/*--------------------------------*- C++ -*----------------------------------*\
| =========                 |                                                 |
| \\      /  F ield         | OpenFOAM: The Open Source CFD Toolbox           |
|  \\    /   O peration     | Version:  dev                                   |
|   \\  /    A nd           | Web:      www.OpenFOAM.org                      |
|    \\/     M anipulation  |                                                 |
\*---------------------------------------------------------------------------*/
FoamFile
{
    version     2.0;
    format      ascii;
    class       faceList;
    location    "constant/polyMesh";
    object      faces;
}
// * * * * * * * * * * * * * * * * * * * * * * * * * * * * * * * * * * * * * //


11970
(
4(227 367 373 261)
4(328 329 373 367)
4(262 261 373 329)
4(227 228 328 367)
4(328 228 262 329)
4(227 261 262 228)
4(365 364 374 369)
3(366 365 369)
4(363 364 365 366)
4(264 369 365 234)
4(374 369 264 263)
4(233 234 365 364)
4(233 263 264 234)
4(365 367 373 369)
4(373 261 264 369)
4(227 367 365 234)
4(227 234 264 261)
3(368 367 373)
4(368 366 365 367)
4(372 266 264 369)
4(265 370 373 261)
4(265 261 264 266)
4(267 266 264 263)
4(368 367 328 331)
4(328 329 330 331)
4(262 268 334 329)
4(265 268 262 261)
6(360 231 227 367 368 377)
5(232 231 360 361 362)
5(227 231 232 233 234)
4(230 336 360 231)
4(229 228 328 332)
4(333 332 328 331)
6(333 335 336 230 229 332)
5(227 228 229 230 231)
4(360 341 235 231)
4(340 236 235 341)
4(232 231 235 236)
4(327 341 235 237)
4(327 237 230 336)
4(235 231 230 237)
4(389 378 388 382)
4(389 244 243 378)
4(243 242 388 378)
4(241 382 388 242)
4(241 244 389 382)
4(241 242 243 244)
5(342 385 238 235 341)
4(238 385 391 239)
4(344 386 391 343)
4(342 343 391 385)
4(240 239 391 386)
5(235 238 239 240 236)
5(327 345 383 249 237)
4(249 383 387 250)
4(345 346 387 383)
4(238 250 387 385)
4(342 385 387 346)
5(249 250 238 235 237)
4(347 381 392 350)
4(392 381 395 379)
4(349 350 392 379)
4(395 348 349 379)
4(245 381 392 248)
4(241 248 392 382)
4(351 382 392 350)
5(221 225 241 382 351)
5(241 225 224 245 248)
4(249 383 394 251)
4(249 253 390 383)
4(252 380 390 253)
4(394 383 390 380)
4(252 251 394 380)
4(249 251 252 253)
4(345 383 394 355)
4(255 337 394 251)
4(322 355 394 337)
4(327 323 254 237)
5(254 323 322 337 255)
5(254 255 251 249 237)
4(389 378 353 354)
4(353 378 388 352)
4(351 352 388 382)
4(351 382 389 354)
4(390 378 243 253)
4(390 383 387 378)
4(243 378 387 250)
4(249 253 243 250)
4(390 378 389 384)
4(256 384 389 244)
4(256 253 390 384)
4(256 244 243 253)
4(353 357 390 378)
4(356 354 389 384)
4(356 384 390 357)
4(353 346 387 378)
4(345 357 390 383)
4(388 378 387 385)
4(238 242 388 385)
4(238 250 243 242)
4(342 385 388 352)
4(247 379 392 248)
4(395 379 247 246)
4(245 246 247 248)
4(392 382 388 379)
4(388 242 247 379)
4(241 248 247 242)
4(388 379 349 352)
4(388 385 391 379)
4(247 379 391 239)
4(238 242 247 239)
4(349 379 391 343)
4(391 379 395 386)
4(240 239 247 246)
5(356 223 226 256 384)
5(241 244 256 226 225)
4(256 384 393 259)
4(356 358 393 384)
4(325 338 393 358)
4(257 259 393 338)
5(324 258 257 338 325)
5(257 258 226 256 259)
4(393 380 390 384)
4(252 380 393 259)
4(256 253 252 259)
4(390 357 359 380)
4(359 358 393 380)
4(359 380 394 355)
4(339 380 252 260)
4(394 380 339 337)
4(255 337 339 260)
4(255 260 252 251)
4(393 380 339 338)
4(359 326 339 380)
4(325 338 339 326)
4(257 260 339 338)
4(257 259 252 260)
4(322 326 339 337)
4(432 435 441 439)
4(441 435 434 436)
4(432 433 434 435)
4(437 436 434 433)
4(441 435 429 440)
4(416 435 441 417)
4(429 435 416 415)
4(414 415 416 417)
4(429 428 432 435)
4(416 435 434 419)
4(418 419 434 436)
4(418 417 416 419)
4(452 459 318 282)
4(452 451 464 459)
4(318 459 464 319)
4(279 451 452 282)
4(279 282 318 319)
4(452 459 463 332)
4(318 316 463 459)
4(229 332 463 316)
4(229 282 452 332)
4(229 316 318 282)
4(458 454 452 459)
4(333 456 463 332)
4(333 332 452 454)
4(455 454 452 451)
4(318 459 462 321)
4(320 319 318 321)
4(317 316 463 461)
4(317 321 318 316)
4(463 329 328 332)
4(463 316 262 329)
4(229 228 262 316)
4(317 316 262 268)
4(455 466 469 451)
4(446 448 469 466)
4(279 451 469 280)
4(281 280 469 448)
6(446 447 336 230 281 448)
6(279 280 281 230 229 282)
4(465 466 469 468)
4(453 468 469 451)
4(443 450 465 468)
4(445 442 443 468)
4(449 450 443 442)
4(443 448 469 468)
4(446 448 443 450)
4(285 284 443 468)
4(283 442 443 284)
4(283 284 285 286)
4(285 468 469 280)
4(279 287 285 280)
4(281 284 443 448)
4(281 280 285 284)
4(432 474 476 435)
4(476 475 434 435)
4(470 433 434 475)
4(422 277 477 475)
4(477 277 278 480)
4(422 475 484 423)
4(422 423 278 277)
4(479 270 269 471)
4(478 472 479 471)
4(269 84 478 471)
4(80 84 269 270)
4(429 430 476 435)
4(416 435 476 424)
4(422 475 434 419)
4(422 424 476 475)
4(422 419 416 424)
4(406 430 476 424)
4(406 424 416 415)
4(479 473 477 471)
4(269 471 477 272)
4(271 270 269 272)
4(479 433 434 471)
4(434 475 477 471)
4(434 471 478 436)
4(426 471 478 427)
4(426 419 434 471)
4(418 419 426 427)
4(269 273 426 471)
4(83 427 426 273)
4(83 273 269 84)
4(477 471 426 277)
4(422 277 426 419)
4(274 277 477 272)
4(274 273 426 277)
4(274 272 269 273)
4(399 483 485 420)
4(485 483 487 482)
4(421 420 485 482)
4(399 420 421 400)
5(254 323 446 448 281)
4(449 483 485 442)
4(289 288 485 420)
4(283 442 485 288)
5(399 323 254 289 420)
6(254 281 284 283 288 289)
4(254 237 230 281)
4(274 275 276 272)
4(274 277 278 275)
4(425 481 476 424)
4(406 405 425 424)
4(422 424 425 423)
4(486 482 485 442)
4(485 482 290 288)
4(289 291 421 420)
4(289 288 290 291)
4(283 292 290 288)
4(488 420 421 497)
4(401 402 488 497)
4(421 400 401 497)
4(399 420 488 402)
4(298 297 304 498)
4(304 303 494 498)
4(494 296 298 498)
4(295 296 494 303)
4(295 297 298 296)
4(295 303 304 297)
4(499 301 305 491)
4(278 301 499 423)
4(422 423 499 491)
4(422 491 305 277)
4(305 301 278 277)
4(499 306 302 301)
4(293 291 499 301)
4(289 306 499 291)
4(289 291 293 294)
4(293 301 302 294)
4(289 294 302 306)
4(309 491 499 306)
4(309 307 305 491)
4(305 307 302 301)
4(309 306 302 307)
4(495 291 499 423)
4(278 301 293 308)
4(490 497 499 491)
4(425 497 490 424)
4(499 497 425 423)
4(422 424 490 491)
4(499 497 488 306)
4(421 497 499 291)
4(289 306 488 420)
4(490 489 488 497)
4(490 497 401 404)
4(403 402 488 489)
4(403 489 490 404)
4(425 405 401 497)
4(425 497 421 496)
4(309 489 488 306)
4(309 491 490 489)
4(406 404 490 424)
4(305 498 492 491)
4(492 498 426 419)
4(426 498 305 277)
4(422 491 492 419)
4(305 307 304 498)
4(298 300 305 498)
4(299 300 298 297)
4(299 307 305 300)
4(299 297 304 307)
4(304 311 492 498)
4(494 498 492 493)
4(310 303 494 493)
4(310 493 492 311)
4(310 311 304 303)
4(426 498 494 427)
4(298 498 426 273)
4(83 427 494 296)
4(83 296 298 273)
4(309 311 492 491)
4(309 307 304 311)
4(418 493 494 427)
4(418 419 492 493)
4(274 273 298 300)
4(274 300 305 277)
5(312 396 418 493 310)
5(295 296 83 82 79)
5(295 79 312 310 303)
4(255 313 505 337)
4(403 407 505 489)
4(322 337 505 407)
4(309 489 505 313)
6(309 313 255 254 289 306)
4(408 500 506 411)
4(408 409 504 500)
4(410 411 506 502)
4(506 500 504 502)
4(504 409 410 502)
4(506 411 412 503)
4(501 500 506 503)
4(412 413 501 503)
4(408 500 501 413)
4(310 314 504 500)
4(325 409 504 338)
4(257 338 504 314)
5(408 397 312 310 500)
5(312 258 257 314 310)
4(315 502 339 260)
4(339 502 505 337)
4(505 502 315 313)
4(255 313 315 260)
4(410 407 505 502)
4(506 502 505 489)
4(403 411 506 489)
4(315 314 504 502)
4(506 311 315 502)
4(310 311 506 500)
4(310 314 315 311)
4(339 502 504 338)
4(410 502 339 326)
4(257 260 315 314)
4(309 489 506 311)
4(309 311 315 313)
4(492 503 490 491)
4(490 503 416 424)
4(416 503 492 419)
4(506 489 490 503)
4(412 503 490 404)
4(492 311 506 503)
4(501 493 492 503)
4(310 493 501 500)
4(412 415 416 503)
4(416 417 501 503)
4(414 413 501 417)
4(418 417 501 493)
4(556 557 632 612)
4(633 630 632 557)
3(632 630 612)
3(556 633 557)
6(92 93 558 617 102 101)
4(558 557 632 617)
4(102 617 632 103)
4(104 103 632 612)
4(105 106 673 555)
4(97 100 673 106)
4(104 612 673 100)
4(556 555 673 612)
6(105 555 556 557 558 93)
4(97 98 99 100)
4(92 101 99 98)
4(102 103 99 101)
4(104 100 99 103)
6(105 93 92 98 97 106)
5(88 560 618 107 91)
4(560 559 620 618)
4(102 108 620 617)
4(107 618 620 108)
4(558 617 620 559)
5(88 93 558 559 560)
4(88 91 92 93)
6(107 108 102 101 92 91)
4(616 615 633 630)
4(632 617 616 630)
4(558 615 616 617)
4(558 557 633 615)
4(616 628 631 630)
4(627 628 616 615)
3(627 615 633)
4(616 630 614 613)
4(614 630 632 103)
4(102 617 616 613)
4(102 613 614 103)
3(613 616 628)
3(104 103 614)
4(563 668 674 564)
3(563 562 668)
3(561 564 674)
4(561 562 563 564)
4(633 557 566 669)
3(566 565 669)
4(556 565 566 557)
6(513 672 568 567 511 512)
5(507 510 511 567 571)
4(568 672 675 569)
4(570 569 675 610)
4(515 610 675 514)
4(513 514 675 672)
6(507 571 570 610 515 508)
5(567 568 569 570 571)
4(507 508 509 510)
4(511 510 509 512)
4(513 512 509 514)
4(515 514 509 508)
4(621 622 623 624)
4(621 625 626 622)
4(560 624 623 559)
4(627 615 623 622)
4(558 559 623 615)
6(621 624 560 567 511 625)
4(627 622 626 629)
4(511 512 626 625)
4(513 629 626 512)
4(558 615 676 572)
4(568 572 676 672)
4(627 629 676 615)
4(513 672 676 629)
6(558 572 568 567 560 559)
4(573 641 653 574)
6(573 89 90 110 112 641)
4(575 574 653 643)
4(112 113 653 641)
4(114 643 653 113)
5(94 89 573 574 575)
5(94 95 96 90 89)
4(90 96 109 110)
4(95 111 109 96)
4(112 110 109 113)
4(114 113 109 111)
4(659 636 653 574)
4(659 640 658 636)
4(658 641 653 636)
4(573 640 659 574)
4(573 641 658 640)
4(560 618 678 576)
4(573 576 678 641)
4(107 115 678 618)
4(112 641 678 115)
5(88 560 576 573 89)
4(88 89 90 91)
6(90 110 112 115 107 91)
4(560 618 660 624)
4(560 624 679 576)
4(679 670 678 576)
4(660 618 678 670)
4(660 670 679 624)
4(621 651 661 622)
4(621 622 662 650)
3(621 650 651)
3(662 622 661)
4(102 613 663 108)
3(102 117 613)
3(116 108 663)
4(102 108 116 117)
4(623 624 660 637)
4(661 622 623 637)
4(660 651 661 637)
4(621 651 660 624)
4(621 625 533 650)
4(626 622 662 535)
4(533 625 626 535)
3(655 644 654)
4(634 645 654 644)
4(634 644 655 638)
3(635 648 639)
4(635 644 654 648)
4(635 639 655 644)
3(656 657 647)
4(635 647 657 639)
4(635 648 656 647)
4(621 650 657 647)
4(621 647 656 651)
4(659 636 666 642)
4(666 636 653 643)
4(575 574 659 642)
4(654 644 659 636)
4(666 645 654 636)
4(634 642 659 644)
4(658 636 654 648)
4(635 644 659 640)
4(635 640 658 648)
4(118 636 658 119)
4(653 636 118 113)
4(112 119 658 641)
4(112 113 118 119)
3(118 654 636)
4(666 120 118 636)
3(648 658 119)
4(114 120 118 113)
4(627 622 661 628)
4(627 619 662 622)
4(620 618 660 637)
4(623 559 620 637)
4(616 637 661 628)
4(623 637 616 615)
4(620 637 663 108)
4(616 613 663 637)
4(616 637 620 617)
4(663 637 660 652)
3(661 637 663)
3(652 660 651)
4(107 618 660 652)
4(107 652 663 108)
6(573 640 635 649 520 577)
5(578 577 520 525 526)
4(634 646 664 644)
4(635 644 664 649)
4(526 525 664 646)
4(520 649 664 525)
5(573 577 578 575 574)
5(567 511 519 520 577)
4(635 649 665 647)
4(621 647 665 625)
4(511 625 665 519)
4(520 519 665 649)
4(573 640 679 576)
4(621 624 679 647)
4(635 647 679 640)
5(567 577 573 576 560)
4(520 577 579 521)
4(507 521 579 571)
4(579 577 567 571)
6(507 510 511 519 520 521)
4(524 580 579 521)
4(579 580 578 577)
5(524 521 520 525 526)
4(664 644 655 530)
4(531 646 664 530)
4(529 530 664 649)
4(635 639 529 649)
4(527 525 664 530)
4(526 525 527 528)
4(531 528 527 530)
4(520 649 529 523)
4(520 523 527 525)
4(527 523 529 530)
4(657 532 665 647)
4(665 532 529 649)
4(665 625 533 532)
4(522 532 665 519)
4(511 625 533 517)
4(511 517 522 519)
4(533 532 522 517)
4(520 519 522 523)
4(522 532 529 523)
4(534 535 626 629)
4(516 512 626 535)
4(511 512 516 517)
4(516 535 533 517)
4(513 518 516 512)
4(534 535 516 518)
4(614 103 124 667)
4(102 117 124 103)
4(104 103 124 125)
4(126 106 673 671)
4(673 555 581 671)
4(105 127 581 555)
4(105 106 126 127)
4(563 668 675 569)
4(675 668 674 672)
4(568 672 674 564)
4(568 564 563 569)
4(611 582 563 668)
4(611 668 675 610)
4(570 582 611 610)
4(570 569 563 582)
3(583 611 582)
4(583 582 563 562)
3(668 675 514)
3(515 610 611)
3(513 674 672)
4(566 669 676 572)
4(633 615 676 669)
4(558 557 566 572)
4(566 564 674 669)
4(561 564 566 565)
4(674 669 676 672)
4(568 572 566 564)
3(629 676 669)
4(658 640 679 670)
4(678 641 658 670)
4(677 115 678 670)
4(660 652 677 670)
4(679 647 656 670)
4(660 670 656 651)
4(658 648 656 670)
4(658 670 677 119)
3(656 677 670)
4(107 121 116 108)
4(122 100 673 671)
4(97 100 122 123)
4(97 123 126 106)
3(612 673 671)
3(104 122 100)
3(556 555 581)
4(600 231 227 537)
5(538 539 229 230 592)
4(538 592 600 537)
4(600 592 230 231)
6(538 537 227 228 229 539)
4(536 537 600 601)
4(600 231 232 601)
5(536 233 234 227 537)
6(538 541 542 686 584 592)
4(584 686 688 682)
4(542 543 688 686)
4(279 280 688 543)
4(281 682 688 280)
5(230 592 584 682 281)
4(538 539 540 541)
4(542 541 540 543)
4(279 543 540 282)
4(229 282 540 539)
4(579 599 548 521)
4(548 599 590 549)
5(507 544 549 590 571)
4(579 571 590 599)
5(507 521 548 549 544)
4(598 550 548 599)
4(600 599 548 537)
4(598 599 600 601)
4(536 537 548 550)
4(598 580 579 599)
4(524 550 548 521)
5(538 592 590 549 547)
4(600 599 590 592)
5(538 547 549 548 537)
6(590 589 687 553 552 549)
4(515 551 691 610)
4(553 687 691 551)
4(589 588 691 687)
4(570 610 691 588)
5(570 588 589 590 571)
4(507 544 545 508)
4(515 508 545 551)
4(549 552 545 544)
4(553 551 545 552)
4(584 585 692 686)
4(542 686 692 554)
4(553 554 692 687)
4(589 687 692 585)
5(584 592 590 589 585)
4(538 541 546 547)
4(549 547 546 552)
4(542 554 546 541)
4(553 552 546 554)
4(680 587 689 683)
4(689 686 688 683)
4(680 683 688 682)
4(584 686 689 587)
4(584 587 680 682)
3(683 680 681)
3(596 587 689)
4(596 681 680 587)
3(543 688 683)
3(542 689 686)
4(680 284 285 683)
4(283 284 680 681)
4(285 280 688 683)
4(281 682 680 284)
3(591 684 597)
4(591 593 690 684)
3(594 690 593)
4(594 593 591 597)
4(611 582 591 684)
4(583 597 591 582)
3(551 691 684)
4(611 684 691 610)
4(690 687 691 684)
3(553 687 690)
4(691 684 591 588)
4(589 593 690 687)
4(589 588 591 593)
4(570 582 591 588)
4(586 685 689 587)
4(692 686 689 685)
4(586 585 692 685)
4(584 585 586 587)
3(586 685 595)
4(596 587 586 595)
3(692 554 685)
4(690 593 586 685)
4(594 595 586 593)
4(692 687 690 685)
4(589 593 586 585)
4(605 294 694 606)
4(694 294 293 693)
4(607 606 694 693)
4(605 606 607 608)
4(605 608 293 294)
4(235 603 600 231)
4(602 601 600 603)
4(602 603 235 236)
4(604 592 230 237)
4(604 603 600 592)
4(604 237 235 603)
5(584 609 254 281 682)
4(289 294 694 288)
4(283 288 694 681)
4(596 681 694 606)
6(605 609 584 587 596 606)
5(605 294 289 254 609)
4(604 592 584 609)
4(604 609 254 237)
4(694 288 290 693)
3(693 694 681)
3(596 607 606)
4(600 603 746 599)
4(746 745 598 599)
4(602 745 746 603)
4(590 599 746 747)
4(746 599 579 723)
4(722 747 746 723)
4(722 571 590 747)
4(722 723 579 571)
4(604 603 746 747)
4(604 747 590 592)
4(724 723 746 745)
4(724 580 579 723)
4(748 749 837 759)
5(185 194 193 818 752)
4(191 759 837 192)
4(193 192 837 818)
4(752 818 837 749)
5(748 759 191 190 187)
5(748 187 185 752 749)
5(190 191 192 193 194)
4(185 187 190 194)
4(605 608 838 805)
4(806 805 838 824)
4(696 695 806 824)
4(838 608 696 824)
4(605 805 806 695)
4(605 695 696 608)
4(605 606 1012 805)
4(1012 606 607 1004)
4(838 805 1012 1004)
4(843 192 196 825)
4(198 825 196 195)
4(843 825 198 197)
4(191 192 843 197)
4(191 195 196 192)
4(191 197 198 195)
4(841 808 807 826)
4(755 754 841 826)
4(807 756 755 826)
4(726 756 807 808)
4(726 754 755 756)
4(726 808 841 754)
4(274 275 840 815)
4(274 815 848 272)
4(840 1005 848 815)
4(837 759 760 827)
4(750 749 837 827)
4(760 751 750 827)
4(748 751 760 759)
4(748 749 750 751)
4(849 200 199 828)
4(199 84 269 828)
4(269 270 849 828)
4(80 84 199 200)
4(295 296 813 801)
4(752 801 813 818)
4(83 201 813 296)
4(193 818 813 201)
5(295 801 752 185 79)
5(193 201 83 82 194)
4(185 194 82 79)
4(839 824 840 830)
4(840 824 814 815)
4(814 824 839 820)
4(821 820 839 830)
4(821 815 814 820)
4(821 830 840 815)
4(839 833 838 824)
4(806 810 839 824)
4(809 833 839 810)
4(809 810 806 805)
4(809 805 838 833)
4(814 824 696 300)
4(806 824 814 811)
4(299 811 814 300)
4(299 695 806 811)
4(299 300 696 695)
3(840 824 838)
4(696 824 840 275)
4(697 608 696 275)
4(822 830 839 833)
4(274 300 814 815)
4(274 275 696 300)
4(803 810 839 820)
4(803 820 814 811)
4(803 811 806 810)
4(844 825 196 203)
4(196 825 845 204)
4(845 825 844 829)
4(202 829 844 203)
4(202 203 196 204)
4(844 825 843 816)
4(193 816 843 192)
4(193 203 844 816)
4(193 192 196 203)
4(845 206 198 825)
4(205 204 196 195)
4(205 195 198 206)
4(843 831 842 825)
4(844 825 842 832)
4(821 831 843 816)
4(821 816 844 832)
4(821 832 842 831)
4(842 208 198 825)
4(845 834 842 825)
4(207 206 198 208)
4(209 197 843 831)
4(209 831 842 208)
4(209 208 198 197)
4(823 832 844 829)
4(846 826 839 830)
4(847 826 846 831)
4(839 826 847 820)
4(821 820 847 831)
4(821 831 846 830)
4(839 826 841 833)
4(807 826 839 810)
4(809 808 807 810)
4(809 833 841 808)
4(846 835 841 826)
4(755 219 846 826)
4(753 219 755 754)
4(755 826 847 757)
4(807 804 847 826)
4(758 757 847 804)
4(758 804 807 756)
4(758 756 755 757)
4(209 831 847 757)
4(209 757 755 219)
4(209 219 846 831)
4(803 804 847 820)
4(803 810 807 804)
4(843 827 837 192)
4(760 827 843 197)
4(191 759 760 197)
4(817 827 837 818)
4(817 816 843 827)
4(193 816 817 818)
4(817 827 750 802)
4(752 818 817 802)
4(752 802 750 749)
4(843 827 847 831)
4(847 827 817 820)
4(821 820 817 816)
4(760 757 847 827)
4(750 827 847 804)
4(758 751 750 804)
4(758 757 760 751)
4(209 197 760 757)
4(803 802 817 820)
4(803 804 750 802)
4(199 828 844 203)
4(844 828 849 829)
4(202 200 199 203)
4(819 201 199 828)
4(819 828 844 816)
4(193 201 819 816)
4(193 203 199 201)
4(819 273 269 828)
4(83 273 819 201)
4(83 201 199 84)
4(844 832 848 828)
4(819 828 848 815)
4(821 816 819 815)
4(821 815 848 832)
4(849 828 848 836)
4(848 828 269 272)
4(274 815 819 273)
4(813 801 812 850)
4(812 297 298 850)
4(298 296 813 850)
4(295 297 812 801)
4(817 802 812 850)
4(817 850 813 818)
4(752 801 812 802)
4(814 811 812 850)
4(817 820 814 850)
4(803 802 812 811)
4(298 850 814 300)
4(299 811 812 297)
4(819 815 814 850)
4(819 850 817 816)
4(819 850 298 273)
4(813 850 819 201)
4(295 801 889 706)
5(78 720 886 761 184)
4(752 762 889 801)
4(720 706 889 886)
4(761 886 889 762)
5(185 184 761 762 752)
5(295 706 720 78 79)
4(78 184 185 79)
4(712 879 887 713)
4(898 715 714 875)
4(887 879 898 875)
4(714 713 887 875)
4(712 713 714 715)
4(708 880 894 711)
4(708 719 888 880)
4(894 880 888 876)
4(888 719 718 876)
4(718 711 894 876)
4(708 711 718 719)
4(812 801 889 877)
4(705 297 812 877)
4(889 706 705 877)
4(295 297 705 706)
4(752 802 896 762)
4(750 779 896 802)
4(778 762 896 779)
4(752 762 778 749)
4(778 779 750 749)
4(708 880 890 709)
4(890 880 894 878)
4(894 711 710 878)
4(710 709 890 878)
4(708 709 710 711)
5(31 176 780 885 716)
4(784 879 887 785)
4(716 885 887 713)
4(780 785 887 885)
5(175 784 785 780 176)
5(712 30 31 716 713)
4(175 176 31 30)
5(708 33 177 782 880)
4(782 781 888 880)
4(716 719 888 885)
4(780 885 888 781)
5(177 176 780 781 782)
5(708 719 716 31 33)
4(31 176 177 33)
4(782 880 890 786)
4(720 886 890 709)
4(761 786 890 886)
5(761 184 177 782 786)
5(708 33 78 720 709)
4(78 33 177 184)
4(856 764 799 855)
4(891 881 799 764)
4(856 873 891 764)
4(869 855 799 881)
4(869 881 891 873)
4(869 873 856 855)
4(856 789 765 764)
4(856 764 763 874)
4(788 874 763 766)
4(788 789 856 874)
4(763 764 765 766)
4(788 766 765 789)
4(891 764 767 781)
4(763 764 891 883)
4(782 883 891 781)
4(782 768 763 883)
4(767 764 763 768)
4(782 781 767 768)
4(790 791 799 855)
4(790 855 856 789)
4(790 789 765 791)
4(799 791 765 764)
4(780 881 799 783)
4(780 781 891 881)
4(780 783 767 781)
4(799 764 767 783)
4(865 873 891 883)
4(865 883 763 874)
4(865 874 856 873)
4(893 875 892 881)
4(852 858 892 875)
4(852 875 893 851)
4(869 881 892 858)
4(869 851 893 881)
4(869 858 852 851)
4(852 875 898 870)
4(714 875 852 699)
4(698 699 852 870)
4(698 715 714 699)
4(892 875 887 785)
4(898 875 892 884)
4(784 884 892 785)
4(893 885 887 875)
4(714 717 893 875)
4(716 885 893 717)
4(716 717 714 713)
4(780 785 892 881)
4(780 881 893 885)
4(857 858 892 884)
4(857 870 852 858)
4(700 717 893 851)
4(700 851 852 699)
4(700 699 714 717)
4(859 855 799 770)
4(799 881 892 770)
4(859 770 892 858)
4(869 855 859 858)
4(859 770 769 793)
4(771 770 859 860)
4(792 860 859 793)
4(769 770 771 772)
4(792 793 769 772)
4(773 770 892 785)
4(892 770 771 884)
4(771 770 773 774)
4(784 774 773 785)
4(790 793 859 855)
4(790 791 769 793)
4(769 791 799 770)
4(780 785 773 783)
4(799 783 773 770)
4(857 858 859 860)
4(891 876 893 881)
4(861 876 891 873)
4(893 876 861 851)
4(869 851 861 873)
4(888 876 891 781)
4(891 876 894 883)
4(782 883 894 880)
4(888 885 893 876)
4(718 876 893 717)
4(716 719 718 717)
4(861 866 894 876)
4(861 876 718 701)
4(702 711 894 866)
4(702 866 861 701)
4(702 701 718 711)
4(865 866 894 883)
4(865 873 861 866)
4(700 701 861 851)
4(700 717 718 701)
4(800 776 862 863)
4(862 776 895 868)
4(895 776 800 882)
4(871 882 800 863)
4(871 868 895 882)
4(871 863 862 868)
4(862 776 775 794)
4(862 874 763 776)
4(788 874 862 794)
4(775 776 763 766)
4(788 794 775 766)
4(895 776 763 883)
4(895 786 777 776)
4(782 786 895 883)
4(763 776 777 768)
4(782 768 777 786)
4(795 863 800 796)
4(795 794 862 863)
4(795 796 775 794)
4(800 776 775 796)
4(865 883 895 868)
4(865 868 862 874)
4(761 787 800 882)
4(761 882 895 786)
4(761 786 777 787)
4(800 787 777 776)
4(812 802 896 877)
4(896 762 889 877)
4(812 811 854 877)
4(854 853 896 877)
4(803 802 896 853)
4(803 853 854 811)
4(854 877 705 704)
4(299 811 854 704)
4(299 704 705 297)
4(897 882 896 877)
4(854 872 897 877)
4(871 853 896 882)
4(871 882 897 872)
4(871 872 854 853)
4(897 877 889 886)
4(705 877 897 721)
4(720 721 897 886)
4(720 706 705 721)
4(761 882 896 762)
4(761 886 897 882)
4(703 872 897 721)
4(703 704 854 872)
4(703 721 705 704)
4(896 853 864 779)
4(864 804 750 779)
4(803 804 864 853)
4(864 779 800 863)
4(800 779 896 882)
4(871 853 864 863)
4(864 798 797 779)
4(758 798 864 804)
4(758 751 797 798)
4(750 779 797 751)
4(795 863 864 798)
4(795 798 797 796)
4(800 796 797 779)
4(761 787 778 762)
4(778 787 800 779)
4(867 868 895 878)
4(895 882 897 878)
4(867 878 897 872)
4(871 868 867 872)
4(894 878 895 883)
4(895 878 890 786)
4(867 878 894 866)
4(867 707 710 878)
4(702 707 867 866)
4(702 711 710 707)
4(890 878 897 886)
4(897 878 710 721)
4(720 721 710 709)
4(865 866 867 868)
4(703 872 867 707)
4(703 707 710 721)
5(857 745 746 869 858)
5(746 603 700 851 869)
5(602 698 699 700 603)
6(899 809 810 803 853 871)
5(703 609 899 871 872)
5(605 805 809 899 609)
6(605 609 703 704 299 695)
5(746 869 855 790 723)
5(724 723 790 793 792)
5(746 747 865 873 869)
5(604 702 866 865 747)
5(604 603 700 701 702)
5(722 747 865 874 788)
5(722 788 789 790 723)
5(899 725 795 863 871)
5(726 725 899 809 808)
6(726 756 758 798 795 725)
5(899 871 868 865 747)
4(604 609 899 747)
5(604 702 707 703 609)
4(722 747 899 725)
5(722 725 795 794 788)
6(594 1010 809 899 589 593)
5(899 609 584 585 589)
4(596 606 1012 595)
4(594 595 1012 1010)
4(809 1010 1012 805)
5(899 725 570 588 589)
4(899 589 590 747)
4(722 571 570 725)
4(726 727 1015 808)
4(583 597 1015 727)
4(594 1010 1015 597)
4(809 808 1015 1010)
6(726 725 570 582 583 727)
4(748 759 940 931)
5(186 934 938 211 210)
4(191 212 940 759)
4(211 938 940 212)
4(934 931 940 938)
5(748 931 934 186 187)
5(190 210 211 212 191)
4(186 210 190 187)
4(211 938 939 172)
4(941 936 939 938)
4(171 172 939 936)
4(941 214 171 936)
4(211 214 941 938)
4(211 172 171 214)
4(760 759 940 937)
4(940 931 930 937)
4(930 751 760 937)
4(748 751 930 931)
4(934 938 939 932)
4(164 163 939 172)
4(153 932 939 163)
5(153 157 186 934 932)
5(153 163 164 165 157)
5(165 164 172 211 210)
4(165 210 186 157)
4(933 936 939 932)
4(933 935 941 936)
4(934 938 941 935)
4(934 935 933 932)
4(939 936 166 163)
4(166 936 171 167)
4(164 163 166 167)
4(164 167 171 172)
4(166 156 933 936)
4(153 932 933 156)
4(153 156 166 163)
4(911 173 171 936)
4(911 936 941 910)
4(215 910 941 214)
4(215 173 911 910)
4(215 214 171 173)
4(166 162 911 936)
4(933 936 911 912)
4(158 156 933 912)
4(158 912 911 162)
4(158 162 166 156)
4(168 162 911 173)
4(168 167 166 162)
4(168 173 171 167)
4(909 935 941 910)
4(909 912 933 935)
4(909 910 911 912)
4(940 937 213 212)
4(213 937 760 197)
4(191 212 213 197)
4(941 938 940 937)
4(213 214 941 937)
4(211 214 213 212)
4(930 937 941 935)
4(934 931 930 935)
4(914 937 213 216)
4(914 910 941 937)
4(215 910 914 216)
4(215 216 213 214)
4(914 757 760 937)
4(914 937 930 913)
4(758 913 930 751)
4(758 757 914 913)
4(209 216 914 757)
4(209 197 213 216)
4(909 935 930 913)
4(909 913 914 910)
4(128 959 983 129)
4(130 129 983 950)
4(982 131 130 950)
4(983 959 982 950)
4(128 131 982 959)
4(128 129 130 131)
4(132 135 978 958)
4(134 133 996 951)
4(978 135 134 951)
4(996 958 978 951)
4(132 133 134 135)
4(128 959 979 136)
4(137 136 979 952)
4(983 129 137 952)
4(979 959 983 952)
4(128 136 137 129)
4(942 960 993 766)
4(942 766 765 961)
4(942 961 980 960)
4(993 960 980 953)
4(765 766 993 953)
4(980 961 765 953)
4(943 964 769 772)
4(943 963 981 964)
4(981 963 997 954)
4(769 964 981 954)
4(997 772 769 954)
4(153 932 986 154)
4(155 154 986 955)
4(933 156 155 955)
4(986 932 933 955)
4(153 154 155 156)
4(942 962 775 766)
4(942 960 987 962)
4(987 960 993 956)
4(993 766 775 956)
4(775 962 987 956)
4(748 965 988 931)
4(930 931 988 957)
4(988 965 797 957)
4(797 751 930 957)
4(748 751 797 965)
4(942 766 763 768)
4(942 768 767 961)
4(765 961 767 764)
4(943 964 773 774)
4(773 964 769 770)
4(942 962 777 768)
4(777 962 775 776)
5(139 138 968 948 178)
5(179 178 948 969 944)
4(138 135 978 968)
4(944 969 978 958)
4(948 968 978 969)
5(132 135 138 139 140)
4(139 178 179 140)
5(183 945 972 948 178)
5(128 959 945 183 141)
4(138 968 979 136)
4(945 959 979 972)
4(948 972 979 968)
5(128 141 139 138 136)
4(139 141 183 178)
5(180 946 976 948 178)
5(942 182 183 945 960)
5(942 961 946 180 182)
4(945 972 980 960)
4(946 961 980 976)
4(948 976 980 972)
4(180 178 183 182)
5(943 181 180 946 964)
4(944 963 981 969)
4(946 976 981 964)
4(948 969 981 976)
4(179 178 180 181)
4(984 950 915 916)
4(915 950 985 928)
4(985 950 984 967)
4(929 967 984 916)
4(929 928 985 967)
4(929 916 915 928)
4(915 950 130 143)
4(915 918 983 950)
4(142 129 983 918)
4(142 918 915 143)
4(142 143 130 129)
4(130 950 984 145)
4(984 950 982 971)
4(144 971 982 131)
4(144 145 984 971)
4(144 131 130 145)
4(985 950 983 973)
4(985 974 982 950)
4(945 959 982 974)
4(945 973 983 959)
4(945 974 985 973)
4(146 916 984 145)
4(146 143 915 916)
4(146 145 130 143)
4(917 918 983 973)
4(917 973 985 928)
4(917 928 915 918)
4(949 974 982 971)
4(949 971 984 967)
4(949 967 985 974)
5(147 144 971 949 189)
5(949 974 945 183 189)
5(128 131 144 147 141)
4(147 189 183 141)
5(186 934 975 949 189)
4(144 971 986 154)
4(934 932 986 975)
4(949 975 986 971)
5(153 157 147 144 154)
4(186 189 147 157)
5(949 977 947 188 189)
5(942 182 188 947 962)
4(945 960 987 974)
4(947 977 987 962)
4(949 974 987 977)
4(183 189 188 182)
5(748 965 947 188 187)
4(934 975 988 931)
4(947 965 988 977)
4(949 977 988 975)
4(186 187 188 189)
5(180 176 780 783 946)
5(942 768 782 177 182)
4(946 783 767 961)
4(177 176 180 182)
4(946 964 773 783)
4(175 181 180 176)
5(761 184 188 947 787)
4(947 962 777 787)
4(188 184 177 182)
4(748 965 778 749)
4(947 787 778 965)
4(185 184 188 187)
4(902 907 989 951)
4(990 951 989 966)
4(902 951 990 901)
4(906 966 989 907)
4(906 901 990 966)
4(906 907 902 901)
4(902 951 134 149)
4(996 951 902 903)
4(148 903 902 149)
4(148 149 134 133)
4(134 951 989 150)
4(989 951 978 968)
4(138 150 989 968)
4(138 135 134 150)
4(990 969 978 951)
4(996 970 990 951)
4(944 969 990 970)
4(151 907 989 150)
4(151 149 902 907)
4(151 150 134 149)
4(948 968 989 966)
4(948 966 990 969)
4(900 970 990 901)
4(900 901 902 903)
4(919 952 989 907)
4(989 952 991 966)
4(991 952 919 920)
4(906 966 991 920)
4(906 920 919 907)
4(137 150 989 952)
4(979 952 989 968)
4(138 150 137 136)
4(919 152 137 952)
4(919 952 983 918)
4(142 152 919 918)
4(142 129 137 152)
4(991 952 979 972)
4(991 973 983 952)
4(945 973 991 972)
4(151 907 919 152)
4(151 152 137 150)
4(948 972 991 966)
4(917 920 991 973)
4(917 918 919 920)
4(991 953 992 966)
4(921 953 991 920)
4(921 908 992 953)
4(906 966 992 908)
4(906 908 921 920)
4(980 953 991 972)
4(993 973 991 953)
4(945 973 993 960)
4(993 953 921 922)
4(921 953 765 789)
4(788 766 993 922)
4(788 922 921 789)
4(992 953 980 976)
4(765 953 992 791)
4(946 791 992 976)
4(946 961 765 791)
4(948 976 992 966)
4(917 922 993 973)
4(917 920 921 922)
4(790 908 992 791)
4(790 789 921 908)
4(990 966 992 954)
4(905 954 992 908)
4(990 954 905 901)
4(906 901 905 908)
4(981 969 990 954)
4(997 954 990 970)
4(981 954 992 976)
4(992 954 769 791)
4(946 791 769 964)
4(905 793 769 954)
4(905 954 997 904)
4(792 793 905 904)
4(790 908 905 793)
4(900 904 905 901)
4(923 955 984 916)
4(984 955 994 967)
4(923 926 994 955)
4(929 967 994 926)
4(929 926 923 916)
4(155 145 984 955)
4(984 971 986 955)
4(144 145 155 154)
4(155 955 923 159)
4(923 955 933 912)
4(158 159 923 912)
4(158 156 155 159)
4(994 955 986 975)
4(933 955 994 935)
4(934 935 994 975)
4(146 916 923 159)
4(146 159 155 145)
4(949 975 994 967)
4(909 926 994 935)
4(909 912 923 926)
4(985 956 925 928)
4(995 956 985 967)
4(925 956 995 924)
4(929 924 995 967)
4(929 928 925 924)
4(985 973 993 956)
4(985 956 987 974)
4(925 956 993 922)
4(775 956 925 794)
4(788 794 925 922)
4(995 977 987 956)
4(775 796 995 956)
4(947 977 995 796)
4(947 796 775 962)
4(917 922 925 928)
4(949 967 995 977)
4(795 796 995 924)
4(795 924 925 794)
4(994 957 995 967)
4(927 924 995 957)
4(927 957 994 926)
4(929 924 927 926)
4(988 957 994 975)
4(994 957 930 935)
4(995 957 988 977)
4(797 957 995 796)
4(947 965 797 796)
4(927 957 797 798)
4(930 957 927 913)
4(758 913 927 798)
4(795 798 927 924)
4(909 926 927 913)
4(946 783 799 791)
4(947 796 800 787)
4(797 965 778 779)
5(728 906 920 917 729)
5(88 729 917 918 142)
5(151 907 906 728 89)
4(88 89 728 729)
5(88 142 152 151 89)
5(722 788 922 917 729)
5(728 906 908 790 723)
4(722 729 728 723)
5(730 929 916 146 93)
5(730 729 917 928 929)
4(88 729 730 93)
5(88 93 146 143 142)
6(909 999 733 730 929 926)
4(733 999 732 731)
4(158 160 732 912)
4(909 912 732 999)
4(105 731 732 160)
5(105 93 730 733 731)
6(105 160 158 159 146 93)
5(730 929 924 795 725)
4(733 734 1001 999)
4(726 756 1001 734)
4(909 999 1001 913)
4(758 913 1001 756)
5(726 734 733 730 725)
4(722 725 730 729)
4(733 739 1003 999)
4(1001 998 1002 734)
4(1001 999 1003 998)
4(1002 998 1003 739)
4(733 734 1002 739)
4(1003 999 732 742)
4(1003 742 740 739)
4(740 742 732 731)
4(733 739 740 731)
4(911 742 732 912)
4(911 162 161 742)
4(732 742 161 160)
4(158 160 161 162)
4(1003 910 911 742)
4(909 910 1003 999)
4(1003 217 174 742)
4(911 742 174 173)
4(215 217 1003 910)
4(215 173 174 217)
4(741 739 1003 217)
4(174 742 740 735)
4(174 169 161 742)
4(168 162 161 169)
4(168 169 174 173)
4(755 756 1001 998)
4(1002 754 755 998)
4(726 754 1002 734)
4(914 998 1001 913)
4(914 910 1003 998)
4(755 757 914 998)
4(1003 998 218 217)
4(914 216 218 998)
4(215 217 218 216)
4(218 998 1002 1000)
4(755 998 218 219)
4(209 216 218 219)
5(728 744 900 901 906)
4(94 744 728 89)
5(94 89 151 149 148)
4(724 723 728 744)
3(1012 595 1004)
4(1012 1010 1011 1004)
3(594 1011 1010)
4(809 1010 1011 833)
4(821 830 1013 832)
4(842 1006 846 831)
4(209 219 220 208)
4(1016 727 1015 1007)
4(1015 808 841 1007)
4(726 727 1016 754)
4(1015 1007 1014 597)
4(583 1009 1016 727)
4(1015 1007 1011 1010)
4(743 727 1016 1008)
4(743 1008 1002 734)
4(726 727 743 734)
4(743 562 1017 1008)
4(583 562 743 727)
4(743 1008 737 738)
4(733 734 743 738)
4(733 738 737 739)
4(561 738 743 562)
4(561 736 737 738)
4(105 127 740 731)
4(105 731 1019 555)
4(581 555 1019 1018)
4(740 1018 1019 731)
4(161 127 740 742)
4(105 127 161 160)
5(558 93 730 568 572)
6(730 733 738 561 564 568)
4(556 565 1019 555)
4(561 738 1019 565)
4(733 731 1019 738)
4(170 169 161 127)
4(567 729 730 568)
4(88 729 567 560)
5(730 568 569 570 725)
4(722 571 567 729)
4(578 744 728 577)
4(728 89 573 577)
4(579 723 728 577)
4(567 577 728 729)
3(1019 1018 565)
4(737 738 1019 1018)
4(302 695 696 301)
4(696 608 293 301)
4(605 695 302 294)
4(696 301 305 300)
4(299 307 302 695)
4(696 275 278 301)
5(700 603 235 238 1028)
4(238 239 1032 1028)
4(698 699 1032 1029)
4(240 1029 1032 239)
4(700 1028 1032 699)
4(1034 1020 247 248)
4(1043 1020 1034 1024)
4(1043 246 247 1020)
4(245 1024 1034 248)
5(604 237 249 1027 702)
4(702 1027 1035 701)
4(249 250 1035 1027)
4(238 1028 1035 250)
4(700 701 1035 1028)
4(241 242 1033 1025)
4(243 244 1036 1021)
4(1036 1025 1033 1021)
4(243 1021 1033 242)
4(241 1025 1036 244)
5(254 609 703 1030 255)
4(255 1030 1038 313)
4(299 307 1038 704)
4(309 313 1038 307)
4(703 704 1038 1030)
4(295 303 1039 706)
4(304 297 705 1022)
4(1039 303 304 1022)
4(705 706 1039 1022)
4(702 707 1042 1027)
4(249 1027 1042 251)
4(255 251 1042 1030)
4(703 1030 1042 707)
4(708 1026 1037 711)
4(708 709 1040 1026)
4(710 711 1037 1023)
4(1037 1026 1040 1023)
4(1040 709 710 1023)
4(1034 1020 1033 1025)
4(1033 1020 247 242)
4(241 248 1034 1025)
4(1034 713 714 1020)
4(714 715 1043 1020)
4(712 713 1034 1024)
4(714 1020 1033 717)
4(716 717 1033 1025)
4(716 1025 1034 713)
4(1032 1020 247 239)
4(1033 1020 1032 1028)
4(238 242 1033 1028)
4(1043 1020 1032 1029)
4(714 699 1032 1020)
4(700 1028 1033 717)
4(1037 711 718 1021)
4(1036 1026 1037 1021)
4(718 719 1036 1021)
4(708 1026 1036 719)
4(1037 1027 1035 1021)
4(718 1021 1035 701)
4(702 1027 1037 711)
4(1037 253 243 1021)
4(243 250 1035 1021)
4(249 253 1037 1027)
4(256 244 1036 1026)
4(256 1026 1037 253)
4(1033 1021 718 717)
4(716 719 1036 1025)
4(1035 1021 1033 1028)
5(31 225 241 1025 716)
5(708 1026 256 226 33)
5(78 720 1031 257 258)
4(256 259 1040 1026)
4(720 709 1040 1031)
4(257 1031 1040 259)
4(310 303 1039 314)
4(720 1031 1039 706)
4(257 314 1039 1031)
4(1041 1022 315 260)
4(315 1022 1038 313)
4(1038 1022 1041 1030)
4(255 1030 1041 260)
4(304 307 1038 1022)
4(705 1022 1038 704)
4(1039 314 315 1022)
4(304 1022 315 311)
4(1041 1031 1039 1022)
4(705 721 1041 1022)
4(720 1031 1041 721)
4(257 260 1041 1031)
4(703 721 1041 1030)
4(1037 1023 1042 1027)
4(1042 1023 710 707)
4(252 253 1037 1023)
4(252 1023 1042 251)
4(1040 1023 252 259)
4(1041 260 252 1023)
4(1041 1023 1042 1030)
4(1040 1031 1041 1023)
4(710 1023 1041 721)
7(1216 1236 1210 1237 1196 1195 1250)
6(1196 1237 1210 1235 1215 1193)
6(1192 1193 1215 1396 1212 1393)
4(1192 1393 1399 1392)
5(1192 1392 1195 1196 1193)
4(1210 1236 1398 1235)
4(1212 1396 1398 1247)
4(1215 1235 1398 1396)
4(1216 1247 1398 1236)
4(1195 1392 1399 1250)
4(1212 1247 1399 1393)
4(1216 1250 1399 1247)
4(1289 1231 1286 1222)
4(1286 1200 1199 1222)
4(1199 1198 1289 1222)
4(1197 1198 1199 1200)
4(1201 1204 1274 1233)
4(1210 1238 1269 1236)
4(1214 1256 1269 1257)
4(1216 1236 1269 1256)
4(1217 1257 1269 1238)
4(1210 1237 1271 1238)
4(1202 1259 1271 1203)
4(1196 1203 1271 1237)
4(1217 1238 1271 1259)
4(1195 1250 1274 1204)
4(1214 1233 1274 1256)
4(1216 1256 1274 1250)
6(1201 1202 1203 1196 1195 1204)
5(1194 1213 1252 1215 1193)
4(1210 1235 1266 1239)
4(1213 1253 1266 1252)
4(1215 1252 1266 1235)
4(1218 1239 1266 1253)
4(1210 1239 1272 1237)
4(1206 1205 1272 1260)
4(1196 1237 1272 1205)
4(1218 1260 1272 1239)
5(1194 1193 1196 1205 1206)
5(1215 1240 1123 1122 1193)
4(1192 1390 1402 1393)
5(1192 1193 1122 1127 1390)
4(1123 1240 1401 1124)
4(1212 1248 1401 1396)
4(1215 1396 1401 1240)
4(1125 1124 1401 1248)
4(1127 1126 1402 1390)
4(1212 1393 1402 1248)
4(1125 1248 1402 1126)
6(1122 1123 1124 1125 1126 1127)
4(1123 1129 1276 1240)
4(1213 1252 1276 1254)
4(1215 1240 1276 1252)
4(1128 1254 1276 1129)
4(1194 1130 1122 1193)
5(1128 1129 1123 1122 1130)
4(1192 1393 1403 1391)
4(1192 1391 1404 1392)
4(1399 1392 1404 1386)
4(1403 1393 1399 1386)
4(1208 1204 1274 1226)
4(1274 1233 1291 1226)
4(1201 1204 1208 1209)
4(1192 1390 1406 1391)
4(1406 1390 1402 1387)
4(1402 1393 1403 1387)
4(1118 1121 1407 1133)
4(1134 1133 1407 1136)
4(1118 1119 1120 1121)
4(1118 1133 1134 1119)
4(1120 1119 1134 1136)
4(1262 1219 1263 1238)
4(1263 1219 1261 1239)
4(1210 1239 1261 1234)
4(1210 1234 1262 1238)
4(1210 1238 1263 1239)
4(1284 1245 1263 1219)
4(1285 1219 1263 1246)
4(1211 1246 1263 1245)
4(1217 1238 1262 1244)
4(1217 1245 1263 1238)
4(1218 1243 1261 1239)
4(1218 1239 1263 1246)
4(1125 1242 1264 1143)
4(1125 1135 1140 1242)
4(1140 1135 1141 1142)
4(1125 1143 1141 1135)
4(1266 1220 1265 1235)
4(1261 1220 1266 1239)
4(1210 1235 1265 1234)
4(1267 1220 1266 1252)
4(1288 1253 1266 1220)
4(1213 1229 1267 1252)
4(1215 1252 1267 1251)
4(1215 1251 1265 1235)
4(1269 1236 1268 1221)
4(1269 1221 1262 1238)
4(1210 1234 1268 1236)
4(1270 1256 1269 1221)
4(1287 1221 1269 1257)
4(1214 1256 1270 1230)
4(1216 1255 1270 1256)
4(1216 1236 1268 1255)
4(1272 1237 1271 1222)
4(1263 1222 1271 1238)
4(1272 1222 1263 1239)
4(1286 1222 1263 1245)
4(1289 1246 1263 1222)
4(1199 1222 1271 1203)
4(1286 1259 1271 1222)
4(1202 1200 1199 1203)
4(1199 1205 1272 1222)
4(1289 1222 1272 1260)
4(1206 1205 1199 1198)
4(1196 1203 1199 1205)
4(1276 1240 1275 1223)
4(1276 1223 1137 1129)
4(1123 1138 1275 1240)
4(1123 1129 1137 1138)
4(1276 1223 1267 1252)
4(1292 1223 1276 1254)
4(1215 1240 1275 1251)
4(1128 1139 1137 1129)
4(1281 1256 1270 1224)
4(1214 1256 1281 1258)
4(1216 1255 1280 1241)
4(1216 1241 1281 1256)
4(1278 1225 1273 1247)
4(1212 1232 1282 1249)
4(1212 1247 1273 1232)
4(1212 1249 1278 1247)
4(1216 1255 1273 1247)
4(1216 1247 1278 1241)
4(1274 1226 1279 1250)
4(1195 1207 1208 1204)
4(1195 1250 1279 1207)
4(1274 1256 1281 1226)
4(1216 1241 1279 1250)
4(1277 1227 1283 1248)
4(1212 1232 1277 1248)
4(1212 1248 1283 1249)
4(1125 1248 1277 1143)
4(1125 1242 1283 1248)
4(1293 1317 1356 1318)
4(1356 1317 1374 1307)
4(1375 1318 1356 1307)
4(1374 1319 1375 1307)
4(1156 1314 1359 1157)
4(1158 1157 1359 1308)
4(1359 1314 1377 1308)
4(1377 1159 1158 1308)
4(1156 1157 1158 1159)
4(1294 1322 1361 1321)
4(1294 1321 1354 1323)
4(1361 1309 1354 1321)
4(1376 1309 1361 1322)
4(1376 1323 1354 1309)
4(1145 1316 1166 1146)
7(1145 1150 1315 1295 1326 1298 1316)
4(1150 1149 1358 1315)
4(1295 1315 1358 1327)
4(1148 1155 1358 1149)
4(1154 1327 1358 1155)
4(1295 1327 1360 1326)
4(1298 1326 1360 1167)
4(1154 1153 1360 1327)
4(1152 1167 1360 1153)
4(1298 1167 1166 1316)
6(1145 1146 1147 1148 1149 1150)
4(1147 1146 1166 1151)
4(1152 1151 1166 1167)
4(1145 1316 1363 1170)
4(1363 1316 1166 1172)
4(1145 1170 1171 1146)
4(1166 1146 1171 1172)
4(1378 1317 1356 1310)
4(1356 1318 1379 1310)
4(1379 1320 1378 1310)
6(1196 1342 1301 1304 1348 1195)
5(1182 1301 1342 1196 1193)
5(1304 1301 1182 1183 1397)
4(1192 1392 1408 1394)
5(1192 1394 1183 1182 1193)
4(1195 1348 1408 1392)
4(1183 1394 1408 1397)
4(1304 1397 1408 1348)
4(1380 1340 1383 1311)
4(1199 1200 1380 1311)
4(1383 1198 1199 1311)
5(1306 1344 1301 1182 1181)
6(1295 1315 1150 1182 1301 1328)
4(1150 1315 1359 1157)
4(1295 1325 1359 1315)
4(1296 1314 1359 1325)
4(1295 1328 1365 1325)
4(1296 1325 1365 1330)
4(1301 1344 1365 1328)
4(1306 1330 1365 1344)
5(1156 1181 1182 1150 1157)
6(1305 1303 1351 1304 1301 1343)
7(1295 1328 1301 1304 1335 1298 1326)
4(1295 1326 1361 1321)
4(1297 1322 1361 1333)
4(1298 1333 1361 1326)
4(1294 1324 1366 1321)
4(1295 1321 1366 1328)
4(1301 1328 1366 1343)
4(1305 1343 1366 1324)
4(1297 1333 1369 1334)
4(1298 1335 1369 1333)
4(1303 1334 1369 1351)
4(1304 1351 1369 1335)
4(1201 1341 1370 1204)
4(1301 1343 1367 1342)
4(1202 1203 1367 1349)
4(1196 1342 1367 1203)
4(1305 1349 1367 1343)
4(1195 1204 1370 1348)
4(1303 1351 1370 1341)
4(1304 1348 1370 1351)
4(1194 1193 1182 1181)
4(1301 1342 1368 1344)
4(1206 1350 1368 1205)
4(1196 1205 1368 1342)
4(1306 1344 1368 1350)
4(1145 1175 1409 1316)
4(1298 1316 1409 1335)
4(1183 1397 1409 1175)
4(1304 1335 1409 1397)
5(1145 1150 1182 1183 1175)
4(1192 1391 1411 1394)
4(1404 1392 1408 1388)
4(1408 1394 1411 1388)
4(1370 1204 1208 1313)
4(1381 1341 1370 1313)
4(1409 1316 1363 1389)
4(1176 1175 1409 1389)
4(1145 1175 1176 1170)
4(1356 1321 1354 1307)
4(1374 1307 1354 1323)
4(1294 1321 1356 1317)
4(1356 1325 1353 1307)
4(1353 1327 1354 1307)
4(1295 1327 1353 1325)
4(1295 1321 1354 1327)
4(1295 1325 1356 1321)
4(1375 1329 1353 1307)
4(1296 1325 1353 1329)
4(1296 1318 1356 1325)
4(1354 1307 1355 1161)
4(1355 1307 1353 1337)
4(1154 1337 1353 1327)
4(1154 1327 1354 1161)
4(1374 1338 1355 1307)
4(1375 1307 1355 1339)
4(1160 1161 1354 1323)
4(1300 1329 1353 1337)
4(1359 1308 1358 1315)
4(1358 1308 1158 1149)
4(1150 1149 1158 1157)
4(1359 1308 1353 1325)
4(1358 1327 1353 1308)
4(1377 1308 1353 1329)
4(1357 1308 1158 1184)
4(1358 1308 1357 1155)
4(1148 1184 1158 1149)
4(1377 1336 1357 1308)
4(1185 1159 1158 1184)
4(1353 1308 1357 1337)
4(1361 1309 1360 1326)
4(1354 1327 1360 1309)
4(1361 1333 1186 1309)
4(1186 1187 1376 1309)
4(1297 1187 1186 1333)
4(1186 1309 1360 1167)
4(1298 1333 1186 1167)
4(1360 1309 1162 1153)
4(1162 1309 1354 1161)
4(1186 1165 1162 1309)
4(1376 1309 1162 1164)
4(1163 1165 1186 1187)
4(1152 1167 1186 1165)
4(1186 1333 1362 1169)
4(1297 1332 1362 1333)
4(1188 1187 1186 1169)
4(1298 1331 1168 1167)
4(1298 1333 1362 1331)
4(1168 1169 1186 1167)
4(1298 1331 1363 1316)
4(1166 1172 1168 1167)
4(1366 1321 1356 1310)
4(1378 1324 1366 1310)
4(1365 1325 1356 1310)
4(1366 1328 1365 1310)
4(1379 1310 1365 1330)
4(1364 1310 1366 1343)
4(1365 1310 1364 1344)
4(1301 1344 1364 1343)
4(1378 1310 1364 1346)
4(1379 1347 1364 1310)
4(1302 1346 1364 1347)
4(1305 1343 1364 1346)
4(1306 1347 1364 1344)
4(1182 1193 1122 1173)
4(1122 1127 1177 1173)
7(1192 1394 1183 1180 1177 1127 1390)
5(1177 1180 1183 1182 1173)
4(1122 1130 1174 1173)
4(1102 1132 1122 1173)
4(1102 1173 1174 1101)
4(1131 1130 1122 1132)
4(1131 1132 1102 1101)
4(1174 1173 1182 1181)
6(1118 1133 1127 1177 1189 1109)
5(1102 1109 1189 1177 1173)
5(1118 1132 1122 1127 1133)
4(1118 1109 1102 1132)
4(1178 1177 1127 1395)
4(1127 1390 1406 1395)
4(1183 1191 1411 1394)
4(1183 1180 1179 1191)
4(1177 1178 1179 1180)
4(1127 1395 1407 1133)
4(1109 1116 1190 1189)
4(1177 1189 1190 1178)
4(1118 1121 1116 1109)
4(1368 1311 1367 1342)
4(1367 1311 1364 1343)
4(1364 1311 1368 1344)
4(1380 1346 1364 1311)
4(1383 1311 1364 1347)
4(1199 1203 1367 1311)
4(1380 1311 1367 1349)
4(1199 1311 1368 1205)
4(1383 1350 1368 1311)
4(1362 1333 1369 1312)
4(1369 1334 1382 1312)
4(1373 1335 1369 1312)
4(1298 1335 1373 1331)
4(1372 1312 1369 1351)
4(1303 1352 1372 1351)
4(1304 1351 1372 1345)
4(1304 1345 1373 1335)
4(1371 1313 1370 1348)
4(1195 1207 1371 1348)
4(1370 1313 1372 1351)
4(1304 1348 1371 1345)
4(1265 1384 1398 1235)
4(1268 1236 1398 1384)
4(1398 1384 1400 1396)
4(1273 1384 1398 1247)
4(1212 1396 1400 1232)
4(1215 1251 1400 1396)
4(1275 1240 1401 1385)
4(1144 1385 1401 1124)
4(1123 1138 1144 1124)
4(1400 1385 1401 1396)
4(1401 1385 1277 1248)
4(1125 1124 1144 1143)
4(1279 1386 1399 1250)
4(1195 1392 1404 1207)
4(1278 1247 1399 1386)
4(1212 1249 1403 1393)
4(1405 1126 1402 1387)
4(1127 1126 1405 1395)
4(1283 1387 1402 1248)
4(1125 1242 1405 1126)
4(1405 1136 1134 1126)
4(1127 1126 1134 1133)
4(1125 1135 1134 1126)
4(1140 1136 1134 1135)
4(1371 1348 1408 1388)
4(1410 1388 1408 1397)
4(1183 1191 1410 1397)
4(1304 1397 1410 1345)
4(1373 1389 1409 1335)
4(1409 1389 1410 1397)
4(1183 1191 1176 1175)
4(1435 1428 1427 1430)
4(1416 1415 1435 1430)
4(1427 1417 1416 1430)
4(1414 1417 1427 1428)
4(1414 1415 1416 1417)
4(1048 1431 1434 1049)
4(1421 1429 1434 1422)
4(1413 1422 1434 1431)
4(1044 1049 1434 1429)
6(1420 1425 1045 1044 1429 1421)
6(1420 1421 1422 1413 1412 1423)
4(1420 1423 1424 1425)
4(1045 1425 1424 1046)
4(1412 1426 1424 1423)
4(1047 1046 1424 1426)
6(1044 1045 1046 1047 1048 1049)
4(1434 1430 1433 1431)
4(1433 1430 1051 1050)
4(1051 1430 1434 1049)
4(1048 1050 1051 1049)
4(1435 1054 1051 1430)
4(1427 1430 1051 1053)
4(1052 1428 1427 1053)
4(1052 1053 1051 1054)
4(1416 1418 1433 1430)
4(1435 1430 1433 1432)
4(1419 1418 1416 1415)
4(1416 1430 1434 1422)
4(1427 1429 1434 1430)
4(1421 1429 1427 1417)
4(1421 1417 1416 1422)
4(1413 1422 1416 1418)
4(1055 1054 1051 1050)
4(1044 1053 1427 1429)
4(1044 1049 1051 1053)
5(1044 1061 1107 1421 1429)
5(1414 1417 1421 1107 1108)
4(1062 1108 1107 1061)
5(1062 1061 1044 1053 1052)
5(1420 1557 1106 1107 1421)
4(1420 1425 1561 1557)
4(1045 1060 1561 1425)
4(1106 1557 1561 1111)
4(1059 1111 1561 1060)
5(1107 1106 1111 1059 1061)
5(1059 1060 1045 1044 1061)
4(1436 1437 1518 1480)
4(1436 1479 1522 1437)
4(1522 1479 1548 1470)
4(1518 1437 1522 1470)
4(1548 1480 1518 1470)
4(1438 1437 1518 1471)
4(1518 1480 1549 1471)
4(1549 1439 1438 1471)
4(1436 1437 1438 1439)
4(1440 1441 1526 1492)
4(1529 1492 1526 1472)
4(1526 1441 1454 1472)
4(1440 1492 1529 1453)
4(1440 1453 1454 1441)
6(1459 1486 1463 1462 1491 1460)
6(1440 1492 1461 1466 1487 1445)
4(1460 1491 1530 1489)
4(1459 1484 1519 1486)
4(1445 1487 1519 1484)
4(1463 1486 1519 1501)
4(1466 1501 1519 1487)
4(1440 1489 1530 1492)
4(1461 1492 1530 1495)
4(1462 1495 1530 1491)
6(1440 1445 1484 1459 1460 1489)
4(1458 1481 1521 1483)
4(1533 1473 1521 1481)
4(1550 1473 1533 1482)
4(1550 1483 1521 1473)
4(1458 1482 1533 1481)
4(1145 1146 1534 1488)
4(1459 1486 1532 1485)
4(1150 1485 1532 1149)
4(1148 1149 1532 1493)
4(1463 1493 1532 1486)
4(1460 1488 1534 1491)
4(1462 1491 1534 1498)
4(1147 1498 1534 1146)
6(1145 1488 1460 1459 1485 1150)
6(1443 1442 1512 1467 1464 1506)
4(1445 1444 1523 1487)
4(1464 1503 1523 1506)
4(1466 1487 1523 1503)
4(1443 1506 1523 1444)
4(1461 1497 1526 1492)
4(1442 1441 1526 1512)
4(1467 1512 1526 1497)
6(1440 1441 1442 1443 1444 1445)
4(1449 1448 1551 1474)
4(1551 1415 1416 1474)
4(1416 1417 1449 1474)
4(1414 1448 1449 1417)
4(1420 1447 1537 1423)
4(1464 1506 1536 1504)
4(1421 1422 1536 1446)
4(1413 1504 1536 1422)
4(1443 1446 1536 1506)
4(1442 1512 1537 1447)
4(1412 1423 1537 1513)
4(1467 1513 1537 1512)
6(1420 1421 1446 1443 1442 1447)
4(1420 1450 1539 1423)
4(1452 1447 1537 1475)
4(1537 1423 1539 1475)
4(1420 1447 1452 1450)
4(1424 1425 1451 1476)
4(1539 1423 1424 1476)
4(1420 1450 1451 1425)
4(1546 1477 1530 1489)
4(1544 1491 1530 1477)
4(1460 1491 1544 1490)
4(1460 1490 1546 1489)
4(1145 1170 1547 1488)
4(1534 1488 1547 1478)
4(1171 1146 1534 1478)
4(1458 1479 1522 1481)
4(1459 1481 1522 1484)
4(1445 1484 1522 1437)
5(1174 1458 1481 1459 1173)
5(1459 1484 1445 1102 1173)
5(1436 1101 1102 1445 1437)
4(1145 1175 1562 1488)
4(1547 1488 1562 1552)
4(1562 1175 1176 1552)
4(1522 1481 1521 1470)
4(1548 1470 1521 1483)
4(1522 1484 1519 1470)
4(1519 1486 1521 1470)
4(1459 1481 1521 1486)
4(1519 1470 1518 1487)
4(1445 1487 1518 1437)
4(1520 1470 1519 1501)
4(1521 1470 1520 1502)
4(1463 1486 1521 1502)
4(1520 1508 1518 1470)
4(1548 1509 1520 1470)
4(1465 1480 1518 1508)
4(1466 1508 1518 1487)
4(1468 1502 1521 1483)
4(1523 1487 1518 1471)
4(1438 1444 1523 1471)
4(1445 1444 1438 1437)
4(1523 1471 1524 1503)
4(1524 1471 1525 1505)
4(1525 1471 1523 1506)
4(1464 1505 1525 1506)
4(1524 1471 1518 1508)
4(1549 1471 1524 1510)
4(1549 1511 1525 1471)
4(1438 1471 1525 1455)
4(1456 1455 1525 1511)
4(1456 1439 1438 1455)
4(1469 1511 1525 1505)
4(1443 1506 1525 1455)
4(1443 1455 1438 1444)
4(1527 1497 1526 1472)
4(1461 1496 1529 1492)
4(1528 1472 1526 1512)
4(1442 1457 1528 1512)
4(1442 1441 1454 1457)
4(1467 1512 1528 1507)
4(1533 1473 1532 1485)
4(1521 1486 1532 1473)
4(1459 1481 1533 1485)
4(1533 1157 1158 1473)
4(1158 1159 1550 1473)
4(1156 1157 1533 1482)
4(1158 1473 1532 1149)
4(1150 1485 1533 1157)
4(1158 1473 1531 1184)
4(1532 1493 1531 1473)
4(1550 1473 1531 1494)
4(1531 1473 1521 1502)
4(1536 1504 1535 1474)
4(1525 1474 1535 1505)
4(1536 1474 1525 1506)
4(1551 1474 1525 1511)
4(1449 1455 1525 1474)
4(1456 1455 1449 1448)
4(1416 1474 1535 1418)
4(1551 1515 1535 1474)
4(1416 1422 1536 1474)
4(1449 1474 1536 1446)
4(1421 1417 1449 1446)
4(1443 1446 1449 1455)
4(1528 1512 1537 1475)
4(1442 1457 1452 1447)
4(1538 1475 1537 1513)
4(1412 1423 1539 1514)
4(1057 1476 1424 1046)
4(1045 1425 1451 1056)
4(1045 1056 1057 1046)
4(1424 1476 1540 1426)
4(1047 1046 1057 1058)
4(1542 1165 1186 1169)
4(1152 1167 1168 1516)
4(1541 1172 1166 1151)
4(1147 1146 1171 1500)
4(1530 1492 1529 1477)
4(1440 1489 1546 1453)
4(1545 1477 1530 1495)
4(1462 1499 1544 1491)
4(1534 1491 1544 1478)
4(1460 1488 1547 1490)
4(1534 1498 1543 1478)
5(1182 1150 1485 1459 1173)
5(1459 1173 1177 1560 1460)
4(1460 1560 1562 1488)
4(1183 1175 1562 1180)
4(1177 1180 1562 1560)
5(1440 1445 1102 1109 1558)
4(1440 1558 1564 1489)
4(1109 1189 1564 1558)
4(1460 1489 1564 1560)
4(1177 1560 1564 1189)
5(1443 1455 1456 1100 1103)
5(1102 1445 1444 1443 1103)
4(1100 1101 1102 1103)
5(1107 1103 1443 1446 1421)
4(1100 1103 1107 1108)
5(1104 1559 1442 1443 1103)
4(1440 1441 1566 1558)
4(1442 1559 1566 1441)
4(1109 1558 1566 1110)
4(1104 1110 1566 1559)
5(1102 1109 1110 1104 1103)
4(1420 1557 1567 1447)
4(1106 1105 1567 1557)
4(1442 1447 1567 1559)
4(1104 1559 1567 1105)
5(1104 1105 1106 1107 1103)
4(1420 1557 1569 1450)
4(1569 1557 1567 1555)
4(1567 1447 1452 1555)
4(1451 1425 1561 1556)
4(1561 1557 1569 1556)
4(1563 1560 1562 1552)
4(1460 1560 1563 1490)
4(1179 1552 1562 1180)
4(1177 1178 1563 1560)
4(1565 1558 1564 1553)
4(1564 1489 1546 1553)
4(1440 1558 1565 1453)
4(1190 1189 1564 1553)
4(1109 1116 1565 1558)
4(1563 1553 1564 1560)
4(1454 1441 1566 1554)
4(1566 1558 1565 1554)
4(1568 1559 1566 1554)
4(1442 1559 1568 1457)
4(1117 1554 1566 1110)
4(1109 1116 1117 1110)
4(1104 1113 1568 1559)
4(1104 1110 1117 1113)
4(1114 1105 1567 1555)
4(1106 1115 1569 1557)
4(1106 1105 1114 1115)
4(1567 1559 1568 1555)
4(1104 1113 1114 1105)
4(1561 1556 1063 1060)
4(1045 1060 1063 1056)
4(1112 1556 1561 1111)
4(1106 1115 1112 1111)
4(1059 1111 1112 1064)
4(1059 1064 1063 1060)
5(1596 1598 1619 1601 1583)
6(1602 1677 1598 1596 1595 1676)
6(1582 1583 1601 1678 1599 1672)
4(1582 1672 1680 1670)
5(1582 1670 1595 1596 1583)
4(1598 1677 1679 1619)
4(1599 1678 1679 1627)
4(1601 1619 1679 1678)
4(1602 1627 1679 1677)
4(1595 1670 1680 1676)
4(1599 1627 1680 1672)
4(1602 1676 1680 1627)
4(1587 1621 1682 1673)
4(1587 1591 1635 1621)
4(1587 1673 1683 1591)
4(1683 1673 1682 1662)
4(1635 1662 1682 1621)
5(1603 1620 1598 1596 1597)
5(1587 1132 1596 1598 1621)
4(1598 1620 1636 1621)
4(1589 1588 1636 1626)
4(1603 1626 1636 1620)
4(1587 1621 1636 1588)
5(1131 1132 1587 1588 1589)
4(1131 1597 1596 1132)
5(1584 1600 1630 1601 1583)
4(1598 1619 1639 1620)
4(1600 1631 1639 1630)
4(1601 1630 1639 1619)
4(1603 1620 1639 1631)
4(1584 1583 1596 1597)
4(1118 1674 1685 1119)
6(1118 1119 1590 1673 1587 1132)
5(1118 1132 1596 1595 1674)
4(1590 1633 1682 1673)
4(1598 1621 1682 1677)
4(1602 1677 1682 1633)
4(1590 1119 1685 1633)
4(1595 1676 1685 1674)
4(1602 1633 1685 1676)
5(1604 1068 1067 1573 1623)
4(1573 1574 1637 1623)
4(1086 1625 1637 1087)
4(1088 1087 1637 1574)
4(1604 1623 1637 1625)
5(1088 1574 1573 1067 1066)
5(1065 1086 1087 1088 1066)
4(1065 1066 1067 1068)
5(1601 1622 1573 1067 1583)
4(1582 1669 1687 1672)
5(1582 1583 1067 1069 1669)
4(1573 1622 1686 1575)
4(1599 1628 1686 1678)
4(1601 1678 1686 1622)
4(1576 1575 1686 1628)
4(1069 1577 1687 1669)
4(1599 1672 1687 1628)
4(1576 1628 1687 1577)
6(1067 1573 1575 1576 1577 1069)
4(1573 1623 1644 1622)
4(1600 1630 1644 1632)
4(1601 1622 1644 1630)
4(1604 1632 1644 1623)
4(1584 1068 1067 1583)
4(1582 1672 1689 1671)
4(1582 1671 1690 1670)
4(1680 1670 1690 1665)
4(1689 1672 1680 1665)
4(1118 1674 1691 1121)
4(1685 1119 1120 1666)
4(1691 1674 1685 1666)
4(1582 1669 1692 1671)
4(1692 1669 1687 1667)
4(1687 1672 1689 1667)
4(1636 1605 1634 1620)
4(1635 1605 1636 1621)
4(1598 1620 1634 1612)
4(1598 1612 1635 1621)
4(1652 1605 1636 1626)
4(1586 1588 1636 1605)
4(1589 1588 1586 1585)
4(1603 1613 1634 1620)
4(1587 1591 1586 1588)
4(1637 1606 1572 1574)
4(1638 1606 1637 1623)
4(1573 1571 1638 1623)
4(1573 1574 1572 1571)
4(1637 1087 1090 1606)
4(1653 1625 1637 1606)
4(1086 1089 1090 1087)
4(1088 1091 1572 1574)
4(1088 1087 1090 1091)
4(1604 1623 1638 1614)
4(1640 1619 1639 1607)
4(1634 1607 1639 1620)
4(1598 1619 1640 1612)
4(1641 1607 1639 1630)
4(1654 1631 1639 1607)
4(1600 1618 1641 1630)
4(1601 1630 1641 1617)
4(1601 1617 1640 1619)
4(1645 1608 1644 1622)
4(1644 1608 1638 1623)
4(1573 1571 1645 1622)
4(1644 1608 1641 1630)
4(1655 1608 1644 1632)
4(1601 1622 1645 1617)
4(1649 1633 1642 1609)
4(1590 1594 1593 1592)
4(1590 1592 1642 1633)
4(1590 1633 1649 1594)
4(1602 1615 1648 1624)
4(1602 1633 1642 1615)
4(1602 1624 1649 1633)
4(1647 1610 1643 1627)
4(1599 1616 1650 1629)
4(1599 1627 1643 1616)
4(1599 1629 1647 1627)
4(1602 1615 1643 1627)
4(1602 1627 1647 1624)
4(1646 1611 1651 1628)
4(1599 1616 1646 1628)
4(1599 1628 1651 1629)
4(1576 1628 1646 1581)
4(1576 1578 1651 1628)
4(1576 1581 1580 1578)
4(1587 1673 1693 1657)
4(1587 1657 1659 1591)
4(1693 1673 1683 1668)
4(1693 1668 1659 1657)
5(1587 1657 1123 1122 1132)
4(1123 1657 1660 1129)
4(1589 1658 1660 1588)
4(1128 1129 1660 1658)
4(1587 1588 1660 1657)
4(1590 1673 1693 1135)
4(1123 1124 1693 1657)
4(1125 1135 1693 1124)
4(1590 1135 1134 1119)
4(1137 1656 1660 1129)
4(1660 1656 1659 1657)
4(1123 1657 1659 1138)
4(1661 1658 1660 1656)
4(1586 1656 1660 1588)
4(1590 1135 1141 1592)
4(1590 1594 1140 1135)
4(1596 1583 1107 1103)
4(1104 1595 1596 1103)
6(1582 1670 1595 1104 1105 1106)
4(1582 1106 1107 1583)
4(1100 1597 1596 1103)
4(1102 1103 1596 1132)
4(1584 1583 1107 1108)
6(1118 1109 1110 1104 1595 1674)
4(1104 1113 1675 1595)
4(1582 1671 1115 1106)
4(1595 1675 1690 1670)
4(1595 1674 1691 1675)
7(1582 1669 1069 1070 1059 1111 1106)
4(1069 1669 1692 1072)
4(1059 1070 1071 1064)
4(1069 1072 1071 1070)
4(1067 1061 1107 1583)
5(1059 1061 1067 1069 1070)
4(1062 1068 1067 1061)
4(1642 1633 1682 1662)
4(1590 1592 1683 1673)
4(1682 1677 1681 1662)
4(1598 1612 1681 1677)
4(1602 1677 1681 1615)
4(1640 1663 1679 1619)
4(1679 1663 1681 1677)
4(1679 1663 1684 1678)
4(1643 1663 1679 1627)
4(1599 1678 1684 1616)
4(1601 1617 1684 1678)
4(1645 1622 1686 1664)
4(1570 1664 1686 1575)
4(1573 1571 1570 1575)
4(1684 1664 1686 1678)
4(1686 1664 1646 1628)
4(1576 1575 1570 1581)
4(1688 1665 1680 1676)
4(1595 1675 1688 1676)
4(1647 1627 1680 1665)
4(1599 1629 1689 1672)
4(1602 1676 1688 1624)
4(1649 1666 1685 1633)
4(1590 1119 1120 1594)
4(1685 1666 1688 1676)
4(1579 1577 1687 1667)
4(1069 1577 1579 1072)
4(1651 1667 1687 1628)
4(1576 1578 1579 1577)
4(1693 1135 1141 1668)
4(1693 1668 1144 1124)
4(1094 1695 1700 1096)
4(1094 1098 1696 1695)
4(1700 1695 1696 1698)
4(1097 1096 1700 1698)
4(1094 1096 1097 1098)
4(1573 1575 1700 1574)
4(1576 1695 1700 1575)
4(1088 1574 1700 1096)
4(1073 1092 1701 1074)
4(1094 1695 1701 1092)
4(1069 1074 1701 1577)
4(1576 1577 1701 1695)
6(1073 1066 1088 1096 1094 1092)
5(1073 1074 1069 1067 1066)
4(1697 1694 1696 1695)
4(1094 1095 1697 1695)
4(1094 1098 1099 1095)
4(1576 1581 1696 1695)
4(1576 1695 1697 1578)
4(1570 1575 1700 1698)
4(1700 1574 1572 1698)
4(1088 1091 1097 1096)
4(1093 1092 1701 1699)
4(1701 1074 1076 1699)
4(1073 1092 1093 1075)
4(1073 1075 1076 1074)
4(1697 1695 1701 1699)
4(1094 1095 1093 1092)
4(1579 1699 1701 1577)
4(1069 1074 1076 1072)
4(1707 1092 1093 1703)
4(1081 1080 1707 1703)
4(1073 1092 1707 1080)
4(1073 1080 1081 1075)
4(1708 1082 1078 1702)
4(509 510 1708 1702)
4(507 1082 1708 510)
4(1078 508 509 1702)
4(507 508 1078 1082)
4(1707 1711 1706 1703)
4(1094 1711 1707 1092)
4(1094 1095 1706 1711)
4(1707 1703 1704 1712)
4(1083 1712 1704 1079)
4(1083 1080 1707 1712)
4(1083 1079 1081 1080)
4(1709 1710 1704 1712)
4(1709 1712 1707 1711)
4(1709 1711 1706 1710)
4(516 1702 1704 1710)
4(516 518 1705 1702)
3(518 516 1710)
3(1704 1702 1705)
4(1708 1712 1704 1702)
4(1083 1712 1708 1082)
4(1078 1702 1704 1079)
4(1083 1082 1078 1079)
4(1708 1702 516 517)
4(516 1702 509 512)
4(511 510 1708 517)
4(1709 517 1708 1712)
4(1709 1710 516 517)
4(1705 1702 509 514)
5(1084 1066 1088 1721 1713)
6(1709 1712 1083 1084 1713 1722)
4(1713 1721 1730 1722)
4(1094 1711 1730 1096)
4(1088 1096 1730 1721)
4(1709 1722 1730 1711)
5(1073 1066 1084 1083 1080)
5(1714 1723 1713 1084 1085)
4(1713 1723 1726 1721)
4(1086 1087 1726 1724)
4(1088 1721 1726 1087)
4(1714 1724 1726 1723)
4(1065 1085 1084 1066)
5(1084 1713 523 520 521)
4(1713 1722 522 523)
4(1709 517 522 1722)
5(507 1082 1083 1084 521)
4(1713 523 527 1723)
4(1714 1723 527 528)
4(524 521 1084 1085)
4(1725 1715 1726 1721)
4(1726 1715 1727 1723)
4(1713 1719 1725 1721)
4(1713 1723 1727 1719)
4(1726 1715 1090 1087)
4(1732 1715 1726 1724)
4(1088 1721 1725 1091)
4(1714 1718 1727 1723)
4(1706 1711 1728 1716)
4(1094 1098 1728 1711)
4(1709 1711 1728 1720)
4(1709 1720 1729 1710)
4(1730 1717 1725 1721)
4(1731 1717 1730 1722)
4(1713 1719 1731 1722)
4(1730 1096 1097 1717)
4(1730 1717 1728 1711)
4(1709 1722 1731 1720)
4(1727 530 527 1723)
4(1713 523 529 1719)
4(1731 1722 522 532)
4(1709 517 533 1720)
4(516 1710 1729 535)
4(1078 1077 1705 1702)
4(515 1077 1078 508)
3(1079 1078 1077)
4(1733 1773 1789 1736)
4(1789 1773 1804 1768)
4(1751 1736 1789 1768)
4(1804 1752 1751 1768)
4(1733 1736 1751 1752)
4(1805 1773 1789 1769)
4(1789 1736 1735 1769)
4(1735 1734 1805 1769)
4(1733 1734 1735 1736)
4(1737 1774 1798 1753)
4(1737 1833 1836 1774)
4(1737 1753 1837 1833)
4(1836 1833 1837 1829)
4(1837 1753 1798 1829)
4(1836 1829 1798 1774)
6(1755 1776 265 261 227 537)
4(265 1776 1792 266)
4(1758 1783 1792 1759)
4(267 266 1792 1783)
4(1755 1759 1792 1776)
5(536 1758 1759 1755 537)
4(538 1757 1799 539)
4(229 539 1799 316)
4(1754 1788 1799 1757)
4(317 316 1799 1788)
6(538 537 1755 1834 1754 1757)
4(1754 1834 1835 1788)
4(1755 1776 1835 1834)
4(265 268 1835 1776)
4(317 1788 1835 268)
4(1737 1774 1801 1742)
4(1801 1774 1798 1770)
4(1798 1753 1761 1770)
4(1737 1742 1761 1753)
4(540 541 1760 1771)
4(1799 539 540 1771)
4(1760 1757 1799 1771)
4(538 1757 1760 541)
4(1737 1740 1803 1774)
4(1048 1049 1795 1778)
4(1738 1782 1795 1739)
4(1767 1778 1795 1782)
4(1044 1739 1795 1049)
4(1766 1774 1803 1787)
4(1045 1046 1803 1740)
4(1047 1787 1803 1046)
7(1737 1833 1738 1739 1044 1045 1740)
4(1738 1833 1836 1782)
4(1766 1785 1836 1774)
4(1767 1782 1836 1785)
4(1803 1774 1801 1772)
4(1741 1740 1803 1772)
4(1737 1740 1741 1742)
4(1791 1768 1790 1775)
4(1790 1768 1792 266)
4(1792 1768 1791 1776)
4(265 1776 1791 1775)
4(1790 1768 1789 1779)
4(1804 1768 1790 1780)
4(1765 1779 1789 1773)
4(1791 1782 1789 1768)
4(1751 1756 1791 1768)
4(1738 1736 1789 1782)
4(1738 1756 1751 1736)
4(1738 1782 1791 1756)
4(1804 1783 1792 1768)
4(1751 1768 1792 1759)
4(1758 1752 1751 1759)
4(1767 1782 1789 1779)
4(1767 1775 1791 1782)
4(1755 1759 1751 1756)
4(1755 1756 1791 1776)
4(1794 1769 1795 1778)
4(1051 1769 1794 1050)
4(1795 1769 1051 1049)
4(1794 1779 1789 1769)
4(1805 1781 1794 1769)
4(1795 1769 1789 1782)
4(1735 1769 1795 1739)
4(1738 1736 1735 1739)
4(1805 1769 1051 1054)
4(1735 1053 1051 1769)
4(1052 1053 1735 1734)
4(1044 1739 1735 1053)
4(1793 1784 1798 1770)
4(1766 1786 1801 1774)
4(1766 1774 1798 1784)
4(1800 1770 1798 1788)
4(1754 1764 1800 1788)
4(1754 1753 1761 1764)
4(1754 1788 1798 1753)
4(317 1788 1800 321)
4(317 1784 1798 1788)
4(540 543 1802 1771)
4(1760 1771 1802 1763)
4(542 541 1760 1763)
4(540 282 318 1771)
4(318 319 1802 1771)
4(318 1771 1799 316)
4(1800 1771 318 321)
4(1802 1771 1800 1777)
4(1799 1771 1800 1788)
4(1800 1771 1760 1764)
4(1754 1764 1760 1757)
4(1762 1763 1760 1764)
4(1796 1772 1803 1787)
4(1057 1046 1803 1772)
4(1045 1056 1741 1740)
4(1073 1745 1818 1080)
4(1743 1066 1084 1807)
5(1743 1807 1806 1814 1749)
5(1084 1083 1815 1806 1807)
4(1749 1814 1818 1745)
4(1083 1080 1818 1815)
4(1806 1815 1818 1814)
5(1073 1066 1743 1749 1745)
4(1746 1745 1818 1808)
4(1818 1080 1081 1808)
4(1073 1745 1746 1075)
4(1737 1748 1819 1753)
4(1819 1748 1747 1809)
4(1761 1753 1819 1809)
4(1737 1742 1747 1748)
4(507 544 1820 1082)
4(1078 1082 1820 1810)
4(545 508 1078 1810)
4(1820 544 545 1810)
4(538 1757 1821 547)
4(1821 1757 1760 1811)
4(546 547 1821 1811)
4(1760 541 546 1811)
4(1828 1807 1743 1744)
4(1828 1085 1084 1807)
4(1065 1744 1743 1066)
5(1743 1807 1755 1756 1738)
6(1806 1816 1754 1834 1755 1807)
4(1749 1748 1819 1814)
4(1754 1816 1819 1753)
4(1806 1814 1819 1816)
6(1737 1748 1749 1743 1738 1833)
4(1738 1756 1837 1833)
4(1754 1753 1837 1834)
4(1755 1834 1837 1756)
5(1755 1759 1758 1828 1807)
5(1733 1736 1738 1743 1744)
4(1084 521 548 1807)
5(548 549 1817 1806 1807)
4(1083 1815 1820 1082)
4(549 544 1820 1817)
4(1806 1817 1820 1815)
4(1828 1807 548 550)
4(548 1807 1755 537)
4(1754 1757 1821 1816)
4(549 1817 1821 547)
4(1806 1816 1821 1817)
4(1822 1814 1818 1808)
4(1749 1814 1822 1750)
4(1749 1750 1746 1745)
4(1823 1808 1818 1815)
4(1083 1079 1823 1815)
4(1806 1812 1822 1814)
4(1806 1815 1823 1812)
4(1819 1814 1822 1809)
4(1749 1748 1747 1750)
4(1824 1816 1819 1809)
4(1754 1816 1824 1764)
4(1806 1812 1824 1816)
3(1825 1810 1823)
4(1823 1810 1826 1812)
4(1826 1810 1825 1813)
3(1812 1826 1813)
4(1823 1810 1078 1079)
4(1820 1810 1823 1815)
4(1825 1077 1078 1810)
4(1825 1810 545 551)
4(1826 1810 1820 1817)
4(1826 552 545 1810)
4(549 552 1826 1817)
4(1806 1817 1826 1812)
4(553 1813 1826 552)
4(1824 1812 1826 1811)
4(1826 1813 1827 1811)
3(1824 1811 1827)
4(1821 1816 1824 1811)
4(1760 1811 1824 1764)
4(1821 1811 1826 1817)
4(1826 1811 546 552)
4(546 1811 1827 554)
4(1827 1811 1760 1763)
4(1059 1832 1838 1070)
4(1743 1061 1067 1066)
5(1743 1749 1832 1059 1061)
4(1073 1074 1838 1745)
4(1749 1745 1838 1832)
4(1069 1070 1838 1074)
4(1839 1832 1838 1830)
4(1071 1830 1838 1070)
4(1059 1832 1839 1064)
4(1743 1061 1062 1744)
5(1044 1061 1743 1738 1739)
4(1045 1740 1840 1060)
4(1059 1060 1840 1832)
4(1737 1748 1840 1740)
4(1749 1832 1840 1748)
4(1837 1829 1791 1756)
4(1836 1782 1791 1829)
4(1837 1834 1835 1829)
4(1835 1788 1798 1829)
4(1835 1829 1791 1776)
4(1797 268 1835 1829)
4(1791 1775 1797 1829)
4(1798 1784 1797 1829)
4(1797 1785 1836 1829)
4(1838 1745 1746 1830)
4(1076 1074 1838 1830)
4(1749 1750 1839 1832)
4(1063 1831 1840 1060)
4(1840 1831 1741 1740)
4(1839 1831 1840 1832)
4(1747 1748 1840 1831)
4(2432 2431 2462 2467)
4(2468 2433 2432 2467)
4(2430 2433 2468 2461)
4(2462 2461 2468 2467)
4(2430 2461 2462 2431)
4(2430 2431 2432 2433)
4(2464 2467 2432 2446)
4(2462 2467 2464 2463)
4(2445 2431 2462 2463)
4(2445 2463 2464 2446)
4(2445 2446 2432 2431)
4(2256 2433 2436 2257)
4(2256 2259 2435 2433)
4(2436 2434 2258 2257)
4(2258 2434 2435 2259)
4(2435 2434 2436 2433)
4(2256 2257 2258 2259)
4(2256 2433 2468 2265)
4(2436 2398 2468 2433)
4(2268 2398 2436 2257)
4(2468 2398 2268 2265)
4(2256 2265 2268 2257)
4(2256 2261 2432 2433)
4(2432 2261 2260 2437)
4(2435 2437 2260 2259)
4(2432 2437 2435 2433)
4(2256 2259 2260 2261)
4(2264 2467 2432 2261)
4(2264 2263 2464 2467)
4(2262 2446 2464 2263)
4(2262 2261 2432 2446)
4(2262 2263 2264 2261)
4(2264 2467 2468 2265)
4(2256 2261 2264 2265)
4(2266 2257 2436 2439)
4(2266 2439 2438 2267)
4(2438 2439 2436 2434)
4(2438 2434 2258 2267)
4(2266 2267 2258 2257)
4(2393 2394 2436 2398)
4(2468 2461 2393 2398)
4(2430 2394 2393 2461)
4(2430 2433 2436 2394)
4(2397 2439 2436 2398)
4(2391 2439 2397 2392)
4(2391 2394 2436 2439)
4(2393 2392 2397 2398)
4(2391 2392 2393 2394)
4(2266 2269 2397 2439)
4(2397 2269 2268 2398)
4(2266 2257 2268 2269)
4(2399 2307 2468 2398)
4(2300 2265 2468 2307)
4(2300 2307 2399 2301)
4(2268 2301 2399 2398)
4(2300 2301 2268 2265)
4(2464 2297 2296 2467)
4(2296 2295 2462 2467)
4(2294 2297 2464 2463)
4(2294 2463 2462 2295)
4(2294 2295 2296 2297)
4(2306 2299 2298 2466)
4(2465 2295 2296 2307)
4(2465 2307 2306 2466)
4(2465 2466 2298 2295)
4(2298 2299 2296 2295)
4(2296 2299 2306 2307)
4(2302 2466 2306 2303)
4(2302 2305 2298 2466)
4(2302 2303 2304 2305)
4(2304 2299 2298 2305)
4(2304 2303 2306 2299)
4(2465 2307 2468 2461)
4(2465 2400 2399 2307)
4(2465 2461 2393 2400)
4(2393 2398 2399 2400)
4(2296 2271 2264 2467)
4(2468 2307 2296 2467)
4(2300 2271 2296 2307)
4(2300 2265 2264 2271)
4(2270 2263 2464 2297)
4(2270 2271 2264 2263)
4(2270 2297 2296 2271)
4(2465 2295 2462 2461)
4(2306 2403 2399 2307)
4(2404 2403 2306 2466)
4(2465 2400 2404 2466)
4(2399 2403 2404 2400)
4(2310 2308 2306 2403)
4(2399 2301 2310 2403)
4(2300 2307 2306 2308)
4(2300 2308 2310 2301)
4(2306 2403 2402 2303)
4(2309 2303 2402 2311)
4(2310 2311 2402 2403)
4(2309 2308 2306 2303)
4(2309 2311 2310 2308)
4(2302 2466 2404 2401)
4(2302 2401 2402 2303)
4(2402 2401 2404 2403)
4(2266 2439 2395 2272)
4(2438 2396 2395 2439)
4(2438 2267 2273 2396)
4(2273 2272 2395 2396)
4(2266 2272 2273 2267)
4(2397 2406 2395 2439)
4(2391 2439 2395 2407)
4(2397 2392 2405 2406)
4(2395 2406 2405 2407)
4(2391 2407 2405 2392)
4(2274 2269 2397 2406)
4(2274 2406 2395 2272)
4(2266 2269 2274 2272)
4(2469 2503 2448 2447)
4(2445 2463 2469 2447)
4(2445 2449 2501 2463)
4(2448 2503 2501 2449)
4(2501 2503 2469 2463)
4(2445 2447 2448 2449)
4(2046 2447 2469 2472)
4(2500 2503 2448 2045)
4(2500 2472 2469 2503)
4(2046 2045 2448 2447)
4(2473 2442 2441 2470)
4(2471 2470 2441 2049)
4(2440 2442 2473 2474)
4(2473 2470 2471 2474)
4(2440 2049 2441 2442)
4(2462 2431 2441 2470)
4(2430 2461 2473 2442)
4(2473 2461 2462 2470)
4(2430 2442 2441 2431)
4(2441 2470 2469 2447)
4(2469 2470 2462 2463)
4(2445 2431 2441 2447)
4(2471 2470 2469 2472)
4(2046 2447 2441 2049)
4(2464 2446 2450 2502)
4(2501 2502 2450 2449)
4(2464 2502 2501 2463)
4(2445 2449 2450 2446)
4(2464 2263 2276 2502)
4(2450 2502 2276 2275)
4(2262 2446 2450 2275)
4(2262 2275 2276 2263)
4(2473 2410 2409 2442)
4(2411 2410 2473 2474)
4(2440 2442 2409 2412)
4(2409 2410 2411 2412)
4(2473 2410 2393 2461)
4(2430 2394 2409 2442)
4(2409 2394 2393 2410)
5(2506 2507 2535 2322 2321)
5(2509 2510 2320 2324 2534)
4(2324 2323 2538 2534)
4(2507 2508 2538 2535)
4(2322 2535 2538 2323)
4(2509 2534 2538 2508)
5(2320 2321 2322 2323 2324)
5(1841 2507 2535 2322 1846)
4(2322 2321 1845 1846)
4(2454 2457 2504 2532)
4(2504 2505 2541 2532)
4(2541 2505 2456 2455)
4(2454 2532 2541 2455)
4(2504 2457 2456 2505)
4(2454 2455 2456 2457)
5(2451 2325 2326 2533 2452)
5(2515 2516 2537 2326 2325)
4(2452 2533 2542 2453)
4(2516 2517 2542 2537)
4(2326 2537 2542 2533)
4(2032 2453 2542 2517)
5(2451 2452 2453 2032 2034)
4(2452 2460 2540 2533)
4(2278 2327 2540 2279)
4(2326 2533 2540 2327)
4(2280 2279 2540 2460)
5(2451 2281 2280 2460 2452)
5(2277 2278 2279 2280 2281)
5(2277 2325 2326 2327 2278)
4(2511 2531 2543 2514)
4(2511 2512 2544 2531)
4(2544 2512 2513 2527)
4(2543 2531 2544 2527)
4(2513 2514 2543 2527)
4(2483 2488 2539 2522)
4(2521 2522 2539 2528)
4(2539 2488 2487 2528)
4(2487 2484 2521 2528)
4(2483 2484 2487 2488)
4(2324 2534 2546 2334)
4(2516 2537 2546 2518)
4(2326 2334 2546 2537)
4(2509 2518 2546 2534)
5(2320 2324 2334 2326 2325)
4(2511 2531 2547 2520)
4(2547 2531 2543 2529)
4(2519 2520 2547 2529)
4(2543 2514 2519 2529)
4(2511 2531 2548 2524)
4(2548 2531 2547 2530)
4(2523 2524 2548 2530)
4(2547 2520 2523 2530)
4(2500 2512 2544 2503)
4(2544 2531 2548 2503)
4(2548 2524 2500 2503)
4(2454 2449 2501 2532)
4(2504 2532 2501 2502)
4(2450 2457 2504 2502)
4(2454 2457 2450 2449)
4(2340 2489 2487 2341)
4(2338 2341 2487 2488)
4(2487 2489 2490 2488)
4(2338 2488 2490 2339)
4(2490 2489 2340 2339)
4(2338 2339 2340 2341)
4(2493 2536 2487 2489)
4(2526 2484 2487 2536)
4(2526 2536 2493 2486)
4(2477 2489 2487 2484)
4(2477 2486 2493 2489)
4(2342 2536 2487 2341)
4(2342 2343 2493 2536)
4(2493 2343 2340 2489)
4(2342 2341 2340 2343)
4(2507 2535 2539 2522)
4(2338 2488 2539 2344)
4(2322 2344 2539 2535)
5(2483 2488 2338 1847 1843)
5(1847 2338 2344 2322 1846)
4(2504 2505 2330 2329)
4(2330 2505 2541 2331)
4(2328 2331 2541 2532)
4(2328 2532 2504 2329)
4(2328 2329 2330 2331)
4(2330 2286 2285 2505)
4(2283 2329 2504 2284)
4(2285 2284 2504 2505)
4(2283 2284 2285 2286)
4(2283 2286 2330 2329)
4(2541 2505 2540 2533)
4(2540 2505 2456 2460)
4(2452 2455 2541 2533)
4(2452 2460 2456 2455)
4(2330 2327 2540 2505)
4(2285 2505 2540 2279)
4(2278 2286 2285 2279)
4(2278 2327 2330 2286)
4(2326 2533 2541 2331)
4(2326 2331 2330 2327)
4(2285 2505 2456 2287)
4(2280 2287 2456 2460)
4(2280 2279 2285 2287)
4(2458 2527 2544 2459)
4(2513 2527 2458 2040)
4(2038 2459 2544 2512)
4(2038 2040 2458 2459)
4(2544 2532 2541 2527)
4(2541 2455 2458 2527)
4(2454 2532 2544 2459)
4(2454 2459 2458 2455)
4(2541 2527 2543 2331)
4(2328 2331 2543 2531)
4(2328 2531 2544 2532)
4(2541 2533 2542 2527)
4(2542 2453 2458 2527)
4(2452 2455 2458 2453)
4(2543 2527 2542 2537)
4(2542 2527 2513 2517)
4(2516 2514 2543 2537)
4(2326 2537 2543 2331)
4(2032 2453 2458 2040)
4(2545 2346 2345 2528)
4(2538 2528 2345 2323)
4(2545 2528 2538 2534)
4(2324 2346 2545 2534)
4(2324 2323 2345 2346)
4(2538 2535 2539 2528)
4(2521 2508 2538 2528)
4(2345 2341 2487 2528)
4(2345 2528 2539 2344)
4(2338 2341 2345 2344)
4(2545 2528 2487 2536)
4(2521 2528 2545 2525)
4(2526 2525 2545 2536)
4(2342 2536 2545 2346)
4(2342 2346 2345 2341)
4(2322 2344 2345 2323)
4(2509 2534 2545 2525)
4(2543 2529 2332 2331)
4(2332 2529 2547 2333)
4(2328 2333 2547 2531)
4(2328 2331 2332 2333)
4(2332 2529 2546 2334)
4(2545 2529 2332 2346)
4(2546 2529 2545 2534)
4(2324 2346 2332 2334)
4(2547 2529 2545 2536)
4(2545 2529 2519 2525)
4(2526 2520 2547 2536)
4(2543 2537 2546 2529)
4(2519 2529 2546 2518)
4(2326 2334 2332 2331)
4(2342 2536 2547 2333)
4(2342 2333 2332 2346)
4(2335 2530 2548 2336)
4(2547 2530 2335 2333)
4(2328 2336 2548 2531)
4(2328 2333 2335 2336)
4(2548 2492 2491 2530)
4(2335 2530 2491 2312)
4(2294 2492 2548 2336)
4(2294 2312 2491 2492)
4(2294 2336 2335 2312)
4(2491 2530 2523 2481)
4(2479 2524 2548 2492)
4(2479 2492 2491 2481)
4(2493 2343 2335 2530)
4(2493 2530 2491 2494)
4(2313 2343 2493 2494)
4(2313 2494 2491 2312)
4(2313 2312 2335 2343)
4(2493 2530 2547 2536)
4(2523 2530 2493 2486)
4(2342 2343 2335 2333)
4(2485 2494 2493 2486)
4(2485 2481 2491 2494)
4(2544 2503 2448 2459)
4(2038 2459 2448 2045)
4(2501 2532 2544 2503)
4(2454 2449 2448 2459)
4(2501 2336 2548 2503)
4(2328 2336 2501 2532)
4(2469 2492 2548 2503)
4(2294 2463 2501 2336)
4(2294 2492 2469 2463)
4(2479 2472 2469 2492)
4(2337 2336 2501 2502)
4(2337 2502 2504 2329)
4(2328 2336 2337 2329)
4(2464 2502 2337 2297)
4(2294 2297 2337 2336)
4(2276 2502 2337 2282)
4(2270 2263 2276 2282)
4(2270 2282 2337 2297)
4(2504 2284 2276 2502)
4(2283 2282 2276 2284)
4(2283 2329 2337 2282)
4(2288 2284 2504 2457)
4(2288 2457 2456 2287)
4(2288 2287 2285 2284)
4(2288 2275 2450 2457)
4(2288 2284 2276 2275)
4(2057 2550 2417 2056)
4(2549 2550 2057 2053)
4(2417 2408 2054 2056)
4(2054 2053 2057 2056)
4(2440 2058 2057 2550)
4(2440 2412 2055 2058)
4(2055 2412 2417 2056)
4(2055 2056 2057 2058)
4(2047 2550 2057 2051)
4(2050 2048 2047 2051)
4(2050 2051 2057 2053)
4(2440 2058 2052 2049)
4(2052 2051 2047 2049)
4(2057 2051 2052 2058)
4(2483 2478 2490 2488)
4(2490 2478 2477 2489)
4(2495 2496 2558 2553)
4(2558 2421 2420 2553)
4(2420 2414 2495 2553)
4(2413 2421 2558 2496)
4(2413 2414 2420 2421)
4(2294 2295 2559 2492)
4(2559 2554 2491 2492)
4(2559 2295 2298 2554)
4(2298 2312 2491 2554)
4(2294 2312 2298 2295)
4(2475 2478 2490 2555)
4(2319 2555 2490 2339)
5(1844 2475 2555 2319 1849)
5(1847 1849 2319 2339 2338)
4(2559 2492 2469 2470)
4(2462 2295 2559 2470)
4(2556 2314 2340 2489)
4(2556 2489 2493 2494)
4(2313 2314 2556 2494)
4(2313 2343 2340 2314)
4(2490 2555 2556 2489)
4(2477 2489 2556 2476)
4(2475 2476 2556 2555)
4(2319 2555 2556 2314)
4(2319 2314 2340 2339)
4(2485 2494 2556 2476)
4(2315 2314 2556 2553)
4(2315 2553 2557 2305)
4(2557 2553 2556 2494)
4(2313 2305 2557 2494)
4(2313 2314 2315 2305)
4(2558 2553 2556 2555)
4(2556 2553 2495 2476)
4(2475 2496 2558 2555)
4(2558 2318 2315 2553)
4(2420 2553 2315 2317)
4(2316 2318 2558 2421)
4(2316 2421 2420 2317)
4(2316 2317 2315 2318)
4(2420 2422 2557 2553)
4(2495 2553 2557 2499)
4(2415 2499 2557 2422)
4(2415 2422 2420 2414)
4(2319 2555 2558 2318)
4(2319 2318 2315 2314)
4(2302 2422 2557 2305)
4(2302 2317 2420 2422)
4(2302 2305 2315 2317)
4(2485 2494 2557 2499)
4(2559 2554 2482 2480)
4(2482 2554 2491 2481)
4(2479 2492 2559 2480)
4(2552 2554 2559 2551)
4(2552 2466 2298 2554)
4(2465 2551 2559 2295)
4(2465 2466 2552 2551)
4(2482 2498 2552 2554)
4(2497 2480 2559 2551)
4(2497 2551 2552 2498)
4(2557 2554 2298 2305)
4(2491 2554 2557 2494)
4(2313 2305 2298 2312)
4(2552 2554 2557 2422)
4(2482 2499 2557 2554)
4(2415 2498 2552 2422)
4(2302 2422 2552 2466)
5(2413 2421 2316 1850 1848)
5(1850 2316 2318 2319 1849)
4(2471 2470 2559 2480)
4(2559 2470 2473 2551)
4(2465 2551 2473 2461)
4(2497 2474 2473 2551)
4(2424 2551 2552 2425)
4(2552 2498 2419 2425)
4(2497 2551 2424 2418)
4(2419 2418 2424 2425)
4(2552 2425 2404 2466)
4(2465 2400 2424 2551)
4(2424 2400 2404 2425)
4(2552 2422 2423 2425)
4(2415 2416 2423 2422)
4(2419 2425 2423 2416)
4(2302 2422 2423 2401)
4(2404 2401 2423 2425)
4(2473 2551 2424 2410)
4(2424 2418 2411 2410)
4(2393 2400 2424 2410)
5(2074 2073 2451 2452 2566)
4(2452 2453 2568 2566)
4(2060 2075 2568 2061)
4(2032 2061 2568 2453)
4(2074 2566 2568 2075)
5(2059 2060 2061 2032 2034)
5(2059 2073 2074 2075 2060)
4(2038 2065 2570 2459)
4(2570 2561 2458 2459)
4(2066 2561 2570 2065)
4(2066 2040 2458 2561)
4(2038 2040 2066 2065)
4(2452 2566 2571 2460)
4(2080 2289 2571 2081)
4(2280 2460 2571 2289)
4(2074 2081 2571 2566)
5(2079 2281 2280 2289 2080)
5(2079 2080 2081 2074 2073)
4(2454 2565 2572 2457)
4(2454 2455 2569 2565)
4(2572 2565 2569 2562)
4(2456 2457 2572 2562)
4(2569 2455 2456 2562)
4(2448 2563 2570 2459)
4(2570 2563 2064 2065)
4(2064 2563 2448 2045)
4(2038 2065 2064 2045)
4(2454 2565 2574 2449)
4(2574 2565 2572 2564)
4(2572 2457 2450 2564)
4(2574 2564 2450 2449)
4(2570 2561 2569 2565)
4(2458 2455 2569 2561)
4(2454 2459 2570 2565)
4(2570 2076 2078 2561)
4(2078 2067 2066 2561)
4(2062 2076 2570 2065)
4(2062 2065 2066 2067)
4(2062 2067 2078 2076)
4(2078 2561 2569 2092)
4(2089 2092 2569 2565)
4(2089 2565 2570 2076)
4(2089 2076 2078 2092)
4(2568 2561 2458 2453)
4(2569 2561 2568 2566)
4(2452 2455 2569 2566)
4(2066 2561 2568 2061)
4(2078 2075 2568 2561)
4(2060 2067 2066 2061)
4(2060 2075 2078 2067)
4(2032 2061 2066 2040)
4(2074 2566 2569 2092)
4(2074 2092 2078 2075)
4(2084 2562 2572 2083)
4(2084 2092 2569 2562)
4(2089 2083 2572 2565)
4(2089 2092 2084 2083)
4(2572 2291 2290 2562)
4(2290 2085 2084 2562)
4(2082 2291 2572 2083)
4(2082 2085 2290 2291)
4(2082 2083 2084 2085)
4(2290 2562 2456 2287)
4(2288 2457 2572 2291)
4(2288 2291 2290 2287)
4(2456 2562 2571 2460)
4(2571 2562 2569 2566)
4(2290 2289 2571 2562)
4(2084 2562 2571 2081)
4(2080 2289 2290 2085)
4(2080 2085 2084 2081)
4(2280 2287 2290 2289)
4(2074 2081 2084 2092)
4(2574 2563 2570 2565)
4(2574 2449 2448 2563)
4(2077 2076 2570 2563)
4(2064 2063 2077 2563)
4(2062 2063 2064 2065)
4(2062 2076 2077 2063)
4(2077 2090 2574 2563)
4(2089 2565 2574 2090)
4(2089 2090 2077 2076)
4(2448 2563 2573 2447)
4(2574 2567 2573 2563)
4(2445 2447 2573 2567)
4(2445 2567 2574 2449)
4(2064 2069 2573 2563)
4(2077 2563 2573 2088)
4(2068 2088 2573 2069)
4(2068 2069 2064 2063)
4(2068 2063 2077 2088)
4(2046 2069 2573 2447)
4(2046 2045 2064 2069)
4(2091 2567 2573 2088)
4(2091 2090 2574 2567)
4(2091 2088 2077 2090)
4(2441 2447 2573 2443)
4(2444 2443 2573 2567)
4(2445 2431 2444 2567)
4(2441 2443 2444 2431)
4(2052 2443 2573 2069)
4(2573 2443 2095 2088)
4(2095 2443 2052 2070)
4(2068 2070 2052 2069)
4(2068 2088 2095 2070)
4(2052 2443 2441 2049)
4(2046 2069 2052 2049)
4(2091 2567 2444 2096)
4(2444 2443 2095 2096)
4(2091 2096 2095 2088)
4(2560 2437 2444 2567)
4(2445 2446 2560 2567)
4(2432 2437 2560 2446)
4(2444 2437 2432 2431)
4(2091 2567 2560 2094)
4(2560 2437 2097 2094)
4(2097 2437 2444 2096)
4(2091 2094 2097 2096)
4(2450 2275 2293 2564)
4(2293 2292 2560 2564)
4(2560 2446 2450 2564)
4(2262 2446 2560 2292)
4(2262 2292 2293 2275)
4(2572 2564 2087 2083)
4(2087 2564 2574 2090)
4(2089 2083 2087 2090)
4(2293 2291 2572 2564)
4(2087 2086 2293 2564)
4(2082 2291 2293 2086)
4(2082 2086 2087 2083)
4(2288 2275 2293 2291)
4(2087 2094 2560 2564)
4(2093 2292 2560 2094)
4(2093 2086 2293 2292)
4(2093 2094 2087 2086)
4(2574 2564 2560 2567)
4(2091 2090 2087 2094)
4(2560 2292 2260 2437)
4(2262 2261 2260 2292)
4(2260 2437 2097 2098)
4(2093 2292 2260 2098)
4(2093 2098 2097 2094)
4(2099 2102 2435 2259)
4(2435 2102 2101 2434)
4(2101 2100 2258 2434)
4(2099 2259 2258 2100)
4(2099 2100 2101 2102)
4(2097 2102 2435 2437)
4(2099 2098 2260 2259)
4(2099 2102 2097 2098)
4(2071 2058 2576 2103)
4(2576 2058 2055 2426)
4(2104 2103 2576 2426)
4(2055 2072 2104 2426)
4(2071 2072 2055 2058)
4(2071 2103 2104 2072)
4(2052 2058 2576 2443)
4(2576 2103 2095 2443)
4(2071 2058 2052 2070)
4(2071 2070 2095 2103)
4(2409 2426 2576 2442)
4(2440 2442 2576 2058)
4(2409 2412 2055 2426)
4(2576 2575 2427 2426)
4(2430 2394 2427 2575)
4(2430 2575 2576 2442)
4(2427 2394 2409 2426)
4(2105 2575 2427 2106)
4(2105 2103 2576 2575)
4(2427 2426 2104 2106)
4(2105 2106 2104 2103)
4(2435 2434 2427 2575)
4(2436 2394 2427 2434)
4(2430 2433 2435 2575)
4(2101 2434 2427 2106)
4(2105 2575 2435 2102)
4(2105 2102 2101 2106)
4(2427 2434 2438 2428)
4(2391 2428 2438 2439)
4(2391 2394 2427 2428)
4(2438 2434 2101 2108)
4(2107 2267 2438 2108)
4(2107 2100 2258 2267)
4(2107 2108 2101 2100)
4(2109 2108 2438 2428)
4(2109 2428 2427 2106)
4(2109 2106 2101 2108)
4(2441 2442 2576 2443)
4(2444 2575 2576 2443)
4(2430 2575 2444 2431)
4(2105 2096 2444 2575)
4(2105 2103 2095 2096)
4(2435 2575 2444 2437)
4(2105 2096 2097 2102)
4(2438 2396 2429 2428)
4(2391 2428 2429 2407)
4(2395 2407 2429 2396)
4(2111 2396 2438 2108)
4(2273 2396 2111 2110)
4(2107 2267 2273 2110)
4(2107 2110 2111 2108)
4(2109 2112 2429 2428)
4(2429 2112 2111 2396)
4(2109 2108 2111 2112)
4(2356 2662 2622 2317)
4(2661 2662 2356 2357)
4(2661 2620 2622 2662)
4(2316 2620 2661 2357)
4(2316 2317 2622 2620)
4(2316 2357 2356 2317)
4(2622 2401 2402 2662)
4(2356 2662 2402 2303)
4(2302 2401 2622 2317)
4(2302 2317 2356 2303)
4(2397 2663 2399 2398)
4(2358 2301 2399 2663)
4(2358 2663 2397 2269)
4(2358 2269 2268 2301)
4(2624 2663 2399 2400)
4(2624 2392 2397 2663)
4(2624 2400 2393 2392)
4(2647 2692 2708 2648)
4(2647 2640 2712 2692)
4(2708 2692 2712 2673)
4(2712 2640 2639 2673)
4(2639 2648 2708 2673)
4(2649 2650 2715 2674)
4(2715 2692 2708 2674)
4(2708 2648 2649 2674)
4(2647 2692 2715 2650)
4(2359 2693 2718 2360)
4(2718 2693 2719 2675)
4(2719 2362 2361 2675)
4(2361 2360 2718 2675)
4(2359 2362 2719 2693)
4(2359 2360 2361 2362)
4(2366 2365 2661 2662)
4(2356 2355 2366 2662)
4(2354 2357 2661 2365)
4(2354 2355 2356 2357)
4(2354 2365 2366 2355)
4(2367 2688 2723 2368)
4(2723 2688 2722 2676)
4(2369 2368 2723 2676)
4(2722 2370 2369 2676)
4(2367 2370 2722 2688)
4(2367 2368 2369 2370)
4(2666 2690 2725 2689)
4(2666 2689 2720 2691)
4(2725 2677 2720 2689)
4(2724 2677 2725 2690)
4(2724 2691 2720 2677)
4(2666 2691 2724 2690)
4(2624 2663 2721 2625)
4(2721 2663 2399 2403)
4(2721 2403 2404 2625)
4(2624 2625 2404 2400)
4(2728 2693 2718 2678)
4(2364 2363 2728 2678)
4(2718 2360 2364 2678)
4(2359 2693 2728 2363)
4(2359 2363 2364 2360)
5(2671 2669 2672 2667 2698)
5(2672 2631 2632 2699 2667)
4(2667 2699 2710 2698)
4(2634 2703 2710 2633)
4(2671 2698 2710 2703)
4(2632 2633 2710 2699)
5(2630 2669 2671 2703 2634)
5(2672 2667 2697 2373 2372)
4(2667 2698 2726 2697)
4(2375 2374 2726 2706)
4(2373 2697 2726 2374)
4(2671 2706 2726 2698)
5(2371 2375 2706 2671 2669)
5(2371 2372 2373 2374 2375)
4(2665 2686 2729 2684)
4(2665 2683 2730 2686)
4(2665 2684 2731 2683)
4(2731 2679 2730 2683)
4(2731 2684 2729 2679)
4(2730 2679 2729 2686)
4(2665 2685 2732 2686)
5(2665 2686 2667 2672 2664)
5(2641 2642 2685 2665 2664)
4(2642 2643 2732 2685)
4(2667 2686 2732 2699)
4(2632 2699 2732 2643)
4(2665 2685 2733 2684)
4(2729 2684 2733 2680)
4(2733 2685 2732 2680)
4(2732 2686 2729 2680)
5(2376 2664 2665 2683 2377)
4(2377 2683 2730 2378)
4(2667 2697 2730 2686)
4(2373 2378 2730 2697)
5(2376 2377 2378 2373 2372)
4(2668 2702 2712 2692)
4(2634 2640 2712 2703)
4(2671 2703 2712 2702)
5(2647 1852 1856 2668 2692)
5(2671 2702 2668 1856 1855)
5(1854 2634 2703 2671 1855)
4(2657 2688 2723 2406)
4(2723 2368 2274 2406)
4(2367 2688 2657 2382)
4(2274 2382 2657 2406)
4(2367 2382 2274 2368)
4(2666 2660 2405 2689)
4(2405 2659 2725 2689)
4(2725 2659 2658 2690)
4(2666 2690 2658 2660)
4(2658 2659 2405 2660)
4(2665 2684 2734 2687)
4(2665 2687 2735 2683)
4(2735 2681 2731 2683)
4(2734 2684 2731 2681)
4(2735 2687 2734 2681)
4(2665 2687 2736 2685)
5(2599 2598 2687 2665 2664)
4(2642 2685 2736 2655)
4(2598 2597 2736 2687)
4(2580 2655 2736 2597)
5(2580 2597 2598 2599 2581)
4(2733 2684 2734 2682)
4(2736 2685 2733 2682)
4(2734 2687 2736 2682)
4(2377 2383 2735 2683)
4(2598 2687 2735 2600)
4(2351 2600 2735 2383)
5(2599 2598 2600 2351 2352)
5(2376 2352 2351 2383 2377)
4(2711 2673 2709 2696)
4(2710 2698 2709 2673)
4(2710 2673 2711 2699)
4(2667 2696 2709 2698)
4(2667 2699 2711 2696)
4(2709 2673 2708 2700)
4(2712 2673 2709 2702)
4(2668 2700 2708 2692)
4(2668 2702 2709 2700)
4(2712 2703 2710 2673)
4(2639 2673 2710 2633)
4(2711 2704 2708 2673)
4(2639 2653 2711 2673)
4(2652 2648 2708 2704)
4(2652 2704 2711 2653)
4(2670 2704 2708 2700)
4(2670 2700 2709 2696)
4(2670 2696 2711 2704)
4(2671 2698 2709 2702)
4(2632 2653 2711 2699)
4(2714 2694 2713 2674)
4(2621 2674 2713 2623)
4(2714 2674 2621 2629)
4(2628 2623 2713 2694)
4(2628 2694 2714 2629)
4(2628 2629 2621 2623)
4(2715 2674 2621 2619)
4(2649 2612 2621 2674)
4(2611 2650 2715 2619)
4(2611 2619 2621 2612)
4(2713 2700 2708 2674)
4(2715 2701 2713 2674)
4(2668 2700 2713 2701)
4(2668 2701 2715 2692)
4(2714 2674 2708 2704)
4(2649 2674 2714 2654)
4(2652 2654 2714 2704)
4(2670 2694 2713 2700)
4(2670 2704 2714 2694)
4(2618 2701 2713 2623)
4(2618 2619 2715 2701)
4(2618 2623 2621 2619)
4(2615 2629 2714 2654)
4(2615 2612 2621 2629)
4(2717 2675 2713 2694)
4(2716 2675 2717 2695)
4(2713 2675 2716 2623)
4(2628 2623 2716 2695)
4(2628 2695 2717 2694)
4(2718 2700 2713 2675)
4(2719 2675 2713 2701)
4(2668 2700 2718 2693)
4(2668 2693 2719 2701)
4(2716 2386 2361 2675)
4(2719 2705 2716 2675)
4(2385 2386 2716 2705)
4(2385 2705 2719 2362)
4(2385 2362 2361 2386)
4(2718 2675 2717 2707)
4(2717 2675 2361 2388)
4(2387 2707 2717 2388)
4(2387 2360 2718 2707)
4(2387 2388 2361 2360)
4(2670 2694 2717 2707)
4(2670 2707 2718 2700)
4(2389 2695 2716 2386)
4(2389 2388 2717 2695)
4(2389 2386 2361 2388)
4(2618 2705 2716 2623)
4(2618 2701 2719 2705)
4(2402 2662 2716 2695)
4(2716 2662 2622 2623)
4(2628 2401 2402 2695)
4(2628 2623 2622 2401)
4(2366 2386 2716 2662)
4(2661 2662 2716 2705)
4(2385 2365 2661 2705)
4(2385 2386 2366 2365)
4(2366 2662 2402 2311)
4(2309 2303 2356 2355)
4(2309 2355 2366 2311)
4(2389 2695 2402 2311)
4(2389 2311 2366 2386)
4(2618 2705 2661 2620)
4(2618 2620 2622 2623)
4(2723 2689 2720 2676)
4(2722 2676 2720 2691)
4(2666 2688 2722 2691)
4(2666 2689 2723 2688)
4(2723 2663 2721 2676)
4(2721 2625 2720 2676)
4(2624 2689 2720 2625)
4(2624 2663 2723 2689)
4(2369 2379 2721 2676)
4(2358 2663 2721 2379)
4(2358 2368 2723 2663)
4(2358 2379 2369 2368)
4(2720 2676 2717 2694)
4(2717 2676 2721 2695)
4(2628 2625 2720 2694)
4(2628 2695 2721 2625)
4(2722 2707 2717 2676)
4(2369 2676 2717 2388)
4(2387 2707 2722 2370)
4(2387 2370 2369 2388)
4(2670 2694 2720 2691)
4(2670 2691 2722 2707)
4(2389 2379 2721 2695)
4(2389 2388 2369 2379)
4(2725 2677 2627 2626)
4(2720 2625 2627 2677)
4(2624 2689 2725 2626)
4(2624 2626 2627 2625)
4(2725 2638 2651 2677)
4(2651 2644 2724 2677)
4(2635 2690 2724 2644)
4(2635 2638 2725 2690)
4(2651 2677 2627 2616)
4(2613 2626 2725 2638)
4(2613 2616 2627 2626)
4(2714 2677 2720 2694)
4(2627 2677 2714 2629)
4(2628 2625 2627 2629)
4(2724 2677 2714 2704)
4(2714 2677 2651 2654)
4(2652 2644 2724 2704)
4(2670 2704 2724 2691)
4(2615 2629 2627 2616)
4(2310 2403 2721 2379)
4(2358 2301 2310 2379)
4(2402 2695 2721 2403)
4(2628 2401 2404 2625)
4(2389 2379 2310 2311)
4(2727 2696 2709 2678)
4(2727 2678 2726 2697)
4(2726 2678 2709 2698)
4(2667 2696 2727 2697)
4(2709 2700 2718 2678)
4(2709 2678 2728 2702)
4(2668 2702 2728 2693)
4(2726 2678 2364 2374)
4(2728 2678 2726 2706)
4(2375 2363 2728 2706)
4(2375 2374 2364 2363)
4(2727 2678 2718 2707)
4(2727 2390 2364 2678)
4(2387 2390 2727 2707)
4(2387 2360 2364 2390)
4(2670 2707 2727 2696)
4(2373 2697 2727 2390)
4(2373 2390 2364 2374)
4(2671 2706 2728 2702)
4(2731 2679 2381 2380)
4(2381 2679 2730 2378)
4(2377 2683 2731 2380)
4(2377 2380 2381 2378)
4(2722 2688 2731 2679)
4(2381 2370 2722 2679)
4(2367 2380 2731 2688)
4(2367 2370 2381 2380)
4(2729 2679 2722 2691)
4(2666 2684 2729 2691)
4(2666 2688 2731 2684)
4(2727 2679 2729 2696)
4(2730 2679 2727 2697)
4(2667 2696 2729 2686)
4(2722 2679 2727 2707)
4(2381 2390 2727 2679)
4(2387 2390 2381 2370)
4(2670 2691 2729 2696)
4(2373 2378 2381 2390)
4(2733 2680 2724 2690)
4(2724 2680 2729 2691)
4(2666 2684 2733 2690)
4(2645 2646 2733 2680)
4(2724 2644 2645 2680)
4(2635 2690 2733 2646)
4(2645 2643 2732 2680)
4(2642 2646 2733 2685)
4(2711 2696 2729 2680)
4(2711 2680 2732 2699)
4(2711 2680 2724 2704)
4(2645 2680 2711 2653)
5(1856 2668 2701 2618 1857)
5(1851 1857 2618 2619 2611)
5(1859 2385 2705 2618 1857)
5(2359 1858 1856 2668 2693)
5(2359 2362 2385 1859 1858)
5(2618 1857 1850 2316 2620)
5(2354 2357 2316 1850 1860)
5(2354 1860 1859 2385 2365)
5(2671 2706 2375 1861 1855)
5(2359 1858 1861 2375 2363)
4(1862 2669 2671 1855)
4(2371 2375 1861 1863)
4(2405 2689 2723 2406)
4(2666 2660 2657 2688)
4(2657 2660 2405 2406)
4(2397 2663 2723 2406)
4(2624 2392 2405 2689)
4(2358 2368 2274 2269)
4(2725 2626 2617 2659)
4(2617 2392 2405 2659)
4(2624 2392 2617 2626)
4(2637 2638 2725 2659)
4(2635 2636 2658 2690)
4(2658 2636 2637 2659)
4(2637 2614 2617 2659)
4(2613 2626 2617 2614)
4(2384 2681 2731 2380)
4(2384 2383 2735 2681)
4(2377 2383 2384 2380)
4(2731 2688 2657 2681)
4(2657 2382 2384 2681)
4(2367 2380 2384 2382)
4(2734 2660 2657 2681)
4(2666 2660 2734 2684)
4(2734 2681 2602 2601)
4(2602 2681 2735 2600)
4(2598 2687 2734 2601)
4(2598 2601 2602 2600)
4(2657 2603 2602 2681)
4(2384 2681 2602 2353)
4(2347 2603 2657 2382)
4(2347 2353 2602 2603)
4(2347 2382 2384 2353)
4(2604 2601 2734 2660)
4(2604 2660 2657 2603)
4(2604 2603 2602 2601)
4(2351 2600 2602 2353)
4(2351 2353 2384 2383)
4(2658 2682 2733 2690)
4(2734 2682 2658 2660)
4(2733 2646 2656 2682)
4(2656 2636 2658 2682)
4(2656 2682 2736 2655)
4(2605 2682 2734 2601)
4(2605 2597 2736 2682)
4(2598 2597 2605 2601)
4(2605 2606 2658 2682)
4(2605 2682 2656 2585)
4(2584 2636 2658 2606)
4(2584 2606 2605 2585)
4(2604 2606 2658 2660)
4(2604 2601 2605 2606)
4(2580 2585 2605 2597)
4(2657 2406 2395 2603)
4(2347 2603 2395 2272)
4(2347 2272 2274 2382)
4(2604 2660 2405 2407)
4(2604 2407 2395 2603)
4(2607 2659 2617 2608)
4(2607 2407 2405 2659)
4(2391 2608 2617 2392)
4(2391 2407 2607 2608)
4(2637 2659 2607 2595)
4(2607 2659 2658 2606)
4(2584 2595 2607 2606)
4(2596 2614 2617 2608)
4(2596 2608 2607 2595)
4(2604 2606 2607 2407)
4(2409 2608 2617 2410)
4(2393 2410 2617 2392)
4(2391 2608 2409 2394)
4(2411 2614 2617 2410)
4(2596 2412 2409 2608)
4(2610 2056 2417 2593)
4(2591 2127 2610 2593)
4(2610 2127 2054 2056)
4(2596 2609 2055 2412)
4(2596 2593 2610 2609)
4(2055 2609 2610 2056)
4(2413 2737 2740 2421)
4(2740 2737 2738 2739)
4(2420 2421 2740 2739)
4(2738 2414 2420 2739)
4(2611 2737 2740 2619)
4(2316 2620 2740 2421)
4(2618 2619 2740 2620)
4(2740 2619 2621 2739)
4(2738 2739 2621 2612)
4(2740 2739 2622 2620)
4(2420 2317 2622 2739)
4(2420 2739 2423 2422)
4(2738 2416 2423 2739)
4(2622 2623 2621 2739)
4(2423 2401 2622 2739)
4(2624 2626 2424 2400)
4(2424 2626 2627 2425)
4(2404 2425 2627 2625)
4(2617 2626 2424 2410)
4(2621 2739 2423 2629)
4(2628 2629 2423 2401)
4(2615 2416 2423 2629)
4(2419 2616 2627 2425)
4(2613 2418 2424 2626)
4(2423 2425 2627 2629)
4(2409 2426 2741 2608)
4(2741 2426 2427 2428)
4(2391 2608 2741 2428)
4(2741 2426 2055 2609)
4(2741 2133 2104 2426)
4(2132 2609 2055 2072)
4(2132 2133 2741 2609)
4(2132 2072 2104 2133)
4(2596 2609 2741 2608)
4(2109 2428 2741 2133)
4(2109 2133 2104 2106)
4(2138 2137 2746 2747)
4(2742 2135 2138 2747)
4(2746 2743 2742 2747)
4(2136 2743 2746 2137)
4(2136 2135 2742 2743)
4(2136 2137 2138 2135)
4(2610 2593 2594 2747)
4(2594 2592 2128 2747)
4(2610 2747 2128 2127)
4(2746 2747 2128 2590)
4(2128 2747 2138 2126)
4(2124 2137 2746 2590)
4(2124 2126 2138 2137)
4(2742 2609 2610 2747)
4(2138 2747 2610 2139)
4(2132 2139 2610 2609)
4(2132 2609 2742 2135)
4(2132 2135 2138 2139)
4(2742 2747 2594 2595)
4(2746 2586 2594 2747)
4(2584 2586 2746 2743)
4(2584 2743 2742 2595)
4(2596 2595 2742 2609)
4(2587 2590 2746 2586)
4(2129 2127 2610 2139)
4(2129 2139 2138 2126)
4(2610 2056 2131 2139)
4(2131 2056 2055 2072)
4(2132 2139 2131 2072)
4(2131 2130 2054 2056)
4(2129 2130 2131 2139)
4(2746 2137 2141 2748)
4(2141 2140 2744 2748)
4(2744 2743 2746 2748)
4(2136 2743 2744 2140)
4(2136 2140 2141 2137)
4(2578 2579 2749 2588)
4(2144 2143 2749 2745)
4(2580 2745 2749 2579)
4(2122 2588 2749 2143)
5(2142 2144 2745 2580 2581)
5(2142 2123 2122 2143 2144)
4(2589 2582 2583 2748)
4(2749 2748 2583 2579)
4(2589 2748 2749 2588)
4(2746 2590 2589 2748)
4(2141 2748 2589 2125)
4(2124 2137 2141 2125)
4(2749 2745 2744 2748)
4(2141 2143 2749 2748)
4(2144 2140 2744 2745)
4(2144 2143 2141 2140)
4(2746 2748 2583 2586)
4(2583 2748 2744 2585)
4(2584 2585 2744 2743)
4(2580 2745 2744 2585)
4(2122 2125 2141 2143)
4(2136 2743 2755 2145)
4(2744 2140 2146 2750)
4(2146 2145 2755 2750)
4(2755 2743 2744 2750)
4(2136 2145 2146 2140)
4(2134 2135 2742 2751)
4(2755 2145 2134 2751)
4(2742 2743 2755 2751)
4(2136 2135 2134 2145)
4(2147 2348 2758 2148)
4(2111 2148 2758 2396)
4(2758 2348 2273 2396)
4(2147 2110 2273 2348)
4(2147 2148 2111 2110)
5(2599 2151 2150 2753 2598)
4(2598 2753 2756 2597)
4(2144 2745 2756 2149)
4(2580 2597 2756 2745)
4(2150 2149 2756 2753)
5(2142 2144 2149 2150 2151)
4(2758 2148 2153 2752)
4(2153 2152 2349 2752)
4(2349 2348 2758 2752)
4(2147 2348 2349 2152)
4(2147 2152 2153 2148)
4(2598 2600 2759 2753)
4(2156 2155 2759 2350)
4(2351 2350 2759 2600)
4(2150 2753 2759 2155)
5(2154 2156 2350 2351 2352)
5(2154 2151 2150 2155 2156)
4(2757 2750 2605 2601)
4(2605 2750 2756 2597)
4(2756 2750 2757 2753)
4(2598 2753 2757 2601)
4(2756 2750 2744 2745)
4(2146 2750 2756 2149)
4(2144 2140 2146 2149)
4(2757 2754 2755 2750)
4(2757 2750 2146 2158)
4(2157 2145 2755 2754)
4(2157 2754 2757 2158)
4(2157 2158 2146 2145)
4(2605 2750 2755 2606)
4(2605 2585 2744 2750)
4(2584 2606 2755 2743)
4(2604 2754 2755 2606)
4(2604 2601 2757 2754)
4(2150 2158 2757 2753)
4(2150 2149 2146 2158)
4(2741 2751 2607 2608)
4(2607 2751 2429 2407)
4(2741 2428 2429 2751)
4(2742 2751 2741 2609)
4(2741 2751 2134 2133)
4(2132 2133 2134 2135)
4(2429 2751 2755 2754)
4(2134 2751 2429 2112)
4(2157 2112 2429 2754)
4(2157 2145 2134 2112)
4(2742 2595 2607 2751)
4(2607 2606 2755 2751)
4(2604 2754 2429 2407)
4(2109 2112 2134 2133)
4(2758 2396 2429 2754)
4(2157 2148 2758 2754)
4(2157 2112 2111 2148)
4(2758 2603 2395 2396)
4(2347 2603 2758 2348)
4(2347 2348 2273 2272)
4(2604 2754 2758 2603)
4(2602 2752 2757 2601)
4(2759 2752 2602 2600)
4(2757 2752 2759 2753)
4(2757 2752 2758 2754)
4(2153 2752 2757 2158)
4(2157 2148 2153 2158)
4(2759 2350 2349 2752)
4(2153 2155 2759 2752)
4(2156 2152 2349 2350)
4(2156 2155 2153 2152)
4(2602 2603 2758 2752)
4(2602 2752 2349 2353)
4(2347 2353 2349 2348)
4(2351 2350 2349 2353)
4(2150 2158 2153 2155)
4(2792 2793 2806 2846)
4(2256 2846 2806 2261)
4(2256 2259 2792 2846)
4(2260 2261 2806 2793)
4(2260 2793 2792 2259)
4(2843 2808 2806 2846)
4(2843 2846 2792 2795)
4(2806 2808 2794 2793)
4(2792 2793 2794 2795)
4(2264 2261 2806 2761)
4(2834 2761 2806 2807)
4(2834 2263 2264 2761)
4(2262 2263 2834 2807)
4(2262 2807 2806 2261)
4(2806 2761 2760 2846)
4(2256 2846 2760 2265)
4(2760 2761 2264 2265)
4(2763 2808 2806 2761)
4(2843 2762 2760 2846)
4(2760 2762 2763 2761)
4(2834 2761 2763 2835)
4(2809 2807 2834 2835)
4(2809 2808 2806 2807)
4(2847 2797 2792 2846)
4(2847 2257 2258 2797)
4(2256 2257 2847 2846)
4(2792 2797 2258 2259)
4(2796 2844 2847 2797)
4(2843 2846 2847 2844)
4(2796 2797 2792 2795)
4(2799 2845 2847 2797)
4(2842 2844 2847 2845)
4(2842 2845 2799 2798)
4(2796 2798 2799 2797)
4(2266 2845 2847 2257)
4(2266 2267 2799 2845)
4(2799 2267 2258 2797)
4(2760 2764 2847 2846)
4(2847 2764 2268 2257)
4(2268 2764 2760 2265)
4(2847 2844 2765 2764)
4(2765 2762 2760 2764)
4(2766 2764 2847 2845)
4(2842 2767 2766 2845)
4(2766 2767 2765 2764)
4(2266 2845 2766 2269)
4(2766 2764 2268 2269)
4(2768 2761 2834 2769)
4(2270 2769 2834 2263)
4(2270 2271 2768 2769)
4(2264 2761 2768 2271)
4(2770 2835 2834 2769)
4(2770 2769 2768 2771)
4(2768 2761 2763 2771)
4(2799 2800 2775 2845)
4(2775 2800 2803 2777)
4(2842 2845 2775 2777)
4(2803 2800 2799 2798)
4(2775 2800 2273 2272)
4(2775 2774 2801 2800)
4(2273 2800 2801 2348)
4(2347 2348 2801 2774)
4(2347 2774 2775 2272)
4(2266 2272 2775 2845)
4(2799 2800 2273 2267)
4(2776 2774 2801 2802)
4(2803 2802 2801 2800)
4(2776 2777 2775 2774)
4(2775 2772 2766 2845)
4(2766 2772 2773 2767)
4(2773 2772 2775 2777)
4(2766 2269 2274 2772)
4(2274 2272 2775 2772)
4(2248 2247 2870 2866)
4(2863 45 2248 2866)
4(2870 2862 2863 2866)
4(42 2862 2870 2247)
4(42 2247 2248 45)
4(40 2245 2871 2868)
4(2242 2244 2871 2245)
4(2849 2868 2871 2850)
4(2233 2850 2871 2244)
5(39 2243 2242 2245 40)
5(2242 2243 2229 2233 2244)
4(2246 2867 2869 41)
4(2871 2867 2246 2245)
4(2869 2867 2871 2868)
4(40 2245 2246 41)
4(2236 2866 2248 2237)
4(2870 2866 2236 2235)
4(2234 2247 2870 2235)
4(2234 2237 2248 2247)
4(2234 2235 2236 2237)
4(2865 2866 2248 2249)
4(2865 2239 2236 2866)
4(2238 2239 2865 2249)
4(2238 2249 2248 2237)
4(2238 2237 2236 2239)
4(2865 2866 2863 2864)
4(44 2249 2865 2864)
4(44 45 2248 2249)
4(2854 2866 2870 2853)
4(2863 2866 2854 2855)
4(2852 2853 2870 2862)
4(2854 2220 2236 2866)
4(2854 2866 2865 2856)
4(2217 2856 2865 2239)
4(2217 2239 2236 2220)
4(2227 2235 2870 2853)
4(2227 2220 2236 2235)
4(2857 2864 2865 2856)
4(2870 2247 2246 2867)
4(2869 2862 2870 2867)
4(42 41 2246 2247)
4(2246 2867 2241 2240)
4(2870 2235 2241 2867)
4(2234 2247 2246 2240)
4(2234 2240 2241 2235)
4(2241 2244 2871 2867)
4(2242 2240 2246 2245)
4(2242 2244 2241 2240)
4(2858 2851 2869 2867)
4(2858 2867 2871 2850)
4(2858 2853 2870 2867)
4(2858 2867 2241 2228)
4(2233 2228 2241 2244)
4(2227 2235 2241 2228)
4(5 2174 2874 2841)
4(2250 43 2873 2872)
4(2874 2174 2250 2872)
4(2873 2841 2874 2872)
4(5 43 2250 2174)
4(2175 2174 2874 2818)
4(2874 2841 2817 2818)
4(2817 6 2175 2818)
4(5 2174 2175 6)
4(2865 2872 2250 2249)
4(2865 2864 2873 2872)
4(44 2249 2250 43)
4(2250 2169 2170 2872)
4(2865 2872 2170 2239)
4(2238 2169 2250 2249)
4(2238 2239 2170 2169)
4(2170 2872 2874 2171)
4(2168 2171 2874 2174)
4(2168 2169 2170 2171)
4(2168 2174 2250 2169)
4(2874 2872 2860 2861)
4(2860 2872 2873 2859)
4(2840 2841 2874 2861)
4(2860 2166 2170 2872)
4(2165 2861 2874 2171)
4(2165 2171 2170 2166)
4(2860 2872 2865 2856)
4(2217 2166 2170 2239)
4(2172 2171 2874 2818)
4(2175 2173 2172 2818)
4(2168 2173 2175 2174)
4(2168 2171 2172 2173)
4(2815 2818 2874 2861)
4(2815 2816 2817 2818)
4(2815 2818 2172 2167)
4(2165 2167 2172 2171)
4(2834 2807 2830 2875)
4(2276 2263 2834 2875)
4(2276 2875 2830 2275)
4(2262 2275 2830 2807)
4(2836 2814 2830 2875)
4(2834 2835 2836 2875)
4(2809 2807 2830 2814)
4(2810 2837 2878 2831)
4(2278 2279 2878 2786)
4(2280 2831 2878 2279)
4(2779 2786 2878 2837)
5(2811 2810 2831 2280 2281)
5(2277 2278 2786 2779 2778)
4(2789 2875 2276 2282)
4(2789 2769 2834 2875)
4(2270 2769 2789 2282)
4(2285 2286 2788 2877)
4(2788 2787 2876 2877)
4(2283 2284 2876 2787)
4(2876 2284 2285 2877)
4(2283 2787 2788 2286)
4(2878 2831 2832 2877)
4(2838 2837 2878 2877)
4(2838 2877 2832 2812)
4(2810 2812 2832 2831)
4(2878 2877 2285 2279)
4(2788 2877 2878 2786)
4(2278 2286 2788 2786)
4(2788 2781 2838 2877)
4(2780 2787 2876 2839)
4(2876 2877 2838 2839)
4(2780 2781 2788 2787)
4(2832 2877 2285 2287)
4(2280 2831 2832 2287)
4(2779 2786 2788 2781)
4(2876 2787 2789 2875)
4(2276 2284 2876 2875)
4(2283 2282 2789 2787)
4(2836 2875 2876 2839)
4(2789 2875 2836 2782)
4(2780 2787 2789 2782)
4(2876 2833 2832 2877)
4(2288 2833 2876 2284)
4(2288 2287 2832 2833)
4(2813 2839 2876 2833)
4(2813 2833 2832 2812)
4(2830 2833 2876 2875)
4(2288 2833 2830 2275)
4(2813 2814 2830 2833)
4(2770 2782 2789 2769)
4(2810 2831 2892 2884)
4(2080 2178 2892 2289)
4(2280 2289 2892 2831)
4(2177 2884 2892 2178)
5(2079 2176 2177 2178 2080)
4(2290 2291 2893 2891)
4(2182 2085 2290 2891)
4(2893 2183 2182 2891)
4(2082 2183 2893 2291)
4(2082 2085 2182 2183)
4(2832 2891 2290 2287)
4(2893 2891 2832 2833)
4(2288 2291 2893 2833)
4(2832 2831 2892 2891)
4(2832 2891 2885 2812)
4(2885 2891 2892 2884)
4(2290 2891 2892 2289)
4(2892 2891 2182 2178)
4(2080 2178 2182 2085)
4(2893 2886 2885 2891)
4(2182 2891 2885 2198)
4(2197 2886 2893 2183)
4(2197 2183 2182 2198)
4(2813 2833 2893 2886)
4(2177 2198 2182 2178)
4(2293 2275 2830 2889)
4(2890 2292 2293 2889)
4(2262 2292 2890 2807)
4(2830 2807 2890 2889)
4(2893 2291 2293 2889)
4(2293 2086 2191 2889)
4(2191 2183 2893 2889)
4(2082 2183 2191 2086)
4(2893 2833 2830 2889)
4(2191 2889 2890 2204)
4(2093 2204 2890 2292)
4(2093 2086 2191 2204)
4(2893 2889 2887 2886)
4(2887 2889 2191 2205)
4(2197 2205 2191 2183)
4(2830 2889 2887 2814)
4(2208 2888 2890 2204)
4(2890 2888 2887 2889)
4(2208 2204 2191 2205)
4(2209 2793 2890 2204)
4(2794 2888 2890 2793)
4(2209 2163 2794 2793)
4(2208 2163 2209 2204)
4(2260 2292 2890 2793)
4(2806 2793 2890 2807)
4(2209 2793 2260 2098)
4(2093 2204 2209 2098)
4(2809 2888 2890 2807)
4(2184 2210 2897 2185)
4(1 2825 2897 2210)
4(2180 2185 2897 2879)
4(2820 2879 2897 2825)
5(2184 2185 2180 2179 2186)
5(0 1 2210 2184 2186)
4(2212 2211 2898 2896)
4(2827 3 2212 2896)
4(2898 2826 2827 2896)
4(2 2826 2898 2211)
4(2 2211 2212 3)
4(2192 2896 2212 2193)
4(2898 2896 2192 2190)
4(2187 2211 2898 2190)
4(2187 2190 2192 2193)
4(2187 2193 2212 2211)
4(2212 2210 2897 2896)
4(2192 2896 2897 2185)
4(2184 2193 2192 2185)
4(2184 2210 2212 2193)
4(2897 2896 2827 2825)
4(1 3 2212 2210)
4(2192 2896 2880 2194)
4(2880 2896 2897 2879)
4(2180 2185 2192 2194)
4(2898 2881 2880 2896)
4(2827 2896 2880 2822)
4(2821 2881 2898 2826)
4(2195 2190 2898 2881)
4(2195 2194 2192 2190)
4(2898 2211 2213 2894)
4(2828 2826 2898 2894)
4(2213 4 2828 2894)
4(2 4 2213 2211)
4(2213 2894 2189 2188)
4(2189 2894 2898 2190)
4(2187 2188 2189 2190)
4(2187 2211 2213 2188)
4(2189 2201 2895 2894)
4(2895 2214 2213 2894)
4(2200 2214 2895 2201)
4(2200 2201 2189 2188)
4(2200 2188 2213 2214)
4(2189 2203 2882 2894)
4(2202 2201 2895 2883)
4(2882 2883 2895 2894)
4(2202 2203 2189 2201)
4(2898 2894 2882 2881)
4(2882 2894 2828 2823)
4(2195 2190 2189 2203)
4(38 2829 2895 2214)
4(2828 2894 2895 2829)
4(38 2214 2213 4)
4(2175 2818 2895 2214)
4(2895 2818 2817 2829)
4(38 6 2175 2214)
4(2895 2201 2172 2818)
4(2200 2173 2172 2201)
4(2200 2214 2175 2173)
4(2815 2883 2895 2818)
4(2824 2829 2895 2883)
4(2202 2201 2172 2167)
4(2159 2795 2792 2215)
4(2792 2793 2209 2215)
4(2159 2215 2209 2163)
4(2216 2797 2792 2215)
4(2796 2797 2216 2162)
4(2159 2162 2216 2215)
4(2099 2215 2792 2259)
4(2099 2098 2209 2215)
4(2258 2100 2216 2797)
4(2099 2215 2216 2100)
4(2216 2797 2799 2251)
4(2107 2251 2799 2267)
4(2107 2100 2216 2251)
4(2219 2798 2799 2251)
4(2219 2251 2216 2162)
4(2252 2110 2273 2800)
4(2801 2253 2252 2800)
4(2147 2253 2801 2348)
4(2147 2110 2252 2253)
4(2804 2802 2801 2899)
4(2223 2253 2801 2802)
4(2254 2899 2801 2253)
4(2804 2899 2254 2226)
4(2223 2226 2254 2253)
4(2804 2785 2791 2899)
4(2791 2774 2801 2899)
4(2776 2774 2791 2785)
4(2799 2800 2252 2251)
4(2107 2251 2252 2110)
4(2252 2800 2803 2222)
4(2223 2253 2252 2222)
4(2219 2222 2252 2251)
4(2349 2152 2254 2899)
4(2801 2348 2349 2899)
4(2147 2253 2254 2152)
4(2784 2805 2900 2790)
4(2156 2350 2900 2255)
4(2351 2790 2900 2350)
4(2231 2255 2900 2805)
5(2783 2784 2790 2351 2352)
5(2154 2156 2255 2231 2230)
4(2791 2899 2900 2790)
4(2900 2899 2804 2805)
4(2784 2785 2791 2790)
4(2900 2899 2349 2350)
4(2900 2255 2254 2899)
4(2156 2152 2254 2255)
4(2791 2353 2349 2899)
4(2347 2353 2791 2774)
4(2351 2790 2791 2353)
4(2231 2255 2254 2226)
4(2960 2981 2991 2961)
4(2960 2980 2992 2981)
4(2960 2961 2995 2980)
4(2992 2980 2995 2973)
4(2995 2961 2991 2973)
4(2991 2981 2992 2973)
4(2960 2981 2958 2957)
4(2991 2961 2956 2959)
4(2958 2981 2991 2959)
4(2956 2957 2958 2959)
4(2960 2957 2956 2961)
4(2960 2964 2999 2981)
4(2960 2980 2996 2964)
4(2999 2964 2996 2974)
4(2996 2980 2992 2974)
4(2992 2981 2999 2974)
5(2320 2971 2972 2982 2324)
5(2968 2969 2984 2972 2971)
5(2968 2321 2322 2985 2969)
4(2324 2982 2997 2323)
4(2969 2985 2997 2984)
4(2972 2984 2997 2982)
4(2322 2323 2997 2985)
4(2328 2329 3001 2333)
4(2330 2975 3001 2329)
4(2332 2975 2330 2331)
4(3001 2975 2332 2333)
5(2277 2971 2972 2990 2278)
4(2324 2334 3000 2982)
4(2278 2990 3000 2327)
4(2326 2327 3000 2334)
4(2972 2982 3000 2990)
4(2962 2964 2999 2963)
4(2999 2981 2958 2963)
4(2958 2957 2962 2963)
4(2960 2964 2962 2957)
4(2337 2976 2335 2336)
4(3001 2976 2337 2329)
4(2335 2976 3001 2333)
5(2920 2919 2983 2972 2971)
4(2919 2918 2993 2983)
4(2969 2984 2993 2986)
4(2972 2983 2993 2984)
4(2917 2986 2993 2918)
5(2968 2969 2986 2917 2921)
4(2283 2979 3002 2286)
4(3002 2979 3005 2977)
4(2788 2286 3002 2977)
4(3005 2787 2788 2977)
4(2283 2787 3005 2979)
4(2919 2983 3004 2922)
4(2278 2786 3004 2990)
4(2972 2990 3004 2983)
4(2779 2922 3004 2786)
4(2270 2903 3003 2282)
4(3003 2978 2789 2282)
4(2902 2978 3003 2903)
4(2902 2769 2789 2978)
4(2270 2769 2902 2903)
4(2969 2986 2995 2980)
4(2923 2961 2995 2924)
4(2917 2924 2995 2986)
5(2960 1865 1864 2969 2980)
5(1864 1867 2917 2986 2969)
5(2960 2961 2923 1866 1865)
4(2994 2973 2993 2983)
4(2925 2973 2994 2926)
4(2993 2973 2925 2918)
4(2919 2926 2994 2983)
4(2993 2973 2992 2984)
4(2995 2973 2993 2986)
4(2969 2984 2992 2980)
4(2925 2927 2991 2973)
4(2995 2924 2925 2973)
4(2923 2961 2991 2927)
4(2994 2988 2992 2973)
4(2994 2973 2991 2989)
4(2970 2989 2991 2981)
4(2970 2981 2992 2988)
4(2970 2988 2994 2989)
4(2972 2988 2992 2984)
4(2972 2983 2994 2988)
4(2928 2927 2991 2989)
4(2928 2989 2994 2926)
4(2930 2959 2991 2927)
4(2956 2959 2930 2929)
4(2923 2961 2956 2929)
4(2965 2989 2991 2959)
4(2970 2966 2958 2981)
4(2970 2989 2965 2966)
4(2965 2959 2958 2966)
4(2928 2931 2965 2989)
4(2965 2931 2930 2959)
5(1864 2969 2985 2322 1846)
4(2338 2344 2996 2964)
4(2969 2980 2996 2985)
4(2322 2985 2996 2344)
5(2960 1865 1847 2338 2964)
4(2968 1869 1864 2969)
4(2998 2974 2345 2346)
4(2997 2974 2998 2982)
4(2345 2974 2997 2323)
4(2324 2982 2998 2346)
4(2999 2341 2345 2974)
4(2996 2974 2345 2344)
4(2338 2341 2999 2964)
4(2997 2984 2992 2974)
4(2997 2974 2996 2985)
4(2999 2974 2998 2987)
4(2998 2974 2992 2988)
4(2970 2987 2998 2988)
4(2970 2981 2999 2987)
4(2342 2346 2998 2987)
4(2342 2987 2999 2341)
4(2972 2988 2998 2982)
4(3001 2979 3002 2975)
4(3002 2286 2330 2975)
4(2283 2979 3001 2329)
4(2332 2334 3000 2975)
4(2332 2975 2998 2346)
4(2998 2975 3000 2982)
4(3001 2987 2998 2975)
4(3002 2975 2998 2988)
4(2970 2987 3001 2979)
4(2970 2979 3002 2988)
4(3000 2327 2330 2975)
4(3002 2990 3000 2975)
4(2278 2990 3002 2286)
4(2342 2333 3001 2987)
4(2972 2988 3002 2990)
4(2340 2341 2999 2963)
4(2340 2963 2962 2339)
4(2338 2339 2962 2964)
4(2967 2963 2999 2987)
4(2970 2966 2967 2987)
4(2967 2966 2958 2963)
4(2342 2987 2967 2343)
4(2967 2963 2340 2343)
4(2337 2976 2901 2297)
4(2335 2312 2901 2976)
4(2294 2297 2901 2312)
4(2337 2976 3003 2282)
4(3003 2976 2901 2903)
4(2270 2903 2901 2297)
4(3003 2979 3001 2976)
4(2283 2979 3003 2282)
4(2967 2976 2335 2343)
4(2901 2976 2967 2904)
4(2313 2904 2967 2343)
4(2313 2312 2901 2904)
4(3001 2976 2967 2987)
4(3003 2966 2967 2976)
4(2970 2966 3003 2979)
4(2905 2903 3003 2966)
4(2905 2966 2967 2904)
4(2905 2904 2901 2903)
4(3004 2977 2994 2983)
4(2932 2977 3004 2922)
4(2994 2977 2932 2926)
4(2994 2977 3002 2988)
4(3005 2977 2994 2989)
4(2970 2979 3005 2989)
4(3004 2990 3002 2977)
4(3004 2977 2788 2786)
4(2932 2781 2788 2977)
4(3005 2933 2932 2977)
4(2780 2933 3005 2787)
4(2928 2989 3005 2933)
4(3005 2979 3003 2978)
4(2789 2787 3005 2978)
4(2965 2978 2902 2907)
4(2934 2978 2965 2931)
4(2902 2978 2934 2908)
4(2906 2931 2965 2907)
4(2906 2907 2902 2908)
4(2965 2966 3003 2978)
4(2965 2978 3005 2989)
4(2934 2933 3005 2978)
4(2934 2978 2789 2782)
4(2905 2907 2965 2966)
4(2905 2903 2902 2907)
4(2770 2908 2902 2769)
4(2910 2959 2965 2907)
4(2930 2959 2910 2909)
4(2906 2909 2910 2907)
4(2910 2912 2958 2959)
4(2956 2913 2910 2959)
4(2911 2957 2958 2912)
4(2911 2913 2956 2957)
4(2911 2912 2910 2913)
4(2905 2912 2958 2966)
4(2905 2907 2910 2912)
4(2914 2929 2956 2913)
4(2914 2913 2910 2909)
4(2967 2963 2915 2904)
4(2915 2963 2340 2314)
4(2313 2904 2915 2314)
4(2915 2963 2958 2912)
4(2962 2963 2915 2916)
4(2911 2957 2962 2916)
4(2911 2916 2915 2912)
4(2905 2912 2915 2904)
4(2319 2916 2962 2339)
4(2319 2314 2915 2916)
5(2960 1865 1870 2911 2957)
5(2319 2916 2911 1870 1849)
5(2914 1871 1870 2911 2913)
4(3044 3041 3043 3038)
4(2356 2357 3044 3038)
4(3043 2355 2356 3038)
4(2354 2355 3043 3041)
4(2354 3041 3044 2357)
4(2296 2297 2901 2299)
4(2901 2312 2298 2299)
4(3008 3007 3046 3039)
4(3034 3009 3008 3039)
4(3034 3039 3046 3037)
4(3006 3037 3046 3007)
4(3006 3009 3034 3037)
4(2300 2308 3045 2271)
4(2768 2271 3045 3040)
4(3036 3030 2768 3040)
4(3045 2308 3036 3040)
4(2300 3030 3036 2308)
4(2300 2271 2768 3030)
4(2304 2904 2915 3038)
4(2315 3038 2915 2314)
4(2304 3038 2315 2305)
4(2313 2904 2304 2305)
4(3043 3038 2915 2912)
4(2915 3038 3044 2916)
4(2911 3041 3043 2912)
4(2911 2916 3044 3041)
4(3044 3038 2315 2318)
4(2356 2317 2315 3038)
4(2316 2357 3044 2318)
4(3043 3042 2304 3038)
4(2356 3038 2304 2303)
4(2309 2303 2304 3042)
4(2309 3042 3043 2355)
4(2905 3042 2304 2904)
4(2905 2912 3043 3042)
4(2319 2318 3044 2916)
4(3045 2271 2296 2299)
4(2306 2308 3045 2299)
4(3045 2903 2901 2299)
4(2270 2903 3045 2271)
4(2304 2299 2901 2904)
4(3045 2299 2304 3042)
4(2309 2308 3045 3042)
4(2905 3042 3045 2903)
4(3043 3041 3047 3039)
4(3047 3035 3034 3039)
4(3034 2355 3043 3039)
4(2354 3035 3047 3041)
4(2354 2355 3034 3035)
4(3046 3039 2910 2907)
4(2910 3039 3008 2909)
4(2906 3007 3046 2907)
4(2910 3039 3043 2912)
4(3047 3039 2910 2913)
4(2911 3041 3047 2913)
4(3047 3011 3008 3039)
4(3010 3011 3047 3035)
4(3010 3035 3034 3009)
4(3046 3042 3043 3039)
4(2309 3042 3046 3037)
4(2309 3037 3034 2355)
4(2905 2907 3046 3042)
4(2914 2913 3047 3011)
4(3045 3040 2902 2903)
4(2902 3040 2768 2769)
4(3013 3040 3036 3014)
4(2768 3040 3013 2771)
4(3012 3014 3036 3030)
4(3012 3030 2768 2771)
4(3046 3007 3013 3040)
4(3036 3037 3046 3040)
4(3006 3037 3036 3014)
4(3046 2907 2902 3040)
4(2902 2908 3013 3040)
4(3045 3042 3046 3040)
4(2309 2308 3036 3037)
5(2354 3041 2911 1870 1860)
5(2354 3035 3010 1875 1860)
4(2766 3048 3031 2764)
4(3017 3015 3031 3048)
4(3017 3048 2766 2767)
4(3031 3015 2765 2764)
4(2358 3048 3031 2301)
4(2358 2269 2766 3048)
4(3031 2764 2268 2301)
4(2359 2360 3063 3057)
4(2361 2362 3066 3049)
4(3066 3057 3063 3049)
4(3063 2360 2361 3049)
4(2359 3057 3066 2362)
4(3069 2363 2364 3050)
4(3063 3057 3069 3050)
4(2364 2360 3063 3050)
4(2359 2363 3069 3057)
4(3071 2365 2366 3051)
4(3034 3035 3071 3051)
4(2366 2355 3034 3051)
4(2354 2365 3071 3035)
4(2952 3056 3074 3021)
4(3073 3052 3074 3056)
4(3074 3052 3022 3021)
4(3073 2953 3022 3052)
4(2952 2953 3073 3056)
4(2358 3048 3072 2379)
4(3031 3053 3072 3048)
4(2310 3053 3031 2301)
4(3072 3053 2310 2379)
5(2935 2372 2373 3059 2939)
4(2939 3059 3067 2938)
4(2375 3061 3067 2374)
4(2373 2374 3067 3059)
4(2937 2938 3067 3061)
5(2371 2936 2937 3061 2375)
4(2377 3055 3075 2378)
4(2377 2380 3076 3055)
4(3076 3054 3075 3055)
4(2381 3054 3076 2380)
4(3075 3054 2381 2378)
5(2376 2377 3055 2940 2941)
4(2940 3055 3075 2942)
4(2939 2942 3075 3059)
4(2373 3059 3075 2378)
4(3074 2772 3032 3056)
4(2773 2772 3074 3021)
4(2952 3056 3032 2955)
4(3032 2772 2773 2955)
4(2377 2383 3077 3055)
4(3077 3033 3076 3055)
4(3076 3033 2384 2380)
4(3077 2383 2384 3033)
4(2940 2943 3077 3055)
4(2784 2790 3077 2943)
4(2351 2383 3077 2790)
4(3065 3049 3064 3058)
4(3026 3049 3065 3027)
4(3064 3049 3026 3025)
4(3020 3058 3064 3025)
4(3020 3027 3065 3058)
4(3064 3049 2361 2386)
4(3066 3049 3064 3060)
4(2385 3060 3064 2386)
4(2385 2362 3066 3060)
4(3026 2947 3063 3049)
4(3066 3023 3026 3049)
4(2946 3057 3063 2947)
4(2946 3023 3066 3057)
4(3065 2388 2361 3049)
4(3065 3049 3063 3062)
4(2387 3062 3063 2360)
4(2387 2388 3065 3062)
4(2389 2386 3064 3058)
4(2389 3058 3065 2388)
4(2949 2947 3063 3062)
4(2949 3062 3065 3027)
4(3024 3025 3064 3060)
4(3024 3060 3066 3023)
4(3067 3050 3068 3059)
4(3068 3050 2944 2945)
4(2944 3050 3067 2938)
4(2939 3059 3068 2945)
4(3067 2374 2364 3050)
4(3069 3061 3067 3050)
4(2375 3061 3069 2363)
4(2944 3050 3063 2947)
4(3069 3050 2944 2948)
4(2946 3057 3069 2948)
4(3068 3050 2364 2390)
4(3068 3062 3063 3050)
4(2387 3062 3068 2390)
4(2373 2390 3068 3059)
4(2949 2945 3068 3062)
4(2937 2948 3069 3061)
4(3070 3058 3064 3051)
4(3028 3051 3064 3025)
4(3070 3051 3028 3019)
4(3020 3058 3070 3019)
4(3064 2386 2366 3051)
4(3064 3051 3071 3060)
4(2385 3060 3071 2365)
4(3071 3051 3028 3029)
4(3034 3009 3028 3051)
4(3010 3035 3071 3029)
4(3070 3051 2366 2311)
4(3034 3051 3070 3037)
4(2309 3037 3070 2311)
4(2389 2311 3070 3058)
4(3024 3029 3071 3060)
4(3006 3019 3070 3037)
4(3074 2368 2369 3052)
4(2369 2370 3073 3052)
4(2367 3056 3073 2370)
4(2367 2368 3074 3056)
4(3074 3048 3072 3052)
4(3072 2379 2369 3052)
4(2358 3048 3074 2368)
4(3072 3052 3022 3018)
4(3017 3048 3072 3018)
4(3017 3021 3074 3048)
4(3072 3052 3065 3058)
4(3065 3052 3022 3027)
4(3020 3018 3072 3058)
4(3065 3052 2369 2388)
4(3073 3052 3065 3062)
4(2387 2370 3073 3062)
4(2389 3058 3072 2379)
4(2949 3062 3073 2953)
4(3016 3053 3072 3018)
4(3031 3053 3016 3015)
4(3036 2308 2310 3053)
4(3031 3030 3036 3053)
4(2300 3030 3031 2301)
4(3070 3053 3072 3058)
4(3016 3053 3070 3019)
4(2310 3053 3070 2311)
4(3070 3053 3036 3037)
4(3016 3014 3036 3053)
4(3012 3015 3031 3030)
4(3076 3054 2950 2951)
4(3075 2942 2950 3054)
4(2940 3055 3076 2951)
4(3076 3054 3073 3056)
4(2950 2953 3073 3054)
4(2952 2951 3076 3056)
4(3073 2370 2381 3054)
4(2367 3056 3076 2380)
4(3068 3054 3075 3059)
4(2950 3054 3068 2945)
4(3068 2390 2381 3054)
4(3068 3054 3073 3062)
5(2937 1873 1861 2375 3061)
5(2359 1858 1874 2946 3057)
5(3024 3060 2385 1859 1876)
4(2274 2368 3074 2772)
4(2367 2382 3032 3056)
4(3032 2382 2274 2772)
4(2766 3048 3074 2772)
4(2954 3033 3076 2951)
4(2954 2943 3077 3033)
4(3032 3033 3076 3056)
4(2954 3033 3032 2955)
4(2384 2382 3032 3033)
4(3077 3033 2791 2790)
4(2791 3033 2954 2785)
4(2791 3033 2384 2353)
4(2347 2382 3032 2774)
4(2791 2774 3032 3033)
4(2300 2265 2760 3030)
4(2768 3030 2760 2761)
4(2760 3030 3031 2764)
4(3012 3030 2760 2762)
4(3032 2774 2775 2772)
4(2776 2955 3032 2774)
4(2031 3331 3334 2033)
4(2060 2061 3334 3280)
4(3281 3280 3334 3331)
4(2032 2033 3334 2061)
5(2059 2060 3280 3281 3282)
4(2062 3284 3335 2065)
4(3335 3284 3283 3332)
4(3283 2063 2064 3332)
4(2064 2065 3335 3332)
4(2062 2063 3283 3284)
4(2066 2067 3285 3333)
4(3285 3284 3335 3333)
4(3335 2065 2066 3333)
4(2062 3284 3285 2067)
4(2043 3332 3329 2042)
4(3336 3332 2043 2044)
4(3336 3330 3329 3332)
4(2041 3330 3336 2044)
4(3329 3332 3335 3328)
4(3283 3332 3329 3287)
4(3286 3328 3335 3284)
4(3286 3284 3283 3287)
4(2064 3332 3336 2069)
4(3336 3332 3283 3288)
4(2068 2069 3336 3288)
4(2068 3288 3283 2063)
4(2043 2039 3335 3332)
4(2064 2045 2043 3332)
4(2038 2065 3335 2039)
4(2036 2039 3335 3328)
4(2046 2044 3336 2069)
4(3289 3288 3336 3330)
4(3289 3287 3283 3288)
4(2037 2035 3327 3333)
4(3334 3333 3327 3331)
4(2037 3333 3334 2033)
4(3285 3333 3334 3280)
4(2066 2061 3334 3333)
4(2060 2067 3285 3280)
4(3327 3328 3335 3333)
4(3285 3290 3327 3333)
4(3286 3290 3285 3284)
4(2037 3333 3335 2039)
4(2066 3333 2037 2040)
4(3281 3280 3285 3290)
4(2047 2051 3336 2044)
4(2050 3330 3336 2051)
4(3336 2051 2052 2069)
4(3275 2051 3336 3288)
4(2052 2051 3275 2070)
4(2068 2070 3275 3288)
4(3275 2051 2050 3277)
4(3289 3288 3275 3277)
4(2071 3274 2057 2058)
4(2057 3274 2131 2056)
4(2071 2072 2131 3274)
4(3275 3274 2057 2051)
4(2071 3274 3275 2070)
4(3276 2053 2057 3274)
4(3276 3274 2131 2130)
4(3276 3277 3275 3274)
4(2113 2115 3353 3357)
4(2116 2114 3358 3354)
4(3358 3357 3353 3354)
4(3353 2115 2116 3354)
4(3353 3357 3315 3316)
4(2120 2115 3353 3316)
4(3315 2117 2120 3316)
4(3356 3355 3358 3354)
4(2119 3355 3356 2121)
4(3356 3354 2116 2121)
4(3342 3354 3358 3340)
4(3339 3357 3353 3341)
4(3342 3341 3353 3354)
4(3339 3341 3342 3340)
4(3337 3352 3356 3355)
4(3356 3352 3342 3354)
4(3337 3340 3342 3352)
4(3318 3316 3353 3341)
4(3339 3317 3318 3341)
4(3318 3317 3315 3316)
4(3159 3352 3356 3160)
4(2122 3160 3356 2121)
5(3158 3338 3337 3352 3159)
5(3158 3159 3160 2122 2123)
4(3162 3354 3356 3160)
4(3162 3161 3342 3354)
4(3159 3352 3342 3161)
4(3159 3161 3162 3160)
4(3162 2125 2116 3354)
4(3162 3354 3353 3163)
4(2124 3163 3353 2115)
4(2124 2125 3162 3163)
4(2122 3160 3162 2125)
4(3164 3341 3353 3163)
4(3164 3161 3342 3341)
4(3164 3163 3162 3161)
4(3165 3163 3353 3316)
4(3165 3316 2120 2126)
4(2124 3163 3165 2126)
4(3164 3341 3318 3166)
4(3165 3166 3318 3316)
4(3164 3166 3165 3163)
4(3359 3349 3348 3347)
4(3245 3346 3350 3257)
4(3245 3257 3359 3347)
4(3350 3349 3359 3257)
4(3348 3349 3350 3346)
4(3337 3347 3359 3352)
4(3342 3352 3359 3349)
4(3342 3349 3348 3340)
4(3243 3248 3343 3244)
4(1918 1917 3343 3248)
4(1916 1919 3243 3244)
4(1918 3248 3243 1919)
4(3251 3346 3343 3248)
4(3345 3346 3251 3250)
4(3343 3344 3249 3248)
4(3345 3250 3249 3344)
4(3249 3250 3251 3248)
4(3245 3246 3251 3346)
4(3245 3244 3243 3246)
4(3251 3246 3243 3248)
4(3350 3346 3251 3255)
4(3254 3351 3350 3255)
4(3345 3346 3350 3351)
4(3345 3351 3254 3250)
4(3251 3250 3254 3255)
4(3256 3255 3350 3257)
4(3256 3246 3251 3255)
4(3245 3246 3256 3257)
4(3167 3257 3359 3168)
4(3159 3168 3359 3352)
5(3247 3245 3257 3167 3169)
5(3167 3168 3159 3158 3169)
4(3350 3255 3172 3171)
4(3170 3351 3350 3171)
4(3170 3173 3254 3351)
4(3254 3173 3172 3255)
4(3170 3171 3172 3173)
4(3359 3168 3174 3349)
4(3167 3257 3350 3171)
4(3350 3349 3174 3171)
4(3167 3171 3174 3168)
4(3174 3349 3342 3161)
4(3159 3168 3174 3161)
4(3172 3175 3256 3255)
4(3167 3257 3256 3175)
4(3167 3175 3172 3171)
4(1920 3344 3249 1921)
4(1918 1921 3249 3248)
4(3319 3361 3360 3323)
4(3345 3351 3360 3361)
4(3345 3320 3322 3351)
4(3360 3351 3322 3323)
4(3322 3320 3319 3323)
4(3339 3361 3360 3341)
4(3360 3323 3318 3341)
4(3318 3323 3319 3317)
4(3360 3361 3348 3349)
4(3350 3351 3360 3349)
4(3342 3349 3360 3341)
4(3249 3325 3321 3344)
4(3249 1921 1923 3325)
4(1923 1922 3321 3325)
4(3324 3250 3249 3325)
4(3345 3250 3324 3320)
4(3321 3320 3324 3325)
4(3249 3325 3261 3253)
4(3252 3259 3324 3250)
4(3324 3259 3261 3325)
4(3252 3250 3249 3253)
4(3252 3253 3261 3259)
4(3261 1925 1923 3325)
4(1924 3253 3249 1921)
4(1924 1925 3261 3253)
4(3254 3250 3324 3326)
4(3322 3351 3254 3326)
4(3324 3320 3322 3326)
4(3254 3258 3260 3326)
4(3260 3259 3324 3326)
4(3252 3258 3254 3250)
4(3252 3259 3260 3258)
4(3254 3173 3179 3326)
4(3179 3178 3260 3326)
4(3177 3173 3254 3258)
4(3177 3258 3260 3178)
4(3177 3178 3179 3173)
4(3170 3351 3360 3176)
4(3360 3349 3174 3176)
4(3170 3176 3174 3171)
4(3360 3176 3181 3323)
4(3170 3351 3322 3180)
4(3322 3323 3181 3180)
4(3170 3180 3181 3176)
4(3164 3341 3360 3176)
4(3318 3166 3181 3323)
4(3164 3176 3181 3166)
4(3164 3161 3174 3176)
4(3322 3180 3179 3326)
4(3170 3173 3179 3180)
4(3307 3385 3389 3308)
4(3389 3385 3390 3383)
4(3390 3306 3305 3383)
4(3305 3308 3389 3383)
4(3304 3387 3388 3303)
4(3362 3363 3388 3387)
4(3081 3291 3388 3363)
4(3281 3303 3388 3291)
5(3080 3081 3363 3362 3366)
5(3281 3291 3081 3080 3282)
4(3392 3385 3389 3384)
4(3309 3310 3392 3384)
4(3389 3308 3309 3384)
4(3390 3383 3364 3365)
4(3364 3383 3389 3368)
4(3367 3368 3389 3385)
4(3367 3365 3364 3368)
4(3390 3387 3388 3383)
4(3388 3303 3305 3383)
4(3364 3363 3388 3383)
4(3362 3363 3364 3365)
4(3388 3383 3295 3291)
4(3295 3383 3364 3087)
4(3081 3087 3364 3363)
4(3081 3291 3295 3087)
4(3305 3290 3295 3383)
4(3389 3383 3295 3294)
4(3286 3308 3389 3294)
4(3286 3294 3295 3290)
4(3281 3290 3295 3291)
4(3088 3294 3389 3368)
4(3088 3368 3364 3087)
4(3088 3087 3295 3294)
4(3369 3384 3392 3370)
4(3369 3368 3389 3384)
4(3367 3368 3369 3370)
4(3392 3386 3391 3384)
4(3391 3372 3369 3384)
4(3371 3372 3391 3386)
4(3371 3370 3369 3372)
4(3391 3384 3309 3313)
4(3311 3386 3391 3313)
4(3292 3384 3391 3293)
4(3369 3384 3292 3114)
4(3113 3293 3391 3372)
4(3113 3372 3369 3114)
4(3113 3114 3292 3293)
4(3292 3287 3309 3384)
4(3292 3384 3389 3294)
4(3286 3287 3292 3294)
4(3289 3313 3391 3293)
4(3289 3293 3292 3287)
4(3088 3114 3369 3368)
4(3088 3294 3292 3114)
4(3391 3386 3381 3382)
4(3373 3372 3391 3382)
4(3381 3374 3373 3382)
4(3371 3372 3373 3374)
4(3314 3382 3391 3313)
4(3381 3382 3314 3312)
4(3391 3382 3279 3293)
4(3279 3382 3373 3123)
4(3113 3123 3373 3372)
4(3113 3293 3279 3123)
4(3314 3382 3279 3277)
4(3289 3277 3279 3293)
4(3393 3316 3315 3394)
4(3296 3297 3393 3394)
4(3393 3297 2120 3316)
4(3377 3394 3393 3379)
4(3318 3379 3393 3316)
4(3377 3379 3318 3317)
4(3298 3299 3398 3396)
4(3397 3396 3398 3395)
4(3398 3299 3300 3395)
4(3300 3301 3397 3395)
4(3398 3396 3381 3382)
4(3314 3299 3398 3382)
4(3398 3395 3380 3376)
4(3380 3395 3397 3378)
4(3375 3396 3398 3376)
4(3375 3376 3380 3378)
4(3398 3278 3183 3395)
4(3183 2130 3300 3395)
4(3276 3278 3398 3299)
4(3276 2130 3183 3278)
4(3380 3130 3183 3395)
4(3126 3376 3398 3278)
4(3126 3130 3380 3376)
4(3126 3278 3183 3130)
4(3393 3184 3183 3395)
4(3393 3395 3380 3379)
4(3182 3184 3393 3379)
4(3182 3379 3380 3130)
4(3182 3130 3183 3184)
4(3393 3395 3300 3297)
4(3397 3395 3393 3394)
4(2129 3297 3393 3184)
4(2129 3184 3183 2130)
4(3377 3378 3380 3379)
4(3373 3382 3398 3376)
4(3375 3374 3373 3376)
4(3398 3382 3279 3278)
4(3276 3278 3279 3277)
4(3126 3376 3373 3123)
4(3126 3123 3279 3278)
4(3165 3184 3393 3316)
4(3182 3166 3318 3379)
4(3182 3184 3165 3166)
4(2129 2126 3165 3184)
4(3083 3433 3441 3084)
4(3432 3437 3441 3433)
4(3441 3437 3085 3084)
4(3432 3086 3085 3437)
4(3083 3086 3432 3433)
4(3083 3084 3085 3086)
5(3399 3079 3078 3439 3400)
4(3078 3082 3440 3439)
4(3400 3439 3440 3401)
4(3362 3401 3440 3363)
4(3081 3363 3440 3082)
5(3078 3079 3080 3081 3082)
4(3403 3402 3434 3444)
4(3434 3273 3428 3444)
4(3428 3404 3403 3444)
4(3271 3273 3434 3402)
4(3271 3404 3428 3273)
4(3271 3402 3403 3404)
4(3441 3438 3435 3433)
4(3435 3438 3093 3092)
4(3441 3084 3093 3438)
4(3083 3433 3435 3092)
4(3083 3092 3093 3084)
4(3078 3439 3443 3089)
4(3400 3412 3443 3439)
4(3411 3417 3443 3412)
4(3090 3089 3443 3417)
6(3399 3409 3410 3411 3412 3400)
6(3411 3410 3409 3091 3090 3417)
5(3078 3089 3090 3091 3079)
4(3441 3406 3414 3437)
4(3414 3413 3432 3437)
4(3405 3406 3441 3433)
4(3405 3433 3432 3413)
4(3441 3437 3440 3439)
4(3085 3082 3440 3437)
4(3078 3084 3441 3439)
4(3078 3082 3085 3084)
4(3414 3437 3440 3401)
4(3400 3439 3441 3406)
4(3364 3365 3414 3437)
4(3440 3363 3364 3437)
4(3364 3368 3432 3437)
4(3367 3413 3432 3368)
4(3364 3437 3085 3087)
4(3081 3087 3085 3082)
4(3088 3368 3432 3086)
4(3088 3086 3085 3087)
4(3435 3408 3407 3438)
4(3407 3406 3441 3438)
4(3405 3408 3435 3433)
4(3405 3406 3407 3408)
4(3435 3436 3442 3438)
4(3407 3438 3442 3419)
4(3418 3419 3442 3436)
4(3418 3436 3435 3408)
4(3418 3408 3407 3419)
4(3093 3095 3442 3438)
4(3094 3436 3442 3095)
4(3094 3092 3435 3436)
4(3094 3095 3093 3092)
4(3443 3438 3441 3439)
4(3443 3089 3093 3438)
4(3078 3084 3093 3089)
4(3443 3438 3407 3412)
4(3400 3412 3407 3406)
4(3442 3417 3443 3438)
4(3411 3417 3442 3419)
4(3411 3419 3407 3412)
4(3090 3095 3442 3417)
4(3090 3089 3093 3095)
4(3434 3444 3442 3436)
4(3403 3419 3442 3444)
4(3418 3402 3434 3436)
4(3418 3419 3403 3402)
4(3098 3444 3434 3099)
4(3428 3444 3098 3097)
4(3096 3099 3434 3273)
4(3096 3273 3428 3097)
4(3096 3097 3098 3099)
4(3442 3095 3098 3444)
4(3094 3436 3434 3099)
4(3094 3099 3098 3095)
4(3416 3420 3403 3444)
4(3416 3444 3428 3415)
4(3421 3415 3428 3404)
4(3421 3420 3416 3415)
4(3421 3404 3403 3420)
4(3416 3417 3442 3444)
4(3411 3417 3416 3420)
4(3411 3420 3403 3419)
4(3416 3100 3098 3444)
4(3090 3100 3416 3417)
4(3090 3095 3098 3100)
4(3101 3097 3428 3415)
4(3101 3415 3416 3100)
4(3101 3100 3098 3097)
4(3109 3112 3474 3464)
4(3109 3464 3476 3110)
4(3476 3458 3111 3110)
4(3476 3464 3474 3458)
4(3474 3112 3111 3458)
4(3109 3110 3111 3112)
4(3109 3118 3478 3464)
4(3478 3118 3117 3459)
4(3474 3464 3478 3459)
4(3117 3112 3474 3459)
4(3109 3112 3117 3118)
5(3457 3472 1878 1877 3270)
6(3271 3402 3418 3470 3457 3270)
4(3418 3425 3479 3470)
4(3457 3470 3479 3472)
4(1878 3472 3479 1879)
4(1880 1879 3479 3425)
4(1882 1881 3422 3272)
4(3271 3272 3422 3402)
4(3418 3402 3422 3425)
4(1880 3425 3422 1881)
5(3271 3270 1877 1882 3272)
6(1877 1878 1879 1880 1881 1882)
5(3269 3270 3457 3471 3450)
4(3457 3472 3480 3471)
4(3450 3471 3480 3451)
4(1878 1884 3480 3472)
4(1883 3451 3480 1884)
5(3269 3450 3451 1883 1885)
4(3269 1885 1877 3270)
4(3483 3460 3482 3466)
4(3483 3467 3481 3460)
4(3482 3460 3481 3469)
4(3456 3469 3481 3467)
4(3456 3467 3483 3466)
4(3484 3465 3485 3461)
4(3485 3453 3452 3461)
4(3452 3449 3484 3461)
4(3445 3453 3485 3465)
4(3445 3449 3452 3453)
5(3102 3270 3457 3473 3104)
4(3457 3471 3486 3473)
4(3450 3454 3486 3471)
4(3104 3473 3486 3119)
4(3120 3119 3486 3454)
5(3269 3121 3120 3454 3450)
4(3269 3270 3102 3121)
5(3102 3104 3119 3120 3121)
4(3109 3464 3487 3115)
4(3116 3462 3476 3110)
4(3487 3464 3476 3462)
4(3116 3115 3487 3462)
4(3109 3115 3116 3110)
4(3122 3118 3478 3463)
4(3478 3464 3487 3463)
4(3122 3463 3487 3115)
4(3109 3118 3122 3115)
4(3418 3470 3488 3436)
4(3457 3473 3488 3470)
4(3094 3436 3488 3103)
4(3104 3103 3488 3473)
5(3271 3273 3096 3102 3270)
6(3102 3096 3099 3094 3103 3104)
4(3476 3458 3432 3433)
4(3432 3458 3111 3086)
4(3083 3110 3476 3433)
4(3083 3086 3111 3110)
4(3475 3458 3476 3466)
4(3475 3468 3474 3458)
4(3456 3464 3474 3468)
4(3456 3466 3476 3464)
4(3432 3413 3475 3458)
4(3405 3433 3476 3466)
4(3475 3458 3369 3370)
4(3369 3458 3432 3368)
4(3369 3372 3474 3458)
4(3371 3468 3474 3372)
4(3111 3458 3369 3114)
4(3113 3372 3474 3112)
4(3113 3112 3111 3114)
4(3088 3114 3111 3086)
4(3447 3459 3478 3446)
4(3447 3125 3117 3459)
4(3124 3446 3478 3118)
4(3124 3125 3447 3446)
4(3124 3118 3117 3125)
4(3478 3465 3477 3459)
4(3477 3448 3447 3459)
4(3445 3465 3478 3446)
4(3445 3446 3447 3448)
4(3477 3459 3474 3468)
4(3456 3464 3478 3465)
4(3373 3374 3477 3459)
4(3373 3459 3474 3372)
4(3373 3376 3447 3459)
4(3375 3448 3447 3376)
4(3373 3459 3117 3123)
4(3113 3123 3117 3112)
4(3126 3376 3447 3125)
4(3126 3125 3117 3123)
4(3423 3408 3483 3460)
4(3482 3424 3423 3460)
4(3405 3466 3483 3408)
4(3405 3408 3423 3424)
4(3483 3460 3479 3470)
4(3423 3425 3479 3460)
4(3418 3408 3483 3470)
4(3418 3425 3423 3408)
4(3479 3472 3481 3460)
4(3457 3467 3481 3472)
4(3457 3470 3483 3467)
4(1887 3460 3479 1879)
4(3481 3460 1887 1886)
4(1878 3472 3481 1886)
4(1887 1889 3423 3460)
4(3482 1890 1887 3460)
4(1888 3424 3423 1889)
4(1880 1889 3423 3425)
4(1891 1886 3481 3469)
4(3485 3461 3481 3467)
4(3484 3469 3481 3461)
4(3456 3465 3485 3467)
4(3480 3471 3485 3461)
4(3481 3472 3480 3461)
4(3457 3467 3485 3471)
4(3452 3461 3480 3451)
4(3450 3471 3485 3453)
4(3450 3453 3452 3451)
4(3481 1886 1892 3461)
4(3480 3461 1892 1884)
4(3484 3461 1892 1894)
4(1892 3461 3452 1895)
4(1893 1895 3452 3449)
4(1883 3451 3452 1895)
4(3435 3462 3476 3433)
4(3116 3462 3435 3092)
4(3083 3110 3116 3092)
4(3476 3462 3483 3466)
4(3487 3467 3483 3462)
4(3456 3467 3487 3464)
4(3483 3408 3435 3462)
4(3488 3462 3483 3470)
4(3488 3436 3435 3462)
4(3488 3462 3487 3473)
4(3457 3473 3487 3467)
4(3488 3103 3116 3462)
4(3094 3092 3116 3103)
4(3104 3115 3487 3473)
4(3104 3103 3116 3115)
4(3478 3463 3455 3446)
4(3455 3463 3122 3127)
4(3124 3446 3455 3127)
4(3124 3127 3122 3118)
4(3485 3465 3478 3463)
4(3455 3453 3485 3463)
4(3445 3453 3455 3446)
4(3487 3463 3485 3467)
4(3485 3471 3486 3463)
4(3486 3473 3487 3463)
4(3455 3454 3486 3463)
4(3450 3454 3455 3453)
4(3486 3119 3122 3463)
4(3104 3115 3122 3119)
4(3120 3127 3455 3454)
4(3120 3119 3122 3127)
4(3489 3429 3322 3320)
4(3430 3495 3319 3323)
4(3489 3495 3430 3429)
4(3322 3429 3430 3323)
4(3445 3446 3500 3493)
4(3498 3493 3500 3490)
4(3500 3446 3447 3490)
4(3447 3448 3498 3490)
5(3269 3450 3497 3266 3267)
4(1927 3268 3501 1928)
4(3450 3451 3501 3497)
4(3266 3497 3501 3268)
4(1883 1928 3501 3451)
5(3266 3268 1927 1926 3267)
4(3269 3267 1926 1885)
4(3489 3320 3324 3496)
4(3502 3325 3321 3494)
4(3324 3325 3502 3496)
4(3489 3496 3502 3494)
4(3445 3493 3503 3453)
4(3503 3493 3499 3491)
4(3499 3449 3452 3491)
4(3452 3453 3503 3491)
4(3186 3185 3504 3265)
4(3450 3497 3504 3454)
4(3266 3265 3504 3497)
4(3120 3454 3504 3185)
5(3187 3186 3265 3266 3267)
4(3269 3121 3187 3267)
5(3120 3185 3186 3187 3121)
4(3431 3326 3324 3496)
4(3489 3429 3431 3496)
4(3431 3429 3322 3326)
4(3500 3493 3503 3492)
4(3455 3446 3500 3492)
4(3503 3453 3455 3492)
4(3377 3379 3430 3495)
4(3318 3323 3430 3379)
4(3500 3490 3430 3429)
4(3498 3495 3430 3490)
4(3489 3493 3500 3429)
4(3128 3129 3500 3490)
4(3430 3189 3128 3490)
4(3188 3429 3500 3129)
4(3188 3189 3430 3429)
4(3188 3129 3128 3189)
4(3447 3490 3128 3125)
4(3124 3129 3500 3446)
4(3124 3125 3128 3129)
4(3380 3490 3430 3379)
4(3380 3130 3128 3490)
4(3182 3379 3430 3189)
4(3182 3189 3128 3130)
4(3380 3378 3498 3490)
4(3380 3490 3447 3376)
4(3126 3130 3128 3125)
4(1923 1930 3502 3325)
4(1929 3494 3502 1930)
4(3502 3325 3261 3268)
4(1927 1930 3502 3268)
4(1927 3268 3261 1925)
4(3266 3268 3502 3496)
4(3266 3496 3324 3259)
4(3266 3259 3261 3268)
4(3499 3491 3502 3494)
4(3502 3491 3503 3496)
4(3489 3496 3503 3493)
4(3499 3491 1932 1931)
4(3502 1930 1932 3491)
4(3452 3491 1932 1895)
4(3501 3491 3502 3268)
4(1932 3491 3501 1928)
4(3503 3491 3501 3497)
4(3501 3491 3452 3451)
4(3450 3453 3503 3497)
4(3266 3497 3503 3496)
4(3260 3326 3431 3265)
4(3186 3265 3431 3190)
4(3431 3326 3179 3190)
4(3186 3178 3260 3265)
4(3186 3190 3179 3178)
4(3266 3496 3431 3265)
4(3266 3265 3260 3259)
4(3431 3492 3500 3429)
4(3503 3492 3431 3496)
4(3500 3129 3131 3492)
4(3131 3190 3431 3492)
4(3188 3429 3431 3190)
4(3188 3190 3131 3129)
4(3455 3127 3131 3492)
4(3124 3129 3131 3127)
4(3504 3265 3431 3492)
4(3504 3492 3131 3185)
4(3186 3185 3131 3190)
4(3504 3492 3503 3497)
4(3455 3492 3504 3454)
4(3120 3127 3131 3185)
4(3181 3189 3430 3323)
4(3188 3180 3322 3429)
4(3188 3189 3181 3180)
4(3182 3166 3181 3189)
4(3188 3180 3179 3190)
5(3262 3421 3415 3101 3106)
5(3271 3404 3421 3262 3263)
4(3262 3106 3105 3263)
5(3271 3263 3105 3096 3273)
5(3105 3106 3101 3097 3096)
6(3426 3427 3421 3415 3101 3108)
5(3426 3264 3262 3421 3427)
4(3107 3106 3262 3264)
4(3101 3106 3107 3108)
4(1896 1899 3514 3505)
4(1896 3505 3522 1897)
4(3522 3521 1898 1897)
4(3522 3505 3514 3521)
4(3514 1899 1898 3521)
4(1896 1897 1898 1899)
4(3421 3427 3517 3420)
4(3517 3508 3514 3420)
4(3506 3508 3517 3427)
4(3506 3505 3514 3508)
4(3421 3505 3506 3427)
4(3421 3420 3514 3505)
4(3407 3408 3423 3509)
4(3519 3406 3407 3509)
4(3423 3424 3519 3509)
4(3411 3511 3516 3410)
4(3409 3410 3516 3513)
4(1902 1901 3516 3511)
4(1900 3513 3516 1901)
4(3400 3510 3518 3412)
4(3411 3412 3518 3511)
4(1902 3511 3518 1903)
4(1904 1903 3518 3510)
4(3411 3410 3517 3420)
4(3426 3427 3517 3512)
4(3409 3512 3517 3410)
5(3091 3090 3100 3101 3108)
4(3517 3508 3516 3410)
4(3514 3511 3516 3508)
4(3411 3511 3514 3420)
4(3517 3512 3520 3508)
4(3520 3507 3506 3508)
4(3426 3427 3506 3507)
4(3520 3508 3516 3513)
4(1906 3508 3514 1899)
4(3516 3508 1906 1901)
4(1902 1899 3514 3511)
4(1902 1901 1906 1899)
4(3506 3508 1906 1908)
4(3520 1909 1906 3508)
4(1907 3507 3506 1908)
4(1907 1908 1906 1909)
4(1896 1908 3506 3505)
4(1896 1899 1906 1908)
4(1900 1909 1906 1901)
4(3407 3419 3515 3509)
4(3423 3509 3515 3425)
4(3418 3425 3515 3419)
4(3407 3509 3518 3412)
4(3519 3510 3518 3509)
4(3518 3511 3515 3509)
4(3411 3419 3515 3511)
4(3518 1903 1911 3509)
4(3515 3509 1911 1910)
4(1902 3511 3515 1910)
4(3519 3509 1911 1912)
4(3423 1889 1911 3509)
4(1880 1910 3515 3425)
5(3262 1913 1896 3505 3421)
4(1882 3272 3522 1897)
4(3271 3404 3522 3272)
4(3421 3505 3522 3404)
4(3262 3263 1914 1913)
5(3271 3272 1882 1914 3263)
5(1896 1913 1914 1882 1897)
4(3262 1913 1915 3264)
5(1915 1913 1896 1908 1907)
4(3522 3521 3422 3272)
4(3422 3521 1898 1881)
4(1882 1881 1898 1897)
4(3403 3404 3522 3521)
4(3422 3402 3403 3521)
4(3403 3420 3514 3521)
4(3403 3521 3515 3419)
4(3422 3425 3515 3521)
4(3515 3511 3514 3521)
4(1898 3521 3515 1910)
4(1902 1899 1898 1910)
4(1880 1910 1898 1881)
4(3081 3150 3526 3291)
4(2060 3280 3526 3136)
4(3281 3291 3526 3280)
4(3137 3136 3526 3150)
5(2059 2060 3136 3137 3138)
5(3080 3138 3137 3150 3081)
4(2062 3140 3527 3284)
4(3283 3284 3527 3524)
4(3139 2063 3283 3524)
4(3527 3140 3139 3524)
4(2062 2063 3139 3140)
4(3285 2067 3141 3525)
4(3527 3284 3285 3525)
4(3141 3140 3527 3525)
4(2062 3140 3141 2067)
4(3523 3524 3292 3293)
4(3147 3524 3523 3149)
4(3147 3114 3292 3524)
4(3113 3149 3523 3293)
4(3113 3114 3147 3149)
4(3292 3524 3283 3287)
4(3292 3294 3527 3524)
4(3286 3284 3527 3294)
4(3523 3288 3283 3524)
4(3139 3142 3523 3524)
4(2068 3288 3523 3142)
4(2068 3142 3139 2063)
4(3139 3524 3147 3144)
4(3147 3524 3527 3148)
4(3143 3148 3527 3140)
4(3143 3140 3139 3144)
4(3143 3144 3147 3148)
4(3289 3293 3523 3288)
4(3145 3142 3523 3149)
4(3145 3144 3139 3142)
4(3145 3149 3147 3144)
4(3088 3294 3527 3148)
4(3088 3148 3147 3114)
4(3295 3525 3526 3291)
4(3526 3525 3151 3150)
4(3151 3525 3295 3087)
4(3081 3150 3151 3087)
4(3526 3525 3285 3280)
4(3141 3525 3526 3136)
4(2060 2067 3141 3136)
4(3295 3290 3285 3525)
4(3295 3525 3527 3294)
4(3151 3525 3141 3146)
4(3151 3148 3527 3525)
4(3143 3146 3141 3140)
4(3143 3148 3151 3146)
4(3137 3136 3141 3146)
4(3137 3146 3151 3150)
4(3088 3087 3151 3148)
4(3523 3133 3275 3288)
4(3132 3133 3523 3142)
4(3275 3133 3132 2070)
4(2068 2070 3132 3142)
4(3279 3293 3523 3133)
4(3279 3133 3275 3277)
4(3134 3149 3523 3133)
4(3134 3133 3279 3123)
4(3113 3149 3134 3123)
4(3145 3135 3134 3149)
4(3145 3142 3132 3135)
4(3132 3133 3134 3135)
4(2071 3153 3154 3274)
4(2131 3274 3154 3155)
4(2071 2072 3152 3153)
4(3154 3153 3152 3155)
4(3152 2072 2131 3155)
4(3154 3274 3275 3133)
4(2071 3153 3132 2070)
4(3132 3153 3154 3133)
4(3154 3155 3183 3278)
4(3276 3274 3154 3278)
4(3183 3155 2131 2130)
4(3126 3278 3154 3157)
4(3156 3157 3154 3155)
4(3126 3157 3156 3130)
4(3156 3155 3183 3130)
4(3279 3133 3154 3278)
4(3134 3133 3154 3157)
4(3126 3123 3134 3157)
4(3557 3613 3664 3558)
4(3559 3558 3664 3629)
4(3664 3613 3612 3629)
4(3612 3560 3559 3629)
4(3557 3560 3612 3613)
4(3557 3558 3559 3560)
4(1938 3621 3633 1939)
4(1940 3632 3620 1941)
4(1940 1939 3633 3632)
4(1938 1941 3620 3621)
4(3620 3632 3633 3621)
4(1938 1939 1940 1941)
5(3528 3614 3663 1934 1935)
4(3566 3565 3664 3558)
4(1934 3663 3664 3565)
4(3614 3613 3664 3663)
5(3557 3613 3614 3528 3529)
5(1986 1935 1934 3565 3566)
5(3557 3529 1986 3566 3558)
4(1986 3529 3528 1935)
4(1936 3634 3665 1937)
4(1934 1937 3665 3663)
4(3614 3663 3665 3617)
4(3616 3617 3665 3634)
5(3616 3263 3528 3614 3617)
5(3616 3634 1936 1914 3263)
4(1914 1935 3528 3263)
5(1934 1935 1914 1936 1937)
4(3636 3626 3568 3567)
4(3568 3626 3635 3569)
4(1943 3569 3635 3637)
4(1943 3637 3636 3567)
4(3635 3626 3636 3637)
4(1943 3567 3568 3569)
4(3568 3626 3625 3572)
4(3627 3626 3568 3571)
4(3570 3628 3627 3571)
4(3625 3626 3627 3628)
4(3570 3572 3625 3628)
4(3570 3571 3568 3572)
4(3573 3567 3636 3624)
4(3636 3626 3625 3624)
4(3573 3624 3625 3572)
4(3573 3572 3568 3567)
4(3574 3577 3635 3569)
4(3574 3571 3627 3577)
4(3627 3626 3635 3577)
4(3574 3569 3568 3571)
4(3575 3565 3664 3629)
4(3559 3576 3575 3629)
4(3566 3565 3575 3576)
4(3566 3576 3559 3558)
4(3638 3663 3664 3629)
4(3575 1942 3638 3629)
4(1934 3663 3638 1942)
4(1934 1942 3575 3565)
4(3614 3615 3638 3663)
4(3612 3629 3638 3615)
4(3614 3613 3612 3615)
4(3575 3569 3635 3629)
4(1943 1942 3638 3637)
4(3638 3629 3635 3637)
4(1943 3569 3575 1942)
4(3559 3577 3635 3629)
4(3574 3576 3575 3569)
4(3574 3577 3559 3576)
4(3563 3631 3630 3564)
4(3623 3631 3563 3562)
4(3630 3631 3623 3622)
4(3561 3564 3630 3622)
4(3561 3622 3623 3562)
4(3561 3562 3563 3564)
4(3633 1939 3563 3631)
4(1938 3621 3630 3564)
4(3633 3631 3630 3621)
4(1938 3564 3563 1939)
4(3636 3567 3563 3631)
4(1943 3637 3633 1939)
4(3636 3631 3633 3637)
4(1943 1939 3563 3567)
4(3623 3631 3636 3624)
4(3573 3562 3623 3624)
4(3573 3567 3563 3562)
4(1940 3632 3665 1937)
4(3665 3632 3620 3634)
4(1936 3634 3620 1941)
4(1936 1941 1940 1937)
4(3665 3663 3638 3632)
4(3638 1942 1940 3632)
4(1934 1937 1940 1942)
4(3618 3632 3665 3617)
4(3614 3615 3618 3617)
4(3618 3615 3638 3632)
4(3616 3617 3618 3619)
4(3616 3619 3620 3634)
4(3620 3619 3618 3632)
4(3633 3632 3638 3637)
4(1943 1942 1940 1939)
4(3580 3581 3627 3571)
4(3627 3581 3582 3628)
4(3570 3628 3582 3583)
4(3582 3581 3580 3583)
4(3570 3583 3580 3571)
4(3578 3581 3627 3577)
4(3578 3579 3580 3581)
4(3574 3571 3580 3579)
4(3574 3579 3578 3577)
4(128 129 3679 3669)
4(3679 129 130 3675)
4(130 131 3670 3675)
4(3670 3669 3679 3675)
4(128 3669 3670 131)
4(3683 133 134 3676)
4(134 135 3667 3676)
4(3667 3666 3683 3676)
4(132 3666 3667 135)
4(3668 136 137 3677)
4(137 129 3679 3677)
4(3679 3669 3668 3677)
4(128 136 3668 3669)
5(88 142 3678 3642 91)
4(3640 3643 3682 3672)
4(142 152 3682 3678)
4(3642 3678 3682 3643)
4(151 3672 3682 152)
5(90 3640 3672 151 89)
5(90 91 3642 3643 3640)
4(3644 3660 3680 3645)
4(142 3678 3680 143)
4(3642 3645 3680 3678)
4(146 143 3680 3660)
5(92 3644 3645 3642 91)
5(146 3660 3644 92 93)
4(3647 3675 3680 3645)
4(3661 3675 3647 3646)
4(3680 3675 3661 3660)
4(3644 3646 3647 3645)
4(3644 3660 3661 3646)
4(3680 3675 3679 3678)
4(130 3675 3680 143)
4(142 3678 3679 129)
4(3670 3675 3661 3662)
4(130 145 3661 3675)
4(144 131 3670 3662)
4(144 3662 3661 145)
4(3647 3649 3679 3675)
4(3670 3650 3647 3675)
4(3648 3669 3679 3649)
4(3648 3650 3670 3669)
4(3648 3649 3647 3650)
4(3642 3649 3679 3678)
4(3642 3645 3647 3649)
4(3651 3662 3670 3650)
4(3651 3650 3647 3646)
4(3651 3646 3661 3662)
4(146 145 3661 3660)
4(3653 3652 3681 3676)
4(3673 3676 3681 3672)
4(3673 3641 3653 3676)
4(3640 3672 3681 3652)
4(3640 3641 3673 3672)
4(3640 3652 3653 3641)
4(134 3676 3673 149)
4(3673 3676 3683 3674)
4(148 149 3673 3674)
4(3667 3676 3681 3671)
4(134 150 3681 3676)
4(138 3671 3681 150)
4(138 135 3667 3671)
4(3667 3656 3653 3676)
4(3683 3676 3653 3655)
4(3654 3656 3667 3666)
4(3654 3655 3653 3656)
4(3657 3652 3681 3671)
4(3657 3671 3667 3656)
4(3657 3656 3653 3652)
4(151 150 3681 3672)
4(151 3672 3673 149)
4(3639 3674 3673 3641)
4(3639 3641 3653 3655)
4(3658 3677 3681 3652)
4(3682 3677 3658 3643)
4(3681 3677 3682 3672)
4(3640 3643 3658 3652)
4(3668 3671 3681 3677)
4(137 3677 3681 150)
4(138 3671 3668 136)
4(3682 3678 3679 3677)
4(137 152 3682 3677)
4(3668 3677 3658 3659)
4(3658 3677 3679 3649)
4(3648 3669 3668 3659)
4(3648 3659 3658 3649)
4(3657 3659 3668 3671)
4(3657 3652 3658 3659)
4(3642 3649 3658 3643)
6(3639 95 96 90 3640 3641)
5(3657 3671 138 139 3106)
5(3107 3654 3656 3657 3106)
4(3107 3106 139 140)
5(128 141 3105 3648 3669)
5(3657 3659 3648 3105 3106)
4(139 3106 3105 141)
5(3651 3530 3105 3648 3650)
5(3651 3662 144 147 3530)
4(147 141 3105 3530)
4(90 3693 3707 110)
4(3698 96 109 3703)
4(109 110 3707 3703)
4(3698 3703 3707 3693)
4(90 96 3698 3693)
4(112 3704 3707 110)
4(3694 3693 3707 3702)
3(3702 3707 3704)
6(3692 91 90 3693 3694 3695)
5(3692 3801 121 107 91)
4(3692 3695 3802 3801)
4(3694 3702 3802 3695)
4(3708 3703 3698 3699)
4(3708 111 109 3703)
4(95 3699 3698 96)
4(3701 3700 3708 3703)
4(3698 3697 3701 3703)
4(3696 3697 3698 3699)
4(3696 3700 3701 3697)
4(3707 3703 3706 3704)
4(3706 3703 109 113)
4(112 3704 3706 113)
3(3701 3706 3703)
4(3708 3703 3706 3705)
4(3701 3703 3707 3702)
4(3694 3693 3698 3697)
4(3694 3697 3701 3702)
4(114 113 3706 3705)
4(3616 3619 3761 3743)
4(3744 3743 3761 3749)
4(3723 3722 3744 3749)
4(3761 3619 3723 3749)
4(3616 3743 3744 3722)
4(3616 3722 3723 3619)
7(90 3640 3756 3734 3735 3694 3693)
4(3640 3641 3762 3756)
4(3737 3736 3762 3758)
4(3639 3758 3762 3641)
4(3734 3756 3762 3736)
4(3696 3697 3716 3717)
4(3694 3735 3716 3697)
4(3737 3717 3716 3736)
4(3734 3736 3716 3735)
4(3768 3746 3745 3750)
4(3745 3721 3720 3750)
4(3720 3719 3768 3750)
4(3718 3721 3745 3746)
4(3718 3719 3720 3721)
6(3692 91 3642 3757 3732 3714)
4(3640 3756 3760 3643)
4(3732 3757 3760 3733)
4(3642 3643 3760 3757)
4(3734 3733 3760 3756)
4(3694 3695 3715 3735)
4(3692 3714 3715 3695)
4(3732 3733 3715 3714)
4(3734 3735 3715 3733)
4(3761 3743 3747 3751)
4(3618 3619 3761 3751)
4(3747 3617 3618 3751)
4(3616 3617 3747 3743)
7(92 3755 3730 3742 3740 3688 3644)
4(97 3754 3764 98)
4(97 3685 3765 3754)
4(3740 3687 3686 3688)
4(92 98 3764 3755)
4(3710 3728 3764 3754)
4(3730 3755 3764 3728)
4(3601 3602 3765 3685)
4(3710 3754 3765 3726)
4(3594 3726 3765 3602)
4(3710 3726 3727 3728)
4(3594 3687 3727 3726)
4(3730 3728 3727 3742)
4(3740 3742 3727 3687)
7(92 3644 3684 3601 3685 97 98)
4(3601 3684 3686 3602)
4(3594 3602 3686 3687)
4(3644 3688 3686 3684)
6(3692 91 92 3755 3730 3724)
4(3644 3645 3763 3688)
4(3732 3741 3763 3757)
4(3642 3757 3763 3645)
4(3740 3688 3763 3741)
4(3692 3724 3725 3714)
4(3732 3714 3725 3741)
4(3730 3742 3725 3724)
4(3740 3741 3725 3742)
4(97 3754 3767 100)
4(3764 98 99 3752)
4(3764 3752 3767 3754)
4(3767 3752 99 100)
4(92 3755 3766 101)
4(3730 3729 3766 3755)
4(102 101 3766 117)
3(117 3766 3729)
4(3692 3801 3803 3724)
4(3730 3724 3803 3729)
4(97 3754 3596 123)
4(3767 3753 3596 3754)
4(3767 100 122 3753)
4(3765 3598 3597 3685)
4(3596 3598 3765 3754)
4(97 3685 3597 123)
4(3596 123 3597 3598)
4(3759 3749 3658 3652)
4(3658 3749 3760 3643)
4(3760 3749 3759 3756)
4(3640 3756 3759 3652)
4(3744 3659 3658 3749)
4(3761 3749 3658 3649)
4(3648 3743 3761 3649)
4(3648 3659 3744 3743)
4(3744 3749 3759 3748)
4(3723 3738 3759 3749)
4(3739 3748 3759 3738)
4(3739 3722 3744 3748)
4(3739 3738 3723 3722)
4(3761 3757 3760 3749)
4(3723 3749 3760 3733)
4(3732 3757 3761 3619)
4(3732 3619 3723 3733)
4(3657 3652 3759 3748)
4(3657 3748 3744 3659)
4(3642 3649 3761 3757)
4(3734 3738 3759 3756)
4(3734 3733 3723 3738)
4(3653 3750 3759 3652)
4(3653 3641 3762 3750)
4(3759 3750 3762 3756)
4(3745 3750 3653 3656)
4(3653 3750 3768 3655)
4(3654 3746 3745 3656)
4(3745 3748 3759 3750)
4(3720 3750 3759 3738)
4(3739 3748 3745 3721)
4(3739 3721 3720 3738)
4(3768 3750 3762 3758)
4(3762 3750 3720 3736)
4(3737 3736 3720 3719)
4(3657 3656 3745 3748)
4(3734 3738 3720 3736)
4(3763 3751 3647 3645)
4(3647 3751 3689 3646)
4(3689 3751 3763 3688)
4(3644 3646 3689 3688)
4(3647 3751 3761 3649)
4(3747 3751 3647 3650)
4(3648 3743 3747 3650)
4(3763 3757 3761 3751)
4(3618 3741 3763 3751)
4(3732 3741 3618 3619)
4(3747 3690 3689 3751)
4(3618 3751 3689 3615)
4(3614 3690 3747 3617)
4(3614 3615 3689 3690)
4(3651 3650 3747 3690)
4(3651 3690 3689 3646)
4(3740 3688 3689 3615)
4(3740 3615 3618 3741)
4(3740 3687 3612 3615)
4(3612 3687 3686 3691)
4(3689 3691 3686 3688)
4(3689 3615 3612 3691)
4(3766 3752 3764 3755)
4(3766 101 99 3752)
4(3731 3728 3764 3752)
4(3767 3711 3731 3752)
4(3710 3711 3767 3754)
4(3710 3728 3731 3711)
4(3731 3729 3766 3752)
4(3730 3729 3731 3728)
4(99 3752 124 103)
4(124 3752 3766 117)
4(3767 125 124 3752)
3(3731 3752 124)
4(3709 125 3767 3711)
4(104 100 3767 125)
4(3712 3711 3767 3753)
4(3710 3592 3596 3754)
4(3710 3711 3712 3592)
3(125 3767 3753)
4(3600 3602 3765 3598)
4(3601 3599 3597 3685)
4(3597 3599 3600 3598)
4(3601 3602 3600 3599)
4(3765 3726 3593 3598)
4(3710 3592 3593 3726)
4(3593 3592 3596 3598)
4(3594 3726 3593 3595)
4(3593 3598 3600 3595)
4(3594 3595 3600 3602)
5(3262 3106 3657 3748 3739)
5(3616 3743 3648 3105 3263)
5(3616 3263 3262 3739 3722)
5(3718 3721 3739 3262 3264)
5(3528 3614 3690 3651 3530)
4(3528 3530 3105 3263)
4(3620 3769 1946 1941)
4(3620 3621 3782 3769)
4(3782 1947 1946 3769)
4(1938 1947 3782 3621)
4(1938 1941 1946 1947)
4(3785 3770 3590 3589)
4(3788 3770 3785 3773)
4(3788 3591 3590 3770)
4(3588 3773 3785 3589)
4(3588 3589 3590 3591)
4(3718 3775 3780 3721)
4(3720 3721 3780 3771)
4(3780 3775 3787 3771)
4(3787 3719 3720 3771)
4(3584 3587 3784 3774)
4(3786 3774 3784 3772)
4(3586 3585 3786 3772)
4(3784 3587 3586 3772)
4(3584 3774 3786 3585)
4(3584 3585 3586 3587)
4(3692 3622 3623 3724)
4(3692 3801 3804 3622)
4(3803 3724 3623 3797)
4(3804 3797 3623 3622)
4(3710 3726 3627 3628)
4(3627 3726 3727 3626)
4(3727 3728 3625 3626)
4(3710 3628 3625 3728)
4(3692 3622 3630 3714)
4(3725 3714 3630 3631)
4(3623 3724 3725 3631)
4(3593 3726 3627 3581)
4(3710 3592 3582 3628)
4(3582 3592 3593 3581)
4(3694 3697 3785 3774)
4(3701 3798 3785 3697)
4(3785 3798 3806 3774)
4(3694 3774 3806 3702)
4(3692 3695 3786 3622)
4(3786 3695 3802 3799)
4(3804 3622 3786 3799)
5(1944 1913 3262 3739 3777)
4(1936 1945 3779 3634)
4(3616 3634 3779 3722)
4(3739 3722 3779 3777)
4(1944 3777 3779 1945)
5(1944 1945 1936 1914 1913)
4(3739 3777 3780 3721)
4(1948 3775 3780 1949)
4(1944 1949 3780 3777)
5(1915 1948 1949 1944 1913)
4(3620 3769 3779 3634)
4(1946 1945 3779 3769)
4(1936 1945 1946 1941)
4(3723 3769 3620 3619)
4(3723 3733 3782 3769)
4(3732 3621 3782 3733)
4(3732 3619 3620 3621)
4(3779 3722 3723 3769)
4(3781 1951 1946 3769)
4(3782 3776 3781 3769)
4(1950 1951 3781 3776)
4(1950 3776 3782 1947)
4(1950 1947 1946 1951)
4(3781 3769 3779 3777)
4(3723 3769 3781 3738)
4(3739 3738 3781 3777)
4(1944 3777 3781 1951)
4(1944 1951 1946 1945)
4(3734 3776 3781 3738)
4(3734 3733 3782 3776)
4(3785 3770 3784 3774)
4(3590 3587 3784 3770)
4(3584 3589 3785 3774)
4(3584 3587 3590 3589)
4(3785 3697 3716 3770)
4(3716 3717 3788 3770)
4(3696 3697 3785 3773)
4(3716 3770 3784 3735)
4(3694 3735 3784 3774)
4(3783 3770 3590 1953)
4(3784 3770 3783 3776)
4(1950 3776 3783 1953)
4(1950 3587 3784 3776)
4(1950 1953 3590 3587)
4(3788 3770 3783 3778)
4(3716 3736 3783 3770)
4(3737 3778 3783 3736)
4(1955 1953 3783 3778)
4(1955 3591 3590 1953)
4(3734 3736 3783 3776)
4(3734 3776 3784 3735)
4(3781 3771 1952 1951)
4(1952 3771 3783 1953)
4(3783 3771 3781 3776)
4(1950 1951 1952 1953)
4(3780 3771 3781 3777)
4(3781 3771 3720 3738)
4(3780 1949 1952 3771)
4(3787 3771 1952 1954)
4(1948 1954 1952 1949)
4(3787 3778 3783 3771)
4(3720 3771 3783 3736)
4(1944 1949 1952 1951)
4(1955 1953 1952 1954)
4(3715 3772 3786 3695)
4(3715 3735 3784 3772)
4(3694 3695 3786 3774)
4(3786 3622 3630 3772)
4(3630 3714 3715 3772)
4(3630 3772 3586 3564)
4(3561 3585 3786 3622)
4(3561 3564 3586 3585)
4(3782 3621 3630 3772)
4(3782 3772 3586 1947)
4(1938 1947 3586 3564)
4(3715 3772 3782 3733)
4(3732 3621 3630 3714)
4(3782 3772 3784 3776)
4(1950 3587 3586 1947)
4(3727 3626 3635 3687)
4(3594 3687 3635 3577)
4(3594 3577 3627 3726)
4(3727 3742 3636 3626)
4(3730 3624 3636 3742)
4(3730 3728 3625 3624)
4(3740 3637 3635 3687)
4(3740 3742 3636 3637)
4(3635 3629 3612 3687)
4(3594 3687 3612 3560)
4(3594 3560 3559 3577)
4(3740 3637 3638 3615)
4(3725 3741 3633 3631)
4(3732 3621 3633 3741)
4(3725 3631 3636 3742)
4(3730 3624 3623 3724)
4(3740 3741 3633 3637)
4(3618 3632 3633 3741)
4(3578 3581 3593 3595)
4(3594 3577 3578 3595)
4(3582 3628 3713 3789)
4(3710 3711 3713 3628)
3(3570 3628 3713)
4(158 3604 3794 159)
4(3603 3793 3794 3604)
4(155 3793 3603 156)
4(155 159 3794 3793)
4(158 156 3603 3604)
4(105 160 3796 106)
4(3601 3604 3794 3684)
4(3644 3684 3794 3660)
4(146 3660 3794 159)
4(97 106 3796 3685)
4(158 3604 3796 160)
4(3601 3685 3796 3604)
4(3601 3684 3795 3605)
4(3606 3605 3795 3691)
4(3686 3602 3606 3691)
4(3795 3684 3686 3691)
4(3601 3605 3606 3602)
4(3796 106 126 3607)
4(161 160 3796 3607)
4(126 127 161 3607)
4(3603 3793 3795 3605)
4(3794 3684 3795 3793)
4(3601 3604 3603 3605)
4(3603 3609 3790 3793)
4(3790 154 155 3793)
4(153 154 3790 3609)
4(153 3609 3603 156)
4(3790 3793 3795 3792)
4(3610 3792 3795 3605)
4(3610 3609 3790 3792)
4(3610 3605 3603 3609)
4(3795 3793 3661 3646)
4(3661 3793 3794 3660)
4(3644 3684 3795 3646)
4(3790 3662 3661 3793)
4(155 3793 3661 145)
4(144 3662 3790 154)
4(3651 3646 3795 3792)
4(3651 3792 3790 3662)
4(3791 3691 3606 3611)
4(3791 3792 3795 3691)
4(3610 3792 3791 3611)
4(3610 3611 3606 3605)
4(3606 3560 3612 3691)
4(3612 3613 3791 3691)
4(3557 3611 3791 3613)
4(3557 3560 3606 3611)
4(3594 3602 3606 3560)
4(3795 3646 3689 3691)
4(3791 3691 3689 3690)
4(3614 3613 3791 3690)
4(3651 3690 3791 3792)
4(3597 3607 3796 3685)
4(3597 123 126 3607)
4(3608 3604 3796 3607)
4(158 3604 3608 162)
4(3608 3607 161 162)
4(3608 3599 3597 3607)
4(3601 3599 3608 3604)
5(3531 3530 3651 3792 3610)
5(153 157 3531 3610 3609)
4(147 3530 3531 157)
5(3557 3611 3610 3531 3529)
4(3531 3530 3528 3529)
3(3706 113 118)
4(3805 3624 3623 3797)
4(3730 3624 3805 3729)
3(3623 3562 3797)
3(3561 3622 3804)
3(3573 3805 3624)
4(3807 3798 3785 3773)
3(3785 3589 3798)
3(3584 3806 3774)
4(3806 3799 3786 3774)
3(3786 3585 3799)
4(3625 3800 3713 3628)
4(3625 3728 3731 3800)
3(3572 3625 3800)
4(3625 3624 3805 3800)
3(3584 1967 3587)
3(3585 3586 1974)
4(3586 3587 1967 1974)
4(1957 1961 3826 1956)
4(1960 3825 3826 1961)
4(1962 1956 3826 3825)
4(1962 3825 1960 1959)
4(1957 1959 1960 1961)
4(1957 1956 1962 1959)
3(3561 1971 3564)
4(3563 3564 1971 1980)
3(3563 1980 3562)
3(3589 3590 1966)
4(1969 1966 3590 3591)
4(1967 3587 3590 1966)
4(3590 1966 1965 1953)
4(1950 1968 1967 3587)
4(1965 1966 1967 1968)
4(1950 1953 1965 1968)
4(1969 1966 1965 1970)
4(1955 1970 1965 1953)
4(1963 1961 3826 3821)
4(3566 3821 3826 3565)
4(1934 3565 3826 1956)
5(1963 3821 3566 1986 1964)
5(1934 1956 1957 1958 1935)
5(1963 1964 1958 1957 1961)
4(1986 1935 1958 1964)
4(1971 3564 3586 1974)
4(3586 1974 1973 1947)
4(1938 1972 1971 3564)
4(1971 1972 1973 1974)
4(1938 1947 1973 1972)
4(1967 1974 1973 1968)
4(1950 1968 1973 1947)
4(1977 3824 3827 1976)
4(3568 3824 1977 3567)
4(3827 3824 3568 3569)
4(1943 1976 3827 3569)
4(1943 3567 1977 1976)
3(3568 3572 3824)
4(3817 3571 3568 3824)
3(3570 3571 3817)
3(3827 3824 1978)
4(3817 3824 3827 3823)
4(1988 3823 3827 1978)
3(1988 3817 3823)
4(1975 1978 3827 1976)
3(1975 1976 1977)
3(3573 1977 3567)
4(3574 3569 3827 3823)
4(3574 3823 3817 3571)
4(3826 3821 3820 3825)
4(3820 1987 1960 3825)
4(1963 1987 3820 3821)
4(1963 1961 1960 1987)
4(3826 3565 3575 3825)
4(3820 3825 3575 3576)
4(3566 3821 3820 3576)
4(1962 1942 3575 3825)
4(1934 1942 1962 1956)
4(3827 3825 1962 1976)
4(3575 3825 3827 3569)
4(1943 1976 1962 1942)
4(3827 1978 1960 3825)
4(3820 3823 3827 3825)
4(1988 3823 3820 1987)
4(1988 1987 1960 1978)
4(1975 1978 1960 1959)
4(1975 1959 1962 1976)
4(3574 3576 3820 3823)
4(3563 1939 1979 1980)
4(1979 1972 1971 1980)
4(1938 1972 1979 1939)
4(1977 1980 3563 3567)
4(1979 1980 1977 1976)
4(1943 1939 1979 1976)
4(3822 3819 3580 3581)
4(3822 3581 3578 3816)
4(1996 3579 3580 3819)
4(1996 3816 3578 3579)
4(1996 3819 3822 3816)
3(3822 3581 3582)
4(3593 3581 3822 3812)
3(3592 3593 3812)
4(3818 3819 3580 3583)
4(3810 3595 3578 3816)
4(3810 3816 3822 3812)
4(3810 3812 3593 3595)
4(3535 3808 3833 3534)
4(3809 3811 3814 3829)
4(3809 3829 3833 3808)
4(3814 3534 3833 3829)
4(3535 3534 3814 3811)
4(3535 3811 3809 3808)
4(1984 3832 3834 1983)
4(1984 1990 3837 3832)
4(3834 3832 3837 3830)
4(1989 1983 3834 3830)
4(3837 1990 1989 3830)
4(1984 1983 1989 1990)
5(1986 3566 3832 1984 1985)
4(3557 3808 3833 3558)
4(1984 3832 3833 3534)
4(3566 3558 3833 3832)
5(3557 3529 3532 3535 3808)
5(1984 3534 3535 3532 1985)
4(1986 1985 3532 3529)
4(3566 3832 3834 3821)
4(1982 1993 3834 1983)
4(1963 3821 3834 1993)
5(1963 1993 1982 1981 1964)
5(1981 1982 1983 1984 1985)
4(1981 1985 1986 1964)
4(3580 3828 3835 3579)
4(3835 3828 3836 1997)
4(3836 3828 3580 3819)
4(1996 3579 3835 1997)
4(1996 1997 3836 3819)
4(3580 3571 3817 3828)
3(3580 3828 3583)
4(3817 3823 3835 3828)
3(3828 3835 1998)
4(1988 1998 3835 3823)
4(3574 3823 3835 3579)
4(1999 1997 3835 1998)
3(1999 3836 1997)
4(3578 3816 3814 3829)
4(3809 3595 3578 3829)
4(3810 3811 3814 3816)
4(3810 3595 3809 3811)
4(3833 3558 3559 3829)
4(3559 3560 3809 3829)
4(3557 3808 3809 3560)
4(3837 3832 3833 3829)
4(3814 1990 3837 3829)
4(1984 1990 3814 3534)
4(3559 3829 3837 3576)
4(3566 3576 3837 3832)
4(3578 3579 3837 3829)
4(1996 1990 3837 3579)
4(1996 3816 3814 1990)
4(3578 3829 3559 3577)
4(3594 3560 3809 3595)
4(3574 3579 3837 3576)
4(3820 3830 3834 3821)
4(3820 3576 3837 3830)
4(3834 3830 1995 1993)
4(1995 3830 1989 1994)
4(1982 1994 1989 1983)
4(1982 1993 1995 1994)
4(1995 1987 3820 3830)
4(1963 1987 1995 1993)
4(3835 3830 3837 3579)
4(1989 3830 3835 1997)
4(1996 1990 1989 1997)
4(3820 3830 3835 3823)
4(1995 1998 3835 3830)
4(1988 1998 1995 1987)
4(1999 1997 1989 1994)
4(1999 1994 1995 1998)
4(3836 3831 2000 1997)
3(1996 2001 3819)
4(1996 1997 2000 2001)
4(1999 2002 2000 1997)
4(3539 3538 3814 3811)
4(3536 3534 3814 3538)
4(3535 3537 3539 3811)
4(3535 3534 3536 3537)
4(3536 3538 3539 3537)
4(3539 3813 3815 3538)
3(3540 3538 3815)
3(3813 3539 3541)
4(3539 3538 3540 3541)
4(3814 3816 3815 3538)
4(3810 3813 3815 3816)
4(3810 3811 3539 3813)
4(1991 1990 3814 3538)
4(1984 1992 3536 3534)
4(3536 1992 1991 3538)
4(1984 1990 1991 1992)
4(3815 3538 1991 2001)
4(1996 3816 3815 2001)
4(1996 2001 1991 1990)
4(3540 3538 1991 2003)
3(2003 1991 2001)
3(3822 3815 3816)
3(3810 3813 3812)
4(3810 3839 3843 3812)
4(3810 3813 3838 3839)
3(3843 3839 3838)
4(3843 3598 3597 3842)
4(3600 3598 3843 3839)
4(3841 3842 3597 3599)
4(3841 3599 3600 3839)
4(3841 3839 3843 3842)
3(3596 3598 3843)
4(3843 3598 3593 3812)
3(123 3597 3842)
4(3810 3839 3600 3595)
4(3603 3604 3608 3849)
4(3603 3849 166 156)
4(166 3849 3608 162)
4(3601 3605 3855 3599)
4(3855 3605 3606 3850)
4(3606 3602 3600 3850)
4(3600 3599 3855 3850)
4(3597 3607 3852 3842)
4(3608 3851 3852 3607)
4(3841 3851 3608 3599)
4(3841 3842 3852 3851)
3(3852 3607 126)
4(3852 169 161 3607)
4(168 162 3608 3851)
4(168 3851 3852 169)
4(3855 3849 3603 3605)
4(3855 3599 3608 3849)
4(3845 3609 3603 3849)
4(166 163 3845 3849)
4(153 3609 3845 163)
4(3845 3848 3855 3849)
4(3610 3605 3855 3848)
4(3610 3848 3845 3609)
4(3608 3849 3854 3851)
4(3855 3846 3854 3849)
4(3841 3851 3854 3846)
4(3841 3846 3855 3599)
4(166 167 3854 3849)
4(3845 3849 3854 3550)
4(164 3550 3854 167)
4(164 163 3845 3550)
4(168 167 3854 3851)
4(3551 3846 3854 3550)
4(3551 3848 3855 3846)
4(3551 3550 3845 3848)
4(3853 3851 3854 3543)
4(3853 3543 3547 3840)
4(3547 3543 3854 3846)
4(3841 3840 3547 3846)
4(3841 3851 3853 3840)
4(3542 3556 3853 3543)
3(3544 3543 3853)
3(3556 3542 3545)
4(3542 3543 3544 3545)
4(3542 3543 3854 167)
4(3854 3543 3546 3550)
4(164 3200 3542 167)
4(3546 3543 3542 3200)
4(164 3550 3546 3200)
4(168 3556 3853 3851)
4(168 167 3542 3556)
3(3548 3547 3840)
4(3547 3548 3544 3543)
4(3551 3846 3547 3549)
4(3546 3549 3547 3543)
4(3551 3549 3546 3550)
4(3606 3850 3844 3611)
4(3844 3850 3855 3848)
4(3610 3611 3844 3848)
4(3809 3560 3606 3850)
4(3844 3808 3809 3850)
4(3557 3808 3844 3611)
4(3600 3850 3809 3595)
4(3847 3846 3855 3850)
4(3847 3850 3600 3839)
4(3841 3846 3847 3839)
4(3847 3850 3844 3552)
4(3809 3850 3847 3811)
4(3535 3552 3844 3808)
4(3535 3811 3847 3552)
4(3551 3848 3844 3552)
4(3551 3552 3847 3846)
4(3810 3839 3847 3811)
5(3531 3533 3551 3848 3610)
5(3532 3535 3552 3551 3533)
4(3531 3529 3532 3533)
4(3531 3533 165 157)
5(3551 3550 164 165 3533)
4(3847 3552 3553 3554)
4(3847 3554 3539 3811)
4(3535 3537 3553 3552)
4(3539 3554 3553 3537)
4(3847 3846 3547 3554)
4(3551 3552 3553 3549)
4(3547 3549 3553 3554)
4(3838 3813 3539 3554)
3(3838 3554 3555)
4(3555 3554 3539 3541)
4(3838 3839 3847 3554)
4(3547 3554 3838 3840)
4(3841 3840 3838 3839)
4(3547 3554 3555 3548)
3(3841 3840 3842)
3(3852 3851 3853)
3(168 3556 169)
4(3191 3121 3531 157)
4(3102 3192 147 3530)
4(3531 3121 3102 3530)
4(3191 157 147 3192)
4(3191 3192 3102 3121)
4(165 3195 3187 3533)
4(3187 3121 3531 3533)
4(3191 3195 165 157)
4(3191 3121 3187 3195)
4(3542 3200 3196 3197)
4(3201 3545 3542 3197)
4(3198 3200 3542 3545)
4(3198 3199 3196 3200)
4(3196 3199 3201 3197)
4(3542 167 171 3197)
4(3196 3197 171 172)
4(164 3200 3196 172)
4(3542 3197 3202 3556)
4(3202 3197 3201 3203)
4(168 173 3202 3556)
4(3202 173 171 3197)
4(3105 3530 3102 3096)
4(3193 3192 147 141)
5(3193 3194 3096 3102 3192)
5(3193 141 3105 3096 3194)
4(3202 3204 174 173)
4(2004 1919 3243 3893)
4(3890 3893 3243 3246)
6(3247 3894 3895 3890 3246 3245)
4(2004 3893 3896 2005)
4(3894 3897 3896 3895)
4(3890 3895 3896 3893)
4(2006 2005 3896 3897)
4(1918 3248 3892 2007)
4(3892 3248 3243 3893)
4(2004 2007 3892 3893)
4(3249 3253 3892 3248)
4(3251 3248 3892 3889)
4(3252 3250 3251 3889)
4(3252 3889 3892 3253)
4(1924 3253 3892 2007)
4(3890 3889 3251 3246)
4(3890 3893 3892 3889)
4(3888 3255 3251 3889)
4(3888 3258 3254 3255)
4(3252 3258 3888 3889)
4(3256 3891 3888 3255)
4(3890 3891 3256 3246)
4(3890 3889 3888 3891)
4(3888 3255 3172 3217)
4(3210 3175 3256 3891)
4(3210 3891 3888 3217)
4(3210 3217 3172 3175)
4(3177 3217 3888 3258)
4(3177 3173 3172 3217)
4(3868 3969 3971 3871)
7(3868 3862 3930 3902 3926 3900 3969)
7(3864 3874 3970 3903 3923 3899 3921)
4(3899 3923 3937 3920)
4(3900 3926 3937 3928)
4(3902 3920 3937 3926)
4(3903 3928 3937 3923)
4(3899 3920 3938 3921)
4(3862 3863 3938 3930)
4(3902 3930 3938 3920)
4(3864 3921 3938 3863)
4(3900 3928 3971 3969)
4(3874 3871 3971 3970)
4(3903 3970 3971 3928)
6(3868 3871 3874 3864 3863 3862)
4(3868 3969 3972 3869)
4(3972 3969 3971 3966)
4(3971 3871 3870 3966)
4(3870 3869 3972 3966)
4(3868 3869 3870 3871)
4(3868 3872 3974 3969)
4(2013 3919 3940 2014)
4(3900 3927 3940 3926)
4(3902 3926 3940 3919)
4(2008 2014 3940 3927)
4(2013 2012 3881 3919)
4(3862 3930 3881 3880)
4(3902 3919 3881 3930)
4(2010 2009 3974 3872)
4(3900 3969 3974 3927)
4(2008 3927 3974 2009)
6(3868 3862 3880 2011 2010 3872)
4(2011 3880 3881 2012)
3(3898 3942 3914)
4(3898 3914 3943 3915)
4(3943 3914 3942 3904)
4(3963 3915 3943 3904)
4(3898 3916 3947 3914)
4(3942 3914 3947 3905)
4(3947 3916 3962 3905)
4(3222 3223 3950 3918)
4(3960 3918 3950 3906)
4(3950 3223 3235 3906)
3(3222 3235 3223)
4(3205 3876 3975 3228)
4(3899 3922 3948 3923)
4(3229 3936 3948 3236)
4(3237 3236 3948 3922)
4(3903 3923 3948 3936)
4(3899 3921 3951 3922)
4(3206 3238 3951 3867)
4(3864 3867 3951 3921)
4(3237 3922 3951 3238)
4(3229 3228 3975 3936)
4(3874 3970 3975 3876)
4(3903 3936 3975 3970)
6(3205 3206 3867 3864 3874 3876)
7(3205 3228 3229 3236 3237 3238 3206)
4(3873 3872 3974 3967)
4(3974 3969 3972 3967)
4(3972 3869 3873 3967)
4(3868 3872 3873 3869)
4(3898 3914 3956 3917)
4(3956 3914 3943 3909)
4(3943 3915 3964 3909)
4(3964 3917 3956 3909)
4(3947 3914 3956 3910)
4(3965 3916 3947 3910)
4(3956 3917 3965 3910)
4(3950 3918 3961 3911)
4(3224 3223 3950 3911)
4(3961 3225 3224 3911)
4(3222 3223 3224 3225)
4(3975 3228 3227 3968)
4(3227 3226 3877 3968)
4(3877 3876 3975 3968)
4(3205 3876 3877 3226)
4(3205 3226 3227 3228)
4(3210 3209 3958 3891)
4(3894 3895 3958 3935)
4(3890 3891 3958 3895)
4(3208 3935 3958 3209)
6(3167 3169 3208 3209 3210 3175)
4(3941 3919 3940 3904)
4(2016 3904 3940 2014)
4(3942 3904 3940 3926)
4(3940 3904 3943 3927)
4(3900 3914 3942 3926)
4(3900 3927 3943 3914)
4(3943 3904 2016 2018)
4(2017 3915 3943 2018)
4(3902 3926 3942 3934)
4(2008 2018 3943 3927)
4(3944 3883 3881 3919)
4(3881 3883 2020 2012)
4(3884 3930 3881 3883)
4(3862 3930 3884 3857)
4(3862 3857 3879 3880)
4(3884 3883 3879 3857)
4(3879 3883 3881 3880)
4(3902 3912 3884 3930)
4(3946 3905 3937 3920)
4(3937 3905 3945 3923)
4(3899 3923 3945 3924)
4(3937 3905 3942 3926)
4(3947 3905 3937 3928)
4(3900 3914 3947 3928)
4(3947 3931 3945 3905)
4(3901 3932 3945 3931)
4(3901 3931 3947 3916)
4(3903 3931 3945 3923)
4(3903 3928 3947 3931)
4(3948 3906 3949 3922)
4(3948 3923 3945 3906)
4(3950 3906 3945 3931)
4(3901 3918 3950 3931)
4(3235 3906 3948 3236)
4(3950 3936 3948 3906)
4(3229 3936 3950 3223)
4(3229 3223 3235 3236)
4(3237 3236 3235 3239)
4(3903 3931 3950 3936)
4(3886 3859 3858 3907)
4(3858 3857 3884 3907)
4(3856 3885 3884 3857)
4(3856 3857 3858 3859)
4(3952 3861 3858 3907)
4(3860 3861 3952 3887)
4(3860 3859 3858 3861)
4(3938 3907 3953 3920)
4(3952 3907 3938 3921)
4(3899 3913 3952 3921)
4(3938 3930 3884 3907)
4(3858 3863 3938 3907)
4(3862 3863 3858 3857)
4(3864 3921 3952 3861)
4(3864 3861 3858 3863)
4(3865 3908 3878 3866)
4(3865 3861 3952 3908)
4(3860 3861 3865 3866)
4(3240 3207 3865 3908)
4(3198 3866 3865 3207)
4(3198 3207 3240 3241)
4(3951 3908 3952 3921)
4(3951 3922 3954 3908)
4(3865 3908 3951 3867)
4(3951 3908 3240 3238)
4(3206 3207 3865 3867)
4(3206 3238 3240 3207)
4(3864 3867 3865 3861)
4(3237 3242 3240 3238)
4(3955 3909 2023 2022)
4(3896 3909 3955 3893)
4(2023 3909 3896 2005)
4(2004 3893 3955 2022)
4(3943 3909 3955 3927)
4(3955 3909 3956 3929)
4(3900 3929 3956 3914)
4(3900 3927 3955 3929)
4(3943 2018 2023 3909)
4(3964 3909 2023 2024)
4(3956 3909 3896 3895)
4(3964 3897 3896 3909)
4(3894 3917 3956 3895)
4(2008 2022 3955 3927)
4(3890 3895 3956 3929)
4(3890 3929 3955 3893)
4(3957 3910 3939 3925)
4(3939 3910 3958 3891)
4(3958 3910 3957 3209)
4(3210 3209 3957 3925)
4(3210 3925 3939 3891)
4(3939 3910 3947 3928)
4(3939 3929 3956 3910)
4(3900 3929 3939 3928)
4(3957 3931 3947 3910)
4(3965 3933 3957 3910)
4(3901 3931 3957 3933)
4(3958 3910 3956 3895)
4(3965 3910 3958 3935)
4(3903 3925 3957 3931)
4(3903 3928 3939 3925)
4(3890 3891 3939 3929)
4(3208 3933 3957 3209)
4(3959 3911 3957 3925)
4(3211 3911 3959 3212)
4(3211 3209 3957 3911)
4(3210 3212 3959 3925)
4(3210 3209 3211 3212)
4(3957 3911 3950 3931)
4(3961 3911 3957 3933)
4(3959 3936 3950 3911)
4(3224 3230 3959 3911)
4(3229 3936 3959 3230)
4(3229 3230 3224 3223)
4(3224 3911 3211 3214)
4(3961 3215 3211 3911)
4(3213 3214 3211 3215)
4(3213 3225 3224 3214)
4(3903 3925 3959 3936)
4(3216 3230 3959 3212)
4(3216 3212 3211 3214)
4(3216 3214 3224 3230)
4(3208 3215 3211 3209)
4(3973 3925 3939 3966)
4(3888 3966 3939 3891)
4(3888 3217 3973 3966)
4(3210 3925 3973 3217)
4(3939 3928 3971 3966)
4(3972 3929 3939 3966)
4(3900 3929 3972 3969)
4(3973 3966 3971 3970)
4(3870 3966 3973 3875)
4(3874 3875 3973 3970)
4(3874 3871 3870 3875)
4(3888 3889 3972 3966)
4(3870 3258 3888 3966)
4(3252 3869 3972 3889)
4(3252 3258 3870 3869)
4(3903 3970 3973 3925)
4(3890 3889 3972 3929)
4(3177 3217 3973 3875)
4(3177 3875 3870 3258)
4(2025 3967 3955 2022)
4(2025 2007 3892 3967)
4(3892 3893 3955 3967)
4(2025 2009 3974 3967)
4(2025 3967 3873 2026)
4(2010 2026 3873 3872)
4(3955 3967 3974 3927)
4(3955 3929 3972 3967)
4(3892 3253 3873 3967)
4(3892 3967 3972 3889)
4(3252 3869 3873 3253)
4(1924 3253 3873 2026)
4(3959 3230 3227 3968)
4(3959 3968 3975 3936)
4(3229 3228 3227 3230)
4(3218 3221 3227 3968)
4(3218 3968 3959 3212)
4(3216 3221 3218 3212)
4(3216 3230 3227 3221)
4(3218 3220 3877 3968)
4(3219 3226 3877 3220)
4(3219 3220 3218 3221)
4(3219 3221 3227 3226)
4(3973 3968 3959 3925)
4(3218 3968 3973 3217)
4(3210 3212 3218 3217)
4(3973 3970 3975 3968)
4(3877 3875 3973 3968)
4(3874 3875 3877 3876)
4(3177 3220 3877 3875)
4(3177 3217 3218 3220)
4(3856 3976 3536 3537)
5(3532 1985 2011 3880 3862)
4(3856 3857 3879 3976)
4(2027 3976 3879 2028)
4(2011 2028 3879 3880)
4(2027 1992 3536 3976)
6(3856 3537 3535 3532 3862 3857)
6(2011 1985 1984 1992 2027 2028)
4(3540 3976 3536 3538)
4(3856 3541 3539 3537)
5(3868 3267 1926 2010 3872)
4(3868 3862 3532 3267)
4(1926 3267 3532 1985)
4(1926 1985 2011 2010)
4(3879 3976 3882 3883)
4(2020 3883 3879 2028)
4(2027 2029 2020 2028)
4(2027 1992 1991 2003)
6(3868 3869 3252 3259 3266 3267)
6(3177 3875 3874 3187 3186 3178)
5(3868 3267 3187 3874 3871)
5(3205 3876 3874 3187 3195)
6(3205 3195 3231 3232 3219 3226)
5(3187 3186 3233 3231 3195)
4(3186 3178 3234 3233)
4(3219 3232 3234 3220)
4(3231 3233 3234 3232)
4(3177 3220 3234 3178)
4(3864 3533 3187 3874)
5(3864 3863 3862 3532 3533)
4(3187 3533 3532 3267)
5(165 3206 3867 3864 3533)
4(3205 3206 165 3195)
4(3544 3866 3546 3543)
4(3198 3200 3546 3866)
4(3860 3866 3546 3549)
4(3860 3549 3547 3548)
4(3856 3537 3553 3859)
6(3864 3861 3860 3549 3551 3533)
4(3860 3859 3553 3549)
4(3553 3859 3555 3554)
6(3198 3200 164 165 3206 3207)
4(3269 1885 1986 3529)
4(3269 3529 3528 3270)
4(3528 1935 1877 3270)
4(1877 1935 1986 1885)
4(3269 3267 3532 3529)
4(1986 1985 1926 1885)
4(3102 3270 3528 3530)
4(3271 3263 3528 3270)
4(3269 3529 3531 3121)
4(1877 1882 1914 1935)
4(9 4072 3977 8)
4(3977 4072 4071 3978)
4(7 3978 4071 10)
4(9 10 4071 4072)
4(7 8 3977 3978)
4(3977 2174 2175 4072)
4(2175 6 9 4072)
4(5 2174 3977 8)
4(3977 3979 4031 4072)
4(4031 2173 2175 4072)
4(2168 2173 4031 3979)
4(2168 3979 3977 2174)
4(3980 4032 4071 3978)
4(4071 4032 4031 4072)
4(3980 3979 4031 4032)
4(3980 3978 3977 3979)
4(185 3982 4073 184)
4(4073 16 78 184)
4(37 16 4073 3982)
4(37 3982 185 79)
4(188 189 4075 4074)
4(4075 189 186 3983)
4(3981 187 188 4074)
4(3981 4074 4075 3983)
4(3981 3983 186 187)
4(4075 189 183 4079)
4(147 189 4075 3192)
5(3193 3192 4075 4079 4080)
5(3193 4080 4079 183 141)
4(4076 4074 188 182)
5(4076 4081 4079 4075 4074)
5(4076 182 183 4079 4081)
4(3191 3983 4075 3192)
4(3191 157 186 3983)
4(4073 184 188 4074)
4(3981 3982 4073 4074)
4(3981 187 185 3982)
4(177 4077 4073 184)
5(4076 4074 4073 4077 4078)
5(4076 4078 4077 177 182)
5(15 33 177 4077 4082)
5(15 4082 4077 4073 16)
5(3137 3138 4204 4199 4228)
5(4204 2073 2074 4229 4199)
4(4199 4229 4239 4228)
4(2060 3136 4239 2075)
4(3137 4228 4239 3136)
4(2074 2075 4239 4229)
4(2062 2076 4240 3140)
4(2077 2063 3139 4205)
4(3139 3140 4240 4205)
4(4240 2076 2077 4205)
4(3141 2067 2078 4206)
4(4240 3140 3141 4206)
4(2078 2076 4240 4206)
4(4104 4107 4245 4220)
4(4106 4105 4246 4207)
4(4106 4207 4245 4107)
4(4246 4220 4245 4207)
4(4104 4220 4246 4105)
4(4104 4105 4106 4107)
5(4204 4199 4220 4104 4109)
4(4110 4107 4245 4163)
4(4199 4228 4245 4220)
4(3137 4163 4245 4228)
5(4108 4110 4163 3137 3138)
5(4108 4109 4104 4107 4110)
4(4111 4114 4249 4219)
4(4111 4219 4251 4112)
4(4113 4208 4249 4114)
4(4251 4208 4113 4112)
4(4251 4219 4249 4208)
4(4111 4112 4113 4114)
5(4204 4201 4203 4227 4199)
5(2079 2080 4238 4203 4201)
4(4199 4227 4252 4229)
4(2080 2081 4252 4238)
4(4203 4238 4252 4227)
4(2074 4229 4252 2081)
4(2082 2083 4253 4225)
4(2082 4225 4254 2085)
4(4253 2083 2084 4209)
4(4254 4225 4253 4209)
4(2084 2085 4254 4209)
5(4115 4201 4203 4219 4111)
4(4104 4114 4249 4220)
4(4199 4220 4249 4227)
4(4203 4227 4249 4219)
5(4115 4111 4114 4104 4109)
4(4118 4119 4256 4196)
4(4118 4164 4247 4119)
4(4256 4119 4247 4210)
4(4197 4196 4256 4210)
4(4247 4164 4197 4210)
4(4118 4196 4197 4164)
4(4140 4141 4259 4221)
4(4140 4222 4250 4141)
4(4140 4221 4255 4222)
4(4259 4211 4255 4221)
4(4250 4211 4259 4141)
4(4250 4222 4255 4211)
4(2082 2086 4260 4225)
4(2087 2083 4253 4212)
4(4253 4225 4260 4212)
4(4260 2086 2087 4212)
4(4111 4219 4262 4116)
4(4117 4116 4262 4213)
4(4117 4213 4251 4112)
4(4262 4219 4251 4213)
4(4111 4116 4117 4112)
5(2179 2180 4231 4203 4201)
4(2180 2181 4264 4231)
4(2080 4238 4264 2178)
4(4203 4231 4264 4238)
4(2177 2178 4264 2181)
4(2082 4225 4265 2183)
4(4265 4225 4254 4214)
4(4254 2085 2182 4214)
4(2182 2183 4265 4214)
4(2184 2185 4262 4116)
4(2180 4231 4262 2185)
4(4203 4219 4262 4231)
5(4115 2186 2184 4116 4111)
4(2187 2188 4266 4145)
4(2187 4145 4263 2190)
4(4266 2188 2189 4215)
4(4266 4215 4263 4145)
4(2189 2190 4263 4215)
4(4260 4225 4265 4194)
4(2191 2086 4260 4194)
4(4265 2183 2191 4194)
4(4120 4119 4256 4216)
4(4256 4196 4198 4216)
4(4198 4121 4120 4216)
4(4118 4121 4198 4196)
4(4118 4119 4120 4121)
4(4140 4143 4267 4221)
4(4259 4221 4267 4217)
4(4259 4217 4142 4141)
4(4267 4143 4142 4217)
4(4140 4141 4142 4143)
4(4083 2188 4266 4218)
4(4144 4218 4266 4145)
4(4083 4218 4144 4084)
4(2187 4084 4144 4145)
4(2187 2188 4083 4084)
4(4242 4230 4241 4205)
4(4167 4169 4242 4205)
4(4167 4205 4241 4166)
4(4168 4166 4241 4230)
4(4168 4230 4242 4169)
4(4168 4169 4167 4166)
4(4167 4205 2077 2088)
4(3139 4205 4167 3142)
4(2068 3142 4167 2088)
4(4240 4205 4241 4232)
4(3139 3144 4241 4205)
4(3143 3140 4240 4232)
4(3143 4232 4241 3144)
4(4242 4205 4240 4233)
4(2077 4205 4242 2090)
4(2089 4233 4240 2076)
4(2089 2090 4242 4233)
4(4202 4232 4240 4233)
4(4202 4230 4241 4232)
4(4202 4233 4242 4230)
4(2091 4169 4242 2090)
4(2091 2088 4167 4169)
4(3145 3144 4241 4166)
4(3145 4166 4167 3142)
4(4244 4206 4243 4226)
4(4243 4206 4239 4228)
4(4239 4206 4244 4229)
4(4199 4226 4243 4228)
4(4199 4229 4244 4226)
4(3141 3136 4239 4206)
4(2078 4206 4239 2075)
4(4243 4206 4240 4232)
4(3141 4206 4243 3146)
4(3143 3146 4243 4232)
4(4244 4233 4240 4206)
4(2078 2092 4244 4206)
4(2089 4233 4244 2092)
4(4202 4232 4243 4226)
4(4202 4226 4244 4233)
4(3137 4228 4243 3146)
4(2074 2092 4244 4229)
4(4247 4119 4106 4207)
4(4106 4146 4165 4207)
4(4165 4164 4247 4207)
4(4118 4164 4165 4146)
4(4118 4146 4106 4119)
4(4247 4222 4246 4207)
4(4140 4105 4246 4222)
4(4140 4222 4247 4119)
4(4140 4119 4106 4105)
4(4165 4207 4245 4163)
4(4110 4146 4165 4163)
4(4110 4107 4106 4146)
4(4246 4226 4243 4207)
4(4245 4207 4243 4228)
4(4199 4226 4246 4220)
4(4247 4207 4243 4232)
4(4243 4207 4165 3146)
4(3143 4164 4247 4232)
4(3143 3146 4165 4164)
4(4202 4222 4246 4226)
4(4202 4232 4247 4222)
4(3137 4163 4165 3146)
4(4246 4105 4113 4208)
4(4249 4220 4246 4208)
4(4104 4114 4113 4105)
4(4113 4208 4250 4141)
4(4250 4208 4246 4222)
4(4140 4105 4113 4141)
4(4250 4224 4251 4208)
4(4147 4224 4250 4141)
4(4147 4112 4251 4224)
4(4147 4141 4113 4112)
4(4248 4226 4246 4208)
4(4249 4227 4248 4208)
4(4199 4226 4248 4227)
4(4250 4234 4248 4208)
4(4251 4208 4248 4235)
4(4200 4235 4248 4234)
4(4200 4234 4250 4224)
4(4200 4224 4251 4235)
4(4202 4234 4248 4226)
4(4202 4222 4250 4234)
4(4203 4227 4248 4235)
4(4203 4235 4251 4219)
4(4244 4226 4248 4209)
4(4248 4227 4252 4209)
4(4244 4209 4252 4229)
4(4253 4233 4244 4209)
4(2084 4209 4244 2092)
4(2089 4233 4253 2083)
4(4253 4209 4248 4234)
4(4248 4209 4254 4235)
4(4200 4225 4253 4234)
4(4200 4235 4254 4225)
4(4254 4209 4252 4238)
4(4252 4209 2084 2081)
4(2080 2085 4254 4238)
4(4202 4234 4253 4233)
4(4203 4238 4254 4235)
4(4256 4221 4255 4210)
4(4255 4222 4247 4210)
4(4140 4221 4256 4119)
4(4256 4175 4174 4210)
4(4174 4173 4255 4210)
4(4172 4221 4255 4173)
4(4172 4175 4256 4221)
4(4172 4173 4174 4175)
4(4197 4181 4174 4210)
4(4180 4196 4256 4175)
4(4180 4181 4197 4196)
4(4180 4175 4174 4181)
4(4255 4210 4241 4230)
4(4174 4166 4241 4210)
4(4168 4173 4255 4230)
4(4168 4166 4174 4173)
4(4241 4210 4247 4232)
4(4197 4210 4241 3144)
4(3143 4164 4197 3144)
4(4202 4230 4255 4222)
4(3145 3144 4197 4181)
4(3145 4181 4174 4166)
4(4259 4211 4177 4176)
4(4255 4173 4177 4211)
4(4172 4221 4259 4176)
4(4172 4176 4177 4173)
4(4259 4223 4258 4211)
4(4258 4224 4250 4211)
4(4147 4224 4258 4223)
4(4147 4223 4259 4141)
4(4258 4211 4177 4183)
4(4182 4223 4258 4183)
4(4182 4176 4259 4223)
4(4182 4183 4177 4176)
4(4257 4211 4255 4230)
4(4177 4211 4257 4170)
4(4168 4170 4257 4230)
4(4168 4173 4177 4170)
4(4257 4234 4250 4211)
4(4258 4236 4257 4211)
4(4200 4234 4257 4236)
4(4200 4236 4258 4224)
4(4202 4230 4257 4234)
4(4187 4236 4257 4170)
4(4187 4183 4258 4236)
4(4187 4170 4177 4183)
4(4242 4212 4257 4230)
4(4257 4212 4171 4170)
4(4171 4212 4242 4169)
4(4168 4170 4171 4169)
4(4242 4233 4253 4212)
4(4242 4212 2087 2090)
4(4253 4234 4257 4212)
4(4260 4212 4257 4236)
4(4200 4225 4260 4236)
4(4171 4212 4260 4188)
4(2087 4212 4171 2094)
4(2093 4188 4260 2086)
4(2093 2094 4171 4188)
4(4187 4236 4260 4188)
4(4187 4188 4171 4170)
4(2091 4169 4171 2094)
4(4117 4213 2192 2193)
4(4263 4213 4117 4145)
4(4263 2190 2192 4213)
4(2187 4145 4117 2193)
4(2192 2185 4262 4213)
4(2184 2193 4117 4116)
4(4251 4224 4263 4213)
4(4147 4145 4263 4224)
4(4147 4112 4117 4145)
4(4262 4213 4261 4231)
4(2192 2194 4261 4213)
4(2180 4231 4261 2194)
4(4261 4213 4251 4235)
4(4263 4213 4261 4237)
4(4200 4237 4261 4235)
4(4200 4224 4263 4237)
4(4203 4235 4261 4231)
4(2195 2194 4261 4237)
4(2195 4237 4263 2190)
4(4261 4214 4264 4231)
4(4261 2194 2196 4214)
4(4264 4214 2196 2181)
4(4254 4214 4261 4235)
4(4261 4214 4265 4237)
4(4200 4237 4265 4225)
4(4254 4238 4264 4214)
4(2182 4214 4264 2178)
4(4265 4214 2196 2199)
4(2196 4214 2182 2198)
4(2197 2183 4265 2199)
4(2195 2199 4265 4237)
4(4266 4192 4191 4215)
4(2189 4215 4191 2201)
4(2200 4192 4266 2188)
4(2200 2201 4191 4192)
4(4258 4223 4266 4215)
4(4263 4224 4258 4215)
4(4147 4145 4266 4223)
4(4191 4215 4258 4183)
4(4182 4223 4266 4192)
4(4182 4192 4191 4183)
4(4191 4190 4193 4215)
4(2189 4215 4193 2203)
4(2202 2203 4193 4190)
4(2202 4190 4191 2201)
4(4193 4236 4258 4215)
4(4193 4215 4263 4237)
4(4200 4236 4193 4237)
4(4187 4190 4193 4236)
4(4187 4183 4191 4190)
4(2195 4237 4193 2203)
4(4193 4194 4260 4236)
4(4265 4194 4193 4237)
4(4189 4188 4260 4194)
4(4189 4194 2191 2204)
4(2093 4188 4189 2204)
4(4265 2199 2206 4194)
4(2191 4194 2206 2205)
4(4189 4190 4193 4194)
4(4187 4190 4189 4188)
4(4193 2203 2206 4194)
4(4267 4221 4256 4216)
4(4267 4216 4120 4143)
4(4140 4143 4120 4119)
4(4178 4175 4256 4216)
4(4178 4216 4267 4179)
4(4172 4179 4267 4221)
4(4172 4175 4178 4179)
4(4198 4216 4178 4184)
4(4180 4196 4198 4184)
4(4180 4184 4178 4175)
4(4130 4216 4267 4131)
4(4178 4216 4130 4129)
4(4128 4131 4267 4179)
4(4128 4179 4178 4129)
4(4128 4129 4130 4131)
4(4130 4133 4120 4216)
4(4198 4134 4130 4216)
4(4132 4134 4198 4121)
4(4132 4133 4130 4134)
4(4132 4121 4120 4133)
4(4135 4143 4267 4131)
4(4135 4131 4130 4133)
4(4135 4133 4120 4143)
4(4136 4184 4198 4134)
4(4136 4129 4178 4184)
4(4136 4134 4130 4129)
4(4185 4217 4259 4176)
4(4185 4179 4267 4217)
4(4172 4179 4185 4176)
4(4268 4223 4259 4217)
4(4142 4148 4268 4217)
4(4147 4223 4268 4148)
4(4147 4148 4142 4141)
4(4268 4186 4185 4217)
4(4182 4186 4268 4223)
4(4182 4176 4185 4186)
4(4267 4217 4137 4131)
4(4137 4217 4185 4138)
4(4128 4138 4185 4179)
4(4128 4131 4137 4138)
4(4142 4139 4137 4217)
4(4268 4217 4137 4126)
4(4124 4148 4268 4126)
4(4124 4126 4137 4139)
4(4124 4139 4142 4148)
4(4135 4139 4137 4131)
4(4135 4143 4142 4139)
4(4127 4126 4268 4186)
4(4127 4186 4185 4138)
4(4127 4138 4137 4126)
4(4195 4192 4266 4218)
4(4083 4085 4195 4218)
4(2200 4192 4195 4085)
4(2200 4085 4083 2188)
4(4266 4223 4268 4218)
4(4268 4148 4144 4218)
4(4147 4145 4144 4148)
4(4195 4186 4268 4218)
4(4182 4186 4195 4192)
4(4195 4218 4123 4122)
4(4123 4218 4083 4087)
4(4086 4085 4195 4122)
4(4086 4122 4123 4087)
4(4086 4087 4083 4085)
4(4123 4218 4268 4126)
4(4123 4125 4144 4218)
4(4124 4125 4123 4126)
4(4124 4148 4144 4125)
4(4127 4122 4195 4186)
4(4127 4126 4123 4122)
4(4088 4087 4123 4125)
4(4088 4125 4144 4084)
4(4088 4084 4083 4087)
4(4118 4196 4157 4150)
4(4157 4196 4197 4158)
4(4197 4164 4156 4158)
4(4118 4150 4156 4164)
4(4156 4150 4157 4158)
4(4198 4196 4157 4159)
4(4149 4121 4198 4159)
4(4157 4150 4149 4159)
4(4118 4121 4149 4150)
4(4197 4158 4161 4181)
4(4180 4160 4157 4196)
4(4180 4181 4161 4160)
4(4157 4160 4161 4158)
4(3147 4158 4197 3144)
4(3143 4164 4156 3148)
4(3147 3148 4156 4158)
4(3145 3149 4161 4181)
4(4161 3149 3147 4158)
4(4162 4159 4198 4184)
4(4180 4160 4162 4184)
4(4157 4159 4162 4160)
4(4198 4159 4151 4134)
4(4149 4152 4151 4159)
4(4132 4134 4151 4152)
4(4132 4152 4149 4121)
4(4136 4184 4162 4153)
4(4151 4153 4162 4159)
4(4136 4153 4151 4134)
4(4167 2088 2095 4041)
4(3132 3142 4167 4041)
4(3132 4041 2095 2070)
4(2091 2096 4042 4169)
4(4167 4169 4042 4041)
4(2095 4041 4042 2096)
4(4171 2094 2097 4043)
4(4042 4169 4171 4043)
4(2097 2096 4042 4043)
4(4086 4122 4046 4032)
4(4127 4047 4046 4122)
5(3981 3985 4047 4127 4074)
5(4127 4122 4086 4073 4074)
5(4073 4086 4032 3980 3982)
4(3980 4032 4046 3984)
4(3985 3984 4046 4047)
5(3981 3982 3980 3984 3985)
4(4187 4052 4051 4183)
4(4187 4170 4049 4052)
4(4051 4050 4177 4183)
4(4049 4170 4177 4050)
4(4049 4050 4051 4052)
4(2206 4194 4189 2207)
4(2202 2207 4189 4190)
4(2208 2204 4189 2207)
4(4191 4192 4044 4045)
4(2172 2201 4191 4045)
4(2200 2173 4044 4192)
4(4044 2173 2172 4045)
4(4051 4045 4191 4183)
4(4182 4192 4044 4053)
4(4182 4053 4051 4183)
4(4044 4045 4051 4053)
4(4054 4190 4191 4045)
4(2202 4190 4054 2167)
4(4054 4045 2172 2167)
4(4187 4052 4054 4190)
4(4054 4052 4051 4045)
4(4044 4192 4195 4048)
4(4195 4085 4031 4048)
4(2200 2173 4031 4085)
4(4044 4048 4031 2173)
4(4055 4186 4195 4048)
4(4182 4186 4055 4053)
4(4055 4048 4044 4053)
4(4046 4048 4195 4122)
4(4086 4085 4031 4032)
4(4031 4048 4046 4032)
4(4127 4047 4055 4186)
4(4055 4047 4046 4048)
4(4171 4188 4056 4043)
4(2093 2098 4056 4188)
4(2097 4043 4056 2098)
4(4187 4188 4056 4052)
4(4049 4043 4171 4170)
4(4049 4052 4056 4043)
4(4189 4057 2209 2204)
4(4189 2207 2164 4057)
4(2209 4057 2164 2163)
4(4189 4057 4056 4188)
4(4056 4057 2209 2098)
4(4054 4057 4189 4190)
4(2164 4057 4054 2167)
4(4054 4057 4056 4052)
4(4172 4173 4060 4059)
4(4172 4059 4058 4175)
4(4058 4061 4174 4175)
4(4060 4173 4174 4061)
4(4058 4059 4060 4061)
4(4062 4176 4177 4050)
4(4177 4173 4060 4050)
4(4172 4176 4062 4059)
4(4060 4059 4062 4050)
5(3986 3983 4075 4128 4064)
4(4128 4129 4063 4064)
4(4136 4040 4063 4129)
5(3191 3988 4040 4136 3192)
5(4075 3192 4136 4129 4128)
4(3988 3987 4063 4040)
4(3986 4064 4063 3987)
5(3191 3983 3986 3987 3988)
4(4128 4064 4065 4138)
4(4127 4138 4065 4047)
5(4127 4074 4075 4128 4138)
4(3985 4047 4065 3989)
4(3986 3989 4065 4064)
5(3981 3985 3989 3986 3983)
4(4058 4175 4178 4067)
4(4066 4067 4178 4179)
4(4172 4059 4066 4179)
4(4066 4059 4058 4067)
4(4033 4061 4174 4181)
4(4180 4175 4058 4036)
4(4180 4036 4033 4181)
4(4058 4061 4033 4036)
4(4174 4061 4069 4166)
4(4168 4070 4060 4173)
4(4168 4166 4069 4070)
4(4069 4061 4060 4070)
4(3145 4181 4033 3135)
4(3145 3135 4069 4166)
4(4069 3135 4033 4061)
4(4182 4053 4062 4176)
4(4051 4050 4062 4053)
4(4168 4070 4049 4170)
4(4049 4070 4060 4050)
4(4178 4067 4038 4184)
4(4180 4184 4038 4036)
4(4038 4067 4058 4036)
4(4063 4067 4178 4129)
4(4128 4179 4066 4064)
4(4066 4067 4063 4064)
4(4136 4040 4038 4184)
4(4038 4040 4063 4067)
4(4185 4176 4062 4068)
4(4185 4068 4066 4179)
4(4062 4059 4066 4068)
4(4055 4068 4185 4186)
4(4062 4068 4055 4053)
4(4065 4138 4185 4068)
4(4065 4068 4066 4064)
4(4055 4068 4065 4047)
4(4180 4036 4035 4160)
4(4033 4181 4161 4034)
4(4035 4034 4161 4160)
4(4033 4034 4035 4036)
4(4038 4037 4162 4184)
4(4162 4037 4035 4160)
4(4035 4037 4038 4036)
4(3134 3149 4161 4034)
4(4033 3135 3134 4034)
4(4136 4040 4039 4153)
4(4162 4153 4039 4037)
4(4038 4037 4039 4040)
4(4069 4041 4167 4166)
4(4168 4169 4042 4070)
4(4042 4041 4069 4070)
4(3132 3135 4069 4041)
4(4049 4043 4042 4070)
4(4154 4150 4156 4269)
4(4165 4146 4154 4269)
4(4156 4164 4165 4269)
4(4118 4150 4154 4146)
4(3078 4155 4270 3082)
4(4110 4163 4270 4155)
4(3081 3082 4270 3150)
4(3137 3150 4270 4163)
5(4108 4110 4155 3078 3079)
4(4154 3084 3085 4269)
4(4156 4269 3085 3086)
4(3083 4150 4156 3086)
4(3083 3084 4154 4150)
4(4154 4155 4270 4269)
4(4270 3082 3085 4269)
4(3078 4155 4154 3084)
4(4165 4163 4270 4269)
4(4110 4146 4154 4155)
4(3151 4269 4270 3150)
4(3085 4269 3151 3087)
4(3151 3146 4165 4269)
4(3151 4269 4156 3148)
4(3088 3086 4156 3148)
4(4157 3110 3111 4158)
4(3111 3112 4161 4158)
4(3109 3110 4157 4160)
4(3109 4160 4161 3112)
4(3111 4158 4156 3086)
4(3083 4150 4157 3110)
4(3147 4158 3111 3114)
4(3113 3112 4161 3149)
4(4157 4159 3116 3110)
4(4162 3115 3116 4159)
4(3109 3115 4162 4160)
4(4149 4159 3116 3092)
4(3083 4150 4149 3092)
4(3116 3103 4151 4159)
4(3094 4152 4151 3103)
4(3094 3092 4149 4152)
4(3104 4153 4162 3115)
4(3104 3103 4151 4153)
4(3104 3119 4039 4153)
5(4136 3192 3102 3104 4153)
4(3988 4040 4039 3990)
4(3120 3990 4039 3119)
5(3191 3988 3990 3120 3121)
4(4161 3112 3117 4034)
4(3109 4160 4035 3118)
4(4035 4034 3117 3118)
4(3134 3123 3117 4034)
4(4162 4037 3122 3115)
4(3122 4037 4035 3118)
4(4039 4037 3122 3119)
4(4271 4273 4329 4310)
5(179 4298 4322 4274 178)
4(4272 4275 4329 4273)
4(4298 4310 4329 4322)
4(4274 4322 4329 4275)
5(4274 4275 4272 139 178)
5(4271 140 139 4272 4273)
4(4348 4288 4287 4302)
4(4287 4273 4329 4302)
4(4329 4310 4348 4302)
4(4271 4273 4287 4288)
4(4076 4078 4362 4360)
4(4076 4360 4363 4276)
4(4277 4276 4363 4355)
4(4362 4078 4277 4355)
4(4363 4360 4362 4355)
4(4076 4276 4277 4078)
6(4076 4074 4127 4126 4124 4360)
4(4077 4078 4362 4089)
4(4124 4125 4362 4360)
4(4088 4089 4362 4125)
6(4073 4077 4089 4088 4087 4086)
4(4104 4107 4337 4309)
6(4104 4309 4297 4319 4301 4109)
4(4297 4315 4332 4319)
4(4289 4321 4332 4290)
4(4291 4290 4332 4315)
4(4301 4319 4332 4321)
4(4110 4292 4337 4107)
4(4297 4309 4337 4315)
4(4291 4315 4337 4292)
6(4108 4289 4290 4291 4292 4110)
4(4339 4105 4106 4303)
4(4106 4107 4337 4303)
4(4337 4309 4339 4303)
4(4104 4105 4339 4309)
4(3193 4080 4365 4359)
4(3193 4359 4366 4280)
4(4366 4359 4365 4356)
4(4281 4280 4366 4356)
4(4365 4080 4281 4356)
4(3193 4280 4281 4080)
4(4076 4360 4367 4081)
4(4282 4081 4367 4357)
4(4363 4276 4282 4357)
4(4367 4360 4363 4357)
4(4076 4081 4282 4276)
4(4296 4314 4343 4312)
4(4296 4312 4330 4311)
4(4349 4311 4330 4304)
4(4330 4312 4343 4304)
4(4343 4314 4349 4304)
4(4111 4308 4344 4114)
4(4111 4112 4345 4308)
4(4344 4305 4113 4114)
4(4113 4305 4345 4112)
4(4345 4305 4344 4308)
6(4115 4111 4308 4300 4326 4299)
4(4297 4319 4342 4318)
4(4299 4326 4342 4327)
4(4300 4318 4342 4326)
4(4301 4327 4342 4319)
4(4104 4309 4344 4114)
4(4297 4318 4344 4309)
4(4300 4308 4344 4318)
6(4075 4079 4361 4135 4131 4128)
6(3193 3192 4136 4134 4132 4359)
4(4132 4133 4365 4359)
4(4079 4080 4365 4361)
4(4135 4361 4365 4133)
4(4079 4361 4367 4081)
4(4124 4360 4367 4139)
4(4135 4139 4367 4361)
4(4296 4313 4331 4312)
4(4343 4312 4331 4306)
4(4331 4313 4350 4306)
4(4350 4314 4343 4306)
4(4111 4116 4347 4308)
4(4347 4116 4117 4307)
4(4345 4307 4117 4112)
4(4347 4307 4345 4308)
4(4091 4320 4346 4092)
4(4299 4328 4346 4326)
4(4300 4326 4346 4320)
4(4093 4092 4346 4328)
4(2184 4116 4347 4090)
4(4091 4090 4347 4320)
4(4300 4320 4347 4308)
6(2184 4090 4091 4092 4093 2186)
5(4296 4312 4279 180 181)
4(4298 4322 4330 4311)
4(4279 4312 4330 4283)
4(4274 4283 4330 4322)
5(4274 178 180 4279 4283)
4(4279 4278 4331 4312)
4(4095 4313 4331 4096)
4(4094 4096 4331 4278)
5(4094 4278 4279 180 176)
5(4094 176 175 4095 4096)
4(4332 4302 4333 4315)
4(4333 4302 4334 4316)
4(4334 4302 4332 4319)
4(4297 4316 4334 4319)
4(4297 4315 4333 4316)
4(4287 4302 4332 4290)
4(4348 4321 4332 4302)
4(4289 4288 4287 4290)
4(4287 4295 4333 4302)
4(4333 4275 4329 4302)
4(4272 4295 4287 4273)
4(4272 4275 4333 4295)
4(4334 4302 4329 4322)
4(4348 4302 4334 4323)
4(4298 4323 4334 4322)
4(4291 4290 4287 4295)
4(4291 4295 4333 4315)
4(4274 4322 4334 4316)
4(4274 4316 4333 4275)
4(4301 4319 4334 4323)
4(4106 4119 4120 4303)
4(4293 4146 4106 4303)
4(4120 4121 4293 4303)
4(4118 4146 4293 4121)
4(4339 4143 4120 4303)
4(4140 4143 4339 4105)
4(4293 4292 4337 4303)
4(4110 4292 4293 4146)
4(4338 4303 4337 4315)
4(4339 4303 4338 4317)
4(4297 4309 4339 4317)
4(4297 4317 4338 4315)
4(4293 4303 4338 4294)
4(4338 4303 4120 4133)
4(4132 4121 4293 4294)
4(4132 4294 4338 4133)
4(4291 4294 4293 4292)
4(4291 4315 4338 4294)
4(4135 4317 4339 4143)
4(4135 4133 4338 4317)
4(4334 4304 4340 4316)
4(4340 4304 4342 4318)
4(4342 4304 4334 4319)
4(4297 4316 4340 4318)
4(4330 4304 4334 4322)
4(4349 4323 4334 4304)
4(4330 4283 4340 4304)
4(4343 4304 4340 4324)
4(4279 4312 4343 4324)
4(4279 4324 4340 4283)
4(4343 4326 4342 4304)
4(4349 4304 4342 4327)
4(4299 4326 4343 4314)
4(4274 4283 4340 4316)
4(4300 4324 4343 4326)
4(4300 4318 4340 4324)
4(4113 4105 4339 4305)
4(4339 4309 4344 4305)
4(4142 4305 4113 4141)
4(4142 4143 4339 4305)
4(4345 4148 4142 4305)
4(4147 4148 4345 4112)
4(4341 4305 4339 4317)
4(4344 4305 4341 4318)
4(4297 4318 4341 4317)
4(4142 4305 4341 4139)
4(4345 4325 4341 4305)
4(4124 4325 4345 4148)
4(4124 4139 4341 4325)
4(4135 4317 4341 4139)
4(4300 4308 4345 4325)
4(4300 4325 4341 4318)
4(4335 4306 4098 4097)
4(4346 4306 4335 4320)
4(4098 4306 4346 4092)
4(4091 4320 4335 4097)
4(4091 4097 4098 4092)
4(4331 4306 4335 4278)
4(4335 4306 4343 4324)
4(4279 4278 4335 4324)
4(4098 4306 4331 4096)
4(4350 4306 4098 4099)
4(4095 4099 4098 4096)
4(4346 4326 4343 4306)
4(4350 4328 4346 4306)
4(4094 4097 4335 4278)
4(4094 4096 4098 4097)
4(4300 4324 4335 4320)
4(4093 4092 4098 4099)
4(4100 4307 4117 2193)
4(4117 4307 4144 4145)
4(4144 4307 4100 4084)
4(2187 4084 4100 2193)
4(4100 4307 4347 4090)
4(2184 2193 4100 4090)
4(4144 4148 4345 4307)
4(4336 4307 4347 4320)
4(4100 4307 4336 4101)
4(4091 4101 4336 4320)
4(4091 4090 4100 4101)
4(4336 4325 4345 4307)
4(4144 4125 4336 4307)
4(4124 4325 4336 4125)
4(4300 4320 4336 4325)
4(4088 4125 4336 4101)
4(4088 4101 4100 4084)
6(4291 4290 4289 3091 3090 4352)
4(4291 4352 4368 4295)
4(4272 4295 4368 4284)
4(3090 3100 4368 4352)
4(3101 4284 4368 3100)
6(4271 4273 4272 4284 3101 3108)
4(3078 3089 4353 4155)
4(4110 4155 4353 4292)
4(3090 4352 4353 3089)
4(4291 4292 4353 4352)
4(4149 4150 4154 4351)
4(4293 4121 4149 4351)
4(4154 4146 4293 4351)
4(3193 4359 4369 3194)
4(4369 4359 4366 4358)
4(4366 4280 4285 4358)
4(4285 3194 4369 4358)
4(3193 3194 4285 4280)
4(4132 4359 4369 4152)
4(3096 3099 4369 3194)
4(3094 4152 4369 3099)
4(4149 3092 3093 4351)
4(3093 3084 4154 4351)
4(4149 4152 4354 4351)
4(4354 3095 3093 4351)
4(3094 3095 4354 4152)
4(4293 4294 4354 4351)
4(4132 4152 4354 4294)
4(4353 4155 4154 4351)
4(3093 3089 4353 4351)
4(4293 4351 4353 4292)
4(4354 4352 4353 4351)
4(3090 4352 4354 3095)
4(4291 4294 4354 4352)
4(4335 4097 4102 4355)
4(4336 4320 4335 4355)
4(4102 4101 4336 4355)
4(4091 4101 4102 4097)
4(4277 4278 4335 4355)
4(4335 4324 4363 4355)
4(4279 4276 4363 4324)
4(4279 4278 4277 4276)
4(4277 4355 4102 4103)
4(4102 4355 4362 4089)
4(4077 4078 4277 4103)
4(4077 4103 4102 4089)
4(4363 4325 4336 4355)
4(4336 4125 4362 4355)
4(4124 4325 4363 4360)
4(4094 4103 4277 4278)
4(4094 4097 4102 4103)
4(4300 4324 4363 4325)
4(4088 4089 4102 4101)
4(4366 4294 4338 4356)
4(4338 4133 4365 4356)
4(4132 4294 4366 4359)
4(4366 4295 4333 4356)
4(4338 4356 4333 4315)
4(4291 4295 4366 4294)
4(4281 4275 4333 4356)
4(4272 4280 4366 4295)
4(4272 4275 4281 4280)
4(4333 4316 4364 4356)
4(4364 4317 4338 4356)
4(4297 4317 4364 4316)
4(4281 4356 4364 4286)
4(4365 4361 4364 4356)
4(4079 4286 4364 4361)
4(4079 4080 4281 4286)
4(4274 4316 4364 4286)
4(4274 4286 4281 4275)
4(4135 4361 4364 4317)
4(4340 4357 4364 4316)
4(4364 4357 4341 4317)
4(4340 4318 4341 4357)
4(4282 4286 4364 4357)
4(4367 4357 4364 4361)
4(4079 4286 4282 4081)
4(4282 4357 4340 4283)
4(4340 4357 4363 4324)
4(4279 4276 4282 4283)
4(4367 4139 4341 4357)
4(4341 4325 4363 4357)
4(4274 4283 4282 4286)
4(4354 4294 4366 4358)
4(4354 4358 4369 4152)
4(4366 4358 4368 4295)
4(4354 4352 4368 4358)
4(4285 4358 4368 4284)
4(4272 4280 4285 4284)
4(4369 4358 3098 3099)
4(4285 3097 3098 4358)
4(3096 3097 4285 3194)
4(3098 3095 4354 4358)
4(4368 4358 3098 3100)
4(3101 4284 4285 3097)
5(4076 4276 4279 180 182)
5(4094 4103 4077 177 176)
5(4274 4286 4079 183 178)
5(3193 4280 4272 139 141)
5(139 3106 3101 4284 4272)
4(15 22 4373 4082)
5(31 176 4094 4374 32)
4(4077 4082 4373 4103)
4(32 4374 4373 22)
4(4094 4103 4373 4374)
4(15 20 4390 4082)
4(4373 4082 4390 4389)
4(21 22 4373 4389)
4(4390 20 21 4389)
4(11 12 4381 4377)
4(4388 4377 4381 4375)
4(4381 12 13 4375)
4(13 14 4388 4375)
4(4091 4092 4384 4378)
4(23 24 4384 4380)
4(4093 4380 4384 4092)
4(25 4378 4384 24)
4(2184 4090 4385 2210)
4(1 2210 4385 26)
4(4091 4378 4385 4090)
4(25 26 4385 4378)
4(4386 2211 2212 4376)
4(2212 3 27 4376)
4(27 28 4386 4376)
4(2 2211 4386 28)
4(17 18 4387 4370)
4(4086 4370 4387 4087)
4(19 4379 4387 18)
4(4088 4087 4387 4379)
4(4077 4089 4390 4082)
4(19 20 4390 4379)
4(4088 4379 4390 4089)
5(17 4370 4086 4073 16)
4(4387 4370 4371 4372)
4(29 18 4387 4372)
4(17 36 4371 4370)
4(4371 36 29 4372)
4(4095 4096 4381 4377)
4(32 12 4381 4374)
4(4094 4374 4381 4096)
4(4098 4375 4382 4097)
4(4384 4375 4098 4092)
4(4384 4378 4382 4375)
4(4091 4097 4382 4378)
4(4381 4375 4098 4096)
4(4098 4375 4388 4099)
4(4382 4375 4381 4374)
4(13 4375 4382 34)
4(32 34 4382 4374)
4(4388 4375 4384 4380)
4(13 24 4384 4375)
4(4094 4374 4382 4097)
4(25 4378 4382 34)
4(2212 4376 4100 2193)
4(4100 4376 4386 4084)
4(2187 4084 4386 2211)
4(4385 2210 2212 4376)
4(4100 4090 4385 4376)
4(27 4376 4385 26)
4(4383 4376 4100 4101)
4(4383 4378 4385 4376)
4(4091 4378 4383 4101)
4(4386 4376 4383 4379)
4(4383 4376 27 35)
4(19 28 4386 4379)
4(19 4379 4383 35)
4(4088 4379 4386 4084)
4(4088 4101 4383 4379)
4(25 35 4383 4378)
4(2213 2211 4386 4372)
4(4386 28 29 4372)
4(29 4 2213 4372)
4(4083 4372 2213 2188)
4(4386 4372 4083 4084)
4(4083 4372 4371 4085)
4(2200 4085 4371 2214)
4(2213 2214 4371 4372)
4(4387 4087 4083 4372)
4(4086 4370 4371 4085)
4(4386 4379 4387 4372)
4(4382 4389 4102 4097)
4(4102 4389 4383 4101)
4(4382 4378 4383 4389)
4(4373 4103 4102 4389)
4(4390 4389 4102 4089)
4(4373 4389 4382 4374)
4(21 34 4382 4389)
4(4390 4379 4383 4389)
4(21 4389 4383 35)
4(17 4370 4071 10)
4(4086 4032 4071 4370)
5(37 7 3978 3980 3982)
4(4371 4072 9 36)
4(4371 4370 4071 4072)
4(4371 4072 2175 2214)
4(38 36 4371 2214)
4(4371 4072 4031 4085)
4(3993 3992 4400 3996)
4(4400 4394 3995 3996)
4(3991 4394 4400 3992)
4(3991 3994 3995 4394)
4(3991 3992 3993 3994)
4(3995 3994 3993 3996)
4(4399 4001 3995 4394)
4(4399 4394 4395 4396)
4(4399 4396 3999 4001)
4(3995 4000 4395 4394)
4(4395 4000 3999 4396)
4(3999 4000 3995 4001)
4(2170 2171 4400 3996)
4(2168 3992 4400 2171)
4(2170 3996 3993 2169)
4(2168 2169 3993 3992)
4(4002 3996 4400 4398)
4(4399 4398 4400 4394)
4(4399 4001 4002 4398)
4(4002 4001 3995 3996)
4(2165 2171 4400 4398)
4(2165 4398 4002 2166)
4(2170 2166 4002 3996)
4(2168 3992 4044 2173)
4(4400 4045 4044 3992)
4(4400 2171 2172 4045)
4(3998 4048 4031 3979)
4(4044 4048 3998 3992)
4(2168 3992 3998 3979)
4(4399 4394 4051 4052)
4(4399 4052 4049 4396)
4(4395 4050 4051 4394)
4(4049 4050 4395 4396)
4(4051 4394 4400 4045)
4(3991 4053 4044 3992)
4(3991 4394 4051 4053)
4(4054 4045 4400 4398)
4(2165 2167 4054 4398)
4(4399 4398 4054 4052)
4(4046 3984 3998 4048)
4(3980 3979 3998 3984)
4(3998 4048 4055 3997)
4(3985 3997 4055 4047)
4(3985 3984 3998 3997)
4(3991 4053 4055 3997)
4(3991 3997 3998 3992)
4(2159 2160 4402 2215)
4(4402 4003 2216 2215)
4(4402 2160 2161 4003)
4(2161 2162 2216 4003)
4(2099 4401 4397 2102)
4(2099 2100 4004 4401)
4(4397 4401 4004 4005)
4(2101 2102 4397 4005)
4(4004 2100 2101 4005)
4(4056 4401 4397 4043)
4(2099 4401 4056 2098)
4(4397 2102 2097 4043)
4(2209 4057 4402 2215)
4(4402 4057 2164 2160)
4(4004 4401 4402 4003)
4(2099 2215 4402 4401)
4(2216 2100 4004 4003)
4(4402 4398 4002 4003)
4(2165 4398 4402 2160)
4(4002 2166 2161 4003)
4(4399 4001 4004 4401)
4(4399 4401 4402 4398)
4(4002 4003 4004 4001)
4(4399 4396 4397 4401)
4(3999 4005 4397 4396)
4(3999 4001 4004 4005)
4(4399 4052 4056 4401)
4(4049 4396 4397 4043)
4(4402 4401 4056 4057)
4(4054 4398 4402 4057)
4(4395 4011 4010 4000)
4(3991 4011 4395 4394)
4(3991 3994 4010 4011)
4(4010 3994 3995 4000)
4(4006 4009 4405 4406)
4(4405 4009 4008 4408)
4(4407 4408 4008 4007)
4(4407 4007 4006 4406)
4(4407 4406 4405 4408)
4(4006 4007 4008 4009)
4(4405 4392 4016 4009)
4(4391 4406 4006 4017)
4(4391 4392 4405 4406)
4(4391 4017 4016 4392)
4(4016 4017 4006 4009)
4(4018 4009 4405 4404)
4(4393 4404 4405 4392)
4(4393 4020 4018 4404)
4(4393 4392 4016 4020)
4(4016 4009 4018 4020)
4(4403 4019 4008 4408)
4(4403 4408 4405 4404)
4(4403 4404 4018 4019)
4(4018 4009 4008 4019)
4(4008 4000 4395 4408)
4(4407 4011 4010 4007)
4(4407 4408 4395 4011)
4(4010 4000 4008 4007)
4(4403 4396 4395 4408)
4(4403 4019 3999 4396)
4(3999 4019 4008 4000)
4(4021 4013 4006 4406)
4(4407 4007 4012 4022)
4(4407 4022 4021 4406)
4(4012 4007 4006 4013)
4(4021 4022 4012 4013)
4(4391 4406 4021 4024)
4(4391 4024 4023 4017)
4(4006 4017 4023 4013)
4(4023 4024 4021 4013)
4(4407 4011 4015 4022)
4(4010 4014 4015 4011)
4(4010 4007 4012 4014)
4(4015 4014 4012 4022)
4(4055 4068 4015 3997)
4(4015 4068 4065 3989)
4(3985 3997 4015 3989)
4(4405 4061 4058 4406)
4(4405 4408 4060 4061)
4(4407 4059 4060 4408)
4(4407 4406 4058 4059)
4(4033 4392 4405 4061)
4(4391 4036 4058 4406)
4(4391 4392 4033 4036)
4(4405 4061 4069 4404)
4(4393 4404 4069 3135)
4(4393 3135 4033 4392)
4(4403 4408 4060 4070)
4(4403 4070 4069 4404)
4(4062 4011 4395 4050)
4(3991 4011 4062 4053)
4(4395 4050 4060 4408)
4(4407 4059 4062 4011)
4(4403 4396 4049 4070)
4(4058 4067 4021 4406)
4(4021 4067 4066 4022)
4(4407 4022 4066 4059)
4(4021 4024 4038 4067)
4(4391 4036 4038 4024)
4(4021 3987 4063 4067)
4(3988 4024 4038 4040)
4(3988 3987 4021 4024)
4(3986 4064 4066 4022)
4(3986 4022 4021 3987)
4(4015 4011 4062 4068)
4(3991 4011 4015 3997)
4(4066 4068 4015 4022)
4(3986 3989 4015 4022)
4(2071 2103 4410 3153)
4(4410 2103 2104 4025)
4(3152 3153 4410 4025)
4(2104 2072 3152 4025)
4(2095 2103 4410 4041)
4(4410 3153 3132 4041)
4(4410 4409 4026 4025)
4(2105 2106 4026 4409)
4(2105 4409 4410 2103)
4(4026 2106 2104 4025)
4(4018 4025 4410 4404)
4(4403 4409 4026 4019)
4(4403 4404 4410 4409)
4(4018 4019 4026 4025)
4(4393 3153 4410 4404)
4(4393 4020 3152 3153)
4(3152 4020 4018 4025)
4(4397 4005 4026 4409)
4(2105 2102 4397 4409)
4(4026 4005 2101 2106)
4(4403 4409 4397 4396)
4(4026 4019 3999 4005)
4(4042 4409 4410 4041)
4(2105 4409 4042 2096)
4(4069 4404 4410 4041)
4(4403 4070 4042 4409)
4(4393 3153 3132 3135)
4(4397 4409 4042 4043)
4(4393 3157 3154 3153)
4(4393 4020 3156 3157)
4(3152 3155 3156 4020)
4(4393 3157 3134 3135)
4(4035 4412 4411 4034)
4(4411 4392 4033 4034)
4(4391 4412 4035 4036)
4(4391 4392 4411 4412)
4(4411 4034 3117 3125)
4(3124 3118 4035 4412)
4(3124 4412 4411 3125)
4(3134 4034 4411 3157)
4(4393 3157 4411 4392)
4(3126 3125 4411 3157)
4(4027 4412 4035 4037)
4(4038 4024 4027 4037)
4(4391 4412 4027 4024)
4(4027 3127 3122 4037)
4(3124 3127 4027 4412)
4(4027 4037 4039 3990)
4(3988 4024 4027 3990)
4(3120 3990 4027 3127)
4(4411 4029 4028 4412)
4(4411 3125 3128 4029)
4(3124 4412 4028 3129)
4(4028 4029 3128 3129)
4(4016 4392 4411 4029)
4(4391 4017 4028 4412)
4(4028 4017 4016 4029)
4(4411 4029 3156 3157)
4(3156 4029 4016 4020)
4(3156 3130 3128 4029)
4(4028 4030 4027 4412)
4(3131 4030 4028 3129)
4(4027 4030 3131 3127)
4(4023 4017 4028 4030)
4(4027 4024 4023 4030)
4(4510 55 56 4504)
4(56 57 4494 4504)
4(4494 4493 4510 4504)
4(54 4493 4494 57)
4(4495 52 53 4511)
4(53 47 4501 4511)
4(4501 4485 4495 4511)
4(46 4485 4501 47)
4(46 52 4495 4485)
4(59 4506 4509 58)
4(61 4505 4508 60)
4(59 60 4508 4506)
4(4423 4506 4508 4424)
4(4425 4424 4508 4505)
4(40 58 4509 2245)
4(2242 2245 4509 4422)
4(4423 4422 4509 4506)
6(2242 4422 4423 4424 4425 2243)
4(4509 58 62 4503)
4(4502 4506 4509 4503)
4(59 4506 4502 63)
4(62 63 4502 4503)
4(4508 60 56 4504)
4(4510 4505 4508 4504)
4(4507 64 56 4504)
4(4508 4506 4507 4504)
4(59 64 4507 4506)
4(4507 4496 4494 4504)
4(65 4496 4507 64)
4(65 57 4494 4496)
4(4507 4504 4430 4427)
4(4508 4424 4430 4504)
4(4423 4506 4507 4427)
4(4423 4427 4430 4424)
4(4430 4504 4494 4433)
4(4510 4504 4430 4432)
4(4431 4433 4494 4493)
4(4431 4432 4430 4433)
4(4426 4427 4507 4496)
4(4426 4496 4494 4433)
4(4426 4433 4430 4427)
4(4425 4424 4430 4432)
4(2246 4503 4509 2245)
4(62 4503 2246 41)
4(4420 4503 4509 4422)
4(4420 2240 2246 4503)
4(2242 2240 4420 4422)
4(4423 4421 4502 4506)
4(4502 4421 4420 4503)
4(4423 4422 4420 4421)
4(4507 64 53 4511)
4(4507 4511 4495 4496)
4(65 4496 4495 52)
4(4502 63 53 4511)
4(4502 4511 4507 4506)
4(4502 4498 4501 4511)
4(48 47 4501 4498)
4(48 4498 4502 63)
4(4428 4511 4507 4427)
4(4428 4421 4502 4511)
4(4423 4421 4428 4427)
4(4428 4429 4495 4511)
4(4428 4511 4501 4418)
4(4417 4418 4501 4485)
4(4417 4485 4495 4429)
4(4417 4429 4428 4418)
4(4426 4429 4495 4496)
4(4426 4427 4428 4429)
4(4413 4498 4501 4418)
4(4413 4421 4502 4498)
4(4413 4418 4428 4421)
4(48 49 4497 4498)
4(4415 4414 4497 4499)
4(4413 4498 4497 4414)
4(50 4499 4497 49)
5(4416 4415 4499 50 51)
5(46 4485 4417 4416 51)
6(4413 4414 4415 4416 4417 4418)
4(4500 66 62 4503)
4(2246 2247 4500 4503)
4(42 66 4500 2247)
4(4500 4498 4502 4503)
4(48 4498 4500 66)
4(4500 4503 4420 4419)
4(2234 2247 4500 4419)
4(2234 4419 4420 2240)
4(4413 4419 4500 4498)
4(4413 4421 4420 4419)
4(68 66 4500 4513)
4(4500 2247 2248 4513)
4(2248 45 68 4513)
4(4500 4513 4497 4498)
4(4497 4513 68 49)
4(2248 4513 4434 2237)
4(4434 4513 4500 4419)
4(2234 2237 4434 4419)
4(4512 2249 2248 4513)
4(4512 4513 4434 4435)
4(2238 2249 4512 4435)
4(2238 4435 4434 2237)
4(4512 69 68 4513)
4(44 69 4512 2249)
4(4497 4513 4434 4414)
4(4512 4513 4497 4499)
4(4415 4435 4512 4499)
4(4415 4414 4434 4435)
4(4413 4419 4434 4414)
4(50 4499 4512 69)
4(50 67 4515 4499)
4(7 3978 4515 67)
4(3980 4437 4515 3978)
4(4415 4499 4515 4437)
4(37 51 4416 3982)
5(3980 3982 4416 4415 4437)
4(70 67 4515 4514)
4(4512 69 70 4514)
4(4515 4499 4512 4514)
4(3977 4514 70 8)
4(3977 3978 4515 4514)
4(70 43 2250 4514)
4(2250 2174 3977 4514)
4(4512 2249 2250 4514)
4(4436 2169 2250 4514)
4(4512 4435 4436 4514)
4(2238 2169 4436 4435)
4(4436 3979 3977 4514)
4(2168 3979 4436 2169)
4(4436 4437 4515 4514)
4(3980 4437 4436 3979)
4(4415 4435 4436 4437)
7(4486 4417 4429 4426 4532 4527 4517)
4(4527 4532 4536 4531)
4(4442 4468 4536 4443)
4(4467 4531 4536 4468)
4(4426 4443 4536 4532)
4(4527 4531 4537 4517)
4(4465 4487 4537 4466)
4(4467 4466 4537 4531)
4(4486 4517 4537 4487)
6(4438 4441 4417 4486 4487 4465)
7(4438 4465 4466 4467 4468 4442 4439)
4(4438 4439 4440 4441)
4(4442 4443 4440 4439)
4(4417 4441 4440 4429)
4(4426 4429 4440 4443)
4(4469 4447 4446 4528)
4(4446 4445 4545 4528)
4(4444 4447 4469 4470)
4(4444 4445 4446 4447)
4(4494 57 71 4529)
4(4544 4493 4494 4529)
4(65 4496 4540 76)
4(4527 4534 4540 4532)
4(4426 4532 4540 4496)
4(75 76 4540 4534)
4(4527 4517 4516 4534)
4(75 4534 4516 74)
4(73 74 4516 4488)
4(4486 4488 4516 4517)
6(46 73 4488 4486 4417 4485)
4(4539 4528 4536 4531)
4(4536 4528 4538 4532)
4(4527 4532 4538 4533)
4(4536 4528 4469 4468)
4(4446 4528 4536 4443)
4(4442 4468 4469 4447)
4(4442 4447 4446 4443)
4(4446 4433 4538 4528)
4(4431 4535 4538 4433)
4(4431 4433 4446 4445)
4(4467 4471 4469 4468)
4(4426 4433 4538 4532)
4(4426 4443 4446 4433)
4(4494 4496 4540 4529)
4(71 4529 4540 76)
4(4540 4532 4538 4529)
4(4540 4529 4541 4534)
4(4494 4529 4538 4433)
4(4490 4489 4526 4522)
4(205 4518 4526 4489)
4(4519 204 4490 4522)
4(205 4489 4490 204)
4(4537 4522 4542 4531)
4(4523 4522 4537 4517)
4(4527 4530 4523 4517)
4(4537 4466 4526 4522)
4(4490 4487 4537 4522)
4(4465 4489 4526 4466)
4(4465 4487 4490 4489)
4(4467 4466 4526 4525)
4(4523 4522 4490 4491)
4(4486 4517 4523 4491)
4(4486 4491 4490 4487)
4(4516 4534 4543 4521)
4(4516 4521 4523 4517)
4(4516 74 85 4521)
4(4526 4489 4475 4478)
4(205 4476 4475 4489)
4(4475 4476 4477 4478)
4(4526 4466 4473 4478)
4(4465 4489 4475 4472)
4(4465 4472 4473 4466)
4(4475 4478 4473 4472)
4(4467 4466 4473 4474)
4(4479 4474 4473 4478)
4(4492 200 4520 4521)
4(85 81 4492 4521)
4(80 200 4492 81)
4(202 4491 4523 4524)
4(202 204 4490 4491)
4(4492 4491 4523 4521)
4(202 4491 4492 200)
4(4492 4521 4516 4488)
4(73 81 4492 4488)
4(4486 4488 4492 4491)
6(4486 194 193 203 202 4491)
5(82 194 4486 4488 73)
5(4486 194 190 4465 4487)
6(205 4489 4465 190 191 195)
4(4486 4417 4416 194)
4(82 194 4416 51)
4(4416 194 190 4448)
4(4438 4448 190 4465)
5(4438 4441 4417 4416 4448)
4(185 3982 4416 194)
4(3981 187 190 4448)
4(3981 4448 4416 3982)
4(191 212 4553 195)
4(213 4550 4553 212)
4(4553 4550 198 195)
4(198 4550 213 197)
4(211 172 3196 4551)
4(211 4551 4554 214)
4(4554 4551 3196 3197)
4(171 214 4554 3197)
6(211 4551 4482 4483 4481 210)
5(190 210 4481 4472 4465)
4(211 212 4553 4551)
4(205 4476 4553 195)
4(4482 4551 4553 4476)
4(4482 4476 4475 4483)
4(4481 4483 4475 4472)
5(165 3206 4480 4481 210)
4(4482 3199 3196 4551)
4(4482 4483 4484 3199)
4(3198 3199 4484 3207)
4(3206 3207 4484 4480)
4(4481 4480 4484 4483)
4(4451 210 165 3195)
4(4481 210 4451 4450)
6(3205 3206 4480 4481 4450 4449)
5(3205 4449 4450 4451 3195)
4(186 3983 4451 210)
4(3191 3195 4451 3983)
4(4451 4448 190 210)
6(4438 4452 4450 4481 4472 4465)
5(4438 4448 4451 4450 4452)
4(3981 3983 4451 4448)
4(4554 4550 4553 4551)
4(213 4550 4554 214)
4(4555 4476 4553 4550)
4(198 206 4555 4550)
4(4555 4552 4554 4550)
4(4482 4551 4554 4552)
4(4548 4550 4554 4547)
4(4548 216 213 4550)
4(215 4547 4554 214)
4(215 216 4548 4547)
4(4555 4550 4548 4549)
4(4548 4550 198 208)
4(4546 4552 4554 4547)
4(209 208 4548 216)
4(3201 3197 4554 4552)
4(3202 4547 4554 3197)
4(215 4547 3202 173)
4(215 4547 4557 217)
4(218 4556 4548 216)
4(3235 3223 4454 4559)
3(4454 4453 4559)
4(3222 4453 4454 3223)
7(4458 4564 4558 4563 4481 4450 4457)
4(4558 4564 4565 4562)
4(3229 3236 4565 4456)
4(3237 4562 4565 3236)
4(4458 4456 4565 4564)
4(4558 4562 4567 4563)
4(3206 4480 4567 3238)
4(3237 3238 4567 4562)
4(4481 4563 4567 4480)
4(3205 3228 4455 4449)
4(3229 4456 4455 3228)
4(4450 4449 4455 4457)
4(4458 4457 4455 4456)
4(4558 4474 4568 4564)
4(4442 4460 4568 4468)
4(4467 4468 4568 4474)
4(4458 4564 4568 4460)
4(4558 4563 4473 4474)
4(4481 4472 4473 4563)
4(4438 4452 4459 4439)
4(4450 4457 4459 4452)
4(4442 4439 4459 4460)
4(4458 4460 4459 4457)
3(4462 4461 4560)
4(4461 4447 4469 4560)
4(4444 4447 4461 4462)
3(4559 4565 4562)
4(4565 4559 4566 4564)
3(4558 4564 4566)
4(3235 3236 4565 4559)
4(4565 4456 4454 4559)
4(3229 3223 4454 4456)
4(4566 4559 4454 4464)
3(4463 4566 4464)
4(4463 4464 4454 4453)
4(4458 4464 4566 4564)
4(4458 4456 4454 4464)
3(4474 4568 4560)
4(4566 4560 4568 4564)
4(4461 4560 4566 4464)
4(4463 4462 4461 4464)
4(4469 4560 4568 4468)
4(4568 4560 4461 4460)
4(4442 4460 4461 4447)
4(4458 4464 4461 4460)
4(4569 4478 4475 4483)
3(4482 4569 4483)
4(4473 4478 4569 4563)
3(4558 4563 4569)
4(4481 4483 4569 4563)
3(4561 4484 3199)
4(4484 4561 4569 4483)
4(4484 3207 3240 4561)
3(4567 4561 4562)
4(4567 4563 4569 4561)
4(3240 4561 4567 3238)
4(4484 4480 4567 4561)
4(2241 2235 4635 4636)
4(4593 2240 2241 4636)
4(4593 4636 4635 4594)
4(2234 4594 4635 2235)
4(2234 2240 4593 4594)
4(4634 4636 2241 2228)
4(2227 2235 4635 4633)
4(2227 4633 4634 2228)
4(4634 4633 4635 4636)
4(2242 4597 4641 2244)
4(4596 4639 4641 4597)
4(2233 2244 4641 4640)
5(4595 4637 4638 4639 4596)
4(4638 4640 4641 4639)
5(2229 2233 4640 4638 4637)
5(4595 4596 4597 2242 2243)
4(4593 4597 4641 4636)
4(4641 2244 2241 4636)
4(2242 4597 4593 2240)
4(4642 4599 4593 4636)
4(4598 4643 4635 4594)
4(4598 4599 4642 4643)
4(4635 4643 4642 4636)
4(4598 4594 4593 4599)
4(4596 4639 4642 4599)
4(4641 4636 4642 4639)
4(4596 4599 4593 4597)
4(4634 4636 4641 4640)
4(2233 2228 4634 4640)
4(4667 4686 4688 4668)
4(4688 4686 4687 4683)
4(4688 4683 4669 4668)
4(4687 4670 4669 4683)
4(4667 4670 4687 4686)
4(4667 4668 4669 4670)
4(4415 4681 4689 4414)
4(4602 4603 4689 4671)
4(4672 4671 4689 4681)
4(4413 4414 4689 4603)
5(4416 4448 4672 4681 4415)
6(4438 4605 4602 4671 4672 4448)
4(4438 4441 4604 4605)
4(4417 4418 4604 4441)
4(4602 4605 4604 4603)
4(4413 4603 4604 4418)
4(4690 4686 4688 4684)
4(4674 4684 4688 4668)
4(4690 4684 4674 4673)
4(4667 4686 4690 4673)
4(4667 4673 4674 4668)
4(3993 3994 4675 4685)
4(3998 3992 3993 4685)
4(4675 3997 3998 4685)
4(3991 3997 4675 3994)
4(4688 4683 2236 2237)
4(4635 4683 4688 4594)
4(4635 2235 2236 4683)
4(2234 4594 4688 2237)
4(2236 2239 4687 4683)
4(2238 4686 4687 2239)
4(2238 2237 4688 4686)
4(4669 4643 4635 4683)
4(4598 4668 4688 4594)
4(4598 4643 4669 4668)
4(4645 4679 4687 4683)
4(4645 4683 2236 2220)
4(2217 2239 4687 4679)
4(2217 4679 4645 2220)
4(4645 4683 4669 4646)
4(4635 4683 4645 4633)
4(4644 4646 4669 4643)
4(4644 4633 4645 4646)
4(4644 4643 4635 4633)
4(4676 4679 4687 4670)
4(4676 4646 4645 4679)
4(4676 4670 4669 4646)
4(2227 2220 4645 4633)
4(3993 3996 4687 4686)
4(3995 4670 4687 3996)
4(4667 3994 3993 4686)
4(4667 4670 3995 3994)
4(4687 2239 2170 3996)
4(2238 4686 3993 2169)
4(4002 3996 4687 4679)
4(2217 2166 4002 4679)
4(4676 4679 4002 4001)
4(4676 4001 3995 4670)
4(4434 4684 4688 2237)
4(4688 4684 4601 4594)
4(4601 4684 4434 4419)
4(2234 4594 4601 4419)
4(4434 4684 4690 4435)
4(2238 4435 4690 4686)
4(4601 4600 4674 4684)
4(4598 4668 4674 4600)
4(4598 4600 4601 4594)
4(4689 4684 4690 4681)
4(4434 4684 4689 4414)
4(4415 4681 4690 4435)
4(4689 4671 4674 4684)
4(4601 4603 4689 4684)
4(4602 4600 4674 4671)
4(4602 4603 4601 4600)
4(4672 4673 4690 4681)
4(4672 4671 4674 4673)
4(4413 4419 4601 4603)
4(4690 4685 3993 4686)
4(4675 4685 4690 4673)
4(4667 3994 4675 4673)
4(4436 4685 3993 2169)
4(4436 4435 4690 4685)
4(4436 4685 3998 3979)
4(4682 4681 4690 4685)
4(4682 4685 4436 4437)
4(4415 4681 4682 4437)
4(4682 4685 4675 4677)
4(3998 4685 4682 3984)
4(3985 3984 4682 4677)
4(3985 4677 4675 3997)
4(4672 4677 4682 4681)
4(4672 4673 4675 4677)
4(3980 4437 4682 3984)
5(3981 4448 4672 4677 3985)
4(4680 2218 2161 4003)
4(4680 4003 4002 4679)
4(2217 2218 4680 4679)
4(4680 4003 2216 2251)
4(4004 4003 4680 4678)
4(2107 4678 4680 2251)
4(2107 2100 4004 4678)
4(2219 2251 4680 2218)
4(4676 4679 4680 4678)
4(4676 4678 4004 4001)
4(4680 4648 2221 2218)
4(4645 4648 4680 4679)
4(2221 4648 4645 2220)
4(4680 2251 2252 4648)
4(4680 4648 4647 4678)
4(2107 4678 4647 2110)
4(4647 4648 2252 2110)
4(2221 2222 2252 4648)
4(4676 4646 4647 4678)
4(4645 4648 4647 4646)
4(4697 4705 4712 4706)
4(4697 4704 4714 4705)
4(4714 4704 4713 4699)
4(4714 4699 4712 4705)
4(4713 4706 4712 4699)
4(4697 4706 4713 4704)
4(4697 4705 4006 4007)
4(4006 4705 4712 4009)
4(4712 4706 4008 4009)
4(4697 4007 4008 4706)
4(4667 4668 4716 4703)
4(4716 4700 4715 4703)
4(4669 4700 4716 4668)
4(4669 4670 4715 4700)
4(4667 4703 4715 4670)
5(3231 4710 4698 4451 3195)
6(4609 4608 4450 4451 4698 4708)
4(4698 4710 4717 4708)
4(3219 4610 4717 3232)
4(4609 4708 4717 4610)
4(3231 3232 4717 4710)
4(3205 4449 4606 3226)
4(3219 3226 4606 4610)
4(4450 4608 4606 4449)
4(4609 4610 4606 4608)
5(4451 3983 3986 4711 4698)
4(4698 4711 4718 4710)
4(3988 4570 4718 3987)
4(3231 4710 4718 4570)
4(3986 3987 4718 4711)
5(3191 3195 3231 4570 3988)
4(4697 4707 4719 4705)
4(4720 4704 4714 4701)
4(4719 4701 4714 4705)
4(4719 4707 4720 4701)
4(4697 4704 4720 4707)
4(4719 4705 4006 4013)
4(4012 4707 4719 4013)
4(4697 4707 4012 4007)
5(4672 4448 4451 4698 4709)
4(4698 4708 4721 4709)
4(4602 4671 4721 4611)
4(4609 4611 4721 4708)
4(4672 4709 4721 4671)
4(4438 4605 4607 4452)
4(4450 4452 4607 4608)
4(4602 4611 4607 4605)
4(4609 4608 4607 4611)
4(4698 4709 4722 4711)
4(3985 3989 4722 4677)
4(4672 4677 4722 4709)
4(3986 4711 4722 3989)
4(4723 4702 4716 4703)
4(4716 4702 4674 4668)
4(4674 4702 4723 4673)
4(4667 4673 4723 4703)
4(4675 3994 4010 4014)
4(4015 3997 4675 4014)
4(4649 4613 4714 4699)
4(4714 4574 4573 4699)
4(4573 4572 4649 4699)
4(4571 4574 4714 4613)
4(4571 4613 4649 4572)
4(4571 4572 4573 4574)
4(4649 4651 4713 4699)
4(4614 4704 4713 4651)
4(4614 4613 4714 4704)
4(4614 4651 4649 4613)
4(4573 4699 4712 4576)
4(4575 4576 4712 4705)
4(4575 4705 4714 4574)
4(4575 4574 4573 4576)
4(4654 4699 4713 4656)
4(4712 4699 4654 4691)
4(4693 4706 4712 4691)
4(4693 4656 4713 4706)
4(4693 4691 4654 4656)
4(4654 4653 4649 4699)
4(4654 4699 4573 4578)
4(4652 4578 4573 4572)
4(4652 4572 4649 4653)
4(4652 4653 4654 4578)
4(4655 4651 4713 4656)
4(4655 4653 4649 4651)
4(4655 4656 4654 4653)
4(4577 4691 4712 4576)
4(4577 4578 4654 4691)
4(4577 4576 4573 4578)
4(4016 4576 4712 4009)
4(4575 4017 4006 4705)
4(4575 4576 4016 4017)
4(4018 4009 4712 4691)
4(4693 4706 4008 4019)
4(4693 4019 4018 4691)
4(4577 4691 4018 4020)
4(4577 4020 4016 4576)
4(4713 4704 4716 4700)
4(4715 4706 4713 4700)
4(4697 4706 4715 4703)
4(4697 4703 4716 4704)
4(4716 4700 4650 4617)
4(4650 4700 4713 4651)
4(4614 4704 4716 4617)
4(4614 4617 4650 4651)
4(4650 4643 4669 4700)
4(4598 4617 4716 4668)
4(4598 4643 4650 4617)
4(4658 4656 4713 4700)
4(4658 4700 4715 4692)
4(4693 4692 4715 4706)
4(4693 4656 4658 4692)
4(4658 4700 4650 4657)
4(4669 4700 4658 4646)
4(4644 4657 4650 4643)
4(4644 4646 4658 4657)
4(4655 4651 4650 4657)
4(4655 4657 4658 4656)
4(4676 4670 4715 4692)
4(4676 4692 4658 4646)
4(4715 4000 4010 4703)
4(3995 4000 4715 4670)
4(4667 4703 4010 3994)
4(4008 4706 4715 4000)
4(4697 4007 4010 4703)
4(3999 4692 4715 4000)
4(4693 4692 3999 4019)
4(4676 4001 3999 4692)
4(4714 4613 4612 4701)
4(4579 4574 4714 4701)
4(4612 4580 4579 4701)
4(4571 4580 4612 4613)
4(4571 4574 4579 4580)
4(4612 4701 4720 4615)
4(4614 4615 4720 4704)
4(4614 4613 4612 4615)
4(4579 4581 4719 4701)
4(4575 4705 4719 4581)
4(4575 4581 4579 4574)
4(4720 4701 4717 4708)
4(4717 4701 4719 4710)
4(4698 4710 4719 4707)
4(4698 4707 4720 4708)
4(4612 4610 4717 4701)
4(4579 4701 4717 3232)
4(3219 4610 4612 4580)
4(3219 4580 4579 3232)
4(4609 4708 4720 4615)
4(4609 4615 4612 4610)
4(3231 4581 4719 4710)
4(3231 3232 4579 4581)
4(4023 4013 4719 4581)
4(4575 4017 4023 4581)
4(4718 4710 4719 4013)
4(4718 4013 4012 4711)
4(4698 4711 4012 4707)
4(4023 4570 4718 4013)
4(4021 4013 4718 3987)
4(3988 4570 4023 4024)
4(3231 4581 4023 4570)
4(3986 4022 4012 4711)
4(4716 4704 4720 4702)
4(4720 4707 4723 4702)
4(4697 4703 4723 4707)
4(4616 4702 4716 4617)
4(4616 4615 4720 4702)
4(4614 4615 4616 4617)
4(4674 4600 4616 4702)
4(4598 4617 4616 4600)
4(4721 4702 4720 4708)
4(4723 4702 4721 4709)
4(4698 4707 4723 4709)
4(4616 4702 4721 4611)
4(4674 4671 4721 4702)
4(4602 4600 4616 4611)
4(4609 4611 4616 4615)
4(4672 4709 4723 4673)
4(4010 4014 4723 4703)
4(4723 4014 4675 4673)
4(4012 4014 4723 4707)
4(4722 4014 4723 4709)
4(4012 4014 4722 4711)
4(4675 4014 4722 4677)
4(4722 4014 4015 3989)
4(4026 4025 4694 4695)
4(4694 4025 4018 4691)
4(4693 4019 4026 4695)
4(4693 4695 4694 4691)
4(4694 4025 2104 2133)
4(4694 4666 3152 4025)
4(2132 4666 4694 2133)
4(2132 2072 3152 4666)
4(2109 4695 4026 2106)
4(2109 2133 4694 4695)
4(4577 4691 4694 4666)
4(4577 4666 3152 4020)
4(4696 4005 4026 4695)
4(3999 4005 4696 4692)
4(4693 4692 4696 4695)
4(4696 2108 2101 4005)
4(4696 4005 4004 4678)
4(2107 2108 4696 4678)
4(2109 4695 4696 2108)
4(4676 4678 4696 4692)
4(4694 4660 4662 4695)
4(4694 4691 4654 4660)
4(4693 4695 4662 4656)
4(4654 4656 4662 4660)
4(4694 2133 2134 4660)
4(4694 4660 4659 4666)
4(2132 4666 4659 2135)
4(4659 4660 2134 2135)
4(2109 2112 4662 4695)
4(4662 2112 2134 4660)
4(4577 4578 4659 4666)
4(4659 4578 4654 4660)
4(4696 4695 4662 4661)
4(4696 4661 4658 4692)
4(4658 4661 4662 4656)
4(4696 4661 2111 2108)
4(4647 4661 4696 4678)
4(2111 4661 4647 2110)
4(2111 2112 4662 4661)
4(4658 4646 4647 4661)
4(4652 4588 4582 4572)
4(4652 4578 4587 4588)
4(4582 4583 4573 4572)
4(4587 4578 4573 4583)
4(4587 4583 4582 4588)
4(4621 4588 4582 4585)
4(4652 4588 4621 4622)
4(4652 4622 4584 4572)
4(4621 4585 4584 4622)
4(4584 4585 4582 4572)
4(3164 3161 4621 4588)
4(4621 3161 3174 4585)
4(3164 4588 4582 3176)
4(3174 3176 4582 4585)
4(4724 2137 2138 4725)
4(2138 2135 4659 4725)
4(4659 4663 4724 4725)
4(2136 2137 4724 4663)
4(2136 4663 4659 2135)
4(4726 3155 3183 3184)
4(3156 3155 4726 4586)
4(3182 4586 4726 3184)
4(3182 3130 3156 4586)
4(4726 2139 2131 3155)
4(3152 4666 4726 3155)
4(2132 2139 4726 4666)
4(2129 3184 4726 2139)
4(4577 4666 4726 4586)
4(4577 4586 3156 4020)
4(3165 4725 4726 3184)
4(4726 4725 4587 4586)
4(4587 4725 3165 3166)
4(3182 4586 4587 3166)
4(3165 2126 2138 4725)
4(4724 3163 3165 4725)
4(2124 3163 4724 2137)
4(2138 2139 4726 4725)
4(4659 4725 4726 4666)
4(4659 4578 4587 4725)
4(4724 4725 4587 4588)
4(4652 4663 4724 4588)
4(4652 4578 4659 4663)
4(4577 4578 4587 4586)
4(3164 4588 4724 3163)
4(3164 3166 4587 4588)
4(2141 2137 4724 4727)
4(4664 2140 2141 4727)
4(4724 4663 4664 4727)
4(2136 2140 4664 4663)
4(3159 3160 4728 4620)
4(2144 4665 4728 2143)
4(2122 2143 4728 3160)
4(4618 4620 4728 4665)
5(2142 4619 4618 4665 2144)
5(4618 4619 3158 3159 4620)
4(4728 4727 3162 3160)
4(4621 4727 4728 4620)
4(3162 4727 4621 3161)
4(3159 3161 4621 4620)
4(3162 4727 2141 2125)
4(4724 4727 3162 3163)
4(4728 2143 2141 4727)
4(4728 4727 4664 4665)
4(2144 4665 4664 2140)
4(4621 4622 4664 4727)
4(4724 4588 4621 4727)
4(4652 4663 4664 4622)
4(4618 4622 4664 4665)
4(4618 4620 4621 4622)
4(2252 2253 4730 4648)
4(4730 4729 4647 4648)
4(2147 4729 4730 2253)
4(2147 2110 4647 4729)
4(2225 4731 4730 2224)
4(2223 2224 4730 2253)
4(4730 4731 2254 2253)
4(2225 2226 2254 4731)
4(2227 4633 4730 2224)
4(4634 2228 2225 4731)
4(4634 4731 4730 4633)
4(2221 2224 4730 4648)
4(4645 4648 4730 4633)
4(4644 4633 4730 4729)
4(4644 4729 4647 4646)
4(4623 4613 4649 4740)
4(4584 4589 4623 4740)
4(4649 4572 4584 4740)
4(4571 4613 4623 4589)
4(4571 4589 4584 4572)
5(4627 4742 4736 4735 4628)
4(4627 4626 4743 4742)
4(4625 4629 4743 4626)
4(4736 4742 4743 4737)
4(4618 4737 4743 4629)
5(4735 4736 4737 4618 4619)
5(4624 4625 4626 4627 4628)
5(4624 4619 4618 4629 4625)
4(4614 4631 4744 4651)
4(4630 4741 4744 4631)
4(4650 4741 4630 4617)
4(4650 4651 4744 4741)
4(4614 4617 4630 4631)
4(4627 4742 4745 4632)
4(4596 4632 4745 4639)
4(4736 4739 4745 4742)
4(4638 4639 4745 4739)
5(4735 4637 4638 4739 4736)
5(4595 4628 4627 4632 4596)
4(4623 4631 4744 4740)
4(4744 4651 4649 4740)
4(4614 4631 4623 4613)
4(4623 4626 4743 4740)
4(4743 4742 4744 4740)
4(4627 4631 4744 4742)
4(4627 4626 4623 4631)
4(4584 4629 4743 4740)
4(4625 4589 4623 4626)
4(4625 4629 4584 4589)
4(4744 4740 4732 4733)
4(4732 4740 4743 4737)
4(4736 4742 4744 4733)
4(4736 4733 4732 4737)
4(4732 4740 4649 4653)
4(4732 4622 4584 4740)
4(4652 4622 4732 4653)
4(4655 4733 4744 4651)
4(4655 4653 4732 4733)
4(4618 4737 4732 4622)
4(4618 4622 4584 4629)
4(4630 4741 4745 4632)
4(4744 4742 4745 4741)
4(4627 4631 4630 4632)
4(4630 4599 4642 4741)
4(4642 4643 4650 4741)
4(4598 4599 4630 4617)
4(4642 4741 4745 4639)
4(4596 4632 4630 4599)
4(4738 4741 4744 4733)
4(4745 4741 4738 4739)
4(4736 4739 4738 4733)
4(4738 4657 4650 4741)
4(4738 4741 4642 4734)
4(4644 4734 4642 4643)
4(4644 4657 4738 4734)
4(4655 4733 4738 4657)
4(4638 4639 4642 4734)
4(4638 4734 4738 4739)
4(4634 4734 4642 4636)
4(4644 4734 4634 4633)
4(4638 4640 4634 4734)
4(2136 2145 4751 4663)
4(2146 2140 4664 4746)
4(4664 4663 4751 4746)
4(4751 2145 2146 4746)
4(2147 4729 4754 2152)
4(2254 2152 4754 4731)
4(4754 4729 4730 4731)
4(4751 4663 4659 4660)
4(2134 2145 4751 4660)
4(2147 2148 4756 4729)
4(4756 2148 2111 4661)
4(4647 4729 4756 4661)
5(2150 2151 4735 4736 4748)
4(4736 4737 4752 4748)
4(2144 2149 4752 4665)
4(2150 4748 4752 2149)
4(4618 4665 4752 4737)
4(2153 2148 4756 4747)
4(4754 2152 2153 4747)
4(4756 4729 4754 4747)
5(2154 4637 4638 4750 2156)
4(4736 4748 4757 4739)
4(2156 4750 4757 2155)
4(2150 2155 4757 4748)
4(4638 4739 4757 4750)
4(2233 4640 4755 2232)
4(2156 2255 4755 4750)
4(2231 2232 4755 2255)
4(4638 4750 4755 4640)
4(4753 4746 4752 4748)
4(4732 4746 4753 4733)
4(4732 4737 4752 4746)
4(4736 4733 4753 4748)
4(4752 4746 2146 2149)
4(4664 4746 4752 4665)
4(4751 4746 4732 4653)
4(4732 4746 4664 4622)
4(4652 4663 4751 4653)
4(4753 2158 2146 4746)
4(4753 4746 4751 4749)
4(2157 4749 4751 2145)
4(2157 2158 4753 4749)
4(2150 4748 4753 2158)
4(4655 4653 4751 4749)
4(4655 4749 4753 4733)
4(2225 4731 4755 2232)
4(4755 4731 4634 4640)
4(4755 4731 2254 2255)
4(4755 4750 4754 4731)
4(2156 2152 4754 4750)
4(4634 4731 4754 4734)
4(4644 4734 4754 4729)
4(4638 4750 4754 4734)
4(4654 4660 4751 4653)
4(4662 4749 4751 4660)
4(2157 4749 4662 2112)
4(4655 4656 4662 4749)
4(4662 4661 4756 4749)
4(2157 4749 4756 2148)
4(4658 4657 4756 4661)
4(4644 4729 4756 4657)
4(4655 4657 4756 4749)
4(4757 4747 4753 4748)
4(4738 4733 4753 4747)
4(4738 4747 4757 4739)
4(4753 4747 2153 2158)
4(4753 4749 4756 4747)
4(4757 2155 2153 4747)
4(4757 4747 4754 4750)
4(4738 4747 4756 4657)
4(4738 4734 4754 4747)
4(4420 4778 4601 4419)
4(4420 2240 4593 4778)
4(4601 4778 4593 4594)
4(4758 4421 4420 4778)
4(4758 4778 4601 4603)
4(4413 4421 4758 4603)
4(4612 4613 4623 4781)
4(4623 4589 4779 4781)
4(4779 4580 4612 4781)
4(4571 4580 4779 4589)
6(4627 4628 4769 4766 4762 4783)
4(4627 4783 4785 4626)
4(4625 4626 4785 4780)
4(4762 4763 4785 4783)
4(3216 4780 4785 4763)
6(4624 4625 4780 3216 3214 3213)
4(4762 4766 4767 4763)
4(3213 3214 4767 4768)
4(3216 4763 4767 3214)
4(4769 4768 4767 4766)
4(4614 4615 4786 4631)
4(4630 4631 4786 4782)
4(4630 4782 4616 4617)
4(4616 4782 4786 4615)
6(4595 4773 4775 4761 4784 4596)
4(4627 4632 4787 4783)
4(4596 4784 4787 4632)
4(4762 4783 4787 4771)
4(4761 4771 4787 4784)
4(4762 4771 4772 4766)
4(4773 4774 4772 4775)
4(4761 4775 4772 4771)
4(4769 4766 4772 4774)
4(2242 4422 4789 4597)
4(4596 4597 4789 4784)
4(4423 4759 4789 4422)
4(4761 4784 4789 4759)
4(4423 4424 4776 4759)
4(4773 4775 4776 4777)
4(4761 4759 4776 4775)
4(4425 4777 4776 4424)
4(4786 4631 4623 4781)
4(4786 4781 4612 4615)
4(4785 4626 4623 4781)
4(4786 4783 4785 4781)
4(4627 4783 4786 4631)
4(4779 4781 4785 4780)
4(4625 4589 4779 4780)
4(4786 4765 4764 4781)
4(4785 4781 4764 4763)
4(4762 4765 4786 4783)
4(4762 4763 4764 4765)
4(4612 4781 4764 4610)
4(4764 4781 4779 3221)
4(3219 3221 4779 4580)
4(3219 4610 4764 3221)
4(4609 4615 4786 4765)
4(4609 4765 4764 4610)
4(3216 4780 4779 3221)
4(3216 3221 4764 4763)
4(4787 4782 4630 4632)
4(4787 4783 4786 4782)
4(4788 4599 4630 4782)
4(4616 4600 4788 4782)
4(4598 4599 4788 4600)
4(4788 4784 4787 4782)
4(4596 4784 4788 4599)
4(4786 4782 4770 4765)
4(4770 4782 4787 4771)
4(4762 4765 4770 4771)
4(4616 4611 4770 4782)
4(4788 4782 4770 4760)
4(4602 4600 4788 4760)
4(4602 4760 4770 4611)
4(4609 4611 4770 4765)
4(4761 4760 4788 4784)
4(4761 4771 4770 4760)
4(4789 4597 4593 4778)
4(4420 4422 4789 4778)
4(4593 4599 4788 4778)
4(4788 4600 4601 4778)
4(4789 4784 4788 4778)
4(4789 4778 4758 4759)
4(4423 4759 4758 4421)
4(4758 4778 4788 4760)
4(4602 4603 4758 4760)
4(4761 4760 4758 4759)
5(4624 3169 3167 4791 4625)
4(4625 4791 4792 4629)
4(3167 3168 4792 4791)
4(3159 4620 4792 3168)
4(4618 4629 4792 4620)
4(4591 4590 4592 4790)
4(4779 4589 4591 4790)
4(4592 4580 4779 4790)
4(4571 4590 4591 4589)
4(4571 4580 4592 4590)
4(4625 4780 4793 4791)
4(3167 4791 4793 3175)
4(3210 3175 4793 3212)
4(3216 3212 4793 4780)
4(4591 4791 4792 4585)
4(4584 4585 4792 4629)
4(4625 4791 4591 4589)
4(4591 4585 4584 4589)
4(3174 3168 4792 4585)
4(3167 3171 4591 4791)
4(4591 3171 3174 4585)
4(4792 4585 4621 4620)
4(3172 4790 4591 3171)
4(3172 3173 4592 4790)
4(3170 3171 4591 4590)
4(3170 4590 4592 3173)
4(4793 4791 4591 4790)
4(4779 4780 4793 4790)
4(4793 3175 3172 4790)
4(3218 4790 4793 3212)
4(3172 4790 3218 3217)
4(4779 4790 3218 3221)
4(4592 3220 3218 4790)
4(3219 3220 4592 4580)
4(3177 3173 4592 3220)
4(4454 3223 3224 4794)
4(3224 3225 4806 4794)
4(4806 4453 4454 4794)
4(4438 4439 4812 4605)
4(4812 4439 4440 4809)
4(4440 4441 4604 4809)
4(4604 4605 4812 4809)
4(3227 3228 4455 4810)
4(4606 3226 3227 4810)
4(4455 4449 4606 4810)
4(4607 4452 4459 4811)
4(4459 4439 4812 4811)
4(4812 4605 4607 4811)
4(4444 4447 4805 4797)
4(4461 4462 4807 4795)
4(4805 4447 4461 4795)
4(4807 4797 4805 4795)
4(4446 4447 4805 4796)
4(4808 4445 4446 4796)
4(4805 4797 4808 4796)
4(4802 4794 4801 4798)
4(4801 4794 4767 4763)
4(4767 4794 4802 4766)
4(4762 4766 4802 4798)
4(4762 4798 4801 4763)
4(4801 4794 4454 4456)
4(3224 4794 4801 3230)
4(3229 3230 4801 4456)
4(3224 3214 4767 4794)
4(4806 4794 4767 4768)
4(4802 4464 4454 4794)
4(4806 4799 4802 4794)
4(4463 4464 4802 4799)
4(4458 4798 4802 4464)
4(4458 4456 4801 4798)
4(3216 4763 4801 3230)
4(4769 4799 4802 4766)
4(4802 4798 4804 4795)
4(4772 4795 4804 4771)
4(4802 4795 4772 4766)
4(4762 4771 4804 4798)
4(4802 4795 4461 4464)
4(4807 4795 4802 4799)
4(4461 4795 4804 4460)
4(4804 4795 4805 4800)
4(4442 4800 4805 4447)
4(4442 4460 4804 4800)
4(4805 4795 4772 4775)
4(4807 4774 4772 4795)
4(4773 4797 4805 4775)
4(4458 4798 4804 4460)
4(4761 4775 4805 4800)
4(4761 4800 4804 4771)
4(4430 4796 4803 4427)
4(4803 4796 4776 4759)
4(4776 4796 4430 4424)
4(4423 4427 4803 4759)
4(4803 4796 4446 4443)
4(4803 4800 4805 4796)
4(4442 4800 4803 4443)
4(4430 4433 4446 4796)
4(4808 4432 4430 4796)
4(4776 4796 4805 4775)
4(4808 4796 4776 4777)
4(4426 4443 4803 4427)
4(4761 4759 4803 4800)
4(4803 4809 4428 4427)
4(4803 4759 4758 4809)
4(4428 4809 4758 4421)
4(4440 4809 4803 4443)
4(4812 4800 4803 4809)
4(4442 4800 4812 4439)
4(4428 4809 4440 4429)
4(4604 4809 4428 4418)
4(4758 4760 4812 4809)
4(4758 4809 4604 4603)
4(4602 4605 4812 4760)
4(4761 4760 4812 4800)
4(3227 3230 4801 4810)
4(4801 4456 4455 4810)
4(4764 4810 3227 3221)
4(4801 4810 4764 4763)
4(4606 4610 4764 4810)
4(4813 4798 4801 4810)
4(4764 4765 4813 4810)
4(4762 4798 4813 4765)
4(4813 4810 4455 4457)
4(4606 4810 4813 4608)
4(4450 4608 4813 4457)
4(4458 4457 4813 4798)
4(4609 4765 4813 4608)
4(4813 4811 4804 4798)
4(4770 4811 4813 4765)
4(4770 4771 4804 4811)
4(4459 4811 4813 4457)
4(4607 4608 4813 4811)
4(4804 4811 4459 4460)
4(4804 4800 4812 4811)
4(4770 4611 4607 4811)
4(4770 4811 4812 4760)
4(4571 4572 4582 4590)
4(4571 4590 4817 4574)
4(4817 4590 4582 4583)
4(4573 4574 4817 4583)
4(3188 3129 4028 4815)
4(3188 4815 4816 3189)
4(4816 4815 4028 4029)
4(3128 3189 4816 4029)
4(4582 4590 4591 4585)
4(3186 3233 4818 3185)
4(3988 3990 4818 4570)
4(3231 4570 4818 3233)
4(3120 3185 4818 3990)
4(4592 4590 4817 4814)
4(4817 4574 4579 4814)
4(4579 4580 4592 4814)
4(3188 3190 4819 4815)
4(4028 4815 4819 4030)
4(4819 3190 3131 4030)
4(4817 3180 3181 4583)
4(4582 4583 3181 3176)
4(3170 4590 4582 3176)
4(3170 3180 4817 4590)
4(4817 4815 4816 4583)
4(4816 3189 3181 4583)
4(3188 4815 4817 3180)
4(4573 4576 4816 4583)
4(4575 4815 4816 4576)
4(4575 4574 4817 4815)
4(4587 4583 4816 4586)
4(3181 4583 4587 3166)
4(3182 4586 4816 3189)
4(4577 4576 4816 4586)
4(4016 4029 4816 4576)
4(4575 4815 4028 4017)
4(3156 4586 4816 4029)
4(3179 3180 4817 4814)
4(4592 3173 3179 4814)
4(4819 4815 4817 4814)
4(3179 3190 4819 4814)
4(4579 4814 4819 4581)
4(4575 4581 4819 4815)
4(4819 4814 3234 3233)
4(3234 4814 3179 3178)
4(3186 3190 4819 3233)
4(4579 3232 3234 4814)
4(4592 4814 3234 3220)
4(3231 3233 4819 4581)
4(4023 4581 4819 4030)
4(4818 4030 4819 3233)
4(3131 4030 4818 3185)
4(4023 4030 4818 4570)
4(4027 3990 4818 4030)
4(4825 4828 5015 4889)
4(4890 4889 5015 5008)
4(4827 4826 4890 5008)
4(4827 5008 5015 4828)
4(4825 4889 4890 4826)
4(4825 4826 4827 4828)
6(4915 4944 1936 1914 4851 4945)
4(4915 4946 4974 4944)
6(4849 1913 1944 4963 4919 4965)
4(1936 4944 4974 1945)
4(4919 4963 4974 4946)
4(1944 1945 4974 4963)
4(4915 4945 4976 4946)
4(4851 4850 4976 4945)
4(4919 4946 4976 4965)
4(4849 4965 4976 4850)
5(1914 1913 4849 4850 4851)
4(4915 4944 4977 4942)
6(4915 4942 1957 1958 4851 4945)
4(1957 4942 4977 1956)
4(1936 1937 4977 4944)
4(1934 1956 4977 1937)
4(1958 1935 1914 4851)
4(4917 4950 4979 4951)
4(4917 4951 4973 4953)
4(4979 4950 4999 4923)
4(4973 4951 4979 4923)
4(4999 4953 4973 4923)
4(4915 4943 4981 4944)
4(4981 4943 4980 4924)
4(4974 4944 4981 4924)
4(4980 4946 4974 4924)
4(4915 4946 4980 4943)
4(4917 4952 4988 4951)
4(5002 4950 4979 4925)
4(4979 4951 4988 4925)
4(4988 4952 5002 4925)
4(4914 4938 4989 4941)
4(4990 4926 4989 4938)
4(4989 4926 4984 4941)
4(4914 4939 4990 4938)
4(4969 4936 4985 4927)
4(4982 4937 4969 4927)
3(4985 4982 4927)
4(4913 4936 4969 4937)
4(4917 4949 4975 4951)
4(4975 4949 5000 4928)
4(4988 4951 4975 4928)
4(5000 4952 4988 4928)
4(4914 4938 4970 4940)
4(4914 4940 4992 4941)
4(4989 4929 4970 4938)
4(4970 4929 4992 4940)
4(4989 4941 4992 4929)
4(5001 4954 4983 4930)
3(4983 4991 4930)
4(4991 4955 5001 4930)
4(4912 4934 4996 4935)
4(4912 4832 4831 4934)
4(4996 4934 4831 4830)
4(4829 4830 4831 4832)
4(4912 4934 4971 4933)
4(4997 4933 4971 4931)
4(4971 4934 4996 4931)
4(4915 4943 4998 4942)
4(4977 4942 4998 4932)
4(4998 4943 4981 4932)
4(4981 4944 4977 4932)
4(4881 5011 5018 4880)
4(4881 4909 5014 5011)
4(5014 5010 5018 5011)
4(4910 4880 5018 5010)
4(4910 5010 5014 4909)
4(4881 4880 4910 4909)
6(1958 4881 5011 4912 4934 1957)
4(4915 4938 4970 4945)
4(4874 4875 4970 4940)
4(4851 4945 4970 4875)
4(4914 4938 4971 4933)
4(4915 4942 4971 4938)
4(1957 4934 4971 4942)
4(4912 5011 5018 4933)
4(4914 4933 5018 4940)
4(4874 4940 5018 4880)
6(4874 4880 4881 1958 4851 4875)
4(1957 1961 4831 4934)
5(1958 4881 4889 4825 1964)
4(4881 5011 5015 4889)
4(4833 4828 5015 4832)
4(4912 4832 5015 5011)
4(4833 4832 4831 4834)
4(1963 4834 4831 1961)
6(1963 1964 4825 4828 4833 4834)
3(1965 4958 1966)
4(4918 4958 1965 1970)
4(4921 1968 1965 4958)
3(4921 1967 1968)
4(4919 4951 4973 4963)
4(1948 1949 4973 4953)
4(1944 4963 4973 1949)
4(4852 4949 4975 4853)
4(4919 4965 4975 4951)
4(4849 4853 4975 4965)
5(4849 1913 1915 4852 4853)
4(4978 4923 1965 1968)
4(1952 4923 4978 1951)
4(1965 4923 1952 1953)
4(1950 1951 4978 1968)
4(4979 4958 1965 4923)
4(4999 4923 1965 1970)
4(4918 4958 4979 4950)
4(4979 4923 4978 4962)
4(4978 4923 4973 4963)
4(4919 4962 4978 4963)
4(4919 4951 4979 4962)
4(1952 1949 4973 4923)
4(4999 1954 1952 4923)
4(4921 1968 4978 4962)
4(4921 4962 4979 4958)
4(1944 4963 4978 1951)
3(4947 1973 1974)
4(4916 1972 1973 4947)
3(4916 1971 1972)
4(4921 4947 1973 1968)
4(1973 4924 4981 1972)
4(4980 4924 1973 4947)
4(4916 4943 4980 4947)
4(4916 1972 4981 4943)
4(4981 1941 1946 4924)
4(1946 1947 1973 4924)
4(1938 1941 4981 1972)
4(1946 4924 4974 1945)
4(1936 4944 4981 1941)
4(4978 1968 1973 4924)
4(4978 4924 1946 1951)
4(4980 4962 4978 4924)
4(4974 4924 4978 4963)
4(4919 4962 4980 4946)
4(4921 4947 4980 4962)
4(4972 4958 4979 4925)
4(4986 4925 4979 4962)
4(4988 4925 4986 4964)
4(4919 4964 4986 4962)
4(4919 4951 4988 4964)
4(4988 4966 4987 4925)
4(4920 4966 4988 4952)
3(4921 4962 4986)
4(4922 4956 4986 4964)
4(4922 4964 4988 4966)
4(4980 4943 4990 4926)
4(4989 4946 4980 4926)
4(4915 4946 4989 4938)
4(4915 4938 4990 4943)
3(4980 4947 4926)
3(4916 4943 4990)
4(4980 4926 4986 4962)
4(4986 4926 4989 4964)
4(4919 4964 4989 4946)
4(4922 4941 4989 4964)
4(4992 4927 4969 4940)
4(4992 4941 4985 4927)
4(4914 4940 4969 4936)
4(4969 4927 4897 4896)
4(4897 4927 4982 4898)
4(4894 4898 4982 4937)
4(4894 4937 4969 4896)
4(4897 4877 4992 4927)
4(4874 4940 4992 4877)
4(4874 4896 4969 4940)
4(4993 4927 4897 4899)
4(4993 4957 4992 4927)
4(4878 4877 4992 4957)
4(4878 4957 4993 4899)
4(4993 4960 4982 4927)
4(4993 4927 4985 4961)
3(4960 4993 4961)
4(4900 4899 4993 4960)
4(4900 4960 4982 4898)
4(4922 4957 4992 4941)
4(4922 4961 4993 4957)
4(4995 4928 4994 4957)
4(4994 4928 4882 4879)
4(4882 4928 4995 4883)
4(4878 4957 4994 4879)
4(4878 4883 4995 4957)
4(4878 4879 4882 4883)
4(4975 4853 4882 4928)
4(5000 4928 4882 4884)
4(4852 4884 4882 4853)
4(4994 4928 4988 4964)
4(4994 4965 4975 4928)
4(4919 4965 4994 4964)
4(4995 4966 4988 4928)
4(5000 4967 4995 4928)
4(4920 4966 4995 4967)
4(4922 4964 4994 4957)
4(4922 4957 4995 4966)
4(4849 4879 4994 4965)
4(4849 4853 4882 4879)
4(4885 4967 4995 4883)
4(4885 4883 4882 4884)
4(4970 4945 4976 4929)
4(4976 4946 4989 4929)
4(4876 4875 4970 4929)
4(4992 4877 4876 4929)
4(4874 4875 4876 4877)
4(4976 4929 4876 4850)
4(4851 4850 4876 4875)
4(4992 4957 4994 4929)
4(4876 4929 4994 4879)
4(4878 4877 4876 4879)
4(4989 4929 4994 4964)
4(4994 4929 4976 4965)
4(4849 4879 4876 4850)
4(4907 4930 4993 4899)
4(4993 4930 4995 4957)
4(4907 4883 4995 4930)
4(4878 4883 4907 4899)
4(4983 4930 4907 4906)
4(4907 4930 5001 4908)
4(4904 4954 4983 4906)
4(4904 4906 4907 4908)
4(4993 4930 4983 4960)
4(4991 4930 4993 4961)
4(4995 4930 4991 4966)
4(5001 4930 4995 4967)
4(4900 4906 4983 4960)
4(4900 4899 4907 4906)
4(4885 4908 4907 4883)
4(1960 4830 4996 1959)
4(1957 1959 4996 4934)
4(4831 4830 1960 1961)
3(1975 4996 1959)
3(1960 4830 1978)
4(4971 4931 4990 4938)
4(4998 4942 4971 4931)
4(4990 4943 4998 4931)
4(4998 1959 4996 4931)
4(1957 1959 4998 4942)
3(4998 4931 4948)
4(4916 4943 4998 4948)
4(1975 4948 4998 1959)
3(1979 4948 1980)
4(4916 4948 1979 1972)
4(1975 1976 1979 4948)
4(1962 4932 4977 1956)
4(4998 4932 1962 1959)
4(4981 4932 1979 1972)
4(4998 4948 1979 4932)
4(4981 4932 1940 1941)
4(1979 1939 1940 4932)
4(4977 4932 1940 1937)
4(1940 1942 1962 4932)
4(1962 4932 1979 1976)
5(4825 4821 4842 4881 4889)
4(4842 4824 1958 4881)
4(4823 4821 4825 1964)
4(4823 1964 1958 4824)
4(5015 5008 5014 5011)
4(4890 4909 5014 5008)
4(4881 4909 4890 4889)
4(5013 4837 4827 5008)
4(5006 5008 4827 4836)
4(5006 5003 5013 5008)
4(4835 4836 4827 4837)
4(4890 5008 5013 4891)
4(4822 4826 4890 4891)
4(4822 4837 4827 4826)
4(5015 4832 5006 5008)
4(4833 4828 4827 4836)
4(5006 5004 5014 5008)
4(5014 5012 5013 5008)
4(4911 5012 5014 5004)
4(4912 5004 5014 5011)
4(4892 4909 5014 5012)
4(4892 4891 4890 4909)
4(4982 5009 4902 4898)
3(4900 4960 4901)
3(4983 4906 4903)
4(5014 5004 5007 5010)
4(5007 5005 5017 5010)
4(5014 5010 5017 5012)
4(5018 4933 5007 5010)
4(5007 4936 4969 5010)
4(4969 4937 5017 5010)
4(5018 4940 4969 5010)
4(4910 5010 4969 4896)
4(4910 4893 5017 5010)
4(4894 4893 4910 4896)
4(4874 4896 4910 4880)
4(4892 4909 4910 4893)
4(4878 4883 4887 4886)
4(4848 4847 4887 4888)
4(4846 4886 4887 4847)
4(4885 4888 4887 4883)
5(4842 4869 4892 4909 4881)
5(4842 4881 4880 4874 4838)
5(4820 4822 4826 4825 4821)
4(4856 4855 5025 5023)
4(4864 4857 4856 5023)
4(5025 4865 4864 5023)
4(4854 4855 4856 4857)
4(4854 4857 4864 4865)
6(4860 4863 4838 4874 4875 4851)
4(4878 4886 5024 4879)
4(4858 4866 5024 4859)
4(4849 4879 5024 4866)
4(4846 4859 5024 4886)
4(4860 4861 4862 4863)
7(4860 4851 4850 4849 4866 4858 4861)
4(4838 4863 4862 4839)
4(4846 4839 4862 4859)
4(4858 4859 4862 4861)
4(4860 4824 1958 4851)
4(4882 5023 5024 4879)
4(5024 5023 4887 4886)
4(4882 4883 4887 5023)
4(4887 5023 4856 4847)
4(5025 5023 4887 4888)
4(4848 4847 4856 4855)
4(5024 5023 4864 4866)
4(4856 5023 5024 4859)
4(4858 4857 4856 4859)
4(4858 4866 4864 4857)
4(4882 4853 4864 5023)
4(5025 4884 4882 5023)
4(4852 4865 4864 4853)
4(4849 4853 4864 4866)
4(4846 4859 4856 4847)
4(4854 4857 5046 5034)
4(5046 4857 5027 5033)
4(5027 5026 5050 5033)
4(5050 5034 5046 5033)
4(4854 5026 5027 4857)
4(4860 5054 5055 5053)
5(4860 5053 1882 1877 4824)
4(1882 5053 5055 1881)
4(5030 5042 5055 5054)
4(1880 1881 5055 5042)
4(4860 5054 5056 4861)
4(4860 4861 5057 5053)
4(5057 4861 5056 5051)
4(5055 5053 5057 5051)
4(5056 5054 5055 5051)
4(4858 4857 5046 5038)
4(5029 5039 5046 5034)
4(5031 5038 5046 5039)
4(4846 4859 5058 4845)
4(4858 5038 5058 4859)
4(5031 5036 5058 5038)
4(4862 4863 5059 5052)
4(5056 4861 4862 5052)
4(5044 5033 1906 1899)
4(5045 5033 5044 5035)
4(1906 5033 5045 1901)
4(1902 5035 5044 1899)
4(5027 5033 5044 5028)
4(5046 5038 5044 5033)
4(4858 4857 5027 5028)
4(4858 5028 5044 5038)
4(5027 1908 1906 5033)
4(5050 5033 1906 1909)
4(1907 1908 5027 5026)
4(5046 5033 5045 5039)
4(5050 5040 5045 5033)
4(1896 5028 5027 1908)
4(1896 1899 5044 5028)
4(5031 5038 5044 5035)
6(1896 1913 4849 4866 4858 5028)
5(4860 4851 1914 1882 5053)
4(4858 4861 5057 5028)
4(1896 5028 5057 1897)
4(1882 1897 5057 5053)
4(1958 1935 1877 4824)
4(5057 5028 5044 5051)
4(5044 5038 5056 5051)
4(4858 4861 5056 5038)
4(5057 1897 1898 5051)
4(5044 5051 1898 1899)
4(1898 5051 5055 1881)
4(5048 5035 5044 5051)
4(1898 1910 5048 5051)
4(5056 5041 5048 5051)
4(5048 5042 5055 5051)
4(5031 5038 5056 5041)
4(4862 4839 4840 5052)
4(4862 4859 5058 5052)
4(5056 5038 5058 5052)
4(5098 4830 4831 4834)
4(4833 5099 5098 4834)
4(1960 1987 5098 4830)
4(1963 4834 5098 1987)
3(1988 1987 5098)
4(5062 1983 1989 5063)
4(1989 1990 1991 5063)
4(1991 1992 5062 5063)
4(1984 1983 5062 1992)
4(5064 1994 1989 5063)
4(1982 1994 5064 5065)
4(5064 5063 5062 5065)
4(1982 5065 5062 1983)
4(2000 5063 1989 1997)
4(1991 5063 2000 2001)
4(5064 5063 2000 2002)
3(2000 5063 5066)
4(5096 5067 5064 2002)
4(5066 5063 5064 5067)
4(1999 2002 5064 1994)
4(1991 5063 5066 2003)
4(5070 5069 5109 5108)
4(5094 5071 5070 5108)
4(5094 5108 5109 5093)
4(5068 5071 5094 5093)
4(5068 5069 5070 5071)
4(5077 5078 5103 5101)
4(5104 5100 5103 5078)
4(5105 5101 5103 5100)
4(5077 5102 5104 5078)
4(1982 5078 5103 1993)
4(4833 4834 5103 5101)
4(1963 1993 5103 4834)
5(4825 5095 5075 1981 1964)
4(5077 5076 5110 5101)
4(5075 5095 5110 5076)
4(4825 4828 5110 5095)
4(4833 5101 5110 4828)
6(1981 5075 5076 5077 5078 1982)
4(1995 5100 5103 1993)
4(1995 1994 5104 5100)
4(1982 5078 5104 1994)
4(5103 5100 5098 4834)
4(5098 1987 1995 5100)
3(1995 5100 1998)
3(1999 1994 5104)
4(5104 5078 5072 5073)
4(5079 5073 5072 5080)
4(5077 5080 5072 5078)
4(5064 5073 5104 1994)
4(5072 5073 5064 5065)
4(1982 5078 5072 5065)
4(5064 2002 5106 5073)
4(5064 5073 5074 5067)
5(5060 4821 4825 5095 5075)
4(1981 5061 5060 5075)
4(4823 5061 1981 1964)
4(5070 5082 5107 5108)
3(5109 5108 5107)
4(5081 5082 5070 5069)
4(5070 5076 5110 5108)
4(5107 5108 5110 5101)
4(5077 5076 5070 5082)
4(5110 5108 5094 5095)
4(5075 5095 5094 5071)
4(5075 5071 5070 5076)
4(5094 4826 4827 5108)
4(5110 5108 4827 4828)
4(4825 4826 5094 5095)
4(4827 4837 5109 5108)
4(5107 4836 4827 5108)
4(4822 5093 5094 4826)
5(5060 5083 5068 5071 5075)
4(5068 5071 5129 5087)
5(5120 5130 5075 5060 5092)
4(5075 5130 5129 5071)
4(5084 5087 5129 5119)
4(5120 5119 5129 5130)
4(5062 5133 5066 5063)
4(5132 5065 5064 5067)
4(5132 5133 5062 5065)
4(2027 1992 5062 5133)
4(5074 5134 5072 5073)
4(5132 5065 5072 5134)
4(5135 5134 5072 5080)
4(5132 5141 5142 5133)
4(5117 5133 5142 5116)
4(5132 5118 5115 5141)
5(1981 5114 5113 2011 1985)
4(2027 2028 5142 5133)
6(5132 5141 5114 1981 1982 5065)
4(5111 5061 1981 5114)
4(1926 1985 1981 5061)
4(5123 5124 5144 5139)
4(5135 5143 5125 5126)
4(5135 5139 5144 5143)
4(5132 5134 5145 5141)
4(5145 5134 5127 5128)
6(1981 5075 5130 5120 5121 5114)
4(5135 5134 5145 5143)
4(5077 5080 5147 5076)
4(5075 5076 5147 5130)
4(5135 5143 5147 5080)
4(5120 5130 5147 5143)
4(5088 5069 5070 5146)
4(5070 5071 5129 5146)
4(5129 5087 5088 5146)
4(5140 5086 5144 5139)
4(5138 5082 5070 5146)
4(5088 5137 5138 5146)
4(5147 5076 5070 5146)
4(5138 5080 5147 5146)
4(5129 5146 5147 5130)
4(5138 5139 5144 5146)
4(5144 5143 5147 5146)
4(5088 5086 5144 5146)
4(5129 5119 5144 5146)
4(4823 1964 1986 1885)
4(374 363 366 369)
4(373 369 366 368)
4(372 369 373 370)
5(330 329 373 368 331)
4(334 370 373 329)
4(265 266 372 370)
4(267 371 372 266)
4(265 370 334 268)
4(372 371 374 369)
4(437 433 432 439)
4(438 439 432 428)
4(279 319 464 451)
4(463 456 458 459)
4(333 454 458 456)
4(458 457 464 459)
4(455 451 464 457)
4(455 457 458 454)
4(462 459 464 460)
4(320 460 464 319)
4(330 456 463 329)
4(333 456 330 331)
4(449 442 445 444)
4(283 286 445 442)
4(470 474 432 433)
4(470 475 476 474)
6(278 423 484 475 477 480)
4(80 270 479 472)
5(428 432 474 476 430)
4(271 272 477 473)
6(470 433 479 473 477 475)
4(437 472 479 433)
4(487 400 421 482)
4(278 480 276 275)
4(276 480 477 272)
4(431 430 476 481)
4(425 481 484 423)
4(484 481 476 475)
4(421 291 290 482)
4(290 292 486 482)
4(320 321 462 460)
4(317 461 462 321)
4(317 268 334 461)
4(462 461 463 459)
4(334 329 463 461)
4(279 451 453 287)
5(455 465 468 453 451)
4(445 468 465 444)
4(445 286 285 468)
4(285 287 453 468)
4(431 481 425 405)
4(271 473 479 270)
4(283 442 486 292)
5(487 482 486 442 449)
6(495 423 278 308 293 291)
5(405 425 496 421 400)
4(495 496 425 423)
4(495 291 421 496)
4(630 633 556 612)
4(628 631 614 613)
4(674 668 562 561)
4(650 662 661 651)
4(663 613 117 116)
4(662 650 533 535)
4(654 645 638 655)
4(657 650 651 656)
4(628 661 662 619)
4(663 652 651 661)
4(613 663 661 628)
4(533 650 657 532)
4(581 127 126 671)
4(668 674 513 514)
4(669 633 627 629)
4(674 669 629 513)
5(116 121 107 652 663)
4(126 123 122 671)
4(104 614 630 612)
4(104 612 671 122)
5(633 630 631 628 627)
3(614 631 630)
3(627 628 619)
4(583 562 668 611)
4(556 633 669 565)
4(561 565 669 674)
4(513 629 534 518)
4(657 656 648 639)
4(107 115 677 652)
4(112 119 677 115)
4(655 638 531 530)
4(529 532 657 639)
4(655 639 648 654)
4(645 654 118 120)
4(654 648 119 118)
4(656 651 652 677)
4(648 656 677 119)
4(529 639 655 530)
6(619 662 535 534 629 627)
4(515 611 668 514)
3(124 667 125)
5(667 124 117 613 614)
4(667 614 104 125)
4(581 671 612 556)
4(596 689 683 681)
5(283 681 683 285 286)
4(594 597 684 690)
4(293 608 607 693)
4(290 291 293 693)
5(292 290 693 681 283)
4(607 596 681 693)
4(542 543 683 689)
4(690 684 551 553)
4(685 689 596 595)
4(689 685 554 542)
5(285 683 543 279 287)
4(611 684 597 583)
4(684 611 515 551)
4(690 685 595 594)
4(685 690 553 554)
4(607 608 838 1004)
6(1005 840 275 276 272 848)
5(838 608 697 275 840)
5(822 833 838 840 830)
6(834 845 206 207 208 842)
4(823 829 845 834)
4(823 834 842 832)
4(753 835 846 219)
4(822 830 846 835)
4(822 835 841 833)
4(271 836 848 272)
4(823 836 849 829)
4(823 832 848 836)
4(741 217 174 735)
4(741 735 740 739)
4(753 219 218 1000)
6(1000 218 217 741 739 1002)
4(1011 1004 838 833)
4(1013 830 840 1005)
4(848 832 1013 1005)
4(846 830 1013 1006)
4(842 1006 1013 832)
5(1011 1007 1014 597 594)
4(841 1007 1011 833)
4(1002 739 737 1008)
4(740 127 581 1018)
4(170 127 740 735)
5(736 737 1018 565 561)
4(737 739 740 1018)
4(561 562 1017 736)
4(583 1009 1017 562)
4(80 200 849 270)
4(202 204 845 829)
4(205 206 845 204)
4(202 829 849 200)
4(596 607 1004 595)
4(594 595 1004 1011)
4(583 597 1014 1009)
4(697 308 278 275)
4(697 608 293 308)
4(271 270 849 836)
4(753 754 841 835)
4(841 754 1016 1007)
4(753 1000 1002 754)
4(1016 754 1002 1008)
4(220 219 846 1006)
4(220 1006 842 208)
4(1016 1009 1014 1007)
4(170 735 174 169)
4(1017 1009 1016 1008)
4(737 736 1017 1008)
4(1018 581 556 565)
4(1404 1391 1403 1386)
4(1291 1209 1208 1226)
4(1403 1391 1406 1387)
4(1407 1121 1120 1136)
4(1261 1219 1262 1234)
4(1265 1220 1261 1234)
4(1262 1221 1268 1234)
4(1137 1223 1275 1138)
4(1290 1258 1281 1224)
4(1282 1225 1278 1249)
4(1279 1226 1208 1207)
4(1291 1226 1281 1258)
4(1282 1249 1283 1227)
7(1148 1147 1151 1152 1153 1154 1155)
4(1171 1170 1363 1172)
4(1411 1391 1404 1388)
4(1208 1209 1381 1313)
4(1363 1170 1176 1389)
4(1154 1161 1355 1337)
4(1299 1339 1355 1338)
4(1160 1338 1355 1161)
4(1300 1337 1355 1339)
4(1148 1155 1357 1184)
4(1185 1184 1357 1336)
4(1154 1337 1357 1155)
4(1300 1336 1357 1337)
4(1154 1153 1162 1161)
4(1163 1164 1162 1165)
4(1152 1165 1162 1153)
4(1160 1161 1162 1164)
7(1395 1406 1391 1411 1191 1179 1178)
4(1382 1312 1372 1352)
4(1208 1313 1371 1207)
4(1372 1313 1381 1352)
4(1265 1234 1268 1384)
4(1275 1385 1144 1138)
4(1403 1249 1278 1386)
4(1406 1395 1405 1387)
4(1283 1249 1403 1387)
4(1407 1136 1405 1395)
4(1411 1388 1410 1191)
4(1410 1389 1176 1191)
4(1048 1431 1433 1050)
4(1419 1432 1433 1418)
4(1055 1050 1433 1432)
4(1454 1453 1529 1472)
6(1462 1463 1501 1466 1461 1495)
6(1467 1497 1461 1466 1503 1464)
4(1539 1450 1452 1475)
4(1451 1450 1539 1476)
4(1546 1490 1544 1477)
4(1547 1170 1171 1478)
4(1176 1170 1547 1552)
4(1463 1502 1520 1501)
4(1465 1508 1520 1509)
4(1466 1501 1520 1508)
4(1468 1509 1520 1502)
4(1464 1503 1524 1505)
4(1465 1510 1524 1508)
4(1466 1508 1524 1503)
4(1469 1505 1524 1510)
4(1529 1496 1527 1472)
4(1461 1497 1527 1496)
4(1454 1472 1528 1457)
4(1467 1507 1527 1497)
4(1148 1184 1531 1493)
4(1185 1494 1531 1184)
4(1463 1493 1531 1502)
4(1468 1502 1531 1494)
4(1464 1505 1535 1504)
4(1419 1418 1535 1515)
4(1469 1515 1535 1505)
4(1528 1475 1452 1457)
4(1539 1475 1538 1514)
4(1412 1514 1538 1513)
4(1467 1513 1538 1507)
4(1451 1476 1057 1056)
4(1540 1476 1539 1514)
4(1412 1426 1540 1514)
4(1047 1058 1540 1426)
4(1188 1517 1542 1169)
4(1163 1165 1542 1517)
4(1152 1516 1542 1165)
4(1171 1172 1541 1500)
4(1147 1500 1541 1151)
4(1152 1151 1541 1516)
4(1529 1453 1546 1477)
4(1545 1496 1529 1477)
4(1461 1496 1545 1495)
4(1545 1477 1544 1499)
4(1462 1495 1545 1499)
4(1547 1478 1544 1490)
4(1543 1499 1544 1478)
4(1543 1478 1171 1500)
4(1147 1498 1543 1500)
4(1452 1450 1569 1555)
4(1569 1450 1451 1556)
4(1563 1552 1547 1490)
4(1179 1191 1176 1552)
4(1546 1553 1563 1490)
4(1114 1555 1569 1115)
4(1112 1115 1569 1556)
4(1112 1556 1063 1064)
4(1264 1142 1141 1143)
4(1284 1219 1285 1228)
4(1288 1220 1267 1229)
4(1270 1221 1287 1230)
4(1400 1384 1273 1232)
4(1267 1223 1292 1229)
4(1277 1385 1400 1232)
4(1290 1224 1270 1230)
4(1273 1225 1282 1232)
4(1282 1227 1277 1232)
4(1285 1219 1261 1243)
4(1284 1244 1262 1219)
4(1140 1142 1264 1242)
4(1288 1243 1261 1220)
4(1267 1220 1265 1251)
4(1287 1221 1262 1244)
4(1270 1255 1268 1221)
4(1292 1223 1137 1139)
4(1275 1223 1267 1251)
4(1281 1241 1280 1224)
4(1280 1255 1270 1224)
4(1278 1225 1280 1241)
4(1273 1255 1280 1225)
4(1279 1241 1281 1226)
4(1283 1242 1264 1227)
4(1264 1143 1277 1227)
4(1362 1169 1168 1331)
4(1373 1312 1362 1331)
4(1362 1332 1188 1169)
4(1168 1172 1363 1331)
6(1121 1407 1395 1178 1190 1116)
4(1382 1332 1362 1312)
4(1373 1345 1372 1312)
4(1371 1313 1372 1345)
4(1265 1384 1400 1251)
4(1273 1384 1268 1255)
4(1277 1143 1144 1385)
4(1275 1251 1400 1385)
4(1404 1386 1279 1207)
4(1279 1386 1278 1241)
4(1283 1387 1405 1242)
4(1140 1242 1405 1136)
4(1371 1388 1404 1207)
4(1410 1388 1371 1345)
4(1373 1331 1363 1389)
4(1373 1389 1410 1345)
6(1047 1426 1412 1413 1431 1048)
4(1413 1418 1433 1431)
6(1462 1498 1147 1148 1493 1463)
6(1413 1412 1513 1467 1464 1504)
4(1413 1504 1535 1418)
4(1462 1499 1543 1498)
4(1528 1472 1527 1507)
4(1528 1507 1538 1475)
4(1057 1476 1540 1058)
4(1168 1169 1542 1516)
4(1541 1172 1168 1516)
4(1546 1453 1565 1553)
4(1454 1457 1568 1554)
4(1563 1178 1179 1552)
4(1190 1553 1565 1116)
4(1190 1178 1563 1553)
4(1565 1453 1454 1554)
4(1117 1116 1565 1554)
4(1117 1554 1568 1113)
4(1452 1555 1568 1457)
4(1114 1113 1568 1555)
4(1451 1056 1063 1556)
4(1683 1662 1635 1591)
4(1690 1671 1689 1665)
4(1120 1121 1691 1666)
4(1689 1671 1692 1667)
4(1593 1594 1649 1609)
4(1650 1610 1647 1629)
4(1651 1611 1650 1629)
4(1659 1668 1683 1591)
4(1659 1656 1137 1138)
4(1593 1142 1140 1594)
6(1671 1690 1675 1113 1114 1115)
6(1675 1691 1121 1116 1117 1113)
7(1115 1112 1064 1071 1072 1692 1671)
4(1642 1662 1683 1592)
4(1690 1665 1688 1675)
4(1689 1629 1647 1665)
4(1120 1666 1649 1594)
4(1688 1666 1691 1675)
4(1579 1667 1692 1072)
4(1651 1629 1689 1667)
4(1683 1668 1141 1592)
4(1659 1138 1144 1668)
4(1140 1136 1120 1594)
4(1097 1698 1696 1098)
4(1099 1694 1697 1095)
4(1076 1075 1093 1699)
4(1076 1699 1579 1072)
4(1586 1605 1652 1585)
4(1653 1606 1090 1089)
4(1640 1607 1634 1612)
4(1681 1663 1640 1612)
4(1655 1608 1638 1614)
4(1645 1664 1570 1571)
4(1586 1591 1635 1605)
4(1634 1605 1635 1612)
4(1652 1605 1634 1613)
4(1572 1091 1090 1606)
4(1653 1614 1638 1606)
4(1572 1606 1638 1571)
4(1654 1613 1634 1607)
4(1641 1607 1640 1617)
4(1654 1607 1641 1618)
4(1638 1608 1645 1571)
4(1645 1608 1641 1617)
4(1641 1608 1655 1618)
4(1593 1609 1642 1592)
4(1648 1615 1642 1609)
4(1649 1624 1648 1609)
4(1643 1615 1648 1610)
4(1643 1610 1650 1616)
4(1647 1610 1648 1624)
4(1650 1611 1646 1616)
4(1580 1581 1646 1611)
4(1580 1611 1651 1578)
4(1661 1656 1586 1585)
4(1141 1142 1593 1592)
4(1586 1656 1659 1591)
4(1661 1139 1137 1656)
4(1635 1662 1681 1612)
4(1681 1662 1642 1615)
4(1643 1663 1681 1615)
4(1684 1663 1643 1616)
4(1640 1663 1684 1617)
4(1646 1664 1684 1616)
4(1645 1617 1684 1664)
4(1570 1664 1646 1581)
4(1688 1665 1647 1624)
4(1649 1666 1688 1624)
4(1579 1578 1651 1667)
4(1141 1668 1144 1143)
4(1696 1694 1099 1098)
4(1093 1095 1697 1699)
4(1580 1694 1696 1581)
4(1580 1578 1697 1694)
4(1572 1698 1097 1091)
4(1570 1698 1572 1571)
4(1570 1581 1696 1698)
4(1697 1578 1579 1699)
4(1093 1075 1081 1703)
4(1093 1703 1706 1095)
4(1704 1703 1081 1079)
4(513 518 1705 514)
4(1706 1716 1099 1095)
4(515 514 1705 1077)
4(1706 1703 1704 1710)
4(1710 1704 1705 518)
4(1090 1715 1732 1089)
4(1099 1716 1728 1098)
4(1725 1091 1097 1717)
4(531 1718 1727 530)
4(1731 532 529 1719)
4(1725 1715 1090 1091)
4(1732 1715 1727 1718)
4(1727 1715 1725 1719)
4(1729 1720 1728 1716)
4(1706 1710 1729 1716)
5(1729 1710 518 534 535)
4(1728 1717 1097 1098)
4(1725 1717 1731 1719)
4(1731 1717 1728 1720)
4(529 530 1727 1719)
4(533 532 1731 1720)
4(1729 535 533 1720)
4(1704 1079 1077 1705)
4(1761 1742 1801 1770)
4(1801 1742 1741 1772)
4(265 1775 1790 266)
4(1765 1780 1790 1779)
4(1767 1779 1790 1775)
4(267 266 1790 1780)
4(1048 1050 1794 1778)
4(1765 1779 1794 1781)
4(1767 1778 1794 1779)
4(1055 1781 1794 1050)
4(1793 1770 1801 1786)
4(1761 1770 1800 1764)
4(1796 1786 1801 1772)
4(1766 1786 1796 1787)
4(1741 1056 1057 1772)
4(1047 1787 1796 1058)
4(1081 1075 1746 1808)
4(1747 1742 1761 1809)
4(1746 1750 1822 1808)
4(1823 1079 1081 1808)
4(1747 1809 1822 1750)
4(1761 1764 1824 1809)
4(515 1077 1825 551)
4(1825 1077 1079 1823)
4(553 551 1825 1813)
4(1071 1064 1839 1830)
4(1746 1075 1076 1830)
4(1839 1750 1746 1830)
4(1076 1072 1071 1830)
4(1063 1831 1839 1064)
4(1839 1831 1747 1750)
7(1047 1048 1778 1767 1785 1766 1787)
4(1766 1784 1793 1786)
4(317 321 1793 1784)
4(265 268 1797 1775)
4(1766 1785 1797 1784)
4(317 1784 1797 268)
4(1767 1775 1797 1785)
4(1800 1770 1793 321)
6(1777 1800 321 320 319 1802)
4(1762 1764 1800 1777)
4(542 1763 1802 543)
4(279 543 1802 319)
4(1762 1777 1802 1763)
4(1057 1058 1796 1772)
4(1822 1812 1823 1808)
4(1823 1812 1813 1825)
4(1824 1812 1822 1809)
4(1812 1824 1827 1813)
4(542 554 1827 1763)
4(553 1813 1827 554)
5(1762 1763 1827 1824 1764)
4(1063 1056 1741 1831)
4(1741 1742 1747 1831)
4(2506 2321 2320 2510)
4(2515 2325 2451 2034)
4(2277 2281 2451 2325)
4(2515 2510 2320 2325)
4(2059 2034 2451 2073)
4(2079 2073 2451 2281)
4(2630 2631 2672 2669)
4(2630 2669 1862 1853)
4(2641 2664 2672 2631)
4(2376 2372 2672 2664)
4(2371 2669 2672 2372)
4(2376 2664 2599 2352)
4(2641 2581 2599 2664)
4(2371 1863 1862 2669)
4(2142 2581 2577 2123)
4(2142 2151 2599 2581)
4(2154 2352 2599 2151)
4(39 2848 2229 2243)
4(2277 2778 2811 2281)
4(2079 2281 2811 2176)
4(0 2186 2179 2819)
4(2154 2230 2783 2352)
4(2968 2971 2320 2321)
4(2277 2325 2320 2971)
4(2277 2971 2920 2778)
4(2968 2921 2920 2971)
4(2371 2372 2935 2936)
4(2376 2941 2935 2372)
4(2376 2352 2783 2941)
4(2371 2936 1872 1863)
4(2059 3282 2030 2034)
4(2118 3338 3158 2123)
4(3247 3169 3158 3338)
4(3302 3282 3080 3366)
4(3399 3366 3080 3079)
4(3399 3079 3091 3409)
5(3399 3409 3513 1900 1905)
4(1900 3513 3520 1909)
4(3409 3512 3520 3513)
4(2059 3138 3080 3282)
8(3801 3802 3702 3704 112 115 107 121)
4(3705 3706 3701 3700)
4(3702 3701 3706 3704)
6(121 116 117 3729 3803 3801)
4(3596 3753 122 123)
5(124 125 3709 3711 3731)
4(3731 3729 117 124)
4(3596 3592 3712 3753)
3(3709 3712 3711)
4(3709 125 3753 3712)
4(3804 3801 3803 3797)
4(3701 3702 3806 3798)
4(3802 3801 3804 3799)
4(3712 3592 3582 3789)
4(3713 3711 3712 3789)
5(3713 3789 3582 3583 3570)
4(3807 3700 3701 3798)
4(3802 3799 3806 3702)
4(3806 3799 3585 3584)
4(3799 3804 3561 3585)
4(3805 3800 3572 3573)
4(3570 3572 3800 3713)
4(3561 3804 3797 3562)
4(3588 3807 3798 3589)
4(3584 3589 3798 3806)
4(3573 3562 3797 3805)
5(3706 118 119 112 3704)
4(122 3753 125 104)
4(3731 3800 3805 3729)
4(3706 3705 120 118)
4(3805 3797 3803 3729)
4(3731 3711 3713 3800)
4(1974 1967 3584 3585)
4(1980 1971 3561 3562)
4(1967 1966 3589 3584)
4(1971 1974 3585 3561)
4(3570 3817 3824 3572)
4(3570 3583 3828 3817)
4(1988 3817 3828 1998)
3(3818 3819 3836)
5(2000 3831 3836 3819 2001)
4(1999 3836 3831 2002)
4(3815 3813 3541 3540)
4(3540 2003 2001 3815)
4(3819 3822 3815 2001)
4(3838 3813 3812 3843)
4(3843 3812 3592 3596)
4(3842 3843 3596 123)
5(170 169 3852 126 127)
4(3852 3842 123 126)
4(3853 3556 3545 3544)
4(3838 3840 3548 3555)
4(3852 3853 3840 3842)
4(3852 169 3556 3853)
4(3588 3589 1966 1969)
4(3582 3592 3812 3822)
5(3818 3583 3582 3822 3819)
4(3824 3817 1988 1978)
4(1977 3824 1978 1975)
4(1977 3573 3572 3824)
4(1977 1980 3562 3573)
4(3828 3836 1999 1998)
4(3836 3828 3583 3818)
3(3831 2000 2002)
4(3555 3541 3813 3838)
4(3813 3815 3822 3812)
4(3840 3853 3544 3548)
4(3840 3838 3843 3842)
5(3203 3201 3545 3556 3202)
5(174 3204 3202 3556 169)
4(3198 3545 3201 3199)
6(3941 3904 2016 2015 2013 3919)
4(3963 2019 2016 3904)
4(3902 3934 3941 3919)
4(2013 2021 3944 3919)
4(3902 3919 3944 3912)
4(3945 3905 3946 3924)
4(3899 3924 3946 3920)
4(3962 3905 3945 3932)
6(3949 3906 3945 3924 3899 3922)
4(3945 3906 3960 3932)
4(3856 3859 3886 3885)
4(3860 3887 3886 3859)
4(3899 3920 3953 3913)
4(3902 3912 3953 3920)
4(3860 3866 3878 3887)
4(3878 3241 3240 3908)
4(3198 3241 3878 3866)
4(3899 3913 3954 3922)
4(3856 3976 3540 3541)
4(3856 3885 3882 3976)
4(2027 3976 3882 2029)
4(2027 2003 3540 3976)
5(3247 1933 2006 3897 3894)
5(3222 3918 3960 3906 3235)
4(3222 3225 3961 3918)
5(3898 3942 3905 3962 3916)
5(3898 3915 3963 3904 3942)
4(3898 3917 3964 3915)
5(3247 3894 3935 3208 3169)
4(3898 3916 3965 3917)
4(3901 3932 3960 3918)
4(3213 3215 3961 3225)
4(3208 3933 3961 3215)
4(3901 3918 3961 3933)
4(3901 3916 3962 3932)
4(2017 2019 3963 3915)
4(3894 3897 3964 3917)
4(2006 2024 3964 3897)
4(2017 3915 3964 2024)
4(3901 3933 3965 3916)
4(3208 3935 3965 3933)
4(3894 3917 3965 3935)
4(3884 3912 3944 3883)
4(3882 3885 3884 3883)
4(3884 3885 3886 3907)
4(3953 3912 3884 3907)
4(3237 3239 3949 3922)
4(3237 3922 3954 3242)
4(3878 3908 3952 3887)
4(3952 3908 3954 3913)
4(3942 3904 3941 3934)
4(2020 3883 3944 2021)
4(3882 3883 2020 2029)
6(3946 3905 3942 3934 3902 3920)
4(3235 3906 3949 3239)
4(3886 3887 3952 3907)
4(3953 3907 3952 3913)
4(3240 3242 3954 3908)
4(3198 3866 3544 3545)
4(3860 3548 3544 3866)
4(3860 3859 3555 3548)
4(3856 3541 3555 3859)
4(2059 2073 4204 3138)
4(2079 4201 4204 2073)
4(4115 4109 4204 4201)
4(4108 3138 4204 4109)
4(4115 4201 2179 2186)
4(2079 2176 2179 4201)
4(4108 3079 3080 3138)
5(4108 4109 4301 4321 4289)
5(4115 4299 4327 4301 4109)
5(4115 2186 4093 4328 4299)
4(4289 4321 4348 4288)
4(4301 4323 4348 4321)
4(4301 4327 4349 4323)
4(4299 4314 4349 4327)
4(4299 4328 4350 4314)
4(4093 4099 4350 4328)
4(4108 4289 3091 3079)
5(0 23 4380 4093 2186)
4(4093 4380 4388 4099)
4(23 14 4388 4380)
4(54 55 4510 4493)
5(39 2243 4425 4505 61)
4(61 4505 4510 55)
4(4425 4432 4510 4505)
4(4431 4493 4510 4432)
4(4545 4470 4469 4528)
4(71 72 4544 4529)
4(4538 4528 4539 4533)
4(4527 4533 4539 4531)
4(4545 4528 4538 4535)
4(4541 4529 4538 4533)
4(4527 4534 4541 4533)
4(4538 4529 4544 4535)
4(205 204 4519 4518)
4(4527 4531 4542 4530)
4(4527 4530 4543 4534)
4(205 4518 4477 4476)
4(80 87 4520 200)
4(202 4524 4519 204)
4(202 200 4520 4524)
4(54 4493 4544 72)
4(4444 4470 4545 4445)
4(4431 4535 4544 4493)
4(4431 4445 4545 4535)
4(4526 4518 4519 4522)
4(4542 4525 4526 4522)
4(75 77 4541 4534)
4(75 4534 4543 86)
4(4467 4531 4539 4471)
4(4467 4525 4542 4531)
4(4539 4528 4469 4471)
4(71 4529 4541 77)
4(4542 4522 4523 4530)
4(4519 4524 4523 4522)
4(85 86 4543 4521)
4(4520 87 85 4521)
4(4523 4521 4543 4530)
4(4520 4521 4523 4524)
4(4467 4474 4479 4525)
4(4477 4518 4526 4478)
4(4526 4525 4479 4478)
4(207 206 4555 4549)
4(207 4549 4548 208)
4(4546 4547 4548 4549)
4(4546 3203 3202 4547)
4(4546 4552 3201 3203)
4(174 217 4557 3204)
4(218 4556 4557 217)
4(205 4476 4555 206)
4(4482 4552 4555 4476)
4(4482 3199 3201 4552)
4(4546 4549 4555 4552)
4(4557 4547 3202 3204)
6(218 219 220 208 4548 4556)
4(4557 4556 4548 4547)
5(4469 4470 4444 4462 4560)
4(4566 4559 4562 4558)
4(4559 4566 4463 4453)
4(4560 4566 4558 4474)
5(4558 4569 4478 4479 4474)
4(4482 4569 4561 3199)
5(3240 3241 3198 3199 4561)
4(4558 4562 4561 4569)
4(3222 3235 4559 4453)
4(4463 4566 4560 4462)
5(4477 4478 4569 4482 4476)
5(3235 3239 3237 4562 4559)
5(4469 4560 4474 4467 4471)
5(3240 4561 4562 3237 3242)
4(4595 2243 2229 4637)
4(2142 2123 3158 4619)
4(4624 4628 4735 4619)
4(4595 4637 4735 4628)
4(2142 4619 4735 2151)
4(2154 4637 2229 2230)
4(2154 2151 4735 4637)
5(4595 4628 4769 4774 4773)
5(4624 3213 4768 4769 4628)
5(4595 4773 4777 4425 2243)
4(4624 4619 3158 3169)
5(4624 3169 3208 3215 3213)
4(3222 4453 4806 3225)
4(4444 4797 4807 4462)
4(4444 4445 4808 4797)
4(4463 4799 4806 4453)
4(4769 4768 4806 4799)
4(3213 3225 4806 4768)
4(4773 4774 4807 4797)
4(4769 4799 4807 4774)
4(4463 4462 4807 4799)
4(4431 4432 4808 4445)
4(4425 4777 4808 4432)
4(4773 4797 4808 4777)
4(4984 4926 4990 4939)
4(4914 4941 4984 4939)
4(4829 4935 4996 4830)
4(4912 4935 4829 4832)
4(4996 4935 4997 4931)
4(4912 4933 4997 4935)
4(4921 1967 1974 4947)
4(5002 4959 4972 4925)
4(4918 4958 4972 4959)
4(5002 4925 4987 4968)
4(4920 4968 4987 4966)
5(4921 4986 4925 4972 4958)
4(4922 4966 4987 4956)
4(4916 4990 4926 4947)
4(4922 4956 4984 4941)
4(4914 4936 4985 4941)
4(4961 4985 4982 4960)
4(4922 4941 4985 4961)
4(4960 4983 4991 4961)
4(4920 4966 4991 4955)
4(4922 4961 4991 4966)
4(4990 4931 4997 4939)
4(4914 4939 4997 4933)
4(4931 4990 4916 4948)
4(1975 4996 4931 4948)
4(4916 1971 1980 4948)
4(1975 4948 1980 1977)
4(4902 5009 5016 4895)
4(4903 4905 4954 4983)
4(4835 4837 5013 5003)
4(4822 4891 5013 4837)
4(4911 5003 5013 5012)
4(4892 5012 5013 4891)
4(4894 4895 5016 4937)
4(4911 5012 5017 5005)
4(4913 5005 5017 4937)
4(4894 4937 5017 4893)
4(4892 4893 5017 5012)
4(1969 1966 4958 4918)
5(4985 4936 4913 4937 4982)
4(4955 4991 4983 4954)
4(4835 5003 5006 4836)
4(4911 5005 5007 5004)
4(1967 4921 4958 1966)
4(1974 1971 4916 4947)
4(4987 4925 4986 4956)
4(4986 4921 4947 4926)
4(4984 4956 4986 4926)
4(4996 1975 1978 4830)
4(4833 4836 5006 4832)
4(4911 5004 5006 5003)
4(4912 4832 5006 5004)
4(4912 5004 5007 4933)
4(4913 4936 5007 5005)
4(4914 4933 5007 4936)
4(5016 5009 4982 4937)
5(4982 5009 4902 4901 4960)
4(4903 4983 4960 4901)
4(5029 5040 5050 5034)
4(1900 1909 5050 5040)
4(5098 5099 4829 4830)
4(4833 4832 4829 5099)
4(5098 4830 1978 1988)
5(5096 2002 2000 5066 5067)
4(2000 2001 2003 5066)
4(5104 5102 5105 5100)
4(5077 5101 5105 5102)
4(5098 5100 5105 5099)
4(4833 5099 5105 5101)
4(5098 1988 1998 5100)
4(5079 5102 5104 5073)
4(5106 5097 5074 5073)
4(5096 5097 5106 2002)
4(5096 5067 5074 5097)
4(5068 5093 5109 5069)
4(4822 4837 5109 5093)
4(5077 5102 5079 5080)
5(4835 4836 5107 5109 4837)
4(5104 5100 1998 1999)
5(5106 5073 5104 1999 2002)
4(4833 5101 5107 4836)
5(5107 5082 5081 5069 5109)
4(5077 5082 5107 5101)
4(5132 5067 5066 5133)
4(2027 5133 5066 2003)
4(5132 5134 5074 5067)
4(5135 5080 5079 5136)
4(5135 5136 5074 5134)
4(5132 5133 5117 5118)
4(2027 2029 5117 5133)
4(5135 5126 5123 5139)
4(5132 5118 5127 5134)
4(5140 5139 5123 5131)
4(5135 5134 5127 5126)
4(5140 5086 5088 5137)
4(5140 5131 5085 5086)
4(5081 5137 5088 5069)
4(5079 5073 5074 5136)
4(2020 5116 5117 2029)
4(5115 5118 5117 5116)
4(5123 5126 5125 5124)
4(5085 5131 5123 5124)
4(5127 5118 5115 5128)
4(5127 5128 5125 5126)
4(5081 5082 5138 5137)
4(5135 5139 5138 5080)
4(5077 5080 5138 5082)
4(5140 5137 5138 5139)
3(363 374 364)
4(267 263 374 371)
4(233 364 374 263)
6(363 364 233 232 362 375)
4(340 362 232 236)
4(347 348 395 381)
5(340 236 240 386 344)
4(344 386 395 348)
4(240 246 395 386)
4(245 381 395 246)
5(347 381 245 224 222)
6(94 575 643 114 111 95)
4(634 645 666 642)
3(634 638 645)
4(634 646 531 638)
3(120 666 645)
4(114 643 666 120)
4(575 642 666 643)
4(524 526 578 580)
6(634 642 575 578 526 646)
4(526 528 531 646)
4(536 601 232 233)
4(536 550 598 601)
4(524 580 598 550)
4(602 236 232 601)
4(602 601 598 745)
4(724 745 598 580)
4(712 715 898 879)
5(712 879 784 175 30)
4(784 884 771 774)
4(857 860 771 884)
4(792 772 771 860)
4(698 870 898 715)
4(857 884 898 870)
4(784 879 898 884)
5(602 745 857 870 698)
5(724 792 860 857 745)
4(132 958 996 133)
4(943 772 997 963)
4(943 774 771 772)
5(943 963 944 179 181)
5(132 140 179 944 958)
5(943 181 175 784 774)
4(944 970 996 958)
4(900 903 996 970)
4(148 133 996 903)
4(792 904 997 772)
4(900 970 997 904)
4(944 963 997 970)
5(94 148 903 900 744)
5(724 744 900 904 792)
4(94 744 578 575)
4(724 580 578 744)
5(602 698 1029 240 236)
4(712 1024 1043 715)
4(245 246 1043 1024)
4(240 1029 1043 246)
4(698 715 1043 1029)
5(712 30 224 245 1024)
6(1194 1206 1260 1218 1253 1213)
4(1197 1231 1289 1198)
5(1194 1213 1254 1128 1130)
4(1218 1246 1285 1243)
4(1211 1228 1285 1246)
4(1213 1253 1288 1229)
4(1218 1243 1288 1253)
4(1211 1246 1289 1231)
4(1218 1260 1289 1246)
4(1206 1198 1289 1260)
4(1128 1254 1292 1139)
4(1213 1229 1292 1254)
4(1293 1318 1375 1319)
4(1156 1159 1377 1314)
4(1293 1320 1379 1318)
4(1197 1198 1383 1340)
5(1194 1181 1306 1350 1206)
6(1156 1314 1296 1330 1306 1181)
4(1296 1329 1375 1318)
4(1300 1339 1375 1329)
4(1299 1319 1375 1339)
4(1185 1336 1377 1159)
4(1300 1329 1377 1336)
4(1296 1314 1377 1329)
4(1194 1130 1174 1181)
4(1131 1101 1174 1130)
4(1302 1347 1379 1320)
4(1306 1330 1379 1347)
4(1296 1318 1379 1330)
4(1206 1350 1383 1198)
4(1306 1347 1383 1350)
4(1302 1340 1383 1347)
4(1414 1428 1435 1415)
4(1052 1054 1435 1428)
4(1055 1432 1435 1054)
4(1419 1415 1435 1432)
5(1414 1108 1062 1052 1428)
4(1436 1480 1548 1479)
4(1436 1439 1549 1480)
4(1156 1482 1550 1159)
4(1414 1415 1551 1448)
5(1436 1479 1458 1174 1101)
4(1465 1509 1548 1480)
4(1468 1483 1548 1509)
4(1458 1479 1548 1483)
4(1456 1511 1549 1439)
4(1469 1510 1549 1511)
4(1465 1480 1549 1510)
4(1458 1483 1550 1482)
4(1468 1494 1550 1483)
4(1185 1159 1550 1494)
4(1419 1515 1551 1415)
4(1469 1511 1551 1515)
4(1456 1448 1551 1511)
5(1156 1181 1174 1458 1482)
5(1436 1101 1100 1456 1439)
5(1414 1448 1456 1100 1108)
5(1584 1597 1603 1631 1600)
5(1131 1589 1626 1603 1597)
5(1065 1068 1604 1625 1086)
5(1584 1600 1632 1604 1068)
4(1603 1626 1652 1613)
4(1589 1585 1652 1626)
4(1086 1625 1653 1089)
4(1604 1614 1653 1625)
4(1600 1631 1654 1618)
4(1603 1613 1654 1631)
4(1604 1632 1655 1614)
4(1600 1618 1655 1632)
5(1131 1130 1128 1658 1589)
4(1589 1658 1661 1585)
4(1128 1139 1661 1658)
4(1131 1597 1100 1101)
4(1584 1108 1100 1597)
4(1584 1068 1062 1108)
5(524 1085 1714 528 526)
5(1065 1086 1724 1714 1085)
4(1714 1724 1732 1718)
4(1086 1089 1732 1724)
4(1714 1718 531 528)
4(1733 1752 1804 1773)
4(1733 1773 1805 1734)
6(536 233 263 267 1783 1758)
4(1758 1783 1804 1752)
4(267 1780 1804 1783)
4(1765 1773 1804 1780)
4(1765 1781 1805 1773)
4(1055 1054 1805 1781)
4(1052 1734 1805 1054)
5(1733 1744 1828 1758 1752)
4(1065 1085 1828 1744)
4(524 550 1828 1085)
4(536 1758 1828 550)
5(1733 1734 1052 1062 1744)
4(1065 1744 1062 1068)
4(2506 1842 1845 2321)
4(2968 2321 1845 1869)
4(2968 1869 1868 2921)
4(3426 3108 3107 3264)
4(3426 3507 3520 3512)
5(3426 3512 3409 3091 3108)
4(1907 1909 3520 3507)
5(3426 3264 1915 1907 3507)
4(132 133 3683 3666)
4(148 3674 3683 133)
4(3639 3655 3683 3674)
4(3654 3666 3683 3655)
5(94 95 3639 3674 148)
5(132 3666 3654 3107 140)
4(3696 3699 3708 3700)
4(95 111 3708 3699)
4(114 3705 3708 111)
3(3700 3708 3705)
7(3696 3717 3737 3758 3639 95 3699)
4(3718 3746 3768 3719)
4(3654 3655 3768 3746)
4(3639 3758 3768 3655)
4(3737 3719 3768 3758)
5(3718 3264 3107 3654 3746)
4(3718 3719 3787 3775)
4(3696 3773 3788 3717)
4(3696 3700 3807 3773)
5(3718 3775 1948 1915 3264)
4(3737 3778 3787 3719)
4(1955 1954 3787 3778)
4(1948 3775 3787 1954)
4(3588 3591 3788 3773)
4(1955 3778 3788 3591)
4(3737 3717 3788 3778)
3(114 120 3705)
3(3588 3773 3807)
4(1955 3591 1969 1970)
3(3588 1969 3591)
5(4271 4310 4298 179 140)
4(4271 4288 4348 4310)
4(4296 4311 4349 4314)
4(4296 4314 4350 4313)
5(4296 181 179 4298 4311)
5(4296 4313 4095 175 181)
4(4298 4310 4348 4323)
4(4298 4323 4349 4311)
4(4095 4313 4350 4099)
5(4271 3108 3091 4289 4288)
4(4271 140 3107 3108)
5(11 30 175 4095 4377)
4(11 4377 4388 14)
4(4095 4099 4388 4377)
4(4917 4953 4999 4950)
4(4917 4952 5000 4949)
3(4954 5001 4955)
4(4917 4950 5002 4952)
3(4918 1970 1969)
6(4917 4949 4852 1915 1948 4953)
4(1948 1954 4999 4953)
4(1955 1970 4999 1954)
4(4918 4950 4999 1970)
4(4920 4967 5000 4952)
4(4885 4884 5000 4967)
4(4852 4949 5000 4884)
4(4904 4908 5001 4954)
4(4885 4967 5001 4908)
4(4920 4955 5001 4967)
4(4918 4959 5002 4950)
4(4920 4952 5002 4968)
3(4904 4954 4905)
7(4870 4848 4888 4885 4908 4904 5019)
4(4854 4865 5025 4855)
4(4852 4884 5025 4865)
4(4885 4888 5025 4884)
4(4848 4855 5025 4888)
4(4854 5034 5050 5026)
6(4854 4855 4848 4843 5029 5034)
4(1907 5026 5050 1909)
6(4854 5026 1907 1915 4852 4865)
4(1197 1200 1286 1231)
7(1201 1233 1214 1257 1217 1259 1202)
4(1201 1209 1291 1233)
4(1211 1245 1284 1228)
4(1217 1244 1284 1245)
4(1202 1259 1286 1200)
4(1217 1245 1286 1259)
4(1211 1231 1286 1245)
4(1217 1257 1287 1244)
4(1214 1230 1287 1257)
4(1214 1258 1290 1230)
4(1214 1233 1291 1258)
4(1293 1319 1374 1317)
4(1297 1322 1376 1187)
4(1297 1187 1188 1332)
4(1293 1317 1378 1320)
7(1297 1334 1303 1305 1324 1294 1322)
6(1201 1202 1349 1305 1303 1341)
4(1197 1340 1380 1200)
4(1201 1341 1381 1209)
4(1297 1332 1382 1334)
4(1299 1338 1374 1319)
4(1160 1323 1374 1338)
4(1294 1317 1374 1323)
4(1294 1323 1376 1322)
4(1160 1164 1376 1323)
4(1163 1187 1376 1164)
4(1294 1324 1378 1317)
4(1305 1346 1378 1324)
4(1302 1320 1378 1346)
4(1302 1346 1380 1340)
4(1305 1349 1380 1346)
4(1202 1200 1380 1349)
4(1303 1352 1381 1341)
4(1303 1334 1382 1352)
4(1163 1517 1188 1187)
4(11 14 13 12)
6(15 20 19 18 17 16)
4(15 22 21 20)
6(0 1 26 25 24 23)
4(2 28 27 3)
4(2 4 29 28)
4(31 225 224 30)
5(11 12 32 31 30)
4(31 33 226 225)
5(15 33 31 32 22)
4(221 225 226 223)
4(224 225 221 222)
4(32 12 13 34)
4(23 24 13 14)
4(25 34 13 24)
4(19 35 27 28)
4(1 3 27 26)
4(25 26 27 35)
4(19 28 29 18)
4(17 18 29 36)
5(37 16 17 10 7)
4(32 34 21 22)
4(19 20 21 35)
4(25 35 21 34)
4(7 10 9 8)
4(5 8 9 6)
4(17 36 9 10)
4(38 36 29 4)
4(38 6 9 36)
6(46 51 50 49 48 47)
4(46 47 53 52)
4(54 57 56 55)
6(39 61 60 59 58 40)
4(59 63 62 58)
4(61 55 56 60)
4(59 60 56 64)
4(65 64 56 57)
4(40 58 62 41)
4(65 52 53 64)
4(59 64 53 63)
4(48 63 53 47)
4(42 41 62 66)
4(48 66 62 63)
5(37 7 67 50 51)
4(50 67 70 69)
4(50 69 68 49)
4(7 8 70 67)
4(5 43 70 8)
4(44 69 70 43)
4(44 45 68 69)
4(42 66 68 45)
4(48 49 68 66)
7(46 52 65 76 75 74 73)
4(54 72 71 57)
4(65 57 71 76)
4(75 76 71 77)
4(351 354 353 352)
5(340 344 343 342 341)
5(327 341 342 346 345)
4(347 350 349 348)
5(347 222 221 351 350)
4(356 357 353 354)
4(345 346 353 357)
4(342 352 353 346)
4(351 352 349 350)
4(344 348 349 343)
4(342 343 349 352)
5(356 354 351 221 223)
5(327 345 355 322 323)
5(356 223 324 325 358)
4(356 358 359 357)
4(345 357 359 355)
4(325 326 359 358)
4(322 355 359 326)
4(363 375 376 366)
4(368 366 376 377)
4(362 361 376 375)
4(360 377 376 361)
7(333 331 368 377 360 336 335)
5(340 341 360 361 362)
4(327 336 360 341)
4(226 258 324 223)
4(312 396 398 397)
4(312 397 324 258)
3(428 430 429)
6(399 323 322 407 403 402)
4(399 402 401 400)
4(408 411 410 409)
5(408 409 325 324 397)
4(403 404 401 402)
3(405 400 401)
4(406 405 401 404)
4(403 407 410 411)
4(325 409 410 326)
4(322 326 410 407)
4(408 413 412 411)
5(408 397 398 414 413)
4(414 415 412 413)
4(403 411 412 404)
4(406 404 412 415)
4(406 415 429 430)
4(406 430 431 405)
4(414 440 429 415)
4(437 439 441 436)
4(414 417 441 440)
4(438 428 429 440)
4(438 440 441 439)
4(418 436 441 417)
5(418 417 414 398 396)
4(333 335 467 454)
4(455 454 467 466)
4(336 447 467 335)
4(446 466 467 447)
5(327 323 446 447 336)
3(455 466 465)
4(449 444 465 450)
4(446 450 465 466)
4(80 472 478 84)
4(437 436 478 472)
4(418 427 478 436)
4(83 84 478 427)
5(418 396 82 83 427)
6(80 84 83 82 73 81)
4(80 81 85 87)
4(399 400 487 483)
4(73 74 85 81)
4(75 86 85 74)
6(399 483 449 450 446 323)
3(449 483 487)
4(46 73 82 51)
4(82 396 312 79)
4(37 51 82 79)
4(78 258 226 33)
4(15 16 78 33)
4(312 258 78 79)
4(37 79 78 16)
4(2843 2795 2794 2808)
4(2843 2808 2763 2762)
4(2809 2835 2763 2808)
4(2843 2844 2796 2795)
4(2842 2798 2796 2844)
4(2843 2762 2765 2844)
4(2842 2844 2765 2767)
4(2770 2771 2763 2835)
4(2842 2777 2803 2798)
4(2776 2802 2803 2777)
4(2842 2767 2773 2777)
5(2811 2778 2779 2837 2810)
4(2810 2837 2838 2812)
4(2780 2839 2838 2781)
4(2779 2781 2838 2837)
4(2813 2812 2838 2839)
4(2780 2782 2836 2839)
4(2813 2839 2836 2814)
4(2809 2814 2836 2835)
4(2770 2835 2836 2782)
4(2857 2859 2860 2856)
4(2217 2856 2860 2166)
4(2217 2166 2161 2218)
4(2219 2218 2161 2162)
5(2231 2805 2784 2783 2230)
5(2849 2850 2233 2229 2848)
5(2229 2233 2232 2231 2230)
4(2219 2162 2796 2798)
4(2223 2222 2803 2802)
4(2219 2798 2803 2222)
4(2784 2805 2804 2785)
4(2223 2802 2804 2226)
4(2776 2785 2804 2802)
4(2231 2226 2804 2805)
4(2852 2855 2854 2853)
4(2857 2856 2854 2855)
4(2217 2220 2854 2856)
4(2217 2218 2221 2220)
4(2223 2224 2221 2222)
4(2219 2222 2221 2218)
4(2227 2853 2854 2220)
4(2227 2220 2221 2224)
4(2849 2851 2858 2850)
4(2852 2853 2858 2851)
4(2233 2850 2858 2228)
4(2233 2228 2225 2232)
4(2223 2226 2225 2224)
4(2231 2232 2225 2226)
4(2227 2228 2858 2853)
4(2227 2224 2225 2228)
4(2159 2163 2794 2795)
4(2840 2861 2860 2859)
4(2159 2162 2161 2160)
4(2165 2166 2860 2861)
4(2165 2160 2161 2166)
4(2840 2816 2815 2861)
4(2159 2160 2164 2163)
4(2165 2861 2815 2167)
4(2165 2167 2164 2160)
4(2159 2795 2796 2162)
5(39 40 2868 2849 2848)
4(40 41 2869 2868)
4(42 45 2863 2862)
4(42 2862 2869 41)
4(2849 2868 2869 2851)
4(2852 2851 2869 2862)
4(44 2864 2863 45)
4(2852 2862 2863 2855)
4(2857 2855 2863 2864)
4(5 2841 2873 43)
4(5 6 2817 2841)
4(44 43 2873 2864)
4(2840 2859 2873 2841)
4(2857 2864 2873 2859)
4(2840 2841 2817 2816)
5(0 2819 2820 2825 1)
4(2 3 2827 2826)
4(2 2826 2828 4)
4(2821 2826 2827 2822)
4(1 2825 2827 3)
4(2820 2822 2827 2825)
4(2821 2823 2828 2826)
4(38 4 2828 2829)
4(2824 2829 2828 2823)
4(38 2829 2817 6)
4(2824 2816 2817 2829)
5(2811 2810 2884 2177 2176)
4(2810 2812 2885 2884)
4(2197 2198 2885 2886)
4(2813 2886 2885 2812)
4(2177 2884 2885 2198)
4(2197 2886 2887 2205)
4(2813 2814 2887 2886)
4(2208 2205 2887 2888)
4(2208 2888 2794 2163)
4(2809 2808 2794 2888)
4(2809 2888 2887 2814)
5(2179 2180 2879 2820 2819)
5(2177 2181 2180 2179 2176)
4(2180 2194 2880 2879)
4(2180 2181 2196 2194)
4(2197 2199 2196 2198)
4(2821 2822 2880 2881)
4(2195 2881 2880 2194)
4(2195 2194 2196 2199)
4(2820 2879 2880 2822)
4(2177 2198 2196 2181)
4(2197 2205 2206 2199)
4(2821 2881 2882 2823)
4(2195 2203 2882 2881)
4(2195 2199 2206 2203)
4(2824 2823 2882 2883)
4(2202 2883 2882 2203)
4(2202 2203 2206 2207)
4(2208 2207 2206 2205)
4(2824 2883 2815 2816)
4(2208 2163 2164 2207)
4(2202 2167 2815 2883)
4(2202 2207 2164 2167)
5(2917 2918 2919 2920 2921)
5(2920 2919 2922 2779 2778)
5(1866 2923 2924 2917 1867)
4(2919 2918 2925 2926)
4(2923 2927 2925 2924)
4(2928 2926 2925 2927)
4(2917 2924 2925 2918)
4(2923 2929 2930 2927)
4(2928 2927 2930 2931)
4(2919 2926 2932 2922)
4(2780 2781 2932 2933)
4(2779 2922 2932 2781)
4(2928 2933 2932 2926)
4(2906 2908 2934 2931)
4(2780 2933 2934 2782)
4(2928 2931 2934 2933)
4(2770 2782 2934 2908)
4(2917 2921 1868 1867)
4(2906 2931 2930 2909)
4(2914 2909 2930 2929)
5(2914 2929 2923 1866 1871)
5(2935 2939 2938 2937 2936)
5(2940 2942 2939 2935 2941)
4(1872 2936 2937 1873)
5(2940 2941 2783 2784 2943)
4(2939 2945 2944 2938)
4(2946 2948 2944 2947)
4(2949 2947 2944 2945)
4(2937 2938 2944 2948)
4(2940 2951 2950 2942)
4(2952 2953 2950 2951)
4(2939 2942 2950 2945)
4(2949 2945 2950 2953)
5(2937 2948 2946 1874 1873)
4(2940 2943 2954 2951)
4(2952 2951 2954 2955)
4(2784 2785 2954 2943)
4(2776 2955 2954 2785)
4(3006 3007 3008 3009)
4(2906 2909 3008 3007)
4(3010 3009 3008 3011)
4(2914 3011 3008 2909)
4(3012 2771 3013 3014)
4(3006 3014 3013 3007)
4(2906 3007 3013 2908)
4(2770 2908 3013 2771)
5(1875 3010 3011 2914 1871)
4(3017 2767 2765 3015)
4(2952 3021 3022 2953)
4(2952 2955 2773 3021)
4(3020 3025 3026 3027)
4(2946 2947 3026 3023)
4(2949 3027 3026 2947)
4(3024 3023 3026 3025)
4(3020 3019 3028 3025)
4(3010 3029 3028 3009)
4(3024 3025 3028 3029)
4(3006 3009 3028 3019)
4(3017 3018 3022 3021)
4(3020 3027 3022 3018)
4(2949 2953 3022 3027)
4(3017 3015 3016 3018)
4(3020 3018 3016 3019)
4(3012 3014 3016 3015)
4(3006 3019 3016 3014)
5(1874 2946 3023 3024 1876)
5(3024 3029 3010 1875 1876)
4(3017 3021 2773 2767)
4(3012 2762 2763 2771)
4(3012 3015 2765 2762)
4(2776 2777 2773 2955)
4(2046 2472 2500 2045)
4(2440 2474 2471 2049)
4(2046 2049 2471 2472)
4(2440 2412 2411 2474)
4(2511 2520 2519 2514)
4(2511 2524 2523 2520)
4(2511 2514 2513 2512)
5(2515 2034 2032 2517 2516)
5(2032 2034 2030 2031 2033)
5(2506 2510 2509 2508 2507)
5(2515 2516 2518 2509 2510)
4(2511 2512 2500 2524)
4(2475 2478 2477 2476)
4(2506 2507 1841 1842)
4(2516 2514 2519 2518)
4(2526 2525 2519 2520)
4(2509 2518 2519 2525)
4(2479 2481 2523 2524)
4(2526 2520 2523 2486)
4(2485 2486 2523 2481)
4(2031 2035 2037 2033)
4(2038 2512 2513 2040)
4(2038 2040 2037 2039)
4(2516 2517 2513 2514)
4(2036 2039 2037 2035)
4(2032 2040 2513 2517)
4(2032 2033 2037 2040)
4(2507 2508 2521 2522)
4(2483 2522 2521 2484)
4(2526 2484 2521 2525)
4(2509 2525 2521 2508)
4(2041 2044 2043 2042)
4(2038 2045 2500 2512)
4(2038 2039 2043 2045)
4(2479 2524 2500 2472)
4(2036 2042 2043 2039)
4(2046 2045 2043 2044)
4(2041 2048 2047 2044)
4(2479 2472 2471 2480)
4(2046 2044 2047 2049)
4(2479 2480 2482 2481)
4(2483 2484 2477 2478)
4(2526 2486 2477 2484)
4(2485 2476 2477 2486)
5(2483 1843 1841 2507 2522)
5(2483 2478 2475 1844 1843)
4(1845 1842 1841 1846)
4(1841 1843 1847 1846)
4(2549 2408 2417 2550)
4(2549 2550 2047 2048)
4(2413 2496 2495 2414)
5(2413 1848 1844 2475 2496)
4(2440 2550 2417 2412)
4(2497 2474 2411 2418)
4(2497 2418 2419 2498)
4(2415 2498 2419 2416)
4(2440 2049 2047 2550)
4(2497 2480 2471 2474)
4(2497 2498 2482 2480)
4(2415 2499 2482 2498)
4(2485 2481 2482 2499)
4(2475 2476 2495 2496)
4(2415 2414 2495 2499)
4(2485 2499 2495 2476)
4(2549 2053 2054 2408)
4(2549 2048 2050 2053)
4(1844 1849 1847 1843)
4(1844 1848 1850 1849)
5(2630 2634 2633 2632 2631)
4(2635 2638 2637 2636)
4(2634 2640 2639 2633)
5(2641 2631 2632 2643 2642)
4(2635 2646 2645 2644)
4(2647 2650 2649 2648)
4(2635 2644 2651 2638)
4(2613 2614 2637 2638)
4(2647 2648 2639 2640)
4(2652 2653 2639 2648)
4(2632 2633 2639 2653)
4(2652 2644 2645 2653)
4(2642 2643 2645 2646)
4(2632 2653 2645 2643)
4(2611 2612 2649 2650)
4(2652 2648 2649 2654)
4(2615 2654 2649 2612)
4(2613 2638 2651 2616)
4(2652 2654 2651 2644)
4(2615 2616 2651 2654)
5(2647 1852 1851 2611 2650)
4(2630 1853 1854 2634)
5(2647 2640 2634 1854 1852)
5(2641 2642 2655 2580 2581)
5(2577 2581 2580 2579 2578)
4(2635 2636 2656 2646)
4(2642 2646 2656 2655)
4(2578 2579 2583 2582)
4(2584 2585 2656 2636)
4(2584 2586 2583 2585)
4(2587 2582 2583 2586)
4(2580 2655 2656 2585)
4(2580 2585 2583 2579)
4(2113 2114 2116 2115)
4(2113 2115 2120 2117)
4(2119 2121 2116 2114)
4(2591 2408 2054 2127)
5(2122 2123 2577 2578 2588)
5(2118 2123 2122 2121 2119)
4(2578 2582 2589 2588)
4(2124 2125 2589 2590)
4(2124 2115 2116 2125)
4(2587 2590 2589 2582)
4(2122 2588 2589 2125)
4(2122 2125 2116 2121)
4(2591 2127 2128 2592)
4(2124 2590 2128 2126)
4(2124 2126 2120 2115)
4(2587 2592 2128 2590)
4(2591 2592 2594 2593)
4(2584 2636 2637 2595)
4(2584 2595 2594 2586)
4(2596 2595 2637 2614)
4(2596 2593 2594 2595)
4(2587 2586 2594 2592)
4(1854 1855 1856 1852)
4(1851 1852 1856 1857)
4(1856 1858 1859 1857)
4(1850 1857 1859 1860)
4(1861 1858 1856 1855)
4(1854 1853 1862 1855)
4(1862 1863 1861 1855)
4(2596 2614 2411 2412)
4(2413 2414 2738 2737)
4(2611 2737 2738 2612)
4(2415 2416 2738 2414)
5(2413 2737 2611 1851 1848)
4(2615 2612 2738 2416)
4(2613 2418 2411 2614)
4(2613 2616 2419 2418)
4(2615 2416 2419 2616)
4(2591 2593 2417 2408)
4(2596 2412 2417 2593)
4(1850 1848 1851 1857)
4(2129 2126 2128 2127)
4(2129 2127 2054 2130)
4(1864 1865 1866 1867)
4(1847 1865 1864 1846)
4(1845 1846 1864 1869)
4(1868 1869 1864 1867)
4(1870 1865 1847 1849)
4(1866 1865 1870 1871)
4(1850 1860 1870 1849)
4(1875 1871 1870 1860)
4(1874 1858 1861 1873)
4(1872 1873 1861 1863)
4(1859 1858 1874 1876)
4(1875 1860 1859 1876)
4(3296 2117 2120 3297)
4(3298 3301 3300 3299)
4(3296 3297 3300 3301)
4(2129 2130 3300 3297)
4(2129 3297 2120 2126)
5(2030 3282 3281 3331 2031)
5(3302 3304 3303 3281 3282)
4(3304 3306 3305 3303)
4(2031 3331 3327 2035)
4(2036 2035 3327 3328)
4(3281 3290 3327 3331)
4(3281 3303 3305 3290)
4(2041 2042 3329 3330)
4(3286 3287 3329 3328)
4(2036 3328 3329 2042)
4(3289 3330 3329 3287)
4(3286 3328 3327 3290)
4(2041 3330 2050 2048)
4(3289 3277 2050 3330)
4(3307 3308 3305 3306)
4(3307 3310 3309 3308)
4(3286 3290 3305 3308)
4(3311 3313 3309 3310)
4(3286 3308 3309 3287)
4(3289 3287 3309 3313)
4(3311 3312 3314 3313)
4(3289 3313 3314 3277)
4(3298 3299 3314 3312)
4(3276 2130 2054 2053)
4(3276 3299 3300 2130)
4(3276 2053 2050 3277)
4(3276 3277 3314 3299)
4(2113 3357 3358 2114)
4(2113 2117 3315 3357)
5(2118 2119 3355 3337 3338)
4(2119 2114 3358 3355)
4(3339 3340 3358 3357)
4(3337 3355 3358 3340)
4(3339 3357 3315 3317)
4(3245 3347 3348 3346)
4(3337 3340 3348 3347)
4(1916 3244 3343 1917)
4(1916 1917 1918 1919)
4(3345 3344 3343 3346)
4(3245 3346 3343 3244)
5(3247 3338 3337 3347 3245)
4(1920 1917 3343 3344)
5(3247 3245 3244 1916 1933)
4(1920 1921 1918 1917)
4(1920 3344 3321 1922)
4(3345 3361 3319 3320)
4(3345 3320 3321 3344)
4(3339 3317 3319 3361)
4(3345 3346 3348 3361)
4(3339 3361 3348 3340)
4(1920 1922 1923 1921)
4(1924 1921 1923 1925)
4(3307 3306 3390 3385)
5(3302 3366 3362 3387 3304)
4(3307 3385 3392 3310)
4(3367 3385 3390 3365)
4(3304 3387 3390 3306)
4(3362 3365 3390 3387)
4(3367 3370 3392 3385)
4(3371 3386 3392 3370)
4(3311 3310 3392 3386)
4(3371 3374 3381 3386)
4(3311 3386 3381 3312)
4(3296 3394 3315 2117)
4(3377 3317 3315 3394)
4(3298 3396 3397 3301)
4(3298 3312 3381 3396)
4(3375 3378 3397 3396)
4(3296 3301 3397 3394)
4(3377 3394 3397 3378)
4(3375 3396 3381 3374)
5(3399 3400 3401 3362 3366)
4(3405 3413 3414 3406)
4(3400 3406 3414 3401)
4(3362 3401 3414 3365)
4(3367 3365 3414 3413)
5(1883 1884 1878 1877 1885)
4(3456 3466 3482 3469)
4(3445 3465 3484 3449)
4(3456 3468 3475 3466)
4(3445 3448 3477 3465)
4(3405 3466 3475 3413)
4(3367 3413 3475 3370)
4(3371 3370 3475 3468)
4(3456 3465 3477 3468)
4(3371 3468 3477 3374)
4(3375 3374 3477 3448)
4(3405 3424 3482 3466)
4(1878 1886 1887 1879)
4(1888 1890 3482 3424)
4(1888 1889 1887 1890)
4(1880 1879 1887 1889)
4(1891 3469 3482 1890)
4(1891 1890 1887 1886)
4(3456 3469 3484 3465)
4(1878 1884 1892 1886)
4(1893 3449 3484 1894)
4(1893 1894 1892 1895)
4(1891 1894 3484 3469)
4(1891 1886 1892 1894)
4(1883 1895 1892 1884)
4(3489 3320 3319 3495)
4(3489 3494 3321 3320)
4(3445 3493 3498 3448)
4(3445 3449 3499 3493)
5(1926 1927 1928 1883 1885)
4(1929 1922 3321 3494)
4(3377 3495 3319 3317)
4(3489 3495 3498 3493)
4(3489 3493 3499 3494)
4(1929 3494 3499 1931)
4(1893 1931 3499 3449)
4(3375 3448 3498 3378)
4(3377 3378 3498 3495)
4(1929 1930 1923 1922)
4(1927 1925 1923 1930)
4(1929 1931 1932 1930)
4(1893 1895 1932 1931)
4(1927 1930 1932 1928)
4(1883 1928 1932 1895)
4(3405 3406 3519 3424)
5(3399 1905 1904 3510 3400)
6(1900 1901 1902 1903 1904 1905)
4(3400 3510 3519 3406)
4(1902 1910 1911 1903)
4(1888 3424 3519 1912)
4(1888 1912 1911 1889)
4(1904 1912 3519 3510)
4(1904 1903 1911 1912)
4(1880 1889 1911 1910)
6(1916 1919 2004 2005 2006 1933)
4(2004 1919 1918 2007)
4(1924 2007 1918 1921)
7(2008 2009 2010 2011 2012 2013 2014)
4(2013 2015 2016 2014)
4(2017 2018 2016 2019)
4(2008 2014 2016 2018)
4(2013 2012 2020 2021)
4(2004 2022 2023 2005)
4(2017 2024 2023 2018)
4(2008 2018 2023 2022)
4(2006 2005 2023 2024)
4(2004 2007 2025 2022)
4(2010 2009 2025 2026)
4(2008 2022 2025 2009)
4(1924 2026 2025 2007)
4(2011 2028 2020 2012)
6(1924 1925 1927 1926 2010 2026)
4(4838 4841 4840 4839)
5(4868 4869 4842 4838 4867)
7(4870 4871 4872 4873 4846 4847 4848)
6(4843 4848 4847 4846 4845 4844)
4(4820 4821 4842 4869)
4(4846 4839 4840 4845)
4(4894 4896 4897 4898)
4(4874 4877 4897 4896)
4(4878 4899 4897 4877)
4(4900 4898 4897 4899)
4(4823 4824 4842 4821)
4(4894 4898 4902 4895)
4(4900 4901 4902 4898)
4(4904 4905 4903 4906)
4(4900 4906 4903 4901)
5(4820 4869 4892 4891 4822)
6(4868 5022 4894 4893 4892 4869)
8(4846 4873 4872 5020 4900 4899 4878 4886)
7(4868 4867 4838 4874 4896 4894 5022)
7(4846 4886 4878 4877 4874 4838 4839)
4(4870 5019 5021 4871)
4(4872 4871 5021 5020)
4(4904 4906 5021 5019)
4(4900 5020 5021 4906)
5(4860 4863 4838 4842 4824)
6(4860 4824 5032 5043 5030 5054)
5(1877 1878 5037 5032 4824)
4(1878 1879 5047 5037)
4(5030 5043 5047 5042)
4(1880 5042 5047 1879)
4(5032 5037 5047 5043)
4(1902 1901 5045 5035)
4(5029 5039 5045 5040)
4(5031 5035 5045 5039)
4(1900 5040 5045 1901)
6(5031 5039 5029 4843 4844 5036)
4(4844 4845 5058 5036)
4(4860 5054 5059 4863)
4(5059 5054 5056 5052)
4(4838 4863 5059 4841)
4(4823 1885 1877 4824)
4(1902 5035 5048 1910)
4(5030 5042 5048 5041)
4(5031 5041 5048 5035)
4(1880 1910 5048 5042)
4(5031 5036 5049 5041)
4(5030 5041 5056 5054)
4(5059 5052 4840 4841)
4(5058 4845 4840 5052)
4(5049 5036 5058 5052)
4(5049 5052 5056 5041)
4(4823 4821 5060 5061)
5(4820 4822 5093 5068 5083)
4(4820 5083 5060 4821)
5(5089 5090 5092 5060 5083)
6(5089 5083 5068 5087 5084 5091)
4(5084 5087 5088 5086)
4(5068 5069 5088 5087)
6(5111 5114 5113 2011 2010 5112)
7(5089 5091 5084 5119 5120 5092 5090)
6(5111 5122 5092 5120 5121 5114)
5(5111 5061 5060 5092 5122)
4(5142 5141 5115 5116)
4(5114 5141 5142 5113)
4(2011 5113 5142 2028)
5(5111 5112 2010 1926 5061)
4(5142 5116 2020 2028)
4(5125 5143 5144 5124)
4(5115 5141 5145 5128)
4(5114 5121 5145 5141)
4(5120 5143 5145 5121)
4(5144 5086 5085 5124)
4(5084 5086 5144 5119)
4(5120 5119 5144 5143)
4(5145 5143 5125 5128)
4(4823 5061 1926 1885)
)


// ************************************************************************* //
