eval_id;objectives;is_valid;is_feasible;variables;constraints;evaluation_time;algorithm_time
1;[nan, nan, nan];False;False;[1.0, 10.73082567096501, 1.4883326227971652, 1.0, 2.0, 37.57831458546831, 0.7291991233979794, 0.5650489014925744, 16556.24078782057, 2348.4068448914168, 7268.573281952238, 1.0, 3.357597239545461, 1.0, 0.026786288927503333, 0.07312459610603989, 0.3333333333333333, 0.3333333333333333, 0.022354100656348897, 0.25111329167278496, 0.6620111442500799, 0.03951270793610654, 0.3333333333333333, 0.3333333333333333, 0.045922004208543234, 0.05938075873967308, 0.7712617707299688, 0.013436664311217606, 0.20613144074399425, 0.10335824689347328, 0.07735819505066616, 0.3047875530548452, 0.0, 1.0, 0.0, 0.0, 0.030000000000000002, 0.255, 0.0, 1.0, 0.0];[nan, nan, nan, nan, nan, nan, nan, nan, nan, nan, nan, nan, nan, nan, nan];69.04342560004443;
2;[24.620215164883014, 1849.790678075337, 117.12556730440804];True;False;[0.0, 7.25, 1.4500000000000002, 0.0, 1.0, 50.02569534066679, 0.47546335467127676, 0.5, 2476.534643156833, 18222.083964392146, 10500.0, 0.0, 3.0, 1.0, 0.01009155466260105, 0.04776525221846271, 0.1413618010820572, 0.0, 0.014281549713554866, 0.08327973738619909, 0.0, 0.05, 0.5, 0.5, 0.045908864371927254, 0.15195732656765437, 0.0, 0.0524955582173272, 0.32896626022656617, 0.0, 0.05, 0.5, 0.5, 0.0, 0.0, 0.0, 0.030000000000000002, 0.255, 0.0, 0.0, 0.0];[1.7270867773804293, -1.3294568711832835, 49.609739671046995, 0.6030319906629851, -0.42453664532872326, -7.571075253973414, -8.26609205895868, -14.0, -0.8586381989179428, -0.9167202626138009, 0.0, -0.8480426734323456, -0.6710337397734338, 0.0, 0.0015154014689409134];39.29428360005841;
3;[nan, nan, nan];False;False;[1.0, 11.838483586991984, 1.6824476314730852, 0.0, 1.0, 57.762029686259616, 0.7801204227763604, 0.5, 14611.407646553112, 15110.617802382143, 10500.0, 1.0, 2.5264201889691895, 1.0, 0.02934596258934813, 0.08593704464390858, 0.5164485520233, 0.0, 0.09896947606030732, 0.7355232539206858, 0.0, 0.05, 0.5, 0.5, 0.07644435580442843, 0.7326549990749489, 0.0, 0.0814785808338534, 0.7090135940919549, 0.0, 0.05, 0.5, 0.5, 1.0, 1.0, 1.0, 0.03656251873840177, 0.07175396891494691, 7.0, 1.0, 1.0];[nan, nan, nan, nan, nan, nan, nan, nan, nan, nan, nan, nan, nan, nan, nan];66.18764280003961;
4;[nan, nan, nan];False;False;[1.0, 11.217465544371642, 1.2841311152347146, 1.0, 2.0, 37.29406524023777, 0.6572612154622202, 0.2728257304225189, 15771.61987505923, 1597.0456793805968, 8984.534198911662, 1.0, 4.574064967483123, 1.0, 0.007892977569169762, 0.0538387426059669, 0.07005545050494733, 0.8460049052470711, 0.020394622156852393, 0.5851171020612358, 0.16380709931349458, 0.09288983008708201, 0.3333333333333333, 0.3333333333333333, 0.051026350104788835, 0.3333333333333333, 0.3333333333333333, 0.0431733882944138, 0.011234389118337629, 0.4957614520403616, 0.07484087462995187, 0.3333333333333333, 0.3333333333333333, 0.0, 0.0, 0.0, 0.030000000000000002, 0.255, 0.0, 0.0, 0.0];[nan, nan, nan, nan, nan, nan, nan, nan, nan, nan, nan, nan, nan, nan, nan];148.12047189997975;
5;[20.17841118056831, 1890.2115223353355, 115.7838655480133];True;False;[0.0, 7.25, 1.4500000000000002, 0.0, 1.0, 57.51596898096211, 0.13383885888551808, 0.5, 18781.70112615261, 2623.8172931416975, 10500.0, 0.0, 3.0, 0.0, 0.025, 0.017781358341519105, 0.7959597551839619, 0.0, 0.06166998115292197, 0.48984830448058037, 0.0, 0.05, 0.5, 0.5, 0.07452087351588098, 0.15068616249550215, 0.0, 0.013023447227719365, 0.86750324392601, 0.0, 0.05, 0.5, 0.5, 0.0, 0.0, 0.0, 0.030000000000000002, 0.255, 0.0, 1.0, 1.0];[1.2970029074208371, -1.3308287093072013, 107.03330480039982, 0.6921180259381239, -0.766161141114482, 4.2931195665433215, -12.018835197564318, -14.0, -0.2040402448160381, -0.5101516955194196, 0.0, -0.8493138375044978, -0.13249675607399003, 0.0, -0.010251641312147397];10.56182489998173;
6;[nan, nan, nan];False;False;[0.0, 7.25, 1.4500000000000002, 0.0, 2.0, 51.57139146043151, 0.31122162861572966, 0.2912733539853772, 4258.370106583803, 1153.1215896880801, 17427.78021071563, 0.0, 3.0, 1.0, 0.04989101737631479, 0.020936183837083535, 0.3333333333333333, 0.3333333333333333, 0.07160940139730504, 0.6710033828202789, 0.27492516919951415, 0.02231215785442131, 0.09557967148394453, 0.6035934049783597, 0.07637354798048251, 0.1711589455171625, 0.581451984215104, 0.006018263250463962, 0.4662997390179764, 0.02860891794221132, 0.07113529577880655, 0.43233534866285284, 0.4135518322413779, 0.0, 0.0, 0.0, 0.030000000000000002, 0.255, 0.0, 0.0, 2.0];[nan, nan, nan, nan, nan, nan, nan, nan, nan, nan, nan, nan, nan, nan, nan];94.01246470003389;
7;[nan, nan, nan];False;False;[0.0, 7.25, 1.4500000000000002, 0.0, 2.0, 18.876099776061114, 0.5950194860488128, 0.7675737525788237, 15996.60994911946, 17793.863985710745, 7319.400815968296, 0.0, 3.0, 1.0, 0.04932356598255734, 0.03587017528766694, 0.3333333333333333, 0.3333333333333333, 0.055590987524923086, 0.3333333333333333, 0.3333333333333333, 0.05184295457219166, 0.3333333333333333, 0.3333333333333333, 0.022904691241172306, 0.3333333333333333, 0.3333333333333333, 0.09702391450995172, 0.6942472160402917, 0.2676240790738982, 0.07651754191342591, 0.3333333333333333, 0.3333333333333333, 0.0, 0.0, 0.0, 0.030000000000000002, 0.255, 0.0, 0.0, 1.0];[nan, nan, nan, nan, nan, nan, nan, nan, nan, nan, nan, nan, nan, nan, nan];110.68458240001928;
8;[26.82750904448041, 1499.8922563006945, 116.79379508011267];True;False;[0.0, 7.25, 1.4500000000000002, 0.0, 1.0, 9.813743113925389, 0.7840569589324489, 0.5, 16038.938196056248, 7281.614158124019, 10500.0, 0.0, 3.0, 1.0, 0.003401604682439341, 0.09105247613128223, 0.959768160676385, 0.0, 0.07703642852693522, 0.4538852859944634, 0.0, 0.05, 0.5, 0.5, 0.008599680776814445, 0.02659103299287413, 0.0, 0.037931069715100234, 0.36700417461499113, 0.0, 0.05, 0.5, 0.5, 0.0, 0.0, 0.0, 0.030000000000000002, 0.255, 0.0, 1.0, 1.0];[1.9263660989234523, -1.2849566897672262, 283.70726066706914, 0.453596305502765, -0.11594304106755116, -13.355957112968968, -9.030725602512732, -14.0, -0.04023183932361496, -0.5461147140055366, 0.0, -0.9734089670071259, -0.6329958253850089, 0.0, -0.014036412325930614];17.439781500026584;
9;[nan, nan, nan];False;False;[1.0, 5.636012247504343, 1.6696532909069894, 1.0, 2.0, 31.814203815933602, 0.36822936074180423, 0.3652687793898063, 2627.038939922788, 17231.036243606344, 17627.379936532383, 1.0, 4.37757035628011, 0.0, 0.025, 0.05573306206126243, 0.3385575138061542, 0.3146694767310616, 0.0008404321261590852, 0.3333333333333333, 0.3333333333333333, 0.028215114503524298, 0.3757193021042592, 0.23622662034155872, 0.06047984846241669, 0.3333333333333333, 0.3333333333333333, 0.03298316323452071, 0.3333333333333333, 0.3333333333333333, 0.08771590762097373, 0.09835007810561491, 0.2920840993102979, 1.0, 1.0, 2.0, 0.016154292628005527, 0.16017363480194735, 34.0, 2.0, 1.0];[nan, nan, nan, nan, nan, nan, nan, nan, nan, nan, nan, nan, nan, nan, nan];81.80936569999903;
10;[42.156808328847724, 1107.7954029438863, 121.88446385216562];True;False;[0.0, 7.25, 1.4500000000000002, 0.0, 2.0, 7.508455231166902, 0.795575504544557, 0.5182187445498737, 12460.39841459104, 4991.562352007217, 13872.587729362132, 0.0, 3.0, 1.0, 0.041800835737686184, 0.06426791854340623, 0.3333333333333333, 0.3333333333333333, 0.08147166881316892, 0.3333333333333333, 0.3333333333333333, 0.010273577925965983, 0.3333333333333333, 0.3333333333333333, 0.09032187987084582, 0.9297995231215672, 0.021318062522955095, 0.07504460092334858, 0.2666756755901495, 0.3716087284871298, 0.07321829349224773, 0.3333333333333333, 0.3333333333333333, 0.0, 0.0, 0.0, 0.030000000000000002, 0.255, 0.0, 1.0, 2.0];[1.5328913723424336, -1.4623858522905393, 176.67419997533375, 0.5193791930014031, -0.10442449545544297, -13.04183087542275, -13.04183087542275, -13.04183087542275, -0.33333333333333337, -0.33333333333333337, -0.33333333333333337, -0.04888241435547769, -0.36171559592272073, -0.33333333333333337, 0.06942479246398536];77.4765351000242;
11;[17.843260157182264, 2680.22319441098, 108.80196542690895];True;False;[1.0, 4.708984483744546, 1.6824817293205143, 0.0, 2.0, 51.908629411013045, 0.36401787831259447, 0.6375685533761386, 10377.588877671142, 17199.122427060593, 4097.283067439323, 1.0, 2.584905418871194, 1.0, 0.037130265334453724, 0.004994420428908708, 0.0923644775539626, 0.7236611356884015, 0.022996767967163146, 0.31071207337549145, 0.1468708645359812, 0.024610425581833174, 0.0724477416247492, 0.4256910761836423, 0.052891828685329934, 0.16404021246141587, 0.28652830551984587, 0.05649710867528347, 0.2674378121908856, 0.6529739067522414, 0.008189987065070103, 0.5333015795778829, 0.0, 0.0, 1.0, 1.0, 0.02215043709793576, 0.14481573838533346, 0.0, 0.0, 0.0];[0.5103533565206169, -0.49277519322048535, 174.9219973749138, 0.0, -0.5359821216874056, -11.863612350120011, -11.863612350120013, -11.863612350120013, -0.1839743867576359, -0.5424170620885274, -0.5018611821916085, -0.5494314820187383, -0.07958828105687299, -0.46669842042211707, -0.3008214864087676];27.027252400061116;
12;[nan, nan, nan];False;False;[1.0, 7.642088085402094, 1.196285344557869, 0.0, 1.0, 58.431024511048484, 0.7341077855602401, 0.5, 1876.5025609008676, 8765.43412477001, 10500.0, 0.0, 3.0, 0.0, 0.025, 0.01368839089883296, 0.8438228404574319, 0.0, 0.010302630845191452, 0.6857650992336755, 0.0, 0.05, 0.5, 0.5, 0.033100371260196375, 0.12496369590314893, 0.0, 0.044537793726945434, 0.4866647116651439, 0.0, 0.05, 0.5, 0.5, 1.0, 1.0, 0.0, 0.01824704542774192, 0.11571332123118835, 85.0, 1.0, 1.0];[nan, nan, nan, nan, nan, nan, nan, nan, nan, nan, nan, nan, nan, nan, nan];102.77386369998567;
13;[nan, nan, nan];False;False;[1.0, 2.877206462241391, 1.2799394433821105, 1.0, 2.0, 39.61465768868184, 0.4239249206448781, 0.2507985425137965, 4708.967161134646, 17826.78607175478, 13252.534141828657, 1.0, 2.1484961405856065, 1.0, 0.001245284061911267, 0.09944465036640779, 0.7432753941384247, 0.11852604908380537, 0.09666503957358469, 0.09422761139096059, 0.022640336305320585, 0.07199217350946281, 0.3333333333333333, 0.3333333333333333, 0.037283212871116356, 0.3333333333333333, 0.3333333333333333, 0.06678894672107333, 0.14831067344397142, 0.49882861092961006, 0.07313805512382864, 0.0627115020143294, 0.051395870916052466, 0.0, 1.0, 2.0, 0.04877931713444059, 0.4084271134253545, 101.0, 1.0, 1.0];[nan, nan, nan, nan, nan, nan, nan, nan, nan, nan, nan, nan, nan, nan, nan];38.221728099975735;
14;[nan, nan, nan];False;False;[0.0, 7.25, 1.4500000000000002, 0.0, 1.0, 7.497917195504076, 0.8761661155449777, 0.5, 4039.8736054379306, 2369.0030520134897, 10500.0, 0.0, 3.0, 0.0, 0.025, 0.06739632084260799, 0.9548849746707215, 0.0, 0.036986359960092544, 0.4577071648458615, 0.0, 0.05, 0.5, 0.5, 0.04342034179265748, 0.23019493397184299, 0.0, 0.07191905272829692, 0.22063989952023821, 0.0, 0.05, 0.5, 0.5, 0.0, 0.0, 0.0, 0.030000000000000002, 0.255, 0.0, 1.0, 1.0];[nan, nan, nan, nan, nan, nan, nan, nan, nan, nan, nan, nan, nan, nan, nan];60.21390959993005;
15;[40.78535639122711, 1070.548523982876, 122.27143312404851];True;False;[0.0, 7.25, 1.4500000000000002, 0.0, 2.0, 9.158053931044938, 0.2750856351941996, 0.8321484081913916, 5579.966666702985, 9723.861070852317, 19499.00151415504, 0.0, 3.0, 1.0, 0.04279640059557438, 0.01930292210253296, 0.4610080054340806, 0.2344741546215029, 0.08080266499850124, 0.3333333333333333, 0.3333333333333333, 0.071742981675371, 0.3333333333333333, 0.3333333333333333, 0.07459311134541123, 0.13591746632127888, 0.31152965104871144, 0.06387669163676589, 0.3333333333333333, 0.3333333333333333, 0.08613577604444628, 0.3333333333333333, 0.3333333333333333, 0.0, 0.0, 0.0, 0.030000000000000002, 0.255, 0.0, 1.0, 1.0];[1.357472307090565, -1.4989536412035125, 156.78020076875168, 0.6211808832005123, -0.6249143648058004, -12.907810271707781, -12.907810271707781, -12.907810271707781, -0.3045178399444165, -0.33333333333333337, -0.33333333333333337, -0.5525528826300097, -0.33333333333333337, -0.33333333333333337, 0.08647787604482493];48.564411599887535;
16;[nan, nan, nan];False;False;[1.0, 5.35844115595166, 1.4721140168929936, 1.0, 2.0, 31.924758764454495, 0.15020991599905092, 0.2528617488545103, 15215.764674963735, 18297.513879354217, 4686.754303752834, 1.0, 4.743803898092315, 1.0, 0.004416829723903232, 0.06359840630993477, 0.0667675318589892, 0.5220722196151564, 0.08239655576812527, 0.3333333333333333, 0.3333333333333333, 0.04682686525696548, 0.5732533207239028, 0.09215479942066984, 0.06588387510391051, 0.7774022019815235, 0.02452576084517033, 0.01849789543440763, 0.3333333333333333, 0.3333333333333333, 0.029903999907162995, 0.3333333333333333, 0.3333333333333333, 1.0, 0.0, 0.0, 0.030000000000000002, 0.255, 0.0, 1.0, 2.0];[nan, nan, nan, nan, nan, nan, nan, nan, nan, nan, nan, nan, nan, nan, nan];88.07334999996237;
17;[nan, nan, nan];False;False;[0.0, 7.25, 1.4500000000000002, 0.0, 1.0, 12.172926568369558, 0.6923231147236216, 0.5, 17160.62196671203, 14441.393823278417, 10500.0, 0.0, 3.0, 0.0, 0.025, 0.06354709691023672, 0.5065527617004109, 0.0, 0.06663111467861897, 0.5404900049714423, 0.0, 0.05, 0.5, 0.5, 0.03642059025634712, 0.7997650727808955, 0.0, 0.01718603479901635, 0.19035547619972348, 0.0, 0.05, 0.5, 0.5, 0.0, 0.0, 0.0, 0.030000000000000002, 0.255, 0.0, 1.0, 0.0];[nan, nan, nan, nan, nan, nan, nan, nan, nan, nan, nan, nan, nan, nan, nan];63.98529490001965;
18;[20.142259457209207, 1789.9534890662196, 116.01536545045954];True;False;[0.0, 7.25, 1.4500000000000002, 0.0, 1.0, 49.46798213041091, 0.32823864990382506, 0.5, 8297.17390108154, 15815.625821546735, 10500.0, 0.0, 3.0, 0.0, 0.025, 0.064610740701578, 0.06689743391878522, 0.0, 0.06691140735377359, 0.579749596098602, 0.0, 0.05, 0.5, 0.5, 0.004900537785135617, 0.46542070019848725, 0.0, 0.05544963549395118, 0.3276270537394803, 0.0, 0.05, 0.5, 0.5, 0.0, 0.0, 0.0, 0.030000000000000002, 0.255, 0.0, 1.0, 1.0];[1.2284107823937394, -1.3472658600861422, 80.21552565188436, 0.7340324097612521, -0.5717613500961749, -4.9382216675400965, -10.083574642980931, -14.0, -0.9331025660812148, -0.420250403901398, 0.0, -0.5345792998015128, -0.6723729462605197, 0.0, -0.004387382981692001];16.083401200012304;
19;[nan, nan, nan];False;False;[0.0, 7.25, 1.4500000000000002, 0.0, 1.0, 1.9095733591725663, 0.348534722348197, 0.5, 10134.273246082957, 1229.303924890598, 10500.0, 0.0, 3.0, 0.0, 0.025, 0.023661024518735398, 0.26095292941117165, 0.0, 0.04638138764682982, 0.13891261385847942, 0.0, 0.05, 0.5, 0.5, 0.023723052187955763, 0.22569031314253185, 0.0, 0.012682312332681878, 0.5970201364724324, 0.0, 0.05, 0.5, 0.5, 0.0, 0.0, 0.0, 0.030000000000000002, 0.255, 0.0, 0.0, 0.0];[nan, nan, nan, nan, nan, nan, nan, nan, nan, nan, nan, nan, nan, nan, nan];65.9592060999712;
20;[8.155022133905241, 4791.893298598657, 109.70038564501985];True;False;[1.0, 7.940801263630955, 1.2225936604364531, 0.0, 2.0, 47.45773229065205, 0.37399547419816526, 0.11218494349376691, 19904.651896014202, 13137.17308527315, 6442.567919111703, 1.0, 3.3595192553404707, 1.0, 0.005553740496658738, 0.046369842815868104, 0.3333333333333333, 0.3333333333333333, 0.07764895539167063, 0.3333333333333333, 0.3333333333333333, 0.03702070137672, 0.41630043311655107, 0.2566417912068656, 0.07866204125346687, 0.050849606874629916, 0.5822143362043842, 0.024288704020904453, 0.3333333333333333, 0.3333333333333333, 0.053511679866287444, 0.4762543729446157, 0.18407583548064155, 0.0, 0.0, 0.0, 0.030000000000000002, 0.255, 0.0, 1.0, 2.0];[1.9499654888935956, 0.47289687937480895, 50.19957841564087, -0.19791528182079632, -0.5260045258018348, -8.749015692774488, -10.450076406810805, -13.63518957736791, -0.33333333333333337, -0.33333333333333337, -0.32705777567658334, -0.36693605692098585, -0.33333333333333337, -0.33966979157474275, -0.25891737632302353];41.58023540000431;
21;[nan, nan, nan];False;False;[1.0, 7.0273944308648515, 1.4975219431449018, 1.0, 0.0, 2.318869187281911, 0.5, 0.5, 12827.862855492536, 10500.0, 10500.0, 1.0, 1.7688932458081643, 0.0, 0.025, 0.039214674821053896, 0.0, 0.0, 0.05, 0.5, 0.5, 0.05, 0.5, 0.5, 0.09166512054327663, 0.0, 0.0, 0.05, 0.5, 0.5, 0.05, 0.5, 0.5, 1.0, 1.0, 0.0, 0.0425043891797651, 0.27150930269195356, 87.0, 0.0, 0.0];[nan, nan, nan, nan, nan, nan, nan, nan, nan, nan, nan, nan, nan, nan, nan];56.51656070002355;
22;[nan, nan, nan];False;False;[1.0, 7.142749291762877, 1.2849883019776498, 1.0, 1.0, 59.931363181936966, 0.18872917444396747, 0.5, 1490.6124802017202, 11130.655552812303, 10500.0, 1.0, 1.5244047436566714, 1.0, 0.009491070446410711, 0.0924908776488334, 0.7134232232082351, 0.0, 0.06855892111520516, 0.7218635453309141, 0.0, 0.05, 0.5, 0.5, 0.06415479862134048, 0.05974837466951921, 0.0, 0.051911647689043966, 0.4500532556344039, 0.0, 0.05, 0.5, 0.5, 1.0, 1.0, 0.0, 0.013460188288955566, 0.4901991330672879, 60.0, 1.0, 1.0];[nan, nan, nan, nan, nan, nan, nan, nan, nan, nan, nan, nan, nan, nan, nan];97.7484548999928;
23;[nan, nan, nan];False;False;[1.0, 10.952248797805968, 1.1053652871852233, 1.0, 2.0, 28.484315206258106, 0.5202339498488348, 0.6409782952094027, 9739.370379437434, 1317.4009130708323, 3900.72995909378, 1.0, 4.804761518152994, 0.0, 0.025, 0.06273744274366215, 0.0694344276303428, 0.7836013135318972, 0.05438457103061376, 0.3333333333333333, 0.3333333333333333, 0.07478931733412275, 0.05887585624049063, 0.2752737121765385, 0.015947909047136177, 0.7474864521299531, 0.12736791297563177, 0.034201839296900995, 0.3333333333333333, 0.3333333333333333, 0.0342420685453928, 0.4893353554121155, 0.24855955826750042, 1.0, 1.0, 2.0, 0.03455206458940468, 0.2620788713649917, 9.0, 1.0, 2.0];[nan, nan, nan, nan, nan, nan, nan, nan, nan, nan, nan, nan, nan, nan, nan];128.234748100047;
24;[27.270611944185923, 1121.2785782159187, 118.75220267800509];True;False;[0.0, 7.25, 1.4500000000000002, 0.0, 0.0, 14.26785219069085, 0.5, 0.5, 10043.632493845296, 10500.0, 10500.0, 0.0, 3.0, 0.0, 0.025, 0.053192453951017585, 0.0, 0.0, 0.05, 0.5, 0.5, 0.05, 0.5, 0.5, 0.02933239070774705, 0.0, 0.0, 0.05, 0.5, 0.5, 0.05, 0.5, 0.5, 0.0, 0.0, 0.0, 0.030000000000000002, 0.255, 0.0, 0.0, 0.0];[0.35783353934795414, -1.4686233763286578, -3.446435347338138, 0.6886729534773326, -0.4, -0.7321478093091507, -14.0, -14.0, -1.0, 0.0, 0.0, -1.0, 0.0, 0.0, 0.031301684966777876];17.22863889997825;
25;[20.32441749240745, 1979.4043419591576, 115.51793787490516];True;False;[0.0, 7.25, 1.4500000000000002, 0.0, 2.0, 37.09287306871479, 0.11751552256276065, 0.5895415352980028, 14237.383967534777, 13649.178610697245, 19424.852067783428, 0.0, 3.0, 0.0, 0.025, 0.024678120048832186, 0.16498331395998178, 0.7880628096828479, 0.061391181133927136, 0.3333333333333333, 0.3333333333333333, 0.03573879752063704, 0.3333333333333333, 0.3333333333333333, 0.07256872998552065, 0.4912816960145119, 0.23946737252157968, 0.05777355789084714, 0.019580159884447612, 0.16299444131543395, 0.06542067736216871, 0.3526820837145398, 0.5734350445643799, 0.0, 0.0, 0.0, 0.030000000000000002, 0.255, 0.0, 2.0, 0.0];[1.9668061240663794, -1.275926207119078, 43.7606750464802, 0.6423265044175439, -0.7824844774372394, -11.418356942206175, -13.563206020611785, -7.792018364526461, -0.0469538763571703, -0.33333333333333337, -0.33333333333333337, -0.26925093146390844, -0.8174253988001184, -0.07388287172108032, -0.017075374578245206];29.96515200007707;
26;[21.468807137134103, 1690.4656814930515, 116.16317827414622];True;False;[0.0, 7.25, 1.4500000000000002, 0.0, 1.0, 33.243901945741634, 0.8299740548014197, 0.5, 6702.428821178126, 13378.096082499742, 10500.0, 0.0, 3.0, 0.0, 0.025, 0.08871243521233324, 0.7536159024895681, 0.0, 0.049149315573604725, 0.2055747239264516, 0.0, 0.05, 0.5, 0.5, 0.06585492911234847, 0.5006229038540801, 0.0, 0.06391697532432064, 0.5521876421015747, 0.0, 0.05, 0.5, 0.5, 0.0, 0.0, 0.0, 0.030000000000000002, 0.255, 0.0, 0.0, 1.0];[1.2648856588392992, -1.3385251621774228, 31.13637912052768, 0.6584785689289137, -0.0700259451985803, -12.390355574341537, -2.2611373339287173, -14.0, -0.2463840975104319, -0.7944252760735484, 0.0, -0.49937709614591985, -0.44781235789842533, 0.0, -0.007523162256495575];14.18909060000442;
27;[nan, nan, nan];False;False;[1.0, 5.5693108502605915, 1.1426737888970118, 0.0, 0.0, 6.738696255313773, 0.5, 0.5, 12623.602520453476, 10500.0, 10500.0, 0.0, 3.0, 0.0, 0.025, 0.09724194970939903, 0.0, 0.0, 0.05, 0.5, 0.5, 0.05, 0.5, 0.5, 0.06577125283313938, 0.0, 0.0, 0.05, 0.5, 0.5, 0.05, 0.5, 0.5, 1.0, 0.0, 0.0, 0.030000000000000002, 0.255, 0.0, 0.0, 0.0];[nan, nan, nan, nan, nan, nan, nan, nan, nan, nan, nan, nan, nan, nan, nan];93.72111769998446;
28;[nan, nan, nan];False;False;[0.0, 7.25, 1.4500000000000002, 0.0, 2.0, 15.108070210205957, 0.4097360267402944, 0.822101268521492, 19205.358050988092, 14088.974408715487, 9847.929495572842, 0.0, 3.0, 1.0, 0.016620844331297874, 0.08410681934374205, 0.3333333333333333, 0.3333333333333333, 0.03106019694240776, 0.25723514139634074, 0.20950656510680987, 0.05982724128692235, 0.38189359388208477, 0.19464335360022078, 0.08795513668324498, 0.3333333333333333, 0.3333333333333333, 0.020384798436787366, 0.3333333333333333, 0.3333333333333333, 0.021278212619924554, 0.18170792418852122, 0.7789602824559679, 0.0, 0.0, 0.0, 0.030000000000000002, 0.255, 0.0, 0.0, 1.0];[nan, nan, nan, nan, nan, nan, nan, nan, nan, nan, nan, nan, nan, nan, nan];130.79025489999913;
29;[nan, nan, nan];False;False;[1.0, 4.634435421054787, 1.487293852635788, 1.0, 2.0, 1.9410130492765412, 0.5815575198500141, 0.8359942191532969, 9970.915587824295, 17312.935074050423, 5890.665656662571, 0.0, 3.0, 1.0, 0.005803463606087411, 0.023482724820984457, 0.6896866045982637, 0.1640160073136273, 0.0609302490091486, 0.3333333333333333, 0.3333333333333333, 0.05844369830658785, 0.024543018859033205, 0.9072400355565785, 0.022506936193192075, 0.3378208631845948, 0.4320485043592013, 0.08237659214595434, 0.20334097698791398, 0.21205681998538095, 0.056700182980746944, 0.3333333333333333, 0.3333333333333333, 1.0, 0.0, 0.0, 0.030000000000000002, 0.255, 0.0, 2.0, 0.0];[nan, nan, nan, nan, nan, nan, nan, nan, nan, nan, nan, nan, nan, nan, nan];107.51098100002855;
30;[nan, nan, nan];False;False;[1.0, 9.029264169049858, 1.7407395974485087, 1.0, 1.0, 36.62427501602053, 0.5925393342358247, 0.5, 8079.491060754225, 8203.230418692001, 10500.0, 1.0, 1.0833300740047425, 0.0, 0.025, 0.09847169792091107, 0.8673471758813522, 0.0, 0.06699212733663959, 0.29622121551709824, 0.0, 0.05, 0.5, 0.5, 0.07973191593107354, 0.5429132150095525, 0.0, 0.060398451403293966, 0.9862288845280716, 0.0, 0.05, 0.5, 0.5, 1.0, 1.0, 1.0, 0.03856558451147773, 0.4642525465623125, 173.0, 1.0, 1.0];[nan, nan, nan, nan, nan, nan, nan, nan, nan, nan, nan, nan, nan, nan, nan];12.061417199904099;
31;[nan, nan, nan];False;False;[0.0, 7.25, 1.4500000000000002, 0.0, 1.0, 1.3718586438167417, 0.6231232353103427, 0.5, 19562.98873744163, 3439.7281114703837, 10500.0, 0.0, 3.0, 1.0, 0.024663791023838186, 0.08000722505984198, 0.9981408455966247, 0.0, 0.027917894607040653, 0.22204837885486806, 0.0, 0.05, 0.5, 0.5, 0.07968354629138841, 0.21749902350666295, 0.0, 0.06884088243213952, 0.7630660810045402, 0.0, 0.05, 0.5, 0.5, 0.0, 0.0, 0.0, 0.030000000000000002, 0.255, 0.0, 1.0, 1.0];[nan, nan, nan, nan, nan, nan, nan, nan, nan, nan, nan, nan, nan, nan, nan];65.13016589998733;
32;[nan, nan, nan];False;False;[1.0, 5.55076805098572, 1.7709573013040156, 1.0, 1.0, 16.49203589228784, 0.3717074989819994, 0.5, 12110.348332753003, 15633.536122683896, 10500.0, 0.0, 3.0, 1.0, 0.02202254378105525, 0.057772059572938045, 0.448941953730986, 0.0, 0.003388051372540746, 0.1913851842172013, 0.0, 0.05, 0.5, 0.5, 0.04416885005849286, 0.5565377940564753, 0.0, 0.09853050675920044, 0.9469150492092796, 0.0, 0.05, 0.5, 0.5, 1.0, 1.0, 1.0, 0.046053714462892026, 0.07481768575371116, 144.0, 0.0, 0.0];[nan, nan, nan, nan, nan, nan, nan, nan, nan, nan, nan, nan, nan, nan, nan];67.2180984999286;
33;[30.066052363807632, 1253.3600663678528, 117.98833537205104];True;False;[0.0, 7.25, 1.4500000000000002, 0.0, 1.0, 7.493233860819695, 0.43393398084970336, 0.5, 19587.569931302187, 4903.202763513221, 10500.0, 0.0, 3.0, 0.0, 0.025, 0.035081361951321714, 0.3650603576263509, 0.0, 0.033569150780858335, 0.841291188528682, 0.0, 0.05, 0.5, 0.5, 0.09713623316921463, 0.7017695997915916, 0.0, 0.016408598409203234, 0.021530999108146598, 0.0, 0.05, 0.5, 0.5, 0.0, 0.0, 0.0, 0.030000000000000002, 0.255, 0.0, 0.0, 0.0];[1.15002544252628, -1.366049818882454, -9.94268780788983, 0.4587956496259329, -0.46606601915029666, -11.87351495439659, -12.603304109400112, -14.0, -0.6349396423736491, -0.158708811471318, 0.0, -0.2982304002084084, -0.9784690008918534, 0.0, 0.002488473387942447];36.15379979996942;
34;[38.93809819302583, 1189.40907757777, 121.96759932016009];True;False;[0.0, 7.25, 1.4500000000000002, 0.0, 1.0, 27.760053831643457, 0.24051177712025043, 0.5, 8599.186707147044, 11498.878917396589, 10500.0, 0.0, 3.0, 1.0, 0.03586700212819752, 0.07611943669664645, 0.0694934478117426, 0.0, 0.041009175472595805, 0.9775550875896892, 0.0, 0.05, 0.5, 0.5, 0.08026866251897605, 0.6424486539136655, 0.0, 0.02360796088469639, 0.32508465689574106, 0.0, 0.05, 0.5, 0.5, 0.0, 0.0, 0.0, 0.030000000000000002, 0.255, 0.0, 0.0, 1.0];[0.8611986375361731, -1.5228145111567577, 42.7986688938356, 0.6421986392911727, -0.6594882228797496, -5.637269984088668, -12.035047065923388, -14.0, -0.9305065521882574, -0.02244491241031077, 0.0, -0.35755134608633454, -0.6749153431042589, 0.0, 0.08251524263146681];27.981595500023104;
35;[nan, nan, nan];False;False;[1.0, 12.122562093576835, 1.7748759317703864, 1.0, 2.0, 13.519290028236322, 0.3416343193090987, 0.41565551175828197, 12704.652649839947, 8027.9078434316925, 1464.5980512728065, 1.0, 1.068613376074858, 0.0, 0.025, 0.01864525848760087, 0.3333333333333333, 0.3333333333333333, 0.0696196790687733, 0.3333333333333333, 0.3333333333333333, 0.0071794938233544665, 0.3333333333333333, 0.3333333333333333, 0.06630589226473652, 0.07567556101224193, 0.357847983173909, 0.061869900881415675, 0.3333333333333333, 0.3333333333333333, 0.00904910813374753, 0.2544971975927445, 0.7372166750072164, 1.0, 0.0, 0.0, 0.030000000000000002, 0.255, 0.0, 0.0, 0.0];[nan, nan, nan, nan, nan, nan, nan, nan, nan, nan, nan, nan, nan, nan, nan];79.39769589994103;
36;[8.217092871390353, 4400.930393040428, 106.8703864808328];True;False;[1.0, 7.323459955297461, 1.3311081842502683, 0.0, 2.0, 38.07912447391246, 0.12303752161482394, 0.4029828007187479, 8059.002116714912, 4743.206020122707, 8868.17012229883, 0.0, 3.0, 0.0, 0.025, 0.021777064084567477, 0.3333333333333333, 0.3333333333333333, 0.03790180933539733, 0.3333333333333333, 0.3333333333333333, 0.0762845049482722, 0.3333333333333333, 0.3333333333333333, 0.015330174729349378, 0.3333333333333333, 0.3333333333333333, 0.036134123673040384, 0.7734708246059353, 0.08925714439152233, 0.0834615381282381, 0.18339611123308364, 0.5439375926954099, 0.0, 0.0, 0.0, 0.030000000000000002, 0.255, 0.0, 0.0, 2.0];[0.8997374887158571, 0.13243473376513482, 46.42661869496713, 2.220446049250313e-16, -0.7769624783851761, -9.939155585525036, -13.686285966729901, -10.697213715601027, -0.33333333333333337, -0.33333333333333337, -0.33333333333333337, -0.33333333333333337, -0.13727203100254237, -0.2726662960715065, -0.23195233550769984];55.55338480009232;
37;[nan, nan, nan];False;False;[0.0, 7.25, 1.4500000000000002, 0.0, 2.0, 34.66446686616545, 0.20988402866931627, 0.7498424738090178, 13938.215645673195, 12347.548804825585, 11234.637005753524, 0.0, 3.0, 0.0, 0.025, 0.08423244918953543, 0.3333333333333333, 0.3333333333333333, 0.02846996833466773, 0.0, 0.23381504671962394, 0.031943954653893825, 0.01747391376565266, 0.13453119965693627, 0.012830498621645092, 0.3333333333333333, 0.3333333333333333, 0.09544551273648383, 0.3333333333333333, 0.3333333333333333, 0.020886171220208027, 0.3333333333333333, 0.3333333333333333, 0.0, 0.0, 0.0, 0.030000000000000002, 0.255, 0.0, 2.0, 1.0];[nan, nan, nan, nan, nan, nan, nan, nan, nan, nan, nan, nan, nan, nan, nan];103.5067771000322;
38;[nan, nan, nan];False;False;[1.0, 7.652385818798838, 1.455236172927806, 0.0, 2.0, 41.82467655938919, 0.8610463018050162, 0.7871152696906109, 9662.652317759426, 1741.232983995239, 8641.468851561362, 0.0, 3.0, 0.0, 0.025, 0.023516554058655128, 0.3333333333333333, 0.3333333333333333, 0.05597906593831553, 0.3333333333333333, 0.3333333333333333, 0.014670979980667166, 0.6395985516021434, 0.3490027533174087, 0.08607608278452729, 0.3333333333333333, 0.3333333333333333, 0.06972031437850752, 0.4061341243177571, 0.19877697010371975, 0.07975014434839388, 0.3333333333333333, 0.3333333333333333, 0.0, 0.0, 0.0, 0.030000000000000002, 0.255, 0.0, 0.0, 0.0];[nan, nan, nan, nan, nan, nan, nan, nan, nan, nan, nan, nan, nan, nan, nan];71.51233169995248;
39;[nan, nan, nan];False;False;[1.0, 5.2812598195804465, 1.7695684427605727, 1.0, 2.0, 23.795942816823697, 0.10212726416877116, 0.44464241900067736, 6375.927311662745, 15021.447171240188, 18932.528366775547, 1.0, 4.56098444527926, 1.0, 0.02566483826905805, 0.053305220469014536, 0.17969923100388474, 0.7019109713985335, 0.09809489966696494, 0.3333333333333333, 0.3333333333333333, 0.08129674508544493, 0.3333333333333333, 0.3333333333333333, 0.0158137778029785, 0.3333333333333333, 0.3333333333333333, 0.057052299786547335, 0.3333333333333333, 0.3333333333333333, 0.060925381201815856, 0.3333333333333333, 0.3333333333333333, 0.0, 0.0, 0.0, 0.030000000000000002, 0.255, 0.0, 2.0, 2.0];[nan, nan, nan, nan, nan, nan, nan, nan, nan, nan, nan, nan, nan, nan, nan];102.37599500000942;
40;[9.959396692497691, 3316.3405648037265, 109.08289369789088];True;False;[1.0, 5.079789770397251, 1.6902116348151606, 0.0, 2.0, 28.608477348378376, 0.6254868737434025, 0.26752901570652543, 17601.768595611487, 2366.0309862819404, 11057.033196674827, 0.0, 3.0, 0.0, 0.025, 0.009351142879792385, 0.3333333333333333, 0.3333333333333333, 0.01571549306910678, 0.40311885116246604, 0.39538114044650874, 0.04795953223045357, 0.06530157763517519, 0.4126846308201214, 0.08852050056875357, 0.3333333333333333, 0.3333333333333333, 0.029733612736777507, 0.3333333333333333, 0.3333333333333333, 0.05793737380054417, 0.5706074726561825, 0.32317104013659437, 0.0, 0.0, 0.0, 0.030000000000000002, 0.255, 0.0, 2.0, 2.0];[0.6282881919041676, -0.1636495881447062, 21.478018228681762, -0.19347895581836583, -0.2745131262565975, -13.949971608897332, -8.860967088330113, -12.374254358976733, -0.33333333333333337, -0.20150000839102522, -0.5220137915447034, -0.33333333333333337, -0.33333333333333337, -0.10622148720722313, -0.19884930544524204];93.58402730000671;
41;[nan, nan, nan];False;False;[1.0, 2.5589316148485084, 1.4544089689994382, 0.0, 2.0, 41.39835903855828, 0.36350432637418517, 0.5633484742447198, 6413.667950371357, 16002.19161461449, 18074.11867062875, 1.0, 2.3891983313659093, 0.0, 0.025, 0.06345795038405731, 0.3333333333333333, 0.3333333333333333, 0.09964555324156443, 0.3333333333333333, 0.3333333333333333, 0.041048501568962795, 0.03385938515526021, 0.15266352290358653, 0.023720155981788494, 0.47726167169177736, 0.491125135079871, 0.014875088189749275, 0.4206443526045992, 0.2842504657972027, 0.06280660147129545, 0.1779216931152251, 0.6012648679150056, 1.0, 0.0, 0.0, 0.030000000000000002, 0.255, 0.0, 1.0, 1.0];[nan, nan, nan, nan, nan, nan, nan, nan, nan, nan, nan, nan, nan, nan, nan];133.9885558000533;
42;[nan, nan, nan];False;False;[1.0, 7.353611670326163, 1.234505709039876, 0.0, 0.0, 13.78046630477142, 0.5, 0.5, 16961.477715950576, 10500.0, 10500.0, 1.0, 3.2362170618835266, 0.0, 0.025, 0.032250974713395573, 0.0, 0.0, 0.05, 0.5, 0.5, 0.05, 0.5, 0.5, 0.07288809467329756, 0.0, 0.0, 0.05, 0.5, 0.5, 0.05, 0.5, 0.5, 1.0, 1.0, 0.0, 0.03621745772076368, 0.18268052923013425, 240.0, 0.0, 0.0];[nan, nan, nan, nan, nan, nan, nan, nan, nan, nan, nan, nan, nan, nan, nan];92.2795498999767;
43;[nan, nan, nan];False;False;[1.0, 11.58666851547223, 1.4359227947261521, 0.0, 2.0, 56.354244944914726, 0.8150991161175652, 0.3194579390723906, 2447.284449196109, 3760.6910277801467, 13299.202683871086, 1.0, 1.0503125710282446, 1.0, 0.0401628283494158, 0.028993226406584284, 0.08387916909192505, 0.8655949059313722, 0.09619688415753816, 0.3333333333333333, 0.3333333333333333, 0.04273648123104207, 0.3333333333333333, 0.3333333333333333, 0.09621560101971827, 0.3333333333333333, 0.3333333333333333, 0.022476739896175692, 0.4062591117497437, 0.46535708595643654, 0.05928495759680785, 0.3333333333333333, 0.3333333333333333, 1.0, 1.0, 0.0, 0.04316009216644193, 0.44986771768807127, 60.0, 1.0, 1.0];[nan, nan, nan, nan, nan, nan, nan, nan, nan, nan, nan, nan, nan, nan, nan];124.19700469996314;
44;[nan, nan, nan];False;False;[1.0, 6.539097681790954, 1.387051343335048, 1.0, 0.0, 48.07779496126553, 0.5, 0.5, 13313.488735451052, 10500.0, 10500.0, 0.0, 3.0, 0.0, 0.025, 0.01635703132319797, 0.0, 0.0, 0.05, 0.5, 0.5, 0.05, 0.5, 0.5, 0.06386940124852049, 0.0, 0.0, 0.05, 0.5, 0.5, 0.05, 0.5, 0.5, 1.0, 1.0, 0.0, 0.03538326609352484, 0.0687974594096024, 79.0, 0.0, 0.0];[nan, nan, nan, nan, nan, nan, nan, nan, nan, nan, nan, nan, nan, nan, nan];6.351515399990603;
45;[nan, nan, nan];False;False;[1.0, 12.335131276831554, 1.1633723512680882, 1.0, 1.0, 56.493666975621366, 0.24538036960954326, 0.5, 8943.68642339173, 18225.375609309973, 10500.0, 1.0, 3.82699922285509, 0.0, 0.025, 0.09666222986156296, 0.7037036059339691, 0.0, 0.04839570148291388, 0.6357685534763826, 0.0, 0.05, 0.5, 0.5, 0.0805359646125177, 0.7494979201789723, 0.0, 0.060824137482227626, 0.3878499275576245, 0.0, 0.05, 0.5, 0.5, 0.0, 1.0, 0.0, 0.03102576070381686, 0.1147360598633588, 82.0, 1.0, 1.0];[nan, nan, nan, nan, nan, nan, nan, nan, nan, nan, nan, nan, nan, nan, nan];122.31396840000525;
46;[27.894707437912125, 1140.295719074596, 118.30855550126273];True;False;[0.0, 7.25, 1.4500000000000002, 0.0, 0.0, 11.004406130055179, 0.5, 0.5, 14707.29155329606, 10500.0, 10500.0, 0.0, 3.0, 0.0, 0.025, 0.09645575977718279, 0.0, 0.0, 0.05, 0.5, 0.5, 0.05, 0.5, 0.5, 0.05444336461975588, 0.0, 0.0, 0.05, 0.5, 0.5, 0.05, 0.5, 0.5, 0.0, 0.0, 0.0, 0.030000000000000002, 0.255, 0.0, 0.0, 0.0];[0.4899112225325153, -1.4346002003784972, -6.93528558228479, 0.5907380672868425, -0.4, -3.9955938699448215, -14.0, -14.0, -1.0, 0.0, 0.0, -1.0, 0.0, 0.0, 0.01723869015725321];32.280167900025845;
47;[38.356129003236155, 1006.1282492602609, 122.68108820602936];True;False;[0.0, 7.25, 1.4500000000000002, 0.0, 1.0, 20.00013152014891, 0.505362024131957, 0.5, 11028.7809796982, 12139.198778668368, 10500.0, 0.0, 3.0, 1.0, 0.03460458821716219, 0.0006314184763878683, 0.09063800693668245, 0.0, 0.06655291995076545, 0.0, 0.0, 0.05, 0.5, 0.5, 0.016111191253024994, 0.5051583666781552, 0.0, 0.03888480428967032, 0.96188513367764, 0.0, 0.05, 0.5, 0.5, 0.0, 0.0, 0.0, 0.030000000000000002, 0.255, 0.0, 0.0, 1.0];[0.6013619239644274, -1.5808374951922373, 135.25100219565238, 0.8015186663122744, -0.39463797586804306, -10.575554475678404, -10.47962984057408, -14.0, -0.9093619930633176, -1.0, 0.0, -0.49484163332184483, -0.03811486632236005, 0.0, 0.11218552451046182];38.50907929998357;
48;[nan, nan, nan];False;False;[1.0, 11.982700175571424, 1.6846891892496085, 1.0, 2.0, 52.02315951657133, 0.46468778438777014, 0.5985970574982294, 7853.985172100926, 11864.660860314994, 3447.9494746977925, 1.0, 1.4284928464817868, 0.0, 0.025, 0.08821559832880785, 0.5675706299731995, 0.42503083311988854, 0.07947442496701554, 0.5716507475949117, 0.0356960372588343, 0.08509149798408591, 0.3279441174661012, 0.26399163307144213, 0.04587373637856487, 0.3333333333333333, 0.3333333333333333, 0.0931398095099819, 0.7588712841214713, 0.14199555212849457, 0.01996296841305463, 0.4373047318231076, 0.11198662830913775, 1.0, 1.0, 1.0, 0.035752006033192896, 0.437138847487814, 157.0, 0.0, 2.0];[nan, nan, nan, nan, nan, nan, nan, nan, nan, nan, nan, nan, nan, nan, nan];9.619705999968573;
49;[21.93044256367152, 1469.484453182441, 117.08961125045138];True;False;[0.0, 7.25, 1.4500000000000002, 0.0, 0.0, 43.25252670169157, 0.5, 0.5, 16276.286625368477, 10500.0, 10500.0, 0.0, 3.0, 0.0, 0.025, 0.03672336796386521, 0.0, 0.0, 0.05, 0.5, 0.5, 0.05, 0.5, 0.5, 0.0815290174918411, 0.0, 0.0, 0.05, 0.5, 0.5, 0.05, 0.5, 0.5, 0.0, 0.0, 0.0, 0.030000000000000002, 0.255, 0.0, 0.0, 0.0];[0.5277451810952067, -1.424854182746802, 49.41291422153128, 0.7782324062927182, -0.4, 28.252526701691572, -14.0, -14.0, -1.0, 0.0, 0.0, -1.0, 0.0, 0.0, 0.013346450899777484];4.686492900014855;
50;[19.63202596863313, 2214.61137153618, 114.69490787398883];True;False;[0.0, 7.25, 1.4500000000000002, 0.0, 2.0, 45.69058510619763, 0.7874245348390433, 0.38658176601723815, 15043.982982381203, 12684.012476604157, 4493.272272830314, 0.0, 3.0, 0.0, 0.025, 0.04655271579992481, 0.3333333333333333, 0.3333333333333333, 0.08070446249023822, 0.3333333333333333, 0.3333333333333333, 0.018048232972486155, 0.6114872150722066, 0.029399889423889825, 0.09516336780501884, 0.27617709235774623, 0.07799592135309152, 0.04983866201890365, 0.3333333333333333, 0.3333333333333333, 0.04790477650311428, 0.3333333333333333, 0.3333333333333333, 0.0, 0.0, 0.0, 0.030000000000000002, 0.255, 0.0, 2.0, 0.0];[2.183292729907887, -1.2275835433670241, 73.84744332681679, 0.5680432666097113, -0.11257546516095673, -11.425003893105512, -11.425003893105513, -11.425003893105513, -0.33333333333333337, -0.33333333333333337, -0.3591128955039036, -0.6458269862891622, -0.33333333333333337, -0.33333333333333337, -0.032718369320490825];28.728581800009124;
51;[20.930800313027873, 1778.7308330716505, 116.45624962609773];True;False;[0.0, 7.25, 1.4500000000000002, 0.0, 2.0, 33.53840672265259, 0.7477166105980655, 0.6147361863533564, 4657.578593293724, 10956.690565676921, 12593.513636926022, 0.0, 3.0, 0.0, 0.025, 0.00010854846237945382, 0.3333333333333333, 0.3333333333333333, 0.04714422986526919, 0.3333333333333333, 0.3333333333333333, 0.06073583928753278, 0.2815679792918879, 0.3456653145485617, 0.0017067890423075396, 0.33292608714817806, 0.0, 0.06586312255110606, 0.3333333333333333, 0.3333333333333333, 0.059679004196356925, 0.3333333333333333, 0.3333333333333333, 0.0, 0.0, 0.0, 0.030000000000000002, 0.255, 0.0, 0.0, 2.0];[1.7175821883059745, -1.3315792988131137, 35.98184794868801, 0.7448695476360174, -0.15228338940193453, -11.775115667144574, -11.775115667144576, -11.775115667144576, -0.33333333333333337, -0.33333333333333337, -0.3727667061595503, -0.6670739128518219, -0.33333333333333337, -0.33333333333333337, 0.0022820496066067175];32.97919749992434;17.519820499932393
52;[nan, nan, nan];False;False;[1.0, 6.472385731849826, 1.7997977417549649, 0.0, 2.0, 33.561693495359, 0.11947467189311414, 0.7207825551369068, 1987.723308061374, 8536.94705699929, 10124.649138818835, 0.0, 3.0, 0.0, 0.025, 0.03307775642564877, 0.4456799216928877, 0.3617318759240178, 0.047172510661960626, 0.40411029682480354, 0.4764395192247273, 0.08408929330442955, 0.4428241489504915, 0.3798499584166441, 0.00911443873956957, 0.45122519990570065, 0.09442382671698274, 0.04791778503042227, 0.5372750335349299, 0.23641754474232182, 0.07333449184153452, 0.3484131022071045, 0.39471863716059075, 0.0, 1.0, 0.0, 0.030565096672069178, 0.09257159187604366, 14.0, 1.0, 2.0];[nan, nan, nan, nan, nan, nan, nan, nan, nan, nan, nan, nan, nan, nan, nan];123.77656020002905;17.519820499932393
53;[nan, nan, nan];False;False;[0.0, 7.25, 1.4500000000000002, 0.0, 2.0, 15.67190545219091, 0.5684689694422155, 0.33857853960931933, 16297.270463591305, 7443.614878739459, 12425.645045836742, 0.0, 3.0, 0.0, 0.025, 0.06271018964006897, 0.1319092795537896, 0.20097544381872576, 0.021019051796312235, 0.6219590516900532, 0.28726532903566276, 0.041369632470637054, 0.20899933774708077, 0.47706447722292494, 0.08412908587899619, 0.48755274960337786, 0.19070616256385972, 0.042739114745359685, 0.4669413054769425, 0.45762912757503826, 0.0525647838831336, 0.3333333333333333, 0.3333333333333333, 0.0, 0.0, 0.0, 0.030000000000000002, 0.255, 0.0, 1.0, 2.0];[nan, nan, nan, nan, nan, nan, nan, nan, nan, nan, nan, nan, nan, nan, nan];76.51162060000934;17.519820499932393
54;[25.24580556225144, 1184.682480375478, 118.65190284260888];True;False;[0.0, 7.25, 1.4500000000000002, 0.0, 0.0, 23.529341922140595, 0.5, 0.5, 6440.447492922637, 10500.0, 10500.0, 0.0, 3.0, 0.0, 0.025, 0.027003795379153553, 0.0, 0.0, 0.05, 0.5, 0.5, 0.05, 0.5, 0.5, 0.011373949234419006, 0.0, 0.0, 0.05, 0.5, 0.5, 0.05, 0.5, 0.5, 0.0, 0.0, 0.0, 0.030000000000000002, 0.255, 0.0, 0.0, 0.0];[0.2927632886225018, -1.4853854555548607, 9.14016039467623, 0.8055800574131695, -0.4, 8.529341922140595, -14.0, -14.0, -1.0, 0.0, 0.0, -1.0, 0.0, 0.0, 0.03851504639727232];5.217326599988155;17.519820499932393
55;[29.75739109827012, 1062.3843788380434, 119.08306786975223];True;False;[0.0, 7.25, 1.4500000000000002, 0.0, 0.0, 9.982839574303764, 0.5, 0.5, 15526.147949942373, 10500.0, 10500.0, 0.0, 3.0, 0.0, 0.025, 0.014781097413168796, 0.0, 0.0, 0.05, 0.5, 0.5, 0.05, 0.5, 0.5, 0.04249522191882787, 0.0, 0.0, 0.05, 0.5, 0.5, 0.05, 0.5, 0.5, 0.0, 0.0, 0.0, 0.030000000000000002, 0.255, 0.0, 0.0, 0.0];[0.369479518706342, -1.4656233751530667, -7.925148285134055, 0.6070456114441576, -0.4, -5.017160425696236, -14.0, -14.0, -1.0, 0.0, 0.0, -1.0, 0.0, 0.0, 0.03003100943925119];27.850281900027767;17.519820499932393
56;[19.348205764433306, 2103.222332674823, 115.26939417793386];True;False;[0.0, 7.25, 1.4500000000000002, 0.0, 2.0, 50.38856726034706, 0.8579798269712156, 0.41771583359411035, 1000.0, 7839.104182015752, 11495.112497118987, 0.0, 3.0, 0.0, 0.025, 0.015068184169617131, 0.4304967896749867, 0.44244385149168663, 0.06417065708994445, 0.0, 0.6801086698919853, 0.06338482415909674, 0.26582856326389226, 0.3897856574295237, 0.001792045897867748, 0.3333333333333333, 0.3333333333333333, 0.04706497903292066, 0.18785376713514465, 0.7121677070906931, 0.06861783695421127, 0.34419331268054726, 0.4421103660844301, 0.0, 0.0, 0.0, 0.030000000000000002, 0.255, 0.0, 1.0, 2.0];[1.9815799347148157, -1.2726271329905081, 91.61251960195835, 0.6738268733374084, -0.04202017302878447, -11.30644982307659, -11.30644982307659, -11.30644982307659, -0.12705935883332664, -0.31989133010801474, -0.3443857793065841, -0.33333333333333337, -0.09997852577416222, -0.2136963212350227, -0.01817613041946098];44.32626130001154;15.368845900055021
57;[8.970154241940817, 3497.6173580880613, 107.47479631588638];True;False;[1.0, 7.482241452569542, 1.4853810516742352, 0.0, 1.0, 27.766022465033068, 0.2646676863064447, 0.5, 9267.12723583966, 10138.532918431234, 10500.0, 0.0, 3.0, 0.0, 0.025, 0.03615435536564889, 0.3466237421773808, 0.0, 0.035480768653726985, 0.3727324858253372, 0.0, 0.05, 0.5, 0.5, 0.0465553281024964, 0.40185345895947, 0.0, 0.04275315047265114, 0.5179000194910178, 0.0, 0.05, 0.5, 0.5, 0.0, 0.0, 0.0, 0.030000000000000002, 0.255, 0.0, 0.0, 1.0];[0.18114406952494377, -0.03427989589285563, 19.57301369068432, -0.13958007413677376, -0.6353323136935554, -7.793419192286155, -12.406140009028723, -14.0, -0.6533762578226192, -0.6272675141746629, 0.0, -0.59814654104053, -0.4820999805089822, 0.0, -0.21762386199760958];15.773179100011475;15.368845900055021
58;[10.068144820818954, 3127.5993737869385, 107.60487711236708];True;False;[1.0, 6.35178990486709, 1.536722294746241, 0.0, 1.0, 25.771433747832567, 0.5340178590710583, 0.5, 13695.396922820928, 11669.799990372285, 10500.0, 0.0, 3.0, 0.0, 0.025, 0.004631477555752138, 0.7392331019588597, 0.0, 0.022464809820686882, 0.01215272505740813, 0.0, 0.05, 0.5, 0.5, 0.04099040493832328, 0.02323227551876619, 0.0, 0.04628012379701084, 0.38878206498059287, 0.0, 0.05, 0.5, 0.5, 0.0, 0.0, 0.0, 0.030000000000000002, 0.255, 0.0, 1.0, 1.0];[0.09302259667572166, -0.14888247432743373, 15.868434353003554, -2.220446049250313e-16, -0.36598214092894177, -11.174586909148598, -10.616057506482033, -14.0, -0.2607668980411403, -0.9878472749425918, 0.0, -0.9767677244812338, -0.6112179350194071, 0.0, -0.204264741682603];19.812641700031236;15.368845900055021
59;[9.814970672998736, 4054.176087339586, 132.58486073113784];True;False;[1.0, 3.880450677612357, 1.8, 0.0, 2.0, 60.0, 0.6708843045237598, 0.33503801739359856, 4701.140328097814, 1788.1533864950434, 11721.372995541145, 0.0, 3.0, 0.0, 0.025, 0.08523838846538787, 0.6820848099435398, 0.11604049245420923, 0.060884321711962036, 0.0, 0.465027861665162, 0.0741083090100576, 0.3333333333333333, 0.3333333333333333, 0.0, 0.3333333333333333, 0.3333333333333333, 0.026608645313304913, 0.3333333333333333, 0.3333333333333333, 0.06152492207081082, 0.27328729332305823, 0.7048719909791328, 0.0, 0.0, 0.0, 0.030000000000000002, 0.255, 0.0, 1.0, 2.0];[1.0386397934700877, -0.04323700895831184, 131.03108496430488, -0.5903422656298583, -0.22911569547624022, -11.781702051314568, -11.781702051314568, -11.781702051314568, -0.20187469760225096, -0.534972138334838, -0.33333333333333337, -0.33333333333333337, -0.33333333333333337, -0.021840715697808988, -0.21142594225960942];44.00946880003903;15.368845900055021
60;[nan, nan, nan];False;False;[0.0, 7.25, 1.4500000000000002, 0.0, 2.0, 60.0, 0.9, 0.8510222293266145, 1000.0, 1268.6200963669035, 20000.0, 0.0, 3.0, 0.0, 0.025, 0.1, 0.6898515982511311, 0.16434479893526197, 0.09992543271048476, 0.0, 0.8007325518726603, 0.038009993276724635, 0.3333333333333333, 0.3333333333333333, 0.0031080156378783387, 0.0, 0.0, 0.1, 0.3333333333333333, 0.3333333333333333, 0.03871738119120549, 0.0, 0.9799497953508065, 0.0, 0.0, 0.0, 0.030000000000000002, 0.255, 0.0, 0.0, 0.0];[nan, nan, nan, nan, nan, nan, nan, nan, nan, nan, nan, nan, nan, nan, nan];79.95548480004072;15.368845900055021
61;[nan, nan, nan];False;False;[1.0, 3.785271052472028, 1.6247081663839906, 0.0, 0.0, 39.2749774568326, 0.5, 0.5, 2274.57497419271, 10500.0, 10500.0, 0.0, 3.0, 0.0, 0.025, 0.0999732041986629, 0.0, 0.0, 0.05, 0.5, 0.5, 0.05, 0.5, 0.5, 0.022401496537505075, 0.0, 0.0, 0.05, 0.5, 0.5, 0.05, 0.5, 0.5, 0.0, 0.0, 0.0, 0.030000000000000002, 0.255, 0.0, 0.0, 0.0];[nan, nan, nan, nan, nan, nan, nan, nan, nan, nan, nan, nan, nan, nan, nan];18.01623379997909;16.96284709998872
62;[9.097383334586453, 4010.2057596983773, 107.42619579960717];True;False;[1.0, 5.8469222469085995, 1.355617042733666, 0.0, 2.0, 31.5617194211687, 0.6296463227623313, 0.5707275220512867, 16923.86727053196, 13203.49709124687, 5282.052713853189, 0.0, 3.0, 0.0, 0.025, 0.06015403216380012, 0.3333333333333333, 0.3333333333333333, 0.051276863906738135, 0.3333333333333333, 0.3333333333333333, 0.07311703037412884, 0.3773038153492056, 0.5245541361365358, 0.048907252598388316, 0.2966403061442382, 0.3880944155108478, 0.055663794253770264, 0.2561393651091052, 0.2563158117172858, 0.06526004350286639, 0.43464542477233825, 0.3704521462070893, 0.0, 0.0, 0.0, 0.030000000000000002, 0.255, 0.0, 0.0, 1.0];[0.9236469464450536, 0.06092139647596451, 30.468824373604228, -6.661338147750939e-16, -0.2703536772376687, -12.144550098943508, -12.144550098943508, -12.144550098943508, -0.33333333333333337, -0.33333333333333337, -0.09814204851425856, -0.315265278344914, -0.48754482317360903, -0.19490242902057253, -0.22414199514067185];36.718055200064555;16.96284709998872
63;[23.509706618505273, 1298.5992407881822, 118.14021362110577];True;False;[0.0, 7.25, 1.4500000000000002, 0.0, 0.0, 35.214007306428734, 0.5, 0.5, 10034.567922243497, 10500.0, 10500.0, 0.0, 3.0, 0.0, 0.025, 0.022607516257563506, 0.0, 0.0, 0.05, 0.5, 0.5, 0.05, 0.5, 0.5, 0.010199618530060463, 0.0, 0.0, 0.05, 0.5, 0.5, 0.05, 0.5, 0.5, 0.0, 0.0, 0.0, 0.030000000000000002, 0.255, 0.0, 0.0, 0.0];[0.33802837998743485, -1.473725180095931, 30.738992280787997, 0.8453865400351523, -0.4, 20.214007306428734, -14.0, -14.0, -1.0, 0.0, 0.0, -1.0, 0.0, 0.0, 0.033476644209018414];5.086463899933733;16.96284709998872
64;[20.759996468447476, 1792.268753302246, 116.1089450100097];True;False;[0.0, 7.25, 1.4500000000000002, 0.0, 1.0, 48.65908882558664, 0.6932269625043618, 0.5, 8027.001289306505, 5713.488536823503, 10500.0, 0.0, 3.0, 0.0, 0.025, 0.0837979170497235, 0.1207298893150934, 0.0, 0.03946040295590105, 0.11091560512050642, 0.0, 0.05, 0.5, 0.5, 0.03885285955772832, 0.0, 0.0, 0.011143968114273031, 0.9906662652419435, 0.0, 0.05, 0.5, 0.5, 0.0, 0.0, 0.0, 0.030000000000000002, 0.255, 0.0, 1.0, 1.0];[1.2392676072081343, -1.344664172700252, 77.04345531035682, 0.7013600546964767, -0.20677303749563825, -10.359627371658206, -4.513969518655951, -14.0, -0.8792701106849066, -0.8890843948794935, 0.0, -1.0, -0.009333734758056544, 0.0, -0.005324920613148265];35.83963229996152;16.96284709998872
65;[23.13850048796834, 1332.9898935399494, 117.92613450139878];True;False;[0.0, 7.25, 1.4500000000000002, 0.0, 0.0, 37.05743900677072, 0.5, 0.5, 1154.0164542562027, 10500.0, 10500.0, 0.0, 3.0, 0.0, 0.025, 0.0, 0.0, 0.0, 0.05, 0.5, 0.5, 0.05, 0.5, 0.5, 0.04922354460530068, 0.0, 0.0, 0.05, 0.5, 0.5, 0.05, 0.5, 0.5, 0.0, 0.0, 0.0, 0.030000000000000002, 0.255, 0.0, 0.0, 0.0];[0.37475760159499405, -1.4642637424091396, 34.74197336712948, 0.8345228066221184, -0.4, 22.05743900677072, -14.0, -14.0, -1.0, 0.0, 0.0, -1.0, 0.0, 0.0, 0.02945712498590869];4.402207000064664;16.96284709998872
66;[nan, nan, nan];False;False;[1.0, 7.172763725111123, 1.626108958132511, 0.0, 0.0, 32.66915217325257, 0.5, 0.5, 15829.692851927244, 10500.0, 10500.0, 0.0, 3.0, 0.0, 0.025, 0.012273226146838765, 0.0, 0.0, 0.05, 0.5, 0.5, 0.05, 0.5, 0.5, 0.08229886225516936, 0.0, 0.0, 0.05, 0.5, 0.5, 0.05, 0.5, 0.5, 0.0, 0.0, 0.0, 0.030000000000000002, 0.255, 0.0, 0.0, 0.0];[nan, nan, nan, nan, nan, nan, nan, nan, nan, nan, nan, nan, nan, nan, nan];46.0446735000005;28.876722300075926
67;[8.32908812640153, 4337.785210244067, 133.01175446189262];True;False;[1.0, 10.853073361851964, 1.4193919572691218, 0.0, 1.0, 19.511376926404992, 0.5825254220411639, 0.5, 18952.774578276036, 10790.98453234052, 10500.0, 0.0, 3.0, 0.0, 0.025, 0.05948959543361585, 0.3782858171994171, 0.0, 0.04610560402188355, 0.5501020477342298, 0.0, 0.05, 0.5, 0.5, 0.04629412915088871, 0.7843596369073892, 0.0, 0.01750064146771619, 0.43915562496914073, 0.0, 0.05, 0.5, 0.5, 0.0, 0.0, 0.0, 0.030000000000000002, 0.255, 0.0, 1.0, 1.0];[0.3760665050795966, 0.21897858890256838, 4.79316074259809, -0.7314092690310934, -0.31747457795883616, -11.861295970386525, -10.620392268069619, -14.0, -0.6217141828005829, -0.44989795226577023, 0.0, -0.2156403630926108, -0.5608443750308593, 0.0, -0.24325295255181129];50.276189399999566;28.876722300075926
68;[23.693328939655355, 1425.4093691727398, 117.44673314788787];True;False;[0.0, 7.25, 1.4500000000000002, 0.0, 1.0, 21.433867445816702, 0.5085099264457001, 0.5, 19275.78489676515, 13256.091027393599, 10500.0, 0.0, 3.0, 0.0, 0.025, 0.07069646797076225, 0.20524873165961885, 0.0, 0.02933698448503895, 0.09355216313298566, 0.0, 0.05, 0.5, 0.5, 0.025712013039875505, 0.7189648015687891, 0.0, 0.06826337506042299, 0.3876831209794501, 0.0, 0.05, 0.5, 0.5, 0.0, 0.0, 0.0, 0.030000000000000002, 0.255, 0.0, 1.0, 1.0];[1.0310398576429183, -1.3945630629097554, 8.071445401443402, 0.7051159108492873, -0.3914900735542999, -10.448464564445157, -10.29084904439421, -14.0, -0.7947512683403811, -0.9064478368670144, 0.0, -0.28103519843121094, -0.6123168790205499, 0.0, 0.013298173994348073];12.211505000013858;28.876722300075926
69;[24.3972469367798, 1258.3671439506468, 117.92082885862311];True;False;[0.0, 7.25, 1.4500000000000002, 0.0, 0.0, 22.443329997515765, 0.5, 0.5, 14034.646928791031, 10500.0, 10500.0, 0.0, 3.0, 0.0, 0.025, 0.08630744978404425, 0.0, 0.0, 0.05, 0.5, 0.5, 0.05, 0.5, 0.5, 0.052284045550426594, 0.0, 0.0, 0.05, 0.5, 0.5, 0.05, 0.5, 0.5, 0.0, 0.0, 0.0, 0.030000000000000002, 0.255, 0.0, 0.0, 0.0];[0.4408487221546453, -1.4472386873860137, 7.458679226098397, 0.7362603120235418, -0.4, 7.4433299975157645, -14.0, -14.0, -1.0, 0.0, 0.0, -1.0, 0.0, 0.0, 0.022374857010024063];5.071776799974032;28.876722300075926
70;[8.256557738186599, 3623.2908879019615, 109.26909054319938];True;False;[1.0, 8.29968383728411, 1.3699814121182707, 0.0, 2.0, 20.49521618640627, 0.6012519231687412, 0.24042558121695182, 9588.057284694096, 13395.973370553658, 5657.152555924888, 1.0, 2.721658216809736, 0.0, 0.025, 0.06876423515035669, 0.3333333333333333, 0.3333333333333333, 0.04105490337638984, 0.3397548265027376, 0.34191904770066306, 0.08357947151165863, 0.27468340721232254, 0.33819532690212795, 0.008091340513288872, 0.2700866139410022, 0.5605106552175639, 0.06963925787661178, 0.4959812410144886, 0.48528313965895353, 0.07162677969517824, 0.2530236905763605, 0.383351969143063, 0.0, 0.0, 0.0, 0.030000000000000002, 0.255, 0.0, 1.0, 1.0];[0.8875241825727684, 0.16989240889031576, 6.6352662977114285, -0.23563869098586743, -0.2987480768312588, -13.625972863570952, -9.781938883299485, -12.913428084859186, -0.33333333333333337, -0.31832612579659936, -0.3871212658855495, -0.16940273084143387, -0.018735619326557873, -0.36362434028057655, -0.23586777477388826];70.62173599994276;28.876722300075926
71;[11.771842611034192, 2398.0231618496, 108.1726509819961];True;False;[1.0, 5.205141438953827, 1.799810274936546, 0.0, 0.0, 18.84720646809167, 0.5, 0.5, 1144.050221635432, 10500.0, 10500.0, 0.0, 3.0, 0.0, 0.025, 0.06892918605167388, 0.0, 0.0, 0.05, 0.5, 0.5, 0.05, 0.5, 0.5, 0.01650587857606704, 0.0, 0.0, 0.05, 0.5, 0.5, 0.05, 0.5, 0.5, 0.0, 0.0, 0.0, 0.030000000000000002, 0.255, 0.0, 0.0, 0.0];[-0.4345805743137019, -0.31736517555649923, 2.5288562825794045, -0.11289828316522876, -0.4, -4.528225985510531, -14.0, -14.0, -1.0, 0.0, 0.0, -1.0, 0.0, 0.0, -0.18508769715119477];5.82288430002518;22.655028700013645
72;[8.607946710436886, 4198.994896656483, 109.42570509437857];True;False;[1.0, 7.426750781003071, 1.3834798032668143, 0.0, 2.0, 23.583234537766785, 0.389534124663783, 0.7972056301310845, 19734.3650224682, 13657.697583309775, 6437.783252456861, 0.0, 3.0, 0.0, 0.025, 0.09859541869353548, 0.3333333333333333, 0.3333333333333333, 0.07119457821062737, 0.3333333333333333, 0.3333333333333333, 0.06370335581378916, 0.5128336130751716, 0.46948606435889206, 0.04279627223758265, 0.2526198970385942, 0.6551335041394567, 0.031069717080522988, 0.3333333333333333, 0.3333333333333333, 0.03365890312602784, 0.35073050894555297, 0.08080714865808179, 0.0, 0.0, 0.0, 0.030000000000000002, 0.255, 0.0, 1.0, 0.0];[0.9068411895517317, 0.14183387826004967, 12.787169496587435, -0.22628652929330006, -0.510465875336217, -12.426385376799209, -12.42638537679921, -12.42638537679921, -0.33333333333333337, -0.33333333333333337, -0.017680322565936324, -0.09224659882194908, -0.33333333333333337, -0.5684623423963653, -0.23289236124360968];59.48569180001505;22.655028700013645
73;[nan, nan, nan];False;False;[1.0, 5.441490428797092, 1.651583553992144, 0.0, 1.0, 11.962155778113859, 0.7610683068800251, 0.5, 17673.439169037192, 2676.596608298403, 10500.0, 0.0, 3.0, 0.0, 0.025, 0.07128301381626527, 0.4395730981731541, 0.0, 0.028966354091445042, 0.3305238688165272, 0.0, 0.05, 0.5, 0.5, 0.09148277319792146, 0.06095767476801647, 0.0, 0.04886397570388169, 0.9199550169633749, 0.0, 0.05, 0.5, 0.5, 1.0, 1.0, 1.0, 0.020727720132885694, 0.4106810672814775, 80.0, 1.0, 1.0];[nan, nan, nan, nan, nan, nan, nan, nan, nan, nan, nan, nan, nan, nan, nan];69.12237590004224;22.655028700013645
74;[11.204147617793678, 2410.4433039614432, 107.86615042230264];True;False;[1.0, 5.539667559331172, 1.8, 0.0, 0.0, 24.987496040378158, 0.5, 0.5, 13474.87042092328, 10500.0, 10500.0, 1.0, 2.9195379491312017, 0.0, 0.025, 0.003661491720911988, 0.0, 0.0, 0.05, 0.5, 0.5, 0.05, 0.5, 0.5, 0.020145270375648946, 0.0, 0.0, 0.05, 0.5, 0.5, 0.05, 0.5, 0.5, 0.0, 0.0, 0.0, 0.030000000000000002, 0.255, 0.0, 0.0, 0.0];[-0.4711346400191916, -0.32027752561670475, 12.008991882880768, -0.08150595990857346, -0.4, -1.1180577553454683, -14.0, -14.0, -1.0, 0.0, 0.0, -1.0, 0.0, 0.0, -0.18493468384513606];6.081515199970454;22.655028700013645
75;[nan, nan, nan];False;False;[1.0, 7.0192434405191335, 1.3331084254487762, 1.0, 0.0, 18.275847893642084, 0.5, 0.5, 4960.098923683405, 10500.0, 10500.0, 1.0, 3.878183322682731, 0.0, 0.025, 0.06954943175942396, 0.0, 0.0, 0.05, 0.5, 0.5, 0.05, 0.5, 0.5, 0.009843803606656171, 0.0, 0.0, 0.05, 0.5, 0.5, 0.05, 0.5, 0.5, 0.0, 0.0, 0.0, 0.030000000000000002, 0.255, 0.0, 0.0, 0.0];[nan, nan, nan, nan, nan, nan, nan, nan, nan, nan, nan, nan, nan, nan, nan];54.64258720004;22.655028700013645
76;[7.766154918606781, 3875.484980028863, 115.84555531210772];True;False;[1.0, 12.166386945147995, 1.2693027844759224, 0.0, 2.0, 12.04805961452649, 0.4883231499037123, 0.6179754949730137, 1000.0, 10064.268241331984, 15684.539527121064, 1.0, 2.3580469690478463, 0.0, 0.025, 0.08654719685754264, 0.3333333333333333, 0.3333333333333333, 0.08789946167707739, 0.3333333333333333, 0.3333333333333333, 0.06357798012878772, 0.3333333333333333, 0.3333333333333333, 0.02498716906296343, 0.16896126450314436, 0.028401898315300527, 0.010680717170174386, 0.5760194429991673, 0.1401963913330563, 0.061398348187695066, 0.3333333333333333, 0.3333333333333333, 0.0, 0.0, 0.0, 0.030000000000000002, 0.255, 0.0, 1.0, 0.0];[1.0971234389690876, 0.4266943475535112, -5.135795253646041, -0.4276792867397602, -0.41167685009628774, -12.882692390571423, -12.882692390571425, -12.882692390571425, -0.33333333333333337, -0.33333333333333337, -0.33333333333333337, -0.8026368371815551, -0.2837841656677764, -0.33333333333333337, -0.25866154204015646];72.72014240000863;21.422085199970752
77;[14.936052086209921, 2917.6515815195257, 112.88108960414283];True;False;[1.0, 5.756962013039416, 1.422208196270863, 0.0, 1.0, 4.021261286528565, 0.46292665862274796, 0.5, 19738.23343957852, 13346.163433217442, 10500.0, 0.0, 3.0, 0.0, 0.025, 0.05998301529112209, 0.32386916905623186, 0.0, 0.06891095408587138, 0.16160270867224055, 0.0, 0.05, 0.5, 0.5, 0.0865937196718259, 0.5219215895888158, 0.0, 0.045130835012934085, 0.23731783466146644, 0.0, 0.05, 0.5, 0.5, 0.0, 0.0, 0.0, 0.030000000000000002, 0.255, 0.0, 1.0, 1.0];[0.48271462672430765, 0.06290577555527044, -12.690947103432515, -0.38142462340765604, -0.43707334137725207, -13.188825645360142, -13.438870769443568, -14.0, -0.6761308309437681, -0.8383972913277594, 0.0, -0.47807841041118415, -0.7626821653385336, 0.0, -0.22680260998070378];47.20198749995325;21.422085199970752
78;[nan, nan, nan];False;False;[1.0, 7.574324271904049, 1.8, 0.0, 0.0, 17.905339104248206, 0.5, 0.5, 13329.317519802253, 10500.0, 10500.0, 0.0, 3.0, 0.0, 0.025, 0.07459477118124573, 0.0, 0.0, 0.05, 0.5, 0.5, 0.05, 0.5, 0.5, 0.03404704914904967, 0.0, 0.0, 0.05, 0.5, 0.5, 0.05, 0.5, 0.5, 0.0, 0.0, 0.0, 0.030000000000000002, 0.255, 0.0, 0.0, 0.0];[nan, nan, nan, nan, nan, nan, nan, nan, nan, nan, nan, nan, nan, nan, nan];48.955014900071546;21.422085199970752
79;[nan, nan, nan];False;False;[1.0, 5.5158478993733375, 1.8, 0.0, 1.0, 2.364492144344842, 0.36082252952004634, 0.5, 8973.115037731533, 7004.347271336316, 10500.0, 1.0, 2.691293845423858, 0.0, 0.025, 0.08677062401376832, 0.21864361959007508, 0.0, 0.017678122899047508, 0.3586570536224039, 0.0, 0.05, 0.5, 0.5, 0.04603655894208155, 0.03494746680347357, 0.0, 0.06671117887317354, 0.5659545288476601, 0.0, 0.05, 0.5, 0.5, 0.0, 0.0, 0.0, 0.030000000000000002, 0.255, 0.0, 0.0, 1.0];[nan, nan, nan, nan, nan, nan, nan, nan, nan, nan, nan, nan, nan, nan, nan];88.74190190003719;21.422085199970752
80;[nan, nan, nan];False;False;[1.0, 6.313642663369192, 1.5442517829429279, 1.0, 1.0, 35.39368642736662, 0.3415974283471829, 0.5, 5154.943676268177, 1772.8523827647057, 10500.0, 1.0, 1.9334105477848453, 1.0, 0.04323220130135771, 0.097273078936433, 0.5025638123178858, 0.0, 0.07654329200414955, 0.6890603452838663, 0.0, 0.05, 0.5, 0.5, 0.003705113284138901, 0.33718849651565314, 0.0, 0.08742447170154322, 0.287409874298079, 0.0, 0.05, 0.5, 0.5, 1.0, 0.0, 0.0, 0.030000000000000002, 0.255, 0.0, 1.0, 1.0];[nan, nan, nan, nan, nan, nan, nan, nan, nan, nan, nan, nan, nan, nan, nan];59.78367769997567;21.422085199970752
81;[24.408014712220712, 1253.673554679098, 118.00002898650794];True;False;[0.0, 7.25, 1.4500000000000002, 0.0, 0.0, 23.133561491807505, 0.5, 0.5, 3866.307365509393, 10500.0, 10500.0, 0.0, 3.0, 0.0, 0.025, 0.09907896135121937, 0.0, 0.0, 0.05, 0.5, 0.5, 0.05, 0.5, 0.5, 0.02456632686912247, 0.0, 0.0, 0.05, 0.5, 0.5, 0.05, 0.5, 0.5, 0.0, 0.0, 0.0, 0.030000000000000002, 0.255, 0.0, 0.0, 0.0];[0.42118021279014606, -1.4523052901507716, 8.521019329454045, 0.7490124329330625, -0.4, 8.133561491807505, -14.0, -14.0, -1.0, 0.0, 0.0, -1.0, 0.0, 0.0, 0.02446263561650086];5.529443699982949;24.48767359997146
82;[14.98687967798432, 2633.4209880719995, 110.25305540972771];True;False;[1.0, 8.709014262825304, 1.53432625975993, 0.0, 1.0, 44.69586626972926, 0.3496214169948647, 0.5, 16256.6933600524, 9538.0903470061, 10500.0, 1.0, 2.0406162898335065, 1.0, 0.04040921944735728, 0.014762316382258639, 0.13291768286461017, 0.0, 0.04106462051248094, 0.4620427754764525, 0.0, 0.05, 0.5, 0.5, 0.03917640784474244, 0.9767113081363916, 0.0, 0.06021192039195289, 0.7011545344401082, 0.0, 0.05, 0.5, 0.5, 0.0, 0.0, 0.0, 0.030000000000000002, 0.255, 0.0, 1.0, 0.0];[0.20308408299796987, -0.23352295954036073, 60.77319929890935, -1.1102230246251565e-16, -0.5503785830051353, -7.638625339707927, -11.042775228130346, -14.0, -0.8670823171353899, -0.5379572245235476, 0.0, -0.02328869186360838, -0.2988454655598918, 0.0, -0.19234322158804928];16.452003499958664;24.48767359997146
83;[15.753618464502969, 2648.4270608759216, 108.74976009920823];True;False;[1.0, 2.781176671493539, 1.3640032542894462, 0.0, 2.0, 11.389038135826002, 0.28400084071973963, 0.17871047097503687, 7430.212981163981, 9818.627259220571, 13395.231328354927, 0.0, 3.0, 0.0, 0.025, 0.06715720882776853, 0.07891689746151066, 0.2992727967516088, 0.05407877030959635, 0.3333333333333333, 0.3333333333333333, 0.05109909533133938, 0.3333333333333333, 0.3333333333333333, 0.08223756388095842, 0.3333333333333333, 0.3333333333333333, 0.008575714063132584, 0.12459471934272182, 0.7256635859896109, 0.06175746660592995, 0.3333333333333333, 0.3333333333333333, 0.0, 0.0, 0.0, 0.030000000000000002, 0.255, 0.0, 2.0, 2.0];[0.8245094123633763, -0.2963410766247687, -6.060678404401331, -2.220446049250313e-16, -0.6159991592802604, -11.37863358052494, -13.085812841269245, -13.795477901388606, -0.6218103057868806, -0.33333333333333337, -0.33333333333333337, -0.33333333333333337, -0.1497416946676673, -0.33333333333333337, -0.1788121896306939];49.73720739991404;24.48767359997146
84;[9.890837599261832, 3257.737871887598, 107.75024549436762];True;False;[1.0, 7.006796026932901, 1.5052432982713102, 0.0, 1.0, 19.661497590927738, 0.7363815517686756, 0.5, 17692.863478789237, 11311.866570457525, 10500.0, 0.0, 3.0, 0.0, 0.025, 0.07504427297550041, 0.549199761944346, 0.0, 0.009597275368006475, 0.5627553242413106, 0.0, 0.05, 0.5, 0.5, 0.014254312922649951, 0.016877244508779633, 0.0, 0.07502745837214315, 0.36308416513289016, 0.0, 0.05, 0.5, 0.5, 0.0, 0.0, 0.0, 0.030000000000000002, 0.255, 0.0, 1.0, 1.0];[0.1680737621492101, -0.06567067418572847, 4.79227158700273, -0.14277614121474247, -0.16361844823132443, -12.837573296348321, -8.959561091780099, -14.0, -0.45080023805565395, -0.4372446757586894, 0.0, -0.9831227554912204, -0.6369158348671098, 0.0, -0.21401965276849066];42.840331099927425;24.48767359997146
85;[11.605050994390586, 3627.247787692908, 109.23690728272854];True;False;[1.0, 6.509873107755827, 1.3508042604538018, 0.0, 2.0, 6.892838818303881, 0.4934291062291394, 0.3057850686305506, 6407.00755405785, 15521.273409021218, 14089.813137188032, 1.0, 2.4530234590535342, 0.0, 0.025, 0.040267956064277306, 0.3333333333333333, 0.3333333333333333, 0.05768044996894878, 0.2136116801203329, 0.595058018460374, 0.07650580939028524, 0.3418801552142353, 0.5360183453326847, 0.06280454499336928, 0.20407918624333574, 0.764928535212112, 0.08619482641548837, 0.8773633531891945, 0.08234318938049308, 0.05329558978769877, 0.41478756701978065, 0.4163601428999011, 0.0, 0.0, 0.0, 0.030000000000000002, 0.255, 0.0, 0.0, 1.0];[0.9839857828564682, 0.138236052148637, -10.492273138748937, -0.21040521379629595, -0.40657089377086064, -13.891139481314745, -12.274986646665429, -13.311270282297404, -0.33333333333333337, -0.19133030141929308, -0.12210149945308002, -0.03099227854455222, -0.04029345743031243, -0.1688522900803182, -0.232112557419287];48.91604710009415;24.48767359997146
86;[12.31785112763437, 2631.373169209949, 107.8977403763403];True;False;[1.0, 5.495788062858215, 1.4331150489867182, 0.0, 0.0, 17.81803558516028, 0.5, 0.5, 8408.04833777564, 10500.0, 10500.0, 1.0, 3.650546028551507, 0.0, 0.025, 0.00797220238086779, 0.0, 0.0, 0.05, 0.5, 0.5, 0.05, 0.5, 0.5, 0.09381923347209169, 0.0, 0.0, 0.05, 0.5, 0.5, 0.05, 0.5, 0.5, 0.0, 0.0, 0.0, 0.030000000000000002, 0.255, 0.0, 0.0, 0.0];[-0.29197239828725685, -0.19987605691487298, 1.07985528890908, 0.0, -0.4, -2.566918931066633, -14.0, -14.0, -1.0, 0.0, 0.0, -1.0, 0.0, 0.0, -0.20020803155762668];5.896856499952264;19.47325969999656
87;[9.725011129096222, 3041.450539675862, 108.26490141027494];True;False;[1.0, 5.328888331520675, 1.6332587759113686, 0.0, 1.0, 35.22816844955349, 0.1001529398454405, 0.5, 17494.292768621213, 7832.674747244994, 10500.0, 1.0, 1.0562389819918443, 0.0, 0.025, 0.08897796062435182, 0.8612529873876587, 0.0, 0.0025211593331521467, 0.4693757044134519, 0.0, 0.05, 0.5, 0.5, 0.014377627651483147, 0.668581195634162, 0.0, 0.09687081512994623, 0.9048124218057773, 0.0, 0.05, 0.5, 0.5, 0.0, 0.0, 0.0, 0.030000000000000002, 0.255, 0.0, 1.0, 1.0];[0.16797429194623348, -0.16549055825737602, 34.48475560615311, -0.1427704209388556, -0.7998470601545595, -1.0790128669846588, -13.450594719193102, -14.0, -0.13874701261234135, -0.5306242955865481, 0.0, -0.33141880436583804, -0.09518757819422274, 0.0, -0.2016501209487237];16.000762299983762;19.47325969999656
88;[11.638701494667277, 2481.2883127098257, 108.32414176339455];True;False;[1.0, 5.393717013278622, 1.7576257897151897, 0.0, 0.0, 17.297099542791475, 0.5, 0.5, 9636.47679551021, 10500.0, 10500.0, 1.0, 1.9388533834069461, 0.0, 0.025, 0.04360945235419764, 0.0, 0.0, 0.05, 0.5, 0.5, 0.05, 0.5, 0.5, 0.07225385840234615, 0.0, 0.0, 0.05, 0.5, 0.5, 0.05, 0.5, 0.5, 0.0, 0.0, 0.0, 0.030000000000000002, 0.255, 0.0, 0.0, 0.0];[-0.3958218931233075, -0.2780403039095529, 0.42611953140946923, -0.16446123086385012, -0.4, -5.158826956223519, -14.0, -14.0, -1.0, 0.0, 0.0, -1.0, 0.0, 0.0, -0.19037890275187563];5.7609957999084145;19.47325969999656
89;[9.841667792603857, 3728.9400038192007, 106.607202018714];True;False;[1.0, 5.976634113890027, 1.2915296381661685, 0.0, 2.0, 33.37912244041116, 0.5145510196601277, 0.5082127528974749, 18820.607660054673, 9876.346628533587, 12658.85166327203, 1.0, 2.4757843721334085, 0.0, 0.025, 0.041318021631631785, 0.3333333333333333, 0.3333333333333333, 0.027792163116729742, 0.2470367836109411, 0.5398811375574484, 0.04520072036215175, 0.16316417420724003, 0.313163260275509, 0.011965355649070895, 0.39115392940439425, 0.31256044354677953, 0.046849632883134304, 0.3333333333333333, 0.3333333333333333, 0.07137420800539565, 0.578155179100887, 0.3477594590308874, 0.0, 0.0, 0.0, 0.030000000000000002, 0.255, 0.0, 0.0, 1.0];[0.9055035235442892, 0.05892365434779423, 35.21042602685073, -1.1102230246251565e-16, -0.3854489803398723, -12.043416293262013, -12.043416293262013, -12.043416293262013, -0.33333333333333337, -0.21308207883161057, -0.5236725655172509, -0.2962856270488262, -0.33333333333333337, -0.07408536186822556, -0.22402265965054774];64.15629299997818;19.47325969999656
90;[nan, nan, nan];False;False;[0.0, 7.25, 1.4500000000000002, 0.0, 1.0, 19.438797153504975, 0.338033977179912, 0.5, 3329.8889582636075, 10410.848356364635, 10500.0, 0.0, 3.0, 0.0, 0.025, 0.04873228108410316, 0.8773801960093998, 0.0, 0.07893671942396323, 0.06903383349927532, 0.0, 0.05, 0.5, 0.5, 0.024771111754185005, 0.2504794151825075, 0.0, 0.05681779128287926, 0.7466273057672266, 0.0, 0.05, 0.5, 0.5, 0.0, 0.0, 0.0, 0.030000000000000002, 0.255, 0.0, 0.0, 1.0];[nan, nan, nan, nan, nan, nan, nan, nan, nan, nan, nan, nan, nan, nan, nan];47.846610000007786;19.47325969999656
91;[22.74071662728597, 1483.933452302147, 116.97932849213757];True;False;[0.0, 7.25, 1.4500000000000002, 0.0, 1.0, 22.582256358836716, 0.5488255652696811, 0.5, 1349.6015335404077, 9591.226775285448, 10500.0, 0.0, 3.0, 0.0, 0.025, 0.051072641698307934, 0.892782101572484, 0.0, 0.08425390234560615, 0.5299336228904308, 0.0, 0.05, 0.5, 0.5, 0.030294440927206314, 0.4382177343803033, 0.0, 0.08175265262315258, 0.0686069398225745, 0.0, 0.05, 0.5, 0.5, 0.0, 0.0, 0.0, 0.030000000000000002, 0.255, 0.0, 1.0, 0.0];[1.1081218002747804, -1.376091445171225, 10.05183393091938, 0.6977422722578186, -0.35117443473031895, -10.691374559768558, -9.758825831557155, -14.0, -0.10721789842751595, -0.4700663771095692, 0.0, -0.5617822656196967, -0.9313930601774255, 0.0, 0.006243045412985815];11.891803800011985;18.919542200048454
92;[11.406378775007203, 3214.3479118063397, 118.36673921434047];True;False;[1.0, 5.424705724451106, 1.7363537659524169, 0.0, 2.0, 11.330239423955028, 0.7455056680940697, 0.3575583826435247, 10972.988194921852, 10243.923245350219, 15366.181999505168, 1.0, 4.268731534227516, 0.0, 0.025, 0.03125072192778688, 0.3333333333333333, 0.3333333333333333, 0.08422159286797665, 0.3333333333333333, 0.3333333333333333, 0.04835543976904244, 0.38852337448463936, 0.5501855881892325, 0.025675850403587483, 0.3333333333333333, 0.3333333333333333, 0.040867898716507846, 0.48730289310762415, 0.303653380947765, 0.05460420563026022, 0.22616855848271947, 0.2777848152308705, 0.0, 0.0, 0.0, 0.030000000000000002, 0.255, 0.0, 2.0, 0.0];[0.6669724434485458, -0.11661916348583068, -6.110474234926301, -0.45397738247343467, -0.15449433190593032, -13.13132564889709, -13.13132564889709, -13.13132564889709, -0.33333333333333337, -0.33333333333333337, -0.06129103732612817, -0.33333333333333337, -0.20904372594461085, -0.49604662628641005, -0.20467157535483171];77.527620100067;18.919542200048454
93;[nan, nan, nan];False;False;[1.0, 5.348112753593134, 1.732055003457436, 0.0, 0.0, 44.96941418992019, 0.5, 0.5, 1297.0190384497532, 10500.0, 10500.0, 1.0, 3.868824223765765, 0.0, 0.025, 0.0, 0.0, 0.0, 0.05, 0.5, 0.5, 0.05, 0.5, 0.5, 0.024690564085106954, 0.0, 0.0, 0.05, 0.5, 0.5, 0.05, 0.5, 0.5, 0.0, 0.0, 0.0, 0.030000000000000002, 0.255, 0.0, 0.0, 0.0];[nan, nan, nan, nan, nan, nan, nan, nan, nan, nan, nan, nan, nan, nan, nan];49.83524430007674;18.919542200048454
94;[12.078371829210132, 2559.8645058305074, 108.43893627558472];True;False;[1.0, 4.040400167918755, 1.687882298891608, 0.0, 1.0, 16.653818764845365, 0.24581121177929696, 0.5, 8096.561596839118, 15910.736987669476, 10500.0, 0.0, 3.0, 0.0, 0.025, 0.08197714728189877, 0.6469472318928086, 0.0, 0.08680941154617657, 0.16916271654059528, 0.0, 0.05, 0.5, 0.5, 0.04378305766043889, 0.14029861048274675, 0.0, 0.04765436276974483, 0.5793780466017284, 0.0, 0.05, 0.5, 0.5, 0.0, 0.0, 0.0, 0.030000000000000002, 0.255, 0.0, 1.0, 0.0];[0.1080057813958133, -0.30787788839875674, 0.24571936597396693, -9.103828801926284e-15, -0.654188788220703, -9.497943702750986, -13.206726025594389, -14.0, -0.35305276810719144, -0.8308372834594047, 0.0, -0.8597013895172533, -0.4206219533982716, 0.0, -0.1824762618176431];41.38813209999353;18.919542200048454
95;[nan, nan, nan];False;False;[1.0, 4.955998130891791, 1.7990658851526837, 1.0, 1.0, 10.171123567963807, 0.4457759531828779, 0.5, 14052.050076392685, 7709.1493150520655, 10500.0, 1.0, 3.9407971951833005, 0.0, 0.025, 0.020224406149101367, 0.8185983862647699, 0.0, 0.060519248880320065, 0.18438981971120738, 0.0, 0.05, 0.5, 0.5, 0.03718982892346589, 0.23215418944796679, 0.0, 0.022426473580301223, 0.8086825208816886, 0.0, 0.05, 0.5, 0.5, 1.0, 0.0, 0.0, 0.030000000000000002, 0.255, 0.0, 1.0, 0.0];[nan, nan, nan, nan, nan, nan, nan, nan, nan, nan, nan, nan, nan, nan, nan];64.17456840001978;18.919542200048454
96;[15.819012812245607, 2367.9220914874213, 110.0455810064985];True;True;[1.0, 3.7077147176335687, 1.79999994186088, 0.0, 0.0, 9.744165592652736, 0.5, 0.5, 9408.028339187444, 10500.0, 10500.0, 1.0, 4.201648282487412, 0.0, 0.025, 0.04358236566881881, 0.0, 0.0, 0.05, 0.5, 0.5, 0.05, 0.5, 0.5, 0.01179283941155721, 0.0, 0.0, 0.05, 0.5, 0.5, 0.05, 0.5, 0.5, 0.0, 0.0, 0.0, 0.030000000000000002, 0.255, 0.0, 0.0, 0.0];[-0.44934895760785576, -0.45164479808495805, -8.132727422489783, 0.0, -0.4, -9.586574495897484, -14.0, -14.0, -1.0, 0.0, 0.0, -1.0, 0.0, 0.0, -0.1646029710850488];15.482569099985994;26.72857869998552
97;[22.858544201358534, 1365.1801918473086, 117.61310491909849];True;False;[0.0, 7.25, 1.4500000000000002, 0.0, 0.0, 35.597991447576085, 0.5, 0.5, 9114.253550138741, 10500.0, 10500.0, 0.0, 3.0, 0.0, 0.025, 0.09462585456788664, 0.0, 0.0, 0.05, 0.5, 0.5, 0.05, 0.5, 0.5, 0.0016895009891423497, 0.0, 0.0, 0.05, 0.5, 0.5, 0.05, 0.5, 0.5, 0.0, 0.0, 0.0, 0.030000000000000002, 0.255, 0.0, 0.0, 0.0];[0.4421253045153595, -1.4469098401104823, 31.55923310185687, 0.7979032960615098, -0.4, 20.597991447576085, -14.0, -14.0, -1.0, 0.0, 0.0, -1.0, 0.0, 0.0, 0.022239924266101885];6.231993999914266;26.72857869998552
98;[9.921904398783663, 3453.694495290712, 115.87548648221372];True;False;[1.0, 7.313575796362252, 1.612560636422218, 0.0, 1.0, 19.474849370181275, 0.545134768646747, 0.5, 1000.0, 2072.5117391703006, 10500.0, 0.0, 3.0, 0.0, 0.025, 0.03829402500780264, 0.3549309378311637, 0.0, 0.006798266976056362, 0.5178141349159584, 0.0, 0.05, 0.5, 0.5, 0.026406632092446338, 0.1546748943146818, 0.0, 0.09132487281093904, 0.06561310406891016, 0.0, 0.05, 0.5, 0.5, 0.0, 1.0, 0.0, 0.02663502614522823, 0.19250245693957968, 79.0, 1.0, 1.0];[0.18837592036400697, -0.03742716921999012, 3.9128865394479284, -0.42224768248724354, -0.354865231353253, -11.825550253177973, -11.19557000836007, -14.0, -0.6450690621688363, -0.4821858650840416, 0.0, -0.8453251056853182, -0.9343868959310898, 0.0, -0.28652336918993115];39.763170600053854;26.72857869998552
99;[nan, nan, nan];False;False;[1.0, 5.641446413013822, 1.2123640828668227, 0.0, 0.0, 14.256448404060674, 0.5, 0.5, 2083.058931288301, 10500.0, 10500.0, 1.0, 4.022291367359944, 0.0, 0.025, 0.08643583931300013, 0.0, 0.0, 0.05, 0.5, 0.5, 0.05, 0.5, 0.5, 0.032037138157658324, 0.0, 0.0, 0.05, 0.5, 0.5, 0.05, 0.5, 0.5, 0.0, 0.0, 0.0, 0.030000000000000002, 0.255, 0.0, 0.0, 0.0];[nan, nan, nan, nan, nan, nan, nan, nan, nan, nan, nan, nan, nan, nan, nan];53.64169650000986;26.72857869998552
100;[24.762018323517584, 1212.3496721082615, 118.50670032132263];True;False;[0.0, 7.25, 1.4500000000000002, 0.0, 0.0, 25.871924587685797, 0.5, 0.5, 6591.154457803913, 10500.0, 10500.0, 0.0, 3.0, 0.0, 0.025, 0.009958764732912177, 0.0, 0.0, 0.05, 0.5, 0.5, 0.05, 0.5, 0.5, 0.032575620805850906, 0.0, 0.0, 0.05, 0.5, 0.5, 0.05, 0.5, 0.5, 0.0, 0.0, 0.0, 0.030000000000000002, 0.255, 0.0, 0.0, 0.0];[0.3068577286296952, -1.4817547315693895, 12.954314529519301, 0.8149434170731509, -0.4, 10.871924587685797, -14.0, -14.0, -1.0, 0.0, 0.0, -1.0, 0.0, 0.0, 0.03693603814637092];5.388066700077616;26.72857869998552
101;[24.245526561914055, 1561.3176998669148, 117.3083562155789];True;False;[0.0, 7.25, 1.4500000000000002, 0.0, 2.0, 18.139522371519888, 0.22461086958412324, 0.6244162320688037, 5372.21414027614, 8044.257991546775, 17204.857360498343, 0.0, 3.0, 0.0, 0.025, 0.05329396221302991, 0.3333333333333333, 0.3333333333333333, 0.024139316352775622, 0.01380706083914394, 0.5607793110341741, 0.04502445272177824, 0.3333333333333333, 0.3333333333333333, 0.03778113073464915, 0.3333333333333333, 0.3333333333333333, 0.048601822754869885, 0.08061725764092167, 0.21925723091899862, 0.02006087594213311, 0.3333333333333333, 0.3333333333333333, 0.0, 0.0, 0.0, 0.030000000000000002, 0.255, 0.0, 0.0, 1.0];[1.655227041867417, -1.3455035499961017, 2.969707261740929, 0.6493262486156572, -0.6753891304158768, -13.566141506924058, -12.86676809866907, -9.069634170312723, -0.33333333333333337, -0.42541362812668193, -0.33333333333333337, -0.33333333333333337, -0.7001255114400797, -0.33333333333333337, 0.007370386810685359];56.915998200071044;23.16961820004508
102;[11.500393696810722, 2399.117033801911, 108.10155660180774];True;False;[1.0, 5.353447768085138, 1.8, 0.0, 0.0, 23.19789657127083, 0.5, 0.5, 9442.692175519376, 10500.0, 10500.0, 1.0, 2.4188290806698505, 0.0, 0.025, 0.02940665690271957, 0.0, 0.0, 0.05, 0.5, 0.5, 0.05, 0.5, 0.5, 0.0, 0.0, 0.0, 0.05, 0.5, 0.5, 0.05, 0.5, 0.5, 0.0, 0.0, 0.0, 0.030000000000000002, 0.255, 0.0, 0.0, 0.0];[-0.47569274781365944, -0.33545313027826484, 9.05454409332797, -0.04335638991547941, -0.4, -2.1122796826273156, -14.0, -14.0, -1.0, 0.0, 0.0, -1.0, 0.0, 0.0, -0.18276513648440956];5.2016864999895915;23.16961820004508
103;[13.474305508053499, 2546.736927151038, 108.980644894313];True;True;[1.0, 5.6424436675258836, 1.4537682580645288, 0.0, 0.0, 11.284639018822768, 0.5, 0.5, 7351.458757640254, 10500.0, 10500.0, 1.0, 3.330060446885167, 0.0, 0.025, 0.045542058186876185, 0.0, 0.0, 0.05, 0.5, 0.5, 0.05, 0.5, 0.5, 0.021342023383217047, 0.0, 0.0, 0.05, 0.5, 0.5, 0.05, 0.5, 0.5, 0.0, 0.0, 0.0, 0.030000000000000002, 0.255, 0.0, 0.0, 0.0];[-0.3170040610390714, -0.20743261306715066, -6.608774431264603, -1.1102230246251565e-16, -0.4, -7.237663082665907, -14.0, -14.0, -1.0, 0.0, 0.0, -1.0, 0.0, 0.0, -0.1993847824461259];14.265767900040373;23.16961820004508
104;[nan, nan, nan];False;False;[1.0, 7.730413396815284, 1.8, 0.0, 0.0, 44.40048682929585, 0.5, 0.5, 1161.904936117322, 10500.0, 10500.0, 1.0, 4.971299902880544, 0.0, 0.025, 0.00018426663970597175, 0.0, 0.0, 0.05, 0.5, 0.5, 0.05, 0.5, 0.5, 1.5100714196744848e-07, 0.0, 0.0, 0.05, 0.5, 0.5, 0.05, 0.5, 0.5, 1.0, 0.0, 0.0, 0.030000000000000002, 0.255, 0.0, 0.0, 0.0];[nan, nan, nan, nan, nan, nan, nan, nan, nan, nan, nan, nan, nan, nan, nan];46.72137719998136;23.16961820004508
105;[nan, nan, nan];False;False;[1.0, 8.130642015667046, 1.7708096621552778, 0.0, 0.0, 41.95565924382355, 0.5, 0.5, 14148.966906863383, 10500.0, 10500.0, 1.0, 4.019543978147919, 0.0, 0.025, 0.08998025564230884, 0.0, 0.0, 0.05, 0.5, 0.5, 0.05, 0.5, 0.5, 0.05627010782534171, 0.0, 0.0, 0.05, 0.5, 0.5, 0.05, 0.5, 0.5, 1.0, 0.0, 0.0, 0.030000000000000002, 0.255, 0.0, 0.0, 0.0];[nan, nan, nan, nan, nan, nan, nan, nan, nan, nan, nan, nan, nan, nan, nan];41.301937100011855;23.16961820004508
106;[nan, nan, nan];False;False;[1.0, 4.706320171600268, 1.7990226579313722, 0.0, 0.0, 41.84738632028306, 0.5, 0.5, 5155.163413967201, 10500.0, 10500.0, 0.0, 3.0, 0.0, 0.025, 0.010095942836988829, 0.0, 0.0, 0.05, 0.5, 0.5, 0.05, 0.5, 0.5, 0.07985665063899638, 0.0, 0.0, 0.05, 0.5, 0.5, 0.05, 0.5, 0.5, 0.0, 0.0, 0.0, 0.030000000000000002, 0.255, 0.0, 0.0, 0.0];[nan, nan, nan, nan, nan, nan, nan, nan, nan, nan, nan, nan, nan, nan, nan];54.06346440000925;19.36061910004355
107;[24.417373737035522, 1232.599069133174, 118.4296181137293];True;False;[0.0, 7.25, 1.4500000000000002, 0.0, 0.0, 28.248045831741457, 0.5, 0.5, 15111.123130115368, 10500.0, 10500.0, 0.0, 3.0, 0.0, 0.025, 0.01525574032676002, 0.0, 0.0, 0.05, 0.5, 0.5, 0.05, 0.5, 0.5, 0.02246052114401434, 0.0, 0.0, 0.05, 0.5, 0.5, 0.05, 0.5, 0.5, 0.0, 0.0, 0.0, 0.030000000000000002, 0.255, 0.0, 0.0, 0.0];[0.3094864314996979, -1.4810775784114087, 17.085577699552893, 0.8273326133504917, -0.4, 13.248045831741457, -14.0, -14.0, -1.0, 0.0, 0.0, -1.0, 0.0, 0.0, 0.03664256703992441];5.092195700039156;19.36061910004355
108;[23.82232821687101, 1424.1648160430354, 117.6469882385554];True;False;[0.0, 7.25, 1.4500000000000002, 0.0, 1.0, 23.997364661020733, 0.2705808501896704, 0.5, 4322.261137409473, 16067.856628808982, 10500.0, 0.0, 3.0, 0.0, 0.025, 0.03901527185869297, 0.34545881137733647, 0.0, 0.011052278930824465, 0.571741456598434, 0.0, 0.05, 0.5, 0.5, 0.05178014692056644, 0.35683040726910525, 0.0, 0.04666957193791893, 0.07778625462555153, 0.0, 0.05, 0.5, 0.5, 0.0, 0.0, 0.0, 0.030000000000000002, 0.255, 0.0, 1.0, 0.0];[0.9809402893926213, -1.406568729113631, 12.37470991388701, 0.730705370780256, -0.6294191498103296, -6.95693038898715, -12.016392270413437, -14.0, -0.6545411886226635, -0.428258543401566, 0.0, -0.6431695927308947, -0.9222137453744484, 0.0, 0.017990072745833974];37.15340890001971;19.36061910004355
109;[10.974240022158728, 4246.3793635925695, 107.33402659666932];True;False;[1.0, 6.432373826420197, 1.261052976122957, 0.0, 1.0, 21.656230635831097, 0.41499029864652215, 0.5, 14088.49281760478, 9212.370543545794, 10500.0, 0.0, 3.0, 0.0, 0.025, 0.07067028298725996, 0.8282510748507801, 0.0, 0.0906970774064551, 0.622105070060257, 0.0, 0.05, 0.5, 0.5, 0.06686729074679441, 0.2898914070751199, 0.0, 0.0996469133559919, 0.1704720705107074, 0.0, 0.05, 0.5, 0.5, 0.0, 1.0, 0.0, 0.025796188759691634, 0.2557324882170323, 154.0, 1.0, 1.0];[0.6414567411702468, 0.20884984723162203, 6.325703112785327, 0.0, -0.4850097013534779, -10.079748184701629, -11.509704427939013, -14.0, -0.1717489251492199, -0.37789492993974305, 0.0, -0.71010859292488, -0.8295279294892925, 0.0, -0.24023280772463412];43.5985680000158;19.36061910004355
110;[nan, nan, nan];False;False;[0.0, 7.25, 1.4500000000000002, 0.0, 1.0, 10.933120225247501, 0.20484611765266386, 0.5, 5075.910059762045, 7089.197182091459, 10500.0, 0.0, 3.0, 0.0, 0.025, 0.025216260988478928, 0.3251721944711425, 0.0, 0.020213809398996425, 0.9699330201176367, 0.0, 0.05, 0.5, 0.5, 0.0857639058374214, 0.8864226570989874, 0.0, 0.03882687515400296, 0.6722247219351671, 0.0, 0.05, 0.5, 0.5, 0.0, 0.0, 0.0, 0.030000000000000002, 0.255, 0.0, 1.0, 1.0];[nan, nan, nan, nan, nan, nan, nan, nan, nan, nan, nan, nan, nan, nan, nan];73.08932550007012;19.36061910004355
111;[nan, nan, nan];False;False;[1.0, 7.577828756828454, 1.8, 0.0, 0.0, 21.630107383705695, 0.5, 0.5, 7659.40593401759, 10500.0, 10500.0, 1.0, 1.8942305566144795, 0.0, 0.025, 0.05671387859737399, 0.0, 0.0, 0.05, 0.5, 0.5, 0.05, 0.5, 0.5, 0.04464905673885162, 0.0, 0.0, 0.05, 0.5, 0.5, 0.05, 0.5, 0.5, 0.0, 0.0, 0.0, 0.030000000000000002, 0.255, 0.0, 0.0, 0.0];[nan, nan, nan, nan, nan, nan, nan, nan, nan, nan, nan, nan, nan, nan, nan];41.891275899950415;20.461682199966162
112;[10.759623483869657, 3437.998598200299, 108.30410210192464];True;False;[1.0, 6.0101239290816775, 1.4028851166879948, 0.0, 2.0, 10.432878235899787, 0.7073546747282355, 0.30529060443640327, 6328.683895374505, 13276.294704354483, 6599.354537495336, 0.0, 3.0, 0.0, 0.025, 0.03245711897911461, 0.5082768168673079, 0.3890890087021534, 0.03827996729297199, 0.5193881476499926, 0.3589014841775726, 0.061844713794520535, 0.2125324824306679, 0.5320229412530996, 0.0698550276814399, 0.3333333333333333, 0.3333333333333333, 0.09794690369581054, 0.2998752960798582, 0.15497313432290963, 0.07779883607155026, 0.5609875845654895, 0.2988265833646892, 0.0, 0.0, 0.0, 0.030000000000000002, 0.255, 0.0, 1.0, 1.0];[0.8553795971151006, 0.031795974809014194, -7.012126570537972, -0.095883509648937, -0.19264532527176448, -13.048086009297908, -13.048086009297908, -13.048086009297908, -0.1026341744305388, -0.12171036817243475, -0.2554445763162325, -0.33333333333333337, -0.5451515695972322, -0.14018583206982127, -0.22127535940984489];92.9641310001025;20.461682199966162
113;[nan, nan, nan];False;False;[1.0, 6.65463012676089, 1.7861686402171477, 0.0, 1.0, 25.81056844255777, 0.5484188602062134, 0.5, 9791.94439797518, 9151.677337923375, 10500.0, 0.0, 3.0, 0.0, 0.025, 0.02064126635588915, 0.6280208220409068, 0.0, 0.023977538305562096, 0.1673695669281591, 0.0, 0.05, 0.5, 0.5, 0.044923281680854237, 0.23383194619871972, 0.0, 0.07600579506390688, 0.8292446179443772, 0.0, 0.05, 0.5, 0.5, 1.0, 0.0, 0.0, 0.030000000000000002, 0.255, 0.0, 1.0, 1.0];[nan, nan, nan, nan, nan, nan, nan, nan, nan, nan, nan, nan, nan, nan, nan];69.16606600000523;20.461682199966162
114;[13.585924882057606, 2784.12158798847, 109.89511310221951];True;False;[1.0, 7.709276363249535, 1.3851215844064275, 0.0, 0.0, 4.959307089234576, 0.5, 0.5, 7890.628264661674, 10500.0, 10500.0, 1.0, 2.950679399674751, 0.0, 0.025, 0.021075053349177662, 0.0, 0.0, 0.05, 0.5, 0.5, 0.05, 0.5, 0.5, 0.08952954414954019, 0.0, 0.0, 0.05, 0.5, 0.5, 0.05, 0.5, 0.5, 0.0, 0.0, 0.0, 0.030000000000000002, 0.255, 0.0, 0.0, 0.0];[-0.08581551799802956, 0.06876144550371155, -12.074029467991638, -0.31270756018590706, -0.4, -11.419587171937826, -14.0, -14.0, -1.0, 0.0, 0.0, -1.0, 0.0, 0.0, -0.23050657958090676];11.323083200026304;20.461682199966162
115;[26.88179942253546, 1133.078555573568, 118.69717100090634];True;False;[0.0, 7.25, 1.4500000000000002, 0.0, 0.0, 15.277107758052235, 0.5, 0.5, 16617.542023479782, 10500.0, 10500.0, 0.0, 3.0, 0.0, 0.025, 0.021224269545985414, 0.0, 0.0, 0.05, 0.5, 0.5, 0.05, 0.5, 0.5, 0.06241966872868437, 0.0, 0.0, 0.05, 0.5, 0.5, 0.05, 0.5, 0.5, 0.0, 0.0, 0.0, 0.030000000000000002, 0.255, 0.0, 0.0, 0.0];[0.35558392760605795, -1.4692028757131779, -2.2673757369382166, 0.7030013026032338, -0.4, 0.2771077580522352, -14.0, -14.0, -1.0, 0.0, 0.0, -1.0, 0.0, 0.0, 0.03154783919391413];18.661437399918213;20.461682199966162
116;[nan, nan, nan];False;False;[0.0, 7.25, 1.4500000000000002, 0.0, 1.0, 3.823570090335816, 0.194184888734229, 0.5, 13611.015524051796, 6076.029414452386, 10500.0, 0.0, 3.0, 0.0, 0.025, 5.547861234723537e-05, 0.5791138058468884, 0.0, 0.04498028869084816, 0.7590100656377046, 0.0, 0.05, 0.5, 0.5, 0.054997522955089855, 0.7810335912363032, 0.0, 0.030130615317100498, 0.0, 0.0, 0.05, 0.5, 0.5, 0.0, 0.0, 0.0, 0.030000000000000002, 0.255, 0.0, 1.0, 0.0];[nan, nan, nan, nan, nan, nan, nan, nan, nan, nan, nan, nan, nan, nan, nan];48.993924899958074;21.398100599995814
117;[nan, nan, nan];False;False;[0.0, 7.25, 1.4500000000000002, 0.0, 1.0, 21.634315703157267, 0.2933022853674456, 0.5, 4152.265948959346, 11458.93902260121, 10500.0, 0.0, 3.0, 0.0, 0.025, 0.007677730273812463, 0.6975588779210112, 0.0, 0.0013319900973378612, 0.0606848055069574, 0.0, 0.05, 0.5, 0.5, 0.02543293948713134, 0.013612819269567887, 0.0, 0.09963026294333066, 0.16325395346548482, 0.0, 0.05, 0.5, 0.5, 0.0, 0.0, 0.0, 0.030000000000000002, 0.255, 0.0, 0.0, 0.0];[nan, nan, nan, nan, nan, nan, nan, nan, nan, nan, nan, nan, nan, nan, nan];57.15320519998204;21.398100599995814
118;[10.236757194712114, 3054.833272611015, 107.7895143897183];True;False;[1.0, 5.416508079928118, 1.5907151738807153, 0.0, 1.0, 28.708641039071992, 0.469472465720573, 0.5, 14857.296144920194, 8918.2767069051, 10500.0, 0.0, 3.0, 0.0, 0.025, 0.055614388657869746, 0.7449691784051928, 0.0, 0.0, 0.6245654983205822, 0.0, 0.05, 0.5, 0.5, 0.04769446528860552, 0.026824641513700738, 0.0, 0.06841469435308832, 0.29993470477373435, 0.0, 0.05, 0.5, 0.5, 0.0, 0.0, 0.0, 0.030000000000000002, 0.255, 0.0, 1.0, 1.0];[0.1278068902737548, -0.18460409739750183, 21.884766240231286, -0.017647453739932595, -0.430527534279427, -10.483947242369867, -11.003671277253389, -14.0, -0.25503082159480717, -0.37543450167941783, 0.0, -0.9731753584862992, -0.7000652952262656, 0.0, -0.1994254611047061];17.543060400057584;21.398100599995814
119;[nan, nan, nan];False;False;[1.0, 7.178904857184255, 1.6146348757119289, 1.0, 0.0, 32.813563084701435, 0.5, 0.5, 14876.10012173992, 10500.0, 10500.0, 1.0, 1.7527487258483152, 0.0, 0.025, 0.097417288410338, 0.0, 0.0, 0.05, 0.5, 0.5, 0.05, 0.5, 0.5, 0.07956604554810597, 0.0, 0.0, 0.05, 0.5, 0.5, 0.05, 0.5, 0.5, 1.0, 1.0, 0.0, 0.03865177762016946, 0.15795155624026574, 15.0, 0.0, 0.0];[nan, nan, nan, nan, nan, nan, nan, nan, nan, nan, nan, nan, nan, nan, nan];4.815417599980719;21.398100599995814
120;[nan, nan, nan];False;False;[1.0, 5.8781923872674895, 1.723071944593664, 0.0, 0.0, 41.527330937915195, 0.5, 0.5, 3437.657387801382, 10500.0, 10500.0, 0.0, 3.0, 0.0, 0.025, 0.03401766442378122, 0.0, 0.0, 0.05, 0.5, 0.5, 0.05, 0.5, 0.5, 0.09482330346799048, 0.0, 0.0, 0.05, 0.5, 0.5, 0.05, 0.5, 0.5, 1.0, 0.0, 0.0, 0.030000000000000002, 0.255, 0.0, 0.0, 0.0];[nan, nan, nan, nan, nan, nan, nan, nan, nan, nan, nan, nan, nan, nan, nan];45.73176669992972;21.398100599995814
121;[33.03195257740769, 1011.634892646872, 119.46821681803519];True;False;[0.0, 7.25, 1.4500000000000002, 0.0, 0.0, 7.161613366321783, 0.5, 0.5, 9424.671753161327, 10500.0, 10500.0, 0.0, 3.0, 0.0, 0.025, 0.0026875592812071187, 0.0, 0.0, 0.05, 0.5, 0.5, 0.05, 0.5, 0.5, 0.0011625411434893903, 0.0, 0.0, 0.05, 0.5, 0.5, 0.05, 0.5, 0.5, 0.0, 0.0, 0.0, 0.030000000000000002, 0.255, 0.0, 0.0, 0.0];[0.38029119165643, -1.4628382910856752, -10.401787659701828, 0.5192309460969475, -0.4, -7.838386633678217, -14.0, -14.0, -1.0, 0.0, 0.0, -1.0, 0.0, 0.0, 0.0288567922250742];16.138910399982706;22.406461699982174
122;[12.998915997364984, 2204.257802174935, 108.87704530618147];True;True;[1.0, 4.868948212840115, 1.8, 0.0, 0.0, 16.0479757357999, 0.5, 0.5, 11223.895696256133, 10500.0, 10500.0, 0.0, 3.0, 0.0, 0.025, 0.0, 0.0, 0.0, 0.05, 0.5, 0.5, 0.05, 0.5, 0.5, 0.01080526501700562, 0.0, 0.0, 0.05, 0.5, 0.5, 0.05, 0.5, 0.5, 0.0, 0.0, 0.0, 0.030000000000000002, 0.255, 0.0, 0.0, 0.0];[-0.5067103423119534, -0.3901949759990089, -1.1805211405278726, -1.1102230246251565e-16, -0.4, -6.084457924555613, -14.0, -14.0, -1.0, 0.0, 0.0, -1.0, 0.0, 0.0, -0.17479785930941072];4.615488800103776;22.406461699982174
123;[24.963558775612945, 1367.1988944682937, 117.33721045876757];True;False;[0.0, 7.25, 1.4500000000000002, 0.0, 1.0, 13.54222939986712, 0.525644826072668, 0.5, 13340.515999165229, 5506.393671462656, 10500.0, 0.0, 3.0, 0.0, 0.025, 0.037718961778655254, 0.13681571524477687, 0.0, 0.05089516789181428, 0.30682088225576243, 0.0, 0.05, 0.5, 0.5, 0.09441879857202526, 0.1946440330734531, 0.0, 0.07902031491405452, 0.11633869733709294, 0.0, 0.05, 0.5, 0.5, 0.0, 0.0, 0.0, 0.030000000000000002, 0.255, 0.0, 1.0, 1.0];[1.1223212613686027, -1.3726887413931055, -3.515366333315489, 0.6105906808817121, -0.374355173927332, -11.504166763371593, -11.126179802292839, -14.0, -0.8631842847552231, -0.6931791177442376, 0.0, -0.8053559669265469, -0.8836613026629071, 0.0, 0.00496450260242931];21.882969800033607;22.406461699982174
124;[nan, nan, nan];False;False;[0.0, 7.25, 1.4500000000000002, 0.0, 0.0, 10.485079055931237, 0.5, 0.5, 3376.579620787548, 10500.0, 10500.0, 0.0, 3.0, 0.0, 0.025, 0.09485590984647307, 0.0, 0.0, 0.05, 0.5, 0.5, 0.05, 0.5, 0.5, 0.00948682622719873, 0.0, 0.0, 0.05, 0.5, 0.5, 0.05, 0.5, 0.5, 0.0, 0.0, 0.0, 0.030000000000000002, 0.255, 0.0, 0.0, 0.0];[nan, nan, nan, nan, nan, nan, nan, nan, nan, nan, nan, nan, nan, nan, nan];39.06241480004974;22.406461699982174
125;[26.8029633812647, 1295.335376595004, 117.9265320142528];True;False;[0.0, 7.25, 1.4500000000000002, 0.0, 1.0, 11.810199403038288, 0.4151809844163664, 0.5, 15400.550294161323, 12191.883444797842, 10500.0, 0.0, 3.0, 0.0, 0.025, 0.07640445463963252, 0.3053070006389704, 0.0, 0.05124928217420212, 0.5242730179938255, 0.0, 0.05, 0.5, 0.5, 0.041141378654231196, 0.1652749585045831, 0.0, 0.022684900614771204, 0.1340788600879493, 0.0, 0.05, 0.5, 0.5, 0.0, 0.0, 0.0, 0.030000000000000002, 0.255, 0.0, 1.0, 0.0];[1.0451185441129436, -1.3911893010940075, -5.579678990323126, 0.5938981548833722, -0.4848190155836336, -10.921310633077091, -12.104413123780427, -14.0, -0.6946929993610296, -0.47572698200617447, 0.0, -0.8347250414954169, -0.8659211399120507, 0.0, 0.011994944135541807];13.509415299980901;22.406461699982174
126;[nan, nan, nan];False;False;[0.0, 7.25, 1.4500000000000002, 0.0, 0.0, 10.53937898411297, 0.5, 0.5, 4198.868937295627, 10500.0, 10500.0, 0.0, 3.0, 0.0, 0.025, 0.02664991796179797, 0.0, 0.0, 0.05, 0.5, 0.5, 0.05, 0.5, 0.5, 0.07345724901006208, 0.0, 0.0, 0.05, 0.5, 0.5, 0.05, 0.5, 0.5, 0.0, 0.0, 0.0, 0.030000000000000002, 0.255, 0.0, 0.0, 0.0];[nan, nan, nan, nan, nan, nan, nan, nan, nan, nan, nan, nan, nan, nan, nan];33.8530626000138;20.41127830010373
127;[15.070531726063935, 2007.6585604432926, 108.66627778760846];True;True;[1.0, 3.057593932423271, 1.783391172026071, 0.0, 0.0, 16.821245389271336, 0.5, 0.5, 1911.8026054697284, 10500.0, 10500.0, 0.0, 3.0, 0.0, 0.025, 0.02757452326668733, 0.0, 0.0, 0.05, 0.5, 0.5, 0.05, 0.5, 0.5, 0.07116273683611662, 0.0, 0.0, 0.05, 0.5, 0.5, 0.05, 0.5, 0.5, 0.0, 0.0, 0.0, 0.030000000000000002, 0.255, 0.0, 0.0, 0.0];[-0.43223482613630093, -0.5125582130630595, -0.19437501936898016, 0.0, -0.4, -5.5678318626187355, -14.0, -14.0, -1.0, 0.0, 0.0, -1.0, 0.0, 0.0, -0.15419581334267968];6.632909099920653;20.41127830010373
128;[19.44097506725669, 1852.5843680577152, 110.96730421090908];True;True;[1.0, 2.838795824035168, 1.6006149317233984, 0.0, 0.0, 7.03282298242115, 0.5, 0.5, 8835.992395399338, 10500.0, 10500.0, 0.0, 3.0, 0.0, 0.025, 0.00011003486977023657, 0.0, 0.0, 0.05, 0.5, 0.5, 0.05, 0.5, 0.5, 0.06408309596398919, 0.0, 0.0, 0.05, 0.5, 0.5, 0.05, 0.5, 0.5, 0.0, 0.0, 0.0, 0.030000000000000002, 0.255, 0.0, 0.0, 0.0];[-0.3343316237515923, -0.4797094521026013, -10.509346610933356, -2.220446049250313e-16, -0.4, -10.606174325233342, -14.0, -14.0, -1.0, 0.0, 0.0, -1.0, 0.0, 0.0, -0.15897331370597656];7.615653100074269;20.41127830010373
129;[25.149970823506656, 1206.7305559095757, 118.30522332059044];True;False;[0.0, 7.25, 1.4500000000000002, 0.0, 0.0, 20.784773898318935, 0.5, 0.5, 3417.519309032306, 10500.0, 10500.0, 0.0, 3.0, 0.0, 0.025, 0.05115957294674026, 0.0, 0.0, 0.05, 0.5, 0.5, 0.05, 0.5, 0.5, 0.05004661632541263, 0.0, 0.0, 0.05, 0.5, 0.5, 0.05, 0.5, 0.5, 0.0, 0.0, 0.0, 0.030000000000000002, 0.255, 0.0, 0.0, 0.0];[0.3783513744487754, -1.4633379874808277, 4.99638819728176, 0.7496198933251539, -0.4, 5.784773898318935, -14.0, -14.0, -1.0, 0.0, 0.0, -1.0, 0.0, 0.0, 0.02906708570891814];5.778407299891114;20.41127830010373
130;[11.638192113810927, 2987.325939338874, 108.07881630842883];True;False;[1.0, 6.003029667922058, 1.4327264327309555, 0.0, 1.0, 15.702585682157457, 0.33906597666831884, 0.5, 7969.366435457421, 11548.166428883993, 10500.0, 0.0, 3.0, 0.0, 0.025, 0.03669779741049692, 0.38190130882976275, 0.0, 0.00443766897236677, 0.5365722549580646, 0.0, 0.05, 0.5, 0.5, 0.08624304407486481, 0.03688944283307522, 0.0, 0.01481287965354883, 0.5375615111785547, 0.0, 0.05, 0.5, 0.5, 0.0, 0.0, 0.0, 0.030000000000000002, 0.255, 0.0, 1.0, 1.0];[0.16232052462509472, -0.12484072922043321, -0.8544144934983446, 0.0, -0.5609340233316812, -10.37788339829525, -12.628806470074258, -14.0, -0.6180986911702373, -0.4634277450419354, 0.0, -0.9631105571669247, -0.46243848882144534, 0.0, -0.20685028850901166];19.02444980002474;20.41127830010373
131;[nan, nan, nan];False;False;[1.0, 5.585799889555981, 1.8, 0.0, 0.0, 28.347811240878404, 0.5, 0.5, 6610.07767220381, 10500.0, 10500.0, 1.0, 2.099725987624546, 0.0, 0.025, 0.0319206507009192, 0.0, 0.0, 0.05, 0.5, 0.5, 0.05, 0.5, 0.5, 0.025442019952557626, 0.0, 0.0, 0.05, 0.5, 0.5, 0.05, 0.5, 0.5, 0.0, 0.0, 0.0, 0.030000000000000002, 0.255, 0.0, 0.0, 0.0];[nan, nan, nan, nan, nan, nan, nan, nan, nan, nan, nan, nan, nan, nan, nan];60.0726505999919;21.44173590000719
132;[23.8612465441206, 3333.24137466695, 112.59286642252749];True;False;[1.0, 2.166521250565622, 1.2935346309862061, 0.0, 1.0, 3.822195302394478, 0.12232509366491266, 0.5, 1000.038955056654, 19735.007447646825, 10500.0, 1.0, 4.240923850040883, 0.0, 0.025, 0.07199440893672222, 0.019953057149899096, 0.0, 0.06358793741180542, 0.14535248708263848, 0.0, 0.05, 0.5, 0.5, 0.09165200775960973, 0.16801036540860495, 0.0, 0.015314665256979172, 0.5846876235135288, 0.0, 0.05, 0.5, 0.5, 0.0, 0.0, 0.0, 0.030000000000000002, 0.255, 0.0, 1.0, 0.0];[0.554468879561556, -0.30485590015447883, -12.893249575436244, -3.3306690738754696e-16, -0.7776749063350874, -10.395563697368244, -14.358261130712428, -14.0, -0.9800469428501009, -0.8546475129173615, 0.0, -0.8319896345913951, -0.41531237648647124, 0.0, -0.17958288351160778];59.85738449997734;21.44173590000719
133;[nan, nan, nan];False;False;[1.0, 6.4147270611201295, 1.1284089361137661, 0.0, 2.0, 10.119970325253929, 0.3345558563734695, 0.3989046703467095, 13472.182642564774, 11248.818413991436, 11747.551059222475, 0.0, 3.0, 0.0, 0.025, 0.02457804007512089, 0.3333333333333333, 0.3333333333333333, 0.04632789632973056, 0.3333333333333333, 0.3333333333333333, 0.0406162097416343, 0.6647865452995523, 0.3307878043749449, 0.08738626217531295, 0.29561621521295167, 0.2929988103916871, 0.023219995403554683, 0.3935588453909062, 0.11375440634430298, 0.0353510153637578, 0.3333333333333333, 0.3333333333333333, 0.0, 1.0, 1.0, 0.03338882131363758, 0.16648349643033752, 43.0, 1.0, 1.0];[nan, nan, nan, nan, nan, nan, nan, nan, nan, nan, nan, nan, nan, nan, nan];111.10077679995447;21.44173590000719
134;[24.45078375746924, 1231.517487663406, 118.41516436846447];True;False;[0.0, 7.25, 1.4500000000000002, 0.0, 0.0, 27.687444779298637, 0.5, 0.5, 8128.785060773309, 10500.0, 10500.0, 0.0, 3.0, 0.0, 0.025, 0.019871146538787826, 0.0, 0.0, 0.05, 0.5, 0.5, 0.05, 0.5, 0.5, 0.023392634062086137, 0.0, 0.0, 0.05, 0.5, 0.5, 0.05, 0.5, 0.5, 0.0, 0.0, 0.0, 0.030000000000000002, 0.255, 0.0, 0.0, 0.0];[0.31509430118469073, -1.4796329926767284, 16.086962723680955, 0.8218141066099209, -0.4, 12.687444779298637, -14.0, -14.0, -1.0, 0.0, 0.0, -1.0, 0.0, 0.0, 0.03601756960578517];5.890111499931663;21.44173590000719
135;[10.270843873842166, 2924.781253531656, 107.02214271166821];True;False;[1.0, 6.183208342220516, 1.3465612700748881, 0.0, 0.0, 33.51850462231827, 0.5, 0.5, 13992.380049867406, 10500.0, 10500.0, 1.0, 1.979395966656184, 0.0, 0.025, 0.07375668602344962, 0.0, 0.0, 0.05, 0.5, 0.5, 0.05, 0.5, 0.5, 0.08846721356340394, 0.0, 0.0, 0.05, 0.5, 0.5, 0.05, 0.5, 0.5, 0.0, 0.0, 0.0, 0.030000000000000002, 0.255, 0.0, 0.0, 0.0];[-0.13623049413317379, -0.04786203661879318, 27.8741750715174, -2.220446049250313e-16, -0.4, 9.891926841512497, -14.0, -14.0, -1.0, 0.0, 0.0, -1.0, 0.0, 0.0, -0.21791135462255973];9.520215300028212;21.44173590000719
136;[11.957327366840161, 2389.5199497230847, 108.54473565696918];True;False;[1.0, 4.653699458913468, 1.7546941750673382, 0.0, 0.0, 20.545803694999133, 0.5, 0.5, 10129.47285606426, 10500.0, 10500.0, 0.0, 3.0, 0.0, 0.025, 0.0821693364171902, 0.0, 0.0, 0.05, 0.5, 0.5, 0.05, 0.5, 0.5, 0.0463383670669119, 0.0, 0.0, 0.05, 0.5, 0.5, 0.05, 0.5, 0.5, 0.0, 0.0, 0.0, 0.030000000000000002, 0.255, 0.0, 0.0, 0.0];[-0.39593813445056547, -0.33209429967079895, 4.961611813367632, -0.008967407877313316, -0.4, -3.290948937463323, -14.0, -14.0, -1.0, 0.0, 0.0, -1.0, 0.0, 0.0, -0.18266589312783094];5.3261621000710875;23.754854999948293
137;[nan, nan, nan];False;False;[1.0, 8.396251143929863, 1.8, 0.0, 1.0, 15.973230162659224, 0.26658133530630534, 0.5, 3564.161889257859, 10814.278906227531, 10500.0, 1.0, 4.478826170065848, 0.0, 0.025, 0.05040584907419862, 0.3226017301800301, 0.0, 0.04067322434114187, 0.7322103878781195, 0.0, 0.05, 0.5, 0.5, 0.06386570140587812, 0.5943130348145195, 0.0, 0.06717561437853559, 0.28352618078106984, 0.0, 0.05, 0.5, 0.5, 0.0, 0.0, 0.0, 0.030000000000000002, 0.255, 0.0, 1.0, 0.0];[nan, nan, nan, nan, nan, nan, nan, nan, nan, nan, nan, nan, nan, nan, nan];50.149843999999575;23.754854999948293
138;[nan, nan, nan];False;False;[0.0, 7.25, 1.4500000000000002, 0.0, 0.0, 8.33201214769432, 0.5, 0.5, 16466.74956279713, 10500.0, 10500.0, 0.0, 3.0, 0.0, 0.025, 0.0, 0.0, 0.0, 0.05, 0.5, 0.5, 0.05, 0.5, 0.5, 0.051995779077501386, 0.0, 0.0, 0.05, 0.5, 0.5, 0.05, 0.5, 0.5, 0.0, 0.0, 0.0, 0.030000000000000002, 0.255, 0.0, 0.0, 0.0];[nan, nan, nan, nan, nan, nan, nan, nan, nan, nan, nan, nan, nan, nan, nan];23.619715399923734;23.754854999948293
139;[26.522768246867965, 1119.1540120890988, 119.07995446480655];True;False;[0.0, 7.25, 1.4500000000000002, 0.0, 0.0, 19.47285266421958, 0.5, 0.5, 14108.76895641105, 10500.0, 10500.0, 0.0, 3.0, 0.0, 0.025, 0.0038867458840105757, 0.0, 0.0, 0.05, 0.5, 0.5, 0.05, 0.5, 0.5, 0.002726360595612585, 0.0, 0.0, 0.05, 0.5, 0.5, 0.05, 0.5, 0.5, 0.0, 0.0, 0.0, 0.030000000000000002, 0.255, 0.0, 0.0, 0.0];[0.24115777439223152, -1.4986790222522812, 3.138966156889694, 0.7930928523872256, -0.4, 4.47285266421958, -14.0, -14.0, -1.0, 0.0, 0.0, -1.0, 0.0, 0.0, 0.04437655685789499];5.51304039999377;23.754854999948293
140;[11.696889181721508, 2416.2631486050605, 108.21062306650171];True;False;[1.0, 5.265116165202535, 1.8, 0.0, 0.0, 18.652254031583535, 0.5, 0.5, 16230.066620143556, 10500.0, 10500.0, 0.0, 3.0, 0.0, 0.025, 0.009748482059989315, 0.0, 0.0, 0.05, 0.5, 0.5, 0.05, 0.5, 0.5, 0.08183705110023731, 0.0, 0.0, 0.05, 0.5, 0.5, 0.05, 0.5, 0.5, 0.0, 0.0, 0.0, 0.030000000000000002, 0.255, 0.0, 0.0, 0.0];[-0.42576408491685136, -0.30722840555275166, 2.2581428344853194, -0.14248708495743945, -0.4, -4.6376366491202585, -14.0, -14.0, -1.0, 0.0, 0.0, -1.0, 0.0, 0.0, -0.18647732313049664];5.423261299962178;23.754854999948293
141;[nan, nan, nan];False;False;[1.0, 5.106298761889519, 1.636258482065235, 0.0, 1.0, 34.807826235532325, 0.2595538805405121, 0.5, 6761.217417251104, 3681.9021954128075, 10500.0, 0.0, 3.0, 0.0, 0.025, 0.05272406571736378, 0.0452785346640638, 0.0, 0.029927186098182623, 0.33316574430155255, 0.0, 0.05, 0.5, 0.5, 0.026600981306453386, 0.020344252242301037, 0.0, 0.08197394192805058, 0.7834395337546503, 0.0, 0.05, 0.5, 0.5, 0.0, 0.0, 0.0, 0.030000000000000002, 0.255, 0.0, 0.0, 1.0];[nan, nan, nan, nan, nan, nan, nan, nan, nan, nan, nan, nan, nan, nan, nan];81.06858789990656;30.360983600025065
142;[12.14932280398494, 2341.541366789991, 108.00305521300866];True;False;[1.0, 4.652177789875495, 1.7603496056832693, 0.0, 0.0, 25.172677884016085, 0.5, 0.5, 9504.393902079739, 10500.0, 10500.0, 0.0, 3.0, 0.0, 0.025, 0.022112670862312268, 0.0, 0.0, 0.05, 0.5, 0.5, 0.05, 0.5, 0.5, 0.004414866703249832, 0.0, 0.0, 0.05, 0.5, 0.5, 0.05, 0.5, 0.5, 0.0, 0.0, 0.0, 0.030000000000000002, 0.255, 0.0, 0.0, 0.0];[-0.4769055345969031, -0.3864837503340417, 12.314464664846223, 0.0, -0.4, -0.700182621255248, -14.0, -14.0, -1.0, 0.0, 0.0, -1.0, 0.0, 0.0, -0.17513579890542197];5.696640599984676;30.360983600025065
143;[10.13733720512513, 3815.355319033072, 106.89208022290236];True;False;[1.0, 6.219361898217354, 1.3039077312984686, 0.0, 2.0, 21.675326690761263, 0.3402913180841043, 0.2175040485234241, 11084.411910289515, 8427.713836176688, 8848.825749699081, 0.0, 3.0, 0.0, 0.025, 0.047043303222715604, 0.611558901722171, 0.37612400764844056, 0.031732786801550235, 0.5432057191823023, 0.4033384526121814, 0.08127937235969884, 0.17885062682735992, 0.31033847691430566, 0.04013805215794958, 0.3333333333333333, 0.3333333333333333, 0.037399536775015556, 0.042723778422549145, 0.017005515278037814, 0.050633699044771475, 0.3333333333333333, 0.3333333333333333, 0.0, 0.0, 0.0, 0.030000000000000002, 0.255, 0.0, 0.0, 2.0];[0.8637082021407743, 0.04979696414525092, 9.124263348720937, -1.1102230246251565e-16, -0.5597086819158957, -11.471833665587862, -12.284957502262325, -13.264625913773266, -0.01231709062938846, -0.05345582820551631, -0.5108108962583344, -0.33333333333333337, -0.940270706299413, -0.33333333333333337, -0.2232449226103439];46.80066099995747;30.360983600025065
144;[nan, nan, nan];False;False;[1.0, 4.30227846974635, 1.5433189913166394, 0.0, 0.0, 1.1, 0.5, 0.5, 12451.30104047444, 10500.0, 10500.0, 0.0, 3.0, 0.0, 0.025, 0.05863321688514647, 0.0, 0.0, 0.05, 0.5, 0.5, 0.05, 0.5, 0.5, 0.07963477275856456, 0.0, 0.0, 0.05, 0.5, 0.5, 0.05, 0.5, 0.5, 0.0, 0.0, 0.0, 0.030000000000000002, 0.255, 0.0, 0.0, 0.0];[nan, nan, nan, nan, nan, nan, nan, nan, nan, nan, nan, nan, nan, nan, nan];103.65972680004779;30.360983600025065
145;[13.917524350567751, 2191.5860703253175, 107.72549540038605];True;False;[1.0, 2.9008660631459002, 1.7445031152514479, 0.0, 0.0, 29.57370524053115, 0.5, 0.5, 18795.275824554323, 10500.0, 10500.0, 0.0, 3.0, 0.0, 0.025, 0.0584628481334623, 0.0, 0.0, 0.05, 0.5, 0.5, 0.05, 0.5, 0.5, 0.04224071581097477, 0.0, 0.0, 0.05, 0.5, 0.5, 0.05, 0.5, 0.5, 0.0, 0.0, 0.0, 0.030000000000000002, 0.255, 0.0, 0.0, 0.0];[-0.3923211244772018, -0.5073919707846035, 20.283994956477073, 0.0, -0.4, 1.95250927440647, -14.0, -14.0, -1.0, 0.0, 0.0, -1.0, 0.0, 0.0, -0.15474128975987428];4.901060799951665;30.360983600025065
146;[9.637734949101265, 3550.8783447421747, 114.60756003402408];True;False;[1.0, 6.316767311212408, 1.5600216788831218, 0.0, 2.0, 16.777955493653252, 0.2972837720325724, 0.324964476899008, 19043.179755049267, 9707.456816869564, 6858.649961841821, 0.0, 3.0, 0.0, 0.025, 0.08648695611143487, 0.3333333333333333, 0.3333333333333333, 0.01610196101770791, 0.3333333333333333, 0.3333333333333333, 0.07836972529668801, 0.04536019462673183, 0.3965587090752228, 0.04892040574326059, 0.3333333333333333, 0.3333333333333333, 0.03792032260358389, 0.3333333333333333, 0.3333333333333333, 0.06578626490209281, 0.3333333333333333, 0.3333333333333333, 0.0, 0.0, 0.0, 0.030000000000000002, 0.255, 0.0, 1.0, 1.0];[0.7544709494681374, -0.008586663083304469, 1.048608381780248, -0.3742895477401357, -0.6027162279674276, -12.486157322736773, -13.021651438333333, -12.837443325377768, -0.33333333333333337, -0.33333333333333337, -0.5580810962980454, -0.33333333333333337, -0.33333333333333337, -0.33333333333333337, -0.2172375146818013];66.64119230001234;24.28310550004244
147;[14.907620180750339, 2375.259171690852, 108.41219758457729];True;False;[1.0, 3.3161985076680827, 1.8, 0.0, 0.0, 18.574283107633416, 0.5, 0.5, 12758.797107854603, 10500.0, 10500.0, 1.0, 2.829670402755505, 0.0, 0.025, 0.015615155864521252, 0.0, 0.0, 0.05, 0.5, 0.5, 0.05, 0.5, 0.5, 0.00907367477979991, 0.0, 0.0, 0.05, 0.5, 0.5, 0.05, 0.5, 0.5, 0.0, 0.0, 0.0, 0.030000000000000002, 0.255, 0.0, 0.0, 0.0];[-0.49606419387867184, -0.5227368872286879, 2.1503866695353935, 2.220446049250313e-16, -0.4, -4.680953829092546, -14.0, -14.0, -1.0, 0.0, 0.0, -1.0, 0.0, 0.0, -0.15298496032155257];6.880436299950816;24.28310550004244
148;[26.643787395870792, 1277.0264872221965, 118.27407670144447];True;False;[0.0, 7.25, 1.4500000000000002, 0.0, 1.0, 13.818401665115372, 0.3771215934761085, 0.5, 5072.181851228139, 17086.076998065604, 10500.0, 0.0, 3.0, 0.0, 0.025, 0.014003560357076781, 0.79853128126554, 0.0, 0.05415097435380043, 0.3517981009092057, 0.0, 0.05, 0.5, 0.5, 0.05680835787915069, 0.48728370691205086, 0.0, 0.011256590239081014, 0.6106013556138674, 0.0, 0.05, 0.5, 0.5, 0.0, 0.0, 0.0, 0.030000000000000002, 0.255, 0.0, 1.0, 0.0];[0.9457538174752678, -1.4150006787588185, -3.1964474925239443, 0.6515892765665388, -0.5228784065238915, -10.2226193770285, -12.107535958372013, -14.0, -0.20146871873446004, -0.6482018990907943, 0.0, -0.5127162930879492, -0.3893986443861326, 0.0, 0.02133694514569573];40.189137000008486;24.28310550004244
149;[10.242699075926208, 2981.175656379931, 108.0789626141263];True;False;[1.0, 6.122712017790712, 1.6609869070293413, 0.0, 1.0, 25.000381141024544, 0.23680463477645924, 0.5, 4327.230425258258, 12353.254916549166, 10500.0, 1.0, 1.982472549786541, 0.0, 0.025, 0.02763406879841375, 0.8804132782473342, 0.0, 0.03705551918598795, 0.22320370761192657, 0.0, 0.05, 0.5, 0.5, 0.025201890232146435, 0.8862407700313889, 0.0, 0.04705460552171051, 0.07670368377784431, 0.0, 0.05, 0.5, 0.5, 0.0, 1.0, 0.0, 0.03149258471499774, 0.3756329150728574, 27.0, 1.0, 0.0];[0.099875692483967, -0.15757938978726616, 12.977418692755204, -0.16662496621936573, -0.6631953652235407, -8.035130662683468, -12.83893690286508, -14.0, -0.11958672175266583, -0.7767962923880735, 0.0, -0.1137592299686111, -0.9232963162221557, 0.0, -0.06266228053717687];16.10932499996852;24.28310550004244
150;[nan, nan, nan];False;False;[0.0, 7.25, 1.4500000000000002, 0.0, 2.0, 21.224262415209903, 0.3011896828059799, 0.5366767158256492, 2881.1605217405977, 12109.075017549176, 10482.327336503222, 0.0, 3.0, 0.0, 0.025, 0.046248260444128324, 0.3333333333333333, 0.3333333333333333, 0.06031644615422943, 0.32860426069520154, 0.29027322770877345, 0.04212222999423731, 0.17686651055963826, 0.3143127290120944, 0.016204311069259358, 0.1645870998058259, 0.036597243211051934, 0.044025163409976635, 0.44123305918817024, 0.38523901961944695, 0.048815761446323366, 0.6781890440442866, 0.23615020485486357, 0.0, 0.0, 0.0, 0.030000000000000002, 0.255, 0.0, 2.0, 0.0];[nan, nan, nan, nan, nan, nan, nan, nan, nan, nan, nan, nan, nan, nan, nan];95.64093639992643;24.28310550004244
151;[10.419277861147599, 2983.8132016654454, 107.35258426494727];True;False;[1.0, 6.3316674793871215, 1.4253238873736915, 0.0, 1.0, 20.43447011087543, 0.2946075221909312, 0.5, 11120.819594419552, 13285.898699420155, 10500.0, 1.0, 1.8019248863232202, 0.0, 0.025, 0.037125659998931304, 0.6417590311373567, 0.0, 0.04156124668936244, 0.3771128423582211, 0.0, 0.05, 0.5, 0.5, 0.016946831624321906, 0.5548958970958715, 0.0, 0.08272725294773012, 0.4844138911258262, 0.0, 0.05, 0.5, 0.5, 0.0, 1.0, 0.0, 0.03139693223246109, 0.2634884241044689, 0.0, 1.0, 1.0];[0.18144867930468678, -0.09317366008737693, 6.127818561178632, 0.0, -0.6053924778090688, -9.141068712334157, -12.553014408790787, -14.0, -0.35824096886264334, -0.6228871576417789, 0.0, -0.4451041029041285, -0.5155861088741738, 0.0, -0.20100013746497247];22.19874040002469;27.15905269992072
152;[11.980537476885477, 2555.7272399325284, 107.45413149618022];True;False;[1.0, 4.835526097320626, 1.5348994598121153, 0.0, 0.0, 26.86409131739067, 0.5, 0.5, 16116.866684049126, 10500.0, 10500.0, 0.0, 3.0, 0.0, 0.025, 0.022409021464226492, 0.0, 0.0, 0.05, 0.5, 0.5, 0.05, 0.5, 0.5, 0.05088377208289072, 0.0, 0.0, 0.05, 0.5, 0.5, 0.05, 0.5, 0.5, 0.0, 0.0, 0.0, 0.030000000000000002, 0.255, 0.0, 0.0, 0.0];[-0.3598751764956898, -0.29363350373370745, 15.172751094232456, 0.0, -0.4, 2.5021830554810833, -14.0, -14.0, -1.0, 0.0, 0.0, -1.0, 0.0, 0.0, -0.18793521890850012];5.718329600058496;27.15905269992072
153;[24.127336497196517, 1256.9489867118177, 118.22269331856256];True;False;[0.0, 7.25, 1.4500000000000002, 0.0, 0.0, 28.4067467816608, 0.5, 0.5, 17124.83966315208, 10500.0, 10500.0, 0.0, 3.0, 0.0, 0.025, 0.0, 0.0, 0.0, 0.05, 0.5, 0.5, 0.05, 0.5, 0.5, 0.06303581637211213, 0.0, 0.0, 0.05, 0.5, 0.5, 0.05, 0.5, 0.5, 0.0, 0.0, 0.0, 0.030000000000000002, 0.255, 0.0, 0.0, 0.0];[0.3492874586635635, -1.4708248444328693, 17.370966142599542, 0.8104672743684476, -0.4, 13.4067467816608, -14.0, -14.0, -1.0, 0.0, 0.0, -1.0, 0.0, 0.0, 0.03223801780045232];4.7580621999222785;27.15905269992072
154;[13.3763742103589, 2290.230429614302, 107.55893214210602];True;False;[1.0, 3.279924876158641, 1.6733412686489408, 0.0, 0.0, 30.7647570140694, 0.5, 0.5, 10107.650326747504, 10500.0, 10500.0, 0.0, 3.0, 0.0, 0.025, 0.02122810777188205, 0.0, 0.0, 0.05, 0.5, 0.5, 0.05, 0.5, 0.5, 0.06701771302870833, 0.0, 0.0, 0.05, 0.5, 0.5, 0.05, 0.5, 0.5, 0.0, 0.0, 0.0, 0.030000000000000002, 0.255, 0.0, 0.0, 0.0];[-0.38420294742472993, -0.4559849953325119, 22.570359959538045, 0.0, -0.4, 3.3852257698209556, -14.0, -14.0, -1.0, 0.0, 0.0, -1.0, 0.0, 0.0, -0.1633503339653889];5.785032800049521;27.15905269992072
155;[nan, nan, nan];False;False;[0.0, 7.25, 1.4500000000000002, 0.0, 0.0, 5.961151126964943, 0.5, 0.5, 19002.16873258981, 10500.0, 10500.0, 0.0, 3.0, 0.0, 0.025, 0.02400291518702409, 0.0, 0.0, 0.05, 0.5, 0.5, 0.05, 0.5, 0.5, 0.009904126764996121, 0.0, 0.0, 0.05, 0.5, 0.5, 0.05, 0.5, 0.5, 0.0, 0.0, 0.0, 0.030000000000000002, 0.255, 0.0, 0.0, 0.0];[nan, nan, nan, nan, nan, nan, nan, nan, nan, nan, nan, nan, nan, nan, nan];32.82631070003845;27.15905269992072
156;[11.675423484170881, 2458.834856218393, 108.33130572648362];True;False;[1.0, 4.453236734215933, 1.7702305381265502, 0.0, 0.0, 22.844385344316258, 0.5, 0.5, 18053.492615525538, 10500.0, 10500.0, 0.0, 3.0, 0.0, 0.025, 0.0938359120025998, 0.0, 0.0, 0.05, 0.5, 0.5, 0.05, 0.5, 0.5, 0.08158359191798388, 0.0, 0.0, 0.05, 0.5, 0.5, 0.05, 0.5, 0.5, 0.0, 1.0, 0.0, 0.026996480098433445, 0.2393143163198251, 0.0, 0.0, 0.0];[-0.34693274047347966, -0.31581249817345647, 8.473087417362425, -0.06820833556488115, -0.4, -2.095248414089239, -14.0, -14.0, -1.0, 0.0, 0.0, -1.0, 0.0, 0.0, -0.2040683021734065];6.089134400011972;24.291728000040166
157;[nan, nan, nan];False;False;[1.0, 5.65737099898767, 1.769168961818122, 0.0, 0.0, 25.51531142207471, 0.5, 0.5, 7369.75541150794, 10500.0, 10500.0, 0.0, 3.0, 0.0, 0.025, 0.027096803671481113, 0.0, 0.0, 0.05, 0.5, 0.5, 0.05, 0.5, 0.5, 0.017643684832007938, 0.0, 0.0, 0.05, 0.5, 0.5, 0.05, 0.5, 0.5, 0.0, 1.0, 0.0, 0.029984776701170453, 0.2226850548202298, 6.0, 0.0, 0.0];[nan, nan, nan, nan, nan, nan, nan, nan, nan, nan, nan, nan, nan, nan, nan];19.433698699926026;24.291728000040166
158;[9.5549996056014, 3261.9879345637883, 110.01170974100323];True;False;[1.0, 5.990564039437116, 1.5367800115165504, 0.0, 1.0, 30.93486757209837, 0.5164619175628061, 0.5, 7069.8826425214975, 11127.822332017295, 10500.0, 1.0, 1.881780181833744, 0.0, 0.025, 0.060670811615059966, 0.36807081977706496, 0.0, 0.050369846527542055, 0.7812038383253828, 0.0, 0.05, 0.5, 0.5, 0.09249282933812175, 0.6535481707273855, 0.0, 0.0468748955710401, 0.6822828496440311, 0.0, 0.05, 0.5, 0.5, 0.0, 1.0, 0.0, 0.029558908272420227, 0.260724383593863, 24.0, 1.0, 1.0];[0.2952276747175837, -0.04084781820347949, 25.970995985753383, -0.24081245583978672, -0.3835380824371939, -10.658753269137124, -10.363160229420139, -14.0, -0.631929180222935, -0.21879616167461724, 0.0, -0.34645182927261453, -0.3177171503559689, 0.0, -0.20981588671135215];20.846585200051777;24.291728000040166
159;[11.018546673955383, 2724.9945535912116, 107.52366171974836];True;False;[1.0, 6.009148769101379, 1.5735794688184273, 0.0, 0.0, 28.170124979022546, 0.5, 0.5, 7550.588127833618, 10500.0, 10500.0, 0.0, 3.0, 0.0, 0.025, 0.008979839562606232, 0.0, 0.0, 0.05, 0.5, 0.5, 0.05, 0.5, 0.5, 0.0034751925951169316, 0.0, 0.0, 0.05, 0.5, 0.5, 0.05, 0.5, 0.5, 0.0, 1.0, 0.0, 0.021463053201581376, 0.19371538372025007, 21.0, 0.0, 0.0];[-0.4003186503794547, -0.2426229328635121, 17.26862164006468, 0.0, -0.4, 2.9019398366801212, -14.0, -14.0, -1.0, 0.0, 0.0, -1.0, 0.0, 0.0, -0.2685015583067554];6.284292500000447;24.291728000040166
160;[9.177473832040329, 3918.691527742533, 108.69353068276621];True;False;[1.0, 6.8900393108918605, 1.4222369701314788, 0.0, 2.0, 21.611916734861595, 0.37261880561321203, 0.5112828799322323, 8096.545232389951, 10906.263308729995, 10060.196361473847, 0.0, 3.0, 0.0, 0.025, 0.03922751266987434, 0.3333333333333333, 0.3333333333333333, 0.05216143736900452, 0.5333021982949531, 0.27186379072190586, 0.05000738916452653, 0.5459352292154984, 0.4395668376461595, 0.0525256464572063, 0.08862260812158727, 0.32425790873338856, 0.07233594125932451, 0.5813782196529036, 0.25121456036455486, 0.0548408202015476, 0.5535585687018459, 0.3738176783353913, 0.0, 0.0, 0.0, 0.030000000000000002, 0.255, 0.0, 0.0, 1.0];[0.8355564940666502, 0.07160143661138285, 8.293498864124892, -0.1921676817835769, -0.527381194386788, -13.975569790397783, -11.712080076877534, -10.488533745595223, -0.33333333333333337, -0.19483401098314101, -0.014497933138342134, -0.5871194831450242, -0.1674072199825416, -0.07262375296276269, -0.22580523833103122];42.50141220004298;24.291728000040166
161;[nan, nan, nan];False;False;[1.0, 7.478745079250651, 1.8, 0.0, 0.0, 18.43703311497373, 0.5, 0.5, 2401.4597547182348, 10500.0, 10500.0, 1.0, 3.446853084903213, 0.0, 0.025, 0.04896645426825334, 0.0, 0.0, 0.05, 0.5, 0.5, 0.05, 0.5, 0.5, 0.04702603931735542, 0.0, 0.0, 0.05, 0.5, 0.5, 0.05, 0.5, 0.5, 0.0, 1.0, 0.0, 0.023411834621233987, 0.20897877124077358, 0.0, 0.0, 0.0];[nan, nan, nan, nan, nan, nan, nan, nan, nan, nan, nan, nan, nan, nan, nan];70.9606322000036;19.156329799909145
162;[nan, nan, nan];False;False;[0.0, 7.25, 1.4500000000000002, 0.0, 0.0, 3.239090604218524, 0.5, 0.5, 8851.637907822871, 10500.0, 10500.0, 0.0, 3.0, 0.0, 0.025, 0.056143134485515805, 0.0, 0.0, 0.05, 0.5, 0.5, 0.05, 0.5, 0.5, 0.035658363506201135, 0.0, 0.0, 0.05, 0.5, 0.5, 0.05, 0.5, 0.5, 0.0, 0.0, 0.0, 0.030000000000000002, 0.255, 0.0, 0.0, 0.0];[nan, nan, nan, nan, nan, nan, nan, nan, nan, nan, nan, nan, nan, nan, nan];32.534276899998076;19.156329799909145
163;[nan, nan, nan];False;False;[0.0, 7.25, 1.4500000000000002, 0.0, 1.0, 16.876115925181946, 0.1463308309843812, 0.5, 17943.514008249334, 14466.765931293066, 10500.0, 0.0, 3.0, 0.0, 0.025, 0.07164885608674623, 0.5726194040916449, 0.0, 0.014831957771346663, 0.40559000281192337, 0.0, 0.05, 0.5, 0.5, 0.04586142463987546, 0.3213614547151972, 0.0, 0.06535601799974818, 0.39782122937830855, 0.0, 0.05, 0.5, 0.5, 0.0, 0.0, 0.0, 0.030000000000000002, 0.255, 0.0, 1.0, 1.0];[nan, nan, nan, nan, nan, nan, nan, nan, nan, nan, nan, nan, nan, nan, nan];53.29250860004686;19.156329799909145
164;[20.618791684157415, 2010.6694617630526, 115.8336333350019];True;False;[0.0, 7.25, 1.4500000000000002, 0.0, 2.0, 47.06825626668232, 0.7504159823215323, 0.29731956979820595, 15055.237489957217, 12213.220011551644, 8851.765907489858, 0.0, 3.0, 0.0, 0.025, 0.00942139660977192, 0.4921329996432856, 0.14475401163109972, 0.07307986201124202, 0.0, 0.8305253086489833, 0.017260571844849908, 0.3333333333333333, 0.3333333333333333, 0.03020631394606987, 0.06952277660624834, 0.5627042303328174, 0.027154306274632386, 0.3333333333333333, 0.3333333333333333, 0.03914164353878505, 0.22558955933678684, 0.6063501174886923, 0.0, 0.0, 0.0, 0.030000000000000002, 0.255, 0.0, 1.0, 1.0];[1.889049593775967, -1.293289673019167, 78.87021659130667, 0.6683282707369225, -0.14958401767846774, -11.389427779090227, -11.389427779090228, -11.389427779090228, -0.3631129887256147, -0.16947469135101667, -0.33333333333333337, -0.36777299306093436, -0.33333333333333337, -0.1680603231745209, -0.011198046078375212];38.11096710001584;19.156329799909145
165;[9.882298235807008, 2781.0351007325103, 106.45258517978763];True;False;[1.0, 8.245609914897678, 1.3281440672467297, 0.0, 0.0, 32.334335885564364, 0.5, 0.5, 2715.0885030040563, 10500.0, 10500.0, 1.0, 2.1283642226970594, 0.0, 0.025, 0.003751119648712279, 0.0, 0.0, 0.05, 0.5, 0.5, 0.05, 0.5, 0.5, 0.001998779874069548, 0.0, 0.0, 0.05, 0.5, 0.5, 0.05, 0.5, 0.5, 0.0, 0.0, 0.0, 0.030000000000000002, 0.255, 0.0, 0.0, 0.0];[-0.21290365519692056, -9.332958685881465e-07, 25.409017931813167, -3.1086244689504383e-15, -0.4, 9.345503385482957, -14.0, -14.0, -1.0, 0.0, 0.0, -1.0, 0.0, 0.0, -0.22376741446294168];19.269853899953887;19.156329799909145
166;[nan, nan, nan];False;False;[0.0, 7.25, 1.4500000000000002, 0.0, 0.0, 19.162145271525276, 0.5, 0.5, 17559.642798241173, 10500.0, 10500.0, 0.0, 3.0, 0.0, 0.025, 0.07335915119105987, 0.0, 0.0, 0.05, 0.5, 0.5, 0.05, 0.5, 0.5, 0.05106788982584311, 0.0, 0.0, 0.05, 0.5, 0.5, 0.05, 0.5, 0.5, 0.0, 0.0, 0.0, 0.030000000000000002, 0.255, 0.0, 0.0, 0.0];[nan, nan, nan, nan, nan, nan, nan, nan, nan, nan, nan, nan, nan, nan, nan];27.02816129999701;28.25451590004377
167;[14.83652720380397, 2269.4009861621053, 109.87496704080166];True;True;[1.0, 4.7056391240997835, 1.5117984728911718, 0.0, 0.0, 8.655854162129136, 0.5, 0.5, 5091.494008777716, 10500.0, 10500.0, 0.0, 3.0, 0.0, 0.025, 0.05062883924354327, 0.0, 0.0, 0.05, 0.5, 0.5, 0.05, 0.5, 0.5, 0.05942374495591667, 0.0, 0.0, 0.05, 0.5, 0.5, 0.05, 0.5, 0.5, 0.0, 0.0, 0.0, 0.030000000000000002, 0.255, 0.0, 0.0, 0.0];[-0.2997667264731243, -0.26341587356603435, -9.12326897554518, -1.1102230246251565e-16, -0.4, -9.27446560018305, -14.0, -14.0, -1.0, 0.0, 0.0, -1.0, 0.0, 0.0, -0.19173215111399167];17.836126400041394;28.25451590004377
168;[nan, nan, nan];False;False;[1.0, 6.756373957226809, 1.7149547403806555, 0.0, 2.0, 30.379714319674942, 0.5827606089699086, 0.40261123820427314, 13837.225655103262, 6797.915905862746, 9206.548588177899, 1.0, 4.162910133661669, 0.0, 0.025, 0.0877956520291777, 0.8308186543737216, 0.11105384001519623, 0.07833447956679684, 0.3333333333333333, 0.3333333333333333, 0.07610333199449919, 0.1549566609146861, 0.6062994994165286, 0.08167909598728801, 0.16316556273788524, 0.4488950508667619, 0.07576291164192012, 0.7124657727149226, 0.25255345267432305, 0.07854350048615205, 0.19596016759972315, 0.22280716694400718, 0.0, 1.0, 0.0, 0.021419695157981727, 0.31409765452483285, 50.0, 2.0, 0.0];[nan, nan, nan, nan, nan, nan, nan, nan, nan, nan, nan, nan, nan, nan, nan];126.95378740003798;28.25451590004377
169;[10.934566651677711, 3392.8204892884823, 106.61302320320044];True;False;[1.0, 7.047665547944938, 1.2517687779779614, 0.0, 0.0, 27.579004590289983, 0.5, 0.5, 14945.326422724636, 10500.0, 10500.0, 0.0, 3.0, 0.0, 0.025, 0.0633159509703323, 0.0, 0.0, 0.05, 0.5, 0.5, 0.05, 0.5, 0.5, 0.049228503502186965, 0.0, 0.0, 0.05, 0.5, 0.5, 0.05, 0.5, 0.5, 0.0, 0.0, 0.0, 0.030000000000000002, 0.255, 0.0, 0.0, 0.0];[-0.06984219590275131, 0.04771690436888543, 16.235008286864904, 2.220446049250313e-16, -0.4, 7.032027859681559, -14.0, -14.0, -1.0, 0.0, 0.0, -1.0, 0.0, 0.0, -0.2281814985731494];33.281142799998634;28.25451590004377
170;[26.10614372531741, 1290.9247168839338, 118.28355532052224];True;False;[0.0, 7.25, 1.4500000000000002, 0.0, 1.0, 15.73333184358112, 0.6832482303594676, 0.5, 5490.125282880099, 15799.534577427909, 10500.0, 0.0, 3.0, 0.0, 0.025, 0.003146667412755682, 0.21910743468151864, 0.0, 0.018823575890423962, 0.6555999775263479, 0.0, 0.05, 0.5, 0.5, 0.05450916704421697, 0.21376543592497885, 0.0, 0.04725804690045111, 0.38920201123314674, 0.0, 0.05, 0.5, 0.5, 0.0, 0.0, 0.0, 0.030000000000000002, 0.255, 0.0, 1.0, 0.0];[0.9188710974867487, -1.4214427495012691, -0.7525428806204157, 0.6843496229999431, -0.21675176964053244, -12.299273420682718, -9.174407744911978, -14.0, -0.7808925653184814, -0.3444000224736521, 0.0, -0.7862345640750211, -0.6107979887668533, 0.0, 0.02392326891385632];20.131244299933314;28.25451590004377
171;[12.879394661246762, 2756.687287777202, 108.16449178856912];True;False;[1.0, 5.354341774581467, 1.458646811311069, 0.0, 1.0, 15.505750694343488, 0.41226358982900624, 0.5, 4406.08419363774, 8231.399211994638, 10500.0, 0.0, 3.0, 0.0, 0.025, 0.039065191993020484, 0.4167901642279421, 0.0, 0.0001826912937823653, 0.5412274885368246, 0.0, 0.05, 0.5, 0.5, 0.005175512963546924, 0.27431482801422524, 0.0, 0.023804086102359276, 0.8518896388712233, 0.0, 0.05, 0.5, 0.5, 0.0, 0.0, 0.0, 0.030000000000000002, 0.255, 0.0, 1.0, 1.0];[0.08489894178108859, -0.21581000510728954, -1.08154046422292, 2.220446049250313e-16, -0.4877364101709938, -11.107083103991567, -12.269340699876832, -14.0, -0.5832098357720579, -0.45877251146317544, 0.0, -0.7256851719857748, -0.14811036112877674, 0.0, -0.1955667469250107];23.69079350004904;26.285707999952137
172;[24.671536297228997, 1222.0282518677368, 118.39017988604874];True;False;[0.0, 7.25, 1.4500000000000002, 0.0, 0.0, 25.242551337445928, 0.5, 0.5, 6807.50924834879, 10500.0, 10500.0, 0.0, 3.0, 0.0, 0.025, 0.003645941138122232, 0.0, 0.0, 0.05, 0.5, 0.5, 0.05, 0.5, 0.5, 0.05771441029442157, 0.0, 0.0, 0.05, 0.5, 0.5, 0.05, 0.5, 0.5, 0.0, 0.0, 0.0, 0.030000000000000002, 0.255, 0.0, 0.0, 0.0];[0.33303448410614145, -1.4750116063425855, 11.904403484673665, 0.7997634945124825, -0.4, 10.242551337445928, -14.0, -14.0, -1.0, 0.0, 0.0, -1.0, 0.0, 0.0, 0.034027876943864444];5.602450200007297;26.285707999952137
173;[11.771155371474784, 2460.901704165714, 108.04754226141978];True;False;[1.0, 5.068441923380941, 1.6607001556703973, 0.0, 0.0, 23.031284784330403, 0.5, 0.5, 6659.6564244798965, 10500.0, 10500.0, 0.0, 3.0, 0.0, 0.025, 0.006262296248131793, 0.0, 0.0, 0.05, 0.5, 0.5, 0.05, 0.5, 0.5, 0.06133174026332419, 0.0, 0.0, 0.05, 0.5, 0.5, 0.05, 0.5, 0.5, 0.0, 0.0, 0.0, 0.030000000000000002, 0.255, 0.0, 0.0, 0.0];[-0.418220040311696, -0.3158407856422438, 8.760034850891834, -1.1102230246251565e-16, -0.4, -1.1315814864646345, -14.0, -14.0, -1.0, 0.0, 0.0, -1.0, 0.0, 0.0, -0.18518793513385684];5.433607299928553;26.285707999952137
174;[9.372436741628752, 3729.2789624102475, 110.83804052848413];True;False;[1.0, 5.598257689901345, 1.4424247716754064, 0.0, 2.0, 17.68871543104444, 0.6288745809011427, 0.6428430319443221, 12994.474478558539, 10811.704130358297, 15718.68519833341, 0.0, 3.0, 0.0, 0.025, 0.07578473957031151, 0.7312888584405381, 0.1529271196174759, 0.07338172559285486, 0.3333333333333333, 0.3333333333333333, 0.08269107547215937, 0.30635875841737026, 0.4064505803623245, 0.09514121968401458, 0.3536551499288795, 0.4303266254204026, 0.09498738671783354, 0.5133128626588053, 0.43775859941075007, 0.07081157220109097, 0.2624234867858982, 0.3308193040833295, 0.0, 0.0, 0.0, 0.030000000000000002, 0.255, 0.0, 1.0, 0.0];[0.9590674107807153, 0.06425270147249007, 2.4982189099626275, -0.24230431998216373, -0.27112541909885735, -12.693955372501158, -12.693955372501158, -12.693955372501158, -0.11578402194198589, -0.33333333333333337, -0.28719066122030523, -0.21601822465071785, -0.048928537930444715, -0.4067572091307723, -0.2243118964262289];53.46338430000469;26.285707999952137
175;[9.771440489636035, 3168.9082818360725, 110.33457396223119];True;False;[1.0, 6.134089633376564, 1.6102171664885003, 0.0, 1.0, 22.748066462983886, 0.5027330321959441, 0.5, 11423.830983097352, 13670.245685956597, 10500.0, 0.0, 3.0, 0.0, 0.025, 0.07805595862687927, 0.3316213001542081, 0.0, 0.08269209312129161, 0.7224308835261366, 0.0, 0.05, 0.5, 0.5, 0.027535504907895386, 0.25081751738817243, 0.0, 0.04171504522390546, 0.7456783940545929, 0.0, 0.05, 0.5, 0.5, 0.0, 0.0, 0.0, 0.030000000000000002, 0.255, 0.0, 0.0, 1.0];[0.17590445702515378, -0.1082668418915751, 10.18846546725704, -0.2744718764472246, -0.3972669678040559, -11.261855262771428, -11.220764779866196, -14.0, -0.6683786998457919, -0.2775691164738634, 0.0, -0.7491824826118276, -0.2543216059454071, 0.0, -0.20881984006271398];25.42500020004809;26.285707999952137
176;[26.993701529817326, 1103.1351097130616, 119.14432470183158];True;False;[0.0, 7.25, 1.4500000000000002, 0.0, 0.0, 17.660769776665735, 0.5, 0.5, 10463.283995568934, 10500.0, 10500.0, 0.0, 3.0, 0.0, 0.025, 0.0003959197813098005, 0.0, 0.0, 0.05, 0.5, 0.5, 0.05, 0.5, 0.5, 0.009299727657382816, 0.0, 0.0, 0.05, 0.5, 0.5, 0.05, 0.5, 0.5, 0.0, 0.0, 0.0, 0.030000000000000002, 0.255, 0.0, 0.0, 0.0];[0.24586144001567067, -1.4974673592426158, 0.7042739572168539, 0.7724340206634295, -0.4, 2.6607697766657346, -14.0, -14.0, -1.0, 0.0, 0.0, -1.0, 0.0, 0.0, 0.04383702039458626];5.6697516000131145;25.585134799941443
177;[nan, nan, nan];False;False;[1.0, 6.629471838947766, 1.7665269885492632, 0.0, 0.0, 23.330952901903892, 0.5, 0.5, 1434.6616250338116, 10500.0, 10500.0, 1.0, 1.3834651072090183, 0.0, 0.025, 0.02485036514582927, 0.0, 0.0, 0.05, 0.5, 0.5, 0.05, 0.5, 0.5, 0.009118578398349387, 0.0, 0.0, 0.05, 0.5, 0.5, 0.05, 0.5, 0.5, 0.0, 0.0, 0.0, 0.030000000000000002, 0.255, 0.0, 0.0, 0.0];[nan, nan, nan, nan, nan, nan, nan, nan, nan, nan, nan, nan, nan, nan, nan];54.04883250000421;25.585134799941443
178;[23.337393530356493, 1336.1892834592763, 117.48753745875828];True;False;[0.0, 7.25, 1.4500000000000002, 0.0, 0.0, 27.199659565180003, 0.5, 0.5, 7871.72882187684, 10500.0, 10500.0, 0.0, 3.0, 0.0, 0.025, 0.09069741969577227, 0.0, 0.0, 0.05, 0.5, 0.5, 0.05, 0.5, 0.5, 0.0718745972881981, 0.0, 0.0, 0.05, 0.5, 0.5, 0.05, 0.5, 0.5, 0.0, 0.0, 0.0, 0.030000000000000002, 0.255, 0.0, 0.0, 0.0];[0.4993923001409808, -1.4321578773160932, 15.230091767937829, 0.7386147318105536, -0.4, 12.199659565180003, -14.0, -14.0, -1.0, 0.0, 0.0, -1.0, 0.0, 0.0, 0.016257774904142153];5.159339999896474;25.585134799941443
179;[12.037247443611774, 2805.1217838979446, 107.68374818741712];True;False;[1.0, 5.160880280991719, 1.454144138942911, 0.0, 1.0, 16.46628765377128, 0.15629582128908515, 0.5, 8629.182622506913, 10563.465488283335, 10500.0, 0.0, 3.0, 0.0, 0.025, 0.03489079286012694, 0.4115803518918039, 0.0, 0.07160780536870388, 0.6159229321181263, 0.0, 0.05, 0.5, 0.5, 0.02048201847560854, 0.8697245956423186, 0.0, 0.04090381721853528, 0.25207098790484794, 0.0, 0.05, 0.5, 0.5, 0.0, 0.0, 0.0, 0.030000000000000002, 0.255, 0.0, 1.0, 1.0];[0.13011592789060877, -0.20119688332249241, -0.1916832697644022, 0.0, -0.7437041787109149, -7.181642284036494, -13.551652734237473, -14.0, -0.588419648108196, -0.3840770678818737, 0.0, -0.13027540435768137, -0.7479290120951521, 0.0, -0.1972167021785966];19.54638519999571;25.585134799941443
180;[23.91463287284892, 1272.841457962358, 118.13145786398147];True;False;[0.0, 7.25, 1.4500000000000002, 0.0, 0.0, 29.48723377008415, 0.5, 0.5, 16038.541108134232, 10500.0, 10500.0, 0.0, 3.0, 0.0, 0.025, 0.06531066012678209, 0.0, 0.0, 0.05, 0.5, 0.5, 0.05, 0.5, 0.5, 0.0031214553631781616, 0.0, 0.0, 0.05, 0.5, 0.5, 0.05, 0.5, 0.5, 0.0, 0.0, 0.0, 0.030000000000000002, 0.255, 0.0, 0.0, 0.0];[0.3622480491957347, -1.4674861997696547, 19.345591010805087, 0.8100312993071246, -0.4, 14.48723377008415, -14.0, -14.0, -1.0, 0.0, 0.0, -1.0, 0.0, 0.0, 0.030819307988742106];5.669551300001331;25.585134799941443
181;[9.561294156743333, 2688.3742701000333, 107.33880063289914];True;False;[1.0, 8.165436644290416, 1.434770974284481, 0.0, 0.0, 23.034498278882648, 0.5, 0.5, 3171.4928963325247, 10500.0, 10500.0, 1.0, 2.281940610462115, 0.0, 0.025, 0.06023011504138977, 0.0, 0.0, 0.05, 0.5, 0.5, 0.05, 0.5, 0.5, 0.038107748540436644, 0.0, 0.0, 0.05, 0.5, 0.5, 0.05, 0.5, 0.5, 0.0, 0.0, 0.0, 0.030000000000000002, 0.255, 0.0, 0.0, 0.0];[-0.2537825892877965, -0.03297397423983517, 8.690139095763321, -0.05606994004322219, -0.4, 1.0544774683429416, -14.0, -14.0, -1.0, 0.0, 0.0, -1.0, 0.0, 0.0, -0.22029946661299127];10.761443699942902;25.682018099934794
182;[nan, nan, nan];False;False;[1.0, 3.6668038627477, 1.7315463838032192, 0.0, 0.0, 44.73419857277961, 0.5, 0.5, 11910.226213909868, 10500.0, 10500.0, 0.0, 3.0, 0.0, 0.025, 0.0015580079048083705, 0.0, 0.0, 0.05, 0.5, 0.5, 0.05, 0.5, 0.5, 0.025196318557441255, 0.0, 0.0, 0.05, 0.5, 0.5, 0.05, 0.5, 0.5, 0.0, 0.0, 0.0, 0.030000000000000002, 0.255, 0.0, 0.0, 0.0];[nan, nan, nan, nan, nan, nan, nan, nan, nan, nan, nan, nan, nan, nan, nan];21.839642299921252;25.682018099934794
183;[13.732774417777714, 2262.914450058015, 107.90998497421273];True;False;[1.0, 3.90299307216614, 1.592676198473338, 0.0, 0.0, 20.996392845788005, 0.5, 0.5, 9247.926320796378, 10500.0, 10500.0, 0.0, 3.0, 0.0, 0.025, 0.06635790011133748, 0.0, 0.0, 0.05, 0.5, 0.5, 0.05, 0.5, 0.5, 0.0003035928244905409, 0.0, 0.0, 0.05, 0.5, 0.5, 0.05, 0.5, 0.5, 0.0, 0.0, 0.0, 0.030000000000000002, 0.255, 0.0, 0.0, 0.0];[-0.40179986184228156, -0.4016254589908339, 5.604140023721019, 0.0, -0.4, -1.816910514570301, -14.0, -14.0, -1.0, 0.0, 0.0, -1.0, 0.0, 0.0, -0.17220578723424707];6.679843700025231;25.682018099934794
184;[14.544711188212696, 2334.9701513708674, 107.57090051926535];True;False;[1.0, 3.669216178579381, 1.4501672859414414, 0.0, 0.0, 22.670520101445927, 0.5, 0.5, 4124.250045995497, 10500.0, 10500.0, 0.0, 3.0, 0.0, 0.025, 0.013708494057222995, 0.0, 0.0, 0.05, 0.5, 0.5, 0.05, 0.5, 0.5, 0.04642368088375445, 0.0, 0.0, 0.05, 0.5, 0.5, 0.05, 0.5, 0.5, 0.0, 0.0, 0.0, 0.030000000000000002, 0.255, 0.0, 0.0, 0.0];[-0.33321232527943145, -0.3806281610118192, 8.122922277764282, 0.0, -0.4, 0.6330378717158407, -14.0, -14.0, -1.0, 0.0, 0.0, -1.0, 0.0, 0.0, -0.17491816021505457];6.321959600085393;25.682018099934794
185;[25.837184232162667, 1195.9304741324177, 118.11696167990854];True;False;[0.0, 7.25, 1.4500000000000002, 0.0, 0.0, 16.00940981553468, 0.5, 0.5, 15407.725157959609, 10500.0, 10500.0, 0.0, 3.0, 0.0, 0.025, 0.07577362458143592, 0.0, 0.0, 0.05, 0.5, 0.5, 0.05, 0.5, 0.5, 0.0764635770370265, 0.0, 0.0, 0.05, 0.5, 0.5, 0.05, 0.5, 0.5, 0.0, 0.0, 0.0, 0.030000000000000002, 0.255, 0.0, 0.0, 0.0];[0.45621417826696664, -1.4432805499909678, -1.3823713766971455, 0.674721724766459, -0.4, 1.0094098155346813, -14.0, -14.0, -1.0, 0.0, 0.0, -1.0, 0.0, 0.0, 0.020755369302095428];9.137490900000557;25.682018099934794
186;[11.929998595681258, 2464.480237351703, 107.79298178624066];True;False;[1.0, 3.9215835624330753, 1.718157334567051, 0.0, 0.0, 34.2472650501008, 0.5, 0.5, 1103.3906091320366, 10500.0, 10500.0, 0.0, 3.0, 0.0, 0.025, 0.03794511463985965, 0.0, 0.0, 0.05, 0.5, 0.5, 0.05, 0.5, 0.5, 0.06859768658609507, 0.0, 0.0, 0.05, 0.5, 0.5, 0.05, 0.5, 0.5, 0.0, 0.0, 0.0, 0.030000000000000002, 0.255, 0.0, 0.0, 0.0];[-0.3713296575828018, -0.3799734546157554, 29.79801547806229, -1.1102230246251565e-16, -0.4, 4.932554697460567, -14.0, -14.0, -1.0, 0.0, 0.0, -1.0, 0.0, 0.0, -0.17531435701885156];6.21415880008135;27.11512590001803
187;[22.46262676249757, 1409.6587954996808, 117.29151967993256];True;False;[0.0, 7.25, 1.4500000000000002, 0.0, 0.0, 36.358305857573704, 0.5, 0.5, 11264.266945141504, 10500.0, 10500.0, 0.0, 3.0, 0.0, 0.025, 0.05767475067852981, 0.0, 0.0, 0.05, 0.5, 0.5, 0.05, 0.5, 0.5, 0.07543255570970947, 0.0, 0.0, 0.05, 0.5, 0.5, 0.05, 0.5, 0.5, 0.0, 0.0, 0.0, 0.030000000000000002, 0.255, 0.0, 0.0, 0.0];[0.5044348675275216, -1.4308589133026781, 33.204420289297026, 0.7712800443038277, -0.4, 21.358305857573704, -14.0, -14.0, -1.0, 0.0, 0.0, -1.0, 0.0, 0.0, 0.015737583376492337];6.169072499964386;27.11512590001803
188;[23.000450320225358, 1366.8493142860225, 117.30156300618378];True;False;[0.0, 7.25, 1.4500000000000002, 0.0, 0.0, 28.633089364640252, 0.5, 0.5, 18277.103382189605, 10500.0, 10500.0, 0.0, 3.0, 0.0, 0.025, 0.088779222334716, 0.0, 0.0, 0.05, 0.5, 0.5, 0.05, 0.5, 0.5, 0.08731178956360407, 0.0, 0.0, 0.05, 0.5, 0.5, 0.05, 0.5, 0.5, 0.0, 0.0, 0.0, 0.030000000000000002, 0.255, 0.0, 0.0, 0.0];[0.529797003037122, -1.4243256339619954, 17.78004863403337, 0.7319116611966627, -0.4, 13.633089364640252, -14.0, -14.0, -1.0, 0.0, 0.0, -1.0, 0.0, 0.0, 0.013137039762288971];5.526362599921413;27.11512590001803
189;[14.658679630301483, 2125.293556613482, 107.8730337434417];True;False;[1.0, 2.781988927954955, 1.7030582189095298, 0.0, 0.0, 25.108424876841923, 0.5, 0.5, 11055.881766998182, 10500.0, 10500.0, 0.0, 3.0, 0.0, 0.025, 0.056157162339012724, 0.0, 0.0, 0.05, 0.5, 0.5, 0.05, 0.5, 0.5, 0.04919202964354404, 0.0, 0.0, 0.05, 0.5, 0.5, 0.05, 0.5, 0.5, 0.0, 1.0, 0.0, 0.028035893570454974, 0.2588457610401407, 0.0, 0.0, 0.0];[-0.3874644011734345, -0.5200845993687131, 12.176744100656808, 0.0, -0.4, -0.25686051242635877, -14.0, -14.0, -1.0, 0.0, 0.0, -1.0, 0.0, 0.0, -0.14724555604606349];6.698895899928175;27.11512590001803
190;[13.95851881740255, 2185.4941033081905, 107.81483030600418];True;False;[1.0, 3.7131907852938992, 1.6658399547512195, 0.0, 0.0, 22.922714786412026, 0.5, 0.5, 8590.658542420742, 10500.0, 10500.0, 0.0, 3.0, 0.0, 0.025, 0.01296575319701726, 0.0, 0.0, 0.05, 0.5, 0.5, 0.05, 0.5, 0.5, 0.011131501811163041, 0.0, 0.0, 0.05, 0.5, 0.5, 0.05, 0.5, 0.5, 0.0, 0.0, 0.0, 0.030000000000000002, 0.255, 0.0, 0.0, 0.0];[-0.455800145545191, -0.4552652374923971, 8.588468459417765, 0.0, -0.4, -1.239545569168822, -14.0, -14.0, -1.0, 0.0, 0.0, -1.0, 0.0, 0.0, -0.1640639379657619];6.451438500080258;27.11512590001803
191;[12.254650569287714, 2480.101472110734, 107.60529399022045];True;False;[1.0, 4.4613874362777635, 1.5828833468926933, 0.0, 0.0, 26.65438460817838, 0.5, 0.5, 1779.7310634921141, 10500.0, 10500.0, 0.0, 3.0, 0.0, 0.025, 0.08060930177719612, 0.0, 0.0, 0.05, 0.5, 0.5, 0.05, 0.5, 0.5, 0.003118935726759416, 0.0, 0.0, 0.05, 0.5, 0.5, 0.05, 0.5, 0.5, 0.0, 1.0, 0.0, 0.021868094076853906, 0.09934172634861178, 8.0, 0.0, 0.0];[-0.3711693187369969, -0.33125979396067695, 14.774192478152145, 0.0, -0.4, 1.8391338884844117, -14.0, -14.0, -1.0, 0.0, 0.0, -1.0, 0.0, 0.0, -0.3763505363464777];6.038888299954124;27.04883909993805
192;[nan, nan, nan];False;False;[1.0, 8.976810834494877, 1.7981276557106596, 0.0, 0.0, 15.01584357345129, 0.5, 0.5, 1709.1994895871258, 10500.0, 10500.0, 1.0, 2.775047622375041, 0.0, 0.025, 0.020424944195988712, 0.0, 0.0, 0.05, 0.5, 0.5, 0.05, 0.5, 0.5, 0.03660379206208966, 0.0, 0.0, 0.05, 0.5, 0.5, 0.05, 0.5, 0.5, 0.0, 0.0, 0.0, 0.030000000000000002, 0.255, 0.0, 0.0, 0.0];[nan, nan, nan, nan, nan, nan, nan, nan, nan, nan, nan, nan, nan, nan, nan];51.7255571000278;27.04883909993805
193;[nan, nan, nan];False;False;[0.0, 7.25, 1.4500000000000002, 0.0, 1.0, 21.341935133969084, 0.4974831703520226, 0.5, 1920.2538201136865, 16429.174844745678, 10500.0, 0.0, 3.0, 0.0, 0.025, 0.0582006762589108, 0.8343525686451089, 0.0, 0.038070587582419435, 0.5496313884021422, 0.0, 0.05, 0.5, 0.5, 0.09439642331676068, 0.33192748342089884, 0.0, 0.08464006454507579, 0.3522283508181067, 0.0, 0.05, 0.5, 0.5, 0.0, 0.0, 0.0, 0.030000000000000002, 0.255, 0.0, 1.0, 1.0];[nan, nan, nan, nan, nan, nan, nan, nan, nan, nan, nan, nan, nan, nan, nan];54.16548209998291;27.04883909993805
194;[nan, nan, nan];False;False;[0.0, 7.25, 1.4500000000000002, 0.0, 2.0, 25.262845927808335, 0.8559457635043705, 0.5571539904660466, 2730.2558024832388, 19899.586838666037, 15539.464667616861, 0.0, 3.0, 0.0, 0.025, 0.09531509008926181, 0.28235798060262984, 0.6763329906148419, 0.04450945060356075, 0.5422561428308391, 0.4188733686540175, 0.06292853245697198, 0.46923253618331084, 0.3639997396997345, 0.09424129487707605, 0.4742803700667421, 0.3183592049415159, 0.09879957014492403, 0.40176289359324535, 0.2621510926440421, 0.07207536965789756, 0.09893935464308606, 0.25747085294583266, 0.0, 0.0, 0.0, 0.030000000000000002, 0.255, 0.0, 0.0, 2.0];[nan, nan, nan, nan, nan, nan, nan, nan, nan, nan, nan, nan, nan, nan, nan];86.9003415000625;27.04883909993805
195;[14.465399118336485, 2572.4572421287917, 107.08294251074324];True;False;[1.0, 3.1695635603103085, 1.3507888437519395, 0.0, 0.0, 33.12326354036513, 0.5, 0.5, 7063.620373814097, 10500.0, 10500.0, 0.0, 3.0, 0.0, 0.025, 0.025625618126504924, 0.0, 0.0, 0.05, 0.5, 0.5, 0.05, 0.5, 0.5, 0.08641109742389126, 0.0, 0.0, 0.05, 0.5, 0.5, 0.05, 0.5, 0.5, 0.0, 1.0, 0.0, 0.02199341873311177, 0.3109277153930689, 7.0, 0.0, 0.0];[-0.19258803590892537, -0.3483925798643681, 26.88533501603189, 0.0, -0.4, 9.52142219975865, -14.0, -14.0, -1.0, 0.0, 0.0, -1.0, 0.0, 0.0, -0.10826536390365205];7.332771999994293;27.04883909993805
196;[nan, nan, nan];False;False;[1.0, 6.57203181264596, 1.7299281699295705, 0.0, 0.0, 31.04655796024466, 0.5, 0.5, 6495.927243686243, 10500.0, 10500.0, 1.0, 2.6370496647237136, 0.0, 0.025, 0.020111644665555057, 0.0, 0.0, 0.05, 0.5, 0.5, 0.05, 0.5, 0.5, 0.05901234045764573, 0.0, 0.0, 0.05, 0.5, 0.5, 0.05, 0.5, 0.5, 0.0, 1.0, 0.0, 0.03411033125839834, 0.1918702345895698, 46.0, 0.0, 0.0];[nan, nan, nan, nan, nan, nan, nan, nan, nan, nan, nan, nan, nan, nan, nan];53.27116320002824;30.871893399977125
197;[nan, nan, nan];False;False;[1.0, 8.884289791094549, 1.7061516662748755, 0.0, 1.0, 19.15261149183686, 0.6947195587505004, 0.5, 16094.006705609001, 7080.753940000195, 10500.0, 1.0, 3.608747118770871, 0.0, 0.025, 0.0571372044104575, 0.7988187827657732, 0.0, 0.024475756139541352, 0.7617022159552833, 0.0, 0.05, 0.5, 0.5, 0.07779315238157104, 0.7666914514099444, 0.0, 0.0563945010016359, 0.754463398863993, 0.0, 0.05, 0.5, 0.5, 0.0, 0.0, 0.0, 0.030000000000000002, 0.255, 0.0, 1.0, 0.0];[nan, nan, nan, nan, nan, nan, nan, nan, nan, nan, nan, nan, nan, nan, nan];71.99317729996983;30.871893399977125
198;[nan, nan, nan];False;False;[1.0, 8.520675774710327, 1.712017812991173, 1.0, 0.0, 27.026134336366173, 0.5, 0.5, 4082.1417502851414, 10500.0, 10500.0, 1.0, 2.052661409043803, 0.0, 0.025, 0.02273788433302876, 0.0, 0.0, 0.05, 0.5, 0.5, 0.05, 0.5, 0.5, 0.01571369767056102, 0.0, 0.0, 0.05, 0.5, 0.5, 0.05, 0.5, 0.5, 0.0, 1.0, 0.0, 0.014898590952145921, 0.05502902143728393, 14.0, 0.0, 0.0];[nan, nan, nan, nan, nan, nan, nan, nan, nan, nan, nan, nan, nan, nan, nan];62.63515640003607;30.871893399977125
199;[nan, nan, nan];False;False;[1.0, 6.401595162899126, 1.8, 0.0, 0.0, 31.420359147267593, 0.5, 0.5, 3480.6071770000535, 10500.0, 10500.0, 1.0, 1.7807780240107798, 0.0, 0.025, 0.030217231100187952, 0.0, 0.0, 0.05, 0.5, 0.5, 0.05, 0.5, 0.5, 0.07297761652468142, 0.0, 0.0, 0.05, 0.5, 0.5, 0.05, 0.5, 0.5, 0.0, 1.0, 0.0, 0.029130304314573745, 0.20245280508157, 82.0, 0.0, 0.0];[nan, nan, nan, nan, nan, nan, nan, nan, nan, nan, nan, nan, nan, nan, nan];47.16534920001868;30.871893399977125
200;[nan, nan, nan];False;False;[1.0, 6.21938873427887, 1.486570508036479, 1.0, 0.0, 21.72217369899164, 0.5, 0.5, 7014.262050205653, 10500.0, 10500.0, 1.0, 2.945569139332152, 0.0, 0.025, 0.04450324835392957, 0.0, 0.0, 0.05, 0.5, 0.5, 0.05, 0.5, 0.5, 0.06718567133910176, 0.0, 0.0, 0.05, 0.5, 0.5, 0.05, 0.5, 0.5, 1.0, 1.0, 0.0, 0.03562884727282203, 0.2509877142665695, 0.0, 0.0, 0.0];[nan, nan, nan, nan, nan, nan, nan, nan, nan, nan, nan, nan, nan, nan, nan];64.62998560001142;30.871893399977125
201;[26.902973850715583, 1121.9220471307128, 118.86832309981452];True;False;[0.0, 7.25, 1.4500000000000002, 0.0, 0.0, 16.189873898682936, 0.5, 0.5, 7508.84186545693, 10500.0, 10500.0, 0.0, 3.0, 0.0, 0.025, 0.0, 0.0, 0.0, 0.05, 0.5, 0.5, 0.05, 0.5, 0.5, 0.05559425126059556, 0.0, 0.0, 0.05, 0.5, 0.5, 0.05, 0.5, 0.5, 0.0, 0.0, 0.0, 0.030000000000000002, 0.255, 0.0, 0.0, 0.0];[0.3131673249814355, -1.4801293812325753, -1.1604696290926118, 0.7299507542108679, -0.4, 1.1898738986829365, -14.0, -14.0, -1.0, 0.0, 0.0, -1.0, 0.0, 0.0, 0.036232166986558845];14.91377719992306;23.068230299977586
202;[24.898217302580395, 1218.6719515130455, 118.26468312637748];True;False;[0.0, 7.25, 1.4500000000000002, 0.0, 0.0, 22.095851922349265, 0.5, 0.5, 5628.939120087496, 10500.0, 10500.0, 0.0, 3.0, 0.0, 0.025, 0.06218519884485191, 0.0, 0.0, 0.05, 0.5, 0.5, 0.05, 0.5, 0.5, 0.03592409716134903, 0.0, 0.0, 0.05, 0.5, 0.5, 0.05, 0.5, 0.5, 0.0, 0.0, 0.0, 0.030000000000000002, 0.255, 0.0, 0.0, 0.0];[0.3768424288134584, -1.4637266914738982, 6.932248015884877, 0.7602196528320846, -0.4, 7.095851922349265, -14.0, -14.0, -1.0, 0.0, 0.0, -1.0, 0.0, 0.0, 0.02923078455328676];5.842053700005636;23.068230299977586
203;[14.582893567934306, 2120.227379154293, 107.79264224065477];True;False;[1.0, 2.6746937833267275, 1.7406256521371577, 0.0, 0.0, 27.436112926121954, 0.5, 0.5, 11449.410260895422, 10500.0, 10500.0, 0.0, 3.0, 0.0, 0.025, 0.03242918203958096, 0.0, 0.0, 0.05, 0.5, 0.5, 0.05, 0.5, 0.5, 0.06810525867536323, 0.0, 0.0, 0.05, 0.5, 0.5, 0.05, 0.5, 0.5, 0.0, 0.0, 0.0, 0.030000000000000002, 0.255, 0.0, 0.0, 0.0];[-0.39289435296780617, -0.5381038148577, 16.289378903378196, 0.0, -0.4, 0.7622133699084692, -14.0, -14.0, -1.0, 0.0, 0.0, -1.0, 0.0, 0.0, -0.14934599928058384];5.795983500080183;23.068230299977586
204;[24.343528301516628, 1236.82156670366, 118.4214355263702];True;False;[0.0, 7.25, 1.4500000000000002, 0.0, 0.0, 28.937534925810226, 0.5, 0.5, 14499.049172616307, 10500.0, 10500.0, 0.0, 3.0, 0.0, 0.025, 0.0018508830520472556, 0.0, 0.0, 0.05, 0.5, 0.5, 0.05, 0.5, 0.5, 0.03228614005395244, 0.0, 0.0, 0.05, 0.5, 0.5, 0.05, 0.5, 0.5, 0.0, 0.0, 0.0, 0.030000000000000002, 0.255, 0.0, 0.0, 0.0];[0.3077764408236261, -1.481518071553345, 18.33410551732247, 0.8317152760619009, -0.4, 13.937534925810226, -14.0, -14.0, -1.0, 0.0, 0.0, -1.0, 0.0, 0.0, 0.03683343568727648];5.313177100033499;23.068230299977586
205;[nan, nan, nan];False;False;[0.0, 7.25, 1.4500000000000002, 0.0, 1.0, 15.466196602099942, 0.20996434110718812, 0.5, 16620.579725702257, 12143.12976530893, 10500.0, 0.0, 3.0, 0.0, 0.025, 0.07365992152533156, 0.4556307197688224, 0.0, 0.016777500173491583, 0.7222527568386868, 0.0, 0.05, 0.5, 0.5, 0.06522181419132006, 0.4453975165195836, 0.0, 0.05361142714620474, 0.3733199474829982, 0.0, 0.05, 0.5, 0.5, 0.0, 0.0, 0.0, 0.030000000000000002, 0.255, 0.0, 0.0, 1.0];[nan, nan, nan, nan, nan, nan, nan, nan, nan, nan, nan, nan, nan, nan, nan];59.12789710005745;23.068230299977586
206;[nan, nan, nan];False;False;[1.0, 8.962628423785393, 1.5658918816765093, 0.0, 0.0, 21.02137155649112, 0.5, 0.5, 4663.140488572286, 10500.0, 10500.0, 1.0, 2.923871774248373, 0.0, 0.025, 0.050982988033236254, 0.0, 0.0, 0.05, 0.5, 0.5, 0.05, 0.5, 0.5, 0.09698446204460998, 0.0, 0.0, 0.05, 0.5, 0.5, 0.05, 0.5, 0.5, 0.0, 0.0, 0.0, 0.030000000000000002, 0.255, 0.0, 0.0, 0.0];[nan, nan, nan, nan, nan, nan, nan, nan, nan, nan, nan, nan, nan, nan, nan];33.536927800043486;25.825483400025405
207;[nan, nan, nan];False;False;[1.0, 7.27808312768248, 1.7494926279986514, 0.0, 0.0, 35.04940717464015, 0.5, 0.5, 1019.8186772358973, 10500.0, 10500.0, 1.0, 2.717142208439903, 0.0, 0.025, 0.02171622895922337, 0.0, 0.0, 0.05, 0.5, 0.5, 0.05, 0.5, 0.5, 0.008697743881475324, 0.0, 0.0, 0.05, 0.5, 0.5, 0.05, 0.5, 0.5, 1.0, 0.0, 0.0, 0.030000000000000002, 0.255, 0.0, 0.0, 0.0];[nan, nan, nan, nan, nan, nan, nan, nan, nan, nan, nan, nan, nan, nan, nan];46.54215530003421;25.825483400025405
208;[12.990477238435753, 2232.6854051345395, 109.00291950456841];True;True;[1.0, 4.064148998865756, 1.8, 0.0, 0.0, 16.391983644751942, 0.5, 0.5, 9413.753902543343, 10500.0, 10500.0, 0.0, 3.0, 0.0, 0.025, 0.0824110702619952, 0.0, 0.0, 0.05, 0.5, 0.5, 0.05, 0.5, 0.5, 0.07190849446629448, 0.0, 0.0, 0.05, 0.5, 0.5, 0.05, 0.5, 0.5, 0.0, 1.0, 0.0, 0.0291678681956778, 0.15586319562185924, 0.0, 0.0, 0.0];[-0.3907372526973525, -0.37919159993082285, -0.7495619419600015, 0.0, -0.4, -5.893342419582254, -14.0, -14.0, -1.0, 0.0, 0.0, -1.0, 0.0, 0.0, -0.3017079611019954];5.865637599956244;25.825483400025405
209;[nan, nan, nan];False;False;[0.0, 7.25, 1.4500000000000002, 0.0, 0.0, 3.3773075134161594, 0.5, 0.5, 6464.371115565984, 10500.0, 10500.0, 0.0, 3.0, 0.0, 0.025, 0.05795625448233761, 0.0, 0.0, 0.05, 0.5, 0.5, 0.05, 0.5, 0.5, 0.027919315578121957, 0.0, 0.0, 0.05, 0.5, 0.5, 0.05, 0.5, 0.5, 0.0, 0.0, 0.0, 0.030000000000000002, 0.255, 0.0, 0.0, 0.0];[nan, nan, nan, nan, nan, nan, nan, nan, nan, nan, nan, nan, nan, nan, nan];32.577496899990365;25.825483400025405
210;[10.724914069127108, 3531.3532747088743, 106.76604384253181];True;False;[1.0, 7.9820889015219745, 1.1909430417698923, 0.0, 1.0, 20.015570029844802, 0.3930826814166347, 0.5, 4927.893421540828, 9093.906539161948, 10500.0, 1.0, 3.794262159435429, 0.0, 0.025, 0.061237862295981486, 0.44753800070751903, 0.0, 0.03872617373776631, 0.758824207572137, 0.0, 0.05, 0.5, 0.5, 0.05394274736593087, 0.1768909489368887, 0.0, 0.04037361623863886, 0.4489945141112315, 0.0, 0.05, 0.5, 0.5, 0.0, 0.0, 0.0, 0.030000000000000002, 0.255, 0.0, 0.0, 1.0];[0.5536977674576207, 0.23472774143019848, 5.657875423901352, 3.1086244689504383e-15, -0.5069173185833653, -9.905972371986866, -11.70074657961045, -14.0, -0.552461999292481, -0.24117579242786302, 0.0, -0.8231090510631113, -0.5510054858887685, 0.0, -0.24389822092736557];30.069356000050902;25.825483400025405
211;[24.45898396539667, 1233.5346874429163, 118.36089645005427];True;False;[0.0, 7.25, 1.4500000000000002, 0.0, 0.0, 26.860226231895673, 0.5, 0.5, 19165.20504370431, 10500.0, 10500.0, 0.0, 3.0, 0.0, 0.025, 0.0, 0.0, 0.0, 0.05, 0.5, 0.5, 0.05, 0.5, 0.5, 0.054897295649106705, 0.0, 0.0, 0.05, 0.5, 0.5, 0.05, 0.5, 0.5, 0.0, 0.0, 0.0, 0.030000000000000002, 0.255, 0.0, 0.0, 0.0];[0.329928797945624, -1.4758116302689412, 14.640422942117613, 0.8106825661957815, -0.4, 11.860226231895673, -14.0, -14.0, -1.0, 0.0, 0.0, -1.0, 0.0, 0.0, 0.034371261506274786];4.561005200026557;27.64395489997696
212;[12.735223407125723, 2420.224292069689, 107.90432693591876];True;False;[1.0, 4.9780572638851055, 1.5480707014476496, 0.0, 0.0, 19.720183004849307, 0.5, 0.5, 7409.202071075652, 10500.0, 10500.0, 0.0, 3.0, 0.0, 0.025, 0.028634176258329702, 0.0, 0.0, 0.05, 0.5, 0.5, 0.05, 0.5, 0.5, 0.012919846081494874, 0.0, 0.0, 0.05, 0.5, 0.5, 0.05, 0.5, 0.5, 0.0, 0.0, 0.0, 0.030000000000000002, 0.255, 0.0, 0.0, 0.0];[-0.40235559014045297, -0.31163356392455954, 3.7305735562115956, 2.220446049250313e-16, -0.4, -2.2614454970252034, -14.0, -14.0, -1.0, 0.0, 0.0, -1.0, 0.0, 0.0, -0.18567717698275316];5.294700899976306;27.64395489997696
213;[14.472991620583244, 2255.079133878064, 108.936979385173];True;False;[1.0, 2.5042798162051847, 1.7957766844525085, 0.0, 1.0, 15.289533281877981, 0.5949352861375152, 0.5, 12022.910173459883, 2314.4339433052737, 10500.0, 0.0, 3.0, 0.0, 0.025, 0.08571095985868989, 0.5246417546286511, 0.0, 0.04934835384906921, 0.36346919961527313, 0.0, 0.05, 0.5, 0.5, 0.09129751940308915, 0.4481653220961096, 0.0, 0.08308920947091897, 0.3978331075695763, 0.0, 0.05, 0.5, 0.5, 0.0, 0.0, 0.0, 0.030000000000000002, 0.255, 0.0, 1.0, 1.0];[0.16853053687069242, -0.45828881618543793, -1.4757629255204492, 0.0, -0.3050647138624848, -12.592322622265833, -11.463744728612951, -14.0, -0.47535824537134885, -0.6365308003847269, 0.0, -0.5518346779038904, -0.6021668924304238, 0.0, -0.15829007092402914];23.023785699973814;27.64395489997696
214;[nan, nan, nan];False;False;[1.0, 6.205119347113072, 1.8, 1.0, 0.0, 36.91581541627065, 0.5, 0.5, 3132.06281313421, 10500.0, 10500.0, 0.0, 3.0, 0.0, 0.025, 0.04921269986783289, 0.0, 0.0, 0.05, 0.5, 0.5, 0.05, 0.5, 0.5, 0.07478383504694554, 0.0, 0.0, 0.05, 0.5, 0.5, 0.05, 0.5, 0.5, 0.0, 1.0, 0.0, 0.026064123716874436, 0.12154314860811984, 0.0, 0.0, 0.0];[nan, nan, nan, nan, nan, nan, nan, nan, nan, nan, nan, nan, nan, nan, nan];58.87083399994299;27.64395489997696
215;[24.895627413331077, 1226.226609507551, 118.12830219946363];True;False;[0.0, 7.25, 1.4500000000000002, 0.0, 0.0, 20.87423303732687, 0.5, 0.5, 6016.934222428703, 10500.0, 10500.0, 0.0, 3.0, 0.0, 0.025, 0.05077552724211398, 0.0, 0.0, 0.05, 0.5, 0.5, 0.05, 0.5, 0.5, 0.0718801604837314, 0.0, 0.0, 0.05, 0.5, 0.5, 0.05, 0.5, 0.5, 0.0, 0.0, 0.0, 0.030000000000000002, 0.255, 0.0, 0.0, 0.0];[0.41160667646690374, -1.4547714305534305, 5.125945954103312, 0.7368732686049431, -0.4, 5.874233037326871, -14.0, -14.0, -1.0, 0.0, 0.0, -1.0, 0.0, 0.0, 0.025484900309705405];5.453822799958289;27.64395489997696
216;[nan, nan, nan];False;False;[1.0, 9.469929877442265, 1.8, 0.0, 1.0, 10.97345341991155, 0.34932625833270625, 0.5, 6506.17150365385, 15875.979947477346, 10500.0, 0.0, 3.0, 0.0, 0.025, 0.09610438719311819, 0.16744656616276712, 0.0, 0.03948869762439321, 0.4069977461120098, 0.0, 0.05, 0.5, 0.5, 0.06892583640370993, 0.3149803570883881, 0.0, 0.03864233750590921, 0.7071236012397271, 0.0, 0.05, 0.5, 0.5, 0.0, 1.0, 0.0, 0.0188319862471824, 0.15671812344868002, 0.0, 1.0, 0.0];[nan, nan, nan, nan, nan, nan, nan, nan, nan, nan, nan, nan, nan, nan, nan];134.2416259999154;27.640735400025733
217;[26.989518793728084, 1107.6046917037957, 119.07072242620967];True;False;[0.0, 7.25, 1.4500000000000002, 0.0, 0.0, 17.154761267078165, 0.5, 0.5, 16402.847009555513, 10500.0, 10500.0, 0.0, 3.0, 0.0, 0.025, 0.0018323077075054221, 0.0, 0.0, 0.05, 0.5, 0.5, 0.05, 0.5, 0.5, 0.021229876982146727, 0.0, 0.0, 0.05, 0.5, 0.5, 0.05, 0.5, 0.5, 0.0, 0.0, 0.0, 0.030000000000000002, 0.255, 0.0, 0.0, 0.0];[0.2648681431656632, -1.4925712375821492, 0.0515004591538446, 0.7594603715840849, -0.4, 2.1547612670781646, -14.0, -14.0, -1.0, 0.0, 0.0, -1.0, 0.0, 0.0, 0.04166769513772017];17.06309459998738;27.640735400025733
218;[nan, nan, nan];False;False;[0.0, 7.25, 1.4500000000000002, 0.0, 1.0, 10.97510562431392, 0.4723904861628887, 0.5, 11562.75522916538, 12598.886250686268, 10500.0, 0.0, 3.0, 0.0, 0.025, 0.011705780064383166, 0.43484528806000067, 0.0, 0.04534039992953632, 0.6954839563532385, 0.0, 0.05, 0.5, 0.5, 0.04790831166165104, 0.8315843229000386, 0.0, 0.042697615126652017, 0.5596042043434744, 0.0, 0.05, 0.5, 0.5, 0.0, 0.0, 0.0, 0.030000000000000002, 0.255, 0.0, 1.0, 1.0];[nan, nan, nan, nan, nan, nan, nan, nan, nan, nan, nan, nan, nan, nan, nan];55.867533699958585;27.640735400025733
219;[nan, nan, nan];False;False;[1.0, 8.294642635604358, 1.8, 0.0, 0.0, 12.941764924737962, 0.5, 0.5, 8711.62456977662, 10500.0, 10500.0, 1.0, 1.5353662782766024, 0.0, 0.025, 0.016473371759878015, 0.0, 0.0, 0.05, 0.5, 0.5, 0.05, 0.5, 0.5, 0.07783735912611373, 0.0, 0.0, 0.05, 0.5, 0.5, 0.05, 0.5, 0.5, 0.0, 0.0, 0.0, 0.030000000000000002, 0.255, 0.0, 0.0, 0.0];[nan, nan, nan, nan, nan, nan, nan, nan, nan, nan, nan, nan, nan, nan, nan];39.63466690003406;27.640735400025733
220;[9.136665664625253, 3430.712313249255, 107.82483202101142];True;False;[1.0, 6.808692449830766, 1.5010165822745973, 0.0, 1.0, 28.484026316640612, 0.4973634538165367, 0.5, 12221.152013431063, 17795.721458696273, 10500.0, 0.0, 3.0, 0.0, 0.025, 0.019181574814354705, 0.468105566018149, 0.0, 0.07182283278958465, 0.5919279078714751, 0.0, 0.05, 0.5, 0.5, 0.035767377705266605, 0.5277697435992602, 0.0, 0.07222635356206487, 0.7010734568806045, 0.0, 0.05, 0.5, 0.5, 0.0, 0.0, 0.0, 0.030000000000000002, 0.255, 0.0, 1.0, 0.0];[0.20790521306039622, -0.04992128103608007, 21.45433584986334, -0.14753877627516387, -0.40263654618346334, -10.620767125598281, -10.666709068376498, -14.0, -0.531894433981851, -0.4080720921285249, 0.0, -0.4722302564007398, -0.2989265431193955, 0.0, -0.21564169159173607];44.945591400028206;27.640735400025733
221;[188.73458386573836, 4330.680640835388, 145.52044846636068];True;False;[0.0, 7.25, 1.4500000000000002, 0.0, 0.0, 1.1, 0.5, 0.5, 2582.5056227107625, 10500.0, 10500.0, 0.0, 3.0, 0.0, 0.025, 0.0027586005652800224, 0.0, 0.0, 0.05, 0.5, 0.5, 0.05, 0.5, 0.5, 2.513041288680753e-06, 0.0, 0.0, 0.05, 0.5, 0.5, 0.05, 0.5, 0.5, 0.0, 0.0, 0.0, 0.030000000000000002, 0.255, 0.0, 0.0, 0.0];[6.192845302289484, 0.03447409703029036, -14.395671656671492, -0.739514100303433, -0.4, -13.9, -14.0, -14.0, -1.0, 0.0, 0.0, -1.0, 0.0, 0.0, -0.25862597168677914];22.49502220004797;25.443089900072664
222;[40.55355442928053, 1078.8466143411415, 118.4688166604319];True;False;[0.0, 7.25, 1.4500000000000002, 0.0, 0.0, 3.566627163064443, 0.5, 0.5, 2810.570776597576, 10500.0, 10500.0, 0.0, 3.0, 0.0, 0.025, 0.026099080669383497, 0.0, 0.0, 0.05, 0.5, 0.5, 0.05, 0.5, 0.5, 0.006421123373011772, 0.0, 0.0, 0.05, 0.5, 0.5, 0.05, 0.5, 0.5, 0.0, 0.0, 0.0, 0.030000000000000002, 0.255, 0.0, 0.0, 0.0];[0.7763904076673045, -1.3608032387201061, -12.995419828042541, 0.21907115504661934, -0.4, -11.433372836935558, -14.0, -14.0, -1.0, 0.0, 0.0, -1.0, 0.0, 0.0, -0.010844546113725151];9.483544700080529;25.443089900072664
223;[14.888557582955686, 2112.338557781092, 107.83587689936539];True;False;[1.0, 2.5296828808971012, 1.704606464764413, 0.0, 0.0, 26.605989834583834, 0.5, 0.5, 1126.189243626193, 10500.0, 10500.0, 0.0, 3.0, 0.0, 0.025, 0.06613872117055046, 0.0, 0.0, 0.05, 0.5, 0.5, 0.05, 0.5, 0.5, 0.055172645179877224, 0.0, 0.0, 0.05, 0.5, 0.5, 0.05, 0.5, 0.5, 0.0, 0.0, 0.0, 0.030000000000000002, 0.255, 0.0, 0.0, 0.0];[-0.3651280931077965, -0.5419944763945308, 14.788280442203977, 0.0, -0.4, 0.6082887074237071, -14.0, -14.0, -1.0, 0.0, 0.0, -1.0, 0.0, 0.0, -0.148397577275452];5.7475655999733135;25.443089900072664
224;[13.33229404606913, 2444.341163005134, 107.81790770374486];True;False;[1.0, 4.432107010431402, 1.4632063292528903, 0.0, 0.0, 19.63175796814548, 0.5, 0.5, 3082.5336526931196, 10500.0, 10500.0, 0.0, 3.0, 0.0, 0.025, 0.05880476793980556, 0.0, 0.0, 0.05, 0.5, 0.5, 0.05, 0.5, 0.5, 0.04026911734483585, 0.0, 0.0, 0.05, 0.5, 0.5, 0.05, 0.5, 0.5, 0.0, 0.0, 0.0, 0.030000000000000002, 0.255, 0.0, 0.0, 0.0];[-0.31820911123579787, -0.2985026706094098, 3.5853240917780305, 0.0, -0.4, -1.5830555980649645, -14.0, -14.0, -1.0, 0.0, 0.0, -1.0, 0.0, 0.0, -0.18694501592628743];6.675428099930286;25.443089900072664
225;[25.41262270016431, 1194.6822045300303, 118.35338840389502];True;False;[0.0, 7.25, 1.4500000000000002, 0.0, 0.0, 19.61205913918709, 0.5, 0.5, 3444.3787130944957, 10500.0, 10500.0, 0.0, 3.0, 0.0, 0.025, 0.08447751880772673, 0.0, 0.0, 0.05, 0.5, 0.5, 0.05, 0.5, 0.5, 0.016728803752512168, 0.0, 0.0, 0.05, 0.5, 0.5, 0.05, 0.5, 0.5, 0.0, 0.0, 0.0, 0.030000000000000002, 0.255, 0.0, 0.0, 0.0];[0.3782214334142022, -1.4633714602566623, 3.3322791267997225, 0.7399207792180729, -0.4, 4.612059139187089, -14.0, -14.0, -1.0, 0.0, 0.0, -1.0, 0.0, 0.0, 0.02908117845263747];5.700172500102781;25.443089900072664
226;[34.93210359137334, 1065.107551970022, 118.67150388649031];True;False;[0.0, 7.25, 1.4500000000000002, 0.0, 0.0, 5.170718493435272, 0.5, 0.5, 9310.182092938912, 10500.0, 10500.0, 0.0, 3.0, 0.0, 0.025, 0.058333693921911914, 0.0, 0.0, 0.05, 0.5, 0.5, 0.05, 0.5, 0.5, 0.019430145656538708, 0.0, 0.0, 0.05, 0.5, 0.5, 0.05, 0.5, 0.5, 0.0, 0.0, 0.0, 0.030000000000000002, 0.255, 0.0, 0.0, 0.0];[0.6116260265146263, -1.4032464993460794, -11.91780425759631, 0.3705559251344379, -0.4, -9.829281506564728, -14.0, -14.0, -1.0, 0.0, 0.0, -1.0, 0.0, 0.0, 0.004922529808686349];5.8276157000800595;19.335675799986348
227;[35.379783502457975, 1063.1949411547134, 118.68564576171107];True;False;[0.0, 7.25, 1.4500000000000002, 0.0, 0.0, 5.005457761861521, 0.5, 0.5, 3144.898299885308, 10500.0, 10500.0, 0.0, 3.0, 0.0, 0.025, 0.04571063965186056, 0.0, 0.0, 0.05, 0.5, 0.5, 0.05, 0.5, 0.5, 0.026398093192003366, 0.0, 0.0, 0.05, 0.5, 0.5, 0.05, 0.5, 0.5, 0.0, 0.0, 0.0, 0.030000000000000002, 0.255, 0.0, 0.0, 0.0];[0.6192315321141582, -1.4012873231327811, -12.034831188585324, 0.35927659640338394, -0.4, -9.994542238138479, -14.0, -14.0, -1.0, 0.0, 0.0, -1.0, 0.0, 0.0, 0.004172379888000455];6.692803099984303;19.335675799986348
228;[nan, nan, nan];False;False;[0.0, 7.25, 1.4500000000000002, 0.0, 0.0, 4.665945100866767, 0.5, 0.5, 1093.0073362844505, 10500.0, 10500.0, 0.0, 3.0, 0.0, 0.025, 0.00020460835261227898, 0.0, 0.0, 0.05, 0.5, 0.5, 0.05, 0.5, 0.5, 0.0004789113255308418, 0.0, 0.0, 0.05, 0.5, 0.5, 0.05, 0.5, 0.5, 0.0, 0.0, 0.0, 0.030000000000000002, 0.255, 0.0, 0.0, 0.0];[nan, nan, nan, nan, nan, nan, nan, nan, nan, nan, nan, nan, nan, nan, nan];31.483538700034842;19.335675799986348
229;[25.197736131057233, 1356.2315223091105, 117.28860456329332];True;False;[0.0, 7.25, 1.4500000000000002, 0.0, 1.0, 12.202379180722863, 0.2188864787041237, 0.5, 11393.472014122648, 14448.650580722924, 10500.0, 0.0, 3.0, 0.0, 0.025, 0.08439158350801619, 0.0, 0.0, 0.07337920104177391, 0.6385519152865744, 0.0, 0.05, 0.5, 0.5, 0.05539099436637738, 0.5542858521930939, 0.0, 0.06823727574458387, 0.8166306984047077, 0.0, 0.05, 0.5, 0.5, 0.0, 0.0, 0.0, 0.030000000000000002, 0.255, 0.0, 0.0, 1.0];[1.1460829556202166, -1.3669945811520756, -5.271769608853619, 0.5906874701511331, -0.6811135212958763, -8.401125503712496, -13.150839330617991, -14.0, -1.0, -0.3614480847134256, 0.0, -0.4457141478069061, -0.1833693015952923, 0.0, 0.0028393457081585805];26.020101600093767;19.335675799986348
230;[23.48672461747297, 1444.493285108927, 117.4747293145588];True;False;[0.0, 7.25, 1.4500000000000002, 0.0, 1.0, 24.185961931347798, 0.6568875381842607, 0.5, 1781.5068528939273, 4885.152163337725, 10500.0, 0.0, 3.0, 0.0, 0.025, 0.03754218904680063, 0.8965129794219165, 0.0, 0.044444498575936325, 0.9356047447424128, 0.0, 0.05, 0.5, 0.5, 0.008817478351686893, 0.5216534388980321, 0.0, 0.0789752647413889, 0.8026656202897501, 0.0, 0.05, 0.5, 0.5, 0.0, 0.0, 0.0, 0.030000000000000002, 0.255, 0.0, 1.0, 1.0];[1.0121785614184002, -1.3990829107757599, 12.84669600354453, 0.7242472101389641, -0.2431124618157393, -11.445697255135723, -8.195300550496198, -14.0, -0.10348702057808346, -0.06439525525758716, 0.0, -0.47834656110196794, -0.19733437971024992, 0.0, 0.015054551949692851];38.85649929998908;19.335675799986348
231;[15.775134969407363, 3065.4635009076983, 108.20315411254066];True;False;[1.0, 2.023263857332145, 1.5807767734108011, 0.0, 1.0, 21.49948221589, 0.42201564051999363, 0.5, 17826.26716083608, 6987.549700621459, 10500.0, 1.0, 4.349760880039666, 0.0, 0.025, 0.046737164692371956, 0.27627770507109806, 0.0, 0.0402087899487518, 0.9589605772820842, 0.0, 0.05, 0.5, 0.5, 0.08711984573782838, 0.9012632747312461, 0.0, 0.06790541726691167, 0.6958374825952218, 0.0, 0.05, 0.5, 0.5, 0.0, 0.0, 0.0, 0.030000000000000002, 0.255, 0.0, 1.0, 1.0];[0.20562196861810111, -0.5188586158662409, 8.008907689745651, -2.220446049250313e-16, -0.4779843594800064, -10.684088834255911, -11.848734770820577, -14.0, -0.7237222949289019, -0.04103942271791583, 0.0, -0.09873672526875388, -0.3041625174047782, 0.0, -0.1473605798285169];15.043680900009349;24.22722540004179
232;[nan, nan, nan];False;False;[0.0, 7.25, 1.4500000000000002, 0.0, 1.0, 16.077701268595614, 0.30873470005859904, 0.5, 10130.096219967056, 7532.189230215951, 10500.0, 0.0, 3.0, 0.0, 0.025, 0.05315289377185855, 0.462012847959043, 0.0, 0.05440760314157555, 0.7720750555977342, 0.0, 0.05, 0.5, 0.5, 0.08323400630305881, 0.8212478313379087, 0.0, 0.06116835078355343, 0.31285959204686153, 0.0, 0.05, 0.5, 0.5, 0.0, 0.0, 0.0, 0.030000000000000002, 0.255, 0.0, 0.0, 1.0];[nan, nan, nan, nan, nan, nan, nan, nan, nan, nan, nan, nan, nan, nan, nan];49.703521199990064;24.22722540004179
233;[24.66921920653438, 1521.6257407314101, 117.43320773709871];True;False;[0.0, 7.25, 1.4500000000000002, 0.0, 2.0, 16.090419503614537, 0.7998465467633497, 0.39753771299193175, 15773.550188643734, 2453.5990731331726, 17103.246741923744, 0.0, 3.0, 0.0, 0.025, 0.05158149262493953, 0.3333333333333333, 0.3333333333333333, 0.07959707359569135, 0.3333333333333333, 0.3333333333333333, 0.016412676339041928, 0.187561934024756, 0.33866259892962264, 0.015085515249969608, 0.16122272539446394, 0.1691924327305172, 0.02816410438084284, 0.8741748643981503, 0.11878088211420175, 0.03538643248682267, 0.36680112973007495, 0.33928883537541193, 0.0, 0.0, 0.0, 0.030000000000000002, 0.255, 0.0, 0.0, 1.0];[1.6409740243582345, -1.3486863281186596, 0.31636405997730144, 0.6415351266248037, -0.10015345323665037, -12.475420087342922, -12.475420087342922, -12.475420087342922, -0.33333333333333337, -0.33333333333333337, -0.47377546704562135, -0.6695848418750189, -0.007044253487647922, -0.2939100348945132, 0.008547978342285711];42.33829440001864;24.22722540004179
234;[nan, nan, nan];False;False;[0.0, 7.25, 1.4500000000000002, 0.0, 1.0, 5.134001961844467, 0.47716241189605746, 0.5, 18579.645496913967, 8644.328277574114, 10500.0, 0.0, 3.0, 0.0, 0.025, 0.04956089070173392, 0.7931143178207918, 0.0, 0.02452743052190605, 0.749945390934914, 0.0, 0.05, 0.5, 0.5, 0.053208065903933836, 0.47314450830720395, 0.0, 0.022675636054253632, 0.024949743411930368, 0.0, 0.05, 0.5, 0.5, 0.0, 0.0, 0.0, 0.030000000000000002, 0.255, 0.0, 1.0, 1.0];[nan, nan, nan, nan, nan, nan, nan, nan, nan, nan, nan, nan, nan, nan, nan];61.23710910009686;24.22722540004179
235;[15.056996809631428, 2254.750088408322, 107.41135761393494];True;False;[1.0, 3.1723592666646367, 1.4848055784425462, 0.0, 0.0, 26.1768944680656, 0.5, 0.5, 4256.836953837345, 10500.0, 10500.0, 0.0, 3.0, 0.0, 0.025, 0.023840698094993687, 0.0, 0.0, 0.05, 0.5, 0.5, 0.05, 0.5, 0.5, 0.017002470607974395, 0.0, 0.0, 0.05, 0.5, 0.5, 0.05, 0.5, 0.5, 0.0, 0.0, 0.0, 0.030000000000000002, 0.255, 0.0, 0.0, 0.0];[-0.35618429491927284, -0.4509738831436767, 13.937473790458654, 0.0, -0.4, 2.6298465254442753, -14.0, -14.0, -1.0, 0.0, 0.0, -1.0, 0.0, 0.0, -0.16394068082987606];6.726862299954519;24.22722540004179
236;[nan, nan, nan];False;False;[1.0, 9.927194727606786, 1.7767291477489326, 0.0, 0.0, 33.864911912346905, 0.5, 0.5, 2754.1905971867563, 10500.0, 10500.0, 1.0, 1.0, 0.0, 0.025, 0.06636335114331812, 0.0, 0.0, 0.05, 0.5, 0.5, 0.05, 0.5, 0.5, 0.018859925100220238, 0.0, 0.0, 0.05, 0.5, 0.5, 0.05, 0.5, 0.5, 0.0, 1.0, 0.0, 0.03008698654397613, 0.2763302177793401, 106.0, 0.0, 0.0];[nan, nan, nan, nan, nan, nan, nan, nan, nan, nan, nan, nan, nan, nan, nan];38.5078288000077;23.67387920001056
237;[13.279468559222659, 2242.704070711427, 108.58609211863961];True;False;[1.0, 4.222029679775566, 1.6806321376669642, 0.0, 0.0, 16.70281188506007, 0.5, 0.5, 11359.163441057992, 10500.0, 10500.0, 0.0, 3.0, 0.0, 0.025, 0.018668329050639133, 0.0, 0.0, 0.05, 0.5, 0.5, 0.05, 0.5, 0.5, 0.0857621863210343, 0.0, 0.0, 0.05, 0.5, 0.5, 0.05, 0.5, 0.5, 0.0, 0.0, 0.0, 0.030000000000000002, 0.255, 0.0, 0.0, 0.0];[-0.40660190882844294, -0.3753602627319763, -0.3512356700279078, 2.220446049250313e-16, -0.4, -5.061589618150029, -14.0, -14.0, -1.0, 0.0, 0.0, -1.0, 0.0, 0.0, -0.17629117934449312];5.699988899985328;23.67387920001056
238;[nan, nan, nan];False;False;[0.0, 7.25, 1.4500000000000002, 0.0, 0.0, 12.850836649246286, 0.5, 0.5, 2230.221951217374, 10500.0, 10500.0, 0.0, 3.0, 0.0, 0.025, 0.003706639764232699, 0.0, 0.0, 0.05, 0.5, 0.5, 0.05, 0.5, 0.5, 0.006822198026432929, 0.0, 0.0, 0.05, 0.5, 0.5, 0.05, 0.5, 0.5, 0.0, 0.0, 0.0, 0.030000000000000002, 0.255, 0.0, 0.0, 0.0];[nan, nan, nan, nan, nan, nan, nan, nan, nan, nan, nan, nan, nan, nan, nan];28.53559970005881;23.67387920001056
239;[19.04314835797205, 1752.7062082629445, 109.60612657153114];True;False;[1.0, 2.0, 1.7092437773084708, 0.0, 0.0, 11.69703196662143, 0.5, 0.5, 17921.307721337675, 10500.0, 10500.0, 0.0, 3.0, 0.0, 0.025, 0.05013789751937895, 0.0, 0.0, 0.05, 0.5, 0.5, 0.05, 0.5, 0.5, 0.053700531349281044, 0.0, 0.0, 0.05, 0.5, 0.5, 0.05, 0.5, 0.5, 0.0, 0.0, 0.0, 0.030000000000000002, 0.255, 0.0, 0.0, 0.0];[-0.3723370531015231, -0.6320206850200152, -6.184287545275227, 2.220446049250313e-16, -0.4, -8.15660403629456, -14.0, -14.0, -1.0, 0.0, 0.0, -1.0, 0.0, 0.0, -0.13152584157228875];13.030561999999918;23.67387920001056
240;[34.22809661936969, 1083.575587212972, 118.45521637388609];True;False;[0.0, 7.25, 1.4500000000000002, 0.0, 0.0, 5.284017114897715, 0.5, 0.5, 1251.939099418734, 10500.0, 10500.0, 0.0, 3.0, 0.0, 0.025, 0.07816535718134576, 0.0, 0.0, 0.05, 0.5, 0.5, 0.05, 0.5, 0.5, 0.028203460442574185, 0.0, 0.0, 0.05, 0.5, 0.5, 0.05, 0.5, 0.5, 0.0, 0.0, 0.0, 0.030000000000000002, 0.255, 0.0, 0.0, 0.0];[0.6433196728976194, -1.3950822244936527, -11.836784654287728, 0.36977964263381424, -0.4, -9.715982885102285, -14.0, -14.0, -1.0, 0.0, 0.0, -1.0, 0.0, 0.0, 0.0018111470581870792];7.256554000079632;23.67387920001056
241;[25.300551725974632, 1183.9819480389983, 118.62384253854142];True;False;[0.0, 7.25, 1.4500000000000002, 0.0, 0.0, 22.814174176520293, 0.5, 0.5, 4701.370320080789, 10500.0, 10500.0, 0.0, 3.0, 0.0, 0.025, 0.016770790979370415, 0.0, 0.0, 0.05, 0.5, 0.5, 0.05, 0.5, 0.5, 0.03001595011713339, 0.0, 0.0, 0.05, 0.5, 0.5, 0.05, 0.5, 0.5, 0.0, 0.0, 0.0, 0.030000000000000002, 0.255, 0.0, 0.0, 0.0];[0.30287594878866475, -1.4827804369941013, 8.026695861668223, 0.7961713643758306, -0.4, 7.814174176520293, -14.0, -14.0, -1.0, 0.0, 0.0, -1.0, 0.0, 0.0, 0.03738117999792023];4.918128599994816;26.508500600000843
242;[83.06826007376651, 1770.599289040014, 111.24620355352063];True;False;[1.0, 2.8666408936185594, 1.1618890631912437, 0.0, 0.0, 11.621434111831801, 0.5, 0.5, 6518.358057950843, 10500.0, 10500.0, 0.0, 3.0, 0.0, 0.025, 0.03272631473833128, 0.0, 0.0, 0.05, 0.5, 0.5, 0.05, 0.5, 0.5, 0.03499610381274792, 0.0, 0.0, 0.05, 0.5, 0.5, 0.05, 0.5, 0.5, 0.0, 1.0, 0.0, 0.03574399746238223, 0.32949720296596235, 0.0, 0.0, 0.0];[-0.5305634015735787, -0.5973215368892788, -6.289793320072572, 4.440892098500626e-16, -0.4, -4.9978109098364545, -14.0, -14.0, -1.0, 0.0, 0.0, -1.0, 0.0, 0.0, -0.03451733535740992];47.824539899942465;26.508500600000843
243;[nan, nan, nan];False;False;[1.0, 2.538494331864409, 1.7709610352722285, 0.0, 1.0, 4.551122864195074, 0.7857323810908807, 0.5, 16090.040418454886, 13189.324929233466, 10500.0, 1.0, 2.8591744660242657, 0.0, 0.025, 0.061283534194894296, 0.5703808523568953, 0.0, 0.07561519801957103, 0.5591522077362948, 0.0, 0.05, 0.5, 0.5, 0.005454568954578663, 0.9866396121439652, 0.0, 0.04385946734267382, 0.2943795444293924, 0.0, 0.05, 0.5, 0.5, 0.0, 1.0, 0.0, 0.03591897638901281, 0.24532856827574534, 27.0, 0.0, 0.0];[nan, nan, nan, nan, nan, nan, nan, nan, nan, nan, nan, nan, nan, nan, nan];74.62084969994612;26.508500600000843
244;[10.258169602707186, 4624.958452839492, 106.15864379199303];True;False;[1.0, 8.515613668428543, 1.1268202753271954, 0.0, 2.0, 27.00478456972468, 0.6644000948871984, 0.4416808470022945, 10999.061692306199, 3359.044473717246, 6746.791477921427, 1.0, 2.6467366341503373, 0.0, 0.025, 0.01799465628481368, 0.2385649764917874, 0.6248811021979455, 0.0451227080469225, 0.04591247815431437, 0.6186788377230034, 0.05607021527763735, 0.3524763010076631, 0.48216229629566804, 0.001211035714951852, 0.27753356465039475, 0.6393752271018518, 0.09453359138098225, 0.3488107516900679, 0.5522072926959986, 0.05501155413134783, 0.4178836208720816, 0.44700609505548294, 0.0, 1.0, 0.0, 0.026301632318246476, 0.09934238833208964, 100.0, 0.0, 2.0];[1.4327113873818256, 0.5125555817275784, 18.94466232893673, 0.0, -0.2355999051128016, -12.116884629602097, -12.116884629602097, -12.116884629602097, -0.1365539213102671, -0.3354086841226822, -0.16536140269666888, -0.08309120824775351, -0.09898195561393353, -0.13511028407243542, -0.40819613901790375];32.75169589999132;26.508500600000843
245;[nan, nan, nan];False;False;[1.0, 2.4863833371072643, 1.604956807024799, 0.0, 0.0, 18.557534798450053, 0.5, 0.5, 15194.31395033704, 10500.0, 10500.0, 0.0, 3.0, 0.0, 0.025, 0.03848082273216209, 0.0, 0.0, 0.05, 0.5, 0.5, 0.05, 0.5, 0.5, 0.02729932267504725, 0.0, 0.0, 0.05, 0.5, 0.5, 0.05, 0.5, 0.5, 0.0, 0.0, 0.0, 0.030000000000000002, 0.255, 0.0, 0.0, 0.0];[nan, nan, nan, nan, nan, nan, nan, nan, nan, nan, nan, nan, nan, nan, nan];47.59904240001924;26.508500600000843
246;[18.166774588594247, 2906.892872239404, 109.6849357317057];True;False;[1.0, 2.2868252139059067, 1.5957871665653085, 0.0, 1.0, 9.82619184550684, 0.48465164680386075, 0.5, 6308.73589027971, 14115.156842437704, 10500.0, 1.0, 2.374338572283599, 0.0, 0.025, 0.04432962991499154, 0.2892954025736707, 0.0, 0.07944605383436765, 0.4133220585319222, 0.0, 0.05, 0.5, 0.5, 0.02207836053377321, 0.4204050268618257, 0.0, 0.041008048177952734, 0.25295596274654, 0.0, 0.05, 0.5, 0.5, 0.0, 1.0, 0.0, 0.04363840539589313, 0.32223220553670623, 8.0, 1.0, 0.0];[0.15286500113423251, -0.5014408126226928, -7.8389775942146, -1.1102230246251565e-16, -0.4153483531961393, -12.44117411517159, -12.59359048830715, -14.0, -0.7107045974263293, -0.5866779414680778, 0.0, -0.5795949731381743, -0.74704403725346, 0.0, -0.05892346164650858];45.8170016000513;27.58803149999585
247;[nan, nan, nan];False;False;[0.0, 7.25, 1.4500000000000002, 0.0, 0.0, 11.339350646110606, 0.5, 0.5, 6319.387022139949, 10500.0, 10500.0, 0.0, 3.0, 0.0, 0.025, 0.022767893536971427, 0.0, 0.0, 0.05, 0.5, 0.5, 0.05, 0.5, 0.5, 0.05933577397599726, 0.0, 0.0, 0.05, 0.5, 0.5, 0.05, 0.5, 0.5, 0.0, 0.0, 0.0, 0.030000000000000002, 0.255, 0.0, 0.0, 0.0];[nan, nan, nan, nan, nan, nan, nan, nan, nan, nan, nan, nan, nan, nan, nan];41.858796599903144;27.58803149999585
248;[nan, nan, nan];False;False;[0.0, 7.25, 1.4500000000000002, 0.0, 0.0, 11.196178661066039, 0.5, 0.5, 12187.25405347372, 10500.0, 10500.0, 0.0, 3.0, 0.0, 0.025, 0.0006849389281766234, 0.0, 0.0, 0.05, 0.5, 0.5, 0.05, 0.5, 0.5, 0.06225634463107421, 0.0, 0.0, 0.05, 0.5, 0.5, 0.05, 0.5, 0.5, 0.0, 0.0, 0.0, 0.030000000000000002, 0.255, 0.0, 0.0, 0.0];[nan, nan, nan, nan, nan, nan, nan, nan, nan, nan, nan, nan, nan, nan, nan];44.354863699991256;27.58803149999585
249;[28.67009592351352, 1241.3385452251098, 118.15626103011425];True;False;[0.0, 7.25, 1.4500000000000002, 0.0, 1.0, 8.830367386361544, 0.5380449683891882, 0.5, 9267.62842069262, 4226.836586723291, 10500.0, 0.0, 3.0, 0.0, 0.025, 0.03339265672811028, 0.7765272056850695, 0.0, 0.08369304929853805, 0.15228699215772337, 0.0, 0.05, 0.5, 0.5, 0.03769803304061575, 0.2295262013605088, 0.0, 0.020533050319225934, 0.20864718089689616, 0.0, 0.05, 0.5, 0.5, 0.0, 0.0, 0.0, 0.030000000000000002, 0.255, 0.0, 0.0, 1.0];[1.0587935596802618, -1.387912273407585, -8.70335999340778, 0.5344962174262544, -0.3619550316108118, -12.246532529584703, -11.793001013725545, -14.0, -0.2234727943149305, -0.8477130078422767, 0.0, -0.7704737986394912, -0.7913528191031038, 0.0, 0.010735401258788246];24.113437900086865;27.58803149999585
250;[nan, nan, nan];False;False;[0.0, 7.25, 1.4500000000000002, 0.0, 0.0, 8.30434029238003, 0.5, 0.5, 3856.3082818350777, 10500.0, 10500.0, 0.0, 3.0, 0.0, 0.025, 0.008887052204368697, 0.0, 0.0, 0.05, 0.5, 0.5, 0.05, 0.5, 0.5, 0.03584911407158285, 0.0, 0.0, 0.05, 0.5, 0.5, 0.05, 0.5, 0.5, 0.0, 0.0, 0.0, 0.030000000000000002, 0.255, 0.0, 0.0, 0.0];[nan, nan, nan, nan, nan, nan, nan, nan, nan, nan, nan, nan, nan, nan, nan];32.947022399981506;27.58803149999585
251;[22.330417054512953, 1468.7026865225093, 117.3005304396793];True;False;[0.0, 7.25, 1.4500000000000002, 0.0, 1.0, 27.56828230299263, 0.23390287971368043, 0.5, 9117.71610449432, 10806.273698534907, 10500.0, 0.0, 3.0, 0.0, 0.025, 0.023921003742047694, 0.6590421862845214, 0.0, 0.06261450659581846, 0.29203891929391324, 0.0, 0.05, 0.5, 0.5, 0.01292527557351325, 0.23625284177284522, 0.0, 0.08377434565467529, 0.3110583000042221, 0.0, 0.05, 0.5, 0.5, 0.0, 0.0, 0.0, 0.030000000000000002, 0.255, 0.0, 0.0, 1.0];[0.996828058259922, -1.4027614458094677, 19.18068362602949, 0.7804472253063715, -0.6660971202863196, -5.497694601808419, -12.098779596345192, -14.0, -0.3409578137154786, -0.7079610807060868, 0.0, -0.7637471582271548, -0.6889416999957779, 0.0, 0.016492899018711094];27.624898600042798;19.183788000023924
252;[17.12900717768463, 3513.6303479817607, 107.92917568149363];True;False;[1.0, 3.274911634658845, 1.1478897190944237, 0.0, 1.0, 18.861198905653087, 0.6840046272696998, 0.5, 4796.002208825255, 12765.295700662276, 10500.0, 1.0, 1.9865609174532557, 0.0, 0.025, 0.07440037354274757, 0.8311282660787843, 0.0, 0.006396167485224276, 0.21212902513936766, 0.0, 0.05, 0.5, 0.5, 0.01646990045973175, 0.15570195353168265, 0.0, 0.07338918884233463, 0.2818695078166362, 0.0, 0.05, 0.5, 0.5, 0.0, 0.0, 0.0, 0.030000000000000002, 0.255, 0.0, 0.0, 0.0];[0.508481589200481, -0.15682782233826575, 3.749152731878123, -2.220446049250313e-16, -0.21599537273030023, -12.244848999126981, -9.036191045644433, -14.0, -0.16887173392121568, -0.7878709748606323, 0.0, -0.8442980464683174, -0.7181304921833638, 0.0, -0.20053731007782105];21.926471800077707;19.183788000023924
253;[10.463812010389292, 3483.3280329302515, 103.73861658906807];True;False;[1.0, 5.974441104035792, 1.257659529574686, 1.0, 2.0, 12.708165764175474, 0.3228019327733994, 0.1899199321349162, 15056.210997652344, 9044.144436837962, 7441.124101222295, 0.0, 3.0, 0.0, 0.025, 0.042362092510791566, 0.096840830647661, 0.2229091392445577, 0.036121364986534586, 0.3333333333333333, 0.3333333333333333, 0.052763715644650516, 0.3333333333333333, 0.3333333333333333, 0.042584926009956975, 0.38722979273970176, 0.26640095405533754, 0.08865662539213759, 0.3333333333333333, 0.3333333333333333, 0.02952962477392078, 0.4642864282342244, 0.4900325636996109, 0.0, 0.0, 0.0, 0.030000000000000002, 0.255, 0.0, 1.0, 1.0];[1.1588473337313143, -0.06768178894807875, -4.649666099434356, -0.20390341431823356, -0.5771980672266006, -11.854657389846837, -12.91633853302092, -13.774081552112017, -0.6802500301077813, -0.33333333333333337, -0.33333333333333337, -0.3463692532049607, -0.33333333333333337, -0.04568100806616471, -0.20768539855055185];53.06381610000972;19.183788000023924
254;[27.17401046035697, 1146.3080471082976, 118.40120423270957];True;False;[0.0, 7.25, 1.4500000000000002, 0.0, 0.0, 12.983944429287792, 0.5, 0.5, 4423.578935171365, 10500.0, 10500.0, 0.0, 3.0, 0.0, 0.025, 0.08350032005312574, 0.0, 0.0, 0.05, 0.5, 0.5, 0.05, 0.5, 0.5, 0.04910767200778128, 0.0, 0.0, 0.05, 0.5, 0.5, 0.05, 0.5, 0.5, 0.0, 0.0, 0.0, 0.030000000000000002, 0.255, 0.0, 0.0, 0.0];[0.4405669857892347, -1.44731126259858, -4.878144550668553, 0.6409045314023198, -0.4, -2.016055570712208, -14.0, -14.0, -1.0, 0.0, 0.0, -1.0, 0.0, 0.0, 0.02240464549260679];8.314679499948397;19.183788000023924
255;[nan, nan, nan];False;False;[0.0, 7.25, 1.4500000000000002, 0.0, 0.0, 6.725853220310933, 0.5, 0.5, 7145.879840411851, 10500.0, 10500.0, 0.0, 3.0, 0.0, 0.025, 0.031040163172512483, 0.0, 0.0, 0.05, 0.5, 0.5, 0.05, 0.5, 0.5, 0.0, 0.0, 0.0, 0.05, 0.5, 0.5, 0.05, 0.5, 0.5, 0.0, 0.0, 0.0, 0.030000000000000002, 0.255, 0.0, 0.0, 0.0];[nan, nan, nan, nan, nan, nan, nan, nan, nan, nan, nan, nan, nan, nan, nan];55.64193489996251;19.183788000023924
256;[nan, nan, nan];False;False;[0.0, 7.25, 1.4500000000000002, 0.0, 0.0, 9.596836353222773, 0.5, 0.5, 5447.441862868029, 10500.0, 10500.0, 0.0, 3.0, 0.0, 0.025, 0.025877364787017174, 0.0, 0.0, 0.05, 0.5, 0.5, 0.05, 0.5, 0.5, 6.612946324354025e-07, 0.0, 0.0, 0.05, 0.5, 0.5, 0.05, 0.5, 0.5, 0.0, 0.0, 0.0, 0.030000000000000002, 0.255, 0.0, 0.0, 0.0];[nan, nan, nan, nan, nan, nan, nan, nan, nan, nan, nan, nan, nan, nan, nan];36.81362810009159;24.417544099967927
257;[nan, nan, nan];False;False;[0.0, 7.25, 1.4500000000000002, 0.0, 1.0, 5.812435219594015, 0.14480546975566483, 0.5, 17452.725232512814, 3808.2795752119905, 10500.0, 0.0, 3.0, 0.0, 0.025, 0.029083725628293308, 0.7133853859989676, 0.0, 0.09914069941292622, 0.26374323170261554, 0.0, 0.05, 0.5, 0.5, 0.04906777225844473, 0.4772737903933585, 0.0, 0.0015466891788932739, 0.2276610275500296, 0.0, 0.05, 0.5, 0.5, 0.0, 0.0, 0.0, 0.030000000000000002, 0.255, 0.0, 1.0, 1.0];[nan, nan, nan, nan, nan, nan, nan, nan, nan, nan, nan, nan, nan, nan, nan];50.964674299932085;24.417544099967927
258;[26.096785993172126, 1153.6756029695339, 118.6897515514607];True;False;[0.0, 7.25, 1.4500000000000002, 0.0, 0.0, 18.556709721986095, 0.5, 0.5, 7727.53243866194, 10500.0, 10500.0, 0.0, 3.0, 0.0, 0.025, 0.008575279330711545, 0.0, 0.0, 0.05, 0.5, 0.5, 0.05, 0.5, 0.5, 0.05619225648900059, 0.0, 0.0, 0.05, 0.5, 0.5, 0.05, 0.5, 0.5, 0.0, 0.0, 0.0, 0.030000000000000002, 0.255, 0.0, 0.0, 0.0];[0.32328869525137716, -1.4775221189514118, 1.889085169309606, 0.7518137550119426, -0.4, 3.5567097219860955, -14.0, -14.0, -1.0, 0.0, 0.0, -1.0, 0.0, 0.0, 0.035106917254346115];5.840155799989589;24.417544099967927
259;[19.239747664140964, 1734.4061782209537, 110.36839183877697];True;True;[1.0, 2.1958919909768095, 1.7843441742089639, 0.0, 0.0, 8.952919338616619, 0.5, 0.5, 10651.924225573002, 10500.0, 10500.0, 0.0, 3.0, 0.0, 0.025, 0.03883201075844548, 0.0, 0.0, 0.05, 0.5, 0.5, 0.05, 0.5, 0.5, 0.06693163922451338, 0.0, 0.0, 0.05, 0.5, 0.5, 0.05, 0.5, 0.5, 0.0, 0.0, 0.0, 0.030000000000000002, 0.255, 0.0, 0.0, 0.0];[-0.3722535280845607, -0.5983628653309845, -8.866377340130207, -1.1102230246251565e-16, -0.4, -9.982515442915808, -14.0, -14.0, -1.0, 0.0, 0.0, -1.0, 0.0, 0.0, -0.13804496389419102];16.284442199976183;24.417544099967927
260;[26.177323183491172, 1149.9883732008648, 118.71306743995885];True;False;[0.0, 7.25, 1.4500000000000002, 0.0, 0.0, 18.32925531512634, 0.5, 0.5, 8110.156190556662, 10500.0, 10500.0, 0.0, 3.0, 0.0, 0.025, 0.01142195555694734, 0.0, 0.0, 0.05, 0.5, 0.5, 0.05, 0.5, 0.5, 0.05187998564770531, 0.0, 0.0, 0.05, 0.5, 0.5, 0.05, 0.5, 0.5, 0.0, 0.0, 0.0, 0.030000000000000002, 0.255, 0.0, 0.0, 0.0];[0.32093566100971493, -1.4781282599442738, 1.584782344308561, 0.7504778074923131, -0.4, 3.329255315126339, -14.0, -14.0, -1.0, 0.0, 0.0, -1.0, 0.0, 0.0, 0.03536809578643574];6.0422451000195;24.417544099967927
261;[nan, nan, nan];False;False;[0.0, 7.25, 1.4500000000000002, 0.0, 0.0, 17.301118987423155, 0.5, 0.5, 8875.204800968673, 10500.0, 10500.0, 0.0, 3.0, 0.0, 0.025, 0.03569138629277645, 0.0, 0.0, 0.05, 0.5, 0.5, 0.05, 0.5, 0.5, 0.056789287402527366, 0.0, 0.0, 0.05, 0.5, 0.5, 0.05, 0.5, 0.5, 0.0, 0.0, 0.0, 0.030000000000000002, 0.255, 0.0, 0.0, 0.0];[nan, nan, nan, nan, nan, nan, nan, nan, nan, nan, nan, nan, nan, nan, nan];43.16645540005993;27.94073260005098
262;[28.036837043889896, 1114.1354694454967, 118.65451004366491];True;False;[0.0, 7.25, 1.4500000000000002, 0.0, 0.0, 11.842413305859871, 0.5, 0.5, 4656.29481302551, 10500.0, 10500.0, 0.0, 3.0, 0.0, 0.025, 0.05856484694040003, 0.0, 0.0, 0.05, 0.5, 0.5, 0.05, 0.5, 0.5, 0.04777404118614162, 0.0, 0.0, 0.05, 0.5, 0.5, 0.05, 0.5, 0.5, 0.0, 0.0, 0.0, 0.030000000000000002, 0.255, 0.0, 0.0, 0.0];[0.41173123532103606, -1.4547393442258383, -6.086746231712663, 0.6317357067018483, -0.4, -3.1575866941401287, -14.0, -14.0, -1.0, 0.0, 0.0, -1.0, 0.0, 0.0, 0.025471574296144994];13.29337349999696;27.94073260005098
263;[nan, nan, nan];False;False;[0.0, 7.25, 1.4500000000000002, 0.0, 0.0, 10.10526008416519, 0.5, 0.5, 9150.39186430642, 10500.0, 10500.0, 0.0, 3.0, 0.0, 0.025, 0.05693501135086382, 0.0, 0.0, 0.05, 0.5, 0.5, 0.05, 0.5, 0.5, 0.059776927325410116, 0.0, 0.0, 0.05, 0.5, 0.5, 0.05, 0.5, 0.5, 0.0, 0.0, 0.0, 0.030000000000000002, 0.255, 0.0, 0.0, 0.0];[nan, nan, nan, nan, nan, nan, nan, nan, nan, nan, nan, nan, nan, nan, nan];34.01012089999858;27.94073260005098
264;[28.226061808382646, 1098.6208561227077, 118.83986414054718];True;False;[0.0, 7.25, 1.4500000000000002, 0.0, 0.0, 12.09206483180698, 0.5, 0.5, 5273.247635152908, 10500.0, 10500.0, 0.0, 3.0, 0.0, 0.025, 0.05364373561350105, 0.0, 0.0, 0.05, 0.5, 0.5, 0.05, 0.5, 0.5, 0.028150685185855392, 0.0, 0.0, 0.05, 0.5, 0.5, 0.05, 0.5, 0.5, 0.0, 0.0, 0.0, 0.030000000000000002, 0.255, 0.0, 0.0, 0.0];[0.37354802332236403, -1.4645753294494552, -5.827613488930911, 0.6488864158965009, -0.4, -2.9079351681930206, -14.0, -14.0, -1.0, 0.0, 0.0, -1.0, 0.0, 0.0, 0.029588532295656722];7.598949300008826;27.94073260005098
265;[22.94399048149903, 1355.2966413891645, 117.70454567384485];True;False;[0.0, 7.25, 1.4500000000000002, 0.0, 0.0, 35.919254160742476, 0.5, 0.5, 16337.140710316602, 10500.0, 10500.0, 0.0, 3.0, 0.0, 0.025, 0.06378018723348279, 0.0, 0.0, 0.05, 0.5, 0.5, 0.05, 0.5, 0.5, 0.02092054040000015, 0.0, 0.0, 0.05, 0.5, 0.5, 0.05, 0.5, 0.5, 0.0, 0.0, 0.0, 0.030000000000000002, 0.255, 0.0, 0.0, 0.0];[0.42277302913526515, -1.4518949810852309, 32.25097273816285, 0.808034662000326, -0.4, 20.919254160742476, -14.0, -14.0, -1.0, 0.0, 0.0, -1.0, 0.0, 0.0, 0.024292940070216207];5.019150099949911;27.94073260005098
266;[17.717887914850532, 1798.3896157740928, 109.27735260386572];True;True;[1.0, 2.229040804441873, 1.8, 0.0, 0.0, 13.292430682563552, 0.5, 0.5, 11796.822038018996, 10500.0, 10500.0, 0.0, 3.0, 0.0, 0.025, 0.0702845483183229, 0.0, 0.0, 0.05, 0.5, 0.5, 0.05, 0.5, 0.5, 0.030755962684304167, 0.0, 0.0, 0.05, 0.5, 0.5, 0.05, 0.5, 0.5, 0.0, 0.0, 0.0, 0.030000000000000002, 0.255, 0.0, 0.0, 0.0];[-0.4098566421222607, -0.6151653454499733, -4.45883987781786, 0.0, -0.4, -7.615316287464694, -14.0, -14.0, -1.0, 0.0, 0.0, -1.0, 0.0, 0.0, -0.1351875558138675];17.6825996999396;14.514887999976054
267;[11.954991801652428, 4469.441562917325, 107.12351735414347];True;False;[1.0, 6.821125405009979, 1.2824035526355346, 0.0, 0.0, 44.460722164424794, 0.5, 0.5, 8443.999421812498, 10500.0, 10500.0, 0.0, 3.0, 0.0, 0.025, 0.027074206033285933, 0.0, 0.0, 0.05, 0.5, 0.5, 0.05, 0.5, 0.5, 0.048678200143850034, 0.0, 0.0, 0.05, 0.5, 0.5, 0.05, 0.5, 0.5, 0.0, 1.0, 0.0, 0.03123784830004396, 0.2293443977788285, 246.0, 0.0, 0.0];[0.1717349081255417, 0.20696356116651105, 42.24477680151627, -1.1102230246251565e-16, -0.4, 19.669837020531673, -14.0, -14.0, -1.0, 0.0, 0.0, -1.0, 0.0, 0.0, -0.26894036796460163];15.260112300049514;14.514887999976054
268;[nan, nan, nan];False;False;[0.0, 7.25, 1.4500000000000002, 0.0, 2.0, 11.101871259775407, 0.39560382131420024, 0.45072700525417086, 3058.254515120715, 17427.04062878927, 12440.823168751529, 0.0, 3.0, 0.0, 0.025, 0.044984818412849945, 0.3333333333333333, 0.3333333333333333, 0.06495048643218583, 0.3333333333333333, 0.3333333333333333, 0.04568534663385268, 0.3333333333333333, 0.3333333333333333, 0.056999876083810685, 0.28001063919935076, 0.2946810734689513, 0.07239125019263885, 0.06564511224070933, 0.4073675215295515, 0.06248112895360217, 0.3333333333333333, 0.3333333333333333, 0.0, 0.0, 0.0, 0.030000000000000002, 0.255, 0.0, 1.0, 2.0];[nan, nan, nan, nan, nan, nan, nan, nan, nan, nan, nan, nan, nan, nan, nan];101.1105240000179;14.514887999976054
269;[16.779876026987, 2064.655198834098, 105.26347389927255];True;False;[1.0, 3.5382203527867473, 1.3327905628055456, 1.0, 0.0, 8.851711079681902, 0.5, 0.5, 7185.88675606665, 10500.0, 10500.0, 0.0, 3.0, 0.0, 0.025, 0.0003861483112527383, 0.0, 0.0, 0.05, 0.5, 0.5, 0.05, 0.5, 0.5, 0.023929556680692785, 0.0, 0.0, 0.05, 0.5, 0.5, 0.05, 0.5, 0.5, 0.0, 0.0, 0.0, 0.030000000000000002, 0.255, 0.0, 0.0, 0.0];[-0.059077234334150575, -0.45721216465459547, -9.015462292803388, 2.220446049250313e-16, -0.4, -10.016856288133903, -14.0, -14.0, -1.0, 0.0, 0.0, -1.0, 0.0, 0.0, -0.1604135609986302];17.548273399937898;14.514887999976054
270;[15.658339251272444, 3410.9879542776207, 105.70763975503482];True;False;[1.0, 3.1576407332951115, 1.6162817275345938, 1.0, 1.0, 13.157819580156627, 0.31805123016677, 0.5, 13785.947335431625, 7276.382809534686, 10500.0, 1.0, 3.1490142483076684, 0.0, 0.025, 0.050419684856703895, 0.14149845637542854, 0.0, 0.04869782540713356, 0.5140530478366673, 0.0, 0.05, 0.5, 0.5, 0.03346158568071955, 0.717128382726524, 0.0, 0.030980801529990682, 0.12642298332426638, 0.0, 0.05, 0.5, 0.5, 0.0, 1.0, 0.0, 0.031935383654063586, 0.14590092273945557, 248.0, 1.0, 1.0];[0.5600462153720285, -0.3843724575432277, -5.129416730381799, -0.26248331573661043, -0.58194876983323, -11.713737616293574, -13.467333852593923, -14.0, -0.8585015436245714, -0.4859469521633327, 0.0, -0.282871617273476, -0.8735770166757336, 0.0, -0.3095990368203695];38.94831460004207;14.514887999976054
271;[10.525694298118744, 3374.3998313129073, 106.92601942868919];True;False;[1.0, 6.689155426654019, 1.2550744289251412, 0.0, 1.0, 21.889313664090555, 0.3994053577815043, 0.5, 19025.26437736765, 16301.935543228374, 10500.0, 1.0, 1.7802926723377839, 0.0, 0.025, 0.05840306455423248, 0.3834885271846002, 0.0, 0.03296021239590193, 0.44578880646361174, 0.0, 0.05, 0.5, 0.5, 0.09710631401696518, 0.0, 0.0, 0.0527819659308825, 0.36930886314166184, 0.0, 0.05, 0.5, 0.5, 0.0, 0.0, 0.0, 0.030000000000000002, 0.255, 0.0, 0.0, 1.0];[0.4377281737652341, 0.09257242771981078, 8.778557845287946, 0.0, -0.5005946422184957, -9.878878080823585, -11.59436933234039, -14.0, -0.6165114728153998, -0.5542111935363883, 0.0, -1.0, -0.6306911368583381, 0.0, -0.23022216352132147];15.427570799947716;27.933801600011066
272;[12.664970200177756, 2521.976366018508, 108.35421594153169];True;False;[1.0, 4.604843143086514, 1.6488827619274864, 0.0, 0.0, 20.1211934083192, 0.5, 0.5, 5759.758381051453, 10500.0, 10500.0, 0.0, 3.0, 0.0, 0.025, 0.032167621166381215, 0.0, 0.0, 0.05, 0.5, 0.5, 0.05, 0.5, 0.5, 0.07652510663210532, 0.0, 0.0, 0.05, 0.5, 0.5, 0.05, 0.5, 0.5, 0.0, 1.0, 0.0, 0.03244136616011094, 0.23680044333639147, 42.0, 0.0, 0.0];[-0.35537375871772614, -0.3088574357748679, 3.8453607963816694, 0.0, -0.4, -2.7970745568361526, -14.0, -14.0, -1.0, 0.0, 0.0, -1.0, 0.0, 0.0, -0.20816363470886523];6.225320799974725;27.933801600011066
273;[12.971746555036793, 2614.8233822440934, 108.56999593811153];True;False;[1.0, 4.495758546317779, 1.4956822562503087, 0.0, 1.0, 11.897039747938292, 0.10037198557245341, 0.5, 5725.477064623236, 19389.928228984885, 10500.0, 0.0, 3.0, 0.0, 0.025, 0.049132844190571075, 0.26290312045278486, 0.0, 0.029270920829342795, 0.6332630887792193, 0.0, 0.05, 0.5, 0.5, 0.09077663368756787, 0.3757026040503983, 0.0, 0.06734510698703432, 0.6690340413597219, 0.0, 0.05, 0.5, 0.5, 0.0, 0.0, 0.0, 0.030000000000000002, 0.255, 0.0, 0.0, 1.0];[0.16391554058866298, -0.23286427480880922, -6.023190544890252, -1.1102230246251565e-16, -0.7996280144275466, -6.556451288047647, -14.057948690008647, -14.0, -0.7370968795472151, -0.36673691122078067, 0.0, -0.6242973959496017, -0.3309659586402781, 0.0, -0.19270595074439612];16.819087899988517;27.933801600011066
274;[nan, nan, nan];False;False;[1.0, 3.7423000085410294, 1.5878782845511783, 1.0, 1.0, 17.074102020197206, 0.2345543539709672, 0.5, 3835.2521314851897, 15099.027279863734, 10500.0, 0.0, 3.0, 0.0, 0.025, 0.04833950362940778, 0.48615157953252697, 0.0, 0.06770377578011438, 0.14532966846815523, 0.0, 0.05, 0.5, 0.5, 0.08292307009313526, 0.60240243923252, 0.0, 0.039114404771684506, 0.7069229137375185, 0.0, 0.05, 0.5, 0.5, 0.0, 1.0, 0.0, 0.03540279913355816, 0.2668903934312252, 189.0, 0.0, 1.0];[nan, nan, nan, nan, nan, nan, nan, nan, nan, nan, nan, nan, nan, nan, nan];28.026851299917325;27.933801600011066
275;[nan, nan, nan];False;False;[0.0, 7.25, 1.4500000000000002, 0.0, 0.0, 16.296006070109133, 0.5, 0.5, 13782.25915459746, 10500.0, 10500.0, 0.0, 3.0, 0.0, 0.025, 0.039930810253709495, 0.0, 0.0, 0.05, 0.5, 0.5, 0.05, 0.5, 0.5, 0.012828406053155281, 0.0, 0.0, 0.05, 0.5, 0.5, 0.05, 0.5, 0.5, 0.0, 0.0, 0.0, 0.030000000000000002, 0.255, 0.0, 0.0, 0.0];[nan, nan, nan, nan, nan, nan, nan, nan, nan, nan, nan, nan, nan, nan, nan];13.900178499985486;27.933801600011066
276;[27.503537715942365, 1099.0856575121063, 119.02665432918187];True;False;[0.0, 7.25, 1.4500000000000002, 0.0, 0.0, 14.934911973205212, 0.5, 0.5, 15179.481565152986, 10500.0, 10500.0, 0.0, 3.0, 0.0, 0.025, 0.009315204144918536, 0.0, 0.0, 0.05, 0.5, 0.5, 0.05, 0.5, 0.5, 0.033360700993587095, 0.0, 0.0, 0.05, 0.5, 0.5, 0.05, 0.5, 0.5, 0.0, 0.0, 0.0, 0.030000000000000002, 0.255, 0.0, 0.0, 0.0];[0.29829409307815347, -1.4839607218026947, -2.672426573144305, 0.7192869866972826, -0.4, -0.06508802679478798, -14.0, -14.0, -1.0, 0.0, 0.0, -1.0, 0.0, 0.0, 0.03789432133117987];16.704815299948677;23.295646099955775
277;[nan, nan, nan];False;False;[0.0, 7.25, 1.4500000000000002, 0.0, 1.0, 4.044269422748334, 0.7246145913241385, 0.5, 13471.29104860027, 5583.259563607487, 10500.0, 0.0, 3.0, 0.0, 0.025, 0.05900333118038203, 0.8669791579182864, 0.0, 0.06931464897374465, 0.3818948034626228, 0.0, 0.05, 0.5, 0.5, 0.007767773932767643, 0.40480945109841815, 0.0, 0.0867291515978318, 0.6175749557138224, 0.0, 0.05, 0.5, 0.5, 0.0, 0.0, 0.0, 0.030000000000000002, 0.255, 0.0, 1.0, 1.0];[nan, nan, nan, nan, nan, nan, nan, nan, nan, nan, nan, nan, nan, nan, nan];57.8048765999265;23.295646099955775
278;[27.241257468464063, 1127.4773720113303, 118.66568295705174];True;False;[0.0, 7.25, 1.4500000000000002, 0.0, 0.0, 13.943999893965476, 0.5, 0.5, 13575.258302633112, 10500.0, 10500.0, 0.0, 3.0, 0.0, 0.025, 0.00035138359691077014, 0.0, 0.0, 0.05, 0.5, 0.5, 0.05, 0.5, 0.5, 0.09261640291754838, 0.0, 0.0, 0.05, 0.5, 0.5, 0.05, 0.5, 0.5, 0.0, 0.0, 0.0, 0.030000000000000002, 0.255, 0.0, 0.0, 0.0];[0.3781592189654779, -1.4633874866820549, -3.8147793344664223, 0.6768612741996218, -0.4, -1.0560001060345243, -14.0, -14.0, -1.0, 0.0, 0.0, -1.0, 0.0, 0.0, 0.029087926181108337];9.043167200055905;23.295646099955775
279;[23.270964585141897, 2094.622855614613, 110.7169589344634];True;False;[1.0, 2.518667579692656, 1.1848207535031055, 0.0, 0.0, 8.142536227425635, 0.5, 0.5, 15603.427149316662, 10500.0, 10500.0, 0.0, 3.0, 0.0, 0.025, 0.00010162079993357417, 0.0, 0.0, 0.05, 0.5, 0.5, 0.05, 0.5, 0.5, 0.034697950475968097, 0.0, 0.0, 0.05, 0.5, 0.5, 0.05, 0.5, 0.5, 0.0, 1.0, 0.0, 0.03812051471865477, 0.11574893847918062, 13.0, 0.0, 0.0];[-0.10382096331728974, -0.3856468765925354, -9.585615602208932, 4.440892098500626e-16, -0.4, -8.127621875839893, -14.0, -14.0, -1.0, 0.0, 0.0, -1.0, 0.0, 0.0, -0.3512717624483883];32.96557420003228;23.295646099955775
280;[30.28740859388913, 1180.6192312967135, 118.70053799662334];True;False;[0.0, 7.25, 1.4500000000000002, 0.0, 1.0, 7.973080554750556, 0.4606950493843607, 0.5, 10997.43474258439, 6154.584171588794, 10500.0, 0.0, 3.0, 0.0, 0.025, 0.0, 0.0, 0.0, 0.06236714017396055, 0.5567464885189679, 0.0, 0.05, 0.5, 0.5, 0.0014383752977200962, 0.18891856079012587, 0.0, 0.04341697551756739, 0.3838785061950298, 0.0, 0.05, 0.5, 0.5, 0.0, 0.0, 0.0, 0.030000000000000002, 0.255, 0.0, 0.0, 1.0];[0.9761754257925173, -1.407710562544293, -9.508438841330747, 0.5327115122894988, -0.43930495061563934, -11.944913530600186, -12.390227532146772, -14.0, -1.0, -0.4432535114810321, 0.0, -0.8110814392098742, -0.6161214938049702, 0.0, 0.01844078000974292];38.418949399958365;23.295646099955775
281;[nan, nan, nan];False;False;[0.0, 7.25, 1.4500000000000002, 0.0, 1.0, 9.30188389809472, 0.1905022889040198, 0.5, 8590.300255681723, 12108.677680252444, 10500.0, 0.0, 3.0, 0.0, 0.025, 0.05500710602046354, 0.513866666669982, 0.0, 0.019235839169591228, 0.7682927058816857, 0.0, 0.05, 0.5, 0.5, 0.044042750774553274, 1.0, 0.0, 0.0032324106524148377, 0.3615814529192762, 0.0, 0.05, 0.5, 0.5, 0.0, 0.0, 0.0, 0.030000000000000002, 0.255, 0.0, 1.0, 1.0];[nan, nan, nan, nan, nan, nan, nan, nan, nan, nan, nan, nan, nan, nan, nan];67.56849420000799;24.418826299952343
282;[nan, nan, nan];False;False;[0.0, 7.25, 1.4500000000000002, 0.0, 0.0, 9.708986400854714, 0.5, 0.5, 16737.37583518013, 10500.0, 10500.0, 0.0, 3.0, 0.0, 0.025, 0.017803496729412574, 0.0, 0.0, 0.05, 0.5, 0.5, 0.05, 0.5, 0.5, 0.04289381707582219, 0.0, 0.0, 0.05, 0.5, 0.5, 0.05, 0.5, 0.5, 0.0, 0.0, 0.0, 0.030000000000000002, 0.255, 0.0, 0.0, 0.0];[nan, nan, nan, nan, nan, nan, nan, nan, nan, nan, nan, nan, nan, nan, nan];40.566175999934785;24.418826299952343
283;[nan, nan, nan];False;False;[0.0, 7.25, 1.4500000000000002, 0.0, 0.0, 17.757538914494788, 0.5, 0.5, 6664.293791884162, 10500.0, 10500.0, 0.0, 3.0, 0.0, 0.025, 0.06107247416461639, 0.0, 0.0, 0.05, 0.5, 0.5, 0.05, 0.5, 0.5, 0.0289296579526081, 0.0, 0.0, 0.05, 0.5, 0.5, 0.05, 0.5, 0.5, 0.0, 0.0, 0.0, 0.030000000000000002, 0.255, 0.0, 0.0, 0.0];[nan, nan, nan, nan, nan, nan, nan, nan, nan, nan, nan, nan, nan, nan, nan];44.79663579992484;24.418826299952343
284;[25.65410861112365, 1530.1430134581358, 116.54478904160052];True;False;[0.0, 7.25, 1.4500000000000002, 0.0, 2.0, 8.66986008497485, 0.7742655457171795, 0.8795898785829807, 1218.359647035614, 19993.005088590355, 13702.072815876918, 0.0, 3.0, 0.0, 0.025, 0.07735877827974648, 0.3333333333333333, 0.3333333333333333, 0.052745510309492406, 0.3333333333333333, 0.3333333333333333, 0.0572423703320094, 0.3333333333333333, 0.3333333333333333, 0.010938794997081851, 0.7880702854763176, 0.0, 0.09392492470972641, 0.3333333333333333, 0.3333333333333333, 0.0896377903763822, 0.3333333333333333, 0.3333333333333333, 0.0, 0.0, 0.0, 0.030000000000000002, 0.255, 0.0, 2.0, 1.0];[1.94758378327273, -1.280218662783495, -8.74529533207841, 0.47568517962492485, -0.12573445428282048, -12.945667691852877, -12.945667691852877, -12.945667691852877, -0.33333333333333337, -0.33333333333333337, -0.33333333333333337, -0.21192971452368237, -0.33333333333333337, -0.33333333333333337, -0.01563561946384312];66.70393439999316;24.418826299952343
285;[23.582884330165026, 1313.910514573, 117.64576720558068];True;False;[0.0, 7.25, 1.4500000000000002, 0.0, 0.0, 26.56943218236956, 0.5, 0.5, 8345.414467759332, 10500.0, 10500.0, 0.0, 3.0, 0.0, 0.025, 0.099929439651046, 0.0, 0.0, 0.05, 0.5, 0.5, 0.05, 0.5, 0.5, 0.04693093437202635, 0.0, 0.0, 0.05, 0.5, 0.5, 0.05, 0.5, 0.5, 0.0, 0.0, 0.0, 0.030000000000000002, 0.255, 0.0, 0.0, 0.0];[0.4712863633344204, -1.4393979591388326, 14.139553345796063, 0.7476436592983688, -0.4, 11.56943218236956, -14.0, -14.0, -1.0, 0.0, 0.0, -1.0, 0.0, 0.0, 0.019176518130116116];4.762850400060415;24.418826299952343
286;[25.632377022636472, 1340.1140727401207, 117.55060819086853];True;False;[0.0, 7.25, 1.4500000000000002, 0.0, 1.0, 12.843704239767938, 0.2555461915229268, 0.5, 11169.717831595039, 2891.410885658996, 10500.0, 0.0, 3.0, 0.0, 0.025, 0.048531609822249126, 0.14815275903145553, 0.0, 0.04941546767814506, 0.6748651822094033, 0.0, 0.05, 0.5, 0.5, 0.06616406345030766, 0.8289587876570064, 0.0, 0.07472392149871228, 0.6624281486834065, 0.0, 0.05, 0.5, 0.5, 0.0, 0.0, 0.0, 0.030000000000000002, 0.255, 0.0, 1.0, 0.0];[1.0946056763578849, -1.3793303966788657, -4.479053254757035, 0.6042215486147482, -0.6444538084770732, -8.883129028187332, -12.900281974402699, -14.0, -0.8518472409685445, -0.3251348177905967, 0.0, -0.17104121234299363, -0.3375718513165935, 0.0, 0.007466088488707778];21.819437099969946;26.448926399927586
287;[15.662683721024905, 2064.6160469591414, 109.13294650300058];True;True;[1.0, 3.5017311493317447, 1.6027714619368294, 0.0, 0.0, 12.362650059905672, 0.5, 0.5, 13863.438565159675, 10500.0, 10500.0, 0.0, 3.0, 0.0, 0.025, 0.04717937118868115, 0.0, 0.0, 0.05, 0.5, 0.5, 0.05, 0.5, 0.5, 0.04295334756417188, 0.0, 0.0, 0.05, 0.5, 0.5, 0.05, 0.5, 0.5, 0.0, 0.0, 0.0, 0.030000000000000002, 0.255, 0.0, 0.0, 0.0];[-0.38194235832029033, -0.429755094493383, -5.477885458076122, 0.0, -0.4, -7.286704403280094, -14.0, -14.0, -1.0, 0.0, 0.0, -1.0, 0.0, 0.0, -0.1675949606288612];8.937973599997349;26.448926399927586
288;[nan, nan, nan];False;False;[0.0, 7.25, 1.4500000000000002, 0.0, 0.0, 8.356893842564238, 0.5, 0.5, 15211.226232270872, 10500.0, 10500.0, 0.0, 3.0, 0.0, 0.025, 0.04838664214207097, 0.0, 0.0, 0.05, 0.5, 0.5, 0.05, 0.5, 0.5, 0.05371579289899414, 0.0, 0.0, 0.05, 0.5, 0.5, 0.05, 0.5, 0.5, 0.0, 0.0, 0.0, 0.030000000000000002, 0.255, 0.0, 0.0, 0.0];[nan, nan, nan, nan, nan, nan, nan, nan, nan, nan, nan, nan, nan, nan, nan];25.420480599976145;26.448926399927586
289;[25.737592736402846, 1179.2734161360934, 118.43690570666637];True;False;[0.0, 7.25, 1.4500000000000002, 0.0, 0.0, 18.50055198354708, 0.5, 0.5, 12473.18809892315, 10500.0, 10500.0, 0.0, 3.0, 0.0, 0.025, 0.053862182972116285, 0.0, 0.0, 0.05, 0.5, 0.5, 0.05, 0.5, 0.5, 0.044594194604053394, 0.0, 0.0, 0.05, 0.5, 0.5, 0.05, 0.5, 0.5, 0.0, 0.0, 0.0, 0.030000000000000002, 0.255, 0.0, 0.0, 0.0];[0.37172421296217895, -1.465045142511647, 1.8137315941819168, 0.7323771945463478, -0.4, 3.50055198354708, -14.0, -14.0, -1.0, 0.0, 0.0, -1.0, 0.0, 0.0, 0.029786792502846438];18.326354800025;26.448926399927586
290;[27.29419685800079, 1110.4498934633248, 118.91422134291626];True;False;[0.0, 7.25, 1.4500000000000002, 0.0, 0.0, 15.028264543770216, 0.5, 0.5, 8558.940329434812, 10500.0, 10500.0, 0.0, 3.0, 0.0, 0.025, 0.04203789884237242, 0.0, 0.0, 0.05, 0.5, 0.5, 0.05, 0.5, 0.5, 0.015108894657867432, 0.0, 0.0, 0.05, 0.5, 0.5, 0.05, 0.5, 0.5, 0.0, 0.0, 0.0, 0.030000000000000002, 0.255, 0.0, 0.0, 0.0];[0.31808320471098295, -1.478863051925794, -2.5624641536145667, 0.7133867821221929, -0.4, 0.028264543770216477, -14.0, -14.0, -1.0, 0.0, 0.0, -1.0, 0.0, 0.0, 0.03568505048233439];17.975317900069058;26.448926399927586
291;[23.198151021445042, 1469.8649905813845, 117.44706642375445];True;False;[0.0, 7.25, 1.4500000000000002, 0.0, 1.0, 27.23098474504074, 0.7700091430036354, 0.5, 12460.90346931895, 8177.098778715581, 10500.0, 0.0, 3.0, 0.0, 0.025, 0.02997195782109371, 0.4080338395636167, 0.0, 0.036348465012533054, 0.6010776365250805, 0.0, 0.05, 0.5, 0.5, 0.04272689935787208, 0.49074231297767995, 0.0, 0.04544675143420935, 0.2294567137084425, 0.0, 0.05, 0.5, 0.5, 0.0, 0.0, 0.0, 0.030000000000000002, 0.255, 0.0, 1.0, 1.0];[1.0040282113929653, -1.401036029041397, 18.40981236713521, 0.7406423666441984, -0.1299908569963646, -12.148068971879614, -5.451737971030878, -14.0, -0.5919661604363833, -0.3989223634749195, 0.0, -0.50925768702232, -0.7705432862915575, 0.0, 0.015817243331233355];37.068080299999565;24.782190900063142
292;[24.699195573895206, 1393.0471055149835, 117.26330625416826];True;False;[0.0, 7.25, 1.4500000000000002, 0.0, 1.0, 14.849653316784527, 0.18621988161088973, 0.5, 7551.458615360765, 12282.809809265076, 10500.0, 0.0, 3.0, 0.0, 0.025, 0.07304728805954075, 0.4539472361156701, 0.0, 0.056610088665622706, 0.5199916154331409, 0.0, 0.05, 0.5, 0.5, 0.08822239738172433, 0.4626189354554463, 0.0, 0.045011954835276625, 0.5047772978162275, 0.0, 0.05, 0.5, 0.5, 0.0, 0.0, 0.0, 0.030000000000000002, 0.255, 0.0, 1.0, 1.0];[1.130177574867151, -1.370806084900231, -2.12131005997254, 0.6148238023021355, -0.7137801183891103, -6.944385557200153, -13.15660823612813, -14.0, -0.5460527638843299, -0.4800083845668591, 0.0, -0.5373810645445537, -0.4952227021837725, 0.0, 0.004259878390256544];42.23627009999473;24.782190900063142
293;[16.417404534435786, 1936.7971563139688, 109.17213714693855];True;True;[1.0, 3.0442240731518178, 1.7005732632029347, 0.0, 0.0, 12.952331099822857, 0.5, 0.5, 1258.2808833325034, 10500.0, 10500.0, 0.0, 3.0, 0.0, 0.025, 0.031984421353366786, 0.0, 0.0, 0.05, 0.5, 0.5, 0.05, 0.5, 0.5, 0.03190822063991424, 0.0, 0.0, 0.05, 0.5, 0.5, 0.05, 0.5, 0.5, 0.0, 0.0, 0.0, 0.030000000000000002, 0.255, 0.0, 0.0, 0.0];[-0.4310427322905177, -0.5134452055800445, -4.835695230864761, 0.0, -0.4, -7.3835500768559275, -14.0, -14.0, -1.0, 0.0, 0.0, -1.0, 0.0, 0.0, -0.1540311980589601];8.026531300041825;24.782190900063142
294;[nan, nan, nan];False;False;[0.0, 7.25, 1.4500000000000002, 0.0, 1.0, 10.236598325928806, 0.47344086196312174, 0.5, 11100.243839351959, 8487.322835532615, 10500.0, 0.0, 3.0, 0.0, 0.025, 0.05366947784050561, 0.4217255617890209, 0.0, 0.009926879017477165, 0.34797605711443474, 0.0, 0.05, 0.5, 0.5, 0.092370910618345, 0.3955519610424878, 0.0, 0.09158556028147301, 0.43224156946190634, 0.0, 0.05, 0.5, 0.5, 0.0, 0.0, 0.0, 0.030000000000000002, 0.255, 0.0, 0.0, 1.0];[nan, nan, nan, nan, nan, nan, nan, nan, nan, nan, nan, nan, nan, nan, nan];57.85881809995044;24.782190900063142
295;[37.15579745714851, 1422.0068797105225, 117.19535122321372];True;False;[0.0, 7.25, 1.4500000000000002, 0.0, 2.0, 3.533231068764561, 0.3028572840827004, 0.32564484847797825, 8109.091705842977, 7463.8319332722685, 9233.965171203707, 0.0, 3.0, 0.0, 0.025, 0.00033442870229847963, 0.7368480313477229, 0.18476137951853186, 0.016595498830378936, 0.39898054677263517, 0.5026565992862658, 0.05388244113802975, 0.5781849005894734, 0.3506413336013762, 0.05317889467914938, 0.7615387678868214, 0.1488366415434637, 0.030311282741408242, 0.3333333333333333, 0.3333333333333333, 0.04233132507342243, 0.49988849339940256, 0.24147846369422138, 0.0, 0.0, 0.0, 0.030000000000000002, 0.255, 0.0, 1.0, 0.0];[2.153934070625194, -1.2341394953548999, -12.97889230729048, 0.187895567560316, -0.5971427159172996, -13.296400574164684, -13.61116969841663, -13.506671436050908, -0.07839058913374519, -0.098362853941099, -0.07117376580915047, -0.08962459056971483, -0.33333333333333337, -0.2586330429063761, -0.03065661727447122];92.83458290004637;24.782190900063142
296;[26.228209730388393, 1163.7957060282758, 118.46086391171694];True;False;[0.0, 7.25, 1.4500000000000002, 0.0, 0.0, 16.415844454466452, 0.5, 0.5, 17690.56170003393, 10500.0, 10500.0, 0.0, 3.0, 0.0, 0.025, 0.04990146703046063, 0.0, 0.0, 0.05, 0.5, 0.5, 0.05, 0.5, 0.5, 0.05780521355209245, 0.0, 0.0, 0.05, 0.5, 0.5, 0.05, 0.5, 0.5, 0.0, 0.0, 0.0, 0.030000000000000002, 0.255, 0.0, 0.0, 0.0];[0.38722359992974287, -1.4610525045640232, -0.8804905640707918, 0.7049334363501627, -0.4, 1.415844454466452, -14.0, -14.0, -1.0, 0.0, 0.0, -1.0, 0.0, 0.0, 0.028106621677958965];21.018048700061627;23.216657800017856
297;[16.140500686028634, 2592.8843770585013, 104.6419980757548];True;True;[1.0, 2.166817192114792, 1.6374685947971663, 1.0, 0.0, 15.454732121276283, 0.5, 0.5, 13696.633952185692, 10500.0, 10500.0, 1.0, 3.5261570916899547, 0.0, 0.025, 0.034252370883582, 0.0, 0.0, 0.05, 0.5, 0.5, 0.05, 0.5, 0.5, 0.09876835652579813, 0.0, 0.0, 0.05, 0.5, 0.5, 0.05, 0.5, 0.5, 0.0, 0.0, 0.0, 0.030000000000000002, 0.255, 0.0, 0.0, 0.0];[-0.08385856636882139, -0.6494592605955276, -2.180827130034949, 0.0, -0.4, -9.236112135856905, -14.0, -14.0, -1.0, 0.0, 0.0, -1.0, 0.0, 0.0, -0.12509670286008162];6.9134049999993294;23.216657800017856
298;[nan, nan, nan];False;False;[0.0, 7.25, 1.4500000000000002, 0.0, 1.0, 27.50801739292903, 0.6816012129376938, 0.5, 17102.607680930527, 14940.895396125794, 10500.0, 0.0, 3.0, 0.0, 0.025, 0.02959586296026209, 0.2221867927272571, 0.0, 0.047125374434488526, 0.6085619050764762, 0.0, 0.05, 0.5, 0.5, 0.07103296955776232, 0.3572311357961618, 0.0, 0.07192276532079349, 0.6510191520321573, 0.0, 0.05, 0.5, 0.5, 0.0, 0.0, 0.0, 0.030000000000000002, 0.255, 0.0, 0.0, 0.0];[nan, nan, nan, nan, nan, nan, nan, nan, nan, nan, nan, nan, nan, nan, nan];47.69629700004589;23.216657800017856
299;[21.469864713953537, 2961.221412274654, 104.27980137528954];True;False;[1.0, 2.0, 1.1253498139832177, 1.0, 0.0, 13.196124143646202, 0.5, 0.5, 6679.982595175634, 10500.0, 10500.0, 1.0, 2.4278763860090575, 0.0, 0.025, 0.03991576073360745, 0.0, 0.0, 0.05, 0.5, 0.5, 0.05, 0.5, 0.5, 0.0011771589567136469, 0.0, 0.0, 0.05, 0.5, 0.5, 0.05, 0.5, 0.5, 0.0, 0.0, 0.0, 0.030000000000000002, 0.255, 0.0, 0.0, 0.0];[0.18471398605773803, -0.5342897819588295, -4.642135623696877, 1.7763568394002505e-15, -0.4, -4.579913946094502, -14.0, -14.0, -1.0, 0.0, 0.0, -1.0, 0.0, 0.0, -0.1447453793058594];18.607720999978483;23.216657800017856
300;[nan, nan, nan];False;False;[0.0, 7.25, 1.4500000000000002, 0.0, 1.0, 4.832379320811276, 0.7271676181651822, 0.5, 6479.37710402946, 12798.672494166925, 10500.0, 0.0, 3.0, 0.0, 0.025, 0.08304357238808063, 0.4542315678014585, 0.0, 0.05682256413373671, 0.7372185464552079, 0.0, 0.05, 0.5, 0.5, 0.00032792339803452584, 0.528306580659667, 0.0, 0.06739147053111766, 0.212433635714995, 0.0, 0.05, 0.5, 0.5, 0.0, 0.0, 0.0, 0.030000000000000002, 0.255, 0.0, 1.0, 1.0];[nan, nan, nan, nan, nan, nan, nan, nan, nan, nan, nan, nan, nan, nan, nan];64.54628030001186;23.216657800017856
301;[nan, nan, nan];False;False;[0.0, 7.25, 1.4500000000000002, 0.0, 1.0, 4.8656769560211846, 0.5640961899051626, 0.5, 9474.420883335153, 9022.053092015456, 10500.0, 0.0, 3.0, 0.0, 0.025, 0.0, 0.7499162632053227, 0.0, 0.05634704690399111, 0.4595607007604528, 0.0, 0.05, 0.5, 0.5, 0.08482787619640446, 0.816168658920418, 0.0, 0.03316087735173084, 0.5714368600614754, 0.0, 0.05, 0.5, 0.5, 0.0, 0.0, 0.0, 0.030000000000000002, 0.255, 0.0, 0.0, 0.0];[nan, nan, nan, nan, nan, nan, nan, nan, nan, nan, nan, nan, nan, nan, nan];73.87807579990476;24.267587900045328
302;[13.16547609587826, 2182.5335905926554, 108.70332154641045];True;False;[1.0, 4.496644254750429, 1.7975342234800493, 0.0, 0.0, 17.145672874434513, 0.5, 0.5, 15609.743390580279, 10500.0, 10500.0, 0.0, 3.0, 0.0, 0.025, 0.03192133731996768, 0.0, 0.0, 0.05, 0.5, 0.5, 0.05, 0.5, 0.5, 0.0, 0.0, 0.0, 0.05, 0.5, 0.5, 0.05, 0.5, 0.5, 0.0, 0.0, 0.0, 0.030000000000000002, 0.255, 0.0, 0.0, 0.0];[-0.49355796322728995, -0.4099029058658128, 0.22848755960142242, 0.0, -0.4, -5.46155970191195, -14.0, -14.0, -1.0, 0.0, 0.0, -1.0, 0.0, 0.0, -0.17163795609682753];5.860788100049831;24.267587900045328
303;[nan, nan, nan];False;False;[0.0, 7.25, 1.4500000000000002, 0.0, 1.0, 6.500614850794879, 0.6169602351801968, 0.5, 7393.231752451518, 7609.06838882614, 10500.0, 0.0, 3.0, 0.0, 0.025, 0.05200324068267481, 0.9499278374144233, 0.0, 0.005788158887998275, 0.9163049611943768, 0.0, 0.05, 0.5, 0.5, 0.0015341989097500083, 0.1579991140537805, 0.0, 0.05278804735032347, 0.20909855451324413, 0.0, 0.05, 0.5, 0.5, 0.0, 0.0, 0.0, 0.030000000000000002, 0.255, 0.0, 0.0, 1.0];[nan, nan, nan, nan, nan, nan, nan, nan, nan, nan, nan, nan, nan, nan, nan];54.64211150002666;24.267587900045328
304;[nan, nan, nan];False;False;[0.0, 7.25, 1.4500000000000002, 0.0, 1.0, 7.286277667872575, 0.7409636561490481, 0.5, 12279.103492427172, 5075.931045805835, 10500.0, 0.0, 3.0, 0.0, 0.025, 0.02029681939321358, 0.6177894312549566, 0.0, 0.03480519106180032, 0.6038807426284621, 0.0, 0.05, 0.5, 0.5, 0.08395768918697283, 0.6055392055998711, 0.0, 0.05620585441227745, 0.6615618703497576, 0.0, 0.05, 0.5, 0.5, 0.0, 0.0, 0.0, 0.030000000000000002, 0.255, 0.0, 1.0, 1.0];[nan, nan, nan, nan, nan, nan, nan, nan, nan, nan, nan, nan, nan, nan, nan];53.9131016000174;24.267587900045328
305;[nan, nan, nan];False;False;[0.0, 7.25, 1.4500000000000002, 0.0, 0.0, 7.536546523348827, 0.5, 0.5, 14634.699286608367, 10500.0, 10500.0, 0.0, 3.0, 0.0, 0.025, 0.0, 0.0, 0.0, 0.05, 0.5, 0.5, 0.05, 0.5, 0.5, 0.006859490349586142, 0.0, 0.0, 0.05, 0.5, 0.5, 0.05, 0.5, 0.5, 0.0, 0.0, 0.0, 0.030000000000000002, 0.255, 0.0, 0.0, 0.0];[nan, nan, nan, nan, nan, nan, nan, nan, nan, nan, nan, nan, nan, nan, nan];23.535263999947347;24.267587900045328
306;[nan, nan, nan];False;False;[0.0, 7.25, 1.4500000000000002, 0.0, 1.0, 35.34514493402446, 0.1, 0.5, 15124.825100415455, 10080.768984943477, 10500.0, 0.0, 3.0, 1.0, 0.041628156046025905, 0.009153928128931245, 0.38381951233208833, 0.0, 0.0874679808396571, 0.27264897779293423, 0.0, 0.05, 0.5, 0.5, 0.02077437900031716, 0.07330989395483631, 0.0, 0.0009508224612441831, 0.5720755417440377, 0.0, 0.05, 0.5, 0.5, 0.0, 0.0, 0.0, 0.030000000000000002, 0.255, 0.0, 0.0, 1.0];[nan, nan, nan, nan, nan, nan, nan, nan, nan, nan, nan, nan, nan, nan, nan];41.47928920004051;18.784702999982983
307;[36.7095166341111, 1088.188145833003, 118.34918631056279];True;False;[0.0, 7.25, 1.4500000000000002, 0.0, 0.0, 4.343875305287749, 0.5, 0.5, 1000.0, 10500.0, 10500.0, 0.0, 3.0, 0.0, 0.025, 0.08870849520131835, 0.0, 0.0, 0.05, 0.5, 0.5, 0.05, 0.5, 0.5, 0.0, 0.0, 0.0, 0.05, 0.5, 0.5, 0.05, 0.5, 0.5, 0.0, 0.0, 0.0, 0.030000000000000002, 0.255, 0.0, 0.0, 0.0];[0.7247274842770981, -1.3741115940018138, -12.489569916351144, 0.29386624988361687, -0.4, -10.65612469471225, -14.0, -14.0, -1.0, 0.0, 0.0, -1.0, 0.0, 0.0, -0.006007700399554783];14.463103399961255;18.784702999982983
308;[nan, nan, nan];False;False;[0.0, 7.25, 1.4500000000000002, 0.0, 0.0, 9.232688981325566, 0.5, 0.5, 12307.793704354523, 10500.0, 10500.0, 0.0, 3.0, 0.0, 0.025, 0.03301378454901104, 0.0, 0.0, 0.05, 0.5, 0.5, 0.05, 0.5, 0.5, 0.07959258404648564, 0.0, 0.0, 0.05, 0.5, 0.5, 0.05, 0.5, 0.5, 0.0, 0.0, 0.0, 0.030000000000000002, 0.255, 0.0, 0.0, 0.0];[nan, nan, nan, nan, nan, nan, nan, nan, nan, nan, nan, nan, nan, nan, nan];24.533563300035894;18.784702999982983
309;[nan, nan, nan];False;False;[0.0, 7.25, 1.4500000000000002, 0.0, 0.0, 8.776998876913364, 0.5, 0.5, 7359.105439842984, 10500.0, 10500.0, 0.0, 3.0, 0.0, 0.025, 0.04080098920172577, 0.0, 0.0, 0.05, 0.5, 0.5, 0.05, 0.5, 0.5, 0.05404711207014304, 0.0, 0.0, 0.05, 0.5, 0.5, 0.05, 0.5, 0.5, 0.0, 0.0, 0.0, 0.030000000000000002, 0.255, 0.0, 0.0, 0.0];[nan, nan, nan, nan, nan, nan, nan, nan, nan, nan, nan, nan, nan, nan, nan];26.418666500016116;18.784702999982983
310;[nan, nan, nan];False;False;[0.0, 7.25, 1.4500000000000002, 0.0, 2.0, 4.045333065313498, 0.8007816899956518, 0.33622877718855937, 1534.3811140545374, 3718.0772722976476, 8704.111287634894, 0.0, 3.0, 0.0, 0.025, 0.03341803304093167, 0.21668696260516035, 0.4948008420827027, 0.06554415580718982, 0.3333333333333333, 0.3333333333333333, 0.04338439533760343, 0.5338612423837285, 0.41759795052124676, 0.09378363908056045, 0.3894217802387339, 0.4271779154168868, 0.040646139837170414, 0.3333333333333333, 0.3333333333333333, 0.06401223242093035, 0.20957813724460408, 0.3401769709824236, 0.0, 0.0, 0.0, 0.030000000000000002, 0.255, 0.0, 0.0, 2.0];[nan, nan, nan, nan, nan, nan, nan, nan, nan, nan, nan, nan, nan, nan, nan];109.14828039996792;18.784702999982983
311;[nan, nan, nan];False;False;[0.0, 7.25, 1.4500000000000002, 0.0, 0.0, 11.16757159318054, 0.5, 0.5, 6460.79454449241, 10500.0, 10500.0, 0.0, 3.0, 0.0, 0.025, 0.08689742907707831, 0.0, 0.0, 0.05, 0.5, 0.5, 0.05, 0.5, 0.5, 0.09005230386055768, 0.0, 0.0, 0.05, 0.5, 0.5, 0.05, 0.5, 0.5, 0.0, 0.0, 0.0, 0.030000000000000002, 0.255, 0.0, 0.0, 0.0];[nan, nan, nan, nan, nan, nan, nan, nan, nan, nan, nan, nan, nan, nan, nan];40.961211499990895;20.86028839997016
312;[nan, nan, nan];False;False;[1.0, 5.196245281619294, 1.226860272103411, 0.0, 1.0, 14.909698218358406, 0.11759136660330202, 0.5, 9964.58808615326, 9719.21365205582, 10500.0, 1.0, 3.275662871866363, 0.0, 0.025, 0.020618122311942, 0.43214392544814456, 0.0, 0.045904331126119774, 0.39450326422063065, 0.0, 0.05, 0.5, 0.5, 0.04070284481158944, 0.3055847491981927, 0.0, 0.0618681240131457, 0.7909702933094326, 0.0, 0.05, 0.5, 0.5, 0.0, 1.0, 1.0, 0.03500510889530116, 0.15552586580491606, 73.0, 1.0, 1.0];[nan, nan, nan, nan, nan, nan, nan, nan, nan, nan, nan, nan, nan, nan, nan];95.79092110006604;20.86028839997016
313;[nan, nan, nan];False;False;[0.0, 7.25, 1.4500000000000002, 0.0, 1.0, 16.129817828353712, 0.19112697904265472, 0.5, 16193.87251033425, 11552.007656492202, 10500.0, 0.0, 3.0, 0.0, 0.025, 0.035838196126914655, 0.45344145096571975, 0.0, 0.055217416726069724, 0.5429857546625123, 0.0, 0.05, 0.5, 0.5, 0.0842963938677097, 0.5803661599654739, 0.0, 0.06533046853622451, 0.4001387224499873, 0.0, 0.05, 0.5, 0.5, 0.0, 0.0, 0.0, 0.030000000000000002, 0.255, 0.0, 1.0, 1.0];[nan, nan, nan, nan, nan, nan, nan, nan, nan, nan, nan, nan, nan, nan, nan];59.60055289999582;20.86028839997016
314;[nan, nan, nan];False;False;[0.0, 7.25, 1.4500000000000002, 0.0, 1.0, 28.73295737793572, 0.37155113525775796, 0.5, 7829.8022827057275, 9012.167879659026, 10500.0, 0.0, 3.0, 0.0, 0.025, 0.006428958565319761, 0.14873030862782372, 0.0, 0.030929916524363256, 0.42344005222923947, 0.0, 0.05, 0.5, 0.5, 0.009572298079620815, 0.64611319384322, 0.0, 0.04816514918472717, 0.21710501941589364, 0.0, 0.05, 0.5, 0.5, 0.0, 0.0, 0.0, 0.030000000000000002, 0.255, 0.0, 0.0, 1.0];[nan, nan, nan, nan, nan, nan, nan, nan, nan, nan, nan, nan, nan, nan, nan];63.709990600007586;20.86028839997016
315;[nan, nan, nan];False;False;[0.0, 7.25, 1.4500000000000002, 0.0, 1.0, 6.147084554678438, 0.3684471963653143, 0.5, 6329.775291879044, 8015.3571064757125, 10500.0, 0.0, 3.0, 0.0, 0.025, 0.06556199836510841, 0.31745801412609814, 0.0, 0.017354454580648753, 0.20656234750507452, 0.0, 0.05, 0.5, 0.5, 0.08268924916358147, 0.6310701828866876, 0.0, 0.031145699556232843, 0.8595777470727224, 0.0, 0.05, 0.5, 0.5, 0.0, 0.0, 0.0, 0.030000000000000002, 0.255, 0.0, 1.0, 0.0];[nan, nan, nan, nan, nan, nan, nan, nan, nan, nan, nan, nan, nan, nan, nan];58.12706599989906;20.86028839997016
316;[32.414039425884674, 1037.679439040611, 119.15137280593956];True;False;[0.0, 7.25, 1.4500000000000002, 0.0, 0.0, 7.153560505147361, 0.5, 0.5, 15649.006353550792, 10500.0, 10500.0, 0.0, 3.0, 0.0, 0.025, 0.0, 0.0, 0.0, 0.05, 0.5, 0.5, 0.05, 0.5, 0.5, 0.0447107587414701, 0.0, 0.0, 0.05, 0.5, 0.5, 0.05, 0.5, 0.5, 0.0, 0.0, 0.0, 0.030000000000000002, 0.255, 0.0, 0.0, 0.0];[0.43657524056378794, -1.4483395351036639, -10.40831039203114, 0.5041339987676332, -0.4, -7.846439494852639, -14.0, -14.0, -1.0, 0.0, 0.0, -1.0, 0.0, 0.0, 0.022827065115074374];10.596045200014487;23.61572979995981
317;[41.45712974153426, 2295.280983389659, 105.75039187259739];True;True;[1.0, 5.960075327103166, 1.3966089624253328, 1.0, 1.0, 14.099275878269943, 0.35065489436518915, 0.5, 5649.425935508952, 6569.245878727624, 10500.0, 1.0, 1.9126348363272068, 0.0, 0.025, 0.04045709339456725, 0.41944651655090615, 0.0, 0.06129119399505237, 0.2892809590045372, 0.0, 0.05, 0.5, 0.5, 0.034872542465732514, 0.12914357862167108, 0.0, 0.08777801796463786, 0.27058887010506977, 0.0, 0.05, 0.5, 0.5, 0.0, 1.0, 0.0, 0.03333054659639293, 0.06966218378036595, 126.0, 1.0, 0.0];[-0.10339048705245002, -0.5312474691138558, -3.6694751774592937, 0.0, -0.5493451056348109, -11.341345388319914, -13.024278407206623, -14.0, -0.5805534834490939, -0.7107190409954628, 0.0, -0.870856421378329, -0.7294111298949302, 0.0, -0.40382452318522466];33.24223979993258;23.61572979995981
318;[25.83399716516278, 1161.1789604317476, 118.69935215227099];True;False;[0.0, 7.25, 1.4500000000000002, 0.0, 0.0, 20.056551684285083, 0.5, 0.5, 3905.1064954204166, 10500.0, 10500.0, 0.0, 3.0, 0.0, 0.025, 0.04261537079409041, 0.0, 0.0, 0.05, 0.5, 0.5, 0.05, 0.5, 0.5, 0.0118347114122349, 0.0, 0.0, 0.05, 0.5, 0.5, 0.05, 0.5, 0.5, 0.0, 0.0, 0.0, 0.030000000000000002, 0.255, 0.0, 0.0, 0.0];[0.308695156391952, -1.4812814106680565, 3.955535563724272, 0.7715542550625814, -0.4, 5.056551684285083, -14.0, -14.0, -1.0, 0.0, 0.0, -1.0, 0.0, 0.0, 0.036730872056411346];5.155242100008763;23.61572979995981
319;[23.3678603008816, 1315.2483741773904, 117.94339622540079];True;False;[0.0, 7.25, 1.4500000000000002, 0.0, 0.0, 33.64923310697841, 0.5, 0.5, 7130.892730061944, 10500.0, 10500.0, 0.0, 3.0, 0.0, 0.025, 0.02782634319722954, 0.0, 0.0, 0.05, 0.5, 0.5, 0.05, 0.5, 0.5, 0.04029463844636295, 0.0, 0.0, 0.05, 0.5, 0.5, 0.05, 0.5, 0.5, 0.0, 0.0, 0.0, 0.030000000000000002, 0.255, 0.0, 0.0, 0.0];[0.38277690291881505, -1.4621979725276673, 27.469972859191742, 0.8185305560673697, -0.4, 18.649233106978407, -14.0, -14.0, -1.0, 0.0, 0.0, -1.0, 0.0, 0.0, 0.0285875631960264];4.636830099974759;23.61572979995981
320;[25.841948072476054, 1167.2286683543205, 118.58826463061777];True;False;[0.0, 7.25, 1.4500000000000002, 0.0, 0.0, 19.100626179742136, 0.5, 0.5, 7244.020517097426, 10500.0, 10500.0, 0.0, 3.0, 0.0, 0.025, 0.036746554905007875, 0.0, 0.0, 0.05, 0.5, 0.5, 0.05, 0.5, 0.5, 0.03856010190107188, 0.0, 0.0, 0.05, 0.5, 0.5, 0.05, 0.5, 0.5, 0.0, 0.0, 0.0, 0.030000000000000002, 0.255, 0.0, 0.0, 0.0];[0.3377763357717445, -1.4737901066186498, 2.626464043528884, 0.7513252391943439, -0.4, 4.100626179742136, -14.0, -14.0, -1.0, 0.0, 0.0, -1.0, 0.0, 0.0, 0.03350443790865465];5.180326299974695;23.61572979995981
321;[16.038440070787022, 2391.31770850704, 108.82288308980799];True;False;[1.0, 2.945812891905919, 1.396655599050388, 0.0, 1.0, 11.866980376264499, 0.5346873633513802, 0.5, 6844.565593498266, 10531.899582607968, 10500.0, 0.0, 3.0, 0.0, 0.025, 0.043648352907107134, 0.6543974317292143, 0.0, 0.07122256674370009, 0.48800943082412085, 0.0, 0.05, 0.5, 0.5, 0.061297090010711736, 0.3331652220484237, 0.0, 0.06670632651601231, 0.27426388135819096, 0.0, 0.05, 0.5, 0.5, 0.0, 0.0, 0.0, 0.030000000000000002, 0.255, 0.0, 1.0, 1.0];[0.258262604703269, -0.3442816325924718, -5.572548632556577, -1.1102230246251565e-16, -0.3653126366486198, -12.280757670773676, -11.87533843525201, -14.0, -0.3456025682707857, -0.5119905691758792, 0.0, -0.6668347779515763, -0.725736118641809, 0.0, -0.1758980143392624];21.19881680002436;25.43236259999685
322;[nan, nan, nan];False;False;[1.0, 2.201606176339664, 1.34978352627548, 1.0, 0.0, 17.62366408663449, 0.5, 0.5, 3177.2328252729612, 10500.0, 10500.0, 0.0, 3.0, 0.0, 0.025, 0.057157777991166274, 0.0, 0.0, 0.05, 0.5, 0.5, 0.05, 0.5, 0.5, 0.06751881320907487, 0.0, 0.0, 0.05, 0.5, 0.5, 0.05, 0.5, 0.5, 0.0, 0.0, 0.0, 0.030000000000000002, 0.255, 0.0, 0.0, 0.0];[nan, nan, nan, nan, nan, nan, nan, nan, nan, nan, nan, nan, nan, nan, nan];49.12982740008738;25.43236259999685
323;[nan, nan, nan];False;False;[1.0, 3.068375949368397, 1.7326534372269777, 0.0, 1.0, 22.985692082870305, 0.5969534327895304, 0.5, 10368.6251631138, 8701.34317965047, 10500.0, 1.0, 2.9744887728633875, 0.0, 0.025, 0.015005157951745885, 0.46722354217411805, 0.0, 0.02165293404958782, 0.0, 0.0, 0.05, 0.5, 0.5, 0.05227636288448139, 0.6903283773920179, 0.0, 0.08844761249266808, 0.021555413122445004, 0.0, 0.05, 0.5, 0.5, 0.0, 0.0, 0.0, 0.030000000000000002, 0.255, 0.0, 1.0, 1.0];[nan, nan, nan, nan, nan, nan, nan, nan, nan, nan, nan, nan, nan, nan, nan];75.4769677000586;25.43236259999685
324;[26.149978755631434, 1312.045027213304, 117.94840272593176];True;False;[0.0, 7.25, 1.4500000000000002, 0.0, 1.0, 13.831588065824292, 0.6447649954838128, 0.5, 12715.00136905729, 19827.40280758342, 10500.0, 0.0, 3.0, 0.0, 0.025, 0.05260182682094573, 0.6503720280698847, 0.0, 0.003340335726992408, 0.7674026719924754, 0.0, 0.05, 0.5, 0.5, 0.039276089608626975, 0.3174547735588165, 0.0, 0.081450390882611, 0.4509664434210225, 0.0, 0.05, 0.5, 0.5, 0.0, 0.0, 0.0, 0.030000000000000002, 0.255, 0.0, 0.0, 0.0];[1.0113839950783827, -1.3992733175714354, -3.1977830717175593, 0.6317425428085597, -0.2552350045161872, -12.23946552955361, -9.989525320584868, -14.0, -0.3496279719301153, -0.23259732800752464, 0.0, -0.6825452264411835, -0.5490335565789775, 0.0, 0.015128806440148801];22.165498499991372;25.43236259999685
325;[16.092835599024546, 2153.826178852946, 108.60643842967914];True;True;[1.0, 3.2334973738535897, 1.4577206788455006, 0.0, 0.0, 14.601448956779347, 0.5, 0.5, 7240.6722165418305, 10500.0, 10500.0, 0.0, 3.0, 0.0, 0.025, 0.06279749104925267, 0.0, 0.0, 0.05, 0.5, 0.5, 0.05, 0.5, 0.5, 0.046517582035393384, 0.0, 0.0, 0.05, 0.5, 0.5, 0.05, 0.5, 0.5, 0.0, 0.0, 0.0, 0.030000000000000002, 0.255, 0.0, 0.0, 0.0];[-0.3058646435020034, -0.4119305246119942, -2.959370014081811, -3.3306690738754696e-16, -0.4, -4.983369812422817, -14.0, -14.0, -1.0, 0.0, 0.0, -1.0, 0.0, 0.0, -0.16982239613780237];21.510842700023204;25.43236259999685
326;[nan, nan, nan];False;False;[0.0, 7.25, 1.4500000000000002, 0.0, 0.0, 6.386373248122794, 0.5, 0.5, 13873.557598768848, 10500.0, 10500.0, 0.0, 3.0, 0.0, 0.025, 0.0016861836382428019, 0.0, 0.0, 0.05, 0.5, 0.5, 0.05, 0.5, 0.5, 0.021432730726652756, 0.0, 0.0, 0.05, 0.5, 0.5, 0.05, 0.5, 0.5, 0.0, 0.0, 0.0, 0.030000000000000002, 0.255, 0.0, 0.0, 0.0];[nan, nan, nan, nan, nan, nan, nan, nan, nan, nan, nan, nan, nan, nan, nan];42.029708199901506;23.99737249989994
327;[26.410577413184868, 1302.7769226755906, 117.8448660378892];True;False;[0.0, 7.25, 1.4500000000000002, 0.0, 1.0, 12.071748882862936, 0.3874281739593206, 0.5, 4102.913704681122, 10439.010659458478, 10500.0, 0.0, 3.0, 0.0, 0.025, 0.0921750952740216, 0.5043078383880919, 0.0, 0.038626777594810244, 0.590727774358495, 0.0, 0.05, 0.5, 0.5, 0.0033466707602212717, 0.3813413139001719, 0.0, 0.06822247151149874, 0.22772123186855206, 0.0, 0.05, 0.5, 0.5, 0.0, 0.0, 0.0, 0.030000000000000002, 0.255, 0.0, 1.0, 0.0];[1.0502336906231573, -1.389963527225486, -5.2889608622027175, 0.6031035357436441, -0.5125718260406794, -10.631141229677482, -12.23686447251034, -14.0, -0.4956921616119081, -0.409272225641505, 0.0, -0.6186586860998281, -0.7722787681314479, 0.0, 0.01152308487740672];13.17210820002947;23.99737249989994
328;[nan, nan, nan];False;False;[0.0, 7.25, 1.4500000000000002, 0.0, 1.0, 24.062859438081652, 0.6323127657260572, 0.5, 12349.72568878612, 6685.078770581149, 10500.0, 0.0, 3.0, 0.0, 0.025, 0.017013744398575583, 0.9268307541731142, 0.0, 0.08848294640864802, 0.2702757204243385, 0.0, 0.05, 0.5, 0.5, 0.04568022549469282, 0.787739529993366, 0.0, 0.05720885075961462, 0.33317450361828843, 0.0, 0.05, 0.5, 0.5, 0.0, 0.0, 0.0, 0.030000000000000002, 0.255, 0.0, 1.0, 1.0];[nan, nan, nan, nan, nan, nan, nan, nan, nan, nan, nan, nan, nan, nan, nan];25.92907600000035;23.99737249989994
329;[nan, nan, nan];False;False;[0.0, 7.25, 1.4500000000000002, 0.0, 0.0, 10.134531220503266, 0.5, 0.5, 15561.520761168702, 10500.0, 10500.0, 0.0, 3.0, 0.0, 0.025, 0.0989168907151491, 0.0, 0.0, 0.05, 0.5, 0.5, 0.05, 0.5, 0.5, 0.026232720239821674, 0.0, 0.0, 0.05, 0.5, 0.5, 0.05, 0.5, 0.5, 0.0, 0.0, 0.0, 0.030000000000000002, 0.255, 0.0, 0.0, 0.0];[nan, nan, nan, nan, nan, nan, nan, nan, nan, nan, nan, nan, nan, nan, nan];43.64321569993626;23.99737249989994
330;[nan, nan, nan];False;False;[0.0, 7.25, 1.4500000000000002, 0.0, 0.0, 10.98910924501981, 0.5, 0.5, 4703.539461288854, 10500.0, 10500.0, 0.0, 3.0, 0.0, 0.025, 0.051644985583978245, 0.0, 0.0, 0.05, 0.5, 0.5, 0.05, 0.5, 0.5, 0.0380430404429898, 0.0, 0.0, 0.05, 0.5, 0.5, 0.05, 0.5, 0.5, 0.0, 0.0, 0.0, 0.030000000000000002, 0.255, 0.0, 0.0, 0.0];[nan, nan, nan, nan, nan, nan, nan, nan, nan, nan, nan, nan, nan, nan, nan];43.080813999986276;23.99737249989994
331;[nan, nan, nan];False;False;[0.0, 7.25, 1.4500000000000002, 0.0, 1.0, 8.23310625555797, 0.25215189764394164, 0.5, 10405.381267969107, 1688.3724386158174, 10500.0, 0.0, 3.0, 0.0, 0.025, 0.028194324904471126, 0.06808366782814287, 0.0, 0.05652783781061602, 0.1566778609869958, 0.0, 0.05, 0.5, 0.5, 0.06452994804621787, 0.5682017934268213, 0.0, 0.061888362368297235, 0.36732060287204904, 0.0, 0.05, 0.5, 0.5, 0.0, 0.0, 0.0, 0.030000000000000002, 0.255, 0.0, 1.0, 1.0];[nan, nan, nan, nan, nan, nan, nan, nan, nan, nan, nan, nan, nan, nan, nan];71.57162980001885;20.926340300007723
332;[15.219359781836014, 2075.0178338687306, 103.82262810157067];True;True;[1.0, 2.9099856905117534, 1.4038604456878434, 1.0, 0.0, 16.557631381356973, 0.5, 0.5, 15638.476756354703, 10500.0, 10500.0, 0.0, 3.0, 0.0, 0.025, 0.04491782994201631, 0.0, 0.0, 0.05, 0.5, 0.5, 0.05, 0.5, 0.5, 0.03529741584107992, 0.0, 0.0, 0.05, 0.5, 0.5, 0.05, 0.5, 0.5, 0.0, 0.0, 0.0, 0.030000000000000002, 0.255, 0.0, 0.0, 0.0];[-0.0894351802208293, -0.5467128118099986, -0.7170841485885244, 0.0, -0.4, -6.5986256951266125, -14.0, -14.0, -1.0, 0.0, 0.0, -1.0, 0.0, 0.0, -0.14501202998648166];7.008648100076243;20.926340300007723
333;[25.218549620391187, 1206.9935259815184, 118.25620379606315];True;False;[0.0, 7.25, 1.4500000000000002, 0.0, 0.0, 19.954060933387733, 0.5, 0.5, 16009.635670337091, 10500.0, 10500.0, 0.0, 3.0, 0.0, 0.025, 0.04573982360772534, 0.0, 0.0, 0.05, 0.5, 0.5, 0.05, 0.5, 0.5, 0.06655866068620672, 0.0, 0.0, 0.05, 0.5, 0.5, 0.05, 0.5, 0.5, 0.0, 0.0, 0.0, 0.030000000000000002, 0.255, 0.0, 0.0, 0.0];[0.39404892147195003, -1.4592943035557355, 3.8110149020315838, 0.7365350531767398, -0.4, 4.9540609333877335, -14.0, -14.0, -1.0, 0.0, 0.0, -1.0, 0.0, 0.0, 0.027370115451853305];5.932955100084655;20.926340300007723
334;[27.40358856496576, 1256.738528975896, 118.44766736323615];True;False;[0.0, 7.25, 1.4500000000000002, 0.0, 1.0, 12.979451860289018, 0.6694771422700234, 0.5, 14533.047583925814, 1323.8542211395334, 10500.0, 0.0, 3.0, 0.0, 0.025, 0.029733974430394328, 0.07046784869614744, 0.0, 0.0045466974382568515, 0.2860513041959456, 0.0, 0.05, 0.5, 0.5, 0.05919148262588976, 0.762522631586895, 0.0, 0.022517132927243624, 0.6533494917732192, 0.0, 0.05, 0.5, 0.5, 0.0, 0.0, 0.0, 0.030000000000000002, 0.255, 0.0, 1.0, 1.0];[0.9324467339869038, -1.418189536629013, -4.256715037228933, 0.6346286631892222, -0.2305228577299766, -12.468598409046876, -9.872622381736758, -14.0, -0.9295321513038526, -0.7139486958040544, 0.0, -0.23747736841310496, -0.3466505082267808, 0.0, 0.022613989283323477];29.086468299967237;20.926340300007723
335;[22.58772570748109, 1404.0129956505937, 117.1534905911976];True;False;[0.0, 7.25, 1.4500000000000002, 0.0, 0.0, 31.956828017554248, 0.5, 0.5, 17405.41377922706, 10500.0, 10500.0, 0.0, 3.0, 0.0, 0.025, 0.09027309604928688, 0.0, 0.0, 0.05, 0.5, 0.5, 0.05, 0.5, 0.5, 0.08403470380138095, 0.0, 0.0, 0.05, 0.5, 0.5, 0.05, 0.5, 0.5, 0.0, 0.0, 0.0, 0.030000000000000002, 0.255, 0.0, 0.0, 0.0];[0.5464551575302767, -1.4200344978089365, 24.066668451890656, 0.7375915320147408, -0.4, 16.956828017554248, -14.0, -14.0, -1.0, 0.0, 0.0, -1.0, 0.0, 0.0, 0.01144319411862671];5.8824253000784665;20.926340300007723
336;[nan, nan, nan];False;False;[0.0, 7.25, 1.4500000000000002, 0.0, 0.0, 18.038974386902016, 0.5, 0.5, 18212.583046009193, 10500.0, 10500.0, 0.0, 3.0, 0.0, 0.025, 0.023297033580665157, 0.0, 0.0, 0.05, 0.5, 0.5, 0.05, 0.5, 0.5, 0.03961484187183916, 0.0, 0.0, 0.05, 0.5, 0.5, 0.05, 0.5, 0.5, 0.0, 0.0, 0.0, 0.030000000000000002, 0.255, 0.0, 0.0, 0.0];[nan, nan, nan, nan, nan, nan, nan, nan, nan, nan, nan, nan, nan, nan, nan];33.45866180001758;30.321993999998085
337;[nan, nan, nan];False;False;[0.0, 7.25, 1.4500000000000002, 0.0, 1.0, 18.377075962765037, 0.3547910686586514, 0.5, 13973.05744813307, 7014.788695456584, 10500.0, 0.0, 3.0, 0.0, 0.025, 0.022025229998203888, 0.37562459233791295, 0.0, 0.07154518490637171, 0.5991661602266036, 0.0, 0.05, 0.5, 0.5, 0.041782866658105364, 0.5292114655203234, 0.0, 0.032901955068996055, 0.8224511639918917, 0.0, 0.05, 0.5, 0.5, 0.0, 0.0, 0.0, 0.030000000000000002, 0.255, 0.0, 1.0, 0.0];[nan, nan, nan, nan, nan, nan, nan, nan, nan, nan, nan, nan, nan, nan, nan];60.553254000027664;30.321993999998085
338;[nan, nan, nan];False;False;[0.0, 7.25, 1.4500000000000002, 0.0, 0.0, 16.68344549061025, 0.5, 0.5, 13445.045476181562, 10500.0, 10500.0, 0.0, 3.0, 0.0, 0.025, 0.030844587197549758, 0.0, 0.0, 0.05, 0.5, 0.5, 0.05, 0.5, 0.5, 0.0005726407248443317, 0.0, 0.0, 0.05, 0.5, 0.5, 0.05, 0.5, 0.5, 0.0, 0.0, 0.0, 0.030000000000000002, 0.255, 0.0, 0.0, 0.0];[nan, nan, nan, nan, nan, nan, nan, nan, nan, nan, nan, nan, nan, nan, nan];47.1568800000241;30.321993999998085
339;[nan, nan, nan];False;False;[0.0, 7.25, 1.4500000000000002, 0.0, 0.0, 7.707616932294345, 0.5, 0.5, 18238.413093070296, 10500.0, 10500.0, 0.0, 3.0, 0.0, 0.025, 0.017597555729272, 0.0, 0.0, 0.05, 0.5, 0.5, 0.05, 0.5, 0.5, 0.020987691871244756, 0.0, 0.0, 0.05, 0.5, 0.5, 0.05, 0.5, 0.5, 0.0, 0.0, 0.0, 0.030000000000000002, 0.255, 0.0, 0.0, 0.0];[nan, nan, nan, nan, nan, nan, nan, nan, nan, nan, nan, nan, nan, nan, nan];29.73935450008139;30.321993999998085
340;[26.654268774930205, 1303.292709855902, 117.90494532811786];True;False;[0.0, 7.25, 1.4500000000000002, 0.0, 1.0, 12.241564952858653, 0.461210877186526, 0.5, 7903.118365305201, 15551.01083406365, 10500.0, 0.0, 3.0, 0.0, 0.025, 0.05619357342557538, 0.7371381313386686, 0.0, 0.06726663245890732, 0.7741884309503132, 0.0, 0.05, 0.5, 0.5, 0.054157703235652235, 0.2466747493161403, 0.0, 0.013625109339849874, 0.25478391969328823, 0.0, 0.05, 0.5, 0.5, 0.0, 0.0, 0.0, 0.030000000000000002, 0.255, 0.0, 0.0, 1.0];[1.045432123041679, -1.3911141562558642, -5.075889577854463, 0.5976892097645012, -0.43878912281347404, -11.21837805261461, -11.762879758162377, -14.0, -0.26286186866133143, -0.2258115690496868, 0.0, -0.7533252506838597, -0.7452160803067118, 0.0, 0.01196599223016237];57.699343399959616;30.321993999998085
341;[13.222407281467701, 3029.0218403400872, 103.81633940762059];True;False;[1.0, 3.7298198262887734, 1.324971312234853, 1.0, 1.0, 15.492982785712432, 0.6851026742303523, 0.5, 15722.375791590357, 14557.21785102023, 10500.0, 1.0, 3.3323870002086102, 0.0, 0.025, 0.04024934980051776, 0.6841848505341872, 0.0, 0.010366444400034348, 0.51614066526626, 0.0, 0.05, 0.5, 0.5, 0.09385204726570802, 0.47540525381919185, 0.0, 0.04989315189140741, 0.12521390361187798, 0.0, 0.05, 0.5, 0.5, 0.0, 0.0, 0.0, 0.030000000000000002, 0.255, 0.0, 1.0, 0.0];[0.5074816777267248, -0.3486901747607005, -1.4143521834115909, 2.220446049250313e-16, -0.2148973257696477, -12.985961821713682, -10.618181454626434, -14.0, -0.3158151494658128, -0.48385933473374, 0.0, -0.5245947461808081, -0.874786096388122, 0.0, -0.17327954332986195];21.32631179993041;27.318882300052792
342;[nan, nan, nan];False;False;[0.0, 7.25, 1.4500000000000002, 0.0, 2.0, 25.164737160658763, 0.298143295777646, 0.5660129224899221, 11481.465880397918, 14783.066305308375, 9817.469043998515, 0.0, 3.0, 0.0, 0.025, 0.09020874375415507, 0.28593273012569687, 0.40817710602101387, 0.01922648047524505, 0.3333333333333333, 0.3333333333333333, 0.033970068417191183, 0.5010385340213183, 0.3032450348349187, 0.042210515152579065, 0.3333333333333333, 0.3333333333333333, 0.059877640801235546, 0.5611532597754382, 0.335826436045905, 0.03815011615327461, 0.3333333333333333, 0.3333333333333333, 0.0, 0.0, 0.0, 0.030000000000000002, 0.255, 0.0, 0.0, 1.0];[nan, nan, nan, nan, nan, nan, nan, nan, nan, nan, nan, nan, nan, nan, nan];105.67892360000405;27.318882300052792
343;[nan, nan, nan];False;False;[1.0, 2.1587579266532635, 1.3364270917740106, 1.0, 2.0, 10.419367775321874, 0.33988547323531104, 0.3615953730302397, 9621.007595393561, 17248.230337441615, 6345.530273426184, 0.0, 3.0, 0.0, 0.025, 0.07287031803218351, 0.29092402893990055, 0.5157255711011913, 0.031525428623437456, 0.3333333333333333, 0.3333333333333333, 0.07026829942565281, 0.4344724001837915, 0.3720811813845567, 0.08875657635639936, 0.23024275483877807, 0.4831556951238401, 0.08686588933955164, 0.3333333333333333, 0.3333333333333333, 0.04654461320170456, 0.48281192411821483, 0.4295560802854953, 0.0, 0.0, 0.0, 0.030000000000000002, 0.255, 0.0, 1.0, 1.0];[nan, nan, nan, nan, nan, nan, nan, nan, nan, nan, nan, nan, nan, nan, nan];104.51969260000624;27.318882300052792
344;[nan, nan, nan];False;False;[0.0, 7.25, 1.4500000000000002, 0.0, 1.0, 30.968661301677084, 0.24397682763726983, 0.5, 5584.892114040646, 5981.666814293982, 10500.0, 0.0, 3.0, 1.0, 0.02466650200879321, 0.035443635644408084, 0.43736876558715126, 0.0, 0.07658301652503106, 0.29666977839237973, 0.0, 0.05, 0.5, 0.5, 0.05551005682460413, 0.3116620148940563, 0.0, 0.04632018053335602, 0.653064086491214, 0.0, 0.05, 0.5, 0.5, 0.0, 0.0, 0.0, 0.030000000000000002, 0.255, 0.0, 1.0, 1.0];[nan, nan, nan, nan, nan, nan, nan, nan, nan, nan, nan, nan, nan, nan, nan];74.72481689997949;27.318882300052792
345;[nan, nan, nan];False;False;[0.0, 7.25, 1.4500000000000002, 0.0, 1.0, 2.7394331042212796, 0.6250477980622305, 0.5, 12236.066511427354, 14135.033725003152, 10500.0, 0.0, 3.0, 0.0, 0.025, 0.03574852647069926, 0.7502395169456081, 0.0, 0.043018737728452175, 0.7019096367826926, 0.0, 0.05, 0.5, 0.5, 0.0919116713492758, 0.8327225921336949, 0.0, 0.06892881534670728, 0.6125995838498145, 0.0, 0.05, 0.5, 0.5, 0.0, 0.0, 0.0, 0.030000000000000002, 0.255, 0.0, 0.0, 1.0];[nan, nan, nan, nan, nan, nan, nan, nan, nan, nan, nan, nan, nan, nan, nan];57.62607080000453;27.318882300052792
346;[nan, nan, nan];False;False;[1.0, 4.112668023181805, 1.600826113364168, 0.0, 1.0, 14.8976647345996, 0.5503852395014096, 0.5, 11475.08002174866, 13274.909405831038, 10500.0, 1.0, 2.412193733497155, 0.0, 0.025, 0.03422512744721897, 0.3008969838779445, 0.0, 0.06172906594113399, 0.5709036279806247, 0.0, 0.05, 0.5, 0.5, 0.004766188862308972, 0.42270277069809603, 0.0, 0.05981725107770663, 0.5595315949727069, 0.0, 0.05, 0.5, 0.5, 1.0, 0.0, 0.0, 0.030000000000000002, 0.255, 0.0, 0.0, 1.0];[nan, nan, nan, nan, nan, nan, nan, nan, nan, nan, nan, nan, nan, nan, nan];97.7950753000332;29.055756099987775
347;[nan, nan, nan];False;False;[1.0, 5.126486268500651, 1.529441683836435, 1.0, 2.0, 15.739557515159879, 0.37874783787314203, 0.2445427502002348, 1000.0, 18162.815907974757, 1745.664252055812, 0.0, 3.0, 1.0, 0.02669072549403073, 0.020689184353290535, 0.05159543638047639, 0.07260007701926319, 0.05378444451907804, 0.3333333333333333, 0.3333333333333333, 0.03838809025959958, 0.7486526591393825, 0.13122564141131124, 0.031152732317456494, 0.599233642293073, 0.2336741439173061, 0.024506829147467497, 0.3333333333333333, 0.3333333333333333, 0.03874566924344377, 0.3333333333333333, 0.3333333333333333, 1.0, 0.0, 0.0, 0.030000000000000002, 0.255, 0.0, 0.0, 2.0];[nan, nan, nan, nan, nan, nan, nan, nan, nan, nan, nan, nan, nan, nan, nan];75.70317839994095;29.055756099987775
348;[nan, nan, nan];False;False;[0.0, 7.25, 1.4500000000000002, 0.0, 2.0, 14.741924918491973, 0.5267776437382906, 0.4133740271881604, 3739.132586202189, 14018.486808575792, 10868.204585077956, 0.0, 3.0, 1.0, 0.026268170799209525, 0.04203790444819896, 0.22820432235340393, 0.2912773199532493, 0.09144951086049156, 0.3333333333333333, 0.3333333333333333, 0.014526334123460766, 0.3333333333333333, 0.3333333333333333, 0.04436340682569162, 0.614615278201176, 0.10440341237689635, 0.019434765897377637, 0.3333333333333333, 0.3333333333333333, 0.060444748797929354, 0.3333333333333333, 0.3333333333333333, 0.0, 0.0, 0.0, 0.030000000000000002, 0.255, 0.0, 0.0, 2.0];[nan, nan, nan, nan, nan, nan, nan, nan, nan, nan, nan, nan, nan, nan, nan];101.6973316000076;29.055756099987775
349;[nan, nan, nan];False;False;[1.0, 3.710595384962761, 1.7165488925831833, 1.0, 2.0, 9.88109340501435, 0.4859657056788127, 0.6436648626662007, 15470.028156299088, 12885.771396254255, 13770.522424169456, 0.0, 3.0, 1.0, 0.02245438646963691, 0.04545176663681618, 0.49422952028940703, 0.0, 0.014014261772412946, 0.3333333333333333, 0.3333333333333333, 0.06804109017966045, 0.5400169305598931, 0.1527841604507651, 0.06065754081596635, 0.6293461594978148, 0.04142908278985621, 0.0505934566575462, 0.3333333333333333, 0.3333333333333333, 0.07250749090228815, 0.3333333333333333, 0.3333333333333333, 0.0, 1.0, 0.0, 0.013082663532179285, 0.2829035373462064, 2.0, 1.0, 1.0];[nan, nan, nan, nan, nan, nan, nan, nan, nan, nan, nan, nan, nan, nan, nan];172.89281119999941;29.055756099987775
350;[13.123740611980539, 4267.994035847112, 108.60316679919947];True;False;[1.0, 2.8857303374628778, 1.550774531050212, 0.0, 2.0, 37.0216165114332, 0.40707033317455443, 0.33406956999741555, 5998.318017066155, 10079.84409884168, 10911.389539947266, 1.0, 1.4890512655320634, 1.0, 0.006301758000448729, 0.07511951680538574, 0.803386534996384, 0.1749828234524549, 0.025074196791998873, 0.3333333333333333, 0.3333333333333333, 0.054793758353667614, 0.3333333333333333, 0.3333333333333333, 0.02304164435094077, 0.44454947161235997, 0.5532767958157675, 0.058230151883553266, 0.3333333333333333, 0.3333333333333333, 0.04883476088143506, 0.3333333333333333, 0.3333333333333333, 0.0, 1.0, 0.0, 0.029407929484495172, 0.32392147257667914, 77.0, 0.0, 2.0];[1.4912331429873094, -0.19026731800634478, 244.59839224921842, -1.1102230246251565e-16, -0.4929296668254456, -12.725722148224405, -11.423585349004805, -12.064951171280526, -0.021630641551161123, -0.33333333333333337, -0.33333333333333337, -0.0021737325718724776, -0.33333333333333337, -0.33333333333333337, -0.10531724570872525];39.969797499943525;29.055756099987775
351;[nan, nan, nan];False;False;[0.0, 7.25, 1.4500000000000002, 0.0, 0.0, 9.601635405318842, 0.5, 0.5, 10674.10913944507, 10500.0, 10500.0, 0.0, 3.0, 0.0, 0.025, 0.017512243270181457, 0.0, 0.0, 0.05, 0.5, 0.5, 0.05, 0.5, 0.5, 8.58911067446653e-05, 0.0, 0.0, 0.05, 0.5, 0.5, 0.05, 0.5, 0.5, 0.0, 0.0, 0.0, 0.030000000000000002, 0.255, 0.0, 0.0, 0.0];[nan, nan, nan, nan, nan, nan, nan, nan, nan, nan, nan, nan, nan, nan, nan];30.239334400044754;26.686889400007203
352;[nan, nan, nan];False;False;[1.0, 8.013764389071309, 1.7490130687328318, 0.0, 0.0, 33.98969746182094, 0.5, 0.5, 6719.412012348665, 10500.0, 10500.0, 0.0, 3.0, 0.0, 0.025, 0.003418519150124958, 0.0, 0.0, 0.05, 0.5, 0.5, 0.05, 0.5, 0.5, 0.04806335822153027, 0.0, 0.0, 0.05, 0.5, 0.5, 0.05, 0.5, 0.5, 0.0, 1.0, 0.0, 0.028607758253503736, 0.37881843121436476, 63.0, 0.0, 0.0];[nan, nan, nan, nan, nan, nan, nan, nan, nan, nan, nan, nan, nan, nan, nan];42.233763800002635;26.686889400007203
353;[nan, nan, nan];False;False;[0.0, 7.25, 1.4500000000000002, 0.0, 0.0, 10.551245009549008, 0.5, 0.5, 10077.440405009254, 10500.0, 10500.0, 0.0, 3.0, 0.0, 0.025, 0.0, 0.0, 0.0, 0.05, 0.5, 0.5, 0.05, 0.5, 0.5, 0.0506377091738411, 0.0, 0.0, 0.05, 0.5, 0.5, 0.05, 0.5, 0.5, 0.0, 0.0, 0.0, 0.030000000000000002, 0.255, 0.0, 0.0, 0.0];[nan, nan, nan, nan, nan, nan, nan, nan, nan, nan, nan, nan, nan, nan, nan];32.612824599957094;26.686889400007203
354;[14.037508589402927, 4591.618644752581, 106.72307820403819];True;False;[1.0, 7.2904458635639475, 1.2566986567834137, 1.0, 0.0, 13.286883446846062, 0.5, 0.5, 2976.099877399586, 10500.0, 10500.0, 1.0, 2.7789711191560027, 0.0, 0.025, 0.09594424487385785, 0.0, 0.0, 0.05, 0.5, 0.5, 0.05, 0.5, 0.5, 0.035709749189779226, 0.0, 0.0, 0.05, 0.5, 0.5, 0.05, 0.5, 0.5, 0.0, 1.0, 0.0, 0.04574286754389825, 0.44698615633137145, 171.0, 0.0, 0.0];[0.6254695717952998, 0.24785183025645674, -6.346401790079954, -0.33505459046761055, -0.4, -6.58680754668312, -14.0, -14.0, -1.0, 0.0, 0.0, -1.0, 0.0, 0.0, -0.05266176083624641];19.18105559994001;26.686889400007203
355;[15.36144444901403, 2089.265011382574, 106.49879096599028];True;True;[1.0, 3.0205298266454967, 1.7427663254924424, 1.0, 0.0, 14.574329661163805, 0.5, 0.5, 15724.57052115251, 10500.0, 10500.0, 0.0, 3.0, 0.0, 0.025, 0.021444333512720962, 0.0, 0.0, 0.05, 0.5, 0.5, 0.05, 0.5, 0.5, 0.05717167449973847, 0.0, 0.0, 0.05, 0.5, 0.5, 0.05, 0.5, 0.5, 0.0, 1.0, 0.0, 0.04039191637767088, 0.28291734045304817, 10.0, 0.0, 0.0];[-0.09668217620500741, -0.5372310482605189, -3.3475543054017063, -0.31835249300799007, -0.4, -10.201447294301616, -14.0, -14.0, -1.0, 0.0, 0.0, -1.0, 0.0, 0.0, -0.1081378754504651];7.737505899975076;26.686889400007203
356;[16.24347366799419, 2161.432740948433, 103.81548499940261];True;False;[1.0, 2.0, 1.4412917423907137, 1.0, 1.0, 16.283773394188287, 0.4940569049049699, 0.5, 12617.777534498671, 11907.895691787138, 10500.0, 0.0, 3.0, 0.0, 0.025, 0.017496395676706602, 0.12828578357059406, 0.0, 0.03698223180308475, 0.24388065825923697, 0.0, 0.05, 0.5, 0.5, 0.07184326393885106, 0.4754945187377144, 0.0, 0.05869410368175994, 0.4031627393057981, 0.0, 0.05, 0.5, 0.5, 0.0, 1.0, 0.0, 0.03498048888216624, 0.1694077812166693, 9.0, 1.0, 0.0];[0.46808423918436937, -0.6010345640617287, -0.4400894192169673, -1.1102230246251565e-16, -0.4059430950950301, -12.166729912456557, -12.23329231334084, -14.0, -0.8717142164294059, -0.756119341740763, 0.0, -0.5245054812622856, -0.5968372606942018, 0.0, -0.2536823882291672];22.33440709998831;28.177347199991345
357;[16.11427841996938, 2656.5893067186976, 108.08930181819935];True;True;[1.0, 3.6622232857194295, 1.2233079271323082, 0.0, 0.0, 16.86524301665307, 0.5, 0.5, 16068.592729958647, 10500.0, 10500.0, 0.0, 3.0, 0.0, 0.025, 0.07232065411316167, 0.0, 0.0, 0.05, 0.5, 0.5, 0.05, 0.5, 0.5, 0.0960003377973172, 0.0, 0.0, 0.05, 0.5, 0.5, 0.05, 0.5, 0.5, 0.0, 1.0, 0.0, 0.0337968391469843, 0.19243201070347424, 16.0, 0.0, 0.0];[-0.04600008001414313, -0.19620486226711575, -0.3162682655841049, -3.3306690738754696e-16, -0.4, -1.2134114865185595, -14.0, -14.0, -1.0, 0.0, 0.0, -1.0, 0.0, 0.0, -0.2728980497407518];22.311080000014044;28.177347199991345
358;[nan, nan, nan];False;False;[1.0, 3.5792756803904333, 1.1035759628769148, 1.0, 1.0, 17.3226795433683, 0.5132240219873107, 0.5, 16332.549232731477, 10790.57394223884, 10500.0, 1.0, 3.674620748020844, 0.0, 0.025, 0.07660018262505401, 0.1975674032864665, 0.0, 0.07844207684536307, 0.45338921582750147, 0.0, 0.05, 0.5, 0.5, 0.03651747443809707, 0.2033098886302698, 0.0, 0.04336597327952818, 0.485969394627856, 0.0, 0.05, 0.5, 0.5, 0.0, 1.0, 0.0, 0.03218147961795726, 0.20805542767543267, 132.0, 0.0, 1.0];[nan, nan, nan, nan, nan, nan, nan, nan, nan, nan, nan, nan, nan, nan, nan];110.25086539995391;28.177347199991345
359;[nan, nan, nan];False;False;[0.0, 7.25, 1.4500000000000002, 0.0, 1.0, 4.694944211202103, 0.4801651794157332, 0.5, 8244.782718227734, 8580.202068540839, 10500.0, 0.0, 3.0, 0.0, 0.025, 0.013359538556899747, 0.1394823911311206, 0.0, 0.032876517155202706, 0.3006544354974392, 0.0, 0.05, 0.5, 0.5, 0.030050657802090094, 0.6618017033078513, 0.0, 0.03900099801264116, 0.3789133889777251, 0.0, 0.05, 0.5, 0.5, 0.0, 0.0, 0.0, 0.030000000000000002, 0.255, 0.0, 0.0, 0.0];[nan, nan, nan, nan, nan, nan, nan, nan, nan, nan, nan, nan, nan, nan, nan];57.33325170003809;28.177347199991345
360;[nan, nan, nan];False;False;[1.0, 2.0, 1.5795985894909808, 0.0, 1.0, 9.194595302265425, 0.309914526065555, 0.5, 16602.081898074095, 10137.205114126116, 10500.0, 0.0, 3.0, 0.0, 0.025, 0.03741075118023398, 0.0, 0.0, 0.07160221643742079, 0.2588815032161414, 0.0, 0.05, 0.5, 0.5, 0.03448354496223079, 0.8019213027870533, 0.0, 0.03439979691521485, 0.3896514151333638, 0.0, 0.05, 0.5, 0.5, 0.0, 0.0, 0.0, 0.030000000000000002, 0.255, 0.0, 0.0, 1.0];[nan, nan, nan, nan, nan, nan, nan, nan, nan, nan, nan, nan, nan, nan, nan];56.139994099969044;28.177347199991345
361;[15.91507255553554, 2219.329389474813, 103.52015827334287];True;False;[1.0, 2.1061359208433665, 1.5615247095169427, 1.0, 0.0, 26.564577949479677, 0.5, 0.5, 3341.9586709927553, 10500.0, 10500.0, 0.0, 3.0, 0.0, 0.025, 0.024846760561876718, 0.0, 0.0, 0.05, 0.5, 0.5, 0.05, 0.5, 0.5, 0.04820407662421341, 0.0, 0.0, 0.05, 0.5, 0.5, 0.05, 0.5, 0.5, 0.0, 1.0, 0.0, 0.015533744432002793, 0.20226916828915378, 167.0, 0.0, 0.0];[-0.048524048679413845, -0.6404050899901192, 13.430934895428848, 0.0, -0.4, -4.105552795591361, -14.0, -14.0, -1.0, 0.0, 0.0, -1.0, 0.0, 0.0, -0.2037938818017616];7.2359317999798805;24.19698949996382
362;[37.5375324418083, 1029.1694307228772, 119.09308150076698];True;False;[0.0, 7.25, 1.4500000000000002, 0.0, 0.0, 4.576051635767669, 0.5, 0.5, 18625.583292830484, 10500.0, 10500.0, 0.0, 3.0, 0.0, 0.025, 0.0029057004897490996, 0.0, 0.0, 0.05, 0.5, 0.5, 0.05, 0.5, 0.5, 0.004571684969690989, 0.0, 0.0, 0.05, 0.5, 0.5, 0.05, 0.5, 0.5, 0.0, 0.0, 0.0, 0.030000000000000002, 0.255, 0.0, 0.0, 0.0];[0.5768990275812902, -1.4121921650061833, -12.332498842895925, 0.34038311396542875, -0.4, -10.42394836423233, -14.0, -14.0, -1.0, 0.0, 0.0, -1.0, 0.0, 0.0, 0.008376300320731];15.45052830001805;24.19698949996382
363;[nan, nan, nan];False;False;[0.0, 7.25, 1.4500000000000002, 0.0, 1.0, 4.288755867078548, 0.1704449358016916, 0.5, 4584.061559090681, 5349.4046525853155, 10500.0, 0.0, 3.0, 0.0, 0.025, 0.029386117382285692, 0.44309699012342446, 0.0, 0.01729817243854786, 0.18319447576388215, 0.0, 0.05, 0.5, 0.5, 0.076593789275952, 0.05381425468856281, 0.0, 0.008813109639753769, 0.4952646553262564, 0.0, 0.05, 0.5, 0.5, 0.0, 0.0, 0.0, 0.030000000000000002, 0.255, 0.0, 1.0, 0.0];[nan, nan, nan, nan, nan, nan, nan, nan, nan, nan, nan, nan, nan, nan, nan];48.90660640003625;24.19698949996382
364;[nan, nan, nan];False;False;[1.0, 8.675153656290313, 1.8, 1.0, 0.0, 14.925578208685407, 0.5, 0.5, 6387.339647646854, 10500.0, 10500.0, 1.0, 1.0, 0.0, 0.025, 0.0, 0.0, 0.0, 0.05, 0.5, 0.5, 0.05, 0.5, 0.5, 0.01696321716850303, 0.0, 0.0, 0.05, 0.5, 0.5, 0.05, 0.5, 0.5, 0.0, 1.0, 0.0, 0.024295975218538934, 0.01, 0.0, 0.0, 0.0];[nan, nan, nan, nan, nan, nan, nan, nan, nan, nan, nan, nan, nan, nan, nan];41.225755799910985;24.19698949996382
365;[nan, nan, nan];False;False;[1.0, 4.083525043175956, 1.1956468667954132, 0.0, 2.0, 25.334470726981223, 0.5257819038950116, 0.30283747973716246, 11791.67827479112, 12423.124868798504, 7774.900897527657, 1.0, 2.272003767402072, 0.0, 0.025, 0.0542157207042425, 0.694479944791862, 0.15758823161174557, 0.03344948761093812, 0.03342058062467796, 0.5754170324146566, 0.06811936724866795, 0.3215902897800379, 0.48593144090162965, 0.07263423361979227, 0.3623662057345035, 0.16494307764345445, 0.06685920878525625, 0.07219463362964483, 0.784287061475599, 0.04493090088792293, 0.3333333333333333, 0.3333333333333333, 0.0, 1.0, 0.0, 0.033709628454312086, 0.40498401540141793, 136.0, 2.0, 2.0];[nan, nan, nan, nan, nan, nan, nan, nan, nan, nan, nan, nan, nan, nan, nan];55.36042689997703;24.19698949996382
366;[26.808633689558143, 1165.1344512347853, 118.23002417423163];True;False;[0.0, 7.25, 1.4500000000000002, 0.0, 0.0, 13.287200124229882, 0.5, 0.5, 14708.111464709069, 10500.0, 10500.0, 0.0, 3.0, 0.0, 0.025, 0.09694497455921566, 0.0, 0.0, 0.05, 0.5, 0.5, 0.05, 0.5, 0.5, 0.054850801680887275, 0.0, 0.0, 0.05, 0.5, 0.5, 0.05, 0.5, 0.5, 0.0, 0.0, 0.0, 0.030000000000000002, 0.255, 0.0, 0.0, 0.0];[0.46800721282592583, -1.4402426674349489, -4.546879071273036, 0.6359654909572818, -0.4, -1.7127998757701182, -14.0, -14.0, -1.0, 0.0, 0.0, -1.0, 0.0, 0.0, 0.01951920240380922];7.867805099929683;30.19456580001861
367;[24.884429126457704, 1420.6843051340597, 116.77993720300441];True;False;[0.0, 7.25, 1.4500000000000002, 0.0, 1.0, 12.14916310737412, 0.6100507510095928, 0.5, 6609.315368424963, 17891.2741401405, 10500.0, 0.0, 3.0, 0.0, 0.025, 0.06678699823016047, 0.2948261262063926, 0.0, 0.08720843455234034, 0.9040653763125168, 0.0, 0.05, 0.5, 0.5, 0.09354526783826325, 0.7200501682431056, 0.0, 0.0823761308403508, 0.20059438366198787, 0.0, 0.05, 0.5, 0.5, 0.0, 0.0, 0.0, 0.030000000000000002, 0.255, 0.0, 1.0, 0.0];[1.266008019252089, -1.3382562040816375, -5.202198447613982, 0.5417681607876486, -0.2899492489904072, -12.213274174161793, -10.640345026149165, -14.0, -0.7051738737936074, -0.09593462368748318, 0.0, -0.27994983175689436, -0.7994056163380121, 0.0, -0.007619023466720443];12.491938700084575;30.19456580001861
368;[13.911510578603448, 2990.267779745906, 103.645378049655];True;False;[1.0, 3.335973027468385, 1.3224083986412436, 1.0, 1.0, 13.539605940173109, 0.13430589539880936, 0.5, 15999.218566331534, 15964.280534358055, 10500.0, 1.0, 2.47502713764551, 0.0, 0.025, 0.05495859152833547, 0.6911458551618742, 0.0, 0.0548900735289012, 0.7299639268109301, 0.0, 0.05, 0.5, 0.5, 0.04237384494043571, 0.4352916937150391, 0.0, 0.061670320363268506, 0.5989813970415977, 0.0, 0.05, 0.5, 0.5, 0.0, 0.0, 0.0, 0.030000000000000002, 0.255, 0.0, 1.0, 1.0];[0.4915481018422465, -0.39971617446717955, -4.207134251448352, -1.1102230246251565e-16, -0.7656941046011907, -7.9356516713569185, -13.904019765590782, -14.0, -0.3088541448381258, -0.27003607318906986, 0.0, -0.5647083062849609, -0.4010186029584023, 0.0, -0.16530336371478221];16.614595499937423;30.19456580001861
369;[29.194431941440058, 1069.4039229839104, 119.07361412436686];True;False;[0.0, 7.25, 1.4500000000000002, 0.0, 0.0, 10.91156331963724, 0.5, 0.5, 20000.0, 10500.0, 10500.0, 0.0, 3.0, 0.0, 0.025, 0.02132917953930369, 0.0, 0.0, 0.05, 0.5, 0.5, 0.05, 0.5, 0.5, 0.034792187932083045, 0.0, 0.0, 0.05, 0.5, 0.5, 0.05, 0.5, 0.5, 0.0, 0.0, 0.0, 0.030000000000000002, 0.255, 0.0, 0.0, 0.0];[0.35198453034974886, -1.4701300794860845, -7.027272357936103, 0.6331793274241924, -0.4, -4.08843668036276, -14.0, -14.0, -1.0, 0.0, 0.0, -1.0, 0.0, 0.0, 0.03194216275822381];20.631690600072034;30.19456580001861
370;[nan, nan, nan];False;False;[0.0, 7.25, 1.4500000000000002, 0.0, 0.0, 4.405179146089438, 0.5, 0.5, 14033.361780455887, 10500.0, 10500.0, 0.0, 3.0, 0.0, 0.025, 0.06336727287952641, 0.0, 0.0, 0.05, 0.5, 0.5, 0.05, 0.5, 0.5, 0.03396380293517067, 0.0, 0.0, 0.05, 0.5, 0.5, 0.05, 0.5, 0.5, 0.0, 0.0, 0.0, 0.030000000000000002, 0.255, 0.0, 0.0, 0.0];[nan, nan, nan, nan, nan, nan, nan, nan, nan, nan, nan, nan, nan, nan, nan];32.74394850002136;30.19456580001861
371;[18.564324312864752, 1765.8566248406698, 104.60060981550252];True;True;[1.0, 2.0, 1.4707502033033153, 1.0, 0.0, 12.720238830228375, 0.5, 0.5, 7586.3555715817165, 10500.0, 10500.0, 0.0, 3.0, 0.0, 0.025, 0.0058876446009317185, 0.0, 0.0, 0.05, 0.5, 0.5, 0.05, 0.5, 0.5, 0.031191666902178602, 0.0, 0.0, 0.05, 0.5, 0.5, 0.05, 0.5, 0.5, 0.0, 0.0, 0.0, 0.030000000000000002, 0.255, 0.0, 0.0, 0.0];[-0.11733933290939369, -0.6951394190004794, -5.239870211085696, -2.220446049250313e-16, -0.4, -9.119456981626069, -14.0, -14.0, -1.0, 0.0, 0.0, -1.0, 0.0, 0.0, -0.11589709263055925];19.40705389995128;30.36004529998172
372;[nan, nan, nan];False;False;[0.0, 7.25, 1.4500000000000002, 0.0, 0.0, 12.248361861241285, 0.5, 0.5, 4141.672014561213, 10500.0, 10500.0, 0.0, 3.0, 0.0, 0.025, 0.05461318545993038, 0.0, 0.0, 0.05, 0.5, 0.5, 0.05, 0.5, 0.5, 0.09630312770860652, 0.0, 0.0, 0.05, 0.5, 0.5, 0.05, 0.5, 0.5, 0.0, 0.0, 0.0, 0.030000000000000002, 0.255, 0.0, 0.0, 0.0];[nan, nan, nan, nan, nan, nan, nan, nan, nan, nan, nan, nan, nan, nan, nan];44.49373630003538;30.36004529998172
373;[24.835414302968793, 1238.2850928468781, 117.95691283242937];True;False;[0.0, 7.25, 1.4500000000000002, 0.0, 0.0, 19.843497559510666, 0.5, 0.5, 12117.996134280362, 10500.0, 10500.0, 0.0, 3.0, 0.0, 0.025, 0.07684686855155465, 0.0, 0.0, 0.05, 0.5, 0.5, 0.05, 0.5, 0.5, 0.07300679169142132, 0.0, 0.0, 0.05, 0.5, 0.5, 0.05, 0.5, 0.5, 0.0, 0.0, 0.0, 0.030000000000000002, 0.255, 0.0, 0.0, 0.0];[0.45214697003770965, -1.4443282617456972, 3.6556559968611744, 0.7125002973612737, -0.4, 4.843497559510666, -14.0, -14.0, -1.0, 0.0, 0.0, -1.0, 0.0, 0.0, 0.02118306673035608];6.020886900019832;30.36004529998172
374;[13.365305516527753, 3601.113243903653, 107.39280802663981];True;False;[1.0, 2.8297289420969305, 1.3835690169092125, 0.0, 2.0, 26.338538277015488, 0.613042430262394, 0.4452308351626183, 2569.0026624788106, 5448.288648818316, 7128.760410606614, 1.0, 2.6235523015405224, 0.0, 0.025, 0.04938478909809804, 0.25645978432311667, 0.1686690493705807, 0.06699131541829607, 0.3333333333333333, 0.3333333333333333, 0.015991393797281924, 0.3333333333333333, 0.3333333333333333, 0.06729844642155698, 0.08537062506154755, 0.07036776433850447, 0.02045878776103127, 0.3333333333333333, 0.3333333333333333, 0.08557817940557151, 0.36832014958171144, 0.1135548696620916, 0.0, 0.0, 0.0, 0.030000000000000002, 0.255, 0.0, 0.0, 0.0];[0.8267941349999699, -0.2881367248511473, 18.380744145443785, 0.0, -0.286957569737606, -12.329883070674029, -12.32988307067403, -12.32988307067403, -0.5748711663063026, -0.33333333333333337, -0.33333333333333337, -0.844261610599948, -0.33333333333333337, -0.518124980756197, -0.18001960457868055];33.070501400041394;30.36004529998172
375;[nan, nan, nan];False;False;[1.0, 3.4794037986845474, 1.470369627361099, 1.0, 1.0, 25.07429427145838, 0.292162551588365, 0.5, 11655.115211013828, 6571.698199224421, 10500.0, 0.0, 3.0, 0.0, 0.025, 0.09392052838101764, 0.04563148093208772, 0.0, 0.002058659840639222, 0.38895676216068337, 0.0, 0.05, 0.5, 0.5, 0.0530207458785543, 0.2548573924725698, 0.0, 0.05066006285907553, 0.5317382201277688, 0.0, 0.05, 0.5, 0.5, 1.0, 1.0, 0.0, 0.01579683814992479, 0.0767158198357573, 13.0, 1.0, 0.0];[nan, nan, nan, nan, nan, nan, nan, nan, nan, nan, nan, nan, nan, nan, nan];59.91405489994213;30.36004529998172
376;[12.657109426668166, 2527.1900220761045, 103.85082282573833];True;False;[1.0, 2.9060708057010767, 1.471882608451963, 1.0, 1.0, 18.79077498163799, 0.16616933194150277, 0.5, 2246.284115842278, 15804.049018817142, 10500.0, 0.0, 3.0, 0.0, 0.025, 0.08602623700457307, 0.4255853269045101, 0.0, 0.05169274864274921, 0.6680233538837974, 0.0, 0.05, 0.5, 0.5, 0.09370690493904263, 0.5704007675025268, 0.0, 0.08560531209770562, 0.46639891817791207, 0.0, 0.05, 0.5, 0.5, 0.0, 0.0, 0.0, 0.030000000000000002, 0.255, 0.0, 1.0, 1.0];[0.5460052311424262, -0.42360283239796814, 2.6236908561636056, -0.05848611708239859, -0.7338306680584973, -8.402754167905918, -13.685272712353596, -14.0, -0.5744146730954899, -0.3319766461162026, 0.0, -0.4295992324974732, -0.533601081822088, 0.0, -0.16091146208211837];39.578315699938685;24.78176580008585
377;[nan, nan, nan];False;False;[0.0, 7.25, 1.4500000000000002, 0.0, 2.0, 12.692890111469058, 0.6195015261132841, 0.4202419103797571, 16611.59694017965, 12597.158916872568, 7028.755059416567, 0.0, 3.0, 0.0, 0.025, 0.05700414923335137, 0.3333333333333333, 0.3333333333333333, 0.08058311086787424, 0.6967791103526417, 0.1830221573573533, 0.06055505191774631, 0.31679192562419606, 0.298208826693308, 0.03771135942285825, 0.09631720323671673, 0.14309738375643893, 0.028636378847239564, 0.2616086429671782, 0.3068058855861717, 0.0729807002938292, 0.3548177454458295, 0.49922424723157094, 0.0, 0.0, 0.0, 0.030000000000000002, 0.255, 0.0, 0.0, 2.0];[nan, nan, nan, nan, nan, nan, nan, nan, nan, nan, nan, nan, nan, nan, nan];92.8263345999876;24.78176580008585
378;[16.058557663336835, 1906.070164687253, 104.84561348067837];True;True;[1.0, 2.4518777970090797, 1.6778774814129647, 1.0, 0.0, 13.238082641622201, 0.5, 0.5, 6564.321982587354, 10500.0, 10500.0, 0.0, 3.0, 0.0, 0.025, 0.04822776031910593, 0.0, 0.0, 0.05, 0.5, 0.5, 0.05, 0.5, 0.5, 0.07419369321274165, 0.0, 0.0, 0.05, 0.5, 0.5, 0.05, 0.5, 0.5, 0.0, 0.0, 0.0, 0.030000000000000002, 0.255, 0.0, 0.0, 0.0];[-0.09439334719819037, -0.6114265395697638, -4.760493870986867, -0.041284924290769354, -0.4, -10.297762106339023, -14.0, -14.0, -1.0, 0.0, 0.0, -1.0, 0.0, 0.0, -0.13280775972813597];7.010218299925327;24.78176580008585
379;[26.846572609294967, 1145.3054801215517, 118.51819826740089];True;False;[0.0, 7.25, 1.4500000000000002, 0.0, 0.0, 14.470498984180818, 0.5, 0.5, 8107.405582035233, 10500.0, 10500.0, 0.0, 3.0, 0.0, 0.025, 0.04278312389396325, 0.0, 0.0, 0.05, 0.5, 0.5, 0.05, 0.5, 0.5, 0.06822326789439191, 0.0, 0.0, 0.05, 0.5, 0.5, 0.05, 0.5, 0.5, 0.0, 0.0, 0.0, 0.030000000000000002, 0.255, 0.0, 0.0, 0.0];[0.39876564326396213, -1.4580792772805335, -3.2134769887007444, 0.6768520407670255, -0.4, -0.5295010158191822, -14.0, -14.0, -1.0, 0.0, 0.0, -1.0, 0.0, 0.0, 0.026862343025667257];8.50672529998701;24.78176580008585
380;[16.897868526358824, 1790.8558224883743, 104.68932625240207];True;False;[1.0, 2.036179071302396, 1.7212303214663023, 1.0, 0.0, 15.512905345305969, 0.5, 0.5, 13571.780299592878, 10500.0, 10500.0, 0.0, 3.0, 0.0, 0.025, 0.007994419569018495, 0.0, 0.0, 0.05, 0.5, 0.5, 0.05, 0.5, 0.5, 0.06389939633167771, 0.0, 0.0, 0.05, 0.5, 0.5, 0.05, 0.5, 0.5, 0.0, 1.0, 0.0, 0.029766267908438726, 0.2762291935506713, 0.0, 0.0, 0.0];[-0.15338108231631775, -0.7082578396974948, -2.158635497183173, 2.220446049250313e-16, -0.4, -9.763812779352918, -14.0, -14.0, -1.0, 0.0, 0.0, -1.0, 0.0, 0.0, -0.08128166795009728];20.11647729994729;24.78176580008585
381;[24.162305944612807, 1268.3820287161745, 117.94029816908775];True;False;[0.0, 7.25, 1.4500000000000002, 0.0, 0.0, 24.523679287459096, 0.5, 0.5, 18380.776139359143, 10500.0, 10500.0, 0.0, 3.0, 0.0, 0.025, 0.05793472260334192, 0.0, 0.0, 0.05, 0.5, 0.5, 0.05, 0.5, 0.5, 0.06598267848655597, 0.0, 0.0, 0.05, 0.5, 0.5, 0.05, 0.5, 0.5, 0.0, 0.0, 0.0, 0.030000000000000002, 0.255, 0.0, 0.0, 0.0];[0.4245338006940882, -1.451441406801449, 10.727840932290174, 0.7563225389371451, -0.4, 9.523679287459096, -14.0, -14.0, -1.0, 0.0, 0.0, -1.0, 0.0, 0.0, 0.02410547865057089];5.73902390000876;30.258589199976996
382;[12.605205085580526, 2381.450096336573, 107.67833646401849];True;False;[1.0, 4.498760082461118, 1.616547329673818, 0.0, 0.0, 24.533258070455176, 0.5, 0.5, 13052.249157567752, 10500.0, 10500.0, 0.0, 3.0, 0.0, 0.025, 0.015145962327422295, 0.0, 0.0, 0.05, 0.5, 0.5, 0.05, 0.5, 0.5, 0.027392362831748326, 0.0, 0.0, 0.05, 0.5, 0.5, 0.05, 0.5, 0.5, 0.0, 0.0, 0.0, 0.030000000000000002, 0.255, 0.0, 0.0, 0.0];[-0.4238034396776067, -0.36322768625344004, 11.195637936677247, 0.0, -0.4, 0.1763314442549735, -14.0, -14.0, -1.0, 0.0, 0.0, -1.0, 0.0, 0.0, -0.178258227958982];4.863939800066873;30.258589199976996
383;[nan, nan, nan];False;False;[0.0, 7.25, 1.4500000000000002, 0.0, 1.0, 19.46523078062276, 0.3077806866605864, 0.5, 13501.723756865063, 4850.43548382326, 10500.0, 0.0, 3.0, 0.0, 0.025, 0.0022638410972242846, 0.24597419679646307, 0.0, 0.036090007077441186, 0.7673654309914538, 0.0, 0.05, 0.5, 0.5, 0.07946947736479247, 0.09454263905391581, 0.0, 0.06950750978543384, 0.8547449172037951, 0.0, 0.05, 0.5, 0.5, 0.0, 0.0, 0.0, 0.030000000000000002, 0.255, 0.0, 1.0, 0.0];[nan, nan, nan, nan, nan, nan, nan, nan, nan, nan, nan, nan, nan, nan, nan];51.20136350009125;30.258589199976996
384;[nan, nan, nan];False;False;[0.0, 7.25, 1.4500000000000002, 0.0, 1.0, 22.465248473645428, 0.10235734964673902, 0.5, 12908.483092109389, 1898.7489562518613, 10500.0, 0.0, 3.0, 0.0, 0.025, 0.03843556080398433, 0.13639065096937508, 0.0, 0.05825390995780915, 0.6480534403825755, 0.0, 0.05, 0.5, 0.5, 0.09278487992606045, 0.4778514558049214, 0.0, 0.04732189943917965, 0.0, 0.0, 0.05, 0.5, 0.5, 0.0, 0.0, 0.0, 0.030000000000000002, 0.255, 0.0, 1.0, 1.0];[nan, nan, nan, nan, nan, nan, nan, nan, nan, nan, nan, nan, nan, nan, nan];58.39195289998315;30.258589199976996
385;[10.670786067746779, 2696.82063891477, 102.7281090013741];True;False;[1.0, 6.861531141222141, 1.2848670418592376, 1.0, 0.0, 18.347844793563137, 0.5, 0.5, 6285.35325918812, 10500.0, 10500.0, 1.0, 3.085009107370981, 0.0, 0.025, 0.007953206640034396, 0.0, 0.0, 0.05, 0.5, 0.5, 0.05, 0.5, 0.5, 0.044341331357001884, 0.0, 0.0, 0.05, 0.5, 0.5, 0.05, 0.5, 0.5, 0.0, 0.0, 0.0, 0.030000000000000002, 0.255, 0.0, 0.0, 0.0];[-0.0058509521932004205, -0.186080038750553, 1.652219437348787, -0.15326334281173015, -0.4, -3.886043838466703, -14.0, -14.0, -1.0, 0.0, 0.0, -1.0, 0.0, 0.0, -0.20011807974146217];11.097169700078666;30.258589199976996
386;[nan, nan, nan];False;False;[0.0, 7.25, 1.4500000000000002, 0.0, 1.0, 10.81345374851806, 0.49466178247958936, 0.5, 14801.28639065622, 12805.749548124952, 10500.0, 0.0, 3.0, 0.0, 0.025, 0.08515555424098907, 0.30399133659614364, 0.0, 0.01338172390926999, 0.253421502239214, 0.0, 0.05, 0.5, 0.5, 0.011880541997544892, 0.7468430812936424, 0.0, 0.010271883851544155, 0.8971979108944457, 0.0, 0.05, 0.5, 0.5, 0.0, 0.0, 0.0, 0.030000000000000002, 0.255, 0.0, 0.0, 0.0];[nan, nan, nan, nan, nan, nan, nan, nan, nan, nan, nan, nan, nan, nan, nan];53.296616500010714;30.81603600003291
387;[nan, nan, nan];False;False;[0.0, 7.25, 1.4500000000000002, 0.0, 0.0, 6.10113130842228, 0.5, 0.5, 9877.694501492375, 10500.0, 10500.0, 0.0, 3.0, 0.0, 0.025, 0.09330881586077462, 0.0, 0.0, 0.05, 0.5, 0.5, 0.05, 0.5, 0.5, 0.09266504796620377, 0.0, 0.0, 0.05, 0.5, 0.5, 0.05, 0.5, 0.5, 0.0, 0.0, 0.0, 0.030000000000000002, 0.255, 0.0, 0.0, 0.0];[nan, nan, nan, nan, nan, nan, nan, nan, nan, nan, nan, nan, nan, nan, nan];28.082125800079666;30.81603600003291
388;[nan, nan, nan];False;False;[0.0, 7.25, 1.4500000000000002, 0.0, 1.0, 5.0983183913993155, 0.3510517085519347, 0.5, 6097.809819315272, 19530.367326708634, 10500.0, 0.0, 3.0, 0.0, 0.025, 0.07081625984046518, 0.23477448166193554, 0.0, 0.02073713246781282, 0.14567389095116542, 0.0, 0.05, 0.5, 0.5, 0.0034105324012293917, 0.890072277033651, 0.0, 0.03452862502133694, 0.553480993387368, 0.0, 0.05, 0.5, 0.5, 0.0, 0.0, 0.0, 0.030000000000000002, 0.255, 0.0, 0.0, 0.0];[nan, nan, nan, nan, nan, nan, nan, nan, nan, nan, nan, nan, nan, nan, nan];56.659390399931;30.81603600003291
389;[nan, nan, nan];False;False;[0.0, 7.25, 1.4500000000000002, 0.0, 2.0, 4.397144426849137, 0.7894253855260503, 0.5577139625453568, 3931.8499646792106, 18253.690898911656, 5905.222157422049, 0.0, 3.0, 0.0, 0.025, 0.020421486007647767, 0.3214322152647563, 0.29763178144622465, 0.07706485602415802, 0.054469797514208024, 0.2645085089952368, 0.018294101064899003, 0.3333333333333333, 0.3333333333333333, 0.017206695506098525, 0.1343983031951346, 0.5628286879066102, 0.015019123559103604, 0.5131832874088735, 0.4729131146998085, 0.0851842241756266, 0.3845250547083382, 0.5223804324779904, 0.0, 0.0, 0.0, 0.030000000000000002, 0.255, 0.0, 1.0, 2.0];[nan, nan, nan, nan, nan, nan, nan, nan, nan, nan, nan, nan, nan, nan, nan];111.06777690001763;30.81603600003291
390;[28.0195974160814, 1102.0015964778318, 118.83829000381938];True;False;[0.0, 7.25, 1.4500000000000002, 0.0, 0.0, 12.575071851123067, 0.5, 0.5, 3175.405137182445, 10500.0, 10500.0, 0.0, 3.0, 0.0, 0.025, 0.04933571676443746, 0.0, 0.0, 0.05, 0.5, 0.5, 0.05, 0.5, 0.5, 0.03060105214206568, 0.0, 0.0, 0.05, 0.5, 0.5, 0.05, 0.5, 0.5, 0.0, 0.0, 0.0, 0.030000000000000002, 0.255, 0.0, 0.0, 0.0];[0.3660572919511873, -1.466504939852152, -5.318014691640874, 0.6597577526952758, -0.4, -2.4249281488769334, -14.0, -14.0, -1.0, 0.0, 0.0, -1.0, 0.0, 0.0, 0.03040377247773307];9.130564099992625;30.81603600003291
391;[37.001413260388446, 1019.9739875682524, 119.21979575991551];True;False;[0.0, 7.25, 1.4500000000000002, 0.0, 0.0, 4.837250307926681, 0.5, 0.5, 1000.0, 10500.0, 10500.0, 0.0, 3.0, 0.0, 0.025, 0.0, 0.0, 0.0, 0.05, 0.5, 0.5, 0.05, 0.5, 0.5, 0.0, 0.0, 0.0, 0.05, 0.5, 0.5, 0.05, 0.5, 0.5, 0.0, 0.0, 0.0, 0.030000000000000002, 0.255, 0.0, 0.0, 0.0];[0.5368163624237443, -1.4225174488567605, -12.152539008092988, 0.36646453640395693, -0.4, -10.16274969207332, -14.0, -14.0, -1.0, 0.0, 0.0, -1.0, 0.0, 0.0, 0.012421926675469597];19.87277889996767;26.110640799975954
392;[14.917885044545795, 2091.0153975222142, 104.58819018026935];True;False;[1.0, 2.406276251573251, 1.6204596397525028, 1.0, 0.0, 18.56478851008395, 0.5, 0.5, 7586.04102910613, 10500.0, 10500.0, 0.0, 3.0, 0.0, 0.025, 0.09118681360377424, 0.0, 0.0, 0.05, 0.5, 0.5, 0.05, 0.5, 0.5, 0.08249997515911184, 0.0, 0.0, 0.05, 0.5, 0.5, 0.05, 0.5, 0.5, 0.0, 1.0, 0.0, 0.014344307267834287, 0.15052836342441536, 41.0, 0.0, 0.0];[-0.02567906788429397, -0.580346199850136, 1.7478502173437178, 0.0, -0.4, -7.930095152318378, -14.0, -14.0, -1.0, 0.0, 0.0, -1.0, 0.0, 0.0, -0.28638822745343073];6.823137600091286;26.110640799975954
393;[12.058944979701396, 2917.8837950487787, 103.51094684706842];True;False;[1.0, 4.471223622936266, 1.344014610057303, 1.0, 1.0, 16.728458623377737, 0.3146908660208825, 0.5, 17988.936732637867, 13767.844649306053, 10500.0, 1.0, 2.6778392812116474, 0.0, 0.025, 0.020459928054745224, 0.15793324479191204, 0.0, 0.033086611765763364, 0.20100247586468548, 0.0, 0.05, 0.5, 0.5, 0.0312927531625144, 0.8386647676259558, 0.0, 0.0689200209723919, 0.23667954424819562, 0.0, 0.05, 0.5, 0.5, 0.0, 0.0, 0.0, 0.030000000000000002, 0.255, 0.0, 1.0, 1.0];[0.4240369558713617, -0.3267205906481121, 0.23864638013856165, 0.0, -0.5853091339791175, -10.509184997314623, -12.937837988341045, -14.0, -0.8420667552080879, -0.7989975241353146, 0.0, -0.16133523237404424, -0.7633204557518044, 0.0, -0.1772908424709091];19.70354509993922;26.110640799975954
394;[13.375415934406243, 2575.806703164044, 113.42883212682653];True;True;[1.0, 4.361447908037825, 1.5596248718361183, 1.0, 0.0, 15.557125291378489, 0.5, 0.5, 12857.300471898858, 10500.0, 10500.0, 1.0, 1.8025046459648209, 0.0, 0.025, 0.0, 0.0, 0.0, 0.05, 0.5, 0.5, 0.05, 0.5, 0.5, 0.05017168715085401, 0.0, 0.0, 0.05, 0.5, 0.5, 0.05, 0.5, 0.5, 0.0, 0.0, 0.0, 0.030000000000000002, 0.255, 0.0, 0.0, 0.0];[-0.09321437431870638, -0.40085014147186104, -2.0197151303100114, -0.47624709502658236, -0.4, -8.604285858656198, -14.0, -14.0, -1.0, 0.0, 0.0, -1.0, 0.0, 0.0, -0.1698722599624261];25.0783087000018;26.110640799975954
395;[nan, nan, nan];False;False;[0.0, 7.25, 1.4500000000000002, 0.0, 1.0, 4.742542003336144, 0.1653901020345444, 0.5, 5014.294331484119, 3114.2157723572395, 10500.0, 0.0, 3.0, 0.0, 0.025, 0.0732057739978299, 0.7807762486841654, 0.0, 0.03404123646698178, 0.22087698781482995, 0.0, 0.05, 0.5, 0.5, 0.017202479214147526, 0.6084133328576085, 0.0, 0.06746712014939131, 0.1978023748553421, 0.0, 0.05, 0.5, 0.5, 0.0, 0.0, 0.0, 0.030000000000000002, 0.255, 0.0, 0.0, 0.0];[nan, nan, nan, nan, nan, nan, nan, nan, nan, nan, nan, nan, nan, nan, nan];63.328579999972135;26.110640799975954
396;[24.760849290048366, 1214.1459264508587, 118.46980778638508];True;False;[0.0, 7.25, 1.4500000000000002, 0.0, 0.0, 25.419367569494806, 0.5, 0.5, 17559.158716201364, 10500.0, 10500.0, 0.0, 3.0, 0.0, 0.025, 0.020102079915537356, 0.0, 0.0, 0.05, 0.5, 0.5, 0.05, 0.5, 0.5, 0.030407906284803082, 0.0, 0.0, 0.05, 0.5, 0.5, 0.05, 0.5, 0.5, 0.0, 0.0, 0.0, 0.030000000000000002, 0.255, 0.0, 0.0, 0.0];[0.31657657358326663, -1.479251159702323, 12.197494292196751, 0.8079559673301817, -0.4, 10.419367569494806, -14.0, -14.0, -1.0, 0.0, 0.0, -1.0, 0.0, 0.0, 0.03585261343070034];5.260317099979147;23.82896890002303
397;[25.510845504762475, 1186.509298395962, 118.43837779286424];True;False;[0.0, 7.25, 1.4500000000000002, 0.0, 0.0, 19.735999396963557, 0.5, 0.5, 16270.484911576707, 10500.0, 10500.0, 0.0, 3.0, 0.0, 0.025, 0.0376023948710825, 0.0, 0.0, 0.05, 0.5, 0.5, 0.05, 0.5, 0.5, 0.05302347305566684, 0.0, 0.0, 0.05, 0.5, 0.5, 0.05, 0.5, 0.5, 0.0, 0.0, 0.0, 0.030000000000000002, 0.255, 0.0, 0.0, 0.0];[0.3610208644541446, -1.4678023222316736, 3.505146315624607, 0.7478374821675022, -0.4, 4.735999396963557, -14.0, -14.0, -1.0, 0.0, 0.0, -1.0, 0.0, 0.0, 0.030953315509684942];5.159017099998891;23.82896890002303
398;[nan, nan, nan];False;False;[0.0, 7.25, 1.4500000000000002, 0.0, 2.0, 17.539538367424385, 0.5049447074491922, 0.2956821678989401, 13472.805545213558, 7331.229016542719, 7428.61989517943, 0.0, 3.0, 0.0, 0.025, 0.011240238833133007, 0.23579736705575943, 0.034919532515458075, 0.04173196317271537, 0.3333333333333333, 0.3333333333333333, 0.034688989510008074, 0.3333333333333333, 0.3333333333333333, 0.03934523112704293, 0.3333333333333333, 0.3333333333333333, 0.045808464073842224, 0.3010428441499503, 0.48718345258788837, 0.0782061629367814, 0.4130335952356549, 0.21212013459774126, 0.0, 0.0, 0.0, 0.030000000000000002, 0.255, 0.0, 0.0, 0.0];[nan, nan, nan, nan, nan, nan, nan, nan, nan, nan, nan, nan, nan, nan, nan];83.86152989999391;23.82896890002303
399;[38.868606116008415, 1080.7831139542004, 118.43488186002408];True;False;[0.0, 7.25, 1.4500000000000002, 0.0, 0.0, 3.868565174821399, 0.5, 0.5, 9106.075722317373, 10500.0, 10500.0, 0.0, 3.0, 0.0, 0.025, 0.008593924827837367, 0.0, 0.0, 0.05, 0.5, 0.5, 0.05, 0.5, 0.5, 0.047702959542576195, 0.0, 0.0, 0.05, 0.5, 0.5, 0.05, 0.5, 0.5, 0.0, 0.0, 0.0, 0.030000000000000002, 0.255, 0.0, 0.0, 0.0];[0.7509883109992108, -1.3673468120445567, -12.802580909848148, 0.2514047892421929, -0.4, -11.131434825178601, -14.0, -14.0, -1.0, 0.0, 0.0, -1.0, 0.0, 0.0, -0.008478215550901502];8.208669500076212;23.82896890002303
400;[23.842436877192274, 1285.4158408218973, 117.9377621336692];True;False;[0.0, 7.25, 1.4500000000000002, 0.0, 0.0, 27.56088326567654, 0.5, 0.5, 13921.861500591267, 10500.0, 10500.0, 0.0, 3.0, 0.0, 0.025, 0.016958777393503707, 0.0, 0.0, 0.05, 0.5, 0.5, 0.05, 0.5, 0.5, 0.08743967563388266, 0.0, 0.0, 0.05, 0.5, 0.5, 0.05, 0.5, 0.5, 0.0, 0.0, 0.0, 0.030000000000000002, 0.255, 0.0, 0.0, 0.0];[0.40920116547086405, -1.4553910895442206, 15.863562483813933, 0.7797027284110214, -0.4, 12.56088326567654, -14.0, -14.0, -1.0, 0.0, 0.0, -1.0, 0.0, 0.0, 0.025742388170425623];4.834312499966472;23.82896890002303
401;[12.87217948973121, 2377.825408059369, 107.83503069156697];True;False;[1.0, 4.175615477710098, 1.5274998592746516, 1.0, 0.0, 18.157387756922045, 0.5, 0.5, 4983.353503765756, 10500.0, 10500.0, 0.0, 3.0, 0.0, 0.025, 0.03628180349890957, 0.0, 0.0, 0.05, 0.5, 0.5, 0.05, 0.5, 0.5, 0.052697626559680466, 0.0, 0.0, 0.05, 0.5, 0.5, 0.05, 0.5, 0.5, 0.0, 0.0, 0.0, 0.030000000000000002, 0.255, 0.0, 0.0, 0.0];[-0.07418074552604548, -0.405180224991164, 1.3202983593914865, -0.3642731949823742, -0.4, -7.218003872259609, -14.0, -14.0, -1.0, 0.0, 0.0, -1.0, 0.0, 0.0, -0.1690321812763878];5.380170999909751;25.419756699935533
402;[16.824470292883504, 1883.1881593807257, 103.4419011620181];True;False;[1.0, 2.0320448338131945, 1.4893427270764878, 1.0, 0.0, 21.045813464650173, 0.5, 0.5, 17744.517842267695, 10500.0, 10500.0, 0.0, 3.0, 0.0, 0.025, 0.020293534910231698, 0.0, 0.0, 0.05, 0.5, 0.5, 0.05, 0.5, 0.5, 0.00583289395558322, 0.0, 0.0, 0.05, 0.5, 0.5, 0.05, 0.5, 0.5, 0.0, 0.0, 0.0, 0.030000000000000002, 0.255, 0.0, 0.0, 0.0];[-0.13949762873784266, -0.70153426007337, 5.4155121945258315, 0.0, -0.4, -5.511961923918655, -14.0, -14.0, -1.0, 0.0, 0.0, -1.0, 0.0, 0.0, -0.11476381879878395];7.567154800053686;25.419756699935533
403;[23.704664743670033, 1299.7589656696307, 117.79651903439533];True;False;[0.0, 7.25, 1.4500000000000002, 0.0, 0.0, 27.18170788454582, 0.5, 0.5, 10630.321935220736, 10500.0, 10500.0, 0.0, 3.0, 0.0, 0.025, 0.05528442802490796, 0.0, 0.0, 0.05, 0.5, 0.5, 0.05, 0.5, 0.5, 0.07024633030418685, 0.0, 0.0, 0.05, 0.5, 0.5, 0.05, 0.5, 0.5, 0.0, 0.0, 0.0, 0.030000000000000002, 0.255, 0.0, 0.0, 0.0];[0.43872907668527805, -1.4477847074933996, 15.198770268874195, 0.7648723612467816, -0.4, 12.181707884545819, -14.0, -14.0, -1.0, 0.0, 0.0, -1.0, 0.0, 0.0, 0.02259905426437203];4.908562199911103;25.419756699935533
404;[39.07920605635009, 1117.1247441916526, 122.62572439340772];True;False;[0.0, 7.25, 1.4500000000000002, 0.0, 1.0, 32.65553948585297, 0.279222632617004, 0.5, 16083.717738946376, 1938.4501472213663, 10500.0, 0.0, 3.0, 1.0, 0.03592925346575307, 0.035152660552220015, 0.6622773944851376, 0.0, 0.018290033564104042, 0.2735360596342042, 0.0, 0.05, 0.5, 0.5, 0.009530141252277198, 0.4450494345050236, 0.0, 0.0, 0.7514272272851112, 0.0, 0.05, 0.5, 0.5, 0.0, 0.0, 0.0, 0.030000000000000002, 0.255, 0.0, 0.0, 1.0];[0.64937077937934, -1.57011685062662, 66.73022602108212, 0.7543875935847244, -0.620777367382996, -5.818710251410307, -11.443251397128702, -14.0, -0.33772260551486244, -0.7264639403657958, 0.0, -0.5549505654949765, -0.24857277271488876, 0.0, 0.10647796768604123];20.25599269999657;25.419756699935533
405;[29.07012083855811, 1200.0008617962746, 118.54274616337273];True;False;[0.0, 7.25, 1.4500000000000002, 0.0, 1.0, 8.868447343649315, 0.2807151926315886, 0.5, 14301.36990576177, 11942.199546484384, 10500.0, 0.0, 3.0, 0.0, 0.025, 0.011966362757924856, 0.2313042105927552, 0.0, 0.03836824907310994, 0.6829926950017624, 0.0, 0.05, 0.5, 0.5, 0.012459404274542557, 0.1137199549968763, 0.0, 0.06984756311185006, 0.5202436102916469, 0.0, 0.05, 0.5, 0.5, 0.0, 0.0, 0.0, 0.030000000000000002, 0.255, 0.0, 1.0, 1.0];[0.9735645024817039, -1.4083362340789651, -8.717183431930678, 0.5653529122805039, -0.6192848073684114, -10.233042492875185, -13.139600084457578, -14.0, -0.7686957894072448, -0.3170073049982376, 0.0, -0.8862800450031237, -0.4797563897083531, 0.0, 0.01868807939156103];48.45289570000023;25.419756699935533
406;[11.979780034767009, 3545.086781281002, 107.12809280655509];True;False;[1.0, 3.331733227106522, 1.4444538164573815, 0.0, 2.0, 34.844320956139384, 0.29144991269797316, 0.4213074875584911, 5514.553092790464, 12001.024757094807, 8486.785186236382, 1.0, 2.271753014840967, 0.0, 0.025, 0.025160643885819345, 0.24451541570503943, 0.17995771030378033, 0.0571119358045492, 0.3333333333333333, 0.3333333333333333, 0.06204023212801272, 0.15855626893892721, 0.2512348216821842, 0.00901217007884639, 0.43502086013222924, 0.18326160307365003, 0.041045333100896704, 0.28506054618679205, 0.6700307034381682, 0.058090425725916155, 0.20396181309556266, 0.3027084585875861, 0.0, 1.0, 0.0, 0.025646042972073554, 0.01, 54.0, 0.0, 0.0];[0.765597681647396, -0.2540919495331777, 38.54315292932376, 0.0, -0.6085500873020269, -12.46922047787466, -12.432151528221057, -11.288028436648693, -0.5755268739911803, -0.33333333333333337, -0.5902089093788886, -0.3817175367941208, -0.04490875037503983, -0.4933297283168512, -0.4876646831492151];34.73844110011123;28.182676099939272
407;[nan, nan, nan];False;False;[1.0, 2.8422670163042456, 1.2262911926295361, 1.0, 2.0, 13.546830028349703, 0.7012460198163758, 0.6932378912646234, 12604.213574572803, 18476.666653189877, 12732.482793984758, 0.0, 3.0, 1.0, 0.024996264989966793, 0.003982559615866879, 0.07330192441131538, 0.04438454469793415, 0.045027207934401715, 0.3333333333333333, 0.3333333333333333, 0.02033375899275816, 0.3243252189168316, 0.15983527093039548, 0.027027104025479323, 0.21115144933898966, 0.6677436715055677, 0.026144448934534027, 0.3333333333333333, 0.3333333333333333, 0.06525262917385581, 0.23182178951714047, 0.09547414389045099, 1.0, 0.0, 0.0, 0.030000000000000002, 0.255, 0.0, 2.0, 0.0];[nan, nan, nan, nan, nan, nan, nan, nan, nan, nan, nan, nan, nan, nan, nan];91.44217209995259;28.182676099939272
408;[23.13657759122913, 1331.9884435614345, 117.96692861088619];True;False;[0.0, 7.25, 1.4500000000000002, 0.0, 0.0, 37.978511054944526, 0.5, 0.5, 9042.289631384821, 10500.0, 10500.0, 0.0, 3.0, 0.0, 0.025, 0.007696638841914987, 0.0, 0.0, 0.05, 0.5, 0.5, 0.05, 0.5, 0.5, 0.031180535451978672, 0.0, 0.0, 0.05, 0.5, 0.5, 0.05, 0.5, 0.5, 0.0, 0.0, 0.0, 0.030000000000000002, 0.255, 0.0, 0.0, 0.0];[0.3637231100454086, -1.4671062244883235, 36.803932724494295, 0.8428280407832804, -0.4, 22.978511054944526, -14.0, -14.0, -1.0, 0.0, 0.0, -1.0, 0.0, 0.0, 0.030658322101645208];5.232746200053953;28.182676099939272
409;[27.061671420793335, 1155.0345388858805, 118.30409155987705];True;False;[0.0, 7.25, 1.4500000000000002, 0.0, 0.0, 12.894585301677575, 0.5, 0.5, 15898.89251527048, 10500.0, 10500.0, 0.0, 3.0, 0.0, 0.025, 0.06547238969053742, 0.0, 0.0, 0.05, 0.5, 0.5, 0.05, 0.5, 0.5, 0.07947452367011827, 0.0, 0.0, 0.05, 0.5, 0.5, 0.05, 0.5, 0.5, 0.0, 0.0, 0.0, 0.030000000000000002, 0.255, 0.0, 0.0, 0.0];[0.45985495978759783, -1.4423426856426071, -4.974942073260504, 0.6329208750335509, -0.4, -2.1054146983224253, -14.0, -14.0, -1.0, 0.0, 0.0, -1.0, 0.0, 0.0, 0.020373108824580988];7.187036999966949;28.182676099939272
410;[24.492285054627548, 1242.3069207007745, 118.1458842142681];True;False;[0.0, 7.25, 1.4500000000000002, 0.0, 0.0, 23.97867880999918, 0.5, 0.5, 4710.618322725339, 10500.0, 10500.0, 0.0, 3.0, 0.0, 0.025, 0.07463666273632316, 0.0, 0.0, 0.05, 0.5, 0.5, 0.05, 0.5, 0.5, 0.026465068542674077, 0.0, 0.0, 0.05, 0.5, 0.5, 0.05, 0.5, 0.5, 0.0, 0.0, 0.0, 0.030000000000000002, 0.255, 0.0, 0.0, 0.0];[0.3877971002813094, -1.4609047710264738, 9.851920940235782, 0.768486397187812, -0.4, 8.978678809999181, -14.0, -14.0, -1.0, 0.0, 0.0, -1.0, 0.0, 0.0, 0.028044657294624242];5.423334900056943;28.182676099939272
411;[nan, nan, nan];False;False;[0.0, 7.25, 1.4500000000000002, 0.0, 0.0, 16.430998233828127, 0.5, 0.5, 14571.84767287326, 10500.0, 10500.0, 0.0, 3.0, 0.0, 0.025, 0.04723574579372597, 0.0, 0.0, 0.05, 0.5, 0.5, 0.05, 0.5, 0.5, 0.04915376505174621, 0.0, 0.0, 0.05, 0.5, 0.5, 0.05, 0.5, 0.5, 0.0, 0.0, 0.0, 0.030000000000000002, 0.255, 0.0, 0.0, 0.0];[nan, nan, nan, nan, nan, nan, nan, nan, nan, nan, nan, nan, nan, nan, nan];33.512046799995005;23.271482900017872
412;[17.070963019676192, 3517.629317114185, 103.54539721994357];True;False;[1.0, 2.003931749785098, 1.3966797795068702, 1.0, 1.0, 20.70831876115209, 0.4731718018666914, 0.5, 9254.78820546535, 10831.595853505894, 10500.0, 1.0, 2.518987504441037, 0.0, 0.025, 0.038066113784791966, 0.5456705472544335, 0.0, 0.04784753955795514, 0.5142229520597286, 0.0, 0.05, 0.5, 0.5, 0.027421334370794193, 0.23964475649122155, 0.0, 0.047255189953773, 0.5170316634626589, 0.0, 0.05, 0.5, 0.5, 0.0, 1.0, 0.0, 0.028858726286183474, 0.26635705615755206, 129.0, 0.0, 1.0];[0.6071383896350326, -0.532359520315981, 5.1415138146477695, 0.0, -0.42682819813330863, -11.562041314226926, -11.912190517032926, -14.0, -0.45432945274556646, -0.48577704794027143, 0.0, -0.7603552435087785, -0.48296833653734106, 0.0, -0.12516042908276886];15.554144700057805;23.271482900017872
413;[25.47394260858876, 1178.364408113032, 118.60859793040726];True;False;[0.0, 7.25, 1.4500000000000002, 0.0, 0.0, 21.458931945794408, 0.5, 0.5, 16363.866533461072, 10500.0, 10500.0, 0.0, 3.0, 0.0, 0.025, 0.022833431015081063, 0.0, 0.0, 0.05, 0.5, 0.5, 0.05, 0.5, 0.5, 0.034769836763215774, 0.0, 0.0, 0.05, 0.5, 0.5, 0.05, 0.5, 0.5, 0.0, 0.0, 0.0, 0.030000000000000002, 0.255, 0.0, 0.0, 0.0];[0.31528201051736904, -1.4795846388027132, 5.98185729268673, 0.7806621536173894, -0.4, 6.458931945794408, -14.0, -14.0, -1.0, 0.0, 0.0, -1.0, 0.0, 0.0, 0.03599667456784772];5.261628500069492;23.271482900017872
414;[nan, nan, nan];False;False;[1.0, 7.206900842454474, 1.42576184501739, 1.0, 2.0, 29.73925537889503, 0.3192966931802943, 0.15078108803925702, 17259.48010021066, 14946.974216199362, 12702.398374433915, 0.0, 3.0, 1.0, 0.006647675913377509, 0.027328095628539537, 0.26971590947234, 0.33241938063062343, 0.04025645790645653, 0.3333333333333333, 0.3333333333333333, 0.052417432556921495, 0.2765636242126667, 0.4420542120707021, 0.01825483237698732, 0.3282382227536996, 0.47099118385972066, 0.06745854147180629, 0.0465442196932004, 0.820799574693669, 0.05372129826163102, 0.16328999497182406, 0.3993277689185069, 0.0, 1.0, 1.0, 0.027772009530198476, 0.44616080258886465, 117.0, 2.0, 0.0];[nan, nan, nan, nan, nan, nan, nan, nan, nan, nan, nan, nan, nan, nan, nan];28.59448650002014;23.271482900017872
415;[11.184779222874456, 2691.1557812226347, 132.57993250080827];True;True;[1.0, 7.14031309917578, 1.6513236536361688, 0.0, 0.0, 11.81038333599428, 0.5, 0.5, 17485.008143481573, 10500.0, 10500.0, 1.0, 3.2154962452335685, 0.0, 0.025, 0.06666481435357467, 0.0, 0.0, 0.05, 0.5, 0.5, 0.05, 0.5, 0.5, 0.09837392597020407, 0.0, 0.0, 0.05, 0.5, 0.5, 0.05, 0.5, 0.5, 0.0, 0.0, 0.0, 0.030000000000000002, 0.255, 0.0, 0.0, 0.0];[-0.2111787112869683, -0.04835071799450352, -6.064524004030282, -0.6643611148643677, -0.4, -7.8479294110587325, -14.0, -14.0, -1.0, 0.0, 0.0, -1.0, 0.0, 0.0, -0.21829288236025784];7.0905419999035075;23.271482900017872
416;[16.559623234794444, 2568.6358057746243, 107.80998443844575];True;False;[1.0, 2.0, 1.4312001800448062, 0.0, 0.0, 32.98996250502831, 0.5, 0.5, 11923.495783689012, 10500.0, 10500.0, 0.0, 3.0, 0.0, 0.025, 0.09185599304262144, 0.0, 0.0, 0.05, 0.5, 0.5, 0.05, 0.5, 0.5, 0.09562346202148475, 0.0, 0.0, 0.05, 0.5, 0.5, 0.05, 0.5, 0.5, 0.0, 1.0, 0.0, 0.029362470830685466, 0.2167656380403484, 98.0, 0.0, 0.0];[-0.09300217991554138, -0.4698080633386885, 25.233251942255798, -2.220446049250313e-16, -0.4, 8.050557822034023, -14.0, -14.0, -1.0, 0.0, 0.0, -1.0, 0.0, 0.0, -0.20977347980967376];18.071516999974847;26.97123670007568
417;[24.829363739025656, 1225.086029920725, 118.19712194229335];True;False;[0.0, 7.25, 1.4500000000000002, 0.0, 0.0, 21.93934619937768, 0.5, 0.5, 18198.28936998801, 10500.0, 10500.0, 0.0, 3.0, 0.0, 0.025, 0.04586040574946863, 0.0, 0.0, 0.05, 0.5, 0.5, 0.05, 0.5, 0.5, 0.06177970526930694, 0.0, 0.0, 0.05, 0.5, 0.5, 0.05, 0.5, 0.5, 0.0, 0.0, 0.0, 0.030000000000000002, 0.255, 0.0, 0.0, 0.0];[0.39089411551403597, -1.4601069807287994, 6.6969715146024775, 0.7532905676964983, -0.4, 6.939346199377681, -14.0, -14.0, -1.0, 0.0, 0.0, -1.0, 0.0, 0.0, 0.02771028850466717];5.328659699996933;26.97123670007568
418;[26.77932470958502, 1247.2446573674936, 118.34229250719667];True;False;[0.0, 7.25, 1.4500000000000002, 0.0, 1.0, 12.344266815123648, 0.2778111077595574, 0.5, 9950.144805363603, 10919.528567820596, 10500.0, 0.0, 3.0, 0.0, 0.025, 0.020018870769663716, 0.46421774079741535, 0.0, 0.062923398052449, 0.14344678396135974, 0.0, 0.05, 0.5, 0.5, 0.012893711991738355, 0.9207994890232416, 0.0, 0.051863525463402886, 0.3776064222744849, 0.0, 0.05, 0.5, 0.5, 0.0, 0.0, 0.0, 0.030000000000000002, 0.255, 0.0, 0.0, 1.0];[0.9344243497191211, -1.4177156284659362, -5.040825750788713, 0.652752159514979, -0.6221888922404426, -9.33521737645954, -12.820875462400615, -14.0, -0.5357822592025847, -0.8565532160386402, 0.0, -0.0792005109767584, -0.6223935777255152, 0.0, 0.022423807291530706];31.678481200011447;26.97123670007568
419;[nan, nan, nan];False;False;[1.0, 4.236458929419301, 1.2488189787659751, 1.0, 0.0, 13.391404548681214, 0.5, 0.5, 8303.739628122814, 10500.0, 10500.0, 0.0, 3.0, 0.0, 0.025, 0.043362698168706464, 0.0, 0.0, 0.05, 0.5, 0.5, 0.05, 0.5, 0.5, 0.0305098896602471, 0.0, 0.0, 0.05, 0.5, 0.5, 0.05, 0.5, 0.5, 0.0, 0.0, 0.0, 0.030000000000000002, 0.255, 0.0, 0.0, 0.0];[nan, nan, nan, nan, nan, nan, nan, nan, nan, nan, nan, nan, nan, nan, nan];42.315710599999875;26.97123670007568
420;[nan, nan, nan];False;False;[1.0, 2.0, 1.3304824192283033, 1.0, 0.0, 15.954317310005314, 0.5, 0.5, 16299.242640711323, 10500.0, 10500.0, 0.0, 3.0, 0.0, 0.025, 0.013811530715394371, 0.0, 0.0, 0.05, 0.5, 0.5, 0.05, 0.5, 0.5, 0.09146077146328122, 0.0, 0.0, 0.05, 0.5, 0.5, 0.05, 0.5, 0.5, 0.0, 1.0, 0.0, 0.020824507890584782, 0.11793283306332622, 1.0, 0.0, 0.0];[nan, nan, nan, nan, nan, nan, nan, nan, nan, nan, nan, nan, nan, nan, nan];16.119735999964178;26.97123670007568
421;[24.935709912873413, 1206.1488366499389, 118.47679734943685];True;False;[0.0, 7.25, 1.4500000000000002, 0.0, 0.0, 24.017000082785863, 0.5, 0.5, 9006.420554152528, 10500.0, 10500.0, 0.0, 3.0, 0.0, 0.025, 0.014856442623337247, 0.0, 0.0, 0.05, 0.5, 0.5, 0.05, 0.5, 0.5, 0.04352484141401071, 0.0, 0.0, 0.05, 0.5, 0.5, 0.05, 0.5, 0.5, 0.0, 0.0, 0.0, 0.030000000000000002, 0.255, 0.0, 0.0, 0.0];[0.3235204267204237, -1.4774624249868085, 9.913057996748343, 0.7959364551590142, -0.4, 9.017000082785863, -14.0, -14.0, -1.0, 0.0, 0.0, -1.0, 0.0, 0.0, 0.035081209658841206];5.334146399982274;27.37248219992034
422;[nan, nan, nan];False;False;[0.0, 7.25, 1.4500000000000002, 0.0, 1.0, 24.480165383436415, 0.7215364426291963, 0.5, 19987.570751531486, 13439.957284431555, 10500.0, 0.0, 3.0, 1.0, 0.025220167472973083, 0.019561876697033048, 0.7639260640267367, 0.0, 0.056411891297523525, 0.4340191000280492, 0.0, 0.05, 0.5, 0.5, 0.06068414408108137, 0.9004716620748912, 0.0, 0.041900005015511665, 0.8081520537584589, 0.0, 0.05, 0.5, 0.5, 0.0, 0.0, 0.0, 0.030000000000000002, 0.255, 0.0, 1.0, 1.0];[nan, nan, nan, nan, nan, nan, nan, nan, nan, nan, nan, nan, nan, nan, nan];45.380214100005105;27.37248219992034
423;[33.85034481190045, 1114.3575552662273, 118.07867469162838];True;False;[0.0, 7.25, 1.4500000000000002, 0.0, 0.0, 5.134264589680251, 0.5, 0.5, 8289.05010671364, 10500.0, 10500.0, 0.0, 3.0, 0.0, 0.025, 0.08248228362741228, 0.0, 0.0, 0.05, 0.5, 0.5, 0.05, 0.5, 0.5, 0.06519759831548065, 0.0, 0.0, 0.05, 0.5, 0.5, 0.05, 0.5, 0.5, 0.0, 0.0, 0.0, 0.030000000000000002, 0.255, 0.0, 0.0, 0.0];[0.7189908508626841, -1.375589349238834, -11.943736018610108, 0.34459860084671634, -0.4, -9.865735410319749, -14.0, -14.0, -1.0, 0.0, 0.0, -1.0, 0.0, 0.0, -0.005464711761843488];6.211894799955189;27.37248219992034
424;[26.451154589281302, 1142.1093487944372, 118.7198790515294];True;False;[0.0, 7.25, 1.4500000000000002, 0.0, 0.0, 17.10758741536261, 0.5, 0.5, 13279.519185782197, 10500.0, 10500.0, 0.0, 3.0, 0.0, 0.025, 0.024760930464457542, 0.0, 0.0, 0.05, 0.5, 0.5, 0.05, 0.5, 0.5, 0.04554425594713228, 0.0, 0.0, 0.05, 0.5, 0.5, 0.05, 0.5, 0.5, 0.0, 0.0, 0.0, 0.030000000000000002, 0.255, 0.0, 0.0, 0.0];[0.3313845601435963, -1.4754366263151384, -0.008753262641667092, 0.7336594772776717, -0.4, 2.107587415362609, -14.0, -14.0, -1.0, 0.0, 0.0, -1.0, 0.0, 0.0, 0.03421024814198925];16.255863600061275;27.37248219992034
425;[26.13334080123555, 1146.3888938682462, 118.79752215147855];True;False;[0.0, 7.25, 1.4500000000000002, 0.0, 0.0, 19.209715010137277, 0.5, 0.5, 15318.209940369226, 10500.0, 10500.0, 0.0, 3.0, 0.0, 0.025, 0.0061503895632809445, 0.0, 0.0, 0.05, 0.5, 0.5, 0.05, 0.5, 0.5, 0.040469500600820114, 0.0, 0.0, 0.05, 0.5, 0.5, 0.05, 0.5, 0.5, 0.0, 0.0, 0.0, 0.030000000000000002, 0.255, 0.0, 0.0, 0.0];[0.2970914829780158, -1.4842705138436438, 2.7760001286022913, 0.7684080593393978, -0.4, 4.209715010137277, -14.0, -14.0, -1.0, 0.0, 0.0, -1.0, 0.0, 0.0, 0.03802916911258214];5.76715929992497;27.37248219992034
426;[nan, nan, nan];False;False;[0.0, 7.25, 1.4500000000000002, 0.0, 0.0, 10.473247561967263, 0.5, 0.5, 13141.949979905648, 10500.0, 10500.0, 0.0, 3.0, 0.0, 0.025, 0.08810764617470676, 0.0, 0.0, 0.05, 0.5, 0.5, 0.05, 0.5, 0.5, 0.08514665599571798, 0.0, 0.0, 0.05, 0.5, 0.5, 0.05, 0.5, 0.5, 0.0, 0.0, 0.0, 0.030000000000000002, 0.255, 0.0, 0.0, 0.0];[nan, nan, nan, nan, nan, nan, nan, nan, nan, nan, nan, nan, nan, nan, nan];29.534134300076403;22.152316299965605
427;[17.141068430782404, 1901.438328365376, 103.65039972996229];True;False;[1.0, 2.0, 1.4339925599787735, 1.0, 0.0, 18.348968757630775, 0.5, 0.5, 7136.4503009257005, 10500.0, 10500.0, 0.0, 3.0, 0.0, 0.025, 0.01644251332779822, 0.0, 0.0, 0.05, 0.5, 0.5, 0.05, 0.5, 0.5, 0.05369403921117477, 0.0, 0.0, 0.05, 0.5, 0.5, 0.05, 0.5, 0.5, 0.0, 0.0, 0.0, 0.030000000000000002, 0.255, 0.0, 0.0, 0.0];[-0.07946156009612171, -0.674968721887157, 1.6161066324648026, -2.220446049250313e-16, -0.4, -6.076856750972663, -14.0, -14.0, -1.0, 0.0, 0.0, -1.0, 0.0, 0.0, -0.11976903243768078];18.768535600043833;22.152316299965605
428;[24.07096562103368, 1269.972921373756, 118.00251833119611];True;False;[0.0, 7.25, 1.4500000000000002, 0.0, 0.0, 26.074894052010915, 0.5, 0.5, 10438.830448220688, 10500.0, 10500.0, 0.0, 3.0, 0.0, 0.025, 0.06526016843800622, 0.0, 0.0, 0.05, 0.5, 0.5, 0.05, 0.5, 0.5, 0.04141572853643871, 0.0, 0.0, 0.05, 0.5, 0.5, 0.05, 0.5, 0.5, 0.0, 0.0, 0.0, 0.030000000000000002, 0.255, 0.0, 0.0, 0.0];[0.4039716288815347, -1.4567382167743976, 13.296858421169897, 0.7740734984189779, -0.4, 11.074894052010915, -14.0, -14.0, -1.0, 0.0, 0.0, -1.0, 0.0, 0.0, 0.02630303355411978];5.654240100062452;22.152316299965605
429;[nan, nan, nan];False;False;[0.0, 7.25, 1.4500000000000002, 0.0, 0.0, 16.009885005157624, 0.5, 0.5, 19498.341182570195, 10500.0, 10500.0, 0.0, 3.0, 0.0, 0.025, 0.03745660390053137, 0.0, 0.0, 0.05, 0.5, 0.5, 0.05, 0.5, 0.5, 0.07037653073083118, 0.0, 0.0, 0.05, 0.5, 0.5, 0.05, 0.5, 0.5, 0.0, 0.0, 0.0, 0.030000000000000002, 0.255, 0.0, 0.0, 0.0];[nan, nan, nan, nan, nan, nan, nan, nan, nan, nan, nan, nan, nan, nan, nan];28.956593199982308;22.152316299965605
430;[23.780152340901743, 1563.03761921279, 117.01374735465721];True;False;[0.0, 7.25, 1.4500000000000002, 0.0, 2.0, 15.944929901221334, 0.41648620807487113, 0.3486943779363248, 14441.162412632548, 6730.746809800223, 13473.429229920936, 0.0, 3.0, 0.0, 0.025, 0.022555489127555395, 0.31713112063785703, 0.6535656231780019, 0.059461757416190475, 0.46788235179569637, 0.1513791801074709, 0.039693961825729776, 0.08565378796131053, 0.8077025806093171, 0.05247605098484969, 0.5626051826965373, 0.191399524968467, 0.027059897330874612, 0.3333333333333333, 0.3333333333333333, 0.08669520280457385, 0.051596135753041394, 0.26305293638216826, 0.0, 0.0, 0.0, 0.030000000000000002, 0.255, 0.0, 1.0, 2.0];[1.7190403987471576, -1.3312536723072002, 0.039794214076170675, 0.6334405601775577, -0.4835137919251289, -13.177440642097828, -11.767427262209932, -12.293595998898002, -0.02930325618414109, -0.38073846809683276, -0.10664363142937239, -0.24599529233499573, -0.33333333333333337, -0.6853509278647903, 0.002164276946809651];40.977458699955605;22.152316299965605
431;[17.676479028802508, 1786.0269207275953, 104.65431160152902];True;False;[1.0, 2.0, 1.5547379080441344, 1.0, 0.0, 13.20219987405364, 0.5, 0.5, 11127.83545963426, 10500.0, 10500.0, 0.0, 3.0, 0.0, 0.025, 0.010067807709764414, 0.0, 0.0, 0.05, 0.5, 0.5, 0.05, 0.5, 0.5, 0.07352782325889161, 0.0, 0.0, 0.05, 0.5, 0.5, 0.05, 0.5, 0.5, 0.0, 0.0, 0.0, 0.030000000000000002, 0.255, 0.0, 0.0, 0.0];[-0.10657765363221827, -0.6894086022969552, -4.746276014488762, 2.220446049250313e-16, -0.4, -9.538248609874465, -14.0, -14.0, -1.0, 0.0, 0.0, -1.0, 0.0, 0.0, -0.11700516885216017];15.833686499972828;34.43403020000551
432;[16.834584187853796, 1858.677911443384, 105.35858957489312];True;False;[1.0, 2.4523679627432675, 1.5926266070871753, 1.0, 0.0, 10.92278256496068, 0.5, 0.5, 4159.5293307648435, 10500.0, 10500.0, 0.0, 3.0, 0.0, 0.025, 0.025415266392514388, 0.0, 0.0, 0.05, 0.5, 0.5, 0.05, 0.5, 0.5, 0.08171932913140251, 0.0, 0.0, 0.05, 0.5, 0.5, 0.05, 0.5, 0.5, 0.0, 0.0, 0.0, 0.030000000000000002, 0.255, 0.0, 0.0, 0.0];[-0.09191514504518317, -0.6099880043570209, -7.14483244449395, 2.220446049250313e-16, -0.4, -10.69368936361434, -14.0, -14.0, -1.0, 0.0, 0.0, -1.0, 0.0, 0.0, -0.13306472175991002];16.739478099974804;34.43403020000551
433;[27.25574758953664, 1099.1341204527903, 119.10975142771213];True;False;[0.0, 7.25, 1.4500000000000002, 0.0, 0.0, 16.322705425451485, 0.5, 0.5, 10196.42638830292, 10500.0, 10500.0, 0.0, 3.0, 0.0, 0.025, 0.019936232675316853, 0.0, 0.0, 0.05, 0.5, 0.5, 0.05, 0.5, 0.5, 0.003170398730868567, 0.0, 0.0, 0.05, 0.5, 0.5, 0.05, 0.5, 0.5, 0.0, 0.0, 0.0, 0.030000000000000002, 0.255, 0.0, 0.0, 0.0];[0.2664503494147583, -1.4921636616745115, -0.9961762569522534, 0.7489888626525127, -0.4, 1.3227054254514847, -14.0, -14.0, -1.0, 0.0, 0.0, -1.0, 0.0, 0.0, 0.041487890471908595];24.53774629998952;34.43403020000551
434;[nan, nan, nan];False;False;[1.0, 6.083903234049262, 1.263665590158694, 1.0, 0.0, 14.047597510374557, 0.5, 0.5, 16660.8346207177, 10500.0, 10500.0, 1.0, 1.7194169495635478, 0.0, 0.025, 0.07068269496374961, 0.0, 0.0, 0.05, 0.5, 0.5, 0.05, 0.5, 0.5, 0.016500938813204743, 0.0, 0.0, 0.05, 0.5, 0.5, 0.05, 0.5, 0.5, 1.0, 0.0, 0.0, 0.030000000000000002, 0.255, 0.0, 0.0, 0.0];[nan, nan, nan, nan, nan, nan, nan, nan, nan, nan, nan, nan, nan, nan, nan];56.4735635999823;34.43403020000551
435;[20.408776744539047, 2438.6106853410192, 111.40623258639087];True;False;[1.0, 3.9800850424839593, 1.2240450404325152, 0.0, 0.0, 5.4849333311315025, 0.5, 0.5, 5453.516100868059, 10500.0, 10500.0, 0.0, 3.0, 0.0, 0.025, 0.02432132476510113, 0.0, 0.0, 0.05, 0.5, 0.5, 0.05, 0.5, 0.5, 0.07149463483625641, 0.0, 0.0, 0.05, 0.5, 0.5, 0.05, 0.5, 0.5, 0.0, 1.0, 0.0, 0.014827868488468765, 0.2552657216897549, 33.0, 0.0, 0.0];[0.013707499424035596, -0.1226999134406066, -11.70389409337151, 2.220446049250313e-16, -0.4, -10.519010207995773, -14.0, -14.0, -1.0, 0.0, 0.0, -1.0, 0.0, 0.0, -0.20774740024481447];19.182320500025526;34.43403020000551
436;[10.640954063718121, 3623.4982538297763, 111.00026806562903];True;False;[1.0, 5.6077652858922145, 1.281375166706205, 1.0, 2.0, 12.865471161017457, 0.33215230996871986, 0.41523300055325707, 7736.749174716498, 7544.300022983785, 9964.357744784904, 1.0, 2.14166084004063, 0.0, 0.025, 0.05637223788398491, 0.4955473842234008, 0.2319272400477229, 0.0335659382805148, 0.5808768686393156, 0.3049573091769832, 0.04408136202222197, 0.2853152886462255, 0.4985035266014624, 0.07838944726120889, 0.24142800622408783, 0.15852947426571357, 0.07441552276248946, 0.2406479274035348, 0.30652368795721013, 0.05760380514128382, 0.4866221429887667, 0.46137871099538985, 0.0, 0.0, 0.0, 0.030000000000000002, 0.255, 0.0, 1.0, 1.0];[1.257372486134531, -0.038851647849117654, -4.408298369892126, -0.40529287393978664, -0.5678476900312801, -13.463778929047619, -12.980088258549806, -12.474851180971447, -0.27252537572887636, -0.1141658221837012, -0.21618118475231207, -0.6000425195101986, -0.4528283846392551, -0.051999146015843434, -0.21061474813568687];60.998184200027026;26.601068599964492
437;[15.794731661365097, 2682.7610761931564, 104.04417312525439];True;False;[1.0, 2.6856867068610337, 1.366852734192868, 1.0, 0.0, 14.455734460161594, 0.5, 0.5, 8726.205598829343, 10500.0, 10500.0, 1.0, 3.5944443049418306, 0.0, 0.025, 0.05945034400788677, 0.0, 0.0, 0.05, 0.5, 0.5, 0.05, 0.5, 0.5, 0.07433280787467166, 0.0, 0.0, 0.05, 0.5, 0.5, 0.05, 0.5, 0.5, 0.0, 0.0, 0.0, 0.030000000000000002, 0.255, 0.0, 0.0, 0.0];[-0.012634325478979136, -0.5328474835127914, -3.2584141841518353, 2.220446049250313e-16, -0.4, -7.262570404836223, -14.0, -14.0, -1.0, 0.0, 0.0, -1.0, 0.0, 0.0, -0.14682883079040576];16.100059399963357;26.601068599964492
438;[17.435512288373083, 1983.9462440004102, 107.61167213176071];True;False;[1.0, 2.010567775395615, 1.5501968031186069, 0.0, 0.0, 27.402726415869452, 0.5, 0.5, 6460.388461045747, 10500.0, 10500.0, 0.0, 3.0, 0.0, 0.025, 0.009544552767518356, 0.0, 0.0, 0.05, 0.5, 0.5, 0.05, 0.5, 0.5, 0.018877104903416306, 0.0, 0.0, 0.05, 0.5, 0.5, 0.05, 0.5, 0.5, 0.0, 0.0, 0.0, 0.030000000000000002, 0.255, 0.0, 0.0, 0.0];[-0.37243879030965044, -0.6302030191046581, 16.145172471149966, 0.0, -0.4, 2.6769338968717022, -14.0, -14.0, -1.0, 0.0, 0.0, -1.0, 0.0, 0.0, -0.13188495329207645];7.2827046000165865;26.601068599964492
439;[15.983731319658737, 1882.3405372278894, 104.57875993771513];True;True;[1.0, 2.2398496724844303, 1.6760907973707173, 1.0, 0.0, 16.647200039424266, 0.5, 0.5, 13209.798124375237, 10500.0, 10500.0, 0.0, 3.0, 0.0, 0.025, 0.04117027048024417, 0.0, 0.0, 0.05, 0.5, 0.5, 0.05, 0.5, 0.5, 0.05769486802988654, 0.0, 0.0, 0.05, 0.5, 0.5, 0.05, 0.5, 0.5, 0.0, 0.0, 0.0, 0.030000000000000002, 0.255, 0.0, 0.0, 0.0];[-0.12799268946613207, -0.6617634848633749, -0.7248229140159577, 0.0, -0.4, -9.074211933295286, -14.0, -14.0, -1.0, 0.0, 0.0, -1.0, 0.0, 0.0, -0.12302966166901097];7.047001100028865;26.601068599964492
440;[26.48620850768766, 1153.3044077309892, 118.5237788542967];True;False;[0.0, 7.25, 1.4500000000000002, 0.0, 0.0, 15.76475728075833, 0.5, 0.5, 9566.913627092255, 10500.0, 10500.0, 0.0, 3.0, 0.0, 0.025, 0.03497162943601773, 0.0, 0.0, 0.05, 0.5, 0.5, 0.05, 0.5, 0.5, 0.06818408031567921, 0.0, 0.0, 0.05, 0.5, 0.5, 0.05, 0.5, 0.5, 0.0, 0.0, 0.0, 0.030000000000000002, 0.255, 0.0, 0.0, 0.0];[0.3824382261689099, -1.4622852155680899, -1.6807971849757966, 0.6991707280575246, -0.4, 0.7647572807583298, -14.0, -14.0, -1.0, 0.0, 0.0, -1.0, 0.0, 0.0, 0.028624229367653298];15.896174199995585;26.601068599964492
441;[15.207126531524644, 2714.1681450917135, 103.63020241558331];True;False;[1.0, 3.146998619372007, 1.2999856066530264, 1.0, 0.0, 15.737460766071266, 0.5, 0.5, 3584.090428478394, 10500.0, 10500.0, 1.0, 1.8489645282968645, 0.0, 0.025, 0.06574631979120962, 0.0, 0.0, 0.05, 0.5, 0.5, 0.05, 0.5, 0.5, 0.041571189441236125, 0.0, 0.0, 0.05, 0.5, 0.5, 0.05, 0.5, 0.5, 0.0, 1.0, 0.0, 0.02372051402472762, 0.01, 23.0, 0.0, 0.0];[0.0020318549446392, -0.4653955481005805, -1.720649214435241, -2.220446049250313e-16, -0.4, -5.6876868307313995, -14.0, -14.0, -1.0, 0.0, 0.0, -1.0, 0.0, 0.0, -0.48660839891255464];18.221069099963643;29.592132800025865
442;[nan, nan, nan];False;False;[0.0, 7.25, 1.4500000000000002, 0.0, 1.0, 16.939342622989802, 0.4292562258331012, 0.5, 16708.81675732299, 1418.3257400688055, 10500.0, 0.0, 3.0, 1.0, 0.026541367357964037, 0.058812951774309466, 0.44541985828077, 0.0, 0.029672892074771792, 0.6341987933667723, 0.0, 0.05, 0.5, 0.5, 0.022753145490834514, 0.6883609395202197, 0.0, 0.08776720969246896, 0.9250093619841547, 0.0, 0.05, 0.5, 0.5, 0.0, 0.0, 0.0, 0.030000000000000002, 0.255, 0.0, 0.0, 0.0];[nan, nan, nan, nan, nan, nan, nan, nan, nan, nan, nan, nan, nan, nan, nan];54.53943400003482;29.592132800025865
443;[17.945862795232305, 1843.422770463488, 104.1686287221132];True;False;[1.0, 2.000000119222573, 1.4258871046212804, 1.0, 0.0, 14.551442008500883, 0.5, 0.5, 8468.69710850338, 10500.0, 10500.0, 0.0, 3.0, 0.0, 0.025, 0.018379630814922557, 0.0, 0.0, 0.05, 0.5, 0.5, 0.05, 0.5, 0.5, 0.051119401367054396, 0.0, 0.0, 0.05, 0.5, 0.5, 0.05, 0.5, 0.5, 0.0, 0.0, 0.0, 0.030000000000000002, 0.255, 0.0, 0.0, 0.0];[-0.07500066080789125, -0.6725931802064018, -3.1655899740398965, 2.220446049250313e-16, -0.4, -7.842922003396363, -14.0, -14.0, -1.0, 0.0, 0.0, -1.0, 0.0, 0.0, -0.1202199065932072];18.191459900001064;29.592132800025865
444;[26.80513715441165, 1145.409217736638, 118.53071584936241];True;False;[0.0, 7.25, 1.4500000000000002, 0.0, 0.0, 14.669015488956076, 0.5, 0.5, 10000.435062082248, 10500.0, 10500.0, 0.0, 3.0, 0.0, 0.025, 0.09017538116828505, 0.0, 0.0, 0.05, 0.5, 0.5, 0.05, 0.5, 0.5, 0.017152901450639746, 0.0, 0.0, 0.05, 0.5, 0.5, 0.05, 0.5, 0.5, 0.0, 0.0, 0.0, 0.030000000000000002, 0.255, 0.0, 0.0, 0.0];[0.39395852060272496, -1.4593175907955327, -2.9834229089859132, 0.6812134286215235, -0.4, -0.33098451104392446, -14.0, -14.0, -1.0, 0.0, 0.0, -1.0, 0.0, 0.0, 0.027379856996790686];8.983924200059846;29.592132800025865
445;[37.61836713708321, 1073.769652677898, 121.5287673117832];True;False;[0.0, 7.25, 1.4500000000000002, 0.0, 1.0, 11.996346620233727, 0.4872768159337002, 0.5, 4849.1068323163545, 16230.848299743982, 10500.0, 0.0, 3.0, 1.0, 0.02436465079086956, 0.047263096366790325, 0.6309775327958981, 0.0, 0.014664775613697107, 0.4107124464779931, 0.0, 0.05, 0.5, 0.5, 0.03734939248994917, 0.1397077226015659, 0.0, 0.02899161254560009, 0.09888281464499939, 0.0, 0.05, 0.5, 0.5, 0.0, 0.0, 0.0, 0.030000000000000002, 0.255, 0.0, 0.0, 1.0];[0.9539781229881283, -1.5020963357719188, 149.59779147820032, 0.624799999758971, -0.4127231840662998, -11.447139903325471, -11.623467771370372, -14.0, -0.3690224672041019, -0.5892875535220069, 0.0, -0.8602922773984341, -0.9011171853550006, 0.0, 0.0726058767960085];50.99698579998221;29.592132800025865
446;[13.84048587219397, 2365.7791234262413, 103.68945041112462];True;False;[1.0, 2.725801073325094, 1.4765280897982769, 1.0, 1.0, 21.144633015506688, 0.5473024311741679, 0.5, 18721.410159036543, 14074.002545607707, 10500.0, 0.0, 3.0, 0.0, 0.025, 0.021655342085436263, 0.27400911083972324, 0.0, 0.04704396322100517, 0.8610898467596179, 0.0, 0.05, 0.5, 0.5, 0.05819556749322169, 0.5777574163394138, 0.0, 0.04094419561685383, 0.564476086099932, 0.0, 0.05, 0.5, 0.5, 0.0, 0.0, 0.0, 0.030000000000000002, 0.255, 0.0, 1.0, 0.0];[0.41502980547410573, -0.5155046726761001, 6.821573823351258, -2.220446049250313e-16, -0.35269756882583214, -12.167638027356578, -11.57573024389401, -14.0, -0.7259908891602768, -0.13891015324038214, 0.0, -0.4222425836605862, -0.43552391390006795, 0.0, -0.14604671462161217];19.024800600018352;26.255590999964625
447;[nan, nan, nan];False;False;[0.0, 7.25, 1.4500000000000002, 0.0, 0.0, 10.323177913853067, 0.5, 0.5, 16182.623036253202, 10500.0, 10500.0, 0.0, 3.0, 0.0, 0.025, 0.05703163336311071, 0.0, 0.0, 0.05, 0.5, 0.5, 0.05, 0.5, 0.5, 0.0178558950055211, 0.0, 0.0, 0.05, 0.5, 0.5, 0.05, 0.5, 0.5, 0.0, 0.0, 0.0, 0.030000000000000002, 0.255, 0.0, 0.0, 0.0];[nan, nan, nan, nan, nan, nan, nan, nan, nan, nan, nan, nan, nan, nan, nan];40.93054410000332;26.255590999964625
448;[24.55844504068465, 1246.894835279474, 118.0027412677413];True;False;[0.0, 7.25, 1.4500000000000002, 0.0, 0.0, 22.038503683234147, 0.5, 0.5, 12980.718992841397, 10500.0, 10500.0, 0.0, 3.0, 0.0, 0.025, 0.07102079205578161, 0.0, 0.0, 0.05, 0.5, 0.5, 0.05, 0.5, 0.5, 0.06023328970500707, 0.0, 0.0, 0.05, 0.5, 0.5, 0.05, 0.5, 0.5, 0.0, 0.0, 0.0, 0.030000000000000002, 0.255, 0.0, 0.0, 0.0];[0.4276753491467584, -1.4506321447582, 6.845903940016218, 0.7388914301223377, -0.4, 7.038503683234147, -14.0, -14.0, -1.0, 0.0, 0.0, -1.0, 0.0, 0.0, 0.02377134487778021];5.054683099966496;26.255590999964625
449;[24.631701216244327, 1222.4621886048847, 118.41997847862531];True;False;[0.0, 7.25, 1.4500000000000002, 0.0, 0.0, 25.971473668792022, 0.5, 0.5, 12928.433525526974, 10500.0, 10500.0, 0.0, 3.0, 0.0, 0.025, 0.025091471326873012, 0.0, 0.0, 0.05, 0.5, 0.5, 0.05, 0.5, 0.5, 0.02853150099301019, 0.0, 0.0, 0.05, 0.5, 0.5, 0.05, 0.5, 0.5, 0.0, 0.0, 0.0, 0.030000000000000002, 0.255, 0.0, 0.0, 0.0];[0.3231798701210504, -1.4775501522759489, 13.122078674825744, 0.80846273164301, -0.4, 10.971473668792022, -14.0, -14.0, -1.0, 0.0, 0.0, -1.0, 0.0, 0.0, 0.03511899084097869];5.0384859999176115;26.255590999964625
450;[nan, nan, nan];False;False;[0.0, 7.25, 1.4500000000000002, 0.0, 0.0, 14.21243780323576, 0.5, 0.5, 2387.743377177942, 10500.0, 10500.0, 0.0, 3.0, 0.0, 0.025, 0.0065250374755798715, 0.0, 0.0, 0.05, 0.5, 0.5, 0.05, 0.5, 0.5, 0.03261288898491665, 0.0, 0.0, 0.05, 0.5, 0.5, 0.05, 0.5, 0.5, 0.0, 0.0, 0.0, 0.030000000000000002, 0.255, 0.0, 0.0, 0.0];[nan, nan, nan, nan, nan, nan, nan, nan, nan, nan, nan, nan, nan, nan, nan];28.279236700036563;26.255590999964625
451;[39.57653762911352, 1053.558762692481, 122.77425748642558];True;False;[0.0, 7.25, 1.4500000000000002, 0.0, 1.0, 25.196400590497664, 0.2625546776375842, 0.5, 14665.936861432434, 6924.063139069134, 10500.0, 0.0, 3.0, 1.0, 0.036344673405291926, 0.025014832664876547, 0.14232421364607062, 0.0, 0.03697366690509117, 0.166207372073768, 0.0, 0.05, 0.5, 0.5, 0.002024005784062573, 0.16667552209209227, 0.0, 0.032007020381408485, 0.7821390341895148, 0.0, 0.05, 0.5, 0.5, 0.0, 0.0, 0.0, 0.030000000000000002, 0.255, 0.0, 0.0, 1.0];[0.6173105308749864, -1.5772760825210266, 77.67810701924545, 0.7608244878597321, -0.6374453223624158, -6.587515349197357, -12.004880051924534, -14.0, -0.8576757863539294, -0.833792627926232, 0.0, -0.8333244779079078, -0.2178609658104852, 0.0, 0.11027758747442451];35.84502170002088;16.977211100049317
452;[nan, nan, nan];False;False;[0.0, 7.25, 1.4500000000000002, 0.0, 0.0, 14.47541925305799, 0.5, 0.5, 16049.319791819682, 10500.0, 10500.0, 0.0, 3.0, 0.0, 0.025, 0.0033588435233893304, 0.0, 0.0, 0.05, 0.5, 0.5, 0.05, 0.5, 0.5, 0.0671669670405337, 0.0, 0.0, 0.05, 0.5, 0.5, 0.05, 0.5, 0.5, 0.0, 0.0, 0.0, 0.030000000000000002, 0.255, 0.0, 0.0, 0.0];[nan, nan, nan, nan, nan, nan, nan, nan, nan, nan, nan, nan, nan, nan, nan];29.806784799904563;16.977211100049317
453;[nan, nan, nan];False;False;[0.0, 7.25, 1.4500000000000002, 0.0, 1.0, 14.631567599426019, 0.4524155710143637, 0.5, 17527.65266931156, 8979.795607205553, 10500.0, 0.0, 3.0, 0.0, 0.025, 0.04322010852301508, 0.13944904728620638, 0.0, 0.03596380504943405, 0.6490657457957143, 0.0, 0.05, 0.5, 0.5, 0.05741493864696465, 0.32195723758917427, 0.0, 0.03379050125828601, 0.7141916659720837, 0.0, 0.05, 0.5, 0.5, 0.0, 0.0, 0.0, 0.030000000000000002, 0.255, 0.0, 1.0, 0.0];[nan, nan, nan, nan, nan, nan, nan, nan, nan, nan, nan, nan, nan, nan, nan];47.35088620008901;16.977211100049317
454;[22.3906948891924, 1408.5325060589178, 117.63937402679483];True;False;[0.0, 7.25, 1.4500000000000002, 0.0, 0.0, 46.17271605244437, 0.5, 0.5, 16355.386146465618, 10500.0, 10500.0, 0.0, 3.0, 0.0, 0.025, 0.027889959893008118, 0.0, 0.0, 0.05, 0.5, 0.5, 0.05, 0.5, 0.5, 0.006105630953530193, 0.0, 0.0, 0.05, 0.5, 0.5, 0.05, 0.5, 0.5, 0.0, 0.0, 0.0, 0.030000000000000002, 0.255, 0.0, 0.0, 0.0];[0.40890052336737615, -1.4554685348698708, 56.98927502336298, 0.8431420352290129, -0.4, 31.172716052444372, -14.0, -14.0, -1.0, 0.0, 0.0, -1.0, 0.0, 0.0, 0.02577458688717027];5.765297899954021;16.977211100049317
455;[24.650482794793103, 1216.5657041615427, 118.52940407221186];True;False;[0.0, 7.25, 1.4500000000000002, 0.0, 0.0, 27.245996503577004, 0.5, 0.5, 10342.300715155212, 10500.0, 10500.0, 0.0, 3.0, 0.0, 0.025, 0.018111896835834418, 0.0, 0.0, 0.05, 0.5, 0.5, 0.05, 0.5, 0.5, 0.012630161491790626, 0.0, 0.0, 0.05, 0.5, 0.5, 0.05, 0.5, 0.5, 0.0, 0.0, 0.0, 0.030000000000000002, 0.255, 0.0, 0.0, 0.0];[0.29503838921486114, -1.484799390249265, 15.311008927515228, 0.8282103031655785, -0.4, 12.245996503577004, -14.0, -14.0, -1.0, 0.0, 0.0, -1.0, 0.0, 0.0, 0.03825953730608256];6.085588400019333;16.977211100049317
456;[27.17818782957923, 1258.1063896143442, 118.32546009287086];True;False;[0.0, 7.25, 1.4500000000000002, 0.0, 1.0, 12.340361131625109, 0.47643997661376414, 0.5, 9171.240098456765, 5646.983378146094, 10500.0, 0.0, 3.0, 0.0, 0.025, 0.044601501615739045, 0.20234108470909995, 0.0, 0.05561650626744183, 0.5967424371591592, 0.0, 0.05, 0.5, 0.5, 0.02070458116636, 0.5816198298489419, 0.0, 0.019288827101440108, 0.5731835496428954, 0.0, 0.05, 0.5, 0.5, 0.0, 0.0, 0.0, 0.030000000000000002, 0.255, 0.0, 1.0, 1.0];[0.9556039560589333, -1.4126402297564133, -4.959549568495289, 0.6289076175959696, -0.4235600233862359, -11.31749727839721, -11.648920024082418, -14.0, -0.7976589152909, -0.4032575628408408, 0.0, -0.4183801701510581, -0.4268164503571046, 0.0, 0.020395666929787004];24.72646429995075;32.27240839996375
457;[23.568370171364233, 1308.6785136398141, 117.77791253060485];True;False;[0.0, 7.25, 1.4500000000000002, 0.0, 0.0, 28.420436913368608, 0.5, 0.5, 16578.29213589876, 10500.0, 10500.0, 0.0, 3.0, 0.0, 0.025, 0.06343568327905393, 0.0, 0.0, 0.05, 0.5, 0.5, 0.05, 0.5, 0.5, 0.05705118908598836, 0.0, 0.0, 0.05, 0.5, 0.5, 0.05, 0.5, 0.5, 0.0, 0.0, 0.0, 0.030000000000000002, 0.255, 0.0, 0.0, 0.0];[0.4366097483194826, -1.4483306459150038, 17.39564045911809, 0.7718747712793526, -0.4, 13.420436913368608, -14.0, -14.0, -1.0, 0.0, 0.0, -1.0, 0.0, 0.0, 0.022823410463491123];5.091373199946247;32.27240839996375
458;[25.183439600778232, 1317.2974354430605, 118.01328843659869];True;False;[0.0, 7.25, 1.4500000000000002, 0.0, 1.0, 16.423590587420538, 0.4197607160809551, 0.5, 6899.386651723791, 8334.111779431201, 10500.0, 0.0, 3.0, 0.0, 0.025, 0.024688866964173006, 0.5087199110854587, 0.0, 0.052428720931847, 0.46972540332427554, 0.0, 0.05, 0.5, 0.5, 0.02214107664654687, 0.3750875223882618, 0.0, 0.06187386829720314, 0.20408936088240126, 0.0, 0.05, 0.5, 0.5, 0.0, 0.0, 0.0, 0.030000000000000002, 0.255, 0.0, 1.0, 1.0];[0.9501326790881084, -1.4139513453471186, 0.2799303384658298, 0.6975516995518416, -0.4802392839190449, -10.235287251444525, -11.553078547620798, -14.0, -0.49128008891454134, -0.5302745966757245, 0.0, -0.6249124776117382, -0.7959106391175987, 0.0, 0.020918081519638698];21.724182600039057;32.27240839996375
459;[nan, nan, nan];False;False;[0.0, 7.25, 1.4500000000000002, 0.0, 1.0, 14.75479630675509, 0.6596049733802217, 0.5, 20000.0, 17623.942486462336, 10500.0, 0.0, 3.0, 0.0, 0.025, 0.08032025261565534, 0.38088500867267694, 0.0, 0.07870953228736281, 0.5920270863158443, 0.0, 0.05, 0.5, 0.5, 0.07190978058666346, 0.7846054319793406, 0.0, 0.054835835080406306, 0.6025511755146508, 0.0, 0.05, 0.5, 0.5, 0.0, 0.0, 0.0, 0.030000000000000002, 0.255, 0.0, 0.0, 0.0];[nan, nan, nan, nan, nan, nan, nan, nan, nan, nan, nan, nan, nan, nan, nan];28.478693600045517;32.27240839996375
460;[24.186712238763867, 1253.966499818054, 118.21762664097987];True;False;[0.0, 7.25, 1.4500000000000002, 0.0, 0.0, 27.696777203181025, 0.5, 0.5, 18636.935007948796, 10500.0, 10500.0, 0.0, 3.0, 0.0, 0.025, 0.0490523126049337, 0.0, 0.0, 0.05, 0.5, 0.5, 0.05, 0.5, 0.5, 0.020063605559642556, 0.0, 0.0, 0.05, 0.5, 0.5, 0.05, 0.5, 0.5, 0.0, 0.0, 0.0, 0.030000000000000002, 0.255, 0.0, 0.0, 0.0];[0.35370695637561234, -1.4696863830013687, 16.103465705866764, 0.8048131354783472, -0.4, 12.696777203181025, -14.0, -14.0, -1.0, 0.0, 0.0, -1.0, 0.0, 0.0, 0.031753393425091425];5.329717600019649;32.27240839996375
461;[26.505638841479968, 1128.2129034179356, 118.9298650595749];True;False;[0.0, 7.25, 1.4500000000000002, 0.0, 0.0, 18.347842903887827, 0.5, 0.5, 18829.847028584096, 10500.0, 10500.0, 0.0, 3.0, 0.0, 0.025, 0.020899601333088647, 0.0, 0.0, 0.05, 0.5, 0.5, 0.05, 0.5, 0.5, 0.013803260701354823, 0.0, 0.0, 0.05, 0.5, 0.5, 0.05, 0.5, 0.5, 0.0, 0.0, 0.0, 0.030000000000000002, 0.255, 0.0, 0.0, 0.0];[0.27973897703934725, -1.4887405147438093, 1.6095603097924318, 0.7666920001427469, -0.4, 3.347842903887827, -14.0, -14.0, -1.0, 0.0, 0.0, -1.0, 0.0, 0.0, 0.03998244614236046];5.118053100071847;30.668320999946445
462;[nan, nan, nan];False;False;[0.0, 7.25, 1.4500000000000002, 0.0, 0.0, 15.816348632222965, 0.5, 0.5, 17390.921930911063, 10500.0, 10500.0, 0.0, 3.0, 0.0, 0.025, 0.0115305926384424, 0.0, 0.0, 0.05, 0.5, 0.5, 0.05, 0.5, 0.5, 0.0671571273994512, 0.0, 0.0, 0.05, 0.5, 0.5, 0.05, 0.5, 0.5, 0.0, 0.0, 0.0, 0.030000000000000002, 0.255, 0.0, 0.0, 0.0];[nan, nan, nan, nan, nan, nan, nan, nan, nan, nan, nan, nan, nan, nan, nan];35.03647149994504;30.668320999946445
463;[nan, nan, nan];False;False;[1.0, 6.682706615747456, 1.8, 0.0, 0.0, 24.26552764924864, 0.5, 0.5, 16696.38161988975, 10500.0, 10500.0, 0.0, 3.0, 0.0, 0.025, 0.008475118129547137, 0.0, 0.0, 0.05, 0.5, 0.5, 0.05, 0.5, 0.5, 0.07146301913375107, 0.0, 0.0, 0.05, 0.5, 0.5, 0.05, 0.5, 0.5, 0.0, 0.0, 0.0, 0.030000000000000002, 0.255, 0.0, 0.0, 0.0];[nan, nan, nan, nan, nan, nan, nan, nan, nan, nan, nan, nan, nan, nan, nan];41.33008270000573;30.668320999946445
464;[27.151739771632197, 1113.3722046154833, 118.91591440585594];True;False;[0.0, 7.25, 1.4500000000000002, 0.0, 0.0, 15.537535820551195, 0.5, 0.5, 12265.279505694882, 10500.0, 10500.0, 0.0, 3.0, 0.0, 0.025, 0.0310218139640091, 0.0, 0.0, 0.05, 0.5, 0.5, 0.05, 0.5, 0.5, 0.02306019553929145, 0.0, 0.0, 0.05, 0.5, 0.5, 0.05, 0.5, 0.5, 0.0, 0.0, 0.0, 0.030000000000000002, 0.255, 0.0, 0.0, 0.0];[0.31166810404351075, -1.4805155801461913, -1.9554827633263194, 0.7223976441634832, -0.4, 0.5375358205511951, -14.0, -14.0, -1.0, 0.0, 0.0, -1.0, 0.0, 0.0, 0.03639924636006164];16.8468621999491;30.668320999946445
465;[23.94219261456384, 1285.002173627423, 117.83181634877454];True;False;[0.0, 7.25, 1.4500000000000002, 0.0, 0.0, 25.276510425536163, 0.5, 0.5, 3914.2231657674993, 10500.0, 10500.0, 0.0, 3.0, 0.0, 0.025, 0.05176744591547697, 0.0, 0.0, 0.05, 0.5, 0.5, 0.05, 0.5, 0.5, 0.08067577954544593, 0.0, 0.0, 0.05, 0.5, 0.5, 0.05, 0.5, 0.5, 0.0, 0.0, 0.0, 0.030000000000000002, 0.255, 0.0, 0.0, 0.0];[0.4415121942572702, -1.447067777149395, 11.960580715594254, 0.7534820826950619, -0.4, 10.276510425536163, -14.0, -14.0, -1.0, 0.0, 0.0, -1.0, 0.0, 0.0, 0.02230472035324682];5.246283899992704;30.668320999946445
466;[nan, nan, nan];False;False;[0.0, 7.25, 1.4500000000000002, 0.0, 0.0, 15.462598081868613, 0.5, 0.5, 15632.905983825216, 10500.0, 10500.0, 0.0, 3.0, 0.0, 0.025, 0.00881227010632052, 0.0, 0.0, 0.05, 0.5, 0.5, 0.05, 0.5, 0.5, 0.04846229552217862, 0.0, 0.0, 0.05, 0.5, 0.5, 0.05, 0.5, 0.5, 0.0, 0.0, 0.0, 0.030000000000000002, 0.255, 0.0, 0.0, 0.0];[nan, nan, nan, nan, nan, nan, nan, nan, nan, nan, nan, nan, nan, nan, nan];34.96138270001393;26.932346599991433
467;[12.158799952183353, 2584.5139584975736, 103.47049139058902];True;True;[1.0, 6.071305751316499, 1.3412574161230346, 1.0, 0.0, 12.599825457481456, 0.5, 0.5, 18631.74629928883, 10500.0, 10500.0, 1.0, 4.6083562226658366, 0.0, 0.025, 0.012880659189915364, 0.0, 0.0, 0.05, 0.5, 0.5, 0.05, 0.5, 0.5, 0.01474734699739188, 0.0, 0.0, 0.05, 0.5, 0.5, 0.05, 0.5, 0.5, 0.0, 1.0, 0.0, 0.04640663777393732, 0.017098968423367857, 9.0, 0.0, 0.0];[-0.06607240829999039, -0.2666316867420875, -5.342183290841021, -0.22202122085220444, -0.4, -7.996094844461506, -14.0, -14.0, -1.0, 0.0, 0.0, -1.0, 0.0, 0.0, -0.4791889652121596];7.651170399971306;26.932346599991433
468;[25.9365470262084, 1163.3352383575534, 118.60547238609352];True;False;[0.0, 7.25, 1.4500000000000002, 0.0, 0.0, 18.736310479639446, 0.5, 0.5, 8737.669211656186, 10500.0, 10500.0, 0.0, 3.0, 0.0, 0.025, 0.04947632978032193, 0.0, 0.0, 0.05, 0.5, 0.5, 0.05, 0.5, 0.5, 0.02576133929685294, 0.0, 0.0, 0.05, 0.5, 0.5, 0.05, 0.5, 0.5, 0.0, 0.0, 0.0, 0.030000000000000002, 0.255, 0.0, 0.0, 0.0];[0.33767032742430647, -1.4738174143406666, 2.13105525356524, 0.7479296726151377, -0.4, 3.736310479639446, -14.0, -14.0, -1.0, 0.0, 0.0, -1.0, 0.0, 0.0, 0.03351612864406761];5.613493600045331;26.932346599991433
469;[nan, nan, nan];False;False;[0.0, 7.25, 1.4500000000000002, 0.0, 2.0, 11.836263501443364, 0.3642675552341639, 0.7310419190527242, 6301.941653896231, 4017.4897804439183, 13829.823119331108, 0.0, 3.0, 1.0, 0.026937499271705353, 0.017233662892445628, 0.6649282669374219, 0.14173308129156553, 0.08643562068302563, 0.3333333333333333, 0.3333333333333333, 0.06980888231488633, 0.3333333333333333, 0.3333333333333333, 0.02839946797827746, 0.32578296383840966, 0.28974171601962534, 0.094055363914028, 0.3333333333333333, 0.3333333333333333, 0.08365954284923223, 0.3333333333333333, 0.3333333333333333, 0.0, 0.0, 0.0, 0.030000000000000002, 0.255, 0.0, 2.0, 2.0];[nan, nan, nan, nan, nan, nan, nan, nan, nan, nan, nan, nan, nan, nan, nan];95.21146330004558;26.932346599991433
470;[16.43330513387289, 4026.06858019437, 108.4422373885875];True;False;[1.0, 2.0, 1.391449330251411, 0.0, 2.0, 17.727565751745644, 0.3284194681244926, 0.42178085734820747, 12745.075510224991, 13774.174345964268, 18523.70575445273, 1.0, 1.7665398110577284, 0.0, 0.025, 0.08501489937043162, 0.0, 0.27492330958608563, 0.06165386814779497, 0.59209578942469, 0.039495952401998546, 0.041532060781055966, 0.09936521156836334, 0.23149829121244514, 0.07701156721257142, 0.3333333333333333, 0.3333333333333333, 0.021842722380505854, 0.028316010598791047, 0.4795576048328178, 0.09135644430999801, 0.36829674344561136, 0.15464926851785749, 0.0, 1.0, 1.0, 0.01763432812296386, 0.4855475075678787, 85.0, 0.0, 1.0];[0.9959835102475862, -0.34304386791381924, 2.0392024902073693, 0.0, -0.5715805318755074, -13.20960071609625, -12.64610589800476, -11.976953046918357, -0.7250766904139143, -0.36840825817331146, -0.6691364972191916, -0.33333333333333337, -0.4921263845683912, -0.4770539880365312, 0.12779641782624385];65.94257109996397;26.932346599991433
471;[25.746209568438697, 1205.7055273344372, 118.00347212047244];True;False;[0.0, 7.25, 1.4500000000000002, 0.0, 0.0, 15.74871618923192, 0.5, 0.5, 16383.018773214002, 10500.0, 10500.0, 0.0, 3.0, 0.0, 0.025, 0.09087295415154471, 0.0, 0.0, 0.05, 0.5, 0.5, 0.05, 0.5, 0.5, 0.07623462655313308, 0.0, 0.0, 0.05, 0.5, 0.5, 0.05, 0.5, 0.5, 0.0, 0.0, 0.0, 0.030000000000000002, 0.255, 0.0, 0.0, 0.0];[0.4803744625571982, -1.4370568672037394, -1.7002673825328625, 0.6629031053151122, -0.4, 0.7487161892319207, -14.0, -14.0, -1.0, 0.0, 0.0, -1.0, 0.0, 0.0, 0.018229134003404868];7.580899800057523;23.14866529998835
472;[nan, nan, nan];False;False;[0.0, 7.25, 1.4500000000000002, 0.0, 0.0, 17.62091879906237, 0.5, 0.5, 13256.43906766502, 10500.0, 10500.0, 0.0, 3.0, 0.0, 0.025, 0.030390998280575027, 0.0, 0.0, 0.05, 0.5, 0.5, 0.05, 0.5, 0.5, 0.07596121113078577, 0.0, 0.0, 0.05, 0.5, 0.5, 0.05, 0.5, 0.5, 0.0, 0.0, 0.0, 0.030000000000000002, 0.255, 0.0, 0.0, 0.0];[nan, nan, nan, nan, nan, nan, nan, nan, nan, nan, nan, nan, nan, nan, nan];43.75275849993341;23.14866529998835
473;[24.497740846927517, 1224.6243970065884, 118.51945787815882];True;False;[0.0, 7.25, 1.4500000000000002, 0.0, 0.0, 28.707202211866093, 0.5, 0.5, 11995.907086183883, 10500.0, 10500.0, 0.0, 3.0, 0.0, 0.025, 0.02250395993019686, 0.0, 0.0, 0.05, 0.5, 0.5, 0.05, 0.5, 0.5, 2.8951052702361275e-05, 0.0, 0.0, 0.05, 0.5, 0.5, 0.05, 0.5, 0.5, 0.0, 0.0, 0.0, 0.030000000000000002, 0.255, 0.0, 0.0, 0.0];[0.28966222171737055, -1.4861842895622583, 17.914522678569384, 0.8386303454142481, -0.4, 13.707202211866093, -14.0, -14.0, -1.0, 0.0, 0.0, -1.0, 0.0, 0.0, 0.03886370797526795];5.20039839996025;23.14866529998835
474;[16.596085746035833, 1856.270823855011, 104.02656706482402];True;False;[1.0, 2.0489109029522106, 1.570093354858362, 1.0, 0.0, 17.744419038480444, 0.5, 0.5, 16030.990108574833, 10500.0, 10500.0, 0.0, 3.0, 0.0, 0.025, 0.02517604784500372, 0.0, 0.0, 0.05, 0.5, 0.5, 0.05, 0.5, 0.5, 0.05267606253844464, 0.0, 0.0, 0.05, 0.5, 0.5, 0.05, 0.5, 0.5, 0.0, 0.0, 0.0, 0.030000000000000002, 0.255, 0.0, 0.0, 0.0];[-0.125100278764549, -0.6910168352813066, 0.7502476974363859, 2.220446049250313e-16, -0.4, -7.802016714560688, -14.0, -14.0, -1.0, 0.0, 0.0, -1.0, 0.0, 0.0, -0.11686226006531891];8.7479972000001;23.14866529998835
475;[26.5212028149404, 1128.275043815534, 118.92160070570372];True;False;[0.0, 7.25, 1.4500000000000002, 0.0, 0.0, 18.20976650583648, 0.5, 0.5, 12865.273360885933, 10500.0, 10500.0, 0.0, 3.0, 0.0, 0.025, 0.03644104860538016, 0.0, 0.0, 0.05, 0.5, 0.5, 0.05, 0.5, 0.5, 0.0, 0.0, 0.0, 0.05, 0.5, 0.5, 0.05, 0.5, 0.5, 0.0, 0.0, 0.0, 0.030000000000000002, 0.255, 0.0, 0.0, 0.0];[0.282594280732412, -1.4880049892742693, 1.425880291686152, 0.7641558054617978, -0.4, 3.2097665058364804, -14.0, -14.0, -1.0, 0.0, 0.0, -1.0, 0.0, 0.0, 0.039660065906414466];4.986376299988478;23.14866529998835
476;[nan, nan, nan];False;False;[0.0, 7.25, 1.4500000000000002, 0.0, 0.0, 16.41402918967086, 0.5, 0.5, 9540.217849729886, 10500.0, 10500.0, 0.0, 3.0, 0.0, 0.025, 0.008234716874242307, 0.0, 0.0, 0.05, 0.5, 0.5, 0.05, 0.5, 0.5, 0.0641093867200507, 0.0, 0.0, 0.05, 0.5, 0.5, 0.05, 0.5, 0.5, 0.0, 0.0, 0.0, 0.030000000000000002, 0.255, 0.0, 0.0, 0.0];[nan, nan, nan, nan, nan, nan, nan, nan, nan, nan, nan, nan, nan, nan, nan];27.100820699939504;29.38347260002047
477;[nan, nan, nan];False;False;[0.0, 7.25, 1.4500000000000002, 0.0, 1.0, 5.497339841550197, 0.34639936343276156, 0.5, 9947.355209212494, 9620.188925960256, 10500.0, 0.0, 3.0, 0.0, 0.025, 0.0685090562116975, 0.6728949471713291, 0.0, 0.07407412455746723, 0.5875889538956631, 0.0, 0.05, 0.5, 0.5, 0.07573532067113149, 0.4297634226171907, 0.0, 0.02747693378892659, 0.2012907182305564, 0.0, 0.05, 0.5, 0.5, 0.0, 0.0, 0.0, 0.030000000000000002, 0.255, 0.0, 1.0, 1.0];[nan, nan, nan, nan, nan, nan, nan, nan, nan, nan, nan, nan, nan, nan, nan];55.50126380007714;29.38347260002047
478;[37.82499133137538, 1048.4917152267033, 122.09861321020509];True;False;[0.0, 7.25, 1.4500000000000002, 0.0, 1.0, 16.202413773064322, 0.43139121497858035, 0.5, 14786.827579452327, 7201.838000114425, 10500.0, 0.0, 3.0, 1.0, 0.026915174591422782, 0.0017968950528308295, 0.19299094177703516, 0.0, 0.0034255882359586205, 0.8695278567864448, 0.0, 0.05, 0.5, 0.5, 0.024191760716298794, 0.16528542186082684, 0.0, 0.020623704927329383, 0.5841292237588022, 0.0, 0.05, 0.5, 0.5, 0.0, 0.0, 0.0, 0.030000000000000002, 0.255, 0.0, 1.0, 0.0];[0.7782079129854367, -1.5413468017615293, 158.09174072602224, 0.7127144632216664, -0.46860878502141967, -10.378733718068467, -11.493944995895742, -14.0, -0.8070090582229649, -0.13047214321355516, 0.0, -0.8347145781391732, -0.41587077624119784, 0.0, 0.0916742910897318];23.743819499970414;29.38347260002047
479;[22.13097077570198, 1439.8813888939803, 117.48561008239125];True;False;[0.0, 7.25, 1.4500000000000002, 0.0, 0.0, 48.82126559220286, 0.5, 0.5, 10959.781456190756, 10500.0, 10500.0, 0.0, 3.0, 0.0, 0.025, 0.0, 0.0, 0.0, 0.05, 0.5, 0.5, 0.05, 0.5, 0.5, 0.038544153060341715, 0.0, 0.0, 0.05, 0.5, 0.5, 0.05, 0.5, 0.5, 0.0, 0.0, 0.0, 0.030000000000000002, 0.255, 0.0, 0.0, 0.0];[0.434906504813136, -1.4487694009878107, 64.23300957076843, 0.8358509658416859, -0.4, 33.82126559220286, -14.0, -14.0, -1.0, 0.0, 0.0, -1.0, 0.0, 0.0, 0.023003858781601494];4.570130700012669;29.38347260002047
480;[26.376224554319865, 1174.5852631324783, 118.23292294655734];True;False;[0.0, 7.25, 1.4500000000000002, 0.0, 0.0, 14.633558892471079, 0.5, 0.5, 8286.181658761438, 10500.0, 10500.0, 0.0, 3.0, 0.0, 0.025, 0.06324993298506852, 0.0, 0.0, 0.05, 0.5, 0.5, 0.05, 0.5, 0.5, 0.0820627955049619, 0.0, 0.0, 0.05, 0.5, 0.5, 0.05, 0.5, 0.5, 0.0, 0.0, 0.0, 0.030000000000000002, 0.255, 0.0, 0.0, 0.0];[0.4500046668781019, -1.4448801184680466, -3.024646189778874, 0.6606314441272805, -0.4, -0.3664411075289209, -14.0, -14.0, -1.0, 0.0, 0.0, -1.0, 0.0, 0.0, 0.02140862856427872];7.85561989992857;29.38347260002047
481;[18.17661904874002, 1985.3456311923871, 103.86517870353825];True;True;[1.0, 2.3906746347836387, 1.283975128878505, 1.0, 0.0, 14.864699351854014, 0.5, 0.5, 19978.844982819057, 10500.0, 10500.0, 0.0, 3.0, 0.0, 0.025, 0.019683578500678978, 0.0, 0.0, 0.05, 0.5, 0.5, 0.05, 0.5, 0.5, 0.0, 0.0, 0.0, 0.05, 0.5, 0.5, 0.05, 0.5, 0.5, 0.0, 0.0, 0.0, 0.030000000000000002, 0.255, 0.0, 0.0, 0.0];[-0.03693382298476244, -0.5888871937503213, -2.7575102861845995, -6.661338147750939e-16, -0.4, -5.983397853767116, -14.0, -14.0, -1.0, 0.0, 0.0, -1.0, 0.0, 0.0, -0.13661219602797503];15.392021099920385;21.091412500012666
482;[36.02923342993343, 1181.6628125113007, 118.43351510961358];True;False;[0.0, 7.25, 1.4500000000000002, 0.0, 1.0, 4.465085532761974, 0.2270051514688669, 0.5, 10775.77192553117, 4502.433659951665, 10500.0, 0.0, 3.0, 0.0, 0.025, 0.02666675398772403, 0.6196121624186096, 0.0, 0.023636987823206917, 0.9153124009771473, 0.0, 0.05, 0.5, 0.5, 0.007177265319325893, 0.03695453703586498, 0.0, 0.035877969635470346, 0.5960532478710256, 0.0, 0.05, 0.5, 0.5, 0.0, 0.0, 0.0, 0.030000000000000002, 0.255, 0.0, 1.0, 1.0];[1.210128385613987, -1.3516469827347104, -12.390528866810632, 0.318087419068928, -0.6729948485311331, -11.10071180683418, -13.854897275716164, -14.0, -0.3803878375813904, -0.08468759902285272, 0.0, -0.9630454629641351, -0.40394675212897435, 0.0, -0.0028005558735269];39.3862004999537;21.091412500012666
483;[16.401290313933814, 1954.9144626850266, 104.22908961826764];True;True;[1.0, 2.510554010432088, 1.4279690960196456, 1.0, 0.0, 14.152177384240808, 0.5, 0.5, 18455.77209704839, 10500.0, 10500.0, 0.0, 3.0, 0.0, 0.025, 0.044161475432425455, 0.0, 0.0, 0.05, 0.5, 0.5, 0.05, 0.5, 0.5, 0.047119250554399555, 0.0, 0.0, 0.05, 0.5, 0.5, 0.05, 0.5, 0.5, 0.0, 0.0, 0.0, 0.030000000000000002, 0.255, 0.0, 0.0, 0.0];[-0.07810524172033961, -0.5939364998318779, -3.628998079706758, -1.1102230246251565e-16, -0.4, -8.059581699738027, -14.0, -14.0, -1.0, 0.0, 0.0, -1.0, 0.0, 0.0, -0.13604263265132316];29.29744130000472;21.091412500012666
484;[17.712882444837096, 1722.1562617596162, 104.64534170428618];True;True;[1.0, 2.0, 1.6715916232507002, 1.0, 0.0, 14.489515274227553, 0.5, 0.5, 11024.790336631908, 10500.0, 10500.0, 0.0, 3.0, 0.0, 0.025, 0.0181921495296041, 0.0, 0.0, 0.05, 0.5, 0.5, 0.05, 0.5, 0.5, 0.003789056771906676, 0.0, 0.0, 0.05, 0.5, 0.5, 0.05, 0.5, 0.5, 0.0, 0.0, 0.0, 0.030000000000000002, 0.255, 0.0, 0.0, 0.0];[-0.19364304185748527, -0.7357727215286647, -3.342002185370635, 0.0, -0.4, -9.814466016373409, -14.0, -14.0, -1.0, 0.0, 0.0, -1.0, 0.0, 0.0, -0.10785273222702124];14.033257700037211;21.091412500012666
485;[17.171235757432285, 1878.5881056443013, 104.59289962860592];True;False;[1.0, 2.0, 1.6176089284121056, 1.0, 0.0, 14.857164716681556, 0.5, 0.5, 17511.70138732241, 10500.0, 10500.0, 0.0, 3.0, 0.0, 0.025, 0.03677801123595561, 0.0, 0.0, 0.05, 0.5, 0.5, 0.05, 0.5, 0.5, 0.06599788279444613, 0.0, 0.0, 0.05, 0.5, 0.5, 0.05, 0.5, 0.5, 0.0, 1.0, 0.0, 0.03216601636922186, 0.1659950592516045, 29.0, 0.0, 0.0];[-0.08958569972969244, -0.6803600355498816, -2.9728050957794157, 2.220446049250313e-16, -0.4, -9.322085250405326, -14.0, -14.0, -1.0, 0.0, 0.0, -1.0, 0.0, 0.0, -0.25181576654297405];21.409242399968207;21.091412500012666
486;[45.33840084282104, 972.9051329162423, 123.49030714137965];True;False;[0.0, 7.25, 1.4500000000000002, 0.0, 1.0, 17.896963852009513, 0.28687183344412714, 0.5, 3906.8225409446186, 14121.164437350022, 10500.0, 0.0, 3.0, 1.0, 0.047804548683850916, 0.07933808385451863, 0.7424264294920534, 0.0, 0.005134190008839933, 0.4962955178481904, 0.0, 0.05, 0.5, 0.5, 0.057099065547915044, 0.04227926834473628, 0.0, 0.06490704721281641, 0.2915432315530264, 0.0, 0.05, 0.5, 0.5, 0.0, 0.0, 0.0, 0.030000000000000002, 0.255, 0.0, 1.0, 1.0];[0.5673432213673877, -1.5884340607836167, 66.38090676500262, 0.6642109295396235, -0.6131281665558729, -8.329943372298168, -12.31681980364597, -14.0, -0.2575735705079466, -0.5037044821518095, 0.0, -0.9577207316552637, -0.7084567684469736, 0.0, 0.11629532256099129];24.32162630010862;23.885215700021945
487;[23.92530847993689, 1287.3525683261485, 117.80230000750882];True;False;[0.0, 7.25, 1.4500000000000002, 0.0, 0.0, 25.0979154128177, 0.5, 0.5, 7687.1322526845815, 10500.0, 10500.0, 0.0, 3.0, 0.0, 0.025, 0.05236204433785901, 0.0, 0.0, 0.05, 0.5, 0.5, 0.05, 0.5, 0.5, 0.08467891828977558, 0.0, 0.0, 0.05, 0.5, 0.5, 0.05, 0.5, 0.5, 0.0, 0.0, 0.0, 0.030000000000000002, 0.255, 0.0, 0.0, 0.0];[0.44823287291736325, -1.445336532119619, 11.665741382603635, 0.749606414656135, -0.4, 10.097915412817699, -14.0, -14.0, -1.0, 0.0, 0.0, -1.0, 0.0, 0.0, 0.02159532726720781];5.359375600004569;23.885215700021945
488;[nan, nan, nan];False;False;[0.0, 7.25, 1.4500000000000002, 0.0, 0.0, 5.477969282876806, 0.5, 0.5, 20000.0, 10500.0, 10500.0, 0.0, 3.0, 0.0, 0.025, 0.008231379665104677, 0.0, 0.0, 0.05, 0.5, 0.5, 0.05, 0.5, 0.5, 0.0020285715983228685, 0.0, 0.0, 0.05, 0.5, 0.5, 0.05, 0.5, 0.5, 0.0, 0.0, 0.0, 0.030000000000000002, 0.255, 0.0, 0.0, 0.0];[nan, nan, nan, nan, nan, nan, nan, nan, nan, nan, nan, nan, nan, nan, nan];24.93323149997741;23.885215700021945
489;[68.89347820675611, 1636.652181932564, 116.59519573354092];True;False;[0.0, 7.25, 1.4500000000000002, 0.0, 0.0, 1.5558156073392628, 0.5, 0.5, 1630.3538517138218, 10500.0, 10500.0, 0.0, 3.0, 0.0, 0.025, 0.04350010127967761, 0.0, 0.0, 0.05, 0.5, 0.5, 0.05, 0.5, 0.5, 0.01729969206533113, 0.0, 0.0, 0.05, 0.5, 0.5, 0.05, 0.5, 0.5, 0.0, 0.0, 0.0, 0.030000000000000002, 0.255, 0.0, 0.0, 0.0];[2.2363094035823936, -0.9847284948771711, -14.159762500936168, -0.3064202463690082, -0.4, -13.444184392660738, -14.0, -14.0, -1.0, 0.0, 0.0, -1.0, 0.0, 0.0, -0.1168562056589757];12.110915399971418;23.885215700021945
490;[nan, nan, nan];False;False;[0.0, 7.25, 1.4500000000000002, 0.0, 2.0, 13.287301012696657, 0.799946624893943, 0.3895465321770145, 16240.55206321005, 2340.711677705641, 3945.325330630677, 0.0, 3.0, 0.0, 0.025, 0.05958759936433671, 0.3956766861392966, 0.14758853388869322, 0.09011508257865214, 0.3333333333333333, 0.3333333333333333, 0.051722360923344916, 0.3333333333333333, 0.3333333333333333, 0.030115054225420414, 0.05037906881159642, 0.25008602581722505, 0.0043827045212191445, 0.3333333333333333, 0.3333333333333333, 0.058365290724999144, 0.26660334531964486, 0.0, 0.0, 0.0, 0.0, 0.030000000000000002, 0.255, 0.0, 0.0, 0.0];[nan, nan, nan, nan, nan, nan, nan, nan, nan, nan, nan, nan, nan, nan, nan];53.066822799970396;23.885215700021945
491;[nan, nan, nan];False;False;[1.0, 3.745448755106695, 1.2775624594731187, 1.0, 0.0, 12.681702439348166, 0.5, 0.5, 6423.7856762827, 10500.0, 10500.0, 0.0, 3.0, 0.0, 0.025, 0.05739536332559776, 0.0, 0.0, 0.05, 0.5, 0.5, 0.05, 0.5, 0.5, 0.02964149965457293, 0.0, 0.0, 0.05, 0.5, 0.5, 0.05, 0.5, 0.5, 0.0, 1.0, 0.0, 0.022198697529383637, 0.06788493930386562, 128.0, 0.0, 0.0];[nan, nan, nan, nan, nan, nan, nan, nan, nan, nan, nan, nan, nan, nan, nan];28.091496900073253;23.14526030002162
492;[14.526400263582794, 2264.2923843569715, 102.5774324020527];True;False;[1.0, 2.803670918527235, 1.341613478276993, 1.0, 0.0, 29.026441338835703, 0.5, 0.5, 1340.0977674790447, 10500.0, 10500.0, 0.0, 3.0, 0.0, 0.025, 0.025315856078295097, 0.0, 0.0, 0.05, 0.5, 0.5, 0.05, 0.5, 0.5, 0.015233399674363851, 0.0, 0.0, 0.05, 0.5, 0.5, 0.05, 0.5, 0.5, 0.0, 1.0, 0.0, 0.02861419309728895, 0.18936612053982663, 0.0, 0.0, 0.0];[-0.05625932058830507, -0.5415467922852759, 18.798948006151015, 0.0, -0.4, 1.126457224147213, -14.0, -14.0, -1.0, 0.0, 0.0, -1.0, 0.0, 0.0, -0.23685462518785783];6.285525199957192;23.14526030002162
493;[23.560771332406052, 1304.0894383154928, 117.8965133156858];True;False;[0.0, 7.25, 1.4500000000000002, 0.0, 0.0, 30.221801955024667, 0.5, 0.5, 14104.543961425139, 10500.0, 10500.0, 0.0, 3.0, 0.0, 0.025, 0.05901767317765975, 0.0, 0.0, 0.05, 0.5, 0.5, 0.05, 0.5, 0.5, 0.0357631728118379, 0.0, 0.0, 0.05, 0.5, 0.5, 0.05, 0.5, 0.5, 0.0, 0.0, 0.0, 0.030000000000000002, 0.255, 0.0, 0.0, 0.0];[0.405395772232656, -1.4563713578271056, 20.719580469424017, 0.7940410480392115, -0.4, 15.221801955024667, -14.0, -14.0, -1.0, 0.0, 0.0, -1.0, 0.0, 0.0, 0.02615023630783797];4.9357191999442875;23.14526030002162
494;[26.85801144508749, 1107.5847669487914, 119.12585724768374];True;False;[0.0, 7.25, 1.4500000000000002, 0.0, 0.0, 18.14970039041459, 0.5, 0.5, 16102.818310974231, 10500.0, 10500.0, 0.0, 3.0, 0.0, 0.025, 0.006501156761286483, 0.0, 0.0, 0.05, 0.5, 0.5, 0.05, 0.5, 0.5, 0.0025680119481059673, 0.0, 0.0, 0.05, 0.5, 0.5, 0.05, 0.5, 0.5, 0.0, 0.0, 0.0, 0.030000000000000002, 0.255, 0.0, 0.0, 0.0];[0.24455569921689424, -1.497803717724017, 1.3462505524124175, 0.77827589051081, -0.4, 3.1497003904145906, -14.0, -14.0, -1.0, 0.0, 0.0, -1.0, 0.0, 0.0, 0.04398668882097856];5.796837900066748;23.14526030002162
495;[12.944100630653244, 2513.5825639029404, 103.08530050046832];True;False;[1.0, 3.360394270919853, 1.3685190930537268, 1.0, 1.0, 19.94672799018985, 0.26360821186396793, 0.5, 17711.276553890475, 11120.237888718484, 10500.0, 0.0, 3.0, 0.0, 0.025, 0.03364115765433946, 0.308025801699386, 0.0, 0.050045389915913764, 0.3605334782701876, 0.0, 0.05, 0.5, 0.5, 0.02075386742794109, 0.6680385906478076, 0.0, 0.06940858380521996, 0.18819024967048426, 0.0, 0.05, 0.5, 0.5, 0.0, 0.0, 0.0, 0.030000000000000002, 0.255, 0.0, 1.0, 0.0];[0.42739122253646755, -0.4312000345442386, 4.856317804845432, -1.1102230246251565e-16, -0.6363917881360321, -9.54543686959186, -13.047414899960287, -14.0, -0.691974198300614, -0.6394665217298123, 0.0, -0.3319614093521924, -0.8118097503295157, 0.0, -0.1606453243613819];19.81963010004256;23.14526030002162
496;[14.44621418565699, 2062.5503376686825, 108.04444889897826];True;False;[1.0, 3.2798423751891628, 1.8, 0.0, 0.0, 22.49003340159588, 0.5, 0.5, 9613.476137415386, 10500.0, 10500.0, 0.0, 3.0, 0.0, 0.025, 0.014037192139523456, 0.0, 0.0, 0.05, 0.5, 0.5, 0.05, 0.5, 0.5, 0.011310700715460496, 0.0, 0.0, 0.05, 0.5, 0.5, 0.05, 0.5, 0.5, 0.0, 1.0, 0.0, 0.027417673645686765, 0.29925120767730573, 0.0, 0.0, 0.0];[-0.489365132600863, -0.5225388095856345, 7.916969074689618, 0.0, -0.4, -2.5055369991133993, -14.0, -14.0, -1.0, 0.0, 0.0, -1.0, 0.0, 0.0, -0.09273704570259511];6.704509599949233;29.54136760008987
497;[27.390412112637268, 1111.0478470782775, 118.87398434219602];True;False;[0.0, 7.25, 1.4500000000000002, 0.0, 0.0, 14.499069038617572, 0.5, 0.5, 18288.76269416638, 10500.0, 10500.0, 0.0, 3.0, 0.0, 0.025, 0.04392468818782208, 0.0, 0.0, 0.05, 0.5, 0.5, 0.05, 0.5, 0.5, 0.021556181316139, 0.0, 0.0, 0.05, 0.5, 0.5, 0.05, 0.5, 0.5, 0.0, 0.0, 0.0, 0.030000000000000002, 0.255, 0.0, 0.0, 0.0];[0.332209811352163, -1.4752240418239917, -3.180480514645941, 0.7010570672794076, -0.4, -0.5009309613824282, -14.0, -14.0, -1.0, 0.0, 0.0, -1.0, 0.0, 0.0, 0.034119015006403686];24.92928679997567;29.54136760008987
498;[nan, nan, nan];False;False;[0.0, 7.25, 1.4500000000000002, 0.0, 0.0, 16.472700125910578, 0.5, 0.5, 8145.38758048227, 10500.0, 10500.0, 0.0, 3.0, 0.0, 0.025, 0.04562157873557404, 0.0, 0.0, 0.05, 0.5, 0.5, 0.05, 0.5, 0.5, 0.039450774903761726, 0.0, 0.0, 0.05, 0.5, 0.5, 0.05, 0.5, 0.5, 0.0, 0.0, 0.0, 0.030000000000000002, 0.255, 0.0, 0.0, 0.0];[nan, nan, nan, nan, nan, nan, nan, nan, nan, nan, nan, nan, nan, nan, nan];34.09559639997315;29.54136760008987
499;[24.14346773812631, 1545.0832752655351, 117.11941412915138];True;False;[0.0, 7.25, 1.4500000000000002, 0.0, 2.0, 15.330044215804076, 0.22581785625312806, 0.38066814737633903, 6803.279058751805, 2627.448337911689, 9139.658291267646, 0.0, 3.0, 0.0, 0.025, 0.035747319747522856, 0.18923897328705666, 0.23052816051535144, 0.06613714621807508, 0.3333333333333333, 0.3333333333333333, 0.03648008419923431, 0.3333333333333333, 0.3333333333333333, 0.027481050183234997, 0.8526305160470586, 0.0828806237831049, 0.06567785078308835, 0.3333333333333333, 0.3333333333333333, 0.04552643328094516, 0.5363482377173459, 0.37326191834092376, 0.0, 0.0, 0.0, 0.030000000000000002, 0.255, 0.0, 0.0, 0.0];[1.705650438523599, -1.3342437249352899, -0.838956534788629, 0.628284682144161, -0.674182143746872, -11.97736074109238, -13.26545961778102, -12.076031608817472, -0.580232866197592, -0.33333333333333337, -0.33333333333333337, -0.06448886016983646, -0.33333333333333337, -0.09038984394173033, 0.003247799094994619];45.776633200002834;29.54136760008987
500;[nan, nan, nan];False;False;[0.0, 7.25, 1.4500000000000002, 0.0, 0.0, 15.772791804051304, 0.5, 0.5, 12253.602042766597, 10500.0, 10500.0, 0.0, 3.0, 0.0, 0.025, 0.006327529382331526, 0.0, 0.0, 0.05, 0.5, 0.5, 0.05, 0.5, 0.5, 0.0019371925104192855, 0.0, 0.0, 0.05, 0.5, 0.5, 0.05, 0.5, 0.5, 0.0, 0.0, 0.0, 0.030000000000000002, 0.255, 0.0, 0.0, 0.0];[nan, nan, nan, nan, nan, nan, nan, nan, nan, nan, nan, nan, nan, nan, nan];32.33827009995002;29.54136760008987
