/*--------------------------------*- C++ -*----------------------------------*\
| =========                 |                                                 |
| \\      /  F ield         | OpenFOAM: The Open Source CFD Toolbox           |
|  \\    /   O peration     | Version:  dev                                   |
|   \\  /    A nd           | Web:      www.OpenFOAM.org                      |
|    \\/     M anipulation  |                                                 |
\*---------------------------------------------------------------------------*/
FoamFile
{
    version     2.0;
    format      ascii;
    class       faceList;
    location    "constant/polyMesh";
    object      faces;
}
// * * * * * * * * * * * * * * * * * * * * * * * * * * * * * * * * * * * * * //


11669
(
4(444 30 29 402)
4(0 445 401 3)
4(444 402 401 445)
4(0 30 444 445)
4(401 402 29 3)
4(0 3 29 30)
4(444 402 404 95)
4(406 402 444 446)
4(64 405 406 446)
4(64 446 444 95)
4(64 95 404 405)
4(404 402 406 405)
4(31 95 444 30)
4(31 32 404 95)
4(29 402 404 32)
4(31 30 29 32)
4(401 403 447 445)
4(2 1 447 403)
4(0 445 447 1)
4(401 3 2 403)
4(0 1 2 3)
4(448 407 401 445)
4(448 446 406 407)
4(448 445 444 446)
4(401 407 406 402)
4(447 449 410 403)
4(448 407 410 449)
4(448 449 447 445)
4(410 407 401 403)
4(448 474 411 407)
4(473 446 406 412)
4(448 446 473 474)
4(411 474 473 412)
4(406 407 411 412)
4(450 449 410 414)
4(450 414 413 451)
4(413 403 447 451)
4(450 451 447 449)
4(410 403 413 414)
4(410 449 471 415)
4(471 474 411 415)
4(448 474 471 449)
4(411 407 410 415)
4(450 472 416 414)
4(471 415 416 472)
4(450 449 471 472)
4(416 415 410 414)
4(64 409 473 446)
4(408 412 473 409)
4(64 405 408 409)
4(408 405 406 412)
4(450 325 324 414)
4(322 472 416 323)
4(450 472 322 325)
4(416 414 324 323)
4(322 323 324 325)
4(327 326 413 451)
4(450 325 327 451)
4(413 326 324 414)
4(324 326 327 325)
4(4 451 413 5)
4(4 1 447 451)
4(2 5 413 403)
4(4 5 2 1)
4(4 451 327 6)
4(7 326 413 5)
4(7 6 327 326)
4(4 6 7 5)
4(522 531 587 568)
4(522 568 588 525)
4(588 568 587 548)
4(530 525 588 548)
4(587 531 530 548)
4(522 535 592 568)
4(592 535 534 549)
4(587 568 592 549)
4(534 531 587 549)
4(522 568 597 523)
4(524 523 597 550)
4(597 568 588 550)
4(588 525 524 550)
4(452 569 599 453)
4(452 455 600 569)
4(600 455 454 551)
4(599 569 600 551)
4(454 453 599 551)
4(452 453 454 455)
5(328 329 570 544 543)
5(526 543 544 582 527)
4(329 334 596 570)
4(527 582 596 528)
4(544 570 596 582)
4(333 528 596 334)
5(456 458 585 544 543)
4(329 570 598 330)
4(458 457 598 585)
4(331 330 598 457)
4(544 585 598 570)
5(456 332 331 457 458)
5(328 329 330 331 332)
5(539 538 547 541 564)
5(547 521 520 574 541)
4(539 564 601 561)
5(517 538 539 561 518)
4(518 561 601 519)
4(541 574 601 564)
4(520 519 601 574)
4(452 569 604 459)
4(604 569 599 552)
4(599 453 460 552)
4(460 459 604 552)
4(452 459 460 453)
5(547 541 571 45 44)
4(539 562 605 564)
4(47 46 605 562)
4(541 564 605 571)
4(45 571 605 46)
5(43 47 562 539 538)
5(43 44 45 46 47)
5(547 543 544 572 541)
4(541 572 590 574)
4(527 529 590 582)
4(544 582 590 572)
4(520 574 590 529)
4(539 564 606 563)
4(608 553 601 561)
4(608 563 606 553)
4(606 564 601 553)
4(539 563 608 561)
4(541 571 602 572)
4(458 585 602 461)
4(45 461 602 571)
4(544 572 602 585)
5(456 458 461 45 44)
4(610 562 605 554)
4(606 563 610 554)
4(605 564 606 554)
4(539 562 610 563)
4(597 523 516 555)
4(516 535 592 555)
4(592 568 597 555)
4(452 463 614 569)
4(462 455 600 556)
4(600 569 614 556)
4(614 463 462 556)
4(452 455 462 463)
4(614 569 604 557)
4(464 463 614 557)
4(604 459 464 557)
4(452 463 464 459)
4(617 558 507 506)
4(480 558 617 481)
4(480 479 507 558)
4(478 481 617 506)
4(478 506 507 479)
4(502 505 616 560)
4(504 503 618 559)
4(618 560 616 559)
4(504 559 616 505)
4(502 560 618 503)
4(502 503 504 505)
4(37 538 539 36)
5(539 561 518 66 36)
4(66 67 37 36)
4(590 548 589 572)
4(591 573 589 548)
4(591 548 590 574)
4(541 572 589 573)
4(541 573 591 574)
4(589 548 588 578)
4(589 580 587 548)
4(542 568 587 580)
4(542 578 588 568)
4(542 580 589 578)
4(590 582 588 548)
4(530 529 590 548)
4(527 525 588 582)
4(591 548 587 583)
4(530 548 591 536)
4(537 583 587 531)
4(537 536 591 583)
4(544 582 588 578)
4(544 578 589 572)
4(545 580 587 583)
4(545 573 589 580)
4(545 583 591 573)
4(520 574 591 536)
4(594 549 593 576)
4(593 549 512 511)
4(512 549 594 513)
4(510 576 593 511)
4(510 513 594 576)
4(510 511 512 513)
4(512 549 592 577)
4(534 549 512 484)
4(482 577 592 535)
4(482 484 512 577)
4(593 549 587 580)
4(593 581 592 549)
4(542 568 592 581)
4(542 581 593 580)
4(594 583 587 549)
4(534 489 594 549)
4(537 583 594 489)
4(545 580 593 576)
4(545 576 594 583)
4(546 581 592 577)
4(546 577 512 511)
4(546 511 593 581)
4(488 489 594 513)
4(488 513 512 484)
4(596 570 595 550)
4(595 336 342 550)
4(596 550 342 334)
4(329 336 595 570)
4(597 550 342 344)
4(342 550 524 345)
4(343 523 597 344)
4(595 578 588 550)
4(597 579 595 550)
4(542 578 595 579)
4(542 579 597 568)
4(596 550 588 582)
4(524 550 596 528)
4(544 570 595 578)
4(341 579 595 336)
4(341 344 597 579)
4(337 551 598 330)
4(598 551 595 570)
4(595 551 337 336)
4(329 336 337 330)
4(454 551 337 339)
4(600 340 337 551)
4(338 340 600 455)
4(338 455 454 339)
4(338 339 337 340)
4(599 578 595 551)
4(600 551 595 579)
4(542 578 599 569)
4(542 569 600 579)
4(598 551 454 457)
4(599 551 598 585)
4(458 453 599 585)
4(458 457 454 453)
4(331 339 454 457)
4(331 330 337 339)
4(544 585 599 578)
4(341 579 600 340)
4(341 340 337 336)
4(603 571 602 552)
4(589 552 602 572)
4(603 552 589 573)
4(541 571 603 573)
4(589 578 599 552)
4(604 580 589 552)
4(542 580 604 569)
4(602 461 460 552)
4(602 552 599 585)
4(458 453 460 461)
4(603 552 460 53)
4(604 552 603 586)
4(52 586 603 53)
4(52 459 604 586)
4(52 53 460 459)
4(45 53 603 571)
4(45 461 460 53)
4(545 573 603 586)
4(545 586 604 580)
4(608 553 532 533)
4(532 553 601 519)
4(518 561 608 533)
4(607 566 608 553)
4(532 487 607 553)
4(486 566 607 487)
4(486 533 608 566)
4(607 567 606 553)
4(540 563 606 567)
4(540 567 607 566)
4(540 566 608 563)
4(606 573 591 553)
4(601 553 591 574)
4(541 573 606 564)
4(607 553 591 583)
4(591 553 532 536)
4(537 487 607 583)
4(545 567 606 573)
4(545 583 607 567)
4(50 49 610 554)
4(610 565 609 554)
4(609 51 50 554)
4(48 51 609 565)
4(48 565 610 49)
4(48 49 50 51)
4(50 46 605 554)
4(47 49 610 562)
4(47 46 50 49)
4(609 554 606 567)
4(540 565 609 567)
4(540 563 610 565)
4(603 554 605 571)
4(603 573 606 554)
4(50 554 603 53)
4(603 554 609 586)
4(52 586 609 51)
4(52 51 50 53)
4(45 53 50 46)
4(545 567 609 586)
4(612 555 348 347)
4(611 555 612 575)
4(348 555 611 349)
4(346 349 611 575)
4(346 575 612 347)
4(348 555 597 344)
4(516 555 348 350)
4(611 577 592 555)
4(516 476 611 555)
4(482 577 611 476)
4(612 579 597 555)
4(612 555 592 581)
4(542 579 612 581)
4(341 347 612 579)
4(546 575 611 577)
4(546 581 612 575)
4(351 476 611 349)
4(496 495 611 575)
4(611 495 352 349)
4(346 353 496 575)
4(352 495 496 353)
4(500 577 611 495)
4(475 495 611 476)
4(482 577 500 483)
4(500 495 475 483)
4(546 575 496 499)
4(546 499 500 577)
4(500 499 496 495)
4(475 495 352 354)
4(613 556 356 355)
4(356 556 612 347)
4(612 556 613 575)
4(346 575 613 355)
4(346 355 356 347)
4(462 357 356 556)
4(600 556 356 340)
4(338 357 462 455)
4(338 340 356 357)
4(600 579 612 556)
4(614 556 612 581)
4(542 569 614 581)
4(613 466 462 556)
4(614 584 613 556)
4(465 466 613 584)
4(465 584 614 463)
4(465 463 462 466)
4(358 355 613 466)
4(358 466 462 357)
4(358 357 356 355)
4(341 347 356 340)
4(546 584 613 575)
4(546 581 614 584)
4(359 497 613 355)
4(613 497 496 575)
4(496 497 359 353)
4(346 353 359 355)
4(468 466 613 497)
4(508 497 613 584)
4(465 469 508 584)
4(468 497 508 469)
4(465 466 468 469)
4(468 360 359 497)
4(358 360 468 466)
4(358 355 359 360)
4(546 584 508 499)
4(508 497 496 499)
4(512 577 500 501)
4(485 501 500 483)
4(485 484 512 501)
4(546 499 498 511)
4(498 499 500 501)
4(512 511 498 501)
4(615 557 515 514)
4(593 557 615 576)
4(515 557 593 511)
4(510 576 615 514)
4(510 514 515 511)
4(593 580 604 557)
4(593 557 614 581)
4(515 557 464 467)
4(515 584 614 557)
4(465 584 515 467)
4(465 467 464 463)
4(615 58 464 557)
4(615 557 604 586)
4(52 58 615 586)
4(52 459 464 58)
4(59 514 615 58)
4(59 467 515 514)
4(59 58 464 467)
4(545 586 615 576)
4(546 511 515 584)
4(617 558 616 560)
4(507 505 616 558)
4(502 506 617 560)
4(502 505 507 506)
4(617 566 607 558)
4(607 487 480 558)
4(486 566 617 481)
4(616 567 607 558)
4(540 567 616 560)
4(540 560 617 566)
4(616 558 594 576)
4(594 558 507 513)
4(510 505 616 576)
4(510 513 507 505)
4(594 558 607 583)
4(480 558 594 489)
4(545 576 616 567)
4(488 479 507 513)
4(508 584 515 509)
4(508 509 470 469)
4(470 509 515 467)
4(465 469 470 467)
4(508 499 498 509)
4(498 511 515 509)
4(618 55 54 559)
4(609 565 618 559)
4(54 51 609 559)
4(48 55 618 565)
4(48 51 54 55)
4(54 559 504 57)
4(56 503 618 55)
4(56 57 504 503)
4(56 55 54 57)
4(616 559 609 567)
4(540 565 618 560)
4(615 514 504 559)
4(615 559 616 576)
4(510 505 504 514)
4(615 559 54 58)
4(609 559 615 586)
4(52 58 54 51)
4(59 514 504 57)
4(59 57 54 58)
5(539 562 47 33 36)
5(539 36 35 540 563)
5(48 565 540 35 34)
4(33 34 35 36)
5(48 34 33 47 49)
4(37 38 33 36)
4(43 47 33 38)
5(486 68 35 540 566)
4(66 36 35 68)
5(502 560 540 35 40)
5(502 40 39 56 503)
4(39 40 35 34)
5(48 55 56 39 34)
5(69 40 502 506 478)
4(35 40 69 68)
4(619 421 422 625)
4(619 625 629 620)
4(629 438 437 620)
4(629 625 422 438)
4(422 421 437 438)
4(619 472 471 625)
4(471 415 422 625)
4(619 421 416 472)
4(416 421 422 415)
4(621 627 630 626)
4(621 626 439 423)
4(630 440 439 626)
4(424 440 630 627)
4(621 423 424 627)
4(424 423 439 440)
4(619 625 496 353)
4(629 620 352 495)
4(496 625 629 495)
4(359 472 471 497)
4(471 625 496 497)
4(619 472 359 353)
4(621 499 500 626)
4(500 501 630 626)
4(498 627 630 501)
4(621 627 498 499)
4(428 491 633 429)
4(633 491 490 622)
4(430 429 633 622)
4(490 431 430 622)
4(428 429 430 431)
4(502 624 632 505)
4(635 623 632 624)
4(635 503 504 623)
4(504 505 632 623)
4(502 503 635 624)
4(448 469 508 474)
4(473 474 508 509)
4(470 446 473 509)
4(448 446 470 469)
4(478 491 633 506)
4(502 506 633 624)
4(417 624 633 429)
5(502 624 417 41 40)
5(428 73 41 417 429)
4(41 73 69 40)
4(629 438 426 477)
4(443 620 629 477)
4(426 438 437 427)
4(439 438 629 626)
4(621 625 422 423)
4(621 626 629 625)
4(439 423 422 438)
4(492 626 439 441)
4(492 477 629 626)
4(426 441 439 438)
4(621 625 471 474)
4(621 474 411 423)
4(411 415 422 423)
4(442 493 630 440)
4(492 626 630 493)
4(439 441 442 440)
4(630 440 434 433)
4(432 493 630 433)
4(432 433 434 435)
4(442 435 434 440)
4(436 433 630 627)
4(436 627 424 425)
4(436 425 434 433)
4(434 425 424 440)
4(475 495 629 477)
4(629 495 500 626)
4(621 499 496 625)
4(492 483 500 626)
4(471 449 468 497)
4(508 474 471 497)
4(448 469 468 449)
4(450 360 359 472)
4(450 449 468 360)
4(621 499 508 474)
4(630 493 485 501)
4(498 501 631 628)
4(631 501 512 513)
4(510 628 631 513)
4(510 511 498 628)
4(631 501 630 433)
4(485 501 631 494)
4(432 494 631 433)
4(436 433 631 628)
4(436 628 498 627)
4(488 513 631 494)
4(633 506 507 622)
4(490 622 507 479)
4(633 624 632 622)
4(632 505 507 622)
4(430 420 632 622)
4(417 624 632 420)
4(417 420 430 429)
4(632 628 631 622)
4(507 622 631 513)
4(510 628 632 505)
4(430 622 631 433)
4(631 622 490 494)
4(432 431 430 433)
4(436 420 632 628)
4(436 433 430 420)
4(635 623 419 418)
4(419 623 632 420)
4(417 624 635 418)
4(417 418 419 420)
4(62 61 635 623)
4(419 63 62 623)
4(60 418 635 61)
4(60 63 419 418)
4(60 61 62 63)
4(504 623 62 57)
4(56 61 635 503)
4(56 57 62 61)
4(504 514 634 623)
4(632 623 634 628)
4(510 628 634 514)
4(634 65 62 623)
4(419 409 634 623)
4(64 65 634 409)
4(64 409 419 63)
4(64 63 62 65)
4(59 514 634 65)
4(59 65 62 57)
4(436 409 634 628)
4(436 420 419 409)
4(498 509 473 627)
4(621 627 473 474)
4(515 509 634 514)
4(634 509 498 628)
4(470 65 634 509)
4(473 509 634 409)
4(64 65 470 446)
4(59 467 470 65)
4(436 409 473 627)
4(424 627 473 412)
4(424 412 411 423)
4(408 412 424 425)
4(436 409 408 425)
5(60 418 417 41 42)
4(41 40 39 42)
5(60 42 39 56 61)
4(619 364 322 472)
4(365 421 416 323)
4(322 364 365 323)
4(359 362 322 472)
4(359 353 361 362)
4(322 362 361 364)
4(450 360 363 325)
4(359 362 363 360)
4(363 362 322 325)
4(452 453 649 646)
4(452 646 650 455)
4(454 455 650 643)
4(649 453 454 643)
4(650 646 649 643)
5(456 12 11 647 458)
4(9 367 648 10)
4(458 647 648 457)
4(11 10 648 647)
4(331 457 648 367)
5(8 332 331 367 9)
5(8 9 10 11 12)
4(452 459 652 646)
4(460 453 649 644)
4(649 646 652 644)
4(652 459 460 644)
4(78 77 651 79)
4(458 461 651 647)
4(11 647 651 77)
4(45 79 651 461)
5(76 12 11 77 78)
5(76 78 79 45 44)
4(452 646 653 463)
4(650 455 462 636)
4(462 463 653 636)
4(653 646 650 636)
4(653 463 464 645)
4(652 646 653 645)
4(464 459 652 645)
4(14 643 648 10)
4(368 643 14 13)
4(648 643 368 367)
4(9 367 368 13)
4(9 13 14 10)
4(650 643 368 369)
4(454 339 368 643)
4(338 455 650 369)
4(338 369 368 339)
4(649 647 648 643)
4(454 643 648 457)
4(458 647 649 453)
4(649 643 14 16)
4(650 17 14 643)
4(15 646 649 16)
4(15 17 650 646)
4(15 16 14 17)
4(11 16 649 647)
4(11 10 14 16)
4(18 369 650 17)
4(18 13 368 369)
4(18 17 14 13)
4(331 339 368 367)
4(80 77 651 644)
4(82 81 80 644)
4(82 644 651 79)
4(78 77 80 81)
4(78 81 82 79)
4(651 647 649 644)
4(460 461 651 644)
4(80 644 649 16)
4(652 644 80 83)
4(15 646 652 83)
4(15 83 80 16)
4(652 84 82 644)
4(460 644 82 53)
4(52 84 652 459)
4(52 53 82 84)
4(11 16 80 77)
4(85 83 652 84)
4(85 81 80 83)
4(85 84 82 81)
4(45 79 82 53)
4(370 636 650 369)
4(462 636 370 357)
4(338 357 370 369)
4(653 636 637 642)
4(462 466 637 636)
4(465 463 653 642)
4(465 642 637 466)
4(19 17 650 636)
4(653 20 19 636)
4(15 20 653 646)
4(15 17 19 20)
4(19 21 370 636)
4(18 369 370 21)
4(18 21 19 17)
4(22 23 637 642)
4(22 642 653 20)
4(19 636 637 23)
4(22 20 19 23)
4(358 466 637 371)
4(370 371 637 636)
4(358 371 370 357)
4(22 25 639 642)
4(639 638 637 642)
4(24 638 639 25)
4(24 23 637 638)
4(22 23 24 25)
4(91 645 88 87)
4(88 645 640 89)
4(91 90 640 645)
4(86 89 640 90)
4(86 87 88 89)
4(86 90 91 87)
4(640 645 653 642)
4(464 645 640 467)
4(465 467 640 642)
4(88 645 652 83)
4(88 20 653 645)
4(15 20 88 83)
4(91 84 652 645)
4(464 58 91 645)
4(52 84 91 58)
4(85 83 88 87)
4(85 87 91 84)
4(22 642 640 89)
4(22 89 88 20)
4(59 90 640 467)
4(59 58 91 90)
4(639 642 640 641)
4(92 25 639 641)
4(92 641 640 89)
4(22 25 92 89)
4(468 638 637 466)
4(465 642 639 469)
4(639 638 468 469)
4(468 638 372 360)
4(637 371 372 638)
4(358 360 372 371)
4(640 641 470 467)
4(470 641 639 469)
4(0 445 639 25)
4(447 638 639 445)
4(24 638 447 1)
4(0 25 24 1)
4(444 641 92 30)
4(639 641 444 445)
4(0 30 92 25)
4(640 90 94 641)
4(92 641 94 93)
4(86 93 94 90)
4(86 89 92 93)
4(470 641 94 65)
4(94 641 444 95)
4(444 641 470 446)
4(64 65 94 95)
4(59 90 94 65)
4(31 95 94 93)
4(31 93 92 30)
4(448 469 639 445)
4(468 449 447 638)
4(450 451 372 360)
4(447 638 372 451)
4(372 366 327 451)
4(363 366 372 360)
4(327 366 363 325)
4(27 371 637 23)
4(27 21 370 371)
4(27 23 19 21)
4(372 26 24 638)
4(4 26 372 451)
4(4 1 24 26)
4(27 371 372 26)
4(27 26 24 23)
4(28 26 372 366)
4(28 366 327 6)
4(4 26 28 6)
4(96 795 776 97)
4(800 723 776 795)
4(776 723 98 97)
4(800 99 98 723)
4(96 99 800 795)
4(96 97 98 99)
4(100 103 801 794)
4(100 794 802 101)
4(802 791 102 101)
4(802 794 801 791)
4(102 791 801 103)
4(100 101 102 103)
5(748 750 794 100 106)
4(750 749 801 794)
4(104 103 801 741)
4(729 741 801 749)
5(748 728 729 749 750)
5(105 104 741 729 728)
5(100 103 104 105 106)
4(776 778 803 795)
4(803 778 133 132)
4(133 778 776 97)
4(96 795 803 132)
4(96 132 133 97)
4(767 772 804 796)
4(767 796 805 770)
4(771 770 805 782)
4(805 796 804 782)
4(804 772 771 782)
4(767 770 771 772)
5(767 124 123 136 796)
4(136 135 804 796)
4(134 790 804 135)
4(775 772 804 790)
5(134 126 125 775 790)
5(767 772 775 125 124)
4(123 124 125 126)
5(123 126 134 135 136)
4(767 768 806 796)
5(127 128 137 799 765)
4(765 799 806 768)
4(136 796 806 138)
4(137 138 806 799)
5(767 124 127 765 768)
4(127 124 123 128)
5(137 128 123 136 138)
4(100 794 807 145)
4(802 101 146 792)
4(807 794 802 792)
4(807 792 146 145)
4(100 145 146 101)
5(763 762 141 140 798)
5(761 765 799 137 142)
4(763 798 809 764)
4(765 764 809 799)
4(137 799 809 139)
4(140 139 809 798)
5(761 762 763 764 765)
5(137 139 140 141 142)
4(763 766 807 798)
4(750 794 807 766)
4(140 798 807 145)
5(748 750 766 763 762)
5(100 106 141 140 145)
4(805 770 769 793)
4(769 768 806 793)
4(806 796 805 793)
4(767 768 769 770)
4(753 752 800 723)
4(751 795 800 752)
4(751 754 776 795)
4(751 752 753 754)
4(776 754 753 723)
4(119 97 776 777)
4(119 777 722 120)
4(722 777 776 723)
4(722 723 98 120)
4(119 120 98 97)
4(800 723 724 745)
4(743 752 800 745)
4(753 746 724 723)
4(743 746 753 752)
4(743 745 724 746)
4(107 745 800 99)
4(107 108 724 745)
4(724 108 98 723)
4(107 99 98 108)
4(802 791 800 795)
4(102 99 800 791)
4(96 101 802 795)
4(96 99 102 101)
4(755 791 802 756)
4(755 749 801 791)
4(750 756 802 794)
4(750 749 755 756)
4(800 752 755 791)
4(751 795 802 756)
4(751 756 755 752)
4(102 791 742 109)
4(742 791 801 741)
4(104 109 742 741)
4(104 103 102 109)
4(742 791 800 745)
4(755 791 742 744)
4(743 752 755 744)
4(743 744 742 745)
4(107 745 742 109)
4(107 109 102 99)
4(729 744 755 749)
4(729 741 742 744)
4(803 778 773 760)
4(803 797 779 778)
4(757 774 779 797)
4(757 797 803 760)
4(757 760 773 774)
4(773 778 779 774)
4(751 760 803 795)
4(773 754 776 778)
4(751 754 773 760)
4(779 778 133 148)
4(147 797 779 148)
4(147 132 803 797)
4(147 148 133 132)
4(133 778 780 153)
4(119 153 780 777)
4(780 778 776 777)
4(119 97 133 153)
4(151 148 779 781)
4(151 781 780 153)
4(779 778 780 781)
4(151 153 133 148)
4(119 3 401 777)
4(29 153 780 402)
4(780 777 401 402)
4(119 153 29 3)
4(805 782 779 797)
4(757 770 805 797)
4(779 782 771 774)
4(757 774 771 770)
4(149 782 805 143)
4(804 782 149 135)
4(136 143 805 796)
4(136 135 149 143)
4(779 148 149 782)
4(147 797 805 143)
4(147 143 149 148)
4(783 790 804 782)
4(149 150 783 782)
4(134 790 783 150)
4(134 150 149 135)
4(775 784 783 790)
4(771 782 783 784)
4(775 772 771 784)
4(151 150 783 781)
4(779 781 783 782)
4(151 148 149 150)
4(761 765 127 130)
4(129 130 127 128)
4(129 128 137 142)
4(803 792 802 795)
4(146 792 803 132)
4(96 101 146 132)
4(808 792 759 758)
4(759 792 803 760)
4(808 797 803 792)
4(757 797 808 758)
4(757 758 759 760)
4(807 792 759 766)
4(808 792 807 798)
4(763 758 808 798)
4(763 766 759 758)
4(802 792 759 756)
4(750 756 759 766)
4(751 760 759 756)
4(808 152 146 792)
4(147 152 808 797)
4(147 132 146 152)
4(140 798 808 152)
4(140 152 146 145)
4(769 793 808 758)
4(808 793 805 797)
4(757 770 769 758)
4(769 793 809 764)
4(808 798 809 793)
4(763 758 769 764)
4(806 793 809 799)
4(765 764 769 768)
4(805 793 144 143)
4(144 793 806 138)
4(136 143 144 138)
4(144 152 808 793)
4(147 152 144 143)
4(809 139 144 793)
4(137 138 144 139)
4(140 139 144 152)
4(401 777 722 403)
4(722 120 2 403)
4(119 3 2 120)
4(810 786 155 154)
4(810 790 783 786)
4(783 150 155 786)
4(134 790 810 154)
4(134 154 155 150)
4(810 786 176 175)
4(176 786 155 157)
4(156 154 810 175)
4(156 157 155 154)
4(156 175 176 157)
4(785 786 810 789)
4(775 789 810 790)
4(775 784 785 789)
4(785 784 783 786)
4(176 63 785 786)
4(60 175 810 789)
4(60 789 785 63)
4(60 63 176 175)
4(155 786 404 32)
4(151 32 404 781)
4(783 781 404 786)
4(151 150 155 32)
4(176 95 404 786)
4(64 63 785 405)
4(785 786 404 405)
4(64 95 176 63)
4(31 32 155 157)
4(31 157 176 95)
4(780 402 404 781)
4(151 32 29 153)
5(60 42 125 775 789)
4(131 126 125 42)
5(134 126 131 156 154)
5(60 175 156 131 42)
4(811 676 675 674)
4(419 676 811 418)
4(417 418 811 674)
4(417 674 675 420)
4(419 420 675 676)
4(811 676 788 787)
4(677 674 811 787)
4(675 678 788 676)
4(677 787 788 678)
4(677 678 675 674)
4(811 676 785 789)
4(775 787 811 789)
4(788 784 785 676)
4(775 784 788 787)
4(785 63 419 676)
4(60 789 811 418)
4(408 676 785 405)
4(419 676 408 409)
5(677 158 125 775 787)
5(41 158 677 674 417)
4(41 42 125 158)
5(834 830 829 853 833)
4(699 698 864 851)
5(697 696 834 833 863)
4(829 851 864 853)
4(833 853 864 863)
4(697 863 864 698)
5(695 699 851 829 830)
4(866 850 865 835)
4(753 754 866 835)
4(865 752 753 835)
4(751 752 865 850)
4(751 850 866 754)
4(700 703 867 812)
4(867 703 702 727)
4(726 812 867 727)
4(700 812 726 701)
4(702 701 726 727)
4(750 749 868 849)
4(869 836 755 756)
4(868 749 755 836)
4(869 849 868 836)
4(750 849 869 756)
5(748 817 813 849 750)
4(655 730 868 814)
4(729 749 868 730)
4(813 814 868 849)
5(654 655 814 813 817)
5(654 728 729 730 655)
4(757 846 873 760)
4(759 837 872 758)
4(873 837 759 760)
4(873 846 872 837)
4(757 758 872 846)
5(763 847 833 834 762)
4(763 764 874 847)
4(765 848 874 764)
4(829 853 874 848)
4(833 847 874 853)
5(761 830 829 848 765)
4(878 838 864 851)
4(704 838 878 705)
4(704 698 864 838)
4(699 705 878 851)
5(834 833 862 813 817)
4(833 863 879 862)
4(707 818 879 708)
4(813 862 879 818)
4(697 708 879 863)
5(706 817 813 818 707)
4(700 812 880 709)
4(880 812 819 839)
4(710 709 880 839)
4(819 711 710 839)
4(700 711 819 812)
4(763 847 871 766)
4(750 766 871 849)
4(833 862 871 847)
4(813 849 871 862)
4(767 845 881 770)
4(767 768 882 845)
4(769 770 881 840)
4(882 768 769 840)
4(881 845 882 840)
4(773 841 873 760)
4(884 846 873 841)
4(884 841 773 774)
4(757 846 884 774)
4(712 854 877 713)
4(877 854 887 842)
4(887 715 714 842)
4(714 713 877 842)
4(712 715 887 854)
4(716 703 867 843)
4(867 812 880 843)
4(880 709 716 843)
4(767 845 888 772)
4(881 770 771 844)
4(888 845 881 844)
4(771 772 888 844)
5(767 845 831 159 124)
4(831 845 888 855)
4(677 855 888 787)
4(775 787 888 772)
5(677 158 159 831 855)
4(125 124 159 158)
4(765 768 882 848)
4(829 848 882 852)
4(831 852 882 845)
5(127 765 848 829 160)
5(829 852 831 159 160)
4(127 160 159 124)
4(753 723 722 821)
4(825 754 753 821)
4(825 777 776 754)
4(825 821 722 777)
4(747 821 753 746)
4(747 725 722 821)
4(747 746 724 725)
4(722 725 724 723)
4(866 835 735 857)
4(866 823 822 835)
4(822 688 735 835)
4(687 857 735 688)
4(687 823 866 857)
4(687 688 822 823)
4(865 835 735 736)
4(820 736 735 857)
4(820 850 865 736)
4(820 857 866 850)
4(822 835 753 821)
4(825 754 866 823)
4(825 823 822 821)
4(733 835 822 734)
4(735 835 733 669)
4(668 734 822 688)
4(668 669 733 734)
4(668 688 735 669)
4(753 835 733 746)
4(865 732 733 835)
4(743 732 865 752)
4(743 746 733 732)
4(747 821 822 734)
4(747 734 733 746)
4(664 736 865 732)
4(664 732 733 669)
4(664 669 735 736)
4(685 727 867 686)
4(683 686 867 703)
4(702 727 685 684)
4(683 684 685 686)
4(867 857 735 727)
4(687 857 867 686)
4(685 727 735 688)
4(687 686 685 688)
4(820 812 867 857)
4(820 736 726 812)
4(735 727 726 736)
4(865 850 869 836)
4(755 752 865 836)
4(751 756 869 850)
4(815 836 865 736)
4(869 836 815 816)
4(820 850 869 816)
4(820 816 815 736)
4(868 836 731 730)
4(731 836 815 659)
4(815 836 868 814)
4(655 659 815 814)
4(655 730 731 659)
4(731 836 755 744)
4(731 732 865 836)
4(743 732 731 744)
4(729 744 731 730)
4(664 736 815 659)
4(664 659 731 732)
4(813 816 869 849)
4(813 814 815 816)
4(759 837 871 766)
4(872 847 871 837)
4(763 847 872 758)
4(759 837 869 756)
4(871 849 869 837)
4(869 850 873 837)
4(751 760 873 850)
4(873 837 870 858)
4(870 837 869 816)
4(820 858 870 816)
4(820 850 873 858)
4(872 837 870 860)
4(832 860 870 858)
4(832 846 872 860)
4(832 858 873 846)
4(871 837 870 862)
4(833 862 870 860)
4(833 860 872 847)
4(813 816 870 862)
4(878 838 876 852)
4(864 853 876 838)
4(829 852 876 853)
4(829 851 878 852)
4(878 854 877 838)
4(877 713 704 838)
4(712 854 878 705)
4(877 838 876 856)
4(831 856 876 852)
4(831 854 877 856)
4(831 852 878 854)
4(877 838 875 859)
4(876 860 875 838)
4(832 859 875 860)
4(832 860 876 856)
4(832 856 877 859)
4(704 838 875 718)
4(717 718 875 859)
4(717 859 877 713)
4(875 838 864 863)
4(833 860 875 863)
4(833 853 876 860)
4(697 863 875 718)
4(870 839 880 858)
4(819 839 870 816)
4(820 858 880 812)
4(820 812 819 816)
4(880 859 875 839)
4(875 860 870 839)
4(832 859 880 858)
4(710 718 875 839)
4(717 709 880 859)
4(870 839 879 862)
4(879 839 875 863)
4(819 818 879 839)
4(710 839 879 708)
4(707 818 819 711)
4(813 816 819 818)
4(872 840 769 758)
4(881 840 872 846)
4(757 770 881 846)
4(769 764 874 840)
4(872 840 874 847)
4(874 840 882 848)
4(882 852 876 840)
4(876 853 874 840)
4(881 856 876 840)
4(831 856 881 845)
4(872 860 876 840)
4(832 846 881 856)
4(773 827 780 778)
4(825 777 780 827)
4(825 827 773 754)
4(826 827 780 781)
4(826 781 779 774)
4(826 774 773 827)
4(826 781 404 405)
4(826 784 783 781)
4(826 405 785 784)
4(406 402 780 827)
4(825 777 401 407)
4(825 407 406 827)
4(826 827 406 405)
4(826 784 771 774)
4(873 850 866 841)
4(866 754 773 841)
4(883 841 866 857)
4(824 823 866 841)
4(883 694 824 841)
4(687 694 883 857)
4(687 823 824 694)
4(883 841 873 858)
4(820 857 883 858)
4(884 861 883 841)
4(832 858 883 861)
4(832 861 884 846)
4(824 827 773 841)
4(825 827 824 823)
4(824 841 884 828)
4(689 861 883 694)
4(689 828 884 861)
4(689 694 824 828)
4(826 774 884 828)
4(826 828 824 827)
4(408 828 788 676)
4(689 678 788 828)
4(689 828 408 425)
4(408 676 675 425)
4(689 425 675 678)
4(826 828 788 784)
4(826 405 408 828)
4(887 842 886 855)
4(886 842 877 856)
4(831 855 886 856)
4(831 854 887 855)
4(887 842 680 679)
4(886 678 680 842)
4(677 678 886 855)
4(677 855 887 679)
4(677 679 680 678)
4(714 842 680 682)
4(681 679 887 715)
4(681 682 680 679)
4(885 842 877 859)
4(886 842 885 861)
4(832 861 885 859)
4(832 856 886 861)
4(714 719 885 842)
4(717 859 885 719)
4(680 842 885 690)
4(689 690 885 861)
4(689 861 886 678)
4(689 678 680 690)
4(691 719 885 690)
4(691 690 680 682)
4(692 686 867 843)
4(716 693 692 843)
4(683 686 692 693)
4(867 843 883 857)
4(692 694 883 843)
4(687 694 692 686)
4(880 843 883 858)
4(885 859 880 843)
4(883 861 885 843)
4(716 843 885 719)
4(692 690 885 843)
4(689 690 692 694)
4(691 693 692 690)
4(884 844 881 846)
4(771 844 884 774)
4(886 844 888 855)
4(881 844 886 856)
4(888 787 788 844)
4(788 678 886 844)
4(788 844 771 784)
4(884 844 886 861)
4(884 844 788 828)
5(712 162 159 831 854)
5(677 158 161 681 679)
4(161 158 159 162)
4(829 160 163 830)
4(163 160 127 130)
5(165 699 851 829 160)
4(163 164 165 160)
4(159 160 165 162)
4(722 403 410 821)
4(825 821 410 407)
4(747 414 410 821)
4(747 725 413 414)
4(722 403 413 725)
4(822 823 411 415)
4(422 688 822 415)
4(687 423 411 823)
4(687 688 422 423)
4(822 821 410 415)
4(825 823 411 407)
4(822 415 416 734)
4(668 734 416 421)
4(668 421 422 688)
4(747 414 416 734)
4(824 412 411 823)
4(824 694 424 412)
4(687 423 424 694)
4(824 412 406 827)
4(408 412 824 828)
4(689 694 424 425)
4(707 720 890 818)
4(655 814 890 656)
4(813 818 890 814)
4(657 656 890 720)
4(721 711 819 889)
4(726 701 721 889)
4(819 812 726 889)
4(819 889 890 818)
4(890 889 721 720)
4(815 889 660 659)
4(815 814 890 889)
4(660 889 890 656)
4(726 663 660 889)
4(721 889 660 662)
4(661 663 726 701)
4(815 736 726 889)
4(819 816 815 889)
4(664 736 726 663)
4(376 892 893 377)
4(376 373 894 892)
4(894 373 374 891)
4(374 377 893 891)
4(893 892 894 891)
4(376 377 374 373)
4(376 892 737 378)
4(893 377 379 738)
4(737 892 893 738)
4(379 378 737 738)
4(376 380 391 892)
4(375 373 894 392)
4(894 892 391 392)
4(391 380 375 392)
4(376 373 375 380)
4(104 741 895 110)
4(383 382 895 739)
4(729 739 895 741)
4(111 110 895 382)
5(381 383 739 729 728)
5(381 112 111 382 383)
5(105 104 110 111 112)
4(391 892 737 393)
4(737 378 384 393)
4(384 380 391 393)
4(742 891 113 109)
4(895 891 742 741)
4(113 891 895 110)
4(104 109 113 110)
4(113 891 894 116)
4(374 891 113 115)
4(114 116 894 373)
4(114 373 374 115)
4(114 115 113 116)
4(895 739 893 891)
4(895 891 374 382)
4(383 377 893 739)
4(383 382 374 377)
4(742 745 894 891)
4(742 891 893 744)
4(743 744 893 892)
4(743 892 894 745)
4(107 745 894 116)
4(107 116 113 109)
4(729 739 893 744)
4(111 115 374 382)
4(111 110 113 115)
4(740 738 893 739)
4(383 385 740 739)
4(740 385 379 738)
4(731 744 893 738)
4(743 732 737 892)
4(731 738 737 732)
4(729 739 740 730)
4(731 730 740 738)
4(117 116 894 392)
4(375 118 117 392)
4(114 118 375 373)
4(114 116 117 118)
4(724 392 894 745)
4(391 392 724 746)
4(743 892 391 746)
4(117 108 724 392)
4(107 108 117 116)
4(747 746 391 395)
4(747 395 394 725)
4(394 392 724 725)
4(394 395 391 392)
4(733 393 391 746)
4(733 732 737 393)
4(747 734 396 395)
4(396 734 733 393)
4(396 393 391 395)
4(396 734 416 323)
4(668 734 396 397)
4(396 323 365 397)
4(747 414 324 395)
4(396 395 324 323)
4(394 725 413 326)
4(394 326 324 395)
4(655 665 740 730)
4(386 385 740 665)
4(666 738 731 659)
4(740 738 666 665)
4(666 667 737 738)
4(666 738 379 389)
4(388 378 737 667)
4(664 667 737 732)
4(733 393 398 669)
4(398 393 396 397)
4(398 393 737 667)
4(384 393 398 390)
4(685 727 671 670)
4(671 727 735 669)
4(668 688 685 670)
4(702 672 671 727)
4(726 727 671 663)
4(673 670 685 684)
4(121 120 722 725)
4(121 725 724 108)
4(121 108 98 120)
4(121 5 413 725)
4(121 120 2 5)
4(121 725 394 122)
4(394 392 117 122)
4(121 122 117 108)
4(7 326 394 122)
4(121 5 7 122)
4(899 429 430 898)
4(897 896 899 898)
4(430 431 897 898)
4(428 429 899 896)
4(899 674 675 898)
4(430 898 675 420)
4(417 674 899 429)
4(899 679 680 898)
4(677 679 899 674)
4(680 678 675 898)
4(681 896 899 679)
4(897 682 680 898)
4(430 433 434 898)
4(897 898 434 435)
4(436 425 675 420)
4(675 425 434 898)
4(161 73 41 158)
4(434 898 680 690)
4(689 425 434 690)
4(691 690 434 435)
4(439 686 685 438)
4(687 686 439 423)
4(685 688 422 438)
4(683 441 439 686)
4(426 684 685 438)
4(692 686 439 440)
4(692 440 424 694)
4(442 440 692 693)
4(692 440 434 690)
4(437 438 685 670)
4(911 395 391 380)
4(911 912 394 395)
4(375 392 394 912)
4(911 380 375 912)
4(911 395 396 913)
4(396 393 384 913)
4(914 917 324 325)
4(324 917 916 323)
4(914 325 322 915)
4(916 915 322 323)
4(918 917 324 326)
4(327 919 918 326)
4(914 917 918 919)
4(914 919 327 325)
4(916 323 396 913)
4(911 395 324 917)
4(399 397 396 913)
4(365 400 916 323)
4(394 326 918 912)
4(911 912 918 917)
4(239 122 394 912)
4(239 912 375 118)
4(239 118 117 122)
4(918 326 7 238)
4(237 919 918 238)
4(237 6 327 919)
4(237 238 7 6)
4(239 238 918 912)
4(239 122 7 238)
4(922 921 959 948)
4(329 330 959 958)
4(331 948 959 330)
4(905 958 959 921)
5(920 922 948 331 332)
4(959 948 949 952)
4(923 921 959 952)
4(923 952 949 924)
4(922 924 949 948)
4(959 952 337 330)
4(337 952 954 336)
4(954 952 959 958)
4(337 952 949 339)
4(953 952 337 340)
4(949 952 953 950)
4(338 950 953 340)
4(338 339 949 950)
4(331 948 949 339)
4(953 952 954 955)
4(341 340 953 955)
4(923 910 954 952)
4(925 926 953 950)
4(953 926 923 952)
4(925 950 949 924)
4(951 928 927 960)
4(927 926 953 960)
4(953 950 951 960)
4(925 928 951 950)
4(907 955 953 926)
4(961 960 951 931)
4(927 960 961 932)
4(929 932 961 931)
4(929 931 951 928)
4(356 960 961 355)
4(356 347 956 960)
4(961 960 956 957)
4(346 355 961 957)
4(956 955 953 960)
4(956 960 927 908)
4(356 357 951 960)
4(356 960 953 340)
4(338 950 951 357)
4(358 931 961 355)
4(358 357 951 931)
4(909 957 961 932)
4(363 362 961 931)
4(933 932 961 362)
4(933 362 363 930)
4(929 930 363 931)
4(961 362 359 355)
4(361 362 961 957)
4(358 931 363 360)
4(933 904 361 362)
4(322 915 933 362)
4(914 325 363 930)
4(903 915 322 364)
4(240 243 965 934)
4(935 934 965 963)
4(965 243 242 963)
4(935 963 242 241)
4(240 934 935 241)
4(240 241 242 243)
4(922 948 965 934)
4(9 243 965 367)
4(331 367 965 948)
5(920 922 934 240 244)
5(240 243 9 8 244)
4(949 948 965 963)
4(949 963 935 924)
4(922 924 935 934)
4(242 963 368 13)
4(368 963 965 367)
4(9 243 242 13)
4(368 963 964 369)
4(949 963 368 339)
4(964 963 949 950)
4(338 369 964 950)
4(242 963 964 245)
4(18 245 964 369)
4(18 13 242 245)
4(935 936 964 963)
4(925 950 964 936)
4(925 936 935 924)
4(246 936 964 245)
4(246 241 935 936)
4(246 245 242 241)
4(937 928 951 962)
4(964 936 937 962)
4(951 950 964 962)
4(925 928 937 936)
4(951 962 938 931)
4(937 939 938 962)
4(929 931 938 939)
4(929 939 937 928)
4(248 962 964 245)
4(937 962 248 247)
4(246 936 937 247)
4(246 247 248 245)
4(370 369 964 962)
4(951 357 370 962)
4(248 962 370 21)
4(18 245 248 21)
4(358 371 938 931)
4(938 371 370 962)
4(372 371 938 366)
4(363 366 938 931)
4(248 249 938 962)
4(250 247 937 939)
4(250 939 938 249)
4(250 249 248 247)
4(27 249 938 371)
4(27 21 248 249)
4(938 366 28 249)
4(27 249 28 26)
4(376 982 979 373)
4(983 377 374 980)
4(979 982 983 980)
4(374 373 979 980)
4(940 982 979 941)
4(979 373 375 941)
4(375 380 940 941)
4(252 251 984 966)
4(383 981 984 382)
4(111 382 984 251)
4(967 966 984 981)
5(253 252 966 967 968)
5(111 251 252 253 112)
4(984 980 254 251)
4(971 980 984 966)
4(971 255 254 980)
4(252 255 971 966)
4(252 251 254 255)
4(984 382 374 980)
4(984 980 983 981)
4(983 980 971 972)
4(969 970 979 982)
4(971 980 979 970)
4(969 972 971 970)
4(254 115 374 980)
4(111 115 254 251)
4(967 966 971 972)
4(942 970 979 941)
4(969 970 942 943)
4(942 941 940 943)
4(254 256 979 980)
4(114 373 979 256)
4(114 256 254 115)
4(257 256 979 970)
4(257 970 971 255)
4(257 255 254 256)
4(258 941 979 256)
4(258 118 375 941)
4(114 118 258 256)
4(257 259 942 970)
4(942 259 258 941)
4(257 256 258 259)
4(222 261 987 974)
4(973 985 260 219)
4(987 985 973 974)
4(260 985 987 261)
4(222 219 260 261)
4(218 263 988 900)
4(901 900 988 977)
4(252 966 988 263)
4(967 977 988 966)
5(218 262 253 252 263)
4(946 947 987 974)
4(987 947 264 261)
4(946 224 264 947)
4(222 261 264 224)
4(987 986 944 947)
4(975 986 987 974)
4(944 945 946 947)
4(942 947 987 970)
4(969 970 987 986)
4(944 947 942 943)
4(257 261 987 970)
4(942 947 264 259)
4(257 259 264 261)
4(973 985 988 900)
4(260 263 988 985)
4(218 263 260 219)
4(973 976 978 985)
4(978 986 987 985)
4(978 985 988 977)
4(971 985 260 255)
4(988 985 971 966)
4(252 255 260 263)
4(971 970 987 985)
4(971 985 978 972)
4(257 261 260 255)
4(240 267 1022 934)
4(922 934 1022 1019)
4(989 1019 1022 994)
4(266 994 1022 267)
5(989 994 266 265 991)
5(265 266 267 240 244)
4(935 1016 1022 934)
4(935 241 268 1016)
4(268 267 1022 1016)
4(240 267 268 241)
4(929 930 1010 939)
4(363 366 1010 930)
4(1010 366 938 939)
4(1020 1017 1023 1016)
4(935 924 1020 1016)
4(1023 936 935 1016)
4(925 936 1023 1017)
4(993 1016 1020 990)
4(993 998 1023 1016)
4(992 1017 1023 998)
4(992 998 993 990)
4(1020 1016 1022 1019)
4(1023 269 268 1016)
4(246 269 1023 936)
4(246 241 268 269)
4(1022 994 993 1016)
4(989 990 993 994)
4(993 1016 268 270)
4(266 994 993 270)
4(266 270 268 267)
4(271 998 1023 269)
4(271 270 993 998)
4(271 269 268 270)
4(1009 1011 1015 1018)
4(996 1000 1009 1018)
4(1001 997 1015 1011)
4(1009 1000 1001 1011)
4(996 997 1001 1000)
4(929 1018 1009 939)
4(1010 1011 1015 930)
4(1009 1011 1010 939)
4(1023 1017 1021 1008)
4(1021 928 937 1008)
4(937 936 1023 1008)
4(999 995 1021 1008)
4(999 1008 1023 998)
4(992 995 999 998)
4(1009 1018 1021 1008)
4(999 1000 1009 1008)
4(996 1000 999 995)
4(937 1008 1009 939)
4(1023 1008 272 269)
4(272 1008 937 247)
4(246 269 272 247)
4(999 1008 272 273)
4(271 998 999 273)
4(271 273 272 269)
4(940 941 1012 1024)
4(911 1024 1012 912)
4(1012 941 375 912)
4(1004 1005 1012 1024)
4(1012 1005 942 941)
4(1004 943 942 1005)
4(914 1025 1013 919)
4(1013 1025 1026 1014)
4(1026 917 918 1014)
4(918 919 1013 1014)
4(914 919 1010 930)
4(1010 919 327 366)
4(1015 1025 1013 1011)
4(1013 919 1010 1011)
4(1007 1006 1026 1014)
4(1002 1003 1013 1025)
4(1007 1014 1013 1003)
4(1002 1006 1007 1003)
4(1012 1014 1026 1024)
4(1012 912 918 1014)
4(1007 1005 1012 1014)
4(1004 1005 1007 1006)
4(1001 1003 1013 1011)
4(1002 1003 1001 997)
4(1012 275 258 941)
4(274 275 1012 1005)
4(274 1005 942 259)
4(274 259 258 275)
4(239 912 1012 275)
4(239 275 258 118)
4(250 283 1009 939)
4(272 1008 1009 283)
4(250 247 272 283)
4(1013 278 276 1014)
4(276 277 1007 1014)
4(279 278 1013 1003)
4(279 1003 1007 277)
4(279 277 276 278)
4(276 1014 918 238)
4(237 919 1013 278)
4(237 278 276 238)
4(1012 1014 276 275)
4(274 277 1007 1005)
4(274 275 276 277)
4(239 238 276 275)
4(1010 280 28 366)
4(237 280 1010 919)
4(237 6 28 280)
4(250 939 1010 280)
4(250 280 28 249)
4(1013 1011 281 278)
4(1001 282 281 1011)
4(279 282 1001 1003)
4(279 278 281 282)
4(1010 1011 281 280)
4(237 280 281 278)
4(281 283 1009 1011)
4(250 283 281 280)
4(284 283 1009 1000)
4(284 1000 1001 282)
4(284 282 281 283)
4(284 273 999 1000)
4(284 283 272 273)
4(1050 1042 1048 1045)
4(1052 1046 1048 1042)
4(1052 1042 1050 1047)
4(1041 1046 1052 1047)
4(1049 1044 1051 1043)
4(1039 1038 1049 1043)
4(1051 1040 1039 1043)
4(1037 1038 1039 1040)
4(993 1036 1035 998)
4(992 998 1035 1032)
4(1035 1036 1033 1032)
4(993 990 1033 1036)
4(271 286 1035 998)
4(993 1036 285 270)
4(1035 286 285 1036)
4(271 270 285 286)
4(1048 1032 1035 1042)
4(1035 1034 1050 1042)
4(1030 1034 1035 1032)
4(999 1042 1048 995)
4(999 998 1035 1042)
4(999 1042 1052 1000)
4(996 1000 1052 1046)
4(999 1042 287 273)
4(1052 288 287 1042)
4(284 288 1052 1000)
4(284 273 287 288)
4(287 1042 1035 286)
4(287 201 1050 1042)
4(199 286 1035 1034)
4(199 201 287 286)
4(271 286 287 273)
4(202 1047 1052 288)
4(202 288 287 201)
4(1052 1043 1049 1046)
4(1051 1043 1052 1047)
4(1001 1043 1049 997)
4(1001 1000 1052 1043)
4(1001 1043 1039 1003)
4(1002 1003 1039 1038)
4(1052 1043 290 288)
4(1001 282 290 1043)
4(284 288 290 282)
4(290 1043 1051 205)
4(1039 1043 290 289)
4(204 1040 1039 289)
4(204 289 290 205)
4(202 205 290 288)
4(279 289 1039 1003)
4(279 282 290 289)
4(946 947 1058 1056)
4(944 1057 1058 947)
4(1053 1056 1058 1057)
4(1060 1055 1059 1054)
4(1039 1040 1060 1054)
4(1059 1038 1039 1054)
4(1058 291 264 947)
4(231 291 1058 1056)
4(231 224 264 291)
4(942 947 1058 1005)
4(274 1005 1058 291)
4(274 291 264 259)
4(1004 1057 1058 1005)
4(1058 1054 1060 1056)
4(1059 1054 1058 1057)
4(1060 233 292 1054)
4(1058 1054 292 291)
4(231 291 292 233)
4(292 1054 1039 289)
4(204 233 292 289)
4(1007 1005 1058 1054)
4(1007 1054 292 277)
4(274 277 292 291)
4(1007 1054 1059 1006)
4(1039 1054 1007 1003)
4(279 289 292 277)
4(1033 1031 1062 1036)
4(1062 1034 1035 1036)
4(1028 1029 1063 1061)
4(989 994 1063 1029)
4(266 293 1063 994)
4(211 1061 1063 293)
5(265 212 211 293 266)
4(1063 1036 1033 1029)
4(1063 1061 1062 1036)
4(993 994 1063 1036)
4(1063 1036 285 293)
4(266 293 285 270)
4(285 1036 1062 215)
4(199 286 285 215)
4(211 215 285 293)
4(194 216 217 206)
4(194 230 235 216)
4(217 236 234 206)
4(235 230 234 236)
4(217 216 235 236)
4(298 317 318 299)
4(298 312 319 317)
4(319 320 318 317)
4(319 312 315 320)
4(315 299 318 320)
4(1403 1406 1506 1587)
4(1403 1587 1627 1404)
4(1627 1587 1506 1507)
4(1405 1404 1627 1507)
4(1506 1406 1405 1507)
4(1403 1404 1405 1406)
4(1403 1408 1629 1587)
4(1629 1408 1407 1508)
4(1506 1587 1629 1508)
4(1407 1406 1506 1508)
4(1403 1406 1407 1408)
4(1546 1585 1632 1583)
4(1546 1583 1633 1582)
4(1633 1560 1631 1582)
4(1632 1560 1633 1583)
4(1632 1585 1631 1560)
4(1546 1582 1631 1585)
4(1545 1580 1635 1577)
4(1545 1577 1636 1578)
4(1636 1577 1635 1561)
4(1669 1578 1636 1561)
4(1635 1580 1669 1561)
4(1546 1584 1639 1583)
4(1639 1562 1632 1583)
4(1639 1584 1638 1562)
4(1638 1585 1632 1562)
4(1546 1585 1638 1584)
4(1545 1579 1641 1577)
4(1635 1577 1641 1563)
4(1641 1579 1670 1563)
4(1670 1580 1635 1563)
4(1672 1524 1492 1564)
4(1492 1493 1671 1564)
4(1671 1604 1672 1564)
4(1454 1457 1699 1478)
4(1699 1695 1479 1478)
4(1479 1695 1456 1455)
4(1456 1695 1699 1457)
4(1454 1478 1479 1455)
4(1515 1589 1645 1519)
5(1515 1481 1458 1461 1589)
4(1522 1519 1645 1598)
4(1461 1460 1645 1589)
4(1459 1598 1645 1460)
6(1480 1481 1515 1519 1522 1697)
4(1480 1697 1699 1478)
4(1522 1598 1699 1697)
4(1459 1457 1699 1598)
6(1458 1454 1457 1459 1460 1461)
6(1559 1610 1536 1535 1530 1554)
6(1482 1554 1530 1698 1488 1483)
4(1536 1610 1642 1537)
4(1486 1487 1642 1613)
4(1490 1537 1642 1487)
4(1559 1613 1642 1610)
4(1488 1698 1702 1489)
4(1530 1535 1702 1698)
4(1536 1537 1702 1535)
4(1490 1489 1702 1537)
4(1482 1483 1484 1485)
4(1486 1485 1484 1487)
4(1488 1489 1484 1483)
4(1490 1487 1484 1489)
4(1546 1583 1648 1586)
4(1647 1565 1633 1582)
4(1633 1565 1648 1583)
4(1648 1565 1647 1586)
4(1546 1586 1647 1582)
4(1551 1608 1652 1607)
4(1675 1605 1673 1566)
4(1673 1607 1652 1566)
4(1652 1608 1675 1566)
6(1552 1556 1620 1558 1616 1555)
5(1552 1555 1617 1530 1554)
4(1536 1535 1646 1609)
4(1555 1616 1646 1617)
4(1558 1609 1646 1616)
4(1530 1617 1646 1535)
4(1536 1609 1650 1610)
4(1556 1621 1650 1620)
4(1558 1620 1650 1609)
4(1559 1610 1650 1621)
4(1545 1577 1653 1581)
4(1653 1577 1636 1567)
4(1636 1578 1674 1567)
4(1674 1581 1653 1567)
4(1648 1568 1639 1583)
4(1655 1584 1639 1568)
4(1655 1568 1648 1586)
4(1546 1584 1655 1586)
4(1676 1606 1677 1569)
4(1652 1607 1676 1569)
4(1677 1608 1652 1569)
5(1552 1287 1286 1618 1555)
4(1284 1611 1654 1285)
4(1555 1618 1654 1616)
4(1558 1616 1654 1611)
4(1286 1285 1654 1618)
4(1284 1283 1657 1611)
4(1556 1620 1657 1622)
4(1558 1611 1657 1620)
4(1282 1622 1657 1283)
6(1282 1283 1284 1285 1286 1287)
4(1641 1577 1653 1570)
4(1678 1579 1641 1570)
4(1653 1581 1678 1570)
5(1462 1554 1530 1612 1463)
4(1488 1491 1700 1698)
4(1465 1464 1700 1491)
4(1530 1698 1700 1612)
4(1463 1612 1700 1464)
4(1548 1596 1660 1597)
4(1548 1597 1649 1594)
4(1661 1594 1649 1571)
4(1660 1596 1661 1571)
4(1649 1597 1660 1571)
4(1548 1594 1661 1596)
5(1552 1555 1619 1227 1228)
4(1463 1468 1659 1612)
4(1555 1617 1659 1619)
4(1530 1612 1659 1617)
4(1227 1619 1659 1468)
5(1462 1228 1227 1468 1463)
4(1548 1595 1656 1597)
4(1656 1595 1663 1572)
4(1663 1596 1660 1572)
4(1660 1597 1656 1572)
4(1548 1596 1663 1595)
4(1230 1293 1662 1231)
4(1555 1619 1662 1618)
4(1286 1618 1662 1293)
4(1227 1231 1662 1619)
5(1227 1228 1229 1230 1231)
5(1229 1287 1286 1293 1230)
4(1515 1588 1634 1519)
4(1664 1573 1634 1588)
4(1634 1573 1645 1519)
4(1664 1589 1645 1573)
4(1515 1589 1664 1588)
4(1413 1412 1666 1516)
4(1515 1516 1666 1589)
4(1461 1589 1666 1469)
4(1411 1469 1666 1412)
5(1409 1413 1516 1515 1481)
5(1458 1461 1469 1411 1410)
5(1409 1410 1411 1412 1413)
4(1403 1415 1667 1587)
4(1414 1408 1629 1574)
4(1629 1587 1667 1574)
4(1667 1415 1414 1574)
4(1403 1408 1414 1415)
4(1547 1590 1640 1591)
4(1547 1591 1665 1593)
4(1668 1575 1640 1590)
4(1640 1575 1665 1591)
4(1668 1593 1665 1575)
4(1547 1593 1668 1590)
4(1667 1587 1627 1576)
4(1627 1404 1416 1576)
4(1416 1415 1667 1576)
4(1403 1415 1416 1404)
4(1627 1590 1626 1507)
4(1626 1592 1506 1507)
4(1547 1587 1506 1592)
4(1547 1592 1626 1590)
4(1547 1590 1627 1587)
4(1278 1507 1627 1277)
4(1278 1281 1626 1507)
4(1280 1590 1626 1281)
4(1280 1277 1627 1590)
4(1280 1281 1278 1277)
4(1276 1404 1627 1277)
4(1278 1507 1405 1279)
4(1276 1279 1405 1404)
4(1276 1277 1278 1279)
4(1626 1507 1511 1600)
4(1299 1600 1511 1302)
4(1299 1281 1626 1600)
4(1511 1507 1278 1302)
4(1299 1302 1278 1281)
4(1550 1592 1506 1436)
4(1550 1436 1511 1600)
4(1550 1600 1626 1592)
4(1511 1436 1506 1507)
4(1512 1508 1629 1516)
4(1413 1516 1629 1408)
4(1413 1417 1512 1516)
4(1407 1508 1512 1417)
4(1413 1408 1407 1417)
4(1629 1588 1628 1508)
4(1628 1517 1512 1508)
4(1515 1517 1628 1588)
4(1515 1588 1629 1516)
4(1515 1516 1512 1517)
4(1628 1508 1506 1592)
4(1547 1588 1628 1592)
4(1547 1587 1629 1588)
4(1429 1508 1628 1599)
4(1540 1432 1429 1599)
4(1540 1599 1628 1517)
4(1540 1517 1512 1432)
4(1512 1508 1429 1432)
4(1550 1599 1429 1436)
4(1550 1592 1628 1599)
4(1429 1508 1506 1436)
4(1630 1430 1429 1599)
4(1431 1430 1630 1514)
4(1540 1514 1630 1599)
4(1540 1432 1431 1514)
4(1429 1430 1431 1432)
4(1434 1430 1630 1601)
4(1433 1602 1630 1430)
4(1549 1601 1630 1602)
4(1549 1435 1434 1601)
4(1433 1430 1434 1435)
4(1550 1599 1630 1601)
4(1550 1601 1434 1436)
4(1434 1430 1429 1436)
4(1513 1602 1630 1514)
4(1513 1514 1431 1437)
4(1433 1437 1431 1430)
4(1518 1539 1633 1560)
4(1518 1560 1631 1541)
4(1531 1541 1631 1582)
4(1531 1582 1633 1539)
4(1531 1539 1518 1541)
4(1634 1560 1628 1588)
4(1634 1519 1518 1560)
4(1518 1517 1628 1560)
4(1515 1517 1518 1519)
4(1634 1560 1632 1591)
4(1632 1560 1628 1592)
4(1547 1591 1632 1592)
4(1547 1588 1634 1591)
4(1633 1594 1634 1560)
4(1548 1583 1632 1591)
4(1548 1594 1633 1583)
4(1548 1591 1634 1594)
4(1522 1539 1633 1594)
4(1522 1594 1634 1519)
4(1522 1519 1518 1539)
4(1628 1560 1631 1599)
4(1540 1599 1631 1541)
4(1540 1541 1518 1517)
4(1550 1585 1631 1599)
4(1550 1592 1632 1585)
4(1631 1561 1636 1582)
4(1635 1561 1631 1585)
4(1546 1577 1635 1585)
4(1546 1582 1636 1577)
4(1521 1561 1636 1532)
4(1521 1541 1631 1561)
4(1531 1532 1636 1582)
4(1531 1541 1521 1532)
4(1521 1561 1669 1520)
4(1542 1578 1636 1532)
4(1542 1532 1521 1520)
4(1630 1599 1631 1561)
4(1630 1561 1521 1514)
4(1540 1514 1521 1541)
4(1635 1601 1630 1561)
4(1669 1561 1630 1602)
4(1549 1601 1635 1580)
4(1550 1585 1635 1601)
4(1513 1520 1521 1514)
4(1637 1600 1511 1509)
4(1301 1300 1637 1509)
4(1299 1600 1637 1300)
4(1301 1509 1511 1302)
4(1299 1300 1301 1302)
4(1637 1509 1434 1601)
4(1510 1509 1637 1603)
4(1549 1603 1637 1601)
4(1434 1509 1510 1435)
4(1550 1601 1637 1600)
4(1511 1509 1434 1436)
4(1307 1300 1637 1603)
4(1301 1305 1510 1509)
4(1307 1305 1301 1300)
4(1640 1562 1626 1590)
4(1632 1562 1640 1591)
4(1626 1562 1632 1592)
4(1289 1288 1640 1562)
4(1626 1281 1289 1562)
4(1280 1590 1640 1288)
4(1280 1288 1289 1281)
4(1640 1595 1639 1562)
4(1548 1583 1639 1595)
4(1548 1595 1640 1591)
4(1289 1562 1639 1291)
4(1289 1314 1638 1562)
4(1297 1584 1638 1314)
4(1297 1291 1639 1584)
4(1297 1314 1289 1291)
4(1290 1595 1639 1291)
4(1290 1288 1640 1595)
4(1290 1291 1289 1288)
4(1638 1562 1626 1600)
4(1299 1314 1638 1600)
4(1299 1281 1289 1314)
4(1550 1600 1638 1585)
4(1641 1563 1638 1584)
4(1638 1563 1635 1585)
4(1546 1577 1641 1584)
4(1316 1315 1641 1563)
4(1316 1563 1638 1314)
4(1297 1584 1641 1315)
4(1297 1315 1316 1314)
4(1316 1318 1670 1563)
4(1317 1315 1641 1579)
4(1317 1318 1316 1315)
4(1637 1563 1638 1600)
4(1316 1563 1637 1300)
4(1299 1314 1316 1300)
4(1635 1563 1637 1601)
4(1637 1563 1670 1603)
4(1307 1300 1316 1318)
4(1527 1564 1642 1537)
4(1642 1564 1643 1610)
4(1643 1564 1527 1528)
4(1536 1610 1643 1528)
4(1536 1528 1527 1537)
4(1527 1494 1492 1564)
4(1527 1564 1672 1526)
4(1543 1494 1527 1526)
4(1492 1487 1642 1564)
4(1671 1564 1642 1613)
4(1486 1487 1492 1493)
4(1671 1614 1643 1564)
4(1672 1564 1643 1615)
4(1553 1615 1643 1614)
4(1490 1537 1527 1494)
4(1490 1494 1492 1487)
4(1559 1614 1643 1610)
4(1525 1528 1643 1615)
4(1525 1526 1527 1528)
4(1538 1565 1633 1539)
4(1538 1534 1647 1565)
4(1531 1582 1647 1534)
4(1531 1534 1538 1539)
4(1649 1594 1633 1565)
4(1648 1597 1649 1565)
4(1548 1597 1648 1583)
4(1538 1565 1649 1529)
4(1522 1529 1649 1594)
4(1522 1539 1538 1529)
4(1647 1565 1646 1609)
4(1538 1535 1646 1565)
4(1536 1534 1647 1609)
4(1536 1535 1538 1534)
4(1648 1616 1646 1565)
4(1649 1565 1646 1617)
4(1555 1616 1648 1597)
4(1555 1597 1649 1617)
4(1558 1609 1647 1586)
4(1558 1586 1648 1616)
4(1530 1617 1649 1529)
4(1530 1529 1538 1535)
4(1651 1609 1650 1566)
4(1643 1566 1650 1610)
4(1651 1566 1643 1528)
4(1536 1609 1651 1528)
4(1673 1566 1643 1614)
4(1675 1615 1643 1566)
4(1652 1566 1650 1620)
4(1673 1621 1650 1566)
4(1556 1607 1652 1620)
4(1652 1623 1651 1566)
4(1675 1566 1651 1624)
4(1557 1624 1651 1623)
4(1557 1623 1652 1608)
4(1558 1623 1651 1609)
4(1558 1620 1652 1623)
4(1525 1528 1651 1624)
4(1636 1567 1647 1582)
4(1647 1567 1653 1586)
4(1546 1586 1653 1577)
4(1533 1532 1636 1567)
4(1533 1567 1647 1534)
4(1531 1532 1533 1534)
4(1533 1544 1674 1567)
4(1542 1544 1533 1532)
4(1647 1609 1651 1567)
4(1533 1567 1651 1528)
4(1536 1534 1533 1528)
4(1653 1567 1651 1623)
4(1651 1567 1674 1624)
4(1557 1581 1653 1623)
4(1558 1623 1653 1586)
4(1525 1528 1533 1544)
4(1639 1595 1656 1568)
4(1656 1597 1648 1568)
4(1295 1291 1639 1568)
4(1295 1568 1655 1294)
4(1297 1294 1655 1584)
4(1297 1291 1295 1294)
4(1656 1568 1295 1296)
4(1290 1595 1656 1296)
4(1290 1296 1295 1291)
4(1655 1611 1654 1568)
4(1295 1568 1654 1285)
4(1284 1611 1655 1294)
4(1284 1294 1295 1285)
4(1654 1616 1648 1568)
4(1656 1618 1654 1568)
4(1555 1618 1656 1597)
4(1558 1586 1655 1611)
4(1286 1296 1656 1618)
4(1286 1285 1295 1296)
4(1658 1569 1657 1611)
4(1308 1283 1657 1569)
4(1308 1569 1658 1309)
4(1284 1309 1658 1611)
4(1284 1283 1308 1309)
4(1308 1569 1676 1312)
4(1677 1569 1308 1311)
4(1310 1311 1308 1312)
4(1657 1569 1652 1620)
4(1676 1569 1657 1622)
4(1658 1623 1652 1569)
4(1677 1625 1658 1569)
4(1557 1623 1658 1625)
4(1558 1611 1658 1623)
4(1282 1312 1308 1283)
4(1313 1625 1658 1309)
4(1313 1309 1308 1311)
4(1655 1570 1641 1584)
4(1653 1570 1655 1586)
4(1319 1570 1641 1315)
4(1319 1294 1655 1570)
4(1297 1294 1319 1315)
4(1319 1570 1678 1320)
4(1317 1315 1319 1320)
4(1655 1570 1658 1611)
4(1658 1570 1319 1309)
4(1284 1309 1319 1294)
4(1653 1623 1658 1570)
4(1678 1570 1658 1625)
4(1313 1320 1319 1309)
4(1644 1529 1649 1571)
4(1661 1598 1644 1571)
4(1522 1598 1661 1594)
4(1522 1529 1644 1598)
4(1644 1571 1659 1612)
4(1659 1571 1470 1468)
4(1470 1571 1644 1471)
4(1463 1471 1644 1612)
4(1463 1468 1470 1471)
4(1660 1235 1470 1571)
4(1661 1571 1470 1472)
4(1234 1235 1660 1596)
4(1234 1596 1661 1472)
4(1234 1472 1470 1235)
4(1659 1571 1649 1617)
4(1660 1571 1659 1619)
4(1555 1597 1660 1619)
4(1530 1612 1644 1529)
4(1227 1619 1660 1235)
4(1227 1235 1470 1468)
4(1459 1472 1661 1598)
4(1459 1598 1644 1471)
4(1459 1471 1470 1472)
4(1298 1572 1656 1296)
4(1663 1572 1298 1253)
4(1290 1595 1663 1253)
4(1290 1253 1298 1296)
4(1298 1293 1662 1572)
4(1662 1231 1233 1572)
4(1298 1572 1233 1232)
4(1230 1232 1233 1231)
4(1230 1293 1298 1232)
4(1233 1235 1660 1572)
4(1663 1236 1233 1572)
4(1234 1236 1663 1596)
4(1234 1235 1233 1236)
4(1662 1618 1656 1572)
4(1662 1572 1660 1619)
4(1286 1296 1298 1293)
4(1227 1231 1233 1235)
4(1237 1253 1663 1236)
4(1237 1236 1233 1232)
4(1237 1232 1298 1253)
4(1665 1573 1634 1591)
4(1665 1593 1664 1573)
4(1547 1588 1664 1593)
4(1634 1594 1661 1573)
4(1661 1596 1665 1573)
4(1548 1591 1665 1596)
4(1645 1598 1661 1573)
4(1645 1573 1473 1460)
4(1664 1474 1473 1573)
4(1461 1474 1664 1589)
4(1461 1460 1473 1474)
4(1473 1573 1661 1472)
4(1665 1573 1473 1242)
4(1234 1596 1665 1242)
4(1234 1242 1473 1472)
4(1459 1472 1473 1460)
4(1243 1593 1664 1474)
4(1243 1242 1665 1593)
4(1243 1474 1473 1242)
4(1629 1574 1666 1516)
4(1666 1574 1414 1412)
4(1413 1412 1414 1408)
4(1664 1588 1629 1574)
4(1664 1574 1666 1589)
4(1667 1574 1664 1593)
4(1547 1587 1667 1593)
4(1664 1574 1475 1474)
4(1475 1574 1666 1469)
4(1461 1474 1475 1469)
4(1667 1246 1475 1574)
4(1414 1574 1475 1418)
4(1247 1246 1667 1415)
4(1247 1418 1475 1246)
4(1247 1415 1414 1418)
4(1243 1593 1667 1246)
4(1243 1246 1475 1474)
4(1411 1469 1475 1418)
4(1411 1418 1414 1412)
4(1252 1575 1640 1288)
4(1252 1250 1668 1575)
4(1280 1590 1668 1250)
4(1280 1250 1252 1288)
4(1663 1595 1640 1575)
4(1665 1596 1663 1575)
4(1252 1575 1663 1253)
4(1290 1288 1252 1253)
4(1252 1241 1240 1575)
4(1668 1575 1240 1239)
4(1238 1250 1668 1239)
4(1238 1241 1252 1250)
4(1238 1239 1240 1241)
4(1240 1236 1663 1575)
4(1240 1575 1665 1242)
4(1234 1236 1240 1242)
4(1237 1253 1252 1241)
4(1237 1241 1240 1236)
4(1243 1239 1668 1593)
4(1243 1242 1240 1239)
4(1627 1576 1668 1590)
4(1668 1576 1667 1593)
4(1251 1277 1627 1576)
4(1251 1576 1668 1250)
4(1280 1277 1251 1250)
4(1416 1576 1251 1292)
4(1276 1404 1416 1292)
4(1276 1292 1251 1277)
4(1668 1239 1245 1576)
4(1251 1576 1245 1244)
4(1238 1250 1251 1244)
4(1238 1244 1245 1239)
4(1667 1576 1245 1246)
4(1245 1576 1416 1248)
4(1247 1248 1416 1415)
4(1247 1246 1245 1248)
4(1243 1239 1245 1246)
4(1249 1292 1416 1248)
4(1249 1248 1245 1244)
4(1249 1244 1251 1292)
6(1515 1481 1495 1687 1540 1517)
4(1540 1687 1442 1432)
4(1495 1443 1442 1687)
4(1419 1417 1512 1432)
5(1409 1421 1443 1495 1481)
6(1409 1413 1417 1419 1420 1421)
4(1421 1420 1442 1443)
4(1419 1432 1442 1420)
4(1497 1496 1690 1683)
4(1480 1498 1703 1697)
4(1531 1683 1690 1541)
4(1540 1541 1690 1687)
4(1495 1687 1690 1496)
4(1522 1697 1703 1539)
4(1531 1539 1703 1683)
4(1497 1683 1703 1498)
6(1480 1481 1495 1496 1497 1498)
4(1497 1500 1691 1683)
4(1499 1681 1691 1500)
4(1691 1681 1690 1683)
4(1499 1496 1690 1681)
4(1497 1496 1499 1500)
4(1691 1682 1503 1500)
4(1692 1682 1691 1683)
4(1692 1502 1503 1682)
4(1497 1502 1692 1683)
4(1497 1500 1503 1502)
4(1480 1501 1701 1697)
4(1703 1697 1701 1696)
4(1701 1501 1504 1696)
4(1504 1498 1703 1696)
4(1480 1498 1504 1501)
4(1442 1439 1689 1687)
4(1689 1439 1431 1514)
4(1540 1687 1689 1514)
4(1431 1439 1442 1432)
4(1689 1439 1438 1505)
4(1440 1439 1689 1688)
4(1680 1688 1689 1505)
4(1438 1439 1440 1441)
4(1495 1505 1689 1687)
4(1495 1443 1438 1505)
4(1442 1439 1438 1443)
4(1513 1514 1689 1688)
4(1431 1437 1440 1439)
4(1691 1684 1693 1681)
4(1693 1685 1499 1681)
4(1679 1684 1691 1500)
4(1521 1532 1691 1681)
4(1690 1541 1521 1681)
4(1531 1683 1691 1532)
4(1693 1681 1521 1520)
4(1542 1532 1691 1684)
4(1689 1681 1690 1687)
4(1521 1681 1689 1514)
4(1689 1505 1499 1681)
4(1693 1688 1689 1681)
4(1495 1505 1499 1496)
4(1694 1684 1691 1682)
4(1503 1686 1694 1682)
4(1533 1682 1691 1532)
4(1533 1534 1692 1682)
4(1531 1683 1692 1534)
4(1533 1682 1694 1544)
4(1527 1537 1692 1682)
4(1533 1528 1527 1682)
4(1536 1534 1692 1537)
4(1527 1682 1503 1494)
4(1694 1682 1527 1526)
4(1490 1537 1692 1502)
4(1490 1502 1503 1494)
4(1701 1697 1699 1695)
4(1479 1501 1701 1695)
4(1480 1501 1479 1478)
4(1701 1529 1644 1695)
4(1644 1598 1699 1695)
4(1522 1529 1701 1697)
4(1479 1491 1700 1695)
4(1701 1695 1700 1698)
4(1488 1501 1701 1698)
4(1488 1491 1479 1501)
4(1456 1464 1700 1695)
4(1465 1455 1479 1491)
4(1644 1695 1700 1612)
4(1530 1698 1701 1529)
4(1456 1471 1644 1695)
4(1463 1471 1456 1464)
4(1459 1457 1456 1471)
4(1538 1529 1701 1696)
4(1538 1696 1703 1539)
4(1702 1696 1701 1698)
4(1702 1489 1504 1696)
4(1488 1501 1504 1489)
4(1702 1696 1538 1535)
4(1692 1534 1538 1696)
4(1692 1696 1703 1683)
4(1692 1537 1702 1696)
4(1504 1696 1692 1502)
4(1490 1489 1504 1502)
4(1497 1502 1504 1498)
4(1424 1423 1434 1509)
4(1510 1425 1424 1509)
4(1422 1423 1424 1425)
4(1422 1435 1434 1423)
4(1405 1507 1511 1427)
4(1426 1436 1506 1406)
4(1426 1427 1511 1436)
4(1426 1406 1405 1427)
4(1306 1302 1511 1427)
4(1306 1427 1405 1279)
4(1306 1279 1278 1302)
4(1407 1428 1429 1508)
4(1426 1428 1407 1406)
4(1426 1436 1429 1428)
4(1419 1417 1407 1428)
4(1419 1428 1429 1432)
4(1511 1509 1424 1427)
4(1426 1427 1424 1423)
4(1426 1423 1434 1436)
4(1424 1509 1301 1304)
4(1303 1425 1424 1304)
4(1303 1304 1301 1305)
4(1306 1304 1424 1427)
4(1306 1302 1301 1304)
5(1495 1481 1709 1710 1743)
4(1495 1743 1449 1443)
4(1421 1443 1449 1444)
5(1409 1421 1444 1445 1446)
4(1480 1736 1738 1498)
4(1713 1714 1738 1736)
4(1711 1737 1738 1714)
4(1497 1498 1738 1737)
4(1497 1737 1744 1496)
4(1495 1496 1744 1743)
4(1480 1501 1739 1736)
4(1488 1730 1739 1501)
4(1713 1736 1739 1717)
4(1719 1717 1739 1730)
4(1490 1502 1740 1728)
4(1490 1728 1746 1494)
4(1740 1502 1503 1742)
4(1504 1501 1739 1735)
4(1739 1736 1738 1735)
4(1738 1498 1504 1735)
4(1484 1485 1734 1726)
4(1733 1483 1484 1726)
4(1734 1727 1733 1726)
4(1722 1726 1732 1720)
4(1732 1726 1731 1728)
3(1731 1726 1722)
3(1720 1732 1728)
4(1484 1487 1731 1726)
4(1734 1726 1731 1729)
4(1486 1729 1731 1487)
4(1733 1730 1732 1726)
4(1484 1726 1732 1489)
4(1488 1489 1732 1730)
4(1733 1726 1722 1725)
4(1734 1724 1722 1726)
4(1719 1730 1732 1720)
4(1490 1728 1732 1489)
4(1490 1487 1731 1728)
4(1504 1489 1732 1735)
4(1732 1730 1739 1735)
4(1504 1502 1740 1735)
4(1732 1735 1740 1728)
4(1721 1714 1738 1735)
4(1721 1735 1739 1717)
4(1740 1737 1738 1735)
3(1721 1740 1735)
4(1497 1502 1740 1737)
4(1732 1735 1721 1720)
3(1495 1743 1505)
3(1438 1449 1443)
3(1499 1744 1496)
4(1497 1737 1745 1500)
4(1731 1741 1492 1487)
4(1450 1418 1475 1749)
4(1450 1749 1255 1254)
4(1255 1749 1475 1246)
4(1247 1418 1450 1254)
4(1247 1254 1255 1246)
4(1411 1469 1748 1451)
4(1748 1469 1475 1749)
4(1450 1451 1748 1749)
4(1411 1451 1450 1418)
6(1258 1750 1764 1752 1771 1259)
4(209 210 1776 1760)
4(1259 1771 1776 1260)
4(1752 1760 1776 1771)
4(211 1260 1776 210)
5(1258 1259 1260 211 212)
4(1261 1264 1777 1759)
4(1261 1759 1778 1262)
4(1778 1759 1777 1754)
4(1263 1262 1778 1754)
4(1777 1264 1263 1754)
4(1261 1262 1263 1264)
4(1463 1761 1780 1468)
4(1259 1265 1780 1771)
4(1752 1771 1780 1761)
4(1227 1468 1780 1265)
5(1258 1228 1227 1265 1259)
4(1261 1267 1781 1759)
4(1777 1759 1781 1755)
4(1781 1267 1266 1755)
4(1266 1264 1777 1755)
4(1261 1264 1266 1267)
5(1753 1762 1461 1458 1448)
4(1461 1762 1782 1460)
4(1751 1768 1782 1769)
4(1459 1460 1782 1768)
4(1753 1769 1782 1762)
4(1751 1789 1792 1768)
4(1459 1768 1792 1457)
5(1447 1448 1753 1770 1452)
4(1461 1469 1748 1762)
4(1452 1770 1748 1451)
4(1753 1762 1748 1770)
5(1447 1452 1451 1411 1410)
4(1268 1453 1784 1269)
4(1784 1453 1450 1749)
4(1255 1269 1784 1749)
4(1268 1254 1450 1453)
4(1268 1269 1255 1254)
4(1261 1271 1785 1759)
4(1781 1759 1785 1756)
4(1270 1267 1781 1756)
4(1785 1271 1270 1756)
4(1261 1267 1270 1271)
4(191 1763 1786 195)
4(1452 216 1786 1770)
4(1753 1770 1786 1763)
4(194 195 1786 216)
5(1447 196 194 216 1452)
4(217 1453 1784 1757)
4(1784 1269 1256 1757)
4(1256 1257 217 1757)
4(1268 1453 217 1257)
4(1268 1257 1256 1269)
4(1785 1759 1778 1758)
4(1778 1262 1272 1758)
4(1272 1271 1785 1758)
4(1261 1271 1272 1262)
4(1775 1754 1776 1760)
4(1776 1754 214 210)
4(1775 213 214 1754)
4(1777 1754 1775 1766)
4(1775 1754 1778 1767)
4(1751 1759 1777 1766)
4(1751 1767 1778 1759)
4(214 1754 1263 215)
4(1778 1754 214 200)
4(199 1262 1778 200)
4(199 215 1263 1262)
4(1777 1771 1776 1754)
4(1263 1754 1776 1260)
4(1259 1771 1777 1264)
4(1259 1264 1263 1260)
4(1752 1766 1777 1771)
4(211 1260 1263 215)
4(193 200 1778 1767)
4(1779 1761 1780 1755)
4(1470 1755 1780 1468)
4(1779 1755 1470 1471)
4(1463 1761 1779 1471)
4(1777 1766 1779 1755)
4(1781 1755 1779 1768)
4(1751 1759 1781 1768)
4(1751 1768 1779 1766)
4(1266 1755 1470 1235)
4(1470 1755 1781 1472)
4(1234 1472 1781 1267)
4(1234 1267 1266 1235)
4(1777 1755 1780 1771)
4(1780 1755 1266 1265)
4(1259 1265 1266 1264)
4(1227 1235 1266 1265)
4(1459 1768 1781 1472)
4(1459 1471 1779 1768)
4(1475 1749 1783 1474)
4(1783 1749 1748 1762)
4(1461 1474 1783 1762)
4(1784 1770 1748 1749)
4(1452 1770 1784 1453)
4(1452 1453 1450 1451)
4(1255 1274 1783 1749)
4(1784 1749 1783 1772)
4(1273 1772 1783 1274)
4(1273 1269 1784 1772)
4(1273 1274 1255 1269)
4(1243 1274 1783 1474)
4(1243 1246 1255 1274)
4(1753 1762 1783 1772)
4(1753 1772 1784 1770)
4(1782 1460 1473 1756)
4(1473 1474 1783 1756)
4(1782 1756 1783 1762)
4(1781 1768 1782 1756)
4(1785 1756 1782 1769)
4(1751 1759 1785 1769)
4(1781 1756 1473 1472)
4(1473 1756 1270 1242)
4(1234 1242 1270 1267)
4(1270 1756 1783 1274)
4(1783 1756 1785 1772)
4(1273 1772 1785 1271)
4(1273 1271 1270 1274)
4(1243 1274 1270 1242)
4(1753 1769 1785 1772)
4(1786 1757 1787 1763)
4(203 197 1787 1757)
4(203 1757 1786 195)
4(191 1763 1787 197)
4(1784 1757 1786 1770)
4(217 216 1786 1757)
4(1452 216 217 1453)
4(1787 1757 1784 1772)
4(1256 1757 1787 1275)
4(1273 1275 1787 1772)
4(1273 1269 1256 1275)
4(1256 205 203 1757)
4(217 1757 203 206)
4(204 1257 217 206)
4(204 205 1256 1257)
4(1753 1772 1787 1763)
4(202 197 1787 1275)
4(202 1275 1256 205)
4(1774 1758 198 192)
4(1774 1763 1787 1758)
4(198 1758 1787 197)
4(1774 1767 1778 1758)
4(1774 1758 1785 1769)
4(198 1758 1778 200)
4(1272 1758 198 201)
4(199 1262 1272 201)
4(1785 1758 1787 1772)
4(1787 1758 1272 1275)
4(1273 1275 1272 1271)
4(202 201 1272 1275)
4(1456 1788 1779 1471)
4(1792 1768 1779 1788)
4(1421 1855 1864 1444)
4(1421 1443 1438 1855)
4(1924 1946 1978 1944)
4(1977 1944 1978 1937)
4(2003 1945 1977 1937)
4(1978 1946 2003 1937)
4(1819 1820 2011 2008)
6(1819 2008 1872 1874 1869 1812)
4(1827 1833 2011 1820)
4(1872 2008 2011 1873)
4(1832 1873 2011 1833)
5(1793 1812 1869 1870 1796)
4(1796 1870 1871 1800)
4(1872 1873 1871 1874)
4(1869 1874 1871 1870)
4(1832 1800 1871 1873)
6(1832 1833 1827 1793 1796 1800)
4(1819 1822 2012 2008)
4(2012 1822 1821 2004)
4(1821 1820 2011 2004)
4(2011 2008 2012 2004)
4(1819 1820 1821 1822)
4(1819 2007 2013 1824)
6(1819 1812 1865 1960 1928 2007)
4(1928 2009 2013 2007)
4(1813 1824 2013 1968)
3(1968 2013 2009)
4(1928 1960 2018 2009)
4(1865 1866 2018 1960)
4(1813 1968 2019 1817)
4(1810 1817 2019 1875)
5(1865 1812 1810 1875 1866)
4(1819 2007 2014 1822)
4(2014 2007 2013 2005)
4(1823 1822 2014 2005)
4(2013 1824 1823 2005)
4(1819 1822 1823 1824)
4(1834 1837 1989 1950)
4(1989 1837 1836 1938)
3(1950 1989 1938)
4(1834 1835 1836 1837)
4(1984 1943 2001 1939)
4(1978 1944 1984 1939)
4(2001 1946 1978 1939)
4(1819 2008 2015 2007)
4(1877 1876 1990 1879)
4(1928 1962 1990 1960)
4(1865 1960 1990 1876)
4(1882 1879 1990 1962)
4(1928 2007 2015 1962)
4(1872 1881 2015 2008)
4(1882 1962 2015 1881)
6(1869 1812 1865 1876 1877 1878)
4(1877 1879 1880 1878)
4(1872 1874 1880 1881)
4(1882 1881 1880 1879)
4(1869 1878 1880 1874)
4(2015 2007 2014 2006)
4(2014 1822 2012 2006)
4(2012 2008 2015 2006)
4(1988 1947 1999 1940)
4(1998 1948 1988 1940)
4(1999 1949 1998 1940)
4(1834 1837 1996 1951)
4(1996 1837 1989 1941)
4(1989 1950 2000 1941)
4(2000 1951 1996 1941)
6(1891 1932 1974 1934 1897 1892)
4(1927 1956 1995 1957)
4(1932 1975 1995 1974)
4(1934 1974 1995 1956)
4(1935 1957 1995 1975)
4(1927 1899 1898 1956)
4(1934 1956 1898 1897)
4(1927 1957 1900 1899)
4(1935 1901 1900 1957)
6(1891 1892 1893 1894 1895 1896)
4(1892 1897 1898 1893)
4(1894 1893 1898 1899)
4(1896 1895 1900 1901)
4(1894 1899 1900 1895)
4(1838 1837 1996 1942)
4(2002 1839 1838 1942)
4(1996 1951 2002 1942)
4(1834 1837 1838 1839)
4(1842 1841 1997 1959)
4(1932 1974 1997 1976)
4(1934 1959 1997 1974)
4(1840 1976 1997 1841)
4(1842 1959 1909 1843)
4(1934 1897 1909 1959)
5(1891 1322 1323 1908 1892)
4(1892 1908 1909 1897)
4(1323 1843 1909 1908)
6(1840 1841 1842 1843 1323 1322)
4(1980 1937 1979 1954)
4(1981 1955 1979 1937)
4(1981 1937 1980 1958)
4(1927 1958 1980 1954)
4(1927 1955 1981 1958)
4(1927 1954 1979 1955)
4(1979 1937 1977 1961)
4(1979 1962 1978 1937)
4(1928 1944 1978 1962)
4(1928 1962 1979 1961)
4(1928 1961 1977 1944)
4(1980 1963 1977 1937)
4(2003 1964 1980 1937)
4(1929 1963 1980 1964)
4(1981 1937 1978 1917)
4(2003 1937 1981 1965)
4(1916 1917 1978 1946)
4(1916 1965 1981 1917)
4(1933 1954 1980 1963)
4(1933 1961 1979 1954)
4(1933 1963 1977 1961)
4(1882 1962 1978 1917)
4(1882 1917 1981 1955)
4(1882 1955 1979 1962)
4(1936 1964 1980 1958)
4(1936 1958 1981 1965)
3(1952 1985 1938)
4(1987 1938 1985 1953)
4(1926 1953 1985 1952)
4(1836 1938 1985 1830)
4(1985 1938 1989 1966)
4(1825 1966 1989 1837)
4(1825 1830 1985 1966)
4(1825 1837 1836 1830)
4(1989 1938 1987 1970)
4(1930 1950 1989 1970)
3(1930 1970 1987)
4(1831 1952 1985 1830)
4(1831 1830 1836 1844)
4(1933 1970 1989 1966)
4(1933 1966 1985 1953)
4(1933 1953 1987 1970)
3(1815 1814 1986)
4(1813 1968 1986 1814)
3(1813 1816 1968)
4(1813 1814 1815 1816)
4(1831 1814 1986 1952)
4(1831 1845 1815 1814)
4(1990 1939 1910 1876)
4(1915 1939 1990 1879)
4(1910 1939 1915 1911)
4(1877 1876 1910 1911)
4(1877 1911 1915 1879)
4(1910 1939 1984 1868)
4(2001 1939 1910 1913)
4(1912 1913 1910 1868)
4(1990 1960 1984 1939)
4(1990 1939 1978 1962)
4(1928 1944 1984 1960)
4(1915 1917 1978 1939)
4(2001 1918 1915 1939)
4(1916 1917 1915 1918)
4(1865 1960 1984 1868)
4(1865 1868 1910 1876)
4(1882 1879 1915 1917)
4(1914 1911 1910 1913)
4(1914 1918 1915 1911)
4(1993 1940 1980 1954)
4(1994 1940 1993 1957)
4(1994 1958 1980 1940)
4(1927 1957 1993 1954)
4(1927 1958 1994 1957)
4(1980 1940 1988 1963)
4(1999 1940 1980 1964)
4(1993 1970 1988 1940)
4(1998 1971 1993 1940)
4(1930 1970 1993 1971)
4(1930 1948 1988 1970)
4(1998 1940 1994 1972)
4(1999 1973 1994 1940)
4(1931 1972 1994 1973)
4(1933 1954 1993 1970)
4(1933 1970 1988 1963)
4(1935 1971 1993 1957)
4(1935 1957 1994 1972)
4(1936 1973 1994 1958)
4(1991 1941 1993 1954)
4(1995 1941 1991 1956)
4(1993 1941 1995 1957)
4(1927 1956 1991 1954)
4(1989 1941 1991 1966)
4(1991 1941 1996 1967)
4(1825 1967 1996 1837)
4(1825 1966 1991 1967)
4(1989 1970 1993 1941)
4(2000 1941 1993 1971)
4(1996 1941 1995 1974)
4(2000 1975 1995 1941)
4(1932 1951 1996 1974)
4(1933 1954 1991 1966)
4(1934 1974 1996 1967)
4(1934 1967 1991 1956)
4(1920 1884 1992 1955)
4(1992 1884 1898 1956)
4(1927 1899 1920 1955)
4(1927 1955 1992 1956)
4(1920 1899 1898 1884)
4(1883 1881 1992 1884)
4(1885 1884 1992 1969)
4(1872 1886 1885 1969)
4(1872 1969 1992 1881)
4(1883 1884 1885 1886)
4(1872 1881 1883 1886)
4(1882 1955 1920 1919)
4(1882 1881 1992 1955)
4(1882 1919 1883 1881)
4(1920 1884 1883 1919)
4(1934 1969 1885 1897)
4(1934 1956 1992 1969)
4(1885 1884 1898 1897)
4(1900 1888 1994 1957)
4(1994 1888 1921 1958)
4(1927 1958 1921 1899)
4(1921 1888 1900 1899)
4(1887 1972 1994 1888)
4(1889 1888 1994 1973)
4(1887 1888 1889 1890)
4(1887 1901 1900 1888)
4(1936 1922 1921 1958)
4(1889 1888 1921 1922)
4(1981 1903 1920 1955)
4(1921 1903 1981 1958)
4(1920 1903 1921 1899)
4(1981 1917 1904 1903)
4(1981 1903 1902 1965)
4(1902 1903 1904 1905)
4(1916 1905 1904 1917)
4(1882 1917 1904 1919)
4(1920 1919 1904 1903)
4(1902 1922 1921 1903)
4(1848 1942 1982 1849)
4(1982 1942 1997 1959)
4(1997 1942 1848 1841)
4(1842 1849 1982 1959)
4(1842 1841 1848 1849)
4(1982 1942 1838 1826)
4(1982 1967 1996 1942)
4(1825 1967 1982 1826)
4(1825 1826 1838 1837)
4(1848 1847 1838 1942)
4(2002 1850 1848 1942)
4(1846 1839 1838 1847)
4(1846 1847 1848 1850)
4(1997 1942 1996 1974)
4(2002 1942 1997 1976)
4(1829 1826 1982 1849)
4(1829 1847 1838 1826)
4(1829 1849 1848 1847)
4(1934 1959 1982 1967)
4(1840 1850 1848 1841)
4(1909 1906 1983 1959)
4(1983 1906 1852 1851)
4(1842 1959 1983 1851)
4(1852 1906 1909 1843)
4(1842 1851 1852 1843)
4(1983 1906 1885 1969)
4(1983 1873 1907 1906)
4(1872 1873 1983 1969)
4(1885 1906 1907 1886)
4(1872 1886 1907 1873)
4(1934 1969 1983 1959)
4(1909 1906 1885 1897)
4(1832 1851 1983 1873)
4(1832 1873 1907 1853)
4(1852 1853 1907 1906)
4(1832 1853 1852 1851)
4(1854 1849 1982 2004)
4(1982 1959 1983 2004)
4(1983 1851 1854 2004)
4(1842 1849 1854 1851)
4(1982 1826 1821 2004)
4(2012 1967 1982 2004)
4(1825 1967 2012 1822)
4(1825 1822 1821 1826)
4(1854 2004 1821 1828)
4(1854 1833 2011 2004)
4(1827 1828 1821 1820)
4(1827 1833 1854 1828)
4(1983 1969 2012 2004)
4(1983 2004 2011 1873)
4(1872 2008 2012 1969)
4(1829 1826 1821 1828)
4(1829 1828 1854 1849)
4(1934 1969 2012 1967)
4(1832 1851 1854 1833)
3(1986 2010 2005)
4(1985 1952 1986 2005)
4(1985 2005 2010 1953)
4(2010 2009 2013 2005)
4(2010 2005 2014 1961)
4(1928 1961 2014 2007)
4(1928 2009 2010 1961)
4(1985 2005 1823 1830)
4(1985 1966 2014 2005)
4(1825 1822 2014 1966)
4(1825 1830 1823 1822)
4(1986 2005 2013 1968)
4(1986 1814 1823 2005)
4(1813 1824 1823 1814)
4(1831 1814 1823 1830)
4(1933 1966 2014 1961)
4(1933 1961 2010 1953)
4(1991 1954 1979 2006)
4(1979 1955 1992 2006)
4(1992 1956 1991 2006)
4(1979 1961 2014 2006)
4(1979 2006 2015 1962)
4(1991 2006 2014 1966)
4(1991 1967 2012 2006)
4(1992 1881 2015 2006)
4(1992 2006 2012 1969)
3(2010 1961 1977)
3(1928 2009 1944)
3(1933 1963 1953)
3(1984 1960 2018)
4(1865 1866 1867 1868)
4(1818 2016 2019 1817)
4(1988 1970 1987 2017)
4(2120 2045 2082 2028)
4(2082 1855 1858 2028)
4(1858 1857 2120 2028)
4(1856 1857 1858 1855)
4(1403 1404 2085 2046)
4(1403 2046 2086 1406)
4(1405 1406 2086 2029)
4(2085 1404 1405 2029)
4(2086 2046 2085 2029)
4(1403 1415 2089 2046)
4(1416 1404 2085 2030)
4(2085 2046 2089 2030)
4(2089 1415 1416 2030)
5(1409 1421 2064 1865 1812)
4(1421 1444 2129 2064)
4(1865 2064 2129 1866)
5(1409 1413 2066 1869 1812)
4(1877 2060 2083 1876)
4(1421 2064 2083 1420)
4(1865 1876 2083 2064)
4(1419 1420 2083 2060)
4(1877 1878 2091 2060)
4(1413 1417 2091 2066)
4(1419 2060 2091 1417)
4(1869 2066 2091 1878)
4(1403 2046 2094 1408)
4(1407 1408 2094 2031)
4(2086 1406 1407 2031)
4(2094 2046 2086 2031)
4(1422 2047 2096 1423)
4(2122 1862 1861 2032)
4(1861 1423 2096 2032)
4(2096 2047 2122 2032)
4(1422 1423 1861 1862)
4(2020 2048 2098 2051)
4(2020 2051 1883 1886)
4(2020 1886 2099 2048)
4(2099 1886 1883 2033)
4(2098 2048 2099 2033)
4(1883 2051 2098 2033)
4(2022 2057 2100 2056)
4(2022 1905 1904 2057)
4(1904 1905 2121 2034)
4(2121 2056 2100 2034)
4(2100 2057 1904 2034)
4(2096 1423 1424 2035)
4(1424 1425 2126 2035)
4(2126 2047 2096 2035)
4(2020 2049 2103 2051)
4(2020 2048 2104 2049)
4(2104 2048 2098 2036)
4(2103 2049 2104 2036)
4(2098 2051 2103 2036)
4(2022 2057 2105 2058)
4(2100 2056 2127 2037)
4(2105 2057 2100 2037)
4(2127 2058 2105 2037)
4(2020 2051 2106 2050)
4(2020 2050 1885 1886)
4(1885 2050 2106 1884)
4(2106 2051 1883 1884)
4(2021 2054 2107 2055)
4(2107 2054 1887 1888)
4(1889 2055 2107 1888)
4(2022 2059 2108 2057)
4(1904 2057 2108 1903)
4(2108 2059 1902 1903)
4(2020 2049 2111 2050)
4(2111 2049 2103 2038)
4(2106 2050 2111 2038)
4(2103 2051 2106 2038)
4(2125 2053 2123 2039)
4(2123 2054 2107 2039)
4(2107 2055 2125 2039)
5(1891 1892 2075 1365 1364)
4(1367 1366 2109 2063)
4(1892 1893 2109 2075)
4(1894 2063 2109 1893)
4(1365 2075 2109 1366)
4(1367 2063 2112 1368)
4(1896 2079 2112 1895)
4(1894 1895 2112 2063)
4(1363 1368 2112 2079)
6(1363 1364 1365 1366 1367 1368)
4(2108 2057 2105 2040)
4(2105 2058 2124 2040)
4(2124 2059 2108 2040)
4(1796 1795 2114 1870)
4(1413 2066 2114 1412)
4(1869 1870 2114 2066)
4(1411 1412 2114 1795)
5(1411 1795 1796 1793 1410)
4(2094 1408 1414 2041)
4(2089 2046 2094 2041)
4(1414 1415 2089 2041)
4(2020 2052 2116 2048)
4(2020 1886 1907 2052)
4(1907 1886 2099 2042)
4(2099 2048 2116 2042)
4(2116 2052 1907 2042)
4(2020 2052 2117 2049)
4(2116 2048 2104 2043)
4(2104 2049 2117 2043)
4(2117 2052 2116 2043)
4(2020 2050 2118 2052)
4(2118 2050 1885 1906)
4(1907 2052 2118 1906)
4(2117 2049 2111 2044)
4(2111 2050 2118 2044)
4(2118 2052 2117 2044)
4(1325 1324 2119 1342)
4(1892 2075 2119 1908)
4(1365 1342 2119 2075)
4(1323 1908 2119 1324)
5(1321 1322 1323 1324 1325)
5(1365 1364 1321 1325 1342)
4(1910 2028 2083 1876)
4(2083 2028 2084 2060)
4(2084 2028 1910 1911)
4(1877 2060 2084 1911)
4(1910 1868 2082 2028)
4(2120 1913 1910 2028)
4(2083 2028 2082 2064)
4(1858 2028 2083 1420)
4(1421 2064 2082 1855)
4(1421 1855 1858 1420)
4(1858 1860 2084 2028)
4(2120 2028 2084 2065)
4(1859 2065 2084 1860)
4(1859 1860 1858 1857)
4(1865 1868 2082 2064)
4(1419 1860 2084 2060)
4(1419 1420 1858 1860)
4(1914 1911 2084 2065)
4(1381 2029 2087 1400)
4(2087 2029 2088 2062)
4(2088 2029 1381 1383)
4(1385 1400 2087 2062)
4(1385 2062 2088 1383)
4(1385 1383 1381 1400)
4(1405 1427 2087 2029)
4(2087 2067 2086 2029)
4(1426 1406 2086 2067)
4(1426 2067 2087 1427)
4(1381 1279 1405 2029)
4(1381 2029 2085 1382)
4(1276 1382 2085 1404)
4(1276 1279 1381 1382)
4(2088 2029 2086 2068)
4(2088 2070 2085 2029)
4(2023 2046 2085 2070)
4(2023 2068 2086 2046)
4(2023 2070 2088 2068)
4(1306 1427 2087 1400)
4(1306 1400 1381 1279)
4(2027 2067 2086 2068)
4(2027 2062 2087 2067)
4(2027 2068 2088 2062)
4(1379 2070 2085 1382)
4(1379 1383 2088 2070)
4(1379 1382 1381 1383)
4(1384 2030 2090 1375)
4(1337 1336 2090 2030)
4(1337 2030 1384 1338)
4(1335 1375 2090 1336)
4(1335 1336 1337 1338)
4(1335 1338 1384 1375)
4(1384 1382 2085 2030)
4(1384 2030 1416 1292)
4(1276 1382 1384 1292)
4(2090 2030 2085 2070)
4(2090 2071 2089 2030)
4(2023 2046 2089 2071)
4(2023 2071 2090 2070)
4(1337 2030 2089 1339)
4(1416 2030 1337 1248)
4(1247 1339 2089 1415)
4(1247 1248 1337 1339)
4(1379 2070 2090 1375)
4(1379 1375 1384 1382)
4(1340 2071 2089 1339)
4(1340 1336 2090 2071)
4(1340 1339 1337 1336)
4(1249 1338 1337 1248)
4(1249 1292 1384 1338)
4(2092 2031 2091 2060)
4(2093 2031 2092 2061)
4(2091 2031 2093 1878)
4(1877 2061 2092 2060)
4(1877 1878 2093 2061)
4(1407 1417 2091 2031)
4(2094 2031 2091 2066)
4(1413 1408 2094 2066)
4(1407 2031 2092 1428)
4(2092 2031 2086 2067)
4(1426 1428 2092 2067)
4(2093 2068 2086 2031)
4(2094 2069 2093 2031)
4(2023 2068 2093 2069)
4(2023 2069 2094 2046)
4(1419 2060 2092 1428)
4(2027 2067 2092 2061)
4(2027 2061 2093 2068)
4(1869 2069 2093 1878)
4(1869 2066 2094 2069)
4(2084 2032 2092 2060)
4(2092 2032 2095 2061)
4(2095 2032 2084 1911)
4(1877 2061 2095 1911)
4(1861 2032 2084 1860)
4(2122 2065 2084 2032)
4(1859 1862 1861 1860)
4(1861 1428 2092 2032)
4(2096 2032 2092 2067)
4(1426 1423 2096 2067)
4(1426 1428 1861 1423)
4(2096 2072 2095 2032)
4(2122 2032 2095 2073)
4(2024 2073 2095 2072)
4(2024 2072 2096 2047)
4(1419 1860 1861 1428)
4(2027 2072 2095 2061)
4(2027 2067 2096 2072)
4(1914 1911 2095 2073)
4(2097 2033 2093 2061)
4(1880 2033 2097 1879)
4(2093 2033 1880 1878)
4(1877 1879 2097 2061)
4(1883 2033 1880 1881)
4(2099 1874 1880 2033)
4(1872 1874 2099 1886)
4(2098 2068 2093 2033)
4(2099 2033 2093 2069)
4(2023 2068 2098 2048)
4(2023 2048 2099 2069)
4(2098 2033 2097 2076)
4(1883 1919 2097 2033)
4(2025 2076 2097 1919)
4(2025 2051 2098 2076)
4(2025 1919 1883 2051)
4(2027 2061 2097 2076)
4(2027 2076 2098 2068)
4(1882 1919 2097 1879)
4(1869 2069 2099 1874)
4(2095 2034 2097 2061)
4(1915 1879 2097 2034)
4(1915 2034 2095 1911)
4(1904 1917 1915 2034)
4(2121 2034 1915 1918)
4(2100 2034 2095 2072)
4(2095 2034 2121 2073)
4(2024 2056 2100 2072)
4(2097 2034 2100 2076)
4(1904 2034 2097 1919)
4(2025 2076 2100 2057)
4(2025 2057 1904 1919)
4(2027 2072 2100 2076)
4(2087 2035 1401 1400)
4(2101 2035 2087 2062)
4(1401 2035 2101 1386)
4(1385 1386 2101 2062)
4(1385 1400 1401 1386)
4(1424 2035 2087 1427)
4(2087 2035 2096 2067)
4(1401 2035 1424 1304)
4(2126 2035 1401 1402)
4(1303 1402 1401 1304)
4(2101 2072 2096 2035)
4(2126 2074 2101 2035)
4(2024 2072 2101 2074)
4(1306 1304 1401 1400)
4(2027 2062 2101 2072)
4(1393 2074 2101 1386)
4(1393 1386 1401 1402)
4(2088 2036 2102 2062)
4(1394 1388 2102 2036)
4(1394 2036 2088 1383)
4(1385 2062 2102 1388)
4(1385 1388 1394 1383)
4(2088 2068 2098 2036)
4(2104 2070 2088 2036)
4(2023 2070 2104 2048)
4(1394 2036 2103 1395)
4(2104 2036 1394 1378)
4(1377 1395 2103 2049)
4(1377 2049 2104 1378)
4(1377 1378 1394 1395)
4(2102 2036 2098 2076)
4(2103 2036 2102 2077)
4(2025 2077 2102 2076)
4(2025 2051 2103 2077)
4(2027 2076 2102 2062)
4(1392 1388 2102 2077)
4(1392 2077 2103 1395)
4(1392 1395 1394 1388)
4(1379 1378 2104 2070)
4(1379 1383 1394 1378)
4(2101 2062 2102 2037)
4(1387 2037 2102 1388)
4(2101 2037 1387 1386)
4(1385 1386 1387 1388)
4(2100 2072 2101 2037)
4(2127 2037 2101 2074)
4(2100 2037 2102 2076)
4(2102 2037 2105 2077)
4(2025 2077 2105 2057)
4(1387 1390 2105 2037)
4(1387 2037 2127 1391)
4(1389 2058 2105 1390)
4(1389 1390 1387 1391)
4(1392 1390 2105 2077)
4(1392 1388 1387 1390)
4(1393 1391 1387 1386)
4(2106 1884 1898 1893)
4(1892 2050 2106 1893)
4(1892 1897 1885 2050)
4(2106 2078 1920 1884)
4(2025 1919 1920 2078)
4(2025 2078 2106 2051)
4(1894 2078 1920 1899)
4(1894 1893 2106 2078)
4(2107 1895 1900 1888)
4(1896 1895 2107 2054)
4(2107 1888 1921 2080)
4(2026 2080 1921 1922)
4(2026 2055 2107 2080)
4(1894 1899 1921 2080)
4(1894 2080 2107 1895)
4(2108 1903 1920 2078)
4(2025 2057 2108 2078)
4(2108 2080 1921 1903)
4(2026 2080 2108 2059)
4(1894 2078 2108 2080)
4(1399 2038 2110 1396)
4(2110 2038 2109 2063)
4(2109 2038 1399 1366)
4(1367 1396 2110 2063)
4(1367 1366 1399 1396)
4(1399 1395 2103 2038)
4(1399 2038 2111 1380)
4(1377 1380 2111 2049)
4(1377 1395 1399 1380)
4(2109 2038 2106 1893)
4(2111 2038 2109 2075)
4(1892 2050 2111 2075)
4(2110 2038 2103 2077)
4(2110 2078 2106 2038)
4(2025 2078 2110 2077)
4(1392 2077 2110 1396)
4(1392 1396 1399 1395)
4(1894 2063 2110 2078)
4(1365 2075 2111 1380)
4(1365 1380 1399 1366)
4(2113 2063 2112 2039)
4(1370 2039 2112 1368)
4(1370 1369 2113 2039)
4(1367 2063 2113 1369)
4(1367 1369 1370 1368)
4(2123 2039 1370 1372)
4(1370 2039 2125 1373)
4(1371 1372 1370 1373)
4(2112 1895 2107 2039)
4(2123 2079 2112 2039)
4(2113 2039 2107 2080)
4(2125 2039 2113 2081)
4(2026 2081 2113 2080)
4(1894 2080 2113 2063)
4(1363 1368 1370 1372)
4(1374 1369 2113 2081)
4(1374 1373 1370 1369)
4(1397 1396 2110 2040)
4(2110 2063 2113 2040)
4(1397 2040 2113 1369)
4(1367 1396 1397 1369)
4(2105 2040 2110 2077)
4(2110 2040 2108 2078)
4(1397 2040 2105 1390)
4(1397 1398 2124 2040)
4(1389 1398 1397 1390)
4(2108 2040 2113 2080)
4(2113 2040 2124 2081)
4(1392 1390 1397 1396)
4(1374 1369 1397 1398)
4(2115 2041 2114 1870)
4(1797 2041 2115 1798)
4(2114 2041 1797 1795)
4(1796 1798 2115 1870)
4(1796 1795 1797 1798)
4(2094 2066 2114 2041)
4(1414 2041 2114 1412)
4(2115 2069 2094 2041)
4(2115 2041 2089 2071)
4(2023 2069 2115 2071)
4(1797 1339 2089 2041)
4(1414 1418 1797 2041)
4(1247 1339 1797 1418)
4(1869 1870 2115 2069)
4(1340 2071 2115 1798)
4(1340 1798 1797 1339)
4(1411 1418 1797 1795)
4(1871 2042 2115 1870)
4(2115 2042 1799 1798)
4(1799 2042 1871 1800)
4(1796 1798 1799 1800)
4(1871 1874 2099 2042)
4(1907 1873 1871 2042)
4(2099 2069 2115 2042)
4(2116 2042 2115 2071)
4(2023 2048 2116 2071)
4(2116 1327 1799 2042)
4(1907 2042 1799 1853)
4(1326 1327 2116 2052)
4(1326 2052 1907 1853)
4(1326 1853 1799 1327)
4(1340 2071 2116 1327)
4(1340 1327 1799 1798)
4(1832 1800 1799 1853)
4(2090 2043 1376 1375)
4(1328 2043 2090 1336)
4(1376 2043 1328 1331)
4(1335 1331 1328 1336)
4(1335 1375 1376 1331)
4(2090 2070 2104 2043)
4(2090 2043 2116 2071)
4(1376 2043 2104 1378)
4(2117 2043 1376 1343)
4(1377 2049 2117 1343)
4(1377 1343 1376 1378)
4(1328 1327 2116 2043)
4(2117 1329 1328 2043)
4(1326 1329 2117 2052)
4(1326 1327 1328 1329)
4(1379 1378 1376 1375)
4(1340 1336 1328 1327)
4(1330 1343 2117 1329)
4(1330 1329 1328 1331)
4(1330 1331 1376 1343)
4(2118 1908 1909 1906)
4(1892 1908 2118 2050)
4(2118 1906 1852 1334)
4(1326 2052 2118 1334)
4(1326 1334 1852 1853)
4(1323 1334 2118 1908)
4(1323 1843 1852 1334)
4(1341 2044 2119 1342)
4(1341 1333 1332 2044)
4(1332 1324 2119 2044)
4(1325 1333 1341 1342)
4(1325 1324 1332 1333)
4(1341 1380 2111 2044)
4(1341 2044 2117 1343)
4(1377 1380 1341 1343)
4(2119 2044 2111 2075)
4(2119 1908 2118 2044)
4(1332 1329 2117 2044)
4(1332 2044 2118 1334)
4(1326 1329 1332 1334)
4(1365 1342 1341 1380)
4(1330 1343 1341 1333)
4(1330 1333 1332 1329)
4(1323 1334 1332 1324)
4(2129 2064 2082 2128)
4(1858 1855 1438 1439)
4(1440 1857 1858 1439)
4(1858 1420 1442 1439)
4(1858 1439 1431 1860)
4(1859 1860 1431 1437)
4(1419 1432 1431 1860)
4(1861 1862 1433 1430)
4(1434 1423 1861 1430)
4(1861 1860 1431 1430)
4(1861 1430 1429 1428)
4(2130 2221 318 2133)
4(303 304 2185 2178)
4(2168 2167 2185 317)
4(298 317 2185 304)
4(2166 2178 2185 2167)
4(303 2178 2146 302)
4(2166 2147 2146 2178)
7(2130 2145 2147 2166 2167 2168 2221)
4(2168 317 318 2221)
4(300 2133 318 299)
4(2145 2144 2146 2147)
4(301 302 2146 2144)
4(2130 2221 2222 2131)
4(2222 2221 318 320)
4(2132 2131 2222 320)
4(318 2133 2132 320)
4(2130 2131 2132 2133)
4(2160 2182 2187 2161)
4(2162 2161 2187 2180)
4(2187 2182 2190 2180)
4(2160 2161 2162 2163)
4(2187 2161 2165 2181)
4(2191 2182 2187 2181)
4(2165 2164 2191 2181)
4(2160 2164 2165 2161)
4(294 295 2188 2183)
4(2174 2173 2188 2184)
4(296 2184 2188 295)
4(2170 2183 2188 2173)
4(218 221 2189 1345)
4(1346 1345 2189 2172)
4(294 2183 2189 221)
4(2170 2172 2189 2183)
6(1344 1346 2172 2170 2173 2174)
5(1344 262 218 1345 1346)
4(306 304 2185 2180)
4(2175 2180 2185 2178)
4(2187 2180 2185 317)
4(2185 2180 2162 2167)
4(2168 2161 2187 317)
4(2168 2167 2162 2161)
4(2187 308 306 2180)
4(307 308 2187 2182)
4(298 317 2187 308)
4(2166 2179 2162 2167)
4(2146 2149 2177 2178)
4(2146 302 310 2149)
4(2166 2147 2148 2176)
4(2148 2147 2146 2149)
4(313 2181 319 312)
4(2188 2181 313 295)
4(2188 2183 319 2181)
4(294 312 319 2183)
4(319 2181 2187 317)
4(2165 2181 319 2169)
4(2168 2161 2165 2169)
4(2168 2169 319 317)
4(313 308 2187 2181)
4(2191 314 313 2181)
4(2191 2181 2188 2184)
4(2165 2173 2188 2181)
4(2174 2173 2165 2164)
4(2170 2169 2165 2173)
4(2170 2183 319 2169)
4(1347 2136 2189 1345)
4(220 221 2189 2136)
4(1347 219 220 2136)
4(218 219 1347 1345)
4(2137 2136 2189 2172)
4(1346 1348 2137 2172)
4(1347 2136 2137 1348)
4(1346 1345 1347 1348)
4(2186 2136 220 297)
4(2189 2136 2186 2183)
4(294 2183 2186 297)
4(2186 2135 2138 2136)
4(2186 2136 2137 2171)
4(2134 2171 2137 2139)
4(2134 2135 2186 2171)
4(2137 2136 2138 2139)
4(2134 2139 2138 2135)
4(226 297 2186 2135)
4(226 2135 2138 223)
4(220 223 2138 2136)
4(2170 2172 2137 2171)
4(2170 2171 2186 2183)
7(2152 1827 1828 1829 2200 2192 2153)
4(2192 2200 2206 2199)
4(1825 1830 2206 1826)
4(1831 2199 2206 1830)
4(1829 1826 2206 2200)
4(2192 2199 2151 2153)
4(1831 1814 2151 2199)
4(1813 2150 2151 1814)
4(2152 2153 2151 2150)
4(1836 1837 1838 2193)
4(1838 1839 2219 2193)
4(2166 2197 2209 2167)
4(2209 2197 2210 2194)
4(2162 2167 2209 2194)
4(2130 2155 2223 2221)
4(2192 2197 2209 2200)
4(2168 2204 2209 2167)
4(1829 2200 2209 2204)
4(2166 2197 2156 2147)
4(2192 2153 2156 2197)
4(2168 2221 2223 2204)
4(1827 1828 2223 2155)
4(1829 2204 2223 1828)
4(2145 2147 2156 2154)
4(2152 2154 2156 2153)
4(2130 2131 2224 2155)
4(2134 2140 2224 2131)
4(1827 2155 2224 1833)
4(1832 1833 2224 2140)
4(1832 2140 1801 1800)
6(2130 1794 1803 1804 2134 2131)
4(2134 1804 1801 2140)
4(1796 1800 1801 1802)
5(1793 1796 1802 1803 1794)
4(1803 1802 1801 1804)
4(2160 2198 2211 2161)
4(2211 2198 2218 2195)
4(2165 2161 2211 2195)
4(2218 2164 2165 2195)
4(2223 2221 2222 2220)
4(2222 2131 2224 2220)
4(2224 2155 2223 2220)
4(1842 2202 2215 1841)
4(2174 2205 2215 2173)
4(1840 1841 2215 2205)
4(2170 2173 2215 2202)
4(1842 1843 2143 2202)
4(1346 2172 2143 1349)
4(2170 2202 2143 2172)
4(1323 1349 2143 1843)
5(1344 1346 1349 1323 1322)
4(2208 2193 2206 2199)
4(2206 2193 2207 2200)
4(2192 2200 2207 2201)
4(2206 2193 1836 1830)
4(1838 2193 2206 1826)
4(1838 1847 2207 2193)
4(1846 2203 2207 1847)
4(1829 1847 2207 2200)
4(2217 2198 2211 2194)
4(2211 2161 2162 2194)
4(2209 2200 2207 2194)
4(2211 2194 2207 1847)
4(1846 2198 2211 1847)
4(2211 2204 2209 2194)
4(2168 2204 2211 2161)
4(1829 1847 2211 2204)
4(2151 2157 2212 2199)
4(2192 2196 2158 2153)
4(2158 2157 2151 2153)
4(2151 2157 1815 1814)
4(2156 2159 2213 2197)
4(2156 2147 2148 2159)
4(2156 2159 2158 2153)
4(2214 2195 1848 1849)
4(2215 1841 1848 2195)
4(2215 2195 2214 2202)
4(1842 2202 2214 1849)
4(1848 2195 2211 1847)
4(2218 2195 1848 1850)
4(2214 2204 2211 2195)
4(2165 2169 2214 2195)
4(2168 2204 2214 2169)
4(2218 2205 2215 2195)
4(2165 2195 2215 2173)
4(1829 1849 2214 2204)
4(2170 2169 2214 2202)
4(2216 1851 1852 2142)
4(2216 2142 2143 2202)
4(1842 1851 2216 2202)
4(1852 1843 2143 2142)
4(2141 2140 2216 2142)
4(2137 2142 2216 2171)
4(2134 2171 2216 2140)
4(2141 2142 2137 2139)
4(2134 2140 2141 2139)
4(2143 2142 2137 2172)
4(1350 2142 2143 1349)
4(2137 2142 1350 1348)
4(1346 1348 1350 1349)
4(1832 2140 2216 1851)
4(1832 1853 2141 2140)
4(2141 1853 1852 2142)
4(2170 2202 2216 2171)
4(2222 2169 319 320)
4(2168 2169 2222 2221)
4(2222 320 2186 2171)
4(2132 2135 2186 320)
4(2134 2131 2222 2171)
4(2134 2135 2132 2131)
4(319 320 2186 2183)
4(2170 2171 2222 2169)
4(315 320 2186 297)
4(315 316 2132 320)
4(300 2133 2132 316)
4(226 316 2132 2135)
4(2214 2169 2222 2220)
4(2214 2220 2223 2204)
4(2216 2220 2222 2171)
4(2216 2140 2224 2220)
4(2216 2220 2214 2202)
4(1854 2220 2214 1849)
4(2216 2220 1854 1851)
4(1854 1828 2223 2220)
4(1854 2220 2224 1833)
4(2226 2144 2146 2149)
4(2145 2225 2148 2147)
4(2228 2150 2151 2157)
4(2152 2153 2158 2227)
4(2229 2159 2156 2154)
4(1799 1805 2141 1853)
4(1326 1853 2141 1351)
4(2141 1805 1352 1351)
4(1352 1805 1799 1327)
4(1326 1351 1352 1327)
4(2141 2140 1801 1805)
4(1801 1800 1799 1805)
4(1852 2142 1350 1334)
4(1350 2142 2141 1351)
4(1326 1334 1350 1351)
4(1323 1349 1350 1334)
4(2134 2135 1807 1804)
4(226 227 1807 2135)
5(1803 1806 229 228 1794)
4(229 1806 1807 227)
4(1803 1804 1807 1806)
4(1353 1354 2138 2139)
4(2138 1354 1347 2136)
4(1353 2139 2137 1348)
4(1353 1348 1347 1354)
4(1355 1354 2138 1808)
4(2138 2139 1809 1808)
4(1353 1356 1809 2139)
4(1809 1356 1355 1808)
4(1353 1354 1355 1356)
4(2138 1808 225 223)
4(222 1354 2138 223)
4(225 1808 1355 224)
4(222 224 1355 1354)
4(2138 2135 1807 1808)
4(2134 2139 1809 1804)
4(1809 1808 1807 1804)
4(1807 1808 225 227)
4(222 1354 1347 219)
4(1353 1351 2141 2139)
4(1809 2139 2141 1805)
4(1352 1356 1809 1805)
4(1353 1356 1352 1351)
4(1353 1351 1350 1348)
4(1801 1805 1809 1804)
4(2232 2231 1797 1798)
4(1797 2231 2230 1795)
4(1796 1802 2232 1798)
4(1796 1795 2230 1802)
4(2230 2231 2232 1802)
4(1357 1339 1797 2231)
4(1450 2231 1797 1418)
4(1357 2231 1450 1254)
4(1247 1339 1357 1254)
4(1340 1798 2232 1358)
4(1357 1358 2232 2231)
4(1340 1358 1357 1339)
4(1411 1451 2230 1795)
4(1450 2231 2230 1451)
4(1799 1805 2232 1798)
4(2232 1805 1801 1802)
4(1352 1805 2232 1358)
4(1340 1327 1352 1358)
4(229 230 235 1806)
4(1452 2233 235 216)
4(1803 1806 235 2233)
5(1447 1794 1803 2233 1452)
4(231 1360 2236 232)
4(234 236 1359 233)
4(2236 1360 1359 236)
4(2236 236 234 232)
4(231 233 1359 1360)
4(1355 1360 2236 1808)
4(225 1808 2236 232)
4(231 1360 1355 224)
4(217 236 1359 1257)
4(204 1257 1359 233)
4(1359 236 2234 1362)
4(2234 236 2236 2235)
4(1361 2235 2236 1360)
4(1361 1362 2234 2235)
4(1361 1360 1359 1362)
4(2234 1453 217 236)
4(1268 1453 2234 1362)
4(1268 1362 1359 1257)
4(2236 236 235 1806)
4(229 232 2236 1806)
4(2234 2233 235 236)
4(1452 2233 2234 1453)
4(1803 1806 2236 2235)
4(1803 2235 2234 2233)
4(2236 1808 1809 2235)
4(1361 2235 1809 1356)
4(1361 1356 1355 1360)
4(1807 1808 2236 1806)
4(1803 1804 1809 2235)
4(1452 1451 2230 2233)
4(1803 2233 2230 1802)
4(1450 1453 2234 2231)
4(2234 1362 1357 2231)
4(1268 1254 1357 1362)
4(2234 2231 2230 2233)
4(2234 2235 2232 2231)
4(1361 1358 2232 2235)
4(1361 1362 1357 1358)
4(1803 2235 2232 1802)
4(1809 1805 2232 2235)
4(1361 1358 1352 1356)
4(2462 2260 2245 2255)
4(2462 2259 2258 2260)
4(2462 2255 2253 2259)
4(2253 2255 2245 2256)
4(2253 2256 2258 2259)
4(2245 2260 2258 2256)
4(2464 2244 2243 2408)
4(2464 2255 2245 2244)
4(2257 2408 2243 2246)
4(2257 2255 2464 2408)
4(2243 2244 2245 2246)
4(2257 2246 2245 2255)
4(2239 2238 2464 2244)
4(2237 2240 2243 2408)
4(2237 2408 2464 2238)
4(2237 2238 2239 2240)
4(2243 2240 2239 2244)
4(2464 2244 2261 2463)
4(2241 2463 2261 2242)
4(2241 2238 2464 2463)
4(2241 2242 2239 2238)
4(2261 2244 2239 2242)
4(2462 2260 2261 2463)
4(2462 2463 2464 2255)
4(2245 2244 2261 2260)
4(2407 2408 2243 2250)
4(2257 2408 2407 2262)
4(2407 2250 2249 2262)
4(2249 2250 2243 2246)
4(2257 2262 2249 2246)
4(2407 2248 2247 2250)
4(2237 2248 2407 2408)
4(2237 2240 2247 2248)
4(2247 2240 2243 2250)
4(2253 2252 2265 2461)
4(2251 2254 2460 2264)
4(2460 2254 2253 2461)
4(2265 2264 2460 2461)
4(2251 2252 2253 2254)
4(2251 2264 2265 2252)
4(2257 2410 2465 2255)
4(2257 2252 2265 2410)
4(2265 2461 2465 2410)
4(2253 2255 2465 2461)
4(2257 2255 2253 2252)
4(2257 2410 2411 2408)
4(2465 2466 2411 2410)
4(2411 2466 2464 2408)
4(2464 2466 2465 2255)
4(2263 2266 2409 2262)
4(2257 2262 2409 2410)
4(2409 2266 2265 2410)
4(2257 2252 2263 2262)
4(2263 2252 2265 2266)
4(1330 2405 2409 2262)
4(2267 2266 2409 2405)
4(1330 1331 2267 2405)
4(2263 2266 2267 1331)
4(1330 2262 2263 1331)
4(2407 2262 2409 2412)
4(2411 2412 2409 2410)
4(2407 2412 2411 2408)
4(1330 1333 2407 2262)
4(2406 2405 2409 2412)
4(2407 1333 2406 2412)
4(1330 2405 2406 1333)
4(2407 1333 1341 2250)
4(1325 1333 2407 2248)
4(1325 2248 2247 1342)
4(1341 1342 2247 2250)
4(1330 1343 2249 2262)
4(1341 2250 2249 1343)
4(2270 2467 2272 2269)
4(2272 2467 2460 2264)
4(2270 2254 2460 2467)
4(2251 2254 2270 2269)
4(2251 2269 2272 2264)
4(2421 2467 2272 2273)
4(2270 2467 2421 2271)
4(2268 2271 2421 2273)
4(2268 2269 2270 2271)
4(2268 2273 2272 2269)
4(2241 2242 2285 2492)
4(1070 2492 2285 1071)
5(2274 2241 2492 1070 1069)
5(2274 1068 1067 2242 2241)
4(1065 1071 2285 1066)
4(1067 1066 2285 2242)
5(1064 1065 1066 1067 1068)
5(1064 1069 1070 1071 1065)
4(2490 2476 2286 2282)
4(2490 2282 2258 2259)
4(2276 2476 2490 2259)
4(2276 2277 2286 2476)
4(2276 2259 2258 2277)
4(2258 2282 2286 2277)
4(2490 2282 1074 1073)
4(2283 2282 2490 2491)
4(1072 1075 2283 2491)
4(1072 2491 2490 1073)
4(1074 2282 2283 1075)
4(1072 1073 1074 1075)
4(1076 1073 2490 2476)
4(1076 2476 2286 1077)
4(1074 1077 2286 2282)
4(1076 1077 1074 1073)
4(2462 2491 2283 2260)
4(2462 2259 2490 2491)
4(2283 2282 2258 2260)
4(2493 2463 2261 2284)
4(2493 2284 2285 2492)
4(2241 2463 2493 2492)
4(2285 2284 2261 2242)
4(2493 2284 2283 2491)
4(1078 2284 2493 1079)
4(1072 1079 2493 2491)
4(2283 2284 1078 1075)
4(1072 1075 1078 1079)
4(2462 2491 2493 2463)
4(2261 2284 2283 2260)
4(1070 2492 2493 1079)
4(1078 2284 2285 1071)
4(1070 1079 1078 1071)
4(2480 2496 2499 2481)
5(1080 1082 2496 2480 2482)
4(1082 1081 2499 2496)
4(100 103 2499 1081)
4(104 2481 2499 103)
5(2480 2481 104 105 2482)
5(1080 106 100 1081 1082)
4(2480 2496 2500 2483)
4(2500 2496 2499 2494)
4(2484 2483 2500 2494)
4(2484 2494 2499 2481)
4(2480 2483 2484 2481)
4(2480 2496 2502 2485)
4(2502 2496 2500 2495)
4(2486 2495 2500 2483)
4(2486 2485 2502 2495)
4(2480 2485 2486 2483)
4(1082 2496 2502 1091)
4(2241 2492 2502 2485)
4(1070 1091 2502 2492)
5(2274 2241 2485 2480 2482)
5(1080 1082 1091 1070 1069)
4(1085 1084 2498 2469)
4(2498 2497 2468 2469)
4(1083 2497 2498 1084)
4(1083 1086 2468 2497)
4(2468 1086 1085 2469)
4(1083 1084 1085 1086)
4(2498 2469 98 99)
4(96 1084 2498 99)
4(98 2469 1085 97)
4(96 97 1085 1084)
4(2498 2488 2470 2469)
4(2487 2488 2498 2497)
4(2487 2497 2468 2471)
4(2487 2471 2470 2488)
4(2468 2469 2470 2471)
4(107 99 2498 2488)
4(107 2488 2470 108)
4(2470 2469 98 108)
4(1088 1087 2500 2494)
4(2498 1084 1088 2494)
4(2500 2497 2498 2494)
4(1083 2497 2500 1087)
4(1083 1087 1088 1084)
4(2499 2494 1088 1081)
4(1082 1087 2500 2496)
4(1082 1081 1088 1087)
4(1088 101 102 2494)
4(102 103 2499 2494)
4(100 101 1088 1081)
4(102 2494 2498 99)
4(96 1084 1088 101)
4(2498 2494 2484 2488)
4(2487 2483 2500 2497)
4(2487 2488 2484 2483)
4(2484 2494 102 109)
4(104 2481 2484 109)
4(107 109 2484 2488)
4(2468 2497 2501 2473)
4(2501 1090 1089 2473)
4(1083 1090 2501 2497)
4(1089 1086 2468 2473)
4(1083 1086 1089 1090)
4(2472 2489 2501 2473)
4(2487 2497 2501 2489)
4(2487 2489 2472 2471)
4(2472 2473 2468 2471)
4(2490 2473 2474 2476)
4(2472 2473 2490 2259)
4(2276 2475 2472 2259)
4(2474 2473 2472 2475)
4(2276 2476 2474 2475)
4(2490 1073 1089 2473)
4(2490 2473 2501 2491)
4(1072 2491 2501 1090)
4(1072 1090 1089 1073)
4(1089 2473 2474 1093)
4(1076 1093 2474 2476)
4(1076 1073 1089 1093)
4(2462 2489 2501 2491)
4(2462 2259 2472 2489)
4(2500 1087 1092 2495)
4(2501 2497 2500 2495)
4(1092 1090 2501 2495)
4(1083 1090 1092 1087)
4(1092 2495 2502 1091)
4(1082 1087 1092 1091)
4(2486 2495 2501 2489)
4(2487 2483 2486 2489)
4(2493 2495 2486 2463)
4(2502 2495 2493 2492)
4(2241 2463 2486 2485)
4(2493 2491 2501 2495)
4(2493 2495 1092 1079)
4(1072 1079 1092 1090)
4(2462 2489 2486 2463)
4(1070 1091 1092 1079)
4(2413 2416 2507 2504)
4(2413 2504 2508 2414)
4(2508 2503 2415 2414)
4(2508 2504 2507 2503)
4(2415 2503 2507 2416)
4(2413 2414 2415 2416)
5(2417 2482 2480 2504 2413)
4(2480 2481 2507 2504)
4(104 110 2507 2481)
4(111 2416 2507 110)
5(2417 2413 2416 111 112)
4(2413 2418 2509 2504)
4(2237 2238 2509 2418)
4(2480 2504 2509 2485)
4(2241 2485 2509 2238)
5(2417 2275 2237 2418 2413)
5(2237 2275 2274 2241 2238)
4(2411 2466 2508 2414)
4(2411 2418 2509 2466)
4(2508 2466 2509 2504)
4(2413 2418 2411 2414)
4(2477 2505 2506 2478)
4(2506 2420 2362 2478)
4(2419 2420 2506 2505)
4(2419 2505 2477 2363)
4(2362 2363 2477 2478)
4(2419 2363 2362 2420)
4(2506 2478 2470 2488)
4(2487 2505 2506 2488)
4(2487 2471 2477 2505)
4(2477 2471 2470 2478)
4(2506 116 117 2478)
4(114 116 2506 2420)
4(2362 2478 117 118)
4(114 2420 2362 118)
4(107 2488 2506 116)
4(2470 108 117 2478)
4(2506 2505 2508 2503)
4(2415 2420 2506 2503)
4(2419 2414 2508 2505)
4(2419 2420 2415 2414)
4(2508 2483 2484 2503)
4(2484 2481 2507 2503)
4(2480 2483 2508 2504)
4(2484 2503 2506 2488)
4(2487 2505 2508 2483)
4(2484 109 113 2503)
4(2507 2503 113 110)
4(113 116 2506 2503)
4(113 2503 2415 115)
4(114 115 2415 2420)
4(111 2416 2415 115)
4(2465 2505 2477 2461)
4(2419 2505 2465 2410)
4(2477 2363 2265 2461)
4(2419 2410 2265 2363)
4(2465 2489 2472 2461)
4(2487 2489 2465 2505)
4(2477 2461 2472 2471)
4(2253 2461 2472 2259)
4(2276 2475 2460 2254)
4(2472 2461 2460 2475)
4(2276 2254 2253 2259)
4(2462 2255 2465 2489)
4(2508 2505 2465 2466)
4(2419 2414 2411 2410)
4(2464 2238 2509 2466)
4(2237 2408 2411 2418)
4(2508 2466 2486 2483)
4(2509 2485 2486 2466)
4(2486 2489 2465 2466)
4(2486 2466 2464 2463)
4(2479 2422 2287 2288)
4(2280 2279 2479 2288)
4(2278 2422 2479 2279)
4(2278 2281 2287 2422)
4(2278 2279 2280 2281)
4(2287 2281 2280 2288)
4(2479 1095 1098 2288)
4(1096 1095 2479 2422)
4(1096 2422 2287 1097)
4(2287 2288 1098 1097)
4(1096 1097 1098 1095)
4(2479 2288 2286 2476)
4(2276 2279 2479 2476)
4(2276 2277 2280 2279)
4(2286 2288 2280 2277)
4(1076 2476 2479 1095)
4(2286 1077 1098 2288)
4(1076 1095 1098 1077)
4(2510 2513 2519 2518)
4(2510 2518 2515 2511)
4(2515 2518 2519 2516)
4(2519 2513 2512 2516)
4(2515 2516 2512 2511)
4(2510 2511 2512 2513)
4(2510 2471 2468 2518)
4(2519 2518 2468 2469)
4(2470 2513 2519 2469)
4(2510 2513 2470 2471)
4(2510 2475 2474 2518)
4(2474 2473 2468 2518)
4(2510 2471 2472 2475)
4(2474 2518 2515 2517)
4(2514 2475 2474 2517)
4(2515 2511 2514 2517)
4(2510 2475 2514 2511)
4(1102 1101 2519 2516)
4(1100 2518 2519 1101)
4(1100 1103 2515 2518)
4(1102 2516 2515 1103)
4(1100 1101 1102 1103)
4(2 120 2519 2516)
4(119 1101 2519 120)
4(1102 3 2 2516)
4(119 3 1102 1101)
4(121 120 2519 2513)
4(2512 2516 2 5)
4(121 2513 2512 5)
4(1085 2469 2519 1101)
4(1100 2518 2468 1086)
4(1100 1086 1085 1101)
4(98 2469 2519 120)
4(119 1101 1085 97)
4(121 108 2470 2513)
4(1100 2518 2474 1093)
4(1100 1093 1089 1086)
4(1094 2517 2474 1093)
4(2515 2517 1094 1103)
4(1100 1103 1094 1093)
4(2479 2476 2474 2517)
4(2479 2517 2514 2279)
4(2276 2279 2514 2475)
4(2479 1095 1094 2517)
4(1076 1093 1094 1095)
4(2515 2516 2459 2458)
4(2459 2516 2512 2427)
4(2423 2511 2515 2458)
4(2423 2427 2512 2511)
4(2423 2458 2459 2427)
4(2459 1105 1102 2516)
4(1104 2458 2515 1103)
4(1104 1105 2459 2458)
4(1104 1103 1102 1105)
4(2 2516 2459 1)
4(0 1 2459 1105)
4(0 1105 1102 3)
4(4 5 2512 2427)
4(4 2427 2459 1)
4(2426 2517 2515 2458)
4(2426 2425 2514 2517)
4(2423 2511 2514 2425)
4(2423 2425 2426 2458)
4(1094 1099 2426 2517)
4(1104 2458 2426 1099)
4(1104 1099 1094 1103)
4(2479 2517 2426 2422)
4(2278 2425 2514 2279)
4(2278 2422 2426 2425)
4(1096 1099 2426 2422)
4(1096 1095 1094 1099)
4(2356 2359 2523 2424)
4(2523 2359 2358 2520)
4(2364 2424 2523 2520)
4(2358 2357 2364 2520)
4(2356 2424 2364 2357)
4(2356 2357 2358 2359)
4(2360 2363 2477 2521)
4(2360 2521 2522 2361)
4(2477 2478 2522 2521)
4(2362 2361 2522 2478)
4(2360 2361 2362 2363)
4(2272 2359 2523 2467)
4(2523 2424 2421 2467)
4(2356 2273 2421 2424)
4(2356 2359 2272 2273)
4(2360 2264 2460 2521)
4(2477 2521 2460 2461)
4(2360 2363 2265 2264)
4(2523 2521 2522 2520)
4(2522 2361 2358 2520)
4(2360 2521 2523 2359)
4(2360 2359 2358 2361)
4(2523 2511 2512 2520)
4(2512 2513 2522 2520)
4(2510 2521 2522 2513)
4(2510 2511 2523 2521)
4(2364 2427 2512 2520)
4(2423 2424 2523 2511)
4(2423 2427 2364 2424)
4(7 5 2512 2520)
4(7 2520 2364 6)
4(4 6 2364 2427)
4(2522 2520 7 122)
4(121 2513 2522 122)
4(7 2520 2358 238)
4(237 238 2358 2357)
4(237 2357 2364 6)
4(239 122 2522 2361)
4(239 2361 2358 238)
4(2522 2513 2470 2478)
4(2510 2521 2477 2471)
4(117 2478 2522 122)
4(239 118 2362 2361)
4(2460 2521 2523 2467)
4(2360 2264 2272 2359)
4(2514 2511 2523 2467)
4(2460 2475 2514 2467)
4(2510 2475 2460 2521)
4(2514 2425 2421 2467)
4(2423 2424 2421 2425)
4(2514 2279 2270 2467)
4(2278 2425 2421 2271)
4(2278 2271 2270 2279)
4(2276 2279 2270 2254)
4(2428 2289 1118 1117)
4(1096 2422 2428 1117)
4(2287 2289 2428 2422)
4(1118 2289 2287 1097)
4(1096 1117 1118 1097)
4(1119 2429 2290 1120)
4(1119 1117 2428 2429)
4(2428 2289 2290 2429)
4(1118 1120 2290 2289)
4(1119 1120 1118 1117)
4(1119 2429 2292 1121)
4(2292 2429 2290 2291)
4(1122 1121 2292 2291)
4(2290 1120 1122 2291)
4(1119 1121 1122 1120)
4(2294 2432 2531 2295)
4(1107 1125 2531 2526)
4(1124 2295 2531 1125)
4(2431 2526 2531 2432)
5(1106 1107 2526 2431 2433)
5(2431 2432 2294 2293 2433)
5(2293 2294 2295 1124 1123)
5(1106 1123 1124 1125 1107)
4(1109 1127 2532 2524)
4(2532 1127 1126 2530)
4(1126 1112 2525 2530)
4(2525 2524 2532 2530)
4(1109 2524 2525 1112)
4(1109 1112 1126 1127)
4(1128 1127 2532 2443)
4(2532 2524 2527 2443)
4(2527 1113 1128 2443)
4(1109 1113 2527 2524)
4(1109 1127 1128 1113)
4(2297 2530 2531 2295)
4(2297 2296 2435 2530)
4(2531 2530 2435 2432)
4(2294 2432 2435 2296)
4(2294 2296 2297 2295)
4(1126 2530 2297 1130)
4(2297 2530 2532 2298)
4(1129 2298 2532 1127)
4(1129 1130 2297 2298)
4(1129 1127 1126 1130)
4(1126 1125 2531 2530)
4(2525 2530 2531 2526)
4(1107 1112 2525 2526)
4(1107 1125 1126 1112)
4(2532 2530 2435 2437)
4(2435 2530 2525 2438)
4(2436 2524 2532 2437)
4(2436 2438 2525 2524)
4(2436 2437 2435 2438)
4(1124 2295 2297 1130)
4(1124 1130 1126 1125)
4(2299 2437 2532 2298)
4(2299 2296 2435 2437)
4(2299 2298 2297 2296)
4(2431 2526 2525 2438)
4(2431 2438 2435 2432)
4(2532 2443 2292 2298)
4(2292 2443 1128 1121)
4(1129 2298 2292 1121)
4(1129 1121 1128 1127)
4(2532 2437 2440 2443)
4(2527 2443 2440 2439)
4(2436 2524 2527 2439)
4(2436 2439 2440 2437)
4(2444 1131 1128 2443)
4(2527 2528 2444 2443)
4(1115 1131 2444 2528)
4(1115 2528 2527 1113)
4(1115 1113 1128 1131)
4(2299 2430 2292 2298)
4(2299 2437 2440 2430)
4(2292 2430 2440 2443)
4(1119 2429 2444 1131)
4(2444 2429 2292 2443)
4(1119 1131 1128 1121)
4(2441 2528 2444 2442)
4(2441 2439 2527 2528)
4(2441 2442 2440 2439)
4(2440 2442 2444 2443)
4(2423 2458 2534 2445)
4(2459 2533 2534 2458)
4(2534 2533 2446 2445)
4(2446 2533 2459 2427)
4(2423 2445 2446 2427)
4(2534 2448 2426 2458)
4(2534 2445 2447 2448)
4(2423 2425 2447 2445)
4(2426 2448 2447 2425)
4(2534 1134 1133 2533)
4(1133 1105 2459 2533)
4(1104 1134 2534 2458)
4(1104 1105 1133 1134)
4(2529 2533 2534 2528)
4(2529 1116 1133 2533)
4(1115 2528 2534 1134)
4(1115 1116 2529 2528)
4(1115 1134 1133 1116)
4(2446 2449 2529 2533)
4(2441 2445 2534 2528)
4(2441 2528 2529 2449)
4(2441 2449 2446 2445)
4(24 1 2459 2533)
4(24 2533 1133 25)
4(0 25 1133 1105)
4(24 26 2446 2533)
4(4 2427 2446 26)
4(2529 2533 24 23)
4(27 26 2446 2449)
4(27 2449 2529 23)
4(22 23 2529 1116)
4(22 1116 1133 25)
4(2426 1099 1132 2448)
4(1132 1134 2534 2448)
4(1104 1134 1132 1099)
4(2428 1117 1132 2448)
4(2428 2448 2426 2422)
4(1096 1099 1132 1117)
4(2444 2528 2534 2448)
4(2444 2448 1132 1131)
4(1115 1131 1132 1134)
4(2441 2445 2447 2442)
4(2444 2442 2447 2448)
4(2444 2448 2428 2429)
4(1119 1117 1132 1131)
5(8 2433 2431 2451 9)
4(240 243 2450 2366)
4(9 2451 2450 243)
5(2365 2367 2434 2431 2433)
4(2367 2366 2450 2434)
4(2431 2434 2450 2451)
5(2365 244 240 2366 2367)
4(9 10 2537 2451)
4(1107 2526 2537 1108)
4(11 1108 2537 10)
4(2431 2451 2537 2526)
5(1106 1107 1108 11 12)
4(2368 241 242 2452)
4(242 243 2450 2452)
4(2368 2452 2450 2366)
4(240 241 2368 2366)
4(1109 2524 2538 1110)
4(1111 1110 2538 2535)
4(2525 1112 1111 2535)
4(2538 2524 2525 2535)
4(1109 1110 1111 1112)
4(2538 1110 1114 2536)
4(2527 2524 2538 2536)
4(1114 1113 2527 2536)
4(1109 1113 1114 1110)
4(2453 245 242 2452)
4(246 245 2453 2369)
4(2453 2452 2368 2369)
4(246 2369 2368 241)
4(2454 2452 242 13)
4(9 2451 2454 13)
4(2450 2452 2454 2451)
4(18 13 2454 2455)
4(18 2455 2453 245)
4(2453 2455 2454 2452)
4(14 10 2537 2535)
4(14 2535 2454 13)
4(2454 2535 2537 2451)
4(14 2535 1111 16)
4(2538 2535 14 17)
4(15 1110 2538 17)
4(15 16 1111 1110)
4(1111 2535 2537 1108)
4(2537 2535 2525 2526)
4(1107 1112 1111 1108)
4(2538 2455 2454 2535)
4(2525 2535 2454 2438)
4(2436 2455 2538 2524)
4(2436 2438 2454 2455)
4(11 1108 1111 16)
4(18 17 2538 2455)
4(2431 2451 2454 2438)
4(27 249 2370 2449)
4(2446 2371 28 26)
4(2370 2371 2446 2449)
4(2370 249 28 2371)
4(248 245 2453 2456)
4(248 2456 2372 247)
4(2372 2456 2453 2369)
4(246 247 2372 2369)
4(2457 21 248 2456)
4(27 21 2457 2449)
4(2370 2456 248 249)
4(2457 2456 2370 2449)
4(18 2455 2457 21)
4(2457 2455 2453 2456)
4(19 21 2457 2536)
4(2529 23 19 2536)
4(2529 2536 2457 2449)
4(19 2536 2538 17)
4(1114 2536 19 20)
4(15 1110 1114 20)
4(2538 2536 2457 2455)
4(2457 2536 2527 2439)
4(2436 2455 2457 2439)
4(2529 2536 1114 1116)
4(2527 2536 2529 2528)
4(1115 1116 1114 1113)
4(22 20 1114 1116)
4(2441 2439 2457 2449)
4(2446 2371 2364 2427)
4(28 6 2364 2371)
4(2372 2373 2370 2456)
4(250 249 2370 2373)
4(250 2373 2372 247)
4(2428 2308 2307 2289)
4(2278 2308 2428 2422)
4(2307 2281 2287 2289)
4(2278 2281 2307 2308)
4(2539 2309 2290 2429)
4(2539 2308 2307 2309)
4(2539 2429 2428 2308)
4(2290 2309 2307 2289)
4(2310 2291 2292 2430)
4(2539 2309 2310 2430)
4(2539 2430 2292 2429)
4(2290 2291 2310 2309)
4(2299 2430 2310 2305)
4(2299 2305 2306 2298)
4(2292 2298 2306 2291)
4(2310 2291 2306 2305)
4(2317 2312 2311 2318)
4(2315 2316 2317 2318)
4(2311 2312 2313 2314)
4(2315 2314 2313 2316)
4(2317 2316 2313 2312)
4(2315 2318 2311 2314)
4(2311 2320 2321 2312)
4(2321 2540 2317 2312)
4(2319 2318 2317 2540)
4(2319 2540 2321 2320)
4(2319 2320 2311 2318)
4(2268 2320 2321 2271)
4(2268 2271 2300 2301)
4(2300 2312 2311 2301)
4(2321 2312 2300 2271)
4(2268 2301 2311 2320)
4(2539 2540 2317 2309)
4(2539 2308 2321 2540)
4(2321 2308 2307 2312)
4(2317 2312 2307 2309)
4(2317 2330 2328 2318)
4(2317 2540 2541 2330)
4(2541 2329 2328 2330)
4(2319 2329 2541 2540)
4(2319 2318 2328 2329)
4(2315 2316 2326 2327)
4(2317 2330 2326 2316)
4(2315 2327 2328 2318)
4(2326 2330 2328 2327)
4(2539 2540 2541 2430)
4(2310 2430 2541 2330)
4(2317 2309 2310 2330)
4(2367 2434 2555 2542)
4(2334 2542 2555 2335)
4(2294 2335 2555 2432)
4(2431 2432 2555 2434)
5(2365 2367 2542 2334 2333)
5(2293 2333 2334 2335 2294)
4(2543 2554 2555 2542)
4(2552 2554 2543 2385)
4(2552 2434 2555 2554)
4(2367 2434 2552 2385)
4(2367 2385 2543 2542)
4(2340 2341 2556 2544)
4(2556 2546 2545 2544)
4(2541 2546 2556 2341)
4(2340 2329 2541 2341)
4(2340 2544 2545 2329)
4(2545 2546 2541 2329)
4(2543 2554 2337 2336)
4(2555 2335 2337 2554)
4(2334 2542 2543 2336)
4(2334 2336 2337 2335)
4(2543 2554 2556 2544)
4(2556 2554 2337 2341)
4(2340 2336 2543 2544)
4(2340 2341 2337 2336)
4(2556 2553 2552 2554)
4(2386 2553 2556 2544)
4(2386 2385 2552 2553)
4(2386 2544 2543 2385)
4(2337 2554 2435 2296)
4(2435 2554 2555 2432)
4(2294 2335 2337 2296)
4(2556 2437 2435 2554)
4(2552 2554 2435 2438)
4(2436 2437 2556 2553)
4(2436 2553 2552 2438)
4(2299 2341 2556 2437)
4(2299 2296 2337 2341)
4(2431 2438 2552 2434)
4(2548 2553 2556 2546)
4(2386 2553 2548 2387)
4(2545 2387 2548 2546)
4(2386 2387 2545 2544)
4(2541 2430 2440 2546)
4(2547 2546 2440 2442)
4(2539 2442 2440 2430)
4(2539 2540 2547 2442)
4(2547 2540 2541 2546)
4(2440 2437 2556 2546)
4(2548 2439 2440 2546)
4(2436 2439 2548 2553)
4(2299 2341 2541 2430)
4(2441 2442 2547 2549)
4(2441 2549 2548 2439)
4(2548 2549 2547 2546)
4(2539 2442 2444 2429)
4(2338 2330 2541 2341)
4(2328 2330 2338 2339)
4(2340 2339 2338 2341)
4(2340 2329 2328 2339)
4(2299 2341 2338 2305)
4(2310 2305 2338 2330)
4(2421 2425 2447 2550)
4(2551 2550 2447 2445)
4(2423 2424 2551 2445)
4(2421 2550 2551 2424)
4(2321 2308 2447 2550)
4(2278 2425 2447 2308)
4(2321 2550 2421 2271)
4(2278 2308 2321 2271)
4(2447 2442 2547 2550)
4(2441 2445 2551 2549)
4(2551 2550 2547 2549)
4(2539 2308 2447 2442)
4(2547 2550 2321 2540)
4(2447 2308 2428 2448)
4(2368 2452 2552 2385)
4(2552 2452 2450 2434)
4(2367 2366 2368 2385)
4(2552 2553 2453 2452)
4(2386 2369 2453 2553)
4(2386 2385 2368 2369)
4(2552 2438 2454 2452)
4(2436 2553 2453 2455)
4(2551 2445 2446 2371)
4(2551 2371 2364 2424)
4(2441 2449 2370 2549)
4(2551 2549 2370 2371)
4(2453 2553 2548 2456)
4(2548 2387 2372 2456)
4(2386 2369 2372 2387)
4(2548 2456 2457 2439)
4(2548 2456 2370 2549)
4(1238 1250 2324 2323)
4(1238 2323 2322 1244)
4(2322 2323 2324 2325)
4(1251 2325 2324 1250)
4(2322 2325 1251 1244)
4(2367 2542 2344 2390)
4(2334 2342 2344 2542)
4(2376 2390 2344 2343)
5(2365 2367 2390 2376 2375)
5(1229 2375 2376 2343 1230)
5(2334 2333 1229 1230 2342)
4(1230 2343 2344 2342)
4(2543 2542 2344 2347)
4(2543 2347 2391 2385)
4(2391 2347 2344 2390)
4(2367 2385 2391 2390)
4(2340 2544 2348 2346)
4(2331 2560 2545 2329)
4(2545 2560 2348 2544)
4(2331 2346 2348 2560)
4(2340 2346 2331 2329)
4(2547 2558 2545 2546)
4(2319 2329 2545 2558)
4(2319 2558 2547 2540)
4(2394 2558 2545 2387)
4(2394 2549 2547 2558)
4(2394 2387 2548 2549)
4(2345 2347 2543 2336)
4(2334 2342 2345 2336)
4(2345 2342 2344 2347)
4(2348 2347 2543 2544)
4(2348 2346 2345 2347)
4(2340 2336 2345 2346)
4(2391 2392 2348 2347)
4(2386 2544 2348 2392)
4(2386 2392 2391 2385)
4(2391 2378 2349 2347)
4(2377 2392 2348 2350)
4(2377 2378 2391 2392)
4(2377 2350 2349 2378)
4(2349 2350 2348 2347)
4(2376 2390 2391 2378)
4(2376 2378 2349 2343)
4(2344 2343 2349 2347)
4(2557 2560 2545 2558)
4(2557 2323 2331 2560)
4(2319 2323 2557 2558)
4(2319 2329 2331 2323)
4(2393 2387 2545 2560)
4(2348 2392 2393 2560)
4(2386 2387 2393 2392)
4(2393 2395 2557 2560)
4(2394 2558 2557 2395)
4(2394 2395 2393 2387)
4(2383 1241 2331 2560)
4(2557 2379 2383 2560)
4(1238 2323 2331 1241)
4(1238 2379 2557 2323)
4(1238 1241 2383 2379)
4(2383 2560 2348 2350)
4(2393 2560 2383 2384)
4(2377 2392 2393 2384)
4(2377 2384 2383 2350)
4(1237 1241 2331 2346)
4(1237 2350 2383 1241)
4(1237 2346 2348 2350)
4(2382 2395 2557 2379)
4(2382 2384 2393 2395)
4(2382 2379 2383 2384)
4(1252 2332 2331 1241)
4(2324 2323 2331 2332)
4(2324 2332 1252 1250)
4(1237 1253 2351 2346)
4(2331 2346 2351 2332)
4(1252 2332 2351 1253)
4(2559 2273 2421 2550)
4(2551 2397 2559 2550)
4(2356 2273 2559 2397)
4(2356 2397 2551 2424)
4(2559 2320 2321 2550)
4(2268 2320 2559 2273)
4(2559 2550 2547 2558)
4(2394 2549 2551 2397)
4(2394 2397 2559 2558)
4(2319 2558 2559 2320)
4(2394 2373 2370 2549)
4(2394 2387 2372 2373)
4(2559 2397 2396 2561)
4(2303 2273 2559 2561)
4(2396 2388 2303 2561)
4(2356 2273 2303 2388)
4(2356 2388 2396 2397)
4(2389 2397 2551 2371)
4(2364 2357 2389 2371)
4(2356 2397 2389 2357)
4(2389 2373 2370 2371)
4(2394 2373 2389 2397)
4(2557 2395 2396 2561)
4(2559 2558 2557 2561)
4(2394 2397 2396 2395)
4(2557 2561 2374 2379)
4(2322 2561 2557 2323)
4(2374 2561 2322 1244)
4(1238 2379 2374 1244)
4(2559 2561 2322 2320)
4(2303 2302 2322 2561)
4(2268 2302 2303 2273)
4(2268 2320 2322 2302)
4(2374 2561 2396 2381)
4(2303 2561 2374 2304)
4(2380 2388 2303 2304)
4(2380 2381 2396 2388)
4(2380 2304 2374 2381)
4(2382 2395 2396 2381)
4(2382 2381 2374 2379)
4(2319 2323 2322 2320)
4(1249 1244 2374 2304)
4(1249 2304 2303 2302)
4(1249 2302 2322 1244)
4(2413 2575 2578 2416)
4(2413 2414 2579 2575)
4(2579 2574 2578 2575)
4(2415 2574 2579 2414)
4(2578 2574 2415 2416)
5(2417 2413 2575 2565 2564)
4(2565 2575 2578 2566)
4(252 2566 2578 251)
4(111 251 2578 2416)
5(253 2564 2565 2566 252)
4(2413 2575 2580 2418)
4(2565 2573 2580 2575)
4(2237 2418 2580 2248)
4(1325 2248 2580 2573)
5(2565 2564 1321 1325 2573)
5(1321 2275 2237 2248 1325)
4(2579 2575 2580 2412)
4(2579 2412 2411 2414)
4(2411 2412 2580 2418)
4(2577 2576 2398 2399)
4(2362 2420 2577 2399)
4(2419 2576 2577 2420)
4(2419 2363 2398 2576)
4(2398 2363 2362 2399)
4(2400 2399 2577 2567)
4(2562 2567 2577 2576)
4(2562 2576 2398 2401)
4(2562 2401 2400 2567)
4(2398 2399 2400 2401)
4(2577 2399 258 256)
4(114 2420 2577 256)
4(2362 118 258 2399)
4(257 256 2577 2567)
4(257 2567 2400 259)
4(258 259 2400 2399)
4(2568 2563 2579 2574)
4(2568 2574 2578 2566)
4(2565 2575 2579 2563)
4(2565 2563 2568 2566)
4(2579 2576 2577 2574)
4(2577 2420 2415 2574)
4(2419 2576 2579 2414)
4(2568 2567 2577 2574)
4(2562 2563 2579 2576)
4(2562 2567 2568 2563)
4(254 2574 2578 251)
4(2568 2574 254 255)
4(252 2566 2568 255)
4(254 115 2415 2574)
4(254 2574 2577 256)
4(257 255 2568 2567)
4(2398 2576 2409 2266)
4(2419 2410 2409 2576)
4(2265 2363 2398 2266)
4(2562 2576 2409 2405)
4(2562 2405 2267 2401)
4(2267 2266 2398 2401)
4(2406 2412 2579 2563)
4(2406 2573 2580 2412)
4(2565 2573 2406 2563)
4(2409 2576 2579 2412)
4(2562 2563 2406 2405)
4(2580 2248 2407 2412)
4(1325 1333 2406 2573)
4(1325 2573 2581 1324)
4(1346 1349 2581 2569)
4(1323 1324 2581 1349)
4(2565 2569 2581 2573)
5(1344 1346 2569 2565 2564)
4(2571 2402 1328 1329)
4(1326 1351 2571 1329)
4(1352 2402 2571 1351)
4(1328 2402 1352 1327)
4(1330 1329 2571 2405)
4(2267 2405 2571 2402)
4(2267 2402 1328 1331)
4(2406 2572 1332 1333)
4(1332 2572 2581 1324)
4(2406 2573 2581 2572)
4(1332 2572 2571 1329)
4(1350 2572 1332 1334)
4(2571 2572 1350 1351)
4(2581 2572 1350 1349)
4(2570 2572 2581 2569)
4(1346 1348 2570 2569)
4(1350 2572 2570 1348)
4(2406 2572 2571 2405)
4(2565 2569 2570 2563)
4(2406 2563 2570 2572)
4(218 1345 2585 263)
4(1346 2569 2585 1345)
4(252 263 2585 2566)
4(2565 2566 2585 2569)
4(1353 2582 2584 1354)
4(1347 1354 2584 2583)
4(2570 1348 1347 2583)
4(2584 2582 2570 2583)
4(1353 1348 2570 2582)
4(2584 1354 1355 2403)
4(2404 2582 2584 2403)
4(1353 2582 2404 1356)
4(1355 1356 2404 2403)
4(2584 261 264 2403)
4(222 261 2584 1354)
4(1355 2403 264 224)
4(2400 2567 2584 2403)
4(2562 2582 2584 2567)
4(2562 2401 2404 2582)
4(2400 2403 2404 2401)
4(257 2567 2584 261)
4(2400 259 264 2403)
4(260 2583 1347 219)
4(2584 2583 260 261)
4(1347 1345 2585 2583)
4(260 2583 2585 263)
4(2585 2583 2570 2569)
4(2568 255 260 2583)
4(2568 2583 2585 2566)
4(2568 2583 2584 2567)
4(2568 2563 2570 2583)
4(2562 2582 2570 2563)
4(1353 2582 2571 1351)
4(2571 2582 2404 2402)
4(2404 1356 1352 2402)
4(2570 2582 2571 2572)
4(2562 2405 2571 2582)
4(2404 2402 2267 2401)
4(2356 2388 2606 2359)
4(2606 2388 2601 2603)
4(2358 2359 2606 2603)
4(2601 2357 2358 2603)
4(2356 2357 2601 2388)
4(2586 2401 2398 2604)
4(2586 2604 2605 2590)
4(2398 2399 2605 2604)
4(2400 2590 2605 2399)
4(2586 2590 2400 2401)
4(2303 2388 2606 2355)
4(2606 2359 2272 2355)
4(2272 2273 2303 2355)
4(2586 2353 2352 2604)
4(2398 2604 2352 2266)
4(2586 2401 2267 2353)
4(2352 2353 2267 2266)
4(2591 2603 2606 2587)
4(2601 2603 2591 2588)
4(2380 2587 2606 2388)
4(2380 2388 2601 2588)
4(2380 2588 2591 2587)
4(2606 2604 2605 2603)
4(2605 2590 2591 2603)
4(2586 2604 2606 2587)
4(2586 2587 2591 2590)
4(2605 2603 2358 2361)
4(2360 2604 2605 2361)
4(2360 2359 2606 2604)
4(276 2603 2605 275)
4(2591 2603 276 277)
4(274 275 2605 2590)
4(274 2590 2591 277)
4(276 238 2358 2603)
4(276 2603 2601 278)
4(237 278 2601 2357)
4(239 2361 2605 275)
4(279 2588 2601 278)
4(279 277 2591 2588)
4(2605 2361 2362 2399)
4(2360 2604 2398 2363)
4(2605 2399 258 275)
4(274 259 2400 2590)
4(2354 2587 2606 2355)
4(2380 2587 2354 2304)
4(2303 2304 2354 2355)
4(2352 2604 2606 2355)
4(2586 2353 2354 2587)
4(2354 2353 2352 2355)
4(2360 2264 2352 2604)
4(2352 2264 2272 2355)
4(2265 2264 2352 2266)
4(237 2357 2389 280)
4(2389 2371 28 280)
4(2601 278 281 2602)
4(281 282 2589 2602)
4(2601 2602 2589 2588)
4(279 2588 2589 282)
4(2389 2602 2601 2357)
4(281 2602 2389 280)
4(240 2366 2609 267)
4(2367 2390 2609 2366)
4(266 267 2609 2592)
4(2376 2592 2609 2390)
5(2376 2375 265 266 2592)
4(2368 2366 2609 2607)
4(268 241 2368 2607)
4(2609 267 268 2607)
4(2394 2395 2610 2373)
4(2372 2373 2610 2608)
4(2372 2608 2393 2387)
4(2393 2608 2610 2395)
4(250 280 2389 2373)
4(2396 2397 2389 2602)
4(2601 2388 2396 2602)
4(2610 2373 2389 2602)
4(2610 2602 2396 2395)
4(2610 283 281 2602)
4(250 283 2610 2373)
4(2589 2602 2610 2595)
4(284 2595 2610 283)
4(284 282 2589 2595)
4(2589 2381 2396 2602)
4(2380 2381 2589 2588)
4(2382 2395 2610 2595)
4(2382 2595 2589 2381)
4(2391 2607 2368 2385)
4(2391 2390 2609 2607)
4(2368 2607 2611 2369)
4(2611 2607 268 269)
4(246 2369 2611 269)
4(2611 2392 2391 2607)
4(2386 2392 2611 2369)
4(2593 2607 2609 2592)
4(268 2607 2593 270)
4(266 270 2593 2592)
4(2391 2607 2593 2378)
4(2593 2607 2611 2594)
4(2377 2594 2611 2392)
4(2377 2378 2593 2594)
4(2376 2592 2593 2378)
4(271 269 2611 2594)
4(271 2594 2593 270)
4(272 2608 2372 247)
4(272 283 2610 2608)
4(2611 2608 2372 2369)
4(272 2608 2611 269)
4(2393 2392 2611 2608)
4(2610 2608 2596 2595)
4(2596 2608 272 273)
4(284 2595 2596 273)
4(2393 2384 2596 2608)
4(2596 2594 2611 2608)
4(2377 2594 2596 2384)
4(2382 2384 2596 2595)
4(271 273 2596 2594)
4(2598 2597 1245 1248)
4(1247 1254 2598 1248)
4(1255 2597 2598 1254)
4(1245 2597 1255 1246)
4(1249 1248 2598 2304)
4(2374 2597 1245 1244)
4(2374 2304 2598 2597)
4(2600 1336 1337 2599)
4(2354 2599 1337 1338)
4(1335 1336 2600 2353)
4(2354 2353 2600 2599)
4(1335 2353 2354 1338)
4(1337 1339 1357 2599)
4(1337 2599 2598 1248)
4(2598 2599 1357 1254)
4(1340 1358 2600 1336)
4(2600 1358 1357 2599)
4(2598 2304 2354 2599)
4(1249 1338 2354 2304)
4(1328 1336 2600 2402)
4(2267 2402 2600 2353)
4(1335 1331 2267 2353)
4(1352 1358 2600 2402)
4(2615 289 290 2616)
4(204 289 2615 1257)
4(2615 2616 1256 1257)
4(290 205 1256 2616)
4(279 2588 2615 289)
4(2589 282 290 2616)
4(2615 2588 2589 2616)
4(231 291 2618 1360)
4(1359 2617 292 233)
4(1359 1360 2618 2617)
4(2618 291 292 2617)
4(2618 1360 1355 2403)
4(264 291 2618 2403)
4(1359 2617 2615 1257)
4(2615 2617 292 289)
4(2612 2617 1359 1362)
4(2612 2614 2618 2617)
4(1361 1360 2618 2614)
4(1361 2614 2612 1362)
4(2615 2613 2612 2617)
4(1268 2613 2615 1257)
4(1268 1362 2612 2613)
4(2591 2617 2618 2590)
4(2591 277 292 2617)
4(274 2590 2618 291)
4(2612 2617 2591 2587)
4(2591 2617 2615 2588)
4(2380 2588 2615 2613)
4(2380 2613 2612 2587)
4(2586 2614 2618 2590)
4(2586 2587 2612 2614)
4(2404 2403 2618 2614)
4(1361 1356 2404 2614)
4(2400 2590 2618 2403)
4(2586 2614 2404 2401)
5(1258 2375 2376 2624 1259)
4(1230 1231 2626 2343)
4(1259 2624 2626 1265)
4(1227 1265 2626 1231)
4(2376 2343 2626 2624)
4(1261 2623 2627 1267)
4(1261 1264 2628 2623)
4(1266 1267 2627 2619)
4(2628 1264 1266 2619)
4(2627 2623 2628 2619)
4(1268 1269 2630 2613)
4(2598 2613 2630 2597)
4(2630 1269 1255 2597)
4(1268 2613 2598 1254)
4(1261 2623 2631 1271)
4(2627 1267 1270 2620)
4(2631 2623 2627 2620)
4(1270 1271 2631 2620)
4(266 2592 2632 293)
4(1259 1260 2632 2624)
4(211 293 2632 1260)
4(2376 2624 2632 2592)
4(1261 1262 2633 2623)
4(2633 1262 1263 2621)
4(1263 1264 2628 2621)
4(2628 2623 2633 2621)
4(2630 2613 2615 2616)
4(1256 1269 2630 2616)
4(1272 1262 2633 2622)
4(2633 2623 2631 2622)
4(2631 1271 1272 2622)
4(1233 1231 2626 2619)
4(1233 2619 2349 1232)
4(2349 2619 2626 2343)
4(1230 1232 2349 2343)
4(1266 1235 1233 2619)
4(2627 2619 1233 1236)
4(1234 1267 2627 1236)
4(1266 2619 2626 1265)
4(2626 2619 2628 2624)
4(1259 2624 2628 1264)
4(2349 2619 2627 2350)
4(2628 2619 2349 2378)
4(2377 2350 2627 2623)
4(2377 2623 2628 2378)
4(1237 1236 2627 2350)
4(1237 2350 2349 1232)
4(2376 2378 2628 2624)
4(1245 1239 2629 2597)
4(2374 2597 2629 2379)
4(1238 2379 2629 1239)
4(2630 2597 2374 2381)
4(2380 2613 2630 2381)
4(2380 2304 2598 2613)
4(2629 1274 1255 2597)
4(2630 2625 2629 2597)
4(1273 1274 2629 2625)
4(1273 2625 2630 1269)
4(1243 1239 2629 1274)
4(2382 2625 2629 2379)
4(2382 2381 2630 2625)
4(2383 2620 1240 1241)
4(1240 2620 2629 1239)
4(2629 2620 2383 2379)
4(1240 2620 2627 1236)
4(1270 2620 1240 1242)
4(2383 2350 2627 2620)
4(2383 2620 2631 2384)
4(2377 2384 2631 2623)
4(1270 1274 2629 2620)
4(2631 2620 2629 2625)
4(1273 1271 2631 2625)
4(2382 2625 2631 2384)
4(285 2621 2632 293)
4(2593 2592 2632 2621)
4(2593 2621 285 270)
4(1263 2621 285 215)
4(285 2621 2633 286)
4(199 286 2633 1262)
4(2632 2621 1263 1260)
4(2628 2621 2632 2624)
4(2593 2621 2628 2378)
4(2633 2621 2593 2594)
4(2377 2623 2633 2594)
4(271 2594 2633 286)
4(2589 2595 2634 2616)
4(290 2616 2634 288)
4(284 288 2634 2595)
4(2589 2616 2630 2381)
4(2634 2625 2630 2616)
4(2634 2616 1256 1275)
4(1273 2625 2634 1275)
4(2382 2595 2634 2625)
4(202 1275 2634 288)
4(2596 2622 2634 2595)
4(287 2622 2596 273)
4(287 288 2634 2622)
4(2633 2622 287 286)
4(1272 201 287 2622)
4(2596 2384 2631 2622)
4(2596 2622 2633 2594)
4(2634 2622 2631 2625)
4(1272 2622 2634 1275)
4(2612 2613 2598 2599)
4(1357 1362 2612 2599)
4(2354 2599 2612 2587)
4(2612 2599 2600 2614)
4(1361 2614 2600 1358)
4(2586 2353 2600 2614)
4(2600 2402 2404 2614)
4(2760 2773 2796 2774)
4(2796 2773 2808 2769)
4(2807 2774 2796 2769)
4(2808 2775 2807 2769)
4(2761 2778 2801 2777)
4(2761 2777 2794 2779)
4(2801 2770 2794 2777)
4(2809 2770 2801 2778)
4(2809 2779 2794 2770)
4(2762 2783 2802 2782)
5(2768 2767 2793 1067 1068)
6(2768 2763 2780 2762 2782 2767)
4(2762 2780 2795 2783)
4(2763 2784 2795 2780)
4(1137 2783 2795 1138)
4(1135 1138 2795 2784)
4(2767 2782 2802 2793)
4(1137 1136 2802 2783)
4(1067 2793 2802 1136)
6(1135 1068 1067 1136 1137 1138)
4(2762 2781 2804 2782)
4(2762 2783 2800 2781)
4(2804 2781 2800 2771)
4(2802 2782 2804 2771)
4(2800 2783 2802 2771)
4(2740 2743 2805 2786)
4(2740 2786 2799 2741)
4(2805 2256 2799 2786)
4(2742 2256 2805 2743)
4(2799 2256 2742 2741)
4(2740 2741 2742 2743)
5(2768 2767 2240 2237 2275)
4(2767 2793 2239 2240)
4(1067 2242 2239 2793)
4(2764 2246 2243 2788)
4(2764 2788 2803 2789)
4(2764 2789 2245 2246)
4(2803 2788 2243 2244)
4(2245 2789 2803 2244)
4(2811 2773 2796 2772)
4(2796 2774 2810 2772)
4(2810 2776 2811 2772)
4(2761 2714 2713 2777)
4(2801 2777 2713 2712)
4(2801 2712 2711 2778)
4(2711 2712 2713 2714)
4(2762 2782 2716 2715)
5(2768 1364 1365 2717 2767)
4(2762 2715 2806 2780)
4(2763 2780 2806 2785)
4(1367 1368 2806 2715)
4(1363 2785 2806 1368)
4(2767 2717 2716 2782)
4(1367 2715 2716 1366)
4(1365 1366 2716 2717)
4(2762 2781 2718 2715)
4(2718 2781 2804 2719)
4(2804 2782 2716 2719)
4(2716 2715 2718 2719)
4(2740 2729 2726 2786)
4(2726 2759 2805 2786)
4(2805 2759 2744 2743)
4(2726 2729 2744 2759)
4(2740 2743 2744 2729)
4(2767 2240 2247 2717)
4(1365 2717 2247 1342)
4(2764 2730 2732 2788)
4(2764 2246 2249 2730)
4(2243 2788 2732 2250)
4(2732 2730 2249 2250)
4(2796 2777 2794 2769)
4(2808 2769 2794 2779)
4(2761 2777 2796 2773)
4(2796 2780 2795 2769)
4(2795 2783 2794 2769)
4(2762 2777 2794 2783)
4(2762 2780 2796 2777)
4(2807 2784 2795 2769)
4(2763 2774 2796 2780)
4(1140 2769 2795 1138)
4(2794 2769 1140 1139)
4(1137 2783 2794 1139)
4(1137 1139 1140 1138)
4(2807 2769 1140 1142)
4(2808 1143 1140 2769)
4(1141 1142 1140 1143)
4(1135 1138 1140 1142)
4(1144 1139 2794 2779)
4(1144 1143 1140 1139)
4(2797 2752 2751 2790)
4(2797 2791 2753 2752)
4(2765 2754 2753 2791)
4(2765 2791 2797 2790)
4(2765 2790 2751 2754)
4(2751 2752 2753 2754)
4(2758 2792 2797 2752)
4(2766 2790 2797 2792)
4(2766 2757 2751 2790)
4(2751 2757 2758 2752)
4(2705 2752 2753 2699)
4(2746 2752 2705 2704)
4(2698 2699 2753 2745)
4(2753 2752 2746 2745)
4(2698 2745 2746 2704)
4(2698 2704 2705 2699)
4(2797 2752 2705 1154)
4(2758 2706 2705 2752)
4(1152 2792 2797 1154)
4(1152 1154 2705 2706)
4(1150 2791 2753 2699)
4(1150 1154 2797 2791)
4(1150 2699 2705 1154)
4(2758 2747 2746 2752)
4(2707 2704 2746 2747)
4(2707 2706 2705 2704)
4(2799 2756 2755 2786)
4(2799 2741 2749 2756)
4(2740 2786 2755 2748)
4(2755 2756 2749 2748)
4(2740 2748 2749 2741)
4(2755 2787 2798 2756)
4(2798 2789 2799 2756)
4(2764 2789 2798 2787)
4(2764 2786 2799 2789)
4(2764 2787 2755 2786)
4(2798 2756 2753 2791)
4(2765 2787 2798 2791)
4(2765 2754 2755 2787)
4(2753 2756 2755 2754)
4(2700 2699 2753 2756)
4(2700 2756 2749 2701)
4(2749 2756 2753 2745)
4(2698 2701 2749 2745)
4(2698 2699 2700 2701)
4(2700 2756 2798 1148)
4(2799 2756 2700 2702)
4(1147 1148 2798 2789)
4(1147 2789 2799 2702)
4(1147 2702 2700 1148)
4(1150 2791 2798 1148)
4(1150 1148 2700 2699)
4(2703 2702 2799 2741)
4(2703 2741 2749 2701)
4(2703 2701 2700 2702)
4(2801 2770 2800 2781)
4(2794 2783 2800 2770)
4(2762 2777 2801 2781)
4(2801 2770 2797 2790)
4(2800 2791 2797 2770)
4(2765 2791 2800 2781)
4(2765 2781 2801 2790)
4(2797 2792 2809 2770)
4(2766 2790 2801 2778)
4(1151 1146 2800 2770)
4(1151 2770 2794 1139)
4(1137 2783 2800 1146)
4(1137 1146 1151 1139)
4(1151 2770 2797 1154)
4(2809 2770 1151 1153)
4(1152 1153 1151 1154)
4(1150 1146 2800 2791)
4(1150 1154 1151 1146)
4(1144 1139 1151 1153)
4(2798 2787 2804 2771)
4(2804 2788 2803 2771)
4(2803 2789 2798 2771)
4(2764 2788 2804 2787)
4(2798 2791 2800 2771)
4(2765 2787 2804 2781)
4(2803 2771 2802 2793)
4(2767 2788 2803 2793)
4(2767 2782 2804 2788)
4(1145 2771 2800 1146)
4(1145 1136 2802 2771)
4(1137 1136 1145 1146)
4(2798 2771 1145 1148)
4(1145 2771 2803 1149)
4(1147 1149 2803 2789)
4(1147 1148 1145 1149)
4(1150 1146 1145 1148)
4(1067 2793 2803 1149)
4(1067 1149 1145 1136)
4(2245 2246 2805 2256)
4(2799 2789 2245 2256)
4(2764 2786 2805 2246)
4(2805 2252 2253 2256)
4(2253 2254 2742 2256)
4(2251 2252 2805 2743)
4(2251 2743 2742 2254)
4(2257 2246 2805 2252)
4(2258 2277 2742 2256)
4(2276 2254 2742 2277)
4(2258 2256 2799 2702)
4(1147 2789 2245 2260)
4(1147 2260 2258 2702)
4(2703 2277 2742 2741)
4(2703 2702 2258 2277)
4(2803 2793 2239 2244)
4(2767 2788 2243 2240)
4(2803 2244 2261 1149)
4(1147 1149 2261 2260)
4(1067 2242 2261 1149)
4(2713 2777 2796 2772)
4(2811 2714 2713 2772)
4(2806 2780 2796 2772)
4(2713 2715 2806 2772)
4(2762 2715 2713 2777)
4(2810 2772 2806 2785)
4(2806 2772 1370 1368)
4(1370 2772 2713 1369)
4(1367 1369 2713 2715)
4(1370 2772 2810 1372)
4(1370 1373 2811 2772)
4(1374 2714 2713 1369)
4(2751 2721 2720 2790)
4(2765 2723 2722 2754)
4(2765 2790 2720 2723)
4(2722 2721 2751 2754)
4(2720 2721 2722 2723)
4(2766 2724 2720 2790)
4(2725 2757 2751 2721)
4(2720 2724 2725 2721)
4(2755 2727 2726 2786)
4(2728 2727 2755 2748)
4(2740 2729 2728 2748)
4(2726 2727 2728 2729)
4(2731 2787 2755 2727)
4(2764 2787 2731 2730)
4(2764 2730 2726 2786)
4(2726 2730 2731 2727)
4(2765 2723 2731 2787)
4(2755 2727 2722 2754)
4(2731 2723 2722 2727)
4(2718 2712 2801 2781)
4(2718 2715 2713 2712)
4(2720 2712 2801 2790)
4(2765 2781 2718 2723)
4(2718 2712 2720 2723)
4(2711 2724 2720 2712)
4(2804 2787 2731 2719)
4(2732 2788 2804 2719)
4(2731 2730 2732 2719)
4(2731 2719 2718 2723)
4(2767 2717 2732 2788)
4(2732 2717 2716 2719)
4(2805 2246 2249 2759)
4(2249 2730 2726 2759)
4(2263 2252 2805 2759)
4(2251 2252 2263 2750)
4(2744 2750 2263 2759)
4(2251 2750 2744 2743)
4(2263 2262 2249 2759)
4(2732 2250 2247 2717)
4(2263 2750 2352 2266)
4(2251 2264 2352 2750)
4(1335 1331 2263 2750)
4(1335 2750 2352 2353)
4(1376 2759 2744 1375)
4(2263 2759 1376 1331)
4(1335 1375 2744 2750)
4(1376 1378 2726 2759)
4(1376 2759 2249 1343)
4(1377 1343 2249 2730)
4(1377 2730 2726 1378)
4(1379 2729 2744 1375)
4(1379 1378 2726 2729)
4(1341 2250 2732 1380)
4(1377 1380 2732 2730)
4(1365 2717 2732 1380)
4(2815 2745 2753 2754)
4(2815 2754 2751 2816)
4(2751 2752 2746 2816)
4(2815 2816 2746 2745)
4(2815 2748 2755 2754)
4(2815 2745 2749 2748)
4(2815 2754 2722 2734)
4(2751 2816 2733 2721)
4(2815 2734 2733 2816)
4(2733 2734 2722 2721)
4(2815 2748 2728 2734)
4(2722 2734 2728 2727)
4(2817 2816 2751 2757)
4(2817 2747 2746 2816)
4(2817 2816 2733 2735)
4(2725 2735 2733 2721)
4(2635 2638 2825 2822)
4(2825 2638 2637 2818)
4(2829 2822 2825 2818)
4(2637 2636 2829 2818)
4(2635 2636 2637 2638)
4(2639 2642 2826 2821)
4(2639 2821 2827 2640)
4(2641 2640 2827 2819)
4(2827 2821 2826 2819)
4(2826 2642 2641 2819)
4(2639 2640 2641 2642)
4(2639 2301 2828 2821)
4(2828 2301 2300 2820)
4(2826 2821 2828 2820)
4(2300 2642 2826 2820)
4(2639 2642 2300 2301)
4(2643 2638 2825 2737)
4(2825 2822 2736 2737)
4(2736 2644 2643 2737)
4(2635 2638 2643 2644)
4(2639 2821 2812 2645)
4(2646 2645 2812 2739)
4(2827 2640 2646 2739)
4(2812 2821 2827 2739)
4(2639 2645 2646 2640)
4(2647 2301 2828 2813)
4(2828 2821 2812 2813)
4(2812 2645 2647 2813)
4(2639 2301 2647 2645)
4(2825 2823 2824 2818)
4(2824 2649 2637 2818)
4(2648 2649 2824 2823)
4(2648 2823 2825 2638)
4(2648 2638 2637 2649)
4(2825 2816 2746 2818)
4(2746 2745 2824 2818)
4(2815 2823 2824 2745)
4(2815 2816 2825 2823)
4(2829 2747 2746 2818)
4(2817 2822 2825 2816)
4(2656 2651 2637 2818)
4(2824 2710 2656 2818)
4(2650 2710 2824 2649)
4(2650 2651 2656 2710)
4(2650 2649 2637 2651)
4(2829 2818 2656 2655)
4(2652 2651 2637 2636)
4(2652 2655 2656 2651)
4(2656 2818 2746 2704)
4(2698 2745 2824 2710)
4(2698 2710 2656 2704)
4(2707 2704 2656 2655)
4(2827 2819 2824 2823)
4(2641 2649 2824 2819)
4(2648 2640 2827 2823)
4(2648 2649 2641 2640)
4(2827 2819 2749 2748)
4(2824 2745 2749 2819)
4(2815 2823 2827 2748)
4(2826 2819 2749 2741)
4(2740 2821 2826 2741)
4(2740 2748 2827 2821)
4(2709 2819 2641 2653)
4(2709 2710 2824 2819)
4(2650 2710 2709 2653)
4(2650 2653 2641 2649)
4(2826 2708 2709 2819)
4(2654 2708 2826 2642)
4(2654 2653 2709 2708)
4(2654 2642 2641 2653)
4(2749 2819 2709 2701)
4(2698 2701 2709 2710)
4(2703 2741 2826 2708)
4(2703 2708 2709 2701)
4(2270 2820 2828 2269)
4(2270 2271 2300 2820)
4(2268 2269 2828 2301)
4(2828 2820 2742 2743)
4(2742 2820 2826 2741)
4(2740 2821 2828 2743)
4(2270 2820 2742 2254)
4(2251 2743 2828 2269)
4(2280 2820 2300 2281)
4(2280 2708 2826 2820)
4(2654 2708 2280 2281)
4(2654 2281 2300 2642)
4(2270 2279 2280 2820)
4(2278 2271 2300 2281)
4(2742 2277 2280 2820)
4(2703 2277 2280 2708)
4(2738 2823 2825 2737)
4(2648 2823 2738 2657)
4(2738 2737 2643 2657)
4(2648 2657 2643 2638)
4(2733 2816 2825 2737)
4(2815 2734 2738 2823)
4(2738 2734 2733 2737)
4(2736 2737 2733 2735)
4(2812 2739 1381 1382)
4(1276 2645 2812 1382)
4(1381 2739 2646 1279)
4(1276 1279 2646 2645)
4(2827 2823 2738 2739)
4(2646 2739 2738 2657)
4(2648 2640 2646 2657)
4(2728 2739 2827 2748)
4(2728 2734 2738 2739)
4(2812 2729 2728 2739)
4(2740 2729 2812 2821)
4(1379 1382 2812 2729)
4(1379 2729 2728 1383)
4(1381 1383 2728 2739)
4(2814 2269 2828 2813)
4(2268 2269 2814 2302)
4(2814 2813 2647 2302)
4(2268 2302 2647 2301)
4(2744 2813 2828 2743)
4(2744 2729 2812 2813)
4(2251 2750 2814 2269)
4(2814 2750 2744 2813)
4(2814 2269 2272 2355)
4(2352 2750 2814 2355)
4(2303 2355 2814 2302)
4(2814 2355 2354 1338)
4(1335 2750 2814 1338)
4(1249 1338 2814 2302)
4(2647 2813 1384 1292)
4(1384 2813 2812 1382)
4(1276 2645 2647 1292)
4(2814 2813 1384 1338)
4(1249 1292 2647 2302)
4(1384 1375 2744 2813)
4(1387 1388 2722 2721)
4(1387 2721 2733 1386)
4(1385 2734 2722 1388)
4(1385 1386 2733 2734)
4(1387 2721 2720 1390)
4(2725 2721 1387 1391)
4(1389 1390 2720 2724)
4(1392 1388 2722 2723)
4(1392 2723 2720 1390)
4(1393 2735 2733 1386)
4(1394 2727 2722 1388)
4(1394 1383 2728 2727)
4(1385 2734 2728 1383)
4(1394 1395 2731 2727)
4(1394 2727 2726 1378)
4(1377 2730 2731 1395)
4(1392 1395 2731 2723)
4(1397 2712 2718 1396)
4(2713 2712 1397 1369)
4(1367 1396 2718 2715)
4(1397 1390 2720 2712)
4(1397 2712 2711 1398)
4(1392 2723 2718 1396)
4(1399 1396 2718 2719)
4(1399 2719 2716 1366)
4(1399 2719 2731 1395)
4(2732 2719 1399 1380)
4(1401 2737 2738 1400)
4(2733 2737 1401 1386)
4(1385 1400 2738 2734)
4(1401 1304 2643 2737)
4(1401 2737 2736 1402)
4(1303 2644 2643 1304)
4(1306 2657 2738 1400)
4(1306 1304 2643 2657)
4(2738 2739 1381 1400)
4(1306 2657 2646 1279)
4(1155 1160 2840 1156)
4(1157 1156 2840 2837)
4(2840 1160 1159 2837)
4(1159 1158 1157 2837)
4(1155 1156 1157 1158)
4(1155 1158 1159 1160)
4(1163 1162 1166 2838)
4(2841 1164 1163 2838)
4(1166 1165 2841 2838)
4(1161 1162 1163 1164)
4(1161 1165 1166 1162)
4(1155 1160 2283 1075)
4(2840 1156 1074 2282)
4(2283 1160 2840 2282)
4(1155 1075 1074 1156)
4(1167 1160 2283 2284)
4(1078 1168 1167 2284)
4(1155 1160 1167 1168)
4(1155 1168 1078 1075)
4(2839 2837 2831 2830)
4(2839 2699 2700 2837)
4(2700 2701 2831 2837)
4(2698 2699 2839 2830)
4(2698 2830 2831 2701)
4(1157 1170 2831 2837)
4(2840 2837 2831 2836)
4(1169 1156 2840 2836)
4(1169 2836 2831 1170)
4(1169 1170 1157 1156)
4(1159 2837 2700 1148)
4(2840 2702 2700 2837)
4(1147 2702 2840 1160)
4(1147 1160 1159 1148)
4(1157 2837 2839 1172)
4(1159 1173 2839 2837)
4(1171 1172 2839 1173)
4(1171 1158 1157 1172)
4(1171 1173 1159 1158)
4(1174 2830 2839 1172)
4(1174 1170 2831 2830)
4(1174 1172 1157 1170)
4(1150 1173 2839 2699)
4(1150 1148 1159 1173)
4(2703 2836 2840 2702)
4(2703 2701 2831 2836)
4(2839 2830 2832 2838)
4(2839 2838 2705 2699)
4(2705 2838 2832 2704)
4(2698 2704 2832 2830)
4(2839 2838 1163 1172)
4(1166 2838 2839 1173)
4(1171 1172 1163 1162)
4(1171 1162 1166 1173)
4(1163 2838 2832 1176)
4(2832 2838 2841 2833)
4(1175 1176 2832 2833)
4(1175 1164 1163 1176)
4(1166 1154 2705 2838)
4(2841 2838 2705 2706)
4(1152 1154 1166 1165)
4(1174 2830 2832 1176)
4(1174 1176 1163 1172)
4(1150 1173 1166 1154)
4(2707 2833 2832 2704)
4(2286 2282 2840 2836)
4(1169 1077 2286 2836)
4(1169 1156 1074 1077)
4(2258 2702 2840 2282)
4(1147 2260 2283 1160)
4(2703 2836 2286 2277)
4(2261 2284 1167 1149)
4(1147 1149 1167 1160)
4(2285 1066 1167 2284)
4(1065 1168 1167 1066)
4(1065 1071 1078 1168)
4(1067 1066 1167 1149)
4(2654 2708 2842 2658)
4(2842 2288 2287 2658)
4(2842 2708 2280 2288)
4(2654 2658 2287 2281)
4(1179 2662 2834 1180)
4(1177 1180 2834 2659)
4(2834 2662 2660 2659)
4(1177 2659 2660 1178)
4(2660 2662 1179 1178)
4(1177 1178 1179 1180)
4(1179 1176 2832 2662)
4(2663 2662 2832 2833)
4(1179 2662 2663 1185)
4(1175 1176 1179 1185)
4(1174 2830 2834 1180)
4(2832 2662 2834 2830)
4(1174 1180 1179 1176)
4(2661 2835 2842 2658)
4(2842 2835 2709 2708)
4(2709 2835 2661 2653)
4(2654 2653 2661 2658)
4(1183 1182 2661 2835)
4(2842 1184 1183 2835)
4(1181 1184 2842 2658)
4(1181 2658 2661 1182)
4(1181 1182 1183 1184)
4(1183 1180 2834 2835)
4(2661 2835 2834 2659)
4(1177 1182 2661 2659)
4(1177 1180 1183 1182)
4(1183 2835 2831 1170)
4(2831 2835 2842 2836)
4(1169 2836 2842 1184)
4(1169 1184 1183 1170)
4(2831 2830 2834 2835)
4(1174 1170 1183 1180)
4(2703 2708 2842 2836)
4(2831 2835 2709 2701)
4(1098 1184 2842 2288)
4(1181 1097 2287 2658)
4(1181 1184 1098 1097)
4(2842 2288 2286 2836)
4(1169 1077 1098 1184)
4(2650 2659 2834 2710)
4(2656 2710 2834 2662)
4(2650 2651 2660 2659)
4(2660 2651 2656 2662)
4(2834 2710 2709 2835)
4(2650 2659 2661 2653)
4(2832 2662 2656 2704)
4(2698 2710 2834 2830)
4(2663 2662 2656 2655)
4(1187 1190 2690 2691)
4(1189 1188 2843 2845)
4(2690 1190 1189 2845)
4(2843 2691 2690 2845)
4(1187 2691 2843 1188)
4(1187 1188 1189 1190)
4(2858 2848 2856 2846)
4(2856 1194 1193 2846)
4(1193 1192 2858 2846)
4(1191 1192 1193 1194)
4(2668 2667 2852 2849)
4(1200 1199 2852 2844)
4(1198 2849 2852 1199)
4(2666 2844 2852 2667)
4(2668 2849 2854 2669)
4(1196 2850 2854 1197)
4(1198 1197 2854 2849)
4(2664 2669 2854 2850)
5(1195 1200 2844 2666 2665)
6(2664 2665 2666 2667 2668 2669)
6(1195 1196 1197 1198 1199 1200)
4(1201 2693 2694 1202)
4(1203 1202 2694 2847)
4(2857 1204 1203 2847)
4(2694 2693 2857 2847)
4(1201 1202 1203 1204)
4(1205 1190 2690 2689)
4(1187 1206 2688 2691)
4(2688 1206 1205 2689)
4(2690 2691 2688 2689)
4(1187 1190 1205 1206)
4(2694 1202 1208 2695)
4(2692 2693 2694 2695)
4(1208 1207 2692 2695)
4(1201 1207 1208 1202)
4(2853 2845 2852 2849)
4(2676 2845 2853 2677)
4(2676 2667 2852 2845)
4(2668 2677 2853 2849)
4(2668 2667 2676 2677)
4(1189 1199 2852 2845)
4(2843 2845 2852 2844)
4(1200 1188 2843 2844)
4(1200 1199 1189 1188)
4(1189 2845 2853 1210)
4(2690 2696 2853 2845)
4(1209 1210 2853 2696)
4(1209 2696 2690 1190)
4(1209 1190 1189 1210)
4(2690 2845 2676 2679)
4(2843 2680 2676 2845)
4(2678 2680 2843 2691)
4(2678 2691 2690 2679)
4(2678 2679 2676 2680)
4(1198 2849 2853 1210)
4(1198 1210 1189 1199)
4(2681 2696 2853 2677)
4(2681 2679 2690 2696)
4(2681 2677 2676 2679)
4(2666 2844 2843 2680)
4(2666 2680 2676 2667)
4(2855 2849 2854 2846)
4(2671 2846 2854 2669)
4(2855 2846 2671 2670)
4(2668 2849 2855 2670)
4(2668 2670 2671 2669)
4(2856 2846 2671 2673)
4(2858 2674 2671 2846)
4(2672 2673 2671 2674)
4(1193 2846 2854 1197)
4(2856 2850 2854 2846)
4(1196 1194 1193 1197)
4(1193 1212 2855 2846)
4(2858 2846 2855 2851)
4(1211 2851 2855 1212)
4(1211 1212 1193 1192)
4(1198 1212 2855 2849)
4(1198 1197 1193 1212)
4(2664 2669 2671 2673)
4(2675 2670 2855 2851)
4(2675 2674 2671 2670)
4(2853 2849 2855 2847)
4(2853 2847 2682 2677)
4(2682 2847 2855 2670)
4(2668 2677 2682 2670)
4(2853 2847 1203 1210)
4(2694 2847 2853 2696)
4(1209 1202 2694 2696)
4(1209 1210 1203 1202)
4(1203 2847 2855 1212)
4(2855 2847 2857 2851)
4(1211 1204 1203 1212)
4(2694 2685 2682 2847)
4(2857 2847 2682 2684)
4(2683 2685 2694 2693)
4(2683 2684 2682 2685)
4(1198 1212 1203 1210)
4(2681 2696 2694 2685)
4(2681 2685 2682 2677)
4(2675 2670 2682 2684)
4(1209 2696 2697 1213)
4(2697 2696 2690 2689)
4(1205 1213 2697 2689)
4(1209 1213 1205 1190)
4(2697 2695 2694 2696)
4(1208 2695 2697 1213)
4(1209 1202 1208 1213)
4(1187 2691 2306 1214)
4(2843 1188 1215 2859)
4(1215 1214 2306 2859)
4(2306 2691 2843 2859)
4(1187 1214 1215 1188)
4(2294 2295 2860 2686)
4(1200 2844 2860 1216)
4(2666 2686 2860 2844)
4(1124 1216 2860 2295)
5(2293 2294 2686 2666 2665)
5(1195 1200 1216 1124 1123)
4(2306 1214 1122 2291)
4(1122 1206 2688 2291)
4(2688 2691 2306 2291)
4(1187 1206 1122 1214)
4(2687 2859 2860 2686)
4(2297 2295 2860 2859)
4(2687 2296 2297 2859)
4(2294 2296 2687 2686)
4(2860 2859 2843 2844)
4(1215 2859 2860 1216)
4(1200 1188 1215 1216)
4(1215 1130 2297 2859)
4(2306 2859 2297 2298)
4(1129 1214 2306 2298)
4(1129 1130 1215 1214)
4(2687 2680 2843 2859)
4(2306 2305 2687 2859)
4(2678 2305 2306 2691)
4(2678 2680 2687 2305)
4(2666 2686 2687 2680)
4(1124 1216 1215 1130)
4(2299 2305 2687 2296)
4(1129 1214 1122 1121)
4(2654 2658 2912 2894)
4(2287 2289 2912 2658)
4(2912 2289 2307 2894)
4(2654 2894 2307 2281)
4(1218 2889 2660 1178)
4(1218 1217 2890 2889)
4(1177 2659 2890 1217)
4(2660 2889 2890 2659)
4(1177 1217 1218 1178)
4(2902 1219 1218 2889)
4(1186 2901 2660 1178)
4(2660 2901 2902 2889)
4(1186 1178 1218 1219)
4(1218 2889 2903 1221)
4(1220 1221 2903 2905)
4(2903 2889 2902 2905)
4(1220 1219 1218 1221)
4(1222 1217 2890 2904)
4(1222 2904 2903 1221)
4(2903 2904 2890 2889)
4(1222 1221 1218 1217)
4(2912 2891 2661 2658)
4(2912 2894 2892 2891)
4(2661 2891 2892 2653)
4(2654 2653 2892 2894)
4(2661 1182 1224 2891)
4(1224 1223 2912 2891)
4(1181 2658 2912 1223)
4(1181 1223 1224 1182)
4(1224 2891 2890 1217)
4(2890 2891 2661 2659)
4(1177 1182 1224 1217)
4(2910 2904 2890 2891)
4(2910 2891 2892 2906)
4(2895 2904 2910 2906)
4(2892 2891 2890 2893)
4(2895 2893 2890 2904)
4(2895 2906 2892 2893)
4(1224 1226 2910 2891)
4(2912 2891 2910 2911)
4(1225 1223 2912 2911)
4(1225 2911 2910 1226)
4(1225 1226 1224 1223)
4(1222 1226 2910 2904)
4(1222 1217 1224 1226)
4(2907 2911 2912 2894)
4(2907 2906 2910 2911)
4(2907 2894 2892 2906)
4(2912 1223 1118 2289)
4(1181 1097 1118 1223)
4(2290 2289 2912 2911)
4(1225 1120 2290 2911)
4(1225 1223 1118 1120)
4(2907 2911 2290 2309)
4(2907 2309 2307 2894)
4(2663 2901 2660 2662)
4(1186 1185 1179 1178)
4(2908 2898 2697 2689)
4(2910 2689 2697 2904)
4(2908 2689 2910 2906)
4(2895 2904 2697 2898)
4(2895 2898 2908 2906)
4(2910 1226 1205 2689)
4(2910 2689 2688 2911)
4(1225 2911 2688 1206)
4(1225 1206 1205 1226)
4(2908 2689 2690 2679)
4(2688 2689 2908 2909)
4(2678 2691 2688 2909)
4(2678 2909 2908 2679)
4(2681 2898 2697 2696)
4(2681 2679 2908 2898)
4(1222 1213 2697 2904)
4(1222 1226 1205 1213)
4(2907 2909 2688 2911)
4(2907 2906 2908 2909)
4(2897 2695 2697 2898)
4(2903 2904 2697 2695)
4(2903 2695 2897 2896)
4(2895 2896 2897 2898)
4(2895 2904 2903 2896)
4(2897 2685 2694 2695)
4(2897 2695 2692 2899)
4(2683 2685 2897 2899)
4(2903 2695 1208 1221)
4(2692 2695 2903 2905)
4(1220 1221 1208 1207)
4(2681 2898 2897 2685)
4(1222 1213 1208 1221)
4(2900 2899 2897 2896)
4(2900 2896 2903 2905)
4(2290 2911 2688 2291)
4(1225 1120 1122 1206)
4(2310 2909 2688 2291)
4(2907 2909 2310 2309)
4(2678 2305 2310 2909)
4(2635 2948 2957 2638)
4(2957 2948 2960 2945)
4(2637 2638 2957 2945)
4(2960 2636 2637 2945)
4(2944 2950 2958 2949)
4(2944 2949 2954 2951)
4(2958 2946 2954 2949)
4(2961 2946 2958 2950)
4(2961 2951 2954 2946)
4(2650 2893 2890 2659)
4(2650 2651 2955 2893)
4(2660 2889 2955 2651)
4(2890 2893 2955 2889)
4(2639 2314 2313 2642)
4(2639 2640 2959 2314)
4(2313 2314 2959 2947)
4(2959 2640 2641 2947)
4(2641 2642 2313 2947)
4(2650 2893 2892 2653)
4(2639 2314 2311 2301)
4(2313 2642 2300 2312)
4(2879 2948 2957 2880)
4(2957 2638 2643 2880)
4(2643 2644 2879 2880)
4(2639 2645 2917 2314)
4(2959 2314 2917 2882)
4(2917 2645 2646 2882)
4(2646 2640 2959 2882)
4(2944 2864 2863 2949)
4(2958 2949 2863 2862)
4(2958 2862 2861 2950)
4(2861 2862 2863 2864)
4(2315 2939 2870 2916)
4(2941 2871 2870 2939)
4(2914 2871 2941 2327)
4(2315 2327 2941 2939)
4(2315 2916 2914 2327)
4(2870 2871 2914 2916)
4(2917 2314 2311 2325)
4(2311 2301 2647 2325)
4(2647 2645 2917 2325)
4(2957 2949 2954 2945)
4(2960 2945 2954 2951)
4(2944 2949 2957 2948)
4(2957 2952 2956 2945)
4(2956 2937 2954 2945)
4(2934 2949 2954 2937)
4(2934 2937 2956 2952)
4(2934 2952 2957 2949)
4(2637 2649 2956 2945)
4(2648 2952 2956 2649)
4(2648 2638 2957 2952)
4(2637 2651 2955 2945)
4(2955 2893 2956 2945)
4(2650 2649 2956 2893)
4(2960 2953 2955 2945)
4(2652 2651 2955 2953)
4(2954 2945 2955 2896)
4(2895 2937 2954 2896)
4(2895 2896 2955 2893)
4(2895 2893 2956 2937)
4(2900 2896 2954 2951)
4(2900 2953 2955 2896)
4(2936 2935 2958 2946)
4(2954 2937 2936 2946)
4(2934 2949 2958 2935)
4(2934 2935 2936 2937)
4(2958 2933 2932 2946)
4(2932 2931 2961 2946)
4(2930 2933 2958 2950)
4(2930 2931 2932 2933)
4(2936 2942 2932 2946)
4(2943 2935 2958 2933)
4(2943 2933 2932 2942)
4(2943 2942 2936 2935)
4(2936 2946 2897 2898)
4(2897 2946 2954 2896)
4(2895 2937 2936 2898)
4(2897 2946 2932 2685)
4(2961 2946 2897 2899)
4(2683 2685 2932 2931)
4(2681 2942 2932 2685)
4(2681 2898 2936 2942)
4(2902 2889 2955 2953)
4(2652 2651 2660 2901)
4(2955 2889 2903 2896)
4(2959 2947 2938 2939)
4(2938 2947 2313 2316)
4(2315 2314 2959 2939)
4(2315 2939 2938 2316)
4(2959 2947 2956 2952)
4(2938 2937 2956 2947)
4(2934 2939 2959 2952)
4(2934 2937 2938 2939)
4(2641 2947 2956 2649)
4(2648 2952 2959 2640)
4(2641 2947 2892 2653)
4(2956 2893 2892 2947)
4(2313 2947 2892 2894)
4(2654 2642 2313 2894)
4(2938 2906 2892 2947)
4(2895 2906 2938 2937)
4(2907 2894 2313 2316)
4(2907 2316 2938 2906)
4(2300 2312 2307 2281)
4(2307 2312 2313 2894)
4(2907 2309 2317 2316)
4(2863 2949 2957 2880)
4(2879 2864 2863 2880)
4(2881 2952 2957 2880)
4(2934 2952 2881 2866)
4(2934 2866 2863 2949)
4(2863 2866 2881 2880)
4(2648 2657 2881 2952)
4(2643 2880 2881 2657)
4(2917 2882 2870 2916)
4(2870 2882 2959 2939)
4(2315 2314 2917 2916)
4(1278 2882 2917 1277)
4(1276 1277 2917 2645)
4(2646 2882 1278 1279)
4(1280 1281 2870 2916)
4(1280 2916 2917 1277)
4(1278 2882 2870 1281)
4(2959 2952 2881 2882)
4(2934 2939 2870 2866)
4(2881 2866 2870 2882)
4(2646 2657 2881 2882)
4(2865 2862 2958 2935)
4(2934 2866 2865 2935)
4(2865 2866 2863 2862)
4(2868 2933 2958 2862)
4(2930 2933 2868 2867)
4(2861 2867 2868 2862)
4(2943 2935 2865 2869)
4(2943 2869 2868 2933)
4(2868 2869 2865 2862)
4(2865 2935 2941 2871)
4(2934 2939 2941 2935)
4(2870 2866 2865 2871)
4(2941 2871 2872 2940)
4(2943 2935 2941 2940)
4(2943 2940 2872 2869)
4(2872 2871 2865 2869)
4(2913 2940 2941 2327)
4(2913 2915 2872 2940)
4(2872 2915 2914 2871)
4(2913 2327 2914 2915)
4(2324 2318 2311 2325)
4(2315 2318 2324 2916)
4(2324 2325 2917 2916)
4(2322 2320 2311 2325)
4(2319 2323 2324 2318)
4(2322 2302 2647 2325)
4(2962 2970 2983 2971)
4(2983 2970 2989 2966)
4(2990 2971 2983 2966)
4(2989 2972 2990 2966)
4(2964 2978 2984 2977)
4(2964 2977 2985 2975)
4(2964 2975 2981 2978)
4(2985 2967 2981 2975)
4(2985 2977 2984 2967)
4(2984 2978 2981 2967)
4(2964 2976 2986 2978)
6(2918 2919 2976 2964 2973 2963)
4(2963 2973 2982 2974)
4(2964 2978 2982 2973)
4(2668 2669 2982 2978)
4(2664 2974 2982 2669)
4(2919 2927 2986 2976)
4(2668 2978 2986 2667)
4(2666 2667 2986 2927)
5(2918 2665 2666 2927 2919)
4(2964 2976 2988 2977)
4(2988 2976 2986 2968)
4(2984 2977 2988 2968)
4(2986 2978 2984 2968)
4(2913 2940 2987 2928)
4(2987 2940 2941 2969)
4(2941 2327 2326 2969)
4(2326 2928 2987 2969)
4(2913 2928 2326 2327)
4(2885 2970 2983 2886)
4(2983 2971 2883 2886)
4(2883 2884 2885 2886)
4(2964 2977 2875 2874)
4(2964 2874 2873 2975)
4(2985 2975 2873 2876)
4(2875 2977 2985 2876)
4(2873 2874 2875 2876)
4(2964 2874 2921 2976)
4(2963 2888 2887 2973)
4(2964 2973 2887 2874)
4(2919 2976 2921 2920)
5(2918 2919 2920 1286 1287)
4(1284 1285 2921 2874)
4(1286 2920 2921 1285)
4(1284 2874 2887 1283)
4(1282 1283 2887 2888)
4(2921 2976 2988 2922)
4(2988 2977 2875 2922)
4(2875 2874 2921 2922)
4(2983 2973 2982 2966)
4(2989 2966 2982 2974)
4(2963 2973 2983 2970)
4(2983 2975 2981 2966)
4(2981 2978 2982 2966)
4(2964 2975 2983 2973)
4(2990 2980 2981 2966)
4(2965 2975 2981 2980)
4(2965 2971 2983 2975)
4(2982 2966 2671 2669)
4(2671 2966 2981 2670)
4(2668 2670 2981 2978)
4(2989 2673 2671 2966)
4(2990 2966 2671 2674)
4(2675 2980 2981 2670)
4(2985 2967 2991 2979)
4(2991 2967 2981 2980)
4(2965 2975 2985 2979)
4(2932 2967 2985 2933)
4(2932 2942 2984 2967)
4(2943 2977 2984 2942)
4(2943 2933 2985 2977)
4(2991 2931 2932 2967)
4(2930 2979 2985 2933)
4(2984 2677 2682 2967)
4(2981 2967 2682 2670)
4(2668 2677 2984 2978)
4(2932 2967 2682 2685)
4(2991 2684 2682 2967)
4(2681 2942 2984 2677)
4(2929 2968 2988 2924)
4(2929 2927 2986 2968)
4(2919 2924 2988 2976)
4(2919 2927 2929 2924)
4(2988 2940 2987 2968)
4(2987 2928 2929 2968)
4(2913 2940 2988 2924)
4(2913 2924 2929 2928)
4(2987 2968 2984 2942)
4(2943 2940 2987 2942)
4(2943 2977 2988 2940)
4(2676 2677 2984 2968)
4(2676 2968 2986 2667)
4(2676 2968 2987 2679)
4(2929 2968 2676 2680)
4(2678 2679 2987 2928)
4(2678 2928 2929 2680)
4(2681 2942 2987 2679)
4(2666 2680 2929 2927)
4(2936 2969 2987 2942)
4(2941 2969 2936 2935)
4(2938 2316 2326 2969)
4(2941 2939 2938 2969)
4(2936 2898 2908 2969)
4(2938 2969 2908 2906)
4(2936 2969 2938 2937)
4(2987 2969 2908 2679)
4(2908 2969 2326 2909)
4(2678 2909 2326 2928)
4(2907 2316 2326 2909)
4(2326 2909 2310 2330)
4(2887 2973 2983 2886)
4(2885 2888 2887 2886)
4(2873 2975 2983 2886)
4(2887 2874 2873 2886)
4(2965 2878 2873 2975)
4(2883 2886 2873 2878)
4(2877 2876 2985 2979)
4(2877 2878 2873 2876)
4(2985 2876 2868 2933)
4(2943 2869 2875 2977)
4(2868 2876 2875 2869)
4(2868 2867 2877 2876)
4(2988 2922 2923 2924)
4(2923 2922 2921 2920)
4(2919 2924 2923 2920)
4(2872 2940 2988 2922)
4(2923 2915 2872 2922)
4(2913 2915 2923 2924)
4(2875 2922 2872 2869)
4(2324 2318 2328 2332)
4(2328 2329 2331 2332)
4(2328 2332 2914 2327)
4(2914 2332 2324 2916)
4(2334 2335 2993 2925)
4(2919 2925 2993 2927)
4(2294 2686 2993 2335)
4(2666 2927 2993 2686)
5(2918 2333 2334 2925 2919)
4(2993 2925 2926 2992)
4(2926 2336 2337 2992)
4(2337 2335 2993 2992)
4(2334 2336 2926 2925)
4(2913 2928 2338 2339)
4(2338 2928 2326 2330)
4(2913 2339 2328 2327)
4(2926 2992 2929 2924)
4(2929 2992 2993 2927)
4(2919 2925 2926 2924)
4(2338 2339 2926 2992)
4(2929 2928 2338 2992)
4(2913 2924 2926 2339)
4(2338 2341 2337 2992)
4(2340 2339 2926 2336)
4(2687 2686 2993 2992)
4(2687 2992 2337 2296)
4(2687 2992 2929 2680)
4(2338 2992 2687 2305)
4(2678 2928 2338 2305)
4(2914 1288 1289 2871)
4(1280 1288 2914 2916)
4(1289 1281 2870 2871)
4(1290 1291 2872 2915)
4(1290 2915 2914 1288)
4(2872 1291 1289 2871)
4(1251 1277 2917 2325)
4(1251 2325 2647 1292)
4(1280 2916 2324 1250)
4(2334 2925 2995 2342)
4(2919 2920 2995 2925)
4(1230 2342 2995 1293)
4(1286 1293 2995 2920)
4(2926 2925 2995 2994)
4(2345 2336 2926 2994)
4(2995 2342 2345 2994)
4(2913 2339 2351 2915)
4(2351 2339 2328 2332)
4(2914 2915 2351 2332)
4(1295 1285 2921 2922)
4(1295 2922 2875 1294)
4(1284 1294 2875 2874)
4(1295 2922 2923 1296)
4(2872 2922 1295 1291)
4(1290 1296 2923 2915)
4(1286 2920 2923 1296)
4(1297 1291 2872 2869)
4(1297 2869 2875 1294)
4(2349 2347 2345 1232)
4(1230 1232 2345 2342)
4(1237 2346 2345 1232)
4(2923 2994 2926 2924)
4(2923 2920 2995 2994)
4(2926 2339 2351 2994)
4(2351 2915 2923 2994)
4(2351 2994 2345 2346)
4(2340 2339 2351 2346)
4(1298 2994 2995 1293)
4(1298 1232 2345 2994)
4(1298 1296 2923 2994)
4(1298 2994 2351 1253)
4(1290 1253 2351 2915)
4(2914 1288 1252 2332)
4(2881 2880 1301 1302)
4(1301 2880 2863 1300)
4(1299 2866 2881 1302)
4(1299 1300 2863 2866)
4(1301 2880 2643 1304)
4(1301 1305 2879 2880)
4(1306 1302 2881 2657)
4(1307 2864 2863 1300)
4(1278 2882 2881 1302)
4(1299 2866 2870 1281)
4(1308 2886 2887 1283)
4(2873 2886 1308 1309)
4(1284 2874 2873 1309)
4(1308 1312 2885 2886)
4(1308 2886 2883 1311)
4(1313 1309 2873 2878)
4(2863 2862 1316 1300)
4(1316 2862 2865 1314)
4(1299 1314 2865 2866)
4(1316 2862 2861 1318)
4(2868 2862 1316 1315)
4(1317 2867 2868 1315)
4(1297 2869 2865 1314)
4(1297 1315 2868 2869)
4(1289 1314 2865 2871)
4(1319 2876 2873 1309)
4(2875 2876 1319 1294)
4(1319 1320 2877 2876)
4(2868 1315 1319 2876)
4(3111 3011 3010 3143)
4(3142 3112 3111 3143)
4(3010 3009 3142 3143)
4(3008 3011 3111 3112)
4(3008 3009 3010 3011)
4(3115 3114 3173 3163)
4(3171 3116 3115 3163)
4(3173 3165 3171 3163)
4(3113 3114 3115 3116)
4(3117 3120 3144 3145)
4(3119 3164 3144 3120)
4(3119 3118 3162 3164)
4(3117 3145 3162 3118)
4(3117 3118 3119 3120)
5(3123 3122 3146 3147 3167)
4(3121 3151 3146 3122)
4(3125 3124 3169 3166)
4(3123 3167 3169 3124)
4(3147 3150 3169 3167)
4(3149 3166 3169 3150)
5(3121 3122 3123 3124 3125)
5(3123 3167 3147 3144 3120)
4(3123 3128 3170 3167)
4(3127 3168 3170 3128)
4(3147 3167 3170 3154)
4(3152 3154 3170 3168)
4(3126 3120 3144 3153)
5(3126 3127 3128 3123 3120)
4(3117 3122 3146 3145)
4(3117 3120 3123 3122)
4(3155 3143 3111 3129)
4(3012 3013 3155 3129)
4(3010 3143 3155 3013)
4(3012 3129 3111 3011)
4(3012 3011 3010 3013)
4(3111 3122 3146 3143)
4(3117 3129 3155 3145)
4(3146 3145 3155 3143)
4(3117 3122 3111 3129)
4(3142 3151 3146 3143)
4(3121 3112 3111 3122)
4(3115 3124 3169 3163)
4(3173 3163 3169 3166)
4(3125 3124 3115 3114)
4(3115 3128 3170 3163)
4(3170 3167 3169 3163)
4(3123 3128 3115 3124)
4(3171 3168 3170 3163)
4(3127 3116 3115 3128)
4(3157 3163 3170 3154)
4(3169 3163 3157 3150)
4(3171 3163 3157 3159)
4(3173 3160 3157 3163)
4(3119 3131 3172 3164)
4(3133 3132 3119 3164)
4(3130 3131 3119 3132)
4(3126 3120 3119 3131)
4(3135 3118 3162 3136)
4(3135 3132 3119 3118)
4(3148 3156 3155 3145)
4(3015 3013 3155 3156)
6(3014 3135 3118 3117 3129 3012)
5(3014 3012 3013 3015 3001)
4(3155 3143 3174 3156)
4(3174 3143 3146 3175)
4(3010 3017 3174 3143)
4(3174 3177 3142 3143)
4(3016 3017 3010 3009)
4(3015 3013 3010 3017)
4(172 186 3140 3006)
4(2998 3139 187 169)
4(2998 169 172 3006)
4(3007 3006 172 174)
4(3178 189 170 2997)
4(2998 2997 170 169)
4(2996 3138 188 171)
4(2996 171 170 2997)
4(183 184 3179 3020)
4(3019 3180 179 178)
4(3019 178 183 3020)
4(2996 3020 183 171)
4(3181 180 177 3023)
4(3019 3023 177 178)
4(3024 182 177 3023)
5(3238 3237 3252 3188 3187)
5(3188 3252 3237 3236 3189)
4(3236 3237 3238 3239)
4(3185 3189 3236 3239)
4(3185 3239 3238 3187)
4(3185 3187 3188 3189)
4(3258 3251 3257 3250)
4(3257 3193 3192 3250)
4(3192 3191 3258 3250)
4(3190 3191 3192 3193)
4(3237 3252 3255 3245)
4(3195 3253 3255 3196)
4(3188 3196 3255 3252)
4(3243 3245 3255 3253)
5(3243 3244 3238 3237 3245)
4(3194 3187 3238 3244)
5(3194 3195 3196 3188 3187)
4(3237 3241 3256 3252)
4(3199 3198 3256 3254)
4(3188 3252 3256 3198)
4(3240 3254 3256 3241)
5(3240 3241 3237 3236 3242)
4(3197 3242 3236 3189)
5(3197 3189 3188 3198 3199)
4(3256 3252 3255 3250)
4(3246 3250 3255 3245)
4(3256 3250 3246 3241)
4(3237 3241 3246 3245)
4(3257 3250 3246 3248)
4(3258 3249 3246 3250)
4(3247 3248 3246 3249)
4(3255 3196 3192 3250)
4(3257 3253 3255 3250)
4(3195 3193 3192 3196)
4(3256 3250 3192 3198)
4(3258 3250 3256 3254)
4(3199 3198 3192 3191)
4(3188 3196 3192 3198)
4(3243 3245 3246 3248)
4(3240 3249 3246 3241)
4(3079 3011 3111 3264)
4(3111 3112 3276 3264)
4(3276 3080 3079 3264)
4(3008 3011 3079 3080)
4(3275 3114 3115 3265)
4(3115 3116 3274 3265)
4(3274 3267 3275 3265)
4(3117 3239 3238 3120)
4(3238 3266 3119 3120)
4(3262 3118 3119 3266)
4(3238 3239 3262 3266)
4(3117 3118 3262 3239)
5(3123 3269 3237 3236 3122)
4(3121 3122 3236 3242)
4(3125 3268 3271 3124)
4(3123 3124 3271 3269)
4(3237 3269 3271 3241)
4(3240 3241 3271 3268)
5(3123 3120 3238 3237 3269)
4(3123 3269 3272 3128)
4(3127 3128 3272 3270)
4(3237 3245 3272 3269)
4(3243 3270 3272 3245)
4(3126 3244 3238 3120)
4(3117 3239 3236 3122)
4(3261 3129 3111 3264)
4(3261 3264 3079 3081)
4(3012 3129 3261 3081)
4(3012 3081 3079 3011)
4(3236 3122 3111 3264)
4(3261 3239 3236 3264)
4(3117 3239 3261 3129)
4(3276 3264 3236 3242)
4(3236 3264 3200 3189)
4(3200 3264 3261 3186)
4(3185 3186 3261 3239)
4(3185 3189 3200 3186)
4(3276 3201 3200 3264)
4(3079 3264 3200 3083)
4(3082 3083 3200 3201)
4(3082 3080 3079 3083)
4(3197 3201 3200 3189)
4(3084 3081 3261 3186)
4(3084 3186 3200 3083)
4(3084 3083 3079 3081)
4(3271 3124 3115 3265)
4(3275 3268 3271 3265)
4(3272 3128 3115 3265)
4(3271 3269 3272 3265)
4(3274 3265 3272 3270)
4(3272 3265 3246 3245)
4(3246 3265 3271 3241)
4(3274 3248 3246 3265)
4(3275 3265 3246 3249)
4(3273 3131 3119 3266)
4(3119 3132 3260 3266)
4(3260 3259 3273 3266)
4(3130 3259 3260 3132)
4(3273 3244 3238 3266)
4(3262 3263 3260 3266)
4(3135 3263 3262 3118)
4(3135 3132 3260 3263)
4(3262 3266 3202 3184)
4(3202 3266 3238 3187)
4(3185 3239 3262 3184)
4(3185 3184 3202 3187)
4(3260 3205 3202 3266)
4(3273 3266 3202 3204)
4(3203 3205 3260 3259)
4(3203 3204 3202 3205)
4(3183 3184 3262 3263)
4(3183 3263 3260 3205)
4(3183 3205 3202 3184)
4(3194 3187 3202 3204)
5(3014 3135 3263 3183 3033)
6(3084 3033 3183 3184 3185 3186)
5(3014 3033 3084 3081 3012)
4(3233 3280 3285 3215)
4(3026 3279 3286 3031)
4(3135 3263 3285 3280)
4(3183 3208 3285 3263)
4(3207 3215 3285 3208)
4(3233 3215 3286 3279)
4(3032 3031 3286 3206)
4(3207 3206 3286 3215)
6(3032 3206 3207 3208 3183 3033)
5(3014 3026 3031 3032 3033)
4(3283 3280 3285 3277)
4(3216 3221 3283 3277)
4(3285 3215 3216 3277)
4(3233 3221 3216 3215)
4(3284 3279 3286 3278)
4(3284 3278 3034 3028)
4(3034 3278 3286 3031)
4(3026 3028 3034 3031)
4(3260 3277 3283 3132)
4(3260 3263 3285 3277)
4(3283 3281 3287 3277)
4(3287 3259 3260 3277)
4(3287 3277 3216 3225)
4(3220 3225 3216 3221)
4(3209 3208 3285 3277)
4(3260 3205 3209 3277)
4(3183 3208 3209 3205)
4(3216 3277 3209 3217)
4(3207 3215 3216 3217)
4(3207 3217 3209 3208)
4(3209 3277 3287 3234)
4(3203 3205 3209 3234)
4(3231 3217 3216 3225)
4(3231 3234 3209 3217)
4(3219 3278 3284 3229)
4(3219 3215 3286 3278)
4(3233 3215 3219 3229)
4(3288 3282 3284 3278)
4(3034 3035 3288 3278)
4(3029 3035 3034 3028)
4(3288 3230 3219 3278)
4(3226 3229 3219 3230)
4(3210 3036 3034 3278)
4(3286 3206 3210 3278)
4(3032 3036 3210 3206)
4(3032 3031 3034 3036)
4(3288 3278 3210 3235)
4(3037 3235 3210 3036)
4(3037 3036 3034 3035)
4(3219 3218 3210 3278)
4(3207 3218 3219 3215)
4(3207 3206 3210 3218)
4(3232 3230 3219 3218)
4(3232 3218 3210 3235)
4(3702 3500 3698 3453)
4(3694 3501 3702 3453)
4(3698 3502 3694 3453)
4(3349 3482 3637 3483)
4(3637 3482 3701 3454)
4(3695 3483 3637 3454)
4(3701 3484 3695 3454)
4(3088 3494 3639 3090)
4(3639 3494 3700 3455)
4(3091 3090 3639 3455)
4(3700 3092 3091 3455)
4(3088 3090 3091 3092)
5(3353 3366 3530 3392 3365)
5(3392 3523 3363 3390 3365)
5(3399 3367 3390 3363 3525)
4(3353 3365 3390 3367)
4(3363 3523 3640 3525)
4(3366 3531 3640 3530)
4(3392 3530 3640 3523)
4(3399 3525 3640 3531)
4(3322 3479 3641 3478)
6(3057 3087 3495 3354 3479 3322)
6(3057 3322 3478 3309 3312 3059)
4(3354 3495 3638 3370)
4(3087 3095 3638 3495)
4(3313 3370 3638 3318)
4(3094 3318 3638 3095)
4(3309 3478 3641 3310)
4(3354 3370 3641 3479)
4(3313 3310 3641 3370)
4(3094 3093 3311 3318)
4(3059 3312 3311 3093)
4(3313 3318 3311 3310)
4(3309 3310 3311 3312)
6(3057 3059 3093 3094 3095 3087)
4(3322 3479 3642 3324)
4(3322 3324 3643 3478)
4(3643 3456 3641 3478)
4(3642 3456 3643 3324)
4(3641 3456 3642 3479)
4(3704 3494 3639 3457)
4(3639 3090 3086 3457)
4(3086 3089 3704 3457)
4(3088 3089 3086 3090)
5(3392 3365 3393 3364 3526)
5(3403 3529 3364 3393 3368)
4(3353 3368 3393 3365)
4(3364 3529 3645 3526)
4(3366 3530 3645 3532)
4(3392 3526 3645 3530)
4(3403 3532 3645 3529)
4(3322 3321 3646 3479)
4(3354 3371 3644 3495)
4(3087 3495 3644 3085)
4(3185 3186 3644 3371)
4(3084 3085 3644 3186)
4(3354 3479 3646 3371)
4(3185 3371 3646 3184)
4(3183 3184 3646 3321)
5(3057 3033 3183 3321 3322)
5(3057 3087 3085 3084 3033)
4(3325 3458 3642 3324)
4(3642 3458 3646 3479)
4(3325 3321 3646 3458)
4(3322 3321 3325 3324)
6(3388 3515 3361 3514 3387 3381)
6(3295 3513 3361 3515 3388 3294)
6(3387 3514 3361 3513 3295 3301)
4(3313 3381 3387 3301)
4(3313 3294 3388 3381)
4(3313 3301 3295 3294)
4(3712 3503 3715 3459)
4(3291 3290 3712 3459)
4(3715 3292 3291 3459)
4(3289 3290 3291 3292)
4(3358 3507 3651 3506)
4(3716 3504 3707 3460)
4(3707 3506 3651 3460)
4(3651 3507 3716 3460)
4(3359 3510 3654 3511)
4(3708 3509 3711 3461)
4(3654 3510 3708 3461)
4(3711 3511 3654 3461)
5(3360 3382 3550 3387 3381)
5(3360 3381 3388 3556 3384)
4(3361 3514 3649 3516)
4(3382 3551 3649 3550)
4(3387 3550 3649 3514)
4(3395 3516 3649 3551)
4(3361 3516 3652 3515)
4(3384 3556 3652 3557)
4(3388 3515 3652 3556)
4(3395 3557 3652 3516)
5(3293 3385 3559 3388 3294)
4(3361 3517 3647 3513)
4(3297 3296 3647 3548)
4(3295 3513 3647 3296)
4(3398 3548 3647 3517)
4(3361 3515 3653 3517)
4(3385 3560 3653 3559)
4(3388 3559 3653 3515)
4(3398 3517 3653 3560)
5(3293 3294 3295 3296 3297)
5(3298 3301 3387 3553 3383)
4(3361 3513 3648 3518)
4(3299 3549 3648 3300)
4(3295 3300 3648 3513)
4(3401 3518 3648 3549)
4(3361 3518 3650 3514)
4(3383 3553 3650 3555)
4(3387 3514 3650 3553)
4(3401 3555 3650 3518)
5(3298 3299 3300 3295 3301)
5(3389 3381 3387 3519 3362)
5(3314 3362 3519 3387 3301)
4(3389 3362 3314 3310)
4(3313 3381 3389 3310)
4(3313 3310 3314 3301)
4(3709 3505 3714 3462)
4(3651 3506 3709 3462)
4(3714 3507 3651 3462)
5(3400 3521 3362 3314 3316)
5(3351 3317 3314 3362 3490)
5(3315 3317 3351 3486 3350)
4(3350 3486 3635 3487)
4(3351 3490 3635 3486)
4(3362 3521 3635 3490)
4(3400 3487 3635 3521)
4(3315 3316 3314 3317)
5(3396 3386 3389 3362 3520)
5(3351 3490 3362 3389 3348)
5(3347 3352 3489 3351 3348)
4(3351 3489 3636 3490)
4(3352 3492 3636 3489)
4(3362 3490 3636 3520)
4(3396 3520 3636 3492)
4(3347 3348 3389 3386)
4(3360 3386 3389 3381)
4(3362 3520 3655 3519)
4(3382 3550 3655 3552)
4(3387 3519 3655 3550)
4(3396 3552 3655 3520)
4(3362 3519 3656 3521)
4(3383 3554 3656 3553)
4(3387 3553 3656 3519)
4(3400 3521 3656 3554)
4(3298 3301 3314 3316)
4(3309 3348 3351 3317)
4(3309 3310 3389 3348)
4(3309 3317 3314 3310)
5(3392 3523 3363 3391 3369)
4(3390 3370 3391 3363)
4(3354 3365 3392 3369)
4(3354 3370 3390 3365)
4(3354 3369 3391 3370)
4(3355 3497 3659 3496)
4(3699 3496 3659 3463)
4(3659 3497 3697 3463)
4(3697 3498 3699 3463)
5(3397 3524 3363 3391 3375)
5(3356 3369 3392 3533 3372)
4(3356 3375 3391 3369)
4(3363 3524 3657 3523)
4(3372 3533 3657 3534)
4(3392 3523 3657 3533)
4(3397 3534 3657 3524)
5(3391 3363 3522 3388 3381)
5(3388 3522 3363 3390 3294)
4(3313 3294 3390 3370)
4(3313 3370 3391 3381)
4(3713 3508 3710 3464)
4(3710 3510 3654 3464)
4(3654 3511 3713 3464)
4(3360 3381 3391 3375)
4(3363 3522 3660 3524)
4(3384 3558 3660 3556)
4(3388 3556 3660 3522)
4(3397 3524 3660 3558)
4(3293 3367 3390 3294)
4(3363 3525 3661 3522)
4(3385 3559 3661 3561)
4(3388 3522 3661 3559)
4(3399 3561 3661 3525)
5(3394 3364 3526 3392 3369)
4(3394 3371 3393 3364)
4(3354 3365 3393 3371)
4(3354 3371 3394 3369)
4(3659 3496 3706 3465)
4(3703 3497 3659 3465)
4(3706 3499 3703 3465)
5(3402 3376 3394 3364 3528)
4(3356 3369 3394 3376)
4(3364 3526 3662 3528)
4(3372 3535 3662 3533)
4(3392 3533 3662 3526)
4(3402 3528 3662 3535)
5(3188 3527 3364 3394 3187)
5(3393 3364 3527 3188 3189)
4(3185 3371 3393 3189)
4(3185 3187 3394 3371)
4(3717 3512 3718 3466)
4(3192 3193 3717 3466)
4(3718 3191 3192 3466)
4(3194 3376 3394 3187)
4(3364 3528 3664 3527)
4(3195 3196 3664 3562)
4(3188 3527 3664 3196)
4(3402 3562 3664 3528)
4(3197 3189 3393 3368)
4(3364 3527 3665 3529)
4(3199 3563 3665 3198)
4(3188 3198 3665 3527)
4(3403 3529 3665 3563)
4(3309 3425 3053 3312)
4(3309 3317 3437 3425)
4(3320 3312 3053 3069)
4(3320 3069 3437 3317)
4(3437 3069 3053 3425)
4(3309 3312 3320 3317)
4(3729 3482 3637 3467)
4(3637 3483 3719 3467)
4(3719 3485 3729 3467)
4(3040 3039 3727 3468)
4(3727 3564 3720 3468)
4(3720 3041 3040 3468)
4(3038 3039 3040 3041)
4(3728 3565 3721 3469)
4(3726 3566 3728 3469)
4(3721 3567 3726 3469)
4(3322 3478 3675 3327)
4(3058 3329 3056 3055)
4(3059 3054 3053 3312)
4(3405 3425 3053 3052)
4(3309 3425 3675 3478)
4(3405 3421 3675 3425)
4(3328 3327 3675 3421)
4(3405 3052 3056 3421)
4(3328 3421 3056 3329)
6(3057 3322 3327 3328 3329 3058)
4(3051 3052 3053 3054)
4(3051 3055 3056 3052)
6(3057 3058 3055 3051 3054 3059)
4(3675 3470 3643 3478)
4(3643 3470 3331 3324)
4(3331 3470 3675 3327)
4(3322 3324 3331 3327)
4(3332 3061 3060 3062)
4(3332 3329 3056 3061)
4(3058 3329 3332 3062)
4(3060 3061 3056 3055)
4(3058 3062 3060 3055)
4(3725 3568 3722 3471)
4(3722 3337 3336 3471)
4(3336 3335 3725 3471)
4(3334 3335 3336 3337)
5(3439 3412 3581 3438 3422)
5(3438 3581 3412 3437 3424)
4(3437 3412 3439 3425)
4(3405 3422 3438 3424)
4(3405 3424 3437 3425)
4(3405 3425 3439 3422)
5(3452 3426 3437 3412 3583)
5(3351 3491 3412 3437 3317)
4(3315 3317 3437 3426)
4(3350 3488 3666 3486)
4(3351 3486 3666 3491)
4(3412 3491 3666 3583)
4(3452 3583 3666 3488)
4(3406 3572 3681 3571)
4(3741 3569 3730 3472)
4(3730 3571 3681 3472)
4(3681 3572 3741 3472)
5(3444 3582 3412 3439 3429)
5(3351 3348 3439 3412 3491)
4(3351 3491 3668 3489)
4(3352 3489 3668 3493)
4(3412 3582 3668 3491)
4(3444 3493 3668 3582)
4(3347 3429 3439 3348)
5(3409 3427 3613 3438 3422)
4(3409 3422 3439 3429)
4(3412 3581 3679 3582)
4(3427 3614 3679 3613)
4(3438 3613 3679 3581)
4(3444 3582 3679 3614)
5(3411 3424 3438 3616 3428)
4(3411 3426 3437 3424)
4(3412 3583 3680 3581)
4(3428 3616 3680 3618)
4(3438 3581 3680 3616)
4(3452 3618 3680 3583)
4(3309 3348 3439 3425)
5(3063 3423 3440 3584 3064)
5(3065 3064 3584 3440 3424)
4(3405 3424 3440 3423)
4(3405 3052 3065 3424)
4(3405 3423 3063 3052)
4(3063 3064 3065 3052)
5(3450 3586 3064 3065 3067)
4(3064 3586 3669 3066)
4(3046 3045 3669 3599)
4(3450 3599 3669 3586)
4(3044 3066 3669 3045)
5(3044 3043 3065 3064 3066)
4(3042 3067 3065 3043)
5(3042 3043 3044 3045 3046)
4(3407 3575 3684 3576)
4(3731 3573 3738 3473)
4(3684 3575 3731 3473)
4(3738 3576 3684 3473)
5(3445 3432 3063 3064 3585)
4(3064 3066 3671 3585)
4(3048 3602 3671 3049)
4(3445 3585 3671 3602)
4(3044 3049 3671 3066)
4(3047 3050 3063 3432)
5(3044 3066 3064 3063 3050)
5(3047 3048 3049 3044 3050)
5(3410 3423 3440 3619 3430)
4(3410 3432 3063 3423)
4(3064 3585 3682 3584)
4(3430 3619 3682 3620)
4(3440 3584 3682 3619)
4(3445 3620 3682 3585)
5(3411 3431 3622 3440 3424)
4(3411 3424 3065 3067)
4(3064 3584 3683 3586)
4(3431 3623 3683 3622)
4(3440 3622 3683 3584)
4(3450 3586 3683 3623)
6(3441 3422 3438 3587 3413 3589)
6(3441 3589 3413 3588 3440 3423)
6(3440 3588 3413 3587 3438 3424)
4(3405 3422 3441 3423)
4(3733 3570 3739 3474)
4(3681 3571 3733 3474)
4(3739 3572 3681 3474)
4(3740 3574 3736 3475)
4(3736 3575 3684 3475)
4(3684 3576 3740 3475)
4(3408 3580 3691 3579)
4(3737 3577 3732 3476)
4(3732 3579 3691 3476)
4(3691 3580 3737 3476)
5(3409 3433 3625 3441 3422)
4(3413 3590 3685 3587)
4(3427 3613 3685 3615)
4(3438 3587 3685 3613)
4(3446 3615 3685 3590)
4(3413 3589 3689 3590)
4(3433 3626 3689 3625)
4(3441 3625 3689 3589)
4(3446 3590 3689 3626)
5(3410 3423 3441 3628 3434)
4(3413 3588 3687 3591)
4(3430 3621 3687 3619)
4(3440 3619 3687 3588)
4(3449 3591 3687 3621)
4(3413 3591 3690 3589)
4(3434 3628 3690 3630)
4(3441 3589 3690 3628)
4(3449 3630 3690 3591)
4(3413 3587 3686 3592)
4(3428 3617 3686 3616)
4(3438 3616 3686 3587)
4(3451 3592 3686 3617)
4(3413 3592 3688 3588)
4(3431 3622 3688 3624)
4(3440 3588 3688 3622)
4(3451 3624 3688 3592)
4(3442 3414 3443 3421)
5(3441 3593 3414 3442 3422)
5(3443 3414 3593 3441 3423)
4(3405 3422 3442 3421)
4(3405 3421 3443 3423)
4(3734 3578 3735 3477)
4(3691 3579 3734 3477)
4(3735 3580 3691 3477)
5(3341 3594 3414 3442 3342)
5(3442 3414 3595 3447 3435)
4(3338 3342 3442 3435)
4(3414 3594 3677 3595)
4(3339 3611 3677 3340)
4(3341 3340 3677 3594)
4(3447 3595 3677 3611)
5(3338 3339 3340 3341 3342)
5(3341 3344 3443 3414 3594)
5(3448 3596 3414 3443 3436)
4(3343 3436 3443 3344)
4(3414 3596 3678 3594)
4(3346 3345 3678 3612)
4(3341 3594 3678 3345)
4(3448 3612 3678 3596)
5(3343 3344 3341 3345 3346)
4(3328 3421 3442 3342)
4(3328 3344 3443 3421)
4(3328 3342 3341 3344)
4(3409 3435 3442 3422)
4(3414 3595 3692 3593)
4(3433 3625 3692 3627)
4(3441 3593 3692 3625)
4(3447 3627 3692 3595)
4(3410 3423 3443 3436)
4(3414 3593 3693 3596)
4(3434 3629 3693 3628)
4(3441 3628 3693 3593)
4(3448 3596 3693 3629)
4(3633 3453 3632 3516)
4(3631 3453 3633 3517)
4(3632 3453 3631 3518)
4(3361 3518 3631 3517)
4(3361 3516 3632 3518)
4(3361 3517 3633 3516)
4(3698 3453 3631 3540)
4(3702 3541 3631 3453)
4(3377 3540 3631 3541)
4(3694 3542 3632 3453)
4(3702 3453 3632 3543)
4(3378 3543 3632 3542)
4(3694 3453 3633 3544)
4(3698 3545 3633 3453)
4(3379 3544 3633 3545)
4(3395 3542 3632 3516)
4(3395 3516 3633 3544)
4(3398 3517 3631 3540)
4(3398 3545 3633 3517)
4(3401 3541 3631 3518)
4(3401 3518 3632 3543)
4(3637 3486 3635 3454)
4(3701 3454 3635 3487)
4(3350 3486 3637 3482)
4(3637 3489 3636 3454)
4(3636 3490 3635 3454)
4(3351 3489 3637 3486)
4(3695 3492 3636 3454)
4(3352 3483 3637 3489)
4(3634 3454 3636 3520)
4(3635 3454 3634 3521)
4(3362 3521 3634 3520)
4(3695 3454 3634 3546)
4(3701 3547 3634 3454)
4(3380 3546 3634 3547)
4(3396 3520 3634 3546)
4(3400 3547 3634 3521)
4(3390 3455 3639 3365)
4(3700 3455 3390 3367)
4(3353 3365 3639 3494)
4(3639 3495 3638 3455)
4(3638 3370 3390 3455)
4(3354 3495 3639 3365)
4(3091 3095 3638 3455)
4(3087 3090 3639 3495)
4(3087 3095 3091 3090)
4(3638 3318 3302 3455)
4(3302 3294 3390 3455)
4(3313 3294 3302 3318)
4(3302 3097 3091 3455)
4(3700 3303 3302 3455)
4(3096 3097 3302 3303)
4(3096 3092 3091 3097)
4(3094 3318 3302 3097)
4(3094 3097 3091 3095)
4(3293 3303 3302 3294)
4(3643 3456 3389 3348)
4(3389 3456 3641 3310)
4(3309 3478 3643 3348)
4(3643 3480 3696 3456)
4(3696 3481 3642 3456)
4(3323 3324 3642 3481)
4(3323 3480 3643 3324)
4(3696 3456 3389 3386)
4(3347 3348 3643 3480)
4(3642 3369 3391 3456)
4(3391 3370 3641 3456)
4(3354 3369 3642 3479)
4(3696 3375 3391 3456)
4(3356 3481 3642 3369)
4(3391 3381 3389 3456)
4(3393 3365 3639 3457)
4(3704 3368 3393 3457)
4(3644 3495 3639 3457)
4(3393 3371 3644 3457)
4(3086 3457 3644 3085)
4(3087 3090 3086 3085)
4(3393 3189 3200 3457)
4(3644 3457 3200 3186)
4(3704 3457 3200 3201)
4(3086 3083 3200 3457)
4(3082 3083 3086 3089)
4(3084 3085 3086 3083)
4(3642 3481 3705 3458)
4(3705 3326 3325 3458)
4(3323 3324 3325 3326)
4(3394 3369 3642 3458)
4(3646 3371 3394 3458)
4(3705 3458 3394 3376)
4(3202 3458 3646 3184)
4(3202 3187 3394 3458)
4(3325 3458 3202 3205)
4(3705 3204 3202 3458)
4(3203 3326 3325 3205)
4(3183 3205 3325 3321)
4(3648 3459 3647 3513)
4(3647 3459 3631 3517)
4(3631 3459 3648 3518)
4(3712 3540 3631 3459)
4(3715 3459 3631 3541)
4(3291 3296 3647 3459)
4(3712 3459 3647 3548)
4(3297 3296 3291 3290)
4(3291 3459 3648 3300)
4(3715 3549 3648 3459)
4(3299 3292 3291 3300)
4(3295 3300 3291 3296)
4(3650 3514 3649 3460)
4(3632 3460 3649 3516)
4(3650 3460 3632 3518)
4(3707 3460 3632 3542)
4(3716 3543 3632 3460)
4(3651 3460 3649 3550)
4(3707 3551 3649 3460)
4(3382 3506 3651 3550)
4(3651 3553 3650 3460)
4(3716 3460 3650 3555)
4(3383 3553 3651 3507)
4(3387 3550 3651 3553)
4(3653 3461 3652 3515)
4(3652 3461 3633 3516)
4(3633 3461 3653 3517)
4(3708 3544 3633 3461)
4(3711 3461 3633 3545)
4(3654 3556 3652 3461)
4(3708 3461 3652 3557)
4(3384 3556 3654 3510)
4(3654 3461 3653 3559)
4(3711 3560 3653 3461)
4(3385 3511 3654 3559)
4(3388 3559 3654 3556)
4(3656 3462 3655 3519)
4(3655 3462 3634 3520)
4(3634 3462 3656 3521)
4(3709 3546 3634 3462)
4(3714 3462 3634 3547)
4(3655 3462 3651 3550)
4(3709 3462 3655 3552)
4(3656 3553 3651 3462)
4(3714 3554 3656 3462)
4(3657 3523 3640 3463)
4(3657 3463 3658 3524)
4(3658 3463 3640 3525)
4(3363 3524 3658 3525)
4(3659 3463 3640 3530)
4(3640 3463 3699 3531)
4(3366 3496 3659 3530)
4(3659 3533 3657 3463)
4(3697 3463 3657 3534)
4(3372 3533 3659 3497)
4(3697 3536 3658 3463)
4(3699 3463 3658 3537)
4(3373 3537 3658 3536)
4(3392 3530 3659 3533)
4(3397 3536 3658 3524)
4(3399 3525 3658 3537)
4(3661 3522 3660 3464)
4(3658 3464 3660 3524)
4(3661 3464 3658 3525)
4(3710 3464 3658 3536)
4(3713 3537 3658 3464)
4(3660 3556 3654 3464)
4(3710 3558 3660 3464)
4(3661 3464 3654 3559)
4(3713 3464 3661 3561)
4(3662 3465 3645 3526)
4(3663 3465 3662 3528)
4(3663 3529 3645 3465)
4(3364 3529 3663 3528)
4(3645 3465 3659 3530)
4(3706 3465 3645 3532)
4(3662 3533 3659 3465)
4(3703 3535 3662 3465)
4(3703 3465 3663 3538)
4(3706 3539 3663 3465)
4(3374 3538 3663 3539)
4(3402 3528 3663 3538)
4(3403 3539 3663 3529)
4(3665 3466 3664 3527)
4(3664 3466 3663 3528)
4(3663 3466 3665 3529)
4(3717 3538 3663 3466)
4(3718 3466 3663 3539)
4(3192 3196 3664 3466)
4(3717 3466 3664 3562)
4(3192 3466 3665 3198)
4(3718 3563 3665 3466)
4(3068 3069 3320 3070)
4(3059 3070 3320 3312)
4(3068 3054 3053 3069)
4(3059 3054 3068 3070)
4(3320 3069 3071 3319)
4(3071 3069 3437 3426)
4(3315 3317 3320 3319)
4(3073 3319 3320 3070)
4(3071 3072 3068 3069)
4(3073 3070 3068 3072)
4(3065 3424 3437 3069)
4(3053 3052 3065 3069)
4(3071 3069 3065 3067)
4(3666 3486 3637 3467)
4(3729 3488 3666 3467)
4(3668 3489 3637 3467)
4(3666 3491 3668 3467)
4(3719 3467 3668 3493)
4(3668 3467 3667 3582)
4(3667 3467 3666 3583)
4(3412 3582 3667 3583)
4(3719 3597 3667 3467)
4(3729 3467 3667 3598)
4(3415 3598 3667 3597)
4(3444 3597 3667 3582)
4(3452 3583 3667 3598)
4(3670 3468 3671 3585)
4(3669 3468 3670 3586)
4(3671 3468 3669 3066)
4(3064 3586 3670 3585)
4(3727 3468 3669 3599)
4(3040 3045 3669 3468)
4(3046 3045 3040 3039)
4(3720 3468 3670 3600)
4(3727 3601 3670 3468)
4(3416 3600 3670 3601)
4(3720 3602 3671 3468)
4(3040 3468 3671 3049)
4(3048 3041 3040 3049)
4(3445 3585 3670 3600)
4(3450 3601 3670 3586)
4(3044 3049 3040 3045)
4(3672 3469 3674 3590)
4(3674 3469 3673 3591)
4(3673 3469 3672 3592)
4(3413 3592 3672 3590)
4(3413 3591 3673 3592)
4(3413 3590 3674 3591)
4(3721 3469 3672 3603)
4(3728 3604 3672 3469)
4(3417 3603 3672 3604)
4(3726 3605 3673 3469)
4(3728 3469 3673 3606)
4(3418 3606 3673 3605)
4(3721 3607 3674 3469)
4(3726 3469 3674 3608)
4(3419 3608 3674 3607)
4(3446 3590 3672 3603)
4(3446 3607 3674 3590)
4(3449 3605 3673 3591)
4(3449 3591 3674 3608)
4(3451 3604 3672 3592)
4(3451 3592 3673 3606)
4(3439 3470 3643 3348)
4(3439 3425 3675 3470)
4(3723 3480 3643 3470)
4(3331 3330 3723 3470)
4(3323 3330 3331 3324)
4(3723 3429 3439 3470)
4(3442 3421 3675 3470)
4(3439 3422 3442 3470)
4(3331 3342 3442 3470)
4(3723 3470 3442 3435)
4(3338 3342 3331 3330)
4(3328 3327 3331 3342)
4(3060 3075 3724 3061)
4(3724 3333 3332 3061)
4(3074 3062 3332 3333)
4(3074 3075 3060 3062)
4(3443 3061 3056 3421)
4(3443 3423 3063 3061)
4(3056 3061 3063 3052)
4(3724 3061 3063 3432)
4(3060 3050 3063 3061)
4(3047 3050 3060 3075)
4(3332 3061 3443 3344)
4(3724 3436 3443 3061)
4(3343 3333 3332 3344)
4(3328 3344 3332 3329)
4(3677 3471 3678 3594)
4(3676 3471 3677 3595)
4(3678 3471 3676 3596)
4(3414 3596 3676 3595)
4(3722 3471 3676 3609)
4(3725 3610 3676 3471)
4(3420 3609 3676 3610)
4(3336 3471 3677 3340)
4(3722 3611 3677 3471)
4(3339 3337 3336 3340)
4(3336 3345 3678 3471)
4(3725 3471 3678 3612)
4(3346 3345 3336 3335)
4(3341 3340 3336 3345)
4(3447 3595 3676 3609)
4(3448 3610 3676 3596)
4(3680 3581 3679 3472)
4(3667 3472 3679 3582)
4(3680 3472 3667 3583)
4(3730 3472 3667 3597)
4(3741 3598 3667 3472)
4(3681 3472 3679 3613)
4(3730 3614 3679 3472)
4(3427 3571 3681 3613)
4(3681 3616 3680 3472)
4(3741 3472 3680 3618)
4(3428 3616 3681 3572)
4(3438 3613 3681 3616)
4(3683 3473 3682 3584)
4(3682 3473 3670 3585)
4(3670 3473 3683 3586)
4(3731 3600 3670 3473)
4(3738 3473 3670 3601)
4(3684 3619 3682 3473)
4(3731 3473 3682 3620)
4(3430 3619 3684 3575)
4(3684 3473 3683 3622)
4(3738 3623 3683 3473)
4(3431 3576 3684 3622)
4(3440 3622 3684 3619)
4(3686 3474 3685 3587)
4(3685 3474 3672 3590)
4(3672 3474 3686 3592)
4(3733 3603 3672 3474)
4(3739 3474 3672 3604)
4(3685 3474 3681 3613)
4(3733 3474 3685 3615)
4(3686 3616 3681 3474)
4(3739 3617 3686 3474)
4(3688 3588 3687 3475)
4(3673 3475 3687 3591)
4(3688 3475 3673 3592)
4(3736 3475 3673 3605)
4(3740 3606 3673 3475)
4(3687 3619 3684 3475)
4(3736 3621 3687 3475)
4(3688 3475 3684 3622)
4(3740 3475 3688 3624)
4(3690 3589 3689 3476)
4(3674 3476 3689 3590)
4(3690 3476 3674 3591)
4(3732 3476 3674 3607)
4(3737 3608 3674 3476)
4(3691 3476 3689 3625)
4(3732 3626 3689 3476)
4(3433 3579 3691 3625)
4(3691 3628 3690 3476)
4(3737 3476 3690 3630)
4(3434 3628 3691 3580)
4(3441 3625 3691 3628)
4(3693 3477 3692 3593)
4(3692 3477 3676 3595)
4(3676 3477 3693 3596)
4(3734 3609 3676 3477)
4(3735 3477 3676 3610)
4(3692 3477 3691 3625)
4(3734 3477 3692 3627)
4(3693 3628 3691 3477)
4(3735 3629 3693 3477)
4(3183 3321 3793 3208)
4(3032 3206 3794 3076)
4(3207 3208 3793 3747)
4(3322 3327 3793 3321)
4(3328 3747 3793 3327)
4(3058 3076 3794 3329)
4(3207 3747 3794 3206)
4(3328 3329 3794 3747)
5(3057 3033 3032 3076 3058)
4(3793 3208 3209 3759)
4(3325 3321 3793 3759)
4(3325 3759 3209 3205)
4(3077 3760 3794 3076)
4(3077 3036 3210 3760)
4(3210 3206 3794 3760)
4(3032 3036 3077 3076)
4(3336 3337 3808 3761)
4(3811 3335 3336 3761)
4(3808 3769 3811 3761)
4(3809 3212 3213 3762)
4(3213 3214 3810 3762)
4(3810 3765 3809 3762)
4(3752 3747 3753 3743)
5(3752 3743 3775 3754 3217)
5(3754 3775 3743 3753 3218)
4(3207 3217 3754 3218)
4(3207 3747 3752 3217)
4(3207 3218 3753 3747)
5(3341 3342 3752 3743 3774)
5(3755 3776 3743 3752 3748)
4(3338 3748 3752 3342)
4(3743 3776 3795 3774)
4(3339 3340 3795 3781)
4(3341 3774 3795 3340)
4(3755 3781 3795 3776)
5(3341 3774 3743 3753 3344)
5(3753 3743 3777 3758 3749)
4(3343 3344 3753 3749)
4(3743 3774 3796 3777)
4(3346 3782 3796 3345)
4(3341 3345 3796 3774)
4(3758 3777 3796 3782)
4(3742 3773 3803 3772)
4(3815 3770 3812 3763)
4(3812 3772 3803 3763)
4(3803 3773 3815 3763)
4(3328 3342 3752 3747)
4(3328 3747 3753 3344)
5(3231 3750 3787 3754 3217)
4(3231 3217 3752 3748)
4(3743 3775 3801 3776)
4(3750 3788 3801 3787)
4(3754 3787 3801 3775)
4(3755 3776 3801 3788)
5(3232 3218 3754 3790 3751)
4(3232 3749 3753 3218)
4(3743 3777 3802 3775)
4(3751 3790 3802 3792)
4(3754 3775 3802 3790)
4(3758 3792 3802 3777)
5(3754 3778 3744 3216 3217)
5(3754 3218 3219 3744 3778)
4(3216 3744 3219 3215)
4(3813 3771 3814 3764)
4(3803 3772 3813 3764)
4(3814 3773 3803 3764)
5(3756 3225 3216 3744 3779)
5(3222 3767 3744 3216 3221)
4(3224 3766 3799 3223)
4(3222 3223 3799 3767)
4(3744 3767 3799 3779)
4(3756 3779 3799 3766)
5(3757 3780 3744 3219 3230)
5(3219 3744 3767 3222 3229)
4(3222 3767 3800 3228)
4(3227 3228 3800 3768)
4(3744 3780 3800 3767)
4(3757 3768 3800 3780)
4(3744 3779 3804 3778)
4(3750 3787 3804 3789)
4(3754 3778 3804 3787)
4(3756 3789 3804 3779)
4(3744 3778 3805 3780)
4(3751 3791 3805 3790)
4(3754 3790 3805 3778)
4(3757 3780 3805 3791)
4(3331 3324 3325 3759)
4(3806 3330 3331 3759)
4(3325 3326 3806 3759)
4(3752 3759 3793 3747)
4(3752 3217 3209 3759)
4(3331 3327 3793 3759)
4(3331 3759 3752 3342)
4(3806 3748 3752 3759)
4(3806 3759 3209 3234)
4(3077 3760 3332 3062)
4(3332 3760 3794 3329)
4(3058 3076 3077 3062)
4(3807 3760 3077 3078)
4(3807 3235 3210 3760)
4(3037 3078 3077 3036)
4(3332 3333 3807 3760)
4(3074 3062 3077 3078)
4(3794 3760 3753 3747)
4(3210 3218 3753 3760)
4(3332 3344 3753 3760)
4(3807 3760 3753 3749)
4(3796 3761 3795 3774)
4(3795 3761 3797 3776)
4(3797 3761 3796 3777)
4(3743 3776 3797 3777)
4(3336 3340 3795 3761)
4(3808 3761 3795 3781)
4(3336 3761 3796 3345)
4(3811 3782 3796 3761)
4(3808 3783 3797 3761)
4(3811 3761 3797 3784)
4(3745 3784 3797 3783)
4(3755 3783 3797 3776)
4(3758 3777 3797 3784)
4(3799 3223 3213 3762)
4(3809 3766 3799 3762)
4(3800 3228 3213 3762)
4(3799 3767 3800 3762)
4(3810 3762 3800 3768)
4(3798 3762 3799 3779)
4(3800 3762 3798 3780)
4(3744 3780 3798 3779)
4(3809 3762 3798 3785)
4(3810 3786 3798 3762)
4(3746 3785 3798 3786)
4(3756 3779 3798 3785)
4(3757 3786 3798 3780)
4(3802 3775 3801 3763)
4(3797 3763 3801 3776)
4(3802 3763 3797 3777)
4(3812 3763 3797 3783)
4(3815 3784 3797 3763)
4(3803 3763 3801 3787)
4(3812 3788 3801 3763)
4(3750 3772 3803 3787)
4(3803 3790 3802 3763)
4(3815 3763 3802 3792)
4(3751 3790 3803 3773)
4(3754 3787 3803 3790)
4(3805 3764 3804 3778)
4(3804 3764 3798 3779)
4(3798 3764 3805 3780)
4(3813 3785 3798 3764)
4(3814 3764 3798 3786)
4(3804 3764 3803 3787)
4(3813 3764 3804 3789)
4(3805 3790 3803 3764)
4(3814 3791 3805 3764)
4(3099 3098 3817 3816)
4(3320 3070 3099 3816)
4(3817 3319 3320 3816)
4(3073 3098 3099 3070)
4(3306 3304 3302 3318)
4(3313 3301 3306 3318)
5(3302 3304 3305 3295 3294)
5(3295 3305 3304 3306 3301)
4(3094 3318 3306 3100)
5(3101 3100 3306 3304 3307)
5(3101 3307 3304 3302 3097)
4(3094 3100 3101 3097)
4(3099 3100 3306 3816)
4(3817 3816 3306 3308)
4(3102 3308 3306 3100)
4(3102 3100 3099 3098)
4(3311 3816 3099 3093)
4(3311 3318 3306 3816)
4(3094 3093 3099 3100)
4(3320 3312 3311 3816)
4(3059 3070 3099 3093)
4(3314 3301 3306 3816)
4(3311 3310 3314 3816)
4(3817 3316 3314 3816)
4(3320 3816 3314 3317)
4(3298 3301 3306 3308)
4(3105 3104 3838 3821)
4(3839 3106 3105 3821)
4(3838 3823 3839 3821)
4(3103 3104 3105 3106)
4(3841 3826 3840 3822)
4(3840 3290 3291 3822)
4(3291 3292 3841 3822)
5(3820 3308 3306 3304 3828)
4(3101 3108 3834 3307)
4(3107 3825 3834 3108)
4(3304 3307 3834 3828)
4(3820 3828 3834 3825)
5(3102 3107 3108 3101 3100)
5(3819 3827 3304 3302 3303)
4(3110 3109 3835 3824)
4(3101 3307 3835 3109)
4(3304 3827 3835 3307)
4(3819 3824 3835 3827)
5(3096 3097 3101 3109 3110)
4(3304 3305 3836 3827)
4(3297 3831 3836 3296)
4(3295 3296 3836 3305)
4(3819 3827 3836 3831)
4(3304 3828 3837 3305)
4(3299 3300 3837 3832)
4(3295 3305 3837 3300)
4(3820 3832 3837 3828)
4(3105 3109 3835 3821)
4(3838 3821 3835 3824)
4(3110 3109 3105 3104)
4(3105 3108 3834 3821)
4(3834 3307 3835 3821)
4(3101 3108 3105 3109)
4(3839 3825 3834 3821)
4(3107 3106 3105 3108)
4(3835 3821 3833 3827)
4(3833 3821 3834 3828)
4(3304 3827 3833 3828)
4(3838 3829 3833 3821)
4(3839 3821 3833 3830)
4(3818 3830 3833 3829)
4(3819 3829 3833 3827)
4(3820 3828 3833 3830)
4(3837 3305 3836 3822)
4(3833 3822 3836 3827)
4(3837 3822 3833 3828)
4(3840 3822 3833 3829)
4(3841 3830 3833 3822)
4(3291 3822 3836 3296)
4(3840 3831 3836 3822)
4(3291 3300 3837 3822)
4(3841 3822 3837 3832)
4(3026 3031 3949 3930)
4(3931 3930 3949 3945)
4(3032 3939 3949 3031)
4(3938 3945 3949 3939)
4(3842 3932 3946 3843)
4(3844 3843 3946 3937)
4(3938 3937 3946 3945)
4(3931 3945 3946 3932)
6(3844 3937 3938 3939 3032 3033)
6(3014 3026 3930 3931 3932 3842)
5(3014 3842 3843 3844 3033)
4(3034 3948 3933 3028)
4(3933 3948 3949 3930)
4(3034 3031 3949 3948)
4(3026 3028 3933 3930)
4(3933 3934 3950 3948)
4(3950 3035 3034 3948)
4(3029 3934 3933 3028)
4(3944 3935 3933 3948)
4(3949 3945 3944 3948)
4(3931 3935 3944 3945)
4(3931 3930 3933 3935)
4(3944 3947 3950 3948)
4(3936 3947 3944 3935)
4(3936 3935 3933 3934)
4(3940 3948 3034 3036)
4(3940 3939 3949 3948)
4(3032 3939 3940 3036)
4(3950 3941 3940 3948)
4(3037 3036 3940 3941)
4(3944 3948 3940 3942)
4(3938 3945 3944 3942)
4(3938 3942 3940 3939)
4(3943 3942 3944 3947)
4(3943 3941 3940 3942)
4(41 158 3946 3843)
4(161 3932 3946 158)
4(3842 3932 161 73)
4(3842 73 41 3843)
4(3946 3937 125 158)
4(3844 42 125 3937)
4(3844 3843 41 42)
4(3946 3945 159 158)
4(3938 124 159 3945)
4(3938 3937 125 124)
4(3931 3945 159 162)
4(3931 162 161 3932)
4(3944 3942 127 160)
4(3944 160 159 3945)
4(3938 124 127 3942)
4(3944 160 163 3947)
4(165 160 3944 3935)
4(3936 164 165 3935)
4(3943 3942 127 130)
4(3931 3935 165 162)
4(3051 3043 3065 3052)
4(3051 3052 3063 3050)
4(3051 3050 3044 3043)
4(3068 3069 3065 3043)
4(3042 3072 3068 3043)
4(3051 3043 3068 3054)
4(3051 3055 3060 3050)
4(3972 3849 3848 3967)
4(3068 3072 3972 3967)
4(3848 3070 3068 3967)
4(3073 3070 3848 3849)
4(3962 3966 3969 3953)
4(3059 3852 3969 3054)
4(3851 3953 3969 3852)
4(3051 3054 3969 3966)
4(3962 3963 3970 3966)
4(3058 3055 3970 3956)
4(3051 3966 3970 3055)
4(3957 3956 3970 3963)
6(3057 3058 3956 3957 3951 3846)
4(3962 3953 3952 3963)
4(3957 3963 3952 3951)
4(3846 3951 3952 3850)
4(3851 3850 3952 3953)
6(3057 3846 3850 3851 3852 3059)
4(3971 3075 3060 3968)
4(3060 3062 3958 3968)
4(3958 3959 3971 3968)
4(3074 3959 3958 3062)
4(3905 3901 3900 3966)
4(3962 3906 3905 3966)
4(3962 3966 3900 3904)
4(3962 3904 3903 3906)
5(3900 3901 3902 3903 3904)
5(3903 3902 3901 3905 3906)
4(3051 3966 3905 3043)
4(3051 3050 3900 3966)
5(3044 3043 3905 3901 3907)
5(3044 3907 3901 3900 3050)
4(3954 3967 3969 3953)
4(3905 3967 3954 3906)
4(3905 3966 3969 3967)
4(3962 3906 3954 3953)
4(3848 3967 3954 3854)
4(3972 3955 3954 3967)
4(3853 3854 3954 3955)
4(3853 3849 3848 3854)
4(3972 3967 3905 3908)
4(3068 3043 3905 3967)
4(3042 3908 3905 3043)
4(3848 3852 3969 3967)
4(3068 3967 3969 3054)
4(3059 3852 3848 3070)
4(3851 3953 3954 3854)
4(3851 3854 3848 3852)
4(3911 3955 3954 3906)
4(3911 3906 3905 3908)
4(3900 3904 3964 3968)
4(3900 3968 3970 3966)
4(3970 3968 3964 3963)
4(3962 3963 3964 3904)
4(3971 3909 3900 3968)
4(3060 3968 3900 3050)
4(3047 3050 3900 3909)
4(3060 3055 3970 3968)
4(3958 3968 3970 3956)
4(3058 3062 3958 3956)
4(3971 3968 3964 3965)
4(3964 3968 3958 3961)
4(3960 3961 3958 3959)
4(3960 3965 3964 3961)
4(3910 3904 3964 3965)
4(3910 3909 3900 3904)
4(3957 3956 3958 3961)
4(3957 3961 3964 3963)
4(3032 3076 3978 3939)
4(3058 3956 3978 3076)
4(3957 3976 3978 3956)
4(3938 3939 3978 3976)
4(3846 3845 3973 3951)
4(3957 3951 3973 3976)
4(3938 3976 3973 3937)
4(3844 3937 3973 3845)
5(3057 3033 3844 3845 3846)
4(3077 3076 3978 3977)
4(3940 3036 3077 3977)
4(3978 3939 3940 3977)
4(3958 3977 3077 3062)
4(3958 3956 3978 3977)
4(3077 3977 3979 3078)
4(3979 3977 3940 3941)
4(3979 3959 3958 3977)
4(3975 3961 3958 3977)
4(3975 3977 3979 3974)
4(3960 3961 3975 3974)
4(3975 3976 3978 3977)
4(3957 3976 3975 3961)
4(3975 3942 3940 3977)
4(3938 3942 3975 3976)
4(3943 3974 3975 3942)
4(3962 3916 3920 3906)
4(3962 3904 3918 3916)
4(3918 3919 3920 3916)
5(3918 3904 3903 3929 3919)
5(3920 3919 3929 3903 3906)
4(3920 3906 3954 3922)
4(3962 3916 3913 3953)
4(3913 3922 3954 3953)
4(3920 3922 3913 3916)
4(3921 3955 3954 3922)
4(3921 3922 3920 3923)
4(3911 3923 3920 3906)
4(3915 3914 3952 3963)
4(3962 3916 3915 3963)
4(3952 3914 3913 3953)
4(3913 3914 3915 3916)
4(3957 3963 3915 3924)
4(3957 3924 3912 3951)
4(3912 3914 3952 3951)
4(3912 3924 3915 3914)
4(3964 3904 3918 3917)
4(3964 3917 3915 3963)
4(3915 3917 3918 3916)
4(3925 3965 3964 3917)
4(3927 3917 3964 3961)
4(3960 3928 3927 3961)
4(3925 3917 3927 3928)
4(3925 3926 3918 3917)
4(3910 3904 3918 3926)
4(3957 3961 3927 3924)
4(3927 3917 3915 3924)
4(3912 126 3973 3951)
4(131 3845 3973 126)
4(3846 3847 3912 3951)
4(131 126 3912 3847)
4(3846 3845 131 3847)
4(3973 3976 123 126)
4(3957 3924 123 3976)
4(3912 126 123 3924)
4(125 126 3973 3937)
4(3938 3976 123 124)
4(3844 42 131 3845)
4(3927 3961 3975 128)
4(129 128 3975 3974)
4(3927 128 129 3928)
4(123 3976 3975 128)
4(3927 3924 123 128)
4(3975 128 127 3942)
4(3855 3854 3954 3922)
4(3855 3922 3921 3856)
4(3853 3854 3855 3856)
4(3851 3953 3913 3857)
4(3855 3857 3913 3922)
4(3851 3857 3855 3854)
4(3858 3914 3952 3850)
4(3912 3914 3858 3847)
4(3846 3847 3858 3850)
4(3858 3914 3913 3857)
4(3851 3850 3858 3857)
4(3026 3930 3985 3025)
4(3931 3981 3985 3930)
4(3000 3025 3985 2999)
4(2998 2999 3985 3981)
4(3842 3859 3980 3932)
4(2998 3981 3980 2997)
4(2996 2997 3980 3859)
4(3931 3932 3980 3981)
5(3014 3001 2996 3859 3842)
4(3933 3984 3027 3028)
4(3985 3984 3933 3930)
4(3027 3984 3985 3025)
4(3986 3934 3933 3984)
4(3027 3030 3986 3984)
4(3933 3935 3982 3984)
4(3982 3981 3985 3984)
4(3931 3981 3982 3935)
4(3982 3984 3986 3983)
4(3936 3935 3982 3983)
4(3027 3984 3002 3003)
4(3002 3984 3985 2999)
4(3986 3984 3002 3005)
4(3002 3984 3982 3006)
4(2998 3006 3982 3981)
4(3007 3983 3982 3006)
4(75 3859 3980 168)
4(161 168 3980 3932)
4(3842 3859 75 73)
4(170 168 3980 2997)
4(3980 168 167 3981)
4(2998 3981 167 169)
4(2996 171 75 3859)
4(3931 162 167 3981)
4(3982 166 172 3006)
4(167 166 3982 3981)
4(3982 3983 173 166)
4(165 3935 3982 166)
4(4002 3863 3862 4045)
4(4046 4000 4002 4045)
4(3862 3861 4046 4045)
4(3860 4000 4046 3861)
4(3860 3863 4002 4000)
4(3860 3861 3862 3863)
4(4002 3988 3987 4045)
4(3987 3865 3862 4045)
4(3864 3988 4002 3863)
4(3864 3865 3987 3988)
4(3864 3863 3862 3865)
4(4002 4003 4035 4045)
4(4035 3990 3987 4045)
4(3989 3990 4035 4003)
4(3989 4003 4002 3988)
4(3989 3988 3987 3990)
4(4046 4036 4035 4045)
4(4001 4036 4046 4000)
4(4001 4003 4035 4036)
4(4001 4000 4002 4003)
4(4046 154 155 4045)
4(155 150 4035 4045)
4(134 154 4046 4036)
4(134 4036 4035 150)
4(155 4045 3862 157)
4(156 3861 4046 154)
4(156 157 3862 3861)
4(3987 4045 155 32)
4(151 150 4035 3990)
4(151 3990 3987 32)
4(31 32 3987 3865)
4(31 3865 3862 157)
5(3912 4001 4036 134 126)
5(3860 4000 4001 3912 3847)
5(3860 3847 131 156 3861)
4(4068 3039 3040 4050)
4(4067 4052 4068 4050)
4(3040 3041 4067 4050)
5(4049 3908 3905 3901 4055)
4(3901 3907 4062 4055)
4(3046 4056 4062 3045)
4(4049 4055 4062 4056)
4(3044 3045 4062 3907)
4(4070 4053 4069 4051)
4(4069 4040 4039 4051)
4(4039 4038 4070 4051)
4(4037 4038 4039 4040)
5(4048 4054 3901 3900 3909)
4(3901 4054 4064 3907)
4(3048 3049 4064 4059)
4(4048 4059 4064 4054)
4(3044 3907 4064 3049)
4(3901 3902 4065 4054)
4(4041 4060 4065 4042)
4(3903 4042 4065 3902)
4(4048 4054 4065 4060)
5(3910 4041 4042 3903 3904)
4(3901 4055 4066 3902)
4(4044 4043 4066 4061)
4(3903 3902 4066 4043)
4(4049 4061 4066 4055)
5(3911 3906 3903 4043 4044)
4(4064 4050 4063 4054)
4(4063 4050 4062 4055)
4(4062 4050 4064 3907)
4(3901 4054 4063 4055)
4(4068 4056 4062 4050)
4(3040 4050 4062 3045)
4(4067 4057 4063 4050)
4(4068 4050 4063 4058)
4(4047 4058 4063 4057)
4(4067 4050 4064 4059)
4(3040 3049 4064 4050)
4(4048 4057 4063 4054)
4(4049 4055 4063 4058)
4(4066 3902 4065 4051)
4(4063 4051 4065 4054)
4(4066 4051 4063 4055)
4(4069 4051 4063 4057)
4(4070 4058 4063 4051)
4(4065 4042 4039 4051)
4(4069 4060 4065 4051)
4(4041 4040 4039 4042)
4(4066 4051 4039 4043)
4(4070 4051 4066 4061)
4(4044 4043 4039 4038)
4(3903 4042 4039 4043)
4(4115 4150 4200 4149)
4(4115 4149 4201 4151)
4(4201 4149 4200 4131)
4(4200 4150 4248 4131)
4(4248 4151 4201 4131)
4(4116 4156 4205 4155)
4(4116 4155 4206 4153)
4(4116 4153 4207 4156)
4(4207 4153 4206 4132)
4(4206 4155 4205 4132)
4(4205 4156 4207 4132)
4(4116 4154 4209 4155)
4(4116 4156 4210 4154)
4(4209 4154 4210 4133)
4(4205 4155 4209 4133)
4(4210 4156 4205 4133)
6(4078 4176 4119 3920 3919 4074)
4(4119 4176 4200 4149)
4(4075 4150 4200 4076)
4(4078 4076 4200 4176)
5(4115 3923 3920 4119 4149)
5(4071 4072 3919 3920 3923)
4(3919 4072 4073 4074)
4(4075 4076 4073 4077)
4(4078 4074 4073 4076)
4(4071 4077 4073 4072)
5(4116 4155 4112 3915 3916)
4(4009 4008 4206 4153)
4(4112 4155 4206 4090)
4(4007 4090 4206 4008)
5(4116 3916 3913 4009 4153)
5(4007 3914 3915 4112 4090)
5(4007 4008 4009 3913 3914)
5(4116 4154 4084 3918 3916)
4(4084 4154 4209 4182)
4(4112 4114 4209 4155)
4(4101 4182 4209 4114)
5(3918 4084 4182 4101 3917)
5(4101 4114 4112 3915 3917)
4(4115 4149 4213 4148)
4(4252 4148 4213 4134)
4(4213 4149 4201 4134)
4(4201 4151 4252 4134)
4(4116 4152 4218 4156)
4(4116 4153 4214 4152)
4(4218 4152 4214 4135)
4(4214 4153 4207 4135)
4(4207 4156 4218 4135)
4(1155 4158 4220 1158)
4(1155 1156 4221 4158)
4(4220 4158 4221 4136)
4(4221 1156 1157 4136)
4(1157 1158 4220 4136)
4(1161 1162 4222 4163)
4(4251 4163 4222 4137)
4(4222 1162 1163 4137)
4(1163 1164 4251 4137)
4(1155 1158 4225 1168)
4(1159 1160 1167 4138)
4(1167 1168 4225 4138)
4(4225 1158 1159 4138)
4(4117 4161 4228 4162)
4(4244 4160 4246 4139)
4(4228 4161 4244 4139)
4(4246 4162 4228 4139)
6(1064 1065 4190 4127 4194 4124)
4(1137 4166 4223 1136)
4(1065 1066 4223 4190)
4(4127 4190 4223 4166)
4(1067 1136 4223 1066)
4(1137 1138 4226 4166)
4(4124 4194 4226 4195)
4(4127 4166 4226 4194)
4(1135 4195 4226 1138)
4(1161 4164 4229 1162)
4(1166 1162 4229 4140)
4(4247 1165 1166 4140)
4(4229 4164 4247 4140)
4(4116 4152 4232 4154)
4(4232 4152 4218 4141)
4(4210 4154 4232 4141)
4(4218 4156 4210 4141)
4(4243 4082 4081 4142)
4(4081 4080 4242 4142)
4(4242 4157 4243 4142)
4(4079 4080 4081 4082)
6(4129 4171 4118 4169 4128 4123)
5(4083 4123 4128 4181 4084)
4(4118 4170 4230 4169)
4(4084 4181 4230 4085)
4(4128 4169 4230 4181)
4(4078 4085 4230 4170)
4(4118 4171 4233 4170)
4(4087 4086 4233 4187)
4(4078 4170 4233 4086)
4(4129 4187 4233 4171)
6(4083 4084 4085 4078 4086 4087)
4(1155 4158 4237 1168)
4(4237 4158 4220 4143)
4(4225 1168 4237 4143)
4(4220 1158 4225 4143)
4(4250 4159 4245 4144)
4(4245 4161 4228 4144)
4(4228 4162 4250 4144)
5(1064 1065 4191 4128 4123)
4(4118 4169 4235 4168)
4(1065 4190 4235 4191)
4(4127 4168 4235 4190)
4(4128 4191 4235 4169)
4(4118 4168 4238 4171)
4(4124 4196 4238 4194)
4(4127 4194 4238 4168)
4(4129 4171 4238 4196)
4(4222 4163 4249 4145)
4(4229 1162 4222 4145)
4(4249 4164 4229 4145)
4(1155 1075 4240 4158)
4(4221 4158 4240 4146)
4(4240 1075 1074 4146)
4(1074 1156 4221 4146)
5(4106 4123 4128 4173 4107)
4(4107 4173 4211 4108)
4(4084 4182 4211 4181)
4(4128 4181 4211 4173)
4(4101 4108 4211 4182)
5(4083 4100 4101 4182 4084)
5(4106 4107 4108 4101 4100)
4(4240 4158 4237 4147)
4(1078 1075 4240 4147)
4(4237 1168 1078 4147)
4(4107 4111 4241 4173)
4(1065 4191 4241 1071)
4(4128 4173 4241 4191)
4(1070 1071 4241 4111)
5(4106 1069 1070 4111 4107)
5(4116 4152 4119 3920 3916)
4(4119 4152 4232 4176)
4(4084 4085 4232 4154)
4(4078 4176 4232 4085)
6(3918 3919 4074 4078 4085 4084)
4(4204 4131 4202 4167)
4(4203 4170 4202 4131)
4(4203 4131 4204 4172)
4(4118 4167 4202 4170)
4(4118 4170 4203 4172)
4(4118 4172 4204 4167)
4(4202 4131 4201 4174)
4(4200 4131 4202 4176)
4(4119 4174 4201 4149)
4(4119 4176 4202 4174)
4(4203 4131 4200 4076)
4(4248 4131 4203 4177)
4(4075 4177 4203 4076)
4(4204 4178 4201 4131)
4(4248 4179 4204 4131)
4(4120 4151 4201 4178)
4(4120 4178 4204 4179)
4(4126 4178 4201 4174)
4(4126 4174 4202 4167)
4(4126 4167 4204 4178)
4(4078 4170 4202 4176)
4(4078 4076 4203 4170)
4(4130 4172 4203 4177)
4(4130 4179 4204 4172)
4(4208 4132 4018 4017)
4(4091 4132 4208 4113)
4(4018 4132 4091 4019)
4(4016 4113 4208 4017)
4(4016 4019 4091 4113)
4(4016 4017 4018 4019)
4(4018 4132 4207 4020)
4(4018 4008 4206 4132)
4(4009 4020 4207 4153)
4(4009 4008 4018 4020)
4(4091 4093 4205 4132)
4(4091 4132 4206 4090)
4(4112 4155 4205 4093)
4(4112 4093 4091 4090)
4(4208 4184 4207 4132)
4(4208 4132 4205 4186)
4(4121 4186 4205 4156)
4(4121 4156 4207 4184)
4(4121 4184 4208 4186)
4(4021 4184 4207 4020)
4(4021 4017 4208 4184)
4(4021 4020 4018 4017)
4(4092 4093 4205 4186)
4(4092 4186 4208 4113)
4(4092 4113 4091 4093)
4(4007 4090 4091 4019)
4(4007 4019 4018 4008)
4(4211 4133 4212 4173)
4(4212 4133 4094 4095)
4(4094 4133 4211 4108)
4(4107 4173 4212 4095)
4(4107 4095 4094 4108)
4(4211 4181 4210 4133)
4(4211 4133 4209 4182)
4(4084 4154 4210 4181)
4(4094 4133 4205 4093)
4(4094 4114 4209 4133)
4(4112 4114 4094 4093)
4(4212 4133 4210 4185)
4(4212 4186 4205 4133)
4(4121 4185 4210 4156)
4(4121 4186 4212 4185)
4(4128 4181 4210 4185)
4(4128 4185 4212 4173)
4(4092 4095 4212 4186)
4(4092 4093 4094 4095)
4(4101 4108 4094 4114)
5(4004 3922 3920 4119 4175)
4(4006 4005 4213 4148)
4(4119 4149 4213 4175)
4(4004 4175 4213 4005)
5(3921 3922 4004 4005 4006)
4(4119 4175 4214 4152)
4(4009 4153 4214 4022)
4(4004 4022 4214 4175)
5(3913 4009 4022 4004 3922)
5(4096 3924 3915 4112 4097)
5(4096 4099 4001 3912 3924)
4(4001 4099 4098 4032)
4(4096 4097 4098 4099)
4(4112 4090 4098 4097)
4(4007 4032 4098 4090)
5(3912 4001 4032 4007 3914)
4(4101 3917 3925 4100)
4(4083 3926 3918 4084)
5(3927 4089 4102 4101 3917)
5(4088 4100 4101 4102 4089)
4(4088 4089 3927 3928)
5(4096 3924 3927 4089 4103)
4(4096 4103 4104 4097)
4(4089 4102 4104 4103)
4(4112 4097 4104 4114)
4(4101 4114 4104 4102)
4(4216 4165 4215 4134)
4(4012 4134 4215 4013)
4(4216 4134 4012 4011)
4(4010 4013 4215 4165)
4(4010 4165 4216 4011)
4(4010 4011 4012 4013)
4(4012 4005 4213 4134)
4(4252 4014 4012 4134)
4(4006 4005 4012 4014)
4(4215 4174 4201 4134)
4(4215 4134 4213 4175)
4(4119 4174 4215 4175)
4(4216 4134 4201 4178)
4(4252 4134 4216 4180)
4(4120 4180 4216 4178)
4(4126 4165 4215 4174)
4(4126 4178 4216 4165)
4(4004 4175 4215 4013)
4(4004 4013 4012 4005)
4(4015 4011 4216 4180)
4(4015 4014 4012 4011)
4(4217 4135 4215 4165)
4(4023 4135 4217 4024)
4(4215 4135 4023 4013)
4(4010 4024 4217 4165)
4(4010 4013 4023 4024)
4(4218 4174 4215 4135)
4(4214 4135 4215 4175)
4(4119 4174 4218 4152)
4(4023 4020 4207 4135)
4(4023 4135 4214 4022)
4(4009 4020 4023 4022)
4(4218 4135 4217 4183)
4(4217 4135 4207 4184)
4(4121 4183 4217 4184)
4(4121 4156 4218 4183)
4(4126 4165 4217 4183)
4(4126 4183 4218 4174)
4(4021 4184 4217 4024)
4(4021 4024 4023 4020)
4(4004 4022 4023 4013)
4(4219 4026 4025 4136)
4(4219 4136 4217 4165)
4(4217 4136 4025 4024)
4(4010 4026 4219 4165)
4(4010 4024 4025 4026)
4(4220 4183 4217 4136)
4(4221 4136 4217 4184)
4(4121 4183 4220 4158)
4(4121 4158 4221 4184)
4(4025 1170 1157 4136)
4(4221 4027 4025 4136)
4(1169 4027 4221 1156)
4(1169 1170 4025 4027)
4(4219 4136 1157 1172)
4(4220 4136 4219 4192)
4(1171 4192 4219 1172)
4(1171 1158 4220 4192)
4(1174 1172 4219 4026)
4(1174 4026 4025 1170)
4(4126 4165 4219 4192)
4(4126 4192 4220 4183)
4(4021 4184 4221 4027)
4(4021 4027 4025 4024)
4(4219 4137 4028 4026)
4(4216 4137 4219 4165)
4(4028 4137 4216 4011)
4(4010 4026 4028 4011)
4(4222 4137 4216 4178)
4(4216 4137 4251 4180)
4(4120 4163 4222 4178)
4(1163 4137 4219 1172)
4(4219 4137 4222 4192)
4(1171 4192 4222 1162)
4(1163 1176 4028 4137)
4(4251 4137 4028 4029)
4(1175 4029 4028 1176)
4(1174 1176 4028 4026)
4(4126 4178 4222 4192)
4(4015 4011 4028 4029)
4(4224 4138 1145 1146)
4(4224 4166 4223 4138)
4(4223 1136 1145 4138)
4(1137 4166 4224 1146)
4(1145 4138 1159 1148)
4(1167 4138 1145 1149)
4(4225 4138 4223 4190)
4(1167 1066 4223 4138)
4(1065 1168 4225 4190)
4(4224 1173 1159 4138)
4(4225 4193 4224 4138)
4(1171 1173 4224 4193)
4(1171 4193 4225 1158)
4(1150 1146 4224 1173)
4(4127 4193 4224 4166)
4(4127 4190 4225 4193)
4(4227 4139 4226 4166)
4(4226 4139 1140 1138)
4(1140 4139 4227 1139)
4(1137 1139 4227 4166)
4(4244 1142 1140 4139)
4(4246 4139 1140 1143)
4(4228 4194 4226 4139)
4(4244 4139 4226 4195)
4(4124 4194 4228 4161)
4(4228 4139 4227 4197)
4(4246 4198 4227 4139)
4(4125 4197 4227 4198)
4(4125 4162 4228 4197)
4(4127 4166 4227 4197)
4(4127 4197 4228 4194)
4(1144 4198 4227 1139)
4(4224 1146 1151 4140)
4(4224 4140 4227 4166)
4(4227 4140 1151 1139)
4(4224 4140 1166 1173)
4(4229 4140 4224 4193)
4(1171 1162 4229 4193)
4(1166 4140 1151 1154)
4(1151 4140 4247 1153)
4(4229 4197 4227 4140)
4(4247 4140 4227 4198)
4(4125 4197 4229 4164)
4(4127 4193 4229 4197)
4(4231 4167 4202 4141)
4(4231 4141 4230 4169)
4(4230 4141 4202 4170)
4(4118 4167 4231 4169)
4(4202 4174 4218 4141)
4(4202 4141 4232 4176)
4(4230 4141 4210 4181)
4(4232 4141 4230 4085)
4(4231 4141 4218 4183)
4(4231 4185 4210 4141)
4(4121 4185 4231 4183)
4(4126 4183 4231 4167)
4(4128 4169 4231 4185)
4(4233 4170 4203 4142)
4(4233 4142 4234 4171)
4(4234 4142 4203 4172)
4(4118 4171 4234 4172)
4(4081 4142 4203 4076)
4(4203 4142 4243 4177)
4(4075 4082 4081 4076)
4(4081 4086 4233 4142)
4(4242 4142 4233 4187)
4(4087 4086 4081 4080)
4(4242 4188 4234 4142)
4(4243 4142 4234 4189)
4(4122 4189 4234 4188)
4(4078 4076 4081 4086)
4(4129 4188 4234 4171)
4(4130 4172 4234 4189)
4(4231 4143 4236 4167)
4(4236 4143 4235 4168)
4(4235 4143 4231 4169)
4(4118 4167 4236 4168)
4(4220 4143 4231 4183)
4(4237 4185 4231 4143)
4(4121 4185 4237 4158)
4(4235 4143 4225 4190)
4(4237 4143 4235 4191)
4(1065 1168 4237 4191)
4(4236 4143 4220 4192)
4(4236 4193 4225 4143)
4(1171 4193 4236 4192)
4(4126 4192 4236 4167)
4(4127 4168 4236 4193)
4(4128 4191 4237 4185)
4(4239 4168 4238 4144)
4(4234 4144 4238 4171)
4(4239 4144 4234 4172)
4(4118 4168 4239 4172)
4(4245 4144 4234 4188)
4(4250 4189 4234 4144)
4(4238 4194 4228 4144)
4(4245 4196 4238 4144)
4(4239 4144 4228 4197)
4(4250 4144 4239 4199)
4(4125 4199 4239 4197)
4(4127 4197 4239 4168)
4(4130 4172 4239 4199)
4(4204 4167 4236 4145)
4(4236 4168 4239 4145)
4(4204 4145 4239 4172)
4(4204 4145 4222 4178)
4(4249 4145 4204 4179)
4(4222 4145 4236 4192)
4(4236 4145 4229 4193)
4(4229 4145 4239 4197)
4(4239 4145 4249 4199)
4(4031 4146 4208 4017)
4(4105 4146 4031 4030)
4(4208 4146 4105 4113)
4(4016 4113 4105 4030)
4(4016 4030 4031 4017)
4(4208 4146 4221 4184)
4(4240 4146 4208 4186)
4(4121 4158 4240 4186)
4(4105 1073 1074 4146)
4(4105 4146 4240 4110)
4(1072 4110 4240 1075)
4(1072 1073 4105 4110)
4(4031 4027 4221 4146)
4(4031 4146 1074 1077)
4(1169 4027 4031 1077)
4(4021 4017 4031 4027)
4(1076 4030 4105 1073)
4(1076 1077 4031 4030)
4(4092 4186 4240 4110)
4(4092 4110 4105 4113)
4(4212 4147 4241 4173)
4(4109 4147 4212 4095)
4(4109 4111 4241 4147)
4(4107 4111 4109 4095)
4(4212 4185 4237 4147)
4(4212 4147 4240 4186)
4(4109 4110 4240 4147)
4(4109 4147 1078 1079)
4(1072 4110 4109 1079)
4(4241 4147 4237 4191)
4(4241 1071 1078 4147)
4(4092 4095 4109 4110)
4(1070 1079 4109 4111)
4(3989 3992 4275 4003)
4(4275 4256 4035 4003)
4(4275 3992 3991 4256)
4(3991 3990 4035 4256)
4(3989 3990 3991 3992)
4(1083 1084 4276 4262)
4(1083 4262 3993 1086)
4(4276 1084 1085 3994)
4(3993 4262 4276 3994)
4(1085 1086 3993 3994)
5(141 4254 4255 4271 140)
5(4088 4089 4270 4255 4254)
5(4088 142 137 4269 4089)
4(4089 4269 4278 4270)
4(137 139 4278 4269)
4(140 4271 4278 139)
4(4255 4270 4278 4271)
4(136 143 4274 4264)
4(136 4264 4277 138)
4(144 4257 4274 143)
4(4274 4257 4277 4264)
4(144 138 4277 4257)
4(1083 1087 4282 4262)
4(4282 1087 1088 4258)
4(1088 1084 4276 4258)
4(4276 4262 4282 4258)
5(1080 4254 4255 4263 1082)
4(1082 4263 4281 1081)
4(100 1081 4281 145)
4(140 145 4281 4271)
4(4255 4271 4281 4263)
4(4034 4259 4275 4003)
4(4283 3992 4275 4259)
4(4034 4033 4283 4259)
4(3989 3992 4283 4033)
4(3989 4033 4034 4003)
4(1083 4262 4285 1090)
4(4285 4262 3993 3995)
4(1089 1090 4285 3995)
4(3993 1086 1089 3995)
5(4255 4254 4106 4107 4272)
4(4089 4270 4286 4102)
4(4107 4108 4286 4272)
4(4255 4272 4286 4270)
4(4101 4102 4286 4108)
4(4253 4266 4280 4267)
4(4253 4268 4284 4266)
4(4284 4260 4280 4266)
4(4287 4267 4280 4260)
4(4287 4260 4284 4268)
4(4253 4267 4287 4268)
4(1092 1087 4282 4261)
4(4282 4262 4285 4261)
4(4285 1090 1092 4261)
4(1082 1091 4288 4263)
4(4107 4272 4288 4111)
4(4255 4263 4288 4272)
4(1070 4111 4288 1091)
4(4275 4256 4273 4099)
4(4273 4256 4035 4036)
4(4001 4099 4273 4036)
4(4001 4003 4275 4099)
4(4274 4256 149 143)
4(4273 4256 4274 4264)
4(4273 135 149 4256)
4(136 135 4273 4264)
4(4274 4256 3991 4265)
4(149 148 3991 4256)
4(147 4265 3991 148)
4(147 143 4274 4265)
4(4274 4256 4275 4266)
4(4253 3992 3991 4265)
4(4253 4265 4274 4266)
4(4253 4266 4275 3992)
4(4096 4264 4273 4099)
4(4096 4266 4274 4264)
4(4096 4099 4275 4266)
4(4035 150 149 4256)
4(134 4036 4273 135)
4(151 148 3991 3990)
4(133 3994 4276 132)
4(96 132 4276 1084)
4(1085 3994 133 97)
4(4276 4265 3991 3994)
4(147 4265 4276 132)
4(3991 148 133 3994)
4(4253 4262 4276 4265)
4(4253 3992 3993 4262)
4(3993 3992 3991 3994)
5(4096 4264 136 123 3924)
5(137 128 3927 4089 4269)
4(4096 4264 4277 4103)
4(4089 4103 4277 4269)
4(137 4269 4277 138)
4(4279 4257 4274 4265)
4(144 4257 4279 152)
4(147 152 4279 4265)
4(4280 4257 4274 4266)
4(4280 4267 4279 4257)
4(4253 4265 4279 4267)
4(4277 4103 4280 4257)
4(4096 4266 4280 4103)
4(4277 4269 4278 4257)
4(4280 4257 4278 4270)
4(4089 4103 4280 4270)
4(144 139 4278 4257)
4(4278 4257 4279 4271)
4(140 4271 4279 152)
4(4255 4267 4279 4271)
4(4255 4270 4280 4267)
4(4281 1081 1088 4258)
4(4282 4263 4281 4258)
4(1082 4263 4282 1087)
4(146 101 1088 4258)
4(146 4258 4281 145)
4(146 132 4276 4258)
4(4279 4265 4276 4258)
4(146 152 4279 4258)
4(4282 4258 4279 4267)
4(4253 4262 4282 4267)
4(4281 4271 4279 4258)
4(4255 4267 4282 4263)
4(4098 4259 4275 4099)
4(4098 4032 4034 4259)
4(4001 4003 4034 4032)
4(4275 4259 4284 4266)
4(4284 4259 4283 4268)
4(4253 4268 4283 3992)
4(4284 4097 4098 4259)
4(4096 4097 4284 4266)
4(4091 4113 4283 4259)
4(4091 4259 4034 4019)
4(4016 4033 4283 4113)
4(4016 4019 4034 4033)
4(4091 4259 4284 4093)
4(4098 4259 4091 4090)
4(4112 4093 4284 4097)
4(4092 4113 4283 4268)
4(4092 4268 4284 4093)
4(4007 4032 4034 4019)
4(3993 3992 4283 3995)
4(4283 4033 3997 3995)
4(3989 3996 3997 4033)
4(3989 3992 3993 3996)
4(3997 3996 3993 3995)
4(4285 4268 4283 3995)
4(4253 4268 4285 4262)
4(3997 3995 4105 4030)
4(4105 3995 4283 4113)
4(4016 4033 3997 4030)
4(4105 3995 1089 1073)
4(4105 4110 4285 3995)
4(1072 1090 4285 4110)
4(1076 4030 3997 1093)
4(3997 3995 1089 1093)
4(4092 4110 4285 4268)
4(4280 4103 4104 4260)
4(4104 4097 4284 4260)
4(4280 4270 4286 4260)
4(4104 4260 4286 4102)
4(4287 4260 4286 4272)
4(4094 4260 4287 4095)
4(4286 4260 4094 4108)
4(4107 4095 4287 4272)
4(4094 4093 4284 4260)
4(4104 4114 4094 4260)
4(4255 4272 4287 4267)
4(4092 4268 4287 4095)
4(4288 4263 4282 4261)
4(4288 4261 1092 1091)
4(4287 4261 4282 4267)
4(4285 4261 4287 4268)
4(4288 4261 4287 4272)
4(4109 4095 4287 4261)
4(4109 4261 4288 4111)
4(4109 4261 4285 4110)
4(4109 1079 1092 4261)
4(4081 4082 4306 4291)
4(4305 4080 4081 4291)
4(4306 4293 4305 4291)
5(4290 3926 3918 3919 4295)
4(3919 4074 4301 4295)
4(4087 4296 4301 4086)
4(4078 4086 4301 4074)
4(4290 4295 4301 4296)
4(4307 4294 4308 4292)
4(4039 4040 4307 4292)
4(4308 4038 4039 4292)
4(3919 4295 4303 3929)
4(4041 4042 4303 4299)
4(3903 3929 4303 4042)
4(4290 4299 4303 4295)
4(3919 3929 4304 4072)
4(4044 4300 4304 4043)
4(3903 4043 4304 3929)
4(4071 4072 4304 4300)
4(4301 4291 4073 4074)
4(4302 4291 4301 4295)
4(4302 4072 4073 4291)
4(3919 4072 4302 4295)
4(4073 4291 4081 4076)
4(4306 4291 4073 4077)
4(4301 4086 4081 4291)
4(4305 4296 4301 4291)
4(4305 4291 4302 4297)
4(4306 4298 4302 4291)
4(4289 4297 4302 4298)
4(4290 4295 4302 4297)
4(4071 4298 4302 4072)
4(4304 4292 4303 3929)
4(4303 4292 4302 4295)
4(4302 4292 4304 4072)
4(4307 4297 4302 4292)
4(4308 4292 4302 4298)
4(4039 4042 4303 4292)
4(4307 4292 4303 4299)
4(4039 4292 4304 4043)
4(4308 4300 4304 4292)
4(1076 4030 4309 1095)
4(4309 3998 1094 1095)
4(4309 4030 3997 3998)
4(1094 3998 3997 1093)
4(3866 4319 4325 3867)
4(4325 4319 4335 4313)
4(3868 3867 4325 4313)
4(4335 3869 3868 4313)
4(3866 3867 3868 3869)
4(4006 4319 4325 4005)
4(3870 4322 4325 3867)
4(4004 4005 4325 4322)
5(4004 4322 3870 3855 3922)
5(3866 3856 3855 3870 3867)
4(3871 4320 4331 3872)
4(3871 3874 4328 4320)
4(4328 3874 3873 4314)
4(4331 4320 4328 4314)
4(3873 3872 4331 4314)
4(3871 3872 3873 3874)
4(1179 4315 3875 1178)
4(4332 4315 1179 1180)
4(3875 4315 4332 3876)
4(1177 3876 4332 1180)
4(1177 1178 3875 3876)
4(1181 3878 4333 1184)
4(3877 1182 1183 4316)
4(4333 3878 3877 4316)
4(1183 1184 4333 4316)
4(1181 1182 3877 3878)
4(3871 4320 4329 3879)
4(4329 4320 4331 4317)
4(3880 3879 4329 4317)
4(4331 3872 3880 4317)
4(3871 3879 3880 3872)
4(1098 1097 3881 4318)
4(3881 3878 4333 4318)
4(4333 1184 1098 4318)
4(1181 3878 3881 1097)
4(4326 4313 4012 4013)
4(4012 4313 4327 4011)
4(4327 4313 4326 4321)
4(4010 4321 4326 4013)
4(4010 4011 4327 4321)
4(4012 4313 4325 4005)
4(4335 4313 4012 4014)
4(4326 4322 4325 4313)
4(3868 3882 4326 4313)
4(3870 4322 4326 3882)
4(3870 3882 3868 3867)
4(4335 4323 4327 4313)
4(3868 4313 4327 3884)
4(3883 3884 4327 4323)
4(3883 3869 3868 3884)
4(4004 4013 4326 4322)
4(4015 4323 4327 4011)
4(3885 3882 4326 4321)
4(3885 4321 4327 3884)
4(3885 3884 3868 3882)
5(3871 3857 3913 4009 4320)
4(3870 3874 4328 4322)
4(4009 4022 4328 4320)
4(4004 4322 4328 4022)
5(3871 3874 3870 3855 3857)
4(4009 4320 4329 4008)
4(3886 4311 4329 3879)
4(4007 4008 4329 4311)
5(3858 3914 4007 4311 3886)
5(3871 3857 3858 3886 3879)
4(4330 4314 4023 4024)
4(4023 4314 4326 4013)
4(4326 4314 4330 4321)
4(4010 4321 4330 4024)
4(4326 4314 4328 4322)
4(3873 4314 4326 3882)
4(3870 3874 3873 3882)
4(4331 4020 4023 4314)
4(4328 4314 4023 4022)
4(4009 4020 4331 4320)
4(4331 4314 4330 4324)
4(3873 3888 4330 4314)
4(3887 4324 4330 3888)
4(3887 3872 4331 4324)
4(3887 3888 3873 3872)
4(4021 4024 4330 4324)
4(4021 4324 4331 4020)
4(3885 3888 4330 4321)
4(3885 3882 3873 3888)
4(3875 3889 4336 4315)
4(4336 1185 1179 4315)
4(1186 3889 3875 1178)
4(4028 4315 4332 4026)
4(4327 4315 4028 4011)
4(4332 4315 4327 4321)
4(4010 4026 4332 4321)
4(4336 4315 4327 4323)
4(3875 3884 4327 4315)
4(3883 3884 3875 3889)
4(4028 1176 1179 4315)
4(4336 4029 4028 4315)
4(1174 1180 4332 4026)
4(3885 4321 4332 3876)
4(3885 3876 3875 3884)
4(1183 4316 4332 1180)
4(4332 4316 3877 3876)
4(1177 3876 3877 1182)
4(4025 4026 4332 4316)
4(4330 4024 4025 4316)
4(4330 4316 4332 4321)
4(4333 4324 4330 4316)
4(3877 4316 4330 3888)
4(3887 4324 4333 3878)
4(3887 3878 3877 3888)
4(4025 4316 1183 1170)
4(4333 4316 4025 4027)
4(1169 1184 4333 4027)
4(4021 4027 4333 4324)
4(3885 3888 3877 3876)
4(4018 4317 4334 4017)
4(4310 4317 4018 4019)
4(4310 4312 4334 4317)
4(4016 4017 4334 4312)
4(4016 4312 4310 4019)
4(4018 4020 4331 4317)
4(4018 4317 4329 4008)
4(4310 4311 4329 4317)
4(4310 4317 3880 3890)
4(3886 4311 4310 3890)
4(3886 3890 3880 3879)
4(4334 4317 4331 4324)
4(3880 4317 4334 3891)
4(3887 3891 4334 4324)
4(3887 3872 3880 3891)
4(4021 4324 4334 4017)
4(4007 4019 4310 4311)
4(3892 4312 4334 3891)
4(3892 3890 4310 4312)
4(3892 3891 3880 3890)
4(4309 4318 1098 1095)
4(3881 4318 4309 3893)
4(1096 3893 4309 1095)
4(1096 1097 3881 3893)
4(4334 4318 4031 4017)
4(4309 4030 4031 4318)
4(4309 4318 4334 4312)
4(4016 4030 4309 4312)
4(4333 4318 4334 4324)
4(4334 4318 3881 3891)
4(3887 3891 3881 3878)
4(4031 4318 4333 4027)
4(1098 4318 4031 1077)
4(3892 4312 4309 3893)
4(3892 3893 3881 3891)
4(3860 4000 4337 3894)
4(4001 4032 4337 4000)
4(3886 3894 4337 4311)
4(4007 4311 4337 4032)
5(3860 3894 3886 3858 3847)
4(3895 3863 4002 4338)
4(4002 4000 4337 4338)
4(4337 3894 3895 4338)
4(3860 3863 3895 3894)
4(4339 3988 4002 4338)
4(4339 4338 3895 3896)
4(3864 3988 4339 3896)
4(3864 3896 3895 3863)
4(4034 4003 4002 4338)
4(4339 4033 4034 4338)
4(3989 4033 4339 3988)
4(4337 4338 4034 4032)
4(4310 3890 3895 4338)
4(4310 4338 4337 4311)
4(3886 3894 3895 3890)
4(4310 4312 4339 4338)
4(3892 3896 4339 4312)
4(3892 3890 3895 3896)
4(4310 4019 4034 4338)
4(4016 4312 4339 4033)
4(3999 3988 4339 3998)
4(3898 3998 4339 3896)
4(3864 3988 3999 3897)
4(3999 3998 3898 3897)
4(3864 3897 3898 3896)
4(3997 4033 4339 3998)
4(3999 3996 3997 3998)
4(3989 3996 3999 3988)
4(4309 3893 3898 3998)
4(4339 4312 4309 3998)
4(3892 3896 3898 3893)
4(3898 3998 1094 1099)
4(1096 3893 3898 1099)
4(1100 3996 3999 1103)
4(4341 1101 1102 4340)
4(1100 1101 4341 3996)
4(3999 4340 1102 1103)
4(3999 3996 4341 4340)
4(1100 3996 3997 1093)
4(1094 3998 3999 1103)
4(119 153 4341 1101)
4(29 3 1102 4340)
4(4341 153 29 4340)
4(3993 3994 4341 3996)
4(1085 1101 4341 3994)
4(1100 1086 3993 3996)
4(4341 3990 3991 3994)
4(3989 3990 4341 3996)
4(133 153 4341 3994)
4(151 153 4341 3990)
4(3899 3897 3999 4340)
4(1102 1105 3899 4340)
4(1104 1103 3999 3897)
4(1104 3897 3899 1105)
4(3999 4340 3987 3988)
4(3987 4340 3899 3865)
4(3864 3865 3899 3897)
4(3987 3990 4341 4340)
4(29 30 3899 4340)
4(0 1105 3899 30)
4(29 4340 3987 32)
4(31 30 3899 3865)
4(1104 1099 3898 3897)
4(3084 3085 4401 4393)
4(3086 4400 4401 3085)
4(3086 3083 4394 4400)
4(4394 4393 4401 4400)
4(3084 4393 4394 3083)
4(4383 4382 4401 4398)
4(3087 3085 4401 4382)
4(4389 4398 4401 4393)
4(4383 4398 4399 4384)
4(3846 4384 4399 3845)
4(4389 4392 4399 4398)
4(3844 3845 4399 4392)
6(3844 4392 4389 4393 3084 3033)
6(3057 3087 4382 4383 4384 3846)
4(4396 4400 4387 4386)
4(4387 4400 4402 4388)
4(4402 4400 4396 4397)
4(4385 4397 4396 4386)
4(4385 4386 4387 4388)
4(4387 4382 4401 4400)
4(4396 4400 4401 4398)
4(4383 4386 4396 4398)
4(4383 4382 4387 4386)
4(3086 3090 4387 4400)
4(4402 3089 3086 4400)
4(3088 4388 4387 3090)
4(3087 3090 4387 4382)
4(4402 4395 4394 4400)
4(3082 3083 4394 4395)
4(4396 4400 4394 4390)
4(4389 4398 4396 4390)
4(4389 4390 4394 4393)
4(4391 4390 4396 4397)
4(4391 4395 4394 4390)
4(4344 4343 4396 4386)
4(4396 4343 4342 4397)
4(4385 4345 4344 4386)
4(4342 4343 4344 4345)
4(4396 4398 4348 4343)
4(4383 4347 4348 4398)
4(4383 4386 4344 4347)
4(4344 4343 4348 4347)
4(33 4343 4396 4390)
4(4389 4398 4348 34)
4(4389 34 33 4390)
4(4348 4343 33 34)
4(4391 4390 33 38)
4(4342 38 33 4343)
4(4346 4349 4399 4384)
4(4348 4398 4399 4349)
4(4383 4347 4346 4384)
4(4346 4347 4348 4349)
4(131 4349 4399 3845)
4(3846 4384 4346 3847)
4(4346 4349 131 3847)
4(4399 4349 39 4392)
4(4389 4392 39 34)
4(39 4349 4348 34)
4(3844 42 39 4392)
4(131 4349 39 42)
4(3012 3081 4404 4371)
4(4404 4403 4372 4371)
4(4372 4403 3079 3011)
4(3079 4403 4404 3081)
4(3012 4371 4372 3011)
4(4374 4376 4404 4371)
4(3084 3081 4404 4393)
4(4389 4393 4404 4376)
4(4389 4376 4375 4392)
4(3844 4392 4375 3843)
6(3014 3842 4373 4374 4371 3012)
4(3842 3843 4375 4373)
4(4374 4373 4375 4376)
4(4380 4403 4372 4377)
4(4380 4376 4404 4403)
4(4374 4377 4372 4371)
4(4374 4376 4380 4377)
4(4405 4378 4372 4403)
4(3079 3080 4405 4403)
4(3008 3011 4372 4378)
4(4380 4403 4405 4381)
4(4379 4378 4372 4377)
4(4379 4377 4380 4381)
4(3079 4403 4394 3083)
4(4404 4393 4394 4403)
4(4405 4403 4394 4395)
4(4394 4403 4380 4390)
4(4389 4390 4380 4376)
4(4391 4381 4380 4390)
4(4380 36 33 4390)
4(4389 34 35 4376)
4(35 36 4380 4376)
4(4380 36 37 4381)
4(39 40 4375 4392)
4(4375 40 35 4376)
4(41 40 4375 3843)
4(4466 3104 3105 4424)
4(3105 3106 4469 4424)
4(4469 4429 4466 4424)
4(4468 3098 3099 4425)
4(3099 3070 3848 4425)
4(3848 3849 4468 4425)
4(3094 4412 4459 3095)
4(3094 3097 4421 4412)
4(3091 4426 4421 3097)
4(3091 3095 4459 4426)
4(4421 4426 4459 4412)
4(4383 4434 4460 4384)
4(4383 4347 4370 4434)
4(4346 4384 4460 4367)
4(4460 4434 4370 4367)
4(4346 4367 4370 4347)
4(3094 4412 4457 3093)
4(3059 3093 4457 3852)
4(4406 4435 4457 4412)
4(3851 3852 4457 4435)
4(4383 4434 4459 4382)
4(3087 4382 4459 3095)
4(4406 4412 4459 4434)
4(3846 3850 4460 4384)
4(4406 4434 4460 4435)
4(3851 4435 4460 3850)
5(4357 4356 4441 4419 4413)
5(4419 4441 4356 4352 4414)
4(4406 4413 4419 4414)
4(4406 4414 4352 4358)
4(4406 4358 4357 4413)
4(4352 4356 4357 4358)
4(4407 4439 4463 4438)
4(4471 4436 4470 4427)
4(4470 4438 4463 4427)
4(4463 4439 4471 4427)
5(4408 4415 4447 4419 4413)
4(4408 4413 4357 4360)
4(4356 4441 4461 4361)
4(4415 4448 4461 4447)
4(4419 4447 4461 4441)
4(4359 4361 4461 4448)
5(4359 4360 4357 4356 4361)
5(4409 4414 4419 4450 4416)
4(4409 4351 4352 4414)
4(4356 4355 4462 4441)
4(4416 4450 4462 4451)
4(4419 4441 4462 4450)
4(4354 4451 4462 4355)
5(4354 4355 4356 4352 4351)
4(4421 4410 4420 4412)
5(4419 4442 4410 4421 4413)
5(4420 4410 4442 4419 4414)
4(4406 4412 4420 4414)
4(4406 4413 4421 4412)
4(4472 4437 4473 4428)
4(4463 4438 4472 4428)
4(4473 4439 4463 4428)
5(3101 3100 4420 4410 4431)
5(4423 4444 4410 4420 4417)
4(3101 4431 4454 3108)
4(3107 3108 4454 4432)
4(4410 4444 4454 4431)
4(4423 4432 4454 4444)
4(3102 4417 4420 3100)
5(3101 4431 4410 4421 3097)
5(4422 4418 4421 4410 4443)
4(3110 4430 4455 3109)
4(3101 3109 4455 4431)
4(4410 4431 4455 4443)
4(4422 4443 4455 4430)
4(3096 3097 4421 4418)
4(3094 3100 4420 4412)
4(4408 4418 4421 4413)
4(4410 4443 4464 4442)
4(4415 4447 4464 4449)
4(4419 4442 4464 4447)
4(4422 4449 4464 4443)
4(4409 4414 4420 4417)
4(4410 4442 4465 4444)
4(4416 4452 4465 4450)
4(4419 4450 4465 4442)
4(4423 4444 4465 4452)
4(4455 3109 3105 4424)
4(4466 4430 4455 4424)
4(4454 3108 3105 4424)
4(4455 4431 4454 4424)
4(4469 4424 4454 4432)
4(4453 4424 4455 4443)
4(4454 4424 4453 4444)
4(4410 4444 4453 4443)
4(4466 4424 4453 4445)
4(4469 4446 4453 4424)
4(4411 4445 4453 4446)
4(4422 4443 4453 4445)
4(4423 4446 4453 4444)
4(4366 4435 4456 4353)
4(4456 4414 4352 4353)
4(4406 4414 4456 4435)
4(4406 4435 4366 4358)
4(4366 4353 4352 4358)
4(3855 4353 4456 3854)
4(4350 4440 4456 4353)
4(3853 3854 4456 4440)
4(4350 4353 3855 3856)
4(3851 4435 4456 3854)
4(3851 3857 4366 4435)
4(3855 4353 4366 3857)
4(4409 4440 4456 4414)
4(4350 4351 4352 4353)
4(4420 3100 3099 4425)
4(4468 4417 4420 4425)
4(4457 3093 3099 4425)
4(4457 4425 4420 4412)
4(3848 4425 4457 3852)
4(4457 4425 4456 4435)
4(4456 4425 4420 4414)
4(3848 3854 4456 4425)
4(4468 4425 4456 4440)
4(4344 4386 4458 4368)
4(4369 4368 4458 4433)
4(4385 4433 4458 4386)
4(4344 4368 4369 4345)
4(4370 4434 4458 4368)
4(4383 4386 4458 4434)
4(4344 4347 4370 4368)
4(4357 4413 4458 4368)
4(4406 4434 4458 4413)
4(4406 4358 4370 4434)
4(4357 4368 4370 4358)
4(4408 4413 4458 4433)
4(4369 4368 4357 4360)
4(3091 4426 4467 3092)
4(4467 4426 4421 4418)
4(4387 4426 4458 4386)
4(4467 4426 4387 4388)
4(4467 4433 4458 4426)
4(4387 4426 4459 4382)
4(4458 4434 4459 4426)
4(4387 3090 3091 4426)
4(4421 4426 4458 4413)
4(3858 3850 4460 4367)
4(3858 4367 4346 3847)
4(4460 4435 4366 4367)
4(4370 4367 4366 4358)
4(3858 3857 4366 4367)
4(4462 4441 4461 4427)
4(4362 4427 4461 4361)
4(4462 4427 4362 4355)
4(4356 4355 4362 4361)
4(4470 4427 4362 4364)
4(4471 4365 4362 4427)
4(4363 4364 4362 4365)
4(4463 4427 4461 4447)
4(4470 4448 4461 4427)
4(4415 4438 4463 4447)
4(4463 4450 4462 4427)
4(4471 4427 4462 4451)
4(4416 4450 4463 4439)
4(4419 4447 4463 4450)
4(4359 4361 4362 4364)
4(4354 4365 4362 4355)
4(4465 4428 4464 4442)
4(4464 4428 4453 4443)
4(4453 4428 4465 4444)
4(4472 4445 4453 4428)
4(4473 4428 4453 4446)
4(4464 4428 4463 4447)
4(4472 4428 4464 4449)
4(4465 4450 4463 4428)
4(4473 4452 4465 4428)
4(3012 4371 4479 3013)
4(4372 4478 4479 4371)
4(3010 4478 4372 3011)
4(3010 3013 4479 4478)
4(4374 4371 4479 4476)
4(3015 3018 4479 3013)
4(3019 4476 4479 3018)
4(3019 3020 4477 4476)
4(3842 4373 4477 3859)
4(2996 3859 4477 3020)
4(4374 4476 4477 4373)
4(4474 4377 4372 4478)
4(4474 4478 4479 4476)
4(4374 4377 4474 4476)
4(4372 4378 4480 4478)
4(4480 3009 3010 4478)
4(4480 4478 4474 4475)
4(4379 4475 4474 4377)
4(3010 4478 3022 3017)
4(4480 3021 3022 4478)
4(3022 3018 4479 4478)
4(4474 4478 3022 3023)
4(3019 4476 4474 3023)
4(3024 3023 4474 4475)
4(66 4377 4380 36)
4(4379 4377 66 67)
4(4374 4376 35 68)
4(4374 68 66 4377)
4(69 40 4375 4373)
4(3842 73 69 4373)
4(4374 4373 69 68)
4(177 71 4474 3023)
4(4474 71 72 4476)
4(3019 4476 72 178)
4(4474 71 70 4475)
4(66 71 4474 4377)
4(4374 68 72 4476)
4(4477 74 183 3020)
4(72 74 4477 4476)
4(75 74 4477 3859)
4(69 4373 4477 74)
5(4492 4491 76 78 4535)
4(4494 4493 4537 4527)
5(76 4519 4518 4530 78)
5(4490 4494 4527 4518 4519)
4(4518 4527 4537 4530)
4(78 4530 4537 4535)
4(4492 4535 4537 4493)
5(4490 4491 4492 4493 4494)
4(78 4535 4538 77)
4(1107 1108 4538 4501)
4(11 77 4538 1108)
4(4492 4501 4538 4535)
5(1106 1107 4501 4492 4491)
4(4542 4521 4537 4527)
4(4500 4521 4542 4499)
4(4500 4493 4537 4521)
4(4494 4499 4542 4527)
4(4494 4493 4500 4499)
4(4518 4530 4543 4529)
4(47 4529 4543 46)
4(78 79 4543 4530)
4(45 46 4543 79)
5(43 4519 4518 4529 47)
4(1109 1110 4544 4502)
4(4544 1110 1111 4522)
4(1111 1112 4503 4522)
4(4503 4502 4544 4522)
4(1109 4502 4503 1112)
4(4518 4530 4540 4528)
4(4546 4528 4540 4523)
4(4543 4529 4546 4523)
4(4540 4530 4543 4523)
4(4518 4528 4546 4529)
4(4495 4498 4549 4531)
4(4495 4531 4541 4496)
4(4541 4531 4549 4524)
4(4549 4498 4497 4524)
4(4497 4496 4541 4524)
4(4495 4496 4497 4498)
4(1114 1110 4544 4525)
4(4544 4502 4504 4525)
4(4504 1113 1114 4525)
4(1109 1113 4504 4502)
4(4520 4532 4545 4534)
4(4520 4534 4548 4533)
4(4550 4526 4545 4532)
4(4548 4526 4550 4533)
4(4545 4526 4548 4534)
4(4520 4533 4550 4532)
5(4344 4494 4527 4518 4343)
4(4518 4519 4342 4343)
4(4490 4494 4344 4345)
4(4520 4533 4549 4531)
4(4515 4513 4549 4533)
4(4505 4498 4549 4513)
5(4495 4347 4348 4520 4531)
5(4515 4533 4520 4348 4349)
5(4515 4349 4346 4505 4513)
5(4495 4498 4505 4346 4347)
4(4542 4521 4540 4528)
4(4537 4530 4540 4521)
4(4518 4527 4542 4528)
4(4542 4531 4541 4521)
4(4541 4496 4500 4521)
4(4495 4531 4542 4499)
4(4495 4499 4500 4496)
4(4541 4521 4540 4534)
4(4520 4534 4540 4528)
4(4520 4531 4541 4534)
4(4520 4528 4542 4531)
4(4540 4521 4539 81)
4(4539 4521 4537 4535)
4(78 81 4539 4535)
4(78 4530 4540 81)
4(4541 4536 4539 4521)
4(4500 4521 4539 4509)
4(4507 4509 4539 4536)
4(4507 4536 4541 4496)
4(4507 4496 4500 4509)
4(85 4536 4539 81)
4(85 81 4540 4534)
4(85 4534 4541 4536)
4(4492 4535 4539 4509)
4(4492 4509 4500 4493)
4(80 4522 4538 77)
4(80 81 4539 4522)
4(4538 4522 4539 4535)
4(1111 4522 80 16)
4(80 4522 4544 83)
4(15 83 4544 1110)
4(1111 1108 4538 4522)
4(4503 4522 4538 4501)
4(1107 1112 4503 4501)
4(4544 4522 4539 4536)
4(4539 4522 4503 4509)
4(4507 4502 4544 4536)
4(4507 4509 4503 4502)
4(85 4536 4544 83)
4(4492 4501 4503 4509)
4(4545 4523 4546 4532)
4(4545 4534 4540 4523)
4(4520 4532 4546 4528)
4(4546 49 50 4523)
4(50 51 4545 4523)
4(48 4532 4545 51)
4(48 49 4546 4532)
4(50 4523 4543 46)
4(47 4529 4546 49)
4(82 4523 4540 81)
4(82 79 4543 4523)
4(4545 4523 82 84)
4(82 4523 50 53)
4(52 51 4545 84)
4(85 84 4545 4534)
4(4549 4524 4548 4533)
4(4548 4524 4541 4534)
4(4512 4513 4549 4524)
4(4512 4524 4548 4514)
4(4515 4514 4548 4533)
4(4515 4513 4512 4514)
4(4497 4524 4512 4506)
4(4505 4506 4512 4513)
4(4505 4498 4497 4506)
4(4548 87 4547 4524)
4(4512 4524 4547 4484)
4(86 4484 4547 87)
4(86 87 4548 4514)
4(86 4514 4512 4484)
4(4547 4536 4541 4524)
4(4497 4508 4547 4524)
4(4507 4536 4547 4508)
4(4507 4508 4497 4496)
4(85 87 4547 4536)
4(85 4534 4548 87)
4(4481 4508 4547 4484)
4(4481 4484 4512 4506)
4(4481 4506 4497 4508)
4(88 4525 4547 87)
4(4483 4525 88 89)
4(4547 4525 4483 4484)
4(86 4484 4483 89)
4(4544 4525 88 83)
4(88 4525 1114 20)
4(4544 4536 4547 4525)
4(4504 4525 4547 4508)
4(4507 4502 4504 4508)
4(4483 1116 1114 4525)
4(4483 4525 4504 4482)
4(1115 4482 4504 1113)
4(1115 1116 4483 4482)
4(22 89 4483 1116)
4(4481 4508 4504 4482)
4(4481 4482 4483 4484)
4(54 55 4550 4526)
4(4545 51 54 4526)
4(48 4532 4550 55)
4(4550 4526 4517 4516)
4(54 57 4517 4526)
4(56 55 4550 4516)
4(56 4516 4517 57)
4(4517 4514 4548 4526)
4(4515 4516 4550 4533)
4(4515 4514 4517 4516)
4(91 87 4548 4526)
4(91 4526 4517 90)
4(86 90 4517 4514)
4(91 4526 4545 84)
4(54 4526 91 58)
4(59 57 4517 90)
5(4348 4520 4528 4518 4343)
5(4495 4347 4344 4494 4499)
5(4518 4343 33 47 4529)
5(48 34 4348 4520 4532)
5(39 4349 4515 4516 56)
4(3862 3863 4511 4554)
4(4551 3861 3862 4554)
4(4511 4510 4551 4554)
4(3860 3861 4551 4510)
4(3860 4510 4511 3863)
4(4511 4554 4486 4485)
4(4486 4554 3862 3865)
4(3864 3863 4511 4485)
4(3864 4485 4486 3865)
4(4553 157 3862 4554)
4(4553 4554 4551 4552)
4(156 157 4553 4552)
4(156 4552 4551 3861)
4(4512 4554 4511 4506)
4(4512 4513 4551 4554)
4(4505 4510 4551 4513)
4(4505 4506 4511 4510)
4(4486 4484 4512 4554)
4(4481 4485 4511 4506)
4(4481 4484 4486 4485)
4(4553 4554 4486 93)
4(4512 4554 4553 4514)
4(86 4514 4553 93)
4(86 93 4486 4484)
4(31 93 4553 157)
4(31 3865 4486 93)
4(4515 4552 4553 4514)
4(4515 4513 4551 4552)
4(4556 61 62 4555)
4(176 175 4556 4555)
4(62 63 176 4555)
4(60 61 4556 175)
4(4556 4516 4517 4555)
4(62 4555 4517 57)
4(56 4516 4556 61)
4(4556 4552 4553 4555)
4(4553 4514 4517 4555)
4(4515 4552 4556 4516)
4(176 157 4553 4555)
4(156 175 4556 4552)
4(4517 4555 94 90)
4(4553 93 94 4555)
4(62 65 94 4555)
4(176 4555 94 95)
5(4515 4552 156 131 4349)
5(3860 3847 4346 4505 4510)
4(4593 4627 4682 4628)
4(4682 4627 4726 4610)
4(4724 4628 4682 4610)
4(4726 4629 4724 4610)
4(4594 4633 4686 4632)
4(4594 4632 4687 4634)
4(4687 4632 4686 4611)
4(4686 4633 4730 4611)
4(4730 4634 4687 4611)
4(4728 4627 4682 4612)
4(4682 4628 4727 4612)
4(4727 4630 4728 4612)
5(4594 4351 4352 4600 4632)
4(4600 4664 4686 4632)
4(4601 4633 4686 4665)
4(4606 4665 4686 4664)
5(4606 4664 4600 4352 4353)
5(4350 4601 4665 4606 4353)
4(4594 4632 4699 4631)
4(4735 4631 4699 4613)
4(4699 4632 4687 4613)
4(4687 4634 4735 4613)
4(4565 4635 4702 4566)
4(4565 4568 4703 4635)
4(4702 4635 4703 4614)
4(4703 4568 4567 4614)
4(4567 4566 4702 4614)
4(4565 4566 4567 4568)
6(4607 4573 4572 4642 4595 4644)
6(4569 4598 4657 4604 4670 4570)
4(4595 4643 4684 4644)
4(4598 4658 4684 4657)
4(4604 4657 4684 4643)
4(4607 4644 4684 4658)
4(4595 4642 4700 4643)
4(4570 4670 4700 4571)
4(4572 4571 4700 4642)
4(4604 4643 4700 4670)
5(4569 4570 4571 4572 4573)
4(1187 4575 4706 1190)
4(4706 4575 4574 4615)
4(4574 1188 1189 4615)
4(1189 1190 4706 4615)
4(1187 1188 4574 4575)
4(4729 4638 4733 4616)
4(1193 1194 4729 4616)
4(4733 1192 1193 4616)
4(4595 4640 4704 4642)
4(1200 4576 4704 1199)
4(1198 1199 4704 4640)
4(4572 4642 4704 4576)
4(4595 4644 4707 4640)
4(1196 1197 4707 4679)
4(1198 4640 4707 1197)
4(4607 4679 4707 4644)
5(1195 4573 4572 4576 1200)
4(1201 1202 4709 4639)
4(4734 4639 4709 4617)
4(4709 1202 1203 4617)
4(1203 1204 4734 4617)
4(4565 4635 4693 4577)
4(4693 4635 4702 4618)
4(4578 4577 4693 4618)
4(4702 4566 4578 4618)
4(4565 4577 4578 4566)
4(3866 3867 4694 4636)
4(4725 4636 4694 4619)
4(4694 3867 3868 4619)
4(3868 3869 4725 4619)
4(3871 3872 4715 4637)
4(3871 4637 4695 3874)
4(4695 4637 4715 4620)
4(3873 3874 4695 4620)
4(4715 3872 3873 4620)
4(4579 4575 4706 4621)
4(1205 1206 4579 4621)
4(4706 1190 1205 4621)
4(1187 4575 4579 1206)
4(4732 3889 3875 4622)
4(3875 1178 1218 4622)
4(1218 1219 4732 4622)
4(1181 1223 4720 3878)
4(3877 3878 4720 4623)
4(4720 1223 1224 4623)
4(1224 1182 3877 4623)
4(4709 4639 4731 4624)
4(1208 1202 4709 4624)
4(4731 1207 1208 4624)
4(3871 3879 4696 4637)
4(4696 3879 3880 4625)
4(4715 4637 4696 4625)
4(3880 3872 4715 4625)
4(4720 3878 3881 4626)
4(1118 1223 4720 4626)
4(3881 1097 1118 4626)
6(4352 4600 4663 4604 4653 4356)
4(4356 4653 4691 4355)
4(4597 4656 4691 4654)
4(4604 4654 4691 4653)
4(4354 4355 4691 4656)
4(4597 4654 4699 4631)
4(4600 4632 4699 4663)
4(4604 4663 4699 4654)
6(4357 4570 4670 4604 4653 4356)
5(4565 4358 4352 4600 4635)
4(4600 4663 4703 4635)
4(4570 4568 4703 4670)
4(4604 4670 4703 4663)
5(4565 4568 4570 4357 4358)
4(4356 4361 4692 4653)
4(4598 4657 4692 4659)
4(4604 4653 4692 4657)
4(4359 4659 4692 4361)
4(4569 4360 4357 4570)
4(4684 4610 4683 4643)
4(4685 4610 4684 4644)
4(4683 4610 4685 4645)
4(4595 4643 4683 4645)
4(4595 4645 4685 4644)
4(4683 4610 4682 4654)
4(4726 4610 4683 4655)
4(4597 4654 4682 4627)
4(4597 4655 4683 4654)
4(4684 4657 4682 4610)
4(4724 4658 4684 4610)
4(4598 4628 4682 4657)
4(4724 4610 4685 4660)
4(4726 4661 4685 4610)
4(4599 4660 4685 4661)
4(4604 4657 4682 4654)
4(4604 4654 4683 4643)
4(4607 4644 4685 4660)
4(4609 4645 4683 4655)
4(4609 4661 4685 4645)
4(4690 4611 4688 4646)
4(4689 4649 4688 4611)
4(4689 4611 4690 4650)
4(4596 4646 4688 4649)
4(4596 4649 4689 4650)
4(4596 4650 4690 4646)
4(4688 4611 4687 4662)
4(4686 4611 4688 4664)
4(4600 4662 4687 4632)
4(4600 4664 4688 4662)
4(4689 4611 4686 4665)
4(4730 4611 4689 4666)
4(4601 4666 4689 4665)
4(4690 4667 4687 4611)
4(4730 4668 4690 4611)
4(4602 4634 4687 4667)
4(4602 4667 4690 4668)
4(4603 4667 4687 4662)
4(4603 4662 4688 4646)
4(4603 4646 4690 4667)
4(4606 4649 4688 4664)
4(4606 4665 4689 4649)
4(4608 4650 4689 4666)
4(4608 4668 4690 4650)
4(4691 4612 4692 4653)
4(4692 4612 4362 4361)
4(4362 4612 4691 4355)
4(4691 4654 4682 4612)
4(4728 4656 4691 4612)
4(4692 4612 4682 4657)
4(4727 4612 4692 4659)
4(4727 4364 4362 4612)
4(4728 4612 4362 4365)
5(4606 4672 4586 4366 4353)
4(4600 4635 4693 4664)
4(4586 4672 4693 4577)
4(4606 4664 4693 4672)
5(4565 4358 4366 4586 4577)
5(3855 3870 4674 4606 4353)
4(4601 4665 4694 4636)
4(3870 3867 4694 4674)
4(4606 4674 4694 4665)
5(3871 4637 4586 4366 3857)
4(4586 4637 4695 4672)
4(3870 4674 4695 3874)
4(4606 4672 4695 4674)
4(3886 3879 4696 4563)
4(4586 4587 4696 4637)
4(4562 4563 4696 4587)
5(4562 4367 3858 3886 4563)
5(4366 4367 4562 4587 4586)
4(4698 4641 4697 4613)
4(4683 4613 4697 4643)
4(4698 4613 4683 4645)
4(4595 4643 4697 4641)
4(4595 4641 4698 4645)
4(4699 4613 4683 4654)
4(4735 4655 4683 4613)
4(4697 4662 4687 4613)
4(4699 4663 4697 4613)
4(4600 4662 4697 4663)
4(4698 4613 4687 4667)
4(4735 4613 4698 4669)
4(4602 4669 4698 4667)
4(4603 4641 4697 4662)
4(4603 4667 4698 4641)
4(4604 4663 4697 4643)
4(4609 4645 4698 4669)
4(4701 4614 4697 4641)
4(4700 4614 4701 4642)
4(4697 4614 4700 4643)
4(4595 4642 4701 4641)
4(4702 4662 4697 4614)
4(4703 4614 4697 4663)
4(4600 4662 4702 4635)
4(4567 4614 4700 4571)
4(4703 4670 4700 4614)
4(4570 4568 4567 4571)
4(4702 4614 4701 4673)
4(4567 4589 4701 4614)
4(4588 4673 4701 4589)
4(4588 4566 4702 4673)
4(4588 4589 4567 4566)
4(4603 4641 4701 4673)
4(4603 4673 4702 4662)
4(4572 4589 4701 4642)
4(4572 4571 4567 4589)
4(4705 4640 4704 4615)
4(4705 4615 4701 4641)
4(4701 4615 4704 4642)
4(4595 4640 4705 4641)
4(4706 4673 4701 4615)
4(4574 4615 4701 4589)
4(4588 4673 4706 4575)
4(4588 4575 4574 4589)
4(4704 1199 1189 4615)
4(4574 4576 4704 4615)
4(1200 4576 4574 1188)
4(4705 4615 1189 1210)
4(4706 4615 4705 4678)
4(1209 4678 4705 1210)
4(1209 1190 4706 4678)
4(1198 1210 4705 4640)
4(4603 4641 4705 4678)
4(4603 4678 4706 4673)
4(4572 4589 4574 4576)
4(4708 4616 4707 4640)
4(4707 4616 4685 4644)
4(4685 4616 4708 4645)
4(4595 4645 4708 4640)
4(4729 4660 4685 4616)
4(4733 4616 4685 4661)
4(4707 4616 1193 1197)
4(4729 4616 4707 4679)
4(4708 1212 1193 4616)
4(4733 4680 4708 4616)
4(1211 1212 4708 4680)
4(1198 4640 4708 1212)
4(4609 4680 4708 4645)
4(4705 4617 4708 4640)
4(4698 4617 4705 4641)
4(4708 4617 4698 4645)
4(4709 4617 4698 4667)
4(4698 4617 4734 4669)
4(4602 4639 4709 4667)
4(1203 4617 4705 1210)
4(4705 4617 4709 4678)
4(1209 4678 4709 1202)
4(1203 1212 4708 4617)
4(4734 4617 4708 4680)
4(4603 4667 4709 4678)
4(4711 4646 4688 4618)
4(4711 4618 4710 4648)
4(4710 4618 4688 4649)
4(4596 4648 4710 4649)
4(4596 4646 4711 4648)
4(4688 4662 4702 4618)
4(4688 4618 4693 4664)
4(4578 4671 4710 4618)
4(4710 4672 4693 4618)
4(4586 4672 4710 4671)
4(4586 4671 4578 4577)
4(4711 4618 4702 4673)
4(4578 4618 4711 4590)
4(4588 4590 4711 4673)
4(4588 4566 4578 4590)
4(4603 4673 4711 4646)
4(4605 4671 4710 4648)
4(4605 4648 4711 4590)
4(4605 4590 4578 4671)
4(4606 4649 4710 4672)
4(4712 4649 4689 4619)
4(4713 4619 4689 4650)
4(4712 4619 4713 4651)
4(4596 4649 4712 4651)
4(4596 4651 4713 4650)
4(4689 4665 4694 4619)
4(4689 4619 4725 4666)
4(4712 4619 4694 4674)
4(3868 4619 4712 3882)
4(3870 3882 4712 4674)
4(4725 4619 4713 4675)
4(3868 3884 4713 4619)
4(3883 4675 4713 3884)
4(4606 4674 4712 4649)
4(4608 4650 4713 4675)
4(3885 4651 4712 3882)
4(3885 3884 4713 4651)
4(4714 4648 4710 4620)
4(4712 4620 4710 4649)
4(4714 4620 4712 4651)
4(4596 4648 4714 4651)
4(4715 4620 4710 4671)
4(4710 4620 4695 4672)
4(4586 4637 4715 4671)
4(4695 4620 4712 4674)
4(3873 3882 4712 4620)
4(4715 4676 4714 4620)
4(3873 4620 4714 3888)
4(3887 3888 4714 4676)
4(3887 4676 4715 3872)
4(4605 4676 4714 4648)
4(4605 4671 4715 4676)
4(3885 4651 4714 3888)
4(4711 4621 4717 4646)
4(4717 4621 4716 4647)
4(4716 4621 4711 4648)
4(4596 4647 4716 4648)
4(4596 4646 4717 4647)
4(4706 4621 4711 4673)
4(4579 4590 4711 4621)
4(4588 4590 4579 4575)
4(4716 4621 1205 1226)
4(4579 4621 4716 4677)
4(1225 4677 4716 1226)
4(1225 1206 4579 4677)
4(4717 4621 4706 4678)
4(4717 1213 1205 4621)
4(1209 1213 4717 4678)
4(4603 4678 4717 4646)
4(1222 1226 4716 4647)
4(1222 4647 4717 1213)
4(4605 4648 4716 4677)
4(4605 4677 4579 4590)
4(4719 4647 4718 4622)
4(4719 4622 4713 4650)
4(4713 4622 4718 4651)
4(4596 4651 4718 4647)
4(4596 4647 4719 4650)
4(4732 4675 4713 4622)
4(3875 4622 4713 3884)
4(1218 4622 4718 1217)
4(3875 3876 4718 4622)
4(1177 1217 4718 3876)
4(1218 1221 4719 4622)
4(4732 4622 4719 4681)
4(1220 4681 4719 1221)
4(1222 4647 4718 1217)
4(1222 1221 4719 4647)
4(4608 4650 4719 4681)
4(3885 3876 4718 4651)
4(4716 4623 4718 4647)
4(4714 4623 4716 4648)
4(4718 4623 4714 4651)
4(4720 4623 4714 4676)
4(4714 4623 3877 3888)
4(3887 3878 4720 4676)
4(1224 4623 4716 1226)
4(4716 4623 4720 4677)
4(1225 4677 4720 1223)
4(1224 1217 4718 4623)
4(3877 4623 4718 3876)
4(4605 4676 4720 4677)
4(4690 4646 4717 4624)
4(4717 4647 4719 4624)
4(4690 4624 4719 4650)
4(4690 4624 4709 4667)
4(4731 4624 4690 4668)
4(4709 4624 4717 4678)
4(4717 4624 1208 1213)
4(1208 4624 4719 1221)
4(4719 4624 4731 4681)
4(4721 4581 4591 4652)
4(4721 4561 4584 4581)
4(4560 4561 4721 4652)
4(4560 4652 4591 4583)
4(4560 4583 4584 4561)
4(4591 4581 4584 4583)
4(4721 4671 4578 4581)
4(4721 4581 4580 4587)
4(4586 4671 4721 4587)
4(4580 4581 4578 4577)
4(4586 4587 4580 4577)
4(4605 4652 4721 4671)
4(4605 4590 4591 4652)
4(4591 4590 4578 4581)
4(4562 4587 4721 4561)
4(4562 4561 4584 4585)
4(4562 4585 4580 4587)
4(4584 4581 4580 4585)
4(4722 4625 4721 4652)
4(4721 4625 4558 4561)
4(4558 4625 4722 4557)
4(4560 4557 4722 4652)
4(4560 4561 4558 4557)
4(4558 4625 4696 4563)
4(3880 4625 4558 3890)
4(3886 3890 4558 4563)
4(4715 4671 4721 4625)
4(4696 4625 4721 4587)
4(4722 4676 4715 4625)
4(3880 3891 4722 4625)
4(3887 4676 4722 3891)
4(4605 4652 4722 4676)
4(4562 4563 4558 4561)
4(3892 3891 4722 4557)
4(3892 4557 4558 3890)
4(4591 4582 4723 4652)
4(4592 4564 4723 4582)
4(4560 4652 4723 4564)
4(4592 4582 4591 4583)
4(4560 4564 4592 4583)
4(4723 4582 4579 4677)
4(4723 1120 1122 4582)
4(1225 1120 4723 4677)
4(4579 4582 1122 1206)
4(4605 4677 4723 4652)
4(4579 4590 4591 4582)
4(1119 4564 4723 1120)
4(4592 1121 1122 4582)
4(1119 1121 4592 4564)
4(4723 4626 4722 4652)
4(4559 4626 4723 4564)
4(4722 4626 4559 4557)
4(4560 4557 4559 4564)
4(4720 4676 4722 4626)
4(3881 4626 4722 3891)
4(4720 4626 4723 4677)
4(1118 1120 4723 4626)
4(4559 1117 1118 4626)
4(4559 4626 3881 3893)
4(1096 1117 4559 3893)
4(1119 4564 4559 1117)
4(3892 3893 4559 4557)
5(4490 4741 4744 4759 4494)
5(4744 4741 4745 4740 4757)
5(4745 4491 4492 4758 4740)
4(4740 4758 4766 4757)
4(4494 4759 4766 4493)
4(4744 4757 4766 4759)
4(4492 4493 4766 4758)
4(4495 4496 4768 4752)
4(4497 4498 4767 4746)
4(4767 4752 4768 4746)
4(4768 4496 4497 4746)
4(4495 4752 4767 4498)
5(4744 4759 4494 4344 4368)
4(4369 4741 4744 4368)
4(4495 4499 4770 4752)
4(4770 4499 4500 4747)
4(4768 4752 4770 4747)
4(4500 4496 4768 4747)
4(4565 4566 4776 4753)
4(4565 4753 4771 4568)
4(4771 4753 4776 4748)
4(4567 4568 4771 4748)
4(4776 4566 4567 4748)
5(4745 4740 4754 4572 4573)
5(4569 4570 4763 4744 4741)
4(4740 4757 4774 4754)
4(4570 4571 4774 4763)
4(4572 4754 4774 4571)
4(4744 4763 4774 4757)
4(1187 1214 4779 4575)
4(4574 4575 4779 4749)
4(1215 1188 4574 4749)
4(4779 1214 1215 4749)
5(4745 1123 1124 4755 4740)
4(4740 4755 4780 4758)
4(1107 4501 4780 1125)
4(1124 1125 4780 4755)
4(4492 4758 4780 4501)
4(4740 4754 4777 4755)
4(1200 1216 4777 4576)
4(4572 4576 4777 4754)
4(1124 4755 4777 1216)
4(1109 4502 4781 1127)
4(4781 4502 4503 4750)
4(1126 1127 4781 4750)
4(4503 1112 1126 4750)
4(4565 4577 4580 4753)
4(4776 4753 4580 4581)
4(4578 4566 4776 4581)
4(4779 4575 4579 4582)
4(1122 1214 4779 4582)
4(4504 4502 4781 4751)
4(4781 1127 1128 4751)
4(1128 1113 4504 4751)
4(4769 4583 4584 4746)
4(4736 4746 4584 4561)
4(4736 4739 4769 4746)
4(4560 4583 4769 4739)
4(4560 4739 4736 4561)
4(4767 4746 4736 4737)
4(4497 4506 4736 4746)
4(4505 4498 4767 4737)
4(4505 4737 4736 4506)
4(4768 4746 4584 4760)
4(4584 4746 4767 4585)
4(4742 4585 4767 4752)
4(4742 4752 4768 4760)
4(4742 4760 4584 4585)
4(4769 4746 4768 4762)
4(4497 4746 4769 4508)
4(4507 4762 4768 4496)
4(4507 4508 4769 4762)
4(4743 4760 4768 4762)
4(4743 4583 4584 4760)
4(4743 4762 4769 4583)
4(4562 4737 4767 4585)
4(4562 4561 4736 4737)
4(4481 4739 4769 4508)
4(4481 4506 4736 4739)
5(4744 4761 4742 4370 4368)
5(4495 4347 4370 4742 4752)
4(4494 4499 4770 4759)
4(4742 4761 4770 4752)
4(4744 4759 4770 4761)
5(4744 4763 4570 4357 4368)
5(4565 4753 4742 4370 4358)
4(4742 4753 4771 4761)
4(4570 4763 4771 4568)
4(4744 4761 4771 4763)
5(4562 4737 4505 4346 4367)
5(4562 4367 4370 4742 4585)
4(3860 3894 4738 4510)
4(3886 4563 4738 3894)
4(4505 4510 4738 4737)
4(4562 4737 4738 4563)
4(4742 4585 4580 4753)
4(4773 4747 4772 4756)
4(4772 4747 4766 4757)
4(4766 4747 4773 4758)
4(4740 4756 4772 4757)
4(4740 4758 4773 4756)
4(4766 4747 4770 4759)
4(4500 4747 4766 4493)
4(4772 4747 4768 4760)
4(4772 4761 4770 4747)
4(4742 4761 4772 4760)
4(4773 4762 4768 4747)
4(4500 4509 4773 4747)
4(4507 4762 4773 4509)
4(4743 4760 4772 4756)
4(4743 4756 4773 4762)
4(4744 4757 4772 4761)
4(4492 4509 4773 4758)
4(4775 4748 4774 4754)
4(4775 4756 4772 4748)
4(4774 4748 4772 4757)
4(4740 4756 4775 4754)
4(4776 4748 4772 4760)
4(4772 4748 4771 4761)
4(4742 4753 4776 4760)
4(4774 4748 4567 4571)
4(4774 4763 4771 4748)
4(4775 4589 4567 4748)
4(4776 4764 4775 4748)
4(4588 4589 4775 4764)
4(4588 4764 4776 4566)
4(4572 4754 4775 4589)
4(4743 4764 4775 4756)
4(4743 4760 4776 4764)
4(4777 4749 4775 4754)
4(4778 4749 4777 4755)
4(4775 4749 4778 4756)
4(4740 4756 4778 4755)
4(4574 4589 4775 4749)
4(4779 4749 4775 4764)
4(4588 4575 4779 4764)
4(4777 4576 4574 4749)
4(4777 4749 1215 1216)
4(4778 1130 1215 4749)
4(4779 4765 4778 4749)
4(1129 1130 4778 4765)
4(1129 4765 4779 1214)
4(1124 4755 4778 1130)
4(4743 4765 4778 4756)
4(4743 4764 4779 4765)
4(4778 4755 4780 4750)
4(4773 4756 4778 4750)
4(4773 4750 4780 4758)
4(4781 4762 4773 4750)
4(4503 4750 4773 4509)
4(4507 4762 4781 4502)
4(4778 4750 1126 1130)
4(4781 4750 4778 4765)
4(1129 1127 4781 4765)
4(1126 4750 4780 1125)
4(4780 4750 4503 4501)
4(4743 4765 4781 4762)
4(4584 4581 4776 4760)
4(4591 4764 4776 4581)
4(4588 4764 4591 4590)
4(4743 4583 4591 4764)
4(4779 4764 4591 4582)
4(4592 4765 4779 4582)
4(1129 4765 4592 1121)
4(4743 4583 4592 4765)
4(4769 4751 4592 4583)
4(4487 4564 4592 4751)
4(4487 4751 4769 4739)
4(4560 4564 4487 4739)
4(4769 4762 4781 4751)
4(4769 4751 4504 4508)
4(4592 4751 4781 4765)
4(1128 4751 4592 1121)
4(4487 4751 1128 1131)
4(4504 4751 4487 4482)
4(1115 4482 4487 1131)
4(1119 1131 4487 4564)
4(4481 4739 4487 4482)
4(4511 3863 3895 4782)
4(3895 3894 4738 4782)
4(4738 4510 4511 4782)
4(3895 4782 4783 3896)
4(4783 4782 4511 4485)
4(3864 3896 4783 4485)
4(4558 4782 3895 3890)
4(4558 4563 4738 4782)
4(4783 4557 4558 4782)
4(3892 4557 4783 3896)
4(4736 4506 4511 4782)
4(4738 4737 4736 4782)
4(4736 4739 4783 4782)
4(4481 4485 4783 4739)
4(4558 4782 4736 4561)
4(4560 4739 4783 4557)
4(3898 3896 4783 4488)
4(4489 4488 4783 4485)
4(3898 4488 4489 3897)
4(3864 3897 4489 4485)
4(3898 3893 4559 4488)
4(4559 4557 4783 4488)
4(4559 4488 1132 1117)
4(1132 4488 3898 1099)
4(4783 4739 4487 4488)
4(4481 4485 4489 4482)
4(4487 4482 4489 4488)
4(4487 4488 4559 4564)
4(4487 4488 1132 1131)
4(1104 3897 4489 1134)
4(4489 3897 3899 4784)
4(1133 1134 4489 4784)
4(3899 1105 1133 4784)
4(4489 1134 1132 4488)
4(4489 4485 4486 4784)
4(3899 4784 4486 3865)
4(4489 4482 4483 4784)
4(4483 4484 4486 4784)
4(4483 4784 1133 1116)
4(1115 1134 4489 4482)
4(92 25 1133 4784)
4(92 4784 3899 30)
4(4483 89 92 4784)
4(4486 4784 92 93)
4(517 521 547 538)
4(526 543 547 521)
4(456 44 547 543)
4(43 538 547 44)
4(456 543 328 332)
4(526 335 328 543)
4(456 332 8 12)
4(456 12 76 44)
4(748 106 105 728)
4(748 762 141 106)
4(761 142 141 762)
4(761 130 129 142)
4(695 830 834 696)
4(748 728 654 817)
4(761 762 834 830)
4(748 817 834 762)
4(706 696 834 817)
4(695 164 163 830)
4(761 830 163 130)
4(706 817 654 658)
4(381 728 105 112)
4(381 387 654 728)
4(920 332 328 906)
4(920 244 8 332)
4(381 112 253 968)
4(902 968 253 262)
4(920 991 265 244)
4(1027 212 265 991)
4(1545 1578 1669 1580)
4(1545 1580 1670 1579)
4(1523 1524 1672 1604)
4(1551 1607 1673 1605)
5(1552 1554 1559 1621 1556)
4(1545 1581 1674 1578)
4(1551 1605 1675 1608)
5(1552 1556 1622 1282 1287)
4(1551 1606 1676 1607)
4(1552 1287 1229 1228)
4(1552 1228 1462 1554)
4(1551 1608 1677 1606)
4(1545 1579 1678 1581)
4(1549 1602 1433 1435)
4(1513 1437 1433 1602)
4(1542 1520 1669 1578)
4(1513 1602 1669 1520)
4(1549 1580 1669 1602)
4(1549 1603 1670 1580)
4(1307 1318 1670 1603)
4(1317 1579 1670 1318)
4(1307 1603 1510 1305)
4(1549 1435 1510 1603)
4(1553 1614 1671 1604)
4(1559 1613 1671 1614)
4(1543 1526 1672 1524)
4(1525 1615 1672 1526)
4(1553 1604 1672 1615)
4(1556 1621 1673 1607)
4(1559 1614 1673 1621)
4(1553 1605 1673 1614)
4(1557 1624 1674 1581)
4(1525 1544 1674 1624)
4(1542 1578 1674 1544)
4(1553 1615 1675 1605)
4(1525 1624 1675 1615)
4(1557 1608 1675 1624)
4(1310 1312 1676 1606)
4(1282 1622 1676 1312)
4(1556 1607 1676 1622)
4(1557 1625 1677 1608)
4(1313 1311 1677 1625)
4(1310 1606 1677 1311)
4(1317 1320 1678 1579)
4(1313 1625 1678 1320)
4(1557 1581 1678 1625)
4(1679 1685 1693 1684)
4(1679 1684 1694 1686)
4(1513 1688 1440 1437)
4(1680 1441 1440 1688)
4(1680 1688 1693 1685)
4(1513 1520 1693 1688)
4(1542 1684 1693 1520)
4(1542 1544 1694 1684)
4(1525 1526 1694 1544)
4(1543 1686 1694 1526)
4(1422 1425 1510 1435)
4(1303 1305 1510 1425)
4(1523 1493 1492 1524)
4(1543 1524 1492 1494)
4(1680 1505 1438 1441)
4(1679 1500 1499 1685)
4(1680 1685 1499 1505)
4(1679 1686 1503 1500)
4(1543 1494 1503 1686)
5(1445 1444 1449 1743 1710)
5(1711 1710 1743 1744 1737)
6(1746 1728 1740 1742 1503 1494)
4(1728 1731 1722 1720)
4(1731 1729 1724 1722)
5(1711 1737 1740 1721 1714)
5(1499 1500 1745 1737 1744)
4(1492 1741 1746 1494)
4(1746 1741 1731 1728)
4(1747 1729 1731 1741)
4(1503 1742 1745 1500)
5(1445 1710 1709 1708 1446)
6(1711 1714 1713 1712 1709 1710)
4(1720 1721 1740 1728)
4(1747 1741 1492 1493)
4(1743 1449 1438 1505)
4(1744 1743 1505 1499)
4(1740 1737 1745 1742)
5(1258 212 207 1765 1750)
4(1258 1750 1462 1228)
5(1449 1444 1864 1855 1438)
6(2009 2018 1866 1875 2019 1968)
4(1929 1945 1977 1963)
4(1938 1987 1926 1952)
3(1926 1987 1953)
4(1987 1938 1950 1930)
3(1831 1952 1845)
4(1912 1868 1984 1943)
4(1929 1963 1988 1947)
4(2009 2010 1977 1944)
4(2018 2009 1944 1984)
5(1968 2019 2016 1818 1816)
4(1810 1811 1923 1875)
8(1866 2129 1444 1445 1446 1863 1810 1875)
4(1912 2045 2082 1868)
4(1925 1948 1998 1949)
4(1925 1949 1999 1947)
5(1834 1950 1938 1836 1835)
4(1834 1951 2000 1950)
6(1891 1896 1901 1935 1975 1932)
4(1924 1946 2001 1943)
5(1891 1932 1976 1840 1322)
4(1834 1839 2002 1951)
4(1924 1945 2003 1946)
4(1930 1971 1998 1948)
4(1935 1972 1998 1971)
4(1931 1949 1998 1972)
4(1931 1973 1999 1949)
4(1936 1964 1999 1973)
4(1929 1947 1999 1964)
4(1932 1975 2000 1951)
4(1935 1971 2000 1975)
4(1930 1950 2000 1971)
4(1931 1972 1887 1890)
4(1935 1901 1887 1972)
4(1916 1918 2001 1946)
4(1914 1913 2001 1918)
4(1912 1943 2001 1913)
4(1846 1850 2002 1839)
4(1840 1976 2002 1850)
4(1932 1951 2002 1976)
4(1936 1973 1889 1922)
4(1931 1890 1889 1973)
4(1916 1965 1902 1905)
4(1936 1922 1902 1965)
4(1929 1964 2003 1945)
4(1936 1965 2003 1964)
4(1916 1946 2003 1965)
4(1930 1948 2017 1987)
4(1856 2045 2120 1857)
4(2021 1890 1887 2054)
4(2022 2056 2121 1905)
4(1422 1862 2122 2047)
4(1891 1322 1321 1364)
4(2021 2054 2123 2053)
5(1891 1364 1363 2079 1896)
4(2021 2055 1889 1890)
4(2022 1905 1902 2059)
4(2022 2059 2124 2058)
4(2021 2053 2125 2055)
4(1422 2047 2126 1425)
4(2022 2058 2127 2056)
4(1912 1913 2120 2045)
4(1914 2065 2120 1913)
4(1859 1857 2120 2065)
4(1896 2054 1887 1901)
4(2024 2073 2121 2056)
4(1914 1918 2121 2073)
4(1916 1905 2121 1918)
4(1859 2065 2122 1862)
4(1914 2073 2122 2065)
4(2024 2047 2122 2073)
4(1896 2079 2123 2054)
4(1363 1372 2123 2079)
4(1371 2053 2123 1372)
4(2026 1922 1889 2055)
4(2026 2059 1902 1922)
4(2026 2081 2124 2059)
4(1374 1398 2124 2081)
4(1389 2058 2124 1398)
4(1371 1373 2125 2053)
4(1374 2081 2125 1373)
4(2026 2055 2125 2081)
4(2024 2074 2126 2047)
4(1393 1402 2126 2074)
4(1303 1425 2126 1402)
4(1389 1391 2127 2058)
4(1393 2074 2127 1391)
4(2024 2056 2127 2074)
4(1924 1944 1977 1945)
4(1924 1943 1984 1944)
4(1818 2016 1923 1811)
4(1925 1947 1988 1948)
3(1988 2017 1948)
5(1836 1938 1952 1831 1844)
4(1815 1986 1968 1816)
4(1815 1845 1952 1986)
5(1986 1952 1926 1953 2010)
4(1968 1986 2010 2009)
4(1977 2010 1953 1963)
5(1867 1866 2018 1984 1868)
4(2019 1875 1923 2016)
5(1987 2017 1988 1963 1953)
4(1856 1855 2082 2045)
4(1864 2128 2082 1855)
4(2129 2128 1864 1444)
4(2129 1866 1867 2128)
4(1867 1868 2082 2128)
4(1856 1857 1440 1441)
4(1859 1437 1440 1857)
4(1422 1435 1433 1862)
4(1859 1862 1433 1437)
4(1856 1441 1438 1855)
4(2190 2163 2162 2180)
4(306 2180 2175 305)
4(303 305 2175 2178)
4(2190 2180 306 309)
4(2166 2178 2175 2179)
4(303 2178 2177 311)
4(2166 2176 2177 2178)
4(2219 1835 1836 2193)
4(2166 2179 2210 2197)
4(2162 2194 2210 2179)
4(2207 2193 2208 2201)
4(2192 2201 2208 2199)
4(2219 2193 2207 2203)
4(1831 2199 2208 1844)
4(2210 2194 2207 2201)
4(2192 2197 2210 2201)
4(2207 2194 2217 2203)
4(2192 2199 2212 2196)
4(1831 1845 2212 2199)
4(2192 2196 2213 2197)
4(2160 2163 2190 2182)
4(2160 2182 2191 2164)
5(1344 2174 2184 296 262)
4(307 2182 2190 309)
4(307 314 2191 2182)
4(296 2184 2191 314)
4(2174 2164 2191 2184)
4(2160 2198 2217 2163)
4(2160 2164 2218 2198)
4(1834 1835 2219 1839)
5(1344 1322 1840 2205 2174)
4(1846 2203 2217 2198)
4(2174 2205 2218 2164)
4(1840 1850 2218 2205)
4(1846 2198 2218 1850)
4(1846 1839 2219 2203)
4(2175 2180 2162 2179)
4(2177 2149 310 311)
4(2177 2176 2148 2149)
4(2208 2193 1836 1844)
4(2162 2163 2217 2194)
4(2212 2157 2158 2196)
4(2212 1845 1815 2157)
6(2148 2176 2166 2197 2213 2159)
4(2158 2159 2213 2196)
4(1064 1068 2274 1069)
4(1080 2482 105 106)
4(1080 1069 2274 2482)
4(2417 112 105 2482)
4(2417 2482 2274 2275)
4(1106 2433 2293 1123)
4(2365 2433 8 244)
4(1106 12 8 2433)
4(2365 2333 2293 2433)
4(2365 2375 1229 2333)
4(2417 2564 253 112)
4(2417 2275 1321 2564)
4(1344 2564 1321 1322)
4(1344 262 253 2564)
4(2365 244 265 2375)
4(1258 1228 1229 2375)
4(1258 2375 265 212)
4(2760 2774 2807 2775)
4(2760 2775 2808 2773)
5(2768 1068 1135 2784 2763)
4(2766 2792 2758 2757)
4(2768 2275 2274 1068)
4(2766 2778 2809 2792)
4(2760 2776 2810 2774)
4(2760 2773 2811 2776)
4(2768 1364 1321 2275)
5(2768 2763 2785 1363 1364)
4(2766 2724 2711 2778)
4(2766 2757 2725 2724)
4(2763 2784 2807 2774)
4(1135 1142 2807 2784)
4(1141 2775 2807 1142)
4(1141 1143 2808 2775)
4(1144 2779 2808 1143)
4(2761 2773 2808 2779)
4(1152 2706 2758 2792)
4(2707 2747 2758 2706)
4(2761 2779 2809 2778)
4(1144 1153 2809 2779)
4(1152 2792 2809 1153)
4(1371 1372 2810 2776)
4(1363 2785 2810 1372)
4(2763 2774 2810 2785)
4(2761 2714 2811 2773)
4(1374 1373 2811 2714)
4(1371 2776 2811 1373)
4(2761 2778 2711 2714)
4(2817 2757 2758 2747)
4(2817 2735 2725 2757)
4(2635 2822 2829 2636)
4(2635 2644 2736 2822)
4(2817 2747 2829 2822)
4(2707 2655 2829 2747)
4(2652 2636 2829 2655)
4(2817 2822 2736 2735)
4(1389 1398 2711 2724)
4(1374 2714 2711 1398)
4(1393 1391 2725 2735)
4(1389 2724 2725 1391)
4(1303 1402 2736 2644)
4(1393 2735 2736 1402)
4(1161 1164 2841 1165)
4(1175 2833 2841 1164)
4(2707 2706 2841 2833)
4(1152 1165 2841 2706)
4(1175 1185 2663 2833)
4(2707 2833 2663 2655)
4(1191 1194 2856 2848)
5(1195 2665 2664 2850 1196)
4(1201 1204 2857 2693)
4(1191 2848 2858 1192)
4(1201 2693 2692 1207)
4(1196 2850 2856 1194)
4(2664 2673 2856 2850)
4(2672 2848 2856 2673)
4(1211 2851 2857 1204)
4(2675 2684 2857 2851)
4(2683 2693 2857 2684)
4(2672 2674 2858 2848)
4(2675 2851 2858 2674)
4(1211 1192 2858 2851)
4(1195 1123 2293 2665)
4(1186 1219 2902 2901)
4(1186 2901 2663 1185)
4(1220 2905 2902 1219)
4(2683 2899 2692 2693)
4(2900 2905 2692 2899)
4(1220 1207 2692 2905)
4(2635 2636 2960 2948)
4(2930 2950 2961 2931)
4(2635 2948 2879 2644)
4(2930 2867 2861 2950)
4(2652 2953 2960 2636)
4(2900 2951 2960 2953)
4(2944 2948 2960 2951)
4(2900 2953 2902 2905)
4(2652 2901 2902 2953)
4(2944 2951 2961 2950)
4(2900 2899 2961 2951)
4(2683 2931 2961 2899)
4(2652 2655 2663 2901)
4(2944 2864 2879 2948)
4(2944 2950 2861 2864)
4(2962 2972 2989 2970)
4(2962 2971 2990 2972)
5(2918 2963 2974 2664 2665)
4(2930 2931 2991 2979)
4(2962 2970 2885 2884)
4(2962 2884 2883 2971)
5(2918 1287 1282 2888 2963)
4(2930 2979 2877 2867)
4(2672 2673 2989 2972)
4(2664 2974 2989 2673)
4(2963 2970 2989 2974)
4(2965 2980 2990 2971)
4(2675 2674 2990 2980)
4(2672 2972 2990 2674)
4(2683 2684 2991 2931)
4(2675 2980 2991 2684)
4(2965 2979 2991 2980)
4(2963 2888 2885 2970)
4(2965 2971 2883 2878)
4(2965 2878 2877 2979)
4(2918 2665 2293 2333)
4(2918 2333 1229 1287)
4(1307 1305 2879 2864)
4(1303 2644 2879 1305)
4(1282 1312 2885 2888)
4(1310 2884 2885 1312)
4(1310 1311 2883 2884)
4(1313 2878 2883 1311)
4(1317 1318 2861 2867)
4(1307 2864 2861 1318)
4(1313 1320 2877 2878)
4(1317 2867 2877 1320)
4(3007 174 185 3141)
4(3029 3282 3288 3035)
4(3226 3230 3288 3282)
4(3232 3235 3288 3230)
4(3037 3035 3288 3235)
4(3349 3484 3701 3482)
4(3357 3500 3702 3501)
4(3358 3507 3714 3505)
5(3298 3316 3400 3554 3383)
5(3315 3350 3487 3400 3316)
4(3289 3292 3715 3503)
6(3298 3383 3555 3401 3549 3299)
4(3358 3504 3716 3507)
4(3038 3041 3720 3564)
4(3073 3072 3071 3319)
4(3074 3333 3724 3075)
4(3334 3568 3725 3335)
4(3404 3566 3726 3567)
4(3038 3564 3727 3039)
4(3404 3565 3728 3566)
4(3349 3482 3729 3485)
5(3047 3432 3445 3602 3048)
5(3410 3430 3620 3445 3432)
4(3407 3573 3731 3575)
4(3408 3580 3735 3578)
5(3410 3436 3448 3629 3434)
5(3343 3346 3612 3448 3436)
4(3407 3575 3736 3574)
6(3410 3434 3630 3449 3621 3430)
4(3408 3577 3737 3580)
4(3407 3576 3738 3573)
5(3411 3067 3450 3623 3431)
5(3042 3046 3599 3450 3067)
4(3406 3572 3739 3570)
6(3411 3431 3624 3451 3617 3428)
4(3407 3574 3740 3576)
5(3315 3426 3452 3488 3350)
5(3411 3428 3618 3452 3426)
4(3406 3569 3741 3572)
4(3380 3547 3701 3484)
4(3400 3487 3701 3547)
4(3350 3482 3701 3487)
4(3377 3541 3702 3500)
4(3401 3543 3702 3541)
4(3378 3501 3702 3543)
4(3383 3554 3714 3507)
4(3400 3547 3714 3554)
4(3380 3505 3714 3547)
4(3299 3549 3715 3292)
4(3401 3541 3715 3549)
4(3377 3503 3715 3541)
4(3378 3543 3716 3504)
4(3401 3555 3716 3543)
4(3383 3507 3716 3555)
4(3048 3602 3720 3041)
4(3445 3600 3720 3602)
4(3416 3564 3720 3600)
4(3411 3426 3071 3067)
4(3315 3319 3071 3426)
4(3343 3436 3724 3333)
4(3410 3432 3724 3436)
4(3047 3075 3724 3432)
4(3420 3610 3725 3568)
4(3448 3612 3725 3610)
4(3346 3335 3725 3612)
4(3418 3605 3726 3566)
4(3449 3608 3726 3605)
4(3419 3567 3726 3608)
4(3416 3601 3727 3564)
4(3450 3599 3727 3601)
4(3046 3039 3727 3599)
4(3417 3604 3728 3565)
4(3451 3606 3728 3604)
4(3418 3566 3728 3606)
4(3350 3488 3729 3482)
4(3452 3598 3729 3488)
4(3415 3485 3729 3598)
4(3416 3600 3731 3573)
4(3445 3620 3731 3600)
4(3430 3575 3731 3620)
4(3434 3629 3735 3580)
4(3448 3610 3735 3629)
4(3420 3578 3735 3610)
4(3430 3621 3736 3575)
4(3449 3605 3736 3621)
4(3418 3574 3736 3605)
4(3419 3608 3737 3577)
4(3449 3630 3737 3608)
4(3434 3580 3737 3630)
4(3431 3623 3738 3576)
4(3450 3601 3738 3623)
4(3416 3573 3738 3601)
4(3428 3617 3739 3572)
4(3451 3604 3739 3617)
4(3417 3570 3739 3604)
4(3418 3606 3740 3574)
4(3451 3624 3740 3606)
4(3431 3576 3740 3624)
4(3415 3598 3741 3569)
4(3452 3618 3741 3598)
4(3428 3572 3741 3618)
4(3074 3078 3807 3333)
4(3211 3765 3810 3214)
4(3334 3335 3811 3769)
4(3742 3773 3814 3771)
5(3232 3230 3757 3791 3751)
5(3226 3227 3768 3757 3230)
5(3343 3749 3758 3782 3346)
5(3232 3751 3792 3758 3749)
4(3742 3770 3815 3773)
4(3037 3235 3807 3078)
4(3232 3749 3807 3235)
4(3343 3333 3807 3749)
4(3746 3786 3810 3765)
4(3757 3768 3810 3786)
4(3227 3214 3810 3768)
4(3346 3782 3811 3335)
4(3758 3784 3811 3782)
4(3745 3769 3811 3784)
4(3751 3791 3814 3773)
4(3757 3786 3814 3791)
4(3746 3771 3814 3786)
4(3745 3784 3815 3770)
4(3758 3792 3815 3784)
4(3751 3773 3815 3792)
4(3073 3319 3817 3098)
4(3315 3316 3817 3319)
4(3298 3308 3817 3316)
4(3102 3098 3817 3308)
4(3103 3106 3839 3823)
5(3102 3308 3820 3825 3107)
5(3298 3299 3832 3820 3308)
4(3289 3826 3841 3292)
4(3107 3825 3839 3106)
4(3820 3830 3839 3825)
4(3818 3823 3839 3830)
4(3818 3830 3841 3826)
4(3820 3832 3841 3830)
4(3299 3292 3841 3832)
4(3029 3035 3950 3934)
4(3037 3941 3950 3035)
4(3943 3947 3950 3941)
4(3936 3934 3950 3947)
4(3936 3947 163 164)
4(3943 130 163 3947)
4(3042 3067 3071 3072)
4(3074 3075 3971 3959)
4(3073 3849 3972 3072)
4(3047 3909 3971 3075)
4(3910 3965 3971 3909)
4(3960 3959 3971 3965)
4(3853 3955 3972 3849)
4(3911 3908 3972 3955)
4(3042 3072 3972 3908)
4(3074 3959 3979 3078)
4(3960 3974 3979 3959)
4(3943 3941 3979 3974)
4(3037 3078 3979 3941)
4(3911 3955 3921 3923)
4(3960 3965 3925 3928)
4(3910 3926 3925 3965)
4(3943 3974 129 130)
4(3960 3928 129 3974)
4(3853 3856 3921 3955)
4(3029 3934 3986 3030)
4(3936 3983 3986 3934)
4(3007 3005 3986 3983)
4(3004 3030 3986 3005)
4(3007 3983 173 174)
4(3936 164 173 3983)
4(3038 4052 4067 3041)
4(3038 3039 4068 4052)
4(4037 4040 4069 4053)
5(3910 3909 4048 4060 4041)
5(3047 3048 4059 4048 3909)
5(3042 3908 4049 4056 3046)
5(3911 4044 4061 4049 3908)
4(4037 4053 4070 4038)
4(4047 4057 4067 4052)
4(4048 4059 4067 4057)
4(3048 3041 4067 4059)
4(3046 4056 4068 3039)
4(4049 4058 4068 4056)
4(4047 4052 4068 4058)
4(4041 4060 4069 4040)
4(4048 4057 4069 4060)
4(4047 4053 4069 4057)
4(4047 4058 4070 4053)
4(4049 4061 4070 4058)
4(4044 4038 4070 4061)
4(4079 4157 4242 4080)
4(4079 4082 4243 4157)
4(4088 3928 3925 4100)
5(1064 4124 4195 1135 1068)
4(4117 4160 4244 4161)
4(4083 4123 4106 4100)
4(1064 1069 4106 4123)
4(4117 4161 4245 4159)
5(1064 4123 4129 4196 4124)
5(4083 4087 4187 4129 4123)
4(4117 4162 4246 4160)
4(1161 1165 4247 4164)
4(4115 4151 4248 4150)
4(1161 4164 4249 4163)
4(4117 4159 4250 4162)
4(1161 4163 4251 1164)
4(4115 4148 4252 4151)
6(4115 4150 4075 4077 4071 3923)
4(4122 4188 4242 4157)
4(4129 4187 4242 4188)
4(4087 4080 4242 4187)
4(4075 4177 4243 4082)
4(4130 4189 4243 4177)
4(4122 4157 4243 4189)
5(4115 3923 3921 4006 4148)
4(4083 4100 3925 3926)
4(1141 1142 4244 4160)
4(1135 4195 4244 1142)
4(4124 4161 4244 4195)
4(4124 4196 4245 4161)
4(4129 4188 4245 4196)
4(4122 4159 4245 4188)
4(4125 4198 4246 4162)
4(1144 1143 4246 4198)
4(1141 4160 4246 1143)
4(1152 1153 4247 1165)
4(1144 4198 4247 1153)
4(4125 4164 4247 4198)
4(4120 4179 4248 4151)
4(4130 4177 4248 4179)
4(4075 4150 4248 4177)
4(4125 4199 4249 4164)
4(4130 4179 4249 4199)
4(4120 4163 4249 4179)
4(4122 4189 4250 4159)
4(4130 4199 4250 4189)
4(4125 4162 4250 4199)
4(4120 4180 4251 4163)
4(4015 4029 4251 4180)
4(1175 1164 4251 4029)
4(4006 4014 4252 4148)
4(4015 4180 4252 4014)
4(4120 4151 4252 4180)
4(4088 142 129 3928)
4(4088 4254 141 142)
4(4088 4100 4106 4254)
4(1080 106 141 4254)
4(1080 4254 4106 1069)
4(4079 4080 4305 4293)
4(4079 4293 4306 4082)
5(4083 3926 4290 4296 4087)
5(3910 4041 4299 4290 3926)
4(4037 4294 4307 4040)
4(4037 4038 4308 4294)
5(3911 3923 4071 4300 4044)
4(4087 4296 4305 4080)
4(4290 4297 4305 4296)
4(4289 4293 4305 4297)
4(4289 4298 4306 4293)
4(4071 4077 4306 4298)
4(4075 4082 4306 4077)
4(4289 4297 4307 4294)
4(4290 4299 4307 4297)
4(4041 4040 4307 4299)
4(4044 4300 4308 4038)
4(4071 4298 4308 4300)
4(4289 4294 4308 4298)
4(3866 3869 4335 4319)
5(3866 4319 4006 3921 3856)
4(1186 1185 4336 3889)
4(3883 4323 4335 3869)
4(4015 4014 4335 4323)
4(4006 4319 4335 4014)
4(1175 4029 4336 1185)
4(4015 4323 4336 4029)
4(3883 3889 4336 4323)
4(3073 3098 4468 3849)
4(3103 4429 4469 3106)
5(4409 4416 4451 4354 4351)
4(4407 4436 4471 4439)
4(4407 4439 4473 4437)
5(4409 4417 4423 4452 4416)
5(3102 3107 4432 4423 4417)
4(3853 4440 4350 3856)
4(4409 4351 4350 4440)
4(3102 4417 4468 3098)
4(4409 4440 4468 4417)
4(3853 3849 4468 4440)
4(4411 4446 4469 4429)
4(4423 4432 4469 4446)
4(3107 3106 4469 4432)
4(4363 4365 4471 4436)
4(4354 4451 4471 4365)
4(4416 4439 4471 4451)
4(4416 4452 4473 4439)
4(4423 4446 4473 4452)
4(4411 4437 4473 4446)
4(4490 4519 76 4491)
4(43 44 76 4519)
4(1106 4491 76 12)
4(4593 4628 4724 4629)
4(3866 4636 4725 3869)
4(4593 4629 4726 4627)
4(4593 4627 4728 4630)
5(3866 3856 4350 4601 4636)
5(4569 4573 4607 4658 4598)
5(1195 1196 4679 4607 4573)
4(1191 4638 4729 1194)
4(4594 4634 4730 4633)
4(1201 1207 4731 4639)
4(1186 3889 4732 1219)
4(1191 1192 4733 4638)
4(1201 4639 4734 1204)
4(4594 4631 4735 4634)
6(4594 4351 4354 4656 4597 4631)
4(4598 4658 4724 4628)
4(4607 4660 4724 4658)
4(4599 4629 4724 4660)
4(4601 4666 4725 4636)
4(4608 4675 4725 4666)
4(3883 3869 4725 4675)
4(4599 4661 4726 4629)
4(4609 4655 4726 4661)
4(4597 4627 4726 4655)
4(4597 4656 4728 4627)
4(4354 4365 4728 4656)
4(4363 4630 4728 4365)
5(4594 4633 4601 4350 4351)
4(4599 4660 4729 4638)
4(4607 4679 4729 4660)
4(1196 1194 4729 4679)
4(4602 4668 4730 4634)
4(4608 4666 4730 4668)
4(4601 4633 4730 4666)
4(1220 4681 4731 1207)
4(4608 4668 4731 4681)
4(4602 4639 4731 4668)
4(3883 4675 4732 3889)
4(4608 4681 4732 4675)
4(1220 1219 4732 4681)
4(1211 4680 4733 1192)
4(4609 4661 4733 4680)
4(4599 4638 4733 4661)
4(4602 4669 4734 4639)
4(4609 4680 4734 4669)
4(1211 1204 4734 4680)
4(4597 4655 4735 4631)
4(4609 4669 4735 4655)
4(4602 4634 4735 4669)
4(4490 4491 4745 4741)
4(1106 1123 4745 4491)
4(1195 4573 4745 1123)
4(4569 4741 4745 4573)
4(517 538 37 67)
4(43 38 37 538)
4(1523 1604 1671 1493)
6(1482 1485 1486 1613 1559 1554)
4(1482 1554 1462 1467)
4(1486 1493 1671 1613)
4(1482 1727 1734 1485)
4(1723 1724 1734 1727)
3(1729 1734 1724)
4(1486 1485 1734 1729)
4(1486 1729 1747 1493)
4(3008 3112 3142 3009)
4(3113 3165 3173 3114)
5(3121 3125 3166 3149 3151)
4(3121 3151 3142 3112)
4(3158 3160 3173 3165)
4(3149 3166 3173 3160)
4(3125 3114 3173 3166)
4(3176 3177 3142 3151)
4(3016 3009 3142 3177)
4(3024 3182 181 182)
5(3197 3199 3254 3240 3242)
4(3190 3251 3258 3191)
4(3247 3249 3258 3251)
4(3240 3254 3258 3249)
4(3199 3191 3258 3254)
4(3113 3114 3275 3267)
4(3008 3080 3276 3112)
5(3121 3242 3240 3268 3125)
4(3125 3268 3275 3114)
4(3240 3249 3275 3268)
4(3247 3267 3275 3249)
4(3082 3201 3276 3080)
4(3197 3242 3276 3201)
4(3121 3112 3276 3242)
4(3357 3502 3698 3500)
4(3355 3496 3699 3498)
4(3088 3092 3700 3494)
4(3088 3494 3704 3089)
4(3355 3499 3706 3496)
4(3359 3511 3711 3509)
6(3293 3297 3548 3398 3560 3385)
4(3289 3503 3712 3290)
5(3353 3367 3399 3531 3366)
5(3293 3385 3561 3399 3367)
4(3359 3508 3713 3511)
4(3190 3191 3718 3512)
5(3197 3368 3403 3563 3199)
5(3353 3366 3532 3403 3368)
4(3379 3545 3698 3502)
4(3398 3540 3698 3545)
4(3377 3500 3698 3540)
4(3366 3531 3699 3496)
4(3399 3537 3699 3531)
4(3373 3498 3699 3537)
4(3096 3303 3700 3092)
4(3293 3367 3700 3303)
4(3353 3494 3700 3367)
4(3353 3368 3704 3494)
4(3197 3201 3704 3368)
4(3082 3089 3704 3201)
4(3374 3539 3706 3499)
4(3403 3532 3706 3539)
4(3366 3496 3706 3532)
4(3385 3560 3711 3511)
4(3398 3545 3711 3560)
4(3379 3509 3711 3545)
4(3377 3540 3712 3503)
4(3398 3548 3712 3540)
4(3297 3290 3712 3548)
4(3373 3537 3713 3508)
4(3399 3561 3713 3537)
4(3385 3511 3713 3561)
4(3199 3563 3718 3191)
4(3403 3539 3718 3563)
4(3374 3512 3718 3539)
4(3103 3823 3838 3104)
4(3289 3290 3840 3826)
5(3293 3303 3819 3831 3297)
5(3096 3110 3824 3819 3303)
4(3818 3829 3838 3823)
4(3819 3824 3838 3829)
4(3110 3104 3838 3824)
4(3297 3831 3840 3290)
4(3819 3829 3840 3831)
4(3818 3826 3840 3829)
4(3088 3089 4402 4388)
4(3082 4395 4402 3089)
4(4391 4397 4402 4395)
4(4385 4388 4402 4397)
4(4385 4397 4342 4345)
4(4391 38 4342 4397)
4(3008 4378 4405 3080)
4(4379 4381 4405 4378)
4(4391 4395 4405 4381)
4(3082 3080 4405 4395)
4(4391 4381 37 38)
4(3103 3104 4466 4429)
4(3088 4388 4467 3092)
4(4407 4438 4470 4436)
5(4408 4360 4359 4448 4415)
5(3096 4418 4422 4430 3110)
5(4408 4415 4449 4422 4418)
4(4407 4437 4472 4438)
4(3110 4430 4466 3104)
4(4422 4445 4466 4430)
4(4411 4429 4466 4445)
4(4385 4433 4467 4388)
4(4408 4418 4467 4433)
4(3096 3092 4467 4418)
4(4408 4433 4369 4360)
4(4385 4345 4369 4433)
4(4415 4448 4470 4438)
4(4359 4364 4470 4448)
4(4363 4436 4470 4364)
4(4411 4445 4472 4437)
4(4422 4449 4472 4445)
4(4415 4438 4472 4449)
4(3008 3009 4480 4378)
4(3016 3021 4480 3009)
4(3024 4475 4480 3021)
4(4379 4378 4480 4475)
4(4379 67 37 4381)
4(4379 4475 70 67)
4(3024 182 70 4475)
4(4490 4345 4342 4519)
4(43 4519 4342 38)
4(4593 4630 4727 4628)
5(4569 4598 4659 4359 4360)
4(4363 4364 4727 4630)
4(4359 4659 4727 4364)
4(4598 4628 4727 4659)
4(4490 4741 4369 4345)
4(4569 4360 4369 4741)
4(3113 3116 3171 3165)
4(3130 3134 3172 3131)
5(3126 3153 3152 3168 3127)
4(3127 3168 3171 3116)
4(3152 3159 3171 3168)
4(3158 3165 3171 3159)
4(3126 3131 3172 3153)
4(3190 3193 3257 3251)
5(3194 3244 3243 3253 3195)
4(3195 3253 3257 3193)
4(3243 3248 3257 3253)
4(3247 3251 3257 3248)
4(3130 3131 3273 3259)
4(3113 3267 3274 3116)
5(3126 3127 3270 3243 3244)
4(3126 3244 3273 3131)
4(3194 3204 3273 3244)
4(3203 3259 3273 3204)
4(3247 3248 3274 3267)
4(3243 3270 3274 3248)
4(3127 3116 3274 3270)
4(3130 3259 3287 3281)
4(3203 3234 3287 3259)
4(3231 3225 3287 3234)
4(3220 3281 3287 3225)
4(3357 3501 3694 3502)
4(3349 3483 3695 3484)
4(3323 3481 3696 3480)
4(3355 3498 3697 3497)
4(3355 3497 3703 3499)
4(3323 3326 3705 3481)
4(3358 3506 3707 3504)
6(3360 3384 3557 3395 3551 3382)
4(3359 3509 3708 3510)
5(3347 3386 3396 3492 3352)
5(3360 3382 3552 3396 3386)
4(3358 3505 3709 3506)
4(3359 3510 3710 3508)
5(3360 3375 3397 3558 3384)
5(3356 3372 3534 3397 3375)
5(3356 3376 3402 3535 3372)
5(3194 3195 3562 3402 3376)
4(3190 3512 3717 3193)
4(3349 3485 3719 3483)
4(3404 3567 3721 3565)
4(3334 3337 3722 3568)
4(3323 3480 3723 3330)
4(3406 3571 3730 3569)
5(3409 3429 3444 3614 3427)
5(3347 3352 3493 3444 3429)
4(3408 3579 3732 3577)
6(3409 3427 3615 3446 3626 3433)
4(3406 3570 3733 3571)
5(3338 3435 3447 3611 3339)
5(3409 3433 3627 3447 3435)
4(3408 3578 3734 3579)
4(3378 3542 3694 3501)
4(3395 3544 3694 3542)
4(3379 3502 3694 3544)
4(3352 3492 3695 3483)
4(3396 3546 3695 3492)
4(3380 3484 3695 3546)
4(3356 3375 3696 3481)
4(3360 3386 3696 3375)
4(3347 3480 3696 3386)
4(3373 3536 3697 3498)
4(3397 3534 3697 3536)
4(3372 3497 3697 3534)
4(3372 3535 3703 3497)
4(3402 3538 3703 3535)
4(3374 3499 3703 3538)
4(3203 3204 3705 3326)
4(3194 3376 3705 3204)
4(3356 3481 3705 3376)
4(3382 3551 3707 3506)
4(3395 3542 3707 3551)
4(3378 3504 3707 3542)
4(3379 3544 3708 3509)
4(3395 3557 3708 3544)
4(3384 3510 3708 3557)
4(3380 3546 3709 3505)
4(3396 3552 3709 3546)
4(3382 3506 3709 3552)
4(3384 3558 3710 3510)
4(3397 3536 3710 3558)
4(3373 3508 3710 3536)
4(3374 3538 3717 3512)
4(3402 3562 3717 3538)
4(3195 3193 3717 3562)
4(3415 3597 3719 3485)
4(3444 3493 3719 3597)
4(3352 3483 3719 3493)
4(3419 3607 3721 3567)
4(3446 3603 3721 3607)
4(3417 3565 3721 3603)
4(3339 3611 3722 3337)
4(3447 3609 3722 3611)
4(3420 3568 3722 3609)
4(3347 3429 3723 3480)
4(3409 3435 3723 3429)
4(3338 3330 3723 3435)
4(3427 3614 3730 3571)
4(3444 3597 3730 3614)
4(3415 3569 3730 3597)
4(3433 3626 3732 3579)
4(3446 3607 3732 3626)
4(3419 3577 3732 3607)
4(3417 3603 3733 3570)
4(3446 3615 3733 3603)
4(3427 3571 3733 3615)
4(3420 3609 3734 3578)
4(3447 3627 3734 3609)
4(3433 3579 3734 3627)
4(3323 3330 3806 3326)
4(3334 3769 3808 3337)
4(3211 3212 3809 3765)
4(3742 3772 3812 3770)
5(3231 3748 3755 3788 3750)
5(3338 3339 3781 3755 3748)
5(3220 3225 3756 3766 3224)
5(3231 3750 3789 3756 3225)
4(3742 3771 3813 3772)
4(3338 3748 3806 3330)
4(3231 3234 3806 3748)
4(3203 3326 3806 3234)
4(3745 3783 3808 3769)
4(3755 3781 3808 3783)
4(3339 3337 3808 3781)
4(3224 3766 3809 3212)
4(3756 3785 3809 3766)
4(3746 3765 3809 3785)
4(3750 3788 3812 3772)
4(3755 3783 3812 3788)
4(3745 3770 3812 3783)
4(3746 3785 3813 3771)
4(3756 3789 3813 3785)
4(3750 3772 3813 3789)
4(3140 3141 185 186)
4(3140 186 187 3139)
4(3178 3139 187 189)
4(188 3138 3178 189)
4(3179 184 179 3180)
4(188 184 3179 3138)
4(3181 3180 179 180)
4(3181 180 181 3182)
4(3162 3145 3144 3164)
5(3149 3150 3147 3146 3151)
5(3152 3153 3144 3147 3154)
4(3144 3145 3146 3147)
4(3147 3150 3157 3154)
4(3158 3159 3157 3160)
4(3152 3154 3157 3159)
4(3149 3160 3157 3150)
4(3172 3134 3133 3164)
4(3130 3132 3133 3134)
4(3172 3164 3144 3153)
4(3162 3164 3133 3136)
4(3135 3136 3133 3132)
4(3148 3145 3162 3161)
4(3137 3161 3162 3136)
6(3137 3001 3015 3156 3148 3161)
5(3014 3001 3137 3136 3135)
4(3148 3175 3146 3145)
4(3176 3151 3146 3175)
4(3148 3156 3174 3175)
4(3016 3177 3174 3017)
4(3015 3017 3174 3156)
4(3176 3175 3174 3177)
4(2998 3139 3178 2997)
4(2996 2997 3178 3138)
6(2996 3001 3000 2999 2998 2997)
4(3000 3003 3002 2999)
4(3004 3005 3002 3003)
4(2998 3006 3140 3139)
4(2998 2999 3002 3006)
4(3007 3141 3140 3006)
4(3007 3006 3002 3005)
4(3019 3020 3179 3180)
4(2996 3138 3179 3020)
6(2996 3020 3019 3018 3015 3001)
4(3016 3017 3022 3021)
4(3015 3018 3022 3017)
4(3019 3180 3181 3023)
4(3019 3023 3022 3018)
4(3024 3023 3181 3182)
4(3024 3021 3022 3023)
6(3014 3135 3280 3233 3279 3026)
5(3014 3026 3025 3000 3001)
4(3233 3280 3283 3221)
4(3026 3279 3284 3028)
4(3026 3028 3027 3025)
4(3211 3214 3213 3212)
5(3220 3224 3223 3222 3221)
5(3226 3229 3222 3228 3227)
4(3233 3221 3222 3229)
4(3135 3132 3283 3280)
4(3130 3281 3283 3132)
4(3220 3221 3283 3281)
4(3233 3229 3284 3279)
4(3029 3028 3284 3282)
4(3029 3030 3027 3028)
4(3226 3282 3284 3229)
4(3224 3212 3213 3223)
4(3222 3223 3213 3228)
4(3227 3228 3213 3214)
4(3000 3025 3027 3003)
4(3004 3003 3027 3030)
4(351 350 516 476)
4(443 354 475 477)
4(351 476 475 354)
4(443 477 426 427)
4(522 525 530 531)
4(522 531 534 535)
4(522 523 524 525)
5(526 527 528 333 335)
5(333 334 329 328 335)
5(517 518 519 520 521)
5(526 521 520 529 527)
4(522 535 516 523)
4(478 479 480 481)
4(517 67 66 518)
4(527 529 530 525)
4(537 531 530 536)
4(520 536 530 529)
4(482 535 534 484)
4(537 489 534 531)
4(488 484 534 489)
4(329 334 342 336)
4(343 345 524 523)
4(343 344 342 345)
4(527 525 524 528)
4(341 336 342 344)
4(333 528 524 345)
4(333 345 342 334)
4(518 533 532 519)
4(486 487 532 533)
4(537 536 532 487)
4(520 519 532 536)
4(346 347 348 349)
4(343 523 516 350)
4(343 350 348 344)
4(482 476 516 535)
4(341 344 348 347)
4(351 349 348 350)
4(346 349 352 353)
4(482 483 475 476)
4(351 354 352 349)
4(482 484 485 483)
4(486 481 480 487)
4(537 487 480 489)
4(488 489 480 479)
5(486 533 518 66 68)
5(486 68 69 478 481)
4(70 71 66 67)
4(66 71 72 68)
4(619 620 437 421)
4(619 353 352 620)
4(428 431 490 491)
5(428 491 478 69 73)
4(443 427 437 620)
4(492 441 426 477)
4(492 493 442 441)
4(432 435 442 493)
4(443 620 352 354)
4(492 477 475 483)
4(492 483 485 493)
4(432 493 485 494)
4(488 494 485 484)
4(478 491 490 479)
4(432 494 490 431)
4(488 479 490 494)
4(619 421 365 364)
4(619 364 361 353)
4(69 68 72 74)
4(69 74 75 73)
5(695 696 697 698 699)
4(700 701 702 703)
4(699 698 704 705)
5(706 707 708 697 696)
4(700 709 710 711)
4(712 713 714 715)
4(700 703 716 709)
4(683 703 702 684)
4(712 705 704 713)
4(717 713 704 718)
4(697 718 704 698)
4(717 718 710 709)
4(707 711 710 708)
4(697 708 710 718)
4(681 715 714 682)
4(717 719 714 713)
4(691 682 714 719)
4(683 693 716 703)
4(717 709 716 719)
4(691 719 716 693)
5(712 715 681 161 162)
4(695 699 165 164)
5(712 162 165 699 705)
5(706 658 657 720 707)
5(654 655 656 657 658)
4(700 711 721 701)
4(707 720 721 711)
4(655 659 660 656)
4(661 701 721 662)
4(661 662 660 663)
4(664 663 660 659)
4(657 662 721 720)
4(657 656 660 662)
4(376 378 379 377)
4(376 380 384 378)
4(383 377 379 385)
4(668 397 365 421)
5(386 665 655 654 387)
5(381 383 385 386 387)
4(655 665 666 659)
4(388 667 666 389)
4(388 389 379 378)
4(664 659 666 667)
4(386 389 666 665)
4(386 385 379 389)
4(668 669 398 397)
4(388 390 398 667)
4(388 378 384 390)
4(664 667 398 669)
4(668 670 671 669)
4(661 672 702 701)
4(661 663 671 672)
4(673 684 702 672)
4(673 672 671 670)
4(664 669 671 663)
4(165 162 167 166)
4(161 168 167 162)
4(167 168 170 169)
4(75 171 170 168)
4(172 166 167 169)
4(165 166 173 164)
4(173 166 172 174)
4(673 427 426 684)
4(428 896 897 431)
4(681 682 897 896)
4(432 431 897 435)
5(428 73 161 681 896)
4(691 435 897 682)
4(683 684 426 441)
4(683 441 442 693)
4(691 693 442 435)
4(668 421 437 670)
4(673 670 437 427)
4(75 168 161 73)
4(399 397 398 390)
4(399 400 365 397)
4(177 180 179 178)
4(72 71 177 178)
4(70 182 177 71)
4(181 180 177 182)
4(183 74 72 178)
4(179 184 183 178)
4(75 74 183 171)
4(188 171 183 184)
4(187 186 172 169)
4(185 174 172 186)
4(170 189 187 169)
4(188 189 170 171)
4(911 913 384 380)
4(914 915 916 917)
4(911 917 916 913)
4(399 913 916 400)
4(399 390 384 913)
5(328 329 958 905 906)
5(920 906 905 921 922)
4(922 921 923 924)
4(329 336 954 958)
4(341 955 954 336)
4(905 958 954 910)
4(905 910 923 921)
4(346 957 956 347)
4(907 955 956 908)
4(341 347 956 955)
4(909 908 956 957)
4(907 910 954 955)
4(346 353 361 957)
4(909 957 361 904)
4(925 924 923 926)
4(925 926 927 928)
4(907 926 923 910)
4(929 928 927 932)
4(907 908 927 926)
4(909 932 927 908)
4(929 932 933 930)
4(909 904 933 932)
4(914 930 933 915)
4(903 364 365 400)
4(903 400 916 915)
4(903 904 361 364)
4(903 915 933 904)
4(376 377 983 982)
4(376 982 940 380)
5(381 968 967 981 383)
4(383 981 983 377)
4(969 982 983 972)
4(967 972 983 981)
4(969 943 940 982)
4(901 976 978 977)
4(967 977 978 972)
4(218 219 973 900)
4(218 221 220 219)
4(975 976 973 974)
4(901 900 973 976)
5(902 901 977 967 968)
4(222 974 973 219)
5(902 262 218 900 901)
4(222 219 220 223)
4(222 224 946 974)
4(975 945 944 986)
4(975 974 946 945)
4(969 986 944 943)
4(975 986 978 976)
4(969 972 978 986)
4(222 223 225 224)
4(226 227 225 223)
4(925 1017 1020 924)
5(920 922 1019 989 991)
4(925 928 1021 1017)
4(992 990 1020 1017)
4(922 924 1020 1019)
4(989 1019 1020 990)
4(992 1017 1021 995)
4(996 995 1021 1018)
4(929 1018 1021 928)
4(996 1018 1015 997)
4(929 930 1015 1018)
4(911 380 940 1024)
4(1004 1024 940 943)
4(914 917 1026 1025)
4(914 1025 1015 930)
4(1002 1025 1026 1006)
4(911 1024 1026 917)
4(1004 1006 1026 1024)
4(1002 997 1015 1025)
5(1027 991 989 1029 1028)
4(1030 1031 1033 1032)
4(1028 1029 1033 1031)
4(989 990 1033 1029)
4(992 1032 1033 990)
5(194 196 190 191 195)
4(1041 1047 1050 1045)
4(1037 1040 1051 1044)
4(1041 1045 1048 1046)
4(1037 1044 1049 1038)
4(1030 1032 1048 1045)
4(992 995 1048 1032)
4(996 1046 1048 995)
4(1041 1046 1049 1044)
4(996 997 1049 1046)
4(1002 1038 1049 997)
4(1030 1045 1050 1034)
4(191 192 198 197)
4(199 1034 1050 201)
4(199 201 198 200)
4(193 200 198 192)
4(202 201 1050 1047)
4(202 197 198 201)
4(1041 1044 1051 1047)
4(191 197 203 195)
4(204 205 1051 1040)
4(204 206 203 205)
4(202 1047 1051 205)
4(202 205 203 197)
4(194 195 203 206)
4(1053 1057 944 945)
4(1053 945 946 1056)
4(1037 1038 1059 1055)
4(1037 1055 1060 1040)
5(228 196 194 230 229)
4(231 1056 946 224)
4(1004 943 944 1057)
4(1053 1055 1059 1057)
4(1053 1056 1060 1055)
4(231 233 1060 1056)
4(204 1040 1060 233)
4(1002 1006 1059 1038)
4(1004 1057 1059 1006)
4(231 224 225 232)
4(229 232 225 227)
4(231 232 234 233)
4(204 233 234 206)
4(229 230 234 232)
4(194 206 234 230)
4(1030 1034 1062 1031)
5(1027 1028 1061 211 212)
6(207 212 211 210 209 208)
4(1028 1031 1062 1061)
4(209 210 214 213)
4(199 215 1062 1034)
4(199 200 214 215)
4(211 1061 1062 215)
4(211 215 214 210)
4(193 213 214 200)
6(218 262 296 295 294 221)
4(294 297 220 221)
4(226 223 220 297)
7(298 304 303 302 301 300 299)
4(303 304 306 305)
4(307 309 306 308)
4(298 308 306 304)
4(303 311 310 302)
4(294 295 313 312)
4(307 308 313 314)
4(298 312 313 308)
4(296 314 313 295)
4(294 312 315 297)
4(300 316 315 299)
4(298 299 315 312)
4(226 297 315 316)
4(301 302 310 321)
6(226 316 300 228 229 227)
4(1454 1455 1456 1457)
5(1480 1478 1454 1458 1481)
7(1482 1467 1466 1465 1491 1488 1483)
6(1462 1463 1464 1465 1466 1467)
4(1409 1481 1458 1410)
4(1465 1464 1456 1455)
4(1713 1717 1716 1715)
4(1704 1715 1716 1705)
4(1706 1705 1716 1718)
4(1719 1718 1716 1717)
4(1447 1410 1458 1448)
4(1713 1714 1721 1717)
4(1719 1717 1721 1720)
4(1723 1725 1722 1724)
4(1719 1720 1722 1725)
5(1409 1446 1708 1709 1481)
6(1480 1481 1709 1712 1713 1736)
8(1465 1707 1706 1718 1719 1730 1488 1491)
7(1480 1736 1713 1715 1704 1454 1478)
7(1465 1455 1454 1704 1705 1706 1707)
4(1482 1483 1733 1727)
4(1488 1730 1733 1483)
4(1723 1727 1733 1725)
4(1719 1725 1733 1730)
5(1476 1448 1458 1454 1477)
6(1476 1789 1751 1769 1753 1448)
5(190 1448 1753 1763 191)
4(191 1763 1774 192)
4(1751 1767 1774 1769)
4(193 192 1774 1767)
4(1753 1769 1774 1763)
4(209 1760 1773 208)
4(1750 1765 1773 1764)
4(1752 1764 1773 1760)
4(207 208 1773 1765)
6(1752 1761 1463 1462 1750 1764)
4(1463 1761 1791 1464)
4(1476 1477 1792 1789)
4(1792 1788 1790 1789)
4(1454 1457 1792 1477)
4(1447 1448 190 196)
4(209 213 1775 1760)
4(1751 1766 1775 1767)
4(1752 1760 1775 1766)
4(193 1767 1775 213)
4(1752 1766 1779 1761)
4(1751 1789 1790 1766)
4(1792 1457 1456 1788)
4(1791 1788 1456 1464)
4(1779 1788 1791 1761)
4(1779 1766 1790 1788)
4(1447 1794 1793 1410)
5(1409 1812 1810 1863 1446)
4(1409 1410 1793 1812)
5(1819 1812 1793 1827 1820)
6(1819 1824 1813 1817 1810 1812)
4(1813 1816 1818 1817)
4(1810 1817 1818 1811)
6(2130 2133 300 301 2144 2145)
7(1819 1820 1827 2152 2150 1813 1824)
6(2130 2145 2154 2152 1827 2155)
5(2130 2155 1827 1793 1794)
4(2226 2149 2148 2225)
4(2145 2144 2226 2225)
4(301 321 2226 2144)
5(2130 1794 228 300 2133)
4(2226 321 310 2149)
4(2158 2157 2228 2227)
4(2148 2159 2229 2225)
4(2145 2225 2229 2154)
4(2152 2154 2229 2227)
4(2228 2157 1815 1816)
4(1813 2150 2228 1816)
4(2152 2227 2228 2150)
4(2229 2159 2158 2227)
4(1447 196 228 1794)
)


// ************************************************************************* //
