/*--------------------------------*- C++ -*----------------------------------*\
| =========                 |                                                 |
| \\      /  F ield         | OpenFOAM: The Open Source CFD Toolbox           |
|  \\    /   O peration     | Version:  dev                                   |
|   \\  /    A nd           | Web:      www.OpenFOAM.org                      |
|    \\/     M anipulation  |                                                 |
\*---------------------------------------------------------------------------*/
FoamFile
{
    version     2.0;
    format      ascii;
    class       vectorField;
    location    "constant/polyMesh";
    object      points;
}
// * * * * * * * * * * * * * * * * * * * * * * * * * * * * * * * * * * * * * //


4785
(
(9.62925 1.5001 -2.42172)
(9.40993 1.50001 -2.42213)
(9.40987 1.63109 -2.42226)
(9.62924 1.63112 -2.42187)
(9.19069 1.49992 -2.42233)
(9.19043 1.63108 -2.4224)
(8.97161 1.5 -2.42244)
(8.97169 1.63109 -2.4225)
(9.18149 -9.48474e-17 -2.4227)
(9.18863 0.401177 -2.42227)
(9.40845 0.407268 -2.42176)
(9.62611 0.401168 -2.42091)
(9.62392 -9.48457e-17 -2.42267)
(9.1906 0.6 -2.42221)
(9.40926 0.6 -2.4219)
(9.6272 0.795455 -2.42075)
(9.62707 0.6 -2.42091)
(9.40915 0.795459 -2.42175)
(9.1905 0.795466 -2.4222)
(9.4097 1.00455 -2.42195)
(9.62861 1.00455 -2.42152)
(9.19068 1.00455 -2.42226)
(9.62906 1.2 -2.42208)
(9.40997 1.2 -2.42194)
(9.40995 1.36891 -2.42207)
(9.62918 1.36892 -2.42181)
(9.19076 1.36888 -2.42231)
(9.19081 1.2 -2.42229)
(8.97146 1.36891 -2.42246)
(9.84863 1.6311 -2.4207)
(9.84881 1.49998 -2.42077)
(10.0689 1.50009 -2.41924)
(10.0687 1.63114 -2.41927)
(10.9384 0.375897 -2.00126)
(10.9415 0.77658 -1.99768)
(10.938 0.77655 -1.58065)
(10.9392 0.375917 -1.58504)
(10.9399 9.72068e-17 -1.58751)
(10.9399 1.22772e-16 -2.00503)
(10.9582 1.16608 -2.00033)
(10.9346 1.16608 -1.57426)
(10.9384 1.5 -1.57708)
(10.9523 1.5 -1.99913)
(10.5 -6.92699e-17 -2.005)
(10.0627 -6.92716e-17 -2.00503)
(10.0618 0.400945 -2.00016)
(10.2775 0.40616 -1.99581)
(10.4931 0.397052 -1.99398)
(10.4954 0.793478 -1.99169)
(10.4145 0.6 -1.98549)
(10.2778 0.6 -1.99477)
(10.2794 0.795058 -1.99544)
(10.0628 0.795393 -1.99925)
(10.0622 0.6 -1.99934)
(10.2877 1.00439 -1.99769)
(10.5155 1.00415 -1.99766)
(10.5 1.2 -2.005)
(10.2919 1.2 -1.99861)
(10.0663 1.00451 -2.00039)
(10.0674 1.2 -2.00145)
(10.5119 1.49999 -1.99768)
(10.5189 1.36871 -1.99884)
(10.2898 1.36884 -1.9984)
(10.2884 1.49997 -1.99857)
(10.0674 1.49987 -2.00062)
(10.0675 1.36886 -2.00075)
(10.9406 0.375935 -1.16924)
(10.9399 7.1642e-17 -1.17)
(10.9398 0.776551 -1.16638)
(10.9344 1.16608 -1.15992)
(10.9399 4.60773e-17 -0.7525)
(10.9422 0.375954 -0.753297)
(10.9432 0.776554 -0.752524)
(10.9369 1.5 -1.16177)
(10.9389 1.16609 -0.747797)
(10.9402 1.5 -0.748526)
(10.0628 -9.48406e-17 -2.42261)
(9.84332 0.407218 -2.4184)
(10.0591 0.400975 -2.41542)
(10.0602 0.407043 -2.20694)
(9.84381 0.6 -2.41851)
(10.0586 0.6 -2.41392)
(10.0605 0.6 -2.20685)
(9.84441 0.795445 -2.41858)
(10.0615 0.795403 -2.20692)
(10.0603 0.795377 -2.41471)
(10.0687 1.2 -2.41966)
(10.0667 1.00451 -2.41815)
(9.84756 1.00455 -2.42031)
(9.84853 1.2 -2.42116)
(10.0671 1.2 -2.20904)
(10.0659 1.00452 -2.20855)
(9.84874 1.36889 -2.42092)
(10.0689 1.36891 -2.41931)
(10.0675 1.36889 -2.20925)
(10.0678 1.49999 -2.20945)
(9.62734 2.20454 -2.42095)
(9.6287 1.99546 -2.42163)
(9.40963 1.99545 -2.42216)
(9.40913 2.20454 -2.42178)
(9.62723 2.59884 -2.42111)
(9.62721 2.4 -2.42117)
(9.4092 2.4 -2.42171)
(9.40901 2.59274 -2.42175)
(9.19038 2.59883 -2.4223)
(9.19062 3 -2.42272)
(9.62875 3 -2.42272)
(9.19037 2.20454 -2.42224)
(9.19033 1.99546 -2.42236)
(9.19036 2.4 -2.42229)
(8.97147 2.59273 -2.42245)
(8.75256 2.59883 -2.42254)
(8.75249 3 -2.42271)
(8.97143 2.4 -2.42251)
(8.75258 2.20452 -2.42248)
(8.7526 2.4 -2.42255)
(8.9715 2.20454 -2.42244)
(8.97166 1.99545 -2.42249)
(8.75259 1.99545 -2.42239)
(9.6294 1.8 -2.42218)
(9.40987 1.8 -2.42242)
(9.18984 1.8 -2.42244)
(8.97189 1.8 -2.42268)
(10.9422 2.22344 -2.41462)
(10.9422 2.22342 -1.99778)
(10.9584 1.83392 -2.00036)
(10.9631 1.83395 -2.41994)
(10.9405 2.62411 -2.00134)
(10.9395 2.62414 -2.41806)
(10.9431 3 -2.42272)
(10.9431 3 -2.00506)
(10.9572 1.5 -2.41916)
(9.84482 2.20455 -2.41886)
(9.84753 1.99545 -2.42017)
(10.5 1.8 -2.4225)
(10.5143 1.99585 -2.41371)
(10.4905 2.20651 -2.40419)
(10.4893 2.60295 -2.40666)
(10.4058 2.4 -2.39424)
(10.2741 2.59384 -2.41015)
(10.0607 2.59905 -2.41624)
(10.0669 3 -2.42272)
(10.505 3 -2.42272)
(10.2763 2.20494 -2.41035)
(10.2738 2.4 -2.40917)
(9.84418 2.59278 -2.41876)
(9.84448 2.4 -2.41876)
(10.0611 2.20461 -2.41552)
(10.0667 1.99549 -2.41828)
(10.2874 1.99561 -2.41536)
(10.2921 1.8 -2.41767)
(10.0686 1.8 -2.41969)
(10.0598 2.4 -2.41516)
(9.84835 1.8 -2.42053)
(10.5193 1.63129 -2.41629)
(10.2908 1.63115 -2.41707)
(10.5138 1.5 -2.41597)
(10.2902 1.49999 -2.41716)
(10.9348 1.83392 -1.57428)
(10.9388 2.22345 -1.58071)
(10.9413 2.62409 -1.58509)
(10.9346 1.83392 -1.15992)
(10.9405 2.22345 -1.16641)
(10.9431 3 -1.58751)
(10.9431 3 -1.17)
(10.9427 2.62407 -1.16926)
(10.9443 2.62405 -0.753298)
(10.9439 2.22345 -0.752531)
(10.9391 1.83392 -0.747797)
(10.9462 2.22344 -0.336236)
(10.9442 1.83392 -0.335335)
(10.9439 1.5 -0.33441)
(10.945 2.62404 -0.335842)
(10.9431 3 -0.7525)
(10.9431 3 -0.335)
(10.5064 1.5 -2.20394)
(10.2874 1.5 -2.20675)
(10.943 0.37597 -0.335883)
(10.9455 0.776559 -0.336289)
(10.9443 0.776567 0.0838715)
(10.9417 0.375945 0.0839122)
(10.9399 -5.0517e-18 0.0825)
(10.9399 2.0513e-17 -0.335)
(10.944 1.16609 -0.335344)
(10.9473 1.16609 0.0784512)
(10.9431 3 0.0825)
(10.9438 2.62406 0.0839467)
(10.945 2.22343 0.0839185)
(10.946 1.5 0.0803805)
(10.9475 1.83391 0.0784609)
(7.02797 1.1665 -2.42222)
(7.5 1.2 -2.4225)
(7.44861 1.00408 -2.42255)
(7.45178 0.793953 -2.4227)
(7.44674 1.50053 -2.4225)
(7.44722 1.36878 -2.42252)
(7.02463 1.50304 -2.42224)
(7.65989 1.2 -2.42247)
(7.66152 1.00439 -2.42254)
(7.88016 0.795388 -2.42258)
(7.66484 0.795124 -2.42262)
(7.87835 1.00451 -2.42254)
(7.87736 1.2 -2.42248)
(7.66048 1.3689 -2.42253)
(7.87815 1.49997 -2.42255)
(7.87777 1.36889 -2.42254)
(7.66102 1.50012 -2.42253)
(7.47892 -3.73711e-09 -2.42252)
(7.44205 0.18737 -2.42254)
(7.4508 0.403003 -2.4227)
(7.66301 0.407361 -2.42263)
(7.87022 0.401174 -2.42259)
(7.82651 2.23612e-09 -2.42261)
(7.45179 0.6 -2.42299)
(7.6651 0.6 -2.42268)
(7.87995 0.6 -2.42261)
(7.44156 1.5002 -2.63141)
(7.65976 1.50002 -2.63139)
(7.88002 2.59886 -2.4226)
(7.88038 2.4 -2.42262)
(7.66552 2.4 -2.42271)
(7.66529 2.5927 -2.42269)
(7.88042 2.20464 -2.42258)
(7.66514 2.20498 -2.42265)
(7.87874 1.99551 -2.42257)
(7.66231 1.99566 -2.42251)
(7.45176 2.20649 -2.42271)
(7.44878 1.99603 -2.42254)
(7.02328 1.84041 -2.42188)
(7.5 1.8 -2.4225)
(7.4474 1.63144 -2.42251)
(7.87789 1.8 -2.42261)
(7.66174 1.8 -2.42237)
(7.87812 1.6311 -2.42257)
(7.66123 1.63118 -2.42249)
(7.43858 1.63148 -2.63132)
(7.65901 1.63117 -2.63138)
(8.75254 1.50006 -2.42248)
(8.75259 1.63112 -2.42239)
(8.75254 1.8 -2.42221)
(8.74871 0.401164 -2.42246)
(8.75262 0.6 -2.42233)
(8.97152 0.6 -2.42239)
(8.97038 0.407265 -2.4224)
(8.73306 -9.48474e-17 -2.4227)
(8.97152 0.795462 -2.42238)
(8.75257 0.795468 -2.42242)
(8.75227 1.00455 -2.42257)
(8.97143 1.00455 -2.42244)
(8.97118 1.2 -2.4225)
(8.75163 1.2 -2.42276)
(8.53368 2.59274 -2.42249)
(8.31506 2.59881 -2.42253)
(8.31436 3 -2.4227)
(8.53353 2.4 -2.42245)
(8.31491 2.4 -2.42251)
(8.53368 2.20452 -2.4225)
(8.31518 2.20453 -2.42251)
(8.53354 1.99544 -2.42266)
(8.31526 1.99545 -2.42261)
(8.09706 2.4 -2.42234)
(8.09726 2.20457 -2.42245)
(7.87625 3 -2.42265)
(8.0973 2.59275 -2.42244)
(8.09659 1.99545 -2.42254)
(8.27806 -9.4844e-17 -2.42268)
(8.30789 0.401163 -2.42254)
(8.53151 0.407262 -2.42248)
(8.53366 0.6 -2.42243)
(8.5337 0.795465 -2.42245)
(8.31502 0.6 -2.4225)
(8.31515 0.795476 -2.42246)
(8.53341 1.00455 -2.42245)
(8.31493 1.00455 -2.42224)
(8.31572 1.8 -2.42259)
(8.53316 1.8 -2.42294)
(8.53349 1.63114 -2.42266)
(8.31514 1.63116 -2.42261)
(8.53357 1.50016 -2.42252)
(8.31493 1.50007 -2.42249)
(8.75226 1.36891 -2.42258)
(8.53337 1.36893 -2.42246)
(8.31483 1.36888 -2.42226)
(8.53296 1.2 -2.42245)
(8.31501 1.2 -2.42186)
(8.09707 0.6 -2.4225)
(8.0972 0.795449 -2.42251)
(8.09644 1.00455 -2.42248)
(8.09614 1.2 -2.42253)
(8.09632 1.49999 -2.42252)
(8.09617 1.3689 -2.42248)
(8.09613 1.8 -2.42253)
(8.09629 1.6311 -2.42255)
(8.09381 0.407253 -2.42254)
(7.44999 2.59718 -2.42274)
(7.44128 2.81252 -2.42258)
(7.48491 3 -2.42254)
(7.45261 2.4 -2.42292)
(7.01088 2.61318 -2.42249)
(7.01992 2.40926 -2.42238)
(7.01881 2.22671 -2.42188)
(6.56817 2.29574 -2.4188)
(6.5542 2.48109 -2.42066)
(6.52012 2.68007 -2.42219)
(6.784 2.62988 -2.42243)
(6.63127 2.75418 -2.42246)
(6.7563 2.83754 -2.42252)
(7 3 -2.4225)
(7.00497 2.81263 -2.42252)
(6.86744 2.91163 -2.42252)
(6.29681 2.53119 -2.41956)
(6.39962 2.59975 -2.42139)
(7.23514 2.60038 -2.42256)
(7.22302 2.81234 -2.42254)
(7.219 3 -2.42251)
(7.3 2.4 -2.4225)
(7.23953 2.21288 -2.42245)
(7.01085 2.61278 -2.63133)
(7.01982 2.40839 -2.63118)
(7.23517 2.60032 -2.63134)
(7.3 2.40003 -2.63125)
(6.34408 2.33427 -2.41663)
(8.97153 1.49997 -1.79606)
(8.97151 1.63109 -1.79607)
(8.97143 1.63109 -2.0047)
(8.97157 1.50002 -2.00482)
(8.97164 1.63108 -2.21366)
(8.97158 1.5 -2.21362)
(9.18165 -4.37061e-17 -1.58751)
(9.1887 0.40117 -1.5874)
(9.18978 0.407236 -1.79609)
(9.18862 0.401166 -2.00482)
(9.18121 -6.92731e-17 -2.00505)
(9.18919 0.401172 -1.16999)
(9.18985 0.407236 -1.37867)
(9.18354 -1.81409e-17 -1.17)
(9.1904 0.6 -1.58742)
(9.19069 0.6 -1.79617)
(9.19054 0.795474 -2.00477)
(9.19059 0.6 -2.00482)
(9.19051 0.795472 -1.79605)
(9.19046 0.79547 -1.58737)
(9.19043 0.6 -1.37865)
(9.19059 0.795464 -1.16996)
(9.19052 0.795481 -1.37866)
(9.19056 0.6 -1.16996)
(9.19057 1.2 -1.58748)
(9.19049 1.00457 -1.58739)
(9.19071 1.00455 -1.37873)
(9.19103 1.2 -1.37891)
(9.1906 1.00456 -1.16991)
(9.19063 1.2 -1.16988)
(9.19069 1.36886 -1.37869)
(9.19049 1.36889 -1.58735)
(9.19057 1.3689 -1.16986)
(9.18984 1.2 -1.79587)
(9.19031 1.00456 -1.79596)
(9.19079 1.00455 -2.0049)
(9.19126 1.2 -2.00531)
(9.19032 1.36887 -1.79593)
(9.19083 1.36885 -2.00489)
(8.97153 1.3689 -1.58756)
(8.97151 1.36888 -1.79597)
(8.97167 1.36891 -2.00495)
(8.97152 1.5 -1.58743)
(8.97147 1.63108 -1.58747)
(8.9715 1.36891 -2.21365)
(9.1897 0.407239 -2.21357)
(9.19062 0.6 -2.21382)
(9.19053 0.79547 -2.21354)
(9.1907 1.00456 -2.21346)
(9.19086 1.2 -2.21336)
(9.19077 1.36887 -2.21347)
(8.75249 2.20454 -2.21367)
(8.75228 2.4 -2.21367)
(8.75256 1.99544 -2.21355)
(8.75259 2.20452 -2.00493)
(8.75252 2.4 -2.00501)
(8.7526 2.20453 -1.79622)
(8.75251 2.4 -1.79617)
(8.75283 1.99545 -2.00465)
(8.75249 3 -2.00506)
(8.75247 2.59276 -2.21371)
(8.75255 2.59883 -2.005)
(8.75278 1.99544 -1.79639)
(8.75257 2.59277 -1.79622)
(8.75258 2.59884 -1.58748)
(8.75249 3 -1.58751)
(8.75261 2.20454 -1.58748)
(8.75256 2.4 -1.58747)
(8.75274 1.99545 -1.58754)
(8.97143 1.99545 -2.00472)
(8.97162 1.99546 -2.21366)
(8.97151 1.99545 -1.7961)
(8.97178 1.8 -2.21383)
(8.97107 1.8 -2.00451)
(8.97144 1.8 -1.79595)
(8.97129 1.8 -1.58763)
(8.97148 1.99545 -1.58749)
(8.75311 1.8 -1.58758)
(8.75273 1.63108 -1.58754)
(9.62897 1.63109 -2.2128)
(9.84822 1.63111 -2.21154)
(9.40981 1.63107 -2.21335)
(10.0676 1.6311 -2.2095)
(10.0677 1.63108 -2.00106)
(9.84782 1.63109 -2.00283)
(9.62875 1.6311 -2.00398)
(10.065 1.63111 -1.79141)
(10.0651 1.50003 -1.79121)
(9.40952 1.63107 -2.00458)
(9.62861 1.63115 -1.79496)
(9.84679 1.63112 -1.79369)
(9.1906 1.63108 -2.2135)
(9.1905 1.63106 -2.00476)
(9.40942 1.63109 -1.79573)
(9.19051 1.63107 -1.796)
(10.4958 1.5 -1.57528)
(10.501 1.5 -1.78586)
(10.2831 1.50011 -1.78833)
(10.2798 1.50004 -1.57873)
(9.19059 1.63108 -1.58727)
(9.40944 1.63108 -1.58697)
(9.62829 1.63112 -1.58637)
(9.84606 1.63109 -1.58487)
(10.0632 1.63112 -1.58216)
(9.40908 1.63114 -1.16942)
(9.19051 1.63109 -1.16984)
(10.4979 1.5 -1.16202)
(10.4972 1.5 -1.3697)
(10.2801 1.5 -1.37165)
(10.281 1.49989 -1.16421)
(10.064 1.49994 -1.1664)
(10.0634 1.5 -1.37419)
(10.0635 1.63109 -1.37441)
(10.064 1.63108 -1.16659)
(10.0635 1.50003 -1.58218)
(9.19045 1.63109 -1.37859)
(9.4094 1.63109 -1.37812)
(9.62802 1.63108 -1.3776)
(9.84609 1.63108 -1.37637)
(9.62793 1.63109 -1.1692)
(9.84636 1.63108 -1.16809)
(9.19049 1.49999 -1.1698)
(9.84834 1.50006 -2.21139)
(9.62903 1.5 -2.2126)
(9.84787 1.49996 -2.00247)
(9.40983 1.49992 -2.21321)
(9.62874 1.50005 -2.00369)
(9.40965 1.49989 -2.00437)
(9.19062 1.49985 -2.00472)
(9.19068 1.49991 -2.21348)
(9.62771 0.795459 -2.00356)
(9.62768 0.6 -2.00389)
(9.40931 0.6 -2.00447)
(9.40927 0.795471 -2.00434)
(9.62385 -6.92727e-17 -2.00505)
(9.40863 0.407266 -2.00439)
(9.62669 0.401151 -2.0038)
(9.84561 0.795449 -2.00196)
(9.84544 0.6 -2.00228)
(9.84489 0.407211 -2.0021)
(9.40962 1.00456 -2.00434)
(9.62849 1.00455 -2.00375)
(9.84737 1.00454 -2.00248)
(9.62877 1.2 -2.00416)
(9.40982 1.2 -2.00429)
(9.84819 1.2 -2.00308)
(9.40974 1.36887 -2.00436)
(9.62879 1.36891 -2.00381)
(9.84798 1.36889 -2.00264)
(9.40944 1.50001 -1.79557)
(9.19048 1.49991 -1.79592)
(9.84686 1.50011 -1.79343)
(9.62835 1.50013 -1.79479)
(9.40944 1.36893 -1.16964)
(9.40956 1.2 -1.16979)
(9.40929 1.50011 -1.16949)
(10.4464 1.2 -1.15362)
(10.2793 1.2 -1.1632)
(10.2811 1.0044 -1.16483)
(10.4965 1.00413 -1.16133)
(9.62826 1.2 -1.16927)
(9.62808 1.36892 -1.16909)
(9.84645 1.2 -1.1683)
(9.8463 1.36891 -1.16805)
(10.5029 0.793448 -1.16776)
(10.2848 0.795057 -1.16873)
(10.0638 1.2 -1.16636)
(10.0644 1.00451 -1.16703)
(10.2802 1.36882 -1.16374)
(10.4954 1.36869 -1.15997)
(9.62795 1.50001 -1.16898)
(9.84624 1.49999 -1.16795)
(10.0638 1.36888 -1.16633)
(9.40949 1.3689 -1.37843)
(9.40925 1.36888 -1.58704)
(9.4094 1.3689 -1.79564)
(9.84607 1.3689 -1.5848)
(9.62791 1.36892 -1.58647)
(9.62791 1.36889 -1.37774)
(9.846 1.36889 -1.37624)
(10.4376 1.2 -1.56237)
(10.4189 1.2 -1.78111)
(10.2821 1.2 -1.7871)
(10.2779 1.2 -1.57687)
(10.4276 1.2 -1.37236)
(10.28 1.2 -1.37193)
(9.6284 1.36893 -1.79485)
(9.84692 1.36893 -1.79367)
(10.0633 1.2 -1.58249)
(9.84613 1.2 -1.58514)
(9.8462 1.2 -1.37632)
(10.0633 1.2 -1.37455)
(10.0648 1.2 -1.79148)
(9.84704 1.2 -1.79425)
(9.40953 1.00455 -1.16976)
(10.5 -1.81409e-17 -1.17)
(10.5035 0.397054 -1.16971)
(10.2856 0.40617 -1.17)
(10.0661 0.400963 -1.16994)
(10.063 -1.81409e-17 -1.17)
(9.62861 0.795459 -1.16981)
(9.40963 0.795461 -1.16997)
(9.40965 0.6 -1.17015)
(9.62874 0.6 -1.17004)
(9.62468 -1.81409e-17 -1.17)
(9.62794 0.401146 -1.17001)
(9.40924 0.407257 -1.17005)
(9.8475 0.407208 -1.16993)
(9.84775 0.6 -1.16988)
(9.8475 0.795447 -1.16953)
(10.2857 0.6 -1.16983)
(10.432 0.6 -1.16799)
(9.84662 1.00453 -1.16846)
(9.62825 1.00454 -1.16932)
(10.0668 0.6 -1.16978)
(10.0663 0.795383 -1.16918)
(10.5 -4.37056e-17 -1.5875)
(10.4983 0.397054 -1.5818)
(10.4968 0.793454 -1.57855)
(10.064 0.400955 -1.58509)
(9.62814 0.795457 -1.58655)
(9.62403 -4.37061e-17 -1.58751)
(9.62736 0.401157 -1.58679)
(10.0641 0.795379 -1.58399)
(9.62788 1.2 -1.58719)
(10.0628 -4.37058e-17 -1.58751)
(9.84733 0.6 -1.37812)
(9.84623 1.00453 -1.37661)
(9.40975 0.6 -1.37865)
(9.40936 0.6 -1.79588)
(9.84607 0.6 -1.79412)
(10.2843 0.6 -1.37711)
(10.2801 0.6 -1.78908)
(9.40955 1.00455 -1.37853)
(9.40935 1.00456 -1.79567)
(9.84666 1.00454 -1.79373)
(10.2805 1.00442 -1.37246)
(10.2818 1.00442 -1.78765)
(10.4909 1.00412 -1.57222)
(10.5027 0.405278 -1.37691)
(10.4963 0.405277 -1.78773)
(10.4233 0.6 -1.57674)
(10.2814 0.406168 -1.58276)
(10.4966 0.794863 -1.78626)
(10.5016 0.794854 -1.37507)
(10.2808 0.79505 -1.58136)
(9.62836 0.795468 -1.37827)
(9.62795 0.795459 -1.79499)
(9.40887 0.407255 -1.58721)
(10.063 0.407042 -1.79213)
(9.84619 0.407211 -1.58606)
(10.0645 0.6 -1.58471)
(10.0655 0.407043 -1.37752)
(9.40911 1.2 -1.58721)
(10.0634 1.0045 -1.58259)
(9.62799 1.2 -1.37814)
(9.62846 0.6 -1.58658)
(9.40936 0.795473 -1.58714)
(9.84635 0.795449 -1.58567)
(9.62793 1.00456 -1.58658)
(9.62813 0.407221 -1.37845)
(10.0652 0.795396 -1.37674)
(9.62867 1.2 -1.79478)
(9.62751 0.407221 -1.79512)
(10.0634 0.795401 -1.79162)
(9.84694 0.795452 -1.37764)
(9.62854 0.6 -1.37861)
(9.84652 0.6 -1.58621)
(9.84701 0.40866 -1.37804)
(10.0659 0.6 -1.37756)
(9.62803 1.00454 -1.37794)
(9.84611 1.00454 -1.58505)
(10.0637 1.00451 -1.37485)
(9.40939 0.6 -1.58732)
(9.40929 0.408704 -1.37862)
(9.40957 0.795468 -1.37856)
(9.40894 0.408707 -1.79577)
(9.62814 0.6 -1.79518)
(9.40931 0.795468 -1.79572)
(10.284 0.407965 -1.37691)
(9.84564 0.408661 -1.79395)
(10.0633 0.6 -1.7921)
(9.846 0.795449 -1.79376)
(10.2797 0.407961 -1.78938)
(10.2812 0.6 -1.58188)
(10.2832 0.795225 -1.37567)
(10.4221 0.6 -1.37795)
(10.2802 0.795228 -1.78865)
(10.4133 0.6 -1.7867)
(9.40984 1.2 -1.37879)
(9.40926 1.00455 -1.58711)
(9.40935 1.2 -1.79582)
(9.62827 1.00454 -1.79489)
(10.0645 1.00451 -1.79127)
(10.2788 1.0044 -1.57833)
(10.4975 1.00422 -1.37086)
(10.4972 1.00421 -1.78425)
(9.19049 1.49997 -1.58724)
(9.1905 1.49993 -1.37854)
(9.62798 1.50008 -1.58613)
(10.2798 1.36884 -1.37155)
(10.2827 1.36886 -1.78763)
(10.4909 1.36868 -1.57152)
(9.40933 1.49993 -1.58687)
(9.62787 1.49993 -1.37749)
(9.84607 1.49997 -1.58462)
(10.0633 1.3689 -1.58218)
(9.40933 1.50001 -1.37817)
(9.84595 1.49992 -1.37616)
(10.0633 1.3689 -1.37424)
(10.2787 1.36887 -1.57776)
(10.4967 1.36857 -1.36971)
(10.065 1.36891 -1.79121)
(10.4985 1.36855 -1.7843)
(9.40965 1.00455 -2.2132)
(9.40978 1.2 -2.2135)
(9.40984 1.36889 -2.21327)
(9.62909 1.36891 -2.21267)
(9.84834 1.2 -2.21154)
(9.84834 1.36891 -2.21143)
(9.62919 1.2 -2.21285)
(9.40916 0.6 -2.21302)
(9.84469 0.6 -2.21043)
(9.84743 1.00455 -2.21107)
(9.62745 0.795451 -2.21202)
(9.62675 0.407233 -2.21201)
(9.40867 0.40871 -2.21296)
(9.62736 0.6 -2.21212)
(9.40918 0.795459 -2.21298)
(9.84411 0.408665 -2.21007)
(9.84501 0.795445 -2.21018)
(9.62864 1.00455 -2.2125)
(9.19062 3 -1.58751)
(9.19055 2.59884 -1.58742)
(9.19058 2.59277 -1.37871)
(9.19063 2.59884 -1.17001)
(9.19062 3 -1.17)
(9.19057 2.4 -1.58744)
(9.19056 2.4 -1.37871)
(9.19059 2.20453 -1.16997)
(9.1906 2.4 -1.17002)
(9.19055 2.20453 -1.37867)
(9.19053 2.20454 -1.58737)
(8.97157 2.59274 -1.58748)
(8.97158 2.4 -1.58748)
(8.97156 2.20454 -1.58746)
(9.19083 1.8 -1.58731)
(9.1906 1.99545 -1.58731)
(9.19035 1.8 -1.37879)
(9.19047 1.99545 -1.37863)
(9.19053 1.99544 -1.16989)
(9.19067 1.8 -1.16995)
(10.4908 1.63132 -1.57159)
(10.2784 1.63115 -1.57794)
(10.2823 1.63119 -1.78831)
(10.4376 1.8 -1.56237)
(10.2772 1.8 -1.57709)
(10.4276 1.8 -1.37236)
(10.28 1.8 -1.37207)
(10.4464 1.8 -1.15362)
(10.2805 1.8 -1.16297)
(9.62791 1.8 -1.16968)
(9.40857 1.8 -1.16923)
(9.40968 1.8 -1.37807)
(9.62822 1.8 -1.37777)
(9.62884 1.8 -1.58691)
(9.40951 1.8 -1.58718)
(10.0631 1.8 -1.58216)
(10.0639 1.8 -1.37485)
(10.0642 1.8 -1.16694)
(9.84631 1.8 -1.37667)
(9.84659 1.8 -1.16811)
(9.84598 1.8 -1.58534)
(10.505 3 -1.17)
(10.0669 3 -1.17)
(10.0669 2.59904 -1.17016)
(10.286 2.59384 -1.17022)
(10.5048 2.60295 -1.16977)
(9.62859 2.20454 -1.16986)
(9.40963 2.20453 -1.16994)
(9.40916 1.99545 -1.16954)
(9.62809 1.99545 -1.16944)
(10.2858 2.4 -1.17007)
(10.432 2.4 -1.16799)
(9.62875 3 -1.17)
(9.62875 2.59884 -1.17005)
(9.84772 2.59279 -1.17007)
(9.84743 2.20456 -1.16967)
(9.8476 2.4 -1.17006)
(9.62883 2.4 -1.17007)
(10.503 2.20655 -1.16782)
(10.2849 2.20495 -1.16893)
(10.2816 1.9956 -1.16487)
(10.4966 1.99587 -1.16137)
(9.84667 1.99546 -1.16853)
(10.0663 2.20462 -1.16946)
(10.0668 2.4 -1.17024)
(10.0646 1.9955 -1.16734)
(9.40973 2.59274 -1.17006)
(9.40981 2.4 -1.17011)
(9.40994 1.8 -2.2135)
(9.40962 1.99546 -2.21331)
(9.19053 1.99546 -2.2135)
(9.19058 1.8 -2.21343)
(9.40954 2.20453 -1.37854)
(9.40945 1.99544 -1.37822)
(9.19062 3 -2.00506)
(9.19046 2.59883 -2.00488)
(9.19045 2.59277 -1.79613)
(9.19037 2.4 -1.79617)
(9.19045 2.20454 -1.7961)
(9.1905 1.99545 -1.79604)
(9.19053 1.8 -1.7961)
(9.40946 1.99545 -1.58705)
(9.40944 2.20454 -1.58715)
(8.97157 2.20454 -1.7962)
(8.97163 2.4 -1.79628)
(8.97157 2.59274 -2.00498)
(8.97157 2.59129 -1.79623)
(9.19043 2.59276 -2.21359)
(9.19056 2.4 -2.21374)
(9.19044 2.20454 -2.00482)
(9.19047 2.4 -2.00491)
(9.19046 2.20454 -2.21356)
(9.19045 1.99545 -2.00479)
(9.19044 1.8 -2.0049)
(9.62875 3 -2.00506)
(9.40921 2.59274 -2.00456)
(9.62765 2.59885 -2.00396)
(9.62766 2.20454 -2.00375)
(9.40925 2.20454 -2.00452)
(9.4094 1.99546 -2.0046)
(9.62845 1.99545 -2.00396)
(9.40934 2.4 -2.00471)
(9.6276 2.4 -2.00417)
(10.0627 2.20462 -1.99952)
(10.0618 2.4 -1.99952)
(9.84533 2.4 -2.00227)
(9.84554 2.20455 -2.0021)
(10.505 3 -2.00506)
(10.0669 3 -2.00506)
(10.0625 2.59905 -2.00037)
(10.2775 2.59384 -1.99606)
(10.4943 2.60295 -1.99408)
(9.8452 2.59279 -2.00221)
(10.4954 2.20652 -1.99185)
(10.4145 2.4 -1.98549)
(10.2767 2.4 -1.99501)
(10.2791 2.20495 -1.9958)
(10.2877 1.99561 -1.99878)
(10.5155 1.99585 -1.99794)
(9.84719 1.99546 -2.00272)
(10.0665 1.9955 -2.00077)
(10.5 1.8 -2.005)
(9.62853 1.99545 -2.21268)
(9.62887 1.8 -2.21308)
(9.84735 1.99546 -2.21124)
(10.066 1.99549 -2.20891)
(9.84814 1.8 -2.21173)
(10.0672 1.8 -2.20949)
(10.2835 1.99558 -2.20515)
(10.2837 1.8 -2.20556)
(10.2921 1.8 -2.00107)
(10.2899 1.63114 -1.99943)
(10.2861 1.63116 -2.2062)
(10.4189 1.8 -1.78111)
(10.2811 1.8 -1.78855)
(10.5189 1.63128 -1.99906)
(10.4101 1.8 -2.18986)
(9.40921 2.4 -2.21326)
(9.84485 2.4 -2.21048)
(10.276 2.4 -2.20248)
(9.62726 2.59277 -2.21221)
(9.62751 2.20454 -2.21222)
(10.492 2.20513 -2.19818)
(10.0619 2.2046 -2.20734)
(10.0609 2.59295 -2.20736)
(10.4904 2.59472 -2.19889)
(9.40918 2.20454 -2.21313)
(9.40906 2.59129 -2.21311)
(9.62749 2.4 -2.21238)
(9.84517 2.20455 -2.21036)
(10.4978 1.99578 -2.1991)
(10.2774 2.20478 -2.20292)
(10.4046 2.4 -2.19545)
(9.84456 2.59134 -2.21026)
(10.061 2.4 -2.20727)
(10.2757 2.59204 -2.20281)
(10.5015 1.63146 -2.20065)
(10.4984 1.63144 -1.78448)
(9.62833 2.20454 -1.37826)
(9.6282 2.59885 -1.58689)
(9.40946 2.59274 -1.58723)
(9.40951 2.4 -1.58726)
(9.62824 2.4 -1.58684)
(9.62875 3 -1.58751)
(9.62844 2.59278 -1.37846)
(9.62849 2.4 -1.37853)
(9.62809 2.20453 -1.58664)
(9.40931 1.8 -2.00487)
(9.40926 1.8 -1.79596)
(9.6292 1.8 -1.79504)
(9.84664 1.8 -1.79406)
(9.62879 1.8 -2.00439)
(10.0681 1.8 -2.00168)
(9.84771 1.8 -2.00342)
(10.0649 1.8 -1.79164)
(10.4994 2.60295 -1.5819)
(10.505 3 -1.58751)
(10.4968 2.20655 -1.57867)
(10.0639 2.20462 -1.58421)
(10.0646 2.59903 -1.58528)
(10.0669 3 -1.58751)
(9.40938 1.99545 -1.79579)
(9.40965 2.4 -1.79612)
(9.84597 2.4 -1.79435)
(10.2841 2.4 -1.37724)
(9.8472 2.4 -1.37811)
(10.2796 2.4 -1.78943)
(9.84651 1.99546 -1.79379)
(10.2805 1.99558 -1.3726)
(9.8463 1.99547 -1.37676)
(10.2814 1.99557 -1.78842)
(10.4966 2.20514 -1.7864)
(10.0632 2.2046 -1.79191)
(10.0631 2.59296 -1.79239)
(10.4967 2.59472 -1.78783)
(9.62781 2.59278 -1.79518)
(9.62789 2.20453 -1.79506)
(10.5032 2.59472 -1.37698)
(10.4233 2.4 -1.57674)
(10.2815 2.59384 -1.58317)
(10.5016 2.20514 -1.37514)
(10.4909 1.99587 -1.57233)
(10.2806 2.20495 -1.58177)
(9.6283 1.99545 -1.58651)
(9.84624 2.20455 -1.58573)
(10.0651 2.20462 -1.37686)
(10.0642 2.4 -1.58498)
(10.0633 1.9955 -1.58262)
(9.84641 2.59278 -1.5861)
(10.0657 2.59295 -1.37761)
(10.2841 2.59204 -1.37708)
(9.4094 2.20454 -1.79585)
(9.62847 1.99544 -1.79503)
(9.62813 1.99545 -1.3778)
(9.40938 2.59129 -1.7959)
(9.62791 2.4 -1.79511)
(9.84639 2.4 -1.58612)
(9.84576 2.59133 -1.79411)
(10.0631 2.4 -1.79245)
(9.84589 2.20454 -1.79392)
(10.2796 2.59204 -1.78966)
(10.0656 2.4 -1.37754)
(10.2809 2.4 -1.58269)
(10.2831 2.20477 -1.37584)
(10.4221 2.4 -1.37795)
(9.84711 2.59133 -1.37808)
(9.84686 2.20456 -1.37769)
(10.2799 2.20477 -1.78901)
(10.4133 2.4 -1.7867)
(9.84607 1.99546 -1.58514)
(10.0644 1.99549 -1.79153)
(10.0639 1.9955 -1.37505)
(10.2785 1.99559 -1.5786)
(10.4975 1.99578 -1.37092)
(10.4971 1.99578 -1.78448)
(9.40968 2.4 -1.37872)
(9.4096 2.59129 -1.37865)
(8.97162 2.4 -2.21371)
(8.97156 2.20454 -2.00493)
(8.97165 2.4 -2.00504)
(8.97155 2.20454 -2.21367)
(8.97153 2.59128 -2.21369)
(10.4954 1.63131 -1.15998)
(10.2807 1.63112 -1.16374)
(10.2799 1.63115 -1.37164)
(10.4967 1.63143 -1.36974)
(7.88041 2.59288 -2.21385)
(7.87987 2.59886 -2.00507)
(7.87625 3 -2.00504)
(8.7526 1.4999 -1.58748)
(8.75257 1.36886 -1.58747)
(8.74856 0.401172 -1.58756)
(8.73242 -4.37063e-17 -1.58751)
(8.75254 0.795475 -1.58756)
(8.75257 1.00455 -1.58748)
(8.75257 1.2 -1.58741)
(8.75242 0.6 -1.58768)
(8.75338 1.8 -2.00437)
(8.75242 1.8 -2.21351)
(8.75303 1.8 -1.797)
(8.75258 1.50016 -2.00486)
(8.75261 1.5 -1.79618)
(8.75277 1.63111 -1.79638)
(8.75281 1.63115 -2.00464)
(8.75255 1.63109 -2.21355)
(8.75251 1.49995 -2.21366)
(8.73167 -6.92731e-17 -2.00505)
(8.75086 0.40724 -1.79625)
(8.7483 0.401177 -2.00502)
(8.75245 0.6 -1.79623)
(8.75216 0.6 -2.00508)
(8.75242 0.795462 -2.00502)
(8.75251 0.795465 -1.79623)
(8.75252 1.00456 -1.79615)
(8.7524 1.00455 -2.00511)
(8.7522 1.2 -2.00541)
(8.75241 1.36892 -2.00508)
(8.97189 1.2 -2.0051)
(8.75254 1.2 -1.79606)
(8.75253 1.36889 -1.79613)
(8.75095 0.407235 -2.21375)
(8.7526 0.6 -2.21379)
(8.75254 0.795462 -2.21375)
(8.75234 1.00455 -2.21381)
(8.97136 1.2 -2.21363)
(8.75221 1.2 -2.21391)
(8.53344 1.99544 -2.00435)
(8.53356 1.99544 -2.21353)
(8.3149 1.99544 -2.21383)
(8.31485 1.99546 -2.00499)
(8.09641 1.99548 -2.00499)
(7.87856 1.99552 -2.00497)
(7.87833 1.99552 -2.21377)
(8.09621 1.99547 -2.21374)
(8.97032 0.407261 -2.00494)
(8.97153 0.6 -2.00497)
(8.97152 0.795466 -2.00493)
(8.97165 1.00455 -2.00497)
(8.97145 0.6 -1.79613)
(8.9715 0.795469 -1.79614)
(8.97166 0.6 -1.58753)
(8.97156 0.795469 -1.58749)
(8.97153 1.00456 -1.58758)
(8.97151 1.2 -1.58793)
(8.97044 0.407259 -1.58749)
(8.97075 0.408712 -1.79617)
(8.9715 1.00457 -1.79599)
(8.97149 1.2 -1.79563)
(8.97148 1.00455 -2.21366)
(8.97154 0.6 -2.21372)
(8.97153 0.795465 -2.21367)
(8.97078 0.40871 -2.21369)
(8.31517 2.59277 -2.21372)
(8.31508 2.59884 -2.00502)
(8.31436 3 -2.00505)
(8.31515 2.20454 -2.005)
(8.31514 2.20453 -2.21372)
(8.315 2.4 -2.21369)
(8.31501 2.4 -2.00506)
(7.88016 2.4 -2.21388)
(7.88021 2.20464 -2.21383)
(7.88023 2.20464 -2.00506)
(7.88011 2.4 -2.00511)
(8.09726 2.59275 -2.00499)
(8.09702 2.4 -2.00496)
(8.53365 2.20453 -2.21369)
(8.53349 2.4 -2.21372)
(8.53373 2.59274 -2.005)
(8.53371 2.20453 -2.0049)
(8.53367 2.4 -2.005)
(8.53366 2.59129 -2.21373)
(8.09684 2.4 -2.21354)
(8.09719 2.20456 -2.00499)
(8.09712 2.20456 -2.21368)
(8.09728 2.59131 -2.21367)
(8.30659 0.401169 -2.00502)
(8.31498 0.6 -2.00503)
(8.27126 -6.9272e-17 -2.00505)
(8.3151 0.795463 -2.005)
(8.31471 0.6 -2.21377)
(8.31196 0.407237 -2.21377)
(8.31472 1.00454 -2.00496)
(8.3144 1.2 -2.00501)
(8.31461 1.3689 -2.00495)
(8.31502 0.795457 -2.21373)
(8.3147 1.00455 -2.21351)
(8.31439 1.2 -2.21316)
(8.31459 1.36892 -2.2135)
(8.31476 1.49995 -2.00494)
(8.31478 1.50008 -2.21369)
(8.31462 1.8 -2.00521)
(8.31471 1.8 -2.21406)
(8.31472 1.63109 -2.00498)
(8.31478 1.63111 -2.21382)
(8.53338 1.00455 -2.21373)
(8.53309 1.2 -2.21383)
(8.75234 1.3689 -2.2138)
(8.53334 1.36892 -2.21371)
(8.53344 1.8 -2.21335)
(8.53353 1.50003 -2.21364)
(8.53351 1.63111 -2.21352)
(8.53347 1.36893 -2.00488)
(8.53368 0.6 -2.21373)
(8.53367 0.795454 -2.00497)
(8.53343 1.2 -2.00476)
(8.53123 0.407269 -2.00499)
(8.53363 0.6 -2.00494)
(8.53351 1.00455 -2.00491)
(8.53224 0.408711 -2.21374)
(8.53368 0.795457 -2.21373)
(8.53287 1.8 -2.00339)
(8.53354 1.50011 -2.00478)
(8.53339 1.63112 -2.00433)
(7.79408 -6.92704e-17 -2.00503)
(7.86466 0.40121 -2.00502)
(8.09263 0.407267 -2.005)
(7.88019 0.795388 -2.00502)
(7.88023 0.6 -2.00503)
(8.09713 0.795446 -2.00499)
(8.09698 0.6 -2.00497)
(7.88014 0.795387 -2.21383)
(8.09714 0.795445 -2.21378)
(8.09703 0.6 -2.21383)
(7.87804 1.49995 -2.005)
(8.09618 1.50001 -2.005)
(8.09614 1.49999 -2.21374)
(7.87788 1.5 -2.21379)
(7.87701 1.2 -2.00494)
(8.09621 1.00454 -2.21373)
(8.09592 1.36891 -2.21373)
(7.87761 1.36888 -2.00501)
(7.8782 1.0045 -2.00501)
(8.09588 1.2 -2.00519)
(7.87784 1.2 -2.21412)
(8.09625 1.00454 -2.00504)
(8.09597 1.36891 -2.00504)
(7.87826 1.00451 -2.21389)
(7.87764 1.36889 -2.21388)
(8.09555 1.2 -2.21373)
(7.87774 1.8 -2.00488)
(8.09591 1.63109 -2.21375)
(7.87795 1.6311 -2.00496)
(7.87758 1.8 -2.21375)
(8.09598 1.8 -2.00501)
(8.09529 1.8 -2.2137)
(8.09611 1.63109 -2.00499)
(7.87769 1.63112 -2.21376)
(7.8757 0.407145 -2.21383)
(7.88009 0.6 -2.21388)
(8.0948 0.408696 -2.2138)
(9.62875 3 -3.6798)
(9.62846 2.59888 -3.67763)
(9.40755 2.59289 -3.67627)
(9.18748 2.59888 -3.67627)
(9.19063 3 -3.67979)
(9.62875 3 -3.25951)
(9.62771 2.59884 -3.25865)
(9.6281 2.59279 -3.46822)
(9.62792 2.20454 -3.25863)
(9.62916 1.99544 -3.25902)
(9.62893 1.99545 -3.46833)
(9.62831 2.20455 -3.46817)
(9.6294 1.8 -3.25872)
(9.629 1.8 -3.4681)
(9.62831 2.4 -3.46787)
(9.62762 2.4 -3.25833)
(9.62875 3 -2.84072)
(9.62678 2.59278 -2.62974)
(9.62706 2.59883 -2.83917)
(9.62727 2.20453 -2.83914)
(9.62716 2.20454 -2.62989)
(9.6285 1.99545 -2.63075)
(9.62892 1.99544 -2.84)
(9.62711 2.4 -2.8391)
(9.62693 2.4 -2.63003)
(9.6291 1.99544 -3.04968)
(9.62754 2.20453 -3.04876)
(9.62708 2.59277 -3.04852)
(9.62739 2.4 -3.04838)
(9.62954 1.8 -3.04979)
(9.62973 1.63113 -3.05007)
(9.62965 1.6311 -3.25926)
(9.6297 1.49997 -3.25956)
(9.62935 1.49993 -3.46863)
(9.62923 1.6311 -3.46844)
(9.62978 1.5001 -3.05023)
(9.6295 1.8 -2.83998)
(9.62859 1.8 -2.63131)
(9.62913 1.63111 -2.6311)
(9.6296 1.63112 -2.84043)
(9.62969 1.50002 -2.8407)
(9.62937 1.50007 -2.63106)
(9.62397 -1.20435e-16 -2.84058)
(9.62612 0.401174 -2.83889)
(9.62626 0.40723 -2.6295)
(9.62728 0.795464 -2.83896)
(9.62707 0.795442 -2.6297)
(9.62689 0.6 -2.62982)
(9.62729 0.6 -2.83877)
(9.62889 1.00455 -2.84048)
(9.62854 1.00455 -2.63065)
(9.62959 1.2 -2.84166)
(9.62874 1.2 -2.63086)
(9.62955 1.3689 -3.25942)
(9.62936 1.36888 -3.46834)
(9.62935 1.2 -3.25931)
(9.6293 1.2 -3.46792)
(9.62905 1.00455 -3.25912)
(9.62906 1.00455 -3.46818)
(9.62435 -1.46069e-16 -3.25917)
(9.62684 0.401153 -3.25837)
(9.6267 0.407227 -3.04832)
(9.62735 0.6 -3.04837)
(9.6275 0.795456 -3.04859)
(9.62887 1.00454 -3.04951)
(9.62792 0.795458 -3.25843)
(9.62772 0.6 -3.25804)
(9.62907 1.2 -3.04928)
(9.62951 1.36893 -3.04995)
(9.62919 1.36892 -2.63105)
(9.62958 1.3689 -2.84096)
(9.19063 3 -4.05786)
(9.18244 2.59285 -3.88475)
(9.17523 2.59764 -4.09428)
(9.18581 2.81317 -4.1003)
(9.16168 2.6024 -4.30213)
(9.18091 2.8146 -4.3077)
(9.19063 3 -4.5)
(9.19063 3 -4.31581)
(9.175 2.81815 -4.5)
(9.15251 2.61019 -4.5)
(9.18223 2.4 -3.8841)
(9.17202 2.4 -4.09275)
(9.18663 2.20456 -3.6754)
(9.18139 2.20459 -3.88423)
(9.18734 2.4 -3.67524)
(9.17107 2.20468 -4.09282)
(9.15164 2.4 -4.30075)
(9.13691 2.20422 -4.5)
(9.10851 2.4 -4.49149)
(9.15182 2.20472 -4.30098)
(9.62852 2.20456 -3.67714)
(9.62883 1.99549 -3.67725)
(9.62964 1.99562 -3.88597)
(9.62936 2.20459 -3.88613)
(9.40422 2.2046 -3.8848)
(9.40734 2.20456 -3.67597)
(9.65007 2.20394 -4.5)
(9.64032 2.20461 -4.30332)
(9.64033 1.99888 -4.30308)
(9.65006 2.00439 -4.5)
(9.36964 2.2042 -4.5)
(9.38318 2.20474 -4.30122)
(9.40792 2.4 -3.67575)
(9.6284 2.4 -3.67651)
(9.6288 1.8 -3.67692)
(9.63028 1.8 -3.88557)
(9.63195 2.20469 -4.09502)
(9.63199 1.99621 -4.09484)
(9.39756 2.20469 -4.09334)
(9.63306 1.8 -4.09515)
(9.7 1.8 -4.5)
(9.64597 1.8 -4.30556)
(9.6304 1.49987 -4.0945)
(9.63395 1.49999 -4.30199)
(9.63859 1.63887 -4.30307)
(9.63158 1.63264 -4.09475)
(9.629 1.49999 -3.67744)
(9.62915 1.50003 -3.88608)
(9.62958 1.63142 -3.88595)
(9.62896 1.63117 -3.67729)
(9.64689 1.64978 -4.5)
(9.63699 1.5 -4.5)
(9.62863 0.795454 -3.6771)
(9.62875 0.6 -3.67677)
(9.62931 0.6 -3.88589)
(9.62925 0.795394 -3.88608)
(9.62875 -4.44089e-16 -4.5)
(9.63281 0.181969 -4.5)
(9.63049 0.185548 -4.30778)
(9.62827 -2.28008e-16 -4.31555)
(9.62546 -1.71792e-16 -3.67922)
(9.6275 -1.9494e-16 -4.05743)
(9.62847 0.186843 -4.10029)
(9.63113 0.402325 -4.09605)
(9.62892 0.407144 -3.88641)
(9.62788 0.401101 -3.67751)
(9.65007 0.79606 -4.5)
(9.64029 0.795379 -4.30327)
(9.64607 0.6 -4.30608)
(9.7 0.6 -4.5)
(9.62955 1.00439 -3.88596)
(9.62898 1.00451 -3.67698)
(9.65006 0.995609 -4.5)
(9.64002 1.00112 -4.30305)
(9.63188 0.795323 -4.09502)
(9.63286 0.6 -4.09537)
(9.64615 0.389684 -4.5)
(9.63813 0.397433 -4.30408)
(9.63191 1.00381 -4.09494)
(9.62833 0.79546 -3.468)
(9.62832 0.6 -3.4677)
(9.62778 0.407209 -3.46801)
(9.63148 1.3673 -4.09486)
(9.63825 1.36115 -4.30305)
(9.64689 1.35022 -4.5)
(9.7 1.2 -4.5)
(9.64498 1.2 -4.3055)
(9.63293 1.2 -4.0953)
(9.62909 1.36882 -3.67706)
(9.62951 1.36859 -3.88596)
(9.62907 1.2 -3.67638)
(9.63004 1.2 -3.88565)
(7.86426 0.401171 -3.25788)
(7.79406 4.28249e-08 -3.25863)
(8.27146 -1.46069e-16 -3.25921)
(8.30654 0.401177 -3.25779)
(8.09253 0.40725 -3.2577)
(8.31491 0.6 -3.25723)
(8.09701 0.6 -3.25757)
(7.88058 0.79539 -3.25771)
(7.88019 0.6 -3.25777)
(8.09728 0.795451 -3.25758)
(8.31501 0.79546 -3.25744)
(8.31448 1.2 -3.25721)
(8.09627 1.2 -3.25739)
(8.09668 1.00454 -3.25753)
(8.31472 1.00455 -3.25742)
(7.87933 1.0045 -3.25777)
(7.87879 1.2 -3.2581)
(8.31458 1.36887 -3.25746)
(8.09637 1.36888 -3.25757)
(7.87865 1.36886 -3.25785)
(7.87843 1.49989 -3.25787)
(8.09634 1.5 -3.25769)
(8.31456 1.49995 -3.25764)
(8.31442 1.2 -3.46566)
(8.31432 1.36887 -3.46621)
(8.31449 1.00455 -3.46618)
(8.31467 0.795457 -3.46643)
(7.87812 1.50001 -3.04885)
(7.87807 1.3689 -3.04862)
(7.87747 1.36888 -2.63139)
(7.87793 1.49989 -2.63134)
(7.79401 1.07205e-08 -2.84038)
(7.86475 0.401202 -2.84011)
(7.87585 0.407145 -2.63132)
(7.88044 0.795385 -2.84)
(7.88028 0.795392 -2.6313)
(7.8804 0.6 -2.6313)
(7.88034 0.6 -2.84001)
(7.87469 0.407238 -3.0489)
(7.88058 0.6 -3.04887)
(7.88053 0.795381 -3.04881)
(7.87834 1.50003 -2.84001)
(7.87824 1.3689 -2.83976)
(7.87875 1.0045 -3.04858)
(7.87886 1.0045 -2.83975)
(7.8781 1.0045 -2.63138)
(7.87835 1.2 -2.83923)
(7.87812 1.2 -3.04823)
(7.87691 1.2 -2.63164)
(8.31341 1.49992 -3.6758)
(8.31378 1.36882 -3.67584)
(8.31222 1.36862 -3.88512)
(8.31193 1.50015 -3.885)
(8.31436 1.2 -3.67618)
(8.31258 1.2 -3.8853)
(8.2975 -1.9494e-16 -4.05761)
(8.30201 0.186853 -4.10041)
(8.30891 0.402346 -4.09589)
(8.31093 0.407154 -3.88556)
(8.30721 0.401118 -3.67638)
(8.27912 -1.71792e-16 -3.67932)
(8.31395 1.00451 -3.67581)
(8.31238 1.00438 -3.88515)
(8.31397 0.795445 -3.67566)
(8.31259 0.795398 -3.88515)
(8.31416 1.49999 -3.46651)
(8.31163 0.407217 -3.46668)
(8.31069 0.6 -4.09536)
(8.31279 0.6 -3.88516)
(8.31403 0.6 -3.67554)
(8.31025 0.795322 -4.09474)
(8.31459 0.6 -3.4664)
(8.30996 1.2 -4.09408)
(8.30672 1.2 -4.3065)
(8.30695 1.36117 -4.30348)
(8.30986 1.36733 -4.09423)
(8.3063 1.50001 -4.5)
(8.30714 1.50002 -4.3021)
(8.30526 1.3502 -4.5)
(8.30981 1.50003 -4.09403)
(8.30135 1.2 -4.49865)
(8.30769 0.185568 -4.30789)
(8.30768 0.397485 -4.30422)
(8.31437 -4.44089e-16 -4.5)
(8.31116 0.182059 -4.5)
(8.30715 -2.28225e-16 -4.3157)
(8.30728 0.389754 -4.5)
(8.30988 1.0038 -4.09434)
(8.3066 0.795385 -4.30342)
(8.30637 1.0011 -4.30344)
(8.30399 0.79606 -4.5)
(8.30399 0.995566 -4.5)
(8.30729 0.6 -4.30618)
(8.30135 0.6 -4.49865)
(8.31438 3 -3.25945)
(7.87628 3 -3.25924)
(7.88003 2.59887 -3.25796)
(8.09728 2.59276 -3.25781)
(8.31491 2.59884 -3.25803)
(7.88047 2.20464 -3.25761)
(7.87898 1.99552 -3.25752)
(8.09641 1.99547 -3.25764)
(8.09721 2.20456 -3.25766)
(8.31493 2.20454 -3.25768)
(8.31464 1.99545 -3.25769)
(8.097 2.4 -3.25767)
(8.31476 2.4 -3.25768)
(7.88025 2.4 -3.25755)
(8.31448 1.8 -3.25774)
(8.0957 1.8 -3.25765)
(8.09612 1.63111 -3.25766)
(8.31451 1.63109 -3.25769)
(7.87834 1.6311 -3.25761)
(7.87815 1.8 -3.25739)
(8.31476 2.4 -3.46642)
(8.31481 2.59279 -3.46676)
(8.31468 2.20454 -3.46652)
(7.87626 3 -2.84054)
(7.88062 2.59289 -2.63132)
(7.88003 2.59887 -2.84016)
(7.88039 2.4 -2.63126)
(7.88035 2.4 -2.84003)
(7.88055 2.59289 -3.04893)
(7.88032 2.4 -3.04886)
(7.88039 2.20463 -3.04883)
(7.87861 1.99551 -3.04871)
(7.88048 2.20463 -2.84005)
(7.88042 2.20464 -2.6313)
(7.87843 1.99552 -2.63137)
(7.87908 1.99551 -2.83994)
(7.87796 1.6311 -3.04874)
(7.87777 1.8 -3.04853)
(7.87776 1.63109 -2.63138)
(7.8773 1.8 -2.63154)
(7.87872 1.8 -2.83973)
(7.87846 1.63112 -2.83995)
(8.3144 3 -4.05808)
(8.3144 3 -3.67985)
(8.31421 2.5989 -3.67648)
(8.31297 2.59285 -3.88568)
(8.31124 2.59765 -4.09597)
(8.31333 2.81316 -4.10087)
(8.3087 2.6024 -4.3043)
(8.31227 2.81455 -4.30814)
(8.31437 3 -4.5)
(8.31439 3 -4.31601)
(8.31105 2.81794 -4.5)
(8.30717 2.61025 -4.5)
(8.31406 1.8 -3.46597)
(8.31425 1.99546 -3.46644)
(8.314 2.20456 -3.67567)
(8.31363 1.9955 -3.67595)
(8.31372 1.8 -3.67636)
(8.3142 2.4 -3.67546)
(8.31199 1.63144 -3.88516)
(8.31347 1.63115 -3.67596)
(8.31192 1.8 -3.8853)
(8.31409 1.63111 -3.46645)
(8.31132 1.8 -4.09503)
(8.30637 1.8 -4.30641)
(8.30627 1.99882 -4.30344)
(8.31026 1.9962 -4.09466)
(8.30393 2.20396 -4.5)
(8.30656 2.20472 -4.30345)
(8.30393 2.00445 -4.5)
(8.31026 2.2047 -4.09474)
(8.30135 1.8 -4.49865)
(8.31214 1.99563 -3.88521)
(8.31261 2.20459 -3.88522)
(8.31064 2.4 -4.09522)
(8.30731 2.4 -4.30628)
(8.30135 2.4 -4.49865)
(8.31297 2.4 -3.88536)
(8.31024 1.63269 -4.09455)
(8.30688 1.63886 -4.30345)
(8.30525 1.64982 -4.5)
(7.87926 1.50008 -3.67596)
(8.0964 1.50005 -3.67582)
(8.09656 1.50003 -3.88505)
(7.8806 1.50001 -3.88497)
(7.66308 1.49996 -3.8853)
(7.66119 1.49995 -3.67701)
(6.95661 1.50089 -3.72116)
(6.9944 1.50158 -3.27934)
(7.44212 1.50028 -3.26121)
(7.43945 1.50013 -3.46879)
(7.43821 1.50021 -3.68251)
(7.65985 1.50002 -3.46737)
(7.87845 1.50006 -3.46678)
(8.09631 1.50001 -3.46663)
(7.44321 1.50023 -3.88677)
(7.6606 1.50002 -3.25853)
(7.44556 1.50067 -4.09546)
(7.21596 1.50168 -4.10767)
(6.96125 1.50279 -4.13023)
(7.89114 1.50016 -4.5)
(7.88879 1.50016 -4.30213)
(8.09837 1.50005 -4.30219)
(8.09895 1.50005 -4.5)
(7.88355 1.50009 -4.09386)
(8.09715 1.50007 -4.09414)
(7.66718 1.5002 -4.09364)
(7.66718 1.36714 -4.09272)
(7.67828 1.36109 -4.30291)
(7.46027 1.36005 -4.30361)
(7.4459 1.36595 -4.09147)
(7.68613 1.35021 -4.5)
(7.88975 1.3612 -4.30353)
(7.89372 1.35022 -4.5)
(7.88358 1.36734 -4.09401)
(7.4732 1.34991 -4.5)
(6.91313 1.32263 -4.39866)
(7.22699 1.35286 -4.31473)
(7.24838 1.34791 -4.5)
(7.05116 1.33807 -4.5)
(7.22973 1.35948 -4.10216)
(6.96844 1.32679 -4.13121)
(6.70896 1.50228 -4.16046)
(6.58626 1.50279 -4.01732)
(6.43496 1.5018 -3.84055)
(7.01565 1.50216 -2.8428)
(7.02088 1.16547 -2.84222)
(6.72704 1.31442 -4.18154)
(7.65967 1.50006 -3.04915)
(7.44066 1.50015 -3.04971)
(7.44536 1.50037 -2.84058)
(7.66094 1.50005 -2.8402)
(7.01155 0.781507 -3.26987)
(7.01596 0.59378 -3.26155)
(7.3 0.6 -3.2575)
(7.23818 0.788705 -3.25989)
(7.00376 1.16352 -3.27495)
(7.4519 0.79386 -3.25795)
(7.449 1.00405 -3.25765)
(7.5 1.2 -3.2575)
(7.30001 8.44254e-09 -3.2575)
(7.42532 0.400812 -3.25769)
(7.23032 0.404946 -3.25865)
(6.99971 0.392065 -3.26294)
(6.96581 0.182951 -3.26357)
(6.96177 5.57851e-06 -3.2866)
(7.65777 0.407172 -3.25764)
(7.44676 1.36874 -3.25825)
(7.66586 0.6 -3.25746)
(7.45334 0.6 -3.25729)
(7.66548 0.795102 -3.25766)
(7.66285 1.00437 -3.25775)
(7.66223 1.2 -3.25792)
(7.66149 1.36887 -3.258)
(7.02372 0.78291 -2.84237)
(7.01902 0.784456 -3.05282)
(7.01029 0.78319 -3.47551)
(7.0143 0.594215 -3.47115)
(6.99316 0.777466 -3.69583)
(6.97129 1.15486 -3.71355)
(6.94973 3.46461e-06 -3.6653)
(6.94775 0.181272 -3.69252)
(6.95891 0.181327 -3.91021)
(6.94612 2.35301e-06 -3.91137)
(6.99398 7.27391e-07 -4.10761)
(6.96844 0.179108 -4.12901)
(6.98766 0.388925 -3.68739)
(6.98369 0.38341 -3.90393)
(6.96977 0.375565 -4.13155)
(7.00513 0.399317 -3.47185)
(6.90884 0.176163 -4.39365)
(6.9017 3.21298e-10 -4.38531)
(6.91413 0.373255 -4.39982)
(6.97886 1.1506 -4.1289)
(6.97187 0.953481 -4.13424)
(6.9731 0.761317 -4.13289)
(6.99068 0.770364 -3.90573)
(6.91793 0.949883 -4.40426)
(6.91797 0.758019 -4.4043)
(7.00378 0.588214 -3.68614)
(6.97852 0.573045 -4.12802)
(6.91742 0.566577 -4.40366)
(6.99792 0.5825 -3.89977)
(6.91733 1.13972 -4.40355)
(7.88069 1.36858 -3.88491)
(8.09672 1.36861 -3.88524)
(7.66339 1.36847 -3.88485)
(8.09854 1.36114 -4.30369)
(8.09938 1.35021 -4.5)
(8.09724 1.36736 -4.09457)
(7.44399 1.36809 -3.88572)
(7.5 1.2 -4.5)
(7.46495 1.2 -4.30202)
(7.5 1.2 -3.675)
(7.44746 1.36863 -3.6766)
(7.51268 1.2 -3.88732)
(7.44656 1.00329 -3.88543)
(7.45031 1.00388 -3.67557)
(7.48311 0.991611 -4.5)
(7.46659 0.997303 -4.30355)
(7.45184 0.793563 -3.67619)
(7 4.44089e-16 -4.5)
(7.0289 0.174522 -4.5)
(7.47247 0.388421 -4.5)
(7.25237 0.385615 -4.5)
(7.23054 0.390108 -4.31537)
(7.46013 0.396003 -4.3053)
(7.45326 0.6 -3.6749)
(7.42513 0.400523 -3.67584)
(7.45688 0.79279 -4.09576)
(7.46914 0.792198 -4.30505)
(7.47119 0.6 -4.30565)
(7.45937 0.6 -4.09472)
(7.44639 0.405961 -3.88596)
(7.44605 0.400932 -4.0964)
(7.23013 0.396709 -4.10169)
(7.45478 0.6 -3.88459)
(7.45278 0.793198 -3.88592)
(7.45729 1.2 -4.1)
(7.44938 1.00089 -4.09146)
(7.48309 0.792535 -4.5)
(7.04602 0.37837 -4.5)
(7.5 0.6 -4.5)
(7.89712 0.795728 -4.5)
(7.8865 0.795151 -4.09514)
(7.87939 1.2 -3.67574)
(7.88163 0.795341 -3.67575)
(7.9 1.2 -4.5)
(7.88332 1.2 -4.09419)
(7.87625 -4.44089e-16 -4.5)
(7.80293 4.61736e-08 -3.67812)
(7.43813 0.000327831 -4.49641)
(7.3 3.33079e-09 -3.675)
(7.86672 0.401081 -3.67622)
(7.83137 7.46591e-09 -4.05611)
(7.89105 0.389677 -4.5)
(7.87909 0.402286 -4.09612)
(7.3 2.45487e-11 -4.04788)
(7.665 1.004 -3.88478)
(7.68232 1.00006 -4.30293)
(8.09709 1.00435 -3.8853)
(8.09914 1.00108 -4.30371)
(7.24108 0.182513 -4.31399)
(7.66899 0.6 -3.88515)
(7.64893 0.185319 -4.30662)
(7.68379 0.6 -4.30696)
(8.09772 0.6 -3.88531)
(8.08905 0.185496 -4.30786)
(8.09938 0.6 -4.30715)
(7.66592 0.6 -3.46636)
(8.09722 0.6 -3.46626)
(7.66158 1.00435 -3.46656)
(7.66005 1.36883 -3.46683)
(8.09675 1.00453 -3.46651)
(8.09641 1.3689 -3.46655)
(7.89263 0.795146 -4.30401)
(7.69258 0.794891 -4.5)
(8.10023 0.795995 -4.5)
(7.89712 0.995151 -4.5)
(7.9 0.6 -4.5)
(7.67355 0.794657 -4.095)
(7.8832 0.79528 -3.88532)
(8.09833 0.79528 -4.09508)
(7.88465 1.00361 -4.0942)
(7.88634 0.6 -4.09595)
(7.87959 1.36885 -3.67582)
(7.66486 1.2 -3.67543)
(7.5 1.2 -3.46625)
(8.09657 1.2 -3.67592)
(7.88034 1.00444 -3.67574)
(7.8805 1.2 -3.88477)
(7.87839 1.2 -3.46635)
(7.66663 0.795004 -3.67569)
(8.0974 0.795417 -3.67577)
(7.88088 0.795368 -3.46657)
(7.88137 0.6 -3.67559)
(7.45099 0.793799 -3.4668)
(7.66607 1.2 -4.09138)
(8.09738 1.2 -4.09518)
(7.89055 1.2 -4.30684)
(7.7 1.2 -4.5)
(8.1 1.2 -4.5)
(7.3 -2.22045e-16 -4.5)
(7.65719 -4.44089e-16 -4.5)
(8.09531 -4.44089e-16 -4.5)
(7.85631 -2.27032e-16 -4.31472)
(7.88343 0.18204 -4.5)
(7.66335 0.402156 -4.09592)
(7.38501 0.186101 -4.09644)
(8.09436 0.40247 -4.09615)
(7.44237 0.406723 -3.46657)
(7.3 -4.00752e-11 -4.09563)
(7.41761 7.74534e-09 -4.30786)
(7.45693 0.181357 -4.5)
(7.87886 0.407096 -3.8857)
(7.6589 0.40694 -3.67576)
(8.09324 0.4071 -3.67602)
(7.87497 0.40719 -3.46669)
(7.84897 0.186782 -4.09934)
(7.58866 5.73832e-09 -4.10228)
(8.07227 -1.97921e-16 -4.10617)
(7.88615 0.397567 -4.30466)
(7.68296 0.389383 -4.5)
(8.09877 0.389756 -4.5)
(8.09683 1.2 -3.88552)
(8.09658 1.36886 -3.67588)
(7.66284 1.2 -3.88471)
(7.66323 1.36878 -3.67595)
(7.68006 1.2 -4.30491)
(7.66929 1.00307 -4.09288)
(7.88152 1.00427 -3.88496)
(7.66859 0.794877 -3.8853)
(7.66479 1.00428 -3.67559)
(7.89185 1.00082 -4.30356)
(7.68402 0.794495 -4.3039)
(8.09862 1.2 -4.30705)
(8.09764 1.00375 -4.09472)
(8.09774 0.795375 -3.88532)
(8.09692 1.00449 -3.67586)
(8.09951 0.795293 -4.30385)
(7.23961 0.184807 -4.10251)
(7.43509 0.18468 -4.30602)
(7.45289 0.6 -3.46583)
(7.44106 1.00395 -3.46649)
(7.66445 0.407619 -3.88558)
(7.67411 0.6 -4.09566)
(7.88304 0.6 -3.88535)
(7.66677 0.6 -3.67525)
(7.61714 0.187215 -4.09812)
(7.67472 0.397281 -4.30447)
(7.86868 0.185389 -4.30739)
(7.89204 0.6 -4.30763)
(8.09557 0.407887 -3.88565)
(8.09827 0.6 -4.09574)
(8.09706 0.6 -3.67569)
(8.07883 0.187422 -4.1005)
(8.09689 0.397652 -4.30456)
(7.6612 0.408552 -3.46656)
(7.88072 0.6 -3.46649)
(7.66549 0.795077 -3.46656)
(8.09459 0.408671 -3.46659)
(8.09736 0.795437 -3.46647)
(7.6596 1.2 -3.46649)
(7.87929 1.00448 -3.46654)
(7.43845 1.36859 -3.46707)
(7.87856 1.3689 -3.46663)
(8.09638 1.2 -3.46648)
(7.69258 0.99424 -4.5)
(8.10023 0.995455 -4.5)
(7.3 -7.56799e-12 -4.30125)
(7.24902 0.179649 -4.5)
(7.63058 1.90889e-09 -4.31297)
(7.7 0.6 -4.5)
(7.67001 0.181917 -4.5)
(8.08366 -2.28116e-16 -4.31564)
(8.09712 0.182088 -4.5)
(8.1 0.6 -4.5)
(7.05683 0.770172 -4.5)
(7.06059 1.16003 -4.5)
(7.2336 0.985329 -4.31611)
(7.29976 0.599573 -4.30125)
(7.23251 0.786462 -4.10198)
(7.26031 0.786199 -4.5)
(7.05708 0.965457 -4.5)
(7.05906 0.578076 -4.5)
(7.3 1.2 -4.14776)
(7.3 1.2 -4.48652)
(7.29976 1.19924 -4.30125)
(7.23417 0.991749 -4.10206)
(7.2338 0.783583 -4.31606)
(7.3 0.6 -4.0925)
(7.26041 0.98444 -4.5)
(7.3 0.6 -4.48652)
(7.3 0.6 -3.46625)
(7.3 0.6 -3.88375)
(7.23472 0.787661 -3.67942)
(7.22778 0.404126 -3.6779)
(7.23723 0.788701 -3.46874)
(7.23258 0.406616 -3.46773)
(7.3 0.6 -3.675)
(7.23036 0.402969 -3.88884)
(7.23392 0.786438 -3.88943)
(6.54727 0.752292 -3.31834)
(6.55374 0.55842 -3.31092)
(6.55291 0.369971 -3.29086)
(6.77264 0.376795 -3.27202)
(6.41678 1.31198 -3.81931)
(6.43557 1.12313 -3.84129)
(6.58733 1.1236 -4.01856)
(6.59986 0.785501 -4.03318)
(6.41864 0.935516 -3.82152)
(6.42713 0.829972 -3.83148)
(6.49319 0.742975 -3.90872)
(6.51298 0.754451 -3.53629)
(6.54381 0.558218 -3.50891)
(6.53601 0.559863 -3.7063)
(6.55148 0.365923 -3.49276)
(6.55138 0.363523 -3.68953)
(6.51222 0.360443 -3.93093)
(6.51228 0.552449 -3.93101)
(6.51187 0.168528 -3.93054)
(6.54893 2.76706e-05 -3.67693)
(6.50984 5.03735e-08 -3.92814)
(6.54298 0.174246 -3.68958)
(6.74431 0.17615 -3.91058)
(6.72811 9.98941e-06 -3.70137)
(6.70956 0.364393 -4.16116)
(6.70577 4.1604e-09 -4.15673)
(6.75705 0.371959 -3.6956)
(6.70873 0.172082 -4.16019)
(6.75509 0.36726 -3.90814)
(6.74024 0.179099 -3.69611)
(6.73036 5.0571e-06 -3.91725)
(6.75689 0.560279 -3.90939)
(6.72612 0.764159 -3.73174)
(6.71064 0.762712 -4.16242)
(6.74919 0.752545 -3.91604)
(6.755 0.567857 -3.70482)
(6.70989 0.555798 -4.16154)
(6.80812 0.170346 -4.27615)
(6.81094 0.559213 -4.27944)
(6.71104 1.12564 -4.16289)
(6.72863 0.936984 -4.1834)
(6.81128 0.750376 -4.27983)
(6.80984 0.366446 -4.27815)
(6.8059 1.05726e-09 -4.27356)
(7.43838 1.36862 -3.04903)
(7.65911 1.36887 -3.0488)
(7.3 1.19141e-09 -2.86348)
(7.45189 0.793934 -2.84014)
(7.4416 0.403522 -2.8401)
(7.5 1.2 -2.84)
(7.66531 0.6 -2.63125)
(7.66557 0.6 -3.04883)
(7.66049 1.00437 -3.04869)
(7.6587 1.36886 -2.63144)
(7.65993 1.00438 -2.63142)
(7.66514 0.795118 -2.84006)
(7.44817 0.40322 -2.63132)
(7.44563 0.406946 -3.0489)
(7.5 1.2 -3.04875)
(7.5 1.2 -2.63125)
(7.37015 0.186315 -2.84008)
(7.40618 -1.90348e-08 -2.63125)
(7.4524 0.6 -2.83998)
(7.45102 0.793963 -2.63134)
(7.45128 0.793932 -3.04897)
(7.44877 1.00407 -2.84004)
(7.44711 1.36875 -2.84015)
(7.66061 0.407539 -2.84008)
(7.6612 1.2 -2.84016)
(7.4258 0.187848 -2.63129)
(7.44044 1.00402 -2.63131)
(7.45183 0.6 -2.63124)
(7.66315 0.408122 -2.6313)
(7.66544 0.6 -2.84005)
(7.66474 0.795119 -2.63131)
(7.45306 0.6 -3.0486)
(7.66182 0.408691 -3.04886)
(7.66505 0.795107 -3.04884)
(7.44065 1.00401 -3.0488)
(7.65793 1.2 -3.04844)
(7.66101 1.36888 -2.8401)
(7.66216 1.00438 -2.84004)
(7.43849 1.36864 -2.63133)
(7.65726 1.2 -2.63165)
(7.3 0.6 -3.04875)
(7.24047 0.789003 -2.84055)
(7.3 0.6 -2.84)
(7.23569 0.405072 -3.04954)
(7.23943 0.789114 -3.04983)
(7.00277 1.83994 -3.2713)
(7.01758 1.8398 -2.84051)
(7.44672 1.63138 -3.25824)
(7.5 1.8 -3.2575)
(7.66139 1.63115 -3.25793)
(7.66235 1.8 -3.25779)
(7.66267 1.99565 -3.25766)
(7.44883 1.99602 -3.2576)
(7.44054 1.99605 -3.04882)
(7.5 1.8 -3.04875)
(7.5 1.8 -2.84)
(7.4488 1.996 -2.84004)
(7.66035 1.99566 -3.04886)
(7.5 1.8 -2.63125)
(7.44058 1.99606 -2.63131)
(7.66029 1.99568 -2.63137)
(7.66241 1.99566 -2.84)
(6.429 1.80156 -3.83353)
(6.32892 1.89324 -3.717)
(6.97187 1.84362 -3.7102)
(6.54331 2.28422 -3.67613)
(6.53473 2.47314 -3.68184)
(6.27951 2.51958 -3.65943)
(6.30335 2.30382 -3.68697)
(6.53135 2.08167 -3.69536)
(6.30982 2.09788 -3.69465)
(7.00052 2.22906 -3.68494)
(7.012 2.22108 -3.47047)
(7.01563 2.40953 -3.46894)
(7.00813 2.41652 -3.68079)
(6.76464 2.44906 -3.68562)
(6.76465 2.2631 -3.68383)
(7.00112 2.61423 -3.68347)
(7.00608 2.61184 -3.47106)
(7.0101 2.22554 -3.26205)
(7.01714 2.40904 -3.25921)
(7.00817 2.61213 -3.26009)
(6.76787 2.62504 -3.69102)
(6.49638 2.66424 -3.70013)
(7.45123 2.20646 -3.25775)
(7.23778 2.21272 -3.25843)
(7 3 -3.675)
(6.86201 2.908 -3.68383)
(6.7463 2.83087 -3.68873)
(6.99997 2.81096 -3.68149)
(7.00234 2.81133 -3.46967)
(7 3 -3.46625)
(7.48494 3 -3.25833)
(7.44115 2.81248 -3.2584)
(7.44964 2.59715 -3.25789)
(7.66525 2.59271 -3.25776)
(6.61799 2.74533 -3.69118)
(6.34305 2.56204 -3.73351)
(7 3 -3.2575)
(7.00359 2.81187 -3.25922)
(7.22262 2.81216 -3.25842)
(7.23452 2.60019 -3.25824)
(7.21902 3 -3.2579)
(7.45196 2.4 -3.25746)
(7.66543 2.4 -3.25757)
(7.66514 2.20497 -3.25764)
(7.3 2.4 -3.2575)
(6.9049 1.50326 -4.38904)
(7 1.5 -4.5)
(7.22701 1.50245 -4.5)
(7.21231 1.5024 -4.31776)
(7.46182 1.50127 -4.5)
(7.45451 1.50112 -4.3045)
(7.67588 1.50044 -4.30227)
(7.68037 1.50049 -4.5)
(6.41717 1.69146 -3.81971)
(6.80611 1.50302 -4.27379)
(6.97305 1.85781 -4.12208)
(6.70762 1.88141 -4.15889)
(6.80434 1.87969 -4.27173)
(6.90324 1.87863 -4.38712)
(7.5 1.8 -3.675)
(7.5 1.8 -3.46625)
(7.44085 1.99612 -3.46642)
(7.45232 2.20682 -3.67595)
(7.45067 2.2065 -3.4667)
(7.45014 1.99623 -3.67545)
(6.48837 1.90639 -3.90306)
(7.3 1.8 -4.14776)
(7.45729 1.8 -4.1)
(7.51268 1.8 -3.88732)
(7.44832 2.00011 -4.09093)
(7.44631 1.99698 -3.88525)
(7.4532 2.20738 -3.88546)
(7.45613 2.20824 -4.09525)
(7.66877 2.20528 -3.88523)
(7.6696 2.4 -3.88519)
(7.66703 2.4 -3.67557)
(7.66666 2.20509 -3.67571)
(7.65778 3 -4.32065)
(7.66323 2.81472 -4.31092)
(7.66613 2.81813 -4.5)
(7.65719 3 -4.5)
(7.87635 3 -3.67994)
(7.8809 2.59894 -3.67667)
(7.8831 2.59302 -3.886)
(7.88479 2.59777 -4.09674)
(7.87882 2.81321 -4.10224)
(7.87647 3 -4.05945)
(7.66664 2.59293 -3.67621)
(7.6686 2.59305 -3.8861)
(7.67082 2.59811 -4.09717)
(7.66106 2.81267 -4.10453)
(7.65777 3 -4.11118)
(7.7 2.4 -4.5)
(7.68344 2.4 -4.30736)
(7.68282 2.20617 -4.30395)
(7.69067 2.20601 -4.5)
(7.6655 2.4 -3.46642)
(7.66519 2.205 -3.46654)
(7.88091 2.59291 -3.46677)
(7.66558 2.59202 -3.46676)
(7.29976 1.80076 -4.30125)
(7.46625 1.8 -4.30175)
(7.00475 1.8775 -4.49963)
(7.3 1.8 -4.48652)
(7.5 1.8 -4.5)
(7.46373 2.00479 -4.30291)
(7.47729 2.21041 -4.5)
(7.46561 2.20987 -4.30461)
(7.47731 2.01164 -4.5)
(7.67328 2.20566 -4.09492)
(7.67428 2.4 -4.09567)
(7.67632 2.6029 -4.30545)
(7.67985 2.61076 -4.5)
(6.4109 1.95259 -3.81272)
(7.00475 2.255 -4.49963)
(7 3 -4.5)
(6.58504 2.72336 -4.01588)
(7.45327 2.6001 -4.09822)
(6.96567 2.25083 -4.12312)
(7.00475 2.6325 -4.49963)
(7 3 -4.0925)
(7.43812 3 -4.5)
(7.48514 3 -3.67913)
(6.96643 2.63555 -4.12483)
(7.45057 2.59743 -3.67677)
(7.46139 3 -4.08867)
(7.46443 2.61218 -4.5)
(7.29976 2.40043 -4.30125)
(6.73869 2.8258 -3.90775)
(7.22503 2.02185 -4.31255)
(7.21215 2.81948 -4.33263)
(7.22024 2.81269 -3.8932)
(7.22229 2.81203 -3.46826)
(7.00475 2.06625 -4.49963)
(6.90295 2.2584 -4.38678)
(7.00475 2.44375 -4.49963)
(7.24339 2.22274 -4.5)
(7 2.82126 -4.5)
(6.99913 2.99915 -4.48116)
(7.21906 3 -4.5)
(7 3 -3.88375)
(7.21921 3 -3.67785)
(6.48922 2.65948 -3.90409)
(6.70143 2.65696 -4.15167)
(7.22701 2.60597 -4.10254)
(7.46008 2.4 -4.09483)
(7.45154 2.598 -3.88709)
(7.44145 2.81307 -4.10648)
(7.45825 2.60483 -4.30692)
(7.44971 2.59708 -3.4671)
(6.96369 2.05798 -4.12484)
(6.97218 2.43892 -4.11964)
(7.22999 2.21677 -4.09967)
(6.90697 2.64062 -4.39147)
(7.23348 2.61683 -4.5)
(7.5 2.4 -4.5)
(6.99129 2.62058 -3.89876)
(7.23318 2.6008 -3.67778)
(6.50464 2.26107 -3.92205)
(7.45419 2.4 -3.67541)
(6.97671 2.81797 -4.12484)
(7.22075 3 -4.11186)
(7.43981 3 -4.32865)
(7.44586 2.81861 -4.5)
(7.44119 2.81257 -3.67924)
(7.4354 3 -3.89275)
(7.43488 3 -3.46795)
(6.90358 2.4496 -4.38751)
(7.22559 2.22265 -4.31251)
(7.3 2.4 -4.0925)
(7.22043 2.6135 -4.31649)
(7.46973 2.4 -4.30585)
(7.23406 2.60021 -3.46771)
(7.45203 2.4 -3.46638)
(6.90303 2.06815 -4.38687)
(6.75454 2.63638 -3.90546)
(6.50398 2.47156 -3.9213)
(6.69897 2.79931 -4.14879)
(6.92087 2.83558 -4.40768)
(6.99451 2.81139 -3.89672)
(7.23101 2.01175 -4.09973)
(7.23126 2.60232 -3.88903)
(7.45615 2.4 -3.88454)
(7.21676 2.81486 -4.1123)
(7.44306 2.81544 -4.31566)
(7.44124 2.81222 -3.89221)
(7.22166 2.81218 -3.67937)
(7.44111 2.8119 -3.46818)
(7.22437 3 -4.35525)
(7.21582 2.81936 -4.5)
(7.21961 3 -3.89116)
(7.24346 2.02591 -4.5)
(7.21907 3 -3.4673)
(7.3 2.4 -4.48652)
(7.3 2.4 -3.46625)
(6.75438 2.45707 -3.89917)
(7.3 2.4 -3.88375)
(6.99231 2.23822 -3.89694)
(7.23589 2.21383 -3.67734)
(6.70468 2.25129 -4.15547)
(6.70197 2.46466 -4.15231)
(7.23753 2.21242 -3.46745)
(7.3 2.4 -3.675)
(6.75579 2.26638 -3.89835)
(6.99867 2.42388 -3.89448)
(7.23399 2.21562 -3.88743)
(6.40889 2.08938 -3.81035)
(6.79477 2.86319 -4.26058)
(6.72365 2.07223 -4.17759)
(6.4884 2.08292 -3.90311)
(7.88154 2.20469 -3.67575)
(7.87625 3 -4.5)
(7.89652 2.20453 -4.5)
(7.879 1.8 -3.67517)
(7.9 1.8 -4.5)
(7.88642 2.20494 -4.09512)
(7.88995 2.61035 -4.5)
(7.8833 1.8 -4.09431)
(7.22275 1.65219 -4.31295)
(8.0965 1.63142 -3.88504)
(8.0961 1.63111 -3.46651)
(7.66288 1.63159 -3.88483)
(7.67793 1.63949 -4.30303)
(7.66447 1.99612 -3.88472)
(7.68123 2.0005 -4.30299)
(8.09859 1.63888 -4.30359)
(8.09685 1.99565 -3.88511)
(8.09909 1.99897 -4.30361)
(8.0976 2.4 -3.88539)
(8.09634 2.8145 -4.30854)
(8.09921 2.4 -4.30753)
(7.65949 1.63119 -3.46665)
(7.66095 1.99569 -3.46636)
(8.09642 1.99547 -3.46647)
(8.09716 2.4 -3.4664)
(7.00475 1.68875 -4.49963)
(7.87923 1.63119 -3.67553)
(7.89355 1.65003 -4.5)
(7.87995 1.99558 -3.67544)
(8.09741 2.20458 -3.67574)
(7.88122 2.4 -3.67573)
(7.88324 2.20476 -3.88532)
(7.88078 2.20465 -3.46649)
(8.09531 3 -4.5)
(7.87645 3 -4.31746)
(7.88217 2.81795 -4.5)
(7.89652 2.00511 -4.5)
(7.89224 2.20508 -4.304)
(8.10004 2.20407 -4.5)
(7.9 2.4 -4.5)
(7.4455 1.6349 -4.09127)
(7.66592 1.8 -4.09133)
(8.09712 1.8 -4.09559)
(8.0979 2.59755 -4.09646)
(6.9641 1.68081 -4.12623)
(7.47039 1.65276 -4.5)
(7.44726 1.63149 -3.67655)
(7.88348 1.63276 -4.09402)
(7.88022 1.8 -3.88468)
(7.663 1.8 -3.67498)
(8.09619 1.8 -3.67544)
(7.87822 1.8 -3.46604)
(7.89019 1.8 -4.30623)
(7.7 1.8 -4.5)
(8.1 1.8 -4.5)
(8.09748 2.5929 -3.67613)
(7.88445 1.99646 -4.0942)
(8.09828 2.20475 -4.09512)
(7.88645 2.4 -4.0959)
(8.0954 3 -4.10753)
(7.88819 2.6025 -4.30507)
(8.09841 2.61025 -4.5)
(6.90357 1.69032 -4.38749)
(7.22829 1.64311 -4.10114)
(7.45932 1.64166 -4.30331)
(8.09629 1.63117 -3.67566)
(7.88044 1.63146 -3.88481)
(8.09718 1.6327 -4.0947)
(8.09652 1.8 -3.88497)
(7.87829 1.63113 -3.46642)
(8.09588 1.8 -3.46639)
(7.4438 1.63214 -3.88568)
(7.66694 1.63313 -4.09269)
(7.66193 1.8 -3.88482)
(7.6624 1.63123 -3.67573)
(7.68002 1.8 -4.30554)
(7.88956 1.63901 -4.30336)
(7.66879 1.99722 -4.09278)
(7.88124 1.99577 -3.88485)
(7.66396 1.99577 -3.67535)
(7.8914 1.99931 -4.30339)
(8.09896 1.8 -4.30667)
(8.09755 1.99626 -4.09486)
(8.09768 2.20464 -3.88534)
(8.09662 1.99551 -3.67564)
(8.09936 2.20475 -4.30394)
(7.88326 2.4 -3.88541)
(7.88027 2.8146 -4.30911)
(7.89199 2.4 -4.30765)
(8.09776 2.59214 -3.88582)
(8.09826 2.4 -4.09581)
(8.09729 2.4 -3.67563)
(8.09609 2.81258 -4.10172)
(8.09835 2.60237 -4.30484)
(7.4383 1.63148 -3.46702)
(7.6584 1.8 -3.46615)
(7.87898 1.99553 -3.46632)
(8.09728 2.20457 -3.46652)
(7.88077 2.4 -3.46634)
(8.09745 2.59135 -3.4667)
(7.23737 1.66043 -4.5)
(7.69067 2.00672 -4.5)
(7.68542 1.65064 -4.5)
(8.09538 3 -4.3166)
(8.1 2.4 -4.5)
(8.09673 2.81791 -4.5)
(8.09933 1.64986 -4.5)
(8.10004 2.00461 -4.5)
(6.80493 1.69052 -4.27242)
(6.72489 1.6909 -4.17905)
(7.01656 2.22613 -2.83908)
(7.23909 2.21276 -2.83994)
(7.23944 2.21217 -2.63121)
(7.01906 2.22033 -2.63088)
(7.45173 2.20646 -2.84017)
(7.45131 2.2064 -2.63142)
(7.66576 2.4 -2.63139)
(7.66549 2.4 -2.84016)
(7.66504 2.20496 -2.63138)
(7.66518 2.20497 -2.84011)
(7.45088 2.20638 -3.04893)
(7.66486 2.20496 -3.04883)
(7.6654 2.4 -3.04873)
(7.66531 2.59197 -3.04888)
(6.56069 2.30496 -2.6235)
(6.56045 2.2924 -2.83082)
(6.55344 2.47995 -2.62784)
(6.54995 2.47859 -2.83674)
(6.2919 2.52783 -2.83257)
(6.29543 2.53024 -2.62514)
(6.53532 2.29208 -3.47369)
(6.53513 2.46916 -3.47608)
(6.53648 2.28619 -3.27009)
(6.53805 2.47201 -3.26484)
(6.54601 2.29808 -3.04863)
(7.01669 2.22 -3.0498)
(6.54539 2.47519 -3.05)
(6.27339 2.51569 -3.47313)
(6.27637 2.51745 -3.2638)
(6.28531 2.52336 -3.0477)
(7 3 -2.84)
(7.0047 2.81247 -2.84029)
(6.75579 2.83719 -2.84053)
(6.86723 2.91149 -2.84027)
(7.219 3 -2.84005)
(7.22294 2.8123 -2.84017)
(6.51831 2.67885 -2.8404)
(6.78288 2.62916 -2.84066)
(7.01029 2.61288 -2.84038)
(7.23503 2.60032 -2.84017)
(7.45002 2.59718 -2.84025)
(7.45259 2.4 -2.84034)
(7.66532 2.5927 -2.84017)
(7.44127 2.81251 -2.8402)
(7.48491 3 -2.84017)
(6.63097 2.75398 -2.63133)
(6.39638 2.5976 -2.83851)
(6.39863 2.59911 -2.62924)
(6.51826 2.67883 -2.63085)
(6.63025 2.75351 -2.84072)
(6.75616 2.83744 -2.63138)
(7.22301 2.81226 -2.63132)
(7 3 -2.63125)
(7.45027 2.59706 -2.63146)
(7.43479 3 -2.6313)
(6.78456 2.62842 -2.63129)
(7.4533 2.4 -2.63155)
(7.0049 2.81255 -2.63133)
(7.4413 2.81193 -2.63135)
(7.66552 2.59198 -2.6314)
(6.86739 2.91159 -2.63132)
(7.219 3 -2.63127)
(6.51133 2.67419 -3.2654)
(6.75061 2.83374 -3.47377)
(6.75496 2.83663 -3.05032)
(7.22282 2.81217 -3.04915)
(6.38529 2.59021 -3.26661)
(6.51442 2.67626 -3.05176)
(7 3 -3.04875)
(6.50338 2.6689 -3.48181)
(6.77867 2.62659 -3.26289)
(6.62609 2.75073 -3.26317)
(7.44992 2.59703 -3.04901)
(6.86604 2.91069 -3.25945)
(7.0097 2.61224 -3.04991)
(7.4348 3 -3.04903)
(6.77536 2.62344 -3.47642)
(6.75334 2.83556 -3.2612)
(6.62209 2.74806 -3.477)
(6.78225 2.62695 -3.05106)
(6.62876 2.7525 -3.05117)
(7.00432 2.81221 -3.04952)
(6.37454 2.58303 -3.48718)
(6.39211 2.59476 -3.05112)
(7.23486 2.6002 -3.04911)
(7.44121 2.8119 -3.04914)
(7.45261 2.4 -3.04893)
(6.86685 2.91123 -3.04954)
(7.21901 3 -3.04888)
(6.86454 2.90969 -3.47054)
(7.3 2.4 -3.04875)
(7.01924 2.40907 -2.84)
(7.3 2.4 -2.84)
(7.0188 2.4082 -3.04939)
(7.23874 2.21208 -3.04907)
(6.33607 2.32893 -2.81721)
(6.34264 2.33291 -2.61806)
(6.29612 2.30887 -3.27643)
(6.31248 2.3214 -3.45941)
(6.32368 2.32086 -3.04494)
(7.43836 1.63146 -3.04906)
(7.65902 1.63117 -3.04899)
(7.65763 1.8 -3.049)
(7.44717 1.63138 -2.84014)
(7.66126 1.63115 -2.84005)
(7.66176 1.8 -2.83988)
(7.65761 1.8 -2.6315)
(8.75213 2.59884 -3.25794)
(8.97097 2.59274 -3.25773)
(8.97001 2.59132 -3.46644)
(8.75131 2.59278 -3.46673)
(9.19003 2.59883 -3.25802)
(9.18911 2.59278 -3.46678)
(8.75161 2.4 -3.46661)
(8.97044 2.4 -3.46597)
(8.96986 2.20454 -3.46631)
(8.7511 2.20454 -3.46649)
(8.53279 2.59132 -3.46661)
(8.53337 2.59274 -3.25781)
(8.53265 2.20454 -3.46648)
(8.5329 2.4 -3.46631)
(8.75153 1.8 -3.25731)
(8.7518 1.99543 -3.2575)
(8.97095 1.99544 -3.25766)
(8.97119 1.8 -3.25774)
(8.97092 2.20453 -3.25759)
(8.96979 1.99544 -3.46643)
(8.75199 2.20453 -3.25755)
(9.18916 1.99546 -3.46652)
(9.19026 1.99545 -3.25766)
(9.18897 2.20453 -3.46655)
(9.18925 2.4 -3.46646)
(8.5333 2.20454 -3.25765)
(8.53313 1.99545 -3.25763)
(8.7527 1.8 -3.04828)
(8.75248 1.99544 -3.04857)
(8.53353 1.99544 -3.04842)
(8.31492 1.99545 -3.04897)
(8.75174 1.50003 -3.25758)
(8.75174 1.63112 -3.25751)
(8.97093 1.63112 -3.2577)
(8.97077 1.50003 -3.25774)
(8.75246 1.63114 -3.04858)
(8.75234 1.50013 -3.04877)
(9.19062 3 -3.2595)
(8.7525 3 -3.25949)
(9.19062 1.8 -3.25738)
(9.1897 1.8 -3.46631)
(9.19009 1.49996 -3.25792)
(9.19031 1.63111 -3.25773)
(9.18916 1.63112 -3.46659)
(9.18885 1.50008 -3.46681)
(9.40889 1.99546 -3.46706)
(9.40863 2.20454 -3.46702)
(9.4089 2.4 -3.46677)
(9.4086 2.59132 -3.46712)
(9.40915 1.8 -3.46679)
(9.40889 1.49999 -3.46736)
(9.409 1.6311 -3.46715)
(9.4091 1.3689 -3.46709)
(9.40952 1.2 -3.46648)
(9.40899 1.00454 -3.46698)
(9.40945 1.00455 -3.25823)
(9.18198 -1.46069e-16 -3.25939)
(9.1883 0.401171 -3.258)
(9.40836 0.407256 -3.25788)
(9.19015 0.6 -3.25769)
(9.40901 0.6 -3.2577)
(9.40898 0.795458 -3.25789)
(9.18994 0.795468 -3.2577)
(8.96943 1.50004 -3.46658)
(8.75061 1.50004 -3.46646)
(8.53304 1.49989 -3.25761)
(8.53346 1.49993 -3.04874)
(8.31478 1.5 -3.04889)
(9.18903 0.795448 -3.46659)
(9.40858 0.795451 -3.46692)
(9.18907 1.36891 -3.46686)
(9.19019 1.36888 -3.25782)
(9.18937 1.2 -3.46703)
(9.18908 1.00454 -3.46679)
(8.75088 1.3689 -3.4662)
(8.96979 1.36891 -3.4666)
(8.96716 1.36883 -3.67542)
(8.74868 1.36885 -3.67536)
(8.7495 1.2 -3.67528)
(8.96805 1.2 -3.67534)
(8.97041 1.2 -3.46668)
(8.75127 1.2 -3.46582)
(8.75208 1.2 -3.25718)
(8.7519 1.36891 -3.25746)
(8.97092 1.36891 -3.25776)
(8.53317 1.36887 -3.25761)
(8.53334 1.2 -3.2579)
(8.53273 1.2 -3.46536)
(8.53245 1.36887 -3.46604)
(8.96724 1.00451 -3.67539)
(8.74879 1.00452 -3.67533)
(8.75098 1.00454 -3.46617)
(8.75195 1.00455 -3.25741)
(8.96987 1.00454 -3.46656)
(8.53326 1.00456 -3.25758)
(8.53257 1.00455 -3.46601)
(8.73257 -1.46069e-16 -3.2594)
(8.7481 0.401185 -3.2577)
(8.96982 0.407264 -3.25768)
(8.75183 0.6 -3.25689)
(8.97109 0.6 -3.25752)
(8.96987 0.795453 -3.46643)
(8.75112 0.79545 -3.46635)
(8.75191 0.795449 -3.25731)
(8.97089 0.79546 -3.25756)
(8.53097 0.407258 -3.25761)
(8.31178 0.407233 -3.04887)
(8.53203 0.408709 -3.04882)
(8.53351 0.6 -3.25741)
(8.53336 0.795467 -3.25746)
(8.53349 0.6 -3.04879)
(8.53359 0.795467 -3.04877)
(8.31506 0.6 -3.04881)
(8.31514 0.79546 -3.04878)
(8.53269 0.795461 -3.46637)
(8.53343 1.8 -3.04763)
(8.3148 1.8 -3.04911)
(8.3148 1.63109 -3.04898)
(8.53347 1.63109 -3.04841)
(8.75259 1.49994 -2.84003)
(8.75275 1.49989 -2.63127)
(8.75277 1.63108 -2.63122)
(8.7527 1.6311 -2.83997)
(8.75281 1.8 -2.83995)
(8.75303 1.8 -2.63111)
(8.75275 1.99545 -2.63121)
(8.75269 1.99545 -2.83996)
(8.97173 1.49998 -2.63123)
(8.73179 -1.20441e-16 -2.84067)
(8.75095 0.407236 -2.63122)
(8.74844 0.401169 -2.84013)
(8.75256 0.6 -2.63114)
(8.75265 0.795472 -2.6312)
(8.97217 1.2 -2.63113)
(8.97185 1.3689 -2.63121)
(8.75311 1.00456 -2.63127)
(8.75415 1.2 -2.63131)
(8.3147 1.36891 -3.04889)
(8.27127 -1.20435e-16 -2.84059)
(8.30663 0.401163 -2.84016)
(8.31514 0.795461 -2.84005)
(8.31501 0.6 -2.8401)
(8.3147 1.2 -3.04905)
(8.31484 1.5001 -2.84023)
(8.31453 1.36892 -2.84014)
(8.31398 1.2 -2.84028)
(8.31482 1.00456 -3.04886)
(8.31464 1.00455 -2.84011)
(8.75261 0.6 -2.84003)
(8.75257 0.795471 -2.84001)
(8.7525 1.00455 -2.84006)
(8.53363 1.50009 -2.84006)
(8.75312 1.36887 -2.63129)
(8.53122 0.407265 -2.84006)
(8.5336 0.6 -2.84)
(8.53369 0.795466 -2.84001)
(8.53364 1.00455 -2.84002)
(8.75228 1.2 -2.84016)
(8.53363 1.2 -2.83996)
(8.5336 1.36891 -2.84004)
(8.7525 1.36887 -2.84008)
(8.53368 1.99545 -2.83999)
(8.53348 1.99545 -2.63158)
(8.31499 1.99545 -2.6315)
(8.31507 1.99545 -2.84069)
(8.09659 1.99546 -3.04885)
(8.09669 1.99546 -2.6313)
(8.09667 1.99545 -2.84006)
(8.31513 2.20455 -3.04884)
(8.31497 2.4 -3.04879)
(8.53335 2.4 -3.2577)
(8.75215 2.4 -3.25744)
(8.53365 2.20453 -3.04877)
(8.75241 2.20452 -3.04876)
(8.75247 2.4 -3.04879)
(8.53374 2.4 -3.04876)
(8.7525 2.59882 -2.8402)
(8.75244 2.4 -2.84021)
(8.75263 2.4 -2.63119)
(8.7526 2.59277 -2.63126)
(8.7525 3 -2.84071)
(8.75243 2.59276 -3.04889)
(8.75253 2.20453 -2.84006)
(8.75262 2.20453 -2.63122)
(8.97141 1.49993 -3.0489)
(9.40972 1.49992 -3.25846)
(9.19073 1.49998 -2.84016)
(8.97159 1.49998 -2.84006)
(9.19058 1.49999 -3.04906)
(9.41 1.50001 -3.04943)
(9.19078 1.5 -2.63124)
(9.40966 1.36889 -3.25839)
(9.40961 1.2 -3.25835)
(9.19014 1.00455 -3.25774)
(9.18849 0.40117 -2.83994)
(9.18945 0.407237 -3.0488)
(9.18135 -1.20441e-16 -2.84066)
(8.97033 0.407265 -2.84006)
(9.1903 0.6 -3.04874)
(9.19038 0.795462 -2.83983)
(9.19025 0.795462 -3.04875)
(9.19046 0.6 -2.83975)
(9.19054 1.00455 -2.84005)
(9.19046 1.00455 -3.04885)
(9.19061 1.2 -2.84021)
(9.19054 1.2 -3.04876)
(9.40957 1.00455 -3.04909)
(9.4097 1.2 -3.04912)
(9.19065 1.3689 -2.84014)
(9.19083 1.36891 -2.63124)
(9.19056 1.3689 -3.04894)
(9.40985 1.36891 -3.0493)
(9.19088 1.2 -2.63131)
(8.97075 0.408714 -2.63119)
(9.18959 0.407238 -2.63102)
(8.9715 0.6 -2.63121)
(8.97155 0.795465 -2.63117)
(9.19048 0.6 -2.63109)
(9.19044 0.795463 -2.63102)
(8.97181 1.00456 -2.63118)
(9.19072 1.00455 -2.63117)
(9.41005 1.49995 -2.84031)
(9.41 1.50007 -2.63117)
(8.97154 1.8 -3.04911)
(8.97145 1.99544 -3.0489)
(9.18996 2.20453 -3.25767)
(9.19013 2.4 -3.25759)
(8.97115 2.4 -3.25761)
(8.97132 2.20454 -3.04875)
(8.97137 2.4 -3.04869)
(8.97148 1.63109 -3.04894)
(9.40976 1.99546 -2.84005)
(9.40966 1.99545 -2.63101)
(9.19062 1.99545 -2.63121)
(9.19065 1.99546 -2.84005)
(9.19057 1.99545 -3.04896)
(9.40978 1.99545 -3.04915)
(9.40999 1.8 -3.04917)
(9.19072 1.8 -3.04904)
(9.41034 1.8 -3.25794)
(8.97171 1.99545 -2.84003)
(8.97167 1.99546 -2.63116)
(9.40994 1.63108 -3.25824)
(9.19034 2.59884 -2.84)
(9.1904 2.59276 -2.63099)
(9.19062 3 -2.84072)
(9.19039 2.4 -2.83995)
(9.19061 2.4 -2.63095)
(9.1902 2.59277 -3.04884)
(9.19031 2.4 -3.04878)
(9.19038 2.20454 -2.83989)
(9.19046 2.20454 -2.63099)
(9.19027 2.20454 -3.0488)
(9.40974 1.99545 -3.2581)
(9.40909 2.20454 -3.25795)
(9.40895 2.59275 -3.25799)
(9.4092 2.4 -3.25777)
(9.40922 2.4 -2.63067)
(9.40907 2.4 -3.04867)
(9.40893 2.59274 -2.83959)
(9.40911 2.20454 -2.83965)
(9.40912 2.20453 -2.63065)
(9.40894 2.59129 -2.63058)
(9.40913 2.4 -2.83956)
(9.40911 2.20453 -3.04879)
(9.40889 2.59129 -3.04871)
(8.97146 2.4 -2.63115)
(8.97143 2.59273 -2.83989)
(8.97148 2.20454 -2.83986)
(8.97151 2.20454 -2.63114)
(8.97147 2.59129 -2.63115)
(8.97149 2.4 -2.83964)
(8.9713 2.59129 -3.04878)
(9.19073 1.8 -2.84008)
(9.19077 1.63108 -2.84013)
(9.19073 1.63109 -2.63128)
(9.19074 1.8 -2.63139)
(9.19066 1.63109 -3.04904)
(9.41004 1.63109 -2.84025)
(9.40994 1.63111 -2.63117)
(9.41005 1.6311 -3.04933)
(9.40997 1.8 -2.84019)
(9.4099 1.8 -2.63107)
(8.97172 1.63108 -2.63119)
(8.97195 1.8 -2.84012)
(8.97169 1.8 -2.63104)
(8.97175 1.63108 -2.84008)
(9.409 0.79546 -2.83957)
(9.40893 0.6 -2.83951)
(9.40828 0.407269 -2.83949)
(9.40958 1.00455 -2.84001)
(9.4096 1.2 -2.83992)
(9.41002 1.2 -2.6311)
(9.40906 0.6 -3.04845)
(9.40851 0.408708 -3.04856)
(9.40904 0.79546 -3.04866)
(9.40999 1.36892 -2.63113)
(9.40988 1.3689 -2.84022)
(9.40911 0.6 -2.63073)
(9.4097 1.00454 -2.63096)
(9.40849 0.408713 -2.63055)
(9.40906 0.795455 -2.63063)
(9.19047 1.2 -3.25748)
(8.97106 1.2 -3.2579)
(8.97094 1.00455 -3.25771)
(8.75077 0.40724 -3.04881)
(8.7525 0.6 -3.04871)
(8.7524 0.795465 -3.04872)
(8.75236 1.00455 -3.04881)
(8.9716 1.00455 -3.04879)
(8.97226 1.2 -3.04872)
(8.97133 1.00456 -2.83997)
(8.97078 1.2 -2.83986)
(8.97162 1.36888 -3.04883)
(8.97136 1.3689 -2.84)
(8.97164 0.6 -2.84013)
(8.97151 0.795454 -2.84001)
(8.97143 0.6 -3.04878)
(8.97058 0.408714 -3.04882)
(8.97135 0.79547 -3.04877)
(8.53359 1.2 -3.0488)
(8.75226 1.2 -3.04892)
(8.75234 1.36891 -3.04884)
(8.53355 1.00456 -3.04881)
(8.5335 1.36889 -3.04882)
(8.31522 2.20454 -2.84011)
(8.31507 2.4 -2.83995)
(8.31437 3 -2.84067)
(8.3151 2.59884 -2.84015)
(8.31521 2.59277 -2.6313)
(8.3152 2.20454 -2.63131)
(8.31498 2.4 -2.63129)
(8.09732 2.59275 -2.84011)
(8.09704 2.4 -2.84012)
(8.09726 2.20455 -3.04884)
(8.09705 2.4 -3.04883)
(8.31516 2.59277 -3.04892)
(8.53384 2.4 -2.63127)
(8.53367 2.59274 -2.84017)
(8.53368 2.20453 -2.84011)
(8.53378 2.20453 -2.63131)
(8.53381 2.59129 -2.63129)
(8.53348 2.4 -2.84024)
(8.53368 2.59129 -3.04888)
(8.09738 2.59132 -3.0489)
(8.0973 2.20455 -2.84008)
(8.09708 2.4 -2.63111)
(8.0973 2.20456 -2.63123)
(8.09742 2.59131 -2.63123)
(8.31504 1.8 -2.84185)
(8.31495 1.63112 -2.8407)
(8.31488 1.50004 -2.63136)
(8.31471 1.3689 -2.63127)
(8.31467 1.8 -2.6315)
(8.31487 1.63111 -2.63151)
(8.31207 0.407235 -2.63129)
(8.31499 0.6 -2.63124)
(8.31515 0.795467 -2.63125)
(8.31449 1.2 -2.6313)
(8.31482 1.00456 -2.63124)
(8.09612 1.36892 -3.04875)
(8.09632 1.50008 -3.04885)
(8.0963 1.63111 -3.04886)
(8.09626 1.8 -3.04885)
(8.53368 1.50006 -2.63136)
(8.53381 1.36892 -2.63128)
(8.53344 1.63111 -2.63159)
(8.53366 1.8 -2.83965)
(8.53293 1.8 -2.63209)
(8.53364 1.63113 -2.83999)
(8.53357 0.6 -2.63129)
(8.53384 1.00456 -2.63126)
(8.53222 0.40871 -2.63127)
(8.53405 1.2 -2.63127)
(8.53373 0.795467 -2.63125)
(8.09638 1.63112 -2.84006)
(8.09637 1.50001 -2.84007)
(8.09614 1.8 -2.83982)
(8.09632 1.50006 -2.63131)
(8.09608 1.36891 -2.63126)
(8.09639 1.63112 -2.63131)
(8.09652 1.8 -2.6312)
(8.09704 0.6 -3.04871)
(8.09642 1.00455 -3.04872)
(8.09699 0.6 -2.63127)
(8.09636 1.00455 -2.63124)
(8.09727 0.795448 -2.84001)
(8.09274 0.407264 -2.84007)
(8.09575 1.2 -2.83996)
(8.09442 0.408707 -3.04882)
(8.09727 0.795445 -3.04876)
(8.09715 0.6 -2.84002)
(8.09573 1.2 -3.04868)
(8.0961 1.36889 -2.83998)
(8.09638 1.00454 -2.83996)
(8.09484 0.408695 -2.63129)
(8.0972 0.79545 -2.63127)
(8.09595 1.2 -2.6312)
(8.72308 1.5 -4.5)
(8.93492 1.5 -4.5)
(8.93989 1.5 -4.30118)
(8.72669 1.50001 -4.3015)
(8.74821 1.50004 -3.67549)
(8.74374 1.49994 -3.88449)
(8.96133 1.49997 -3.88429)
(8.96664 1.49999 -3.67544)
(8.51634 1.50001 -4.3019)
(8.51411 1.5 -4.5)
(8.53058 1.49993 -3.67561)
(8.5275 1.50005 -3.88478)
(8.5322 1.49996 -3.46647)
(8.73638 1.50006 -4.09336)
(8.95227 1.5 -4.09296)
(9.17232 1.50006 -4.09282)
(9.15932 1.50001 -4.30096)
(9.15351 1.5 -4.5)
(9.18127 1.50004 -3.88434)
(9.18626 1.49995 -3.67561)
(9.14437 1.65008 -4.5)
(9.15562 1.63893 -4.30097)
(8.52259 1.5 -4.09381)
(9.40724 1.49998 -3.67619)
(9.39872 1.49999 -4.0933)
(9.39014 1.5 -4.30117)
(9.40421 1.49992 -3.88489)
(9.38586 1.63894 -4.30123)
(9.37496 1.65006 -4.5)
(9.18847 -1.94994e-16 -4.05779)
(9.18427 -1.71792e-16 -3.67962)
(9.18621 0.401105 -3.67623)
(9.18211 0.407153 -3.88469)
(9.17484 0.40233 -4.09426)
(9.18437 0.186848 -4.10024)
(9.16154 0.397466 -4.30214)
(9.18035 0.185521 -4.30764)
(9.19063 -4.44089e-16 -4.5)
(9.18993 -2.28333e-16 -4.31578)
(9.175 0.181849 -4.5)
(9.1525 0.38981 -4.5)
(9.1823 0.6 -3.88401)
(9.17173 0.6 -4.09273)
(9.18662 0.795444 -3.67542)
(9.18139 0.795407 -3.88421)
(9.18728 0.6 -3.67524)
(9.17096 0.795314 -4.09283)
(9.15151 0.6 -4.30065)
(9.13691 0.795776 -4.5)
(9.10851 0.6 -4.49149)
(9.15177 0.795307 -4.30094)
(9.18856 0.407217 -3.46677)
(9.1895 0.6 -3.46646)
(9.40749 1.00451 -3.67589)
(9.40432 1.00439 -3.88475)
(9.40419 0.795408 -3.88475)
(9.40731 0.795446 -3.67593)
(9.36963 0.995955 -4.5)
(9.36964 0.795797 -4.5)
(9.38324 0.795293 -4.30128)
(9.38299 1.00124 -4.30105)
(9.39756 0.795306 -4.09338)
(9.39769 1.00383 -4.09337)
(9.17187 1.8 -4.09209)
(9.17107 1.99617 -4.09262)
(9.18152 1.99561 -3.88418)
(9.18254 1.8 -3.88409)
(9.18666 1.99548 -3.67538)
(9.18729 1.8 -3.67518)
(9.15135 1.8 -4.30073)
(9.15169 1.99874 -4.30097)
(9.13691 2.00401 -4.5)
(9.10851 1.8 -4.49149)
(9.18663 1.63115 -3.67542)
(9.18164 1.63142 -3.88421)
(9.17188 1.63272 -4.09263)
(8.50314 2.4 -4.49686)
(8.51598 2.4 -4.30485)
(8.51956 2.60252 -4.30372)
(8.51642 2.61026 -4.5)
(8.5251 2.59754 -4.09544)
(8.52868 2.59211 -3.88519)
(8.53142 2.59289 -3.67582)
(8.5237 2.4 -4.09445)
(8.52867 2.4 -3.88471)
(8.51441 2.20461 -4.3028)
(8.51428 1.99887 -4.30298)
(8.52268 1.9962 -4.09427)
(8.52275 2.20467 -4.09416)
(8.50858 2.20396 -4.5)
(8.50858 2.00436 -4.5)
(8.53107 1.99549 -3.67576)
(8.52798 1.99562 -3.8849)
(8.52866 1.8 -3.88487)
(8.53171 1.8 -3.67582)
(8.53113 2.20455 -3.67551)
(8.52803 2.20459 -3.88481)
(8.5316 2.4 -3.6753)
(8.51573 1.8 -4.30556)
(8.52338 1.8 -4.09462)
(8.50314 1.8 -4.49686)
(8.51178 1.64983 -4.5)
(8.51588 1.63887 -4.30303)
(8.52292 1.63266 -4.09421)
(8.5279 1.63142 -3.88488)
(8.74941 1.8 -3.67574)
(8.96791 1.8 -3.67505)
(8.97012 1.8 -3.46638)
(8.75179 1.8 -3.46645)
(8.53231 1.8 -3.4669)
(8.953 1.8 -4.09345)
(8.93622 1.8 -4.30218)
(8.90672 1.8 -4.49328)
(8.74559 1.8 -3.88421)
(8.96303 1.8 -3.88406)
(8.53316 1.8 -3.25773)
(8.72329 1.99886 -4.30217)
(8.93445 1.99881 -4.30151)
(8.95171 1.99618 -4.09317)
(8.73645 1.99619 -4.09381)
(8.74441 1.99562 -3.88447)
(8.96186 1.99562 -3.8842)
(8.7142 2.00425 -4.5)
(8.92223 2.00412 -4.5)
(8.53239 1.99545 -3.46668)
(8.7525 3 -4.5)
(8.72622 2.61025 -4.5)
(8.73972 2.59767 -4.09488)
(8.7525 3 -4.05788)
(8.74879 2.20455 -3.67536)
(8.73621 2.20467 -4.09357)
(8.7142 2.20403 -4.5)
(8.74961 2.59889 -3.67621)
(8.7525 3 -3.6798)
(8.96189 2.81441 -4.3078)
(8.93627 2.4 -4.30193)
(8.96276 2.4 -3.8842)
(8.52833 2.81437 -4.30802)
(8.74042 2.81806 -4.5)
(8.7525 3 -4.31583)
(8.97156 3 -4.5)
(8.53344 3 -4.5)
(8.73114 2.60255 -4.30302)
(8.70493 2.4 -4.49507)
(8.93737 2.61022 -4.5)
(8.74836 2.81314 -4.10044)
(8.73746 2.4 -4.09377)
(8.74522 2.59285 -3.88495)
(8.95592 2.59754 -4.09446)
(8.97156 3 -4.10683)
(8.53344 3 -4.1069)
(8.74879 1.99548 -3.67556)
(8.74427 2.20459 -3.88447)
(8.74943 2.4 -3.67517)
(8.96719 2.20456 -3.67526)
(8.72331 2.20461 -4.30201)
(8.95162 2.20468 -4.09303)
(8.92223 2.20413 -4.5)
(8.96766 2.59289 -3.67562)
(8.94431 2.60251 -4.30254)
(8.96656 2.81256 -4.10069)
(8.74472 2.81444 -4.3078)
(8.93454 2.20467 -4.30142)
(8.96172 2.2046 -3.88422)
(8.96718 1.99549 -3.67527)
(8.95297 2.4 -4.09301)
(8.72542 2.4 -4.30304)
(8.9628 2.5921 -3.88467)
(8.968 2.4 -3.67514)
(8.74524 2.4 -3.88444)
(8.75109 1.99544 -3.46651)
(8.53071 2.81255 -4.10097)
(8.97156 3 -4.31601)
(8.95637 2.81812 -4.5)
(8.90672 2.4 -4.49328)
(8.53344 3 -4.31607)
(8.52553 2.818 -4.5)
(8.53095 1.63114 -3.67577)
(8.53228 1.63111 -3.46668)
(8.53306 1.63108 -3.25763)
(8.73816 1.8 -4.09439)
(8.72544 1.8 -4.30352)
(8.70493 1.8 -4.49507)
(8.93794 1.6389 -4.30153)
(8.96191 1.6314 -3.88421)
(8.96972 1.63111 -3.46649)
(8.74868 1.63117 -3.67558)
(8.71921 1.64989 -4.5)
(8.73693 1.6327 -4.09378)
(8.95241 1.63268 -4.09316)
(8.72584 1.63889 -4.3022)
(8.9671 1.63117 -3.67531)
(8.74441 1.6314 -3.88447)
(8.75099 1.63112 -3.46651)
(8.92888 1.64999 -4.5)
(9.39761 1.8 -4.09301)
(9.40487 1.8 -3.88451)
(9.37904 1.8 -4.30076)
(9.3103 1.8 -4.4897)
(9.39813 1.63267 -4.09322)
(9.4044 1.6314 -3.88474)
(9.40776 1.8 -3.67572)
(9.40432 1.99562 -3.88473)
(9.38308 1.99874 -4.30123)
(9.39758 1.99618 -4.09324)
(9.40738 1.99549 -3.67597)
(9.36963 2.00405 -4.5)
(9.40741 1.63115 -3.67602)
(9.40778 0.6 -3.67574)
(9.40711 0.407113 -3.6762)
(9.40471 0.6 -3.88449)
(9.40322 0.185475 -4.30777)
(9.37936 0.6 -4.30087)
(9.40969 -4.44089e-16 -4.5)
(9.39988 0.402473 -4.09472)
(9.40868 -1.97975e-16 -4.10667)
(9.37992 0.389833 -4.5)
(9.40459 0.407898 -3.88514)
(9.39765 0.6 -4.09323)
(9.40595 0.187426 -4.10063)
(9.38948 0.397612 -4.30238)
(9.40928 -2.28441e-16 -4.31591)
(9.3103 0.6 -4.4897)
(9.39951 0.181874 -4.5)
(9.40875 0.6 -3.46657)
(9.40824 0.40868 -3.46698)
(8.50859 0.995645 -4.5)
(8.51445 1.00114 -4.30313)
(8.51638 1.2 -4.30612)
(8.50314 1.2 -4.49686)
(8.52265 1.00381 -4.09432)
(8.5235 1.2 -4.095)
(8.50859 0.79604 -4.5)
(8.51442 0.795377 -4.30281)
(8.52277 0.795324 -4.09422)
(8.52877 1.2 -3.88486)
(8.52802 1.0044 -3.88484)
(8.52806 0.795409 -3.88484)
(8.51892 0.39762 -4.30367)
(8.5238 0.402476 -4.09545)
(8.52379 0.6 -4.0946)
(8.51592 0.6 -4.30485)
(8.50314 0.6 -4.49686)
(8.51645 0.389738 -4.5)
(8.51178 1.35017 -4.5)
(8.51607 1.36115 -4.30319)
(8.52288 1.36734 -4.09427)
(8.52795 1.3686 -3.88483)
(8.52556 0.182 -4.5)
(8.53344 -4.44089e-16 -4.5)
(8.52975 -2.2855e-16 -4.31598)
(8.52582 0.185497 -4.30796)
(8.52465 0.187434 -4.10082)
(8.52566 -1.97975e-16 -4.10675)
(9.38574 1.36107 -4.30102)
(9.3982 1.36731 -4.09334)
(9.4044 1.36857 -3.88477)
(9.18162 1.36859 -3.88429)
(9.17185 1.36731 -4.09289)
(9.18668 1.36883 -3.67555)
(9.17175 1.2 -4.09299)
(9.15163 1.2 -4.30021)
(9.15174 1.00123 -4.30083)
(9.17101 1.00383 -4.0929)
(9.13691 0.995992 -4.5)
(9.10851 1.2 -4.49149)
(9.38582 1.5 -4.5)
(9.37496 1.34994 -4.5)
(9.37871 1.2 -4.30006)
(9.39793 1.2 -4.0933)
(9.3103 1.2 -4.4897)
(9.18252 1.2 -3.88411)
(9.18743 1.2 -3.67539)
(9.18149 1.0044 -3.88427)
(9.18671 1.00451 -3.6755)
(9.40484 1.2 -3.88453)
(9.40797 1.2 -3.67559)
(9.40752 1.36884 -3.67595)
(8.74881 0.795437 -3.67534)
(8.53108 1.00452 -3.67534)
(8.53115 0.795445 -3.67547)
(8.53149 1.2 -3.67501)
(8.53095 1.36883 -3.67536)
(8.73716 -1.71792e-16 -3.67965)
(8.74661 0.401118 -3.6762)
(8.52947 0.407108 -3.67583)
(8.52773 0.407898 -3.88523)
(8.52872 0.6 -3.88485)
(8.53163 0.6 -3.67535)
(8.74948 0.6 -3.67523)
(8.74989 0.407219 -3.46662)
(8.75171 0.6 -3.46638)
(8.96684 0.407108 -3.67567)
(8.96723 0.795447 -3.67533)
(8.96806 0.6 -3.67524)
(8.7142 0.795969 -4.5)
(8.92223 0.795869 -4.5)
(8.93451 0.795287 -4.30138)
(8.72326 0.795377 -4.30194)
(8.73716 1.2 -4.09357)
(8.73608 1.00382 -4.09351)
(8.95155 1.00383 -4.09296)
(8.95277 1.2 -4.09278)
(8.96292 1.2 -3.88441)
(8.74532 1.2 -3.8846)
(8.74428 0.79541 -3.88448)
(8.74426 1.00439 -3.88453)
(8.95157 0.795313 -4.09301)
(8.73618 0.795326 -4.09356)
(8.70493 1.2 -4.49507)
(8.93792 1.36106 -4.30149)
(8.93442 1.00125 -4.30148)
(8.96182 1.36858 -3.88433)
(8.71921 1.35011 -4.5)
(8.72529 1.2 -4.30332)
(8.7142 0.995749 -4.5)
(8.90672 1.2 -4.49328)
(8.73656 1.36734 -4.09349)
(9.14437 1.34992 -4.5)
(8.9362 1.2 -4.30224)
(9.15569 1.36106 -4.30082)
(8.95227 1.36733 -4.09295)
(8.72578 1.3611 -4.30212)
(8.72319 1.00115 -4.30209)
(8.74425 1.36857 -3.88453)
(8.92888 1.35001 -4.5)
(8.92223 0.995878 -4.5)
(8.7525 -4.44089e-16 -4.5)
(8.74648 -1.94994e-16 -4.05782)
(8.73888 0.402328 -4.09489)
(8.72623 0.389747 -4.5)
(8.96108 0.185597 -4.30777)
(8.93622 0.6 -4.30185)
(8.96273 0.6 -3.88421)
(8.96177 1.0044 -3.88432)
(8.75028 -2.28333e-16 -4.3158)
(8.74043 0.181936 -4.5)
(8.97156 -4.44089e-16 -4.5)
(8.74437 0.186852 -4.10038)
(8.96905 -1.97975e-16 -4.1068)
(8.73073 0.397462 -4.30296)
(8.74443 0.407152 -3.88495)
(8.7375 0.6 -4.09383)
(8.95541 0.402453 -4.09445)
(8.70493 0.6 -4.49507)
(8.93737 0.389781 -4.5)
(8.94407 0.397474 -4.30251)
(8.96451 0.187448 -4.10066)
(8.7432 0.185543 -4.30777)
(8.95292 0.6 -4.09302)
(8.72529 0.6 -4.30286)
(8.9624 0.407894 -3.88467)
(8.9617 0.795406 -3.88425)
(8.74533 0.6 -3.88444)
(8.9705 -2.2855e-16 -4.31599)
(8.95637 0.18188 -4.5)
(8.90672 0.6 -4.49328)
(8.97041 0.6 -3.46635)
(8.96937 0.40868 -3.46656)
(8.53292 0.6 -3.46639)
(8.53137 0.408681 -3.46658)
(11.382 1.5 -0.334644)
(11.3819 1.85656 -0.334892)
(11.3824 2.24331 -0.335166)
(11.8205 2.2543 -0.335027)
(12.2596 2.25808 -0.335002)
(12.2605 1.5 -0.334941)
(11.82 2.63685 -0.335021)
(12.2589 2.63823 -0.335005)
(12.2583 3 -0.335)
(11.8196 3 -0.335)
(11.3819 2.63315 -0.335125)
(11.3813 3 -0.335)
(12.2579 7.16387e-17 -1.17)
(12.2579 4.60786e-17 -0.7525)
(12.2583 0.361741 -0.752457)
(12.2583 0.361767 -1.1699)
(12.2589 0.741916 -1.16961)
(12.2589 0.741613 -0.752343)
(12.26 1.5 -1.16885)
(12.2591 0.741917 -0.335003)
(12.2579 2.05117e-17 -0.335)
(12.2584 0.361768 -0.335005)
(11.8197 0.7457 -0.335032)
(11.3815 0.756688 -0.335181)
(11.3816 1.14345 -0.334899)
(11.8187 2.05126e-17 -0.335)
(11.8191 0.36315 -0.335023)
(11.3803 0.366851 -0.335134)
(11.3795 2.0513e-17 -0.335)
(12.2594 2.25839 -0.752344)
(12.2594 2.25808 -1.16961)
(12.2588 2.63826 -0.752457)
(12.2588 2.63823 -1.1699)
(12.2583 3 -1.17)
(12.2583 3 -0.7525)
(12.2594 2.25839 -1.58715)
(12.2597 2.25808 -2.00479)
(12.2616 1.5 -2.00437)
(12.2588 2.63826 -1.5874)
(12.2583 3 -1.58751)
(12.2588 2.63823 -2.005)
(12.2583 3 -2.00506)
(12.2575 3 -4.5)
(12.2575 2.83193 -4.5)
(12.2576 2.82532 -4.30836)
(12.2575 3 -4.31591)
(12.2575 2.2574 -4.5)
(12.2579 2.25678 -4.10019)
(12.2578 2.63606 -4.09871)
(12.2576 2.63837 -4.30481)
(12.2575 2.59936 -4.5)
(12.258 3 -3.67975)
(12.2576 3 -4.0579)
(12.2577 2.82296 -4.10126)
(12.2583 2.63765 -3.67973)
(12.2586 2.25724 -3.68069)
(12.6982 2.25831 -3.68029)
(12.6985 1.87861 -3.68158)
(12.2587 1.87749 -3.68211)
(12.2592 2.25809 -3.26062)
(12.6988 2.25927 -3.26035)
(12.262 1.5 -2.84205)
(12.2598 2.258 -2.84143)
(12.259 1.5 -3.68189)
(12.2586 2.6381 -3.25999)
(12.6981 2.63847 -3.25979)
(12.2588 2.63819 -2.84104)
(12.6976 2.63798 -3.67946)
(12.6967 2.63634 -4.09858)
(12.6974 2.25766 -4.09999)
(12.477 2.63612 -4.09865)
(12.6969 2.25808 -4.5)
(12.2578 1.87761 -4.10071)
(12.6977 1.87846 -4.10048)
(12.2578 1.5 -4.10078)
(12.6972 1.87843 -4.5)
(12.2573 1.87776 -4.5)
(12.2573 1.5 -4.5)
(12.2583 3 -2.8407)
(12.2582 3 -3.25947)
(12.2596 2.25836 -2.42283)
(12.2588 2.63825 -2.42281)
(12.2583 3 -2.42271)
(12.2583 0.36174 -1.5874)
(12.2579 9.72055e-17 -1.58751)
(12.2589 0.741613 -1.58714)
(12.2579 1.22772e-16 -2.00505)
(12.2584 0.361769 -2.00499)
(12.2593 0.741921 -2.00477)
(12.2591 0.741637 -2.42281)
(12.2584 0.361751 -2.42279)
(12.2594 0.741998 -2.84139)
(12.2579 1.73947e-16 -2.84069)
(12.2579 1.48346e-16 -2.42271)
(12.2584 0.361809 -2.84102)
(12.2583 0.361898 -3.25995)
(12.2579 1.99575e-16 -3.25945)
(12.2586 1.12251 -3.68209)
(12.2584 0.742758 -3.68065)
(12.2589 0.741912 -3.26057)
(12.2578 2.25297e-16 -3.67973)
(12.2581 0.362353 -3.67969)
(12.2573 1.12224 -4.5)
(12.2578 1.12239 -4.1007)
(12.2578 0.743216 -4.10017)
(12.2577 0.36394 -4.0987)
(12.2575 0.742597 -4.5)
(12.2575 3.59816e-16 -4.5)
(12.2575 2.70942e-16 -4.31591)
(12.2575 0.174683 -4.30836)
(12.2575 0.16807 -4.5)
(12.2575 0.40064 -4.5)
(12.2575 0.36163 -4.3048)
(12.2576 0.177042 -4.10125)
(12.2576 2.48499e-16 -4.0579)
(12.6982 0.361344 -1.16997)
(12.6977 7.16387e-17 -1.17)
(14 7.1642e-17 -1.17)
(13.807 7.16658e-17 -1.17)
(13.7991 0.174942 -1.17)
(14 0.168548 -1.17)
(13.14 0.740928 -1.16998)
(13.1416 1.12068 -1.16998)
(13.581 1.12098 -1.17)
(13.5804 0.741757 -1.17)
(13.1389 7.16658e-17 -1.17)
(13.139 0.361737 -1.17)
(13.5789 0.363605 -1.17)
(13.5816 0.177051 -1.17)
(13.5359 7.16658e-17 -1.17)
(14 0.741541 -1.17)
(14 0.400553 -1.17)
(13.7952 0.361589 -1.17)
(12.699 0.740335 -1.1699)
(14 1.5 -1.17)
(14 1.12118 -1.17)
(13.5811 1.5 -1.16999)
(13.5811 1.5 -0.752495)
(14 1.5 -0.7525)
(13.1414 1.5 -1.16986)
(13.142 1.5 -0.752468)
(13.1415 1.5 -0.334998)
(11.3832 1.5 0.0804199)
(11.3825 2.24333 0.0820658)
(11.3817 2.63316 0.0825482)
(11.3813 3 0.0825)
(12.6977 4.60786e-17 -0.7525)
(12.6983 0.361337 -0.752484)
(13.5804 0.741756 -0.752499)
(13.14 0.740922 -0.752487)
(13.139 0.361736 -0.752496)
(13.5789 0.363605 -0.752499)
(13.14 0.740927 -0.335005)
(13.5359 4.60786e-17 -0.7525)
(13.5816 0.177051 -0.7525)
(13.1389 4.60786e-17 -0.7525)
(14 0.400553 -0.7525)
(14 0.741541 -0.7525)
(13.7952 0.361589 -0.7525)
(12.699 0.740291 -0.752446)
(12.699 0.740334 -0.335006)
(13.7991 0.174942 -0.7525)
(14 4.60769e-17 -0.7525)
(14 0.168548 -0.7525)
(13.807 4.60786e-17 -0.7525)
(13.1416 1.12068 -0.335004)
(13.1417 1.12067 -0.752488)
(13.7991 0.174946 -0.96125)
(13.581 1.12098 -0.752499)
(14 5.88603e-17 -0.96125)
(13.5874 5.88722e-17 -0.96125)
(13.5789 0.363887 -0.96125)
(14 0.356483 -0.96125)
(13.5819 0.177689 -0.96125)
(13.7946 0.361384 -0.96125)
(14 0.168412 -0.96125)
(14 1.12118 -0.7525)
(13.8072 5.88722e-17 -0.96125)
(12.6983 0.361344 -0.335003)
(13.139 0.361737 -0.335002)
(13.1389 2.04914e-17 -0.335)
(12.6977 2.05185e-17 -0.335)
(11.3834 1.85655 0.0802752)
(11.3831 1.14345 0.0802671)
(11.3816 0.756673 0.0820497)
(11.3801 0.366845 0.082539)
(11.3795 -5.0517e-18 0.0825)
(13.1416 1.5 -2.00513)
(13.1417 1.12068 -2.0052)
(13.14 0.740939 -2.00515)
(12.699 0.740347 -2.00509)
(13.5804 0.741764 -2.00509)
(13.5789 0.363607 -2.00504)
(13.139 0.361741 -2.00509)
(14 1.22771e-16 -2.005)
(13.807 1.22732e-16 -2.005)
(13.7991 0.174942 -2.005)
(14 0.168548 -2.005)
(14 0.741543 -2.00503)
(14 0.400553 -2.00501)
(13.7952 0.36159 -2.00501)
(13.1389 1.22786e-16 -2.00503)
(13.5816 0.177052 -2.00501)
(13.5359 1.22786e-16 -2.00501)
(12.6983 0.361349 -2.00508)
(12.6977 1.22786e-16 -2.00505)
(13.581 1.12099 -2.00512)
(14 1.5 -2.00505)
(14 1.12118 -2.00504)
(13.5811 1.5 -2.00512)
(12.6993 2.25965 -2.00509)
(13.1401 2.25906 -2.00515)
(13.1417 1.87932 -2.0052)
(13.581 1.87901 -2.00512)
(12.6985 2.63865 -2.00509)
(14 3 -1.17)
(14 2.83145 -1.17)
(13.7991 2.82506 -1.17)
(13.807 3 -1.17)
(13.1401 2.25907 -1.58753)
(13.5804 2.25824 -1.58753)
(13.5804 2.25824 -2.00509)
(13.139 2.63826 -2.00509)
(13.139 2.63826 -1.58752)
(14 2.25846 -1.17)
(13.5804 2.25824 -1.17)
(13.5789 2.6364 -1.17)
(13.7952 2.63841 -1.17)
(14 2.59945 -1.17)
(14 2.25846 -1.58751)
(13.139 3 -1.17)
(13.5359 3 -1.17)
(13.5816 2.82295 -1.17)
(13.139 2.63826 -1.17)
(13.139 3 -1.58751)
(14 2.25846 -2.00503)
(13.139 3 -2.00503)
(13.1401 2.25907 -1.16998)
(14 1.87882 -2.00504)
(12.6978 3 -2.00505)
(13.139 0.361737 -1.58752)
(13.5789 0.363605 -1.58751)
(13.5804 0.741758 -1.58752)
(13.14 0.740925 -1.58753)
(13.5359 9.71987e-17 -1.5875)
(13.5816 0.177051 -1.5875)
(13.1389 9.71987e-17 -1.58751)
(14 0.400553 -1.5875)
(14 0.741541 -1.58751)
(13.7952 0.361589 -1.5875)
(13.7991 0.174942 -1.5875)
(14 9.72055e-17 -1.5875)
(14 0.168548 -1.5875)
(13.807 9.72529e-17 -1.5875)
(13.7991 0.174946 -1.79625)
(14 1.09989e-16 -1.79625)
(13.5789 0.363888 -1.79626)
(14 0.356483 -1.79625)
(13.5874 1.09938e-16 -1.79625)
(13.7946 0.361384 -1.79626)
(13.5819 0.177689 -1.79626)
(14 0.168412 -1.79625)
(13.8072 1.09938e-16 -1.79625)
(14 1.5 -1.58751)
(13.5811 1.5 -1.58753)
(12.699 0.740295 -1.58743)
(13.1417 1.12068 -1.58755)
(13.142 1.5 -1.58753)
(12.6982 0.361339 -1.58749)
(13.7991 0.174946 -1.37875)
(13.581 1.12098 -1.58753)
(14 8.44238e-17 -1.37875)
(13.5874 8.44593e-17 -1.37875)
(13.5789 0.363888 -1.37875)
(14 0.356483 -1.37875)
(13.5819 0.177689 -1.37875)
(13.7946 0.361384 -1.37875)
(14 1.12118 -1.58751)
(14 0.168412 -1.37875)
(13.8072 8.44593e-17 -1.37875)
(12.6977 9.71987e-17 -1.58751)
(13.581 1.87902 -1.58753)
(12.6985 2.63866 -1.58749)
(12.6992 2.25967 -1.1699)
(13.1417 1.87932 -1.16998)
(14 1.87882 -1.17)
(12.6978 3 -1.17)
(13.581 1.87902 -1.17)
(12.6985 2.63866 -1.16997)
(13.1417 1.87932 -1.58755)
(12.6992 2.25971 -1.58744)
(14 1.87882 -1.58751)
(12.6978 3 -1.58751)
(13.1338 3.59816e-16 -4.5)
(13.1349 2.70834e-16 -4.31562)
(13.1353 0.17476 -4.30812)
(13.1348 0.168195 -4.5)
(13.138 2.25297e-16 -3.67896)
(13.138 0.362307 -3.67886)
(13.1367 0.363846 -4.09817)
(13.1361 0.177066 -4.10074)
(13.136 2.48499e-16 -4.05742)
(13.1378 0.74212 -4.5)
(13.1359 0.400648 -4.5)
(13.136 0.361695 -4.30462)
(13.1378 0.742407 -4.09946)
(12.6975 0.36202 -3.67946)
(12.6971 2.25297e-16 -3.67957)
(12.6967 0.363657 -4.09858)
(12.9162 0.363862 -4.09847)
(12.6974 0.742343 -4.09999)
(12.477 0.363876 -4.09865)
(12.6969 0.74192 -4.5)
(13.1396 1.5 -3.68037)
(13.1394 1.12118 -3.6802)
(12.6984 1.12139 -3.68158)
(12.6986 1.5 -3.6818)
(13.1387 0.74176 -3.67956)
(13.1383 1.12146 -4.09984)
(13.1385 1.5 -4.5)
(13.1384 1.12158 -4.5)
(13.1385 1.5 -4.09993)
(12.6981 0.741688 -3.68029)
(12.6973 1.5 -4.5)
(12.6978 1.5 -4.10058)
(13.142 1.5 -2.42311)
(13.1415 1.5 -2.84147)
(14 1.5 -2.84061)
(13.581 1.5 -2.84099)
(13.5811 1.5 -2.42289)
(14 1.5 -2.42269)
(13.1415 1.87925 -2.84133)
(13.1399 2.25896 -2.84113)
(12.6991 2.25952 -2.84135)
(14 1.87879 -2.84057)
(13.5809 1.87896 -2.84092)
(12.6984 2.6386 -2.84098)
(12.6978 3 -2.84063)
(14 3 -2.84)
(13.807 3 -2.84004)
(13.7991 2.82505 -2.84008)
(14 2.83145 -2.84003)
(14 2.25841 -2.84043)
(14 2.59943 -2.84012)
(13.7952 2.6384 -2.84016)
(13.5789 2.63636 -2.84037)
(13.5804 2.25817 -2.84073)
(13.1389 3 -2.84047)
(13.1389 2.63821 -2.84076)
(13.5815 2.82294 -2.84017)
(13.5359 3 -2.84013)
(14 1.5 -3.67925)
(13.5802 1.5 -3.67919)
(14 1.5 -4.5)
(13.5354 1.5 -4.5)
(13.5784 1.5 -4.09796)
(14 1.5 -4.05691)
(13.1389 1.73906e-16 -2.84047)
(13.1398 0.741039 -2.84113)
(14 1.73899e-16 -2.84)
(14 0.741587 -2.84043)
(14 4.44089e-16 -4.5)
(14 0.745 -4.5)
(14 2.2503e-16 -3.675)
(14 0.742161 -3.67858)
(13.5773 0.364547 -4.09713)
(13.5783 1.12184 -4.0979)
(13.5787 0.363713 -3.25854)
(13.5789 0.363613 -2.42263)
(13.1389 0.361787 -2.84076)
(13.5359 1.73906e-16 -2.84014)
(13.1387 1.99547e-16 -3.25895)
(13.1389 1.48319e-16 -2.42263)
(13.5803 0.741831 -2.84073)
(13.1395 0.741242 -3.25991)
(13.1399 0.740959 -2.42296)
(14 0.400566 -2.84012)
(14 1.99464e-16 -3.2575)
(14 1.48336e-16 -2.4225)
(14 0.741718 -3.25882)
(14 0.741552 -2.42262)
(13.5719 3.59816e-16 -4.5)
(14 0.3675 -4.5)
(14 2.50593e-16 -4.0925)
(14 1.1225 -4.5)
(13.5797 0.742378 -3.67857)
(14 0.74348 -4.05649)
(13.5349 0.743437 -4.5)
(14 0.400932 -3.67691)
(13.5354 2.25189e-16 -3.67711)
(14 1.12154 -3.67913)
(13.578 0.743081 -4.09759)
(13.5783 0.363993 -3.67767)
(13.5801 1.12138 -3.67906)
(13.1386 0.3619 -3.25935)
(13.5802 0.741984 -3.25924)
(13.5789 0.363635 -2.84038)
(13.1389 0.361751 -2.42278)
(13.5804 0.741779 -2.42278)
(14 0.38119 -4.07818)
(14 1.12212 -4.05685)
(14 0.400622 -3.258)
(13.5579 2.498e-16 -4.07894)
(13.5358 1.99493e-16 -3.25804)
(13.5353 1.12213 -4.5)
(13.5576 0.380975 -4.5)
(14 0.400555 -2.42253)
(13.5359 1.48319e-16 -2.42253)
(14 3 -4.5)
(13.1388 2.25824 -3.67955)
(14 2.255 -4.5)
(13.1338 3 -4.5)
(14 3 -3.675)
(14 2.25784 -3.67857)
(13.1381 3 -3.67892)
(13.1378 2.25788 -4.5)
(13.5783 1.87816 -4.09789)
(13.5773 2.63544 -4.09701)
(13.5788 2.63629 -3.25853)
(14 1.8775 -4.5)
(12.6956 3 -4.5)
(14 2.6325 -4.5)
(13.5719 3 -4.5)
(14 3 -4.0925)
(14 3 -3.2575)
(13.1396 2.25876 -3.25991)
(13.5797 2.25762 -3.67856)
(13.138 2.63769 -3.67883)
(13.1378 2.25759 -4.09945)
(13.1394 1.87882 -3.6802)
(13.1384 1.87841 -4.5)
(14 2.25652 -4.05648)
(13.5349 2.25655 -4.5)
(14 1.87846 -3.67913)
(13.136 3 -4.05734)
(13.1359 2.59934 -4.5)
(12.6972 3 -3.67956)
(14 2.59907 -3.6769)
(13.5354 3 -3.67702)
(14 2.25828 -3.25882)
(13.1387 3 -3.25894)
(13.1383 1.87854 -4.09984)
(13.578 2.25691 -4.09757)
(13.5801 1.87862 -3.67906)
(13.1367 2.63615 -4.09812)
(13.5783 2.636 -3.67762)
(13.5802 2.25802 -3.25924)
(13.1387 2.6381 -3.25934)
(14 1.87787 -4.05685)
(12.6962 3 -4.05782)
(14 2.6188 -4.07818)
(14 2.59938 -3.258)
(13.5358 3 -3.25803)
(13.5579 3 -4.07853)
(12.6961 2.59959 -4.5)
(13.5575 2.61897 -4.5)
(13.5353 1.87787 -4.5)
(13.7973 0.175734 -4.30654)
(13.7983 1.31116 -4.30706)
(12.698 0.361534 -3.25978)
(13.5807 1.12114 -3.2596)
(12.6982 0.361355 -2.42285)
(13.581 1.121 -2.42286)
(13.3558 0.175035 -4.30775)
(13.7978 0.5543 -4.3066)
(13.7984 0.175353 -3.88639)
(13.7982 0.933249 -4.307)
(13.7991 0.174955 -3.0489)
(13.799 0.175011 -3.46692)
(13.7991 0.174948 -2.63129)
(13.7991 0.174947 -2.21376)
(13.7983 1.68884 -4.30706)
(12.4767 2.82537 -4.30835)
(13.7974 2.8242 -4.30597)
(13.5807 1.87886 -3.2596)
(13.7991 2.82504 -3.0489)
(13.7982 2.06675 -4.30699)
(12.9154 2.82535 -4.30825)
(13.7978 2.44568 -4.30658)
(13.3558 2.82496 -4.30762)
(13.7984 2.82464 -3.88625)
(13.799 2.82499 -3.4669)
(13.1412 1.5 -3.26035)
(13.1414 1.12075 -2.84133)
(14 1.5 -3.25925)
(14 1.12121 -2.84057)
(13.806 1.5 -4.5)
(14 1.5 -4.31431)
(14 1.31125 -4.5)
(14 1.68875 -4.5)
(13.5809 1.5 -4.30435)
(13.5868 1.31114 -4.5)
(13.5868 1.68886 -4.5)
(13.7949 1.5 -4.10022)
(13.5783 1.31102 -4.09776)
(13.5783 1.68898 -4.09776)
(14 1.31114 -4.10576)
(14 1.68886 -4.10576)
(12.6976 1.73933e-16 -2.84063)
(12.6989 0.740475 -2.84134)
(13.807 1.73906e-16 -2.84004)
(14 0.168548 -2.84004)
(14 1.86683e-16 -3.04875)
(14 1.61118e-16 -2.63125)
(13.7909 3.59816e-16 -4.5)
(14 0.17875 -4.5)
(14 2.64428e-16 -4.30125)
(13.3528 3.59816e-16 -4.5)
(14 0.55625 -4.5)
(14 0.93375 -4.5)
(14 0.744264 -4.31404)
(13.8058 0.744241 -4.5)
(14 2.12246e-16 -3.46625)
(14 2.37811e-16 -3.88375)
(14 0.168771 -3.67593)
(13.8066 2.2508e-16 -3.67603)
(14 1.35552e-16 -2.21375)
(13.3569 0.364322 -4.09777)
(13.5776 0.553715 -4.09717)
(13.578 0.364483 -3.88734)
(13.7942 0.363428 -4.09804)
(13.5787 0.177829 -4.09858)
(13.5784 0.363285 -4.30371)
(13.5782 0.932757 -4.09762)
(13.7949 1.12208 -4.10017)
(13.5809 1.12208 -4.30433)
(13.5787 0.364055 -3.46764)
(13.5789 0.363929 -3.04922)
(13.7952 0.361665 -3.25809)
(13.5814 0.177081 -3.25812)
(13.5789 0.363899 -2.6314)
(13.5789 0.363891 -2.2138)
(13.7952 0.361593 -2.42255)
(13.5816 0.177053 -2.42255)
(13.5815 0.177058 -2.84017)
(13.5873 1.867e-16 -3.04894)
(13.5874 1.61112e-16 -2.63129)
(13.7952 0.361605 -2.84017)
(14 0.356504 -3.04892)
(14 0.356486 -2.63129)
(14 0.168567 -3.25768)
(13.8069 1.99493e-16 -3.2577)
(14 0.168548 -2.42251)
(13.807 1.48319e-16 -2.42251)
(13.5769 2.69858e-16 -4.31364)
(13.5767 0.16997 -4.5)
(14 0.364275 -4.31224)
(13.8039 0.364167 -4.5)
(14 0.170328 -4.09666)
(13.8045 2.50884e-16 -4.09713)
(14 1.12236 -4.31429)
(13.806 1.12236 -4.5)
(13.3568 2.51426e-16 -4.10581)
(13.3566 0.357008 -4.5)
(13.7948 0.743451 -4.0998)
(14 0.553621 -4.1048)
(14 0.933135 -4.10563)
(13.5805 0.743428 -4.30422)
(13.5866 0.933121 -4.5)
(13.5857 0.553519 -4.5)
(13.795 0.361975 -3.67702)
(14 0.35732 -3.88706)
(14 0.356618 -3.46703)
(13.581 0.177186 -3.67715)
(13.5862 2.37982e-16 -3.88742)
(13.5872 2.12287e-16 -3.4671)
(14 0.356483 -2.21376)
(13.5874 1.35525e-16 -2.21376)
(12.4766 3 -4.5)
(14 2.82125 -4.5)
(13.7909 2.99967 -4.49641)
(14 3 -4.30125)
(14 3 -3.04875)
(14 2.06625 -4.5)
(14 2.44375 -4.5)
(14 2.25573 -4.31404)
(13.8058 2.25575 -4.5)
(12.9147 3 -4.5)
(13.3528 3 -4.5)
(13.1349 3 -4.31554)
(13.1348 2.83181 -4.5)
(14 3 -3.88375)
(14 3 -3.46625)
(14 2.83123 -3.67593)
(13.8066 3 -3.67595)
(13.5782 2.06724 -4.09762)
(13.7949 1.87792 -4.10016)
(13.5809 1.87792 -4.30433)
(12.9162 2.63614 -4.09844)
(12.6963 2.82302 -4.10116)
(12.6962 2.63856 -4.30477)
(13.5776 2.44627 -4.09713)
(13.3569 2.63567 -4.09767)
(13.578 2.63551 -3.88723)
(13.7942 2.63655 -4.09795)
(13.5786 2.82216 -4.09829)
(13.5784 2.63668 -4.30363)
(13.5787 2.63594 -3.46762)
(13.5789 2.63607 -3.04921)
(13.7952 2.63833 -3.25808)
(13.5815 2.82292 -3.2581)
(14 1.87764 -4.31429)
(13.806 1.87764 -4.5)
(12.4767 2.64372 -4.5)
(12.6958 3 -4.31588)
(12.6958 2.83201 -4.5)
(12.4768 3 -4.10686)
(14 2.6357 -4.31223)
(13.8039 2.63575 -4.5)
(13.5769 3 -4.313)
(13.5766 2.82993 -4.5)
(14 2.82965 -4.09665)
(13.8045 3 -4.09649)
(14 2.83143 -3.25768)
(13.8069 3 -3.25769)
(14 2.6435 -3.04892)
(13.5873 3 -3.04893)
(13.7948 2.25654 -4.09979)
(14 2.06686 -4.10563)
(14 2.44637 -4.1048)
(13.5805 2.25656 -4.30421)
(13.5857 2.44645 -4.5)
(13.5866 2.06688 -4.5)
(13.1361 2.82293 -4.10066)
(12.9156 3 -4.10668)
(13.3568 3 -4.10558)
(13.136 2.6383 -4.30459)
(12.9156 2.6437 -4.5)
(13.3566 2.64297 -4.5)
(13.795 2.63802 -3.67699)
(14 2.64267 -3.88705)
(14 2.64338 -3.46703)
(13.581 2.82281 -3.67706)
(13.5872 3 -3.46707)
(13.5862 3 -3.88719)
(13.5771 0.175593 -4.30698)
(13.7971 0.364215 -4.3061)
(13.7976 0.175801 -4.09713)
(13.7983 1.12226 -4.30703)
(13.5813 1.3111 -4.30367)
(13.7943 1.3111 -4.10049)
(13.7983 1.5 -4.30706)
(12.6986 0.740734 -3.26033)
(12.6982 0.361402 -2.84097)
(13.5819 0.177701 -3.04904)
(13.141 1.12088 -3.26023)
(13.5809 1.12104 -2.84092)
(13.5808 1.5 -3.25971)
(12.699 0.740335 -2.423)
(13.5819 0.177692 -2.63133)
(13.1417 1.1207 -2.42308)
(13.3568 0.177884 -4.10045)
(13.3567 0.36195 -4.30375)
(13.7939 0.553676 -4.09954)
(13.5802 0.553607 -4.3034)
(13.7981 0.743952 -4.30686)
(13.7941 0.362217 -3.88715)
(13.5807 0.177979 -3.8874)
(13.7988 0.175111 -3.6764)
(13.7942 0.932982 -4.10034)
(13.5811 0.932974 -4.30362)
(13.7946 0.361414 -3.04902)
(13.7991 0.174967 -3.25784)
(13.7991 0.174946 -2.84008)
(13.7945 0.361543 -3.46726)
(13.5817 0.177747 -3.46731)
(13.7946 0.36139 -2.63132)
(13.7991 0.174943 -2.42252)
(13.7946 0.361385 -2.21377)
(13.5819 0.177689 -2.21377)
(13.5813 1.6889 -4.30367)
(13.7983 1.87774 -4.30703)
(13.7943 1.6889 -4.10049)
(12.4768 2.63877 -4.30416)
(12.696 2.82538 -4.30832)
(12.4769 2.82238 -4.10158)
(13.7972 2.63574 -4.30601)
(13.5771 2.82437 -4.30668)
(13.7976 2.82418 -4.09682)
(13.141 1.87912 -3.26023)
(13.7991 2.82503 -3.25783)
(13.7946 2.63859 -3.04902)
(13.5819 2.8223 -3.04903)
(13.7942 2.06701 -4.10033)
(13.5811 2.06702 -4.30362)
(13.7981 2.25604 -4.30686)
(12.9158 2.82238 -4.10137)
(12.9158 2.63875 -4.30408)
(13.1353 2.82524 -4.30806)
(13.7939 2.44631 -4.09951)
(13.5802 2.44637 -4.30337)
(13.3568 2.82211 -4.10027)
(13.3567 2.63803 -4.30369)
(13.7941 2.63777 -3.88709)
(13.5807 2.82202 -3.88722)
(13.7988 2.82489 -3.67634)
(13.7945 2.63846 -3.46725)
(13.5817 2.82225 -3.46728)
(14 0.17318 -4.30895)
(14 1.3112 -4.31448)
(14 1.12129 -3.25916)
(14 0.168414 -3.04882)
(13.8006 2.6834e-16 -4.30999)
(13.8072 1.867e-16 -3.04883)
(12.6975 1.99575e-16 -3.25933)
(13.8062 1.3112 -4.5)
(13.8002 0.173268 -4.5)
(14 0.168411 -2.63126)
(12.6977 1.48346e-16 -2.42269)
(14 1.12119 -2.42267)
(13.8072 1.61112e-16 -2.63126)
(14 0.554721 -4.31373)
(14 0.169053 -3.8857)
(14 0.933441 -4.3144)
(14 0.168479 -3.46664)
(13.8063 2.37982e-16 -3.88591)
(13.3552 2.70725e-16 -4.31528)
(13.8071 2.12287e-16 -3.46668)
(13.8061 0.933432 -4.5)
(13.3551 0.168527 -4.5)
(13.8055 0.554668 -4.5)
(14 0.168412 -2.21375)
(13.8072 1.35525e-16 -2.21375)
(14 1.6888 -4.31448)
(12.4766 3 -4.3161)
(14 2.82677 -4.30892)
(14 2.83159 -3.04882)
(14 1.87871 -3.25916)
(12.6976 3 -3.25933)
(13.8072 3 -3.04882)
(13.8007 3 -4.30801)
(12.4766 2.83215 -4.5)
(13.8004 2.82652 -4.5)
(13.8062 1.6888 -4.5)
(14 2.06656 -4.3144)
(12.9152 3 -4.31599)
(14 2.83094 -3.88569)
(14 2.44527 -4.31372)
(14 2.83152 -3.46664)
(13.8071 3 -3.46665)
(13.3552 3 -4.31506)
(13.8063 3 -3.88569)
(12.9151 2.83212 -4.5)
(13.8055 2.4453 -4.5)
(13.355 2.83147 -4.5)
(13.8062 2.06656 -4.5)
(14 3 -2.005)
(13.5789 2.63639 -2.42263)
(13.5789 2.63639 -1.58751)
(14 3 -2.4225)
(14 3 -1.5875)
(13.14 2.25904 -2.42297)
(14 2.25845 -2.42262)
(13.139 3 -2.42263)
(14 2.59945 -2.00501)
(13.5359 3 -2.00501)
(13.5804 2.25822 -2.42278)
(13.139 2.63825 -2.42278)
(13.5789 2.63639 -2.00504)
(14 2.59944 -2.42253)
(14 2.59945 -1.5875)
(13.5359 3 -1.5875)
(13.5359 3 -2.42253)
(13.581 1.879 -2.42286)
(12.6984 2.63865 -2.42285)
(13.7991 2.82505 -2.63129)
(13.7991 2.82505 -1.37875)
(13.7991 2.82505 -2.21376)
(13.7991 2.82505 -1.79625)
(14 3 -1.37875)
(14 2.64352 -1.37875)
(13.579 2.63611 -1.37875)
(13.5874 3 -1.37875)
(14 3 -2.63125)
(14 3 -2.21375)
(14 3 -1.79625)
(14 2.83145 -2.005)
(13.807 3 -2.005)
(13.5789 2.6361 -2.6314)
(13.579 2.63611 -2.2138)
(13.7952 2.63841 -2.42255)
(13.5816 2.82295 -2.42255)
(13.579 2.63611 -1.79626)
(13.7952 2.63841 -1.5875)
(13.5816 2.82295 -1.5875)
(14 2.64351 -2.63129)
(13.5874 3 -2.63129)
(14 2.83145 -2.42251)
(13.807 3 -2.42251)
(14 2.83145 -1.5875)
(13.807 3 -1.5875)
(13.7952 2.63841 -2.00501)
(14 2.64352 -2.21376)
(14 2.64352 -1.79625)
(13.5816 2.82295 -2.00501)
(13.5874 3 -1.79625)
(13.5874 3 -2.21376)
(13.1417 1.8793 -2.42308)
(12.6992 2.25966 -2.42301)
(13.7946 2.63861 -2.63132)
(13.5819 2.82231 -2.63133)
(13.7991 2.82506 -2.42252)
(13.7991 2.82506 -1.5875)
(13.7946 2.63862 -1.37875)
(13.582 2.82231 -1.37875)
(13.7946 2.63861 -2.21377)
(13.5819 2.82231 -2.21377)
(13.7991 2.82506 -2.005)
(13.7946 2.63862 -1.79626)
(13.582 2.82231 -1.79626)
(14 1.87881 -2.42267)
(12.6978 3 -2.42269)
(14 2.83159 -2.63126)
(14 2.83159 -1.37875)
(13.8072 3 -1.37875)
(13.8072 3 -2.63126)
(14 2.83159 -2.21375)
(14 2.83159 -1.79625)
(13.8072 3 -1.79625)
(13.8072 3 -2.21375)
(12.6977 1.12154 -4.10048)
(12.6972 1.12157 -4.5)
(12.6956 3.59816e-16 -4.5)
(12.6962 2.48445e-16 -4.05783)
(12.6961 0.400407 -4.5)
(12.4767 0.174628 -4.30835)
(12.9154 0.174646 -4.30827)
(12.4766 3.59816e-16 -4.5)
(12.4767 2.51426e-16 -4.10686)
(12.4767 0.356283 -4.5)
(12.9147 3.59816e-16 -4.5)
(12.6963 0.176976 -4.10117)
(12.6962 0.361437 -4.30477)
(12.6958 2.70942e-16 -4.31589)
(12.6958 0.167989 -4.5)
(12.9156 2.51426e-16 -4.10672)
(12.9156 0.356295 -4.5)
(12.696 0.174621 -4.30833)
(12.4768 0.361231 -4.30416)
(12.4768 0.177618 -4.10158)
(12.9158 0.177623 -4.10141)
(12.9158 0.361247 -4.3041)
(12.4766 2.71051e-16 -4.3161)
(12.4766 0.167854 -4.5)
(12.9152 2.71051e-16 -4.31601)
(12.9151 0.167879 -4.5)
(11.3784 1.5 -1.16438)
(11.38 1.5 -1.58037)
(11.3876 1.5 -2.00066)
(11.392 1.5 -2.42025)
(11.3922 1.5 -2.84121)
(10.9586 1.49999 -2.84124)
(11.8181 1.5 -4.10101)
(11.8174 1.5 -4.5)
(11.3904 1.49999 -3.26289)
(11.3831 1.5 -3.68377)
(11.8198 1.5 -3.68297)
(11.3767 1.5 -4.5)
(11.3786 1.5 -4.10124)
(10.9398 1.49999 -4.10147)
(10.9357 1.5 -4.5)
(10.9466 1.49999 -3.68708)
(10.9567 1.49999 -3.26453)
(11.3794 1.5 -0.749248)
(10.517 1.49998 -2.84286)
(10.5064 1.49999 -2.62327)
(10.2882 1.49997 -2.62693)
(10.2932 1.49995 -2.84274)
(10.0709 1.50003 -2.842)
(10.0688 1.50003 -2.62944)
(10.5475 1.5 -4.5)
(10.5042 1.49999 -4.30353)
(10.2928 1.5 -4.30319)
(10.2928 1.5 -4.5)
(10.5059 1.49998 -4.09969)
(10.5079 1.49997 -3.69085)
(10.2892 1.49996 -3.68704)
(10.2894 1.50007 -3.89326)
(10.5069 1.49999 -3.89584)
(9.86355 1.49999 -4.30264)
(9.8562 1.49999 -4.09583)
(9.85191 1.50002 -3.88787)
(9.85016 1.50005 -3.6796)
(10.5111 1.49998 -3.48369)
(10.2908 1.49999 -3.4791)
(9.84994 1.50005 -3.47085)
(10.2909 1.49996 -4.0986)
(10.0837 1.5 -4.5)
(10.0811 1.50001 -4.30306)
(10.0754 1.50006 -4.0973)
(10.5185 1.49999 -3.26969)
(10.0701 1.49993 -3.68279)
(10.0717 1.5001 -3.89031)
(9.86763 1.5 -4.5)
(10.2942 1.50006 -3.2681)
(10.0704 1.5 -3.47428)
(10.0715 1.50014 -3.26452)
(9.85024 1.50014 -3.2615)
(10.5149 1.49998 -3.06488)
(10.2933 1.50004 -3.05934)
(10.0713 1.50004 -3.0547)
(9.84982 1.4999 -2.84124)
(9.85016 1.50013 -3.05181)
(9.84907 1.49978 -2.6306)
(11.8196 2.63646 -3.67995)
(11.8193 2.63506 -4.09879)
(11.6001 2.63449 -4.09878)
(11.3809 2.63237 -4.09897)
(11.3813 2.63325 -3.68055)
(11.8188 2.25405 -4.10035)
(11.3799 2.24705 -4.10066)
(12.0385 2.63571 -4.09872)
(11.8183 2.25515 -4.5)
(11.8195 3 -3.6798)
(11.3813 3 -3.67981)
(11.3789 2.24932 -4.5)
(10.9637 1.83406 -2.83981)
(10.9461 1.83631 -3.68926)
(10.9616 1.83451 -3.26227)
(10.9461 2.22393 -3.26576)
(10.9441 2.22537 -3.68705)
(10.9423 2.6242 -3.26284)
(10.9431 2.62446 -3.68301)
(10.943 2.625 -4.09955)
(10.9419 2.23094 -4.10125)
(10.9325 1.85157 -4.5)
(10.9396 1.84331 -4.10158)
(10.94 2.23626 -4.5)
(10.942 2.22354 -2.8347)
(10.9431 3 -3.25952)
(10.9431 3 -3.67981)
(10.9391 2.62417 -2.83679)
(10.9431 3 -2.84072)
(11.162 2.63115 -4.09895)
(11.8199 2.25431 -1.16918)
(11.3803 2.24333 -1.16772)
(11.3777 1.85657 -1.16407)
(11.8198 2.63685 -1.16977)
(11.8196 3 -1.17)
(11.3812 2.63316 -1.16948)
(11.3813 3 -1.17)
(11.3882 1.85658 -2.00069)
(11.3823 2.24336 -2.00192)
(11.8205 2.25431 -2.00405)
(11.8199 2.63686 -2.00471)
(11.8196 3 -2.00506)
(11.381 2.63317 -2.00387)
(11.3813 3 -2.00506)
(11.3809 2.63317 -1.58653)
(11.3803 2.24335 -1.58418)
(11.3794 1.85658 -1.58032)
(11.3813 3 -1.58751)
(11.8198 2.63686 -1.58716)
(11.82 2.25435 -1.58641)
(11.8196 3 -1.58751)
(11.3927 1.85693 -2.84062)
(11.3905 1.85806 -3.2623)
(11.383 1.86285 -3.68385)
(11.3787 1.86695 -4.10118)
(11.3766 1.86923 -4.5)
(11.8208 2.25432 -2.84101)
(11.3835 2.24354 -2.83974)
(11.8199 2.63685 -2.8409)
(11.8196 3 -2.84072)
(11.3813 3 -2.84072)
(11.381 2.63321 -2.84019)
(11.3818 2.24514 -3.68244)
(11.3837 2.24395 -3.26188)
(11.3815 2.63326 -3.26056)
(11.3813 3 -3.25952)
(11.8198 2.2539 -3.68115)
(11.8182 1.87488 -4.1009)
(11.8199 2.63679 -3.26013)
(11.8198 1.87391 -3.68275)
(11.8206 2.25432 -3.2609)
(11.8196 3 -3.25951)
(11.8175 1.87554 -4.5)
(11.3921 1.85665 -2.4203)
(11.3813 3 -2.42272)
(11.381 2.63319 -2.42157)
(11.3832 2.24341 -2.42012)
(11.8199 2.63686 -2.42253)
(11.8207 2.25436 -2.42214)
(11.8196 3 -2.42272)
(11.3794 1.85656 -0.749432)
(11.3814 2.24333 -0.751699)
(11.3816 2.63316 -0.752458)
(11.3813 3 -0.7525)
(11.8199 2.63686 -0.752421)
(11.8202 2.25435 -0.752156)
(11.8196 3 -0.7525)
(10.0681 1.63111 -2.62889)
(10.0708 1.63111 -2.84196)
(10.0707 1.8 -2.84184)
(10.067 1.8 -2.62815)
(10.0658 1.99549 -2.62752)
(10.0681 1.9955 -2.84021)
(9.84823 1.99546 -2.84021)
(9.84754 1.99546 -2.62971)
(9.84868 1.99545 -3.05104)
(9.84935 1.8 -2.84098)
(9.84962 1.8 -3.05164)
(9.85002 1.63113 -3.05184)
(9.84966 1.63108 -2.84112)
(10.5224 1.63128 -2.84254)
(10.5 1.8 -2.84)
(10.2944 1.63114 -2.84275)
(10.2966 1.8 -2.84251)
(10.4628 1.8 -4.1)
(10.434 1.80076 -4.30012)
(10.5 1.8 -4.48456)
(10.5 1.8 -3.2575)
(10.434 1.8 -3.5)
(10.4628 1.8 -3.7)
(10.076 1.8 -4.09881)
(10.0858 1.8 -4.30841)
(10.295 1.8 -4.30695)
(10.2903 1.8 -4.09941)
(10.3 1.8 -4.5)
(10.1 1.8 -4.5)
(10.0709 1.8 -3.26434)
(10.0698 1.8 -3.47426)
(10.2889 1.8 -3.48216)
(10.2959 1.8 -3.26768)
(10.2871 1.8 -3.68863)
(10.0689 1.8 -3.6827)
(10.434 1.8 -3.9)
(10.2887 1.8 -3.89435)
(10.0718 1.8 -3.88997)
(9.85197 1.8 -3.88736)
(9.85829 1.8 -4.09592)
(9.84954 1.8 -3.67927)
(9.87219 1.8 -4.30766)
(9.9 1.8 -4.5)
(9.85029 1.8 -3.26074)
(9.84945 1.8 -3.47018)
(10.434 1.8 -3.1)
(10.0709 1.8 -3.056)
(10.2934 1.8 -3.06527)
(10.2817 1.8 -2.62281)
(10.4014 1.8 -2.59861)
(11.3813 3 -4.5)
(11.381 2.83053 -4.5)
(11.3811 2.82427 -4.30836)
(11.3813 3 -4.31591)
(11.3813 3 -4.05792)
(11.3812 2.822 -4.10131)
(11.3808 2.63541 -4.30485)
(11.3805 2.59583 -4.5)
(10.2859 1.63115 -2.62514)
(10.499 1.63147 -2.61701)
(11.8194 3 -4.5)
(11.8194 3 -4.05792)
(11.819 2.59845 -4.5)
(12.0384 2.82524 -4.30836)
(11.6002 2.8248 -4.30836)
(12.0384 3 -4.5)
(11.6003 3 -4.5)
(11.8194 2.8227 -4.10128)
(11.8191 2.6376 -4.30482)
(12.0383 2.64336 -4.5)
(11.8194 3 -4.31591)
(11.8193 2.83159 -4.5)
(12.0385 3 -4.10689)
(11.6003 3 -4.10689)
(11.5999 2.64216 -4.5)
(12.0384 2.6384 -4.30418)
(11.8193 2.82505 -4.30837)
(12.0385 2.82226 -4.10162)
(11.6003 2.82187 -4.10164)
(11.6 2.63724 -4.3042)
(12.0385 3 -4.31611)
(12.0384 2.83199 -4.5)
(11.6003 3 -4.3161)
(11.6002 2.83144 -4.5)
(10.9425 2.58924 -4.5)
(10.943 2.62949 -4.30496)
(10.7252 2.62438 -4.30444)
(10.7248 2.6194 -4.09947)
(10.5304 2.59674 -4.5)
(10.5083 2.60837 -4.30564)
(10.7251 2.63074 -4.5)
(10.5065 2.60203 -4.10065)
(10.505 3 -4.5)
(10.505 3 -4.31587)
(10.5064 2.8167 -4.30838)
(10.5071 2.82156 -4.5)
(10.505 3 -3.67981)
(10.505 2.60301 -3.69145)
(10.5058 2.59475 -3.89737)
(10.5057 2.81501 -4.10158)
(10.505 3 -4.0579)
(10.505 3 -2.84072)
(10.4849 2.60296 -2.82138)
(10.521 1.99587 -3.26904)
(10.2924 1.99562 -3.26819)
(10.0644 2.20462 -3.26294)
(10.2827 2.20496 -3.2687)
(10.2801 2.4 -3.27142)
(10.0629 2.4 -3.26269)
(10.4867 2.20652 -2.82079)
(10.4874 2.20513 -3.03799)
(10.508 1.99578 -3.0693)
(10.516 1.99585 -2.83808)
(10.505 3 -3.25951)
(10.5008 2.60296 -3.27395)
(10.4826 2.59471 -3.0321)
(10.397 2.4 -2.80299)
(10.3871 2.4 -3.01295)
(9.84924 1.99546 -3.26093)
(10.0669 3 -3.25951)
(10.0634 2.59906 -3.26176)
(10.2801 2.59386 -3.26732)
(9.84608 2.4 -3.25946)
(9.84652 2.20455 -3.26001)
(9.84574 2.59279 -3.25958)
(10.5041 2.2066 -3.27758)
(10.0696 1.9955 -3.26421)
(10.434 2.4 -3.3)
(10.5529 2.21312 -4.5)
(10.5056 2.20682 -3.69473)
(9.62875 3 -4.5)
(10.0746 2.59794 -4.09919)
(10.5066 2.20795 -4.10072)
(10.0926 2.20456 -4.5)
(10.0684 2.20465 -3.68353)
(10.0669 3 -4.5)
(10.0669 3 -3.6798)
(9.62875 3 -4.05787)
(9.64617 2.61033 -4.5)
(10.0765 2.20487 -4.09857)
(9.63139 2.59767 -4.09616)
(10.0677 2.59911 -3.68285)
(10.0669 3 -4.05789)
(10.0855 2.61081 -4.5)
(10.2963 2.4 -4.30949)
(10.2888 1.99559 -3.48119)
(10.2843 2.4 -3.48377)
(10.2955 1.99966 -4.3045)
(10.2889 1.99582 -3.89436)
(9.8521 1.99563 -3.88786)
(9.87032 1.99896 -4.30422)
(9.40474 2.4 -3.88463)
(9.40352 2.81443 -4.30781)
(9.37911 2.4 -4.30056)
(10.2884 2.4 -3.89508)
(10.2891 2.81537 -4.30849)
(9.85187 2.4 -3.88789)
(9.85317 2.81445 -4.30826)
(9.87225 2.4 -4.30818)
(9.84914 1.99547 -3.47059)
(9.84732 2.4 -3.47011)
(10.4966 2.007 -4.5)
(10.5081 2.20771 -4.30583)
(10.4817 2.4 -4.5)
(10.2988 2.20643 -4.5)
(10.506 2.20549 -3.898)
(10.5061 1.99597 -3.69525)
(10.434 2.4 -3.7)
(10.5053 2.2052 -3.4907)
(10.2868 2.20503 -3.68931)
(10.2859 3 -4.5)
(9.84912 2.20458 -3.67963)
(9.84781 3 -4.5)
(9.40969 3 -4.5)
(9.62876 3 -4.31583)
(9.63284 2.81803 -4.5)
(9.88054 2.20408 -4.5)
(9.7 2.4 -4.5)
(10.0764 1.99631 -4.0982)
(9.4001 2.59754 -4.09475)
(10.0762 2.4 -4.09923)
(9.85589 2.59761 -4.09763)
(10.0706 2.59305 -3.89116)
(10.2906 2.59863 -4.10053)
(10.0693 2.81333 -4.10132)
(10.0814 2.60292 -4.30572)
(10.0656 2.59298 -3.47434)
(10.2916 2.20548 -4.10012)
(10.5064 1.99716 -4.10012)
(10.434 2.4 -4.1)
(10.296 2.61209 -4.5)
(10.086 2.205 -4.30518)
(10.1 2.4 -4.5)
(10.0924 2.0048 -4.5)
(10.2863 2.594 -3.68862)
(10.5038 2.59475 -3.4895)
(10.0713 2.20469 -3.89109)
(10.0692 1.99554 -3.68316)
(10.0679 2.4 -3.68337)
(10.0665 2.20461 -3.47471)
(10.2859 3 -4.10686)
(10.0669 3 -4.31586)
(10.0749 2.81839 -4.5)
(9.62923 2.59285 -3.88652)
(9.84877 2.59294 -3.67962)
(9.85794 2.20472 -4.09668)
(9.63299 2.4 -4.09534)
(9.62933 2.81318 -4.1007)
(9.40969 3 -4.10683)
(9.84782 3 -4.10685)
(9.63828 2.60242 -4.30417)
(9.37993 2.61017 -4.5)
(9.87187 2.61036 -4.5)
(10.4264 2.4 -4.30865)
(10.2965 2.20588 -4.30561)
(10.2912 2.4 -4.10067)
(10.2944 2.60384 -4.30605)
(10.086 2.4 -4.3089)
(10.2854 2.20479 -3.48199)
(10.5084 1.99581 -3.48943)
(10.2877 1.99567 -3.6887)
(10.0691 1.9955 -3.4746)
(10.4229 2.4 -3.5)
(10.2863 2.4 -3.69019)
(10.2841 2.59208 -3.48151)
(10.0656 2.4 -3.47473)
(10.5054 2.00121 -4.3028)
(10.5061 1.9961 -3.89793)
(10.2912 1.99658 -4.09943)
(10.0858 1.99912 -4.30484)
(10.0717 1.99568 -3.89062)
(10.2887 2.20495 -3.89481)
(9.85792 1.99624 -4.09621)
(9.85193 2.20462 -3.88817)
(9.84966 1.9955 -3.67956)
(9.87035 2.20469 -4.3045)
(9.4048 2.5921 -3.88523)
(9.39763 2.4 -4.09317)
(9.62959 2.4 -3.88593)
(9.40679 2.81256 -4.10077)
(9.38955 2.60249 -4.30236)
(9.6308 2.8146 -4.308)
(9.64601 2.4 -4.30623)
(10.2883 2.59284 -3.89472)
(10.0709 2.4 -3.89092)
(10.4229 2.4 -3.9)
(10.2876 2.81318 -4.10192)
(10.0719 2.81471 -4.30831)
(9.8514 2.59216 -3.88843)
(9.85834 2.4 -4.09705)
(9.84893 2.4 -3.67932)
(9.85019 2.8126 -4.10138)
(9.86507 2.6026 -4.30518)
(9.84768 2.20455 -3.47045)
(9.84715 2.59137 -3.47031)
(10.2859 3 -4.31606)
(10.2909 2.81933 -4.5)
(9.40969 3 -4.31601)
(9.84782 3 -4.31604)
(9.39952 2.81813 -4.5)
(9.3103 2.4 -4.4897)
(10.3 2.4 -4.5)
(9.9 2.4 -4.5)
(9.8568 2.81807 -4.5)
(9.88048 2.00448 -4.5)
(10.2975 2.0056 -4.5)
(10.06 2.20463 -2.83477)
(10.0669 3 -2.84072)
(10.0592 2.59904 -2.83455)
(10.2821 1.99558 -2.6229)
(10.2716 2.4 -2.61726)
(9.84391 2.4 -2.62758)
(10.2894 1.99559 -3.05904)
(10.2696 2.4 -3.0403)
(9.844 2.4 -3.04788)
(9.84438 2.20456 -2.83771)
(9.84345 2.59279 -2.8372)
(10.4863 2.20513 -2.61086)
(10.0602 2.2046 -2.62427)
(10.2735 2.20494 -2.82907)
(10.0576 2.4 -2.83306)
(10.0613 2.2046 -3.04794)
(10.4841 2.59473 -2.6108)
(10.2703 2.59385 -2.82723)
(10.0588 2.59296 -2.62375)
(10.0593 2.59296 -3.04636)
(10.4939 1.99579 -2.61384)
(10.274 2.20477 -2.61851)
(10.2898 1.99561 -2.83967)
(9.84442 2.20455 -2.62787)
(10.3958 2.4 -2.6042)
(10.2716 2.59205 -2.61757)
(10.0588 2.4 -2.6234)
(10.2677 2.4 -2.82467)
(9.84352 2.59134 -2.62744)
(9.84347 2.4 -2.83707)
(10.0688 1.99549 -3.05378)
(10.2754 2.20477 -3.04535)
(9.84503 2.20455 -3.04863)
(10.2716 2.59204 -3.04195)
(10.0589 2.4 -3.04604)
(9.84394 2.59133 -3.0479)
(10.9431 3 -4.5)
(10.9431 3 -4.05791)
(10.7246 2.82015 -4.30834)
(11.1621 2.82355 -4.30835)
(10.7241 3 -4.5)
(11.1622 3 -4.5)
(10.9432 2.82002 -4.1014)
(10.7241 3 -4.10687)
(10.9431 3 -4.31589)
(10.9431 2.82762 -4.5)
(11.1622 3 -4.10688)
(11.1617 2.63881 -4.5)
(10.7244 2.81764 -4.10178)
(10.9432 2.82212 -4.30835)
(11.1621 2.82081 -4.10168)
(11.1619 2.63402 -4.30424)
(10.7241 3 -4.31607)
(10.7248 2.82564 -4.5)
(11.1622 3 -4.31609)
(11.162 2.82979 -4.5)
(9.85024 1.63114 -3.26131)
(10.2952 1.63116 -3.26845)
(10.5245 1.63129 -3.26858)
(10.0714 1.63114 -3.26468)
(10.2935 1.63892 -4.30434)
(10.2891 1.63149 -3.89396)
(9.86745 1.63883 -4.30421)
(9.85205 1.63141 -3.88776)
(10.2903 1.63119 -3.48066)
(9.84975 1.63113 -3.47069)
(10.4936 1.64992 -4.5)
(10.5068 1.63137 -3.69437)
(10.0758 1.6327 -4.09794)
(10.506 1.63296 -4.09976)
(10.0879 1.6498 -4.5)
(10.0697 1.63116 -3.68296)
(10.5039 1.63972 -4.30252)
(10.2908 1.63272 -4.09909)
(10.0833 1.63886 -4.30477)
(10.5063 1.63177 -3.89737)
(10.5101 1.63144 -3.48823)
(10.0717 1.63145 -3.8904)
(10.2884 1.63121 -3.68817)
(9.85721 1.63265 -4.09605)
(9.84994 1.63117 -3.67954)
(10.0702 1.63112 -3.47453)
(10.2941 1.64979 -4.5)
(9.8753 1.64983 -4.5)
(10.5138 1.63144 -3.07372)
(10.2935 1.63116 -3.0619)
(10.0713 1.63111 -3.05534)
(9.84882 1.63107 -2.63045)
(9.84863 1.8 -2.6304)
(10.9399 1.48342e-16 -2.42261)
(10.9374 0.375869 -2.41786)
(10.9371 0.375828 -2.83641)
(10.9399 1.73923e-16 -2.84037)
(10.9635 1.16593 -2.83975)
(10.9412 0.776458 -2.83444)
(10.9414 0.776559 -2.41444)
(10.9628 1.16605 -2.4199)
(10.9325 1.14843 -4.5)
(10.94 0.763752 -4.5)
(10.9416 0.769065 -4.10101)
(10.9395 1.15669 -4.10154)
(10.9423 0.410786 -4.5)
(10.9425 0.370542 -4.30443)
(10.9421 0.375016 -4.09842)
(10.9415 0.375548 -3.68189)
(10.9436 0.774629 -3.68667)
(10.9412 2.48337e-16 -4.05571)
(10.9404 2.25216e-16 -3.67802)
(10.9417 0.179993 -4.09941)
(10.9424 0.177904 -4.30719)
(10.9431 4.15338e-16 -4.5)
(10.942 2.76146e-16 -4.31416)
(10.9429 0.172414 -4.5)
(10.946 1.16369 -3.68918)
(10.9614 1.16548 -3.26219)
(10.9403 0.375797 -3.26216)
(10.9401 1.99534e-16 -3.25861)
(10.9455 0.776066 -3.26544)
(11.8191 0.745694 -1.16917)
(11.8189 0.363148 -1.16976)
(11.3773 1.14343 -1.16407)
(11.3793 0.756669 -1.1677)
(11.3791 1.14342 -1.58031)
(11.3794 0.75665 -1.58415)
(11.3796 0.366842 -1.16947)
(11.8187 7.1642e-17 -1.17)
(11.3795 7.1642e-17 -1.17)
(11.3793 0.366834 -1.58651)
(11.3795 9.72072e-17 -1.58751)
(11.8201 0.745675 -2.84093)
(11.3826 0.756455 -2.83958)
(11.3923 1.14307 -2.84055)
(11.3795 1.73933e-16 -2.84059)
(11.3795 0.366787 -2.84001)
(11.819 0.363153 -2.84082)
(11.8187 1.7394e-16 -2.84068)
(11.3814 0.756644 -2.00187)
(11.3794 0.366828 -2.00383)
(11.3795 1.22773e-16 -2.00505)
(11.3878 1.14342 -2.00066)
(11.8197 0.745687 -2.00402)
(11.8189 0.363145 -2.0047)
(11.8187 1.22774e-16 -2.00505)
(11.3794 0.366813 -2.42148)
(11.3795 1.48346e-16 -2.42268)
(11.3823 0.75659 -2.42002)
(11.3917 1.14335 -2.42025)
(11.819 0.363137 -2.42249)
(11.8199 0.745637 -2.42209)
(11.8187 1.48349e-16 -2.4227)
(11.8188 0.363139 -1.58716)
(11.8192 0.745647 -1.58639)
(11.8187 9.72072e-17 -1.58751)
(11.3813 0.754862 -3.68221)
(11.3812 3.59816e-16 -4.5)
(11.3799 2.25297e-16 -3.6793)
(11.3789 0.750685 -4.5)
(11.8191 0.364937 -4.09872)
(11.8194 3.59816e-16 -4.5)
(11.8195 0.746097 -3.68105)
(11.3803 0.366756 -3.68009)
(11.3797 0.752951 -4.10054)
(11.3806 2.48445e-16 -4.05757)
(11.3804 0.404181 -4.5)
(11.8183 0.744854 -4.5)
(11.8189 2.25297e-16 -3.67968)
(11.3804 0.367637 -4.09866)
(11.8186 0.745946 -4.10031)
(11.8191 0.363536 -3.6798)
(11.8192 2.48499e-16 -4.05787)
(11.819 0.401552 -4.5)
(12.0384 0.174764 -4.30835)
(11.8182 1.12512 -4.10089)
(11.8191 0.363209 -3.26001)
(11.1617 0.17646 -4.30789)
(11.6001 0.175201 -4.30829)
(12.0384 3.59816e-16 -4.5)
(12.0384 2.51481e-16 -4.10688)
(12.0384 0.364287 -4.09869)
(12.0383 0.356645 -4.5)
(11.3796 1.99575e-16 -3.2592)
(11.3829 0.756045 -3.26166)
(11.3828 1.13715 -3.68378)
(11.1622 3.75749e-16 -4.5)
(11.6003 3.59816e-16 -4.5)
(11.3809 2.70834e-16 -4.3157)
(11.381 0.169472 -4.5)
(11.3766 1.13077 -4.5)
(11.1613 0.368859 -4.09831)
(11.5999 0.365508 -4.09864)
(11.8192 0.177295 -4.10122)
(11.8191 0.3624 -4.3048)
(11.8193 2.70942e-16 -4.31589)
(11.8193 0.168408 -4.5)
(11.3806 0.178005 -4.10095)
(11.1612 2.51426e-16 -4.10599)
(11.6 2.51481e-16 -4.10678)
(11.3806 0.364599 -4.30473)
(11.1616 0.361205 -4.5)
(11.5999 0.357839 -4.5)
(11.8192 0.174948 -4.30834)
(12.0383 0.361599 -4.30417)
(12.0384 0.177744 -4.1016)
(11.3786 1.13305 -4.10115)
(11.8197 1.12609 -3.6827)
(11.3801 0.366745 -3.26023)
(11.82 0.745682 -3.26078)
(11.3903 1.14193 -3.26221)
(11.1613 0.179195 -4.10079)
(11.1616 0.365998 -4.30397)
(11.3809 0.175734 -4.30818)
(11.6 0.178126 -4.1015)
(11.5999 0.362763 -4.30415)
(12.0384 2.71051e-16 -4.3161)
(11.8188 1.99575e-16 -3.25942)
(11.8175 1.12446 -4.5)
(12.0384 0.168015 -4.5)
(11.1616 2.70725e-16 -4.31549)
(11.162 0.170227 -4.5)
(11.6002 2.71051e-16 -4.31604)
(11.6001 0.168561 -4.5)
(11.38 0.366846 -0.752458)
(11.3795 4.60777e-17 -0.7525)
(11.3804 0.756674 -0.751698)
(11.379 1.14344 -0.749431)
(11.819 0.363143 -0.752421)
(11.8194 0.745655 -0.752155)
(11.8187 4.60777e-17 -0.7525)
(10.072 1.2 -2.84182)
(9.84906 1.2 -2.84123)
(9.84881 1.2 -2.63082)
(10.0673 1.2 -2.62919)
(10.0712 1.36891 -2.84194)
(10.0684 1.3689 -2.62928)
(9.84952 1.2 -3.0508)
(9.84989 1.36893 -3.05147)
(9.84962 1.36889 -2.84125)
(10.5 -1.20399e-16 -2.84)
(10.0628 -1.20421e-16 -2.84036)
(10.0582 0.400954 -2.83359)
(10.2697 0.406156 -2.82575)
(10.4836 0.397042 -2.82084)
(10.4865 0.793481 -2.82041)
(10.2735 0.795058 -2.8278)
(10.2899 1.00439 -2.83925)
(10.516 1.00415 -2.83791)
(10.397 0.6 -2.80299)
(10.2679 0.6 -2.82251)
(9.84301 0.407213 -2.83661)
(9.84431 0.795448 -2.83723)
(9.84343 0.6 -2.83644)
(9.84817 1.00454 -2.84023)
(10.5 1.2 -2.84)
(10.2967 1.2 -2.84203)
(10.0599 0.795376 -2.83389)
(10.0685 1.0045 -2.83998)
(10.0575 0.6 -2.83191)
(10.5224 1.36871 -2.8425)
(10.2944 1.36885 -2.84258)
(10.2827 1.2 -2.62309)
(10.4014 1.2 -2.59861)
(10.294 1.2 -2.41772)
(10.5 1.2 -2.4225)
(10.4101 1.2 -2.18986)
(10.2836 1.2 -2.20498)
(10.4877 0.397048 -2.40629)
(10.5 -9.48342e-17 -2.4225)
(10.4901 0.793485 -2.40387)
(10.2694 0.6 -2.61505)
(9.84335 0.6 -2.6271)
(10.2754 0.6 -2.20215)
(10.2825 1.00441 -2.62278)
(9.84759 1.00454 -2.62985)
(10.2835 1.00443 -2.20465)
(10.4833 0.405272 -2.6103)
(10.4058 0.6 -2.39424)
(10.4897 0.405276 -2.1987)
(10.272 0.406155 -2.40879)
(10.486 0.794869 -2.61049)
(10.4919 0.794868 -2.19799)
(10.5144 1.00415 -2.41358)
(10.2749 0.795062 -2.40915)
(10.0576 0.407042 -2.62278)
(10.0595 0.795398 -2.62349)
(10.2701 0.407955 -2.6161)
(9.84285 0.408668 -2.62693)
(10.0577 0.6 -2.62237)
(10.2705 0.6 -2.40671)
(10.273 0.795234 -2.61728)
(10.3958 0.6 -2.6042)
(10.2749 0.407958 -2.20234)
(9.84408 0.795461 -2.62748)
(10.277 0.795228 -2.20246)
(10.4046 0.6 -2.19545)
(10.0659 1.00451 -2.62774)
(10.2879 1.00438 -2.41512)
(10.4939 1.00421 -2.61372)
(10.4978 1.00422 -2.19892)
(10.4991 1.36853 -2.61703)
(10.5195 1.36871 -2.41627)
(10.2915 1.36886 -2.41706)
(10.2864 1.36884 -2.62526)
(10.2862 1.36884 -2.20582)
(10.5015 1.36854 -2.20054)
(10.0714 1.36892 -3.264)
(10.2948 1.36886 -3.26754)
(9.85 1.36893 -3.26114)
(10.0711 1.2 -3.26317)
(10.295 1.2 -3.26568)
(10.5 1.2 -3.2575)
(10.5244 1.36871 -3.26838)
(9.84963 1.2 -3.26064)
(10.5055 0.793184 -3.69447)
(10.2868 0.794973 -3.6886)
(10.2862 0.6 -3.68918)
(10.434 0.6 -3.7)
(10.5 -1.71528e-16 -3.675)
(10.5038 0.396992 -3.69022)
(10.2858 0.406012 -3.68765)
(10.067 0.400892 -3.68205)
(10.0636 -1.71711e-16 -3.67788)
(9.84889 0.6 -3.67879)
(9.84913 0.795423 -3.67926)
(9.84849 0.407059 -3.67917)
(10.5062 1.00403 -3.69497)
(10.2882 1.00434 -3.68783)
(9.84982 1.0045 -3.67917)
(10.5084 1.00419 -3.48911)
(10.2887 1.00441 -3.48019)
(9.84923 1.00453 -3.47036)
(10.0696 1.0045 -3.26336)
(10.2921 1.00439 -3.2671)
(10.5209 1.00414 -3.26872)
(10.4628 1.2 -3.7)
(10.434 1.2 -3.5)
(10.0683 0.795349 -3.68302)
(10.0678 0.6 -3.68289)
(10.0695 1.00445 -3.68267)
(10.069 1.0045 -3.47387)
(9.84899 1.00454 -3.26065)
(10.5 -2.22045e-16 -4.5)
(10.5529 0.786887 -4.5)
(10.0742 0.402077 -4.09844)
(10.0761 1.2 -4.09849)
(10.5299 0.403342 -4.5)
(10.5 -1.9436e-16 -4.04788)
(10.0669 -4.44089e-16 -4.5)
(10.5066 0.792061 -4.10057)
(10.5 1.2 -4.48456)
(10.0926 0.795443 -4.5)
(10.0765 0.795119 -4.09827)
(10.5057 0.397966 -4.09921)
(10.0695 1.2 -3.68234)
(10.4628 1.2 -4.1)
(10.0648 -1.94831e-16 -4.05526)
(10.1 1.2 -4.5)
(10.0853 0.389267 -4.5)
(10.2875 0.184888 -4.30511)
(10.2953 1.0003 -4.30449)
(10.7231 0.179909 -4.30557)
(10.2961 0.6 -4.3092)
(10.2882 0.6 -3.89392)
(9.85181 0.6 -3.88772)
(9.85267 0.185577 -4.30769)
(9.8723 0.6 -4.30783)
(10.289 1.00417 -3.89368)
(10.2934 1.36107 -4.30438)
(10.2891 1.36854 -3.89339)
(9.85211 1.00435 -3.88778)
(9.86734 1.36113 -4.3042)
(9.85206 1.3686 -3.88774)
(9.87023 1.00114 -4.30422)
(10.2901 1.36881 -3.47982)
(9.84985 1.36889 -3.47056)
(10.5057 0.178619 -4.5)
(10.5 -2.09875e-16 -4.30125)
(10.2859 0.000327831 -4.49641)
(10.7241 3.59816e-16 -4.5)
(10.4817 0.6 -4.5)
(10.5079 0.792307 -4.30573)
(10.4966 0.992997 -4.5)
(10.2988 0.793576 -4.5)
(10.506 0.794516 -3.89778)
(10.4936 1.35008 -4.5)
(10.5069 1.36862 -3.69418)
(9.84781 -4.44089e-16 -4.5)
(9.88053 0.795919 -4.5)
(9.85559 0.402397 -4.09733)
(10.0763 0.6 -4.09878)
(10.0704 0.406954 -3.89053)
(10.29 0.401358 -4.09927)
(10.0678 0.186667 -4.09908)
(10.0811 0.397215 -4.30534)
(10.0764 1.00368 -4.09802)
(9.85837 1.2 -4.09696)
(10.0714 1.2 -3.88995)
(10.2909 1.2 -4.09945)
(10.0856 1.2 -4.30801)
(10.0758 1.36733 -4.09783)
(10.0694 1.2 -3.47331)
(10.7236 0.380628 -4.09748)
(10.5074 0.391667 -4.30455)
(10.2957 0.388034 -4.5)
(10.7247 0.369321 -4.5)
(10.5026 0.18502 -4.09523)
(10.2828 -1.97596e-16 -4.10066)
(10.7211 2.51155e-16 -4.10146)
(10.0655 -2.25622e-16 -4.31348)
(10.0746 0.181731 -4.5)
(10.2916 0.794525 -4.09973)
(10.434 0.6 -4.1)
(10.5064 1.00284 -4.10003)
(10.434 1.19924 -4.30012)
(10.3 1.2 -4.5)
(10.0859 0.795019 -4.30508)
(10.0924 0.995206 -4.5)
(10.1 0.6 -4.5)
(10.5054 0.405252 -3.89666)
(10.2884 1.2 -3.68722)
(10.434 1.2 -3.9)
(10.0712 0.7953 -3.89066)
(10.506 1.36702 -4.09973)
(10.0879 1.3502 -4.5)
(10.0699 1.36883 -3.68259)
(9.84985 1.2 -3.67868)
(9.85786 0.795259 -4.09665)
(9.8466 -1.97921e-16 -4.10571)
(9.87181 0.389666 -4.5)
(9.9 1.2 -4.5)
(10.5038 0.183402 -4.30275)
(10.2939 0.396038 -4.30528)
(10.2853 0.186863 -4.09743)
(10.0709 0.185244 -4.30689)
(10.5053 0.998787 -4.30278)
(10.2964 0.794191 -4.30545)
(10.2914 1.00341 -4.09927)
(10.2944 1.2 -4.30713)
(10.0857 1.00087 -4.30469)
(10.7244 0.375662 -4.30345)
(10.7221 0.182381 -4.09765)
(10.5061 1.0039 -3.89771)
(10.5038 1.36025 -4.30252)
(10.5063 1.36822 -3.89723)
(10.51 1.36855 -3.48801)
(10.2911 0.6 -4.10006)
(10.086 0.6 -4.30886)
(10.4259 0.6 -4.30845)
(10.288 0.407167 -3.89374)
(10.0708 0.6 -3.89043)
(10.2887 0.79505 -3.89411)
(10.4229 0.6 -3.9)
(9.85119 0.407846 -3.88812)
(9.85813 0.6 -4.0971)
(9.85187 0.795374 -3.88798)
(9.84922 0.187405 -4.10038)
(9.86492 0.397396 -4.30494)
(9.87033 0.795211 -4.30438)
(10.2886 1.2 -3.89308)
(10.0716 1.0043 -3.89036)
(10.291 1.36726 -4.09901)
(10.0832 1.36117 -4.30466)
(10.0716 1.3686 -3.89024)
(10.2888 1.36878 -3.68744)
(9.85199 1.2 -3.88733)
(9.85792 1.00378 -4.09652)
(9.85721 1.36734 -4.09638)
(9.87208 1.2 -4.30759)
(9.8501 1.36885 -3.67923)
(10.2884 1.2 -3.4806)
(10.07 1.36889 -3.47394)
(9.84977 1.2 -3.47027)
(10.2835 -2.20418e-16 -4.30909)
(10.2941 1.35021 -4.5)
(10.2903 0.180886 -4.5)
(10.7219 2.68665e-16 -4.31108)
(10.7243 0.174423 -4.5)
(9.84713 -2.27574e-16 -4.31521)
(10.2975 0.994405 -4.5)
(9.88048 0.995518 -4.5)
(9.8753 1.35017 -4.5)
(9.85671 0.18194 -4.5)
(9.9 0.6 -4.5)
(10.3 0.6 -4.5)
(10.2917 1.2 -3.06539)
(10.434 1.2 -3.1)
(10.5136 1.36855 -3.07365)
(10.0705 1.2 -3.05509)
(10.0627 0.40095 -3.26104)
(10.5 -1.45964e-16 -3.2575)
(10.5041 0.793403 -3.27727)
(10.0645 0.795369 -3.26226)
(10.4997 0.397031 -3.27326)
(10.063 -1.46028e-16 -3.25857)
(10.2888 1.00441 -3.05858)
(10.2704 0.6 -3.03791)
(10.2845 0.6 -3.48313)
(9.84728 0.6 -3.46974)
(9.84432 0.6 -3.04733)
(9.84856 1.00453 -3.05055)
(10.4874 0.79487 -3.0376)
(10.5053 0.794797 -3.49045)
(10.0653 0.407024 -3.47369)
(9.84537 0.407207 -3.25915)
(10.0631 0.6 -3.26211)
(10.2801 0.406169 -3.2664)
(10.0592 0.407046 -3.04533)
(10.4822 0.405284 -3.03153)
(10.283 0.795035 -3.26786)
(10.434 0.6 -3.3)
(10.0614 0.795387 -3.04699)
(10.5033 0.405245 -3.48899)
(10.0665 0.795387 -3.47412)
(9.84644 0.795442 -3.25963)
(10.2718 0.407959 -3.04048)
(10.5079 1.00422 -3.06908)
(10.2756 0.795227 -3.04403)
(10.0686 1.0045 -3.05311)
(10.3871 0.6 -3.01295)
(10.4229 0.6 -3.5)
(10.281 0.6 -3.27045)
(10.0592 0.6 -3.04484)
(10.2839 0.407931 -3.48078)
(10.0656 0.6 -3.4741)
(10.2855 0.795211 -3.48135)
(9.84694 0.40863 -3.46991)
(9.84586 0.6 -3.25914)
(9.84766 0.795449 -3.4701)
(9.84384 0.408664 -3.04734)
(9.84511 0.79544 -3.04812)
(10.2929 1.36885 -3.06171)
(10.0711 1.36892 -3.05487)
(9.84893 1.36885 -2.63068)
)


// ************************************************************************* //
