objectives;is_feasible;variables;evaluation_time
[3.8173090320000047, -1.7558789];True;[-4.4416056318398525, 2.0034070546314995, 3.3712942195189033, 1.4618912459324909, -0.7918334331778931, 2.1913156746649864, 4.89532458938046, -0.21662777573966974, -0.5313730763272417, 1.58549982415101];147.40689820004627
[3.581097264000008, -2.499999999999082];True;[-3.698986823614838, 2.6369517563229863, -2.0537641408628993, 1.5787259462323213, -2.2531756113550125, -1.9434959576944086, 4.985141703900817, -2.9775225895843116, -0.12158017981303537, 2.4392271654108217];148.42320550000295
[3.866121360000002, -1.9472224];True;[3.539337072774339, 2.2107316535225054, -1.9863201131722596, -1.6512073718229447, 2.7442141728574985, -3.341275926383447, 2.261098342487032, -0.2314640527411349, 4.377994981592423, 3.8639898664283585];153.49577819998376
[3.808743336000009, -2.49999999999808];True;[-0.430729936156494, 2.1026954228225447, 3.993791173527651, 2.876927431879218, 1.0983978538834185, -4.761681182090866, 2.112790001394278, 3.430159319358122, 0.4221491895802032, -1.7138126167352894];155.76283009990584
[3.4578355680000006, -2.0600778];True;[3.043112308726174, -3.678156518773914, 0.7760680527758002, 0.37026411811812654, 2.1270732912742263, 3.533394321366167, -4.203588120499698, -2.770177714091292, -3.3410425056685966, -2.9719935247056584];156.4893451000098
[3.4022592000000076, -2.4999999998980837];True;[-4.559344985081876, -3.742397592734851, -2.9501721878909617, 0.9056737180334586, 1.1362154648297533, 4.529567865561612, 0.2679959080995271, -3.7966304875385015, -1.610724576624495, 0.13184955320070912];150.68838439998217
[3.9979379520000133, -2.3407224];True;[-1.5319473326224253, -2.6032447560621175, 1.0527109121145433, 1.2636011662431255, 4.823887735141556, 2.369092903996557, 2.7299910065170083, 3.8703155635871784, 2.4663965085712825, 3.4489060709980652];148.71266489999834
[3.700236816000013, -2.499999999997519];True;[3.9253922999963216, 0.7094207933080074, 3.2588663897443677, 1.6535134879453741, -4.600326441605267, -2.5473276135778535, 1.6858541027985288, -3.6094542002336794, 1.7907474405203816, 1.8405589170578356];156.36903229996096
[3.5558833680000013, -2.4999999999976463];True;[1.598592855103254, 2.2066335832536774, -1.2772492132428424, 3.436609136435715, -4.242678116051257, 1.959143365767213, -3.527385779992666, -4.315091482216219, 0.6442183024996737, 0.9414230985905654];157.85991300002206
[3.702375432000013, -2.4999999999992726];True;[-2.95481386732104, 3.0540594914025974, 3.391201654522529, 4.714495223923741, 3.473789226970492, -0.673008978520925, -3.860101980371642, -3.7987537879069655, -3.8660827126106923, 4.725483036388839];158.01257479994092
[3.627750240000005, -1.422801];True;[-3.8737778201025455, -3.116550581746209, 0.8826315675900744, -2.4681355335187547, 2.9251064095262826, 3.789994297301396, -4.746961982591308, -0.059748912053922965, 4.531273317191909, 2.8875578976350713];158.27543909999076
[3.806180496000011, -2.4999999999994054];True;[2.488062086849105, 0.2606242776319556, 0.4950679427324438, 2.295759799586885, -2.8111787375625754, 4.7549212601905655, 2.140838724123907, -3.4696684116346055, -1.5122757791263264, 4.369900323040165];155.2548395000631
[3.2747697360000076, -2.499999999998084];True;[-1.2295749148632815, 2.7436179576375554, -3.391766858302472, -2.7789592145966924, 4.176679973403505, -4.654702266242488, -3.3848872788738937, -4.650425123479191, -3.48359427914552, 1.0633359515890115];159.8374596000649
[3.5655297120000125, -2.3702034];True;[1.4806061152358563, -3.6088984592980866, 1.036491583975506, -2.0377259785909887, 1.9671643343069034, -0.92689368324982, -3.2978590721495626, -0.8779636062068068, 3.848981108814151, 0.28689547684630146];206.1228166000219
[3.448329192000013, -2.2101084];True;[1.9698857258302516, -0.41989015753431325, 0.14757442968841072, 2.6396258409380415, -3.3018047489595546, -1.7636982184447403, -3.188705893098882, 1.0547295269547625, -3.8041155580830477, -0.8887276211870567];217.3362832000712
[3.6343628640000123, -2.4999999997049267];True;[-4.160697773669824, 2.672387320247948, 4.890592939834445, -3.6790622855265376, -0.3487851490113165, 0.7346322110676597, -2.272571685450284, 0.8911878571242573, -2.4479982130992006, 4.7778558944426806];170.01480589993298
[3.71052316800001, -1.8147425];True;[-0.07388065101840535, -1.580645336020484, -0.2922593437268901, 3.072407384406567, -1.3123695472735797, 4.3071434289486135, 2.9865935058575843, 2.3994959036793952, -1.6369480763691193, -3.2860768183528446];167.17995230003726
[3.3726477600000138, -2.4999999999986784];True;[0.17515545584006453, -0.672249303966737, -3.646014553194392, -4.932609295259821, -2.0831992336427483, 0.08405835946132001, -0.22345084301524487, -1.5573099132628707, 0.36035446364316126, 1.4363633372466902];165.14084630005527
[3.8344099680000103, -2.4999999999969273];True;[-1.6357666935818251, -4.597080316022496, 2.9808829433055193, 4.232721183204097, -0.36727842221704954, -0.46179501140415624, 1.3459227303279162, 3.1713575153736464, 1.8459405444683874, 3.804064600968653];161.84267540008295
[3.6924340320000084, -2.499999999996537];True;[4.14364621907324, 4.582774590569832, 3.075605779975538, -4.090524108531113, -0.23680879297494162, -1.6909519396339823, 3.8861433766360225, -0.8266202366120332, -1.7925713377208163, -3.3046746630737767];162.63012809993234
[3.7528185600000095, -2.499999999960024];True;[1.622110971333245, -0.19489890717265368, -3.6928663067102763, 4.626909867036273, 0.3440843719815021, 4.8113897381867705, -2.5793087153285943, 4.96220811893213, -0.5535632405258948, -2.8044563671068734];148.9651113
[4.002929496000007, -2.4999999999993454];True;[4.747196373852159, 4.500870542819433, 0.4668486221681123, -2.423097342831664, 0.5829210962115976, 1.547106460026039, 4.782130702249441, -0.6003841207619045, 4.923502525790376, -0.4062754570643712];148.11430470005143
[3.2254092000000014, -2.499999999997829];True;[-2.5807070580676426, -1.2333433759776637, -4.487862096531746, -4.351425497070908, -0.05573586033322542, 0.08452256512915923, -2.5013571945003035, -4.346155142584198, 2.934814333913157, -1.3382556357168998];152.6053878000239
[3.4208118720000096, -2.499999999999488];True;[0.10743815520517064, -1.3670601691773667, -3.0712855102505343, -1.1329785050848518, -2.490673148197813, 0.2517050978967674, 2.8934667320145904, -0.7900215631910248, -3.7433805848988886, 0.5137192645787074];152.1364814999979
[3.1046911200000027, -2.4999999999978573];True;[1.9634320455296672, -1.0380457107319963, -3.6310163894313154, -2.661993058109541, -3.7189821112224553, -2.526411535239821, -4.555348290090264, -4.878633172995082, -3.4904525878172867, 1.0731660203817475];155.7097286999924
[3.76154107200001, -2.4999999998861138];True;[2.7444302156933436, 3.613476635562476, -4.0679018433985945, -0.4628826154686063, 4.179287216656331, 3.5553330644017773, 3.596010505680349, -0.8912992349334399, -2.5394974449845185, -2.7815325763003305];151.3352303999709
[3.765829968000012, -2.4999999997529896];True;[-1.3350224287233736, 4.075178082247778, 4.497138232425218, -4.166967176684713, -0.9853232340031148, 1.6738532835585946, -0.9032525963535569, -0.8038201704969765, 0.43247916064609804, 4.65979039760909];149.54015500005335
[3.5227725120000053, -2.4999999999388356];True;[-2.0418842107649238, -1.085196576483467, 3.572254116827171, -0.842527420623103, 0.3327638270947446, -1.5425023523981798, -0.06091796576465036, -4.180877182514868, 2.734943585243572, -0.9947073588855506];155.23691720003262
[3.7894968720000035, -2.499999999999402];True;[4.59845728965424, -0.25464659553683955, -3.159155071531176, 4.717864528280801, 3.22375216443443, 3.951476643164293, -2.1724556148963927, -2.492095591974791, -3.4121049893923896, 3.238566026186957];151.41429749992676
[3.409414848000003, -2.4999999999992504];True;[-3.215548114297758, -1.3404628041504942, 1.3715994551254802, 4.183240177783139, -3.7621640560028338, 2.996831903408271, -4.383102480310787, -1.8381736682032104, 1.1164210187717671, -4.485366282242565];152.49601989996154
[3.6655351200000075, -1.080847];True;[-4.035910668087377, 4.3644526223145, 4.027975222290557, -4.150064272566548, 3.0004343227727617, 2.2629893431933743, 3.7619714850201955, -4.831282172831939, 1.1320885778556757, -3.031941014058436];158.76237820007373
[3.9053957760000064, -2.4999999999994693];True;[-3.321126500832381, 4.69948622616238, -1.724322077132098, 1.574919761114403, 1.720164502560925, 3.615820699785882, 0.22152783839373047, 0.8088376330626108, 1.9835391597748506, 4.026513988862082];149.33422409999184
[3.869271504000002, -2.4999999999990705];True;[4.413014692343319, 2.7524914357138774, -4.198340055766092, 0.631637229818419, 4.2326227305156845, 4.123708099937636, 2.328485622844835, 3.61359167499576, -1.62268579807873, -4.341557484826559];154.81405150005594
[4.072624272000002, -2.3013231];True;[1.2114881949691796, 1.6945787754239507, -0.01763007862567445, 4.768680996136464, 4.298111462897188, 4.635296098195651, -1.7206232488681694, 3.1651979747476915, 4.294162905897007, -0.981844800965062];151.6033290999476
[3.7116725040000076, -2.2810749];True;[0.8168493922146638, 3.506322648959543, 2.87361122238781, 1.1741891314163464, 0.9287262980907265, 0.26416884569672483, -0.16634048473468077, -2.204226771948705, -0.17551994711003527, -2.3810641809043287];156.5503286999883
[3.3545031120000015, -2.499999999996666];True;[-1.153419025984408, 2.8575301304951655, -1.5260134933063219, -2.1832577084773366, -3.300007730302803, -3.325033848897696, -0.4663543956713152, -3.3198931295678347, -1.72202096631663, 2.2395454738391862];152.5757956999587
[3.5590501440000004, -2.497887315];True;[-2.034316111118283, 3.6054491504782558, 0.35626820708300855, 2.2022484575721757, -4.999342595556623, -4.051503792329386, -4.2793496717266795, -0.05802305930066787, 4.949490677163039, 1.8799474654389474];155.5155447999714
[3.36625912800001, -2.499999999997816];True;[-4.481462427726276, -0.44532407450787304, -3.973606131311158, -2.4380350476904256, -1.048511566568553, 4.1310918974990045, 4.099908642966126, -2.2014236187480374, -1.250908308929739, -3.746419291926806];152.2669069999829
[3.683238696000013, -2.4999999999983036];True;[4.452078841958281, 0.7958349496736572, -2.6174423074087763, -3.543551676230262, 0.21510924520187746, -1.5971889163113264, 3.3170040001077172, -1.3425678510972627, 4.494549283865602, -0.8535130068993011];149.56364970002323
[3.5301966480000004, -1.343623];True;[-2.9489919281105195, -1.4540963384413619, -0.011004164723819265, -3.696387766257242, 2.7382420561045, 2.5497741866900556, -1.283042969475944, -0.7018358619040557, 1.0128140613168117, 0.029580537427599474];147.1881498999428
[3.4829101440000123, -1.6756717];True;[-2.17269661118096, 1.0807668048200805, -2.3550346746814954, -3.5203834975936954, 1.5270677501648064, 2.2730428472878152, 2.857474894891949, -3.0361266349508287, -2.0303185535000976, -0.5779411415977611];149.70725420000963
[3.3543957600000036, -2.499999999997673];True;[-1.720526175173227, -4.443491173113073, -0.6536165473874771, -1.7781995414244003, -1.2023099535786406, 3.7172382924149936, -2.020103871885197, 0.6393628198886612, 0.3124687577082774, -4.754735057623166];158.53319260000717
[3.5565858000000117, -2.4999999999932494];True;[-4.165794922103991, 2.4202612073670213, 2.3587317821257727, 0.566748452069195, -1.2937900968036997, 2.490861270517488, 4.306758822590599, -2.6642104154085713, -2.072354990276728, -4.490460500818639];154.96499370003585
[3.586343040000009, -2.49999999995802];True;[1.930210692158881, 4.584981537531442, 2.154145293392485, -2.0609680008822084, -2.90514981206474, -1.4422842549931003, -2.5265817335512297, -3.649589089087546, -1.472039855787619, 4.221663336900823];155.14708030002657
[3.2711018400000125, -2.499999999995758];True;[3.367798462598424, -4.689469805452347, -4.709794475604461, 0.2591959994569635, 0.7224635064851377, -0.865267234060183, 1.0141545621009262, -4.618059158444297, -2.9299090534422345, -3.311226679377679];156.17916210007388
[3.460604472000001, -2.3436737];True;[-2.435479873383052, -2.7879124427183877, 0.3727856620225314, 3.7994650450574134, -0.48807503310459666, -4.435293137888921, -3.6554604854824504, 4.914998369512608, 2.727623326510721, -4.99951161896231];154.24222820007708
[3.4750499040000076, -2.3138418];True;[1.4897106001279692, -4.056591982482387, -3.199266971360686, -1.4284153210296013, -3.0605555424205475, -1.8438219305003178, -1.1948414424631295, 4.875914131223645, -1.6392823671737777, 3.7391144076823952];147.58682000008412
[3.857710968000014, -2.4999999999998055];True;[4.170416667448263, -3.209610929272051, -0.9493342683656492, 3.1985270389534293, -1.501659017731881, 4.197934758912986, 1.98633627500009, 1.5935074380487722, 2.596374732539731, -0.6847792529816843];143.70734269998502
[3.678807456000008, -1.9857748];True;[-2.016040576443332, 3.7495672200993084, 2.1191134498689648, -2.0350868846692682, -1.1655723877581439, 4.838278180491672, 0.6059344506893138, -0.7055019406198344, 2.5147161061840784, -4.790231766063772];146.03109559998848
[3.7209676320000136, -2.496157176];True;[-3.8848486244513234, -4.133668671146924, -4.341369904057874, 4.480812443441678, 4.4729260500816945, 3.393084648668129, 0.11626170998524898, 3.2520246595492353, -1.9388041210179061, 3.650596105046427];137.819150299998
[3.795464952000005, -2.499999999997828];True;[4.402942188839531, -2.994431210460675, -3.9964724422546754, 3.1985270389534293, -1.501659017731881, 4.12409680102851, 1.8612870988855021, 1.5100832672856033, 2.596374732539731, -0.6847792529816843];150.81822130002547
[3.5972264160000074, -2.499999999938995];True;[1.9873943693433291, -1.080745413540225, 3.540548328567455, -0.842527420623103, 0.3327638270947446, -1.5497009036001352, -0.06091796576465036, -4.889724955460658, 2.8959067883145964, -0.9947073588855506];154.38736079994123
[3.0302408880000105, -2.4999999999980553];True;[-2.065846534465292, -1.0424968736752382, -3.5992891540829843, -2.661993058109541, -3.7189821112224553, -2.5192129840378654, -4.555348290090264, -4.1697388847320225, -3.6513276254710196, 1.0731660203817475];155.92197560006753
[3.4833784320000003, -2.499999999998837];True;[1.9184986941101918, 2.9851211825995847, 2.189532689188404, -2.0683723876431994, -2.332662441123463, -1.4422842549931003, -3.8738305893191267, -3.649589089087546, -3.8809715096971926, 4.222117875006096];156.29287130001467
[3.7895167440000073, -2.4999999999984426];True;[-2.9431017075568873, 4.653894866078754, 3.355814258726582, 4.70611193452473, 2.901286490790432, -1.077865151888079, -2.8246540554023287, -3.7987537879069655, -1.4571510202972304, 4.725028497147871];156.98339229996782
[3.3491700720000015, -1.349341];True;[-2.0658050337337754, -0.6206218947671944, 0.46722383831124903, -2.7911083940955215, -4.999361931388706, -4.051503792329386, -4.2793496717266795, 0.13287111736477453, 4.9830641965874705, 1.0787565044813467];152.171631300007
[3.5649754560000133, -2.499999999999022];True;[1.02205278902513, 2.9892959404852215, 2.189532689188404, 0.9184249018690456, 1.2247418040408449, -1.1902114145233829, -4.153593472954363, -3.649589089087546, -1.6347892019498818, 0.12933210404406426];158.3149984999327
[3.0302408880000105, -2.4999999999980553];True;[-2.065846534465292, -1.0424968736752382, -3.5992891540829843, -2.661993058109541, -3.7189821112224553, -2.5192129840378654, -4.555348290090264, -4.1697388847320225, -3.6513276254710196, 1.0731660203817475];159.028486300027
[3.07131026400001, -2.2147105];True;[-2.067871421092579, 1.0789480632271635, -3.601954159639487, -2.847558853310466, -3.7189821112224553, -2.551261868340415, -4.553123843819574, -4.1697388847320225, -3.6513276254710196, 1.0731660203817475];159.35812009999063
[3.2408573040000057, -2.4999999999986398];True;[-2.0343576118497997, 3.1835718324506237, -3.7102413428368917, 2.3313639782039104, -3.7189821112224553, -2.5192129840378654, -4.555348290090264, -4.360121045349285, -3.6513276254710196, 1.8743569813393481];163.89919470006134
[3.3830228880000064, -2.3860733];True;[1.8244497000347621, -1.0569626196179123, 2.189532689188404, -2.0683723876431994, -2.332662441123463, -1.4293556823986597, -3.8738305893191267, -4.17250434202521, -3.8809715096971926, 4.222117875006096];157.6294469999848
[3.0250653120000024, -2.499999999998628];True;[-2.065846534465292, -1.0424968736752382, -3.8389118100285806, -2.661993058109541, -3.7189821112224553, -2.5192129840378654, -4.555348290090264, -4.1697388847320225, -3.6513276254710196, 1.0731660203817475];158.04556370002683
[3.1601651040000096, -2.4999999999978995];True;[-2.0343576118497997, -1.0495898478420262, -3.7102413428368917, 2.3313639782039104, -3.7189821112224553, -2.5192129840378654, -4.555348290090264, -4.165672533661915, -3.354100875886969, 1.8800944574469598];158.86346729996148
[3.1762979280000048, -2.499999999998141];True;[-1.9717975402744918, 2.999586898222291, -3.5992891540829843, -2.661993058109541, -3.7189821112224553, -2.532141556632306, -4.555348290090264, -3.646823631794358, -3.6513276254710196, 3.1889638041647332];159.85990890010726
[3.082466016000013, -0.651837];True;[-2.067871421092579, 1.0789480632271635, -3.0840306704201486, -2.847558853310466, -3.7189821112224553, -2.552618511665619, -4.553234768823662, -4.1697388847320225, -3.6513276254710196, 1.0731660203817475];160.79906350001693
[3.0302408880000105, -2.4999999999980553];True;[-2.065846534465292, -1.0424968736752382, -3.5992891540829843, -2.661993058109541, -3.7189821112224553, -2.5192129840378654, -4.555348290090264, -4.1697388847320225, -3.6513276254710196, 1.0731660203817475];154.87070010008756
[3.0302408880000105, -2.4999999999980553];True;[-2.065846534465292, -1.0424968736752382, -3.5992891540829843, -2.661993058109541, -3.7189821112224553, -2.5192129840378654, -4.555348290090264, -4.1697388847320225, -3.6513276254710196, 1.0731660203817475];155.52263230003882
[3.0248115120000003, -2.499999999998189];True;[-2.065846534465292, -1.0424968736752382, -3.5992891540829843, -2.661993058109541, -3.7189821112224553, -2.5192129840378654, -4.555348290090264, -4.421107634753918, -3.6513276254710196, 1.0731660203817475];157.56767279992346
[3.1640241600000008, -2.499999999997158];True;[-1.6889448697711897, 3.145979731119766, -2.5515508632099504, -2.7426504852513722, -3.7189821112224553, -2.4767666579995256, -4.55322366557883, -4.354276106471857, -3.6513276254710196, 1.8743569813393481];159.60753120004665
[3.1785024240000013, -2.499999999996953];True;[-2.070704251456699, 1.1165401645407782, -3.738698942037661, 2.2264557692690206, -3.7189821112224553, -2.552618511665619, -4.555359393335095, -4.175583823609451, -3.6513276254710196, 1.0731660203817475];160.77165659994353
[3.03009768000001, -2.499999999999259];True;[-2.065846534465292, -1.0424968736752382, -3.605927772180868, -2.661993058109541, -3.7189821112224553, -2.5192129840378654, -4.555348290090264, -4.1697388847320225, -3.6513276254710196, 1.0731660203817475];153.74482189991977
[3.014745048000006, -2.49999999999844];True;[-2.065846534465292, -1.0424968736752382, -3.5992891540829843, -2.661993058109541, -3.7189821112224553, -2.5192129840378654, -4.555348290090264, -4.421107634753918, -3.6513276254710196, 0.6071175865460157];155.0441818999825
[3.00836224800001, -2.499999999998722];True;[-2.065846534465292, -1.8040292907994582, -3.5992891540829843, -2.661993058109541, -3.7189821112224553, -2.5192129840378654, -4.555348290090264, -4.421107634753918, -3.6513276254710196, 1.0731660203817475];155.28184579999652
[3.0248115120000003, -2.499999999998189];True;[-2.065846534465292, -1.0424968736752382, -3.5992891540829843, -2.661993058109541, -3.7189821112224553, -2.5192129840378654, -4.555348290090264, -4.421107634753918, -3.6513276254710196, 1.0731660203817475];155.3088980000466
[3.0250052640000136, -2.4999999999973976];True;[-2.065846534465292, -1.0424968736752382, -3.5992891540829843, -2.661993058109541, -3.7189821112224553, -2.5192129840378654, -4.555348290090264, -4.412143917463625, -3.6513276254710196, 1.0731660203817475];155.3414947000565
[3.002431968000013, -2.499999999999244];True;[-2.065846534465292, -1.8040292907994582, -3.8738267421645505, -2.661993058109541, -3.7189821112224553, -2.5192129840378654, -4.555348290090264, -4.421107634753918, -3.6513276254710196, 1.0731660203817475];154.70343360002153
[3.018664800000001, -2.4999999999972458];True;[-2.065846534465292, -1.0424968736752382, -3.8389118100285806, -2.9583411532823467, -3.7189821112224553, -2.5192129840378654, -4.555348290090264, -4.1697388847320225, -3.6513276254710196, 1.0731660203817475];154.8563826000318
[3.019807440000008, -2.4999999999988285];True;[-2.065846534465292, -1.0424968736752382, -4.082331624382573, -2.661993058109541, -3.7189821112224553, -2.5192129840378654, -4.555348290090264, -4.1697388847320225, -3.6513276254710196, 1.0731660203817475];154.92159639997408
[3.0130105680000048, -2.4999999999956732];True;[-1.889369566069572, -1.8040292907994582, -3.5992891540829843, -2.661993058109541, -3.7189821112224553, -2.5192129840378654, -4.555348290090264, -4.421107634753918, -3.6513276254710196, 1.1118874433545558];155.00457860005554
[3.00836224800001, -2.499999999998722];True;[-2.065846534465292, -1.8040292907994582, -3.5992891540829843, -2.661993058109541, -3.7189821112224553, -2.5192129840378654, -4.555348290090264, -4.421107634753918, -3.6513276254710196, 1.0731660203817475];156.17968770000152
[3.018664800000001, -2.4999999999972458];True;[-2.065846534465292, -1.0424968736752382, -3.8389118100285806, -2.9583411532823467, -3.7189821112224553, -2.5192129840378654, -4.555348290090264, -4.1697388847320225, -3.6513276254710196, 1.0731660203817475];155.36706389999017
[2.999467368000011, -2.4999999999966334];True;[-2.065846534465292, -1.8040292907994582, -3.5992891540829843, -2.661993058109541, -3.7189821112224553, -2.5192129840378654, -4.96714661802311, -4.421107634753918, -3.6513276254710196, 1.0731660203817475];156.40835849998984
[3.017932992000011, -2.499999999999232];True;[-2.065846534465292, -1.0424968736752382, -3.8389118100285806, -2.613690294661267, -3.7189821112224553, -2.5192129840378654, -4.9338622619183115, -4.1697388847320225, -3.6513276254710196, 1.0731660203817475];156.691763299983
[3.013847568000008, -2.4999999999991775];True;[-2.065846534465292, -1.8040292907994582, -3.5992891540829843, -2.661993058109541, -3.7189821112224553, -2.5192129840378654, -4.301395844822337, -4.421107634753918, -3.6513276254710196, 1.0731660203817475];156.74486800003797
[3.00836224800001, -2.499999999998722];True;[-2.065846534465292, -1.8040292907994582, -3.5992891540829843, -2.661993058109541, -3.7189821112224553, -2.5192129840378654, -4.555348290090264, -4.421107634753918, -3.6513276254710196, 1.0731660203817475];157.96597070002463
[3.008137824000001, -2.499999999998322];True;[-2.065846534465292, -1.8040292907994582, -3.5992891540829843, -2.661993058109541, -3.7189821112224553, -2.5192129840378654, -4.565740142953326, -4.421107634753918, -3.6513276254710196, 1.0731660203817475];154.95108269993216
[3.002431968000013, -2.499999999999244];True;[-2.065846534465292, -1.8040292907994582, -3.8738267421645505, -2.661993058109541, -3.7189821112224553, -2.5192129840378654, -4.555348290090264, -4.421107634753918, -3.6513276254710196, 1.0731660203817475];155.26921719999518
[3.0164903280000126, -2.499999999984305];True;[-2.065846534465292, -1.8040292907994582, -3.5992891540829843, -2.661993058109541, -2.9283696734457076, -2.5192129840378654, -4.96966916172672, -4.421107634753918, -3.6513276254710196, 1.0731660203817475];156.31728379998822
[3.0008365920000113, -2.499999999998546];True;[-2.065846534465292, -1.8040292907994582, -3.5992891540829843, -2.661993058109541, -3.6555965271829427, -2.5192129840378654, -4.96714661802311, -4.421107634753918, -3.6513276254710196, 1.0731660203817475];156.70606510003563
[2.98976724000001, -2.4999999999980242];True;[-2.463794235364405, -1.8040292907994582, -3.5992891540829843, -2.661993058109541, -3.7189821112224553, -2.5192129840378654, -4.96714661802311, -4.421107634753918, -3.6513276254710196, 1.022044189870335];157.99034969997592
[2.9903312160000084, -2.499999999999287];True;[-2.463794235364405, -1.8040292907994582, -3.5992891540829843, -2.661993058109541, -3.7189821112224553, -2.620885912606237, -4.839377691679787, -4.421107634753918, -3.6513276254710196, 1.022044189870335];156.3304041000083
[3.0466294560000104, -2.4999999999959166];True;[-2.0643964746964367, -1.8040292907994582, -3.5992891540829843, -1.075611848774585, -3.7189821112224553, -2.5192129840378654, -4.320456007522685, -4.421107634753918, -3.6513276254710196, 1.022044189870335];156.89094439998735
[3.0106985040000005, -2.499999999999287];True;[-2.065846534465292, -1.8040292907994582, -3.8738267421645505, -2.661993058109541, -3.7189821112224553, -2.5192129840378654, -4.258506204241729, -4.421107634753918, -3.6513276254710196, 1.1590592657809886];157.44923949998338
[2.990840112000001, -2.499999999997718];True;[-2.4652442951332607, -1.8040292907994582, -3.5992891540829843, -2.661993058109541, -3.7189821112224553, -2.5192129840378654, -4.96714661802311, -4.421107634753918, -3.6513276254710196, 1.0731660203817475];160.0021099000005
[2.98542844800001, -2.499999999998663];True;[-2.463794235364405, -1.8040292907994582, -3.5992891540829843, -2.661993058109541, -3.7189821112224553, -2.5192129840378654, -4.96714661802311, -4.582349834365591, -3.6909601862004964, 1.022044189870335];160.32313580007758
[2.989820592000009, -2.4999999999923057];True;[-2.463794235364405, -1.8040292907994582, -3.5992891540829843, -2.661993058109541, -3.7189821112224553, -2.5192129840378654, -4.96714661802311, -4.4188084745944884, -3.651142399041808, 1.022044189870335];157.9588449000148
[2.9923365600000027, -2.4999999999976903];True;[-2.463794235364405, -1.8040292907994582, -3.5992891540829843, -2.661993058109541, -3.7189821112224553, -2.6270461101119573, -4.8966832646653256, -4.45171828884874, -3.46438530061031, 1.022044189870335];158.12383130006492
[2.995223184000001, -2.499999999999069];True;[-2.463794235364405, -1.8040292907994582, -3.346692321092274, -2.661993058109541, -3.7189821112224553, -2.5192129840378654, -4.96714661802311, -4.421107634753918, -3.6513276254710196, 1.022044189870335];158.21175899996888
[3.0292969680000006, -2.4999999999990865];True;[-2.463794235364405, -1.8040292907994582, -3.5992891540829843, -2.661993058109541, -3.7189821112224553, -2.5192129840378654, -4.96714661802311, -4.421107634753918, -3.6513276254710196, 2.8521201472000524];158.2843129999237
[2.9650486320000056, 1.239821];True;[-2.463794235364405, -1.8040292907994582, -3.5992891540829843, -2.661993058109541, -3.7189821112224553, -2.5192129840378654, -4.96714661802311, -4.582349834365591, -3.6909601862004964, 0.07853110334714608];159.9484409999568
[2.992110408000001, -2.4999999999985696];True;[-2.463794235364405, -1.8040292907994582, -3.516910705936626, -2.661993058109541, -3.7189821112224553, -2.620885912606237, -4.839377691679787, -4.421107634753918, -3.6513276254710196, 1.022044189870335];154.66857490001712
[2.9903312160000084, -2.499999999999287];True;[-2.463794235364405, -1.8040292907994582, -3.5992891540829843, -2.661993058109541, -3.7189821112224553, -2.620885912606237, -4.839377691679787, -4.421107634753918, -3.6513276254710196, 1.022044189870335];156.17628319992218
[2.994728976000005, -2.499999999995109];True;[-2.463794235364405, -1.8040292907994582, -3.168700740466326, -2.661993058109541, -3.7189821112224553, -2.5192129840378654, -4.96714661802311, -4.582349834365591, -3.6909601862004964, 1.022044189870335];156.43022479990032
[3.001837968000007, -2.499999999996012];True;[-1.8633736570422543, -1.8040292907994582, -3.5992891540829843, -2.661993058109541, -3.7189821112224553, -2.5192129840378654, -4.96714661802311, -4.423076216040771, -3.6909601862004964, 1.022044189870335];157.31564409995917
[2.9888308800000014, -2.4999999999984976];True;[-2.463794235364405, -1.8040292907994582, -3.5992891540829843, -2.661993058109541, -3.7189821112224553, -2.5198450326303323, -4.839331636040566, -4.591642120037101, -3.6513276254710196, 1.022044189870335];158.487926300033
[2.9903312160000084, -2.499999999999287];True;[-2.463794235364405, -1.8040292907994582, -3.5992891540829843, -2.661993058109541, -3.7189821112224553, -2.620885912606237, -4.839377691679787, -4.421107634753918, -3.6513276254710196, 1.022044189870335];156.27196079993155
[3.000643920000004, -2.4999999999985656];True;[-2.463794235364405, -1.8040292907994582, -3.5992891540829843, -2.661993058109541, -3.172274202133357, -2.51268619061363, -4.967541780784388, -4.431000210407394, -3.690712666865071, 1.022044189870335];156.5514106999617
[2.991403872000004, -2.499999999997712];True;[-2.463794235364405, -1.8040292907994582, -3.5992891540829843, -2.5705268238827097, -3.7189821112224553, -2.5192129840378654, -4.982857911451782, -4.421107634753918, -3.6513276254710196, 1.022044189870335];157.4381818000693
[2.98542844800001, -2.499999999998663];True;[-2.463794235364405, -1.8040292907994582, -3.5992891540829843, -2.661993058109541, -3.7189821112224553, -2.5192129840378654, -4.96714661802311, -4.582349834365591, -3.6909601862004964, 1.022044189870335];157.54787140002009
[2.98542844800001, -2.499999999998663];True;[-2.463794235364405, -1.8040292907994582, -3.5992891540829843, -2.661993058109541, -3.7189821112224553, -2.5192129840378654, -4.96714661802311, -4.582349834365591, -3.6909601862004964, 1.022044189870335];158.2693256000057
[3.0018543840000107, -2.4999999999981357];True;[-2.463794235364405, -1.8040292907994582, -3.5992891540829843, -1.9015373271751626, -3.7189821112224553, -2.5192129840378654, -4.96714661802311, -4.582349834365591, -3.6909601862004964, 1.022044189870335];157.9356761999661
[2.994459840000005, -2.4999999999982934];True;[-2.463794235364405, -1.8040292907994582, -3.5992891540829843, -2.661993058109541, -3.7189821112224553, -2.620885912606237, -4.839377691679787, -4.421107634753918, -3.6513276254710196, 1.2132123968072008];159.96410009998363
[2.997757296000006, -2.499999999997346];True;[-2.463794235364405, -1.8040292907994582, -3.5992891540829843, -2.661993058109541, -3.375184751861018, -2.620885912606237, -4.839377691679787, -4.421107634753918, -3.6513276254710196, 1.022044189870335];160.0064868000336
[2.988431496000005, -2.4999999999961555];True;[-2.463794235364405, -1.9122575934218133, -3.5992891540829843, -2.661993058109541, -3.7189821112224553, -2.620885912606237, -4.839377691679787, -4.421107634753918, -3.6310984483272515, 1.022044189870335];160.26305629999842
[2.9872132560000013, -2.499999999998903];True;[-2.463794235364405, -1.8040292907994582, -3.5992891540829843, -2.5793675944276195, -3.7189821112224553, -2.5192129840378654, -4.96714661802311, -4.582349834365591, -3.6909601862004964, 1.022044189870335];161.12506240000948
[3.0057294240000005, -2.288852];True;[-2.463794235364405, -1.8040292907994582, -3.5992891540829843, -2.661993058109541, -3.7189821112224553, -2.5192129840378654, -4.984628701751413, -3.625011940583872, -3.6909601862004964, 1.022044189870335];153.7506789000472
[3.019068720000004, -2.49999999999857];True;[-2.463794235364405, -1.9122575934218133, -3.711922847807633, -2.661993058109541, -3.7189821112224553, -1.9973584195744791, -3.9318516718085137, -4.421107634753918, -3.6310984483272515, 1.022044189870335];154.4754350000294
[2.989144944000002, -2.499999999995146];True;[-2.463794235364405, -1.8126450230773101, -3.5992891540829843, -2.661993058109541, -3.7189821112224553, -2.6199513373933923, -4.839377691679787, -4.421107634753918, -3.6985553443874783, 1.022044189870335];155.3892253000522
[2.9951017920000074, -2.4999999999975437];True;[-1.9828563179687342, -1.9036418611439614, -3.5992891540829843, -2.661993058109541, -3.7189821112224553, -2.5201475592507108, -4.96714661802311, -4.582349834365591, -3.6235032901402695, 1.022044189870335];158.41905500006396
[2.98498564800001, -2.499999999996523];True;[-2.463794235364405, -1.8040292907994582, -3.5992891540829843, -2.661993058109541, -3.7189821112224553, -2.5192129840378654, -4.987621396541744, -4.582349834365591, -3.6909601862004964, 1.022044189870335];159.4994765999727
[2.995096176000009, -2.499999999999188];True;[-2.463794235364405, -1.9122575934218133, -3.231142855832482, -2.661993058109541, -3.7189821112224553, -2.620885912606237, -4.839377691679787, -4.421107634753918, -3.6906737908014486, 1.022044189870335];155.8857977000298
[2.98542844800001, -2.499999999998663];True;[-2.463794235364405, -1.8040292907994582, -3.5992891540829843, -2.661993058109541, -3.7189821112224553, -2.5192129840378654, -4.96714661802311, -4.582349834365591, -3.6909601862004964, 1.022044189870335];158.5359362999443
[2.989686888000012, -2.45521056];True;[-2.463794235364405, -1.8040292907994582, -3.5992891540829843, -2.661993058109541, -3.7189821112224553, -2.5192129840378654, -4.987621396541744, -4.424269150917459, -3.631384843726299, 1.022044189870335];159.0217871000059
[2.9955625200000084, -2.4999999999985016];True;[-2.463794235364405, -1.8079242327056688, -3.5992891540829843, -2.661993058109541, -3.7189821112224553, -2.2462566286250905, -4.987715773082916, -4.421107634753918, -3.631540841281829, 1.022044189870335];159.45249900000636
[3.0096485280000085, -2.499999999998417];True;[-2.463794235364405, -1.8040292907994582, -2.457492742616732, -2.661993058109541, -3.7189821112224553, -2.5192129840378654, -4.987621396541744, -4.582349834365591, -3.6909601862004964, 1.022044189870335];160.73463379999157
[2.995523208000006, -2.499999999998845];True;[-2.463794235364405, -1.8040292907994582, -3.5992891540829843, -2.194656883477422, -3.7189821112224553, -2.5192129840378654, -4.96714661802311, -4.582349834365591, -3.6909601862004964, 1.022044189870335];160.24061570002232
[2.9895076080000136, -2.4999999999962537];True;[-2.463794235364405, -1.8086177918229807, -3.5992891540829843, -2.661993058109541, -3.7189821112224553, -2.5192129840378654, -4.987621396541744, -4.414437858480715, -3.691872552570768, 1.0689577060101965];160.9183765000198
[3.0088620720000043, -2.4999999999991167];True;[-2.463794235364405, -1.8040292907994582, -3.4138647312251313, -2.661993058109541, -3.7189821112224553, -2.5192129840378654, -4.067675677579386, -4.582349834365591, -3.6909601862004964, 1.022044189870335];161.37220799992792
[2.984922360000003, -2.499999999996451];True;[-2.463794235364405, -1.9076690923982909, -3.5992891540829843, -2.661993058109541, -3.7189821112224553, -2.620885912606237, -4.839377691679787, -4.589019610638793, -3.63018608195698, 1.022044189870335];163.3459373000078
[2.971163160000012, -2.49999999999632];True;[-3.103730817044278, -1.8040292907994582, -3.5992891540829843, -2.661993058109541, -3.7189821112224553, -2.5192129840378654, -4.987621396541744, -4.582349834365591, -3.6909601862004964, 1.022044189870335];163.412244200008
[2.98498564800001, -2.499999999996523];True;[-2.463794235364405, -1.8040292907994582, -3.5992891540829843, -2.661993058109541, -3.7189821112224553, -2.5192129840378654, -4.987621396541744, -4.582349834365591, -3.6909601862004964, 1.022044189870335];164.0927238999866
[2.9714124240000084, -2.499999999970614];True;[-3.093766507116041, -1.8040292907994582, -3.5992891540829843, -2.661993058109541, -3.7189821112224553, -2.5192129840378654, -4.9860831249904285, -4.582349834365591, -3.6909601862004964, 1.022044189870335];164.11046670004725
[2.985750504000004, 1.054897];True;[-2.463794235364405, -1.803038996293338, -3.5992891540829843, -2.661993058109541, -3.7189821112224553, -2.6173882875703187, -4.836486959210637, -4.589019610638793, -3.6955606761977453, 1.0147163988650667];164.1772071000887
[3.0203606160000005, -1.8897232000000002];True;[-2.4737585452926423, -1.8040292907994582, -3.5992891540829843, -2.661993058109541, -3.7189821112224553, -1.1602661578056375, -4.968684889562193, -3.639545222905479, -3.6909601862004964, 0.34903931646671627];165.04176330007613
[2.9701829520000085, -0.3795609999999998];True;[-3.103730817044278, -1.9086593869044113, -3.5992891540829843, -2.661993058109541, -3.7189821112224553, -2.5227106090737843, -4.990272410761769, -4.582349834365591, -3.625585591959731, 1.022044189870335];168.02971489995252
[2.987318448000001, -2.4999999999954245];True;[-3.103730817044278, -1.8040292907994582, -3.5992891540829843, -2.661993058109541, -3.7189821112224553, -1.7095435683124574, -4.99115863650464, -4.582349834365591, -3.749176778287281, 1.022044189870335];176.7268484000815
[2.9711730960000073, -2.499999999994149];True;[-3.1032117625447238, -1.8040292907994582, -3.5992891540829843, -2.661993058109541, -3.7189821112224553, -2.5192129840378654, -4.987702412069742, -4.582349834365591, -3.6909601862004964, 1.022044189870335];177.86925410002004
[2.9842076160000035, -2.4999999999957847];True;[-3.093766507116041, -1.8040292907994582, -3.5992891540829843, -2.661993058109541, -3.7189821112224553, -1.9268448033295273, -4.986069021354526, -4.582349834365591, -3.6909601862004964, 1.022044189870335];178.97146420006175
[2.9714124240000084, -2.499999999970614];True;[-3.093766507116041, -1.8040292907994582, -3.5992891540829843, -2.661993058109541, -3.7189821112224553, -2.5192129840378654, -4.9860831249904285, -4.582349834365591, -3.6909601862004964, 1.022044189870335];179.594799399958
[2.965019472000008, -2.4999999999646376];True;[-3.0942855616155955, -1.8040292907994582, -3.5992891540829843, -2.957507572069405, -3.7189821112224553, -2.5192129840378654, -4.986002109462431, -4.582349834365591, -3.6909601862004964, 1.022044189870335];179.87748210004065
[2.968481736000006, -2.4999999999987748];True;[-3.093766507116041, -1.8040292907994582, -3.733469405358787, -2.661993058109541, -3.7189821112224553, -2.5192129840378654, -4.986114947658962, -4.582349834365591, -3.692426303952237, 1.022044189870335];156.30430810002144
[2.965019472000008, -2.4999999999646376];True;[-3.0942855616155955, -1.8040292907994582, -3.5992891540829843, -2.957507572069405, -3.7189821112224553, -2.5192129840378654, -4.986002109462431, -4.582349834365591, -3.6909601862004964, 1.022044189870335];161.03870560007636
[2.9711739600000038, -2.49999999999643];True;[-3.1032117625447238, -1.8040292907994582, -3.5992891540829843, -2.661993058109541, -3.7189821112224553, -2.5192129840378654, -4.987670589401208, -4.582349834365591, -3.6909601862004964, 1.022044189870335];161.38494540005922
[2.9560217760000036, -2.4999999999983835];True;[-3.0942855616155955, -1.8040292907994582, -3.5992891540829843, -2.957507572069405, -3.7189821112224553, -2.5192129840378654, -4.986002109462431, -4.582349834365591, -4.107528146131924, 1.022044189870335];161.4062720000511
[2.965019472000008, -2.4999999999646376];True;[-3.0942855616155955, -1.8040292907994582, -3.5992891540829843, -2.957507572069405, -3.7189821112224553, -2.5192129840378654, -4.986002109462431, -4.582349834365591, -3.6909601862004964, 1.022044189870335];161.56332189997192
[2.967022224000013, -2.499999999994829];True;[-3.0942855616155955, -1.1420542718819715, -3.5992891540829843, -2.957507572069405, -4.37477959675417, -2.5192129840378654, -4.986002109462431, -4.582349834365591, -3.604425548118459, 1.022044189870335];161.65496890002396
[2.9647399680000075, -2.498478568];True;[-3.0942855616155955, -1.8040292907994582, -3.5992891540829843, -2.957507572069405, -3.7189821112224553, -2.5192129840378654, -4.986002109462431, -4.582349834365591, -3.7039205141952203, 1.022044189870335];162.04524960007984
[2.965019472000008, -2.4999999999646376];True;[-3.0942855616155955, -1.8040292907994582, -3.5992891540829843, -2.957507572069405, -3.7189821112224553, -2.5192129840378654, -4.986002109462431, -4.582349834365591, -3.6909601862004964, 1.022044189870335];162.64581519993953
[2.96043012000001, -2.4999999999971747];True;[-3.0945895581742717, -2.3117066774014097, -3.5992891540829843, -2.661993058109541, -3.7189821112224553, -2.5192129840378654, -4.986015683472736, -4.582349834365591, -3.6909601862004964, 1.022044189870335];163.24339750001673
[2.9560217760000036, -2.4999999999983835];True;[-3.0942855616155955, -1.8040292907994582, -3.5992891540829843, -2.957507572069405, -3.7189821112224553, -2.5192129840378654, -4.986002109462431, -4.582349834365591, -4.107528146131924, 1.022044189870335];163.625247900025
[2.957215824000006, -2.499999999998989];True;[-4.123950831427644, -1.807265569462049, -3.2097638740244863, -2.661993058109541, -3.7189821112224553, -2.5192129840378654, -4.986015683472736, -4.582349834365591, -3.7043624386790426, 1.022044189870335];153.96881190000568
[2.956855320000007, -2.4999999999965827];True;[-3.0942855616155955, -1.8040292907994582, -3.5992891540829843, -2.957507572069405, -3.66312260753518, -2.9530217436810435, -4.986002109462431, -4.582349834365591, -3.6909601862004964, 1.022044189870335];160.89533179998398
[2.9577115440000137, -2.4999999999994866];True;[-3.0942855616155955, -1.8040292907994582, -3.5992891540829843, -2.957507572069405, -3.7189821112224553, -2.5192129840378654, -4.907770823460267, -4.582349834365591, -4.107528146131924, 1.022044189870335];161.66687270009425
[2.9604368160000005, -2.499999999998505];True;[-3.094282298231292, -2.3117066774014097, -3.5992891540829843, -2.661993058109541, -3.7189821112224553, -2.5192129840378654, -4.986015683472736, -4.582349834365591, -3.6909601862004964, 1.022044189870335];161.79488370008767
[2.9500642800000114, -2.4999999999997846];True;[-3.0942855616155955, -1.8040292907994582, -3.5992891540829843, -3.0691476467918024, -3.7189821112224553, -2.683374880953008, -4.986002109462431, -4.582349834365591, -4.107528146131924, 1.022044189870335];164.1639237999916
[2.930330736000006, -2.4999999999944436];True;[-3.0942855616155955, -1.8040292907994582, -4.51287916881068, -3.0691476467918024, -3.7189821112224553, -2.683374880953008, -4.986002109462431, -4.582349834365591, -4.107528146131924, 1.022044189870335];157.2501507999841
[2.965282128000013, -2.499999999992099];True;[-3.0942855616155955, -1.8040292907994582, -3.5992891540829843, -2.957507572069405, -3.7189821112224553, -2.5192129840378654, -4.986002109462431, -4.582349834365591, -3.678783279778014, 1.022044189870335];157.46792379999533
[2.9623823280000017, -2.499999999998106];True;[-3.0942855616155955, -1.497376414138265, -3.5992891540829843, -2.957507572069405, -3.7189821112224553, -2.5192129840378654, -4.986002109462431, -4.582349834365591, -4.119705052554406, 1.022044189870335];161.03515510004945
[2.9560217760000036, -2.4999999999983835];True;[-3.0942855616155955, -1.8040292907994582, -3.5992891540829843, -2.957507572069405, -3.7189821112224553, -2.5192129840378654, -4.986002109462431, -4.582349834365591, -4.107528146131924, 1.022044189870335];161.30915400001686
[2.9500642800000114, -2.4999999999997846];True;[-3.0942855616155955, -1.8040292907994582, -3.5992891540829843, -3.0691476467918024, -3.7189821112224553, -2.683374880953008, -4.986002109462431, -4.582349834365591, -4.107528146131924, 1.022044189870335];161.5714249999728
[2.9399690880000104, -2.354868];True;[-3.0942855616155955, -1.8040292907994582, -4.51287916881068, -3.0691476467918024, -3.7189821112224553, -2.683374880953008, -4.986002109462431, -4.582349834365591, -4.107528146131924, 1.4682906948461651];156.07541970000602
[2.9324514240000044, -2.499999999999221];True;[-3.0942855616155955, -1.8040292907994582, -4.51287916881068, -3.0691476467918024, -3.7189821112224553, -2.683374880953008, -4.999594766951908, -4.4705759595192, -4.107528146131924, 1.022044189870335];156.89576049998868
[2.9276657280000036, -2.1711184];True;[-3.0942855616155955, -1.8040292907994582, -4.72301364333133, -3.0691476467918024, -3.6214394365899194, -2.683374880953008, -4.996784433934694, -4.582349834365591, -4.107528146131924, 1.022044189870335];159.95308829995338
[2.951890776000013, -2.4999999999976334];True;[-3.0942855616155955, -1.8040292907994582, -3.514727334953789, -3.0691476467918024, -3.7189821112224553, -2.683374880953008, -4.986002109462431, -4.582349834365591, -4.107528146131924, 1.022044189870335];160.94556690007448
[2.9428382160000126, -2.4999999999308407];True;[-3.0942855616155955, -1.8040292907994582, -3.5992891540829843, -3.0691476467918024, -3.7189821112224553, -2.683374880953008, -4.986002109462431, -4.916892439616077, -4.107528146131924, 1.022044189870335];161.71816799999215
[2.953954656000013, -2.4999999999956755];True;[-3.0942855616155955, -1.8040292907994582, -3.5992891540829843, -3.0691476467918024, -3.7189821112224553, -2.683374880953008, -4.986002109462431, -4.402243484462858, -4.107528146131924, 1.022044189870335];155.21747949998826
[2.9390977440000023, -2.4999999999968745];True;[-3.0942855616155955, -1.3981452633089186, -4.51287916881068, -3.0691476467918024, -3.7189821112224553, -2.683374880953008, -4.986002109462431, -4.582349834365591, -4.107528146131924, 1.022044189870335];159.96876209997572
[2.930330736000006, -2.4999999999944436];True;[-3.0942855616155955, -1.8040292907994582, -4.51287916881068, -3.0691476467918024, -3.7189821112224553, -2.683374880953008, -4.986002109462431, -4.582349834365591, -4.107528146131924, 1.022044189870335];159.9958365999628
[2.9428382160000126, -2.4999999999308407];True;[-3.0942855616155955, -1.8040292907994582, -3.5992891540829843, -3.0691476467918024, -3.7189821112224553, -2.683374880953008, -4.986002109462431, -4.916892439616077, -4.107528146131924, 1.022044189870335];161.9482731000753
[2.9100677760000027, -2.2755061];True;[-3.0942855616155955, -1.8040292907994582, -3.5992891540829843, -3.0691476467918024, -3.7189821112224553, -2.683374880953008, -4.986002109462431, -4.916892439616077, -4.107528146131924, -0.4951055112386624];162.3435199999949
[2.937123072000003, -2.499999999998256];True;[-3.0942855616155955, -1.8040292907994582, -4.51287916881068, -3.0691476467918024, -3.7189821112224553, -2.3689076182456708, -4.986002109462431, -4.582349834365591, -4.107528146131924, 1.022044189870335];161.38294139993377
[2.927699208000012, -1.914893];True;[-3.0942855616155955, -1.8040292907994582, -4.72301364333133, -3.0691476467918024, -3.6214394365899194, -2.683374880953008, -4.996784433934694, -4.580789960335514, -4.107528146131924, 1.022044189870335];162.25225720007438
[2.930330736000006, -2.4999999999944436];True;[-3.0942855616155955, -1.8040292907994582, -4.51287916881068, -3.0691476467918024, -3.7189821112224553, -2.683374880953008, -4.986002109462431, -4.582349834365591, -4.107528146131924, 1.022044189870335];162.504223399912
[2.9320503120000008, -2.4999999999985225];True;[-3.0942855616155955, -1.8040292907994582, -4.433265566159386, -3.0691476467918024, -3.7189821112224553, -2.683374880953008, -4.986002109462431, -4.582349834365591, -4.107528146131924, 1.022044189870335];164.16629819991067
[2.9306126160000003, -2.138949];True;[-3.0942855616155955, -2.368466259301647, -3.5992891540829843, -3.0691476467918024, -3.7189821112224553, -2.683374880953008, -4.986002109462431, -4.9184511087794665, -4.107528146131924, 1.022044189870335];164.88334099994972
[2.933952408000012, -2.499999999995278];True;[-2.9266172545497064, -1.8040292907994582, -4.51287916881068, -3.0691476467918024, -3.7189821112224553, -2.683374880953008, -4.986002109462431, -4.582349834365591, -4.107528146131924, 1.022044189870335];157.74160159996245
[2.9143201680000006, -2.4999999999940883];True;[-3.0942855616155955, -1.8040292907994582, -4.51287916881068, -3.0691476467918024, -4.796118888103464, -2.683374880953008, -4.986002109462431, -4.582349834365591, -4.107528146131924, 1.3579486796987286];159.69512109993957
[2.930330736000006, -2.4999999999944436];True;[-3.0942855616155955, -1.8040292907994582, -4.51287916881068, -3.0691476467918024, -3.7189821112224553, -2.683374880953008, -4.986002109462431, -4.582349834365591, -4.107528146131924, 1.022044189870335];160.69792209996376
[2.930330736000006, -2.4999999999944436];True;[-3.0942855616155955, -1.8040292907994582, -4.51287916881068, -3.0691476467918024, -3.7189821112224553, -2.683374880953008, -4.986002109462431, -4.582349834365591, -4.107528146131924, 1.022044189870335];161.8384924000129
[2.912023656000004, -2.499999999998115];True;[-3.0942855616155955, -1.8040292907994582, -4.51287916881068, -3.0691476467918024, -3.7189821112224553, -3.530924311693208, -4.986002109462431, -4.582349834365591, -4.107528146131924, 1.022044189870335];164.86851699999534
[2.927429424000011, -1.7665024];True;[-3.0942855616155955, -1.8040292907994582, -4.733948541344974, -3.0691476467918024, -3.6214394365899194, -2.683374880953008, -4.996784433934694, -4.582349834365591, -4.107528146131924, 1.022044189870335];159.35485520004295
[2.9286068400000005, -2.4999999999968217];True;[-3.0942855616155955, -1.8040292907994582, -4.501944270796967, -3.0691476467918024, -3.7189821112224553, -2.7476770800873744, -4.986002109462431, -4.608789267850302, -4.107528146131924, 1.022044189870335];159.9756650000345
[2.9296103760000083, -2.499999999999221];True;[-3.0942855616155955, -1.8040292907994582, -4.51287916881068, -3.0691476467918024, -3.7189821112224553, -2.7167244068615997, -4.986002109462431, -4.582349834365591, -4.107528146131924, 1.022044189870335];160.00755970005412
[2.9244073680000096, -2.4999999999975984];True;[-3.0942855616155955, -1.8040292907994582, -4.51287916881068, -2.495847195588814, -3.7189821112224553, -3.530924311693208, -4.986002109462431, -4.582349834365591, -4.107528146131924, 1.022044189870335];161.31004070001654
[2.912023656000004, -2.499999999998115];True;[-3.0942855616155955, -1.8040292907994582, -4.51287916881068, -3.0691476467918024, -3.7189821112224553, -3.530924311693208, -4.986002109462431, -4.582349834365591, -4.107528146131924, 1.022044189870335];162.32260459999088
[2.9143201680000006, -2.4999999999940883];True;[-3.0942855616155955, -1.8040292907994582, -4.51287916881068, -3.0691476467918024, -4.796118888103464, -2.683374880953008, -4.986002109462431, -4.582349834365591, -4.107528146131924, 1.3579486796987286];159.96466000005603
[2.9904500160000125, -1.565018];True;[-2.463794235364405, -1.8040292907994582, -3.5992891540829843, -2.663748788960693, -3.7189821112224553, -2.6136355722526305, -4.839377691679787, -4.421107634753918, -3.6513276254710196, 1.022044189870335];160.02063899999484
[2.913377328000011, -2.499999999997804];True;[-3.0942855616155955, -1.8040292907994582, -4.51287916881068, -2.9958028236671743, -3.7189821112224553, -3.5416052388040713, -4.986002109462431, -4.582349834365591, -4.107528146131924, 1.022044189870335];165.0557381999679
[2.912023656000004, -2.499999999998115];True;[-3.0942855616155955, -1.8040292907994582, -4.51287916881068, -3.0691476467918024, -3.7189821112224553, -3.530924311693208, -4.986002109462431, -4.582349834365591, -4.107528146131924, 1.022044189870335];165.62145680002868
[2.901212856000007, -2.499999999997377];True;[-3.0942855616155955, -1.8040292907994582, -4.51287916881068, -3.0673919159406506, -3.7189821112224553, -4.121932693786281, -4.986002109462431, -4.493614214911445, -4.107528146131924, 1.022044189870335];165.91574700002093
[2.8766685600000037, -2.2519302];True;[-3.0942855616155955, -1.8040292907994582, -4.7230713586866395, -3.0673919159406506, -4.634118086677191, -4.121932693786281, -4.99670979547212, -4.493888382187726, -4.107528146131924, 1.022044189870335];163.4075422999449
[2.9129159520000085, -2.381884];True;[-3.0942855616155955, -1.8040292907994582, -4.51287916881068, -2.512905495451271, -3.7189821112224553, -4.121932693786281, -4.998664156159455, -4.493614214911445, -4.107528146131924, 1.022044189870335];163.7135924999602
[2.8903966560000076, -2.4999999999993814];True;[-3.0942855616155955, -1.8040292907994582, -4.882591693581677, -3.0673919159406506, -3.7189821112224553, -4.121932693786281, -4.986002109462431, -4.581896468636823, -4.107528146131924, 0.9792821617289262];165.7785745000001
[2.9218877280000055, -2.3288297];True;[-3.0942855616155955, -1.8040292907994582, -4.51287916881068, -2.9934698777227045, -3.7189821112224553, -3.5304702373260617, -4.98881601418794, -4.301169841686548, -4.107528146131924, 1.124219504684454];167.53469220001716
[2.901212856000007, -2.499999999997377];True;[-3.0942855616155955, -1.8040292907994582, -4.51287916881068, -3.0673919159406506, -3.7189821112224553, -4.121932693786281, -4.986002109462431, -4.493614214911445, -4.107528146131924, 1.022044189870335];168.93817670003045
[2.920278096000012, -2.499999999998528];True;[-3.0942855616155955, -1.8040292907994582, -4.891448224547757, -3.0673919159406506, -3.7189821112224553, -4.121932693786281, -3.6838617468084003, -4.492999190191847, -4.107528146131924, 0.9805048613239558];150.69236450002063
[2.8894132080000134, -1.5225765];True;[-3.0942855616155955, -1.8040292907994582, -4.915056715841852, -3.0673919159406506, -3.7189821112224553, -4.121932693786281, -4.986002109462431, -4.581896468636823, -4.107528146131924, 0.9662319764275059];158.97150550002698
[2.8897920720000054, -2.499999999998414];True;[-3.7216770158397976, -1.8040292907994582, -4.4804041741396405, -3.0673919159406506, -3.7189821112224553, -4.121932693786281, -4.9213127889052135, -4.493614214911445, -4.107528146131924, 1.0235398153236008];162.0734559999546
[2.8903966560000076, -2.4999999999993814];True;[-3.0942855616155955, -1.8040292907994582, -4.882591693581677, -3.0673919159406506, -3.7189821112224553, -4.121932693786281, -4.986002109462431, -4.581896468636823, -4.107528146131924, 0.9792821617289262];164.07962750003207
[2.881560744000006, -2.499999999997374];True;[-3.0942855616155955, -1.8040292907994582, -4.882591693581677, -3.0673919159406506, -3.7189821112224553, -4.121932693786281, -4.986002109462431, -4.581896468636823, -4.107528146131924, 0.5702074232397807];165.20388479996473
[2.8877459040000106, -2.49999999999197];True;[-3.0942855616155955, -1.8040292907994582, -4.882591693581677, -3.0673919159406506, -3.7189821112224553, -4.121932693786281, -4.699658718296719, -4.581896468636823, -4.107528146131924, 0.5702074232397807];161.6247677000938
[2.879357328000001, -2.499999999996153];True;[-3.0942855616155955, -1.8040292907994582, -4.882591693581677, -3.0673919159406506, -3.7189821112224553, -4.223937488789748, -4.986002109462431, -4.581896468636823, -4.107528146131924, 0.5702074232397807];166.93163380003534
[2.8984080960000047, -2.4999999999985816];True;[-2.6218166786113652, -1.8040292907994582, -4.984140636752638, -3.0673919159406506, -3.7189821112224553, -4.121932693786281, -4.986002109462431, -4.581896468636823, -4.107528146131924, 0.9792821617289262];170.11160279996693
[2.8903966560000076, -2.4999999999993814];True;[-3.0942855616155955, -1.8040292907994582, -4.882591693581677, -3.0673919159406506, -3.7189821112224553, -4.121932693786281, -4.986002109462431, -4.581896468636823, -4.107528146131924, 0.9792821617289262];170.9561467000749
[2.860835544000004, -2.499999999932224];True;[-3.0942855616155955, -1.8040292907994582, -4.882591693581677, -3.0673919159406506, -3.7189821112224553, -4.121932693786281, -4.986002109462431, -4.581896468636823, -4.107528146131924, -0.3892760562127373];171.2477835000027
[2.881678248000008, -1.5116073];True;[-3.0942855616155955, -2.4449254386758157, -4.882591693581677, -3.0673919159406506, -3.7189821112224553, -4.121932693786281, -4.986002109462431, -4.542912556121518, -4.107528146131924, 1.1775815197646191];161.96019659994636
[2.8610327520000034, -2.499999999918019];True;[-3.0942855616155955, -1.8040292907994582, -4.882591693581677, -3.0673919159406506, -3.7189821112224553, -4.121932693786281, -4.986002109462431, -4.581896468636823, -4.107528146131924, -0.3801600690155914];163.14779829990584
[2.875995072000009, -1.9552467];True;[-3.0942855616155955, -1.8040292907994582, -4.882591693581677, -3.0673919159406506, -3.7189821112224553, -4.121932693786281, -4.986002109462431, -4.613391550356933, -4.107528146131924, 0.34405542577052883];163.1951027000323
[2.8560407760000044, -2.494688819];True;[-3.0942855616155955, -1.8040292907994582, -4.882591693581677, -3.0673919159406506, -3.7189821112224553, -4.223937488789748, -4.986002109462431, -4.581896468636823, -4.107528146131924, -0.5092526132687965];164.31139640009496
[2.860835544000004, -2.499999999932224];True;[-3.0942855616155955, -1.8040292907994582, -4.882591693581677, -3.0673919159406506, -3.7189821112224553, -4.121932693786281, -4.986002109462431, -4.581896468636823, -4.107528146131924, -0.3892760562127373];165.0034050999675
[2.9487980880000126, -0.651314];True;[-2.463794235364405, -1.8040292907994582, -3.5992891540829843, -3.071677764370161, -3.7189821112224553, -4.134043059854916, -4.839377691679787, -4.421107634753918, -3.6513276254710196, 1.022044189870335];157.99507730000187
[2.9023693200000005, -2.497811983];True;[-3.0942855616155955, -1.8040292907994582, -4.882591693581677, -2.65770720968003, -3.7189821112224553, -2.6087755437275213, -4.986002109462431, -4.581896468636823, -4.107528146131924, -0.3892760562127373];158.34157469996717
[2.8601696160000105, -2.499999999976505];True;[-3.0942855616155955, -1.8040292907994582, -4.981040053057794, -3.0673919159406506, -3.7189821112224553, -4.121932693786281, -4.986002109462431, -4.581896468636823, -4.039925782622054, -0.3892760562127373];163.56380570004694
[2.86443302400001, -2.4999999999782903];True;[-3.0942855616155955, -1.6374905809819362, -4.882591693581677, -3.0673919159406506, -3.7189821112224553, -4.121932693786281, -4.986002109462431, -4.581896468636823, -4.107528146131924, -0.3892760562127373];164.25041039998177
[2.860835544000004, -2.499999999932224];True;[-3.0942855616155955, -1.8040292907994582, -4.882591693581677, -3.0673919159406506, -3.7189821112224553, -4.121932693786281, -4.986002109462431, -4.581896468636823, -4.107528146131924, -0.3892760562127373];164.48535739991348
[2.860835544000004, -2.499999999932224];True;[-3.0942855616155955, -1.8040292907994582, -4.882591693581677, -3.0673919159406506, -3.7189821112224553, -4.121932693786281, -4.986002109462431, -4.581896468636823, -4.107528146131924, -0.3892760562127373];164.36468480003532
[2.8579389840000107, -2.499999999995911];True;[-3.0942855616155955, -1.8040292907994582, -4.882591693581677, -3.0673919159406506, -3.7189821112224553, -4.223937488789748, -4.986002109462431, -4.581896468636823, -4.107528146131924, -0.42137412844340316];165.128565800027
[2.867705424, -2.0320348];True;[-3.0942855616155955, -1.8040292907994582, -4.8914410325740745, -3.0673919159406506, -3.7189821112224553, -4.121932693786281, -4.986002109462431, -4.3199893940133585, -4.039925782622054, -0.39189374324596404];166.10885369998869
[2.8601696160000105, -2.499999999976505];True;[-3.0942855616155955, -1.8040292907994582, -4.981040053057794, -3.0673919159406506, -3.7189821112224553, -4.121932693786281, -4.986002109462431, -4.581896468636823, -4.039925782622054, -0.3892760562127373];167.4986033999594
[2.8712491200000025, -2.4999999999808886];True;[-2.7787254953806952, -1.6374905809819362, -4.882591693581677, -3.0673919159406506, -3.7189821112224553, -4.121932693786281, -4.986002109462431, -4.581896468636823, -4.107528146131924, -0.3892760562127373];167.8031115999911
[2.8641705840000005, -2.499999999716172];True;[-3.0942855616155955, -1.8040292907994582, -4.882591693581677, -3.0673919159406506, -3.7189821112224553, -4.223937488789748, -4.998513564413497, -4.581896468636823, -3.806509436745884, -0.42137412844340316];161.6862201000331
[2.8751505120000047, -2.0314389999999998];True;[-3.0942855616155955, -1.8040292907994582, -4.981040053057794, -3.0673919159406506, -3.7189821112224553, -4.121932693786281, -4.986002109462431, -3.8883343900161966, -4.039925782622054, -0.3892760562127373];163.35020360001363
[2.8720468080000034, -2.499999999925724];True;[-3.0942855616155955, -1.8040292907994582, -4.882591693581677, -3.0673919159406506, -3.7189821112224553, -3.570790321828941, -4.986002109462431, -4.581896468636823, -4.107528146131924, -0.42137412844340316];166.06530320004094
[2.8548078480000045, -2.0035524000000002];True;[-3.0942855616155955, -1.8040292907994582, -4.882591693581677, -3.0673919159406506, -3.861694395737727, -4.223937488789748, -4.988243555867669, -4.581896468636823, -4.107528146131924, -0.42137412844340316];166.5585978999734
[2.8444020480000027, -2.499999999822119];True;[-3.0942855616155955, -1.8040292907994582, -4.981040053057794, -3.0673919159406506, -3.7189821112224553, -4.121932693786281, -4.986002109462431, -4.581896468636823, -4.769891306704754, -0.3892760562127373];167.93580029997975
[2.860835544000004, -2.499999999932224];True;[-3.0942855616155955, -1.8040292907994582, -4.882591693581677, -3.0673919159406506, -3.7189821112224553, -4.121932693786281, -4.986002109462431, -4.581896468636823, -4.107528146131924, -0.3892760562127373];163.7757895999821
[2.8579389840000107, -2.499999999995911];True;[-3.0942855616155955, -1.8040292907994582, -4.882591693581677, -3.0673919159406506, -3.7189821112224553, -4.223937488789748, -4.986002109462431, -4.581896468636823, -4.107528146131924, -0.42137412844340316];164.94197060004808
[2.8454148720000045, -2.499999999991084];True;[-3.0942855616155955, -2.3838456222381077, -4.882591693581677, -3.0673919159406506, -3.7189821112224553, -4.223937488789748, -4.986002109462431, -4.581896468636823, -4.107528146131924, -0.42137412844340316];165.0176948000444
[2.8605458880000127, -2.4999999999722977];True;[-3.0942855616155955, -1.8040292907994582, -4.87624503880391, -3.0673919159406506, -3.7189821112224553, -4.121932693786281, -4.986002109462431, -4.581896468636823, -4.127278223335754, -0.3892760562127373];165.81643170001917
[2.8346280480000123, -2.2671466000000002];True;[-3.0942855616155955, -1.8040292907994582, -4.882591693581677, -3.0673919159406506, -3.7189821112224553, -4.223937488789748, -4.997959717823928, -4.581896468636823, -4.107528146131924, -1.4886302227763322];167.95261599996593
[2.886025032, -2.4999999999913896];True;[-3.0942855616155955, -1.8040292907994582, -4.006930533490996, -3.0673919159406506, -3.7189821112224553, -4.121932693786281, -4.033093832825595, -4.581896468636823, -4.769891306704754, -0.3892760562127373];155.6244002999738
[2.8575259920000096, -2.4999999998287303];True;[-3.0942855616155955, -1.8040292907994582, -4.887868077238207, -3.0673919159406506, -3.7189821112224553, -4.217517692132815, -4.986002109462431, -4.581896468636823, -4.107528146131924, -0.44162974554779866];162.6114675999852
[2.8559848320000025, -2.4999999999842872];True;[-3.0942855616155955, -1.8040292907994582, -4.953371767261446, -3.0673919159406506, -3.7189821112224553, -4.223937488789748, -4.986002109462431, -4.581896468636823, -4.127192056196472, -0.42137412844340316];163.7981332000345
[2.8443769920000057, -2.498547549];True;[-3.0942855616155955, -1.8040292907994582, -4.975762552029885, -3.0673919159406506, -3.7189821112224553, -4.128352490443214, -4.986002109462431, -4.581896468636823, -4.769891306704754, -0.3892760562127373];167.8408177999081
[2.8444020480000027, -2.499999999822119];True;[-3.0942855616155955, -1.8040292907994582, -4.981040053057794, -3.0673919159406506, -3.7189821112224553, -4.121932693786281, -4.986002109462431, -4.581896468636823, -4.769891306704754, -0.3892760562127373];168.46753979998175
[2.8426962960000077, -2.4999999995074043];True;[-3.0942855616155955, -1.8040292907994582, -4.981040053057794, -3.607206387967629, -3.7189821112224553, -4.121932693786281, -4.986002109462431, -4.581896468636823, -4.309058821534987, -0.3892760562127373];164.47864929994103
[2.8443769920000057, -2.498547549];True;[-3.0942855616155955, -1.8040292907994582, -4.975762552029885, -3.0673919159406506, -3.7189821112224553, -4.128352490443214, -4.986002109462431, -4.581896468636823, -4.769891306704754, -0.3892760562127373];167.31159619998652
[2.856578184000008, -2.4999999999062044];True;[-3.0942855616155955, -1.2266268857593232, -4.975762552029885, -3.0673919159406506, -3.7189821112224553, -4.128352490443214, -4.998534128021629, -4.581896468636823, -4.769891306704754, -0.3892760562127373];168.28242239996325
[2.8418212800000036, -2.48378001];True;[-3.0942855616155955, -1.8040292907994582, -4.975762552029885, -3.0173005044850303, -3.7189821112224553, -4.128352490443214, -4.986002109462431, -4.750293559910356, -4.769891306704754, -0.3892760562127373];169.47530259995256
[2.8433190240000075, -2.3904575];True;[-3.0942855616155955, -1.8040292907994582, -4.975762552029885, -3.0673919159406506, -3.7189821112224553, -4.128352490443214, -4.986002109462431, -4.581896468636823, -4.818882378663673, -0.3892760562127373];169.5904880000744
[2.8523603520000105, -2.4999999999907874];True;[-3.0942855616155955, -1.8040292907994582, -4.730272264249361, -3.6099793125824444, -3.7189821112224553, -4.12196704022805, -4.988560253461384, -4.581896468636823, -4.107528146131924, -0.38881565066540863];160.86015880003106
[2.874575952000011, -2.2265432];True;[-3.0942855616155955, -1.8040292907994582, -4.975762552029885, -3.0673919159406506, -3.7189821112224553, -4.115184590067051, -4.9870437715839495, -4.581896468636823, -3.3547522693746075, -0.4184627362008081];160.898735600058
[2.858676624000009, -2.2488555];True;[-3.0942855616155955, -1.8040292907994582, -4.87906309600431, -3.0673919159406506, -3.7189821112224553, -4.223937488789748, -4.986002109462431, -4.581896468636823, -4.107528146131924, -0.3907486403099724];163.26374910003506
[2.847217392000001, -2.0605813];True;[-3.0942855616155955, -1.998943722612453, -4.981040053057794, -3.064618991325835, -3.7189821112224553, -4.223903142347979, -4.986002109462431, -4.581896468636823, -4.309058821534987, -0.42564097183498334];167.46799770009238
[2.8456159680000095, -2.491354324];True;[-3.0942855616155955, -1.8040292907994582, -4.882591693581677, -3.0673919159406506, -3.7189821112224553, -4.237105389165909, -4.991708215041394, -4.581896468636823, -4.688337581482718, -0.3921874484553324];168.1390582000604
[2.825001144, -1.434488];True;[-3.0942855616155955, -2.7413193628790005, -4.975762552029885, -3.0673919159406506, -3.9131013806513693, -4.222428325625927, -4.859227655539578, -4.581896468636823, -4.769891306704754, -0.18759396572003206];162.924309099908
[2.840849064000006, -2.49546011];True;[-3.0942855616155955, -1.8040292907994582, -4.975931613555447, -3.6297259590195887, -3.7189821112224553, -4.121755902003437, -4.986002109462431, -4.650164229827583, -4.309058821534987, -0.3892760562127373];163.92039630003273
[2.8443769920000057, -2.498547549];True;[-3.0942855616155955, -1.8040292907994582, -4.975762552029885, -3.0673919159406506, -3.7189821112224553, -4.128352490443214, -4.986002109462431, -4.581896468636823, -4.769891306704754, -0.3892760562127373];168.2330885999836
[2.8444951440000086, -2.492149751];True;[-3.0942855616155955, -1.8040292907994582, -4.992638492761951, -3.0448723448886907, -3.7189821112224553, -4.128529282226057, -4.986002109462431, -4.581896468636823, -4.769891306704754, -0.3892760562127373];168.29740120004863
[2.844578952000007, -2.49996244476];True;[-3.0942855616155955, -1.8040292907994582, -4.981040053057794, -3.0601216839727483, -3.7189821112224553, -4.128473714662757, -4.986002109462431, -4.581896468636823, -4.762433354957563, -0.3892760562127373];168.56598549999762
[2.8255916880000065, -2.499999999971392];True;[-3.0942855616155955, -2.5290855441648477, -4.981040053057794, -3.606460296613795, -3.7189821112224553, -4.121754636761993, -4.986002109462431, -4.64961425168271, -4.309058821534987, -0.3892760562127373];162.82045810006093
[2.8216514160000066, -2.499999999983273];True;[-3.0942855616155955, -2.2102806509018746, -4.975931613555447, -4.112238626832142, -3.7189821112224553, -4.121755902003437, -4.986002109462431, -4.650164229827583, -4.309058821534987, -0.3892760562127373];163.5509882000042
[2.8422921600000093, -1.996572];True;[-3.0942855616155955, -1.8040292907994582, -4.975931613555447, -3.630472050373422, -3.7189821112224553, -4.121933959027724, -4.986002109462431, -4.582446446781695, -4.309058821534987, -0.3892760562127373];164.70863470004406
[2.8309633920000077, -2.499999999992881];True;[-3.0942855616155955, -1.7048281825300993, -4.975931613555447, -3.6297259590195887, -3.7189821112224553, -4.121755902003437, -4.986002109462431, -4.650164229827583, -4.8659396776745725, -0.3892760562127373];166.79069509997498
[2.831498640000013, -2.499999999986785];True;[-3.0942855616155955, -1.8040292907994582, -4.975931613555447, -3.5912981921532037, -3.7189821112224553, -4.128548218586106, -4.986002109462431, -4.653133180794058, -4.770608977539703, -0.3892760562127373];168.3626584999729
[2.8216514160000066, -2.499999999983273];True;[-3.0942855616155955, -2.2102806509018746, -4.975931613555447, -4.112238626832142, -3.7189821112224553, -4.121755902003437, -4.986002109462431, -4.650164229827583, -4.309058821534987, -0.3892760562127373];164.9525133999996
[2.811299184000013, -2.499999999938629];True;[-3.0942855616155955, -2.2102806509018746, -4.975931613555447, -4.112238626832142, -3.7189821112224553, -4.121866596244248, -4.986002109462431, -4.650164229827583, -4.78822847915393, -0.3892760562127373];167.02750279998872
[2.8243877040000087, -2.499999999989488];True;[-2.96759350126424, -2.2102806509018746, -4.975931613555447, -4.112238626832142, -3.7189821112224553, -4.121755902003437, -4.986002109462431, -4.650164229827583, -4.309058821534987, -0.3892760562127373];168.40360770002007
[2.831498640000013, -2.499999999986785];True;[-3.0942855616155955, -1.8040292907994582, -4.975931613555447, -3.5912981921532037, -3.7189821112224553, -4.128548218586106, -4.986002109462431, -4.653133180794058, -4.770608977539703, -0.3892760562127373];168.84804109996185
[2.831498640000013, -2.499999999986785];True;[-3.0942855616155955, -1.8040292907994582, -4.975931613555447, -3.5912981921532037, -3.7189821112224553, -4.128548218586106, -4.986002109462431, -4.653133180794058, -4.770608977539703, -0.3892760562127373];169.41069529997185
[2.956969368000009, -2.4999999995468034];True;[-2.463794235364405, -1.8040292907994582, -3.5992891540829843, -2.661993058109541, -3.7189821112224553, -2.620885912606237, -4.839377691679787, -4.654010870780635, -3.588960461576313, -0.35196886813616257];158.05878510000184
[2.811299184000013, -2.499999999938629];True;[-3.0942855616155955, -2.2102806509018746, -4.975931613555447, -4.112238626832142, -3.7189821112224553, -4.121866596244248, -4.986002109462431, -4.650164229827583, -4.78822847915393, -0.3892760562127373];163.62556310009677
[2.811572856000005, -2.499999999994395];True;[-3.0942855616155955, -2.2091196454465027, -4.975931613555447, -4.112238626832142, -3.7189821112224553, -4.128651553958278, -4.986002109462431, -4.650164229827583, -4.769936202733529, -0.3892760562127373];165.5658289999701
[2.813805864000013, -2.49999999993517];True;[-3.0942855616155955, -2.2102806509018746, -4.9998991197287594, -3.9722393029152396, -3.7189821112224553, -4.121866596244248, -4.986002109462431, -4.650164229827583, -4.78822847915393, -0.3892760562127373];166.6451940999832
[2.8260344880000066, -2.4999999999865126];True;[-3.0942855616155955, -2.045496676100062, -4.975931613555447, -3.5912981921532037, -3.7189821112224553, -4.121763260872076, -4.986002109462431, -4.653133180794058, -4.788901253960104, -0.3892760562127373];167.8465630999999
[2.824358328000001, -2.4999999999819136];True;[-2.6561544351387982, -3.0972677861909412, -4.5749522169080485, -4.112238626832142, -3.671646319761267, -4.121866596244248, -4.864545876824966, -4.650164229827583, -4.304546976332504, -0.3892760562127373];162.2757853999501
[2.83340354400001, -2.4999999999931455];True;[-3.0942855616155955, -2.2102806509018746, -4.975931613555447, -4.112238626832142, -3.7189821112224553, -4.121866596244248, -4.986002109462431, -4.650164229827583, -4.78822847915393, 0.6340629083848504];165.3523581000045
[2.811846960000003, -2.4999999996562163];True;[-3.0689329154016103, -2.2102806509018746, -4.975931613555447, -4.112238626832142, -3.7189821112224553, -4.121866596244248, -4.986002109462431, -4.650164229827583, -4.78822847915393, -0.3892760562127373];165.65450989990495
[2.830949784000003, -2.4999999999923976];True;[-3.0942855616155955, -2.2102806509018746, -4.975931613555447, -4.112238626832142, -2.8048310498947613, -4.121755902003437, -4.986002109462431, -4.650164229827583, -4.792740305295673, -0.3892760562127373];165.69309100008104
[2.811299184000013, -2.499999999938629];True;[-3.0942855616155955, -2.2102806509018746, -4.975931613555447, -4.112238626832142, -3.7189821112224553, -4.121866596244248, -4.986002109462431, -4.650164229827583, -4.78822847915393, -0.3892760562127373];169.11095600004774
[2.8216514160000066, -2.499999999983273];True;[-3.0942855616155955, -2.2102806509018746, -4.975931613555447, -4.112238626832142, -3.7189821112224553, -4.121755902003437, -4.986002109462431, -4.650164229827583, -4.309058821534987, -0.3892760562127373];169.0615885000443
[2.8106550720000123, -2.499999998870241];True;[-3.0942855616155955, -2.0376185681114025, -4.975931613555447, -4.112238626832142, -3.7189821112224553, -4.121866596244248, -4.986002109462431, -4.650164229827583, -4.990731372257136, -0.3892760562127373];169.09317580005154
[2.824693992000013, -2.2382752];True;[-3.0942855616155955, -2.2102806509018746, -4.9919246066160925, -4.112238626832142, -3.7189821112224553, -3.4920782574306064, -4.986002109462431, -4.650164229827583, -4.781870384288252, -0.3892760562127373];170.40324909996707
[2.8083248640000114, -2.499999999998843];True;[-3.2609327304102447, -2.2102806509018746, -4.975931613555447, -4.112238626832142, -3.7189821112224553, -4.121866596244248, -4.986002109462431, -4.650164229827583, -4.78822847915393, -0.36034047367628164];170.9893582999939
[2.811299184000013, -2.499999999938629];True;[-3.0942855616155955, -2.2102806509018746, -4.975931613555447, -4.112238626832142, -3.7189821112224553, -4.121866596244248, -4.986002109462431, -4.650164229827583, -4.78822847915393, -0.3892760562127373];171.39179350004997
[2.8325075760000096, -2.499999999993972];True;[-3.0942855616155955, -2.2102806509018746, -4.975931613555447, -4.086462216991894, -3.7189821112224553, -3.775729855042089, -4.367125699475863, -4.659082059359301, -4.78822847915393, -0.3892760562127373];176.14349940000102
[2.810516616, -2.4999999999964726];True;[-3.2609327304102447, -2.2102806509018746, -4.728080117634185, -4.112238626832142, -3.7189821112224553, -4.2682556170842405, -4.986002109462431, -4.650164229827583, -4.78822847915393, -0.36034047367628164];183.79356060002465
[2.8111926960000115, -2.499999999995055];True;[-3.0942855616155955, -2.2102806509018746, -4.975931613555447, -4.112238626832142, -3.7189821112224553, -4.121866596244248, -4.986002109462431, -4.650164229827583, -4.793151746531041, -0.3892760562127373];185.3178686000174
[2.808176472000004, -2.4999999999981033];True;[-3.2609327304102447, -2.2102806509018746, -4.982786369021693, -4.112238626832142, -3.7189821112224553, -4.121866596244248, -4.986002109462431, -4.650164229827583, -4.78822847915393, -0.36034047367628164];185.6428678999655
[2.8083248640000114, -2.499999999998843];True;[-3.2609327304102447, -2.2102806509018746, -4.975931613555447, -4.112238626832142, -3.7189821112224553, -4.121866596244248, -4.986002109462431, -4.650164229827583, -4.78822847915393, -0.36034047367628164];186.64890930010006
[2.9354486400000046, -2.499999998368995];True;[-2.463794235364405, -2.2076447866020517, -3.5992891540829843, -2.669103478787157, -3.7189821112224553, -2.620885912606237, -4.978743501341649, -4.421107634753918, -4.260058399387092, -0.35998108851751554];159.1510074000107
[2.874472056000013, -2.4999999999983005];True;[-3.2609327304102447, -1.8066651550992814, -4.975931613555447, -4.1051282052798275, -3.7189821112224553, -4.121866596244248, -4.846595943595518, -4.650164229827583, -3.657993853699826, 1.021684804711569];162.3438694999786
[2.8083248640000114, -2.499999999998843];True;[-3.2609327304102447, -2.2102806509018746, -4.975931613555447, -4.112238626832142, -3.7189821112224553, -4.121866596244248, -4.986002109462431, -4.650164229827583, -4.78822847915393, -0.36034047367628164];166.74387330003083
[2.8083248640000114, -2.499999999998843];True;[-3.2609327304102447, -2.2102806509018746, -4.975931613555447, -4.112238626832142, -3.7189821112224553, -4.121866596244248, -4.986002109462431, -4.650164229827583, -4.78822847915393, -0.36034047367628164];168.920300400001
[2.8083248640000114, -2.499999999998843];True;[-3.2609327304102447, -2.2102806509018746, -4.975931613555447, -4.112238626832142, -3.7189821112224553, -4.121866596244248, -4.986002109462431, -4.650164229827583, -4.78822847915393, -0.36034047367628164];170.54599600005895
[2.7820670400000025, -2.4999999999751177];True;[-3.2609327304102447, -2.7573589358756467, -4.811198702679906, -4.939500449110881, -3.7189821112224553, -4.121866596244248, -4.9920155917601745, -4.650164229827583, -4.78822847915393, -0.36034047367628164];162.17121739999857
[2.8062707040000108, -2.499999999995898];True;[-3.3491638737840663, -2.2102806509018746, -4.982786369021693, -4.112238626832142, -3.7189821112224553, -4.121866596244248, -4.986002109462431, -4.650164229827583, -4.78822847915393, -0.36034047367628164];169.4175817000214
[2.808176472000004, -2.4999999999981033];True;[-3.2609327304102447, -2.2102806509018746, -4.982786369021693, -4.112238626832142, -3.7189821112224553, -4.121866596244248, -4.986002109462431, -4.650164229827583, -4.78822847915393, -0.36034047367628164];169.41667289996985
[2.8083248640000114, -2.499999999998843];True;[-3.2609327304102447, -2.2102806509018746, -4.975931613555447, -4.112238626832142, -3.7189821112224553, -4.121866596244248, -4.986002109462431, -4.650164229827583, -4.78822847915393, -0.36034047367628164];170.1389406999806
[2.8080183600000113, -2.4999999999849587];True;[-3.2609327304102447, -2.2102806509018746, -4.990112191870578, -4.112238626832142, -3.7189821112224553, -4.121866596244248, -4.986002109462431, -4.650164229827583, -4.78822847915393, -0.36034047367628164];170.63120240007993
[2.786178168000003, -2.4999999999140705];True;[-3.2609327304102447, -2.7573589358756467, -4.811198702679906, -4.939500449110881, -3.7189821112224553, -4.121866596244248, -4.9920155917601745, -4.650164229827583, -4.78822847915393, -0.17000862949068551];161.97863560006954
[2.777594544000006, -2.499999999966831];True;[-3.2609327304102447, -2.7573589358756467, -4.811198702679906, -4.939500449110881, -3.7189821112224553, -4.121866596244248, -4.9920155917601745, -4.650164229827583, -4.995276948029157, -0.36034047367628164];161.97881739994045
[2.7820670400000025, -2.4999999999751177];True;[-3.2609327304102447, -2.7573589358756467, -4.811198702679906, -4.939500449110881, -3.7189821112224553, -4.121866596244248, -4.9920155917601745, -4.650164229827583, -4.78822847915393, -0.36034047367628164];164.94822819996625
[2.806126632, -2.499999999996881];True;[-3.2609327304102447, -2.2102806509018746, -4.982786369021693, -4.207139170249345, -3.7189821112224553, -4.121866596244248, -4.986002109462431, -4.650164229827583, -4.78822847915393, -0.36034047367628164];165.14099720004015
[2.8299315600000123, -2.499999999998959];True;[-3.2609327304102447, -1.9540032024860876, -4.982786369021693, -4.112238626832142, -3.7189821112224553, -4.121866596244248, -4.986002109462431, -3.8992651311535114, -4.78822847915393, -0.36034047367628164];166.5956497999141
[2.7776885040000088, -2.499999999710681];True;[-3.2609327304102447, -2.761131746439627, -4.810603622143395, -4.939500449110881, -3.7189821112224553, -4.121866596244248, -4.986182243531891, -4.650164229827583, -4.993588934123577, -0.36034047367628164];162.02033350011334
[2.7814963680000138, -2.499999999976363];True;[-3.2609327304102447, -2.7573589358756467, -4.811198702679906, -4.939500449110881, -3.7189821112224553, -4.121866596244248, -4.9920155917601745, -4.469528987369953, -4.995276948029157, -0.36034047367628164];162.699155600043
[2.815648776000004, -2.499999999908104];True;[-3.2609327304102447, -2.2102806509018746, -4.541958853356055, -4.207139170249345, -3.7189821112224553, -4.121866596244248, -4.986002109462431, -4.650164229827583, -4.78822847915393, -0.36034047367628164];165.5647857999429
[2.7904018320000086, -2.499999999974521];True;[-3.2609327304102447, -2.7573589358756467, -4.811198702679906, -4.939500449110881, -3.7189821112224553, -4.121866596244248, -4.9920155917601745, -4.650164229827583, -4.402360778845358, -0.36034047367628164];166.56408720009495
[2.806126632, -2.499999999996881];True;[-3.2609327304102447, -2.2102806509018746, -4.982786369021693, -4.207139170249345, -3.7189821112224553, -4.121866596244248, -4.986002109462431, -4.650164229827583, -4.78822847915393, -0.36034047367628164];171.744696599897
[2.777594544000006, -2.499999999966831];True;[-3.2609327304102447, -2.7573589358756467, -4.811198702679906, -4.939500449110881, -3.7189821112224553, -4.121866596244248, -4.9920155917601745, -4.650164229827583, -4.995276948029157, -0.36034047367628164];160.26060310006142
[2.7923110560000017, -2.4999999997177027];True;[-3.2609327304102447, -2.761131746439627, -4.1860198834846045, -4.939500449110881, -3.7189821112224553, -4.121866596244248, -4.986182243531891, -4.650164229827583, -4.941180935776007, -0.36034047367628164];161.36985180003103
[2.777594544000006, -2.499999999966831];True;[-3.2609327304102447, -2.7573589358756467, -4.811198702679906, -4.939500449110881, -3.7189821112224553, -4.121866596244248, -4.9920155917601745, -4.650164229827583, -4.995276948029157, -0.36034047367628164];162.54788700002246
[2.793097080000001, -2.499999999988891];True;[-3.2609327304102447, -2.762248199412579, -4.819148987735786, -4.939500449110881, -3.7189821112224553, -3.5989829562031614, -4.985921609402614, -4.650164229827583, -4.78822847915393, -0.365821481332471];164.87088140007108
[2.8105027920000136, -2.4999999999873426];True;[-3.2609327304102447, -2.205391387364942, -4.974796039657172, -4.207139170249345, -3.7189821112224553, -4.121866596244248, -4.992096091819991, -4.650164229827583, -4.78822847915393, -0.16452762183449615];167.54319389990997
[2.777594544000006, -2.499999999966831];True;[-3.2609327304102447, -2.7573589358756467, -4.811198702679906, -4.939500449110881, -3.7189821112224553, -4.121866596244248, -4.9920155917601745, -4.650164229827583, -4.995276948029157, -0.36034047367628164];159.00190210004803
[2.768477184000001, -2.4999999999977605];True;[-3.2609327304102447, -3.121337286881436, -4.869357631699946, -4.939500449110881, -3.7189821112224553, -4.121866596244248, -4.9920155917601745, -4.650164229827583, -4.995276948029157, -0.36034047367628164];160.12070159998257
[2.784541968000001, -2.499999999993001];True;[-3.2609327304102447, -2.7573589358756467, -4.811198702679906, -4.939500449110881, -3.7189821112224553, -4.121866596244248, -4.670381933605924, -4.650164229827583, -4.995276948029157, -0.36034047367628164];160.49569909996353
[2.784643272000009, -2.499999999945571];True;[-3.2820475392585915, -2.731031449703192, -4.811198702679906, -4.9434538051283194, -3.7189821112224553, -4.121866596244248, -4.9949578761467075, -4.650164229827583, -4.9772870391211255, -0.05033508050777302];162.7449924000539
[2.777594544000006, -2.499999999966831];True;[-3.2609327304102447, -2.7573589358756467, -4.811198702679906, -4.939500449110881, -3.7189821112224553, -4.121866596244248, -4.9920155917601745, -4.650164229827583, -4.995276948029157, -0.36034047367628164];164.0848770000739
[2.777594544000006, -2.499999999966831];True;[-3.2609327304102447, -2.7573589358756467, -4.811198702679906, -4.939500449110881, -3.7189821112224553, -4.121866596244248, -4.9920155917601745, -4.650164229827583, -4.995276948029157, -0.36034047367628164];163.31164990004618
[2.8028695680000077, -2.499999999977055];True;[-3.2609327304102447, -3.1466554676398397, -4.869357631699946, -2.6613565716902716, -4.481929110864666, -4.172619793184297, -4.83897684289539, -4.650164229827583, -4.995276948029157, -0.36034047367628164];163.91395760001615
[2.7746865360000066, -2.48484605];True;[-3.2609327304102447, -2.7573589358756467, -4.811198702679906, -4.939500449110881, -3.7189821112224553, -4.121866596244248, -4.9920155917601745, -4.784786289596228, -4.995276948029157, -0.36034047367628164];164.67567909997888
[2.771554320000008, -1.8477907999999998];True;[-3.2609327304102447, -3.121337286881436, -4.869357631699946, -4.939500449110881, -3.7189821112224553, -4.121866596244248, -4.9920155917601745, -4.507700850905614, -4.995276948029157, -0.36034047367628164];164.72734530002344
[2.7725878800000103, -2.499999999973809];True;[-3.2609327304102447, -2.7573589358756467, -4.815069630220997, -4.729353451557868, -4.0567962989395845, -4.121866596244248, -4.9920155917601745, -4.750425946169033, -4.995276948029157, -0.36034047367628164];166.05734960001428
[2.777594544000006, -2.499999999966831];True;[-3.2609327304102447, -2.7573589358756467, -4.811198702679906, -4.939500449110881, -3.7189821112224553, -4.121866596244248, -4.9920155917601745, -4.650164229827583, -4.995276948029157, -0.36034047367628164];163.69340380001813
[2.7931608000000137, -2.4999999993722417];True;[-3.2609327304102447, -2.7573589358756467, -4.811198702679906, -4.939500449110881, -2.998324901606103, -4.121866596244248, -4.9920155917601745, -4.650164229827583, -4.995276948029157, -0.36034047367628164];164.96852820005734
[2.779363584000008, -2.499999999994973];True;[-3.2609327304102447, -3.121337286881436, -4.869357631699946, -4.939500449110881, -3.7189821112224553, -3.6178662113467515, -4.9920155917601745, -4.650164229827583, -4.995276948029157, -0.36034047367628164];165.00624959997367
[2.76839164800001, -2.499999999866961];True;[-3.2609327304102447, -3.121337286881436, -4.869357631699946, -4.939500449110881, -3.7189821112224553, -4.121866596244248, -4.9920155917601745, -4.650164229827583, -4.9992465744409635, -0.36034047367628164];165.1995097999461
[2.7460125360000003, -2.4999999999818012];True;[-3.2609327304102447, -3.9877021788720213, -4.815069630220997, -4.729353451557868, -4.0567962989395845, -4.121866596244248, -4.9920155917601745, -4.750425946169033, -4.995276948029157, -0.36034047367628164];165.863363499986
[2.7725878800000103, -2.499999999973809];True;[-3.2609327304102447, -2.7573589358756467, -4.815069630220997, -4.729353451557868, -4.0567962989395845, -4.121866596244248, -4.9920155917601745, -4.750425946169033, -4.995276948029157, -0.36034047367628164];161.70631080004387
[2.768477184000001, -2.4999999999977605];True;[-3.2609327304102447, -3.121337286881436, -4.869357631699946, -4.939500449110881, -3.7189821112224553, -4.121866596244248, -4.9920155917601745, -4.650164229827583, -4.995276948029157, -0.36034047367628164];162.71285610005725
[2.7725878800000103, -2.499999999973809];True;[-3.2609327304102447, -2.7573589358756467, -4.815069630220997, -4.729353451557868, -4.0567962989395845, -4.121866596244248, -4.9920155917601745, -4.750425946169033, -4.995276948029157, -0.36034047367628164];163.06084769999143
[2.7455628240000003, -2.494399393];True;[-3.2609327304102447, -3.121337286881436, -4.869357631699946, -4.939500449110881, -3.7189821112224553, -4.121866596244248, -4.9920155917601745, -4.650164229827583, -4.995276948029157, -1.421203146490121];164.11530230008066
[2.7460125360000003, -2.4999999999818012];True;[-3.2609327304102447, -3.9877021788720213, -4.815069630220997, -4.729353451557868, -4.0567962989395845, -4.121866596244248, -4.9920155917601745, -4.750425946169033, -4.995276948029157, -0.36034047367628164];167.30958680005278
[2.7496508400000064, -2.499999999996035];True;[-3.2609327304102447, -4.07692407743104, -4.815069630220997, -4.729353451557868, -4.0567962989395845, -4.121866596244248, -4.7343593912628865, -4.750425946169033, -4.995276948029157, -0.36034047367628164];157.3698106999509
[2.7649626480000107, -2.4999999998126174];True;[-3.2609327304102447, -3.121055797325567, -4.902122042084583, -4.9399321058057, -3.7267516314172138, -4.121866596244248, -4.9920155917601745, -4.751999441438202, -4.995276948029157, -0.3805475626891972];158.91097570001148
[2.7460125360000003, -2.4999999999818012];True;[-3.2609327304102447, -3.9877021788720213, -4.815069630220997, -4.729353451557868, -4.0567962989395845, -4.121866596244248, -4.9920155917601745, -4.750425946169033, -4.995276948029157, -0.36034047367628164];160.03874829993583
[2.7460125360000003, -2.4999999999818012];True;[-3.2609327304102447, -3.9877021788720213, -4.815069630220997, -4.729353451557868, -4.0567962989395845, -4.121866596244248, -4.9920155917601745, -4.750425946169033, -4.995276948029157, -0.36034047367628164];160.8137956999708
[2.74277404800001, -2.499999999866467];True;[-3.2609327304102447, -3.9877021788720213, -4.815069630220997, -4.729353451557868, -4.0567962989395845, -4.121866596244248, -4.9920155917601745, -4.750425946169033, -4.995276948029157, -0.5102763819675493];161.46243660000619
[2.74277404800001, -2.499999999866467];True;[-3.2609327304102447, -3.9877021788720213, -4.815069630220997, -4.729353451557868, -4.0567962989395845, -4.121866596244248, -4.9920155917601745, -4.750425946169033, -4.995276948029157, -0.5102763819675493];160.89139590004925
[2.746001088000008, -0.1756890000000002];True;[-3.2609327304102447, -3.9877021788720213, -4.815069630220997, -4.729353451557868, -4.0567962989395845, -4.086503797611609, -4.9920155917601745, -4.786324271754296, -4.995276948029157, -0.36034047367628164];161.11954079999123
[2.74277404800001, -2.499999999866467];True;[-3.2609327304102447, -3.9877021788720213, -4.815069630220997, -4.729353451557868, -4.0567962989395845, -4.121866596244248, -4.9920155917601745, -4.750425946169033, -4.995276948029157, -0.5102763819675493];161.99005229992326
[2.740819248000001, -2.48923787];True;[-3.2609327304102447, -3.9877021788720213, -4.905543448233731, -4.729353451557868, -4.0567962989395845, -4.121866596244248, -4.9920155917601745, -4.750425946169033, -4.995276948029157, -0.5102763819675493];162.48864260001574
[2.7460125360000003, -2.4999999999818012];True;[-3.2609327304102447, -3.9877021788720213, -4.815069630220997, -4.729353451557868, -4.0567962989395845, -4.121866596244248, -4.9920155917601745, -4.750425946169033, -4.995276948029157, -0.36034047367628164];162.78789519995917
[2.74277404800001, -2.499999999866467];True;[-3.2609327304102447, -3.9877021788720213, -4.815069630220997, -4.729353451557868, -4.0567962989395845, -4.121866596244248, -4.9920155917601745, -4.750425946169033, -4.995276948029157, -0.5102763819675493];162.44488939992152
[2.73986193600001, -2.46903355];True;[-3.2431776404487502, -3.9877021788720213, -4.815069630220997, -4.729353451557868, -4.209381676661293, -4.121866596244248, -4.9920155917601745, -4.750425946169033, -4.995276948029157, -0.5102763819675493];162.44880960008595
[2.7363461040000034, -2.1167111];True;[-3.2609327304102447, -4.478729998289028, -4.815069630220997, -4.729353451557868, -4.0567962989395845, -4.121866596244248, -4.9920155917601745, -4.750425946169033, -4.801849004916132, -0.5102763819675493];163.2284521999536
[2.7668517840000044, -2.4999999998132822];True;[-3.2609327304102447, -3.9877021788720213, -4.815069630220997, -4.729353451557868, -2.9420810542322684, -4.121866596244248, -4.9920155917601745, -4.750425946169033, -4.995276948029157, -0.5102763819675493];163.98601360002067
[2.738929464000006, -2.4999999999729137];True;[-3.2609327304102447, -3.9877021788720213, -4.993060305185994, -4.729353451557868, -4.0567962989395845, -4.121866596244248, -4.9920155917601745, -4.750425946169033, -4.995276948029157, -0.5102763819675493];164.4543453999795
[2.7582876000000063, -2.4999999999513407];True;[-3.2609327304102447, -3.3623665270267287, -4.603605978926757, -4.84793155832505, -4.0567962989395845, -4.121866596244248, -4.9920155917601745, -4.750425946169033, -4.995276948029157, -0.5102763819675493];158.52646419999655
[2.7410356800000035, -0.12301399999999996];True;[-3.2609327304102447, -3.9877021788720213, -4.992187112429522, -4.729353451557868, -4.0567962989395845, -4.021456368444042, -4.9920155917601745, -4.750425946169033, -4.995276948029157, -0.5140509893714701];162.52276730001904
[2.741722992000012, -2.493732299];True;[-3.13160854199167, -3.9877021788720213, -4.993060305185994, -4.729353451557868, -4.0567962989395845, -4.121866596244248, -4.9920155917601745, -4.750425946169033, -4.995276948029157, -0.5102763819675493];162.97333369997796
[2.738929464000006, -2.4999999999729137];True;[-3.2609327304102447, -3.9877021788720213, -4.993060305185994, -4.729353451557868, -4.0567962989395845, -4.121866596244248, -4.9920155917601745, -4.750425946169033, -4.995276948029157, -0.5102763819675493];163.31983029993717
[2.73986193600001, -2.46903355];True;[-3.2431776404487502, -3.9877021788720213, -4.815069630220997, -4.729353451557868, -4.209381676661293, -4.121866596244248, -4.9920155917601745, -4.750425946169033, -4.995276948029157, -0.5102763819675493];164.8556052999338
[2.738929464000006, -2.4999999999729137];True;[-3.2609327304102447, -3.9877021788720213, -4.993060305185994, -4.729353451557868, -4.0567962989395845, -4.121866596244248, -4.9920155917601745, -4.750425946169033, -4.995276948029157, -0.5102763819675493];162.30169590003788
[2.743298712000006, -2.4999999999938503];True;[-3.2609327304102447, -3.7819361017614384, -4.993060305185994, -4.729353451557868, -4.0567962989395845, -4.121866596244248, -4.9920155917601745, -4.750425946169033, -4.998767328699336, -0.5102763819675493];163.22575570002664
[2.7926283600000072, -2.4999999999946443];True;[-3.2609327304102447, -3.9877021788720213, -2.5070066427841136, -4.729353451557868, -4.0567962989395845, -4.121866596244248, -4.9920155917601745, -4.750425946169033, -4.995276948029157, -0.5102763819675493];163.55994369997643
[2.735195688, -2.499999999998571];True;[-3.2609327304102447, -4.336621608907833, -4.999811501234167, -4.729353451557868, -4.0567962989395845, -4.121866596244248, -4.9920155917601745, -4.750425946169033, -4.812462715731616, -0.5102763819675493];163.94990839995444
[2.738929464000006, -2.4999999999729137];True;[-3.2609327304102447, -3.9877021788720213, -4.993060305185994, -4.729353451557868, -4.0567962989395845, -4.121866596244248, -4.9920155917601745, -4.750425946169033, -4.995276948029157, -0.5102763819675493];164.26848099997733
[2.7725580720000114, -2.0907476];True;[-3.261226271590136, -4.3230628378357405, -4.996412264107617, -4.340699861805749, -2.543124302553349, -4.121866596244248, -4.998450748578575, -4.750425946169033, -4.995276948029157, -0.5102763819675493];162.94561269995756
[2.7314100720000067, -2.499999999949682];True;[-3.6090419525334623, -3.9877021788720213, -4.993060305185994, -4.729353451557868, -4.0567962989395845, -4.121866596244248, -4.9920155917601745, -4.750425946169033, -4.995276948029157, -0.5102763819675493];163.50417259999085
[2.7367850160000122, -2.4999999999982063];True;[-3.2609327304102447, -4.336621608907833, -4.7360617922803545, -4.729353451557868, -4.0567962989395845, -4.121866596244248, -4.998884231799241, -4.750425946169033, -4.9957699407982705, -0.5102763819675493];164.8565548999468
[2.7541604880000072, -1.34149];True;[-3.242884099268859, -4.001260949944113, -4.815662765432781, -4.2330707986760725, -4.212602122855923, -4.121866596244248, -4.9920155917601745, -4.750425946169033, -4.812462715731616, -0.5102763819675493];166.42541190003976
[2.731869072000001, -2.4999999999967213];True;[-3.414943815206562, -4.336621608907833, -4.999811501234167, -4.729353451557868, -4.0567962989395845, -4.121866596244248, -4.9920155917601745, -4.750425946169033, -4.812462715731616, -0.5102763819675493];167.46767529996578
[2.7367850160000122, -2.4999999999982063];True;[-3.2609327304102447, -4.336621608907833, -4.7360617922803545, -4.729353451557868, -4.0567962989395845, -4.121866596244248, -4.998884231799241, -4.750425946169033, -4.9957699407982705, -0.5102763819675493];159.47085569996852
[2.731842936000012, -2.4999999999986677];True;[-3.414943815206562, -4.336621608907833, -4.999811501234167, -4.729353451557868, -4.0567962989395845, -4.121866596244248, -4.9920155917601745, -4.750425946169033, -4.813676317054518, -0.5102763819675493];161.5871196000371
[2.748910176000013, -2.499999999974475];True;[-3.6090419525334623, -3.9877021788720213, -4.993060305185994, -4.729353451557868, -4.0567962989395845, -4.121866596244248, -4.9920155917601745, -3.9402582806413218, -4.995276948029157, -0.5102763819675493];163.57145509996917
[2.736767304000007, -0.669786];True;[-3.2609327304102447, -4.336621608907833, -4.7360617922803545, -4.729353451557868, -4.0567962989395845, -4.121866596244248, -4.998884231799241, -4.750425946169033, -4.9965818932970745, -0.5102763819675493];164.01940789993387
[2.7471981600000057, -1.9431303];True;[-3.259904461999594, -4.336621608907833, -4.990829393701098, -3.991922286885573, -4.0567962989395845, -4.121866596244248, -4.998822582595078, -4.750425946169033, -4.997397121824814, -0.5102763819675493];165.81264269992243
[2.743692912000009, -2.49999999992927];True;[-3.6090419525334623, -3.9877021788720213, -4.993060305185994, -4.729353451557868, -4.0567962989395845, -4.121866596244248, -4.9920155917601745, -4.1817692917636755, -4.995276948029157, -0.5102763819675493];163.3343185998965
[2.731869072000001, -2.4999999999967213];True;[-3.414943815206562, -4.336621608907833, -4.999811501234167, -4.729353451557868, -4.0567962989395845, -4.121866596244248, -4.9920155917601745, -4.750425946169033, -4.812462715731616, -0.5102763819675493];167.01193230005447
[2.727630720000013, -2.4999999999703917];True;[-3.414943815206562, -4.532836046456841, -4.999811501234167, -4.729353451557868, -4.0567962989395845, -4.121866596244248, -4.9920155917601745, -4.750425946169033, -4.812462715731616, -0.5102763819675493];167.75787860003766
[2.731842936000012, -2.4999999999986677];True;[-3.414943815206562, -4.336621608907833, -4.999811501234167, -4.729353451557868, -4.0567962989395845, -4.121866596244248, -4.9920155917601745, -4.750425946169033, -4.813676317054518, -0.5102763819675493];167.96356439997908
[2.731842936000012, -2.4999999999986677];True;[-3.414943815206562, -4.336621608907833, -4.999811501234167, -4.729353451557868, -4.0567962989395845, -4.121866596244248, -4.9920155917601745, -4.750425946169033, -4.813676317054518, -0.5102763819675493];176.65582630003337
[2.7484544160000097, -2.499999999907166];True;[-3.623720476262678, -3.9877021788720213, -4.993148343866012, -4.729353451557868, -4.0567962989395845, -4.121866596244248, -4.9920155917601745, -3.9465911595603136, -4.995276948029157, -0.5102763819675493];163.4122279000003
[2.7279501840000027, -2.4999999999991402];True;[-3.4002652914773464, -4.532836046456841, -4.999696329705186, -4.729353451557868, -4.0567962989395845, -4.121866596244248, -4.9920155917601745, -4.750425946169033, -4.812462715731616, -0.5102763819675493];163.7966727000894
[2.7296036640000048, -2.48079494];True;[-3.6090419525334623, -4.0680164645053765, -4.996411150489373, -4.729353451557868, -4.0567962989395845, -4.121866596244248, -4.9920155917601745, -4.750425946169033, -4.995276948029157, -0.5102763819675493];164.45188579999376
[2.7235139760000138, -1.136912];True;[-3.607920846834941, -4.537174254254085, -4.993082470019124, -4.729353451557868, -4.0567962989395845, -4.121866596244248, -4.9920155917601745, -4.750425946169033, -4.812462715731616, -0.5102763819675493];164.69097480003256
[2.7294382080000066, -2.499999999994703];True;[-3.6090419525334623, -3.9877021788720213, -4.993060305185994, -4.729353451557868, -4.0567962989395845, -4.121866596244248, -4.9939550673081605, -4.839764075594422, -4.995276948029157, -0.5102763819675493];165.5388928001048
[2.7444223440000055, -1.9504663];True;[-3.4002652914773464, -4.532836046456841, -4.999696329705186, -4.729353451557868, -4.0567962989395845, -4.121866596244248, -4.2294212414228936, -4.750425946169033, -4.812462715731616, -0.5102763819675493];161.0494567999849
[2.7323488080000096, -2.4999999998343525];True;[-3.414943815206562, -4.532836046456841, -4.999811501234167, -4.729353451557868, -4.0567962989395845, -4.121866596244248, -4.773591143336954, -4.750425946169033, -4.812462715731616, -0.5102763819675493];161.16242429998238
[2.7670645440000112, -2.4999999999981877];True;[-2.4340708124580286, -4.532836046456841, -4.999696329705186, -4.729353451557868, -4.0567962989395845, -3.1614295589711015, -4.9920155917601745, -4.866217333469371, -4.812462715731616, -0.5102763819675493];164.06228209997062
[2.7279583920000046, -2.499999999958117];True;[-3.399896613853985, -4.532836046456841, -4.999696329705186, -4.729353451557868, -4.0567962989395845, -4.121866596244248, -4.9920155917601745, -4.750425946169033, -4.812462715731616, -0.5102763819675493];165.16030659992248
[2.7364424400000003, -1.5449308];True;[-3.4002652914773464, -4.532836046456841, -4.606528592577938, -4.729353451557868, -4.0567962989395845, -4.121866596244248, -4.9920155917601745, -4.750425946169033, -4.812462715731616, -0.5102763819675493];168.23469990002923
[2.743772832000002, -2.2019147];True;[-3.4002652914773464, -4.532836046456841, -4.999696329705186, -4.729353451557868, -4.382108470592124, -4.121866596244248, -4.9920155917601745, -4.750425946169033, -3.754602864256568, -0.5102763819675493];158.3523643000517
[2.7359067600000038, -2.47364159];True;[-3.6090419525334623, -4.0680164645053765, -4.275024268152016, -4.729353451557868, -4.0567962989395845, -4.121866596244248, -4.994756717140167, -4.750425946169033, -4.995276948029157, -0.9370806237011442];160.91718580003362
[2.7413637840000007, -2.4999999999981912];True;[-3.4002652914773464, -4.532836046456841, -4.3786992435760945, -4.729353451557868, -4.0567962989395845, -4.121866596244248, -4.9920155917601745, -4.750425946169033, -4.812462715731616, -0.5102763819675493];161.6204893999966
[2.7279501840000027, -2.4999999999991402];True;[-3.4002652914773464, -4.532836046456841, -4.999695379541538, -4.729353451557868, -4.0567962989395845, -4.121866596244248, -4.9920155917601745, -4.750425946169033, -4.812462715731616, -0.5102763819675493];161.97080370003823
[2.721728952000013, -2.499999999997583];True;[-3.6881631333146574, -4.532836046456841, -4.999812451397816, -4.729353451557868, -4.0567962989395845, -4.121866596244248, -4.9920155917601745, -4.750425946169033, -4.812462715731616, -0.5102763819675493];165.53485229995567
[2.767366512000005, -1.093311];True;[-3.414943815206562, -4.532836046456841, -4.999811501234167, -4.729353451557868, -2.55136217165731, -4.121866596244248, -4.657831493462206, -4.750425946169033, -4.812462715731616, -0.5102763819675493];159.37518880004063
[2.75147236800001, -2.4999999997419096];True;[-2.5771131773558436, -4.087529661860719, -4.996349097920208, -4.729353451557868, -4.0567962989395845, -4.121866596244248, -4.9920155917601745, -4.750425946169033, -4.995276948029157, -0.5102763819675493];159.79610639996827
[2.729185272000001, -2.4999999999983435];True;[-3.4225637215162656, -4.532836046456841, -4.999811498591759, -4.729353451557868, -4.0567962989395845, -4.121866596244248, -4.9920155917601745, -4.750425946169033, -4.812462715731616, -0.4306672716151616];164.56993670004886
[2.720702304000011, -2.499999999997762];True;[-3.6908555162014896, -4.559879720755782, -4.999696329705186, -4.751483837664246, -4.0567962989395845, -4.521523341819049, -4.9920155917601745, -4.346586342422491, -4.812462715731616, -0.5102763819675493];164.59542520006653
[2.7283705200000092, -2.4999999999991362];True;[-3.4002652914773464, -4.513322849101046, -4.999754609651958, -4.729353451557868, -4.0567962989395845, -4.121866596244248, -4.9920155917601745, -4.750425946169033, -4.812462715731616, -0.5102763819675493];165.57238070003223
[2.7315887040000044, -2.499999999987934];True;[-3.6908555162014896, -4.055878400117313, -4.999696329705186, -4.751483837664246, -4.0567962989395845, -4.521523341819049, -4.9920155917601745, -4.346586342422491, -4.812462715731616, -0.5102763819675493];163.07239119999576
[2.732143608000004, -2.4999999999973377];True;[-3.6908555162014896, -4.559879720755782, -4.999696329705186, -4.751483837664246, -3.5271033461949575, -4.521523341819049, -4.9920155917601745, -4.346586342422491, -4.812462715731616, -0.5102763819675493];163.27692500001285
[2.728343304000014, -2.499999999984153];True;[-3.4002652914773464, -4.514612832899612, -4.999754609651958, -4.729353451557868, -4.0567962989395845, -4.121866596244248, -4.9920155917601745, -4.750425946169033, -4.812462715731616, -0.5102763819675493];164.16011250007432
[2.7279782640000083, -2.4999999999949476];True;[-3.4002652914773464, -4.5315460626582755, -4.999696329705186, -4.729353451557868, -4.0567962989395845, -4.121866596244248, -4.9920155917601745, -4.750425946169033, -4.812462715731616, -0.5102763819675493];164.2251989999786
[2.7274356720000115, -2.499999999986238];True;[-3.4002652914773464, -4.532836046456841, -4.999696329705186, -4.752122828719245, -4.0567962989395845, -4.122908626633729, -4.9920155917601745, -4.750425946169033, -4.812462715731616, -0.5102763819675493];164.4223454000894
[2.7275412960000023, -2.4999999999387783];True;[-3.622502660711829, -4.559879720755782, -4.999696329705186, -4.751483837664246, -4.0567962989395845, -4.521523341819049, -4.743724028445567, -4.346586342422491, -4.812462715731616, -0.5102763819675493];160.71504630008712
[2.727949320000006, -2.4999999999965037];True;[-3.4002652914773464, -4.532879880431379, -4.999696329705186, -4.729353451557868, -4.0567962989395845, -4.121866596244248, -4.9920155917601745, -4.750425946169033, -4.812462715731616, -0.5102763819675493];165.87299730000086
[2.721728952000013, -2.499999999997583];True;[-3.6881631333146574, -4.532836046456841, -4.999812451397816, -4.729353451557868, -4.0567962989395845, -4.121866596244248, -4.9920155917601745, -4.750425946169033, -4.812462715731616, -0.5102763819675493];166.01666990004014
[2.720702304000011, -2.499999999997762];True;[-3.6908555162014896, -4.559879720755782, -4.999696329705186, -4.751483837664246, -4.0567962989395845, -4.521523341819049, -4.9920155917601745, -4.346586342422491, -4.812462715731616, -0.5102763819675493];166.84774459991604
[2.7100211040000097, -1.459911];True;[-3.4002652914773464, -4.532836046456841, -4.999755309825904, -4.729353451557868, -4.0567962989395845, -4.121866596244248, -4.9920155917601745, -4.750425946169033, -4.812462715731616, -1.340268516777583];172.57440909999423
[2.7197732880000074, -2.4999999999973594];True;[-3.6908555162014896, -4.559879720755782, -4.999696329705186, -4.751483837664246, -4.0567962989395845, -4.564533215810094, -4.9920155917601745, -4.346586342422491, -4.812462715731616, -0.5102763819675493];161.73200199997518
[2.7302034960000054, -2.4999999999984226];True;[-3.6881631333146574, -4.532836046456841, -4.999812451397816, -4.728351679747353, -4.0567962989395845, -4.126987916214043, -4.9920155917601745, -4.3539757294767, -4.812462715731616, -0.5102763819675493];162.07886120001785
[2.7226136880000027, -2.499999999997929];True;[-3.552674767292618, -4.559879720755782, -4.999696329705186, -4.751483837664246, -4.0567962989395845, -4.521523341819049, -4.9920155917601745, -4.3962835881232305, -4.812462715731616, -0.5102763819675493];162.61263380001765
[2.745643824000013, -2.4999999999980735];True;[-3.6908555162014896, -4.559879720755782, -4.999696329705186, -4.751483837664246, -4.0567962989395845, -3.506437952089244, -4.9920155917601745, -4.346586342422491, -4.672849587528509, -0.5102763819675493];163.76693639997393
[2.712227760000005, -2.499999999997859];True;[-3.6908555162014896, -4.559879720755782, -4.999696329705186, -4.752485609474761, -4.0567962989395845, -4.5164020218492205, -4.9920155917601745, -4.7430365589025945, -4.812462715731616, -0.5102763819675493];167.4110811999999
[2.726526744000007, -2.499999999999506];True;[-3.6908555162014896, -4.559879720755782, -4.999696329705186, -4.752523582079747, -4.0567962989395845, -4.128406184938366, -4.9920155917601745, -4.469040316283521, -4.812462715731616, -0.5102763819675493];165.5264702999266
[2.7226136880000027, -2.499999999997929];True;[-3.552674767292618, -4.559879720755782, -4.999696329705186, -4.751483837664246, -4.0567962989395845, -4.521523341819049, -4.9920155917601745, -4.3962835881232305, -4.812462715731616, -0.5102763819675493];167.59093180007767
[2.722593816000013, -2.4999999999988307];True;[-3.6908555162014896, -4.78551749972679, -4.999696329705186, -4.752485609474761, -4.0567962989395845, -4.2251493763171375, -4.9920155917601745, -4.7430365589025945, -4.812462715731616, -0.09598222050640648];167.85122660000343
[2.71407758400001, -2.499999999997687];True;[-3.6908555162014896, -4.559879720755782, -4.999696329705186, -4.752485609474761, -4.0567962989395845, -4.5164020218492205, -4.9920155917601745, -4.7430365589025945, -4.7268223458799845, -0.5102763819675493];169.07628809998278
[2.7179426880000053, -2.499999999996002];True;[-3.6908555162014896, -4.559879720755782, -4.999696329705186, -4.487901388787181, -4.0567962989395845, -4.5164020218492205, -4.9920155917601745, -4.7430365589025945, -4.812462715731616, -0.5102763819675493];170.77525489998516
[2.8638407520000104, -2.499999999998099];True;[-2.463794235364405, -4.497303643026375, -4.917442400632139, -2.661993058109541, -3.7189821112224553, -4.486965228650467, -4.839377691679787, -4.349685364829028, -3.6682119576880936, 0.9889627452341722];157.87785689998418
[2.8311541200000123, -0.507681];True;[-3.6908555162014896, -1.8665124359171608, -3.6610804358602445, -4.751483837664246, -4.0567962989395845, -2.6554398624665727, -4.9920155917601745, -4.41800861234738, -4.795540786541275, -1.2403234630204172];161.85700029996224
[2.7197732880000074, -2.4999999999973594];True;[-3.6908555162014896, -4.559879720755782, -4.999696329705186, -4.751483837664246, -4.0567962989395845, -4.564533215810094, -4.9920155917601745, -4.346586342422491, -4.812462715731616, -0.5102763819675493];162.4150775000453
[2.710716408000011, -2.4999999999977938];True;[-3.6908555162014896, -4.979172615077903, -4.999696329705186, -4.751483837664246, -4.0567962989395845, -4.564533215810094, -4.9920155917601745, -4.346586342422491, -4.812462715731616, -0.5102763819675493];166.77955099998508
[2.714317344000003, -2.4999999999982414];True;[-3.6908555162014896, -4.559879720755782, -4.999696329705186, -4.752485609474761, -4.0567962989395845, -4.5164020218492205, -4.992680656240178, -4.645637537091476, -4.812462715731616, -0.5102763819675493];168.69492189993616
[2.882231856000006, -2.4999999999977054];True;[-2.463794235364405, -1.810085385210369, -4.973629355363784, -4.605828026396207, -3.7202424689128715, -2.620885912606237, -4.84180930766194, -4.4172090919238745, -3.6513276254710196, -0.6585317335472203];159.07793370005675
[2.712841848000011, -2.499999999998794];True;[-3.6908555162014896, -4.979172615077903, -4.999696329705186, -4.653083497865642, -4.0567962989395845, -4.564533215810094, -4.9920155917601745, -4.346586342422491, -4.812462715731616, -0.5102763819675493];160.21741949999705
[2.7247518720000112, -2.4999999999972924];True;[-3.6908555162014896, -4.559879720755782, -4.999696329705186, -4.2581641304809805, -4.0567962989395845, -4.5164020218492205, -4.9920155917601745, -4.7430365589025945, -4.726963267580344, -0.5102763819675493];162.2790966000175
[2.712149784000001, -2.49999999999887];True;[-3.6908555162014896, -4.559879720755782, -4.999696329705186, -4.752485609474761, -4.0567962989395845, -4.5164020218492205, -4.9920155917601745, -4.7430365589025945, -4.816072086821797, -0.5102763819675493];162.7480887999991
[2.7314878320000013, -2.0464497];True;[-3.6908555162014896, -4.559879720755782, -4.197266292101774, -4.752485609474761, -4.0567962989395845, -4.5164020218492205, -4.9920155917601745, -4.7430365589025945, -4.723212974789804, -0.5102763819675493];163.9282578000566
[2.699133408000001, -2.499999999999264];True;[-4.382707691416378, -4.559879720755782, -4.999696329705186, -4.752485609474761, -4.0567962989395845, -4.5164020218492205, -4.9920155917601745, -4.7430365589025945, -4.7268223458799845, -0.5102763819675493];164.560990100028
[2.7122292720000023, -2.4999999999989595];True;[-3.6908555162014896, -4.559879720755782, -4.999696329705186, -4.752485609474761, -4.0567962989395845, -4.5164020218492205, -4.9920155917601745, -4.7430365589025945, -4.812411719126762, -0.5102763819675493];166.00879610003904
[2.711503944000007, -2.49609647];True;[-3.6908555162014896, -4.554666912657811, -4.999696329705186, -4.751483837664246, -4.0567962989395845, -4.567085896503805, -4.9920155917601745, -4.732061023697933, -4.812462715731616, -0.5102763819675493];166.67769619997125
[2.7114728400000065, -2.2382769];True;[-3.6908555162014896, -4.9828655176668075, -4.999696329705186, -4.752485609474761, -4.0567962989395845, -4.51384934115551, -4.9920155917601745, -4.35756187751034, -4.812462715731616, -0.5102763819675493];166.9574187999824
[2.714927328000008, -2.499999999998608];True;[-3.664246792583328, -4.559879720755782, -4.999696329705186, -4.739749729534655, -4.0567962989395845, -4.5164020218492205, -4.9920155917601745, -4.7430365589025945, -4.7268223458799845, -0.5102763819675493];168.2267485000193
[2.7328732560000097, -2.4999999999979923];True;[-3.6908555162014896, -4.979172615077903, -4.999696329705186, -4.751483837664246, -4.0567962989395845, -4.564533215810094, -4.9920155917601745, -4.346586342422491, -3.786688765904235, -0.5102763819675493];159.59087039995939
[2.7145640160000095, -2.4999999999982085];True;[-4.39839363725153, -3.8300001152219476, -4.99981280945714, -4.752485609474761, -4.0567962989395845, -4.5164020218492205, -4.9920155917601745, -4.74277584565661, -4.7268223458799845, -0.5102763819675493];163.66241300001275
[2.706772464000001, -2.499999999991404];True;[-3.678051205117703, -4.9108681002812045, -4.999696329705186, -4.752485609474761, -4.0567962989395845, -4.5164020218492205, -4.9920155917601745, -4.7430365589025945, -4.7268223458799845, -0.5102763819675493];166.1499270000495
[2.711826864000011, -2.499999999997529];True;[-3.675169570350283, -4.5551620088623155, -4.999696329705186, -4.751483837664246, -4.0567962989395845, -4.567085896503805, -4.9920155917601745, -4.732321736943918, -4.812462715731616, -0.5102763819675493];167.72692000004463
[2.711503944000007, -2.49609647];True;[-3.6908555162014896, -4.554666912657811, -4.999696329705186, -4.751483837664246, -4.0567962989395845, -4.567085896503805, -4.9920155917601745, -4.732061023697933, -4.812462715731616, -0.5102763819675493];168.18142469995655
[2.710716408000011, -2.4999999999977938];True;[-3.6908555162014896, -4.979172615077903, -4.999696329705186, -4.751483837664246, -4.0567962989395845, -4.564533215810094, -4.9920155917601745, -4.346586342422491, -4.812462715731616, -0.5102763819675493];162.16329469997436
[2.699133408000001, -2.499999999999264];True;[-4.382707691416378, -4.559879720755782, -4.999696329705186, -4.752485609474761, -4.0567962989395845, -4.5164020218492205, -4.9920155917601745, -4.7430365589025945, -4.7268223458799845, -0.5102763819675493];162.88154390000273
[2.696332968000009, -2.4999999999966356];True;[-4.512371603838194, -4.559879720755782, -4.999696329705186, -4.752485609474761, -4.0567962989395845, -4.5164020218492205, -4.9920155917601745, -4.7430365589025945, -4.7268223458799845, -0.5102763819675493];162.98843849997502
[2.6869754160000063, -2.4999999999973235];True;[-4.94558048110951, -4.559879720755782, -4.999696329705186, -4.752485609474761, -4.0567962989395845, -4.5164020218492205, -4.9920155917601745, -4.7430365589025945, -4.7268223458799845, -0.5102763819675493];163.65390670008492
[2.710716408000011, -2.4999999999977938];True;[-3.6908555162014896, -4.979172615077903, -4.999696329705186, -4.751483837664246, -4.0567962989395845, -4.564533215810094, -4.9920155917601745, -4.346586342422491, -4.812462715731616, -0.5102763819675493];165.22896990005393
[2.6869754160000063, -2.4999999999973235];True;[-4.94558048110951, -4.559879720755782, -4.999696329705186, -4.752485609474761, -4.0567962989395845, -4.5164020218492205, -4.9920155917601745, -4.7430365589025945, -4.7268223458799845, -0.5102763819675493];162.23371080006473
[2.699133408000001, -2.499999999999264];True;[-4.382707691416378, -4.559879720755782, -4.999696329705186, -4.752485609474761, -4.0567962989395845, -4.5164020218492205, -4.9920155917601745, -4.7430365589025945, -4.7268223458799845, -0.5102763819675493];164.6636777999811
[2.699133408000001, -2.499999999999264];True;[-4.382707691416378, -4.559879720755782, -4.999696329705186, -4.752485609474761, -4.0567962989395845, -4.5164020218492205, -4.9920155917601745, -4.7430365589025945, -4.7268223458799845, -0.5102763819675493];168.58762919995934
[2.699133408000001, -2.499999999999264];True;[-4.382707691416378, -4.559879720755782, -4.999696329705186, -4.752485609474761, -4.0567962989395845, -4.5164020218492205, -4.9920155917601745, -4.7430365589025945, -4.7268223458799845, -0.5102763819675493];168.6864104999695
[2.699133408000001, -2.499999999999264];True;[-4.382707691416378, -4.559879720755782, -4.999696329705186, -4.752485609474761, -4.0567962989395845, -4.5164020218492205, -4.9920155917601745, -4.7430365589025945, -4.7268223458799845, -0.5102763819675493];168.75504219997674
[2.7055013040000047, -1.8449262];True;[-4.94558048110951, -4.559879720755782, -4.999696329705186, -4.752485609474761, -4.0567962989395845, -4.5164020218492205, -4.9920155917601745, -4.7430365589025945, -3.869140914784857, -0.5102763819675493];155.73212489997968
[2.6869754160000063, -2.4999999999973235];True;[-4.94558048110951, -4.559879720755782, -4.999696329705186, -4.752485609474761, -4.0567962989395845, -4.5164020218492205, -4.9920155917601745, -4.7430365589025945, -4.7268223458799845, -0.5102763819675493];161.82535090006422
[2.690727120000014, -2.4999999999987454];True;[-4.977232753631142, -4.559879720755782, -4.794356547318557, -4.752485609474761, -4.0567962989395845, -4.5164020218492205, -4.9920155917601745, -4.7430365589025945, -4.7268223458799845, -0.5102763819675493];162.4806873999769
[2.6992751040000043, -2.4999999999985176];True;[-4.37615915332168, -4.559879720755782, -4.999696329705186, -4.752485609474761, -4.0567962989395845, -4.5164020218492205, -4.9920155917601745, -4.7430365589025945, -4.7268223458799845, -0.5102763819675493];162.81175190000795
[2.6931046320000096, -1.9244922];True;[-4.6618324361990675, -4.559879720755782, -4.999696329705186, -4.752485609474761, -4.0567962989395845, -4.5164020218492205, -4.9920155917601745, -4.7430365589025945, -4.7268223458799845, -0.5102763819675493];163.81753759994172
[2.702615760000013, -2.4999999999988862];True;[-4.94558048110951, -4.559879720755782, -4.999696329705186, -4.752485609474761, -4.0567962989395845, -4.5164020218492205, -4.9920155917601745, -4.7430365589025945, -4.7268223458799845, 0.2138206033265877];158.55433489999268
[2.6869754160000063, -2.4999999999973235];True;[-4.94558048110951, -4.559879720755782, -4.999696329705186, -4.752485609474761, -4.0567962989395845, -4.5164020218492205, -4.9920155917601745, -4.7430365589025945, -4.7268223458799845, -0.5102763819675493];160.76000949996524
[2.689744104000011, -2.1736673];True;[-4.94558048110951, -4.559879720755782, -4.999696329705186, -4.752485609474761, -4.0567962989395845, -4.388237422716195, -4.9920155917601745, -4.7430365589025945, -4.7268223458799845, -0.5102763819675493];161.45780209999066
[2.699133408000001, -2.499999999999264];True;[-4.382707691416378, -4.559879720755782, -4.999696329705186, -4.752485609474761, -4.0567962989395845, -4.5164020218492205, -4.9920155917601745, -4.7430365589025945, -4.7268223458799845, -0.5102763819675493];162.9444489000598
[2.685576168000012, -2.4999999999983986];True;[-4.94558048110951, -4.559879720755782, -4.857401497506632, -4.752485609474761, -4.0567962989395845, -4.723477701936842, -4.9920155917601745, -4.7430365589025945, -4.7268223458799845, -0.5102763819675493];163.27222939999774
[2.6869754160000063, -2.4999999999973235];True;[-4.94558048110951, -4.559879720755782, -4.999696329705186, -4.752485609474761, -4.0567962989395845, -4.5164020218492205, -4.9920155917601745, -4.7430365589025945, -4.7268223458799845, -0.5102763819675493];161.0476524999831
[2.687037624000008, -2.499999999996348];True;[-4.94558048110951, -4.559879720755782, -4.99961837977954, -4.752485609474761, -4.0567962989395845, -4.513608698985238, -4.9920155917601745, -4.7430365589025945, -4.7268223458799845, -0.5102763819675493];163.13011669996195
[2.693980728000006, -2.3287773];True;[-4.94558048110951, -4.559879720755782, -4.999412475469355, -4.752485609474761, -4.0567962989395845, -4.530086807085937, -4.9920155917601745, -4.7430365589025945, -4.3890983204747975, -0.5102763819675493];163.43929630005732
[2.686974120000005, -1.9261754];True;[-4.94558048110951, -4.559879720755782, -4.999754292954188, -4.752485609474761, -4.0567962989395845, -4.5164020218492205, -4.9920155917601745, -4.7430365589025945, -4.7268223458799845, -0.5102763819675493];163.68058110005222
[2.6869754160000063, -2.4999999999973235];True;[-4.94558048110951, -4.559879720755782, -4.999696329705186, -4.752485609474761, -4.0567962989395845, -4.5164020218492205, -4.9920155917601745, -4.7430365589025945, -4.7268223458799845, -0.5102763819675493];165.2631729999557
[2.7159565680000135, -2.4999999995553055];True;[-4.94558048110951, -3.6879319797071286, -4.857401497506632, -4.752485609474761, -4.0567962989395845, -4.723477701936842, -4.992747774488748, -4.7430365589025945, -4.191539215634339, -0.5102763819675493];166.24082019994967
[2.6964690480000137, -2.499999999998619];True;[-4.94558048110951, -4.559879720755782, -4.999696329705186, -4.752485609474761, -3.6135915299856314, -4.520083979253952, -4.9920155917601745, -4.7430365589025945, -4.7268223458799845, -0.5102763819675493];167.2159968999913
[2.6915757840000056, -2.497140047];True;[-4.94558048110951, -4.704464896135536, -4.857401497506632, -4.752485609474761, -4.0567962989395845, -4.723477701936842, -4.9920155917601745, -4.7430365589025945, -4.304497376096989, -0.5102763819675493];167.2252320999978
[2.685576168000012, -2.4999999999983986];True;[-4.94558048110951, -4.559879720755782, -4.857401497506632, -4.752485609474761, -4.0567962989395845, -4.723477701936842, -4.9920155917601745, -4.7430365589025945, -4.7268223458799845, -0.5102763819675493];169.28629840002395
[2.6723336400000104, -2.499999999999058];True;[-4.94558048110951, -4.559879720755782, -4.857401497506632, -4.752485609474761, -4.669864763220991, -4.723477701936842, -4.9920155917601745, -4.7430365589025945, -4.7268223458799845, -0.5102763819675493];169.73931979993358
[2.699685936000007, -2.499999999997495];True;[-4.94558048110951, -4.559879720755782, -4.94226007286118, -4.752485609474761, -4.062776760370573, -3.979436459829719, -4.9920155917601745, -4.7430365589025945, -4.7268223458799845, -0.5102763819675493];161.75156959996093
[2.6934949440000078, -2.4999999999973315];True;[-4.776642204611286, -4.559879720755782, -4.857401497506632, -3.941716785960546, -4.669864763220991, -4.723477701936842, -4.9920155917601745, -4.7430365589025945, -4.7268223458799845, -0.5102763819675493];164.65899889997672
[2.67007190400001, -2.4999999999983773];True;[-4.94558048110951, -4.559879720755782, -4.9993553797018855, -4.752485609474761, -4.839703046580646, -4.5164020218492205, -4.9920155917601745, -4.7430365589025945, -4.7268223458799845, -0.5102763819675493];164.74695530009922
[2.6861213520000122, -2.499999999997417];True;[-4.94558048110951, -4.559879720755782, -4.886001756976957, -4.752485609474761, -4.0029467549741815, -4.723477701936842, -4.9920155917601745, -4.7430365589025945, -4.7268223458799845, -0.5102763819675493];165.76726439991035
[2.6723336400000104, -2.499999999999058];True;[-4.94558048110951, -4.559879720755782, -4.857401497506632, -4.752485609474761, -4.669864763220991, -4.723477701936842, -4.9920155917601745, -4.7430365589025945, -4.7268223458799845, -0.5102763819675493];166.1459686999442
[2.671810488000012, -2.4999999999989186];True;[-4.96980121867961, -4.559879720755782, -4.857401497506632, -4.752485609474761, -4.669864763220991, -4.723477701936842, -4.9920155917601745, -4.7430365589025945, -4.7268223458799845, -0.5102763819675493];162.80190329998732
[2.6728688880000018, -2.4999999999963456];True;[-4.94558048110951, -4.559879720755782, -4.995665659710243, -4.626688976664192, -4.839703046580646, -4.5164020218492205, -4.9920155917601745, -4.7430365589025945, -4.7268223458799845, -0.5102763819675493];162.8834941999521
[2.687437224, -2.4999999999826956];True;[-4.94558048110951, -3.860635550080489, -4.857401497506632, -4.752485609474761, -4.669864763220991, -4.723477701936842, -4.9920155917601745, -4.7430365589025945, -4.7268223458799845, -0.5102763819675493];165.53021630004514
[2.667505176000007, -1.5564054];True;[-4.94558048110951, -4.559879720755782, -4.857401497506632, -4.752485609474761, -4.669864763220991, -4.947019146509069, -4.9920155917601745, -4.7430365589025945, -4.7268223458799845, -0.5102763819675493];165.5650936999591
[2.672291304000013, -2.4999999999988503];True;[-4.94558048110951, -4.559879720755782, -4.85935942942861, -4.752485609474761, -4.669864763220991, -4.723477701936842, -4.9920155917601745, -4.7430365589025945, -4.7268223458799845, -0.5102763819675493];166.33088750008028
[2.691071424000005, -2.4999999999982156];True;[-4.94558048110951, -4.559879720755782, -4.999696329705186, -4.752485609474761, -4.0567962989395845, -4.5164020218492205, -4.80238737669368, -4.7430365589025945, -4.7268223458799845, -0.5102763819675493];155.49772990006022
[2.665001304000006, -1.5579943];True;[-4.94558048110951, -4.559879720755782, -4.9993553797018855, -4.752485609474761, -4.839703046580646, -4.5164020218492205, -4.9920155917601745, -4.7430365589025945, -4.961577827361172, -0.5102763819675493];160.47832190000918
[2.710551384000004, -2.4999999999965454];True;[-4.94558048110951, -3.0770460383143803, -4.998445718100685, -4.752485609474761, -4.830378538796241, -4.5164020218492205, -4.9920155917601745, -4.362031991655, -4.7268223458799845, -0.5102763819675493];161.85792350000702
[2.672272728000011, -2.499999999998904];True;[-4.94558048110951, -4.559879720755782, -4.857401497506632, -4.752485609474761, -4.669864763220991, -4.723477701936842, -4.994833668322745, -4.7430365589025945, -4.7268223458799845, -0.5102763819675493];162.8794627999887
[2.6723336400000104, -2.499999999999058];True;[-4.94558048110951, -4.559879720755782, -4.857401497506632, -4.752485609474761, -4.669864763220991, -4.723477701936842, -4.9920155917601745, -4.7430365589025945, -4.7268223458799845, -0.5102763819675493];163.92632930004038
[2.673792504000003, -2.49999999999949];True;[-4.94558048110951, -4.559879720755782, -4.998150862913281, -4.752485609474761, -4.669864763220991, -4.515194361857184, -4.9920155917601745, -4.7430365589025945, -4.7268223458799845, -0.5102763819675493];161.05208900000434
[2.705050728000008, -2.490076787];True;[-3.0317666917784365, -4.559879720755782, -4.857401497506632, -4.752485609474761, -4.918038514359585, -4.723477701936842, -4.9920155917601745, -4.7430365589025945, -4.877798654592485, -0.5102763819675493];162.46302629995625
[2.67007190400001, -2.4999999999983773];True;[-4.94558048110951, -4.559879720755782, -4.9993553797018855, -4.752485609474761, -4.839703046580646, -4.5164020218492205, -4.9920155917601745, -4.7430365589025945, -4.7268223458799845, -0.5102763819675493];164.11431059997994
[2.672842320000007, -2.499999999993597];True;[-4.94558048110951, -4.559879720755782, -4.857401497506632, -4.593915458247838, -4.669864763220991, -4.723477701936842, -4.9920155917601745, -4.7430365589025945, -4.7268223458799845, -0.6452963453637883];167.004535999964
[2.6721714240000027, -2.4999999999989675];True;[-4.94558048110951, -4.559879720755782, -4.857401497506632, -4.752485609474761, -4.669864763220991, -4.723477701936842, -4.9995157475221355, -4.7430365589025945, -4.7268223458799845, -0.5102763819675493];169.3313394000288
[2.8431546480000014, -2.4999999999892046];True;[-2.156002101861339, -4.177070434952071, -3.5992891540829843, -3.794308011907889, -4.688753079449315, -2.620885912606237, -4.839377691679787, -4.42494149163315, -4.7323429729792075, -0.5394872241010463];157.60586839995813
[2.8338186960000096, -2.499999999993793];True;[-4.934306019307233, -1.8054555985626148, -4.857401497506632, -3.989912087272325, -3.7000931498457894, -4.723477701936842, -4.9920155917601745, -4.739202702015928, -3.314069463307967, 1.0512550320038319];159.5380905000493
[2.6721714240000027, -2.4999999999989675];True;[-4.94558048110951, -4.559879720755782, -4.857401497506632, -4.752485609474761, -4.669864763220991, -4.723477701936842, -4.9995157475221355, -4.7430365589025945, -4.7268223458799845, -0.5102763819675493];162.09435909998138
[2.6731118880000126, -2.499999999998212];True;[-4.94558048110951, -4.559879720755782, -4.85861068153524, -4.752485609474761, -4.839703046580646, -4.5164020218492205, -4.9920155917601745, -4.7430365589025945, -4.7268223458799845, -0.5102763819675493];163.17364199995063
[2.6754114240000044, -2.4999999999982787];True;[-4.981990725515721, -4.559879720755782, -4.670983486405368, -4.752485609474761, -4.669864763220991, -4.723477701936842, -4.9995157475221355, -4.7430365589025945, -4.7268223458799845, -0.5102763819675493];165.20744929998182
[2.6891948160000094, -1.6008866];True;[-4.94558048110951, -4.559879720755782, -4.9993553797018855, -4.752485609474761, -3.954565488574035, -4.5164020218492205, -4.9918360805630115, -4.7430365589025945, -4.7268223458799845, -0.5102763819675493];163.2468710000394
[2.6721714240000027, -2.4999999999989675];True;[-4.94558048110951, -4.559879720755782, -4.857401497506632, -4.752485609474761, -4.669864763220991, -4.723477701936842, -4.9995157475221355, -4.7430365589025945, -4.7268223458799845, -0.5102763819675493];163.56806000007782
[2.6721714240000027, -2.4999999999989675];True;[-4.94558048110951, -4.559879720755782, -4.857401497506632, -4.752485609474761, -4.669864763220991, -4.723477701936842, -4.9995157475221355, -4.7430365589025945, -4.7268223458799845, -0.5102763819675493];164.09370789991226
[2.67007190400001, -2.4999999999983773];True;[-4.94558048110951, -4.559879720755782, -4.9993553797018855, -4.752485609474761, -4.839703046580646, -4.5164020218492205, -4.9920155917601745, -4.7430365589025945, -4.7268223458799845, -0.5102763819675493];165.1292584000621
[2.6721714240000027, -2.4999999999989675];True;[-4.94558048110951, -4.559879720755782, -4.857401497506632, -4.752485609474761, -4.669864763220991, -4.723477701936842, -4.9995157475221355, -4.7430365589025945, -4.7268223458799845, -0.5102763819675493];166.13478780002333
[2.684084256000002, -2.499999999992939];True;[-4.94558048110951, -4.272181519737767, -4.9993553797018855, -4.752485609474761, -4.839703046580646, -4.5164020218492205, -4.9920155917601745, -4.857659438402443, -4.251160904068049, -0.5102763819675493];161.74581519991625
[2.67007190400001, -2.4999999999983773];True;[-4.94558048110951, -4.559879720755782, -4.9993553797018855, -4.752485609474761, -4.839703046580646, -4.5164020218492205, -4.9920155917601745, -4.7430365589025945, -4.7268223458799845, -0.5102763819675493];164.12635499995667
[2.691661104000001, -2.4999999999954072];True;[-4.016689467895211, -4.559879720755782, -4.9993553797018855, -4.752485609474761, -4.982877929857731, -4.5164020218492205, -4.9920155917601745, -4.7430365589025945, -4.513053619137473, -0.5102763819675493];166.70875309989788
[2.67007190400001, -2.4999999999983773];True;[-4.94558048110951, -4.559879720755782, -4.9993553797018855, -4.752485609474761, -4.839703046580646, -4.5164020218492205, -4.9920155917601745, -4.7430365589025945, -4.7268223458799845, -0.5102763819675493];167.0681767000351
[2.6693167680000016, -2.4999999999968896];True;[-4.980543917862406, -4.559879720755782, -4.9993553797018855, -4.752485609474761, -4.839703046580646, -4.5164020218492205, -4.9920155917601745, -4.7430365589025945, -4.7268223458799845, -0.5102763819675493];167.35522989998572
[2.7237893760000134, -2.4999999999979523];True;[-4.980543917862406, -4.559879720755782, -4.9993553797018855, -4.752485609474761, -4.902179074543438, -4.5164020218492205, -4.9920155917601745, -2.6693273026474427, -4.732315967765042, 0.0058549534854224206];162.08823819993995
[2.671518024000008, -2.4999999999980256];True;[-4.94558048110951, -4.559879720755782, -4.9993553797018855, -4.752485609474761, -4.839703046580646, -4.617877701858945, -4.9920155917601745, -4.7430365589025945, -4.7268223458799845, -0.341856844731403];164.12804949993733
[2.6693087760000096, -2.499999999999279];True;[-4.980922605921651, -4.559879720755782, -4.9993553797018855, -4.752485609474761, -4.839703046580646, -4.5164020218492205, -4.9920155917601745, -4.7430365589025945, -4.7268223458799845, -0.5102763819675493];164.87356370000634
[2.680684416000001, -2.49999999999879];True;[-4.94558048110951, -4.559879720755782, -4.9993553797018855, -4.752485609474761, -4.868539036296296, -4.5164020218492205, -4.9920155917601745, -4.222882009641928, -4.7268223458799845, -0.5102763819675493];165.08588979998603
[2.6974233360000097, -2.4991255591];True;[-4.94558048110951, -4.559879720755782, -4.9993553797018855, -4.752485609474761, -4.018141318943194, -4.5164020218492205, -4.9920155917601745, -4.7430365589025945, -4.282124865005846, -0.5102763819675493];166.07106829993427
[2.7034480080000005, -2.4999999999953944];True;[-4.94558048110951, -4.559879720755782, -4.9993553797018855, -4.752485609474761, -4.839703046580646, -4.5164020218492205, -4.9920155917601745, -3.1978560353248873, -4.7268223458799845, -0.5102763819675493];166.20729579997715
[2.6947572480000015, -2.49999999999902];True;[-4.980922605921651, -4.454699785192511, -4.9993553797018855, -4.752485609474761, -4.839703046580646, -3.4434252900578928, -4.9920155917601745, -4.7430365589025945, -4.7268223458799845, -0.5102763819675493];168.19447029998992
[2.67007190400001, -2.4999999999983773];True;[-4.94558048110951, -4.559879720755782, -4.9993553797018855, -4.752485609474761, -4.839703046580646, -4.5164020218492205, -4.9920155917601745, -4.7430365589025945, -4.7268223458799845, -0.5102763819675493];169.84208620002028
[2.670093288000011, -2.499999999997349];True;[-4.944601862892915, -4.559879720755782, -4.9993553797018855, -4.752485609474761, -4.839703046580646, -4.5164020218492205, -4.9920155917601745, -4.7430365589025945, -4.7268223458799845, -0.5102763819675493];171.07202600000892
[2.6693087760000096, -2.499999999999279];True;[-4.980922605921651, -4.559879720755782, -4.9993553797018855, -4.752485609474761, -4.839703046580646, -4.5164020218492205, -4.9920155917601745, -4.7430365589025945, -4.7268223458799845, -0.5102763819675493];171.37341959995683
