objectives;is_valid;is_feasible;variables;constraints;evaluation_time
[20.17841118056831, 1890.2115223353355, 115.7838655480133];True;False;[0.0, 7.25, 1.4500000000000002, 0.0, 1.0, 57.51596898096211, 0.13383885888551808, 0.5, 18781.70112615261, 2623.8172931416975, 10500.0, 0.0, 3.0, 0.0, 0.025, 0.017781358341519105, 0.7959597551839619, 0.0, 0.06166998115292197, 0.48984830448058037, 0.0, 0.05, 0.5, 0.5, 0.07452087351588098, 0.15068616249550215, 0.0, 0.013023447227719365, 0.86750324392601, 0.0, 0.05, 0.5, 0.5, 0.0, 0.0, 0.0, 0.030000000000000002, 0.255, 0.0, 1.0, 1.0];[1.2970029074208371, -1.3308287093072013, 107.03330480039982, 0.6921180259381239, -0.766161141114482, 4.2931195665433215, -12.018835197564318, -14.0, -0.2040402448160381, -0.5101516955194196, 0.0, -0.8493138375044978, -0.13249675607399003, 0.0, -0.010251641312147397];10.359794200048782
[24.620215164883014, 1849.790678075337, 117.12556730440804];True;False;[0.0, 7.25, 1.4500000000000002, 0.0, 1.0, 50.02569534066679, 0.47546335467127676, 0.5, 2476.534643156833, 18222.083964392146, 10500.0, 0.0, 3.0, 1.0, 0.01009155466260105, 0.04776525221846271, 0.1413618010820572, 0.0, 0.014281549713554866, 0.08327973738619909, 0.0, 0.05, 0.5, 0.5, 0.045908864371927254, 0.15195732656765437, 0.0, 0.0524955582173272, 0.32896626022656617, 0.0, 0.05, 0.5, 0.5, 0.0, 0.0, 0.0, 0.030000000000000002, 0.255, 0.0, 0.0, 0.0];[1.7270867773804293, -1.3294568711832835, 49.609739671046995, 0.6030319906629851, -0.42453664532872326, -7.571075253973414, -8.26609205895868, -14.0, -0.8586381989179428, -0.9167202626138009, 0.0, -0.8480426734323456, -0.6710337397734338, 0.0, 0.0015154014689409134];39.47938359994441
[1e+30, 1e+30, 1e+30];False;False;[1.0, 11.838483586991984, 1.6824476314730852, 0.0, 1.0, 57.762029686259616, 0.7801204227763604, 0.5, 14611.407646553112, 15110.617802382143, 10500.0, 1.0, 2.5264201889691895, 1.0, 0.02934596258934813, 0.08593704464390858, 0.5164485520233, 0.0, 0.09896947606030732, 0.7355232539206858, 0.0, 0.05, 0.5, 0.5, 0.07644435580442843, 0.7326549990749489, 0.0, 0.0814785808338534, 0.7090135940919549, 0.0, 0.05, 0.5, 0.5, 1.0, 1.0, 1.0, 0.03656251873840177, 0.07175396891494691, 7.0, 1.0, 1.0];[1e+30, 1e+30, 1e+30, 1e+30, 1e+30, 1e+30, 1e+30, 1e+30, 1e+30, 1e+30, 1e+30, 1e+30, 1e+30, 1e+30, 1e+30];64.42986440006644
[1e+30, 1e+30, 1e+30];False;False;[1.0, 10.73082567096501, 1.4883326227971652, 1.0, 2.0, 37.57831458546831, 0.7291991233979794, 0.5650489014925744, 16556.24078782057, 2348.4068448914168, 7268.573281952238, 1.0, 3.357597239545461, 1.0, 0.026786288927503333, 0.07312459610603989, 0.3333333333333333, 0.3333333333333333, 0.022354100656348897, 0.25111329167278496, 0.6620111442500799, 0.03951270793610654, 0.3333333333333333, 0.3333333333333333, 0.045922004208543234, 0.05938075873967308, 0.7712617707299688, 0.013436664311217606, 0.20613144074399425, 0.10335824689347328, 0.07735819505066616, 0.3047875530548452, 0.0, 1.0, 0.0, 0.0, 0.030000000000000002, 0.255, 0.0, 1.0, 0.0];[1e+30, 1e+30, 1e+30, 1e+30, 1e+30, 1e+30, 1e+30, 1e+30, 1e+30, 1e+30, 1e+30, 1e+30, 1e+30, 1e+30, 1e+30];68.27022950001992
[26.82750904448041, 1499.8922563006945, 116.79379508011267];True;False;[0.0, 7.25, 1.4500000000000002, 0.0, 1.0, 9.813743113925389, 0.7840569589324489, 0.5, 16038.938196056248, 7281.614158124019, 10500.0, 0.0, 3.0, 1.0, 0.003401604682439341, 0.09105247613128223, 0.959768160676385, 0.0, 0.07703642852693522, 0.4538852859944634, 0.0, 0.05, 0.5, 0.5, 0.008599680776814445, 0.02659103299287413, 0.0, 0.037931069715100234, 0.36700417461499113, 0.0, 0.05, 0.5, 0.5, 0.0, 0.0, 0.0, 0.030000000000000002, 0.255, 0.0, 1.0, 1.0];[1.9263660989234523, -1.2849566897672262, 283.70726066706914, 0.453596305502765, -0.11594304106755116, -13.355957112968968, -9.030725602512732, -14.0, -0.04023183932361496, -0.5461147140055366, 0.0, -0.9734089670071259, -0.6329958253850089, 0.0, -0.014036412325930614];17.317406499991193
[1e+30, 1e+30, 1e+30];False;False;[0.0, 7.25, 1.4500000000000002, 0.0, 2.0, 51.57139146043151, 0.31122162861572966, 0.2912733539853772, 4258.370106583803, 1153.1215896880801, 17427.78021071563, 0.0, 3.0, 1.0, 0.04989101737631479, 0.020936183837083535, 0.3333333333333333, 0.3333333333333333, 0.07160940139730504, 0.6710033828202789, 0.27492516919951415, 0.02231215785442131, 0.09557967148394453, 0.6035934049783597, 0.07637354798048251, 0.1711589455171625, 0.581451984215104, 0.006018263250463962, 0.4662997390179764, 0.02860891794221132, 0.07113529577880655, 0.43233534866285284, 0.4135518322413779, 0.0, 0.0, 0.0, 0.030000000000000002, 0.255, 0.0, 0.0, 2.0];[1e+30, 1e+30, 1e+30, 1e+30, 1e+30, 1e+30, 1e+30, 1e+30, 1e+30, 1e+30, 1e+30, 1e+30, 1e+30, 1e+30, 1e+30];93.408382399939
[17.843260157182264, 2680.22319441098, 108.80196542690895];True;False;[1.0, 4.708984483744546, 1.6824817293205143, 0.0, 2.0, 51.908629411013045, 0.36401787831259447, 0.6375685533761386, 10377.588877671142, 17199.122427060593, 4097.283067439323, 1.0, 2.584905418871194, 1.0, 0.037130265334453724, 0.004994420428908708, 0.0923644775539626, 0.7236611356884015, 0.022996767967163146, 0.31071207337549145, 0.1468708645359812, 0.024610425581833174, 0.0724477416247492, 0.4256910761836423, 0.052891828685329934, 0.16404021246141587, 0.28652830551984587, 0.05649710867528347, 0.2674378121908856, 0.6529739067522414, 0.008189987065070103, 0.5333015795778829, 0.0, 0.0, 1.0, 1.0, 0.02215043709793576, 0.14481573838533346, 0.0, 0.0, 0.0];[0.5103533565206169, -0.49277519322048535, 174.9219973749138, 0.0, -0.5359821216874056, -11.863612350120011, -11.863612350120013, -11.863612350120013, -0.1839743867576359, -0.5424170620885274, -0.5018611821916085, -0.5494314820187383, -0.07958828105687299, -0.46669842042211707, -0.3008214864087676];26.718770399922505
[1e+30, 1e+30, 1e+30];False;False;[1.0, 11.217465544371642, 1.2841311152347146, 1.0, 2.0, 37.29406524023777, 0.6572612154622202, 0.2728257304225189, 15771.61987505923, 1597.0456793805968, 8984.534198911662, 1.0, 4.574064967483123, 1.0, 0.007892977569169762, 0.0538387426059669, 0.07005545050494733, 0.8460049052470711, 0.020394622156852393, 0.5851171020612358, 0.16380709931349458, 0.09288983008708201, 0.3333333333333333, 0.3333333333333333, 0.051026350104788835, 0.3333333333333333, 0.3333333333333333, 0.0431733882944138, 0.011234389118337629, 0.4957614520403616, 0.07484087462995187, 0.3333333333333333, 0.3333333333333333, 0.0, 0.0, 0.0, 0.030000000000000002, 0.255, 0.0, 0.0, 0.0];[1e+30, 1e+30, 1e+30, 1e+30, 1e+30, 1e+30, 1e+30, 1e+30, 1e+30, 1e+30, 1e+30, 1e+30, 1e+30, 1e+30, 1e+30];146.53945119993296
[1e+30, 1e+30, 1e+30];False;False;[0.0, 7.25, 1.4500000000000002, 0.0, 2.0, 18.876099776061114, 0.5950194860488128, 0.7675737525788237, 15996.60994911946, 17793.863985710745, 7319.400815968296, 0.0, 3.0, 1.0, 0.04932356598255734, 0.03587017528766694, 0.3333333333333333, 0.3333333333333333, 0.055590987524923086, 0.3333333333333333, 0.3333333333333333, 0.05184295457219166, 0.3333333333333333, 0.3333333333333333, 0.022904691241172306, 0.3333333333333333, 0.3333333333333333, 0.09702391450995172, 0.6942472160402917, 0.2676240790738982, 0.07651754191342591, 0.3333333333333333, 0.3333333333333333, 0.0, 0.0, 0.0, 0.030000000000000002, 0.255, 0.0, 0.0, 1.0];[1e+30, 1e+30, 1e+30, 1e+30, 1e+30, 1e+30, 1e+30, 1e+30, 1e+30, 1e+30, 1e+30, 1e+30, 1e+30, 1e+30, 1e+30];108.83853129995987
[1e+30, 1e+30, 1e+30];False;False;[1.0, 5.636012247504343, 1.6696532909069894, 1.0, 2.0, 31.814203815933602, 0.36822936074180423, 0.3652687793898063, 2627.038939922788, 17231.036243606344, 17627.379936532383, 1.0, 4.37757035628011, 0.0, 0.025, 0.05573306206126243, 0.3385575138061542, 0.3146694767310616, 0.0008404321261590852, 0.3333333333333333, 0.3333333333333333, 0.028215114503524298, 0.3757193021042592, 0.23622662034155872, 0.06047984846241669, 0.3333333333333333, 0.3333333333333333, 0.03298316323452071, 0.3333333333333333, 0.3333333333333333, 0.08771590762097373, 0.09835007810561491, 0.2920840993102979, 1.0, 1.0, 2.0, 0.016154292628005527, 0.16017363480194735, 34.0, 2.0, 1.0];[1e+30, 1e+30, 1e+30, 1e+30, 1e+30, 1e+30, 1e+30, 1e+30, 1e+30, 1e+30, 1e+30, 1e+30, 1e+30, 1e+30, 1e+30];80.98682029999327
[42.156808328847724, 1107.7954029438863, 121.88446385216562];True;False;[0.0, 7.25, 1.4500000000000002, 0.0, 2.0, 7.508455231166902, 0.795575504544557, 0.5182187445498737, 12460.39841459104, 4991.562352007217, 13872.587729362132, 0.0, 3.0, 1.0, 0.041800835737686184, 0.06426791854340623, 0.3333333333333333, 0.3333333333333333, 0.08147166881316892, 0.3333333333333333, 0.3333333333333333, 0.010273577925965983, 0.3333333333333333, 0.3333333333333333, 0.09032187987084582, 0.9297995231215672, 0.021318062522955095, 0.07504460092334858, 0.2666756755901495, 0.3716087284871298, 0.07321829349224773, 0.3333333333333333, 0.3333333333333333, 0.0, 0.0, 0.0, 0.030000000000000002, 0.255, 0.0, 1.0, 2.0];[1.5328913723424336, -1.4623858522905393, 176.67419997533375, 0.5193791930014031, -0.10442449545544297, -13.04183087542275, -13.04183087542275, -13.04183087542275, -0.33333333333333337, -0.33333333333333337, -0.33333333333333337, -0.04888241435547769, -0.36171559592272073, -0.33333333333333337, 0.06942479246398536];75.71480130008422
[1e+30, 1e+30, 1e+30];False;False;[1.0, 2.877206462241391, 1.2799394433821105, 1.0, 2.0, 39.61465768868184, 0.4239249206448781, 0.2507985425137965, 4708.967161134646, 17826.78607175478, 13252.534141828657, 1.0, 2.1484961405856065, 1.0, 0.001245284061911267, 0.09944465036640779, 0.7432753941384247, 0.11852604908380537, 0.09666503957358469, 0.09422761139096059, 0.022640336305320585, 0.07199217350946281, 0.3333333333333333, 0.3333333333333333, 0.037283212871116356, 0.3333333333333333, 0.3333333333333333, 0.06678894672107333, 0.14831067344397142, 0.49882861092961006, 0.07313805512382864, 0.0627115020143294, 0.051395870916052466, 0.0, 1.0, 2.0, 0.04877931713444059, 0.4084271134253545, 101.0, 1.0, 1.0];[1e+30, 1e+30, 1e+30, 1e+30, 1e+30, 1e+30, 1e+30, 1e+30, 1e+30, 1e+30, 1e+30, 1e+30, 1e+30, 1e+30, 1e+30];38.14539499999955
[40.78535639122711, 1070.548523982876, 122.27143312404851];True;False;[0.0, 7.25, 1.4500000000000002, 0.0, 2.0, 9.158053931044938, 0.2750856351941996, 0.8321484081913916, 5579.966666702985, 9723.861070852317, 19499.00151415504, 0.0, 3.0, 1.0, 0.04279640059557438, 0.01930292210253296, 0.4610080054340806, 0.2344741546215029, 0.08080266499850124, 0.3333333333333333, 0.3333333333333333, 0.071742981675371, 0.3333333333333333, 0.3333333333333333, 0.07459311134541123, 0.13591746632127888, 0.31152965104871144, 0.06387669163676589, 0.3333333333333333, 0.3333333333333333, 0.08613577604444628, 0.3333333333333333, 0.3333333333333333, 0.0, 0.0, 0.0, 0.030000000000000002, 0.255, 0.0, 1.0, 1.0];[1.357472307090565, -1.4989536412035125, 156.78020076875168, 0.6211808832005123, -0.6249143648058004, -12.907810271707781, -12.907810271707781, -12.907810271707781, -0.3045178399444165, -0.33333333333333337, -0.33333333333333337, -0.5525528826300097, -0.33333333333333337, -0.33333333333333337, 0.08647787604482493];48.27228829998057
[1e+30, 1e+30, 1e+30];False;False;[0.0, 7.25, 1.4500000000000002, 0.0, 1.0, 7.497917195504076, 0.8761661155449777, 0.5, 4039.8736054379306, 2369.0030520134897, 10500.0, 0.0, 3.0, 0.0, 0.025, 0.06739632084260799, 0.9548849746707215, 0.0, 0.036986359960092544, 0.4577071648458615, 0.0, 0.05, 0.5, 0.5, 0.04342034179265748, 0.23019493397184299, 0.0, 0.07191905272829692, 0.22063989952023821, 0.0, 0.05, 0.5, 0.5, 0.0, 0.0, 0.0, 0.030000000000000002, 0.255, 0.0, 1.0, 1.0];[1e+30, 1e+30, 1e+30, 1e+30, 1e+30, 1e+30, 1e+30, 1e+30, 1e+30, 1e+30, 1e+30, 1e+30, 1e+30, 1e+30, 1e+30];59.16777179995552
[20.142259457209207, 1789.9534890662196, 116.01536545045954];True;False;[0.0, 7.25, 1.4500000000000002, 0.0, 1.0, 49.46798213041091, 0.32823864990382506, 0.5, 8297.17390108154, 15815.625821546735, 10500.0, 0.0, 3.0, 0.0, 0.025, 0.064610740701578, 0.06689743391878522, 0.0, 0.06691140735377359, 0.579749596098602, 0.0, 0.05, 0.5, 0.5, 0.004900537785135617, 0.46542070019848725, 0.0, 0.05544963549395118, 0.3276270537394803, 0.0, 0.05, 0.5, 0.5, 0.0, 0.0, 0.0, 0.030000000000000002, 0.255, 0.0, 1.0, 1.0];[1.2284107823937394, -1.3472658600861422, 80.21552565188436, 0.7340324097612521, -0.5717613500961749, -4.9382216675400965, -10.083574642980931, -14.0, -0.9331025660812148, -0.420250403901398, 0.0, -0.5345792998015128, -0.6723729462605197, 0.0, -0.004387382981692001];15.880669299978763
[1e+30, 1e+30, 1e+30];False;False;[1.0, 7.642088085402094, 1.196285344557869, 0.0, 1.0, 58.431024511048484, 0.7341077855602401, 0.5, 1876.5025609008676, 8765.43412477001, 10500.0, 0.0, 3.0, 0.0, 0.025, 0.01368839089883296, 0.8438228404574319, 0.0, 0.010302630845191452, 0.6857650992336755, 0.0, 0.05, 0.5, 0.5, 0.033100371260196375, 0.12496369590314893, 0.0, 0.044537793726945434, 0.4866647116651439, 0.0, 0.05, 0.5, 0.5, 1.0, 1.0, 0.0, 0.01824704542774192, 0.11571332123118835, 85.0, 1.0, 1.0];[1e+30, 1e+30, 1e+30, 1e+30, 1e+30, 1e+30, 1e+30, 1e+30, 1e+30, 1e+30, 1e+30, 1e+30, 1e+30, 1e+30, 1e+30];101.4550846000202
[1e+30, 1e+30, 1e+30];False;False;[1.0, 5.35844115595166, 1.4721140168929936, 1.0, 2.0, 31.924758764454495, 0.15020991599905092, 0.2528617488545103, 15215.764674963735, 18297.513879354217, 4686.754303752834, 1.0, 4.743803898092315, 1.0, 0.004416829723903232, 0.06359840630993477, 0.0667675318589892, 0.5220722196151564, 0.08239655576812527, 0.3333333333333333, 0.3333333333333333, 0.04682686525696548, 0.5732533207239028, 0.09215479942066984, 0.06588387510391051, 0.7774022019815235, 0.02452576084517033, 0.01849789543440763, 0.3333333333333333, 0.3333333333333333, 0.029903999907162995, 0.3333333333333333, 0.3333333333333333, 1.0, 0.0, 0.0, 0.030000000000000002, 0.255, 0.0, 1.0, 2.0];[1e+30, 1e+30, 1e+30, 1e+30, 1e+30, 1e+30, 1e+30, 1e+30, 1e+30, 1e+30, 1e+30, 1e+30, 1e+30, 1e+30, 1e+30];86.10691650002263
[1e+30, 1e+30, 1e+30];False;False;[0.0, 7.25, 1.4500000000000002, 0.0, 1.0, 12.172926568369558, 0.6923231147236216, 0.5, 17160.62196671203, 14441.393823278417, 10500.0, 0.0, 3.0, 0.0, 0.025, 0.06354709691023672, 0.5065527617004109, 0.0, 0.06663111467861897, 0.5404900049714423, 0.0, 0.05, 0.5, 0.5, 0.03642059025634712, 0.7997650727808955, 0.0, 0.01718603479901635, 0.19035547619972348, 0.0, 0.05, 0.5, 0.5, 0.0, 0.0, 0.0, 0.030000000000000002, 0.255, 0.0, 1.0, 0.0];[1e+30, 1e+30, 1e+30, 1e+30, 1e+30, 1e+30, 1e+30, 1e+30, 1e+30, 1e+30, 1e+30, 1e+30, 1e+30, 1e+30, 1e+30];63.730618099914864
[8.155022133905241, 4791.893298598657, 109.70038564501985];True;False;[1.0, 7.940801263630955, 1.2225936604364531, 0.0, 2.0, 47.45773229065205, 0.37399547419816526, 0.11218494349376691, 19904.651896014202, 13137.17308527315, 6442.567919111703, 1.0, 3.3595192553404707, 1.0, 0.005553740496658738, 0.046369842815868104, 0.3333333333333333, 0.3333333333333333, 0.07764895539167063, 0.3333333333333333, 0.3333333333333333, 0.03702070137672, 0.41630043311655107, 0.2566417912068656, 0.07866204125346687, 0.050849606874629916, 0.5822143362043842, 0.024288704020904453, 0.3333333333333333, 0.3333333333333333, 0.053511679866287444, 0.4762543729446157, 0.18407583548064155, 0.0, 0.0, 0.0, 0.030000000000000002, 0.255, 0.0, 1.0, 2.0];[1.9499654888935956, 0.47289687937480895, 50.19957841564087, -0.19791528182079632, -0.5260045258018348, -8.749015692774488, -10.450076406810805, -13.63518957736791, -0.33333333333333337, -0.33333333333333337, -0.32705777567658334, -0.36693605692098585, -0.33333333333333337, -0.33966979157474275, -0.25891737632302353];41.26430200005416
[27.270611944185923, 1121.2785782159187, 118.75220267800509];True;False;[0.0, 7.25, 1.4500000000000002, 0.0, 0.0, 14.26785219069085, 0.5, 0.5, 10043.632493845296, 10500.0, 10500.0, 0.0, 3.0, 0.0, 0.025, 0.053192453951017585, 0.0, 0.0, 0.05, 0.5, 0.5, 0.05, 0.5, 0.5, 0.02933239070774705, 0.0, 0.0, 0.05, 0.5, 0.5, 0.05, 0.5, 0.5, 0.0, 0.0, 0.0, 0.030000000000000002, 0.255, 0.0, 0.0, 0.0];[0.35783353934795414, -1.4686233763286578, -3.446435347338138, 0.6886729534773326, -0.4, -0.7321478093091507, -14.0, -14.0, -1.0, 0.0, 0.0, -1.0, 0.0, 0.0, 0.031301684966777876];16.768567500053905
[1e+30, 1e+30, 1e+30];False;False;[0.0, 7.25, 1.4500000000000002, 0.0, 1.0, 1.9095733591725663, 0.348534722348197, 0.5, 10134.273246082957, 1229.303924890598, 10500.0, 0.0, 3.0, 0.0, 0.025, 0.023661024518735398, 0.26095292941117165, 0.0, 0.04638138764682982, 0.13891261385847942, 0.0, 0.05, 0.5, 0.5, 0.023723052187955763, 0.22569031314253185, 0.0, 0.012682312332681878, 0.5970201364724324, 0.0, 0.05, 0.5, 0.5, 0.0, 0.0, 0.0, 0.030000000000000002, 0.255, 0.0, 0.0, 0.0];[1e+30, 1e+30, 1e+30, 1e+30, 1e+30, 1e+30, 1e+30, 1e+30, 1e+30, 1e+30, 1e+30, 1e+30, 1e+30, 1e+30, 1e+30];65.20047370006796
[21.468807137134103, 1690.4656814930515, 116.16317827414622];True;False;[0.0, 7.25, 1.4500000000000002, 0.0, 1.0, 33.243901945741634, 0.8299740548014197, 0.5, 6702.428821178126, 13378.096082499742, 10500.0, 0.0, 3.0, 0.0, 0.025, 0.08871243521233324, 0.7536159024895681, 0.0, 0.049149315573604725, 0.2055747239264516, 0.0, 0.05, 0.5, 0.5, 0.06585492911234847, 0.5006229038540801, 0.0, 0.06391697532432064, 0.5521876421015747, 0.0, 0.05, 0.5, 0.5, 0.0, 0.0, 0.0, 0.030000000000000002, 0.255, 0.0, 0.0, 1.0];[1.2648856588392992, -1.3385251621774228, 31.13637912052768, 0.6584785689289137, -0.0700259451985803, -12.390355574341537, -2.2611373339287173, -14.0, -0.2463840975104319, -0.7944252760735484, 0.0, -0.49937709614591985, -0.44781235789842533, 0.0, -0.007523162256495575];14.052402899949811
[1e+30, 1e+30, 1e+30];False;False;[1.0, 7.0273944308648515, 1.4975219431449018, 1.0, 0.0, 2.318869187281911, 0.5, 0.5, 12827.862855492536, 10500.0, 10500.0, 1.0, 1.7688932458081643, 0.0, 0.025, 0.039214674821053896, 0.0, 0.0, 0.05, 0.5, 0.5, 0.05, 0.5, 0.5, 0.09166512054327663, 0.0, 0.0, 0.05, 0.5, 0.5, 0.05, 0.5, 0.5, 1.0, 1.0, 0.0, 0.0425043891797651, 0.27150930269195356, 87.0, 0.0, 0.0];[1e+30, 1e+30, 1e+30, 1e+30, 1e+30, 1e+30, 1e+30, 1e+30, 1e+30, 1e+30, 1e+30, 1e+30, 1e+30, 1e+30, 1e+30];56.09882379998453
[20.32441749240745, 1979.4043419591576, 115.51793787490516];True;False;[0.0, 7.25, 1.4500000000000002, 0.0, 2.0, 37.09287306871479, 0.11751552256276065, 0.5895415352980028, 14237.383967534777, 13649.178610697245, 19424.852067783428, 0.0, 3.0, 0.0, 0.025, 0.024678120048832186, 0.16498331395998178, 0.7880628096828479, 0.061391181133927136, 0.3333333333333333, 0.3333333333333333, 0.03573879752063704, 0.3333333333333333, 0.3333333333333333, 0.07256872998552065, 0.4912816960145119, 0.23946737252157968, 0.05777355789084714, 0.019580159884447612, 0.16299444131543395, 0.06542067736216871, 0.3526820837145398, 0.5734350445643799, 0.0, 0.0, 0.0, 0.030000000000000002, 0.255, 0.0, 2.0, 0.0];[1.9668061240663794, -1.275926207119078, 43.7606750464802, 0.6423265044175439, -0.7824844774372394, -11.418356942206175, -13.563206020611785, -7.792018364526461, -0.0469538763571703, -0.33333333333333337, -0.33333333333333337, -0.26925093146390844, -0.8174253988001184, -0.07388287172108032, -0.017075374578245206];29.781397499958985
[1e+30, 1e+30, 1e+30];False;False;[1.0, 7.142749291762877, 1.2849883019776498, 1.0, 1.0, 59.931363181936966, 0.18872917444396747, 0.5, 1490.6124802017202, 11130.655552812303, 10500.0, 1.0, 1.5244047436566714, 1.0, 0.009491070446410711, 0.0924908776488334, 0.7134232232082351, 0.0, 0.06855892111520516, 0.7218635453309141, 0.0, 0.05, 0.5, 0.5, 0.06415479862134048, 0.05974837466951921, 0.0, 0.051911647689043966, 0.4500532556344039, 0.0, 0.05, 0.5, 0.5, 1.0, 1.0, 0.0, 0.013460188288955566, 0.4901991330672879, 60.0, 1.0, 1.0];[1e+30, 1e+30, 1e+30, 1e+30, 1e+30, 1e+30, 1e+30, 1e+30, 1e+30, 1e+30, 1e+30, 1e+30, 1e+30, 1e+30, 1e+30];95.49020850006491
[1e+30, 1e+30, 1e+30];False;False;[1.0, 9.029264169049858, 1.7407395974485087, 1.0, 1.0, 36.62427501602053, 0.5925393342358247, 0.5, 8079.491060754225, 8203.230418692001, 10500.0, 1.0, 1.0833300740047425, 0.0, 0.025, 0.09847169792091107, 0.8673471758813522, 0.0, 0.06699212733663959, 0.29622121551709824, 0.0, 0.05, 0.5, 0.5, 0.07973191593107354, 0.5429132150095525, 0.0, 0.060398451403293966, 0.9862288845280716, 0.0, 0.05, 0.5, 0.5, 1.0, 1.0, 1.0, 0.03856558451147773, 0.4642525465623125, 173.0, 1.0, 1.0];[1e+30, 1e+30, 1e+30, 1e+30, 1e+30, 1e+30, 1e+30, 1e+30, 1e+30, 1e+30, 1e+30, 1e+30, 1e+30, 1e+30, 1e+30];11.759833400021307
[1e+30, 1e+30, 1e+30];False;False;[1.0, 10.952248797805968, 1.1053652871852233, 1.0, 2.0, 28.484315206258106, 0.5202339498488348, 0.6409782952094027, 9739.370379437434, 1317.4009130708323, 3900.72995909378, 1.0, 4.804761518152994, 0.0, 0.025, 0.06273744274366215, 0.0694344276303428, 0.7836013135318972, 0.05438457103061376, 0.3333333333333333, 0.3333333333333333, 0.07478931733412275, 0.05887585624049063, 0.2752737121765385, 0.015947909047136177, 0.7474864521299531, 0.12736791297563177, 0.034201839296900995, 0.3333333333333333, 0.3333333333333333, 0.0342420685453928, 0.4893353554121155, 0.24855955826750042, 1.0, 1.0, 2.0, 0.03455206458940468, 0.2620788713649917, 9.0, 1.0, 2.0];[1e+30, 1e+30, 1e+30, 1e+30, 1e+30, 1e+30, 1e+30, 1e+30, 1e+30, 1e+30, 1e+30, 1e+30, 1e+30, 1e+30, 1e+30];127.68499510001857
[1e+30, 1e+30, 1e+30];False;False;[1.0, 5.5693108502605915, 1.1426737888970118, 0.0, 0.0, 6.738696255313773, 0.5, 0.5, 12623.602520453476, 10500.0, 10500.0, 0.0, 3.0, 0.0, 0.025, 0.09724194970939903, 0.0, 0.0, 0.05, 0.5, 0.5, 0.05, 0.5, 0.5, 0.06577125283313938, 0.0, 0.0, 0.05, 0.5, 0.5, 0.05, 0.5, 0.5, 1.0, 0.0, 0.0, 0.030000000000000002, 0.255, 0.0, 0.0, 0.0];[1e+30, 1e+30, 1e+30, 1e+30, 1e+30, 1e+30, 1e+30, 1e+30, 1e+30, 1e+30, 1e+30, 1e+30, 1e+30, 1e+30, 1e+30];93.44617929996457
[1e+30, 1e+30, 1e+30];False;False;[1.0, 4.634435421054787, 1.487293852635788, 1.0, 2.0, 1.9410130492765412, 0.5815575198500141, 0.8359942191532969, 9970.915587824295, 17312.935074050423, 5890.665656662571, 0.0, 3.0, 1.0, 0.005803463606087411, 0.023482724820984457, 0.6896866045982637, 0.1640160073136273, 0.0609302490091486, 0.3333333333333333, 0.3333333333333333, 0.05844369830658785, 0.024543018859033205, 0.9072400355565785, 0.022506936193192075, 0.3378208631845948, 0.4320485043592013, 0.08237659214595434, 0.20334097698791398, 0.21205681998538095, 0.056700182980746944, 0.3333333333333333, 0.3333333333333333, 1.0, 0.0, 0.0, 0.030000000000000002, 0.255, 0.0, 2.0, 0.0];[1e+30, 1e+30, 1e+30, 1e+30, 1e+30, 1e+30, 1e+30, 1e+30, 1e+30, 1e+30, 1e+30, 1e+30, 1e+30, 1e+30, 1e+30];106.65731270005926
[1e+30, 1e+30, 1e+30];False;False;[0.0, 7.25, 1.4500000000000002, 0.0, 1.0, 1.3718586438167417, 0.6231232353103427, 0.5, 19562.98873744163, 3439.7281114703837, 10500.0, 0.0, 3.0, 1.0, 0.024663791023838186, 0.08000722505984198, 0.9981408455966247, 0.0, 0.027917894607040653, 0.22204837885486806, 0.0, 0.05, 0.5, 0.5, 0.07968354629138841, 0.21749902350666295, 0.0, 0.06884088243213952, 0.7630660810045402, 0.0, 0.05, 0.5, 0.5, 0.0, 0.0, 0.0, 0.030000000000000002, 0.255, 0.0, 1.0, 1.0];[1e+30, 1e+30, 1e+30, 1e+30, 1e+30, 1e+30, 1e+30, 1e+30, 1e+30, 1e+30, 1e+30, 1e+30, 1e+30, 1e+30, 1e+30];64.3030609000707
[30.066052363807632, 1253.3600663678528, 117.98833537205104];True;False;[0.0, 7.25, 1.4500000000000002, 0.0, 1.0, 7.493233860819695, 0.43393398084970336, 0.5, 19587.569931302187, 4903.202763513221, 10500.0, 0.0, 3.0, 0.0, 0.025, 0.035081361951321714, 0.3650603576263509, 0.0, 0.033569150780858335, 0.841291188528682, 0.0, 0.05, 0.5, 0.5, 0.09713623316921463, 0.7017695997915916, 0.0, 0.016408598409203234, 0.021530999108146598, 0.0, 0.05, 0.5, 0.5, 0.0, 0.0, 0.0, 0.030000000000000002, 0.255, 0.0, 0.0, 0.0];[1.15002544252628, -1.366049818882454, -9.94268780788983, 0.4587956496259329, -0.46606601915029666, -11.87351495439659, -12.603304109400112, -14.0, -0.6349396423736491, -0.158708811471318, 0.0, -0.2982304002084084, -0.9784690008918534, 0.0, 0.002488473387942447];36.032315099961124
[1e+30, 1e+30, 1e+30];False;False;[0.0, 7.25, 1.4500000000000002, 0.0, 2.0, 15.108070210205957, 0.4097360267402944, 0.822101268521492, 19205.358050988092, 14088.974408715487, 9847.929495572842, 0.0, 3.0, 1.0, 0.016620844331297874, 0.08410681934374205, 0.3333333333333333, 0.3333333333333333, 0.03106019694240776, 0.25723514139634074, 0.20950656510680987, 0.05982724128692235, 0.38189359388208477, 0.19464335360022078, 0.08795513668324498, 0.3333333333333333, 0.3333333333333333, 0.020384798436787366, 0.3333333333333333, 0.3333333333333333, 0.021278212619924554, 0.18170792418852122, 0.7789602824559679, 0.0, 0.0, 0.0, 0.030000000000000002, 0.255, 0.0, 0.0, 1.0];[1e+30, 1e+30, 1e+30, 1e+30, 1e+30, 1e+30, 1e+30, 1e+30, 1e+30, 1e+30, 1e+30, 1e+30, 1e+30, 1e+30, 1e+30];130.45850800001062
[38.93809819302583, 1189.40907757777, 121.96759932016009];True;False;[0.0, 7.25, 1.4500000000000002, 0.0, 1.0, 27.760053831643457, 0.24051177712025043, 0.5, 8599.186707147044, 11498.878917396589, 10500.0, 0.0, 3.0, 1.0, 0.03586700212819752, 0.07611943669664645, 0.0694934478117426, 0.0, 0.041009175472595805, 0.9775550875896892, 0.0, 0.05, 0.5, 0.5, 0.08026866251897605, 0.6424486539136655, 0.0, 0.02360796088469639, 0.32508465689574106, 0.0, 0.05, 0.5, 0.5, 0.0, 0.0, 0.0, 0.030000000000000002, 0.255, 0.0, 0.0, 1.0];[0.8611986375361731, -1.5228145111567577, 42.7986688938356, 0.6421986392911727, -0.6594882228797496, -5.637269984088668, -12.035047065923388, -14.0, -0.9305065521882574, -0.02244491241031077, 0.0, -0.35755134608633454, -0.6749153431042589, 0.0, 0.08251524263146681];27.635174899944104
[1e+30, 1e+30, 1e+30];False;False;[1.0, 5.55076805098572, 1.7709573013040156, 1.0, 1.0, 16.49203589228784, 0.3717074989819994, 0.5, 12110.348332753003, 15633.536122683896, 10500.0, 0.0, 3.0, 1.0, 0.02202254378105525, 0.057772059572938045, 0.448941953730986, 0.0, 0.003388051372540746, 0.1913851842172013, 0.0, 0.05, 0.5, 0.5, 0.04416885005849286, 0.5565377940564753, 0.0, 0.09853050675920044, 0.9469150492092796, 0.0, 0.05, 0.5, 0.5, 1.0, 1.0, 1.0, 0.046053714462892026, 0.07481768575371116, 144.0, 0.0, 0.0];[1e+30, 1e+30, 1e+30, 1e+30, 1e+30, 1e+30, 1e+30, 1e+30, 1e+30, 1e+30, 1e+30, 1e+30, 1e+30, 1e+30, 1e+30];66.91242559999228
[8.217092871390353, 4400.930393040428, 106.8703864808328];True;False;[1.0, 7.323459955297461, 1.3311081842502683, 0.0, 2.0, 38.07912447391246, 0.12303752161482394, 0.4029828007187479, 8059.002116714912, 4743.206020122707, 8868.17012229883, 0.0, 3.0, 0.0, 0.025, 0.021777064084567477, 0.3333333333333333, 0.3333333333333333, 0.03790180933539733, 0.3333333333333333, 0.3333333333333333, 0.0762845049482722, 0.3333333333333333, 0.3333333333333333, 0.015330174729349378, 0.3333333333333333, 0.3333333333333333, 0.036134123673040384, 0.7734708246059353, 0.08925714439152233, 0.0834615381282381, 0.18339611123308364, 0.5439375926954099, 0.0, 0.0, 0.0, 0.030000000000000002, 0.255, 0.0, 0.0, 2.0];[0.8997374887158571, 0.13243473376513482, 46.42661869496713, 2.220446049250313e-16, -0.7769624783851761, -9.939155585525036, -13.686285966729901, -10.697213715601027, -0.33333333333333337, -0.33333333333333337, -0.33333333333333337, -0.33333333333333337, -0.13727203100254237, -0.2726662960715065, -0.23195233550769984];55.525449899956584
[1e+30, 1e+30, 1e+30];False;False;[1.0, 12.122562093576835, 1.7748759317703864, 1.0, 2.0, 13.519290028236322, 0.3416343193090987, 0.41565551175828197, 12704.652649839947, 8027.9078434316925, 1464.5980512728065, 1.0, 1.068613376074858, 0.0, 0.025, 0.01864525848760087, 0.3333333333333333, 0.3333333333333333, 0.0696196790687733, 0.3333333333333333, 0.3333333333333333, 0.0071794938233544665, 0.3333333333333333, 0.3333333333333333, 0.06630589226473652, 0.07567556101224193, 0.357847983173909, 0.061869900881415675, 0.3333333333333333, 0.3333333333333333, 0.00904910813374753, 0.2544971975927445, 0.7372166750072164, 1.0, 0.0, 0.0, 0.030000000000000002, 0.255, 0.0, 0.0, 0.0];[1e+30, 1e+30, 1e+30, 1e+30, 1e+30, 1e+30, 1e+30, 1e+30, 1e+30, 1e+30, 1e+30, 1e+30, 1e+30, 1e+30, 1e+30];78.19224619993474
[1e+30, 1e+30, 1e+30];False;False;[1.0, 7.652385818798838, 1.455236172927806, 0.0, 2.0, 41.82467655938919, 0.8610463018050162, 0.7871152696906109, 9662.652317759426, 1741.232983995239, 8641.468851561362, 0.0, 3.0, 0.0, 0.025, 0.023516554058655128, 0.3333333333333333, 0.3333333333333333, 0.05597906593831553, 0.3333333333333333, 0.3333333333333333, 0.014670979980667166, 0.6395985516021434, 0.3490027533174087, 0.08607608278452729, 0.3333333333333333, 0.3333333333333333, 0.06972031437850752, 0.4061341243177571, 0.19877697010371975, 0.07975014434839388, 0.3333333333333333, 0.3333333333333333, 0.0, 0.0, 0.0, 0.030000000000000002, 0.255, 0.0, 0.0, 0.0];[1e+30, 1e+30, 1e+30, 1e+30, 1e+30, 1e+30, 1e+30, 1e+30, 1e+30, 1e+30, 1e+30, 1e+30, 1e+30, 1e+30, 1e+30];70.8747854999965
[1e+30, 1e+30, 1e+30];False;False;[0.0, 7.25, 1.4500000000000002, 0.0, 2.0, 34.66446686616545, 0.20988402866931627, 0.7498424738090178, 13938.215645673195, 12347.548804825585, 11234.637005753524, 0.0, 3.0, 0.0, 0.025, 0.08423244918953543, 0.3333333333333333, 0.3333333333333333, 0.02846996833466773, 0.0, 0.23381504671962394, 0.031943954653893825, 0.01747391376565266, 0.13453119965693627, 0.012830498621645092, 0.3333333333333333, 0.3333333333333333, 0.09544551273648383, 0.3333333333333333, 0.3333333333333333, 0.020886171220208027, 0.3333333333333333, 0.3333333333333333, 0.0, 0.0, 0.0, 0.030000000000000002, 0.255, 0.0, 2.0, 1.0];[1e+30, 1e+30, 1e+30, 1e+30, 1e+30, 1e+30, 1e+30, 1e+30, 1e+30, 1e+30, 1e+30, 1e+30, 1e+30, 1e+30, 1e+30];102.62531949998811
[1e+30, 1e+30, 1e+30];False;False;[1.0, 5.2812598195804465, 1.7695684427605727, 1.0, 2.0, 23.795942816823697, 0.10212726416877116, 0.44464241900067736, 6375.927311662745, 15021.447171240188, 18932.528366775547, 1.0, 4.56098444527926, 1.0, 0.02566483826905805, 0.053305220469014536, 0.17969923100388474, 0.7019109713985335, 0.09809489966696494, 0.3333333333333333, 0.3333333333333333, 0.08129674508544493, 0.3333333333333333, 0.3333333333333333, 0.0158137778029785, 0.3333333333333333, 0.3333333333333333, 0.057052299786547335, 0.3333333333333333, 0.3333333333333333, 0.060925381201815856, 0.3333333333333333, 0.3333333333333333, 0.0, 0.0, 0.0, 0.030000000000000002, 0.255, 0.0, 2.0, 2.0];[1e+30, 1e+30, 1e+30, 1e+30, 1e+30, 1e+30, 1e+30, 1e+30, 1e+30, 1e+30, 1e+30, 1e+30, 1e+30, 1e+30, 1e+30];101.54324020002969
[1e+30, 1e+30, 1e+30];False;False;[1.0, 6.539097681790954, 1.387051343335048, 1.0, 0.0, 48.07779496126553, 0.5, 0.5, 13313.488735451052, 10500.0, 10500.0, 0.0, 3.0, 0.0, 0.025, 0.01635703132319797, 0.0, 0.0, 0.05, 0.5, 0.5, 0.05, 0.5, 0.5, 0.06386940124852049, 0.0, 0.0, 0.05, 0.5, 0.5, 0.05, 0.5, 0.5, 1.0, 1.0, 0.0, 0.03538326609352484, 0.0687974594096024, 79.0, 0.0, 0.0];[1e+30, 1e+30, 1e+30, 1e+30, 1e+30, 1e+30, 1e+30, 1e+30, 1e+30, 1e+30, 1e+30, 1e+30, 1e+30, 1e+30, 1e+30];6.46954979992006
[9.959396692497691, 3316.3405648037265, 109.08289369789088];True;False;[1.0, 5.079789770397251, 1.6902116348151606, 0.0, 2.0, 28.608477348378376, 0.6254868737434025, 0.26752901570652543, 17601.768595611487, 2366.0309862819404, 11057.033196674827, 0.0, 3.0, 0.0, 0.025, 0.009351142879792385, 0.3333333333333333, 0.3333333333333333, 0.01571549306910678, 0.40311885116246604, 0.39538114044650874, 0.04795953223045357, 0.06530157763517519, 0.4126846308201214, 0.08852050056875357, 0.3333333333333333, 0.3333333333333333, 0.029733612736777507, 0.3333333333333333, 0.3333333333333333, 0.05793737380054417, 0.5706074726561825, 0.32317104013659437, 0.0, 0.0, 0.0, 0.030000000000000002, 0.255, 0.0, 2.0, 2.0];[0.6282881919041676, -0.1636495881447062, 21.478018228681762, -0.19347895581836583, -0.2745131262565975, -13.949971608897332, -8.860967088330113, -12.374254358976733, -0.33333333333333337, -0.20150000839102522, -0.5220137915447034, -0.33333333333333337, -0.33333333333333337, -0.10622148720722313, -0.19884930544524204];93.32682009995915
[27.894707437912125, 1140.295719074596, 118.30855550126273];True;False;[0.0, 7.25, 1.4500000000000002, 0.0, 0.0, 11.004406130055179, 0.5, 0.5, 14707.29155329606, 10500.0, 10500.0, 0.0, 3.0, 0.0, 0.025, 0.09645575977718279, 0.0, 0.0, 0.05, 0.5, 0.5, 0.05, 0.5, 0.5, 0.05444336461975588, 0.0, 0.0, 0.05, 0.5, 0.5, 0.05, 0.5, 0.5, 0.0, 0.0, 0.0, 0.030000000000000002, 0.255, 0.0, 0.0, 0.0];[0.4899112225325153, -1.4346002003784972, -6.93528558228479, 0.5907380672868425, -0.4, -3.9955938699448215, -14.0, -14.0, -1.0, 0.0, 0.0, -1.0, 0.0, 0.0, 0.01723869015725321];29.916645099991
[1e+30, 1e+30, 1e+30];False;False;[1.0, 7.353611670326163, 1.234505709039876, 0.0, 0.0, 13.78046630477142, 0.5, 0.5, 16961.477715950576, 10500.0, 10500.0, 1.0, 3.2362170618835266, 0.0, 0.025, 0.032250974713395573, 0.0, 0.0, 0.05, 0.5, 0.5, 0.05, 0.5, 0.5, 0.07288809467329756, 0.0, 0.0, 0.05, 0.5, 0.5, 0.05, 0.5, 0.5, 1.0, 1.0, 0.0, 0.03621745772076368, 0.18268052923013425, 240.0, 0.0, 0.0];[1e+30, 1e+30, 1e+30, 1e+30, 1e+30, 1e+30, 1e+30, 1e+30, 1e+30, 1e+30, 1e+30, 1e+30, 1e+30, 1e+30, 1e+30];91.06534750002902
[1e+30, 1e+30, 1e+30];False;False;[1.0, 11.982700175571424, 1.6846891892496085, 1.0, 2.0, 52.02315951657133, 0.46468778438777014, 0.5985970574982294, 7853.985172100926, 11864.660860314994, 3447.9494746977925, 1.0, 1.4284928464817868, 0.0, 0.025, 0.08821559832880785, 0.5675706299731995, 0.42503083311988854, 0.07947442496701554, 0.5716507475949117, 0.0356960372588343, 0.08509149798408591, 0.3279441174661012, 0.26399163307144213, 0.04587373637856487, 0.3333333333333333, 0.3333333333333333, 0.0931398095099819, 0.7588712841214713, 0.14199555212849457, 0.01996296841305463, 0.4373047318231076, 0.11198662830913775, 1.0, 1.0, 1.0, 0.035752006033192896, 0.437138847487814, 157.0, 0.0, 2.0];[1e+30, 1e+30, 1e+30, 1e+30, 1e+30, 1e+30, 1e+30, 1e+30, 1e+30, 1e+30, 1e+30, 1e+30, 1e+30, 1e+30, 1e+30];10.228367100004107
[21.93044256367152, 1469.484453182441, 117.08961125045138];True;False;[0.0, 7.25, 1.4500000000000002, 0.0, 0.0, 43.25252670169157, 0.5, 0.5, 16276.286625368477, 10500.0, 10500.0, 0.0, 3.0, 0.0, 0.025, 0.03672336796386521, 0.0, 0.0, 0.05, 0.5, 0.5, 0.05, 0.5, 0.5, 0.0815290174918411, 0.0, 0.0, 0.05, 0.5, 0.5, 0.05, 0.5, 0.5, 0.0, 0.0, 0.0, 0.030000000000000002, 0.255, 0.0, 0.0, 0.0];[0.5277451810952067, -1.424854182746802, 49.41291422153128, 0.7782324062927182, -0.4, 28.252526701691572, -14.0, -14.0, -1.0, 0.0, 0.0, -1.0, 0.0, 0.0, 0.013346450899777484];4.880312299937941
[1e+30, 1e+30, 1e+30];False;False;[1.0, 2.5589316148485084, 1.4544089689994382, 0.0, 2.0, 41.39835903855828, 0.36350432637418517, 0.5633484742447198, 6413.667950371357, 16002.19161461449, 18074.11867062875, 1.0, 2.3891983313659093, 0.0, 0.025, 0.06345795038405731, 0.3333333333333333, 0.3333333333333333, 0.09964555324156443, 0.3333333333333333, 0.3333333333333333, 0.041048501568962795, 0.03385938515526021, 0.15266352290358653, 0.023720155981788494, 0.47726167169177736, 0.491125135079871, 0.014875088189749275, 0.4206443526045992, 0.2842504657972027, 0.06280660147129545, 0.1779216931152251, 0.6012648679150056, 1.0, 0.0, 0.0, 0.030000000000000002, 0.255, 0.0, 1.0, 1.0];[1e+30, 1e+30, 1e+30, 1e+30, 1e+30, 1e+30, 1e+30, 1e+30, 1e+30, 1e+30, 1e+30, 1e+30, 1e+30, 1e+30, 1e+30];131.960591299925
[38.356129003236155, 1006.1282492602609, 122.68108820602936];True;False;[0.0, 7.25, 1.4500000000000002, 0.0, 1.0, 20.00013152014891, 0.505362024131957, 0.5, 11028.7809796982, 12139.198778668368, 10500.0, 0.0, 3.0, 1.0, 0.03460458821716219, 0.0006314184763878683, 0.09063800693668245, 0.0, 0.06655291995076545, 0.0, 0.0, 0.05, 0.5, 0.5, 0.016111191253024994, 0.5051583666781552, 0.0, 0.03888480428967032, 0.96188513367764, 0.0, 0.05, 0.5, 0.5, 0.0, 0.0, 0.0, 0.030000000000000002, 0.255, 0.0, 0.0, 1.0];[0.6013619239644274, -1.5808374951922373, 135.25100219565238, 0.8015186663122744, -0.39463797586804306, -10.575554475678404, -10.47962984057408, -14.0, -0.9093619930633176, -1.0, 0.0, -0.49484163332184483, -0.03811486632236005, 0.0, 0.11218552451046182];38.4773841999704
[19.63202596863313, 2214.61137153618, 114.69490787398883];True;False;[0.0, 7.25, 1.4500000000000002, 0.0, 2.0, 45.69058510619763, 0.7874245348390433, 0.38658176601723815, 15043.982982381203, 12684.012476604157, 4493.272272830314, 0.0, 3.0, 0.0, 0.025, 0.04655271579992481, 0.3333333333333333, 0.3333333333333333, 0.08070446249023822, 0.3333333333333333, 0.3333333333333333, 0.018048232972486155, 0.6114872150722066, 0.029399889423889825, 0.09516336780501884, 0.27617709235774623, 0.07799592135309152, 0.04983866201890365, 0.3333333333333333, 0.3333333333333333, 0.04790477650311428, 0.3333333333333333, 0.3333333333333333, 0.0, 0.0, 0.0, 0.030000000000000002, 0.255, 0.0, 2.0, 0.0];[2.183292729907887, -1.2275835433670241, 73.84744332681679, 0.5680432666097113, -0.11257546516095673, -11.425003893105512, -11.425003893105513, -11.425003893105513, -0.33333333333333337, -0.33333333333333337, -0.3591128955039036, -0.6458269862891622, -0.33333333333333337, -0.33333333333333337, -0.032718369320490825];26.948090499965474
[1e+30, 1e+30, 1e+30];False;False;[1.0, 11.58666851547223, 1.4359227947261521, 0.0, 2.0, 56.354244944914726, 0.8150991161175652, 0.3194579390723906, 2447.284449196109, 3760.6910277801467, 13299.202683871086, 1.0, 1.0503125710282446, 1.0, 0.0401628283494158, 0.028993226406584284, 0.08387916909192505, 0.8655949059313722, 0.09619688415753816, 0.3333333333333333, 0.3333333333333333, 0.04273648123104207, 0.3333333333333333, 0.3333333333333333, 0.09621560101971827, 0.3333333333333333, 0.3333333333333333, 0.022476739896175692, 0.4062591117497437, 0.46535708595643654, 0.05928495759680785, 0.3333333333333333, 0.3333333333333333, 1.0, 1.0, 0.0, 0.04316009216644193, 0.44986771768807127, 60.0, 1.0, 1.0];[1e+30, 1e+30, 1e+30, 1e+30, 1e+30, 1e+30, 1e+30, 1e+30, 1e+30, 1e+30, 1e+30, 1e+30, 1e+30, 1e+30, 1e+30];119.83274849993177
[1e+30, 1e+30, 1e+30];False;False;[1.0, 12.335131276831554, 1.1633723512680882, 1.0, 1.0, 56.493666975621366, 0.24538036960954326, 0.5, 8943.68642339173, 18225.375609309973, 10500.0, 1.0, 3.82699922285509, 0.0, 0.025, 0.09666222986156296, 0.7037036059339691, 0.0, 0.04839570148291388, 0.6357685534763826, 0.0, 0.05, 0.5, 0.5, 0.0805359646125177, 0.7494979201789723, 0.0, 0.060824137482227626, 0.3878499275576245, 0.0, 0.05, 0.5, 0.5, 0.0, 1.0, 0.0, 0.03102576070381686, 0.1147360598633588, 82.0, 1.0, 1.0];[1e+30, 1e+30, 1e+30, 1e+30, 1e+30, 1e+30, 1e+30, 1e+30, 1e+30, 1e+30, 1e+30, 1e+30, 1e+30, 1e+30, 1e+30];118.83479559991974
[35.339074439901005, 1188.1618425763008, 122.26898287395295];True;False;[0.0, 7.25, 1.4500000000000002, 0.0, 1.0, 50.775537710500494, 0.47457604287243904, 0.5, 11028.7809796982, 18239.228003860942, 10500.0, 0.0, 3.0, 1.0, 0.03551794008100717, 0.0006429454358243963, 0.1430339397701238, 0.0, 0.06655291995076545, 0.0, 0.0, 0.05, 0.5, 0.5, 0.016111191253024994, 0.5016646018586213, 0.0, 0.05288254662917062, 0.31902463634864336, 0.0, 0.05, 0.5, 0.5, 0.0, 0.0, 0.0, 0.030000000000000002, 0.255, 0.0, 0.0, 1.0];[0.6135862190688384, -1.5781077420717557, 55.456871087894, 0.8800936055313289, -0.425423957127561, -7.5022786550668235, -8.227870792395656, -14.0, -0.8569660602298762, -1.0, 0.0, -0.4983353981413787, -0.6809753636513567, 0.0, 0.1107220630199024];26.647815800039098
[14.584853541026815, 3582.9690576485145, 108.32320419451253];True;False;[1.0, 7.652385818798838, 1.455236172927806, 0.0, 2.0, 41.82467655938919, 0.7864302768317462, 0.783520582239049, 10120.105444543673, 1741.232983995239, 1825.8338515152027, 0.0, 3.0, 1.0, 0.044656085611471205, 0.09233915663303674, 0.3333333333333333, 0.3333333333333333, 0.07672135397330779, 0.3333333333333333, 0.3333333333333333, 0.08427151481319337, 0.6408597186746596, 0.3490027533174087, 0.00917488744839911, 0.3333333333333333, 0.3333333333333333, 0.06972031437850752, 0.4061341243177571, 0.19877697010371975, 0.07975014434839388, 0.3333333333333333, 0.3333333333333333, 0.0, 0.0, 0.0, 0.030000000000000002, 0.255, 0.0, 0.0, 0.0];[0.7341258703232114, -0.21492049208287645, 138.90530510565918, -3.3306690738754696e-16, -0.11356972316825387, -11.936863362150397, -11.936863362150397, -11.936863362150397, -0.33333333333333337, -0.33333333333333337, -0.010137528007931662, -0.33333333333333337, -0.39508890557852316, -0.33333333333333337, -0.1912004764590718];43.84498579998035
[11.327538212807765, 3469.1314723430523, 106.78765997889417];True;False;[1.0, 4.802262114093788, 1.3464937796931424, 0.0, 2.0, 28.769612634008276, 0.6262535913167306, 0.2657551742859735, 8059.002116714912, 4743.206020122707, 8874.725593322537, 0.0, 3.0, 0.0, 0.025, 0.021777064084567477, 0.3333333333333333, 0.3333333333333333, 0.038244740533706, 0.4255112331235228, 0.4109782184810674, 0.04778107248114637, 0.08238656425200708, 0.3691501940254456, 0.015330174729349378, 0.3333333333333333, 0.3333333333333333, 0.02985903197921726, 0.7734708246059353, 0.056911774646565216, 0.058027624952988216, 0.3333333333333333, 0.3333333333333333, 0.0, 0.0, 0.0, 0.030000000000000002, 0.255, 0.0, 0.0, 2.0];[0.7682380243701754, -0.10590418992689843, 22.255761220443773, -1.1102230246251565e-16, -0.2737464086832694, -13.856002948523077, -8.365829495869583, -12.184742470121236, -0.33333333333333337, -0.1635105483954098, -0.5484632417225473, -0.33333333333333337, -0.16961740074749954, -0.33333333333333337, -0.20537781891756823];47.52430699998513
[1e+30, 1e+30, 1e+30];False;False;[0.0, 7.25, 1.4500000000000002, 0.0, 1.0, 7.497917195504076, 0.8752999195655584, 0.5, 4039.8736054379306, 2369.0030520134897, 10500.0, 0.0, 3.0, 0.0, 0.025, 0.0667672117423202, 0.9548849746707215, 0.0, 0.03710322124338927, 0.4577071648458615, 0.0, 0.05, 0.5, 0.5, 0.04342034179265748, 0.5027520976345214, 0.0, 0.07191905272829692, 0.6090587445520934, 0.0, 0.05, 0.5, 0.5, 0.0, 0.0, 0.0, 0.030000000000000002, 0.255, 0.0, 0.0, 1.0];[1e+30, 1e+30, 1e+30, 1e+30, 1e+30, 1e+30, 1e+30, 1e+30, 1e+30, 1e+30, 1e+30, 1e+30, 1e+30, 1e+30, 1e+30];65.74732239998411
[1e+30, 1e+30, 1e+30];False;False;[0.0, 7.25, 1.4500000000000002, 0.0, 1.0, 57.762029686259616, 0.7831101898534855, 0.5, 14687.227568101029, 15110.617802382143, 10500.0, 0.0, 3.0, 0.0, 0.025, 0.08660678994108276, 0.5164485520233, 0.0, 0.09896947606030732, 0.7355232539206858, 0.0, 0.05, 0.5, 0.5, 0.07644435580442843, 0.7326549990749489, 0.0, 0.012495738834917038, 0.7082373733000656, 0.0, 0.05, 0.5, 0.5, 0.0, 0.0, 0.0, 0.030000000000000002, 0.255, 0.0, 1.0, 1.0];[1e+30, 1e+30, 1e+30, 1e+30, 1e+30, 1e+30, 1e+30, 1e+30, 1e+30, 1e+30, 1e+30, 1e+30, 1e+30, 1e+30, 1e+30];81.92586459999438
[1e+30, 1e+30, 1e+30];False;False;[1.0, 10.43982615459164, 1.784799852248732, 1.0, 0.0, 14.26785219069085, 0.5, 0.5, 10043.632493845296, 10500.0, 10500.0, 0.0, 3.0, 0.0, 0.025, 0.0574832598288009, 0.0, 0.0, 0.05, 0.5, 0.5, 0.05, 0.5, 0.5, 0.04409843223639129, 0.0, 0.0, 0.05, 0.5, 0.5, 0.05, 0.5, 0.5, 1.0, 1.0, 0.0, 0.01627550868539565, 0.1768325602431309, 142.0, 0.0, 0.0];[1e+30, 1e+30, 1e+30, 1e+30, 1e+30, 1e+30, 1e+30, 1e+30, 1e+30, 1e+30, 1e+30, 1e+30, 1e+30, 1e+30, 1e+30];58.568558499915525
[22.183812684678987, 1656.8642065680033, 116.22463310741148];True;False;[0.0, 7.25, 1.4500000000000002, 0.0, 1.0, 28.26273627617914, 0.5852893682079682, 0.5, 8079.491060754225, 7958.620530268591, 10500.0, 0.0, 3.0, 0.0, 0.025, 0.09847169792091107, 0.8760498690674086, 0.0, 0.04013690782932091, 0.29622121551709824, 0.0, 0.05, 0.5, 0.5, 0.08021826008441352, 0.5557851133624572, 0.0, 0.060398451403293966, 0.9862288845280716, 0.0, 0.05, 0.5, 0.5, 0.0, 0.0, 0.0, 0.030000000000000002, 0.255, 0.0, 1.0, 1.0];[1.287195829110388, -1.3331788395127597, 21.045931518412075, 0.619423547350854, -0.31471063179203185, -10.524986290897832, -8.684324090741267, -14.0, -0.12395013093259144, -0.7037787844829018, 0.0, -0.4442148866375428, -0.013771115471928441, 0.0, -0.009421705597530639];21.80404149997048
[1e+30, 1e+30, 1e+30];False;False;[0.0, 7.25, 1.4500000000000002, 0.0, 1.0, 7.526848416151472, 0.43393398084970336, 0.5, 19587.569931302187, 5135.874476716677, 10500.0, 0.0, 3.0, 0.0, 0.025, 0.09673405396309881, 0.36240952354407774, 0.0, 0.033569150780858335, 0.455627459629573, 0.0, 0.05, 0.5, 0.5, 0.09713623316921463, 0.7017695997915916, 0.0, 0.0160944814447033, 0.010068287026832982, 0.0, 0.05, 0.5, 0.5, 0.0, 0.0, 0.0, 0.030000000000000002, 0.255, 0.0, 0.0, 0.0];[1e+30, 1e+30, 1e+30, 1e+30, 1e+30, 1e+30, 1e+30, 1e+30, 1e+30, 1e+30, 1e+30, 1e+30, 1e+30, 1e+30, 1e+30];19.868294900050387
[20.194920389038746, 2148.4832939989406, 115.30613541140978];True;False;[0.0, 7.25, 1.4500000000000002, 0.0, 2.0, 52.02467028304916, 0.32823864990382506, 0.4062199437269667, 8297.17390108154, 15815.625821546735, 17531.127475619873, 0.0, 3.0, 0.0, 0.025, 0.06471423033279175, 0.06689743391878522, 0.4039642862489533, 0.06691140735377359, 0.3333333333333333, 0.3333333333333333, 0.02645257992757735, 0.3146673246291511, 0.3479719075425669, 0.004900537785135617, 0.3333333333333333, 0.3333333333333333, 0.05544963549395118, 0.3276270537394803, 0.31507438479236094, 0.0025025868823652098, 0.8931293848175743, 0.057844728342734575, 0.0, 0.0, 0.0, 0.030000000000000002, 0.255, 0.0, 0.0, 1.0];[2.025905237990327, -1.2627290461152163, 97.87141626658325, 0.6183258503417337, -0.5717613500961749, -11.98115399462964, -11.268371284843711, -10.381829631809438, -0.5291382798322615, -0.33333333333333337, -0.33736076782828195, -0.33333333333333337, -0.35729856146815875, -0.04902588683969111, -0.021448778177233396];80.06431549997069
[1e+30, 1e+30, 1e+30];False;False;[1.0, 10.73082567096501, 1.4883326227971652, 1.0, 2.0, 37.57831458546831, 0.7291991233979794, 0.5626324045763269, 13932.33095522004, 2356.44610666102, 7295.57540394552, 1.0, 3.3380631311825373, 1.0, 0.026786288927503333, 0.07270403720672614, 0.3333333333333333, 0.3333333333333333, 0.022354100656348897, 0.3333333333333333, 0.3333333333333333, 0.09294747178545232, 0.3333333333333333, 0.3333333333333333, 0.051117484846780845, 0.08520719050219439, 0.2716374301925707, 0.013436664311217606, 0.20613144074399425, 0.49947495617734494, 0.07733901317273723, 0.3047875530548452, 0.0, 1.0, 0.0, 0.0, 0.030000000000000002, 0.255, 0.0, 1.0, 0.0];[1e+30, 1e+30, 1e+30, 1e+30, 1e+30, 1e+30, 1e+30, 1e+30, 1e+30, 1e+30, 1e+30, 1e+30, 1e+30, 1e+30, 1e+30];75.31673390010837
[1e+30, 1e+30, 1e+30];False;False;[1.0, 2.546322668463552, 1.7592630274219518, 1.0, 2.0, 23.495995126031648, 0.10953337032200691, 0.5633484742447198, 6412.659780185227, 15009.033516156816, 18074.11867062875, 1.0, 2.110745067462165, 0.0, 0.025, 0.06354398333000219, 0.3333333333333333, 0.3333333333333333, 0.09964896648916693, 0.3333333333333333, 0.3333333333333333, 0.040955148913001824, 0.3333333333333333, 0.3333333333333333, 0.023720155981788494, 0.3333333333333333, 0.3333333333333333, 0.015902999443873803, 0.42242620349340493, 0.3890825536505008, 0.06293295597711315, 0.21494628740276378, 0.6139727470568893, 1.0, 0.0, 0.0, 0.030000000000000002, 0.255, 0.0, 1.0, 2.0];[1e+30, 1e+30, 1e+30, 1e+30, 1e+30, 1e+30, 1e+30, 1e+30, 1e+30, 1e+30, 1e+30, 1e+30, 1e+30, 1e+30, 1e+30];20.605665900046006
[1e+30, 1e+30, 1e+30];False;False;[0.0, 7.25, 1.4500000000000002, 0.0, 2.0, 43.25252670169157, 0.4694481407258345, 0.8632498071922414, 16276.286625368477, 9573.716913344168, 17311.1050738275, 0.0, 3.0, 1.0, 0.04284484720390735, 0.03719697052173085, 0.3333333333333333, 0.3333333333333333, 0.07556616221554484, 0.3333333333333333, 0.3333333333333333, 0.027189930409670205, 0.3853413586680051, 0.2994161605738578, 0.0815290174918411, 0.6239653885275745, 0.33561277134484147, 0.0940698742061635, 0.3333333333333333, 0.3333333333333333, 0.0866838482101497, 0.3331308994037741, 0.5802740724329845, 0.0, 0.0, 0.0, 0.030000000000000002, 0.255, 0.0, 1.0, 2.0];[1e+30, 1e+30, 1e+30, 1e+30, 1e+30, 1e+30, 1e+30, 1e+30, 1e+30, 1e+30, 1e+30, 1e+30, 1e+30, 1e+30, 1e+30];109.16272949997801
[1e+30, 1e+30, 1e+30];False;False;[1.0, 8.10233688369913, 1.227764864765999, 0.0, 2.0, 57.762029686259616, 0.7801204227763604, 0.11463041155159721, 14624.817537543917, 15110.617802382143, 6154.587679819542, 1.0, 3.3476265102360716, 1.0, 0.005042480697362137, 0.08593704464390858, 0.3333333333333333, 0.3333333333333333, 0.0992039310296268, 0.3333333333333333, 0.3333333333333333, 0.09213307366411234, 0.4183264663402252, 0.16819448879231685, 0.07644435580442843, 0.048190344663228746, 0.5894123319754367, 0.08535739785740495, 0.3333333333333333, 0.3333333333333333, 0.05429390118858701, 0.3333333333333333, 0.3333333333333333, 1.0, 1.0, 2.0, 0.03624322564911599, 0.07175396891494691, 7.0, 1.0, 2.0];[1e+30, 1e+30, 1e+30, 1e+30, 1e+30, 1e+30, 1e+30, 1e+30, 1e+30, 1e+30, 1e+30, 1e+30, 1e+30, 1e+30, 1e+30];128.05362999998033
[1e+30, 1e+30, 1e+30];False;False;[1.0, 5.079789770397251, 1.737396472141121, 0.0, 2.0, 41.6938862035688, 0.35802462543339253, 0.26752901570652543, 17601.768595611487, 2423.876960034061, 18342.48644312666, 0.0, 3.0, 0.0, 0.025, 0.06316512679730527, 0.3333333333333333, 0.3333333333333333, 0.01571549306910678, 0.40311885116246604, 0.39538114044650874, 0.04795953223045357, 0.07099547790251848, 0.4254158565905034, 0.015936168819438344, 0.3333333333333333, 0.3333333333333333, 0.029657616631591627, 0.3333333333333333, 0.3333333333333333, 0.06244596540470333, 0.5706074726561825, 0.3150786120545645, 1.0, 0.0, 0.0, 0.030000000000000002, 0.255, 0.0, 1.0, 2.0];[1e+30, 1e+30, 1e+30, 1e+30, 1e+30, 1e+30, 1e+30, 1e+30, 1e+30, 1e+30, 1e+30, 1e+30, 1e+30, 1e+30, 1e+30];117.1529928999953
[1e+30, 1e+30, 1e+30];False;False;[1.0, 7.282120932827181, 1.5613196895019212, 0.0, 2.0, 13.78046630477142, 0.3529149922638336, 0.6107442551659931, 16799.59673575619, 10799.963537199697, 11824.347908385482, 1.0, 2.5435139763414147, 1.0, 0.007523121026137086, 0.032250974713395573, 0.46132720920476344, 0.3011434533080307, 0.07173403431099785, 0.3333333333333333, 0.3333333333333333, 0.003788166359398751, 0.3333333333333333, 0.3333333333333333, 0.07288809467329756, 0.6286297930263143, 0.020169629375394682, 0.07647009570994566, 0.3333333333333333, 0.3333333333333333, 0.05812947816006119, 0.3333333333333333, 0.3333333333333333, 1.0, 1.0, 2.0, 0.03621745772076368, 0.1948597015306061, 156.0, 1.0, 1.0];[1e+30, 1e+30, 1e+30, 1e+30, 1e+30, 1e+30, 1e+30, 1e+30, 1e+30, 1e+30, 1e+30, 1e+30, 1e+30, 1e+30, 1e+30];244.37948749994393
[1e+30, 1e+30, 1e+30];False;False;[0.0, 7.25, 1.4500000000000002, 0.0, 2.0, 9.986464369676657, 0.4294561965792223, 0.368241887671985, 19587.569931302187, 4903.202763513221, 16281.909969899587, 0.0, 3.0, 0.0, 0.025, 0.04677029596190279, 0.3650603576263509, 0.01611051734168767, 0.033569150780858335, 0.32699998009596587, 0.14014879030153038, 0.07830481615853867, 0.6177318477176157, 0.029703122069761008, 0.09716956735780767, 0.3333333333333333, 0.3333333333333333, 0.05035685819821263, 0.021530999108146598, 0.6674396574280386, 0.047495258597555545, 0.12294577881953173, 0.7795116430934133, 0.0, 0.0, 0.0, 0.030000000000000002, 0.255, 0.0, 0.0, 0.0];[1e+30, 1e+30, 1e+30, 1e+30, 1e+30, 1e+30, 1e+30, 1e+30, 1e+30, 1e+30, 1e+30, 1e+30, 1e+30, 1e+30, 1e+30];128.2414708000142
[1e+30, 1e+30, 1e+30];False;False;[0.0, 7.25, 1.4500000000000002, 0.0, 2.0, 9.158053931044938, 0.2750856351941996, 0.4697869937619912, 5579.966666702985, 9473.10024549141, 1661.7795852466606, 0.0, 3.0, 0.0, 0.025, 0.01930292210253296, 0.48540222282596546, 0.23501810510640125, 0.03968738764483573, 0.3333333333333333, 0.3333333333333333, 0.09615474853210171, 0.3333333333333333, 0.3333333333333333, 0.07459311134541123, 0.13591746632127888, 0.5073628840197089, 0.06415118105713136, 0.3333333333333333, 0.3333333333333333, 0.08979198740589056, 0.3222469439896235, 0.6773000438608967, 0.0, 0.0, 0.0, 0.030000000000000002, 0.255, 0.0, 1.0, 1.0];[1e+30, 1e+30, 1e+30, 1e+30, 1e+30, 1e+30, 1e+30, 1e+30, 1e+30, 1e+30, 1e+30, 1e+30, 1e+30, 1e+30, 1e+30];117.84217870002612
[24.522994371135884, 1557.5493914126525, 116.90749387421238];True;False;[0.0, 7.25, 1.4500000000000002, 0.0, 2.0, 13.519290028236322, 0.3416343193090987, 0.41196081423489445, 12678.186790830674, 8027.9078434316925, 8064.667704017587, 0.0, 3.0, 0.0, 0.025, 0.018195927945306348, 0.3333333333333333, 0.3333333333333333, 0.0696196790687733, 0.3333333333333333, 0.3333333333333333, 0.03639926839188691, 0.3333333333333333, 0.3333333333333333, 0.06630589226473652, 0.07567556101224193, 0.357847983173909, 0.06481050064047243, 0.3333333333333333, 0.3333333333333333, 0.05373999843778304, 0.3333333333333333, 0.3333333333333333, 0.0, 0.0, 0.0, 0.030000000000000002, 0.255, 0.0, 0.0, 0.0];[1.787315134174106, -1.316007543962791, -3.2594942815217998, 0.5774966255705332, -0.5583656806909013, -13.199975778897176, -12.504310453112959, -11.990564941214563, -0.33333333333333337, -0.33333333333333337, -0.33333333333333337, -0.5664764558138491, -0.33333333333333337, -0.33333333333333337, -0.003288787265456672];78.23657539999112
[1e+30, 1e+30, 1e+30];False;False;[1.0, 5.647046095505461, 1.791564978003032, 0.0, 1.0, 57.41440587150858, 0.38040531487271695, 0.5, 12369.513156032503, 8765.43412477001, 10500.0, 0.0, 3.0, 0.0, 0.025, 0.053705180602639624, 0.8438228404574319, 0.0, 0.01034133554036928, 0.6857650992336755, 0.0, 0.05, 0.5, 0.5, 0.033247811719818346, 0.134121152101805, 0.0, 0.09933408293574375, 0.9804690116782758, 0.0, 0.05, 0.5, 0.5, 1.0, 1.0, 0.0, 0.01824704542774192, 0.11571332123118835, 87.0, 0.0, 0.0];[1e+30, 1e+30, 1e+30, 1e+30, 1e+30, 1e+30, 1e+30, 1e+30, 1e+30, 1e+30, 1e+30, 1e+30, 1e+30, 1e+30, 1e+30];79.87557489995379
[1e+30, 1e+30, 1e+30];False;False;[0.0, 7.25, 1.4500000000000002, 0.0, 0.0, 8.800188678967821, 0.5, 0.5, 14707.29155329606, 10500.0, 10500.0, 0.0, 3.0, 0.0, 0.025, 0.09632444699653439, 0.0, 0.0, 0.05, 0.5, 0.5, 0.05, 0.5, 0.5, 0.054170685178178496, 0.0, 0.0, 0.05, 0.5, 0.5, 0.05, 0.5, 0.5, 0.0, 0.0, 0.0, 0.030000000000000002, 0.255, 0.0, 0.0, 0.0];[1e+30, 1e+30, 1e+30, 1e+30, 1e+30, 1e+30, 1e+30, 1e+30, 1e+30, 1e+30, 1e+30, 1e+30, 1e+30, 1e+30, 1e+30];31.358258299995214
[1e+30, 1e+30, 1e+30];False;False;[1.0, 6.6366364490693135, 1.5516507904459123, 0.0, 1.0, 48.61817665560631, 0.32823864990382506, 0.5, 8297.17390108154, 15815.625821546735, 10500.0, 0.0, 3.0, 0.0, 0.025, 0.064610740701578, 0.06689743391878522, 0.0, 0.06691140735377359, 0.42944413910994483, 0.0, 0.05, 0.5, 0.5, 0.015039764468048895, 0.46542070019848725, 0.0, 0.0362142300466722, 0.7741431818384269, 0.0, 0.05, 0.5, 0.5, 1.0, 0.0, 0.0, 0.030000000000000002, 0.255, 0.0, 1.0, 1.0];[1e+30, 1e+30, 1e+30, 1e+30, 1e+30, 1e+30, 1e+30, 1e+30, 1e+30, 1e+30, 1e+30, 1e+30, 1e+30, 1e+30, 1e+30];96.58954559999984
[19.59888546838068, 2164.4060481249653, 115.11052096164235];True;False;[0.0, 7.25, 1.4500000000000002, 0.0, 2.0, 51.85337117876301, 0.13383885888551808, 0.6391428543338786, 18279.036370471225, 2623.8172931416975, 3948.840368030059, 0.0, 3.0, 0.0, 0.025, 0.017781358341519105, 0.3333333333333333, 0.3333333333333333, 0.06166998115292197, 0.3333333333333333, 0.3333333333333333, 0.023687537204854017, 0.3333333333333333, 0.3333333333333333, 0.07473240711453075, 0.15068616249550215, 0.285100283630161, 0.013023447227719365, 0.3333333333333333, 0.3333333333333333, 0.07474352768440186, 0.5530715492185969, 0.08974511092874912, 0.0, 0.0, 0.0, 0.030000000000000002, 0.255, 0.0, 1.0, 2.0];[2.048935664276903, -1.2575862237696522, 93.63518125627897, 0.6304883162192345, -0.766161141114482, -11.850515278779524, -13.143218120693096, -6.133002178158517, -0.33333333333333337, -0.33333333333333337, -0.33333333333333337, -0.5642135538743369, -0.33333333333333337, -0.35718333985265394, -0.02313168349246497];64.39884999999776
[24.516131383134393, 1549.081886741334, 117.01378987686749];True;False;[0.0, 7.25, 1.4500000000000002, 0.0, 2.0, 13.968459384616692, 0.12543278537061506, 0.58797211019583, 14237.383967534777, 9575.144061520768, 19424.852067783428, 0.0, 3.0, 0.0, 0.025, 0.024678120048832186, 0.15982665628199405, 0.7813102942728233, 0.061399518818329474, 0.3333333333333333, 0.3333333333333333, 0.03537167229916256, 0.3333333333333333, 0.3333333333333333, 0.07256872998552065, 0.4912816960145119, 0.23571837157299658, 0.03979579732716611, 0.019580159884447612, 0.40707482201176404, 0.06542067736216871, 0.3526820837145398, 0.5734350445643799, 0.0, 0.0, 0.0, 0.030000000000000002, 0.255, 0.0, 2.0, 2.0];[1.7566400377380695, -1.3228574636924915, -2.9799053653719874, 0.5913297508135431, -0.7745672146293849, -12.50364650198856, -13.907432235647805, -9.878536962724626, -0.058863049445182725, -0.33333333333333337, -0.33333333333333337, -0.27299993241249154, -0.5733450181037884, -0.07388287172108032, -0.0008535082243743553];68.45965289999731
[21.368720262588667, 1682.5838127490238, 116.18574191432384];True;False;[0.0, 7.25, 1.4500000000000002, 0.0, 1.0, 33.243901945741634, 0.8308402425548366, 0.5, 6702.428821178126, 13378.096082499742, 10500.0, 0.0, 3.0, 0.0, 0.025, 0.08934153077677649, 0.7536159024895681, 0.0, 0.049032454290308, 0.2055747239264516, 0.0, 0.05, 0.5, 0.5, 0.06585492911234847, 0.22806574102282776, 0.0, 0.06391697532432064, 0.16377083982458876, 0.0, 0.05, 0.5, 0.5, 0.0, 0.0, 0.0, 0.030000000000000002, 0.255, 0.0, 1.0, 1.0];[1.2529756195930357, -1.3413792377844527, 31.126814201949678, 0.6689726733653294, -0.06915975744516345, -12.398368625829761, -2.221901505418149, -14.0, -0.2463840975104319, -0.7944252760735484, 0.0, -0.7719342589771723, -0.8362291601754113, 0.0, -0.006503617093565839];13.960371499997564
[1e+30, 1e+30, 1e+30];False;False;[0.0, 7.25, 1.4500000000000002, 0.0, 1.0, 9.813743113925389, 0.8586729682443816, 0.5, 15581.484860597313, 7281.614158124019, 10500.0, 0.0, 3.0, 0.0, 0.025, 0.02216134122426698, 0.959768160676385, 0.0, 0.056294140489039635, 0.4538852859944634, 0.0, 0.05, 0.5, 0.5, 0.08554084760749073, 0.02659103299287413, 0.0, 0.037931069715100234, 0.36700417461499113, 0.0, 0.05, 0.5, 0.5, 0.0, 0.0, 0.0, 0.030000000000000002, 0.255, 0.0, 1.0, 1.0];[1e+30, 1e+30, 1e+30, 1e+30, 1e+30, 1e+30, 1e+30, 1e+30, 1e+30, 1e+30, 1e+30, 1e+30, 1e+30, 1e+30, 1e+30];79.79779760004021
[1e+30, 1e+30, 1e+30];False;False;[0.0, 7.25, 1.4500000000000002, 0.0, 0.0, 7.508455231166902, 0.5, 0.5, 12622.279319407224, 10500.0, 10500.0, 0.0, 3.0, 0.0, 0.025, 0.06426791854340623, 0.0, 0.0, 0.05, 0.5, 0.5, 0.05, 0.5, 0.5, 0.09032187987084582, 0.0, 0.0, 0.05, 0.5, 0.5, 0.05, 0.5, 0.5, 0.0, 0.0, 0.0, 0.030000000000000002, 0.255, 0.0, 0.0, 0.0];[1e+30, 1e+30, 1e+30, 1e+30, 1e+30, 1e+30, 1e+30, 1e+30, 1e+30, 1e+30, 1e+30, 1e+30, 1e+30, 1e+30, 1e+30];12.590223200037144
[1e+30, 1e+30, 1e+30];False;False;[1.0, 11.735285634559881, 1.25008521029743, 1.0, 1.0, 57.51596898096211, 0.13333194516123942, 0.5, 18705.84133181413, 2623.8172931416975, 10500.0, 1.0, 2.5136774079080673, 1.0, 0.03002887873540749, 0.017106397434070053, 0.7959597551839619, 0.0, 0.06166998115292197, 0.48984830448058037, 0.0, 0.05, 0.5, 0.5, 0.07452087351588098, 0.15068616249550215, 0.0, 0.07429195604236595, 0.8682794642224444, 0.0, 0.05, 0.5, 0.5, 1.0, 0.0, 0.0, 0.030000000000000002, 0.255, 0.0, 1.0, 1.0];[1e+30, 1e+30, 1e+30, 1e+30, 1e+30, 1e+30, 1e+30, 1e+30, 1e+30, 1e+30, 1e+30, 1e+30, 1e+30, 1e+30, 1e+30];94.20481160003692
[1e+30, 1e+30, 1e+30];False;False;[1.0, 11.982700175571424, 1.553853492409128, 1.0, 1.0, 49.46647136393308, 0.46468778438777014, 0.5, 7853.985172100926, 11864.660860314994, 10500.0, 0.0, 3.0, 0.0, 0.025, 0.08811210305047515, 0.5675706299731995, 0.0, 0.07947442496701554, 0.5716507475949117, 0.0, 0.05, 0.5, 0.5, 0.04587373637856487, 0.5059492884441528, 0.0, 0.0931398095099819, 0.7588712841214713, 0.0, 0.05, 0.5, 0.5, 1.0, 1.0, 1.0, 0.036016486566102256, 0.4302225353318753, 156.0, 1.0, 1.0];[1e+30, 1e+30, 1e+30, 1e+30, 1e+30, 1e+30, 1e+30, 1e+30, 1e+30, 1e+30, 1e+30, 1e+30, 1e+30, 1e+30, 1e+30];12.908461799961515
[1e+30, 1e+30, 1e+30];False;False;[1.0, 10.718099684079789, 1.6846891892496085, 0.0, 2.0, 52.02315951657133, 0.4713795316971515, 0.5985970574982294, 7853.985172100926, 11864.660860314994, 4451.096902598228, 1.0, 1.4284928464817868, 1.0, 0.03720590365428216, 0.08816133514507639, 0.5696123808285807, 0.42503083311988854, 0.03964223605595944, 0.5735002529398978, 0.0, 0.08516442311727102, 0.3279441174661012, 0.26399163307144213, 0.04587373637856487, 0.5059492884441528, 0.3369137431866268, 0.0931398095099819, 0.36470967864488707, 0.14199555212849457, 0.017521240206638623, 0.43637175157640695, 0.05966293992439349, 1.0, 1.0, 1.0, 0.035752006033192896, 0.43643313606193046, 157.0, 0.0, 2.0];[1e+30, 1e+30, 1e+30, 1e+30, 1e+30, 1e+30, 1e+30, 1e+30, 1e+30, 1e+30, 1e+30, 1e+30, 1e+30, 1e+30, 1e+30];220.2294459999539
[1e+30, 1e+30, 1e+30];False;False;[0.0, 7.25, 1.4500000000000002, 0.0, 1.0, 16.49203589228784, 0.3718430873200096, 0.5, 12110.348332753003, 9289.567579527335, 10500.0, 0.0, 3.0, 1.0, 0.022298365619018053, 0.05348125369515473, 0.4604815280031896, 0.0, 0.06293090282450813, 0.175653949500995, 0.0, 0.05, 0.5, 0.5, 0.029402808529850354, 0.5572618772293009, 0.0, 0.04017559327847556, 0.9469150492092796, 0.0, 0.05, 0.5, 0.5, 0.0, 0.0, 0.0, 0.030000000000000002, 0.255, 0.0, 0.0, 0.0];[1e+30, 1e+30, 1e+30, 1e+30, 1e+30, 1e+30, 1e+30, 1e+30, 1e+30, 1e+30, 1e+30, 1e+30, 1e+30, 1e+30, 1e+30];35.53314509999473
[1e+30, 1e+30, 1e+30];False;False;[0.0, 7.25, 1.4500000000000002, 0.0, 1.0, 19.249814997416173, 0.5062493359307947, 0.5, 2476.534643156833, 12121.982805298108, 10500.0, 0.0, 3.0, 1.0, 0.009178344508064125, 0.04873503948053431, 0.08896586824872078, 0.0, 0.014281549713554866, 0.08327973738619909, 0.0, 0.05, 0.5, 0.5, 0.045908864371927254, 0.15545135395799614, 0.0, 0.03849781587782695, 0.9683851174822276, 0.0, 0.05, 0.5, 0.5, 0.0, 0.0, 0.0, 0.030000000000000002, 0.255, 0.0, 0.0, 0.0];[1e+30, 1e+30, 1e+30, 1e+30, 1e+30, 1e+30, 1e+30, 1e+30, 1e+30, 1e+30, 1e+30, 1e+30, 1e+30, 1e+30, 1e+30];57.78505629999563
[29.836827385778037, 1081.4484598391582, 118.80198296988354];True;False;[0.0, 7.25, 1.4500000000000002, 0.0, 0.0, 9.158053931044938, 0.5, 0.5, 5579.966666702985, 10500.0, 10500.0, 0.0, 3.0, 0.0, 0.025, 0.018829319552697732, 0.0, 0.0, 0.05, 0.5, 0.5, 0.05, 0.5, 0.5, 0.07459311134541123, 0.0, 0.0, 0.05, 0.5, 0.5, 0.05, 0.5, 0.5, 0.0, 0.0, 0.0, 0.030000000000000002, 0.255, 0.0, 0.0, 0.0];[0.43942303509390257, -1.447605943992489, -8.688429789501464, 0.5655288351646277, -0.4, -5.841946068955062, -14.0, -14.0, -1.0, 0.0, 0.0, -1.0, 0.0, 0.0, 0.022525632327141998];9.603343999944627
[1e+30, 1e+30, 1e+30];False;False;[1.0, 7.600987613573273, 1.6586536285045361, 0.0, 2.0, 37.91798918828242, 0.12436180041150513, 0.40475664214908863, 17601.768595611487, 2366.0309862819404, 11050.47772565112, 0.0, 3.0, 0.0, 0.025, 0.009351142879792385, 0.3333333333333333, 0.3333333333333333, 0.015372562466199977, 0.3333333333333333, 0.3333333333333333, 0.07646296460322104, 0.3333333333333333, 0.3333333333333333, 0.08852050056875357, 0.3333333333333333, 0.3333333333333333, 0.03600870443060062, 0.3333333333333333, 0.3333333333333333, 0.0833712863114044, 0.1969880697356239, 0.32317104013659437, 0.0, 0.0, 0.0, 0.030000000000000002, 0.255, 0.0, 2.0, 2.0];[1e+30, 1e+30, 1e+30, 1e+30, 1e+30, 1e+30, 1e+30, 1e+30, 1e+30, 1e+30, 1e+30, 1e+30, 1e+30, 1e+30, 1e+30];115.8902412999887
[1e+30, 1e+30, 1e+30];False;False;[0.0, 7.25, 1.4500000000000002, 0.0, 0.0, 10.970791574724561, 0.5, 0.5, 14707.29155329606, 10500.0, 10500.0, 0.0, 3.0, 0.0, 0.025, 0.034543799500312874, 0.0, 0.0, 0.05, 0.5, 0.5, 0.05, 0.5, 0.5, 0.05444336461975588, 0.0, 0.0, 0.05, 0.5, 0.5, 0.05, 0.5, 0.5, 0.0, 0.0, 0.0, 0.030000000000000002, 0.255, 0.0, 0.0, 0.0];[1e+30, 1e+30, 1e+30, 1e+30, 1e+30, 1e+30, 1e+30, 1e+30, 1e+30, 1e+30, 1e+30, 1e+30, 1e+30, 1e+30, 1e+30];47.514771300018765
[15.24341478946895, 2945.056762286921, 106.80982856874554];True;False;[1.0, 5.294099742018334, 1.4644370727569866, 0.0, 2.0, 41.69830672147958, 0.35991650718997786, 0.5022627720854778, 6376.935481848875, 16014.605269697864, 18932.528366775547, 1.0, 4.826378630172019, 1.0, 0.0319135460036129, 0.05321918752306966, 0.17969923100388474, 0.6865817257113672, 0.0980914188072034, 0.3333333333333333, 0.3333333333333333, 0.08139007798832378, 0.0862529826982934, 0.15917055754446963, 0.0158137778029785, 0.3333333333333333, 0.3333333333333333, 0.056024511025964674, 0.3333333333333333, 0.3333333333333333, 0.060799026695998154, 0.3333333333333333, 0.3333333333333333, 0.0, 0.0, 0.0, 0.030000000000000002, 0.255, 0.0, 2.0, 1.0];[0.7372903646142301, -0.3346257078608095, 386.3418262481436, 4.440892098500626e-16, -0.5400834928100222, -13.559053042066296, -11.236991118468573, -9.74872856769911, -0.13371904328474804, -0.33333333333333337, -0.754576459757237, -0.33333333333333337, -0.33333333333333337, -0.33333333333333337, -0.17365592308383893];69.03594849992078
[13.430885139669721, 3633.046572120504, 107.66955245951257];True;False;[1.0, 2.5589316148485084, 1.4334411076296452, 0.0, 2.0, 28.31295018314983, 0.6309665747788399, 0.5633484742447198, 6413.667950371357, 15955.75238447238, 10788.072466208041, 1.0, 2.3891983313659093, 0.0, 0.025, 0.009651214674728764, 0.3333333333333333, 0.3333333333333333, 0.09964555324156443, 0.3333333333333333, 0.3333333333333333, 0.041048501568962795, 0.028165486844805115, 0.13993243871504504, 0.09577559051025249, 0.49186839543140537, 0.47252380824889073, 0.014951084300210221, 0.704260080040024, 0.2842504657972027, 0.05829800986713629, 0.1779216931152251, 0.6093572960713811, 0.0, 0.0, 0.0, 0.030000000000000002, 0.255, 0.0, 2.0, 1.0];[0.8356498125808551, -0.3242614980243479, 22.655461463192417, 0.0, -0.26903342522116014, -12.296860720581096, -12.296860720581098, -12.296860720581098, -0.33333333333333337, -0.33333333333333337, -0.8319020744401499, -0.0356077963197039, -0.01148945416277325, -0.21272101081339378, -0.1744867432821225];34.162214200012386
[1e+30, 1e+30, 1e+30];False;False;[1.0, 4.41871077535586, 1.7346445844480947, 0.0, 1.0, 36.12159257148484, 0.23209567390102012, 0.5, 8599.186707147044, 11743.488805821893, 10500.0, 1.0, 1.073178877963624, 1.0, 0.03586700212819752, 0.07611943669664645, 0.062295233441955866, 0.0, 0.06786439497686228, 0.9775550875896892, 0.0, 0.05, 0.5, 0.5, 0.07978231836563607, 0.6295767555607608, 0.0, 0.02360796088469639, 0.32508465689574106, 0.0, 0.05, 0.5, 0.5, 1.0, 1.0, 1.0, 0.03787411298048509, 0.3458516771926755, 88.0, 0.0, 1.0];[1e+30, 1e+30, 1e+30, 1e+30, 1e+30, 1e+30, 1e+30, 1e+30, 1e+30, 1e+30, 1e+30, 1e+30, 1e+30, 1e+30, 1e+30];99.85644190001767
[1e+30, 1e+30, 1e+30];False;False;[1.0, 11.676426505794332, 1.6772744731873603, 0.0, 2.0, 47.45773229065205, 0.37399547419816526, 0.3285245492660563, 19836.872710957046, 13137.17308527315, 13564.661249341652, 1.0, 2.5383129340737387, 1.0, 0.029859694687453725, 0.046369842815868104, 0.49659683222601075, 0.3521609193259202, 0.07722935411510135, 0.2615089976448055, 0.14895974756375197, 0.03390103646654644, 0.442484197982392, 0.2584867942508623, 0.07866204125346687, 0.7369275673768938, 0.07561566787955121, 0.020405738407963968, 0.3333333333333333, 0.3333333333333333, 0.08506581359529071, 0.3333333333333333, 0.3333333333333333, 0.0, 0.0, 0.0, 0.030000000000000002, 0.255, 0.0, 1.0, 2.0];[1e+30, 1e+30, 1e+30, 1e+30, 1e+30, 1e+30, 1e+30, 1e+30, 1e+30, 1e+30, 1e+30, 1e+30, 1e+30, 1e+30, 1e+30];79.04862360004336
[47.04085587366627, 826.9982875605313, 123.7818611928057];True;False;[0.0, 7.25, 1.4500000000000002, 0.0, 1.0, 7.497917195504076, 0.8761661155449777, 0.5, 4039.8736054379306, 2620.442025241956, 10500.0, 0.0, 3.0, 1.0, 0.04986652579726279, 0.06739632084260799, 0.9300084398408608, 0.0, 0.07810161194889031, 0.36586574096336755, 0.0, 0.05, 0.5, 0.5, 0.04342034179265748, 0.23019493397184299, 0.0, 0.07164456330793145, 0.1122815265928449, 0.0, 0.05, 0.5, 0.5, 0.0, 0.0, 0.0, 0.030000000000000002, 0.255, 0.0, 1.0, 1.0];[0.5178442987801146, -1.5994874456404984, 301.543774529462, 0.6613129367886896, -0.023833884455022325, -13.970569950526059, -7.716438383224138, -14.0, -0.06999156015913921, -0.6341342590366325, 0.0, -0.769805066028157, -0.887718473407155, 0.0, 0.12237481659187921];19.13247119996231
[1e+30, 1e+30, 1e+30];False;False;[0.0, 7.25, 1.4500000000000002, 0.0, 1.0, 43.20241392783145, 0.791898091599572, 0.5, 15043.982982381203, 12684.012476604157, 10500.0, 0.0, 3.0, 0.0, 0.025, 0.03486378178934375, 0.3522318502257945, 0.0, 0.08070446249023822, 0.8222297125059225, 0.0, 0.05, 0.5, 0.5, 0.09513003361639942, 0.27617709235774623, 0.0, 0.015890423746323528, 0.8737473497868388, 0.0, 0.05, 0.5, 0.5, 0.0, 0.0, 0.0, 0.030000000000000002, 0.255, 0.0, 1.0, 0.0];[1e+30, 1e+30, 1e+30, 1e+30, 1e+30, 1e+30, 1e+30, 1e+30, 1e+30, 1e+30, 1e+30, 1e+30, 1e+30, 1e+30, 1e+30];26.05679089995101
[22.137921065607095, 1599.185470548133, 116.51621130900992];True;False;[0.0, 7.25, 1.4500000000000002, 0.0, 1.0, 27.760053831643457, 0.23382006384383225, 0.5, 8599.186707147044, 11498.878917396589, 10500.0, 0.0, 3.0, 0.0, 0.025, 0.07617369987463614, 0.0676460211779431, 0.0, 0.08084133548432071, 0.9744776607217024, 0.0, 0.05, 0.5, 0.5, 0.08026866251897605, 0.6424486539136655, 0.0, 0.02360796088469639, 0.7192462293503978, 0.0, 0.05, 0.5, 0.5, 0.0, 0.0, 0.0, 0.030000000000000002, 0.255, 0.0, 0.0, 1.0];[1.2050591217731323, -1.3528617614583196, 19.573951635757496, 0.6650559859091216, -0.6661799361561678, -5.462497779081078, -12.089379044048199, -14.0, -0.932353978822057, -0.025522339278297612, 0.0, -0.35755134608633454, -0.28075377064960216, 0.0, -0.0023587663828323335];18.712010100018233
[20.474313551457158, 1859.4184237723161, 116.19974800743677];True;False;[0.0, 7.25, 1.4500000000000002, 0.0, 2.0, 38.92892994070512, 0.12303752161482394, 0.4032065247189897, 8059.002116714912, 4743.206020122707, 8868.17012229883, 0.0, 3.0, 0.0, 0.025, 0.021777064084567477, 0.3333333333333333, 0.3333333333333333, 0.03790180933539733, 0.3333333333333333, 0.3333333333333333, 0.030393274722417814, 0.3333333333333333, 0.3333333333333333, 0.005190951877635874, 0.3333333333333333, 0.3333333333333333, 0.055369529120323654, 0.3269545975400866, 0.09573216085142686, 0.0834615381282381, 0.18339611123308364, 0.5439375926954099, 0.0, 0.0, 0.0, 0.030000000000000002, 0.255, 0.0, 0.0, 2.0];[1.7664015954663146, -1.3206776535323328, 49.451973411048726, 0.7382988473936898, -0.7769624783851761, -9.394613446873288, -13.544244428270083, -10.229340308438026, -0.33333333333333337, -0.33333333333333337, -0.33333333333333337, -0.33333333333333337, -0.5773132416084865, -0.2726662960715065, -0.0016310592989539074];30.745297500048764
[1e+30, 1e+30, 1e+30];False;False;[1.0, 11.217465544371642, 1.2841311152347146, 1.0, 2.0, 37.29406524023777, 0.6572612154622202, 0.2752422442181227, 15771.61987505923, 1589.0064229191196, 8957.532076918382, 1.0, 4.593589762567112, 1.0, 0.007892977569169762, 0.05425930150511965, 0.07005545050494733, 0.6883111360013208, 0.020394622156852393, 0.24292367620274474, 0.16380709931349458, 0.03943425780283197, 0.3333333333333333, 0.3333333333333333, 0.045830869466551225, 0.3333333333333333, 0.3333333333333333, 0.0431733882944138, 0.011234389118337629, 0.09965691445766275, 0.0748600565078808, 0.3333333333333333, 0.3333333333333333, 0.0, 0.0, 0.0, 0.030000000000000002, 0.255, 0.0, 0.0, 0.0];[1e+30, 1e+30, 1e+30, 1e+30, 1e+30, 1e+30, 1e+30, 1e+30, 1e+30, 1e+30, 1e+30, 1e+30, 1e+30, 1e+30, 1e+30];150.91893369995523
[22.805291446126514, 1368.31115925655, 117.65572027102989];True;False;[0.0, 7.25, 1.4500000000000002, 0.0, 0.0, 37.392269317258965, 0.5, 0.5, 10043.632493845296, 10500.0, 10500.0, 0.0, 3.0, 0.0, 0.025, 0.053192453951017585, 0.0, 0.0, 0.05, 0.5, 0.5, 0.05, 0.5, 0.5, 0.02933239070774705, 0.0, 0.0, 0.05, 0.5, 0.5, 0.05, 0.5, 0.5, 0.0, 0.0, 0.0, 0.030000000000000002, 0.255, 0.0, 0.0, 0.0];[0.4280251019752148, -1.450542048522905, 35.486759065940824, 0.8103334066992189, -0.4, 22.392269317258965, -14.0, -14.0, -1.0, 0.0, 0.0, -1.0, 0.0, 0.0, 0.023734171668322035];5.994175800005905
[15.050496839958155, 2550.2317879782845, 103.71241673055746];True;False;[1.0, 4.708984483744546, 1.6824817293205143, 1.0, 1.0, 57.57122117062509, 0.36401787831259447, 0.5, 10878.277135045204, 17199.122427060593, 10500.0, 1.0, 2.5279650042586983, 1.0, 0.02909714751803541, 0.004994420428908708, 0.0923644775539626, 0.0, 0.022996767967163146, 0.31071207337549145, 0.0, 0.05, 0.5, 0.5, 0.05268029508438267, 0.16404021246141587, 0.0, 0.05649710867528347, 0.2412345975500375, 0.0, 0.05, 0.5, 0.5, 0.0, 0.0, 0.0, 0.030000000000000002, 0.255, 0.0, 0.0, 0.0];[0.3989067169481588, -0.5504066691763714, 69.19308389875896, -0.17404955435819247, -0.5359821216874056, -9.039077703617956, -11.588139488327064, -14.0, -0.9076355224460374, -0.6892879266245086, 0.0, -0.8359597875385841, -0.7587654024499625, 0.0, -0.13973367196850717];14.298734199954197
[8.131718175885206, 4443.4256099787945, 122.54831241817655];True;False;[1.0, 6.6809006152059185, 1.455236172927806, 0.0, 2.0, 41.445281488083154, 0.8610463018050162, 0.5842832863472901, 14210.707998466143, 14315.674224154509, 8641.468851561362, 0.0, 3.0, 0.0, 0.025, 0.023516554058655128, 0.3333333333333333, 0.3333333333333333, 0.05597906593831553, 0.3333333333333333, 0.3333333333333333, 0.014670979980667166, 0.5218741551463535, 0.3266077449406809, 0.08607608278452729, 0.3333333333333333, 0.3333333333333333, 0.06972031437850752, 0.04253676582408092, 0.19877697010371975, 0.07975014434839388, 0.3333333333333333, 0.3333333333333333, 0.0, 0.0, 0.0, 0.030000000000000002, 0.255, 0.0, 1.0, 0.0];[0.9779941125254368, 0.144683540693757, 58.531319968491545, -0.46244303763139294, -0.03895369819498384, -11.946153497447867, -11.946153497447867, -11.946153497447867, -0.33333333333333337, -0.33333333333333337, -0.1515180999129656, -0.33333333333333337, -0.7586862640721993, -0.33333333333333337, -0.23281436465774835];42.55166090000421
[1e+30, 1e+30, 1e+30];False;False;[1.0, 12.16281621591777, 1.7531450922081788, 0.0, 1.0, 1.9095733591725663, 0.348534722348197, 0.5, 10160.739105092229, 1229.303924890598, 10500.0, 1.0, 1.1125873311013583, 0.0, 0.025, 0.024110355061029924, 0.25744782817530976, 0.0, 0.04638138764682982, 0.13891261385847942, 0.0, 0.05, 0.5, 0.5, 0.023723052187955763, 0.22569031314253185, 0.0, 0.009754069854484335, 0.5970201364724324, 0.0, 0.05, 0.5, 0.5, 1.0, 0.0, 0.0, 0.030000000000000002, 0.255, 0.0, 0.0, 0.0];[1e+30, 1e+30, 1e+30, 1e+30, 1e+30, 1e+30, 1e+30, 1e+30, 1e+30, 1e+30, 1e+30, 1e+30, 1e+30, 1e+30, 1e+30];112.50315330002923
[42.156808328847724, 1107.7954029438863, 121.88446385216562];True;False;[0.0, 7.25, 1.4500000000000002, 0.0, 2.0, 7.508455231166902, 0.795575504544557, 0.5182187445498737, 12460.39841459104, 4991.562352007217, 13872.587729362132, 0.0, 3.0, 1.0, 0.041800835737686184, 0.06426791854340623, 0.3333333333333333, 0.3333333333333333, 0.08147166881316892, 0.3333333333333333, 0.3333333333333333, 0.010273577925965983, 0.3333333333333333, 0.3333333333333333, 0.09032187987084582, 0.9297995231215672, 0.021318062522955095, 0.07504460092334858, 0.2666756755901495, 0.3716087284871298, 0.07321829349224773, 0.3333333333333333, 0.3333333333333333, 0.0, 0.0, 0.0, 0.030000000000000002, 0.255, 0.0, 1.0, 2.0];[1.5328913723424336, -1.4623858522905393, 176.67419997533375, 0.5193791930014031, -0.10442449545544297, -13.04183087542275, -13.04183087542275, -13.04183087542275, -0.33333333333333337, -0.33333333333333337, -0.33333333333333337, -0.04888241435547769, -0.36171559592272073, -0.33333333333333337, 0.06942479246398536];78.48082880000584
[1e+30, 1e+30, 1e+30];False;False;[1.0, 7.545810040883852, 1.158565841513863, 1.0, 1.0, 17.29371182254663, 0.7254098079093063, 0.5, 1659.9583488865883, 15633.536122683896, 10500.0, 0.0, 3.0, 1.0, 0.022038676393792277, 0.017755516994965886, 0.448941953730986, 0.0, 0.0033493493992417015, 0.1913851842172013, 0.0, 0.05, 0.5, 0.5, 0.044021409598870895, 0.547384658272656, 0.0, 0.04010193573681777, 0.4470158673623931, 0.0, 0.05, 0.5, 0.5, 1.0, 1.0, 1.0, 0.046053714462892026, 0.07481768575371116, 142.0, 1.0, 1.0];[1e+30, 1e+30, 1e+30, 1e+30, 1e+30, 1e+30, 1e+30, 1e+30, 1e+30, 1e+30, 1e+30, 1e+30, 1e+30, 1e+30, 1e+30];117.8167237000307
[1e+30, 1e+30, 1e+30];False;False;[1.0, 4.495577464534473, 1.2831158758643562, 1.0, 2.0, 41.821013867160175, 0.4239249206448781, 0.34877712108300923, 4708.967161134646, 12193.227370236376, 13252.534141828657, 1.0, 2.1484961405856065, 1.0, 0.001245284061911267, 0.09957381960076227, 0.7432753941384247, 0.11324956859609892, 0.09920829814948165, 0.09330465835251794, 0.022640336305320585, 3.069864332423954e-05, 0.2301398083580769, 0.6089685533894283, 0.03755589231269428, 0.3333333333333333, 0.3333333333333333, 0.06498797340348536, 0.15173377781198027, 0.4946508520554477, 0.03855959749160438, 0.628578518021365, 0.0564586162843938, 0.0, 1.0, 2.0, 0.04877931713444059, 0.25669464455417307, 101.0, 0.0, 1.0];[1e+30, 1e+30, 1e+30, 1e+30, 1e+30, 1e+30, 1e+30, 1e+30, 1e+30, 1e+30, 1e+30, 1e+30, 1e+30, 1e+30, 1e+30];111.70373190008104
[22.805291446126514, 1368.31115925655, 117.65572027102989];True;False;[0.0, 7.25, 1.4500000000000002, 0.0, 0.0, 37.392269317258965, 0.5, 0.5, 10043.632493845296, 10500.0, 10500.0, 0.0, 3.0, 0.0, 0.025, 0.053192453951017585, 0.0, 0.0, 0.05, 0.5, 0.5, 0.05, 0.5, 0.5, 0.02933239070774705, 0.0, 0.0, 0.05, 0.5, 0.5, 0.05, 0.5, 0.5, 0.0, 0.0, 0.0, 0.030000000000000002, 0.255, 0.0, 0.0, 0.0];[0.4280251019752148, -1.450542048522905, 35.486759065940824, 0.8103334066992189, -0.4, 22.392269317258965, -14.0, -14.0, -1.0, 0.0, 0.0, -1.0, 0.0, 0.0, 0.023734171668322035];6.84136820002459
[19.916756681066836, 1839.435518685453, 115.72278813250173];True;False;[0.0, 7.25, 1.4500000000000002, 0.0, 1.0, 49.46798213041091, 0.3284554919492831, 0.5, 8297.17390108154, 15846.5035897668, 10500.0, 0.0, 3.0, 0.0, 0.025, 0.09561776439855771, 0.097366689988344, 0.0, 0.06730932940183913, 0.4875560396489471, 0.0, 0.05, 0.5, 0.5, 0.006160959572328945, 0.7806225937729869, 0.0, 0.05544963549395118, 0.3473586722916001, 0.0, 0.05, 0.5, 0.5, 0.0, 0.0, 0.0, 0.030000000000000002, 0.255, 0.0, 0.0, 1.0];[1.2977793233781556, -1.3306426519988406, 80.2168200638415, 0.7031340715851646, -0.5715445080507169, -4.943167090562625, -10.081157002818458, -14.0, -0.902633310011656, -0.5124439603510529, 0.0, -0.21937740622701307, -0.6526413277083999, 0.0, -0.010317226499084231];17.738614900037646
[21.468807137134103, 1690.4656814930515, 116.16317827414622];True;False;[0.0, 7.25, 1.4500000000000002, 0.0, 1.0, 33.243901945741634, 0.8299740548014197, 0.5, 6702.428821178126, 13378.096082499742, 10500.0, 0.0, 3.0, 0.0, 0.025, 0.08871243521233324, 0.7536159024895681, 0.0, 0.049149315573604725, 0.2055747239264516, 0.0, 0.05, 0.5, 0.5, 0.06585492911234847, 0.5006229038540801, 0.0, 0.06391697532432064, 0.5521876421015747, 0.0, 0.05, 0.5, 0.5, 0.0, 0.0, 0.0, 0.030000000000000002, 0.255, 0.0, 0.0, 1.0];[1.2648856588392992, -1.3385251621774228, 31.13637912052768, 0.6584785689289137, -0.0700259451985803, -12.390355574341537, -2.2611373339287173, -14.0, -0.2463840975104319, -0.7944252760735484, 0.0, -0.49937709614591985, -0.44781235789842533, 0.0, -0.007523162256495575];13.949198400019668
[22.353557322164267, 1813.2536221408918, 117.251388974247];True;False;[0.0, 7.25, 1.4500000000000002, 0.0, 2.0, 36.97938687657792, 0.47546335467127676, 0.4410278833909948, 2143.3974409936177, 18531.38056148799, 8968.130228019474, 0.0, 3.0, 1.0, 0.01009155466260105, 0.04776525221846271, 0.1413618010820572, 0.5755438349088791, 0.03758682678602408, 0.3333333333333333, 0.3333333333333333, 0.04055004443343019, 0.3333333333333333, 0.3333333333333333, 0.0032811974196037957, 0.3333333333333333, 0.3333333333333333, 0.0524955582173272, 0.3333333333333333, 0.3333333333333333, 0.08351029809647159, 0.3333333333333333, 0.3333333333333333, 0.0, 0.0, 0.0, 0.030000000000000002, 0.255, 0.0, 0.0, 2.0];[2.169171775951667, -1.3297470911887401, 756.1173789255209, 0.7704083112657578, -0.42453664532872326, -13.928611700028753, -8.899970931915579, -9.341766022366102, -0.28309436400906374, -0.33333333333333337, -0.33333333333333337, -0.33333333333333337, -0.33333333333333337, -0.33333333333333337, 0.015098131081452082];36.11714520002715
[8.172448565119602, 4384.466561020716, 123.88097228903138];True;False;[1.0, 6.538169609190745, 1.455236172927806, 0.0, 2.0, 57.21084058096608, 0.8610463018050162, 0.5846133312790429, 14210.707998466143, 14315.674224154509, 9429.267498387067, 1.0, 3.2415802550547044, 0.0, 0.025, 0.023516554058655128, 0.3333333333333333, 0.3333333333333333, 0.055934142147097535, 0.3333333333333333, 0.3333333333333333, 0.014670979980667166, 0.5218847271046007, 0.3266077449406809, 0.08607608278452729, 0.3333333333333333, 0.3333333333333333, 0.06972031437850752, 0.04253676582408092, 0.19877697010371975, 0.07975014434839388, 0.3333333333333333, 0.3333333333333333, 0.0, 0.0, 0.0, 0.030000000000000002, 0.255, 0.0, 1.0, 2.0];[1.246313186756299, 0.2950860864084821, 119.44330574682718, -0.8276759578389511, -0.03895369819498384, -11.599717900957668, -11.59971790095767, -11.59971790095767, -0.33333333333333337, -0.33333333333333337, -0.15150752795471845, -0.33333333333333337, -0.7586862640721993, -0.33333333333333337, -0.2462853916262316];40.79766230005771
[1e+30, 1e+30, 1e+30];False;False;[0.0, 7.25, 1.4500000000000002, 0.0, 0.0, 8.286404682662448, 0.5, 0.5, 5579.966666702985, 10500.0, 10500.0, 0.0, 3.0, 0.0, 0.025, 0.018914348374016926, 0.0, 0.0, 0.05, 0.5, 0.5, 0.05, 0.5, 0.5, 0.07459311134541123, 0.0, 0.0, 0.05, 0.5, 0.5, 0.05, 0.5, 0.5, 0.0, 0.0, 0.0, 0.030000000000000002, 0.255, 0.0, 0.0, 0.0];[1e+30, 1e+30, 1e+30, 1e+30, 1e+30, 1e+30, 1e+30, 1e+30, 1e+30, 1e+30, 1e+30, 1e+30, 1e+30, 1e+30, 1e+30];26.48612460005097
[21.980478069623306, 1463.1978380854182, 117.11626249659837];True;False;[0.0, 7.25, 1.4500000000000002, 0.0, 0.0, 42.6743505001863, 0.5, 0.5, 16276.286625368477, 10500.0, 10500.0, 0.0, 3.0, 0.0, 0.025, 0.03672336796386521, 0.0, 0.0, 0.05, 0.5, 0.5, 0.05, 0.5, 0.5, 0.0815290174918411, 0.0, 0.0, 0.05, 0.5, 0.5, 0.05, 0.5, 0.5, 0.0, 0.0, 0.0, 0.030000000000000002, 0.255, 0.0, 0.0, 0.0];[0.523591346425035, -1.4259242094496065, 47.96345351349617, 0.7789188926596904, -0.4, 27.6743505001863, -14.0, -14.0, -1.0, 0.0, 0.0, -1.0, 0.0, 0.0, 0.013770919400204473];4.065256699919701
[1e+30, 1e+30, 1e+30];False;False;[0.0, 7.25, 1.4500000000000002, 0.0, 1.0, 27.756496181853443, 0.23599283224953022, 0.5, 8599.186707147044, 7851.31956386903, 10500.0, 0.0, 3.0, 1.0, 0.0360902859801556, 0.07611943669664645, 0.9577098921292582, 0.0, 0.041009175472595805, 0.9775550875896892, 0.0, 0.05, 0.5, 0.5, 0.0802714009050184, 0.6424486539136655, 0.0, 0.02360796088469639, 0.9634084975049513, 0.0, 0.05, 0.5, 0.5, 0.0, 0.0, 0.0, 0.030000000000000002, 0.255, 0.0, 1.0, 1.0];[1e+30, 1e+30, 1e+30, 1e+30, 1e+30, 1e+30, 1e+30, 1e+30, 1e+30, 1e+30, 1e+30, 1e+30, 1e+30, 1e+30, 1e+30];78.67770399991423
[20.969787356989137, 1916.1948503869805, 116.14868834073224];True;False;[0.0, 7.25, 1.4500000000000002, 0.0, 2.0, 41.6938862035688, 0.35802462543339253, 0.26752901570652543, 17601.768595611487, 19034.399045410202, 18941.195577973238, 0.0, 3.0, 0.0, 0.025, 0.06316512679730527, 0.14727811773536387, 0.381530031029336, 0.01571549306910678, 0.38744130082620754, 0.36472278102285816, 0.054794946624128066, 0.07099547790251848, 0.4254158565905034, 0.015936168819438344, 0.3333333333333333, 0.3333333333333333, 0.029657616631591627, 0.3333333333333333, 0.3333333333333333, 0.019941866072916543, 0.5587735080229694, 0.3150786120545645, 0.0, 0.0, 0.0, 0.030000000000000002, 0.255, 0.0, 1.0, 2.0];[1.8156575148301117, -1.3096785326474722, 60.031747302866066, 0.6907290872974432, -0.5419753745666075, -11.062783741000967, -11.235454443542555, -12.186994704394149, -0.47119185123530016, -0.2478359181509343, -0.5035886655069781, -0.33333333333333337, -0.33333333333333337, -0.126147879922466, -0.005517847063960524];29.74742030003108
[1e+30, 1e+30, 1e+30];False;False;[0.0, 7.25, 1.4500000000000002, 0.0, 1.0, 37.09287306871479, 0.11751552256276065, 0.5, 16051.42593925672, 13435.232030973413, 10500.0, 0.0, 3.0, 1.0, 0.0002321351948728935, 0.024678120048832186, 0.16498331395998178, 0.0, 0.07707211631347285, 0.9377069890397363, 0.0, 0.05, 0.5, 0.5, 0.006000527496131565, 0.4989596415020171, 0.0, 0.05777355789084714, 0.019580159884447612, 0.0, 0.05, 0.5, 0.5, 0.0, 0.0, 0.0, 0.030000000000000002, 0.255, 0.0, 1.0, 1.0];[1e+30, 1e+30, 1e+30, 1e+30, 1e+30, 1e+30, 1e+30, 1e+30, 1e+30, 1e+30, 1e+30, 1e+30, 1e+30, 1e+30, 1e+30];90.99178710009437
[22.147710385742986, 1588.9271729814757, 116.80447115302616];True;False;[0.0, 7.25, 1.4500000000000002, 0.0, 1.0, 32.086945349726676, 0.8586729682443816, 0.5, 15581.484860597313, 7281.614158124019, 10500.0, 0.0, 3.0, 0.0, 0.025, 0.02216134122426698, 0.959768160676385, 0.0, 0.056294140489039635, 0.4538852859944634, 0.0, 0.05, 0.5, 0.5, 0.08554084760749073, 0.5004214909695606, 0.0, 0.037931069715100234, 0.3625178248242615, 0.0, 0.05, 0.5, 0.5, 0.0, 0.0, 0.0, 0.030000000000000002, 0.255, 0.0, 1.0, 1.0];[1.1246285312753592, -1.3721358361823406, 28.105904186446708, 0.7111702524747627, -0.04132703175561847, -12.701931813593218, -1.03742676587102, -14.0, -0.04023183932361496, -0.5461147140055366, 0.0, -0.49957850903043943, -0.6374821751757385, 0.0, 0.00475736191849796];16.491970299975947
[1e+30, 1e+30, 1e+30];False;False;[1.0, 6.530775218713195, 1.2273947342310292, 0.0, 2.0, 12.732293490049571, 0.12543278537061506, 0.58797211019583, 14237.383967534777, 9588.41324252453, 19562.640399825643, 1.0, 3.6247373020990685, 0.0, 0.025, 0.024143794745161193, 0.15982665628199405, 0.5019925622544621, 0.061399518818329474, 0.3333333333333333, 0.3333333333333333, 0.0481823714006793, 0.3333333333333333, 0.3333333333333333, 0.08741895137051514, 0.4912816960145119, 0.23942632473006747, 0.029948538627292673, 0.019580159884447612, 0.4025117724444861, 0.05794891917427725, 0.35463817381947005, 0.5734350445643799, 0.0, 0.0, 0.0, 0.030000000000000002, 0.255, 0.0, 2.0, 2.0];[1e+30, 1e+30, 1e+30, 1e+30, 1e+30, 1e+30, 1e+30, 1e+30, 1e+30, 1e+30, 1e+30, 1e+30, 1e+30, 1e+30, 1e+30];81.01751359994523
[8.228878582621574, 4150.610648961527, 106.767190670079];True;False;[1.0, 7.676568434013848, 1.2297691890534885, 0.0, 2.0, 43.90637314547086, 0.12226900241629346, 0.5852793307543107, 14237.383967534777, 1992.454898505298, 19692.127279889388, 1.0, 1.617426491745542, 0.0, 0.025, 0.024678120048832186, 0.3333333333333333, 0.3333333333333333, 0.06062660508267749, 0.3333333333333333, 0.3333333333333333, 0.03537167229916256, 0.3333333333333333, 0.3333333333333333, 0.07163380474856776, 0.3333333333333333, 0.3333333333333333, 0.03979579732716611, 0.019580159884447612, 0.19377757745725252, 0.06542067736216871, 0.3333333333333333, 0.3333333333333333, 0.0, 0.0, 0.0, 0.030000000000000002, 0.255, 0.0, 2.0, 2.0];[1.1447101095121148, 0.29759614279816526, 64.36878919500917, -1.1102230246251565e-16, -0.7777309975837066, -11.505560434395658, -13.539035033301023, -8.006628163581668, -0.33333333333333337, -0.33333333333333337, -0.33333333333333337, -0.33333333333333337, -0.7866422626582998, -0.33333333333333337, -0.24699896060358006];33.87347959994804
[1e+30, 1e+30, 1e+30];False;False;[1.0, 7.653158421403544, 1.6283012302369284, 1.0, 2.0, 45.61545732189773, 0.7864302768317462, 0.783520582239049, 10120.105444543673, 1654.0371232217494, 1825.8338515152027, 0.0, 3.0, 1.0, 0.044656085611471205, 0.09233915663303674, 0.3333333333333333, 0.3333333333333333, 0.07672135397330779, 0.3333333333333333, 0.3333333333333333, 0.08427151481319337, 0.6408597186746596, 0.3490027533174087, 0.00917488744839911, 0.3333333333333333, 0.3333333333333333, 0.06972031437850752, 0.3333333333333333, 0.3333333333333333, 0.07798956270621528, 0.3333333333333333, 0.3333333333333333, 0.0, 0.0, 0.0, 0.030000000000000002, 0.255, 0.0, 2.0, 0.0];[1e+30, 1e+30, 1e+30, 1e+30, 1e+30, 1e+30, 1e+30, 1e+30, 1e+30, 1e+30, 1e+30, 1e+30, 1e+30, 1e+30, 1e+30];95.81688389996998
[22.1905763738887, 1656.6975735106626, 116.22686351920677];True;False;[0.0, 7.25, 1.4500000000000002, 0.0, 1.0, 28.26273627617914, 0.5852893682079682, 0.5, 8079.491060754225, 7958.620530268591, 10500.0, 0.0, 3.0, 0.0, 0.025, 0.09847169792091107, 0.8760498690674086, 0.0, 0.04013690782932091, 0.29622121551709824, 0.0, 0.05, 0.5, 0.5, 0.08021826008441352, 0.5557851133624572, 0.0, 0.060398451403293966, 0.9938848622390242, 0.0, 0.05, 0.5, 0.5, 0.0, 0.0, 0.0, 0.030000000000000002, 0.255, 0.0, 1.0, 1.0];[1.2869380032026676, -1.3332406239132022, 21.04593151841248, 0.6193149594106475, -0.31471063179203185, -10.524986290897832, -8.684324090741267, -14.0, -0.12395013093259144, -0.7037787844829018, 0.0, -0.4442148866375428, -0.006115137760975831, 0.0, -0.009399848823881007];19.34855150000658
[18.809826579587885, 2521.657445119771, 113.75636445949634];True;False;[0.0, 7.25, 1.4500000000000002, 0.0, 2.0, 57.00504613548793, 0.32823864990382506, 0.4062199437269667, 8297.17390108154, 15815.625821546735, 17531.127475619873, 0.0, 3.0, 0.0, 0.025, 0.06471423033279175, 0.47552679181017987, 0.40544305385267854, 0.06691140735377359, 0.3333333333333333, 0.3333333333333333, 0.02645257992757735, 0.3333333333333333, 0.3333333333333333, 0.07858093600962221, 0.3333333333333333, 0.3333333333333333, 0.05544963549395118, 0.1135888405540495, 0.31507438479236094, 0.08298434900486762, 0.8931293848175743, 0.057844728342734575, 0.0, 0.0, 0.0, 0.030000000000000002, 0.255, 0.0, 0.0, 1.0];[2.4515664961118597, -1.1676765185296971, 119.33120042088814, 0.48328102416676444, -0.5717613500961749, -11.887741836581954, -11.152903489966015, -10.23892957676949, -0.11903015433714159, -0.33333333333333337, -0.33333333333333337, -0.33333333333333337, -0.5713367746535896, -0.04902588683969111, -0.05075162887579282];75.2248310999712
[20.42828675144483, 1851.6693186987623, 116.22738670820023];True;False;[0.0, 7.25, 1.4500000000000002, 0.0, 2.0, 38.92892994070512, 0.12303752161482394, 0.2697372730608541, 8059.002116714912, 4743.206020122707, 8868.17012229883, 0.0, 3.0, 0.0, 0.025, 0.021777064084567477, 0.3333333333333333, 0.3333333333333333, 0.03784054572494782, 0.3333333333333333, 0.3333333333333333, 0.029513338926463684, 0.3333333333333333, 0.3333333333333333, 0.005316666116949041, 0.3333333333333333, 0.3333333333333333, 0.055369529120323654, 0.7811656389193455, 0.09573216085142686, 0.0834615381282381, 0.3333333333333333, 0.3333333333333333, 0.0, 0.0, 0.0, 0.030000000000000002, 0.255, 0.0, 0.0, 2.0];[1.7548441258882868, -1.323258500802125, 49.2809554327695, 0.7465336944749204, -0.7769624783851761, -7.437515399275274, -13.467670059864407, -11.640646738841024, -0.33333333333333337, -0.33333333333333337, -0.33333333333333337, -0.33333333333333337, -0.12310220022922758, -0.33333333333333337, -0.0007101916074777059];32.342522499966435
[27.47924460701424, 1120.915156239827, 118.69573126582226];True;False;[0.0, 7.25, 1.4500000000000002, 0.0, 0.0, 13.390933976391713, 0.5, 0.5, 12860.689597184677, 10500.0, 10500.0, 0.0, 3.0, 0.0, 0.025, 0.018829319552697732, 0.0, 0.0, 0.05, 0.5, 0.5, 0.05, 0.5, 0.5, 0.07459311134541123, 0.0, 0.0, 0.05, 0.5, 0.5, 0.05, 0.5, 0.5, 0.0, 0.0, 0.0, 0.030000000000000002, 0.255, 0.0, 0.0, 0.0];[0.380218483773481, -1.46285702061692, -4.4325835762578265, 0.6679688729870341, -0.4, -1.6090660236082872, -14.0, -14.0, -1.0, 0.0, 0.0, -1.0, 0.0, 0.0, 0.02886467139234128];8.16163579991553
[1e+30, 1e+30, 1e+30];False;False;[0.0, 7.25, 1.4500000000000002, 0.0, 1.0, 33.243901945741634, 0.8308402425548366, 0.5, 6702.428821178126, 13378.096082499742, 10500.0, 0.0, 3.0, 0.0, 0.025, 0.08934153077677649, 0.7536159024895681, 0.0, 0.06137284685666439, 0.16404047546515732, 0.0, 0.05, 0.5, 0.5, 0.06684591900577612, 0.5049891096585286, 0.0, 0.038413735613935296, 0.17154270612163836, 0.0, 0.05, 0.5, 0.5, 0.0, 0.0, 0.0, 0.030000000000000002, 0.255, 0.0, 1.0, 1.0];[1e+30, 1e+30, 1e+30, 1e+30, 1e+30, 1e+30, 1e+30, 1e+30, 1e+30, 1e+30, 1e+30, 1e+30, 1e+30, 1e+30, 1e+30];64.45597559993621
[35.3430921639512, 1187.1705044815249, 122.27469627817253];True;False;[0.0, 7.25, 1.4500000000000002, 0.0, 1.0, 50.775537710500494, 0.47457604287243904, 0.5, 11028.7809796982, 18239.228003860942, 10500.0, 0.0, 3.0, 1.0, 0.03551794008100717, 0.0006429454358243963, 0.1430339397701238, 0.0, 0.06655291995076545, 0.0, 0.0, 0.05, 0.5, 0.5, 0.016111191253024994, 0.42057511180829676, 0.0, 0.05288254662917062, 0.31902463634864336, 0.0, 0.05, 0.5, 0.5, 0.0, 0.0, 0.0, 0.030000000000000002, 0.255, 0.0, 0.0, 1.0];[0.6116962873802612, -1.5785297743345879, 55.47732723720392, 0.8812167366089831, -0.425423957127561, -7.5022786550668235, -8.227870792395656, -14.0, -0.8569660602298762, -1.0, 0.0, -0.5794248881917032, -0.6809753636513567, 0.0, 0.11094786340297291];25.922087399987504
[27.270611944185923, 1121.2785782159187, 118.75220267800509];True;False;[0.0, 7.25, 1.4500000000000002, 0.0, 0.0, 14.26785219069085, 0.5, 0.5, 10043.632493845296, 10500.0, 10500.0, 0.0, 3.0, 0.0, 0.025, 0.053192453951017585, 0.0, 0.0, 0.05, 0.5, 0.5, 0.05, 0.5, 0.5, 0.02933239070774705, 0.0, 0.0, 0.05, 0.5, 0.5, 0.05, 0.5, 0.5, 0.0, 0.0, 0.0, 0.030000000000000002, 0.255, 0.0, 0.0, 0.0];[0.35783353934795414, -1.4686233763286578, -3.446435347338138, 0.6886729534773326, -0.4, -0.7321478093091507, -14.0, -14.0, -1.0, 0.0, 0.0, -1.0, 0.0, 0.0, 0.031301684966777876];17.12316540000029
[21.797706387624572, 1624.484414056613, 116.33239947668251];True;False;[0.0, 7.25, 1.4500000000000002, 0.0, 1.0, 28.26629392596916, 0.5898091193763269, 0.5, 8079.491060754225, 11606.179883797986, 10500.0, 0.0, 3.0, 0.0, 0.025, 0.09847169792091107, 0.011348793376440847, 0.0, 0.04013690782932091, 0.29622121551709824, 0.0, 0.05, 0.5, 0.5, 0.08021552169837116, 0.5557851133624572, 0.0, 0.060398451403293966, 0.34205256533836526, 0.0, 0.05, 0.5, 0.5, 0.0, 0.0, 0.0, 0.030000000000000002, 0.255, 0.0, 0.0, 1.0];[1.2367625850230102, -1.3452644664999371, 21.04790664914136, 0.6608888584047881, -0.31019088062367317, -10.566244969837546, -8.624750638301846, -14.0, -0.9886512066235591, -0.7037787844829018, 0.0, -0.4442148866375428, -0.6579474346616347, 0.0, -0.005108915151896043];17.746839000028558
[1e+30, 1e+30, 1e+30];False;False;[0.0, 7.25, 1.4500000000000002, 0.0, 1.0, 7.493233860819695, 0.43393398084970336, 0.5, 19587.569931302187, 12734.949897968838, 10500.0, 0.0, 3.0, 0.0, 0.025, 0.03404529273531643, 0.3650603576263509, 0.0, 0.033569150780858335, 0.841291188528682, 0.0, 0.05, 0.5, 0.5, 0.09713623316921463, 0.7017695997915916, 0.0, 0.016408598409203234, 0.021336191456732715, 0.0, 0.05, 0.5, 0.5, 0.0, 0.0, 0.0, 0.030000000000000002, 0.255, 0.0, 0.0, 1.0];[1e+30, 1e+30, 1e+30, 1e+30, 1e+30, 1e+30, 1e+30, 1e+30, 1e+30, 1e+30, 1e+30, 1e+30, 1e+30, 1e+30, 1e+30];67.1199771000538
[9.834844280442491, 3369.0666814824335, 111.25402027477735];True;False;[1.0, 5.280598920435274, 1.6937921898178185, 0.0, 2.0, 26.840147388748587, 0.16311329406124292, 0.31033460837866966, 17601.768595611487, 2372.2789054043164, 11377.079792551607, 0.0, 3.0, 0.0, 0.025, 0.009351142879792385, 0.3333333333333333, 0.3333333333333333, 0.06134311865128496, 0.40311885116246604, 0.39538114044650874, 0.04795953223045357, 0.08283845622899205, 0.8129072088212785, 0.07451492659161237, 0.3333333333333333, 0.3333333333333333, 0.0134774095558536, 0.3333333333333333, 0.3333333333333333, 0.05793737380054417, 0.6114588446974438, 0.32317104013659437, 0.0, 0.0, 0.0, 0.030000000000000002, 0.255, 0.0, 2.0, 2.0];[0.6521384129746934, -0.13532413578083702, 18.525322454360015, -0.28123864387977504, -0.7368867059387572, -10.572458588476472, -13.62845316242662, -12.390534884596676, -0.33333333333333337, -0.20150000839102522, -0.10425433494972935, -0.33333333333333337, -0.33333333333333337, -0.0653701151659618, -0.20237951880966448];63.07319540006574
[28.271753902458588, 1117.8998094549238, 118.54879983865342];True;False;[0.0, 7.25, 1.4500000000000002, 0.0, 0.0, 11.004406130055179, 0.5, 0.5, 14707.29155329606, 10500.0, 10500.0, 0.0, 3.0, 0.0, 0.025, 0.06902632753464077, 0.0, 0.0, 0.05, 0.5, 0.5, 0.05, 0.5, 0.5, 0.05322446643474253, 0.0, 0.0, 0.05, 0.5, 0.5, 0.05, 0.5, 0.5, 0.0, 0.0, 0.0, 0.030000000000000002, 0.255, 0.0, 0.0, 0.0];[0.4459241786067718, -1.445931251158071, -6.935285582284772, 0.6049072243999265, -0.4, -3.9955938699448215, -14.0, -14.0, -1.0, 0.0, 0.0, -1.0, 0.0, 0.0, 0.021838801311897638];33.535009999992326
[1e+30, 1e+30, 1e+30];False;False;[0.0, 7.25, 1.4500000000000002, 0.0, 1.0, 41.74715280840035, 0.13383885888551808, 0.5, 18781.70112615261, 2623.8172931416975, 10500.0, 0.0, 3.0, 0.0, 0.025, 0.017781358341519105, 0.7959597551839619, 0.0, 0.06171490494413996, 0.48984830448058037, 0.0, 0.05, 0.5, 0.5, 0.07452087351588098, 0.15068616249550215, 0.0, 0.013023447227719365, 0.86750324392601, 0.0, 0.05, 0.5, 0.5, 0.0, 0.0, 0.0, 0.030000000000000002, 0.255, 0.0, 1.0, 0.0];[1e+30, 1e+30, 1e+30, 1e+30, 1e+30, 1e+30, 1e+30, 1e+30, 1e+30, 1e+30, 1e+30, 1e+30, 1e+30, 1e+30, 1e+30];63.91002009995282
[1e+30, 1e+30, 1e+30];False;False;[0.0, 7.25, 1.4500000000000002, 0.0, 2.0, 51.938161922166046, 0.36401787831259447, 0.6291700339829878, 2390.2239816501906, 17209.902970714065, 4097.283067439323, 0.0, 3.0, 1.0, 0.03630102744485843, 0.004994420428908708, 0.0923644775539626, 0.7261774842175764, 0.022996767967163146, 0.31071207337549145, 0.5153961358878563, 0.024610425581833174, 0.3333333333333333, 0.3333333333333333, 0.052891828685329934, 0.15231963763948345, 0.28652830551984587, 0.05646365567150139, 0.2674378121908856, 0.6529739067522414, 0.008189987065070103, 0.5333015795778829, 0.0, 0.0, 0.0, 0.0, 0.030000000000000002, 0.255, 0.0, 0.0, 0.0];[1e+30, 1e+30, 1e+30, 1e+30, 1e+30, 1e+30, 1e+30, 1e+30, 1e+30, 1e+30, 1e+30, 1e+30, 1e+30, 1e+30, 1e+30];119.83506009995472
[22.029280153652852, 1613.2180219124232, 116.46469795551921];True;False;[0.0, 7.25, 1.4500000000000002, 0.0, 1.0, 28.631811407455686, 0.23382006384383225, 0.5, 8599.186707147044, 11352.405983058296, 10500.0, 0.0, 3.0, 0.0, 0.025, 0.07608889247391853, 0.0676460211779431, 0.0, 0.08084133548432071, 0.9744776607217024, 0.0, 0.05, 0.5, 0.5, 0.08026866251897605, 0.6389365440119301, 0.0, 0.02360796088469639, 0.8076494561006384, 0.0, 0.05, 0.5, 0.5, 0.0, 0.0, 0.0, 0.030000000000000002, 0.255, 0.0, 0.0, 1.0];[1.2133579678880464, -1.3508730581658128, 21.391819400828844, 0.6646107388466289, -0.6661799361561678, -5.313900801134242, -12.044030747609062, -14.0, -0.932353978822057, -0.025522339278297612, 0.0, -0.3610634559880699, -0.19235054389936157, 0.0, -0.0030816071432765435];20.240181599976495
[8.192189832905335, 4406.894172983861, 106.8847132200413];True;False;[1.0, 7.323459955297461, 1.3311081842502683, 0.0, 2.0, 38.07912447391246, 0.12303752161482394, 0.4029828007187479, 8059.002116714912, 4743.206020122707, 8868.17012229883, 0.0, 3.0, 0.0, 0.025, 0.021777064084567477, 0.3333333333333333, 0.3333333333333333, 0.042175701091357945, 0.3333333333333333, 0.3333333333333333, 0.0762845049482722, 0.3333333333333333, 0.3333333333333333, 0.015330174729349378, 0.3333333333333333, 0.3333333333333333, 0.036134123673040384, 0.7734708246059353, 0.08925714439152233, 0.0834615381282381, 0.18339611123308364, 0.5439375926954099, 0.0, 0.0, 0.0, 0.030000000000000002, 0.255, 0.0, 0.0, 2.0];[0.9030225937488874, 0.1344077320919026, 46.426618694966535, -2.220446049250313e-16, -0.7769624783851761, -9.939155585525036, -13.686285966729901, -10.697213715601027, -0.33333333333333337, -0.33333333333333337, -0.33333333333333337, -0.33333333333333337, -0.13727203100254237, -0.2726662960715065, -0.2321407430809045];64.6755171000259
[19.859804032342822, 2150.7170532323444, 114.86446540575496];True;False;[0.0, 7.25, 1.4500000000000002, 0.0, 2.0, 41.89980434368909, 0.8116598321260037, 0.38658176601723815, 15043.982982381203, 12812.003432520696, 4493.272272830314, 0.0, 3.0, 0.0, 0.025, 0.050983018856323184, 0.3333333333333333, 0.3333333333333333, 0.08070446249023822, 0.3333333333333333, 0.3333333333333333, 0.018048232972486155, 0.6114872150722066, 0.029399889423889825, 0.09516336780501884, 0.27617709235774623, 0.09055355422338271, 0.04983866201890365, 0.3333333333333333, 0.3333333333333333, 0.04966535726601695, 0.3333333333333333, 0.3333333333333333, 0.0, 0.0, 0.0, 0.030000000000000002, 0.255, 0.0, 0.0, 0.0];[2.143474032526832, -1.2364752800685006, 60.81034528989757, 0.577331009023905, -0.08834016787399634, -11.526739705069142, -11.526739705069144, -11.526739705069144, -0.33333333333333337, -0.33333333333333337, -0.3591128955039036, -0.633269353418871, -0.33333333333333337, -0.33333333333333337, -0.029917644014321287];30.39186089998111
[1e+30, 1e+30, 1e+30];False;False;[0.0, 7.25, 1.4500000000000002, 0.0, 2.0, 51.975234306077965, 0.12303752161482394, 0.40259829273571063, 8393.363966143392, 4417.875239022905, 7144.462604993401, 0.0, 3.0, 0.0, 0.025, 0.021777064084567477, 0.3333333333333333, 0.3333333333333333, 0.014596533378267456, 0.10410306296892369, 0.6605886081591548, 0.030393274722417814, 0.3333333333333333, 0.3333333333333333, 0.04796417082562063, 0.3333333333333333, 0.3333333333333333, 0.055369529120323654, 0.3269545975400866, 0.09573216085142686, 0.08543906815886387, 0.18339611123308364, 0.5439375926954099, 0.0, 0.0, 0.0, 0.030000000000000002, 0.255, 0.0, 0.0, 0.0];[1e+30, 1e+30, 1e+30, 1e+30, 1e+30, 1e+30, 1e+30, 1e+30, 1e+30, 1e+30, 1e+30, 1e+30, 1e+30, 1e+30, 1e+30];111.45553900010418
[25.75057598062502, 1555.1977761066178, 116.59991850064984];True;False;[0.0, 7.25, 1.4500000000000002, 0.0, 2.0, 9.813743113925389, 0.7840569589324489, 0.5787744012584212, 14224.896224334221, 7495.5607381219725, 1580.8968906729842, 0.0, 3.0, 0.0, 0.025, 0.09105247613128223, 0.3333333333333333, 0.3333333333333333, 0.06135549334730416, 0.3333333333333333, 0.3333333333333333, 0.08216756608781914, 0.3333333333333333, 0.3333333333333333, 0.07531770214473427, 0.021741358685044482, 0.49933115178409815, 0.037931069715100234, 0.36700417461499113, 0.5632068043237729, 0.008929958876224898, 0.1661458368206603, 0.5776172891440858, 0.0, 0.0, 0.0, 0.030000000000000002, 0.255, 0.0, 1.0, 0.0];[1.9353149945279178, -1.2829583515814693, -7.575682261729613, 0.47832089488255347, -0.11594304106755116, -12.859025168712083, -12.859025168712083, -12.859025168712083, -0.33333333333333337, -0.33333333333333337, -0.33333333333333337, -0.4789274895308574, -0.06978902106123597, -0.25623687403525386, -0.014712189256407548];91.62550610001199
[1e+30, 1e+30, 1e+30];False;False;[1.0, 10.201193415719578, 1.4323406319672825, 1.0, 2.0, 28.891126383213937, 0.46038392786479626, 0.3862048961546618, 6413.667950371357, 15955.75238447238, 10788.072466208041, 1.0, 2.41449812080401, 0.0, 0.025, 0.009651214674728764, 0.38216558775716836, 0.4579342423646926, 0.09964555324156443, 0.3333333333333333, 0.3333333333333333, 0.041048501568962795, 0.3560601964544465, 0.09042112128701577, 0.09577559051025249, 0.49186839543140537, 0.47252380824889073, 0.014951084300210221, 0.3333333333333333, 0.3333333333333333, 0.03746708398415416, 0.3333333333333333, 0.3333333333333333, 0.0, 1.0, 0.0, 0.030807376537599074, 0.46690868732554314, 224.0, 2.0, 2.0];[1e+30, 1e+30, 1e+30, 1e+30, 1e+30, 1e+30, 1e+30, 1e+30, 1e+30, 1e+30, 1e+30, 1e+30, 1e+30, 1e+30, 1e+30];66.96873299998697
[1e+30, 1e+30, 1e+30];False;False;[0.0, 7.25, 1.4500000000000002, 0.0, 1.0, 10.970744839772522, 0.8299740548014197, 0.5, 6702.428821178126, 13378.096082499742, 10500.0, 0.0, 3.0, 0.0, 0.025, 0.08871243521233324, 0.7536159024895681, 0.0, 0.049149315573604725, 0.2055747239264516, 0.0, 0.05, 0.5, 0.5, 0.06585492911234847, 0.028203997981911838, 0.0, 0.06391697532432064, 0.5566739918923718, 0.0, 0.05, 0.5, 0.5, 0.0, 0.0, 0.0, 0.030000000000000002, 0.255, 0.0, 0.0, 1.0];[1e+30, 1e+30, 1e+30, 1e+30, 1e+30, 1e+30, 1e+30, 1e+30, 1e+30, 1e+30, 1e+30, 1e+30, 1e+30, 1e+30, 1e+30];63.354267599992454
[1e+30, 1e+30, 1e+30];False;False;[0.0, 7.25, 1.4500000000000002, 0.0, 2.0, 29.84464379847191, 0.6254868737434025, 0.26752901570652543, 17601.768595611487, 2353.5019140025333, 10871.762169066418, 0.0, 3.0, 0.0, 0.025, 0.009885468822539163, 0.3333333333333333, 0.3333333333333333, 0.01571549306910678, 0.40311885116246604, 0.39538114044650874, 0.03514883312893687, 0.06647833538201448, 0.4126846308201214, 0.07367027904701577, 0.3333333333333333, 0.3333333333333333, 0.03958087143665095, 0.3333333333333333, 0.3333333333333333, 0.06540913198843563, 0.568651382551536, 0.32317104013659437, 0.0, 0.0, 0.0, 0.030000000000000002, 0.255, 0.0, 2.0, 2.0];[1e+30, 1e+30, 1e+30, 1e+30, 1e+30, 1e+30, 1e+30, 1e+30, 1e+30, 1e+30, 1e+30, 1e+30, 1e+30, 1e+30, 1e+30];96.31506799999624
[27.282765961189583, 1120.5469300466204, 118.75965834421538];True;False;[0.0, 7.25, 1.4500000000000002, 0.0, 0.0, 14.26785219069085, 0.5, 0.5, 10043.632493845296, 10500.0, 10500.0, 0.0, 3.0, 0.0, 0.025, 0.053192453951017585, 0.0, 0.0, 0.05, 0.5, 0.5, 0.05, 0.5, 0.5, 0.02834140119599878, 0.0, 0.0, 0.05, 0.5, 0.5, 0.05, 0.5, 0.5, 0.0, 0.0, 0.0, 0.030000000000000002, 0.255, 0.0, 0.0, 0.0];[0.35642067198384364, -1.4689873305847014, -3.446435347323092, 0.6891609344210217, -0.4, -0.7321478093091507, -14.0, -14.0, -1.0, 0.0, 0.0, -1.0, 0.0, 0.0, 0.031456255351406615];16.21847580000758
[1e+30, 1e+30, 1e+30];False;False;[1.0, 5.067396530368231, 1.3086043965502498, 0.0, 1.0, 50.775537710500494, 0.47457604287243904, 0.5, 11028.7809796982, 1694.5154885490138, 10500.0, 0.0, 3.0, 1.0, 0.03551794008100717, 0.0006429454358243963, 0.14324347351521882, 0.0, 0.06655291995076545, 0.025344638540580472, 0.0, 0.05, 0.5, 0.5, 0.016111191253024994, 0.5016646018586213, 0.0, 0.05288254662917062, 0.31902463634864336, 0.0, 0.05, 0.5, 0.5, 1.0, 0.0, 0.0, 0.030000000000000002, 0.255, 0.0, 0.0, 1.0];[1e+30, 1e+30, 1e+30, 1e+30, 1e+30, 1e+30, 1e+30, 1e+30, 1e+30, 1e+30, 1e+30, 1e+30, 1e+30, 1e+30, 1e+30];99.88352999999188
[11.250900807794672, 3477.598841914629, 106.77873691863306];True;False;[1.0, 4.802262114093788, 1.3464937796931424, 0.0, 2.0, 28.769612634008276, 0.6262535913167306, 0.3992244259501102, 8059.002116714912, 4743.206020122707, 8874.725593322537, 0.0, 3.0, 0.0, 0.025, 0.021777064084567477, 0.3333333333333333, 0.3333333333333333, 0.038306004144155505, 0.4255112331235228, 0.4109782184810674, 0.0486610082771901, 0.08238656425200708, 0.3741939555745686, 0.01520446243887721, 0.3333333333333333, 0.3333333333333333, 0.02985903197921726, 0.31925955369303083, 0.056911774646565216, 0.058027624952988216, 0.16828913243413682, 0.5439375926954099, 0.0, 0.0, 0.0, 0.030000000000000002, 0.255, 0.0, 0.0, 2.0];[0.7737331415446365, -0.10279681551803899, 23.792741902679154, 0.0, -0.2737464086832694, -12.22512629847861, -12.225126298478612, -12.225126298478612, -0.33333333333333337, -0.1635105483954098, -0.5434194801734243, -0.33333333333333337, -0.623828671660404, -0.28777327487045334, -0.20573407532112942];30.37090600002557
[38.54046084416902, 1105.6208942594667, 122.1082233529899];True;False;[0.0, 7.25, 1.4500000000000002, 0.0, 2.0, 11.886998456362047, 0.7951612923185074, 0.7862133384774668, 10120.105444543673, 9331.200281754644, 1452.189730901955, 0.0, 3.0, 1.0, 0.044656085611471205, 0.09042008205719822, 0.1449490644326551, 0.5474321840446899, 0.07749426770852252, 0.3333333333333333, 0.3333333333333333, 0.08427151481319337, 0.6408597186746596, 0.3225607037091736, 0.010126291603270419, 0.4925726945817257, 0.4049937158935213, 0.06972031437850752, 0.4061341243177571, 0.4120742150787634, 0.07975014434839388, 0.16544583031691784, 0.5634588293679823, 0.0, 0.0, 0.0, 0.030000000000000002, 0.255, 0.0, 0.0, 0.0];[1.3316039074001829, -1.5043461575644694, 192.54836710682554, 0.6828686958912937, -0.10483870768149262, -12.717780550944967, -12.717780550944967, -12.717780550944967, -0.30761875152265505, -0.33333333333333337, -0.036579577616166814, -0.10243358952475301, -0.1817916606034795, -0.27109534031509985, 0.08907943204005397];61.33194800000638
[22.16262811971331, 1601.1934798201964, 116.50953846416999];True;False;[0.0, 7.25, 1.4500000000000002, 0.0, 1.0, 27.760053831643457, 0.23382006384383225, 0.5, 8599.186707147044, 11498.878917396589, 10500.0, 0.0, 3.0, 0.0, 0.025, 0.07617369987463614, 0.0676460211779431, 0.0, 0.08084133548432071, 0.9744776607217024, 0.0, 0.05, 0.5, 0.5, 0.08026866251897605, 0.7071849464331743, 0.0, 0.02360796088469639, 0.7192462293503978, 0.0, 0.05, 0.5, 0.5, 0.0, 0.0, 0.0, 0.030000000000000002, 0.255, 0.0, 0.0, 1.0];[1.2082321093084012, -1.352101399033096, 19.573951635757957, 0.6623637142422196, -0.6661799361561678, -5.462497779081078, -12.089379044048199, -14.0, -0.932353978822057, -0.025522339278297612, 0.0, -0.2928150535668257, -0.28075377064960216, 0.0, -0.0026353860789244954];17.797749300021678
[1e+30, 1e+30, 1e+30];False;False;[0.0, 7.25, 1.4500000000000002, 0.0, 0.0, 11.004406130055179, 0.5, 0.5, 14707.29155329606, 10500.0, 10500.0, 0.0, 3.0, 0.0, 0.025, 0.09711779734816206, 0.0, 0.0, 0.05, 0.5, 0.5, 0.05, 0.5, 0.5, 0.05444336461975588, 0.0, 0.0, 0.05, 0.5, 0.5, 0.05, 0.5, 0.5, 0.0, 0.0, 0.0, 0.030000000000000002, 0.255, 0.0, 0.0, 0.0];[1e+30, 1e+30, 1e+30, 1e+30, 1e+30, 1e+30, 1e+30, 1e+30, 1e+30, 1e+30, 1e+30, 1e+30, 1e+30, 1e+30, 1e+30];40.39175030007027
[20.396533997416725, 1927.0448641637047, 115.69255594628217];True;False;[0.0, 7.25, 1.4500000000000002, 0.0, 1.0, 58.903990225878275, 0.5971022104557391, 0.5, 18781.70112615261, 2617.5693740193215, 10500.0, 0.0, 3.0, 0.0, 0.025, 0.017781358341519105, 0.7986634274762421, 0.0, 0.016042524759055647, 0.48984830448058037, 0.0, 0.05, 0.5, 0.5, 0.08852644745261685, 0.15068616249550215, 0.0, 0.029279650481774926, 0.86750324392601, 0.0, 0.05, 0.5, 0.5, 0.0, 0.0, 0.0, 0.030000000000000002, 0.255, 0.0, 1.0, 1.0];[1.3352742785468745, -1.3216575063816929, 116.85196146316954, 0.6621590413708798, -0.30289778954426094, -8.695575318913045, -5.656722348894405, -14.0, -0.20133657252375792, -0.5101516955194196, 0.0, -0.8493138375044978, -0.13249675607399003, 0.0, -0.013463716751790422];16.48996250005439
[21.65400760223231, 2006.919366046292, 114.90160628577078];True;False;[0.0, 7.25, 1.4500000000000002, 0.0, 1.0, 28.67709057495514, 0.6468207244820688, 0.5, 8599.186707147044, 2243.5857535431414, 10500.0, 0.0, 3.0, 1.0, 0.002236804177736546, 0.07433163470394938, 0.05349735087951113, 0.0, 0.04219950093788493, 0.9775550875896892, 0.0, 0.05, 0.5, 0.5, 0.08854812040881965, 0.6424486539136655, 0.0, 0.02357386733880962, 0.7072524830299083, 0.0, 0.05, 0.5, 0.5, 0.0, 0.0, 0.0, 0.030000000000000002, 0.255, 0.0, 0.0, 1.0];[2.245230778782095, -1.213752432391151, 113.77154510293295, 0.47220895078483394, -0.2531792755179312, -11.042934979403842, -7.7529392553082825, -14.0, -0.9465026491204889, -0.02244491241031077, 0.0, -0.35755134608633454, -0.2927475169700917, 0.0, -0.0370091806252853];15.962780199944973
[41.27542007084267, 1062.2783855653445, 122.39384036018355];True;False;[0.0, 7.25, 1.4500000000000002, 0.0, 2.0, 9.286409982890696, 0.27339232508134514, 0.41196081423489445, 5397.464557086075, 8027.9078434316925, 8064.667704017587, 0.0, 3.0, 1.0, 0.03963597968534257, 0.018195927945306348, 0.3333333333333333, 0.3333333333333333, 0.08161577447240378, 0.3333333333333333, 0.3333333333333333, 0.03639926839188691, 0.3333333333333333, 0.3333333333333333, 0.06630589226473652, 0.13697553114230546, 0.357847983173909, 0.06481050064047243, 0.3333333333333333, 0.3333333333333333, 0.0321344222023181, 0.3333333333333333, 0.3333333333333333, 0.0, 0.0, 0.0, 0.030000000000000002, 0.255, 0.0, 0.0, 0.0];[1.3313271638128406, -1.5044038474231496, 199.44276918801737, 0.623278106033359, -0.6266076749186549, -12.986503815357018, -13.250500887675395, -12.36376989148461, -0.33333333333333337, -0.33333333333333337, -0.33333333333333337, -0.5051764856837856, -0.33333333333333337, -0.33333333333333337, 0.08910738861848888];53.075993700069375
[21.067604679695773, 1603.9251226039478, 116.55659407571619];True;False;[0.0, 7.25, 1.4500000000000002, 0.0, 1.0, 33.25156151125468, 0.22379676359177458, 0.5, 5579.966666702985, 2843.0372552725635, 10500.0, 0.0, 3.0, 0.0, 0.025, 0.018829319552697732, 0.3944787833661359, 0.0, 0.08080266499850124, 0.20330283245551062, 0.0, 0.05, 0.5, 0.5, 0.07459311134541123, 0.2289423633418796, 0.0, 0.06391684810805223, 0.16817517361064951, 0.0, 0.05, 0.5, 0.5, 0.0, 0.0, 0.0, 0.030000000000000002, 0.255, 0.0, 0.0, 1.0];[1.1322546648317822, -1.3703083391179498, 31.74672630566561, 0.7510988486697225, -0.6762032364082254, -4.260925724192612, -11.903684558159483, -14.0, -0.6055212166338642, -0.7966971675444894, 0.0, -0.7710576366581204, -0.8318248263893505, 0.0, 0.004073915006976736];15.99446880002506
[1e+30, 1e+30, 1e+30];False;False;[0.0, 7.25, 1.4500000000000002, 0.0, 2.0, 8.870335257799823, 0.2750856351941996, 0.8321484081913916, 5579.966666702985, 9723.861070852317, 19499.00151415504, 0.0, 3.0, 1.0, 0.004285623725717366, 0.01930292210253296, 0.05269697185370059, 0.23299538702046385, 0.07514669364168967, 0.3629422946136225, 0.5726978834384455, 0.071742981675371, 0.3101053696288012, 0.3007997034440207, 0.002077607770999766, 0.13591746632127888, 0.31152965104871144, 0.06387669163676589, 0.3333333333333333, 0.3333333333333333, 0.006169184099197304, 0.3333333333333333, 0.3333333333333333, 0.0, 0.0, 0.0, 0.030000000000000002, 0.255, 0.0, 1.0, 1.0];[1e+30, 1e+30, 1e+30, 1e+30, 1e+30, 1e+30, 1e+30, 1e+30, 1e+30, 1e+30, 1e+30, 1e+30, 1e+30, 1e+30, 1e+30];175.49723930004984
[1e+30, 1e+30, 1e+30];False;False;[0.0, 7.25, 1.4500000000000002, 0.0, 2.0, 51.85337117876301, 0.13383885888551808, 0.6391428543338786, 18279.036370471225, 2623.8172931416975, 3948.840368030059, 0.0, 3.0, 0.0, 0.025, 0.017781358341519105, 0.3333333333333333, 0.3333333333333333, 0.06166998115292197, 0.3333333333333333, 0.3333333333333333, 0.023687537204854017, 0.3333333333333333, 0.3333333333333333, 0.07473240711453075, 0.15068616249550215, 0.285100283630161, 0.013023447227719365, 0.3333333333333333, 0.3333333333333333, 0.07474352768440186, 0.5968437082866447, 0.08974511092874912, 0.0, 0.0, 0.0, 0.030000000000000002, 0.255, 0.0, 1.0, 2.0];[1e+30, 1e+30, 1e+30, 1e+30, 1e+30, 1e+30, 1e+30, 1e+30, 1e+30, 1e+30, 1e+30, 1e+30, 1e+30, 1e+30, 1e+30];87.26877199998125
[1e+30, 1e+30, 1e+30];False;False;[0.0, 7.25, 1.4500000000000002, 0.0, 0.0, 9.150500252344303, 0.5, 0.5, 6702.428821178126, 10500.0, 10500.0, 0.0, 3.0, 0.0, 0.025, 0.08934153077677649, 0.0, 0.0, 0.05, 0.5, 0.5, 0.05, 0.5, 0.5, 0.06585492911234847, 0.0, 0.0, 0.05, 0.5, 0.5, 0.05, 0.5, 0.5, 0.0, 0.0, 0.0, 0.030000000000000002, 0.255, 0.0, 0.0, 0.0];[1e+30, 1e+30, 1e+30, 1e+30, 1e+30, 1e+30, 1e+30, 1e+30, 1e+30, 1e+30, 1e+30, 1e+30, 1e+30, 1e+30, 1e+30];26.833722100011073
[10.112147373201257, 3320.2857741661687, 107.8634317894959];True;False;[1.0, 5.079789770397251, 1.6051082621723263, 0.0, 2.0, 27.691440605066692, 0.21918799880671008, 0.8855198153910333, 17601.768595611487, 11625.96922865272, 11057.033196674827, 0.0, 3.0, 0.0, 0.025, 0.011157846219887094, 0.3333333333333333, 0.3333333333333333, 0.014525175456214401, 0.40311885116246604, 0.4886549564196642, 0.04795953223045357, 0.06530157763517519, 0.3773911929378313, 0.0802410426788193, 0.3333333333333333, 0.3333333333333333, 0.029767706282664275, 0.3333333333333333, 0.3333333333333333, 0.056280328043718124, 0.5706074726561825, 0.3181274868363315, 0.0, 0.0, 0.0, 0.030000000000000002, 0.255, 0.0, 2.0, 2.0];[0.6402344237766702, -0.15683614527145862, 21.07740130339449, -0.0584292293239822, -0.6808120011932899, -12.416072009150966, -12.416072009150966, -12.416072009150966, -0.33333333333333337, -0.1082261924178698, -0.5573072294269935, -0.33333333333333337, -0.33333333333333337, -0.11126504050748598, -0.19966491857390628];56.812305499915965
[1e+30, 1e+30, 1e+30];False;False;[1.0, 7.696810637647098, 1.7750377871695389, 0.0, 1.0, 49.99616282951379, 0.47546335467127676, 0.5, 10465.340205117736, 18211.30342073807, 10500.0, 1.0, 4.4168722532027935, 1.0, 0.010920836567374399, 0.04776525221846271, 0.1413618010820572, 0.0, 0.014281549713554866, 0.08327973738619909, 0.0, 0.05, 0.5, 0.5, 0.045908864371927254, 0.1636779013895868, 0.0, 0.05252901122110928, 0.32896626022656617, 0.0, 0.05, 0.5, 0.5, 0.0, 1.0, 1.0, 0.04961546011561499, 0.11444259697620744, 83.0, 0.0, 0.0];[1e+30, 1e+30, 1e+30, 1e+30, 1e+30, 1e+30, 1e+30, 1e+30, 1e+30, 1e+30, 1e+30, 1e+30, 1e+30, 1e+30, 1e+30];112.98699010000564
[21.401008738894845, 1608.2127796689185, 116.60397860760511];True;False;[0.0, 7.25, 1.4500000000000002, 0.0, 1.0, 33.25156151125468, 0.22379676359177458, 0.5, 5579.966666702985, 16520.716663823834, 10500.0, 0.0, 3.0, 0.0, 0.025, 0.018652747465108595, 0.3944787833661359, 0.0, 0.09987967778697497, 0.178979311426805, 0.0, 0.05, 0.5, 0.5, 0.09580550483596016, 0.2289423633418796, 0.0, 0.008881325495624717, 0.15851294518710818, 0.0, 0.05, 0.5, 0.5, 0.0, 0.0, 0.0, 0.030000000000000002, 0.255, 0.0, 0.0, 1.0];[1.1389140472352768, -1.3687125105499112, 31.746726305665803, 0.7327190698882577, -0.6762032364082254, -4.260925724192612, -11.903684558159483, -14.0, -0.6055212166338642, -0.821020688573195, 0.0, -0.7710576366581204, -0.8414870548128919, 0.0, 0.0034786193646718644];15.185409800033085
[28.25163262220704, 1070.2512962068135, 119.26379805502104];True;False;[0.0, 7.25, 1.4500000000000002, 0.0, 0.0, 13.847263003657776, 0.5, 0.5, 10855.767403548813, 10500.0, 10500.0, 0.0, 3.0, 0.0, 0.025, 0.0006429454358243963, 0.0, 0.0, 0.05, 0.5, 0.5, 0.05, 0.5, 0.5, 0.016250140413250045, 0.0, 0.0, 0.05, 0.5, 0.5, 0.05, 0.5, 0.5, 0.0, 0.0, 0.0, 0.030000000000000002, 0.255, 0.0, 0.0, 0.0];[0.268672845321861, -1.491591147321803, -3.9238633256528814, 0.7139509744149244, -0.4, -1.1527369963422238, -14.0, -14.0, -1.0, 0.0, 0.0, -1.0, 0.0, 0.0, 0.041235523689923115];19.0537495999597
[27.428240536495668, 1289.0145753898219, 117.96187056252325];True;False;[0.0, 7.25, 1.4500000000000002, 0.0, 1.0, 11.004406130055179, 0.21567846582341715, 0.5, 14839.2783915049, 13352.546335134446, 10500.0, 0.0, 3.0, 0.0, 0.025, 0.09023434204515772, 0.4864370333944874, 0.0, 0.042267315587859774, 0.5819562558019966, 0.0, 0.05, 0.5, 0.5, 0.05322446643474253, 0.47376280356593253, 0.0, 0.0021412963083877745, 0.0, 0.0, 0.05, 0.5, 0.5, 0.0, 0.0, 0.0, 0.030000000000000002, 0.255, 0.0, 1.0, 1.0];[1.0621698412573837, -1.3871031943867287, -6.602416051321535, 0.5664969103365152, -0.6843215341765829, -8.674032129629119, -13.26043913665815, -14.0, -0.5135629666055126, -0.4180437441980034, 0.0, -0.5262371964340675, -1.0, 0.0, 0.010425380785614946];31.141906599979848
[11.062633118028183, 3491.6487102659567, 106.71759424601487];True;False;[1.0, 4.802262114093788, 1.3464937796931424, 0.0, 2.0, 28.769612634008276, 0.6262535913167306, 0.1294937940590833, 8105.141744797138, 4180.723783892, 6567.678185757581, 0.0, 3.0, 0.0, 0.025, 0.049009215839946205, 0.3333333333333333, 0.3333333333333333, 0.03805971502943006, 0.4269973518294395, 0.40912127336434645, 0.04778107248114637, 0.08238656425200708, 0.3691501940254456, 0.015330174729349378, 0.3333333333333333, 0.3333333333333333, 0.02985903197921726, 0.5734329991731342, 0.056911774646565216, 0.058508153733144115, 0.47727389051186986, 0.505304188573687, 0.0, 0.0, 0.0, 0.030000000000000002, 0.255, 0.0, 0.0, 2.0];[0.7828359025755836, -0.09764939358328784, 22.54175444227026, 0.0, -0.2737464086832694, -12.49502743591648, -8.57735405690169, -13.671955254865201, -0.33333333333333337, -0.163881374806214, -0.5484632417225473, -0.33333333333333337, -0.36965522618030056, -0.017421920914443167, -0.2063223285927025];32.872821799945086
[1e+30, 1e+30, 1e+30];False;False;[0.0, 7.25, 1.4500000000000002, 0.0, 1.0, 6.546071896102379, 0.12303752161482394, 0.5, 8059.002116714912, 4896.120698347143, 10500.0, 0.0, 3.0, 0.0, 0.025, 0.035027975802471786, 0.9308638000878232, 0.0, 0.03787904227627828, 0.57581669011218, 0.0, 0.05, 0.5, 0.5, 0.005190951877635874, 0.3841777795470531, 0.0, 0.055369529120323654, 0.3265169117415667, 0.0, 0.05, 0.5, 0.5, 0.0, 0.0, 0.0, 0.030000000000000002, 0.255, 0.0, 0.0, 0.0];[1e+30, 1e+30, 1e+30, 1e+30, 1e+30, 1e+30, 1e+30, 1e+30, 1e+30, 1e+30, 1e+30, 1e+30, 1e+30, 1e+30, 1e+30];52.106030700029805
[1e+30, 1e+30, 1e+30];False;False;[1.0, 7.323459955297461, 1.626519954895336, 0.0, 2.0, 28.953803276721025, 0.12303752161482394, 0.4029828007187479, 8059.002116714912, 4743.206020122707, 8871.01209950743, 0.0, 3.0, 0.0, 0.025, 0.09760347391013, 0.3333333333333333, 0.3333333333333333, 0.042175701091357945, 0.29449101510119713, 0.6621296428169966, 0.0682543287794062, 0.3333333333333333, 0.3333333333333333, 0.02133850938310139, 0.3333333333333333, 0.3333333333333333, 0.059725597505865695, 0.7734708246059353, 0.08925714439152233, 0.08387992458012307, 0.18339611123308364, 0.5360459885517936, 0.0, 1.0, 0.0, 0.038729453092261834, 0.3426696572273276, 218.0, 0.0, 2.0];[1e+30, 1e+30, 1e+30, 1e+30, 1e+30, 1e+30, 1e+30, 1e+30, 1e+30, 1e+30, 1e+30, 1e+30, 1e+30, 1e+30, 1e+30];54.8551733000204
[21.28649670950591, 1846.389460699169, 115.86378474580133];True;False;[0.0, 7.25, 1.4500000000000002, 0.0, 2.0, 27.482283822715484, 0.3416343193090987, 0.41196081423489445, 8839.608646185668, 11560.872660678599, 8084.1195234954685, 0.0, 3.0, 0.0, 0.025, 0.018195927945306348, 0.3333333333333333, 0.3333333333333333, 0.08083461927677674, 0.3333333333333333, 0.3333333333333333, 0.03639926839188691, 0.3333333333333333, 0.3333333333333333, 0.08031318777151741, 0.3333333333333333, 0.3333333333333333, 0.06481050064047243, 0.6547687049819697, 0.20491737887536937, 0.05373999843778304, 0.3333333333333333, 0.3333333333333333, 0.0, 0.0, 0.0, 0.030000000000000002, 0.255, 0.0, 0.0, 0.0];[1.9209011319994254, -1.2861770472918763, 21.07751454317234, 0.6270867447273822, -0.5583656806909013, -12.719773470784592, -11.838521700551974, -11.18772148810908, -0.33333333333333337, -0.33333333333333337, -0.33333333333333337, -0.33333333333333337, -0.14031391614266098, -0.33333333333333337, -0.01362279827420676];36.983245500014164
[1e+30, 1e+30, 1e+30];False;False;[0.0, 7.25, 1.4500000000000002, 0.0, 0.0, 10.10572468202345, 0.5, 0.5, 14224.896224334221, 10500.0, 10500.0, 0.0, 3.0, 0.0, 0.025, 0.09105247613128223, 0.0, 0.0, 0.05, 0.5, 0.5, 0.05, 0.5, 0.5, 0.07443632338232443, 0.0, 0.0, 0.05, 0.5, 0.5, 0.05, 0.5, 0.5, 0.0, 0.0, 0.0, 0.030000000000000002, 0.255, 0.0, 0.0, 0.0];[1e+30, 1e+30, 1e+30, 1e+30, 1e+30, 1e+30, 1e+30, 1e+30, 1e+30, 1e+30, 1e+30, 1e+30, 1e+30, 1e+30, 1e+30];36.49243740004022
[1e+30, 1e+30, 1e+30];False;False;[0.0, 7.25, 1.4500000000000002, 0.0, 0.0, 14.525210285641048, 0.5, 0.5, 13045.038200349769, 10500.0, 10500.0, 0.0, 3.0, 0.0, 0.025, 0.018829319552697732, 0.0, 0.0, 0.05, 0.5, 0.5, 0.05, 0.5, 0.5, 0.07482233505777468, 0.0, 0.0, 0.05, 0.5, 0.5, 0.05, 0.5, 0.5, 0.0, 0.0, 0.0, 0.030000000000000002, 0.255, 0.0, 0.0, 0.0];[1e+30, 1e+30, 1e+30, 1e+30, 1e+30, 1e+30, 1e+30, 1e+30, 1e+30, 1e+30, 1e+30, 1e+30, 1e+30, 1e+30, 1e+30];49.59124049998354
[1e+30, 1e+30, 1e+30];False;False;[0.0, 7.25, 1.4500000000000002, 0.0, 2.0, 10.939972869700378, 0.2158953078358269, 0.3482299916843517, 14707.29155329606, 2612.537498095424, 2907.878927773359, 0.0, 3.0, 0.0, 0.025, 0.09645575977718279, 0.3333333333333333, 0.3333333333333333, 0.015608913900429814, 0.3333333333333333, 0.3333333333333333, 0.001708778586228761, 0.3333333333333333, 0.3333333333333333, 0.08880545289944762, 0.3333333333333333, 0.3333333333333333, 0.0021412963083877745, 0.0, 0.4946041480676322, 0.03890400993535296, 0.6192471767435603, 0.36917214366855844, 0.0, 0.0, 0.0, 0.030000000000000002, 0.255, 0.0, 2.0, 1.0];[1e+30, 1e+30, 1e+30, 1e+30, 1e+30, 1e+30, 1e+30, 1e+30, 1e+30, 1e+30, 1e+30, 1e+30, 1e+30, 1e+30, 1e+30];122.99876610003412
[23.177835367686985, 1337.881501562106, 117.69483929214036];True;False;[0.0, 7.25, 1.4500000000000002, 0.0, 0.0, 32.112183497318895, 0.5, 0.5, 15534.586984021764, 10500.0, 10500.0, 0.0, 3.0, 0.0, 0.025, 0.022093811949182383, 0.0, 0.0, 0.05, 0.5, 0.5, 0.05, 0.5, 0.5, 0.08550037280759916, 0.0, 0.0, 0.05, 0.5, 0.5, 0.05, 0.5, 0.5, 0.0, 0.0, 0.0, 0.030000000000000002, 0.255, 0.0, 0.0, 0.0];[0.43786671145922806, -1.4480068525455538, 24.373365426572278, 0.7872459283849593, -0.4, 17.112183497318895, -14.0, -14.0, -1.0, 0.0, 0.0, -1.0, 0.0, 0.0, 0.0226903226759968];4.54900599992834
[20.653931963848922, 1945.983864729855, 115.27060661322582];True;False;[0.0, 7.25, 1.4500000000000002, 0.0, 2.0, 27.694816417548836, 0.5904370765453884, 0.6064728398042196, 8079.491060754225, 7958.620530268591, 9019.18644672044, 0.0, 3.0, 0.0, 0.025, 0.0991180398679947, 0.3333333333333333, 0.3333333333333333, 0.04013690782932091, 0.29622121551709824, 0.47819792219423823, 0.06783560765338442, 0.3333333333333333, 0.3333333333333333, 0.0802169262612942, 0.3333333333333333, 0.3333333333333333, 0.060398451403293966, 0.3333333333333333, 0.3333333333333333, 0.05625739890614883, 0.5851314162349175, 0.04913842804160368, 0.0, 0.0, 0.0, 0.030000000000000002, 0.255, 0.0, 1.0, 2.0];[2.0680692454797382, -1.2533135886157776, 21.69373599990176, 0.5805538204054361, -0.30956292345461167, -11.974483701082796, -11.974483701082796, -11.974483701082796, -0.33333333333333337, -0.22558086228866348, -0.33333333333333337, -0.33333333333333337, -0.33333333333333337, -0.3657301557234789, -0.024520858654288658];35.532143100048415
[1e+30, 1e+30, 1e+30];False;False;[0.0, 7.25, 1.4500000000000002, 0.0, 1.0, 9.168625689102596, 0.2750856351941996, 0.5, 14048.50645301335, 9208.872458516169, 10500.0, 0.0, 3.0, 1.0, 0.040004255685738524, 0.018829319552697732, 0.38935833789799734, 0.0, 0.08095599114357756, 0.3658181026642854, 0.0, 0.05, 0.5, 0.5, 0.07459311134541123, 0.13591746632127888, 0.0, 0.06387669163676589, 0.112151216143351, 0.0, 0.05, 0.5, 0.5, 0.0, 0.0, 0.0, 0.030000000000000002, 0.255, 0.0, 0.0, 1.0];[1e+30, 1e+30, 1e+30, 1e+30, 1e+30, 1e+30, 1e+30, 1e+30, 1e+30, 1e+30, 1e+30, 1e+30, 1e+30, 1e+30, 1e+30];92.68193319998682
[1e+30, 1e+30, 1e+30];False;False;[1.0, 10.43982615459164, 1.2314600860698266, 1.0, 0.0, 48.86924426785686, 0.5, 0.5, 10043.632493845296, 10500.0, 10500.0, 1.0, 3.367616620403112, 0.0, 0.025, 0.05365991220029795, 0.0, 0.0, 0.05, 0.5, 0.5, 0.05, 0.5, 0.5, 0.02933239070774705, 0.0, 0.0, 0.05, 0.5, 0.5, 0.05, 0.5, 0.5, 1.0, 1.0, 0.0, 0.01627550868539565, 0.1768325602431309, 59.0, 0.0, 0.0];[1e+30, 1e+30, 1e+30, 1e+30, 1e+30, 1e+30, 1e+30, 1e+30, 1e+30, 1e+30, 1e+30, 1e+30, 1e+30, 1e+30, 1e+30];54.433289199951105
[20.210817710631922, 2134.7690585680084, 114.88988125288523];True;False;[0.0, 7.25, 1.4500000000000002, 0.0, 2.0, 39.09811512522705, 0.784339305261645, 0.5787744012584212, 14225.882115034103, 7495.5607381219725, 1580.8968906729842, 0.0, 3.0, 0.0, 0.025, 0.09105247613128223, 0.3333333333333333, 0.3333333333333333, 0.06135549334730416, 0.3333333333333333, 0.3333333333333333, 0.0826565157512272, 0.3333333333333333, 0.3333333333333333, 0.07136289537795867, 0.02347790851937298, 0.48831412215318437, 0.037931069715100234, 0.36700417461499113, 0.5632068043237729, 0.008929958876224898, 0.1661458368206603, 0.544415868306719, 0.0, 0.0, 0.0, 0.030000000000000002, 0.255, 0.0, 0.0, 0.0];[2.1584004640714713, -1.233142124844527, 51.89892054515494, 0.5576730329195634, -0.11566069473835505, -11.605947099711209, -11.605947099711209, -11.605947099711209, -0.33333333333333337, -0.33333333333333337, -0.33333333333333337, -0.4882079693274426, -0.06978902106123597, -0.28943829487262074, -0.030971448474541086];30.810167499934323
[1e+30, 1e+30, 1e+30];False;False;[0.0, 7.25, 1.4500000000000002, 0.0, 1.0, 27.644981674956767, 0.43393398084970336, 0.5, 19642.36771535938, 4903.202763513221, 10500.0, 0.0, 3.0, 0.0, 0.025, 0.03413566101816794, 0.3665249604702457, 0.0, 0.03653624890605312, 0.9793984261522187, 0.0, 0.05, 0.5, 0.5, 0.09713623316921463, 0.7016315263243068, 0.0, 0.02333064728683246, 0.7064289238974901, 0.0, 0.05, 0.5, 0.5, 0.0, 0.0, 0.0, 0.030000000000000002, 0.255, 0.0, 0.0, 1.0];[1e+30, 1e+30, 1e+30, 1e+30, 1e+30, 1e+30, 1e+30, 1e+30, 1e+30, 1e+30, 1e+30, 1e+30, 1e+30, 1e+30, 1e+30];34.188112600008026
[1e+30, 1e+30, 1e+30];False;False;[0.0, 7.25, 1.4500000000000002, 0.0, 1.0, 50.775537710500494, 0.47457604287243904, 0.5, 8059.27111163516, 4246.088306279297, 10500.0, 0.0, 3.0, 1.0, 0.03776719426938571, 0.0021629779916893122, 0.912301083839939, 0.0, 0.06655291995076545, 0.0, 0.0, 0.05, 0.5, 0.5, 0.01607913797950391, 0.9757753309174657, 0.0, 0.052820903931330355, 0.31902463634864336, 0.0, 0.05, 0.5, 0.5, 0.0, 0.0, 0.0, 0.030000000000000002, 0.255, 0.0, 0.0, 1.0];[1e+30, 1e+30, 1e+30, 1e+30, 1e+30, 1e+30, 1e+30, 1e+30, 1e+30, 1e+30, 1e+30, 1e+30, 1e+30, 1e+30, 1e+30];66.76215610001236
[1e+30, 1e+30, 1e+30];False;False;[0.0, 7.25, 1.4500000000000002, 0.0, 2.0, 28.769612634008276, 0.632389956870156, 0.35406771257647646, 8059.002116714912, 4743.206020122707, 8874.725593322537, 0.0, 3.0, 0.0, 0.025, 0.021777064084567477, 0.3333333333333333, 0.3333333333333333, 0.038306004144155505, 0.4265849803632841, 0.4109782184810674, 0.04966724518269655, 0.3333333333333333, 0.3333333333333333, 0.07380507002673617, 0.13961210990543432, 0.3193514722208195, 0.02900585473159276, 0.31925955369303083, 0.056911774646565216, 0.058027624952988216, 0.17852913474947985, 0.6710855597039107, 0.0, 0.0, 0.0, 0.030000000000000002, 0.255, 0.0, 0.0, 2.0];[1e+30, 1e+30, 1e+30, 1e+30, 1e+30, 1e+30, 1e+30, 1e+30, 1e+30, 1e+30, 1e+30, 1e+30, 1e+30, 1e+30, 1e+30];116.62468519993126
[1e+30, 1e+30, 1e+30];False;False;[0.0, 7.25, 1.4500000000000002, 0.0, 1.0, 41.6938862035688, 0.3436835120528819, 0.5, 17601.768595611487, 19034.399045410202, 10500.0, 0.0, 3.0, 0.0, 0.025, 0.06316512679730527, 0.14727811773536387, 0.0, 0.04217026730755005, 0.38744130082620754, 0.0, 0.05, 0.5, 0.5, 0.015936168819438344, 0.9557472626862376, 0.0, 0.029657616631591627, 0.41594387358680207, 0.0, 0.05, 0.5, 0.5, 0.0, 0.0, 0.0, 0.030000000000000002, 0.255, 0.0, 0.0, 1.0];[1e+30, 1e+30, 1e+30, 1e+30, 1e+30, 1e+30, 1e+30, 1e+30, 1e+30, 1e+30, 1e+30, 1e+30, 1e+30, 1e+30, 1e+30];52.5906497000251
[1e+30, 1e+30, 1e+30];False;False;[1.0, 4.988110047805938, 1.4723055881955733, 0.0, 0.0, 14.35147289378652, 0.5, 0.5, 9568.326698507488, 10500.0, 10500.0, 0.0, 3.0, 0.0, 0.025, 0.009417232826732916, 0.0, 0.0, 0.05, 0.5, 0.5, 0.05, 0.5, 0.5, 0.02933239070774705, 0.0, 0.0, 0.05, 0.5, 0.5, 0.05, 0.5, 0.5, 1.0, 0.0, 0.0, 0.030000000000000002, 0.255, 0.0, 0.0, 0.0];[1e+30, 1e+30, 1e+30, 1e+30, 1e+30, 1e+30, 1e+30, 1e+30, 1e+30, 1e+30, 1e+30, 1e+30, 1e+30, 1e+30, 1e+30];89.96713849995285
[1e+30, 1e+30, 1e+30];False;False;[0.0, 7.25, 1.4500000000000002, 0.0, 0.0, 11.172783182230603, 0.5, 0.5, 15522.9098940994, 10500.0, 10500.0, 0.0, 3.0, 0.0, 0.025, 0.09645575977718279, 0.0, 0.0, 0.05, 0.5, 0.5, 0.05, 0.5, 0.5, 0.05444336461975588, 0.0, 0.0, 0.05, 0.5, 0.5, 0.05, 0.5, 0.5, 0.0, 0.0, 0.0, 0.030000000000000002, 0.255, 0.0, 0.0, 0.0];[1e+30, 1e+30, 1e+30, 1e+30, 1e+30, 1e+30, 1e+30, 1e+30, 1e+30, 1e+30, 1e+30, 1e+30, 1e+30, 1e+30, 1e+30];51.22160230006557
[11.876365128684764, 2443.7337333098585, 107.76593462755525];True;False;[1.0, 4.534605925370359, 1.6883890339954832, 0.0, 0.0, 28.67291260460594, 0.5, 0.5, 17601.768595611487, 10500.0, 10500.0, 0.0, 3.0, 0.0, 0.025, 0.009351142879792385, 0.0, 0.0, 0.05, 0.5, 0.5, 0.05, 0.5, 0.5, 0.05415818275892511, 0.0, 0.0, 0.05, 0.5, 0.5, 0.05, 0.5, 0.5, 0.0, 0.0, 0.0, 0.030000000000000002, 0.255, 0.0, 0.0, 0.0];[-0.4189022518436767, -0.3570317820155413, 18.549489066923236, 0.0, -0.4, 1.9824086909360048, -14.0, -14.0, -1.0, 0.0, 0.0, -1.0, 0.0, 0.0, -0.17915001373932565];5.460541200009175
[1e+30, 1e+30, 1e+30];False;False;[0.0, 7.25, 1.4500000000000002, 0.0, 2.0, 11.188735869174817, 0.11519288736490571, 0.5895415352980028, 14237.383967534777, 12268.72078672445, 16621.177228026296, 0.0, 3.0, 0.0, 0.025, 0.06955079719320964, 0.16498331395998178, 0.7880628096828479, 0.04221538428316882, 0.3333333333333333, 0.3333333333333333, 0.03573879752063704, 0.3333333333333333, 0.3333333333333333, 0.05361754557049139, 0.49061900924090845, 0.24279789515465178, 0.05777355789084714, 0.019580159884447612, 0.16299444131543395, 0.06644569399670706, 0.3526820837145398, 0.5734350445643799, 0.0, 0.0, 0.0, 0.030000000000000002, 0.255, 0.0, 2.0, 0.0];[1e+30, 1e+30, 1e+30, 1e+30, 1e+30, 1e+30, 1e+30, 1e+30, 1e+30, 1e+30, 1e+30, 1e+30, 1e+30, 1e+30, 1e+30];119.54873609996866
[9.834844280442491, 3369.0666814824335, 111.25402027477735];True;False;[1.0, 5.280598920435274, 1.6937921898178185, 0.0, 2.0, 26.840147388748587, 0.16311329406124292, 0.31033460837866966, 17601.768595611487, 2372.2789054043164, 11377.079792551607, 0.0, 3.0, 0.0, 0.025, 0.009351142879792385, 0.3333333333333333, 0.3333333333333333, 0.06134311865128496, 0.40311885116246604, 0.39538114044650874, 0.04795953223045357, 0.08283845622899205, 0.8129072088212785, 0.07451492659161237, 0.3333333333333333, 0.3333333333333333, 0.0134774095558536, 0.3333333333333333, 0.3333333333333333, 0.05793737380054417, 0.6114588446974438, 0.32317104013659437, 0.0, 0.0, 0.0, 0.030000000000000002, 0.255, 0.0, 2.0, 2.0];[0.6521384129746934, -0.13532413578083702, 18.525322454360015, -0.28123864387977504, -0.7368867059387572, -10.572458588476472, -13.62845316242662, -12.390534884596676, -0.33333333333333337, -0.20150000839102522, -0.10425433494972935, -0.33333333333333337, -0.33333333333333337, -0.0653701151659618, -0.20237951880966448];64.66320029995404
[21.805419044268863, 1633.0961730885135, 116.73538064087232];True;False;[0.0, 7.25, 1.4500000000000002, 0.0, 1.0, 37.391615123160406, 0.5898091193763269, 0.5, 8079.491060754225, 11606.179883797986, 10500.0, 0.0, 3.0, 0.0, 0.025, 0.021909685722580917, 0.011348793376440847, 0.0, 0.04013690782932091, 0.42724143353942867, 0.0, 0.05, 0.5, 0.5, 0.07420847226363883, 0.5557851133624572, 0.0, 0.03225362889636028, 0.34205256533836526, 0.0, 0.05, 0.5, 0.5, 0.0, 0.0, 0.0, 0.030000000000000002, 0.255, 0.0, 0.0, 1.0];[1.1250073480894027, -1.3720450579904173, 42.96915741299712, 0.7245108734424539, -0.31019088062367317, -9.900537865987854, -7.667537449926803, -14.0, -0.9886512066235591, -0.5727585664605713, 0.0, -0.4442148866375428, -0.6579474346616347, 0.0, 0.004723368971666364];13.802939599961974
[1e+30, 1e+30, 1e+30];False;False;[0.0, 7.25, 1.4500000000000002, 0.0, 2.0, 29.693215700004448, 0.6285172583413762, 0.2657551742859735, 8059.002116714912, 4743.206020122707, 8800.274306846022, 0.0, 3.0, 0.0, 0.025, 0.021777064084567477, 0.3333333333333333, 0.3333333333333333, 0.038151722038130303, 0.4255112331235228, 0.4109782184810674, 0.04778107248114637, 0.08238656425200708, 0.3707602678368692, 0.015330174729349378, 0.3333333333333333, 0.3333333333333333, 0.030787424679335495, 0.7734708246059353, 0.056911774646565216, 0.0326324048844, 0.3333333333333333, 0.3333333333333333, 0.0, 0.0, 0.0, 0.030000000000000002, 0.255, 0.0, 0.0, 2.0];[1e+30, 1e+30, 1e+30, 1e+30, 1e+30, 1e+30, 1e+30, 1e+30, 1e+30, 1e+30, 1e+30, 1e+30, 1e+30, 1e+30, 1e+30];101.73531140002888
[20.716349110118227, 1974.6428467964347, 115.74889630021673];True;False;[0.0, 7.25, 1.4500000000000002, 0.0, 2.0, 39.8852301699833, 0.43393398084970336, 0.3670155051971921, 19587.569931302187, 4750.288085288786, 7588.418267957889, 0.0, 3.0, 0.0, 0.025, 0.021830450233434058, 0.3650603576263509, 0.45665887179115255, 0.03359191783997739, 0.841291188528682, 0.11468888891831358, 0.07830481615853867, 0.5882753382877233, 0.013728577259052521, 0.09713623316921463, 0.3333333333333333, 0.3333333333333333, 0.016408598409203234, 0.02256245117067124, 0.668549186877703, 0.009780453105126498, 0.1835799445901261, 0.7768766997728831, 0.0, 0.0, 0.0, 0.030000000000000002, 0.255, 0.0, 0.0, 2.0];[1.9227258110519383, -1.285769586305787, 53.66967921392323, 0.646997283720973, -0.46606601915029666, -12.851129656845158, -10.315420976231518, -11.037846278648418, -0.17828077058249647, -0.044019922553004465, -0.3979960844532242, -0.33333333333333337, -0.3088883619516257, -0.03954335563699085, -0.013760976723314167];31.662633900064975
[22.81010275021457, 1375.1536198199767, 117.43902062582501];True;False;[0.0, 7.25, 1.4500000000000002, 0.0, 0.0, 33.243901945741634, 0.5, 0.5, 6570.441770580317, 10500.0, 10500.0, 0.0, 3.0, 0.0, 0.025, 0.06750438761745378, 0.0, 0.0, 0.05, 0.5, 0.5, 0.05, 0.5, 0.5, 0.06585492911234847, 0.0, 0.0, 0.05, 0.5, 0.5, 0.05, 0.5, 0.5, 0.0, 0.0, 0.0, 0.030000000000000002, 0.255, 0.0, 0.0, 0.0];[0.4847929047935695, -1.4359186776624921, 26.642385675713392, 0.7700863707381649, -0.4, 18.243901945741634, -14.0, -14.0, -1.0, 0.0, 0.0, -1.0, 0.0, 0.0, 0.017769783828279206];4.563973700045608
[1e+30, 1e+30, 1e+30];False;False;[0.0, 7.25, 1.4500000000000002, 0.0, 2.0, 13.968459384616692, 0.341905434289692, 0.40488467874372386, 14213.304920319493, 9583.021374837868, 19424.852067783428, 0.0, 3.0, 0.0, 0.025, 0.024678120048832186, 0.3333333333333333, 0.3333333333333333, 0.06971220429977415, 0.3333333333333333, 0.3333333333333333, 0.03535043754023707, 0.3333333333333333, 0.3333333333333333, 0.07256872998552065, 0.4912816960145119, 0.238017998506837, 0.03979579732716611, 0.3333333333333333, 0.3333333333333333, 0.06542067736216871, 0.31482992576066177, 0.5734350445643799, 0.0, 0.0, 0.0, 0.030000000000000002, 0.255, 0.0, 2.0, 2.0];[1e+30, 1e+30, 1e+30, 1e+30, 1e+30, 1e+30, 1e+30, 1e+30, 1e+30, 1e+30, 1e+30, 1e+30, 1e+30, 1e+30, 1e+30];149.94306709989905
[8.126139203853624, 4706.2722250706465, 108.41497155773311];True;False;[1.0, 7.940801263630955, 1.2225936604364531, 0.0, 2.0, 47.45773229065205, 0.37399547419816526, 0.24862699049442483, 19681.33599457755, 13699.732045411805, 8749.615326676712, 1.0, 4.383077013656143, 1.0, 0.005553740496658738, 0.019137692755972043, 0.3333333333333333, 0.3333333333333333, 0.07783397649333292, 0.3333333333333333, 0.3333333333333333, 0.03702070137672, 0.41630043311655107, 0.2566417912068656, 0.07866204125346687, 0.04851328544948319, 0.5822143362043842, 0.024288704020904453, 0.3333333333333333, 0.3333333333333333, 0.05303115108613154, 0.5559961281733248, 0.222709295690245, 0.0, 0.0, 0.0, 0.030000000000000002, 0.255, 0.0, 1.0, 2.0];[1.8996799181038524, 0.4449234728075173, 109.86717390111137, -0.13017020166825433, -0.5260045258018348, -11.097099884781118, -11.132077713236635, -12.42865905079178, -0.33333333333333337, -0.33333333333333337, -0.32705777567658334, -0.3692723783461326, -0.33333333333333337, -0.22129457613643022, -0.25675157269521676];41.83807659999002
[21.484289874872246, 1666.2616823567673, 116.24190286305966];True;False;[0.0, 7.25, 1.4500000000000002, 0.0, 1.0, 32.10962632901753, 0.8308402425548366, 0.5, 6518.080237767368, 13378.096082499742, 10500.0, 0.0, 3.0, 0.0, 0.025, 0.08934153077677649, 0.7536159024895681, 0.0, 0.05023685499929015, 0.2106248021209456, 0.0, 0.05, 0.5, 0.5, 0.06562570539998501, 0.22533525202112373, 0.0, 0.06391697532432064, 0.16377083982458876, 0.0, 0.05, 0.5, 0.5, 0.0, 0.0, 0.0, 0.030000000000000002, 0.255, 0.0, 0.0, 1.0];[1.2438942364532375, -1.343555465214217, 28.487884037973735, 0.6694675046360086, -0.06915975744516345, -12.443137399543826, -2.4417865382016277, -14.0, -0.2463840975104319, -0.7893751978790544, 0.0, -0.7746647479788763, -0.8362291601754113, 0.0, -0.00572337470978046];14.78916990000289
[1e+30, 1e+30, 1e+30];False;False;[0.0, 7.25, 1.4500000000000002, 0.0, 1.0, 51.19473470905662, 0.5488238952928156, 0.5, 10216.646069994684, 9526.04029403352, 10500.0, 0.0, 3.0, 0.0, 0.025, 0.053192453951017585, 0.05766727387055775, 0.0, 0.06668697339001077, 0.7223321805615752, 0.0, 0.05, 0.5, 0.5, 0.02820245203597504, 0.22312809863382901, 0.0, 0.065446724782683, 0.3208232272186711, 0.0, 0.05, 0.5, 0.5, 0.0, 0.0, 0.0, 0.030000000000000002, 0.255, 0.0, 0.0, 1.0];[1e+30, 1e+30, 1e+30, 1e+30, 1e+30, 1e+30, 1e+30, 1e+30, 1e+30, 1e+30, 1e+30, 1e+30, 1e+30, 1e+30, 1e+30];58.28078800009098
[25.272834441585662, 1348.4950429605512, 117.54904373439003];True;False;[0.0, 7.25, 1.4500000000000002, 0.0, 1.0, 13.797060057839147, 0.23382006384383225, 0.5, 12437.76485179151, 7965.914100150408, 10500.0, 0.0, 3.0, 0.0, 0.025, 0.07617369987463614, 0.04734668253897739, 0.0, 0.06962639527630886, 0.8008905496312471, 0.0, 0.05, 0.5, 0.5, 0.06626136701206885, 0.0719370272981138, 0.0, 0.02360796088469639, 0.7192462293503978, 0.0, 0.05, 0.5, 0.5, 0.0, 0.0, 0.0, 0.030000000000000002, 0.255, 0.0, 0.0, 1.0];[1.0801105473251926, -1.3828039531749874, -3.354805878731918, 0.6225451634217156, -0.6661799361561678, -8.276153698074722, -12.948040535386934, -14.0, -0.9526533174610226, -0.19910945036875294, 0.0, -0.9280629727018862, -0.28075377064960216, 0.0, 0.008784303669209459];24.89369810000062
[1e+30, 1e+30, 1e+30];False;False;[1.0, 10.180532430577838, 1.3519191312594112, 1.0, 1.0, 9.158053931044938, 0.2689494840219645, 0.5, 5579.966666702985, 2843.0372552725635, 10500.0, 0.0, 3.0, 1.0, 0.040004255685738524, 0.018829319552697732, 0.3937748615640445, 0.0, 0.08080266499850124, 0.36474435542452405, 0.0, 0.05, 0.5, 0.5, 0.015993668644518257, 0.395045514961452, 0.0, 0.06472986903208539, 0.112151216143351, 0.0, 0.05, 0.5, 0.5, 1.0, 1.0, 0.0, 0.046823818390289706, 0.3916991507959824, 208.0, 0.0, 1.0];[1e+30, 1e+30, 1e+30, 1e+30, 1e+30, 1e+30, 1e+30, 1e+30, 1e+30, 1e+30, 1e+30, 1e+30, 1e+30, 1e+30, 1e+30];18.908426100038923
[10.803540696854174, 2904.313352100951, 107.72097117736396];True;False;[1.0, 5.079789770397251, 1.6134127496343311, 0.0, 1.0, 28.259360463696993, 0.21404436904338567, 0.5, 17601.768595611487, 11625.96922865272, 10500.0, 0.0, 3.0, 0.0, 0.025, 0.00796016133068208, 0.6105986567045052, 0.0, 0.014525175456214401, 0.40311885116246604, 0.0, 0.05, 0.5, 0.5, 0.08024237650193863, 0.5521692424429219, 0.0, 0.029767706282664275, 0.2991405913006099, 0.0, 0.05, 0.5, 0.5, 0.0, 0.0, 0.0, 0.030000000000000002, 0.255, 0.0, 1.0, 1.0];[0.07343883820839725, -0.2424141285450867, 20.27479581049925, -1.1102230246251565e-16, -0.6859556309566144, -6.980347807292878, -12.815956364551885, -14.0, -0.3894013432954948, -0.596881148837534, 0.0, -0.44783075755707813, -0.7008594086993901, 0.0, -0.19202285933972868];17.783810299937613
[1e+30, 1e+30, 1e+30];False;False;[0.0, 7.25, 1.4500000000000002, 0.0, 2.0, 13.97587062259331, 0.5436782104553294, 0.5895160465919508, 10043.632493845296, 7473.839223534582, 18284.29225647145, 0.0, 3.0, 0.0, 0.025, 0.053192453951017585, 0.0643251827223151, 0.7814225494074508, 0.06097376290765852, 0.6616433070824975, 0.24513273123006568, 0.043681613984703674, 0.3333333333333333, 0.3333333333333333, 0.030213764886350622, 0.3333333333333333, 0.3333333333333333, 0.038620131359777904, 0.17359370145448505, 0.4301716013373933, 0.03176171136339693, 0.3333333333333333, 0.3333333333333333, 0.0, 0.0, 0.0, 0.030000000000000002, 0.255, 0.0, 1.0, 0.0];[1e+30, 1e+30, 1e+30, 1e+30, 1e+30, 1e+30, 1e+30, 1e+30, 1e+30, 1e+30, 1e+30, 1e+30, 1e+30, 1e+30, 1e+30];61.833588799927384
[1e+30, 1e+30, 1e+30];False;False;[0.0, 7.25, 1.4500000000000002, 0.0, 2.0, 13.957887626563583, 0.12543278537061506, 0.58797211019583, 5768.845260230349, 3209.395510373533, 19424.852067783428, 0.0, 3.0, 0.0, 0.025, 0.024678120048832186, 0.16424318358705667, 0.7813102942728233, 0.06124619266066774, 0.3333333333333333, 0.3333333333333333, 0.037065007951846515, 0.3333333333333333, 0.3333333333333333, 0.07256872998552065, 0.4912816960145119, 0.23571837157299658, 0.03979579732716611, 0.019580159884447612, 0.4036319220905531, 0.03115110009037443, 0.3333333333333333, 0.3333333333333333, 0.0, 0.0, 0.0, 0.030000000000000002, 0.255, 0.0, 2.0, 2.0];[1e+30, 1e+30, 1e+30, 1e+30, 1e+30, 1e+30, 1e+30, 1e+30, 1e+30, 1e+30, 1e+30, 1e+30, 1e+30, 1e+30, 1e+30];116.70561089995317
[20.135681730244055, 1875.019665681242, 116.05194751757165];True;False;[0.0, 7.25, 1.4500000000000002, 0.0, 2.0, 38.92892994070512, 0.12303752161482394, 0.2714519560201287, 11028.511984777984, 18709.202657842558, 9090.25553698064, 0.0, 3.0, 0.0, 0.025, 0.020380042162026428, 0.16077905632180517, 0.45666263448757227, 0.03784054572494782, 0.3333333333333333, 0.3333333333333333, 0.055227664270393835, 0.3333333333333333, 0.3333333333333333, 0.0053487222747351385, 0.3333333333333333, 0.3333333333333333, 0.05543117181816392, 0.3333333333333333, 0.3333333333333333, 0.0834615381282381, 0.5704695582795158, 0.3816867373025633, 0.0, 0.0, 0.0, 0.030000000000000002, 0.255, 0.0, 0.0, 2.0];[1.7895882557273426, -1.3154999432708745, 49.286011510024636, 0.7405204279857591, -0.7769624783851761, -7.467685670612117, -13.469461301032535, -11.62324372153832, -0.3825583091906226, -0.33333333333333337, -0.33333333333333337, -0.33333333333333337, -0.33333333333333337, -0.04784370441792085, -0.003468303780289672];32.311727899941616
[28.708113332924796, 1295.329544456702, 117.50259942337908];True;False;[0.0, 7.25, 1.4500000000000002, 0.0, 1.0, 7.6084309919861415, 0.23382006384383225, 0.5, 8443.521478226998, 11498.878917396589, 10500.0, 0.0, 3.0, 0.0, 0.025, 0.07711939173426174, 0.0661970035127539, 0.0, 0.07787418939243006, 0.836304324025658, 0.0, 0.05, 0.5, 0.5, 0.08026866251897605, 0.7073230199004591, 0.0, 0.016685912007067285, 0.03878992112720686, 0.0, 0.05, 0.5, 0.5, 0.0, 0.0, 0.0, 0.030000000000000002, 0.255, 0.0, 0.0, 0.0];[1.2275247361413069, -1.3474781887731866, -9.90455829164381, 0.4569483759970072, -0.6661799361561678, -10.006879431151088, -13.476217249899065, -14.0, -0.9338029964872461, -0.16369567597434198, 0.0, -0.2926769800995409, -0.9612100788727931, 0.0, -0.00431071186769294];36.40931539994199
[1e+30, 1e+30, 1e+30];False;False;[0.0, 7.25, 1.4500000000000002, 0.0, 1.0, 13.36569629771039, 0.8586729682443816, 0.5, 12907.587473756575, 7281.614158124019, 10500.0, 0.0, 3.0, 0.0, 0.025, 0.01889684882778233, 0.959768160676385, 0.0, 0.056294140489039635, 0.4554808617341069, 0.0, 0.05, 0.5, 0.5, 0.07463358614512518, 0.5004214909695606, 0.0, 0.037931069715100234, 0.3752217724567179, 0.0, 0.05, 0.5, 0.5, 0.0, 0.0, 0.0, 0.030000000000000002, 0.255, 0.0, 1.0, 1.0];[1e+30, 1e+30, 1e+30, 1e+30, 1e+30, 1e+30, 1e+30, 1e+30, 1e+30, 1e+30, 1e+30, 1e+30, 1e+30, 1e+30, 1e+30];68.06361880002078
[1e+30, 1e+30, 1e+30];False;False;[0.0, 7.25, 1.4500000000000002, 0.0, 2.0, 12.856213313522307, 0.37399547419816526, 0.11218494349376691, 19904.651896014202, 13137.17308527315, 6465.680151053366, 0.0, 3.0, 0.0, 0.025, 0.04590238456658774, 0.3333333333333333, 0.3333333333333333, 0.07765869968026076, 0.3333333333333333, 0.3333333333333333, 0.03702070137672, 0.40711460422369955, 0.2566417912068656, 0.07866204125346687, 0.056153559855147334, 0.5319837769656963, 0.04008468419297436, 0.3333333333333333, 0.3333333333333333, 0.053511679866287444, 0.4762543729446157, 0.18407583548064155, 0.0, 0.0, 0.0, 0.030000000000000002, 0.255, 0.0, 0.0, 2.0];[1e+30, 1e+30, 1e+30, 1e+30, 1e+30, 1e+30, 1e+30, 1e+30, 1e+30, 1e+30, 1e+30, 1e+30, 1e+30, 1e+30, 1e+30];126.38193909998517
[22.727663283975108, 1377.7396665347605, 117.56310803564291];True;False;[0.0, 7.25, 1.4500000000000002, 0.0, 0.0, 36.90859101190147, 0.5, 0.5, 14707.29155329606, 10500.0, 10500.0, 0.0, 3.0, 0.0, 0.025, 0.024153657822134945, 0.0, 0.0, 0.05, 0.5, 0.5, 0.05, 0.5, 0.5, 0.07217565084963996, 0.0, 0.0, 0.05, 0.5, 0.5, 0.05, 0.5, 0.5, 0.0, 0.0, 0.0, 0.030000000000000002, 0.255, 0.0, 0.0, 0.0];[0.44809973386136015, -1.445370828704925, 34.41263243071207, 0.7993417519770092, -0.4, 21.90859101190147, -14.0, -14.0, -1.0, 0.0, 0.0, -1.0, 0.0, 0.0, 0.02160936188922946];6.118313299957663
[1e+30, 1e+30, 1e+30];False;False;[1.0, 10.620222521499374, 1.4334411076296452, 1.0, 2.0, 28.31295018314983, 0.6309665747788399, 0.3533387964240855, 6413.667950371357, 2304.0902471921618, 10498.247614051475, 1.0, 2.3891983313659093, 0.0, 0.025, 0.009827786764183472, 0.3333333333333333, 0.3333333333333333, 0.07969092295648905, 0.3333333333333333, 0.3333333333333333, 0.041048501568962795, 0.11322368595398008, 0.13993243871504504, 0.07456150428194934, 0.49186839543140537, 0.47252380824889073, 0.07001859355676501, 0.7139312128940553, 0.2842504657972027, 0.05829800986713629, 0.3333333333333333, 0.3333333333333333, 0.0, 0.0, 0.0, 0.030000000000000002, 0.255, 0.0, 2.0, 1.0];[1e+30, 1e+30, 1e+30, 1e+30, 1e+30, 1e+30, 1e+30, 1e+30, 1e+30, 1e+30, 1e+30, 1e+30, 1e+30, 1e+30, 1e+30];205.0768192000687
[21.166605270663844, 1920.099650284839, 115.52951708535645];True;False;[0.0, 7.25, 1.4500000000000002, 0.0, 2.0, 28.26629392596916, 0.604150233065472, 0.8401225028146114, 8079.491060754225, 11606.179883797986, 19044.512356219333, 0.0, 3.0, 0.0, 0.025, 0.09847169792091107, 0.011348793376440847, 0.7786900477037647, 0.015240525534470148, 0.29622121551709824, 0.47819792219423823, 0.05364757152870191, 0.014091086828782073, 0.5703236627660957, 0.08021552169837116, 0.3333333333333333, 0.3333333333333333, 0.060398451403293966, 0.34205256533836526, 0.188477274953981, 0.05281914840230804, 0.3612562831198537, 0.04913842804160368, 0.0, 0.0, 0.0, 0.030000000000000002, 0.255, 0.0, 1.0, 2.0];[2.018785743926319, -1.2643188687570543, 22.983720286212794, 0.5844355820934011, -0.295849766934528, -11.953814895004557, -11.953814895004559, -11.953814895004559, -0.2099611589197945, -0.22558086228866348, -0.4155852504051223, -0.33333333333333337, -0.4694701597076537, -0.5896052888385426, -0.020926128297802882];37.07946010003798
[27.336122895473302, 1119.5209942331876, 118.75914360354798];True;False;[0.0, 7.25, 1.4500000000000002, 0.0, 0.0, 14.099475138515425, 0.5, 0.5, 9228.014013968188, 10500.0, 10500.0, 0.0, 3.0, 0.0, 0.025, 0.053192453951017585, 0.0, 0.0, 0.05, 0.5, 0.5, 0.05, 0.5, 0.5, 0.02933239070774705, 0.0, 0.0, 0.05, 0.5, 0.5, 0.05, 0.5, 0.5, 0.0, 0.0, 0.0, 0.030000000000000002, 0.255, 0.0, 0.0, 0.0];[0.35875408918663787, -1.4683862429358154, -3.638551034040292, 0.6859553262036711, -0.4, -0.9005248614845751, -14.0, -14.0, -1.0, 0.0, 0.0, -1.0, 0.0, 0.0, 0.031201023424454744];10.241688000038266
[1e+30, 1e+30, 1e+30];False;False;[0.0, 7.25, 1.4500000000000002, 0.0, 2.0, 28.524856657898052, 0.6254868737434025, 0.26752901570652543, 18076.44511199634, 2366.0309862819404, 18257.505849336958, 0.0, 3.0, 0.0, 0.025, 0.053128686708096756, 0.3333333333333333, 0.3333333333333333, 0.01571549306910678, 0.4014086576686551, 0.39538114044650874, 0.04795953223045357, 0.43014644729947127, 0.4126846308201214, 0.08852050056875357, 0.3333333333333333, 0.3333333333333333, 0.029733612736777507, 0.3333333333333333, 0.3333333333333333, 0.05793737380054417, 0.5706074726561825, 0.32317104013659437, 0.0, 0.0, 0.0, 0.030000000000000002, 0.255, 0.0, 0.0, 2.0];[1e+30, 1e+30, 1e+30, 1e+30, 1e+30, 1e+30, 1e+30, 1e+30, 1e+30, 1e+30, 1e+30, 1e+30, 1e+30, 1e+30, 1e+30];108.58015769999474
[1e+30, 1e+30, 1e+30];False;False;[0.0, 7.25, 1.4500000000000002, 0.0, 2.0, 9.644913325328606, 0.12650851768503024, 0.4032065247189897, 8058.016222019853, 4743.206020122707, 8868.17012229883, 0.0, 3.0, 0.0, 0.025, 0.021777064084567477, 0.3333333333333333, 0.3333333333333333, 0.03790180933539733, 0.3333333333333333, 0.3333333333333333, 0.029904011056191157, 0.5216127480198701, 0.16605967366994812, 0.009255171002621462, 0.3333333333333333, 0.3333333333333333, 0.055369529120323654, 0.3269545975400866, 0.09573216085142686, 0.0834615381282381, 0.18339611123308364, 0.5771390135327769, 0.0, 0.0, 0.0, 0.030000000000000002, 0.255, 0.0, 1.0, 2.0];[1e+30, 1e+30, 1e+30, 1e+30, 1e+30, 1e+30, 1e+30, 1e+30, 1e+30, 1e+30, 1e+30, 1e+30, 1e+30, 1e+30, 1e+30];134.72749169997405
[1e+30, 1e+30, 1e+30];False;False;[1.0, 4.808017292619569, 1.2289407446872318, 1.0, 0.0, 13.344249330808527, 0.5, 0.5, 10043.632493845296, 10500.0, 10500.0, 1.0, 3.8599153463919604, 0.0, 0.025, 0.053192453951017585, 0.0, 0.0, 0.05, 0.5, 0.5, 0.05, 0.5, 0.5, 0.02834140119599878, 0.0, 0.0, 0.05, 0.5, 0.5, 0.05, 0.5, 0.5, 1.0, 1.0, 0.0, 0.01627550868539565, 0.1768325602431309, 64.0, 0.0, 0.0];[1e+30, 1e+30, 1e+30, 1e+30, 1e+30, 1e+30, 1e+30, 1e+30, 1e+30, 1e+30, 1e+30, 1e+30, 1e+30, 1e+30, 1e+30];94.1016462999396
[1e+30, 1e+30, 1e+30];False;False;[0.0, 7.25, 1.4500000000000002, 0.0, 2.0, 13.519290028236322, 0.12528512492563626, 0.595048245687002, 12702.265838045958, 8020.030530114592, 8064.667704017587, 0.0, 3.0, 0.0, 0.025, 0.018195927945306348, 0.3333333333333333, 0.3333333333333333, 0.061306993587328606, 0.3333333333333333, 0.3333333333333333, 0.036420503150812404, 0.3333333333333333, 0.3333333333333333, 0.06630589226473652, 0.07567556101224193, 0.3555483562400875, 0.06481050064047243, 0.01641385550445479, 0.4057538627067401, 0.05373999843778304, 0.3333333333333333, 0.3333333333333333, 0.0, 0.0, 0.0, 0.030000000000000002, 0.255, 0.0, 0.0, 0.0];[1e+30, 1e+30, 1e+30, 1e+30, 1e+30, 1e+30, 1e+30, 1e+30, 1e+30, 1e+30, 1e+30, 1e+30, 1e+30, 1e+30, 1e+30];105.26924839999992
[1e+30, 1e+30, 1e+30];False;False;[1.0, 4.473297905077819, 1.7541112655311377, 1.0, 1.0, 33.243901945741634, 0.7879979941384567, 0.5, 6702.428821178126, 13378.096082499742, 10500.0, 0.0, 3.0, 0.0, 0.025, 0.09669354735692592, 0.7536159024895681, 0.0, 0.05035456079018546, 0.169267001093158, 0.0, 0.05, 0.5, 0.5, 0.05457718205029494, 0.788006197443631, 0.0, 0.06347281306018548, 0.01428243620193849, 0.0, 0.05, 0.5, 0.5, 1.0, 1.0, 0.0, 0.016993165393672433, 0.466058596688156, 109.0, 1.0, 1.0];[1e+30, 1e+30, 1e+30, 1e+30, 1e+30, 1e+30, 1e+30, 1e+30, 1e+30, 1e+30, 1e+30, 1e+30, 1e+30, 1e+30, 1e+30];92.82161859993357
[23.20010965463357, 1344.6301642961776, 117.49541086628042];True;False;[0.0, 7.25, 1.4500000000000002, 0.0, 0.0, 28.848259138452512, 0.5, 0.5, 5524.633516301124, 10500.0, 10500.0, 0.0, 3.0, 0.0, 0.025, 0.07739758939439942, 0.0, 0.0, 0.05, 0.5, 0.5, 0.05, 0.5, 0.5, 0.0747152828450674, 0.0, 0.0, 0.05, 0.5, 0.5, 0.05, 0.5, 0.5, 0.0, 0.0, 0.0, 0.030000000000000002, 0.255, 0.0, 0.0, 0.0];[0.49047540857821925, -1.4344548662036491, 18.171179946652167, 0.7501012352860179, -0.4, 13.848259138452512, -14.0, -14.0, -1.0, 0.0, 0.0, -1.0, 0.0, 0.0, 0.017180214996594056];4.115841399994679
[21.78279600587255, 1609.2788024700956, 116.3882678018258];True;False;[0.0, 7.25, 1.4500000000000002, 0.0, 1.0, 27.760053831643457, 0.23441204441731073, 0.5, 8501.002745242824, 11311.27319607831, 10500.0, 0.0, 3.0, 0.0, 0.025, 0.07713954867471662, 0.0676460211779431, 0.0, 0.09977525097141661, 0.17492896686485054, 0.0, 0.05, 0.5, 0.5, 0.09459524495656842, 0.6424486539136655, 0.0, 0.00809435180342882, 0.7207023135359256, 0.0, 0.05, 0.5, 0.5, 0.0, 0.0, 0.0, 0.030000000000000002, 0.255, 0.0, 0.0, 1.0];[1.220985681530637, -1.3490451824556933, 19.5766837397614, 0.6698634991308987, -0.6655879555826894, -5.478228901966888, -12.084570344546743, -14.0, -0.932353978822057, -0.8250710331351494, 0.0, -0.35755134608633454, -0.2792976864640744, 0.0, -0.0037441417859885306];17.758372299955226
[28.25163262220704, 1070.2512962068135, 119.26379805502104];True;False;[0.0, 7.25, 1.4500000000000002, 0.0, 0.0, 13.847263003657776, 0.5, 0.5, 10855.767403548813, 10500.0, 10500.0, 0.0, 3.0, 0.0, 0.025, 0.0006429454358243963, 0.0, 0.0, 0.05, 0.5, 0.5, 0.05, 0.5, 0.5, 0.016250140413250045, 0.0, 0.0, 0.05, 0.5, 0.5, 0.05, 0.5, 0.5, 0.0, 0.0, 0.0, 0.030000000000000002, 0.255, 0.0, 0.0, 0.0];[0.268672845321861, -1.491591147321803, -3.9238633256528814, 0.7139509744149244, -0.4, -1.1527369963422238, -14.0, -14.0, -1.0, 0.0, 0.0, -1.0, 0.0, 0.0, 0.041235523689923115];19.85242060001474
[1e+30, 1e+30, 1e+30];False;False;[1.0, 3.1679387110621358, 1.6230123277037278, 0.0, 0.0, 28.31295018314983, 0.5, 0.5, 6391.73902849219, 10500.0, 10500.0, 1.0, 1.2051737518262056, 0.0, 0.025, 0.009651214674728764, 0.0, 0.0, 0.05, 0.5, 0.5, 0.05, 0.5, 0.5, 0.09680339877124522, 0.0, 0.0, 0.05, 0.5, 0.5, 0.05, 0.5, 0.5, 1.0, 0.0, 0.0, 0.030000000000000002, 0.255, 0.0, 0.0, 0.0];[1e+30, 1e+30, 1e+30, 1e+30, 1e+30, 1e+30, 1e+30, 1e+30, 1e+30, 1e+30, 1e+30, 1e+30, 1e+30, 1e+30, 1e+30];51.58870439999737
[1e+30, 1e+30, 1e+30];False;False;[0.0, 7.25, 1.4500000000000002, 0.0, 1.0, 28.26629392596916, 0.6263785162938259, 0.5, 8059.119195538524, 11527.27933810083, 10500.0, 0.0, 3.0, 0.0, 0.025, 0.09847169792091107, 0.011348793376440847, 0.0, 0.03836529609643871, 0.29622121551709824, 0.0, 0.05, 0.5, 0.5, 0.07652619475787426, 0.5557851133624572, 0.0, 0.028225238188680217, 0.34205256533836526, 0.0, 0.05, 0.5, 0.5, 0.0, 0.0, 0.0, 0.030000000000000002, 0.255, 0.0, 0.0, 1.0];[1e+30, 1e+30, 1e+30, 1e+30, 1e+30, 1e+30, 1e+30, 1e+30, 1e+30, 1e+30, 1e+30, 1e+30, 1e+30, 1e+30, 1e+30];54.440897200023755
[27.33612289543516, 1119.5209942325941, 118.75914360358124];True;False;[0.0, 7.25, 1.4500000000000002, 0.0, 0.0, 14.099475138515425, 0.5, 0.5, 10110.699232308389, 10500.0, 10500.0, 0.0, 3.0, 0.0, 0.025, 0.053192453951017585, 0.0, 0.0, 0.05, 0.5, 0.5, 0.05, 0.5, 0.5, 0.02933239070774705, 0.0, 0.0, 0.05, 0.5, 0.5, 0.05, 0.5, 0.5, 0.0, 0.0, 0.0, 0.030000000000000002, 0.255, 0.0, 0.0, 0.0];[0.358754089185493, -1.4683862429361152, -3.6385510340402423, 0.6859553262070306, -0.4, -0.9005248614845751, -14.0, -14.0, -1.0, 0.0, 0.0, -1.0, 0.0, 0.0, 0.031201023424582752];9.616512299980968
[27.2730055611537, 1121.2140709228074, 118.75245024886513];True;False;[0.0, 7.25, 1.4500000000000002, 0.0, 0.0, 14.261672967594112, 0.5, 0.5, 10034.016683282967, 10500.0, 10500.0, 0.0, 3.0, 0.0, 0.025, 0.053192453951017585, 0.0, 0.0, 0.05, 0.5, 0.5, 0.05, 0.5, 0.5, 0.02933239070774705, 0.0, 0.0, 0.05, 0.5, 0.5, 0.05, 0.5, 0.5, 0.0, 0.0, 0.0, 0.030000000000000002, 0.255, 0.0, 0.0, 0.0];[0.3578665538497052, -1.4686148718018153, -3.45350896475051, 0.6885734158286068, -0.4, -0.7383270324058877, -14.0, -14.0, -1.0, 0.0, 0.0, -1.0, 0.0, 0.0, 0.031298074192333436];16.996844500070438
[10.79659159686658, 3137.9840286658214, 107.72368188111795];True;False;[1.0, 4.522995418139917, 1.6051082621723263, 0.0, 2.0, 27.691440605066692, 0.21918799880671008, 0.8536776329906035, 17601.768595611487, 11625.346594496581, 11057.033196674827, 0.0, 3.0, 0.0, 0.025, 0.011132372189817493, 0.3333333333333333, 0.3333333333333333, 0.014525175456214401, 0.40311885116246604, 0.4475629398013567, 0.047973720764784615, 0.06530157763517519, 0.3773911929378313, 0.05580729415689491, 0.3333333333333333, 0.3333333333333333, 0.029766374525735637, 0.3333333333333333, 0.3333333333333333, 0.056280328043718124, 0.5706074726561825, 0.3232583755285752, 0.0, 0.0, 0.0, 0.030000000000000002, 0.255, 0.0, 0.0, 2.0];[0.6010801761294466, -0.22329670769905663, 21.077401303394687, 4.440892098500626e-16, -0.6808120011932899, -12.416072009150966, -12.416072009150966, -12.416072009150966, -0.33333333333333337, -0.14931820903617732, -0.5573072294269935, -0.33333333333333337, -0.33333333333333337, -0.10613415181524233, -0.19097306168900452];88.08632060000673
[1e+30, 1e+30, 1e+30];False;False;[0.0, 7.25, 1.4500000000000002, 0.0, 1.0, 13.797060057839147, 0.23382006384383225, 0.5, 12424.378054518971, 7997.71052119086, 10500.0, 0.0, 3.0, 0.0, 0.025, 0.08848267134507556, 0.057320323374595694, 0.0, 0.06962639527630886, 0.8008905496312471, 0.0, 0.05, 0.5, 0.5, 0.06626136701206885, 0.0719370272981138, 0.0, 0.06216317084204555, 0.5565081086442314, 0.0, 0.05, 0.5, 0.5, 0.0, 0.0, 0.0, 0.030000000000000002, 0.255, 0.0, 0.0, 1.0];[1e+30, 1e+30, 1e+30, 1e+30, 1e+30, 1e+30, 1e+30, 1e+30, 1e+30, 1e+30, 1e+30, 1e+30, 1e+30, 1e+30, 1e+30];71.54618299996946
[1e+30, 1e+30, 1e+30];False;False;[0.0, 7.25, 1.4500000000000002, 0.0, 1.0, 9.813743113925389, 0.5898323899952078, 0.5, 8106.339759944811, 7958.291170933656, 10500.0, 0.0, 3.0, 0.0, 0.025, 0.09105247613128223, 0.959768160676385, 0.0, 0.06135549334730416, 0.4538852859944634, 0.0, 0.05, 0.5, 0.5, 0.07531770214473427, 0.021741358685044482, 0.0, 0.038083469212651495, 0.36700417461499113, 0.0, 0.05, 0.5, 0.5, 0.0, 0.0, 0.0, 0.030000000000000002, 0.255, 0.0, 1.0, 1.0];[1e+30, 1e+30, 1e+30, 1e+30, 1e+30, 1e+30, 1e+30, 1e+30, 1e+30, 1e+30, 1e+30, 1e+30, 1e+30, 1e+30, 1e+30];61.58947930007707
[38.92987048571853, 1177.3326724725296, 122.0402078785409];True;False;[0.0, 7.25, 1.4500000000000002, 0.0, 1.0, 27.701286053905623, 0.23284749486181436, 0.5, 8599.186707147044, 7980.235947002855, 10500.0, 0.0, 3.0, 1.0, 0.03569574599262132, 0.07611943669664645, 0.0694934478117426, 0.0, 0.041009175472595805, 0.9775550875896892, 0.0, 0.05, 0.5, 0.5, 0.0658221443454649, 0.6424486539136655, 0.0, 0.02360796088469639, 0.32508465689574106, 0.0, 0.05, 0.5, 0.5, 0.0, 0.0, 0.0, 0.030000000000000002, 0.255, 0.0, 0.0, 1.0];[0.8378016722280153, -1.5280391837055018, 44.674417273203204, 0.6544191169718152, -0.6671525051381857, -5.446664389577148, -12.100354558497553, -14.0, -0.9305065521882574, -0.02244491241031077, 0.0, -0.35755134608633454, -0.6749153431042589, 0.0, 0.08506855760272825];28.749540099990554
[23.986605462551488, 1264.314573842714, 118.23718516553367];True;False;[0.0, 7.25, 1.4500000000000002, 0.0, 0.0, 30.260189793075472, 0.5, 0.5, 10043.632493845296, 10500.0, 10500.0, 0.0, 3.0, 0.0, 0.025, 0.022296701594968313, 0.0, 0.0, 0.05, 0.5, 0.5, 0.05, 0.5, 0.5, 0.02834140119599878, 0.0, 0.0, 0.05, 0.5, 0.5, 0.05, 0.5, 0.5, 0.0, 0.0, 0.0, 0.030000000000000002, 0.255, 0.0, 0.0, 0.0];[0.33802293632686453, -1.4737265823814418, 20.792087258437377, 0.8246125771657629, -0.4, 15.260189793075472, -14.0, -14.0, -1.0, 0.0, 0.0, -1.0, 0.0, 0.0, 0.03347724446780431];4.944867999991402
[28.271753902458588, 1117.8998094549238, 118.54879983865342];True;False;[0.0, 7.25, 1.4500000000000002, 0.0, 0.0, 11.004406130055179, 0.5, 0.5, 14707.29155329606, 10500.0, 10500.0, 0.0, 3.0, 0.0, 0.025, 0.06902632753464077, 0.0, 0.0, 0.05, 0.5, 0.5, 0.05, 0.5, 0.5, 0.05322446643474253, 0.0, 0.0, 0.05, 0.5, 0.5, 0.05, 0.5, 0.5, 0.0, 0.0, 0.0, 0.030000000000000002, 0.255, 0.0, 0.0, 0.0];[0.4459241786067718, -1.445931251158071, -6.935285582284772, 0.6049072243999265, -0.4, -3.9955938699448215, -14.0, -14.0, -1.0, 0.0, 0.0, -1.0, 0.0, 0.0, 0.021838801311897638];33.61762190004811
[1e+30, 1e+30, 1e+30];False;False;[0.0, 7.25, 1.4500000000000002, 0.0, 2.0, 13.519290028236322, 0.6034855658805927, 0.2652027212926889, 18024.76836622801, 8027.9078434316925, 8064.667704017587, 0.0, 3.0, 0.0, 0.025, 0.009306682824864786, 0.3333333333333333, 0.3333333333333333, 0.07045396741692973, 0.3333333333333333, 0.3333333333333333, 0.04765417710587171, 0.3333333333333333, 0.3333333333333333, 0.0681498038042646, 0.07567556101224193, 0.47275662419442144, 0.06422164636574328, 0.3333333333333333, 0.3333333333333333, 0.05794028522145482, 0.3333333333333333, 0.3333333333333333, 0.0, 0.0, 0.0, 0.030000000000000002, 0.255, 0.0, 0.0, 2.0];[1e+30, 1e+30, 1e+30, 1e+30, 1e+30, 1e+30, 1e+30, 1e+30, 1e+30, 1e+30, 1e+30, 1e+30, 1e+30, 1e+30, 1e+30];119.34930250002071
[10.857280763616588, 2922.7514690632665, 107.82478984045476];True;False;[1.0, 5.079789770397251, 1.6067263148238136, 0.0, 1.0, 28.259360463696993, 0.21404436904338567, 0.5, 17601.768595611487, 11625.96922865272, 10500.0, 0.0, 3.0, 0.0, 0.025, 0.009370097062578934, 0.612909201632567, 0.0, 0.014525175456214401, 0.40311885116246604, 0.0, 0.05, 0.5, 0.5, 0.08024237650193863, 0.9522351103764299, 0.0, 0.029767706282664275, 0.2991405913006099, 0.0, 0.05, 0.5, 0.5, 0.0, 0.0, 0.0, 0.030000000000000002, 0.255, 0.0, 1.0, 1.0];[0.08589915792040781, -0.23465989503664764, 20.278996455168098, -5.551115123125783e-16, -0.6859556309566144, -6.963678132871607, -12.811416604541112, -14.0, -0.387090798367433, -0.596881148837534, 0.0, -0.04776488962357006, -0.7008594086993901, 0.0, -0.19300108831838542];17.779222499928437
[1e+30, 1e+30, 1e+30];False;False;[0.0, 7.25, 1.4500000000000002, 0.0, 0.0, 11.004406130055179, 0.5, 0.5, 14707.29155329606, 10500.0, 10500.0, 0.0, 3.0, 0.0, 0.025, 0.06615961236936124, 0.0, 0.0, 0.05, 0.5, 0.5, 0.05, 0.5, 0.5, 0.0737663997673474, 0.0, 0.0, 0.05, 0.5, 0.5, 0.05, 0.5, 0.5, 0.0, 0.0, 0.0, 0.030000000000000002, 0.255, 0.0, 0.0, 0.0];[1e+30, 1e+30, 1e+30, 1e+30, 1e+30, 1e+30, 1e+30, 1e+30, 1e+30, 1e+30, 1e+30, 1e+30, 1e+30, 1e+30, 1e+30];43.705374800018035
[21.145993374571695, 1724.8582461308965, 115.91293285009957];True;False;[0.0, 7.25, 1.4500000000000002, 0.0, 1.0, 33.243901945741634, 0.8280576952697118, 0.5, 8596.108736517632, 13378.096082499742, 10500.0, 0.0, 3.0, 0.0, 0.025, 0.08871243521233324, 0.7536159024895681, 0.0, 0.07999115039859003, 0.2055747239264516, 0.0, 0.05, 0.5, 0.5, 0.06585492911234847, 0.5069238589678523, 0.0, 0.06387937186766317, 0.8056862663746052, 0.0, 0.05, 0.5, 0.5, 0.0, 0.0, 0.0, 0.030000000000000002, 0.255, 0.0, 0.0, 1.0];[1.3164931074789115, -1.326158153365978, 31.15728555068175, 0.6428944156370238, -0.07194230473028818, -12.372655210632255, -2.346958769830284, -14.0, -0.2463840975104319, -0.7944252760735484, 0.0, -0.4930761410321477, -0.19431373362539484, 0.0, -0.011892714947508487];15.363239699974656
[27.487924131719055, 1120.3898940325869, 118.70124250025628];True;False;[0.0, 7.25, 1.4500000000000002, 0.0, 0.0, 13.390933976391713, 0.5, 0.5, 12943.516016168316, 10500.0, 10500.0, 0.0, 3.0, 0.0, 0.025, 0.018107632987568352, 0.0, 0.0, 0.05, 0.5, 0.5, 0.05, 0.5, 0.5, 0.07459311134541123, 0.0, 0.0, 0.05, 0.5, 0.5, 0.05, 0.5, 0.5, 0.0, 0.0, 0.0, 0.030000000000000002, 0.255, 0.0, 0.0, 0.0];[0.37919879571818793, -1.4631196919879195, -4.43258357625769, 0.6683231410990074, -0.4, -1.6090660236082872, -14.0, -14.0, -1.0, 0.0, 0.0, -1.0, 0.0, 0.0, 0.0289751971181591];9.579844900057651
[24.516131382302376, 1549.081886653356, 117.0137898775555];True;False;[0.0, 7.25, 1.4500000000000002, 0.0, 2.0, 13.968459384616692, 0.12543278537061506, 0.58797211019583, 14129.518900595644, 9575.144061520768, 19424.852067783428, 0.0, 3.0, 0.0, 0.025, 0.024678120048832186, 0.15982665628199405, 0.7813102942728233, 0.061399518818329474, 0.3333333333333333, 0.3333333333333333, 0.03537167229916256, 0.3333333333333333, 0.3333333333333333, 0.07256872998552065, 0.4912816960145119, 0.23571837157299658, 0.03979579732716611, 0.019580159884447612, 0.40707482201176404, 0.06542067736216871, 0.3526820837145398, 0.5734350445643799, 0.0, 0.0, 0.0, 0.030000000000000002, 0.255, 0.0, 2.0, 2.0];[1.7566400375798956, -1.3228574637278057, -2.979905365372151, 0.5913297508880866, -0.7745672146293849, -12.50364650198856, -13.907432235647805, -9.878536962724626, -0.058863049445182725, -0.33333333333333337, -0.33333333333333337, -0.27299993241249154, -0.5733450181037884, -0.07388287172108032, -0.00085350821175878];69.86884899996221
[1e+30, 1e+30, 1e+30];False;False;[0.0, 7.25, 1.4500000000000002, 0.0, 0.0, 7.6084309919861415, 0.5, 0.5, 8443.521478226998, 10500.0, 10500.0, 0.0, 3.0, 0.0, 0.025, 0.07711939173426174, 0.0, 0.0, 0.05, 0.5, 0.5, 0.05, 0.5, 0.5, 0.07804700436715072, 0.0, 0.0, 0.05, 0.5, 0.5, 0.05, 0.5, 0.5, 0.0, 0.0, 0.0, 0.030000000000000002, 0.255, 0.0, 0.0, 0.0];[1e+30, 1e+30, 1e+30, 1e+30, 1e+30, 1e+30, 1e+30, 1e+30, 1e+30, 1e+30, 1e+30, 1e+30, 1e+30, 1e+30, 1e+30];34.1586365000112
[1e+30, 1e+30, 1e+30];False;False;[0.0, 7.25, 1.4500000000000002, 0.0, 2.0, 18.144853474642122, 0.5436782104553294, 0.3837018076473089, 10043.632493845296, 9424.943339327574, 18284.29225647145, 0.0, 3.0, 0.0, 0.025, 0.04893340021066704, 0.0643251827223151, 0.4655445985160439, 0.06097376290765852, 0.6795588746261977, 0.24848019200820198, 0.04461331390675805, 0.0925442966444591, 0.7817445877547724, 0.014776234188693942, 0.3333333333333333, 0.3333333333333333, 0.05799622715453539, 0.5678151329331719, 0.4301716013373933, 0.031267680697023605, 0.3333333333333333, 0.3333333333333333, 0.0, 0.0, 0.0, 0.030000000000000002, 0.255, 0.0, 0.0, 0.0];[1e+30, 1e+30, 1e+30, 1e+30, 1e+30, 1e+30, 1e+30, 1e+30, 1e+30, 1e+30, 1e+30, 1e+30, 1e+30, 1e+30, 1e+30];99.13850799994543
[22.98654658411148, 1369.4789932772635, 117.26512275692359];True;False;[0.0, 7.25, 1.4500000000000002, 0.0, 0.0, 28.32361932365635, 0.5, 0.5, 8136.661267145037, 10500.0, 10500.0, 0.0, 3.0, 0.0, 0.025, 0.09847169792091107, 0.0, 0.0, 0.05, 0.5, 0.5, 0.05, 0.5, 0.5, 0.08355864372849948, 0.0, 0.0, 0.05, 0.5, 0.5, 0.05, 0.5, 0.5, 0.0, 0.0, 0.0, 0.030000000000000002, 0.255, 0.0, 0.0, 0.0];[0.5383474054088655, -1.422123052592276, 17.221331728911863, 0.7268389498121532, -0.4, 13.323619323656349, -14.0, -14.0, -1.0, 0.0, 0.0, -1.0, 0.0, 0.0, 0.01226621291992136];4.592416200088337
[24.719386802917157, 1211.287412977254, 118.57354561626958];True;False;[0.0, 7.25, 1.4500000000000002, 0.0, 0.0, 27.171821676156974, 0.5, 0.5, 10855.767403548813, 10500.0, 10500.0, 0.0, 3.0, 0.0, 0.025, 0.008940108481097726, 0.0, 0.0, 0.05, 0.5, 0.5, 0.05, 0.5, 0.5, 0.016250140413250045, 0.0, 0.0, 0.05, 0.5, 0.5, 0.05, 0.5, 0.5, 0.0, 0.0, 0.0, 0.030000000000000002, 0.255, 0.0, 0.0, 0.0];[0.2868069260846742, -1.4869198129554546, 15.181527605826709, 0.8314123401006057, -0.4, 12.171821676156974, -14.0, -14.0, -1.0, 0.0, 0.0, -1.0, 0.0, 0.0, 0.03918513627094977];5.872946599964052
[11.105334714475573, 2575.144854884007, 108.06445206818384];True;False;[1.0, 5.091400277627692, 1.6928506250244688, 0.0, 0.0, 28.67291260460594, 0.5, 0.5, 17601.768595611487, 10500.0, 10500.0, 0.0, 3.0, 0.0, 0.025, 0.009376616909861985, 0.0, 0.0, 0.05, 0.5, 0.5, 0.05, 0.5, 0.5, 0.07859193114198298, 0.0, 0.0, 0.05, 0.5, 0.5, 0.05, 0.5, 0.5, 0.0, 0.0, 0.0, 0.030000000000000002, 0.255, 0.0, 0.0, 0.0];[-0.39035919987611045, -0.29526398583541713, 18.55150136685848, -3.3306690738754696e-16, -0.4, 1.937650718114302, -14.0, -14.0, -1.0, 0.0, 0.0, -1.0, 0.0, 0.0, -0.1879228804547185];7.981692099943757
[21.79787362735925, 1624.633330125912, 116.33151262272338];True;False;[0.0, 7.25, 1.4500000000000002, 0.0, 1.0, 28.26629392596916, 0.604150233065472, 0.5, 8079.491060754225, 11606.179883797986, 10500.0, 0.0, 3.0, 0.0, 0.025, 0.09847169792091107, 0.011348793376440847, 0.0, 0.040313600238253464, 0.29622121551709824, 0.0, 0.05, 0.5, 0.5, 0.08021552169837116, 0.5547902677779849, 0.0, 0.060398451403293966, 0.34205256533836526, 0.0, 0.05, 0.5, 0.5, 0.0, 0.0, 0.0, 0.030000000000000002, 0.255, 0.0, 1.0, 1.0];[1.2369955531723775, -1.345208638916291, 21.028469377888463, 0.660768372027374, -0.295849766934528, -10.696446974432902, -8.43187042008286, -14.0, -0.9886512066235591, -0.7037787844829018, 0.0, -0.4452097322220151, -0.6579474346616347, 0.0, -0.005129011709247344];17.996726299985312
[21.91118906936516, 1579.5408078975727, 116.80666830084382];True;False;[0.0, 7.25, 1.4500000000000002, 0.0, 1.0, 31.951471444782754, 0.2232047830182961, 0.5, 5678.150628616178, 16708.321976496383, 10500.0, 0.0, 3.0, 0.0, 0.025, 0.017687503002171527, 0.4869327743473754, 0.0, 0.08051357306865294, 0.9728994339958007, 0.0, 0.05, 0.5, 0.5, 0.08147871743387147, 0.2289423633418796, 0.0, 0.024394941980387583, 0.1570646494628518, 0.0, 0.05, 0.5, 0.5, 0.0, 0.0, 0.0, 0.030000000000000002, 0.255, 0.0, 0.0, 1.0];[1.1117580751552385, -1.3752200623636495, 28.679712843101264, 0.7276065370155509, -0.676795216981704, -4.454991002143069, -11.969991068639557, -14.0, -0.5130672256526245, -0.0271005660041993, 0.0, -0.7710576366581204, -0.8429353505371482, 0.0, 0.005915012941738018];15.823034800007008
[10.894090429235582, 3552.2626927709916, 106.86960055707561];True;False;[1.0, 4.9423357484551556, 1.3464937796931424, 0.0, 2.0, 28.769612634008276, 0.5896841943992316, 0.2657551742859735, 8079.373981930612, 4822.107350962888, 8874.725593322537, 0.0, 3.0, 0.0, 0.025, 0.021777064084567477, 0.3333333333333333, 0.3333333333333333, 0.0400163522665882, 0.4255112331235228, 0.4109782184810674, 0.050360458478508736, 0.08238656425200708, 0.3691501940254456, 0.019020899569430132, 0.3333333333333333, 0.3333333333333333, 0.062032245330548144, 0.7734708246059353, 0.056911774646565216, 0.05238428977416129, 0.3333333333333333, 0.3333333333333333, 0.0, 0.0, 0.0, 0.030000000000000002, 0.255, 0.0, 0.0, 2.0];[0.8005867144876442, -0.07620989937588218, 22.802670600680436, 0.0, -0.31031580560076844, -13.582326657891244, -9.21710077592121, -12.39379924751247, -0.33333333333333337, -0.1635105483954098, -0.5484632417225473, -0.33333333333333337, -0.16961740074749954, -0.33333333333333337, -0.2088730789701107];33.839429300045595
[1e+30, 1e+30, 1e+30];False;False;[1.0, 2.3320326273440486, 1.1186124519074163, 0.0, 2.0, 27.182622084955877, 0.8586729682443816, 0.68234341939511, 15485.07893878181, 2249.9299704553405, 11224.983419527925, 0.0, 3.0, 0.0, 0.025, 0.02216134122426698, 0.3333333333333333, 0.3333333333333333, 0.056294140489039635, 0.3333333333333333, 0.3333333333333333, 0.01436582856245558, 0.059615200761761744, 0.6820453165083212, 0.08554084760749073, 0.3333333333333333, 0.3333333333333333, 0.012929949709095612, 0.3625178248242615, 0.5220264300048695, 0.009371226046194163, 0.3333333333333333, 0.3333333333333333, 1.0, 0.0, 0.0, 0.030000000000000002, 0.255, 0.0, 1.0, 2.0];[1e+30, 1e+30, 1e+30, 1e+30, 1e+30, 1e+30, 1e+30, 1e+30, 1e+30, 1e+30, 1e+30, 1e+30, 1e+30, 1e+30, 1e+30];129.83239519991912
[21.969794046037247, 1632.7617672434708, 116.58065384442429];True;False;[0.0, 7.25, 1.4500000000000002, 0.0, 1.0, 33.243901945741634, 0.8299740548014197, 0.5, 6715.815620558647, 13346.299661366782, 10500.0, 0.0, 3.0, 0.0, 0.025, 0.07640346372870332, 0.6692129425434122, 0.0, 0.049149315573604725, 0.2055747239264516, 0.0, 0.05, 0.5, 0.5, 0.06585492911234847, 0.5006229038540801, 0.0, 0.025361767679498402, 0.7149257628075965, 0.0, 0.05, 0.5, 0.5, 0.0, 0.0, 0.0, 0.030000000000000002, 0.255, 0.0, 0.0, 1.0];[1.1769545181284693, -1.3595966396605543, 31.13637912052716, 0.6880301135238562, -0.0700259451985803, -12.390355574341537, -2.2611373339287173, -14.0, -0.33078705745658776, -0.7944252760735484, 0.0, -0.49937709614591985, -0.28507423719240355, 0.0, 0.0001048802050336306];14.628554199938662
[27.214408546350445, 1124.73348729426, 118.71633412377966];True;False;[0.0, 7.25, 1.4500000000000002, 0.0, 0.0, 14.26785219069085, 0.5, 0.5, 9160.947275505097, 10500.0, 10500.0, 0.0, 3.0, 0.0, 0.025, 0.053192453951017585, 0.0, 0.0, 0.05, 0.5, 0.5, 0.05, 0.5, 0.5, 0.03397836867124775, 0.0, 0.0, 0.05, 0.5, 0.5, 0.05, 0.5, 0.5, 0.0, 0.0, 0.0, 0.030000000000000002, 0.255, 0.0, 0.0, 0.0];[0.3644982611286576, -1.466906545776087, -3.4464353473381486, 0.6863019198572415, -0.4, -0.7321478093091507, -14.0, -14.0, -1.0, 0.0, 0.0, -1.0, 0.0, 0.0, 0.03057376243050669];9.490830600028858
[20.815351641229398, 1974.440939602405, 115.19437249409535];True;False;[0.0, 7.25, 1.4500000000000002, 0.0, 2.0, 28.26273627617914, 0.7795139245755305, 0.6064728398042196, 14198.047521354561, 7495.890097456907, 6403.750750358052, 0.0, 3.0, 0.0, 0.025, 0.09847169792091107, 0.3333333333333333, 0.3333333333333333, 0.04013690782932091, 0.29622121551709824, 0.47819792219423823, 0.06805231811839271, 0.3333333333333333, 0.3333333333333333, 0.08021826008441352, 0.5557851133624572, 0.39624142868515017, 0.060246051905750615, 0.3333333333333333, 0.3333333333333333, 0.05276830494770829, 0.1665357153310184, 0.5522627660259303, 0.0, 0.0, 0.0, 0.030000000000000002, 0.255, 0.0, 1.0, 0.0];[2.099894973022968, -1.2462067265570043, 22.975618679944162, 0.5616709701173934, -0.12048607542446954, -11.953942699926861, -11.953942699926863, -11.953942699926863, -0.33333333333333337, -0.22558086228866348, -0.33333333333333337, -0.04797345795239272, -0.33333333333333337, -0.2812015186430513, -0.02681369356557467];36.706589100067504
[9.883701035999692, 3347.5226741466613, 112.34480651947207];True;False;[1.0, 5.364057262363939, 1.6812620177216306, 0.0, 2.0, 28.608477348378376, 0.36363562751059103, 0.41428710867357155, 12255.145891804974, 2366.0309862819404, 11057.033196674827, 1.0, 3.1093434642689677, 0.0, 0.025, 0.01824038800263308, 0.3333333333333333, 0.3333333333333333, 0.01571549306910678, 0.38748301755836645, 0.39538114044650874, 0.036704623516468776, 0.06669052618428234, 0.4126846308201214, 0.08667658564325235, 0.3333333333333333, 0.3333333333333333, 0.0303224670678802, 0.3333333333333333, 0.3333333333333333, 0.053737087016872395, 0.5331635843917946, 0.32317104013659437, 0.0, 0.0, 0.0, 0.030000000000000002, 0.255, 0.0, 2.0, 0.0];[0.6731127571629774, -0.11733912786899392, 22.798808963504698, -0.31213698625674036, -0.5363643724894089, -13.227308222018344, -12.09734406848697, -11.69302773885735, -0.33333333333333337, -0.2171358419951248, -0.5206248429955962, -0.33333333333333337, -0.33333333333333337, -0.14366537547161107, -0.20454093404705642];71.74704329995438
[1e+30, 1e+30, 1e+30];False;False;[0.0, 7.25, 1.4500000000000002, 0.0, 1.0, 8.07000956291854, 0.2354567862671479, 0.5, 8654.519857574352, 11498.878917396589, 10500.0, 0.0, 3.0, 1.0, 0.03999960413937556, 0.01760610225308167, 0.0676460211779431, 0.0, 0.08084133548432071, 0.9588390225489403, 0.0, 0.05, 0.5, 0.5, 0.08014649101931987, 0.7071849464331743, 0.0, 0.023860690519760645, 0.08481967122057765, 0.0, 0.05, 0.5, 0.5, 0.0, 0.0, 0.0, 0.030000000000000002, 0.255, 0.0, 0.0, 1.0];[1e+30, 1e+30, 1e+30, 1e+30, 1e+30, 1e+30, 1e+30, 1e+30, 1e+30, 1e+30, 1e+30, 1e+30, 1e+30, 1e+30, 1e+30];108.39917969994713
[1e+30, 1e+30, 1e+30];False;False;[0.0, 7.25, 1.4500000000000002, 0.0, 2.0, 11.004406130055179, 0.6369401906510147, 0.3396963220655508, 14729.22042083956, 12380.154158651156, 2907.878927773359, 0.0, 3.0, 0.0, 0.025, 0.09645575977718279, 0.5237693618458991, 0.4665826467632181, 0.04266523763655247, 0.3333333333333333, 0.3333333333333333, 6.716830598645363e-05, 0.3333333333333333, 0.3333333333333333, 0.05329087424668625, 0.3333333333333333, 0.3333333333333333, 0.0021412963083877745, 0.016262891806240076, 0.4946041480676322, 0.03849869260486053, 0.3333333333333333, 0.3333333333333333, 0.0, 0.0, 0.0, 0.030000000000000002, 0.255, 0.0, 0.0, 1.0];[1e+30, 1e+30, 1e+30, 1e+30, 1e+30, 1e+30, 1e+30, 1e+30, 1e+30, 1e+30, 1e+30, 1e+30, 1e+30, 1e+30, 1e+30];118.28367599996272
[22.315098761681906, 1563.5996649400681, 116.9690245109679];True;False;[0.0, 7.25, 1.4500000000000002, 0.0, 1.0, 31.74447065351939, 0.16311329406124292, 0.5, 17698.17451649604, 7404.185140165018, 10500.0, 0.0, 3.0, 0.0, 0.025, 0.009351142879792385, 0.9497671971935355, 0.0, 0.06134311865128496, 0.40311885116246604, 0.0, 0.05, 0.5, 0.5, 0.07451492659161237, 0.9596793775354594, 0.0, 0.038478537873761154, 0.6995596011323819, 0.0, 0.05, 0.5, 0.5, 0.0, 0.0, 0.0, 0.030000000000000002, 0.255, 0.0, 1.0, 1.0];[1.0894620204906138, -1.3805630024191362, 27.70846335545324, 0.7242865666518572, -0.7368867059387572, -2.2378836374452202, -12.512601378039415, -14.0, -0.05023280280646447, -0.596881148837534, 0.0, -0.0403206224645406, -0.3004403988676181, 0.0, 0.007933079929734466];16.312625600025058
[24.34691033846247, 1566.6224624473007, 116.87904659473708];True;False;[0.0, 7.25, 1.4500000000000002, 0.0, 2.0, 13.974638607713427, 0.1588177068983372, 0.589261099364166, 14246.999778047328, 9575.144061520768, 19398.398671788218, 0.0, 3.0, 0.0, 0.025, 0.024678120048832186, 0.15982665628199405, 0.7813102942728233, 0.061411014356067724, 0.3333333333333333, 0.3333333333333333, 0.04448338516303737, 0.3333333333333333, 0.3333333333333333, 0.07256872998552065, 0.4997382839992324, 0.2218584216198266, 0.040036791738801064, 0.019580159884447612, 0.4321920744999405, 0.07073808460393038, 0.3540759232674387, 0.5734350445643799, 0.0, 0.0, 0.0, 0.030000000000000002, 0.255, 0.0, 0.0, 2.0];[1.7878656433993934, -1.315884612189405, -2.8769317823164187, 0.5824018831378717, -0.7411822931016628, -12.88381108748406, -13.665899182743342, -10.050087741522972, -0.058863049445182725, -0.33333333333333337, -0.33333333333333337, -0.2784032943809409, -0.5482277656156118, -0.07248903216818148, -0.003332274852568262];63.390227299998514
[25.093083567935153, 1363.7082060679973, 117.42053181774257];True;False;[0.0, 7.25, 1.4500000000000002, 0.0, 1.0, 13.85582784920414, 0.2414843461022683, 0.5, 12437.76485179151, 11484.557070544539, 10500.0, 0.0, 3.0, 0.0, 0.025, 0.07617369987463614, 0.04734668253897739, 0.0, 0.06962639527630886, 0.8008905496312471, 0.0, 0.05, 0.5, 0.5, 0.0807078851850888, 0.0719370272981138, 0.0, 0.02360796088469639, 0.7192462293503978, 0.0, 0.05, 0.5, 0.5, 0.0, 0.0, 0.0, 0.030000000000000002, 0.255, 0.0, 0.0, 1.0];[1.1062675117293015, -1.376535799685648, -3.270742482046746, 0.6145991297991615, -0.6585156538977317, -8.402885501519574, -12.899713904860121, -14.0, -0.9526533174610226, -0.19910945036875294, 0.0, -0.9280629727018862, -0.28075377064960216, 0.0, 0.006410486705855201];46.599350700038485
[1e+30, 1e+30, 1e+30];False;False;[0.0, 7.25, 1.4500000000000002, 0.0, 0.0, 16.119846005735504, 0.5, 0.5, 15534.586984021764, 10500.0, 10500.0, 0.0, 3.0, 0.0, 0.025, 0.05298956464968712, 0.0, 0.0, 0.05, 0.5, 0.5, 0.05, 0.5, 0.5, 0.08550037280759916, 0.0, 0.0, 0.05, 0.5, 0.5, 0.05, 0.5, 0.5, 0.0, 0.0, 0.0, 0.030000000000000002, 0.255, 0.0, 0.0, 0.0];[1e+30, 1e+30, 1e+30, 1e+30, 1e+30, 1e+30, 1e+30, 1e+30, 1e+30, 1e+30, 1e+30, 1e+30, 1e+30, 1e+30, 1e+30];34.78349719999824
[30.09043252441727, 1068.6924981711284, 118.94696912861053];True;False;[0.0, 7.25, 1.4500000000000002, 0.0, 0.0, 9.158053931044938, 0.5, 0.5, 5579.966666702985, 10500.0, 10500.0, 0.0, 3.0, 0.0, 0.025, 0.021696122526373852, 0.0, 0.0, 0.05, 0.5, 0.5, 0.05, 0.5, 0.5, 0.05405117801173459, 0.0, 0.0, 0.05, 0.5, 0.5, 0.05, 0.5, 0.5, 0.0, 0.0, 0.0, 0.030000000000000002, 0.255, 0.0, 0.0, 0.0];[0.4132916220687788, -1.4543373890159321, -8.688429789501434, 0.5732846705272407, -0.4, -5.841946068955062, -14.0, -14.0, -1.0, 0.0, 0.0, -1.0, 0.0, 0.0, 0.025304692510183746];14.546116000041366
[25.589673122986312, 1313.4511059632061, 117.89273567672888];True;False;[0.0, 7.25, 1.4500000000000002, 0.0, 1.0, 14.26785219069085, 0.2156461845188434, 0.5, 10043.632493845296, 9526.04029403352, 10500.0, 0.0, 3.0, 0.0, 0.025, 0.061722825326533, 0.058372076012864996, 0.0, 0.06097376290765852, 0.6807878977270472, 0.0, 0.05, 0.5, 0.5, 0.03155397730369984, 0.5034491336598335, 0.0, 0.03737747404241326, 0.1715928371069777, 0.0, 0.05, 0.5, 0.5, 0.0, 0.0, 0.0, 0.030000000000000002, 0.255, 0.0, 0.0, 0.0];[1.0011599275666745, -1.4017233734517225, -2.798169172191031, 0.6555205393949977, -0.6843538154811566, -7.796154030252657, -13.019411818269171, -14.0, -0.941627923987135, -0.3192121022729528, 0.0, -0.49655086634016654, -0.8284071628930223, 0.0, 0.01608618847659482];20.439151800004765
[1e+30, 1e+30, 1e+30];False;False;[1.0, 10.380123486500162, 1.3464937796931424, 1.0, 0.0, 28.70579543135115, 0.5, 0.5, 8433.174233236143, 10500.0, 10500.0, 0.0, 3.0, 0.0, 0.025, 0.05326826958029675, 0.0, 0.0, 0.05, 0.5, 0.5, 0.05, 0.5, 0.5, 0.029886331260254913, 0.0, 0.0, 0.05, 0.5, 0.5, 0.05, 0.5, 0.5, 0.0, 1.0, 0.0, 0.013321237678251595, 0.1365618303797616, 59.0, 0.0, 0.0];[1e+30, 1e+30, 1e+30, 1e+30, 1e+30, 1e+30, 1e+30, 1e+30, 1e+30, 1e+30, 1e+30, 1e+30, 1e+30, 1e+30, 1e+30];61.771488299942575
[22.423646440431497, 1585.9045390467518, 116.69825637041748];True;False;[0.0, 7.25, 1.4500000000000002, 0.0, 1.0, 28.631811407455686, 0.2354417626103189, 0.5, 6705.50679180754, 11352.405983058296, 10500.0, 0.0, 3.0, 0.0, 0.025, 0.07608889247391853, 0.0676460211779431, 0.0, 0.04999949920219607, 0.9744776607217024, 0.0, 0.05, 0.5, 0.5, 0.08026866251897605, 0.6326355888981575, 0.0, 0.023645566869566093, 0.5541508302021171, 0.0, 0.05, 0.5, 0.5, 0.0, 0.0, 0.0, 0.030000000000000002, 0.255, 0.0, 0.0, 1.0];[1.1703000059614856, -1.361191301144009, 21.39967131584914, 0.6735350326653642, -0.6645582373896811, -5.35753773256898, -12.030653518431254, -14.0, -0.932353978822057, -0.025522339278297612, 0.0, -0.3673644111018425, -0.4458491697978829, 0.0, 0.0006917898935145939];18.864845099975355
[20.996534531398257, 1940.076485336908, 115.39995697040028];True;False;[0.0, 7.25, 1.4500000000000002, 0.0, 2.0, 28.26629392596916, 0.5898091193763269, 0.8401225028146114, 8079.491060754225, 11606.179883797986, 18705.193113233054, 0.0, 3.0, 0.0, 0.025, 0.09847169792091107, 0.011348793376440847, 0.7786900477037647, 0.015063834780297495, 0.29622121551709824, 0.47819792219423823, 0.07000755065337094, 0.0, 0.5702938040237536, 0.08021552169837116, 0.5895873632956682, 0.3362696511880415, 0.060398451403293966, 0.3446736293171754, 0.188477274953981, 0.05281914840230804, 0.36133693945927603, 0.04913842804160368, 0.0, 0.0, 0.0, 0.030000000000000002, 0.255, 0.0, 0.0, 2.0];[2.048727053542579, -1.2576328077074586, 22.983720286212687, 0.5769346567816518, -0.31019088062367317, -11.953814895004557, -11.953814895004559, -11.953814895004559, -0.2099611589197945, -0.22558086228866348, -0.4297061959762464, -0.07414298551629028, -0.4668490957288436, -0.5895246324991203, -0.02311649277695016];35.710936399991624
[1e+30, 1e+30, 1e+30];False;False;[0.0, 7.25, 1.4500000000000002, 0.0, 1.0, 11.004406130055179, 0.35154687549096164, 0.5, 14756.451972521254, 13352.546335134446, 10500.0, 0.0, 3.0, 0.0, 0.025, 0.09091692326663034, 0.4864370333944874, 0.0, 0.06906308509373046, 0.5819562558019966, 0.0, 0.05, 0.5, 0.5, 0.05322446643474253, 0.47376280356593253, 0.0, 0.0021412963083877745, 0.6458690900722359, 0.0, 0.05, 0.5, 0.5, 0.0, 0.0, 0.0, 0.030000000000000002, 0.255, 0.0, 1.0, 1.0];[1e+30, 1e+30, 1e+30, 1e+30, 1e+30, 1e+30, 1e+30, 1e+30, 1e+30, 1e+30, 1e+30, 1e+30, 1e+30, 1e+30, 1e+30];56.522398000000976
[23.933076741930687, 1274.1888952532952, 118.07483091539737];True;False;[0.0, 7.25, 1.4500000000000002, 0.0, 0.0, 28.449105722333734, 0.5, 0.5, 7810.395002622916, 10500.0, 10500.0, 0.0, 3.0, 0.0, 0.025, 0.0006429454358243963, 0.0, 0.0, 0.05, 0.5, 0.5, 0.05, 0.5, 0.5, 0.08059143639208431, 0.0, 0.0, 0.05, 0.5, 0.5, 0.05, 0.5, 0.5, 0.0, 0.0, 0.0, 0.030000000000000002, 0.255, 0.0, 0.0, 0.0];[0.37810722183858836, -1.4634008811280628, 17.44734013582285, 0.7978878149912516, -0.4, 13.449105722333734, -14.0, -14.0, -1.0, 0.0, 0.0, -1.0, 0.0, 0.0, 0.02909356587920564];4.765422499971464
[1e+30, 1e+30, 1e+30];False;False;[1.0, 5.079789770397251, 1.6968980696110703, 0.0, 2.0, 28.608477348378376, 0.6254868737434025, 0.26752901570652543, 17601.768595611487, 2366.0309862819404, 11057.033196674827, 0.0, 3.0, 1.0, 0.002120100529701737, 0.00794120714789553, 0.3333333333333333, 0.3333333333333333, 0.01571549306910678, 0.40311885116246604, 0.39538114044650874, 0.0336180700125985, 0.06530157763517519, 0.4126846308201214, 0.08852050056875357, 0.3333333333333333, 0.3333333333333333, 0.029733612736777507, 0.3333333333333333, 0.3333333333333333, 0.05283498260204192, 0.5706074726561825, 0.32317104013659437, 0.0, 0.0, 0.0, 0.030000000000000002, 0.255, 0.0, 2.0, 2.0];[1e+30, 1e+30, 1e+30, 1e+30, 1e+30, 1e+30, 1e+30, 1e+30, 1e+30, 1e+30, 1e+30, 1e+30, 1e+30, 1e+30, 1e+30];73.02153450006153
[23.592125570322725, 1314.171187916883, 117.62923421462958];True;False;[0.0, 7.25, 1.4500000000000002, 0.0, 0.0, 26.27882391175447, 0.5, 0.5, 5579.966666702985, 10500.0, 10500.0, 0.0, 3.0, 0.0, 0.025, 0.07662584308383118, 0.0, 0.0, 0.05, 0.5, 0.5, 0.05, 0.5, 0.5, 0.07459311134541123, 0.0, 0.0, 0.05, 0.5, 0.5, 0.05, 0.5, 0.5, 0.0, 0.0, 0.0, 0.030000000000000002, 0.255, 0.0, 0.0, 0.0];[0.4759650511928166, -1.4381927303947746, 13.642966705318734, 0.7441361072675174, -0.4, 11.278823911754468, -14.0, -14.0, -1.0, 0.0, 0.0, -1.0, 0.0, 0.0, 0.01868835857779605];4.348621099954471
[1e+30, 1e+30, 1e+30];False;False;[0.0, 7.25, 1.4500000000000002, 0.0, 1.0, 14.038592107558408, 0.5828845647100428, 0.5, 9170.843807577376, 12464.302412478715, 10500.0, 0.0, 3.0, 0.0, 0.025, 0.053192453951017585, 0.05876488690745951, 0.0, 0.06097376290765852, 0.2857599672170078, 0.0, 0.05, 0.5, 0.5, 0.0259908498038325, 0.43110009506386904, 0.0, 0.03993014364920196, 0.1686390174573108, 0.0, 0.05, 0.5, 0.5, 0.0, 0.0, 0.0, 0.030000000000000002, 0.255, 0.0, 1.0, 1.0];[1e+30, 1e+30, 1e+30, 1e+30, 1e+30, 1e+30, 1e+30, 1e+30, 1e+30, 1e+30, 1e+30, 1e+30, 1e+30, 1e+30, 1e+30];66.8742052000016
[1e+30, 1e+30, 1e+30];False;False;[0.0, 7.25, 1.4500000000000002, 0.0, 2.0, 14.370257756149762, 0.5904370765453884, 0.6064728398042196, 8079.491060754225, 7958.620530268591, 9019.18644672044, 0.0, 3.0, 1.0, 0.0332934398099201, 0.09094685341641821, 0.3333333333333333, 0.3333333333333333, 0.048725193460943346, 0.29622121551709824, 0.4961597362797967, 0.06783560765338442, 0.3333333333333333, 0.3333333333333333, 0.0802169262612942, 0.3333333333333333, 0.3333333333333333, 0.060398451403293966, 0.3333333333333333, 0.3333333333333333, 0.05632278754335292, 0.5713129542041713, 0.038110433484873946, 0.0, 0.0, 0.0, 0.030000000000000002, 0.255, 0.0, 1.0, 1.0];[1e+30, 1e+30, 1e+30, 1e+30, 1e+30, 1e+30, 1e+30, 1e+30, 1e+30, 1e+30, 1e+30, 1e+30, 1e+30, 1e+30, 1e+30];104.4388727999758
[1e+30, 1e+30, 1e+30];False;False;[0.0, 7.25, 1.4500000000000002, 0.0, 1.0, 11.511056324329386, 0.2334397682958363, 0.5, 8599.186707147044, 11352.405983058296, 10500.0, 0.0, 3.0, 0.0, 0.025, 0.0182927502100484, 0.0676460211779431, 0.0, 0.0808015407372882, 0.962624529249608, 0.0, 0.05, 0.5, 0.5, 0.08026866251897605, 0.6389365440119301, 0.0, 0.02360796088469639, 0.8012962180234999, 0.0, 0.05, 0.5, 0.5, 0.0, 0.0, 0.0, 0.030000000000000002, 0.255, 0.0, 0.0, 1.0];[1e+30, 1e+30, 1e+30, 1e+30, 1e+30, 1e+30, 1e+30, 1e+30, 1e+30, 1e+30, 1e+30, 1e+30, 1e+30, 1e+30, 1e+30];68.60793409997132
[23.719322131623564, 1293.550485085251, 117.91539462128827];True;False;[0.0, 7.25, 1.4500000000000002, 0.0, 0.0, 28.608477348378376, 0.5, 0.5, 10107.54616367212, 10500.0, 10500.0, 0.0, 3.0, 0.0, 0.025, 0.012841648820001338, 0.0, 0.0, 0.05, 0.5, 0.5, 0.05, 0.5, 0.5, 0.08782101196694332, 0.0, 0.0, 0.05, 0.5, 0.5, 0.05, 0.5, 0.5, 0.0, 0.0, 0.0, 0.030000000000000002, 0.255, 0.0, 0.0, 0.0];[0.4087063369538093, -1.4555185572381963, 17.735448714844424, 0.785105840856787, -0.4, 13.608477348378376, -14.0, -14.0, -1.0, 0.0, 0.0, -1.0, 0.0, 0.0, 0.025795386314628743];4.52728139993269
[24.06209384689818, 1265.1225361166469, 118.11775939570452];True;False;[0.0, 7.25, 1.4500000000000002, 0.0, 0.0, 27.64536581677152, 0.5, 0.5, 9955.509691225445, 10500.0, 10500.0, 0.0, 3.0, 0.0, 0.025, 0.05442121053148152, 0.0, 0.0, 0.05, 0.5, 0.5, 0.05, 0.5, 0.5, 0.02795082264903436, 0.0, 0.0, 0.05, 0.5, 0.5, 0.05, 0.5, 0.5, 0.0, 0.0, 0.0, 0.030000000000000002, 0.255, 0.0, 0.0, 0.0];[0.3735157195799159, -1.4645836508848915, 16.01260334014061, 0.7958151664145721, -0.4, 12.64536581677152, -14.0, -14.0, -1.0, 0.0, 0.0, -1.0, 0.0, 0.0, 0.029592042634503657];4.98721629998181
[27.37551589839011, 1123.5233910026964, 118.68596114429974];True;False;[0.0, 7.25, 1.4500000000000002, 0.0, 0.0, 13.641356864799503, 0.5, 0.5, 5843.11312376972, 10500.0, 10500.0, 0.0, 3.0, 0.0, 0.025, 0.018829319552697732, 0.0, 0.0, 0.05, 0.5, 0.5, 0.05, 0.5, 0.5, 0.07459311134541123, 0.0, 0.0, 0.05, 0.5, 0.5, 0.05, 0.5, 0.5, 0.0, 0.0, 0.0, 0.030000000000000002, 0.255, 0.0, 0.0, 0.0];[0.378522991749235, -1.4632937789100098, -4.154605663280764, 0.6723229551790679, -0.4, -1.3586431352004968, -14.0, -14.0, -1.0, 0.0, 0.0, -1.0, 0.0, 0.0, 0.029048474119881207];7.872143900021911
[26.475968907993217, 1170.7315386722016, 118.25595316016334];True;False;[0.0, 7.25, 1.4500000000000002, 0.0, 0.0, 14.412904475063225, 0.5, 0.5, 14843.592644726757, 10500.0, 10500.0, 0.0, 3.0, 0.0, 0.025, 0.09023434204515772, 0.0, 0.0, 0.05, 0.5, 0.5, 0.05, 0.5, 0.5, 0.05322446643474253, 0.0, 0.0, 0.05, 0.5, 0.5, 0.05, 0.5, 0.5, 0.0, 0.0, 0.0, 0.030000000000000002, 0.255, 0.0, 0.0, 0.0];[0.4484040402059355, -1.4452924394717523, -3.2798798398113203, 0.6583592239184757, -0.4, -0.5870955249367746, -14.0, -14.0, -1.0, 0.0, 0.0, -1.0, 0.0, 0.0, 0.02157728507478185];7.371945500024594
[10.901562372907453, 3056.867979447956, 107.74769574662585];True;False;[1.0, 4.873816241333649, 1.6266542957858054, 0.0, 1.0, 28.259360463696993, 0.21404436904338567, 0.5, 17518.20431730633, 11625.96922865272, 10500.0, 0.0, 3.0, 0.0, 0.025, 0.0594847494740217, 0.5876451641447329, 0.0, 0.06414753928162949, 0.40311885116246604, 0.0, 0.05, 0.5, 0.5, 0.021845301517723584, 0.5521692424429219, 0.0, 0.029767706282664275, 0.2991405913006099, 0.0, 0.05, 0.5, 0.5, 0.0, 1.0, 1.0, 0.015611848837617069, 0.25666687564530893, 93.0, 1.0, 1.0];[0.13093609779265325, -0.2222531022178975, 19.866449443815746, 1.3322676295501878e-15, -0.6859556309566144, -7.013055921861557, -12.824863976470043, -14.0, -0.4123548358552671, -0.596881148837534, 0.0, -0.44783075755707813, -0.7008594086993901, 0.0, -0.19238334826103815];18.8279179999372
[23.858969017465487, 1281.7132508304073, 117.99953348587597];True;False;[0.0, 7.25, 1.4500000000000002, 0.0, 0.0, 28.21708942683501, 0.5, 0.5, 13299.509031224652, 10500.0, 10500.0, 0.0, 3.0, 0.0, 0.025, 0.01854123775429329, 0.0, 0.0, 0.05, 0.5, 0.5, 0.05, 0.5, 0.5, 0.07459311134541123, 0.0, 0.0, 0.05, 0.5, 0.5, 0.05, 0.5, 0.5, 0.0, 0.0, 0.0, 0.030000000000000002, 0.255, 0.0, 0.0, 0.0];[0.393973797009072, -1.4593136555973347, 17.03004789168532, 0.7897082774611326, -0.4, 13.21708942683501, -14.0, -14.0, -1.0, 0.0, 0.0, -1.0, 0.0, 0.0, 0.027378210794884894];4.7489038000348955
[27.20949332981104, 1129.4343099924404, 118.64544404981349];True;False;[0.0, 7.25, 1.4500000000000002, 0.0, 0.0, 13.944637350037802, 0.5, 0.5, 14129.518900595644, 10500.0, 10500.0, 0.0, 3.0, 0.0, 0.025, 0.024678120048832186, 0.0, 0.0, 0.05, 0.5, 0.5, 0.05, 0.5, 0.5, 0.07256872998552065, 0.0, 0.0, 0.05, 0.5, 0.5, 0.05, 0.5, 0.5, 0.0, 0.0, 0.0, 0.030000000000000002, 0.255, 0.0, 0.0, 0.0];[0.38191437566914566, -1.4624201593170594, -3.8140590773016836, 0.6755495460038055, -0.4, -1.0553626499621984, -14.0, -14.0, -1.0, 0.0, 0.0, -1.0, 0.0, 0.0, 0.028680953030834178];8.97623010003008
[1e+30, 1e+30, 1e+30];False;False;[0.0, 7.25, 1.4500000000000002, 0.0, 0.0, 8.511727007612333, 0.5, 0.5, 14346.903260505358, 10500.0, 10500.0, 0.0, 3.0, 0.0, 0.025, 0.021696122526373852, 0.0, 0.0, 0.05, 0.5, 0.5, 0.05, 0.5, 0.5, 0.05405117801173459, 0.0, 0.0, 0.05, 0.5, 0.5, 0.05, 0.5, 0.5, 0.0, 0.0, 0.0, 0.030000000000000002, 0.255, 0.0, 0.0, 0.0];[1e+30, 1e+30, 1e+30, 1e+30, 1e+30, 1e+30, 1e+30, 1e+30, 1e+30, 1e+30, 1e+30, 1e+30, 1e+30, 1e+30, 1e+30];29.828921400010586
[1e+30, 1e+30, 1e+30];False;False;[0.0, 7.25, 1.4500000000000002, 0.0, 0.0, 11.201884394527642, 0.5, 0.5, 14473.65340886323, 10500.0, 10500.0, 0.0, 3.0, 0.0, 0.025, 0.0006422553758783089, 0.0, 0.0, 0.05, 0.5, 0.5, 0.05, 0.5, 0.5, 0.016250140413250045, 0.0, 0.0, 0.05, 0.5, 0.5, 0.05, 0.5, 0.5, 0.0, 0.0, 0.0, 0.030000000000000002, 0.255, 0.0, 0.0, 0.0];[1e+30, 1e+30, 1e+30, 1e+30, 1e+30, 1e+30, 1e+30, 1e+30, 1e+30, 1e+30, 1e+30, 1e+30, 1e+30, 1e+30, 1e+30];31.218802899937145
[25.55706542382076, 1311.3621866016542, 117.90614928982433];True;False;[0.0, 7.25, 1.4500000000000002, 0.0, 1.0, 14.26785219069085, 0.2156461845188434, 0.5, 10043.632493845296, 9526.04029403352, 10500.0, 0.0, 3.0, 0.0, 0.025, 0.061722825326533, 0.05175826311546533, 0.0, 0.06097376290765852, 0.6807878977270472, 0.0, 0.05, 0.5, 0.5, 0.031734197242235765, 0.5034491336598335, 0.0, 0.03737747404241326, 0.1715928371069777, 0.0, 0.05, 0.5, 0.5, 0.0, 0.0, 0.0, 0.030000000000000002, 0.255, 0.0, 0.0, 1.0];[0.997261836889261, -1.4026574967813248, -2.7981691721910646, 0.6579463748263301, -0.6843538154811566, -7.796154030252657, -13.019411818269171, -14.0, -0.9482417368845346, -0.3192121022729528, 0.0, -0.49655086634016654, -0.8284071628930223, 0.0, 0.016452143531991648];20.448234700015746
[28.272591643623166, 1117.851244294328, 118.54932485395948];True;False;[0.0, 7.25, 1.4500000000000002, 0.0, 0.0, 11.004406130055179, 0.5, 0.5, 10577.482733491606, 10500.0, 10500.0, 0.0, 3.0, 0.0, 0.025, 0.06902632753464077, 0.0, 0.0, 0.05, 0.5, 0.5, 0.05, 0.5, 0.5, 0.053159767391165166, 0.0, 0.0, 0.05, 0.5, 0.5, 0.05, 0.5, 0.5, 0.0, 0.0, 0.0, 0.030000000000000002, 0.255, 0.0, 0.0, 0.0];[0.4458282602126227, -1.4459559597108111, -6.9352855822847985, 0.6049381434973682, -0.4, -3.9955938699448215, -14.0, -14.0, -1.0, 0.0, 0.0, -1.0, 0.0, 0.0, 0.02184892174819031];31.939137100009248
[10.003465276994525, 3318.637310068046, 109.45379928148327];True;False;[1.0, 5.079789770397251, 1.6902116348151606, 0.0, 2.0, 27.738976434403632, 0.6244987552228237, 0.8899219818599865, 17601.768595611487, 2366.0309862819404, 11057.033196674827, 0.0, 3.0, 0.0, 0.025, 0.009318304416055748, 0.3333333333333333, 0.3333333333333333, 0.01571549306910678, 0.40311885116246604, 0.3924965180907238, 0.04795953223045357, 0.06530157763517519, 0.4126846308201214, 0.08852050056875357, 0.3333333333333333, 0.3333333333333333, 0.029766991179239023, 0.3333333333333333, 0.3333333333333333, 0.05793737380054417, 0.5706074726561825, 0.3236602717394382, 0.0, 0.0, 0.0, 0.030000000000000002, 0.255, 0.0, 2.0, 2.0];[0.6386499261615164, -0.15773985148600866, 21.08811790673448, -0.21223049651756487, -0.2755012447771763, -12.45873601547527, -12.45873601547527, -12.45873601547527, -0.33333333333333337, -0.20438463074681024, -0.5220137915447034, -0.33333333333333337, -0.33333333333333337, -0.10573225560437938, -0.19955699331774968];61.57986769999843
[1e+30, 1e+30, 1e+30];False;False;[0.0, 7.25, 1.4500000000000002, 0.0, 0.0, 7.6084309919861415, 0.5, 0.5, 8443.521478226998, 10500.0, 10500.0, 0.0, 3.0, 0.0, 0.025, 0.07711939173426174, 0.0, 0.0, 0.05, 0.5, 0.5, 0.05, 0.5, 0.5, 0.08026866251897605, 0.0, 0.0, 0.05, 0.5, 0.5, 0.05, 0.5, 0.5, 0.0, 0.0, 0.0, 0.030000000000000002, 0.255, 0.0, 0.0, 0.0];[1e+30, 1e+30, 1e+30, 1e+30, 1e+30, 1e+30, 1e+30, 1e+30, 1e+30, 1e+30, 1e+30, 1e+30, 1e+30, 1e+30, 1e+30];50.91449910006486
[1e+30, 1e+30, 1e+30];False;False;[1.0, 4.522995418139917, 1.5958112090056757, 1.0, 2.0, 26.72164341255898, 0.21918799880671008, 0.8536776329906035, 17538.405282485455, 9371.975932094847, 6833.298986250222, 0.0, 3.0, 0.0, 0.025, 0.05395665397279093, 0.07139261232436678, 0.4915202155277366, 0.012288922326083626, 0.3333333333333333, 0.3333333333333333, 0.047973720764784615, 0.4043725053129287, 0.3773911929378313, 0.05678436789263061, 0.2765411008516765, 0.3121880527254229, 0.06450355440475047, 0.16627515529079123, 0.7008206784348398, 0.05595694083290259, 0.5217560819738781, 0.3232583755285752, 0.0, 0.0, 0.0, 0.030000000000000002, 0.255, 0.0, 0.0, 2.0];[1e+30, 1e+30, 1e+30, 1e+30, 1e+30, 1e+30, 1e+30, 1e+30, 1e+30, 1e+30, 1e+30, 1e+30, 1e+30, 1e+30, 1e+30];118.54868379991967
[1e+30, 1e+30, 1e+30];False;False;[0.0, 7.25, 1.4500000000000002, 0.0, 2.0, 9.813743113925389, 0.7840569589324489, 0.23731718227253848, 14451.059473580039, 7495.5607381219725, 1580.8968906729842, 0.0, 3.0, 0.0, 0.025, 0.09338018362217712, 0.3333333333333333, 0.3333333333333333, 0.06106246392765413, 0.0155750806789616, 0.6090877919509519, 0.08216756608781914, 0.3333333333333333, 0.3333333333333333, 0.07531770214473427, 0.41553545764219413, 0.09502205975751962, 0.052683575034150686, 0.36700417461499113, 0.5673342273976193, 0.017391076569907835, 0.1661458368206603, 0.5776172891440858, 0.0, 0.0, 0.0, 0.030000000000000002, 0.255, 0.0, 1.0, 1.0];[1e+30, 1e+30, 1e+30, 1e+30, 1e+30, 1e+30, 1e+30, 1e+30, 1e+30, 1e+30, 1e+30, 1e+30, 1e+30, 1e+30, 1e+30];156.2475936000701
[1e+30, 1e+30, 1e+30];False;False;[0.0, 7.25, 1.4500000000000002, 0.0, 0.0, 11.004406130055179, 0.5, 0.5, 14707.29155329606, 10500.0, 10500.0, 0.0, 3.0, 0.0, 0.025, 0.06902632753464077, 0.0, 0.0, 0.05, 0.5, 0.5, 0.05, 0.5, 0.5, 0.03107792030036248, 0.0, 0.0, 0.05, 0.5, 0.5, 0.05, 0.5, 0.5, 0.0, 0.0, 0.0, 0.030000000000000002, 0.255, 0.0, 0.0, 0.0];[1e+30, 1e+30, 1e+30, 1e+30, 1e+30, 1e+30, 1e+30, 1e+30, 1e+30, 1e+30, 1e+30, 1e+30, 1e+30, 1e+30, 1e+30];47.79417730006389
[1e+30, 1e+30, 1e+30];False;False;[0.0, 7.25, 1.4500000000000002, 0.0, 2.0, 13.870783648707429, 0.3416343193090987, 0.19993354699704202, 10881.577051903216, 17934.094105883185, 3591.203402929462, 0.0, 3.0, 1.0, 0.02365252322517202, 0.017244058697156367, 0.3333333333333333, 0.3333333333333333, 0.0696196790687733, 0.3333333333333333, 0.3333333333333333, 0.03639926839188691, 0.3333333333333333, 0.3333333333333333, 0.06722023267772488, 0.07567556101224193, 0.3648267451539635, 0.0527555098224966, 0.3333333333333333, 0.3333333333333333, 0.05256185157181996, 0.3333333333333333, 0.3333333333333333, 0.0, 0.0, 0.0, 0.030000000000000002, 0.255, 0.0, 0.0, 0.0];[1e+30, 1e+30, 1e+30, 1e+30, 1e+30, 1e+30, 1e+30, 1e+30, 1e+30, 1e+30, 1e+30, 1e+30, 1e+30, 1e+30, 1e+30];131.74866040004417
[1e+30, 1e+30, 1e+30];False;False;[0.0, 7.25, 1.4500000000000002, 0.0, 1.0, 13.85582784920414, 0.5709150293016095, 0.5, 12437.76485179151, 11484.557070544539, 10500.0, 0.0, 3.0, 0.0, 0.025, 0.0985698724802122, 0.8307860637179112, 0.0, 0.07004319753151526, 0.8008905496312471, 0.0, 0.05, 0.5, 0.5, 0.0807078851850888, 0.07304832837153474, 0.0, 0.06328752645322966, 0.7192462293503978, 0.0, 0.05, 0.5, 0.5, 0.0, 0.0, 0.0, 0.030000000000000002, 0.255, 0.0, 1.0, 1.0];[1e+30, 1e+30, 1e+30, 1e+30, 1e+30, 1e+30, 1e+30, 1e+30, 1e+30, 1e+30, 1e+30, 1e+30, 1e+30, 1e+30, 1e+30];58.734793100040406
[1e+30, 1e+30, 1e+30];False;False;[0.0, 7.25, 1.4500000000000002, 0.0, 0.0, 13.847263003657776, 0.5, 0.5, 14285.415110675449, 10500.0, 10500.0, 0.0, 3.0, 0.0, 0.025, 0.0006429454358243963, 0.0, 0.0, 0.05, 0.5, 0.5, 0.05, 0.5, 0.5, 0.024920234719984995, 0.0, 0.0, 0.05, 0.5, 0.5, 0.05, 0.5, 0.5, 0.0, 0.0, 0.0, 0.030000000000000002, 0.255, 0.0, 0.0, 0.0];[1e+30, 1e+30, 1e+30, 1e+30, 1e+30, 1e+30, 1e+30, 1e+30, 1e+30, 1e+30, 1e+30, 1e+30, 1e+30, 1e+30, 1e+30];24.464352400042117
[27.155555260235502, 1128.3803350074802, 118.67854454742303];True;False;[0.0, 7.25, 1.4500000000000002, 0.0, 0.0, 14.26785219069085, 0.5, 0.5, 10127.152315028465, 10500.0, 10500.0, 0.0, 3.0, 0.0, 0.025, 0.002273974078346574, 0.0, 0.0, 0.05, 0.5, 0.5, 0.05, 0.5, 0.5, 0.08771721880318759, 0.0, 0.0, 0.05, 0.5, 0.5, 0.05, 0.5, 0.5, 0.0, 0.0, 0.0, 0.030000000000000002, 0.255, 0.0, 0.0, 0.0];[0.3715208154182488, -1.4650975376647029, -3.446435347338163, 0.683803067249316, -0.4, -0.7321478093091507, -14.0, -14.0, -1.0, 0.0, 0.0, -1.0, 0.0, 0.0, 0.029808912357507822];8.840864900033921
[1e+30, 1e+30, 1e+30];False;False;[0.0, 7.25, 1.4500000000000002, 0.0, 0.0, 11.004406130055179, 0.5, 0.5, 14707.29155329606, 10500.0, 10500.0, 0.0, 3.0, 0.0, 0.025, 0.02719778924966329, 0.0, 0.0, 0.05, 0.5, 0.5, 0.05, 0.5, 0.5, 0.05444336461975588, 0.0, 0.0, 0.05, 0.5, 0.5, 0.05, 0.5, 0.5, 0.0, 0.0, 0.0, 0.030000000000000002, 0.255, 0.0, 0.0, 0.0];[1e+30, 1e+30, 1e+30, 1e+30, 1e+30, 1e+30, 1e+30, 1e+30, 1e+30, 1e+30, 1e+30, 1e+30, 1e+30, 1e+30, 1e+30];42.110840899986215
[11.693165760170919, 5562.263157192613, 106.49161752933387];True;False;[1.0, 10.499193026787689, 1.125694033097098, 0.0, 0.0, 28.797714587949272, 0.5, 0.5, 5579.966666702985, 10500.0, 10500.0, 0.0, 3.0, 0.0, 0.025, 0.019042209544097587, 0.0, 0.0, 0.05, 0.5, 0.5, 0.05, 0.5, 0.5, 0.07872765659508266, 0.0, 0.0, 0.05, 0.5, 0.5, 0.05, 0.5, 0.5, 0.0, 1.0, 0.0, 0.046823818390289706, 0.26204486211577444, 93.0, 0.0, 0.0];[0.5346654198371992, 0.6364363757501001, 14.584844727733412, -1.1102230246251565e-16, -0.4, 10.582186403457019, -14.0, -14.0, -1.0, 0.0, 0.0, -1.0, 0.0, 0.0, -0.27110701738883575];14.20453600003384
[28.250086511829224, 1070.3284366097155, 119.26305928178188];True;False;[0.0, 7.25, 1.4500000000000002, 0.0, 0.0, 13.847263003657776, 0.5, 0.5, 10629.604154264765, 10500.0, 10500.0, 0.0, 3.0, 0.0, 0.025, 0.000758898109705676, 0.0, 0.0, 0.05, 0.5, 0.5, 0.05, 0.5, 0.5, 0.016250140413250045, 0.0, 0.0, 0.05, 0.5, 0.5, 0.05, 0.5, 0.5, 0.0, 0.0, 0.0, 0.030000000000000002, 0.255, 0.0, 0.0, 0.0];[0.26882608658455887, -1.4915516724134201, -3.92386332565275, 0.7139061896077881, -0.4, -1.1527369963422238, -14.0, -14.0, -1.0, 0.0, 0.0, -1.0, 0.0, 0.0, 0.04121813164971211];22.75244609999936
[1e+30, 1e+30, 1e+30];False;False;[0.0, 7.25, 1.4500000000000002, 0.0, 1.0, 14.376360988764512, 0.5131076070511933, 0.5, 8677.693699204567, 9398.924204257655, 10500.0, 0.0, 3.0, 0.0, 0.025, 0.07494494328911604, 0.06435630515126337, 0.0, 0.06109212631399206, 0.9744776607217024, 0.0, 0.05, 0.5, 0.5, 0.08164992837295901, 0.508785286209444, 0.0, 0.05840417338857668, 0.7192462293503978, 0.0, 0.05, 0.5, 0.5, 0.0, 0.0, 0.0, 0.030000000000000002, 0.255, 0.0, 0.0, 1.0];[1e+30, 1e+30, 1e+30, 1e+30, 1e+30, 1e+30, 1e+30, 1e+30, 1e+30, 1e+30, 1e+30, 1e+30, 1e+30, 1e+30, 1e+30];31.565128299989738
[1e+30, 1e+30, 1e+30];False;False;[0.0, 7.25, 1.4500000000000002, 0.0, 2.0, 9.813743113925389, 0.7840569589324489, 0.5897186796442786, 14224.655361474808, 7495.5607381219725, 1582.5263208989345, 0.0, 3.0, 0.0, 0.025, 0.09153801987190482, 0.3333333333333333, 0.3333333333333333, 0.06141392401359551, 0.3333333333333333, 0.3333333333333333, 0.045400989539785705, 0.3333333333333333, 0.3333333333333333, 0.07531770214473427, 0.04645592048954966, 0.49933115178409815, 0.037637749444901614, 0.03961625519715281, 0.5615656881690716, 0.008929958876224898, 0.16358955000180475, 0.5774238820762573, 0.0, 0.0, 0.0, 0.030000000000000002, 0.255, 0.0, 0.0, 0.0];[1e+30, 1e+30, 1e+30, 1e+30, 1e+30, 1e+30, 1e+30, 1e+30, 1e+30, 1e+30, 1e+30, 1e+30, 1e+30, 1e+30, 1e+30];101.84286690002773
[1e+30, 1e+30, 1e+30];False;False;[0.0, 7.25, 1.4500000000000002, 0.0, 1.0, 13.797060057839147, 0.23382006384383225, 0.5, 12455.5865507743, 7971.409180277643, 10500.0, 0.0, 3.0, 0.0, 0.025, 0.07617369987463614, 0.04734668253897739, 0.0, 0.06202613161356312, 0.8007324682435328, 0.0, 0.05, 0.5, 0.5, 0.06626136701206885, 0.0695456394717377, 0.0, 0.02360796088469639, 0.7017073412901077, 0.0, 0.05, 0.5, 0.5, 0.0, 0.0, 0.0, 0.030000000000000002, 0.255, 0.0, 0.0, 1.0];[1e+30, 1e+30, 1e+30, 1e+30, 1e+30, 1e+30, 1e+30, 1e+30, 1e+30, 1e+30, 1e+30, 1e+30, 1e+30, 1e+30, 1e+30];68.88075040001422
[1e+30, 1e+30, 1e+30];False;False;[0.0, 7.25, 1.4500000000000002, 0.0, 0.0, 15.237649388312832, 0.5, 0.5, 10106.951106830571, 10500.0, 10500.0, 0.0, 3.0, 0.0, 0.025, 0.010370102504968021, 0.0, 0.0, 0.05, 0.5, 0.5, 0.05, 0.5, 0.5, 0.027364327498223012, 0.0, 0.0, 0.05, 0.5, 0.5, 0.05, 0.5, 0.5, 0.0, 0.0, 0.0, 0.030000000000000002, 0.255, 0.0, 0.0, 0.0];[1e+30, 1e+30, 1e+30, 1e+30, 1e+30, 1e+30, 1e+30, 1e+30, 1e+30, 1e+30, 1e+30, 1e+30, 1e+30, 1e+30, 1e+30];28.430648900102824
[27.004113071473945, 1146.6790489592054, 118.44628158720053];True;False;[0.0, 7.25, 1.4500000000000002, 0.0, 0.0, 13.64978473918531, 0.5, 0.5, 11089.405547946837, 10500.0, 10500.0, 0.0, 3.0, 0.0, 0.025, 0.07098919049961289, 0.0, 0.0, 0.05, 0.5, 0.5, 0.05, 0.5, 0.5, 0.05322446643474253, 0.0, 0.0, 0.05, 0.5, 0.5, 0.05, 0.5, 0.5, 0.0, 0.0, 0.0, 0.030000000000000002, 0.255, 0.0, 0.0, 0.0];[0.4228599009450109, -1.451872602930217, -4.145199824043615, 0.656930655436208, -0.4, -1.3502152608146893, -14.0, -14.0, -1.0, 0.0, 0.0, -1.0, 0.0, 0.0, 0.024283688074941412];8.64547600003425
[1e+30, 1e+30, 1e+30];False;False;[0.0, 7.25, 1.4500000000000002, 0.0, 1.0, 10.690976793507405, 0.5391297593059927, 0.5, 9223.69975561052, 12329.70613069802, 10500.0, 0.0, 3.0, 0.0, 0.025, 0.053192453951017585, 0.47880916191768075, 0.0, 0.041993537032660656, 0.48452261893274773, 0.0, 0.05, 0.5, 0.5, 0.02933239070774705, 0.5064197797598378, 0.0, 0.04227924490050519, 0.0, 0.0, 0.05, 0.5, 0.5, 0.0, 0.0, 0.0, 0.030000000000000002, 0.255, 0.0, 1.0, 1.0];[1e+30, 1e+30, 1e+30, 1e+30, 1e+30, 1e+30, 1e+30, 1e+30, 1e+30, 1e+30, 1e+30, 1e+30, 1e+30, 1e+30, 1e+30];62.57279829995241
[26.977355314456698, 1468.0304171868343, 117.22055319961964];True;False;[0.0, 7.25, 1.4500000000000002, 0.0, 2.0, 9.035987094486632, 0.27317934157853596, 0.41196081423489445, 12415.040511016963, 2619.8906918866437, 8064.667704017587, 0.0, 3.0, 0.0, 0.025, 0.018195927945306348, 0.3333333333333333, 0.3333333333333333, 0.06925548224007162, 0.3333333333333333, 0.3333333333333333, 0.03853432141451208, 0.3333333333333333, 0.3333333333333333, 0.06630589226473652, 0.07567556101224193, 0.3589906899028162, 0.06483074512345392, 0.3333333333333333, 0.3333333333333333, 0.03201127649601596, 0.3333333333333333, 0.3333333333333333, 0.0, 0.0, 0.0, 0.030000000000000002, 0.255, 0.0, 0.0, 0.0];[1.8101355595928714, -1.3109116159795793, -8.392926956234211, 0.49657918477886076, -0.6268206584214641, -13.003349134006537, -13.267661694543982, -12.387593458853145, -0.33333333333333337, -0.33333333333333337, -0.33333333333333337, -0.5653337490849419, -0.33333333333333337, -0.33333333333333337, -0.005085129210542494];97.54342759994324
[36.56773801332494, 1092.4583018465992, 122.20109029059904];True;False;[0.0, 7.25, 1.4500000000000002, 0.0, 2.0, 14.620965531669103, 0.1588177068983372, 0.6500461758969167, 5480.06537097779, 9575.144061520768, 19396.86328893198, 0.0, 3.0, 1.0, 0.03952288987433928, 0.024678120048832186, 0.15982665628199405, 0.7813102942728233, 0.061411014356067724, 0.3333333333333333, 0.3333333333333333, 0.04448338516303737, 0.5122456376218755, 0.10405308925921408, 0.07256872998552065, 0.4997382839992324, 0.2218584216198266, 0.06392249382952182, 0.0, 0.4321920744999405, 0.07073808460393038, 0.3540759232674387, 0.5734350445643799, 0.0, 0.0, 0.0, 0.030000000000000002, 0.255, 0.0, 0.0, 2.0];[1.2131622168749194, -1.5290364654931143, 273.06631936176615, 0.7936237415687786, -0.7411822931016628, -13.270424673969545, -13.562871365154633, -9.117784524170283, -0.058863049445182725, -0.33333333333333337, -0.38370127311891045, -0.2784032943809409, -0.5678079255000594, -0.07248903216818148, 0.10129185681217123];72.30366619990673
[27.490232033270406, 1120.2503293887794, 118.70270714167152];True;False;[0.0, 7.25, 1.4500000000000002, 0.0, 0.0, 13.390933976391713, 0.5, 0.5, 12943.516016168316, 10500.0, 10500.0, 0.0, 3.0, 0.0, 0.025, 0.018107632987568352, 0.0, 0.0, 0.05, 0.5, 0.5, 0.05, 0.5, 0.5, 0.07441288921192299, 0.0, 0.0, 0.05, 0.5, 0.5, 0.05, 0.5, 0.5, 0.0, 0.0, 0.0, 0.030000000000000002, 0.255, 0.0, 0.0, 0.0];[0.3789278147860662, -1.4631894966037242, -4.432583576257803, 0.6684172868218687, -0.4, -1.6090660236082872, -14.0, -14.0, -1.0, 0.0, 0.0, -1.0, 0.0, 0.0, 0.02900457697319947];9.035268799983896
[27.214408546350445, 1124.73348729426, 118.71633412377966];True;False;[0.0, 7.25, 1.4500000000000002, 0.0, 0.0, 14.26785219069085, 0.5, 0.5, 9160.947275505097, 10500.0, 10500.0, 0.0, 3.0, 0.0, 0.025, 0.053192453951017585, 0.0, 0.0, 0.05, 0.5, 0.5, 0.05, 0.5, 0.5, 0.03397836867124775, 0.0, 0.0, 0.05, 0.5, 0.5, 0.05, 0.5, 0.5, 0.0, 0.0, 0.0, 0.030000000000000002, 0.255, 0.0, 0.0, 0.0];[0.3644982611286576, -1.466906545776087, -3.4464353473381486, 0.6863019198572415, -0.4, -0.7321478093091507, -14.0, -14.0, -1.0, 0.0, 0.0, -1.0, 0.0, 0.0, 0.03057376243050669];9.679460200015455
[1e+30, 1e+30, 1e+30];False;False;[1.0, 5.317949324298459, 1.46251012112269, 1.0, 1.0, 13.433205051539467, 0.2070068632490082, 0.5, 16833.61376507673, 4274.488295977077, 10500.0, 0.0, 3.0, 0.0, 0.025, 0.008936492309121913, 0.925027325727881, 0.0, 0.014525175456214401, 0.40311885116246604, 0.0, 0.05, 0.5, 0.5, 0.08024237650193863, 0.9522351103764299, 0.0, 0.029767706282664275, 0.2991405913006099, 0.0, 0.05, 0.5, 0.5, 0.0, 0.0, 0.0, 0.030000000000000002, 0.255, 0.0, 1.0, 1.0];[1e+30, 1e+30, 1e+30, 1e+30, 1e+30, 1e+30, 1e+30, 1e+30, 1e+30, 1e+30, 1e+30, 1e+30, 1e+30, 1e+30, 1e+30];41.01145180000458
[1e+30, 1e+30, 1e+30];False;False;[1.0, 5.008883576658006, 1.4680912700716986, 1.0, 2.0, 14.26785219069085, 0.5436782104553294, 0.27151793540069824, 17537.81023280239, 9424.943339327574, 18007.48313353922, 0.0, 3.0, 0.0, 0.025, 0.04970390676777295, 0.3333333333333333, 0.3333333333333333, 0.06467486412934492, 0.3333333333333333, 0.3333333333333333, 0.04469425231360773, 0.3333333333333333, 0.3333333333333333, 0.030027123749486993, 0.3333333333333333, 0.3333333333333333, 0.05799880384878288, 0.1715928371069777, 0.4301716013373933, 0.03176171136339693, 0.3333333333333333, 0.3333333333333333, 1.0, 1.0, 2.0, 0.01627550868539565, 0.14339946477508247, 58.0, 2.0, 0.0];[1e+30, 1e+30, 1e+30, 1e+30, 1e+30, 1e+30, 1e+30, 1e+30, 1e+30, 1e+30, 1e+30, 1e+30, 1e+30, 1e+30, 1e+30];100.89733010006603
[27.281810030510517, 1120.5934671633158, 118.75932274539619];True;False;[0.0, 7.25, 1.4500000000000002, 0.0, 0.0, 14.26785219069085, 0.5, 0.5, 14173.44131332117, 10500.0, 10500.0, 0.0, 3.0, 0.0, 0.025, 0.053192453951017585, 0.0, 0.0, 0.05, 0.5, 0.5, 0.05, 0.5, 0.5, 0.0284061002417472, 0.0, 0.0, 0.05, 0.5, 0.5, 0.05, 0.5, 0.5, 0.0, 0.0, 0.0, 0.030000000000000002, 0.255, 0.0, 0.0, 0.0];[0.3565105540233988, -1.4689641769952921, -3.4464353473381273, 0.6891435046708818, -0.4, -0.7321478093091507, -14.0, -14.0, -1.0, 0.0, 0.0, -1.0, 0.0, 0.0, 0.03144641940610493];23.704616399947554
[1e+30, 1e+30, 1e+30];False;False;[0.0, 7.25, 1.4500000000000002, 0.0, 0.0, 13.495769383186671, 0.5, 0.5, 12652.37714247627, 10500.0, 10500.0, 0.0, 3.0, 0.0, 0.025, 0.0016803818864711603, 0.0, 0.0, 0.05, 0.5, 0.5, 0.05, 0.5, 0.5, 0.015336487414790032, 0.0, 0.0, 0.05, 0.5, 0.5, 0.05, 0.5, 0.5, 0.0, 0.0, 0.0, 0.030000000000000002, 0.255, 0.0, 0.0, 0.0];[1e+30, 1e+30, 1e+30, 1e+30, 1e+30, 1e+30, 1e+30, 1e+30, 1e+30, 1e+30, 1e+30, 1e+30, 1e+30, 1e+30, 1e+30];28.46667609992437
[25.311321589925072, 1341.4229952880798, 117.651671432207];True;False;[0.0, 7.25, 1.4500000000000002, 0.0, 1.0, 14.261672967594112, 0.5112079126386784, 0.5, 10034.016683282967, 9438.00880408111, 10500.0, 0.0, 3.0, 0.0, 0.025, 0.053192453951017585, 0.0643251827223151, 0.0, 0.07828673289565961, 0.9327688052593079, 0.0, 0.05, 0.5, 0.5, 0.02933239070774705, 0.7168369584365232, 0.0, 0.05623942873397381, 0.1715928371069777, 0.0, 0.05, 0.5, 0.5, 0.0, 0.0, 0.0, 0.030000000000000002, 0.255, 0.0, 1.0, 0.0];[1.0532076297505144, -1.3892508639886407, -2.6088606182145764, 0.6364237723789643, -0.38879208736132165, -11.307261651581909, -11.137914029651308, -14.0, -0.9356748172776849, -0.06723119474069206, 0.0, -0.2831630415634768, -0.8284071628930223, 0.0, 0.01124914617060968];22.95318930002395
[22.585494631931265, 1565.3746228006723, 116.82746946318478];True;False;[0.0, 7.25, 1.4500000000000002, 0.0, 1.0, 28.26273627617914, 0.25585901542205713, 0.5, 8079.491060754225, 7958.620530268591, 10500.0, 0.0, 3.0, 0.0, 0.025, 0.07600981131563775, 0.09456802573364176, 0.0, 0.039720105557821885, 0.29622121551709824, 0.0, 0.05, 0.5, 0.5, 0.08021826008441352, 0.5547911371824804, 0.0, 0.02071890962009467, 0.9862288845280716, 0.0, 0.05, 0.5, 0.5, 0.0, 0.0, 0.0, 0.030000000000000002, 0.255, 0.0, 0.0, 1.0];[1.143378874447957, -1.3676425766753175, 20.713042015817166, 0.6825249748811848, -0.6441409845779429, -5.933610910193385, -11.882691003416667, -14.0, -0.9054319742663582, -0.7037787844829018, 0.0, -0.4452088628175196, -0.013771115471928441, 0.0, 0.0030802861868438614];18.31621299998369
[25.681744041763167, 1323.1882692062773, 117.84093574989126];True;False;[0.0, 7.25, 1.4500000000000002, 0.0, 1.0, 14.26785219069085, 0.21567946032145127, 0.5, 10043.632493845296, 9526.04029403352, 10500.0, 0.0, 3.0, 0.0, 0.025, 0.061722825326533, 0.058372076012864996, 0.0, 0.041875365766271475, 0.6807878977270472, 0.0, 0.05, 0.5, 0.5, 0.05370052343842711, 0.5034491336598335, 0.0, 0.03737747404241326, 0.1715928371069777, 0.0, 0.05, 0.5, 0.5, 0.0, 0.0, 0.0, 0.030000000000000002, 0.255, 0.0, 0.0, 0.0];[1.0192845788360785, -1.397380052325381, -2.798107841905809, 0.642586742877868, -0.6843205396785488, -7.7968625688586615, -13.01921699716479, -14.0, -0.941627923987135, -0.3192121022729528, 0.0, -0.49655086634016654, -0.8284071628930223, 0.0, 0.014391424951090692];23.65686490002554
[10.032356121676866, 3327.396884865162, 107.80708784282426];True;False;[1.0, 5.079789770397251, 1.6051082621723263, 0.0, 2.0, 28.560941519041435, 0.22018002470489015, 0.25020904944216793, 17601.768595611487, 11625.96922865272, 11057.033196674827, 0.0, 3.0, 0.0, 0.025, 0.01119068468362373, 0.3333333333333333, 0.3333333333333333, 0.014525175456214401, 0.40311885116246604, 0.4915395787754491, 0.04795953223045357, 0.06530157763517519, 0.3731802136652965, 0.0802410426788193, 0.3333333333333333, 0.3333333333333333, 0.029734327840202756, 0.3333333333333333, 0.3333333333333333, 0.056280328043718124, 0.5706074726561825, 0.3176382552334877, 0.0, 0.0, 0.0, 0.030000000000000002, 0.255, 0.0, 2.0, 2.0];[0.6360781117286098, -0.15920666637008285, 22.610682666072698, -0.04791856356184476, -0.6798199752951098, -10.508751923592342, -13.132812100077759, -12.87815761127451, -0.33333333333333337, -0.10534157006208478, -0.5615182086995283, -0.33333333333333337, -0.33333333333333337, -0.11175427211032973, -0.19938165350229753];53.86955049994867
[1e+30, 1e+30, 1e+30];False;False;[0.0, 7.25, 1.4500000000000002, 0.0, 0.0, 9.158053931044938, 0.5, 0.5, 5579.966666702985, 10500.0, 10500.0, 0.0, 3.0, 0.0, 0.025, 0.09070699708410448, 0.0, 0.0, 0.05, 0.5, 0.5, 0.05, 0.5, 0.5, 0.05405117801173459, 0.0, 0.0, 0.05, 0.5, 0.5, 0.05, 0.5, 0.5, 0.0, 0.0, 0.0, 0.030000000000000002, 0.255, 0.0, 0.0, 0.0];[1e+30, 1e+30, 1e+30, 1e+30, 1e+30, 1e+30, 1e+30, 1e+30, 1e+30, 1e+30, 1e+30, 1e+30, 1e+30, 1e+30, 1e+30];31.80728279997129
[27.270611944187703, 1121.27857821596, 118.75220267800192];True;False;[0.0, 7.25, 1.4500000000000002, 0.0, 0.0, 14.26785219069085, 0.5, 0.5, 10025.810794862502, 10500.0, 10500.0, 0.0, 3.0, 0.0, 0.025, 0.053192453951017585, 0.0, 0.0, 0.05, 0.5, 0.5, 0.05, 0.5, 0.5, 0.02933239070774705, 0.0, 0.0, 0.05, 0.5, 0.5, 0.05, 0.5, 0.5, 0.0, 0.0, 0.0, 0.030000000000000002, 0.255, 0.0, 0.0, 0.0];[0.3578335393480332, -1.4686233763286358, -3.4464353473381024, 0.6886729534771701, -0.4, -0.7321478093091507, -14.0, -14.0, -1.0, 0.0, 0.0, -1.0, 0.0, 0.0, 0.03130168496676844];18.48792489990592
[27.27637770447431, 1120.9258267713294, 118.75586679941104];True;False;[0.0, 7.25, 1.4500000000000002, 0.0, 0.0, 14.26785219069085, 0.5, 0.5, 10043.632493845296, 10500.0, 10500.0, 0.0, 3.0, 0.0, 0.025, 0.05272578607939003, 0.0, 0.0, 0.05, 0.5, 0.5, 0.05, 0.5, 0.5, 0.02933239070774705, 0.0, 0.0, 0.05, 0.5, 0.5, 0.05, 0.5, 0.5, 0.0, 0.0, 0.0, 0.030000000000000002, 0.255, 0.0, 0.0, 0.0];[0.3571524143966043, -1.4687988339343983, -3.4464353473382534, 0.6889150589558444, -0.4, -0.7321478093091507, -14.0, -14.0, -1.0, 0.0, 0.0, -1.0, 0.0, 0.0, 0.03137619010959425];14.778330400004052
[23.839489110944264, 1598.5432206317726, 116.59874915852154];True;False;[0.0, 7.25, 1.4500000000000002, 0.0, 2.0, 13.974638607713427, 0.1588177068983372, 0.5783168209783085, 14247.24064090674, 9575.144061520768, 19401.010623378923, 0.0, 3.0, 0.0, 0.025, 0.024156918760031613, 0.16463647693541517, 0.7715172816389138, 0.06135258368977638, 0.3333333333333333, 0.3333333333333333, 0.08124994851443973, 0.3333333333333333, 0.3333333333333333, 0.07256872998552065, 0.47680656461230886, 0.2218584216198266, 0.04033011200899969, 0.3478822723808065, 0.4338331906546418, 0.07073808460393038, 0.35663221061227085, 0.5736284516322084, 0.0, 0.0, 0.0, 0.030000000000000002, 0.255, 0.0, 1.0, 2.0];[1.8445685120084692, -1.303222546098574, -2.867954685712977, 0.5728826955256414, -0.7411822931016628, -12.809309745174776, -13.67643171244412, -10.180374913126048, -0.06384624142567108, -0.33333333333333337, -0.33333333333333337, -0.30133501376786453, -0.21828453696455163, -0.06973933775552066, -0.00777110859013308];63.75384060002398
[1e+30, 1e+30, 1e+30];False;False;[0.0, 7.25, 1.4500000000000002, 0.0, 2.0, 11.028228164634069, 0.21567846582341715, 0.3494274483243013, 14707.29155329606, 12325.294204273627, 19699.843104781845, 0.0, 3.0, 0.0, 0.025, 0.06902632753464077, 0.4864370333944874, 0.3101779795331483, 0.04294877792051228, 0.5819562558019966, 0.38259992567746154, 0.026459726467254675, 0.3333333333333333, 0.3333333333333333, 0.05322446643474253, 0.3333333333333333, 0.3333333333333333, 0.0006100653401040872, 0.0, 0.4959489431569834, 0.03890400993535296, 0.5745932329886104, 0.3514290478026086, 0.0, 0.0, 0.0, 0.030000000000000002, 0.255, 0.0, 2.0, 1.0];[1e+30, 1e+30, 1e+30, 1e+30, 1e+30, 1e+30, 1e+30, 1e+30, 1e+30, 1e+30, 1e+30, 1e+30, 1e+30, 1e+30, 1e+30];119.89468110003509
[1e+30, 1e+30, 1e+30];False;False;[0.0, 7.25, 1.4500000000000002, 0.0, 0.0, 9.033281321912728, 0.5, 0.5, 17601.768595611487, 10500.0, 10500.0, 0.0, 3.0, 0.0, 0.025, 0.009163726930371523, 0.0, 0.0, 0.05, 0.5, 0.5, 0.05, 0.5, 0.5, 0.07445738589231157, 0.0, 0.0, 0.05, 0.5, 0.5, 0.05, 0.5, 0.5, 0.0, 0.0, 0.0, 0.030000000000000002, 0.255, 0.0, 0.0, 0.0];[1e+30, 1e+30, 1e+30, 1e+30, 1e+30, 1e+30, 1e+30, 1e+30, 1e+30, 1e+30, 1e+30, 1e+30, 1e+30, 1e+30, 1e+30];27.40768449997995
[24.43747528436556, 1550.8734264960353, 116.98973661974827];True;False;[0.0, 7.25, 1.4500000000000002, 0.0, 2.0, 13.968459384616692, 0.12543278537061506, 0.58797211019583, 10807.736260402451, 18329.280821725937, 19424.852067783428, 0.0, 3.0, 0.0, 0.025, 0.024678120048832186, 0.14269468287863205, 0.7813102942728233, 0.060912342994415024, 0.9276330584519107, 0.0, 0.03537167229916256, 0.3333333333333333, 0.3333333333333333, 0.06389904020955811, 0.4225226174076627, 0.234829360074999, 0.05290458511895794, 0.02140332750598696, 0.7223329677138782, 0.06542067736216871, 0.35258295647453086, 0.3951223145641298, 0.0, 0.0, 0.0, 0.030000000000000002, 0.255, 0.0, 2.0, 1.0];[1.7598598789479354, -1.3221384552331041, -2.9799053653722947, 0.5924304894324426, -0.7745672146293849, -12.50364650198856, -13.907432235647805, -9.878536962724626, -0.07599502284854465, -0.07236694154808931, -0.33333333333333337, -0.3426480225173383, -0.2562637047801348, -0.2522947289613393, -0.001110250783323996];67.17714510008227
[1e+30, 1e+30, 1e+30];False;False;[1.0, 10.43982615459164, 1.4838699006703813, 1.0, 0.0, 14.411571377028089, 0.5, 0.5, 10172.184286029868, 10500.0, 10500.0, 1.0, 1.7697614375409847, 0.0, 0.025, 0.053192453951017585, 0.0, 0.0, 0.05, 0.5, 0.5, 0.05, 0.5, 0.5, 0.02933239070774705, 0.0, 0.0, 0.05, 0.5, 0.5, 0.05, 0.5, 0.5, 1.0, 0.0, 0.0, 0.030000000000000002, 0.255, 0.0, 0.0, 0.0];[1e+30, 1e+30, 1e+30, 1e+30, 1e+30, 1e+30, 1e+30, 1e+30, 1e+30, 1e+30, 1e+30, 1e+30, 1e+30, 1e+30, 1e+30];46.791333799948916
[24.808786494690104, 1529.0870357835647, 117.18745486884875];True;False;[0.0, 7.25, 1.4500000000000002, 0.0, 2.0, 13.968459384616692, 0.12543278537061506, 0.58797211019583, 14129.518900595644, 9575.144061520768, 19424.852067783428, 0.0, 3.0, 0.0, 0.025, 0.02514478796545259, 0.042332033884207476, 0.781344979856533, 0.06141748399356864, 0.3333333333333333, 0.3333333333333333, 0.0437230130764836, 0.3333333333333333, 0.3333333333333333, 0.07256872998552065, 0.4912816960145119, 0.23571837157299658, 0.03992566544206131, 0.019580159884447612, 0.40707482201176404, 0.03434306530589189, 0.3526820837145398, 0.6023073268104323, 0.0, 0.0, 0.0, 0.030000000000000002, 0.255, 0.0, 0.0, 2.0];[1.7205617971796583, -1.3309139355712092, -2.9799053653719305, 0.5987378284275959, -0.7745672146293849, -12.50364650198856, -13.907432235647805, -9.878536962724626, -0.17632298625925957, -0.33333333333333337, -0.33333333333333337, -0.27299993241249154, -0.5733450181037884, -0.045010589475027896, 0.0020414597530091783];56.468237000051886
[27.017980540180528, 1138.4098872257694, 118.56795823961968];True;False;[0.0, 7.25, 1.4500000000000002, 0.0, 0.0, 14.165480637406061, 0.5, 0.5, 9160.947275505097, 10500.0, 10500.0, 0.0, 3.0, 0.0, 0.025, 0.053192453951017585, 0.0, 0.0, 0.05, 0.5, 0.5, 0.05, 0.5, 0.5, 0.05338195396667739, 0.0, 0.0, 0.05, 0.5, 0.5, 0.05, 0.5, 0.5, 0.0, 0.0, 0.0, 0.030000000000000002, 0.255, 0.0, 0.0, 0.0];[0.39340767260462783, -1.4594594890928727, -3.5633962860883095, 0.6746016316853229, -0.4, -0.8345193625939391, -14.0, -14.0, -1.0, 0.0, 0.0, -1.0, 0.0, 0.0, 0.027439223834358373];8.0849224999547
[30.09043252441727, 1068.6924981711284, 118.94696912861053];True;False;[0.0, 7.25, 1.4500000000000002, 0.0, 0.0, 9.158053931044938, 0.5, 0.5, 5579.966666702985, 10500.0, 10500.0, 0.0, 3.0, 0.0, 0.025, 0.021696122526373852, 0.0, 0.0, 0.05, 0.5, 0.5, 0.05, 0.5, 0.5, 0.05405117801173459, 0.0, 0.0, 0.05, 0.5, 0.5, 0.05, 0.5, 0.5, 0.0, 0.0, 0.0, 0.030000000000000002, 0.255, 0.0, 0.0, 0.0];[0.4132916220687788, -1.4543373890159321, -8.688429789501434, 0.5732846705272407, -0.4, -5.841946068955062, -14.0, -14.0, -1.0, 0.0, 0.0, -1.0, 0.0, 0.0, 0.025304692510183746];13.856874900055118
[28.254631468527567, 1070.0817111845424, 119.26570821218532];True;False;[0.0, 7.25, 1.4500000000000002, 0.0, 0.0, 13.847263003657776, 0.5, 0.5, 10059.25372660465, 10500.0, 10500.0, 0.0, 3.0, 0.0, 0.025, 0.0003919187868625801, 0.0, 0.0, 0.05, 0.5, 0.5, 0.05, 0.5, 0.5, 0.016250140413250045, 0.0, 0.0, 0.05, 0.5, 0.5, 0.05, 0.5, 0.5, 0.0, 0.0, 0.0, 0.030000000000000002, 0.255, 0.0, 0.0, 0.0];[0.2683359388574651, -1.491677934337145, -3.9238633256528495, 0.7140782714526039, -0.4, -1.1527369963422238, -14.0, -14.0, -1.0, 0.0, 0.0, -1.0, 0.0, 0.0, 0.04127376465050758];36.54040419997182
[1e+30, 1e+30, 1e+30];False;False;[0.0, 7.25, 1.4500000000000002, 0.0, 0.0, 7.472588602710842, 0.5, 0.5, 6391.99023168167, 10500.0, 10500.0, 0.0, 3.0, 0.0, 0.025, 0.035081361951321714, 0.0, 0.0, 0.05, 0.5, 0.5, 0.05, 0.5, 0.5, 0.09528020208938738, 0.0, 0.0, 0.05, 0.5, 0.5, 0.05, 0.5, 0.5, 0.0, 0.0, 0.0, 0.030000000000000002, 0.255, 0.0, 0.0, 0.0];[1e+30, 1e+30, 1e+30, 1e+30, 1e+30, 1e+30, 1e+30, 1e+30, 1e+30, 1e+30, 1e+30, 1e+30, 1e+30, 1e+30, 1e+30];36.86724739999045
[27.270611944185923, 1121.2785782159187, 118.75220267800509];True;False;[0.0, 7.25, 1.4500000000000002, 0.0, 0.0, 14.26785219069085, 0.5, 0.5, 10043.632493845296, 10500.0, 10500.0, 0.0, 3.0, 0.0, 0.025, 0.053192453951017585, 0.0, 0.0, 0.05, 0.5, 0.5, 0.05, 0.5, 0.5, 0.02933239070774705, 0.0, 0.0, 0.05, 0.5, 0.5, 0.05, 0.5, 0.5, 0.0, 0.0, 0.0, 0.030000000000000002, 0.255, 0.0, 0.0, 0.0];[0.35783353934795414, -1.4686233763286578, -3.446435347338138, 0.6886729534773326, -0.4, -0.7321478093091507, -14.0, -14.0, -1.0, 0.0, 0.0, -1.0, 0.0, 0.0, 0.031301684966777876];17.235542200040072
[1e+30, 1e+30, 1e+30];False;False;[0.0, 7.25, 1.4500000000000002, 0.0, 0.0, 13.847263003657776, 0.5, 0.5, 10621.867961095764, 10500.0, 10500.0, 0.0, 3.0, 0.0, 0.025, 0.047341936280273667, 0.0, 0.0, 0.05, 0.5, 0.5, 0.05, 0.5, 0.5, 0.028954889993418127, 0.0, 0.0, 0.05, 0.5, 0.5, 0.05, 0.5, 0.5, 0.0, 0.0, 0.0, 0.030000000000000002, 0.255, 0.0, 0.0, 0.0];[1e+30, 1e+30, 1e+30, 1e+30, 1e+30, 1e+30, 1e+30, 1e+30, 1e+30, 1e+30, 1e+30, 1e+30, 1e+30, 1e+30, 1e+30];52.54972849995829
[26.98545907178041, 1139.1712671219955, 118.56677410299693];True;False;[0.0, 7.25, 1.4500000000000002, 0.0, 0.0, 14.261672967594112, 0.5, 0.5, 10034.016683282967, 10500.0, 10500.0, 0.0, 3.0, 0.0, 0.025, 0.053192453951017585, 0.0, 0.0, 0.05, 0.5, 0.5, 0.05, 0.5, 0.5, 0.0530357205065629, 0.0, 0.0, 0.05, 0.5, 0.5, 0.05, 0.5, 0.5, 0.0, 0.0, 0.0, 0.030000000000000002, 0.255, 0.0, 0.0, 0.0];[0.3923850060015246, -1.4597229277369894, -3.4535089647504016, 0.6762951537121455, -0.4, -0.7383270324058877, -14.0, -14.0, -1.0, 0.0, 0.0, -1.0, 0.0, 0.0, 0.02754947568059085];8.506539699970745
[25.164228784773385, 1494.7287323868582, 117.39389063517142];True;False;[0.0, 7.25, 1.4500000000000002, 0.0, 2.0, 13.382109798651413, 0.20745922164863603, 0.356255199484036, 12926.943653119768, 4239.589634669872, 16515.436963272372, 0.0, 3.0, 0.0, 0.025, 0.007438797718314592, 0.3333333333333333, 0.3333333333333333, 0.041447095419580485, 0.3333333333333333, 0.3333333333333333, 0.011788691339056353, 0.07085783562056214, 0.3966131344386056, 0.07461639910738425, 0.020432304022448073, 0.5068095161280606, 0.06387669163676589, 0.3333333333333333, 0.3333333333333333, 0.053729811235136156, 0.3333333333333333, 0.3333333333333333, 0.0, 0.0, 0.0, 0.030000000000000002, 0.255, 0.0, 0.0, 1.0];[1.6778511767898063, -1.3404514547730124, -3.475423214257539, 0.6073431822041437, -0.692540778351364, -11.745701023005505, -13.452540341736725, -12.342655848859897, -0.33333333333333337, -0.33333333333333337, -0.5325290299408323, -0.4727581798494913, -0.33333333333333337, -0.33333333333333337, 0.0055123271458681344];69.6602040999569
[25.1544972434341, 1328.2098357325815, 117.67390647626189];True;False;[0.0, 7.25, 1.4500000000000002, 0.0, 1.0, 13.880739302060686, 0.2429558954550285, 0.5, 8310.608716614119, 9587.102861051542, 10500.0, 0.0, 3.0, 0.0, 0.025, 0.05409451046240431, 0.05876488690745951, 0.0, 0.07686220993459211, 0.843048821522873, 0.0, 0.05, 0.5, 0.5, 0.0284061002417472, 0.6925725616949262, 0.0, 0.0656094218641507, 0.15781326863927614, 0.0, 0.05, 0.5, 0.5, 0.0, 0.0, 0.0, 0.030000000000000002, 0.255, 0.0, 0.0, 0.0];[1.040049408362398, -1.3924040491225584, -3.237725857323211, 0.6487330847365644, -0.6570441045449715, -8.423373641266963, -12.88938301419107, -14.0, -0.9412351130925405, -0.15695117847712703, 0.0, -0.3074274383050738, -0.8421867313607239, 0.0, 0.01246341863533662];21.138874700060114
[26.871611704814946, 1146.4072970228347, 118.49282450091403];True;False;[0.0, 7.25, 1.4500000000000002, 0.0, 0.0, 14.26785219069085, 0.5, 0.5, 14953.072827903965, 10500.0, 10500.0, 0.0, 3.0, 0.0, 0.025, 0.061722825326533, 0.0, 0.0, 0.05, 0.5, 0.5, 0.05, 0.5, 0.5, 0.05370052343842711, 0.0, 0.0, 0.05, 0.5, 0.5, 0.05, 0.5, 0.5, 0.0, 0.0, 0.0, 0.030000000000000002, 0.255, 0.0, 0.0, 0.0];[0.40604909853788573, -1.4562030611451888, -3.446435347338147, 0.6715092269892371, -0.4, -0.7321478093091507, -14.0, -14.0, -1.0, 0.0, 0.0, -1.0, 0.0, 0.0, 0.02608017019497022];8.06364249996841
[1e+30, 1e+30, 1e+30];False;False;[0.0, 7.25, 1.4500000000000002, 0.0, 1.0, 11.065050687459848, 0.2156461845188434, 0.5, 10279.055113332859, 9338.274561752194, 10500.0, 0.0, 3.0, 0.0, 0.025, 0.09671609047623499, 0.05092844912593475, 0.0, 0.0434085447774857, 0.44106052618923136, 0.0, 0.05, 0.5, 0.5, 0.031734197242235765, 0.5034491336598335, 0.0, 0.03737747404241326, 0.1715928371069777, 0.0, 0.05, 0.5, 0.5, 0.0, 0.0, 0.0, 0.030000000000000002, 0.255, 0.0, 0.0, 1.0];[1e+30, 1e+30, 1e+30, 1e+30, 1e+30, 1e+30, 1e+30, 1e+30, 1e+30, 1e+30, 1e+30, 1e+30, 1e+30, 1e+30, 1e+30];66.46547980001196
[1e+30, 1e+30, 1e+30];False;False;[0.0, 7.25, 1.4500000000000002, 0.0, 0.0, 13.830463925811511, 0.5, 0.5, 12591.56731110758, 10500.0, 10500.0, 0.0, 3.0, 0.0, 0.025, 0.00012448800935808274, 0.0, 0.0, 0.05, 0.5, 0.5, 0.05, 0.5, 0.5, 0.016250140413250045, 0.0, 0.0, 0.05, 0.5, 0.5, 0.05, 0.5, 0.5, 0.0, 0.0, 0.0, 0.030000000000000002, 0.255, 0.0, 0.0, 0.0];[1e+30, 1e+30, 1e+30, 1e+30, 1e+30, 1e+30, 1e+30, 1e+30, 1e+30, 1e+30, 1e+30, 1e+30, 1e+30, 1e+30, 1e+30];51.51775130000897
[26.979265983055676, 1139.4825524115254, 118.56399877825254];True;False;[0.0, 7.25, 1.4500000000000002, 0.0, 0.0, 14.26785219069085, 0.5, 0.5, 14452.651716838043, 10500.0, 10500.0, 0.0, 3.0, 0.0, 0.025, 0.053192453951017585, 0.0, 0.0, 0.05, 0.5, 0.5, 0.05, 0.5, 0.5, 0.053351679042322506, 0.0, 0.0, 0.05, 0.5, 0.5, 0.05, 0.5, 0.5, 0.0, 0.0, 0.0, 0.030000000000000002, 0.255, 0.0, 0.0, 0.0];[0.3928218825381755, -1.4596103884577123, -3.446435347338129, 0.6762247415308109, -0.4, -0.7321478093091507, -14.0, -14.0, -1.0, 0.0, 0.0, -1.0, 0.0, 0.0, 0.027502371168437234];8.064435800071806
[29.236691352528812, 1050.4274118634348, 119.34549547129564];True;False;[0.0, 7.25, 1.4500000000000002, 0.0, 0.0, 11.773187365705743, 0.5, 0.5, 10855.767403548813, 10500.0, 10500.0, 0.0, 3.0, 0.0, 0.025, 0.0006429454358243963, 0.0, 0.0, 0.05, 0.5, 0.5, 0.05, 0.5, 0.5, 0.015795265451462443, 0.0, 0.0, 0.05, 0.5, 0.5, 0.05, 0.5, 0.5, 0.0, 0.0, 0.0, 0.030000000000000002, 0.255, 0.0, 0.0, 0.0];[0.2864198421275965, -1.4870195256795253, -6.158086131360227, 0.671842908324678, -0.4, -3.226812634294257, -14.0, -14.0, -1.0, 0.0, 0.0, -1.0, 0.0, 0.0, 0.03922874086959183];8.139597599976696
[25.00799413799438, 1330.5800955383702, 117.6684607207421];True;False;[0.0, 7.25, 1.4500000000000002, 0.0, 1.0, 14.2109631389948, 0.2156461845188434, 0.5, 10300.609772586442, 4398.978658164913, 10500.0, 0.0, 3.0, 0.0, 0.025, 0.06305801579559461, 0.058372076012864996, 0.0, 0.06484655216439296, 0.37268374101839064, 0.0, 0.05, 0.5, 0.5, 0.03155397730369984, 0.5034491336598335, 0.0, 0.06603551641928561, 0.1715928371069777, 0.0, 0.05, 0.5, 0.5, 0.0, 0.0, 0.0, 0.030000000000000002, 0.255, 0.0, 0.0, 0.0];[1.0346573345784629, -1.3936961847687774, -2.8696879064109755, 0.6566425360869033, -0.6843538154811566, -7.810530030481607, -13.023364281477518, -14.0, -0.941627923987135, -0.6273162589816094, 0.0, -0.49655086634016654, -0.8284071628930223, 0.0, 0.012962679998379412];22.16693390009459
[28.2884981151898, 1116.9340806938508, 118.5591865088414];True;False;[0.0, 7.25, 1.4500000000000002, 0.0, 0.0, 11.004406130055179, 0.5, 0.5, 14811.212188586347, 10500.0, 10500.0, 0.0, 3.0, 0.0, 0.025, 0.06902632753464077, 0.0, 0.0, 0.05, 0.5, 0.5, 0.05, 0.5, 0.5, 0.05193617293965405, 0.0, 0.0, 0.05, 0.5, 0.5, 0.05, 0.5, 0.5, 0.0, 0.0, 0.0, 0.030000000000000002, 0.255, 0.0, 0.0, 0.0];[0.4440163825460566, -1.44642269891432, -6.935285582284719, 0.60551708881178, -0.4, -3.9955938699448215, -14.0, -14.0, -1.0, 0.0, 0.0, -1.0, 0.0, 0.0, 0.022040168365009216];30.40991530008614
[27.136275515229304, 1129.5811886605854, 118.66612127051766];True;False;[0.0, 7.25, 1.4500000000000002, 0.0, 0.0, 14.26785219069085, 0.5, 0.5, 10024.556562268213, 10500.0, 10500.0, 0.0, 3.0, 0.0, 0.025, 0.061722825326533, 0.0, 0.0, 0.05, 0.5, 0.5, 0.05, 0.5, 0.5, 0.031734197242235765, 0.0, 0.0, 0.05, 0.5, 0.5, 0.05, 0.5, 0.5, 0.0, 0.0, 0.0, 0.030000000000000002, 0.255, 0.0, 0.0, 0.0];[0.37383045703908735, -1.4645025745993812, -3.4464353473381415, 0.6829815190649362, -0.4, -0.7321478093091507, -14.0, -14.0, -1.0, 0.0, 0.0, -1.0, 0.0, 0.0, 0.029557843157241637];8.469379400019534
[27.26106957844741, 1121.8638034765986, 118.74611603395691];True;False;[0.0, 7.25, 1.4500000000000002, 0.0, 0.0, 14.26785219069085, 0.5, 0.5, 10043.632493845296, 10500.0, 10500.0, 0.0, 3.0, 0.0, 0.025, 0.05396557552937459, 0.0, 0.0, 0.05, 0.5, 0.5, 0.05, 0.5, 0.5, 0.02933239070774705, 0.0, 0.0, 0.05, 0.5, 0.5, 0.05, 0.5, 0.5, 0.0, 0.0, 0.0, 0.030000000000000002, 0.255, 0.0, 0.0, 0.0];[0.35896328145993106, -1.4683323550620226, -3.4464353473381735, 0.6882704498218493, -0.4, -0.7321478093091507, -14.0, -14.0, -1.0, 0.0, 0.0, -1.0, 0.0, 0.0, 0.03117815370035082];18.27466530003585
[27.564846543668104, 1109.212018401191, 118.850025280805];True;False;[0.0, 7.25, 1.4500000000000002, 0.0, 0.0, 13.847263003657776, 0.5, 0.5, 9720.137378326459, 10500.0, 10500.0, 0.0, 3.0, 0.0, 0.025, 0.0006429454358243963, 0.0, 0.0, 0.05, 0.5, 0.5, 0.05, 0.5, 0.5, 0.070196299115412, 0.0, 0.0, 0.05, 0.5, 0.5, 0.05, 0.5, 0.5, 0.0, 0.0, 0.0, 0.030000000000000002, 0.255, 0.0, 0.0, 0.0];[0.34529652033487856, -1.4718529090815626, -3.92386332565286, 0.6870322661043982, -0.4, -1.1527369963422238, -14.0, -14.0, -1.0, 0.0, 0.0, -1.0, 0.0, 0.0, 0.03267640771040192];17.6422290999908
[26.575029163909605, 1175.1424800400962, 118.15545786762566];True;False;[0.0, 7.25, 1.4500000000000002, 0.0, 0.0, 13.64978473918531, 0.5, 0.5, 11089.405547946837, 10500.0, 10500.0, 0.0, 3.0, 0.0, 0.025, 0.07098919049961289, 0.0, 0.0, 0.05, 0.5, 0.5, 0.05, 0.5, 0.5, 0.08835965464749436, 0.0, 0.0, 0.05, 0.5, 0.5, 0.05, 0.5, 0.5, 0.0, 0.0, 0.0, 0.030000000000000002, 0.255, 0.0, 0.0, 0.0];[0.4769514704839217, -1.4379386290485665, -4.145199824043681, 0.6380034715647902, -0.4, -1.3502152608146893, -14.0, -14.0, -1.0, 0.0, 0.0, -1.0, 0.0, 0.0, 0.0185855558468484];8.071580199990422
[1e+30, 1e+30, 1e+30];False;False;[0.0, 7.25, 1.4500000000000002, 0.0, 0.0, 15.403800887377518, 0.5, 0.5, 19551.216701587568, 10500.0, 10500.0, 0.0, 3.0, 0.0, 0.025, 0.053192453951017585, 0.0, 0.0, 0.05, 0.5, 0.5, 0.05, 0.5, 0.5, 0.027239151371032937, 0.0, 0.0, 0.05, 0.5, 0.5, 0.05, 0.5, 0.5, 0.0, 0.0, 0.0, 0.030000000000000002, 0.255, 0.0, 0.0, 0.0];[1e+30, 1e+30, 1e+30, 1e+30, 1e+30, 1e+30, 1e+30, 1e+30, 1e+30, 1e+30, 1e+30, 1e+30, 1e+30, 1e+30, 1e+30];31.460517599945888
[24.85681890165792, 1482.3993046097116, 117.52027314543867];True;False;[0.0, 7.25, 1.4500000000000002, 0.0, 2.0, 14.27063633236844, 0.12670066224575177, 0.3503583586213286, 9160.947275505097, 9526.04029403352, 19240.25015701306, 0.0, 3.0, 0.0, 0.025, 0.024662985467822446, 0.05876488690745951, 0.7937874257123738, 0.04820043051760159, 0.5043289914192499, 0.3765619780284557, 0.03870698347031246, 0.3333333333333333, 0.3333333333333333, 0.03290660335843725, 0.22209718159945327, 0.2279707104503662, 0.06543338335875058, 0.16382097080992808, 0.5319706526023741, 0.03176134814358215, 0.3333333333333333, 0.3333333333333333, 0.0, 0.0, 0.0, 0.030000000000000002, 0.255, 0.0, 2.0, 2.0];[1.6253892257631426, -1.3521665003685637, -2.5543451258827385, 0.6425732979546772, -0.7732993377542483, -10.553491698707038, -13.922678525998908, -12.020942300945325, -0.14744768738016667, -0.11910903055229438, -0.33333333333333337, -0.5499321079501805, -0.30420837658769784, -0.33333333333333337, 0.009841874538312645];63.08511780004483
[27.276377704478953, 1120.9258267713717, 118.75586679940672];True;False;[0.0, 7.25, 1.4500000000000002, 0.0, 0.0, 14.26785219069085, 0.5, 0.5, 10840.14617078946, 10500.0, 10500.0, 0.0, 3.0, 0.0, 0.025, 0.05272578607939003, 0.0, 0.0, 0.05, 0.5, 0.5, 0.05, 0.5, 0.5, 0.02933239070774705, 0.0, 0.0, 0.05, 0.5, 0.5, 0.05, 0.5, 0.5, 0.0, 0.0, 0.0, 0.030000000000000002, 0.255, 0.0, 0.0, 0.0];[0.35715241439668777, -1.4687988339343796, -3.4464353473380474, 0.6889150589554254, -0.4, -0.7321478093091507, -14.0, -14.0, -1.0, 0.0, 0.0, -1.0, 0.0, 0.0, 0.03137619010958659];14.09655329992529
[27.336122895473302, 1119.5209942331876, 118.75914360354798];True;False;[0.0, 7.25, 1.4500000000000002, 0.0, 0.0, 14.099475138515425, 0.5, 0.5, 9228.014013968188, 10500.0, 10500.0, 0.0, 3.0, 0.0, 0.025, 0.053192453951017585, 0.0, 0.0, 0.05, 0.5, 0.5, 0.05, 0.5, 0.5, 0.02933239070774705, 0.0, 0.0, 0.05, 0.5, 0.5, 0.05, 0.5, 0.5, 0.0, 0.0, 0.0, 0.030000000000000002, 0.255, 0.0, 0.0, 0.0];[0.35875408918663787, -1.4683862429358154, -3.638551034040292, 0.6859553262036711, -0.4, -0.9005248614845751, -14.0, -14.0, -1.0, 0.0, 0.0, -1.0, 0.0, 0.0, 0.031201023424454744];9.94042320002336
[1e+30, 1e+30, 1e+30];False;False;[0.0, 7.25, 1.4500000000000002, 0.0, 2.0, 9.160621598692279, 0.2750856351941996, 0.363305462352429, 5542.074849877659, 2843.0372552725635, 19497.39917702177, 0.0, 3.0, 1.0, 0.03282675377209936, 0.021696122526373852, 0.3937748615640445, 0.2987536146996558, 0.04163279553962286, 0.3333333333333333, 0.3333333333333333, 0.03793477634784485, 0.3333333333333333, 0.3333333333333333, 0.05405117801173459, 0.13591746632127888, 0.24463247905383734, 0.06387669163676589, 0.0, 0.4007346069624055, 0.032124234999584333, 0.3333333333333333, 0.3333333333333333, 0.0, 0.0, 0.0, 0.030000000000000002, 0.255, 0.0, 0.0, 1.0];[1e+30, 1e+30, 1e+30, 1e+30, 1e+30, 1e+30, 1e+30, 1e+30, 1e+30, 1e+30, 1e+30, 1e+30, 1e+30, 1e+30, 1e+30];117.16267200000584
[1e+30, 1e+30, 1e+30];False;False;[0.0, 7.25, 1.4500000000000002, 0.0, 2.0, 13.519290028236322, 0.46372437918449133, 0.41196081423489445, 10637.455615567158, 17987.733062759704, 8704.478700039566, 0.0, 3.0, 1.0, 0.02301092850202275, 0.0006224878847175524, 0.3333333333333333, 0.3333333333333333, 0.0696196790687733, 0.790272183636337, 0.06718956512059077, 0.03639926839188691, 0.3333333333333333, 0.3333333333333333, 0.06728334005909818, 0.07567556101224193, 0.4808113405795983, 0.06481050064047243, 0.3333333333333333, 0.3333333333333333, 0.05373999843778304, 0.2620995382308776, 0.32185261655310515, 0.0, 0.0, 0.0, 0.030000000000000002, 0.255, 0.0, 0.0, 0.0];[1e+30, 1e+30, 1e+30, 1e+30, 1e+30, 1e+30, 1e+30, 1e+30, 1e+30, 1e+30, 1e+30, 1e+30, 1e+30, 1e+30, 1e+30];79.70997720002197
[1e+30, 1e+30, 1e+30];False;False;[0.0, 7.25, 1.4500000000000002, 0.0, 1.0, 9.17869918915379, 0.29291065798005583, 0.5, 18689.77649212181, 2843.0372552725635, 10500.0, 0.0, 3.0, 1.0, 0.040004255685738524, 0.018829319552697732, 0.3937748615640445, 0.0, 0.08067827650907126, 0.8904152933139402, 0.0, 0.05, 0.5, 0.5, 0.07644122387483102, 0.18613930669414613, 0.0, 0.06387669163676589, 0.112151216143351, 0.0, 0.05, 0.5, 0.5, 0.0, 0.0, 0.0, 0.030000000000000002, 0.255, 0.0, 0.0, 0.0];[1e+30, 1e+30, 1e+30, 1e+30, 1e+30, 1e+30, 1e+30, 1e+30, 1e+30, 1e+30, 1e+30, 1e+30, 1e+30, 1e+30, 1e+30];74.68365680007264
[1e+30, 1e+30, 1e+30];False;False;[0.0, 7.25, 1.4500000000000002, 0.0, 0.0, 11.106777683339967, 0.5, 0.5, 14707.29155329606, 10500.0, 10500.0, 0.0, 3.0, 0.0, 0.025, 0.06902632753464077, 0.0, 0.0, 0.05, 0.5, 0.5, 0.05, 0.5, 0.5, 0.033820881139328074, 0.0, 0.0, 0.05, 0.5, 0.5, 0.05, 0.5, 0.5, 0.0, 0.0, 0.0, 0.030000000000000002, 0.255, 0.0, 0.0, 0.0];[1e+30, 1e+30, 1e+30, 1e+30, 1e+30, 1e+30, 1e+30, 1e+30, 1e+30, 1e+30, 1e+30, 1e+30, 1e+30, 1e+30, 1e+30];47.034241499961354
[26.889356471832606, 1146.0929152499566, 118.49176955260722];True;False;[0.0, 7.25, 1.4500000000000002, 0.0, 0.0, 14.20720763328618, 0.5, 0.5, 14471.868933425378, 10500.0, 10500.0, 0.0, 3.0, 0.0, 0.025, 0.06141698494675748, 0.0, 0.0, 0.05, 0.5, 0.5, 0.05, 0.5, 0.5, 0.05444336461975588, 0.0, 0.0, 0.05, 0.5, 0.5, 0.05, 0.5, 0.5, 0.0, 0.0, 0.0, 0.030000000000000002, 0.255, 0.0, 0.0, 0.0];[0.40701547725563536, -1.4559541222453218, -3.5157812241442468, 0.6703327694497021, -0.4, -0.7927923667138206, -14.0, -14.0, -1.0, 0.0, 0.0, -1.0, 0.0, 0.0, 0.025976564921526113];8.032743799965829
[27.282765961189583, 1120.5469300466204, 118.75965834421538];True;False;[0.0, 7.25, 1.4500000000000002, 0.0, 0.0, 14.26785219069085, 0.5, 0.5, 10043.632493845296, 10500.0, 10500.0, 0.0, 3.0, 0.0, 0.025, 0.053192453951017585, 0.0, 0.0, 0.05, 0.5, 0.5, 0.05, 0.5, 0.5, 0.02834140119599878, 0.0, 0.0, 0.05, 0.5, 0.5, 0.05, 0.5, 0.5, 0.0, 0.0, 0.0, 0.030000000000000002, 0.255, 0.0, 0.0, 0.0];[0.35642067198384364, -1.4689873305847014, -3.446435347323092, 0.6891609344210217, -0.4, -0.7321478093091507, -14.0, -14.0, -1.0, 0.0, 0.0, -1.0, 0.0, 0.0, 0.031456255351406615];17.243375599966384
[29.920791924318547, 1119.205984763077, 118.27490914230768];True;False;[0.0, 7.25, 1.4500000000000002, 0.0, 0.0, 7.995543883341991, 0.5, 0.5, 14306.354069606386, 10500.0, 10500.0, 0.0, 3.0, 0.0, 0.025, 0.07621733520998385, 0.0, 0.0, 0.05, 0.5, 0.5, 0.05, 0.5, 0.5, 0.08026866251897605, 0.0, 0.0, 0.05, 0.5, 0.5, 0.05, 0.5, 0.5, 0.0, 0.0, 0.0, 0.030000000000000002, 0.255, 0.0, 0.0, 0.0];[0.5656550558502751, -1.4150886091242108, -9.70935040206557, 0.497007061135591, -0.4, -7.004456116658009, -14.0, -14.0, -1.0, 0.0, 0.0, -1.0, 0.0, 0.0, 0.009504716820965431];15.635362699977122
[1e+30, 1e+30, 1e+30];False;False;[0.0, 7.25, 1.4500000000000002, 0.0, 1.0, 9.822567291665717, 0.7840569589324489, 0.5, 14241.46858738277, 7495.5607381219725, 10500.0, 0.0, 3.0, 0.0, 0.025, 0.09887914105366491, 0.9623246766816171, 0.0, 0.06191919801377702, 0.45324508902696137, 0.0, 0.05, 0.5, 0.5, 0.07529441438276126, 0.07592674624838817, 0.0, 0.037931069715100234, 0.032547586115145244, 0.0, 0.05, 0.5, 0.5, 0.0, 0.0, 0.0, 0.030000000000000002, 0.255, 0.0, 1.0, 0.0];[1e+30, 1e+30, 1e+30, 1e+30, 1e+30, 1e+30, 1e+30, 1e+30, 1e+30, 1e+30, 1e+30, 1e+30, 1e+30, 1e+30, 1e+30];61.424729399965145
[1e+30, 1e+30, 1e+30];False;False;[0.0, 7.25, 1.4500000000000002, 0.0, 0.0, 14.26785219069085, 0.5, 0.5, 10051.368687014297, 10500.0, 10500.0, 0.0, 3.0, 0.0, 0.025, 0.00708848108893724, 0.0, 0.0, 0.05, 0.5, 0.5, 0.05, 0.5, 0.5, 0.01662764112798713, 0.0, 0.0, 0.05, 0.5, 0.5, 0.05, 0.5, 0.5, 0.0, 0.0, 0.0, 0.030000000000000002, 0.255, 0.0, 0.0, 0.0];[1e+30, 1e+30, 1e+30, 1e+30, 1e+30, 1e+30, 1e+30, 1e+30, 1e+30, 1e+30, 1e+30, 1e+30, 1e+30, 1e+30, 1e+30];29.111544899991713
[27.480132509850105, 1120.0100130354263, 118.70921990223178];True;False;[0.0, 7.25, 1.4500000000000002, 0.0, 0.0, 13.447823028087761, 0.5, 0.5, 12943.516016168316, 10500.0, 10500.0, 0.0, 3.0, 0.0, 0.025, 0.016772632551695022, 0.0, 0.0, 0.05, 0.5, 0.5, 0.05, 0.5, 0.5, 0.07459311134541123, 0.0, 0.0, 0.05, 0.5, 0.5, 0.05, 0.5, 0.5, 0.0, 0.0, 0.0, 0.030000000000000002, 0.255, 0.0, 0.0, 0.0];[0.37691770280592163, -1.463707300913519, -4.369690274122224, 0.6699809092096005, -0.4, -1.552176971912239, -14.0, -14.0, -1.0, 0.0, 0.0, -1.0, 0.0, 0.0, 0.02922261600984921];8.52370590006467
[27.20111893692417, 1129.658791402624, 118.64457781956435];True;False;[0.0, 7.25, 1.4500000000000002, 0.0, 0.0, 13.965891716973914, 0.5, 0.5, 14167.412073153708, 10500.0, 10500.0, 0.0, 3.0, 0.0, 0.025, 0.024678120048832186, 0.0, 0.0, 0.05, 0.5, 0.5, 0.05, 0.5, 0.5, 0.07256872998552065, 0.0, 0.0, 0.05, 0.5, 0.5, 0.05, 0.5, 0.5, 0.0, 0.0, 0.0, 0.030000000000000002, 0.255, 0.0, 0.0, 0.0];[0.38179051968623146, -1.4624520645852128, -3.790033132071901, 0.6758967589591491, -0.4, -1.034108283026086, -14.0, -14.0, -1.0, 0.0, 0.0, -1.0, 0.0, 0.0, 0.028694366203484645];9.111476400052197
[28.27173347613733, 1117.9009527367891, 118.54878797480688];True;False;[0.0, 7.25, 1.4500000000000002, 0.0, 0.0, 11.004406130055179, 0.5, 0.5, 10473.562097861468, 10500.0, 10500.0, 0.0, 3.0, 0.0, 0.025, 0.06902632753464077, 0.0, 0.0, 0.05, 0.5, 0.5, 0.05, 0.5, 0.5, 0.05322599523979652, 0.0, 0.0, 0.05, 0.5, 0.5, 0.05, 0.5, 0.5, 0.0, 0.0, 0.0, 0.030000000000000002, 0.255, 0.0, 0.0, 0.0];[0.4459264366122033, -1.4459306694964726, -6.935285582284791, 0.6049065433523764, -0.4, -3.9955938699448215, -14.0, -14.0, -1.0, 0.0, 0.0, -1.0, 0.0, 0.0, 0.021838563072435924];30.272406400064938
[27.66968473134499, 1268.9984034607878, 118.14608946584033];True;False;[0.0, 7.25, 1.4500000000000002, 0.0, 1.0, 11.004406130055179, 0.21567846582341715, 0.5, 9797.851215026394, 9373.783174756198, 10500.0, 0.0, 3.0, 0.0, 0.025, 0.06902632753464077, 0.4864370333944874, 0.0, 0.04439562581040069, 0.5847186966162197, 0.0, 0.05, 0.5, 0.5, 0.05322446643474253, 0.5037880729504365, 0.0, 0.00020367574698145277, 0.16399211535145997, 0.0, 0.05, 0.5, 0.5, 0.0, 0.0, 0.0, 0.030000000000000002, 0.255, 0.0, 1.0, 1.0];[1.0234680827970326, -1.3963775336636042, -6.602416051321429, 0.5789992231027399, -0.6843215341765829, -8.674032129629119, -13.26043913665815, -14.0, -0.5135629666055126, -0.41528130338378033, 0.0, -0.4962119270495635, -0.83600788464854, 0.0, 0.01400182216322099];39.116564699914306
[26.84659441738468, 1152.2625849115734, 118.41153914874553];True;False;[0.0, 7.25, 1.4500000000000002, 0.0, 0.0, 13.9656752429391, 0.5, 0.5, 14237.383967534777, 10500.0, 10500.0, 0.0, 3.0, 0.0, 0.025, 0.05320758858018654, 0.0, 0.0, 0.05, 0.5, 0.5, 0.05, 0.5, 0.5, 0.0736404938017619, 0.0, 0.0, 0.05, 0.5, 0.5, 0.05, 0.5, 0.5, 0.0, 0.0, 0.0, 0.030000000000000002, 0.255, 0.0, 0.0, 0.0];[0.4250903861455626, -1.4512980305376475, -3.7902779399634188, 0.6606058844598479, -0.4, -1.0343247570609009, -14.0, -14.0, -1.0, 0.0, 0.0, -1.0, 0.0, 0.0, 0.02404624938540445];7.529278800007887
[27.330599076387625, 1119.8570138903988, 118.75564684478576];True;False;[0.0, 7.25, 1.4500000000000002, 0.0, 0.0, 14.099475138515425, 0.5, 0.5, 9228.014013968188, 10500.0, 10500.0, 0.0, 3.0, 0.0, 0.025, 0.053192453951017585, 0.0, 0.0, 0.05, 0.5, 0.5, 0.05, 0.5, 0.5, 0.02978726567178801, 0.0, 0.0, 0.05, 0.5, 0.5, 0.05, 0.5, 0.5, 0.0, 0.0, 0.0, 0.030000000000000002, 0.255, 0.0, 0.0, 0.0];[0.3594039918235783, -1.4682188281899309, -3.638551034040237, 0.6857255901654999, -0.4, -0.9005248614845751, -14.0, -14.0, -1.0, 0.0, 0.0, -1.0, 0.0, 0.0, 0.0311299799494823];9.593287399969995
[1e+30, 1e+30, 1e+30];False;False;[0.0, 7.25, 1.4500000000000002, 0.0, 0.0, 9.158053931044938, 0.5, 0.5, 5579.966666702985, 10500.0, 10500.0, 0.0, 3.0, 0.0, 0.025, 0.018056210293181767, 0.0, 0.0, 0.05, 0.5, 0.5, 0.05, 0.5, 0.5, 0.07459311134541123, 0.0, 0.0, 0.05, 0.5, 0.5, 0.05, 0.5, 0.5, 0.0, 0.0, 0.0, 0.030000000000000002, 0.255, 0.0, 0.0, 0.0];[1e+30, 1e+30, 1e+30, 1e+30, 1e+30, 1e+30, 1e+30, 1e+30, 1e+30, 1e+30, 1e+30, 1e+30, 1e+30, 1e+30, 1e+30];16.194745299988426
[1e+30, 1e+30, 1e+30];False;False;[0.0, 7.25, 1.4500000000000002, 0.0, 2.0, 9.052786172338385, 0.4670311414898841, 0.41178290852504873, 10679.240603458196, 2619.8906918866437, 3362.1513705205525, 0.0, 3.0, 0.0, 0.025, 0.019612448334868957, 0.3333333333333333, 0.3333333333333333, 0.04838787180444866, 0.8141671584175414, 0.0, 0.038499318199977636, 0.3333333333333333, 0.3333333333333333, 0.06630589226473652, 0.0788480863459832, 0.3589906899028162, 0.06483074512345392, 0.3333333333333333, 0.3333333333333333, 0.03201127649601596, 0.37347918576716704, 0.3582830780536727, 0.0, 0.0, 0.0, 0.030000000000000002, 0.255, 0.0, 0.0, 0.0];[1e+30, 1e+30, 1e+30, 1e+30, 1e+30, 1e+30, 1e+30, 1e+30, 1e+30, 1e+30, 1e+30, 1e+30, 1e+30, 1e+30, 1e+30];86.59164099988993
[1e+30, 1e+30, 1e+30];False;False;[0.0, 7.25, 1.4500000000000002, 0.0, 1.0, 11.004406130055179, 0.19112826763789875, 0.5, 10577.482733491606, 12325.294204273627, 10500.0, 0.0, 3.0, 0.0, 0.025, 0.06902632753464077, 0.4864370333944874, 0.0, 0.04123309970288403, 0.7247034644061265, 0.0, 0.05, 0.5, 0.5, 0.02945643759321122, 0.46981162367526436, 0.0, 0.054480209377005304, 0.0, 0.0, 0.05, 0.5, 0.5, 0.0, 0.0, 0.0, 0.030000000000000002, 0.255, 0.0, 1.0, 1.0];[1e+30, 1e+30, 1e+30, 1e+30, 1e+30, 1e+30, 1e+30, 1e+30, 1e+30, 1e+30, 1e+30, 1e+30, 1e+30, 1e+30, 1e+30];66.04839560005348
[1e+30, 1e+30, 1e+30];False;False;[0.0, 7.25, 1.4500000000000002, 0.0, 0.0, 11.004406130055179, 0.5, 0.5, 10298.272329923704, 10500.0, 10500.0, 0.0, 3.0, 0.0, 0.025, 0.06902632753464077, 0.0, 0.0, 0.05, 0.5, 0.5, 0.05, 0.5, 0.5, 0.029205178101413497, 0.0, 0.0, 0.05, 0.5, 0.5, 0.05, 0.5, 0.5, 0.0, 0.0, 0.0, 0.030000000000000002, 0.255, 0.0, 0.0, 0.0];[1e+30, 1e+30, 1e+30, 1e+30, 1e+30, 1e+30, 1e+30, 1e+30, 1e+30, 1e+30, 1e+30, 1e+30, 1e+30, 1e+30, 1e+30];46.225906100007705
[25.40039138460544, 1333.8617976041019, 117.71955618314851];True;False;[0.0, 7.25, 1.4500000000000002, 0.0, 1.0, 14.26785219069085, 0.5436782104553294, 0.5, 10044.886726439587, 9418.761624858016, 10500.0, 0.0, 3.0, 0.0, 0.025, 0.053192453951017585, 0.0643251827223151, 0.0, 0.06857402657040423, 0.679716956013764, 0.0, 0.05, 0.5, 0.5, 0.02933239070774705, 0.5025347644844015, 0.0, 0.05799622715453539, 0.18807224893926097, 0.0, 0.05, 0.5, 0.5, 0.0, 0.0, 0.0, 0.030000000000000002, 0.255, 0.0, 0.0, 0.0];[1.0390665201944946, -1.3926395846305875, -2.6052477513583536, 0.6411175031508813, -0.35632178954467064, -11.539459467143402, -10.876987408405512, -14.0, -0.9356748172776849, -0.32028304398623597, 0.0, -0.4974652355155985, -0.811927751060739, 0.0, 0.012554353493915982];20.314970400067978
[1e+30, 1e+30, 1e+30];False;False;[0.0, 7.25, 1.4500000000000002, 0.0, 0.0, 13.390933976391713, 0.5, 0.5, 12860.689597184677, 10500.0, 10500.0, 0.0, 3.0, 0.0, 0.025, 0.018829319552697732, 0.0, 0.0, 0.05, 0.5, 0.5, 0.05, 0.5, 0.5, 0.020647567048284576, 0.0, 0.0, 0.05, 0.5, 0.5, 0.05, 0.5, 0.5, 0.0, 0.0, 0.0, 0.030000000000000002, 0.255, 0.0, 0.0, 0.0];[1e+30, 1e+30, 1e+30, 1e+30, 1e+30, 1e+30, 1e+30, 1e+30, 1e+30, 1e+30, 1e+30, 1e+30, 1e+30, 1e+30, 1e+30];39.770521899918094
[28.042160348182403, 1081.7678553844664, 119.14062954661124];True;False;[0.0, 7.25, 1.4500000000000002, 0.0, 0.0, 13.847263003657776, 0.5, 0.5, 12670.335329528281, 10500.0, 10500.0, 0.0, 3.0, 0.0, 0.025, 0.018483203705123546, 0.0, 0.0, 0.05, 0.5, 0.5, 0.05, 0.5, 0.5, 0.015273419719468082, 0.0, 0.0, 0.05, 0.5, 0.5, 0.05, 0.5, 0.5, 0.0, 0.0, 0.0, 0.030000000000000002, 0.255, 0.0, 0.0, 0.0];[0.2914826829600923, -1.4857153392318325, -3.92386332565299, 0.7059490740999934, -0.4, -1.1527369963422238, -14.0, -14.0, -1.0, 0.0, 0.0, -1.0, 0.0, 0.0, 0.03865897374989735];22.893536299932748
[1e+30, 1e+30, 1e+30];False;False;[0.0, 7.25, 1.4500000000000002, 0.0, 0.0, 14.26785219069085, 0.5, 0.5, 10127.152315028465, 10500.0, 10500.0, 0.0, 3.0, 0.0, 0.025, 0.002273974078346574, 0.0, 0.0, 0.05, 0.5, 0.5, 0.05, 0.5, 0.5, 0.0525817650829973, 0.0, 0.0, 0.05, 0.5, 0.5, 0.05, 0.5, 0.5, 0.0, 0.0, 0.0, 0.030000000000000002, 0.255, 0.0, 0.0, 0.0];[1e+30, 1e+30, 1e+30, 1e+30, 1e+30, 1e+30, 1e+30, 1e+30, 1e+30, 1e+30, 1e+30, 1e+30, 1e+30, 1e+30, 1e+30];29.52045760001056
[28.101605779017273, 1078.489682414348, 119.17532931700197];True;False;[0.0, 7.25, 1.4500000000000002, 0.0, 0.0, 13.847263003657776, 0.5, 0.5, 10855.767403548813, 10500.0, 10500.0, 0.0, 3.0, 0.0, 0.025, 0.0006429454358243963, 0.0, 0.0, 0.05, 0.5, 0.5, 0.05, 0.5, 0.5, 0.028131323566010863, 0.0, 0.0, 0.05, 0.5, 0.5, 0.05, 0.5, 0.5, 0.0, 0.0, 0.0, 0.030000000000000002, 0.255, 0.0, 0.0, 0.0];[0.28500379562233835, -1.4873842988814845, -3.9238633256527926, 0.708194424239164, -0.4, -1.1527369963422238, -14.0, -14.0, -1.0, 0.0, 0.0, -1.0, 0.0, 0.0, 0.03938831712212354];22.18977509997785
[31.236547674092815, 1243.296466000701, 117.95284202892319];True;False;[0.0, 7.25, 1.4500000000000002, 0.0, 1.0, 6.357286396145014, 0.43393398084970336, 0.5, 14200.916715583007, 9565.140266811475, 10500.0, 0.0, 3.0, 0.0, 0.025, 0.035081361951321714, 0.36377380005036564, 0.0, 0.033569150780858335, 0.8253081709945173, 0.0, 0.05, 0.5, 0.5, 0.09766715930824443, 0.21254240254829337, 0.0, 0.016408598409203234, 0.021530999108146598, 0.0, 0.05, 0.5, 0.5, 0.0, 0.0, 0.0, 0.030000000000000002, 0.255, 0.0, 0.0, 1.0];[1.1969343595165576, -1.354808747970284, -10.911682480687965, 0.412820940723472, -0.46606601915029666, -12.120231342442777, -12.792431562354174, -14.0, -0.6362261999496344, -0.17469182900548275, 0.0, -0.7874575974517066, -0.9784690008918534, 0.0, -0.0016490484087314794];36.66552399995271
[1e+30, 1e+30, 1e+30];False;False;[0.0, 7.25, 1.4500000000000002, 0.0, 0.0, 14.26785219069085, 0.5, 0.5, 14173.44131332117, 10500.0, 10500.0, 0.0, 3.0, 0.0, 0.025, 0.055145685379386036, 0.0, 0.0, 0.05, 0.5, 0.5, 0.05, 0.5, 0.5, 0.016524917089151207, 0.0, 0.0, 0.05, 0.5, 0.5, 0.05, 0.5, 0.5, 0.0, 0.0, 0.0, 0.030000000000000002, 0.255, 0.0, 0.0, 0.0];[1e+30, 1e+30, 1e+30, 1e+30, 1e+30, 1e+30, 1e+30, 1e+30, 1e+30, 1e+30, 1e+30, 1e+30, 1e+30, 1e+30, 1e+30];42.51645519991871
[27.204923080342475, 1129.4226357580678, 118.64702456561402];True;False;[0.0, 7.25, 1.4500000000000002, 0.0, 0.0, 13.965891716973914, 0.5, 0.5, 14167.412073153708, 10500.0, 10500.0, 0.0, 3.0, 0.0, 0.025, 0.024479610223169475, 0.0, 0.0, 0.05, 0.5, 0.5, 0.05, 0.5, 0.5, 0.07245483628040386, 0.0, 0.0, 0.05, 0.5, 0.5, 0.05, 0.5, 0.5, 0.0, 0.0, 0.0, 0.030000000000000002, 0.255, 0.0, 0.0, 0.0];[0.38133565010651616, -1.4625692388675924, -3.790033132071617, 0.676056968102432, -0.4, -1.034108283026086, -14.0, -14.0, -1.0, 0.0, 0.0, -1.0, 0.0, 0.0, 0.02874363283897141];7.78156679996755
[27.33612289543516, 1119.5209942325941, 118.75914360358124];True;False;[0.0, 7.25, 1.4500000000000002, 0.0, 0.0, 14.099475138515425, 0.5, 0.5, 10110.699232308389, 10500.0, 10500.0, 0.0, 3.0, 0.0, 0.025, 0.053192453951017585, 0.0, 0.0, 0.05, 0.5, 0.5, 0.05, 0.5, 0.5, 0.02933239070774705, 0.0, 0.0, 0.05, 0.5, 0.5, 0.05, 0.5, 0.5, 0.0, 0.0, 0.0, 0.030000000000000002, 0.255, 0.0, 0.0, 0.0];[0.358754089185493, -1.4683862429361152, -3.6385510340402423, 0.6859553262070306, -0.4, -0.9005248614845751, -14.0, -14.0, -1.0, 0.0, 0.0, -1.0, 0.0, 0.0, 0.031201023424582752];9.619530000025406
[27.973989571224486, 1084.88039872877, 119.1108679578059];True;False;[0.0, 7.25, 1.4500000000000002, 0.0, 0.0, 13.900222488189897, 0.5, 0.5, 10629.604154264765, 10500.0, 10500.0, 0.0, 3.0, 0.0, 0.025, 0.0212215589334105, 0.0, 0.0, 0.05, 0.5, 0.5, 0.05, 0.5, 0.5, 0.016250140413250045, 0.0, 0.0, 0.05, 0.5, 0.5, 0.05, 0.5, 0.5, 0.0, 0.0, 0.0, 0.030000000000000002, 0.255, 0.0, 0.0, 0.0];[0.2962566298173339, -1.484485571795089, -3.8641980515576773, 0.7050805658597616, -0.4, -1.0997775118101032, -14.0, -14.0, -1.0, 0.0, 0.0, -1.0, 0.0, 0.0, 0.0381228203466627];26.513612000038847
[27.864834018017973, 1126.030096763885, 118.52059410319572];True;False;[0.0, 7.25, 1.4500000000000002, 0.0, 0.0, 11.75345948303215, 0.5, 0.5, 10475.22576289678, 10500.0, 10500.0, 0.0, 3.0, 0.0, 0.025, 0.06998701584687468, 0.0, 0.0, 0.05, 0.5, 0.5, 0.05, 0.5, 0.5, 0.05322599523979652, 0.0, 0.0, 0.05, 0.5, 0.5, 0.05, 0.5, 0.5, 0.0, 0.0, 0.0, 0.030000000000000002, 0.255, 0.0, 0.0, 0.0];[0.437819995742176, -1.4480188865018047, -6.178375477737292, 0.6215151473708243, -0.4, -3.2465405169678494, -14.0, -14.0, -1.0, 0.0, 0.0, -1.0, 0.0, 0.0, 0.0226952677435055];27.14884129993152
[28.254658850331857, 1070.0818575538437, 119.26568345414015];True;False;[0.0, 7.25, 1.4500000000000002, 0.0, 0.0, 13.847263003657776, 0.5, 0.5, 9943.260158529722, 10500.0, 10500.0, 0.0, 3.0, 0.0, 0.025, 0.0003919187868625801, 0.0, 0.0, 0.05, 0.5, 0.5, 0.05, 0.5, 0.5, 0.016250140413250045, 0.0, 0.0, 0.05, 0.5, 0.5, 0.05, 0.5, 0.5, 0.0, 0.0, 0.0, 0.030000000000000002, 0.255, 0.0, 0.0, 0.0];[0.26833622965525716, -1.4916778594277142, -3.923863325652899, 0.7140758800553717, -0.4, -1.1527369963422238, -14.0, -14.0, -1.0, 0.0, 0.0, -1.0, 0.0, 0.0, 0.04127373164083714];34.97655570006464
[27.187230396439183, 1123.56874818966, 118.74305485516649];True;False;[0.0, 7.25, 1.4500000000000002, 0.0, 0.0, 14.486462647018481, 0.5, 0.5, 9228.014013968188, 10500.0, 10500.0, 0.0, 3.0, 0.0, 0.025, 0.053192453951017585, 0.0, 0.0, 0.05, 0.5, 0.5, 0.05, 0.5, 0.5, 0.02933239070774705, 0.0, 0.0, 0.05, 0.5, 0.5, 0.05, 0.5, 0.5, 0.0, 0.0, 0.0, 0.030000000000000002, 0.255, 0.0, 0.0, 0.0];[0.35671733770211045, -1.4689109095748238, -3.195044700608925, 0.6921143342471916, -0.4, -0.513537352981519, -14.0, -14.0, -1.0, 0.0, 0.0, -1.0, 0.0, 0.0, 0.03142379209675039];10.447334600030445
[26.825656791073577, 1150.1799584971523, 118.45021963533362];True;False;[0.0, 7.25, 1.4500000000000002, 0.0, 0.0, 14.210286956392203, 0.5, 0.5, 14811.212188586347, 10500.0, 10500.0, 0.0, 3.0, 0.0, 0.025, 0.06902632753464077, 0.0, 0.0, 0.05, 0.5, 0.5, 0.05, 0.5, 0.5, 0.05193617293965405, 0.0, 0.0, 0.05, 0.5, 0.5, 0.05, 0.5, 0.5, 0.0, 0.0, 0.0, 0.030000000000000002, 0.255, 0.0, 0.0, 0.0];[0.41472537620115624, -1.4539680543339502, -3.512264183823067, 0.6676442003423269, -0.4, -0.7897130436077973, -14.0, -14.0, -1.0, 0.0, 0.0, -1.0, 0.0, 0.0, 0.025151447371135838];7.974767799954861
[27.34428324136965, 1121.449698703017, 118.7269752326118];True;False;[0.0, 7.25, 1.4500000000000002, 0.0, 0.0, 13.921868300610061, 0.5, 0.5, 14551.771953176896, 10500.0, 10500.0, 0.0, 3.0, 0.0, 0.025, 0.06902632753464077, 0.0, 0.0, 0.05, 0.5, 0.5, 0.05, 0.5, 0.5, 0.01806945135241711, 0.0, 0.0, 0.05, 0.5, 0.5, 0.05, 0.5, 0.5, 0.0, 0.0, 0.0, 0.030000000000000002, 0.255, 0.0, 0.0, 0.0];[0.3670963903664548, -1.4662372683776055, -3.83977398732428, 0.680449843490891, -0.4, -1.0781316993899388, -14.0, -14.0, -1.0, 0.0, 0.0, -1.0, 0.0, 0.0, 0.030290534178090023];9.119378099916503
[1e+30, 1e+30, 1e+30];False;False;[0.0, 7.25, 1.4500000000000002, 0.0, 0.0, 13.860815744961744, 0.5, 0.5, 10034.4322415113, 10500.0, 10500.0, 0.0, 3.0, 0.0, 0.025, 0.01804751642284049, 0.0, 0.0, 0.05, 0.5, 0.5, 0.05, 0.5, 0.5, 0.015273419719468082, 0.0, 0.0, 0.05, 0.5, 0.5, 0.05, 0.5, 0.5, 0.0, 0.0, 0.0, 0.030000000000000002, 0.255, 0.0, 0.0, 0.0];[1e+30, 1e+30, 1e+30, 1e+30, 1e+30, 1e+30, 1e+30, 1e+30, 1e+30, 1e+30, 1e+30, 1e+30, 1e+30, 1e+30, 1e+30];46.516214700066485
[1e+30, 1e+30, 1e+30];False;False;[0.0, 7.25, 1.4500000000000002, 0.0, 0.0, 14.26785219069085, 0.5, 0.5, 6078.9095336616865, 10500.0, 10500.0, 0.0, 3.0, 0.0, 0.025, 0.021533288585714683, 0.0, 0.0, 0.05, 0.5, 0.5, 0.05, 0.5, 0.5, 0.0284061002417472, 0.0, 0.0, 0.05, 0.5, 0.5, 0.05, 0.5, 0.5, 0.0, 0.0, 0.0, 0.030000000000000002, 0.255, 0.0, 0.0, 0.0];[1e+30, 1e+30, 1e+30, 1e+30, 1e+30, 1e+30, 1e+30, 1e+30, 1e+30, 1e+30, 1e+30, 1e+30, 1e+30, 1e+30, 1e+30];39.410646399948746
[1e+30, 1e+30, 1e+30];False;False;[0.0, 7.25, 1.4500000000000002, 0.0, 0.0, 7.6923666953001035, 0.5, 0.5, 12834.238827072224, 10500.0, 10500.0, 0.0, 3.0, 0.0, 0.025, 0.01752389853408637, 0.0, 0.0, 0.05, 0.5, 0.5, 0.05, 0.5, 0.5, 0.07465836175515797, 0.0, 0.0, 0.05, 0.5, 0.5, 0.05, 0.5, 0.5, 0.0, 0.0, 0.0, 0.030000000000000002, 0.255, 0.0, 0.0, 0.0];[1e+30, 1e+30, 1e+30, 1e+30, 1e+30, 1e+30, 1e+30, 1e+30, 1e+30, 1e+30, 1e+30, 1e+30, 1e+30, 1e+30, 1e+30];29.418463099980727
[1e+30, 1e+30, 1e+30];False;False;[0.0, 7.25, 1.4500000000000002, 0.0, 0.0, 9.158053931044938, 0.5, 0.5, 5579.966666702985, 10500.0, 10500.0, 0.0, 3.0, 0.0, 0.025, 0.053580676864366725, 0.0, 0.0, 0.05, 0.5, 0.5, 0.05, 0.5, 0.5, 0.054055038334011735, 0.0, 0.0, 0.05, 0.5, 0.5, 0.05, 0.5, 0.5, 0.0, 0.0, 0.0, 0.030000000000000002, 0.255, 0.0, 0.0, 0.0];[1e+30, 1e+30, 1e+30, 1e+30, 1e+30, 1e+30, 1e+30, 1e+30, 1e+30, 1e+30, 1e+30, 1e+30, 1e+30, 1e+30, 1e+30];23.877521299989894
[27.422370565255, 1117.7417597792346, 118.76061426907509];True;False;[0.0, 7.25, 1.4500000000000002, 0.0, 0.0, 13.847462856844672, 0.5, 0.5, 13044.759067638399, 10500.0, 10500.0, 0.0, 3.0, 0.0, 0.025, 0.05547839588790073, 0.0, 0.0, 0.05, 0.5, 0.5, 0.05, 0.5, 0.5, 0.028135534945768335, 0.0, 0.0, 0.05, 0.5, 0.5, 0.05, 0.5, 0.5, 0.0, 0.0, 0.0, 0.030000000000000002, 0.255, 0.0, 0.0, 0.0];[0.36186461213778554, -1.4675849730534805, -3.9236384112685077, 0.6812071565782667, -0.4, -1.1525371431553282, -14.0, -14.0, -1.0, 0.0, 0.0, -1.0, 0.0, 0.0, 0.0308611717200451];9.00560759997461
[28.288443571948612, 1116.934015029747, 118.559234689836];True;False;[0.0, 7.25, 1.4500000000000002, 0.0, 0.0, 11.004406130055179, 0.5, 0.5, 14308.874909777775, 10500.0, 10500.0, 0.0, 3.0, 0.0, 0.025, 0.06902632753464077, 0.0, 0.0, 0.05, 0.5, 0.5, 0.05, 0.5, 0.5, 0.05193617293965405, 0.0, 0.0, 0.05, 0.5, 0.5, 0.05, 0.5, 0.5, 0.0, 0.0, 0.0, 0.030000000000000002, 0.255, 0.0, 0.0, 0.0];[0.4440162527953193, -1.4464227323380696, -6.935285582284832, 0.6055213796495929, -0.4, -3.9955938699448215, -14.0, -14.0, -1.0, 0.0, 0.0, -1.0, 0.0, 0.0, 0.022040182065425795];28.918092399952002
[1e+30, 1e+30, 1e+30];False;False;[0.0, 7.25, 1.4500000000000002, 0.0, 0.0, 13.834693983839836, 0.5, 0.5, 10113.554118955033, 10500.0, 10500.0, 0.0, 3.0, 0.0, 0.025, 0.05939744356309433, 0.0, 0.0, 0.05, 0.5, 0.5, 0.05, 0.5, 0.5, 0.014472920920971747, 0.0, 0.0, 0.05, 0.5, 0.5, 0.05, 0.5, 0.5, 0.0, 0.0, 0.0, 0.030000000000000002, 0.255, 0.0, 0.0, 0.0];[1e+30, 1e+30, 1e+30, 1e+30, 1e+30, 1e+30, 1e+30, 1e+30, 1e+30, 1e+30, 1e+30, 1e+30, 1e+30, 1e+30, 1e+30];41.906817200011574
[1e+30, 1e+30, 1e+30];False;False;[0.0, 7.25, 1.4500000000000002, 0.0, 0.0, 13.778585259253129, 0.5, 0.5, 10855.767403548813, 10500.0, 10500.0, 0.0, 3.0, 0.0, 0.025, 0.000646298442956076, 0.0, 0.0, 0.05, 0.5, 0.5, 0.05, 0.5, 0.5, 0.015795265451462443, 0.0, 0.0, 0.05, 0.5, 0.5, 0.05, 0.5, 0.5, 0.0, 0.0, 0.0, 0.030000000000000002, 0.255, 0.0, 0.0, 0.0];[1e+30, 1e+30, 1e+30, 1e+30, 1e+30, 1e+30, 1e+30, 1e+30, 1e+30, 1e+30, 1e+30, 1e+30, 1e+30, 1e+30, 1e+30];25.074826600030065
[1e+30, 1e+30, 1e+30];False;False;[0.0, 7.25, 1.4500000000000002, 0.0, 0.0, 13.872359725472286, 0.5, 0.5, 10043.632493845296, 10500.0, 10500.0, 0.0, 3.0, 0.0, 0.025, 0.053192453951017585, 0.0, 0.0, 0.05, 0.5, 0.5, 0.05, 0.5, 0.5, 0.028170638007416062, 0.0, 0.0, 0.05, 0.5, 0.5, 0.05, 0.5, 0.5, 0.0, 0.0, 0.0, 0.030000000000000002, 0.255, 0.0, 0.0, 0.0];[1e+30, 1e+30, 1e+30, 1e+30, 1e+30, 1e+30, 1e+30, 1e+30, 1e+30, 1e+30, 1e+30, 1e+30, 1e+30, 1e+30, 1e+30];52.88814779999666
[28.25166769574092, 1070.2488788036621, 119.26383078222833];True;False;[0.0, 7.25, 1.4500000000000002, 0.0, 0.0, 13.847263003657776, 0.5, 0.5, 10629.604154264765, 10500.0, 10500.0, 0.0, 3.0, 0.0, 0.025, 0.0006394421383851715, 0.0, 0.0, 0.05, 0.5, 0.5, 0.05, 0.5, 0.5, 0.016250140413250045, 0.0, 0.0, 0.05, 0.5, 0.5, 0.05, 0.5, 0.5, 0.0, 0.0, 0.0, 0.030000000000000002, 0.255, 0.0, 0.0, 0.0];[0.2686680429925081, -1.4915923844005654, -3.923863325652814, 0.7139533428061198, -0.4, -1.1527369963422238, -14.0, -14.0, -1.0, 0.0, 0.0, -1.0, 0.0, 0.0, 0.04123606874594832];20.699249800061807
[27.115222492665634, 1142.6370337831463, 118.47342119677978];True;False;[0.0, 7.25, 1.4500000000000002, 0.0, 0.0, 13.447823028087761, 0.5, 0.5, 12943.516016168316, 10500.0, 10500.0, 0.0, 3.0, 0.0, 0.025, 0.06852409680335186, 0.0, 0.0, 0.05, 0.5, 0.5, 0.05, 0.5, 0.5, 0.05332357355497594, 0.0, 0.0, 0.05, 0.5, 0.5, 0.05, 0.5, 0.5, 0.0, 0.0, 0.0, 0.030000000000000002, 0.255, 0.0, 0.0, 0.0];[0.42059651633117046, -1.452455650202874, -4.36969027412232, 0.6547794536844189, -0.4, -1.552176971912239, -14.0, -14.0, -1.0, 0.0, 0.0, -1.0, 0.0, 0.0, 0.02452484900511287];8.860762300086208
[27.330599076387625, 1119.8570138903988, 118.75564684478576];True;False;[0.0, 7.25, 1.4500000000000002, 0.0, 0.0, 14.099475138515425, 0.5, 0.5, 9228.014013968188, 10500.0, 10500.0, 0.0, 3.0, 0.0, 0.025, 0.053192453951017585, 0.0, 0.0, 0.05, 0.5, 0.5, 0.05, 0.5, 0.5, 0.02978726567178801, 0.0, 0.0, 0.05, 0.5, 0.5, 0.05, 0.5, 0.5, 0.0, 0.0, 0.0, 0.030000000000000002, 0.255, 0.0, 0.0, 0.0];[0.3594039918235783, -1.4682188281899309, -3.638551034040237, 0.6857255901654999, -0.4, -0.9005248614845751, -14.0, -14.0, -1.0, 0.0, 0.0, -1.0, 0.0, 0.0, 0.0311299799494823];9.15129289997276
[30.456425984253723, 1050.903788976009, 119.15131657736234];True;False;[0.0, 7.25, 1.4500000000000002, 0.0, 0.0, 9.158053931044938, 0.5, 0.5, 5579.966666702985, 10500.0, 10500.0, 0.0, 3.0, 0.0, 0.025, 0.018829319552697732, 0.0, 0.0, 0.05, 0.5, 0.5, 0.05, 0.5, 0.5, 0.030934051765397066, 0.0, 0.0, 0.05, 0.5, 0.5, 0.05, 0.5, 0.5, 0.0, 0.0, 0.0, 0.030000000000000002, 0.255, 0.0, 0.0, 0.0];[0.3765574941655272, -1.4638000905631798, -8.68842978950154, 0.5841878497178359, -0.4, -5.841946068955062, -14.0, -14.0, -1.0, 0.0, 0.0, -1.0, 0.0, 0.0, 0.029261707225158973];21.141921299975365
[27.591051824075596, 1107.528016426543, 118.86835123706966];True;False;[0.0, 7.25, 1.4500000000000002, 0.0, 0.0, 13.857122927038414, 0.5, 0.5, 10056.502949205294, 10500.0, 10500.0, 0.0, 3.0, 0.0, 0.025, 0.052751678125458334, 0.0, 0.0, 0.05, 0.5, 0.5, 0.05, 0.5, 0.5, 0.01675508361725818, 0.0, 0.0, 0.05, 0.5, 0.5, 0.05, 0.5, 0.5, 0.0, 0.0, 0.0, 0.030000000000000002, 0.255, 0.0, 0.0, 0.0];[0.34175851314533645, -1.4727642987896494, -3.9127647790965856, 0.6884189978030122, -0.4, -1.1428770729615856, -14.0, -14.0, -1.0, 0.0, 0.0, -1.0, 0.0, 0.0, 0.03306564913065335];18.500965100014582
[28.2744735063853, 1117.7424162924808, 118.5504984545518];True;False;[0.0, 7.25, 1.4500000000000002, 0.0, 0.0, 11.004406130055179, 0.5, 0.5, 9217.77286517161, 10500.0, 10500.0, 0.0, 3.0, 0.0, 0.025, 0.06888321300261312, 0.0, 0.0, 0.05, 0.5, 0.5, 0.05, 0.5, 0.5, 0.053159767391165166, 0.0, 0.0, 0.05, 0.5, 0.5, 0.05, 0.5, 0.5, 0.0, 0.0, 0.0, 0.030000000000000002, 0.255, 0.0, 0.0, 0.0];[0.4456133115080947, -1.4460113304397508, -6.935285582284761, 0.6050071511403559, -0.4, -3.9955938699448215, -14.0, -14.0, -1.0, 0.0, 0.0, -1.0, 0.0, 0.0, 0.02187160260547283];34.51165520003997
[29.832534091197605, 1081.6677923444731, 118.79949864918703];True;False;[0.0, 7.25, 1.4500000000000002, 0.0, 0.0, 9.158053931044938, 0.5, 0.5, 5579.966666702985, 10500.0, 10500.0, 0.0, 3.0, 0.0, 0.025, 0.019027829378360443, 0.0, 0.0, 0.05, 0.5, 0.5, 0.05, 0.5, 0.5, 0.07470700505052802, 0.0, 0.0, 0.05, 0.5, 0.5, 0.05, 0.5, 0.5, 0.0, 0.0, 0.0, 0.030000000000000002, 0.255, 0.0, 0.0, 0.0];[0.43987084103279894, -1.4474905893021026, -8.688429789501516, 0.5653956727234339, -0.4, -5.841946068955062, -14.0, -14.0, -1.0, 0.0, 0.0, -1.0, 0.0, 0.0, 0.02247826467545344];9.976025699987076
[27.26090597504823, 1122.0520382217849, 118.74325542710422];True;False;[0.0, 7.25, 1.4500000000000002, 0.0, 0.0, 14.254299449386881, 0.5, 0.5, 12679.53558186227, 10500.0, 10500.0, 0.0, 3.0, 0.0, 0.025, 0.054401274938530156, 0.0, 0.0, 0.05, 0.5, 0.5, 0.05, 0.5, 0.5, 0.02933239070774705, 0.0, 0.0, 0.05, 0.5, 0.5, 0.05, 0.5, 0.5, 0.0, 0.0, 0.0, 0.030000000000000002, 0.255, 0.0, 0.0, 0.0];[0.3596723808768507, -1.4681496912414194, -3.461947427564578, 0.6878281355744524, -0.4, -0.7457005506131189, -14.0, -14.0, -1.0, 0.0, 0.0, -1.0, 0.0, 0.0, 0.031100646804921084];12.419652799959294
[30.408217287280518, 1054.791992858034, 119.10233296768692];True;False;[0.0, 7.25, 1.4500000000000002, 0.0, 0.0, 9.105094446518992, 0.5, 0.5, 5579.966666702985, 10500.0, 10500.0, 0.0, 3.0, 0.0, 0.025, 0.0013441178718917816, 0.0, 0.0, 0.05, 0.5, 0.5, 0.05, 0.5, 0.5, 0.05405117801173459, 0.0, 0.0, 0.05, 0.5, 0.5, 0.05, 0.5, 0.5, 0.0, 0.0, 0.0, 0.030000000000000002, 0.255, 0.0, 0.0, 0.0];[0.3866839263794226, -1.4611915243266014, -8.736338942089525, 0.5797699004112886, -0.4, -5.894905553481008, -14.0, -14.0, -1.0, 0.0, 0.0, -1.0, 0.0, 0.0, 0.028164944495592037];18.27102730004117
[27.214380104454825, 1124.7342642909107, 118.71633105720414];True;False;[0.0, 7.25, 1.4500000000000002, 0.0, 0.0, 14.26792615521079, 0.5, 0.5, 9160.947275505097, 10500.0, 10500.0, 0.0, 3.0, 0.0, 0.025, 0.053192453951017585, 0.0, 0.0, 0.05, 0.5, 0.5, 0.05, 0.5, 0.5, 0.03397836867124775, 0.0, 0.0, 0.05, 0.5, 0.5, 0.05, 0.5, 0.5, 0.0, 0.0, 0.0, 0.030000000000000002, 0.255, 0.0, 0.0, 0.0];[0.36449787027392944, -1.4669066464601614, -3.446350666318647, 0.6863030953260398, -0.4, -0.7320738447892108, -14.0, -14.0, -1.0, 0.0, 0.0, -1.0, 0.0, 0.0, 0.03057380506127172];9.249918600078672
[28.251632624090394, 1070.2512962092287, 119.26379805354475];True;False;[0.0, 7.25, 1.4500000000000002, 0.0, 0.0, 13.847263003657776, 0.5, 0.5, 10971.76097162374, 10500.0, 10500.0, 0.0, 3.0, 0.0, 0.025, 0.0006429454358243963, 0.0, 0.0, 0.05, 0.5, 0.5, 0.05, 0.5, 0.5, 0.016250140413250045, 0.0, 0.0, 0.05, 0.5, 0.5, 0.05, 0.5, 0.5, 0.0, 0.0, 0.0, 0.030000000000000002, 0.255, 0.0, 0.0, 0.0];[0.2686728453266607, -1.4915911473205703, -3.92386332565294, 0.71395097439146, -0.4, -1.1527369963422238, -14.0, -14.0, -1.0, 0.0, 0.0, -1.0, 0.0, 0.0, 0.04123552368938055];20.21321660000831
[26.58138926546291, 1173.1460292608508, 118.18324251126862];True;False;[0.0, 7.25, 1.4500000000000002, 0.0, 0.0, 13.751000217731274, 0.5, 0.5, 14415.631258702479, 10500.0, 10500.0, 0.0, 3.0, 0.0, 0.025, 0.0754666990469918, 0.0, 0.0, 0.05, 0.5, 0.5, 0.05, 0.5, 0.5, 0.0802034121092293, 0.0, 0.0, 0.05, 0.5, 0.5, 0.05, 0.5, 0.5, 0.0, 0.0, 0.0, 0.030000000000000002, 0.255, 0.0, 0.0, 0.0];[0.4704321245159315, -1.4396180108305743, -4.031981985203489, 0.6416873713816764, -0.4, -1.2489997822687258, -14.0, -14.0, -1.0, 0.0, 0.0, -1.0, 0.0, 0.0, 0.01926574593251784];7.3173718000762165
[1e+30, 1e+30, 1e+30];False;False;[0.0, 7.25, 1.4500000000000002, 0.0, 0.0, 9.158053931044938, 0.5, 0.5, 13674.499392595993, 10500.0, 10500.0, 0.0, 3.0, 0.0, 0.025, 0.05335528853849316, 0.0, 0.0, 0.05, 0.5, 0.5, 0.05, 0.5, 0.5, 0.05405117801173459, 0.0, 0.0, 0.05, 0.5, 0.5, 0.05, 0.5, 0.5, 0.0, 0.0, 0.0, 0.030000000000000002, 0.255, 0.0, 0.0, 0.0];[1e+30, 1e+30, 1e+30, 1e+30, 1e+30, 1e+30, 1e+30, 1e+30, 1e+30, 1e+30, 1e+30, 1e+30, 1e+30, 1e+30, 1e+30];25.208639799966477
[1e+30, 1e+30, 1e+30];False;False;[0.0, 7.25, 1.4500000000000002, 0.0, 0.0, 11.024134012728771, 0.5, 0.5, 10854.1037385135, 10500.0, 10500.0, 0.0, 3.0, 0.0, 0.025, 0.00097829772165927, 0.0, 0.0, 0.05, 0.5, 0.5, 0.05, 0.5, 0.5, 0.015795265451462443, 0.0, 0.0, 0.05, 0.5, 0.5, 0.05, 0.5, 0.5, 0.0, 0.0, 0.0, 0.030000000000000002, 0.255, 0.0, 0.0, 0.0];[1e+30, 1e+30, 1e+30, 1e+30, 1e+30, 1e+30, 1e+30, 1e+30, 1e+30, 1e+30, 1e+30, 1e+30, 1e+30, 1e+30, 1e+30];34.978511100052856
[28.445604113228633, 1106.6828875189271, 118.67475592837059];True;False;[0.0, 7.25, 1.4500000000000002, 0.0, 0.0, 11.061971364353823, 0.5, 0.5, 14452.651716838043, 10500.0, 10500.0, 0.0, 3.0, 0.0, 0.025, 0.053192453951017585, 0.0, 0.0, 0.05, 0.5, 0.5, 0.05, 0.5, 0.5, 0.053351679042322506, 0.0, 0.0, 0.05, 0.5, 0.5, 0.05, 0.5, 0.5, 0.0, 0.0, 0.0, 0.030000000000000002, 0.255, 0.0, 0.0, 0.0];[0.4218110265939812, -1.4521427926832027, -6.878048174236925, 0.6137922095579678, -0.4, -3.9380286356461767, -14.0, -14.0, -1.0, 0.0, 0.0, -1.0, 0.0, 0.0, 0.02439541680855417];26.164376199943945
[27.66293881408293, 1097.8977394970839, 118.99652901438418];True;False;[0.0, 7.25, 1.4500000000000002, 0.0, 0.0, 14.26785219069085, 0.5, 0.5, 10043.632493845296, 10500.0, 10500.0, 0.0, 3.0, 0.0, 0.025, 0.02130790055650604, 0.0, 0.0, 0.05, 0.5, 0.5, 0.05, 0.5, 0.5, 0.029328530386851636, 0.0, 0.0, 0.05, 0.5, 0.5, 0.05, 0.5, 0.5, 0.0, 0.0, 0.0, 0.030000000000000002, 0.255, 0.0, 0.0, 0.0];[0.31242513642240866, -1.4803205688073675, -3.446435347338193, 0.704798900733044, -0.4, -0.7321478093091507, -14.0, -14.0, -1.0, 0.0, 0.0, -1.0, 0.0, 0.0, 0.03631486653367755];22.50447089993395
[1e+30, 1e+30, 1e+30];False;False;[0.0, 7.25, 1.4500000000000002, 0.0, 0.0, 14.24275546887634, 0.5, 0.5, 10855.767403548813, 10500.0, 10500.0, 0.0, 3.0, 0.0, 0.025, 0.0006429454358243963, 0.0, 0.0, 0.05, 0.5, 0.5, 0.05, 0.5, 0.5, 0.02929307626634185, 0.0, 0.0, 0.05, 0.5, 0.5, 0.05, 0.5, 0.5, 0.0, 0.0, 0.0, 0.030000000000000002, 0.255, 0.0, 0.0, 0.0];[1e+30, 1e+30, 1e+30, 1e+30, 1e+30, 1e+30, 1e+30, 1e+30, 1e+30, 1e+30, 1e+30, 1e+30, 1e+30, 1e+30, 1e+30];25.257032199995592
[1e+30, 1e+30, 1e+30];False;False;[0.0, 7.25, 1.4500000000000002, 0.0, 0.0, 10.929800833102892, 0.5, 0.5, 11011.287003631563, 10500.0, 10500.0, 0.0, 3.0, 0.0, 0.025, 0.0006429454358243963, 0.0, 0.0, 0.05, 0.5, 0.5, 0.05, 0.5, 0.5, 0.05140517706820609, 0.0, 0.0, 0.05, 0.5, 0.5, 0.05, 0.5, 0.5, 0.0, 0.0, 0.0, 0.030000000000000002, 0.255, 0.0, 0.0, 0.0];[1e+30, 1e+30, 1e+30, 1e+30, 1e+30, 1e+30, 1e+30, 1e+30, 1e+30, 1e+30, 1e+30, 1e+30, 1e+30, 1e+30, 1e+30];36.78369179996662
[29.92079192202954, 1119.2059847630733, 118.27490914361977];True;False;[0.0, 7.25, 1.4500000000000002, 0.0, 0.0, 7.995543883341991, 0.5, 0.5, 14808.691348414957, 10500.0, 10500.0, 0.0, 3.0, 0.0, 0.025, 0.07621733520998385, 0.0, 0.0, 0.05, 0.5, 0.5, 0.05, 0.5, 0.5, 0.08026866251897605, 0.0, 0.0, 0.05, 0.5, 0.5, 0.05, 0.5, 0.5, 0.0, 0.0, 0.0, 0.030000000000000002, 0.255, 0.0, 0.0, 0.0];[0.5656550558502671, -1.415088609124214, -9.709350402065606, 0.49700706121476457, -0.4, -7.004456116658009, -14.0, -14.0, -1.0, 0.0, 0.0, -1.0, 0.0, 0.0, 0.009504716820966985];15.203542899922468
[27.490232033270406, 1120.2503293887794, 118.70270714167152];True;False;[0.0, 7.25, 1.4500000000000002, 0.0, 0.0, 13.390933976391713, 0.5, 0.5, 12943.516016168316, 10500.0, 10500.0, 0.0, 3.0, 0.0, 0.025, 0.018107632987568352, 0.0, 0.0, 0.05, 0.5, 0.5, 0.05, 0.5, 0.5, 0.07441288921192299, 0.0, 0.0, 0.05, 0.5, 0.5, 0.05, 0.5, 0.5, 0.0, 0.0, 0.0, 0.030000000000000002, 0.255, 0.0, 0.0, 0.0];[0.3789278147860662, -1.4631894966037242, -4.432583576257803, 0.6684172868218687, -0.4, -1.6090660236082872, -14.0, -14.0, -1.0, 0.0, 0.0, -1.0, 0.0, 0.0, 0.02900457697319947];8.146376100019552
[1e+30, 1e+30, 1e+30];False;False;[0.0, 7.25, 1.4500000000000002, 0.0, 0.0, 7.663786528949697, 0.5, 0.5, 10059.25372660465, 10500.0, 10500.0, 0.0, 3.0, 0.0, 0.025, 0.0003885657797320862, 0.0, 0.0, 0.05, 0.5, 0.5, 0.05, 0.5, 0.5, 0.016250140413250045, 0.0, 0.0, 0.05, 0.5, 0.5, 0.05, 0.5, 0.5, 0.0, 0.0, 0.0, 0.030000000000000002, 0.255, 0.0, 0.0, 0.0];[1e+30, 1e+30, 1e+30, 1e+30, 1e+30, 1e+30, 1e+30, 1e+30, 1e+30, 1e+30, 1e+30, 1e+30, 1e+30, 1e+30, 1e+30];26.733080800040625
[28.250044061825307, 1070.3307999750832, 119.26303314773227];True;False;[0.0, 7.25, 1.4500000000000002, 0.0, 0.0, 13.847263003657776, 0.5, 0.5, 10855.767403548813, 10500.0, 10500.0, 0.0, 3.0, 0.0, 0.025, 0.0007624014071449008, 0.0, 0.0, 0.05, 0.5, 0.5, 0.05, 0.5, 0.5, 0.016250140413250045, 0.0, 0.0, 0.05, 0.5, 0.5, 0.05, 0.5, 0.5, 0.0, 0.0, 0.0, 0.030000000000000002, 0.255, 0.0, 0.0, 0.0];[0.2688307813689699, -1.4915504630382082, -3.9238633256528406, 0.7139044644087669, -0.4, -1.1527369963422238, -14.0, -14.0, -1.0, 0.0, 0.0, -1.0, 0.0, 0.0, 0.04121759883515763];20.11319609999191
[1e+30, 1e+30, 1e+30];False;False;[0.0, 7.25, 1.4500000000000002, 0.0, 0.0, 14.267652337503954, 0.5, 0.5, 10855.767403548813, 10500.0, 10500.0, 0.0, 3.0, 0.0, 0.025, 0.0003806404725786479, 0.0, 0.0, 0.05, 0.5, 0.5, 0.05, 0.5, 0.5, 0.028401888861989723, 0.0, 0.0, 0.05, 0.5, 0.5, 0.05, 0.5, 0.5, 0.0, 0.0, 0.0, 0.030000000000000002, 0.255, 0.0, 0.0, 0.0];[1e+30, 1e+30, 1e+30, 1e+30, 1e+30, 1e+30, 1e+30, 1e+30, 1e+30, 1e+30, 1e+30, 1e+30, 1e+30, 1e+30, 1e+30];26.951424300088547
[1e+30, 1e+30, 1e+30];False;False;[0.0, 7.25, 1.4500000000000002, 0.0, 0.0, 14.28042121050879, 0.5, 0.5, 12600.41370441854, 10500.0, 10500.0, 0.0, 3.0, 0.0, 0.025, 0.01227999777975498, 0.0, 0.0, 0.05, 0.5, 0.5, 0.05, 0.5, 0.5, 0.029141900005816755, 0.0, 0.0, 0.05, 0.5, 0.5, 0.05, 0.5, 0.5, 0.0, 0.0, 0.0, 0.030000000000000002, 0.255, 0.0, 0.0, 0.0];[1e+30, 1e+30, 1e+30, 1e+30, 1e+30, 1e+30, 1e+30, 1e+30, 1e+30, 1e+30, 1e+30, 1e+30, 1e+30, 1e+30, 1e+30];44.69027549994644
[26.74519418569717, 1154.6584084033036, 118.40858804191781];True;False;[0.0, 7.25, 1.4500000000000002, 0.0, 0.0, 14.26785219069085, 0.5, 0.5, 10840.14617078946, 10500.0, 10500.0, 0.0, 3.0, 0.0, 0.025, 0.05272578607939003, 0.0, 0.0, 0.05, 0.5, 0.5, 0.05, 0.5, 0.5, 0.0729914475205068, 0.0, 0.0, 0.05, 0.5, 0.5, 0.05, 0.5, 0.5, 0.0, 0.0, 0.0, 0.030000000000000002, 0.255, 0.0, 0.0, 0.0];[0.42175155769847983, -1.4521581118548264, -3.4464353473382356, 0.6659309254502883, -0.4, -0.7321478093091507, -14.0, -14.0, -1.0, 0.0, 0.0, -1.0, 0.0, 0.0, 0.024401753011408123];7.957798399962485
[27.336181130019785, 1119.519446549905, 118.75914971895293];True;False;[0.0, 7.25, 1.4500000000000002, 0.0, 0.0, 14.09932666358151, 0.5, 0.5, 9257.267518795747, 10500.0, 10500.0, 0.0, 3.0, 0.0, 0.025, 0.053192453951017585, 0.0, 0.0, 0.05, 0.5, 0.5, 0.05, 0.5, 0.5, 0.02933239070774705, 0.0, 0.0, 0.05, 0.5, 0.5, 0.05, 0.5, 0.5, 0.0, 0.0, 0.0, 0.030000000000000002, 0.255, 0.0, 0.0, 0.0];[0.3587549241413637, -1.468386027851698, -3.6387198620266776, 0.6859529070651544, -0.4, -0.9006733364184907, -14.0, -14.0, -1.0, 0.0, 0.0, -1.0, 0.0, 0.0, 0.031200932139996307];9.476477300049737
[1e+30, 1e+30, 1e+30];False;False;[0.0, 7.25, 1.4500000000000002, 0.0, 0.0, 14.099475138515425, 0.5, 0.5, 10587.723882288185, 10500.0, 10500.0, 0.0, 3.0, 0.0, 0.025, 0.05333556848304313, 0.0, 0.0, 0.05, 0.5, 0.5, 0.05, 0.5, 0.5, 0.02933239070774705, 0.0, 0.0, 0.05, 0.5, 0.5, 0.05, 0.5, 0.5, 0.0, 0.0, 0.0, 0.030000000000000002, 0.255, 0.0, 0.0, 0.0];[1e+30, 1e+30, 1e+30, 1e+30, 1e+30, 1e+30, 1e+30, 1e+30, 1e+30, 1e+30, 1e+30, 1e+30, 1e+30, 1e+30, 1e+30];33.069825700018555
[27.46685279702265, 1120.8323383982452, 118.70050877378023];True;False;[0.0, 7.25, 1.4500000000000002, 0.0, 0.0, 13.446580460375412, 0.5, 0.5, 12943.516016168316, 10500.0, 10500.0, 0.0, 3.0, 0.0, 0.025, 0.01811363220079846, 0.0, 0.0, 0.05, 0.5, 0.5, 0.05, 0.5, 0.5, 0.07441288921192299, 0.0, 0.0, 0.05, 0.5, 0.5, 0.05, 0.5, 0.5, 0.0, 0.0, 0.0, 0.030000000000000002, 0.255, 0.0, 0.0, 0.0];[0.37854736642160347, -1.4632875000009098, -4.371065591091401, 0.6693949958371048, -0.4, -1.5534195396245885, -14.0, -14.0, -1.0, 0.0, 0.0, -1.0, 0.0, 0.0, 0.02904583083649015];9.13275450002402
[1e+30, 1e+30, 1e+30];False;False;[0.0, 7.25, 1.4500000000000002, 0.0, 0.0, 11.004406130055179, 0.5, 0.5, 14707.29155329606, 10500.0, 10500.0, 0.0, 3.0, 0.0, 0.025, 0.017275147209508068, 0.0, 0.0, 0.05, 0.5, 0.5, 0.05, 0.5, 0.5, 0.07449400422402694, 0.0, 0.0, 0.05, 0.5, 0.5, 0.05, 0.5, 0.5, 0.0, 0.0, 0.0, 0.030000000000000002, 0.255, 0.0, 0.0, 0.0];[1e+30, 1e+30, 1e+30, 1e+30, 1e+30, 1e+30, 1e+30, 1e+30, 1e+30, 1e+30, 1e+30, 1e+30, 1e+30, 1e+30, 1e+30];23.454415200045332
[1e+30, 1e+30, 1e+30];False;False;[0.0, 7.25, 1.4500000000000002, 0.0, 0.0, 14.257992267310211, 0.5, 0.5, 10842.896948188814, 10500.0, 10500.0, 0.0, 3.0, 0.0, 0.025, 0.0014435397439765672, 0.0, 0.0, 0.05, 0.5, 0.5, 0.05, 0.5, 0.5, 0.02882744750413864, 0.0, 0.0, 0.05, 0.5, 0.5, 0.05, 0.5, 0.5, 0.0, 0.0, 0.0, 0.030000000000000002, 0.255, 0.0, 0.0, 0.0];[1e+30, 1e+30, 1e+30, 1e+30, 1e+30, 1e+30, 1e+30, 1e+30, 1e+30, 1e+30, 1e+30, 1e+30, 1e+30, 1e+30, 1e+30];26.44292529998347
[28.101605779017273, 1078.489682414348, 119.17532931700197];True;False;[0.0, 7.25, 1.4500000000000002, 0.0, 0.0, 13.847263003657776, 0.5, 0.5, 10855.767403548813, 10500.0, 10500.0, 0.0, 3.0, 0.0, 0.025, 0.0006429454358243963, 0.0, 0.0, 0.05, 0.5, 0.5, 0.05, 0.5, 0.5, 0.028131323566010863, 0.0, 0.0, 0.05, 0.5, 0.5, 0.05, 0.5, 0.5, 0.0, 0.0, 0.0, 0.030000000000000002, 0.255, 0.0, 0.0, 0.0];[0.28500379562233835, -1.4873842988814845, -3.9238633256527926, 0.708194424239164, -0.4, -1.1527369963422238, -14.0, -14.0, -1.0, 0.0, 0.0, -1.0, 0.0, 0.0, 0.03938831712212354];20.741991699906066
[28.25462936373107, 1070.0836430628233, 119.26564837122997];True;False;[0.0, 7.25, 1.4500000000000002, 0.0, 0.0, 13.847411478591694, 0.5, 0.5, 10030.000221777093, 10500.0, 10500.0, 0.0, 3.0, 0.0, 0.025, 0.0003919187868625801, 0.0, 0.0, 0.05, 0.5, 0.5, 0.05, 0.5, 0.5, 0.016250140413250045, 0.0, 0.0, 0.05, 0.5, 0.5, 0.05, 0.5, 0.5, 0.0, 0.0, 0.0, 0.030000000000000002, 0.255, 0.0, 0.0, 0.0];[0.26833596130965365, -1.491677928553464, -3.923696232430478, 0.7140756671256328, -0.4, -1.1525885214083065, -14.0, -14.0, -1.0, 0.0, 0.0, -1.0, 0.0, 0.0, 0.04127376210186395];23.813645599992014
[1e+30, 1e+30, 1e+30];False;False;[0.0, 7.25, 1.4500000000000002, 0.0, 0.0, 10.94875964607148, 0.5, 0.5, 14707.29155329606, 10500.0, 10500.0, 0.0, 3.0, 0.0, 0.025, 0.06902047309294279, 0.0, 0.0, 0.05, 0.5, 0.5, 0.05, 0.5, 0.5, 0.05322446643474253, 0.0, 0.0, 0.05, 0.5, 0.5, 0.05, 0.5, 0.5, 0.0, 0.0, 0.0, 0.030000000000000002, 0.255, 0.0, 0.0, 0.0];[1e+30, 1e+30, 1e+30, 1e+30, 1e+30, 1e+30, 1e+30, 1e+30, 1e+30, 1e+30, 1e+30, 1e+30, 1e+30, 1e+30, 1e+30];37.02058010001201
[29.854175442371886, 1080.5669203808575, 118.81192942733684];True;False;[0.0, 7.25, 1.4500000000000002, 0.0, 0.0, 9.158053931044938, 0.5, 0.5, 5730.260519525133, 10500.0, 10500.0, 0.0, 3.0, 0.0, 0.025, 0.018829319552697732, 0.0, 0.0, 0.05, 0.5, 0.5, 0.05, 0.5, 0.5, 0.07338308712494336, 0.0, 0.0, 0.05, 0.5, 0.5, 0.05, 0.5, 0.5, 0.0, 0.0, 0.0, 0.030000000000000002, 0.255, 0.0, 0.0, 0.0];[0.4376227047517718, -1.4480697086082965, -8.688429789501559, 0.5660601560388729, -0.4, -5.841946068955062, -14.0, -14.0, -1.0, 0.0, 0.0, -1.0, 0.0, 0.0, 0.02271615290894269];8.709863899974152
[30.094340389332483, 1068.4908369771124, 118.94936481643717];True;False;[0.0, 7.25, 1.4500000000000002, 0.0, 0.0, 9.158053931044938, 0.5, 0.5, 5393.7903855840705, 10500.0, 10500.0, 0.0, 3.0, 0.0, 0.025, 0.021696122526373852, 0.0, 0.0, 0.05, 0.5, 0.5, 0.05, 0.5, 0.5, 0.053765805395758606, 0.0, 0.0, 0.05, 0.5, 0.5, 0.05, 0.5, 0.5, 0.0, 0.0, 0.0, 0.030000000000000002, 0.255, 0.0, 0.0, 0.0];[0.41287710994366655, -1.454444167228766, -8.68842978950152, 0.5734166661753866, -0.4, -5.841946068955062, -14.0, -14.0, -1.0, 0.0, 0.0, -1.0, 0.0, 0.0, 0.025349013823243616];14.113482300075702
[28.101186070682477, 1078.4894972299849, 119.17564307196062];True;False;[0.0, 7.25, 1.4500000000000002, 0.0, 0.0, 13.847263003657776, 0.5, 0.5, 11054.370895909451, 10500.0, 10500.0, 0.0, 3.0, 0.0, 0.025, 0.0006543030970521391, 0.0, 0.0, 0.05, 0.5, 0.5, 0.05, 0.5, 0.5, 0.02812372097132167, 0.0, 0.0, 0.05, 0.5, 0.5, 0.05, 0.5, 0.5, 0.0, 0.0, 0.0, 0.030000000000000002, 0.255, 0.0, 0.0, 0.0];[0.2850034293179826, -1.487384393241383, -3.9238633256528654, 0.7082256384978671, -0.4, -1.1527369963422238, -14.0, -14.0, -1.0, 0.0, 0.0, -1.0, 0.0, 0.0, 0.03938835841368726];20.442273700027727
[1e+30, 1e+30, 1e+30];False;False;[0.0, 7.25, 1.4500000000000002, 0.0, 0.0, 8.05451457922721, 0.5, 0.5, 14808.691348414957, 10500.0, 10500.0, 0.0, 3.0, 0.0, 0.025, 0.06895748724600034, 0.0, 0.0, 0.05, 0.5, 0.5, 0.05, 0.5, 0.5, 0.08026866251897605, 0.0, 0.0, 0.05, 0.5, 0.5, 0.05, 0.5, 0.5, 0.0, 0.0, 0.0, 0.030000000000000002, 0.255, 0.0, 0.0, 0.0];[1e+30, 1e+30, 1e+30, 1e+30, 1e+30, 1e+30, 1e+30, 1e+30, 1e+30, 1e+30, 1e+30, 1e+30, 1e+30, 1e+30, 1e+30];24.694414700032212
[1e+30, 1e+30, 1e+30];False;False;[0.0, 7.25, 1.4500000000000002, 0.0, 0.0, 7.948017623131972, 0.5, 0.5, 4961.044023462294, 10500.0, 10500.0, 0.0, 3.0, 0.0, 0.025, 0.07621733520998385, 0.0, 0.0, 0.05, 0.5, 0.5, 0.05, 0.5, 0.5, 0.05078102283402952, 0.0, 0.0, 0.05, 0.5, 0.5, 0.05, 0.5, 0.5, 0.0, 0.0, 0.0, 0.030000000000000002, 0.255, 0.0, 0.0, 0.0];[1e+30, 1e+30, 1e+30, 1e+30, 1e+30, 1e+30, 1e+30, 1e+30, 1e+30, 1e+30, 1e+30, 1e+30, 1e+30, 1e+30, 1e+30];29.948540900018997
[27.765515358308164, 1097.468492998039, 118.97380442753041];True;False;[0.0, 7.25, 1.4500000000000002, 0.0, 0.0, 13.847263003657776, 0.5, 0.5, 10971.76097162374, 10500.0, 10500.0, 0.0, 3.0, 0.0, 0.025, 0.0006429454358243963, 0.0, 0.0, 0.05, 0.5, 0.5, 0.05, 0.5, 0.5, 0.05452405191035349, 0.0, 0.0, 0.05, 0.5, 0.5, 0.05, 0.5, 0.5, 0.0, 0.0, 0.0, 0.030000000000000002, 0.255, 0.0, 0.0, 0.0];[0.322361574398796, -1.4777609450356792, -3.9238633256528885, 0.6950936626350357, -0.4, -1.1527369963422238, -14.0, -14.0, -1.0, 0.0, 0.0, -1.0, 0.0, 0.0, 0.03520979398262236];24.76370880007744
[27.564846543668104, 1109.212018401191, 118.850025280805];True;False;[0.0, 7.25, 1.4500000000000002, 0.0, 0.0, 13.847263003657776, 0.5, 0.5, 9720.137378326459, 10500.0, 10500.0, 0.0, 3.0, 0.0, 0.025, 0.0006429454358243963, 0.0, 0.0, 0.05, 0.5, 0.5, 0.05, 0.5, 0.5, 0.070196299115412, 0.0, 0.0, 0.05, 0.5, 0.5, 0.05, 0.5, 0.5, 0.0, 0.0, 0.0, 0.030000000000000002, 0.255, 0.0, 0.0, 0.0];[0.34529652033487856, -1.4718529090815626, -3.92386332565286, 0.6870322661043982, -0.4, -1.1527369963422238, -14.0, -14.0, -1.0, 0.0, 0.0, -1.0, 0.0, 0.0, 0.03267640771040192];16.7750578999985
[28.06964012747609, 1080.9670239588581, 119.1456688789709];True;False;[0.0, 7.25, 1.4500000000000002, 0.0, 0.0, 13.792503869598296, 0.5, 0.5, 5642.009560515382, 10500.0, 10500.0, 0.0, 3.0, 0.0, 0.025, 0.0024290849406098, 0.0, 0.0, 0.05, 0.5, 0.5, 0.05, 0.5, 0.5, 0.030695149659902707, 0.0, 0.0, 0.05, 0.5, 0.5, 0.05, 0.5, 0.5, 0.0, 0.0, 0.0, 0.030000000000000002, 0.255, 0.0, 0.0, 0.0];[0.29131801472323815, -1.485757757725714, -3.9854193744692754, 0.7051645947811247, -0.4, -1.2074961304017044, -14.0, -14.0, -1.0, 0.0, 0.0, -1.0, 0.0, 0.0, 0.038677486406165196];24.12579779990483
[27.336043456324383, 1119.5258221458344, 118.75909338803282];True;False;[0.0, 7.25, 1.4500000000000002, 0.0, 0.0, 14.099475138515425, 0.5, 0.5, 9228.014013968188, 10500.0, 10500.0, 0.0, 3.0, 0.0, 0.025, 0.053192453951017585, 0.0, 0.0, 0.05, 0.5, 0.5, 0.05, 0.5, 0.5, 0.02933892967065047, 0.0, 0.0, 0.05, 0.5, 0.5, 0.05, 0.5, 0.5, 0.0, 0.0, 0.0, 0.030000000000000002, 0.255, 0.0, 0.0, 0.0];[0.35876342772684744, -1.4683838373303442, -3.6385510340402583, 0.6859520281566618, -0.4, -0.9005248614845751, -14.0, -14.0, -1.0, 0.0, 0.0, -1.0, 0.0, 0.0, 0.03120000245642396];9.619164900039323
[27.330599076304075, 1119.857013890397, 118.75564684481488];True;False;[0.0, 7.25, 1.4500000000000002, 0.0, 0.0, 14.099475138515425, 0.5, 0.5, 10868.9335369416, 10500.0, 10500.0, 0.0, 3.0, 0.0, 0.025, 0.053192453951017585, 0.0, 0.0, 0.05, 0.5, 0.5, 0.05, 0.5, 0.5, 0.02978726567178801, 0.0, 0.0, 0.05, 0.5, 0.5, 0.05, 0.5, 0.5, 0.0, 0.0, 0.0, 0.030000000000000002, 0.255, 0.0, 0.0, 0.0];[0.3594039918235783, -1.4682188281899362, -3.638551034040322, 0.685725590172866, -0.4, -0.9005248614845751, -14.0, -14.0, -1.0, 0.0, 0.0, -1.0, 0.0, 0.0, 0.031129979949485298];9.241208099992946
[1e+30, 1e+30, 1e+30];False;False;[0.0, 7.25, 1.4500000000000002, 0.0, 0.0, 8.915005908899612, 0.5, 0.5, 11014.38439610106, 10500.0, 10500.0, 0.0, 3.0, 0.0, 0.025, 0.0006429454358243963, 0.0, 0.0, 0.05, 0.5, 0.5, 0.05, 0.5, 0.5, 0.016250140413250045, 0.0, 0.0, 0.05, 0.5, 0.5, 0.05, 0.5, 0.5, 0.0, 0.0, 0.0, 0.030000000000000002, 0.255, 0.0, 0.0, 0.0];[1e+30, 1e+30, 1e+30, 1e+30, 1e+30, 1e+30, 1e+30, 1e+30, 1e+30, 1e+30, 1e+30, 1e+30, 1e+30, 1e+30, 1e+30];15.521727400016971
[28.25463146852884, 1070.0817111845695, 119.26570821218309];True;False;[0.0, 7.25, 1.4500000000000002, 0.0, 0.0, 13.847263003657776, 0.5, 0.5, 12622.131252699284, 10500.0, 10500.0, 0.0, 3.0, 0.0, 0.025, 0.0003919187868625801, 0.0, 0.0, 0.05, 0.5, 0.5, 0.05, 0.5, 0.5, 0.016250140413250045, 0.0, 0.0, 0.05, 0.5, 0.5, 0.05, 0.5, 0.5, 0.0, 0.0, 0.0, 0.030000000000000002, 0.255, 0.0, 0.0, 0.0];[0.26833593885752016, -1.491677934337133, -3.9238633256528566, 0.714078271452498, -0.4, -1.1527369963422238, -14.0, -14.0, -1.0, 0.0, 0.0, -1.0, 0.0, 0.0, 0.0412737646505027];37.936432800022885
[1e+30, 1e+30, 1e+30];False;False;[0.0, 7.25, 1.4500000000000002, 0.0, 0.0, 7.995543883341991, 0.5, 0.5, 14306.354069606386, 10500.0, 10500.0, 0.0, 3.0, 0.0, 0.025, 0.0007822762636822897, 0.0, 0.0, 0.05, 0.5, 0.5, 0.05, 0.5, 0.5, 0.015458498207907137, 0.0, 0.0, 0.05, 0.5, 0.5, 0.05, 0.5, 0.5, 0.0, 0.0, 0.0, 0.030000000000000002, 0.255, 0.0, 0.0, 0.0];[1e+30, 1e+30, 1e+30, 1e+30, 1e+30, 1e+30, 1e+30, 1e+30, 1e+30, 1e+30, 1e+30, 1e+30, 1e+30, 1e+30, 1e+30];31.212741900002584
[30.63020631369038, 1042.7125704145724, 119.24611804992853];True;False;[0.0, 7.25, 1.4500000000000002, 0.0, 0.0, 9.158053931044938, 0.5, 0.5, 10618.829416304023, 10500.0, 10500.0, 0.0, 3.0, 0.0, 0.025, 0.019046913109787515, 0.0, 0.0, 0.05, 0.5, 0.5, 0.05, 0.5, 0.5, 0.01836350254015648, 0.0, 0.0, 0.05, 0.5, 0.5, 0.05, 0.5, 0.5, 0.0, 0.0, 0.0, 0.030000000000000002, 0.255, 0.0, 0.0, 0.0];[0.3595255527397123, -1.4681875141303653, -8.688429789501457, 0.5892296853389303, -0.4, -5.841946068955062, -14.0, -14.0, -1.0, 0.0, 0.0, -1.0, 0.0, 0.0, 0.03111669374566406];29.49516099994071
[29.236691352528812, 1050.4274118634348, 119.34549547129564];True;False;[0.0, 7.25, 1.4500000000000002, 0.0, 0.0, 11.773187365705743, 0.5, 0.5, 10855.767403548813, 10500.0, 10500.0, 0.0, 3.0, 0.0, 0.025, 0.0006429454358243963, 0.0, 0.0, 0.05, 0.5, 0.5, 0.05, 0.5, 0.5, 0.015795265451462443, 0.0, 0.0, 0.05, 0.5, 0.5, 0.05, 0.5, 0.5, 0.0, 0.0, 0.0, 0.030000000000000002, 0.255, 0.0, 0.0, 0.0];[0.2864198421275965, -1.4870195256795253, -6.158086131360227, 0.671842908324678, -0.4, -3.226812634294257, -14.0, -14.0, -1.0, 0.0, 0.0, -1.0, 0.0, 0.0, 0.03922874086959183];8.525985200074501
[1e+30, 1e+30, 1e+30];False;False;[0.0, 7.25, 1.4500000000000002, 0.0, 0.0, 14.273628857737977, 0.5, 0.5, 10855.767403548813, 10500.0, 10500.0, 0.0, 3.0, 0.0, 0.025, 0.02071785121443315, 0.0, 0.0, 0.05, 0.5, 0.5, 0.05, 0.5, 0.5, 0.016250140413250045, 0.0, 0.0, 0.05, 0.5, 0.5, 0.05, 0.5, 0.5, 0.0, 0.0, 0.0, 0.030000000000000002, 0.255, 0.0, 0.0, 0.0];[1e+30, 1e+30, 1e+30, 1e+30, 1e+30, 1e+30, 1e+30, 1e+30, 1e+30, 1e+30, 1e+30, 1e+30, 1e+30, 1e+30, 1e+30];41.3231245999923
[28.25163262220704, 1070.2512962068135, 119.26379805502104];True;False;[0.0, 7.25, 1.4500000000000002, 0.0, 0.0, 13.847263003657776, 0.5, 0.5, 10855.767403548813, 10500.0, 10500.0, 0.0, 3.0, 0.0, 0.025, 0.0006429454358243963, 0.0, 0.0, 0.05, 0.5, 0.5, 0.05, 0.5, 0.5, 0.016250140413250045, 0.0, 0.0, 0.05, 0.5, 0.5, 0.05, 0.5, 0.5, 0.0, 0.0, 0.0, 0.030000000000000002, 0.255, 0.0, 0.0, 0.0];[0.268672845321861, -1.491591147321803, -3.9238633256528814, 0.7139509744149244, -0.4, -1.1527369963422238, -14.0, -14.0, -1.0, 0.0, 0.0, -1.0, 0.0, 0.0, 0.041235523689923115];19.749810999957845
[1e+30, 1e+30, 1e+30];False;False;[0.0, 7.25, 1.4500000000000002, 0.0, 0.0, 14.093023852327986, 0.5, 0.5, 10094.462621418465, 10500.0, 10500.0, 0.0, 3.0, 0.0, 0.025, 0.000758898109705676, 0.0, 0.0, 0.05, 0.5, 0.5, 0.05, 0.5, 0.5, 0.016250140413250045, 0.0, 0.0, 0.05, 0.5, 0.5, 0.05, 0.5, 0.5, 0.0, 0.0, 0.0, 0.030000000000000002, 0.255, 0.0, 0.0, 0.0];[1e+30, 1e+30, 1e+30, 1e+30, 1e+30, 1e+30, 1e+30, 1e+30, 1e+30, 1e+30, 1e+30, 1e+30, 1e+30, 1e+30, 1e+30];27.31381019996479
[27.321435499981618, 1120.4151085242534, 118.74983979053751];True;False;[0.0, 7.25, 1.4500000000000002, 0.0, 0.0, 14.099475138515425, 0.5, 0.5, 9029.410521607548, 10500.0, 10500.0, 0.0, 3.0, 0.0, 0.025, 0.05436888989504052, 0.0, 0.0, 0.05, 0.5, 0.5, 0.05, 0.5, 0.5, 0.02933999330243624, 0.0, 0.0, 0.05, 0.5, 0.5, 0.05, 0.5, 0.5, 0.0, 0.0, 0.0, 0.030000000000000002, 0.255, 0.0, 0.0, 0.0];[0.36048317300960697, -1.467940831404334, -3.6385510340402796, 0.6853440146366541, -0.4, -0.9005248614845751, -14.0, -14.0, -1.0, 0.0, 0.0, -1.0, 0.0, 0.0, 0.031012052274126845];9.291082000010647
[29.945516673919993, 1076.0989433641003, 118.862242128965];True;False;[0.0, 7.25, 1.4500000000000002, 0.0, 0.0, 9.152620706729014, 0.5, 0.5, 14925.298052519816, 10500.0, 10500.0, 0.0, 3.0, 0.0, 0.025, 0.0013441178718917816, 0.0, 0.0, 0.05, 0.5, 0.5, 0.05, 0.5, 0.5, 0.08353880290403773, 0.0, 0.0, 0.05, 0.5, 0.5, 0.05, 0.5, 0.5, 0.0, 0.0, 0.0, 0.030000000000000002, 0.255, 0.0, 0.0, 0.0];[0.4286989378333388, -1.45036846858564, -8.693351020223535, 0.5685757822281379, -0.4, -5.847379293270986, -14.0, -14.0, -1.0, 0.0, 0.0, -1.0, 0.0, 0.0, 0.02366256841776393];11.008063199929893
[28.25689798099876, 1069.957400827453, 119.26704475437133];True;False;[0.0, 7.25, 1.4500000000000002, 0.0, 0.0, 13.847411478591694, 0.5, 0.5, 10030.000221777093, 10500.0, 10500.0, 0.0, 3.0, 0.0, 0.025, 0.0002046419707203359, 0.0, 0.0, 0.05, 0.5, 0.5, 0.05, 0.5, 0.5, 0.016250140413250045, 0.0, 0.0, 0.05, 0.5, 0.5, 0.05, 0.5, 0.5, 0.0, 0.0, 0.0, 0.030000000000000002, 0.255, 0.0, 0.0, 0.0];[0.2680851429486504, -1.4917425392963415, -3.923696232430437, 0.714167857871598, -0.4, -1.1525885214083065, -14.0, -14.0, -1.0, 0.0, 0.0, -1.0, 0.0, 0.0, 0.041302235040957425];16.940164399915375
[27.58704792399561, 1107.7619277326228, 118.86592614851821];True;False;[0.0, 7.25, 1.4500000000000002, 0.0, 0.0, 13.857122927038414, 0.5, 0.5, 10056.502949205294, 10500.0, 10500.0, 0.0, 3.0, 0.0, 0.025, 0.052751678125458334, 0.0, 0.0, 0.05, 0.5, 0.5, 0.05, 0.5, 0.5, 0.017081104387207335, 0.0, 0.0, 0.05, 0.5, 0.5, 0.05, 0.5, 0.5, 0.0, 0.0, 0.0, 0.030000000000000002, 0.255, 0.0, 0.0, 0.0];[0.3422143154544699, -1.4726468842364293, -3.9127647790967295, 0.6882620933562742, -0.4, -1.1428770729615856, -14.0, -14.0, -1.0, 0.0, 0.0, -1.0, 0.0, 0.0, 0.03301547114637782];26.648981499951333
[1e+30, 1e+30, 1e+30];False;False;[0.0, 7.25, 1.4500000000000002, 0.0, 0.0, 13.847263003657776, 0.5, 0.5, 9720.137378326459, 10500.0, 10500.0, 0.0, 3.0, 0.0, 0.025, 0.0006429454358243963, 0.0, 0.0, 0.05, 0.5, 0.5, 0.05, 0.5, 0.5, 0.025104894084918845, 0.0, 0.0, 0.05, 0.5, 0.5, 0.05, 0.5, 0.5, 0.0, 0.0, 0.0, 0.030000000000000002, 0.255, 0.0, 0.0, 0.0];[1e+30, 1e+30, 1e+30, 1e+30, 1e+30, 1e+30, 1e+30, 1e+30, 1e+30, 1e+30, 1e+30, 1e+30, 1e+30, 1e+30, 1e+30];32.920198799925856
[28.251026886300547, 1070.2773715348396, 119.26360757007586];True;False;[0.0, 7.25, 1.4500000000000002, 0.0, 0.0, 13.847263003657776, 0.5, 0.5, 10129.436446195865, 10500.0, 10500.0, 0.0, 3.0, 0.0, 0.025, 0.0003919187868625801, 0.0, 0.0, 0.05, 0.5, 0.5, 0.05, 0.5, 0.5, 0.016535541430730643, 0.0, 0.0, 0.05, 0.5, 0.5, 0.05, 0.5, 0.5, 0.0, 0.0, 0.0, 0.030000000000000002, 0.255, 0.0, 0.0, 0.0];[0.26872464527907525, -1.491577803666644, -3.9238633256528974, 0.7139418105077153, -0.4, -1.1527369963422238, -14.0, -14.0, -1.0, 0.0, 0.0, -1.0, 0.0, 0.0, 0.04122964455471245];20.89876460004598
[30.62949465395997, 1042.7547367443867, 119.24551034895151];True;False;[0.0, 7.25, 1.4500000000000002, 0.0, 0.0, 9.158053931044938, 0.5, 0.5, 5579.966666702985, 10500.0, 10500.0, 0.0, 3.0, 0.0, 0.025, 0.021696122526373852, 0.0, 0.0, 0.05, 0.5, 0.5, 0.05, 0.5, 0.5, 0.015777324739416867, 0.0, 0.0, 0.05, 0.5, 0.5, 0.05, 0.5, 0.5, 0.0, 0.0, 0.0, 0.030000000000000002, 0.255, 0.0, 0.0, 0.0];[0.35961342001808383, -1.468164879542904, -8.688429789501512, 0.5891924209989947, -0.4, -5.841946068955062, -14.0, -14.0, -1.0, 0.0, 0.0, -1.0, 0.0, 0.0, 0.031107090558263883];27.471358599956147
[1e+30, 1e+30, 1e+30];False;False;[0.0, 7.25, 1.4500000000000002, 0.0, 0.0, 10.945435434170008, 0.5, 0.5, 10577.482733491606, 10500.0, 10500.0, 0.0, 3.0, 0.0, 0.025, 0.07628617549862429, 0.0, 0.0, 0.05, 0.5, 0.5, 0.05, 0.5, 0.5, 0.053159767391165166, 0.0, 0.0, 0.05, 0.5, 0.5, 0.05, 0.5, 0.5, 0.0, 0.0, 0.0, 0.030000000000000002, 0.255, 0.0, 0.0, 0.0];[1e+30, 1e+30, 1e+30, 1e+30, 1e+30, 1e+30, 1e+30, 1e+30, 1e+30, 1e+30, 1e+30, 1e+30, 1e+30, 1e+30, 1e+30];36.54673490009736
[30.64143679026183, 1040.6189609118787, 119.2742074629261];True;False;[0.0, 7.25, 1.4500000000000002, 0.0, 0.0, 9.21281306510759, 0.5, 0.5, 10567.56126543007, 10500.0, 10500.0, 0.0, 3.0, 0.0, 0.025, 0.01712446485614956, 0.0, 0.0, 0.05, 0.5, 0.5, 0.05, 0.5, 0.5, 0.016489042520462387, 0.0, 0.0, 0.05, 0.5, 0.5, 0.05, 0.5, 0.5, 0.0, 0.0, 0.0, 0.030000000000000002, 0.255, 0.0, 0.0, 0.0];[0.3530491408845924, -1.4698558360963494, -8.638752589031736, 0.5925924636568256, -0.4, -5.787186934892411, -14.0, -14.0, -1.0, 0.0, 0.0, -1.0, 0.0, 0.0, 0.031825470918938725];22.909549099975266
[1e+30, 1e+30, 1e+30];False;False;[0.0, 7.25, 1.4500000000000002, 0.0, 0.0, 13.847263003657776, 0.5, 0.5, 10479.310306241949, 10500.0, 10500.0, 0.0, 3.0, 0.0, 0.025, 0.000758898109705676, 0.0, 0.0, 0.05, 0.5, 0.5, 0.05, 0.5, 0.5, 0.017460858070213334, 0.0, 0.0, 0.05, 0.5, 0.5, 0.05, 0.5, 0.5, 0.0, 0.0, 0.0, 0.030000000000000002, 0.255, 0.0, 0.0, 0.0];[1e+30, 1e+30, 1e+30, 1e+30, 1e+30, 1e+30, 1e+30, 1e+30, 1e+30, 1e+30, 1e+30, 1e+30, 1e+30, 1e+30, 1e+30];39.28587769996375
[29.236777780064273, 1050.423060350959, 119.34554389224485];True;False;[0.0, 7.25, 1.4500000000000002, 0.0, 0.0, 11.773187365705743, 0.5, 0.5, 10855.767403548813, 10500.0, 10500.0, 0.0, 3.0, 0.0, 0.025, 0.0006429454358243963, 0.0, 0.0, 0.05, 0.5, 0.5, 0.05, 0.5, 0.5, 0.0157887264894975, 0.0, 0.0, 0.05, 0.5, 0.5, 0.05, 0.5, 0.5, 0.0, 0.0, 0.0, 0.030000000000000002, 0.255, 0.0, 0.0, 0.0];[0.2864109913646997, -1.4870218056336901, -6.158086131360173, 0.6718458207856741, -0.4, -3.226812634294257, -14.0, -14.0, -1.0, 0.0, 0.0, -1.0, 0.0, 0.0, 0.03922973798115459];7.608751000021584
[28.25462936373107, 1070.0836430628233, 119.26564837122997];True;False;[0.0, 7.25, 1.4500000000000002, 0.0, 0.0, 13.847411478591694, 0.5, 0.5, 10030.000221777093, 10500.0, 10500.0, 0.0, 3.0, 0.0, 0.025, 0.0003919187868625801, 0.0, 0.0, 0.05, 0.5, 0.5, 0.05, 0.5, 0.5, 0.016250140413250045, 0.0, 0.0, 0.05, 0.5, 0.5, 0.05, 0.5, 0.5, 0.0, 0.0, 0.0, 0.030000000000000002, 0.255, 0.0, 0.0, 0.0];[0.26833596130965365, -1.491677928553464, -3.923696232430478, 0.7140756671256328, -0.4, -1.1525885214083065, -14.0, -14.0, -1.0, 0.0, 0.0, -1.0, 0.0, 0.0, 0.04127376210186395];25.84813589998521
[27.33612289543516, 1119.5209942325941, 118.75914360358124];True;False;[0.0, 7.25, 1.4500000000000002, 0.0, 0.0, 14.099475138515425, 0.5, 0.5, 10110.699232308389, 10500.0, 10500.0, 0.0, 3.0, 0.0, 0.025, 0.053192453951017585, 0.0, 0.0, 0.05, 0.5, 0.5, 0.05, 0.5, 0.5, 0.02933239070774705, 0.0, 0.0, 0.05, 0.5, 0.5, 0.05, 0.5, 0.5, 0.0, 0.0, 0.0, 0.030000000000000002, 0.255, 0.0, 0.0, 0.0];[0.358754089185493, -1.4683862429361152, -3.6385510340402423, 0.6859553262070306, -0.4, -0.9005248614845751, -14.0, -14.0, -1.0, 0.0, 0.0, -1.0, 0.0, 0.0, 0.031201023424582752];9.572935699950904
[26.50107921004241, 1177.1866215998439, 118.14954003402183];True;False;[0.0, 7.25, 1.4500000000000002, 0.0, 0.0, 13.847263003657776, 0.5, 0.5, 10855.767403548813, 10500.0, 10500.0, 0.0, 3.0, 0.0, 0.025, 0.07818378857105211, 0.0, 0.0, 0.05, 0.5, 0.5, 0.05, 0.5, 0.5, 0.0810621977605621, 0.0, 0.0, 0.05, 0.5, 0.5, 0.05, 0.5, 0.5, 0.0, 0.0, 0.0, 0.030000000000000002, 0.255, 0.0, 0.0, 0.0];[0.47545375033200976, -1.438324441360108, -3.923863325652789, 0.6412420683747906, -0.4, -1.1527369963422238, -14.0, -14.0, -1.0, 0.0, 0.0, -1.0, 0.0, 0.0, 0.01874166141559741];7.462541299988516
[28.042160348401232, 1081.7678553864243, 119.1406295464027];True;False;[0.0, 7.25, 1.4500000000000002, 0.0, 0.0, 13.847263003657776, 0.5, 0.5, 10107.457803433643, 10500.0, 10500.0, 0.0, 3.0, 0.0, 0.025, 0.018483203705123546, 0.0, 0.0, 0.05, 0.5, 0.5, 0.05, 0.5, 0.5, 0.015273419719468082, 0.0, 0.0, 0.05, 0.5, 0.5, 0.05, 0.5, 0.5, 0.0, 0.0, 0.0, 0.030000000000000002, 0.255, 0.0, 0.0, 0.0];[0.29148268296396207, -1.48571533923084, -3.9238633256528495, 0.70594907408088, -0.4, -1.1527369963422238, -14.0, -14.0, -1.0, 0.0, 0.0, -1.0, 0.0, 0.0, 0.03865897374946481];21.544530300074257
[28.101605809205594, 1078.489682610585, 119.17532928964249];True;False;[0.0, 7.25, 1.4500000000000002, 0.0, 0.0, 13.847263003657776, 0.5, 0.5, 9214.847880575398, 10500.0, 10500.0, 0.0, 3.0, 0.0, 0.025, 0.0006429454358243963, 0.0, 0.0, 0.05, 0.5, 0.5, 0.05, 0.5, 0.5, 0.028131323566010863, 0.0, 0.0, 0.05, 0.5, 0.5, 0.05, 0.5, 0.5, 0.0, 0.0, 0.0, 0.030000000000000002, 0.255, 0.0, 0.0, 0.0];[0.28500379601050074, -1.4873842987814867, -3.923863325652867, 0.708194421603257, -0.4, -1.1527369963422238, -14.0, -14.0, -1.0, 0.0, 0.0, -1.0, 0.0, 0.0, 0.039388317078363766];21.030992200016044
[27.26822629790185, 1126.420406228783, 118.67368346685197];True;False;[0.0, 7.25, 1.4500000000000002, 0.0, 0.0, 13.900222488189897, 0.5, 0.5, 5590.741409745051, 10500.0, 10500.0, 0.0, 3.0, 0.0, 0.025, 0.021202475201983425, 0.0, 0.0, 0.05, 0.5, 0.5, 0.05, 0.5, 0.5, 0.07259432150969955, 0.0, 0.0, 0.05, 0.5, 0.5, 0.05, 0.5, 0.5, 0.0, 0.0, 0.0, 0.030000000000000002, 0.255, 0.0, 0.0, 0.0];[0.377267460746312, -1.4636172033613934, -3.864198051557679, 0.6765485315224338, -0.4, -1.0997775118101032, -14.0, -14.0, -1.0, 0.0, 0.0, -1.0, 0.0, 0.0, 0.029184664469634636];8.789733000099659
[30.09043252441727, 1068.6924981711284, 118.94696912861053];True;False;[0.0, 7.25, 1.4500000000000002, 0.0, 0.0, 9.158053931044938, 0.5, 0.5, 5579.966666702985, 10500.0, 10500.0, 0.0, 3.0, 0.0, 0.025, 0.021696122526373852, 0.0, 0.0, 0.05, 0.5, 0.5, 0.05, 0.5, 0.5, 0.05405117801173459, 0.0, 0.0, 0.05, 0.5, 0.5, 0.05, 0.5, 0.5, 0.0, 0.0, 0.0, 0.030000000000000002, 0.255, 0.0, 0.0, 0.0];[0.4132916220687788, -1.4543373890159321, -8.688429789501434, 0.5732846705272407, -0.4, -5.841946068955062, -14.0, -14.0, -1.0, 0.0, 0.0, -1.0, 0.0, 0.0, 0.025304692510183746];14.531207000021823
[28.079729068269582, 1079.7596854038445, 119.16164226256342];True;False;[0.0, 7.25, 1.4500000000000002, 0.0, 0.0, 13.841486336610648, 0.5, 0.5, 10043.632493845296, 10500.0, 10500.0, 0.0, 3.0, 0.0, 0.025, 0.001360704893276981, 0.0, 0.0, 0.05, 0.5, 0.5, 0.05, 0.5, 0.5, 0.029328530386851636, 0.0, 0.0, 0.05, 0.5, 0.5, 0.05, 0.5, 0.5, 0.0, 0.0, 0.0, 0.030000000000000002, 0.255, 0.0, 0.0, 0.0];[0.2876642368784621, -1.4866989699237114, -3.9303635750223, 0.7071959481689465, -0.4, -1.1585136633893516, -14.0, -14.0, -1.0, 0.0, 0.0, -1.0, 0.0, 0.0, 0.039088586217670196];22.515220999950543
[27.334557930879246, 1119.616147343863, 118.75815356709931];True;False;[0.0, 7.25, 1.4500000000000002, 0.0, 0.0, 14.099475138515425, 0.5, 0.5, 9228.014013968188, 10500.0, 10500.0, 0.0, 3.0, 0.0, 0.025, 0.053192453951017585, 0.0, 0.0, 0.05, 0.5, 0.5, 0.05, 0.5, 0.5, 0.029461244902115068, 0.0, 0.0, 0.05, 0.5, 0.5, 0.05, 0.5, 0.5, 0.0, 0.0, 0.0, 0.030000000000000002, 0.255, 0.0, 0.0, 0.0];[0.35893813789244433, -1.4683388320383017, -3.6385510340402902, 0.6858902895440973, -0.4, -0.9005248614845751, -14.0, -14.0, -1.0, 0.0, 0.0, -1.0, 0.0, 0.0, 0.031180902390164023];9.270104600000195
[30.408217287280518, 1054.791992858034, 119.10233296768692];True;False;[0.0, 7.25, 1.4500000000000002, 0.0, 0.0, 9.105094446518992, 0.5, 0.5, 5579.966666702985, 10500.0, 10500.0, 0.0, 3.0, 0.0, 0.025, 0.0013441178718917816, 0.0, 0.0, 0.05, 0.5, 0.5, 0.05, 0.5, 0.5, 0.05405117801173459, 0.0, 0.0, 0.05, 0.5, 0.5, 0.05, 0.5, 0.5, 0.0, 0.0, 0.0, 0.030000000000000002, 0.255, 0.0, 0.0, 0.0];[0.3866839263794226, -1.4611915243266014, -8.736338942089525, 0.5797699004112886, -0.4, -5.894905553481008, -14.0, -14.0, -1.0, 0.0, 0.0, -1.0, 0.0, 0.0, 0.028164944495592037];18.039915399975143
[1e+30, 1e+30, 1e+30];False;False;[0.0, 7.25, 1.4500000000000002, 0.0, 0.0, 13.847263003657776, 0.5, 0.5, 10855.767403548813, 10500.0, 10500.0, 0.0, 3.0, 0.0, 0.025, 0.0006429454358243963, 0.0, 0.0, 0.05, 0.5, 0.5, 0.05, 0.5, 0.5, 0.07322273494525659, 0.0, 0.0, 0.05, 0.5, 0.5, 0.05, 0.5, 0.5, 0.0, 0.0, 0.0, 0.030000000000000002, 0.255, 0.0, 0.0, 0.0];[1e+30, 1e+30, 1e+30, 1e+30, 1e+30, 1e+30, 1e+30, 1e+30, 1e+30, 1e+30, 1e+30, 1e+30, 1e+30, 1e+30, 1e+30];20.528004699968733
[1e+30, 1e+30, 1e+30];False;False;[0.0, 7.25, 1.4500000000000002, 0.0, 0.0, 9.158053931044938, 0.5, 0.5, 5579.966666702985, 10500.0, 10500.0, 0.0, 3.0, 0.0, 0.025, 0.019583531281732968, 0.0, 0.0, 0.05, 0.5, 0.5, 0.05, 0.5, 0.5, 0.030934051765397066, 0.0, 0.0, 0.05, 0.5, 0.5, 0.05, 0.5, 0.5, 0.0, 0.0, 0.0, 0.030000000000000002, 0.255, 0.0, 0.0, 0.0];[1e+30, 1e+30, 1e+30, 1e+30, 1e+30, 1e+30, 1e+30, 1e+30, 1e+30, 1e+30, 1e+30, 1e+30, 1e+30, 1e+30, 1e+30];15.007947799982503
[1e+30, 1e+30, 1e+30];False;False;[0.0, 7.25, 1.4500000000000002, 0.0, 0.0, 13.980029682519106, 0.5, 0.5, 10110.699232308389, 10500.0, 10500.0, 0.0, 3.0, 0.0, 0.025, 0.02140829840727125, 0.0, 0.0, 0.05, 0.5, 0.5, 0.05, 0.5, 0.5, 0.03090513302797143, 0.0, 0.0, 0.05, 0.5, 0.5, 0.05, 0.5, 0.5, 0.0, 0.0, 0.0, 0.030000000000000002, 0.255, 0.0, 0.0, 0.0];[1e+30, 1e+30, 1e+30, 1e+30, 1e+30, 1e+30, 1e+30, 1e+30, 1e+30, 1e+30, 1e+30, 1e+30, 1e+30, 1e+30, 1e+30];3.8525896999053657
[27.46804069464313, 1114.9020381053076, 118.79076266680441];True;False;[0.0, 7.25, 1.4500000000000002, 0.0, 0.0, 13.853714289845216, 0.5, 0.5, 10645.840765154691, 10500.0, 10500.0, 0.0, 3.0, 0.0, 0.025, 0.050440095062893445, 0.0, 0.0, 0.05, 0.5, 0.5, 0.05, 0.5, 0.5, 0.02933239070774705, 0.0, 0.0, 0.05, 0.5, 0.5, 0.05, 0.5, 0.5, 0.0, 0.0, 0.0, 0.030000000000000002, 0.255, 0.0, 0.0, 0.0];[0.3561910726444646, -1.4690464753132635, -3.9166021258653245, 0.6832950520421976, -0.4, -1.1462857101547836, -14.0, -14.0, -1.0, 0.0, 0.0, -1.0, 0.0, 0.0, 0.031481382452729134];32.61988170002587
[42.73822281727144, 993.2389419107255, 122.83425531606238];True;False;[0.0, 7.25, 1.4500000000000002, 0.0, 1.0, 14.090311025834266, 0.26643383174236857, 0.5, 5537.343259181493, 18120.148954537734, 10500.0, 0.0, 3.0, 1.0, 0.040004255685738524, 0.018829319552697732, 0.37392918887255755, 0.0, 0.08584440909830893, 0.3682436010615294, 0.0, 0.05, 0.5, 0.5, 0.07459311134541123, 0.4116986129335002, 0.0, 0.06387669163676589, 0.11212704672765215, 0.0, 0.05, 0.5, 0.5, 0.0, 0.0, 0.0, 0.030000000000000002, 0.255, 0.0, 0.0, 1.0];[0.705511551255964, -1.557580303863999, 63.973807143260686, 0.6421618252391792, -0.6335661682576315, -8.771474434988203, -12.737777443672165, -14.0, -0.6260708111274425, -0.6317563989384706, 0.0, -0.5883013870664998, -0.8878729532723478, 0.0, 0.09993718088789105];42.822891299962066
[27.336122895473302, 1119.5209942331876, 118.75914360354798];True;False;[0.0, 7.25, 1.4500000000000002, 0.0, 0.0, 14.099475138515425, 0.5, 0.5, 9228.014013968188, 10500.0, 10500.0, 0.0, 3.0, 0.0, 0.025, 0.053192453951017585, 0.0, 0.0, 0.05, 0.5, 0.5, 0.05, 0.5, 0.5, 0.02933239070774705, 0.0, 0.0, 0.05, 0.5, 0.5, 0.05, 0.5, 0.5, 0.0, 0.0, 0.0, 0.030000000000000002, 0.255, 0.0, 0.0, 0.0];[0.35875408918663787, -1.4683862429358154, -3.638551034040292, 0.6859553262036711, -0.4, -0.9005248614845751, -14.0, -14.0, -1.0, 0.0, 0.0, -1.0, 0.0, 0.0, 0.031201023424454744];10.113850600086153
[28.254651771259965, 1070.0811419186164, 119.26570805173859];True;False;[0.0, 7.25, 1.4500000000000002, 0.0, 0.0, 13.847263003657776, 0.5, 0.5, 10855.767403548813, 10500.0, 10500.0, 0.0, 3.0, 0.0, 0.025, 0.00039093748523688675, 0.0, 0.0, 0.05, 0.5, 0.5, 0.05, 0.5, 0.5, 0.016250140413250045, 0.0, 0.0, 0.05, 0.5, 0.5, 0.05, 0.5, 0.5, 0.0, 0.0, 0.0, 0.030000000000000002, 0.255, 0.0, 0.0, 0.0];[0.2683348078736918, -1.4916782256782655, -3.923863325638159, 0.7140780174918415, -0.4, -1.1527369963422238, -14.0, -14.0, -1.0, 0.0, 0.0, -1.0, 0.0, 0.0, 0.04127389303323992];24.66639549995307
[29.945367408866648, 1072.333091789594, 118.91513169422825];True;False;[0.0, 7.25, 1.4500000000000002, 0.0, 0.0, 9.277499387047468, 0.5, 0.5, 5579.966666702985, 10500.0, 10500.0, 0.0, 3.0, 0.0, 0.025, 0.05061347838723343, 0.0, 0.0, 0.05, 0.5, 0.5, 0.05, 0.5, 0.5, 0.029361309445172682, 0.0, 0.0, 0.05, 0.5, 0.5, 0.05, 0.5, 0.5, 0.0, 0.0, 0.0, 0.030000000000000002, 0.255, 0.0, 0.0, 0.0];[0.4161108609913544, -1.4536111538216465, -8.579886177187616, 0.5755487654991394, -0.4, -5.7225006129525315, -14.0, -14.0, -1.0, 0.0, 0.0, -1.0, 0.0, 0.0, 0.02500344636720364];19.360752600012347
[28.250032657750534, 1070.3314655495292, 119.26302539207371];True;False;[0.0, 7.25, 1.4500000000000002, 0.0, 0.0, 13.847263003657776, 0.5, 0.5, 10059.25372660465, 10500.0, 10500.0, 0.0, 3.0, 0.0, 0.025, 0.0007633827088573924, 0.0, 0.0, 0.05, 0.5, 0.5, 0.05, 0.5, 0.5, 0.016250140413250045, 0.0, 0.0, 0.05, 0.5, 0.5, 0.05, 0.5, 0.5, 0.0, 0.0, 0.0, 0.030000000000000002, 0.255, 0.0, 0.0, 0.0];[0.26883210352004294, -1.4915501224524441, -3.9238633256528352, 0.7139039387261685, -0.4, -1.1527369963422238, -14.0, -14.0, -1.0, 0.0, 0.0, -1.0, 0.0, 0.0, 0.0412174487834438];20.85362849989906
[30.705324525472676, 1039.222208111898, 119.28662606929973];True;False;[0.0, 7.25, 1.4500000000000002, 0.0, 0.0, 9.158053931044938, 0.5, 0.5, 5657.16617066015, 10500.0, 10500.0, 0.0, 3.0, 0.0, 0.025, 0.0164158013561295, 0.0, 0.0, 0.05, 0.5, 0.5, 0.05, 0.5, 0.5, 0.01564159040726466, 0.0, 0.0, 0.05, 0.5, 0.5, 0.05, 0.5, 0.5, 0.0, 0.0, 0.0, 0.030000000000000002, 0.255, 0.0, 0.0, 0.0];[0.35224534807044083, -1.4700628929108202, -8.688429789501505, 0.5913800329796777, -0.4, -5.841946068955062, -14.0, -14.0, -1.0, 0.0, 0.0, -1.0, 0.0, 0.0, 0.031913569821865884];28.481255399994552
[1e+30, 1e+30, 1e+30];False;False;[0.0, 7.25, 1.4500000000000002, 0.0, 0.0, 13.847263003657776, 0.5, 0.5, 10778.567907694354, 10500.0, 10500.0, 0.0, 3.0, 0.0, 0.025, 0.0006429454358243963, 0.0, 0.0, 0.05, 0.5, 0.5, 0.05, 0.5, 0.5, 0.0546597970984414, 0.0, 0.0, 0.05, 0.5, 0.5, 0.05, 0.5, 0.5, 0.0, 0.0, 0.0, 0.030000000000000002, 0.255, 0.0, 0.0, 0.0];[1e+30, 1e+30, 1e+30, 1e+30, 1e+30, 1e+30, 1e+30, 1e+30, 1e+30, 1e+30, 1e+30, 1e+30, 1e+30, 1e+30, 1e+30];30.359394500032067
[27.320872701184104, 1121.6909477274796, 118.73034744282776];True;False;[0.0, 7.25, 1.4500000000000002, 0.0, 0.0, 14.008100208813364, 0.5, 0.5, 10359.002103040646, 10500.0, 10500.0, 0.0, 3.0, 0.0, 0.025, 0.0013539745805638613, 0.0, 0.0, 0.05, 0.5, 0.5, 0.05, 0.5, 0.5, 0.08353880290403773, 0.0, 0.0, 0.05, 0.5, 0.5, 0.05, 0.5, 0.5, 0.0, 0.0, 0.0, 0.030000000000000002, 0.255, 0.0, 0.0, 0.0];[0.3653153967411402, -1.4666960518603218, -3.742258553285346, 0.6823240455250814, -0.4, -0.9918997911866363, -14.0, -14.0, -1.0, 0.0, 0.0, -1.0, 0.0, 0.0, 0.03048465192461358];8.996345599996857
[28.291716631335454, 1069.3476582342919, 119.26747659480071];True;False;[0.0, 7.25, 1.4500000000000002, 0.0, 0.0, 13.750423230953569, 0.5, 0.5, 5749.090257386024, 10500.0, 10500.0, 0.0, 3.0, 0.0, 0.025, 0.0024290849406098, 0.0, 0.0, 0.05, 0.5, 0.5, 0.05, 0.5, 0.5, 0.014548365686753415, 0.0, 0.0, 0.05, 0.5, 0.5, 0.05, 0.5, 0.5, 0.0, 0.0, 0.0, 0.030000000000000002, 0.255, 0.0, 0.0, 0.0];[0.2693741237745675, -1.4914104981794893, -4.032628738992178, 0.7121959114149881, -0.4, -1.2495767690464312, -14.0, -14.0, -1.0, 0.0, 0.0, -1.0, 0.0, 0.0, 0.04115594158947489];14.834227499901317
[29.234523820608178, 1050.418345536676, 119.34604353704148];True;False;[0.0, 7.25, 1.4500000000000002, 0.0, 0.0, 11.779823901181675, 0.5, 0.5, 10116.177449160143, 10500.0, 10500.0, 0.0, 3.0, 0.0, 0.025, 0.0005808135641694866, 0.0, 0.0, 0.05, 0.5, 0.5, 0.05, 0.5, 0.5, 0.015752668404859182, 0.0, 0.0, 0.05, 0.5, 0.5, 0.05, 0.5, 0.5, 0.0, 0.0, 0.0, 0.030000000000000002, 0.255, 0.0, 0.0, 0.0];[0.2862019186114262, -1.4870756627191513, -6.1512566322000115, 0.6720438590274491, -0.4, -3.2201760988183246, -14.0, -14.0, -1.0, 0.0, 0.0, -1.0, 0.0, 0.0, 0.039253292826495256];7.60818549990654
[28.25996713004624, 1069.7922568323593, 119.26881613241332];True;False;[0.0, 7.25, 1.4500000000000002, 0.0, 0.0, 13.847263003657776, 0.5, 0.5, 10851.98267893302, 10500.0, 10500.0, 0.0, 3.0, 0.0, 0.025, 0.0003919187868625801, 0.0, 0.0, 0.05, 0.5, 0.5, 0.05, 0.5, 0.5, 0.015827644142299275, 0.0, 0.0, 0.05, 0.5, 0.5, 0.05, 0.5, 0.5, 0.0, 0.0, 0.0, 0.030000000000000002, 0.255, 0.0, 0.0, 0.0];[0.2677608246468459, -1.491826083604361, -3.9238633256526914, 0.7142801586575387, -0.4, -1.1527369963422238, -14.0, -14.0, -1.0, 0.0, 0.0, -1.0, 0.0, 0.0, 0.04133905614589428];17.646395799936727
[28.101605809205594, 1078.489682610585, 119.17532928964249];True;False;[0.0, 7.25, 1.4500000000000002, 0.0, 0.0, 13.847263003657776, 0.5, 0.5, 9214.847880575398, 10500.0, 10500.0, 0.0, 3.0, 0.0, 0.025, 0.0006429454358243963, 0.0, 0.0, 0.05, 0.5, 0.5, 0.05, 0.5, 0.5, 0.028131323566010863, 0.0, 0.0, 0.05, 0.5, 0.5, 0.05, 0.5, 0.5, 0.0, 0.0, 0.0, 0.030000000000000002, 0.255, 0.0, 0.0, 0.0];[0.28500379601050074, -1.4873842987814867, -3.923863325652867, 0.708194421603257, -0.4, -1.1527369963422238, -14.0, -14.0, -1.0, 0.0, 0.0, -1.0, 0.0, 0.0, 0.039388317078363766];21.63798800006043
[30.16278845532955, 1065.1106379010923, 118.98801075019956];True;False;[0.0, 7.25, 1.4500000000000002, 0.0, 0.0, 9.158053931044938, 0.5, 0.5, 5577.113999670348, 10500.0, 10500.0, 0.0, 3.0, 0.0, 0.025, 0.016381537193082794, 0.0, 0.0, 0.05, 0.5, 0.5, 0.05, 0.5, 0.5, 0.05405117801173459, 0.0, 0.0, 0.05, 0.5, 0.5, 0.05, 0.5, 0.5, 0.0, 0.0, 0.0, 0.030000000000000002, 0.255, 0.0, 0.0, 0.0];[0.40592263180914756, -1.4562356389407727, -8.68842978950147, 0.5754812005600267, -0.4, -5.841946068955062, -14.0, -14.0, -1.0, 0.0, 0.0, -1.0, 0.0, 0.0, 0.026093731688531685];22.74686119996477
[29.836827385778037, 1081.4484598391582, 118.80198296988354];True;False;[0.0, 7.25, 1.4500000000000002, 0.0, 0.0, 9.158053931044938, 0.5, 0.5, 5579.966666702985, 10500.0, 10500.0, 0.0, 3.0, 0.0, 0.025, 0.018829319552697732, 0.0, 0.0, 0.05, 0.5, 0.5, 0.05, 0.5, 0.5, 0.07459311134541123, 0.0, 0.0, 0.05, 0.5, 0.5, 0.05, 0.5, 0.5, 0.0, 0.0, 0.0, 0.030000000000000002, 0.255, 0.0, 0.0, 0.0];[0.43942303509390257, -1.447605943992489, -8.688429789501464, 0.5655288351646277, -0.4, -5.841946068955062, -14.0, -14.0, -1.0, 0.0, 0.0, -1.0, 0.0, 0.0, 0.022525632327141998];9.807658599922433
[1e+30, 1e+30, 1e+30];False;False;[0.0, 7.25, 1.4500000000000002, 0.0, 0.0, 13.937956117595956, 0.5, 0.5, 10945.47796317607, 10500.0, 10500.0, 0.0, 3.0, 0.0, 0.025, 0.0005194925267387497, 0.0, 0.0, 0.05, 0.5, 0.5, 0.05, 0.5, 0.5, 0.015777324739416867, 0.0, 0.0, 0.05, 0.5, 0.5, 0.05, 0.5, 0.5, 0.0, 0.0, 0.0, 0.030000000000000002, 0.255, 0.0, 0.0, 0.0];[1e+30, 1e+30, 1e+30, 1e+30, 1e+30, 1e+30, 1e+30, 1e+30, 1e+30, 1e+30, 1e+30, 1e+30, 1e+30, 1e+30, 1e+30];31.516628900077194
[1e+30, 1e+30, 1e+30];False;False;[0.0, 7.25, 1.4500000000000002, 0.0, 0.0, 9.10271219741562, 0.5, 0.5, 10129.436446195865, 10500.0, 10500.0, 0.0, 3.0, 0.0, 0.025, 0.001347461032714258, 0.0, 0.0, 0.05, 0.5, 0.5, 0.05, 0.5, 0.5, 0.016535541430730643, 0.0, 0.0, 0.05, 0.5, 0.5, 0.05, 0.5, 0.5, 0.0, 0.0, 0.0, 0.030000000000000002, 0.255, 0.0, 0.0, 0.0];[1e+30, 1e+30, 1e+30, 1e+30, 1e+30, 1e+30, 1e+30, 1e+30, 1e+30, 1e+30, 1e+30, 1e+30, 1e+30, 1e+30, 1e+30];31.460512300021946
[28.250086511829224, 1070.3284366097155, 119.26305928178188];True;False;[0.0, 7.25, 1.4500000000000002, 0.0, 0.0, 13.847263003657776, 0.5, 0.5, 10629.604154264765, 10500.0, 10500.0, 0.0, 3.0, 0.0, 0.025, 0.000758898109705676, 0.0, 0.0, 0.05, 0.5, 0.5, 0.05, 0.5, 0.5, 0.016250140413250045, 0.0, 0.0, 0.05, 0.5, 0.5, 0.05, 0.5, 0.5, 0.0, 0.0, 0.0, 0.030000000000000002, 0.255, 0.0, 0.0, 0.0];[0.26882608658455887, -1.4915516724134201, -3.92386332565275, 0.7139061896077881, -0.4, -1.1527369963422238, -14.0, -14.0, -1.0, 0.0, 0.0, -1.0, 0.0, 0.0, 0.04121813164971211];20.81157199991867
[1e+30, 1e+30, 1e+30];False;False;[0.0, 7.25, 1.4500000000000002, 0.0, 0.0, 13.870687582179418, 0.5, 0.5, 10030.000221777093, 10500.0, 10500.0, 0.0, 3.0, 0.0, 0.025, 0.0006441882134404547, 0.0, 0.0, 0.05, 0.5, 0.5, 0.05, 0.5, 0.5, 0.016250140413250045, 0.0, 0.0, 0.05, 0.5, 0.5, 0.05, 0.5, 0.5, 0.0, 0.0, 0.0, 0.030000000000000002, 0.255, 0.0, 0.0, 0.0];[1e+30, 1e+30, 1e+30, 1e+30, 1e+30, 1e+30, 1e+30, 1e+30, 1e+30, 1e+30, 1e+30, 1e+30, 1e+30, 1e+30, 1e+30];37.62518019997515
[1e+30, 1e+30, 1e+30];False;False;[0.0, 7.25, 1.4500000000000002, 0.0, 0.0, 9.158053931044938, 0.5, 0.5, 10566.933371182417, 10500.0, 10500.0, 0.0, 3.0, 0.0, 0.025, 0.021696122526373852, 0.0, 0.0, 0.05, 0.5, 0.5, 0.05, 0.5, 0.5, 0.014926432092504764, 0.0, 0.0, 0.05, 0.5, 0.5, 0.05, 0.5, 0.5, 0.0, 0.0, 0.0, 0.030000000000000002, 0.255, 0.0, 0.0, 0.0];[1e+30, 1e+30, 1e+30, 1e+30, 1e+30, 1e+30, 1e+30, 1e+30, 1e+30, 1e+30, 1e+30, 1e+30, 1e+30, 1e+30, 1e+30];40.14829809998628
[28.259308177284876, 1069.872310292445, 119.26774274525968];True;False;[0.0, 7.25, 1.4500000000000002, 0.0, 0.0, 13.84387828638277, 0.5, 0.5, 10030.000221777093, 10500.0, 10500.0, 0.0, 3.0, 0.0, 0.025, 0.0002965059986056257, 0.0, 0.0, 0.05, 0.5, 0.5, 0.05, 0.5, 0.5, 0.016086039200953167, 0.0, 0.0, 0.05, 0.5, 0.5, 0.05, 0.5, 0.5, 0.0, 0.0, 0.0, 0.030000000000000002, 0.255, 0.0, 0.0, 0.0];[0.2680068784095999, -1.4917627002207254, -3.9276721985553564, 0.7141408986269091, -0.4, -1.15612171361723, -14.0, -14.0, -1.0, 0.0, 0.0, -1.0, 0.0, 0.0, 0.04131112025673156];18.411044000065885
[30.09065125668667, 1068.6833179901673, 118.94705303409134];True;False;[0.0, 7.25, 1.4500000000000002, 0.0, 0.0, 9.158053931044938, 0.5, 0.5, 5579.966666702985, 10500.0, 10500.0, 0.0, 3.0, 0.0, 0.025, 0.021682256552872283, 0.0, 0.0, 0.05, 0.5, 0.5, 0.05, 0.5, 0.5, 0.05405117801173459, 0.0, 0.0, 0.05, 0.5, 0.5, 0.05, 0.5, 0.5, 0.0, 0.0, 0.0, 0.030000000000000002, 0.255, 0.0, 0.0, 0.0];[0.4132727532686875, -1.4543422496137943, -8.688429789501528, 0.573288300543725, -0.4, -5.841946068955062, -14.0, -14.0, -1.0, 0.0, 0.0, -1.0, 0.0, 0.0, 0.025306709876145028];15.504406700027175
[28.255120094372874, 1069.988459552622, 119.26702959662526];True;False;[0.0, 7.25, 1.4500000000000002, 0.0, 0.0, 13.852380891943248, 0.5, 0.5, 10855.767403548813, 10500.0, 10500.0, 0.0, 3.0, 0.0, 0.025, 0.0006429454358243963, 0.0, 0.0, 0.05, 0.5, 0.5, 0.05, 0.5, 0.5, 0.015795265451462443, 0.0, 0.0, 0.05, 0.5, 0.5, 0.05, 0.5, 0.5, 0.0, 0.0, 0.0, 0.030000000000000002, 0.255, 0.0, 0.0, 0.0];[0.26801917175907963, -1.4917595334571774, -3.9181030806996713, 0.7142690853120011, -0.4, -1.1476191080567517, -14.0, -14.0, -1.0, 0.0, 0.0, -1.0, 0.0, 0.0, 0.04130972459816895];26.811673099990003
[28.251632624090394, 1070.2512962092287, 119.26379805354475];True;False;[0.0, 7.25, 1.4500000000000002, 0.0, 0.0, 13.847263003657776, 0.5, 0.5, 10971.76097162374, 10500.0, 10500.0, 0.0, 3.0, 0.0, 0.025, 0.0006429454358243963, 0.0, 0.0, 0.05, 0.5, 0.5, 0.05, 0.5, 0.5, 0.016250140413250045, 0.0, 0.0, 0.05, 0.5, 0.5, 0.05, 0.5, 0.5, 0.0, 0.0, 0.0, 0.030000000000000002, 0.255, 0.0, 0.0, 0.0];[0.2686728453266607, -1.4915911473205703, -3.92386332565294, 0.71395097439146, -0.4, -1.1527369963422238, -14.0, -14.0, -1.0, 0.0, 0.0, -1.0, 0.0, 0.0, 0.04123552368938055];19.237463099998422
[1e+30, 1e+30, 1e+30];False;False;[0.0, 7.25, 1.4500000000000002, 0.0, 0.0, 9.156043793188386, 0.5, 0.5, 10567.56126543007, 10500.0, 10500.0, 0.0, 3.0, 0.0, 0.025, 0.021686733628914205, 0.0, 0.0, 0.05, 0.5, 0.5, 0.05, 0.5, 0.5, 0.01648931996697166, 0.0, 0.0, 0.05, 0.5, 0.5, 0.05, 0.5, 0.5, 0.0, 0.0, 0.0, 0.030000000000000002, 0.255, 0.0, 0.0, 0.0];[1e+30, 1e+30, 1e+30, 1e+30, 1e+30, 1e+30, 1e+30, 1e+30, 1e+30, 1e+30, 1e+30, 1e+30, 1e+30, 1e+30, 1e+30];37.04327199992258
[1e+30, 1e+30, 1e+30];False;False;[0.0, 7.25, 1.4500000000000002, 0.0, 0.0, 13.690765179050016, 0.5, 0.5, 10855.767403548813, 10500.0, 10500.0, 0.0, 3.0, 0.0, 0.025, 0.0003814323218561705, 0.0, 0.0, 0.05, 0.5, 0.5, 0.05, 0.5, 0.5, 0.01628907479525012, 0.0, 0.0, 0.05, 0.5, 0.5, 0.05, 0.5, 0.5, 0.0, 0.0, 0.0, 0.030000000000000002, 0.255, 0.0, 0.0, 0.0];[1e+30, 1e+30, 1e+30, 1e+30, 1e+30, 1e+30, 1e+30, 1e+30, 1e+30, 1e+30, 1e+30, 1e+30, 1e+30, 1e+30, 1e+30];25.360820100060664
[30.094477867904963, 1068.4840389853368, 118.94944223795503];True;False;[0.0, 7.25, 1.4500000000000002, 0.0, 0.0, 9.158053931044938, 0.5, 0.5, 5573.20903088551, 10500.0, 10500.0, 0.0, 3.0, 0.0, 0.025, 0.021696122526373852, 0.0, 0.0, 0.05, 0.5, 0.5, 0.05, 0.5, 0.5, 0.0537561228557177, 0.0, 0.0, 0.05, 0.5, 0.5, 0.05, 0.5, 0.5, 0.0, 0.0, 0.0, 0.030000000000000002, 0.255, 0.0, 0.0, 0.0];[0.4128631359925743, -1.454447766914839, -8.688429789501466, 0.5734207947266876, -0.4, -5.841946068955062, -14.0, -14.0, -1.0, 0.0, 0.0, -1.0, 0.0, 0.0, 0.02535050810493278];15.141541599994525
[1e+30, 1e+30, 1e+30];False;False;[0.0, 7.25, 1.4500000000000002, 0.0, 0.0, 13.849071264988902, 0.5, 0.5, 5638.408152611328, 10500.0, 10500.0, 0.0, 3.0, 0.0, 0.025, 0.0024290849406098, 0.0, 0.0, 0.05, 0.5, 0.5, 0.05, 0.5, 0.5, 0.016228934813073942, 0.0, 0.0, 0.05, 0.5, 0.5, 0.05, 0.5, 0.5, 0.0, 0.0, 0.0, 0.030000000000000002, 0.255, 0.0, 0.0, 0.0];[1e+30, 1e+30, 1e+30, 1e+30, 1e+30, 1e+30, 1e+30, 1e+30, 1e+30, 1e+30, 1e+30, 1e+30, 1e+30, 1e+30, 1e+30];38.93365120003
[28.079729090447184, 1079.759685614963, 119.16164224277907];True;False;[0.0, 7.25, 1.4500000000000002, 0.0, 0.0, 13.841486336610648, 0.5, 0.5, 6041.621274410361, 10500.0, 10500.0, 0.0, 3.0, 0.0, 0.025, 0.001360704893276981, 0.0, 0.0, 0.05, 0.5, 0.5, 0.05, 0.5, 0.5, 0.029328530386851636, 0.0, 0.0, 0.05, 0.5, 0.5, 0.05, 0.5, 0.5, 0.0, 0.0, 0.0, 0.030000000000000002, 0.255, 0.0, 0.0, 0.0];[0.2876642372957994, -1.4866989698161979, -3.9303635750222643, 0.7071959462331212, -0.4, -1.1585136633893516, -14.0, -14.0, -1.0, 0.0, 0.0, -1.0, 0.0, 0.0, 0.0390885861706739];23.953691600007005
[1e+30, 1e+30, 1e+30];False;False;[0.0, 7.25, 1.4500000000000002, 0.0, 0.0, 13.689826288139818, 0.5, 0.5, 10514.756872471202, 10500.0, 10500.0, 0.0, 3.0, 0.0, 0.025, 0.00039972006278025615, 0.0, 0.0, 0.05, 0.5, 0.5, 0.05, 0.5, 0.5, 0.05405117801173459, 0.0, 0.0, 0.05, 0.5, 0.5, 0.05, 0.5, 0.5, 0.0, 0.0, 0.0, 0.030000000000000002, 0.255, 0.0, 0.0, 0.0];[1e+30, 1e+30, 1e+30, 1e+30, 1e+30, 1e+30, 1e+30, 1e+30, 1e+30, 1e+30, 1e+30, 1e+30, 1e+30, 1e+30, 1e+30];34.082220300100744
[1e+30, 1e+30, 1e+30];False;False;[0.0, 7.25, 1.4500000000000002, 0.0, 0.0, 14.002735941048462, 0.5, 0.5, 5732.198343687651, 10500.0, 10500.0, 0.0, 3.0, 0.0, 0.025, 0.00021341462459989035, 0.0, 0.0, 0.05, 0.5, 0.5, 0.05, 0.5, 0.5, 0.016250140413250045, 0.0, 0.0, 0.05, 0.5, 0.5, 0.05, 0.5, 0.5, 0.0, 0.0, 0.0, 0.030000000000000002, 0.255, 0.0, 0.0, 0.0];[1e+30, 1e+30, 1e+30, 1e+30, 1e+30, 1e+30, 1e+30, 1e+30, 1e+30, 1e+30, 1e+30, 1e+30, 1e+30, 1e+30, 1e+30];27.53920380002819
[28.25160867042217, 1070.2530058441944, 119.26377429420891];True;False;[0.0, 7.25, 1.4500000000000002, 0.0, 0.0, 13.847263003657776, 0.5, 0.5, 10855.767403548813, 10500.0, 10500.0, 0.0, 3.0, 0.0, 0.025, 0.0006454149699273333, 0.0, 0.0, 0.05, 0.5, 0.5, 0.05, 0.5, 0.5, 0.016250140413250045, 0.0, 0.0, 0.05, 0.5, 0.5, 0.05, 0.5, 0.5, 0.0, 0.0, 0.0, 0.030000000000000002, 0.255, 0.0, 0.0, 0.0];[0.2686762416245916, -1.491590272435132, -3.923863325652883, 0.7139492377775005, -0.4, -1.1527369963422238, -14.0, -14.0, -1.0, 0.0, 0.0, -1.0, 0.0, 0.0, 0.04123513821614033];20.082220899988897
[29.23110671809002, 1050.7086846118475, 119.34236588949855];True;False;[0.0, 7.25, 1.4500000000000002, 0.0, 0.0, 11.773187365705743, 0.5, 0.5, 9947.044883145512, 10500.0, 10500.0, 0.0, 3.0, 0.0, 0.025, 0.0006429454358243963, 0.0, 0.0, 0.05, 0.5, 0.5, 0.05, 0.5, 0.5, 0.016217761722413213, 0.0, 0.0, 0.05, 0.5, 0.5, 0.05, 0.5, 0.5, 0.0, 0.0, 0.0, 0.030000000000000002, 0.255, 0.0, 0.0, 0.0];[0.2869918935828739, -1.4868721653772679, -6.158086131360259, 0.6716546638929415, -0.4, -3.226812634294257, -14.0, -14.0, -1.0, 0.0, 0.0, -1.0, 0.0, 0.0, 0.03916430236775159];7.9635548000223935
[30.408217287280518, 1054.791992858034, 119.10233296768692];True;False;[0.0, 7.25, 1.4500000000000002, 0.0, 0.0, 9.105094446518992, 0.5, 0.5, 5579.966666702985, 10500.0, 10500.0, 0.0, 3.0, 0.0, 0.025, 0.0013441178718917816, 0.0, 0.0, 0.05, 0.5, 0.5, 0.05, 0.5, 0.5, 0.05405117801173459, 0.0, 0.0, 0.05, 0.5, 0.5, 0.05, 0.5, 0.5, 0.0, 0.0, 0.0, 0.030000000000000002, 0.255, 0.0, 0.0, 0.0];[0.3866839263794226, -1.4611915243266014, -8.736338942089525, 0.5797699004112886, -0.4, -5.894905553481008, -14.0, -14.0, -1.0, 0.0, 0.0, -1.0, 0.0, 0.0, 0.028164944495592037];18.276493999990635
[29.25247779985291, 1050.0486372163832, 119.34814233127729];True;False;[0.0, 7.25, 1.4500000000000002, 0.0, 0.0, 11.749911262118019, 0.5, 0.5, 10855.767403548813, 10500.0, 10500.0, 0.0, 3.0, 0.0, 0.025, 0.0003906760092472852, 0.0, 0.0, 0.05, 0.5, 0.5, 0.05, 0.5, 0.5, 0.0157887264894975, 0.0, 0.0, 0.05, 0.5, 0.5, 0.05, 0.5, 0.5, 0.0, 0.0, 0.0, 0.030000000000000002, 0.255, 0.0, 0.0, 0.0];[0.28634978593738314, -1.4870375721354356, -6.1820227541285195, 0.6714118858662195, -0.4, -3.250088737881981, -14.0, -14.0, -1.0, 0.0, 0.0, -1.0, 0.0, 0.0, 0.03923663337911054];8.730600100010633
[30.60866213299064, 1040.9136935328095, 119.27424744898111];True;False;[0.0, 7.25, 1.4500000000000002, 0.0, 0.0, 9.25489370375445, 0.5, 0.5, 10460.480571757129, 10500.0, 10500.0, 0.0, 3.0, 0.0, 0.025, 0.01712446485614956, 0.0, 0.0, 0.05, 0.5, 0.5, 0.05, 0.5, 0.5, 0.016489042520462387, 0.0, 0.0, 0.05, 0.5, 0.5, 0.05, 0.5, 0.5, 0.0, 0.0, 0.0, 0.030000000000000002, 0.255, 0.0, 0.0, 0.0];[0.3520497272466647, -1.4701132847828302, -8.6004805621475, 0.5940448516315893, -0.4, -5.745106296245551, -14.0, -14.0, -1.0, 0.0, 0.0, -1.0, 0.0, 0.0, 0.03193501506182561];24.000775399967097
[28.041643619684013, 1081.8843367598251, 119.13896693911201];True;False;[0.0, 7.25, 1.4500000000000002, 0.0, 0.0, 13.840626468181842, 0.5, 0.5, 10847.04775782231, 10500.0, 10500.0, 0.0, 3.0, 0.0, 0.025, 0.018702683663622596, 0.0, 0.0, 0.05, 0.5, 0.5, 0.05, 0.5, 0.5, 0.015316016766071345, 0.0, 0.0, 0.05, 0.5, 0.5, 0.05, 0.5, 0.5, 0.0, 0.0, 0.0, 0.030000000000000002, 0.255, 0.0, 0.0, 0.0];[0.2918841957540641, -1.485611909643229, -3.9313310178275085, 0.7057067549164497, -0.4, -1.159373531818158, -14.0, -14.0, -1.0, 0.0, 0.0, -1.0, 0.0, 0.0, 0.038613839422623975];18.533204299979843
[1e+30, 1e+30, 1e+30];False;False;[0.0, 7.25, 1.4500000000000002, 0.0, 0.0, 13.84964525276538, 0.5, 0.5, 5579.966666702985, 10500.0, 10500.0, 0.0, 3.0, 0.0, 0.025, 0.0003885768694823095, 0.0, 0.0, 0.05, 0.5, 0.5, 0.05, 0.5, 0.5, 0.05405117801173459, 0.0, 0.0, 0.05, 0.5, 0.5, 0.05, 0.5, 0.5, 0.0, 0.0, 0.0, 0.030000000000000002, 0.255, 0.0, 0.0, 0.0];[1e+30, 1e+30, 1e+30, 1e+30, 1e+30, 1e+30, 1e+30, 1e+30, 1e+30, 1e+30, 1e+30, 1e+30, 1e+30, 1e+30, 1e+30];7.700804500025697
[1e+30, 1e+30, 1e+30];False;False;[0.0, 7.25, 1.4500000000000002, 0.0, 0.0, 8.991783501590403, 0.5, 0.5, 15422.063342622907, 10500.0, 10500.0, 0.0, 3.0, 0.0, 0.025, 0.0006330887285300284, 0.0, 0.0, 0.05, 0.5, 0.5, 0.05, 0.5, 0.5, 0.016250140413250045, 0.0, 0.0, 0.05, 0.5, 0.5, 0.05, 0.5, 0.5, 0.0, 0.0, 0.0, 0.030000000000000002, 0.255, 0.0, 0.0, 0.0];[1e+30, 1e+30, 1e+30, 1e+30, 1e+30, 1e+30, 1e+30, 1e+30, 1e+30, 1e+30, 1e+30, 1e+30, 1e+30, 1e+30, 1e+30];36.328487800084986
[30.631301507122544, 1042.691802057356, 119.24597983482903];True;False;[0.0, 7.25, 1.4500000000000002, 0.0, 0.0, 9.158053931044938, 0.5, 0.5, 5660.018837692787, 10500.0, 10500.0, 0.0, 3.0, 0.0, 0.025, 0.021730386689420563, 0.0, 0.0, 0.05, 0.5, 0.5, 0.05, 0.5, 0.5, 0.01564159040726466, 0.0, 0.0, 0.05, 0.5, 0.5, 0.05, 0.5, 0.5, 0.0, 0.0, 0.0, 0.030000000000000002, 0.255, 0.0, 0.0, 0.0];[0.3594822743748569, -1.4681986626256085, -8.688429789501525, 0.5892057409045492, -0.4, -5.841946068955062, -14.0, -14.0, -1.0, 0.0, 0.0, -1.0, 0.0, 0.0, 0.031121423850799412];29.179694199934602
[30.09043252441727, 1068.6924981711284, 118.94696912861053];True;False;[0.0, 7.25, 1.4500000000000002, 0.0, 0.0, 9.158053931044938, 0.5, 0.5, 5579.966666702985, 10500.0, 10500.0, 0.0, 3.0, 0.0, 0.025, 0.021696122526373852, 0.0, 0.0, 0.05, 0.5, 0.5, 0.05, 0.5, 0.5, 0.05405117801173459, 0.0, 0.0, 0.05, 0.5, 0.5, 0.05, 0.5, 0.5, 0.0, 0.0, 0.0, 0.030000000000000002, 0.255, 0.0, 0.0, 0.0];[0.4132916220687788, -1.4543373890159321, -8.688429789501434, 0.5732846705272407, -0.4, -5.841946068955062, -14.0, -14.0, -1.0, 0.0, 0.0, -1.0, 0.0, 0.0, 0.025304692510183746];14.209813099936582
[29.940464124537222, 1076.2454113523604, 118.860864201076];True;False;[0.0, 7.25, 1.4500000000000002, 0.0, 0.0, 9.156153898941259, 0.5, 0.5, 14925.298052519816, 10500.0, 10500.0, 0.0, 3.0, 0.0, 0.025, 0.0013441178718917816, 0.0, 0.0, 0.05, 0.5, 0.5, 0.05, 0.5, 0.5, 0.08370305073298241, 0.0, 0.0, 0.05, 0.5, 0.5, 0.05, 0.5, 0.5, 0.0, 0.0, 0.0, 0.030000000000000002, 0.255, 0.0, 0.0, 0.0];[0.42885987376023404, -1.450327011533805, -8.690150933640314, 0.568619710094733, -0.4, -5.843846101058741, -14.0, -14.0, -1.0, 0.0, 0.0, -1.0, 0.0, 0.0, 0.023645469915676398];10.287017000024207
[27.757631513861377, 1097.9211218609912, 118.96905471317285];True;False;[0.0, 7.25, 1.4500000000000002, 0.0, 0.0, 13.847263003657776, 0.5, 0.5, 5868.800706502423, 10500.0, 10500.0, 0.0, 3.0, 0.0, 0.025, 0.00039093748523688675, 0.0, 0.0, 0.05, 0.5, 0.5, 0.05, 0.5, 0.5, 0.05537503777140769, 0.0, 0.0, 0.05, 0.5, 0.5, 0.05, 0.5, 0.5, 0.0, 0.0, 0.0, 0.030000000000000002, 0.255, 0.0, 0.0, 0.0];[0.32324809189050807, -1.4775325783663358, -3.92386332565286, 0.6947857277675225, -0.4, -1.1527369963422238, -14.0, -14.0, -1.0, 0.0, 0.0, -1.0, 0.0, 0.0, 0.03511142192398842];16.69805750006344
[30.688092061871483, 1042.6987156806188, 119.23941492159199];True;False;[0.0, 7.25, 1.4500000000000002, 0.0, 0.0, 9.06736081711577, 0.5, 0.5, 5606.249685674837, 10500.0, 10500.0, 0.0, 3.0, 0.0, 0.025, 0.022098387321235938, 0.0, 0.0, 0.05, 0.5, 0.5, 0.05, 0.5, 0.5, 0.016250140413250045, 0.0, 0.0, 0.05, 0.5, 0.5, 0.05, 0.5, 0.5, 0.0, 0.0, 0.0, 0.030000000000000002, 0.255, 0.0, 0.0, 0.0];[0.36302516267878904, -1.467286015543752, -8.770392943298944, 0.5857312488654616, -0.4, -5.93263918288423, -14.0, -14.0, -1.0, 0.0, 0.0, -1.0, 0.0, 0.0, 0.03073448283824276];27.34518039994873
[29.23667494872236, 1050.519493418675, 119.34412583368238];True;False;[0.0, 7.25, 1.4500000000000002, 0.0, 0.0, 11.76806947742027, 0.5, 0.5, 10855.767403548813, 10500.0, 10500.0, 0.0, 3.0, 0.0, 0.025, 0.00039093748523688675, 0.0, 0.0, 0.05, 0.5, 0.5, 0.05, 0.5, 0.5, 0.016250140413250045, 0.0, 0.0, 0.05, 0.5, 0.5, 0.05, 0.5, 0.5, 0.0, 0.0, 0.0, 0.030000000000000002, 0.255, 0.0, 0.0, 0.0];[0.2867610474248279, -1.486931631285991, -6.163351422668875, 0.6716309237589402, -0.4, -3.231930522579731, -14.0, -14.0, -1.0, 0.0, 0.0, -1.0, 0.0, 0.0, 0.03919030408509738];8.209185600047931
[29.154650018008454, 1051.8162186993886, 119.34058069251805];True;False;[0.0, 7.25, 1.4500000000000002, 0.0, 0.0, 11.929685190313501, 0.5, 0.5, 10629.604154264765, 10500.0, 10500.0, 0.0, 3.0, 0.0, 0.025, 0.0006394421383851715, 0.0, 0.0, 0.05, 0.5, 0.5, 0.05, 0.5, 0.5, 0.01575633106946237, 0.0, 0.0, 0.05, 0.5, 0.5, 0.05, 0.5, 0.5, 0.0, 0.0, 0.0, 0.030000000000000002, 0.255, 0.0, 0.0, 0.0];[0.2845667958206226, -1.4874968699138116, -5.996490548525339, 0.6754752458251787, -0.4, -3.070314809686499, -14.0, -14.0, -1.0, 0.0, 0.0, -1.0, 0.0, 0.0, 0.03943758231115291];8.182406799984165
[29.832347881175284, 1081.677307792492, 118.79939087806999];True;False;[0.0, 7.25, 1.4500000000000002, 0.0, 0.0, 9.158053931044938, 0.5, 0.5, 5579.966666702985, 10500.0, 10500.0, 0.0, 3.0, 0.0, 0.025, 0.019041695351862013, 0.0, 0.0, 0.05, 0.5, 0.5, 0.05, 0.5, 0.5, 0.07470700505052802, 0.0, 0.0, 0.05, 0.5, 0.5, 0.05, 0.5, 0.5, 0.0, 0.0, 0.0, 0.030000000000000002, 0.255, 0.0, 0.0, 0.0];[0.43989026734693404, -1.4474855850887651, -8.688429789501507, 0.5653898959150763, -0.4, -5.841946068955062, -14.0, -14.0, -1.0, 0.0, 0.0, -1.0, 0.0, 0.0, 0.02247621000898381];9.271756299887784
[30.649306396967607, 1040.172832125444, 119.27985104644478];True;False;[0.0, 7.25, 1.4500000000000002, 0.0, 0.0, 9.214823202964142, 0.5, 0.5, 5579.966666702985, 10500.0, 10500.0, 0.0, 3.0, 0.0, 0.025, 0.017133853753609207, 0.0, 0.0, 0.05, 0.5, 0.5, 0.05, 0.5, 0.5, 0.015777047292907593, 0.0, 0.0, 0.05, 0.5, 0.5, 0.05, 0.5, 0.5, 0.0, 0.0, 0.0, 0.030000000000000002, 0.255, 0.0, 0.0, 0.0];[0.35204152153778434, -1.470115398571253, -8.63692629452796, 0.5929746336121671, -0.4, -5.785176797035858, -14.0, -14.0, -1.0, 0.0, 0.0, -1.0, 0.0, 0.0, 0.03193591466333756];23.659628299996257
[30.705324525472676, 1039.222208111898, 119.28662606929973];True;False;[0.0, 7.25, 1.4500000000000002, 0.0, 0.0, 9.158053931044938, 0.5, 0.5, 5657.16617066015, 10500.0, 10500.0, 0.0, 3.0, 0.0, 0.025, 0.0164158013561295, 0.0, 0.0, 0.05, 0.5, 0.5, 0.05, 0.5, 0.5, 0.01564159040726466, 0.0, 0.0, 0.05, 0.5, 0.5, 0.05, 0.5, 0.5, 0.0, 0.0, 0.0, 0.030000000000000002, 0.255, 0.0, 0.0, 0.0];[0.35224534807044083, -1.4700628929108202, -8.688429789501505, 0.5913800329796777, -0.4, -5.841946068955062, -14.0, -14.0, -1.0, 0.0, 0.0, -1.0, 0.0, 0.0, 0.031913569821865884];29.927882199990563
[30.530458094291923, 1053.7059297461408, 119.1028261620425];True;False;[0.0, 7.25, 1.4500000000000002, 0.0, 0.0, 8.949769984081957, 0.5, 0.5, 9877.768545897688, 10500.0, 10500.0, 0.0, 3.0, 0.0, 0.025, 0.00133547468967397, 0.0, 0.0, 0.05, 0.5, 0.5, 0.05, 0.5, 0.5, 0.05405117801173459, 0.0, 0.0, 0.05, 0.5, 0.5, 0.05, 0.5, 0.5, 0.0, 0.0, 0.0, 0.030000000000000002, 0.255, 0.0, 0.0, 0.0];[0.39056619053083885, -1.4601914541169827, -8.876082808273415, 0.5744170290772324, -0.4, -6.050230015918043, -14.0, -14.0, -1.0, 0.0, 0.0, -1.0, 0.0, 0.0, 0.027745672830480128];10.902672900003381
[30.090277589832414, 1068.699174093857, 118.94690547040773];True;False;[0.0, 7.25, 1.4500000000000002, 0.0, 0.0, 9.158053931044938, 0.5, 0.5, 5400.548021401545, 10500.0, 10500.0, 0.0, 3.0, 0.0, 0.025, 0.021696122526373852, 0.0, 0.0, 0.05, 0.5, 0.5, 0.05, 0.5, 0.5, 0.054060860551775496, 0.0, 0.0, 0.05, 0.5, 0.5, 0.05, 0.5, 0.5, 0.0, 0.0, 0.0, 0.030000000000000002, 0.255, 0.0, 0.0, 0.0];[0.41330534359883053, -1.4543338543534439, -8.688429789501445, 0.573281783898792, -0.4, -5.841946068955062, -14.0, -14.0, -1.0, 0.0, 0.0, -1.0, 0.0, 0.0, 0.02530322547655961];13.678990400047041
[1e+30, 1e+30, 1e+30];False;False;[0.0, 7.25, 1.4500000000000002, 0.0, 0.0, 13.79069560826717, 0.5, 0.5, 10633.205566212051, 10500.0, 10500.0, 0.0, 3.0, 0.0, 0.025, 0.000758898109705676, 0.0, 0.0, 0.05, 0.5, 0.5, 0.05, 0.5, 0.5, 0.030716355261680775, 0.0, 0.0, 0.05, 0.5, 0.5, 0.05, 0.5, 0.5, 0.0, 0.0, 0.0, 0.030000000000000002, 0.255, 0.0, 0.0, 0.0];[1e+30, 1e+30, 1e+30, 1e+30, 1e+30, 1e+30, 1e+30, 1e+30, 1e+30, 1e+30, 1e+30, 1e+30, 1e+30, 1e+30, 1e+30];29.339969099964947
[29.83682738577828, 1081.4484598391684, 118.80198296988353];True;False;[0.0, 7.25, 1.4500000000000002, 0.0, 0.0, 9.158053931044938, 0.5, 0.5, 9581.977887113415, 10500.0, 10500.0, 0.0, 3.0, 0.0, 0.025, 0.018829319552697732, 0.0, 0.0, 0.05, 0.5, 0.5, 0.05, 0.5, 0.5, 0.07459311134541123, 0.0, 0.0, 0.05, 0.5, 0.5, 0.05, 0.5, 0.5, 0.0, 0.0, 0.0, 0.030000000000000002, 0.255, 0.0, 0.0, 0.0];[0.43942303509392655, -1.4476059439924862, -8.688429789501438, 0.5655288351646126, -0.4, -5.841946068955062, -14.0, -14.0, -1.0, 0.0, 0.0, -1.0, 0.0, 0.0, 0.02252563232714122];9.663206700002775
[28.894548883873004, 1056.6532576196778, 119.3206992566623];True;False;[0.0, 7.25, 1.4500000000000002, 0.0, 0.0, 12.437191333967753, 0.5, 0.5, 9943.260158529722, 10500.0, 10500.0, 0.0, 3.0, 0.0, 0.025, 0.0003894492527606382, 0.0, 0.0, 0.05, 0.5, 0.5, 0.05, 0.5, 0.5, 0.016250140413250045, 0.0, 0.0, 0.05, 0.5, 0.5, 0.05, 0.5, 0.5, 0.0, 0.0, 0.0, 0.030000000000000002, 0.255, 0.0, 0.0, 0.0];[0.27959588070739816, -1.4887773763207488, -5.464594436579874, 0.6865488074377415, -0.4, -2.5628086660322467, -14.0, -14.0, -1.0, 0.0, 0.0, -1.0, 0.0, 0.0, 0.039998612678048495];8.407451599952765
[1e+30, 1e+30, 1e+30];False;False;[0.0, 7.25, 1.4500000000000002, 0.0, 0.0, 9.262531162040776, 0.5, 0.5, 5194.64628259993, 10500.0, 10500.0, 0.0, 3.0, 0.0, 0.025, 0.0013363175779078909, 0.0, 0.0, 0.05, 0.5, 0.5, 0.05, 0.5, 0.5, 0.016535541430730643, 0.0, 0.0, 0.05, 0.5, 0.5, 0.05, 0.5, 0.5, 0.0, 0.0, 0.0, 0.030000000000000002, 0.255, 0.0, 0.0, 0.0];[1e+30, 1e+30, 1e+30, 1e+30, 1e+30, 1e+30, 1e+30, 1e+30, 1e+30, 1e+30, 1e+30, 1e+30, 1e+30, 1e+30, 1e+30];38.6429180999985
[30.090432523946216, 1068.692498167682, 118.94696912898239];True;False;[0.0, 7.25, 1.4500000000000002, 0.0, 0.0, 9.158053931044938, 0.5, 0.5, 5401.33186901744, 10500.0, 10500.0, 0.0, 3.0, 0.0, 0.025, 0.021696122526373852, 0.0, 0.0, 0.05, 0.5, 0.5, 0.05, 0.5, 0.5, 0.05405117801173459, 0.0, 0.0, 0.05, 0.5, 0.5, 0.05, 0.5, 0.5, 0.0, 0.0, 0.0, 0.030000000000000002, 0.255, 0.0, 0.0, 0.0];[0.4132916220616911, -1.4543373890177522, -8.68842978950145, 0.5732846705608088, -0.4, -5.841946068955062, -14.0, -14.0, -1.0, 0.0, 0.0, -1.0, 0.0, 0.0, 0.025304692510938476];13.7047114999732
[30.09434038932792, 1068.4908369770724, 118.94936481644069];True;False;[0.0, 7.25, 1.4500000000000002, 0.0, 0.0, 9.158053931044938, 0.5, 0.5, 5572.425183269615, 10500.0, 10500.0, 0.0, 3.0, 0.0, 0.025, 0.021696122526373852, 0.0, 0.0, 0.05, 0.5, 0.5, 0.05, 0.5, 0.5, 0.053765805395758606, 0.0, 0.0, 0.05, 0.5, 0.5, 0.05, 0.5, 0.5, 0.0, 0.0, 0.0, 0.030000000000000002, 0.255, 0.0, 0.0, 0.0];[0.4128771099435875, -1.4544441672287913, -8.688429789501503, 0.5734166661757121, -0.4, -5.841946068955062, -14.0, -14.0, -1.0, 0.0, 0.0, -1.0, 0.0, 0.0, 0.025349013823254718];13.509529000031762
[1e+30, 1e+30, 1e+30];False;False;[0.0, 7.25, 1.4500000000000002, 0.0, 1.0, 9.158053931044938, 0.2750856351941996, 0.5, 10618.829416304023, 9490.87155285406, 10500.0, 0.0, 3.0, 1.0, 0.04001405734909616, 0.019046913109787515, 0.1429208421344089, 0.0, 0.082491878436736, 0.0, 0.0, 0.05, 0.5, 0.5, 0.01836350254015648, 0.149277670097382, 0.0, 0.06388285157373037, 0.16190567271814038, 0.0, 0.05, 0.5, 0.5, 0.0, 0.0, 0.0, 0.030000000000000002, 0.255, 0.0, 1.0, 1.0];[1e+30, 1e+30, 1e+30, 1e+30, 1e+30, 1e+30, 1e+30, 1e+30, 1e+30, 1e+30, 1e+30, 1e+30, 1e+30, 1e+30, 1e+30];57.407070599962026
