 combine_0001.out
************************************************************************
**                                                                    **
**                                                                    **
**                         OpenRadioss Engine                         **
**                                                                    **
**            Non-linear Finite Element Analysis Software             **
**                                                                    **
**                                                                    **
**                                                                    **
**                  Windows 64 bits, Intel compiler                   **
**                      Double Precision Version                      **
**                                                                    **
**                                                                    **
**                                                                    **
************************************************************************
** OpenRadioss Software                                               **
** COPYRIGHT (C) 1986-2025 Altair Engineering, Inc.                   **
** Licensed under GNU Affero General Public License.                  **
** See License file.                                                  **
************************************************************************
 
 NUMBER OF SPMD DOMAINS           1
 NUMBER OF THREADS PER DOMAIN     4
 NUMBER OF HMPP PROCESSES         4
  
 COMPUTATION HARDWARE DESCRIPTION
  
 HOSTNAME     CPU TYPE, FREQUENCY AND MEMORY
 Jialiang   13th Gen Intel(R) Core(TM) i7-13700H (x86_64), 2900 MHz,   3937 MB RAM,  29744 MB swap
  
 STACKSIZE  . . . . . . . . . . . . . . . . . . . . 1430 MB
 THREAD STACKSIZE . . . . . . . . . . . . . . . . . 400 MB
 
************************************************************************


 combineD01                                                                      


 FINAL TIME . . . . . . . . . . . . . . . . . . .   45.00000    

 TIME INTERVAL FOR TIME HISTORY PLOTS . . . . . .  0.5000000E-01

 TIME STEP SCALE FACTOR . . . . . . . . . . . . .  0.9000000    

 MINIMUM TIME STEP  . . . . . . . . . . . . . . .   0.000000    


 BRICK TIME STEP SCALE FACTOR . . . . . . . . . .  0.9000000    
 BRICK MINIMUM TIME STEP. . . . . . . . . . . . .   0.000000    
 MIN. TIME STEP FLAG (1:STOP RUN, 2:DELETE BRICK)     1

 QUAD TIME STEP SCALE FACTOR. . . . . . . . . . .  0.9000000    
 QUAD MINIMUM TIME STEP . . . . . . . . . . . . .   0.000000    
 MIN. TIME STEP FLAG (1:STOP RUN, 2:DELETE QUAD).     1

 SHELL TIME STEP SCALE FACTOR . . . . . . . . . .  0.9000000    
 SHELL MINIMUM TIME STEP. . . . . . . . . . . . .   0.000000    
 MIN. TIME FLAG (1:STOP, 2:DELETE, 3:SMALL STRAIN)    2

 TRUSS TIME STEP SCALE FACTOR . . . . . . . . . .  0.9000000    
 TRUSS MINIMUM TIME STEP. . . . . . . . . . . . .   0.000000    
 MIN. TIME FLAG (1:STOP, 2:DELETE). . . . . . . .     0

 BEAM TIME STEP SCALE FACTOR. . . . . . . . . . .  0.9000000    
 BEAM MINIMUM TIME STEP . . . . . . . . . . . . .   0.000000    
 MIN. TIME FLAG (1:STOP, 2:DELETE). . . . . . . .     0

 SPRING TIME STEP SCALE FACTOR. . . . . . . . . .  0.9000000    
 SPRING MINIMUM TIME STEP . . . . . . . . . . . .   0.000000    
 MIN. TIME FLAG (1:STOP, 2:DELETE). . . . . . . .     0

 AIRBAG TIME STEP SCALE FACTOR. . . . . . . . . .  0.9000000    
 AIRBAG MINIMUM TIME STEP . . . . . . . . . . . .   0.000000    
 MIN. TIME FLAG (1:STOP). . . . . . . . . . . . .     0

 CONTACT TIME STEP SCALE FACTOR . . . . . . . . .  0.9000000    
 CONTACT MINIMUM TIME STEP. . . . . . . . . . . .   0.000000    
 MIN. TIME FLAG(1:STOP, 2:REMOVE NODE FROM INTERF)    0

 PRINTOUT CYCLE FREQUENCY . . . . . . . . . . . .  -100

 RESTART CYCLE FREQUENCY. . . . . . . . . . . . .   10000000

 MAXIMUM RESTART WRITE BEFORE OVERWRITE . . . . .     0

 INVERS: INPUT DECK VERSION . . . . . . . . . . .   101
 ITTYP : FLAG FOR TYPE OF T-FILE. . . . . . . . .     4

 INITIAL TIME STEP. . . . . . . . . . . . . . . .   0.000000    
 MAXIMUM TIME STEP. . . . . . . . . . . . . . . .  0.1000000E+21

 PARALLEL ARITHMETIC ON
 NUMBER OF INTERFACES TO BE ELIMINATED. . . . . .        0

 NUMBER OF PARTS TO BE ELIMINATED . . . . . . . .        0

 NUMBER OF SOLID  ELEMENT BLOCKS TO BE ELIMINATED        0

 NUMBER OF QUAD   ELEMENT BLOCKS TO BE ELIMINATED        0

 NUMBER OF SHELL  ELEMENT BLOCKS TO BE ELIMINATED        0

 NUMBER OF TRUSS  ELEMENT BLOCKS TO BE ELIMINATED        0

 NUMBER OF BEAM   ELEMENT BLOCKS TO BE ELIMINATED        0

 NUMBER OF SPRING ELEMENT BLOCKS TO BE ELIMINATED        0

 NUMBER OF SH_3N  ELEMENT BLOCKS TO BE ELIMINATED        0

 NUMBER OF  SPH PARTICLES BLOCKS TO BE ELIMINATED        0

 NUMBER OF RIGID LINKS. . . . . . . . . . . . . .        0

 NUMBER OF NEW BOUNDARY CONDITIONS. . . . . . . .        0


 TIME FOR FIRST ANIMATION-FILE PLOT . . . . . . .   0.000000    
 TIME INTERVAL FOR ANIMATION-FILE PLOTS . . . . .  0.5000000    
 TIME TO STOP ANIMATION-FILE PLOTS. . . . . . . .  0.1000000E+21
 SENSOR FOR ANIMATION-FILE PLOTS. . . . . . . . .          0
 TIME INTERVAL FOR SENSOR ANIMATION-FILE PLOTS. .   0.000000    

 VARIABLE SAVED ON ANIMATION FILES (1: YES) :
      PLASTIC STRAIN. . . . . .     1
      DENSITY     (SOLID ONLY).     0
      SPECIFIC ENERGY . . . . .     1
      HOURGLASS ENERGY. . . . .     0
      TEMPERATURE (SOLID ONLY).     0
      THICKNESS   (SHELL ONLY).     1
      PRESSURE    (SOLID ONLY).     0
      VON MISES . . . . . . . .     1
      TURBULENT ENERGY (FLUID).     0
      TURBULENT VISCOSITY(FLUID)    0
      VORTICITY (FLUID) . . . .     0
 NODAL VALUES SAVED ON ANIMATION FILES (1: YES) :
      PRESSURE. . . . . . . . .     0
      DENSITY . . . . . . . . .     0
      TEMPERATURE . . . . . . .     0
 VECTOR SAVED ON ANIMATION FILES (1: YES) :
      VELOCITY VECTOR . . . . .     1
      DISPLACEMENT VECTOR . . .     1
      ACCELERATION VECTOR . . .     1
      CONTACT FORCES. . . . . .     0
      INTERNAL FORCES . . . . .     0
      EXTERNAL FORCES . . . . .     0
      SECTION RBY RWALL FORCES.     0
      ROTATIONAL VELOCITY VECTOR    0
      CONTACT PRESSURE (VECTORS)    0
 SHELL TENSOR SAVED ON ANIMATION FILES (1: YES) :
      MEMBRANE STRESS . . . . .     0
      BENDING STRESS(MOMENT/T^2)    0
      UPPER LAYER STRESS. . . .     0
      LOWER LAYER STRESS. . . .     0
      MEMBRANE STRAIN . . . . .     0
      CURVATURE . . . . . . . .     0
      UPPER LAYER STRAIN. . . .     0
      LOWER LAYER STRAIN. . . .     0
 NODAL MASS SAVED ON ANIMATION FILES (1: YES) :    0
 KEEP DELETED ELEMENT (1: YES) :    0


 
 CHECKSUM DIGESTS
 ----------------
 
 
 12/01/2026
   CYCLE    TIME      TIME-STEP  ELEMENT          ERROR  I-ENERGY    K-ENERGY T  K-ENERGY R  EXT-WORK     MAS.ERR     TOTAL MASS  MASS ADDED
       0   0.000      0.6010E-03 SHELL       3696   0.0%   0.000       6125.       0.000       0.000       0.000       250.7       0.000    
     ANIMATION FILE: combineA001 WRITTEN
     100  0.6010E-01  0.6010E-03 SHELL       3696   0.0%   0.000       6125.       0.000       0.000       0.000       250.7       0.000    
     200  0.1202      0.6010E-03 SHELL       3696   0.0%   0.000       6125.       0.000       0.000       0.000       250.7       0.000    
     300  0.1802      0.5971E-03 SHELL       3984   0.0%   13.94       6111.      0.1939     -0.1714       0.000       250.7       0.000    
     400  0.2394      0.5868E-03 SHELL       3984   0.0%   42.01       6083.      0.1276     -0.1723       0.000       250.7       0.000    
     500  0.2976      0.5771E-03 SHELL       4032   0.0%   69.01       6056.      0.1320     -0.1720       0.000       250.7       0.000    
     600  0.3549      0.5690E-03 SHELL       3984   0.0%   92.41       6032.      0.1892     -0.1724       0.000       250.7       0.000    
     700  0.4116      0.5645E-03 SHELL       3984   0.0%   111.1       6014.      0.2558     -0.1755       0.000       250.7       0.000    
     800  0.4679      0.5632E-03 SHELL       3984   0.0%   128.5       5996.      0.2213     -0.1783       0.000       250.7       0.000    
     ANIMATION FILE: combineA002 WRITTEN
     900  0.5242      0.5620E-03 SHELL       3984   0.0%   143.4       5981.      0.1958     -0.1796       0.000       250.7       0.000    
    1000  0.5804      0.5622E-03 SHELL       3984   0.0%   156.6       5968.      0.1319     -0.1857       0.000       250.7       0.000    
    1100  0.6363      0.5531E-03 SHELL       3360   0.0%   168.3       5956.      0.1062     -0.1877       0.000       250.7       0.000    
    1200  0.6910      0.5419E-03 SHELL       3360   0.0%   179.7       5945.      0.7341E-01 -0.1925       0.000       250.7       0.000    
    1300  0.7447      0.5326E-03 SHELL       3360  -0.0%   190.4       5934.      0.8157E-01 -0.1925       0.000       250.7       0.000    
    1400  0.7975      0.5226E-03 SHELL       3357  -0.0%   200.3       5924.      0.9296E-01 -0.1925       0.000       250.7       0.000    
    1500  0.8493      0.5137E-03 SHELL       3501  -0.0%   209.1       5916.      0.7334E-01 -0.2007       0.000       250.7       0.000    
    1600  0.9004      0.5084E-03 SHELL       3501  -0.0%   217.4       5907.      0.6380E-01 -0.2007       0.000       250.7       0.000    
    1700  0.9511      0.5061E-03 SHELL       3501  -0.0%   225.2       5900.      0.6775E-01 -0.2007       0.000       250.7       0.000    
     ANIMATION FILE: combineA003 WRITTEN
    1800   1.002      0.5060E-03 SHELL       3501  -0.0%   232.6       5892.      0.6024E-01 -0.2010       0.000       250.7       0.000    
    1900   1.052      0.5056E-03 SHELL       3501  -0.0%   240.0       5885.      0.5344E-01 -0.2016       0.000       250.7       0.000    
    2000   1.103      0.5049E-03 SHELL       3501  -0.0%   247.1       5878.      0.4919E-01 -0.2016       0.000       250.7       0.000    
    2100   1.153      0.5043E-03 SHELL       3501  -0.0%   253.9       5871.      0.4456E-01 -0.2016       0.000       250.7       0.000    
    2200   1.204      0.5031E-03 SHELL       3501  -0.0%   260.4       5864.      0.4229E-01 -0.2018       0.000       250.7       0.000    
    2300   1.254      0.5017E-03 SHELL       3501  -0.0%   266.5       5858.      0.4837E-01 -0.2018       0.000       250.7       0.000    
    2400   1.304      0.5001E-03 SHELL       3501  -0.0%   272.4       5852.      0.4659E-01 -0.2018       0.000       250.7       0.000    
    2500   1.354      0.4986E-03 SHELL       3501  -0.0%   278.1       5847.      0.4051E-01 -0.2039       0.000       250.7       0.000    
    2600   1.404      0.4978E-03 SHELL       3501  -0.0%   283.8       5841.      0.3867E-01 -0.2046       0.000       250.7       0.000    
    2700   1.453      0.4969E-03 SHELL       3501  -0.0%   289.5       5835.      0.3973E-01 -0.2045       0.000       250.7       0.000    
     ANIMATION FILE: combineA004 WRITTEN
    2800   1.503      0.4961E-03 SHELL       3501  -0.0%   295.1       5830.      0.3800E-01 -0.2050       0.000       250.7       0.000    
    2900   1.553      0.4951E-03 SHELL       3501  -0.0%   300.7       5824.      0.3641E-01 -0.2050       0.000       250.7       0.000    
    3000   1.602      0.4950E-03 SHELL       3501  -0.0%   306.0       5819.      0.3595E-01 -0.2066       0.000       250.7       0.000    
    3100   1.652      0.4950E-03 SHELL       3501  -0.0%   311.1       5814.      0.3739E-01 -0.2066       0.000       250.7       0.000    
    3200   1.701      0.4951E-03 SHELL       3501  -0.0%   316.2       5808.      0.3534E-01 -0.2072       0.000       250.7       0.000    
    3300   1.751      0.4950E-03 SHELL       3501  -0.0%   321.5       5803.      0.3268E-01 -0.2072       0.000       250.7       0.000    
    3400   1.800      0.4950E-03 SHELL       3501  -0.0%   326.8       5798.      0.3441E-01 -0.2081       0.000       250.7       0.000    
    3500   1.850      0.4950E-03 SHELL       3501  -0.0%   332.1       5793.      0.3616E-01 -0.2082       0.000       250.7       0.000    
    3600   1.899      0.4950E-03 SHELL       3501  -0.0%   337.2       5787.      0.3556E-01 -0.2082       0.000       250.7       0.000    
    3700   1.949      0.4950E-03 SHELL       3501  -0.0%   342.2       5782.      0.3673E-01 -0.2082       0.000       250.7       0.000    
    3800   1.998      0.4950E-03 SHELL       3501  -0.0%   347.4       5777.      0.4142E-01 -0.2098       0.000       250.7       0.000    
     ANIMATION FILE: combineA005 WRITTEN
    3900   2.048      0.4951E-03 SHELL       3501  -0.0%   352.8       5772.      0.4297E-01 -0.2097       0.000       250.7       0.000    
    4000   2.097      0.4951E-03 SHELL       3501  -0.0%   358.6       5766.      0.4797E-01 -0.2129       0.000       250.7       0.000    
    4100   2.147      0.4951E-03 SHELL       3501  -0.0%   364.7       5760.      0.5427E-01 -0.2148       0.000       250.7       0.000    
    4200   2.196      0.4951E-03 SHELL       3501  -0.0%   371.3       5753.      0.5038E-01 -0.2148       0.000       250.7       0.000    
    4300   2.246      0.4951E-03 SHELL       3501  -0.0%   378.5       5746.      0.5051E-01 -0.2148       0.000       250.7       0.000    
    4400   2.295      0.4950E-03 SHELL       3501  -0.0%   386.4       5738.      0.5292E-01 -0.2181       0.000       250.7       0.000    
    4500   2.345      0.4949E-03 SHELL       3501  -0.0%   395.9       5729.      0.5623E-01 -0.2218       0.000       250.7       0.000    
    4600   2.394      0.4744E-03 NODE     1002733  -0.0%   406.6       5718.      0.6655E-01 -0.2219       0.000       250.7       0.000    
    4700   2.441      0.4746E-03 NODE     1002733  -0.0%   417.7       5707.      0.6557E-01 -0.2232       0.000       250.7       0.000    
    4800   2.489      0.4748E-03 NODE     1002733  -0.0%   429.0       5695.      0.6800E-01 -0.2232       0.000       250.7       0.000    
     ANIMATION FILE: combineA006 WRITTEN
    4900   2.536      0.4749E-03 NODE     1002733  -0.0%   440.3       5684.      0.6981E-01 -0.2233       0.000       250.7       0.000    
    5000   2.584      0.4749E-03 NODE     1002733  -0.0%   452.0       5672.      0.6634E-01 -0.2274       0.000       250.7       0.000    
    5100   2.631      0.4749E-03 NODE     1002733  -0.0%   464.4       5660.      0.7011E-01 -0.2392       0.000       250.7       0.000    
    5200   2.679      0.4751E-03 NODE     1002733  -0.0%   479.5       5645.      0.7031E-01 -0.2391       0.000       250.7       0.000    
    5300   2.726      0.4547E-03 NODE     1000128  -0.0%   495.3       5629.      0.6556E-01 -0.2390       0.000       250.7       0.000    
    5400   2.772      0.4549E-03 NODE     1000128  -0.0%   510.9       5613.      0.7388E-01 -0.2436       0.000       250.7       0.000    
   CYCLE    TIME      TIME-STEP  ELEMENT          ERROR  I-ENERGY    K-ENERGY T  K-ENERGY R  EXT-WORK     MAS.ERR     TOTAL MASS  MASS ADDED
    5500   2.817      0.4551E-03 NODE     1000172  -0.0%   527.4       5596.      0.7950E-01 -0.2438       0.000       250.7       0.000    
    5600   2.861      0.4081E-03 NODE     1000172  -0.0%   543.6       5580.      0.7696E-01 -0.2442       0.000       250.7       0.000    
    5700   2.909      0.4727E-03 NODE     1000128  -0.0%   561.9       5562.      0.8202E-01 -0.2440       0.000       250.7       0.000    
    5800   2.958      0.4871E-03 SHELL       4019  -0.0%   580.1       5543.      0.8844E-01 -0.2439       0.000       250.7       0.000    
     ANIMATION FILE: combineA007 WRITTEN
    5900   3.006      0.4816E-03 SHELL       4019  -0.0%   597.7       5525.      0.9225E-01 -0.2438       0.000       250.7       0.000    
    6000   3.054      0.4691E-03 NODE     1002855  -0.0%   614.9       5508.      0.1044     -0.2450       0.000       250.7       0.000    
    6100   3.101      0.4690E-03 SHELL       4019  -0.0%   633.1       5490.      0.1152     -0.2462       0.000       250.7       0.000    
    6200   3.144      0.3986E-03 NODE     1000127  -0.0%   651.8       5471.      0.1376     -0.2593       0.000       250.7       0.000    
    6300   3.183      0.3977E-03 NODE     1000171  -0.0%   672.2       5450.      0.1300     -0.2591       0.000       250.7       0.000    
    6400   3.223      0.3976E-03 NODE     1000171  -0.0%   693.3       5429.      0.1239     -0.2589       0.000       250.7       0.000    
    6500   3.263      0.3974E-03 NODE     1000127  -0.0%   714.3       5408.      0.1371     -0.2597       0.000       250.7       0.000    
    6600   3.303      0.3969E-03 NODE     1000127  -0.0%   735.5       5387.      0.1442     -0.2602       0.000       250.7       0.000    
    6700   3.342      0.3963E-03 NODE     1000127  -0.0%   757.0       5365.      0.1599     -0.2607       0.000       250.7       0.000    
    6800   3.382      0.3953E-03 NODE     1000127  -0.0%   778.5       5343.      0.1758     -0.2606       0.000       250.7       0.000    
    6900   3.421      0.3947E-03 NODE     1000127  -0.0%   800.0       5322.      0.1961     -0.2612       0.000       250.7       0.000    
    7000   3.461      0.3939E-03 NODE     1000127  -0.0%   821.2       5300.      0.2278     -0.2614       0.000       250.7       0.000    
    7100   3.500      0.3934E-03 NODE     1000127  -0.1%   842.1       5279.      0.2449     -0.2625       0.000       250.7       0.000    
     ANIMATION FILE: combineA008 WRITTEN
    7200   3.540      0.3929E-03 NODE     1000127  -0.1%   862.5       5259.      0.2714     -0.2626       0.000       250.7       0.000    
    7300   3.579      0.3924E-03 NODE     1000127  -0.1%   882.4       5239.      0.3027     -0.2650       0.000       250.7       0.000    
    7400   3.618      0.3917E-03 NODE     1000127  -0.1%   901.7       5219.      0.3221     -0.2754       0.000       250.7       0.000    
    7500   3.657      0.3908E-03 NODE     1000127  -0.1%   920.8       5200.      0.3440     -0.2774       0.000       250.7       0.000    
    7600   3.696      0.3909E-03 NODE     1000127  -0.1%   940.1       5180.      0.3525     -0.2833       0.000       250.7       0.000    
    7700   3.737      0.4180E-03 SHELL       4019  -0.1%   960.6       5159.      0.3509     -0.2856       0.000       250.7       0.000    
    7800   3.779      0.4171E-03 SHELL       4019  -0.1%   981.5       5138.      0.3520     -0.2858       0.000       250.7       0.000    
    7900   3.821      0.4160E-03 SHELL       4019  -0.1%   1002.       5116.      0.3609     -0.2858       0.000       250.7       0.000    
    8000   3.862      0.4149E-03 SHELL       4019  -0.1%   1023.       5095.      0.3724     -0.2888       0.000       250.7       0.000    
    8100   3.904      0.4140E-03 SHELL       4019  -0.1%   1045.       5073.      0.4038     -0.2999       0.000       250.7       0.000    
    8200   3.945      0.4132E-03 SHELL       4019  -0.1%   1068.       5050.      0.4057     -0.3032       0.000       250.7       0.000    
    8300   3.986      0.4131E-03 SHELL       4019  -0.1%   1091.       5026.      0.4115     -0.3081       0.000       250.7       0.000    
     ANIMATION FILE: combineA009 WRITTEN
    8400   4.028      0.4126E-03 SHELL       4019  -0.1%   1115.       5002.      0.4208     -0.3079       0.000       250.7       0.000    
    8500   4.069      0.4119E-03 SHELL       3780  -0.1%   1139.       4978.      0.4288     -0.3090       0.000       250.7       0.000    
    8600   4.110      0.4091E-03 SHELL       3780  -0.1%   1163.       4954.      0.4238     -0.3098       0.000       250.7       0.000    
    8700   4.151      0.4067E-03 SHELL       3780  -0.1%   1187.       4930.      0.4192     -0.3099       0.000       250.7       0.000    
    8800   4.191      0.4046E-03 SHELL       3780  -0.1%   1212.       4905.      0.4120     -0.3106       0.000       250.7       0.000    
    8900   4.232      0.4026E-03 SHELL       3780  -0.1%   1237.       4880.      0.4149     -0.3142       0.000       250.7       0.000    
    9000   4.272      0.4012E-03 SHELL       3780  -0.1%   1261.       4855.      0.4046     -0.3147       0.000       250.7       0.000    
    9100   4.312      0.3999E-03 SHELL       3780  -0.1%   1286.       4830.      0.3947     -0.3145       0.000       250.7       0.000    
    9200   4.352      0.3989E-03 SHELL       3780  -0.1%   1311.       4805.      0.3980     -0.3143       0.000       250.7       0.000    
    9300   4.392      0.3982E-03 SHELL       3780  -0.1%   1336.       4780.      0.4074     -0.3139       0.000       250.7       0.000    
    9400   4.432      0.3979E-03 SHELL       3780  -0.1%   1361.       4755.      0.4115     -0.3137       0.000       250.7       0.000    
    9500   4.471      0.3976E-03 SHELL       3780  -0.1%   1386.       4729.      0.4108     -0.3134       0.000       250.7       0.000    
     ANIMATION FILE: combineA010 WRITTEN
    9600   4.511      0.3974E-03 SHELL       3780  -0.1%   1411.       4704.      0.4216     -0.3131       0.000       250.7       0.000    
    9700   4.551      0.3972E-03 SHELL       3780  -0.1%   1436.       4679.      0.4286     -0.3127       0.000       250.7       0.000    
    9800   4.590      0.3970E-03 SHELL       3780  -0.1%   1460.       4655.      0.4354     -0.3133       0.000       250.7       0.000    
    9900   4.630      0.3937E-03 SHELL       3587  -0.1%   1484.       4631.      0.4533     -0.3130       0.000       250.7       0.000    
   10000   4.669      0.3893E-03 SHELL       3587  -0.2%   1508.       4607.      0.4593     -0.3127       0.000       250.7       0.000    
   10100   4.708      0.3853E-03 SHELL       3587  -0.2%   1531.       4584.      0.4602     -0.3125       0.000       250.7       0.000    
   10200   4.746      0.3814E-03 SHELL       3587  -0.2%   1554.       4561.      0.4829     -0.3122       0.000       250.7       0.000    
   10300   4.784      0.3779E-03 SHELL       3587  -0.2%   1576.       4539.      0.4949     -0.3123       0.000       250.7       0.000    
   10400   4.822      0.3750E-03 SHELL       3587  -0.2%   1598.       4517.      0.5053     -0.3121       0.000       250.7       0.000    
   10500   4.859      0.3724E-03 SHELL       3587  -0.2%   1620.       4495.      0.5228     -0.3118       0.000       250.7       0.000    
   10600   4.896      0.3700E-03 SHELL       3587  -0.2%   1641.       4473.      0.5664     -0.3116       0.000       250.7       0.000    
   10700   4.933      0.3677E-03 SHELL       3587  -0.2%   1662.       4452.      0.6360     -0.3131       0.000       250.7       0.000    
   10800   4.970      0.3654E-03 SHELL       3587  -0.2%   1683.       4431.      0.6947     -0.3128       0.000       250.7       0.000    
     ANIMATION FILE: combineA011 WRITTEN
   10900   5.006      0.3631E-03 SHELL       3587  -0.2%   1704.       4410.      0.7645     -0.3126       0.000       250.7       0.000    
   CYCLE    TIME      TIME-STEP  ELEMENT          ERROR  I-ENERGY    K-ENERGY T  K-ENERGY R  EXT-WORK     MAS.ERR     TOTAL MASS  MASS ADDED
   11000   5.043      0.3609E-03 SHELL       3587  -0.2%   1724.       4390.      0.8197     -0.3123       0.000       250.7       0.000    
   11100   5.079      0.3588E-03 SHELL       3587  -0.2%   1743.       4370.      0.8479     -0.3121       0.000       250.7       0.000    
   11200   5.114      0.3567E-03 SHELL       3587  -0.2%   1763.       4351.      0.8531     -0.3119       0.000       250.7       0.000    
   11300   5.150      0.3549E-03 SHELL       3587  -0.2%   1782.       4332.      0.8420     -0.3117       0.000       250.7       0.000    
   11400   5.185      0.3531E-03 SHELL       3587  -0.2%   1801.       4313.      0.8291     -0.3115       0.000       250.7       0.000    
   11500   5.220      0.3514E-03 SHELL       3587  -0.2%   1819.       4294.      0.8409     -0.3113       0.000       250.7       0.000    
   11600   5.256      0.3496E-03 SHELL       3587  -0.2%   1838.       4276.      0.8644     -0.3112       0.000       250.7       0.000    
   11700   5.290      0.3478E-03 SHELL       3587  -0.2%   1856.       4257.      0.9090     -0.3110       0.000       250.7       0.000    
   11800   5.325      0.3461E-03 SHELL       3587  -0.2%   1874.       4239.      0.9683     -0.3108       0.000       250.7       0.000    
   11900   5.360      0.3446E-03 SHELL       3587  -0.2%   1891.       4222.       1.012     -0.3107       0.000       250.7       0.000    
   12000   5.394      0.3434E-03 SHELL       3587  -0.2%   1909.       4204.       1.032     -0.3105       0.000       250.7       0.000    
   12100   5.428      0.3423E-03 SHELL       3587  -0.2%   1927.       4186.       1.046     -0.3103       0.000       250.7       0.000    
   12200   5.463      0.3415E-03 SHELL       3587  -0.2%   1944.       4169.       1.062     -0.3104       0.000       250.7       0.000    
   12300   5.497      0.3409E-03 SHELL       3587  -0.2%   1962.       4151.       1.046     -0.3103       0.000       250.7       0.000    
     ANIMATION FILE: combineA012 WRITTEN
   12400   5.531      0.3405E-03 SHELL       3587  -0.2%   1979.       4133.       1.007     -0.3101       0.000       250.7       0.000    
   12500   5.565      0.3403E-03 SHELL       3587  -0.2%   1997.       4116.      0.9933     -0.3100       0.000       250.7       0.000    
   12600   5.599      0.3402E-03 SHELL       3587  -0.2%   2014.       4099.       1.031     -0.3098       0.000       250.7       0.000    
   12700   5.633      0.3403E-03 SHELL       3587  -0.2%   2031.       4081.       1.074     -0.3096       0.000       250.7       0.000    
   12800   5.667      0.3404E-03 SHELL       3587  -0.2%   2048.       4064.       1.080     -0.3095       0.000       250.7       0.000    
   12900   5.701      0.3406E-03 SHELL       3587  -0.2%   2065.       4047.       1.041     -0.3093       0.000       250.7       0.000    
   13000   5.735      0.3408E-03 SHELL       3587  -0.2%   2082.       4030.      0.9927     -0.3092       0.000       250.7       0.000    
   13100   5.769      0.3412E-03 SHELL       3587  -0.2%   2099.       4013.      0.9610     -0.3090       0.000       250.7       0.000    
   13200   5.803      0.3415E-03 SHELL       3587  -0.2%   2116.       3996.      0.9534     -0.3088       0.000       250.7       0.000    
   13300   5.837      0.3417E-03 SHELL       3587  -0.2%   2133.       3979.      0.9362     -0.3087       0.000       250.7       0.000    
   13400   5.871      0.3419E-03 SHELL       3587  -0.2%   2150.       3962.      0.9331     -0.3085       0.000       250.7       0.000    
   13500   5.906      0.3421E-03 SHELL       3587  -0.2%   2167.       3945.      0.9329     -0.3083       0.000       250.7       0.000    
   13600   5.940      0.3424E-03 SHELL       3587  -0.2%   2184.       3928.      0.9129     -0.3081       0.000       250.7       0.000    
   13700   5.974      0.3426E-03 SHELL       3587  -0.2%   2200.       3912.      0.9117     -0.3080       0.000       250.7       0.000    
     ANIMATION FILE: combineA013 WRITTEN
   13800   6.008      0.3428E-03 SHELL       3587  -0.2%   2217.       3895.      0.9175     -0.3078       0.000       250.7       0.000    
   13900   6.043      0.3429E-03 SHELL       3587  -0.2%   2234.       3878.      0.8833     -0.3076       0.000       250.7       0.000    
   14000   6.077      0.3430E-03 SHELL       3587  -0.2%   2250.       3862.      0.8401     -0.3074       0.000       250.7       0.000    
   14100   6.111      0.3433E-03 SHELL       3587  -0.2%   2266.       3845.      0.7902     -0.3074       0.000       250.7       0.000    
   14200   6.146      0.3436E-03 SHELL       3587  -0.2%   2283.       3829.      0.7736     -0.3072       0.000       250.7       0.000    
   14300   6.180      0.3438E-03 SHELL       3587  -0.2%   2299.       3813.      0.7915     -0.3071       0.000       250.7       0.000    
   14400   6.214      0.3439E-03 SHELL       3587  -0.2%   2315.       3797.      0.7797     -0.3070       0.000       250.7       0.000    
   14500   6.249      0.3440E-03 SHELL       3587  -0.2%   2331.       3781.      0.7469     -0.3068       0.000       250.7       0.000    
   14600   6.283      0.3441E-03 SHELL       3587  -0.2%   2348.       3763.      0.7009     -0.3067       0.000       250.7       0.000    
   14700   6.318      0.3443E-03 SHELL       3587  -0.2%   2365.       3746.      0.7141     -0.3065       0.000       250.7       0.000    
   14800   6.352      0.3444E-03 SHELL       1932  -0.2%   2382.       3728.      0.7041     -0.3063       0.000       250.7       0.000    
   14900   6.386      0.3431E-03 SHELL       1932  -0.2%   2400.       3710.      0.7608     -0.3061       0.000       250.7       0.000    
   15000   6.421      0.3422E-03 SHELL       1932  -0.2%   2419.       3691.      0.7256     -0.3058       0.000       250.7       0.000    
   15100   6.455      0.3413E-03 SHELL       1932  -0.2%   2437.       3672.      0.7232     -0.3056       0.000       250.7       0.000    
   15200   6.489      0.3405E-03 SHELL       1932  -0.2%   2456.       3653.      0.7002     -0.3054       0.000       250.7       0.000    
     ANIMATION FILE: combineA014 WRITTEN
   15300   6.523      0.3396E-03 SHELL       1932  -0.2%   2475.       3634.      0.6839     -0.3051       0.000       250.7       0.000    
   15400   6.557      0.3386E-03 SHELL       1932  -0.3%   2494.       3615.      0.6647     -0.3049       0.000       250.7       0.000    
   15500   6.591      0.3375E-03 SHELL       1932  -0.3%   2513.       3596.      0.6213     -0.3047       0.000       250.7       0.000    
   15600   6.624      0.3366E-03 SHELL       1932  -0.3%   2531.       3577.      0.6012     -0.3044       0.000       250.7       0.000    
   15700   6.658      0.3356E-03 SHELL       1932  -0.3%   2550.       3558.      0.5625     -0.3042       0.000       250.7       0.000    
   15800   6.692      0.3345E-03 SHELL       1932  -0.3%   2569.       3539.      0.5585     -0.3041       0.000       250.7       0.000    
   15900   6.725      0.3333E-03 SHELL       1932  -0.3%   2588.       3519.      0.5454     -0.3038       0.000       250.7       0.000    
   16000   6.758      0.3324E-03 SHELL       1932  -0.3%   2607.       3500.      0.5609     -0.3038       0.000       250.7       0.000    
   16100   6.791      0.3313E-03 SHELL       1932  -0.3%   2627.       3480.      0.5729     -0.3035       0.000       250.7       0.000    
   16200   6.824      0.3303E-03 SHELL       1932  -0.3%   2646.       3460.      0.5668     -0.3032       0.000       250.7       0.000    
   16300   6.857      0.3293E-03 SHELL       1932  -0.3%   2666.       3440.      0.5412     -0.3030       0.000       250.7       0.000    
   16400   6.890      0.3284E-03 SHELL       1932  -0.3%   2687.       3419.      0.5341     -0.3047       0.000       250.7       0.000    
   CYCLE    TIME      TIME-STEP  ELEMENT          ERROR  I-ENERGY    K-ENERGY T  K-ENERGY R  EXT-WORK     MAS.ERR     TOTAL MASS  MASS ADDED
   16500   6.923      0.3275E-03 SHELL       1932  -0.3%   2708.       3397.      0.5044     -0.3047       0.000       250.7       0.000    
   16600   6.956      0.3263E-03 SHELL       1932  -0.3%   2730.       3374.      0.4914     -0.3046       0.000       250.7       0.000    
   16700   6.988      0.3250E-03 SHELL       1932  -0.3%   2752.       3351.      0.4874     -0.3042       0.000       250.7       0.000    
     ANIMATION FILE: combineA015 WRITTEN
   16800   7.021      0.3238E-03 SHELL       1932  -0.3%   2775.       3328.      0.4861     -0.3038       0.000       250.7       0.000    
   16900   7.053      0.3225E-03 SHELL       1932  -0.4%   2798.       3304.      0.4841     -0.3040       0.000       250.7       0.000    
   17000   7.085      0.3216E-03 SHELL       1932  -0.4%   2821.       3280.      0.4713     -0.3044       0.000       250.7       0.000    
   17100   7.117      0.3208E-03 SHELL       1932  -0.4%   2845.       3256.      0.4682     -0.3040       0.000       250.7       0.000    
   17200   7.150      0.3201E-03 SHELL       1932  -0.4%   2870.       3231.      0.4602     -0.3035       0.000       250.7       0.000    
   17300   7.181      0.3195E-03 SHELL       1932  -0.4%   2895.       3205.      0.4539     -0.3032       0.000       250.7       0.000    
   17400   7.213      0.3190E-03 SHELL       1932  -0.4%   2920.       3178.      0.4451     -0.3033       0.000       250.7       0.000    
   17500   7.245      0.3185E-03 SHELL       1932  -0.4%   2946.       3152.      0.4545     -0.3039       0.000       250.7       0.000    
   17600   7.277      0.3181E-03 SHELL       1932  -0.5%   2972.       3125.      0.4504     -0.3033       0.000       250.7       0.000    
   17700   7.309      0.3177E-03 SHELL       1932  -0.5%   2998.       3097.      0.4502     -0.3028       0.000       250.7       0.000    
   17800   7.341      0.3173E-03 SHELL       1932  -0.5%   3024.       3070.      0.4354     -0.3023       0.000       250.7       0.000    
   17900   7.372      0.3169E-03 SHELL       1932  -0.5%   3050.       3043.      0.4309     -0.3027       0.000       250.7       0.000    
   18000   7.404      0.3165E-03 SHELL       1932  -0.5%   3076.       3015.      0.4303     -0.3023       0.000       250.7       0.000    
   18100   7.436      0.3162E-03 SHELL       1932  -0.6%   3103.       2987.      0.4260     -0.3030       0.000       250.7       0.000    
   18200   7.467      0.3160E-03 SHELL       1932  -0.6%   3131.       2958.      0.4178     -0.3023       0.000       250.7       0.000    
   18300   7.499      0.3159E-03 SHELL       1932  -0.6%   3158.       2929.      0.4256     -0.3020       0.000       250.7       0.000    
     ANIMATION FILE: combineA016 WRITTEN
   18400   7.530      0.3158E-03 SHELL       1932  -0.6%   3187.       2900.      0.4215     -0.3013       0.000       250.7       0.000    
   18500   7.562      0.3158E-03 SHELL       1932  -0.6%   3216.       2870.      0.4306     -0.3006       0.000       250.7       0.000    
   18600   7.594      0.3157E-03 SHELL       1932  -0.6%   3245.       2840.      0.4635     -0.2998       0.000       250.7       0.000    
   18700   7.625      0.3157E-03 SHELL       1932  -0.7%   3274.       2810.      0.5258     -0.2991       0.000       250.7       0.000    
   18800   7.657      0.3157E-03 SHELL       1932  -0.7%   3303.       2780.      0.5811     -0.2987       0.000       250.7       0.000    
   18900   7.688      0.3155E-03 SHELL       1932  -0.7%   3332.       2750.      0.6300     -0.2979       0.000       250.7       0.000    
   19000   7.720      0.3153E-03 SHELL       1932  -0.7%   3361.       2720.      0.7279     -0.2971       0.000       250.7       0.000    
   19100   7.751      0.3152E-03 SHELL       1932  -0.7%   3390.       2691.      0.7925     -0.2964       0.000       250.7       0.000    
   19200   7.783      0.3150E-03 SHELL       1932  -0.7%   3418.       2661.      0.7370     -0.2956       0.000       250.7       0.000    
   19300   7.814      0.3149E-03 SHELL       1932  -0.7%   3447.       2632.      0.6576     -0.2949       0.000       250.7       0.000    
   19400   7.846      0.3147E-03 SHELL       1932  -0.8%   3475.       2603.      0.4633     -0.2943       0.000       250.7       0.000    
   19500   7.877      0.3146E-03 SHELL       1932  -0.8%   3503.       2574.      0.4129     -0.2935       0.000       250.7       0.000    
   19600   7.909      0.3144E-03 SHELL       1932  -0.8%   3530.       2545.      0.5671     -0.2927       0.000       250.7       0.000    
   19700   7.940      0.3143E-03 SHELL       1932  -0.8%   3557.       2517.      0.8367     -0.2919       0.000       250.7       0.000    
   19800   7.972      0.3133E-03 SHELL       3958  -0.8%   3584.       2489.       1.015     -0.2912       0.000       250.7       0.000    
     ANIMATION FILE: combineA017 WRITTEN
   19900   8.003      0.3126E-03 SHELL       3958  -0.8%   3611.       2461.      0.9736     -0.2914       0.000       250.7       0.000    
   20000   8.034      0.3119E-03 SHELL       3958  -0.9%   3639.       2433.      0.6610     -0.2915       0.000       250.7       0.000    
   20100   8.065      0.3113E-03 SHELL       3958  -0.9%   3666.       2404.      0.4521     -0.2909       0.000       250.7       0.000    
   20200   8.096      0.3108E-03 SHELL       3958  -0.9%   3693.       2376.      0.8162     -0.2909       0.000       250.7       0.000    
   20300   8.127      0.3105E-03 SHELL       3958  -0.9%   3721.       2348.       1.010     -0.2902       0.000       250.7       0.000    
   20400   8.158      0.3101E-03 SHELL       3958  -0.9%   3748.       2320.      0.6414     -0.2894       0.000       250.7       0.000    
   20500   8.189      0.3097E-03 SHELL       3958  -0.9%   3776.       2292.      0.4169     -0.2885       0.000       250.7       0.000    
   20600   8.220      0.3094E-03 SHELL       3958  -0.9%   3803.       2264.      0.6528     -0.2877       0.000       250.7       0.000    
   20700   8.251      0.3091E-03 SHELL       3958  -0.9%   3830.       2236.      0.8841     -0.2873       0.000       250.7       0.000    
   20800   8.282      0.3089E-03 SHELL       3958  -1.0%   3857.       2208.      0.6252     -0.2865       0.000       250.7       0.000    
   20900   8.313      0.3086E-03 SHELL       3958  -1.0%   3884.       2181.      0.4313     -0.2857       0.000       250.7       0.000    
   21000   8.344      0.3084E-03 SHELL       3958  -1.0%   3911.       2154.      0.6399     -0.2851       0.000       250.7       0.000    
   21100   8.375      0.3081E-03 SHELL       3958  -1.0%   3937.       2126.      0.7451     -0.2844       0.000       250.7       0.000    
   21200   8.406      0.3080E-03 SHELL       3958  -1.0%   3964.       2099.      0.6003     -0.2835       0.000       250.7       0.000    
   21300   8.436      0.3076E-03 SHELL       1952  -1.0%   3992.       2071.      0.5713     -0.2829       0.000       250.7       0.000    
   21400   8.467      0.3067E-03 SHELL       1952  -1.0%   4019.       2044.      0.8972     -0.2821       0.000       250.7       0.000    
   21500   8.498      0.3058E-03 SHELL       1952  -1.0%   4045.       2016.       1.218     -0.2813       0.000       250.7       0.000    
     ANIMATION FILE: combineA018 WRITTEN
   21600   8.528      0.3048E-03 SHELL       1952  -1.0%   4072.       1988.       1.443     -0.2803       0.000       250.7       0.000    
   21700   8.559      0.3037E-03 SHELL       1952  -1.0%   4099.       1961.       1.684     -0.2793       0.000       250.7       0.000    
   21800   8.589      0.3025E-03 SHELL       1952  -1.0%   4126.       1933.       1.736     -0.2784       0.000       250.7       0.000    
   21900   8.619      0.3014E-03 SHELL       1952  -1.0%   4153.       1906.       1.408     -0.2774       0.000       250.7       0.000    
   CYCLE    TIME      TIME-STEP  ELEMENT          ERROR  I-ENERGY    K-ENERGY T  K-ENERGY R  EXT-WORK     MAS.ERR     TOTAL MASS  MASS ADDED
   22000   8.649      0.3001E-03 SHELL       1952  -1.0%   4180.       1879.      0.7990     -0.2765       0.000       250.7       0.000    
   22100   8.679      0.2991E-03 SHELL       1952  -1.1%   4207.       1853.      0.5142     -0.2756       0.000       250.7       0.000    
   22200   8.709      0.2981E-03 SHELL       1952  -1.1%   4233.       1826.      0.7428     -0.2747       0.000       250.7       0.000    
   22300   8.739      0.2970E-03 SHELL       1952  -1.1%   4259.       1800.       1.299     -0.2738       0.000       250.7       0.000    
   22400   8.769      0.2962E-03 SHELL       1952  -1.1%   4284.       1774.       1.497     -0.2729       0.000       250.7       0.000    
   22500   8.798      0.2954E-03 SHELL       1952  -1.1%   4310.       1749.       1.139     -0.2720       0.000       250.7       0.000    
   22600   8.828      0.2945E-03 SHELL       1952  -1.1%   4335.       1723.      0.6464     -0.2711       0.000       250.7       0.000    
   22700   8.857      0.2940E-03 SHELL       1952  -1.1%   4360.       1698.      0.5991     -0.2702       0.000       250.7       0.000    
   22800   8.886      0.2933E-03 SHELL       1952  -1.1%   4385.       1673.      0.9982     -0.2692       0.000       250.7       0.000    
   22900   8.916      0.2927E-03 SHELL       1952  -1.1%   4409.       1649.       1.219     -0.2683       0.000       250.7       0.000    
   23000   8.945      0.2921E-03 SHELL       1952  -1.1%   4433.       1625.      0.9536     -0.2674       0.000       250.7       0.000    
   23100   8.974      0.2916E-03 SHELL       1952  -1.1%   4457.       1601.      0.5733     -0.2665       0.000       250.7       0.000    
     ANIMATION FILE: combineA019 WRITTEN
   23200   9.003      0.2912E-03 SHELL       1952  -1.1%   4480.       1577.      0.7083     -0.2658       0.000       250.7       0.000    
   23300   9.032      0.2908E-03 SHELL       1952  -1.1%   4504.       1553.      0.9629     -0.2649       0.000       250.7       0.000    
   23400   9.061      0.2904E-03 SHELL       1952  -1.1%   4527.       1530.      0.8425     -0.2642       0.000       250.7       0.000    
   23500   9.090      0.2900E-03 SHELL       1952  -1.1%   4550.       1507.      0.5753     -0.2634       0.000       250.7       0.000    
   23600   9.119      0.2896E-03 SHELL       1952  -1.1%   4572.       1484.      0.7278     -0.2625       0.000       250.7       0.000    
   23700   9.148      0.2892E-03 SHELL       1952  -1.1%   4595.       1461.      0.7960     -0.2617       0.000       250.7       0.000    
   23800   9.177      0.2889E-03 SHELL       1952  -1.1%   4617.       1439.      0.6651     -0.2609       0.000       250.7       0.000    
   23900   9.206      0.2886E-03 SHELL       1952  -1.1%   4639.       1417.      0.5827     -0.2600       0.000       250.7       0.000    
   24000   9.235      0.2882E-03 SHELL       1952  -1.1%   4661.       1395.      0.7084     -0.2592       0.000       250.7       0.000    
   24100   9.264      0.2879E-03 SHELL       1952  -1.1%   4683.       1373.      0.6327     -0.2584       0.000       250.7       0.000    
   24200   9.293      0.2876E-03 SHELL       1952  -1.1%   4704.       1351.      0.5273     -0.2575       0.000       250.7       0.000    
   24300   9.321      0.2873E-03 SHELL       1952  -1.1%   4725.       1330.      0.5559     -0.2567       0.000       250.7       0.000    
   24400   9.350      0.2870E-03 SHELL       1952  -1.1%   4746.       1309.      0.5543     -0.2563       0.000       250.7       0.000    
   24500   9.379      0.2867E-03 SHELL       1952  -1.1%   4767.       1288.      0.5552     -0.2554       0.000       250.7       0.000    
   24600   9.407      0.2865E-03 SHELL       1952  -1.1%   4788.       1267.      0.5227     -0.2546       0.000       250.7       0.000    
   24700   9.436      0.2862E-03 SHELL       1952  -1.1%   4808.       1247.      0.4524     -0.2537       0.000       250.7       0.000    
   24800   9.465      0.2860E-03 SHELL       1952  -1.1%   4828.       1226.      0.5241     -0.2529       0.000       250.7       0.000    
   24900   9.493      0.2858E-03 SHELL       1952  -1.1%   4849.       1206.      0.4700     -0.2520       0.000       250.7       0.000    
     ANIMATION FILE: combineA020 WRITTEN
   25000   9.522      0.2856E-03 SHELL       1952  -1.1%   4869.       1186.      0.4269     -0.2512       0.000       250.7       0.000    
   25100   9.550      0.2854E-03 SHELL       1952  -1.1%   4888.       1166.      0.5533     -0.2504       0.000       250.7       0.000    
   25200   9.579      0.2852E-03 SHELL       1952  -1.1%   4908.       1147.      0.4333     -0.2495       0.000       250.7       0.000    
   25300   9.607      0.2850E-03 SHELL       1952  -1.1%   4927.       1127.      0.3374     -0.2487       0.000       250.7       0.000    
   25400   9.636      0.2848E-03 SHELL       1952  -1.1%   4946.       1108.      0.5292     -0.2479       0.000       250.7       0.000    
   25500   9.664      0.2847E-03 SHELL       1952  -1.1%   4965.       1089.      0.4532     -0.2471       0.000       250.7       0.000    
   25600   9.693      0.2845E-03 SHELL       1952  -1.2%   4984.       1070.      0.3158     -0.2463       0.000       250.7       0.000    
   25700   9.721      0.2843E-03 SHELL       1952  -1.2%   5002.       1052.      0.4471     -0.2456       0.000       250.7       0.000    
   25800   9.750      0.2842E-03 SHELL       1952  -1.2%   5020.       1034.      0.3404     -0.2448       0.000       250.7       0.000    
   25900   9.778      0.2840E-03 SHELL       1952  -1.2%   5038.       1016.      0.3546     -0.2441       0.000       250.7       0.000    
   26000   9.806      0.2839E-03 SHELL       1952  -1.2%   5056.       997.8      0.4893     -0.2433       0.000       250.7       0.000    
   26100   9.835      0.2837E-03 SHELL       1952  -1.2%   5073.       980.2      0.2936     -0.2425       0.000       250.7       0.000    
   26200   9.863      0.2836E-03 SHELL       1952  -1.2%   5091.       962.8      0.3298     -0.2417       0.000       250.7       0.000    
   26300   9.892      0.2835E-03 SHELL       1952  -1.2%   5108.       945.6      0.4537     -0.2409       0.000       250.7       0.000    
   26400   9.920      0.2833E-03 SHELL       1952  -1.2%   5125.       928.7      0.2841     -0.2402       0.000       250.7       0.000    
   26500   9.948      0.2832E-03 SHELL       1952  -1.2%   5141.       911.9      0.3135     -0.2394       0.000       250.7       0.000    
   26600   9.977      0.2831E-03 SHELL       1952  -1.2%   5158.       895.3      0.3615     -0.2387       0.000       250.7       0.000    
     ANIMATION FILE: combineA021 WRITTEN
   26700   10.00      0.2830E-03 SHELL       1952  -1.2%   5174.       878.9      0.2414     -0.2379       0.000       250.7       0.000    
   26800   10.03      0.2829E-03 SHELL       1952  -1.2%   5190.       862.7      0.3365     -0.2372       0.000       250.7       0.000    
   26900   10.06      0.2827E-03 SHELL       1952  -1.2%   5206.       846.7      0.2987     -0.2364       0.000       250.7       0.000    
   27000   10.09      0.2826E-03 SHELL       1952  -1.2%   5222.       831.0      0.2068     -0.2357       0.000       250.7       0.000    
   27100   10.12      0.2825E-03 SHELL       1952  -1.2%   5238.       815.4      0.3320     -0.2350       0.000       250.7       0.000    
   27200   10.15      0.2824E-03 SHELL       1952  -1.2%   5253.       800.0      0.2378     -0.2343       0.000       250.7       0.000    
   27300   10.17      0.2823E-03 SHELL       1952  -1.2%   5268.       784.7      0.2318     -0.2335       0.000       250.7       0.000    
   27400   10.20      0.2822E-03 SHELL       1952  -1.2%   5283.       769.7      0.2734     -0.2328       0.000       250.7       0.000    
   CYCLE    TIME      TIME-STEP  ELEMENT          ERROR  I-ENERGY    K-ENERGY T  K-ENERGY R  EXT-WORK     MAS.ERR     TOTAL MASS  MASS ADDED
   27500   10.23      0.2821E-03 SHELL       1952  -1.2%   5298.       754.8      0.1793     -0.2321       0.000       250.7       0.000    
   27600   10.26      0.2820E-03 SHELL       1952  -1.2%   5313.       740.2      0.2652     -0.2314       0.000       250.7       0.000    
   27700   10.29      0.2819E-03 SHELL       1952  -1.2%   5327.       725.7      0.2338     -0.2306       0.000       250.7       0.000    
   27800   10.32      0.2818E-03 SHELL       1952  -1.2%   5342.       711.4      0.1803     -0.2299       0.000       250.7       0.000    
   27900   10.34      0.2818E-03 SHELL       1952  -1.2%   5356.       697.3      0.2306     -0.2292       0.000       250.7       0.000    
   28000   10.37      0.2817E-03 SHELL       1952  -1.2%   5370.       683.4      0.1968     -0.2285       0.000       250.7       0.000    
   28100   10.40      0.2816E-03 SHELL       1952  -1.2%   5383.       669.6      0.2254     -0.2278       0.000       250.7       0.000    
   28200   10.43      0.2816E-03 SHELL       1952  -1.2%   5397.       656.0      0.2012     -0.2271       0.000       250.7       0.000    
   28300   10.46      0.2815E-03 SHELL       1952  -1.2%   5411.       642.6      0.1531     -0.2265       0.000       250.7       0.000    
   28400   10.48      0.2815E-03 SHELL       1952  -1.2%   5424.       629.4      0.2227     -0.2258       0.000       250.7       0.000    
     ANIMATION FILE: combineA022 WRITTEN
   28500   10.51      0.2814E-03 SHELL       1952  -1.2%   5437.       616.4      0.2046     -0.2251       0.000       250.7       0.000    
   28600   10.54      0.2814E-03 SHELL       1952  -1.2%   5450.       603.5      0.1658     -0.2244       0.000       250.7       0.000    
   28700   10.57      0.2813E-03 SHELL       1952  -1.2%   5462.       590.8      0.1925     -0.2237       0.000       250.7       0.000    
   28800   10.60      0.2813E-03 SHELL       1952  -1.2%   5475.       578.3      0.1863     -0.2231       0.000       250.7       0.000    
   28900   10.63      0.2812E-03 SHELL       1952  -1.2%   5487.       565.9      0.1883     -0.2224       0.000       250.7       0.000    
   29000   10.65      0.2812E-03 SHELL       1952  -1.2%   5499.       553.7      0.1547     -0.2217       0.000       250.7       0.000    
   29100   10.68      0.2812E-03 SHELL       1952  -1.2%   5511.       541.6      0.1516     -0.2211       0.000       250.7       0.000    
   29200   10.71      0.2811E-03 SHELL       1952  -1.2%   5523.       529.7      0.1926     -0.2204       0.000       250.7       0.000    
   29300   10.74      0.2811E-03 SHELL       1952  -1.2%   5535.       518.0      0.1481     -0.2198       0.000       250.7       0.000    
   29400   10.77      0.2811E-03 SHELL       1952  -1.2%   5547.       506.5      0.1418     -0.2191       0.000       250.7       0.000    
   29500   10.79      0.2810E-03 SHELL       1952  -1.2%   5558.       495.1      0.1598     -0.2185       0.000       250.7       0.000    
   29600   10.82      0.2810E-03 SHELL       1952  -1.2%   5569.       483.8      0.1433     -0.2178       0.000       250.7       0.000    
   29700   10.85      0.2810E-03 SHELL       1952  -1.2%   5580.       472.8      0.1492     -0.2172       0.000       250.7       0.000    
   29800   10.88      0.2809E-03 SHELL       1952  -1.2%   5591.       461.8      0.1351     -0.2166       0.000       250.7       0.000    
   29900   10.91      0.2809E-03 SHELL       1952  -1.2%   5602.       451.1      0.1417     -0.2159       0.000       250.7       0.000    
   30000   10.93      0.2808E-03 SHELL       1952  -1.2%   5613.       440.4      0.1411     -0.2153       0.000       250.7       0.000    
   30100   10.96      0.2808E-03 SHELL       1952  -1.2%   5623.       430.0      0.1077     -0.2147       0.000       250.7       0.000    
   30200   10.99      0.2808E-03 SHELL       1952  -1.2%   5633.       419.6      0.1376     -0.2140       0.000       250.7       0.000    
     ANIMATION FILE: combineA023 WRITTEN
   30300   11.02      0.2808E-03 SHELL       1952  -1.2%   5644.       409.5      0.1374     -0.2134       0.000       250.7       0.000    
   30400   11.05      0.2807E-03 SHELL       1952  -1.2%   5654.       399.5      0.1284     -0.2128       0.000       250.7       0.000    
   30500   11.07      0.2807E-03 SHELL       1952  -1.2%   5663.       389.6      0.1288     -0.2122       0.000       250.7       0.000    
   30600   11.10      0.2807E-03 SHELL       1952  -1.2%   5673.       379.9      0.1045     -0.2116       0.000       250.7       0.000    
   30700   11.13      0.2806E-03 SHELL       1952  -1.2%   5683.       370.3      0.1333     -0.2110       0.000       250.7       0.000    
   30800   11.16      0.2806E-03 SHELL       1952  -1.2%   5692.       360.8      0.1218     -0.2103       0.000       250.7       0.000    
   30900   11.19      0.2806E-03 SHELL       1952  -1.2%   5701.       351.5      0.1117     -0.2097       0.000       250.7       0.000    
   31000   11.21      0.2805E-03 SHELL       1952  -1.2%   5711.       342.4      0.1146     -0.2091       0.000       250.7       0.000    
   31100   11.24      0.2805E-03 SHELL       1952  -1.2%   5720.       333.4      0.1007     -0.2085       0.000       250.7       0.000    
   31200   11.27      0.2805E-03 SHELL       1952  -1.2%   5728.       324.5      0.1307     -0.2080       0.000       250.7       0.000    
   31300   11.30      0.2804E-03 SHELL       1952  -1.2%   5737.       315.8      0.9808E-01 -0.2074       0.000       250.7       0.000    
   31400   11.33      0.2804E-03 SHELL       1952  -1.2%   5746.       307.2      0.1004     -0.2068       0.000       250.7       0.000    
   31500   11.36      0.2804E-03 SHELL       1952  -1.2%   5754.       298.7      0.1177     -0.2062       0.000       250.7       0.000    
   31600   11.38      0.2804E-03 SHELL       1952  -1.2%   5763.       290.4      0.9702E-01 -0.2056       0.000       250.7       0.000    
   31700   11.41      0.2803E-03 SHELL       1952  -1.2%   5771.       282.2      0.1027     -0.2050       0.000       250.7       0.000    
   31800   11.44      0.2803E-03 SHELL       1952  -1.2%   5779.       274.2      0.8853E-01 -0.2044       0.000       250.7       0.000    
   31900   11.47      0.2803E-03 SHELL       1952  -1.2%   5787.       266.3      0.1202     -0.2039       0.000       250.7       0.000    
   32000   11.50      0.2802E-03 SHELL       1952  -1.2%   5794.       258.5      0.1022     -0.2033       0.000       250.7       0.000    
     ANIMATION FILE: combineA024 WRITTEN
   32100   11.52      0.2802E-03 SHELL       1952  -1.2%   5802.       250.8      0.7658E-01 -0.2027       0.000       250.7       0.000    
   32200   11.55      0.2802E-03 SHELL       1952  -1.2%   5810.       243.3      0.1033     -0.2021       0.000       250.7       0.000    
   32300   11.58      0.2802E-03 SHELL       1952  -1.2%   5817.       235.9      0.1005     -0.2016       0.000       250.7       0.000    
   32400   11.61      0.2801E-03 SHELL       1952  -1.2%   5824.       228.7      0.1037     -0.2010       0.000       250.7       0.000    
   32500   11.64      0.2801E-03 SHELL       1952  -1.2%   5831.       221.5      0.7422E-01 -0.2004       0.000       250.7       0.000    
   32600   11.66      0.2801E-03 SHELL       1952  -1.2%   5838.       214.5      0.8656E-01 -0.1999       0.000       250.7       0.000    
   32700   11.69      0.2801E-03 SHELL       1952  -1.2%   5845.       207.6      0.1028     -0.1993       0.000       250.7       0.000    
   32800   11.72      0.2801E-03 SHELL       1952  -1.2%   5852.       200.9      0.8132E-01 -0.1988       0.000       250.7       0.000    
   32900   11.75      0.2800E-03 SHELL       1952  -1.2%   5859.       194.3      0.8667E-01 -0.1982       0.000       250.7       0.000    
   CYCLE    TIME      TIME-STEP  ELEMENT          ERROR  I-ENERGY    K-ENERGY T  K-ENERGY R  EXT-WORK     MAS.ERR     TOTAL MASS  MASS ADDED
   33000   11.78      0.2800E-03 SHELL       1952  -1.2%   5865.       187.7      0.7765E-01 -0.1977       0.000       250.7       0.000    
   33100   11.80      0.2800E-03 SHELL       1952  -1.2%   5872.       181.4      0.9181E-01 -0.1971       0.000       250.7       0.000    
   33200   11.83      0.2800E-03 SHELL       1952  -1.2%   5878.       175.1      0.7831E-01 -0.1966       0.000       250.7       0.000    
   33300   11.86      0.2799E-03 SHELL       1952  -1.2%   5884.       169.0      0.7580E-01 -0.1960       0.000       250.7       0.000    
   33400   11.89      0.2799E-03 SHELL       1952  -1.2%   5890.       162.9      0.9331E-01 -0.1955       0.000       250.7       0.000    
   33500   11.92      0.2799E-03 SHELL       1952  -1.2%   5896.       157.0      0.7592E-01 -0.1949       0.000       250.7       0.000    
   33600   11.94      0.2799E-03 SHELL       1952  -1.2%   5902.       151.3      0.7264E-01 -0.1944       0.000       250.7       0.000    
   33700   11.97      0.2799E-03 SHELL       1952  -1.2%   5907.       145.6      0.7434E-01 -0.1938       0.000       250.7       0.000    
   33800   12.00      0.2798E-03 SHELL       1952  -1.2%   5913.       140.1      0.8639E-01 -0.1933       0.000       250.7       0.000    
     ANIMATION FILE: combineA025 WRITTEN
   33900   12.03      0.2798E-03 SHELL       1952  -1.2%   5918.       134.6      0.8030E-01 -0.1928       0.000       250.7       0.000    
   34000   12.06      0.2798E-03 SHELL       1952  -1.2%   5924.       129.3      0.6080E-01 -0.1922       0.000       250.7       0.000    
   34100   12.08      0.2798E-03 SHELL       1952  -1.2%   5929.       124.1      0.7637E-01 -0.1917       0.000       250.7       0.000    
   34200   12.11      0.2798E-03 SHELL       1952  -1.2%   5934.       119.0      0.7434E-01 -0.1912       0.000       250.7       0.000    
   34300   12.14      0.2798E-03 SHELL       1952  -1.2%   5939.       114.1      0.7008E-01 -0.1907       0.000       250.7       0.000    
   34400   12.17      0.2797E-03 SHELL       1952  -1.2%   5944.       109.2      0.6621E-01 -0.1901       0.000       250.7       0.000    
   34500   12.20      0.2797E-03 SHELL       1952  -1.2%   5948.       104.5      0.6118E-01 -0.1896       0.000       250.7       0.000    
   34600   12.22      0.2797E-03 SHELL       1952  -1.2%   5953.       99.87      0.6713E-01 -0.1891       0.000       250.7       0.000    
   34700   12.25      0.2797E-03 SHELL       1952  -1.2%   5958.       95.36      0.6047E-01 -0.1886       0.000       250.7       0.000    
   34800   12.28      0.2797E-03 SHELL       1952  -1.2%   5962.       90.96      0.6783E-01 -0.1880       0.000       250.7       0.000    
   34900   12.31      0.2797E-03 SHELL       1952  -1.2%   5966.       86.67      0.6276E-01 -0.1875       0.000       250.7       0.000    
   35000   12.34      0.2797E-03 SHELL       1952  -1.2%   5970.       82.49      0.5793E-01 -0.1870       0.000       250.7       0.000    
   35100   12.36      0.2796E-03 SHELL       1952  -1.2%   5975.       78.42      0.6183E-01 -0.1865       0.000       250.7       0.000    
   35200   12.39      0.2796E-03 SHELL       1952  -1.2%   5978.       74.46      0.5984E-01 -0.1860       0.000       250.7       0.000    
   35300   12.42      0.2796E-03 SHELL       1952  -1.2%   5982.       70.61      0.6469E-01 -0.1855       0.000       250.7       0.000    
   35400   12.45      0.2796E-03 SHELL       1952  -1.2%   5986.       66.87      0.5448E-01 -0.1850       0.000       250.7       0.000    
   35500   12.47      0.2796E-03 SHELL       1952  -1.2%   5990.       63.23      0.5025E-01 -0.1845       0.000       250.7       0.000    
     ANIMATION FILE: combineA026 WRITTEN
   35600   12.50      0.2796E-03 SHELL       1952  -1.2%   5993.       59.70      0.5697E-01 -0.1840       0.000       250.7       0.000    
   35700   12.53      0.2796E-03 SHELL       1952  -1.2%   5997.       56.28      0.5823E-01 -0.1835       0.000       250.7       0.000    
   35800   12.56      0.2796E-03 SHELL       1952  -1.2%   6000.       52.96      0.5693E-01 -0.1830       0.000       250.7       0.000    
   35900   12.59      0.2796E-03 SHELL       1952  -1.2%   6003.       49.75      0.4691E-01 -0.1825       0.000       250.7       0.000    
   36000   12.61      0.2795E-03 SHELL       1952  -1.2%   6006.       46.65      0.5458E-01 -0.1820       0.000       250.7       0.000    
   36100   12.64      0.2795E-03 SHELL       1952  -1.2%   6009.       43.64      0.5846E-01 -0.1815       0.000       250.7       0.000    
   36200   12.67      0.2795E-03 SHELL       1952  -1.2%   6012.       40.75      0.5373E-01 -0.1810       0.000       250.7       0.000    
   36300   12.70      0.2795E-03 SHELL       1952  -1.2%   6015.       37.95      0.5500E-01 -0.1805       0.000       250.7       0.000    
   36400   12.73      0.2795E-03 SHELL       1952  -1.2%   6018.       35.26      0.5057E-01 -0.1800       0.000       250.7       0.000    
   36500   12.75      0.2795E-03 SHELL       1952  -1.2%   6020.       32.67      0.5674E-01 -0.1795       0.000       250.7       0.000    
   36600   12.78      0.2795E-03 SHELL       1952  -1.2%   6023.       30.18      0.4972E-01 -0.1790       0.000       250.7       0.000    
   36700   12.81      0.2795E-03 SHELL       1952  -1.2%   6025.       27.80      0.5321E-01 -0.1785       0.000       250.7       0.000    
   36800   12.84      0.2795E-03 SHELL       1952  -1.2%   6027.       25.52      0.5561E-01 -0.1780       0.000       250.7       0.000    
   36900   12.87      0.2795E-03 SHELL       1952  -1.2%   6030.       23.33      0.4733E-01 -0.1775       0.000       250.7       0.000    
   37000   12.89      0.2795E-03 SHELL       1952  -1.2%   6032.       21.25      0.4610E-01 -0.1771       0.000       250.7       0.000    
   37100   12.92      0.2795E-03 SHELL       1952  -1.2%   6034.       19.27      0.4824E-01 -0.1766       0.000       250.7       0.000    
   37200   12.95      0.2795E-03 SHELL       1952  -1.2%   6036.       17.38      0.5838E-01 -0.1761       0.000       250.7       0.000    
   37300   12.98      0.2794E-03 SHELL       1952  -1.2%   6037.       15.60      0.3824E-01 -0.1756       0.000       250.7       0.000    
     ANIMATION FILE: combineA027 WRITTEN
   37400   13.01      0.2794E-03 SHELL       1952  -1.2%   6039.       13.92      0.3187E-01 -0.1751       0.000       250.7       0.000    
   37500   13.03      0.2794E-03 SHELL       1952  -1.2%   6041.       12.33      0.4589E-01 -0.1747       0.000       250.7       0.000    
   37600   13.06      0.2794E-03 SHELL       1952  -1.2%   6042.       10.84      0.4764E-01 -0.1742       0.000       250.7       0.000    
   37700   13.09      0.2794E-03 SHELL       1952  -1.2%   6044.       9.450      0.3627E-01 -0.1737       0.000       250.7       0.000    
   37800   13.12      0.2794E-03 SHELL       1952  -1.2%   6045.       8.157      0.2642E-01 -0.1732       0.000       250.7       0.000    
   37900   13.15      0.2794E-03 SHELL       1952  -1.2%   6046.       6.960      0.4587E-01 -0.1727       0.000       250.7       0.000    
   38000   13.17      0.2794E-03 SHELL       1952  -1.2%   6047.       5.860      0.4247E-01 -0.1723       0.000       250.7       0.000    
   38100   13.20      0.2794E-03 SHELL       1952  -1.2%   6048.       4.856      0.3591E-01 -0.1718       0.000       250.7       0.000    
   38200   13.23      0.2794E-03 SHELL       1952  -1.2%   6049.       3.948      0.3583E-01 -0.1713       0.000       250.7       0.000    
   38300   13.26      0.2794E-03 SHELL       1952  -1.2%   6050.       3.135      0.4132E-01 -0.1709       0.000       250.7       0.000    
   38400   13.29      0.2794E-03 SHELL       1952  -1.2%   6051.       2.417      0.4227E-01 -0.1704       0.000       250.7       0.000    
   CYCLE    TIME      TIME-STEP  ELEMENT          ERROR  I-ENERGY    K-ENERGY T  K-ENERGY R  EXT-WORK     MAS.ERR     TOTAL MASS  MASS ADDED
   38500   13.31      0.2794E-03 SHELL       1952  -1.2%   6051.       1.793      0.3459E-01 -0.1699       0.000       250.7       0.000    
   38600   13.34      0.2794E-03 SHELL       1952  -1.2%   6052.       1.263      0.4774E-01 -0.1695       0.000       250.7       0.000    
   38700   13.37      0.2794E-03 SHELL       1952  -1.2%   6052.      0.8264      0.4375E-01 -0.1690       0.000       250.7       0.000    
   38800   13.40      0.2794E-03 SHELL       1952  -1.2%   6053.      0.4828      0.3877E-01 -0.1686       0.000       250.7       0.000    
   38900   13.43      0.2794E-03 SHELL       1952  -1.2%   6053.      0.2315      0.3674E-01 -0.1681       0.000       250.7       0.000    
   39000   13.45      0.2794E-03 SHELL       1952  -1.2%   6053.      0.7194E-01  0.4806E-01 -0.1677       0.000       250.7       0.000    
   39100   13.48      0.2794E-03 SHELL       1952  -1.2%   6053.      0.3310E-02  0.4674E-01 -0.1672       0.000       250.7       0.000    
     ANIMATION FILE: combineA028 WRITTEN
   39200   13.51      0.2794E-03 SHELL       1952  -1.2%   6053.      0.2483E-01  0.3424E-01 -0.1668       0.000       250.7       0.000    
   39300   13.54      0.2794E-03 SHELL       1952  -1.2%   6053.      0.1357      0.4047E-01 -0.1663       0.000       250.7       0.000    
   39400   13.56      0.2794E-03 SHELL       1952  -1.2%   6053.      0.3346      0.4521E-01 -0.1659       0.000       250.7       0.000    
   39500   13.59      0.2794E-03 SHELL       1952  -1.2%   6053.      0.6205      0.4653E-01 -0.1654       0.000       250.7       0.000    
   39600   13.62      0.2794E-03 SHELL       1952  -1.2%   6053.      0.9917      0.3600E-01 -0.1650       0.000       250.7       0.000    
   39700   13.65      0.2794E-03 SHELL       1952  -1.2%   6052.       1.446      0.3590E-01 -0.1646       0.000       250.7       0.000    
   39800   13.68      0.2795E-03 SHELL       1952  -1.2%   6052.       1.982      0.3990E-01 -0.1642       0.000       250.7       0.000    
   39900   13.70      0.2795E-03 SHELL       1952  -1.2%   6051.       2.596      0.3893E-01 -0.1637       0.000       250.7       0.000    
   40000   13.73      0.2795E-03 SHELL       1952  -1.2%   6050.       3.286      0.3764E-01 -0.1633       0.000       250.7       0.000    
   40100   13.76      0.2795E-03 SHELL       1952  -1.2%   6050.       4.048      0.3104E-01 -0.1629       0.000       250.7       0.000    
   40200   13.79      0.2795E-03 SHELL       1952  -1.2%   6049.       4.878      0.3407E-01 -0.1626       0.000       250.7       0.000    
   40300   13.82      0.2795E-03 SHELL       1952  -1.2%   6048.       5.773      0.3404E-01 -0.1622       0.000       250.7       0.000    
   40400   13.84      0.2795E-03 SHELL       1952  -1.2%   6047.       6.729      0.3649E-01 -0.1618       0.000       250.7       0.000    
   40500   13.87      0.2795E-03 SHELL       1952  -1.2%   6046.       7.740      0.3429E-01 -0.1615       0.000       250.7       0.000    
   40600   13.90      0.2795E-03 SHELL       1952  -1.2%   6046.       8.802      0.3071E-01 -0.1611       0.000       250.7       0.000    
   40700   13.93      0.2795E-03 SHELL       1952  -1.1%   6045.       9.910      0.3344E-01 -0.1608       0.000       250.7       0.000    
   40800   13.96      0.2796E-03 SHELL       1952  -1.1%   6044.       11.06      0.3538E-01 -0.1605       0.000       250.7       0.000    
   40900   13.98      0.2796E-03 SHELL       1952  -1.1%   6042.       12.24      0.3941E-01 -0.1602       0.000       250.7       0.000    
     ANIMATION FILE: combineA029 WRITTEN
   41000   14.01      0.2796E-03 SHELL       1952  -1.1%   6041.       13.46      0.3341E-01 -0.1599       0.000       250.7       0.000    
   41100   14.04      0.2796E-03 SHELL       1952  -1.1%   6040.       14.69      0.3287E-01 -0.1597       0.000       250.7       0.000    
   41200   14.07      0.2796E-03 SHELL       1952  -1.1%   6039.       15.95      0.3446E-01 -0.1594       0.000       250.7       0.000    
   41300   14.10      0.2796E-03 SHELL       1952  -1.1%   6038.       17.22      0.3757E-01 -0.1592       0.000       250.7       0.000    
   41400   14.12      0.2797E-03 SHELL       1952  -1.1%   6037.       18.50      0.3459E-01 -0.1589       0.000       250.7       0.000    
   41500   14.15      0.2797E-03 SHELL       1952  -1.1%   6036.       19.77      0.2879E-01 -0.1587       0.000       250.7       0.000    
   41600   14.18      0.2797E-03 SHELL       1952  -1.1%   6035.       21.05      0.3130E-01 -0.1585       0.000       250.7       0.000    
   41700   14.21      0.2797E-03 SHELL       1952  -1.1%   6033.       22.31      0.3212E-01 -0.1583       0.000       250.7       0.000    
   41800   14.24      0.2797E-03 SHELL       1952  -1.1%   6032.       23.56      0.3317E-01 -0.1582       0.000       250.7       0.000    
   41900   14.26      0.2798E-03 SHELL       1952  -1.1%   6031.       24.78      0.2992E-01 -0.1580       0.000       250.7       0.000    
   42000   14.29      0.2798E-03 SHELL       1952  -1.1%   6030.       25.99      0.3067E-01 -0.1579       0.000       250.7       0.000    
   42100   14.32      0.2798E-03 SHELL       1952  -1.1%   6029.       27.16      0.2984E-01 -0.1577       0.000       250.7       0.000    
   42200   14.35      0.2798E-03 SHELL       1952  -1.1%   6028.       28.30      0.3373E-01 -0.1576       0.000       250.7       0.000    
   42300   14.38      0.2798E-03 SHELL       1952  -1.1%   6027.       29.40      0.3706E-01 -0.1575       0.000       250.7       0.000    
   42400   14.40      0.2799E-03 SHELL       1952  -1.1%   6026.       30.46      0.3042E-01 -0.1574       0.000       250.7       0.000    
   42500   14.43      0.2799E-03 SHELL       1952  -1.1%   6025.       31.47      0.2721E-01 -0.1574       0.000       250.7       0.000    
   42600   14.46      0.2799E-03 SHELL       1952  -1.1%   6024.       32.44      0.3160E-01 -0.1574       0.000       250.7       0.000    
   42700   14.49      0.2799E-03 SHELL       1952  -1.1%   6023.       33.36      0.3928E-01 -0.1574       0.000       250.7       0.000    
     ANIMATION FILE: combineA030 WRITTEN
   42800   14.52      0.2799E-03 SHELL       1952  -1.1%   6023.       34.22      0.2961E-01 -0.1573       0.000       250.7       0.000    
   42900   14.54      0.2800E-03 SHELL       1952  -1.1%   6022.       35.03      0.2754E-01 -0.1573       0.000       250.7       0.000    
   43000   14.57      0.2800E-03 SHELL       1952  -1.1%   6021.       35.78      0.3296E-01 -0.1573       0.000       250.7       0.000    
   43100   14.60      0.2800E-03 SHELL       1952  -1.1%   6021.       36.47      0.4029E-01 -0.1572       0.000       250.7       0.000    
   43200   14.63      0.2801E-03 SHELL       1952  -1.1%   6020.       37.11      0.3169E-01 -0.1572       0.000       250.7       0.000    
   43300   14.66      0.2801E-03 SHELL       1952  -1.1%   6020.       37.69      0.2791E-01 -0.1572       0.000       250.7       0.000    
   43400   14.68      0.2801E-03 SHELL       1952  -1.1%   6019.       38.21      0.3661E-01 -0.1572       0.000       250.7       0.000    
   43500   14.71      0.2802E-03 SHELL       1952  -1.1%   6019.       38.69      0.3682E-01 -0.1572       0.000       250.7       0.000    
   43600   14.74      0.2802E-03 SHELL       1952  -1.1%   6018.       39.12      0.3310E-01 -0.1572       0.000       250.7       0.000    
   43700   14.77      0.2802E-03 SHELL       1952  -1.1%   6018.       39.50      0.3354E-01 -0.1572       0.000       250.7       0.000    
   43800   14.80      0.2802E-03 SHELL       1952  -1.1%   6018.       39.84      0.3911E-01 -0.1572       0.000       250.7       0.000    
   43900   14.82      0.2803E-03 SHELL       1952  -1.1%   6018.       40.13      0.3357E-01 -0.1572       0.000       250.7       0.000    
   CYCLE    TIME      TIME-STEP  ELEMENT          ERROR  I-ENERGY    K-ENERGY T  K-ENERGY R  EXT-WORK     MAS.ERR     TOTAL MASS  MASS ADDED
   44000   14.85      0.2803E-03 SHELL       1952  -1.1%   6017.       40.38      0.3234E-01 -0.1572       0.000       250.7       0.000    
   44100   14.88      0.2803E-03 SHELL       1952  -1.1%   6017.       40.60      0.3465E-01 -0.1572       0.000       250.7       0.000    
   44200   14.91      0.2804E-03 SHELL       1952  -1.1%   6017.       40.79      0.3255E-01 -0.1572       0.000       250.7       0.000    
   44300   14.94      0.2804E-03 SHELL       1952  -1.1%   6017.       40.94      0.3678E-01 -0.1572       0.000       250.7       0.000    
   44400   14.96      0.2804E-03 SHELL       1952  -1.1%   6017.       41.08      0.3395E-01 -0.1572       0.000       250.7       0.000    
   44500   14.99      0.2804E-03 SHELL       1952  -1.1%   6017.       41.20      0.3296E-01 -0.1572       0.000       250.7       0.000    
     ANIMATION FILE: combineA031 WRITTEN
   44600   15.02      0.2804E-03 SHELL       1952  -1.1%   6017.       41.30      0.3575E-01 -0.1572       0.000       250.7       0.000    
   44700   15.05      0.2804E-03 SHELL       1952  -1.1%   6017.       41.39      0.3374E-01 -0.1572       0.000       250.7       0.000    
   44800   15.08      0.2804E-03 SHELL       1952  -1.1%   6017.       41.47      0.3104E-01 -0.1572       0.000       250.7       0.000    
   44900   15.10      0.2804E-03 SHELL       1952  -1.1%   6017.       41.54      0.3042E-01 -0.1572       0.000       250.7       0.000    
   45000   15.13      0.2804E-03 SHELL       1952  -1.1%   6017.       41.60      0.3856E-01 -0.1572       0.000       250.7       0.000    
   45100   15.16      0.2804E-03 SHELL       1952  -1.1%   6017.       41.65      0.3449E-01 -0.1572       0.000       250.7       0.000    
   45200   15.19      0.2804E-03 SHELL       1952  -1.1%   6017.       41.69      0.3316E-01 -0.1572       0.000       250.7       0.000    
   45300   15.22      0.2804E-03 SHELL       1952  -1.1%   6016.       41.73      0.3757E-01 -0.1573       0.000       250.7       0.000    
   45400   15.24      0.2804E-03 SHELL       1952  -1.1%   6016.       41.77      0.3323E-01 -0.1573       0.000       250.7       0.000    
   45500   15.27      0.2805E-03 SHELL       1952  -1.1%   6016.       41.79      0.3030E-01 -0.1573       0.000       250.7       0.000    
   45600   15.30      0.2805E-03 SHELL       1952  -1.1%   6016.       41.82      0.2786E-01 -0.1573       0.000       250.7       0.000    
   45700   15.33      0.2805E-03 SHELL       1952  -1.1%   6016.       41.83      0.3412E-01 -0.1573       0.000       250.7       0.000    
   45800   15.36      0.2805E-03 SHELL       1952  -1.1%   6016.       41.85      0.3330E-01 -0.1573       0.000       250.7       0.000    
   45900   15.38      0.2805E-03 SHELL       1952  -1.1%   6016.       41.86      0.2801E-01 -0.1573       0.000       250.7       0.000    
   46000   15.41      0.2805E-03 SHELL       1952  -1.1%   6016.       41.87      0.3301E-01 -0.1573       0.000       250.7       0.000    
   46100   15.44      0.2805E-03 SHELL       1952  -1.1%   6016.       41.87      0.3483E-01 -0.1573       0.000       250.7       0.000    
   46200   15.47      0.2805E-03 SHELL       1952  -1.1%   6016.       41.87      0.3182E-01 -0.1573       0.000       250.7       0.000    
   46300   15.50      0.2805E-03 SHELL       1952  -1.1%   6016.       41.87      0.2629E-01 -0.1573       0.000       250.7       0.000    
     ANIMATION FILE: combineA032 WRITTEN
   46400   15.52      0.2805E-03 SHELL       1952  -1.1%   6016.       41.87      0.3528E-01 -0.1573       0.000       250.7       0.000    
   46500   15.55      0.2805E-03 SHELL       1952  -1.1%   6016.       41.87      0.3879E-01 -0.1573       0.000       250.7       0.000    
   46600   15.58      0.2805E-03 SHELL       1952  -1.1%   6016.       41.87      0.2755E-01 -0.1573       0.000       250.7       0.000    
   46700   15.61      0.2805E-03 SHELL       1952  -1.1%   6016.       41.87      0.3398E-01 -0.1573       0.000       250.7       0.000    
   46800   15.64      0.2805E-03 SHELL       1952  -1.1%   6016.       41.87      0.4011E-01 -0.1573       0.000       250.7       0.000    
   46900   15.66      0.2805E-03 SHELL       1952  -1.1%   6016.       41.87      0.3113E-01 -0.1573       0.000       250.7       0.000    
   47000   15.69      0.2805E-03 SHELL       1952  -1.1%   6016.       41.87      0.2528E-01 -0.1573       0.000       250.7       0.000    
   47100   15.72      0.2805E-03 SHELL       1952  -1.1%   6016.       41.87      0.3269E-01 -0.1573       0.000       250.7       0.000    
   47200   15.75      0.2805E-03 SHELL       1952  -1.1%   6016.       41.87      0.3515E-01 -0.1573       0.000       250.7       0.000    
   47300   15.78      0.2805E-03 SHELL       1952  -1.1%   6016.       41.87      0.2346E-01 -0.1573       0.000       250.7       0.000    
   47400   15.81      0.2805E-03 SHELL       1952  -1.1%   6016.       41.87      0.3184E-01 -0.1573       0.000       250.7       0.000    
   47500   15.83      0.2805E-03 SHELL       1952  -1.1%   6016.       41.87      0.3591E-01 -0.1573       0.000       250.7       0.000    
   47600   15.86      0.2805E-03 SHELL       1952  -1.1%   6016.       41.87      0.2850E-01 -0.1573       0.000       250.7       0.000    
   47700   15.89      0.2805E-03 SHELL       1952  -1.1%   6016.       41.87      0.2676E-01 -0.1573       0.000       250.7       0.000    
   47800   15.92      0.2805E-03 SHELL       1952  -1.1%   6016.       41.87      0.3023E-01 -0.1573       0.000       250.7       0.000    
   47900   15.95      0.2805E-03 SHELL       1952  -1.1%   6016.       41.87      0.3416E-01 -0.1573       0.000       250.7       0.000    
   48000   15.97      0.2805E-03 SHELL       1952  -1.1%   6016.       41.87      0.2851E-01 -0.1573       0.000       250.7       0.000    
     ANIMATION FILE: combineA033 WRITTEN
   48100   16.00      0.2805E-03 SHELL       1952  -1.1%   6016.       41.87      0.2853E-01 -0.1573       0.000       250.7       0.000    
   48200   16.03      0.2805E-03 SHELL       1952  -1.1%   6016.       41.87      0.3720E-01 -0.1573       0.000       250.7       0.000    
   48300   16.06      0.2805E-03 SHELL       1952  -1.1%   6016.       41.87      0.3529E-01 -0.1573       0.000       250.7       0.000    
   48400   16.09      0.2805E-03 SHELL       1952  -1.1%   6016.       41.87      0.3018E-01 -0.1573       0.000       250.7       0.000    
   48500   16.11      0.2805E-03 SHELL       1952  -1.1%   6016.       41.87      0.2790E-01 -0.1573       0.000       250.7       0.000    
   48600   16.14      0.2805E-03 SHELL       1952  -1.1%   6016.       41.87      0.3850E-01 -0.1573       0.000       250.7       0.000    
   48700   16.17      0.2805E-03 SHELL       1952  -1.1%   6016.       41.87      0.2974E-01 -0.1573       0.000       250.7       0.000    
   48800   16.20      0.2805E-03 SHELL       1952  -1.1%   6016.       41.87      0.2367E-01 -0.1573       0.000       250.7       0.000    
   48900   16.23      0.2805E-03 SHELL       1952  -1.1%   6016.       41.87      0.3666E-01 -0.1573       0.000       250.7       0.000    
   49000   16.25      0.2805E-03 SHELL       1952  -1.1%   6016.       41.87      0.3436E-01 -0.1573       0.000       250.7       0.000    
   49100   16.28      0.2805E-03 SHELL       1952  -1.1%   6016.       41.87      0.2421E-01 -0.1573       0.000       250.7       0.000    
   49200   16.31      0.2805E-03 SHELL       1952  -1.1%   6016.       41.87      0.2759E-01 -0.1573       0.000       250.7       0.000    
   49300   16.34      0.2805E-03 SHELL       1952  -1.1%   6016.       41.87      0.3699E-01 -0.1573       0.000       250.7       0.000    
   49400   16.37      0.2805E-03 SHELL       1952  -1.1%   6016.       41.87      0.2850E-01 -0.1573       0.000       250.7       0.000    
   CYCLE    TIME      TIME-STEP  ELEMENT          ERROR  I-ENERGY    K-ENERGY T  K-ENERGY R  EXT-WORK     MAS.ERR     TOTAL MASS  MASS ADDED
   49500   16.39      0.2805E-03 SHELL       1952  -1.1%   6016.       41.87      0.2483E-01 -0.1573       0.000       250.7       0.000    
   49600   16.42      0.2805E-03 SHELL       1952  -1.1%   6016.       41.87      0.3796E-01 -0.1573       0.000       250.7       0.000    
   49700   16.45      0.2805E-03 SHELL       1952  -1.1%   6016.       41.87      0.3557E-01 -0.1573       0.000       250.7       0.000    
   49800   16.48      0.2805E-03 SHELL       1952  -1.1%   6016.       41.87      0.2761E-01 -0.1573       0.000       250.7       0.000    
     ANIMATION FILE: combineA034 WRITTEN
   49900   16.51      0.2805E-03 SHELL       1952  -1.1%   6016.       41.87      0.3156E-01 -0.1573       0.000       250.7       0.000    
   50000   16.53      0.2805E-03 SHELL       1952  -1.1%   6016.       41.87      0.3493E-01 -0.1573       0.000       250.7       0.000    
   50100   16.56      0.2805E-03 SHELL       1952  -1.1%   6016.       41.87      0.3289E-01 -0.1573       0.000       250.7       0.000    
   50200   16.59      0.2805E-03 SHELL       1952  -1.1%   6016.       41.87      0.2817E-01 -0.1573       0.000       250.7       0.000    
   50300   16.62      0.2805E-03 SHELL       1952  -1.1%   6016.       41.87      0.3426E-01 -0.1573       0.000       250.7       0.000    
   50400   16.65      0.2805E-03 SHELL       1952  -1.1%   6016.       41.87      0.3711E-01 -0.1573       0.000       250.7       0.000    
   50500   16.67      0.2805E-03 SHELL       1952  -1.1%   6016.       41.87      0.3060E-01 -0.1573       0.000       250.7       0.000    
   50600   16.70      0.2805E-03 SHELL       1952  -1.1%   6016.       41.87      0.2949E-01 -0.1573       0.000       250.7       0.000    
   50700   16.73      0.2805E-03 SHELL       1952  -1.1%   6016.       41.87      0.3190E-01 -0.1573       0.000       250.7       0.000    
   50800   16.76      0.2805E-03 SHELL       1952  -1.1%   6016.       41.87      0.3415E-01 -0.1573       0.000       250.7       0.000    
   50900   16.79      0.2805E-03 SHELL       1952  -1.1%   6016.       41.87      0.2310E-01 -0.1573       0.000       250.7       0.000    
   51000   16.81      0.2805E-03 SHELL       1952  -1.1%   6016.       41.87      0.2797E-01 -0.1573       0.000       250.7       0.000    
   51100   16.84      0.2805E-03 SHELL       1952  -1.1%   6016.       41.87      0.3707E-01 -0.1573       0.000       250.7       0.000    
   51200   16.87      0.2805E-03 SHELL       1952  -1.1%   6016.       41.87      0.2677E-01 -0.1573       0.000       250.7       0.000    
   51300   16.90      0.2805E-03 SHELL       1952  -1.1%   6016.       41.87      0.2386E-01 -0.1573       0.000       250.7       0.000    
   51400   16.93      0.2805E-03 SHELL       1952  -1.1%   6016.       41.87      0.3133E-01 -0.1573       0.000       250.7       0.000    
   51500   16.96      0.2805E-03 SHELL       1952  -1.1%   6016.       41.87      0.3079E-01 -0.1573       0.000       250.7       0.000    
   51600   16.98      0.2805E-03 SHELL       1952  -1.1%   6016.       41.87      0.1945E-01 -0.1573       0.000       250.7       0.000    
     ANIMATION FILE: combineA035 WRITTEN
   51700   17.01      0.2805E-03 SHELL       1952  -1.1%   6016.       41.87      0.2737E-01 -0.1573       0.000       250.7       0.000    
   51800   17.04      0.2805E-03 SHELL       1952  -1.1%   6016.       41.87      0.3638E-01 -0.1573       0.000       250.7       0.000    
   51900   17.07      0.2805E-03 SHELL       1952  -1.1%   6016.       41.87      0.2604E-01 -0.1573       0.000       250.7       0.000    
   52000   17.10      0.2805E-03 SHELL       1952  -1.1%   6016.       41.87      0.2698E-01 -0.1573       0.000       250.7       0.000    
   52100   17.12      0.2805E-03 SHELL       1952  -1.1%   6016.       41.87      0.3486E-01 -0.1573       0.000       250.7       0.000    
   52200   17.15      0.2805E-03 SHELL       1952  -1.1%   6016.       41.87      0.3108E-01 -0.1573       0.000       250.7       0.000    
   52300   17.18      0.2805E-03 SHELL       1952  -1.1%   6016.       41.87      0.2747E-01 -0.1573       0.000       250.7       0.000    
   52400   17.21      0.2805E-03 SHELL       1952  -1.1%   6016.       41.87      0.3118E-01 -0.1573       0.000       250.7       0.000    
   52500   17.24      0.2805E-03 SHELL       1952  -1.1%   6016.       41.87      0.3756E-01 -0.1573       0.000       250.7       0.000    
   52600   17.26      0.2805E-03 SHELL       1952  -1.1%   6016.       41.87      0.3151E-01 -0.1573       0.000       250.7       0.000    
   52700   17.29      0.2805E-03 SHELL       1952  -1.1%   6016.       41.87      0.3047E-01 -0.1573       0.000       250.7       0.000    
   52800   17.32      0.2805E-03 SHELL       1952  -1.1%   6016.       41.87      0.3308E-01 -0.1573       0.000       250.7       0.000    
   52900   17.35      0.2805E-03 SHELL       1952  -1.1%   6016.       41.87      0.3163E-01 -0.1573       0.000       250.7       0.000    
   53000   17.38      0.2805E-03 SHELL       1952  -1.1%   6016.       41.87      0.2839E-01 -0.1573       0.000       250.7       0.000    
   53100   17.40      0.2805E-03 SHELL       1952  -1.1%   6016.       41.87      0.2557E-01 -0.1573       0.000       250.7       0.000    
   53200   17.43      0.2805E-03 SHELL       1952  -1.1%   6016.       41.87      0.3212E-01 -0.1573       0.000       250.7       0.000    
   53300   17.46      0.2805E-03 SHELL       1952  -1.1%   6016.       41.87      0.2920E-01 -0.1573       0.000       250.7       0.000    
   53400   17.49      0.2805E-03 SHELL       1952  -1.1%   6016.       41.87      0.2468E-01 -0.1573       0.000       250.7       0.000    
     ANIMATION FILE: combineA036 WRITTEN
   53500   17.52      0.2805E-03 SHELL       1952  -1.1%   6016.       41.87      0.3136E-01 -0.1573       0.000       250.7       0.000    
   53600   17.54      0.2805E-03 SHELL       1952  -1.1%   6016.       41.87      0.3018E-01 -0.1573       0.000       250.7       0.000    
   53700   17.57      0.2805E-03 SHELL       1952  -1.1%   6016.       41.87      0.2497E-01 -0.1573       0.000       250.7       0.000    
   53800   17.60      0.2805E-03 SHELL       1952  -1.1%   6016.       41.87      0.2388E-01 -0.1573       0.000       250.7       0.000    
   53900   17.63      0.2805E-03 SHELL       1952  -1.1%   6016.       41.87      0.3349E-01 -0.1573       0.000       250.7       0.000    
   54000   17.66      0.2805E-03 SHELL       1952  -1.1%   6016.       41.87      0.3116E-01 -0.1573       0.000       250.7       0.000    
   54100   17.68      0.2805E-03 SHELL       1952  -1.1%   6016.       41.87      0.2872E-01 -0.1573       0.000       250.7       0.000    
   54200   17.71      0.2805E-03 SHELL       1952  -1.1%   6016.       41.87      0.3770E-01 -0.1573       0.000       250.7       0.000    
   54300   17.74      0.2805E-03 SHELL       1952  -1.1%   6016.       41.87      0.3489E-01 -0.1573       0.000       250.7       0.000    
   54400   17.77      0.2805E-03 SHELL       1952  -1.1%   6016.       41.87      0.2998E-01 -0.1573       0.000       250.7       0.000    
   54500   17.80      0.2805E-03 SHELL       1952  -1.1%   6016.       41.87      0.3164E-01 -0.1573       0.000       250.7       0.000    
   54600   17.82      0.2805E-03 SHELL       1952  -1.1%   6016.       41.87      0.3338E-01 -0.1573       0.000       250.7       0.000    
   54700   17.85      0.2805E-03 SHELL       1952  -1.1%   6016.       41.87      0.2991E-01 -0.1573       0.000       250.7       0.000    
   54800   17.88      0.2805E-03 SHELL       1952  -1.1%   6016.       41.87      0.2800E-01 -0.1573       0.000       250.7       0.000    
   54900   17.91      0.2805E-03 SHELL       1952  -1.1%   6016.       41.87      0.3237E-01 -0.1573       0.000       250.7       0.000    
   CYCLE    TIME      TIME-STEP  ELEMENT          ERROR  I-ENERGY    K-ENERGY T  K-ENERGY R  EXT-WORK     MAS.ERR     TOTAL MASS  MASS ADDED
   55000   17.94      0.2805E-03 SHELL       1952  -1.1%   6016.       41.87      0.2840E-01 -0.1573       0.000       250.7       0.000    
   55100   17.96      0.2805E-03 SHELL       1952  -1.1%   6016.       41.87      0.2682E-01 -0.1573       0.000       250.7       0.000    
   55200   17.99      0.2805E-03 SHELL       1952  -1.1%   6016.       41.87      0.2769E-01 -0.1573       0.000       250.7       0.000    
     ANIMATION FILE: combineA037 WRITTEN
   55300   18.02      0.2805E-03 SHELL       1952  -1.1%   6016.       41.87      0.2590E-01 -0.1573       0.000       250.7       0.000    
   55400   18.05      0.2805E-03 SHELL       1952  -1.1%   6016.       41.87      0.2719E-01 -0.1573       0.000       250.7       0.000    
   55500   18.08      0.2805E-03 SHELL       1952  -1.1%   6016.       41.87      0.2579E-01 -0.1573       0.000       250.7       0.000    
   55600   18.11      0.2805E-03 SHELL       1952  -1.1%   6016.       41.87      0.2697E-01 -0.1573       0.000       250.7       0.000    
   55700   18.13      0.2805E-03 SHELL       1952  -1.1%   6016.       41.87      0.2916E-01 -0.1573       0.000       250.7       0.000    
   55800   18.16      0.2805E-03 SHELL       1952  -1.1%   6016.       41.87      0.2573E-01 -0.1573       0.000       250.7       0.000    
   55900   18.19      0.2805E-03 SHELL       1952  -1.1%   6016.       41.87      0.2566E-01 -0.1573       0.000       250.7       0.000    
   56000   18.22      0.2805E-03 SHELL       1952  -1.1%   6016.       41.87      0.2465E-01 -0.1573       0.000       250.7       0.000    
   56100   18.25      0.2805E-03 SHELL       1952  -1.1%   6016.       41.87      0.2763E-01 -0.1573       0.000       250.7       0.000    
   56200   18.27      0.2805E-03 SHELL       1952  -1.1%   6016.       41.87      0.2447E-01 -0.1573       0.000       250.7       0.000    
   56300   18.30      0.2805E-03 SHELL       1952  -1.1%   6016.       41.87      0.2837E-01 -0.1573       0.000       250.7       0.000    
   56400   18.33      0.2805E-03 SHELL       1952  -1.1%   6016.       41.87      0.3157E-01 -0.1573       0.000       250.7       0.000    
   56500   18.36      0.2805E-03 SHELL       1952  -1.1%   6016.       41.87      0.2558E-01 -0.1573       0.000       250.7       0.000    
   56600   18.39      0.2805E-03 SHELL       1952  -1.1%   6016.       41.87      0.2788E-01 -0.1573       0.000       250.7       0.000    
   56700   18.41      0.2805E-03 SHELL       1952  -1.1%   6016.       41.87      0.2879E-01 -0.1573       0.000       250.7       0.000    
   56800   18.44      0.2805E-03 SHELL       1952  -1.1%   6016.       41.87      0.2818E-01 -0.1573       0.000       250.7       0.000    
   56900   18.47      0.2805E-03 SHELL       1952  -1.1%   6016.       41.87      0.2767E-01 -0.1573       0.000       250.7       0.000    
   57000   18.50      0.2805E-03 SHELL       1952  -1.1%   6016.       41.87      0.3125E-01 -0.1573       0.000       250.7       0.000    
     ANIMATION FILE: combineA038 WRITTEN
   57100   18.53      0.2805E-03 SHELL       1952  -1.1%   6016.       41.87      0.3145E-01 -0.1573       0.000       250.7       0.000    
   57200   18.55      0.2805E-03 SHELL       1952  -1.1%   6016.       41.87      0.2801E-01 -0.1573       0.000       250.7       0.000    
   57300   18.58      0.2805E-03 SHELL       1952  -1.1%   6016.       41.87      0.3123E-01 -0.1573       0.000       250.7       0.000    
   57400   18.61      0.2805E-03 SHELL       1952  -1.1%   6016.       41.87      0.2934E-01 -0.1573       0.000       250.7       0.000    
   57500   18.64      0.2805E-03 SHELL       1952  -1.1%   6016.       41.87      0.2705E-01 -0.1573       0.000       250.7       0.000    
   57600   18.67      0.2805E-03 SHELL       1952  -1.1%   6016.       41.87      0.3086E-01 -0.1573       0.000       250.7       0.000    
   57700   18.69      0.2805E-03 SHELL       1952  -1.1%   6016.       41.87      0.2826E-01 -0.1573       0.000       250.7       0.000    
   57800   18.72      0.2805E-03 SHELL       1952  -1.1%   6016.       41.87      0.2913E-01 -0.1573       0.000       250.7       0.000    
   57900   18.75      0.2805E-03 SHELL       1952  -1.1%   6016.       41.87      0.3107E-01 -0.1573       0.000       250.7       0.000    
   58000   18.78      0.2805E-03 SHELL       1952  -1.1%   6016.       41.87      0.3024E-01 -0.1573       0.000       250.7       0.000    
   58100   18.81      0.2805E-03 SHELL       1952  -1.1%   6016.       41.87      0.2640E-01 -0.1573       0.000       250.7       0.000    
   58200   18.83      0.2805E-03 SHELL       1952  -1.1%   6016.       41.87      0.2733E-01 -0.1573       0.000       250.7       0.000    
   58300   18.86      0.2805E-03 SHELL       1952  -1.1%   6016.       41.87      0.3112E-01 -0.1573       0.000       250.7       0.000    
   58400   18.89      0.2805E-03 SHELL       1952  -1.1%   6016.       41.87      0.2518E-01 -0.1573       0.000       250.7       0.000    
   58500   18.92      0.2805E-03 SHELL       1952  -1.1%   6016.       41.87      0.3106E-01 -0.1573       0.000       250.7       0.000    
   58600   18.95      0.2805E-03 SHELL       1952  -1.1%   6016.       41.87      0.3518E-01 -0.1573       0.000       250.7       0.000    
   58700   18.97      0.2805E-03 SHELL       1952  -1.1%   6016.       41.87      0.2998E-01 -0.1573       0.000       250.7       0.000    
     ANIMATION FILE: combineA039 WRITTEN
   58800   19.00      0.2805E-03 SHELL       1952  -1.1%   6016.       41.87      0.2938E-01 -0.1573       0.000       250.7       0.000    
   58900   19.03      0.2805E-03 SHELL       1952  -1.1%   6016.       41.87      0.3087E-01 -0.1573       0.000       250.7       0.000    
   59000   19.06      0.2805E-03 SHELL       1952  -1.1%   6016.       41.87      0.3117E-01 -0.1573       0.000       250.7       0.000    
   59100   19.09      0.2805E-03 SHELL       1952  -1.1%   6016.       41.87      0.2628E-01 -0.1573       0.000       250.7       0.000    
   59200   19.11      0.2805E-03 SHELL       1952  -1.1%   6016.       41.87      0.3006E-01 -0.1573       0.000       250.7       0.000    
   59300   19.14      0.2805E-03 SHELL       1952  -1.1%   6016.       41.87      0.3140E-01 -0.1573       0.000       250.7       0.000    
   59400   19.17      0.2805E-03 SHELL       1952  -1.1%   6016.       41.87      0.2713E-01 -0.1573       0.000       250.7       0.000    
   59500   19.20      0.2805E-03 SHELL       1952  -1.1%   6016.       41.87      0.2500E-01 -0.1573       0.000       250.7       0.000    
   59600   19.23      0.2805E-03 SHELL       1952  -1.1%   6016.       41.87      0.2383E-01 -0.1573       0.000       250.7       0.000    
   59700   19.25      0.2805E-03 SHELL       1952  -1.1%   6016.       41.87      0.2719E-01 -0.1573       0.000       250.7       0.000    
   59800   19.28      0.2805E-03 SHELL       1952  -1.1%   6016.       41.87      0.2484E-01 -0.1573       0.000       250.7       0.000    
   59900   19.31      0.2805E-03 SHELL       1952  -1.1%   6016.       41.87      0.2237E-01 -0.1573       0.000       250.7       0.000    
   60000   19.34      0.2805E-03 SHELL       1952  -1.1%   6016.       41.87      0.2951E-01 -0.1573       0.000       250.7       0.000    
   60100   19.37      0.2805E-03 SHELL       1952  -1.1%   6016.       41.87      0.2945E-01 -0.1573       0.000       250.7       0.000    
   60200   19.40      0.2805E-03 SHELL       1952  -1.1%   6016.       41.87      0.2424E-01 -0.1573       0.000       250.7       0.000    
   60300   19.42      0.2805E-03 SHELL       1952  -1.1%   6016.       41.87      0.2521E-01 -0.1573       0.000       250.7       0.000    
   60400   19.45      0.2805E-03 SHELL       1952  -1.1%   6016.       41.87      0.2987E-01 -0.1573       0.000       250.7       0.000    
   CYCLE    TIME      TIME-STEP  ELEMENT          ERROR  I-ENERGY    K-ENERGY T  K-ENERGY R  EXT-WORK     MAS.ERR     TOTAL MASS  MASS ADDED
   60500   19.48      0.2805E-03 SHELL       1952  -1.1%   6016.       41.87      0.2269E-01 -0.1573       0.000       250.7       0.000    
     ANIMATION FILE: combineA040 WRITTEN
   60600   19.51      0.2805E-03 SHELL       1952  -1.1%   6016.       41.87      0.1917E-01 -0.1573       0.000       250.7       0.000    
   60700   19.54      0.2805E-03 SHELL       1952  -1.1%   6016.       41.87      0.3204E-01 -0.1573       0.000       250.7       0.000    
   60800   19.56      0.2805E-03 SHELL       1952  -1.1%   6016.       41.87      0.3107E-01 -0.1573       0.000       250.7       0.000    
   60900   19.59      0.2805E-03 SHELL       1952  -1.1%   6016.       41.87      0.2329E-01 -0.1573       0.000       250.7       0.000    
   61000   19.62      0.2805E-03 SHELL       1952  -1.1%   6016.       41.87      0.2906E-01 -0.1573       0.000       250.7       0.000    
   61100   19.65      0.2805E-03 SHELL       1952  -1.1%   6016.       41.87      0.3106E-01 -0.1573       0.000       250.7       0.000    
   61200   19.68      0.2805E-03 SHELL       1952  -1.1%   6016.       41.87      0.2416E-01 -0.1573       0.000       250.7       0.000    
   61300   19.70      0.2805E-03 SHELL       1952  -1.1%   6016.       41.87      0.2181E-01 -0.1573       0.000       250.7       0.000    
   61400   19.73      0.2805E-03 SHELL       1952  -1.1%   6016.       41.87      0.3259E-01 -0.1573       0.000       250.7       0.000    
   61500   19.76      0.2805E-03 SHELL       1952  -1.1%   6016.       41.87      0.3026E-01 -0.1573       0.000       250.7       0.000    
   61600   19.79      0.2805E-03 SHELL       1952  -1.1%   6016.       41.87      0.2435E-01 -0.1573       0.000       250.7       0.000    
   61700   19.82      0.2805E-03 SHELL       1952  -1.1%   6016.       41.87      0.2938E-01 -0.1573       0.000       250.7       0.000    
   61800   19.84      0.2805E-03 SHELL       1952  -1.1%   6016.       41.87      0.3092E-01 -0.1573       0.000       250.7       0.000    
   61900   19.87      0.2805E-03 SHELL       1952  -1.1%   6016.       41.87      0.2840E-01 -0.1573       0.000       250.7       0.000    
   62000   19.90      0.2805E-03 SHELL       1952  -1.1%   6016.       41.87      0.2375E-01 -0.1573       0.000       250.7       0.000    
   62100   19.93      0.2805E-03 SHELL       1952  -1.1%   6016.       41.87      0.2996E-01 -0.1573       0.000       250.7       0.000    
   62200   19.96      0.2805E-03 SHELL       1952  -1.1%   6016.       41.87      0.3353E-01 -0.1573       0.000       250.7       0.000    
   62300   19.98      0.2805E-03 SHELL       1952  -1.1%   6016.       41.87      0.2708E-01 -0.1573       0.000       250.7       0.000    
     ANIMATION FILE: combineA041 WRITTEN
   62400   20.01      0.2805E-03 SHELL       1952  -1.1%   6016.       41.87      0.2836E-01 -0.1573       0.000       250.7       0.000    
   62500   20.04      0.2805E-03 SHELL       1952  -1.1%   6016.       41.87      0.3335E-01 -0.1573       0.000       250.7       0.000    
   62600   20.07      0.2805E-03 SHELL       1952  -1.1%   6016.       41.87      0.3023E-01 -0.1573       0.000       250.7       0.000    
   62700   20.10      0.2805E-03 SHELL       1952  -1.1%   6016.       41.87      0.2161E-01 -0.1573       0.000       250.7       0.000    
   62800   20.12      0.2805E-03 SHELL       1952  -1.1%   6016.       41.87      0.2758E-01 -0.1573       0.000       250.7       0.000    
   62900   20.15      0.2805E-03 SHELL       1952  -1.1%   6016.       41.87      0.3339E-01 -0.1573       0.000       250.7       0.000    
   63000   20.18      0.2805E-03 SHELL       1952  -1.1%   6016.       41.87      0.2384E-01 -0.1573       0.000       250.7       0.000    
   63100   20.21      0.2805E-03 SHELL       1952  -1.1%   6016.       41.87      0.2626E-01 -0.1573       0.000       250.7       0.000    
   63200   20.24      0.2805E-03 SHELL       1952  -1.1%   6016.       41.87      0.3334E-01 -0.1573       0.000       250.7       0.000    
   63300   20.26      0.2805E-03 SHELL       1952  -1.1%   6016.       41.87      0.2600E-01 -0.1573       0.000       250.7       0.000    
   63400   20.29      0.2805E-03 SHELL       1952  -1.1%   6016.       41.87      0.2029E-01 -0.1573       0.000       250.7       0.000    
   63500   20.32      0.2805E-03 SHELL       1952  -1.1%   6016.       41.87      0.2503E-01 -0.1573       0.000       250.7       0.000    
   63600   20.35      0.2805E-03 SHELL       1952  -1.1%   6016.       41.87      0.2928E-01 -0.1573       0.000       250.7       0.000    
   63700   20.38      0.2805E-03 SHELL       1952  -1.1%   6016.       41.87      0.2196E-01 -0.1573       0.000       250.7       0.000    
   63800   20.40      0.2805E-03 SHELL       1952  -1.1%   6016.       41.87      0.2511E-01 -0.1573       0.000       250.7       0.000    
   63900   20.43      0.2805E-03 SHELL       1952  -1.1%   6016.       41.87      0.2923E-01 -0.1573       0.000       250.7       0.000    
   64000   20.46      0.2805E-03 SHELL       1952  -1.1%   6016.       41.87      0.2574E-01 -0.1573       0.000       250.7       0.000    
   64100   20.49      0.2805E-03 SHELL       1952  -1.1%   6016.       41.87      0.2425E-01 -0.1573       0.000       250.7       0.000    
     ANIMATION FILE: combineA042 WRITTEN
   64200   20.52      0.2805E-03 SHELL       1952  -1.1%   6016.       41.87      0.2372E-01 -0.1573       0.000       250.7       0.000    
   64300   20.55      0.2805E-03 SHELL       1952  -1.1%   6016.       41.87      0.2751E-01 -0.1573       0.000       250.7       0.000    
   64400   20.57      0.2805E-03 SHELL       1952  -1.1%   6016.       41.87      0.2555E-01 -0.1573       0.000       250.7       0.000    
   64500   20.60      0.2805E-03 SHELL       1952  -1.1%   6016.       41.87      0.2450E-01 -0.1573       0.000       250.7       0.000    
   64600   20.63      0.2805E-03 SHELL       1952  -1.1%   6016.       41.87      0.2778E-01 -0.1573       0.000       250.7       0.000    
   64700   20.66      0.2805E-03 SHELL       1952  -1.1%   6016.       41.87      0.2867E-01 -0.1573       0.000       250.7       0.000    
   64800   20.69      0.2805E-03 SHELL       1952  -1.1%   6016.       41.87      0.2534E-01 -0.1573       0.000       250.7       0.000    
   64900   20.71      0.2805E-03 SHELL       1952  -1.1%   6016.       41.87      0.2230E-01 -0.1573       0.000       250.7       0.000    
   65000   20.74      0.2805E-03 SHELL       1952  -1.1%   6016.       41.87      0.2730E-01 -0.1573       0.000       250.7       0.000    
   65100   20.77      0.2805E-03 SHELL       1952  -1.1%   6016.       41.87      0.2624E-01 -0.1573       0.000       250.7       0.000    
   65200   20.80      0.2805E-03 SHELL       1952  -1.1%   6016.       41.87      0.2112E-01 -0.1573       0.000       250.7       0.000    
   65300   20.83      0.2805E-03 SHELL       1952  -1.1%   6016.       41.87      0.2684E-01 -0.1573       0.000       250.7       0.000    
   65400   20.85      0.2805E-03 SHELL       1952  -1.1%   6016.       41.87      0.2793E-01 -0.1573       0.000       250.7       0.000    
   65500   20.88      0.2805E-03 SHELL       1952  -1.1%   6016.       41.87      0.2384E-01 -0.1573       0.000       250.7       0.000    
   65600   20.91      0.2805E-03 SHELL       1952  -1.1%   6016.       41.87      0.2355E-01 -0.1573       0.000       250.7       0.000    
   65700   20.94      0.2805E-03 SHELL       1952  -1.1%   6016.       41.87      0.2662E-01 -0.1573       0.000       250.7       0.000    
   65800   20.97      0.2805E-03 SHELL       1952  -1.1%   6016.       41.87      0.2747E-01 -0.1573       0.000       250.7       0.000    
   65900   20.99      0.2805E-03 SHELL       1952  -1.1%   6016.       41.87      0.2600E-01 -0.1573       0.000       250.7       0.000    
     ANIMATION FILE: combineA043 WRITTEN
   CYCLE    TIME      TIME-STEP  ELEMENT          ERROR  I-ENERGY    K-ENERGY T  K-ENERGY R  EXT-WORK     MAS.ERR     TOTAL MASS  MASS ADDED
   66000   21.02      0.2805E-03 SHELL       1952  -1.1%   6016.       41.87      0.2961E-01 -0.1573       0.000       250.7       0.000    
   66100   21.05      0.2805E-03 SHELL       1952  -1.1%   6016.       41.87      0.2824E-01 -0.1573       0.000       250.7       0.000    
   66200   21.08      0.2805E-03 SHELL       1952  -1.1%   6016.       41.87      0.2779E-01 -0.1573       0.000       250.7       0.000    
   66300   21.11      0.2805E-03 SHELL       1952  -1.1%   6016.       41.87      0.2670E-01 -0.1573       0.000       250.7       0.000    
   66400   21.13      0.2805E-03 SHELL       1952  -1.1%   6016.       41.87      0.2391E-01 -0.1573       0.000       250.7       0.000    
   66500   21.16      0.2805E-03 SHELL       1952  -1.1%   6016.       41.87      0.2927E-01 -0.1573       0.000       250.7       0.000    
   66600   21.19      0.2805E-03 SHELL       1952  -1.1%   6016.       41.87      0.2862E-01 -0.1573       0.000       250.7       0.000    
   66700   21.22      0.2805E-03 SHELL       1952  -1.1%   6016.       41.87      0.2640E-01 -0.1573       0.000       250.7       0.000    
   66800   21.25      0.2805E-03 SHELL       1952  -1.1%   6016.       41.87      0.2956E-01 -0.1573       0.000       250.7       0.000    
   66900   21.27      0.2805E-03 SHELL       1952  -1.1%   6016.       41.87      0.3273E-01 -0.1573       0.000       250.7       0.000    
   67000   21.30      0.2805E-03 SHELL       1952  -1.1%   6016.       41.87      0.2873E-01 -0.1573       0.000       250.7       0.000    
   67100   21.33      0.2805E-03 SHELL       1952  -1.1%   6016.       41.87      0.2495E-01 -0.1573       0.000       250.7       0.000    
   67200   21.36      0.2805E-03 SHELL       1952  -1.1%   6016.       41.87      0.3141E-01 -0.1573       0.000       250.7       0.000    
   67300   21.39      0.2805E-03 SHELL       1952  -1.1%   6016.       41.87      0.2806E-01 -0.1573       0.000       250.7       0.000    
   67400   21.41      0.2805E-03 SHELL       1952  -1.1%   6016.       41.87      0.2428E-01 -0.1573       0.000       250.7       0.000    
   67500   21.44      0.2805E-03 SHELL       1952  -1.1%   6016.       41.87      0.3009E-01 -0.1573       0.000       250.7       0.000    
   67600   21.47      0.2805E-03 SHELL       1952  -1.1%   6016.       41.87      0.3091E-01 -0.1573       0.000       250.7       0.000    
   67700   21.50      0.2805E-03 SHELL       1952  -1.1%   6016.       41.87      0.2688E-01 -0.1573       0.000       250.7       0.000    
     ANIMATION FILE: combineA044 WRITTEN
   67800   21.53      0.2805E-03 SHELL       1952  -1.1%   6016.       41.87      0.2417E-01 -0.1573       0.000       250.7       0.000    
   67900   21.55      0.2805E-03 SHELL       1952  -1.1%   6016.       41.87      0.2812E-01 -0.1573       0.000       250.7       0.000    
   68000   21.58      0.2805E-03 SHELL       1952  -1.1%   6016.       41.87      0.2640E-01 -0.1573       0.000       250.7       0.000    
   68100   21.61      0.2805E-03 SHELL       1952  -1.1%   6016.       41.87      0.2354E-01 -0.1573       0.000       250.7       0.000    
   68200   21.64      0.2805E-03 SHELL       1952  -1.1%   6016.       41.87      0.2758E-01 -0.1573       0.000       250.7       0.000    
   68300   21.67      0.2805E-03 SHELL       1952  -1.1%   6016.       41.87      0.2814E-01 -0.1573       0.000       250.7       0.000    
   68400   21.70      0.2805E-03 SHELL       1952  -1.1%   6016.       41.87      0.2569E-01 -0.1573       0.000       250.7       0.000    
   68500   21.72      0.2805E-03 SHELL       1952  -1.1%   6016.       41.87      0.2151E-01 -0.1573       0.000       250.7       0.000    
   68600   21.75      0.2805E-03 SHELL       1952  -1.1%   6016.       41.87      0.2316E-01 -0.1573       0.000       250.7       0.000    
   68700   21.78      0.2805E-03 SHELL       1952  -1.1%   6016.       41.87      0.2675E-01 -0.1573       0.000       250.7       0.000    
   68800   21.81      0.2805E-03 SHELL       1952  -1.1%   6016.       41.87      0.2157E-01 -0.1573       0.000       250.7       0.000    
   68900   21.84      0.2805E-03 SHELL       1952  -1.1%   6016.       41.87      0.2350E-01 -0.1573       0.000       250.7       0.000    
   69000   21.86      0.2805E-03 SHELL       1952  -1.1%   6016.       41.87      0.2800E-01 -0.1573       0.000       250.7       0.000    
   69100   21.89      0.2805E-03 SHELL       1952  -1.1%   6016.       41.87      0.2678E-01 -0.1573       0.000       250.7       0.000    
   69200   21.92      0.2805E-03 SHELL       1952  -1.1%   6016.       41.87      0.2165E-01 -0.1573       0.000       250.7       0.000    
   69300   21.95      0.2805E-03 SHELL       1952  -1.1%   6016.       41.87      0.2578E-01 -0.1573       0.000       250.7       0.000    
   69400   21.98      0.2805E-03 SHELL       1952  -1.1%   6016.       41.87      0.2955E-01 -0.1573       0.000       250.7       0.000    
     ANIMATION FILE: combineA045 WRITTEN
   69500   22.00      0.2805E-03 SHELL       1952  -1.1%   6016.       41.87      0.2017E-01 -0.1573       0.000       250.7       0.000    
   69600   22.03      0.2805E-03 SHELL       1952  -1.1%   6016.       41.87      0.2269E-01 -0.1573       0.000       250.7       0.000    
   69700   22.06      0.2805E-03 SHELL       1952  -1.1%   6016.       41.87      0.2962E-01 -0.1573       0.000       250.7       0.000    
   69800   22.09      0.2805E-03 SHELL       1952  -1.1%   6016.       41.87      0.2621E-01 -0.1573       0.000       250.7       0.000    
   69900   22.12      0.2805E-03 SHELL       1952  -1.1%   6016.       41.87      0.2335E-01 -0.1573       0.000       250.7       0.000    
   70000   22.14      0.2805E-03 SHELL       1952  -1.1%   6016.       41.87      0.2756E-01 -0.1573       0.000       250.7       0.000    
   70100   22.17      0.2805E-03 SHELL       1952  -1.1%   6016.       41.87      0.2809E-01 -0.1573       0.000       250.7       0.000    
   70200   22.20      0.2805E-03 SHELL       1952  -1.1%   6016.       41.87      0.2148E-01 -0.1573       0.000       250.7       0.000    
   70300   22.23      0.2805E-03 SHELL       1952  -1.1%   6016.       41.87      0.2491E-01 -0.1573       0.000       250.7       0.000    
   70400   22.26      0.2805E-03 SHELL       1952  -1.1%   6016.       41.87      0.2993E-01 -0.1573       0.000       250.7       0.000    
   70500   22.28      0.2805E-03 SHELL       1952  -1.1%   6016.       41.87      0.2647E-01 -0.1573       0.000       250.7       0.000    
   70600   22.31      0.2805E-03 SHELL       1952  -1.1%   6016.       41.87      0.2573E-01 -0.1573       0.000       250.7       0.000    
   70700   22.34      0.2805E-03 SHELL       1952  -1.1%   6016.       41.87      0.2663E-01 -0.1573       0.000       250.7       0.000    
   70800   22.37      0.2805E-03 SHELL       1952  -1.1%   6016.       41.87      0.2657E-01 -0.1573       0.000       250.7       0.000    
   70900   22.40      0.2805E-03 SHELL       1952  -1.1%   6016.       41.87      0.2339E-01 -0.1573       0.000       250.7       0.000    
   71000   22.42      0.2805E-03 SHELL       1952  -1.1%   6016.       41.87      0.2349E-01 -0.1573       0.000       250.7       0.000    
   71100   22.45      0.2805E-03 SHELL       1952  -1.1%   6016.       41.87      0.2931E-01 -0.1573       0.000       250.7       0.000    
   71200   22.48      0.2805E-03 SHELL       1952  -1.1%   6016.       41.87      0.2789E-01 -0.1573       0.000       250.7       0.000    
     ANIMATION FILE: combineA046 WRITTEN
   71300   22.51      0.2805E-03 SHELL       1952  -1.1%   6016.       41.87      0.2656E-01 -0.1573       0.000       250.7       0.000    
   71400   22.54      0.2805E-03 SHELL       1952  -1.1%   6016.       41.87      0.2819E-01 -0.1573       0.000       250.7       0.000    
   CYCLE    TIME      TIME-STEP  ELEMENT          ERROR  I-ENERGY    K-ENERGY T  K-ENERGY R  EXT-WORK     MAS.ERR     TOTAL MASS  MASS ADDED
   71500   22.56      0.2805E-03 SHELL       1952  -1.1%   6016.       41.87      0.3102E-01 -0.1573       0.000       250.7       0.000    
   71600   22.59      0.2805E-03 SHELL       1952  -1.1%   6016.       41.87      0.2796E-01 -0.1573       0.000       250.7       0.000    
   71700   22.62      0.2805E-03 SHELL       1952  -1.1%   6016.       41.87      0.2567E-01 -0.1573       0.000       250.7       0.000    
   71800   22.65      0.2805E-03 SHELL       1952  -1.1%   6016.       41.87      0.3214E-01 -0.1573       0.000       250.7       0.000    
   71900   22.68      0.2805E-03 SHELL       1952  -1.1%   6016.       41.87      0.2974E-01 -0.1573       0.000       250.7       0.000    
   72000   22.70      0.2805E-03 SHELL       1952  -1.1%   6016.       41.87      0.2618E-01 -0.1573       0.000       250.7       0.000    
   72100   22.73      0.2805E-03 SHELL       1952  -1.1%   6016.       41.87      0.3003E-01 -0.1573       0.000       250.7       0.000    
   72200   22.76      0.2805E-03 SHELL       1952  -1.1%   6016.       41.87      0.3023E-01 -0.1573       0.000       250.7       0.000    
   72300   22.79      0.2805E-03 SHELL       1952  -1.1%   6016.       41.87      0.2456E-01 -0.1573       0.000       250.7       0.000    
   72400   22.82      0.2805E-03 SHELL       1952  -1.1%   6016.       41.87      0.2283E-01 -0.1573       0.000       250.7       0.000    
   72500   22.84      0.2805E-03 SHELL       1952  -1.1%   6016.       41.87      0.2793E-01 -0.1573       0.000       250.7       0.000    
   72600   22.87      0.2805E-03 SHELL       1952  -1.1%   6016.       41.87      0.2392E-01 -0.1573       0.000       250.7       0.000    
   72700   22.90      0.2805E-03 SHELL       1952  -1.1%   6016.       41.87      0.2218E-01 -0.1573       0.000       250.7       0.000    
   72800   22.93      0.2805E-03 SHELL       1952  -1.1%   6016.       41.87      0.2693E-01 -0.1573       0.000       250.7       0.000    
   72900   22.96      0.2805E-03 SHELL       1952  -1.1%   6016.       41.87      0.2324E-01 -0.1573       0.000       250.7       0.000    
   73000   22.99      0.2805E-03 SHELL       1952  -1.1%   6016.       41.87      0.1977E-01 -0.1573       0.000       250.7       0.000    
     ANIMATION FILE: combineA047 WRITTEN
   73100   23.01      0.2805E-03 SHELL       1952  -1.1%   6016.       41.87      0.2012E-01 -0.1573       0.000       250.7       0.000    
   73200   23.04      0.2805E-03 SHELL       1952  -1.1%   6016.       41.87      0.2291E-01 -0.1573       0.000       250.7       0.000    
   73300   23.07      0.2805E-03 SHELL       1952  -1.1%   6016.       41.87      0.2289E-01 -0.1573       0.000       250.7       0.000    
   73400   23.10      0.2805E-03 SHELL       1952  -1.1%   6016.       41.87      0.2304E-01 -0.1573       0.000       250.7       0.000    
   73500   23.13      0.2805E-03 SHELL       1952  -1.1%   6016.       41.87      0.2568E-01 -0.1573       0.000       250.7       0.000    
   73600   23.15      0.2805E-03 SHELL       1952  -1.1%   6016.       41.87      0.2528E-01 -0.1573       0.000       250.7       0.000    
   73700   23.18      0.2805E-03 SHELL       1952  -1.1%   6016.       41.87      0.2534E-01 -0.1573       0.000       250.7       0.000    
   73800   23.21      0.2805E-03 SHELL       1952  -1.1%   6016.       41.87      0.2272E-01 -0.1573       0.000       250.7       0.000    
   73900   23.24      0.2805E-03 SHELL       1952  -1.1%   6016.       41.87      0.2361E-01 -0.1573       0.000       250.7       0.000    
   74000   23.27      0.2805E-03 SHELL       1952  -1.1%   6016.       41.87      0.2549E-01 -0.1573       0.000       250.7       0.000    
   74100   23.29      0.2805E-03 SHELL       1952  -1.1%   6016.       41.87      0.2158E-01 -0.1573       0.000       250.7       0.000    
   74200   23.32      0.2805E-03 SHELL       1952  -1.1%   6016.       41.87      0.2362E-01 -0.1573       0.000       250.7       0.000    
   74300   23.35      0.2805E-03 SHELL       1952  -1.1%   6016.       41.87      0.2609E-01 -0.1573       0.000       250.7       0.000    
   74400   23.38      0.2805E-03 SHELL       1952  -1.1%   6016.       41.87      0.2346E-01 -0.1573       0.000       250.7       0.000    
   74500   23.41      0.2805E-03 SHELL       1952  -1.1%   6016.       41.87      0.2168E-01 -0.1573       0.000       250.7       0.000    
   74600   23.43      0.2805E-03 SHELL       1952  -1.1%   6016.       41.87      0.2450E-01 -0.1573       0.000       250.7       0.000    
   74700   23.46      0.2805E-03 SHELL       1952  -1.1%   6016.       41.87      0.2558E-01 -0.1573       0.000       250.7       0.000    
   74800   23.49      0.2805E-03 SHELL       1952  -1.1%   6016.       41.87      0.2224E-01 -0.1573       0.000       250.7       0.000    
     ANIMATION FILE: combineA048 WRITTEN
   74900   23.52      0.2805E-03 SHELL       1952  -1.1%   6016.       41.87      0.2739E-01 -0.1573       0.000       250.7       0.000    
   75000   23.55      0.2805E-03 SHELL       1952  -1.1%   6016.       41.87      0.2951E-01 -0.1573       0.000       250.7       0.000    
   75100   23.57      0.2805E-03 SHELL       1952  -1.1%   6016.       41.87      0.2554E-01 -0.1573       0.000       250.7       0.000    
   75200   23.60      0.2805E-03 SHELL       1952  -1.1%   6016.       41.87      0.2581E-01 -0.1573       0.000       250.7       0.000    
   75300   23.63      0.2805E-03 SHELL       1952  -1.1%   6016.       41.87      0.2568E-01 -0.1573       0.000       250.7       0.000    
   75400   23.66      0.2805E-03 SHELL       1952  -1.1%   6016.       41.87      0.2552E-01 -0.1573       0.000       250.7       0.000    
   75500   23.69      0.2805E-03 SHELL       1952  -1.1%   6016.       41.87      0.2668E-01 -0.1573       0.000       250.7       0.000    
   75600   23.71      0.2805E-03 SHELL       1952  -1.1%   6016.       41.87      0.2909E-01 -0.1573       0.000       250.7       0.000    
   75700   23.74      0.2805E-03 SHELL       1952  -1.1%   6016.       41.87      0.2899E-01 -0.1573       0.000       250.7       0.000    
   75800   23.77      0.2805E-03 SHELL       1952  -1.1%   6016.       41.87      0.2856E-01 -0.1573       0.000       250.7       0.000    
   75900   23.80      0.2805E-03 SHELL       1952  -1.1%   6016.       41.87      0.2925E-01 -0.1573       0.000       250.7       0.000    
   76000   23.83      0.2805E-03 SHELL       1952  -1.1%   6016.       41.87      0.2494E-01 -0.1573       0.000       250.7       0.000    
   76100   23.85      0.2805E-03 SHELL       1952  -1.1%   6016.       41.87      0.2574E-01 -0.1573       0.000       250.7       0.000    
   76200   23.88      0.2805E-03 SHELL       1952  -1.1%   6016.       41.87      0.2705E-01 -0.1573       0.000       250.7       0.000    
   76300   23.91      0.2805E-03 SHELL       1952  -1.1%   6016.       41.87      0.2257E-01 -0.1573       0.000       250.7       0.000    
   76400   23.94      0.2805E-03 SHELL       1952  -1.1%   6016.       41.87      0.2480E-01 -0.1573       0.000       250.7       0.000    
   76500   23.97      0.2805E-03 SHELL       1952  -1.1%   6016.       41.87      0.2754E-01 -0.1573       0.000       250.7       0.000    
   76600   23.99      0.2805E-03 SHELL       1952  -1.1%   6016.       41.87      0.2488E-01 -0.1573       0.000       250.7       0.000    
     ANIMATION FILE: combineA049 WRITTEN
   76700   24.02      0.2805E-03 SHELL       1952  -1.1%   6016.       41.87      0.2125E-01 -0.1573       0.000       250.7       0.000    
   76800   24.05      0.2805E-03 SHELL       1952  -1.1%   6016.       41.87      0.2397E-01 -0.1573       0.000       250.7       0.000    
   76900   24.08      0.2805E-03 SHELL       1952  -1.1%   6016.       41.87      0.2348E-01 -0.1573       0.000       250.7       0.000    
   CYCLE    TIME      TIME-STEP  ELEMENT          ERROR  I-ENERGY    K-ENERGY T  K-ENERGY R  EXT-WORK     MAS.ERR     TOTAL MASS  MASS ADDED
   77000   24.11      0.2805E-03 SHELL       1952  -1.1%   6016.       41.87      0.1943E-01 -0.1573       0.000       250.7       0.000    
   77100   24.14      0.2805E-03 SHELL       1952  -1.1%   6016.       41.87      0.2467E-01 -0.1573       0.000       250.7       0.000    
   77200   24.16      0.2805E-03 SHELL       1952  -1.1%   6016.       41.87      0.2651E-01 -0.1573       0.000       250.7       0.000    
   77300   24.19      0.2805E-03 SHELL       1952  -1.1%   6016.       41.87      0.2407E-01 -0.1573       0.000       250.7       0.000    
   77400   24.22      0.2805E-03 SHELL       1952  -1.1%   6016.       41.87      0.2300E-01 -0.1573       0.000       250.7       0.000    
   77500   24.25      0.2805E-03 SHELL       1952  -1.1%   6016.       41.87      0.2284E-01 -0.1573       0.000       250.7       0.000    
   77600   24.28      0.2805E-03 SHELL       1952  -1.1%   6016.       41.87      0.2400E-01 -0.1573       0.000       250.7       0.000    
   77700   24.30      0.2805E-03 SHELL       1952  -1.1%   6016.       41.87      0.2210E-01 -0.1573       0.000       250.7       0.000    
   77800   24.33      0.2805E-03 SHELL       1952  -1.1%   6016.       41.87      0.2296E-01 -0.1573       0.000       250.7       0.000    
   77900   24.36      0.2805E-03 SHELL       1952  -1.1%   6016.       41.87      0.2601E-01 -0.1573       0.000       250.7       0.000    
   78000   24.39      0.2805E-03 SHELL       1952  -1.1%   6016.       41.87      0.2688E-01 -0.1573       0.000       250.7       0.000    
   78100   24.42      0.2805E-03 SHELL       1952  -1.1%   6016.       41.87      0.2359E-01 -0.1573       0.000       250.7       0.000    
   78200   24.44      0.2805E-03 SHELL       1952  -1.1%   6016.       41.87      0.2189E-01 -0.1573       0.000       250.7       0.000    
   78300   24.47      0.2805E-03 SHELL       1952  -1.1%   6016.       41.87      0.2650E-01 -0.1573       0.000       250.7       0.000    
   78400   24.50      0.2805E-03 SHELL       1952  -1.1%   6016.       41.87      0.2171E-01 -0.1573       0.000       250.7       0.000    
     ANIMATION FILE: combineA050 WRITTEN
   78500   24.53      0.2805E-03 SHELL       1952  -1.1%   6016.       41.87      0.1866E-01 -0.1573       0.000       250.7       0.000    
   78600   24.56      0.2805E-03 SHELL       1952  -1.1%   6016.       41.87      0.2567E-01 -0.1573       0.000       250.7       0.000    
   78700   24.58      0.2805E-03 SHELL       1952  -1.1%   6016.       41.87      0.2564E-01 -0.1573       0.000       250.7       0.000    
   78800   24.61      0.2805E-03 SHELL       1952  -1.1%   6016.       41.87      0.2035E-01 -0.1573       0.000       250.7       0.000    
   78900   24.64      0.2805E-03 SHELL       1952  -1.1%   6016.       41.87      0.2248E-01 -0.1573       0.000       250.7       0.000    
   79000   24.67      0.2805E-03 SHELL       1952  -1.1%   6016.       41.87      0.2794E-01 -0.1573       0.000       250.7       0.000    
   79100   24.70      0.2805E-03 SHELL       1952  -1.1%   6016.       41.87      0.2162E-01 -0.1573       0.000       250.7       0.000    
   79200   24.72      0.2805E-03 SHELL       1952  -1.1%   6016.       41.87      0.1996E-01 -0.1573       0.000       250.7       0.000    
   79300   24.75      0.2805E-03 SHELL       1952  -1.1%   6016.       41.87      0.2910E-01 -0.1573       0.000       250.7       0.000    
   79400   24.78      0.2805E-03 SHELL       1952  -1.1%   6016.       41.87      0.2850E-01 -0.1573       0.000       250.7       0.000    
   79500   24.81      0.2805E-03 SHELL       1952  -1.1%   6016.       41.87      0.2408E-01 -0.1573       0.000       250.7       0.000    
   79600   24.84      0.2805E-03 SHELL       1952  -1.1%   6016.       41.87      0.2610E-01 -0.1573       0.000       250.7       0.000    
   79700   24.86      0.2805E-03 SHELL       1952  -1.1%   6016.       41.87      0.2899E-01 -0.1573       0.000       250.7       0.000    
   79800   24.89      0.2805E-03 SHELL       1952  -1.1%   6016.       41.87      0.2549E-01 -0.1573       0.000       250.7       0.000    
   79900   24.92      0.2805E-03 SHELL       1952  -1.1%   6016.       41.87      0.2246E-01 -0.1573       0.000       250.7       0.000    
   80000   24.95      0.2805E-03 SHELL       1952  -1.1%   6016.       41.87      0.2842E-01 -0.1573       0.000       250.7       0.000    
   80100   24.98      0.2805E-03 SHELL       1952  -1.1%   6016.       41.87      0.3001E-01 -0.1573       0.000       250.7       0.000    
     ANIMATION FILE: combineA051 WRITTEN
   80200   25.00      0.2805E-03 SHELL       1952  -1.1%   6016.       41.87      0.2692E-01 -0.1573       0.000       250.7       0.000    
   80300   25.03      0.2805E-03 SHELL       1952  -1.1%   6016.       41.87      0.2630E-01 -0.1573       0.000       250.7       0.000    
   80400   25.06      0.2805E-03 SHELL       1952  -1.1%   6016.       41.87      0.2948E-01 -0.1573       0.000       250.7       0.000    
   80500   25.09      0.2805E-03 SHELL       1952  -1.1%   6016.       41.87      0.2748E-01 -0.1573       0.000       250.7       0.000    
   80600   25.12      0.2805E-03 SHELL       1952  -1.1%   6016.       41.87      0.1976E-01 -0.1573       0.000       250.7       0.000    
   80700   25.14      0.2805E-03 SHELL       1952  -1.1%   6016.       41.87      0.2416E-01 -0.1573       0.000       250.7       0.000    
   80800   25.17      0.2805E-03 SHELL       1952  -1.1%   6016.       41.87      0.2821E-01 -0.1573       0.000       250.7       0.000    
   80900   25.20      0.2805E-03 SHELL       1952  -1.1%   6016.       41.87      0.2134E-01 -0.1573       0.000       250.7       0.000    
   81000   25.23      0.2805E-03 SHELL       1952  -1.1%   6016.       41.87      0.1996E-01 -0.1573       0.000       250.7       0.000    
   81100   25.26      0.2805E-03 SHELL       1952  -1.1%   6016.       41.87      0.2574E-01 -0.1573       0.000       250.7       0.000    
   81200   25.29      0.2805E-03 SHELL       1952  -1.1%   6016.       41.87      0.2402E-01 -0.1573       0.000       250.7       0.000    
   81300   25.31      0.2805E-03 SHELL       1952  -1.1%   6016.       41.87      0.1627E-01 -0.1573       0.000       250.7       0.000    
   81400   25.34      0.2805E-03 SHELL       1952  -1.1%   6016.       41.87      0.2132E-01 -0.1573       0.000       250.7       0.000    
   81500   25.37      0.2805E-03 SHELL       1952  -1.1%   6016.       41.87      0.2598E-01 -0.1573       0.000       250.7       0.000    
   81600   25.40      0.2805E-03 SHELL       1952  -1.1%   6016.       41.87      0.2060E-01 -0.1573       0.000       250.7       0.000    
   81700   25.43      0.2805E-03 SHELL       1952  -1.1%   6016.       41.87      0.2190E-01 -0.1573       0.000       250.7       0.000    
   81800   25.45      0.2805E-03 SHELL       1952  -1.1%   6016.       41.87      0.2525E-01 -0.1573       0.000       250.7       0.000    
   81900   25.48      0.2805E-03 SHELL       1952  -1.1%   6016.       41.87      0.2265E-01 -0.1573       0.000       250.7       0.000    
     ANIMATION FILE: combineA052 WRITTEN
   82000   25.51      0.2805E-03 SHELL       1952  -1.1%   6016.       41.87      0.1852E-01 -0.1573       0.000       250.7       0.000    
   82100   25.54      0.2805E-03 SHELL       1952  -1.1%   6016.       41.87      0.2111E-01 -0.1573       0.000       250.7       0.000    
   82200   25.57      0.2805E-03 SHELL       1952  -1.1%   6016.       41.87      0.2500E-01 -0.1573       0.000       250.7       0.000    
   82300   25.59      0.2805E-03 SHELL       1952  -1.1%   6016.       41.87      0.2332E-01 -0.1573       0.000       250.7       0.000    
   82400   25.62      0.2805E-03 SHELL       1952  -1.1%   6016.       41.87      0.2429E-01 -0.1573       0.000       250.7       0.000    
   CYCLE    TIME      TIME-STEP  ELEMENT          ERROR  I-ENERGY    K-ENERGY T  K-ENERGY R  EXT-WORK     MAS.ERR     TOTAL MASS  MASS ADDED
   82500   25.65      0.2805E-03 SHELL       1952  -1.1%   6016.       41.87      0.2623E-01 -0.1573       0.000       250.7       0.000    
   82600   25.68      0.2805E-03 SHELL       1952  -1.1%   6016.       41.87      0.2690E-01 -0.1573       0.000       250.7       0.000    
   82700   25.71      0.2805E-03 SHELL       1952  -1.1%   6016.       41.87      0.2378E-01 -0.1573       0.000       250.7       0.000    
   82800   25.73      0.2805E-03 SHELL       1952  -1.1%   6016.       41.87      0.2115E-01 -0.1573       0.000       250.7       0.000    
   82900   25.76      0.2805E-03 SHELL       1952  -1.1%   6016.       41.87      0.2485E-01 -0.1573       0.000       250.7       0.000    
   83000   25.79      0.2805E-03 SHELL       1952  -1.1%   6016.       41.87      0.2329E-01 -0.1573       0.000       250.7       0.000    
   83100   25.82      0.2805E-03 SHELL       1952  -1.1%   6016.       41.87      0.2007E-01 -0.1573       0.000       250.7       0.000    
   83200   25.85      0.2805E-03 SHELL       1952  -1.1%   6016.       41.87      0.2245E-01 -0.1573       0.000       250.7       0.000    
   83300   25.87      0.2805E-03 SHELL       1952  -1.1%   6016.       41.87      0.2467E-01 -0.1573       0.000       250.7       0.000    
   83400   25.90      0.2805E-03 SHELL       1952  -1.1%   6016.       41.87      0.2157E-01 -0.1573       0.000       250.7       0.000    
   83500   25.93      0.2805E-03 SHELL       1952  -1.1%   6016.       41.87      0.1899E-01 -0.1573       0.000       250.7       0.000    
   83600   25.96      0.2805E-03 SHELL       1952  -1.1%   6016.       41.87      0.2398E-01 -0.1573       0.000       250.7       0.000    
   83700   25.99      0.2805E-03 SHELL       1952  -1.1%   6016.       41.87      0.2334E-01 -0.1573       0.000       250.7       0.000    
     ANIMATION FILE: combineA053 WRITTEN
   83800   26.01      0.2805E-03 SHELL       1952  -1.1%   6016.       41.87      0.2198E-01 -0.1573       0.000       250.7       0.000    
   83900   26.04      0.2805E-03 SHELL       1952  -1.1%   6016.       41.87      0.2550E-01 -0.1573       0.000       250.7       0.000    
   84000   26.07      0.2805E-03 SHELL       1952  -1.1%   6016.       41.87      0.2561E-01 -0.1573       0.000       250.7       0.000    
   84100   26.10      0.2805E-03 SHELL       1952  -1.1%   6016.       41.87      0.2399E-01 -0.1573       0.000       250.7       0.000    
   84200   26.13      0.2805E-03 SHELL       1952  -1.1%   6016.       41.87      0.2245E-01 -0.1573       0.000       250.7       0.000    
   84300   26.15      0.2805E-03 SHELL       1952  -1.1%   6016.       41.87      0.2375E-01 -0.1573       0.000       250.7       0.000    
   84400   26.18      0.2805E-03 SHELL       1952  -1.1%   6016.       41.87      0.2426E-01 -0.1573       0.000       250.7       0.000    
   84500   26.21      0.2805E-03 SHELL       1952  -1.1%   6016.       41.87      0.2524E-01 -0.1573       0.000       250.7       0.000    
   84600   26.24      0.2805E-03 SHELL       1952  -1.1%   6016.       41.87      0.2662E-01 -0.1573       0.000       250.7       0.000    
   84700   26.27      0.2805E-03 SHELL       1952  -1.1%   6016.       41.87      0.2642E-01 -0.1573       0.000       250.7       0.000    
   84800   26.29      0.2805E-03 SHELL       1952  -1.1%   6016.       41.87      0.2754E-01 -0.1573       0.000       250.7       0.000    
   84900   26.32      0.2805E-03 SHELL       1952  -1.1%   6016.       41.87      0.2448E-01 -0.1573       0.000       250.7       0.000    
   85000   26.35      0.2805E-03 SHELL       1952  -1.1%   6016.       41.87      0.2239E-01 -0.1573       0.000       250.7       0.000    
   85100   26.38      0.2805E-03 SHELL       1952  -1.1%   6016.       41.87      0.2582E-01 -0.1573       0.000       250.7       0.000    
   85200   26.41      0.2805E-03 SHELL       1952  -1.1%   6016.       41.87      0.2498E-01 -0.1573       0.000       250.7       0.000    
   85300   26.43      0.2805E-03 SHELL       1952  -1.1%   6016.       41.87      0.2271E-01 -0.1573       0.000       250.7       0.000    
   85400   26.46      0.2805E-03 SHELL       1952  -1.1%   6016.       41.87      0.2464E-01 -0.1573       0.000       250.7       0.000    
   85500   26.49      0.2805E-03 SHELL       1952  -1.1%   6016.       41.87      0.2742E-01 -0.1573       0.000       250.7       0.000    
     ANIMATION FILE: combineA054 WRITTEN
   85600   26.52      0.2805E-03 SHELL       1952  -1.1%   6016.       41.87      0.2391E-01 -0.1573       0.000       250.7       0.000    
   85700   26.55      0.2805E-03 SHELL       1952  -1.1%   6016.       41.87      0.2203E-01 -0.1573       0.000       250.7       0.000    
   85800   26.58      0.2805E-03 SHELL       1952  -1.1%   6016.       41.87      0.2639E-01 -0.1573       0.000       250.7       0.000    
   85900   26.60      0.2805E-03 SHELL       1952  -1.1%   6016.       41.87      0.2459E-01 -0.1573       0.000       250.7       0.000    
   86000   26.63      0.2805E-03 SHELL       1952  -1.1%   6016.       41.87      0.2323E-01 -0.1573       0.000       250.7       0.000    
   86100   26.66      0.2805E-03 SHELL       1952  -1.1%   6016.       41.87      0.2553E-01 -0.1573       0.000       250.7       0.000    
   86200   26.69      0.2805E-03 SHELL       1952  -1.1%   6016.       41.87      0.2593E-01 -0.1573       0.000       250.7       0.000    
   86300   26.72      0.2805E-03 SHELL       1952  -1.1%   6016.       41.87      0.2374E-01 -0.1573       0.000       250.7       0.000    
   86400   26.74      0.2805E-03 SHELL       1952  -1.1%   6016.       41.87      0.2146E-01 -0.1573       0.000       250.7       0.000    
   86500   26.77      0.2805E-03 SHELL       1952  -1.1%   6016.       41.87      0.2346E-01 -0.1573       0.000       250.7       0.000    
   86600   26.80      0.2805E-03 SHELL       1952  -1.1%   6016.       41.87      0.2354E-01 -0.1573       0.000       250.7       0.000    
   86700   26.83      0.2805E-03 SHELL       1952  -1.1%   6016.       41.87      0.2297E-01 -0.1573       0.000       250.7       0.000    
   86800   26.86      0.2805E-03 SHELL       1952  -1.1%   6016.       41.87      0.2428E-01 -0.1573       0.000       250.7       0.000    
   86900   26.88      0.2805E-03 SHELL       1952  -1.1%   6016.       41.87      0.2663E-01 -0.1573       0.000       250.7       0.000    
   87000   26.91      0.2805E-03 SHELL       1952  -1.1%   6016.       41.87      0.2688E-01 -0.1573       0.000       250.7       0.000    
   87100   26.94      0.2805E-03 SHELL       1952  -1.1%   6016.       41.87      0.2209E-01 -0.1573       0.000       250.7       0.000    
   87200   26.97      0.2805E-03 SHELL       1952  -1.1%   6016.       41.87      0.2338E-01 -0.1573       0.000       250.7       0.000    
   87300   27.00      0.2805E-03 SHELL       1952  -1.1%   6016.       41.87      0.2579E-01 -0.1573       0.000       250.7       0.000    
     ANIMATION FILE: combineA055 WRITTEN
   87400   27.02      0.2805E-03 SHELL       1952  -1.1%   6016.       41.87      0.2160E-01 -0.1573       0.000       250.7       0.000    
   87500   27.05      0.2805E-03 SHELL       1952  -1.1%   6016.       41.87      0.2168E-01 -0.1573       0.000       250.7       0.000    
   87600   27.08      0.2805E-03 SHELL       1952  -1.1%   6016.       41.87      0.2563E-01 -0.1573       0.000       250.7       0.000    
   87700   27.11      0.2805E-03 SHELL       1952  -1.1%   6016.       41.87      0.2420E-01 -0.1573       0.000       250.7       0.000    
   87800   27.14      0.2805E-03 SHELL       1952  -1.1%   6016.       41.87      0.1848E-01 -0.1573       0.000       250.7       0.000    
   87900   27.16      0.2805E-03 SHELL       1952  -1.1%   6016.       41.87      0.2113E-01 -0.1573       0.000       250.7       0.000    
   CYCLE    TIME      TIME-STEP  ELEMENT          ERROR  I-ENERGY    K-ENERGY T  K-ENERGY R  EXT-WORK     MAS.ERR     TOTAL MASS  MASS ADDED
   88000   27.19      0.2805E-03 SHELL       1952  -1.1%   6016.       41.87      0.2310E-01 -0.1573       0.000       250.7       0.000    
   88100   27.22      0.2805E-03 SHELL       1952  -1.1%   6016.       41.87      0.1744E-01 -0.1573       0.000       250.7       0.000    
   88200   27.25      0.2805E-03 SHELL       1952  -1.1%   6016.       41.87      0.1990E-01 -0.1573       0.000       250.7       0.000    
   88300   27.28      0.2805E-03 SHELL       1952  -1.1%   6016.       41.87      0.2418E-01 -0.1573       0.000       250.7       0.000    
   88400   27.30      0.2805E-03 SHELL       1952  -1.1%   6016.       41.87      0.2201E-01 -0.1573       0.000       250.7       0.000    
   88500   27.33      0.2805E-03 SHELL       1952  -1.1%   6016.       41.87      0.2003E-01 -0.1573       0.000       250.7       0.000    
   88600   27.36      0.2805E-03 SHELL       1952  -1.1%   6016.       41.87      0.2273E-01 -0.1573       0.000       250.7       0.000    
   88700   27.39      0.2805E-03 SHELL       1952  -1.1%   6016.       41.87      0.2371E-01 -0.1573       0.000       250.7       0.000    
   88800   27.42      0.2805E-03 SHELL       1952  -1.1%   6016.       41.87      0.2008E-01 -0.1573       0.000       250.7       0.000    
   88900   27.44      0.2805E-03 SHELL       1952  -1.1%   6016.       41.87      0.2282E-01 -0.1573       0.000       250.7       0.000    
   89000   27.47      0.2805E-03 SHELL       1952  -1.1%   6016.       41.87      0.2633E-01 -0.1573       0.000       250.7       0.000    
     ANIMATION FILE: combineA056 WRITTEN
   89100   27.50      0.2805E-03 SHELL       1952  -1.1%   6016.       41.87      0.2651E-01 -0.1573       0.000       250.7       0.000    
   89200   27.53      0.2805E-03 SHELL       1952  -1.1%   6016.       41.87      0.2560E-01 -0.1573       0.000       250.7       0.000    
   89300   27.56      0.2805E-03 SHELL       1952  -1.1%   6016.       41.87      0.2557E-01 -0.1573       0.000       250.7       0.000    
   89400   27.58      0.2805E-03 SHELL       1952  -1.1%   6016.       41.87      0.2746E-01 -0.1573       0.000       250.7       0.000    
   89500   27.61      0.2805E-03 SHELL       1952  -1.1%   6016.       41.87      0.2460E-01 -0.1573       0.000       250.7       0.000    
   89600   27.64      0.2805E-03 SHELL       1952  -1.1%   6016.       41.87      0.2346E-01 -0.1573       0.000       250.7       0.000    
   89700   27.67      0.2805E-03 SHELL       1952  -1.1%   6016.       41.87      0.2683E-01 -0.1573       0.000       250.7       0.000    
   89800   27.70      0.2805E-03 SHELL       1952  -1.1%   6016.       41.87      0.2630E-01 -0.1573       0.000       250.7       0.000    
   89900   27.73      0.2805E-03 SHELL       1952  -1.1%   6016.       41.87      0.2282E-01 -0.1573       0.000       250.7       0.000    
   90000   27.75      0.2805E-03 SHELL       1952  -1.1%   6016.       41.87      0.2347E-01 -0.1573       0.000       250.7       0.000    
   90100   27.78      0.2805E-03 SHELL       1952  -1.1%   6016.       41.87      0.2548E-01 -0.1573       0.000       250.7       0.000    
   90200   27.81      0.2805E-03 SHELL       1952  -1.1%   6016.       41.87      0.2007E-01 -0.1573       0.000       250.7       0.000    
   90300   27.84      0.2805E-03 SHELL       1952  -1.1%   6016.       41.87      0.1857E-01 -0.1573       0.000       250.7       0.000    
   90400   27.87      0.2805E-03 SHELL       1952  -1.1%   6016.       41.87      0.2471E-01 -0.1573       0.000       250.7       0.000    
   90500   27.89      0.2805E-03 SHELL       1952  -1.1%   6016.       41.87      0.2305E-01 -0.1573       0.000       250.7       0.000    
   90600   27.92      0.2805E-03 SHELL       1952  -1.1%   6016.       41.87      0.2069E-01 -0.1573       0.000       250.7       0.000    
   90700   27.95      0.2805E-03 SHELL       1952  -1.1%   6016.       41.87      0.2442E-01 -0.1573       0.000       250.7       0.000    
   90800   27.98      0.2805E-03 SHELL       1952  -1.1%   6016.       41.87      0.2494E-01 -0.1573       0.000       250.7       0.000    
     ANIMATION FILE: combineA057 WRITTEN
   90900   28.01      0.2805E-03 SHELL       1952  -1.1%   6016.       41.87      0.1995E-01 -0.1573       0.000       250.7       0.000    
   91000   28.03      0.2805E-03 SHELL       1952  -1.1%   6016.       41.87      0.1897E-01 -0.1573       0.000       250.7       0.000    
   91100   28.06      0.2805E-03 SHELL       1952  -1.1%   6016.       41.87      0.2344E-01 -0.1573       0.000       250.7       0.000    
   91200   28.09      0.2805E-03 SHELL       1952  -1.1%   6016.       41.87      0.2169E-01 -0.1573       0.000       250.7       0.000    
   91300   28.12      0.2805E-03 SHELL       1952  -1.1%   6016.       41.87      0.2130E-01 -0.1573       0.000       250.7       0.000    
   91400   28.15      0.2805E-03 SHELL       1952  -1.1%   6016.       41.87      0.2360E-01 -0.1573       0.000       250.7       0.000    
   91500   28.17      0.2805E-03 SHELL       1952  -1.1%   6016.       41.87      0.2266E-01 -0.1573       0.000       250.7       0.000    
   91600   28.20      0.2805E-03 SHELL       1952  -1.1%   6016.       41.87      0.2017E-01 -0.1573       0.000       250.7       0.000    
   91700   28.23      0.2805E-03 SHELL       1952  -1.1%   6016.       41.87      0.1879E-01 -0.1573       0.000       250.7       0.000    
   91800   28.26      0.2805E-03 SHELL       1952  -1.1%   6016.       41.87      0.2132E-01 -0.1573       0.000       250.7       0.000    
   91900   28.29      0.2805E-03 SHELL       1952  -1.1%   6016.       41.87      0.2059E-01 -0.1573       0.000       250.7       0.000    
   92000   28.31      0.2805E-03 SHELL       1952  -1.1%   6016.       41.87      0.1854E-01 -0.1573       0.000       250.7       0.000    
   92100   28.34      0.2805E-03 SHELL       1952  -1.1%   6016.       41.87      0.2048E-01 -0.1573       0.000       250.7       0.000    
   92200   28.37      0.2805E-03 SHELL       1952  -1.1%   6016.       41.87      0.2261E-01 -0.1573       0.000       250.7       0.000    
   92300   28.40      0.2805E-03 SHELL       1952  -1.1%   6016.       41.87      0.2098E-01 -0.1573       0.000       250.7       0.000    
   92400   28.43      0.2805E-03 SHELL       1952  -1.1%   6016.       41.87      0.1812E-01 -0.1573       0.000       250.7       0.000    
   92500   28.45      0.2805E-03 SHELL       1952  -1.1%   6016.       41.87      0.2160E-01 -0.1573       0.000       250.7       0.000    
   92600   28.48      0.2805E-03 SHELL       1952  -1.1%   6016.       41.87      0.2323E-01 -0.1573       0.000       250.7       0.000    
     ANIMATION FILE: combineA058 WRITTEN
   92700   28.51      0.2805E-03 SHELL       1952  -1.1%   6016.       41.87      0.2060E-01 -0.1573       0.000       250.7       0.000    
   92800   28.54      0.2805E-03 SHELL       1952  -1.1%   6016.       41.87      0.2461E-01 -0.1573       0.000       250.7       0.000    
   92900   28.57      0.2805E-03 SHELL       1952  -1.1%   6016.       41.87      0.2818E-01 -0.1573       0.000       250.7       0.000    
   93000   28.59      0.2805E-03 SHELL       1952  -1.1%   6016.       41.87      0.2613E-01 -0.1573       0.000       250.7       0.000    
   93100   28.62      0.2805E-03 SHELL       1952  -1.1%   6016.       41.87      0.2443E-01 -0.1573       0.000       250.7       0.000    
   93200   28.65      0.2805E-03 SHELL       1952  -1.1%   6016.       41.87      0.2683E-01 -0.1573       0.000       250.7       0.000    
   93300   28.68      0.2805E-03 SHELL       1952  -1.1%   6016.       41.87      0.2702E-01 -0.1573       0.000       250.7       0.000    
   93400   28.71      0.2805E-03 SHELL       1952  -1.1%   6016.       41.87      0.2508E-01 -0.1573       0.000       250.7       0.000    
   CYCLE    TIME      TIME-STEP  ELEMENT          ERROR  I-ENERGY    K-ENERGY T  K-ENERGY R  EXT-WORK     MAS.ERR     TOTAL MASS  MASS ADDED
   93500   28.73      0.2805E-03 SHELL       1952  -1.1%   6016.       41.87      0.2827E-01 -0.1573       0.000       250.7       0.000    
   93600   28.76      0.2805E-03 SHELL       1952  -1.1%   6016.       41.87      0.2871E-01 -0.1573       0.000       250.7       0.000    
   93700   28.79      0.2805E-03 SHELL       1952  -1.1%   6016.       41.87      0.2648E-01 -0.1573       0.000       250.7       0.000    
   93800   28.82      0.2805E-03 SHELL       1952  -1.1%   6016.       41.87      0.2505E-01 -0.1573       0.000       250.7       0.000    
   93900   28.85      0.2805E-03 SHELL       1952  -1.1%   6016.       41.87      0.2343E-01 -0.1573       0.000       250.7       0.000    
   94000   28.88      0.2805E-03 SHELL       1952  -1.1%   6016.       41.87      0.2386E-01 -0.1573       0.000       250.7       0.000    
   94100   28.90      0.2805E-03 SHELL       1952  -1.1%   6016.       41.87      0.2296E-01 -0.1573       0.000       250.7       0.000    
   94200   28.93      0.2805E-03 SHELL       1952  -1.1%   6016.       41.87      0.2293E-01 -0.1573       0.000       250.7       0.000    
   94300   28.96      0.2805E-03 SHELL       1952  -1.1%   6016.       41.87      0.2401E-01 -0.1573       0.000       250.7       0.000    
   94400   28.99      0.2805E-03 SHELL       1952  -1.1%   6016.       41.87      0.2482E-01 -0.1573       0.000       250.7       0.000    
     ANIMATION FILE: combineA059 WRITTEN
   94500   29.02      0.2805E-03 SHELL       1952  -1.1%   6016.       41.87      0.2250E-01 -0.1573       0.000       250.7       0.000    
   94600   29.04      0.2805E-03 SHELL       1952  -1.1%   6016.       41.87      0.2002E-01 -0.1573       0.000       250.7       0.000    
   94700   29.07      0.2805E-03 SHELL       1952  -1.1%   6016.       41.87      0.2255E-01 -0.1573       0.000       250.7       0.000    
   94800   29.10      0.2805E-03 SHELL       1952  -1.1%   6016.       41.87      0.2163E-01 -0.1573       0.000       250.7       0.000    
   94900   29.13      0.2805E-03 SHELL       1952  -1.1%   6016.       41.87      0.2000E-01 -0.1573       0.000       250.7       0.000    
   95000   29.16      0.2805E-03 SHELL       1952  -1.1%   6016.       41.87      0.2324E-01 -0.1573       0.000       250.7       0.000    
   95100   29.18      0.2805E-03 SHELL       1952  -1.1%   6016.       41.87      0.2502E-01 -0.1573       0.000       250.7       0.000    
   95200   29.21      0.2805E-03 SHELL       1952  -1.1%   6016.       41.87      0.2309E-01 -0.1573       0.000       250.7       0.000    
   95300   29.24      0.2805E-03 SHELL       1952  -1.1%   6016.       41.87      0.2100E-01 -0.1573       0.000       250.7       0.000    
   95400   29.27      0.2805E-03 SHELL       1952  -1.1%   6016.       41.87      0.2178E-01 -0.1573       0.000       250.7       0.000    
   95500   29.30      0.2805E-03 SHELL       1952  -1.1%   6016.       41.87      0.2046E-01 -0.1573       0.000       250.7       0.000    
   95600   29.32      0.2805E-03 SHELL       1952  -1.1%   6016.       41.87      0.1798E-01 -0.1573       0.000       250.7       0.000    
   95700   29.35      0.2805E-03 SHELL       1952  -1.1%   6016.       41.87      0.1867E-01 -0.1573       0.000       250.7       0.000    
   95800   29.38      0.2805E-03 SHELL       1952  -1.1%   6016.       41.87      0.1943E-01 -0.1573       0.000       250.7       0.000    
   95900   29.41      0.2805E-03 SHELL       1952  -1.1%   6016.       41.87      0.1957E-01 -0.1573       0.000       250.7       0.000    
   96000   29.44      0.2805E-03 SHELL       1952  -1.1%   6016.       41.87      0.1738E-01 -0.1573       0.000       250.7       0.000    
   96100   29.46      0.2805E-03 SHELL       1952  -1.1%   6016.       41.87      0.1719E-01 -0.1573       0.000       250.7       0.000    
   96200   29.49      0.2805E-03 SHELL       1952  -1.1%   6016.       41.87      0.1978E-01 -0.1573       0.000       250.7       0.000    
     ANIMATION FILE: combineA060 WRITTEN
   96300   29.52      0.2805E-03 SHELL       1952  -1.1%   6016.       41.87      0.1802E-01 -0.1573       0.000       250.7       0.000    
   96400   29.55      0.2805E-03 SHELL       1952  -1.1%   6016.       41.87      0.1820E-01 -0.1573       0.000       250.7       0.000    
   96500   29.58      0.2805E-03 SHELL       1952  -1.1%   6016.       41.87      0.2266E-01 -0.1573       0.000       250.7       0.000    
   96600   29.60      0.2805E-03 SHELL       1952  -1.1%   6016.       41.87      0.2476E-01 -0.1573       0.000       250.7       0.000    
   96700   29.63      0.2805E-03 SHELL       1952  -1.1%   6016.       41.87      0.2064E-01 -0.1573       0.000       250.7       0.000    
   96800   29.66      0.2805E-03 SHELL       1952  -1.1%   6016.       41.87      0.2095E-01 -0.1573       0.000       250.7       0.000    
   96900   29.69      0.2805E-03 SHELL       1952  -1.1%   6016.       41.87      0.2549E-01 -0.1573       0.000       250.7       0.000    
   97000   29.72      0.2805E-03 SHELL       1952  -1.1%   6016.       41.87      0.2198E-01 -0.1573       0.000       250.7       0.000    
   97100   29.74      0.2805E-03 SHELL       1952  -1.1%   6016.       41.87      0.2055E-01 -0.1573       0.000       250.7       0.000    
   97200   29.77      0.2805E-03 SHELL       1952  -1.1%   6016.       41.87      0.2596E-01 -0.1573       0.000       250.7       0.000    
   97300   29.80      0.2805E-03 SHELL       1952  -1.1%   6016.       41.87      0.2704E-01 -0.1573       0.000       250.7       0.000    
   97400   29.83      0.2805E-03 SHELL       1952  -1.1%   6016.       41.87      0.2297E-01 -0.1573       0.000       250.7       0.000    
   97500   29.86      0.2805E-03 SHELL       1952  -1.1%   6016.       41.87      0.2288E-01 -0.1573       0.000       250.7       0.000    
   97600   29.88      0.2805E-03 SHELL       1952  -1.1%   6016.       41.87      0.2530E-01 -0.1573       0.000       250.7       0.000    
   97700   29.91      0.2805E-03 SHELL       1952  -1.1%   6016.       41.87      0.2089E-01 -0.1573       0.000       250.7       0.000    
   97800   29.94      0.2805E-03 SHELL       1952  -1.1%   6016.       41.87      0.1824E-01 -0.1573       0.000       250.7       0.000    
   97900   29.97      0.2805E-03 SHELL       1952  -1.1%   6016.       41.87      0.2218E-01 -0.1573       0.000       250.7       0.000    
   98000   30.00      0.2805E-03 SHELL       1952  -1.1%   6016.       41.87      0.2335E-01 -0.1573       0.000       250.7       0.000    
     ANIMATION FILE: combineA061 WRITTEN
   98100   30.02      0.2805E-03 SHELL       1952  -1.1%   6016.       41.87      0.2042E-01 -0.1573       0.000       250.7       0.000    
   98200   30.05      0.2805E-03 SHELL       1952  -1.1%   6016.       41.87      0.1895E-01 -0.1573       0.000       250.7       0.000    
   98300   30.08      0.2805E-03 SHELL       1952  -1.1%   6016.       41.87      0.2232E-01 -0.1573       0.000       250.7       0.000    
   98400   30.11      0.2805E-03 SHELL       1952  -1.1%   6016.       41.87      0.2122E-01 -0.1573       0.000       250.7       0.000    
   98500   30.14      0.2805E-03 SHELL       1952  -1.1%   6016.       41.87      0.1693E-01 -0.1573       0.000       250.7       0.000    
   98600   30.17      0.2805E-03 SHELL       1952  -1.1%   6016.       41.87      0.2020E-01 -0.1573       0.000       250.7       0.000    
   98700   30.19      0.2805E-03 SHELL       1952  -1.1%   6016.       41.87      0.2363E-01 -0.1573       0.000       250.7       0.000    
   98800   30.22      0.2805E-03 SHELL       1952  -1.1%   6016.       41.87      0.2044E-01 -0.1573       0.000       250.7       0.000    
   98900   30.25      0.2805E-03 SHELL       1952  -1.1%   6016.       41.87      0.1786E-01 -0.1573       0.000       250.7       0.000    
   CYCLE    TIME      TIME-STEP  ELEMENT          ERROR  I-ENERGY    K-ENERGY T  K-ENERGY R  EXT-WORK     MAS.ERR     TOTAL MASS  MASS ADDED
   99000   30.28      0.2805E-03 SHELL       1952  -1.1%   6016.       41.87      0.2302E-01 -0.1573       0.000       250.7       0.000    
   99100   30.31      0.2805E-03 SHELL       1952  -1.1%   6016.       41.87      0.2326E-01 -0.1573       0.000       250.7       0.000    
   99200   30.33      0.2805E-03 SHELL       1952  -1.1%   6016.       41.87      0.1753E-01 -0.1573       0.000       250.7       0.000    
   99300   30.36      0.2805E-03 SHELL       1952  -1.1%   6016.       41.87      0.2171E-01 -0.1573       0.000       250.7       0.000    
   99400   30.39      0.2805E-03 SHELL       1952  -1.1%   6016.       41.87      0.2665E-01 -0.1573       0.000       250.7       0.000    
   99500   30.42      0.2805E-03 SHELL       1952  -1.1%   6016.       41.87      0.2345E-01 -0.1573       0.000       250.7       0.000    
   99600   30.45      0.2805E-03 SHELL       1952  -1.1%   6016.       41.87      0.2211E-01 -0.1573       0.000       250.7       0.000    
   99700   30.47      0.2805E-03 SHELL       1952  -1.1%   6016.       41.87      0.2627E-01 -0.1573       0.000       250.7       0.000    
     ANIMATION FILE: combineA062 WRITTEN
   99800   30.50      0.2805E-03 SHELL       1952  -1.1%   6016.       41.87      0.2442E-01 -0.1573       0.000       250.7       0.000    
   99900   30.53      0.2805E-03 SHELL       1952  -1.1%   6016.       41.87      0.1850E-01 -0.1573       0.000       250.7       0.000    
  100000   30.56      0.2805E-03 SHELL       1952  -1.1%   6016.       41.87      0.2133E-01 -0.1573       0.000       250.7       0.000    
  100100   30.59      0.2805E-03 SHELL       1952  -1.1%   6016.       41.87      0.2456E-01 -0.1573       0.000       250.7       0.000    
  100200   30.61      0.2805E-03 SHELL       1952  -1.1%   6016.       41.87      0.2194E-01 -0.1573       0.000       250.7       0.000    
  100300   30.64      0.2805E-03 SHELL       1952  -1.1%   6016.       41.87      0.2103E-01 -0.1573       0.000       250.7       0.000    
  100400   30.67      0.2805E-03 SHELL       1952  -1.1%   6016.       41.87      0.2311E-01 -0.1573       0.000       250.7       0.000    
  100500   30.70      0.2805E-03 SHELL       1952  -1.1%   6016.       41.87      0.2340E-01 -0.1573       0.000       250.7       0.000    
  100600   30.73      0.2805E-03 SHELL       1952  -1.1%   6016.       41.87      0.1985E-01 -0.1573       0.000       250.7       0.000    
  100700   30.75      0.2805E-03 SHELL       1952  -1.1%   6016.       41.87      0.1983E-01 -0.1573       0.000       250.7       0.000    
  100800   30.78      0.2805E-03 SHELL       1952  -1.1%   6016.       41.87      0.2340E-01 -0.1573       0.000       250.7       0.000    
  100900   30.81      0.2805E-03 SHELL       1952  -1.1%   6016.       41.87      0.2349E-01 -0.1573       0.000       250.7       0.000    
  101000   30.84      0.2805E-03 SHELL       1952  -1.1%   6016.       41.87      0.2210E-01 -0.1573       0.000       250.7       0.000    
  101100   30.87      0.2805E-03 SHELL       1952  -1.1%   6016.       41.87      0.2381E-01 -0.1573       0.000       250.7       0.000    
  101200   30.89      0.2805E-03 SHELL       1952  -1.1%   6016.       41.87      0.2608E-01 -0.1573       0.000       250.7       0.000    
  101300   30.92      0.2805E-03 SHELL       1952  -1.1%   6016.       41.87      0.2240E-01 -0.1573       0.000       250.7       0.000    
  101400   30.95      0.2805E-03 SHELL       1952  -1.1%   6016.       41.87      0.2065E-01 -0.1573       0.000       250.7       0.000    
  101500   30.98      0.2805E-03 SHELL       1952  -1.1%   6016.       41.87      0.2522E-01 -0.1573       0.000       250.7       0.000    
     ANIMATION FILE: combineA063 WRITTEN
  101600   31.01      0.2805E-03 SHELL       1952  -1.1%   6016.       41.87      0.2419E-01 -0.1573       0.000       250.7       0.000    
  101700   31.03      0.2805E-03 SHELL       1952  -1.1%   6016.       41.87      0.2176E-01 -0.1573       0.000       250.7       0.000    
  101800   31.06      0.2805E-03 SHELL       1952  -1.1%   6016.       41.87      0.2405E-01 -0.1573       0.000       250.7       0.000    
  101900   31.09      0.2805E-03 SHELL       1952  -1.1%   6016.       41.87      0.2507E-01 -0.1573       0.000       250.7       0.000    
  102000   31.12      0.2805E-03 SHELL       1952  -1.1%   6016.       41.87      0.2059E-01 -0.1573       0.000       250.7       0.000    
  102100   31.15      0.2805E-03 SHELL       1952  -1.1%   6016.       41.87      0.1898E-01 -0.1573       0.000       250.7       0.000    
  102200   31.17      0.2805E-03 SHELL       1952  -1.1%   6016.       41.87      0.2154E-01 -0.1573       0.000       250.7       0.000    
  102300   31.20      0.2805E-03 SHELL       1952  -1.1%   6016.       41.87      0.1988E-01 -0.1573       0.000       250.7       0.000    
  102400   31.23      0.2805E-03 SHELL       1952  -1.1%   6016.       41.87      0.1971E-01 -0.1573       0.000       250.7       0.000    
  102500   31.26      0.2805E-03 SHELL       1952  -1.1%   6016.       41.87      0.2221E-01 -0.1573       0.000       250.7       0.000    
  102600   31.29      0.2805E-03 SHELL       1952  -1.1%   6016.       41.87      0.2255E-01 -0.1573       0.000       250.7       0.000    
  102700   31.32      0.2805E-03 SHELL       1952  -1.1%   6016.       41.87      0.2198E-01 -0.1573       0.000       250.7       0.000    
  102800   31.34      0.2805E-03 SHELL       1952  -1.1%   6016.       41.87      0.2110E-01 -0.1573       0.000       250.7       0.000    
  102900   31.37      0.2805E-03 SHELL       1952  -1.1%   6016.       41.87      0.2135E-01 -0.1573       0.000       250.7       0.000    
  103000   31.40      0.2805E-03 SHELL       1952  -1.1%   6016.       41.87      0.2229E-01 -0.1573       0.000       250.7       0.000    
  103100   31.43      0.2805E-03 SHELL       1952  -1.1%   6016.       41.87      0.2347E-01 -0.1573       0.000       250.7       0.000    
  103200   31.46      0.2805E-03 SHELL       1952  -1.1%   6016.       41.87      0.2342E-01 -0.1573       0.000       250.7       0.000    
  103300   31.48      0.2805E-03 SHELL       1952  -1.1%   6016.       41.87      0.2345E-01 -0.1573       0.000       250.7       0.000    
     ANIMATION FILE: combineA064 WRITTEN
  103400   31.51      0.2805E-03 SHELL       1952  -1.1%   6016.       41.87      0.2399E-01 -0.1573       0.000       250.7       0.000    
  103500   31.54      0.2805E-03 SHELL       1952  -1.1%   6016.       41.87      0.2062E-01 -0.1573       0.000       250.7       0.000    
  103600   31.57      0.2805E-03 SHELL       1952  -1.1%   6016.       41.87      0.1944E-01 -0.1573       0.000       250.7       0.000    
  103700   31.60      0.2805E-03 SHELL       1952  -1.1%   6016.       41.87      0.2125E-01 -0.1573       0.000       250.7       0.000    
  103800   31.62      0.2805E-03 SHELL       1952  -1.1%   6016.       41.87      0.2041E-01 -0.1573       0.000       250.7       0.000    
  103900   31.65      0.2805E-03 SHELL       1952  -1.1%   6016.       41.87      0.2052E-01 -0.1573       0.000       250.7       0.000    
  104000   31.68      0.2805E-03 SHELL       1952  -1.1%   6016.       41.87      0.2242E-01 -0.1573       0.000       250.7       0.000    
  104100   31.71      0.2805E-03 SHELL       1952  -1.1%   6016.       41.87      0.2307E-01 -0.1573       0.000       250.7       0.000    
  104200   31.74      0.2805E-03 SHELL       1952  -1.1%   6016.       41.87      0.2096E-01 -0.1573       0.000       250.7       0.000    
  104300   31.76      0.2805E-03 SHELL       1952  -1.1%   6016.       41.87      0.2094E-01 -0.1573       0.000       250.7       0.000    
  104400   31.79      0.2805E-03 SHELL       1952  -1.1%   6016.       41.87      0.2114E-01 -0.1573       0.000       250.7       0.000    
   CYCLE    TIME      TIME-STEP  ELEMENT          ERROR  I-ENERGY    K-ENERGY T  K-ENERGY R  EXT-WORK     MAS.ERR     TOTAL MASS  MASS ADDED
  104500   31.82      0.2805E-03 SHELL       1952  -1.1%   6016.       41.87      0.1943E-01 -0.1573       0.000       250.7       0.000    
  104600   31.85      0.2805E-03 SHELL       1952  -1.1%   6016.       41.87      0.2005E-01 -0.1573       0.000       250.7       0.000    
  104700   31.88      0.2805E-03 SHELL       1952  -1.1%   6016.       41.87      0.2063E-01 -0.1573       0.000       250.7       0.000    
  104800   31.90      0.2805E-03 SHELL       1952  -1.1%   6016.       41.87      0.2119E-01 -0.1573       0.000       250.7       0.000    
  104900   31.93      0.2805E-03 SHELL       1952  -1.1%   6016.       41.87      0.2157E-01 -0.1573       0.000       250.7       0.000    
  105000   31.96      0.2805E-03 SHELL       1952  -1.1%   6016.       41.87      0.1937E-01 -0.1573       0.000       250.7       0.000    
  105100   31.99      0.2805E-03 SHELL       1952  -1.1%   6016.       41.87      0.1889E-01 -0.1573       0.000       250.7       0.000    
     ANIMATION FILE: combineA065 WRITTEN
  105200   32.02      0.2805E-03 SHELL       1952  -1.1%   6016.       41.87      0.2045E-01 -0.1573       0.000       250.7       0.000    
  105300   32.04      0.2805E-03 SHELL       1952  -1.1%   6016.       41.87      0.2052E-01 -0.1573       0.000       250.7       0.000    
  105400   32.07      0.2805E-03 SHELL       1952  -1.1%   6016.       41.87      0.1969E-01 -0.1573       0.000       250.7       0.000    
  105500   32.10      0.2805E-03 SHELL       1952  -1.1%   6016.       41.87      0.2209E-01 -0.1573       0.000       250.7       0.000    
  105600   32.13      0.2805E-03 SHELL       1952  -1.1%   6016.       41.87      0.2251E-01 -0.1573       0.000       250.7       0.000    
  105700   32.16      0.2805E-03 SHELL       1952  -1.1%   6016.       41.87      0.1866E-01 -0.1573       0.000       250.7       0.000    
  105800   32.18      0.2805E-03 SHELL       1952  -1.1%   6016.       41.87      0.2014E-01 -0.1573       0.000       250.7       0.000    
  105900   32.21      0.2805E-03 SHELL       1952  -1.1%   6016.       41.87      0.2221E-01 -0.1573       0.000       250.7       0.000    
  106000   32.24      0.2805E-03 SHELL       1952  -1.1%   6016.       41.87      0.1994E-01 -0.1573       0.000       250.7       0.000    
  106100   32.27      0.2805E-03 SHELL       1952  -1.1%   6016.       41.87      0.2109E-01 -0.1573       0.000       250.7       0.000    
  106200   32.30      0.2805E-03 SHELL       1952  -1.1%   6016.       41.87      0.2444E-01 -0.1573       0.000       250.7       0.000    
  106300   32.32      0.2805E-03 SHELL       1952  -1.1%   6016.       41.87      0.2301E-01 -0.1573       0.000       250.7       0.000    
  106400   32.35      0.2805E-03 SHELL       1952  -1.1%   6016.       41.87      0.1988E-01 -0.1573       0.000       250.7       0.000    
  106500   32.38      0.2805E-03 SHELL       1952  -1.1%   6016.       41.87      0.2124E-01 -0.1573       0.000       250.7       0.000    
  106600   32.41      0.2805E-03 SHELL       1952  -1.1%   6016.       41.87      0.2068E-01 -0.1573       0.000       250.7       0.000    
  106700   32.44      0.2805E-03 SHELL       1952  -1.1%   6016.       41.87      0.1785E-01 -0.1573       0.000       250.7       0.000    
  106800   32.47      0.2805E-03 SHELL       1952  -1.1%   6016.       41.87      0.1954E-01 -0.1573       0.000       250.7       0.000    
  106900   32.49      0.2805E-03 SHELL       1952  -1.1%   6016.       41.87      0.2187E-01 -0.1573       0.000       250.7       0.000    
     ANIMATION FILE: combineA066 WRITTEN
  107000   32.52      0.2805E-03 SHELL       1952  -1.1%   6016.       41.87      0.2272E-01 -0.1573       0.000       250.7       0.000    
  107100   32.55      0.2805E-03 SHELL       1952  -1.1%   6016.       41.87      0.2220E-01 -0.1573       0.000       250.7       0.000    
  107200   32.58      0.2805E-03 SHELL       1952  -1.1%   6016.       41.87      0.2255E-01 -0.1573       0.000       250.7       0.000    
  107300   32.61      0.2805E-03 SHELL       1952  -1.1%   6016.       41.87      0.2382E-01 -0.1573       0.000       250.7       0.000    
  107400   32.63      0.2805E-03 SHELL       1952  -1.1%   6016.       41.87      0.2333E-01 -0.1573       0.000       250.7       0.000    
  107500   32.66      0.2805E-03 SHELL       1952  -1.1%   6016.       41.87      0.2361E-01 -0.1573       0.000       250.7       0.000    
  107600   32.69      0.2805E-03 SHELL       1952  -1.1%   6016.       41.87      0.2578E-01 -0.1573       0.000       250.7       0.000    
  107700   32.72      0.2805E-03 SHELL       1952  -1.1%   6016.       41.87      0.2682E-01 -0.1573       0.000       250.7       0.000    
  107800   32.75      0.2805E-03 SHELL       1952  -1.1%   6016.       41.87      0.2361E-01 -0.1573       0.000       250.7       0.000    
  107900   32.77      0.2805E-03 SHELL       1952  -1.1%   6016.       41.87      0.2220E-01 -0.1573       0.000       250.7       0.000    
  108000   32.80      0.2805E-03 SHELL       1952  -1.1%   6016.       41.87      0.2372E-01 -0.1573       0.000       250.7       0.000    
  108100   32.83      0.2805E-03 SHELL       1952  -1.1%   6016.       41.87      0.2013E-01 -0.1573       0.000       250.7       0.000    
  108200   32.86      0.2805E-03 SHELL       1952  -1.1%   6016.       41.87      0.1852E-01 -0.1573       0.000       250.7       0.000    
  108300   32.89      0.2805E-03 SHELL       1952  -1.1%   6016.       41.87      0.2282E-01 -0.1573       0.000       250.7       0.000    
  108400   32.91      0.2805E-03 SHELL       1952  -1.1%   6016.       41.87      0.2320E-01 -0.1573       0.000       250.7       0.000    
  108500   32.94      0.2805E-03 SHELL       1952  -1.1%   6016.       41.87      0.2004E-01 -0.1573       0.000       250.7       0.000    
  108600   32.97      0.2805E-03 SHELL       1952  -1.1%   6016.       41.87      0.2161E-01 -0.1573       0.000       250.7       0.000    
  108700   33.00      0.2805E-03 SHELL       1952  -1.1%   6016.       41.87      0.2333E-01 -0.1573       0.000       250.7       0.000    
     ANIMATION FILE: combineA067 WRITTEN
  108800   33.03      0.2805E-03 SHELL       1952  -1.1%   6016.       41.87      0.1839E-01 -0.1573       0.000       250.7       0.000    
  108900   33.05      0.2805E-03 SHELL       1952  -1.1%   6016.       41.87      0.1761E-01 -0.1573       0.000       250.7       0.000    
  109000   33.08      0.2805E-03 SHELL       1952  -1.1%   6016.       41.87      0.2179E-01 -0.1573       0.000       250.7       0.000    
  109100   33.11      0.2805E-03 SHELL       1952  -1.1%   6016.       41.87      0.2044E-01 -0.1573       0.000       250.7       0.000    
  109200   33.14      0.2805E-03 SHELL       1952  -1.1%   6016.       41.87      0.1873E-01 -0.1573       0.000       250.7       0.000    
  109300   33.17      0.2805E-03 SHELL       1952  -1.1%   6016.       41.87      0.2091E-01 -0.1573       0.000       250.7       0.000    
  109400   33.19      0.2805E-03 SHELL       1952  -1.1%   6016.       41.87      0.2147E-01 -0.1573       0.000       250.7       0.000    
  109500   33.22      0.2805E-03 SHELL       1952  -1.1%   6016.       41.87      0.1761E-01 -0.1573       0.000       250.7       0.000    
  109600   33.25      0.2805E-03 SHELL       1952  -1.1%   6016.       41.87      0.1640E-01 -0.1573       0.000       250.7       0.000    
  109700   33.28      0.2805E-03 SHELL       1952  -1.1%   6016.       41.87      0.1899E-01 -0.1573       0.000       250.7       0.000    
  109800   33.31      0.2805E-03 SHELL       1952  -1.1%   6016.       41.87      0.1933E-01 -0.1573       0.000       250.7       0.000    
  109900   33.33      0.2805E-03 SHELL       1952  -1.1%   6016.       41.87      0.1873E-01 -0.1573       0.000       250.7       0.000    
   CYCLE    TIME      TIME-STEP  ELEMENT          ERROR  I-ENERGY    K-ENERGY T  K-ENERGY R  EXT-WORK     MAS.ERR     TOTAL MASS  MASS ADDED
  110000   33.36      0.2805E-03 SHELL       1952  -1.1%   6016.       41.87      0.1990E-01 -0.1573       0.000       250.7       0.000    
  110100   33.39      0.2805E-03 SHELL       1952  -1.1%   6016.       41.87      0.2172E-01 -0.1573       0.000       250.7       0.000    
  110200   33.42      0.2805E-03 SHELL       1952  -1.1%   6016.       41.87      0.1975E-01 -0.1573       0.000       250.7       0.000    
  110300   33.45      0.2805E-03 SHELL       1952  -1.1%   6016.       41.87      0.1668E-01 -0.1573       0.000       250.7       0.000    
  110400   33.47      0.2805E-03 SHELL       1952  -1.1%   6016.       41.87      0.1986E-01 -0.1573       0.000       250.7       0.000    
     ANIMATION FILE: combineA068 WRITTEN
  110500   33.50      0.2805E-03 SHELL       1952  -1.1%   6016.       41.87      0.2211E-01 -0.1573       0.000       250.7       0.000    
  110600   33.53      0.2805E-03 SHELL       1952  -1.1%   6016.       41.87      0.2003E-01 -0.1573       0.000       250.7       0.000    
  110700   33.56      0.2805E-03 SHELL       1952  -1.1%   6016.       41.87      0.2137E-01 -0.1573       0.000       250.7       0.000    
  110800   33.59      0.2805E-03 SHELL       1952  -1.1%   6016.       41.87      0.2485E-01 -0.1573       0.000       250.7       0.000    
  110900   33.61      0.2805E-03 SHELL       1952  -1.1%   6016.       41.87      0.2199E-01 -0.1573       0.000       250.7       0.000    
  111000   33.64      0.2805E-03 SHELL       1952  -1.1%   6016.       41.87      0.1791E-01 -0.1573       0.000       250.7       0.000    
  111100   33.67      0.2805E-03 SHELL       1952  -1.1%   6016.       41.87      0.2093E-01 -0.1573       0.000       250.7       0.000    
  111200   33.70      0.2805E-03 SHELL       1952  -1.1%   6016.       41.87      0.2115E-01 -0.1573       0.000       250.7       0.000    
  111300   33.73      0.2805E-03 SHELL       1952  -1.1%   6016.       41.87      0.1729E-01 -0.1573       0.000       250.7       0.000    
  111400   33.76      0.2805E-03 SHELL       1952  -1.1%   6016.       41.87      0.1949E-01 -0.1573       0.000       250.7       0.000    
  111500   33.78      0.2805E-03 SHELL       1952  -1.1%   6016.       41.87      0.2256E-01 -0.1573       0.000       250.7       0.000    
  111600   33.81      0.2805E-03 SHELL       1952  -1.1%   6016.       41.87      0.2007E-01 -0.1573       0.000       250.7       0.000    
  111700   33.84      0.2805E-03 SHELL       1952  -1.1%   6016.       41.87      0.1781E-01 -0.1573       0.000       250.7       0.000    
  111800   33.87      0.2805E-03 SHELL       1952  -1.1%   6016.       41.87      0.2038E-01 -0.1573       0.000       250.7       0.000    
  111900   33.90      0.2805E-03 SHELL       1952  -1.1%   6016.       41.87      0.2113E-01 -0.1573       0.000       250.7       0.000    
  112000   33.92      0.2805E-03 SHELL       1952  -1.1%   6016.       41.87      0.1930E-01 -0.1573       0.000       250.7       0.000    
  112100   33.95      0.2805E-03 SHELL       1952  -1.1%   6016.       41.87      0.2104E-01 -0.1573       0.000       250.7       0.000    
  112200   33.98      0.2805E-03 SHELL       1952  -1.1%   6016.       41.87      0.2353E-01 -0.1573       0.000       250.7       0.000    
     ANIMATION FILE: combineA069 WRITTEN
  112300   34.01      0.2805E-03 SHELL       1952  -1.1%   6016.       41.87      0.2327E-01 -0.1573       0.000       250.7       0.000    
  112400   34.04      0.2805E-03 SHELL       1952  -1.1%   6016.       41.87      0.2101E-01 -0.1573       0.000       250.7       0.000    
  112500   34.06      0.2805E-03 SHELL       1952  -1.1%   6016.       41.87      0.2085E-01 -0.1573       0.000       250.7       0.000    
  112600   34.09      0.2805E-03 SHELL       1952  -1.1%   6016.       41.87      0.2288E-01 -0.1573       0.000       250.7       0.000    
  112700   34.12      0.2805E-03 SHELL       1952  -1.1%   6016.       41.87      0.2185E-01 -0.1573       0.000       250.7       0.000    
  112800   34.15      0.2805E-03 SHELL       1952  -1.1%   6016.       41.87      0.2121E-01 -0.1573       0.000       250.7       0.000    
  112900   34.18      0.2805E-03 SHELL       1952  -1.1%   6016.       41.87      0.2367E-01 -0.1573       0.000       250.7       0.000    
  113000   34.20      0.2805E-03 SHELL       1952  -1.1%   6016.       41.87      0.2452E-01 -0.1573       0.000       250.7       0.000    
  113100   34.23      0.2805E-03 SHELL       1952  -1.1%   6016.       41.87      0.2097E-01 -0.1573       0.000       250.7       0.000    
  113200   34.26      0.2805E-03 SHELL       1952  -1.1%   6016.       41.87      0.1961E-01 -0.1573       0.000       250.7       0.000    
  113300   34.29      0.2805E-03 SHELL       1952  -1.1%   6016.       41.87      0.2135E-01 -0.1573       0.000       250.7       0.000    
  113400   34.32      0.2805E-03 SHELL       1952  -1.1%   6016.       41.87      0.1838E-01 -0.1573       0.000       250.7       0.000    
  113500   34.34      0.2805E-03 SHELL       1952  -1.1%   6016.       41.87      0.1608E-01 -0.1573       0.000       250.7       0.000    
  113600   34.37      0.2805E-03 SHELL       1952  -1.1%   6016.       41.87      0.1859E-01 -0.1573       0.000       250.7       0.000    
  113700   34.40      0.2805E-03 SHELL       1952  -1.1%   6016.       41.87      0.1896E-01 -0.1573       0.000       250.7       0.000    
  113800   34.43      0.2805E-03 SHELL       1952  -1.1%   6016.       41.87      0.1653E-01 -0.1573       0.000       250.7       0.000    
  113900   34.46      0.2805E-03 SHELL       1952  -1.1%   6016.       41.87      0.1595E-01 -0.1573       0.000       250.7       0.000    
  114000   34.48      0.2805E-03 SHELL       1952  -1.1%   6016.       41.87      0.1749E-01 -0.1573       0.000       250.7       0.000    
     ANIMATION FILE: combineA070 WRITTEN
  114100   34.51      0.2805E-03 SHELL       1952  -1.1%   6016.       41.87      0.1717E-01 -0.1573       0.000       250.7       0.000    
  114200   34.54      0.2805E-03 SHELL       1952  -1.1%   6016.       41.87      0.1726E-01 -0.1573       0.000       250.7       0.000    
  114300   34.57      0.2805E-03 SHELL       1952  -1.1%   6016.       41.87      0.1952E-01 -0.1573       0.000       250.7       0.000    
  114400   34.60      0.2805E-03 SHELL       1952  -1.1%   6016.       41.87      0.2175E-01 -0.1573       0.000       250.7       0.000    
  114500   34.62      0.2805E-03 SHELL       1952  -1.1%   6016.       41.87      0.2266E-01 -0.1573       0.000       250.7       0.000    
  114600   34.65      0.2805E-03 SHELL       1952  -1.1%   6016.       41.87      0.2119E-01 -0.1573       0.000       250.7       0.000    
  114700   34.68      0.2805E-03 SHELL       1952  -1.1%   6016.       41.87      0.2168E-01 -0.1573       0.000       250.7       0.000    
  114800   34.71      0.2805E-03 SHELL       1952  -1.1%   6016.       41.87      0.2400E-01 -0.1573       0.000       250.7       0.000    
  114900   34.74      0.2805E-03 SHELL       1952  -1.1%   6016.       41.87      0.2318E-01 -0.1573       0.000       250.7       0.000    
  115000   34.76      0.2805E-03 SHELL       1952  -1.1%   6016.       41.87      0.2250E-01 -0.1573       0.000       250.7       0.000    
  115100   34.79      0.2805E-03 SHELL       1952  -1.1%   6016.       41.87      0.2501E-01 -0.1573       0.000       250.7       0.000    
  115200   34.82      0.2805E-03 SHELL       1952  -1.1%   6016.       41.87      0.2552E-01 -0.1573       0.000       250.7       0.000    
  115300   34.85      0.2805E-03 SHELL       1952  -1.1%   6016.       41.87      0.2169E-01 -0.1573       0.000       250.7       0.000    
  115400   34.88      0.2805E-03 SHELL       1952  -1.1%   6016.       41.87      0.2094E-01 -0.1573       0.000       250.7       0.000    
   CYCLE    TIME      TIME-STEP  ELEMENT          ERROR  I-ENERGY    K-ENERGY T  K-ENERGY R  EXT-WORK     MAS.ERR     TOTAL MASS  MASS ADDED
  115500   34.91      0.2805E-03 SHELL       1952  -1.1%   6016.       41.87      0.2263E-01 -0.1573       0.000       250.7       0.000    
  115600   34.93      0.2805E-03 SHELL       1952  -1.1%   6016.       41.87      0.1991E-01 -0.1573       0.000       250.7       0.000    
  115700   34.96      0.2805E-03 SHELL       1952  -1.1%   6016.       41.87      0.1904E-01 -0.1573       0.000       250.7       0.000    
  115800   34.99      0.2805E-03 SHELL       1952  -1.1%   6016.       41.87      0.2255E-01 -0.1573       0.000       250.7       0.000    
     ANIMATION FILE: combineA071 WRITTEN
  115900   35.02      0.2805E-03 SHELL       1952  -1.1%   6016.       41.87      0.2342E-01 -0.1573       0.000       250.7       0.000    
  116000   35.05      0.2805E-03 SHELL       1952  -1.1%   6016.       41.87      0.2067E-01 -0.1573       0.000       250.7       0.000    
  116100   35.07      0.2805E-03 SHELL       1952  -1.1%   6016.       41.87      0.2009E-01 -0.1573       0.000       250.7       0.000    
  116200   35.10      0.2805E-03 SHELL       1952  -1.1%   6016.       41.87      0.2223E-01 -0.1573       0.000       250.7       0.000    
  116300   35.13      0.2805E-03 SHELL       1952  -1.1%   6016.       41.87      0.2124E-01 -0.1573       0.000       250.7       0.000    
  116400   35.16      0.2805E-03 SHELL       1952  -1.1%   6016.       41.87      0.1996E-01 -0.1573       0.000       250.7       0.000    
  116500   35.19      0.2805E-03 SHELL       1952  -1.1%   6016.       41.87      0.2208E-01 -0.1573       0.000       250.7       0.000    
  116600   35.21      0.2805E-03 SHELL       1952  -1.1%   6016.       41.87      0.2455E-01 -0.1573       0.000       250.7       0.000    
  116700   35.24      0.2805E-03 SHELL       1952  -1.1%   6016.       41.87      0.2317E-01 -0.1573       0.000       250.7       0.000    
  116800   35.27      0.2805E-03 SHELL       1952  -1.1%   6016.       41.87      0.2030E-01 -0.1573       0.000       250.7       0.000    
  116900   35.30      0.2805E-03 SHELL       1952  -1.1%   6016.       41.87      0.2168E-01 -0.1573       0.000       250.7       0.000    
  117000   35.33      0.2805E-03 SHELL       1952  -1.1%   6016.       41.87      0.2129E-01 -0.1573       0.000       250.7       0.000    
  117100   35.35      0.2805E-03 SHELL       1952  -1.1%   6016.       41.87      0.1701E-01 -0.1573       0.000       250.7       0.000    
  117200   35.38      0.2805E-03 SHELL       1952  -1.1%   6016.       41.87      0.1797E-01 -0.1573       0.000       250.7       0.000    
  117300   35.41      0.2805E-03 SHELL       1952  -1.1%   6016.       41.87      0.2187E-01 -0.1573       0.000       250.7       0.000    
  117400   35.44      0.2805E-03 SHELL       1952  -1.1%   6016.       41.87      0.1971E-01 -0.1573       0.000       250.7       0.000    
  117500   35.47      0.2805E-03 SHELL       1952  -1.1%   6016.       41.87      0.1623E-01 -0.1573       0.000       250.7       0.000    
  117600   35.49      0.2805E-03 SHELL       1952  -1.1%   6016.       41.87      0.1910E-01 -0.1573       0.000       250.7       0.000    
     ANIMATION FILE: combineA072 WRITTEN
  117700   35.52      0.2805E-03 SHELL       1952  -1.1%   6016.       41.87      0.1912E-01 -0.1573       0.000       250.7       0.000    
  117800   35.55      0.2805E-03 SHELL       1952  -1.1%   6016.       41.87      0.1444E-01 -0.1573       0.000       250.7       0.000    
  117900   35.58      0.2805E-03 SHELL       1952  -1.1%   6016.       41.87      0.1655E-01 -0.1573       0.000       250.7       0.000    
  118000   35.61      0.2805E-03 SHELL       1952  -1.1%   6016.       41.87      0.2064E-01 -0.1573       0.000       250.7       0.000    
  118100   35.63      0.2805E-03 SHELL       1952  -1.1%   6016.       41.87      0.1892E-01 -0.1573       0.000       250.7       0.000    
  118200   35.66      0.2805E-03 SHELL       1952  -1.1%   6016.       41.87      0.1692E-01 -0.1573       0.000       250.7       0.000    
  118300   35.69      0.2805E-03 SHELL       1952  -1.1%   6016.       41.87      0.1910E-01 -0.1573       0.000       250.7       0.000    
  118400   35.72      0.2805E-03 SHELL       1952  -1.1%   6016.       41.87      0.1899E-01 -0.1573       0.000       250.7       0.000    
  118500   35.75      0.2805E-03 SHELL       1952  -1.1%   6016.       41.87      0.1532E-01 -0.1573       0.000       250.7       0.000    
  118600   35.77      0.2805E-03 SHELL       1952  -1.1%   6016.       41.87      0.1621E-01 -0.1573       0.000       250.7       0.000    
  118700   35.80      0.2805E-03 SHELL       1952  -1.1%   6016.       41.87      0.1989E-01 -0.1573       0.000       250.7       0.000    
  118800   35.83      0.2805E-03 SHELL       1952  -1.1%   6016.       41.87      0.2068E-01 -0.1573       0.000       250.7       0.000    
  118900   35.86      0.2805E-03 SHELL       1952  -1.1%   6016.       41.87      0.1997E-01 -0.1573       0.000       250.7       0.000    
  119000   35.89      0.2805E-03 SHELL       1952  -1.1%   6016.       41.87      0.2197E-01 -0.1573       0.000       250.7       0.000    
  119100   35.91      0.2805E-03 SHELL       1952  -1.1%   6016.       41.87      0.2410E-01 -0.1573       0.000       250.7       0.000    
  119200   35.94      0.2805E-03 SHELL       1952  -1.1%   6016.       41.87      0.2080E-01 -0.1573       0.000       250.7       0.000    
  119300   35.97      0.2805E-03 SHELL       1952  -1.1%   6016.       41.87      0.1924E-01 -0.1573       0.000       250.7       0.000    
  119400   36.00      0.2805E-03 SHELL       1952  -1.1%   6016.       41.87      0.2282E-01 -0.1573       0.000       250.7       0.000    
     ANIMATION FILE: combineA073 WRITTEN
  119500   36.03      0.2805E-03 SHELL       1952  -1.1%   6016.       41.87      0.2325E-01 -0.1573       0.000       250.7       0.000    
  119600   36.06      0.2805E-03 SHELL       1952  -1.1%   6016.       41.87      0.2040E-01 -0.1573       0.000       250.7       0.000    
  119700   36.08      0.2805E-03 SHELL       1952  -1.1%   6016.       41.87      0.2184E-01 -0.1573       0.000       250.7       0.000    
  119800   36.11      0.2805E-03 SHELL       1952  -1.1%   6016.       41.87      0.2410E-01 -0.1573       0.000       250.7       0.000    
  119900   36.14      0.2805E-03 SHELL       1952  -1.1%   6016.       41.87      0.2022E-01 -0.1573       0.000       250.7       0.000    
  120000   36.17      0.2805E-03 SHELL       1952  -1.1%   6016.       41.87      0.1871E-01 -0.1573       0.000       250.7       0.000    
  120100   36.20      0.2805E-03 SHELL       1952  -1.1%   6016.       41.87      0.2265E-01 -0.1573       0.000       250.7       0.000    
  120200   36.22      0.2805E-03 SHELL       1952  -1.1%   6016.       41.87      0.2215E-01 -0.1573       0.000       250.7       0.000    
  120300   36.25      0.2805E-03 SHELL       1952  -1.1%   6016.       41.87      0.2010E-01 -0.1573       0.000       250.7       0.000    
  120400   36.28      0.2805E-03 SHELL       1952  -1.1%   6016.       41.87      0.2205E-01 -0.1573       0.000       250.7       0.000    
  120500   36.31      0.2805E-03 SHELL       1952  -1.1%   6016.       41.87      0.2286E-01 -0.1573       0.000       250.7       0.000    
  120600   36.34      0.2805E-03 SHELL       1952  -1.1%   6016.       41.87      0.1969E-01 -0.1573       0.000       250.7       0.000    
  120700   36.36      0.2805E-03 SHELL       1952  -1.1%   6016.       41.87      0.1866E-01 -0.1573       0.000       250.7       0.000    
  120800   36.39      0.2805E-03 SHELL       1952  -1.1%   6016.       41.87      0.2092E-01 -0.1573       0.000       250.7       0.000    
  120900   36.42      0.2805E-03 SHELL       1952  -1.1%   6016.       41.87      0.2107E-01 -0.1573       0.000       250.7       0.000    
   CYCLE    TIME      TIME-STEP  ELEMENT          ERROR  I-ENERGY    K-ENERGY T  K-ENERGY R  EXT-WORK     MAS.ERR     TOTAL MASS  MASS ADDED
  121000   36.45      0.2805E-03 SHELL       1952  -1.1%   6016.       41.87      0.2107E-01 -0.1573       0.000       250.7       0.000    
  121100   36.48      0.2805E-03 SHELL       1952  -1.1%   6016.       41.87      0.2234E-01 -0.1573       0.000       250.7       0.000    
     ANIMATION FILE: combineA074 WRITTEN
  121200   36.50      0.2805E-03 SHELL       1952  -1.1%   6016.       41.87      0.2284E-01 -0.1573       0.000       250.7       0.000    
  121300   36.53      0.2805E-03 SHELL       1952  -1.1%   6016.       41.87      0.2146E-01 -0.1573       0.000       250.7       0.000    
  121400   36.56      0.2805E-03 SHELL       1952  -1.1%   6016.       41.87      0.1918E-01 -0.1573       0.000       250.7       0.000    
  121500   36.59      0.2805E-03 SHELL       1952  -1.1%   6016.       41.87      0.1955E-01 -0.1573       0.000       250.7       0.000    
  121600   36.62      0.2805E-03 SHELL       1952  -1.1%   6016.       41.87      0.2010E-01 -0.1573       0.000       250.7       0.000    
  121700   36.64      0.2805E-03 SHELL       1952  -1.1%   6016.       41.87      0.1910E-01 -0.1573       0.000       250.7       0.000    
  121800   36.67      0.2805E-03 SHELL       1952  -1.1%   6016.       41.87      0.1944E-01 -0.1573       0.000       250.7       0.000    
  121900   36.70      0.2805E-03 SHELL       1952  -1.1%   6016.       41.87      0.2141E-01 -0.1573       0.000       250.7       0.000    
  122000   36.73      0.2805E-03 SHELL       1952  -1.1%   6016.       41.87      0.2114E-01 -0.1573       0.000       250.7       0.000    
  122100   36.76      0.2805E-03 SHELL       1952  -1.1%   6016.       41.87      0.1929E-01 -0.1573       0.000       250.7       0.000    
  122200   36.78      0.2805E-03 SHELL       1952  -1.1%   6016.       41.87      0.2047E-01 -0.1573       0.000       250.7       0.000    
  122300   36.81      0.2805E-03 SHELL       1952  -1.1%   6016.       41.87      0.2117E-01 -0.1573       0.000       250.7       0.000    
  122400   36.84      0.2805E-03 SHELL       1952  -1.1%   6016.       41.87      0.1982E-01 -0.1573       0.000       250.7       0.000    
  122500   36.87      0.2805E-03 SHELL       1952  -1.1%   6016.       41.87      0.2104E-01 -0.1573       0.000       250.7       0.000    
  122600   36.90      0.2805E-03 SHELL       1952  -1.1%   6016.       41.87      0.2208E-01 -0.1573       0.000       250.7       0.000    
  122700   36.92      0.2805E-03 SHELL       1952  -1.1%   6016.       41.87      0.2071E-01 -0.1573       0.000       250.7       0.000    
  122800   36.95      0.2805E-03 SHELL       1952  -1.1%   6016.       41.87      0.1946E-01 -0.1573       0.000       250.7       0.000    
  122900   36.98      0.2805E-03 SHELL       1952  -1.1%   6016.       41.87      0.1914E-01 -0.1573       0.000       250.7       0.000    
     ANIMATION FILE: combineA075 WRITTEN
  123000   37.01      0.2805E-03 SHELL       1952  -1.1%   6016.       41.87      0.1806E-01 -0.1573       0.000       250.7       0.000    
  123100   37.04      0.2805E-03 SHELL       1952  -1.1%   6016.       41.87      0.1776E-01 -0.1573       0.000       250.7       0.000    
  123200   37.06      0.2805E-03 SHELL       1952  -1.1%   6016.       41.87      0.1975E-01 -0.1573       0.000       250.7       0.000    
  123300   37.09      0.2805E-03 SHELL       1952  -1.1%   6016.       41.87      0.2025E-01 -0.1573       0.000       250.7       0.000    
  123400   37.12      0.2805E-03 SHELL       1952  -1.1%   6016.       41.87      0.2010E-01 -0.1573       0.000       250.7       0.000    
  123500   37.15      0.2805E-03 SHELL       1952  -1.1%   6016.       41.87      0.1979E-01 -0.1573       0.000       250.7       0.000    
  123600   37.18      0.2805E-03 SHELL       1952  -1.1%   6016.       41.87      0.1813E-01 -0.1573       0.000       250.7       0.000    
  123700   37.20      0.2805E-03 SHELL       1952  -1.1%   6016.       41.87      0.1760E-01 -0.1573       0.000       250.7       0.000    
  123800   37.23      0.2805E-03 SHELL       1952  -1.1%   6016.       41.87      0.1773E-01 -0.1573       0.000       250.7       0.000    
  123900   37.26      0.2805E-03 SHELL       1952  -1.1%   6016.       41.87      0.1774E-01 -0.1573       0.000       250.7       0.000    
  124000   37.29      0.2805E-03 SHELL       1952  -1.1%   6016.       41.87      0.1836E-01 -0.1573       0.000       250.7       0.000    
  124100   37.32      0.2805E-03 SHELL       1952  -1.1%   6016.       41.87      0.1971E-01 -0.1573       0.000       250.7       0.000    
  124200   37.35      0.2805E-03 SHELL       1952  -1.1%   6016.       41.87      0.1934E-01 -0.1573       0.000       250.7       0.000    
  124300   37.37      0.2805E-03 SHELL       1952  -1.1%   6016.       41.87      0.1799E-01 -0.1573       0.000       250.7       0.000    
  124400   37.40      0.2805E-03 SHELL       1952  -1.1%   6016.       41.87      0.1840E-01 -0.1573       0.000       250.7       0.000    
  124500   37.43      0.2805E-03 SHELL       1952  -1.1%   6016.       41.87      0.1804E-01 -0.1573       0.000       250.7       0.000    
  124600   37.46      0.2805E-03 SHELL       1952  -1.1%   6016.       41.87      0.1781E-01 -0.1573       0.000       250.7       0.000    
  124700   37.49      0.2805E-03 SHELL       1952  -1.1%   6016.       41.87      0.1940E-01 -0.1573       0.000       250.7       0.000    
     ANIMATION FILE: combineA076 WRITTEN
  124800   37.51      0.2805E-03 SHELL       1952  -1.1%   6016.       41.87      0.2006E-01 -0.1573       0.000       250.7       0.000    
  124900   37.54      0.2805E-03 SHELL       1952  -1.1%   6016.       41.87      0.1974E-01 -0.1573       0.000       250.7       0.000    
  125000   37.57      0.2805E-03 SHELL       1952  -1.1%   6016.       41.87      0.1948E-01 -0.1573       0.000       250.7       0.000    
  125100   37.60      0.2805E-03 SHELL       1952  -1.1%   6016.       41.87      0.1928E-01 -0.1573       0.000       250.7       0.000    
  125200   37.63      0.2805E-03 SHELL       1952  -1.1%   6016.       41.87      0.1872E-01 -0.1573       0.000       250.7       0.000    
  125300   37.65      0.2805E-03 SHELL       1952  -1.1%   6016.       41.87      0.1897E-01 -0.1573       0.000       250.7       0.000    
  125400   37.68      0.2805E-03 SHELL       1952  -1.1%   6016.       41.87      0.2010E-01 -0.1573       0.000       250.7       0.000    
  125500   37.71      0.2805E-03 SHELL       1952  -1.1%   6016.       41.87      0.2092E-01 -0.1573       0.000       250.7       0.000    
  125600   37.74      0.2805E-03 SHELL       1952  -1.1%   6016.       41.87      0.2204E-01 -0.1573       0.000       250.7       0.000    
  125700   37.77      0.2805E-03 SHELL       1952  -1.1%   6016.       41.87      0.2117E-01 -0.1573       0.000       250.7       0.000    
  125800   37.79      0.2805E-03 SHELL       1952  -1.1%   6016.       41.87      0.1967E-01 -0.1573       0.000       250.7       0.000    
  125900   37.82      0.2805E-03 SHELL       1952  -1.1%   6016.       41.87      0.1956E-01 -0.1573       0.000       250.7       0.000    
  126000   37.85      0.2805E-03 SHELL       1952  -1.1%   6016.       41.87      0.1797E-01 -0.1573       0.000       250.7       0.000    
  126100   37.88      0.2805E-03 SHELL       1952  -1.1%   6016.       41.87      0.1713E-01 -0.1573       0.000       250.7       0.000    
  126200   37.91      0.2805E-03 SHELL       1952  -1.1%   6016.       41.87      0.1925E-01 -0.1573       0.000       250.7       0.000    
  126300   37.93      0.2805E-03 SHELL       1952  -1.1%   6016.       41.87      0.2091E-01 -0.1573       0.000       250.7       0.000    
  126400   37.96      0.2805E-03 SHELL       1952  -1.1%   6016.       41.87      0.1998E-01 -0.1573       0.000       250.7       0.000    
   CYCLE    TIME      TIME-STEP  ELEMENT          ERROR  I-ENERGY    K-ENERGY T  K-ENERGY R  EXT-WORK     MAS.ERR     TOTAL MASS  MASS ADDED
  126500   37.99      0.2805E-03 SHELL       1952  -1.1%   6016.       41.87      0.2077E-01 -0.1573       0.000       250.7       0.000    
     ANIMATION FILE: combineA077 WRITTEN
  126600   38.02      0.2805E-03 SHELL       1952  -1.1%   6016.       41.87      0.2246E-01 -0.1573       0.000       250.7       0.000    
  126700   38.05      0.2805E-03 SHELL       1952  -1.1%   6016.       41.87      0.2012E-01 -0.1573       0.000       250.7       0.000    
  126800   38.07      0.2805E-03 SHELL       1952  -1.1%   6016.       41.87      0.1959E-01 -0.1573       0.000       250.7       0.000    
  126900   38.10      0.2805E-03 SHELL       1952  -1.1%   6016.       41.87      0.2214E-01 -0.1573       0.000       250.7       0.000    
  127000   38.13      0.2805E-03 SHELL       1952  -1.1%   6016.       41.87      0.2168E-01 -0.1573       0.000       250.7       0.000    
  127100   38.16      0.2805E-03 SHELL       1952  -1.1%   6016.       41.87      0.1950E-01 -0.1573       0.000       250.7       0.000    
  127200   38.19      0.2805E-03 SHELL       1952  -1.1%   6016.       41.87      0.1950E-01 -0.1573       0.000       250.7       0.000    
  127300   38.21      0.2805E-03 SHELL       1952  -1.1%   6016.       41.87      0.1935E-01 -0.1573       0.000       250.7       0.000    
  127400   38.24      0.2805E-03 SHELL       1952  -1.1%   6016.       41.87      0.1646E-01 -0.1573       0.000       250.7       0.000    
  127500   38.27      0.2805E-03 SHELL       1952  -1.1%   6016.       41.87      0.1597E-01 -0.1573       0.000       250.7       0.000    
  127600   38.30      0.2805E-03 SHELL       1952  -1.1%   6016.       41.87      0.1849E-01 -0.1573       0.000       250.7       0.000    
  127700   38.33      0.2805E-03 SHELL       1952  -1.1%   6016.       41.87      0.1917E-01 -0.1573       0.000       250.7       0.000    
  127800   38.35      0.2805E-03 SHELL       1952  -1.1%   6016.       41.87      0.1872E-01 -0.1573       0.000       250.7       0.000    
  127900   38.38      0.2805E-03 SHELL       1952  -1.1%   6016.       41.87      0.1909E-01 -0.1573       0.000       250.7       0.000    
  128000   38.41      0.2805E-03 SHELL       1952  -1.1%   6016.       41.87      0.2009E-01 -0.1573       0.000       250.7       0.000    
  128100   38.44      0.2805E-03 SHELL       1952  -1.1%   6016.       41.87      0.1839E-01 -0.1573       0.000       250.7       0.000    
  128200   38.47      0.2805E-03 SHELL       1952  -1.1%   6016.       41.87      0.1628E-01 -0.1573       0.000       250.7       0.000    
  128300   38.50      0.2805E-03 SHELL       1952  -1.1%   6016.       41.87      0.1853E-01 -0.1573       0.000       250.7       0.000    
     ANIMATION FILE: combineA078 WRITTEN
  128400   38.52      0.2805E-03 SHELL       1952  -1.1%   6016.       41.87      0.2061E-01 -0.1573       0.000       250.7       0.000    
  128500   38.55      0.2805E-03 SHELL       1952  -1.1%   6016.       41.87      0.1952E-01 -0.1573       0.000       250.7       0.000    
  128600   38.58      0.2805E-03 SHELL       1952  -1.1%   6016.       41.87      0.1998E-01 -0.1573       0.000       250.7       0.000    
  128700   38.61      0.2805E-03 SHELL       1952  -1.1%   6016.       41.87      0.2332E-01 -0.1573       0.000       250.7       0.000    
  128800   38.64      0.2805E-03 SHELL       1952  -1.1%   6016.       41.87      0.2207E-01 -0.1573       0.000       250.7       0.000    
  128900   38.66      0.2805E-03 SHELL       1952  -1.1%   6016.       41.87      0.1861E-01 -0.1573       0.000       250.7       0.000    
  129000   38.69      0.2805E-03 SHELL       1952  -1.1%   6016.       41.87      0.2122E-01 -0.1573       0.000       250.7       0.000    
  129100   38.72      0.2805E-03 SHELL       1952  -1.1%   6016.       41.87      0.2261E-01 -0.1573       0.000       250.7       0.000    
  129200   38.75      0.2805E-03 SHELL       1952  -1.1%   6016.       41.87      0.1935E-01 -0.1573       0.000       250.7       0.000    
  129300   38.78      0.2805E-03 SHELL       1952  -1.1%   6016.       41.87      0.1970E-01 -0.1573       0.000       250.7       0.000    
  129400   38.80      0.2805E-03 SHELL       1952  -1.1%   6016.       41.87      0.2263E-01 -0.1573       0.000       250.7       0.000    
  129500   38.83      0.2805E-03 SHELL       1952  -1.1%   6016.       41.87      0.2040E-01 -0.1573       0.000       250.7       0.000    
  129600   38.86      0.2805E-03 SHELL       1952  -1.1%   6016.       41.87      0.1752E-01 -0.1573       0.000       250.7       0.000    
  129700   38.89      0.2805E-03 SHELL       1952  -1.1%   6016.       41.87      0.2052E-01 -0.1573       0.000       250.7       0.000    
  129800   38.92      0.2805E-03 SHELL       1952  -1.1%   6016.       41.87      0.2211E-01 -0.1573       0.000       250.7       0.000    
  129900   38.94      0.2805E-03 SHELL       1952  -1.1%   6016.       41.87      0.2036E-01 -0.1573       0.000       250.7       0.000    
  130000   38.97      0.2805E-03 SHELL       1952  -1.1%   6016.       41.87      0.2177E-01 -0.1573       0.000       250.7       0.000    
  130100   39.00      0.2805E-03 SHELL       1952  -1.1%   6016.       41.87      0.2387E-01 -0.1573       0.000       250.7       0.000    
     ANIMATION FILE: combineA079 WRITTEN
  130200   39.03      0.2805E-03 SHELL       1952  -1.1%   6016.       41.87      0.2190E-01 -0.1573       0.000       250.7       0.000    
  130300   39.06      0.2805E-03 SHELL       1952  -1.1%   6016.       41.87      0.1825E-01 -0.1573       0.000       250.7       0.000    
  130400   39.08      0.2805E-03 SHELL       1952  -1.1%   6016.       41.87      0.1854E-01 -0.1573       0.000       250.7       0.000    
  130500   39.11      0.2805E-03 SHELL       1952  -1.1%   6016.       41.87      0.2018E-01 -0.1573       0.000       250.7       0.000    
  130600   39.14      0.2805E-03 SHELL       1952  -1.1%   6016.       41.87      0.1863E-01 -0.1573       0.000       250.7       0.000    
  130700   39.17      0.2805E-03 SHELL       1952  -1.1%   6016.       41.87      0.1802E-01 -0.1573       0.000       250.7       0.000    
  130800   39.20      0.2805E-03 SHELL       1952  -1.1%   6016.       41.87      0.2069E-01 -0.1573       0.000       250.7       0.000    
  130900   39.22      0.2805E-03 SHELL       1952  -1.1%   6016.       41.87      0.2145E-01 -0.1573       0.000       250.7       0.000    
  131000   39.25      0.2805E-03 SHELL       1952  -1.1%   6016.       41.87      0.1782E-01 -0.1573       0.000       250.7       0.000    
  131100   39.28      0.2805E-03 SHELL       1952  -1.1%   6016.       41.87      0.1748E-01 -0.1573       0.000       250.7       0.000    
  131200   39.31      0.2805E-03 SHELL       1952  -1.1%   6016.       41.87      0.2021E-01 -0.1573       0.000       250.7       0.000    
  131300   39.34      0.2805E-03 SHELL       1952  -1.1%   6016.       41.87      0.1768E-01 -0.1573       0.000       250.7       0.000    
  131400   39.36      0.2805E-03 SHELL       1952  -1.1%   6016.       41.87      0.1592E-01 -0.1573       0.000       250.7       0.000    
  131500   39.39      0.2805E-03 SHELL       1952  -1.1%   6016.       41.87      0.1908E-01 -0.1573       0.000       250.7       0.000    
  131600   39.42      0.2805E-03 SHELL       1952  -1.1%   6016.       41.87      0.1924E-01 -0.1573       0.000       250.7       0.000    
  131700   39.45      0.2805E-03 SHELL       1952  -1.1%   6016.       41.87      0.1506E-01 -0.1573       0.000       250.7       0.000    
  131800   39.48      0.2805E-03 SHELL       1952  -1.1%   6016.       41.87      0.1471E-01 -0.1573       0.000       250.7       0.000    
     ANIMATION FILE: combineA080 WRITTEN
  131900   39.50      0.2805E-03 SHELL       1952  -1.1%   6016.       41.87      0.1682E-01 -0.1573       0.000       250.7       0.000    
   CYCLE    TIME      TIME-STEP  ELEMENT          ERROR  I-ENERGY    K-ENERGY T  K-ENERGY R  EXT-WORK     MAS.ERR     TOTAL MASS  MASS ADDED
  132000   39.53      0.2805E-03 SHELL       1952  -1.1%   6016.       41.87      0.1497E-01 -0.1573       0.000       250.7       0.000    
  132100   39.56      0.2805E-03 SHELL       1952  -1.1%   6016.       41.87      0.1498E-01 -0.1573       0.000       250.7       0.000    
  132200   39.59      0.2805E-03 SHELL       1952  -1.1%   6016.       41.87      0.1848E-01 -0.1573       0.000       250.7       0.000    
  132300   39.62      0.2805E-03 SHELL       1952  -1.1%   6016.       41.87      0.1932E-01 -0.1573       0.000       250.7       0.000    
  132400   39.65      0.2805E-03 SHELL       1952  -1.1%   6016.       41.87      0.1799E-01 -0.1573       0.000       250.7       0.000    
  132500   39.67      0.2805E-03 SHELL       1952  -1.1%   6016.       41.87      0.1762E-01 -0.1573       0.000       250.7       0.000    
  132600   39.70      0.2805E-03 SHELL       1952  -1.1%   6016.       41.87      0.1865E-01 -0.1573       0.000       250.7       0.000    
  132700   39.73      0.2805E-03 SHELL       1952  -1.1%   6016.       41.87      0.1858E-01 -0.1573       0.000       250.7       0.000    
  132800   39.76      0.2805E-03 SHELL       1952  -1.1%   6016.       41.87      0.1810E-01 -0.1573       0.000       250.7       0.000    
  132900   39.79      0.2805E-03 SHELL       1952  -1.1%   6016.       41.87      0.1943E-01 -0.1573       0.000       250.7       0.000    
  133000   39.81      0.2805E-03 SHELL       1952  -1.1%   6016.       41.87      0.2145E-01 -0.1573       0.000       250.7       0.000    
  133100   39.84      0.2805E-03 SHELL       1952  -1.1%   6016.       41.87      0.2119E-01 -0.1573       0.000       250.7       0.000    
  133200   39.87      0.2805E-03 SHELL       1952  -1.1%   6016.       41.87      0.1878E-01 -0.1573       0.000       250.7       0.000    
  133300   39.90      0.2805E-03 SHELL       1952  -1.1%   6016.       41.87      0.1934E-01 -0.1573       0.000       250.7       0.000    
  133400   39.93      0.2805E-03 SHELL       1952  -1.1%   6016.       41.87      0.2037E-01 -0.1573       0.000       250.7       0.000    
  133500   39.95      0.2805E-03 SHELL       1952  -1.1%   6016.       41.87      0.1833E-01 -0.1573       0.000       250.7       0.000    
  133600   39.98      0.2805E-03 SHELL       1952  -1.1%   6016.       41.87      0.1886E-01 -0.1573       0.000       250.7       0.000    
     ANIMATION FILE: combineA081 WRITTEN
  133700   40.01      0.2805E-03 SHELL       1952  -1.1%   6016.       41.87      0.2135E-01 -0.1573       0.000       250.7       0.000    
  133800   40.04      0.2805E-03 SHELL       1952  -1.1%   6016.       41.87      0.2054E-01 -0.1573       0.000       250.7       0.000    
  133900   40.07      0.2805E-03 SHELL       1952  -1.1%   6016.       41.87      0.1808E-01 -0.1573       0.000       250.7       0.000    
  134000   40.09      0.2805E-03 SHELL       1952  -1.1%   6016.       41.87      0.1881E-01 -0.1573       0.000       250.7       0.000    
  134100   40.12      0.2805E-03 SHELL       1952  -1.1%   6016.       41.87      0.1962E-01 -0.1573       0.000       250.7       0.000    
  134200   40.15      0.2805E-03 SHELL       1952  -1.1%   6016.       41.87      0.1855E-01 -0.1573       0.000       250.7       0.000    
  134300   40.18      0.2805E-03 SHELL       1952  -1.1%   6016.       41.87      0.2003E-01 -0.1573       0.000       250.7       0.000    
  134400   40.21      0.2805E-03 SHELL       1952  -1.1%   6016.       41.87      0.2231E-01 -0.1573       0.000       250.7       0.000    
  134500   40.23      0.2805E-03 SHELL       1952  -1.1%   6016.       41.87      0.2292E-01 -0.1573       0.000       250.7       0.000    
  134600   40.26      0.2805E-03 SHELL       1952  -1.1%   6016.       41.87      0.2221E-01 -0.1573       0.000       250.7       0.000    
  134700   40.29      0.2805E-03 SHELL       1952  -1.1%   6016.       41.87      0.2085E-01 -0.1573       0.000       250.7       0.000    
  134800   40.32      0.2805E-03 SHELL       1952  -1.1%   6016.       41.87      0.2057E-01 -0.1573       0.000       250.7       0.000    
  134900   40.35      0.2805E-03 SHELL       1952  -1.1%   6016.       41.87      0.1979E-01 -0.1573       0.000       250.7       0.000    
  135000   40.37      0.2805E-03 SHELL       1952  -1.1%   6016.       41.87      0.1831E-01 -0.1573       0.000       250.7       0.000    
  135100   40.40      0.2805E-03 SHELL       1952  -1.1%   6016.       41.87      0.1906E-01 -0.1573       0.000       250.7       0.000    
  135200   40.43      0.2805E-03 SHELL       1952  -1.1%   6016.       41.87      0.2179E-01 -0.1573       0.000       250.7       0.000    
  135300   40.46      0.2805E-03 SHELL       1952  -1.1%   6016.       41.87      0.2145E-01 -0.1573       0.000       250.7       0.000    
  135400   40.49      0.2805E-03 SHELL       1952  -1.1%   6016.       41.87      0.1945E-01 -0.1573       0.000       250.7       0.000    
     ANIMATION FILE: combineA082 WRITTEN
  135500   40.51      0.2805E-03 SHELL       1952  -1.1%   6016.       41.87      0.2157E-01 -0.1573       0.000       250.7       0.000    
  135600   40.54      0.2805E-03 SHELL       1952  -1.1%   6016.       41.87      0.2225E-01 -0.1573       0.000       250.7       0.000    
  135700   40.57      0.2805E-03 SHELL       1952  -1.1%   6016.       41.87      0.1982E-01 -0.1573       0.000       250.7       0.000    
  135800   40.60      0.2805E-03 SHELL       1952  -1.1%   6016.       41.87      0.2135E-01 -0.1573       0.000       250.7       0.000    
  135900   40.63      0.2805E-03 SHELL       1952  -1.1%   6016.       41.87      0.2404E-01 -0.1573       0.000       250.7       0.000    
  136000   40.65      0.2805E-03 SHELL       1952  -1.1%   6016.       41.87      0.2224E-01 -0.1573       0.000       250.7       0.000    
  136100   40.68      0.2805E-03 SHELL       1952  -1.1%   6016.       41.87      0.1965E-01 -0.1573       0.000       250.7       0.000    
  136200   40.71      0.2805E-03 SHELL       1952  -1.1%   6016.       41.87      0.2030E-01 -0.1573       0.000       250.7       0.000    
  136300   40.74      0.2805E-03 SHELL       1952  -1.1%   6016.       41.87      0.1896E-01 -0.1573       0.000       250.7       0.000    
  136400   40.77      0.2805E-03 SHELL       1952  -1.1%   6016.       41.87      0.1568E-01 -0.1573       0.000       250.7       0.000    
  136500   40.80      0.2805E-03 SHELL       1952  -1.1%   6016.       41.87      0.1619E-01 -0.1573       0.000       250.7       0.000    
  136600   40.82      0.2805E-03 SHELL       1952  -1.1%   6016.       41.87      0.1816E-01 -0.1573       0.000       250.7       0.000    
  136700   40.85      0.2805E-03 SHELL       1952  -1.1%   6016.       41.87      0.1828E-01 -0.1573       0.000       250.7       0.000    
  136800   40.88      0.2805E-03 SHELL       1952  -1.1%   6016.       41.87      0.1684E-01 -0.1573       0.000       250.7       0.000    
  136900   40.91      0.2805E-03 SHELL       1952  -1.1%   6016.       41.87      0.1668E-01 -0.1573       0.000       250.7       0.000    
  137000   40.94      0.2805E-03 SHELL       1952  -1.1%   6016.       41.87      0.1724E-01 -0.1573       0.000       250.7       0.000    
  137100   40.96      0.2805E-03 SHELL       1952  -1.1%   6016.       41.87      0.1566E-01 -0.1573       0.000       250.7       0.000    
  137200   40.99      0.2805E-03 SHELL       1952  -1.1%   6016.       41.87      0.1550E-01 -0.1573       0.000       250.7       0.000    
     ANIMATION FILE: combineA083 WRITTEN
  137300   41.02      0.2805E-03 SHELL       1952  -1.1%   6016.       41.87      0.1870E-01 -0.1573       0.000       250.7       0.000    
  137400   41.05      0.2805E-03 SHELL       1952  -1.1%   6016.       41.87      0.2071E-01 -0.1573       0.000       250.7       0.000    
   CYCLE    TIME      TIME-STEP  ELEMENT          ERROR  I-ENERGY    K-ENERGY T  K-ENERGY R  EXT-WORK     MAS.ERR     TOTAL MASS  MASS ADDED
  137500   41.08      0.2805E-03 SHELL       1952  -1.1%   6016.       41.87      0.1916E-01 -0.1573       0.000       250.7       0.000    
  137600   41.10      0.2805E-03 SHELL       1952  -1.1%   6016.       41.87      0.1961E-01 -0.1573       0.000       250.7       0.000    
  137700   41.13      0.2805E-03 SHELL       1952  -1.1%   6016.       41.87      0.2167E-01 -0.1573       0.000       250.7       0.000    
  137800   41.16      0.2805E-03 SHELL       1952  -1.1%   6016.       41.87      0.1868E-01 -0.1573       0.000       250.7       0.000    
  137900   41.19      0.2805E-03 SHELL       1952  -1.1%   6016.       41.87      0.1700E-01 -0.1573       0.000       250.7       0.000    
  138000   41.22      0.2805E-03 SHELL       1952  -1.1%   6016.       41.87      0.2013E-01 -0.1573       0.000       250.7       0.000    
  138100   41.24      0.2805E-03 SHELL       1952  -1.1%   6016.       41.87      0.2015E-01 -0.1573       0.000       250.7       0.000    
  138200   41.27      0.2805E-03 SHELL       1952  -1.1%   6016.       41.87      0.1743E-01 -0.1573       0.000       250.7       0.000    
  138300   41.30      0.2805E-03 SHELL       1952  -1.1%   6016.       41.87      0.1842E-01 -0.1573       0.000       250.7       0.000    
  138400   41.33      0.2805E-03 SHELL       1952  -1.1%   6016.       41.87      0.1993E-01 -0.1573       0.000       250.7       0.000    
  138500   41.36      0.2805E-03 SHELL       1952  -1.1%   6016.       41.87      0.1666E-01 -0.1573       0.000       250.7       0.000    
  138600   41.38      0.2805E-03 SHELL       1952  -1.1%   6016.       41.87      0.1530E-01 -0.1573       0.000       250.7       0.000    
  138700   41.41      0.2805E-03 SHELL       1952  -1.1%   6016.       41.87      0.1777E-01 -0.1573       0.000       250.7       0.000    
  138800   41.44      0.2805E-03 SHELL       1952  -1.1%   6016.       41.87      0.1802E-01 -0.1573       0.000       250.7       0.000    
  138900   41.47      0.2805E-03 SHELL       1952  -1.1%   6016.       41.87      0.1760E-01 -0.1573       0.000       250.7       0.000    
  139000   41.50      0.2805E-03 SHELL       1952  -1.1%   6016.       41.87      0.1871E-01 -0.1573       0.000       250.7       0.000    
     ANIMATION FILE: combineA084 WRITTEN
  139100   41.52      0.2805E-03 SHELL       1952  -1.1%   6016.       41.87      0.1929E-01 -0.1573       0.000       250.7       0.000    
  139200   41.55      0.2805E-03 SHELL       1952  -1.1%   6016.       41.87      0.1724E-01 -0.1573       0.000       250.7       0.000    
  139300   41.58      0.2805E-03 SHELL       1952  -1.1%   6016.       41.87      0.1564E-01 -0.1573       0.000       250.7       0.000    
  139400   41.61      0.2805E-03 SHELL       1952  -1.1%   6016.       41.87      0.1691E-01 -0.1573       0.000       250.7       0.000    
  139500   41.64      0.2805E-03 SHELL       1952  -1.1%   6016.       41.87      0.1802E-01 -0.1573       0.000       250.7       0.000    
  139600   41.66      0.2805E-03 SHELL       1952  -1.1%   6016.       41.87      0.1797E-01 -0.1573       0.000       250.7       0.000    
  139700   41.69      0.2805E-03 SHELL       1952  -1.1%   6016.       41.87      0.1873E-01 -0.1573       0.000       250.7       0.000    
  139800   41.72      0.2805E-03 SHELL       1952  -1.1%   6016.       41.87      0.2091E-01 -0.1573       0.000       250.7       0.000    
  139900   41.75      0.2805E-03 SHELL       1952  -1.1%   6016.       41.87      0.2067E-01 -0.1573       0.000       250.7       0.000    
  140000   41.78      0.2805E-03 SHELL       1952  -1.1%   6016.       41.87      0.1851E-01 -0.1573       0.000       250.7       0.000    
  140100   41.80      0.2805E-03 SHELL       1952  -1.1%   6016.       41.87      0.1991E-01 -0.1573       0.000       250.7       0.000    
  140200   41.83      0.2805E-03 SHELL       1952  -1.1%   6016.       41.87      0.2125E-01 -0.1573       0.000       250.7       0.000    
  140300   41.86      0.2805E-03 SHELL       1952  -1.1%   6016.       41.87      0.1986E-01 -0.1573       0.000       250.7       0.000    
  140400   41.89      0.2805E-03 SHELL       1952  -1.1%   6016.       41.87      0.2024E-01 -0.1573       0.000       250.7       0.000    
  140500   41.92      0.2805E-03 SHELL       1952  -1.1%   6016.       41.87      0.2177E-01 -0.1573       0.000       250.7       0.000    
  140600   41.94      0.2805E-03 SHELL       1952  -1.1%   6016.       41.87      0.1951E-01 -0.1573       0.000       250.7       0.000    
  140700   41.97      0.2805E-03 SHELL       1952  -1.1%   6016.       41.87      0.1628E-01 -0.1573       0.000       250.7       0.000    
     ANIMATION FILE: combineA085 WRITTEN
  140800   42.00      0.2805E-03 SHELL       1952  -1.1%   6016.       41.87      0.1710E-01 -0.1573       0.000       250.7       0.000    
  140900   42.03      0.2805E-03 SHELL       1952  -1.1%   6016.       41.87      0.1676E-01 -0.1573       0.000       250.7       0.000    
  141000   42.06      0.2805E-03 SHELL       1952  -1.1%   6016.       41.87      0.1466E-01 -0.1573       0.000       250.7       0.000    
  141100   42.09      0.2805E-03 SHELL       1952  -1.1%   6016.       41.87      0.1587E-01 -0.1573       0.000       250.7       0.000    
  141200   42.11      0.2805E-03 SHELL       1952  -1.1%   6016.       41.87      0.1705E-01 -0.1573       0.000       250.7       0.000    
  141300   42.14      0.2805E-03 SHELL       1952  -1.1%   6016.       41.87      0.1615E-01 -0.1573       0.000       250.7       0.000    
  141400   42.17      0.2805E-03 SHELL       1952  -1.1%   6016.       41.87      0.1589E-01 -0.1573       0.000       250.7       0.000    
  141500   42.20      0.2805E-03 SHELL       1952  -1.1%   6016.       41.87      0.1713E-01 -0.1573       0.000       250.7       0.000    
  141600   42.23      0.2805E-03 SHELL       1952  -1.1%   6016.       41.87      0.1727E-01 -0.1573       0.000       250.7       0.000    
  141700   42.25      0.2805E-03 SHELL       1952  -1.1%   6016.       41.87      0.1724E-01 -0.1573       0.000       250.7       0.000    
  141800   42.28      0.2805E-03 SHELL       1952  -1.1%   6016.       41.87      0.1925E-01 -0.1573       0.000       250.7       0.000    
  141900   42.31      0.2805E-03 SHELL       1952  -1.1%   6016.       41.87      0.2067E-01 -0.1573       0.000       250.7       0.000    
  142000   42.34      0.2805E-03 SHELL       1952  -1.1%   6016.       41.87      0.2062E-01 -0.1573       0.000       250.7       0.000    
  142100   42.37      0.2805E-03 SHELL       1952  -1.1%   6016.       41.87      0.1954E-01 -0.1573       0.000       250.7       0.000    
  142200   42.39      0.2805E-03 SHELL       1952  -1.1%   6016.       41.87      0.1895E-01 -0.1573       0.000       250.7       0.000    
  142300   42.42      0.2805E-03 SHELL       1952  -1.1%   6016.       41.87      0.1908E-01 -0.1573       0.000       250.7       0.000    
  142400   42.45      0.2805E-03 SHELL       1952  -1.1%   6016.       41.87      0.1806E-01 -0.1573       0.000       250.7       0.000    
  142500   42.48      0.2805E-03 SHELL       1952  -1.1%   6016.       41.87      0.1830E-01 -0.1573       0.000       250.7       0.000    
     ANIMATION FILE: combineA086 WRITTEN
  142600   42.51      0.2805E-03 SHELL       1952  -1.1%   6016.       41.87      0.1979E-01 -0.1573       0.000       250.7       0.000    
  142700   42.53      0.2805E-03 SHELL       1952  -1.1%   6016.       41.87      0.1965E-01 -0.1573       0.000       250.7       0.000    
  142800   42.56      0.2805E-03 SHELL       1952  -1.1%   6016.       41.87      0.1815E-01 -0.1573       0.000       250.7       0.000    
  142900   42.59      0.2805E-03 SHELL       1952  -1.1%   6016.       41.87      0.1829E-01 -0.1573       0.000       250.7       0.000    
   CYCLE    TIME      TIME-STEP  ELEMENT          ERROR  I-ENERGY    K-ENERGY T  K-ENERGY R  EXT-WORK     MAS.ERR     TOTAL MASS  MASS ADDED
  143000   42.62      0.2805E-03 SHELL       1952  -1.1%   6016.       41.87      0.1920E-01 -0.1573       0.000       250.7       0.000    
  143100   42.65      0.2805E-03 SHELL       1952  -1.1%   6016.       41.87      0.1822E-01 -0.1573       0.000       250.7       0.000    
  143200   42.67      0.2805E-03 SHELL       1952  -1.1%   6016.       41.87      0.1919E-01 -0.1573       0.000       250.7       0.000    
  143300   42.70      0.2805E-03 SHELL       1952  -1.1%   6016.       41.87      0.2148E-01 -0.1573       0.000       250.7       0.000    
  143400   42.73      0.2805E-03 SHELL       1952  -1.1%   6016.       41.87      0.2118E-01 -0.1573       0.000       250.7       0.000    
  143500   42.76      0.2805E-03 SHELL       1952  -1.1%   6016.       41.87      0.2050E-01 -0.1573       0.000       250.7       0.000    
  143600   42.79      0.2805E-03 SHELL       1952  -1.1%   6016.       41.87      0.2067E-01 -0.1573       0.000       250.7       0.000    
  143700   42.81      0.2805E-03 SHELL       1952  -1.1%   6016.       41.87      0.2000E-01 -0.1573       0.000       250.7       0.000    
  143800   42.84      0.2805E-03 SHELL       1952  -1.1%   6016.       41.87      0.1826E-01 -0.1573       0.000       250.7       0.000    
  143900   42.87      0.2805E-03 SHELL       1952  -1.1%   6016.       41.87      0.1821E-01 -0.1573       0.000       250.7       0.000    
  144000   42.90      0.2805E-03 SHELL       1952  -1.1%   6016.       41.87      0.1916E-01 -0.1573       0.000       250.7       0.000    
  144100   42.93      0.2805E-03 SHELL       1952  -1.1%   6016.       41.87      0.1935E-01 -0.1573       0.000       250.7       0.000    
  144200   42.95      0.2805E-03 SHELL       1952  -1.1%   6016.       41.87      0.1985E-01 -0.1573       0.000       250.7       0.000    
  144300   42.98      0.2805E-03 SHELL       1952  -1.1%   6016.       41.87      0.1937E-01 -0.1573       0.000       250.7       0.000    
     ANIMATION FILE: combineA087 WRITTEN
  144400   43.01      0.2805E-03 SHELL       1952  -1.1%   6016.       41.87      0.1858E-01 -0.1573       0.000       250.7       0.000    
  144500   43.04      0.2805E-03 SHELL       1952  -1.1%   6016.       41.87      0.1818E-01 -0.1573       0.000       250.7       0.000    
  144600   43.07      0.2805E-03 SHELL       1952  -1.1%   6016.       41.87      0.1742E-01 -0.1573       0.000       250.7       0.000    
  144700   43.09      0.2805E-03 SHELL       1952  -1.1%   6016.       41.87      0.1815E-01 -0.1573       0.000       250.7       0.000    
  144800   43.12      0.2805E-03 SHELL       1952  -1.1%   6016.       41.87      0.1990E-01 -0.1573       0.000       250.7       0.000    
  144900   43.15      0.2805E-03 SHELL       1952  -1.1%   6016.       41.87      0.2028E-01 -0.1573       0.000       250.7       0.000    
  145000   43.18      0.2805E-03 SHELL       1952  -1.1%   6016.       41.87      0.1914E-01 -0.1573       0.000       250.7       0.000    
  145100   43.21      0.2805E-03 SHELL       1952  -1.1%   6016.       41.87      0.1903E-01 -0.1573       0.000       250.7       0.000    
  145200   43.24      0.2805E-03 SHELL       1952  -1.1%   6016.       41.87      0.1830E-01 -0.1573       0.000       250.7       0.000    
  145300   43.26      0.2805E-03 SHELL       1952  -1.1%   6016.       41.87      0.1562E-01 -0.1573       0.000       250.7       0.000    
  145400   43.29      0.2805E-03 SHELL       1952  -1.1%   6016.       41.87      0.1548E-01 -0.1573       0.000       250.7       0.000    
  145500   43.32      0.2805E-03 SHELL       1952  -1.1%   6016.       41.87      0.1653E-01 -0.1573       0.000       250.7       0.000    
  145600   43.35      0.2805E-03 SHELL       1952  -1.1%   6016.       41.87      0.1597E-01 -0.1573       0.000       250.7       0.000    
  145700   43.38      0.2805E-03 SHELL       1952  -1.1%   6016.       41.87      0.1556E-01 -0.1573       0.000       250.7       0.000    
  145800   43.40      0.2805E-03 SHELL       1952  -1.1%   6016.       41.87      0.1613E-01 -0.1573       0.000       250.7       0.000    
  145900   43.43      0.2805E-03 SHELL       1952  -1.1%   6016.       41.87      0.1637E-01 -0.1573       0.000       250.7       0.000    
  146000   43.46      0.2805E-03 SHELL       1952  -1.1%   6016.       41.87      0.1542E-01 -0.1573       0.000       250.7       0.000    
  146100   43.49      0.2805E-03 SHELL       1952  -1.1%   6016.       41.87      0.1578E-01 -0.1573       0.000       250.7       0.000    
     ANIMATION FILE: combineA088 WRITTEN
  146200   43.52      0.2805E-03 SHELL       1952  -1.1%   6016.       41.87      0.1754E-01 -0.1573       0.000       250.7       0.000    
  146300   43.54      0.2805E-03 SHELL       1952  -1.1%   6016.       41.87      0.1909E-01 -0.1573       0.000       250.7       0.000    
  146400   43.57      0.2805E-03 SHELL       1952  -1.1%   6016.       41.87      0.1952E-01 -0.1573       0.000       250.7       0.000    
  146500   43.60      0.2805E-03 SHELL       1952  -1.1%   6016.       41.87      0.1933E-01 -0.1573       0.000       250.7       0.000    
  146600   43.63      0.2805E-03 SHELL       1952  -1.1%   6016.       41.87      0.2023E-01 -0.1573       0.000       250.7       0.000    
  146700   43.66      0.2805E-03 SHELL       1952  -1.1%   6016.       41.87      0.1909E-01 -0.1573       0.000       250.7       0.000    
  146800   43.68      0.2805E-03 SHELL       1952  -1.1%   6016.       41.87      0.1707E-01 -0.1573       0.000       250.7       0.000    
  146900   43.71      0.2805E-03 SHELL       1952  -1.1%   6016.       41.87      0.1846E-01 -0.1573       0.000       250.7       0.000    
  147000   43.74      0.2805E-03 SHELL       1952  -1.1%   6016.       41.87      0.1989E-01 -0.1573       0.000       250.7       0.000    
  147100   43.77      0.2805E-03 SHELL       1952  -1.1%   6016.       41.87      0.1841E-01 -0.1573       0.000       250.7       0.000    
  147200   43.80      0.2805E-03 SHELL       1952  -1.1%   6016.       41.87      0.1794E-01 -0.1573       0.000       250.7       0.000    
  147300   43.82      0.2805E-03 SHELL       1952  -1.1%   6016.       41.87      0.2008E-01 -0.1573       0.000       250.7       0.000    
  147400   43.85      0.2805E-03 SHELL       1952  -1.1%   6016.       41.87      0.1891E-01 -0.1573       0.000       250.7       0.000    
  147500   43.88      0.2805E-03 SHELL       1952  -1.1%   6016.       41.87      0.1660E-01 -0.1573       0.000       250.7       0.000    
  147600   43.91      0.2805E-03 SHELL       1952  -1.1%   6016.       41.87      0.1922E-01 -0.1573       0.000       250.7       0.000    
  147700   43.94      0.2805E-03 SHELL       1952  -1.1%   6016.       41.87      0.2111E-01 -0.1573       0.000       250.7       0.000    
  147800   43.96      0.2805E-03 SHELL       1952  -1.1%   6016.       41.87      0.1991E-01 -0.1573       0.000       250.7       0.000    
  147900   43.99      0.2805E-03 SHELL       1952  -1.1%   6016.       41.87      0.2043E-01 -0.1573       0.000       250.7       0.000    
     ANIMATION FILE: combineA089 WRITTEN
  148000   44.02      0.2805E-03 SHELL       1952  -1.1%   6016.       41.87      0.2251E-01 -0.1573       0.000       250.7       0.000    
  148100   44.05      0.2805E-03 SHELL       1952  -1.1%   6016.       41.87      0.2138E-01 -0.1573       0.000       250.7       0.000    
  148200   44.08      0.2805E-03 SHELL       1952  -1.1%   6016.       41.87      0.1883E-01 -0.1573       0.000       250.7       0.000    
  148300   44.10      0.2805E-03 SHELL       1952  -1.1%   6016.       41.87      0.1972E-01 -0.1573       0.000       250.7       0.000    
  148400   44.13      0.2805E-03 SHELL       1952  -1.1%   6016.       41.87      0.2067E-01 -0.1573       0.000       250.7       0.000    
   CYCLE    TIME      TIME-STEP  ELEMENT          ERROR  I-ENERGY    K-ENERGY T  K-ENERGY R  EXT-WORK     MAS.ERR     TOTAL MASS  MASS ADDED
  148500   44.16      0.2805E-03 SHELL       1952  -1.1%   6016.       41.87      0.1934E-01 -0.1573       0.000       250.7       0.000    
  148600   44.19      0.2805E-03 SHELL       1952  -1.1%   6016.       41.87      0.1852E-01 -0.1573       0.000       250.7       0.000    
  148700   44.22      0.2805E-03 SHELL       1952  -1.1%   6016.       41.87      0.1967E-01 -0.1573       0.000       250.7       0.000    
  148800   44.24      0.2805E-03 SHELL       1952  -1.1%   6016.       41.87      0.1942E-01 -0.1573       0.000       250.7       0.000    
  148900   44.27      0.2805E-03 SHELL       1952  -1.1%   6016.       41.87      0.1602E-01 -0.1573       0.000       250.7       0.000    
  149000   44.30      0.2805E-03 SHELL       1952  -1.1%   6016.       41.87      0.1592E-01 -0.1573       0.000       250.7       0.000    
  149100   44.33      0.2805E-03 SHELL       1952  -1.1%   6016.       41.87      0.1871E-01 -0.1573       0.000       250.7       0.000    
  149200   44.36      0.2805E-03 SHELL       1952  -1.1%   6016.       41.87      0.1830E-01 -0.1573       0.000       250.7       0.000    
  149300   44.39      0.2805E-03 SHELL       1952  -1.1%   6016.       41.87      0.1763E-01 -0.1573       0.000       250.7       0.000    
  149400   44.41      0.2805E-03 SHELL       1952  -1.1%   6016.       41.87      0.2034E-01 -0.1573       0.000       250.7       0.000    
  149500   44.44      0.2805E-03 SHELL       1952  -1.1%   6016.       41.87      0.2080E-01 -0.1573       0.000       250.7       0.000    
  149600   44.47      0.2805E-03 SHELL       1952  -1.1%   6016.       41.87      0.1650E-01 -0.1573       0.000       250.7       0.000    
  149700   44.50      0.2805E-03 SHELL       1952  -1.1%   6016.       41.87      0.1605E-01 -0.1573       0.000       250.7       0.000    
     ANIMATION FILE: combineA090 WRITTEN
  149800   44.53      0.2805E-03 SHELL       1952  -1.1%   6016.       41.87      0.1868E-01 -0.1573       0.000       250.7       0.000    
  149900   44.55      0.2805E-03 SHELL       1952  -1.1%   6016.       41.87      0.1709E-01 -0.1573       0.000       250.7       0.000    
  150000   44.58      0.2805E-03 SHELL       1952  -1.1%   6016.       41.87      0.1616E-01 -0.1573       0.000       250.7       0.000    
  150100   44.61      0.2805E-03 SHELL       1952  -1.1%   6016.       41.87      0.1887E-01 -0.1573       0.000       250.7       0.000    
  150200   44.64      0.2805E-03 SHELL       1952  -1.1%   6016.       41.87      0.1946E-01 -0.1573       0.000       250.7       0.000    
  150300   44.67      0.2805E-03 SHELL       1952  -1.1%   6016.       41.87      0.1665E-01 -0.1573       0.000       250.7       0.000    
  150400   44.69      0.2805E-03 SHELL       1952  -1.1%   6016.       41.87      0.1628E-01 -0.1573       0.000       250.7       0.000    
  150500   44.72      0.2805E-03 SHELL       1952  -1.1%   6016.       41.87      0.1816E-01 -0.1573       0.000       250.7       0.000    
  150600   44.75      0.2805E-03 SHELL       1952  -1.1%   6016.       41.87      0.1758E-01 -0.1573       0.000       250.7       0.000    
  150700   44.78      0.2805E-03 SHELL       1952  -1.1%   6016.       41.87      0.1718E-01 -0.1573       0.000       250.7       0.000    
  150800   44.81      0.2805E-03 SHELL       1952  -1.1%   6016.       41.87      0.1901E-01 -0.1573       0.000       250.7       0.000    
  150900   44.83      0.2805E-03 SHELL       1952  -1.1%   6016.       41.87      0.2021E-01 -0.1573       0.000       250.7       0.000    
  151000   44.86      0.2805E-03 SHELL       1952  -1.1%   6016.       41.87      0.1837E-01 -0.1573       0.000       250.7       0.000    
  151100   44.89      0.2805E-03 SHELL       1952  -1.1%   6016.       41.87      0.1637E-01 -0.1573       0.000       250.7       0.000    
  151200   44.92      0.2805E-03 SHELL       1952  -1.1%   6016.       41.87      0.1782E-01 -0.1573       0.000       250.7       0.000    
  151300   44.95      0.2805E-03 SHELL       1952  -1.1%   6016.       41.87      0.1849E-01 -0.1573       0.000       250.7       0.000    
  151400   44.97      0.2805E-03 SHELL       1952  -1.1%   6016.       41.87      0.1765E-01 -0.1573       0.000       250.7       0.000    

     RESTART FILES: combine_0001_[0001-0001].rst WRITTEN
     -------------

     ANIMATION FILE: combineA091 WRITTEN
  
                           ** CPU USER TIME **
  
  
                        ** SUMMARY **
  
 #PROC  CONTSORT  CONTFOR   ELEMENT   KINCOND   INTEG     IO        T0        ASM       RESOL    
   1   .7019E+02 .1505E+03 .1712E+03 .4948E+02 .4489E+02 .9047E+01 .1562E-01 .9567E+02 .6196E+03
  
 
                   ** CUMULATIVE CPU TIME SUMMARY **
  
 CONTACT SORTING.............: .7019E+02    11.33 % 
 CONTACT FORCES..............: .1505E+03    24.28 % 
 .. INCLUDING CONTACT NORMALS: .7288E+02    11.76 % 
 ELEMENT FORCES..............: .1712E+03    27.63 % 
 KINEMATIC COND..............: .4948E+02     7.99 % 
 INTEGRATION.................: .4489E+02     7.25 % 
 ASSEMBLING..................: .9567E+02    15.44 % 
 OTHERS (including I/O)......: .3772E+02     6.09 % 
 TOTAL.......................: .6196E+03   100.00 % 
  
  
                           ** ELAPSED TIME **
  
  
                        ** SUMMARY **
  
 #PROC  CONTSORT  CONTFOR   ELEMENT   KINCOND   INTEG     IO        T0        ASM       RESOL    
   1   .5055E+02 .9845E+02 .5267E+02 .4015E+02 .2818E+02 .1129E+02 .1965E+01 .7752E+02 .3837E+03
  
                   ** MEMORY USAGE STATISTICS **
  
 TOTAL MEMORY USED .........................:       59 MB
 MAXIMUM MEMORY PER PROCESSOR...............:       59 MB
 MINIMUM MEMORY PER PROCESSOR...............:       59 MB
 AVERAGE MEMORY PER PROCESSOR...............:       59 MB
  
                   ** DISK USAGE STATISTICS **
  
 TOTAL DISK SPACE USED .....................:         42 MB
 ANIMATION/H3D/TH/OUTP SIZE ................:         37 MB
 RESTART FILE SIZE .........................:          5 MB
  
                   ** COMPUTE TIME INFORMATION **
                        ** CURRENT ENGINE **
  
 EXECUTION STARTED .........................:      2026/01/12  00:08:30
 EXECUTION COMPLETED .......................:      2026/01/12  00:14:54
  
 ELAPSED TIME     =        383.77 s
                          0:06:23



     NORMAL TERMINATION      



     TOTAL NUMBER OF CYCLES  :  151494

  
                   ** COMPUTE RUNTIME INFORMATION SUMMARY **
  
        STARTER RUNTIME =          1.06s (00:00:01)
 # 001   ENGINE RUNTIME =        383.77s (00:06:23)
 ------------------------------ 
 STARTER+ENGINE RUNTIME =        384.83s (00:06:24)
  
