 combine_0000.out
************************************************************************
**                                                                    **
**                                                                    **
**                        OpenRadioss Starter                         **
**                                                                    **
**            Non-linear Finite Element Analysis Software             **
**                                                                    **
**                                                                    **
**                                                                    **
**                  Windows 64 bits, Intel compiler                   **
**                      Double Precision Version                      **
**                                                                    **
**                                                                    **
**                                                                    **
************************************************************************
** OpenRadioss Software                                               **
** COPYRIGHT (C) 1986-2025 Altair Engineering, Inc.                   **
** Licensed under GNU Affero General Public License.                  **
** See License file.                                                  **
************************************************************************
 
  
 COMPUTATION HARDWARE DESCRIPTION
  
 HOSTNAME     CPU TYPE, FREQUENCY AND MEMORY
 Jialiang   13th Gen Intel(R) Core(TM) i7-13700H (x86_64), 2900 MHz,   3829 MB RAM,  29744 MB swap
  
 STACKSIZE  . . . . . . . . . . . . . . . . . . . . 1430 MB
 THREAD STACKSIZE . . . . . . . . . . . . . . . . . 400 MB
 
************************************************************************
*KEYWORD MAPPING TO RADIOSS PROCESS 
************************************************************************

*BOUNDARY_SPC_SET (0)  BOUNDARY_SPC_SET
    is mapped to
/BCS (1)  BOUNDARY_SPC_SET

*CONTACT_AUTOMATIC_SINGLE_SURFACE (0)  CONTACT
    is mapped to
/INTER/TYPE25 (1)  CONTACT

*CONTACT_AUTOMATIC_SINGLE_SURFACE (0)  CONTACT
    is mapped to
/SET/GENERAL (103)  surf_ID1_CONTACT

*CONTACT_AUTOMATIC_SINGLE_SURFACE (0)  CONTACT
    is mapped to
/TH/INTER (3)  TH-INTER

*CONTROL_TERMINATION (0)  CONTROL_TERMINATION
    is mapped to
/RUN (3)  

*CONTROL_TERMINATION (0)  CONTROL_TERMINATION
    is mapped to
/STOP (4)  

*CONTROL_UNITS (0)  CONTROL_UNITS
    is mapped to
/BEGIN (1)  

*DATABASE_BINARY_D3PLOT (0)  DATABASE_BINARY_D3PLOT
    is mapped to
/ANIM/DT (5)  

*DATABASE_BINARY_D3PLOT (0)  DATABASE_BINARY_D3PLOT
    is mapped to
/ANIM/SPRING/FORC (12)  

*DATABASE_BINARY_D3PLOT (0)  DATABASE_BINARY_D3PLOT
    is mapped to
/ANIM/VECT (11)  

*DATABASE_ELOUT (0)  DATABASE_OPTION
    is mapped to
/TFILE (2)  

*DATABASE_EXTENT_BINARY (0)  DATABASE_EXTENT_BINARY
    is mapped to
/ANIM/BRICK/TENS (8)  

*DATABASE_EXTENT_BINARY (0)  DATABASE_EXTENT_BINARY
    is mapped to
/ANIM/ELEM (9)  

*DATABASE_EXTENT_BINARY (0)  DATABASE_EXTENT_BINARY
    is mapped to
/ANIM/SHELL/EPSP (10)  

*DATABASE_EXTENT_BINARY (0)  DATABASE_EXTENT_BINARY
    is mapped to
/ANIM/SHELL/TENS/STRESS (7)  

*DATABASE_HISTORY_NODE (0)  DATABASE_HISTORY_NODE
    is mapped to
/TH/NODE (2)  DATABASE_HISTORY_NODE

*DATABASE_NODOUT (0)  DATABASE_OPTION
    is mapped to
/TFILE (2)  

*DATABASE_RCFORC (0)  DATABASE_OPTION
    is mapped to
/TFILE (2)  

*DATABASE_RWFORC (0)  DATABASE_OPTION
    is mapped to
/TFILE (2)  

*DEFINE_CURVE (1)  DEFINE_CURVE_1
    is mapped to
/FUNCT (1)  DEFINE_CURVE_1

*MAT_PIECEWISE_LINEAR_PLASTICITY (999)  MATL24_999
    is mapped to
/MAT/LAW44 (999)  MATL24_999

*MAT_PIECEWISE_LINEAR_PLASTICITY (999)  MATL24_999
    is mapped to
/MAT/LAW44 (1000)  MATL24_999

*MAT_PIECEWISE_LINEAR_PLASTICITY (999)  MATL24_999
    is mapped to
/MAT/LAW44 (1001)  MATL24_999

*MAT_PIECEWISE_LINEAR_PLASTICITY (999)  MATL24_999
    is mapped to
/MAT/LAW44 (1002)  MATL24_999

*MAT_PIECEWISE_LINEAR_PLASTICITY (999)  MATL24_999
    is mapped to
/MAT/LAW44 (1003)  MATL24_999

*MAT_PIECEWISE_LINEAR_PLASTICITY (999)  MATL24_999
    is mapped to
/MAT/LAW44 (1004)  MATL24_999

*MAT_PIECEWISE_LINEAR_PLASTICITY (999)  MATL24_999
    is mapped to
/MAT/LAW44 (1005)  MATL24_999

*MAT_PIECEWISE_LINEAR_PLASTICITY (999)  MATL24_999
    is mapped to
/MAT/LAW44 (1006)  MATL24_999

*MAT_PIECEWISE_LINEAR_PLASTICITY (999)  MATL24_999
    is mapped to
/MAT/LAW44 (1007)  MATL24_999

*MAT_PIECEWISE_LINEAR_PLASTICITY (999)  MATL24_999
    is mapped to
/MAT/LAW44 (1008)  MATL24_999

*MAT_PIECEWISE_LINEAR_PLASTICITY (999)  MATL24_999
    is mapped to
/MAT/LAW44 (1009)  MATL24_999

*MAT_PIECEWISE_LINEAR_PLASTICITY (999)  MATL24_999
    is mapped to
/MAT/LAW44 (1010)  MATL24_999

*MAT_PIECEWISE_LINEAR_PLASTICITY (999)  MATL24_999
    is mapped to
/MAT/LAW44 (1011)  MATL24_999

*MAT_PIECEWISE_LINEAR_PLASTICITY (999)  MATL24_999
    is mapped to
/MAT/LAW44 (1012)  MATL24_999

*MAT_PIECEWISE_LINEAR_PLASTICITY (999)  MATL24_999
    is mapped to
/MAT/LAW44 (1013)  MATL24_999

*MAT_PIECEWISE_LINEAR_PLASTICITY (999)  MATL24_999
    is mapped to
/MAT/LAW44 (1014)  MATL24_999

*MAT_PIECEWISE_LINEAR_PLASTICITY (999)  MATL24_999
    is mapped to
/MAT/LAW44 (1015)  MATL24_999

*MAT_PIECEWISE_LINEAR_PLASTICITY (999)  MATL24_999
    is mapped to
/MAT/LAW44 (1016)  MATL24_999

*MAT_PIECEWISE_LINEAR_PLASTICITY (999)  MATL24_999
    is mapped to
/MAT/LAW44 (1017)  MATL24_999

*MAT_PIECEWISE_LINEAR_PLASTICITY (999)  MATL24_999
    is mapped to
/MAT/LAW44 (1018)  MATL24_999

*MAT_PIECEWISE_LINEAR_PLASTICITY (999)  MATL24_999
    is mapped to
/MAT/LAW44 (1019)  MATL24_999

*MAT_PIECEWISE_LINEAR_PLASTICITY (999)  MATL24_999
    is mapped to
/MAT/LAW44 (1020)  MATL24_999

*MAT_PIECEWISE_LINEAR_PLASTICITY (999)  MATL24_999
    is mapped to
/MAT/LAW44 (1021)  MATL24_999

*MAT_PIECEWISE_LINEAR_PLASTICITY (999)  MATL24_999
    is mapped to
/MAT/LAW44 (1022)  MATL24_999

*MAT_PIECEWISE_LINEAR_PLASTICITY (999)  MATL24_999
    is mapped to
/MAT/LAW44 (1023)  MATL24_999

*MAT_PIECEWISE_LINEAR_PLASTICITY (999)  MATL24_999
    is mapped to
/MAT/LAW44 (1024)  MATL24_999

*MAT_PIECEWISE_LINEAR_PLASTICITY (999)  MATL24_999
    is mapped to
/MAT/LAW44 (1025)  MATL24_999

*MAT_PIECEWISE_LINEAR_PLASTICITY (999)  MATL24_999
    is mapped to
/MAT/LAW44 (1026)  MATL24_999

*MAT_PIECEWISE_LINEAR_PLASTICITY (999)  MATL24_999
    is mapped to
/MAT/LAW44 (1027)  MATL24_999

*MAT_PIECEWISE_LINEAR_PLASTICITY (999)  MATL24_999
    is mapped to
/MAT/LAW44 (1028)  MATL24_999

*PART (101)  Part_101
    is mapped to
/PART (101)  Part_101

*PART (102)  Part_102
    is mapped to
/PART (102)  Part_102

*PART (103)  Part_103
    is mapped to
/PART (103)  Part_103

*PART (104)  Part_104
    is mapped to
/PART (104)  Part_104

*PART (105)  Part_105
    is mapped to
/PART (105)  Part_105

*PART (106)  Part_106
    is mapped to
/PART (106)  Part_106

*PART (107)  Part_107
    is mapped to
/PART (107)  Part_107

*PART (108)  Part_108
    is mapped to
/PART (108)  Part_108

*PART (109)  Part_109
    is mapped to
/PART (109)  Part_109

*PART (110)  Part_110
    is mapped to
/PART (110)  Part_110

*PART (111)  Part_111
    is mapped to
/PART (111)  Part_111

*PART (112)  Part_112
    is mapped to
/PART (112)  Part_112

*PART (113)  Part_113
    is mapped to
/PART (113)  Part_113

*PART (114)  Part_114
    is mapped to
/PART (114)  Part_114

*PART (115)  Part_115
    is mapped to
/PART (115)  Part_115

*PART (116)  Part_116
    is mapped to
/PART (116)  Part_116

*PART (117)  Part_117
    is mapped to
/PART (117)  Part_117

*PART (118)  Part_118
    is mapped to
/PART (118)  Part_118

*PART (119)  Part_119
    is mapped to
/PART (119)  Part_119

*PART (120)  Part_120
    is mapped to
/PART (120)  Part_120

*PART (121)  Part_121
    is mapped to
/PART (121)  Part_121

*PART (122)  Part_122
    is mapped to
/PART (122)  Part_122

*PART (123)  Part_123
    is mapped to
/PART (123)  Part_123

*PART (124)  Part_124
    is mapped to
/PART (124)  Part_124

*PART (125)  Part_125
    is mapped to
/PART (125)  Part_125

*PART (126)  Part_126
    is mapped to
/PART (126)  Part_126

*PART (127)  Part_127
    is mapped to
/PART (127)  Part_127

*PART (128)  Part_128
    is mapped to
/PART (128)  Part_128

*PART (129)  Part_129
    is mapped to
/PART (129)  Part_129

*PART (130)  Part_130
    is mapped to
/PART (130)  Part_130

*SECTION_SHELL (101)  SECTION_SHELL_101
    is mapped to
/PROP/TYPE1 (101)  SECTION_SHELL_101

*SECTION_SHELL (102)  SECTION_SHELL_102
    is mapped to
/PROP/TYPE1 (102)  SECTION_SHELL_102

*SECTION_SHELL (103)  SECTION_SHELL_103
    is mapped to
/PROP/TYPE1 (103)  SECTION_SHELL_103

*SECTION_SHELL (104)  SECTION_SHELL_104
    is mapped to
/PROP/TYPE1 (104)  SECTION_SHELL_104

*SECTION_SHELL (105)  SECTION_SHELL_105
    is mapped to
/PROP/TYPE1 (105)  SECTION_SHELL_105

*SECTION_SHELL (106)  SECTION_SHELL_106
    is mapped to
/PROP/TYPE1 (106)  SECTION_SHELL_106

*SECTION_SHELL (107)  SECTION_SHELL_107
    is mapped to
/PROP/TYPE1 (107)  SECTION_SHELL_107

*SECTION_SHELL (108)  SECTION_SHELL_108
    is mapped to
/PROP/TYPE1 (108)  SECTION_SHELL_108

*SECTION_SHELL (109)  SECTION_SHELL_109
    is mapped to
/PROP/TYPE1 (109)  SECTION_SHELL_109

*SECTION_SHELL (110)  SECTION_SHELL_110
    is mapped to
/PROP/TYPE1 (110)  SECTION_SHELL_110

*SECTION_SHELL (111)  SECTION_SHELL_111
    is mapped to
/PROP/TYPE1 (111)  SECTION_SHELL_111

*SECTION_SHELL (112)  SECTION_SHELL_112
    is mapped to
/PROP/TYPE1 (112)  SECTION_SHELL_112

*SECTION_SHELL (113)  SECTION_SHELL_113
    is mapped to
/PROP/TYPE1 (113)  SECTION_SHELL_113

*SECTION_SHELL (114)  SECTION_SHELL_114
    is mapped to
/PROP/TYPE1 (114)  SECTION_SHELL_114

*SECTION_SHELL (115)  SECTION_SHELL_115
    is mapped to
/PROP/TYPE1 (115)  SECTION_SHELL_115

*SECTION_SHELL (116)  SECTION_SHELL_116
    is mapped to
/PROP/TYPE1 (116)  SECTION_SHELL_116

*SECTION_SHELL (117)  SECTION_SHELL_117
    is mapped to
/PROP/TYPE1 (117)  SECTION_SHELL_117

*SECTION_SHELL (118)  SECTION_SHELL_118
    is mapped to
/PROP/TYPE1 (118)  SECTION_SHELL_118

*SECTION_SHELL (119)  SECTION_SHELL_119
    is mapped to
/PROP/TYPE1 (119)  SECTION_SHELL_119

*SECTION_SHELL (120)  SECTION_SHELL_120
    is mapped to
/PROP/TYPE1 (120)  SECTION_SHELL_120

*SECTION_SHELL (121)  SECTION_SHELL_121
    is mapped to
/PROP/TYPE1 (121)  SECTION_SHELL_121

*SECTION_SHELL (122)  SECTION_SHELL_122
    is mapped to
/PROP/TYPE1 (122)  SECTION_SHELL_122

*SECTION_SHELL (123)  SECTION_SHELL_123
    is mapped to
/PROP/TYPE1 (123)  SECTION_SHELL_123

*SECTION_SHELL (124)  SECTION_SHELL_124
    is mapped to
/PROP/TYPE1 (124)  SECTION_SHELL_124

*SECTION_SHELL (125)  SECTION_SHELL_125
    is mapped to
/PROP/TYPE1 (125)  SECTION_SHELL_125

*SECTION_SHELL (126)  SECTION_SHELL_126
    is mapped to
/PROP/TYPE1 (126)  SECTION_SHELL_126

*SECTION_SHELL (127)  SECTION_SHELL_127
    is mapped to
/PROP/TYPE1 (127)  SECTION_SHELL_127

*SECTION_SHELL (128)  SECTION_SHELL_128
    is mapped to
/PROP/TYPE1 (128)  SECTION_SHELL_128

*SECTION_SHELL (129)  SECTION_SHELL_129
    is mapped to
/PROP/TYPE1 (129)  SECTION_SHELL_129

*SECTION_SHELL (130)  SECTION_SHELL_130
    is mapped to
/PROP/TYPE1 (130)  SECTION_SHELL_130

*SET_NODE_LIST (101)  Node_101
    is mapped to
/SET/GENERAL (101)  Node_101

*SET_NODE_LIST (102)  Node_102
    is mapped to
/SET/GENERAL (102)  Node_102



************************************************************************
* RADIOSS STARTER PROCESS
************************************************************************


************************************************************************
* INPUT READING PROCESS
************************************************************************

WARNING ID : 100214
** WARNING IN INPUT OPTIONS
DESCRIPTION :  
-- BLOCK: /RWALL/PLANE/1
-- LINE: 200                   1                 150                   0         0
unsupported field exists
SOLUTION :     
    Please check input format and fields description defined in the Reference Guide.

WARNING ID : 100214
** WARNING IN INPUT OPTIONS
DESCRIPTION :  
-- BLOCK: /RWALL/PLANE/2
-- LINE: 200                   1                 150                   0         0
unsupported field exists
SOLUTION :     
    Please check input format and fields description defined in the Reference Guide.

 -NO SYNTAX ERROR DETECTED DURING INPUT READING PROCESS




************************************************************************



    UNIT SYSTEMS DEFINITION     
    -----------------------     

                                                          MASS                LENGTH              TIME
    WORK UNIT SYSTEM . . . . . . ( kg , mm , ms  ) 1.0000000000000E+00 1.0000000000000E-03 1.0000000000000E-03
    INPUT UNIT SYSTEM  . . . . . ( kg , mm , ms  ) 1.0000000000000E+00 1.0000000000000E-03 1.0000000000000E-03



    CONTROL  PARAMETERS                                                                  
    -------------------                                                                  

    IPRI  : PRINTOUT FLAG . . . . . . . . . . . . . . . .         0
    INVERS: MANUAL VERSION OF THIS INPUT DECK . . . . . .      2026
    NSUBS:   NUMBER OF SUBSETS. . . . . . . . . . . . . .         1
    NPART:   NUMBER OF PARTS. . . . . . . . . . . . . . .        30
    NUMMAT: NUMBER OF MATERIALS . . . . . . . . . . . . .        30
    NUMGEO: NUMBER OF PROPERTY SETS . . . . . . . . . . .        30
    NUMNOD: NUMBER OF NODAL POINTS. . . . . . . . . . . .      2977
    NUMSKW: NUMBER OF SKEW REFERENCE FRAMES . . . . . . .         0
    NUMBCS: NUMBER OF BOUNDARY CONDITIONS . . . . . . . .         1
    NUMFRAM: NUMBER OF REFERENCE FRAMES . . . . . . . . .         0
    NUMELQ: NUMBER OF 2D QUAD ELEMENTS. . . . . . . . . .         0
    NUMELT3 : NUMBER OF 2D TRIA ELEMENTS. . . . . . . . .         0
    NUMELS: NUMBER OF 3D SOLID ELEMENTS . . . . . . . . .         0
    NUMELC: NUMBER OF 3D SHELL ELEMENTS (4-NODES) . . . .      2880
    NUMELT: NUMBER OF 3D TRUSS ELEMENTS . . . . . . . . .         0
    NUMELP: NUMBER OF 3D BEAM  ELEMENTS . . . . . . . . .         0
    NUMELR: NUMBER OF 3D SPRING ELEMENTS. . . . . . . . .         0
    NUMELTG: NUMBER OF 3D SHELL ELEMENTS (3-NODES). . . .         0
    NUMELX: NUMBER OF MULTIPURPOSE ELEMENTS . . . . . . .         0
    NUMELIG3D: NUMBER OF ISO-GEOMETRIC ELEMENTS . . . . .         0
    NUMSPH : NUMBER OF SMOOTH PARTICLES (SPH CELLS) . . .         0
    NSPHBCS: NUMBER OF SPH SYMMETRY CONDITIONS. . . . . .         0
    NSPHIO : NUMBER OF SPH INLET/OUTLET CONDITIONS. . . .         0

    NFUNCT: NUMBER OF USER'S FUNCTIONS . . . . . . . . .          1
    NGRAV:  NUMBER OF GRAVITY LOADS . . . . . . . . . . .         0
    NFUNC2D:  NUMBER OF USER 2D FUNCTIONS . . . . . . . .         0
    NINIGRV:NUMBER OF INITIAL GRAVITY LOADS . . . . . . .         0
    NCONLD: NUMBER OF CONCENTRATED LOADS. . . . . . . . .         0
    NINVEL: NUMBER OF INITIAL VELOCITIES. . . . . . . . .         0
    NPRELD: NUMBER OF PRESSURE LOADS. . . . . . . . . . .         0
    NINIMAP1D: NUMBER OF INITIAL 1D MAPPING.. . . . . . .         0
    NINIMAP2D: NUMBER OF INITIAL 2D MAPPING.. . . . . . .         0
    NUMBER OF ACCELEROMETERS. . . . . . . . . . . . . . .         0
    NUMBER OF SENSORS . . . . . . . . . . . . . . . . . .         0
    NUMBER OF GAUGES. . . . . . . . . . . . . . . . . . .         0
    NINTER: NUMBER OF INTERFACES. . . . . . . . . . . . .         1
    NRWALL: NUMBER OF RIGID WALLS . . . . . . . . . . . .         2
    NRBODY: NUMBER OF RIGID BODIES. . . . . . . . . . . .         0
    NFXBODY: NUMBER OF FLEXIBLE BODIES. . . . . . . . . .         0
    NCONX : NUMBER OF RIGID LINKS TO MADYMO BODIES. . . .         0
    NODMAS: NUMBER OF ADDED NODAL MASSES. . . . . . . . .         0
    NIMPDISP: NUMBER OF IMPOSED DISPLACEMENTS . . . . . .         0
    NIMPVEL: NUMBER OF IMPOSED VELOCITIES . . . . . . . .         0
    NIMPACC: NUMBER OF IMPOSED ACCELERATIONS . . . . . .          0
    NRIVET: NUMBER OF RIVETS OR SPOT WELDS. . . . . . . .         0
    NSECT : NUMBER OF SECTIONS SAVED (TIME HISTORY PLOTS)         0
    NJOINT: NUMBER OF JOINTS. . . . . . . . . . . . . . .         0
    NACTIV: NUMBER OF ELEMENT DEACTIVATION GROUPS . . . .         0
    NDAMP:  NUMBER OF RAYLEIGH DAMPING GROUPS . . . . . .         0
    NGJOINT: NUMBER OF GEAR TYPE JOINTS . . . . . . . . .         0
    NUMMPC: NUMBER OF MULTI-POINT CONSTRAINTS . . . . . .         0
    NR2RLNK: NUMBER OF EXTERNAL COUPLING LINKS . . . . .          0
    NSUBDOM: NUMBER OF SUBDOMAINS . . . . . .. . . . . .          0
    NVOLU:  NUMBER OF MONITORED VOLUMES . . . . . . . . .         0
    NEIG:   NUMBER OF EIGEN AND STATIC MODES PROBLEMS . .         0
    NBEM:   NUMBER OF BEM SOLVED PROBLEMS . . . . . . . .         0
    NRBE2:  NUMBER OF RBE2 RIGID ELEMENTS . . . . . . . .         0
    NRBE3:  NUMBER OF RBE3 CONSTRAINT ELEMENTS  . . . . .         0
    INITIAL STRESS FILE =
                                          FLAG ISIGI. . .         0


    N2D3D : ANALYSIS TYPE: 0=3D,1=AXISYM,2=PLANE STRAIN .         0


    ANALYSIS OPTIONS
    ----------------

    INTEG8 : 8 GAUSS POINT CONDENSED INTEGRATION . . . . .         0
    IPARITH: PARALLEL ARITHMETIC FLAG (2 OFF, 1 0N). . . .         1
    IUSERW : GENERAL USER WINDOW FLAG. . . . . . . . . . .         0
    ISOLID : DEFAULT BRICK FORMULATION FLAG. . . . . . . .         1
    ITET4  : DEFAULT TETRA4 FORMULATION FLAG . . . . . . .      1000
    ITET10 : DEFAULT TETRA10 FORMULATION FLAG. . . . . . .      1000
    ISMSTR : DEFAULT BRICK SMALL STRAIN FLAG . . . . . . .         0
    ICPRE  : DEFAULT SOLID CONSTANT PRESSURE FLAG. . . . .         0
    ISHELL : DEFAULT SHELL FORMULATION FLAG. . . . . . . .         1
    ISST   : DEFAULT SHELL SMALL STRAIN FLAG . . . . . . .         0
    ITHK   : DEFAULT SHELL THICKNESS VARIATION FLAG. . . .         0
    IPLA   : DEFAULT PLANE STRESS PLASTICITY FLAG. . . . .         0
    ISTR   : DEFAULT SHELL STRAIN COMPUTATION FLAG . . . .         1
    ISHEA  : DEFAULT SHELL SHEAR COMPUTATION FLAG. . . . .         0
    INSH   : SHELL INERTIA FLAG. . . . . . . . . . . . . .         0
    ISH3N  : DEFAULT 3 NODE SHELL FORMULATION FLAG . . . .         2
    NPTS   : SHELL PROPERTIES DEFAULT NUMBER OF           
             INTEGRATION POINTS OR LAYERS. . . . . . . . .        -1
    IFRAME : DEFAULT SOLID FRAME FORMULATION FLAG . . . .          1
    IOFFSET: DEFAULT SHELL OFFSET FLAG. . . . . . . . . .          0
    ICONTROL:DEFAULT SOLID DISTORTION CONTROL FLAG. . . .          0
    ISHFRAM: LOCAL SHELL FRAME DEFINITION. . . . . . . . .         0


    LAGRANGE MULTIPLIER OPTIONS
    ---------------------------
    LAGM_TOL:CONVERGENCE CRITERION. . . . . . . . . . . . 1.0000000000000E-11


    NODAL MASS DISTRIBUTION FLAG . . . . . . . . .         0


    SPEED PARAMETERS  
    ----------------  

    STARTER RUNNING ON. . . . . . . . . . . . . . . . . .         4 THREADS             
    NUMBER OF SPMD DOMAINS. . . . . . . . . . . . . . . .         1
    NUMBER OF THREADS PER DOMAIN. . . . . . . . . . . . .         4
    ARCHITECTURE OPTIMIZATION . . . . . . . . . . . . . .        22, win64               
    SIZE OF ELEMENT BUFFER. . . . . . . . . . . . . . . .       128
 
    INFO : NUMBER OF SPMD DOMAIN AND THREADS DEFINED IN COMMAND LINE
           /SPMD CARD PARAMETER ARE IGNORED


    LOAD CURVES
    -----------
    NUMBER OF LOAD CURVES. . . . . . . . =         1


    LOAD CURVE ID . . . . . . . . . . . =         1

    X                     Y               
     0.000000000000       0.3660000000000    
    2.5000000000000E-02   0.4240000000000    
    4.9000000000000E-02   0.4760000000000    
    7.2000000000000E-02   0.5070000000000    
    9.5000000000000E-02   0.5290000000000    
    0.1180000000000       0.5460000000000    
    0.1400000000000       0.5590000000000    
    0.1820000000000       0.5840000000000    


    TABLES
    ------
    NUMBER OF TABLES . . . . . . . . . . =         0



    FUNCTION  TRANSFORMATION 


    LOAD FUNCTION NUMBER. . . . . =         1
      X SCALE                    =  0.1000000000000E+01
      Y SCALE                    =  0.1000000000000E+01
      X SHIFT                    =  0.0000000000000E+00
      Y SHIFT                    =  0.0000000000000E+00
      TRANSFORMED VALUES :
          X                     Y    
          0.000000000000       0.3660000000000    
         2.5000000000000E-02   0.4240000000000    
         4.9000000000000E-02   0.4760000000000    
         7.2000000000000E-02   0.5070000000000    
         9.5000000000000E-02   0.5290000000000    
         0.1180000000000       0.5460000000000    
         0.1400000000000       0.5590000000000    
         0.1820000000000       0.5840000000000    


    MATERIAL LAWS
    -------------
    NUMBER OF MATERIALS. . . . . . . . . =        30



     MATL24_999
     MATERIAL NUMBER. . . . . . . . . . . . =       999
     MATERIAL LAW . . . . . . . . . . . . . =        44

     MATERIAL MODEL : ELASTIC-PLASTIC (COWPER-SYMONDS)
     -------------------------------------------------

     INITIAL DENSITY . . . . . . . . . . . .= 7.8300000000000E-06

     YOUNG MODULUS . . . . . . . . . . . . .=  200.0000000000    
     POISSON RATIO . . . . . . . . . . . . .= 0.3000000000000    
     YIELD STRESS . . . . . . . . . . . . . = 0.3660000000000    
     HARDENING PARAMETER. . . . . . . . . . =  0.000000000000    
     HARDENING EXPONENT . . . . . . . . . . =  1.000000000000    
     ISO-KINEMATIC HARDENNING FACTOR. . . . =  0.000000000000    
     MAXIMUM STRESS . . . . . . . . . . . . = 1.0000000200409E+20
     REFERENCE STRAIN RATE CC . . . . . . . =  40.00000000000    
     STRAIN RATE EXPONENT (1/P) . . . . . . = 0.2000000000000    
     FLAG FOR STRAIN RATE ON SIG-MAX. . . . =         1
     SMOOTH STRAIN RATE OPTION. . . . . . . =         1
     STRAIN RATE CUTTING FREQUENCY. . . . . =  10.00000000000    
     STRAIN RATE CHOICE FLAG  . . . . . . . =         1
          VP=1  EQUIVALENT PLASTIC STRAIN RATE
          VP=2  TOTAL STRAIN RATE (DEFAULT)
          VP=3  DEVIATORIC STRAIN RATE
     FAILURE PLASTIC STRAIN . . . . . . . . = 1.0000000200409E+20
     TENSION FAILURE STRAIN 1 . . . . . . . = 1.0000000200409E+20
     TENSION FAILURE STRAIN 2 . . . . . . . = 2.0000000400818E+20
     YIELD FUNCTION IDENTIFIER  . . . . . . =         1
     YIELD FUNCTION SCALE FACTOR  . . . . . =  1.000000000000    


     MATL24_999
     MATERIAL NUMBER. . . . . . . . . . . . =      1000
     MATERIAL LAW . . . . . . . . . . . . . =        44

     MATERIAL MODEL : ELASTIC-PLASTIC (COWPER-SYMONDS)
     -------------------------------------------------

     INITIAL DENSITY . . . . . . . . . . . .= 7.8300000000000E-06

     YOUNG MODULUS . . . . . . . . . . . . .=  200.0000000000    
     POISSON RATIO . . . . . . . . . . . . .= 0.3000000000000    
     YIELD STRESS . . . . . . . . . . . . . = 0.3660000000000    
     HARDENING PARAMETER. . . . . . . . . . =  0.000000000000    
     HARDENING EXPONENT . . . . . . . . . . =  1.000000000000    
     ISO-KINEMATIC HARDENNING FACTOR. . . . =  0.000000000000    
     MAXIMUM STRESS . . . . . . . . . . . . = 1.0000000200409E+20
     REFERENCE STRAIN RATE CC . . . . . . . =  40.00000000000    
     STRAIN RATE EXPONENT (1/P) . . . . . . = 0.2000000000000    
     FLAG FOR STRAIN RATE ON SIG-MAX. . . . =         1
     SMOOTH STRAIN RATE OPTION. . . . . . . =         1
     STRAIN RATE CUTTING FREQUENCY. . . . . =  10.00000000000    
     STRAIN RATE CHOICE FLAG  . . . . . . . =         1
          VP=1  EQUIVALENT PLASTIC STRAIN RATE
          VP=2  TOTAL STRAIN RATE (DEFAULT)
          VP=3  DEVIATORIC STRAIN RATE
     FAILURE PLASTIC STRAIN . . . . . . . . = 1.0000000200409E+20
     TENSION FAILURE STRAIN 1 . . . . . . . = 1.0000000200409E+20
     TENSION FAILURE STRAIN 2 . . . . . . . = 2.0000000400818E+20
     YIELD FUNCTION IDENTIFIER  . . . . . . =         1
     YIELD FUNCTION SCALE FACTOR  . . . . . =  1.000000000000    


     MATL24_999
     MATERIAL NUMBER. . . . . . . . . . . . =      1001
     MATERIAL LAW . . . . . . . . . . . . . =        44

     MATERIAL MODEL : ELASTIC-PLASTIC (COWPER-SYMONDS)
     -------------------------------------------------

     INITIAL DENSITY . . . . . . . . . . . .= 7.8300000000000E-06

     YOUNG MODULUS . . . . . . . . . . . . .=  200.0000000000    
     POISSON RATIO . . . . . . . . . . . . .= 0.3000000000000    
     YIELD STRESS . . . . . . . . . . . . . = 0.3660000000000    
     HARDENING PARAMETER. . . . . . . . . . =  0.000000000000    
     HARDENING EXPONENT . . . . . . . . . . =  1.000000000000    
     ISO-KINEMATIC HARDENNING FACTOR. . . . =  0.000000000000    
     MAXIMUM STRESS . . . . . . . . . . . . = 1.0000000200409E+20
     REFERENCE STRAIN RATE CC . . . . . . . =  40.00000000000    
     STRAIN RATE EXPONENT (1/P) . . . . . . = 0.2000000000000    
     FLAG FOR STRAIN RATE ON SIG-MAX. . . . =         1
     SMOOTH STRAIN RATE OPTION. . . . . . . =         1
     STRAIN RATE CUTTING FREQUENCY. . . . . =  10.00000000000    
     STRAIN RATE CHOICE FLAG  . . . . . . . =         1
          VP=1  EQUIVALENT PLASTIC STRAIN RATE
          VP=2  TOTAL STRAIN RATE (DEFAULT)
          VP=3  DEVIATORIC STRAIN RATE
     FAILURE PLASTIC STRAIN . . . . . . . . = 1.0000000200409E+20
     TENSION FAILURE STRAIN 1 . . . . . . . = 1.0000000200409E+20
     TENSION FAILURE STRAIN 2 . . . . . . . = 2.0000000400818E+20
     YIELD FUNCTION IDENTIFIER  . . . . . . =         1
     YIELD FUNCTION SCALE FACTOR  . . . . . =  1.000000000000    


     MATL24_999
     MATERIAL NUMBER. . . . . . . . . . . . =      1002
     MATERIAL LAW . . . . . . . . . . . . . =        44

     MATERIAL MODEL : ELASTIC-PLASTIC (COWPER-SYMONDS)
     -------------------------------------------------

     INITIAL DENSITY . . . . . . . . . . . .= 7.8300000000000E-06

     YOUNG MODULUS . . . . . . . . . . . . .=  200.0000000000    
     POISSON RATIO . . . . . . . . . . . . .= 0.3000000000000    
     YIELD STRESS . . . . . . . . . . . . . = 0.3660000000000    
     HARDENING PARAMETER. . . . . . . . . . =  0.000000000000    
     HARDENING EXPONENT . . . . . . . . . . =  1.000000000000    
     ISO-KINEMATIC HARDENNING FACTOR. . . . =  0.000000000000    
     MAXIMUM STRESS . . . . . . . . . . . . = 1.0000000200409E+20
     REFERENCE STRAIN RATE CC . . . . . . . =  40.00000000000    
     STRAIN RATE EXPONENT (1/P) . . . . . . = 0.2000000000000    
     FLAG FOR STRAIN RATE ON SIG-MAX. . . . =         1
     SMOOTH STRAIN RATE OPTION. . . . . . . =         1
     STRAIN RATE CUTTING FREQUENCY. . . . . =  10.00000000000    
     STRAIN RATE CHOICE FLAG  . . . . . . . =         1
          VP=1  EQUIVALENT PLASTIC STRAIN RATE
          VP=2  TOTAL STRAIN RATE (DEFAULT)
          VP=3  DEVIATORIC STRAIN RATE
     FAILURE PLASTIC STRAIN . . . . . . . . = 1.0000000200409E+20
     TENSION FAILURE STRAIN 1 . . . . . . . = 1.0000000200409E+20
     TENSION FAILURE STRAIN 2 . . . . . . . = 2.0000000400818E+20
     YIELD FUNCTION IDENTIFIER  . . . . . . =         1
     YIELD FUNCTION SCALE FACTOR  . . . . . =  1.000000000000    


     MATL24_999
     MATERIAL NUMBER. . . . . . . . . . . . =      1003
     MATERIAL LAW . . . . . . . . . . . . . =        44

     MATERIAL MODEL : ELASTIC-PLASTIC (COWPER-SYMONDS)
     -------------------------------------------------

     INITIAL DENSITY . . . . . . . . . . . .= 7.8300000000000E-06

     YOUNG MODULUS . . . . . . . . . . . . .=  200.0000000000    
     POISSON RATIO . . . . . . . . . . . . .= 0.3000000000000    
     YIELD STRESS . . . . . . . . . . . . . = 0.3660000000000    
     HARDENING PARAMETER. . . . . . . . . . =  0.000000000000    
     HARDENING EXPONENT . . . . . . . . . . =  1.000000000000    
     ISO-KINEMATIC HARDENNING FACTOR. . . . =  0.000000000000    
     MAXIMUM STRESS . . . . . . . . . . . . = 1.0000000200409E+20
     REFERENCE STRAIN RATE CC . . . . . . . =  40.00000000000    
     STRAIN RATE EXPONENT (1/P) . . . . . . = 0.2000000000000    
     FLAG FOR STRAIN RATE ON SIG-MAX. . . . =         1
     SMOOTH STRAIN RATE OPTION. . . . . . . =         1
     STRAIN RATE CUTTING FREQUENCY. . . . . =  10.00000000000    
     STRAIN RATE CHOICE FLAG  . . . . . . . =         1
          VP=1  EQUIVALENT PLASTIC STRAIN RATE
          VP=2  TOTAL STRAIN RATE (DEFAULT)
          VP=3  DEVIATORIC STRAIN RATE
     FAILURE PLASTIC STRAIN . . . . . . . . = 1.0000000200409E+20
     TENSION FAILURE STRAIN 1 . . . . . . . = 1.0000000200409E+20
     TENSION FAILURE STRAIN 2 . . . . . . . = 2.0000000400818E+20
     YIELD FUNCTION IDENTIFIER  . . . . . . =         1
     YIELD FUNCTION SCALE FACTOR  . . . . . =  1.000000000000    


     MATL24_999
     MATERIAL NUMBER. . . . . . . . . . . . =      1004
     MATERIAL LAW . . . . . . . . . . . . . =        44

     MATERIAL MODEL : ELASTIC-PLASTIC (COWPER-SYMONDS)
     -------------------------------------------------

     INITIAL DENSITY . . . . . . . . . . . .= 7.8300000000000E-06

     YOUNG MODULUS . . . . . . . . . . . . .=  200.0000000000    
     POISSON RATIO . . . . . . . . . . . . .= 0.3000000000000    
     YIELD STRESS . . . . . . . . . . . . . = 0.3660000000000    
     HARDENING PARAMETER. . . . . . . . . . =  0.000000000000    
     HARDENING EXPONENT . . . . . . . . . . =  1.000000000000    
     ISO-KINEMATIC HARDENNING FACTOR. . . . =  0.000000000000    
     MAXIMUM STRESS . . . . . . . . . . . . = 1.0000000200409E+20
     REFERENCE STRAIN RATE CC . . . . . . . =  40.00000000000    
     STRAIN RATE EXPONENT (1/P) . . . . . . = 0.2000000000000    
     FLAG FOR STRAIN RATE ON SIG-MAX. . . . =         1
     SMOOTH STRAIN RATE OPTION. . . . . . . =         1
     STRAIN RATE CUTTING FREQUENCY. . . . . =  10.00000000000    
     STRAIN RATE CHOICE FLAG  . . . . . . . =         1
          VP=1  EQUIVALENT PLASTIC STRAIN RATE
          VP=2  TOTAL STRAIN RATE (DEFAULT)
          VP=3  DEVIATORIC STRAIN RATE
     FAILURE PLASTIC STRAIN . . . . . . . . = 1.0000000200409E+20
     TENSION FAILURE STRAIN 1 . . . . . . . = 1.0000000200409E+20
     TENSION FAILURE STRAIN 2 . . . . . . . = 2.0000000400818E+20
     YIELD FUNCTION IDENTIFIER  . . . . . . =         1
     YIELD FUNCTION SCALE FACTOR  . . . . . =  1.000000000000    


     MATL24_999
     MATERIAL NUMBER. . . . . . . . . . . . =      1005
     MATERIAL LAW . . . . . . . . . . . . . =        44

     MATERIAL MODEL : ELASTIC-PLASTIC (COWPER-SYMONDS)
     -------------------------------------------------

     INITIAL DENSITY . . . . . . . . . . . .= 7.8300000000000E-06

     YOUNG MODULUS . . . . . . . . . . . . .=  200.0000000000    
     POISSON RATIO . . . . . . . . . . . . .= 0.3000000000000    
     YIELD STRESS . . . . . . . . . . . . . = 0.3660000000000    
     HARDENING PARAMETER. . . . . . . . . . =  0.000000000000    
     HARDENING EXPONENT . . . . . . . . . . =  1.000000000000    
     ISO-KINEMATIC HARDENNING FACTOR. . . . =  0.000000000000    
     MAXIMUM STRESS . . . . . . . . . . . . = 1.0000000200409E+20
     REFERENCE STRAIN RATE CC . . . . . . . =  40.00000000000    
     STRAIN RATE EXPONENT (1/P) . . . . . . = 0.2000000000000    
     FLAG FOR STRAIN RATE ON SIG-MAX. . . . =         1
     SMOOTH STRAIN RATE OPTION. . . . . . . =         1
     STRAIN RATE CUTTING FREQUENCY. . . . . =  10.00000000000    
     STRAIN RATE CHOICE FLAG  . . . . . . . =         1
          VP=1  EQUIVALENT PLASTIC STRAIN RATE
          VP=2  TOTAL STRAIN RATE (DEFAULT)
          VP=3  DEVIATORIC STRAIN RATE
     FAILURE PLASTIC STRAIN . . . . . . . . = 1.0000000200409E+20
     TENSION FAILURE STRAIN 1 . . . . . . . = 1.0000000200409E+20
     TENSION FAILURE STRAIN 2 . . . . . . . = 2.0000000400818E+20
     YIELD FUNCTION IDENTIFIER  . . . . . . =         1
     YIELD FUNCTION SCALE FACTOR  . . . . . =  1.000000000000    


     MATL24_999
     MATERIAL NUMBER. . . . . . . . . . . . =      1006
     MATERIAL LAW . . . . . . . . . . . . . =        44

     MATERIAL MODEL : ELASTIC-PLASTIC (COWPER-SYMONDS)
     -------------------------------------------------

     INITIAL DENSITY . . . . . . . . . . . .= 7.8300000000000E-06

     YOUNG MODULUS . . . . . . . . . . . . .=  200.0000000000    
     POISSON RATIO . . . . . . . . . . . . .= 0.3000000000000    
     YIELD STRESS . . . . . . . . . . . . . = 0.3660000000000    
     HARDENING PARAMETER. . . . . . . . . . =  0.000000000000    
     HARDENING EXPONENT . . . . . . . . . . =  1.000000000000    
     ISO-KINEMATIC HARDENNING FACTOR. . . . =  0.000000000000    
     MAXIMUM STRESS . . . . . . . . . . . . = 1.0000000200409E+20
     REFERENCE STRAIN RATE CC . . . . . . . =  40.00000000000    
     STRAIN RATE EXPONENT (1/P) . . . . . . = 0.2000000000000    
     FLAG FOR STRAIN RATE ON SIG-MAX. . . . =         1
     SMOOTH STRAIN RATE OPTION. . . . . . . =         1
     STRAIN RATE CUTTING FREQUENCY. . . . . =  10.00000000000    
     STRAIN RATE CHOICE FLAG  . . . . . . . =         1
          VP=1  EQUIVALENT PLASTIC STRAIN RATE
          VP=2  TOTAL STRAIN RATE (DEFAULT)
          VP=3  DEVIATORIC STRAIN RATE
     FAILURE PLASTIC STRAIN . . . . . . . . = 1.0000000200409E+20
     TENSION FAILURE STRAIN 1 . . . . . . . = 1.0000000200409E+20
     TENSION FAILURE STRAIN 2 . . . . . . . = 2.0000000400818E+20
     YIELD FUNCTION IDENTIFIER  . . . . . . =         1
     YIELD FUNCTION SCALE FACTOR  . . . . . =  1.000000000000    


     MATL24_999
     MATERIAL NUMBER. . . . . . . . . . . . =      1007
     MATERIAL LAW . . . . . . . . . . . . . =        44

     MATERIAL MODEL : ELASTIC-PLASTIC (COWPER-SYMONDS)
     -------------------------------------------------

     INITIAL DENSITY . . . . . . . . . . . .= 7.8300000000000E-06

     YOUNG MODULUS . . . . . . . . . . . . .=  200.0000000000    
     POISSON RATIO . . . . . . . . . . . . .= 0.3000000000000    
     YIELD STRESS . . . . . . . . . . . . . = 0.3660000000000    
     HARDENING PARAMETER. . . . . . . . . . =  0.000000000000    
     HARDENING EXPONENT . . . . . . . . . . =  1.000000000000    
     ISO-KINEMATIC HARDENNING FACTOR. . . . =  0.000000000000    
     MAXIMUM STRESS . . . . . . . . . . . . = 1.0000000200409E+20
     REFERENCE STRAIN RATE CC . . . . . . . =  40.00000000000    
     STRAIN RATE EXPONENT (1/P) . . . . . . = 0.2000000000000    
     FLAG FOR STRAIN RATE ON SIG-MAX. . . . =         1
     SMOOTH STRAIN RATE OPTION. . . . . . . =         1
     STRAIN RATE CUTTING FREQUENCY. . . . . =  10.00000000000    
     STRAIN RATE CHOICE FLAG  . . . . . . . =         1
          VP=1  EQUIVALENT PLASTIC STRAIN RATE
          VP=2  TOTAL STRAIN RATE (DEFAULT)
          VP=3  DEVIATORIC STRAIN RATE
     FAILURE PLASTIC STRAIN . . . . . . . . = 1.0000000200409E+20
     TENSION FAILURE STRAIN 1 . . . . . . . = 1.0000000200409E+20
     TENSION FAILURE STRAIN 2 . . . . . . . = 2.0000000400818E+20
     YIELD FUNCTION IDENTIFIER  . . . . . . =         1
     YIELD FUNCTION SCALE FACTOR  . . . . . =  1.000000000000    


     MATL24_999
     MATERIAL NUMBER. . . . . . . . . . . . =      1008
     MATERIAL LAW . . . . . . . . . . . . . =        44

     MATERIAL MODEL : ELASTIC-PLASTIC (COWPER-SYMONDS)
     -------------------------------------------------

     INITIAL DENSITY . . . . . . . . . . . .= 7.8300000000000E-06

     YOUNG MODULUS . . . . . . . . . . . . .=  200.0000000000    
     POISSON RATIO . . . . . . . . . . . . .= 0.3000000000000    
     YIELD STRESS . . . . . . . . . . . . . = 0.3660000000000    
     HARDENING PARAMETER. . . . . . . . . . =  0.000000000000    
     HARDENING EXPONENT . . . . . . . . . . =  1.000000000000    
     ISO-KINEMATIC HARDENNING FACTOR. . . . =  0.000000000000    
     MAXIMUM STRESS . . . . . . . . . . . . = 1.0000000200409E+20
     REFERENCE STRAIN RATE CC . . . . . . . =  40.00000000000    
     STRAIN RATE EXPONENT (1/P) . . . . . . = 0.2000000000000    
     FLAG FOR STRAIN RATE ON SIG-MAX. . . . =         1
     SMOOTH STRAIN RATE OPTION. . . . . . . =         1
     STRAIN RATE CUTTING FREQUENCY. . . . . =  10.00000000000    
     STRAIN RATE CHOICE FLAG  . . . . . . . =         1
          VP=1  EQUIVALENT PLASTIC STRAIN RATE
          VP=2  TOTAL STRAIN RATE (DEFAULT)
          VP=3  DEVIATORIC STRAIN RATE
     FAILURE PLASTIC STRAIN . . . . . . . . = 1.0000000200409E+20
     TENSION FAILURE STRAIN 1 . . . . . . . = 1.0000000200409E+20
     TENSION FAILURE STRAIN 2 . . . . . . . = 2.0000000400818E+20
     YIELD FUNCTION IDENTIFIER  . . . . . . =         1
     YIELD FUNCTION SCALE FACTOR  . . . . . =  1.000000000000    


     MATL24_999
     MATERIAL NUMBER. . . . . . . . . . . . =      1009
     MATERIAL LAW . . . . . . . . . . . . . =        44

     MATERIAL MODEL : ELASTIC-PLASTIC (COWPER-SYMONDS)
     -------------------------------------------------

     INITIAL DENSITY . . . . . . . . . . . .= 7.8300000000000E-06

     YOUNG MODULUS . . . . . . . . . . . . .=  200.0000000000    
     POISSON RATIO . . . . . . . . . . . . .= 0.3000000000000    
     YIELD STRESS . . . . . . . . . . . . . = 0.3660000000000    
     HARDENING PARAMETER. . . . . . . . . . =  0.000000000000    
     HARDENING EXPONENT . . . . . . . . . . =  1.000000000000    
     ISO-KINEMATIC HARDENNING FACTOR. . . . =  0.000000000000    
     MAXIMUM STRESS . . . . . . . . . . . . = 1.0000000200409E+20
     REFERENCE STRAIN RATE CC . . . . . . . =  40.00000000000    
     STRAIN RATE EXPONENT (1/P) . . . . . . = 0.2000000000000    
     FLAG FOR STRAIN RATE ON SIG-MAX. . . . =         1
     SMOOTH STRAIN RATE OPTION. . . . . . . =         1
     STRAIN RATE CUTTING FREQUENCY. . . . . =  10.00000000000    
     STRAIN RATE CHOICE FLAG  . . . . . . . =         1
          VP=1  EQUIVALENT PLASTIC STRAIN RATE
          VP=2  TOTAL STRAIN RATE (DEFAULT)
          VP=3  DEVIATORIC STRAIN RATE
     FAILURE PLASTIC STRAIN . . . . . . . . = 1.0000000200409E+20
     TENSION FAILURE STRAIN 1 . . . . . . . = 1.0000000200409E+20
     TENSION FAILURE STRAIN 2 . . . . . . . = 2.0000000400818E+20
     YIELD FUNCTION IDENTIFIER  . . . . . . =         1
     YIELD FUNCTION SCALE FACTOR  . . . . . =  1.000000000000    


     MATL24_999
     MATERIAL NUMBER. . . . . . . . . . . . =      1010
     MATERIAL LAW . . . . . . . . . . . . . =        44

     MATERIAL MODEL : ELASTIC-PLASTIC (COWPER-SYMONDS)
     -------------------------------------------------

     INITIAL DENSITY . . . . . . . . . . . .= 7.8300000000000E-06

     YOUNG MODULUS . . . . . . . . . . . . .=  200.0000000000    
     POISSON RATIO . . . . . . . . . . . . .= 0.3000000000000    
     YIELD STRESS . . . . . . . . . . . . . = 0.3660000000000    
     HARDENING PARAMETER. . . . . . . . . . =  0.000000000000    
     HARDENING EXPONENT . . . . . . . . . . =  1.000000000000    
     ISO-KINEMATIC HARDENNING FACTOR. . . . =  0.000000000000    
     MAXIMUM STRESS . . . . . . . . . . . . = 1.0000000200409E+20
     REFERENCE STRAIN RATE CC . . . . . . . =  40.00000000000    
     STRAIN RATE EXPONENT (1/P) . . . . . . = 0.2000000000000    
     FLAG FOR STRAIN RATE ON SIG-MAX. . . . =         1
     SMOOTH STRAIN RATE OPTION. . . . . . . =         1
     STRAIN RATE CUTTING FREQUENCY. . . . . =  10.00000000000    
     STRAIN RATE CHOICE FLAG  . . . . . . . =         1
          VP=1  EQUIVALENT PLASTIC STRAIN RATE
          VP=2  TOTAL STRAIN RATE (DEFAULT)
          VP=3  DEVIATORIC STRAIN RATE
     FAILURE PLASTIC STRAIN . . . . . . . . = 1.0000000200409E+20
     TENSION FAILURE STRAIN 1 . . . . . . . = 1.0000000200409E+20
     TENSION FAILURE STRAIN 2 . . . . . . . = 2.0000000400818E+20
     YIELD FUNCTION IDENTIFIER  . . . . . . =         1
     YIELD FUNCTION SCALE FACTOR  . . . . . =  1.000000000000    


     MATL24_999
     MATERIAL NUMBER. . . . . . . . . . . . =      1011
     MATERIAL LAW . . . . . . . . . . . . . =        44

     MATERIAL MODEL : ELASTIC-PLASTIC (COWPER-SYMONDS)
     -------------------------------------------------

     INITIAL DENSITY . . . . . . . . . . . .= 7.8300000000000E-06

     YOUNG MODULUS . . . . . . . . . . . . .=  200.0000000000    
     POISSON RATIO . . . . . . . . . . . . .= 0.3000000000000    
     YIELD STRESS . . . . . . . . . . . . . = 0.3660000000000    
     HARDENING PARAMETER. . . . . . . . . . =  0.000000000000    
     HARDENING EXPONENT . . . . . . . . . . =  1.000000000000    
     ISO-KINEMATIC HARDENNING FACTOR. . . . =  0.000000000000    
     MAXIMUM STRESS . . . . . . . . . . . . = 1.0000000200409E+20
     REFERENCE STRAIN RATE CC . . . . . . . =  40.00000000000    
     STRAIN RATE EXPONENT (1/P) . . . . . . = 0.2000000000000    
     FLAG FOR STRAIN RATE ON SIG-MAX. . . . =         1
     SMOOTH STRAIN RATE OPTION. . . . . . . =         1
     STRAIN RATE CUTTING FREQUENCY. . . . . =  10.00000000000    
     STRAIN RATE CHOICE FLAG  . . . . . . . =         1
          VP=1  EQUIVALENT PLASTIC STRAIN RATE
          VP=2  TOTAL STRAIN RATE (DEFAULT)
          VP=3  DEVIATORIC STRAIN RATE
     FAILURE PLASTIC STRAIN . . . . . . . . = 1.0000000200409E+20
     TENSION FAILURE STRAIN 1 . . . . . . . = 1.0000000200409E+20
     TENSION FAILURE STRAIN 2 . . . . . . . = 2.0000000400818E+20
     YIELD FUNCTION IDENTIFIER  . . . . . . =         1
     YIELD FUNCTION SCALE FACTOR  . . . . . =  1.000000000000    


     MATL24_999
     MATERIAL NUMBER. . . . . . . . . . . . =      1012
     MATERIAL LAW . . . . . . . . . . . . . =        44

     MATERIAL MODEL : ELASTIC-PLASTIC (COWPER-SYMONDS)
     -------------------------------------------------

     INITIAL DENSITY . . . . . . . . . . . .= 7.8300000000000E-06

     YOUNG MODULUS . . . . . . . . . . . . .=  200.0000000000    
     POISSON RATIO . . . . . . . . . . . . .= 0.3000000000000    
     YIELD STRESS . . . . . . . . . . . . . = 0.3660000000000    
     HARDENING PARAMETER. . . . . . . . . . =  0.000000000000    
     HARDENING EXPONENT . . . . . . . . . . =  1.000000000000    
     ISO-KINEMATIC HARDENNING FACTOR. . . . =  0.000000000000    
     MAXIMUM STRESS . . . . . . . . . . . . = 1.0000000200409E+20
     REFERENCE STRAIN RATE CC . . . . . . . =  40.00000000000    
     STRAIN RATE EXPONENT (1/P) . . . . . . = 0.2000000000000    
     FLAG FOR STRAIN RATE ON SIG-MAX. . . . =         1
     SMOOTH STRAIN RATE OPTION. . . . . . . =         1
     STRAIN RATE CUTTING FREQUENCY. . . . . =  10.00000000000    
     STRAIN RATE CHOICE FLAG  . . . . . . . =         1
          VP=1  EQUIVALENT PLASTIC STRAIN RATE
          VP=2  TOTAL STRAIN RATE (DEFAULT)
          VP=3  DEVIATORIC STRAIN RATE
     FAILURE PLASTIC STRAIN . . . . . . . . = 1.0000000200409E+20
     TENSION FAILURE STRAIN 1 . . . . . . . = 1.0000000200409E+20
     TENSION FAILURE STRAIN 2 . . . . . . . = 2.0000000400818E+20
     YIELD FUNCTION IDENTIFIER  . . . . . . =         1
     YIELD FUNCTION SCALE FACTOR  . . . . . =  1.000000000000    


     MATL24_999
     MATERIAL NUMBER. . . . . . . . . . . . =      1013
     MATERIAL LAW . . . . . . . . . . . . . =        44

     MATERIAL MODEL : ELASTIC-PLASTIC (COWPER-SYMONDS)
     -------------------------------------------------

     INITIAL DENSITY . . . . . . . . . . . .= 7.8300000000000E-06

     YOUNG MODULUS . . . . . . . . . . . . .=  200.0000000000    
     POISSON RATIO . . . . . . . . . . . . .= 0.3000000000000    
     YIELD STRESS . . . . . . . . . . . . . = 0.3660000000000    
     HARDENING PARAMETER. . . . . . . . . . =  0.000000000000    
     HARDENING EXPONENT . . . . . . . . . . =  1.000000000000    
     ISO-KINEMATIC HARDENNING FACTOR. . . . =  0.000000000000    
     MAXIMUM STRESS . . . . . . . . . . . . = 1.0000000200409E+20
     REFERENCE STRAIN RATE CC . . . . . . . =  40.00000000000    
     STRAIN RATE EXPONENT (1/P) . . . . . . = 0.2000000000000    
     FLAG FOR STRAIN RATE ON SIG-MAX. . . . =         1
     SMOOTH STRAIN RATE OPTION. . . . . . . =         1
     STRAIN RATE CUTTING FREQUENCY. . . . . =  10.00000000000    
     STRAIN RATE CHOICE FLAG  . . . . . . . =         1
          VP=1  EQUIVALENT PLASTIC STRAIN RATE
          VP=2  TOTAL STRAIN RATE (DEFAULT)
          VP=3  DEVIATORIC STRAIN RATE
     FAILURE PLASTIC STRAIN . . . . . . . . = 1.0000000200409E+20
     TENSION FAILURE STRAIN 1 . . . . . . . = 1.0000000200409E+20
     TENSION FAILURE STRAIN 2 . . . . . . . = 2.0000000400818E+20
     YIELD FUNCTION IDENTIFIER  . . . . . . =         1
     YIELD FUNCTION SCALE FACTOR  . . . . . =  1.000000000000    


     MATL24_999
     MATERIAL NUMBER. . . . . . . . . . . . =      1014
     MATERIAL LAW . . . . . . . . . . . . . =        44

     MATERIAL MODEL : ELASTIC-PLASTIC (COWPER-SYMONDS)
     -------------------------------------------------

     INITIAL DENSITY . . . . . . . . . . . .= 7.8300000000000E-06

     YOUNG MODULUS . . . . . . . . . . . . .=  200.0000000000    
     POISSON RATIO . . . . . . . . . . . . .= 0.3000000000000    
     YIELD STRESS . . . . . . . . . . . . . = 0.3660000000000    
     HARDENING PARAMETER. . . . . . . . . . =  0.000000000000    
     HARDENING EXPONENT . . . . . . . . . . =  1.000000000000    
     ISO-KINEMATIC HARDENNING FACTOR. . . . =  0.000000000000    
     MAXIMUM STRESS . . . . . . . . . . . . = 1.0000000200409E+20
     REFERENCE STRAIN RATE CC . . . . . . . =  40.00000000000    
     STRAIN RATE EXPONENT (1/P) . . . . . . = 0.2000000000000    
     FLAG FOR STRAIN RATE ON SIG-MAX. . . . =         1
     SMOOTH STRAIN RATE OPTION. . . . . . . =         1
     STRAIN RATE CUTTING FREQUENCY. . . . . =  10.00000000000    
     STRAIN RATE CHOICE FLAG  . . . . . . . =         1
          VP=1  EQUIVALENT PLASTIC STRAIN RATE
          VP=2  TOTAL STRAIN RATE (DEFAULT)
          VP=3  DEVIATORIC STRAIN RATE
     FAILURE PLASTIC STRAIN . . . . . . . . = 1.0000000200409E+20
     TENSION FAILURE STRAIN 1 . . . . . . . = 1.0000000200409E+20
     TENSION FAILURE STRAIN 2 . . . . . . . = 2.0000000400818E+20
     YIELD FUNCTION IDENTIFIER  . . . . . . =         1
     YIELD FUNCTION SCALE FACTOR  . . . . . =  1.000000000000    


     MATL24_999
     MATERIAL NUMBER. . . . . . . . . . . . =      1015
     MATERIAL LAW . . . . . . . . . . . . . =        44

     MATERIAL MODEL : ELASTIC-PLASTIC (COWPER-SYMONDS)
     -------------------------------------------------

     INITIAL DENSITY . . . . . . . . . . . .= 7.8300000000000E-06

     YOUNG MODULUS . . . . . . . . . . . . .=  200.0000000000    
     POISSON RATIO . . . . . . . . . . . . .= 0.3000000000000    
     YIELD STRESS . . . . . . . . . . . . . = 0.3660000000000    
     HARDENING PARAMETER. . . . . . . . . . =  0.000000000000    
     HARDENING EXPONENT . . . . . . . . . . =  1.000000000000    
     ISO-KINEMATIC HARDENNING FACTOR. . . . =  0.000000000000    
     MAXIMUM STRESS . . . . . . . . . . . . = 1.0000000200409E+20
     REFERENCE STRAIN RATE CC . . . . . . . =  40.00000000000    
     STRAIN RATE EXPONENT (1/P) . . . . . . = 0.2000000000000    
     FLAG FOR STRAIN RATE ON SIG-MAX. . . . =         1
     SMOOTH STRAIN RATE OPTION. . . . . . . =         1
     STRAIN RATE CUTTING FREQUENCY. . . . . =  10.00000000000    
     STRAIN RATE CHOICE FLAG  . . . . . . . =         1
          VP=1  EQUIVALENT PLASTIC STRAIN RATE
          VP=2  TOTAL STRAIN RATE (DEFAULT)
          VP=3  DEVIATORIC STRAIN RATE
     FAILURE PLASTIC STRAIN . . . . . . . . = 1.0000000200409E+20
     TENSION FAILURE STRAIN 1 . . . . . . . = 1.0000000200409E+20
     TENSION FAILURE STRAIN 2 . . . . . . . = 2.0000000400818E+20
     YIELD FUNCTION IDENTIFIER  . . . . . . =         1
     YIELD FUNCTION SCALE FACTOR  . . . . . =  1.000000000000    


     MATL24_999
     MATERIAL NUMBER. . . . . . . . . . . . =      1016
     MATERIAL LAW . . . . . . . . . . . . . =        44

     MATERIAL MODEL : ELASTIC-PLASTIC (COWPER-SYMONDS)
     -------------------------------------------------

     INITIAL DENSITY . . . . . . . . . . . .= 7.8300000000000E-06

     YOUNG MODULUS . . . . . . . . . . . . .=  200.0000000000    
     POISSON RATIO . . . . . . . . . . . . .= 0.3000000000000    
     YIELD STRESS . . . . . . . . . . . . . = 0.3660000000000    
     HARDENING PARAMETER. . . . . . . . . . =  0.000000000000    
     HARDENING EXPONENT . . . . . . . . . . =  1.000000000000    
     ISO-KINEMATIC HARDENNING FACTOR. . . . =  0.000000000000    
     MAXIMUM STRESS . . . . . . . . . . . . = 1.0000000200409E+20
     REFERENCE STRAIN RATE CC . . . . . . . =  40.00000000000    
     STRAIN RATE EXPONENT (1/P) . . . . . . = 0.2000000000000    
     FLAG FOR STRAIN RATE ON SIG-MAX. . . . =         1
     SMOOTH STRAIN RATE OPTION. . . . . . . =         1
     STRAIN RATE CUTTING FREQUENCY. . . . . =  10.00000000000    
     STRAIN RATE CHOICE FLAG  . . . . . . . =         1
          VP=1  EQUIVALENT PLASTIC STRAIN RATE
          VP=2  TOTAL STRAIN RATE (DEFAULT)
          VP=3  DEVIATORIC STRAIN RATE
     FAILURE PLASTIC STRAIN . . . . . . . . = 1.0000000200409E+20
     TENSION FAILURE STRAIN 1 . . . . . . . = 1.0000000200409E+20
     TENSION FAILURE STRAIN 2 . . . . . . . = 2.0000000400818E+20
     YIELD FUNCTION IDENTIFIER  . . . . . . =         1
     YIELD FUNCTION SCALE FACTOR  . . . . . =  1.000000000000    


     MATL24_999
     MATERIAL NUMBER. . . . . . . . . . . . =      1017
     MATERIAL LAW . . . . . . . . . . . . . =        44

     MATERIAL MODEL : ELASTIC-PLASTIC (COWPER-SYMONDS)
     -------------------------------------------------

     INITIAL DENSITY . . . . . . . . . . . .= 7.8300000000000E-06

     YOUNG MODULUS . . . . . . . . . . . . .=  200.0000000000    
     POISSON RATIO . . . . . . . . . . . . .= 0.3000000000000    
     YIELD STRESS . . . . . . . . . . . . . = 0.3660000000000    
     HARDENING PARAMETER. . . . . . . . . . =  0.000000000000    
     HARDENING EXPONENT . . . . . . . . . . =  1.000000000000    
     ISO-KINEMATIC HARDENNING FACTOR. . . . =  0.000000000000    
     MAXIMUM STRESS . . . . . . . . . . . . = 1.0000000200409E+20
     REFERENCE STRAIN RATE CC . . . . . . . =  40.00000000000    
     STRAIN RATE EXPONENT (1/P) . . . . . . = 0.2000000000000    
     FLAG FOR STRAIN RATE ON SIG-MAX. . . . =         1
     SMOOTH STRAIN RATE OPTION. . . . . . . =         1
     STRAIN RATE CUTTING FREQUENCY. . . . . =  10.00000000000    
     STRAIN RATE CHOICE FLAG  . . . . . . . =         1
          VP=1  EQUIVALENT PLASTIC STRAIN RATE
          VP=2  TOTAL STRAIN RATE (DEFAULT)
          VP=3  DEVIATORIC STRAIN RATE
     FAILURE PLASTIC STRAIN . . . . . . . . = 1.0000000200409E+20
     TENSION FAILURE STRAIN 1 . . . . . . . = 1.0000000200409E+20
     TENSION FAILURE STRAIN 2 . . . . . . . = 2.0000000400818E+20
     YIELD FUNCTION IDENTIFIER  . . . . . . =         1
     YIELD FUNCTION SCALE FACTOR  . . . . . =  1.000000000000    


     MATL24_999
     MATERIAL NUMBER. . . . . . . . . . . . =      1018
     MATERIAL LAW . . . . . . . . . . . . . =        44

     MATERIAL MODEL : ELASTIC-PLASTIC (COWPER-SYMONDS)
     -------------------------------------------------

     INITIAL DENSITY . . . . . . . . . . . .= 7.8300000000000E-06

     YOUNG MODULUS . . . . . . . . . . . . .=  200.0000000000    
     POISSON RATIO . . . . . . . . . . . . .= 0.3000000000000    
     YIELD STRESS . . . . . . . . . . . . . = 0.3660000000000    
     HARDENING PARAMETER. . . . . . . . . . =  0.000000000000    
     HARDENING EXPONENT . . . . . . . . . . =  1.000000000000    
     ISO-KINEMATIC HARDENNING FACTOR. . . . =  0.000000000000    
     MAXIMUM STRESS . . . . . . . . . . . . = 1.0000000200409E+20
     REFERENCE STRAIN RATE CC . . . . . . . =  40.00000000000    
     STRAIN RATE EXPONENT (1/P) . . . . . . = 0.2000000000000    
     FLAG FOR STRAIN RATE ON SIG-MAX. . . . =         1
     SMOOTH STRAIN RATE OPTION. . . . . . . =         1
     STRAIN RATE CUTTING FREQUENCY. . . . . =  10.00000000000    
     STRAIN RATE CHOICE FLAG  . . . . . . . =         1
          VP=1  EQUIVALENT PLASTIC STRAIN RATE
          VP=2  TOTAL STRAIN RATE (DEFAULT)
          VP=3  DEVIATORIC STRAIN RATE
     FAILURE PLASTIC STRAIN . . . . . . . . = 1.0000000200409E+20
     TENSION FAILURE STRAIN 1 . . . . . . . = 1.0000000200409E+20
     TENSION FAILURE STRAIN 2 . . . . . . . = 2.0000000400818E+20
     YIELD FUNCTION IDENTIFIER  . . . . . . =         1
     YIELD FUNCTION SCALE FACTOR  . . . . . =  1.000000000000    


     MATL24_999
     MATERIAL NUMBER. . . . . . . . . . . . =      1019
     MATERIAL LAW . . . . . . . . . . . . . =        44

     MATERIAL MODEL : ELASTIC-PLASTIC (COWPER-SYMONDS)
     -------------------------------------------------

     INITIAL DENSITY . . . . . . . . . . . .= 7.8300000000000E-06

     YOUNG MODULUS . . . . . . . . . . . . .=  200.0000000000    
     POISSON RATIO . . . . . . . . . . . . .= 0.3000000000000    
     YIELD STRESS . . . . . . . . . . . . . = 0.3660000000000    
     HARDENING PARAMETER. . . . . . . . . . =  0.000000000000    
     HARDENING EXPONENT . . . . . . . . . . =  1.000000000000    
     ISO-KINEMATIC HARDENNING FACTOR. . . . =  0.000000000000    
     MAXIMUM STRESS . . . . . . . . . . . . = 1.0000000200409E+20
     REFERENCE STRAIN RATE CC . . . . . . . =  40.00000000000    
     STRAIN RATE EXPONENT (1/P) . . . . . . = 0.2000000000000    
     FLAG FOR STRAIN RATE ON SIG-MAX. . . . =         1
     SMOOTH STRAIN RATE OPTION. . . . . . . =         1
     STRAIN RATE CUTTING FREQUENCY. . . . . =  10.00000000000    
     STRAIN RATE CHOICE FLAG  . . . . . . . =         1
          VP=1  EQUIVALENT PLASTIC STRAIN RATE
          VP=2  TOTAL STRAIN RATE (DEFAULT)
          VP=3  DEVIATORIC STRAIN RATE
     FAILURE PLASTIC STRAIN . . . . . . . . = 1.0000000200409E+20
     TENSION FAILURE STRAIN 1 . . . . . . . = 1.0000000200409E+20
     TENSION FAILURE STRAIN 2 . . . . . . . = 2.0000000400818E+20
     YIELD FUNCTION IDENTIFIER  . . . . . . =         1
     YIELD FUNCTION SCALE FACTOR  . . . . . =  1.000000000000    


     MATL24_999
     MATERIAL NUMBER. . . . . . . . . . . . =      1020
     MATERIAL LAW . . . . . . . . . . . . . =        44

     MATERIAL MODEL : ELASTIC-PLASTIC (COWPER-SYMONDS)
     -------------------------------------------------

     INITIAL DENSITY . . . . . . . . . . . .= 7.8300000000000E-06

     YOUNG MODULUS . . . . . . . . . . . . .=  200.0000000000    
     POISSON RATIO . . . . . . . . . . . . .= 0.3000000000000    
     YIELD STRESS . . . . . . . . . . . . . = 0.3660000000000    
     HARDENING PARAMETER. . . . . . . . . . =  0.000000000000    
     HARDENING EXPONENT . . . . . . . . . . =  1.000000000000    
     ISO-KINEMATIC HARDENNING FACTOR. . . . =  0.000000000000    
     MAXIMUM STRESS . . . . . . . . . . . . = 1.0000000200409E+20
     REFERENCE STRAIN RATE CC . . . . . . . =  40.00000000000    
     STRAIN RATE EXPONENT (1/P) . . . . . . = 0.2000000000000    
     FLAG FOR STRAIN RATE ON SIG-MAX. . . . =         1
     SMOOTH STRAIN RATE OPTION. . . . . . . =         1
     STRAIN RATE CUTTING FREQUENCY. . . . . =  10.00000000000    
     STRAIN RATE CHOICE FLAG  . . . . . . . =         1
          VP=1  EQUIVALENT PLASTIC STRAIN RATE
          VP=2  TOTAL STRAIN RATE (DEFAULT)
          VP=3  DEVIATORIC STRAIN RATE
     FAILURE PLASTIC STRAIN . . . . . . . . = 1.0000000200409E+20
     TENSION FAILURE STRAIN 1 . . . . . . . = 1.0000000200409E+20
     TENSION FAILURE STRAIN 2 . . . . . . . = 2.0000000400818E+20
     YIELD FUNCTION IDENTIFIER  . . . . . . =         1
     YIELD FUNCTION SCALE FACTOR  . . . . . =  1.000000000000    


     MATL24_999
     MATERIAL NUMBER. . . . . . . . . . . . =      1021
     MATERIAL LAW . . . . . . . . . . . . . =        44

     MATERIAL MODEL : ELASTIC-PLASTIC (COWPER-SYMONDS)
     -------------------------------------------------

     INITIAL DENSITY . . . . . . . . . . . .= 7.8300000000000E-06

     YOUNG MODULUS . . . . . . . . . . . . .=  200.0000000000    
     POISSON RATIO . . . . . . . . . . . . .= 0.3000000000000    
     YIELD STRESS . . . . . . . . . . . . . = 0.3660000000000    
     HARDENING PARAMETER. . . . . . . . . . =  0.000000000000    
     HARDENING EXPONENT . . . . . . . . . . =  1.000000000000    
     ISO-KINEMATIC HARDENNING FACTOR. . . . =  0.000000000000    
     MAXIMUM STRESS . . . . . . . . . . . . = 1.0000000200409E+20
     REFERENCE STRAIN RATE CC . . . . . . . =  40.00000000000    
     STRAIN RATE EXPONENT (1/P) . . . . . . = 0.2000000000000    
     FLAG FOR STRAIN RATE ON SIG-MAX. . . . =         1
     SMOOTH STRAIN RATE OPTION. . . . . . . =         1
     STRAIN RATE CUTTING FREQUENCY. . . . . =  10.00000000000    
     STRAIN RATE CHOICE FLAG  . . . . . . . =         1
          VP=1  EQUIVALENT PLASTIC STRAIN RATE
          VP=2  TOTAL STRAIN RATE (DEFAULT)
          VP=3  DEVIATORIC STRAIN RATE
     FAILURE PLASTIC STRAIN . . . . . . . . = 1.0000000200409E+20
     TENSION FAILURE STRAIN 1 . . . . . . . = 1.0000000200409E+20
     TENSION FAILURE STRAIN 2 . . . . . . . = 2.0000000400818E+20
     YIELD FUNCTION IDENTIFIER  . . . . . . =         1
     YIELD FUNCTION SCALE FACTOR  . . . . . =  1.000000000000    


     MATL24_999
     MATERIAL NUMBER. . . . . . . . . . . . =      1022
     MATERIAL LAW . . . . . . . . . . . . . =        44

     MATERIAL MODEL : ELASTIC-PLASTIC (COWPER-SYMONDS)
     -------------------------------------------------

     INITIAL DENSITY . . . . . . . . . . . .= 7.8300000000000E-06

     YOUNG MODULUS . . . . . . . . . . . . .=  200.0000000000    
     POISSON RATIO . . . . . . . . . . . . .= 0.3000000000000    
     YIELD STRESS . . . . . . . . . . . . . = 0.3660000000000    
     HARDENING PARAMETER. . . . . . . . . . =  0.000000000000    
     HARDENING EXPONENT . . . . . . . . . . =  1.000000000000    
     ISO-KINEMATIC HARDENNING FACTOR. . . . =  0.000000000000    
     MAXIMUM STRESS . . . . . . . . . . . . = 1.0000000200409E+20
     REFERENCE STRAIN RATE CC . . . . . . . =  40.00000000000    
     STRAIN RATE EXPONENT (1/P) . . . . . . = 0.2000000000000    
     FLAG FOR STRAIN RATE ON SIG-MAX. . . . =         1
     SMOOTH STRAIN RATE OPTION. . . . . . . =         1
     STRAIN RATE CUTTING FREQUENCY. . . . . =  10.00000000000    
     STRAIN RATE CHOICE FLAG  . . . . . . . =         1
          VP=1  EQUIVALENT PLASTIC STRAIN RATE
          VP=2  TOTAL STRAIN RATE (DEFAULT)
          VP=3  DEVIATORIC STRAIN RATE
     FAILURE PLASTIC STRAIN . . . . . . . . = 1.0000000200409E+20
     TENSION FAILURE STRAIN 1 . . . . . . . = 1.0000000200409E+20
     TENSION FAILURE STRAIN 2 . . . . . . . = 2.0000000400818E+20
     YIELD FUNCTION IDENTIFIER  . . . . . . =         1
     YIELD FUNCTION SCALE FACTOR  . . . . . =  1.000000000000    


     MATL24_999
     MATERIAL NUMBER. . . . . . . . . . . . =      1023
     MATERIAL LAW . . . . . . . . . . . . . =        44

     MATERIAL MODEL : ELASTIC-PLASTIC (COWPER-SYMONDS)
     -------------------------------------------------

     INITIAL DENSITY . . . . . . . . . . . .= 7.8300000000000E-06

     YOUNG MODULUS . . . . . . . . . . . . .=  200.0000000000    
     POISSON RATIO . . . . . . . . . . . . .= 0.3000000000000    
     YIELD STRESS . . . . . . . . . . . . . = 0.3660000000000    
     HARDENING PARAMETER. . . . . . . . . . =  0.000000000000    
     HARDENING EXPONENT . . . . . . . . . . =  1.000000000000    
     ISO-KINEMATIC HARDENNING FACTOR. . . . =  0.000000000000    
     MAXIMUM STRESS . . . . . . . . . . . . = 1.0000000200409E+20
     REFERENCE STRAIN RATE CC . . . . . . . =  40.00000000000    
     STRAIN RATE EXPONENT (1/P) . . . . . . = 0.2000000000000    
     FLAG FOR STRAIN RATE ON SIG-MAX. . . . =         1
     SMOOTH STRAIN RATE OPTION. . . . . . . =         1
     STRAIN RATE CUTTING FREQUENCY. . . . . =  10.00000000000    
     STRAIN RATE CHOICE FLAG  . . . . . . . =         1
          VP=1  EQUIVALENT PLASTIC STRAIN RATE
          VP=2  TOTAL STRAIN RATE (DEFAULT)
          VP=3  DEVIATORIC STRAIN RATE
     FAILURE PLASTIC STRAIN . . . . . . . . = 1.0000000200409E+20
     TENSION FAILURE STRAIN 1 . . . . . . . = 1.0000000200409E+20
     TENSION FAILURE STRAIN 2 . . . . . . . = 2.0000000400818E+20
     YIELD FUNCTION IDENTIFIER  . . . . . . =         1
     YIELD FUNCTION SCALE FACTOR  . . . . . =  1.000000000000    


     MATL24_999
     MATERIAL NUMBER. . . . . . . . . . . . =      1024
     MATERIAL LAW . . . . . . . . . . . . . =        44

     MATERIAL MODEL : ELASTIC-PLASTIC (COWPER-SYMONDS)
     -------------------------------------------------

     INITIAL DENSITY . . . . . . . . . . . .= 7.8300000000000E-06

     YOUNG MODULUS . . . . . . . . . . . . .=  200.0000000000    
     POISSON RATIO . . . . . . . . . . . . .= 0.3000000000000    
     YIELD STRESS . . . . . . . . . . . . . = 0.3660000000000    
     HARDENING PARAMETER. . . . . . . . . . =  0.000000000000    
     HARDENING EXPONENT . . . . . . . . . . =  1.000000000000    
     ISO-KINEMATIC HARDENNING FACTOR. . . . =  0.000000000000    
     MAXIMUM STRESS . . . . . . . . . . . . = 1.0000000200409E+20
     REFERENCE STRAIN RATE CC . . . . . . . =  40.00000000000    
     STRAIN RATE EXPONENT (1/P) . . . . . . = 0.2000000000000    
     FLAG FOR STRAIN RATE ON SIG-MAX. . . . =         1
     SMOOTH STRAIN RATE OPTION. . . . . . . =         1
     STRAIN RATE CUTTING FREQUENCY. . . . . =  10.00000000000    
     STRAIN RATE CHOICE FLAG  . . . . . . . =         1
          VP=1  EQUIVALENT PLASTIC STRAIN RATE
          VP=2  TOTAL STRAIN RATE (DEFAULT)
          VP=3  DEVIATORIC STRAIN RATE
     FAILURE PLASTIC STRAIN . . . . . . . . = 1.0000000200409E+20
     TENSION FAILURE STRAIN 1 . . . . . . . = 1.0000000200409E+20
     TENSION FAILURE STRAIN 2 . . . . . . . = 2.0000000400818E+20
     YIELD FUNCTION IDENTIFIER  . . . . . . =         1
     YIELD FUNCTION SCALE FACTOR  . . . . . =  1.000000000000    


     MATL24_999
     MATERIAL NUMBER. . . . . . . . . . . . =      1025
     MATERIAL LAW . . . . . . . . . . . . . =        44

     MATERIAL MODEL : ELASTIC-PLASTIC (COWPER-SYMONDS)
     -------------------------------------------------

     INITIAL DENSITY . . . . . . . . . . . .= 7.8300000000000E-06

     YOUNG MODULUS . . . . . . . . . . . . .=  200.0000000000    
     POISSON RATIO . . . . . . . . . . . . .= 0.3000000000000    
     YIELD STRESS . . . . . . . . . . . . . = 0.3660000000000    
     HARDENING PARAMETER. . . . . . . . . . =  0.000000000000    
     HARDENING EXPONENT . . . . . . . . . . =  1.000000000000    
     ISO-KINEMATIC HARDENNING FACTOR. . . . =  0.000000000000    
     MAXIMUM STRESS . . . . . . . . . . . . = 1.0000000200409E+20
     REFERENCE STRAIN RATE CC . . . . . . . =  40.00000000000    
     STRAIN RATE EXPONENT (1/P) . . . . . . = 0.2000000000000    
     FLAG FOR STRAIN RATE ON SIG-MAX. . . . =         1
     SMOOTH STRAIN RATE OPTION. . . . . . . =         1
     STRAIN RATE CUTTING FREQUENCY. . . . . =  10.00000000000    
     STRAIN RATE CHOICE FLAG  . . . . . . . =         1
          VP=1  EQUIVALENT PLASTIC STRAIN RATE
          VP=2  TOTAL STRAIN RATE (DEFAULT)
          VP=3  DEVIATORIC STRAIN RATE
     FAILURE PLASTIC STRAIN . . . . . . . . = 1.0000000200409E+20
     TENSION FAILURE STRAIN 1 . . . . . . . = 1.0000000200409E+20
     TENSION FAILURE STRAIN 2 . . . . . . . = 2.0000000400818E+20
     YIELD FUNCTION IDENTIFIER  . . . . . . =         1
     YIELD FUNCTION SCALE FACTOR  . . . . . =  1.000000000000    


     MATL24_999
     MATERIAL NUMBER. . . . . . . . . . . . =      1026
     MATERIAL LAW . . . . . . . . . . . . . =        44

     MATERIAL MODEL : ELASTIC-PLASTIC (COWPER-SYMONDS)
     -------------------------------------------------

     INITIAL DENSITY . . . . . . . . . . . .= 7.8300000000000E-06

     YOUNG MODULUS . . . . . . . . . . . . .=  200.0000000000    
     POISSON RATIO . . . . . . . . . . . . .= 0.3000000000000    
     YIELD STRESS . . . . . . . . . . . . . = 0.3660000000000    
     HARDENING PARAMETER. . . . . . . . . . =  0.000000000000    
     HARDENING EXPONENT . . . . . . . . . . =  1.000000000000    
     ISO-KINEMATIC HARDENNING FACTOR. . . . =  0.000000000000    
     MAXIMUM STRESS . . . . . . . . . . . . = 1.0000000200409E+20
     REFERENCE STRAIN RATE CC . . . . . . . =  40.00000000000    
     STRAIN RATE EXPONENT (1/P) . . . . . . = 0.2000000000000    
     FLAG FOR STRAIN RATE ON SIG-MAX. . . . =         1
     SMOOTH STRAIN RATE OPTION. . . . . . . =         1
     STRAIN RATE CUTTING FREQUENCY. . . . . =  10.00000000000    
     STRAIN RATE CHOICE FLAG  . . . . . . . =         1
          VP=1  EQUIVALENT PLASTIC STRAIN RATE
          VP=2  TOTAL STRAIN RATE (DEFAULT)
          VP=3  DEVIATORIC STRAIN RATE
     FAILURE PLASTIC STRAIN . . . . . . . . = 1.0000000200409E+20
     TENSION FAILURE STRAIN 1 . . . . . . . = 1.0000000200409E+20
     TENSION FAILURE STRAIN 2 . . . . . . . = 2.0000000400818E+20
     YIELD FUNCTION IDENTIFIER  . . . . . . =         1
     YIELD FUNCTION SCALE FACTOR  . . . . . =  1.000000000000    


     MATL24_999
     MATERIAL NUMBER. . . . . . . . . . . . =      1027
     MATERIAL LAW . . . . . . . . . . . . . =        44

     MATERIAL MODEL : ELASTIC-PLASTIC (COWPER-SYMONDS)
     -------------------------------------------------

     INITIAL DENSITY . . . . . . . . . . . .= 7.8300000000000E-06

     YOUNG MODULUS . . . . . . . . . . . . .=  200.0000000000    
     POISSON RATIO . . . . . . . . . . . . .= 0.3000000000000    
     YIELD STRESS . . . . . . . . . . . . . = 0.3660000000000    
     HARDENING PARAMETER. . . . . . . . . . =  0.000000000000    
     HARDENING EXPONENT . . . . . . . . . . =  1.000000000000    
     ISO-KINEMATIC HARDENNING FACTOR. . . . =  0.000000000000    
     MAXIMUM STRESS . . . . . . . . . . . . = 1.0000000200409E+20
     REFERENCE STRAIN RATE CC . . . . . . . =  40.00000000000    
     STRAIN RATE EXPONENT (1/P) . . . . . . = 0.2000000000000    
     FLAG FOR STRAIN RATE ON SIG-MAX. . . . =         1
     SMOOTH STRAIN RATE OPTION. . . . . . . =         1
     STRAIN RATE CUTTING FREQUENCY. . . . . =  10.00000000000    
     STRAIN RATE CHOICE FLAG  . . . . . . . =         1
          VP=1  EQUIVALENT PLASTIC STRAIN RATE
          VP=2  TOTAL STRAIN RATE (DEFAULT)
          VP=3  DEVIATORIC STRAIN RATE
     FAILURE PLASTIC STRAIN . . . . . . . . = 1.0000000200409E+20
     TENSION FAILURE STRAIN 1 . . . . . . . = 1.0000000200409E+20
     TENSION FAILURE STRAIN 2 . . . . . . . = 2.0000000400818E+20
     YIELD FUNCTION IDENTIFIER  . . . . . . =         1
     YIELD FUNCTION SCALE FACTOR  . . . . . =  1.000000000000    


     MATL24_999
     MATERIAL NUMBER. . . . . . . . . . . . =      1028
     MATERIAL LAW . . . . . . . . . . . . . =        44

     MATERIAL MODEL : ELASTIC-PLASTIC (COWPER-SYMONDS)
     -------------------------------------------------

     INITIAL DENSITY . . . . . . . . . . . .= 7.8300000000000E-06

     YOUNG MODULUS . . . . . . . . . . . . .=  200.0000000000    
     POISSON RATIO . . . . . . . . . . . . .= 0.3000000000000    
     YIELD STRESS . . . . . . . . . . . . . = 0.3660000000000    
     HARDENING PARAMETER. . . . . . . . . . =  0.000000000000    
     HARDENING EXPONENT . . . . . . . . . . =  1.000000000000    
     ISO-KINEMATIC HARDENNING FACTOR. . . . =  0.000000000000    
     MAXIMUM STRESS . . . . . . . . . . . . = 1.0000000200409E+20
     REFERENCE STRAIN RATE CC . . . . . . . =  40.00000000000    
     STRAIN RATE EXPONENT (1/P) . . . . . . = 0.2000000000000    
     FLAG FOR STRAIN RATE ON SIG-MAX. . . . =         1
     SMOOTH STRAIN RATE OPTION. . . . . . . =         1
     STRAIN RATE CUTTING FREQUENCY. . . . . =  10.00000000000    
     STRAIN RATE CHOICE FLAG  . . . . . . . =         1
          VP=1  EQUIVALENT PLASTIC STRAIN RATE
          VP=2  TOTAL STRAIN RATE (DEFAULT)
          VP=3  DEVIATORIC STRAIN RATE
     FAILURE PLASTIC STRAIN . . . . . . . . = 1.0000000200409E+20
     TENSION FAILURE STRAIN 1 . . . . . . . = 1.0000000200409E+20
     TENSION FAILURE STRAIN 2 . . . . . . . = 2.0000000400818E+20
     YIELD FUNCTION IDENTIFIER  . . . . . . =         1
     YIELD FUNCTION SCALE FACTOR  . . . . . =  1.000000000000    



     MAT_ID . . . . . . . . . . . . . . .=      1000
     FAILURE MODEL TYPE . . . . . . . . .=   JOHNSON
     FAIL_ID. . . . . . . . . . . . . . .=         0



     MAT_ID . . . . . . . . . . . . . . .=      1000
     FAILURE MODEL. . . . . . . . . . . .=         1
     FAIL_ID. . . . . . . . . . . . . . .=         0

       ----------------------------------------------------   
                FAILURE CRITERION : JOHNSON-COOK              
       ----------------------------------------------------   
     FIRST  FAILURE PARAMETER (D1). . . . . . . . . . . . . .= 1.0000000000000E+21
     SECOND FAILURE PARAMETER (D2). . . . . . . . . . . . . .=  0.000000000000    
     THIRD  FAILURE PARAMETER (D3). . . . . . . . . . . . . .=  0.000000000000    
     FORTH  FAILURE PARAMETER (D4). . . . . . . . . . . . . .=  0.000000000000    
     FIFTH  FAILURE PARAMETER (D5). . . . . . . . . . . . . .=  0.000000000000    
     LOWER PLASTIC STRAIN AT FAILURE (EPSF_MIN). . . . . . . =  0.000000000000    
     NUMBER OF FAILED INTG. POINTS PRIOR TO ELEM DELETION  .=         1

        STRESS TENSOR IN SHELL LAYER SET TO ZERO AFTER FAILURE
        SOLID ELEMENT DELETION AFTER FAILURE


     MAT_ID . . . . . . . . . . . . . . .=      1001
     FAILURE MODEL TYPE . . . . . . . . .=   JOHNSON
     FAIL_ID. . . . . . . . . . . . . . .=         0



     MAT_ID . . . . . . . . . . . . . . .=      1001
     FAILURE MODEL. . . . . . . . . . . .=         1
     FAIL_ID. . . . . . . . . . . . . . .=         0

       ----------------------------------------------------   
                FAILURE CRITERION : JOHNSON-COOK              
       ----------------------------------------------------   
     FIRST  FAILURE PARAMETER (D1). . . . . . . . . . . . . .= 1.0000000000000E+21
     SECOND FAILURE PARAMETER (D2). . . . . . . . . . . . . .=  0.000000000000    
     THIRD  FAILURE PARAMETER (D3). . . . . . . . . . . . . .=  0.000000000000    
     FORTH  FAILURE PARAMETER (D4). . . . . . . . . . . . . .=  0.000000000000    
     FIFTH  FAILURE PARAMETER (D5). . . . . . . . . . . . . .=  0.000000000000    
     LOWER PLASTIC STRAIN AT FAILURE (EPSF_MIN). . . . . . . =  0.000000000000    
     NUMBER OF FAILED INTG. POINTS PRIOR TO ELEM DELETION  .=         1

        STRESS TENSOR IN SHELL LAYER SET TO ZERO AFTER FAILURE
        SOLID ELEMENT DELETION AFTER FAILURE


     MAT_ID . . . . . . . . . . . . . . .=      1002
     FAILURE MODEL TYPE . . . . . . . . .=   JOHNSON
     FAIL_ID. . . . . . . . . . . . . . .=         0



     MAT_ID . . . . . . . . . . . . . . .=      1002
     FAILURE MODEL. . . . . . . . . . . .=         1
     FAIL_ID. . . . . . . . . . . . . . .=         0

       ----------------------------------------------------   
                FAILURE CRITERION : JOHNSON-COOK              
       ----------------------------------------------------   
     FIRST  FAILURE PARAMETER (D1). . . . . . . . . . . . . .= 1.0000000000000E+21
     SECOND FAILURE PARAMETER (D2). . . . . . . . . . . . . .=  0.000000000000    
     THIRD  FAILURE PARAMETER (D3). . . . . . . . . . . . . .=  0.000000000000    
     FORTH  FAILURE PARAMETER (D4). . . . . . . . . . . . . .=  0.000000000000    
     FIFTH  FAILURE PARAMETER (D5). . . . . . . . . . . . . .=  0.000000000000    
     LOWER PLASTIC STRAIN AT FAILURE (EPSF_MIN). . . . . . . =  0.000000000000    
     NUMBER OF FAILED INTG. POINTS PRIOR TO ELEM DELETION  .=         1

        STRESS TENSOR IN SHELL LAYER SET TO ZERO AFTER FAILURE
        SOLID ELEMENT DELETION AFTER FAILURE


     MAT_ID . . . . . . . . . . . . . . .=      1003
     FAILURE MODEL TYPE . . . . . . . . .=   JOHNSON
     FAIL_ID. . . . . . . . . . . . . . .=         0



     MAT_ID . . . . . . . . . . . . . . .=      1003
     FAILURE MODEL. . . . . . . . . . . .=         1
     FAIL_ID. . . . . . . . . . . . . . .=         0

       ----------------------------------------------------   
                FAILURE CRITERION : JOHNSON-COOK              
       ----------------------------------------------------   
     FIRST  FAILURE PARAMETER (D1). . . . . . . . . . . . . .= 1.0000000000000E+21
     SECOND FAILURE PARAMETER (D2). . . . . . . . . . . . . .=  0.000000000000    
     THIRD  FAILURE PARAMETER (D3). . . . . . . . . . . . . .=  0.000000000000    
     FORTH  FAILURE PARAMETER (D4). . . . . . . . . . . . . .=  0.000000000000    
     FIFTH  FAILURE PARAMETER (D5). . . . . . . . . . . . . .=  0.000000000000    
     LOWER PLASTIC STRAIN AT FAILURE (EPSF_MIN). . . . . . . =  0.000000000000    
     NUMBER OF FAILED INTG. POINTS PRIOR TO ELEM DELETION  .=         1

        STRESS TENSOR IN SHELL LAYER SET TO ZERO AFTER FAILURE
        SOLID ELEMENT DELETION AFTER FAILURE


     MAT_ID . . . . . . . . . . . . . . .=      1004
     FAILURE MODEL TYPE . . . . . . . . .=   JOHNSON
     FAIL_ID. . . . . . . . . . . . . . .=         0



     MAT_ID . . . . . . . . . . . . . . .=      1004
     FAILURE MODEL. . . . . . . . . . . .=         1
     FAIL_ID. . . . . . . . . . . . . . .=         0

       ----------------------------------------------------   
                FAILURE CRITERION : JOHNSON-COOK              
       ----------------------------------------------------   
     FIRST  FAILURE PARAMETER (D1). . . . . . . . . . . . . .= 1.0000000000000E+21
     SECOND FAILURE PARAMETER (D2). . . . . . . . . . . . . .=  0.000000000000    
     THIRD  FAILURE PARAMETER (D3). . . . . . . . . . . . . .=  0.000000000000    
     FORTH  FAILURE PARAMETER (D4). . . . . . . . . . . . . .=  0.000000000000    
     FIFTH  FAILURE PARAMETER (D5). . . . . . . . . . . . . .=  0.000000000000    
     LOWER PLASTIC STRAIN AT FAILURE (EPSF_MIN). . . . . . . =  0.000000000000    
     NUMBER OF FAILED INTG. POINTS PRIOR TO ELEM DELETION  .=         1

        STRESS TENSOR IN SHELL LAYER SET TO ZERO AFTER FAILURE
        SOLID ELEMENT DELETION AFTER FAILURE


     MAT_ID . . . . . . . . . . . . . . .=      1005
     FAILURE MODEL TYPE . . . . . . . . .=   JOHNSON
     FAIL_ID. . . . . . . . . . . . . . .=         0



     MAT_ID . . . . . . . . . . . . . . .=      1005
     FAILURE MODEL. . . . . . . . . . . .=         1
     FAIL_ID. . . . . . . . . . . . . . .=         0

       ----------------------------------------------------   
                FAILURE CRITERION : JOHNSON-COOK              
       ----------------------------------------------------   
     FIRST  FAILURE PARAMETER (D1). . . . . . . . . . . . . .= 1.0000000000000E+21
     SECOND FAILURE PARAMETER (D2). . . . . . . . . . . . . .=  0.000000000000    
     THIRD  FAILURE PARAMETER (D3). . . . . . . . . . . . . .=  0.000000000000    
     FORTH  FAILURE PARAMETER (D4). . . . . . . . . . . . . .=  0.000000000000    
     FIFTH  FAILURE PARAMETER (D5). . . . . . . . . . . . . .=  0.000000000000    
     LOWER PLASTIC STRAIN AT FAILURE (EPSF_MIN). . . . . . . =  0.000000000000    
     NUMBER OF FAILED INTG. POINTS PRIOR TO ELEM DELETION  .=         1

        STRESS TENSOR IN SHELL LAYER SET TO ZERO AFTER FAILURE
        SOLID ELEMENT DELETION AFTER FAILURE


     MAT_ID . . . . . . . . . . . . . . .=      1006
     FAILURE MODEL TYPE . . . . . . . . .=   JOHNSON
     FAIL_ID. . . . . . . . . . . . . . .=         0



     MAT_ID . . . . . . . . . . . . . . .=      1006
     FAILURE MODEL. . . . . . . . . . . .=         1
     FAIL_ID. . . . . . . . . . . . . . .=         0

       ----------------------------------------------------   
                FAILURE CRITERION : JOHNSON-COOK              
       ----------------------------------------------------   
     FIRST  FAILURE PARAMETER (D1). . . . . . . . . . . . . .= 1.0000000000000E+21
     SECOND FAILURE PARAMETER (D2). . . . . . . . . . . . . .=  0.000000000000    
     THIRD  FAILURE PARAMETER (D3). . . . . . . . . . . . . .=  0.000000000000    
     FORTH  FAILURE PARAMETER (D4). . . . . . . . . . . . . .=  0.000000000000    
     FIFTH  FAILURE PARAMETER (D5). . . . . . . . . . . . . .=  0.000000000000    
     LOWER PLASTIC STRAIN AT FAILURE (EPSF_MIN). . . . . . . =  0.000000000000    
     NUMBER OF FAILED INTG. POINTS PRIOR TO ELEM DELETION  .=         1

        STRESS TENSOR IN SHELL LAYER SET TO ZERO AFTER FAILURE
        SOLID ELEMENT DELETION AFTER FAILURE


     MAT_ID . . . . . . . . . . . . . . .=      1007
     FAILURE MODEL TYPE . . . . . . . . .=   JOHNSON
     FAIL_ID. . . . . . . . . . . . . . .=         0



     MAT_ID . . . . . . . . . . . . . . .=      1007
     FAILURE MODEL. . . . . . . . . . . .=         1
     FAIL_ID. . . . . . . . . . . . . . .=         0

       ----------------------------------------------------   
                FAILURE CRITERION : JOHNSON-COOK              
       ----------------------------------------------------   
     FIRST  FAILURE PARAMETER (D1). . . . . . . . . . . . . .= 1.0000000000000E+21
     SECOND FAILURE PARAMETER (D2). . . . . . . . . . . . . .=  0.000000000000    
     THIRD  FAILURE PARAMETER (D3). . . . . . . . . . . . . .=  0.000000000000    
     FORTH  FAILURE PARAMETER (D4). . . . . . . . . . . . . .=  0.000000000000    
     FIFTH  FAILURE PARAMETER (D5). . . . . . . . . . . . . .=  0.000000000000    
     LOWER PLASTIC STRAIN AT FAILURE (EPSF_MIN). . . . . . . =  0.000000000000    
     NUMBER OF FAILED INTG. POINTS PRIOR TO ELEM DELETION  .=         1

        STRESS TENSOR IN SHELL LAYER SET TO ZERO AFTER FAILURE
        SOLID ELEMENT DELETION AFTER FAILURE


     MAT_ID . . . . . . . . . . . . . . .=      1008
     FAILURE MODEL TYPE . . . . . . . . .=   JOHNSON
     FAIL_ID. . . . . . . . . . . . . . .=         0



     MAT_ID . . . . . . . . . . . . . . .=      1008
     FAILURE MODEL. . . . . . . . . . . .=         1
     FAIL_ID. . . . . . . . . . . . . . .=         0

       ----------------------------------------------------   
                FAILURE CRITERION : JOHNSON-COOK              
       ----------------------------------------------------   
     FIRST  FAILURE PARAMETER (D1). . . . . . . . . . . . . .= 1.0000000000000E+21
     SECOND FAILURE PARAMETER (D2). . . . . . . . . . . . . .=  0.000000000000    
     THIRD  FAILURE PARAMETER (D3). . . . . . . . . . . . . .=  0.000000000000    
     FORTH  FAILURE PARAMETER (D4). . . . . . . . . . . . . .=  0.000000000000    
     FIFTH  FAILURE PARAMETER (D5). . . . . . . . . . . . . .=  0.000000000000    
     LOWER PLASTIC STRAIN AT FAILURE (EPSF_MIN). . . . . . . =  0.000000000000    
     NUMBER OF FAILED INTG. POINTS PRIOR TO ELEM DELETION  .=         1

        STRESS TENSOR IN SHELL LAYER SET TO ZERO AFTER FAILURE
        SOLID ELEMENT DELETION AFTER FAILURE


     MAT_ID . . . . . . . . . . . . . . .=      1009
     FAILURE MODEL TYPE . . . . . . . . .=   JOHNSON
     FAIL_ID. . . . . . . . . . . . . . .=         0



     MAT_ID . . . . . . . . . . . . . . .=      1009
     FAILURE MODEL. . . . . . . . . . . .=         1
     FAIL_ID. . . . . . . . . . . . . . .=         0

       ----------------------------------------------------   
                FAILURE CRITERION : JOHNSON-COOK              
       ----------------------------------------------------   
     FIRST  FAILURE PARAMETER (D1). . . . . . . . . . . . . .= 1.0000000000000E+21
     SECOND FAILURE PARAMETER (D2). . . . . . . . . . . . . .=  0.000000000000    
     THIRD  FAILURE PARAMETER (D3). . . . . . . . . . . . . .=  0.000000000000    
     FORTH  FAILURE PARAMETER (D4). . . . . . . . . . . . . .=  0.000000000000    
     FIFTH  FAILURE PARAMETER (D5). . . . . . . . . . . . . .=  0.000000000000    
     LOWER PLASTIC STRAIN AT FAILURE (EPSF_MIN). . . . . . . =  0.000000000000    
     NUMBER OF FAILED INTG. POINTS PRIOR TO ELEM DELETION  .=         1

        STRESS TENSOR IN SHELL LAYER SET TO ZERO AFTER FAILURE
        SOLID ELEMENT DELETION AFTER FAILURE


     MAT_ID . . . . . . . . . . . . . . .=      1010
     FAILURE MODEL TYPE . . . . . . . . .=   JOHNSON
     FAIL_ID. . . . . . . . . . . . . . .=         0



     MAT_ID . . . . . . . . . . . . . . .=      1010
     FAILURE MODEL. . . . . . . . . . . .=         1
     FAIL_ID. . . . . . . . . . . . . . .=         0

       ----------------------------------------------------   
                FAILURE CRITERION : JOHNSON-COOK              
       ----------------------------------------------------   
     FIRST  FAILURE PARAMETER (D1). . . . . . . . . . . . . .= 1.0000000000000E+21
     SECOND FAILURE PARAMETER (D2). . . . . . . . . . . . . .=  0.000000000000    
     THIRD  FAILURE PARAMETER (D3). . . . . . . . . . . . . .=  0.000000000000    
     FORTH  FAILURE PARAMETER (D4). . . . . . . . . . . . . .=  0.000000000000    
     FIFTH  FAILURE PARAMETER (D5). . . . . . . . . . . . . .=  0.000000000000    
     LOWER PLASTIC STRAIN AT FAILURE (EPSF_MIN). . . . . . . =  0.000000000000    
     NUMBER OF FAILED INTG. POINTS PRIOR TO ELEM DELETION  .=         1

        STRESS TENSOR IN SHELL LAYER SET TO ZERO AFTER FAILURE
        SOLID ELEMENT DELETION AFTER FAILURE


     MAT_ID . . . . . . . . . . . . . . .=      1011
     FAILURE MODEL TYPE . . . . . . . . .=   JOHNSON
     FAIL_ID. . . . . . . . . . . . . . .=         0



     MAT_ID . . . . . . . . . . . . . . .=      1011
     FAILURE MODEL. . . . . . . . . . . .=         1
     FAIL_ID. . . . . . . . . . . . . . .=         0

       ----------------------------------------------------   
                FAILURE CRITERION : JOHNSON-COOK              
       ----------------------------------------------------   
     FIRST  FAILURE PARAMETER (D1). . . . . . . . . . . . . .= 1.0000000000000E+21
     SECOND FAILURE PARAMETER (D2). . . . . . . . . . . . . .=  0.000000000000    
     THIRD  FAILURE PARAMETER (D3). . . . . . . . . . . . . .=  0.000000000000    
     FORTH  FAILURE PARAMETER (D4). . . . . . . . . . . . . .=  0.000000000000    
     FIFTH  FAILURE PARAMETER (D5). . . . . . . . . . . . . .=  0.000000000000    
     LOWER PLASTIC STRAIN AT FAILURE (EPSF_MIN). . . . . . . =  0.000000000000    
     NUMBER OF FAILED INTG. POINTS PRIOR TO ELEM DELETION  .=         1

        STRESS TENSOR IN SHELL LAYER SET TO ZERO AFTER FAILURE
        SOLID ELEMENT DELETION AFTER FAILURE


     MAT_ID . . . . . . . . . . . . . . .=      1012
     FAILURE MODEL TYPE . . . . . . . . .=   JOHNSON
     FAIL_ID. . . . . . . . . . . . . . .=         0



     MAT_ID . . . . . . . . . . . . . . .=      1012
     FAILURE MODEL. . . . . . . . . . . .=         1
     FAIL_ID. . . . . . . . . . . . . . .=         0

       ----------------------------------------------------   
                FAILURE CRITERION : JOHNSON-COOK              
       ----------------------------------------------------   
     FIRST  FAILURE PARAMETER (D1). . . . . . . . . . . . . .= 1.0000000000000E+21
     SECOND FAILURE PARAMETER (D2). . . . . . . . . . . . . .=  0.000000000000    
     THIRD  FAILURE PARAMETER (D3). . . . . . . . . . . . . .=  0.000000000000    
     FORTH  FAILURE PARAMETER (D4). . . . . . . . . . . . . .=  0.000000000000    
     FIFTH  FAILURE PARAMETER (D5). . . . . . . . . . . . . .=  0.000000000000    
     LOWER PLASTIC STRAIN AT FAILURE (EPSF_MIN). . . . . . . =  0.000000000000    
     NUMBER OF FAILED INTG. POINTS PRIOR TO ELEM DELETION  .=         1

        STRESS TENSOR IN SHELL LAYER SET TO ZERO AFTER FAILURE
        SOLID ELEMENT DELETION AFTER FAILURE


     MAT_ID . . . . . . . . . . . . . . .=      1013
     FAILURE MODEL TYPE . . . . . . . . .=   JOHNSON
     FAIL_ID. . . . . . . . . . . . . . .=         0



     MAT_ID . . . . . . . . . . . . . . .=      1013
     FAILURE MODEL. . . . . . . . . . . .=         1
     FAIL_ID. . . . . . . . . . . . . . .=         0

       ----------------------------------------------------   
                FAILURE CRITERION : JOHNSON-COOK              
       ----------------------------------------------------   
     FIRST  FAILURE PARAMETER (D1). . . . . . . . . . . . . .= 1.0000000000000E+21
     SECOND FAILURE PARAMETER (D2). . . . . . . . . . . . . .=  0.000000000000    
     THIRD  FAILURE PARAMETER (D3). . . . . . . . . . . . . .=  0.000000000000    
     FORTH  FAILURE PARAMETER (D4). . . . . . . . . . . . . .=  0.000000000000    
     FIFTH  FAILURE PARAMETER (D5). . . . . . . . . . . . . .=  0.000000000000    
     LOWER PLASTIC STRAIN AT FAILURE (EPSF_MIN). . . . . . . =  0.000000000000    
     NUMBER OF FAILED INTG. POINTS PRIOR TO ELEM DELETION  .=         1

        STRESS TENSOR IN SHELL LAYER SET TO ZERO AFTER FAILURE
        SOLID ELEMENT DELETION AFTER FAILURE


     MAT_ID . . . . . . . . . . . . . . .=      1014
     FAILURE MODEL TYPE . . . . . . . . .=   JOHNSON
     FAIL_ID. . . . . . . . . . . . . . .=         0



     MAT_ID . . . . . . . . . . . . . . .=      1014
     FAILURE MODEL. . . . . . . . . . . .=         1
     FAIL_ID. . . . . . . . . . . . . . .=         0

       ----------------------------------------------------   
                FAILURE CRITERION : JOHNSON-COOK              
       ----------------------------------------------------   
     FIRST  FAILURE PARAMETER (D1). . . . . . . . . . . . . .= 1.0000000000000E+21
     SECOND FAILURE PARAMETER (D2). . . . . . . . . . . . . .=  0.000000000000    
     THIRD  FAILURE PARAMETER (D3). . . . . . . . . . . . . .=  0.000000000000    
     FORTH  FAILURE PARAMETER (D4). . . . . . . . . . . . . .=  0.000000000000    
     FIFTH  FAILURE PARAMETER (D5). . . . . . . . . . . . . .=  0.000000000000    
     LOWER PLASTIC STRAIN AT FAILURE (EPSF_MIN). . . . . . . =  0.000000000000    
     NUMBER OF FAILED INTG. POINTS PRIOR TO ELEM DELETION  .=         1

        STRESS TENSOR IN SHELL LAYER SET TO ZERO AFTER FAILURE
        SOLID ELEMENT DELETION AFTER FAILURE


     MAT_ID . . . . . . . . . . . . . . .=      1015
     FAILURE MODEL TYPE . . . . . . . . .=   JOHNSON
     FAIL_ID. . . . . . . . . . . . . . .=         0



     MAT_ID . . . . . . . . . . . . . . .=      1015
     FAILURE MODEL. . . . . . . . . . . .=         1
     FAIL_ID. . . . . . . . . . . . . . .=         0

       ----------------------------------------------------   
                FAILURE CRITERION : JOHNSON-COOK              
       ----------------------------------------------------   
     FIRST  FAILURE PARAMETER (D1). . . . . . . . . . . . . .= 1.0000000000000E+21
     SECOND FAILURE PARAMETER (D2). . . . . . . . . . . . . .=  0.000000000000    
     THIRD  FAILURE PARAMETER (D3). . . . . . . . . . . . . .=  0.000000000000    
     FORTH  FAILURE PARAMETER (D4). . . . . . . . . . . . . .=  0.000000000000    
     FIFTH  FAILURE PARAMETER (D5). . . . . . . . . . . . . .=  0.000000000000    
     LOWER PLASTIC STRAIN AT FAILURE (EPSF_MIN). . . . . . . =  0.000000000000    
     NUMBER OF FAILED INTG. POINTS PRIOR TO ELEM DELETION  .=         1

        STRESS TENSOR IN SHELL LAYER SET TO ZERO AFTER FAILURE
        SOLID ELEMENT DELETION AFTER FAILURE


     MAT_ID . . . . . . . . . . . . . . .=      1016
     FAILURE MODEL TYPE . . . . . . . . .=   JOHNSON
     FAIL_ID. . . . . . . . . . . . . . .=         0



     MAT_ID . . . . . . . . . . . . . . .=      1016
     FAILURE MODEL. . . . . . . . . . . .=         1
     FAIL_ID. . . . . . . . . . . . . . .=         0

       ----------------------------------------------------   
                FAILURE CRITERION : JOHNSON-COOK              
       ----------------------------------------------------   
     FIRST  FAILURE PARAMETER (D1). . . . . . . . . . . . . .= 1.0000000000000E+21
     SECOND FAILURE PARAMETER (D2). . . . . . . . . . . . . .=  0.000000000000    
     THIRD  FAILURE PARAMETER (D3). . . . . . . . . . . . . .=  0.000000000000    
     FORTH  FAILURE PARAMETER (D4). . . . . . . . . . . . . .=  0.000000000000    
     FIFTH  FAILURE PARAMETER (D5). . . . . . . . . . . . . .=  0.000000000000    
     LOWER PLASTIC STRAIN AT FAILURE (EPSF_MIN). . . . . . . =  0.000000000000    
     NUMBER OF FAILED INTG. POINTS PRIOR TO ELEM DELETION  .=         1

        STRESS TENSOR IN SHELL LAYER SET TO ZERO AFTER FAILURE
        SOLID ELEMENT DELETION AFTER FAILURE


     MAT_ID . . . . . . . . . . . . . . .=      1017
     FAILURE MODEL TYPE . . . . . . . . .=   JOHNSON
     FAIL_ID. . . . . . . . . . . . . . .=         0



     MAT_ID . . . . . . . . . . . . . . .=      1017
     FAILURE MODEL. . . . . . . . . . . .=         1
     FAIL_ID. . . . . . . . . . . . . . .=         0

       ----------------------------------------------------   
                FAILURE CRITERION : JOHNSON-COOK              
       ----------------------------------------------------   
     FIRST  FAILURE PARAMETER (D1). . . . . . . . . . . . . .= 1.0000000000000E+21
     SECOND FAILURE PARAMETER (D2). . . . . . . . . . . . . .=  0.000000000000    
     THIRD  FAILURE PARAMETER (D3). . . . . . . . . . . . . .=  0.000000000000    
     FORTH  FAILURE PARAMETER (D4). . . . . . . . . . . . . .=  0.000000000000    
     FIFTH  FAILURE PARAMETER (D5). . . . . . . . . . . . . .=  0.000000000000    
     LOWER PLASTIC STRAIN AT FAILURE (EPSF_MIN). . . . . . . =  0.000000000000    
     NUMBER OF FAILED INTG. POINTS PRIOR TO ELEM DELETION  .=         1

        STRESS TENSOR IN SHELL LAYER SET TO ZERO AFTER FAILURE
        SOLID ELEMENT DELETION AFTER FAILURE


     MAT_ID . . . . . . . . . . . . . . .=      1018
     FAILURE MODEL TYPE . . . . . . . . .=   JOHNSON
     FAIL_ID. . . . . . . . . . . . . . .=         0



     MAT_ID . . . . . . . . . . . . . . .=      1018
     FAILURE MODEL. . . . . . . . . . . .=         1
     FAIL_ID. . . . . . . . . . . . . . .=         0

       ----------------------------------------------------   
                FAILURE CRITERION : JOHNSON-COOK              
       ----------------------------------------------------   
     FIRST  FAILURE PARAMETER (D1). . . . . . . . . . . . . .= 1.0000000000000E+21
     SECOND FAILURE PARAMETER (D2). . . . . . . . . . . . . .=  0.000000000000    
     THIRD  FAILURE PARAMETER (D3). . . . . . . . . . . . . .=  0.000000000000    
     FORTH  FAILURE PARAMETER (D4). . . . . . . . . . . . . .=  0.000000000000    
     FIFTH  FAILURE PARAMETER (D5). . . . . . . . . . . . . .=  0.000000000000    
     LOWER PLASTIC STRAIN AT FAILURE (EPSF_MIN). . . . . . . =  0.000000000000    
     NUMBER OF FAILED INTG. POINTS PRIOR TO ELEM DELETION  .=         1

        STRESS TENSOR IN SHELL LAYER SET TO ZERO AFTER FAILURE
        SOLID ELEMENT DELETION AFTER FAILURE


     MAT_ID . . . . . . . . . . . . . . .=      1019
     FAILURE MODEL TYPE . . . . . . . . .=   JOHNSON
     FAIL_ID. . . . . . . . . . . . . . .=         0



     MAT_ID . . . . . . . . . . . . . . .=      1019
     FAILURE MODEL. . . . . . . . . . . .=         1
     FAIL_ID. . . . . . . . . . . . . . .=         0

       ----------------------------------------------------   
                FAILURE CRITERION : JOHNSON-COOK              
       ----------------------------------------------------   
     FIRST  FAILURE PARAMETER (D1). . . . . . . . . . . . . .= 1.0000000000000E+21
     SECOND FAILURE PARAMETER (D2). . . . . . . . . . . . . .=  0.000000000000    
     THIRD  FAILURE PARAMETER (D3). . . . . . . . . . . . . .=  0.000000000000    
     FORTH  FAILURE PARAMETER (D4). . . . . . . . . . . . . .=  0.000000000000    
     FIFTH  FAILURE PARAMETER (D5). . . . . . . . . . . . . .=  0.000000000000    
     LOWER PLASTIC STRAIN AT FAILURE (EPSF_MIN). . . . . . . =  0.000000000000    
     NUMBER OF FAILED INTG. POINTS PRIOR TO ELEM DELETION  .=         1

        STRESS TENSOR IN SHELL LAYER SET TO ZERO AFTER FAILURE
        SOLID ELEMENT DELETION AFTER FAILURE


     MAT_ID . . . . . . . . . . . . . . .=      1020
     FAILURE MODEL TYPE . . . . . . . . .=   JOHNSON
     FAIL_ID. . . . . . . . . . . . . . .=         0



     MAT_ID . . . . . . . . . . . . . . .=      1020
     FAILURE MODEL. . . . . . . . . . . .=         1
     FAIL_ID. . . . . . . . . . . . . . .=         0

       ----------------------------------------------------   
                FAILURE CRITERION : JOHNSON-COOK              
       ----------------------------------------------------   
     FIRST  FAILURE PARAMETER (D1). . . . . . . . . . . . . .= 1.0000000000000E+21
     SECOND FAILURE PARAMETER (D2). . . . . . . . . . . . . .=  0.000000000000    
     THIRD  FAILURE PARAMETER (D3). . . . . . . . . . . . . .=  0.000000000000    
     FORTH  FAILURE PARAMETER (D4). . . . . . . . . . . . . .=  0.000000000000    
     FIFTH  FAILURE PARAMETER (D5). . . . . . . . . . . . . .=  0.000000000000    
     LOWER PLASTIC STRAIN AT FAILURE (EPSF_MIN). . . . . . . =  0.000000000000    
     NUMBER OF FAILED INTG. POINTS PRIOR TO ELEM DELETION  .=         1

        STRESS TENSOR IN SHELL LAYER SET TO ZERO AFTER FAILURE
        SOLID ELEMENT DELETION AFTER FAILURE


     MAT_ID . . . . . . . . . . . . . . .=      1021
     FAILURE MODEL TYPE . . . . . . . . .=   JOHNSON
     FAIL_ID. . . . . . . . . . . . . . .=         0



     MAT_ID . . . . . . . . . . . . . . .=      1021
     FAILURE MODEL. . . . . . . . . . . .=         1
     FAIL_ID. . . . . . . . . . . . . . .=         0

       ----------------------------------------------------   
                FAILURE CRITERION : JOHNSON-COOK              
       ----------------------------------------------------   
     FIRST  FAILURE PARAMETER (D1). . . . . . . . . . . . . .= 1.0000000000000E+21
     SECOND FAILURE PARAMETER (D2). . . . . . . . . . . . . .=  0.000000000000    
     THIRD  FAILURE PARAMETER (D3). . . . . . . . . . . . . .=  0.000000000000    
     FORTH  FAILURE PARAMETER (D4). . . . . . . . . . . . . .=  0.000000000000    
     FIFTH  FAILURE PARAMETER (D5). . . . . . . . . . . . . .=  0.000000000000    
     LOWER PLASTIC STRAIN AT FAILURE (EPSF_MIN). . . . . . . =  0.000000000000    
     NUMBER OF FAILED INTG. POINTS PRIOR TO ELEM DELETION  .=         1

        STRESS TENSOR IN SHELL LAYER SET TO ZERO AFTER FAILURE
        SOLID ELEMENT DELETION AFTER FAILURE


     MAT_ID . . . . . . . . . . . . . . .=      1022
     FAILURE MODEL TYPE . . . . . . . . .=   JOHNSON
     FAIL_ID. . . . . . . . . . . . . . .=         0



     MAT_ID . . . . . . . . . . . . . . .=      1022
     FAILURE MODEL. . . . . . . . . . . .=         1
     FAIL_ID. . . . . . . . . . . . . . .=         0

       ----------------------------------------------------   
                FAILURE CRITERION : JOHNSON-COOK              
       ----------------------------------------------------   
     FIRST  FAILURE PARAMETER (D1). . . . . . . . . . . . . .= 1.0000000000000E+21
     SECOND FAILURE PARAMETER (D2). . . . . . . . . . . . . .=  0.000000000000    
     THIRD  FAILURE PARAMETER (D3). . . . . . . . . . . . . .=  0.000000000000    
     FORTH  FAILURE PARAMETER (D4). . . . . . . . . . . . . .=  0.000000000000    
     FIFTH  FAILURE PARAMETER (D5). . . . . . . . . . . . . .=  0.000000000000    
     LOWER PLASTIC STRAIN AT FAILURE (EPSF_MIN). . . . . . . =  0.000000000000    
     NUMBER OF FAILED INTG. POINTS PRIOR TO ELEM DELETION  .=         1

        STRESS TENSOR IN SHELL LAYER SET TO ZERO AFTER FAILURE
        SOLID ELEMENT DELETION AFTER FAILURE


     MAT_ID . . . . . . . . . . . . . . .=      1023
     FAILURE MODEL TYPE . . . . . . . . .=   JOHNSON
     FAIL_ID. . . . . . . . . . . . . . .=         0



     MAT_ID . . . . . . . . . . . . . . .=      1023
     FAILURE MODEL. . . . . . . . . . . .=         1
     FAIL_ID. . . . . . . . . . . . . . .=         0

       ----------------------------------------------------   
                FAILURE CRITERION : JOHNSON-COOK              
       ----------------------------------------------------   
     FIRST  FAILURE PARAMETER (D1). . . . . . . . . . . . . .= 1.0000000000000E+21
     SECOND FAILURE PARAMETER (D2). . . . . . . . . . . . . .=  0.000000000000    
     THIRD  FAILURE PARAMETER (D3). . . . . . . . . . . . . .=  0.000000000000    
     FORTH  FAILURE PARAMETER (D4). . . . . . . . . . . . . .=  0.000000000000    
     FIFTH  FAILURE PARAMETER (D5). . . . . . . . . . . . . .=  0.000000000000    
     LOWER PLASTIC STRAIN AT FAILURE (EPSF_MIN). . . . . . . =  0.000000000000    
     NUMBER OF FAILED INTG. POINTS PRIOR TO ELEM DELETION  .=         1

        STRESS TENSOR IN SHELL LAYER SET TO ZERO AFTER FAILURE
        SOLID ELEMENT DELETION AFTER FAILURE


     MAT_ID . . . . . . . . . . . . . . .=      1024
     FAILURE MODEL TYPE . . . . . . . . .=   JOHNSON
     FAIL_ID. . . . . . . . . . . . . . .=         0



     MAT_ID . . . . . . . . . . . . . . .=      1024
     FAILURE MODEL. . . . . . . . . . . .=         1
     FAIL_ID. . . . . . . . . . . . . . .=         0

       ----------------------------------------------------   
                FAILURE CRITERION : JOHNSON-COOK              
       ----------------------------------------------------   
     FIRST  FAILURE PARAMETER (D1). . . . . . . . . . . . . .= 1.0000000000000E+21
     SECOND FAILURE PARAMETER (D2). . . . . . . . . . . . . .=  0.000000000000    
     THIRD  FAILURE PARAMETER (D3). . . . . . . . . . . . . .=  0.000000000000    
     FORTH  FAILURE PARAMETER (D4). . . . . . . . . . . . . .=  0.000000000000    
     FIFTH  FAILURE PARAMETER (D5). . . . . . . . . . . . . .=  0.000000000000    
     LOWER PLASTIC STRAIN AT FAILURE (EPSF_MIN). . . . . . . =  0.000000000000    
     NUMBER OF FAILED INTG. POINTS PRIOR TO ELEM DELETION  .=         1

        STRESS TENSOR IN SHELL LAYER SET TO ZERO AFTER FAILURE
        SOLID ELEMENT DELETION AFTER FAILURE


     MAT_ID . . . . . . . . . . . . . . .=      1025
     FAILURE MODEL TYPE . . . . . . . . .=   JOHNSON
     FAIL_ID. . . . . . . . . . . . . . .=         0



     MAT_ID . . . . . . . . . . . . . . .=      1025
     FAILURE MODEL. . . . . . . . . . . .=         1
     FAIL_ID. . . . . . . . . . . . . . .=         0

       ----------------------------------------------------   
                FAILURE CRITERION : JOHNSON-COOK              
       ----------------------------------------------------   
     FIRST  FAILURE PARAMETER (D1). . . . . . . . . . . . . .= 1.0000000000000E+21
     SECOND FAILURE PARAMETER (D2). . . . . . . . . . . . . .=  0.000000000000    
     THIRD  FAILURE PARAMETER (D3). . . . . . . . . . . . . .=  0.000000000000    
     FORTH  FAILURE PARAMETER (D4). . . . . . . . . . . . . .=  0.000000000000    
     FIFTH  FAILURE PARAMETER (D5). . . . . . . . . . . . . .=  0.000000000000    
     LOWER PLASTIC STRAIN AT FAILURE (EPSF_MIN). . . . . . . =  0.000000000000    
     NUMBER OF FAILED INTG. POINTS PRIOR TO ELEM DELETION  .=         1

        STRESS TENSOR IN SHELL LAYER SET TO ZERO AFTER FAILURE
        SOLID ELEMENT DELETION AFTER FAILURE


     MAT_ID . . . . . . . . . . . . . . .=      1026
     FAILURE MODEL TYPE . . . . . . . . .=   JOHNSON
     FAIL_ID. . . . . . . . . . . . . . .=         0



     MAT_ID . . . . . . . . . . . . . . .=      1026
     FAILURE MODEL. . . . . . . . . . . .=         1
     FAIL_ID. . . . . . . . . . . . . . .=         0

       ----------------------------------------------------   
                FAILURE CRITERION : JOHNSON-COOK              
       ----------------------------------------------------   
     FIRST  FAILURE PARAMETER (D1). . . . . . . . . . . . . .= 1.0000000000000E+21
     SECOND FAILURE PARAMETER (D2). . . . . . . . . . . . . .=  0.000000000000    
     THIRD  FAILURE PARAMETER (D3). . . . . . . . . . . . . .=  0.000000000000    
     FORTH  FAILURE PARAMETER (D4). . . . . . . . . . . . . .=  0.000000000000    
     FIFTH  FAILURE PARAMETER (D5). . . . . . . . . . . . . .=  0.000000000000    
     LOWER PLASTIC STRAIN AT FAILURE (EPSF_MIN). . . . . . . =  0.000000000000    
     NUMBER OF FAILED INTG. POINTS PRIOR TO ELEM DELETION  .=         1

        STRESS TENSOR IN SHELL LAYER SET TO ZERO AFTER FAILURE
        SOLID ELEMENT DELETION AFTER FAILURE


     MAT_ID . . . . . . . . . . . . . . .=      1027
     FAILURE MODEL TYPE . . . . . . . . .=   JOHNSON
     FAIL_ID. . . . . . . . . . . . . . .=         0



     MAT_ID . . . . . . . . . . . . . . .=      1027
     FAILURE MODEL. . . . . . . . . . . .=         1
     FAIL_ID. . . . . . . . . . . . . . .=         0

       ----------------------------------------------------   
                FAILURE CRITERION : JOHNSON-COOK              
       ----------------------------------------------------   
     FIRST  FAILURE PARAMETER (D1). . . . . . . . . . . . . .= 1.0000000000000E+21
     SECOND FAILURE PARAMETER (D2). . . . . . . . . . . . . .=  0.000000000000    
     THIRD  FAILURE PARAMETER (D3). . . . . . . . . . . . . .=  0.000000000000    
     FORTH  FAILURE PARAMETER (D4). . . . . . . . . . . . . .=  0.000000000000    
     FIFTH  FAILURE PARAMETER (D5). . . . . . . . . . . . . .=  0.000000000000    
     LOWER PLASTIC STRAIN AT FAILURE (EPSF_MIN). . . . . . . =  0.000000000000    
     NUMBER OF FAILED INTG. POINTS PRIOR TO ELEM DELETION  .=         1

        STRESS TENSOR IN SHELL LAYER SET TO ZERO AFTER FAILURE
        SOLID ELEMENT DELETION AFTER FAILURE


     MAT_ID . . . . . . . . . . . . . . .=      1028
     FAILURE MODEL TYPE . . . . . . . . .=   JOHNSON
     FAIL_ID. . . . . . . . . . . . . . .=         0



     MAT_ID . . . . . . . . . . . . . . .=      1028
     FAILURE MODEL. . . . . . . . . . . .=         1
     FAIL_ID. . . . . . . . . . . . . . .=         0

       ----------------------------------------------------   
                FAILURE CRITERION : JOHNSON-COOK              
       ----------------------------------------------------   
     FIRST  FAILURE PARAMETER (D1). . . . . . . . . . . . . .= 1.0000000000000E+21
     SECOND FAILURE PARAMETER (D2). . . . . . . . . . . . . .=  0.000000000000    
     THIRD  FAILURE PARAMETER (D3). . . . . . . . . . . . . .=  0.000000000000    
     FORTH  FAILURE PARAMETER (D4). . . . . . . . . . . . . .=  0.000000000000    
     FIFTH  FAILURE PARAMETER (D5). . . . . . . . . . . . . .=  0.000000000000    
     LOWER PLASTIC STRAIN AT FAILURE (EPSF_MIN). . . . . . . =  0.000000000000    
     NUMBER OF FAILED INTG. POINTS PRIOR TO ELEM DELETION  .=         1

        STRESS TENSOR IN SHELL LAYER SET TO ZERO AFTER FAILURE
        SOLID ELEMENT DELETION AFTER FAILURE


     MAT_ID . . . . . . . . . . . . . . .=       999
     FAILURE MODEL TYPE . . . . . . . . .=   JOHNSON
     FAIL_ID. . . . . . . . . . . . . . .=         0



     MAT_ID . . . . . . . . . . . . . . .=       999
     FAILURE MODEL. . . . . . . . . . . .=         1
     FAIL_ID. . . . . . . . . . . . . . .=         0

       ----------------------------------------------------   
                FAILURE CRITERION : JOHNSON-COOK              
       ----------------------------------------------------   
     FIRST  FAILURE PARAMETER (D1). . . . . . . . . . . . . .= 1.0000000000000E+21
     SECOND FAILURE PARAMETER (D2). . . . . . . . . . . . . .=  0.000000000000    
     THIRD  FAILURE PARAMETER (D3). . . . . . . . . . . . . .=  0.000000000000    
     FORTH  FAILURE PARAMETER (D4). . . . . . . . . . . . . .=  0.000000000000    
     FIFTH  FAILURE PARAMETER (D5). . . . . . . . . . . . . .=  0.000000000000    
     LOWER PLASTIC STRAIN AT FAILURE (EPSF_MIN). . . . . . . =  0.000000000000    
     NUMBER OF FAILED INTG. POINTS PRIOR TO ELEM DELETION  .=         1

        STRESS TENSOR IN SHELL LAYER SET TO ZERO AFTER FAILURE
        SOLID ELEMENT DELETION AFTER FAILURE
     SUBMODEL SKEWS(INTERNAL)                                                            
     --------------------------------------                                              
     NUMBER          VECTORS                                          ORIGIN
 1000000001        1.0000000       0.0000000       0.0000000       0.0000000       0.0000000       0.0000000
                   0.0000000       1.0000000       0.0000000
                   0.0000000       0.0000000       1.0000000

 1000000002        1.0000000       0.0000000       0.0000000       0.0000000       0.0000000       0.0000000
                   0.0000000       1.0000000       0.0000000
                   0.0000000       0.0000000       1.0000000

 1000000003        1.0000000       0.0000000       0.0000000       0.0000000       0.0000000       0.0000000
                   0.0000000       1.0000000       0.0000000
                   0.0000000       0.0000000       1.0000000

 1000000004        1.0000000       0.0000000       0.0000000       0.0000000       0.0000000       0.0000000
                   0.0000000       1.0000000       0.0000000
                   0.0000000       0.0000000       1.0000000

 1000000005        1.0000000       0.0000000       0.0000000       0.0000000       0.0000000       0.0000000
                   0.0000000       1.0000000       0.0000000
                   0.0000000       0.0000000       1.0000000

 1000000006        1.0000000       0.0000000       0.0000000       0.0000000       0.0000000       0.0000000
                   0.0000000       1.0000000       0.0000000
                   0.0000000       0.0000000       1.0000000



         PROPERTY SETS
         -------------


SECTION_SHELL_101                       
     ISOTROPIC SHELL PROPERTY SET
     PROPERTY SET NUMBER . . . . . . . . . .=       101
     NUMBER OF INTEGRATION POINTS. . . . . .=         3
     POST PROCESSING STRAIN FLAG . . . . . .=         1
     SHELL THICKNESS . . . . . . . . . . . .=  1.782960000000    
     SMALL STRAIN FLAG . . . . . . . . . . .=         2
     SHELL FORMULATION FLAG. . . . . . . . .=        24
     3NODE SHELL FORMULATION FLAG. . . . . .=         2
     DRILLING D.O.F. FLAG  . . . . . . . . .=         0
     PINCHING D.O.F. FLAG  . . . . . . . . .=         0
     SHELL MEMBRANE DAMPING. . . . . . . . .=  0.000000000000    
     SHELL NUMERICAL DAMPING . . . . . . . .= 1.5000000000000E-02
     SHEAR AREA REDUCTION FACTOR . . . . . .= 0.8333333333333    
     ELEMENT DELETION PARAMETER. . . . . . .= 0.9999990000000    
      > 0.0 : FRACTION OF FAILED THICKNESS   
      < 0.0 : FRACTION OF FAILED INTG. POINTS
     SHEAR FORMULATION FLAG. . . . . . . . .=         0
     THICKNESS VARIATION FLAG. . . . . . . .=         1
     PLASTICITY FORMULATION FLAG . . . . . .=         1
     SHELL OFFSET POSITION FLAG . . . . . . =         0


SECTION_SHELL_102                       
     ISOTROPIC SHELL PROPERTY SET
     PROPERTY SET NUMBER . . . . . . . . . .=       102
     NUMBER OF INTEGRATION POINTS. . . . . .=         3
     POST PROCESSING STRAIN FLAG . . . . . .=         1
     SHELL THICKNESS . . . . . . . . . . . .=  1.846920000000    
     SMALL STRAIN FLAG . . . . . . . . . . .=         2
     SHELL FORMULATION FLAG. . . . . . . . .=        24
     3NODE SHELL FORMULATION FLAG. . . . . .=         2
     DRILLING D.O.F. FLAG  . . . . . . . . .=         0
     PINCHING D.O.F. FLAG  . . . . . . . . .=         0
     SHELL MEMBRANE DAMPING. . . . . . . . .=  0.000000000000    
     SHELL NUMERICAL DAMPING . . . . . . . .= 1.5000000000000E-02
     SHEAR AREA REDUCTION FACTOR . . . . . .= 0.8333333333333    
     ELEMENT DELETION PARAMETER. . . . . . .= 0.9999990000000    
      > 0.0 : FRACTION OF FAILED THICKNESS   
      < 0.0 : FRACTION OF FAILED INTG. POINTS
     SHEAR FORMULATION FLAG. . . . . . . . .=         0
     THICKNESS VARIATION FLAG. . . . . . . .=         1
     PLASTICITY FORMULATION FLAG . . . . . .=         1
     SHELL OFFSET POSITION FLAG . . . . . . =         0


SECTION_SHELL_103                       
     ISOTROPIC SHELL PROPERTY SET
     PROPERTY SET NUMBER . . . . . . . . . .=       103
     NUMBER OF INTEGRATION POINTS. . . . . .=         3
     POST PROCESSING STRAIN FLAG . . . . . .=         1
     SHELL THICKNESS . . . . . . . . . . . .=  1.910880000000    
     SMALL STRAIN FLAG . . . . . . . . . . .=         2
     SHELL FORMULATION FLAG. . . . . . . . .=        24
     3NODE SHELL FORMULATION FLAG. . . . . .=         2
     DRILLING D.O.F. FLAG  . . . . . . . . .=         0
     PINCHING D.O.F. FLAG  . . . . . . . . .=         0
     SHELL MEMBRANE DAMPING. . . . . . . . .=  0.000000000000    
     SHELL NUMERICAL DAMPING . . . . . . . .= 1.5000000000000E-02
     SHEAR AREA REDUCTION FACTOR . . . . . .= 0.8333333333333    
     ELEMENT DELETION PARAMETER. . . . . . .= 0.9999990000000    
      > 0.0 : FRACTION OF FAILED THICKNESS   
      < 0.0 : FRACTION OF FAILED INTG. POINTS
     SHEAR FORMULATION FLAG. . . . . . . . .=         0
     THICKNESS VARIATION FLAG. . . . . . . .=         1
     PLASTICITY FORMULATION FLAG . . . . . .=         1
     SHELL OFFSET POSITION FLAG . . . . . . =         0


SECTION_SHELL_104                       
     ISOTROPIC SHELL PROPERTY SET
     PROPERTY SET NUMBER . . . . . . . . . .=       104
     NUMBER OF INTEGRATION POINTS. . . . . .=         3
     POST PROCESSING STRAIN FLAG . . . . . .=         1
     SHELL THICKNESS . . . . . . . . . . . .=  1.974840000000    
     SMALL STRAIN FLAG . . . . . . . . . . .=         2
     SHELL FORMULATION FLAG. . . . . . . . .=        24
     3NODE SHELL FORMULATION FLAG. . . . . .=         2
     DRILLING D.O.F. FLAG  . . . . . . . . .=         0
     PINCHING D.O.F. FLAG  . . . . . . . . .=         0
     SHELL MEMBRANE DAMPING. . . . . . . . .=  0.000000000000    
     SHELL NUMERICAL DAMPING . . . . . . . .= 1.5000000000000E-02
     SHEAR AREA REDUCTION FACTOR . . . . . .= 0.8333333333333    
     ELEMENT DELETION PARAMETER. . . . . . .= 0.9999990000000    
      > 0.0 : FRACTION OF FAILED THICKNESS   
      < 0.0 : FRACTION OF FAILED INTG. POINTS
     SHEAR FORMULATION FLAG. . . . . . . . .=         0
     THICKNESS VARIATION FLAG. . . . . . . .=         1
     PLASTICITY FORMULATION FLAG . . . . . .=         1
     SHELL OFFSET POSITION FLAG . . . . . . =         0


SECTION_SHELL_105                       
     ISOTROPIC SHELL PROPERTY SET
     PROPERTY SET NUMBER . . . . . . . . . .=       105
     NUMBER OF INTEGRATION POINTS. . . . . .=         3
     POST PROCESSING STRAIN FLAG . . . . . .=         1
     SHELL THICKNESS . . . . . . . . . . . .=  2.038800000000    
     SMALL STRAIN FLAG . . . . . . . . . . .=         2
     SHELL FORMULATION FLAG. . . . . . . . .=        24
     3NODE SHELL FORMULATION FLAG. . . . . .=         2
     DRILLING D.O.F. FLAG  . . . . . . . . .=         0
     PINCHING D.O.F. FLAG  . . . . . . . . .=         0
     SHELL MEMBRANE DAMPING. . . . . . . . .=  0.000000000000    
     SHELL NUMERICAL DAMPING . . . . . . . .= 1.5000000000000E-02
     SHEAR AREA REDUCTION FACTOR . . . . . .= 0.8333333333333    
     ELEMENT DELETION PARAMETER. . . . . . .= 0.9999990000000    
      > 0.0 : FRACTION OF FAILED THICKNESS   
      < 0.0 : FRACTION OF FAILED INTG. POINTS
     SHEAR FORMULATION FLAG. . . . . . . . .=         0
     THICKNESS VARIATION FLAG. . . . . . . .=         1
     PLASTICITY FORMULATION FLAG . . . . . .=         1
     SHELL OFFSET POSITION FLAG . . . . . . =         0


SECTION_SHELL_106                       
     ISOTROPIC SHELL PROPERTY SET
     PROPERTY SET NUMBER . . . . . . . . . .=       106
     NUMBER OF INTEGRATION POINTS. . . . . .=         3
     POST PROCESSING STRAIN FLAG . . . . . .=         1
     SHELL THICKNESS . . . . . . . . . . . .=  2.102760000000    
     SMALL STRAIN FLAG . . . . . . . . . . .=         2
     SHELL FORMULATION FLAG. . . . . . . . .=        24
     3NODE SHELL FORMULATION FLAG. . . . . .=         2
     DRILLING D.O.F. FLAG  . . . . . . . . .=         0
     PINCHING D.O.F. FLAG  . . . . . . . . .=         0
     SHELL MEMBRANE DAMPING. . . . . . . . .=  0.000000000000    
     SHELL NUMERICAL DAMPING . . . . . . . .= 1.5000000000000E-02
     SHEAR AREA REDUCTION FACTOR . . . . . .= 0.8333333333333    
     ELEMENT DELETION PARAMETER. . . . . . .= 0.9999990000000    
      > 0.0 : FRACTION OF FAILED THICKNESS   
      < 0.0 : FRACTION OF FAILED INTG. POINTS
     SHEAR FORMULATION FLAG. . . . . . . . .=         0
     THICKNESS VARIATION FLAG. . . . . . . .=         1
     PLASTICITY FORMULATION FLAG . . . . . .=         1
     SHELL OFFSET POSITION FLAG . . . . . . =         0


SECTION_SHELL_107                       
     ISOTROPIC SHELL PROPERTY SET
     PROPERTY SET NUMBER . . . . . . . . . .=       107
     NUMBER OF INTEGRATION POINTS. . . . . .=         3
     POST PROCESSING STRAIN FLAG . . . . . .=         1
     SHELL THICKNESS . . . . . . . . . . . .=  2.182970000000    
     SMALL STRAIN FLAG . . . . . . . . . . .=         2
     SHELL FORMULATION FLAG. . . . . . . . .=        24
     3NODE SHELL FORMULATION FLAG. . . . . .=         2
     DRILLING D.O.F. FLAG  . . . . . . . . .=         0
     PINCHING D.O.F. FLAG  . . . . . . . . .=         0
     SHELL MEMBRANE DAMPING. . . . . . . . .=  0.000000000000    
     SHELL NUMERICAL DAMPING . . . . . . . .= 1.5000000000000E-02
     SHEAR AREA REDUCTION FACTOR . . . . . .= 0.8333333333333    
     ELEMENT DELETION PARAMETER. . . . . . .= 0.9999990000000    
      > 0.0 : FRACTION OF FAILED THICKNESS   
      < 0.0 : FRACTION OF FAILED INTG. POINTS
     SHEAR FORMULATION FLAG. . . . . . . . .=         0
     THICKNESS VARIATION FLAG. . . . . . . .=         1
     PLASTICITY FORMULATION FLAG . . . . . .=         1
     SHELL OFFSET POSITION FLAG . . . . . . =         0


SECTION_SHELL_108                       
     ISOTROPIC SHELL PROPERTY SET
     PROPERTY SET NUMBER . . . . . . . . . .=       108
     NUMBER OF INTEGRATION POINTS. . . . . .=         3
     POST PROCESSING STRAIN FLAG . . . . . .=         1
     SHELL THICKNESS . . . . . . . . . . . .=  2.328150000000    
     SMALL STRAIN FLAG . . . . . . . . . . .=         2
     SHELL FORMULATION FLAG. . . . . . . . .=        24
     3NODE SHELL FORMULATION FLAG. . . . . .=         2
     DRILLING D.O.F. FLAG  . . . . . . . . .=         0
     PINCHING D.O.F. FLAG  . . . . . . . . .=         0
     SHELL MEMBRANE DAMPING. . . . . . . . .=  0.000000000000    
     SHELL NUMERICAL DAMPING . . . . . . . .= 1.5000000000000E-02
     SHEAR AREA REDUCTION FACTOR . . . . . .= 0.8333333333333    
     ELEMENT DELETION PARAMETER. . . . . . .= 0.9999990000000    
      > 0.0 : FRACTION OF FAILED THICKNESS   
      < 0.0 : FRACTION OF FAILED INTG. POINTS
     SHEAR FORMULATION FLAG. . . . . . . . .=         0
     THICKNESS VARIATION FLAG. . . . . . . .=         1
     PLASTICITY FORMULATION FLAG . . . . . .=         1
     SHELL OFFSET POSITION FLAG . . . . . . =         0


SECTION_SHELL_109                       
     ISOTROPIC SHELL PROPERTY SET
     PROPERTY SET NUMBER . . . . . . . . . .=       109
     NUMBER OF INTEGRATION POINTS. . . . . .=         3
     POST PROCESSING STRAIN FLAG . . . . . .=         1
     SHELL THICKNESS . . . . . . . . . . . .=  2.473330000000    
     SMALL STRAIN FLAG . . . . . . . . . . .=         2
     SHELL FORMULATION FLAG. . . . . . . . .=        24
     3NODE SHELL FORMULATION FLAG. . . . . .=         2
     DRILLING D.O.F. FLAG  . . . . . . . . .=         0
     PINCHING D.O.F. FLAG  . . . . . . . . .=         0
     SHELL MEMBRANE DAMPING. . . . . . . . .=  0.000000000000    
     SHELL NUMERICAL DAMPING . . . . . . . .= 1.5000000000000E-02
     SHEAR AREA REDUCTION FACTOR . . . . . .= 0.8333333333333    
     ELEMENT DELETION PARAMETER. . . . . . .= 0.9999990000000    
      > 0.0 : FRACTION OF FAILED THICKNESS   
      < 0.0 : FRACTION OF FAILED INTG. POINTS
     SHEAR FORMULATION FLAG. . . . . . . . .=         0
     THICKNESS VARIATION FLAG. . . . . . . .=         1
     PLASTICITY FORMULATION FLAG . . . . . .=         1
     SHELL OFFSET POSITION FLAG . . . . . . =         0


SECTION_SHELL_110                       
     ISOTROPIC SHELL PROPERTY SET
     PROPERTY SET NUMBER . . . . . . . . . .=       110
     NUMBER OF INTEGRATION POINTS. . . . . .=         3
     POST PROCESSING STRAIN FLAG . . . . . .=         1
     SHELL THICKNESS . . . . . . . . . . . .=  2.618510000000    
     SMALL STRAIN FLAG . . . . . . . . . . .=         2
     SHELL FORMULATION FLAG. . . . . . . . .=        24
     3NODE SHELL FORMULATION FLAG. . . . . .=         2
     DRILLING D.O.F. FLAG  . . . . . . . . .=         0
     PINCHING D.O.F. FLAG  . . . . . . . . .=         0
     SHELL MEMBRANE DAMPING. . . . . . . . .=  0.000000000000    
     SHELL NUMERICAL DAMPING . . . . . . . .= 1.5000000000000E-02
     SHEAR AREA REDUCTION FACTOR . . . . . .= 0.8333333333333    
     ELEMENT DELETION PARAMETER. . . . . . .= 0.9999990000000    
      > 0.0 : FRACTION OF FAILED THICKNESS   
      < 0.0 : FRACTION OF FAILED INTG. POINTS
     SHEAR FORMULATION FLAG. . . . . . . . .=         0
     THICKNESS VARIATION FLAG. . . . . . . .=         1
     PLASTICITY FORMULATION FLAG . . . . . .=         1
     SHELL OFFSET POSITION FLAG . . . . . . =         0


SECTION_SHELL_111                       
     ISOTROPIC SHELL PROPERTY SET
     PROPERTY SET NUMBER . . . . . . . . . .=       111
     NUMBER OF INTEGRATION POINTS. . . . . .=         3
     POST PROCESSING STRAIN FLAG . . . . . .=         1
     SHELL THICKNESS . . . . . . . . . . . .=  2.763700000000    
     SMALL STRAIN FLAG . . . . . . . . . . .=         2
     SHELL FORMULATION FLAG. . . . . . . . .=        24
     3NODE SHELL FORMULATION FLAG. . . . . .=         2
     DRILLING D.O.F. FLAG  . . . . . . . . .=         0
     PINCHING D.O.F. FLAG  . . . . . . . . .=         0
     SHELL MEMBRANE DAMPING. . . . . . . . .=  0.000000000000    
     SHELL NUMERICAL DAMPING . . . . . . . .= 1.5000000000000E-02
     SHEAR AREA REDUCTION FACTOR . . . . . .= 0.8333333333333    
     ELEMENT DELETION PARAMETER. . . . . . .= 0.9999990000000    
      > 0.0 : FRACTION OF FAILED THICKNESS   
      < 0.0 : FRACTION OF FAILED INTG. POINTS
     SHEAR FORMULATION FLAG. . . . . . . . .=         0
     THICKNESS VARIATION FLAG. . . . . . . .=         1
     PLASTICITY FORMULATION FLAG . . . . . .=         1
     SHELL OFFSET POSITION FLAG . . . . . . =         0


SECTION_SHELL_112                       
     ISOTROPIC SHELL PROPERTY SET
     PROPERTY SET NUMBER . . . . . . . . . .=       112
     NUMBER OF INTEGRATION POINTS. . . . . .=         3
     POST PROCESSING STRAIN FLAG . . . . . .=         1
     SHELL THICKNESS . . . . . . . . . . . .=  2.908880000000    
     SMALL STRAIN FLAG . . . . . . . . . . .=         2
     SHELL FORMULATION FLAG. . . . . . . . .=        24
     3NODE SHELL FORMULATION FLAG. . . . . .=         2
     DRILLING D.O.F. FLAG  . . . . . . . . .=         0
     PINCHING D.O.F. FLAG  . . . . . . . . .=         0
     SHELL MEMBRANE DAMPING. . . . . . . . .=  0.000000000000    
     SHELL NUMERICAL DAMPING . . . . . . . .= 1.5000000000000E-02
     SHEAR AREA REDUCTION FACTOR . . . . . .= 0.8333333333333    
     ELEMENT DELETION PARAMETER. . . . . . .= 0.9999990000000    
      > 0.0 : FRACTION OF FAILED THICKNESS   
      < 0.0 : FRACTION OF FAILED INTG. POINTS
     SHEAR FORMULATION FLAG. . . . . . . . .=         0
     THICKNESS VARIATION FLAG. . . . . . . .=         1
     PLASTICITY FORMULATION FLAG . . . . . .=         1
     SHELL OFFSET POSITION FLAG . . . . . . =         0


SECTION_SHELL_113                       
     ISOTROPIC SHELL PROPERTY SET
     PROPERTY SET NUMBER . . . . . . . . . .=       113
     NUMBER OF INTEGRATION POINTS. . . . . .=         3
     POST PROCESSING STRAIN FLAG . . . . . .=         1
     SHELL THICKNESS . . . . . . . . . . . .=  2.872400000000    
     SMALL STRAIN FLAG . . . . . . . . . . .=         2
     SHELL FORMULATION FLAG. . . . . . . . .=        24
     3NODE SHELL FORMULATION FLAG. . . . . .=         2
     DRILLING D.O.F. FLAG  . . . . . . . . .=         0
     PINCHING D.O.F. FLAG  . . . . . . . . .=         0
     SHELL MEMBRANE DAMPING. . . . . . . . .=  0.000000000000    
     SHELL NUMERICAL DAMPING . . . . . . . .= 1.5000000000000E-02
     SHEAR AREA REDUCTION FACTOR . . . . . .= 0.8333333333333    
     ELEMENT DELETION PARAMETER. . . . . . .= 0.9999990000000    
      > 0.0 : FRACTION OF FAILED THICKNESS   
      < 0.0 : FRACTION OF FAILED INTG. POINTS
     SHEAR FORMULATION FLAG. . . . . . . . .=         0
     THICKNESS VARIATION FLAG. . . . . . . .=         1
     PLASTICITY FORMULATION FLAG . . . . . .=         1
     SHELL OFFSET POSITION FLAG . . . . . . =         0


SECTION_SHELL_114                       
     ISOTROPIC SHELL PROPERTY SET
     PROPERTY SET NUMBER . . . . . . . . . .=       114
     NUMBER OF INTEGRATION POINTS. . . . . .=         3
     POST PROCESSING STRAIN FLAG . . . . . .=         1
     SHELL THICKNESS . . . . . . . . . . . .=  2.563430000000    
     SMALL STRAIN FLAG . . . . . . . . . . .=         2
     SHELL FORMULATION FLAG. . . . . . . . .=        24
     3NODE SHELL FORMULATION FLAG. . . . . .=         2
     DRILLING D.O.F. FLAG  . . . . . . . . .=         0
     PINCHING D.O.F. FLAG  . . . . . . . . .=         0
     SHELL MEMBRANE DAMPING. . . . . . . . .=  0.000000000000    
     SHELL NUMERICAL DAMPING . . . . . . . .= 1.5000000000000E-02
     SHEAR AREA REDUCTION FACTOR . . . . . .= 0.8333333333333    
     ELEMENT DELETION PARAMETER. . . . . . .= 0.9999990000000    
      > 0.0 : FRACTION OF FAILED THICKNESS   
      < 0.0 : FRACTION OF FAILED INTG. POINTS
     SHEAR FORMULATION FLAG. . . . . . . . .=         0
     THICKNESS VARIATION FLAG. . . . . . . .=         1
     PLASTICITY FORMULATION FLAG . . . . . .=         1
     SHELL OFFSET POSITION FLAG . . . . . . =         0


SECTION_SHELL_115                       
     ISOTROPIC SHELL PROPERTY SET
     PROPERTY SET NUMBER . . . . . . . . . .=       115
     NUMBER OF INTEGRATION POINTS. . . . . .=         3
     POST PROCESSING STRAIN FLAG . . . . . .=         1
     SHELL THICKNESS . . . . . . . . . . . .=  2.254460000000    
     SMALL STRAIN FLAG . . . . . . . . . . .=         2
     SHELL FORMULATION FLAG. . . . . . . . .=        24
     3NODE SHELL FORMULATION FLAG. . . . . .=         2
     DRILLING D.O.F. FLAG  . . . . . . . . .=         0
     PINCHING D.O.F. FLAG  . . . . . . . . .=         0
     SHELL MEMBRANE DAMPING. . . . . . . . .=  0.000000000000    
     SHELL NUMERICAL DAMPING . . . . . . . .= 1.5000000000000E-02
     SHEAR AREA REDUCTION FACTOR . . . . . .= 0.8333333333333    
     ELEMENT DELETION PARAMETER. . . . . . .= 0.9999990000000    
      > 0.0 : FRACTION OF FAILED THICKNESS   
      < 0.0 : FRACTION OF FAILED INTG. POINTS
     SHEAR FORMULATION FLAG. . . . . . . . .=         0
     THICKNESS VARIATION FLAG. . . . . . . .=         1
     PLASTICITY FORMULATION FLAG . . . . . .=         1
     SHELL OFFSET POSITION FLAG . . . . . . =         0


SECTION_SHELL_116                       
     ISOTROPIC SHELL PROPERTY SET
     PROPERTY SET NUMBER . . . . . . . . . .=       116
     NUMBER OF INTEGRATION POINTS. . . . . .=         3
     POST PROCESSING STRAIN FLAG . . . . . .=         1
     SHELL THICKNESS . . . . . . . . . . . .=  1.945490000000    
     SMALL STRAIN FLAG . . . . . . . . . . .=         2
     SHELL FORMULATION FLAG. . . . . . . . .=        24
     3NODE SHELL FORMULATION FLAG. . . . . .=         2
     DRILLING D.O.F. FLAG  . . . . . . . . .=         0
     PINCHING D.O.F. FLAG  . . . . . . . . .=         0
     SHELL MEMBRANE DAMPING. . . . . . . . .=  0.000000000000    
     SHELL NUMERICAL DAMPING . . . . . . . .= 1.5000000000000E-02
     SHEAR AREA REDUCTION FACTOR . . . . . .= 0.8333333333333    
     ELEMENT DELETION PARAMETER. . . . . . .= 0.9999990000000    
      > 0.0 : FRACTION OF FAILED THICKNESS   
      < 0.0 : FRACTION OF FAILED INTG. POINTS
     SHEAR FORMULATION FLAG. . . . . . . . .=         0
     THICKNESS VARIATION FLAG. . . . . . . .=         1
     PLASTICITY FORMULATION FLAG . . . . . .=         1
     SHELL OFFSET POSITION FLAG . . . . . . =         0


SECTION_SHELL_117                       
     ISOTROPIC SHELL PROPERTY SET
     PROPERTY SET NUMBER . . . . . . . . . .=       117
     NUMBER OF INTEGRATION POINTS. . . . . .=         3
     POST PROCESSING STRAIN FLAG . . . . . .=         1
     SHELL THICKNESS . . . . . . . . . . . .=  1.636520000000    
     SMALL STRAIN FLAG . . . . . . . . . . .=         2
     SHELL FORMULATION FLAG. . . . . . . . .=        24
     3NODE SHELL FORMULATION FLAG. . . . . .=         2
     DRILLING D.O.F. FLAG  . . . . . . . . .=         0
     PINCHING D.O.F. FLAG  . . . . . . . . .=         0
     SHELL MEMBRANE DAMPING. . . . . . . . .=  0.000000000000    
     SHELL NUMERICAL DAMPING . . . . . . . .= 1.5000000000000E-02
     SHEAR AREA REDUCTION FACTOR . . . . . .= 0.8333333333333    
     ELEMENT DELETION PARAMETER. . . . . . .= 0.9999990000000    
      > 0.0 : FRACTION OF FAILED THICKNESS   
      < 0.0 : FRACTION OF FAILED INTG. POINTS
     SHEAR FORMULATION FLAG. . . . . . . . .=         0
     THICKNESS VARIATION FLAG. . . . . . . .=         1
     PLASTICITY FORMULATION FLAG . . . . . .=         1
     SHELL OFFSET POSITION FLAG . . . . . . =         0


SECTION_SHELL_118                       
     ISOTROPIC SHELL PROPERTY SET
     PROPERTY SET NUMBER . . . . . . . . . .=       118
     NUMBER OF INTEGRATION POINTS. . . . . .=         3
     POST PROCESSING STRAIN FLAG . . . . . .=         1
     SHELL THICKNESS . . . . . . . . . . . .=  1.327550000000    
     SMALL STRAIN FLAG . . . . . . . . . . .=         2
     SHELL FORMULATION FLAG. . . . . . . . .=        24
     3NODE SHELL FORMULATION FLAG. . . . . .=         2
     DRILLING D.O.F. FLAG  . . . . . . . . .=         0
     PINCHING D.O.F. FLAG  . . . . . . . . .=         0
     SHELL MEMBRANE DAMPING. . . . . . . . .=  0.000000000000    
     SHELL NUMERICAL DAMPING . . . . . . . .= 1.5000000000000E-02
     SHEAR AREA REDUCTION FACTOR . . . . . .= 0.8333333333333    
     ELEMENT DELETION PARAMETER. . . . . . .= 0.9999990000000    
      > 0.0 : FRACTION OF FAILED THICKNESS   
      < 0.0 : FRACTION OF FAILED INTG. POINTS
     SHEAR FORMULATION FLAG. . . . . . . . .=         0
     THICKNESS VARIATION FLAG. . . . . . . .=         1
     PLASTICITY FORMULATION FLAG . . . . . .=         1
     SHELL OFFSET POSITION FLAG . . . . . . =         0


SECTION_SHELL_119                       
     ISOTROPIC SHELL PROPERTY SET
     PROPERTY SET NUMBER . . . . . . . . . .=       119
     NUMBER OF INTEGRATION POINTS. . . . . .=         3
     POST PROCESSING STRAIN FLAG . . . . . .=         1
     SHELL THICKNESS . . . . . . . . . . . .=  1.193800000000    
     SMALL STRAIN FLAG . . . . . . . . . . .=         2
     SHELL FORMULATION FLAG. . . . . . . . .=        24
     3NODE SHELL FORMULATION FLAG. . . . . .=         2
     DRILLING D.O.F. FLAG  . . . . . . . . .=         0
     PINCHING D.O.F. FLAG  . . . . . . . . .=         0
     SHELL MEMBRANE DAMPING. . . . . . . . .=  0.000000000000    
     SHELL NUMERICAL DAMPING . . . . . . . .= 1.5000000000000E-02
     SHEAR AREA REDUCTION FACTOR . . . . . .= 0.8333333333333    
     ELEMENT DELETION PARAMETER. . . . . . .= 0.9999990000000    
      > 0.0 : FRACTION OF FAILED THICKNESS   
      < 0.0 : FRACTION OF FAILED INTG. POINTS
     SHEAR FORMULATION FLAG. . . . . . . . .=         0
     THICKNESS VARIATION FLAG. . . . . . . .=         1
     PLASTICITY FORMULATION FLAG . . . . . .=         1
     SHELL OFFSET POSITION FLAG . . . . . . =         0


SECTION_SHELL_120                       
     ISOTROPIC SHELL PROPERTY SET
     PROPERTY SET NUMBER . . . . . . . . . .=       120
     NUMBER OF INTEGRATION POINTS. . . . . .=         3
     POST PROCESSING STRAIN FLAG . . . . . .=         1
     SHELL THICKNESS . . . . . . . . . . . .=  1.176880000000    
     SMALL STRAIN FLAG . . . . . . . . . . .=         2
     SHELL FORMULATION FLAG. . . . . . . . .=        24
     3NODE SHELL FORMULATION FLAG. . . . . .=         2
     DRILLING D.O.F. FLAG  . . . . . . . . .=         0
     PINCHING D.O.F. FLAG  . . . . . . . . .=         0
     SHELL MEMBRANE DAMPING. . . . . . . . .=  0.000000000000    
     SHELL NUMERICAL DAMPING . . . . . . . .= 1.5000000000000E-02
     SHEAR AREA REDUCTION FACTOR . . . . . .= 0.8333333333333    
     ELEMENT DELETION PARAMETER. . . . . . .= 0.9999990000000    
      > 0.0 : FRACTION OF FAILED THICKNESS   
      < 0.0 : FRACTION OF FAILED INTG. POINTS
     SHEAR FORMULATION FLAG. . . . . . . . .=         0
     THICKNESS VARIATION FLAG. . . . . . . .=         1
     PLASTICITY FORMULATION FLAG . . . . . .=         1
     SHELL OFFSET POSITION FLAG . . . . . . =         0


SECTION_SHELL_121                       
     ISOTROPIC SHELL PROPERTY SET
     PROPERTY SET NUMBER . . . . . . . . . .=       121
     NUMBER OF INTEGRATION POINTS. . . . . .=         3
     POST PROCESSING STRAIN FLAG . . . . . .=         1
     SHELL THICKNESS . . . . . . . . . . . .=  1.159950000000    
     SMALL STRAIN FLAG . . . . . . . . . . .=         2
     SHELL FORMULATION FLAG. . . . . . . . .=        24
     3NODE SHELL FORMULATION FLAG. . . . . .=         2
     DRILLING D.O.F. FLAG  . . . . . . . . .=         0
     PINCHING D.O.F. FLAG  . . . . . . . . .=         0
     SHELL MEMBRANE DAMPING. . . . . . . . .=  0.000000000000    
     SHELL NUMERICAL DAMPING . . . . . . . .= 1.5000000000000E-02
     SHEAR AREA REDUCTION FACTOR . . . . . .= 0.8333333333333    
     ELEMENT DELETION PARAMETER. . . . . . .= 0.9999990000000    
      > 0.0 : FRACTION OF FAILED THICKNESS   
      < 0.0 : FRACTION OF FAILED INTG. POINTS
     SHEAR FORMULATION FLAG. . . . . . . . .=         0
     THICKNESS VARIATION FLAG. . . . . . . .=         1
     PLASTICITY FORMULATION FLAG . . . . . .=         1
     SHELL OFFSET POSITION FLAG . . . . . . =         0


SECTION_SHELL_122                       
     ISOTROPIC SHELL PROPERTY SET
     PROPERTY SET NUMBER . . . . . . . . . .=       122
     NUMBER OF INTEGRATION POINTS. . . . . .=         3
     POST PROCESSING STRAIN FLAG . . . . . .=         1
     SHELL THICKNESS . . . . . . . . . . . .=  1.143030000000    
     SMALL STRAIN FLAG . . . . . . . . . . .=         2
     SHELL FORMULATION FLAG. . . . . . . . .=        24
     3NODE SHELL FORMULATION FLAG. . . . . .=         2
     DRILLING D.O.F. FLAG  . . . . . . . . .=         0
     PINCHING D.O.F. FLAG  . . . . . . . . .=         0
     SHELL MEMBRANE DAMPING. . . . . . . . .=  0.000000000000    
     SHELL NUMERICAL DAMPING . . . . . . . .= 1.5000000000000E-02
     SHEAR AREA REDUCTION FACTOR . . . . . .= 0.8333333333333    
     ELEMENT DELETION PARAMETER. . . . . . .= 0.9999990000000    
      > 0.0 : FRACTION OF FAILED THICKNESS   
      < 0.0 : FRACTION OF FAILED INTG. POINTS
     SHEAR FORMULATION FLAG. . . . . . . . .=         0
     THICKNESS VARIATION FLAG. . . . . . . .=         1
     PLASTICITY FORMULATION FLAG . . . . . .=         1
     SHELL OFFSET POSITION FLAG . . . . . . =         0


SECTION_SHELL_123                       
     ISOTROPIC SHELL PROPERTY SET
     PROPERTY SET NUMBER . . . . . . . . . .=       123
     NUMBER OF INTEGRATION POINTS. . . . . .=         3
     POST PROCESSING STRAIN FLAG . . . . . .=         1
     SHELL THICKNESS . . . . . . . . . . . .=  1.126100000000    
     SMALL STRAIN FLAG . . . . . . . . . . .=         2
     SHELL FORMULATION FLAG. . . . . . . . .=        24
     3NODE SHELL FORMULATION FLAG. . . . . .=         2
     DRILLING D.O.F. FLAG  . . . . . . . . .=         0
     PINCHING D.O.F. FLAG  . . . . . . . . .=         0
     SHELL MEMBRANE DAMPING. . . . . . . . .=  0.000000000000    
     SHELL NUMERICAL DAMPING . . . . . . . .= 1.5000000000000E-02
     SHEAR AREA REDUCTION FACTOR . . . . . .= 0.8333333333333    
     ELEMENT DELETION PARAMETER. . . . . . .= 0.9999990000000    
      > 0.0 : FRACTION OF FAILED THICKNESS   
      < 0.0 : FRACTION OF FAILED INTG. POINTS
     SHEAR FORMULATION FLAG. . . . . . . . .=         0
     THICKNESS VARIATION FLAG. . . . . . . .=         1
     PLASTICITY FORMULATION FLAG . . . . . .=         1
     SHELL OFFSET POSITION FLAG . . . . . . =         0


SECTION_SHELL_124                       
     ISOTROPIC SHELL PROPERTY SET
     PROPERTY SET NUMBER . . . . . . . . . .=       124
     NUMBER OF INTEGRATION POINTS. . . . . .=         3
     POST PROCESSING STRAIN FLAG . . . . . .=         1
     SHELL THICKNESS . . . . . . . . . . . .=  1.109180000000    
     SMALL STRAIN FLAG . . . . . . . . . . .=         2
     SHELL FORMULATION FLAG. . . . . . . . .=        24
     3NODE SHELL FORMULATION FLAG. . . . . .=         2
     DRILLING D.O.F. FLAG  . . . . . . . . .=         0
     PINCHING D.O.F. FLAG  . . . . . . . . .=         0
     SHELL MEMBRANE DAMPING. . . . . . . . .=  0.000000000000    
     SHELL NUMERICAL DAMPING . . . . . . . .= 1.5000000000000E-02
     SHEAR AREA REDUCTION FACTOR . . . . . .= 0.8333333333333    
     ELEMENT DELETION PARAMETER. . . . . . .= 0.9999990000000    
      > 0.0 : FRACTION OF FAILED THICKNESS   
      < 0.0 : FRACTION OF FAILED INTG. POINTS
     SHEAR FORMULATION FLAG. . . . . . . . .=         0
     THICKNESS VARIATION FLAG. . . . . . . .=         1
     PLASTICITY FORMULATION FLAG . . . . . .=         1
     SHELL OFFSET POSITION FLAG . . . . . . =         0


SECTION_SHELL_125                       
     ISOTROPIC SHELL PROPERTY SET
     PROPERTY SET NUMBER . . . . . . . . . .=       125
     NUMBER OF INTEGRATION POINTS. . . . . .=         3
     POST PROCESSING STRAIN FLAG . . . . . .=         1
     SHELL THICKNESS . . . . . . . . . . . .=  1.066170000000    
     SMALL STRAIN FLAG . . . . . . . . . . .=         2
     SHELL FORMULATION FLAG. . . . . . . . .=        24
     3NODE SHELL FORMULATION FLAG. . . . . .=         2
     DRILLING D.O.F. FLAG  . . . . . . . . .=         0
     PINCHING D.O.F. FLAG  . . . . . . . . .=         0
     SHELL MEMBRANE DAMPING. . . . . . . . .=  0.000000000000    
     SHELL NUMERICAL DAMPING . . . . . . . .= 1.5000000000000E-02
     SHEAR AREA REDUCTION FACTOR . . . . . .= 0.8333333333333    
     ELEMENT DELETION PARAMETER. . . . . . .= 0.9999990000000    
      > 0.0 : FRACTION OF FAILED THICKNESS   
      < 0.0 : FRACTION OF FAILED INTG. POINTS
     SHEAR FORMULATION FLAG. . . . . . . . .=         0
     THICKNESS VARIATION FLAG. . . . . . . .=         1
     PLASTICITY FORMULATION FLAG . . . . . .=         1
     SHELL OFFSET POSITION FLAG . . . . . . =         0


SECTION_SHELL_126                       
     ISOTROPIC SHELL PROPERTY SET
     PROPERTY SET NUMBER . . . . . . . . . .=       126
     NUMBER OF INTEGRATION POINTS. . . . . .=         3
     POST PROCESSING STRAIN FLAG . . . . . .=         1
     SHELL THICKNESS . . . . . . . . . . . .=  1.016630000000    
     SMALL STRAIN FLAG . . . . . . . . . . .=         2
     SHELL FORMULATION FLAG. . . . . . . . .=        24
     3NODE SHELL FORMULATION FLAG. . . . . .=         2
     DRILLING D.O.F. FLAG  . . . . . . . . .=         0
     PINCHING D.O.F. FLAG  . . . . . . . . .=         0
     SHELL MEMBRANE DAMPING. . . . . . . . .=  0.000000000000    
     SHELL NUMERICAL DAMPING . . . . . . . .= 1.5000000000000E-02
     SHEAR AREA REDUCTION FACTOR . . . . . .= 0.8333333333333    
     ELEMENT DELETION PARAMETER. . . . . . .= 0.9999990000000    
      > 0.0 : FRACTION OF FAILED THICKNESS   
      < 0.0 : FRACTION OF FAILED INTG. POINTS
     SHEAR FORMULATION FLAG. . . . . . . . .=         0
     THICKNESS VARIATION FLAG. . . . . . . .=         1
     PLASTICITY FORMULATION FLAG . . . . . .=         1
     SHELL OFFSET POSITION FLAG . . . . . . =         0


SECTION_SHELL_127                       
     ISOTROPIC SHELL PROPERTY SET
     PROPERTY SET NUMBER . . . . . . . . . .=       127
     NUMBER OF INTEGRATION POINTS. . . . . .=         3
     POST PROCESSING STRAIN FLAG . . . . . .=         1
     SHELL THICKNESS . . . . . . . . . . . .= 0.9671000000000    
     SMALL STRAIN FLAG . . . . . . . . . . .=         2
     SHELL FORMULATION FLAG. . . . . . . . .=        24
     3NODE SHELL FORMULATION FLAG. . . . . .=         2
     DRILLING D.O.F. FLAG  . . . . . . . . .=         0
     PINCHING D.O.F. FLAG  . . . . . . . . .=         0
     SHELL MEMBRANE DAMPING. . . . . . . . .=  0.000000000000    
     SHELL NUMERICAL DAMPING . . . . . . . .= 1.5000000000000E-02
     SHEAR AREA REDUCTION FACTOR . . . . . .= 0.8333333333333    
     ELEMENT DELETION PARAMETER. . . . . . .= 0.9999990000000    
      > 0.0 : FRACTION OF FAILED THICKNESS   
      < 0.0 : FRACTION OF FAILED INTG. POINTS
     SHEAR FORMULATION FLAG. . . . . . . . .=         0
     THICKNESS VARIATION FLAG. . . . . . . .=         1
     PLASTICITY FORMULATION FLAG . . . . . .=         1
     SHELL OFFSET POSITION FLAG . . . . . . =         0


SECTION_SHELL_128                       
     ISOTROPIC SHELL PROPERTY SET
     PROPERTY SET NUMBER . . . . . . . . . .=       128
     NUMBER OF INTEGRATION POINTS. . . . . .=         3
     POST PROCESSING STRAIN FLAG . . . . . .=         1
     SHELL THICKNESS . . . . . . . . . . . .= 0.9175700000000    
     SMALL STRAIN FLAG . . . . . . . . . . .=         2
     SHELL FORMULATION FLAG. . . . . . . . .=        24
     3NODE SHELL FORMULATION FLAG. . . . . .=         2
     DRILLING D.O.F. FLAG  . . . . . . . . .=         0
     PINCHING D.O.F. FLAG  . . . . . . . . .=         0
     SHELL MEMBRANE DAMPING. . . . . . . . .=  0.000000000000    
     SHELL NUMERICAL DAMPING . . . . . . . .= 1.5000000000000E-02
     SHEAR AREA REDUCTION FACTOR . . . . . .= 0.8333333333333    
     ELEMENT DELETION PARAMETER. . . . . . .= 0.9999990000000    
      > 0.0 : FRACTION OF FAILED THICKNESS   
      < 0.0 : FRACTION OF FAILED INTG. POINTS
     SHEAR FORMULATION FLAG. . . . . . . . .=         0
     THICKNESS VARIATION FLAG. . . . . . . .=         1
     PLASTICITY FORMULATION FLAG . . . . . .=         1
     SHELL OFFSET POSITION FLAG . . . . . . =         0


SECTION_SHELL_129                       
     ISOTROPIC SHELL PROPERTY SET
     PROPERTY SET NUMBER . . . . . . . . . .=       129
     NUMBER OF INTEGRATION POINTS. . . . . .=         3
     POST PROCESSING STRAIN FLAG . . . . . .=         1
     SHELL THICKNESS . . . . . . . . . . . .= 0.8680400000000    
     SMALL STRAIN FLAG . . . . . . . . . . .=         2
     SHELL FORMULATION FLAG. . . . . . . . .=        24
     3NODE SHELL FORMULATION FLAG. . . . . .=         2
     DRILLING D.O.F. FLAG  . . . . . . . . .=         0
     PINCHING D.O.F. FLAG  . . . . . . . . .=         0
     SHELL MEMBRANE DAMPING. . . . . . . . .=  0.000000000000    
     SHELL NUMERICAL DAMPING . . . . . . . .= 1.5000000000000E-02
     SHEAR AREA REDUCTION FACTOR . . . . . .= 0.8333333333333    
     ELEMENT DELETION PARAMETER. . . . . . .= 0.9999990000000    
      > 0.0 : FRACTION OF FAILED THICKNESS   
      < 0.0 : FRACTION OF FAILED INTG. POINTS
     SHEAR FORMULATION FLAG. . . . . . . . .=         0
     THICKNESS VARIATION FLAG. . . . . . . .=         1
     PLASTICITY FORMULATION FLAG . . . . . .=         1
     SHELL OFFSET POSITION FLAG . . . . . . =         0


SECTION_SHELL_130                       
     ISOTROPIC SHELL PROPERTY SET
     PROPERTY SET NUMBER . . . . . . . . . .=       130
     NUMBER OF INTEGRATION POINTS. . . . . .=         3
     POST PROCESSING STRAIN FLAG . . . . . .=         1
     SHELL THICKNESS . . . . . . . . . . . .= 0.8185100000000    
     SMALL STRAIN FLAG . . . . . . . . . . .=         2
     SHELL FORMULATION FLAG. . . . . . . . .=        24
     3NODE SHELL FORMULATION FLAG. . . . . .=         2
     DRILLING D.O.F. FLAG  . . . . . . . . .=         0
     PINCHING D.O.F. FLAG  . . . . . . . . .=         0
     SHELL MEMBRANE DAMPING. . . . . . . . .=  0.000000000000    
     SHELL NUMERICAL DAMPING . . . . . . . .= 1.5000000000000E-02
     SHEAR AREA REDUCTION FACTOR . . . . . .= 0.8333333333333    
     ELEMENT DELETION PARAMETER. . . . . . .= 0.9999990000000    
      > 0.0 : FRACTION OF FAILED THICKNESS   
      < 0.0 : FRACTION OF FAILED INTG. POINTS
     SHEAR FORMULATION FLAG. . . . . . . . .=         0
     THICKNESS VARIATION FLAG. . . . . . . .=         1
     PLASTICITY FORMULATION FLAG . . . . . .=         1
     SHELL OFFSET POSITION FLAG . . . . . . =         0




       PARTS
       -----



PART:       101,Part_101
----
     PROPERTY    :       101 (TYPE 01),SECTION_SHELL_101
     MATERIAL    :      1000 (LAW  44),MATL24_999
     SUBSET      :         0
     FRAMEWORK   :         LAGRANGE
     VIRT. THICKN:         0.000000000000    

PART:       102,Part_102
----
     PROPERTY    :       102 (TYPE 01),SECTION_SHELL_102
     MATERIAL    :      1001 (LAW  44),MATL24_999
     SUBSET      :         0
     FRAMEWORK   :         LAGRANGE
     VIRT. THICKN:         0.000000000000    

PART:       103,Part_103
----
     PROPERTY    :       103 (TYPE 01),SECTION_SHELL_103
     MATERIAL    :      1002 (LAW  44),MATL24_999
     SUBSET      :         0
     FRAMEWORK   :         LAGRANGE
     VIRT. THICKN:         0.000000000000    

PART:       104,Part_104
----
     PROPERTY    :       104 (TYPE 01),SECTION_SHELL_104
     MATERIAL    :      1003 (LAW  44),MATL24_999
     SUBSET      :         0
     FRAMEWORK   :         LAGRANGE
     VIRT. THICKN:         0.000000000000    

PART:       105,Part_105
----
     PROPERTY    :       105 (TYPE 01),SECTION_SHELL_105
     MATERIAL    :      1004 (LAW  44),MATL24_999
     SUBSET      :         0
     FRAMEWORK   :         LAGRANGE
     VIRT. THICKN:         0.000000000000    

PART:       106,Part_106
----
     PROPERTY    :       106 (TYPE 01),SECTION_SHELL_106
     MATERIAL    :      1005 (LAW  44),MATL24_999
     SUBSET      :         0
     FRAMEWORK   :         LAGRANGE
     VIRT. THICKN:         0.000000000000    

PART:       107,Part_107
----
     PROPERTY    :       107 (TYPE 01),SECTION_SHELL_107
     MATERIAL    :      1006 (LAW  44),MATL24_999
     SUBSET      :         0
     FRAMEWORK   :         LAGRANGE
     VIRT. THICKN:         0.000000000000    

PART:       108,Part_108
----
     PROPERTY    :       108 (TYPE 01),SECTION_SHELL_108
     MATERIAL    :      1007 (LAW  44),MATL24_999
     SUBSET      :         0
     FRAMEWORK   :         LAGRANGE
     VIRT. THICKN:         0.000000000000    

PART:       109,Part_109
----
     PROPERTY    :       109 (TYPE 01),SECTION_SHELL_109
     MATERIAL    :      1008 (LAW  44),MATL24_999
     SUBSET      :         0
     FRAMEWORK   :         LAGRANGE
     VIRT. THICKN:         0.000000000000    

PART:       110,Part_110
----
     PROPERTY    :       110 (TYPE 01),SECTION_SHELL_110
     MATERIAL    :      1009 (LAW  44),MATL24_999
     SUBSET      :         0
     FRAMEWORK   :         LAGRANGE
     VIRT. THICKN:         0.000000000000    

PART:       111,Part_111
----
     PROPERTY    :       111 (TYPE 01),SECTION_SHELL_111
     MATERIAL    :      1010 (LAW  44),MATL24_999
     SUBSET      :         0
     FRAMEWORK   :         LAGRANGE
     VIRT. THICKN:         0.000000000000    

PART:       112,Part_112
----
     PROPERTY    :       112 (TYPE 01),SECTION_SHELL_112
     MATERIAL    :      1011 (LAW  44),MATL24_999
     SUBSET      :         0
     FRAMEWORK   :         LAGRANGE
     VIRT. THICKN:         0.000000000000    

PART:       113,Part_113
----
     PROPERTY    :       113 (TYPE 01),SECTION_SHELL_113
     MATERIAL    :      1012 (LAW  44),MATL24_999
     SUBSET      :         0
     FRAMEWORK   :         LAGRANGE
     VIRT. THICKN:         0.000000000000    

PART:       114,Part_114
----
     PROPERTY    :       114 (TYPE 01),SECTION_SHELL_114
     MATERIAL    :      1013 (LAW  44),MATL24_999
     SUBSET      :         0
     FRAMEWORK   :         LAGRANGE
     VIRT. THICKN:         0.000000000000    

PART:       115,Part_115
----
     PROPERTY    :       115 (TYPE 01),SECTION_SHELL_115
     MATERIAL    :      1014 (LAW  44),MATL24_999
     SUBSET      :         0
     FRAMEWORK   :         LAGRANGE
     VIRT. THICKN:         0.000000000000    

PART:       116,Part_116
----
     PROPERTY    :       116 (TYPE 01),SECTION_SHELL_116
     MATERIAL    :      1015 (LAW  44),MATL24_999
     SUBSET      :         0
     FRAMEWORK   :         LAGRANGE
     VIRT. THICKN:         0.000000000000    

PART:       117,Part_117
----
     PROPERTY    :       117 (TYPE 01),SECTION_SHELL_117
     MATERIAL    :      1016 (LAW  44),MATL24_999
     SUBSET      :         0
     FRAMEWORK   :         LAGRANGE
     VIRT. THICKN:         0.000000000000    

PART:       118,Part_118
----
     PROPERTY    :       118 (TYPE 01),SECTION_SHELL_118
     MATERIAL    :      1017 (LAW  44),MATL24_999
     SUBSET      :         0
     FRAMEWORK   :         LAGRANGE
     VIRT. THICKN:         0.000000000000    

PART:       119,Part_119
----
     PROPERTY    :       119 (TYPE 01),SECTION_SHELL_119
     MATERIAL    :      1018 (LAW  44),MATL24_999
     SUBSET      :         0
     FRAMEWORK   :         LAGRANGE
     VIRT. THICKN:         0.000000000000    

PART:       120,Part_120
----
     PROPERTY    :       120 (TYPE 01),SECTION_SHELL_120
     MATERIAL    :      1019 (LAW  44),MATL24_999
     SUBSET      :         0
     FRAMEWORK   :         LAGRANGE
     VIRT. THICKN:         0.000000000000    

PART:       121,Part_121
----
     PROPERTY    :       121 (TYPE 01),SECTION_SHELL_121
     MATERIAL    :      1020 (LAW  44),MATL24_999
     SUBSET      :         0
     FRAMEWORK   :         LAGRANGE
     VIRT. THICKN:         0.000000000000    

PART:       122,Part_122
----
     PROPERTY    :       122 (TYPE 01),SECTION_SHELL_122
     MATERIAL    :      1021 (LAW  44),MATL24_999
     SUBSET      :         0
     FRAMEWORK   :         LAGRANGE
     VIRT. THICKN:         0.000000000000    

PART:       123,Part_123
----
     PROPERTY    :       123 (TYPE 01),SECTION_SHELL_123
     MATERIAL    :      1022 (LAW  44),MATL24_999
     SUBSET      :         0
     FRAMEWORK   :         LAGRANGE
     VIRT. THICKN:         0.000000000000    

PART:       124,Part_124
----
     PROPERTY    :       124 (TYPE 01),SECTION_SHELL_124
     MATERIAL    :      1023 (LAW  44),MATL24_999
     SUBSET      :         0
     FRAMEWORK   :         LAGRANGE
     VIRT. THICKN:         0.000000000000    

PART:       125,Part_125
----
     PROPERTY    :       125 (TYPE 01),SECTION_SHELL_125
     MATERIAL    :      1024 (LAW  44),MATL24_999
     SUBSET      :         0
     FRAMEWORK   :         LAGRANGE
     VIRT. THICKN:         0.000000000000    

PART:       126,Part_126
----
     PROPERTY    :       126 (TYPE 01),SECTION_SHELL_126
     MATERIAL    :      1025 (LAW  44),MATL24_999
     SUBSET      :         0
     FRAMEWORK   :         LAGRANGE
     VIRT. THICKN:         0.000000000000    

PART:       127,Part_127
----
     PROPERTY    :       127 (TYPE 01),SECTION_SHELL_127
     MATERIAL    :      1026 (LAW  44),MATL24_999
     SUBSET      :         0
     FRAMEWORK   :         LAGRANGE
     VIRT. THICKN:         0.000000000000    

PART:       128,Part_128
----
     PROPERTY    :       128 (TYPE 01),SECTION_SHELL_128
     MATERIAL    :      1027 (LAW  44),MATL24_999
     SUBSET      :         0
     FRAMEWORK   :         LAGRANGE
     VIRT. THICKN:         0.000000000000    

PART:       129,Part_129
----
     PROPERTY    :       129 (TYPE 01),SECTION_SHELL_129
     MATERIAL    :      1028 (LAW  44),MATL24_999
     SUBSET      :         0
     FRAMEWORK   :         LAGRANGE
     VIRT. THICKN:         0.000000000000    

PART:       130,Part_130
----
     PROPERTY    :       130 (TYPE 01),SECTION_SHELL_130
     MATERIAL    :       999 (LAW  44),MATL24_999
     SUBSET      :         0
     FRAMEWORK   :         LAGRANGE
     VIRT. THICKN:         0.000000000000    


       HIERARCHICAL SUBSET ORGANIZATION
       --------------------------------


  
  
 SUBSET:         0,GLOBAL MODEL                                                                                                     
 ~~~~~~
  |
  |________Part(s):       101,Part_101                                
                          102,Part_102                                
                          103,Part_103                                
                          104,Part_104                                
                          105,Part_105                                
                          106,Part_106                                
                          107,Part_107                                
                          108,Part_108                                
                          109,Part_109                                
                          110,Part_110                                
                          111,Part_111                                
                          112,Part_112                                
                          113,Part_113                                
                          114,Part_114                                
                          115,Part_115                                
                          116,Part_116                                
                          117,Part_117                                
                          118,Part_118                                
                          119,Part_119                                
                          120,Part_120                                
                          121,Part_121                                
                          122,Part_122                                
                          123,Part_123                                
                          124,Part_124                                
                          125,Part_125                                
                          126,Part_126                                
                          127,Part_127                                
                          128,Part_128                                
                          129,Part_129                                
                          130,Part_130                                

     BOUNDARY CONDITIONS                                                                 
     -------------------                                                                 
       NODE  TRANS. ROTAT.         SKEW

  
 SPMD IS CHECKING FOR ELEMENT DELETION IN : 
 combine_0001.rad                                                                                             
 
 DOMAIN DECOMPOSITION USING MULTILEVEL KWAY
 ------------------------------------------
 DOMAIN DECOMPOSITION OPTIMIZED FOR PARALLEL ARITHMETIC ON
 DOMAIN DECOMPOSITION : OPTIMIZED FOR BROADWELL PROCESSOR

    INTERFACES               
  --------------             



   INTERFACE NUMBER :         1 CONTACT


    TYPE==25  MUTI-TYPE IMPACTING             

    BOUND. COND. DELETED AFTER IMPACT . . . . . IN X DIR       0
       SECONDARY NODE  (1:YES 0:NO)                Y DIR       0
                                                   Z DIR       0
    STIFFNESS FORMULATION . . . . . . . . . . .                2
    STIFFNESS FACTOR. . . . . . . . . . . . . .   1.000000000000    
    CONTACT TYPES (1:S1/S1;2:S1/S2;3:N/S  . . .                1
    EDGE FLAG . . . . . . . . . . . . . . . . .             1000
    ANGLE FOR EDGE COMPUTATION (Iedge/=0) . . .   0.000000000000    
    MINIMUM STIFFNESS . . . . . . . . . . . . .   0.000000000000    
    MAXIMUM STIFFNESS . . . . . . . . . . . . .  1.0000000000000E+30
    FRICTION FACTOR . . . . . . . . . . . . . .  0.8000000000000    
    GAP FLAG. . . . . . . . . . . . . . . . . .                2
    GAP SCALE FACTOR. . . . . . . . . . . . . .   1.000000000000    
    MAXIMUM SECONDARY GAP VALUE . . . . . . . .  1.0000000000000E+30
    MAXIMUM MAIN GAP VALUE. . . . . . . . . . .  1.0000000000000E+30
    %MESHSIZE TAKEN INTO ACCOUNT FOR            
    CALCULATION OF MAXIMUM GAP(IGAP = 3). . . .   0.000000000000    
    ZERO GAP FOR SECONDARY SHELL ON FREE EDGE .             1000
    GAP SHAPE ALONG MAIN FREE EDGES             
           (1:SQUARE,2:CYLINDRICAL) . . . . . .                1
    DE-ACTIVATION FLAG IF CONFLICT W/ TYPE2 . .                1
    START TIME. . . . . . . . . . . . . . . . .   0.000000000000    
    STOP TIME . . . . . . . . . . . . . . . . .  1.0000000000000E+20
    DE-ACTIVATION OF INITIAL PENETRATIONS . . .                5
    CRITICAL DAMPING FACTOR . . . . . . . . . .  5.0000000000000E-02
    QUADRATIC DAMPING FLAG. . . . . . . . . . .                1
    FLAGREMNODE : NOT CONSIDER NEIGHBORING      
    NODES IN CASE OF ELEMENT SIZE < GAP VALUE .                2

    DELETION FLAG ON FAILURE OF MAIN ELEMENT (1:YES-ALL/2:YES-ANY/1000:NO) :     1

    FRICTION FILTERING FLAG. . . . . . . . .          0
    FILTERING FACTOR . . . . . . . . . . . .   1.000000000000    

    FRICTION MODEL 2 (Darmstad Law) :
     MU = MUo+c1*exp(c2*v)*p^2+c3*exp(c4*v)*p+c5*exp(c6*v)
    Muo. . . . . . . . . . . . . . . . . . .  0.8000000000000    
    C1 . . . . . . . . . . . . . . . . . . .   0.000000000000    
    C2 . . . . . . . . . . . . . . . . . . .   0.000000000000    
    C3 . . . . . . . . . . . . . . . . . . .   0.000000000000    
    C4 . . . . . . . . . . . . . . . . . . .   0.000000000000    
    C5 . . . . . . . . . . . . . . . . . . . -0.7200000000000    
    C6 . . . . . . . . . . . . . . . . . . .   0.000000000000    



 INTERFACE NUMBER. . . . . . . . . . . . . .         1
 INTERFACE TYPE. . . . . . . . . . . . . . .    25

  POSSIBLE IMPACT NUMBER, NSN:          48        2976
      RIGID WALL DEFINITIONS 
      ---------------------- 


     RIGID WALL NUMBER. . . . .         1
          RIGID WALL TYPE . . . . .         1
          TYPE SLIDE/TIED/FRICTION.         0
          NUMBER OF NODES . . . . .      2976
          WALL NODE NUMBER. . . . .    999999
          WALL MASS . . . . . . . .     250.0    
          WALL X-VELOCITY . . . . .     0.000    
          WALL Y-VELOCITY . . . . .     0.000    
          WALL Z-VELOCITY . . . . .    -7.000    

     INFINITE WALL CHARACTERISTICS
          POINT M . . . . . . . . .  0.000000000000      0.000000000000      121.0000000000    
          NORMAL VECTOR . . . . . .  0.000000000000      0.000000000000     -1.000000000000    

     RIGID WALL NUMBER. . . . .         2
          RIGID WALL TYPE . . . . .         1
          TYPE SLIDE/TIED/FRICTION.         0
          NUMBER OF NODES . . . . .      2977

     INFINITE WALL CHARACTERISTICS
          POINT M . . . . . . . . .  0.000000000000      0.000000000000      0.000000000000    
          NORMAL VECTOR . . . . . .  0.000000000000      0.000000000000      1.000000000000    
 
 --------------------------------------
 NEW DOMAIN DECOMPOSITION FOR OPTIMIZATION
 --------------------------------------
 
 DOMAIN DECOMPOSITION USING MULTILEVEL KWAY
 ------------------------------------------
 DOMAIN DECOMPOSITION OPTIMIZED FOR PARALLEL ARITHMETIC ON
 DOMAIN DECOMPOSITION : OPTIMIZED FOR BROADWELL PROCESSOR

    INTERFACES               
  --------------             



   INTERFACE NUMBER :         1 CONTACT


    TYPE==25  MUTI-TYPE IMPACTING             

    BOUND. COND. DELETED AFTER IMPACT . . . . . IN X DIR       0
       SECONDARY NODE  (1:YES 0:NO)                Y DIR       0
                                                   Z DIR       0
    STIFFNESS FORMULATION . . . . . . . . . . .                2
    STIFFNESS FACTOR. . . . . . . . . . . . . .   1.000000000000    
    CONTACT TYPES (1:S1/S1;2:S1/S2;3:N/S  . . .                1
    EDGE FLAG . . . . . . . . . . . . . . . . .             1000
    ANGLE FOR EDGE COMPUTATION (Iedge/=0) . . .   0.000000000000    
    MINIMUM STIFFNESS . . . . . . . . . . . . .   0.000000000000    
    MAXIMUM STIFFNESS . . . . . . . . . . . . .  1.0000000000000E+30
    FRICTION FACTOR . . . . . . . . . . . . . .  0.8000000000000    
    GAP FLAG. . . . . . . . . . . . . . . . . .                2
    GAP SCALE FACTOR. . . . . . . . . . . . . .   1.000000000000    
    MAXIMUM SECONDARY GAP VALUE . . . . . . . .  1.0000000000000E+30
    MAXIMUM MAIN GAP VALUE. . . . . . . . . . .  1.0000000000000E+30
    %MESHSIZE TAKEN INTO ACCOUNT FOR            
    CALCULATION OF MAXIMUM GAP(IGAP = 3). . . .   0.000000000000    
    ZERO GAP FOR SECONDARY SHELL ON FREE EDGE .             1000
    GAP SHAPE ALONG MAIN FREE EDGES             
           (1:SQUARE,2:CYLINDRICAL) . . . . . .                1
    DE-ACTIVATION FLAG IF CONFLICT W/ TYPE2 . .                1
    START TIME. . . . . . . . . . . . . . . . .   0.000000000000    
    STOP TIME . . . . . . . . . . . . . . . . .  1.0000000000000E+20
    DE-ACTIVATION OF INITIAL PENETRATIONS . . .                5
    CRITICAL DAMPING FACTOR . . . . . . . . . .  5.0000000000000E-02
    QUADRATIC DAMPING FLAG. . . . . . . . . . .                1
    FLAGREMNODE : NOT CONSIDER NEIGHBORING      
    NODES IN CASE OF ELEMENT SIZE < GAP VALUE .                2

    DELETION FLAG ON FAILURE OF MAIN ELEMENT (1:YES-ALL/2:YES-ANY/1000:NO) :     1

    FRICTION FILTERING FLAG. . . . . . . . .          0
    FILTERING FACTOR . . . . . . . . . . . .   1.000000000000    

    FRICTION MODEL 2 (Darmstad Law) :
     MU = MUo+c1*exp(c2*v)*p^2+c3*exp(c4*v)*p+c5*exp(c6*v)
    Muo. . . . . . . . . . . . . . . . . . .  0.8000000000000    
    C1 . . . . . . . . . . . . . . . . . . .   0.000000000000    
    C2 . . . . . . . . . . . . . . . . . . .   0.000000000000    
    C3 . . . . . . . . . . . . . . . . . . .   0.000000000000    
    C4 . . . . . . . . . . . . . . . . . . .   0.000000000000    
    C5 . . . . . . . . . . . . . . . . . . . -0.7200000000000    
    C6 . . . . . . . . . . . . . . . . . . .   0.000000000000    



 INTERFACE NUMBER. . . . . . . . . . . . . .         1
 INTERFACE TYPE. . . . . . . . . . . . . . .    25

  POSSIBLE IMPACT NUMBER, NSN:          48        2976
      RIGID WALL DEFINITIONS 
      ---------------------- 


     RIGID WALL NUMBER. . . . .         1
          RIGID WALL TYPE . . . . .         1
          TYPE SLIDE/TIED/FRICTION.         0
          NUMBER OF NODES . . . . .      2976
          WALL NODE NUMBER. . . . .    999999
          WALL MASS . . . . . . . .     250.0    
          WALL X-VELOCITY . . . . .     0.000    
          WALL Y-VELOCITY . . . . .     0.000    
          WALL Z-VELOCITY . . . . .    -7.000    

     INFINITE WALL CHARACTERISTICS
          POINT M . . . . . . . . .  0.000000000000      0.000000000000      121.0000000000    
          NORMAL VECTOR . . . . . .  0.000000000000      0.000000000000     -1.000000000000    

     RIGID WALL NUMBER. . . . .         2
          RIGID WALL TYPE . . . . .         1
          TYPE SLIDE/TIED/FRICTION.         0
          NUMBER OF NODES . . . . .      2977

     INFINITE WALL CHARACTERISTICS
          POINT M . . . . . . . . .  0.000000000000      0.000000000000      0.000000000000    
          NORMAL VECTOR . . . . . .  0.000000000000      0.000000000000      1.000000000000    



 SHELL GROUP         1 VECTORIZATION CODE =    0
 SHELL GROUP         2 VECTORIZATION CODE =    0
 SHELL GROUP         3 VECTORIZATION CODE =    0
 SHELL GROUP         4 VECTORIZATION CODE =    0
 SHELL GROUP         5 VECTORIZATION CODE =    0
 SHELL GROUP         6 VECTORIZATION CODE =    0
 SHELL GROUP         7 VECTORIZATION CODE =    0
 SHELL GROUP         8 VECTORIZATION CODE =    0
 SHELL GROUP         9 VECTORIZATION CODE =    0
 SHELL GROUP        10 VECTORIZATION CODE =    0
 SHELL GROUP        11 VECTORIZATION CODE =    0
 SHELL GROUP        12 VECTORIZATION CODE =    0
 SHELL GROUP        13 VECTORIZATION CODE =    0
 SHELL GROUP        14 VECTORIZATION CODE =    0
 SHELL GROUP        15 VECTORIZATION CODE =    0
 SHELL GROUP        16 VECTORIZATION CODE =    0
 SHELL GROUP        17 VECTORIZATION CODE =    0
 SHELL GROUP        18 VECTORIZATION CODE =    0
 SHELL GROUP        19 VECTORIZATION CODE =    0
 SHELL GROUP        20 VECTORIZATION CODE =    0
 SHELL GROUP        21 VECTORIZATION CODE =    0
 SHELL GROUP        22 VECTORIZATION CODE =    0
 SHELL GROUP        23 VECTORIZATION CODE =    0
 SHELL GROUP        24 VECTORIZATION CODE =    0
 SHELL GROUP        25 VECTORIZATION CODE =    0
 SHELL GROUP        26 VECTORIZATION CODE =    0
 SHELL GROUP        27 VECTORIZATION CODE =    0
 SHELL GROUP        28 VECTORIZATION CODE =    0
 SHELL GROUP        29 VECTORIZATION CODE =    0
 SHELL GROUP        30 VECTORIZATION CODE =    0


PART MASS & INERTIA
-------------------


PART :        101, Part_101
            Mass             Ixx             Iyy             Izz             Ixy             Iyz             Izx
  2.48707590E-02  4.30422966E+01  3.35197216E+01  7.63178794E+01 -5.54001289E-13  1.28369537E-16  1.14491749E-16
               X               Y               Z     Kin. Energy              Vx              Vy              Vz
  1.25549134E-15  7.67244709E-16  2.00000000E+00  0.00000000E+00  0.00000000E+00  0.00000000E+00  0.00000000E+00

PART :        102, Part_102
            Mass             Ixx             Iyy             Izz             Ixy             Iyz             Izx
  2.57629460E-02  4.45868483E+01  3.47226707E+01  7.90561238E+01 -3.06421555E-13 -4.09394740E-16  6.93889390E-18
               X               Y               Z     Kin. Energy              Vx              Vy              Vz
 -1.34668099E-16 -2.55869387E-15  6.00000000E+00  0.00000000E+00  0.00000000E+00  0.00000000E+00  0.00000000E+00

PART :        103, Part_103
            Mass             Ixx             Iyy             Izz             Ixy             Iyz             Izx
  2.66551330E-02  4.61314528E+01  3.59256725E+01  8.17944209E+01 -1.08380435E-32  8.32667268E-16 -2.08166817E-16
               X               Y               Z     Kin. Energy              Vx              Vy              Vz
 -7.80963341E-16  5.20642227E-16  1.00000000E+01  0.00000000E+00  0.00000000E+00  0.00000000E+00  0.00000000E+00

PART :        104, Part_104
            Mass             Ixx             Iyy             Izz             Ixy             Iyz             Izx
  2.75473200E-02  4.76761117E+01  3.71287288E+01  8.45327725E+01 -1.11022302E-16  1.11022302E-16  7.21644966E-16
               X               Y               Z     Kin. Energy              Vx              Vy              Vz
  3.02267977E-15  5.03779961E-16  1.40000000E+01  0.00000000E+00  0.00000000E+00  0.00000000E+00  0.00000000E+00

PART :        105, Part_105
            Mass             Ixx             Iyy             Izz             Ixy             Iyz             Izx
  2.84395070E-02  4.92208270E+01  3.83318414E+01  8.72711805E+01  2.33146835E-15  2.46330734E-16 -5.41233725E-16
               X               Y               Z     Kin. Energy              Vx              Vy              Vz
 -1.21993920E-15 -1.03694832E-15  1.80000000E+01  0.00000000E+00  0.00000000E+00  0.00000000E+00  0.00000000E+00

PART :        106, Part_106
            Mass             Ixx             Iyy             Izz             Ixy             Iyz             Izx
  2.93316940E-02  5.07656005E+01  3.95350122E+01  9.00096467E+01  5.55111512E-16  3.42781359E-15  4.82253126E-16
               X               Y               Z     Kin. Energy              Vx              Vy              Vz
  5.91416055E-17  2.36566422E-16  2.20000000E+01  0.00000000E+00  0.00000000E+00  0.00000000E+00  0.00000000E+00

PART :        107, Part_107
            Mass             Ixx             Iyy             Izz             Ixy             Iyz             Izx
  3.04505546E-02  5.27029320E+01  4.10439517E+01  9.34439464E+01  4.10782519E-15  9.02056208E-17 -2.41820453E-15
               X               Y               Z     Kin. Energy              Vx              Vy              Vz
  1.70905604E-16 -7.97559487E-16  2.60000000E+01  0.00000000E+00  0.00000000E+00  0.00000000E+00  0.00000000E+00

PART :        108, Part_108
            Mass             Ixx             Iyy             Izz             Ixy             Iyz             Izx
  3.24756907E-02  5.62097510E+01  4.37753818E+01  9.96602761E+01  1.44328993E-15  9.85322934E-16  1.17961196E-15
               X               Y               Z     Kin. Energy              Vx              Vy              Vz
 -2.13664244E-16  2.13664244E-16  3.00000000E+01  0.00000000E+00  0.00000000E+00  0.00000000E+00  0.00000000E+00

PART :        109, Part_109
            Mass             Ixx             Iyy             Izz             Ixy             Iyz             Izx
  3.45008269E-02  5.97169124E+01  4.65071542E+01  1.05876948E+02 -1.22124533E-15 -2.63677968E-16 -3.46944695E-17
               X               Y               Z     Kin. Energy              Vx              Vy              Vz
  1.10617396E-15 -6.03367617E-16  3.40000000E+01  0.00000000E+00  0.00000000E+00  0.00000000E+00  0.00000000E+00

PART :        110, Part_110
            Mass             Ixx             Iyy             Izz             Ixy             Iyz             Izx
  3.65259631E-02  6.32244373E+01  4.92392902E+01  1.12093984E+02  3.33066907E-15  1.51961776E-15 -6.03683770E-16
               X               Y               Z     Kin. Energy              Vx              Vy              Vz
 -1.23481509E-15 -6.64900433E-16  3.80000000E+01  0.00000000E+00  0.00000000E+00  0.00000000E+00  0.00000000E+00

PART :        111, Part_111
            Mass             Ixx             Iyy             Izz             Ixy             Iyz             Izx
  3.85512387E-02  6.67325887E+01  5.19719994E+01  1.18311832E+02  1.11022302E-15  2.91433544E-15  7.63278329E-16
               X               Y               Z     Kin. Energy              Vx              Vy              Vz
  5.39974392E-16 -1.07994878E-15  4.20000000E+01  0.00000000E+00  0.00000000E+00  0.00000000E+00  0.00000000E+00

PART :        112, Part_112
            Mass             Ixx             Iyy             Izz             Ixy             Iyz             Izx
  4.05763749E-02  7.02409049E+01  5.47049266E+01  1.24529659E+02  2.88657986E-15  3.82333054E-15 -1.46410661E-15
               X               Y               Z     Kin. Energy              Vx              Vy              Vz
 -4.27520566E-16  1.45356992E-15  4.60000000E+01  0.00000000E+00  0.00000000E+00  0.00000000E+00  0.00000000E+00

PART :        113, Part_113
            Mass             Ixx             Iyy             Izz             Ixy             Iyz             Izx
  4.00675103E-02  6.93593159E+01  5.40181729E+01  1.22967240E+02  4.44089210E-16  7.36216643E-15 -2.22738494E-15
               X               Y               Z     Kin. Energy              Vx              Vy              Vz
 -7.79310278E-16  3.89655139E-15  5.00000000E+01  0.00000000E+00  0.00000000E+00  0.00000000E+00  0.00000000E+00

PART :        114, Part_114
            Mass             Ixx             Iyy             Izz             Ixy             Iyz             Izx
  3.57576444E-02  6.18936694E+01  4.82026980E+01  1.09735251E+02 -2.99760217E-15 -4.62130334E-15 -5.68989300E-16
               X               Y               Z     Kin. Energy              Vx              Vy              Vz
  9.70267199E-16 -1.35837408E-15  5.40000000E+01  0.00000000E+00  0.00000000E+00  0.00000000E+00  0.00000000E+00

PART :        115, Part_115
            Mass             Ixx             Iyy             Izz             Ixy             Iyz             Izx
  3.14477786E-02  5.44297296E+01  4.23889298E+01  9.65049699E+01 -4.88498131E-15 -2.79637424E-15  5.07233144E-15
               X               Y               Z     Kin. Energy              Vx              Vy              Vz
  2.53745363E-15  1.10324071E-16  5.80000000E+01  0.00000000E+00  0.00000000E+00  0.00000000E+00  0.00000000E+00

PART :        116, Part_116
            Mass             Ixx             Iyy             Izz             Ixy             Iyz             Izx
  2.71379127E-02  4.69672909E+01  3.65766627E+01  8.32761894E+01 -2.66453526E-15  7.88952237E-15 -1.90819582E-16
               X               Y               Z     Kin. Energy              Vx              Vy              Vz
 -5.75302582E-16  1.91767527E-15  6.20000000E+01  0.00000000E+00  0.00000000E+00  0.00000000E+00  0.00000000E+00

PART :        117, Part_117
            Mass             Ixx             Iyy             Izz             Ixy             Iyz             Izx
  2.28280469E-02  3.95061475E+01  3.07656910E+01  7.00487041E+01  1.33226763E-15 -5.12784259E-15  1.48839274E-15
               X               Y               Z     Kin. Energy              Vx              Vy              Vz
  9.87881499E-16 -4.55945307E-16  6.60000000E+01  0.00000000E+00  0.00000000E+00  0.00000000E+00  0.00000000E+00

PART :        118, Part_118
            Mass             Ixx             Iyy             Izz             Ixy             Iyz             Izx
  1.85181811E-02  3.20460937E+01  2.49558088E+01  5.68223085E+01 -1.44328993E-15 -5.81826254E-15 -3.70189990E-15
               X               Y               Z     Kin. Energy              Vx              Vy              Vz
 -2.34191937E-15  1.59250517E-15  7.00000000E+01  0.00000000E+00  0.00000000E+00  0.00000000E+00  0.00000000E+00

PART :        119, Part_119
            Mass             Ixx             Iyy             Izz             Ixy             Iyz             Izx
  1.66524836E-02  2.88169978E+01  2.24410555E+01  5.10970213E+01 -2.77555756E-16  1.45022883E-15  1.01654796E-15
               X               Y               Z     Kin. Energy              Vx              Vy              Vz
  1.04172058E-16 -6.25032346E-16  7.40000000E+01  0.00000000E+00  0.00000000E+00  0.00000000E+00  0.00000000E+00

PART :        120, Part_120
            Mass             Ixx             Iyy             Izz             Ixy             Iyz             Izx
  1.64164641E-02  2.84085130E+01  2.21229385E+01  5.03727567E+01 -1.95454763E-13 -1.25940924E-15  3.85108612E-16
               X               Y               Z     Kin. Energy              Vx              Vy              Vz
 -7.39688173E-16  3.17009217E-16  7.80000000E+01  0.00000000E+00  0.00000000E+00  0.00000000E+00  0.00000000E+00

PART :        121, Part_121
            Mass             Ixx             Iyy             Izz             Ixy             Iyz             Izx
  1.61803052E-02  2.79997892E+01  2.18046357E+01  4.96480664E+01 -3.61377595E-13  7.87564458E-16 -2.90739655E-15
               X               Y               Z     Kin. Energy              Vx              Vy              Vz
  1.07212037E-15 -2.25145278E-15  8.20000000E+01  0.00000000E+00  0.00000000E+00  0.00000000E+00  0.00000000E+00

PART :        122, Part_122
            Mass             Ixx             Iyy             Izz             Ixy             Iyz             Izx
  1.59442857E-02  2.75913091E+01  2.14865233E+01  4.89238064E+01 -4.94881913E-13 -3.46597751E-15 -9.66240976E-16
               X               Y               Z     Kin. Energy              Vx              Vy              Vz
 -3.80796749E-16  1.19678978E-15  8.60000000E+01  0.00000000E+00  0.00000000E+00  0.00000000E+00  0.00000000E+00

PART :        123, Part_123
            Mass             Ixx             Iyy             Izz             Ixy             Iyz             Izx
  1.88291923E-02  3.25654081E+01  2.53518467E+01  5.77295714E+01 -2.20559680E-02  8.46545056E-16  2.17187379E-15
               X               Y               Z     Kin. Energy              Vx              Vy              Vz
 -5.52776809E-16  3.68517873E-16  9.00000000E+01  0.00000000E+00  0.00000000E+00  0.00000000E+00  0.00000000E+00

PART :        124, Part_124
            Mass             Ixx             Iyy             Izz             Ixy             Iyz             Izx
  1.59015973E-02  2.76918370E+01  2.15506858E+01  4.90882409E+01 -3.71834421E-02 -1.34267597E-15  4.98906472E-15
               X               Y               Z     Kin. Energy              Vx              Vy              Vz
  3.70909898E-15 -1.41818490E-15  9.40000000E+01  0.00000000E+00  0.00000000E+00  0.00000000E+00  0.00000000E+00

PART :        125, Part_125
            Mass             Ixx             Iyy             Izz             Ixy             Iyz             Izx
  1.52849907E-02  2.66179283E+01  2.07149087E+01  4.71846568E+01 -3.57416023E-02  3.52148866E-15  1.39818712E-15
               X               Y               Z     Kin. Energy              Vx              Vy              Vz
  3.40475865E-16  7.94443686E-16  9.80000000E+01  0.00000000E+00  0.00000000E+00  0.00000000E+00  0.00000000E+00

PART :        126, Part_126
            Mass             Ixx             Iyy             Izz             Ixy             Iyz             Izx
  1.69987761E-02  2.93993399E+01  2.28870205E+01  5.21172543E+01 -1.99118717E-02 -5.42274559E-15 -1.01828268E-15
               X               Y               Z     Kin. Energy              Vx              Vy              Vz
 -4.59224569E-16 -2.55124761E-15  1.02000000E+02  0.00000000E+00  0.00000000E+00  0.00000000E+00  0.00000000E+00

PART :        127, Part_127
            Mass             Ixx             Iyy             Izz             Ixy             Iyz             Izx
  1.34902135E-02  2.33441624E+01  1.81789976E+01  4.13932584E+01 -4.18665103E-13  3.96904731E-15  2.00707506E-15
               X               Y               Z     Kin. Energy              Vx              Vy              Vz
  1.09302566E-15  3.08619011E-15  1.06000000E+02  0.00000000E+00  0.00000000E+00  0.00000000E+00  0.00000000E+00

PART :        128, Part_128
            Mass             Ixx             Iyy             Izz             Ixy             Iyz             Izx
  1.27993126E-02  2.21484922E+01  1.72478612E+01  3.92732042E+01 -3.42947892E-13 -7.78890841E-16  5.48172618E-16
               X               Y               Z     Kin. Energy              Vx              Vy              Vz
 -1.89745571E-15 -4.74363927E-16  1.10000000E+02  0.00000000E+00  0.00000000E+00  0.00000000E+00  0.00000000E+00

PART :        129, Part_129
            Mass             Ixx             Iyy             Izz             Ixy             Iyz             Izx
  1.21084116E-02  2.09528377E+01  1.63167405E+01  3.71531658E+01 -3.95516953E-13 -8.97892871E-15 -8.67361738E-17
               X               Y               Z     Kin. Energy              Vx              Vy              Vz
 -1.43265981E-16 -4.01144747E-15  1.14000000E+02  0.00000000E+00  0.00000000E+00  0.00000000E+00  0.00000000E+00

PART :        130, Part_130
            Mass             Ixx             Iyy             Izz             Ixy             Iyz             Izx
  1.14175107E-02  1.97571981E+01  1.53856346E+01  3.50331422E+01 -3.08197912E-13  4.52415883E-15 -1.95503336E-15
               X               Y               Z     Kin. Energy              Vx              Vy              Vz
 -3.79838372E-16  1.21548279E-15  1.18000000E+02  0.00000000E+00  0.00000000E+00  0.00000000E+00  0.00000000E+00


PART ELEMENT/MATERIAL PARAMETER REVIEW:
-----------------------

Part id,name:       101 Part_101               Mat type:  44 Elm type: SHELL-4nodes           
----
  Ishell  Ismstr   Idril     NPT    ITHK   IPLAS    IPOS
      24       2       2       3       1       1       0
--      hm        hf        hr        dm        dn
    0.0000    0.0000    0.0000    0.0150    0.0150

Part id,name:       102 Part_102               Mat type:  44 Elm type: SHELL-4nodes           
----
  Ishell  Ismstr   Idril     NPT    ITHK   IPLAS    IPOS
      24       2       2       3       1       1       0
--      hm        hf        hr        dm        dn
    0.0000    0.0000    0.0000    0.0150    0.0150

Part id,name:       103 Part_103               Mat type:  44 Elm type: SHELL-4nodes           
----
  Ishell  Ismstr   Idril     NPT    ITHK   IPLAS    IPOS
      24       2       2       3       1       1       0
--      hm        hf        hr        dm        dn
    0.0000    0.0000    0.0000    0.0150    0.0150

Part id,name:       104 Part_104               Mat type:  44 Elm type: SHELL-4nodes           
----
  Ishell  Ismstr   Idril     NPT    ITHK   IPLAS    IPOS
      24       2       2       3       1       1       0
--      hm        hf        hr        dm        dn
    0.0000    0.0000    0.0000    0.0150    0.0150

Part id,name:       105 Part_105               Mat type:  44 Elm type: SHELL-4nodes           
----
  Ishell  Ismstr   Idril     NPT    ITHK   IPLAS    IPOS
      24       2       2       3       1       1       0
--      hm        hf        hr        dm        dn
    0.0000    0.0000    0.0000    0.0150    0.0150

Part id,name:       106 Part_106               Mat type:  44 Elm type: SHELL-4nodes           
----
  Ishell  Ismstr   Idril     NPT    ITHK   IPLAS    IPOS
      24       2       2       3       1       1       0
--      hm        hf        hr        dm        dn
    0.0000    0.0000    0.0000    0.0150    0.0150

Part id,name:       107 Part_107               Mat type:  44 Elm type: SHELL-4nodes           
----
  Ishell  Ismstr   Idril     NPT    ITHK   IPLAS    IPOS
      24       2       2       3       1       1       0
--      hm        hf        hr        dm        dn
    0.0000    0.0000    0.0000    0.0150    0.0150

Part id,name:       108 Part_108               Mat type:  44 Elm type: SHELL-4nodes           
----
  Ishell  Ismstr   Idril     NPT    ITHK   IPLAS    IPOS
      24       2       2       3       1       1       0
--      hm        hf        hr        dm        dn
    0.0000    0.0000    0.0000    0.0150    0.0150

Part id,name:       109 Part_109               Mat type:  44 Elm type: SHELL-4nodes           
----
  Ishell  Ismstr   Idril     NPT    ITHK   IPLAS    IPOS
      24       2       2       3       1       1       0
--      hm        hf        hr        dm        dn
    0.0000    0.0000    0.0000    0.0150    0.0150

Part id,name:       110 Part_110               Mat type:  44 Elm type: SHELL-4nodes           
----
  Ishell  Ismstr   Idril     NPT    ITHK   IPLAS    IPOS
      24       2       2       3       1       1       0
--      hm        hf        hr        dm        dn
    0.0000    0.0000    0.0000    0.0150    0.0150

Part id,name:       111 Part_111               Mat type:  44 Elm type: SHELL-4nodes           
----
  Ishell  Ismstr   Idril     NPT    ITHK   IPLAS    IPOS
      24       2       2       3       1       1       0
--      hm        hf        hr        dm        dn
    0.0000    0.0000    0.0000    0.0150    0.0150

Part id,name:       112 Part_112               Mat type:  44 Elm type: SHELL-4nodes           
----
  Ishell  Ismstr   Idril     NPT    ITHK   IPLAS    IPOS
      24       2       2       3       1       1       0
--      hm        hf        hr        dm        dn
    0.0000    0.0000    0.0000    0.0150    0.0150

Part id,name:       113 Part_113               Mat type:  44 Elm type: SHELL-4nodes           
----
  Ishell  Ismstr   Idril     NPT    ITHK   IPLAS    IPOS
      24       2       2       3       1       1       0
--      hm        hf        hr        dm        dn
    0.0000    0.0000    0.0000    0.0150    0.0150

Part id,name:       114 Part_114               Mat type:  44 Elm type: SHELL-4nodes           
----
  Ishell  Ismstr   Idril     NPT    ITHK   IPLAS    IPOS
      24       2       2       3       1       1       0
--      hm        hf        hr        dm        dn
    0.0000    0.0000    0.0000    0.0150    0.0150

Part id,name:       115 Part_115               Mat type:  44 Elm type: SHELL-4nodes           
----
  Ishell  Ismstr   Idril     NPT    ITHK   IPLAS    IPOS
      24       2       2       3       1       1       0
--      hm        hf        hr        dm        dn
    0.0000    0.0000    0.0000    0.0150    0.0150

Part id,name:       116 Part_116               Mat type:  44 Elm type: SHELL-4nodes           
----
  Ishell  Ismstr   Idril     NPT    ITHK   IPLAS    IPOS
      24       2       2       3       1       1       0
--      hm        hf        hr        dm        dn
    0.0000    0.0000    0.0000    0.0150    0.0150

Part id,name:       117 Part_117               Mat type:  44 Elm type: SHELL-4nodes           
----
  Ishell  Ismstr   Idril     NPT    ITHK   IPLAS    IPOS
      24       2       2       3       1       1       0
--      hm        hf        hr        dm        dn
    0.0000    0.0000    0.0000    0.0150    0.0150

Part id,name:       118 Part_118               Mat type:  44 Elm type: SHELL-4nodes           
----
  Ishell  Ismstr   Idril     NPT    ITHK   IPLAS    IPOS
      24       2       2       3       1       1       0
--      hm        hf        hr        dm        dn
    0.0000    0.0000    0.0000    0.0150    0.0150

Part id,name:       119 Part_119               Mat type:  44 Elm type: SHELL-4nodes           
----
  Ishell  Ismstr   Idril     NPT    ITHK   IPLAS    IPOS
      24       2       2       3       1       1       0
--      hm        hf        hr        dm        dn
    0.0000    0.0000    0.0000    0.0150    0.0150

Part id,name:       120 Part_120               Mat type:  44 Elm type: SHELL-4nodes           
----
  Ishell  Ismstr   Idril     NPT    ITHK   IPLAS    IPOS
      24       2       2       3       1       1       0
--      hm        hf        hr        dm        dn
    0.0000    0.0000    0.0000    0.0150    0.0150

Part id,name:       121 Part_121               Mat type:  44 Elm type: SHELL-4nodes           
----
  Ishell  Ismstr   Idril     NPT    ITHK   IPLAS    IPOS
      24       2       2       3       1       1       0
--      hm        hf        hr        dm        dn
    0.0000    0.0000    0.0000    0.0150    0.0150

Part id,name:       122 Part_122               Mat type:  44 Elm type: SHELL-4nodes           
----
  Ishell  Ismstr   Idril     NPT    ITHK   IPLAS    IPOS
      24       2       2       3       1       1       0
--      hm        hf        hr        dm        dn
    0.0000    0.0000    0.0000    0.0150    0.0150

Part id,name:       123 Part_123               Mat type:  44 Elm type: SHELL-4nodes           
----
  Ishell  Ismstr   Idril     NPT    ITHK   IPLAS    IPOS
      24       2       2       3       1       1       0
--      hm        hf        hr        dm        dn
    0.0000    0.0000    0.0000    0.0150    0.0150

Part id,name:       124 Part_124               Mat type:  44 Elm type: SHELL-4nodes           
----
  Ishell  Ismstr   Idril     NPT    ITHK   IPLAS    IPOS
      24       2       2       3       1       1       0
--      hm        hf        hr        dm        dn
    0.0000    0.0000    0.0000    0.0150    0.0150

Part id,name:       125 Part_125               Mat type:  44 Elm type: SHELL-4nodes           
----
  Ishell  Ismstr   Idril     NPT    ITHK   IPLAS    IPOS
      24       2       2       3       1       1       0
--      hm        hf        hr        dm        dn
    0.0000    0.0000    0.0000    0.0150    0.0150

Part id,name:       126 Part_126               Mat type:  44 Elm type: SHELL-4nodes           
----
  Ishell  Ismstr   Idril     NPT    ITHK   IPLAS    IPOS
      24       2       2       3       1       1       0
--      hm        hf        hr        dm        dn
    0.0000    0.0000    0.0000    0.0150    0.0150

Part id,name:       127 Part_127               Mat type:  44 Elm type: SHELL-4nodes           
----
  Ishell  Ismstr   Idril     NPT    ITHK   IPLAS    IPOS
      24       2       2       3       1       1       0
--      hm        hf        hr        dm        dn
    0.0000    0.0000    0.0000    0.0150    0.0150

Part id,name:       128 Part_128               Mat type:  44 Elm type: SHELL-4nodes           
----
  Ishell  Ismstr   Idril     NPT    ITHK   IPLAS    IPOS
      24       2       2       3       1       1       0
--      hm        hf        hr        dm        dn
    0.0000    0.0000    0.0000    0.0150    0.0150

Part id,name:       129 Part_129               Mat type:  44 Elm type: SHELL-4nodes           
----
  Ishell  Ismstr   Idril     NPT    ITHK   IPLAS    IPOS
      24       2       2       3       1       1       0
--      hm        hf        hr        dm        dn
    0.0000    0.0000    0.0000    0.0150    0.0150

Part id,name:       130 Part_130               Mat type:  44 Elm type: SHELL-4nodes           
----
  Ishell  Ismstr   Idril     NPT    ITHK   IPLAS    IPOS
      24       2       2       3       1       1       0
--      hm        hf        hr        dm        dn
    0.0000    0.0000    0.0000    0.0150    0.0150



     TOTAL MASS AND MASS CENTER
     --------------------------
                     MASS                    X                    Y                    Z

       250.7334686253     -1.3328674447782E-17 -4.5524359131277E-18   120.7946739695    


     TOTAL INERTIA
     -------------
                      IXX                  IYY                  IZZ                  IXY                  IYZ                  IZX
       5569.910883497       5288.967323447       2251.267477450     -0.1148928840509      8.6685945367135E-15 -2.7778983870530E-13



      ADDED NODAL NON-STRUCTURAL MASSES 
     -----------------------------------

      TOTAL ADDED MASS =   0.000000000000    


 

         SHELL ELEMENTS TIME STEP
         ------------------------

      TIME STEP       ELEMENT NUMBER
  6.6779569673222E-04           3984
  6.6779569673222E-04           3744
  6.6779569673222E-04           4032
  6.6779569673222E-04           3696
  6.6779569673222E-04           4044
  6.6779569673222E-04           3996
  6.6779569673222E-04           3708
  6.6779569673222E-04           3756
  6.6779569673315E-04           3719
  6.6779569673315E-04           3767
  6.6779569673315E-04           4007
  6.6779569673315E-04           4055
  6.6779569673315E-04           3755
  6.6779569673315E-04           4043
  6.6779569673315E-04           3707
  6.6779569673315E-04           3995
  6.8650755760933E-04           1566
  6.8650755760933E-04           2279
  6.8650755760933E-04           2574
  6.8650755760933E-04           1335
  6.8650755760933E-04           1271
  6.8650755760933E-04           2343
  6.8650755760933E-04           2636
  6.8650755760933E-04           1628
  6.8650755760933E-04           1314
  6.8650755760933E-04           1207
  6.8650755760933E-04           2322
  6.8650755760933E-04           2698
  6.8650755760933E-04           1587
  6.8650755760933E-04           2384
  6.8650755760933E-04           2215
  6.8650755760933E-04           1690
  6.8650755760933E-04           2531
  6.8650755760933E-04           1376
  6.8650755760933E-04           1523
  6.8650755760933E-04           2595
  6.8650755760933E-04           1228
  6.8650755760933E-04           1669
  6.8650755760933E-04           2677
  6.8650755760933E-04           2236
  6.8650755760933E-04           1417
  6.8650755760933E-04           2425
  6.8650755760933E-04           2446
  6.8650755760933E-04           2467
  6.8650755760933E-04           2488
  6.8650755760933E-04           1438
  6.8650755760933E-04           1459
  6.8650755760933E-04           1480
  6.8650755760953E-04           1502
  6.8650755760953E-04           2552
  6.8650755760953E-04           1544
  6.8650755760953E-04           1250
  6.8650755760953E-04           1397
  6.8650755760953E-04           2657
  6.8650755760953E-04           2553
  6.8650755760953E-04           2510
  6.8650755760953E-04           1355


         NODAL TIME STEP (estimation)
         ---------------

      TIME STEP       NODE NUMBER
  6.7625755505320E-04        1000034
  6.7625755505320E-04        1000038
  6.7655905283459E-04        1000026
  6.7655905283459E-04        1000030
  6.8650755761225E-04        1001920
  6.8650755761225E-04        1001266
  6.8650755761225E-04        1002146
  6.8650755761225E-04        1001040
  6.8650755761225E-04        1001926
  6.8650755761225E-04        1002140
  6.8650755761225E-04        1001046
  6.8650755761225E-04        1001260
  6.8650755761226E-04        1002153
  6.8650755761226E-04        1001935
  6.8650755761226E-04        1001273
  6.8650755761226E-04        1001055
  6.8650755761226E-04        1002155
  6.8650755761226E-04        1001933
  6.8650755761226E-04        1001053
  6.8650755761226E-04        1001275
  6.8650755761242E-04        1001936
  6.8650755761242E-04        1001932
  6.8650755761242E-04        1001052
  6.8650755761242E-04        1001272
  6.8650755761242E-04        1002152
  6.8650755761242E-04        1001056
  6.8650755761242E-04        1001276
  6.8650755761242E-04        1002156
  6.8650755761243E-04        1001259
  6.8650755761243E-04        1002139
  6.8650755761243E-04        1001267
  6.8650755761243E-04        1001039
  6.8650755761243E-04        1001919
  6.8650755761243E-04        1002147
  6.8650755761243E-04        1001927
  6.8650755761243E-04        1001047
  6.8650755761260E-04        1000258
  6.8650755761260E-04        1000214
  6.8650755761260E-04        1000225
  6.8650755761260E-04        1000269
  6.8650755761269E-04        1000257
  6.8650755761269E-04        1000213
  6.8650755761269E-04        1000224
  6.8650755761269E-04        1000268
  6.8650755761274E-04        1000345
  6.8650755761274E-04        1000301
  6.8650755761274E-04        1000312
  6.8650755761274E-04        1000356
  6.8650755761278E-04        1000433
  6.8650755761278E-04        1000389
  6.8650755761278E-04        1000125
  6.8650755761278E-04        1000169
  6.8650755761392E-04        1000346
  6.8650755761392E-04        1000302
  6.8650755761392E-04        1000357
  6.8650755761392E-04        1000313
  6.8650755761496E-04        1001037
  6.8650755761496E-04        1001257
  6.8650755761496E-04        1000499
  6.8650755761496E-04        1001917
  6.8650755761496E-04        1001247
  6.8650755761496E-04        1002137
  6.8650755761496E-04        1002127
  6.8650755761496E-04        1001907
  6.8650755761496E-04        1001027
  6.8650755761496E-04        1000579
  6.8650755761498E-04        1002154
  6.8650755761498E-04        1001054
  6.8650755761498E-04        1001274
  6.8650755761498E-04        1001934
  6.8650755761502E-04        1001036
  6.8650755761502E-04        1001908
  6.8650755761502E-04        1001256
  6.8650755761502E-04        1001028
  6.8650755761502E-04        1002128
  6.8650755761502E-04        1002136
  6.8650755761502E-04        1001248
  6.8650755761502E-04        1001916
  6.8650755761503E-04        1001261
  6.8650755761503E-04        1002145
  6.8650755761503E-04        1001045
  6.8650755761503E-04        1001041
  6.8650755761503E-04        1001265
  6.8650755761503E-04        1001925
  6.8650755761503E-04        1001921
  6.8650755761503E-04        1002141
  6.8650755761516E-04        1000270
  6.8650755761516E-04        1000215
  6.8650755761516E-04        1000226
  6.8650755761516E-04        1000259
  6.8650755761525E-04        1000170
  6.8650755761525E-04        1000126
  6.8650755761525E-04        1000434
  6.8650755761525E-04        1000390
  6.8650755761531E-04        1001945
  6.8650755761531E-04        1002165
  6.8650755761531E-04        1001065
  6.8650755761531E-04        1001285
  6.8650755761533E-04        1001038
  6.8650755761533E-04        1001258


         NODAL TIME STEP DISTRIBUTION 
         ----------------------------


            % OF NODES
                   ^
                   |                                                            
          41.384 --|                 #                                          
                   |                 #                                          
                   |                 #                                          
                   |                 #                                          
                   |                 #                                      #   
                   |                 #                                      #   
                   |                 #                                      #   
                   |                 #                                      #   
                   |                 #                                      #   
                   |                 #                                      #   
                   |                 #                                      #   
                   |                 #                                      #   
                   |                 #                                      #   
                   |                 #                                      #   
                   |                 #                                      #   
                   |                 #                                      #   
                   |                 #                                      #   
                   |                 #                                      #   
                   |                 #                                      #   
                   |                 #                                      #   
                   |                 #                                      #   
                   |                 #                                      #   
           0.000 --|#  #   #  #  #   #  #  #  #   #  #  #  #   #  #  #   #  # # 
                    -------------------------------------------------------------> NODAL TIME STEP
                    |                                                          |
                6.763E-04                                                  7.093E-04
  
  


     INITIAL ADDED MASS ESTIMATION for /DT/NODA/CST
     ----------------------------------------------


            DM/M - at first cycle - scaling factor = 0.9
                   ^
                   |                                                            
           0.100 --|                                                          * 
                   |                                                            
                   |                                                       *    
                   |                                                     *      
                   |                                                   *        
                   |                                                 *          
                   |                                                            
                   |                                               *            
                   |                                             *              
                   |                                          *                 
                   |                                        *                   
                   |                                     *                      
                   |                                                            
                   |                                  *                         
                   |                                *                           
                   |                             *                              
                   |                         *                                  
                   |                      *                                     
                   |                                                            
                   |                  *                                         
                   |              *                                             
                   |          *                                                 
           0.005 --|*    *                                                      
                    -------------------------------------------------------------> TARGET TIME STEP
                    |                                                          |
                1.039E-03                                                  3.744E-03
  
  
              DM/M at first cycle          |  Target time step - scaling factor = 0.9  |  Target time step - scaling factor = 0.67
    -------------------------------------  |  ---------------------------------------  |  ---------------------------------------
                 1.000E-02                 |                 1.327E-03                 |                 9.877E-04
                 2.000E-02                 |                 1.767E-03                 |                 1.315E-03
                 3.000E-02                 |                 2.118E-03                 |                 1.576E-03
                 4.000E-02                 |                 2.418E-03                 |                 1.800E-03
                 5.000E-02                 |                 2.685E-03                 |                 1.999E-03


    WARNING : These added mass estimations are valid at first cycle only.
    Because of element deformation or contacts the added mass can increase during the run



WARNING ID :    312
** INCOMPATIBLE KINEMATIC CONDITIONS IN MODEL
DESCRIPTION :  
    3072 INCOMPATIBLE KINEMATIC CONDITIONS IN MODEL
                                             
                                             
 SUMMARY OF POSSIBLE INCOMPATIBLE KINEMATIC CONDITIONS :
 -----------------------------------------------------
                                  
 - POSSIBLE INCOMPATIBLE KINEMATIC CONDITIONS BETWEEN
     SEVERAL RIGID WALLS
                                             
                                             
 - POSSIBLE INCOMPATIBLE KINEMATIC CONDITIONS BETWEEN:
     BOUNDARY CONDITION
     RIGID WALL
                                             
                                             

 
    STARTER STORAGE 
    --------------- 
 
    STARTER MEMORY USAGE        198 MB


     LOCAL ENGINE STORAGE EVALUATION FOR SPMD PROCESSOR     1
     --------------------------------------------------------
        RESTART FILE SIZE         5 MB
 

     RESTART FILES combine_0000 WRITTEN
     -------------

  
------------------------------------------------------------------------
  
                   ** COMPUTE TIME INFORMATION **
  
 EXECUTION STARTED      :      2026/01/12  00:08:29
 EXECUTION COMPLETED    :      2026/01/12  00:08:30
  
 ELAPSED TIME...........=          1.06 s
                               00:00:01
  
------------------------------------------------------------------------



     TERMINATION WITH WARNING           
     ------------------                                                                  


------------------------------------------------------------------------------------------------------------------------
|            ERROR(S) SUMMARY                               |             WARNING(S) SUMMARY                           |
------------------------------------------------------------------------------------------------------------------------
|                                                           |                                                          |
|                                                           |  --- GLOBAL UNITS                           2 WARNING(S) |
|                                                           |       |                                                  |
|                                                           |       |                                                  |
|                                                           |       |---     2 WARNING ID :       100214               |
|                                                           |       | ** WARNING IN INPUT OPTIONS                      |
|                                                           |       |                                                  |
|                                                           |                                                          |
|                                                           |                                                          |
|                                                           |  --- KINEMATIC CONDITIONS                   1 WARNING(S) |
|                                                           |       |                                                  |
|                                                           |       |                                                  |
|                                                           |       |---     1 WARNING ID :          312               |
|                                                           |       | ** INCOMPATIBLE KINEMATIC CONDITIONS IN MODEL    |
|                                                           |       |                                                  |
|                                                           |                                                          |
|                                                           |                                                          |
------------------------------------------------------------------------------------------------------------------------




              0 ERROR(S)            
              3 WARNING(S)          


