/*--------------------------------*- C++ -*----------------------------------*\
| =========                 |                                                 |
| \\      /  F ield         | OpenFOAM: The Open Source CFD Toolbox           |
|  \\    /   O peration     | Version:  dev                                   |
|   \\  /    A nd           | Web:      www.OpenFOAM.org                      |
|    \\/     M anipulation  |                                                 |
\*---------------------------------------------------------------------------*/
FoamFile
{
    version     2.0;
    format      ascii;
    class       vectorField;
    location    "constant/polyMesh";
    object      points;
}
// * * * * * * * * * * * * * * * * * * * * * * * * * * * * * * * * * * * * * //


5148
(
(7.90939 8.41138e-17 0.5)
(7.88671 0.401148 0.499881)
(7.88003 0.79538 0.499859)
(7.88029 0.6 0.499751)
(7.87722 1.0045 0.499951)
(7.87628 1.50013 0.49985)
(7.87622 1.36893 0.499933)
(7.4415 1.50064 0.500029)
(7.65785 1.50016 0.499938)
(7.65729 1.36891 0.500091)
(7.43866 1.36882 0.500346)
(7.02551 -3.06016e-17 0.499805)
(7.06625 0.185203 0.499975)
(7.28547 0.187356 0.499997)
(7.3 8.41171e-17 0.5)
(7.03079 0.783277 0.499921)
(7.02065 1.16703 0.498983)
(7.48037 1.2 0.5)
(7.44103 1.00409 0.500347)
(7.45132 0.793953 0.499885)
(7.2418 0.789076 0.499944)
(7.3 0.6 0.5)
(7.03132 0.593832 0.499993)
(7.54502 8.41171e-17 0.5)
(7.49411 0.187439 0.499975)
(7.46274 0.402982 0.499838)
(7.66951 0.407329 0.499844)
(7.66527 0.6 0.49978)
(7.6645 0.795113 0.49987)
(7.65899 1.00439 0.500099)
(6.63256 -3.05609e-17 0.49904)
(6.63119 0.371572 0.500516)
(7.04731 0.390347 0.500077)
(6.62716 0.760427 0.500987)
(7.2541 0.400297 0.499982)
(7.45276 0.6 0.499682)
(7.657 1.2 0.500162)
(7.02085 1.50383 0.499065)
(7.87618 1.2 0.500042)
(7.87625 3 0.5)
(7.87988 2.59886 0.499942)
(7.88018 2.4 0.499988)
(7.87986 2.20463 0.499912)
(7.87602 1.63116 0.499866)
(7.87573 1.8 0.49991)
(7.87697 1.99551 0.499883)
(7.01746 2.22692 0.499744)
(7.23898 2.21292 0.499882)
(7.45031 2.20649 0.499772)
(7.44083 1.996 0.500307)
(7.48037 1.8 0.5)
(7.01481 1.84098 0.498819)
(7.01966 2.40933 0.499921)
(7.3 2.4 0.5)
(7 3 0.5)
(7.219 3 0.5)
(7.22301 2.81236 0.499979)
(7.005 2.81266 0.499991)
(7.66507 2.59271 0.499808)
(7.44964 2.59719 0.49973)
(7.44123 2.81253 0.499949)
(7.48491 3 0.5)
(7.66526 2.4 0.499742)
(7.45177 2.4 0.499469)
(7.23508 2.6004 0.499932)
(7.01089 2.61325 0.499958)
(7.66425 2.20498 0.499826)
(7.43866 1.63143 0.50033)
(7.65894 1.99563 0.500015)
(7.65729 1.8 0.500001)
(7.65733 1.6312 0.500016)
(6.75638 2.83759 0.5)
(6.86746 2.91164 0.5)
(6.5688 2.29633 0.500231)
(6.55485 2.48149 0.500069)
(6.52041 2.68028 0.50001)
(6.7842 2.63002 0.49999)
(6.63143 2.75429 0.500001)
(6.62564 1.13635 0.500604)
(6.62237 1.50922 0.500071)
(6.1053 2.40354 0.506562)
(6.34469 2.33434 0.501787)
(6.60581 1.89229 0.499731)
(6.20638 1.90695 0.500925)
(6.18626 2.13293 0.503308)
(6.29729 2.53154 0.50033)
(6.40012 2.60008 0.500063)
(6.19148 2.46099 0.501522)
(5.27049 0.749478 -1.18852)
(5.27266 0.366046 -1.18834)
(5.24367 0.368948 -1.62151)
(5.22419 0.74155 -1.63277)
(5.24527 1.13289 -1.60955)
(5.26336 1.13756 -1.17909)
(5.2735 5.61692e-07 -1.18508)
(5.28266 1.04362e-07 -1.58688)
(5.24067 0.178054 -1.61769)
(5.21413 1.52996 -1.60795)
(5.21951 1.32978 -1.61156)
(4.99626 1.32243 -1.61308)
(5.00489 1.49821 -1.61264)
(4.99742 1.13798 -1.61199)
(4.77561 1.14372 -1.60576)
(4.77819 1.32296 -1.60929)
(4.76337 1.50892 -1.61182)
(5.22921 1.53589 -1.17561)
(5.22198 1.53482 -1.3897)
(4.65369 0.662898 -1.76264)
(4.75919 0.943373 -1.62356)
(4.99492 0.180686 -1.62763)
(4.95921 0.379457 -1.65649)
(5.00435 4.18716e-08 -1.62422)
(4.6505 0.455382 -1.75892)
(4.76516 0.180792 -1.62896)
(4.79555 1.44188e-07 -1.60077)
(4.64402 0.558338 -1.75135)
(4.71473 0.951285 -1.83385)
(4.73066 1.13155 -1.85243)
(4.5414 0.169191 -1.63164)
(4.55622 0.36595 -1.64892)
(4.54021 9.98228e-17 -1.63025)
(4.71367 0.769786 -1.83261)
(5.00857 1.67238 -1.61246)
(5.15858 1.77239 -1.60614)
(4.73028 1.34128 -1.85199)
(4.7274 1.48493 -1.84862)
(5.16605 1.77737 -1.38771)
(5.1699 1.77993 -1.17375)
(6.21546 0.751176 -1.16891)
(6 0.750672 -1.16749)
(6 0.934189 -1.16859)
(6.21764 0.935626 -1.16854)
(6.24731 7.23705e-17 -1.18199)
(6 0.0039767 -1.20149)
(6 0.17748 -1.17663)
(6.21035 0.17863 -1.17702)
(6.21712 0.556972 -1.17548)
(6 0.54966 -1.18193)
(6.21349 0.369026 -1.17362)
(6.62099 0.371549 -1.17289)
(6.61705 7.19504e-17 -1.17502)
(6.62502 0.760698 -1.17027)
(5.77301 0.750034 -1.17084)
(5.77735 0.935408 -1.16918)
(6.21578 1.12431 -1.16769)
(6 1.12223 -1.16675)
(5.77177 1.12439 -1.16878)
(6.62757 1.13807 -1.16939)
(5.7061 7.25602e-17 -1.18514)
(5.76748 0.17859 -1.17868)
(6 0.367792 -1.17346)
(5.77082 0.368458 -1.17558)
(5.7771 0.556624 -1.17631)
(6.21501 1.50603 -1.17)
(6.21751 1.31476 -1.16853)
(6 1.31851 -1.16605)
(6 1.50479 -1.17032)
(6.62456 1.50928 -1.16977)
(5.76082 1.51059 -1.17084)
(5.77421 1.31586 -1.16897)
(5.47807 1.53004 -1.17361)
(5.45815 1.72968 -1.17232)
(5.74844 1.70785 -1.17026)
(6.21536 1.70221 -1.16927)
(6.20659 1.90679 -1.16702)
(6.60826 1.89227 -1.1689)
(6 1.6993 -1.16915)
(6 1.90049 -1.16623)
(5.73085 1.90591 -1.16824)
(5.41681 1.94454 -1.17066)
(5.28435 1.85623 -1.17215)
(6 1.89922 -0.95861)
(6.20923 1.90729 -0.958701)
(5.73111 1.90582 -0.959513)
(5.41743 1.94496 -0.961067)
(6.63226 -5.20417e-18 0.0849758)
(6.6309 0.370748 0.0836821)
(6.62698 0.759164 0.0822941)
(6.62721 0.371472 -0.754143)
(6.62729 4.62548e-17 -0.755415)
(6.62995 0.371038 -0.334384)
(6.6311 2.04237e-17 -0.333545)
(6.62671 0.759025 -0.334722)
(6.62646 0.760084 -0.752889)
(6.62547 1.13734 0.0827219)
(6.62217 1.50935 0.0828684)
(6.62391 1.50821 -0.752199)
(6.62233 1.5076 -0.335179)
(6.62545 1.13651 -0.334515)
(6.62722 1.13683 -0.752382)
(6.60573 1.88902 -0.335072)
(6.20648 1.89373 -0.336465)
(6.20933 1.90055 -0.130234)
(6.2064 1.90525 0.0799829)
(6.60568 1.89178 0.0816401)
(6.18683 2.11615 -0.336098)
(6.18786 2.12456 -0.134929)
(6 1.87752 -0.335775)
(6 2.06626 -0.333534)
(6.18773 2.1325 0.291854)
(6.10463 2.40308 0.292833)
(6.20921 1.90879 0.291484)
(6.10538 2.40359 0.0753217)
(6.18638 2.1309 0.0768072)
(6.10411 2.40274 -0.138017)
(6.10573 2.40382 -0.334976)
(6 2.33333 -0.32007)
(5.83104 2.2207 -0.335301)
(5.69046 2.12698 -0.33631)
(5.73124 1.8999 -0.336136)
(6.60757 1.89144 -0.751524)
(6.20652 1.90451 -0.750556)
(6.20927 1.90036 -0.544358)
(6 1.89093 -0.544811)
(6 1.89785 -0.750312)
(5.73122 1.90513 -0.751052)
(5.73127 1.90297 -0.544083)
(5.41766 1.94511 -0.75219)
(5.41774 1.94516 -0.543741)
(5.41775 1.94517 -0.33533)
(5.54379 2.0292 -0.335762)
(6.63112 0.371286 1.33649)
(6.63241 -8.19657e-17 1.33859)
(6.62778 0.760488 1.33455)
(6.6326 -5.62836e-17 0.919162)
(6.63124 0.370928 0.918867)
(6.6274 0.758872 0.917983)
(4.3513 0.368652 0.934547)
(4.34517 0.561888 0.930155)
(4.34281 0.757693 0.932448)
(4.79735 0.753466 0.93308)
(4.80714 0.366046 0.934917)
(4.81001 0.000263913 0.935343)
(4.37967 0.00164154 0.921789)
(4.35036 0.17817 0.942416)
(5.28206 0.364758 0.928144)
(5.27791 2.5362e-05 0.927648)
(5.28595 0.749201 0.926308)
(5.77206 0.366371 0.92189)
(5.76838 0.177876 0.921834)
(5.70764 -5.65547e-17 0.923701)
(6.21499 0.367019 0.920669)
(6 0.366459 0.920319)
(6 0.549806 0.923273)
(6.2175 0.553558 0.921736)
(6.25253 -5.64327e-17 0.921216)
(6 2.17539e-05 0.923662)
(6 0.176345 0.920231)
(6.21268 0.177898 0.920606)
(5.77461 0.743478 0.92069)
(5.77772 0.553212 0.922194)
(5.77785 0.932787 0.920122)
(6 0.931901 0.919906)
(6 0.741938 0.919433)
(5.26908 1.13779 0.922392)
(5.77245 1.12325 0.918676)
(6.21577 0.744472 0.919778)
(6.21566 1.12297 0.918052)
(6.62624 1.13693 0.916526)
(6.21768 0.932921 0.919799)
(6 1.12148 0.917756)
(4.13715 0.369189 0.933732)
(4.13611 0.56189 0.92992)
(4.14027 0.00142028 0.956448)
(4.14006 0.177285 0.942429)
(3.8925 0.372147 0.992934)
(3.89326 0.173959 0.999169)
(3.9541 0.00096196 0.974078)
(3.88821 0.566265 0.992835)
(6 2.10793 0.505728)
(6 2.33229 0.529147)
(5.83083 2.22055 0.506461)
(5.69044 2.12696 0.50152)
(6 1.89983 0.501307)
(5.73127 1.90619 0.500702)
(5.41776 1.94517 0.500065)
(5.54379 2.02919 0.50033)
(5.73127 1.90505 0.70834)
(5.41775 1.94517 0.708721)
(4.28433 1.18655 0.930393)
(4.55347 1.14602 0.927974)
(4.79212 1.13586 0.926511)
(4.33403 0.955832 0.934433)
(4.77963 1.51975 0.919548)
(4.79895 1.31471 0.922555)
(4.53296 1.35522 0.92393)
(4.65126 1.43417 0.921248)
(4.40121 1.26721 0.928044)
(5.02501 1.50629 0.918827)
(5.23271 1.53761 0.918691)
(5.02584 1.68389 0.918072)
(5.17236 1.78157 0.917768)
(4.89195 1.59463 0.918636)
(5.17255 1.7817 0.70884)
(5.23059 1.5395 0.709218)
(6.21478 1.50617 0.500954)
(6.21528 1.70289 0.500628)
(6 1.50334 0.501122)
(6 1.69986 0.500547)
(5.76148 1.51101 0.500967)
(5.74906 1.70874 0.500534)
(5.45999 1.73083 0.708911)
(5.48027 1.53176 0.709204)
(6.217 1.50523 0.709071)
(6 1.50377 0.708996)
(5.74908 1.70758 0.709012)
(5.48043 1.53085 0.918333)
(5.76145 1.51049 0.709137)
(5.28607 1.85738 0.708774)
(5.76135 1.50938 0.918044)
(6.21485 1.50413 0.917826)
(6 1.50294 0.917727)
(6.62297 1.50836 0.916591)
(5.7745 1.31394 0.917148)
(6.21747 1.31263 0.916977)
(6 1.31343 0.915533)
(4.13868 0.756508 0.9322)
(3.89521 0.768875 0.993486)
(4.14738 0.942582 0.926577)
(4.14932 1.09598 0.92307)
(4.00647 1.02572 0.9175)
(3.90552 0.983787 0.945165)
(5.77157 1.11898 1.335)
(5.26091 1.13643 1.3443)
(6.62772 1.13628 1.33412)
(6.2158 1.11877 1.33388)
(6 1.10851 1.32838)
(5.2684 0.749964 1.3516)
(4.33469 0.559871 1.13098)
(4.09626 0.556852 1.14289)
(4.18365 0.559022 1.27788)
(4.26718 0.561657 1.40123)
(4.3291 0.753924 1.13296)
(4.27511 0.740434 1.41249)
(4.00425 0.55625 1.00872)
(4.53511 0.762122 1.35973)
(4.76857 0.754222 1.36495)
(5.77674 1.12048 1.12813)
(6.21768 1.12019 1.12777)
(6 1.11882 1.12801)
(5.26879 1.75472e-05 1.35098)
(5.26799 0.365956 1.35249)
(5.77027 0.368735 1.33764)
(5.76687 0.177049 1.34038)
(5.70474 -8.25959e-17 1.34889)
(5.77281 0.752366 1.33495)
(5.77697 0.559019 1.33812)
(6.25248 -8.23452e-17 1.34511)
(6 -8.35378e-17 1.36467)
(6 0.173313 1.33214)
(6.21269 0.177051 1.33842)
(6.21497 0.369295 1.33555)
(6 0.372676 1.33215)
(6 0.563646 1.34018)
(6.2175 0.559379 1.33729)
(5.77728 0.938629 1.33763)
(6.2158 0.753455 1.33312)
(6 0.763601 1.32692)
(6.21771 0.938795 1.337)
(6 0.945474 1.33958)
(4.7785 0.369466 1.36585)
(4.77802 0.177938 1.36485)
(4.81601 0.000118047 1.33683)
(4.26756 2.12178e-05 1.39813)
(4.31934 0.00250324 1.16285)
(4.33068 0.177175 1.14924)
(4.27053 0.173181 1.40856)
(4.33293 0.367304 1.13699)
(4.2778 0.386854 1.4176)
(4.10081 0.172749 1.15566)
(4.0044 0.3675 1.00885)
(4.00622 0.0117773 1.01173)
(4.01164 0.178749 1.02794)
(4.09741 0.365941 1.14598)
(4.11488 0.000639705 1.15052)
(4.53597 0.000379883 1.37863)
(4.54123 0.177723 1.36929)
(4.54028 0.367428 1.36573)
(6 0.552194 1.13631)
(6 0.17862 1.1408)
(6 0.931518 1.13862)
(6.20538 -6.96058e-17 1.13672)
(6.21668 0.367546 1.13211)
(5.77785 0.74318 1.13025)
(6.21769 0.743564 1.12968)
(5.77565 0.367314 1.13289)
(5.76478 -6.97142e-17 1.13852)
(5.77842 0.554445 1.13279)
(6 0.367726 1.13418)
(6.21795 0.55466 1.13237)
(6 0.738406 1.13026)
(5.77013 0.178837 1.13632)
(6.2136 0.178845 1.13524)
(6.21817 0.933028 1.13212)
(5.77867 0.932967 1.13243)
(6 -7.00395e-17 1.14417)
(6.6064 1.89024 0.915842)
(6.62412 1.50768 1.3348)
(6.60775 1.89 1.33386)
(5.22937 1.53585 1.33904)
(5.17069 1.78046 1.33688)
(5.45878 1.72941 1.33646)
(5.47854 1.52927 1.33788)
(5.76093 1.50703 1.33759)
(5.7487 1.70382 1.33662)
(5.41731 1.94487 1.3352)
(5.73104 1.90196 1.33376)
(5.77421 1.30947 1.33811)
(6.21496 1.50186 1.3371)
(6.21751 1.30822 1.33775)
(6 1.30569 1.33917)
(6 1.49985 1.33761)
(6 1.69235 1.337)
(6.21531 1.69632 1.33623)
(6.20661 1.89819 1.3326)
(6 1.88829 1.33154)
(6 1.8699 1.12115)
(6.20943 1.89076 1.12405)
(6.20657 1.89885 0.916402)
(6 1.88932 0.916253)
(5.22911 1.53846 1.1281)
(5.17186 1.78124 1.127)
(5.73124 1.90248 0.917051)
(5.41771 1.94515 0.917459)
(5.73116 1.89794 1.12519)
(5.41761 1.94507 1.12627)
(6 1.8969 0.70767)
(6.20923 1.90519 0.707921)
(6 2.33196 1.30342)
(6 2.09541 1.32477)
(5.69036 2.12691 1.33268)
(5.54361 2.02907 1.33442)
(6 2.33333 1.14793)
(6 2.33332 0.916143)
(6 2.09722 0.915177)
(6 2.07113 1.12404)
(6.18672 2.12623 0.915822)
(6.10599 2.40399 0.916634)
(6.10531 2.40354 1.32709)
(6.10484 2.40322 1.1296)
(6.18663 2.12516 1.32891)
(6.18823 2.11606 1.12493)
(4.77629 1.51752 1.13045)
(4.79636 1.31184 1.13446)
(4.64473 1.42982 1.34531)
(4.64851 1.43234 1.13281)
(4.77875 1.1376 1.35186)
(4.76394 0.950866 1.35947)
(4.78281 1.13477 1.13925)
(4.77349 1.51566 1.3431)
(4.79112 1.31167 1.3472)
(4.27504 1.18094 1.15035)
(4.32355 0.949882 1.13958)
(4.39667 1.26417 1.14317)
(4.266 0.95968 1.39913)
(4.25039 1.16687 1.37482)
(4.18318 0.753932 1.27687)
(4.18245 1.11744 1.2731)
(4.18423 0.951021 1.27833)
(4.10955 0.936477 1.15295)
(4.01511 1.02597 1.03826)
(4.00563 0.745 1.01364)
(4.00887 0.93375 1.03774)
(4.09808 0.74693 1.14405)
(4.13185 1.08488 1.13986)
(4.5264 1.3509 1.34917)
(4.5403 1.14896 1.35604)
(4.53588 0.958669 1.35735)
(4.52967 1.35305 1.1366)
(4.54875 1.14221 1.14311)
(5.83117 2.22078 0.916837)
(6 2.10494 0.703762)
(6.10453 2.40302 0.703989)
(5.83097 2.22065 0.70431)
(5.8311 2.22074 1.12923)
(5.69051 2.127 0.917083)
(5.69048 2.12699 1.12632)
(5.69048 2.12698 0.707863)
(6.18777 2.12976 0.70609)
(6 2.33297 0.684514)
(5.5438 2.0292 0.708574)
(5.54376 2.02917 1.12607)
(5.02488 1.68326 1.12774)
(5.02048 1.5035 1.3406)
(5.54381 2.0292 0.917308)
(5.02396 1.50454 1.129)
(4.89038 1.59359 1.12893)
(5.02279 1.68186 1.33849)
(5.47939 1.53017 1.12784)
(5.76123 1.50719 1.12786)
(5.74893 1.70236 1.12861)
(5.74901 1.7051 0.918546)
(6 1.69392 0.919488)
(6.21532 1.69757 0.91847)
(6.2159 1.70122 0.708945)
(5.28598 1.85732 0.917585)
(5.28574 1.85715 1.12655)
(5.45948 1.72973 1.1271)
(6 1.69838 0.708812)
(5.45987 1.73032 0.917888)
(6.21704 1.50133 1.12771)
(6.21595 1.69382 1.12854)
(6 1.30606 1.12444)
(6 1.68887 1.1321)
(6.21801 1.30899 1.12645)
(5.77496 1.31039 1.12662)
(6 1.49973 1.12814)
(4.35624 0.766413 -0.342814)
(4.34167 0.963293 -0.338646)
(4.33987 0.96278 -0.551784)
(4.34938 0.770282 -0.560866)
(4.34544 0.76827 -0.789186)
(4.33168 0.968088 -0.767551)
(4.28935 1.19152 -0.759649)
(4.29079 1.19273 -0.547156)
(4.29378 1.19468 -0.336565)
(4.12891 0.949727 -0.771065)
(4.13315 0.765925 -0.803357)
(4.1471 1.09166 -0.760074)
(4.35041 0.568656 -0.808134)
(4.35523 0.370875 -0.797902)
(4.36903 0.369192 -0.348107)
(4.13797 0.567337 -0.822771)
(4.137 0.372116 -0.822337)
(4.36911 7.08759e-05 -0.344884)
(4.34579 0.177617 -0.791037)
(4.37342 2.84264e-05 -0.753523)
(4.12494 0.17792 -0.808667)
(4.11307 2.99585e-05 -0.797343)
(4.08 0.372597 -1.09319)
(4.06923 0.172257 -1.08077)
(4.03284 6.35783e-17 -1.03832)
(4.08008 0.565227 -1.09272)
(4.07332 0.765062 -1.08196)
(4.13444 1.06887 -0.984426)
(4.02764 0.995709 -1.02818)
(4.36961 0.000444763 0.517735)
(4.36698 0.368823 0.517107)
(4.35448 0.763853 0.511951)
(4.34697 0.763794 0.725399)
(4.33791 0.957509 0.721642)
(4.34001 0.96115 0.507294)
(4.29158 1.19325 0.503014)
(4.2864 1.18964 0.715676)
(4.35348 0.769457 -0.12823)
(4.34322 0.962033 -0.127264)
(4.34262 0.961238 0.29461)
(4.35279 0.768388 0.297552)
(4.37154 0.368903 0.0861357)
(4.35758 0.76587 0.0846002)
(4.37344 0.000132994 0.0864865)
(4.29294 1.1943 -0.126789)
(4.34256 0.96309 0.0834653)
(4.29448 1.19523 0.0826414)
(4.29221 1.1938 0.292308)
(5.02119 1.50399 -1.17691)
(4.77593 1.51729 -1.17801)
(4.79521 1.31312 -1.18133)
(4.79004 1.13777 -1.18184)
(4.7825 0.950007 -1.18902)
(4.78366 0.753304 -1.20162)
(4.78034 1.52023 -0.75433)
(4.77999 1.52 -0.544511)
(4.80317 1.31527 -0.545681)
(4.80112 1.31578 -0.756334)
(4.77759 1.5184 -0.965275)
(4.79948 1.31324 -0.967958)
(4.8043 0.756071 -0.771082)
(4.79693 1.13736 -0.759315)
(4.79478 1.1379 -0.547138)
(4.80074 1.13837 -0.337116)
(4.81248 0.756305 -0.341135)
(4.79022 1.13657 -0.969564)
(4.79356 0.369654 -1.20042)
(4.79721 0.178023 -1.19223)
(4.83108 1.99745e-06 -1.16376)
(4.77482 0.56166 -1.21163)
(4.81252 0.366695 -0.771912)
(4.81332 1.116e-05 -0.76557)
(4.82179 0.365938 -0.341919)
(4.82139 1.91083e-05 -0.339952)
(5.02259 1.68172 -1.17538)
(4.80342 1.31703 -0.335927)
(4.78153 1.52103 -0.335286)
(4.79928 1.13768 0.503281)
(4.79621 1.13831 0.292515)
(4.80413 1.31577 0.291812)
(4.80274 1.31665 0.501403)
(4.79679 1.13861 -0.126871)
(4.80152 1.13859 0.0828642)
(4.81411 0.756111 0.0837647)
(4.80439 1.31593 -0.126561)
(4.81028 0.755375 0.508094)
(4.80386 1.31725 0.0826027)
(4.78171 1.52114 0.0825113)
(4.78046 1.52031 0.291371)
(4.78136 1.52091 0.500366)
(4.78052 1.52035 -0.126337)
(4.8238 3.55673e-05 0.0853164)
(4.82401 0.365726 0.084845)
(4.81997 0.365765 0.510161)
(4.82042 0.000102102 0.509871)
(5.28342 1.06569e-05 0.503718)
(5.28886 0.365262 0.505423)
(5.29269 0.751291 0.504801)
(5.23365 1.53813 0.500443)
(5.02613 1.50701 0.500269)
(5.02636 1.68424 0.500062)
(5.17262 1.78174 0.500031)
(5.27285 1.13783 0.50266)
(4.56353 1.14986 -0.336526)
(4.53828 1.35883 -0.335954)
(4.77012 1.51342 -1.39334)
(4.53309 1.15405 -1.62193)
(4.51765 1.3451 -1.60393)
(4.56005 1.14837 -1.17927)
(4.5613 1.15687 -1.38382)
(4.78163 1.14012 -1.39389)
(4.73969 0.743103 -1.44207)
(4.16185 1.10748 -1.18877)
(4.76975 0.947376 -1.40641)
(4.36071 0.767215 -1.18087)
(4.3476 0.972143 -1.17015)
(4.56627 0.959755 -1.17853)
(4.56992 0.760884 -1.18802)
(4.33613 0.769839 -1.01242)
(4.31583 0.981677 -0.979969)
(4.29522 1.19703 -1.17485)
(4.30793 1.20522 -1.35925)
(4.28489 1.18938 -0.970377)
(4.52342 1.34895 -1.40118)
(4.37148 1.24766 -1.43336)
(4.79018 1.31142 -1.39609)
(4.52884 1.35256 -1.18434)
(4.36745 2.8512e-06 -1.17137)
(4.3674 0.367998 -1.18875)
(4.57568 0.175274 -1.39376)
(4.57072 0.960717 -1.38111)
(4.16989 7.337e-17 -1.19821)
(4.16412 0.367898 -1.19145)
(4.57586 0.369195 -1.19267)
(4.74585 0.377774 -1.44137)
(4.57216 1.35276e-06 -1.19348)
(4.78467 6.22827e-07 -1.40296)
(4.35988 0.174966 -1.18781)
(4.34428 8.58265e-17 -1.40166)
(4.31711 1.54829e-05 -0.996821)
(4.36638 0.565653 -1.18759)
(4.34659 0.363492 -1.40435)
(4.34511 0.371457 -1.02294)
(4.15718 0.767496 -1.18285)
(4.34119 0.76562 -1.39803)
(4.55379 0.752325 -1.64609)
(4.78151 0.180253 -1.40881)
(4.34654 0.167884 -1.4043)
(4.16066 0.170433 -1.18744)
(4.34499 0.562802 -1.40248)
(4.16289 0.56596 -1.1899)
(4.56933 0.368139 -1.40142)
(4.57531 0.178209 -1.18963)
(4.56539 0.757386 -1.39698)
(4.33501 0.974209 -1.39074)
(4.14531 0.969194 -1.16862)
(4.53536 0.956021 -1.62458)
(4.33367 0.177411 -1.0095)
(4.34452 0.567689 -1.02451)
(4.5659 8.58688e-17 -1.4015)
(4.61346 1.40898 -1.7157)
(4.53727 1.35816 -0.545908)
(4.53288 1.35524 -0.96942)
(4.56316 0.561421 -1.40911)
(5.01774 1.6785 -1.39096)
(4.5596 1.1482 -0.758348)
(5.01631 1.50039 -1.39243)
(4.53554 1.35701 -0.756865)
(4.56246 1.14798 -0.546859)
(4.55829 1.14579 -0.969534)
(4.54434 0.558725 -1.63506)
(4.73953 0.560086 -1.45135)
(4.57077 0.563855 -1.19548)
(4.80185 1.31457 0.711518)
(4.77962 1.51974 0.709669)
(4.79192 1.1368 0.713883)
(4.53566 1.35705 0.71216)
(4.53876 1.35915 -0.126575)
(4.53846 1.35894 0.291817)
(4.56187 1.14893 0.502713)
(4.56431 1.15015 0.0826871)
(4.55895 1.14637 0.714379)
(4.53749 1.35828 0.501539)
(4.53882 1.35919 0.082573)
(4.56465 1.14895 -0.126773)
(4.56403 1.14857 0.292307)
(5.02622 1.68415 0.708948)
(5.02623 1.50601 0.70933)
(5.48092 1.53187 0.500489)
(5.46009 1.73107 0.500166)
(5.28609 1.8574 0.500019)
(5.70935 -3.02221e-17 0.493675)
(5.76917 0.176545 0.499321)
(5.77291 0.370748 0.50306)
(5.77805 0.557175 0.501746)
(5.77533 0.752079 0.503955)
(5.77286 1.11826 0.503186)
(5.77463 1.31438 0.501398)
(6 1.31222 0.50068)
(6.21743 1.31315 0.501348)
(5.77808 0.932685 0.500555)
(6.21574 0.753054 0.503566)
(6.21766 0.932797 0.500436)
(6 0.929534 0.498352)
(6 0.766795 0.510384)
(6.25251 -3.01408e-17 0.49237)
(6.21272 0.176564 0.498782)
(6 0.172036 0.504798)
(6 -2.95445e-17 0.482667)
(6.21499 0.371436 0.502457)
(6 0.380727 0.505655)
(6 0.555012 0.500588)
(6.2175 0.55752 0.501541)
(6.21559 1.1179 0.502983)
(6 1.10262 0.50864)
(5.29367 0.750118 -0.337731)
(5.28992 0.364829 -0.337644)
(5.28427 1.48329e-06 -0.336053)
(5.27351 1.13832 -0.336403)
(5.23375 1.53793 -0.335392)
(5.02622 1.50702 -0.335244)
(5.28473 0.365394 -0.762476)
(5.28823 0.750804 -0.761032)
(5.27077 1.13801 -0.756722)
(5.22911 1.53857 -0.963658)
(5.47918 1.53084 -0.962841)
(5.23291 1.5376 -0.753775)
(5.23067 1.5393 -0.544275)
(5.28549 1.85699 -0.961871)
(4.89226 1.59484 -0.753677)
(5.02588 1.68392 -0.753242)
(5.02532 1.50647 -0.753905)
(5.17232 1.78154 -0.752923)
(5.17163 1.78109 -0.962606)
(5.28591 1.85728 -0.752608)
(5.45928 1.73038 -0.962009)
(5.02639 1.50607 -0.544321)
(5.28026 1.23919e-06 -0.761407)
(5.28538 2.77737e-06 0.0859334)
(5.29115 0.364499 0.0845935)
(5.29473 0.750216 0.0827883)
(6.21478 1.50171 -0.337408)
(6.21699 1.50374 -0.126946)
(6 1.50274 -0.127126)
(6 1.50067 -0.339622)
(6.21475 1.50692 0.0843085)
(5.28609 1.8574 -0.335131)
(5.17262 1.78175 -0.33507)
(5.46008 1.73009 -0.335541)
(5.48102 1.53042 -0.335846)
(5.74913 1.70275 -0.337079)
(5.76147 1.50719 -0.337344)
(6.21528 1.69449 -0.337476)
(6 1.68864 -0.338753)
(6.21557 1.12372 0.082625)
(6.21743 1.31563 0.0872068)
(6 0.76642 -0.135798)
(6 0.554161 -0.126989)
(6 0.55621 -0.332748)
(6 0.742035 -0.333158)
(6.21792 0.556953 -0.127381)
(6.21764 0.752903 -0.130272)
(6 0.178685 -0.327674)
(6 0.169785 -0.130989)
(6 6.451e-18 -0.105333)
(6 1.98409e-17 -0.324333)
(6.2135 0.176633 -0.122417)
(6.20525 6.9931e-18 -0.114619)
(6 0.932649 -0.330397)
(6 0.929187 -0.124726)
(6.21814 0.932182 -0.12677)
(6.21796 1.31035 -0.125917)
(6 1.30978 -0.125131)
(6.21493 0.365814 0.0838681)
(6.21747 0.553995 0.0809698)
(6.2157 0.746574 0.0796931)
(6.21663 0.370239 -0.127143)
(6.25242 -5.58364e-18 0.0912414)
(6.21264 0.175479 0.0882444)
(6.21765 0.933549 0.0814851)
(6.21761 1.11584 -0.129169)
(5.77544 0.745516 -0.334894)
(5.77811 0.556415 -0.334077)
(5.77306 0.36766 -0.33434)
(6 0.367522 -0.334236)
(5.70962 2.02204e-17 -0.329958)
(5.76933 0.178387 -0.330718)
(5.77812 0.932797 -0.333595)
(5.77292 1.12093 -0.335254)
(6 1.11969 -0.333746)
(6 1.30373 -0.33766)
(5.77464 1.30874 -0.336432)
(6 0.376293 -0.131114)
(6 1.10508 -0.134471)
(6.21699 1.50793 0.292892)
(6 1.50559 0.0856064)
(5.76149 1.51186 0.0843234)
(5.76151 1.5093 -0.126818)
(5.23093 1.53981 0.291414)
(5.48044 1.53257 0.291733)
(5.48048 1.53146 -0.126592)
(5.23096 1.53962 -0.12639)
(5.23386 1.53829 0.0825615)
(5.48103 1.53198 0.0828356)
(5.76152 1.51284 0.292774)
(6 1.50659 0.293004)
(6.2159 1.70367 0.291852)
(5.74906 1.70929 0.291763)
(5.73129 1.90668 0.291333)
(6 1.89824 0.0796033)
(6 1.69874 0.0821481)
(6.21525 1.70187 0.0820139)
(6 1.90181 0.292074)
(5.74912 1.70811 0.0822249)
(5.73128 1.90555 0.0806625)
(5.2861 1.8574 0.0823345)
(5.83086 2.22058 0.0756652)
(5.46007 1.7312 0.291312)
(6 2.09608 -0.139444)
(5.46006 1.73054 -0.126756)
(6 1.69449 -0.128702)
(6 2.10952 0.292862)
(6 2.33272 0.0666594)
(5.41775 1.94517 0.0820134)
(5.73125 1.90314 -0.128956)
(5.69043 2.12695 0.0794323)
(5.17265 1.78176 0.0824526)
(5.83071 2.22048 -0.138211)
(5.2861 1.8574 -0.126456)
(5.83099 2.22066 0.292707)
(6.21588 1.6982 -0.128356)
(5.17264 1.78176 0.291242)
(5.46012 1.73097 0.0822934)
(5.41776 1.94517 0.291117)
(5.17264 1.78177 -0.126317)
(5.6904 2.12693 -0.13064)
(6 1.89097 -0.130635)
(6 2.1047 0.0750863)
(6 2.33185 -0.164546)
(5.41775 1.94517 -0.12686)
(5.74913 1.70549 -0.127851)
(5.69045 2.12697 0.291249)
(6 2.33318 0.297954)
(6 1.70049 0.292023)
(5.77654 0.362685 0.293685)
(5.77137 0.173891 0.291971)
(5.77466 1.3169 0.087234)
(5.77517 1.31917 0.294197)
(5.77659 0.370026 -0.127209)
(5.77895 0.556766 -0.127424)
(5.70995 -5.58364e-18 0.0914959)
(5.76956 0.175535 0.0882704)
(5.77144 0.176697 -0.122383)
(5.76687 7.04731e-18 -0.114745)
(5.77893 0.554511 0.291448)
(5.77904 0.932144 -0.126802)
(5.77715 1.11614 -0.129214)
(5.77518 1.31169 -0.125898)
(5.77557 0.745659 0.079733)
(5.77855 0.741723 0.289111)
(5.77903 0.933827 0.290634)
(5.77819 0.933445 0.0814925)
(5.77323 0.365186 0.083953)
(5.76679 -1.7293e-17 0.282533)
(5.77301 1.12408 0.0826304)
(5.77712 1.12783 0.289847)
(5.77817 0.553678 0.0809925)
(5.77857 0.752583 -0.130333)
(6 0.163425 0.30102)
(6 0.5558 0.291578)
(6 1.32134 0.296745)
(6 0.933652 0.29134)
(6.20538 -1.7293e-17 0.282114)
(6.21766 0.742074 0.289028)
(6 0.364841 0.0838347)
(6 1.12134 0.0831006)
(6 0.745138 0.0778999)
(6 0.00121335 0.114359)
(6.21667 0.362913 0.293545)
(6.21761 1.1275 0.289814)
(6.21359 0.173762 0.29186)
(6.21794 0.55471 0.291378)
(6.21796 1.31793 0.294191)
(6.21814 0.933864 0.290594)
(6 0.550307 0.0792901)
(6 0.172072 0.0902996)
(6 0.356533 0.295659)
(6 0.733058 0.284888)
(6 0.932552 0.0814034)
(6 1.31727 0.0934628)
(6 1.13502 0.284733)
(6 -1.60462e-17 0.262167)
(5.27403 1.13898 0.0828188)
(5.70839 4.66478e-17 -0.761704)
(5.76873 0.181769 -0.754983)
(5.7705 0.179371 -0.967473)
(5.76539 5.97937e-17 -0.97688)
(5.76644 3.33934e-17 -0.545131)
(5.77124 0.179594 -0.543273)
(5.77239 0.369433 -0.755441)
(5.77587 0.37273 -0.962327)
(5.77642 0.367727 -0.543737)
(5.76136 1.50789 -0.752573)
(5.74895 1.70623 -0.752327)
(5.74877 1.70775 -0.961241)
(5.76121 1.50936 -0.961639)
(5.76145 1.50614 -0.545135)
(5.74909 1.7045 -0.544722)
(5.77872 0.932211 -0.961723)
(5.77682 1.11609 -0.958639)
(5.77485 0.749248 -0.753991)
(5.77794 0.753881 -0.95882)
(5.77852 0.561371 -0.963394)
(5.77784 0.561726 -0.752091)
(5.77884 0.55617 -0.542575)
(5.77842 0.745456 -0.543876)
(5.77499 1.31101 -0.96143)
(5.77706 1.11954 -0.544463)
(5.77897 0.932918 -0.544465)
(5.77456 1.30886 -0.751922)
(5.77515 1.30618 -0.544541)
(5.77793 0.934292 -0.755808)
(5.77262 1.12092 -0.753462)
(6 1.49786 -0.545971)
(6.21703 1.50025 -0.545211)
(6.21704 1.50428 -0.961209)
(6 1.50271 -0.961469)
(6.21494 1.50281 -0.752358)
(6 1.50123 -0.752026)
(6 1.69913 -0.961447)
(6 1.69386 -0.545105)
(6.21534 1.6996 -0.752083)
(6.21594 1.70187 -0.960714)
(6.21591 1.69698 -0.544893)
(6 1.69601 -0.752008)
(6.21568 0.746412 -0.334565)
(6.25203 2.01662e-17 -0.329255)
(6.25069 4.65123e-17 -0.75997)
(6.21564 0.750193 -0.753129)
(6.2148 0.368299 -0.333923)
(6.21558 1.12058 -0.335049)
(6.21439 0.370065 -0.754392)
(6.21574 1.12065 -0.752987)
(6 0.927245 -0.963793)
(6 0.175229 -0.958734)
(6 0.561579 -0.965251)
(6 0.553161 -0.540983)
(6 0.178417 -0.541154)
(6 1.30827 -0.963512)
(6 0.932739 -0.544524)
(6 1.29777 -0.544642)
(6.20328 5.97395e-17 -0.975498)
(6.21758 0.754266 -0.95826)
(6.21763 0.745793 -0.543637)
(6.21744 0.556728 -0.33392)
(6.21765 0.932899 -0.333483)
(6.20472 3.33392e-17 -0.544461)
(6.21247 0.178448 -0.330339)
(6.21745 1.30737 -0.336411)
(6 0.367619 -0.757584)
(6 1.11901 -0.754041)
(6.21612 0.372937 -0.961622)
(6.21183 0.181919 -0.753989)
(6 4.68375e-17 -0.764833)
(6.21768 1.11586 -0.958306)
(6.21734 0.562047 -0.751693)
(6 0.749627 -0.754717)
(6.21767 0.934425 -0.755522)
(6.21749 1.30763 -0.751775)
(6.21647 0.367958 -0.543392)
(6.21765 1.11923 -0.544329)
(6.2124 0.17936 -0.966401)
(6.21776 0.561573 -0.962993)
(6.21786 0.556368 -0.542395)
(6.21314 0.179576 -0.542774)
(6.21815 0.932291 -0.961428)
(6 0.764279 -0.952124)
(6 1.10508 -0.953682)
(6 0.935131 -0.760174)
(6.21801 1.30981 -0.961214)
(6.21815 0.93296 -0.544341)
(6.21798 1.30482 -0.544511)
(6 0.378287 -0.956638)
(6 0.18909 -0.74632)
(6 0.566586 -0.748893)
(6 0.366836 -0.543441)
(6 0.744563 -0.543692)
(6 1.30407 -0.749957)
(6 1.1183 -0.54452)
(6 6.03359e-17 -0.985333)
(6 4.76714e-05 -0.544288)
(5.45996 1.73024 -0.544062)
(5.48037 1.5305 -0.753278)
(5.28605 1.85737 -0.543802)
(5.48022 1.53048 -0.54449)
(5.17255 1.78171 -0.543881)
(5.45982 1.7304 -0.75271)
(5.0264 1.68426 0.291263)
(5.54379 2.02919 0.291038)
(5.54378 2.02918 -0.127923)
(5.0264 1.68427 -0.12628)
(5.02625 1.68417 -0.543986)
(4.89302 1.59534 -0.335137)
(5.02633 1.50714 0.0825099)
(5.02641 1.68427 0.0824891)
(5.02672 1.50634 0.291347)
(5.54378 2.02919 0.0812266)
(4.89309 1.59539 -0.12629)
(5.02675 1.50633 -0.126335)
(5.02637 1.68425 -0.335075)
(4.89281 1.5952 -0.544171)
(5.0249 1.68327 -0.963366)
(5.02442 1.50486 -0.964445)
(6 0.180138 0.698315)
(6 0.556413 0.710986)
(6 1.31156 0.707972)
(6 0.933933 0.707727)
(6.20539 -4.32055e-17 0.705577)
(6.21668 0.368122 0.710018)
(6.21767 0.745434 0.709642)
(5.77835 0.745072 0.709905)
(5.77627 0.367868 0.710466)
(5.76614 -4.32597e-17 0.706628)
(5.77702 1.12189 0.709342)
(6.21764 1.12159 0.709178)
(5.77099 0.179232 0.706029)
(6 0.367461 0.710412)
(6.21361 0.179262 0.705296)
(5.77878 0.556041 0.71104)
(6.21795 0.556253 0.710818)
(6 0.742945 0.707538)
(5.77512 1.31388 0.708801)
(6.21798 1.3126 0.708729)
(6.21816 0.933451 0.70904)
(6 1.12132 0.708232)
(5.77893 0.933403 0.70918)
(6 -4.30428e-17 0.703167)
(3.0571 0.386199 0.55228)
(3.05728 0.810436 0.536711)
(3.05703 0.805854 0.774313)
(3.05689 0.745442 1.00014)
(3.05682 0.423964 1.00008)
(3.05688 0.380176 0.790443)
(3.05673 0.183658 1)
(3.05689 0.183068 0.783198)
(3.05704 1.57173e-05 0.494912)
(3.057 0.182924 0.552086)
(3.05699 -4.72712e-17 0.774014)
(3.05688 -6.1232e-17 1)
(3.05714 1 0.52924)
(3.05699 1 0.761898)
(3.05687 1 1)
(3.05861 0.795907 0.0912785)
(3.05776 0.812805 0.309953)
(3.05762 0.3801 0.0950901)
(3.05717 2.26929e-05 0.0911328)
(3.05762 1 0.306381)
(3.04086 1 0.0715172)
(3.49602 5.51952e-05 -0.351649)
(3.4988 0.381071 -0.349873)
(3.05842 0.379012 -0.350284)
(3.05728 1.68257e-05 -0.352154)
(3.05892 0.795147 -0.344919)
(3.0599 0.798798 -0.126795)
(3.12361 1 -0.126775)
(3.04106 1 -0.325056)
(3.49783 0.810577 -0.342996)
(3.27848 0.812425 -0.34318)
(3.49792 1.00005 -0.340899)
(3.27852 1.00004 -0.341526)
(4.14552 1.09553 -0.33609)
(4.14125 0.942331 -0.338306)
(3.89263 0.993741 -0.338025)
(3.71587 0.809228 -0.341912)
(3.71699 0.99912 -0.340056)
(4.14206 0.768466 -0.342375)
(3.92958 0.782359 -0.341811)
(3.93776 0.374798 -0.350095)
(3.93514 9.99995e-05 -0.350265)
(3.4962 1.51999e-05 -0.750183)
(3.50347 0.180445 -0.798124)
(3.51035 0.378033 -0.796646)
(3.495 6.1232e-17 -1)
(3.50687 0.178719 -1.00002)
(3.51327 0.375584 -1.00003)
(3.49928 0.812236 -0.561226)
(3.49827 1.00031 -0.557622)
(3.50397 0.79868 -0.788311)
(3.49775 1.00069 -0.781758)
(3.5116 0.580893 -0.797114)
(3.5137 0.575672 -0.999995)
(3.50788 0.783457 -0.999816)
(3.495 0.999497 -0.999976)
(2.18056 -5.63785e-18 0.0909597)
(1.74211 -5.63785e-18 0.09102)
(1.74215 0.378357 0.09533)
(2.1806 0.378376 0.0953092)
(2.18067 0.788715 0.0931612)
(2.39981 0.796141 0.0960895)
(2.61909 0.789017 0.092812)
(2.61899 0.378635 0.0952714)
(2.61885 -5.63785e-18 0.0910077)
(1.7424 0.788713 0.0931557)
(1.96155 0.796078 0.0962066)
(2.83859 0.797571 0.0950232)
(2.83854 1 0.153536)
(2.1807 1 0.132616)
(2.39978 1 0.154968)
(2.6191 1 0.132034)
(1.74242 1 0.13262)
(1.96156 1 0.155095)
(1.74241 0.787903 -0.347081)
(1.74246 0.808371 -0.56447)
(1.74247 1 -0.561021)
(1.74242 1 -0.386423)
(1.30334 0.377502 -0.350252)
(1.30419 0.380381 -0.79648)
(1.30429 0.584993 -0.797067)
(1.30433 0.80078 -0.789026)
(1.30425 0.8085 -0.564265)
(1.30399 0.788209 -0.346645)
(1.30396 4.59702e-17 -0.750264)
(1.30415 0.181452 -0.798053)
(1.30309 2.14672e-17 -0.35169)
(1.74212 2.14672e-17 -0.352218)
(1.74217 0.377172 -0.350649)
(1.5233 0.795166 -0.349886)
(1.52337 0.809206 -0.564846)
(1.52341 0.800854 -0.789146)
(1.5234 1 -0.561229)
(1.30435 0.17996 -1)
(1.30434 0.378214 -1)
(1.30437 6.1232e-17 -1)
(1.52341 1 -0.781928)
(1.52343 0.788367 -1)
(1.52344 1 -1)
(1.30435 0.788353 -1)
(1.30434 0.580114 -1)
(0.866218 0.809884 0.535295)
(0.866533 0.804897 0.773254)
(0.86673 0.743188 1)
(0.867168 0.417611 1)
(0.866567 0.374123 0.789762)
(0.865257 0.383172 0.550785)
(0.648321 0.790139 1)
(0.452972 0.755743 1)
(0.428318 0.555504 1)
(0.454501 0.36362 1)
(0.649647 0.35657 1)
(0.864001 -3.03577e-17 0.493888)
(0.864566 0.181245 0.550522)
(0.865759 0.179756 0.782417)
(0.865056 -4.72712e-17 0.773063)
(0 0.3675 1)
(0.211261 0.326631 1)
(0.20966 0.550133 1)
(0 0.745 1)
(0 0.55625 1)
(0.209726 0.765164 1)
(0.647804 0.804628 0.771581)
(0.429235 0.794184 0.769948)
(0.428954 1 0.753811)
(0.207954 1 0.737458)
(0.866426 1 0.527964)
(0.8664 1 0.760604)
(0.647491 1 0.758935)
(1.30329 0.378547 0.0952146)
(1.30303 -5.63785e-18 0.0911228)
(0.865814 0.812645 0.308915)
(0.865997 1 0.305562)
(1.304 0.788999 0.0927236)
(1.30406 1 0.132001)
(1.08473 1 0.153353)
(1.08468 0.797535 0.0947239)
(0.862287 -5.63785e-18 0.0907623)
(0.863525 0.379999 0.0942482)
(0.864788 0.795843 0.0906992)
(0.866977 0.178166 1)
(0.866241 -6.1232e-17 1)
(0.209008 0.786814 0.760542)
(0 0.775466 0.747818)
(0 1 0.70875)
(1.5233 0.796133 0.0960575)
(1.52335 1 0.154962)
(0.882671 1 0.071133)
(0.864735 0.795127 -0.344634)
(0.863629 0.379465 -0.349049)
(0.86251 2.14672e-17 -0.350143)
(0.426722 0.810362 -0.34167)
(0.423615 0.384434 -0.345781)
(0 2.05134e-17 -0.335)
(0.193923 2.08167e-17 -0.340896)
(0.201712 0.180134 -0.342057)
(0 0.17642 -0.339544)
(0 0.753192 -0.339104)
(0 0.421343 -0.341525)
(0.205474 0.376893 -0.343526)
(0.20644 0.808442 -0.339779)
(0.419964 0.181761 -0.345362)
(0.465249 2.12504e-17 -0.345465)
(0.427609 1 -0.339908)
(0.205073 1 -0.338043)
(0 1 -0.335)
(0.425549 0.377156 -0.79414)
(0 4.60769e-17 -0.7525)
(0.866074 0.800711 -0.788508)
(0.864779 4.59702e-17 -0.749311)
(0 0.758727 -0.756046)
(0.865493 0.380112 -0.796139)
(0.427546 0.797604 -0.786318)
(0 0.38944 -0.76501)
(0.445036 4.68375e-17 -0.768343)
(0.205077 0.179498 -1)
(0.646517 0.179709 -1)
(0.203683 0.567183 -1)
(0.202572 0.17934 -0.559722)
(1.08523 0.179943 -1)
(0.209063 0.989685 -0.999152)
(0.647188 1 -1)
(0.20555 1 -0.551368)
(1.08531 1 -1)
(0 6.12337e-17 -1)
(0.86625 6.1232e-17 -1)
(0 0.745 -1)
(0 3.32952e-17 -0.54375)
(0.866095 0.787841 -1)
(0 0.798785 -0.553552)
(0.425891 0.375329 -1)
(0.645895 0.379312 -0.797796)
(0.42637 0.579815 -0.795505)
(0.423801 0.375409 -0.567794)
(0.206179 0.373332 -0.790188)
(0.424285 0.181211 -0.791386)
(1.08503 0.380538 -0.798513)
(0.428561 1 -0.778262)
(1.30436 1 -0.781884)
(0.428125 6.1232e-17 -1)
(0 0.3675 -1)
(0 0.176318 -0.777135)
(0.19947 4.77049e-17 -0.778685)
(0.646881 0.800192 -0.78785)
(1.08523 0.800865 -0.788938)
(0.866337 1 -0.781418)
(0.427358 0.811565 -0.559128)
(0.865896 0.377831 -1)
(0.865326 0.181353 -0.797464)
(0.644998 4.90059e-17 -0.800834)
(1.08477 4.90059e-17 -0.802693)
(0.427435 0.78217 -1)
(0.207556 0.789696 -0.782699)
(0 0.568301 -0.793326)
(0 1 -0.7525)
(0 0.368039 -0.560882)
(0.415341 3.44776e-17 -0.56357)
(0.426603 0.179444 -1)
(0.203493 0.372184 -1)
(0.204305 0.1797 -0.784752)
(1.30437 1 -1)
(0.646242 0.377055 -1)
(0.645458 0.181707 -0.797744)
(0.865995 0.179879 -1)
(0.426135 0.574634 -1)
(0.206707 0.573055 -0.793246)
(0.206261 0.768551 -1)
(0.206414 0.372362 -0.563527)
(0.420946 0.181313 -0.565181)
(0.646835 0.786457 -1)
(0.207369 0.806651 -0.555842)
(1.0852 0.378122 -1)
(1.08492 0.181966 -0.799351)
(1.08525 0.788253 -1)
(0.647354 1 -0.780584)
(0.427887 1 -0.555558)
(0.428125 1 -1)
(0.20701 1 -0.771419)
(0.86625 1 -1)
(1.08534 1 -0.781791)
(0 0.17875 -1)
(0.209062 6.1232e-17 -1)
(0 0.174744 -0.555223)
(0 0.55625 -1)
(0.647188 6.1232e-17 -1)
(0.195214 3.40439e-17 -0.556535)
(0 1 -1)
(0 1 -0.54375)
(1.08531 6.1232e-17 -1)
(0 -3.06169e-17 0.5)
(0 0.386066 0.506619)
(0.42599 0.369389 0.545936)
(0.44207 -3.1225e-17 0.511576)
(0 0.769848 0.498185)
(0.427938 0.806394 0.530785)
(0 -6.12337e-17 1)
(0.428077 -6.1232e-17 1)
(0.423427 0.383805 0.0902864)
(0 -5.0517e-18 0.0825)
(0 0.754114 0.084808)
(0.426651 0.810864 0.0874599)
(0 0.420681 0.0860746)
(0.464771 -5.42101e-18 0.0876668)
(0.206859 0.141025 0.76402)
(0.646414 0.173465 0.781549)
(0.209387 0.564487 0.774231)
(0.20183 0.176671 0.303246)
(0.201375 0.179659 -0.12761)
(0.205014 1 0.297083)
(0.204888 1 -0.126681)
(0.643176 -3.33934e-17 0.546414)
(0.645805 0.370142 0.557372)
(0.647232 0.81303 0.532524)
(0 0.165273 0.517549)
(0.195456 -3.18755e-17 0.520336)
(0 -4.33986e-17 0.70875)
(0 -1.78334e-17 0.29125)
(0.207694 0.367294 0.534743)
(0 0.574232 0.535742)
(0 0.362107 0.760217)
(0 0.365495 0.303525)
(0.422593 0.175953 0.53864)
(0.428087 0.582922 0.547173)
(0.429448 0.356645 0.784324)
(0.423467 0.372141 0.312592)
(0.422951 -4.68375e-17 0.766794)
(0.413846 -1.86483e-17 0.305745)
(0.428017 1 0.522198)
(0 1 0.5)
(0.207865 0.79949 0.523904)
(0 0.802991 0.298271)
(0.427283 0.813947 0.304524)
(0.647166 -6.1232e-17 1)
(0.433123 0.132598 1)
(0 0.0808561 1)
(0.208543 -6.1232e-17 1)
(0 7.73002e-18 -0.12625)
(0 0.804466 -0.126861)
(0.422532 0.377374 -0.127877)
(0.205414 0.375936 0.0879417)
(0.419529 0.181251 0.0887097)
(0.427502 1 0.0858973)
(0 0.175306 0.0848357)
(0.193442 -5.20417e-18 0.0852972)
(0.426837 0.814475 -0.12697)
(0 0.371412 -0.127533)
(0.413232 7.91468e-18 -0.128513)
(0.206337 0.809178 0.0855931)
(0 1 0.0825)
(0.426726 0.1618 0.776421)
(0.209383 0.350972 0.77406)
(0.216964 0.0361716 1)
(0.203207 0.170551 0.526748)
(0.649288 0.164983 1)
(0.648089 0.363125 0.788635)
(0.644162 0.178702 0.550334)
(0.429902 0.566871 0.782899)
(0.208736 0.576579 0.538818)
(0.205631 1 0.513166)
(0.647365 1 0.526379)
(0.20142 0.179372 0.0864926)
(0.419858 0.179487 0.308967)
(0.206482 0.369382 0.307305)
(0.205913 0.374356 -0.127675)
(0.418976 0.181616 -0.128224)
(0.20721 0.809605 0.300488)
(0.206911 0.811258 -0.126906)
(0.427512 1 -0.126896)
(0.204858 1 0.0844532)
(0.427608 1 0.30126)
(0 0.147786 0.745388)
(0.199664 -4.59702e-17 0.751353)
(0 0.566927 0.76136)
(0.644694 -4.72712e-17 0.772684)
(0 0.170985 0.29883)
(0.193711 -1.84314e-17 0.300018)
(0 0.175154 -0.127124)
(0 1 -0.12625)
(0 1 0.29125)
(0.193223 7.80626e-18 -0.12759)
(0.646372 0.578122 -1)
(1.08521 0.579977 -1)
(0.646883 1 -0.557649)
(1.08517 1 -0.560694)
(0.645529 1 -0.12693)
(0.646905 1 0.303807)
(1.08463 0.796589 -0.348587)
(0.882545 1 -0.324884)
(0.645949 0.812263 -0.34267)
(0.865727 0.810129 -0.56257)
(0.863883 0.798736 -0.12692)
(1.30404 1 -0.385833)
(0.865819 0.584406 -0.796831)
(0.645972 0.812922 0.0886382)
(0.646289 0.583095 -0.796734)
(0.646632 0.812647 -0.561058)
(0.865947 0.579503 -1)
(1.08514 0.584889 -0.797272)
(1.08504 0.809709 -0.564111)
(0.865901 1 -0.559141)
(0.64597 1 -0.34111)
(1.30438 1 -0.561013)
(1.08467 1 -0.407303)
(1.52334 1 -0.4089)
(0.645598 0.813256 -0.126959)
(0.646694 0.815561 0.306875)
(0.64601 1 0.0871086)
(0.800213 1 -0.126851)
(2.61876 0.746245 1)
(2.61877 0.425802 1)
(2.6188 -3.03577e-17 0.494595)
(2.61878 -4.72712e-17 0.773579)
(2.61878 0.183916 0.783024)
(2.6188 0.183275 0.551833)
(2.61876 0.185266 1)
(2.61875 -6.1232e-17 1)
(2.61881 0.810253 0.536601)
(2.61883 0.386689 0.552127)
(2.61878 0.381621 0.790376)
(2.61878 0.806275 0.774005)
(2.83787 0.807659 0.773521)
(2.83798 0.813757 0.535578)
(2.83782 0.79428 1)
(2.83789 0.183106 0.554668)
(2.83789 -3.38271e-17 0.549188)
(2.83791 0.380098 0.56091)
(2.83785 0.183444 0.783681)
(2.83783 0.377925 1)
(2.83781 -6.1232e-17 1)
(2.83781 0.184342 1)
(2.83784 0.379262 0.790551)
(2.83787 -4.72712e-17 0.774811)
(1.74237 -3.03577e-17 0.494523)
(1.74239 0.183314 0.55175)
(1.96152 0.18331 0.55447)
(1.96153 -3.38271e-17 0.548951)
(1.74247 0.810224 0.536511)
(1.96156 0.813649 0.535436)
(2.18064 0.810235 0.536529)
(2.18062 0.386788 0.552078)
(1.96152 0.380521 0.560789)
(1.74239 0.386723 0.552066)
(2.39971 0.380479 0.560819)
(2.39972 0.813657 0.535486)
(2.3997 -3.38271e-17 0.54898)
(2.3997 0.183291 0.554502)
(2.61877 1 0.528801)
(2.83786 1 0.529003)
(2.39971 1 0.528727)
(1.74248 1 0.528632)
(1.96156 1 0.528655)
(2.18062 0.183347 0.551752)
(2.18061 -3.03577e-17 0.494508)
(2.18064 1 0.528644)
(1.30382 -3.03577e-17 0.494548)
(1.30401 0.386133 0.551945)
(1.30434 0.810153 0.536403)
(1.7425 0.746381 1)
(1.30442 0.745944 1)
(1.30447 0.425012 1)
(2.18063 0.426137 1)
(1.7425 -6.1232e-17 1)
(1.74251 0.426084 1)
(2.18063 0.746401 1)
(1.30437 -6.1232e-17 1)
(2.18063 -6.1232e-17 1)
(1.52336 0.183681 0.783559)
(1.96155 0.183878 0.783556)
(1.96156 1 0.76137)
(1.08505 0.182142 0.783428)
(2.3997 0.183832 0.783575)
(2.3997 1 0.761398)
(2.83784 1 0.761576)
(1.52343 1 0.761361)
(1.08537 1 0.761157)
(1.52324 -3.38271e-17 0.548975)
(1.74246 -4.72712e-17 0.773495)
(1.30393 0.182986 0.551685)
(1.08438 -3.33934e-17 0.548819)
(1.30414 -4.72712e-17 0.773514)
(1.52326 0.380227 0.560759)
(1.08479 0.378411 0.560336)
(1.30435 0.380684 0.7903)
(1.74247 0.381836 0.790349)
(1.08532 0.81358 0.535024)
(1.52341 0.813628 0.535419)
(1.30439 1 0.528654)
(1.3044 0.806124 0.773877)
(1.74249 0.806334 0.773935)
(1.08567 0.37525 1)
(1.08531 -6.1232e-17 1)
(1.52345 0.794529 1)
(1.7425 1 1)
(1.96156 0.794645 1)
(1.08546 0.793592 1)
(1.30437 1 1)
(0.86625 1 1)
(1.52346 0.378585 1)
(1.30444 0.184659 1)
(1.96157 0.378958 1)
(2.3997 0.378839 1)
(2.18063 0.185513 1)
(2.18063 0.381926 0.790355)
(2.18062 1 1)
(1.7425 0.185476 1)
(1.52344 -6.1232e-17 1)
(1.96156 -6.1232e-17 1)
(2.18062 -4.72712e-17 0.773492)
(2.18063 0.806347 0.773947)
(2.3997 0.794602 1)
(2.61875 1 1)
(2.39969 -6.1232e-17 1)
(0.428125 1 1)
(0 1 1)
(1.74246 0.18403 0.782972)
(1.52341 0.379683 0.790498)
(1.52345 0.184821 1)
(1.30422 0.183459 0.782954)
(1.52324 0.183181 0.554465)
(1.96155 0.3801 0.79051)
(1.96157 0.185069 1)
(2.18063 0.184071 0.782973)
(1.96156 0.807833 0.773374)
(1.96156 1 1)
(2.18063 1 0.761374)
(1.74249 1 0.761365)
(1.52344 0.807765 0.773355)
(1.08555 0.182384 1)
(1.08539 0.376663 0.790328)
(1.0845 0.182359 0.554132)
(1.08542 0.807291 0.773144)
(2.3997 0.184991 1)
(2.3997 0.380006 0.790521)
(2.3997 0.80781 0.773395)
(2.39969 1 1)
(2.61876 1 0.761446)
(2.83781 1 1)
(0.647188 1 1)
(0.209062 0.998929 0.987725)
(1.08531 1 1)
(1.30438 1 0.761317)
(1.52344 1 1)
(1.52342 1 0.528682)
(1.08541 1 0.528551)
(1.52335 -4.72712e-17 0.774593)
(1.96155 -4.72712e-17 0.774574)
(1.08481 -4.72712e-17 0.774521)
(2.3997 -4.72712e-17 0.774602)
(1.08524 1 0.307152)
(1.52341 1 0.307697)
(1.96156 1 0.307676)
(2.39971 1 0.307728)
(2.83805 1 0.307461)
(2.61889 0.811101 0.310973)
(1.74246 0.810953 0.31104)
(2.18065 0.810957 0.311055)
(1.30428 0.811067 0.310811)
(2.83821 0.812771 0.310869)
(1.0851 0.812699 0.310427)
(1.3044 1 0.307492)
(1.52338 0.812218 0.311245)
(1.74247 1 0.307507)
(1.96156 0.812194 0.311302)
(2.39975 0.812226 0.311299)
(2.18065 1 0.307515)
(2.61876 1 0.307592)
(3.0602 0.579757 -1)
(3.06014 0.37796 -1)
(3.28413 0.37727 -1.00001)
(3.06021 0.380197 -0.796514)
(3.28382 0.379611 -0.798636)
(3.06043 0.584625 -0.797019)
(3.05868 0.800863 -0.788735)
(3.05834 0.81022 -0.562892)
(3.05719 1 -0.781688)
(3.0578 1 -0.559372)
(3.05687 1 -1)
(3.05902 0.788098 -1)
(2.61916 0.788209 -0.346698)
(2.61915 0.377451 -0.35065)
(2.61887 2.14672e-17 -0.352353)
(1.7425 6.1232e-17 -1)
(1.7425 0.179962 -1)
(1.74246 0.380388 -0.796556)
(1.74245 0.181459 -0.798176)
(1.74239 4.59702e-17 -0.750504)
(1.74248 0.800766 -0.789086)
(1.7425 0.37824 -1)
(1.7425 0.788364 -1)
(1.7425 1 -1)
(1.74248 1 -0.7819)
(2.18069 0.787903 -0.347093)
(2.18063 0.377168 -0.350744)
(2.18057 2.1684e-17 -0.352372)
(2.18066 0.38039 -0.796573)
(2.619 0.800799 -0.789047)
(2.6188 4.59702e-17 -0.750554)
(2.61923 0.380397 -0.79656)
(2.18066 0.800768 -0.789088)
(2.18061 4.59702e-17 -0.750561)
(3.05711 3.63863e-06 -0.750475)
(1.96157 0.179962 -1)
(3.2811 0.179524 -1.00001)
(2.39975 0.179963 -1)
(2.83852 0.179937 -1)
(1.96156 1 -1)
(2.39969 1 -1)
(2.83781 1 -1)
(2.18065 0.378242 -1)
(2.18062 6.1232e-17 -1)
(3.05687 6.1232e-17 -1)
(2.18064 0.788367 -1)
(2.61899 0.788382 -1)
(2.6191 0.378233 -1)
(2.61875 6.1232e-17 -1)
(2.39984 0.380663 -0.79866)
(2.18064 0.18146 -0.798203)
(1.96156 0.380662 -0.798656)
(2.83916 0.380589 -0.79864)
(3.0586 0.181339 -0.798165)
(2.18064 1 -0.7819)
(3.27641 5.56917e-06 -0.803035)
(1.96153 4.90059e-17 -0.803164)
(2.39978 0.80086 -0.789152)
(2.83852 0.80092 -0.789007)
(2.6188 1 -0.781898)
(2.61899 0.181455 -0.798199)
(2.3997 4.90059e-17 -0.803177)
(2.8379 4.90059e-17 -0.803154)
(1.96157 0.800846 -0.789159)
(2.18064 0.179962 -1)
(1.96157 0.378241 -1)
(1.96155 0.182002 -0.799633)
(3.27993 0.181595 -0.799582)
(3.05891 0.179841 -1)
(2.39976 0.182003 -0.79964)
(2.39978 0.378243 -1)
(2.61897 0.17996 -1)
(1.96157 0.788362 -1)
(2.39976 0.788377 -1)
(2.83848 0.181969 -0.799626)
(2.83896 0.378176 -1)
(2.83856 0.788337 -1)
(2.39972 1 -0.78193)
(2.18063 1 -1)
(1.96156 1 -0.781919)
(2.61875 1 -1)
(2.83791 1 -0.781863)
(1.96156 6.1232e-17 -1)
(3.27594 6.1232e-17 -1)
(2.39969 6.1232e-17 -1)
(2.83781 6.1232e-17 -1)
(1.52343 0.179962 -1)
(1.52338 0.380656 -0.798633)
(1.5233 4.90059e-17 -0.803076)
(1.52343 0.378236 -1)
(1.52335 0.182001 -0.799582)
(1.52344 6.1232e-17 -1)
(1.96157 0.580148 -1)
(2.39979 0.580153 -1)
(2.83898 0.580068 -1)
(2.39973 1 -0.561236)
(1.96156 1 -0.561206)
(2.83815 1 -0.56077)
(1.52343 0.580144 -1)
(2.83876 0.796599 -0.3487)
(2.39984 0.795167 -0.349899)
(2.61914 1 -0.385833)
(2.61899 0.808508 -0.564305)
(1.74249 0.585033 -0.797106)
(1.96156 0.795102 -0.35003)
(2.1807 1 -0.386418)
(2.18067 0.808372 -0.564475)
(2.18067 0.585036 -0.797111)
(2.61925 0.585026 -0.797096)
(2.39985 0.585078 -0.797375)
(2.39979 0.809208 -0.564858)
(2.18065 0.58015 -1)
(1.96157 0.585073 -0.79738)
(1.7425 0.580148 -1)
(2.61911 0.580144 -1)
(1.96156 0.809176 -0.564895)
(2.83921 0.584983 -0.797334)
(2.83847 0.809735 -0.564222)
(2.18066 1 -0.561023)
(2.6188 1 -0.561036)
(2.39979 1 -0.408897)
(1.96156 1 -0.409022)
(2.83864 1 -0.407369)
(1.5234 0.585067 -0.797365)
(3.27594 0.999897 -0.999997)
(3.28015 0.800592 -0.78854)
(3.28142 0.786939 -0.999926)
(3.2769 1.00022 -0.781731)
(3.2843 0.578645 -0.999992)
(3.27765 1.00012 -0.558439)
(3.28412 0.5836 -0.797258)
(3.27854 0.812941 -0.561916)
(4.14025 0.942987 -0.551843)
(3.71818 0.99969 -0.555852)
(3.89688 0.993224 -0.55107)
(4.14558 1.09454 -0.546559)
(3.71846 1.00084 -0.780493)
(3.7193 0.807359 -0.560132)
(4.14063 0.768862 -0.562552)
(3.95683 0.769336 -0.788976)
(3.90585 0.991463 -0.767697)
(3.73047 0.792412 -0.787999)
(3.93465 0.782523 -0.55912)
(3.96558 0.371172 -0.801407)
(3.94206 2.85028e-05 -0.749417)
(3.73963 0.176966 -1.00004)
(3.71406 0.996953 -0.999772)
(3.75145 0.568829 -1.00006)
(4 6.1232e-17 -1)
(3.99995 0.3675 -0.999999)
(3.99879 0.745 -0.999926)
(3.74213 0.374707 -0.799644)
(3.96809 0.565889 -0.802359)
(3.95536 0.177788 -0.799637)
(3.71739 1.66505e-05 -0.802572)
(3.75066 0.372255 -1.00006)
(3.73003 0.179791 -0.799768)
(3.99361 0.174191 -0.999471)
(3.74289 0.773277 -0.999796)
(3.9643 0.992505 -0.956611)
(3.74297 0.575056 -0.798249)
(3.99981 0.55625 -0.999993)
(3.71406 6.1232e-17 -1)
(3.49537 0.000195442 0.494548)
(3.27615 6.84916e-05 0.549556)
(3.27606 0.182385 0.554908)
(3.49512 0.181945 0.551479)
(3.49641 0.808971 0.537291)
(3.49506 0.380945 0.554014)
(3.27602 0.377961 0.561385)
(3.27682 0.813857 0.535735)
(3.27683 0.999854 0.52936)
(3.49744 0.999442 0.528426)
(3.49603 0.381712 0.0945292)
(3.49562 9.28696e-05 0.0909382)
(3.49713 0.814564 -0.126826)
(3.49758 0.999911 -0.12684)
(3.4975 0.99967 0.304699)
(3.49665 0.814418 0.308453)
(3.49675 0.810989 0.0893823)
(3.49746 0.999809 0.0872637)
(3.71394 0.182265 0.550653)
(3.71457 0.000496912 0.546463)
(3.71471 0.803015 0.534217)
(3.92884 0.78033 0.525505)
(3.93048 0.376096 0.538517)
(3.71304 0.379944 0.555716)
(4.14104 0.76586 0.516493)
(3.95824 0.000641413 0.507188)
(3.93259 0.180344 0.54093)
(4.14046 0.941005 0.509221)
(3.71726 0.997721 0.524207)
(4.00192 1.0021 0.500002)
(4.14323 1.09406 0.502273)
(3.89523 0.993013 0.514656)
(3.49504 9.07315e-06 0.999445)
(3.47377 0.765043 1.0017)
(3.47357 0.395597 1.00093)
(3.71354 0.181088 0.780189)
(3.27591 0.181781 0.783883)
(3.71782 0.997012 0.755377)
(4.14095 0.940232 0.725531)
(3.27642 0.999736 0.762009)
(3.49529 0.000443141 0.773884)
(3.49604 0.799444 0.775982)
(3.71401 0.375271 1.00125)
(3.92725 0.375616 0.765592)
(4.00222 1.00333 0.708748)
(3.27589 0.373554 1.00031)
(3.49457 0.178145 1.00122)
(3.71406 8.88955e-05 0.996225)
(3.27594 9.29261e-07 0.999912)
(3.49504 0.378957 0.78926)
(3.93244 0.00217934 0.765222)
(3.71484 0.78058 1.00307)
(3.49994 0.575313 1.00124)
(3.495 0.999923 0.99882)
(3.27589 0.79365 1.00067)
(3.93051 0.774105 0.752769)
(3.49491 0.181525 0.782886)
(3.71269 0.174592 1.00333)
(3.71264 0.377936 0.786135)
(3.93182 0.181163 0.763829)
(3.71406 0.998851 0.991483)
(3.2756 0.180001 1.00029)
(3.27591 0.376671 0.790565)
(3.27594 0.999992 0.999778)
(3.71472 0.572224 1.00118)
(3.71498 0.793723 0.773073)
(4.13956 0.762156 0.732726)
(3.9029 0.994178 0.738784)
(3.49657 0.999085 0.760923)
(4.14136 1.09214 0.714272)
(3.27635 0.80646 0.774264)
(3.71503 0.00125027 0.772591)
(3.2761 0.000110502 0.775314)
(3.92738 0.782363 0.0866685)
(3.93299 0.375414 0.0906573)
(3.7163 0.998792 -0.126825)
(3.71652 0.998211 0.302308)
(4.14129 0.942182 -0.12701)
(4.14132 0.941487 0.295117)
(3.89127 0.992986 0.0845858)
(4.1455 1.09589 0.082583)
(3.71425 0.809335 0.0879822)
(3.92727 0.784602 -0.127161)
(3.92742 0.783717 0.302253)
(4.14188 0.768175 0.0853151)
(3.71453 0.810271 -0.126916)
(3.71437 0.808946 0.306228)
(4.14148 0.769159 -0.127801)
(4.14118 0.768193 0.299362)
(3.71616 0.998559 0.086347)
(3.89136 0.993285 -0.126651)
(3.89232 0.99255 0.297409)
(4.14565 1.09588 -0.126603)
(4.14118 0.942131 0.0837223)
(4.14527 1.09543 0.291918)
(3.93418 0.000194087 0.0890156)
(3.71317 0.579525 0.78485)
(3.27888 0.999994 -0.12683)
(3.27731 0.999923 0.305626)
(3.27797 0.813058 0.0897132)
(3.49538 0.593675 0.555974)
(3.92934 0.581309 0.543027)
(3.92748 0.573133 0.76283)
(3.49561 0.582782 0.78831)
(3.71316 0.589865 0.553105)
(3.27855 0.813366 -0.126787)
(3.27828 0.999961 0.0879093)
(3.2773 0.815852 0.309043)
(10.9406 0.375935 -1.16924)
(10.9399 7.1642e-17 -1.17)
(10.9398 0.776551 -1.16638)
(10.9344 1.16608 -1.15992)
(10.9399 4.60773e-17 -0.7525)
(10.9422 0.375954 -0.753297)
(10.9432 0.776554 -0.752524)
(10.9369 1.5 -1.16177)
(10.9389 1.16609 -0.747797)
(10.9402 1.5 -0.748526)
(10.9346 1.83392 -1.15992)
(10.9405 2.22345 -1.16641)
(10.9431 3 -1.17)
(10.9427 2.62407 -1.16926)
(10.9443 2.62405 -0.753298)
(10.9439 2.22345 -0.752531)
(10.9391 1.83392 -0.747797)
(10.9462 2.22344 -0.336236)
(10.9442 1.83392 -0.335335)
(10.9439 1.5 -0.33441)
(10.945 2.62404 -0.335842)
(10.9431 3 -0.7525)
(10.9431 3 -0.335)
(10.943 0.37597 -0.335883)
(10.9455 0.776559 -0.336289)
(10.9443 0.776567 0.0838715)
(10.9417 0.375945 0.0839122)
(10.9399 -5.0517e-18 0.0825)
(10.9399 2.0513e-17 -0.335)
(10.944 1.16609 -0.335344)
(10.9473 1.16609 0.0784512)
(10.9431 3 0.0825)
(10.9438 2.62406 0.0839467)
(10.945 2.22343 0.0839185)
(10.946 1.5 0.0803805)
(10.9475 1.83391 0.0784609)
(7.02797 1.1665 -2.42222)
(7.5 1.2 -2.4225)
(7.44861 1.00408 -2.42255)
(7.45178 0.793953 -2.4227)
(7.24155 0.789087 -2.42256)
(7.02949 0.783298 -2.42242)
(7.44674 1.50053 -2.4225)
(7.44722 1.36878 -2.42252)
(7.02463 1.50304 -2.42224)
(7.65989 1.2 -2.42247)
(7.66152 1.00439 -2.42254)
(7.88016 0.795388 -2.42258)
(7.66484 0.795124 -2.42262)
(7.87835 1.00451 -2.42254)
(7.87736 1.2 -2.42248)
(7.66048 1.3689 -2.42253)
(7.87815 1.49997 -2.42255)
(7.87777 1.36889 -2.42254)
(7.66102 1.50012 -2.42253)
(7.037 0.390461 -2.42246)
(7.02821 0.59389 -2.42254)
(7.3 0.6 -2.4225)
(7.24649 0.400363 -2.42255)
(7.47892 -3.73711e-09 -2.42252)
(7.44205 0.18737 -2.42254)
(7.4508 0.403003 -2.4227)
(7.66301 0.407361 -2.42263)
(7.87022 0.401174 -2.42259)
(7.82651 2.23612e-09 -2.42261)
(7.2692 0.187342 -2.4225)
(7.01448 -2.82682e-07 -2.42179)
(7.05235 0.185189 -2.42226)
(7.3 -1.19162e-09 -2.4225)
(7.45179 0.6 -2.42299)
(7.6651 0.6 -2.42268)
(7.87995 0.6 -2.42261)
(6.61369 0.372039 -2.42197)
(6.61944 0.760733 -2.4217)
(6.61127 -3.36856e-07 -2.41989)
(7.88002 2.59886 -2.4226)
(7.88038 2.4 -2.42262)
(7.66552 2.4 -2.42271)
(7.66529 2.5927 -2.42269)
(7.88042 2.20464 -2.42258)
(7.66514 2.20498 -2.42265)
(7.87874 1.99551 -2.42257)
(7.66231 1.99566 -2.42251)
(7.45176 2.20649 -2.42271)
(7.44878 1.99603 -2.42254)
(7.02328 1.84041 -2.42188)
(7.5 1.8 -2.4225)
(7.4474 1.63144 -2.42251)
(7.87789 1.8 -2.42261)
(7.66174 1.8 -2.42237)
(7.87812 1.6311 -2.42257)
(7.66123 1.63118 -2.42249)
(7.87625 3 -2.42265)
(6.21722 1.11852 -2.41767)
(6.62239 1.13485 -2.41889)
(6.2168 0.753765 -2.41745)
(6.22037 0.935568 -2.41514)
(5.75863 0.749895 -2.42978)
(5.75906 0.935063 -2.42824)
(6.00258 0.935085 -2.42033)
(6.00132 0.754546 -2.42478)
(6.00192 1.11425 -2.4264)
(5.75803 1.12023 -2.4296)
(6.21319 0.371601 -2.42015)
(6.21645 0.559192 -2.41932)
(5.9999 0.557391 -2.42442)
(5.75719 0.556636 -2.43001)
(6.24282 -0.000177377 -2.41553)
(6.20902 0.176816 -2.42047)
(5.75416 0.368578 -2.43138)
(6.0011 0.372669 -2.42714)
(6.00366 0.174387 -2.42911)
(5.74182 0.176758 -2.43237)
(5.99981 0.00203107 -2.40422)
(5.72672 -4.24532e-05 -2.43037)
(6.2115 1.10948 -2.61739)
(6.18769 1.11074 -2.78055)
(6.59622 1.13119 -2.83669)
(5.95363 1.10387 -2.68495)
(5.85228 1.3133 -2.78258)
(6.14795 1.30927 -2.82271)
(5.97947 1.10388 -2.64928)
(6.17399 1.49843 -2.79546)
(6.59052 1.50397 -2.83711)
(5.71393 0.17283 -2.65482)
(5.43403 0.166914 -2.67398)
(5.4386 0.35982 -2.67875)
(5.72442 0.367477 -2.66042)
(5.4276 2.46041e-05 -2.66444)
(5.70026 -0.000920671 -2.64888)
(5.44161 0.743374 -2.68195)
(5.72952 0.749769 -2.66275)
(5.73391 0.553732 -2.66178)
(5.44109 0.552228 -2.68145)
(5.67501 1.12093 -2.9484)
(5.72892 1.11832 -2.66101)
(5.44014 1.12674 -2.68013)
(5.67756 1.31148 -2.95738)
(5.73048 0.933812 -2.66102)
(5.44125 0.934407 -2.68147)
(6.58438 1.88584 -2.83087)
(6.17516 1.89101 -2.78656)
(6.20477 1.89145 -2.6163)
(6.20955 1.8999 -2.41999)
(6.6057 1.88943 -2.41822)
(6.61908 1.50676 -2.41942)
(5.92006 1.49428 -2.72553)
(5.66983 1.50393 -2.94251)
(5.98297 1.87239 -2.64621)
(6.00246 1.89084 -2.42863)
(6.00338 2.10129 -2.42391)
(6.18976 2.12802 -2.41631)
(6.19139 1.70146 -2.77304)
(5.92154 1.87442 -2.72406)
(5.95977 1.70367 -2.68168)
(5.7172 1.89437 -2.43796)
(5.70074 1.88924 -2.65512)
(5.66361 1.69625 -2.93738)
(5.64993 1.88648 -2.92621)
(5.64804 2.09638 -2.6561)
(5.66621 2.11055 -2.44131)
(5.61488 2.07564 -2.86876)
(5.99996 2.3318 -2.4035)
(7.44999 2.59718 -2.42274)
(7.44128 2.81252 -2.42258)
(7.48491 3 -2.42254)
(7.45261 2.4 -2.42292)
(7.01088 2.61318 -2.42249)
(7.01992 2.40926 -2.42238)
(7.01881 2.22671 -2.42188)
(6.56817 2.29574 -2.4188)
(6.5542 2.48109 -2.42066)
(6.52012 2.68007 -2.42219)
(6.784 2.62988 -2.42243)
(6.63127 2.75418 -2.42246)
(6.7563 2.83754 -2.42252)
(7 3 -2.4225)
(7.00497 2.81263 -2.42252)
(6.86744 2.91163 -2.42252)
(6.29681 2.53119 -2.41956)
(6.39962 2.59975 -2.42139)
(7.23514 2.60038 -2.42256)
(7.22302 2.81234 -2.42254)
(7.219 3 -2.42251)
(7.3 2.4 -2.4225)
(7.23953 2.21288 -2.42245)
(6.10527 2.40334 -2.41255)
(6.34408 2.33427 -2.41663)
(6.19094 2.46064 -2.41679)
(9.18165 -4.37061e-17 -1.58751)
(9.1887 0.40117 -1.5874)
(9.18919 0.401172 -1.16999)
(9.18985 0.407236 -1.37867)
(9.18354 -1.81409e-17 -1.17)
(9.1904 0.6 -1.58742)
(9.19046 0.79547 -1.58737)
(9.19043 0.6 -1.37865)
(9.19059 0.795464 -1.16996)
(9.19052 0.795481 -1.37866)
(9.19056 0.6 -1.16996)
(9.19057 1.2 -1.58748)
(9.19049 1.00457 -1.58739)
(9.19071 1.00455 -1.37873)
(9.19103 1.2 -1.37891)
(9.1906 1.00456 -1.16991)
(9.19063 1.2 -1.16988)
(9.19069 1.36886 -1.37869)
(9.19049 1.36889 -1.58735)
(9.19057 1.3689 -1.16986)
(8.97153 1.3689 -1.58756)
(8.97158 1.3689 -1.37872)
(8.97149 1.36889 -1.17005)
(8.97152 1.5 -1.58743)
(8.97147 1.63108 -1.58747)
(8.97149 1.6311 -1.16994)
(8.97148 1.63109 -1.37867)
(8.97152 1.50001 -1.37868)
(8.97151 1.49997 -1.16995)
(8.73705 -1.8141e-17 -1.17)
(8.74953 0.401181 -1.17)
(8.97072 0.407266 -1.16998)
(8.75259 0.795467 -1.17001)
(8.75262 1.00456 -1.17007)
(8.97152 1.00455 -1.17007)
(8.97158 0.795465 -1.16999)
(8.97161 0.6 -1.16994)
(8.75251 0.6 -1.17)
(8.75277 1.2 -1.17018)
(8.97139 1.2 -1.17025)
(8.7526 1.3689 -1.17006)
(8.75258 1.50006 -1.16999)
(8.75272 1.63113 -1.16994)
(8.74581 7.42361e-18 -0.7525)
(8.75133 0.401169 -0.752527)
(8.75169 0.407237 -0.961261)
(8.75257 0.795463 -0.96127)
(8.75248 1.00456 -0.961308)
(8.75248 0.6 -0.96126)
(8.75281 3.29881e-17 -0.335)
(8.75264 0.401165 -0.334979)
(8.75229 0.407239 -0.543728)
(8.75256 0.795469 -0.334953)
(8.75251 0.795461 -0.543729)
(8.75239 0.6 -0.543711)
(8.75254 0.6 -0.334991)
(8.7525 1.00457 -0.334841)
(8.75243 1.00457 -0.543773)
(8.75236 1.2 -0.961301)
(8.75265 0.79546 -0.752534)
(8.75246 1.00455 -0.752547)
(8.75232 1.2 -0.752609)
(8.7528 0.6 -0.752575)
(8.7527 1.2 -0.334647)
(8.75232 1.2 -0.543873)
(8.75245 1.36893 -0.961301)
(8.75241 1.36892 -0.752538)
(8.75239 1.36891 -0.543764)
(8.75246 1.36888 -0.334833)
(8.75242 1.49995 -0.334929)
(8.75236 1.6311 -0.33508)
(8.75251 1.6311 -0.54363)
(8.75244 1.50001 -0.543699)
(8.75246 1.50015 -0.961264)
(8.75233 1.63116 -0.961281)
(8.7524 1.50005 -0.752509)
(8.75219 1.63112 -0.752587)
(8.75214 1.8 -0.335443)
(8.75273 1.8 -0.543401)
(8.75164 1.8 -0.752803)
(8.75242 1.99545 -0.335099)
(8.75256 1.99544 -0.543636)
(8.75223 1.99544 -0.752586)
(8.75259 2.20452 -2.00493)
(8.75252 2.4 -2.00501)
(8.7526 2.20453 -1.79622)
(8.75251 2.4 -1.79617)
(8.75283 1.99545 -2.00465)
(8.75249 3 -2.00506)
(8.75255 2.59883 -2.005)
(8.75278 1.99544 -1.79639)
(8.75257 2.59277 -1.79622)
(8.75258 2.59884 -1.58748)
(8.75249 3 -1.58751)
(8.75261 2.20454 -1.58748)
(8.75256 2.4 -1.58747)
(8.75274 1.99545 -1.58754)
(8.97129 1.8 -1.58763)
(8.97148 1.99545 -1.58749)
(8.75311 1.8 -1.58758)
(8.75273 1.63108 -1.58754)
(8.75226 1.63111 -1.37878)
(8.75333 1.8 -1.1698)
(8.75197 1.8 -0.961356)
(8.75236 1.99544 -0.961279)
(8.75274 1.99543 -1.16993)
(8.75257 2.20453 -1.16993)
(8.75255 2.20453 -1.37873)
(8.75228 1.99544 -1.37878)
(8.75155 1.8 -1.37888)
(8.75246 2.4 -1.16982)
(8.75252 2.4 -1.37873)
(8.75249 3 -1.17)
(8.75258 2.59277 -1.37873)
(8.75255 2.59882 -1.16994)
(8.75254 2.20452 -0.961238)
(8.75248 2.4 -0.961278)
(8.75256 2.20454 -0.335025)
(8.75262 2.20455 -0.543671)
(8.75257 2.59276 -0.961235)
(8.75259 2.59883 -0.75246)
(8.75249 3 -0.7525)
(8.75248 2.4 -0.335133)
(8.75266 2.4 -0.54358)
(8.75249 3 -0.335)
(8.75264 2.59276 -0.543676)
(8.75258 2.59882 -0.335018)
(8.75255 2.20454 -0.752467)
(8.75253 2.4 -0.752418)
(8.75246 1.49995 0.082536)
(8.53336 1.49998 0.0826103)
(8.53339 1.63108 0.0826398)
(8.75251 1.63108 0.0825172)
(8.75243 1.36888 0.0825183)
(8.53341 1.3689 0.0825996)
(8.31416 1.50002 0.0826453)
(8.3141 1.63109 0.0826151)
(8.31423 1.36892 0.0826337)
(7.87567 1.50008 0.0830515)
(7.87562 1.63113 0.0828257)
(8.09489 1.63115 0.0823356)
(8.09491 1.50013 0.0827193)
(8.09492 1.36894 0.0828007)
(7.8756 1.36893 0.0830968)
(7.87599 1.50005 0.291744)
(7.87591 1.36893 0.291857)
(8.75669 5.85524e-17 0.0825)
(8.75342 0.401164 0.0824567)
(8.75281 0.407235 -0.12627)
(8.32691 5.8552e-17 0.0825002)
(8.31762 0.401163 0.0825486)
(8.53436 0.407261 0.0824725)
(8.75259 0.6 -0.126302)
(8.75256 0.795466 -0.126249)
(7.88599 0.401147 0.0824831)
(8.09899 0.407254 0.0825282)
(7.90594 5.85537e-17 0.0825002)
(7.87987 0.795377 0.0826093)
(7.87672 1.00449 0.0829824)
(8.0955 1.00453 0.0827527)
(8.09698 0.795442 0.0825955)
(8.75228 1.00456 -0.126167)
(8.09706 0.6 0.0825753)
(7.88022 0.6 0.0824559)
(8.31507 0.6 0.0826573)
(8.31508 0.795457 0.082584)
(8.53357 0.6 0.0824264)
(8.75256 0.795465 0.0824615)
(8.75254 0.6 0.0824248)
(8.53367 0.795462 0.0824951)
(7.87564 1.2 0.0830389)
(8.09493 1.2 0.0827232)
(8.31435 1.2 0.0826081)
(8.31451 1.00455 0.0826084)
(8.75175 1.2 -0.126138)
(8.75247 1.00455 0.0825022)
(8.53352 1.00456 0.0825753)
(8.53349 1.2 0.0826085)
(8.75254 1.2 0.0824917)
(8.75223 1.36889 -0.126152)
(7.88337 0.407124 0.291195)
(7.87999 0.795379 0.291319)
(7.88034 0.6 0.291199)
(7.87698 1.0045 0.291766)
(7.87576 1.2 0.291858)
(8.7524 1.49996 -0.126175)
(8.75247 1.63109 -0.126207)
(8.31396 1.8 0.0826807)
(8.53348 1.8 0.0826925)
(8.75253 1.8 0.0824808)
(8.31436 1.99545 0.0825679)
(8.53349 1.99546 0.0826135)
(8.75256 1.99546 0.0825092)
(8.75262 2.20454 0.0825038)
(8.53367 2.20454 0.0825085)
(8.53357 2.4 0.0825024)
(8.75263 2.4 0.0824518)
(8.31504 2.20455 0.0824855)
(8.31498 2.4 0.0824598)
(8.31436 3 0.0825)
(8.75249 3 0.0825)
(8.75262 2.59884 0.0824996)
(8.53372 2.59274 0.0824815)
(8.3151 2.59883 0.0824651)
(7.87991 2.20464 0.0825509)
(8.09698 2.20455 0.0824916)
(8.09548 1.99547 0.0822587)
(7.87674 1.9955 0.0826928)
(7.8759 1.8 0.082426)
(8.09492 1.8 0.081559)
(7.88032 2.4 0.0824878)
(8.09707 2.4 0.0825343)
(7.88004 2.59885 0.082467)
(7.87625 3 0.0825)
(8.09733 2.59275 0.082489)
(7.88055 2.59289 0.291174)
(7.88033 2.4 0.29114)
(7.87993 2.20463 0.291275)
(7.87689 1.9955 0.29165)
(7.87577 1.8 0.291788)
(7.87584 1.63113 0.291755)
(8.75251 1.8 -0.126197)
(8.75253 1.99545 -0.126218)
(8.75263 2.20454 -0.126171)
(8.7527 2.4 -0.126)
(8.75266 2.59276 -0.126169)
(9.1906 1.50001 -0.334887)
(9.19051 1.63109 -0.334901)
(8.97154 1.63108 -0.335147)
(8.97152 1.49991 -0.335008)
(8.97149 1.36888 -0.335052)
(9.19063 1.36891 -0.334845)
(9.19067 1.2 -0.334793)
(9.40953 1.2 -0.334391)
(9.40968 1.36892 -0.334628)
(9.40968 1.50008 -0.334773)
(9.19036 1.8 -0.334717)
(8.97158 1.8 -0.33544)
(9.40937 1.63113 -0.334957)
(9.4084 1.8 -0.335208)
(9.62911 1.2 -0.334726)
(9.629 1.36889 -0.334601)
(9.19054 1.99543 -0.334933)
(8.97157 1.99544 -0.335157)
(9.40942 1.99543 -0.335015)
(9.19065 1.00455 -0.334874)
(9.40973 1.00455 -0.334685)
(9.62666 3.29881e-17 -0.335)
(9.62886 0.401157 -0.335105)
(9.4098 0.407262 -0.335035)
(9.19044 0.401169 -0.335023)
(9.18946 3.29881e-17 -0.335)
(9.6291 1.00455 -0.334712)
(9.62931 0.795466 -0.335015)
(9.40991 0.795465 -0.334963)
(9.40994 0.6 -0.334982)
(9.62927 0.6 -0.335119)
(9.19061 0.6 -0.335016)
(9.19067 0.79546 -0.334991)
(8.97156 0.407265 -0.335036)
(8.97158 0.6 -0.335088)
(8.97158 0.795468 -0.335029)
(8.97142 1.2 -0.335276)
(8.97151 1.00455 -0.335061)
(9.62848 1.2 -0.752381)
(9.62853 1.36892 -0.75213)
(9.6289 1.36892 -0.543419)
(9.62907 1.2 -0.543508)
(9.84737 1.36891 -0.751708)
(9.84805 1.36892 -0.543207)
(9.62895 1.50002 -0.334634)
(9.6289 1.63114 -0.334961)
(10.0663 1.49998 -0.751146)
(10.0675 1.50008 -0.542887)
(10.0676 1.36891 -0.543045)
(10.0663 1.36889 -0.75124)
(9.84804 1.50001 -0.543102)
(9.62884 1.50003 -0.543364)
(9.84823 1.50001 -0.33422)
(10.0678 1.50016 -0.333657)
(9.84814 1.6311 -0.334366)
(10.0679 1.63115 -0.333749)
(9.84719 1.2 -0.75185)
(10.0662 1.2 -0.751473)
(10.2847 1.2 -0.750502)
(10.2849 1.36883 -0.75059)
(10.5032 1.5 -0.749913)
(10.285 1.49993 -0.750616)
(10.5022 1.36869 -0.749167)
(10.4551 1.2 -0.744874)
(10.0633 7.42361e-18 -0.7525)
(10.5 7.4234e-18 -0.7525)
(10.5087 0.39706 -0.75727)
(10.2897 0.406163 -0.756424)
(10.0683 0.400953 -0.754382)
(9.62573 7.42361e-18 -0.7525)
(9.62863 0.401157 -0.752887)
(9.62923 0.407226 -0.544169)
(9.62919 0.795456 -0.752797)
(9.62936 0.79545 -0.544031)
(9.62939 0.6 -0.544136)
(9.62925 0.6 -0.752961)
(9.84903 0.6 -0.753431)
(9.8488 0.795442 -0.753178)
(9.84877 0.407214 -0.753466)
(9.84773 1.00454 -0.752122)
(9.62871 1.00454 -0.752343)
(9.62905 1.00455 -0.543601)
(10.5096 0.793448 -0.756861)
(10.5037 1.00413 -0.750788)
(10.286 1.00441 -0.751795)
(10.2894 0.795055 -0.755576)
(10.0689 0.795381 -0.754109)
(10.0669 1.00451 -0.751989)
(10.4408 0.6 -0.759238)
(10.2904 0.6 -0.756744)
(10.0694 0.6 -0.754793)
(9.19073 2.20454 -0.335028)
(8.9716 2.20455 -0.335011)
(8.97157 2.4 -0.334968)
(8.97161 2.59273 -0.334991)
(9.19074 2.59882 -0.335033)
(9.19062 3 -0.335)
(9.19077 2.4 -0.335171)
(10.5068 1.5 -0.333199)
(10.2874 1.49998 -0.333147)
(10.2872 1.49991 -0.543284)
(10.5073 1.49999 -0.544457)
(9.62895 1.8 -0.335638)
(10.5132 2.20655 -0.339864)
(10.2903 2.20495 -0.336276)
(10.2881 1.9956 -0.333896)
(10.5081 1.99587 -0.334654)
(10.4495 2.4 -0.350488)
(10.2906 2.4 -0.337528)
(10.5069 1.6313 -0.333626)
(10.2874 1.63114 -0.333254)
(9.62922 2.20453 -0.334999)
(9.62898 1.99544 -0.335071)
(9.84832 1.99544 -0.334566)
(9.84886 2.20455 -0.335008)
(10.505 3 -0.335)
(10.0669 3 -0.335)
(10.0689 2.59905 -0.335403)
(10.2904 2.59383 -0.336663)
(10.5123 2.60294 -0.33968)
(9.62875 3 -0.335)
(9.6292 2.59884 -0.335031)
(9.84891 2.59279 -0.335147)
(9.84777 1.8 -0.334538)
(9.62921 2.4 -0.335032)
(9.84886 2.4 -0.335232)
(9.40986 2.20453 -0.334984)
(9.40991 2.59274 -0.334997)
(9.40988 2.4 -0.334981)
(10.4639 1.8 -0.336124)
(10.2872 1.8 -0.333506)
(10.0691 2.20461 -0.335184)
(10.0682 1.99549 -0.334108)
(10.0679 1.8 -0.333944)
(10.0692 2.4 -0.335606)
(9.19062 1.8 -0.752546)
(9.40971 1.8 -0.752282)
(9.40966 1.6311 -0.752264)
(9.19062 1.6311 -0.752458)
(9.19073 1.99544 -0.543715)
(8.97167 1.99545 -0.543799)
(9.41022 1.8 -0.543644)
(9.40984 1.63112 -0.543598)
(9.62885 1.63111 -0.543429)
(9.62864 1.6311 -0.752107)
(10.0665 1.6311 -0.751348)
(10.0677 1.63112 -0.542992)
(9.84817 1.63109 -0.543227)
(9.84757 1.63109 -0.751757)
(9.40974 1.99544 -0.752369)
(9.4099 1.99544 -0.543683)
(9.19065 1.99545 -0.752503)
(9.19059 1.63108 -1.58727)
(9.19062 1.63109 -0.961168)
(9.4095 1.63111 -0.960876)
(9.40908 1.63114 -1.16942)
(9.19051 1.63109 -1.16984)
(10.4979 1.5 -1.16202)
(10.281 1.49989 -1.16421)
(10.064 1.49994 -1.1664)
(10.064 1.63108 -1.16659)
(9.19045 1.63109 -1.37859)
(9.62793 1.63109 -1.1692)
(9.84636 1.63108 -1.16809)
(10.2835 1.50001 -0.958123)
(10.5021 1.50001 -0.957748)
(10.0653 1.50006 -0.959059)
(10.0654 1.63112 -0.959445)
(9.62828 1.63109 -0.960786)
(9.84695 1.63111 -0.960228)
(8.97153 1.63112 -0.961294)
(8.9715 1.6311 -0.752564)
(8.9715 1.8 -0.752647)
(8.97153 1.99544 -0.752582)
(9.19059 1.50002 -0.752397)
(9.19063 1.36892 -0.752421)
(9.19058 1.36892 -0.54372)
(9.19062 1.50003 -0.543666)
(8.97165 1.63108 -0.543789)
(8.97152 1.49997 -0.543742)
(9.19069 1.6311 -0.543684)
(8.97138 1.3689 -0.543776)
(8.97183 1.8 -0.543861)
(9.19078 1.8 -0.543687)
(9.19049 1.49999 -1.1698)
(9.19055 1.36889 -0.96109)
(9.19054 1.49996 -0.961095)
(8.97147 1.36892 -0.961211)
(8.97157 1.36891 -0.752433)
(9.19074 1.2 -0.752495)
(9.19054 1.2 -0.543851)
(9.1906 1.2 -0.961052)
(9.19059 1.00455 -0.961139)
(9.19067 1.00455 -0.752465)
(9.19061 1.00455 -0.543756)
(9.18671 7.42361e-18 -0.7525)
(9.18991 0.401156 -0.752565)
(9.19025 0.407235 -0.961281)
(9.19068 0.795459 -0.752545)
(9.19065 0.6 -0.75259)
(9.19071 0.6 -0.543786)
(9.1907 0.795461 -0.543783)
(9.19073 0.6 -0.961238)
(9.19067 0.795465 -0.961245)
(9.19052 0.407236 -0.543806)
(9.40961 1.50001 -0.752234)
(9.40962 1.36892 -0.752286)
(9.4097 1.2 -0.752334)
(9.40974 1.2 -0.543699)
(9.62856 1.50002 -0.752014)
(9.84746 1.49999 -0.751622)
(9.40971 1.36893 -0.543577)
(9.40972 1.50007 -0.543541)
(9.40942 1.2 -0.961043)
(9.40946 1.36891 -0.960947)
(9.40944 1.36893 -1.16964)
(9.40956 1.2 -1.16979)
(9.40944 1.50004 -0.96087)
(9.40929 1.50011 -1.16949)
(10.4464 1.2 -1.15362)
(10.2793 1.2 -1.1632)
(10.2811 1.0044 -1.16483)
(10.4965 1.00413 -1.16133)
(9.62826 1.2 -1.16927)
(9.62808 1.36892 -1.16909)
(9.84645 1.2 -1.1683)
(9.8463 1.36891 -1.16805)
(10.5029 0.793448 -1.16776)
(10.2848 0.795057 -1.16873)
(10.0638 1.2 -1.16636)
(10.0644 1.00451 -1.16703)
(10.2877 0.795233 -0.962831)
(10.5085 0.794855 -0.964654)
(10.2848 1.00444 -0.959531)
(10.5044 1.00423 -0.960472)
(9.84717 1.2 -0.960225)
(9.62846 1.2 -0.960758)
(10.0661 1.00452 -0.959892)
(10.066 1.2 -0.959482)
(10.2802 1.36882 -1.16374)
(10.4954 1.36869 -1.15997)
(9.62795 1.50001 -1.16898)
(9.84624 1.49999 -1.16795)
(10.0638 1.36888 -1.16633)
(9.40953 1.00455 -1.16976)
(9.40971 1.00455 -0.752392)
(9.40978 1.00454 -0.543664)
(9.40955 1.00455 -0.961064)
(9.40992 0.795456 -0.543857)
(9.40988 0.6 -0.54394)
(10.5 -1.81409e-17 -1.17)
(10.5035 0.397054 -1.16971)
(10.2856 0.40617 -1.17)
(10.0661 0.400963 -1.16994)
(10.063 -1.81409e-17 -1.17)
(9.62861 0.795459 -1.16981)
(9.40963 0.795461 -1.16997)
(9.40965 0.6 -1.17015)
(9.62874 0.6 -1.17004)
(9.62468 -1.81409e-17 -1.17)
(9.62794 0.401146 -1.17001)
(9.40924 0.407257 -1.17005)
(9.8475 0.407208 -1.16993)
(9.84775 0.6 -1.16988)
(9.8475 0.795447 -1.16953)
(10.2857 0.6 -1.16983)
(10.432 0.6 -1.16799)
(9.84662 1.00453 -1.16846)
(9.62825 1.00454 -1.16932)
(10.0668 0.6 -1.16978)
(10.0663 0.795383 -1.16918)
(9.40982 0.6 -0.961384)
(10.2886 0.6 -0.963999)
(9.84846 0.6 -0.961823)
(9.84732 1.00454 -0.960417)
(9.62894 0.795459 -0.961339)
(9.40988 0.795459 -0.752607)
(9.40965 0.407263 -0.752675)
(10.068 0.407039 -0.962586)
(10.5092 0.405279 -0.965917)
(10.0678 0.795404 -0.961953)
(9.62878 0.407223 -0.961516)
(10.2883 0.407961 -0.96387)
(10.4308 0.6 -0.969199)
(9.40983 0.408709 -0.543928)
(9.40993 0.6 -0.75265)
(9.40961 0.408707 -0.961382)
(9.62906 0.6 -0.961487)
(9.40977 0.795464 -0.961297)
(10.0684 0.6 -0.96272)
(9.84833 0.408661 -0.961855)
(9.84822 0.795455 -0.961488)
(9.62851 1.00454 -0.960835)
(9.19049 1.49997 -1.58724)
(9.1905 1.49993 -1.37854)
(9.62824 1.50001 -0.96055)
(9.84687 1.5 -0.959922)
(10.2838 1.36883 -0.958381)
(9.84697 1.3689 -0.959997)
(10.4364 1.2 -0.963613)
(10.2845 1.2 -0.958915)
(10.0655 1.3689 -0.959156)
(10.503 1.36857 -0.958934)
(9.62832 1.36892 -0.960614)
(8.97112 1.2 -0.543847)
(8.97154 0.6 -0.961341)
(8.97153 0.6 -0.543733)
(8.97149 1.00456 -0.96123)
(8.9714 1.00455 -0.543787)
(8.97158 0.795461 -0.752504)
(8.97116 0.407264 -0.752514)
(8.97175 1.2 -0.752324)
(8.97117 0.408712 -0.961289)
(8.97151 0.6 -0.752479)
(8.97157 0.795461 -0.961278)
(8.97144 0.408711 -0.543757)
(8.97155 0.795462 -0.543755)
(8.97137 1.2 -0.961193)
(8.97159 1.00455 -0.752447)
(8.97152 1.5 -0.75248)
(8.9715 1.50006 -0.96122)
(9.19062 3 -1.58751)
(9.19055 2.59884 -1.58742)
(9.19058 2.59277 -1.37871)
(9.19063 2.59884 -1.17001)
(9.19062 3 -1.17)
(9.19057 2.4 -1.58744)
(9.19056 2.4 -1.37871)
(9.19059 2.20453 -1.16997)
(9.1906 2.4 -1.17002)
(9.19055 2.20453 -1.37867)
(9.19053 2.20454 -1.58737)
(8.97157 2.59274 -1.58748)
(8.97158 2.4 -1.58748)
(8.97156 2.20454 -1.58746)
(9.19083 1.8 -1.58731)
(9.1906 1.99545 -1.58731)
(9.19035 1.8 -1.37879)
(9.19047 1.99545 -1.37863)
(9.19053 1.99544 -1.16989)
(9.19067 1.8 -1.16995)
(9.19067 2.59277 -0.961298)
(9.19071 2.59884 -0.752553)
(9.19062 3 -0.7525)
(9.19073 2.59277 -0.543729)
(9.19073 2.4 -0.752571)
(9.19071 2.4 -0.543607)
(9.19073 2.20454 -0.54372)
(9.19071 2.20454 -0.752542)
(9.19066 2.4 -0.96129)
(9.19065 2.20453 -0.961269)
(9.19066 1.99545 -0.961218)
(9.1908 1.8 -0.961281)
(8.97136 1.8 -1.16993)
(8.97156 1.8 -1.37864)
(10.4464 1.8 -1.15362)
(10.2805 1.8 -1.16297)
(9.62791 1.8 -1.16968)
(9.40857 1.8 -1.16923)
(10.0642 1.8 -1.16694)
(9.84659 1.8 -1.16811)
(9.40967 1.8 -0.96082)
(10.4551 1.8 -0.744874)
(10.4364 1.8 -0.963613)
(10.5022 1.63131 -0.749193)
(10.2845 1.8 -0.959194)
(10.2849 1.63113 -0.750655)
(10.2845 1.8 -0.75047)
(9.62874 1.8 -0.752222)
(9.84762 1.8 -0.751855)
(9.62833 1.8 -0.96118)
(9.84703 1.8 -0.960698)
(10.0668 1.8 -0.751651)
(10.0656 1.8 -0.960057)
(10.505 3 -1.17)
(10.0669 3 -1.17)
(10.0669 2.59904 -1.17016)
(10.286 2.59384 -1.17022)
(10.5048 2.60295 -1.16977)
(9.62859 2.20454 -1.16986)
(9.40963 2.20453 -1.16994)
(9.40916 1.99545 -1.16954)
(9.62809 1.99545 -1.16944)
(10.2858 2.4 -1.17007)
(10.432 2.4 -1.16799)
(9.62875 3 -1.17)
(9.62875 2.59884 -1.17005)
(9.84772 2.59279 -1.17007)
(9.84743 2.20456 -1.16967)
(9.8476 2.4 -1.17006)
(9.62883 2.4 -1.17007)
(10.503 2.20655 -1.16782)
(10.2849 2.20495 -1.16893)
(10.2816 1.9956 -1.16487)
(10.4966 1.99587 -1.16137)
(9.84667 1.99546 -1.16853)
(10.0663 2.20462 -1.16946)
(10.0668 2.4 -1.17024)
(10.0646 1.9955 -1.16734)
(9.40973 2.59274 -1.17006)
(9.40981 2.4 -1.17011)
(9.4099 2.20453 -0.543818)
(9.40971 2.20453 -0.961291)
(9.40957 1.99544 -0.960993)
(9.40984 2.20454 -0.752593)
(10.5095 1.63142 -0.547143)
(10.288 1.63114 -0.54415)
(9.62879 1.8 -0.543375)
(9.62875 3 -0.7525)
(9.62915 2.59884 -0.752887)
(9.62912 2.20454 -0.7528)
(10.0689 2.59905 -0.754453)
(10.5097 2.20655 -0.756901)
(10.505 3 -0.7525)
(10.0688 2.20462 -0.754209)
(10.5099 2.60294 -0.757299)
(10.0669 3 -0.7525)
(10.2885 2.4 -0.96466)
(10.2849 1.99557 -0.959732)
(10.289 1.99558 -0.545293)
(9.84845 1.99545 -0.543586)
(9.84729 1.99546 -0.960683)
(10.2929 2.4 -0.550335)
(9.84921 2.4 -0.544782)
(9.84853 2.4 -0.961956)
(9.40982 2.4 -0.543831)
(9.40972 2.4 -0.961356)
(9.6294 2.59277 -0.544173)
(9.62913 2.4 -0.752876)
(9.62892 2.59277 -0.961603)
(9.84892 2.59278 -0.753583)
(9.40987 2.59274 -0.752658)
(9.62932 2.20454 -0.54405)
(9.6288 1.99545 -0.752328)
(9.6288 2.20455 -0.96144)
(9.84874 2.20455 -0.753302)
(10.5086 2.20514 -0.964741)
(10.5149 2.20514 -0.552748)
(10.0672 1.99549 -0.752118)
(10.0679 1.8 -0.542815)
(10.0692 2.4 -0.754893)
(10.0698 2.59296 -0.546083)
(10.29 2.59384 -0.756592)
(10.0682 2.59296 -0.96279)
(10.2894 2.20495 -0.755749)
(10.5037 1.99587 -0.750825)
(10.4408 2.4 -0.759238)
(10.5097 2.59472 -0.966009)
(10.0677 2.2046 -0.962184)
(10.4451 1.8 -0.554863)
(10.5155 2.59472 -0.553525)
(10.0696 2.20459 -0.54561)
(10.2877 2.20477 -0.963162)
(10.2903 2.4 -0.757125)
(10.2885 2.59204 -0.964216)
(10.0682 2.4 -0.962941)
(10.4308 2.4 -0.969199)
(10.286 1.9956 -0.751887)
(10.066 1.99549 -0.960232)
(10.5045 1.99578 -0.960531)
(10.2892 1.8 -0.545394)
(10.0682 1.99549 -0.543656)
(10.2915 2.20477 -0.54832)
(10.5111 1.99577 -0.548802)
(9.84791 1.99545 -0.752193)
(9.84839 1.8 -0.543428)
(9.84908 2.20455 -0.544489)
(9.62898 1.99543 -0.543615)
(9.84819 2.20455 -0.961646)
(9.62844 1.99545 -0.961025)
(10.2921 2.59204 -0.549078)
(10.07 2.4 -0.546365)
(10.4396 2.4 -0.560449)
(9.84891 2.4 -0.753694)
(9.84925 2.59134 -0.544757)
(9.62943 2.4 -0.544239)
(9.84847 2.59134 -0.96199)
(9.62873 2.4 -0.961647)
(9.40984 2.4 -0.752631)
(9.40992 2.59129 -0.543868)
(9.40977 2.59129 -0.961386)
(10.4954 1.63131 -1.15998)
(10.2807 1.63112 -1.16374)
(10.2838 1.63117 -0.958517)
(10.5031 1.63143 -0.958965)
(8.97162 1.8 -0.961419)
(8.97151 1.99544 -1.16995)
(8.97156 2.20453 -1.16996)
(8.97156 2.4 -1.16995)
(8.97158 2.59274 -1.16998)
(8.97156 2.20454 -1.37874)
(8.97149 1.99544 -1.37869)
(8.97158 2.4 -1.37882)
(8.97158 2.59129 -1.37876)
(8.97159 2.4 -0.961252)
(8.97156 1.99544 -0.96131)
(8.97154 2.4 -0.543751)
(8.97163 2.59274 -0.752549)
(8.97161 2.20454 -0.752553)
(8.97159 2.20453 -0.961261)
(8.9716 2.59129 -0.96126)
(8.97162 2.4 -0.752628)
(8.97161 2.20454 -0.543749)
(8.97161 2.59128 -0.543742)
(9.40988 1.50003 -0.125981)
(9.40972 1.36888 -0.125923)
(9.40983 1.5 0.0826552)
(9.40984 1.36891 0.0826785)
(9.41023 1.63114 -0.125944)
(9.4098 1.6311 0.0826438)
(9.41123 1.8 -0.125651)
(9.40964 1.8 0.0826693)
(9.62904 1.36887 -0.125806)
(9.62904 1.2 -0.125925)
(9.629 1.2 0.0828474)
(9.62905 1.36889 0.0828201)
(9.41025 1.99544 -0.12596)
(9.40979 1.99545 0.0826623)
(9.19074 2.20454 -0.12615)
(9.19072 1.99544 -0.126265)
(9.19068 2.20454 0.0825951)
(9.19067 1.99545 0.0826712)
(9.62725 5.85526e-17 0.0825)
(9.62862 0.40115 0.0829164)
(9.62897 0.795463 0.0829829)
(9.62892 0.6 0.0829712)
(9.62903 1.00455 0.0828694)
(9.19062 3 0.0825)
(9.19067 2.59884 0.0825768)
(9.19068 2.4 0.0825804)
(9.62898 0.407225 -0.125925)
(9.62913 0.795468 -0.125874)
(9.62906 0.6 -0.125812)
(9.62907 1.00456 -0.125832)
(9.19074 2.59277 -0.126141)
(9.19077 2.4 -0.126052)
(8.97156 1.50001 -0.126225)
(8.97162 1.36891 -0.126264)
(8.97144 1.3689 0.0824529)
(8.97153 1.49999 0.0825185)
(8.97155 1.63108 0.0825422)
(8.97158 1.6311 -0.126252)
(8.9715 1.8 0.0825518)
(8.97161 1.8 -0.126236)
(8.97161 1.99545 -0.126258)
(8.97162 2.20454 -0.126232)
(8.97162 2.20454 0.0825243)
(8.97158 1.99546 0.0825415)
(8.97163 2.4 0.0825202)
(8.97163 2.59274 0.08252)
(9.19068 1.36891 -0.126068)
(9.19074 1.2 -0.125971)
(9.19063 1.3689 0.0825908)
(9.19059 1.2 0.0826012)
(9.19072 0.401169 0.0825341)
(9.19111 5.85526e-17 0.0825)
(9.19057 0.6 0.0825701)
(9.19062 0.795464 0.0825545)
(9.19062 1.00455 0.0825862)
(8.31437 1.36892 0.291325)
(8.31443 1.36892 0.499996)
(8.09536 1.3689 0.499967)
(8.09515 1.36893 0.291534)
(8.3298 8.41171e-17 0.5)
(8.31816 0.401166 0.499994)
(8.31508 0.795455 0.499987)
(8.31495 0.6 0.499934)
(8.31467 1.00454 0.500006)
(8.31458 1.2 0.500052)
(8.09925 0.407252 0.499975)
(8.09706 0.795447 0.499964)
(8.09705 0.6 0.499994)
(8.09587 1.00453 0.499989)
(8.09549 1.2 0.500102)
(9.19068 1.00455 -0.126087)
(9.19062 0.407236 -0.126255)
(9.19057 0.6 -0.126283)
(9.19064 0.795459 -0.126221)
(9.40952 1.2 -0.125843)
(9.40991 1.2 0.0826551)
(9.40982 1.00455 0.0826821)
(9.40968 0.407264 0.0825846)
(9.40962 0.6 0.0824741)
(9.40974 0.795464 0.0826144)
(8.31434 1.5 0.499975)
(8.09527 1.49997 0.499901)
(9.19066 1.8 0.0829663)
(9.19066 1.49997 0.0825895)
(9.19067 1.63109 0.0826695)
(9.19063 1.8 -0.12656)
(9.19068 1.5 -0.126141)
(9.1907 1.6311 -0.126258)
(8.31436 3 0.5)
(8.31508 2.59884 0.49998)
(8.31523 2.59277 0.291199)
(8.31499 2.4 0.499985)
(8.31505 2.20455 0.499982)
(8.31506 2.20455 0.291222)
(8.31436 1.99546 0.291309)
(8.31451 1.99546 0.500024)
(8.31393 1.8 0.29132)
(8.31436 1.8 0.500025)
(8.31506 2.4 0.291166)
(8.31429 1.63109 0.500019)
(8.31411 1.63109 0.291336)
(8.31424 1.50001 0.291336)
(8.09697 2.20456 0.499942)
(8.09564 1.99546 0.499962)
(8.09514 1.8 0.500093)
(8.09489 1.8 0.291364)
(8.09551 1.99546 0.291308)
(8.09703 2.4 0.291176)
(8.09725 2.59275 0.499955)
(8.097 2.4 0.49995)
(8.09698 2.20455 0.291222)
(8.09739 2.59131 0.291194)
(8.09497 1.63113 0.291361)
(8.09516 1.6311 0.499949)
(8.09508 1.50008 0.291434)
(9.40973 1.00455 -0.125954)
(9.40981 0.795472 -0.126153)
(9.40975 0.6 -0.126291)
(9.40976 0.408708 -0.126207)
(8.31637 0.407234 0.291233)
(8.315 0.6 0.291211)
(8.31508 0.795458 0.291254)
(8.31463 1.00454 0.291307)
(8.31451 1.2 0.291273)
(8.97178 0.407268 0.0825004)
(8.97159 0.6 0.0825204)
(8.97157 0.795464 0.0824993)
(8.97145 1.00456 0.0824471)
(8.97124 1.2 0.0823168)
(8.97163 1.00455 -0.126273)
(8.9719 1.2 -0.126378)
(8.97163 0.6 -0.126258)
(8.97167 0.408713 -0.126263)
(8.97161 0.795465 -0.126255)
(8.0957 1.00453 0.291498)
(8.09518 1.2 0.291648)
(8.09701 0.6 0.291216)
(8.09859 0.408688 0.291227)
(8.09702 0.795443 0.291284)
(8.97156 2.4 -0.126277)
(8.97162 2.59128 -0.126225)
(9.84814 1.2 -0.543426)
(9.84829 1.2 -0.125306)
(9.84786 1.2 -0.33432)
(10.0678 1.2 -0.543182)
(10.0677 1.2 -0.333837)
(10.0685 1.2 0.0837142)
(10.0677 1.2 -0.123568)
(9.84827 1.2 0.0829772)
(10.2896 1.2 0.0833806)
(10.2866 1.2 -0.118804)
(10.4639 1.2 -0.336124)
(10.2875 1.2 -0.333262)
(10.434 1.2 -0.1)
(10.4726 1.2 0.0726261)
(10.2885 1.2 -0.544654)
(10.4451 1.2 -0.554863)
(10.5042 0.39706 0.0915015)
(10.2861 0.406165 0.088399)
(10.0667 0.400949 0.0848388)
(10.0637 5.85526e-17 0.0825)
(10.5 5.85524e-17 0.0825)
(9.84797 0.407213 0.0836149)
(10.5062 0.793458 0.0920764)
(10.434 0.6 0.1)
(10.2862 0.6 0.0897353)
(10.0673 0.6 0.0854371)
(10.2869 0.795056 0.0881117)
(10.0676 0.795381 0.0850896)
(10.5097 1.00413 0.0831216)
(10.2885 1.0044 0.0847595)
(10.0682 1.0045 0.0840421)
(9.84803 0.6 0.083725)
(9.84823 0.795447 0.0836164)
(9.84838 1.00454 0.0832167)
(10.0669 3 0.0825)
(10.505 3 0.0825)
(10.5054 2.60294 0.0916325)
(10.2865 2.59384 0.0889011)
(10.0673 2.59904 0.0852292)
(9.62888 2.59885 0.0829844)
(9.62875 3 0.0825)
(9.84812 2.59279 0.0838459)
(9.40975 2.59274 0.0827187)
(10.2863 2.4 0.0904031)
(10.0673 2.4 0.0860172)
(10.5062 2.20654 0.0921779)
(10.2869 2.20494 0.0884966)
(10.434 2.4 0.1)
(10.0675 2.20461 0.0854425)
(9.84809 2.4 0.0839499)
(9.62884 2.4 0.0830542)
(9.62893 2.20454 0.0830325)
(9.84822 2.20455 0.0838167)
(9.40971 2.4 0.0827326)
(9.40977 2.20454 0.0827178)
(10.5069 1.00422 -0.114076)
(10.5082 1.00413 -0.334664)
(10.2883 1.0044 -0.333865)
(10.2875 1.00443 -0.1206)
(10.5133 0.793448 -0.340014)
(10.5072 0.794861 -0.113549)
(10.511 1.00423 -0.548759)
(10.2888 1.00444 -0.54505)
(10.515 0.794856 -0.552793)
(10.068 1.00452 -0.123867)
(10.0682 1.0045 -0.334108)
(10.0682 1.00452 -0.543742)
(10.5 3.29881e-17 -0.335)
(10.5113 0.397063 -0.339853)
(10.0696 0.795377 -0.335595)
(10.0635 3.29881e-17 -0.335)
(10.0687 0.400947 -0.335832)
(10.2875 0.6 -0.120061)
(10.2931 0.6 -0.550647)
(9.84936 0.6 -0.544848)
(9.84836 1.00454 -0.543577)
(9.8486 0.6 -0.125698)
(9.84842 1.00454 -0.125288)
(9.8491 0.795446 -0.335185)
(10.4495 0.6 -0.350488)
(10.2911 0.795053 -0.336945)
(10.0698 0.407041 -0.546273)
(10.068 0.407046 -0.124244)
(10.2909 0.406161 -0.337449)
(10.5151 0.405279 -0.553607)
(10.5064 0.405287 -0.113531)
(10.0698 0.795402 -0.545768)
(10.07 0.6 -0.336248)
(10.0683 0.795401 -0.124114)
(9.84897 0.407215 -0.335381)
(10.288 0.795229 -0.120873)
(10.2925 0.6 -0.339019)
(10.2877 0.407966 -0.12095)
(10.0682 0.6 -0.12401)
(10.4229 0.6 -0.1)
(10.4396 0.6 -0.560449)
(10.2921 0.407959 -0.54933)
(10.0703 0.6 -0.546587)
(10.2917 0.795236 -0.54849)
(9.84926 0.408665 -0.544829)
(9.8492 0.795447 -0.544537)
(9.8492 0.6 -0.33547)
(9.84836 1.00454 -0.33447)
(9.84853 0.408662 -0.125563)
(9.84864 0.79545 -0.125479)
(10.0682 1.50009 0.0835741)
(10.0683 1.36891 0.0836846)
(10.2887 1.36884 0.0838916)
(10.2881 1.49995 0.0839403)
(10.5083 1.5 0.083213)
(10.5101 1.3687 0.0815143)
(9.62906 1.49998 0.0827912)
(9.84843 1.36891 0.0830858)
(9.84849 1.49999 0.0831097)
(9.62895 1.63109 0.0827173)
(9.84855 1.6311 0.0831828)
(9.62872 1.8 0.0824907)
(9.84873 1.8 0.0833949)
(10.0682 1.63114 0.0834753)
(10.0681 1.8 0.0832532)
(9.62893 1.99545 0.0827817)
(9.8485 1.99545 0.0833598)
(10.5097 1.99587 0.0830871)
(10.4726 1.8 0.0726261)
(10.289 1.8 0.0825174)
(10.2883 1.99559 0.0844925)
(10.0681 1.99549 0.0839065)
(10.2885 1.63114 0.0835472)
(10.51 1.6313 0.0814423)
(9.62906 1.4999 -0.125792)
(9.62906 1.63109 -0.125833)
(9.40989 2.20452 -0.126072)
(9.40981 2.4 -0.126131)
(10.2875 1.49991 -0.122349)
(10.507 1.49999 -0.119885)
(9.84841 1.49995 -0.125271)
(10.068 1.50012 -0.124236)
(10.2877 1.3688 -0.543883)
(10.2873 1.36883 -0.12091)
(9.84835 1.3689 -0.125253)
(10.5069 1.36869 -0.333588)
(10.0677 1.36893 -0.33367)
(10.2874 1.36886 -0.333115)
(10.5095 1.36857 -0.547083)
(9.84814 1.36892 -0.334233)
(10.0679 1.36892 -0.123909)
(10.5067 1.36857 -0.115)
(9.62896 1.8 -0.1258)
(10.2876 1.99558 -0.120535)
(10.2868 2.4 -0.118858)
(10.2875 1.63115 -0.12096)
(9.84843 1.99544 -0.125222)
(9.84839 1.6311 -0.125246)
(9.84837 2.4 -0.125183)
(9.62906 2.59278 -0.125841)
(9.62908 2.20454 -0.125825)
(10.5071 2.20514 -0.113386)
(10.0684 1.8 -0.123754)
(10.068 2.59296 -0.12374)
(10.434 1.8 -0.1)
(10.5068 2.59472 -0.11331)
(10.0681 2.20459 -0.1237)
(10.2876 2.20477 -0.120255)
(10.2871 1.8 -0.118679)
(10.0682 1.99548 -0.123884)
(10.5069 1.99578 -0.114049)
(10.2875 2.59204 -0.120206)
(10.0679 2.4 -0.123465)
(10.4229 2.4 -0.1)
(10.0681 1.63114 -0.12401)
(10.5067 1.63143 -0.115027)
(9.84825 1.8 -0.125215)
(9.84849 2.20455 -0.125186)
(9.62908 1.99543 -0.125844)
(9.84846 2.59134 -0.125208)
(9.62899 2.4 -0.125849)
(9.40984 2.59129 -0.126089)
(7.86434 0.401186 -1.58748)
(7.7947 -4.37052e-17 -1.58751)
(8.27182 -4.37061e-17 -1.58751)
(8.30678 0.40118 -1.58757)
(8.09264 0.407268 -1.58753)
(7.8803 0.79538 -1.58752)
(7.88024 0.6 -1.58744)
(8.09712 0.6 -1.58757)
(8.09724 0.795442 -1.58753)
(8.31503 0.6 -1.58771)
(8.31519 0.795453 -1.58757)
(7.65786 0.407216 -1.5874)
(7.42622 0.400825 -1.58744)
(7.3 1.17458e-09 -1.5875)
(7.66498 0.79513 -1.58744)
(7.66526 0.6 -1.58728)
(7.45201 0.793973 -1.58742)
(7.45206 0.6 -1.58733)
(7.02963 0.783544 -1.58758)
(7.02484 0.593898 -1.58769)
(7.3 0.6 -1.5875)
(7.24169 0.78915 -1.58749)
(7.23479 0.404453 -1.58763)
(7.01915 0.387892 -1.58835)
(7.03022 1.1673 -1.58744)
(7.44868 1.00409 -1.58754)
(7.5 1.2 -1.5875)
(6.62328 0.760726 -1.58787)
(6.61363 0.371234 -1.59008)
(6.60364 -9.75162e-07 -1.59133)
(6.99797 -4.1364e-08 -1.58905)
(7.87797 1.2 -1.58782)
(7.87856 1.00451 -1.5877)
(8.09645 1.00454 -1.58752)
(8.09615 1.2 -1.58749)
(8.31465 1.2 -1.58741)
(8.3149 1.00455 -1.5875)
(7.65995 1.2 -1.58798)
(7.66161 1.0044 -1.58772)
(8.09616 1.36892 -1.58754)
(7.87797 1.3689 -1.58772)
(7.44733 1.36882 -1.58757)
(7.44725 1.50071 -1.58758)
(7.02782 1.50378 -1.58755)
(7.66058 1.36888 -1.58776)
(8.31478 1.36891 -1.58749)
(7.87817 1.50007 -1.58766)
(8.09628 1.50004 -1.58759)
(8.31485 1.5 -1.58753)
(7.66109 1.50008 -1.58766)
(8.09616 1.6311 -1.58772)
(7.87802 1.63114 -1.58775)
(8.31478 1.63108 -1.5876)
(7.6609 1.63123 -1.58771)
(8.53352 1.3689 -1.16995)
(8.53353 1.36891 -1.37877)
(8.31484 1.3689 -1.37879)
(8.31467 1.36891 -1.17007)
(8.53194 0.40726 -1.16999)
(8.30863 0.401163 -1.16996)
(8.28106 -1.81418e-17 -1.17)
(8.53358 1.00455 -1.16995)
(8.53378 0.795467 -1.16999)
(8.53378 0.6 -1.17002)
(8.5334 1.2 -1.16971)
(8.31519 0.795457 -1.16997)
(8.31479 1.00455 -1.17006)
(8.31442 1.2 -1.17015)
(8.31505 0.6 -1.16993)
(8.31495 1.00454 -1.37877)
(8.31518 0.795455 -1.3787)
(8.31496 1.2 -1.37878)
(8.31221 0.407239 -1.37868)
(8.315 0.6 -1.37856)
(8.53354 1.63111 -1.17004)
(8.53359 1.5 -1.17001)
(8.5336 1.50001 -1.37876)
(8.53353 1.63109 -1.37876)
(8.31479 1.63108 -1.37878)
(8.31486 1.49999 -1.37879)
(8.31436 3 -1.58751)
(8.31506 2.59883 -1.58747)
(8.53372 2.59274 -1.5875)
(8.31493 2.4 -1.5874)
(8.53363 2.4 -1.58752)
(8.53373 2.20455 -1.58749)
(8.31514 2.20455 -1.58748)
(8.53367 1.99545 -1.58745)
(8.31489 1.99546 -1.58759)
(7.87999 2.59887 -1.58754)
(8.0973 2.59275 -1.58753)
(7.87625 3 -1.58751)
(7.88037 2.20464 -1.58758)
(7.88042 2.4 -1.58762)
(7.66512 2.4 -1.58746)
(7.66492 2.20499 -1.58752)
(8.09704 2.4 -1.58755)
(7.66509 2.59271 -1.58749)
(8.09723 2.20456 -1.58755)
(7.4517 2.20652 -1.58751)
(7.44855 1.99629 -1.58755)
(7.66191 1.99569 -1.58768)
(7.87862 1.99552 -1.58773)
(8.09645 1.99546 -1.58771)
(8.31464 1.8 -1.58768)
(8.53363 1.63107 -1.58745)
(8.5336 1.8 -1.58741)
(7.44729 1.63173 -1.58756)
(7.49969 1.80068 -1.58749)
(7.02501 1.84099 -1.58757)
(7.87783 1.8 -1.58801)
(8.0959 1.8 -1.58795)
(7.66081 1.8 -1.58783)
(7.0276 1.5039 -1.1698)
(7.03023 1.1673 -1.16983)
(7.03084 0.78356 -1.17005)
(7.02661 0.785511 -1.37881)
(7.02481 1.84103 -1.16972)
(6.18767 2.1314 -0.956861)
(6 2.10755 -0.95748)
(6.10543 2.40363 -1.15836)
(6.10451 2.40301 -0.957362)
(6.18628 2.13238 -1.16233)
(6 2.3331 -0.968081)
(5.69041 2.12694 -0.958299)
(5.83094 2.22062 -0.957317)
(5.54365 2.0291 -0.959943)
(7.01932 2.22693 -1.16971)
(6.56945 2.29632 -1.16827)
(6.34483 2.33436 -1.16552)
(7.48491 3 -1.5875)
(7.44127 2.81253 -1.5875)
(7.44994 2.59719 -1.58749)
(7.44124 2.81194 -1.37874)
(7.44981 2.59707 -1.37866)
(7.48491 3 -1.17)
(7.44124 2.81253 -1.16999)
(7.43479 3 -1.37875)
(7.44965 2.59719 -1.16994)
(7.45262 2.4 -1.58752)
(7.45222 2.4 -1.37853)
(7.45144 2.20649 -1.16994)
(7.4509 2.20642 -1.37867)
(7.45162 2.4 -1.16991)
(7 3 -1.17)
(7.00502 2.81266 -1.16999)
(7.22303 2.81236 -1.16999)
(7.219 3 -1.17)
(7.23958 2.21292 -1.16993)
(7.3 2.4 -1.17)
(7.02008 2.40933 -1.16993)
(7.011 2.61325 -1.16996)
(7.23511 2.6004 -1.16998)
(7.5 1.8 -1.17)
(7.44879 1.99602 -1.17)
(7.5 1.8 -1.37884)
(7.4405 1.99612 -1.37882)
(6.75638 2.83758 -1.16998)
(6.78422 2.63002 -1.16992)
(6.52042 2.68028 -1.1698)
(6.55494 2.48148 -1.16914)
(6.63143 2.75429 -1.16994)
(6.29731 2.53153 -1.1684)
(6.1915 2.461 -1.16578)
(6.40012 2.60008 -1.16941)
(7.66509 2.59198 -2.21396)
(7.88041 2.59288 -2.21385)
(7.87987 2.59886 -2.00507)
(7.66503 2.59271 -2.0051)
(7.87625 3 -2.00504)
(7.66511 2.4 -2.21406)
(7.66463 2.20498 -2.21393)
(7.66486 2.20498 -2.00507)
(7.66514 2.4 -2.00511)
(7.45148 2.2065 -2.00506)
(7.45065 2.20642 -2.21398)
(7.66469 2.20498 -1.79628)
(7.66535 2.4 -1.79628)
(7.66518 2.59198 -1.79628)
(7.88045 2.59288 -1.79628)
(7.45088 2.20643 -1.79627)
(7.44864 1.99604 -2.005)
(7.44038 1.99611 -1.79626)
(7.44051 1.99622 -2.21379)
(6.61728 0.371354 -2.00628)
(6.62329 0.759995 -2.00444)
(6.61286 -3.4267e-06 -2.00706)
(7.5 1.8 -1.79625)
(7.5 1.8 -2.005)
(7.02478 1.84065 -2.00495)
(7.50023 1.80037 -2.21375)
(7.02724 1.50353 -2.00485)
(7.02988 1.16706 -2.00476)
(7.03024 0.783435 -2.0049)
(7.02701 0.78512 -2.21372)
(7.0264 0.785478 -1.79627)
(8.75251 1.50007 -1.37874)
(8.75256 1.36891 -1.37874)
(8.7526 1.4999 -1.58748)
(8.75257 1.36886 -1.58747)
(8.53365 1.49991 -1.58748)
(8.5336 1.36888 -1.58756)
(8.75114 0.407231 -1.37877)
(8.74856 0.401172 -1.58756)
(8.73242 -4.37063e-17 -1.58751)
(8.75259 1.00455 -1.37875)
(8.75259 0.795466 -1.37877)
(8.75255 0.6 -1.3788)
(8.75254 0.795475 -1.58756)
(8.75257 1.00455 -1.58748)
(8.75258 1.2 -1.37871)
(8.75257 1.2 -1.58741)
(8.75242 0.6 -1.58768)
(8.53137 0.407265 -1.58754)
(8.53364 1.00456 -1.58757)
(8.53357 1.2 -1.58774)
(8.53378 0.79547 -1.58754)
(8.53378 0.6 -1.58756)
(8.75338 1.8 -2.00437)
(8.75303 1.8 -1.797)
(8.75258 1.50016 -2.00486)
(8.75261 1.5 -1.79618)
(8.75277 1.63111 -1.79638)
(8.75281 1.63115 -2.00464)
(8.73167 -6.92731e-17 -2.00505)
(8.75086 0.40724 -1.79625)
(8.7483 0.401177 -2.00502)
(8.75245 0.6 -1.79623)
(8.75216 0.6 -2.00508)
(8.75242 0.795462 -2.00502)
(8.75251 0.795465 -1.79623)
(8.75252 1.00456 -1.79615)
(8.7524 1.00455 -2.00511)
(8.7522 1.2 -2.00541)
(8.75241 1.36892 -2.00508)
(8.75254 1.2 -1.79606)
(8.75253 1.36889 -1.79613)
(8.53344 1.99544 -2.00435)
(8.53361 1.99544 -1.796)
(8.31485 1.99546 -2.00499)
(8.31494 1.99546 -1.7963)
(8.09641 1.99548 -2.00499)
(7.87856 1.99552 -2.00497)
(7.87833 1.99552 -2.21377)
(7.8782 1.99552 -1.79629)
(8.09645 1.99547 -1.79624)
(7.66189 1.99567 -2.00493)
(7.66006 1.99569 -2.21379)
(7.65986 1.99569 -1.79626)
(8.97166 0.6 -1.58753)
(8.97156 0.795469 -1.58749)
(8.97153 1.00456 -1.58758)
(8.97151 1.2 -1.58793)
(8.97044 0.407259 -1.58749)
(8.9716 1.00455 -1.37874)
(8.97154 0.6 -1.37879)
(8.9709 0.408713 -1.37875)
(8.97156 0.795465 -1.37875)
(8.97163 1.2 -1.37865)
(8.31508 2.59884 -2.00502)
(8.31436 3 -2.00505)
(8.31515 2.20454 -2.005)
(8.31501 2.4 -2.00506)
(8.31515 2.20454 -1.79624)
(8.31496 2.4 -1.79622)
(7.88016 2.4 -2.21388)
(7.88021 2.20464 -2.21383)
(7.88023 2.20464 -2.00506)
(7.88011 2.4 -2.00511)
(8.09726 2.59275 -2.00499)
(8.09702 2.4 -2.00496)
(8.09706 2.4 -1.79631)
(7.88017 2.4 -1.79626)
(7.88022 2.20464 -1.79629)
(8.31518 2.59276 -1.79624)
(8.53372 2.20454 -1.79621)
(8.53361 2.4 -1.79628)
(8.53373 2.59274 -2.005)
(8.53373 2.59129 -1.79626)
(8.53371 2.20453 -2.0049)
(8.53367 2.4 -2.005)
(8.09737 2.59131 -1.79628)
(8.09721 2.20456 -1.79628)
(8.09719 2.20456 -2.00499)
(8.30659 0.401169 -2.00502)
(8.31179 0.407241 -1.79626)
(8.31495 0.6 -1.79625)
(8.31498 0.6 -2.00503)
(8.27126 -6.9272e-17 -2.00505)
(8.3151 0.795463 -2.005)
(8.31513 0.795456 -1.79625)
(8.3149 1.00455 -1.79624)
(8.31472 1.00454 -2.00496)
(8.3144 1.2 -2.00501)
(8.31496 1.2 -1.79634)
(8.31479 1.36891 -1.79624)
(8.31461 1.3689 -2.00495)
(8.31476 1.49995 -2.00494)
(8.31483 1.50001 -1.79623)
(8.31462 1.8 -2.00521)
(8.31472 1.63109 -2.00498)
(8.31485 1.8 -1.79649)
(8.31482 1.63109 -1.7963)
(8.53347 1.36893 -2.00488)
(8.53356 1.3689 -1.79613)
(8.53364 0.6 -1.7963)
(8.5336 1.00455 -1.79615)
(8.53367 0.795454 -2.00497)
(8.53343 1.2 -2.00476)
(8.53123 0.407269 -2.00499)
(8.53216 0.408719 -1.79627)
(8.53371 0.795463 -1.79626)
(8.53363 0.6 -2.00494)
(8.53348 1.2 -1.79601)
(8.53351 1.00455 -2.00491)
(8.53339 1.8 -1.79571)
(8.53287 1.8 -2.00339)
(8.53356 1.6311 -1.79598)
(8.53354 1.50011 -2.00478)
(8.53339 1.63112 -2.00433)
(8.53362 1.49996 -1.79612)
(7.79408 -6.92704e-17 -2.00503)
(7.86466 0.40121 -2.00502)
(8.09263 0.407267 -2.005)
(7.24174 0.789122 -2.00498)
(7.3 0.6 -2.005)
(7.02766 0.594257 -2.00505)
(7.88019 0.795388 -2.00502)
(7.88023 0.6 -2.00503)
(7.66506 0.6 -2.00494)
(7.66484 0.795125 -2.00499)
(7.3 2.02192e-10 -1.98152)
(7.37102 0.186281 -2.00502)
(7.44198 0.403582 -2.00499)
(7.66049 0.407557 -2.00499)
(8.09713 0.795446 -2.00499)
(8.09698 0.6 -2.00497)
(7.02419 0.39914 -1.79655)
(7.23897 0.40614 -1.79632)
(7.44625 0.407151 -1.79622)
(7.45183 0.793965 -2.00497)
(7.45168 0.6 -2.00492)
(7.24229 0.401315 -2.00506)
(7.03369 0.391371 -2.00533)
(7.24127 0.789295 -2.21376)
(7.66461 0.795124 -2.2138)
(7.88014 0.795387 -2.21383)
(7.45113 0.793979 -2.2138)
(7.0214 -2.18604e-07 -1.98239)
(7.04335 0.184081 -2.00548)
(7.02537 0.595559 -1.79634)
(7.87723 1.8 -1.79626)
(8.0961 1.8 -1.79607)
(7.65699 1.8 -1.7962)
(8.09713 0.795447 -1.79619)
(7.88008 0.795393 -1.79626)
(7.24125 0.789357 -1.79624)
(7.66465 0.795129 -1.79626)
(7.45137 0.793993 -1.79621)
(8.09704 0.6 -1.79607)
(7.66504 0.6 -1.79631)
(7.87444 0.40725 -1.79625)
(8.09438 0.40872 -1.79619)
(7.87997 0.6 -1.79628)
(7.45267 0.6 -1.79617)
(7.66167 0.408738 -1.79625)
(7.3 0.6 -1.79625)
(7.87804 1.49995 -2.005)
(7.87777 1.4999 -1.7963)
(8.09613 1.50007 -1.79625)
(8.09618 1.50001 -2.005)
(7.87788 1.5 -2.21379)
(7.44715 1.50062 -2.00498)
(7.44193 1.5003 -2.21375)
(7.65978 1.50012 -2.21376)
(7.66102 1.50015 -2.00498)
(7.44199 1.50031 -1.79628)
(7.65975 1.50006 -1.79631)
(7.87701 1.2 -2.00494)
(7.5 1.2 -2.005)
(8.09604 1.00454 -1.79615)
(8.09575 1.36891 -1.79616)
(7.65981 1.00437 -2.21378)
(7.65863 1.36888 -2.21377)
(7.65987 1.00439 -1.79634)
(7.65869 1.36887 -1.79636)
(7.87659 1.2 -1.79629)
(7.87761 1.36888 -2.00501)
(7.8782 1.0045 -2.00501)
(7.66038 1.2 -2.00484)
(8.09588 1.2 -2.00519)
(7.87784 1.2 -2.21412)
(7.44864 1.00408 -2.005)
(7.44731 1.3688 -2.005)
(7.5 1.2 -2.21375)
(7.5 1.2 -1.79625)
(8.09511 1.2 -1.79592)
(8.09625 1.00454 -2.00504)
(7.87786 1.0045 -1.79629)
(8.09597 1.36891 -2.00504)
(7.87724 1.36887 -1.7963)
(7.44041 1.00402 -2.21377)
(7.43856 1.36866 -2.21376)
(7.65709 1.2 -2.21375)
(7.87826 1.00451 -2.21389)
(7.66165 1.00439 -2.00497)
(7.87764 1.36889 -2.21388)
(7.66062 1.36891 -2.00496)
(7.43859 1.36866 -1.79629)
(7.65738 1.2 -1.79643)
(7.44047 1.00403 -1.79627)
(7.87774 1.8 -2.00488)
(8.09614 1.63111 -1.79623)
(7.65889 1.63121 -2.21376)
(7.65869 1.6312 -1.79626)
(7.87795 1.6311 -2.00496)
(7.87758 1.8 -2.21375)
(8.09598 1.8 -2.00501)
(7.66087 1.8 -2.00474)
(7.44739 1.63147 -2.00498)
(8.09611 1.63109 -2.00499)
(7.87769 1.63112 -2.21376)
(7.87755 1.6311 -1.79629)
(7.43873 1.63165 -2.21375)
(7.65734 1.8 -2.2138)
(7.66088 1.63119 -2.00491)
(7.4386 1.63156 -1.79626)
(7.03499 0.392777 -2.21383)
(7.05124 0.185834 -2.21382)
(7.06469 -2.18174e-07 -2.2138)
(7.2657 0.187457 -2.21378)
(7.66509 0.6 -2.2138)
(7.8757 0.407145 -2.21383)
(7.44848 0.403225 -2.21381)
(7.3 -2.44566e-10 -2.00813)
(7.40618 -8.67378e-09 -2.21376)
(7.24533 0.400737 -2.21379)
(7.45205 0.6 -2.21379)
(7.42619 0.187835 -2.21378)
(7.25522 0.187066 -2.00509)
(7.66307 0.408124 -2.21381)
(7.88009 0.6 -2.21388)
(7.3 -5.21364e-10 -2.21375)
(7.3 0.6 -2.21375)
(7.02778 0.59446 -2.21377)
(8.53332 1.2 -1.37878)
(8.53358 1.00455 -1.37876)
(8.53366 0.6 -1.37864)
(8.53239 0.40871 -1.37871)
(8.53375 0.795464 -1.37872)
(6.6266 1.13733 -2.00366)
(6.6238 1.50799 -2.00457)
(6.62726 1.13824 -1.58735)
(6.62459 1.50828 -1.58821)
(6.60814 1.88993 -2.00544)
(6.60844 1.89042 -1.5884)
(6.21081 1.90289 -2.21726)
(6.20706 1.89906 -2.00928)
(6.18914 2.12734 -2.21986)
(6.18703 2.12501 -2.01119)
(6.00114 2.10149 -2.22631)
(6.00016 2.09549 -2.01335)
(5.99999 2.33177 -2.24847)
(6 2.33295 -2.01875)
(6 2.10679 -1.1588)
(6 2.10408 -1.37827)
(6 2.33329 -1.37602)
(6 2.33263 -1.13168)
(6.18783 2.12922 -1.37789)
(6 2.09535 -1.59636)
(6 2.33214 -1.61989)
(6.18663 2.12525 -1.59317)
(6.20936 1.90515 -1.37882)
(6.20677 1.89942 -1.59068)
(6.20955 1.8931 -1.79995)
(6.18831 2.11462 -1.79991)
(6 2.06622 -1.8001)
(6 2.33332 -1.78378)
(5.69026 2.12684 -1.16602)
(6.21516 1.50382 -2.00594)
(6.21779 1.5046 -2.21277)
(6.00028 1.50362 -2.21401)
(6.00005 1.50203 -2.00648)
(5.23351 0.744232 -2.4391)
(5.23281 0.936797 -2.43827)
(5.49269 0.935919 -2.42438)
(5.49312 0.744869 -2.42508)
(6.21694 1.31157 -2.41879)
(6.21555 1.50318 -2.42136)
(5.49101 1.12861 -2.42321)
(5.48712 1.32595 -2.42095)
(5.75554 1.31522 -2.42864)
(5.22019 1.54538 -2.4235)
(5.47819 1.52784 -2.4192)
(5.22737 1.33312 -2.43191)
(5.23104 1.13195 -2.43621)
(5.75167 1.50863 -2.43156)
(5.99989 1.31093 -2.42307)
(6.0011 1.50209 -2.43029)
(5.75551 1.50831 -2.2183)
(5.74162 1.70303 -2.22451)
(5.74163 1.7056 -2.43414)
(5.45358 1.73177 -2.4253)
(5.43442 1.71417 -2.24447)
(5.10784 1.73856 -2.29245)
(5.18885 1.79249 -2.38699)
(5.23337 0.357947 -2.43893)
(5.23364 0.551784 -2.43924)
(5.49249 0.553097 -2.42506)
(5.49014 0.361658 -2.42514)
(5.23114 1.69973e-05 -2.43632)
(5.23283 0.16492 -2.43829)
(5.48347 0.173217 -2.42814)
(5.4706 3.26143e-05 -2.437)
(5.12585 1.75054 -2.06008)
(5.43732 1.71501 -2.033)
(5.75582 1.50697 -2.01086)
(5.74265 1.70146 -2.01461)
(5.14545 1.76363 -1.83065)
(5.45132 1.72472 -1.59912)
(5.44472 1.72004 -1.8159)
(5.74639 1.70331 -1.59277)
(5.74467 1.70025 -1.80373)
(5.75903 1.50667 -1.59283)
(5.75765 1.50625 -1.80295)
(6 1.50168 -1.38089)
(5.76017 1.50845 -1.38179)
(6 1.50024 -1.59113)
(6 1.5006 -1.80083)
(5.45568 1.72791 -1.38454)
(5.74766 1.70607 -1.38113)
(6.21708 1.50374 -1.38043)
(6.21505 1.50257 -1.59036)
(6.21713 1.5022 -1.79937)
(6 1.31055 -2.00386)
(6.21767 1.31224 -2.00367)
(6.21593 1.12414 -2.00315)
(6.00007 1.12222 -2.00341)
(6.21548 0.748382 -2.00312)
(6.21794 0.935428 -2.00292)
(6.00013 0.934632 -2.00335)
(6.00006 0.747525 -2.00288)
(6.00044 0.74711 -2.21109)
(5.76512 0.746904 -2.21423)
(5.25521 0.745147 -2.21272)
(5.25421 0.937479 -2.21167)
(5.25193 1.13168 -2.21092)
(5.24548 1.3287 -2.21156)
(5.49269 1.32385 -2.21632)
(5.47255 1.52073 -2.22554)
(5.22006 1.52741 -2.22616)
(5.99999 1.31442 -2.19889)
(5.50296 0.74569 -2.21637)
(5.50232 0.936699 -2.21577)
(6.0006 0.935819 -2.21183)
(5.76522 0.935572 -2.21413)
(6.21835 0.748074 -2.21009)
(5.76158 1.31592 -2.21107)
(5.49983 1.12881 -2.21541)
(5.76419 1.12358 -2.21345)
(6.00034 1.1214 -2.20995)
(5.70114 9.80119e-17 -1.6006)
(5.76704 0.369551 -1.59544)
(5.76474 0.178836 -1.59645)
(5.76856 0.749707 -1.59181)
(5.77528 0.562765 -1.59394)
(5.76965 1.12511 -1.58993)
(5.77584 0.936761 -1.58784)
(6 1.12428 -1.58752)
(6 0.936477 -1.5864)
(6.21526 0.751547 -1.58747)
(6 0.751354 -1.58702)
(6.2176 0.937182 -1.58647)
(6.21575 1.12549 -1.58751)
(6 0.369622 -1.59211)
(6 0.177978 -1.59604)
(6.24339 -1.91699e-06 -1.59463)
(6 0.00120832 -1.61332)
(6.20876 0.178809 -1.59347)
(6.21251 0.369843 -1.59159)
(6 0.568102 -1.59607)
(6.21689 0.563179 -1.59226)
(5.77615 1.12795 -1.37728)
(6 1.1339 -1.37385)
(6.21768 1.12785 -1.37652)
(6.21853 1.12227 -2.20932)
(6.2184 1.31328 -2.20668)
(6.21933 0.935518 -2.2099)
(6.20097 8.45136e-17 -1.37993)
(6.21117 0.17986 -1.3802)
(6.21758 0.56218 -1.38227)
(6.21749 0.753788 -1.37569)
(6.21812 0.937822 -1.37603)
(6.21559 0.368912 -1.38102)
(5.77464 0.368738 -1.38236)
(5.76903 0.179847 -1.38201)
(5.76314 8.46762e-17 -1.38263)
(6 0.936341 -1.37463)
(6 0.180449 -1.37501)
(6 0.564849 -1.38442)
(5.7767 0.753242 -1.37693)
(6 0.759473 -1.37025)
(5.77808 0.937646 -1.37668)
(6 0.366514 -1.37937)
(5.77771 0.561942 -1.38309)
(6 8.34836e-17 -1.36305)
(5.77312 1.30992 -1.59207)
(5.46995 1.52526 -1.60067)
(5.77209 1.31246 -1.80039)
(5.76339 1.31424 -2.00709)
(5.77454 1.12364 -1.79742)
(6 1.12261 -1.79617)
(6.2177 1.12356 -1.79612)
(6 1.31056 -1.80132)
(5.22494 0.745746 -2.031)
(5.22004 0.367461 -1.83237)
(5.22369 0.365075 -2.03347)
(5.22392 0.554921 -2.02941)
(5.24712 1.19933e-05 -2.01844)
(5.2263 0.176546 -2.03637)
(5.22477 0.178483 -1.83057)
(5.22447 1.12107e-16 -1.82977)
(4.93206 1.27816e-16 -2.0874)
(4.93266 0.171227 -2.0881)
(4.93251 0.381331 -2.08793)
(4.98467 0.176649 -1.83833)
(4.7176 0.365787 -1.8372)
(4.73613 1.13821e-16 -1.85882)
(4.73793 0.171788 -1.86092)
(4.97515 0.368814 -1.84293)
(4.98281 1.12757e-16 -1.8418)
(4.8232 1.5488 -1.96041)
(5.19493 1.52269 -2.04208)
(4.9295 1.51279 -2.08442)
(4.93948 1.62632 -2.09606)
(5.03493 1.52262 -2.20742)
(5.49934 0.746237 -2.01499)
(5.49817 0.555888 -2.0157)
(5.48796 0.178486 -2.02407)
(5.48315 1.15211e-05 -2.02943)
(6.24584 -2.21058e-05 -2.0114)
(6 0.000456711 -2.01867)
(6.00008 0.175754 -2.01382)
(6.20963 0.177565 -2.01145)
(6.21707 0.558015 -2.00342)
(6 0.558644 -2.00091)
(5.22278 0.937986 -2.02787)
(5.49815 0.936921 -2.01415)
(5.46487 1.51885 -2.02539)
(5.48702 1.32221 -2.01746)
(5.21319 1.32627 -2.03214)
(4.93027 1.11518 -2.08532)
(5.22013 1.13193 -2.0295)
(4.92843 1.32402 -2.08316)
(5.76729 0.746843 -2.00591)
(5.7667 0.557292 -2.00637)
(5.76386 0.36709 -2.01089)
(5.49478 0.366308 -2.01953)
(5.75318 0.178383 -2.01646)
(5.72171 -3.89052e-06 -1.99743)
(6.00003 0.366246 -2.00837)
(6.213 0.367699 -2.00753)
(5.76623 1.12402 -2.00601)
(5.7673 0.935324 -2.00569)
(5.49545 1.12863 -2.0148)
(6.21747 0.747385 -1.79615)
(6.21756 0.55842 -1.79943)
(6.21092 0.179004 -1.80063)
(6.20056 -7.64577e-06 -1.79597)
(6.21814 0.935376 -1.79496)
(6.21547 0.36815 -1.79925)
(6 0.557055 -1.80248)
(6 0.178213 -1.80486)
(6 0.934446 -1.79417)
(4.97976 1.32765 -1.82978)
(4.9917 1.66113 -1.84289)
(5.20217 1.52572 -1.82805)
(5.21691 1.13609 -1.82344)
(5.77264 0.367979 -1.80106)
(5.77509 0.746762 -1.7977)
(5.76025 1.10209e-16 -1.8)
(6 0.367065 -1.79826)
(5.77548 0.558115 -1.80073)
(6 0.745485 -1.79601)
(5.76572 0.179147 -1.80329)
(5.77596 0.935205 -1.7961)
(5.20919 1.32911 -1.82539)
(5.46468 1.52201 -1.81539)
(4.98232 1.13881 -1.82783)
(4.98217 1.499 -1.83886)
(6 3.38369e-06 -1.78162)
(5.99999 0.552028 -2.20481)
(5.49001 0.177122 -2.22645)
(6.00054 0.173428 -2.22557)
(5.50197 0.554496 -2.21696)
(5.24079 -6.68864e-06 -2.23151)
(5.25449 0.361453 -2.21481)
(6.20077 -8.7802e-05 -2.22462)
(5.76107 0.367109 -2.21921)
(6.21591 0.368118 -2.21512)
(5.73774 -2.12918e-05 -2.23166)
(6.21786 0.556157 -2.20933)
(6.21129 0.177341 -2.22112)
(6.00023 0.36783 -2.21674)
(5.76417 0.555167 -2.21335)
(5.74906 0.17755 -2.22647)
(5.49818 0.364622 -2.22059)
(5.2513 0.172834 -2.2203)
(5.25521 0.553241 -2.21312)
(5.99998 0.000702729 -2.24899)
(5.48244 3.86618e-06 -2.23126)
(5.04264 1.69509 -2.21642)
(6.21802 1.31052 -1.38069)
(6.21806 1.31134 -1.79886)
(6.21753 1.309 -1.59093)
(6 1.30439 -1.38359)
(5.77449 1.31159 -1.38128)
(6 1.30256 -1.59384)
(5.47463 1.52831 -1.38619)
(5.03895 0.937269 -2.21211)
(5.04151 0.16742 -2.2151)
(5.04019 0.553351 -2.21355)
(5.0363 1.32645 -2.20902)
(4.93279 0.746845 -2.08826)
(4.94755 0.555144 -2.10548)
(4.94658 0.937852 -2.10433)
(5.03968 0.745339 -2.21296)
(5.03781 1.13093 -2.21078)
(5.04069 0.36054 -2.21415)
(5.05675 2.57821e-06 -2.23287)
(6.2157 1.69774 -2.00777)
(6.00006 1.69449 -2.00835)
(5.72441 1.89831 -2.016)
(6.00011 1.89027 -2.01067)
(5.40221 1.93479 -2.02448)
(5.68417 2.12279 -2.01506)
(6.00067 1.89516 -2.21976)
(5.67797 2.11863 -2.229)
(5.72125 1.89772 -2.22774)
(5.43399 1.52062 -2.67278)
(5.25241 1.83494 -2.46108)
(5.39722 1.93152 -2.44363)
(5.98062 1.49058 -2.64856)
(6.20768 1.49732 -2.62144)
(5.39742 1.93158 -2.23793)
(5.7247 1.50496 -2.65823)
(5.43808 1.32208 -2.67773)
(5.99541 1.32365 -2.63687)
(6.20501 1.31303 -2.62425)
(5.73281 1.31664 -2.66001)
(5.42766 1.72139 -2.66515)
(6.00042 1.69742 -2.21763)
(5.9842 1.70367 -2.64836)
(5.46329 1.97555 -2.70435)
(6.21798 1.7011 -2.42187)
(6.2172 1.70025 -2.21564)
(6.21185 1.7028 -2.61672)
(5.71944 1.70338 -2.65608)
(5.39875 1.93179 -2.63184)
(6.0015 1.69884 -2.43245)
(5.68745 2.12496 -1.80168)
(5.7271 1.89689 -1.80354)
(5.68908 2.12605 -1.59156)
(5.72904 1.90145 -1.59224)
(5.4125 1.94167 -1.59442)
(5.40793 1.93862 -1.80893)
(6.21607 1.69451 -1.79922)
(6.21599 1.70033 -1.37964)
(6 1.89047 -1.59145)
(6 1.87623 -1.80029)
(6.21544 1.69732 -1.59019)
(6 1.69704 -1.37959)
(6 1.6888 -1.79903)
(5.73023 1.90445 -1.37985)
(5.41535 1.94356 -1.38167)
(5.68993 2.12662 -1.37845)
(6 1.89728 -1.37885)
(6 1.69382 -1.59056)
(6.10572 2.4038 -2.01133)
(6.34487 2.33444 -2.00762)
(6.34531 2.33412 -1.79762)
(6.10482 2.40322 -1.79702)
(6.10543 2.40362 -1.59548)
(6.34485 2.33435 -1.5901)
(6.56935 2.29603 -2.00588)
(6.56414 2.30628 -1.79717)
(6.56949 2.29608 -1.58834)
(6.34524 2.33407 -1.37778)
(6.10462 2.40308 -1.37697)
(6.56415 2.30632 -1.3782)
(7.01929 2.22682 -2.00509)
(7.23957 2.2129 -2.00503)
(7.23957 2.21222 -1.79627)
(7.01991 2.22057 -1.7963)
(7.01975 2.22052 -2.21363)
(7.23949 2.21221 -2.21377)
(7.01938 2.22689 -1.58761)
(7.23963 2.21292 -1.58752)
(7.01992 2.2206 -1.3787)
(7.23958 2.21223 -1.37872)
(6.19154 2.46102 -1.37777)
(6.34494 2.33406 -2.21542)
(6.56369 2.3062 -2.21357)
(6.55526 2.48098 -2.21353)
(6.19144 2.46097 -2.21516)
(6.29721 2.53147 -2.21377)
(6.29731 2.53154 -2.00603)
(6.19157 2.46106 -2.00763)
(6.19158 2.46106 -1.79794)
(6.19152 2.46101 -1.58987)
(7.45221 2.4 -1.79626)
(7.45206 2.4 -2.00502)
(7.44971 2.59719 -2.00506)
(7.44981 2.59706 -1.79627)
(7.4515 2.4 -2.21425)
(7.44957 2.59707 -2.214)
(7.48491 3 -2.00501)
(7.44123 2.81253 -2.00502)
(7.44121 2.81194 -2.2138)
(7.43479 3 -2.21376)
(7 3 -2.005)
(6.52041 2.68028 -1.58759)
(7.01098 2.61324 -2.00502)
(7 3 -1.5875)
(6.52038 2.68026 -2.00514)
(7.01101 2.61325 -1.58751)
(6.75635 2.83757 -2.21376)
(6.75637 2.83758 -1.79626)
(6.75638 2.83759 -1.37875)
(6.29733 2.53155 -1.7972)
(6.29731 2.53154 -1.37829)
(7.22301 2.81228 -2.21377)
(7.22303 2.81228 -1.79625)
(7.22303 2.81228 -1.37874)
(6.40008 2.60006 -2.00539)
(6.40012 2.60007 -1.58776)
(7.00501 2.81266 -2.00501)
(7 3 -2.21375)
(7 3 -1.79625)
(7.219 3 -2.005)
(7 3 -1.37875)
(6.51901 2.67933 -2.21373)
(6.51909 2.6794 -1.79641)
(6.55495 2.48146 -1.58786)
(6.5191 2.6794 -1.37869)
(6.78422 2.63002 -1.58753)
(6.63143 2.75429 -1.58753)
(7.23515 2.6004 -1.5875)
(6.78419 2.63 -2.00505)
(7.01109 2.61292 -2.21376)
(7.01115 2.61294 -1.79627)
(7.23511 2.6004 -2.00502)
(6.55488 2.48143 -2.00547)
(7.00502 2.81266 -1.5875)
(6.86746 2.91164 -1.5875)
(7.219 3 -1.5875)
(6.63142 2.75428 -2.00505)
(7.43479 3 -1.79625)
(7.01115 2.61295 -1.37873)
(6.78511 2.62878 -1.79631)
(6.5555 2.48108 -1.79678)
(7.23515 2.60035 -1.79626)
(6.78504 2.62873 -2.21375)
(6.63138 2.75425 -2.21376)
(6.75637 2.83758 -2.00502)
(7.00501 2.81262 -2.21376)
(6.39997 2.59999 -2.21368)
(6.75638 2.83758 -1.58751)
(6.63142 2.75429 -1.7963)
(7.00502 2.81263 -1.79626)
(6.78511 2.62878 -1.37872)
(6.63143 2.75429 -1.37873)
(7.00503 2.81263 -1.37875)
(6.55551 2.48109 -1.37847)
(6.29731 2.53154 -1.58827)
(6.40011 2.60007 -1.79666)
(6.40012 2.60008 -1.37856)
(7.2351 2.60034 -2.21381)
(7.22302 2.81235 -2.00501)
(7.22303 2.81236 -1.5875)
(7.44124 2.81194 -1.79626)
(7.23515 2.60035 -1.37873)
(6.86746 2.91164 -1.37875)
(7.219 3 -1.37875)
(6.86746 2.91164 -1.79625)
(6.86746 2.91164 -2.21375)
(7.219 3 -2.21375)
(7.219 3 -1.79625)
(7.3 2.4 -1.79625)
(7.3 2.4 -2.21375)
(7.3 2.4 -1.37875)
(7.02007 2.40931 -2.00502)
(7.0201 2.40933 -1.58752)
(7.02018 2.4085 -1.79627)
(7.3 2.4 -2.005)
(7.3 2.4 -1.5875)
(7.02011 2.40847 -2.21371)
(7.02018 2.4085 -1.37873)
(6.1042 2.40276 -2.22163)
(7.65723 1.5001 0.292476)
(7.43918 1.50028 0.293475)
(7.65681 1.50013 0.0834557)
(7.4404 1.50063 0.0835307)
(7.02008 1.50355 -0.333322)
(7.02029 1.50383 0.0828518)
(7.02572 1.50368 -0.751862)
(7.43598 1.50027 -0.124892)
(7.43832 1.5006 -0.332546)
(7.44595 1.50061 -0.752042)
(7.44176 1.50027 -0.9611)
(7.44733 1.50065 -1.16998)
(7.43824 1.50026 -0.542581)
(7.44212 1.50032 -1.37883)
(7.87528 1.49996 -0.334012)
(7.87513 1.50007 -0.125473)
(7.87489 1.63114 -0.125441)
(7.87491 1.63111 -0.333816)
(8.09473 1.63109 -0.334471)
(8.0948 1.6311 -0.126011)
(7.65581 1.50022 -0.333343)
(7.65535 1.50014 -0.125075)
(8.31431 1.63108 -0.543567)
(8.0952 1.63108 -0.543391)
(8.31429 1.63108 -0.334634)
(8.31426 1.63109 -0.126031)
(8.53336 1.63108 -0.12606)
(8.53339 1.6311 -0.334622)
(8.53341 1.63112 -0.543544)
(7.87757 1.63112 -0.961029)
(7.87718 1.63115 -0.751835)
(8.09592 1.63109 -0.75231)
(8.09609 1.63108 -0.961256)
(7.87573 1.6311 -0.542916)
(7.87611 1.49997 -0.54306)
(7.66066 1.63119 -0.752217)
(7.65904 1.63122 -0.961005)
(7.65639 1.6312 -0.542634)
(7.65715 1.50012 -0.54275)
(8.09631 1.63109 -1.17005)
(7.87832 1.63111 -1.16991)
(8.3147 1.63107 -0.96123)
(8.31465 1.63108 -0.752361)
(8.3148 1.63108 -1.17009)
(7.65976 1.50011 -0.961105)
(7.66028 1.50016 -0.752107)
(7.66172 1.63119 -1.17004)
(7.66145 1.50009 -1.17005)
(8.53362 1.63109 -0.961144)
(8.53348 1.63109 -0.752443)
(7.66001 1.50015 -1.37892)
(7.8778 1.63112 -1.37878)
(8.0962 1.63111 -1.37885)
(7.6592 1.63124 -1.37902)
(7.6564 1.36891 0.083405)
(7.43792 1.36881 0.0832071)
(8.09617 1.36892 -1.17007)
(8.09608 1.36893 -1.37885)
(7.87772 1.36892 -1.3791)
(7.8783 1.36892 -1.17023)
(7.65883 1.36888 -1.37898)
(7.66133 1.36887 -1.17018)
(7.43866 1.36867 -1.37882)
(7.44746 1.36881 -1.17003)
(8.53349 1.36889 -0.961424)
(8.53344 1.36892 -0.752512)
(8.53344 1.36893 -0.54371)
(7.87499 1.36892 -0.125503)
(8.09466 1.36892 -0.125811)
(7.43333 1.36866 -0.125129)
(7.43365 1.36882 -0.331139)
(7.65454 1.36889 -0.125173)
(8.31435 1.36891 -0.543559)
(8.0952 1.36891 -0.54343)
(8.09468 1.36888 -0.334589)
(8.31407 1.36889 -0.334608)
(7.8751 1.36891 -0.333967)
(8.31402 1.3689 -0.126139)
(7.65472 1.36891 -0.333034)
(8.53318 1.36888 -0.33471)
(8.53338 1.36887 -0.126038)
(7.87746 1.36892 -0.961198)
(7.87744 1.36893 -0.752376)
(8.09578 1.3689 -0.752341)
(8.09597 1.36892 -0.961247)
(7.87603 1.3689 -0.543187)
(7.43849 1.36865 -0.96119)
(7.4466 1.36879 -0.752234)
(7.43538 1.36866 -0.542753)
(7.66042 1.36891 -0.752295)
(7.65884 1.36885 -0.961238)
(7.65654 1.36889 -0.542802)
(8.3146 1.36889 -0.961282)
(8.31462 1.36891 -0.752332)
(7.43827 1.36865 0.295161)
(7.65698 1.36889 0.292963)
(7.02046 1.1671 0.0825127)
(7.01901 1.16699 -0.33217)
(7.02864 1.16708 -0.751959)
(7.03039 0.78309 -0.334496)
(7.03065 0.78312 0.082542)
(7.02804 0.784945 -0.126073)
(7.03154 0.783278 -0.752457)
(7.02798 0.785143 -0.961268)
(7.02821 0.78499 -0.543598)
(7.0282 0.784995 0.291274)
(7.65829 1.00438 0.0832148)
(7.66425 0.795118 0.0826876)
(7.65649 1.2 0.0831897)
(7.48144 1.2 0.0814364)
(7.44049 1.00409 0.0829823)
(7.45079 0.793947 0.0826673)
(7.24165 0.789051 0.0825671)
(7.66924 0.407331 0.0824977)
(7.46218 0.402976 0.0824945)
(7.49317 0.187436 0.0825159)
(7.54374 5.85526e-17 0.0825)
(7.04714 0.390223 0.0827832)
(7.0254 -5.09575e-18 0.0832433)
(7.06607 0.185185 0.082899)
(7.25391 0.400276 0.0825523)
(7.2852 0.187351 0.0825772)
(7.3 5.85526e-17 0.0825)
(7.66521 0.6 0.0825392)
(7.45172 0.6 0.0824489)
(7.3 0.6 0.0825)
(7.03124 0.593783 0.0825727)
(7.87864 0.401161 -0.752489)
(7.88061 0.6 -0.752527)
(7.88018 0.6 -0.961188)
(7.87795 0.407144 -0.961198)
(7.80604 -1.81401e-17 -1.17)
(7.86776 7.42678e-18 -0.7525)
(7.86721 0.401204 -1.16994)
(7.88404 0.401157 -0.334984)
(7.88034 0.6 -0.334953)
(7.88041 0.6 -0.543722)
(7.88147 0.407129 -0.543732)
(7.89558 3.29869e-17 -0.334999)
(7.88286 0.407128 -0.126244)
(7.88036 0.6 -0.126227)
(7.88047 0.795385 -1.16997)
(7.8803 0.795382 -0.961202)
(7.66499 0.795136 -0.961172)
(7.66533 0.795134 -1.16993)
(7.5 1.2 -0.12625)
(7.43647 1.00402 -0.125405)
(7.45087 0.793946 -0.334555)
(7.45069 0.793965 -0.125971)
(7.43652 1.0041 -0.331536)
(7.47269 1.2 -0.327314)
(7.5 1.2 -0.7525)
(7.5 1.2 -0.96125)
(7.44054 1.00402 -0.961208)
(7.44834 1.00408 -0.75233)
(7.45247 0.79397 -1.16989)
(7.45164 0.79398 -0.9611)
(7.44888 1.00409 -1.17001)
(7.45219 0.793953 -0.752355)
(7.5 1.2 -1.17)
(7.43813 1.00402 -0.542993)
(7.5 1.2 -0.54375)
(7.45123 0.79397 -0.543589)
(7.8804 0.795375 -0.752458)
(7.88011 0.795385 -0.543624)
(7.66463 0.795126 -0.54358)
(7.66511 0.795126 -0.752389)
(7.66416 0.795118 -0.126042)
(7.87982 0.795381 -0.126093)
(7.88039 0.6 -1.16986)
(7.87988 0.795383 -0.334796)
(7.66429 0.79512 -0.33471)
(7.66491 0.795128 -1.37874)
(7.88034 0.79538 -1.37887)
(7.44055 1.00403 -1.37878)
(7.45144 0.793994 -1.37864)
(7.5 1.2 -1.37875)
(7.88034 0.6 -1.37899)
(7.8751 0.407254 -1.37882)
(8.09721 0.795438 -1.37878)
(7.87835 1.00451 -1.37909)
(8.09637 1.00454 -1.37883)
(7.66003 1.0044 -1.37895)
(7.87749 1.2 -1.37945)
(8.09577 1.2 -1.3788)
(7.65721 1.2 -1.37904)
(8.09364 0.407263 -1.16996)
(8.09726 0.79544 -1.16998)
(8.09707 0.6 -1.16993)
(8.3144 1.2 -0.961326)
(8.53345 1.2 -0.961763)
(8.31477 1.2 -0.752165)
(8.53332 1.2 -0.752549)
(8.31438 1.2 -0.543638)
(8.53364 1.2 -0.543869)
(7.87749 1.2 -0.75267)
(8.09572 1.2 -0.752348)
(8.09586 1.2 -0.961303)
(7.87705 1.2 -0.961099)
(7.87592 1.2 -0.543307)
(8.09518 1.2 -0.54347)
(7.65758 1.2 -0.961327)
(7.66123 1.2 -0.752588)
(7.87851 1.2 -1.17045)
(8.09596 1.2 -1.17004)
(7.87503 1.2 -0.333759)
(8.0945 1.2 -0.334858)
(7.66188 1.2 -1.17034)
(7.65628 1.2 -0.542801)
(7.65399 1.2 -0.332585)
(8.31407 1.2 -0.334343)
(8.53287 1.2 -0.334536)
(8.53369 1.2 -0.125917)
(8.31387 1.2 -0.126489)
(8.09464 1.2 -0.125714)
(7.87498 1.2 -0.125582)
(8.3143 1.00455 -0.126182)
(8.53349 1.00455 -0.126064)
(7.65382 1.2 -0.125398)
(7.87891 1.0045 -1.17022)
(8.09646 1.00453 -1.17006)
(7.66237 1.00441 -1.17017)
(8.31308 0.401155 -0.7525)
(8.315 0.795459 -0.334967)
(8.31947 3.29885e-17 -0.334999)
(8.31515 0.795459 -0.752478)
(8.31609 0.401179 -0.335027)
(8.30403 7.4234e-18 -0.752499)
(8.53355 1.00455 -0.961428)
(8.5336 0.6 -0.961187)
(8.09705 0.6 -0.961211)
(8.09717 0.6 -0.543693)
(8.53351 0.6 -0.543643)
(8.09631 1.00453 -0.961259)
(8.09573 1.00454 -0.543509)
(8.53353 1.00455 -0.543728)
(8.09686 0.6 -0.126296)
(8.53364 0.6 -0.126233)
(8.09527 1.00454 -0.125893)
(7.66015 1.00439 -0.961263)
(7.65838 1.00437 -0.543001)
(7.65668 1.00437 -0.125406)
(8.09831 0.407258 -0.334968)
(8.09666 0.407252 -0.752494)
(7.87826 1.0045 -0.752453)
(8.09725 0.795447 -0.752467)
(7.87629 1.0045 -0.33415)
(8.09698 0.795441 -0.334883)
(8.53365 0.795472 -0.334801)
(8.31498 0.6 -0.752495)
(8.31502 0.407227 -0.543757)
(8.31353 0.40723 -0.961237)
(8.5331 0.407259 -0.752528)
(8.3148 1.00455 -0.752363)
(8.316 0.407232 -0.126229)
(8.31516 0.795465 -0.961245)
(8.53375 0.795462 -0.752528)
(8.31505 0.795459 -0.54372)
(8.31491 0.6 -0.335185)
(8.31433 1.00455 -0.33467)
(8.31505 0.795459 -0.126193)
(8.53392 0.407262 -0.334828)
(8.53294 0.408709 -0.961229)
(8.53371 0.795468 -0.961254)
(8.31474 1.00455 -0.961289)
(8.53352 1.00455 -0.752529)
(8.31504 0.6 -0.961255)
(8.53375 0.6 -0.752601)
(8.09603 0.408693 -0.961217)
(8.09722 0.6 -0.752514)
(8.09722 0.795445 -0.961223)
(8.31491 0.6 -0.543798)
(8.09761 0.408691 -0.543721)
(8.09712 0.795446 -0.543662)
(8.09713 0.6 -0.334918)
(8.53356 0.408709 -0.543685)
(8.53364 0.795464 -0.543681)
(8.53364 0.6 -0.334567)
(8.0962 1.00453 -0.752388)
(7.87817 1.0045 -0.961224)
(8.31458 1.00454 -0.543606)
(8.09528 1.00453 -0.334689)
(7.87708 1.0045 -0.543324)
(8.53329 1.00455 -0.334729)
(8.31511 0.6 -0.126212)
(8.09824 0.408691 -0.126253)
(8.09689 0.795438 -0.126166)
(8.53404 0.408711 -0.126221)
(8.53368 0.795469 -0.126189)
(7.87622 1.0045 -0.125656)
(7.66175 1.00439 -0.75238)
(7.65678 1.00438 -0.333327)
(8.09698 0.6 -1.37879)
(8.0947 0.408713 -1.37876)
(7.02284 7.31904e-17 -1.19527)
(7.03528 0.391411 -1.17074)
(7.04523 0.184088 -1.1711)
(7.04365 0.390372 -0.752898)
(7.03784 0.392773 -0.961625)
(7.03101 0.593786 -0.334873)
(7.03055 0.594291 -0.126162)
(7.04453 0.392509 -0.126086)
(7.04646 0.390262 -0.334843)
(7.02822 0.594285 -1.17017)
(7.02886 0.594463 -0.961353)
(7.03022 0.594317 -0.543727)
(7.04316 0.392543 -0.543819)
(7.02467 0.399153 -1.37915)
(7.02557 0.595571 -1.37888)
(7.03046 0.593864 -0.752571)
(7.25665 0.187069 -1.17022)
(7.3 -1.79492e-17 -1.16687)
(7.3 -1.9579e-17 -1.19348)
(7.37343 0.186282 -1.17004)
(7.4434 0.403588 -1.16991)
(7.66168 0.407553 -1.16989)
(7.66565 0.6 -1.16982)
(7.45301 0.6 -1.1698)
(7.2432 0.40132 -1.17012)
(7.02485 2.04846e-17 -0.334569)
(7.45701 0.402989 -0.752434)
(7.02172 4.61328e-17 -0.753428)
(7.5384 3.29881e-17 -0.335)
(7.4618 0.402977 -0.335048)
(7.51147 7.4234e-18 -0.7525)
(7.26926 0.187457 -0.961403)
(7.66554 0.6 -0.961172)
(7.28228 0.187526 -0.543783)
(7.66574 0.6 -0.543772)
(7.28502 0.187527 -0.126186)
(7.66556 0.6 -0.126286)
(7.66888 0.407335 -0.335045)
(7.6665 0.407345 -0.752435)
(7.06721 5.89128e-17 -0.962096)
(7.0752 3.33053e-17 -0.543895)
(7.06519 0.18519 -0.334786)
(7.07635 7.70461e-18 -0.125864)
(7.3 3.29881e-17 -0.335)
(7.45133 0.403223 -0.961138)
(7.2507 0.400324 -0.752566)
(7.45248 0.6 -0.752313)
(7.46053 0.403119 -0.543793)
(7.46778 0.1874 -0.752517)
(7.46243 0.403125 -0.126193)
(7.41669 -5.36002e-18 -0.961247)
(7.06078 0.185173 -0.753051)
(7.3 7.42361e-18 -0.7525)
(7.25343 0.400281 -0.334981)
(7.45319 0.6 -0.335146)
(7.48916 0.187434 -0.334998)
(7.48787 2.02068e-17 -0.54375)
(7.4983 4.57703e-17 -0.12625)
(7.05484 0.185832 -0.961917)
(7.06399 0.185998 -0.543875)
(7.06593 0.185996 -0.125971)
(7.43569 0.187839 -0.961271)
(7.24728 0.40073 -0.961323)
(7.27771 0.18734 -0.752612)
(7.25359 0.400535 -0.126203)
(7.45296 0.6 -0.126071)
(7.66479 0.408123 -0.961168)
(7.45278 0.6 -0.960959)
(7.66544 0.6 -0.752388)
(7.25235 0.400547 -0.543776)
(7.45319 0.6 -0.543871)
(7.48495 0.188032 -0.543763)
(7.28398 0.187352 -0.334963)
(7.66802 0.408069 -0.543759)
(7.66571 0.6 -0.335102)
(7.49379 0.188039 -0.126229)
(7.66892 0.408063 -0.126261)
(7.3 -5.35865e-18 -0.96125)
(7.3 2.02059e-17 -0.54375)
(7.3 4.57704e-17 -0.12625)
(7.66545 0.6 -1.37871)
(7.44651 0.407151 -1.37864)
(7.66216 0.408737 -1.37869)
(7.45243 0.6 -1.37849)
(7.3 0.6 -0.12625)
(7.3 0.6 -0.96125)
(7.3 0.6 -0.54375)
(7.3 0.6 -1.37875)
(7.24201 0.789142 -1.16998)
(7.24164 0.789046 -0.334815)
(7.24209 0.789082 -0.752448)
(7.24134 0.789249 -0.126135)
(7.3 0.6 -0.335)
(7.3 0.6 -0.7525)
(7.24163 0.789299 -0.961214)
(7.3 0.6 -1.17)
(7.24153 0.789261 -0.543662)
(7.23923 0.406143 -1.37883)
(7.24134 0.789365 -1.37873)
(7.5091 1.2 0.3)
(7.65689 1.2 0.293581)
(7.65881 1.00437 0.292767)
(7.03067 0.59431 0.291281)
(7.04483 0.392531 0.291352)
(7.28555 0.187529 0.291282)
(7.66552 0.6 0.291171)
(7.07654 -1.78419e-17 0.291418)
(7.46262 0.403125 0.291203)
(7.4511 0.793968 0.29166)
(7.5003 7.13337e-17 0.29125)
(7.0663 0.186001 0.291394)
(7.25381 0.400541 0.291264)
(7.45238 0.6 0.291202)
(7.49548 0.188041 0.291248)
(7.66912 0.40806 0.29118)
(7.66449 0.795117 0.291462)
(7.44093 1.00401 0.294859)
(7.3 7.13348e-17 0.29125)
(7.3 0.6 0.29125)
(7.24146 0.789261 0.291329)
(7.87835 1.50004 -1.17005)
(8.09633 1.50002 -1.17004)
(8.31482 1.5 -1.17004)
(8.09479 1.49994 -0.334499)
(8.09525 1.5 -0.543371)
(8.31435 1.49999 -0.543529)
(8.53341 1.50012 -0.543618)
(8.31411 1.49999 -0.126028)
(8.31416 1.49992 -0.33467)
(8.09473 1.50003 -0.125857)
(8.53331 1.49997 -0.33476)
(8.53333 1.49993 -0.126073)
(8.31461 1.5 -0.752364)
(8.31472 1.49994 -0.961232)
(8.09611 1.5 -0.961204)
(7.87775 1.50004 -0.961118)
(7.87742 1.50015 -0.75213)
(8.09585 1.49997 -0.752291)
(8.53348 1.50001 -0.752453)
(8.53356 1.49993 -0.961257)
(8.09628 1.50005 -1.37884)
(7.87802 1.50005 -1.3789)
(7.45074 2.20648 0.0826291)
(7.4404 1.996 0.0829694)
(7.48144 1.8 0.0814364)
(7.01465 1.84091 0.0823267)
(7.01743 2.2269 0.0823171)
(7.23905 2.21291 0.0825141)
(7.66434 2.20498 0.0825885)
(7.66562 2.4 0.0822946)
(7.45319 2.4 0.082467)
(7.66542 2.5927 0.0823933)
(7.45027 2.59719 0.082449)
(7.44133 2.81253 0.0824864)
(7.48491 3 0.0825)
(7.01092 2.61325 0.0824677)
(7.23522 2.6004 0.0824798)
(7.3 2.4 0.0825)
(7.01965 2.40933 0.08246)
(7.22305 2.81236 0.082492)
(7 3 0.0825)
(7.219 3 0.0825)
(7.00501 2.81266 0.0824908)
(7.65806 1.99564 0.0831778)
(7.65592 1.8 0.0832023)
(7.65618 1.63119 0.0833866)
(7.43787 1.63143 0.0832072)
(7.01728 2.22681 -0.334629)
(7.01965 2.40931 -0.334927)
(7.01984 2.4085 -0.126237)
(7.01881 2.22056 -0.126184)
(7.01093 2.61325 -0.335)
(7.01109 2.61294 -0.126271)
(7 3 -0.335)
(7 3 -0.12625)
(7.00502 2.81263 -0.126258)
(7.00501 2.81266 -0.335003)
(7.01325 1.84058 -0.332261)
(7.01981 2.22059 -0.961083)
(7.01893 2.22688 -0.752179)
(7.02298 1.84087 -0.751823)
(7.01924 2.22056 -0.543551)
(7 3 -0.96125)
(7.00503 2.81263 -0.961239)
(7.02015 2.4085 -0.961192)
(7.01116 2.61295 -0.961209)
(7.01998 2.40932 -0.752422)
(7.011 2.61325 -0.752464)
(7.01998 2.40849 -0.543689)
(7.01112 2.61294 -0.543732)
(7.00503 2.81263 -0.543747)
(7 3 -0.54375)
(7 3 -0.7525)
(7.00502 2.81266 -0.752492)
(6.56879 2.29588 -0.335609)
(6.55485 2.48143 -0.335432)
(6.52042 2.68028 -0.335117)
(6.78421 2.63002 -0.335043)
(6.75638 2.83759 -0.33501)
(6.86746 2.91164 -0.335002)
(6.63143 2.75429 -0.335036)
(6.56394 2.30625 -0.543688)
(6.55547 2.48108 -0.543692)
(6.5191 2.6794 -0.543734)
(6.34522 2.33406 -0.544069)
(6.10467 2.40311 -0.546065)
(6.19153 2.46102 -0.543888)
(6.29731 2.53154 -0.543689)
(6.40012 2.60008 -0.54371)
(6.56409 2.30634 -0.95953)
(6.56927 2.2962 -0.751239)
(6.10536 2.40357 -0.744724)
(6.34478 2.33433 -0.749482)
(6.34519 2.33404 -0.958434)
(7.01889 2.22059 0.291154)
(6.56876 2.29624 0.081129)
(6.56376 2.30622 -0.128285)
(6.56381 2.30636 0.290989)
(6.3448 2.33436 -0.335999)
(6.34501 2.33394 -0.130837)
(6.34469 2.33433 0.0793124)
(6.34515 2.33406 0.291384)
(7 3 0.29125)
(7.00502 2.81263 0.291242)
(7.01986 2.4085 0.29121)
(7.01108 2.61295 0.291219)
(7.44079 1.99607 0.294832)
(7.45073 2.20641 0.291603)
(7.5091 1.8 0.3)
(7.66438 2.20496 0.291442)
(7.23921 2.21222 0.291284)
(7.45286 2.4 0.291129)
(7.66554 2.4 0.291237)
(7.22304 2.81228 0.291238)
(7.43479 3 0.29125)
(7.4501 2.59706 0.291147)
(7.23519 2.60035 0.291216)
(7.44128 2.81194 0.291225)
(7.66537 2.59198 0.291169)
(7.219 3 0.29125)
(7.3 2.4 0.29125)
(7.65641 1.8 0.293517)
(7.65857 1.99565 0.292708)
(7.65678 1.6312 0.292913)
(7.43823 1.63152 0.295149)
(6.55543 2.4811 0.291051)
(6.55483 2.48147 0.081789)
(6.19152 2.46102 -0.336307)
(6.19144 2.46096 -0.13064)
(6.1915 2.461 0.291251)
(6.2973 2.53153 0.291039)
(6.29728 2.53152 -0.127921)
(6.29729 2.53153 0.0812232)
(6.19147 2.46098 0.0794293)
(6.40012 2.60008 -0.335325)
(6.29731 2.53154 -0.335757)
(6.52041 2.68028 0.0823329)
(6.75638 2.83759 -0.126266)
(6.75638 2.83759 0.291245)
(6.40011 2.60008 0.0820127)
(6.5191 2.6794 -0.126455)
(6.7842 2.63002 0.0824323)
(6.63143 2.75429 0.0824493)
(6.5191 2.6794 0.291194)
(6.86746 2.91164 0.0824969)
(6.7851 2.62878 -0.126327)
(6.55542 2.48107 -0.127162)
(6.75638 2.83758 0.0824866)
(6.63143 2.75429 -0.126311)
(6.7851 2.62878 0.291219)
(6.63143 2.75429 0.291231)
(6.40011 2.60008 -0.126861)
(6.40011 2.60008 0.291117)
(6.86746 2.91164 0.291249)
(6.86746 2.91164 -0.126254)
(5.83085 2.22057 -0.744736)
(5.69043 2.12695 -0.749641)
(5.69047 2.12698 -0.543888)
(5.83103 2.22069 -0.545755)
(6 2.0968 -0.545872)
(6.1864 2.13041 -0.747355)
(6 2.33226 -0.72427)
(6.188 2.12459 -0.544504)
(6 2.10418 -0.744965)
(6 2.33316 -0.560378)
(5.54379 2.0292 -0.543697)
(5.54375 2.02917 -0.751404)
(6.52042 2.68028 -0.75235)
(6.75638 2.83759 -0.961233)
(6.75638 2.83758 -0.543749)
(6.29731 2.53154 -0.959757)
(6.5191 2.6794 -0.961035)
(6.55491 2.48147 -0.751866)
(6.78422 2.63002 -0.752438)
(6.78512 2.62878 -0.961163)
(6.75638 2.83759 -0.752488)
(6.55549 2.48109 -0.960366)
(6.78511 2.62878 -0.543741)
(6.2973 2.53153 -0.751354)
(7.44756 1.63145 -1.17)
(7.88037 2.20464 -1.16998)
(8.09726 2.20456 -1.17001)
(8.0966 1.99548 -1.17004)
(7.8789 1.99552 -1.1699)
(7.87826 1.8 -1.16977)
(8.09624 1.8 -1.17008)
(8.31474 1.8 -1.17021)
(8.31493 1.99546 -1.17009)
(7.66269 1.99565 -1.17003)
(7.66503 2.20498 -1.16996)
(7.66279 1.8 -1.17013)
(8.09723 2.20456 -1.37877)
(8.09648 1.99548 -1.37884)
(8.09706 2.4 -1.17002)
(8.09701 2.4 -1.37875)
(8.3147 1.8 -1.37871)
(8.3149 1.99546 -1.37877)
(8.31515 2.20454 -1.37874)
(7.88021 2.4 -1.17)
(7.88032 2.20464 -1.37876)
(7.88033 2.4 -1.37874)
(7.66476 2.20497 -1.37874)
(7.88035 2.4 -0.126259)
(7.8798 2.20463 -0.126114)
(7.87625 3 -0.335)
(7.88002 2.59886 -0.33503)
(7.88061 2.59288 -0.126273)
(7.87979 2.20464 -0.334813)
(7.88025 2.4 -0.335068)
(7.66408 2.20497 -0.334687)
(7.66411 2.20497 -0.126041)
(7.45004 2.20648 -0.334562)
(7.45016 2.2064 -0.12606)
(7.23909 2.21222 -0.126179)
(7.23892 2.2129 -0.33484)
(7.23958 2.21223 -0.961192)
(7.23931 2.21222 -0.543643)
(7.23955 2.21291 -0.752412)
(7.45182 2.20649 -0.752408)
(7.45108 2.20641 -0.961194)
(7.45062 2.20641 -0.543533)
(7.66489 2.20496 -0.961198)
(7.88033 2.20464 -0.961226)
(7.8803 2.20463 -0.752341)
(7.66509 2.20497 -0.752361)
(7.66446 2.20496 -0.543532)
(7.88002 2.20464 -0.543577)
(8.31509 2.59884 -1.17002)
(8.31436 3 -1.17)
(8.31519 2.59277 -1.37873)
(8.31496 2.4 -1.37871)
(8.31499 2.4 -1.17005)
(7.88038 2.4 -0.96136)
(7.87625 3 -1.17)
(7.87995 2.59886 -1.17)
(7.88059 2.59288 -0.961278)
(7.88009 2.59885 -0.752458)
(7.87625 3 -0.7525)
(8.09731 2.59275 -1.17)
(7.88041 2.4 -0.543737)
(7.88045 2.4 -0.752385)
(7.88064 2.59288 -0.543741)
(8.31507 2.20455 -0.126282)
(8.31505 2.4 -0.126437)
(8.09697 2.20456 -0.12621)
(8.09708 2.4 -0.126262)
(8.31436 3 -0.335)
(8.31508 2.59884 -0.334988)
(8.09736 2.59275 -0.335005)
(8.31523 2.59277 -0.126337)
(8.09743 2.59131 -0.126274)
(8.0971 2.4 -0.335)
(8.09698 2.20456 -0.334897)
(8.31504 2.20455 -0.334918)
(8.31454 1.99546 -0.126093)
(8.31456 1.99546 -0.334695)
(8.53351 1.99546 -0.334662)
(8.53347 1.99545 -0.126101)
(8.09723 2.20457 -0.96121)
(8.09711 2.20457 -0.543657)
(8.09722 2.20456 -0.752437)
(8.31517 2.20455 -1.17003)
(8.31517 2.20455 -0.961255)
(8.31485 1.99546 -0.961236)
(8.31522 2.20455 -0.752505)
(8.31484 1.99547 -0.752388)
(8.3151 2.20455 -0.543694)
(8.31454 1.99546 -0.543608)
(8.53359 1.99544 -1.17004)
(8.53368 1.99544 -0.961137)
(8.53351 1.99545 -0.543561)
(8.53356 1.99545 -0.752444)
(8.53373 2.20453 -1.17004)
(8.53366 2.4 -1.17015)
(8.53374 2.59274 -1.17004)
(8.53328 1.8 -1.17015)
(7.87459 1.8 -0.333541)
(7.87609 1.9955 -0.334)
(8.09533 1.99547 -0.334572)
(8.09457 1.8 -0.334474)
(7.43638 1.996 -0.331508)
(7.47269 1.8 -0.327314)
(7.65435 1.8 -0.332443)
(7.65678 1.99564 -0.333209)
(7.65477 1.63122 -0.332919)
(8.31453 1.8 -0.334554)
(7.43365 1.63142 -0.331107)
(8.53349 1.8 -0.334215)
(8.31453 1.8 -0.126049)
(8.53333 1.8 -0.126066)
(7.5 1.8 -0.12625)
(7.43331 1.63151 -0.125095)
(8.09542 1.99546 -0.126106)
(7.65658 1.99564 -0.125257)
(7.65446 1.63121 -0.12502)
(7.87469 1.8 -0.12532)
(8.09501 1.8 -0.126248)
(7.8761 1.99551 -0.125602)
(7.43635 1.99607 -0.125387)
(7.65372 1.8 -0.125001)
(8.31453 1.8 -0.961259)
(8.31416 1.8 -0.543722)
(8.31474 1.8 -0.752315)
(8.53384 1.8 -0.960927)
(8.53349 1.8 -0.752498)
(8.53339 1.8 -0.543478)
(7.87659 1.8 -0.751231)
(7.5 1.8 -0.7525)
(8.09643 1.99548 -0.961263)
(8.09573 1.99547 -0.543463)
(7.66029 1.99565 -0.961027)
(7.65818 1.99566 -0.542821)
(7.87527 1.8 -0.54286)
(7.87797 1.99551 -0.751888)
(7.87736 1.8 -0.961045)
(8.09618 1.8 -0.752486)
(7.66205 1.8 -0.752761)
(7.4483 1.99601 -0.752306)
(7.5 1.8 -0.54375)
(7.5 1.8 -0.96125)
(7.44665 1.63144 -0.752205)
(8.09603 1.8 -0.961448)
(8.09633 1.99548 -0.752346)
(7.87827 1.99552 -0.961049)
(8.09524 1.8 -0.543526)
(7.87676 1.99551 -0.54304)
(7.44047 1.99607 -0.961169)
(7.43855 1.63151 -0.961137)
(7.65783 1.8 -0.96078)
(7.66194 1.99564 -0.752288)
(7.43799 1.99606 -0.542944)
(7.43536 1.63151 -0.542712)
(7.65582 1.8 -0.542496)
(8.53371 2.20454 -1.37874)
(8.53358 1.99545 -1.37875)
(8.53347 1.8 -1.37875)
(8.53361 2.4 -1.37873)
(8.53374 2.59129 -1.37874)
(8.53368 2.20454 -0.334946)
(8.53366 2.20454 -0.126276)
(8.53354 2.4 -0.126429)
(8.31499 2.4 -0.961307)
(8.3152 2.4 -0.752636)
(8.31491 2.4 -0.334927)
(8.31436 3 -0.7525)
(8.31518 2.59883 -0.75253)
(8.31522 2.59277 -0.961263)
(8.315 2.4 -0.54373)
(8.31524 2.59276 -0.543737)
(8.09702 2.4 -0.961155)
(8.09717 2.4 -0.543731)
(8.09738 2.59275 -0.752485)
(8.0974 2.59131 -0.96122)
(8.0971 2.4 -0.752483)
(8.09748 2.59131 -0.543738)
(8.53366 2.4 -0.961067)
(8.53359 2.4 -0.543697)
(8.53377 2.59273 -0.75243)
(8.53374 2.20455 -0.752424)
(8.53373 2.59272 -0.335002)
(8.53374 2.20455 -0.961172)
(8.53377 2.59128 -0.961178)
(8.53369 2.4 -0.752364)
(8.53363 2.4 -0.33499)
(8.53373 2.59129 -0.126319)
(8.53369 2.20454 -0.543675)
(8.53375 2.59128 -0.543706)
(7.45284 2.4 -0.126312)
(7.45018 2.59707 -0.126295)
(7.45257 2.4 -0.335163)
(7.45008 2.59719 -0.335068)
(7.45024 2.59719 -0.752486)
(7.45004 2.59707 -0.961228)
(7.45269 2.4 -0.961222)
(7.45309 2.4 -0.752499)
(7.44133 2.81253 -0.752497)
(7.44128 2.81194 -0.961244)
(7.43479 3 -0.96125)
(7.48491 3 -0.7525)
(7.45299 2.4 -0.543715)
(7.45023 2.59707 -0.543746)
(7.44132 2.81194 -0.543751)
(7.48491 3 -0.335)
(7.43479 3 -0.54375)
(7.44132 2.81253 -0.335011)
(7.44131 2.81194 -0.12626)
(7.43479 3 -0.12625)
(7.66573 2.4 -0.12625)
(7.66523 2.4 -1.16994)
(7.66511 2.59271 -1.16996)
(7.66554 2.4 -0.961277)
(7.66567 2.4 -0.543752)
(7.66543 2.59271 -0.752443)
(7.66539 2.5927 -0.335052)
(7.66538 2.59198 -0.961245)
(7.66563 2.4 -0.75237)
(7.66551 2.59198 -0.543748)
(7.66556 2.4 -0.335084)
(7.66552 2.59198 -0.126286)
(7.66528 2.4 -1.37867)
(7.88052 2.59288 -1.37874)
(8.09737 2.59131 -1.37875)
(7.66518 2.59198 -1.3787)
(7.22304 2.81228 -0.961245)
(7.22305 2.81228 -0.54375)
(7.22305 2.81228 -0.126256)
(7.219 3 -0.335)
(7.23523 2.6004 -0.752491)
(7.219 3 -0.7525)
(7.23519 2.6004 -0.335013)
(7.2352 2.60035 -0.961237)
(7.22305 2.81236 -0.752497)
(7.23522 2.60035 -0.126265)
(7.23524 2.60035 -0.543748)
(7.22305 2.81236 -0.335004)
(7.219 3 -0.96125)
(7.219 3 -0.54375)
(7.219 3 -0.12625)
(7.3 2.4 -0.12625)
(7.3 2.4 -0.96125)
(7.3 2.4 -0.54375)
(7.3 2.4 -0.335)
(7.3 2.4 -0.7525)
(7.66034 1.99567 -1.37899)
(7.87751 1.8 -1.37855)
(8.09605 1.8 -1.37889)
(7.87842 1.99551 -1.37875)
(7.43874 1.63157 -1.37886)
(7.65796 1.8 -1.37938)
(6.95661 1.50089 -3.72116)
(6.9944 1.50158 -3.27934)
(6.43496 1.5018 -3.84055)
(7.01565 1.50216 -2.8428)
(7.02088 1.16547 -2.84222)
(6.53687 1.50346 -3.31746)
(6.50217 1.50278 -3.542)
(6.32825 1.50368 -3.51984)
(6.31686 1.50297 -3.34591)
(5.99991 1.32377 -3.32817)
(5.99667 1.30277 -3.26249)
(6.17222 1.30626 -3.18354)
(6.06102 1.31202 -3.4093)
(6.0583 1.50011 -3.4056)
(6.17327 1.49763 -3.17424)
(6.22969 1.50348 -3.60252)
(6.1495 1.50345 -3.51001)
(6.31934 1.50328 -3.70593)
(7.01155 0.781507 -3.26987)
(7.01596 0.59378 -3.26155)
(7.3 0.6 -3.2575)
(7.23818 0.788705 -3.25989)
(7.00376 1.16352 -3.27495)
(7.30001 8.44254e-09 -3.2575)
(7.42532 0.400812 -3.25769)
(7.23032 0.404946 -3.25865)
(6.99971 0.392065 -3.26294)
(6.96581 0.182951 -3.26357)
(6.96177 5.57851e-06 -3.2866)
(6.58788 0.372661 -2.84583)
(6.58835 0.563105 -2.85785)
(6.59402 0.759357 -2.85224)
(6.58109 2.63013e-05 -2.79171)
(6.57927 0.180303 -2.83928)
(7.03541 1.11094e-06 -2.8405)
(6.98533 3.85548e-06 -3.0516)
(6.99492 0.184661 -3.05251)
(7.02647 0.185334 -2.84116)
(7.02166 0.39087 -2.84172)
(7.00962 0.391395 -3.0525)
(7.02372 0.78291 -2.84237)
(7.02345 0.593833 -2.84106)
(7.01967 0.594048 -3.05086)
(7.01902 0.784456 -3.05282)
(6.7954 0.182487 -2.84157)
(6.79633 8.04422e-06 -2.84296)
(6.79732 0.377342 -2.84463)
(7.01029 0.78319 -3.47551)
(6.99316 0.777466 -3.69583)
(6.97129 1.15486 -3.71355)
(6.94973 3.46461e-06 -3.6653)
(6.94775 0.181272 -3.69252)
(6.98766 0.388925 -3.68739)
(7.00513 0.399317 -3.47185)
(6.54727 0.752292 -3.31834)
(6.57379 0.750168 -3.10143)
(6.57386 0.560019 -3.09464)
(6.55374 0.55842 -3.31092)
(6.55291 0.369971 -3.29086)
(6.56983 0.371754 -3.07499)
(6.53319 0.936179 -3.332)
(6.54047 1.1288 -3.31864)
(6.56154 0.180689 -3.06084)
(6.54327 0.179935 -3.27753)
(6.55763 5.48604e-05 -3.05379)
(6.55903 7.07591e-05 -3.29256)
(6.77264 0.376795 -3.27202)
(6.75872 0.18196 -3.26744)
(6.74971 1.84302e-05 -3.26159)
(6.52909 1.31395 -3.33213)
(6.50398 1.31262 -3.54601)
(6.41678 1.31198 -3.81931)
(6.43557 1.12313 -3.84129)
(6.41864 0.935516 -3.82152)
(6.42713 0.829972 -3.83148)
(6.49319 0.742975 -3.90872)
(6.51298 0.754451 -3.53629)
(6.54381 0.558218 -3.50891)
(6.53601 0.559863 -3.7063)
(6.55148 0.365923 -3.49276)
(6.55138 0.363523 -3.68953)
(6.51222 0.360443 -3.93093)
(6.51228 0.552449 -3.93101)
(6.51187 0.168528 -3.93054)
(6.54893 2.76706e-05 -3.67693)
(6.50984 5.03735e-08 -3.92814)
(6.54298 0.174246 -3.68958)
(6.54225 0.177767 -3.48586)
(6.53028 6.01873e-05 -3.48526)
(6.50378 1.12371 -3.54334)
(6.50777 0.93591 -3.54546)
(6.23108 1.12096 -3.604)
(6.05988 1.11329 -3.40774)
(6.23323 0.739599 -3.60621)
(6.05871 0.731258 -3.40665)
(6.18914 0.757344 -2.78214)
(5.67693 0.741914 -2.95271)
(6.1829 -0.000292123 -2.77526)
(5.63619 0.000643238 -2.88217)
(6.19498 0.377886 -2.77188)
(6.00051 4.23748e-06 -3.33302)
(5.66718 0.363977 -2.94528)
(6.0565 0.370127 -3.40088)
(5.98417 0.16783 -2.65018)
(5.99577 0.547284 -2.6366)
(5.99746 0.166179 -3.27673)
(5.99764 0.564045 -3.28291)
(6.3468 0.552029 -3.50127)
(6.34867 0.179322 -3.07715)
(6.36359 0.557152 -3.12466)
(6.33419 0.173722 -3.48684)
(5.99651 0.933901 -3.26156)
(5.98293 0.934475 -2.64507)
(6.06056 0.927561 -3.40854)
(6.17577 1.11067 -3.17888)
(5.9999 1.09547 -3.32164)
(6.15013 0.738009 -3.51047)
(6.33381 0.741728 -3.72284)
(6.17284 0.732532 -3.18835)
(5.9999 0.710217 -3.31943)
(6.32952 0.739689 -3.3423)
(6.06075 0.549936 -3.40643)
(6.18389 0.933629 -2.78479)
(5.95123 0.765446 -2.68772)
(6.21215 0.761441 -2.61727)
(6.38519 0.752908 -2.84396)
(6.1538 0.560681 -2.82103)
(5.67892 0.553717 -2.96036)
(5.67628 0.931535 -2.95045)
(6.36139 6.91664e-05 -2.82783)
(5.92285 0.0112186 -2.72275)
(6.17567 0.176235 -2.7866)
(6.13277 0.000385682 -3.06663)
(6.18605 -0.000721311 -2.61717)
(6.31393 3.14722e-07 -3.69956)
(6.13958 1.62161e-06 -3.49607)
(5.99999 0.388804 -3.33006)
(6.32992 0.367487 -3.32416)
(5.64786 0.17001 -2.92854)
(5.72329 0.00280342 -3.01017)
(6.31978 0.358706 -3.70649)
(6.14544 0.362019 -3.50374)
(5.95635 0.379507 -2.68173)
(6.20984 0.377034 -2.61736)
(6.1706 0.375432 -3.18594)
(6.3805 0.372774 -2.83341)
(6.04388 0.171998 -3.3868)
(6.3047 0.000283125 -3.28328)
(5.99999 0.000199721 -3.33261)
(6.33768 0.74201 -3.51265)
(6.36466 0.742648 -3.12862)
(6.17692 0.928784 -3.1794)
(5.78834 0.169437 -3.09091)
(6.20158 0.174415 -2.61932)
(6.20654 0.558367 -2.62291)
(6.36879 0.179854 -2.82714)
(6.37604 0.561493 -2.85117)
(6.21366 0.935097 -2.61539)
(5.98078 0.379509 -2.64841)
(5.92228 0.172162 -2.72657)
(5.85114 0.554976 -2.78336)
(5.97813 0.765445 -2.65029)
(6.32029 0.550585 -3.7071)
(6.31794 0.16645 -3.70434)
(5.99997 0.546833 -3.33145)
(6.14924 0.550358 -3.50849)
(5.99994 0.388733 -3.32837)
(5.99999 0.161522 -3.32583)
(6.15702 0.174992 -3.14168)
(6.16901 0.556924 -3.18792)
(5.99957 0.710615 -3.31038)
(6.13711 0.168623 -3.49394)
(6.33322 0.55319 -3.33595)
(6.34561 0.362507 -3.49433)
(6.36063 0.370737 -3.10669)
(6.31793 0.177471 -3.30056)
(5.99664 1.10309 -3.25688)
(5.99989 0.935091 -3.32688)
(5.91911 0.93412 -2.72749)
(5.98503 0.00562517 -2.64415)
(6.33918 0.000188409 -3.05659)
(6.31701 0.000106676 -3.48679)
(5.99987 0.0201436 -3.0877)
(6.23079 1.31168 -3.60371)
(6.15121 1.11852 -3.51192)
(6.23187 0.930167 -3.60479)
(6.15102 1.31128 -3.51172)
(6.15093 0.928853 -3.51159)
(6.32934 1.31187 -3.52156)
(6.41544 0.549788 -3.81805)
(6.33142 0.931234 -3.52073)
(6.31917 1.11916 -3.34802)
(6.3202 1.12146 -3.70696)
(6.31979 1.31186 -3.7065)
(6.32987 1.12062 -3.52155)
(6.31913 1.31192 -3.34802)
(6.4153 0.680887 -3.8179)
(6.32088 0.93226 -3.7077)
(6.32196 0.929907 -3.3476)
(6.72811 9.98941e-06 -3.70137)
(6.75705 0.371959 -3.6956)
(6.74024 0.179099 -3.69611)
(6.72612 0.764159 -3.73174)
(6.777 0.182373 -3.05488)
(6.78472 0.377162 -3.05949)
(6.77332 1.34545e-05 -3.05214)
(7.06168 1.60406e-08 -2.63114)
(7.04663 0.186041 -2.63143)
(7.03142 0.392693 -2.63168)
(7.3 1.19141e-09 -2.86348)
(7.45189 0.793934 -2.84014)
(7.4416 0.403522 -2.8401)
(7.5 1.2 -2.84)
(7.26438 0.187512 -2.63133)
(7.3 -9.62802e-10 -2.83687)
(7.44817 0.40322 -2.63132)
(7.44563 0.406946 -3.0489)
(7.5 1.2 -2.63125)
(7.23973 0.401108 -2.84039)
(7.37015 0.186315 -2.84008)
(7.40618 -1.90348e-08 -2.63125)
(7.4524 0.6 -2.83998)
(7.45102 0.793963 -2.63134)
(7.44877 1.00407 -2.84004)
(7.24433 0.400701 -2.63139)
(7.4258 0.187848 -2.63129)
(7.25177 0.187256 -2.84026)
(7.44044 1.00402 -2.63131)
(7.45183 0.6 -2.63124)
(7.45306 0.6 -3.0486)
(7.3 -8.44586e-10 -2.63125)
(7.3 0.6 -2.63125)
(7.3 0.6 -3.04875)
(7.02504 0.784967 -2.63189)
(7.24047 0.789003 -2.84055)
(7.24077 0.789253 -2.63145)
(7.3 0.6 -2.84)
(7.02619 0.594354 -2.6316)
(7.23569 0.405072 -3.04954)
(7.23943 0.789114 -3.04983)
(7.00277 1.83994 -3.2713)
(7.01758 1.8398 -2.84051)
(6.18763 2.12185 -2.60862)
(5.98579 2.08507 -2.63756)
(5.93651 2.07973 -2.7019)
(6.16881 2.12168 -2.76381)
(5.99845 2.33003 -2.63461)
(5.98111 2.31898 -2.65434)
(6.429 1.80156 -3.83353)
(6.32892 1.89324 -3.717)
(6.32768 1.8969 -3.50227)
(6.50578 1.88043 -3.52933)
(6.15471 2.13382 -3.10745)
(5.99786 2.16165 -3.16086)
(5.99914 2.3191 -3.02398)
(6.53736 1.88411 -3.3035)
(6.31261 1.8948 -3.3312)
(6.05161 1.89132 -3.39528)
(6.16897 1.89147 -3.17974)
(5.99953 2.09268 -3.31236)
(6.03766 2.10174 -3.37603)
(6.22455 1.90115 -3.59616)
(6.13935 1.90244 -3.49748)
(6.97187 1.84362 -3.7102)
(6.54331 2.28422 -3.67613)
(6.27951 2.51958 -3.65943)
(6.30335 2.30382 -3.68697)
(6.53135 2.08167 -3.69536)
(6.30982 2.09788 -3.69465)
(7.00052 2.22906 -3.68494)
(7.012 2.22108 -3.47047)
(6.76465 2.2631 -3.68383)
(7.0101 2.22554 -3.26205)
(6.41717 1.69146 -3.81971)
(6.50391 1.69331 -3.54195)
(6.52754 1.69511 -3.32588)
(5.79766 2.20236 -2.79507)
(5.81772 2.22174 -2.94633)
(5.99565 1.49122 -3.24525)
(5.99988 1.48609 -3.3204)
(5.99506 1.70083 -3.23701)
(6.05573 1.69921 -3.40212)
(5.99979 1.86918 -3.32348)
(6.17519 1.69862 -3.16446)
(5.99935 1.86931 -3.312)
(5.99982 1.70731 -3.31766)
(5.71089 2.11413 -2.99488)
(6.14611 1.70054 -3.50605)
(6.32718 1.69835 -3.51614)
(6.3186 1.69605 -3.70497)
(6.31584 1.69868 -3.34159)
(7.01656 2.22613 -2.83908)
(7.01906 2.22033 -2.63088)
(6.56069 2.30496 -2.6235)
(6.56045 2.2924 -2.83082)
(6.2919 2.52783 -2.83257)
(6.29543 2.53024 -2.62514)
(6.18888 2.45925 -2.61808)
(6.18271 2.4551 -2.8187)
(6.53532 2.29208 -3.47369)
(6.53648 2.28619 -3.27009)
(6.54601 2.29808 -3.04863)
(7.01669 2.22 -3.0498)
(6.13344 2.42227 -3.48869)
(6.27339 2.51569 -3.47313)
(6.27637 2.51745 -3.2638)
(6.14925 2.43265 -3.26907)
(6.17054 2.44721 -3.04371)
(6.28531 2.52336 -3.0477)
(6.53032 2.09047 -3.49392)
(6.53228 2.09192 -3.29272)
(6.19701 2.46439 -3.56318)
(6.09417 2.39457 -2.78158)
(6.10299 2.40136 -2.61006)
(6.076 2.38205 -3.03959)
(6.00438 2.32839 -3.29138)
(5.99969 2.30997 -3.30504)
(6.21643 2.11032 -3.586)
(6.12467 2.11923 -3.47846)
(6.08575 2.38444 -3.43329)
(6.20364 2.32362 -3.5703)
(6.33607 2.32893 -2.81721)
(6.34264 2.33291 -2.61806)
(6.29612 2.30887 -3.27643)
(6.31248 2.3214 -3.45941)
(6.32368 2.32086 -3.04494)
(6.32731 2.10707 -3.47956)
(6.30659 2.10223 -3.3104)
)


// ************************************************************************* //
