/*--------------------------------*- C++ -*----------------------------------*\
| =========                 |                                                 |
| \\      /  F ield         | OpenFOAM: The Open Source CFD Toolbox           |
|  \\    /   O peration     | Version:  dev                                   |
|   \\  /    A nd           | Web:      www.OpenFOAM.org                      |
|    \\/     M anipulation  |                                                 |
\*---------------------------------------------------------------------------*/
FoamFile
{
    version     2.0;
    format      ascii;
    class       labelList;
    note        "nPoints:18152  nCells:13986  nFaces:45869  nInternalFaces:41892";
    location    "constant/polyMesh";
    object      neighbour;
}
// * * * * * * * * * * * * * * * * * * * * * * * * * * * * * * * * * * * * * //


41892
(
1
72
87
442
4402
4413
3
66
142
4401
4413
3
75
144
4412
4417
67
143
4411
4416
5
12
16
50
119
1044
13
16
25
50
108
177
1569
7
8
18
31
187
436
11
17
90
190
431
10
11
21
46
191
10
11
14
19
125
192
15
49
54
196
20
127
197
14
19
51
106
1051
15
16
36
50
224
15
16
120
225
39
51
228
123
230
18
20
246
439
1071
21
56
435
1072
20
54
245
1075
21
248
1077
54
61
1078
23
24
26
30
1565
1568
25
33
34
38
1571
25
27
30
260
1565
1567
7941
34
36
38
268
1570
28
33
52
1566
1573
29
30
338
1565
7969
29
30
37
43
339
44
342
1566
7970
38
344
32
46
56
359
405
41
48
55
361
404
35
37
53
1582
35
36
50
1584
39
51
59
1585
38
39
383
38
39
47
384
387
49
388
41
42
307
407
1596
7927
45
57
310
406
44
45
300
1598
7961
44
45
47
52
301
305
1597
7962
48
58
306
48
49
61
352
48
49
53
353
60
356
59
358
51
1579
54
1580
53
58
1589
1597
59
60
1590
59
1591
56
57
60
62
1593
61
64
1594
58
63
1596
1600
60
1598
1607
61
1611
61
1614
1615
63
64
404
653
1617
65
402
406
1618
405
435
657
1046
407
411
1596
1619
8013
67
68
72
73
184
75
76
81
185
72
73
74
80
81
84
85
450
4413
12420
12488
80
82
83
4414
12452
71
73
78
273
12488
12491
74
272
472
12488
12490
74
183
474
74
76
296
295
476
77
82
186
77
78
85
297
79
86
298
79
254
12493
12497
299
12492
12499
81
84
4415
12450
82
85
4416
86
4417
84
86
12448
12495
85
12422
12496
86
12497
12499
88
96
97
99
142
183
747
4429
96
97
98
174
710
90
93
124
247
420
5675
94
127
246
419
92
93
102
107
417
4695
94
103
130
188
421
94
131
423
4697
134
190
422
99
100
101
104
145
4435
99
100
771
4436
99
101
146
200
100
101
201
425
772
149
4439
426
774
4441
105
151
204
103
104
112
418
4442
105
154
213
424
105
155
426
4444
158
216
425
118
119
120
245
1047
112
129
130
131
4699
109
117
119
121
123
1039
5679
115
135
136
138
141
177
4701
116
128
135
137
139
178
113
142
146
147
148
175
153
154
155
4458
143
160
161
162
179
115
144
159
161
163
165
180
4459
166
167
169
172
181
4461
152
166
168
170
182
121
122
123
138
5686
121
122
249
1048
5687
121
123
1041
122
123
125
139
1043
5690
126
140
5691
141
126
127
131
250
5680
126
127
132
245
133
249
5684
134
248
129
130
132
152
173
133
137
153
4703
134
154
194
133
134
4705
133
134
139
192
140
4707
197
136
141
166
227
137
138
167
4700
140
168
4709
140
141
4712
140
141
225
4714
230
143
146
147
149
184
4481
144
160
161
163
185
4456
186
4498
149
150
151
155
4499
149
151
207
149
150
160
4501
150
151
156
162
208
4503
157
164
4504
158
211
153
154
156
176
157
168
4507
158
220
157
158
4509
157
158
170
218
171
4511
223
163
164
165
169
4482
163
164
4483
163
165
233
164
165
170
234
4486
171
4487
172
237
167
172
241
168
169
4460
171
4513
171
172
4516
171
172
239
4518
244
176
178
192
193
194
183
199
200
201
511
179
184
206
207
208
182
218
219
220
181
224
227
229
230
268
182
225
226
227
185
232
233
234
181
186
231
233
235
237
269
238
241
243
244
271
239
240
241
184
199
200
202
295
504
185
206
207
209
296
186
232
233
235
297
298
189
190
191
359
434
189
190
194
213
430
195
215
362
433
197
432
195
196
197
352
196
197
225
195
196
219
226
355
195
197
220
221
357
228
358
202
203
204
205
212
281
202
203
283
550
202
204
207
203
204
428
554
209
285
214
286
555
211
216
209
210
211
217
363
209
210
232
365
209
211
210
211
218
234
367
222
236
369
223
214
215
216
217
377
215
216
220
427
380
428
429
807
221
382
429
223
428
221
222
223
370
222
223
239
221
222
240
373
221
223
375
242
376
228
229
230
383
228
230
228
229
240
386
229
230
241
388
243
389
235
236
237
238
288
235
236
289
235
237
236
237
239
292
242
294
244
242
243
244
390
242
244
242
243
393
243
244
395
396
248
249
1055
247
248
438
1057
250
437
1058
5694
250
1061
250
1062
5681
1065
5693
253
254
257
275
276
277
256
282
283
284
295
544
265
289
290
291
297
273
275
276
278
297
299
8393
258
259
264
301
302
303
272
312
313
314
454
265
273
319
320
321
262
266
326
327
328
262
267
339
340
341
263
268
338
340
343
344
8405
263
269
274
276
278
280
299
8408
270
346
347
348
271
345
347
350
351
8409
266
267
353
354
355
296
364
365
366
270
371
372
373
270
384
385
386
271
383
385
387
389
271
288
290
292
293
298
391
392
393
390
392
394
396
273
295
312
313
315
451
8381
296
319
320
322
8392
278
279
280
345
8444
278
279
320
8445
278
280
290
279
280
291
321
346
8446
323
349
8447
293
351
285
286
287
363
377
285
287
295
313
364
285
286
295
510
286
287
314
378
547
295
367
380
549
317
368
381
292
293
294
390
292
294
297
365
292
293
297
293
294
366
391
297
394
369
395
296
519
297
364
365
367
298
299
8394
304
305
306
307
8083
305
306
339
353
304
306
308
327
354
304
305
328
341
8420
309
329
8421
342
8476
310
356
309
310
410
8081
309
310
334
360
401
335
409
8398
361
408
315
316
317
318
332
8396
315
316
486
8385
315
317
319
316
317
333
488
322
8387
336
490
8388
324
337
322
323
324
325
8425
322
324
364
322
323
8426
323
324
326
366
8427
330
8428
331
368
329
330
331
332
8432
330
331
346
371
329
331
334
372
329
330
348
8433
335
8434
349
8435
337
374
335
336
337
8401
336
337
378
397
493
335
337
379
397
399
8402
399
700
8391
381
342
343
344
8438
342
344
384
343
344
347
385
342
343
348
8439
8478
350
8440
387
349
350
351
8451
349
351
391
350
351
392
349
350
8452
8453
8454
394
356
357
358
359
356
358
384
356
357
360
372
357
358
373
386
361
362
375
388
361
362
416
361
362
379
403
414
382
415
367
368
369
370
367
368
367
369
368
369
371
374
376
374
375
376
377
374
376
391
374
375
379
375
376
393
381
382
395
380
381
382
380
381
398
572
381
382
398
400
577
400
387
388
389
387
388
387
389
392
388
389
393
396
394
395
396
394
395
394
396
395
396
398
399
401
683
400
403
514
409
698
8390
415
429
574
403
408
409
654
411
412
653
664
1128
414
415
655
405
406
414
659
416
436
662
407
408
412
410
413
8141
410
414
668
410
670
8483
8084
8157
413
665
1132
8153
413
659
666
668
663
8084
8154
416
674
416
433
676
434
679
418
421
423
733
4797
424
426
778
4800
420
422
431
438
728
423
437
729
6045
422
424
430
732
423
432
735
736
4799
425
427
777
426
428
780
781
4802
428
429
430
793
803
433
804
432
433
835
432
436
439
836
434
838
434
839
436
861
436
439
857
1291
859
438
870
1231
6109
439
876
1275
878
1279
441
447
460
704
4679
443
445
459
745
4678
443
474
747
4689
4690
473
746
4688
4690
445
446
449
4690
4692
12292
447
463
4690
4693
447
464
4691
12295
465
4694
456
457
470
477
478
481
482
503
8640
450
463
464
467
12280
463
467
468
473
474
475
476
4690
12256
12508
454
470
472
484
485
486
519
8643
456
480
481
482
483
502
681
8634
455
478
479
480
684
8635
484
486
488
544
497
499
500
691
8638
458
517
8641
458
461
471
12510
12514
462
12509
12516
460
461
463
473
516
462
465
518
462
468
475
503
469
517
465
468
465
466
12281
469
467
469
12283
12511
468
12284
12512
469
12514
12516
471
495
496
497
498
520
8642
472
475
12508
12519
476
12508
12518
474
475
521
476
504
476
520
519
478
479
481
496
522
482
497
8646
483
499
524
686
482
483
687
8647
482
483
526
8649
528
690
485
489
495
545
486
487
498
8691
490
8689
489
490
500
696
8688
489
490
493
547
494
501
548
700
8690
492
499
559
686
691
692
494
501
562
693
694
494
572
683
700
575
696
697
496
498
501
579
497
499
580
498
8660
500
8661
501
582
501
693
8663
584
506
509
517
525
526
527
528
516
517
520
522
523
526
527
511
519
521
550
551
552
747
523
524
525
529
536
578
518
532
533
534
535
705
791
529
531
535
565
751
796
512
536
537
542
589
795
539
540
541
542
592
681
791
519
543
544
549
550
550
552
554
710
557
558
563
595
809
515
521
551
564
567
569
572
573
574
655
683
520
543
579
581
583
518
521
530
531
533
534
745
518
704
520
543
544
545
521
579
580
581
564
567
568
746
523
524
526
580
527
530
581
528
538
582
527
528
532
539
527
528
534
541
530
532
566
797
531
534
567
533
568
706
534
535
799
534
535
749
754
801
538
539
557
797
538
540
558
613
685
541
559
686
541
542
799
541
542
615
688
690
617
800
545
546
551
545
547
548
579
548
549
553
571
583
548
549
572
575
584
555
577
551
555
552
553
556
564
770
555
556
569
802
555
556
772
803
807
570
775
808
559
560
578
811
559
561
641
692
562
582
562
563
571
583
812
562
563
573
643
694
575
584
576
645
814
568
570
764
566
568
570
765
810
567
569
578
811
568
581
709
570
583
812
768
815
575
576
577
802
575
577
575
576
675
697
576
577
676
804
678
806
807
581
582
583
580
584
581
582
584
584
587
593
597
598
600
8089
588
590
607
608
609
610
1097
8102
594
604
606
607
8108
592
600
601
602
603
681
8085
595
611
613
617
823
592
621
622
623
624
843
1099
596
611
619
620
621
844
614
615
616
617
818
594
625
626
628
8096
632
634
635
8125
639
641
645
830
639
647
648
649
845
599
602
625
680
8090
599
603
606
612
626
601
613
627
685
602
603
607
8091
602
603
615
688
689
8093
610
616
605
609
632
1103
8110
606
608
618
633
1104
610
619
634
609
610
8111
609
610
622
1107
1108
8113
623
612
614
639
849
613
616
619
640
615
641
616
617
621
850
616
617
623
827
619
620
622
646
1110
623
647
624
648
846
1112
623
624
847
623
624
1114
848
1116
627
630
682
8097
627
631
634
640
629
641
692
630
631
635
667
8136
630
631
643
669
694
671
695
8099
638
644
672
633
637
1117
8127
634
636
646
1118
638
647
637
638
663
8132
637
638
650
664
1120
665
1121
8134
652
666
640
642
854
641
644
647
643
644
645
649
673
855
644
645
675
652
677
678
833
647
648
650
1122
652
651
851
1124
651
652
656
852
651
652
658
1125
660
853
1126
661
657
658
659
1127
655
668
669
670
683
674
675
676
660
661
662
673
856
660
662
857
1129
660
661
664
1130
661
662
674
858
1131
666
677
679
859
665
666
667
8152
665
666
1133
1134
8155
672
671
672
8084
8160
672
674
8084
671
672
675
697
671
698
8084
8484
699
8101
677
677
678
679
860
677
679
677
678
678
679
839
841
861
682
684
685
689
8651
687
688
689
690
8636
691
692
695
8665
697
698
686
687
691
8652
686
688
692
690
689
690
8654
689
690
8656
693
8666
694
695
696
8668
695
697
699
8670
699
700
8695
699
699
700
8696
8697
8698
708
721
722
723
790
4716
711
731
732
737
738
840
712
720
738
740
742
820
705
745
4750
707
748
749
752
754
4722
709
745
749
750
751
708
757
758
761
790
791
4725
756
757
758
4724
746
763
764
765
747
770
771
772
776
777
782
783
805
755
783
785
787
794
715
716
727
741
866
6036
715
716
718
742
828
862
719
743
864
6038
730
744
829
865
719
723
816
817
869
6032
719
724
816
821
863
725
868
6034
721
722
724
755
819
725
740
756
4730
726
757
790
826
725
726
790
4732
725
726
742
824
743
4734
790
816
825
729
730
734
871
6040
729
730
735
836
876
736
870
6043
737
837
877
733
734
739
776
4719
733
735
777
835
736
778
4743
736
737
741
4746
736
737
838
4749
744
842
739
744
783
832
740
741
784
4718
743
785
4736
743
744
4739
743
744
831
4741
834
746
749
750
752
4751
747
763
764
766
4721
770
771
773
4759
752
753
754
758
4760
752
754
752
753
763
4762
753
754
759
765
4764
760
767
4765
761
756
757
759
792
760
785
4768
761
798
760
761
4770
760
761
787
796
788
4772
801
766
767
768
769
786
4752
766
767
4753
766
768
770
767
768
787
773
4756
788
4757
775
789
773
774
775
779
4774
773
775
773
774
4776
774
775
780
4778
781
4780
782
778
779
784
4728
778
780
793
781
4788
781
782
786
4791
781
782
803
4794
789
808
784
789
813
785
786
4727
788
4781
788
789
4784
788
789
810
4786
815
817
818
4717
798
799
800
801
818
794
795
796
798
819
803
804
805
835
809
810
813
820
797
800
809
823
797
801
810
799
811
800
801
826
800
801
827
806
807
808
812
807
808
806
807
839
806
808
813
840
814
841
815
811
814
830
811
815
812
814
815
814
815
832
833
817
822
867
843
867
869
1234
6028
825
826
827
843
850
820
823
824
826
830
831
832
822
824
828
844
872
825
843
847
873
827
830
849
825
831
849
826
850
827
850
829
831
845
874
834
837
852
875
833
854
834
854
833
834
840
841
855
842
855
838
839
840
837
838
859
878
842
856
879
842
861
841
861
841
842
860
860
847
848
873
1236
845
846
847
849
851
852
854
848
851
872
1248
848
850
873
1252
850
854
853
874
1255
853
855
856
858
875
1258
855
860
858
859
860
858
859
878
1281
879
1284
861
861
863
864
865
874
1215
867
868
872
1239
866
868
1217
6067
866
875
877
1218
871
1221
6104
869
873
1241
869
1243
6064
1245
6066
871
876
1224
6105
877
1225
6106
873
874
1247
1250
875
1254
879
1257
877
878
1269
879
1270
879
1278
1283
882
883
886
1920
1964
1968
882
883
891
993
1202
1929
892
994
1920
1962
887
1204
1963
1971
885
886
888
889
1359
1977
887
890
1198
1356
1978
887
888
892
1979
891
1199
1980
889
892
893
1357
1920
1972
2299
890
892
895
1358
891
897
1260
1360
892
899
1261
900
894
895
898
900
921
1365
2008
2301
895
896
898
923
1366
897
900
1367
897
901
1005
1265
1368
899
1263
1369
900
901
992
1006
900
901
993
1266
994
995
1009
1267
924
931
932
933
9936
904
911
972
973
975
977
1010
1017
1018
1020
2615
9939
925
1016
1017
1018
9935
911
916
926
1023
1024
1025
917
927
938
939
940
913
918
945
946
947
1142
909
930
933
935
936
951
954
956
957
8162
9937
919
937
940
942
943
944
946
949
950
1136
915
952
953
954
8163
9938
912
920
958
959
962
963
1023
1025
1027
2304
921
965
966
968
970
1010
1374
2303
922
959
960
961
1156
965
967
969
1003
1165
1375
973
974
1392
8164
9956
920
928
1030
1031
1032
929
979
980
981
922
986
987
988
1149
978
981
983
984
985
988
989
991
1138
2010
921
996
998
1000
1001
1030
1032
1035
2008
2306
923
1004
1006
1008
1376
2305
997
998
999
1161
1004
1005
1006
1377
925
927
931
932
934
3037
9941
926
1016
1017
1019
2615
3036
9934
927
928
1023
1024
1026
2173
2304
929
938
939
941
2156
929
1030
1031
1033
1850
2014
2306
979
980
982
1835
2013
934
935
936
937
1015
934
936
1016
9944
934
935
938
935
936
9945
941
1019
943
1021
9948
941
942
943
1022
941
943
941
942
980
1024
942
943
981
1026
983
1028
948
949
950
951
1022
948
949
959
987
1025
949
950
988
1145
948
950
953
961
1135
955
962
1027
989
1028
956
1147
955
956
957
1015
955
957
973
1018
9953
955
956
974
8165
956
957
8169
9951
975
1020
8170
1021
9955
962
963
964
968
972
962
963
998
963
964
969
999
1158
962
964
974
1139
975
970
1000
971
976
1159
966
970
1004
1378
967
968
1013
1379
971
1011
1167
1380
970
971
1014
970
971
1007
1168
1008
1012
1169
975
976
977
1014
975
977
9960
975
976
8172
1012
1392
8177
1038
1392
9940
982
983
984
1029
2016
982
984
2019
982
983
1031
983
984
1033
2020
1034
2022
989
990
991
1029
2023
990
991
997
1148
2026
989
990
998
1032
989
991
1152
1034
1001
1035
2027
1154
2029
994
995
996
2008
2032
994
995
1309
2012
2008
2030
1002
1310
2031
1000
1001
1002
1006
1001
1002
1160
2031
1000
1001
1000
1002
1007
1163
1008
2032
1009
1164
1004
1005
1007
1166
1385
1008
1386
1009
1170
1387
1008
1009
1008
1009
1171
1172
1013
1014
1036
1038
1710
2616
9969
1012
1013
1037
1712
8183
1014
1393
8184
1014
1036
1713
1038
1019
1020
1021
1022
1019
1021
9964
1019
1020
1023
1020
1021
9965
1026
1027
9968
1026
1027
1028
1026
1027
1026
1028
1031
1027
1028
1032
1034
1033
1034
1035
2036
1033
1035
2037
1033
1034
1034
1035
2038
2039
1037
1038
1733
9618
1393
1734
8179
9619
1393
9970
1040
1041
1042
1043
1083
1569
5816
1042
1043
1050
1090
5818
1042
1043
1044
1047
1045
1049
1094
1048
5822
1045
1051
1569
1579
1052
1569
1581
1646
1129
1291
1594
1617
1720
1048
1049
1051
1055
1050
1062
5819
1050
1052
1063
1091
1064
1095
5898
1052
1075
1580
1076
1633
1641
1054
1068
1087
1262
1362
1652
1067
1089
1205
1364
5887
1061
1062
1063
1075
1058
1059
1060
1067
1232
5888
1058
1059
1061
1071
1275
1065
1231
5889
1066
1068
1073
1276
1064
1065
1066
1069
5899
1065
1066
1077
1064
1065
5823
1064
1066
1076
1085
1088
5900
5824
1070
1079
1068
1069
1233
5890
1070
1074
1277
1070
1088
1089
5901
1081
1085
1087
1072
1073
1077
1279
1078
1291
1594
1669
1074
1079
1292
1669
1081
1294
1652
1670
1076
1077
1591
1079
1080
1671
1078
1079
1591
1615
1672
1081
1672
1081
1085
1641
1658
1665
1660
1676
1084
1085
1086
1087
1429
1658
1090
1093
1094
1096
1459
1623
5905
1091
1092
1093
1460
1642
1088
1091
1088
1089
1092
1432
5907
1089
1433
1660
1095
5909
1436
5910
1094
1095
1096
5911
1094
1095
1641
1095
1096
1532
5913
1094
1096
1533
1645
1646
5915
1536
5917
1099
1106
1107
1108
1109
1136
8103
1101
1103
1105
1106
1141
8105
1113
1114
1115
1116
1138
1236
1102
1111
1112
1113
1137
1246
1117
1119
1155
1175
8106
1123
1124
1140
1179
1253
1104
1108
1117
8117
1105
1107
1110
1118
1109
1111
1119
1143
1108
1109
1144
8118
1108
1109
1114
8120
1115
1146
1111
1112
1114
1122
1115
1123
1150
1116
1124
1248
1115
1116
1151
1251
1115
1116
1153
1252
1118
1121
8124
1119
1120
1122
1123
1157
1176
1121
1125
1133
1176
1134
1175
8130
1123
1124
1125
1162
1180
1126
1255
1126
1130
1180
1131
1179
1258
1128
1129
1130
1182
1617
1132
1133
1186
1618
1131
1184
1281
1131
1133
1183
1181
1284
1134
1188
1619
8146
1134
1187
1185
8147
1139
1141
1142
1147
8165
1138
1144
1145
1146
1147
8162
1140
1148
1150
1151
1300
1151
1152
1153
1154
1296
1155
1156
1159
8172
1160
1162
1177
1307
1143
1144
1155
8166
1143
1145
1149
1156
1146
1150
1157
1146
1147
8168
1146
1147
1152
1153
8170
1149
1154
1160
1301
1150
1152
1161
1153
1162
1153
1154
1304
1153
1154
1305
1157
1173
8173
1157
1158
1161
1162
1174
1159
1163
1168
1174
1169
1173
8177
1161
1164
1308
1162
1163
1178
1164
1171
1178
1172
1177
1310
1166
1167
1168
1190
1702
1170
1171
1194
1703
1169
1192
1704
8183
1169
1171
1191
1189
8184
1172
1196
1265
1707
1172
1195
1193
1267
1174
1175
1189
8175
1176
1178
1191
1176
1185
8128
1180
1187
1178
1179
1193
1311
1180
1195
1180
1181
1256
1183
1183
1184
1193
1280
1183
1184
1186
1194
1719
1187
1195
1196
1285
1720
1187
1188
1189
8145
1187
1188
1190
1721
1191
1192
1722
8148
1191
1192
8185
1191
1192
1194
1724
1195
1725
8186
1195
1196
1287
1195
1196
1728
1289
1729
1200
1201
1202
1207
1298
1929
1199
1205
1228
1260
6093
1204
1227
1261
6094
1203
1208
1219
1230
1306
1203
1204
1212
1963
6090
1204
1230
1261
1309
1213
1220
1229
6091
1229
6092
1233
1262
1356
5886
1209
1210
1211
1214
1234
1296
1924
6070
1208
1210
1212
1297
1925
1209
1213
1235
1299
1210
1211
1240
1302
1214
1303
1950
1213
1214
1242
6079
1213
1214
1951
6082
1244
6083
1954
6085
1217
1218
1219
1239
1254
1220
1221
1222
1223
1229
6095
1220
1221
1243
6086
1221
1222
1257
1270
1220
1222
1235
1238
1244
6088
1225
6096
1230
1259
1272
1225
1226
1227
1272
6097
1225
1226
1231
1269
6098
1270
6099
1228
1232
1271
6100
1228
1229
1274
6102
1233
1273
6103
1230
6101
1274
1312
1232
1275
6107
1233
1276
6108
1277
5892
1236
1240
1241
1242
1245
6069
1237
1239
1240
1244
1249
1250
1251
1252
1296
1238
1246
1247
1249
1299
1253
1254
1259
1306
1241
1243
1247
1241
1242
1249
1245
1250
1244
1245
6072
1244
1245
6073
6076
6078
1248
1251
1253
1300
1248
1250
1254
1252
1255
1250
1251
1302
1252
1252
1304
1255
1256
1307
1255
1257
1258
1258
1259
1280
1311
1258
1259
1283
1284
1286
1312
1261
1262
1263
1273
1266
1274
1264
1277
1360
1264
1265
1266
1288
1268
1294
1369
1652
1267
1268
1289
1267
1290
1309
1287
1310
1295
1368
1653
1707
1270
1271
1275
1278
1272
1283
1272
1273
1276
1282
1274
1286
1274
1277
1288
1290
1276
1279
1277
1292
1294
1279
1281
1282
1283
1291
1292
1284
1285
1286
1287
1284
1285
1291
1285
1286
1288
1292
1284
1286
1289
1293
1290
1289
1290
1311
1289
1290
1294
1295
1312
1293
1293
1294
1295
1669
1720
1295
1670
1729
1302
1303
1304
1305
2010
1298
1299
1301
1303
2011
1306
1308
1309
2012
1300
1302
1306
1301
1304
1307
1305
1308
2026
1303
1304
1305
2025
1305
2029
1307
1312
1308
1311
1310
2031
1310
1312
1311
1312
1314
1316
1318
1320
1322
1357
1972
2208
5600
1315
1316
1318
1973
5601
1317
1319
1975
5605
5884
1317
1320
1359
1977
1321
1356
1978
5886
1319
1320
1328
5552
1321
1330
5553
5885
1321
1331
1361
1334
1364
5887
1323
1324
1328
1331
1333
1349
1352
1354
1428
2285
5532
1326
1328
1329
1333
5533
1349
1350
1352
1394
1544
1335
1336
1340
1353
1396
5427
1342
1343
1347
1354
5428
1335
1337
1338
1341
1342
1344
1345
1348
1459
5429
5905
1330
1331
5545
1330
1332
1343
5546
5903
1334
5547
5908
1333
1334
1430
1333
1334
1346
1432
5907
1347
1435
1436
5910
1337
1338
1355
5445
1337
1339
1397
5446
1341
5447
1340
1341
1351
1523
1340
1341
1399
1525
1350
1400
1527
1529
1344
1345
1355
5452
1344
1346
5453
5904
1348
5454
5914
1347
1348
1351
1530
1347
1348
1532
5913
1349
1534
1536
5917
1351
1354
1545
1351
1353
1394
1547
1355
1548
1353
1354
1394
5426
1355
1394
5497
1355
5498
5499
1359
1360
1364
1358
1359
1361
1363
1365
1428
2300
1359
1360
1363
1367
1361
1362
1369
1363
1364
1430
1363
1364
1371
1433
1372
1434
1436
1366
1367
1370
1372
1376
1403
2302
1367
1368
1370
1377
1369
1372
1369
1373
1387
1371
1372
1373
1388
1420
1372
1373
1423
1652
1424
1391
1426
1653
1376
1378
1379
1381
1383
1401
1710
2297
1378
1380
1382
1385
1702
1377
1386
1388
1390
1427
2298
1386
1387
1388
1379
1383
1386
1380
1381
1713
1384
1704
1712
1383
1384
1406
1714
1383
1384
1389
1408
1705
1390
1411
1412
1706
1711
1386
1387
1389
1703
1390
1391
1707
1390
1391
1413
1390
1391
1416
1708
1417
1419
1709
1393
8176
9974
8180
9971
1395
1396
1398
1400
1438
2285
2291
2292
2293
2295
5652
1396
1398
5653
1397
1400
5662
1399
5663
1400
1476
1400
1478
1480
1406
1407
1410
1411
1427
1551
1553
1554
1556
1662
2505
1404
1407
1408
1409
1449
1648
1420
1421
1424
1425
1427
1428
1451
1558
1560
1563
2507
1414
1415
1416
1454
1654
1421
1422
1423
1429
1456
1658
1410
1411
1412
1717
1410
1411
1414
1489
1411
1412
1416
1650
1410
1412
1491
1649
1716
1492
1718
1417
1651
1715
1417
1418
1419
1420
1427
1417
1418
1427
1510
1418
1419
1422
1511
1655
1417
1419
1656
1427
1425
1427
1514
1426
1657
1424
1425
1426
1424
1425
1431
1517
1425
1426
1518
1659
1424
1426
1433
1660
1434
1520
1661
1439
1538
1540
1543
2506
1430
1431
1434
1435
1440
1544
1545
1546
2504
1431
1432
1433
1460
1434
1435
1436
1434
1435
1531
1435
1436
1532
1434
1436
1534
1439
1441
1443
1466
1467
1469
1470
1538
1539
1541
2490
2491
2492
2493
2506
1440
1443
1476
1477
1479
1480
1544
1547
1549
2499
2500
2502
2503
2504
1538
1539
1540
1554
1451
1544
1546
1549
1447
1461
1462
1464
1465
1551
1554
1555
1739
2485
2486
2487
2488
2505
1444
1448
1462
1463
1451
1471
1472
1474
1475
1560
1561
1562
2495
2496
2497
2498
2507
1452
1467
1468
1446
1453
1472
1473
1458
1477
1478
1485
1551
1552
1555
1694
1452
1482
1483
1484
1454
1489
1490
1491
1627
1457
1481
1484
1486
1487
1488
1490
1493
1494
1621
1679
1558
1560
1561
1496
1497
1498
1458
1503
1504
1505
1510
1511
1512
1634
1457
1459
1502
1505
1507
1508
1516
1519
1521
1522
1623
1460
1517
1518
1519
1642
1495
1498
1500
1501
1509
1512
1513
1515
1625
1524
1525
1526
1523
1526
1528
1529
1530
1533
1535
1536
1531
1532
1533
1464
1465
1741
1464
1465
1467
1482
1465
1483
1743
1469
1485
1744
1469
1470
1471
1469
1470
1496
1470
1473
1497
1475
1499
1474
1475
1474
1475
1477
1503
1475
1504
1479
1506
1479
1480
1479
1480
1524
1480
1525
1527
1485
1486
1487
1552
1684
1485
1486
1496
1555
1485
1487
1685
1486
1487
1498
1686
1500
1557
1687
1492
1493
1494
1552
1689
1492
1494
1510
1556
1493
1494
1512
1630
1492
1493
1628
1690
1553
1691
1632
1692
1513
1557
1499
1500
1501
1502
1537
1499
1500
1539
1499
1501
1504
1500
1501
1506
1541
1542
1508
1506
1507
1508
1559
1506
1507
1524
1561
1506
1508
1507
1508
1526
1562
1528
1564
1513
1514
1515
1516
1537
1513
1514
1540
1514
1515
1518
1636
1513
1515
1638
1542
1520
1543
1522
1640
1520
1521
1522
1559
1520
1521
1531
1558
1520
1522
1643
1521
1522
1533
1645
1563
1535
1564
1647
1527
1528
1529
1548
1527
1528
1549
1527
1529
1528
1529
1547
1550
1534
1535
1536
1548
1534
1535
1546
1534
1536
1535
1536
1545
1550
1541
1542
1543
1559
1541
1543
1560
1541
1542
1555
1542
1543
1556
1562
1557
1563
1545
1547
1546
1548
1550
1558
1548
1549
1550
1550
1561
1564
1553
1554
1695
1553
1557
1696
1556
1697
1555
1556
1557
1557
1563
1564
1562
1563
1564
1562
1563
1562
1564
1566
1572
7967
1574
1597
7968
1568
1570
1572
1577
1578
1621
7937
1571
1572
1573
1577
1570
1579
1581
1623
1571
1584
1587
1588
1625
1582
1584
1587
1574
1578
7953
1574
1575
1582
1589
1576
1603
7954
1576
1577
1583
1604
1620
1578
1605
1626
7955
1578
1587
1629
1631
7956
1580
1581
1584
1585
1591
1633
1588
1633
1644
1583
1585
1590
1586
1587
1610
1622
1585
1588
1586
1611
1588
1612
1633
1635
1588
1637
1639
1590
1603
1604
1607
1610
1611
1614
1611
1671
1594
1595
1613
1669
1720
1727
1594
1595
1600
1614
1617
1615
1602
1616
1719
1730
1598
1601
7928
1598
1603
7960
1608
7963
1601
1602
1606
1722
1723
7931
1601
1602
1607
1618
1608
1619
7932
1609
1721
1726
1605
1608
7974
1605
1609
1610
1663
1606
1666
7975
1608
1609
1667
7976
1608
1609
1614
7977
1616
1668
1612
1616
1664
1612
1615
1613
1671
1673
1615
1616
1672
1674
1615
1616
1675
1618
1719
1619
1721
1722
8015
1622
1626
1627
1629
1663
1625
1629
1630
1631
1632
8026
1634
1635
1637
1664
1625
1644
1645
1646
1647
1633
1635
1641
1643
1644
1665
1637
1638
1639
1640
1628
1631
1666
8037
1628
1630
1634
1648
1632
1649
8035
1630
1631
1637
1632
1638
1632
8034
8036
1671
1636
1638
1654
1636
1639
1673
1640
1643
1655
1638
1639
1640
1640
1644
1647
1642
1646
1643
1645
1658
1647
1659
1646
1647
1646
1647
1649
1650
1654
1663
1651
1666
8066
1651
1656
1668
1705
1667
1706
8064
1653
1660
1661
1670
1709
1655
1656
1664
1657
1659
1673
1657
1675
1708
1661
1674
1709
1659
1660
1661
1665
1661
1676
1677
1695
1697
1699
1710
1717
1718
1732
1738
2573
10075
1664
1666
1668
1673
1675
1671
1673
1676
1667
8069
1668
1723
8067
1675
1726
1670
1672
1676
1727
1672
1676
1674
1675
1676
1727
1730
1693
1695
1699
1739
10055
1681
1683
1685
1740
10054
1680
1681
1682
1684
1687
1688
1689
1692
8026
10056
1688
1689
1698
1701
10057
1682
1687
10058
1683
1684
1698
10059
1686
1693
1742
10060
1686
1687
1696
1686
1687
1743
1694
1744
1692
1700
8027
10065
1691
1692
1696
1691
1692
1700
1716
8035
1697
1701
1718
8036
1694
1698
1739
10068
1695
1696
1739
1697
1739
1697
1698
1699
1699
10069
1701
10070
1701
1737
8031
10076
1738
10077
1703
1704
1705
1724
1707
1708
1728
1706
1725
8060
1706
1708
1726
1723
8059
1709
1729
1709
1730
1727
1713
1714
1731
1733
2574
10088
1712
1714
1715
1735
8059
1713
1734
8060
1714
1733
1717
1731
1716
1717
1736
8064
1718
1737
8066
1718
1732
1738
1720
1721
1728
1729
1722
1724
1725
8016
1725
1726
8061
1725
1726
1728
8062
1730
1729
1730
1729
1730
1732
1733
1735
10089
1736
1738
10087
1734
10090
1735
8052
10091
1736
8056
10092
1737
8053
10084
1738
8065
10080
10081
1741
1742
1744
1745
2556
2557
2558
2559
2573
10100
1742
1743
10099
1744
1745
1744
1745
10106
1744
10110
1807
1808
1810
2049
2248
1748
1771
1794
1797
1800
1851
1877
1932
2104
1770
1787
1790
1793
1878
1931
2073
1775
1808
1811
1813
2114
1751
1754
1755
1756
1766
1760
1761
1762
1853
1753
1767
1818
1820
1821
1852
1759
1760
1763
1764
1820
1821
1822
1854
2141
2340
1757
1758
1760
1766
1820
1758
1766
1826
1757
1761
1763
1822
1766
1819
1825
1763
1764
1765
1827
2140
1763
1764
1853
1763
1765
1764
1765
1853
2140
1853
2140
1828
2140
1767
1780
1781
1784
1786
1788
1789
1791
1792
1853
1768
1773
1776
1778
1795
1796
1798
1799
1818
1819
1820
1854
1862
1902
1903
1904
1772
1773
1775
1776
2079
1781
1782
1783
1787
1791
1793
1794
1855
1794
1795
1797
1856
1861
1801
1803
1804
1902
2106
1774
1778
1801
1823
1775
1777
1802
1779
1803
2080
1778
1779
1780
2081
1778
1779
1782
1784
1824
1785
1813
2082
1784
1785
1786
2086
1784
1786
1826
1784
1785
1785
1786
1817
2087
1825
1816
2088
2089
1789
1790
1864
1791
1792
1793
1798
2086
1791
1792
1867
1792
1793
2083
1799
1868
2089
1800
2084
1799
1800
1870
1796
1799
1874
1895
1797
1798
1896
2079
1800
1897
2078
1799
1800
2081
1876
2069
1802
1806
1830
1904
1803
1805
1807
1808
2107
1806
1807
1905
2109
2311
1806
1807
2310
1829
1908
2313
2111
2309
1809
2063
1810
1811
2062
2066
2250
1812
2112
1813
1814
2117
1816
2119
1815
1816
2121
1817
2126
1817
2125
2122
1819
1823
1852
1820
1824
1822
1822
1852
1824
1830
1825
1826
1828
2146
2149
1830
1852
2330
1852
1836
1839
1842
1843
1850
2159
1833
1846
1847
1848
1849
1853
2140
2153
1838
1840
1841
1842
1854
1860
2141
2154
1835
1843
1845
1847
2155
1843
1844
1845
1850
1878
2156
1837
1841
1844
1850
1871
1838
1839
1850
1859
1872
1840
1841
1873
1888
1840
1850
1889
2162
1842
1890
2163
1842
1846
1875
1848
2165
1844
1848
2168
1845
1846
1863
1849
1865
1848
1849
1866
1848
1849
2170
2171
1869
1877
1880
2173
1861
1879
1897
1899
1901
1933
2074
2338
1903
1904
1906
1908
2340
2448
2449
2450
1854
1866
1867
1868
1869
1858
1873
1874
1875
1876
1863
1864
1868
1870
1878
1857
1870
1872
1874
1877
1861
1879
1881
1883
1885
1860
1862
1882
1883
1884
1887
1903
1906
1907
2340
2354
1880
1881
1888
1889
1894
1888
1890
1891
1893
2158
2350
2519
1895
1897
1899
1895
1902
1903
1907
1865
1866
1871
1878
1865
1867
1878
1869
1878
1868
1869
1875
1868
1869
1876
1871
1876
1877
1872
1875
1877
1873
1877
1881
1874
1875
1882
1876
1883
1876
1878
1879
2014
2013
1880
1881
1885
1886
2015
2358
1889
1892
1894
2174
2306
2357
1882
1886
1883
1884
1888
1887
1895
1886
1887
1891
2380
1886
1887
1899
2383
1894
2384
1900
2386
1890
1891
1890
1892
2176
1893
2177
1893
1894
2373
1893
1894
2179
2376
2181
2377
2378
1896
1900
1897
1898
1902
2106
1901
2105
1900
1901
1905
2109
2387
1900
1901
2389
1907
2391
2110
2392
1904
1905
1904
1906
1908
1907
1908
2366
1907
1908
2368
2370
2371
1928
1933
2005
2040
2074
2296
1911
1912
1914
1916
1922
1995
1912
1916
1918
1928
2040
5237
5250
5258
5261
5263
5286
1913
1918
1988
5248
1914
1915
1989
1997
5251
1917
1990
1995
1997
1917
1918
1997
5254
5341
1917
1918
1995
5342
1995
1997
5343
5256
5344
1931
1935
1936
1937
2007
1928
1933
1962
1964
1981
1982
1985
1987
2008
1932
1935
1981
1983
1986
2009
1928
1988
1990
1992
2005
1927
1941
1943
1944
1989
1997
1927
1934
1937
1939
1940
1948
1950
1952
1954
2010
1929
1949
1950
1951
2011
1930
1955
1956
1960
1988
5248
1943
1944
1947
1955
1957
1958
1961
5249
6070
1930
1965
1968
1970
1972
1988
1992
1994
1962
1963
2012
1965
1966
1970
5250
1932
1935
1936
1938
2006
2013
1933
1981
1985
1986
2005
2014
2015
2299
1938
1939
1940
1944
1984
1938
1939
2017
1938
1940
1945
1939
1940
2018
1946
1986
1983
2021
1947
1942
1946
1990
1997
2006
1943
1945
1997
2006
1947
1997
1946
1947
1991
1946
1947
2006
1993
2006
1952
1953
1954
1958
1984
1952
1953
1962
1982
2024
1952
1954
2025
1953
1954
1959
1963
1983
2028
1960
1964
1987
1961
1957
1958
1989
5251
1957
1959
1966
5252
5707
1961
5253
6081
1960
1961
1991
1960
1961
1969
6082
1970
1994
6085
1964
2030
1964
1969
1970
1967
1968
1974
5258
1967
1969
5259
5708
1971
1976
5260
5710
1970
1971
1979
1970
1971
6090
1980
6092
1973
1974
1977
1979
2296
5237
1974
1975
1977
5238
1976
1979
5241
1976
1978
5242
5709
1980
5243
5711
1978
1979
1980
6093
1980
6094
1982
1985
2033
1983
1987
2034
1984
2035
1986
1987
1991
1986
1987
1992
1993
1994
1989
1994
1990
1991
1993
2005
1993
1994
1993
1994
2005
2005
1996
1999
2001
2003
2005
2040
2091
2092
2093
2095
6435
1998
1999
2001
2006
2098
1999
2000
2002
2003
5249
5285
2000
2004
2006
2099
2000
2003
2006
2002
2006
2003
2004
2100
6433
2003
2004
6433
6433
2102
6433
2006
2104
2073
2013
2017
2018
2019
2015
2030
2032
2033
2034
2037
2039
2014
2017
2033
2035
2038
2016
2018
2021
2022
2023
2025
2028
2029
2012
2024
2025
2026
2030
2031
2014
2017
2019
2020
2015
2033
2037
2038
2301
2306
2020
2021
2022
2036
2020
2021
2021
2022
2020
2022
2038
2035
2027
2028
2029
2036
2027
2028
2030
2034
2028
2029
2027
2029
2031
2032
2039
2035
2032
2032
2034
2037
2035
2039
2036
2038
2039
2038
2039
2042
2043
2045
2047
2182
6434
2042
2044
2046
2065
2074
2090
2043
2047
2074
2092
2044
2045
2074
2183
2048
2067
2074
2184
2047
2048
2187
6462
2047
2048
2064
2094
6465
2095
6467
2068
2189
6468
2063
2066
2067
2111
2197
2051
2052
2058
2112
2053
2059
2115
6444
6469
2053
2054
2117
2057
2120
6447
6473
2056
2057
2121
2056
2057
2123
6451
6470
2126
2127
6454
6474
2059
2060
2062
2061
2064
6465
6472
2061
2066
2193
2068
2195
6468
6476
2063
2064
2066
2112
2065
2107
2114
2065
2068
2115
2067
2075
2116
2068
2199
2068
2108
2201
2202
2076
2078
2081
2084
2104
2073
2083
2085
2087
2113
2090
2091
2096
2097
2104
2118
2073
2097
2099
2101
2113
2083
2084
2085
2097
2098
2099
2104
2075
2104
2105
2108
2110
2239
2077
2105
2107
2108
2077
2082
2085
2104
2118
2078
2080
2104
2116
2079
2104
2105
2080
2081
2106
2082
2107
2114
2082
2086
2088
2119
2084
2089
2085
2086
2088
2124
2088
2089
2088
2089
2122
2125
2092
2094
2104
2116
2092
2093
2098
2104
2095
2104
2095
2096
2100
6441
2095
2096
2115
6444
6446
2103
2120
6447
2098
2103
2124
2099
2100
2102
2102
2103
6448
2102
2103
2123
6451
6453
2127
6454
2106
2110
2107
2109
2111
2110
2111
2238
2110
2111
2241
2244
2245
2114
2115
2117
2122
2123
2124
2116
2119
2116
2120
2118
2119
2120
2121
2119
2120
2124
2125
2127
2125
2126
2127
2125
2126
2126
2127
2125
2127
2131
2135
2136
2138
2514
3406
2130
2132
2137
2131
2134
2137
3405
2132
2133
2137
3405
2135
2137
2134
2136
3405
3405
2138
2515
2516
3406
2138
2142
2143
2147
2148
2150
2696
2139
2151
2514
2515
2517
2695
2141
2143
2144
2146
2148
2518
2521
2524
2526
2141
2146
2147
2148
2149
2150
2151
2519
2143
2145
2147
2144
2148
2145
2146
2149
2148
2149
2148
2149
2151
2153
2723
2154
2561
2724
2159
2161
2164
2167
2173
3017
2154
2169
2170
2171
2172
3014
2158
2160
2163
2164
2165
3016
2156
2166
2168
2170
2166
2167
2168
2173
3037
2158
2160
2175
2177
2178
3048
2177
2178
2181
2561
2596
3020
2162
2165
2168
2173
2161
2163
2164
3031
2162
2173
2175
3032
2163
2173
2176
2165
2177
2165
2169
3034
2171
2167
2172
3015
2168
2169
3022
2171
2171
2172
3025
2171
2172
3027
2174
3036
2175
2176
2179
2180
2304
2599
3038
2176
2180
3049
2177
2179
2181
2180
2181
2600
3050
2180
2181
2603
2604
3052
2605
2183
2186
2187
2190
2206
2296
5237
6438
2184
2186
2187
2239
2185
2189
2201
2239
2186
2188
2198
2222
2239
2190
2224
2239
2189
2190
6455
2189
2190
2200
2226
6458
2202
6460
2228
6461
2192
2210
2248
2249
2308
2197
2198
2203
2215
2243
2195
2196
2199
2195
2196
2200
2258
6458
6471
2202
6460
6475
2203
2260
2199
2201
2245
2248
2200
2201
2214
2240
2202
2203
2250
2202
2203
2217
2202
2238
2219
2249
2205
2210
2211
2220
2315
2209
2213
2215
2218
2261
2208
2223
2224
2227
2228
2252
5600
6515
2213
2222
2223
2225
2229
2272
2229
2285
2296
2300
2230
2232
2234
2235
2315
2212
2215
2317
2212
2218
2221
2219
2249
2214
2216
2232
2263
2215
2217
2222
2233
2219
2234
2217
2218
2225
2257
2264
2219
2226
2258
2219
2259
2267
2260
2221
2261
2323
2267
2224
2226
2229
2224
2227
2229
2273
2228
2229
2226
2227
2275
6518
2228
6520
2228
2277
6521
6524
2232
2233
2236
2237
2239
2284
2339
2231
2255
2261
2287
2323
2235
2289
2290
2324
2445
2233
2237
2287
2234
2236
2240
2243
2247
2317
2237
2247
2319
2441
2237
2242
2247
2442
2289
2443
2239
2240
2244
2245
2240
2242
2244
2296
2338
2242
2243
2244
2245
2246
2311
2387
2244
2246
2390
2245
2246
2308
2392
2309
2247
2314
2393
2322
2444
2250
2309
2250
2255
2261
2262
2266
2273
2274
2277
2278
2285
5532
5650
5652
2254
2262
2272
2274
2276
2284
2256
2279
2281
2286
2290
2284
2291
2294
2258
2259
2268
6514
6518
2260
6517
6520
2260
2271
2263
2267
2263
2265
2286
2264
2272
2287
2265
2267
2268
2275
2266
2269
2276
2267
2270
2271
2269
2271
5654
5656
2270
5649
5657
2271
2273
2275
2284
2274
2277
2284
2278
2279
2284
2276
2277
5656
2278
2281
5657
2278
5658
2283
5661
2280
2283
2291
5652
2282
2292
5652
2283
5525
2283
5526
5652
5529
5652
2285
2286
2287
2288
2289
2291
2294
2295
2460
2504
2287
2288
2289
2289
2290
2482
2483
2337
2292
2295
2293
2295
2499
2295
2501
2503
2299
2298
2303
2505
2574
2614
2302
2305
2401
2506
2300
2301
2338
2302
2339
2504
2302
2305
2358
2437
2507
2304
2305
2599
2616
2306
2615
2306
2357
2308
2310
2312
2318
2309
2314
2317
2310
2311
2313
2313
2314
2366
2313
2314
2320
2329
2369
2330
2371
2322
2372
2316
2317
2319
2323
2318
2321
2318
2322
2320
2321
2322
2324
2435
2321
2322
2331
2434
2433
2436
2324
2458
2326
2328
2340
2523
2340
2526
2328
2348
2532
2343
2529
2330
2331
2342
2448
2428
2333
2334
2425
2472
2426
2471
2544
2335
2427
2476
2336
2397
2474
2337
2403
2480
2445
2482
2339
2356
2358
2389
2390
2392
2437
2439
2440
2442
2443
2460
2343
2344
2347
2349
2519
2344
2345
2346
2354
2399
2446
2369
2428
2446
2448
2347
2348
2349
2562
2347
2349
2354
2449
2347
2348
2447
2455
2348
2349
2354
2457
2562
2450
2456
2562
2354
2562
2351
2354
2360
2361
2363
2373
2374
2377
2379
2562
2596
2360
2361
2362
2563
2575
2354
2367
2368
2369
2400
2446
2357
2374
2375
2376
2394
2597
2367
2368
2370
2380
2382
2385
2386
2395
2411
2415
2417
2356
2358
2381
2382
2383
2422
2388
2389
2390
2440
2358
2375
2376
2378
2401
2599
2381
2383
2384
2437
2363
2364
2365
2407
2416
2454
2363
2364
2408
2583
2363
2365
2415
2572
2364
2365
2584
2409
2417
2410
2453
2586
2414
2370
2371
2372
2387
2370
2372
2388
2430
2370
2371
2449
2371
2372
2434
2391
2448
2393
2436
2377
2378
2379
2380
2377
2379
2408
2601
2378
2379
2381
2406
2377
2378
2603
2605
2384
2385
2409
2384
2385
2386
2384
2385
2420
2385
2386
2388
2396
2384
2386
2389
2424
2391
2391
2392
2393
2391
2393
2402
2391
2392
2392
2393
2442
2444
2401
2404
2406
2408
2598
2399
2400
2411
2413
2415
2402
2411
2418
2422
2424
2403
2418
2427
2452
2475
2399
2400
2428
2429
2446
2455
2457
2430
2432
2434
2404
2405
2406
2437
2478
2614
2430
2438
2440
2444
2438
2445
2459
2481
2405
2410
2461
2610
2406
2407
2419
2470
2409
2420
2409
2410
2423
2425
2409
2410
2608
2424
2426
2612
2412
2417
2430
2413
2416
2418
2431
2452
2414
2432
2415
2416
2417
2457
2417
2423
2451
2424
2421
2423
2438
2420
2421
2423
2437
2473
2422
2424
2437
2422
2437
2439
2475
2437
2440
2424
2427
2426
2427
2454
2470
2453
2461
2546
2451
2473
2434
2447
2455
2431
2436
2432
2435
2438
2459
2433
2434
2435
2436
2436
2441
2458
2444
2479
2439
2441
2440
2443
2481
2442
2443
2444
2445
2443
2444
2483
2458
2483
2447
2449
2450
2449
2450
2452
2454
2459
2454
2565
2456
2457
2571
2572
2459
2465
2479
2480
2481
2482
2483
2500
2501
2503
2504
2467
2470
2471
2478
2477
2484
2487
2555
2478
2484
2489
2491
2465
2479
2494
2496
2500
2501
2468
2469
2477
2539
2549
2468
2469
2477
2546
2610
2471
2477
2544
2477
2545
2550
2613
2472
2473
2478
2472
2478
2476
2478
2475
2476
2479
2475
2476
2479
2480
2479
2481
2479
2478
2484
2486
2487
2505
2542
2614
2479
2489
2491
2493
2506
2494
2496
2497
2507
2481
2482
2483
2483
2486
2487
2488
2556
2487
2488
2491
2558
2492
2493
2494
2492
2493
2495
2492
2493
2497
2497
2497
2498
2497
2498
2500
2502
2502
2503
2502
2503
2503
2507
2506
2573
2507
2509
2511
2512
2517
3429
2510
2513
2514
2517
3430
2511
2515
2517
2517
2513
3431
2516
3433
2515
2516
3406
3406
2521
2522
2524
2525
2533
2535
2537
2538
2561
2697
2520
2521
2526
2523
2524
2525
2526
2561
2562
2522
2523
2527
2522
2524
2525
2528
2525
2526
2529
2525
2526
2531
2528
2529
2531
2533
2531
2532
2562
2531
2532
2534
2562
2535
2562
2562
2535
2537
2535
2536
2560
2538
2560
2538
2560
2707
2538
2708
2560
2709
2544
2545
2548
2552
2564
2566
2577
2542
2547
2549
2551
2741
2543
2549
2550
2551
2555
2557
2558
2573
2595
10126
2555
2557
10121
2546
2546
2552
2566
2607
2565
2612
2548
2553
2775
2549
2552
2550
2551
2552
2593
2553
2591
2773
2553
2588
2564
2594
2777
2560
2563
2567
2568
2575
2558
2558
2559
2558
2559
10124
10117
2561
2562
2567
2568
2569
2596
2725
2726
2563
2570
2571
2572
2570
2572
2739
3013
2566
2586
2581
2569
2570
2569
2582
2727
2728
2571
2572
2574
10128
2595
2616
10131
2582
2583
2584
2596
2589
2590
2591
2595
2778
3019
2579
2580
2581
2588
3013
2579
2580
2582
2727
3010
3018
2585
2592
3011
3018
2587
3012
2585
2586
2587
2607
2585
2587
2596
2585
2586
2596
2608
2586
2587
2596
2611
2612
2592
2593
2594
2607
2592
2594
2781
3011
3041
2592
2593
2595
2609
3042
2593
2594
2595
2783
2611
3045
2595
2613
2784
3013
2614
2742
3039
2600
2601
2605
2606
3018
2598
2599
2601
2602
2603
2608
2609
2610
2614
2602
2603
2604
2614
3039
2604
2605
2606
3040
2605
2606
2608
2604
2606
2609
3042
2604
2605
3044
2611
3045
2611
2612
2613
2611
2612
2611
2613
2614
2612
2613
2614
2614
2616
3038
9629
3039
9622
2618
2620
2624
2626
2619
2620
2622
2624
2673
2692
2693
2694
2998
9252
9278
9281
9283
9348
2631
2649
2651
2653
2655
3000
9210
9253
2621
2622
2655
2679
2623
2650
2682
2623
2624
2651
2671
2654
2672
2674
2676
2680
3002
2679
2680
2998
2628
2658
2674
2675
2677
2678
2702
3001
3371
3377
3379
3400
2635
2636
2649
2650
2655
2657
2668
2669
2670
2679
2681
2682
2683
3000
2630
2631
2641
2644
2647
3003
9232
9236
9238
9240
9244
2641
2643
2644
2656
2684
2632
2684
2685
2688
3005
9209
9237
2649
2657
2684
2685
2686
2635
2636
2640
2648
2651
2671
2691
9253
2649
2650
2652
2686
2665
2668
2669
2638
2642
2660
2639
2643
2661
2640
2664
2687
2665
2686
2642
2647
2656
2643
2645
2656
2646
2656
2687
2646
2647
2688
9369
2646
2647
2690
9370
2650
2668
2653
2655
2654
2655
2653
2654
2655
2653
2654
2689
2685
2691
2657
2659
2660
2661
2662
2663
3003
2658
2664
2665
2666
2667
2684
2686
2687
3005
2659
2698
3006
3382
2700
3004
3383
2661
2662
2663
2664
2663
3383
3395
2667
3383
3394
2665
2667
2666
2667
2669
3382
3397
3382
3396
2670
2670
3377
3399
3379
3398
2672
9281
9283
2692
2694
2996
9350
2675
2678
2681
3002
2676
2677
2715
3002
2711
3002
2678
2712
2683
2681
2682
2998
2681
2998
2683
2998
2683
2687
2688
2688
2689
2687
2689
2690
2690
2690
9253
2693
9254
9364
2694
9287
3007
2696
2697
2701
2724
3406
2699
2723
3405
2703
2704
2706
2708
2709
2726
3408
3428
3429
3430
2700
2701
2702
2731
3446
2700
2701
2730
3447
2733
3448
2703
2732
3449
2703
2712
2713
2714
2715
2855
3441
3458
3459
3462
2716
2718
2720
2721
2857
3442
3465
3466
3468
2705
2706
2709
2716
2725
2707
2717
2725
2708
2718
2709
2725
2709
2725
2711
2714
2719
2856
2715
2856
2713
2715
2714
2720
2715
2721
2856
2856
2717
2718
2721
2854
2719
2854
2720
2721
2854
2721
2854
2725
2727
2729
2736
3010
2724
2730
3014
2726
2732
3016
2726
2727
2728
2729
2854
3018
2857
3020
2728
2729
2982
2732
2733
2846
2732
2733
2850
2855
3006
2849
2857
2848
3004
2740
2742
2764
2765
2766
2858
2905
10127
10130
2736
2744
2745
2746
2847
3010
2854
2982
2984
2751
2752
2755
2764
10127
10132
2758
2759
2760
2851
2973
2988
2748
2777
2985
2764
2766
2768
2860
2958
2771
2773
2775
10126
2778
2779
2783
2785
2786
10126
10131
2747
2748
2749
2757
2782
2985
2747
2749
2758
2847
2984
2748
2749
2781
2847
3011
2747
2748
3012
2761
2784
3013
2763
2780
2847
2751
2752
2756
2771
10127
2753
2765
2772
10127
2754
10127
10141
2755
2756
2767
2774
2987
2755
2756
10144
2769
2986
10146
2776
2761
2762
2763
2767
2987
2761
2763
2851
2991
2761
2762
2977
2762
2763
2768
2851
2975
2769
2979
2986
2770
2851
2765
2769
2869
2766
2767
2785
2770
2779
2790
2769
2770
2782
2769
2770
2836
2873
2874
2780
2834
2772
2776
10126
2773
2774
2785
10126
2777
2783
10126
2776
2777
2782
2985
2776
2777
2784
2779
2781
2783
2789
2780
2785
2827
2781
2782
2828
2784
2829
2784
2785
2784
2785
2789
2794
2827
2831
2832
2905
3039
9622
2792
2802
2803
2804
3023
2791
2793
2815
2816
2817
3029
2827
2829
2831
3019
2827
2834
2838
2905
2958
2794
2840
2841
2842
3021
2793
2803
2804
2805
2903
3037
9941
2794
2815
2816
2818
2902
3036
9934
2840
2842
2844
2904
3038
9629
2798
2799
2800
2808
2814
2850
2798
2800
2822
2850
2884
2922
2799
2800
2815
2823
2884
2902
2811
2850
2926
2955
2812
2818
2902
2955
2819
2825
2850
2805
2806
2807
2808
2814
2846
2806
2807
2846
3026
2805
2806
2810
2805
2807
2816
3024
2812
2818
2813
2846
2820
2846
3028
2811
2812
2813
2848
2811
2813
2848
2885
2930
2812
2813
2885
2903
2848
2932
2956
2903
2956
2848
2818
2819
2820
2849
2818
2819
2840
2818
2820
3033
2819
2820
2841
2849
3030
2843
2849
2849
3035
2824
2825
2826
2835
2839
2853
2824
2825
2853
2886
2943
2825
2826
2840
2886
2904
2837
2853
2947
2957
2843
2853
2838
2844
2904
2957
2828
2832
2829
2830
2834
2847
2833
2847
3041
2832
2833
2835
2839
2847
2832
2833
2842
3043
2838
2844
2845
2847
3046
2835
2836
2851
2837
2838
2851
2837
2851
2951
2958
2851
2953
2959
2905
2959
2843
2844
2845
2852
2843
2844
2843
2845
2852
3047
2844
2845
3051
2852
2852
3053
2848
2849
3014
2851
2852
2854
3018
2850
2981
2850
2852
3016
2853
2961
2853
2856
2964
2853
2857
3020
2855
2965
2856
2857
2982
2983
2984
2856
2857
3001
2988
2989
2990
2991
3002
2860
2861
2869
2870
2871
2901
10134
10139
2861
2862
2863
2865
2870
10133
2869
2871
2873
2883
2862
2863
2864
2899
9481
10135
10137
2864
2868
2871
2937
2864
2867
9464
9494
2866
2881
9461
2867
2868
2872
2970
10148
2867
2868
2936
2968
9454
2972
9465
9496
2875
2940
2969
2870
2874
10132
2871
2872
10140
2875
2949
2874
2875
2976
10143
2874
2875
2951
2975
2979
10146
2954
2974
2878
2892
2893
2894
2898
9206
2887
2907
2908
2909
9207
2888
2914
2915
2916
9208
2882
2884
2889
2921
2922
2923
2885
2890
2928
2929
2930
2899
2935
2936
2937
9352
2886
2900
2942
2943
2944
2901
2949
2950
2951
2958
2886
2902
2955
2903
2956
2904
2957
2888
2890
2908
2909
2911
9233
9829
2889
2898
2914
2916
2918
9234
9930
2890
2900
2902
2921
2923
2924
9931
2903
2928
2929
2931
9845
2895
2896
2897
2934
2941
2962
2895
2896
2915
2962
9212
2895
2897
2898
2935
9213
2896
2897
2898
2916
2942
2938
2962
9217
2919
2945
2962
2898
2939
2946
2899
2900
9235
9624
2901
2935
2937
2939
9367
9626
2901
2904
2942
2944
2946
9625
2905
2949
2950
2952
9623
2903
2904
2955
9929
2956
9846
2905
2957
9628
2958
2959
9627
2910
2911
2912
2913
2927
2980
2910
2912
2980
9219
2910
2911
2914
9220
2911
2912
2928
2917
2980
9223
2918
2931
2933
2980
2917
2918
2919
2920
2960
2917
2918
9226
2917
2919
2960
9227
2918
2919
2921
2960
9231
2924
2925
2960
2924
2925
2926
2927
2961
2924
2925
2942
2925
2926
2943
2961
2924
2926
2929
2955
2931
2945
2961
2932
2961
2931
2932
2933
2981
2931
2933
2931
2932
2956
2932
2933
2981
2981
2981
2938
2939
2940
2948
2963
2938
2939
9355
2938
2940
2963
9347
2939
2940
2949
2963
9357
2952
2954
2963
2945
2946
2947
2948
2965
2945
2946
2945
2947
2965
2946
2947
2950
2957
2965
2952
2953
2965
2952
2953
2954
2964
2952
2954
2952
2953
2959
2953
2954
2964
2964
2964
2956
2959
2959
2961
2962
2980
3005
9209
2965
2981
3006
2963
2965
3000
9210
2964
2967
2968
2969
2997
2998
9348
2965
2966
2973
2974
2975
3002
3001
2967
2973
2974
2978
2994
2969
2971
2997
3009
2969
2972
2997
9365
2970
2974
2971
2972
2976
10150
2978
2999
2999
9459
9498
2975
2977
2992
2975
2976
2979
2978
2979
10152
2978
2979
10151
2981
3003
9232
3004
2983
2984
2990
2991
2987
2987
10151
2989
2991
2992
2990
2993
2991
2993
2994
3002
2995
3002
2995
3002
3009
3002
3008
2997
2998
3007
3009
2999
9350
3000
3002
3007
3008
3009
9457
3001
3005
3002
3006
3004
3005
3006
3006
3008
3009
3011
3012
3018
3013
3018
3013
3016
3025
3026
3027
3028
3022
3023
3027
3037
3020
3030
3031
3034
3035
3022
3032
3033
3034
3036
3020
3040
3041
3045
3046
3039
3041
3042
3043
3047
3048
3050
3053
3029
3038
3047
3049
3051
3024
3025
3037
3024
3026
3037
3028
3033
3037
3027
3028
3034
3027
3028
3035
3030
3032
3033
3036
3031
3035
3047
3032
3034
3048
3036
3049
3035
3036
3035
3037
3038
3039
3049
3051
3052
3042
3043
3044
3044
3045
3046
3050
3045
3046
3044
3045
3044
3046
3051
3052
3053
3048
3053
3049
3050
3052
3052
3053
3052
3053
3056
3057
3058
3060
3103
3164
3165
3166
3167
3172
3173
3174
3078
3079
3080
3104
3061
3073
3074
3075
3076
3077
3079
3081
3082
3092
3093
3094
3107
3059
3069
3070
3071
3072
3077
3080
3081
3083
3108
3059
3062
3144
3168
3169
3170
3171
3175
3176
3177
3320
3084
3085
3086
3087
3146
3319
3062
3110
3172
3173
3092
3093
3111
3148
3175
3176
3149
3178
3294
3320
3358
3066
3067
3069
3073
3077
3066
3067
3078
3076
3082
3072
3083
3096
3179
3325
3357
3071
3072
3164
3071
3072
3085
3086
3166
3075
3076
3164
3075
3076
3088
3089
3167
3081
3082
3083
3082
3083
3081
3082
3152
3081
3083
3153
3154
3086
3087
3168
3321
3086
3087
3170
3323
3089
3093
3091
3094
3091
3095
3165
3173
3167
3174
3094
3161
3172
3094
3174
3096
3169
3176
3171
3177
3102
3113
3115
3117
3105
3120
3122
3124
3230
3106
3113
3127
3128
3133
3101
3109
3120
3121
3123
3125
3127
3129
3130
3132
3136
3202
3251
3252
3112
3136
3209
3251
3137
3139
3141
3107
3108
3109
3110
3144
3180
3181
3182
3151
3152
3153
3108
3109
3120
3121
3122
3138
3139
3140
3143
3259
3107
3109
3127
3128
3129
3137
3138
3140
3142
3157
3158
3159
3160
3111
3150
3152
3154
3155
3161
3162
3163
3146
3150
3153
3154
3156
3112
3183
3184
3185
3260
3148
3180
3181
3161
3162
3183
3184
3211
3114
3118
3137
3115
3116
3121
3127
3138
3119
3122
3139
3118
3119
3125
3130
3118
3119
3133
3126
3121
3123
3231
3122
3125
3126
3124
3125
3232
3126
3233
3126
3129
3130
3129
3131
3134
3132
3135
3132
3133
3132
3133
3249
3250
3135
3157
3249
3136
3158
3250
3183
3252
3138
3142
3139
3140
3143
3142
3143
3150
3142
3143
3151
3155
3156
3146
3147
3148
3260
3146
3147
3210
3319
3327
3259
3149
3261
3320
3329
3149
3175
3181
3269
3270
3178
3272
3274
3331
3154
3155
3156
3155
3156
3154
3155
3154
3156
3158
3159
3160
3183
3160
3162
3163
3185
3163
3180
3163
3182
3166
3167
3166
3167
3169
3170
3170
3171
3356
3170
3171
3357
3174
3180
3174
3176
3177
3178
3177
3179
3179
3320
3320
3358
3182
3182
3184
3185
3185
3185
3269
3189
3190
3191
3195
3204
3188
3191
3192
3194
3196
3205
3207
3246
3247
3248
3409
3192
3193
3194
3418
3193
3194
3195
3421
3192
3193
3238
3192
3194
3195
3239
3240
3423
3195
3424
3196
3263
3334
3474
3265
3267
3282
3283
3284
3333
3473
3198
3210
3212
3214
3216
3219
3221
3222
3262
3203
3226
3227
3253
3275
3202
3203
3208
3213
3214
3215
3217
3253
3254
3255
3261
3212
3229
3230
3235
3259
3209
3229
3231
3232
3234
3256
3257
3258
3260
3205
3219
3220
3223
3225
3226
3227
3228
3264
3237
3238
3239
3263
3206
3236
3239
3240
3242
3243
3244
3245
3265
3207
3243
3244
3266
3246
3247
3267
3253
3255
3256
3273
3211
3256
3258
3212
3213
3214
3259
3261
3262
3260
3268
3269
3213
3218
3214
3215
3229
3217
3219
3217
3218
3234
3217
3218
3221
3223
3235
3223
3225
3262
3223
3224
3225
3236
3223
3224
3224
3225
3237
3262
3241
3242
3262
3228
3254
3228
3243
3276
3245
3231
3234
3259
3231
3233
3259
3232
3259
3233
3234
3235
3235
3240
3241
3242
3241
3242
3263
3240
3241
3240
3242
3263
3263
3245
3280
3245
3247
3248
3282
3436
3248
3437
3250
3252
3252
3258
3254
3271
3255
3257
3257
3268
3258
3260
3261
3268
3269
3270
3264
3271
3272
3273
3274
3263
3264
3327
3265
3328
3265
3275
3276
3277
3278
3329
3266
3279
3280
3281
3326
3267
3279
3280
3282
3283
3270
3273
3270
3274
3272
3273
3275
3274
3277
3274
3276
3277
3278
3280
3278
3331
3281
3331
3281
3283
3330
3281
3330
3284
3485
3284
3332
3332
3486
3288
3289
3291
3293
3326
3338
3339
3340
3341
3346
3347
3348
3289
3299
3318
3335
3336
3288
3289
3296
3297
3298
3299
3319
3327
3292
3304
3305
3306
3307
3328
3294
3320
3329
3335
3336
3337
3349
3350
3351
3292
3300
3301
3302
3303
3360
3381
3472
3292
3295
3333
3342
3343
3344
3345
3352
3353
3354
3360
3308
3309
3310
3311
3334
3295
3330
3346
3347
3331
3349
3350
3332
3352
3353
3298
3299
3304
3336
3298
3299
3322
3307
3324
3302
3303
3308
3363
3302
3303
3385
3365
3386
3311
3306
3307
3338
3306
3307
3309
3310
3340
3310
3311
3342
3310
3311
3344
3313
3325
3335
3349
3315
3337
3351
3315
3316
3339
3347
3341
3348
3317
3343
3353
3345
3354
3362
3320
3324
3355
3356
3320
3321
3322
3323
3324
3355
3356
3357
3358
3323
3324
3356
3323
3324
3355
3358
3328
3329
3330
3333
3328
3329
3334
3331
3331
3332
3346
3350
3333
3352
3471
3484
3334
3470
3472
3337
3355
3337
3338
3341
3340
3341
3340
3341
3343
3344
3344
3345
3363
3344
3345
3364
3348
3350
3348
3353
3351
3351
3358
3351
3354
3368
3354
3369
3357
3357
3360
3361
3364
3365
3391
3363
3364
3365
3366
3367
3368
3369
3380
3470
3362
3367
3388
3364
3369
3364
3365
3392
3367
3368
3370
3482
3369
3372
3369
3484
3372
3373
3380
3439
3376
3377
3382
3400
3441
3374
3380
3388
3374
3376
3380
3451
3378
3380
3389
3378
3379
3398
3401
3378
3382
3401
3457
3378
3379
3382
3382
3399
3400
3381
3382
3390
3391
3392
3393
3438
3383
3384
3385
3386
3387
3443
3383
3396
3397
3446
3394
3395
3448
3386
3387
3390
3394
3386
3387
3392
3395
3389
3391
3393
3399
3392
3393
3396
3392
3393
3397
3395
3396
3397
3399
3399
3401
3458
3460
3403
3412
3413
3414
3445
3419
3420
3421
3474
3407
3409
3444
3475
3476
3479
3406
3411
3414
3416
3417
3447
3408
3430
3432
3433
3449
3476
3477
3478
3480
3410
3425
3426
3440
3428
3430
3432
3442
3410
3418
3420
3422
3424
3435
3436
3437
3473
3475
3479
3481
3435
3436
3487
3415
3416
3417
3478
3415
3416
3419
3415
3417
3420
3445
3475
3416
3417
3445
3422
3481
3445
3477
3422
3423
3424
3422
3423
3422
3424
3474
3423
3424
3474
3474
3427
3435
3479
3427
3432
3454
3476
3433
3480
3429
3434
3466
3430
3431
3433
3433
3434
3433
3434
3464
3469
3437
3437
3485
3439
3443
3444
3446
3450
3451
3452
3470
3450
3451
3482
3444
3453
3454
3487
3446
3457
3458
3459
3449
3464
3465
3466
3445
3448
3472
3445
3449
3453
3454
3455
3473
3475
3476
3477
3447
3474
3448
3449
3457
3459
3461
3448
3449
3464
3465
3467
3452
3453
3483
3452
3457
3455
3461
3455
3488
3455
3464
3467
3460
3461
3462
3463
3460
3461
3460
3462
3461
3462
3465
3467
3468
3467
3468
3469
3467
3469
3467
3468
3468
3469
3471
3472
3473
3482
3483
3484
3483
3484
3486
3474
3474
3485
3486
3487
3488
3477
3481
3477
3480
3478
3480
3481
3480
3481
3483
3484
3488
3486
3487
3488
3488
3491
3492
3494
3587
6279
6554
3491
3492
3588
6254
3497
3589
6278
3590
6277
6554
3508
3516
3521
3576
5925
6345
3496
3497
3498
3594
6348
3496
3497
3503
3595
6266
3501
3504
3596
6347
3597
6346
3500
3501
3580
6351
6554
3500
3501
3507
3520
3581
6267
3569
3582
6349
6554
3509
3583
6350
3504
3505
3506
3513
3615
6354
3504
3505
3616
6268
3509
3617
6353
3514
3618
6352
3508
3509
3518
3601
6357
3508
3509
3521
3602
6269
3519
3603
6355
3604
6356
3512
3517
3518
3625
4313
6928
3512
3514
3609
4321
6905
3513
3611
4322
6914
3514
3518
3608
6363
3610
6362
3516
3517
3778
3867
3997
6927
3519
3781
5927
6380
3519
3623
4316
6929
3519
3622
6382
3624
6381
3521
3566
3569
5920
6398
3574
5926
6405
3523
3542
3562
3563
3565
3783
3527
3543
3562
3565
3568
3784
5937
3546
3570
3571
3573
3782
3802
3527
3551
3562
3577
3579
3582
3552
3584
3585
3589
3591
3553
3577
3580
3582
3584
3586
3587
3590
6554
3531
3554
3591
3593
3595
3558
3578
3598
3600
3604
3612
3559
3605
3606
3611
3619
4026
3560
3612
3614
3616
3561
3619
3621
3623
3776
4028
3535
3537
3626
3640
3642
3869
3872
4879
3536
3537
3628
3630
3632
3634
3635
3637
4885
3540
3553
3685
3686
3689
3690
3692
3693
3696
3697
3544
3548
3634
3635
3636
3539
3548
3627
3686
3687
3689
4877
3549
3640
3641
3870
3550
3630
3641
3642
3700
3701
3703
3869
3871
4880
3543
3626
3643
3645
3647
3649
3788
3544
3548
3627
3644
3645
3646
3543
3650
3651
3653
3791
3553
3650
3653
3656
3792
3628
3658
3659
3660
3557
3629
3665
3666
3667
4016
3547
3671
3672
3674
3831
3679
3680
3681
3782
3883
3686
3687
3688
3693
3694
3695
3555
3700
3701
3702
3553
3650
3706
3708
3711
3713
3714
3719
3720
3706
3709
3711
3713
3715
3716
3718
3560
3720
3722
3724
3630
3728
3729
3730
3631
3735
3736
3737
4242
3632
3742
3743
3744
4008
3707
3748
3750
3754
3762
3755
3756
3761
3769
4020
3762
3764
3766
3678
3769
3771
3773
4022
3564
3568
3650
3564
3567
3570
3651
3795
3566
3572
3579
3652
3567
3568
3797
5938
3567
3568
3574
3581
3575
3799
5920
3569
3582
5937
5938
6432
3572
3575
3671
3803
3572
3576
3599
3672
3780
3574
3600
3673
3575
3576
3779
3804
5925
3575
3576
3602
3806
5926
3603
3781
3578
3580
3592
3706
3579
3583
3593
3707
3581
3600
3708
3582
3583
3594
3582
3583
3602
3596
3604
3586
3587
3592
3713
3586
3588
3714
3590
3715
3589
3590
3594
3589
3590
3597
3592
3597
3720
3593
3594
3721
3596
3612
3722
3596
3597
3596
3597
3616
3617
3599
3601
3613
3620
3748
3600
3603
3621
3749
3602
3750
3603
3604
3615
3622
3603
3604
3624
3617
3607
3608
3613
3620
3755
3607
3609
3756
4083
3610
3614
3757
3610
3611
3615
3622
3610
3611
4084
3618
3625
4085
3613
3617
3762
3614
3615
3763
3618
3764
3617
3618
3617
3618
3620
3625
3769
4092
3621
3622
3770
3624
3771
3780
3624
3625
3624
3625
3778
4095
3781
4094
3627
3786
4882
3628
3644
3645
3647
3808
4881
3629
3658
3659
3661
3787
4883
3632
3665
3666
3668
3875
4029
4884
3631
3728
3729
3731
4888
3632
3735
3736
3738
4245
4886
3742
3743
3745
4007
4887
3637
3638
3639
3727
3741
3751
3637
3639
3687
3728
3637
3638
3659
3742
3638
3639
3660
3688
3752
3731
3745
3663
3746
3753
3691
3732
3754
3642
3693
3872
3642
3694
3871
3696
3869
3647
3648
3649
3653
3816
3647
3648
3658
3819
3647
3649
3686
3648
3649
3654
3660
3688
3820
3655
3662
3821
3656
3690
3652
3656
3652
3655
3671
3824
3654
3673
3708
3655
3656
3826
3655
3656
3675
3710
3676
3828
3711
3661
3662
3663
3664
3674
3809
3661
3662
3812
3661
3663
3666
3662
3663
3675
3668
3813
3676
3814
3669
3677
3668
3669
3670
3680
3876
3668
3670
3879
4031
3668
3669
3742
3669
3670
3682
3744
4033
3880
3683
3746
3684
3882
4036
3673
3676
3832
3673
3677
3679
3749
3675
3750
3676
3677
3680
3833
3676
3677
3752
3835
3683
3753
3679
3681
3682
3776
4018
3683
3771
3780
3683
3684
3885
3684
3777
3887
4043
3683
3684
3773
4045
3774
3889
4047
3689
3690
3691
3699
3709
3689
3690
3689
3691
3700
3690
3691
3710
3703
3711
3704
3712
3696
3697
3698
3699
3716
3696
3697
3696
3698
3701
3697
3698
3717
3703
3718
3705
3719
3703
3704
3705
3723
3703
3704
3728
3703
3705
3704
3705
3724
3730
3725
3732
3726
3707
3709
3721
3708
3712
3722
3710
3750
3711
3712
3723
3711
3712
3752
3725
3754
3715
3716
3721
3715
3717
3718
3718
3719
3723
3718
3719
3726
3721
3726
3722
3723
3725
3762
3725
3726
3725
3726
3766
3767
3731
3732
3733
3734
3765
3731
3732
3731
3733
3735
3732
3733
3766
3738
3767
3739
3768
3738
3739
3740
3741
3758
3738
3739
3738
3740
3743
4255
3739
3740
3759
4257
3745
3760
3747
3761
4260
3745
3746
3747
3772
3745
3746
3745
3747
4011
3746
3747
3773
4012
3774
3775
4015
3749
3751
3763
3770
3750
3753
3771
3752
3753
3754
3765
3772
3753
3754
3774
3767
3757
3758
3763
3770
3757
3759
4055
3760
3764
3760
3761
3765
3772
3760
3761
4057
3768
3775
4059
3763
3767
3764
3765
3768
3767
3768
3767
3768
3770
3775
4062
3771
3772
3774
3774
3775
3774
3775
4065
4067
3777
3778
3780
4024
3782
3868
3890
4073
3781
3868
4075
3781
3782
3868
3893
5927
3781
3782
3896
3784
3791
3795
3796
3797
3792
3796
3797
3800
3838
5939
3793
3794
3801
3803
3805
3839
3788
3808
4544
4900
3789
3808
3810
3812
3813
3875
4546
4902
3792
3816
3817
3820
3822
4541
3790
3810
3811
3812
4543
3808
3817
3818
3819
4542
3792
3824
3825
3826
3825
3826
3829
3841
3823
3830
3832
3834
3842
3795
3796
3798
3823
3837
3799
3803
3824
3800
3825
3843
3799
3800
5940
3799
3800
3805
3847
5918
3806
5919
3848
5941
3802
3807
3830
3852
3894
3803
3804
3831
3896
3806
3832
3806
3807
3893
5921
3806
3807
3854
5922
5923
3855
3895
5924
3817
3819
3820
4545
4901
3813
3814
3815
3833
3876
3813
3815
3877
4558
3814
3815
3818
3834
4559
3813
3814
3819
3880
3821
3835
3836
3881
4561
3820
3821
3822
3826
3820
3822
4549
3821
3822
3827
4550
3820
3821
3828
3829
4552
3824
3825
3827
3840
3828
3832
3829
3857
3828
3829
3828
3829
3834
3860
3835
3861
3831
3836
3864
3874
3832
3833
3883
3835
3835
3836
3885
3835
3836
3865
3866
3888
3839
3840
3843
3845
3847
3841
3843
3844
3846
3848
4566
5928
3842
3850
3852
3854
3842
3857
3859
3860
3857
3858
3861
4541
4554
4572
3862
3864
3865
3844
3848
3857
3845
3846
3858
4574
3849
3850
3859
4612
3848
3849
4576
5929
3848
3849
3854
5930
5931
3856
4613
5932
3851
3856
3862
4610
3852
3853
3863
3897
4647
3855
3864
3899
3855
3856
3902
4648
5933
3855
3856
5934
3904
5935
4614
5936
3858
3861
3859
4554
4596
3862
4555
4597
3861
3865
4550
4555
4552
4554
3863
4564
4573
3864
3898
4563
4603
3866
3906
3866
4559
4564
3910
4561
4563
3868
3911
4005
5927
6938
3917
4074
3871
3872
4889
3871
3872
4890
4894
4895
3875
3877
3878
3879
4115
4615
3883
3884
3888
3894
3906
3877
3879
3880
4114
4616
4903
3880
3881
3882
3885
3880
3881
4618
3881
3882
3886
4133
4620
3880
3882
4132
3888
4622
3889
4136
3885
3887
3896
3886
3887
3891
3908
3914
3888
3889
3888
3889
3909
3915
3889
3890
4154
3910
3916
3891
3896
3917
4179
3892
3894
3901
3918
3895
3903
3912
3917
3919
3895
3896
3917
5952
3895
3896
3899
3904
5953
3898
3899
3900
3902
4646
3906
3907
4624
4631
3901
3904
3906
3901
3905
3907
3921
4667
3903
3908
3920
3904
3905
4649
5954
3904
3905
3922
5955
5956
3923
4668
5957
3908
3910
3908
3925
4625
4654
3909
3924
3910
3926
4620
4625
4622
4624
3912
3917
4001
5777
5952
3913
5769
5953
5955
3919
4001
4003
5788
5960
3915
3918
3924
4154
4155
3916
3926
4133
4157
4047
4136
4154
4156
4181
3919
3920
4179
4180
3922
4181
4183
3921
3922
3924
4325
3923
3925
4333
4659
3923
4335
5960
4334
4661
5961
3925
3926
4329
3927
4350
4664
3927
4352
4628
4351
4625
4629
4666
3930
3934
3942
3944
3947
4165
3935
3949
3951
3952
4236
3936
3942
3945
3947
3949
3950
4123
4204
4233
4235
3937
3940
3952
3954
4238
3933
3959
3960
3962
4120
4127
3936
3959
3962
3965
4123
4126
4279
3936
3959
3975
3977
3980
3982
3984
3988
3989
3975
3978
3980
3982
3983
3985
3987
4280
3971
3989
3991
3993
3939
3941
3943
3967
4048
4052
3944
3968
4019
4050
4151
3941
3971
4060
4269
3954
3972
4021
4270
3943
3945
3953
3975
3944
3948
3954
3976
3946
3977
4167
3947
3948
4205
4237
3947
3948
4050
4169
4208
4171
4210
4052
4211
4239
3950
3953
3982
4233
3951
3983
4235
3984
4234
3953
3989
4240
3954
3990
4237
3991
4239
3956
3958
3960
4068
4150
4186
3957
3961
3968
4023
4151
3958
3963
3969
4070
4290
3964
4069
4190
4291
3961
3965
4165
3961
3964
4166
4192
3963
3977
4167
3964
3965
3966
4296
3964
3965
3979
4297
4195
4298
3980
4299
4126
4127
4195
4196
4292
3968
3970
3972
3976
4078
3969
3977
4025
3970
3979
4080
4284
3974
3981
4079
4285
3972
3973
4088
3974
3991
4027
3974
3993
4090
4300
3994
4089
4301
3976
3978
3990
3977
3981
3991
3979
3980
3981
3992
4286
3980
3981
4287
4288
3994
4289
3983
3985
3990
3984
3987
3986
3987
3988
3992
4302
3987
3988
4305
4307
3995
4308
3990
3995
3991
3992
3994
3994
3995
4309
3994
3995
4310
4311
4312
3998
4004
4070
4290
4315
6584
3998
4005
4075
4316
6585
4006
4077
4318
6586
4000
4002
4004
4187
4283
5790
4003
4189
4282
5789
5997
4002
4005
4181
5791
4003
4006
4182
5793
4183
5792
6002
4006
4069
4291
6597
4006
4074
6596
4076
6598
4008
4010
4011
4013
4029
4244
4245
5178
4010
4011
4012
4016
4013
4014
4015
4064
4247
4254
4013
4014
4032
4248
4013
4015
4255
4014
4015
4033
4065
4251
4258
4035
4066
4252
4067
4260
4029
4031
4032
4033
4019
4023
4038
4040
4041
4151
4022
4024
4041
4043
4045
4025
4048
4051
4061
4026
4053
4055
4059
4062
4027
4048
4053
4060
4268
4028
4061
4062
4065
4025
4068
4070
4071
4028
4071
4073
4075
4078
4080
4091
4081
4083
4085
4092
4078
4081
4088
4089
4091
4092
4095
4031
4032
4034
4114
4129
5183
4034
4035
4036
4044
4130
4144
4034
4036
4132
4034
4035
4146
4035
4036
4045
4134
4148
4037
4046
4047
4136
4040
4144
4146
4147
4252
4039
4042
4068
4119
4150
4040
4044
4144
4153
4161
4046
4051
4152
4042
4046
4061
4071
4043
4044
4072
4118
4047
4073
4154
4046
4047
4156
4046
4047
4065
4066
4049
4063
4078
4051
4052
4064
4247
4268
4051
4052
4152
4250
4066
4252
4253
4270
4054
4056
4063
4081
4055
4058
4060
4082
4057
4083
4058
4059
4064
4254
4268
4058
4059
4257
4259
4271
4067
4260
4088
4271
4063
4066
4091
4063
4067
4092
4064
4093
4066
4067
4066
4067
4069
4072
4125
4070
4076
4187
4077
4080
4072
4077
4091
4073
4076
4124
4074
4179
4075
4076
4181
4077
4095
4077
4182
4097
4079
4093
4080
4089
4096
4314
4097
4315
4082
4086
4093
4083
4087
4088
4084
4085
4087
4321
4086
4094
4322
4087
4089
4096
4323
4090
4324
4090
4090
4319
4320
4093
4097
4093
4094
4096
4095
4096
4313
4097
4316
4097
4317
4318
4099
4102
4104
4105
4107
4128
4273
4372
5186
4104
4105
4106
4116
4368
4102
4103
4104
4107
4108
4121
4272
4369
4111
4112
4117
4198
4273
4275
4274
4373
5187
4107
4108
4109
4110
4175
4107
4108
4387
4107
4109
4111
4139
4108
4109
4140
4176
4388
4276
4177
4391
4113
4143
4178
4113
4168
4272
4276
4277
4113
4145
4273
4276
4113
4147
4169
4208
4277
4149
4170
4115
4128
4131
4132
4134
4370
5197
4131
4132
4133
4626
4128
4138
4139
4140
4367
4129
4145
4146
4147
4241
4119
4124
4154
4155
4156
4125
4158
4160
4161
4122
4123
4165
4166
4168
4122
4123
4126
4174
4175
4177
4331
4127
4173
4174
4175
4165
4168
4171
4272
4125
4179
4180
4182
4184
4186
4187
4127
4193
4196
4278
4327
4192
4193
4129
4138
4139
4141
4371
5198
4145
4146
4148
4244
4273
5199
4134
4135
4136
4137
4156
4134
4135
4138
4375
4134
4136
4135
4136
4628
4141
4142
4157
4377
4141
4142
4143
4144
4161
4141
4142
4380
4141
4143
4145
4142
4143
4162
4381
4148
4163
4384
4149
4164
4148
4149
4148
4149
4148
4248
4149
4152
4250
4153
4151
4153
4160
4166
4152
4167
4153
4169
4164
4170
4179
4157
4158
4180
4329
4157
4161
4163
4352
4159
4163
4184
4353
4160
4162
4172
4185
4330
4164
4173
4186
4163
4164
4163
4164
4176
4357
4359
4178
4167
4171
4167
4170
4173
4169
4170
4171
4175
4170
4171
4178
4277
4173
4174
4176
4191
4332
4178
4192
4177
4193
4362
4177
4178
4177
4178
4364
4366
4181
4183
4184
4325
4182
4183
4187
4189
4335
4185
4189
4336
4186
4188
4191
4326
4190
4192
4189
4190
4189
4190
4194
4282
4340
4341
4195
4283
4192
4193
4194
4328
4195
4196
4345
4195
4196
4293
4347
4294
4295
4349
4198
4199
4201
4206
4207
4209
4244
4273
5013
4206
4207
4208
4241
4202
4212
4213
4216
4218
4220
4221
4223
4246
5016
4203
4213
4214
4215
4204
4212
4214
4216
4217
4274
5015
4220
4221
4222
4243
4227
4228
4229
4205
4207
4209
4210
4226
4228
4230
4231
4272
4209
4210
4211
4219
4209
4211
4220
4249
4209
4210
4275
4210
4211
4250
4223
4277
4224
4253
4216
4217
4218
5072
4216
4218
4227
4216
4217
4228
4217
4218
5073
4230
5077
5078
4223
4224
4225
4226
4237
4223
4224
4262
4223
4225
4227
4224
4225
4238
4264
4230
4239
4266
4232
4240
4230
4231
4232
4233
4230
4232
4230
4231
4231
4232
4234
4235
4236
4235
4236
4237
4235
4236
4240
4239
4240
4239
4240
4269
4270
4244
4248
4249
4250
4245
4255
4256
4257
4246
4262
4263
4264
4246
4248
4249
4251
5060
4246
4255
4256
4258
5177
4262
4263
4265
5061
4251
4252
4253
4261
4251
4252
4251
4253
4262
4252
4253
4265
4266
4258
4259
4260
4261
4258
4260
4258
4259
4263
4259
4260
4265
4267
4265
4266
4267
4268
4265
4266
4265
4267
4266
4267
4269
4270
4271
4270
4271
4270
4271
4274
4275
4276
4277
4274
4275
4276
5188
5189
4276
4277
4279
4292
4295
5398
5785
5787
5982
4280
4296
4299
6575
6576
6745
4286
4288
4302
4303
4306
4307
6570
6572
6746
4303
4304
4305
6747
4283
4293
5782
5995
4291
4294
5784
4285
4287
4290
4315
6563
4289
4301
4314
6569
4288
4289
4309
6572
4288
4289
4297
6564
4299
6570
4311
6571
4291
4297
6565
4298
6573
4294
4295
4296
5787
4294
4295
5783
5987
4298
5786
5785
5990
4298
4299
6576
4298
4299
6566
6574
6575
4301
4310
4320
6567
4311
4319
6577
4306
4307
4308
4309
4306
4307
6768
4306
4308
6579
6769
4307
4308
6580
6771
4312
4311
4312
6580
4311
4312
6568
6578
6579
4316
4317
4322
6587
4315
4317
4319
6583
4318
6582
4318
6588
4318
4323
6590
6589
4320
4323
6592
4324
6591
4322
4324
6581
4323
6593
4324
6595
6594
4329
4333
4335
4336
4328
4330
4336
4338
4340
4331
4344
4345
4346
4349
4452
5982
4332
4343
4345
4347
4350
4352
4353
4332
4353
4355
4357
4361
4362
4363
4366
4369
4466
4360
4362
4364
4334
4337
4350
4426
4335
4339
4427
5999
4341
6002
4337
4341
4353
4338
4339
4354
4467
4342
4343
4355
4468
4341
4342
4470
5992
4341
4342
4347
5995
5997
4348
4473
5998
4344
4348
4360
4451
4345
4346
4361
4474
4349
4362
4348
4349
4477
5984
4348
4349
5987
4480
5989
5990
4351
4354
4447
4352
4356
4374
4448
4359
4377
4354
4359
4355
4356
4527
4358
4360
4528
4358
4359
4378
4530
4358
4359
4364
4381
4365
4383
4533
4384
4361
4365
4465
4362
4363
4534
4366
4365
4366
4385
4537
4365
4366
4388
4390
4540
4391
4368
4371
4379
4380
4381
4372
4386
4387
4388
4373
4385
4387
4389
4391
4464
4371
4375
4376
4403
4423
4616
4626
4627
4372
4379
4380
4382
4404
4496
4373
4386
4387
4389
4407
4455
4408
4497
4376
4377
4378
4430
4629
4376
4377
4380
4626
4382
4433
4627
4384
4628
4382
4383
4384
4520
4382
4383
4386
4522
4382
4384
4383
4384
4388
4524
4390
4526
4389
4390
4391
4489
4389
4390
4490
4389
4391
4390
4391
4493
4495
4394
4395
4397
4399
4403
4404
4405
4406
4413
4670
5184
5200
4394
4396
4398
5185
5202
4395
4397
5190
5210
4396
4399
4419
5211
4400
4418
5212
4398
4399
4407
5193
4400
4408
5194
4400
4409
4420
4410
4421
4402
4405
4411
4413
4481
4406
4413
4429
4689
4404
4406
4685
5197
4405
4407
5198
4406
4409
4496
4423
4687
4408
4409
5186
4410
5187
4410
4411
4455
4412
4497
4412
4420
4456
4421
4498
4415
4416
4419
4420
4690
12381
4415
4417
4418
12403
4416
4419
12401
4417
4420
4421
4419
4421
12399
4420
12383
4421
4423
4424
4431
4432
4630
4662
4429
4431
4432
4433
4496
4636
4429
4436
4437
4438
4726
4426
4428
4446
4450
4657
4696
4427
4447
4467
4659
4428
4470
4661
6022
4472
4660
4698
6023
4436
4437
4439
4481
4759
4433
4434
4448
4520
4663
4433
4434
4437
4521
4433
4627
4639
4663
4524
4440
4449
4525
4662
4439
4440
4441
4444
4499
4439
4441
4776
4439
4440
4500
4440
4441
4662
4777
4801
4503
4445
4505
4780
4802
4443
4444
4458
4695
4800
4445
4446
4506
4696
4796
4445
4509
4802
4449
4512
4801
4447
4449
4463
4658
4448
4527
4664
4449
4530
4666
4532
4665
4463
4467
4469
4472
4702
4465
4468
4474
4476
4480
4466
4474
4475
4477
4479
4701
6005
4454
4456
4457
4483
4484
4485
4455
4462
4490
4491
4492
4456
4490
4491
4493
4496
4497
4481
4483
4484
4486
4498
4462
4481
4500
4501
4502
4506
4507
4509
4699
4461
4464
4482
4484
4486
4488
4498
4461
4513
4514
4516
4700
4466
4514
4516
4519
4701
4496
4521
4522
4523
4506
4527
4529
4532
4466
4489
4491
4493
4494
4497
4528
4534
4536
4540
4534
4535
4537
4539
4468
4470
4527
4469
4473
4528
4471
4476
4529
4704
4472
4473
6006
4472
4473
4478
4706
6009
4708
6011
4480
6012
4475
4477
4534
4476
4479
4535
4710
4478
4536
4711
4479
4480
6013
4479
4480
4713
6016
4715
6018
6019
4496
4500
4501
4503
4486
4487
4488
4516
4486
4487
4501
4486
4488
4491
4487
4488
4492
4502
4517
4504
4518
4494
4519
4493
4494
4495
4537
4493
4495
4522
4493
4494
4494
4495
4523
4538
4539
4526
4540
4521
4522
4524
4498
4503
4504
4505
4509
4503
4505
4521
4503
4504
4504
4505
4510
4523
4511
4512
4525
4508
4512
4702
4508
4511
4513
4703
4510
4515
4529
4704
4511
4512
4511
4512
4517
4531
4518
4532
4515
4518
4709
4515
4519
4535
4710
4517
4536
4711
4518
4519
4518
4519
4538
4539
4524
4525
4526
4530
4524
4525
4524
4526
4525
4526
4531
4532
4533
4528
4530
4529
4533
4531
4536
4532
4533
4532
4533
4538
4540
4535
4537
4536
4539
4538
4539
4540
4539
4540
4544
4547
4549
4551
4552
4567
4543
4545
4548
4549
4550
4546
4557
4558
4559
4545
4611
4680
4546
4548
4549
4551
4588
4681
4557
4558
4560
4569
4616
4684
4551
4552
4553
4554
4589
4551
4553
4557
4591
4551
4552
4552
4553
4559
4593
4555
4562
4595
4555
4599
4564
4602
4560
4561
4562
4563
4581
4617
4560
4562
4582
4560
4561
4618
4561
4562
4585
4621
4622
4564
4587
4564
4606
4624
4609
4566
4571
4574
4575
4578
4729
4572
4574
4576
4578
4717
6024
4572
4589
4590
4593
4594
4611
4722
4569
4570
4582
4583
4584
4720
4582
4583
4585
4588
4636
4686
4721
4588
4590
4591
4592
4723
4572
4596
4598
4601
4767
4596
4599
4601
4725
4597
4603
4604
4609
4610
4576
4596
4612
4577
4579
4598
4612
4731
4578
4613
6025
4578
4580
4613
4733
6029
4735
6030
4580
4604
4610
4632
4737
4614
4633
4740
6031
4585
4586
4587
4606
4637
4585
4587
4591
4585
4586
4638
4754
4586
4587
4592
4607
4755
4641
4608
4642
4758
4595
4609
4590
4591
4593
4611
4682
4751
4593
4594
4595
4599
4593
4594
4761
4593
4595
4594
4595
4600
4763
4601
4766
4602
4597
4599
4598
4602
4612
4600
4604
4769
4601
4602
4601
4602
4607
4771
4773
4609
4605
4606
4631
4647
4605
4607
4782
4608
4632
4643
4783
4608
4609
4644
4608
4609
4785
4645
4787
4612
4614
4647
4683
4750
4613
4614
6026
4648
6027
4616
4618
4619
4620
4626
4618
4619
4621
4636
4685
4621
4622
4623
4624
4637
4621
4622
4621
4623
4627
4639
4622
4623
4628
4641
4625
4629
4652
4625
4644
4656
4627
4628
4629
4629
4663
4636
4638
4639
4640
4726
4643
4644
4646
4654
4633
4634
4647
4738
4635
4648
4742
5964
4635
4643
4646
4650
4745
4649
4651
4748
5965
4638
4639
4641
4687
4759
4641
4642
4644
4652
4641
4642
4775
4641
4652
4642
4652
4655
4662
4777
4645
4779
4645
4653
4790
4645
4656
4655
4793
4647
4649
4667
4648
4649
5962
4668
5963
4651
4653
4657
4667
4744
4660
4668
4747
5967
4656
4663
4654
4655
4658
4789
4656
4664
4667
4656
4665
4792
4666
4658
4659
4660
4795
4664
4665
4796
4661
4664
4667
4661
4798
5968
4668
5969
4663
4665
4666
4666
4666
4801
4668
5966
4670
4671
4672
4675
4896
4992
4671
4675
4676
4684
4685
4686
4687
4690
4842
4993
4673
4676
4692
4995
4673
4674
4897
4996
4677
4691
4997
4675
4677
4680
4898
4676
4681
4899
4677
4682
4693
4683
4694
4679
4682
4688
4693
4751
4683
4694
4750
4681
4683
4900
4682
4684
4901
4683
4686
4685
4686
4902
4687
4903
4687
4688
4689
4689
4690
4721
4690
4759
4692
4693
12274
4692
4694
12290
4693
12258
4694
4696
4697
4699
4797
4698
4702
4795
4698
4705
4799
5675
4708
4798
5676
4702
4703
4705
4701
4709
4710
4712
4710
4712
4715
5679
4704
4708
4704
4707
4709
4706
4711
4707
4708
5680
4707
4708
4713
5683
4714
5684
5685
4711
4714
4711
4715
4713
4714
4715
5686
4714
4715
5689
5691
5692
4717
4724
4729
4730
4732
4725
4729
4732
4735
6028
4719
4727
4736
4738
4739
4728
4743
4745
4746
4721
4723
4753
4754
4755
4751
4753
4754
4756
4759
4725
4750
4760
4761
4764
4766
4751
4761
4762
4763
4725
4767
4768
4770
4767
4770
4773
4759
4775
4776
4777
4728
4781
4783
4784
4788
4790
4791
4731
4735
4767
4731
4734
4736
4768
4733
4737
4769
4734
4735
6032
4734
4735
4740
6033
4741
6034
6035
4737
4741
4781
4738
4740
4782
4742
4745
4783
4741
4742
4746
6036
4741
4742
6037
6038
4748
6039
4744
4749
4788
4797
4745
4747
4789
4795
4748
4790
4748
4749
6040
4748
4749
4798
6041
6042
4799
6043
4751
4761
4762
4764
4756
4757
4758
4774
4784
4756
4757
4762
4756
4758
4775
4757
4758
4763
4785
4778
4765
4786
4779
4787
4775
4776
4778
4764
4765
4766
4770
4764
4766
4764
4765
4765
4766
4771
4772
4773
4769
4773
4769
4772
4781
4771
4782
4772
4773
4772
4773
4785
4786
4778
4779
4780
4791
4778
4779
4778
4780
4779
4780
4792
4793
4794
4782
4786
4783
4785
4787
4790
4786
4787
4791
4786
4787
4793
4789
4794
4800
4790
4792
4796
4793
4793
4794
4793
4794
4801
4802
4796
4797
4798
4800
4801
4799
4800
4799
6044
6045
4802
4802
4804
4805
4814
4817
4819
4823
4824
4826
4842
4904
4930
4932
4934
4993
5024
4814
4816
4819
4912
5003
4822
4823
4826
4844
4921
4807
4809
4810
4817
4824
5029
4813
4825
4828
4829
4832
4834
5039
4829
4830
4831
5040
4812
4818
4828
4830
4832
4833
5041
4812
4813
4819
4826
4922
4836
4837
4838
4925
4820
4835
4837
4839
4840
4926
4827
4835
4838
4839
4841
4928
4815
4817
5004
5086
4816
4818
5005
5087
4820
4910
5006
4818
4819
5089
4820
5090
4820
4908
4913
4822
4823
4825
4863
5108
4827
4864
4918
4824
4865
5107
4825
4826
5110
4827
5111
4827
4915
4920
4832
4833
4834
4835
4832
4834
5136
4832
4833
5137
4833
4834
4836
5139
4840
4841
4839
4840
4841
4840
4841
4839
4840
4987
4839
4841
4988
4989
4844
4852
4854
4865
4866
4868
4883
4884
4896
4899
4902
4903
5184
4856
4858
4860
4906
4851
4864
4865
4866
4849
4850
4851
4854
4866
4877
4849
4851
4853
4856
4857
4859
4861
4916
4871
4872
4873
4878
4850
4851
4857
4858
4859
4862
4864
4918
4855
4870
4872
4874
4875
4879
4869
4870
4873
4874
4876
4880
4852
4921
4853
4854
4896
4932
4855
4897
4933
4855
4881
4899
4882
4898
4857
4861
4943
4858
4859
4944
4862
4945
4861
4862
4870
4861
4862
4871
4875
4876
4864
4865
4867
5180
4869
4868
5179
4868
4869
4885
4868
4869
4886
5181
4887
5182
4888
4874
4875
4876
4875
4876
4874
4875
4891
4874
4876
4892
4893
4879
4880
4881
4885
4890
4891
4892
4882
4889
4891
4893
4895
4888
4889
4892
4893
4894
4882
4883
4901
4900
4884
4885
4902
4887
4903
5183
4887
4888
4887
4888
5177
5178
4893
4894
4895
4894
4895
4893
4895
4893
4894
4897
4899
4904
4898
4929
4899
4900
4901
4901
4902
4903
5197
4929
4930
4932
4992
4937
4938
4939
12242
4943
4945
4947
4951
4952
4953
4912
4913
4914
4922
4934
4912
4914
4931
4936
4937
4940
4942
12243
4912
4913
4936
4938
4940
4941
12244
4923
4958
4959
4960
4930
12245
4926
4957
4959
4961
4962
4927
4935
4957
4960
4961
4963
4919
4920
4921
4922
4934
4919
4921
4933
4943
4944
4946
4949
4924
4965
4966
4967
4920
4921
4944
4945
4946
4948
4927
4935
4964
4966
4968
4970
4928
4964
4967
4968
4969
4932
4926
4927
4928
4972
4973
4974
4979
4980
4981
4986
4987
4988
4971
4973
4975
4976
4985
4987
4989
4990
4971
4974
4975
4977
4978
4980
4982
4983
4978
4981
4982
4984
4985
4988
4989
4991
4931
4933
4996
4931
4934
5000
4935
5001
4933
4934
4935
4935
4940
4941
4942
4957
4940
4942
12248
4940
4941
12249
4941
4942
4958
12250
4962
4963
4944
4949
4945
4946
4948
4948
4949
4964
4948
4949
4965
4969
4970
4954
4955
4956
4971
4978
4985
4954
4955
4972
4955
4956
4979
4954
4956
4986
4976
4990
4977
4983
4984
4991
4961
4962
4963
4962
4963
4961
4962
4973
4961
4963
4974
4975
4968
4969
4970
4969
4970
4968
4970
4980
4968
4969
4981
4982
4975
4976
4977
4976
4977
4975
4976
4975
4977
4982
4983
4984
4983
4984
4982
4983
4982
4984
4989
4990
4991
4990
4991
4989
4990
4989
4991
4993
4995
4996
5000
4994
4995
4998
5000
5003
5004
5008
5200
12274
5002
5003
5008
12270
12328
4997
4998
12258
4997
5001
4999
12290
4999
5000
12270
12293
5001
12273
12294
5001
12245
12243
5006
5007
12272
12329
5004
5006
12245
5005
5008
5207
5006
5007
5208
12244
5008
5009
12330
5010
12331
5010
5208
5229
12396
5200
5207
5228
12397
5021
5028
5062
5063
5179
5184
5030
5065
5067
5069
5015
5016
5017
5060
5188
5020
5073
5074
5075
5022
5072
5074
5076
5077
5189
5023
5061
5072
5075
5076
5078
5021
5022
5023
5063
5195
5021
5022
5047
5066
5067
5068
5070
5192
5021
5023
5048
5062
5065
5066
5068
5071
5080
5081
5082
5050
5191
5079
5081
5083
5084
5196
5064
5079
5082
5083
5085
5025
5028
5086
5089
5091
5093
5094
5096
5098
5107
5110
5112
5184
5200
5038
5086
5088
5091
5201
5093
5095
5097
5185
5202
5100
5102
5104
5203
5050
5107
5109
5112
5039
5041
5042
5089
5110
5114
5116
5118
5122
5123
5124
5036
5037
5038
5053
5091
5098
5036
5038
5088
5100
5101
5103
5105
5204
5037
5038
5095
5101
5102
5103
5106
5205
5054
5129
5130
5131
5057
5092
5128
5130
5132
5133
5058
5099
5128
5131
5132
5134
5094
5206
5045
5111
5135
5136
5139
5141
5136
5137
5138
5044
5090
5135
5137
5139
5140
5044
5045
5053
5091
5112
5055
5143
5144
5145
5057
5092
5142
5144
5146
5147
5059
5113
5142
5145
5146
5148
5050
5051
5052
5053
5098
5112
5050
5051
5097
5115
5116
5117
5119
5050
5052
5109
5114
5115
5117
5120
5056
5150
5151
5152
5096
5058
5099
5149
5151
5153
5154
5059
5113
5149
5152
5153
5155
5057
5058
5059
5157
5158
5159
5164
5165
5166
5171
5172
5173
5156
5158
5160
5161
5163
5165
5167
5168
5156
5159
5160
5162
5170
5172
5174
5175
5163
5166
5167
5169
5170
5173
5174
5176
5061
5063
5178
5199
5064
5177
5064
5109
5180
5064
5182
5184
5181
5066
5071
5114
5067
5068
5115
5070
5116
5070
5071
5079
5070
5071
5080
5084
5085
5076
5077
5078
5077
5078
5076
5077
5081
5076
5078
5082
5083
5083
5084
5085
5084
5085
5083
5084
5083
5085
5087
5089
5207
5088
5090
5208
5092
5209
5090
5091
5092
5092
5094
5096
5190
5210
5095
5098
5213
5099
5214
5097
5098
5191
5099
5192
5099
5101
5105
5217
5102
5103
5218
5106
5219
5105
5106
5128
5105
5106
5129
5133
5134
5108
5110
5179
5109
5111
5180
5113
5111
5112
5113
5113
5115
5120
5116
5117
5119
5119
5120
5149
5119
5120
5150
5154
5155
5125
5126
5127
5156
5163
5170
5125
5126
5157
5125
5127
5164
5126
5127
5171
5161
5168
5162
5175
5169
5176
5132
5133
5134
5133
5134
5132
5133
5158
5132
5134
5159
5160
5139
5140
5141
5142
5139
5141
5139
5140
5140
5141
5143
5147
5148
5146
5147
5148
5147
5148
5146
5147
5165
5146
5148
5166
5167
5153
5154
5155
5154
5155
5153
5154
5172
5153
5155
5173
5174
5160
5161
5162
5161
5162
5160
5161
5160
5162
5167
5168
5169
5168
5169
5167
5168
5167
5169
5174
5175
5176
5175
5176
5174
5175
5174
5176
5178
5181
5182
5183
5180
5182
5184
5181
5182
5184
5184
5197
5199
5190
5191
5193
5195
5197
5198
5199
5190
5192
5194
5187
5188
5193
5198
5189
5194
5189
5195
5199
5196
5191
5193
5192
5195
5196
5194
5195
5196
5196
5198
5199
5201
5207
5210
5211
5213
5215
5228
12381
5206
5207
5209
5228
5210
5212
5214
5217
5219
5221
5206
5209
5217
5218
5220
5222
5226
5206
5214
5218
5219
5220
5223
5227
5213
5224
5208
5209
5229
5211
5213
5212
5215
12383
5216
12399
5214
5215
5216
5216
5224
12404
5227
12405
5218
5222
5219
5220
5223
5222
5223
5230
5222
5223
5231
5235
5236
5226
5227
5228
12388
5231
5232
5233
12389
5229
5230
5232
5234
5235
12390
5230
5233
5234
5236
12391
5229
12395
12398
5234
5235
5236
5235
5236
5234
5235
12415
5234
5236
12416
12417
5238
5241
5244
5246
5278
5600
5241
5242
5244
5601
5240
5244
5278
5279
5281
5602
5245
5267
5280
5284
5604
5243
5246
5258
5243
5245
5266
5605
5247
5260
5275
5245
5246
5606
5247
5274
5607
5247
5261
5281
5264
5277
5284
5250
5251
5252
5256
5251
5253
5254
5257
5288
5308
5258
5259
5263
5253
5254
5253
5255
5259
5307
5257
5321
5256
5257
5291
5256
5257
5262
5294
5320
5263
5295
5297
5324
5260
5261
5260
5262
5265
5264
5270
5263
5264
5298
5263
5264
5301
5336
5302
5272
5304
5269
5270
5307
5336
5708
5274
5275
5609
5612
5709
5274
5310
5335
5608
5614
5271
5272
5273
5325
5337
5696
5271
5319
5337
5698
6089
5271
5272
5275
5710
5276
5699
6054
5277
5331
5336
5276
5277
5332
5610
5701
5277
5610
5617
5276
5277
5711
5609
5703
6056
5335
5279
5281
5283
5286
5365
5598
6438
5280
5283
5599
5629
5282
5310
5603
5631
5283
5284
5298
5283
5284
5300
5333
5367
5303
5368
5304
5335
5287
5288
5338
5341
5343
5345
6433
5298
5299
5302
5303
5339
5340
5342
5344
5346
6434
5296
5338
5340
5341
5347
5291
5293
5296
5297
5306
5348
5290
5292
5293
5294
5305
5349
5299
5300
5301
5309
5350
5295
5296
5297
5341
5295
5296
5299
5340
5352
5296
5297
5313
5353
5295
5297
5301
5314
5302
5344
5355
5317
5302
5303
5304
5302
5303
5359
5303
5304
5327
5360
5302
5304
5328
5362
5331
5309
5312
5313
5314
5370
5308
5311
5313
5316
5317
5371
5715
5319
5320
5321
5707
5318
5321
5322
5324
5713
6070
5326
5327
5328
5372
5333
5611
5639
5644
5315
5316
5317
5318
5726
5315
5316
5326
5374
5729
5316
5317
5375
5315
5317
5320
5328
5323
5329
5730
5377
5731
5324
5322
5323
5324
5717
5322
5323
5720
6080
5323
5324
5336
5322
5324
6081
5721
6084
5337
5722
5329
5330
5331
5332
5735
5329
5330
5381
5738
5330
5331
5333
5382
5329
5331
5336
5337
5739
5334
5384
5740
5335
5334
5335
5608
5705
5334
5335
5388
5389
5644
5734
5337
5725
5339
5343
5391
6435
5340
5342
5392
6435
5344
5393
5343
5344
5343
5344
6435
6435
5347
5348
5391
5394
5396
6226
6479
5358
5359
5362
5363
5365
5392
5393
5395
5397
6227
6488
5355
5391
5393
5394
5351
5353
5355
5357
5371
6384
5350
5352
5353
5354
5370
5359
5360
5361
5372
5355
5356
5357
5394
6386
5355
5356
5359
5393
5355
5357
5375
5356
5357
5361
5376
6388
5363
5397
6390
5379
6392
5362
5363
5364
5366
6393
5362
5363
5362
5364
5367
5382
5363
5364
5383
6395
5368
6396
5369
5386
6397
5366
5368
5627
5628
5629
6246
6489
5368
5369
5627
6247
5368
5369
5388
5631
5629
5390
5630
6250
5372
5374
5375
5376
5373
5375
5377
5379
5744
6402
5381
5382
5383
5377
5378
5379
5748
6406
5377
5378
5381
5750
5377
5379
5378
5379
5383
6407
5752
5385
5754
6410
6412
5384
5385
5386
5387
5756
6420
5384
5385
5758
5384
5386
5388
5385
5386
6421
5389
5760
5761
6423
5390
6424
5389
5390
5638
5773
6366
5389
5390
5639
5636
5775
5640
6369
5392
5396
6481
5393
5395
6481
5397
5396
5397
6228
5396
5397
6229
6481
6232
6481
6233
5399
5401
5468
5799
5801
5825
6745
5401
5402
5476
5801
6760
5401
5402
5477
5795
5797
5830
5480
5799
5832
5481
5798
5800
6764
5409
5410
5412
5413
5422
5490
5491
5492
5530
5628
5645
6946
5407
5409
5411
5475
5619
6963
5407
5414
5415
5420
5479
6975
5414
5416
5418
5419
5425
5459
5462
5464
5465
5468
6951
5408
5413
5472
6964
5410
5411
5415
5466
5531
5412
5413
5620
6965
5412
5413
5417
5539
5412
5471
5540
5621
5543
5622
5420
6967
5416
5418
5482
6977
5417
5418
5424
5467
5419
5420
5494
6978
5419
5420
5439
5492
5419
5440
5478
5443
5495
5491
6980
5422
5483
5486
5487
5505
5530
5490
5492
5496
5504
5430
5432
5433
5434
5507
5439
5440
5441
5531
5556
5429
5431
5433
5436
5437
5438
5440
5443
5444
5557
5497
5498
5501
5532
5652
5445
5446
5450
5497
5662
5452
5453
5457
5498
5533
5445
5447
5448
5451
5452
5454
5455
5458
5568
5460
5461
5462
5506
5435
5436
5437
5448
5485
5435
5436
5460
5486
5514
5436
5437
5462
5435
5437
5449
5515
5450
5488
5517
5464
5484
5451
5442
5443
5444
5455
5485
5442
5443
5483
5539
5443
5444
5560
5442
5444
5456
5541
5561
5457
5489
5542
5484
5458
5564
5447
5448
5499
5447
5449
5663
5451
5450
5451
5500
5450
5451
5665
5502
5666
5454
5455
5499
5454
5456
5546
5567
5458
5594
5457
5458
5500
5457
5458
5549
5593
5503
5550
5597
5463
5464
5465
5494
6968
5463
5464
5496
5509
5463
5465
5510
6970
5464
5465
5493
5512
6972
5495
6974
5467
5470
5471
5472
5565
5477
5478
5479
5556
5476
5478
5480
5482
5557
6615
5473
5474
5475
5623
5802
6689
5473
5474
5477
5570
5797
5473
5475
5571
5624
5474
5475
5479
6688
5574
5625
5804
5481
5798
6691
5626
6687
5480
5481
5482
6695
5480
5481
5559
5480
5482
5560
5481
5482
6692
5563
6697
6694
5484
5489
5492
5530
5485
5486
5495
5488
5489
5500
5488
5496
5505
5488
5489
5501
5505
5530
5502
5505
5503
5530
5491
5493
5504
6948
5492
5494
6982
5495
5494
5496
5504
6983
5495
6984
5496
5504
5499
5502
5652
5499
5503
5532
5500
5502
5503
5502
5503
5532
5652
5652
5532
5505
5508
5509
5511
5512
5520
5521
5523
5524
5645
6944
5513
5514
5516
5517
5526
5527
5528
5529
5650
5652
5507
5509
5510
5514
5515
5511
5512
6954
5511
5512
5514
5512
6956
5516
6958
5516
5517
5664
5516
5517
5517
5665
5666
5519
5521
5522
5648
5525
5527
5651
5523
5524
6959
5523
5524
5527
5667
5523
5671
5668
6961
5528
5529
5657
5528
5529
5528
5529
5659
5661
5532
5538
5539
5542
5543
5598
5650
5539
5540
5541
5565
5533
5545
5548
5550
5600
5545
5546
5550
5536
5537
5538
5554
5598
5602
5536
5537
5540
5577
5603
5621
5543
5598
5599
5622
5544
5555
5579
5604
5542
5543
5544
5548
5542
5543
5543
5544
5571
5542
5544
5549
5572
5550
5551
5575
5547
5548
5552
5547
5549
5566
5551
5553
5583
5550
5551
5554
5550
5551
5582
5555
5586
5553
5554
5600
5601
5555
5588
5605
5555
5600
5606
5590
5607
5559
5560
5561
5565
5558
5560
5563
5564
5568
5825
5562
5563
5564
5591
5827
5562
5563
5570
5830
5563
5564
5562
5564
5572
5593
5573
5596
5831
5832
5597
5570
5571
5572
5567
5581
5582
5583
5903
5592
5593
5594
5904
5591
5594
5595
5597
5837
5905
5573
5574
5575
5576
5580
5858
5573
5574
5861
5574
5575
5577
5573
5575
5582
5585
5862
5578
5863
5579
5586
5578
5579
5587
5615
5865
5578
5579
5611
5624
5613
5625
5867
5590
5614
5584
5585
5586
5587
5838
5584
5585
5592
5841
5906
5585
5586
5593
5584
5586
5588
5908
5589
5842
5902
5596
5843
5590
5589
5590
5618
5854
5589
5590
5612
5885
5616
5856
5891
5617
5595
5596
5597
5845
5595
5596
5848
5912
5596
5597
5595
5597
5914
5849
5916
5850
5599
5600
5602
5628
6515
5602
5603
5633
5601
5606
5605
5606
5604
5606
5604
5611
5635
5607
5614
5607
5612
5607
5617
5610
5615
5644
5874
5610
5616
5871
6055
5618
5872
5613
5614
5642
5616
5617
5884
5615
5637
5644
5882
5615
5617
5618
5883
5618
5877
5879
5618
5880
5620
5621
5626
5634
6897
5622
5628
5632
6902
5622
5624
5635
5628
5633
5625
5626
5641
5810
6935
5625
5626
5642
5637
5812
5643
6936
5629
5630
5632
6894
5632
5633
6510
6893
5631
5633
5631
5634
5640
6896
5635
5639
5633
5634
6899
5635
5635
5643
6901
5642
5637
5638
5639
5644
5771
5641
5642
5808
5640
5641
5772
6906
5640
5642
5643
6917
5643
5809
6910
5643
6932
5894
5650
5667
5668
5669
5673
6510
6952
5647
5648
5649
5654
5670
6529
5651
5667
5670
5671
5651
5654
5658
5659
5660
5661
6515
5655
5657
5659
5653
5662
5664
5666
5662
5664
5655
6514
5656
5660
5670
6516
5657
5658
6518
5661
5660
5661
6521
5660
5661
5667
5669
6523
5663
5666
5665
5666
5666
5668
5669
5671
5673
6953
5670
5673
6548
5672
6549
5672
5673
6552
6553
6989
5676
5682
5694
5852
6020
6060
5676
5680
5694
6045
5685
6023
6044
5678
5681
5682
5683
5814
6003
5687
5688
5689
5815
6004
5686
5688
5690
5692
5816
6005
5684
5685
5693
5684
5687
5693
5823
5685
5693
5817
6007
5684
5685
5689
6009
5691
6011
5690
5691
5692
5690
5691
5819
5690
5692
5820
6014
5691
5692
6016
5822
6018
5694
5824
5889
6109
5697
5698
5712
5724
6046
6071
5699
5700
5701
5725
5735
5699
5700
5702
5971
6049
5699
5720
5725
6087
5703
6050
5704
5724
5741
5972
5703
5704
5705
5872
5703
5704
5869
5973
6051
5871
6053
5706
5870
5975
5706
5734
5735
5874
5733
5741
5873
5977
5708
6080
6081
6082
5710
6089
6090
5711
5884
6055
6093
5711
6054
6092
6056
6094
5718
5719
5720
6068
6110
5715
5717
5718
5721
5723
6024
6069
5716
5727
5728
5729
5743
5944
5726
5728
5731
5732
5744
5928
5736
5737
5738
5745
5945
5721
5722
5723
5726
5721
5723
6074
6111
5722
5723
5724
5727
6112
5721
5722
6075
6077
5725
5730
5732
6113
5725
5736
6114
5739
5730
5731
5732
5730
5732
5736
5946
5731
5732
5749
5947
5730
5731
5738
5750
5739
5752
5948
5734
5737
5774
5893
5981
5740
5775
5894
5739
5740
5741
5739
5741
5949
5740
5741
5757
5950
5739
5740
5758
5760
5951
5743
5746
5747
5918
5942
5944
5745
5749
5750
5751
5748
5749
5752
5753
5939
6400
5746
5757
5758
5759
5763
5764
5922
5945
5751
5755
5764
5919
5943
5752
5753
5754
6413
5752
5753
5942
5752
5754
5758
5753
5754
5759
6414
5943
6417
5761
6418
5766
5781
5920
6398
6414
5760
5761
5762
5773
6425
5760
5762
5763
5774
5760
5761
5761
5762
5764
6426
5775
6428
5765
5776
6429
5765
5778
5924
5950
5765
5766
5923
5767
5779
5921
5767
5926
6405
6426
5780
5925
6345
6429
5769
5770
5771
5774
5806
5893
5777
5778
5788
5980
5772
5776
5777
5807
6937
5772
5775
5808
5894
5773
5809
6940
5775
5776
6430
5775
5776
5778
5779
6431
5779
5791
6938
5779
5953
5981
5780
5952
5927
6380
6431
6938
5937
5938
5943
6417
6432
5783
5784
5789
5794
5991
5785
5786
5795
5983
5786
5790
5796
6573
5787
5799
5986
5787
5800
6574
5801
6576
5791
5792
5806
5958
5790
5792
5803
5994
5793
5805
6597
5793
5807
6596
5793
5811
6000
5813
6598
5795
5796
5797
5803
5836
5799
5800
5826
5798
5800
5805
6757
5798
5804
5861
5802
6759
5801
5829
5801
6761
6766
5804
5805
5810
6857
5804
5805
5811
5860
5812
5863
5813
6858
5807
5808
5811
5876
5809
5813
6939
5809
5812
5882
5810
6941
5812
5813
6942
5812
5813
5866
5867
6943
5815
5817
5823
5834
5895
5819
5820
5835
5897
5818
5820
5821
5822
5837
5905
5824
5839
5852
5896
5821
5822
5898
5911
5822
5823
5898
5821
5822
5846
5849
5897
5916
5824
5900
5889
5899
5827
5829
5832
5833
5837
5982
5828
5829
5830
5836
5983
5831
5832
5833
5845
5831
5833
5847
5859
5985
5832
5833
5986
5831
5832
5861
5850
5862
5851
5988
5835
5839
5840
5841
6003
5846
5847
5848
6004
5859
5860
5861
5991
5845
5846
5849
5851
6005
5842
5843
5844
5854
5858
5842
5844
5855
6007
5843
5844
5847
5859
6008
5842
5843
5848
5895
5856
5896
5850
5862
5857
5864
6010
5849
5850
5851
5849
5851
6014
5850
5851
6015
5849
5850
5897
6017
5853
5855
5889
6059
5856
5888
5891
5896
6061
5856
5857
5865
5880
5856
5857
5875
6020
5879
5868
5878
6021
5862
5863
5864
5865
5862
5864
5993
5863
5864
5866
5994
5862
5863
5867
5868
5996
5867
5868
5883
5867
5868
5876
6000
5882
5881
6001
5870
5871
5875
5970
6047
5872
5873
5878
5974
5872
5879
6052
5874
5880
5874
5881
5893
5976
5883
5894
5878
5879
5978
6059
5881
5882
5893
5958
5884
5891
5892
6055
6061
5880
5881
5979
5880
6061
5883
5883
5959
5883
5894
5885
5886
5887
5891
5908
5887
5892
6093
5890
5910
5889
5890
5899
6108
6107
5891
5892
5901
5902
6103
6108
5894
5980
5896
5897
5900
5906
5899
5902
5898
5912
5900
5915
5900
5901
5909
5902
5909
5910
5906
5908
5904
5906
5907
5908
5912
5913
5914
5911
5914
5916
5917
5909
5912
5909
5910
5913
5910
5915
5915
5916
5917
5915
5916
5915
5917
5916
5917
5919
5922
5930
5941
5920
5923
5940
5926
5938
5923
5924
5925
5952
5923
5924
5934
5926
5935
5953
5926
5927
5952
5929
5931
5939
5947
5948
6024
5931
5932
5948
6025
5931
5932
5934
5944
5941
5947
5936
5946
6026
5935
5936
5951
5954
5962
5935
5936
5945
5950
5956
5949
6027
5938
5939
6400
6432
6554
5940
5940
5941
5942
5943
5941
5943
5942
5943
5947
5945
5946
5947
5949
5950
5948
5949
6112
5948
6113
5951
6114
5951
5981
5972
5977
5953
5956
5956
5957
5963
5977
5956
5957
5960
5980
5981
5961
5966
5976
5959
5960
5980
6000
5961
5976
5979
6001
5961
6002
5969
5999
5963
5964
5972
6027
5965
5966
5975
5965
5971
6031
6039
5967
5973
6042
5967
5969
5974
5968
5970
6041
5969
5978
6023
6044
5979
6022
5973
5974
5978
6048
5972
5973
6046
6057
5975
6114
5975
6058
5975
5976
5979
5977
5977
5980
5981
5979
6020
6060
6021
5981
5984
5986
5988
5990
6005
5985
5986
5987
5991
5988
5989
5990
6013
5988
5989
5993
6015
5988
5990
5989
5990
5995
6017
5998
6019
5993
5994
5995
5996
5997
5998
5999
6006
5996
5998
6008
5996
5997
6000
5997
5998
6001
6010
6002
6012
6001
6002
6022
6001
6002
6021
6004
6007
6008
6009
6014
6015
6016
6013
6014
6017
6018
6010
6011
6012
6022
6010
6011
6020
6010
6012
6015
6011
6012
6016
6021
6023
6019
6017
6018
6019
6017
6018
6017
6019
6018
6019
6021
6023
6022
6023
6025
6028
6030
6111
6113
6026
6030
6113
6027
6029
6112
6031
6114
6032
6035
6065
6066
6069
6030
6031
6033
6110
6035
6111
6037
6046
6034
6035
6066
6034
6035
6037
6062
6038
6064
6065
6038
6039
6040
6104
6038
6039
6063
6067
6042
6057
6042
6043
6106
6042
6043
6044
6048
6058
6045
6105
6045
6060
6109
6063
6110
6114
6048
6051
6052
6059
6098
6058
6060
6105
6050
6051
6057
6071
6096
6053
6054
6087
6095
6053
6058
6099
6053
6055
6061
6100
6056
6097
6056
6089
6101
6056
6103
6102
6058
6063
6104
6106
6060
6061
6107
6109
6108
6063
6064
6065
6068
6110
6067
6071
6066
6067
6073
6066
6074
6111
6078
6086
6104
6071
6073
6074
6075
6070
6072
6074
6077
6078
6079
6081
6084
6085
6086
6087
6076
6077
6078
6079
6076
6078
6086
6077
6078
6076
6077
6080
6087
6083
6088
6084
6083
6084
6085
6083
6084
6089
6084
6085
6083
6085
6090
6091
6088
6096
6088
6089
6091
6095
6091
6091
6092
6101
6094
6101
6094
6103
6102
6096
6097
6101
6099
6104
6099
6100
6102
6099
6100
6105
6107
6106
6103
6108
6102
6103
6106
6106
6109
6108
6109
6111
6112
6113
6113
6114
6116
6117
6212
6213
6214
6235
6118
6120
6213
6214
6216
6237
6244
6245
6118
6219
6220
6221
6225
6128
6178
6179
6182
6183
6185
6186
6189
6190
6220
6221
6224
6227
6121
6133
6134
6135
6236
6128
6238
6243
6555
6562
6126
6133
6134
6137
6146
6147
6150
6152
6218
6219
6222
6223
6226
6129
6140
6141
6142
6147
6148
6149
6130
6154
6155
6156
6255
6383
6161
6162
6163
6257
6153
6155
6157
6159
6160
6162
6165
6166
6260
6384
6131
6168
6169
6170
6261
6174
6176
6196
6198
6246
6557
6559
6865
6887
6889
6179
6180
6181
6186
6187
6188
6262
6385
6201
6202
6203
6265
6136
6137
6138
6211
6136
6137
6212
6236
6137
6138
6241
6136
6138
6236
6215
6236
6217
6242
6143
6144
6145
6146
6167
6218
6143
6144
6179
6220
6239
6143
6145
6148
6144
6145
6168
6181
6150
6222
6240
6171
6183
6224
6151
6172
6150
6151
6152
6160
6150
6152
6241
6150
6151
6151
6152
6161
6242
6164
6165
6157
6158
6159
6167
6218
6157
6158
6186
6221
6387
6157
6159
6286
6389
6158
6159
6169
6188
6287
6223
6391
6171
6190
6224
6173
6290
6164
6165
6166
6167
6164
6165
6165
6166
6293
6164
6166
6170
6294
6172
6173
6297
6171
6172
6173
6171
6172
6201
6171
6173
6202
6313
6172
6173
6314
6204
6318
6176
6177
6178
6192
6559
6176
6177
6180
6556
6182
6243
6557
6184
6194
6558
6182
6183
6184
6200
6182
6183
6244
6182
6184
6183
6184
6201
6245
6204
6205
6189
6190
6191
6196
6200
6189
6190
6394
6189
6191
6197
6251
6321
6190
6191
6202
6322
6198
6252
6204
6199
6206
6325
6194
6195
6196
6200
6886
6194
6195
6203
6209
6882
6205
6884
6199
6206
6210
6885
6198
6199
6889
6198
6199
6248
6377
6883
6249
6887
6379
6888
6204
6205
6206
6204
6205
6204
6206
6341
6205
6206
6207
6208
6208
6209
6265
6344
6210
6325
6340
6341
6210
6375
6890
6374
6379
6891
6215
6216
6217
6215
6217
6219
6235
6216
6217
6220
6239
6215
6216
6235
6235
6222
6240
6222
6223
6224
6222
6223
6230
6222
6224
6223
6224
6231
6234
6227
6229
6230
6231
6235
6228
6230
6232
6234
6236
6384
6229
6231
6233
6237
6246
6252
6393
6394
6396
6232
6233
6234
6386
6232
6233
6235
6232
6234
6235
6233
6234
6387
6235
6390
6391
6236
6237
6481
6484
6537
6538
6539
6479
6506
6507
6508
6509
6238
6487
6488
6246
6489
6491
6992
6240
6244
6242
6242
6245
6562
6245
6247
6249
6893
6894
6895
6249
6250
6393
6894
6249
6250
6251
6367
6892
6252
6895
6369
6397
6896
6252
6280
6385
6397
6393
6394
6254
6271
6272
6273
6277
6278
6262
6285
6286
6287
6399
6260
6270
6271
6274
6275
6305
6307
6309
6311
6400
6554
6292
6293
6294
6263
6266
6299
6300
6301
6264
6267
6306
6307
6308
6401
6284
6286
6288
6290
6291
6293
6295
6297
6402
6265
6313
6314
6315
6320
6321
6322
6403
6268
6327
6328
6329
6269
6334
6335
6336
6404
6341
6342
6268
6346
6347
6269
6349
6350
6398
6352
6353
6355
6356
6405
6274
6275
6276
6291
6298
6274
6275
6277
6275
6276
6292
6274
6276
6278
6299
6279
6303
6295
6296
6304
6279
6554
6279
6346
6348
6554
6281
6321
6367
6403
6424
6283
6323
6368
6420
6422
6283
6335
6345
6364
6404
6429
6337
6365
6425
6427
6288
6289
6290
6305
6312
6288
6289
6306
6320
6408
6288
6290
6409
6289
6290
6313
6322
6309
6411
6310
6316
6324
6318
6295
6296
6297
6312
6295
6296
6295
6297
6296
6297
6314
6317
6318
6302
6303
6304
6305
6312
6303
6304
6346
6302
6303
6308
6328
6347
6302
6304
6315
6329
6310
6316
6330
6311
6348
6317
6309
6310
6311
6309
6310
6334
6415
6309
6311
6349
6416
6310
6311
6336
6350
6419
6338
6351
6316
6317
6318
6316
6318
6341
6317
6318
6316
6317
6342
6343
6323
6324
6325
6333
6340
6376
6323
6324
6334
6422
6323
6325
6377
6324
6325
6341
6337
6378
6338
6343
6379
6330
6331
6332
6333
6340
6358
6331
6332
6352
6359
6330
6331
6336
6353
6330
6332
6342
6338
6343
6339
6354
6360
6344
6361
6337
6338
6339
6370
6337
6338
6427
6337
6339
6355
6371
6338
6339
6356
6372
6357
6373
6343
6344
6374
6343
6343
6344
6375
6355
6380
6405
6348
6348
6350
6353
6351
6351
6432
6554
6351
6356
6554
6354
6362
6354
6356
6357
6363
6357
6381
6357
6382
6360
6361
6370
6374
6912
6360
6361
6362
6904
6363
6373
6911
6375
6913
6363
6905
6382
6914
6365
6371
6380
6431
6915
6368
6372
6430
6916
6368
6369
6420
6430
6906
6368
6369
6377
6918
6378
6919
6424
6917
6372
6373
6376
6920
6372
6373
6381
6921
6378
6922
6382
6907
6375
6376
6908
6923
6378
6379
6909
6378
6379
6924
6925
6926
6381
6927
6382
6929
6928
6385
6387
6388
6389
6399
6386
6389
6391
6392
6402
6394
6395
6403
6390
6391
6392
6390
6391
6394
6390
6392
6395
6407
6391
6392
6409
6396
6412
6396
6397
6396
6396
6397
6421
6424
6401
6405
6432
6403
6407
6408
6409
6402
6413
6416
6417
6419
6404
6414
6415
6416
6406
6409
6411
6412
6421
6422
6405
6426
6427
6410
6411
6412
6413
6410
6412
6421
6410
6411
6415
6422
6411
6412
6418
6423
6419
6417
6418
6419
6417
6418
6426
6418
6419
6427
6417
6419
6432
6428
6423
6424
6425
6423
6424
6423
6427
6428
6428
6429
6430
6428
6429
6428
6431
6431
6940
6937
6435
6448
6449
6452
6453
6479
6435
6438
6462
6463
6466
6467
6488
6441
6442
6445
6446
6481
6440
6442
6443
6444
6469
6492
6449
6450
6451
6470
6500
6455
6456
6459
6461
6489
6515
6456
6457
6458
6471
6519
6540
6463
6464
6465
6472
6480
6445
6446
6447
6448
6445
6446
6463
6496
6445
6447
6450
6473
6494
6446
6447
6465
6452
6498
6467
6454
6452
6453
6454
6452
6453
6503
6452
6454
6474
6501
6453
6454
6504
6459
6460
6461
6462
6459
6461
6490
6522
6459
6460
6464
6475
6544
6460
6461
6520
6466
6543
6468
6524
6466
6467
6468
6466
6467
6531
6466
6468
6476
6532
6467
6468
6530
6472
6473
6477
6474
6478
6475
6485
6517
6476
6486
6474
6525
6526
6476
6527
6528
6486
6492
6525
6500
6526
6481
6502
6503
6504
6505
6486
6492
6531
6532
6533
6488
6495
6496
6497
6498
6493
6494
6495
6499
6499
6500
6505
6487
6537
6539
6511
6527
6540
6528
6491
6533
6534
6535
6536
6539
6489
6530
6531
6534
6536
6490
6510
6541
6543
6546
6512
6540
6541
6543
6513
6541
6542
6545
6546
6493
6494
6496
6497
6533
6498
6501
6525
6497
6498
6502
6538
6497
6498
6531
6534
6539
6504
6501
6502
6501
6503
6504
6526
6504
6505
6506
6504
6505
6509
6508
6509
6538
6508
6509
6537
6512
6515
6548
6550
6553
6992
6517
6529
6547
6522
6547
6548
6550
6550
6551
6552
6553
6989
6991
6992
6516
6517
6529
6521
6522
6523
6524
6518
6519
6523
6549
6519
6520
6521
6520
6522
6547
6524
6523
6524
6523
6524
6548
6526
6528
6544
6532
6549
6531
6532
6536
6543
6534
6535
6544
6534
6535
6536
6536
6545
6546
6538
6539
6542
6544
6547
6542
6546
6550
6545
6551
6544
6546
6545
6546
6549
6551
6549
6553
6552
6551
6553
6552
6553
6560
6561
6599
6865
6992
6557
6558
6866
6559
6562
6868
6559
6870
6884
6873
6886
6561
6562
6868
6860
6871
6564
6565
6569
6582
6741
6566
6570
6571
6742
6566
6573
6584
6743
6574
6575
6744
6568
6577
6591
6822
6578
6579
6748
6571
6577
6583
6826
6572
6575
6751
6572
6578
6752
6580
6756
6574
6597
6757
6576
6761
6576
6762
6766
6578
6592
6844
6580
6775
6580
6776
6779
6593
6594
6823
6905
6583
6584
6589
6825
6590
6592
6829
6586
6597
6830
6586
6588
6596
6927
6930
6589
6598
6832
6588
6590
6593
6821
6928
6589
6837
6929
6590
6840
6595
6842
6592
6594
6845
6595
6848
6595
6850
6914
6595
6854
6855
6598
6938
6939
6598
6858
6943
6600
6601
6729
6730
6732
6859
6860
6952
6602
6728
6729
6730
6944
6602
6627
6628
6631
6632
6636
6637
6638
6639
6736
6737
6740
6865
6946
6735
6736
6737
6985
6606
6622
6623
6945
6608
6628
6629
6630
6612
6616
6640
6642
6796
6646
6647
6648
6949
6653
6654
6655
6660
6661
6662
6617
6634
6666
6667
6672
6680
6611
6618
6673
6674
6676
6681
6619
6645
6648
6650
6651
6666
6668
6669
6671
6674
6676
6678
6951
6620
6680
6682
6684
6614
6688
6690
6700
6798
6947
6692
6693
6696
6707
6950
6619
6693
6694
6695
6698
6745
6951
6620
6703
6704
6817
6699
6706
6707
6712
6720
6619
6713
6714
6716
6721
6706
6708
6709
6711
6714
6716
6718
6746
6720
6722
6724
6624
6625
6727
6624
6625
6646
6728
6955
6625
6647
6861
6731
6957
6649
6733
6862
6638
6788
6903
6946
6965
6966
6631
6632
6633
6641
6867
6631
6632
6660
6859
6631
6633
6869
6632
6633
6642
6662
6860
6871
6643
6664
6644
6872
6635
6639
6640
6699
6782
6637
6667
6700
6789
6947
6638
6639
6641
6782
6879
6638
6639
6670
6966
6789
6880
6643
6672
6643
6680
6703
6797
6643
6644
6797
6874
6643
6644
6684
6685
6796
6876
6649
6650
6651
6652
6734
6649
6650
6735
6969
6649
6651
6653
6650
6651
6971
6656
6738
6739
6973
6657
6656
6657
6658
6659
6676
6656
6657
6861
6656
6658
6661
6657
6658
6677
6663
6862
6678
6665
6679
6663
6664
6665
6683
6734
6663
6664
6736
6863
6663
6665
6664
6665
6684
6738
6864
6685
6740
6686
6668
6669
6681
6706
6668
6670
6707
6950
6671
6708
6976
6671
6672
6683
6734
6671
6672
6737
6979
6739
6981
6685
6740
6675
6679
6682
6713
6675
6678
6714
6677
6715
6678
6679
6683
6678
6679
6686
6681
6685
6720
6682
6683
6721
6686
6722
6685
6686
6685
6686
6688
6689
6798
6936
6963
6691
6692
6964
6691
6799
6857
6935
6691
6696
6701
6758
6799
6697
6759
6694
6697
6975
6694
6698
6708
6976
6695
6977
6697
6698
6760
6697
6698
6710
6763
6764
6711
6765
6700
6702
6703
6785
6701
6707
6800
6702
6710
6749
6802
6705
6712
6801
6828
6705
6720
6818
6705
6724
6820
6846
6725
6819
6847
6708
6709
6721
6708
6710
6711
6711
6712
6723
6750
6711
6712
6753
6754
6725
6755
6715
6719
6722
6715
6718
6717
6718
6719
6723
6767
6718
6719
6770
6772
6726
6773
6721
6725
6722
6723
6726
6725
6726
6774
6725
6726
6777
6778
6780
6731
6732
6733
6731
6733
6735
6944
6732
6733
6736
6863
6731
6732
6944
6944
6738
6864
6738
6739
6740
6738
6739
6986
6738
6740
6739
6740
6987
6988
6742
6743
6749
6825
6826
6744
6751
6752
6753
6744
6757
6758
6830
6761
6762
6763
6746
6760
6762
6765
6766
6750
6751
6754
6756
6767
6768
6771
6772
6768
6769
6770
6775
6776
6777
6822
6753
6758
6827
6828
6754
6755
6756
6774
6754
6756
6762
6755
6756
6775
6826
6754
6755
6763
6765
6778
6828
6779
6759
6761
6858
6759
6763
6831
6764
6857
6764
6765
6766
6764
6766
6765
6766
6764
6765
6771
6772
6773
6774
6771
6772
6771
6773
6776
6772
6773
6779
6780
6778
6779
6780
6778
6779
6844
6779
6780
6778
6780
6846
6847
6788
6793
6834
6897
6898
6903
6784
6785
6789
6797
6786
6790
6791
6796
6876
6787
6790
6793
6794
6879
6787
6800
6801
6818
6803
6804
6808
6817
6803
6810
6811
6813
6789
6798
6947
6963
6793
6800
6792
6797
6803
6874
6792
6804
6875
6882
6794
6805
6877
6885
6795
6810
6880
6795
6811
6881
6888
6812
6878
6883
6898
6797
6817
6818
6799
6800
6834
6802
6831
6835
6802
6810
6802
6813
6819
6824
6815
6827
6805
6806
6818
6805
6807
6890
6809
6811
6891
6808
6809
6813
6819
6853
6808
6809
6852
6923
6820
6856
6816
6851
6908
6812
6815
6834
6812
6816
6926
6814
6924
6933
6815
6816
6839
6815
6816
6838
6925
6934
6835
6841
6836
6909
6818
6820
6819
6820
6843
6849
6836
6837
6842
6850
6907
6844
6845
6846
6850
6852
6854
6904
6827
6828
6829
6839
6843
6827
6829
6830
6840
6828
6829
6844
6831
6841
6847
6842
6848
6831
6832
6858
6833
6857
6833
6840
6930
6943
6835
6841
6931
6942
6835
6933
6936
6934
6935
6838
6839
6851
6920
6838
6840
6921
6930
6841
6922
6931
6841
6842
6853
6841
6842
6855
6847
6848
6849
6853
6847
6848
6848
6849
6854
6847
6849
6855
6856
6851
6855
6911
6852
6853
6912
6856
6913
6855
6856
6855
6856
6858
6942
6943
6860
6863
6862
6864
6864
6867
6868
6871
6873
6878
6879
6880
6881
6893
6868
6869
6870
6871
6872
6873
6874
6871
6873
6871
6872
6872
6873
6875
6876
6877
6876
6877
6879
6876
6877
6884
6881
6886
6880
6881
6887
6900
6880
6881
6903
6889
6884
6885
6890
6887
6888
6892
6924
6886
6886
6888
6891
6889
6889
6895
6889
6926
6891
6923
6908
6926
6895
6896
6898
6918
6899
6900
6902
6903
6946
6992
6895
6896
6899
6900
6901
6917
6901
6902
6936
6963
6900
6901
6933
6900
6901
6902
6903
6932
6903
6965
6905
6911
6913
6914
6910
6917
6919
6940
6911
6920
6921
6928
6909
6912
6923
6920
6925
6926
6932
6934
6935
6941
6912
6914
6913
6920
6923
6928
6916
6921
6927
6930
6937
6919
6922
6931
6940
6918
6932
6919
6924
6933
6925
6934
6922
6922
6929
6925
6925
6926
6929
6938
6929
6931
6939
6934
6941
6933
6936
6934
6936
6942
6938
6939
6940
6941
6943
6941
6942
6943
6948
6952
6954
6955
6957
6958
6959
6960
6961
6962
6983
6985
6986
6949
6955
6956
6948
6952
6965
6966
6967
6982
6985
6987
6950
6964
6966
6982
6983
6985
6969
6970
6971
6975
6976
6979
6968
6971
6973
6974
6976
6977
6978
6981
6953
6989
6990
6991
6992
6961
6989
6990
6957
6958
6957
6958
6969
6958
6970
6972
6961
6962
6961
6962
6990
6964
6965
6967
6975
6967
6967
6979
6980
6972
6973
6974
6984
6972
6973
6986
6972
6974
6973
6974
6983
6988
6977
6980
6977
6981
6978
6980
6981
6984
6980
6981
6987
6982
6988
6984
6987
6984
6986
6988
6986
6987
6988
6988
6991
6991
6995
6996
6997
7354
7456
13549
6995
6997
7003
7356
7484
7563
7358
7485
7486
13551
6998
7006
7353
7478
11475
6998
6999
7360
7562
7000
7001
7359
7599
7001
7003
7233
7272
7606
7002
7005
7006
7361
7600
7002
7238
7245
7602
7004
7226
7246
7604
7269
7273
7492
7608
7005
7275
7277
7640
8748
7007
7362
7641
8749
7007
7364
7655
11476
7366
7657
8755
11488
7009
7014
7016
7026
7037
7424
7013
7020
7038
7040
7398
7011
7012
7015
7409
7416
7875
7014
7016
7018
7019
7879
7014
7407
7410
7424
7869
7014
7025
7041
7407
7871
7024
7872
7018
7031
7418
7419
7878
7017
7023
7043
7416
7018
7032
7418
7661
7779
7033
7660
7882
7023
7024
7028
7660
8586
7025
7026
7220
7286
8486
7022
7026
7027
7299
8486
8496
7030
7303
8495
8498
8499
7026
7027
7314
7661
7025
7026
8496
8585
7221
7883
8497
7307
7028
7030
7310
7668
7029
7723
8496
8559
7030
7706
7725
8499
8561
7312
7659
7724
7033
7426
7427
7860
7887
7033
7426
7754
7774
7775
7755
7773
7890
7035
7038
7040
7215
7217
7390
7039
7118
7214
7218
7392
7037
7039
7042
7242
7308
7421
7038
7043
7307
7422
7039
7286
7394
7122
7306
7396
7041
7175
7220
7405
7221
7224
7400
8187
7043
7235
7313
7413
7780
7314
7414
7779
7045
7046
7064
7065
7066
7172
7057
7071
7072
7073
7173
7057
7078
7079
7080
7169
7051
7058
7085
7086
7087
7315
7049
7053
7077
7080
7081
7083
7167
8764
7055
7084
7087
7088
7089
7316
8757
7052
7053
7054
7062
7098
7101
7104
7164
7059
7092
7093
7094
7317
7055
7056
7106
7108
7110
7160
13669
7055
7063
7065
7067
7069
7171
7056
7098
7100
7101
7161
7091
7093
7095
7096
7318
7106
7107
7108
7159
7113
7114
7115
7174
7059
7124
7125
7126
7319
7137
7138
7139
7320
7143
7144
7149
7163
7253
7288
7143
7153
7154
7155
7162
7232
7160
7161
7165
13654
7067
7068
7069
7091
7101
7067
7068
7072
7079
7092
7067
7069
7080
7203
7068
7069
7073
7102
7202
7081
7096
7074
7097
7103
7104
7206
7074
7075
7076
7136
7146
7249
7075
7076
7114
7134
7209
7074
7075
7115
7137
7074
7076
7147
7211
7141
7148
7117
7135
7142
7149
7213
7252
7081
7082
7083
7084
8774
7082
7083
7113
7186
8777
7081
7082
7086
7115
7081
7083
7190
7089
7090
7116
8778
7192
8780
7088
7089
7090
8759
7088
7090
7124
7322
8760
7089
7090
7092
7125
7088
7089
7093
7323
7327
8761
7096
7128
8762
7095
7096
7097
7108
7096
7097
7137
7095
7096
7329
7095
7097
7109
7139
7331
7110
7334
7111
7141
7099
7104
7161
7194
7100
7102
7144
7161
7170
7103
7107
7145
7161
7103
7104
7108
7103
7104
7147
7196
7111
7148
7199
7106
7107
7109
7152
7159
13692
7110
7159
13693
7111
7154
7159
7110
7111
7110
7111
7156
13695
13697
7158
7116
7117
7118
7119
7123
8767
7116
7118
7214
8770
7117
7118
7120
7218
7116
7117
7125
7128
8771
7121
7129
7122
8772
7121
7122
7130
7228
8781
7121
7122
7134
7244
7306
7133
7135
7243
7242
8783
7127
7128
7129
7130
8789
7127
7128
7335
8791
7128
7129
7137
7127
7129
7131
7138
7336
7132
7340
8792
8793
7133
7142
7132
7133
7229
8796
7132
7133
7150
7245
7350
7246
7351
8797
7151
7247
7135
7248
7252
7298
7151
7230
7249
7140
7141
7142
7155
7268
7141
7142
7140
7142
7150
7343
7140
7141
7156
7345
7157
7270
7348
7158
7151
7145
7146
7163
7254
7145
7147
7163
7282
7148
7154
7163
7148
7149
7155
7256
7148
7149
7177
7158
7259
7290
7151
7233
7270
7352
7267
7268
7153
7154
7156
7162
13712
7157
7162
7262
13713
7158
7162
7157
7158
7263
7157
7158
13716
7265
13718
7160
7161
7162
13579
13720
13580
13721
7163
7179
13655
7163
7274
13581
13722
7234
7285
13657
7165
7171
7193
7194
7198
7199
8310
7179
8331
13659
7175
7180
7182
7187
7223
7370
7168
7171
7189
7190
7191
7192
7367
7182
7183
7184
7185
7369
8189
8312
7172
7174
7186
7188
7190
7179
7194
7195
7196
7282
7201
7203
7204
7206
8312
7173
7200
7202
7203
7174
7207
7209
7211
7214
7216
7218
7215
7219
7224
7372
7178
7195
7282
7285
7289
8346
7178
7196
7211
7282
7290
7197
7212
7287
8348
7194
7195
7198
7285
8330
13661
7181
7184
7188
7219
8311
7183
7222
7223
8191
8339
7184
7185
7189
7383
7184
7185
8193
8342
7191
8343
7223
7385
8195
7187
7192
7214
7368
7188
7189
7215
7373
7191
7200
7216
7191
7192
7376
7191
7192
7203
7204
7378
7197
7198
7199
7201
8332
7198
7199
7197
7198
8333
7197
7199
7202
7205
8336
8338
7206
7204
7205
7207
8311
7204
7205
7206
8340
7205
7206
7211
7204
7206
8343
7212
8344
7208
7212
7216
8314
7209
7210
7217
7284
8349
7213
7218
7298
7212
7213
7287
7301
8352
7212
7213
8354
7290
7304
7215
7371
7216
7387
7217
7219
7218
7220
7286
7306
7220
7222
8314
7221
8349
7222
8190
8350
7224
8197
8351
7224
7382
8199
7403
8201
7226
7228
7235
7236
7278
7799
7229
7238
7275
7603
7230
7236
7239
7241
7272
7793
7229
7242
7243
7280
7246
7247
7276
7243
7248
7251
7267
7234
7253
7255
7257
7283
7781
7254
7260
7262
7263
7274
7245
7267
7269
7360
7253
7254
7255
7274
7305
7788
13656
7237
7242
7279
7800
7237
7238
7243
7791
7239
7244
7313
7792
7247
7272
7601
7240
7248
7309
7794
7241
7250
7311
7785
7796
7251
7273
7786
7795
7244
7281
7244
7247
7248
7308
7246
7247
7359
7277
7361
7267
7250
7300
7251
7252
7256
7268
7251
7252
7257
7302
7258
7271
7259
7304
7254
7259
7292
7255
7256
7258
7260
7782
7258
7259
7263
7258
7259
7294
7785
7266
7786
7297
7261
7266
7274
7488
7262
7264
7274
7491
13731
7265
7274
13732
7265
7266
7268
7265
7266
7269
7492
13736
7270
13737
7271
7787
7271
7272
7270
7271
7270
7271
7356
7357
7273
7273
7605
7607
7787
7493
13582
13739
7276
7278
7639
8800
7277
7280
8796
8801
7362
8797
8799
7279
7280
7797
8804
7281
7413
7798
8802
7281
8781
8805
7421
8783
8803
7285
7288
7292
7293
7294
7305
7801
7286
7298
7299
7301
8486
7288
7289
7305
8379
13665
7306
7307
7289
7290
7291
8375
7289
7290
7292
7295
8378
7297
7295
7296
7297
7301
8489
7295
7297
7305
7295
7296
7305
7804
8491
7296
7297
7302
7805
7305
8494
7303
7807
8495
7304
7300
7304
7306
7300
7303
7307
7310
7302
7308
7309
7303
7304
8498
7303
7304
7311
7312
7802
8515
13663
7308
7308
7314
7313
7310
7311
7313
7812
7312
7314
7808
7312
7805
7814
7807
7813
7314
7815
7809
7317
7319
7322
7323
7324
7318
7321
7323
7325
7327
8807
11535
7320
7329
7330
7331
7328
7329
7332
7334
13667
13669
7320
7335
7336
7337
7343
7344
7345
7325
7326
7327
8809
11542
7326
7327
7335
8810
7325
7327
7329
7325
7326
7330
7337
11543
7332
11546
7338
8811
11547
8812
7332
7333
7334
13684
13694
7332
7334
7332
7333
7344
13685
7333
7334
7345
13695
13688
7346
13689
13696
13697
7338
7340
8818
7339
7340
7343
7350
7338
7339
7344
11554
7363
8819
11557
7341
7347
7363
11558
7351
7363
8820
7349
7350
7353
7365
11528
7346
7347
7348
7355
13705
13715
7347
7348
7352
7346
7347
13706
7346
7348
13716
13709
13717
7349
13710
7357
13718
7352
7354
7355
13983
7351
7352
7359
7361
7365
8821
7357
7360
7354
7359
7364
11525
7358
7360
13981
7357
7358
13735
13982
7357
7358
7360
13736
13737
13738
13984
7360
7361
7362
7364
7366
8821
8938
7365
8823
11553
7365
7366
11526
8824
11527
8824
8964
11560
7369
7376
7377
7378
7379
8764
9630
7371
7373
7374
7378
8777
7383
7384
7385
7386
8204
9636
7372
7373
7380
7382
7383
7387
7388
7392
8770
7387
7401
7403
7405
7375
7376
7387
7375
7377
7388
8766
9632
7379
7380
7389
9661
7378
7379
7383
7378
7379
8775
9659
8780
7386
9664
7381
7386
7401
9680
7382
7384
7402
8205
9637
7385
7403
8206
7385
7386
7385
7386
8208
9682
8210
9685
7389
7390
7389
7391
8765
9631
7393
7401
9654
7392
7393
7394
7405
7392
7393
7395
8769
9652
7396
8772
7397
7406
9656
7396
7397
7398
7422
7396
7397
7412
8782
9762
7421
8783
7399
7423
9763
7399
7405
7407
7424
7406
7408
7425
9764
7403
7404
7405
7407
8213
7402
7406
9701
7403
7404
8214
9641
8215
7406
7408
8216
9703
7406
9706
7408
8221
7410
8222
9777
7410
7417
7419
8291
9990
7425
8290
9991
7412
7413
7415
7817
8802
10026
7421
7423
8803
10027
7414
7421
7818
7415
7416
7422
7816
7417
7423
7819
10028
7417
7418
7424
7420
7425
10031
7420
7426
7816
7420
7427
8292
10283
7428
7819
10284
7422
7423
7424
7425
10033
7425
10036
7428
7852
7861
7428
7841
8297
10291
7858
7859
10292
7432
7440
7441
7443
7444
11407
7431
7436
7444
7445
7447
11412
7438
7445
7447
7450
7498
7621
11402
7452
7453
7454
7464
13406
7434
7439
7457
7458
7461
7509
7435
7458
7460
7461
7487
7510
13180
13409
7439
7463
7473
7474
7476
7511
13184
13410
7438
7464
7467
7470
13420
7438
7463
7472
7473
7476
7477
7500
13389
7466
7467
7470
7504
13392
7471
7473
7474
7505
7442
7446
7452
7495
7512
7454
7478
7512
7654
11467
7443
7448
7513
7518
7634
7449
7635
7654
11409
7446
7449
7464
11413
7446
7450
7467
7497
7448
7468
7524
7449
7450
7623
11415
7449
7450
7527
7626
7627
11416
7528
7628
7452
7453
7457
7465
7506
7560
7468
7559
7565
7455
7459
7469
13407
7455
7456
7559
13543
7462
7486
7560
13544
7478
7486
7562
13540
7459
7471
7564
7588
7459
7460
7474
13400
7462
7475
13401
7461
7462
7479
13404
7481
7564
7591
7483
7564
13405
7596
13185
13411
7468
7469
13421
7466
7468
7469
7471
7499
7467
7470
7472
7531
7468
7532
7533
7470
7475
13422
7477
13424
7472
7475
7552
7473
7477
7553
7476
7554
7475
7476
13390
7477
13412
7477
13416
13417
7599
7655
11464
7480
7481
7483
7487
13211
7482
7485
7487
13212
13734
7482
7487
7490
7561
7484
7487
7491
13731
7485
7486
7561
13213
7485
7492
7561
13736
13214
13738
7563
13550
7493
13181
13215
13739
7489
7491
7493
7782
7787
7490
7493
7572
7590
7783
7491
7493
7573
7591
7492
7493
7573
7787
7510
7788
13130
7500
7501
7502
7538
7543
7544
7597
7670
7515
7516
7518
7524
7565
7508
7521
7523
7610
7651
7757
7498
7524
7528
7530
7532
7504
7526
7528
7530
7609
7642
7506
7531
7533
7535
7552
7504
7553
7554
7555
7558
7596
7538
7539
7544
7598
7685
7504
7548
7549
7550
7551
7609
7673
7508
7545
7547
7549
7610
7741
7531
7532
7536
7537
7509
7511
7552
7554
7556
7565
7568
7571
7588
7539
7574
7576
7578
7595
7663
7581
7583
7585
7717
7510
7588
7589
7591
7511
7589
7590
7591
7595
13131
7554
7555
7556
7596
7598
13133
7513
7516
7559
7599
7519
7600
7636
7654
7515
7516
7517
7522
7566
7601
7520
7523
7525
7567
7519
7569
7602
7519
7520
7603
7647
7650
7519
7520
7527
7637
7604
7638
7529
7649
7653
7522
7581
7652
7758
7792
7523
7582
7650
7791
7583
7614
7653
7525
7527
7533
7529
7530
7534
7614
7528
7529
7530
7612
7643
7528
7529
7631
7632
7615
7645
7537
7616
7532
7536
7553
7533
7537
7534
7565
7535
7537
7545
7567
7536
7546
7557
7568
7537
7548
7558
7550
7540
7543
7555
7598
7540
7542
7598
7662
7541
7556
7574
7598
7542
7543
7546
7557
7577
7544
7547
7578
7686
7544
7548
7558
7551
7689
7546
7550
7583
7614
7547
7548
7584
7551
7585
7744
7550
7551
7550
7551
7611
7742
7616
7746
7553
7557
7588
7554
7558
7555
7556
7558
7557
7589
7558
7592
7560
7562
7569
7563
7564
7571
7563
7564
7573
7563
7599
7606
7608
7594
7567
7569
7567
7569
7570
7582
7605
7568
7583
7570
7584
7592
7571
7606
7571
7586
7593
7607
7594
7608
7573
7593
7607
7787
7789
7594
7608
7575
7577
7589
7595
7576
7579
7590
7595
7783
7580
7595
7691
7784
7578
7579
7584
7592
7580
7585
7693
7580
7586
7593
7789
7587
7696
7790
7582
7587
7718
7794
7583
7586
7793
7584
7585
7586
7587
7720
7587
7795
7722
7796
7592
7594
7590
7592
7591
7593
7594
7593
7594
7598
7747
7788
13132
7597
13135
7598
7751
13134
7676
13136
7600
7602
7604
7641
7655
7602
7603
7605
7791
7604
7606
7604
7639
7799
7640
7606
7607
7793
7608
7608
7795
7611
7612
7616
7617
7680
7831
7611
7613
7614
7767
7616
7617
7768
7615
7616
7617
7832
7615
7617
7651
7770
7835
7615
7616
7653
7836
7772
7837
7619
7620
7624
7625
7626
8825
7622
7630
7631
7644
8826
7622
7633
7634
8746
8827
7623
7625
7628
7629
7642
8828
11431
7637
7648
8747
8829
7627
7628
7629
11441
7627
7629
7633
8847
11442
7628
7629
7630
8831
7627
7628
7631
7634
7635
11443
7632
8833
11444
7632
7642
7646
8835
7632
7637
7645
7642
7643
7635
8754
8849
11436
7635
7636
7637
7656
11437
7638
7641
7656
8746
7638
7649
7640
7647
8747
7640
7647
7797
8751
7641
8750
7657
8752
7643
7646
7831
8840
7645
7646
7832
7645
7646
7648
7833
8842
7649
7836
7838
8843
7649
7821
8753
7649
7822
8753
8845
7826
7652
7653
7799
7821
7652
7653
7776
7824
7777
7800
7825
7826
7655
7656
11468
7657
11465
7657
8754
11493
8756
11489
7659
7665
7708
7749
7804
8491
7704
7706
7807
8495
7661
7723
7755
8518
7668
7754
7809
7663
7676
7684
7685
7686
7691
7692
7693
7747
7669
7698
7699
7700
7748
8519
7705
7706
7749
8485
8521
7677
7709
7711
7713
7734
8551
7678
7709
7716
7717
7721
7740
7710
7723
7724
7808
7727
7728
7729
7750
8520
7671
7673
7683
7685
7688
7689
7751
7675
7726
7728
7731
7732
7752
8524
7674
7675
7679
7733
7735
7736
7674
7675
7680
7742
7743
7746
7681
7740
7742
7743
7682
7733
7736
7739
8526
7684
7685
7688
7747
7750
7751
13206
7753
7755
7760
7773
8576
7753
7756
7757
7766
7778
7681
7682
7759
7761
7762
7681
7682
7768
7769
7772
7842
7766
7768
7769
7759
7762
7765
7844
8529
7687
7688
7689
7726
7743
7687
7688
7692
7727
7688
7689
7687
7689
7693
7744
7694
7730
7745
7732
7746
7694
7695
7696
7697
7719
7810
7695
7696
7747
7803
7694
7695
7698
7747
7694
7696
7720
7701
7721
7703
7747
7806
7722
7811
7701
7702
7703
7704
7712
7701
7703
7727
7748
7702
7703
7705
7748
8531
7701
7702
7713
7729
8533
7714
7730
7707
7715
8534
7708
7748
7707
7708
7724
7810
7707
7708
7749
8545
7707
8492
8547
7725
8548
7749
7806
7710
7714
7735
7753
7711
7712
7716
7754
7715
7723
7755
8552
7714
7715
7719
7724
7714
7715
7737
8555
7721
7738
7725
8556
7718
7719
7756
7808
7718
7720
7741
7757
7722
7758
7812
7721
7722
7813
7721
7722
7744
7745
7814
7725
8523
7725
7813
8563
7730
7731
7732
7736
7730
7732
7750
7731
7732
7750
8538
7730
7731
7737
8540
7738
7739
8541
7750
7734
7739
7759
8525
7735
7737
7760
8567
7738
7740
7761
7738
7739
7743
7738
7739
8569
7745
8570
7741
7745
7766
7742
7744
7767
7746
7768
7745
7746
7745
7746
7748
7802
13202
7749
7750
8574
13200
7802
8515
8575
13201
7752
8572
13203
7752
13204
8573
13205
7754
7761
7774
7755
7756
8577
7758
7775
7809
7758
7767
7776
7777
7815
7760
7765
8528
7761
7763
8581
7764
7766
7764
7765
7769
7862
7764
7765
7773
7865
8583
7771
7774
7866
7867
8584
7767
7771
7768
7770
7772
7771
7772
7845
7771
7772
7776
7848
7778
7849
7850
7774
7860
8589
7778
7861
7777
7778
7779
7852
7777
7778
7855
7780
7856
7857
7780
7809
7816
7800
7815
7818
7782
7784
7785
7788
7801
7783
7786
7788
7784
7788
7789
7788
7790
7803
7786
7790
7805
7787
7789
7802
13129
7790
7795
7796
7811
7792
7793
7799
7794
7800
7815
7794
7795
7796
7812
7796
7814
7798
7799
7821
7829
7800
7818
7825
7828
7800
7802
7803
7804
7805
7803
7804
7806
13199
7806
7811
7806
7807
7807
7811
7810
7810
7809
7812
7813
7815
7811
7813
7814
7814
7815
7814
7818
7819
7852
7818
7819
7828
7853
10279
7856
7858
10280
7822
7823
7824
7830
7840
10297
7825
7826
7827
7826
7827
7833
10303
7825
7827
7828
7853
10304
7825
7826
7835
7855
7856
7836
7829
8753
10306
7829
8802
10299
8751
8804
10300
7833
7834
7835
7839
10309
7832
7834
7837
7838
7842
10310
7836
7837
7838
7836
7838
10312
7837
7838
7846
10313
7836
7837
7848
7850
10315
7840
7846
7847
7848
10344
7853
7854
7855
10346
7843
7859
7860
8294
10347
7844
7845
7846
7850
7851
10348
7863
7864
7865
8300
10349
7862
7864
7867
7868
8301
10350
7849
7850
7851
7862
7850
7851
10353
7849
7851
7854
7863
10355
7849
7850
7855
7857
7866
7868
10356
7856
7857
7858
7856
7858
10287
7857
7858
7859
10365
7856
7857
7861
10288
7861
7863
10367
7861
7865
7886
7866
7866
7867
7868
7866
7868
10371
7867
7868
8303
10372
7866
7867
8304
8305
10374
7870
7872
7875
8221
8290
7873
7876
7913
8223
8288
7872
7874
7883
8187
8221
7873
7879
8585
7874
7880
7915
8587
7884
7917
8188
8223
7876
7878
7879
8291
7877
7880
7924
8289
7878
7881
7885
7893
8293
7882
7887
8292
7880
7882
8586
7881
7922
8588
7882
7889
7892
8517
7890
8518
7884
8190
8508
8585
7918
8203
8514
8587
7887
7888
7889
7983
8299
7887
7888
8294
8304
8589
7890
8297
7985
8296
8298
8590
7890
7895
8578
8590
8577
8589
7892
7894
7921
7943
8080
8602
7893
7895
7922
8603
7924
7943
7979
7983
7895
7981
8082
8629
8632
7983
8631
8633
7898
7900
7902
7904
8085
8189
8238
8676
7899
7900
7901
7907
8086
8677
7902
7903
7904
8192
8240
7902
7903
7908
8194
8708
7902
7904
8092
8709
7903
7904
7909
8088
8243
8196
8710
7910
8200
8244
8094
8245
7906
7916
7918
8100
8678
8731
7907
7911
7920
8098
8734
7908
7909
8087
8735
7910
7920
8198
8738
7910
7911
8095
8249
7919
8202
8250
7916
7919
8137
8261
7913
7914
7923
8010
8150
8258
7915
7924
8017
8259
7915
7916
7921
8158
8678
7917
7922
8744
7917
8159
8258
7918
7919
8259
7920
8733
8744
7920
8188
8262
8203
8740
7922
7923
8156
8684
7924
8745
7924
7943
8024
8140
8025
7926
7928
7930
7959
7978
8008
7927
7943
7958
8080
8140
7928
7961
8081
8141
7932
7963
8013
7930
7931
7933
7973
8014
8058
7932
7934
7972
8009
7932
7976
8016
8061
7977
8015
7934
7935
7996
8018
8075
7936
7978
7995
8011
7936
7997
8020
8076
10213
7979
7999
8019
10215
7938
7941
7949
7950
7953
7956
8026
7940
7948
7950
7951
7953
7942
7944
7957
7959
7960
7964
7941
7945
7964
7965
7967
7946
7965
7967
7969
8405
7947
7951
7971
7972
7974
7978
7981
7947
7980
7982
7984
7987
7946
7948
7987
7988
7993
7949
7988
7990
7993
8301
8416
7994
7995
7998
8002
7949
8001
8002
8006
8001
8004
8006
8029
10351
7952
7956
8001
8032
7952
7954
7964
8002
7955
7971
8003
8033
7954
7956
7967
7955
7968
7974
7956
7975
8037
8034
7958
7962
7966
7980
8475
7959
7961
7981
8082
7963
7972
7982
7962
7963
7968
7974
7962
7963
8083
7970
8476
7977
7966
7968
7987
7966
7969
7988
8406
7970
7989
8477
7968
7969
7970
7970
8438
8478
7973
7975
7994
8068
7973
7977
7995
7976
7996
8063
7975
7977
7976
8069
7977
8067
7979
7982
8024
7986
8025
8293
7981
7985
7989
8632
7982
7983
7986
7995
7985
7986
7985
7986
7991
7998
8298
7992
8633
7999
8299
7989
7991
8002
7989
7990
8417
7992
8479
7992
7993
8302
8474
7992
7993
8005
8295
8296
8480
8006
8306
7996
8000
8003
8041
7996
7999
7997
8044
7999
8000
8042
10217
7999
8000
8005
10321
10219
8007
8043
10323
8003
8004
8048
8003
8005
8007
8049
8006
8007
8050
10359
8006
8007
10319
10362
8051
10320
8009
8013
8024
8139
8140
8011
8014
8015
8138
8012
8017
8024
8139
8256
8012
8018
8019
8024
8021
8022
8138
8263
8015
8141
8153
8016
8018
8057
8144
8016
8146
8062
8148
8022
8025
8257
8288
8020
8021
8073
8020
8022
8025
9989
8023
8074
9994
8023
8078
8144
8264
8023
8265
9992
8079
8266
9999
8025
8289
8027
8029
8032
8034
8036
8030
8031
8032
8036
8038
8040
8041
8045
8065
10080
8030
8047
8048
8050
10056
10178
8045
8047
8048
10065
8033
8035
8045
8065
8033
8034
8048
8037
8049
8068
8036
8037
8036
8037
8066
8069
8039
8043
8046
10082
10187
8040
8042
8071
10083
10188
8044
8053
8070
10084
8043
8044
8049
8068
8043
8044
8076
10190
8051
10193
8063
8075
8046
8049
10076
8047
8051
10078
10176
8050
10066
10179
8049
8050
8051
8051
10182
10177
8054
8056
8057
8060
8179
8056
8063
8064
8065
8055
8070
8072
8073
10091
8077
8078
8179
8283
9619
8058
8059
8070
8058
8062
8073
8181
8061
8063
8075
8060
8061
8064
8062
8183
8062
8067
8186
8067
8068
8066
8067
8066
8068
8069
8069
8069
8071
8075
10092
8072
8076
10093
10195
8074
8077
9977
10094
8074
8075
8078
8076
8079
9979
8076
10196
8079
8284
9620
9980
8079
8181
8285
8286
9984
8081
8082
8156
8397
8083
8157
8398
8083
8419
8475
8421
8476
8161
8091
8092
8093
8094
8102
8636
8087
8088
8090
8092
8637
8095
8097
8098
8639
8089
8094
8095
8104
8090
8091
8096
8108
8093
8097
8651
8093
8094
8111
8093
8094
8655
8656
8114
8096
8107
8137
8097
8125
8136
8099
8665
8099
8100
8137
8669
8101
8136
8670
8101
8159
8482
8694
8160
8484
8697
8103
8111
8112
8113
8114
8238
8118
8119
8120
8121
8162
8225
8107
8108
8109
8114
8243
8106
8115
8117
8118
8166
8122
8124
8128
8173
8125
8126
8135
8249
8110
8111
8125
8110
8112
8116
8126
8239
8113
8117
8127
8113
8114
8113
8114
8119
8241
8120
8245
8116
8121
8122
8167
8230
8117
8119
8123
8226
8120
8124
8120
8121
8168
8120
8121
8228
8171
8232
8123
8131
8174
8236
8124
8126
8129
8234
8127
8130
8127
8132
8127
8133
8247
8134
8130
8131
8145
8175
8130
8131
8133
8142
8253
8134
8147
8143
8178
8251
8134
8135
8136
8152
8134
8135
8149
8255
8155
8137
8151
8261
8137
8160
8159
8139
8142
8144
8146
8149
8150
8153
8141
8150
8156
8154
8157
8143
8147
8149
8263
8144
8145
8182
8264
8148
8181
8147
8148
8185
8147
8148
8153
8155
8186
8151
8155
8256
8151
8154
8158
8152
8159
8258
8154
8155
8160
8154
8155
8161
8157
8158
8481
8161
8483
8159
8161
8482
8160
8161
8484
8168
8169
8170
8171
8267
8164
8165
8167
8169
8268
8172
8174
8176
8276
8166
8170
8172
8167
8168
8173
8171
8174
8273
8170
8171
8170
8171
8271
8275
8173
8177
8174
8175
8178
8280
8177
8178
8185
8177
8178
8180
8282
8184
8182
8287
8180
8181
8183
8182
8184
8283
8182
8186
8185
8285
8184
8186
8185
8186
8188
8190
8201
8213
8202
8203
8224
8192
8193
8195
8196
8204
8317
8197
8203
8318
8193
8194
8197
8199
8316
8195
8196
8200
8207
8195
8196
8358
8196
8198
8200
8359
8199
8210
8361
8198
8201
8363
8202
8203
8366
8200
8201
8206
8202
8211
8202
8215
8218
8369
8207
8208
8210
8212
8238
9643
8206
8208
8209
8214
9644
8210
8211
8215
8210
8211
8212
8240
8210
8212
9716
8211
8212
8217
8242
9717
8218
8244
8246
9720
8215
8216
8221
8224
8215
8216
8217
9647
8218
8219
8222
9729
8218
8219
8248
9730
8224
8250
8220
8224
8260
9768
8222
8223
8257
8288
9779
8222
8223
8290
9780
8224
8259
8262
8227
8228
8232
8233
8238
8267
9643
8228
8229
8230
8234
8239
8231
8232
8233
8272
9714
8232
8233
8241
8231
8233
8235
8242
9717
8231
8232
8236
8273
8237
8274
9719
8275
8246
9720
8235
8236
8247
8253
8237
8248
8254
9730
8237
8251
8280
8252
8281
9732
8240
8241
8245
8246
8241
8242
8243
8247
8244
8245
8246
8245
8246
8244
8246
8248
8244
8245
8249
8250
8248
8249
8255
8250
8260
8250
8261
8262
8252
8253
8264
8287
8254
8266
8279
9767
8254
8255
8263
8260
8265
9768
8256
8260
8261
8257
8258
8263
8259
8260
8265
8259
8261
8262
8262
8262
8264
8265
8266
8285
8266
9779
8286
9781
8270
8271
8272
8275
9645
9937
8269
8271
8273
8276
9938
8270
8274
8277
9707
9949
8271
8272
9708
9950
8275
9951
8274
8275
9710
8274
8275
8280
8281
9713
8277
8280
8282
9956
8278
8281
9646
9957
8279
8282
8284
9721
9958
8281
8286
8287
9724
8281
8287
9727
8283
8287
9974
8284
8285
9971
8286
9769
9972
8286
8287
9771
8289
8290
9992
8291
8293
9989
8291
9998
8292
9993
8293
8297
10214
8299
10215
8297
8298
8300
10318
8296
8298
8300
8306
10319
8302
8304
8591
8299
10218
8299
10321
10219
8303
8304
10345
8302
8303
8305
8306
8529
10351
8305
8306
8582
8305
8306
10360
8305
8583
8584
10362
8308
8309
8319
8321
8322
8323
8313
8327
8328
8372
8380
8313
8330
8333
8334
8335
8312
8315
8331
8332
8334
8337
8338
8314
8339
8343
8344
8317
8340
8342
8343
8345
8346
8347
8376
8379
8349
8351
8354
8317
8320
8321
8324
8326
8370
8675
8339
8357
8358
8359
8363
8356
8358
8360
8361
8676
8350
8363
8367
8369
8508
8321
8322
8326
8330
8370
8380
8742
12675
8324
8325
8326
8356
8699
8324
8326
8334
8325
8326
8327
8700
8324
8325
8328
8335
8357
8337
8360
8329
8362
8703
8704
8329
8374
8380
8723
8329
8347
8365
8373
8368
8371
8725
8331
8333
8334
8338
8379
13658
8370
13660
8336
8337
8338
8340
8336
8338
8346
8337
8338
8336
8337
8341
8347
8344
8348
8345
8341
8342
8351
8343
8344
8345
8344
8345
8353
8357
8343
8345
8358
8354
8360
8348
8378
8379
8348
8353
8377
8354
8375
8350
8352
8486
8351
8355
8497
8353
8363
8354
8355
8375
8498
8354
8355
8365
8367
8377
8500
8360
8361
8362
8706
8360
8362
8365
8360
8361
8361
8362
8366
8708
8710
8368
8711
8365
8366
8367
8368
8369
8371
8511
8736
8367
8368
8368
8369
8738
8373
8513
8739
8514
8740
8743
12677
8373
8374
8502
8722
8373
8374
8376
8380
8503
8377
8506
8380
8507
8726
8377
8378
8489
8377
8378
8379
8490
8493
8379
8494
8380
8515
13662
8516
8741
12671
8384
8385
8386
8387
8392
8627
8643
12490
8389
8390
8399
8481
8592
8673
8384
8388
8389
8395
8595
8672
8385
8386
8594
8685
8387
8388
8689
8387
8395
8424
8615
8396
8427
8391
8396
8690
8391
8400
8593
8692
8391
8402
8483
8696
8401
8698
8393
8403
8424
8426
8427
8607
12491
8394
8407
8442
8445
8446
8469
12493
8408
8415
12492
8396
8400
8423
8605
8401
8425
8398
8399
8419
8481
8602
8402
8421
8483
8400
8402
8429
8596
8401
8431
8599
8402
8432
8434
8422
8424
8426
8442
8604
8410
8418
8429
8430
8433
8606
8406
8409
8416
8437
8438
8440
8417
8437
8438
8477
8408
8412
8441
8442
8446
8409
8411
8441
8444
8446
8413
8448
8449
8451
8454
8414
8436
8448
8450
8452
8412
8413
8415
8455
8458
8461
8524
8455
8456
8461
8469
8416
8462
8463
8465
8467
8526
8462
8464
8466
8470
8606
8469
8573
12505
8417
8471
8472
8474
8529
8471
8474
8479
8419
8420
8436
8475
8628
8421
8429
8629
8421
8433
8439
8476
8434
8423
8428
8430
8443
8608
8424
8425
8431
8609
8427
8610
8427
8428
8432
8427
8428
8445
8435
8447
8431
8434
8620
8431
8435
8450
8623
8432
8624
8434
8435
8434
8435
8452
8453
8437
8439
8470
8477
8440
8448
8471
8440
8478
8440
8452
8478
8454
8443
8444
8449
8455
8443
8445
8456
8447
8450
8457
8446
8447
8451
8446
8447
8453
8449
8454
8462
8450
8451
8465
8453
8466
8453
8454
8453
8454
8457
8458
8465
8457
8459
8469
8604
8460
8466
8608
8460
8461
8467
8537
8460
8461
8469
8539
8612
8468
8542
8613
8469
8543
8463
8465
8471
8464
8467
8472
8565
8468
8473
8566
8621
8466
8467
8468
8623
8468
8568
8571
8626
8572
8607
12506
8471
8473
8479
8628
8472
8473
8474
8579
8480
8580
8630
8480
8582
8476
8477
8632
8478
8478
8479
8480
8632
8591
8633
8482
8483
8684
8484
8673
8678
8484
8696
8490
8491
8492
8501
8515
8497
8498
8502
8504
8505
8510
8550
8713
8496
8508
8509
8512
8559
8585
8493
8494
8495
8498
8493
8494
8503
8515
8494
8495
8515
8493
8495
8499
8505
8500
8506
8515
8497
8499
8500
8508
8500
8500
8512
8513
8503
8504
8505
8516
8521
8506
8507
8511
8717
8506
8507
8516
8507
8516
8546
8718
8506
8512
8547
8513
8516
8719
8513
8514
8510
8514
8562
8587
8727
8511
8512
8564
8729
8513
8514
8732
8513
8561
8733
8516
13664
8575
8683
12674
8518
8558
8578
8588
8603
8523
8577
8586
8520
8531
8532
8533
8574
8538
8539
8540
8572
8545
8546
8547
8575
8527
8551
8553
8557
8566
8621
8552
8558
8559
8563
8526
8537
8538
8541
8543
8573
8526
8528
8565
8567
8570
8529
8565
8568
8570
8576
8578
8580
8590
8630
8529
8579
8581
8584
8579
8582
8584
8534
8535
8536
8544
8554
8611
8534
8536
8545
8574
8535
8536
8539
8574
8612
8534
8535
8540
8555
8548
8556
8542
8557
8613
8549
8574
8614
8541
8542
8543
8568
8541
8543
8572
8542
8543
8572
8541
8542
8569
8570
8571
8572
8548
8549
8550
8560
8616
8548
8549
8575
8549
8550
8575
8617
8548
8550
8561
8563
8575
8618
8564
8619
8552
8555
8567
8576
8553
8556
8577
8554
8558
8578
8622
8556
8557
8560
8625
8556
8557
8569
8563
8571
8626
8560
8562
8598
8561
8562
8586
8563
8564
8601
8563
8564
8564
8588
8597
8600
8566
8568
8579
8567
8571
8580
8569
8581
8570
8571
8570
8571
8573
8574
12656
12657
8575
8607
12658
8627
12661
8577
8581
8589
8578
8631
8580
8582
8581
8591
8583
8584
8591
8584
8589
8591
8586
8587
8588
8588
8744
8745
8590
8591
8633
8593
8596
8597
8681
8684
8595
8599
8600
8728
8595
8615
8617
8627
8714
8605
8619
8679
8598
8599
8602
8620
8598
8600
8727
8745
8601
8603
8622
8601
8605
8624
8601
8619
8729
8616
8625
8603
8629
8684
8631
8745
8607
8608
8610
8612
8609
8615
8616
8620
8621
8623
8628
8610
8612
8614
8627
12660
8609
8613
8623
8610
8611
8624
8614
8615
8613
8614
8616
8625
8613
8614
8626
8618
8618
8627
8618
8619
8618
8619
8627
8718
8627
8713
8622
8624
8629
8622
8626
8630
8625
8631
8624
8626
8625
8626
8683
12659
8629
8630
8632
8631
8631
8633
8633
8636
8641
8647
8648
8649
8650
8675
8638
8644
8646
8647
8652
8654
8655
8656
8657
8676
8639
8651
8653
8655
8677
8658
8660
8663
8666
8665
8667
8669
8735
8641
8642
8645
8646
8648
8649
8742
12510
8743
12509
8643
8659
8660
8661
8662
8741
12519
8683
8685
8686
8689
8691
12518
8645
8650
8653
8658
8702
8646
8648
8659
8674
8649
8660
8649
8650
8654
8649
8650
8701
8657
8705
8652
8656
8665
8653
8654
8666
8657
8667
8707
8656
8657
8656
8657
8709
8712
8659
8664
8667
8724
8660
8662
8721
8661
8662
8663
8691
8664
8680
8686
8664
8668
8688
8671
8687
8720
8666
8670
8667
8668
8671
8737
8670
8671
8695
8670
8671
8694
8734
8697
8682
8693
8679
8685
8687
8690
8692
8681
8692
8694
8696
8700
8701
8702
8721
8742
8676
8699
8701
8704
8705
8743
8706
8709
8710
8712
8707
8708
8709
8735
8681
8684
8744
8713
8714
8716
8728
8715
8720
8721
8726
8741
8727
8728
8731
8720
8730
8734
8736
8737
8714
8715
8718
8719
8741
12672
8745
8686
8689
8714
8687
8691
8715
8688
8693
8716
8690
8691
8695
8690
8691
8698
8693
8698
8728
8694
8695
8730
8697
8731
8697
8698
8697
8698
8703
8704
8705
8706
8703
8704
8723
8742
8704
8705
8742
8703
8705
8707
8724
8711
8725
8742
8712
8710
8711
8712
8711
8712
8737
8710
8711
8738
8710
8712
8739
8717
8718
8729
8715
8718
8716
8719
8717
8720
8730
8719
8722
8732
8719
8726
8722
8724
8723
8724
8741
8725
8726
8736
8725
8726
8741
8725
8737
8739
8741
8729
8733
8744
8729
8730
8732
8731
8732
8733
8734
8733
8736
8740
8735
8740
8737
8738
8739
8740
8739
8739
8740
8742
12673
8743
12678
12676
8745
8747
8752
8754
8932
8750
8753
8934
8749
8750
8799
8800
8936
8752
8755
8937
8938
8751
8752
8945
8753
8800
8946
8756
8949
8956
8756
8958
11494
8756
8961
8964
11490
8963
11491
8758
8759
8761
8763
8764
8807
8894
8761
8763
8785
8808
8900
8761
8762
8763
8774
8761
8762
8785
8791
8810
8812
8778
8787
8793
8779
8787
8904
8774
8775
8779
8780
9155
8766
8768
8769
8770
9156
8775
8776
8777
9157
8771
8772
8773
8781
8789
8771
8773
8776
8790
9159
8772
8773
8782
9160
8771
8772
8777
8778
8793
8783
8784
8794
9162
8778
8779
8780
8779
8780
9166
8778
8779
8787
9167
8778
8780
9169
8783
8784
8796
8783
8784
8803
9172
8798
8805
9173
8786
8787
8813
8893
8788
8790
8791
8815
8895
8790
8903
8792
8794
8795
8816
8908
8792
8793
8794
8796
8793
8794
8910
8792
8793
8818
8797
8820
8798
8911
8797
8798
8799
8898
8914
8797
8798
8821
8801
8916
8801
8938
8939
8801
8804
8942
8805
8952
8803
8804
9176
8805
9177
8805
9178
9180
8807
8808
8809
8814
8897
11536
8808
8809
8812
8896
11534
8812
8813
8919
8811
8812
11540
8811
8812
8813
8818
8814
8819
11541
8814
8815
8917
8817
8920
11539
8816
8817
8818
8926
8820
8822
8898
8929
8819
8822
8930
11550
8819
8820
8823
11552
8821
8823
8824
8898
8823
8959
8965
11561
8824
11551
8965
11549
8826
8827
8831
8832
8847
8829
8835
8836
8842
8829
8838
8849
8932
8830
8831
8833
8834
8840
8864
11642
8839
8845
8934
8833
8834
8848
8873
11652
8833
8834
8835
8834
8836
8838
8848
8874
8847
11654
8837
8876
8837
8840
8843
8837
8839
8844
8880
8840
8841
8852
8839
8850
8868
8933
8846
8878
8935
8841
8843
8858
10310
8843
8844
8861
10311
8843
8844
8845
10312
10315
8846
8891
10317
8846
8956
10303
8890
8955
10308
8848
8849
11653
8850
8875
11655
8850
8958
11647
8869
8957
11648
8852
8857
8858
8860
8872
8879
8858
8861
8876
8880
8855
8865
8870
9499
9500
11252
8855
8856
8865
8871
8882
9501
8857
8872
9499
9503
8857
8859
8879
8885
9504
8862
9505
9520
8860
8861
8864
9520
10404
8862
8888
8892
9507
10411
8861
8862
8888
10408
8891
10409
9506
9520
10413
8865
8866
8870
8871
8875
11678
8870
8872
8873
8876
9499
11672
8881
9502
11344
8867
8869
8881
9077
11675
8868
8871
8877
8882
9067
8869
8874
8878
9079
8875
9078
11677
8872
8873
11679
8872
8874
8879
8876
8875
8876
11681
8875
8876
8880
11683
8878
8879
8885
8889
9069
8880
8890
9087
8880
8888
8891
8882
8884
9095
11341
8883
8885
9072
8884
8886
9097
9501
9602
9096
9502
9602
11343
8886
8892
9075
8887
9106
9504
9601
8892
9105
9507
9601
10488
8889
8891
10481
8890
8892
9114
10472
8891
9115
10477
10296
9116
10482
8895
8899
8900
8903
8917
8896
8900
8901
8902
8904
8972
9155
8906
8908
8910
8926
8897
8919
8921
8922
9124
11710
8919
8920
8922
11711
8925
8938
8965
8901
8905
8906
8918
8980
8901
8904
8919
8902
8921
8979
8904
8905
8981
9165
8904
8905
8910
9167
9169
8912
8982
9171
8907
8912
8927
9012
8908
8909
8913
8928
9013
8911
8914
8929
8911
8912
8915
9014
9158
8911
8912
9159
8916
9162
9015
9164
8914
8915
8924
8951
9019
8916
8925
8939
8916
8953
9021
9174
8952
9173
8918
8919
8920
8926
8921
8923
8927
9023
8921
8923
8930
11721
8922
9141
8923
9142
11723
8931
9024
11726
8925
8928
8954
8969
9047
8929
8940
8968
8927
8929
8930
8928
8931
9040
8929
8970
9041
8959
8931
8959
11728
8970
9044
11733
8933
8934
8949
8958
8935
8950
8957
9079
8935
8945
8956
8947
8955
9087
8937
8939
8941
8942
8945
8940
8948
8949
8961
8940
8964
8940
8951
8952
8954
8967
8943
8947
8948
8951
9092
8943
8946
8952
9178
8944
8953
9094
9179
8946
8947
8955
9091
10298
8946
8947
8949
8956
10300
8950
9093
8950
8954
8960
9084
8950
8963
8962
9085
8953
8954
9020
8953
9180
9022
9181
8966
9048
8956
9115
10302
10306
8958
8962
9078
11701
8963
11702
8968
8970
11727
8961
8962
8966
9086
11699
8963
8967
11697
8963
9083
11696
11698
8965
8967
11707
8968
11713
8967
8969
9052
11708
8968
11709
8969
11716
8970
9049
11717
9042
11730
8974
8976
8977
8982
9009
9809
8975
8977
8978
8979
8981
9124
9808
8990
8991
8993
9008
9117
9148
8983
8985
8986
9053
9894
8986
8987
8988
8989
9122
9125
9890
8978
8980
8983
9011
9123
8978
8981
8986
9810
8979
8987
9140
8980
8981
9141
8982
9012
9023
8982
9812
9015
9815
8984
8987
9055
9121
8985
8988
8990
9056
9133
8989
8992
9058
9895
8987
8989
9897
8988
9134
8989
8994
9135
8995
9899
8992
8994
9008
9150
8992
8996
9008
9117
9925
8995
9008
9926
8994
8996
9117
9125
9149
8995
9125
9151
8996
9125
9927
9117
9125
9928
8998
9006
9009
9010
9014
9816
9007
9016
9018
9021
9825
9000
9008
9026
9027
9028
9030
9147
9148
9150
9153
9616
10855
9005
9033
9034
9035
9038
9071
9612
10867
9003
9025
9027
9031
9032
9054
9004
9032
9034
9036
9061
9073
9010
9039
9041
9045
9046
9017
9046
9048
9050
9068
9008
9063
9064
9065
9066
9074
9615
9824
9007
9053
9054
9059
9820
9060
9062
9065
9827
9056
9057
9058
9059
9614
9893
9011
9015
9053
9817
9011
9013
9018
9054
9012
9039
9055
9013
9015
9040
9014
9019
9041
9015
9021
9818
9819
9017
9022
9060
9090
10041
9018
9020
9061
9070
9019
9046
9062
9020
9021
9047
9022
9048
9092
9022
9826
9094
10043
9024
9040
9123
9141
9044
9142
9143
11789
9026
9029
9039
9055
9121
9027
9030
9056
9133
9028
9033
9057
9030
9031
9035
10910
9030
9031
9043
9137
10912
9139
10914
9037
9045
10916
9033
9037
9046
9062
9034
9035
9063
9038
9064
9102
9037
9038
10903
9037
9038
9050
9100
10906
9051
10908
9104
10909
9040
9043
9123
9041
9044
9042
9047
9044
9045
9049
11795
9044
9045
9143
11796
11800
9051
11801
9047
9051
9048
9049
9052
9084
9051
9052
11790
9051
9052
9082
11742
11794
9086
11743
9055
9058
9821
9055
9057
9062
9056
9057
9058
9059
9063
9059
9822
9065
9823
9061
9066
9109
10045
9062
9064
9076
9063
9064
9065
9066
9111
9066
9828
9113
10047
9069
9072
9077
9079
9080
9070
9073
9080
9082
9084
9075
9087
9088
9114
9076
9088
9090
9092
9074
9101
9102
9103
9104
9602
9613
11356
9075
9095
9097
9098
9076
9098
9100
9102
9110
9111
9112
9113
9601
9617
10469
9106
9107
9116
9107
9109
9111
9078
9081
9095
11745
9079
9083
11754
9085
9087
9081
9085
9088
9098
9082
9083
9099
11744
9086
9100
11746
9085
9086
11749
9085
9086
9092
9093
11752
9093
9115
9089
9093
9107
9090
9091
9108
9114
10467
9094
9109
10048
9093
9094
9115
10479
9093
9094
10051
9096
9099
11358
9097
9101
9602
11366
9103
9106
9602
9099
9103
9107
9100
9101
11357
9104
11359
9103
9104
11362
9103
9104
9111
9112
9154
9106
9110
9116
9601
10485
9112
9601
9108
9112
9109
9110
9116
10471
9113
10052
9112
9113
10490
9112
9113
10493
9115
9116
10473
10475
10483
9118
9145
9291
9614
9932
9125
9146
9292
9933
9131
9145
9147
9149
9152
10921
9125
9126
9127
9131
9146
9149
9123
9133
9134
9137
9124
9126
9128
9129
9132
9134
9135
9136
9138
10857
9140
9143
9140
9141
9142
9144
11760
9126
9127
9128
9889
9128
9129
9151
9128
9130
9146
9132
9131
9132
9152
10870
9131
9132
9146
10872
9146
10874
10876
9135
9139
9150
9135
9138
9140
9136
9151
9138
9139
9152
10877
9138
9139
9143
10879
9144
10882
9153
10883
9141
9144
9142
9144
11783
9144
11784
11787
9146
9147
9148
9149
9304
9616
10917
9305
10918
9148
9153
10922
9149
9150
9151
9151
9153
9152
9153
10923
10926
10909
11356
11359
11362
11363
9165
9166
9169
9170
9630
9808
9157
9159
9160
9161
9631
9166
9167
9168
9632
9162
9163
9164
9174
9818
9162
9164
9167
9162
9163
9172
9652
9163
9164
9168
9653
9757
9173
9175
9657
9758
9171
9819
9169
9170
9171
9812
9169
9170
9659
9169
9171
9170
9171
9660
9813
9663
9814
9815
9173
9175
9177
9762
9174
9180
9175
9181
9826
9802
9805
10039
9177
9178
10026
10038
10299
9180
10027
10039
9179
9180
10300
9181
10038
10051
10298
9181
10039
10043
9184
9190
9192
9337
9359
9426
9196
9199
9203
9294
9342
10789
9185
9190
9191
9192
9368
9391
9417
9612
9199
9200
9201
9202
9293
9304
9616
10706
9188
9189
9193
9197
9336
9395
9188
9189
9204
9299
9381
9396
9198
9335
9383
9399
9194
9205
9334
9400
9191
9194
9402
9428
9192
9193
9200
9403
9201
9338
9362
9194
9203
9338
9404
9337
9407
9431
9196
9198
9300
9329
9372
9386
9197
9330
9339
9408
9198
9203
9341
9409
9340
9373
9410
9200
9202
9306
10790
9201
9203
10791
9202
9273
9343
9249
9308
9342
9343
10792
9205
9301
9346
9413
9420
9344
9411
9422
9431
9208
9212
9213
9214
9235
9219
9220
9221
9233
9226
9227
9228
9234
9210
9225
9227
9230
9231
9232
9248
9211
9212
9215
9217
9251
9348
9215
9216
9217
9270
9354
9215
9217
9227
9216
9217
9235
9355
9215
9216
9228
9235
9271
9230
9274
9235
9275
9356
9357
9222
9223
9224
9225
9232
9263
9223
9224
9232
9222
9223
9226
9233
9222
9224
9233
9264
9229
9233
9267
9231
9232
9232
9268
9229
9230
9231
9256
9229
9231
9234
9230
9231
9229
9230
9234
9257
9234
9260
9261
9246
9234
9292
9933
9235
9291
9932
9293
9367
9497
9237
9238
9240
9242
9246
9240
9242
9243
9248
9253
9303
9377
9239
9244
9246
9241
9242
9246
9374
9243
9244
9369
9243
9244
9243
9246
9302
9370
9249
9257
9258
9259
9291
9308
9248
9263
9266
9268
9269
9314
9315
9317
9319
9264
9265
9266
9292
9296
9251
9256
9259
9261
9262
9327
9328
9331
9333
9271
9272
9273
9293
9251
9252
9255
9277
9278
9279
9280
9288
9289
9290
9299
9334
9335
9336
9348
9349
9360
9361
9253
9270
9272
9274
9276
9300
9339
9340
9341
9254
9278
9279
9283
9278
9280
9281
9284
9298
9371
9255
9285
9287
9288
9289
9364
9452
9260
9261
9262
9263
9260
9261
9271
9291
9260
9262
9265
9291
9310
9261
9262
9272
9307
9267
9291
9274
9269
9312
9267
9268
9269
9267
9268
9292
9267
9269
9292
9321
9268
9269
9323
9292
9326
9274
9275
9276
9361
9274
9275
9293
9274
9276
9342
9275
9276
9293
9362
9293
9363
9277
9343
9338
9360
9361
9362
9280
9281
9280
9282
9285
9380
9284
9382
9283
9284
9283
9284
9286
9287
9286
9289
9345
9287
9290
9366
9450
9455
9290
9301
9451
9344
9453
9475
9292
9293
9304
9305
9368
9614
9306
9307
9309
9330
10734
9313
9314
9318
9375
9387
9305
9321
9322
9323
9313
9327
9329
9332
9378
9384
9300
9303
9371
9372
9301
9334
9335
9380
9328
9339
9340
9344
9345
9412
9315
9374
9376
9377
9328
9377
9379
9305
9306
9308
9310
9311
10705
9321
9322
9324
10723
9308
9311
10735
9308
9312
9331
9342
9310
9311
9312
9320
9332
10736
9311
9312
9321
9324
10739
9326
9333
9315
9316
9376
9388
9315
9317
9374
9319
9327
9318
9319
9320
9332
9389
9318
9319
9323
9325
9390
9326
9333
9324
9325
9326
10724
9324
9326
9324
9325
10727
9325
9326
10729
10730
9328
9333
9377
9329
9331
9330
9379
9392
9331
9332
9393
9333
9339
9333
9394
9336
9337
9344
9336
9340
9382
9338
9341
9338
9360
9430
9343
9341
9342
9341
9371
9343
9343
9414
9430
9346
9380
9381
9348
9351
9352
9357
9454
9350
9351
9354
9357
9364
9365
9366
9351
9358
9360
9361
9455
9364
9365
9457
9353
9354
9460
9353
9355
9367
9461
9356
9358
9367
9462
9356
9357
9361
9356
9357
9367
9363
9367
9359
9363
9368
9473
9360
9362
9368
9474
9475
9363
9363
9368
9368
9366
9458
9366
9454
9459
9456
9460
9368
9481
9491
9480
9615
9370
9373
9382
9373
9379
9383
9375
9376
9378
9378
9379
9381
9382
9383
9383
9388
9392
9394
9391
9401
9403
9406
10778
10787
9392
9408
9410
9388
9390
9389
9390
9394
10722
10724
10721
10730
9401
9402
9403
9418
10706
10720
11348
9393
9394
9408
10731
10734
10732
10736
9398
9399
9400
9404
9409
9399
9400
9420
9398
9400
9405
9421
9406
10786
9410
9407
9422
9402
9405
9434
10935
9403
9407
9432
9404
10791
9406
9407
10792
9406
9407
9436
10936
10779
10793
9437
9409
10785
10789
9410
10786
10792
9413
9414
9419
9429
9448
9413
9414
9451
9424
9425
9447
9453
9417
9425
9426
9427
9441
9477
9418
9427
9432
9433
9435
10937
9418
9426
9427
9428
9480
9594
9613
9432
9433
9434
10945
11311
11349
9422
9423
9424
9435
9439
9422
9424
9422
9423
9436
9437
9438
9440
9429
9430
9443
9479
9428
9430
9474
9428
9429
9444
9431
9432
9431
9435
9445
9431
9475
9437
9434
9437
9434
9438
10938
10946
9436
10948
9437
9438
10939
9437
9438
10949
10941
10950
9440
9448
10939
10941
9443
9444
9482
9594
9595
9443
9446
9484
9595
9445
9447
9485
9445
9594
9600
10937
9446
9448
10939
9600
10942
9448
9449
9453
9485
9488
9452
9453
9456
9476
9488
9452
9453
9458
9479
9460
9461
9465
9460
9473
9475
9476
9458
9459
9463
9489
9458
9459
9465
9490
9462
9463
9462
9464
9481
9466
9473
9481
9465
9466
9467
9476
9465
9466
9469
9481
9470
9472
9478
9481
9470
9471
9472
9486
9489
9470
9471
9495
9606
9470
9472
9494
9606
9610
9490
9496
9487
9607
9483
9607
9610
9474
9478
9480
9475
9477
9480
9479
9478
9479
9486
9478
9479
9480
9482
9480
9483
9485
9481
9608
9617
9492
9610
9483
9485
9608
9609
9486
9608
9611
9485
9487
9609
9486
9487
9488
9611
9489
9490
9498
9492
9497
9615
9626
9824
9605
9617
10137
10469
9494
9495
9606
10135
10147
9496
10133
10135
9496
10149
9498
10148
9614
9624
9893
9932
10150
9500
9503
9520
9551
9554
9556
9557
11237
9502
9503
9579
11254
9502
9503
9504
9582
9584
11256
9505
9585
9505
9507
9575
9506
9520
9577
9507
9520
9572
10414
9578
10417
9509
9510
9514
9529
9530
9532
9533
9541
9542
9543
9544
9573
9574
9576
9604
9515
9573
9574
9575
9601
9515
9521
9522
9524
9525
9526
9527
9528
9580
9581
9583
9596
9599
11233
9512
9516
9522
9523
9517
9530
9531
9518
9535
9536
10153
9519
9534
9536
9537
9538
9547
9548
9549
9550
9586
9590
9591
9605
10154
9580
9581
9582
9602
9517
9552
9553
9554
9559
9560
9561
9566
9567
9568
10418
9586
9588
9590
9603
10420
9558
9561
9563
9564
10406
9524
9525
11238
9524
9525
9530
9552
9525
9553
11240
9532
9555
11241
9528
9599
11243
9528
9542
9594
9597
9599
9543
9532
9533
9534
9532
9533
9559
9533
9535
9560
9538
9562
9537
9538
9538
9566
9537
9538
9567
10158
10160
9569
9540
9542
9597
9608
9544
9545
9608
9543
9544
9547
9543
9544
9608
9549
9608
9546
9549
9610
9548
9610
10171
9549
9550
9549
9550
9610
10173
9610
10174
9555
9556
9557
9579
11245
9555
9556
9559
9581
9555
9557
11247
9556
9557
9561
9583
11249
9563
9585
11250
9562
9563
9564
9565
9572
9562
9563
9573
9562
9564
9566
9563
9564
9569
9576
9577
9571
9569
9570
9571
9589
10406
9569
9571
9569
9570
9586
10425
9570
9571
10406
10426
9591
9587
10406
10429
10406
9576
9577
9578
9589
9576
9577
9581
9576
9578
9590
9601
9577
9578
9582
9601
9591
9585
9592
9601
9583
9584
9585
11296
9583
9584
9602
11297
9583
9585
9584
9585
9602
9593
9602
11298
9587
9591
10452
9588
9589
10416
10453
9592
9603
10415
10454
9591
9592
10414
9591
9592
9603
9603
10417
11233
11249
11293
11296
11297
9595
9596
9597
9598
9599
9600
9608
11311
9600
9609
9602
9604
9613
11312
9598
9599
11313
11315
11307
9602
9603
9604
11338
9605
10224
10469
10485
10486
10487
10488
9605
9608
9617
9610
10136
9607
9610
9610
9611
9609
9610
9611
9611
10135
9613
9615
9616
11348
9617
11349
9615
9616
9617
10919
9619
9621
9969
9970
10090
9620
9971
10091
9621
9972
9981
10094
9969
9973
9986
10095
9627
9629
9969
10131
9625
9626
9627
9786
10139
9625
9626
9840
9930
9628
9841
9931
9785
10137
9628
9765
10130
9629
9832
9929
9934
9939
9634
9636
9658
9659
9663
9664
9632
9652
9653
9654
9659
9660
9661
9634
9666
9667
9668
9672
9834
9638
9667
9668
9671
9808
9833
9638
9642
9672
9674
9678
9838
9638
9643
9679
9682
9684
9685
9641
9644
9680
9681
9682
9645
9672
9675
9678
9839
9648
9665
9686
9688
9690
9754
9649
9673
9686
9693
9694
9698
9647
9701
9702
9703
9645
9708
9709
9712
9843
9645
9714
9716
9718
9720
9647
9715
9716
9717
9708
9710
9712
9844
9650
9707
9721
9722
9727
9728
9729
9730
9733
9735
9737
9755
9854
9733
9740
9741
9745
9869
9747
9748
9753
9882
9957
9655
9656
9657
9689
9700
9804
9656
9657
9762
9655
9657
9660
9690
9655
9656
9661
9701
9662
9691
9704
9706
9763
9692
9805
9662
9663
9664
9668
9679
9663
9664
9662
9663
9669
9662
9664
9680
9670
9683
9671
9685
9666
9667
9669
9807
9854
9670
9673
9686
9855
9671
9811
9856
9670
9671
9675
9670
9671
9690
9813
9677
9691
9814
9673
9675
9868
9674
9677
9869
9676
9694
9709
9870
9677
9678
9679
9677
9678
9681
9697
9711
9683
9698
9684
9712
9683
9684
9685
9683
9685
9701
9683
9684
9702
9715
9684
9685
9716
9704
9718
9687
9691
9733
9688
9689
9693
9734
9783
9692
9735
9756
9788
9691
9692
9696
9789
9691
9692
9757
9698
9758
9790
9695
9696
9740
9784
9695
9697
9722
9741
9699
9723
9742
9791
9698
9699
9700
9792
9698
9699
9702
9725
9704
9705
9726
9766
9704
9705
9706
9806
9704
9706
9704
9705
9728
9705
9706
9729
9777
9731
9778
9764
9708
9709
9713
9882
9710
9883
9711
9722
9884
9712
9713
9714
9712
9713
9715
9725
9718
9719
9727
9718
9719
9720
9718
9719
9728
9718
9720
9719
9720
9730
9732
9723
9724
9747
9769
9723
9725
9748
9726
9749
9770
9726
9727
9767
9771
9726
9727
9728
9731
9772
9732
9731
9732
9731
9768
9780
9732
9768
9767
9782
9767
9734
9738
9855
9735
9736
9740
9787
9739
9759
9793
9738
9739
9743
9794
9840
9738
9739
9760
9840
9858
9745
9840
9860
9761
9795
9840
9742
9743
9796
9742
9744
9748
9870
9746
9749
9797
9745
9746
9798
9841
9745
9746
9751
9841
9872
9841
9873
9752
9799
9841
9749
9750
9773
9958
9749
9751
9884
9752
9774
9752
9753
9775
9832
9959
9752
9753
9832
9886
9776
9832
9832
9888
9961
9755
9756
9757
9807
9817
9759
9760
9821
9891
9758
9759
9800
9816
9758
9813
9819
9802
9818
9761
9801
9820
9761
9822
9893
9896
9803
9823
9893
9763
9805
10027
9764
9804
10033
9777
9806
10036
9775
9776
9786
9832
9969
9986
9987
10212
9772
9778
9791
9792
9982
9768
9781
9779
9770
9771
9773
9980
9772
9774
9791
9983
9772
9781
9984
9782
9985
9774
9775
9972
9981
9776
9797
9988
9776
9973
9986
9799
9987
9778
9780
9991
9782
9806
9997
9780
9781
9992
9782
9998
9782
9999
10000
9784
9787
9788
9789
10012
9791
9792
9796
10017
9786
9794
9795
9824
9840
10021
10022
10225
9798
9799
9841
10011
10025
10229
9793
9794
9796
10019
9790
9793
9800
10013
9790
9792
9804
10015
9802
9805
10014
9797
10016
9806
10018
9795
9801
10020
9795
9798
10022
9803
10021
9797
9798
10024
9799
10023
9799
10025
10011
9801
9802
9825
10040
9803
9827
10044
9826
10042
9824
9828
10046
9805
9806
10034
10035
10037
9809
9811
9813
9891
9810
9811
9812
9814
9890
9810
9815
9817
9894
9811
9812
9897
9814
9898
9814
9815
9814
9815
9819
9817
9818
9820
9825
9819
9821
9819
9826
9821
9823
9827
9822
9894
9823
9893
9895
9828
9893
9828
9893
10046
10047
10469
9826
9827
10041
10043
9828
10045
10047
9830
9845
9849
9850
9852
9930
9933
9848
9849
9850
9889
9832
9836
9902
9903
9904
9929
9841
9903
9904
9907
9939
9834
9839
9847
9848
9851
9853
9856
9857
9859
9890
9855
9856
9857
9868
9840
9892
9908
9910
9912
9930
9841
9916
9917
9918
9931
9842
9845
9862
9863
9864
9839
9843
9868
9870
9874
9844
9861
9864
9866
9867
9868
9871
9874
9841
9893
9908
9912
9914
9916
9918
9920
9846
9876
9877
9878
9844
9883
9884
9887
9875
9878
9880
9881
9883
9885
9887
9937
9846
9862
9863
9865
9931
9876
9877
9879
9929
9941
9851
9852
9853
9861
9911
9851
9853
9889
9851
9852
9889
9910
9852
9853
9862
9889
9909
9865
9913
9867
9855
9856
9858
9891
9860
9869
9859
9898
9859
9860
9871
9911
9859
9860
9896
9908
9900
9909
9873
9914
9865
9866
9867
9915
9865
9867
9865
9866
9876
9917
9866
9867
9878
9919
9880
9921
9869
9871
9870
9873
9872
9884
9873
9874
9915
9873
9874
9886
9918
9920
9887
9921
9879
9880
9881
9901
9942
9879
9880
9902
9879
9881
9943
9880
9881
9905
9946
9906
9947
9883
9884
9888
9949
9885
9950
9886
9887
9888
9901
9952
9887
9888
9904
9906
9907
9954
9890
9923
9924
9927
9928
9933
9897
9898
9899
9900
9894
9896
9898
9893
9922
9924
9925
9932
9922
9925
9926
9895
9897
9896
9899
9926
9900
9922
9898
9899
9900
9900
9927
9923
9905
9906
9907
9962
9905
9906
9917
9929
9905
9907
9929
9963
9906
9907
9918
9929
9966
9921
9967
9909
9914
9922
9910
9911
9923
9913
9924
9930
9913
9914
9915
9913
9914
9916
9930
9919
9930
9920
9919
9920
9921
9919
9920
9931
9919
9921
9931
9920
9921
9931
9923
9926
9924
9927
9928
9932
9926
9928
9932
9927
9928
9932
9931
9934
9931
9932
9933
9935
9941
9963
9964
9966
9939
9963
9964
9965
9941
9943
9944
9945
9942
9945
9947
9948
9950
9951
9952
9955
9949
9951
9953
9956
9940
9959
9960
9961
9963
9965
9967
9969
9959
9960
9970
9974
9943
9944
9946
9946
9947
9948
9962
9946
9947
9946
9948
9964
9947
9948
9966
9968
9950
9954
9957
9951
9952
9955
9954
9955
9962
9954
9955
9960
9965
9961
9967
9968
9957
9960
9974
9958
9961
9959
9972
9974
9961
9973
9961
9966
9967
9968
9966
9967
9966
9968
9967
9968
9970
9973
10088
9971
9973
9972
9974
9973
9977
9978
9983
10001
10186
10194
9978
9982
9996
10001
10007
10252
9979
9980
10195
10207
9979
9985
9995
10197
9984
9994
10196
9981
9983
9984
9986
9988
10207
9985
9997
10016
10018
9985
9988
10016
9985
9999
10000
9987
10211
9988
10011
10209
10023
10186
9992
9993
9994
10215
9991
9993
9996
10031
10283
9997
9998
10036
9998
9999
9995
9998
10214
9995
9999
10213
9996
10000
10216
9997
10032
10285
10000
10037
10000
10000
10006
10016
10231
10249
10003
10005
10006
10008
10012
10222
10004
10009
10013
10049
10239
10005
10014
10030
10050
10241
10007
10015
10029
10240
10007
10010
10017
10250
10018
10032
10251
10009
10010
10019
10227
10264
10020
10053
10260
10262
10024
10231
10273
10277
10023
10025
10275
10013
10015
10017
10019
10014
10020
10040
10015
10035
10042
10018
10034
10017
10023
10018
10024
10037
10020
10022
10024
10021
10044
10022
10046
10262
10025
10264
10024
10231
10025
10277
10027
10028
10030
10279
10033
10035
10029
10031
10033
10280
10030
10032
10034
10278
10035
10038
10281
10032
10036
10284
10037
10282
10034
10036
10035
10037
10039
10037
10039
10050
10301
10042
10041
10042
10044
10049
10043
10045
10048
10043
10050
10051
10045
10046
10053
10047
10052
10047
10491
10493
10049
10051
10052
10467
10050
10053
10478
10051
10480
10479
10053
10471
10493
10489
10491
10058
10060
10062
10099
10068
10070
10072
10075
10100
10057
10058
10059
10061
10064
10065
10066
10067
10383
10065
10067
10069
10077
10059
10064
10060
10061
10069
10063
10068
10106
10063
10064
10071
10438
10063
10064
10108
10440
10073
10109
10442
10444
10066
10076
10067
10078
10398
10071
10079
10401
10069
10073
10100
10070
10071
10074
10075
10077
10073
10074
10445
10073
10074
10075
10100
10447
10100
10449
10075
10079
10451
10081
10085
10086
10087
10088
10128
10184
10077
10078
10080
10079
10081
10079
10082
10377
10086
10378
10081
10082
10084
10086
10087
10083
10086
10198
10084
10085
10093
10199
10087
10092
10086
10087
10096
10201
10204
10089
10089
10090
10095
10096
10131
10212
10090
10092
10096
10091
10095
10092
10094
10093
10094
10096
10206
10095
10207
10096
10211
10208
10100
10101
10102
10104
10105
10112
10113
10114
10115
10129
10155
10419
10446
10447
10449
10102
10103
10156
10423
10106
10108
10106
10107
10109
10110
10116
10117
10124
10125
10128
10104
10105
10107
10104
10105
10164
10439
10105
10108
10440
10165
10109
10442
10109
10110
10109
10110
10109
10113
10118
10122
10127
10114
10115
10116
10114
10115
10119
10127
10120
10122
10125
10127
10117
10125
10124
10119
10134
10167
10120
10134
10155
10169
10155
10168
10123
10124
10126
10123
10127
10125
10126
10125
10126
10126
10127
10128
10129
10134
10129
10131
10130
10138
10184
10131
10139
10212
10134
10140
10141
10146
10135
10140
10147
10148
10135
10138
10140
10141
10142
10167
10169
10136
10147
10170
10171
10173
10175
10137
10138
10154
10224
10139
10225
10139
10155
10228
10229
10142
10143
10142
10144
10145
10147
10145
10146
10148
10152
10145
10146
10149
10151
10149
10149
10150
10152
10152
10158
10159
10418
10155
10157
10158
10160
10161
10172
10173
10174
10175
10420
10452
10456
10457
10162
10164
10165
10166
10168
10169
10421
10460
10461
10463
10163
10164
10422
10160
10161
10162
10160
10161
10425
10161
10163
10427
10166
10428
10165
10166
10166
10432
10165
10166
10433
10435
10169
10170
10169
10172
10175
10171
10175
10173
10174
10175
10174
10175
10177
10179
10180
10187
10377
10182
10193
10320
10342
10179
10181
10182
10327
10343
10351
10383
10181
10182
10398
10181
10189
10336
10342
10399
10337
10343
10400
10343
10359
10185
10188
10189
10192
10194
10223
10201
10202
10203
10204
10212
10228
10419
10447
10448
10451
10199
10200
10203
10205
10230
10205
10207
10209
10231
10188
10189
10193
10198
10190
10195
10199
10191
10200
10244
10192
10193
10196
10217
10192
10193
10246
10322
10342
10197
10220
10248
10323
10195
10197
10205
10249
10196
10206
10197
10213
10216
10252
10199
10200
10204
10377
10201
10206
10202
10267
10399
10203
10204
10208
10203
10204
10269
10402
10210
10271
10378
10206
10210
10272
10207
10208
10211
10210
10211
10212
10210
10211
10212
10275
10212
10276
10212
10229
10215
10216
10217
10215
10216
10218
10283
10219
10220
10285
10219
10220
10323
10219
10220
10291
10318
10321
10293
10322
10222
10226
10233
10234
10235
10242
10227
10239
10240
10250
10230
10242
10244
10248
10249
10225
10228
10256
10257
10258
10259
10420
10454
10456
10458
10229
10261
10262
10263
10264
10469
10227
10254
10255
10256
10265
10260
10261
10273
10229
10268
10269
10270
10271
10421
10460
10462
10464
10274
10275
10276
10277
10265
10267
10271
10272
10272
10275
10233
10234
10236
10253
10324
10466
10237
10243
10254
10328
10238
10239
10255
10474
10237
10238
10240
10245
10286
10237
10238
10294
10332
10364
10247
10333
10366
10241
10289
10476
10241
10260
10478
10241
10251
10278
10281
10480
10243
10245
10250
10265
10244
10247
10266
10326
10246
10267
10336
10247
10248
10251
10290
10247
10248
10339
10368
10340
10369
10252
10293
10250
10252
10272
10251
10273
10252
10282
10285
10254
10255
10257
10379
10470
10258
10266
10384
10259
10260
10484
10258
10259
10261
10268
10258
10259
10388
10486
10270
10389
10263
10487
10263
10489
10263
10264
10274
10263
10264
10491
10492
10277
10266
10268
10273
10267
10270
10381
10269
10392
10270
10271
10274
10270
10271
10395
10396
10276
10273
10276
10274
10276
10277
10276
10277
10280
10281
10282
10286
10280
10281
10287
10299
10284
10288
10289
10301
10284
10285
10290
10284
10285
10291
10292
10293
10288
10289
10290
10366
10288
10289
10304
10346
10292
10365
10307
10364
10292
10293
10369
10292
10293
10347
10367
10368
10295
10305
10466
10476
10477
10296
10314
10332
10410
10468
10317
10409
10477
10481
10303
10304
10305
10309
10346
10300
10301
10302
10479
10300
10301
10304
10306
10307
10480
10306
10307
10308
10475
10306
10308
10312
10306
10307
10307
10308
10314
10364
10476
10317
10477
10312
10313
10314
10344
10311
10313
10315
10316
10348
10404
10315
10316
10317
10409
10315
10317
10315
10316
10353
10316
10317
10354
10358
10410
10321
10322
10345
10347
10320
10321
10345
10362
10323
10359
10361
10323
10323
10361
10368
10328
10330
10332
10379
10468
10327
10329
10330
10331
10334
10348
10380
10404
10328
10335
10336
10340
10381
10335
10337
10338
10341
10350
10382
10329
10333
10384
10330
10331
10335
10385
10334
10386
10407
10333
10334
10338
10352
10333
10334
10354
10340
10357
10358
10410
10337
10338
10391
10337
10339
10392
10341
10393
10340
10341
10370
10340
10341
10342
10373
10375
10343
10376
10343
10361
10363
10346
10353
10354
10355
10349
10360
10361
10364
10365
10349
10367
10368
10350
10352
10353
10356
10358
10371
10372
10373
10351
10370
10372
10374
10376
10359
10360
10362
10363
10356
10357
10358
10370
10356
10358
10357
10358
10364
10356
10357
10365
10371
10374
10366
10375
10362
10363
10362
10363
10372
10363
10373
10376
10366
10366
10367
10369
10369
10371
10369
10373
10375
10374
10375
10376
10374
10375
10374
10376
10375
10376
10378
10398
10399
10401
10402
10451
10384
10386
10388
10405
10382
10385
10386
10387
10390
10406
10424
10426
10429
10430
10384
10391
10392
10396
10383
10391
10393
10394
10397
10431
10434
10436
10437
10398
10400
10401
10403
10438
10441
10443
10444
10385
10389
10386
10387
10391
10390
10412
10389
10390
10394
10455
10389
10390
10415
10454
10396
10458
10416
10453
10393
10394
10393
10395
10399
10397
10400
10396
10397
10459
10396
10397
10402
10462
10464
10403
10465
10400
10401
10400
10402
10403
10403
10445
10403
10448
10450
10406
10407
10408
10409
10410
10411
10412
10415
10468
10470
10412
10413
10414
10416
10408
10410
10412
10468
10409
10413
10481
10410
10413
10417
10481
10482
10413
10416
10414
10416
10417
10416
10417
10486
10488
10425
10426
10427
10421
10446
10447
10448
10452
10454
10456
10460
10461
10462
10423
10432
10433
10434
10439
10440
10441
10428
10429
10430
10431
10455
10428
10429
10452
10429
10430
10428
10430
10432
10435
10457
10453
10437
10435
10436
10437
10459
10435
10437
10435
10436
10439
10461
10436
10437
10441
10463
10443
10465
10442
10443
10444
10445
10442
10443
10446
10442
10444
10443
10444
10449
10450
10449
10450
10451
10449
10450
10461
10449
10451
10450
10451
10462
10465
10453
10457
10454
10455
10458
10457
10458
10459
10457
10458
10460
10463
10464
10463
10464
10465
10463
10464
10463
10465
10464
10465
10468
10470
10472
10474
10471
10473
10478
10479
10481
10490
10491
10492
10493
10482
10484
10486
10483
10489
10490
10473
10477
10481
10482
10474
10475
10483
10476
10478
10484
10476
10477
10479
10480
10480
10489
10480
10483
10488
10484
10485
10487
10489
10487
10488
10490
10487
10488
10492
10492
10492
10493
10492
10493
10495
10521
10522
10524
10697
11067
10519
10527
10529
10699
11071
10498
10504
10536
10539
10542
10543
10499
10507
10543
10545
10547
10508
10556
10557
10560
10561
10511
10561
10563
10565
10569
10570
10571
10502
10682
10685
10688
10815
10927
10517
10518
10633
10634
10636
10660
10682
10683
10688
10820
10863
10506
10512
10568
10570
10572
10573
10690
10691
10693
10694
10818
10823
10824
10827
10508
10575
10576
10580
10589
10509
10583
10584
10585
10510
10514
10578
10579
10580
10581
10582
10584
10586
10587
10511
10589
10591
10593
10596
10597
10601
10610
10604
10605
10606
10516
10599
10600
10601
10602
10603
10605
10607
10608
12145
10610
10612
10614
10514
10684
10685
10686
10687
10819
10859
10515
10576
10617
10619
10620
10632
10516
10618
10620
10621
10622
10861
10596
10624
10626
10627
10646
10625
10627
10628
10629
11756
12203
10537
10631
10633
10634
10639
10638
10639
10641
10644
10659
10821
10864
11085
10521
10638
10640
10642
11086
10554
10631
10645
10646
10651
10652
10652
10654
10656
11068
10523
10526
10529
10554
10652
10524
10525
10555
10653
12126
10654
10698
11101
12125
10526
10550
10559
10698
12226
10531
10552
10560
10697
10528
10638
10659
10700
11114
10529
10530
10537
10639
10659
10531
10538
10640
10531
10532
10541
10659
10700
10534
10542
10699
10534
10535
10546
10664
11232
10534
10535
10547
10551
11229
10548
10552
11231
10549
10667
11230
10540
10541
10544
10575
10660
10538
10540
10541
10660
10539
10542
10554
10631
10540
10556
10576
10632
10577
10633
10660
10542
10546
10660
10548
10560
10544
10548
10561
10589
10545
10546
10590
10669
10549
10591
10670
10548
10549
10671
10548
10549
10565
10566
10674
10552
10553
10564
10703
12222
10552
10553
10565
10696
10566
10701
10567
10702
12225
10555
10556
10560
10558
10559
10645
12198
10558
10596
10646
10558
10559
10562
10597
12237
10598
10647
12199
10560
10564
12236
10566
10562
10566
10610
10563
10564
10611
12235
10567
10612
12233
10566
10567
12232
10566
10567
12234
10572
10573
10574
10582
10678
10572
10574
10679
10572
10573
10840
10573
10574
10583
10680
10839
10587
10588
10681
10577
10578
10590
10692
10577
10579
10596
10581
10617
10689
10580
10581
10592
10693
10580
10581
10600
10620
10594
10601
10621
10691
10586
10587
10588
10592
10587
10588
10586
10587
10605
10586
10588
10593
10606
10594
10607
10595
10590
10594
10610
10591
10592
10676
10595
10677
10594
10595
10678
10594
10595
10614
10615
10681
10598
10600
10598
10599
10611
12209
10602
10624
12207
10601
10602
10613
12206
10601
10602
10627
10615
10628
12208
10607
10608
10609
10613
12228
10608
10609
12229
10607
10608
10607
10609
10614
10615
12230
10616
12231
10611
10615
10612
10613
12241
10616
12239
10615
10616
12238
10615
10616
12240
10621
10623
10633
10683
10621
10622
10623
10687
10884
10622
10623
10626
10635
10886
10621
10622
10627
10686
10629
10889
10636
10688
10890
10628
10630
10647
12216
10628
10629
10630
11764
12215
10629
10630
10649
11765
10628
10629
12217
11768
10650
11769
12218
10632
10637
10640
10633
10635
10646
10636
10636
10637
10641
10896
10636
10637
10649
10898
10900
10643
10651
10901
10639
10644
11193
10640
10641
10643
10652
10643
10644
10891
10643
10644
10656
10852
11195
10657
10894
10853
11198
10647
10648
10653
12221
10647
10649
10650
12220
10650
10651
10655
11624
11776
10650
10651
11777
11625
11780
10657
11781
10653
10657
10654
10655
12201
10658
11107
12200
10657
10658
11606
11771
10657
10658
11109
11734
11774
11112
11735
12202
10660
10664
10666
10700
10813
11070
11226
11228
10661
10663
10669
10671
10673
10689
10692
10695
10814
10662
10668
10669
10673
10837
10675
10676
10680
10695
10841
10682
10689
10690
10695
10817
10666
10667
10671
11228
10666
10667
10672
11225
10673
10836
11226
10674
11227
10670
10672
10675
10670
10671
10676
10674
10677
10673
10674
10673
10674
10838
10677
10679
10677
10678
10692
10681
10680
10681
10693
10680
10681
10694
10816
10683
10684
10815
10686
10688
10689
10685
10686
10690
10815
10687
10815
10928
10687
10691
10688
10930
10933
10691
10692
10691
10694
10829
10693
10693
10695
10694
10695
10830
10833
10701
10702
11075
11229
10698
10699
10701
11100
10703
11103
12227
10700
11115
11231
11117
11232
10703
11142
11231
10703
11143
12223
11145
12224
10720
10795
10797
10798
10821
10959
10706
10708
10723
10735
10737
10739
10764
10766
10768
10770
10917
10717
10719
10787
10790
10791
10919
10709
10723
10725
10726
10727
10717
10733
10735
10737
10745
10712
10740
10741
10742
10713
10745
10749
10780
10750
10751
10754
10808
10723
10758
10759
10760
10719
10750
10764
10765
10769
10772
10773
10774
10716
10720
10778
10934
10719
10780
10782
10781
10787
10788
10790
10719
10795
10807
10811
10812
10820
10720
10764
10765
10766
10780
10781
10782
10807
10809
10811
10844
10778
10794
10795
10798
10800
10934
10935
10945
10722
10725
10728
10732
10726
10727
10729
10758
10759
10762
10918
10728
10729
10730
10736
10728
10730
10740
10728
10729
10737
10741
10729
10730
10738
10743
10739
10732
10733
10785
10738
10734
10738
10746
10788
10735
10736
10789
10739
10790
10738
10739
10738
10739
10747
10748
10743
10743
10744
10747
10759
10744
10760
10748
10749
10761
10746
10747
10764
10781
10748
10783
10748
10749
10768
10769
10752
10756
10809
10752
10755
10802
10810
10815
10753
10765
10811
10815
10755
10756
10767
10771
10815
10755
10756
10773
10775
10803
10815
10769
10776
10761
10762
10763
10767
10771
10845
10762
10763
10848
10761
10762
10768
10761
10763
10774
10769
10776
10770
10849
10777
10851
10766
10768
10766
10767
10843
10770
10843
10769
10770
10843
10769
10770
10843
10775
10776
10777
10819
10775
10777
10804
10819
10775
10776
10776
10777
10805
10819
10819
10779
10782
10935
10784
10936
10781
10782
10783
10784
10787
10784
10788
10793
10786
10788
10793
10791
10793
10789
10793
10790
10792
10791
10792
10793
10821
10844
10864
10955
11348
10800
10801
10821
10797
10798
10799
10960
10801
10821
10961
10800
10962
10800
10801
10806
10807
10812
10821
10803
10831
10805
10835
10805
10825
10826
10807
10808
10812
10809
10809
10810
10811
10811
10812
10820
10820
10820
10814
10821
10836
10964
11069
10817
10820
10831
10832
10833
10837
10838
10817
10819
10820
10829
10831
10835
10843
10830
10839
10841
10829
10831
10833
10819
10823
10824
10825
10824
10825
10826
10845
10846
10850
10851
10821
10844
10963
10826
10827
10828
10834
10827
10828
10840
10826
10827
10829
10826
10828
10835
10830
10839
10830
10835
10833
10834
10832
10835
10833
10834
10841
10835
10838
10964
10838
10841
10840
10846
10847
10848
10859
10918
10844
10845
10847
10849
10850
10860
10917
10927
10928
10929
10863
10919
10849
10850
10851
10850
10851
10859
10849
10850
10859
10918
10849
10851
10918
10918
10859
10853
10865
10894
11351
11734
10864
10891
10892
11353
10859
10871
10872
10873
10918
10856
10863
10867
10910
10911
10914
10915
10919
10922
10924
10926
10860
10917
10920
10922
10924
10861
10870
10873
10875
10876
10877
10880
10881
10882
11760
10862
10869
10878
10879
10880
11761
10861
10871
10873
10875
10928
10929
10930
10932
10863
10927
10929
10931
10884
10887
10888
10889
11756
10866
10885
10886
10887
11757
10864
10896
10897
10900
10902
10927
10931
10933
10867
10891
10892
10895
11368
10868
10892
10893
11369
11758
10869
10897
10898
10899
11759
10903
10904
10907
10909
11348
11356
10904
10905
10906
11361
11762
10911
10912
10913
11763
10874
10875
10876
10923
10874
10875
10918
10920
10874
10876
10918
10875
10876
10918
10921
10925
10881
10882
10883
10923
10881
10883
10885
10911
10924
10882
10883
10912
11784
10881
10882
10887
11785
10888
10925
11787
10914
10926
10888
10889
10890
10930
10888
10890
10897
10931
10889
10890
10898
11765
10888
10889
11766
10932
11768
10900
10933
10894
10895
10896
10895
10904
11370
10894
10895
10899
10905
11773
10901
11774
10902
10907
10900
10901
10902
10900
10902
10911
10900
10901
11777
10901
10902
10913
11779
11781
10915
10907
10908
10909
10910
10907
10909
11363
10907
10908
10913
11792
10908
10909
11359
11742
10915
10916
11794
10914
10915
10916
10914
10915
10914
10916
11796
10915
10916
11798
11801
10918
10919
10920
10921
10922
11348
10921
10925
10929
10922
10923
10926
10925
10926
10925
10926
10931
10932
10928
10933
10929
10930
10932
10932
10933
10932
10933
10935
10947
10936
10948
10949
10938
10939
11307
11311
10941
10952
11306
11311
10941
10942
10941
10942
10953
11306
10954
11307
10956
10958
10961
10963
11319
10945
10946
10947
10951
10946
10947
10948
10955
10957
10958
10959
10962
11318
10948
10950
10952
10948
10949
10950
10954
10952
11309
11318
10954
11308
11318
10954
11308
10963
11320
11349
11368
10957
10960
11327
10958
10962
11328
10959
10963
11329
10961
10962
10963
10961
10962
10963
11069
11085
11266
11223
11226
10971
10980
10981
10982
10967
10972
11039
11040
11043
11085
11199
11200
11203
11205
11262
11266
10973
11038
11039
11040
11258
10969
10972
11045
11047
11048
11060
11061
11062
11063
11069
11266
10973
11045
11046
11047
11258
10975
10987
10988
11259
10994
10995
10996
10973
10993
10995
10997
10998
11052
11054
11056
11070
11127
11128
11132
11133
11052
11053
11054
11001
11002
11003
10977
11008
11009
11010
10978
11007
11010
11012
11013
11014
11017
11018
11020
11083
11162
11164
11165
11167
11027
11028
11029
11259
11026
11029
11031
11032
11033
11035
11091
11213
11215
11265
10983
10984
10985
11000
11022
11051
10983
10984
10995
11052
11058
10983
10985
11001
10984
10985
10996
11023
11004
11055
11059
10998
11024
11056
11006
11025
10989
10990
11044
10989
10990
11008
11046
11268
10990
11009
11064
11049
11270
11011
11050
11065
10992
11047
11062
11322
11049
11278
10997
10998
10999
11092
11134
10997
10999
11093
10997
10998
11060
10998
10999
11135
11061
11096
11139
11098
11140
11004
11005
11006
11007
11018
11004
11006
11004
11005
11009
11064
11005
11006
11019
11011
11065
11013
11020
11021
11011
11012
11013
11051
11011
11012
11027
11053
11011
11013
11012
11013
11029
11055
11031
11057
11016
11017
11022
11051
11164
11016
11017
11034
11054
11078
11128
11024
11056
11132
11163
11035
11057
11162
11020
11021
11022
11167
11020
11021
11079
11165
11025
11166
11024
11025
11170
11024
11025
11080
11135
11139
11168
11169
11030
11031
11032
11037
11281
11030
11031
11038
11268
11030
11032
11269
11282
11031
11032
11041
11271
11285
11042
11286
11035
11036
11037
11215
11288
11035
11036
11040
11089
11200
11042
11213
11043
11205
11214
11291
11041
11042
11043
11302
11041
11042
11053
11258
11041
11043
11258
11303
11042
11043
11054
11258
11304
11057
11305
11048
11049
11050
11048
11050
11052
11058
11049
11050
11053
11258
11048
11049
11258
11258
11055
11059
11055
11056
11057
11055
11056
11055
11057
11056
11057
11059
11060
11065
11061
11224
11063
11332
11319
11065
11093
11094
11095
11225
11068
11071
11100
11101
11102
11086
11107
11108
11109
11070
11223
11224
11085
11092
11094
11096
11097
11113
11114
11117
11119
11086
11114
11115
11116
11075
11121
11122
11123
11229
11076
11078
11087
11128
11129
11130
11077
11080
11135
11136
11137
11142
11143
11144
11081
11088
11149
11150
11151
11084
11156
11157
11158
11081
11089
11162
11163
11082
11165
11166
11084
11168
11169
11090
11172
11173
11174
11179
11180
11181
11091
11171
11173
11176
11177
11178
11180
11182
11183
11817
11186
11187
11188
11192
11193
11196
11198
11368
11193
11194
11195
11088
11089
11200
11201
11202
11090
11207
11208
11209
11090
11213
11214
11217
11218
11219
11216
11218
11220
11222
11663
11820
11096
11097
11098
11120
11096
11098
11096
11097
11223
11226
11097
11098
11121
11227
11224
11124
11228
11126
11103
11104
11105
11141
11148
11967
11103
11104
11115
11142
11103
11105
11107
11931
11104
11105
11108
11116
11149
11145
11968
11118
11146
11152
11110
11154
11935
11110
11111
11112
11206
11736
11945
11110
11112
11943
11110
11111
11194
11207
11111
11112
11195
11737
11210
11946
11197
11211
11738
11739
11944
11117
11118
11119
11120
11127
11117
11119
11193
11117
11118
11122
11118
11119
11129
11194
11124
11125
11131
11133
11196
11124
11125
11126
11134
11124
11126
11230
11124
11125
11142
11231
11125
11126
11136
11144
11232
11138
11146
11140
11131
11132
11133
11134
11132
11133
11200
11131
11133
11149
11201
11131
11132
11137
11151
11163
11138
11152
11139
11203
11138
11139
11140
11139
11140
11138
11140
11156
11138
11139
11157
11168
11159
11145
11146
11147
11155
11963
11145
11146
11145
11147
11964
11146
11147
11156
11965
11159
11161
11966
11152
11153
11154
11155
11951
11152
11154
11207
11153
11154
11172
11208
11952
11152
11153
11157
11174
11159
11160
11175
11953
11210
11954
11159
11160
11161
11947
11159
11161
11159
11160
11186
11160
11161
11187
11948
11189
11949
11950
11164
11173
11213
11164
11168
11174
11170
11176
11167
11180
11167
11169
11181
11170
11182
11170
11186
11170
11188
11190
11175
11176
11177
11185
11959
11175
11177
11217
11960
11176
11177
11218
11175
11176
11186
11189
11961
11190
11220
11962
11182
11183
11184
11185
11868
11183
11184
11869
11182
11183
11182
11184
11188
11190
11870
11191
11871
11189
11190
11191
11955
11189
11190
11189
11191
11956
11190
11191
11957
11958
11196
11197
11198
11199
11350
11196
11198
11196
11197
11201
11197
11198
11351
11203
11204
11352
11353
11203
11204
11205
11354
11203
11205
11203
11204
11207
11204
11205
11209
11214
11334
11211
11355
11335
11210
11211
11212
11740
11889
11210
11211
11210
11212
11217
11890
11211
11212
11219
11664
11891
11741
11221
11665
11892
11215
11218
11215
11219
11336
11222
11337
11220
11221
11222
11389
11666
11220
11221
11893
11220
11222
11221
11222
11667
11894
11390
11669
11670
11224
11226
11227
11228
11228
11230
11232
11230
11231
11232
11232
11234
11238
11239
11241
11242
11243
11244
11261
11293
11297
11312
11314
11315
11264
11293
11294
11297
11338
11236
11239
11240
11272
11246
11247
11248
11263
11245
11248
11250
11251
11252
11253
11254
11257
11265
11672
11241
11242
11241
11242
11246
11275
11241
11247
11249
11260
11244
11315
11279
11314
11249
11250
11251
11296
11249
11251
11283
11293
11249
11250
11250
11251
11284
11287
11295
11253
11254
11344
11679
11257
11290
11339
11680
11256
11257
11296
11256
11257
11289
11294
11339
11342
11298
11343
11344
11292
11295
11261
11266
11267
11268
11270
11271
11277
11278
11322
11323
11268
11269
11261
11273
11275
11264
11273
11275
11276
11279
11280
11299
11303
11304
11320
11325
11326
11264
11300
11303
11305
11320
11335
11338
11347
11354
11368
11374
11272
11282
11283
11284
11299
11300
11303
11281
11284
11286
11287
11288
11290
11292
11337
11663
11319
11320
11329
11332
11333
11270
11271
11273
11270
11271
11271
11274
11276
11274
11275
11276
11276
11282
11276
11283
11285
11278
11280
11323
11322
11280
11325
11326
11285
11286
11287
11302
11285
11286
11285
11287
11299
11286
11287
11304
11301
11291
11292
11302
11337
11291
11292
11300
11346
11347
11292
11337
11346
11668
11305
11335
11336
11301
11295
11299
11295
11298
11300
11338
11296
11301
11298
11298
11338
11338
11301
11304
11301
11305
11302
11304
11305
11304
11305
11307
11308
11311
11311
11309
11318
11318
11311
11313
11314
11317
11312
11313
11314
11315
11318
11320
11338
11349
11315
11315
11325
11321
11323
11324
11330
11318
11324
11325
11320
11324
11325
11326
11328
11329
11330
11333
11327
11329
11332
11322
11331
11323
11332
11326
11333
11326
11326
11328
11331
11329
11330
11333
11331
11333
11332
11333
11335
11336
11345
11355
11664
11347
11354
11337
11346
11667
11670
11342
11343
11356
11366
11367
11340
11344
11346
11673
11341
11342
11345
11365
11674
11343
11344
11358
11675
11343
11347
11367
11366
11678
11346
11347
11373
11685
11686
11374
11349
11356
11352
11353
11354
11368
11372
11352
11353
11369
11737
11355
11371
11738
11368
11370
11355
11374
11373
11741
11362
11363
11364
11368
11358
11359
11360
11362
11744
11365
11366
11745
11361
11746
11361
11364
11365
11371
11747
11363
11369
11748
11364
11366
11364
11370
11367
11372
11367
11373
11753
11367
11374
11370
11372
11370
11371
11802
11372
11372
11373
11804
11374
11374
11806
11379
11397
11448
11858
11859
11860
11377
11379
11380
11384
11814
11858
11378
11381
11450
11813
11862
11379
11398
11453
11813
11864
11400
11454
11863
11381
11387
11390
11821
11885
11389
11661
11820
11886
11383
11391
11447
11484
11857
11887
11384
11385
11445
11448
11858
11387
11449
11450
11454
11386
11387
11656
11885
11887
11388
11657
11665
11888
11892
11388
11659
11661
11390
11660
11662
11669
11390
11662
11820
11894
11892
11893
11392
11495
11499
11923
11939
11483
11498
11627
11921
11940
11398
11401
11405
11813
11991
11992
13248
13260
11396
11397
11419
11457
11859
11989
11396
11397
11399
11420
11971
13375
11421
11458
11987
13378
11400
11422
11988
11400
11401
11426
11992
11400
11401
11427
11972
13382
11428
11990
11429
11991
13386
11403
11405
11411
11412
11415
11431
13392
11404
11411
11414
11415
11439
11405
11424
11425
11426
11451
11424
11426
11429
11432
13398
11407
11408
11410
11417
11466
13388
11409
11413
11467
13406
11409
11414
11418
11435
11460
11416
11437
11468
11411
11413
11414
11423
13391
11412
11424
13419
11413
11415
13420
11416
13421
11416
11425
11440
11416
11441
11443
11418
11420
11423
11469
13394
11422
11425
11446
11461
11421
11422
11447
11461
11471
11421
11422
11427
13436
11469
11472
13437
11428
11448
11424
11425
11427
13397
11429
13446
11428
11452
11428
11429
11453
11428
11429
13449
11454
13452
11431
11433
11438
11439
11444
11641
11432
11439
11441
11444
11642
11433
11450
11451
11453
11643
11813
11449
11450
11451
11644
11435
11436
11438
11445
11482
11645
11437
11440
11446
11492
11437
11442
11494
11647
11443
11493
11440
11442
11449
11650
11440
11441
11451
11443
11452
11443
11444
11443
11444
11653
11654
11446
11449
11484
11656
11448
11452
11500
11448
11499
11500
11859
11454
11452
11659
11453
11661
11452
11453
11454
11454
11456
11457
11479
11562
11925
11993
11458
11480
11501
12003
13517
11458
11471
11926
12005
11472
12004
13522
11460
11462
11463
11465
11473
11486
11461
11466
11468
11492
11462
11469
11500
11470
11471
11477
11496
11464
11466
11470
11474
13538
11465
11467
11475
13540
11468
11476
11489
11467
11469
13541
11468
13543
11493
11470
13545
11472
11478
13539
11472
11479
11499
11480
13472
11474
11476
11477
11487
11520
11475
11478
11522
13546
11476
11525
13549
11488
11526
11478
11479
11497
11521
11480
11529
13552
11480
11498
11595
11530
13536
11483
11485
11487
11490
11632
11689
11484
11485
11492
11494
11700
11495
11497
11626
11691
11495
11500
11706
11486
11491
11495
11695
11487
11489
11492
11496
11488
11497
11601
11489
11490
11560
11491
11493
11491
11697
11707
11494
11698
11493
11500
11494
11702
11496
11705
11497
11499
11500
11498
11591
11499
11592
11925
11926
11502
11530
11562
12063
13891
11503
11533
11563
12064
13893
11518
11564
12050
12079
13887
11507
11509
11511
11513
11535
11573
12041
13902
11506
11508
11509
11510
11537
13904
11514
11515
11516
11538
13907
11511
11512
11513
11579
12043
11511
11512
11514
12045
13944
11511
11513
11544
13945
11512
11513
11515
11545
11580
12048
13946
11517
11581
12049
11548
11582
11517
11518
12050
13957
11517
11519
11555
11585
11518
11519
11531
11556
13958
11565
11586
11588
11533
11588
13960
11532
11559
11587
11588
11521
11522
11524
11526
11601
11529
11532
11591
11595
11523
11525
11529
13976
11524
11528
11531
11556
13980
11527
11532
11559
11602
11526
11528
13981
11527
11560
11528
11549
11553
11558
13983
11530
11531
13977
11533
11595
13972
11532
11533
13985
11593
11596
11596
13975
11535
11536
11540
11573
11597
11600
11710
11542
11544
11546
11548
13667
11539
11540
11597
11711
11538
11543
11544
11545
13670
11554
11555
11556
13673
11541
11550
11598
11721
11541
11542
11600
11547
11552
11599
11546
11547
11548
11546
11547
11554
13685
11546
11548
13686
11547
11548
11555
11599
13688
11557
11600
11551
11560
11602
11713
11552
11561
11603
11728
11552
11553
11561
11605
11557
11604
11557
11558
11559
11557
11558
13706
11557
11559
11604
11558
11559
13708
13710
11605
11601
11707
11630
11713
11727
11563
11595
12051
12118
11564
11569
11596
12065
11565
11572
11588
12080
11590
12049
12050
12081
11567
11571
12087
12110
12119
12135
11568
11569
11570
11629
12136
11627
11921
12087
12118
12137
11572
11594
12118
12119
11571
11572
11589
11610
12185
12169
12175
12186
12189
11584
11590
12175
11574
11576
11579
11582
11607
12187
11576
11578
11582
11597
11608
11577
11583
11586
11589
11609
11610
11577
11579
11612
12188
11578
11581
11613
12192
11580
11583
11598
11614
11581
11582
12193
11581
11582
11585
11599
11586
12196
11600
11585
11603
11611
11618
11586
11587
11588
11594
11610
11586
11587
11604
11590
11593
11605
11611
11596
11590
12189
12192
12219
12196
12197
11592
11593
11601
11626
11594
11595
11627
12118
11594
11602
11628
11596
11629
11596
11598
11600
11720
11599
11603
11722
11600
11604
11602
11632
11605
11633
11604
11630
11729
11605
11630
11624
11635
12136
12201
12202
11608
11612
11616
11710
11756
12203
12210
11612
11614
11616
11720
11613
11617
11618
11622
12219
11611
11617
11629
11619
11628
11630
11613
12204
12210
11614
12211
12214
11615
11618
11722
11616
11621
11724
11767
12211
11725
11770
12210
11619
11620
11639
12185
11619
11621
11729
11623
11634
11712
11622
11623
11624
11635
11776
11622
11623
11731
11778
11625
11780
12211
11638
11732
11782
11625
12185
12221
12218
12219
12220
11627
11628
11631
11632
11629
11636
11629
11633
11634
11639
11633
11712
11634
11636
11637
11691
11714
11633
11707
11714
11713
11715
11638
11639
11715
11638
11639
11640
11771
11639
11640
11940
12137
11638
11640
11703
11718
11772
11719
11775
12136
11735
11942
12202
11642
11644
11649
11650
11654
11643
11649
11652
11654
11672
11644
11658
11661
11662
11663
11820
11658
11659
11661
11646
11647
11650
11656
11700
11648
11651
11657
11676
11690
11648
11653
11702
11655
11677
11701
11651
11652
11658
11684
11651
11653
11659
11655
11660
11682
11654
11655
11681
11654
11655
11683
11657
11659
11706
11660
11687
11692
11660
11662
11671
11660
11688
11662
11666
11666
11668
11670
11671
11672
11665
11667
11685
11741
11669
11687
11740
11669
11670
11671
11669
11670
11686
11670
11671
11680
11686
11688
11684
11688
11679
11680
11681
11684
11674
11678
11680
11682
11686
11675
11676
11685
11753
11677
11678
11745
11677
11682
11687
11755
11683
11754
11679
11683
11680
11681
11684
11683
11684
11683
11684
11688
11686
11687
11806
11688
11688
11807
11691
11693
11695
11697
11714
11692
11694
11700
11701
11755
11703
11705
11940
11704
11706
11807
11888
11694
11699
11703
11718
11750
11695
11696
11704
11751
11698
11700
11705
11698
11699
11701
11749
11698
11699
11709
11702
11708
11752
11702
11706
11702
11754
11704
11803
11942
11705
11805
11941
11706
11939
11887
11709
11713
11709
11717
11718
11743
11714
11716
11711
11720
11723
11725
11760
11720
11721
11723
11715
11727
11729
11732
11716
11715
11718
11716
11719
11717
11727
11719
11730
11790
11719
11791
11732
11793
11722
11725
11722
11726
11728
11724
11729
11725
11726
11783
11725
11726
11731
11786
11788
11733
11789
11728
11730
11729
11733
11731
11732
11733
11795
11732
11733
11797
11799
11800
11735
11737
11758
11774
11739
11771
11772
11738
11739
11740
11805
11941
11738
11739
11802
11741
11804
11803
11942
11741
11807
11888
11806
11743
11746
11762
11794
11752
11790
11791
11745
11746
11747
11749
11753
11754
11748
11752
11748
11751
11753
11804
11750
11762
11802
11751
11752
11754
11751
11752
11791
11803
11755
11805
11755
11806
11755
11807
11760
11764
11766
11768
11770
11759
11761
11765
11766
11767
11762
11772
11773
11802
11763
11777
11778
11779
11783
11785
11787
11788
11763
11784
11785
11786
11791
11792
11796
11797
11798
11768
11769
11770
12210
11768
11769
11777
11768
11770
11785
11769
11770
11778
11786
11780
12211
11788
11774
11775
11776
11775
11791
11803
11774
11775
11779
11792
11781
11782
11793
11780
11781
11782
11780
11781
11780
11782
11797
11781
11782
11798
11799
11787
11788
11789
11787
11789
11796
11787
11788
11788
11789
11797
11800
11793
11794
11795
11793
11793
11794
11798
11799
11801
11799
11800
11801
11800
11801
11799
11800
11799
11801
11803
11804
11805
11805
11806
11807
11807
11815
11822
11824
11826
11816
11822
11842
11844
11848
11811
11813
11817
11823
11824
11825
11827
11851
11852
11855
13248
11818
11842
11850
11851
11852
11819
11835
11856
11857
11861
11922
11820
11862
11864
11821
11849
11856
11862
11863
11865
11867
11869
11865
11877
11879
11958
11818
11820
11866
11867
11868
11870
11882
11959
11962
11877
11881
11882
11959
11874
11883
11884
11891
11937
11886
11894
11880
11883
11886
11893
11823
11828
11865
11824
11825
11842
11866
11827
11867
11827
11828
11845
13324
11827
11828
13325
13329
11848
13330
11830
11833
11837
11843
11872
11895
11832
11844
11873
11899
11833
11834
11838
11895
11912
11980
11833
11834
11846
11983
11840
11847
11985
11899
11913
11986
11836
11841
11874
11896
11916
11837
11839
11849
11856
11875
11840
11850
11876
11896
11840
11841
11896
11919
11973
11840
11841
11853
11860
11975
11854
11978
11861
11920
11979
11843
11845
11877
11844
11847
11850
11878
11846
11879
11847
11848
11852
13331
11847
11848
13333
11854
13335
13337
11850
11851
11853
11880
11854
11881
11855
11862
11882
11854
11855
13317
11854
11855
11863
13318
13321
11864
13323
11858
11860
11883
11858
11859
11884
11923
11885
11861
11926
11861
11863
11988
11927
11989
11864
11886
11864
11990
11992
11866
11871
11867
11868
11877
11870
11870
11871
11955
11870
11871
11958
11873
11876
11878
11897
11949
11879
11900
11948
11875
11898
11934
11954
11876
11880
11883
11952
11881
11898
11953
11878
11955
11879
11881
11957
11956
11881
11882
11960
11961
11886
11962
11885
11890
11885
11887
11889
11938
11892
11894
11888
11939
11889
11941
11891
11892
11945
11891
11892
11893
11952
11946
11954
11894
11960
11962
11896
11897
11899
11908
11898
11915
11898
11900
11929
11947
11933
11951
11900
11909
11930
11950
11904
11907
11909
11911
12082
11903
11905
11914
11916
11918
12085
11906
11921
11922
11924
12087
11928
11930
11964
12088
11906
11931
11932
11934
12089
11936
11937
11943
12092
11908
11910
11914
11928
12095
11909
11912
11915
11929
11913
11930
11911
11912
11917
12006
12096
11913
12097
12120
11913
11919
12008
12009
11915
11917
11932
12112
11916
11919
11933
11920
11922
11934
11918
11919
12007
12113
11920
11924
11997
12114
11920
12010
11927
12002
11923
11925
11936
11923
11927
11937
11926
11938
11925
11927
11993
12117
11926
12118
11927
12005
11929
11932
11965
12123
11930
11933
11963
11966
11935
11943
11968
12125
11933
11968
12128
11934
11967
11935
11937
11946
11954
11967
11938
11940
11944
12137
11938
11946
11939
11945
11940
11941
11942
11942
11945
11944
11944
11946
12200
11945
12202
11946
11949
11950
11951
11963
11949
11950
11956
11953
11957
11966
11953
11954
11967
11953
11954
11960
11961
11957
11958
11959
11957
11958
11961
11961
11962
11961
11962
11965
11966
11967
11965
11966
12223
11968
12224
11968
12227
11971
11974
11975
11976
13244
13246
11981
11982
11983
13245
13249
11972
11987
11988
13257
11990
11991
13246
13259
11977
11978
11979
11980
12010
11977
11979
11987
12000
13305
11978
11979
11988
13318
11977
11978
11981
13306
13320
11984
12001
13307
11985
13321
11989
12002
11984
11985
11986
12008
11984
11985
13312
13332
11984
11986
11995
13313
11985
11986
13333
11996
13314
13335
12009
11989
12004
13376
11989
11990
12005
11992
13318
11992
13319
13383
13323
11997
12003
12005
12051
11996
11999
12006
12052
12066
13476
11996
12009
12066
13499
12001
12008
13500
11998
12002
12007
12056
11999
12000
12003
12057
13477
12001
12007
12058
13503
12001
12002
12004
13506
12010
13507
12005
12010
12004
12063
13479
12005
13520
12007
12008
12084
12120
12010
12086
12009
12010
12120
12015
12018
12019
12020
12040
13748
12025
12026
12027
13749
12017
12018
12021
12023
12024
12026
12028
12029
12041
12140
13750
12016
12032
12033
12034
13751
12038
12042
12068
12069
13755
12039
12074
12075
13758
12021
12022
12023
12031
12164
12021
12023
12044
13805
12021
12022
12032
12038
13806
12022
12023
12046
12069
12165
12035
13807
12036
12070
12166
12047
12167
12028
12029
12030
12031
12150
12029
12030
12151
12028
12029
13812
12028
12030
12033
13813
12035
13814
12152
12037
12153
12035
12036
12037
12157
12035
12036
12039
13819
12035
12037
13820
12036
12037
12074
12158
13821
12076
12159
12160
12039
12070
12071
13848
12076
12077
13868
12042
12044
12045
12046
13901
12043
12044
12047
12048
12187
13903
12050
12079
12081
13906
12047
12048
12049
12193
12047
12048
13937
12048
12049
12050
13938
12047
12049
12081
12194
12195
13940
12196
13953
12056
12063
12065
12117
12053
12055
12058
12084
13854
12054
12066
12107
13756
12055
12075
12109
13855
12061
12077
12108
13856
12057
12062
12086
12114
12058
12060
12063
13757
12061
12086
13862
12061
12062
12067
12086
12108
12115
12061
12062
12064
12068
13861
12071
13863
12065
12072
12116
12064
13760
12065
12079
13890
12080
12119
12120
13496
12070
12071
12072
12073
12170
12071
12072
12079
13847
12070
12072
12081
12171
12076
12172
12077
13850
12080
12173
12076
12077
12078
12103
12108
12076
12078
12104
12077
12078
13869
12105
13871
12106
12109
12080
13885
12081
12175
12197
12088
12093
12095
12097
12090
12093
12100
12101
12106
12086
12096
12107
12108
12087
12089
12110
12112
12114
12113
12092
12117
12121
12123
12223
12092
12124
12125
12128
12121
12129
12130
12234
12124
12132
12134
12169
12186
12198
12135
12137
12200
12094
12099
12121
12095
12098
12100
12111
12122
12096
12112
12123
12097
12098
12113
12099
12107
12099
12103
12108
12115
12106
12109
12102
12103
12129
12174
12102
12104
12130
12156
12105
12131
12155
12168
12105
12106
12170
12105
12106
12158
12159
12172
12109
12120
12109
12111
12116
12124
12169
12112
12115
12127
12174
12113
12128
12114
12115
12116
12117
12116
12170
12119
12173
12118
12119
12175
12122
12225
12123
12127
12129
12222
12128
12224
12126
12127
12135
12126
12200
12227
12198
12201
12226
12128
12132
12226
12227
12131
12132
12232
12131
12181
12233
12133
12180
12235
12133
12174
12236
12134
12168
12184
12237
12142
12183
12199
12205
12136
12186
12201
12137
12185
12202
12143
12147
12149
12151
12141
12144
12148
12154
12155
12157
12141
12145
12147
12148
12150
12152
12161
12164
12167
12187
12146
12161
12163
12164
12162
12168
12169
12171
12189
12176
12178
12229
12146
12177
12179
12180
12238
12146
12176
12177
12182
12203
12206
12208
12228
12230
12182
12184
12206
12148
12152
12176
12149
12150
12177
12153
12154
12178
12152
12153
12157
12152
12153
12160
12156
12160
12179
12156
12159
12163
12180
12158
12181
12159
12160
12164
12159
12160
12166
12162
12167
12182
12190
12163
12165
12183
12191
12166
12168
12184
12166
12167
12166
12167
12171
12194
12172
12195
12172
12174
12173
12174
12172
12173
12174
12172
12173
12197
12175
12197
12177
12230
12178
12228
12179
12231
12181
12240
12181
12184
12241
12239
12183
12208
12212
12184
12207
12213
12209
12186
12219
12205
12221
12188
12190
12193
12195
12203
12190
12192
12193
12204
12191
12197
12205
12191
12195
12212
12192
12194
12213
12196
12214
12195
12196
12195
12196
12197
12199
12221
12236
12207
12220
12237
12201
12202
12221
12204
12212
12215
12217
12212
12214
12215
12213
12219
12220
12208
12209
12238
12208
12209
12216
12217
12237
12241
12211
12215
12218
12213
12217
12214
12216
12218
12219
12217
12218
12217
12218
12220
12221
12224
12225
12226
12232
12224
12225
12227
12234
12227
12236
12230
12231
12238
12230
12231
12240
12234
12235
12236
12234
12235
12239
12237
12241
12237
12240
12241
12240
12241
12247
12248
12249
12245
12246
12248
12250
12252
12273
12245
12246
12249
12250
12251
12272
12270
12250
12251
12252
12321
12251
12252
12322
12250
12252
12250
12251
12323
12324
12276
12346
12347
12507
12563
12256
12260
12280
12282
12285
12291
12259
12260
12282
12297
12298
12301
12303
12345
12274
12280
12284
12285
12287
12288
12333
12363
12365
12420
12275
12287
12289
12364
12444
12274
12290
12292
12293
12263
12269
12296
12304
12305
12308
12310
12262
12263
12288
12342
12264
12298
12299
12300
12265
12289
12297
12299
12301
12302
12344
12265
12266
12291
12326
12305
12306
12307
12268
12304
12306
12308
12309
12327
12268
12269
12270
12293
12328
12269
12271
12311
12312
12317
12272
12311
12313
12314
12316
12329
12273
12294
12311
12314
12317
12272
12273
12273
12318
12319
12324
12318
12320
12321
12323
12318
12321
12324
12291
12292
12293
12325
12326
12328
12331
12381
12325
12327
12330
12393
12277
12279
12283
12511
12278
12284
12333
12346
12512
12279
12285
12333
12335
12348
12286
12340
12347
12281
12284
12292
12282
12283
12295
12286
12296
12284
12286
12285
12286
12342
12345
12288
12325
12365
12442
12289
12326
12363
12327
12366
12294
12295
12292
12293
12296
12295
12294
12296
12296
12301
12302
12303
12374
12301
12303
12305
12301
12302
12306
12302
12303
12375
12308
12379
12380
12308
12309
12310
12314
12308
12310
12308
12309
12309
12310
12315
12316
12317
12313
12314
12318
12313
12315
12319
12316
12320
12316
12317
12316
12317
12320
12321
12320
12322
12323
12323
12324
12323
12324
12326
12331
12382
12327
12328
12329
12329
12331
12330
12331
12396
12397
12350
12351
12352
12564
12346
12348
12356
12358
12360
12362
12431
12508
12565
12357
12358
12359
12471
12603
12339
12340
12341
12342
12356
12340
12341
12347
12349
12350
12354
12355
12569
12339
12341
12349
12351
12353
12355
12357
12570
12343
12368
12369
12370
12344
12361
12367
12369
12371
12372
12345
12367
12370
12371
12373
12348
12362
12573
12344
12345
12363
12375
12376
12377
12366
12374
12376
12378
12379
12374
12377
12378
12380
12348
12513
12591
12348
12590
12594
12353
12354
12355
12367
12354
12355
12597
12353
12355
12598
12353
12354
12368
12372
12373
12601
12360
12361
12362
12363
12361
12362
12606
12360
12362
12470
12602
12360
12361
12364
12469
12365
12467
12366
12608
12365
12366
12365
12366
12441
12439
12371
12372
12373
12372
12373
12371
12372
12376
12371
12373
12377
12378
12378
12379
12380
12379
12380
12378
12379
12378
12380
12382
12383
12392
12395
12397
12400
12401
12404
12420
12392
12393
12397
12442
12399
12401
12404
12385
12387
12388
12392
12400
12423
12390
12394
12406
12407
12410
12411
12424
12407
12408
12409
12425
12391
12402
12406
12408
12410
12412
12426
12390
12391
12395
12404
12414
12415
12416
12398
12413
12415
12417
12418
12405
12413
12416
12417
12419
12394
12395
12443
12394
12396
12444
12398
12445
12397
12398
12397
12398
12403
12405
12401
12402
12404
12449
12403
12450
12403
12405
12451
12452
12405
12410
12411
12412
12413
12410
12411
12454
12410
12412
12455
12411
12412
12414
12457
12418
12419
12417
12418
12419
12418
12419
12417
12418
12417
12419
12421
12422
12431
12439
12442
12443
12446
12449
12450
12427
12432
12439
12440
12443
12433
12446
12448
12450
12424
12426
12427
12443
12449
12429
12445
12453
12454
12457
12458
12454
12455
12456
12430
12451
12453
12455
12457
12459
12429
12430
12435
12446
12430
12436
12460
12461
12466
12437
12440
12460
12462
12463
12465
12438
12447
12460
12463
12466
12432
12433
12467
12470
12472
12474
12477
12478
12488
12574
12435
12467
12468
12472
12474
12476
12477
12496
12435
12472
12478
12577
12578
12580
12437
12438
12474
12438
12481
12482
12487
12468
12481
12483
12484
12486
12580
12475
12481
12484
12487
12578
12441
12442
12467
12441
12445
12468
12444
12469
12443
12444
12445
12445
12447
12449
12474
12448
12451
12475
12452
12476
12450
12451
12452
12452
12457
12458
12459
12463
12457
12458
12457
12459
12458
12459
12464
12465
12466
12462
12463
12481
12462
12464
12482
12465
12483
12465
12466
12465
12466
12469
12470
12469
12473
12471
12471
12472
12616
12473
12617
12473
12619
12580
12620
12475
12478
12476
12480
12479
12495
12478
12479
12494
12576
12480
12623
12480
12489
12624
12578
12625
12483
12484
12483
12485
12486
12486
12487
12630
12486
12487
12633
12635
12636
12490
12491
12494
12496
12497
12500
12508
12651
12494
12495
12498
12502
12491
12518
12659
12493
12660
12493
12498
12505
12500
12506
12496
12500
12501
12496
12499
12497
12499
12500
12499
12500
12503
12504
12502
12504
12576
12651
12652
12503
12624
12653
12504
12505
12655
12506
12651
12654
12506
12657
12656
12660
12511
12513
12515
12662
12512
12513
12514
12517
12518
12519
12663
12510
12515
12676
12517
12519
12678
12512
12516
12513
12514
12517
12665
12516
12517
12516
12517
12668
12670
12519
12672
12673
12526
12528
12553
12690
13648
12529
12531
12533
12691
12525
12537
12538
12539
12543
12692
12525
12528
12529
12530
12532
12535
12551
12693
12525
12530
12531
12532
12534
12537
12550
12694
12527
12548
12695
12527
12543
12554
12696
13645
12528
12543
12552
12697
12555
12698
12530
12535
12703
12531
12532
12704
12534
12705
12534
12535
12556
12534
12535
12557
12561
12562
12537
12538
12540
12710
12729
12542
12711
12541
12543
12712
12728
12541
12542
12543
12548
12605
12541
12542
12545
12604
12543
12544
12566
12550
12607
12552
12554
12565
12717
12724
13646
12545
12546
12575
12717
12728
12547
12618
12729
12547
12621
12717
12718
12755
12622
12730
12757
12550
12551
12552
12567
12557
12558
12559
12568
12556
12558
12560
12561
12571
12555
12556
12559
12560
12562
12572
12554
12555
12588
12554
12555
12589
13650
12592
13651
12593
12560
12561
12562
12561
12562
12560
12561
12611
12560
12562
12612
12613
12589
12590
12591
12662
12596
12597
12598
12566
12574
12588
12591
12592
12594
12602
12605
12608
12663
12575
12602
12604
12605
12571
12572
12573
12588
12605
12610
12611
12612
12572
12573
12590
12595
12597
12600
12601
12571
12573
12595
12598
12599
12601
12606
12607
12609
12611
12613
12614
12593
12609
12612
12613
12615
12594
12608
12575
12576
12616
12619
12621
12623
12626
12628
12651
12717
12616
12618
12621
12623
12624
12626
12581
12583
12584
12619
12623
12581
12630
12631
12634
12636
12582
12631
12632
12633
12583
12630
12632
12634
12635
12587
12625
12637
12638
12641
12643
12638
12639
12640
12586
12620
12637
12639
12641
12642
12586
12587
12621
12628
12755
12645
12646
12647
12756
12622
12644
12646
12648
12649
12757
12629
12644
12647
12648
12650
12758
12592
12593
12594
12592
12593
12664
12593
12594
12592
12594
12665
12666
12599
12600
12601
12609
12599
12600
12610
12600
12601
12599
12601
12614
12615
12603
12608
12616
12604
12606
12617
12607
12618
12607
12608
12607
12608
12613
12614
12615
12614
12615
12613
12614
12613
12615
12617
12619
12618
12620
12622
12620
12621
12622
12622
12625
12628
12625
12627
12629
12627
12628
12652
12759
12629
12653
12760
12629
12761
12762
12634
12635
12636
12634
12636
12638
12634
12635
12639
12635
12636
12641
12641
12642
12643
12644
12641
12643
12641
12642
12642
12643
12645
12649
12650
12648
12649
12650
12649
12650
12648
12649
12765
12648
12650
12766
12767
12652
12654
12658
12659
12660
12661
12663
13190
12653
12654
13195
12655
13196
12655
12656
13197
12657
13198
12657
12658
13203
13205
12660
12661
13200
12660
12661
12672
12674
13201
12664
12665
12668
12665
12666
12667
12670
12671
12672
12673
12674
13646
12666
12669
13650
12666
12670
12667
13651
12669
12670
12675
13652
12669
12670
12676
12677
13653
12678
12673
12674
12675
13662
12673
12674
12678
13664
12677
12678
13658
12677
12678
13660
12681
12682
12695
12699
12713
12804
12684
12685
12686
12805
12683
12685
12687
12688
12694
12716
12806
12683
12686
12687
12689
12693
12701
12807
12687
12688
12689
12706
12688
12689
12707
12687
12688
12936
12687
12689
12937
12938
12708
12709
12696
12698
12700
13573
12703
12705
12707
12695
12711
12712
12713
12724
12695
12698
12703
12704
12706
12709
12695
12704
12705
12706
12708
12711
12697
12697
12702
12724
13570
12698
12699
12724
12701
12701
12702
12724
12874
12701
12702
12875
13576
12876
12724
12877
13575
12704
12709
12705
12706
12708
12708
12709
12708
12709
12711
12712
12714
12742
12716
12715
12724
12741
12715
12716
12724
12881
12715
12716
12746
12882
12724
12744
12883
12884
12718
12719
12725
12728
12731
12759
12761
13190
12723
12726
12728
12730
12727
12731
12732
12759
13191
12734
12736
12738
13033
12723
12730
12734
12735
12737
12739
12757
13043
12723
12733
12735
12736
12737
12740
12758
13044
12731
12755
13047
12725
12778
13571
12726
12727
12741
12744
12745
12748
12751
12753
13029
13120
12741
12743
12745
13047
12748
12749
12751
13121
12729
12741
12730
12742
12743
12733
12748
12761
12733
12749
12760
13192
12750
12762
12735
12739
13069
12736
12737
13070
12740
13071
12739
12740
12763
12739
12740
12764
12768
12769
12742
12744
12743
12746
12747
13043
12745
12746
13030
12747
13041
13049
12747
13052
13045
13054
12750
12753
13047
12750
12752
13122
12754
13044
12752
12753
13031
13125
12754
13056
13126
12754
13041
13058
13046
13061
12757
12758
12761
12764
12765
12766
12763
12765
12767
12768
12762
12763
12766
12767
12769
12760
12761
13195
12762
13196
12762
12767
12768
12769
12768
12769
12767
12768
12767
12769
12844
12845
12846
12809
12850
12852
12854
12776
12857
12859
12861
13624
12777
12794
12800
12857
12913
12914
12917
12919
12775
12778
12812
12858
12859
12860
12862
12864
12867
12869
13094
13095
13096
13099
13587
12779
12813
12864
12865
12867
12871
12873
12875
13557
12801
12807
12871
12927
12928
12931
12933
12779
12872
12873
12874
12877
12879
12881
12883
13029
13554
12878
12879
12883
13050
12784
12785
12786
12787
12797
13091
12886
12887
12888
13101
12788
12893
12894
12895
12798
12900
12901
12902
12791
12799
12892
12894
12896
12897
12899
12901
12903
12904
12800
12885
12887
12889
12890
12899
12902
12903
12905
13104
12792
12885
12888
12889
12891
12892
12895
12896
12898
13105
12791
12792
12793
12869
13096
12907
12908
12909
12792
12793
12817
12850
12851
12853
12856
13097
12791
12793
12819
12851
12852
12853
12855
12866
12870
12906
12908
12910
12911
12906
12909
12910
12912
13098
12822
12864
13099
12796
12797
12801
12858
12867
12802
12914
12915
12916
12799
12803
12868
12913
12915
12917
12918
12799
12800
12860
12869
12921
12922
12923
12870
12920
12922
12924
12925
12863
12920
12923
12924
12926
12803
12804
12872
12879
12928
12929
12930
12806
12880
12927
12929
12931
12932
12806
12807
12874
12881
12935
12936
12937
12884
12934
12936
12938
12939
12876
12934
12937
12938
12940
12812
12822
12941
12942
12944
13099
12946
12948
12950
12954
12955
12956
13216
12961
12962
12963
12813
12814
12941
12944
12967
12970
12972
12975
12978
13029
13139
13140
13142
12967
12968
12972
13050
12974
12978
13055
13140
13155
12981
12982
12983
13032
12820
12821
12822
12829
12944
12970
12821
12822
12942
12946
12947
12949
12952
12830
12988
12989
12990
12820
12822
12947
12948
12949
12951
12969
12833
12973
12987
12989
12991
12992
12835
12945
12987
12990
12991
12993
12967
12827
12828
12829
12944
12975
13137
12828
12953
12954
12958
12959
13137
13138
13217
12831
12995
12996
12997
12827
12953
12956
12957
12959
12976
13137
13219
12834
12979
12994
12996
12998
12999
12835
12945
12994
12997
12998
13000
12833
12834
12835
12836
13002
13003
13004
13009
13010
13011
12837
13016
13017
13018
12841
13001
13003
13005
13006
13015
13017
13019
13020
12842
13008
13010
13012
13013
13015
13018
13019
13021
13001
13004
13005
13007
13008
13011
13012
13014
12840
12841
12842
12970
12975
13023
13024
13025
12840
12841
12971
12980
12982
12984
12985
13035
12840
12842
12977
12980
12983
12984
12986
13036
12972
12978
13038
12973
13022
13024
13026
13027
12979
13022
13025
13026
13028
12847
12848
12849
12885
12892
12899
12848
12849
12886
12847
12849
12893
12847
12848
12900
12897
12904
12890
12905
12891
12898
12851
12856
12946
12852
12853
12947
12855
12948
12855
12856
12906
12855
12856
12907
12911
12912
12858
12863
12871
12859
12860
12872
12862
12873
13625
12862
12863
13091
12862
12863
13103
13621
13092
13585
13104
12866
12869
12967
12866
12868
12878
12968
12870
12969
12868
12869
12879
12870
12880
12870
12872
12876
12873
12874
12877
13558
12876
12877
12876
12877
13559
13553
12880
12882
13048
12880
12881
12884
12883
12884
12883
12884
13052
13030
12889
12890
12891
12890
12891
12889
12890
13115
12889
12891
13116
13117
12896
12897
12898
12897
12898
12896
12897
12908
12896
12898
12909
12910
12903
12904
12905
12904
12905
12903
12904
12922
12903
12905
12923
12924
12910
12911
12912
12911
12912
12910
12911
12910
12912
12917
12918
12919
12920
12917
12919
12928
12917
12918
12929
12918
12919
12921
12931
12925
12926
12924
12925
12926
12925
12926
12924
12925
12924
12926
12931
12932
12933
12934
12931
12933
12931
12932
12932
12933
12935
12939
12940
12938
12939
12940
12939
12940
12938
12939
12938
12940
12943
13095
13139
13149
12943
12945
13097
13090
13138
13141
12945
13139
13138
12947
12952
12948
12949
12951
12951
12952
12987
12951
12952
12988
12992
12993
12957
12958
12959
12994
12958
12959
13223
12957
12958
12995
12957
12959
13225
12999
13000
13228
12964
12965
12966
13001
13008
13015
12964
12966
13002
12965
12966
13009
12964
12965
13016
13006
13020
13013
13021
13007
13014
12969
12970
12969
12971
13048
12973
12972
12973
12972
12973
13051
13053
12976
12977
13057
13143
12978
12979
13140
12979
13140
13154
12978
12979
13059
13060
12984
12985
12986
13022
12985
12986
13023
12984
12985
13063
12984
12986
13064
13066
13027
13028
12991
12992
12993
12992
12993
12991
12992
13003
12991
12993
13004
13005
12998
12999
13000
12999
13000
12998
12999
13010
12998
13000
13011
13012
13005
13006
13007
13006
13007
13005
13006
13005
13007
13012
13013
13014
13013
13014
13012
13013
13012
13014
13019
13020
13021
13020
13021
13019
13020
13024
13019
13021
13025
13026
13026
13027
13028
13027
13028
13026
13027
13026
13028
13030
13031
13049
13050
13053
13055
13058
13060
13160
13049
13050
13052
13055
13056
13058
13161
13063
13064
13065
13069
13071
13073
13038
13039
13040
13041
13049
13058
13038
13039
13051
13062
13063
13066
13067
13038
13040
13059
13062
13064
13066
13068
13042
13077
13078
13079
13053
13060
13045
13054
13076
13078
13080
13081
13046
13061
13076
13079
13080
13082
13045
13046
13047
13084
13085
13086
13045
13047
13069
13070
13072
13074
13046
13047
13070
13071
13072
13075
13083
13085
13087
13088
13083
13086
13087
13089
13050
13051
13052
13053
13054
13053
13053
13054
13054
13057
13060
13162
13057
13061
13163
13059
13164
13060
13061
13060
13061
13066
13067
13068
13076
13066
13067
13066
13068
13067
13068
13077
13081
13082
13070
13074
13071
13072
13075
13074
13075
13083
13074
13075
13084
13088
13089
13080
13081
13082
13081
13082
13080
13081
13085
13080
13082
13086
13087
13087
13088
13089
13088
13089
13087
13088
13087
13089
13093
13095
13097
13584
13092
13096
13104
13105
13094
13102
13103
13596
13094
13098
13102
13610
13095
13096
13611
13099
13612
13098
13099
13098
13099
13105
13106
13108
13110
13583
13114
13115
13116
13105
13107
13108
13109
13112
13594
13104
13106
13107
13109
13111
13595
13113
13115
13117
13118
13113
13116
13117
13119
13107
13111
13599
13108
13109
13600
13112
13601
13111
13112
13113
13111
13112
13114
13118
13119
13117
13118
13119
13118
13119
13117
13118
13117
13119
13121
13123
13125
13127
13129
13130
13131
13132
13160
13190
13571
13122
13123
13125
13191
13124
13126
13192
13124
13127
13136
13193
13128
13134
13194
13126
13127
13161
13128
13163
13128
13133
13167
13135
13168
13130
13132
13199
13656
13131
13181
13582
13132
13133
13180
13136
13202
13135
13136
13184
13135
13136
13204
13185
13206
13139
13140
13145
13139
13148
13152
13158
13147
13148
13149
13584
13146
13149
13150
13152
13153
13155
13158
13159
13160
13172
13173
13188
13189
13587
13154
13155
13156
13164
13145
13146
13153
13169
13220
13221
13152
13158
13217
13219
13150
13151
13152
13170
13150
13151
13186
13614
13151
13152
13217
13150
13152
13612
13187
13615
13171
13221
13157
13158
13159
13174
13157
13158
13219
13158
13159
13162
13157
13159
13165
13175
13176
13220
13166
13177
13161
13162
13166
13167
13178
13179
13180
13181
13554
13162
13163
13167
13164
13166
13164
13168
13165
13166
13168
13182
13167
13183
13168
13184
13185
13170
13174
13261
13456
13457
13171
13172
13187
13284
13186
13283
13457
13173
13174
13189
13240
13177
13179
13188
13285
13176
13177
13241
13176
13177
13182
13287
13286
13456
13183
13288
13179
13181
13188
13215
13567
13180
13183
13409
13181
13184
13569
13183
13185
13411
13184
13410
13185
13187
13474
13607
13189
13487
13608
13189
13524
13628
13488
13630
13191
13193
13195
13197
13199
13200
13201
13202
13646
13192
13193
13195
13194
13196
13194
13197
13206
13198
13204
13196
13197
13198
13198
13203
13205
13201
13202
13663
13201
13202
13203
13664
13206
13205
13206
13205
13206
13208
13210
13212
13215
13525
13723
13209
13214
13526
13547
13724
13210
13213
13387
13527
13548
13211
13215
13399
13528
13212
13213
13215
13404
13214
13215
13725
13214
13405
13550
13551
13729
13409
13524
13740
13223
13224
13225
13221
13222
13223
13227
13228
13230
13231
13232
13455
13220
13222
13225
13226
13228
13229
13231
13233
13234
13456
13229
13232
13233
13235
13457
13226
13227
13228
13229
13227
13228
13226
13227
13230
13226
13228
13234
13235
13233
13234
13235
13234
13235
13233
13234
13467
13233
13235
13468
13469
13239
13242
13263
13264
13265
13238
13240
13243
13270
13271
13272
13241
13250
13277
13278
13279
13261
13263
13264
13267
13283
13457
13458
13459
13462
13464
13241
13270
13271
13275
13284
13285
13488
13261
13277
13278
13282
13286
13288
13283
13290
13291
13292
13250
13284
13297
13298
13299
13253
13257
13304
13305
13306
13256
13311
13312
13313
13253
13318
13319
13320
13254
13325
13326
13327
13255
13317
13319
13322
13323
13324
13326
13328
13329
13256
13332
13333
13334
13261
13339
13340
13341
13346
13347
13348
13453
13255
13258
13338
13340
13343
13344
13345
13347
13349
13350
13454
13259
13353
13354
13355
13360
13361
13362
13260
13352
13354
13357
13358
13359
13361
13363
13364
13367
13368
13369
13259
13374
13375
13376
13260
13276
13277
13280
13282
13286
13395
13381
13382
13383
13380
13383
13384
13386
13398
13284
13339
13340
13344
13454
13266
13267
13268
13338
13345
13366
13266
13267
13291
13339
13267
13268
13346
13266
13268
13292
13367
13293
13342
13370
13344
13349
13351
13372
13273
13274
13275
13373
13429
13510
13273
13275
13298
13511
13274
13275
13278
13430
13273
13274
13279
13299
13374
13301
13377
13514
13281
13379
13431
13432
13515
13280
13281
13282
13380
13441
13280
13282
13340
13281
13282
13442
13280
13281
13341
13381
13343
13384
13385
13444
13445
13284
13290
13291
13294
13474
13297
13298
13302
13487
13288
13409
13426
13428
13430
13432
13524
13287
13454
13288
13395
13411
13410
13439
13440
13442
13445
13293
13294
13295
13296
13310
13480
13294
13295
13481
13293
13294
13297
13293
13295
13311
13300
13315
13302
13484
13316
13485
13300
13301
13302
13303
13489
13300
13302
13339
13301
13302
13491
13300
13301
13304
13341
13308
13342
13309
13493
13494
13307
13308
13309
13310
13504
13308
13309
13353
13374
13307
13309
13376
13506
13307
13308
13312
13355
13314
13507
13315
13356
13377
13508
13314
13315
13316
13497
13315
13316
13367
13314
13315
13368
13314
13316
13499
13500
13370
13501
13321
13322
13323
13331
13321
13323
13322
13323
13354
13321
13322
13332
13355
13335
13336
13357
13328
13329
13330
13331
13329
13330
13328
13329
13361
13328
13330
13334
13362
13336
13363
13337
13335
13336
13337
13335
13336
13368
13335
13337
13336
13337
13369
13371
13342
13343
13344
13352
13342
13344
13343
13344
13342
13343
13353
13356
13358
13349
13350
13351
13359
13349
13351
13459
13349
13350
13460
13350
13351
13360
13462
13364
13365
13356
13357
13358
13366
13356
13358
13381
13357
13358
13383
13356
13357
13368
13370
13371
13384
13363
13364
13365
13366
13364
13365
13363
13364
13363
13365
13369
13371
13372
13370
13371
13372
13370
13372
13370
13371
13371
13372
13377
13378
13379
13435
13518
13377
13379
13381
13378
13379
13382
13436
13377
13378
13520
13521
13437
13522
13385
13438
13384
13385
13386
13448
13384
13385
13385
13386
13449
13384
13386
13451
13452
13393
13399
13402
13405
13542
13391
13394
13406
13408
13541
13392
13395
13411
13415
13416
13417
13418
13400
13410
13412
13414
13416
13397
13419
13421
13423
13398
13419
13420
13424
13425
13426
13427
13429
13433
13527
13397
13434
13436
13545
13398
13440
13441
13443
13445
13413
13427
13439
13443
13444
13447
13446
13447
13449
13446
13448
13450
13452
13403
13404
13409
13426
13401
13403
13404
13409
13402
13405
13407
13412
13403
13408
13413
13427
13409
13414
13428
13405
13409
13544
13407
13421
13543
13408
13422
13544
13423
13434
13542
13410
13411
13414
13415
13416
13413
13417
13422
13414
13418
13423
13415
13439
13416
13418
13440
13417
13418
13424
13425
13443
13420
13425
13446
13421
13424
13422
13423
13424
13425
13447
13425
13450
13428
13432
13528
13428
13431
13434
13430
13439
13431
13432
13435
13531
13431
13432
13442
13438
13444
13532
13434
13435
13534
13542
13545
13438
13447
13437
13438
13537
13437
13438
13449
13472
13545
13451
13440
13442
13443
13445
13443
13444
13445
13448
13444
13445
13450
13451
13450
13452
13450
13451
13450
13451
13452
13451
13452
13459
13460
13461
13456
13458
13460
13462
13463
13466
13467
13468
13465
13467
13469
13470
13465
13468
13469
13471
13462
13463
13464
13465
13462
13464
13462
13463
13463
13464
13466
13470
13471
13469
13470
13471
13470
13471
13469
13470
13469
13471
13522
13536
13537
13539
13474
13481
13482
13483
13753
13481
13482
13484
13487
13786
13478
13487
13490
13491
13492
13754
13496
13500
13502
13503
13854
13479
13503
13505
13506
13757
13488
13511
13512
13513
13759
13517
13519
13520
13760
13484
13485
13486
13489
13497
13484
13485
13484
13486
13490
13833
13485
13486
13498
13834
13494
13501
13495
13502
13837
13488
13490
13491
13494
13787
13511
13512
13515
13524
13788
13493
13494
13495
13504
13494
13495
13840
13493
13494
13511
13493
13495
13505
13513
13841
13508
13514
13509
13844
13498
13499
13756
13500
13501
13502
13504
13501
13502
13853
13500
13501
13507
13509
13858
13507
13509
13862
13507
13508
13509
13508
13509
13519
13860
13507
13508
13520
13521
13865
13514
13515
13516
13518
13531
13514
13515
13515
13516
13529
13878
13514
13516
13519
13880
13521
13532
13523
13530
13883
13522
13523
13536
13891
13521
13522
13523
13537
13521
13523
13889
13521
13522
13535
13894
13525
13528
13529
13532
13919
13526
13528
13529
13962
13527
13530
13533
13963
13528
13531
13534
13532
13530
13532
13964
13531
13535
13965
13532
13537
13534
13535
13547
13552
13970
13537
13539
13548
13536
13537
13971
13552
13972
13539
13540
13541
13546
13548
13545
13552
13543
13549
13550
13542
13543
13545
13544
13548
13544
13550
13547
13549
13552
13976
13548
13551
13978
13550
13551
13981
13551
13984
13977
13554
13558
13559
13560
13575
13556
13558
13560
13566
13567
13568
13569
13571
13587
13556
13557
13561
13562
13622
13558
13560
13563
13623
13558
13559
13624
13625
13561
13576
13561
13564
13577
13565
13578
13563
13565
13617
13675
13564
13566
13618
13719
13565
13568
13579
13720
13580
13721
13567
13568
13586
13676
13569
13628
13740
13569
13581
13722
13582
13739
13571
13572
13573
13575
13645
13572
13575
13577
13581
13582
13646
13656
13657
13574
13577
13647
13655
13574
13576
13648
13578
13649
13654
13576
13577
13578
13578
13579
13580
13580
13581
13655
13654
13582
13657
13656
13599
13601
13603
13610
13612
13614
13587
13596
13621
13625
13626
13587
13618
13628
13629
13918
13611
13612
13613
13615
13623
13625
13626
13628
13629
13630
13590
13591
13592
13606
13619
13762
13593
13632
13633
13634
13597
13620
13631
13633
13635
13636
13763
13598
13609
13631
13634
13635
13637
13761
13596
13597
13598
13613
13626
13639
13640
13641
13596
13598
13600
13601
13602
13605
13610
13596
13597
13599
13600
13602
13604
13621
13611
13627
13638
13640
13642
13643
13616
13638
13641
13642
13644
13600
13604
13601
13602
13605
13604
13605
13638
13604
13605
13639
13643
13644
13608
13609
13613
13629
13785
13608
13609
13614
13786
13615
13630
13787
13616
13744
13611
13616
13612
13613
13615
13615
13616
13615
13616
13618
13620
13622
13897
13619
13623
13915
13620
13626
13629
13916
13627
13917
13624
13627
13623
13624
13627
13625
13626
13625
13627
13630
13919
13630
13920
13788
13635
13636
13637
13778
13636
13637
13781
13635
13636
13640
13635
13637
13641
13642
13783
13784
13642
13643
13644
13643
13644
13642
13643
13642
13644
13646
13647
13648
13651
13647
13651
13652
13662
13663
13664
13665
13649
13652
13661
13649
13650
13653
13659
13651
13653
13652
13653
13658
13660
13655
13659
13657
13661
13657
13663
13665
13660
13661
13662
13660
13661
13665
13664
13665
13664
13665
13667
13668
13669
13675
13677
13680
13683
13895
13684
13686
13688
13690
13902
13677
13678
13683
13719
13922
13671
13693
13694
13697
13721
13673
13685
13686
13687
13904
13677
13691
13693
13694
13720
13676
13678
13698
13700
13702
13896
13706
13707
13708
13907
13691
13698
13712
13714
13717
13722
13719
13721
13897
13698
13699
13700
13719
13722
13740
13918
13679
13680
13719
13679
13681
13719
13898
13682
13691
13698
13719
13682
13683
13684
13694
13682
13683
13687
13702
13924
13689
13696
13703
13690
13927
13688
13689
13690
13688
13689
13706
13688
13690
13945
13689
13690
13707
13943
13709
13948
13692
13696
13720
13693
13695
13712
13720
13697
13720
13696
13697
13696
13697
13716
13717
13699
13703
13700
13701
13714
13730
13704
13726
13909
13703
13704
13705
13715
13728
13703
13704
13707
13911
13709
13717
13711
13727
13914
13709
13710
13711
13982
13709
13710
13709
13711
13956
13710
13711
13958
13980
13983
13961
13979
13713
13716
13722
13714
13718
13722
13732
13715
13722
13733
13717
13718
13735
13717
13718
13737
13720
13915
13721
13722
13739
13724
13725
13726
13740
13962
13727
13729
13963
13978
13729
13730
13734
13740
13727
13730
13740
13966
13728
13967
13979
13729
13730
13735
13982
13738
13984
13733
13740
13732
13734
13736
13739
13733
13737
13739
13734
13735
13739
13738
13739
13737
13738
13737
13738
13740
13919
13743
13765
13766
13767
13744
13745
13772
13773
13774
13779
13780
13781
13761
13772
13773
13776
13785
13786
13761
13790
13791
13792
13752
13762
13797
13798
13799
13899
13750
13763
13764
13766
13768
13769
13796
13798
13801
13802
13900
13755
13804
13805
13806
13901
13811
13812
13813
13803
13805
13807
13809
13810
13812
13814
13815
13903
13758
13818
13819
13820
13785
13825
13826
13827
13905
13786
13832
13833
13834
13759
13787
13839
13840
13841
13846
13847
13848
13906
13853
13854
13855
13760
13860
13861
13862
13867
13868
13869
13788
13878
13879
13880
13889
13890
13891
13762
13778
13779
13782
13784
13790
13791
13794
13763
13785
13797
13798
13802
13916
13778
13780
13782
13783
13917
13768
13769
13770
13789
13810
13768
13770
13779
13790
13768
13769
13780
13769
13770
13811
13782
13794
13815
13795
13816
13775
13776
13777
13824
13831
13866
13775
13776
13791
13825
13776
13777
13832
13775
13777
13792
13867
13793
13828
13870
13830
13835
13836
13872
13782
13783
13784
13782
13784
13782
13783
13783
13784
13787
13825
13826
13830
13920
13787
13832
13833
13835
13788
13839
13840
13843
13878
13879
13882
13919
13920
13793
13794
13795
13796
13817
13794
13795
13793
13794
13797
13793
13795
13818
13800
13822
13802
13823
13800
13801
13802
13803
13800
13802
13825
13801
13802
13930
13800
13801
13804
13827
13931
13808
13828
13809
13932
13807
13808
13809
13817
13808
13809
13846
13936
13807
13809
13937
13807
13808
13819
13848
13821
13822
13849
13939
13814
13815
13816
13817
13815
13816
13814
13815
13814
13816
13820
13821
13823
13821
13822
13823
13822
13823
13867
13821
13822
13868
13821
13823
13870
13828
13829
13830
13838
13845
13828
13830
13829
13830
13839
13874
13828
13829
13846
13950
13849
13842
13851
13875
13843
13835
13836
13837
13838
13852
13835
13836
13835
13837
13840
13836
13837
13853
13843
13857
13844
13858
13842
13843
13844
13859
13842
13843
13879
13843
13844
13842
13844
13860
13880
13864
13881
13865
13849
13850
13851
13859
13866
13849
13851
13952
13850
13851
13861
13885
13849
13850
13868
13870
13863
13871
13864
13886
13856
13857
13858
13859
13866
13857
13858
13856
13858
13862
13856
13857
13869
13863
13871
13872
13865
13863
13864
13865
13864
13865
13889
13863
13864
13890
13863
13865
13892
13870
13871
13872
13870
13872
13870
13871
13871
13872
13875
13876
13877
13884
13908
13951
13875
13876
13879
13905
13920
13881
13886
13950
13882
13913
13920
13949
13881
13882
13883
13888
13968
13882
13883
13964
13881
13882
13881
13883
13889
13892
13969
13894
13965
13886
13887
13888
13954
13955
13886
13887
13890
13906
13892
13952
13893
13953
13960
13892
13893
13894
13974
13892
13894
13892
13893
13893
13894
13972
13975
13971
13897
13900
13902
13921
13922
13926
13927
13898
13909
13910
13911
13918
13915
13917
13915
13922
13923
13924
13905
13916
13929
13930
13931
13903
13917
13928
13930
13932
13934
13906
13936
13937
13938
13903
13942
13945
13946
13948
13935
13937
13939
13940
13907
13943
13944
13945
13920
13949
13950
13952
13953
13956
13957
13958
13912
13913
13914
13955
13968
13913
13914
13918
13966
13912
13913
13918
13923
13949
13912
13914
13924
13956
13925
13951
13959
13918
13969
13961
13967
13916
13918
13922
13923
13926
13917
13920
13929
13930
13934
13919
13920
13962
13964
13966
13969
13949
13925
13926
13927
13928
13942
13926
13927
13925
13926
13929
13925
13927
13943
13933
13947
13934
13948
13932
13933
13934
13935
13933
13934
13949
13932
13934
13932
13933
13936
13950
13939
13941
13951
13939
13940
13941
13942
13939
13941
13952
13939
13940
13940
13941
13944
13953
13946
13947
13954
13946
13947
13948
13947
13948
13956
13946
13947
13957
13946
13948
13959
13951
13951
13952
13954
13954
13954
13957
13959
13959
13960
13961
13974
13959
13961
13959
13960
13960
13961
13985
13975
13973
13963
13964
13966
13965
13967
13970
13965
13969
13968
13971
13967
13969
13968
13973
13969
13974
13971
13973
13977
13978
13972
13974
13975
13977
13974
13979
13985
13975
13985
13977
13978
13980
13981
13985
13979
13984
13980
13982
13983
13985
13983
13984
13983
13984
)


// ************************************************************************* //
