/*--------------------------------*- C++ -*----------------------------------*\
| =========                 |                                                 |
| \\      /  F ield         | OpenFOAM: The Open Source CFD Toolbox           |
|  \\    /   O peration     | Version:  dev                                   |
|   \\  /    A nd           | Web:      www.OpenFOAM.org                      |
|    \\/     M anipulation  |                                                 |
\*---------------------------------------------------------------------------*/
FoamFile
{
    version     2.0;
    format      ascii;
    class       vectorField;
    location    "constant/polyMesh";
    object      points;
}
// * * * * * * * * * * * * * * * * * * * * * * * * * * * * * * * * * * * * * //


18152
(
(9.19062 3 0.9175)
(9.19063 2.59884 0.91734)
(8.9716 2.59274 0.917441)
(8.75259 2.59884 0.917486)
(8.75249 3 0.9175)
(9.19062 2.4 0.917437)
(8.97158 2.4 0.917478)
(9.19063 2.20454 0.91727)
(8.9716 2.20454 0.917422)
(9.19079 1.8 0.917217)
(9.19069 1.6311 0.917141)
(8.97165 1.63109 0.917378)
(8.97168 1.8 0.917471)
(8.97164 1.99545 0.9174)
(9.19067 1.99545 0.917171)
(8.7526 1.49987 0.917414)
(8.75266 1.63108 0.917412)
(8.97166 1.5 0.917329)
(9.40956 1.99545 0.916647)
(9.40932 1.8 0.916538)
(9.40958 1.63113 0.916615)
(9.19068 1.50001 0.917113)
(9.40969 1.50013 0.916677)
(9.40976 1.50002 1.12528)
(9.19068 1.5 1.12582)
(8.97175 1.3689 0.917339)
(8.75264 1.36884 0.917485)
(9.19069 1.36891 1.12588)
(9.1907 1.36891 0.917181)
(10.944 2.22344 0.908142)
(10.5052 2.20654 0.903245)
(10.434 2.4 0.9)
(10.505 2.60294 0.906716)
(10.9434 2.62406 0.913465)
(9.62875 3 0.9175)
(9.62871 2.59884 0.916438)
(9.40964 2.59274 0.916911)
(10.286 2.59384 0.908579)
(10.0669 2.59904 0.912705)
(10.0669 3 0.9175)
(10.505 3 0.9175)
(9.84776 2.59279 0.914726)
(10.4628 1.8 0.9)
(10.9446 1.83392 0.904879)
(10.9451 1.5 0.906276)
(10.5057 1.49999 0.904803)
(10.5053 1.6313 0.903041)
(10.5051 1.99587 0.902661)
(10.2859 2.4 0.908127)
(10.0669 2.4 0.911772)
(10.2861 2.20494 0.907595)
(10.067 2.20462 0.911496)
(10.9431 3 0.9175)
(9.62872 2.20454 0.916111)
(9.62878 1.99544 0.915853)
(9.40963 2.20453 0.916812)
(9.6288 1.8 0.915859)
(9.6288 1.63112 0.915799)
(10.0675 1.8 0.912431)
(10.2866 1.8 0.9082)
(10.2865 1.63114 0.907739)
(10.0674 1.63113 0.911701)
(10.2865 1.4999 0.90796)
(10.0673 1.5001 0.911469)
(10.0673 1.99549 0.911674)
(10.2863 1.99559 0.907586)
(9.84784 1.8 0.914882)
(9.84794 1.99544 0.914405)
(9.84781 2.20456 0.914424)
(9.848 1.63111 0.914365)
(9.84803 1.50005 0.914111)
(9.40959 2.4 0.916902)
(9.62869 2.4 0.916655)
(9.84771 2.4 0.914975)
(9.62872 1.49993 0.915762)
(12.2629 1.5 2.16986)
(12.2618 1.5 1.33306)
(12.2599 2.25808 1.3342)
(12.2598 2.25839 1.75206)
(12.2601 2.25809 2.16998)
(12.2583 3 2.17)
(12.2589 2.63823 2.17)
(12.2589 2.63826 1.75235)
(12.2583 3 1.7525)
(12.2583 3 1.335)
(12.2589 2.63823 1.33476)
(11.3865 1.5 1.32609)
(11.3861 1.85656 1.32511)
(11.3832 2.24333 1.32927)
(11.821 2.25431 1.33311)
(11.3836 1.85656 0.909332)
(11.3825 2.24333 0.913055)
(11.3839 1.5 0.909208)
(11.3817 2.63316 0.916015)
(11.3817 2.63316 1.33296)
(11.3813 3 0.9175)
(11.3813 3 1.335)
(11.8201 2.63685 1.33434)
(11.8196 3 1.335)
(9.19063 0.795465 0.917286)
(9.40967 0.79546 0.916925)
(9.40968 0.6 0.917111)
(9.19059 0.6 0.917405)
(8.75384 0.401165 0.917527)
(8.97186 0.407265 0.917463)
(9.19091 0.401163 0.91734)
(9.19204 1.09681e-16 0.9175)
(8.75878 1.09681e-16 0.9175)
(8.97148 0.6 0.917551)
(8.97158 0.795466 0.917442)
(9.40968 0.40726 0.916976)
(9.62848 0.401155 0.916329)
(9.62759 1.09681e-16 0.9175)
(9.19068 1.00455 0.917218)
(9.40967 1.00456 0.917013)
(8.97174 1.00456 0.917364)
(9.62865 0.795477 0.916049)
(9.62868 0.6 0.916367)
(8.7526 0.795479 0.917521)
(8.75254 0.6 0.91761)
(9.62811 1.00455 0.916139)
(9.19067 1.2 0.91719)
(9.40981 1.2 0.917328)
(9.62665 1.2 0.91649)
(8.75265 1.00456 0.91751)
(8.97193 1.2 0.917301)
(8.75276 1.2 0.917645)
(9.40969 1.36892 0.916965)
(9.4098 1.36892 1.12545)
(9.62816 1.36885 0.916081)
(10.5038 0.397061 0.906641)
(10.434 0.6 0.9)
(10.505 0.793456 0.903181)
(10.9432 0.776563 0.908112)
(10.9412 0.375943 0.91344)
(10.0638 1.09682e-16 0.9175)
(10.0662 0.400957 0.912631)
(10.2855 0.406163 0.908228)
(10.5 1.09681e-16 0.9175)
(10.9444 1.16608 0.904873)
(10.4628 1.2 0.9)
(10.5053 1.36869 0.903052)
(10.0669 0.795378 0.911426)
(10.286 0.795059 0.907294)
(10.2859 0.6 0.907322)
(10.0668 0.6 0.911843)
(10.0672 1.00451 0.911589)
(10.2863 1.00441 0.907524)
(10.9399 -5.61807e-17 0.9175)
(10.5051 1.00413 0.90265)
(10.2867 1.2 0.908022)
(10.2865 1.36882 0.907723)
(10.0674 1.2 0.912116)
(10.0673 1.36891 0.911651)
(9.84782 0.795445 0.914307)
(9.84791 0.6 0.914702)
(9.84763 0.407213 0.914578)
(9.84782 1.00455 0.914403)
(9.84784 1.2 0.914795)
(9.8479 1.36891 0.914375)
(12.2597 0.741915 2.16997)
(12.2593 0.741613 2.58783)
(12.2584 0.36174 2.58763)
(12.2585 0.361767 2.17)
(12.2579 -1.32876e-16 2.17)
(12.2579 -1.58443e-16 2.58751)
(12.2594 0.741612 1.75206)
(12.2595 0.741916 1.3342)
(12.2585 0.36174 1.75235)
(12.2579 -1.07309e-16 1.7525)
(12.2579 -8.17421e-17 1.335)
(12.2585 0.361767 1.33476)
(11.8202 0.745696 1.33311)
(11.3823 0.756675 1.32926)
(11.3858 1.14344 1.32511)
(11.3815 0.756668 0.913044)
(11.3832 1.14344 0.909327)
(11.3801 0.366843 0.916009)
(11.3801 0.366844 1.33295)
(11.3795 -5.61807e-17 0.9175)
(11.3795 -8.1745e-17 1.335)
(11.8187 -8.17455e-17 1.335)
(11.8191 0.363148 1.33434)
(7.90939 8.41138e-17 0.5)
(7.88671 0.401148 0.499881)
(7.88353 0.40713 0.708667)
(7.88677 0.401165 0.917536)
(7.91017 1.09681e-16 0.9175)
(7.88003 0.79538 0.499859)
(7.88007 0.795383 0.70846)
(7.88038 0.6 0.70861)
(7.88029 0.6 0.499751)
(7.87722 1.0045 0.499951)
(7.87731 1.0045 0.707817)
(7.88002 0.795372 0.917173)
(7.8802 0.6 0.917714)
(7.87742 1.00451 0.915858)
(7.87634 1.2 0.915414)
(7.87618 1.2 0.70754)
(7.87672 1.50009 0.915722)
(7.87653 1.36892 0.915546)
(7.87634 1.3689 0.707632)
(7.87643 1.50001 0.707681)
(7.87628 1.50013 0.49985)
(7.87622 1.36893 0.499933)
(8.33052 1.09682e-16 0.9175)
(8.31829 0.40117 0.917523)
(8.53461 0.407263 0.917574)
(8.31507 0.795461 0.917463)
(8.53372 0.795468 0.917549)
(8.53362 0.6 0.917701)
(8.31494 0.6 0.917499)
(8.31459 1.00455 0.917347)
(8.5337 1.00456 0.917505)
(8.53384 1.2 0.917668)
(8.53363 1.36889 0.917464)
(8.53355 1.49997 0.917361)
(8.31414 1.2 0.917539)
(8.31441 1.36891 0.917275)
(8.31449 1.50003 0.917169)
(8.09707 0.795448 0.917318)
(8.097 0.6 0.917552)
(8.09926 0.40726 0.917505)
(8.09605 1.00453 0.916643)
(8.09579 1.2 0.916196)
(8.09556 1.49993 0.916591)
(8.09562 1.36888 0.916479)
(7.4415 1.50064 0.500029)
(7.65785 1.50016 0.499938)
(7.65729 1.36891 0.500091)
(7.43866 1.36882 0.500346)
(7.02551 -3.06016e-17 0.499805)
(7.06625 0.185203 0.499975)
(7.28547 0.187356 0.499997)
(7.3 8.41171e-17 0.5)
(7.03079 0.783277 0.499921)
(7.02065 1.16703 0.498983)
(7.48037 1.2 0.5)
(7.44103 1.00409 0.500347)
(7.45132 0.793953 0.499885)
(7.2418 0.789076 0.499944)
(7.3 0.6 0.5)
(7.03132 0.593832 0.499993)
(7.54502 8.41171e-17 0.5)
(7.49411 0.187439 0.499975)
(7.46274 0.402982 0.499838)
(7.66951 0.407329 0.499844)
(7.66527 0.6 0.49978)
(7.6645 0.795113 0.49987)
(7.65899 1.00439 0.500099)
(6.63256 -3.05609e-17 0.49904)
(6.63119 0.371572 0.500516)
(7.04731 0.390347 0.500077)
(6.62716 0.760427 0.500987)
(7.2541 0.400297 0.499982)
(7.45276 0.6 0.499682)
(7.657 1.2 0.500162)
(7.02085 1.50383 0.499065)
(7.87618 1.2 0.500042)
(8.75255 2.4 0.917493)
(8.75261 2.20454 0.917473)
(8.53373 2.59274 0.917497)
(8.31505 2.59884 0.917493)
(8.31436 3 0.9175)
(8.53363 2.4 0.917513)
(8.5337 2.20453 0.917469)
(8.31506 2.20454 0.917431)
(8.31498 2.4 0.91751)
(8.75288 1.8 0.917322)
(8.75267 1.99544 0.917432)
(8.31426 1.8 0.917033)
(8.5335 1.8 0.917356)
(8.5335 1.6311 0.917343)
(8.31441 1.63111 0.917166)
(8.53357 1.99544 0.917376)
(8.31459 1.99545 0.917239)
(8.09713 2.59275 0.917478)
(7.8797 2.59886 0.917427)
(7.87625 3 0.9175)
(8.09692 2.20456 0.9173)
(8.09679 2.4 0.917519)
(7.87976 2.20463 0.917056)
(7.8797 2.4 0.917427)
(8.09577 1.99546 0.916688)
(7.87737 1.99551 0.915861)
(7.87651 1.8 0.915554)
(8.09506 1.8 0.91632)
(7.87625 3 0.5)
(7.88024 2.59289 0.70866)
(7.87988 2.59886 0.499942)
(7.87992 2.4 0.708665)
(7.88018 2.4 0.499988)
(7.87975 2.20464 0.708456)
(7.87986 2.20463 0.499912)
(7.87654 1.63114 0.915565)
(8.09537 1.63109 0.916525)
(7.87617 1.63113 0.707646)
(7.87576 1.8 0.707574)
(7.87706 1.9955 0.707827)
(7.87602 1.63116 0.499866)
(7.87573 1.8 0.49991)
(7.87697 1.99551 0.499883)
(7.01746 2.22692 0.499744)
(7.23898 2.21292 0.499882)
(7.45031 2.20649 0.499772)
(7.44083 1.996 0.500307)
(7.48037 1.8 0.5)
(7.01481 1.84098 0.498819)
(7.01966 2.40933 0.499921)
(7.3 2.4 0.5)
(7 3 0.5)
(7.219 3 0.5)
(7.22301 2.81236 0.499979)
(7.005 2.81266 0.499991)
(7.66507 2.59271 0.499808)
(7.44964 2.59719 0.49973)
(7.44123 2.81253 0.499949)
(7.48491 3 0.5)
(7.66526 2.4 0.499742)
(7.45177 2.4 0.499469)
(7.23508 2.6004 0.499932)
(7.01089 2.61325 0.499958)
(7.66425 2.20498 0.499826)
(7.43866 1.63143 0.50033)
(7.65894 1.99563 0.500015)
(7.65729 1.8 0.500001)
(7.65733 1.6312 0.500016)
(6.75638 2.83759 0.5)
(6.86746 2.91164 0.5)
(6.5688 2.29633 0.500231)
(6.55485 2.48149 0.500069)
(6.52041 2.68028 0.50001)
(6.7842 2.63002 0.49999)
(6.63143 2.75429 0.500001)
(6.62564 1.13635 0.500604)
(6.62237 1.50922 0.500071)
(6.1053 2.40354 0.506562)
(6.34469 2.33434 0.501787)
(6.60581 1.89229 0.499731)
(6.20638 1.90695 0.500925)
(6.18626 2.13293 0.503308)
(6.29729 2.53154 0.50033)
(6.40012 2.60008 0.500063)
(6.19148 2.46099 0.501522)
(5.27049 0.749478 -1.18852)
(5.27266 0.366046 -1.18834)
(5.24367 0.368948 -1.62151)
(5.22419 0.74155 -1.63277)
(5.24527 1.13289 -1.60955)
(5.26336 1.13756 -1.17909)
(5.2735 5.61692e-07 -1.18508)
(5.28266 1.04362e-07 -1.58688)
(5.24067 0.178054 -1.61769)
(5.21413 1.52996 -1.60795)
(5.21951 1.32978 -1.61156)
(4.99626 1.32243 -1.61308)
(5.00489 1.49821 -1.61264)
(4.99742 1.13798 -1.61199)
(4.77561 1.14372 -1.60576)
(4.77819 1.32296 -1.60929)
(4.76337 1.50892 -1.61182)
(5.22921 1.53589 -1.17561)
(5.22198 1.53482 -1.3897)
(4.65369 0.662898 -1.76264)
(4.75919 0.943373 -1.62356)
(4.99492 0.180686 -1.62763)
(4.95921 0.379457 -1.65649)
(5.00435 4.18716e-08 -1.62422)
(4.6505 0.455382 -1.75892)
(4.76516 0.180792 -1.62896)
(4.79555 1.44188e-07 -1.60077)
(4.64402 0.558338 -1.75135)
(4.71473 0.951285 -1.83385)
(4.73066 1.13155 -1.85243)
(4.5414 0.169191 -1.63164)
(4.55622 0.36595 -1.64892)
(4.54021 9.98228e-17 -1.63025)
(4.71367 0.769786 -1.83261)
(5.00857 1.67238 -1.61246)
(5.15858 1.77239 -1.60614)
(4.73028 1.34128 -1.85199)
(4.7274 1.48493 -1.84862)
(5.16605 1.77737 -1.38771)
(5.1699 1.77993 -1.17375)
(6.21546 0.751176 -1.16891)
(6 0.750672 -1.16749)
(6 0.934189 -1.16859)
(6.21764 0.935626 -1.16854)
(6.24731 7.23705e-17 -1.18199)
(6 0.0039767 -1.20149)
(6 0.17748 -1.17663)
(6.21035 0.17863 -1.17702)
(6.21712 0.556972 -1.17548)
(6 0.54966 -1.18193)
(6.21349 0.369026 -1.17362)
(6.62099 0.371549 -1.17289)
(6.61705 7.19504e-17 -1.17502)
(6.62502 0.760698 -1.17027)
(5.77301 0.750034 -1.17084)
(5.77735 0.935408 -1.16918)
(6.21578 1.12431 -1.16769)
(6 1.12223 -1.16675)
(5.77177 1.12439 -1.16878)
(6.62757 1.13807 -1.16939)
(5.7061 7.25602e-17 -1.18514)
(5.76748 0.17859 -1.17868)
(6 0.367792 -1.17346)
(5.77082 0.368458 -1.17558)
(5.7771 0.556624 -1.17631)
(6.21501 1.50603 -1.17)
(6.21751 1.31476 -1.16853)
(6 1.31851 -1.16605)
(6 1.50479 -1.17032)
(6.62456 1.50928 -1.16977)
(5.76082 1.51059 -1.17084)
(5.77421 1.31586 -1.16897)
(5.47807 1.53004 -1.17361)
(5.45815 1.72968 -1.17232)
(5.74844 1.70785 -1.17026)
(6.21536 1.70221 -1.16927)
(6.20659 1.90679 -1.16702)
(6.60826 1.89227 -1.1689)
(6 1.6993 -1.16915)
(6 1.90049 -1.16623)
(5.73085 1.90591 -1.16824)
(5.41681 1.94454 -1.17066)
(5.28435 1.85623 -1.17215)
(6 1.89922 -0.95861)
(6.20923 1.90729 -0.958701)
(5.73111 1.90582 -0.959513)
(5.41743 1.94496 -0.961067)
(6.63226 -5.20417e-18 0.0849758)
(6.6309 0.370748 0.0836821)
(6.62698 0.759164 0.0822941)
(6.62721 0.371472 -0.754143)
(6.62729 4.62548e-17 -0.755415)
(6.62995 0.371038 -0.334384)
(6.6311 2.04237e-17 -0.333545)
(6.62671 0.759025 -0.334722)
(6.62646 0.760084 -0.752889)
(6.62547 1.13734 0.0827219)
(6.62217 1.50935 0.0828684)
(6.62391 1.50821 -0.752199)
(6.62233 1.5076 -0.335179)
(6.62545 1.13651 -0.334515)
(6.62722 1.13683 -0.752382)
(6.60573 1.88902 -0.335072)
(6.20648 1.89373 -0.336465)
(6.20933 1.90055 -0.130234)
(6.2064 1.90525 0.0799829)
(6.60568 1.89178 0.0816401)
(6.18683 2.11615 -0.336098)
(6.18786 2.12456 -0.134929)
(6 1.87752 -0.335775)
(6 2.06626 -0.333534)
(6.18773 2.1325 0.291854)
(6.10463 2.40308 0.292833)
(6.20921 1.90879 0.291484)
(6.10538 2.40359 0.0753217)
(6.18638 2.1309 0.0768072)
(6.10411 2.40274 -0.138017)
(6.10573 2.40382 -0.334976)
(6 2.33333 -0.32007)
(5.83104 2.2207 -0.335301)
(5.69046 2.12698 -0.33631)
(5.73124 1.8999 -0.336136)
(6.60757 1.89144 -0.751524)
(6.20652 1.90451 -0.750556)
(6.20927 1.90036 -0.544358)
(6 1.89093 -0.544811)
(6 1.89785 -0.750312)
(5.73122 1.90513 -0.751052)
(5.73127 1.90297 -0.544083)
(5.41766 1.94511 -0.75219)
(5.41774 1.94516 -0.543741)
(5.41775 1.94517 -0.33533)
(5.54379 2.0292 -0.335762)
(12.2598 2.25839 2.58783)
(12.2599 2.25808 3.00569)
(12.262 1.5 3.00632)
(12.2583 3 2.58751)
(12.2589 2.63826 2.58764)
(12.2583 3 3.00506)
(12.2589 2.63823 3.00528)
(12.2594 0.741922 3.00568)
(12.2579 -1.84009e-16 3.00505)
(12.2584 0.36177 3.00528)
(14 -2.35133e-16 3.84)
(13.807 -2.35163e-16 3.84004)
(13.7991 0.174946 3.84008)
(14 0.168548 3.84004)
(13.1389 -2.35163e-16 3.84047)
(13.1389 0.361787 3.84078)
(13.5789 0.363635 3.84038)
(13.5815 0.177058 3.84017)
(13.5359 -2.35163e-16 3.84014)
(13.1389 -2.09576e-16 3.42263)
(13.1389 0.361751 3.42281)
(14 0.741587 3.84043)
(14 0.400566 3.84012)
(13.7952 0.361605 3.84017)
(13.5803 0.741831 3.84074)
(13.5804 0.741779 3.42279)
(14 0.741552 3.42262)
(13.1398 0.74104 3.84118)
(13.1399 0.740959 3.42305)
(12.6991 0.740347 3.00539)
(12.6983 0.361349 3.00519)
(13.14 0.740939 3.00525)
(13.5804 0.741764 3.00511)
(13.139 0.361742 3.00512)
(14 0.741543 3.00503)
(13.1389 -1.83989e-16 3.00503)
(13.1417 1.5 3.00543)
(13.1417 1.12068 3.00531)
(13.581 1.12099 3.00515)
(12.6977 -1.84016e-16 3.00505)
(14 1.12118 3.00504)
(14 1.5 3.00505)
(13.5811 1.5 3.00517)
(13.581 1.87901 3.00515)
(14 1.87882 3.00504)
(13.1417 1.87932 3.00531)
(12.6993 2.25965 3.00539)
(13.1401 2.25906 3.00525)
(12.6985 2.63865 3.00519)
(12.6978 3 3.00505)
(13.139 2.63826 3.00512)
(13.139 3 3.00503)
(13.5789 2.63639 3.00505)
(13.5804 2.25824 3.00511)
(14 3 3.005)
(14 2.83145 3.005)
(13.7991 2.82506 3.00501)
(13.807 3 3.005)
(14 2.25846 3.00503)
(13.7952 2.63841 3.00501)
(14 2.59945 3.00501)
(13.5359 3 3.00501)
(13.5816 2.82295 3.00501)
(11.3929 1.85656 2.5895)
(11.384 2.24335 2.58971)
(10.9439 2.22341 2.59411)
(10.9637 1.83392 2.58977)
(10.9578 1.50001 2.59098)
(11.3927 1.50001 2.58974)
(11.3926 1.50001 2.16973)
(11.3933 1.85656 2.16964)
(11.3841 2.24335 2.17061)
(11.3813 2.63317 2.58853)
(10.9405 2.62411 2.5913)
(11.3813 3 2.58751)
(10.9431 3 2.58751)
(11.3813 3 2.17)
(11.3813 2.63317 2.17043)
(11.8212 2.25431 2.17004)
(11.8196 3 2.17)
(11.8201 2.63686 2.17005)
(10.5 1.8 2.5875)
(10.52 1.63128 2.59351)
(10.5145 1.50001 2.59422)
(10.0688 1.8 2.59072)
(10.0689 1.6311 2.59132)
(10.2908 1.63115 2.59318)
(10.2911 1.8 2.59198)
(10.2905 1.49995 2.59342)
(10.0691 1.49996 2.59154)
(9.62866 1.8 2.58815)
(9.62901 1.63108 2.58853)
(9.84874 1.63113 2.58974)
(9.84876 1.8 2.58951)
(10.4923 2.60295 2.60059)
(10.4108 2.4 2.61076)
(10.4938 2.20651 2.6028)
(9.84783 1.99546 2.58999)
(9.62857 1.99546 2.58863)
(10.505 3 2.58751)
(10.0669 3 2.58751)
(10.062 2.59906 2.59302)
(10.2765 2.59386 2.59834)
(9.62758 2.59883 2.58882)
(9.62756 2.4 2.58894)
(9.84512 2.4 2.59068)
(9.84496 2.59279 2.59072)
(9.62875 3 2.58751)
(10.5157 1.99584 2.59525)
(10.0614 2.4 2.59416)
(10.2764 2.4 2.59996)
(10.2785 2.20494 2.59837)
(10.0624 2.20462 2.59384)
(10.2879 1.99561 2.59431)
(10.0672 1.99549 2.59189)
(9.62766 2.20455 2.58904)
(9.84551 2.20455 2.59079)
(9.40973 1.8 2.58792)
(9.4098 1.63108 2.588)
(9.19059 1.8 2.58776)
(9.19066 1.63115 2.58771)
(9.4096 1.99545 2.58802)
(9.40912 2.59274 2.58806)
(9.40915 2.4 2.58791)
(9.19062 3 2.58751)
(9.19052 2.59881 2.58768)
(9.40922 2.20454 2.58809)
(9.19058 1.99544 2.58771)
(9.19054 2.20454 2.58771)
(9.19072 2.4 2.58764)
(9.62926 1.49992 2.5887)
(9.40989 1.49988 2.58805)
(9.84888 1.5001 2.58986)
(9.19074 1.50014 2.58773)
(8.97142 1.8 2.58761)
(8.97154 1.63112 2.58757)
(8.75249 3 2.58751)
(8.75255 2.59884 2.58754)
(8.97152 2.59273 2.58757)
(8.97154 2.4 2.58758)
(8.75257 2.20453 2.58753)
(8.97153 2.20453 2.58757)
(8.75253 2.4 2.58755)
(8.9715 1.99543 2.58757)
(8.75252 1.99544 2.58747)
(8.75229 1.8 2.58741)
(8.75253 1.63109 2.58748)
(8.97163 1.50003 2.58759)
(8.75262 1.49994 2.58756)
(11.3797 0.36683 2.58852)
(11.383 0.756651 2.5897)
(10.9431 0.776594 2.5941)
(10.9384 0.375894 2.59129)
(10.9399 -1.58439e-16 2.58751)
(11.3795 -1.58439e-16 2.58751)
(11.3925 1.14345 2.58949)
(10.9635 1.16609 2.58976)
(11.3929 1.14345 2.16963)
(11.3831 0.756656 2.17061)
(11.8204 0.74569 2.17004)
(11.8203 0.745646 2.58826)
(11.8191 0.363138 2.58782)
(11.8187 -1.58439e-16 2.58751)
(9.62702 0.401159 2.58878)
(9.62772 0.6 2.58882)
(9.4094 0.6 2.58796)
(9.40893 0.407266 2.58807)
(9.18966 0.401182 2.58767)
(9.18663 2.1194e-16 2.58751)
(9.62569 2.1194e-16 2.58751)
(9.6299 1.2 2.58812)
(9.40957 1.2 2.58742)
(9.40966 1.00455 2.58786)
(9.62902 1.00456 2.58857)
(9.62945 1.36888 2.58849)
(9.40984 1.36885 2.58784)
(10.4911 0.397052 2.6006)
(10.5 2.1194e-16 2.5875)
(10.0633 2.1194e-16 2.58751)
(10.2763 0.406146 2.59837)
(10.0614 0.400954 2.59304)
(10.5 1.2 2.5875)
(10.5159 1.00415 2.59522)
(10.4939 0.793483 2.6028)
(9.84471 0.407215 2.59072)
(9.8451 0.6 2.59067)
(9.84802 1.00455 2.58985)
(9.84876 1.2 2.58922)
(9.84892 1.36891 2.58961)
(9.62778 0.795466 2.58898)
(9.40932 0.795467 2.58808)
(9.1905 0.6 2.58765)
(9.1905 0.795461 2.5877)
(9.19094 1.2 2.58765)
(9.19073 1.00456 2.58767)
(9.19081 1.36892 2.58768)
(10.4108 0.6 2.61076)
(10.0695 1.2 2.59087)
(10.0676 1.00451 2.59189)
(10.2887 1.00439 2.59423)
(10.2929 1.2 2.59195)
(10.2788 0.795061 2.59837)
(10.0626 0.795381 2.59385)
(10.5202 1.36871 2.59348)
(10.2769 0.6 2.59997)
(10.0616 0.6 2.59417)
(9.84558 0.795447 2.59075)
(10.2916 1.36884 2.5931)
(10.0693 1.36888 2.59132)
(8.75119 0.40119 2.58744)
(8.74564 2.1194e-16 2.58751)
(8.97108 0.407277 2.58748)
(8.97152 1.2 2.58751)
(8.9716 1.00456 2.58757)
(8.97154 0.79546 2.5875)
(8.97154 0.6 2.58737)
(8.97163 1.3689 2.58758)
(8.75257 0.79546 2.58745)
(8.75249 0.6 2.58725)
(8.7526 1.00456 2.5877)
(8.75254 1.2 2.58811)
(8.75261 1.36888 2.58771)
(8.53364 2.4 2.58756)
(8.53373 2.20453 2.58756)
(8.53379 1.99545 2.58765)
(8.534 1.8 2.5878)
(8.31436 3 2.58751)
(8.31504 2.59883 2.58754)
(8.53371 2.59273 2.58755)
(8.315 2.4 2.58755)
(7.87827 1.8 2.5877)
(7.87837 1.63111 2.58757)
(8.09638 1.63108 2.5875)
(8.09624 1.8 2.58739)
(8.31478 1.8 2.58851)
(8.31488 1.63108 2.58789)
(8.53377 1.6311 2.58764)
(8.31514 2.20454 2.58759)
(8.31497 1.99545 2.58791)
(8.09662 1.99547 2.58754)
(7.87963 2.59885 2.58754)
(8.09711 2.59275 2.5876)
(7.87625 3 2.58751)
(7.88008 2.20464 2.58755)
(7.8789 1.99551 2.58758)
(8.09711 2.20457 2.5876)
(8.09686 2.4 2.5877)
(7.87985 2.4 2.58756)
(7.87821 1.50005 2.58753)
(8.09638 1.49989 2.58736)
(8.3149 1.49988 2.58749)
(8.3038 2.1194e-16 2.58751)
(8.533 0.40727 2.58759)
(8.31297 0.40116 2.5875)
(8.09646 0.407251 2.58748)
(7.87831 0.401157 2.58753)
(7.86756 2.11941e-16 2.58751)
(8.53359 0.6 2.58774)
(8.31494 0.6 2.58748)
(8.53372 0.795468 2.58755)
(8.31513 0.79548 2.58743)
(8.09697 0.6 2.58744)
(7.88017 0.795383 2.58754)
(7.88005 0.6 2.58763)
(8.09716 0.795456 2.5874)
(8.53382 1.00457 2.58737)
(8.31485 1.00455 2.58713)
(8.09649 1.00454 2.58692)
(7.87825 1.00451 2.58758)
(7.87716 1.2 2.58782)
(8.09636 1.2 2.58613)
(7.87768 1.36892 2.58759)
(8.09624 1.36887 2.58693)
(8.31459 1.2 2.58684)
(8.53409 1.2 2.5872)
(8.5338 1.36888 2.58737)
(8.31476 1.36884 2.58715)
(8.53374 1.49999 2.5875)
(7.01622 2.22535 3.00559)
(7.2388 2.2126 3.00514)
(7.3 2.4 3.005)
(7.01927 2.40892 3.00518)
(7.01053 2.613 3.00523)
(7.23488 2.60035 3.00508)
(7.22294 2.81233 3.00504)
(7.0049 2.8126 3.00508)
(7.45074 2.20641 3.00518)
(7.66446 2.20496 3.0051)
(7.66469 2.4 3.00512)
(7.45086 2.4 3.00537)
(7.87625 3 3.00504)
(7.48491 3 3.00501)
(7.4411 2.81252 3.00504)
(7.44908 2.59718 3.00516)
(7.6646 2.59271 3.00509)
(7.8797 2.59886 3.00503)
(7 3 3.005)
(7.219 3 3.005)
(7.88006 2.20463 3.00503)
(7.88001 2.4 3.005)
(7.01701 1.83942 3.00446)
(7.5 1.8 3.005)
(7.44849 1.996 3.00506)
(7.6618 1.99564 3.00515)
(7.66079 1.8 3.00535)
(7.8785 1.9955 3.00501)
(7.87774 1.8 3.00493)
(7.44701 1.63139 3.005)
(7.66073 1.63119 3.00514)
(7.87789 1.63111 3.00502)
(7.01512 1.50231 3.00336)
(7.44512 1.50038 3.0048)
(7.66054 1.50017 3.00509)
(7.87788 1.50002 3.00511)
(6.78354 2.62957 3.00554)
(6.51908 2.67938 3.00612)
(6.54955 2.47746 3.00825)
(6.55882 2.28805 3.00945)
(6.75627 2.83751 3.00513)
(6.63104 2.75402 3.0054)
(6.86744 2.91163 3.00503)
(7.87776 1.49998 2.79632)
(7.87768 1.63112 2.79625)
(7.8774 1.8 2.79618)
(7.88015 2.59288 2.79628)
(7.87828 1.99551 2.79625)
(7.88 2.20464 2.79628)
(7.87994 2.4 2.79628)
(7.5 1.2 3.005)
(7.01939 1.16573 3.00319)
(7.01149 1.16501 3.41795)
(7.5 1.2 3.4225)
(7.5 1.2 3.21375)
(7.44694 1.36876 3.00503)
(7.66046 1.3689 3.00527)
(7.66035 1.2 3.00551)
(7.87755 1.3689 3.00531)
(7.8772 1.2 3.00564)
(7.45159 0.793913 3.005)
(7.45072 0.79394 3.21375)
(7.45191 0.6 3.21391)
(7.45214 0.6 3.00505)
(7.66532 0.6 3.00504)
(7.66489 0.795114 3.00507)
(7.80546 2.37505e-16 3.00503)
(7.86695 0.401191 3.00503)
(7.66118 0.407534 3.00503)
(7.44216 0.403518 3.00502)
(7.37233 0.186313 3.005)
(7.3 2.38942e-16 3.02848)
(7.4452 0.406946 3.2138)
(7.42484 0.400824 3.42252)
(7.3 2.63069e-16 3.4225)
(7.44858 1.00408 3.00507)
(7.44037 1.00401 3.2138)
(7.44862 1.00407 3.42255)
(7.45152 0.793917 3.42243)
(7.01362 0.782274 3.41813)
(7.23854 0.7889 3.42173)
(7.66162 1.00439 3.00528)
(7.88022 0.795385 3.00507)
(7.88026 0.6 3.00502)
(7.45271 0.6 3.42266)
(7.87819 1.00451 3.0053)
(7.3 0.6 3.4225)
(7.22991 0.40498 3.42228)
(7.01634 0.594132 3.42134)
(6.99866 0.392204 3.42119)
(6.96479 0.182993 3.42163)
(6.95955 2.28088e-06 3.44618)
(7.87776 0.407136 2.79629)
(7.88018 0.6 2.79633)
(7.88013 0.795391 2.79631)
(7.87787 1.0045 2.79647)
(7.87671 1.2 2.79675)
(7.87723 1.36889 2.79647)
(6.5449 0.37129 3.40961)
(6.54391 0.180425 3.41445)
(6.75937 0.182078 3.41921)
(6.77016 0.377091 3.41741)
(6.7521 2.81204e-06 3.4171)
(6.56539 1.47265e-05 3.43732)
(6.55172 0.754011 3.39835)
(6.54632 0.560656 3.40307)
(6.55249 1.12793 3.401)
(6.54847 0.936433 3.39538)
(6.31894 0.558168 3.39341)
(6.31737 0.368845 3.39707)
(6.06485 0.748621 3.33515)
(6.12455 0.750128 3.68657)
(6.1188 0.556293 3.68623)
(6.04551 0.556418 3.34163)
(6.32285 0.748544 3.37964)
(6.06979 0.369067 3.36241)
(6.12091 0.365402 3.695)
(6.3237 0.177244 3.40209)
(6.05556 0.000278255 3.35544)
(6.07372 0.170833 3.35758)
(6.12193 0.178676 3.69672)
(6.13528 0.00580706 3.65373)
(6.32157 -1.68282e-05 3.40526)
(6.32404 1.11818 3.39)
(6.32048 0.931337 3.38264)
(6.06208 0.930761 3.33792)
(6.12262 0.933203 3.68616)
(6.05753 1.10991 3.34247)
(6.12639 1.1186 3.68725)
(5.98999 0.741271 3.8031)
(5.98969 0.540757 3.74615)
(5.98999 0.177909 3.80481)
(5.99222 0.0181292 3.72927)
(5.98999 0.931177 3.80742)
(5.98999 0.363895 3.80642)
(5.98999 1.12011 3.8045)
(5.99805 2.30775 3.63228)
(5.98915 2.153 3.76348)
(6.12351 2.08564 3.69214)
(6.12679 2.26882 3.6723)
(7.01027 1.8392 3.42073)
(7.01272 2.2238 3.42299)
(6.54289 2.27764 3.42642)
(6.54501 2.08645 3.41889)
(6.54943 1.8843 3.4129)
(6.55266 2.28279 3.21977)
(7.01729 2.21935 3.21407)
(6.54633 2.473 3.21841)
(6.51641 2.67761 3.21556)
(6.51571 2.67713 3.42545)
(6.53993 2.47096 3.42826)
(5.98999 1.87974 3.80603)
(6.12316 1.8799 3.68771)
(6.06094 1.88565 3.33906)
(6.05968 2.08845 3.34032)
(6.00022 2.33299 3.39979)
(6.3241 1.88961 3.4007)
(6.32189 2.09117 3.40813)
(6.30672 2.29764 3.425)
(7.006 1.50197 3.41852)
(6.27447 2.51628 3.43097)
(6.14475 2.42991 3.43112)
(6.55291 1.50386 3.40844)
(6.55089 1.31418 3.40469)
(6.32302 1.312 3.3994)
(6.07886 1.50224 3.34474)
(6.0446 1.31226 3.35025)
(6.32963 1.50284 3.39832)
(6.128 1.50099 3.69197)
(6.12151 1.31299 3.6857)
(5.98999 1.50037 3.80516)
(5.98994 1.29858 3.75775)
(6.54861 1.69593 3.41079)
(6.05978 1.69954 3.36011)
(6.32386 1.69734 3.40437)
(6.12581 1.69304 3.68426)
(5.98999 1.68633 3.80594)
(6.6316 -1.07417e-16 1.75427)
(6.63027 0.370883 1.75281)
(6.63112 0.371286 1.33649)
(6.63241 -8.19657e-17 1.33859)
(6.62738 0.759372 1.7514)
(6.62778 0.760488 1.33455)
(6.6326 -5.62836e-17 0.919162)
(6.63124 0.370928 0.918867)
(6.6274 0.758872 0.917983)
(7.5 1.2 2.5875)
(7.5 1.2 2.37873)
(7.44047 1.00402 2.37873)
(7.44863 1.00408 2.58753)
(7.5 1.2 2.17)
(7.44879 1.00408 2.16995)
(7.02671 1.16658 2.58699)
(7.02976 1.16701 2.16968)
(7.87804 1.0045 2.37873)
(7.65983 1.00437 2.37875)
(7.66216 1.00439 2.16981)
(7.8786 1.0045 2.16991)
(7.66161 1.00439 2.5877)
(7.66028 1.2 2.58802)
(7.44659 1.5005 2.58744)
(7.02321 1.50316 2.58693)
(7.44721 1.36877 2.58754)
(7.66058 1.36891 2.58772)
(7.66115 1.50016 2.58756)
(7.03051 1.16706 1.75204)
(7.5 1.2 1.7525)
(7.5 1.2 1.96125)
(7.03238 0.78314 1.75226)
(7.24212 0.789052 1.75244)
(7.45158 0.793943 1.75248)
(7.44881 1.00408 1.75243)
(7.44055 1.00402 1.96122)
(7.88576 0.401152 1.75251)
(7.66874 0.407331 1.75247)
(7.46162 0.402974 1.75252)
(7.49304 0.187437 1.75252)
(7.54374 1.60811e-16 1.7525)
(7.90593 1.60808e-16 1.7525)
(7.66028 1.00437 1.96116)
(7.87841 1.0045 1.96119)
(7.047 0.390244 1.75264)
(7.02521 -1.07343e-16 1.75308)
(7.0659 0.185188 1.75285)
(7.03156 0.593789 1.75248)
(7.25373 0.400282 1.75254)
(7.28511 0.187352 1.75257)
(7.3 1.60811e-16 1.7525)
(7.66473 0.6 1.75246)
(7.45099 0.6 1.75262)
(7.88022 0.795382 1.75249)
(7.66476 0.795122 1.75243)
(7.88004 0.6 1.75258)
(7.66259 1.00438 1.75231)
(7.87898 1.0045 1.7524)
(7.3 0.6 1.7525)
(7.89553 1.86374e-16 2.17)
(7.88125 0.407127 2.37873)
(7.88385 0.401147 2.16998)
(7.88028 0.795379 2.16996)
(7.88019 0.6 2.16997)
(7.8803 0.6 2.37874)
(7.88022 0.795377 2.37872)
(7.88264 0.407123 1.96124)
(7.88021 0.79538 1.96123)
(7.88018 0.6 1.96124)
(7.02833 0.784986 0.708421)
(7.03109 0.783082 0.916478)
(7.02202 1.16703 0.910904)
(7.02218 1.50366 0.913457)
(7.02669 1.50367 2.16967)
(7.02754 1.50371 1.75203)
(7.02643 1.50355 1.33357)
(7.02939 1.16697 1.33364)
(7.03225 0.783276 1.33464)
(7.02868 0.784985 1.12584)
(7.02901 0.784999 1.54359)
(7.44144 1.50018 2.79623)
(7.65961 1.50005 2.79633)
(7.02225 1.84021 2.58738)
(7.01875 2.22007 2.7965)
(7.01834 2.22648 2.58782)
(7.02353 1.84069 1.33362)
(7.01617 1.84073 0.910781)
(7.02474 1.84092 1.75228)
(7.02433 1.84082 2.16996)
(6.55933 2.30237 2.79929)
(6.56687 2.29464 2.58965)
(6.55298 2.47927 2.7983)
(6.51857 2.67904 2.79689)
(6.52025 2.68016 2.58789)
(6.55388 2.48077 2.58892)
(6.52042 2.68028 0.917468)
(6.55489 2.48146 0.917316)
(6.55548 2.48108 1.12606)
(6.5191 2.6794 1.1262)
(6.56931 2.296 1.33404)
(6.55492 2.48144 1.33463)
(6.56403 2.30626 1.12596)
(6.569 2.29608 0.916879)
(6.52041 2.68028 1.33492)
(6.52042 2.68028 1.75262)
(6.5191 2.6794 1.54374)
(6.55549 2.48108 1.54368)
(6.55492 2.48147 1.75301)
(6.56407 2.30628 1.54344)
(6.56934 2.29627 1.75348)
(6.55545 2.48107 1.96214)
(6.51911 2.6794 1.96144)
(6.56898 2.29611 2.17116)
(6.55481 2.48141 2.17079)
(6.56394 2.30627 1.96319)
(6.52042 2.68027 2.1702)
(6.51907 2.67938 2.37901)
(6.55513 2.48086 2.37977)
(6.56323 2.3058 2.38053)
(7.01903 2.22683 1.33456)
(7.01937 2.22056 1.12576)
(7.01775 2.22685 0.916264)
(7.01908 2.22685 2.17017)
(7.01979 2.22058 1.9613)
(7.01926 2.2269 1.75257)
(7.01981 2.22057 1.54364)
(7.01952 2.22046 2.37888)
(7.01893 2.22058 0.7083)
(6.5191 2.6794 0.708741)
(6.55545 2.48109 0.708624)
(6.56387 2.30632 0.708265)
(8.75255 2.59882 2.16994)
(8.75255 2.59276 1.96121)
(8.75245 2.4 1.96115)
(8.75251 2.4 2.16981)
(8.75256 2.20454 2.16994)
(8.75256 2.20453 1.9612)
(8.75225 1.8 2.17014)
(8.75241 1.8 1.96099)
(8.75254 1.63114 1.96117)
(8.75249 1.63108 2.17003)
(8.75329 1.8 1.75314)
(8.75282 1.63112 1.75269)
(8.75254 1.99544 1.96116)
(8.75248 1.99545 2.17001)
(8.75283 1.99544 1.75269)
(8.75261 1.50007 1.7525)
(8.75262 1.63108 1.5438)
(8.75256 1.49999 1.54374)
(8.75249 3 2.17)
(8.75255 2.59276 2.37876)
(8.75253 2.4 2.37872)
(8.75256 2.20455 2.37876)
(8.75254 1.99545 2.37878)
(8.75256 1.63106 2.3788)
(8.75253 1.8 2.37881)
(8.75254 1.4999 1.33489)
(8.75252 1.50003 1.12617)
(8.75235 1.3689 1.12612)
(8.75236 1.36887 1.33492)
(8.75259 1.50011 1.96125)
(8.75261 1.49984 2.37882)
(8.7526 1.49994 2.17009)
(8.75249 3 1.7525)
(8.75262 2.59883 1.75251)
(8.97158 2.59129 1.12616)
(8.97151 2.4 1.12618)
(8.75266 2.4 1.1263)
(8.75264 2.59276 1.12625)
(8.75258 2.59883 1.33504)
(8.75252 2.4 1.33513)
(8.75266 2.4 1.54394)
(8.75264 2.59277 1.54382)
(8.75249 3 1.335)
(8.97157 2.20454 1.12614)
(8.75263 2.20453 1.12626)
(8.7526 2.20454 1.33502)
(8.75265 2.20454 1.54381)
(8.75272 2.4 1.75254)
(8.75268 2.20453 1.75253)
(8.97151 1.6311 1.12608)
(8.97132 1.8 1.12598)
(8.97151 1.99544 1.1261)
(8.75256 1.99545 1.12642)
(8.7526 1.99545 1.33485)
(8.75264 1.99545 1.54381)
(8.75253 1.8 1.33452)
(8.75258 1.63107 1.33482)
(8.75254 1.8 1.544)
(8.75253 1.63112 1.12639)
(8.75249 1.8 1.12696)
(8.75835 1.35246e-16 1.335)
(8.75382 0.401166 1.33499)
(8.75316 0.407237 1.12619)
(8.75669 1.60811e-16 1.7525)
(8.75335 0.401167 1.75245)
(8.75302 0.407237 1.54372)
(8.75264 0.6 1.12615)
(8.75262 0.795471 1.12617)
(8.75263 0.795473 1.33498)
(8.7527 0.6 1.33507)
(8.75257 0.6 1.54375)
(8.75257 0.795461 1.54374)
(8.7525 0.795461 1.75244)
(8.75243 0.6 1.75236)
(8.75238 1.00456 1.12613)
(8.75237 1.00456 1.33494)
(8.75207 1.2 1.33493)
(8.75193 1.2 1.12607)
(8.75238 1.00455 1.54389)
(8.75241 1.00455 1.75239)
(8.75219 1.2 1.54427)
(8.75223 1.2 1.75218)
(8.75237 1.36891 1.54388)
(8.75243 1.36892 1.7524)
(8.75277 1.86375e-16 2.17)
(8.75233 0.407248 2.37874)
(8.75255 0.401179 2.17007)
(8.75264 0.40724 1.96123)
(8.75223 0.6 1.96114)
(8.75246 0.795452 1.96125)
(8.75252 1.00455 1.96131)
(8.75245 1.2 1.96132)
(8.75254 1.36893 1.96131)
(8.75252 0.795463 2.17012)
(8.7526 0.795471 2.37876)
(8.75259 1.00455 2.37885)
(8.7526 1.00455 2.17031)
(8.75237 0.6 2.17026)
(8.75262 0.6 2.37871)
(8.75266 1.2 2.1708)
(8.75255 1.2 2.37882)
(8.7526 1.36885 2.37886)
(8.75261 1.36888 2.17031)
(10.9579 1.50001 2.1714)
(8.9716 1.49992 1.33484)
(8.97159 1.49999 1.54365)
(8.97161 1.49997 1.75249)
(11.3914 1.5 1.74765)
(10.9481 1.5 1.32019)
(10.9561 1.5 1.74724)
(10.5133 1.50001 2.17699)
(10.5046 1.50001 1.97019)
(10.5144 1.5 1.74905)
(10.2898 1.5 2.17604)
(10.2869 1.50003 1.96636)
(10.2906 1.49994 1.74966)
(10.0691 1.49998 1.75051)
(10.0679 1.5001 1.96355)
(10.0686 1.50001 2.17378)
(10.5072 1.50001 1.31464)
(10.2875 1.50003 1.32026)
(10.2867 1.49991 1.11308)
(10.5059 1.49999 1.10831)
(10.0675 1.5 1.1182)
(10.068 1.50006 1.32628)
(9.84846 1.5 1.33048)
(9.84822 1.50002 1.12191)
(10.5094 1.50001 1.52564)
(10.289 1.50001 1.53168)
(10.0687 1.49986 1.53699)
(9.84888 1.5 1.7513)
(9.84876 1.49991 1.54035)
(9.84851 1.50001 1.96216)
(10.5062 1.50001 2.38941)
(10.2875 1.49996 2.38628)
(10.0682 1.49995 2.38326)
(9.62904 1.49998 1.33283)
(9.62918 1.5 1.54213)
(9.62923 1.50003 1.75186)
(9.62889 1.49999 1.12408)
(8.9716 1.36889 1.33488)
(9.40977 1.50013 1.33408)
(8.97169 1.36891 1.12611)
(9.40979 1.50002 1.54307)
(9.19067 1.4999 1.33463)
(9.19062 1.49993 1.54348)
(9.19058 1.36887 1.33491)
(9.19068 1.49998 1.75238)
(9.40987 1.50002 1.75223)
(9.19074 1.49993 2.17011)
(9.19072 1.50005 2.37895)
(8.97166 1.49992 2.37883)
(8.97166 1.5 2.17003)
(9.62913 1.5 2.1709)
(9.62915 1.49986 2.37994)
(9.40988 1.49997 2.37927)
(9.40989 1.49994 2.17034)
(9.8486 1.49997 2.17197)
(9.84862 1.5 2.38117)
(9.62914 1.50021 1.96153)
(9.40989 1.50011 1.96124)
(8.97166 1.50007 1.96125)
(9.19077 1.5 1.96122)
(9.19087 1.6311 1.96104)
(8.97164 1.63114 1.96121)
(8.97162 1.6311 1.75253)
(9.19067 1.6311 1.75247)
(8.97171 1.63111 2.16983)
(9.19079 1.63108 2.16994)
(8.97162 1.63108 2.37883)
(9.62908 1.63107 2.37983)
(9.40976 1.6311 2.37922)
(9.84846 1.63109 2.38111)
(9.19061 1.63111 2.37892)
(9.40993 1.63108 2.1702)
(9.62922 1.63109 2.17075)
(10.0677 1.63109 2.38338)
(10.0689 1.6311 2.1739)
(9.84865 1.63109 2.17195)
(9.62918 1.63119 1.96145)
(9.84854 1.63111 1.96225)
(9.40984 1.6311 1.75242)
(9.40992 1.63112 1.96089)
(9.62913 1.63111 1.75197)
(10.0679 1.63112 1.96398)
(9.84883 1.6311 1.75155)
(9.19044 1.63108 1.54354)
(8.97157 1.63108 1.54371)
(8.97159 1.63107 1.3349)
(9.19078 1.63107 1.33457)
(9.19065 1.63109 1.12592)
(8.97161 1.50006 1.12606)
(9.40967 1.63113 1.33434)
(9.40975 1.6311 1.12545)
(9.62885 1.63109 1.12426)
(9.62901 1.63109 1.33306)
(9.62912 1.63109 1.54234)
(9.40959 1.63111 1.54324)
(9.84838 1.63109 1.33062)
(9.8481 1.6311 1.12216)
(9.84872 1.63107 1.54063)
(10.9639 1.83392 2.17041)
(10.9432 2.2234 2.17473)
(10.94 2.62412 2.17294)
(10.9431 3 2.17)
(9.19084 1.8 2.1698)
(8.97188 1.8 2.16945)
(8.97155 2.20453 2.17001)
(8.97149 2.4 2.17002)
(8.97151 2.59274 2.17004)
(9.19052 2.59884 2.17015)
(9.19062 3 2.17)
(9.19057 2.20454 2.17014)
(9.19073 2.4 2.17023)
(8.97168 1.99544 2.16982)
(9.19072 1.99545 2.16994)
(9.19062 3 1.7525)
(9.19043 2.59276 1.96119)
(9.19053 2.59883 1.75235)
(9.19063 1.8 1.75264)
(9.1911 1.8 1.96084)
(9.19062 1.99545 1.75245)
(9.19079 1.99544 1.96103)
(9.1905 2.20454 1.96117)
(9.19055 2.20453 1.75234)
(9.19043 2.4 1.96115)
(9.19058 2.4 1.75236)
(9.19062 3 1.335)
(9.19061 2.59884 1.33474)
(9.19066 2.59276 1.12598)
(9.19057 2.59276 1.54351)
(9.19073 2.4 1.12609)
(9.19063 2.20453 1.33467)
(9.19066 2.20454 1.12595)
(9.19062 2.4 1.3348)
(9.19001 1.8 1.54363)
(9.19114 1.8 1.33436)
(9.19062 2.4 1.54364)
(9.19057 2.20453 1.5435)
(9.19058 1.8 1.12614)
(9.19064 1.99545 1.12594)
(9.19076 1.99545 1.33458)
(9.19041 1.99545 1.54353)
(8.97155 2.20453 1.96124)
(8.97157 2.20453 1.75247)
(8.9716 1.99543 1.75253)
(8.97161 1.99543 1.9612)
(8.97152 2.59129 1.96125)
(8.97155 2.4 1.9613)
(8.97154 2.59274 1.75246)
(8.97152 1.8 1.75257)
(8.97153 2.4 1.75249)
(8.97155 1.8 1.96131)
(8.97158 2.20454 1.33489)
(8.97159 1.99545 1.33491)
(8.97155 2.20454 1.54368)
(8.97156 1.99545 1.54372)
(8.97157 1.8 1.54376)
(8.97157 1.8 1.33509)
(8.97148 2.4 1.54369)
(8.97158 2.59274 1.33491)
(8.97157 2.4 1.33491)
(8.97155 2.59129 1.54368)
(10.9448 2.22343 1.32058)
(10.9433 2.62407 1.3284)
(10.9476 1.83392 1.31618)
(10.962 1.83391 1.74718)
(10.9466 2.22341 1.74291)
(10.9426 2.62407 1.74725)
(10.9431 3 1.7525)
(10.9431 3 1.335)
(9.62875 3 1.7525)
(9.62803 2.59885 1.75151)
(9.40935 2.59273 1.75205)
(10.0669 3 1.7525)
(10.505 3 1.7525)
(10.5016 2.60295 1.73134)
(10.2815 2.59384 1.7394)
(10.0643 2.59904 1.74703)
(9.84619 2.59278 1.74973)
(10.0696 1.8 1.75114)
(10.294 1.8 1.75112)
(10.2921 1.63114 1.75023)
(10.0694 1.6311 1.75079)
(10.5206 1.63128 1.75021)
(10.5 1.8 1.7525)
(10.2817 2.4 1.73483)
(10.064 2.4 1.74541)
(10.504 2.20653 1.72881)
(10.2833 2.20494 1.73993)
(10.434 2.4 1.7)
(10.0648 2.20462 1.74656)
(10.5181 1.99585 1.74701)
(9.4097 1.99545 1.75237)
(9.40985 1.8 1.75297)
(9.62813 2.20454 1.75141)
(9.62883 1.99544 1.75183)
(9.40943 2.20453 1.75207)
(9.62891 1.8 1.75204)
(10.0683 1.99549 1.74992)
(10.2903 1.99562 1.74834)
(9.8486 1.8 1.75189)
(9.84823 1.99546 1.75119)
(9.84663 2.20455 1.74984)
(9.40944 2.4 1.75215)
(9.62799 2.4 1.7516)
(9.8464 2.4 1.74973)
(8.97162 1.8 2.37892)
(8.97153 2.20454 2.37882)
(8.97158 1.99544 2.37882)
(10.5188 1.63128 2.17699)
(10.5 1.8 2.17)
(10.291 1.63115 2.17626)
(9.40994 1.8 2.17015)
(9.62928 1.8 2.17052)
(10.0691 1.8 2.17395)
(10.2935 1.8 2.17562)
(9.84846 1.8 2.17186)
(9.62899 1.8 2.37968)
(9.40957 1.8 2.37918)
(10.4064 1.8 2.40639)
(9.84828 1.8 2.38088)
(9.19039 1.8 2.37889)
(10.2826 1.8 2.38876)
(10.067 1.8 2.38335)
(11.8201 2.63686 1.75207)
(11.3844 2.24333 1.74895)
(11.3813 3 1.7525)
(11.3917 1.85655 1.74767)
(11.3817 2.63316 1.7511)
(11.8212 2.25435 1.75131)
(11.8196 3 1.7525)
(10.2858 1.63115 2.38739)
(10.5002 1.63146 2.39362)
(9.62763 2.20454 2.17094)
(9.62879 1.99545 2.17077)
(9.40973 1.99546 2.1702)
(9.40926 2.20454 2.17037)
(9.62875 3 2.17)
(9.62752 2.59885 2.17079)
(9.40914 2.59273 2.17037)
(9.40925 2.4 2.17042)
(9.62753 2.4 2.17079)
(10.505 3 2.17)
(10.4881 2.60295 2.18583)
(10.2742 2.59385 2.18062)
(10.0612 2.59904 2.17452)
(10.0669 3 2.17)
(9.84521 2.20456 2.17239)
(9.84773 1.99546 2.17206)
(10.4892 2.20651 2.18829)
(10.5139 1.99585 2.17895)
(10.2879 1.99562 2.17725)
(10.2764 2.20494 2.18083)
(10.2736 2.4 2.18289)
(10.402 2.4 2.20201)
(9.8447 2.4 2.1724)
(9.84462 2.59279 2.17226)
(10.0616 2.20463 2.17534)
(10.0671 1.9955 2.17427)
(10.0601 2.4 2.17573)
(8.97153 2.4 2.37881)
(9.40956 1.99546 2.37924)
(9.40929 2.4 2.3792)
(10.2829 1.99559 2.38849)
(9.84753 1.99546 2.38134)
(10.2742 2.4 2.39154)
(9.84483 2.4 2.38187)
(9.62762 2.20454 2.38024)
(9.62734 2.59277 2.38023)
(9.19043 2.59276 2.37897)
(9.19047 2.20454 2.37897)
(10.4898 2.20513 2.39644)
(10.0605 2.59297 2.38528)
(10.488 2.59473 2.39575)
(10.0616 2.20461 2.38536)
(8.97151 2.59129 2.37882)
(9.19045 2.4 2.37893)
(9.19052 1.99544 2.37892)
(9.40923 2.20454 2.37933)
(9.62863 1.99546 2.37992)
(9.40911 2.59129 2.37933)
(9.6276 2.4 2.3802)
(10.496 1.99579 2.39533)
(10.4008 2.4 2.4008)
(10.0659 1.99549 2.38393)
(10.2764 2.20477 2.39058)
(9.8452 2.20456 2.382)
(10.2745 2.59205 2.39067)
(10.0605 2.4 2.38568)
(9.84454 2.59134 2.38203)
(9.40975 1.99544 1.96085)
(10.2856 1.63116 1.96836)
(10.2831 1.99558 1.96823)
(9.84776 1.99545 1.9621)
(9.4092 2.4 1.96104)
(10.2746 2.4 1.96787)
(9.84532 2.4 1.9614)
(10.488 2.20513 1.97449)
(9.62781 2.20452 1.96123)
(10.0675 1.8 1.9644)
(10.0613 2.59295 1.96235)
(10.3976 1.8 1.99764)
(10.4862 2.59471 1.97401)
(10.0623 2.2046 1.96264)
(9.62915 1.8 1.96141)
(9.62753 2.59277 1.96119)
(10.497 1.63147 1.97727)
(10.4932 1.99579 1.97763)
(10.3921 2.4 1.99205)
(9.40989 1.8 1.96008)
(9.6288 1.99544 1.96138)
(9.40929 2.20453 1.96112)
(10.2832 1.8 1.97096)
(10.0664 1.99549 1.96377)
(10.277 2.20477 1.96614)
(9.84837 1.8 1.96231)
(9.84568 2.20455 1.96155)
(9.40915 2.59129 1.96114)
(9.62769 2.4 1.96115)
(10.2752 2.59204 1.96567)
(10.0611 2.4 1.96269)
(9.84506 2.59133 1.96139)
(10.5053 2.20654 1.30822)
(10.505 3 1.335)
(9.62867 2.20454 1.33271)
(9.62875 3 1.335)
(10.4628 1.8 1.3)
(10.5048 2.60294 1.31412)
(10.0667 2.20462 1.32466)
(10.0669 3 1.335)
(9.62901 1.8 1.33344)
(9.62861 2.59885 1.33309)
(10.068 1.8 1.32601)
(10.0665 2.59904 1.32647)
(10.286 2.4 1.11153)
(10.2891 1.63115 1.52989)
(10.2847 2.4 1.52324)
(9.40972 1.99545 1.12547)
(10.2864 1.63114 1.11219)
(10.2862 1.99558 1.11167)
(9.84798 1.99546 1.12209)
(9.40969 2.4 1.12562)
(9.84774 2.4 1.12213)
(9.4095 1.99545 1.54321)
(10.2881 1.99558 1.52827)
(9.84831 1.99546 1.54029)
(9.4096 2.4 1.54312)
(9.84704 2.4 1.53923)
(10.5062 1.63131 1.30904)
(10.5056 1.99587 1.30748)
(10.5051 2.20514 1.10461)
(10.5051 2.20514 1.51284)
(10.434 2.4 1.3)
(10.2859 2.20494 1.31656)
(9.40963 2.20452 1.33411)
(9.84771 2.20456 1.32976)
(9.62889 1.99545 1.333)
(9.62866 2.4 1.33305)
(9.62844 2.20454 1.54174)
(9.62873 2.20454 1.12421)
(10.0675 1.8 1.11847)
(10.0668 2.59296 1.1182)
(10.0689 1.8 1.53674)
(10.0655 2.59296 1.53402)
(10.434 1.8 1.1)
(10.434 1.8 1.5)
(10.2867 1.8 1.3167)
(10.068 1.63111 1.32605)
(10.505 2.59473 1.10655)
(10.504 2.59474 1.51395)
(10.2855 2.59383 1.31789)
(10.0669 2.20461 1.11762)
(10.0676 1.9955 1.32556)
(10.0665 2.4 1.32469)
(10.0661 2.2046 1.53393)
(9.62873 1.8 1.12454)
(9.40945 1.8 1.33488)
(9.84823 1.8 1.3309)
(9.62913 1.8 1.5426)
(9.62869 2.59278 1.12435)
(9.40961 2.59274 1.33416)
(9.84754 2.59279 1.33004)
(9.6283 2.59277 1.54174)
(10.5054 1.63143 1.10532)
(10.5052 1.99578 1.10443)
(10.2858 2.4 1.31537)
(10.4229 2.4 1.1)
(10.286 2.20477 1.11146)
(10.2859 2.59204 1.11222)
(10.0668 2.4 1.11797)
(10.5089 1.63143 1.51858)
(10.2872 1.63114 1.31844)
(10.2888 1.8 1.52801)
(10.0688 1.63108 1.53683)
(10.4229 2.4 1.5)
(10.2853 2.20477 1.52501)
(10.2844 2.59204 1.52497)
(10.0656 2.4 1.53339)
(10.5077 1.99578 1.51588)
(9.40984 1.8 1.12579)
(9.62879 1.99544 1.12426)
(9.40968 2.20453 1.1254)
(9.40962 1.99545 1.33434)
(10.2858 1.8 1.11185)
(10.0675 1.6311 1.11819)
(10.0673 1.99549 1.11798)
(10.2867 1.9956 1.31745)
(9.84793 1.8 1.12277)
(9.84779 2.20455 1.12177)
(9.84816 1.99546 1.3304)
(9.40966 2.59129 1.12545)
(9.62872 2.4 1.12456)
(9.40963 2.4 1.33433)
(9.84771 2.59133 1.12194)
(9.84774 2.4 1.32988)
(9.4092 1.8 1.54345)
(9.62891 1.99545 1.54222)
(9.40954 2.20453 1.54298)
(10.0681 1.99549 1.53602)
(9.84858 1.8 1.54123)
(9.84728 2.20456 1.53911)
(9.40951 2.59129 1.54296)
(9.62834 2.4 1.54192)
(9.84694 2.59134 1.53901)
(10.9378 0.375884 2.17294)
(10.9399 -1.32874e-16 2.17)
(10.9423 0.776601 2.17472)
(10.9637 1.16609 2.17041)
(10.5 1.86375e-16 2.17)
(10.4865 0.397049 2.18579)
(10.2719 0.40615 2.18043)
(10.0597 0.400949 2.17445)
(10.0635 1.86375e-16 2.17)
(10.4887 0.79349 2.18824)
(10.2746 0.795057 2.18067)
(10.2696 0.6 2.18265)
(10.402 0.6 2.20201)
(10.5136 1.00415 2.17895)
(10.287 1.00439 2.17729)
(10.2904 1.36886 2.17633)
(10.5186 1.36872 2.177)
(10.5 1.2 2.17)
(10.0606 0.795379 2.17526)
(10.059 0.6 2.17573)
(10.2924 1.2 2.17578)
(10.0664 1.0045 2.17421)
(10.0684 1.2 2.17378)
(10.0684 1.36891 2.17386)
(10.0637 1.60811e-16 1.7525)
(10.0601 0.407042 1.96207)
(10.0632 0.400959 1.74711)
(10.0613 0.795398 1.96241)
(10.06 0.6 1.96222)
(9.62804 0.795458 1.75131)
(9.62798 0.6 1.75139)
(9.84584 0.6 1.74943)
(9.84627 0.795451 1.74969)
(9.84562 0.407212 1.7496)
(9.62765 0.401151 1.75142)
(9.62724 1.60811e-16 1.7525)
(9.8482 1.00454 1.75087)
(9.62887 1.00454 1.75179)
(10.0643 0.79538 1.74662)
(10.0635 0.6 1.74568)
(10.0686 1.2 1.75086)
(10.0661 1.2 1.96491)
(10.067 1.36892 1.96416)
(10.0688 1.36889 1.7506)
(10.0676 1.00452 1.7497)
(9.84924 1.2 1.75118)
(9.62923 1.2 1.75213)
(10.0654 1.00451 1.9639)
(9.8489 1.3689 1.75127)
(9.62921 1.36892 1.75194)
(9.40945 0.795458 1.75203)
(9.4096 0.6 1.75205)
(9.1911 1.6081e-16 1.7525)
(9.40934 0.407264 1.75202)
(9.19056 0.401172 1.75236)
(9.40966 1.00454 1.75227)
(9.40973 1.2 1.75259)
(9.40981 1.36892 1.75232)
(8.97169 0.407264 1.75254)
(9.19046 0.795465 1.75234)
(8.97151 0.795466 1.75254)
(8.97152 0.6 1.75267)
(9.19037 0.6 1.75236)
(9.19054 1.00455 1.75236)
(8.97149 1.00455 1.75258)
(9.19046 1.2 1.75224)
(8.9714 1.2 1.75285)
(9.1906 1.36889 1.75237)
(8.97152 1.3689 1.75257)
(11.3797 0.366832 2.17043)
(11.3795 -1.32874e-16 2.17)
(11.8191 0.363145 2.17005)
(11.8187 -1.32874e-16 2.17)
(10.0638 1.35246e-16 1.335)
(10.0656 0.400959 1.32638)
(10.0663 0.407039 1.11815)
(10.0666 0.6 1.11796)
(10.0668 0.795399 1.11758)
(9.84831 1.36892 1.1222)
(9.8484 1.36891 1.33075)
(10.0673 1.00451 1.11799)
(10.0664 0.795376 1.32456)
(10.0662 0.6 1.32453)
(9.84754 0.795444 1.32982)
(9.84774 0.795445 1.1218)
(10.0675 1.2 1.11858)
(10.0675 1.36891 1.11823)
(9.84817 1.00453 1.12213)
(9.84814 1.00453 1.33053)
(9.84865 1.2 1.1228)
(9.8483 1.2 1.33144)
(9.62899 1.3689 1.333)
(9.62916 1.36891 1.54223)
(9.62892 1.2 1.33327)
(9.62915 1.2 1.54245)
(9.62841 0.795457 1.54167)
(9.62838 0.6 1.54184)
(9.62751 1.35246e-16 1.335)
(9.62816 0.407227 1.54169)
(9.6283 0.401153 1.33307)
(9.62894 1.00455 1.54209)
(9.6286 0.79546 1.33268)
(9.62859 0.6 1.33299)
(9.62885 1.00454 1.33293)
(9.84719 0.407213 1.3301)
(9.84745 0.6 1.33013)
(10.5051 0.793459 1.30819)
(10.434 0.6 1.3)
(10.5035 0.397059 1.31407)
(10.9412 0.375941 1.32838)
(10.944 0.776566 1.32056)
(10.5 1.35246e-16 1.335)
(10.2847 0.406159 1.31771)
(10.9405 0.375936 1.74725)
(10.9457 0.776589 1.74292)
(10.5062 1.36869 1.3091)
(10.4628 1.2 1.3)
(10.9474 1.16608 1.31617)
(10.9617 1.16609 1.74718)
(10.2873 1.36886 1.3188)
(10.9399 -8.1745e-17 1.335)
(10.9399 -1.0731e-16 1.7525)
(10.5056 1.00413 1.30752)
(10.2855 0.795056 1.31644)
(10.2848 0.6 1.31513)
(10.2873 1.2 1.31801)
(10.0678 1.36891 1.32592)
(10.0674 1.2 1.3255)
(10.0674 1.00451 1.32541)
(10.2868 1.0044 1.31777)
(11.8192 0.363141 1.75207)
(10.2857 0.6 1.11135)
(10.2866 1.36882 1.11232)
(10.2863 1.00444 1.1118)
(10.434 1.2 1.1)
(10.505 0.794858 1.10458)
(11.3834 0.756672 1.74895)
(11.3795 -1.0731e-16 1.7525)
(10.5044 0.405272 1.10648)
(10.4229 0.6 1.1)
(11.3801 0.366841 1.7511)
(11.8204 0.745653 1.75131)
(11.3913 1.14345 1.74767)
(10.5055 1.36856 1.10536)
(10.5052 1.00422 1.10445)
(10.2854 0.407957 1.11206)
(10.2858 0.795227 1.11134)
(10.2864 1.2 1.1121)
(11.8187 -1.0731e-16 1.7525)
(10.5 1.2 1.7525)
(10.5037 0.793469 1.72886)
(10.5 1.6081e-16 1.7525)
(10.5002 0.397054 1.7314)
(10.2849 0.6 1.52223)
(10.2719 0.6 1.96608)
(9.84697 0.6 1.53908)
(10.2887 1.36884 1.52936)
(10.2842 1.36885 1.96864)
(9.84825 1.00454 1.54004)
(10.2814 1.00442 1.96843)
(9.84869 1.36889 1.54042)
(10.2877 1.00442 1.52773)
(10.5204 1.36871 1.75015)
(10.3976 1.2 1.99764)
(10.434 1.2 1.5)
(10.5177 1.00414 1.74695)
(10.2922 1.2 1.75034)
(10.2827 0.795058 1.74042)
(10.0659 0.795413 1.5338)
(10.5049 0.794862 1.51276)
(10.4875 0.79487 1.97439)
(10.434 0.6 1.7)
(10.2807 0.406154 1.73997)
(10.0651 0.407039 1.53393)
(10.5034 0.405265 1.51387)
(10.4853 0.405293 1.97386)
(10.0687 1.2 1.53634)
(10.284 0.407954 1.52463)
(10.4229 0.6 1.5)
(10.3921 0.6 1.99205)
(10.5088 1.36857 1.51847)
(10.4967 1.36854 1.97732)
(10.4927 1.00421 1.97765)
(10.5075 1.00422 1.51576)
(10.2815 0.6 1.73679)
(10.0656 0.6 1.53332)
(10.2851 0.795234 1.52466)
(10.2734 0.407961 1.96503)
(10.2754 0.795231 1.96559)
(9.84669 0.408662 1.53893)
(9.84714 0.795453 1.53899)
(10.2911 1.36885 1.7499)
(10.0686 1.36885 1.53654)
(10.2881 1.2 1.52652)
(10.28 1.2 1.97183)
(9.84855 1.2 1.54082)
(10.0678 1.00451 1.53572)
(10.2892 1.0044 1.74806)
(9.62853 0.407224 1.12435)
(9.62865 0.795457 1.12422)
(9.62861 0.6 1.12459)
(9.62869 1.00456 1.12433)
(9.62865 1.2 1.12463)
(9.62877 1.36891 1.12432)
(8.97175 1.2 1.54346)
(9.19041 1.2 1.33551)
(9.1907 1.2 1.12585)
(8.97186 1.2 1.12622)
(8.97167 1.2 1.33486)
(9.40993 1.2 1.12569)
(9.19059 1.2 1.54364)
(9.40966 1.2 1.54328)
(9.40969 1.2 1.33434)
(9.19061 0.795473 1.33468)
(9.19184 1.35246e-16 1.335)
(9.19087 0.401162 1.33472)
(9.4097 0.6 1.12568)
(8.97169 0.6 1.12615)
(9.40954 0.6 1.54327)
(8.97155 0.6 1.54366)
(9.40976 1.00455 1.12547)
(8.97169 1.00456 1.12612)
(9.40968 1.00455 1.5431)
(8.9716 1.00455 1.54363)
(9.19066 0.795463 1.12592)
(9.19056 0.795469 1.54344)
(8.97161 0.79547 1.3349)
(9.40962 0.795461 1.33408)
(9.19064 0.6 1.33476)
(9.19056 1.00455 1.33492)
(9.19076 0.407236 1.12595)
(9.19062 0.407235 1.54344)
(9.40959 0.40726 1.33415)
(8.97189 0.407264 1.33491)
(9.19067 0.6 1.126)
(9.40966 0.408709 1.12547)
(9.4096 0.6 1.33429)
(9.40968 0.79546 1.12544)
(8.97184 0.40871 1.12614)
(8.9716 0.6 1.33498)
(8.97165 0.795463 1.12613)
(9.19057 0.6 1.54345)
(9.40947 0.408707 1.54299)
(9.40954 0.795465 1.54299)
(8.97171 0.40871 1.54366)
(8.97156 0.795465 1.54365)
(9.19068 1.00455 1.12591)
(9.4097 1.00456 1.33418)
(8.9716 1.00456 1.33489)
(9.19059 1.00456 1.54354)
(8.97161 1.36891 1.54363)
(9.40977 1.3689 1.54314)
(9.19062 1.36889 1.54355)
(9.40975 1.36892 1.33419)
(9.84768 0.6 1.12223)
(9.84752 0.408662 1.12196)
(8.97159 1.3689 2.17014)
(8.97173 1.36888 2.37878)
(8.97146 1.2 2.17016)
(8.9719 1.2 2.37861)
(8.97167 1.36892 1.96129)
(8.9718 1.2 1.96123)
(8.97153 0.795454 2.37877)
(8.97169 1.00456 2.37877)
(8.97156 1.00456 2.17014)
(8.97156 0.795461 2.16999)
(8.97168 0.6 2.16975)
(8.97146 0.6 2.37873)
(8.97135 0.408718 2.37876)
(8.97151 0.407276 2.16996)
(8.9715 0.795457 1.96139)
(8.97144 0.6 1.96162)
(8.97152 0.408717 1.96139)
(8.97163 1.00456 1.96131)
(9.19021 0.401169 2.1701)
(9.18944 1.86375e-16 2.17)
(9.19044 0.407238 1.9613)
(9.4091 0.408713 1.96122)
(9.19051 0.795455 1.96131)
(9.19061 0.6 1.96135)
(9.19065 1.00455 1.96134)
(9.40933 0.6 1.96122)
(9.40926 0.795458 1.96125)
(9.19083 1.2 1.96143)
(9.40958 1.00455 1.96129)
(9.40967 1.2 1.96117)
(9.19073 1.36891 1.96133)
(9.40978 1.36893 1.96131)
(9.62738 0.795463 2.17097)
(9.62731 0.6 2.17085)
(9.40906 0.6 2.17033)
(9.40912 0.795464 2.17039)
(9.40956 1.00455 2.17038)
(9.62834 1.00456 2.17095)
(9.19045 0.795464 2.17014)
(9.1905 0.6 2.17008)
(9.62691 0.401154 2.17079)
(9.40888 0.407269 2.17035)
(9.19053 1.00455 2.1702)
(9.19045 1.2 2.17025)
(9.40975 1.2 2.17032)
(9.62851 1.2 2.17094)
(9.19019 0.407252 2.37894)
(9.62884 1.36891 2.17093)
(9.40979 1.36889 2.17036)
(9.19063 1.36889 2.17019)
(9.19048 0.6 2.37888)
(9.62894 1.36893 1.96158)
(9.62879 1.2 1.96154)
(9.62665 1.86375e-16 2.17)
(9.62718 0.407227 1.96122)
(9.62757 0.795457 1.96129)
(9.62748 0.6 1.96128)
(9.6285 1.00454 1.96151)
(9.4089 0.408714 2.37933)
(9.627 0.407232 2.38016)
(9.84399 0.40721 2.1722)
(9.84475 0.795449 2.17234)
(9.84429 0.6 2.17232)
(9.84715 1.00454 2.17198)
(9.84818 1.36889 2.17188)
(9.84753 1.2 2.17163)
(9.40916 0.6 2.37925)
(9.40989 1.36889 2.37916)
(9.40968 1.00456 2.37918)
(10.2745 0.6 2.39185)
(9.84483 0.6 2.38189)
(10.283 1.00442 2.38837)
(10.286 1.36883 2.38729)
(9.84858 1.3689 2.38097)
(9.8476 1.00455 2.3812)
(9.6275 0.795471 2.38018)
(9.62857 1.2 2.3798)
(9.19065 1.2 2.37873)
(9.19046 0.795462 2.37894)
(10.4897 0.794869 2.39644)
(10.06 0.40704 2.38526)
(10.067 1.2 2.38336)
(10.4874 0.405272 2.39576)
(10.4064 1.2 2.40639)
(10.0613 0.795401 2.38532)
(9.19064 1.00454 2.37888)
(9.40918 0.795462 2.37933)
(9.6274 0.6 2.38004)
(9.19072 1.36891 2.37888)
(9.41 1.2 2.37899)
(9.62898 1.36886 2.37986)
(9.62851 1.00455 2.37994)
(10.4008 0.6 2.4008)
(10.274 0.407952 2.39076)
(10.496 1.00421 2.39531)
(10.5002 1.36855 2.39359)
(10.0601 0.6 2.38561)
(10.2762 0.795234 2.39065)
(9.84425 0.408661 2.38201)
(9.8451 0.795447 2.38197)
(10.2831 1.2 2.38843)
(10.0659 1.00451 2.38388)
(10.0677 1.36889 2.38335)
(9.84877 1.2 2.38057)
(9.84472 0.6 1.96141)
(9.8481 1.36891 1.96227)
(9.8472 1.00455 1.96211)
(9.84441 0.408661 1.96132)
(9.84514 0.795449 1.9615)
(9.84768 1.2 1.9624)
(7.44177 1.50061 0.91222)
(7.43963 1.50027 0.706643)
(7.65784 1.50001 0.707081)
(7.65827 1.50008 0.914149)
(7.87807 1.50007 2.37873)
(7.66008 1.50017 2.37878)
(7.44203 1.50023 2.37874)
(7.44731 1.50058 2.16994)
(7.66154 1.50017 2.16998)
(7.87847 1.50008 2.16997)
(7.44226 1.50024 1.9612)
(7.44746 1.50061 1.7523)
(7.66027 1.50011 1.96124)
(7.66165 1.50032 1.75232)
(7.87854 1.50011 1.75241)
(7.87822 1.50003 1.96125)
(7.4466 1.50059 1.33394)
(7.43982 1.50027 1.12374)
(7.87804 1.50002 1.33429)
(7.87714 1.50003 1.12492)
(7.65856 1.5001 1.12421)
(7.66093 1.50012 1.33401)
(7.44206 1.50025 1.54333)
(7.66013 1.5001 1.54331)
(7.65918 1.00438 0.70735)
(7.87813 1.5 1.54345)
(7.65751 1.2 0.707234)
(7.65749 1.36886 0.707064)
(7.87843 1.8 2.16959)
(7.87854 1.63114 2.16992)
(7.87805 1.63113 2.37873)
(7.87767 1.8 2.37866)
(7.88014 2.20464 2.16998)
(7.87902 1.9955 2.16993)
(7.87859 1.99551 2.37874)
(7.8801 2.20464 2.37877)
(7.87625 3 2.17)
(7.87966 2.59886 2.16997)
(7.88018 2.59288 2.37877)
(7.88004 2.4 2.37877)
(7.87992 2.4 2.16999)
(8.53372 2.59273 2.17001)
(8.31504 2.59883 2.17002)
(8.31436 3 2.17)
(8.53372 2.59129 1.96127)
(8.53363 2.4 1.96129)
(8.31514 2.59277 1.9613)
(8.5337 2.20454 1.96125)
(8.3149 2.4 1.96138)
(8.31498 2.4 2.17007)
(8.53352 1.99545 1.96113)
(8.53363 1.99545 1.75239)
(8.5336 1.6311 1.75237)
(8.53374 1.63109 1.54353)
(8.53334 1.8 1.75219)
(8.53365 1.5 1.54366)
(8.53366 1.50002 1.7524)
(8.09712 2.59275 2.16993)
(8.31511 2.20454 1.9613)
(8.31515 2.20454 2.17005)
(8.09715 2.20456 1.96128)
(8.09716 2.20455 2.16998)
(8.09687 2.4 2.1698)
(8.0969 1.8 2.17071)
(8.09667 1.63115 2.17029)
(8.09607 1.8 1.96216)
(8.09632 1.6311 1.9616)
(8.09655 1.99546 1.96159)
(8.09689 1.99547 2.17029)
(8.31477 1.99545 1.96122)
(8.53326 1.8 1.96095)
(8.53349 1.6311 1.96112)
(8.31468 1.6311 1.96121)
(8.31423 1.8 1.96096)
(8.53366 1.5 1.33485)
(8.53358 1.50012 1.12608)
(8.09623 1.49999 1.33455)
(8.09585 1.49994 1.12552)
(8.09639 1.50001 1.54354)
(8.09649 1.49996 1.75248)
(8.31489 1.50001 1.33483)
(8.31495 1.50007 1.54366)
(8.31494 1.49996 1.75246)
(8.31468 1.50008 1.12601)
(7.87795 1.63112 1.9613)
(7.87836 1.63114 1.75257)
(8.09648 1.63109 1.75248)
(8.31488 1.6311 1.75253)
(7.87775 1.2 2.16989)
(7.87691 1.2 2.37887)
(7.87746 1.36893 2.37874)
(7.87808 1.36893 2.16992)
(7.87787 1.36892 1.96119)
(7.8785 1.36892 1.75238)
(7.87753 1.2 1.96114)
(7.87854 1.2 1.75238)
(8.0965 1.63109 2.37871)
(8.31487 1.63108 2.37894)
(8.53361 1.63108 2.37878)
(8.53359 1.63109 2.17003)
(8.31493 1.63109 2.17016)
(8.53437 0.407266 1.75247)
(8.31746 0.401164 1.7525)
(8.32689 1.60811e-16 1.7525)
(8.31504 0.795467 1.75249)
(8.31471 0.6 1.75252)
(8.53365 0.6 1.75247)
(8.53371 0.795466 1.75245)
(8.53361 1.00455 1.75225)
(8.31489 1.00455 1.75246)
(8.5336 1.2 1.75181)
(8.53358 1.3689 1.75225)
(8.3147 1.2 1.75244)
(8.09626 1.36889 1.75258)
(8.09585 1.2 1.75284)
(8.31482 1.36888 1.75245)
(8.09714 0.795448 1.75252)
(8.09694 0.6 1.75256)
(8.09885 0.40725 1.75252)
(8.09648 1.00454 1.75259)
(7.8801 0.795383 1.33479)
(7.87996 0.6 1.3349)
(7.88014 0.6 1.12603)
(7.88002 0.795382 1.12587)
(7.90939 1.35247e-16 1.335)
(7.88333 0.407127 1.12611)
(7.88644 0.401142 1.33491)
(7.8777 1.0045 1.12517)
(7.8786 1.00449 1.33457)
(7.878 1.36892 1.33444)
(7.87693 1.36891 1.12494)
(7.88008 0.795382 1.54363)
(7.87993 0.6 1.54368)
(7.883 0.407123 1.54369)
(7.87855 1.00449 1.54349)
(7.87786 1.2 1.33471)
(7.87671 1.2 1.1249)
(7.87787 1.2 1.54341)
(7.878 1.36891 1.54343)
(7.66148 1.2 2.16954)
(7.44761 1.3688 1.75239)
(7.66171 1.36893 1.75227)
(7.66245 1.2 1.75215)
(7.65774 1.2 1.96119)
(7.65692 1.2 2.37877)
(7.43861 1.36865 2.37874)
(7.65869 1.3689 2.37876)
(7.44748 1.36879 2.16995)
(7.66121 1.36892 2.16982)
(7.65921 1.36889 1.96116)
(7.4388 1.36865 1.9612)
(7.50893 1.2 0.708926)
(7.43846 1.36865 0.706874)
(7.48037 1.2 0.9)
(7.43848 1.36881 0.908927)
(7.65725 1.2 0.911924)
(7.65754 1.36889 0.913276)
(7.02547 -8.18098e-17 1.33611)
(7.46262 0.402985 0.91727)
(7.02552 -5.62125e-17 0.918033)
(7.0473 0.390309 1.33535)
(7.45143 0.793953 1.33465)
(7.54502 1.35246e-16 1.335)
(7.04735 0.390254 0.917729)
(7.45116 0.793949 0.916169)
(7.46185 0.40297 1.33482)
(7.5 1.2 1.335)
(7.54526 1.09682e-16 0.9175)
(7.28567 0.18753 0.708763)
(7.28564 0.18753 1.12632)
(7.66497 0.6 1.12606)
(7.66538 0.6 0.708589)
(7.65917 1.00437 1.12472)
(7.65773 1.36888 1.12436)
(7.28548 0.187529 1.54383)
(7.66448 0.6 1.54358)
(7.6605 1.00437 1.54348)
(7.65943 1.36889 1.54341)
(7.44707 1.3688 1.33435)
(7.07657 -4.3402e-17 0.708842)
(7.07647 -9.45628e-17 1.54428)
(7.07656 -6.89959e-17 1.12677)
(7.06621 0.185198 1.33561)
(7.3 1.35246e-16 1.335)
(7.66464 0.795119 1.33466)
(7.25408 0.400285 0.917492)
(7.45248 0.6 0.916993)
(7.46239 0.403123 1.12598)
(7.49425 0.187439 0.917471)
(7.66951 0.407331 0.9175)
(7.46286 0.403122 0.708562)
(7.4407 1.00409 0.909672)
(7.5 1.2 1.12625)
(7.4619 0.40312 1.54359)
(7.5 1.2 1.54375)
(7.04491 0.392538 0.708801)
(7.06628 0.185191 0.917817)
(7.3 1.09682e-16 0.9175)
(7.50072 9.69006e-17 0.70875)
(7.45128 0.793969 0.708182)
(7.0449 0.392531 1.12641)
(7.04478 0.39253 1.54392)
(7.25389 0.400294 1.33503)
(7.45079 0.793969 1.12553)
(7.45085 0.6 1.33469)
(7.44846 1.00408 1.33455)
(7.4508 0.793971 1.54352)
(7.49396 0.18744 1.33499)
(7.50072 1.22464e-16 1.12625)
(7.5003 1.48027e-16 1.54375)
(7.66894 0.40733 1.3348)
(7.66222 1.2 1.33461)
(7.66452 0.795117 0.916799)
(7.06637 0.186003 0.708842)
(7.06636 0.186001 1.12663)
(7.06622 0.186 1.54414)
(7.2539 0.400545 0.708724)
(7.28551 0.187353 0.917552)
(7.49587 0.188041 0.70872)
(7.441 1.00401 0.707237)
(7.4527 0.6 0.708409)
(7.25378 0.400545 1.12624)
(7.45186 0.6 1.12567)
(7.49578 0.188042 1.12622)
(7.28541 0.187355 1.33511)
(7.66883 0.408067 1.12608)
(7.66543 0.6 0.917712)
(7.66436 0.795123 1.12572)
(7.66469 0.6 1.33471)
(7.66917 0.408067 0.708624)
(7.66455 0.795122 0.708308)
(7.43893 1.00402 1.12452)
(7.43666 1.36866 1.12409)
(7.65694 1.2 1.12481)
(7.6591 1.00439 0.913809)
(7.66224 1.00438 1.33446)
(7.6612 1.36891 1.33428)
(7.25362 0.400546 1.54376)
(7.45116 0.6 1.54338)
(7.49534 0.188042 1.54375)
(7.6684 0.408059 1.54362)
(7.66439 0.795118 1.54356)
(7.4405 1.00402 1.54359)
(7.43874 1.36866 1.54351)
(7.65843 1.2 1.54349)
(7.3 9.68994e-17 0.70875)
(7.3 1.22463e-16 1.12625)
(7.3 1.48028e-16 1.54375)
(7.3 0.6 0.70875)
(7.3 0.6 1.12625)
(7.3 0.6 1.54375)
(7.03161 0.593825 1.33499)
(7.24206 0.789075 1.33482)
(7.0314 0.593784 0.917346)
(7.24183 0.789047 0.917031)
(7.24154 0.789259 0.708517)
(7.3 0.6 0.9175)
(7.03074 0.59431 0.708678)
(7.24154 0.789259 1.12596)
(7.3 0.6 1.335)
(7.03084 0.594308 1.12618)
(7.24164 0.789262 1.54365)
(7.0309 0.594311 1.54375)
(8.31508 2.59277 2.37874)
(8.31484 2.4 2.37865)
(8.53347 2.4 2.37887)
(8.53369 2.4 2.17001)
(8.53366 2.59129 2.3788)
(8.31509 2.20456 2.37878)
(8.09656 1.8 2.37846)
(8.31502 1.99546 2.17017)
(8.31495 1.99546 2.37895)
(8.09673 1.99547 2.37874)
(8.53366 2.20454 2.37881)
(8.53373 2.20455 2.17001)
(8.53362 1.99546 2.17003)
(8.31491 1.8 2.17028)
(8.5335 1.8 2.17004)
(8.53363 1.99546 2.37878)
(8.31467 1.8 2.3791)
(8.53344 1.8 2.37865)
(8.09673 2.4 2.37885)
(8.09709 2.20456 2.3788)
(8.09714 2.59131 2.37879)
(8.3298 1.35246e-16 1.335)
(8.31814 0.401159 1.33499)
(8.31647 0.407235 1.12621)
(8.31497 0.6 1.12623)
(8.31511 0.79546 1.12616)
(8.3151 0.795457 1.54373)
(8.31488 0.6 1.54374)
(8.31627 0.407232 1.54374)
(8.31478 1.00455 1.12605)
(8.31497 1.00455 1.5438)
(8.31514 0.795461 1.33496)
(8.31496 0.6 1.335)
(8.315 1.00455 1.33496)
(8.53364 1.00456 1.12604)
(8.53341 1.00455 1.54382)
(8.53363 1.00455 1.33482)
(8.53365 1.2 1.12586)
(8.53364 1.2 1.33458)
(8.5329 1.2 1.54407)
(8.5336 1.36891 1.3348)
(8.53338 1.36892 1.5438)
(8.53359 1.36892 1.12602)
(8.53364 0.6 1.12609)
(8.5337 0.6 1.54374)
(8.53375 0.795464 1.33495)
(8.5346 0.407262 1.33497)
(8.53432 0.408712 1.12618)
(8.5337 0.6 1.33497)
(8.53373 0.795466 1.12615)
(8.53425 0.408709 1.54373)
(8.53372 0.795459 1.54373)
(8.09654 1.00454 1.5436)
(8.09614 1.00453 1.12562)
(8.09643 1.00453 1.33468)
(8.09566 1.2 1.12547)
(8.09595 1.2 1.33461)
(8.09623 1.2 1.5435)
(8.09615 1.36891 1.3346)
(8.09578 1.36889 1.1255)
(8.0963 1.36892 1.54356)
(8.09682 0.6 1.12592)
(8.09689 0.6 1.54368)
(8.09714 0.795441 1.33491)
(8.09915 0.407252 1.33498)
(8.09856 0.408688 1.1261)
(8.09701 0.6 1.33507)
(8.09704 0.795451 1.12597)
(8.09843 0.408687 1.54371)
(8.09712 0.795442 1.54368)
(8.31504 1.2 1.33519)
(8.31496 1.2 1.54399)
(8.31456 1.2 1.1261)
(8.3149 1.36891 1.33493)
(8.3149 1.36892 1.54378)
(8.31463 1.36891 1.12599)
(8.09644 1.00453 2.16993)
(8.09716 0.795441 2.16996)
(8.31512 0.795456 2.16994)
(8.31487 1.00455 2.16994)
(8.09597 1.2 2.16996)
(8.09817 0.407253 2.16997)
(8.31606 0.401164 2.16995)
(8.3194 1.86374e-16 2.17)
(8.09693 0.6 2.16997)
(8.31494 0.6 2.16989)
(8.31587 0.407232 1.96121)
(8.3151 0.795452 1.9612)
(8.31487 0.6 1.96117)
(8.31482 1.00455 1.96119)
(8.31475 1.2 2.16992)
(8.31449 1.2 1.96106)
(8.09602 1.2 1.96175)
(8.09641 1.50001 2.37866)
(8.09615 1.36892 2.3784)
(8.09611 1.2 2.37798)
(8.53355 1.36889 2.37878)
(8.53367 1.49998 2.37878)
(8.53357 1.2 2.16986)
(8.53334 1.2 2.37886)
(8.3141 1.2 2.37896)
(8.31459 1.36889 2.37872)
(8.31488 1.49993 2.37878)
(8.53358 1.2 1.96128)
(8.31468 1.00456 2.3787)
(8.31514 0.795461 2.37868)
(8.0964 1.00454 2.37839)
(8.31503 0.407235 2.3787)
(8.31504 0.6 2.37866)
(8.09718 0.795442 2.37866)
(8.09701 0.6 2.37871)
(8.09747 0.408691 2.37872)
(8.53372 0.795461 2.17001)
(8.53364 1.00455 2.16999)
(8.53371 0.795457 2.37874)
(8.53358 1.00456 2.37877)
(8.53361 0.6 2.37872)
(8.53391 0.6 1.9612)
(8.53364 1.00455 1.96122)
(8.53391 0.407271 2.17)
(8.53358 0.408714 2.37874)
(8.53363 0.6 2.17001)
(8.53409 0.408717 1.96122)
(8.53379 0.79546 1.96122)
(8.09622 1.36894 2.16995)
(8.09651 1.50016 2.17005)
(8.09642 1.50001 1.96136)
(8.09621 1.36892 1.96141)
(8.53362 1.3689 2.17)
(8.53367 1.49998 2.17002)
(8.31479 1.36892 2.16996)
(8.31493 1.50001 2.17004)
(8.53361 1.36892 1.96122)
(8.31487 1.50004 1.96124)
(8.31474 1.36891 1.96119)
(8.53364 1.50001 1.9612)
(8.09644 1.00454 1.9614)
(8.09697 0.6 1.96124)
(8.09819 0.40869 1.96124)
(8.09716 0.795443 1.96125)
(7.0109 2.61325 0.917419)
(7.01973 2.40932 0.917234)
(6.7842 2.63002 0.917473)
(6.63143 2.75429 0.91749)
(6.75638 2.83758 0.917497)
(7 3 0.9175)
(7.005 2.81266 0.917486)
(6.86746 2.91164 0.917499)
(7.01987 2.4085 0.70861)
(7.01105 2.61295 0.708689)
(7.00501 2.81263 0.708738)
(7 3 0.70875)
(7.87752 1.8 1.96114)
(7.87809 1.8 1.75283)
(7.48037 1.8 0.9)
(7.43851 1.63142 0.908885)
(7.87692 1.63111 1.12487)
(7.8779 1.6311 1.33429)
(7.65764 1.63118 0.913117)
(7.65745 1.8 0.911574)
(7.87777 1.8 1.33434)
(7.87664 1.8 1.12485)
(7.87784 1.63111 1.54363)
(7.87758 1.8 1.54404)
(7.44054 1.996 0.909623)
(7.65912 1.99565 0.913626)
(7.6642 2.20497 0.91662)
(7.45017 2.20649 0.916155)
(7.87625 3 1.335)
(7.87998 2.59887 1.33495)
(7.88048 2.59289 1.12616)
(7.8802 2.59289 1.96121)
(7.87983 2.59886 1.75242)
(7.87625 3 1.7525)
(7.88046 2.59289 1.54371)
(7.88031 2.20464 1.3348)
(7.8801 2.20463 1.1259)
(7.88033 2.4 1.12612)
(7.88031 2.4 1.33495)
(7.88025 2.4 1.54373)
(7.88028 2.20464 1.54367)
(7.88026 2.20463 1.75242)
(7.88012 2.4 1.75232)
(7.88009 2.20464 1.96123)
(7.87993 2.4 1.96123)
(7.23901 2.21291 0.916991)
(7.87854 1.99552 1.33442)
(7.8777 1.99551 1.1251)
(7.87843 1.99551 1.54369)
(7.87848 1.99551 1.9613)
(7.87887 1.9955 1.75258)
(7.23505 2.6004 0.91743)
(7.3 2.4 0.9175)
(7.48491 3 0.9175)
(7.66494 2.59271 0.917326)
(7.44951 2.59719 0.917257)
(7.4412 2.81253 0.917452)
(7.223 2.81236 0.917478)
(7.219 3 0.9175)
(7.6651 2.4 0.917276)
(7.4516 2.4 0.917053)
(7 3 2.5875)
(7.00498 2.81265 2.58752)
(7.00496 2.81261 2.79629)
(7 3 2.79625)
(7.01084 2.61319 2.58758)
(7.01088 2.61282 2.79638)
(7.45092 2.20646 2.58747)
(7.44869 1.99601 2.58751)
(7.5 1.8 2.5875)
(7.23922 2.21282 2.58756)
(7.01981 2.40921 2.58759)
(7.3 2.4 2.5875)
(7.48491 3 2.5875)
(7.66452 2.59271 2.58746)
(7.44913 2.59719 2.58746)
(7.44111 2.81252 2.5875)
(7.66264 1.99565 2.58751)
(7.6628 1.8 2.58745)
(7.66454 2.20497 2.58747)
(7.23494 2.60039 2.58751)
(7.22296 2.81235 2.58751)
(7.219 3 2.5875)
(7.66457 2.4 2.58737)
(7.45113 2.4 2.58736)
(7.5 1.8 2.17)
(7.5 1.8 2.37875)
(7.65879 1.8 2.37903)
(7.66264 1.8 2.17026)
(7.5 1.8 1.96125)
(7.5 1.8 1.7525)
(7.65798 1.8 1.96199)
(7.66243 1.8 1.75228)
(7.5 1.8 1.335)
(7.5 1.8 1.12625)
(7.5 1.8 1.54375)
(7.65768 1.8 1.12414)
(7.66137 1.8 1.33396)
(7.6578 1.8 1.54321)
(6.7841 2.62995 2.58769)
(6.78482 2.6286 2.79656)
(6.6313 2.7542 2.79647)
(6.75635 2.83757 2.79632)
(6.86746 2.91164 2.79627)
(7.01977 2.40831 2.79636)
(7.66172 1.63118 2.58752)
(7.44748 1.63141 2.5875)
(7.5 1.8 2.79625)
(7.65748 1.8 2.79629)
(7.65893 1.63118 2.79629)
(7.43854 1.63148 2.79625)
(7.66006 1.99566 2.79629)
(7.22295 2.81227 2.79627)
(7.66457 2.4 2.79631)
(7.45004 2.20637 2.79624)
(7.44902 2.59707 2.79623)
(7.43479 3 2.79625)
(7.44031 1.99606 2.79627)
(7.66419 2.20495 2.79629)
(7.23491 2.60032 2.79628)
(7.45076 2.4 2.7961)
(7.44108 2.81194 2.79626)
(7.66457 2.59198 2.79628)
(7.219 3 2.79625)
(7.3 2.4 2.79625)
(7.23907 2.21208 2.79631)
(7.44761 1.63142 1.75241)
(7.66167 1.63125 1.75238)
(7.65965 1.63121 2.37886)
(7.44764 1.63142 2.17002)
(7.66183 1.63119 2.17012)
(7.43885 1.6315 2.37877)
(7.65939 1.6312 1.9615)
(7.43885 1.6315 1.96128)
(7.65795 1.63119 1.12406)
(7.65915 1.6312 1.54331)
(7.44701 1.63143 1.33428)
(7.4367 1.6315 1.12401)
(7.6609 1.63118 1.33398)
(7.43868 1.6315 1.54348)
(6.63143 2.75429 1.12623)
(6.63143 2.75429 1.33498)
(6.63143 2.75429 1.75253)
(6.63144 2.75429 1.96131)
(6.63143 2.75429 1.54375)
(6.63144 2.75429 2.37883)
(6.63141 2.75427 2.58762)
(6.75638 2.83759 2.58754)
(6.86746 2.91164 2.58751)
(7.44872 1.99601 2.17002)
(7.45092 2.20648 2.16991)
(7.23939 2.2129 2.17001)
(7.66458 2.20498 2.16996)
(7.66267 1.99564 2.17012)
(7.23954 2.2129 1.33484)
(7.2393 2.21222 1.12597)
(7.66451 2.20497 1.12577)
(7.66501 2.20497 1.33473)
(7.23944 2.21222 1.96124)
(7.66476 2.20496 1.5436)
(7.66439 2.20497 1.9612)
(7.4504 2.20642 1.12567)
(7.45174 2.20649 1.33475)
(7.45095 2.2064 1.54364)
(7.45137 2.20649 1.75237)
(7.66485 2.20496 1.7524)
(7.4505 2.2064 1.96115)
(7.23955 2.21222 1.54369)
(7.23953 2.21291 1.75247)
(7.44844 1.996 1.3345)
(7.44875 1.996 1.75244)
(7.44047 1.99606 1.54358)
(7.65938 1.99566 1.12443)
(7.66029 1.99565 1.5434)
(7.66041 1.99565 1.96149)
(7.43888 1.99606 1.12447)
(7.662 1.99565 1.33418)
(7.44048 1.99607 1.96128)
(7.66254 1.99564 1.7524)
(7.45029 2.2064 2.37883)
(7.66434 2.20496 2.37878)
(7.66069 1.99565 2.37887)
(7.4405 1.99606 2.37879)
(7 3 1.335)
(7 3 2.17)
(7.44956 2.59719 1.75238)
(7.01099 2.61325 1.33496)
(7.01093 2.61324 2.17003)
(7 3 1.7525)
(7.48491 3 1.335)
(7.48491 3 2.17)
(7.01098 2.61325 1.75251)
(7.45008 2.59718 1.33492)
(7.4491 2.59719 2.1699)
(7.48491 3 1.7525)
(6.75638 2.83758 1.12624)
(6.75638 2.83759 1.54375)
(6.75638 2.83759 1.96126)
(6.75638 2.83759 2.37877)
(7.22302 2.81228 1.12624)
(7.66546 2.4 1.12629)
(7.22303 2.81228 1.54374)
(7.22299 2.81228 1.96124)
(7.66534 2.4 1.54366)
(7.66461 2.4 1.96113)
(7.22297 2.81228 2.37876)
(7.66462 2.4 2.37878)
(7.00501 2.81266 1.33499)
(7 3 1.12625)
(7 3 1.54375)
(6.86746 2.91165 1.335)
(7.219 3 1.335)
(7.005 2.81266 2.17001)
(7 3 1.96125)
(7 3 2.37875)
(6.86746 2.91164 2.17)
(7.219 3 2.17)
(6.78421 2.63002 1.75254)
(7.44973 2.59706 1.12612)
(7.23507 2.6004 1.75248)
(7.44989 2.59707 1.5437)
(7.45173 2.4 1.75227)
(7.44939 2.59707 1.96113)
(7.4412 2.81253 1.75248)
(7.66489 2.59271 1.7524)
(7.44917 2.59707 2.37882)
(6.78421 2.63002 1.33497)
(7.0111 2.61294 1.12619)
(7.01114 2.61294 1.54373)
(7.23517 2.6004 1.33497)
(7.45298 2.4 1.33488)
(6.78421 2.63002 2.17009)
(7.01111 2.61294 1.96127)
(7.01105 2.61292 2.3788)
(7.23496 2.6004 2.16999)
(7.45082 2.4 2.16975)
(7.00501 2.81266 1.7525)
(6.86746 2.91164 1.7525)
(7.219 3 1.7525)
(7.44129 2.81253 1.33498)
(7.43479 3 1.12625)
(7.43479 3 1.54375)
(7.44112 2.81253 2.16998)
(7.43479 3 2.37875)
(7.43479 3 1.96125)
(7.66524 2.59271 1.33492)
(7.66453 2.59271 2.16993)
(6.78511 2.62878 1.54375)
(6.78508 2.62877 2.37887)
(7.23516 2.60035 1.54373)
(7.45243 2.4 1.54374)
(7.23497 2.60034 2.37877)
(7.4512 2.4 2.37901)
(6.7851 2.62878 1.12622)
(6.75638 2.83759 1.33499)
(7.00502 2.81263 1.12624)
(6.78511 2.62878 1.96133)
(6.75638 2.83759 1.75251)
(7.00502 2.81263 1.54375)
(6.75638 2.83759 2.17002)
(7.00502 2.81263 1.96126)
(7.005 2.81263 2.37876)
(7.23512 2.60035 1.12621)
(7.45196 2.4 1.12605)
(7.44122 2.81194 1.12622)
(7.22303 2.81236 1.33499)
(7.66523 2.59198 1.12619)
(7.66545 2.4 1.3349)
(7.23504 2.60035 1.96123)
(7.45161 2.4 1.96104)
(7.22301 2.81236 1.75249)
(7.44124 2.81194 1.54374)
(7.44115 2.81194 1.96123)
(7.22297 2.81235 2.17)
(7.66501 2.4 1.75238)
(7.6652 2.59198 1.54368)
(7.6647 2.59198 1.96116)
(7.66456 2.4 2.1699)
(7.4411 2.81194 2.37876)
(7.66461 2.59198 2.37875)
(6.86746 2.91164 1.96125)
(6.86746 2.91164 2.37876)
(7.219 3 2.37875)
(7.219 3 1.96125)
(6.86746 2.91164 1.54375)
(6.86746 2.91164 1.12625)
(7.219 3 1.12625)
(7.219 3 1.54375)
(7.3 2.4 1.54375)
(7.3 2.4 2.37875)
(7.3 2.4 1.12625)
(7.3 2.4 1.96125)
(7.02001 2.40931 2.17005)
(7.02 2.40931 1.33489)
(7.02006 2.40933 1.75251)
(7.23931 2.21219 2.37879)
(7.02014 2.4085 1.54371)
(7.02004 2.40846 2.3788)
(7.3 2.4 1.335)
(7.3 2.4 1.7525)
(7.3 2.4 2.17)
(7.02001 2.40849 1.1261)
(7.02013 2.4085 1.96127)
(8.31496 1.6311 1.54367)
(8.31477 1.8 1.75271)
(8.31497 1.8 1.54374)
(8.31491 1.6311 1.3349)
(8.5337 1.63109 1.33484)
(8.31498 1.8 1.33502)
(8.53349 1.63115 1.12611)
(8.31468 1.63114 1.12637)
(8.31474 1.8 1.12726)
(7.44078 1.99607 0.707199)
(7.50893 1.8 0.708926)
(7.45016 2.2064 0.708058)
(8.0957 1.8 1.12548)
(8.09603 1.8 1.33446)
(8.09611 1.8 1.54348)
(8.09651 1.8 1.75235)
(7.66412 2.20496 0.708231)
(8.31519 2.20454 1.33491)
(8.31502 2.4 1.33487)
(8.31497 2.4 1.12624)
(8.31512 2.20453 1.12621)
(8.3151 2.59884 1.33494)
(8.31436 3 1.335)
(8.31519 2.59277 1.12622)
(8.31436 3 1.7525)
(8.31509 2.59884 1.75248)
(8.31519 2.20454 1.54371)
(8.31498 2.4 1.54373)
(8.3152 2.59277 1.54372)
(8.53354 2.4 1.75253)
(8.53371 2.20453 1.75249)
(8.31507 2.4 1.75244)
(8.3152 2.20454 1.75248)
(8.31483 1.99545 1.12643)
(8.31502 1.99545 1.33494)
(8.31506 1.99546 1.54369)
(8.31497 1.99546 1.75254)
(8.53374 2.20454 1.33496)
(8.53371 2.20452 1.12622)
(8.53374 2.20454 1.54372)
(8.53361 2.4 1.12622)
(8.53359 2.4 1.54373)
(8.53373 2.59274 1.33499)
(8.5337 2.59274 1.75251)
(8.53374 2.59129 1.12623)
(8.53362 2.4 1.33498)
(8.53373 2.59129 1.54375)
(8.53354 1.99545 1.12615)
(8.53378 1.99546 1.54355)
(8.53375 1.8 1.33482)
(8.5338 1.8 1.54325)
(8.53326 1.8 1.12591)
(8.53374 1.99544 1.33487)
(7.45152 2.4 0.708149)
(7.66494 2.4 0.708516)
(7.23911 2.21222 0.708462)
(8.09722 2.20456 1.33487)
(8.09711 2.20456 1.12605)
(8.09723 2.20456 1.54368)
(8.09724 2.20456 1.75248)
(8.09646 1.99547 1.33461)
(8.09613 1.99546 1.12567)
(8.09654 1.99547 1.54358)
(8.09672 1.99547 1.75249)
(8.09705 2.4 1.12614)
(8.09701 2.4 1.54371)
(8.09692 2.4 1.96123)
(8.09731 2.59275 1.33495)
(8.09725 2.59275 1.75247)
(8.09735 2.59132 1.12618)
(8.09707 2.4 1.33496)
(8.09704 2.4 1.7525)
(8.09736 2.59132 1.54371)
(8.09724 2.59131 1.96123)
(7.223 2.81228 0.708725)
(7.43479 3 0.70875)
(7.44947 2.59707 0.70844)
(7.23506 2.60035 0.70867)
(7.44118 2.81194 0.708692)
(7.66493 2.59198 0.708543)
(7.219 3 0.70875)
(7.3 2.4 0.70875)
(7.43847 1.63151 0.706861)
(7.65767 1.8 0.707272)
(7.65754 1.63119 0.707044)
(7.65912 1.99565 0.707312)
(8.09615 1.63109 1.33453)
(8.09576 1.63109 1.12554)
(8.09628 1.6311 1.54354)
(6.75638 2.83759 0.708749)
(6.78509 2.62879 0.708734)
(4.3513 0.368652 0.934547)
(4.34517 0.561888 0.930155)
(4.34281 0.757693 0.932448)
(4.79735 0.753466 0.93308)
(4.80714 0.366046 0.934917)
(4.81001 0.000263913 0.935343)
(4.37967 0.00164154 0.921789)
(4.35036 0.17817 0.942416)
(5.28206 0.364758 0.928144)
(5.27791 2.5362e-05 0.927648)
(5.28595 0.749201 0.926308)
(5.77206 0.366371 0.92189)
(5.76838 0.177876 0.921834)
(5.70764 -5.65547e-17 0.923701)
(6.21499 0.367019 0.920669)
(6 0.366459 0.920319)
(6 0.549806 0.923273)
(6.2175 0.553558 0.921736)
(6.25253 -5.64327e-17 0.921216)
(6 2.17539e-05 0.923662)
(6 0.176345 0.920231)
(6.21268 0.177898 0.920606)
(5.77461 0.743478 0.92069)
(5.77772 0.553212 0.922194)
(5.77785 0.932787 0.920122)
(6 0.931901 0.919906)
(6 0.741938 0.919433)
(5.26908 1.13779 0.922392)
(5.77245 1.12325 0.918676)
(6.21577 0.744472 0.919778)
(6.21566 1.12297 0.918052)
(6.62624 1.13693 0.916526)
(6.21768 0.932921 0.919799)
(6 1.12148 0.917756)
(4.13715 0.369189 0.933732)
(4.13611 0.56189 0.92992)
(4.14027 0.00142028 0.956448)
(4.14006 0.177285 0.942429)
(3.8925 0.372147 0.992934)
(3.89326 0.173959 0.999169)
(3.9541 0.00096196 0.974078)
(3.88821 0.566265 0.992835)
(6 2.10793 0.505728)
(6 2.33229 0.529147)
(5.83083 2.22055 0.506461)
(5.69044 2.12696 0.50152)
(6 1.89983 0.501307)
(5.73127 1.90619 0.500702)
(5.41776 1.94517 0.500065)
(5.54379 2.02919 0.50033)
(5.73127 1.90505 0.70834)
(5.41775 1.94517 0.708721)
(4.28433 1.18655 0.930393)
(4.55347 1.14602 0.927974)
(4.79212 1.13586 0.926511)
(4.33403 0.955832 0.934433)
(4.77963 1.51975 0.919548)
(4.79895 1.31471 0.922555)
(4.53296 1.35522 0.92393)
(4.65126 1.43417 0.921248)
(4.40121 1.26721 0.928044)
(5.02501 1.50629 0.918827)
(5.23271 1.53761 0.918691)
(5.02584 1.68389 0.918072)
(5.17236 1.78157 0.917768)
(4.89195 1.59463 0.918636)
(5.17255 1.7817 0.70884)
(5.23059 1.5395 0.709218)
(6.21478 1.50617 0.500954)
(6.21528 1.70289 0.500628)
(6 1.50334 0.501122)
(6 1.69986 0.500547)
(5.76148 1.51101 0.500967)
(5.74906 1.70874 0.500534)
(5.45999 1.73083 0.708911)
(5.48027 1.53176 0.709204)
(6.217 1.50523 0.709071)
(6 1.50377 0.708996)
(5.74908 1.70758 0.709012)
(5.48043 1.53085 0.918333)
(5.76145 1.51049 0.709137)
(5.28607 1.85738 0.708774)
(5.76135 1.50938 0.918044)
(6.21485 1.50413 0.917826)
(6 1.50294 0.917727)
(6.62297 1.50836 0.916591)
(5.7745 1.31394 0.917148)
(6.21747 1.31263 0.916977)
(6 1.31343 0.915533)
(4.13868 0.756508 0.9322)
(3.89521 0.768875 0.993486)
(4.14738 0.942582 0.926577)
(4.14932 1.09598 0.92307)
(4.00647 1.02572 0.9175)
(3.90552 0.983787 0.945165)
(5.72918 1.12328 3.02798)
(5.75105 1.12218 2.80589)
(5.46591 1.12947 2.81252)
(5.38882 1.12783 3.0832)
(5.2162 1.13221 2.82431)
(5.76197 1.12138 2.59206)
(5.49651 1.12895 2.59161)
(5.2653 1.13225 2.57765)
(5.24561 0.745335 2.18462)
(5.22316 0.743036 1.79257)
(4.61206 0.647511 1.91806)
(4.6766 0.765097 2.0149)
(4.7881 0.771889 2.18214)
(5.00319 0.745029 2.18525)
(5.03941 1.11342 2.55911)
(6.21252 1.12044 2.58973)
(6.61614 1.13536 2.58662)
(6.62539 1.13732 2.16902)
(6.21539 1.12421 2.16834)
(6.21685 1.1209 2.38049)
(4.79821 1.097 2.19731)
(5.00173 1.13966 2.18287)
(5.24287 1.13622 2.18099)
(5.26048 0.93959 2.17785)
(5.22323 1.13789 1.98228)
(5.24568 1.13266 1.77151)
(5.24697 1.13675 2.38397)
(4.95694 1.1963 2.43541)
(5.76987 1.12254 1.75248)
(5.77618 1.12077 1.5456)
(5.77157 1.11898 1.335)
(5.26091 1.13643 1.3443)
(5.76865 1.12433 2.16974)
(5.77518 1.12292 1.95846)
(5.50897 1.12989 2.17488)
(6.62769 1.13717 1.75142)
(6.21576 1.12282 1.7504)
(6.21758 1.12278 1.95764)
(6.62772 1.13628 1.33412)
(6.2158 1.11877 1.33388)
(6.21767 1.12061 1.54492)
(5.76596 1.1225 2.38176)
(5.50519 1.12956 2.38343)
(6 1.12051 1.74958)
(6 1.11911 1.54561)
(6 1.10851 1.32838)
(6 1.1215 1.95655)
(6 1.1231 2.16814)
(6 1.11691 2.59027)
(6 1.11954 2.38166)
(5.49685 1.12589 3.24518)
(5.74954 1.12119 3.26461)
(5.73459 1.11961 3.60019)
(5.2684 0.749964 1.3516)
(6.58411 1.13098 2.99902)
(6.56546 1.12415 3.20158)
(6.36987 1.12111 2.99999)
(6.34605 1.1176 3.20428)
(6.18117 1.1182 3.00399)
(6.13227 1.11355 3.2676)
(6.00005 1.11445 3.20126)
(6.00002 1.11934 3.00118)
(5.85593 1.11541 3.77865)
(5.99974 1.09239 3.40076)
(6.20835 1.11923 2.7986)
(6 1.11841 2.79902)
(4.33469 0.559871 1.13098)
(4.09626 0.556852 1.14289)
(4.18365 0.559022 1.27788)
(4.26718 0.561657 1.40123)
(4.3291 0.753924 1.13296)
(4.27511 0.740434 1.41249)
(4.00425 0.55625 1.00872)
(4.53511 0.762122 1.35973)
(4.76857 0.754222 1.36495)
(4.44599 0.720858 1.66904)
(4.54544 0.75851 1.81815)
(4.54811 0.762931 1.56226)
(4.36068 0.772365 1.54109)
(4.72397 0.747332 1.6019)
(5.77674 1.12048 1.12813)
(6.21768 1.12019 1.12777)
(6 1.11882 1.12801)
(5.26879 1.75472e-05 1.35098)
(5.26799 0.365956 1.35249)
(5.77027 0.368735 1.33764)
(5.76687 0.177049 1.34038)
(5.70474 -8.25959e-17 1.34889)
(5.77281 0.752366 1.33495)
(5.77697 0.559019 1.33812)
(6.25248 -8.23452e-17 1.34511)
(6 -8.35378e-17 1.36467)
(6 0.173313 1.33214)
(6.21269 0.177051 1.33842)
(6.21497 0.369295 1.33555)
(6 0.372676 1.33215)
(6 0.563646 1.34018)
(6.2175 0.559379 1.33729)
(5.77728 0.938629 1.33763)
(6.2158 0.753455 1.33312)
(6 0.763601 1.32692)
(6.21771 0.938795 1.337)
(6 0.945474 1.33958)
(5.24172 0.368472 1.78154)
(4.95079 0.377173 1.81528)
(4.60916 0.473504 1.91373)
(4.98805 0.180575 1.78989)
(4.74765 0.180288 1.79776)
(5.28199 3.53846e-06 1.74757)
(4.99911 7.44516e-06 1.78586)
(5.23932 0.178054 1.77802)
(4.77815 3.40177e-05 1.76963)
(4.53293 0.171402 1.7995)
(4.54766 0.363773 1.82155)
(4.52868 2.75119e-07 1.79299)
(5.74943 0.932938 3.26364)
(5.72976 0.93417 3.02701)
(5.7306 0.737695 3.59447)
(5.74932 0.745387 3.26389)
(5.73053 0.929252 3.59419)
(5.72959 0.746449 3.02858)
(6.21116 0.365684 2.58734)
(6.21468 0.557307 2.59372)
(6 0.554638 2.59816)
(6 0.360252 2.58249)
(6.20867 0.179815 2.58909)
(6.24641 -3.85889e-07 2.59579)
(6.61806 -1.17293e-07 2.59026)
(6.6163 0.370451 2.58807)
(6.21247 0.749415 2.59059)
(6 0.754489 2.59204)
(5.76332 0.748357 2.59296)
(5.75165 0.747362 2.80692)
(5.75102 0.558482 2.81108)
(5.76304 0.556612 2.59585)
(5.7289 0.556229 3.03034)
(5.76006 0.364892 2.59065)
(5.74814 0.366671 2.8054)
(5.72606 0.365785 3.02742)
(6 0.18418 2.58416)
(6 -1.60245e-16 2.61697)
(5.73595 0.178226 2.80436)
(5.74821 0.179933 2.59474)
(5.7041 3.81965e-05 3.02513)
(5.72326 3.44817e-06 2.80564)
(5.7171 0.176239 3.0248)
(5.71528 -1.58104e-16 2.58201)
(6.61575 0.758523 2.58714)
(5.76325 0.930366 2.58945)
(5.75162 0.93322 2.80433)
(5.74838 0.554054 3.26338)
(5.73371 0.548088 3.59931)
(5.71683 0.357739 3.5746)
(5.74211 0.364012 3.25699)
(5.68971 0.169566 3.53554)
(5.72464 0.173542 3.2441)
(5.70063 0.000108541 3.23416)
(5.63707 2.50083e-05 3.45427)
(6.21491 0.929285 2.58726)
(6 0.921677 2.58375)
(7.02161 0.782274 3.00363)
(6.57943 0.93706 2.99735)
(6.58421 0.754413 2.99901)
(7.01893 0.784499 3.21221)
(6.56494 0.747815 3.20023)
(6.58399 0.370522 3.00311)
(6.56318 0.370163 3.20813)
(6.56315 0.558822 3.2033)
(6.57992 0.559946 2.99959)
(6.58122 0.179765 3.0053)
(6.5627 0.18024 3.21148)
(6.58679 -5.24345e-07 2.96207)
(6.56373 6.37061e-07 3.21315)
(6.62709 0.370706 2.16995)
(6.62854 -1.3291e-16 2.17049)
(6.62495 0.759026 2.16927)
(6.21533 0.747085 2.16845)
(6.2168 0.747803 2.38082)
(6.21427 0.366933 2.16817)
(6.21714 0.555999 2.1675)
(6.25111 -1.32706e-16 2.16748)
(6.21188 0.177302 2.16796)
(5.28967 -1.34007e-16 2.19015)
(5.23102 -1.21647e-16 1.98536)
(5.22779 0.178934 1.9884)
(5.23216 0.177104 2.19236)
(4.95984 0.686088 2.43976)
(5.24965 0.743832 2.3867)
(5.23242 0.554377 2.18732)
(5.23771 0.365502 2.18994)
(5.22321 0.368248 1.99151)
(5.27559 0.938018 2.57315)
(5.06931 0.938035 2.60397)
(5.76651 0.366395 2.17084)
(5.76232 0.177352 2.17134)
(5.69582 -1.33126e-16 2.17406)
(5.51466 0.746455 2.17522)
(5.77127 0.745914 2.16969)
(5.77525 0.555638 2.16839)
(6 0.175035 2.1644)
(6 0.366049 2.16742)
(6 0.552756 2.16515)
(6 0.745977 2.16816)
(5.51036 0.74635 2.38368)
(5.76871 0.747412 2.38193)
(5.49944 0.746102 2.59274)
(5.26791 0.746195 2.57986)
(6 0.748536 2.38162)
(5.50148 0.936032 2.59019)
(6 0.000203216 2.1474)
(5.04114 0.765213 2.56171)
(5.38952 0.93512 3.08426)
(5.38971 0.744017 3.08454)
(6.20321 -1.45825e-16 2.38167)
(6.21205 0.178724 2.37922)
(6.21711 0.560591 2.38314)
(6.21557 0.367274 2.37888)
(5.38933 0.553255 3.08398)
(5.38554 0.169309 3.07836)
(5.37638 1.86983e-07 3.06453)
(5.38795 0.362419 3.08192)
(5.21798 0.744559 2.82697)
(5.21751 0.937052 2.82627)
(5.22597 0.175286 2.39959)
(5.21854 -1.47235e-16 2.40333)
(5.25697 0.553211 2.58678)
(5.25417 0.361197 2.58873)
(5.22961 0.363066 2.39643)
(5.21798 0.552412 2.82697)
(5.21261 9.40716e-09 2.81891)
(5.21718 0.166361 2.82577)
(5.249 0.172705 2.59337)
(5.2584 -1.58077e-16 2.58172)
(5.21769 0.359247 2.82653)
(4.80461 -1.35136e-16 2.20692)
(4.77926 0.382591 2.16889)
(4.95808 0.168913 2.43712)
(4.98085 0.178164 1.99966)
(4.99296 -1.34875e-16 2.20019)
(5.05367 0.359378 2.58051)
(4.67898 0.372083 2.01848)
(4.99174 0.364699 2.19549)
(5.06471 -1.58998e-16 2.59706)
(4.79103 0.170829 2.18654)
(4.69242 -1.24831e-16 2.03863)
(4.99512 0.175001 2.19595)
(4.95834 0.362118 2.43751)
(5.05416 0.166037 2.58125)
(4.96544 0.371469 2.00714)
(4.69823 0.17309 2.04737)
(4.95251 -1.48719e-16 2.42877)
(4.98448 -1.22298e-16 1.99767)
(5.46637 0.553872 2.81493)
(5.46205 0.174226 2.81397)
(6 0.177223 2.37723)
(6 0.566978 2.38846)
(5.46745 0.9361 2.81337)
(5.49033 0.364097 2.59632)
(5.77122 0.367044 2.3805)
(5.47512 -1.59703e-16 2.60835)
(5.75651 -1.4611e-16 2.38611)
(5.48268 0.177356 2.60042)
(5.76326 0.178812 2.38228)
(5.49482 0.554772 2.59555)
(5.77361 0.560337 2.38407)
(5.46465 0.362611 2.81387)
(5.46757 0.744989 2.81433)
(6 0.365967 2.3778)
(6 0.000171419 2.382)
(5.45324 4.69117e-06 2.8187)
(5.49729 0.933636 3.24585)
(5.49634 0.551683 3.24448)
(5.48654 0.167064 3.22993)
(4.95851 0.551513 2.43777)
(4.79078 0.555899 2.18617)
(5.49728 0.742631 3.24586)
(5.49291 0.3597 3.23939)
(5.05317 0.55308 2.57976)
(4.99891 0.554211 2.1893)
(5.2327 0.552875 2.39406)
(5.48859 1.53176e-06 3.23281)
(5.70088 -1.078e-16 1.76052)
(5.76484 0.177198 1.75577)
(5.76707 0.366909 1.75341)
(5.76873 0.745886 1.75283)
(5.7756 0.557391 1.74882)
(5.7767 0.745446 1.54244)
(6.21483 0.367204 1.7499)
(6.21251 0.177139 1.75298)
(6.25223 -1.07499e-16 1.75522)
(6.21575 0.747487 1.74895)
(6.21768 0.74595 1.5413)
(6 0.744588 1.54037)
(6 0.746868 1.74825)
(6 0.36726 1.74858)
(6 0.175182 1.75184)
(6 6.08656e-05 1.75597)
(6.21744 0.557781 1.74739)
(6 0.562012 1.74439)
(6 0.538896 1.54181)
(6 0.173619 1.5364)
(6.20531 -9.43798e-17 1.54116)
(6.21665 0.36468 1.5414)
(5.77455 0.364507 1.54274)
(5.76272 -9.45424e-17 1.54384)
(5.77771 0.550311 1.54259)
(6 0.362256 1.54013)
(6.21792 0.550585 1.54183)
(5.76887 0.177121 1.54301)
(6.21352 0.176998 1.54113)
(6 0.00100461 1.52192)
(6.21735 0.932553 2.37935)
(6.21743 0.934158 2.16843)
(5.26431 0.939055 2.37993)
(6 0.175315 1.96566)
(6 0.556156 1.95095)
(6 0.93432 1.95764)
(6 0.935971 1.54333)
(6 0.931643 2.37952)
(5.51292 0.93676 2.38179)
(6.21758 0.746214 1.95726)
(6.21647 0.366978 1.95905)
(6.21769 0.934751 1.75006)
(5.77617 0.745719 1.9583)
(5.77605 0.934412 1.75124)
(5.7706 0.93442 2.16962)
(6.20493 -1.20617e-16 1.96987)
(5.77358 0.366825 1.9605)
(5.75989 -1.20834e-16 1.9735)
(5.76713 0.177887 1.96703)
(5.7772 0.556309 1.95615)
(6 0.366727 1.95811)
(6.21326 0.177789 1.96475)
(6.21782 0.556534 1.95539)
(6 0.74592 1.95643)
(6.2181 0.93442 1.9581)
(6.21816 0.935351 1.54332)
(5.7768 0.93435 1.95877)
(6 0.93426 1.74983)
(6 0.933395 2.1682)
(5.517 0.937161 2.17372)
(5.77811 0.935219 1.54392)
(5.76785 0.93336 2.38044)
(6 0.00179929 1.98933)
(7.02403 -1.32889e-16 2.17022)
(7.0645 0.18518 2.17017)
(7.28375 0.187349 2.17004)
(7.3 1.86375e-16 2.17)
(7.0317 0.783069 2.16983)
(7.45214 0.793943 2.16995)
(7.2421 0.789037 2.16995)
(7.04572 0.390203 2.17005)
(7.03105 0.593763 2.16997)
(7.3 0.6 2.17)
(7.25311 0.400276 2.17001)
(7.53839 1.86375e-16 2.17)
(7.48898 0.187436 2.17001)
(7.46124 0.402979 2.16997)
(7.66841 0.407331 2.16996)
(7.66518 0.6 2.16994)
(7.66501 0.795112 2.16994)
(7.45241 0.6 2.16995)
(7.02447 0.78469 2.79583)
(7.02902 0.782908 2.58728)
(7.02317 0.593691 3.00458)
(7.01961 0.594082 3.2131)
(7.23558 0.405065 3.21359)
(7.24018 0.401081 3.00493)
(7.02197 0.390719 3.0046)
(7.0093 0.391343 3.21287)
(7.25292 0.187243 3.00499)
(7.02762 0.185279 3.00494)
(7.03648 5.07438e-09 3.00517)
(7.3 2.37312e-16 3.00187)
(7.02643 0.594241 2.7961)
(7.04045 0.390164 2.58765)
(7.02905 0.593726 2.58746)
(7.01865 -3.95112e-09 2.58832)
(7.05791 0.185176 2.58791)
(7.03296 0.392584 2.79622)
(7.04906 0.186015 2.79643)
(7.06326 -2.59081e-09 2.79657)
(7.24005 0.788897 3.00473)
(7.3 0.6 3.005)
(7.3 0.6 3.21375)
(7.2393 0.789135 3.21336)
(7.5 1.2 2.79625)
(7.65696 1.2 2.79652)
(7.45645 0.402987 2.58741)
(7.4519 0.793931 2.5874)
(7.51142 2.1194e-16 2.5875)
(7.28187 0.187524 2.3788)
(7.26752 0.187503 2.79629)
(7.66527 0.6 2.37863)
(7.66513 0.6 2.79622)
(7.65971 1.00438 2.79645)
(7.45092 0.793949 2.79628)
(7.45039 0.403204 2.79629)
(7.41667 2.24721e-16 2.79625)
(7.07414 -1.45676e-16 2.37907)
(7.24983 0.400288 2.58751)
(7.45993 0.403119 2.37865)
(7.4521 0.6 2.58726)
(7.46741 0.187403 2.5875)
(7.66614 0.407344 2.58743)
(7.04203 0.392477 2.37883)
(7.3 2.1194e-16 2.5875)
(7.48786 1.99158e-16 2.37875)
(7.45134 0.793959 2.37863)
(7.6649 0.795117 2.58747)
(7.06279 0.185988 2.37898)
(7.2519 0.400532 2.37875)
(7.27686 0.187344 2.58757)
(7.48471 0.188033 2.37875)
(7.45231 0.6 2.37852)
(7.24577 0.40067 2.79625)
(7.45177 0.6 2.79642)
(7.43504 0.187851 2.79626)
(7.66759 0.408068 2.37867)
(7.6652 0.6 2.58738)
(7.66474 0.79512 2.37868)
(7.66432 0.408115 2.79625)
(7.6646 0.79512 2.79628)
(7.44036 1.00402 2.79631)
(7.3 1.99157e-16 2.37875)
(7.3 2.24722e-16 2.79625)
(7.65849 1.36886 2.79645)
(7.4384 1.36863 2.7963)
(7.3 0.6 2.37875)
(7.3 0.6 2.79625)
(7.0278 0.784882 2.37864)
(7.2415 0.789003 2.58742)
(7.24147 0.78923 2.37869)
(7.3 0.6 2.5875)
(7.02975 0.594263 2.37874)
(7.24059 0.789179 2.79614)
(6.77822 0.182251 3.21236)
(6.79653 0.376657 3.00378)
(6.79924 -6.50835e-08 3.00857)
(6.98571 -1.96783e-16 3.21367)
(6.78302 0.376754 3.21098)
(6.99522 0.184631 3.21322)
(6.79706 0.182282 3.00482)
(6.77609 4.1975e-07 3.21315)
(7.28489 0.187527 1.9613)
(7.66493 0.6 1.9613)
(7.07608 -1.20109e-16 1.96148)
(7.46169 0.403118 1.96129)
(7.04429 0.392503 1.96133)
(7.4983 1.73594e-16 1.96125)
(7.45104 0.793966 1.96126)
(7.06563 0.185994 1.96144)
(7.25335 0.400538 1.96128)
(7.49363 0.18804 1.96127)
(7.45149 0.6 1.96135)
(7.66838 0.408064 1.96126)
(7.66462 0.795122 1.96124)
(7.3 1.73593e-16 1.96125)
(7.3 0.6 1.96125)
(7.02884 0.784944 1.96115)
(7.24167 0.789247 1.96122)
(7.0307 0.594287 1.96124)
(6.18121 0.743335 3.0041)
(6.1782 0.928704 3.00557)
(6.36773 0.930883 3.0002)
(6.36979 0.744611 2.99935)
(6.34571 0.740779 3.20178)
(6.13201 0.733703 3.26779)
(6.00001 0.749706 3.00121)
(6.00001 0.933831 2.99777)
(5.99924 0.777845 3.40139)
(5.99982 0.546731 3.40053)
(6.00005 0.75658 3.20086)
(5.99564 0.382384 3.40797)
(5.99563 0.164214 3.40798)
(5.99898 0.00272274 3.40226)
(6.11821 0.918152 3.28179)
(6.34089 0.926222 3.20641)
(6.56297 0.933745 3.2002)
(6.00004 0.935063 3.20048)
(5.85417 0.734798 3.77606)
(5.84372 0.35616 3.76362)
(5.72456 0.00232167 3.58648)
(5.81517 0.172658 3.72346)
(5.8591 0.547081 3.78559)
(5.8544 0.928768 3.77558)
(5.99926 0.935552 3.40136)
(6 0.558836 3.00735)
(6.18058 0.557281 3.00728)
(6.20018 -1.83461e-05 2.99181)
(6.1779 0.177165 3.00863)
(6.00009 0.175972 3.00452)
(6 0.000266412 3.00827)
(6.14462 0.00762523 3.25534)
(6.12497 0.173712 3.27475)
(6.12887 0.557557 3.27113)
(6.00003 0.368633 3.004)
(6.1796 0.365599 3.00694)
(6.12652 0.359045 3.27322)
(6 0.563383 2.81254)
(6.00002 0.177513 2.78992)
(6.34423 0.556324 3.2059)
(6.34573 0.177551 3.213)
(6 0.931665 2.79566)
(6.19497 -4.15311e-06 2.79489)
(6.37067 -4.6253e-06 3.01227)
(6.20707 0.367532 2.79789)
(6.36891 0.367079 3.00386)
(6.20841 0.747142 2.79933)
(6 0.367851 2.79706)
(6.20842 0.559453 2.8041)
(6 0.749564 2.80013)
(6.20351 0.178792 2.79499)
(6.34296 0.364724 3.20901)
(6.36897 0.556939 3.00152)
(6.36936 0.178955 3.00693)
(6.20829 0.931277 2.79697)
(6 0.00112882 2.77442)
(6.34972 -7.48507e-06 3.21659)
(5.99999 0.560798 3.1996)
(6.00032 0.171869 3.21731)
(6.0001 0.373862 3.20675)
(5.99993 0.00334483 3.24062)
(4.7785 0.369466 1.36585)
(4.77802 0.177938 1.36485)
(4.81601 0.000118047 1.33683)
(4.26756 2.12178e-05 1.39813)
(4.31934 0.00250324 1.16285)
(4.33068 0.177175 1.14924)
(4.27053 0.173181 1.40856)
(4.33293 0.367304 1.13699)
(4.2778 0.386854 1.4176)
(4.10081 0.172749 1.15566)
(4.0044 0.3675 1.00885)
(4.00622 0.0117773 1.01173)
(4.01164 0.178749 1.02794)
(4.09741 0.365941 1.14598)
(4.11488 0.000639705 1.15052)
(4.53597 0.000379883 1.37863)
(4.54123 0.177723 1.36929)
(4.54028 0.367428 1.36573)
(4.44863 0.406336 1.67311)
(4.45285 3.3835e-05 1.67929)
(4.55784 0.176142 1.56617)
(4.38084 2.6143e-06 1.5711)
(4.36559 0.36092 1.54891)
(4.45294 0.16799 1.67958)
(4.7313 0.376551 1.60246)
(4.76844 7.33177e-05 1.57426)
(4.36708 0.171353 1.55122)
(4.55238 0.367042 1.56879)
(4.76449 0.180171 1.57884)
(4.54945 0.000132267 1.57361)
(6 0.552194 1.13631)
(6 0.17862 1.1408)
(6 0.931518 1.13862)
(6.20538 -6.96058e-17 1.13672)
(6.21668 0.367546 1.13211)
(5.77785 0.74318 1.13025)
(6.21769 0.743564 1.12968)
(5.77565 0.367314 1.13289)
(5.76478 -6.97142e-17 1.13852)
(5.77842 0.554445 1.13279)
(6 0.367726 1.13418)
(6.21795 0.55466 1.13237)
(6 0.738406 1.13026)
(5.77013 0.178837 1.13632)
(6.2136 0.178845 1.13524)
(6.21817 0.933028 1.13212)
(5.77867 0.932967 1.13243)
(6 -7.00395e-17 1.14417)
(6.6064 1.89024 0.915842)
(6.62412 1.50768 1.3348)
(6.60775 1.89 1.33386)
(5.22937 1.53585 1.33904)
(5.17069 1.78046 1.33688)
(5.45878 1.72941 1.33646)
(5.47854 1.52927 1.33788)
(5.76093 1.50703 1.33759)
(5.7487 1.70382 1.33662)
(5.41731 1.94487 1.3352)
(5.73104 1.90196 1.33376)
(5.77421 1.30947 1.33811)
(6.21496 1.50186 1.3371)
(6.21751 1.30822 1.33775)
(6 1.30569 1.33917)
(6 1.49985 1.33761)
(6 1.69235 1.337)
(6.21531 1.69632 1.33623)
(6.20661 1.89819 1.3326)
(6 1.88829 1.33154)
(6 1.8699 1.12115)
(6.20943 1.89076 1.12405)
(6.20657 1.89885 0.916402)
(6 1.88932 0.916253)
(5.22911 1.53846 1.1281)
(5.17186 1.78124 1.127)
(5.73124 1.90248 0.917051)
(5.41771 1.94515 0.917459)
(5.73116 1.89794 1.12519)
(5.41761 1.94507 1.12627)
(6 1.8969 0.70767)
(6.20923 1.90519 0.707921)
(4.75855 1.14244 1.78)
(4.74192 0.945371 1.79513)
(4.52847 0.957808 1.7927)
(4.52704 1.1554 1.79054)
(4.51294 1.34195 1.7694)
(4.7634 1.31702 1.78205)
(4.75055 1.50036 1.78243)
(4.63501 1.42335 1.77056)
(4.98977 1.13713 1.77903)
(6 2.33196 1.30342)
(6 2.09541 1.32477)
(5.69036 2.12691 1.33268)
(4.99 1.32001 1.77835)
(5.21727 1.5318 1.76505)
(5.22019 1.33022 1.77168)
(5.00329 1.49672 1.77264)
(5.22327 1.53555 1.5506)
(5.16834 1.77889 1.54793)
(5.16421 1.77614 1.76068)
(5.54361 2.02907 1.33442)
(4.87208 1.58139 1.77298)
(5.01253 1.67501 1.76576)
(6 2.33333 1.14793)
(6 2.33332 0.916143)
(6 2.09722 0.915177)
(6 2.07113 1.12404)
(6.18672 2.12623 0.915822)
(6.10599 2.40399 0.916634)
(6.34494 2.33446 0.916993)
(6.29733 2.53155 0.91729)
(6.6005 1.88847 2.58746)
(6.20435 1.89627 2.58701)
(6.18546 2.1168 2.59072)
(6.10444 2.40296 2.59721)
(6.34322 2.33307 2.59205)
(6 1.88408 2.58523)
(6 2.06955 2.58952)
(6.29622 2.53081 2.58971)
(6 2.33333 2.61697)
(6.39966 2.59977 2.58846)
(6.60789 1.89207 1.75289)
(6.60663 1.8917 2.17031)
(6.20645 1.90551 2.17072)
(6.20888 1.90217 2.37901)
(6 1.89711 1.54282)
(6.20924 1.90481 1.54313)
(6 2.10476 1.54009)
(6.20651 1.90648 1.7543)
(6 1.89972 1.75482)
(6 2.10672 1.75748)
(6 2.33311 1.53437)
(6 2.33282 1.7657)
(6 1.89999 1.96406)
(6.20929 1.90768 1.96384)
(6 2.10718 1.97126)
(6 2.33201 1.99696)
(6 2.10622 2.16898)
(6 2.33303 2.1525)
(6 1.8987 2.17051)
(6 2.33315 2.38402)
(6 2.09703 2.38081)
(6 1.89357 2.37838)
(5.72565 1.51069 3.02469)
(5.72816 1.3162 3.02848)
(5.38723 1.32352 3.08083)
(5.38434 1.52198 3.07649)
(5.70741 1.90017 3.01899)
(5.72033 1.70722 3.02095)
(5.38046 1.71963 3.07069)
(5.36083 1.90722 3.04123)
(5.71672 1.89606 2.80673)
(5.73597 1.70399 2.80348)
(5.67063 2.11374 3.0172)
(5.67799 2.11866 2.80568)
(5.72105 1.89544 2.59668)
(5.68257 2.12172 2.59698)
(5.74562 1.50947 2.804)
(5.73938 1.7001 2.59499)
(5.74941 1.3135 2.80935)
(5.75921 1.31489 2.59545)
(5.75312 1.50991 2.59059)
(6 1.69014 2.58814)
(6.21294 1.69635 2.58721)
(6.21184 1.50605 2.58618)
(6 1.50949 2.58093)
(6.61328 1.50767 2.58621)
(6.21484 1.31179 2.59315)
(6 1.31288 2.59851)
(6.6241 1.50873 1.75212)
(6.622 1.5091 2.1692)
(6.57989 1.31473 2.99926)
(6.58261 1.50424 3.00107)
(5.8528 1.50246 3.77443)
(5.99945 1.48206 3.4021)
(5.7293 1.50875 3.59179)
(5.68883 1.898 3.53257)
(5.71537 1.7053 3.57127)
(5.65788 2.10521 3.22829)
(5.71583 1.90915 3.22953)
(6.00006 1.89036 3.20433)
(6.00006 1.89542 2.99983)
(6.57717 1.88517 3.00387)
(6.56146 1.88879 3.21006)
(6.17621 1.89723 3.00529)
(6.12442 1.89105 3.27558)
(6.34273 1.89083 3.21171)
(6.3643 1.89443 3.00453)
(6.00004 2.10225 3.00278)
(6.00001 2.09571 2.79002)
(5.99994 1.86811 3.40027)
(5.99946 1.71067 3.40207)
(5.62378 2.08251 3.43547)
(5.49404 1.99603 3.24101)
(6.20181 1.89936 2.79461)
(6 1.8924 2.79261)
(6.36915 1.31149 3.00171)
(6.18029 1.31008 3.00663)
(6.17975 1.50079 3.00523)
(6.3691 1.50245 3.00233)
(6 1.31119 3.00505)
(6.00002 1.50111 3.00092)
(6 1.5028 2.79697)
(6.20785 1.50311 2.79724)
(6 1.69486 2.79414)
(6.56509 1.50327 3.20619)
(6.12552 1.49518 3.27431)
(6.34535 1.50033 3.20934)
(5.49107 1.52095 3.2365)
(6.0001 1.49656 3.20293)
(5.74492 1.51019 3.25895)
(6.1271 1.30936 3.2729)
(6.34504 1.31036 3.20815)
(6.5647 1.31314 3.20407)
(5.99998 1.30701 3.20065)
(5.73833 1.3157 3.60509)
(5.86105 1.31502 3.78742)
(5.99975 1.32418 3.40107)
(5.74901 1.31516 3.26416)
(5.48162 1.72964 3.22231)
(6.00007 1.69886 3.20441)
(6.34494 1.69515 3.20974)
(6.17985 1.69686 3.00374)
(6.5774 1.69559 3.00158)
(5.73623 1.71099 3.24845)
(5.45681 1.97111 3.18522)
(6.12962 1.69251 3.27037)
(6.00003 1.69772 2.99959)
(6.56299 1.69575 3.2077)
(6.36759 1.69684 3.00261)
(6.20704 1.69752 2.79514)
(6 1.30491 2.81056)
(6.20851 1.30887 2.80299)
(5.49532 1.32117 3.24289)
(6.08928 2.39284 3.02339)
(6.00006 2.09887 3.21262)
(6.34207 2.08529 3.21432)
(6.2826 2.52172 3.22137)
(6.29414 2.52942 2.7992)
(6 2.33311 3.00833)
(6.16446 2.11104 3.00888)
(6.33775 2.31781 3.01411)
(6.17696 2.4513 3.01467)
(6.133 2.26661 3.267)
(6.0995 2.39967 2.7974)
(6.5666 2.09116 3.00684)
(5.99999 2.33313 3.40004)
(5.81587 1.89256 3.72157)
(5.84243 1.69914 3.75918)
(5.99998 2.10053 3.40009)
(6.13022 2.07226 3.26969)
(6 2.33141 3.24195)
(5.71487 2.12399 3.5716)
(6.55735 2.0869 3.21401)
(6.3396 2.28595 3.22784)
(6.35548 2.10065 3.00806)
(6.16039 2.44025 3.22801)
(6.28974 2.52649 3.01016)
(6.18258 2.12039 2.7954)
(6.34099 2.32948 2.79983)
(6 2.33214 2.77449)
(5.39288 1.92858 2.61114)
(5.48739 1.32452 2.59455)
(5.2208 1.52893 2.59658)
(5.46665 1.52138 2.60006)
(5.24906 1.33081 2.58375)
(5.42838 1.71163 2.61603)
(5.10254 1.73503 2.65382)
(4.68222 0.947809 2.02333)
(4.69388 1.12654 2.04082)
(4.69454 1.3303 2.04181)
(4.78701 1.52467 2.18051)
(4.78628 1.33157 2.17943)
(4.69105 1.4607 2.03657)
(5.04935 1.3308 2.57403)
(4.86321 1.57547 2.29482)
(5.05304 1.70202 2.57956)
(5.04788 1.53001 2.57182)
(5.23115 1.82077 2.84672)
(5.38587 1.92391 2.82468)
(5.18271 1.78847 2.77406)
(5.2083 1.54441 2.81244)
(5.21348 1.33308 2.82022)
(5.45438 1.52807 2.80804)
(5.46211 1.32655 2.811)
(5.43495 1.72844 2.81144)
(4.60034 1.40023 1.90052)
(5.6899 2.1266 1.75528)
(5.68915 2.1261 1.96631)
(5.68786 2.12524 2.17398)
(5.69025 2.12683 1.54307)
(5.68573 2.12382 2.3852)
(6.21458 1.50629 2.16838)
(6.21629 1.50448 2.37863)
(6.21532 1.69898 2.37848)
(6.21516 1.70186 2.16969)
(5.20808 1.52915 2.18951)
(4.99209 1.51042 2.19069)
(4.95282 1.52518 2.42924)
(5.20435 1.52755 2.40024)
(5.20982 1.52953 1.97946)
(4.98458 1.49571 1.99396)
(5.4674 1.52042 2.3927)
(5.47053 1.52252 2.18151)
(6 1.50523 2.16781)
(6 1.50324 2.37839)
(5.75971 1.50849 1.75373)
(5.76052 1.50777 1.54751)
(5.74823 1.70592 1.54573)
(5.74743 1.70685 1.75458)
(5.45483 1.72749 1.75771)
(5.47286 1.52732 1.75941)
(5.4151 1.94341 1.75539)
(5.4166 1.9444 1.54482)
(6 1.50105 1.54809)
(6.21703 1.50276 1.54689)
(5.46957 1.52561 1.97085)
(6.21699 1.50538 1.95913)
(6 1.50348 1.95837)
(6.21493 1.50439 1.75227)
(5.75541 1.50806 2.38229)
(5.75705 1.50961 2.1714)
(5.73074 1.90457 1.54393)
(5.73013 1.90524 1.75498)
(6 1.50207 1.75212)
(5.75874 1.50928 1.96145)
(6.21726 1.3141 2.16685)
(6.21729 1.30938 2.38198)
(5.22959 1.33154 2.3905)
(5.22823 1.33077 2.18479)
(5.2142 1.33131 1.98244)
(4.97595 1.3251 1.99346)
(4.99303 1.32975 2.18706)
(4.97779 1.13953 1.99222)
(5.45731 1.72887 1.54662)
(5.4921 1.32364 2.38707)
(6 1.30551 1.5607)
(6 1.31122 1.95194)
(6 1.3031 2.386)
(5.77335 1.31123 1.75102)
(6.2175 1.31025 1.75022)
(5.76497 1.31622 2.16896)
(5.47603 1.52877 1.54845)
(5.77457 1.3099 1.55091)
(6.218 1.30872 1.55051)
(6.21794 1.31246 1.95616)
(5.49568 1.32427 2.17724)
(5.7624 1.31235 2.38385)
(6 1.30685 1.74635)
(5.77266 1.31359 1.95712)
(6 1.31591 2.16347)
(5.72715 1.90301 2.17473)
(6 1.6967 1.54544)
(5.45104 1.72503 1.97002)
(6 1.69951 1.96123)
(4.95568 1.63712 2.43353)
(5.43699 1.71519 2.40034)
(6 1.69476 2.3782)
(5.14741 1.76494 2.19365)
(5.74456 1.70544 2.17372)
(5.40756 1.93837 2.18019)
(5.72901 1.90469 1.96536)
(5.72446 1.89963 2.38568)
(6.21533 1.70168 1.75327)
(6 1.69871 1.7533)
(6.21591 1.69976 1.54508)
(5.74632 1.70675 1.9638)
(5.41228 1.94152 1.96704)
(5.15775 1.77183 1.97549)
(5.4456 1.72096 2.184)
(6.21588 1.70256 1.9614)
(6 1.69906 2.16958)
(4.99667 1.66445 2.19735)
(5.12862 1.75241 2.41862)
(5.74219 1.7022 2.38445)
(5.40075 1.93383 2.39535)
(4.95377 1.33463 2.43065)
(5.0046 1.66974 1.98192)
(6.10545 2.40363 2.1697)
(6.18639 2.13159 2.17103)
(6.18775 2.12522 2.38108)
(6.10452 2.40301 2.38286)
(6.34474 2.33373 2.38142)
(6.34466 2.33427 2.1714)
(6.10531 2.40354 1.32709)
(6.10546 2.40364 1.75816)
(6.29732 2.53155 1.12602)
(6.2973 2.53153 1.54354)
(6.29727 2.53152 1.96279)
(6.29701 2.53134 2.38026)
(6.10484 2.40322 1.1296)
(6.18663 2.12516 1.32891)
(6.18642 2.13225 1.75643)
(6.10457 2.40304 1.54056)
(6.34479 2.33431 1.33237)
(6.1041 2.40273 1.97193)
(6.1914 2.46093 2.17176)
(6.34479 2.33435 1.75493)
(6.40011 2.60008 1.75284)
(6.4001 2.60007 2.17054)
(6.18823 2.11606 1.12493)
(6.18785 2.12935 1.54138)
(6.18768 2.13164 1.96819)
(6.3453 2.33411 1.12662)
(6.3452 2.33404 1.54274)
(6.34502 2.33394 1.96544)
(6.2973 2.53153 1.33425)
(6.19142 2.46095 1.96519)
(6.29729 2.53153 1.75342)
(6.40012 2.60008 1.96182)
(6.29723 2.53149 2.17118)
(6.19107 2.46071 2.38149)
(6.40001 2.6 2.37941)
(4.77629 1.51752 1.13045)
(4.79636 1.31184 1.13446)
(4.64473 1.42982 1.34531)
(4.64851 1.43234 1.13281)
(4.77875 1.1376 1.35186)
(4.76394 0.950866 1.35947)
(4.78281 1.13477 1.13925)
(4.77068 1.14184 1.56235)
(4.78451 1.30936 1.56161)
(4.77349 1.51566 1.3431)
(4.76482 1.50988 1.55923)
(4.79112 1.31167 1.3472)
(4.88123 1.58749 1.55539)
(4.27504 1.18094 1.15035)
(4.32355 0.949882 1.13958)
(4.39667 1.26417 1.14317)
(4.266 0.95968 1.39913)
(4.25039 1.16687 1.37482)
(4.18318 0.753932 1.27687)
(4.18245 1.11744 1.2731)
(4.18423 0.951021 1.27833)
(4.10955 0.936477 1.15295)
(4.01511 1.02597 1.03826)
(4.00563 0.745 1.01364)
(4.00887 0.93375 1.03774)
(4.09808 0.74693 1.14405)
(4.13185 1.08488 1.13986)
(4.5264 1.3509 1.34917)
(4.5403 1.14896 1.35604)
(4.53588 0.958669 1.35735)
(4.63986 1.42657 1.55877)
(4.44457 1.17028 1.66683)
(4.55484 0.964743 1.55222)
(4.52366 1.3491 1.56075)
(4.44432 1.29621 1.66649)
(4.44667 0.967991 1.67001)
(4.34606 1.23054 1.51909)
(4.35771 0.978451 1.53649)
(4.38327 1.25551 1.57487)
(4.75439 0.950251 1.57437)
(4.5551 1.16558 1.5479)
(4.52967 1.35305 1.1366)
(4.54875 1.14221 1.14311)
(5.83117 2.22078 0.916837)
(6 2.10494 0.703762)
(6.29731 2.53154 0.708566)
(6.10453 2.40302 0.703989)
(5.83097 2.22065 0.70431)
(5.8311 2.22074 1.12923)
(5.69051 2.127 0.917083)
(5.69048 2.12699 1.12632)
(5.69048 2.12698 0.707863)
(6.18777 2.12976 0.70609)
(6 2.33297 0.684514)
(6.34517 2.33406 0.70751)
(6.40012 2.60008 0.70871)
(5.5438 2.0292 0.708574)
(5.54376 2.02917 1.12607)
(5.02488 1.68326 1.12774)
(5.01883 1.67922 1.55102)
(5.02048 1.5035 1.3406)
(5.54381 2.0292 0.917308)
(5.02396 1.50454 1.129)
(4.89038 1.59359 1.12893)
(5.02279 1.68186 1.33849)
(5.01527 1.49965 1.5545)
(5.47939 1.53017 1.12784)
(5.76123 1.50719 1.12786)
(5.74893 1.70236 1.12861)
(5.74901 1.7051 0.918546)
(6 1.69392 0.919488)
(6.21532 1.69757 0.91847)
(6.2159 1.70122 0.708945)
(5.28598 1.85732 0.917585)
(5.28574 1.85715 1.12655)
(5.45948 1.72973 1.1271)
(6 1.69838 0.708812)
(5.45987 1.73032 0.917888)
(6.21704 1.50133 1.12771)
(6.21595 1.69382 1.12854)
(6 1.30606 1.12444)
(6 1.68887 1.1321)
(6.21801 1.30899 1.12645)
(5.77496 1.31039 1.12662)
(6 1.49973 1.12814)
(4.35624 0.766413 -0.342814)
(4.34167 0.963293 -0.338646)
(4.33987 0.96278 -0.551784)
(4.34938 0.770282 -0.560866)
(4.34544 0.76827 -0.789186)
(4.33168 0.968088 -0.767551)
(4.28935 1.19152 -0.759649)
(4.29079 1.19273 -0.547156)
(4.29378 1.19468 -0.336565)
(4.12891 0.949727 -0.771065)
(4.13315 0.765925 -0.803357)
(4.1471 1.09166 -0.760074)
(4.35041 0.568656 -0.808134)
(4.35523 0.370875 -0.797902)
(4.36903 0.369192 -0.348107)
(4.13797 0.567337 -0.822771)
(4.137 0.372116 -0.822337)
(4.36911 7.08759e-05 -0.344884)
(4.34579 0.177617 -0.791037)
(4.37342 2.84264e-05 -0.753523)
(4.12494 0.17792 -0.808667)
(4.11307 2.99585e-05 -0.797343)
(4.08 0.372597 -1.09319)
(4.06923 0.172257 -1.08077)
(4.03284 6.35783e-17 -1.03832)
(4.08008 0.565227 -1.09272)
(4.07332 0.765062 -1.08196)
(4.13444 1.06887 -0.984426)
(4.02764 0.995709 -1.02818)
(4.36961 0.000444763 0.517735)
(4.36698 0.368823 0.517107)
(4.35448 0.763853 0.511951)
(4.34697 0.763794 0.725399)
(4.33791 0.957509 0.721642)
(4.34001 0.96115 0.507294)
(4.29158 1.19325 0.503014)
(4.2864 1.18964 0.715676)
(4.35348 0.769457 -0.12823)
(4.34322 0.962033 -0.127264)
(4.34262 0.961238 0.29461)
(4.35279 0.768388 0.297552)
(4.37154 0.368903 0.0861357)
(4.35758 0.76587 0.0846002)
(4.37344 0.000132994 0.0864865)
(4.29294 1.1943 -0.126789)
(4.34256 0.96309 0.0834653)
(4.29448 1.19523 0.0826414)
(4.29221 1.1938 0.292308)
(5.02119 1.50399 -1.17691)
(4.77593 1.51729 -1.17801)
(4.79521 1.31312 -1.18133)
(4.79004 1.13777 -1.18184)
(4.7825 0.950007 -1.18902)
(4.78366 0.753304 -1.20162)
(4.78034 1.52023 -0.75433)
(4.77999 1.52 -0.544511)
(4.80317 1.31527 -0.545681)
(4.80112 1.31578 -0.756334)
(4.77759 1.5184 -0.965275)
(4.79948 1.31324 -0.967958)
(4.8043 0.756071 -0.771082)
(4.79693 1.13736 -0.759315)
(4.79478 1.1379 -0.547138)
(4.80074 1.13837 -0.337116)
(4.81248 0.756305 -0.341135)
(4.79022 1.13657 -0.969564)
(4.79356 0.369654 -1.20042)
(4.79721 0.178023 -1.19223)
(4.83108 1.99745e-06 -1.16376)
(4.77482 0.56166 -1.21163)
(4.81252 0.366695 -0.771912)
(4.81332 1.116e-05 -0.76557)
(4.82179 0.365938 -0.341919)
(4.82139 1.91083e-05 -0.339952)
(5.02259 1.68172 -1.17538)
(4.80342 1.31703 -0.335927)
(4.78153 1.52103 -0.335286)
(4.79928 1.13768 0.503281)
(4.79621 1.13831 0.292515)
(4.80413 1.31577 0.291812)
(4.80274 1.31665 0.501403)
(4.79679 1.13861 -0.126871)
(4.80152 1.13859 0.0828642)
(4.81411 0.756111 0.0837647)
(4.80439 1.31593 -0.126561)
(4.81028 0.755375 0.508094)
(4.80386 1.31725 0.0826027)
(4.78171 1.52114 0.0825113)
(4.78046 1.52031 0.291371)
(4.78136 1.52091 0.500366)
(4.78052 1.52035 -0.126337)
(4.8238 3.55673e-05 0.0853164)
(4.82401 0.365726 0.084845)
(4.81997 0.365765 0.510161)
(4.82042 0.000102102 0.509871)
(5.28342 1.06569e-05 0.503718)
(5.28886 0.365262 0.505423)
(5.29269 0.751291 0.504801)
(5.23365 1.53813 0.500443)
(5.02613 1.50701 0.500269)
(5.02636 1.68424 0.500062)
(5.17262 1.78174 0.500031)
(5.27285 1.13783 0.50266)
(4.56353 1.14986 -0.336526)
(4.53828 1.35883 -0.335954)
(4.77012 1.51342 -1.39334)
(4.53309 1.15405 -1.62193)
(4.51765 1.3451 -1.60393)
(4.56005 1.14837 -1.17927)
(4.5613 1.15687 -1.38382)
(4.78163 1.14012 -1.39389)
(4.73969 0.743103 -1.44207)
(4.16185 1.10748 -1.18877)
(4.76975 0.947376 -1.40641)
(4.36071 0.767215 -1.18087)
(4.3476 0.972143 -1.17015)
(4.56627 0.959755 -1.17853)
(4.56992 0.760884 -1.18802)
(4.33613 0.769839 -1.01242)
(4.31583 0.981677 -0.979969)
(4.29522 1.19703 -1.17485)
(4.30793 1.20522 -1.35925)
(4.28489 1.18938 -0.970377)
(4.52342 1.34895 -1.40118)
(4.37148 1.24766 -1.43336)
(4.79018 1.31142 -1.39609)
(4.52884 1.35256 -1.18434)
(4.36745 2.8512e-06 -1.17137)
(4.3674 0.367998 -1.18875)
(4.57568 0.175274 -1.39376)
(4.57072 0.960717 -1.38111)
(4.16989 7.337e-17 -1.19821)
(4.16412 0.367898 -1.19145)
(4.57586 0.369195 -1.19267)
(4.74585 0.377774 -1.44137)
(4.57216 1.35276e-06 -1.19348)
(4.78467 6.22827e-07 -1.40296)
(4.35988 0.174966 -1.18781)
(4.34428 8.58265e-17 -1.40166)
(4.31711 1.54829e-05 -0.996821)
(4.36638 0.565653 -1.18759)
(4.34659 0.363492 -1.40435)
(4.34511 0.371457 -1.02294)
(4.15718 0.767496 -1.18285)
(4.34119 0.76562 -1.39803)
(4.55379 0.752325 -1.64609)
(4.78151 0.180253 -1.40881)
(4.34654 0.167884 -1.4043)
(4.16066 0.170433 -1.18744)
(4.34499 0.562802 -1.40248)
(4.16289 0.56596 -1.1899)
(4.56933 0.368139 -1.40142)
(4.57531 0.178209 -1.18963)
(4.56539 0.757386 -1.39698)
(4.33501 0.974209 -1.39074)
(4.14531 0.969194 -1.16862)
(4.53536 0.956021 -1.62458)
(4.33367 0.177411 -1.0095)
(4.34452 0.567689 -1.02451)
(4.5659 8.58688e-17 -1.4015)
(4.61346 1.40898 -1.7157)
(4.53727 1.35816 -0.545908)
(4.53288 1.35524 -0.96942)
(4.56316 0.561421 -1.40911)
(5.01774 1.6785 -1.39096)
(4.5596 1.1482 -0.758348)
(5.01631 1.50039 -1.39243)
(4.53554 1.35701 -0.756865)
(4.56246 1.14798 -0.546859)
(4.55829 1.14579 -0.969534)
(4.54434 0.558725 -1.63506)
(4.73953 0.560086 -1.45135)
(4.57077 0.563855 -1.19548)
(4.80185 1.31457 0.711518)
(4.77962 1.51974 0.709669)
(4.79192 1.1368 0.713883)
(4.53566 1.35705 0.71216)
(4.53876 1.35915 -0.126575)
(4.53846 1.35894 0.291817)
(4.56187 1.14893 0.502713)
(4.56431 1.15015 0.0826871)
(4.55895 1.14637 0.714379)
(4.53749 1.35828 0.501539)
(4.53882 1.35919 0.082573)
(4.56465 1.14895 -0.126773)
(4.56403 1.14857 0.292307)
(5.02622 1.68415 0.708948)
(5.02623 1.50601 0.70933)
(5.48092 1.53187 0.500489)
(5.46009 1.73107 0.500166)
(5.28609 1.8574 0.500019)
(5.70935 -3.02221e-17 0.493675)
(5.76917 0.176545 0.499321)
(5.77291 0.370748 0.50306)
(5.77805 0.557175 0.501746)
(5.77533 0.752079 0.503955)
(5.77286 1.11826 0.503186)
(5.77463 1.31438 0.501398)
(6 1.31222 0.50068)
(6.21743 1.31315 0.501348)
(5.77808 0.932685 0.500555)
(6.21574 0.753054 0.503566)
(6.21766 0.932797 0.500436)
(6 0.929534 0.498352)
(6 0.766795 0.510384)
(6.25251 -3.01408e-17 0.49237)
(6.21272 0.176564 0.498782)
(6 0.172036 0.504798)
(6 -2.95445e-17 0.482667)
(6.21499 0.371436 0.502457)
(6 0.380727 0.505655)
(6 0.555012 0.500588)
(6.2175 0.55752 0.501541)
(6.21559 1.1179 0.502983)
(6 1.10262 0.50864)
(5.29367 0.750118 -0.337731)
(5.28992 0.364829 -0.337644)
(5.28427 1.48329e-06 -0.336053)
(5.27351 1.13832 -0.336403)
(5.23375 1.53793 -0.335392)
(5.02622 1.50702 -0.335244)
(5.28473 0.365394 -0.762476)
(5.28823 0.750804 -0.761032)
(5.27077 1.13801 -0.756722)
(5.22911 1.53857 -0.963658)
(5.47918 1.53084 -0.962841)
(5.23291 1.5376 -0.753775)
(5.23067 1.5393 -0.544275)
(5.28549 1.85699 -0.961871)
(4.89226 1.59484 -0.753677)
(5.02588 1.68392 -0.753242)
(5.02532 1.50647 -0.753905)
(5.17232 1.78154 -0.752923)
(5.17163 1.78109 -0.962606)
(5.28591 1.85728 -0.752608)
(5.45928 1.73038 -0.962009)
(5.02639 1.50607 -0.544321)
(5.28026 1.23919e-06 -0.761407)
(5.28538 2.77737e-06 0.0859334)
(5.29115 0.364499 0.0845935)
(5.29473 0.750216 0.0827883)
(6.21478 1.50171 -0.337408)
(6.21699 1.50374 -0.126946)
(6 1.50274 -0.127126)
(6 1.50067 -0.339622)
(6.21475 1.50692 0.0843085)
(5.28609 1.8574 -0.335131)
(5.17262 1.78175 -0.33507)
(5.46008 1.73009 -0.335541)
(5.48102 1.53042 -0.335846)
(5.74913 1.70275 -0.337079)
(5.76147 1.50719 -0.337344)
(6.21528 1.69449 -0.337476)
(6 1.68864 -0.338753)
(6.21557 1.12372 0.082625)
(6.21743 1.31563 0.0872068)
(6 0.76642 -0.135798)
(6 0.554161 -0.126989)
(6 0.55621 -0.332748)
(6 0.742035 -0.333158)
(6.21792 0.556953 -0.127381)
(6.21764 0.752903 -0.130272)
(6 0.178685 -0.327674)
(6 0.169785 -0.130989)
(6 6.451e-18 -0.105333)
(6 1.98409e-17 -0.324333)
(6.2135 0.176633 -0.122417)
(6.20525 6.9931e-18 -0.114619)
(6 0.932649 -0.330397)
(6 0.929187 -0.124726)
(6.21814 0.932182 -0.12677)
(6.21796 1.31035 -0.125917)
(6 1.30978 -0.125131)
(6.21493 0.365814 0.0838681)
(6.21747 0.553995 0.0809698)
(6.2157 0.746574 0.0796931)
(6.21663 0.370239 -0.127143)
(6.25242 -5.58364e-18 0.0912414)
(6.21264 0.175479 0.0882444)
(6.21765 0.933549 0.0814851)
(6.21761 1.11584 -0.129169)
(5.77544 0.745516 -0.334894)
(5.77811 0.556415 -0.334077)
(5.77306 0.36766 -0.33434)
(6 0.367522 -0.334236)
(5.70962 2.02204e-17 -0.329958)
(5.76933 0.178387 -0.330718)
(5.77812 0.932797 -0.333595)
(5.77292 1.12093 -0.335254)
(6 1.11969 -0.333746)
(6 1.30373 -0.33766)
(5.77464 1.30874 -0.336432)
(6 0.376293 -0.131114)
(6 1.10508 -0.134471)
(6.21699 1.50793 0.292892)
(6 1.50559 0.0856064)
(5.76149 1.51186 0.0843234)
(5.76151 1.5093 -0.126818)
(5.23093 1.53981 0.291414)
(5.48044 1.53257 0.291733)
(5.48048 1.53146 -0.126592)
(5.23096 1.53962 -0.12639)
(5.23386 1.53829 0.0825615)
(5.48103 1.53198 0.0828356)
(5.76152 1.51284 0.292774)
(6 1.50659 0.293004)
(6.2159 1.70367 0.291852)
(5.74906 1.70929 0.291763)
(5.73129 1.90668 0.291333)
(6 1.89824 0.0796033)
(6 1.69874 0.0821481)
(6.21525 1.70187 0.0820139)
(6 1.90181 0.292074)
(5.74912 1.70811 0.0822249)
(5.73128 1.90555 0.0806625)
(5.2861 1.8574 0.0823345)
(5.83086 2.22058 0.0756652)
(5.46007 1.7312 0.291312)
(6 2.09608 -0.139444)
(5.46006 1.73054 -0.126756)
(6 1.69449 -0.128702)
(6 2.10952 0.292862)
(6 2.33272 0.0666594)
(5.41775 1.94517 0.0820134)
(5.73125 1.90314 -0.128956)
(5.69043 2.12695 0.0794323)
(5.17265 1.78176 0.0824526)
(5.83071 2.22048 -0.138211)
(5.2861 1.8574 -0.126456)
(5.83099 2.22066 0.292707)
(6.21588 1.6982 -0.128356)
(5.17264 1.78176 0.291242)
(5.46012 1.73097 0.0822934)
(5.41776 1.94517 0.291117)
(5.17264 1.78177 -0.126317)
(5.6904 2.12693 -0.13064)
(6 1.89097 -0.130635)
(6 2.1047 0.0750863)
(6 2.33185 -0.164546)
(5.41775 1.94517 -0.12686)
(5.74913 1.70549 -0.127851)
(5.69045 2.12697 0.291249)
(6 2.33318 0.297954)
(6 1.70049 0.292023)
(5.77654 0.362685 0.293685)
(5.77137 0.173891 0.291971)
(5.77466 1.3169 0.087234)
(5.77517 1.31917 0.294197)
(5.77659 0.370026 -0.127209)
(5.77895 0.556766 -0.127424)
(5.70995 -5.58364e-18 0.0914959)
(5.76956 0.175535 0.0882704)
(5.77144 0.176697 -0.122383)
(5.76687 7.04731e-18 -0.114745)
(5.77893 0.554511 0.291448)
(5.77904 0.932144 -0.126802)
(5.77715 1.11614 -0.129214)
(5.77518 1.31169 -0.125898)
(5.77557 0.745659 0.079733)
(5.77855 0.741723 0.289111)
(5.77903 0.933827 0.290634)
(5.77819 0.933445 0.0814925)
(5.77323 0.365186 0.083953)
(5.76679 -1.7293e-17 0.282533)
(5.77301 1.12408 0.0826304)
(5.77712 1.12783 0.289847)
(5.77817 0.553678 0.0809925)
(5.77857 0.752583 -0.130333)
(6 0.163425 0.30102)
(6 0.5558 0.291578)
(6 1.32134 0.296745)
(6 0.933652 0.29134)
(6.20538 -1.7293e-17 0.282114)
(6.21766 0.742074 0.289028)
(6 0.364841 0.0838347)
(6 1.12134 0.0831006)
(6 0.745138 0.0778999)
(6 0.00121335 0.114359)
(6.21667 0.362913 0.293545)
(6.21761 1.1275 0.289814)
(6.21359 0.173762 0.29186)
(6.21794 0.55471 0.291378)
(6.21796 1.31793 0.294191)
(6.21814 0.933864 0.290594)
(6 0.550307 0.0792901)
(6 0.172072 0.0902996)
(6 0.356533 0.295659)
(6 0.733058 0.284888)
(6 0.932552 0.0814034)
(6 1.31727 0.0934628)
(6 1.13502 0.284733)
(6 -1.60462e-17 0.262167)
(5.27403 1.13898 0.0828188)
(5.70839 4.66478e-17 -0.761704)
(5.76873 0.181769 -0.754983)
(5.7705 0.179371 -0.967473)
(5.76539 5.97937e-17 -0.97688)
(5.76644 3.33934e-17 -0.545131)
(5.77124 0.179594 -0.543273)
(5.77239 0.369433 -0.755441)
(5.77587 0.37273 -0.962327)
(5.77642 0.367727 -0.543737)
(5.76136 1.50789 -0.752573)
(5.74895 1.70623 -0.752327)
(5.74877 1.70775 -0.961241)
(5.76121 1.50936 -0.961639)
(5.76145 1.50614 -0.545135)
(5.74909 1.7045 -0.544722)
(5.77872 0.932211 -0.961723)
(5.77682 1.11609 -0.958639)
(5.77485 0.749248 -0.753991)
(5.77794 0.753881 -0.95882)
(5.77852 0.561371 -0.963394)
(5.77784 0.561726 -0.752091)
(5.77884 0.55617 -0.542575)
(5.77842 0.745456 -0.543876)
(5.77499 1.31101 -0.96143)
(5.77706 1.11954 -0.544463)
(5.77897 0.932918 -0.544465)
(5.77456 1.30886 -0.751922)
(5.77515 1.30618 -0.544541)
(5.77793 0.934292 -0.755808)
(5.77262 1.12092 -0.753462)
(6 1.49786 -0.545971)
(6.21703 1.50025 -0.545211)
(6.21704 1.50428 -0.961209)
(6 1.50271 -0.961469)
(6.21494 1.50281 -0.752358)
(6 1.50123 -0.752026)
(6 1.69913 -0.961447)
(6 1.69386 -0.545105)
(6.21534 1.6996 -0.752083)
(6.21594 1.70187 -0.960714)
(6.21591 1.69698 -0.544893)
(6 1.69601 -0.752008)
(6.21568 0.746412 -0.334565)
(6.25203 2.01662e-17 -0.329255)
(6.25069 4.65123e-17 -0.75997)
(6.21564 0.750193 -0.753129)
(6.2148 0.368299 -0.333923)
(6.21558 1.12058 -0.335049)
(6.21439 0.370065 -0.754392)
(6.21574 1.12065 -0.752987)
(6 0.927245 -0.963793)
(6 0.175229 -0.958734)
(6 0.561579 -0.965251)
(6 0.553161 -0.540983)
(6 0.178417 -0.541154)
(6 1.30827 -0.963512)
(6 0.932739 -0.544524)
(6 1.29777 -0.544642)
(6.20328 5.97395e-17 -0.975498)
(6.21758 0.754266 -0.95826)
(6.21763 0.745793 -0.543637)
(6.21744 0.556728 -0.33392)
(6.21765 0.932899 -0.333483)
(6.20472 3.33392e-17 -0.544461)
(6.21247 0.178448 -0.330339)
(6.21745 1.30737 -0.336411)
(6 0.367619 -0.757584)
(6 1.11901 -0.754041)
(6.21612 0.372937 -0.961622)
(6.21183 0.181919 -0.753989)
(6 4.68375e-17 -0.764833)
(6.21768 1.11586 -0.958306)
(6.21734 0.562047 -0.751693)
(6 0.749627 -0.754717)
(6.21767 0.934425 -0.755522)
(6.21749 1.30763 -0.751775)
(6.21647 0.367958 -0.543392)
(6.21765 1.11923 -0.544329)
(6.2124 0.17936 -0.966401)
(6.21776 0.561573 -0.962993)
(6.21786 0.556368 -0.542395)
(6.21314 0.179576 -0.542774)
(6.21815 0.932291 -0.961428)
(6 0.764279 -0.952124)
(6 1.10508 -0.953682)
(6 0.935131 -0.760174)
(6.21801 1.30981 -0.961214)
(6.21815 0.93296 -0.544341)
(6.21798 1.30482 -0.544511)
(6 0.378287 -0.956638)
(6 0.18909 -0.74632)
(6 0.566586 -0.748893)
(6 0.366836 -0.543441)
(6 0.744563 -0.543692)
(6 1.30407 -0.749957)
(6 1.1183 -0.54452)
(6 6.03359e-17 -0.985333)
(6 4.76714e-05 -0.544288)
(5.45996 1.73024 -0.544062)
(5.48037 1.5305 -0.753278)
(5.28605 1.85737 -0.543802)
(5.48022 1.53048 -0.54449)
(5.17255 1.78171 -0.543881)
(5.45982 1.7304 -0.75271)
(5.0264 1.68426 0.291263)
(5.54379 2.02919 0.291038)
(5.54378 2.02918 -0.127923)
(5.0264 1.68427 -0.12628)
(5.02625 1.68417 -0.543986)
(4.89302 1.59534 -0.335137)
(5.02633 1.50714 0.0825099)
(5.02641 1.68427 0.0824891)
(5.02672 1.50634 0.291347)
(5.54378 2.02919 0.0812266)
(4.89309 1.59539 -0.12629)
(5.02675 1.50633 -0.126335)
(5.02637 1.68425 -0.335075)
(4.89281 1.5952 -0.544171)
(5.0249 1.68327 -0.963366)
(5.02442 1.50486 -0.964445)
(6 0.180138 0.698315)
(6 0.556413 0.710986)
(6 1.31156 0.707972)
(6 0.933933 0.707727)
(6.20539 -4.32055e-17 0.705577)
(6.21668 0.368122 0.710018)
(6.21767 0.745434 0.709642)
(5.77835 0.745072 0.709905)
(5.77627 0.367868 0.710466)
(5.76614 -4.32597e-17 0.706628)
(5.77702 1.12189 0.709342)
(6.21764 1.12159 0.709178)
(5.77099 0.179232 0.706029)
(6 0.367461 0.710412)
(6.21361 0.179262 0.705296)
(5.77878 0.556041 0.71104)
(6.21795 0.556253 0.710818)
(6 0.742945 0.707538)
(5.77512 1.31388 0.708801)
(6.21798 1.3126 0.708729)
(6.21816 0.933451 0.70904)
(6 1.12132 0.708232)
(5.77893 0.933403 0.70918)
(6 -4.30428e-17 0.703167)
(3.0571 0.386199 0.55228)
(3.05728 0.810436 0.536711)
(3.05703 0.805854 0.774313)
(3.05689 0.745442 1.00014)
(3.05682 0.423964 1.00008)
(3.05688 0.380176 0.790443)
(3.05673 0.183658 1)
(3.05689 0.183068 0.783198)
(3.05704 1.57173e-05 0.494912)
(3.057 0.182924 0.552086)
(3.05699 -4.72712e-17 0.774014)
(3.05688 -6.1232e-17 1)
(3.05714 1 0.52924)
(3.05699 1 0.761898)
(3.05687 1 1)
(3.05861 0.795907 0.0912785)
(3.05776 0.812805 0.309953)
(3.05762 0.3801 0.0950901)
(3.05717 2.26929e-05 0.0911328)
(3.05762 1 0.306381)
(3.04086 1 0.0715172)
(3.49602 5.51952e-05 -0.351649)
(3.4988 0.381071 -0.349873)
(3.05842 0.379012 -0.350284)
(3.05728 1.68257e-05 -0.352154)
(3.05892 0.795147 -0.344919)
(3.0599 0.798798 -0.126795)
(3.12361 1 -0.126775)
(3.04106 1 -0.325056)
(3.49783 0.810577 -0.342996)
(3.27848 0.812425 -0.34318)
(3.49792 1.00005 -0.340899)
(3.27852 1.00004 -0.341526)
(4.14552 1.09553 -0.33609)
(4.14125 0.942331 -0.338306)
(3.89263 0.993741 -0.338025)
(3.71587 0.809228 -0.341912)
(3.71699 0.99912 -0.340056)
(4.14206 0.768466 -0.342375)
(3.92958 0.782359 -0.341811)
(3.93776 0.374798 -0.350095)
(3.93514 9.99995e-05 -0.350265)
(3.4962 1.51999e-05 -0.750183)
(3.50347 0.180445 -0.798124)
(3.51035 0.378033 -0.796646)
(3.495 6.1232e-17 -1)
(3.50687 0.178719 -1.00002)
(3.51327 0.375584 -1.00003)
(3.49928 0.812236 -0.561226)
(3.49827 1.00031 -0.557622)
(3.50397 0.79868 -0.788311)
(3.49775 1.00069 -0.781758)
(3.5116 0.580893 -0.797114)
(3.5137 0.575672 -0.999995)
(3.50788 0.783457 -0.999816)
(3.495 0.999497 -0.999976)
(2.18056 -5.63785e-18 0.0909597)
(1.74211 -5.63785e-18 0.09102)
(1.74215 0.378357 0.09533)
(2.1806 0.378376 0.0953092)
(2.18067 0.788715 0.0931612)
(2.39981 0.796141 0.0960895)
(2.61909 0.789017 0.092812)
(2.61899 0.378635 0.0952714)
(2.61885 -5.63785e-18 0.0910077)
(1.7424 0.788713 0.0931557)
(1.96155 0.796078 0.0962066)
(2.83859 0.797571 0.0950232)
(2.83854 1 0.153536)
(2.1807 1 0.132616)
(2.39978 1 0.154968)
(2.6191 1 0.132034)
(1.74242 1 0.13262)
(1.96156 1 0.155095)
(1.74241 0.787903 -0.347081)
(1.74246 0.808371 -0.56447)
(1.74247 1 -0.561021)
(1.74242 1 -0.386423)
(1.30334 0.377502 -0.350252)
(1.30419 0.380381 -0.79648)
(1.30429 0.584993 -0.797067)
(1.30433 0.80078 -0.789026)
(1.30425 0.8085 -0.564265)
(1.30399 0.788209 -0.346645)
(1.30396 4.59702e-17 -0.750264)
(1.30415 0.181452 -0.798053)
(1.30309 2.14672e-17 -0.35169)
(1.74212 2.14672e-17 -0.352218)
(1.74217 0.377172 -0.350649)
(1.5233 0.795166 -0.349886)
(1.52337 0.809206 -0.564846)
(1.52341 0.800854 -0.789146)
(1.5234 1 -0.561229)
(1.30435 0.17996 -1)
(1.30434 0.378214 -1)
(1.30437 6.1232e-17 -1)
(1.52341 1 -0.781928)
(1.52343 0.788367 -1)
(1.52344 1 -1)
(1.30435 0.788353 -1)
(1.30434 0.580114 -1)
(0.866218 0.809884 0.535295)
(0.866533 0.804897 0.773254)
(0.86673 0.743188 1)
(0.867168 0.417611 1)
(0.866567 0.374123 0.789762)
(0.865257 0.383172 0.550785)
(0.648321 0.790139 1)
(0.452972 0.755743 1)
(0.428318 0.555504 1)
(0.454501 0.36362 1)
(0.649647 0.35657 1)
(0.864001 -3.03577e-17 0.493888)
(0.864566 0.181245 0.550522)
(0.865759 0.179756 0.782417)
(0.865056 -4.72712e-17 0.773063)
(0 0.3675 1)
(0.211261 0.326631 1)
(0.20966 0.550133 1)
(0 0.745 1)
(0 0.55625 1)
(0.209726 0.765164 1)
(0.647804 0.804628 0.771581)
(0.429235 0.794184 0.769948)
(0.428954 1 0.753811)
(0.207954 1 0.737458)
(0.866426 1 0.527964)
(0.8664 1 0.760604)
(0.647491 1 0.758935)
(1.30329 0.378547 0.0952146)
(1.30303 -5.63785e-18 0.0911228)
(0.865814 0.812645 0.308915)
(0.865997 1 0.305562)
(1.304 0.788999 0.0927236)
(1.30406 1 0.132001)
(1.08473 1 0.153353)
(1.08468 0.797535 0.0947239)
(0.862287 -5.63785e-18 0.0907623)
(0.863525 0.379999 0.0942482)
(0.864788 0.795843 0.0906992)
(0.866977 0.178166 1)
(0.866241 -6.1232e-17 1)
(0.209008 0.786814 0.760542)
(0 0.775466 0.747818)
(0 1 0.70875)
(1.5233 0.796133 0.0960575)
(1.52335 1 0.154962)
(0.882671 1 0.071133)
(0.864735 0.795127 -0.344634)
(0.863629 0.379465 -0.349049)
(0.86251 2.14672e-17 -0.350143)
(0.426722 0.810362 -0.34167)
(0.423615 0.384434 -0.345781)
(0 2.05134e-17 -0.335)
(0.193923 2.08167e-17 -0.340896)
(0.201712 0.180134 -0.342057)
(0 0.17642 -0.339544)
(0 0.753192 -0.339104)
(0 0.421343 -0.341525)
(0.205474 0.376893 -0.343526)
(0.20644 0.808442 -0.339779)
(0.419964 0.181761 -0.345362)
(0.465249 2.12504e-17 -0.345465)
(0.427609 1 -0.339908)
(0.205073 1 -0.338043)
(0 1 -0.335)
(0.425549 0.377156 -0.79414)
(0 4.60769e-17 -0.7525)
(0.866074 0.800711 -0.788508)
(0.864779 4.59702e-17 -0.749311)
(0 0.758727 -0.756046)
(0.865493 0.380112 -0.796139)
(0.427546 0.797604 -0.786318)
(0 0.38944 -0.76501)
(0.445036 4.68375e-17 -0.768343)
(0.205077 0.179498 -1)
(0.646517 0.179709 -1)
(0.203683 0.567183 -1)
(0.202572 0.17934 -0.559722)
(1.08523 0.179943 -1)
(0.209063 0.989685 -0.999152)
(0.647188 1 -1)
(0.20555 1 -0.551368)
(1.08531 1 -1)
(0 6.12337e-17 -1)
(0.86625 6.1232e-17 -1)
(0 0.745 -1)
(0 3.32952e-17 -0.54375)
(0.866095 0.787841 -1)
(0 0.798785 -0.553552)
(0.425891 0.375329 -1)
(0.645895 0.379312 -0.797796)
(0.42637 0.579815 -0.795505)
(0.423801 0.375409 -0.567794)
(0.206179 0.373332 -0.790188)
(0.424285 0.181211 -0.791386)
(1.08503 0.380538 -0.798513)
(0.428561 1 -0.778262)
(1.30436 1 -0.781884)
(0.428125 6.1232e-17 -1)
(0 0.3675 -1)
(0 0.176318 -0.777135)
(0.19947 4.77049e-17 -0.778685)
(0.646881 0.800192 -0.78785)
(1.08523 0.800865 -0.788938)
(0.866337 1 -0.781418)
(0.427358 0.811565 -0.559128)
(0.865896 0.377831 -1)
(0.865326 0.181353 -0.797464)
(0.644998 4.90059e-17 -0.800834)
(1.08477 4.90059e-17 -0.802693)
(0.427435 0.78217 -1)
(0.207556 0.789696 -0.782699)
(0 0.568301 -0.793326)
(0 1 -0.7525)
(0 0.368039 -0.560882)
(0.415341 3.44776e-17 -0.56357)
(0.426603 0.179444 -1)
(0.203493 0.372184 -1)
(0.204305 0.1797 -0.784752)
(1.30437 1 -1)
(0.646242 0.377055 -1)
(0.645458 0.181707 -0.797744)
(0.865995 0.179879 -1)
(0.426135 0.574634 -1)
(0.206707 0.573055 -0.793246)
(0.206261 0.768551 -1)
(0.206414 0.372362 -0.563527)
(0.420946 0.181313 -0.565181)
(0.646835 0.786457 -1)
(0.207369 0.806651 -0.555842)
(1.0852 0.378122 -1)
(1.08492 0.181966 -0.799351)
(1.08525 0.788253 -1)
(0.647354 1 -0.780584)
(0.427887 1 -0.555558)
(0.428125 1 -1)
(0.20701 1 -0.771419)
(0.86625 1 -1)
(1.08534 1 -0.781791)
(0 0.17875 -1)
(0.209062 6.1232e-17 -1)
(0 0.174744 -0.555223)
(0 0.55625 -1)
(0.647188 6.1232e-17 -1)
(0.195214 3.40439e-17 -0.556535)
(0 1 -1)
(0 1 -0.54375)
(1.08531 6.1232e-17 -1)
(0 -3.06169e-17 0.5)
(0 0.386066 0.506619)
(0.42599 0.369389 0.545936)
(0.44207 -3.1225e-17 0.511576)
(0 0.769848 0.498185)
(0.427938 0.806394 0.530785)
(0 -6.12337e-17 1)
(0.428077 -6.1232e-17 1)
(0.423427 0.383805 0.0902864)
(0 -5.0517e-18 0.0825)
(0 0.754114 0.084808)
(0.426651 0.810864 0.0874599)
(0 0.420681 0.0860746)
(0.464771 -5.42101e-18 0.0876668)
(0.206859 0.141025 0.76402)
(0.646414 0.173465 0.781549)
(0.209387 0.564487 0.774231)
(0.20183 0.176671 0.303246)
(0.201375 0.179659 -0.12761)
(0.205014 1 0.297083)
(0.204888 1 -0.126681)
(0.643176 -3.33934e-17 0.546414)
(0.645805 0.370142 0.557372)
(0.647232 0.81303 0.532524)
(0 0.165273 0.517549)
(0.195456 -3.18755e-17 0.520336)
(0 -4.33986e-17 0.70875)
(0 -1.78334e-17 0.29125)
(0.207694 0.367294 0.534743)
(0 0.574232 0.535742)
(0 0.362107 0.760217)
(0 0.365495 0.303525)
(0.422593 0.175953 0.53864)
(0.428087 0.582922 0.547173)
(0.429448 0.356645 0.784324)
(0.423467 0.372141 0.312592)
(0.422951 -4.68375e-17 0.766794)
(0.413846 -1.86483e-17 0.305745)
(0.428017 1 0.522198)
(0 1 0.5)
(0.207865 0.79949 0.523904)
(0 0.802991 0.298271)
(0.427283 0.813947 0.304524)
(0.647166 -6.1232e-17 1)
(0.433123 0.132598 1)
(0 0.0808561 1)
(0.208543 -6.1232e-17 1)
(0 7.73002e-18 -0.12625)
(0 0.804466 -0.126861)
(0.422532 0.377374 -0.127877)
(0.205414 0.375936 0.0879417)
(0.419529 0.181251 0.0887097)
(0.427502 1 0.0858973)
(0 0.175306 0.0848357)
(0.193442 -5.20417e-18 0.0852972)
(0.426837 0.814475 -0.12697)
(0 0.371412 -0.127533)
(0.413232 7.91468e-18 -0.128513)
(0.206337 0.809178 0.0855931)
(0 1 0.0825)
(0.426726 0.1618 0.776421)
(0.209383 0.350972 0.77406)
(0.216964 0.0361716 1)
(0.203207 0.170551 0.526748)
(0.649288 0.164983 1)
(0.648089 0.363125 0.788635)
(0.644162 0.178702 0.550334)
(0.429902 0.566871 0.782899)
(0.208736 0.576579 0.538818)
(0.205631 1 0.513166)
(0.647365 1 0.526379)
(0.20142 0.179372 0.0864926)
(0.419858 0.179487 0.308967)
(0.206482 0.369382 0.307305)
(0.205913 0.374356 -0.127675)
(0.418976 0.181616 -0.128224)
(0.20721 0.809605 0.300488)
(0.206911 0.811258 -0.126906)
(0.427512 1 -0.126896)
(0.204858 1 0.0844532)
(0.427608 1 0.30126)
(0 0.147786 0.745388)
(0.199664 -4.59702e-17 0.751353)
(0 0.566927 0.76136)
(0.644694 -4.72712e-17 0.772684)
(0 0.170985 0.29883)
(0.193711 -1.84314e-17 0.300018)
(0 0.175154 -0.127124)
(0 1 -0.12625)
(0 1 0.29125)
(0.193223 7.80626e-18 -0.12759)
(0.646372 0.578122 -1)
(1.08521 0.579977 -1)
(0.646883 1 -0.557649)
(1.08517 1 -0.560694)
(0.645529 1 -0.12693)
(0.646905 1 0.303807)
(1.08463 0.796589 -0.348587)
(0.882545 1 -0.324884)
(0.645949 0.812263 -0.34267)
(0.865727 0.810129 -0.56257)
(0.863883 0.798736 -0.12692)
(1.30404 1 -0.385833)
(0.865819 0.584406 -0.796831)
(0.645972 0.812922 0.0886382)
(0.646289 0.583095 -0.796734)
(0.646632 0.812647 -0.561058)
(0.865947 0.579503 -1)
(1.08514 0.584889 -0.797272)
(1.08504 0.809709 -0.564111)
(0.865901 1 -0.559141)
(0.64597 1 -0.34111)
(1.30438 1 -0.561013)
(1.08467 1 -0.407303)
(1.52334 1 -0.4089)
(0.645598 0.813256 -0.126959)
(0.646694 0.815561 0.306875)
(0.64601 1 0.0871086)
(0.800213 1 -0.126851)
(2.61876 0.746245 1)
(2.61877 0.425802 1)
(2.6188 -3.03577e-17 0.494595)
(2.61878 -4.72712e-17 0.773579)
(2.61878 0.183916 0.783024)
(2.6188 0.183275 0.551833)
(2.61876 0.185266 1)
(2.61875 -6.1232e-17 1)
(2.61881 0.810253 0.536601)
(2.61883 0.386689 0.552127)
(2.61878 0.381621 0.790376)
(2.61878 0.806275 0.774005)
(2.83787 0.807659 0.773521)
(2.83798 0.813757 0.535578)
(2.83782 0.79428 1)
(2.83789 0.183106 0.554668)
(2.83789 -3.38271e-17 0.549188)
(2.83791 0.380098 0.56091)
(2.83785 0.183444 0.783681)
(2.83783 0.377925 1)
(2.83781 -6.1232e-17 1)
(2.83781 0.184342 1)
(2.83784 0.379262 0.790551)
(2.83787 -4.72712e-17 0.774811)
(1.74237 -3.03577e-17 0.494523)
(1.74239 0.183314 0.55175)
(1.96152 0.18331 0.55447)
(1.96153 -3.38271e-17 0.548951)
(1.74247 0.810224 0.536511)
(1.96156 0.813649 0.535436)
(2.18064 0.810235 0.536529)
(2.18062 0.386788 0.552078)
(1.96152 0.380521 0.560789)
(1.74239 0.386723 0.552066)
(2.39971 0.380479 0.560819)
(2.39972 0.813657 0.535486)
(2.3997 -3.38271e-17 0.54898)
(2.3997 0.183291 0.554502)
(2.61877 1 0.528801)
(2.83786 1 0.529003)
(2.39971 1 0.528727)
(1.74248 1 0.528632)
(1.96156 1 0.528655)
(2.18062 0.183347 0.551752)
(2.18061 -3.03577e-17 0.494508)
(2.18064 1 0.528644)
(1.30382 -3.03577e-17 0.494548)
(1.30401 0.386133 0.551945)
(1.30434 0.810153 0.536403)
(1.7425 0.746381 1)
(1.30442 0.745944 1)
(1.30447 0.425012 1)
(2.18063 0.426137 1)
(1.7425 -6.1232e-17 1)
(1.74251 0.426084 1)
(2.18063 0.746401 1)
(1.30437 -6.1232e-17 1)
(2.18063 -6.1232e-17 1)
(1.52336 0.183681 0.783559)
(1.96155 0.183878 0.783556)
(1.96156 1 0.76137)
(1.08505 0.182142 0.783428)
(2.3997 0.183832 0.783575)
(2.3997 1 0.761398)
(2.83784 1 0.761576)
(1.52343 1 0.761361)
(1.08537 1 0.761157)
(1.52324 -3.38271e-17 0.548975)
(1.74246 -4.72712e-17 0.773495)
(1.30393 0.182986 0.551685)
(1.08438 -3.33934e-17 0.548819)
(1.30414 -4.72712e-17 0.773514)
(1.52326 0.380227 0.560759)
(1.08479 0.378411 0.560336)
(1.30435 0.380684 0.7903)
(1.74247 0.381836 0.790349)
(1.08532 0.81358 0.535024)
(1.52341 0.813628 0.535419)
(1.30439 1 0.528654)
(1.3044 0.806124 0.773877)
(1.74249 0.806334 0.773935)
(1.08567 0.37525 1)
(1.08531 -6.1232e-17 1)
(1.52345 0.794529 1)
(1.7425 1 1)
(1.96156 0.794645 1)
(1.08546 0.793592 1)
(1.30437 1 1)
(0.86625 1 1)
(1.52346 0.378585 1)
(1.30444 0.184659 1)
(1.96157 0.378958 1)
(2.3997 0.378839 1)
(2.18063 0.185513 1)
(2.18063 0.381926 0.790355)
(2.18062 1 1)
(1.7425 0.185476 1)
(1.52344 -6.1232e-17 1)
(1.96156 -6.1232e-17 1)
(2.18062 -4.72712e-17 0.773492)
(2.18063 0.806347 0.773947)
(2.3997 0.794602 1)
(2.61875 1 1)
(2.39969 -6.1232e-17 1)
(0.428125 1 1)
(0 1 1)
(1.74246 0.18403 0.782972)
(1.52341 0.379683 0.790498)
(1.52345 0.184821 1)
(1.30422 0.183459 0.782954)
(1.52324 0.183181 0.554465)
(1.96155 0.3801 0.79051)
(1.96157 0.185069 1)
(2.18063 0.184071 0.782973)
(1.96156 0.807833 0.773374)
(1.96156 1 1)
(2.18063 1 0.761374)
(1.74249 1 0.761365)
(1.52344 0.807765 0.773355)
(1.08555 0.182384 1)
(1.08539 0.376663 0.790328)
(1.0845 0.182359 0.554132)
(1.08542 0.807291 0.773144)
(2.3997 0.184991 1)
(2.3997 0.380006 0.790521)
(2.3997 0.80781 0.773395)
(2.39969 1 1)
(2.61876 1 0.761446)
(2.83781 1 1)
(0.647188 1 1)
(0.209062 0.998929 0.987725)
(1.08531 1 1)
(1.30438 1 0.761317)
(1.52344 1 1)
(1.52342 1 0.528682)
(1.08541 1 0.528551)
(1.52335 -4.72712e-17 0.774593)
(1.96155 -4.72712e-17 0.774574)
(1.08481 -4.72712e-17 0.774521)
(2.3997 -4.72712e-17 0.774602)
(1.08524 1 0.307152)
(1.52341 1 0.307697)
(1.96156 1 0.307676)
(2.39971 1 0.307728)
(2.83805 1 0.307461)
(2.61889 0.811101 0.310973)
(1.74246 0.810953 0.31104)
(2.18065 0.810957 0.311055)
(1.30428 0.811067 0.310811)
(2.83821 0.812771 0.310869)
(1.0851 0.812699 0.310427)
(1.3044 1 0.307492)
(1.52338 0.812218 0.311245)
(1.74247 1 0.307507)
(1.96156 0.812194 0.311302)
(2.39975 0.812226 0.311299)
(2.18065 1 0.307515)
(2.61876 1 0.307592)
(3.0602 0.579757 -1)
(3.06014 0.37796 -1)
(3.28413 0.37727 -1.00001)
(3.06021 0.380197 -0.796514)
(3.28382 0.379611 -0.798636)
(3.06043 0.584625 -0.797019)
(3.05868 0.800863 -0.788735)
(3.05834 0.81022 -0.562892)
(3.05719 1 -0.781688)
(3.0578 1 -0.559372)
(3.05687 1 -1)
(3.05902 0.788098 -1)
(2.61916 0.788209 -0.346698)
(2.61915 0.377451 -0.35065)
(2.61887 2.14672e-17 -0.352353)
(1.7425 6.1232e-17 -1)
(1.7425 0.179962 -1)
(1.74246 0.380388 -0.796556)
(1.74245 0.181459 -0.798176)
(1.74239 4.59702e-17 -0.750504)
(1.74248 0.800766 -0.789086)
(1.7425 0.37824 -1)
(1.7425 0.788364 -1)
(1.7425 1 -1)
(1.74248 1 -0.7819)
(2.18069 0.787903 -0.347093)
(2.18063 0.377168 -0.350744)
(2.18057 2.1684e-17 -0.352372)
(2.18066 0.38039 -0.796573)
(2.619 0.800799 -0.789047)
(2.6188 4.59702e-17 -0.750554)
(2.61923 0.380397 -0.79656)
(2.18066 0.800768 -0.789088)
(2.18061 4.59702e-17 -0.750561)
(3.05711 3.63863e-06 -0.750475)
(1.96157 0.179962 -1)
(3.2811 0.179524 -1.00001)
(2.39975 0.179963 -1)
(2.83852 0.179937 -1)
(1.96156 1 -1)
(2.39969 1 -1)
(2.83781 1 -1)
(2.18065 0.378242 -1)
(2.18062 6.1232e-17 -1)
(3.05687 6.1232e-17 -1)
(2.18064 0.788367 -1)
(2.61899 0.788382 -1)
(2.6191 0.378233 -1)
(2.61875 6.1232e-17 -1)
(2.39984 0.380663 -0.79866)
(2.18064 0.18146 -0.798203)
(1.96156 0.380662 -0.798656)
(2.83916 0.380589 -0.79864)
(3.0586 0.181339 -0.798165)
(2.18064 1 -0.7819)
(3.27641 5.56917e-06 -0.803035)
(1.96153 4.90059e-17 -0.803164)
(2.39978 0.80086 -0.789152)
(2.83852 0.80092 -0.789007)
(2.6188 1 -0.781898)
(2.61899 0.181455 -0.798199)
(2.3997 4.90059e-17 -0.803177)
(2.8379 4.90059e-17 -0.803154)
(1.96157 0.800846 -0.789159)
(2.18064 0.179962 -1)
(1.96157 0.378241 -1)
(1.96155 0.182002 -0.799633)
(3.27993 0.181595 -0.799582)
(3.05891 0.179841 -1)
(2.39976 0.182003 -0.79964)
(2.39978 0.378243 -1)
(2.61897 0.17996 -1)
(1.96157 0.788362 -1)
(2.39976 0.788377 -1)
(2.83848 0.181969 -0.799626)
(2.83896 0.378176 -1)
(2.83856 0.788337 -1)
(2.39972 1 -0.78193)
(2.18063 1 -1)
(1.96156 1 -0.781919)
(2.61875 1 -1)
(2.83791 1 -0.781863)
(1.96156 6.1232e-17 -1)
(3.27594 6.1232e-17 -1)
(2.39969 6.1232e-17 -1)
(2.83781 6.1232e-17 -1)
(1.52343 0.179962 -1)
(1.52338 0.380656 -0.798633)
(1.5233 4.90059e-17 -0.803076)
(1.52343 0.378236 -1)
(1.52335 0.182001 -0.799582)
(1.52344 6.1232e-17 -1)
(1.96157 0.580148 -1)
(2.39979 0.580153 -1)
(2.83898 0.580068 -1)
(2.39973 1 -0.561236)
(1.96156 1 -0.561206)
(2.83815 1 -0.56077)
(1.52343 0.580144 -1)
(2.83876 0.796599 -0.3487)
(2.39984 0.795167 -0.349899)
(2.61914 1 -0.385833)
(2.61899 0.808508 -0.564305)
(1.74249 0.585033 -0.797106)
(1.96156 0.795102 -0.35003)
(2.1807 1 -0.386418)
(2.18067 0.808372 -0.564475)
(2.18067 0.585036 -0.797111)
(2.61925 0.585026 -0.797096)
(2.39985 0.585078 -0.797375)
(2.39979 0.809208 -0.564858)
(2.18065 0.58015 -1)
(1.96157 0.585073 -0.79738)
(1.7425 0.580148 -1)
(2.61911 0.580144 -1)
(1.96156 0.809176 -0.564895)
(2.83921 0.584983 -0.797334)
(2.83847 0.809735 -0.564222)
(2.18066 1 -0.561023)
(2.6188 1 -0.561036)
(2.39979 1 -0.408897)
(1.96156 1 -0.409022)
(2.83864 1 -0.407369)
(1.5234 0.585067 -0.797365)
(3.27594 0.999897 -0.999997)
(3.28015 0.800592 -0.78854)
(3.28142 0.786939 -0.999926)
(3.2769 1.00022 -0.781731)
(3.2843 0.578645 -0.999992)
(3.27765 1.00012 -0.558439)
(3.28412 0.5836 -0.797258)
(3.27854 0.812941 -0.561916)
(4.14025 0.942987 -0.551843)
(3.71818 0.99969 -0.555852)
(3.89688 0.993224 -0.55107)
(4.14558 1.09454 -0.546559)
(3.71846 1.00084 -0.780493)
(3.7193 0.807359 -0.560132)
(4.14063 0.768862 -0.562552)
(3.95683 0.769336 -0.788976)
(3.90585 0.991463 -0.767697)
(3.73047 0.792412 -0.787999)
(3.93465 0.782523 -0.55912)
(3.96558 0.371172 -0.801407)
(3.94206 2.85028e-05 -0.749417)
(3.73963 0.176966 -1.00004)
(3.71406 0.996953 -0.999772)
(3.75145 0.568829 -1.00006)
(4 6.1232e-17 -1)
(3.99995 0.3675 -0.999999)
(3.99879 0.745 -0.999926)
(3.74213 0.374707 -0.799644)
(3.96809 0.565889 -0.802359)
(3.95536 0.177788 -0.799637)
(3.71739 1.66505e-05 -0.802572)
(3.75066 0.372255 -1.00006)
(3.73003 0.179791 -0.799768)
(3.99361 0.174191 -0.999471)
(3.74289 0.773277 -0.999796)
(3.9643 0.992505 -0.956611)
(3.74297 0.575056 -0.798249)
(3.99981 0.55625 -0.999993)
(3.71406 6.1232e-17 -1)
(3.49537 0.000195442 0.494548)
(3.27615 6.84916e-05 0.549556)
(3.27606 0.182385 0.554908)
(3.49512 0.181945 0.551479)
(3.49641 0.808971 0.537291)
(3.49506 0.380945 0.554014)
(3.27602 0.377961 0.561385)
(3.27682 0.813857 0.535735)
(3.27683 0.999854 0.52936)
(3.49744 0.999442 0.528426)
(3.49603 0.381712 0.0945292)
(3.49562 9.28696e-05 0.0909382)
(3.49713 0.814564 -0.126826)
(3.49758 0.999911 -0.12684)
(3.4975 0.99967 0.304699)
(3.49665 0.814418 0.308453)
(3.49675 0.810989 0.0893823)
(3.49746 0.999809 0.0872637)
(3.71394 0.182265 0.550653)
(3.71457 0.000496912 0.546463)
(3.71471 0.803015 0.534217)
(3.92884 0.78033 0.525505)
(3.93048 0.376096 0.538517)
(3.71304 0.379944 0.555716)
(4.14104 0.76586 0.516493)
(3.95824 0.000641413 0.507188)
(3.93259 0.180344 0.54093)
(4.14046 0.941005 0.509221)
(3.71726 0.997721 0.524207)
(4.00192 1.0021 0.500002)
(4.14323 1.09406 0.502273)
(3.89523 0.993013 0.514656)
(3.49504 9.07315e-06 0.999445)
(3.47377 0.765043 1.0017)
(3.47357 0.395597 1.00093)
(3.71354 0.181088 0.780189)
(3.27591 0.181781 0.783883)
(3.71782 0.997012 0.755377)
(4.14095 0.940232 0.725531)
(3.27642 0.999736 0.762009)
(3.49529 0.000443141 0.773884)
(3.49604 0.799444 0.775982)
(3.71401 0.375271 1.00125)
(3.92725 0.375616 0.765592)
(4.00222 1.00333 0.708748)
(3.27589 0.373554 1.00031)
(3.49457 0.178145 1.00122)
(3.71406 8.88955e-05 0.996225)
(3.27594 9.29261e-07 0.999912)
(3.49504 0.378957 0.78926)
(3.93244 0.00217934 0.765222)
(3.71484 0.78058 1.00307)
(3.49994 0.575313 1.00124)
(3.495 0.999923 0.99882)
(3.27589 0.79365 1.00067)
(3.93051 0.774105 0.752769)
(3.49491 0.181525 0.782886)
(3.71269 0.174592 1.00333)
(3.71264 0.377936 0.786135)
(3.93182 0.181163 0.763829)
(3.71406 0.998851 0.991483)
(3.2756 0.180001 1.00029)
(3.27591 0.376671 0.790565)
(3.27594 0.999992 0.999778)
(3.71472 0.572224 1.00118)
(3.71498 0.793723 0.773073)
(4.13956 0.762156 0.732726)
(3.9029 0.994178 0.738784)
(3.49657 0.999085 0.760923)
(4.14136 1.09214 0.714272)
(3.27635 0.80646 0.774264)
(3.71503 0.00125027 0.772591)
(3.2761 0.000110502 0.775314)
(3.92738 0.782363 0.0866685)
(3.93299 0.375414 0.0906573)
(3.7163 0.998792 -0.126825)
(3.71652 0.998211 0.302308)
(4.14129 0.942182 -0.12701)
(4.14132 0.941487 0.295117)
(3.89127 0.992986 0.0845858)
(4.1455 1.09589 0.082583)
(3.71425 0.809335 0.0879822)
(3.92727 0.784602 -0.127161)
(3.92742 0.783717 0.302253)
(4.14188 0.768175 0.0853151)
(3.71453 0.810271 -0.126916)
(3.71437 0.808946 0.306228)
(4.14148 0.769159 -0.127801)
(4.14118 0.768193 0.299362)
(3.71616 0.998559 0.086347)
(3.89136 0.993285 -0.126651)
(3.89232 0.99255 0.297409)
(4.14565 1.09588 -0.126603)
(4.14118 0.942131 0.0837223)
(4.14527 1.09543 0.291918)
(3.93418 0.000194087 0.0890156)
(3.71317 0.579525 0.78485)
(3.27888 0.999994 -0.12683)
(3.27731 0.999923 0.305626)
(3.27797 0.813058 0.0897132)
(3.49538 0.593675 0.555974)
(3.92934 0.581309 0.543027)
(3.92748 0.573133 0.76283)
(3.49561 0.582782 0.78831)
(3.71316 0.589865 0.553105)
(3.27855 0.813366 -0.126787)
(3.27828 0.999961 0.0879093)
(3.2773 0.815852 0.309043)
(8.97199 1.2 4.46638)
(9.19089 1.2 4.46645)
(9.19156 1.00455 4.46649)
(8.97177 1.00455 4.46649)
(9.1916 1.36886 4.4665)
(8.97179 1.36889 4.46652)
(9.19072 0.795453 3.83992)
(9.19071 0.6 3.83983)
(9.19087 0.6 4.04878)
(9.19087 0.795461 4.04882)
(9.19129 0.795459 4.2581)
(9.19141 0.6 4.25912)
(9.19133 0.6 4.46621)
(8.97143 0.6 4.46614)
(8.97162 0.795457 4.46641)
(9.19164 0.795463 4.46642)
(9.19278 1.2 4.25835)
(9.18977 1.2 4.04832)
(9.19055 1.00454 4.04867)
(9.19164 1.00455 4.25788)
(9.19053 1.00455 3.84003)
(9.1903 1.2 3.84026)
(9.19164 1.36889 4.25784)
(8.97167 1.36893 4.25767)
(9.18872 0.401179 3.84005)
(9.18995 0.407237 3.63117)
(9.18872 0.401165 3.42258)
(9.18115 2.63082e-16 3.4227)
(9.18053 2.88676e-16 3.84066)
(9.1909 0.6 3.631)
(9.19061 0.6 3.42251)
(9.19072 0.79547 3.63111)
(9.1906 0.795469 3.42258)
(9.19063 1.2 3.42345)
(9.19057 1.00456 3.42283)
(9.19048 1.00456 3.63089)
(9.1901 1.2 3.63023)
(9.18142 3.1431e-16 4.25939)
(9.18401 3.4006e-16 4.67962)
(9.19117 0.401109 4.67613)
(9.19085 0.407222 4.46664)
(9.1893 0.401201 4.25841)
(8.97064 0.407114 4.6759)
(8.97091 0.408681 4.46655)
(9.19009 0.407239 4.04892)
(8.97161 1.36888 3.84001)
(8.97156 1.36891 4.04882)
(8.97153 1.50004 4.0488)
(8.97154 1.49993 3.84001)
(8.97173 1.50018 4.25766)
(8.97136 1.63112 4.04869)
(8.97151 1.63109 3.83997)
(9.19051 1.36891 4.04868)
(9.19049 1.36892 3.84007)
(9.19044 1.3689 3.63094)
(9.19057 1.36888 3.42286)
(9.1906 1.50007 3.84007)
(9.19057 1.50004 3.6313)
(9.19058 1.49999 3.42271)
(9.19061 1.63111 3.84006)
(9.19063 1.63113 3.63142)
(9.1906 1.63111 3.42266)
(9.19983 0.402345 5.09451)
(9.19206 0.18683 5.1003)
(8.96889 0.187447 5.1009)
(8.96837 0.402465 5.09561)
(9.18841 3.63208e-16 5.05779)
(8.969 3.66189e-16 5.10681)
(8.97045 0.407902 4.88528)
(9.19507 0.407156 4.88481)
(8.96743 0.182012 5.5)
(8.96864 0.185612 5.308)
(8.97048 3.54534e-16 5.31601)
(8.97156 8.41171e-17 5.5)
(8.95979 0.795287 5.30303)
(8.9541 0.6 5.30586)
(8.9 0.6 5.5)
(8.94995 0.796089 5.5)
(8.97142 0.6 4.67552)
(8.97034 0.6 4.88491)
(8.9708 0.79541 4.8849)
(8.97154 0.79544 4.67556)
(8.94995 0.995625 5.5)
(8.95975 1.00125 5.30288)
(8.97081 1.00439 4.88505)
(8.97155 1.00451 4.67552)
(8.96173 0.397488 5.30395)
(8.954 0.389723 5.5)
(8.97148 1.2 4.67523)
(8.96727 0.6 5.09499)
(8.96831 0.795311 5.09436)
(8.95402 1.2 5.3054)
(8.96747 1.2 5.09467)
(8.96837 1.00383 5.09425)
(8.9 1.2 5.5)
(8.97035 1.2 4.8854)
(8.96141 1.36113 5.30288)
(8.96877 1.36736 5.09417)
(8.95305 1.35021 5.5)
(8.97161 1.36884 4.67552)
(8.97096 1.36857 4.88502)
(8.96598 1.50001 5.30182)
(8.96292 1.5 5.5)
(8.9714 1.5 4.88479)
(8.96984 1.5001 5.09379)
(8.97174 1.50006 4.46659)
(8.97173 1.49995 4.6756)
(8.7525 3 3.84071)
(8.75259 2.59882 3.84014)
(8.75262 2.59276 4.04888)
(8.75248 2.59883 4.25796)
(8.7525 3 4.2595)
(8.97188 1.99543 4.25751)
(8.97138 1.99543 4.04868)
(8.97095 1.8 4.04844)
(8.97246 1.8 4.25721)
(8.97153 1.99544 3.83996)
(8.97163 1.8 3.83989)
(8.97189 1.6312 4.25753)
(9.19063 1.8 3.83999)
(9.19064 1.99543 3.84003)
(9.19062 3 3.84072)
(9.19072 2.59883 3.84007)
(8.97165 2.59273 3.84006)
(9.19072 2.20453 3.83994)
(8.97162 2.20454 3.84)
(8.97166 2.4 3.84001)
(9.19071 2.4 3.83983)
(8.97157 2.20454 4.04879)
(8.9716 2.59129 4.04886)
(8.97161 2.59274 4.25771)
(8.97148 2.4 4.04885)
(8.97165 2.20452 4.25755)
(8.97152 2.4 4.25751)
(9.19062 3 3.42272)
(9.19065 2.59883 3.42253)
(9.19067 2.59276 3.63124)
(9.19076 2.4 3.42243)
(9.19062 2.4 3.63114)
(9.19066 2.20452 3.63123)
(9.19065 2.20453 3.42251)
(9.19063 1.8 3.42266)
(9.19076 1.8 3.63154)
(9.19065 1.99544 3.63139)
(9.19061 1.99544 3.42262)
(8.9711 1.8 4.46692)
(8.97115 1.8 4.67522)
(8.97146 1.99548 4.67548)
(8.9715 1.99543 4.46661)
(8.97151 1.63115 4.67551)
(8.97153 1.63113 4.46663)
(8.97102 1.99561 4.88478)
(8.9709 2.20459 4.8847)
(8.97152 2.20456 4.67539)
(8.97052 2.4 4.88449)
(8.97137 2.4 4.67507)
(8.97159 2.20454 4.46648)
(8.97145 2.4 4.46647)
(8.75135 2.59889 4.6765)
(8.75208 2.59278 4.46673)
(8.9716 2.59131 4.46663)
(8.97151 2.59289 4.67572)
(8.7525 3 4.6798)
(8.9598 2.2047 5.30307)
(8.95976 1.99877 5.30301)
(8.94995 2.00438 5.5)
(8.94995 2.20391 5.5)
(8.97096 2.5921 4.88509)
(8.74893 2.59284 4.88565)
(8.74452 2.59764 5.09614)
(8.96893 2.59754 5.09552)
(8.75017 2.81316 5.10072)
(8.7525 3 5.05789)
(8.7525 3 5.5)
(8.7525 3 5.31586)
(8.74723 2.81454 5.30807)
(8.74356 2.81791 5.5)
(8.9 2.4 5.5)
(8.95411 2.4 5.30594)
(8.96828 1.99617 5.09434)
(8.96836 2.20469 5.09427)
(8.96739 2.4 5.09473)
(8.7284 2.61018 5.5)
(8.7352 2.60236 5.30459)
(8.96196 2.60251 5.30397)
(8.954 2.61028 5.5)
(8.96869 1.63269 5.09427)
(8.97115 1.63142 4.88478)
(8.95305 1.64979 5.5)
(8.96143 1.63883 5.30301)
(8.97102 1.8 4.88467)
(8.96719 1.8 5.09494)
(8.95412 1.8 5.30576)
(8.9 1.8 5.5)
(9.19062 3 3.00506)
(9.19053 2.59884 3.0051)
(9.19052 2.59276 3.21373)
(9.19059 1.99545 3.21387)
(9.1905 1.8 3.21385)
(9.19056 2.20454 3.00509)
(9.1907 1.99545 3.00498)
(9.19055 2.20454 3.21375)
(9.19085 1.8 3.00471)
(9.19051 2.4 3.21351)
(9.19063 2.4 3.00505)
(9.19061 1.63109 3.21392)
(9.19075 1.63108 3.00501)
(9.18984 0.407236 3.21389)
(9.18902 0.401171 3.0052)
(9.18331 2.37507e-16 3.00505)
(9.19055 0.6 3.21388)
(9.19054 0.795465 3.21392)
(9.19053 1.00456 3.2141)
(9.19049 0.795463 3.00524)
(9.19045 0.6 3.00528)
(9.19055 1.00455 3.00526)
(9.19049 1.2 3.21432)
(9.19056 1.3689 3.21413)
(9.1905 1.2 3.00526)
(9.19061 1.36889 3.00526)
(9.19062 1.49999 3.21402)
(9.19069 1.49995 3.00521)
(9.19081 1.63111 2.79623)
(9.19102 1.8 2.79587)
(9.19044 2.59276 2.79639)
(9.19073 1.99544 2.79622)
(9.1905 2.20453 2.79638)
(9.19048 2.4 2.79631)
(9.18998 0.40724 2.79641)
(9.19045 0.6 2.79628)
(9.1905 0.795459 2.79643)
(9.19071 1.00456 2.79643)
(9.1909 1.2 2.79629)
(9.19078 1.36891 2.79643)
(9.19076 1.50005 2.79644)
(10.5 2.88633e-16 3.84)
(10.5066 0.397059 3.83729)
(10.9417 0.375905 3.84022)
(10.9399 -2.35153e-16 3.84037)
(10.507 0.793434 3.8382)
(10.5009 1.00412 3.84426)
(10.4514 1.2 3.85138)
(10.9378 1.16594 3.847)
(10.9423 0.776411 3.84165)
(10.0627 2.88655e-16 3.84036)
(10.0674 0.400972 3.83875)
(10.288 0.406158 3.8374)
(10.2877 0.795049 3.83825)
(10.2845 1.00439 3.84161)
(10.437 0.6 3.83701)
(10.2884 0.6 3.83719)
(10.2834 1.2 3.84263)
(10.068 0.795388 3.83899)
(10.0663 1.00451 3.84087)
(10.0656 1.2 3.84157)
(10.0684 0.6 3.83843)
(9.62761 0.401167 3.42272)
(9.62386 2.6308e-16 3.42267)
(9.40904 0.407259 3.42267)
(10.0628 2.63075e-16 3.42261)
(10.0653 0.400947 3.4234)
(10.067 0.407036 3.63086)
(9.847 0.407212 3.42302)
(9.84781 0.408659 3.63111)
(9.40961 0.6 3.42274)
(9.62866 0.6 3.4226)
(9.62854 0.795456 3.42285)
(9.40959 0.795468 3.4227)
(9.40955 1.00456 3.4227)
(9.62849 1.00456 3.42314)
(10.0674 0.6 3.63082)
(10.067 0.795406 3.6314)
(9.84737 0.6 3.42292)
(9.84803 0.6 3.63116)
(9.84784 0.795449 3.63139)
(9.84725 0.795452 3.42332)
(10.0657 1.00451 3.63306)
(10.0656 1.2 3.63338)
(9.84695 1.00455 3.42413)
(9.84717 1.00454 3.63216)
(9.84671 1.2 3.42447)
(9.84689 1.2 3.63218)
(9.6286 1.2 3.42307)
(9.40948 1.2 3.42239)
(10.5016 1.50003 3.84416)
(10.4996 1.36869 3.84565)
(10.2836 1.36885 3.84263)
(10.284 1.49997 3.84254)
(10.94 1.50002 3.84555)
(10.0659 1.49987 3.84151)
(10.0658 1.36886 3.84149)
(9.40955 1.36889 3.42276)
(9.62849 1.3689 3.42328)
(9.84694 1.36888 3.42439)
(9.84698 1.36891 3.63249)
(9.62847 1.50002 3.42338)
(9.40957 1.49995 3.42288)
(10.0653 1.36888 3.63365)
(10.0653 1.49991 3.6338)
(9.84703 1.50001 3.63266)
(9.84707 1.49993 3.42436)
(10.0652 1.49991 3.42603)
(9.40953 1.63109 3.42275)
(9.62842 1.6311 3.42315)
(10.0652 1.63108 3.63374)
(10.0658 1.63108 3.84149)
(10.065 1.63108 3.42607)
(9.84697 1.63108 3.42402)
(10.9412 -3.09594e-16 5.05571)
(10.9404 -2.86446e-16 4.67802)
(10.9423 0.375548 4.67933)
(10.9422 0.375017 5.09769)
(10.9417 0.17999 5.09928)
(10.9416 0.769076 5.09961)
(10.944 0.77463 4.67998)
(10.9444 1.1637 4.67606)
(10.9392 1.15671 5.09955)
(10.9423 0.410794 5.5)
(10.9425 0.370544 5.30427)
(10.9398 0.763772 5.5)
(10.9401 -2.60764e-16 4.25861)
(10.943 0.375825 4.25761)
(10.9449 0.776035 4.25742)
(10.9418 1.16549 4.26023)
(10.9426 1.50002 4.25991)
(10.9438 1.50002 4.67724)
(10.9324 1.14843 5.5)
(10.9394 1.5 5.09932)
(10.9354 1.5 5.5)
(10.9423 0.177894 5.30715)
(10.9431 -4.25783e-16 5.5)
(10.942 -3.29164e-16 5.31416)
(10.9429 0.172386 5.5)
(10.2836 1.63113 3.84278)
(10.4997 1.63132 3.84568)
(10.5071 2.20656 3.83827)
(10.437 2.4 3.83701)
(10.5078 2.60294 3.83752)
(10.9438 2.6241 3.8405)
(10.943 2.22359 3.84177)
(10.2878 2.20495 3.83845)
(10.2885 2.4 3.83752)
(10.505 3 3.84072)
(10.2886 2.59385 3.83766)
(10.0683 2.59905 3.83892)
(10.0669 3 3.84072)
(10.9431 3 3.84072)
(10.068 2.20462 3.83908)
(10.0685 2.4 3.83854)
(10.4514 1.8 3.85138)
(10.938 1.83408 3.84703)
(10.5009 1.99588 3.84432)
(10.2845 1.99561 3.84179)
(10.2833 1.8 3.84296)
(10.0656 1.8 3.8414)
(10.0663 1.9955 3.84089)
(9.62856 2.59884 3.42281)
(9.40959 2.59274 3.42265)
(9.62875 3 3.42272)
(10.0673 2.59296 3.63089)
(10.066 2.59905 3.4235)
(10.0669 3 3.42272)
(9.84736 2.59279 3.42311)
(9.62832 1.8 3.42278)
(9.40942 1.8 3.42253)
(9.40953 1.99544 3.42269)
(9.62842 1.99545 3.42303)
(9.6285 2.20454 3.42292)
(9.40958 2.20455 3.42267)
(9.40959 2.4 3.42261)
(9.62858 2.4 3.42278)
(10.0648 1.8 3.426)
(10.0652 1.8 3.63353)
(10.065 1.9955 3.42564)
(10.0656 1.99549 3.63317)
(10.0669 2.20461 3.63143)
(10.0657 2.20462 3.42418)
(9.84671 1.8 3.4233)
(9.84699 1.99546 3.42378)
(9.84726 2.20456 3.42336)
(10.0672 2.4 3.63071)
(10.0659 2.4 3.4236)
(9.84742 2.4 3.42305)
(10.9446 1.83631 4.67611)
(10.9393 1.8433 5.09958)
(10.942 1.83453 4.26027)
(10.9449 2.62418 4.25821)
(10.9456 2.22397 4.25759)
(10.9431 3 4.25952)
(10.9446 2.22537 4.6802)
(10.9419 2.23093 5.09978)
(10.944 2.62446 4.68035)
(10.9432 2.625 5.09878)
(10.9424 2.58923 5.5)
(10.9398 2.23624 5.5)
(10.943 2.62948 5.30479)
(10.9431 3 5.0579)
(10.9432 2.82002 5.10126)
(10.9431 3 4.67981)
(10.9324 1.85157 5.5)
(10.9431 2.82213 5.3083)
(10.9431 3 5.5)
(10.943 2.82765 5.5)
(10.9431 3 5.31588)
(9.20152 1.50009 5.09304)
(9.19625 1.49998 4.88436)
(9.21422 1.5 5.5)
(9.20989 1.50002 5.30115)
(9.19335 1.49998 4.67542)
(9.19185 1.4999 4.46645)
(10.5093 1.50004 4.67427)
(10.5079 1.50004 4.88848)
(10.5062 1.50004 5.09698)
(10.2903 1.49992 4.67464)
(10.2906 1.49994 4.88667)
(10.2918 1.49997 5.09557)
(10.0716 1.49984 4.67505)
(10.074 1.49988 4.88538)
(10.0783 1.49991 5.09444)
(9.64815 1.50001 5.09305)
(9.42804 1.50002 5.0928)
(9.44078 1.5 5.301)
(9.66018 1.50001 5.30123)
(9.63417 1.50002 4.67521)
(9.41439 1.50005 4.67529)
(9.41931 1.49992 4.88415)
(9.63938 1.49999 4.88431)
(10.5108 1.50004 4.46202)
(10.2902 1.49996 4.46388)
(9.87331 1.50001 5.30161)
(9.86421 1.50005 5.09365)
(9.85723 1.49993 4.88466)
(9.85301 1.49997 4.67518)
(9.66503 1.5 5.5)
(9.44654 1.5 5.5)
(10.5068 1.50004 4.25654)
(10.2879 1.50003 4.25638)
(10.0701 1.49994 4.46528)
(10.0685 1.49989 4.25693)
(9.85062 1.50003 4.46597)
(9.6314 1.50008 4.46621)
(9.62992 1.5 4.25743)
(9.84913 1.50002 4.2573)
(9.8766 1.5 5.5)
(10.0851 1.5 5.5)
(10.0835 1.49999 5.302)
(9.41182 1.50001 4.46633)
(9.41062 1.5 4.25753)
(10.5469 1.5 5.5)
(10.504 1.50001 5.30287)
(10.2929 1.5 5.30228)
(10.2922 1.5 5.5)
(9.19127 1.50003 4.25769)
(9.40964 1.63115 3.84006)
(9.62862 1.63111 3.84051)
(9.6284 1.63111 3.63188)
(9.40959 1.63112 3.63147)
(9.84727 1.6311 3.84084)
(9.84702 1.63109 3.63259)
(10.2864 1.49997 4.04871)
(10.5058 1.50004 4.04837)
(10.0672 1.49992 4.04893)
(9.84816 1.50001 4.04893)
(9.62914 1.49993 4.04885)
(9.40998 1.5 4.04882)
(9.19073 1.5 4.04883)
(9.19062 1.6311 4.04895)
(10.0683 1.63108 4.25682)
(9.84891 1.63108 4.2572)
(10.0672 1.63108 4.04881)
(9.62902 1.63108 4.04875)
(9.84805 1.63108 4.04888)
(9.40987 1.63109 4.04881)
(9.6293 1.2 4.25733)
(9.62971 1.36891 4.25741)
(9.8489 1.36891 4.25736)
(9.84853 1.2 4.2575)
(10.4601 1.2 4.26013)
(10.5063 1.3687 4.2566)
(10.068 1.2 4.25693)
(10.0683 1.36887 4.25691)
(10.2876 1.36886 4.25626)
(10.287 1.2 4.25626)
(9.41046 1.36891 4.25747)
(9.41006 1.2 4.25724)
(10.4414 1.2 4.04139)
(9.62879 1.2 3.84033)
(9.62921 1.2 4.0487)
(9.84802 1.2 4.04868)
(9.84724 1.2 3.84056)
(9.4099 1.2 3.84025)
(9.40971 1.2 4.04862)
(10.2872 1.2 4.04743)
(10.067 1.2 4.0486)
(9.40978 1.2 3.63152)
(9.62863 1.2 3.63157)
(10.7237 0.380623 5.09704)
(10.7221 0.182373 5.09753)
(10.7211 -3.12386e-16 5.10146)
(10.7242 0.174366 5.5)
(10.7241 -3.90435e-16 5.5)
(10.7219 -3.28188e-16 5.31107)
(10.7231 0.179886 5.3055)
(10.7244 0.375661 5.30319)
(10.7246 0.369328 5.5)
(9.41143 1.36889 4.46637)
(9.62886 0.401146 4.25748)
(9.40986 0.407259 4.25754)
(9.41014 0.6 4.25716)
(9.62974 0.6 4.25705)
(9.62414 3.14297e-16 4.25917)
(9.62974 1.00454 4.25733)
(9.41045 1.00455 4.25744)
(10.5113 0.397052 4.25076)
(10.5 3.14198e-16 4.2575)
(10.5131 0.793379 4.25024)
(10.5076 1.00411 4.25534)
(10.063 3.1427e-16 4.25857)
(10.0689 0.400952 4.25579)
(10.2912 0.406159 4.25279)
(9.84943 0.6 4.25649)
(9.84936 0.407208 4.25667)
(9.84906 1.00453 4.25719)
(9.62999 0.795458 4.25714)
(9.41048 0.795459 4.25741)
(10.4458 0.6 4.24576)
(10.2884 1.00439 4.2555)
(10.0687 1.0045 4.25654)
(10.2913 0.795033 4.25303)
(10.07 0.795377 4.25546)
(10.07 0.6 4.25509)
(10.292 0.6 4.25184)
(9.84969 0.795442 4.25664)
(9.21055 0.397592 5.30229)
(9.1962 0.185414 5.30772)
(9.19063 8.41171e-17 5.5)
(9.18991 3.54859e-16 5.31578)
(9.20072 0.181883 5.5)
(9.22023 0.389839 5.5)
(9.1926 0.6 4.67509)
(9.1923 1.2 4.67537)
(9.19294 1.00451 4.67539)
(9.19552 0.6 4.88426)
(9.20263 0.6 5.09301)
(9.19302 0.795443 4.67529)
(9.19609 0.795399 4.88434)
(9.20269 0.795307 5.09312)
(9.22089 0.6 5.3007)
(9.23042 0.795803 5.5)
(9.28973 0.6 5.48973)
(9.21693 0.795281 5.3012)
(9.20256 1.2 5.09309)
(9.2027 1.00382 5.09314)
(9.19611 1.00439 4.88444)
(9.1956 1.2 4.88454)
(9.22111 1.2 5.30078)
(9.21706 1.00126 5.3012)
(9.23041 0.995954 5.5)
(9.28973 1.2 5.48973)
(9.21425 1.36106 5.30119)
(9.20215 1.36735 5.09311)
(9.19608 1.36859 4.88443)
(9.22508 1.34994 5.5)
(9.19299 1.36884 4.6754)
(9.41066 1.2 4.46641)
(9.63075 1.2 4.4661)
(9.63368 1.36885 4.67521)
(9.41399 1.36885 4.67525)
(9.6311 1.36891 4.4662)
(9.41333 1.2 4.67524)
(9.63277 1.2 4.6751)
(9.62536 3.40006e-16 4.67921)
(9.63182 0.401094 4.67628)
(9.67784 0.795841 5.5)
(9.66281 0.389744 5.5)
(9.64431 0.40233 5.09466)
(9.64882 0.795298 5.09336)
(9.64743 1.2 5.09313)
(9.63355 0.795441 4.67549)
(9.62875 8.41171e-17 5.5)
(9.62748 3.63154e-16 5.05742)
(9.69331 1.2 5.49331)
(10.5 3.39762e-16 4.675)
(10.5084 0.79318 4.68474)
(10.5 6.66134e-16 5.5)
(10.5524 0.786906 5.5)
(10.0758 0.40206 5.09667)
(10.0771 1.2 5.09562)
(10.5064 0.396985 4.68421)
(10.5 3.62594e-16 5.04788)
(10.0635 3.39952e-16 4.67788)
(10.5068 0.792058 5.0993)
(10.4689 1.2 4.66888)
(10.0712 0.795357 4.67732)
(10.5296 0.403341 5.5)
(10.0669 8.41171e-17 5.5)
(10.5 1.2 5.48456)
(10.0918 0.79537 5.5)
(10.5059 0.397961 5.09851)
(10.4628 1.2 5.1)
(10.0697 0.400909 4.6778)
(10.0702 1.2 4.67481)
(10.0785 0.795129 5.096)
(10.0648 3.63045e-16 5.05524)
(10.0842 0.38923 5.5)
(10.0969 1.2 5.49689)
(9.41069 0.6 4.46631)
(9.41136 1.00454 4.46637)
(9.41806 0.6 4.88394)
(9.41902 0.185425 5.30773)
(9.4487 0.6 5.30089)
(9.41918 1.00438 4.88402)
(9.44451 1.36106 5.3009)
(9.44848 1.00125 5.30092)
(9.41909 1.36858 4.88401)
(10.29 1.00418 4.88861)
(10.2923 0.6 4.46215)
(9.85036 0.6 4.46606)
(10.291 1.00441 4.46307)
(10.2904 1.36881 4.46319)
(9.85024 1.00453 4.46604)
(9.85019 1.36889 4.46602)
(10.2891 0.6 4.89216)
(10.2875 0.184723 5.30492)
(10.2952 0.6 5.30688)
(9.85548 0.6 4.88569)
(9.85515 0.185379 5.30744)
(9.87523 0.6 5.30393)
(10.2952 1.00038 5.3033)
(10.2935 1.36107 5.30312)
(10.29 1.36851 4.88773)
(9.85655 1.00438 4.88493)
(9.8744 1.36112 5.30234)
(9.87718 1.00111 5.30237)
(9.85655 1.36857 4.88469)
(9.63049 0.407208 4.46645)
(9.63745 0.407141 4.88508)
(9.63261 0.6 4.67549)
(9.41301 0.407112 4.67557)
(9.85181 0.40706 4.67646)
(9.63106 0.795455 4.46622)
(9.69331 0.6 5.49331)
(9.66571 0.795272 5.30152)
(9.67782 0.995861 5.5)
(9.46315 0.795775 5.5)
(9.88591 0.795812 5.5)
(9.65596 0.397566 5.30252)
(9.64388 0.181838 5.5)
(9.44765 0.389802 5.5)
(9.87405 0.389604 5.5)
(9.64739 0.6 5.09338)
(9.63292 0.186804 5.10001)
(9.42495 0.402473 5.09431)
(9.86075 0.402403 5.09558)
(9.64885 1.00381 5.09327)
(9.63883 0.795399 4.8846)
(9.42934 0.795306 5.09287)
(9.86454 0.795267 5.0945)
(9.64813 1.36733 5.09319)
(9.63788 1.2 4.88491)
(9.66401 1.2 5.30266)
(9.42896 1.2 5.09268)
(9.86342 1.2 5.09478)
(9.63359 1.00451 4.67528)
(9.85139 1.2 4.67501)
(9.41385 0.795445 4.67522)
(9.85252 0.795427 4.67608)
(9.62826 3.55185e-16 5.31553)
(9.40969 8.41171e-17 5.5)
(9.84781 8.41171e-17 5.5)
(9.40866 3.66189e-16 5.10667)
(9.8466 3.66135e-16 5.1057)
(9.67109 1.35002 5.5)
(9.49152 1.2 5.49152)
(9.8951 1.2 5.4951)
(10.5171 0.794791 4.4572)
(10.434 0.6 4.7)
(10.5069 0.79451 4.89468)
(10.5104 1.00403 4.67412)
(10.29 0.79497 4.67991)
(10.5 3.79833e-16 5.30125)
(10.5055 0.178519 5.5)
(10.2859 0.000327831 5.49641)
(10.5077 0.792299 5.30441)
(10.4822 0.6 5.48223)
(10.4959 0.993073 5.5)
(10.2974 0.793568 5.5)
(10.493 1.35006 5.5)
(10.5103 1.36863 4.67253)
(10.0703 0.407028 4.4657)
(10.0693 1.2 4.46487)
(10.2905 0.401361 5.09793)
(10.0726 0.406951 4.88791)
(10.0774 0.6 5.09659)
(10.0684 0.186663 5.09871)
(10.0812 0.397074 5.30389)
(10.2914 1.2 5.09741)
(10.0726 1.2 4.88597)
(10.0784 1.00368 5.09538)
(10.0847 1.2 5.30525)
(10.078 1.36727 5.09503)
(10.5168 0.405278 4.45703)
(10.5062 0.405247 4.89483)
(10.2893 0.406007 4.6805)
(10.5026 0.185005 5.09505)
(10.2828 3.6581e-16 5.10065)
(10.434 0.6 5.1)
(10.5067 1.00285 5.09854)
(10.2921 0.794515 5.09786)
(10.4501 1.2 4.45014)
(10.434 1.2 4.9)
(10.2897 1.2 4.67379)
(10.0707 0.79538 4.4655)
(10.0705 0.6 4.67807)
(10.0711 1.00447 4.67547)
(10.0735 0.795312 4.88743)
(10.5073 0.391658 5.30353)
(10.2946 0.387983 5.5)
(10.0655 3.5822e-16 5.31346)
(10.0749 0.181587 5.5)
(10.434 1.19924 5.30012)
(10.2987 1.2 5.49868)
(10.0865 0.795026 5.30334)
(10.0969 0.6 5.49689)
(10.0915 0.995308 5.5)
(10.5063 1.36703 5.09789)
(10.0875 1.35017 5.5)
(10.0711 1.36878 4.67499)
(9.41092 0.408678 4.46646)
(9.41137 0.795459 4.46632)
(9.41314 0.6 4.67507)
(9.63045 0.6 4.46616)
(9.41392 1.00451 4.67525)
(9.63106 1.00453 4.4662)
(9.41778 0.407895 4.88457)
(9.42852 0.6 5.09282)
(9.41902 0.795408 4.88413)
(9.63759 0.6 4.88454)
(9.41364 0.18741 5.10053)
(9.43853 0.397628 5.30216)
(9.63802 0.185359 5.30757)
(9.44842 0.795279 5.30103)
(9.66387 0.6 5.30183)
(9.42948 1.00383 5.09279)
(9.41845 1.2 4.88357)
(9.63893 1.00438 4.88457)
(9.44865 1.2 5.3004)
(9.42866 1.36733 5.09276)
(9.66223 1.36108 5.30169)
(9.66579 1.00122 5.30168)
(9.63889 1.36859 4.88449)
(10.4446 0.6 4.44455)
(10.5145 1.0042 4.45824)
(10.5134 1.36857 4.4588)
(10.5072 1.0039 4.8927)
(10.5051 0.998829 5.30224)
(10.5037 1.36027 5.30199)
(10.5072 1.36823 4.8914)
(10.2894 0.407165 4.89105)
(10.2854 0.186832 5.09713)
(10.2903 1.00434 4.6753)
(10.29 0.795047 4.89061)
(10.2921 1.00341 5.09694)
(10.2888 1.2 4.8892)
(10.0735 1.00432 4.88619)
(10.4229 0.6 4.9)
(10.5038 0.183353 5.30259)
(10.426 0.6 5.30537)
(10.2922 0.407936 4.46321)
(10.0703 0.6 4.46561)
(10.2923 0.795199 4.46315)
(10.2891 0.6 4.68284)
(9.85045 0.408635 4.46623)
(9.85071 0.79544 4.46609)
(9.85165 0.6 4.67625)
(10.2906 1.2 4.46244)
(10.07 1.00451 4.46518)
(10.0698 1.36886 4.46515)
(10.2902 1.36878 4.67433)
(9.84942 1.2 4.46613)
(9.85235 1.00451 4.67536)
(9.85241 1.36882 4.67515)
(10.2912 0.6 5.09872)
(10.0725 0.6 4.88794)
(10.2934 0.396127 5.3042)
(10.0714 0.185295 5.30664)
(10.0851 0.6 5.3055)
(10.2959 0.79411 5.3041)
(9.85557 0.407844 4.88605)
(9.86317 0.6 5.09482)
(9.85666 0.795383 4.88559)
(9.85109 0.187366 5.10001)
(9.86932 0.397506 5.30329)
(9.87718 0.795245 5.30246)
(10.2949 1.2 5.30516)
(10.0863 1.00087 5.3031)
(10.2917 1.36727 5.09639)
(10.0842 1.36113 5.30302)
(10.0735 1.36854 4.8857)
(9.86455 1.00379 5.0943)
(9.85514 1.2 4.8844)
(9.87515 1.2 5.30375)
(9.86401 1.36733 5.09411)
(9.42524 0.181841 5.5)
(9.49152 0.6 5.49152)
(9.40926 3.54643e-16 5.31591)
(9.46315 0.995987 5.5)
(9.45568 1.34992 5.5)
(10.2835 3.64726e-16 5.30907)
(10.29 0.180772 5.5)
(10.2929 1.35018 5.5)
(9.84713 3.55727e-16 5.31518)
(10.2987 0.6 5.49868)
(9.8951 0.6 5.4951)
(9.85989 0.18178 5.5)
(9.88055 1.35011 5.5)
(9.88585 0.995666 5.5)
(10.296 0.994493 5.5)
(9.62909 0.795456 3.83978)
(9.62912 0.6 3.83969)
(9.40976 0.6 3.83987)
(9.40984 0.795462 3.8399)
(9.62368 2.88669e-16 3.84058)
(9.40926 0.40726 3.8399)
(9.62809 0.401145 3.83982)
(9.4098 1.00454 3.84011)
(9.62883 1.00455 3.84019)
(9.84842 0.795444 3.8395)
(9.84855 0.6 3.83924)
(9.84826 0.40721 3.83929)
(9.8476 1.00454 3.84038)
(9.40996 0.6 4.04856)
(9.40992 1.00454 4.04868)
(10.2876 1.00442 4.04721)
(10.2913 0.6 4.04317)
(9.84915 0.6 4.04753)
(9.84835 1.00453 4.04855)
(9.62908 0.407226 4.04833)
(9.62946 0.795463 4.04833)
(10.5126 0.794835 4.04138)
(10.0692 0.407044 4.04638)
(10.5128 0.405276 4.0406)
(10.0692 0.7954 4.04668)
(9.40971 0.408706 4.04863)
(9.41007 0.795458 4.0486)
(9.62935 0.6 4.04822)
(9.62924 1.00454 4.04865)
(10.4358 0.6 4.0358)
(10.5086 1.00422 4.04526)
(10.2907 0.407963 4.04382)
(10.2903 0.795208 4.04449)
(10.0677 1.00451 4.04822)
(10.0696 0.6 4.04617)
(9.84904 0.408661 4.04762)
(9.84909 0.795443 4.04779)
(9.40966 0.6 3.63111)
(9.40967 1.00455 3.63138)
(9.62878 0.79546 3.63127)
(9.62844 0.407222 3.63116)
(9.40935 0.408707 3.63118)
(9.4097 0.795463 3.63122)
(9.62883 0.6 3.63109)
(9.62859 1.00455 3.63162)
(9.62867 1.50008 3.84045)
(9.84738 1.50008 3.84085)
(9.40988 1.36892 4.04874)
(9.40971 1.50014 3.84018)
(9.40959 1.5001 3.63153)
(9.62845 1.50009 3.63194)
(9.84734 1.36892 3.84073)
(9.62872 1.36893 3.84037)
(9.40976 1.36893 3.84019)
(9.62914 1.3689 4.0488)
(10.2867 1.36884 4.04821)
(9.8481 1.36891 4.04884)
(10.5072 1.36858 4.04673)
(10.0672 1.36888 4.04879)
(9.40964 1.36892 3.63146)
(9.62851 1.36892 3.6318)
(9.62875 3 3.84072)
(9.84861 2.59278 3.83937)
(9.6291 2.59883 3.8399)
(9.4099 2.59274 3.83996)
(9.62867 1.8 3.84074)
(9.84705 1.8 3.84079)
(9.62873 1.99545 3.84034)
(9.84753 1.99547 3.84051)
(9.62906 2.20454 3.83985)
(9.84839 2.20455 3.83957)
(9.62902 2.4 3.83977)
(9.84841 2.4 3.83926)
(9.40957 1.8 3.83977)
(9.40969 1.99545 3.83999)
(9.40986 2.20452 3.83993)
(9.40984 2.4 3.83994)
(9.19082 2.59276 4.04881)
(9.19099 2.59883 4.25787)
(9.19062 3 4.25951)
(9.19152 2.59278 4.46669)
(9.19245 2.59888 4.67617)
(9.19062 3 4.67979)
(9.19062 3 5.05786)
(9.1955 2.59284 4.88481)
(9.20023 2.59765 5.09456)
(9.19352 2.81317 5.10037)
(9.19064 1.99544 4.04892)
(9.1908 2.20454 4.04874)
(9.19098 1.99543 4.25774)
(9.19106 2.20452 4.25749)
(9.19297 2.20456 4.67529)
(9.19302 1.99549 4.67543)
(9.196 1.99561 4.88429)
(9.19612 2.2046 4.88432)
(9.20272 2.20469 5.09317)
(9.20249 1.99617 5.09314)
(9.19564 2.4 4.88429)
(9.20279 2.4 5.09315)
(9.1924 2.4 4.67516)
(9.19162 2.20454 4.46641)
(9.1915 1.99545 4.46622)
(9.19073 2.4 4.04873)
(9.19095 2.4 4.25736)
(9.19136 2.4 4.4665)
(9.23042 2.2042 5.5)
(9.21689 2.20473 5.30129)
(9.21684 1.99874 5.30124)
(9.23041 2.00405 5.5)
(9.21065 2.6024 5.30239)
(9.19673 2.81459 5.30775)
(9.19063 3 5.5)
(9.19062 3 5.31582)
(9.20072 2.81812 5.5)
(9.22023 2.61016 5.5)
(9.22082 2.4 5.30101)
(9.28973 2.4 5.48973)
(9.20195 1.63269 5.09311)
(9.19596 1.6314 4.88428)
(9.2022 1.8 5.09303)
(9.19532 1.8 4.88409)
(9.19269 1.8 4.67563)
(9.19307 1.63115 4.67544)
(9.22055 1.8 5.3008)
(9.28973 1.8 5.48973)
(9.22508 1.65006 5.5)
(9.21406 1.63894 5.30124)
(9.87715 2.20475 5.3024)
(9.88591 2.20419 5.5)
(9.88585 2.00433 5.5)
(9.87708 1.99888 5.30235)
(9.86438 1.99622 5.094)
(9.86455 2.20474 5.09432)
(10.0669 3 5.05787)
(10.0699 2.81338 5.10086)
(10.0762 2.59792 5.09694)
(10.0731 2.59305 4.88777)
(10.0708 2.59911 4.67773)
(10.0669 3 4.6798)
(10.0775 2.4 5.09634)
(10.0727 2.4 4.88755)
(10.0717 2.20466 4.6768)
(10.0711 2.4 4.67734)
(10.0738 2.2047 4.8871)
(10.0786 2.20489 5.09577)
(9.85997 2.81823 5.5)
(9.87411 2.61043 5.5)
(9.86943 2.6025 5.30337)
(9.85566 2.81465 5.30798)
(9.85207 2.81264 5.10095)
(9.86101 2.5976 5.09565)
(9.84782 3 5.10683)
(9.8951 2.4 5.4951)
(9.87514 2.4 5.30387)
(9.86314 2.4 5.09456)
(9.84782 3 5.31601)
(9.84781 3 5.5)
(10.4628 1.8 5.1)
(10.4689 1.8 4.66888)
(10.434 1.8 4.9)
(10.5063 1.63298 5.09784)
(10.0771 1.8 5.09505)
(10.2904 1.8 5.09702)
(10.2897 1.8 4.88872)
(10.0724 1.8 4.88583)
(10.0779 1.63267 5.09478)
(10.2914 1.63272 5.0962)
(10.289 1.8 4.6733)
(10.0706 1.8 4.67483)
(10.0736 1.99569 4.88599)
(10.0783 1.99632 5.09508)
(10.0714 1.99555 4.67527)
(10.2903 1.99568 4.67487)
(10.0847 1.8 5.30573)
(10.0842 1.63888 5.30314)
(10.0875 1.64983 5.5)
(10.0969 1.8 5.49689)
(9.87496 1.8 5.30389)
(9.86286 1.8 5.09412)
(9.8951 1.8 5.4951)
(10.5086 2.20681 4.68459)
(10.434 2.4 4.7)
(10.2901 2.4 4.68173)
(10.2906 2.20504 4.67927)
(10.5105 1.99597 4.67397)
(10.5127 2.60295 4.25119)
(10.4458 2.4 4.24576)
(10.5134 2.20662 4.2502)
(10.505 3 4.25951)
(10.0669 3 4.25951)
(10.0702 2.59905 4.25582)
(10.2923 2.59384 4.25276)
(10.5174 2.2052 4.45701)
(10.4446 2.4 4.44455)
(10.2947 2.4 4.46092)
(10.0714 2.59298 4.46526)
(10.2937 2.59207 4.46266)
(10.2928 2.4 4.25162)
(10.0714 2.4 4.46476)
(9.62992 2.59885 4.25754)
(9.63103 2.59279 4.46647)
(9.6307 2.4 4.46624)
(9.62986 2.4 4.25704)
(9.62875 3 4.67979)
(9.85232 2.59294 4.67631)
(9.63262 2.5989 4.67635)
(9.62875 3 4.25951)
(9.85187 2.4 4.67596)
(9.63275 2.4 4.67543)
(9.41023 2.4 4.25738)
(9.41048 2.59274 4.25755)
(9.41018 2.59129 4.04865)
(9.41014 2.4 4.04861)
(9.6301 2.20455 4.2571)
(9.63122 2.20455 4.46618)
(9.631 1.99547 4.4661)
(9.62975 1.99546 4.25724)
(9.63365 2.20456 4.67543)
(9.85275 2.20458 4.67583)
(9.85247 1.99551 4.67523)
(9.63351 1.9955 4.67517)
(9.41041 1.99546 4.25744)
(9.41052 2.20454 4.25739)
(9.19072 1.8 4.25821)
(9.19043 1.8 4.04919)
(9.19101 1.63114 4.25778)
(10.4601 1.8 4.26013)
(10.5063 1.63132 4.25655)
(9.85031 1.99548 4.46582)
(9.62934 1.8 4.25721)
(9.84859 1.8 4.25713)
(9.62969 1.63109 4.25733)
(9.84914 1.99547 4.257)
(9.41042 1.63109 4.25748)
(9.4102 1.8 4.25737)
(10.4501 1.8 4.45014)
(10.0679 1.8 4.2569)
(10.2874 1.8 4.25602)
(10.2878 1.63115 4.25608)
(10.07 1.8 4.46452)
(10.2921 1.8 4.46087)
(10.0705 1.99551 4.46482)
(10.2917 1.9956 4.46232)
(10.0688 1.9955 4.25641)
(9.63887 1.99563 4.88435)
(9.85666 1.99564 4.88491)
(9.66569 1.99882 5.30149)
(9.64881 1.9962 5.09319)
(9.41389 1.99549 4.67535)
(9.41143 1.99546 4.46618)
(9.41898 1.99562 4.88422)
(9.44839 1.99877 5.3011)
(9.42922 1.99618 5.09291)
(9.85683 2.20463 4.88544)
(9.67782 2.00414 5.5)
(9.46315 2.00401 5.5)
(9.19106 1.8 4.46569)
(9.19155 1.6311 4.46624)
(9.67784 2.20416 5.5)
(9.66284 2.61027 5.5)
(9.64456 2.59768 5.09474)
(9.64888 2.2047 5.09332)
(9.62875 3 5.05786)
(9.62875 3 5.5)
(9.85571 2.4 4.88558)
(9.41105 2.4 4.46639)
(9.41811 2.4 4.88403)
(9.41941 2.81443 5.30775)
(9.44873 2.4 5.30055)
(9.63775 2.59286 4.88517)
(9.41343 2.59289 4.67565)
(9.69331 2.4 5.49331)
(9.66569 2.20468 5.30141)
(9.46315 2.20423 5.5)
(9.65599 2.60256 5.30253)
(9.64391 2.81817 5.5)
(9.44766 2.6102 5.5)
(9.64753 2.4 5.09341)
(9.63381 2.81317 5.10039)
(9.42514 2.59755 5.09433)
(9.63892 2.20461 4.88461)
(9.4293 2.2047 5.09285)
(9.41385 2.20455 4.67527)
(9.62875 3 5.31581)
(9.40969 3 5.10682)
(9.40969 3 5.5)
(9.85591 2.59215 4.88599)
(9.63771 2.4 4.88473)
(9.63843 2.81451 5.30773)
(9.66393 2.4 5.3016)
(9.41152 2.20454 4.46632)
(9.41141 2.59132 4.46651)
(9.41306 2.4 4.67517)
(9.41904 2.2046 4.88418)
(9.4484 2.20471 5.30095)
(9.41801 2.5921 4.88464)
(9.42845 2.4 5.09275)
(9.41451 2.81256 5.10067)
(9.43858 2.60253 5.30213)
(9.40969 3 5.316)
(9.49152 2.4 5.49152)
(9.42525 2.81816 5.5)
(10.2901 1.63118 4.67402)
(10.5103 1.63138 4.67245)
(10.0735 1.6314 4.88557)
(10.0713 1.63113 4.67489)
(10.2902 1.63146 4.88747)
(10.5072 1.63179 4.89134)
(9.63249 1.8 4.67492)
(9.64754 1.8 5.09314)
(9.69331 1.8 5.49331)
(10.291 1.63116 4.46257)
(9.85019 1.63111 4.46586)
(9.8743 1.63889 5.30234)
(9.8566 1.63139 4.88471)
(9.41147 1.63111 4.4662)
(9.44442 1.63893 5.30111)
(9.41889 1.63139 4.8842)
(9.63356 1.63115 4.67511)
(9.63048 1.8 4.46607)
(9.63776 1.8 4.88424)
(9.85153 1.8 4.67494)
(9.4133 1.8 4.67555)
(9.64807 1.63267 5.09312)
(9.66373 1.8 5.30195)
(9.42839 1.8 5.09294)
(9.67109 1.64998 5.5)
(9.49152 1.8 5.49152)
(10.5136 1.63144 4.45866)
(10.0701 1.63109 4.4649)
(9.84927 1.8 4.46588)
(9.85247 1.63114 4.67508)
(9.63101 1.63111 4.46612)
(9.85544 1.8 4.88476)
(9.86381 1.63268 5.09385)
(9.66212 1.63894 5.3015)
(9.63881 1.63139 4.88427)
(9.41091 1.8 4.46598)
(9.41396 1.63116 4.67535)
(9.41803 1.8 4.88421)
(9.44858 1.8 5.30112)
(9.42839 1.63269 5.09289)
(9.88055 1.64989 5.5)
(9.45568 1.65008 5.5)
(10.5127 2.20515 4.04144)
(10.2905 2.20478 4.04476)
(10.0698 2.4 4.04638)
(10.0698 2.59296 4.04656)
(10.2934 2.2048 4.46245)
(10.0705 2.20463 4.25527)
(10.0715 2.20462 4.46495)
(10.0707 2.4 4.25488)
(10.2919 2.20496 4.25285)
(10.0695 2.20461 4.04679)
(10.2914 2.4 4.04391)
(10.5134 2.59472 4.04081)
(10.4358 2.4 4.0358)
(10.2912 2.59204 4.04418)
(10.2867 1.63115 4.04823)
(10.2877 1.99559 4.04726)
(9.84832 1.99547 4.04859)
(9.85048 2.4 4.46569)
(9.84924 2.4 4.0477)
(9.40991 1.99545 4.04874)
(9.62893 1.8 4.04849)
(9.6296 2.59277 4.04838)
(9.85 2.59279 4.25664)
(9.62954 2.20455 4.04835)
(9.84995 2.20456 4.25653)
(10.0673 1.8 4.04868)
(10.4414 1.8 4.04139)
(10.5078 1.99589 4.25526)
(10.5072 1.63143 4.04674)
(10.5087 1.99578 4.04528)
(10.5148 1.9958 4.45804)
(10.2872 1.8 4.0475)
(10.2888 1.99561 4.25528)
(10.0678 1.9955 4.04826)
(9.85095 2.20456 4.46581)
(9.8479 1.8 4.04883)
(9.8492 2.20456 4.04785)
(9.62914 1.99546 4.04861)
(9.84981 2.4 4.2564)
(9.85093 2.59136 4.466)
(9.8494 2.59133 4.04772)
(9.62951 2.4 4.04824)
(9.40972 1.8 4.04879)
(9.41014 2.20454 4.04862)
(10.5078 2.60301 4.68511)
(10.505 3 4.6798)
(10.2904 2.59399 4.68015)
(10.5068 2.20794 5.09922)
(10.507 2.20548 4.89455)
(10.2904 2.20495 4.8902)
(10.5524 2.2131 5.5)
(10.5077 2.2077 5.30427)
(10.2974 2.20644 5.5)
(10.2959 2.20587 5.304)
(10.2923 2.20549 5.09758)
(10.0918 2.20463 5.5)
(10.0865 2.20502 5.30335)
(10.0843 2.61084 5.5)
(10.0815 2.60279 5.30418)
(10.085 2.4 5.30566)
(10.0969 2.4 5.49689)
(10.0752 2.81853 5.5)
(10.0723 2.81492 5.30805)
(10.0669 3 5.5)
(10.0669 3 5.31583)
(10.505 3 5.5)
(10.5302 2.59674 5.5)
(10.505 3 5.05788)
(10.5067 2.60204 5.09974)
(10.2897 2.4 4.89162)
(10.7246 2.82017 5.30825)
(10.2953 2.4 5.30667)
(10.289 2.81542 5.30825)
(10.4822 2.4 5.48223)
(10.507 2.82165 5.5)
(10.505 3 5.31586)
(10.7241 3 5.5)
(10.2859 3 5.5)
(10.7249 2.6194 5.09895)
(10.2911 2.59863 5.09854)
(10.434 2.4 5.1)
(10.5067 2.59475 4.89519)
(10.508 2.60836 5.30441)
(10.725 2.63073 5.5)
(10.2949 2.61215 5.5)
(10.5058 2.81502 5.10134)
(10.7241 3 5.10686)
(10.2859 3 5.10684)
(10.4229 2.4 4.9)
(10.2915 2.4 5.09827)
(10.2901 2.59284 4.89094)
(10.7251 2.62438 5.30412)
(10.4259 2.4 5.30499)
(10.7244 2.81764 5.10163)
(10.5064 2.81673 5.30817)
(10.2939 2.60386 5.30472)
(10.2877 2.8132 5.10151)
(10.7241 3 5.31606)
(10.7247 2.8257 5.5)
(10.2859 3 5.31603)
(10.2906 2.81944 5.5)
(10.2987 2.4 5.49868)
(10.0915 2.00469 5.5)
(10.0863 1.99908 5.30319)
(10.5 1.8 5.48456)
(10.2903 1.99583 4.88828)
(10.2932 1.63895 5.30319)
(10.2949 1.99962 5.30332)
(10.493 1.64994 5.5)
(10.4959 2.00693 5.5)
(10.5067 1.99715 5.09846)
(10.434 1.80076 5.30012)
(10.2987 1.8 5.49868)
(10.5073 1.9961 4.89258)
(10.5036 1.63976 5.30199)
(10.5051 2.00117 5.30222)
(10.2918 1.99658 5.09669)
(10.2942 1.8 5.30538)
(10.2929 1.64982 5.5)
(10.296 2.00551 5.5)
(10.5176 2.59472 4.45715)
(8.96946 2.81439 5.30801)
(8.97156 3 5.5)
(8.97156 3 5.10684)
(8.97098 2.81255 5.10092)
(8.97156 3 5.31603)
(8.96743 2.81799 5.5)
(9.40962 1.99544 3.6314)
(9.40974 2.4 3.6312)
(9.84721 1.99547 3.63228)
(9.84818 2.4 3.6312)
(9.6288 2.20454 3.63137)
(9.62836 1.8 3.63178)
(9.6289 2.59277 3.63128)
(9.40965 1.8 3.63135)
(9.40972 2.20453 3.63128)
(9.62849 1.99545 3.63173)
(9.40976 2.59129 3.63125)
(9.62893 2.4 3.63126)
(9.84711 1.8 3.63252)
(9.84788 2.20456 3.63145)
(9.84809 2.59134 3.63118)
(12.2599 1.5 3.84299)
(12.2593 2.258 3.84185)
(11.8202 2.25432 3.84195)
(11.3813 2.24352 3.84239)
(11.3797 1.85695 3.84487)
(11.3803 1.50001 3.84475)
(12.2583 3 3.8407)
(11.8196 3 3.84072)
(11.8199 2.63684 3.84123)
(12.2587 2.63819 3.84117)
(11.3815 2.6332 3.8412)
(11.3813 3 3.84072)
(12.2595 2.25836 3.42352)
(12.2588 2.63825 3.42304)
(12.2583 3 3.42271)
(11.3794 1.14307 3.84483)
(11.3804 0.756481 3.84228)
(11.8194 0.745683 3.84188)
(12.2589 0.742001 3.84182)
(11.819 0.363157 3.84116)
(12.2583 0.36181 3.84115)
(12.2579 -2.35177e-16 3.84069)
(11.8187 -2.3517e-16 3.84068)
(11.3795 -2.3517e-16 3.84059)
(11.38 0.366804 3.84104)
(12.2584 0.361752 3.42303)
(12.259 0.741638 3.4235)
(12.2579 -2.09583e-16 3.42271)
(10.5138 1.50002 3.01068)
(10.2903 1.49998 3.01001)
(10.2888 1.49995 2.80239)
(10.5084 1.50002 2.80452)
(10.9538 1.50001 3.00969)
(10.0688 1.49994 3.00853)
(10.0687 1.49997 2.80022)
(9.62905 1.63109 2.79731)
(9.84845 1.63112 2.79844)
(9.84864 1.63114 3.00693)
(9.6292 1.6311 3.00607)
(10.0688 1.6311 3.00837)
(10.0682 1.63111 2.80021)
(9.6246 2.37507e-16 3.00504)
(9.40892 0.407263 3.00544)
(9.6272 0.401152 3.00587)
(9.40948 0.6 3.00538)
(9.62804 0.6 3.00585)
(10.499 0.793474 3.01466)
(10.2818 0.795065 3.01195)
(10.2903 1.00441 3.0099)
(10.5176 1.00413 3.01031)
(10.5 2.37504e-16 3.005)
(10.063 2.37506e-16 3.00503)
(10.0632 0.400948 3.00852)
(10.2797 0.406153 3.0117)
(10.4961 0.397054 3.01296)
(10.5 1.2 3.005)
(10.9594 1.16608 3.00865)
(10.9435 0.776579 3.01044)
(10.4195 0.6 3.01951)
(10.2796 0.6 3.01272)
(9.84574 0.407212 3.00709)
(9.84613 0.6 3.00699)
(9.62811 0.795458 3.00605)
(9.40943 0.795463 3.00548)
(9.40963 1.00455 3.00543)
(9.62874 1.00455 3.00591)
(10.9395 0.375908 3.00778)
(10.9399 -1.84005e-16 3.00503)
(10.2952 1.2 3.00847)
(10.0644 0.795385 3.0092)
(10.0684 1.00451 3.00839)
(10.0703 1.2 3.00776)
(10.0635 0.6 3.00919)
(9.84647 0.795446 3.00721)
(9.84813 1.00455 3.00684)
(9.62885 1.2 3.00563)
(9.84861 1.2 3.00633)
(10.5205 1.3687 3.00959)
(10.2922 1.36883 3.0095)
(9.40969 1.2 3.00522)
(9.40975 1.36891 3.00544)
(9.62902 1.36892 3.00591)
(10.0695 1.36888 3.00823)
(9.8487 1.36892 3.0068)
(9.62912 1.50002 3.00612)
(9.40981 1.5 3.00553)
(9.84865 1.5001 3.00709)
(9.40978 1.63108 3.00542)
(9.40983 1.63109 2.79671)
(9.62888 1.8 2.79705)
(9.62939 1.8 3.00605)
(9.40959 1.8 3.00528)
(9.62866 1.99546 2.79736)
(9.62784 2.4 2.79731)
(9.62761 2.59278 2.79751)
(9.62875 3 3.00506)
(9.62785 2.59882 3.00581)
(9.4093 2.59274 3.00539)
(9.40965 1.99546 3.0054)
(9.6289 1.99545 3.00606)
(9.62784 2.20454 2.79755)
(9.62793 2.20455 3.006)
(9.40938 2.20454 3.00542)
(9.62757 2.4 3.00567)
(9.40941 2.4 3.00532)
(11.382 1.50001 3.42814)
(11.3888 1.50001 3.00865)
(10.9413 1.50002 3.43032)
(10.9399 -2.09575e-16 3.42261)
(10.9403 0.375916 3.424)
(10.9406 0.776515 3.427)
(10.9379 1.16605 3.43271)
(10.501 1.50003 3.63646)
(10.4993 1.50002 3.43124)
(10.4949 1.63133 3.43441)
(10.2813 1.63114 3.42938)
(10.2824 1.49993 3.42848)
(10.5009 1.63144 3.63604)
(10.2831 1.63114 3.63526)
(10.5041 1.50003 3.22119)
(10.2856 1.50006 3.21939)
(9.62899 1.63112 3.21463)
(9.40975 1.63109 3.21413)
(10.2912 1.63117 3.00979)
(10.2851 1.63118 3.21968)
(9.84797 1.63112 3.21572)
(10.0667 1.6311 3.21731)
(10.4426 1.2 3.44263)
(10.4326 1.2 3.63264)
(10.0645 1.2 3.42605)
(10.2831 1.2 3.63438)
(10.2796 1.2 3.42947)
(10.4239 1.2 3.22389)
(9.84778 1.2 3.21515)
(9.62869 1.2 3.21422)
(9.62859 1.00455 3.21449)
(9.4096 1.00455 3.21413)
(10.284 1.2 3.21916)
(10.067 1.2 3.21737)
(10.4426 1.8 3.44263)
(10.9381 1.83396 3.43273)
(10.2799 1.8 3.43042)
(10.5026 2.60294 3.42513)
(10.9424 2.62409 3.42411)
(10.9413 2.22349 3.42706)
(10.5009 2.20655 3.42737)
(10.4283 2.4 3.42826)
(10.505 3 3.42272)
(10.2843 2.59384 3.42438)
(10.284 2.4 3.4247)
(10.2836 2.20495 3.42551)
(10.4951 1.99588 3.43356)
(10.9431 3 3.42272)
(10.2815 1.9956 3.42873)
(10.9596 1.83393 3.00866)
(10.9416 2.6241 3.00781)
(10.9442 2.22342 3.01046)
(10.9431 3 3.00506)
(10.2838 1.99558 3.63436)
(10.2872 2.4 3.63006)
(10.5058 2.20514 3.63072)
(10.4326 1.8 3.63264)
(10.507 2.59472 3.62936)
(10.5019 1.99578 3.63482)
(10.4271 2.4 3.62705)
(10.2838 1.8 3.63484)
(10.2862 2.20477 3.63134)
(10.2869 2.59205 3.63037)
(11.3894 1.85658 3.00853)
(11.3833 2.24335 3.00758)
(11.8208 2.25431 3.00614)
(11.82 2.63685 3.00547)
(11.3814 2.63317 3.00604)
(11.3813 3 3.00506)
(11.8196 3 3.00506)
(11.3814 1.85667 3.4282)
(11.3813 2.63318 3.42351)
(11.3813 3 3.42272)
(11.3815 2.2434 3.42526)
(11.8199 2.63686 3.42319)
(11.8203 2.25436 3.42395)
(11.8196 3 3.42272)
(11.82 2.63686 2.58782)
(11.8211 2.25436 2.58827)
(11.8196 3 2.58751)
(9.4098 1.8 3.214)
(9.62933 1.8 3.21434)
(10.5 1.8 3.005)
(10.4239 1.8 3.22389)
(9.84797 1.8 2.79821)
(9.84826 1.8 3.21569)
(9.84867 1.8 3.00649)
(10.4151 1.8 2.81514)
(10.2847 1.8 3.21968)
(10.0666 1.8 3.21701)
(10.2927 1.8 3.00902)
(10.0691 1.8 3.008)
(10.0677 1.8 2.80007)
(10.2853 1.8 2.80387)
(10.2875 1.63115 2.80304)
(10.5203 1.63131 3.00967)
(10.5041 1.63146 2.80702)
(10.502 1.63145 3.22213)
(10.499 2.20652 3.01467)
(10.505 3 3.00506)
(10.4973 2.60295 3.01296)
(10.064 2.20463 3.00921)
(10.0669 3 3.00506)
(10.0636 2.59903 3.0085)
(9.40968 1.99545 3.21408)
(9.40943 2.4 3.21414)
(10.2777 2.4 2.8055)
(10.2824 2.4 3.21776)
(10.2851 1.99557 2.80374)
(9.84766 1.99545 2.7986)
(9.84554 2.4 2.79905)
(10.2843 1.99556 3.21948)
(9.84768 1.99545 3.2156)
(9.84678 2.4 3.21492)
(9.62825 2.20454 3.21448)
(9.62813 2.59277 3.2144)
(9.84593 2.59279 3.00709)
(9.84633 2.20455 3.00723)
(10.5174 1.99586 3.01039)
(10.4957 2.20513 2.80824)
(10.5006 2.20514 3.21964)
(10.4195 2.4 3.01951)
(10.2813 2.20494 3.01193)
(10.0622 2.59296 2.80145)
(10.0646 2.59296 3.21626)
(10.494 2.59473 2.80754)
(10.5005 2.59472 3.21845)
(10.2797 2.59385 3.01161)
(10.0631 2.2046 2.80158)
(10.0677 1.99548 3.00854)
(10.063 2.4 3.00917)
(10.0649 2.20461 3.21666)
(9.40946 2.20454 3.2141)
(9.62884 1.99546 3.21456)
(9.4094 2.59129 3.21408)
(9.62818 2.4 3.2143)
(10.5009 1.99578 2.80803)
(10.2788 2.4 3.01251)
(10.4096 2.4 2.80955)
(10.2795 2.20476 2.8051)
(10.2779 2.59205 2.80507)
(10.0621 2.4 2.80148)
(10.4183 2.4 3.2183)
(10.2827 2.20477 3.21835)
(10.2823 2.59205 3.21772)
(10.0646 2.4 3.21635)
(10.5009 1.99578 3.2219)
(10.0668 1.99548 2.80058)
(10.2892 1.99558 3.0102)
(9.84585 2.20455 2.79914)
(9.84803 1.99546 3.00697)
(9.8453 2.59134 2.79914)
(9.84607 2.4 3.007)
(10.0662 1.99548 3.21715)
(9.84682 2.20455 3.21528)
(9.84661 2.59133 3.21511)
(10.5013 0.397057 3.42504)
(10.5 2.63069e-16 3.4225)
(10.2839 0.406152 3.42421)
(10.5008 0.79345 3.4273)
(10.495 1.00413 3.43345)
(10.2813 1.00441 3.42829)
(10.065 1.00452 3.42562)
(10.2836 0.79506 3.4253)
(10.0657 0.795386 3.4241)
(10.4283 0.6 3.42826)
(10.0659 0.6 3.42351)
(10.284 0.6 3.42437)
(10.2872 0.6 3.63001)
(10.2835 1.00442 3.63408)
(10.5058 0.794858 3.63066)
(10.5065 0.405278 3.62928)
(10.4271 0.6 3.62705)
(10.5018 1.00422 3.63473)
(10.2867 0.407953 3.63026)
(10.2862 0.79523 3.63123)
(9.6283 0.795464 3.21446)
(9.4095 0.795465 3.21408)
(10.5 0.405277 3.21842)
(9.6283 0.6 3.21427)
(9.40952 0.6 3.21395)
(10.2843 1.00443 3.21918)
(10.2825 0.6 3.21764)
(9.84676 0.6 3.21494)
(9.84753 1.00455 3.21545)
(9.62785 0.407222 3.21437)
(10.5006 0.794859 3.2196)
(10.0645 0.407038 3.21619)
(10.0651 0.795396 3.2166)
(9.40913 0.408709 3.21404)
(10.2822 0.407954 3.21765)
(10.501 1.00422 3.2218)
(10.2828 0.79523 3.21824)
(10.0664 1.00451 3.21717)
(10.4183 0.6 3.2183)
(10.0648 0.6 3.21625)
(9.84644 0.408661 3.21508)
(9.84685 0.79545 3.21525)
(10.2811 1.36883 3.429)
(10.0649 1.36887 3.42607)
(9.62874 1.3689 3.21457)
(9.8478 1.36891 3.21557)
(9.40967 1.36891 3.21417)
(10.285 1.36884 3.21941)
(10.0669 1.36889 3.21735)
(10.0668 1.49999 3.21739)
(10.4948 1.36869 3.43432)
(10.2831 1.49996 3.63525)
(10.2829 1.36884 3.63502)
(10.5009 1.36857 3.63597)
(9.40968 1.2 3.21406)
(10.502 1.36857 3.22205)
(9.62882 1.50002 3.21477)
(9.40971 1.49999 3.21424)
(9.84786 1.50007 3.2158)
(11.3795 -1.84006e-16 3.00505)
(11.3798 0.366832 3.00602)
(11.8191 0.363146 3.00546)
(11.8187 -1.84006e-16 3.00505)
(11.8201 0.745689 3.00612)
(11.3823 0.756651 3.00756)
(11.389 1.14343 3.00852)
(11.3795 -2.09579e-16 3.42268)
(11.3798 0.366824 3.42344)
(11.3811 1.14334 3.42818)
(11.3806 0.756603 3.4252)
(11.819 0.363141 3.42316)
(11.8196 0.745642 3.42391)
(11.8187 -2.0958e-16 3.4227)
(9.40975 1.8 2.79662)
(9.40965 1.99545 2.79671)
(9.40931 2.4 2.7966)
(9.4093 2.20454 2.79676)
(9.40919 2.59129 2.79675)
(9.40988 1.5 2.79683)
(9.6292 1.50001 2.79746)
(9.84875 1.50009 2.79855)
(9.40944 0.6 2.7966)
(9.40966 1.00456 2.79684)
(9.40982 1.36891 2.79684)
(10.2859 1.00443 2.80341)
(10.2784 0.6 2.80566)
(9.84567 0.6 2.79898)
(10.2881 1.36883 2.80271)
(9.848 1.00454 2.79849)
(9.84874 1.36893 2.79832)
(9.62736 0.40723 2.79755)
(9.62913 1.2 2.79718)
(9.62791 0.795458 2.79759)
(10.4958 0.794866 2.80824)
(10.0622 0.407039 2.80157)
(10.0681 1.2 2.80005)
(10.4936 0.405275 2.80756)
(10.4151 1.2 2.81514)
(10.0635 0.795401 2.80166)
(9.40903 0.408716 2.79677)
(9.40938 0.795462 2.79679)
(9.62776 0.6 2.7974)
(9.40968 1.2 2.79699)
(9.62885 1.00454 2.79738)
(9.62921 1.36892 2.79733)
(10.4096 0.6 2.80955)
(10.5011 1.00422 2.80795)
(10.2801 0.79523 2.80514)
(10.2863 1.2 2.80305)
(10.0673 1.00451 2.8005)
(10.5042 1.36856 2.80693)
(10.2781 0.407952 2.80517)
(10.0627 0.6 2.80176)
(9.84525 0.408662 2.79914)
(9.84603 0.795443 2.79911)
(10.0686 1.36889 2.80012)
(9.84854 1.2 2.79801)
(12.2584 1.5 4.68162)
(12.6984 1.5 4.68169)
(13.1395 1.5 4.68035)
(13.1412 1.5 4.26038)
(13.1412 1.5 3.84162)
(13.1384 1.5 5.09991)
(13.5784 1.5 5.09796)
(13.5802 1.5 4.67919)
(13.1385 1.5 5.5)
(13.5354 1.5 5.5)
(13.5809 1.5 5.30435)
(14 1.5 5.5)
(14 1.5 5.31431)
(13.7983 1.5 5.30706)
(13.806 1.5 5.5)
(14 1.5 4.67925)
(13.7949 1.5 5.10022)
(14 1.5 5.05691)
(13.5808 1.5 4.25971)
(13.581 1.5 3.84101)
(14 1.5 3.84061)
(14 1.5 4.25925)
(12.2573 1.5 5.5)
(12.6973 1.5 5.5)
(12.6977 1.5 5.10053)
(12.2577 1.5 5.10065)
(11.3804 1.50001 4.26138)
(11.3802 1.50001 4.68022)
(11.8188 1.5 4.68169)
(11.8178 1.5 5.1006)
(11.8173 1.5 5.5)
(11.3766 1.5 5.5)
(11.378 1.5 5.10021)
(13.1419 1.5 3.42323)
(13.1417 1.8793 3.42315)
(13.5811 1.5 3.42292)
(13.581 1.879 3.42288)
(14 1.5 3.42269)
(14 1.87881 3.42267)
(13.1414 1.12075 3.84139)
(12.6988 0.740476 3.84149)
(13.5809 1.12104 3.84094)
(14 1.12121 3.84057)
(12.6982 0.361403 3.84102)
(12.6976 -2.35163e-16 3.84063)
(12.6985 0.740735 4.26036)
(12.2586 0.741914 4.26057)
(13.1395 0.741242 4.25992)
(12.2583 0.742759 4.68046)
(12.698 0.741688 4.68024)
(13.1387 0.74176 4.67955)
(13.5802 0.741984 4.25925)
(12.6974 0.742343 5.09997)
(12.2577 0.743216 5.10009)
(13.5797 0.742378 4.67857)
(14 0.741718 4.25882)
(14 0.742161 4.67858)
(13.1378 0.742406 5.09946)
(12.2575 0.742597 5.5)
(12.6969 0.74192 5.5)
(13.1378 0.74212 5.5)
(13.5779 0.743081 5.09759)
(14 0.745 5.5)
(13.8058 0.744241 5.5)
(13.7981 0.743952 5.30686)
(14 0.744264 5.31404)
(14 0.74348 5.05649)
(13.7948 0.743451 5.0998)
(13.5805 0.743428 5.30422)
(13.5349 0.743437 5.5)
(12.2575 -3.90435e-16 5.5)
(12.2575 -3.29814e-16 5.31591)
(12.2575 0.174684 5.30836)
(12.2575 0.16807 5.5)
(12.2578 -2.86555e-16 4.67973)
(12.258 0.362353 4.67963)
(12.2577 0.36394 5.09867)
(12.2576 0.177042 5.10124)
(12.2576 -3.09702e-16 5.0579)
(12.2575 0.40064 5.5)
(12.2575 0.361631 5.3048)
(12.2582 0.361899 4.25994)
(12.2579 -2.60805e-16 4.25945)
(11.381 0.756054 4.26005)
(11.3802 1.14194 4.26121)
(11.8194 0.745687 4.2605)
(11.8191 0.363212 4.25988)
(11.8188 -2.60805e-16 4.25942)
(11.3796 -2.60805e-16 4.2592)
(11.3803 0.366753 4.25944)
(12.2582 1.12251 4.68172)
(12.2577 1.12239 5.10057)
(12.2573 1.12224 5.5)
(13.5783 1.12184 5.09789)
(13.1394 1.12118 4.68018)
(13.1384 1.12158 5.5)
(14 1.1225 5.5)
(14 1.12154 4.67913)
(13.5801 1.12138 4.67906)
(13.1383 1.12146 5.09983)
(14 1.12212 5.05685)
(13.5353 1.12213 5.5)
(13.5807 1.12114 4.25961)
(12.6976 1.12154 5.10043)
(13.7983 1.31116 5.30706)
(13.7982 0.933249 5.307)
(14 1.31125 5.5)
(14 0.93375 5.5)
(13.5782 0.932757 5.09762)
(13.5783 1.31102 5.09776)
(13.7949 1.12208 5.10017)
(13.5809 1.12208 5.30433)
(13.5868 1.31114 5.5)
(14 1.31114 5.10576)
(14 1.12236 5.31429)
(13.806 1.12236 5.5)
(14 0.933135 5.10563)
(13.5866 0.933121 5.5)
(13.1409 1.12088 4.26025)
(12.6983 1.12139 4.68147)
(13.5813 1.3111 5.30367)
(13.7943 1.3111 5.10049)
(13.7983 1.12226 5.30703)
(13.7942 0.932982 5.10034)
(13.5811 0.932974 5.30362)
(14 1.12129 4.25916)
(14 1.3112 5.31448)
(13.8062 1.3112 5.5)
(12.6972 1.12157 5.5)
(14 0.933441 5.3144)
(13.8061 0.933432 5.5)
(11.3799 -2.865e-16 4.6793)
(11.3804 0.366758 4.67931)
(11.3789 0.75069 5.5)
(11.3765 1.13077 5.5)
(11.3781 1.13305 5.10016)
(11.3795 0.752956 5.09989)
(11.3807 0.754868 4.67999)
(11.3804 0.367638 5.09839)
(11.3813 -3.90435e-16 5.5)
(11.381 0.169468 5.5)
(11.3809 0.175732 5.30817)
(11.3809 -3.29706e-16 5.3157)
(11.3806 -3.09702e-16 5.05757)
(11.3806 0.178005 5.10089)
(11.3806 0.364601 5.30468)
(11.3804 0.404184 5.5)
(11.3803 1.13717 4.67991)
(11.819 0.364937 5.09863)
(11.8194 -3.90435e-16 5.5)
(11.8191 0.746099 4.68037)
(11.8189 -2.86555e-16 4.67968)
(11.8183 0.744856 5.5)
(11.8191 0.363537 4.67958)
(11.8185 0.745948 5.10006)
(11.8192 -3.09702e-16 5.05787)
(11.819 0.401552 5.5)
(12.0384 0.174764 5.30835)
(11.8179 1.12512 5.1005)
(11.6001 0.175201 5.30829)
(12.0384 -3.90435e-16 5.5)
(12.0384 -3.12684e-16 5.10688)
(12.0384 0.364288 5.09866)
(12.0383 0.356645 5.5)
(11.6003 -3.90435e-16 5.5)
(11.5998 0.365508 5.09855)
(11.8192 0.177296 5.10121)
(11.8191 0.362401 5.30478)
(11.8193 -3.29814e-16 5.31589)
(11.8193 0.168408 5.5)
(11.6 -3.12684e-16 5.10678)
(11.5999 0.35784 5.5)
(11.8188 1.12609 4.68146)
(12.0384 0.177744 5.10159)
(11.8192 0.174948 5.30834)
(12.0383 0.361599 5.30417)
(11.6 0.178126 5.10147)
(11.5999 0.362763 5.30412)
(12.0384 -3.29814e-16 5.3161)
(12.0384 0.168015 5.5)
(11.8175 1.12446 5.5)
(11.6002 -3.29814e-16 5.31603)
(11.6001 0.16856 5.5)
(11.1616 0.176455 5.30787)
(11.1622 -4.00579e-16 5.5)
(11.1614 0.36886 5.09806)
(11.1612 -3.1263e-16 5.10599)
(11.1616 0.361208 5.5)
(11.1613 0.179194 5.10073)
(11.1615 0.365999 5.3039)
(11.1619 0.170216 5.5)
(11.1616 -3.33826e-16 5.31548)
(14 -4.44089e-16 5.5)
(14 -2.86262e-16 4.675)
(13.1338 -3.90435e-16 5.5)
(13.138 -2.865e-16 4.67896)
(13.5787 0.363713 4.25854)
(12.6967 0.363657 5.09858)
(13.5773 0.364547 5.09713)
(14 -2.60696e-16 4.2575)
(12.6956 -3.90435e-16 5.5)
(14 -3.11825e-16 5.0925)
(13.5719 -3.90435e-16 5.5)
(14 0.3675 5.5)
(13.138 0.362307 4.67886)
(13.1387 -2.60805e-16 4.25895)
(12.6971 -2.86555e-16 4.67957)
(14 0.400932 4.67691)
(13.5354 -2.86338e-16 4.67711)
(13.136 -3.09648e-16 5.05742)
(13.1359 0.400648 5.5)
(13.1386 0.361901 4.25936)
(12.6975 0.36202 4.67945)
(13.5783 0.363993 4.67767)
(13.1367 0.363846 5.09816)
(14 0.400622 4.258)
(12.6961 0.400407 5.5)
(14 0.38119 5.07818)
(13.5358 -2.60751e-16 4.25804)
(13.5579 -3.10949e-16 5.07894)
(12.6962 -3.09702e-16 5.05783)
(13.5576 0.380975 5.5)
(12.698 0.361535 4.25979)
(13.7991 0.174955 4.0489)
(12.4767 0.174629 5.30835)
(13.7973 0.175734 5.30654)
(13.799 0.175011 4.46692)
(12.9154 0.174646 5.30827)
(13.7984 0.175353 4.88639)
(13.3558 0.175035 5.30775)
(13.7978 0.5543 5.3066)
(12.4766 -3.90435e-16 5.5)
(12.4767 -3.12684e-16 5.10686)
(12.477 0.363876 5.09864)
(12.4767 0.356283 5.5)
(14 -2.47915e-16 4.04875)
(14 -3.25278e-16 5.30125)
(13.7909 -3.90435e-16 5.5)
(14 0.17875 5.5)
(14 -2.7348e-16 4.46625)
(14 -2.99043e-16 4.88375)
(14 0.168771 4.67593)
(13.8066 -2.86338e-16 4.67603)
(12.9147 -3.90435e-16 5.5)
(13.3528 -3.90435e-16 5.5)
(13.1349 -3.29706e-16 5.31562)
(13.1348 0.168195 5.5)
(14 0.55625 5.5)
(13.5789 0.363929 4.04922)
(13.5787 0.364055 4.46765)
(13.7952 0.361665 4.25809)
(13.5814 0.177081 4.25812)
(12.9162 0.363862 5.09847)
(12.6962 0.361437 5.30477)
(12.6963 0.176976 5.10117)
(13.578 0.364483 4.88734)
(13.3569 0.364322 5.09777)
(13.5776 0.553715 5.09717)
(13.7942 0.363428 5.09804)
(13.5787 0.177829 5.09858)
(13.5784 0.363285 5.30371)
(13.5873 -2.47957e-16 4.04894)
(14 0.356504 4.04892)
(14 0.168567 4.25768)
(13.8069 -2.60751e-16 4.2577)
(12.6958 0.16799 5.5)
(12.6958 -3.29814e-16 5.31589)
(14 0.170328 5.09666)
(13.8045 -3.12142e-16 5.09713)
(13.5769 -3.29055e-16 5.31364)
(13.5767 0.16997 5.5)
(14 0.364275 5.31224)
(13.8039 0.364167 5.5)
(13.795 0.361975 4.67702)
(14 0.356618 4.46703)
(14 0.35732 4.88706)
(13.581 0.177186 4.67715)
(13.5872 -2.73544e-16 4.4671)
(13.5862 -2.9924e-16 4.88742)
(13.1361 0.177066 5.10074)
(13.3568 -3.12684e-16 5.10581)
(12.9156 -3.12684e-16 5.10672)
(13.136 0.361695 5.30462)
(12.9156 0.356295 5.5)
(13.3566 0.357008 5.5)
(14 0.553621 5.1048)
(13.5857 0.553519 5.5)
(13.5819 0.177701 4.04904)
(13.7946 0.361414 4.04902)
(13.7991 0.174967 4.25784)
(12.4768 0.177618 5.10158)
(12.696 0.174621 5.30833)
(12.4768 0.361231 5.30416)
(13.7976 0.175801 5.09713)
(13.5771 0.175593 5.30698)
(13.7971 0.364215 5.3061)
(13.7945 0.361543 4.46726)
(13.5817 0.177747 4.46731)
(13.7988 0.175111 4.6764)
(12.9158 0.177623 5.10141)
(12.9158 0.361247 5.3041)
(13.1353 0.17476 5.30812)
(13.7941 0.362217 4.88715)
(13.5807 0.177979 4.8874)
(13.3568 0.177884 5.10045)
(13.3567 0.36195 5.30375)
(13.7939 0.553676 5.09954)
(13.5802 0.553607 5.3034)
(14 0.168414 4.04882)
(12.6975 -2.60805e-16 4.25933)
(12.4766 0.167854 5.5)
(14 0.17318 5.30895)
(13.8072 -2.47957e-16 4.04883)
(13.8006 -3.27863e-16 5.30999)
(12.4766 -3.29814e-16 5.3161)
(13.8002 0.173268 5.5)
(14 0.168479 4.46664)
(12.9151 0.167879 5.5)
(14 0.169053 4.8857)
(14 0.554721 5.31373)
(13.8071 -2.73544e-16 4.46668)
(13.3552 -3.29597e-16 5.31528)
(13.8063 -2.99131e-16 4.88591)
(12.9152 -3.29814e-16 5.31601)
(13.8055 0.554668 5.5)
(13.3551 0.168527 5.5)
(12.6982 0.361355 3.42293)
(13.581 1.121 3.42288)
(12.699 0.740336 3.42325)
(13.1416 1.1207 3.42315)
(14 1.12119 3.42267)
(12.6977 -2.09576e-16 3.42269)
(12.699 2.25952 3.8415)
(13.1399 2.25896 3.84119)
(13.1414 1.87925 3.84139)
(13.5803 2.25817 3.84074)
(13.5809 1.87896 3.84094)
(12.6978 3 3.84063)
(12.6983 2.6386 3.84103)
(14 3 3.84)
(14 2.83145 3.84003)
(13.7991 2.82505 3.84008)
(13.807 3 3.84004)
(14 2.25841 3.84043)
(13.5789 2.63637 3.84038)
(13.7952 2.6384 3.84017)
(14 2.59943 3.84012)
(13.1389 3 3.84047)
(13.5359 3 3.84013)
(13.5815 2.82294 3.84017)
(13.1389 2.63821 3.84078)
(14 1.87879 3.84057)
(11.3812 2.24514 4.68018)
(11.3805 1.86285 4.67997)
(12.2585 2.25724 4.68049)
(12.2583 1.87749 4.68173)
(11.8189 1.87391 4.68149)
(11.8195 2.2539 4.68046)
(12.259 2.25809 4.26061)
(12.2586 2.6381 4.25998)
(12.2582 3 4.25947)
(11.3814 2.63324 4.67975)
(11.3813 3 4.67981)
(11.8196 2.63646 4.67973)
(12.258 3 4.67975)
(12.2583 2.63765 4.67967)
(11.8195 3 4.6798)
(11.3805 1.85808 4.26127)
(12.2577 1.87761 5.10058)
(11.818 1.87488 5.10052)
(11.3782 1.86696 5.10019)
(11.3765 1.86923 5.5)
(11.8175 1.87554 5.5)
(12.2573 1.87776 5.5)
(12.2578 2.25678 5.1001)
(12.2575 2.2574 5.5)
(12.2575 3 5.5)
(12.2575 2.59936 5.5)
(12.2578 2.63606 5.09868)
(12.2576 3 5.0579)
(11.3812 3 5.5)
(11.3789 2.24931 5.5)
(11.8192 2.63506 5.0987)
(11.8194 3 5.5)
(11.3797 2.24705 5.09999)
(11.8183 2.25515 5.5)
(11.3813 3 5.05791)
(11.3804 2.59582 5.5)
(11.8186 2.25405 5.1001)
(11.3809 2.63237 5.09868)
(11.8194 3 5.05792)
(11.819 2.59845 5.5)
(14 3 5.5)
(13.1387 2.25824 4.67954)
(14 3 4.675)
(14 2.255 5.5)
(13.1338 3 5.5)
(14 2.25784 4.67857)
(13.1381 3 4.67892)
(13.1378 2.25788 5.5)
(13.5788 2.63629 4.25853)
(13.5783 1.87816 5.09789)
(12.6967 2.63634 5.09857)
(13.5773 2.63544 5.09701)
(13.1394 1.87882 4.68018)
(13.1384 1.87841 5.5)
(14 1.8775 5.5)
(14 1.87846 4.67913)
(14 3 4.2575)
(12.6956 3 5.5)
(14 3 5.0925)
(14 2.6325 5.5)
(13.5719 3 5.5)
(12.6981 2.25831 4.68024)
(13.5797 2.25762 4.67856)
(13.138 2.63769 4.67882)
(13.1378 2.25759 5.09945)
(13.1395 2.25876 4.25992)
(14 2.25828 4.25882)
(13.1387 3 4.25894)
(12.6972 3 4.67956)
(14 2.59907 4.6769)
(13.5354 3 4.67702)
(12.6969 2.25808 5.5)
(14 2.25652 5.05648)
(13.5349 2.25655 5.5)
(13.136 3 5.05734)
(13.1359 2.59934 5.5)
(13.5802 2.25802 4.25924)
(13.5801 1.87862 4.67906)
(13.1387 2.6381 4.25935)
(12.6976 2.63798 4.67945)
(13.5783 2.636 4.67762)
(13.1383 1.87854 5.09983)
(12.6974 2.25766 5.09997)
(13.578 2.25691 5.09757)
(13.1367 2.63615 5.09812)
(14 2.59938 4.258)
(14 2.6188 5.07818)
(14 1.87787 5.05685)
(12.6962 3 5.05782)
(13.5579 3 5.07853)
(13.5358 3 4.25803)
(13.5353 1.87787 5.5)
(13.5575 2.61897 5.5)
(12.6961 2.59959 5.5)
(12.0384 2.82524 5.30836)
(11.1621 2.82356 5.30832)
(11.6002 2.8248 5.30835)
(13.5807 1.87886 4.25961)
(12.6981 2.63847 4.25979)
(13.7991 2.82504 4.0489)
(12.6977 1.87846 5.10044)
(12.4767 2.82537 5.30835)
(13.7974 2.8242 5.30597)
(13.799 2.82499 4.4669)
(13.7983 1.68884 5.30706)
(13.7982 2.06675 5.30699)
(12.9154 2.82535 5.30825)
(13.7984 2.82464 4.88625)
(13.7978 2.44568 5.30658)
(13.3558 2.82496 5.30762)
(14 3 4.04875)
(14 2.6435 4.04892)
(13.5789 2.63607 4.04921)
(13.5873 3 4.04893)
(12.2575 2.83193 5.5)
(12.2575 3 5.31591)
(12.0384 3 5.5)
(12.4766 3 5.5)
(12.2576 2.63837 5.3048)
(12.0383 2.64336 5.5)
(12.4767 2.64372 5.5)
(12.2577 2.82296 5.10125)
(12.0385 2.63571 5.09868)
(12.477 2.63612 5.09864)
(12.0385 3 5.10689)
(12.4768 3 5.10686)
(11.1622 3 5.5)
(11.6003 3 5.5)
(11.3813 3 5.3159)
(11.381 2.83054 5.5)
(11.162 2.63115 5.09869)
(11.6001 2.63449 5.09868)
(11.8194 2.8227 5.10126)
(11.8191 2.6376 5.30481)
(11.8194 3 5.31591)
(11.8193 2.83159 5.5)
(11.3812 2.822 5.10126)
(11.1622 3 5.10688)
(11.6003 3 5.10689)
(11.3808 2.63541 5.3048)
(11.5999 2.64216 5.5)
(11.1616 2.63881 5.5)
(14 1.68875 5.5)
(14 3 5.30125)
(14 2.82125 5.5)
(13.7909 2.99967 5.49641)
(14 3 4.46625)
(14 3 4.88375)
(14 2.83123 4.67593)
(13.8066 3 4.67595)
(14 2.06625 5.5)
(14 2.44375 5.5)
(14 2.25573 5.31404)
(13.8058 2.25575 5.5)
(12.9147 3 5.5)
(13.3528 3 5.5)
(13.1349 3 5.31554)
(13.1348 2.83181 5.5)
(13.5787 2.63594 4.46762)
(13.7952 2.63833 4.25808)
(13.5815 2.82292 4.2581)
(13.5783 1.68898 5.09776)
(13.5782 2.06724 5.09762)
(13.7949 1.87792 5.10016)
(13.5809 1.87792 5.30433)
(12.9162 2.63614 5.09844)
(12.6963 2.82302 5.10116)
(12.6962 2.63856 5.30477)
(13.578 2.63551 4.88723)
(13.5776 2.44627 5.09713)
(13.3569 2.63567 5.09767)
(13.7942 2.63655 5.09795)
(13.5786 2.82216 5.09829)
(13.5784 2.63668 5.30363)
(13.5868 1.68886 5.5)
(14 1.68886 5.10576)
(14 1.87764 5.31429)
(13.806 1.87764 5.5)
(14 2.83143 4.25768)
(13.8069 3 4.25769)
(12.6958 3 5.31588)
(12.6958 2.83201 5.5)
(14 2.82965 5.09665)
(13.8045 3 5.09649)
(14 2.6357 5.31223)
(13.8039 2.63575 5.5)
(13.5769 3 5.313)
(13.5766 2.82993 5.5)
(13.795 2.63802 4.67699)
(14 2.64338 4.46703)
(14 2.64267 4.88705)
(13.581 2.82281 4.67706)
(13.5862 3 4.88719)
(13.5872 3 4.46707)
(13.7948 2.25654 5.09979)
(14 2.44637 5.1048)
(14 2.06686 5.10563)
(13.5805 2.25656 5.30421)
(13.5866 2.06688 5.5)
(13.5857 2.44645 5.5)
(13.1361 2.82293 5.10066)
(12.9156 3 5.10668)
(13.3568 3 5.10558)
(13.136 2.6383 5.30459)
(13.3566 2.64297 5.5)
(12.9156 2.6437 5.5)
(12.0385 2.82226 5.10161)
(12.0384 2.6384 5.30417)
(11.8193 2.82505 5.30836)
(12.2576 2.82532 5.30836)
(11.1621 2.82081 5.1016)
(11.1618 2.63402 5.30416)
(11.3811 2.82427 5.30834)
(11.6003 2.82187 5.10161)
(11.6 2.63724 5.30417)
(13.1409 1.87912 4.26025)
(12.6987 2.25927 4.26037)
(12.6983 1.87861 4.68147)
(13.7946 2.63859 4.04902)
(13.5819 2.8223 4.04903)
(13.7991 2.82503 4.25783)
(12.4769 2.82238 5.10158)
(12.4768 2.63877 5.30416)
(12.696 2.82538 5.30832)
(13.7976 2.82418 5.09682)
(13.7972 2.63574 5.30601)
(13.5771 2.82437 5.30668)
(13.7945 2.63846 4.46725)
(13.5817 2.82225 4.46728)
(13.7988 2.82489 4.67634)
(13.5813 1.6889 5.30367)
(13.7943 1.6889 5.10049)
(13.7983 1.87774 5.30703)
(13.7942 2.06701 5.10033)
(13.5811 2.06702 5.30362)
(13.7981 2.25604 5.30686)
(12.9158 2.82238 5.10137)
(12.9158 2.63875 5.30408)
(13.1353 2.82524 5.30806)
(13.7941 2.63777 4.88709)
(13.5807 2.82202 4.88722)
(13.7939 2.44631 5.09951)
(13.5802 2.44637 5.30337)
(13.3568 2.82211 5.10027)
(13.3567 2.63803 5.30369)
(12.0385 3 5.31611)
(12.0384 2.83199 5.5)
(11.1622 3 5.31609)
(11.6003 3 5.3161)
(11.6002 2.83144 5.5)
(11.162 2.8298 5.5)
(14 1.87871 4.25916)
(12.6976 3 4.25933)
(12.6972 1.87843 5.5)
(14 2.83159 4.04882)
(14 2.82677 5.30892)
(14 1.6888 5.31448)
(12.4766 3 5.3161)
(13.8007 3 5.30801)
(13.8072 3 4.04882)
(13.8062 1.6888 5.5)
(13.8004 2.82652 5.5)
(12.4766 2.83215 5.5)
(14 2.83152 4.46664)
(14 2.44527 5.31372)
(14 2.83094 4.88569)
(14 2.06656 5.3144)
(12.9152 3 5.31599)
(13.8063 3 4.88569)
(13.3552 3 5.31506)
(13.8071 3 4.46665)
(13.8062 2.06656 5.5)
(13.355 2.83147 5.5)
(13.8055 2.4453 5.5)
(12.9151 2.83212 5.5)
(11.3818 2.24395 4.26021)
(11.8198 2.63679 4.26)
(11.3813 3 4.25951)
(11.82 2.25432 4.2606)
(11.3817 2.63325 4.25975)
(11.8196 3 4.25951)
(13.14 2.25904 3.42305)
(13.5804 2.25822 3.42279)
(13.139 2.63825 3.42281)
(13.5789 2.63639 3.42264)
(14 2.59944 3.42253)
(14 2.25845 3.42262)
(13.7952 2.63841 3.42255)
(13.5359 3 3.42253)
(13.5816 2.82295 3.42255)
(13.139 3 3.42263)
(13.7991 2.82506 3.42252)
(14 3 3.4225)
(14 2.83145 3.42251)
(13.807 3 3.42251)
(12.6984 2.63865 3.42294)
(13.7991 2.82505 3.63129)
(14 3 3.63125)
(14 2.64351 3.63129)
(13.5789 2.6361 3.6314)
(13.5874 3 3.63129)
(12.6992 2.25966 3.42325)
(13.7946 2.63861 3.63132)
(13.5819 2.82231 3.63133)
(14 2.83159 3.63126)
(12.6978 3 3.42269)
(13.8072 3 3.63126)
(13.7991 2.82505 3.21376)
(14 3 3.21375)
(13.579 2.63611 3.2138)
(14 2.64352 3.21376)
(13.5874 3 3.21376)
(13.7946 2.63861 3.21377)
(13.5819 2.82231 3.21377)
(14 2.83159 3.21375)
(13.8072 3 3.21375)
(6.99983 1.50192 3.83622)
(7.00636 1.1645 3.83593)
(6.91361 2.78977e-05 3.84319)
(6.97476 0.387792 3.83998)
(7.0022 0.399465 3.63075)
(7.00864 0.782148 3.83664)
(7.01478 0.78484 3.62922)
(7.01572 0.59543 3.63056)
(7.01057 0.593524 3.83946)
(6.90384 2.3175e-05 4.27021)
(6.96868 0.386675 4.26691)
(6.99429 0.398006 4.0512)
(7.01181 0.783942 4.04934)
(7.00492 0.779258 4.26222)
(6.99745 1.1621 4.262)
(7.01269 0.594777 4.04961)
(6.99607 1.50228 4.26047)
(7.00854 0.592473 4.26031)
(7.3 3.14198e-16 4.2575)
(7.42296 0.400664 4.25815)
(7.22433 0.404321 4.25922)
(7.23634 0.788268 4.25857)
(7.44887 0.79376 4.25873)
(7.43448 1.00405 4.26283)
(7.46894 1.2 4.26894)
(7.45165 0.6 4.25817)
(7.3 0.6 4.2575)
(7.43313 1.50038 4.26114)
(7.43098 1.36876 4.2633)
(7.65384 1.2 4.26162)
(7.65372 1.36886 4.2606)
(7.87441 1.2 4.25879)
(7.87451 1.36887 4.25891)
(8.31395 1.2 4.25744)
(8.31383 1.36891 4.25776)
(8.09452 1.36889 4.25804)
(8.09481 1.2 4.25771)
(7.86368 0.40115 4.25794)
(7.65667 0.407115 4.2579)
(7.7924 3.1427e-16 4.25864)
(7.66505 0.6 4.25781)
(7.87968 0.795377 4.25799)
(7.66357 0.795075 4.2583)
(7.88032 0.6 4.25774)
(7.65607 1.00438 4.26028)
(7.87583 1.00451 4.25874)
(8.26957 3.14297e-16 4.25921)
(8.30617 0.401172 4.25796)
(8.09233 0.407249 4.25783)
(8.31488 0.6 4.25761)
(8.09704 0.6 4.25776)
(8.09686 0.795443 4.25782)
(8.31484 0.795459 4.25769)
(8.0952 1.00455 4.25795)
(8.31414 1.00455 4.25771)
(7.00339 1.83967 3.8392)
(6.99054 1.84367 4.26598)
(6.52255 1.89209 4.2789)
(6.52404 1.89164 4.05933)
(6.52915 1.88374 3.82772)
(6.07963 1.88055 3.78431)
(6.07227 1.88671 4.10412)
(5.99936 1.87058 3.99804)
(5.995 1.87178 3.81591)
(6.53713 1.8893 3.62298)
(6.31927 1.8895 3.62014)
(6.30063 1.88612 3.80435)
(6.30437 1.89398 4.06418)
(6.18696 1.86781 4.28055)
(6.23933 1.94663 4.35861)
(8.31438 3 4.25945)
(8.31501 2.59882 4.258)
(8.53353 2.59274 4.25777)
(8.315 2.4 4.25765)
(8.53351 2.4 4.25762)
(8.31491 2.20454 4.25767)
(8.53346 2.20454 4.25764)
(7.88007 2.59887 4.25781)
(8.09731 2.59276 4.25772)
(7.87628 3 4.25924)
(7.87483 1.8 4.25855)
(8.09425 1.8 4.25814)
(8.09514 1.99546 4.25797)
(7.8761 1.9955 4.25838)
(7.87981 2.20463 4.25767)
(8.0969 2.20456 4.25767)
(8.31398 1.8 4.25755)
(8.31423 1.99545 4.25771)
(8.09706 2.4 4.25754)
(7.88045 2.4 4.25744)
(7.65414 1.8 4.25997)
(7.65393 1.63118 4.2599)
(7.87474 1.6311 4.25863)
(7.46894 1.8 4.26894)
(7.43104 1.63138 4.26314)
(8.09445 1.6311 4.2581)
(8.31391 1.63114 4.25778)
(7.65419 1.50008 4.25978)
(7.87467 1.49989 4.25875)
(8.3138 1.50006 4.25788)
(8.09445 1.49998 4.25816)
(7.0055 2.61067 4.26175)
(6.77141 2.62194 4.26839)
(6.49623 2.66412 4.27783)
(6.5038 2.46294 4.28793)
(6.50582 2.27423 4.28813)
(7.00293 2.22498 4.26383)
(7.01516 2.40863 4.25981)
(7.44915 2.20645 4.25797)
(7.23611 2.2126 4.2587)
(7.43459 1.99599 4.26253)
(7.65633 1.99564 4.25946)
(7.3 2.4 4.2575)
(7.66544 2.4 4.2571)
(7.66382 2.20496 4.2577)
(7.48494 3 4.25833)
(7.44109 2.81242 4.25835)
(7.44973 2.59708 4.25744)
(7.66529 2.5927 4.25739)
(6.74983 2.83321 4.26367)
(6.61816 2.74544 4.26938)
(7 3 4.2575)
(6.86474 2.90983 4.26014)
(7.00222 2.81101 4.26008)
(6.35848 2.57223 4.2892)
(6.20886 2.47257 4.31295)
(6.22634 2.28016 4.33947)
(7.22229 2.81196 4.25857)
(7.23406 2.59993 4.25841)
(7.21902 3 4.2579)
(7.45239 2.4 4.25648)
(6.22836 2.08948 4.34213)
(6.50583 2.08639 4.28906)
(8.75196 1.2 4.46653)
(8.75193 1.00454 4.46661)
(8.75189 1.36891 4.46664)
(8.75202 0.6 4.46651)
(8.75199 0.795453 4.46656)
(8.73139 3.1431e-16 4.2594)
(8.74828 0.401168 4.25794)
(8.53095 0.407254 4.25774)
(8.53346 0.6 4.25759)
(8.7524 0.795464 4.25761)
(8.5334 0.795466 4.25765)
(8.75248 0.6 4.25751)
(8.75057 0.407213 4.46676)
(8.53302 1.00455 4.25789)
(8.53279 1.2 4.25824)
(8.75225 1.00455 4.25772)
(8.75218 1.2 4.25774)
(8.53289 1.3689 4.25793)
(8.7522 1.36891 4.25775)
(8.73666 3.4006e-16 4.67965)
(8.74819 0.401117 4.67654)
(8.75227 1.50004 4.25774)
(8.53296 1.50001 4.25783)
(8.75245 2.20453 4.25759)
(8.75254 1.99543 4.25765)
(8.7525 2.4 4.25751)
(8.75249 1.63113 4.25768)
(8.7529 1.8 4.25769)
(8.53324 1.99544 4.2577)
(8.53314 1.8 4.25768)
(8.53309 1.63112 4.25775)
(8.31398 1.2 3.00515)
(8.31459 1.00455 3.00495)
(8.09607 1.00454 3.0048)
(8.09531 1.2 3.0043)
(8.09577 1.36887 3.0048)
(8.31447 1.36892 3.00496)
(8.31508 0.79546 3.00496)
(8.0971 0.795462 3.005)
(8.09347 0.407258 3.00503)
(8.30842 0.401176 3.00499)
(8.28036 2.37506e-16 3.00504)
(8.31489 0.6 3.00489)
(8.09694 0.6 3.00507)
(8.09609 1.49987 3.00498)
(8.31447 1.2 3.42279)
(8.31479 1.00456 3.42265)
(8.31487 1.00455 3.21366)
(8.31488 1.2 3.21339)
(8.31515 0.79546 3.21382)
(8.31473 1.36889 3.21366)
(8.31465 1.3689 3.42266)
(8.31462 1.36881 3.63133)
(8.3147 1.2 3.63121)
(8.26999 2.6308e-16 3.42267)
(8.31211 0.407241 3.21384)
(8.3064 0.401189 3.42254)
(8.31135 0.40724 3.6313)
(8.30577 0.401181 3.84016)
(8.26714 2.88669e-16 3.84059)
(8.31501 0.6 3.21398)
(8.31511 0.6 3.42247)
(8.31515 0.795453 3.42253)
(8.31444 0.6 3.6313)
(8.31507 0.795463 3.84007)
(8.31501 0.6 3.84008)
(8.31494 0.79547 3.63129)
(8.31503 1.2 3.84027)
(8.31461 1.36889 3.84017)
(8.31476 1.00456 3.63131)
(8.31481 1.00456 3.84014)
(8.31148 0.407235 4.04893)
(8.3149 0.6 4.04888)
(8.31497 0.795458 4.04888)
(8.31442 1.00455 4.04893)
(8.31424 1.2 4.04887)
(8.31417 1.36891 4.04896)
(8.53375 2.59273 3.83999)
(8.31505 2.59883 3.84012)
(8.31437 3 3.84067)
(8.31508 2.20454 3.84001)
(8.31493 2.4 3.83996)
(8.5337 2.4 3.83984)
(8.5337 2.20455 3.83995)
(8.53362 2.59129 4.04878)
(8.53338 2.4 4.04862)
(8.53356 2.20454 4.04874)
(8.315 2.20454 4.04878)
(8.31451 1.49994 3.84017)
(8.3142 1.50006 4.049)
(8.31499 1.8 4.04886)
(8.31473 1.99545 4.04886)
(8.31482 1.99545 3.84011)
(8.31481 1.8 3.84021)
(8.31446 1.63111 4.04892)
(8.31462 1.63109 3.84015)
(8.31471 1.50006 3.00498)
(8.3152 2.59276 3.63133)
(8.31505 2.59883 3.42253)
(8.31436 3 3.4227)
(8.31501 2.4 3.63139)
(8.31493 2.4 3.42245)
(8.31515 2.20454 3.63131)
(8.3151 2.20454 3.4225)
(8.09709 2.20456 3.00504)
(8.09636 1.99546 3.00504)
(8.31511 2.59277 3.21373)
(8.31507 2.59884 3.00506)
(8.31436 3 3.00505)
(8.09692 2.4 3.00502)
(8.09716 2.59275 3.00504)
(8.31445 1.8 3.42251)
(8.31453 1.8 3.21361)
(8.31477 1.99545 3.21374)
(8.31477 1.99545 3.42255)
(8.31514 2.20454 3.00506)
(8.31506 2.20454 3.21373)
(8.3148 1.99545 3.00504)
(8.31456 1.8 3.00504)
(8.31483 2.4 3.21365)
(8.31507 2.4 3.00514)
(8.31463 1.63111 3.42257)
(8.31464 1.63109 3.21374)
(8.31467 1.63111 3.00503)
(8.3149 1.99544 3.63136)
(8.31486 1.8 3.63152)
(8.31472 1.63109 3.63139)
(8.0959 1.8 3.00504)
(8.09607 1.63108 3.00503)
(8.31473 1.49993 3.21376)
(8.3147 1.50002 3.4226)
(8.31465 1.49988 3.63137)
(7.01921 2.40803 3.21394)
(7.01042 2.61253 3.21412)
(7.00481 2.8125 3.2139)
(7 3 3.21375)
(7 3 3.4225)
(7.00462 2.81242 3.42278)
(7.00979 2.61254 3.42313)
(7.01834 2.40849 3.4228)
(7.00866 2.22309 3.8422)
(6.52552 2.27189 3.85318)
(6.53718 2.27764 3.64109)
(7.01528 2.21872 3.63203)
(6.78187 2.62846 3.42405)
(6.62962 2.75308 3.42385)
(6.75573 2.83716 3.42303)
(6.86728 2.91153 3.42267)
(7.01255 2.21897 4.05116)
(6.51102 2.27822 4.07182)
(6.00353 2.27766 3.83515)
(6.28872 2.28277 3.85789)
(6.27908 2.29359 4.07491)
(6.03684 2.33047 4.05211)
(6.32542 2.28054 3.64657)
(7.44356 1.50032 3.42195)
(7.44075 1.50016 3.21363)
(7.65931 1.50012 3.21381)
(7.43979 1.50015 3.63119)
(7.65873 1.50011 3.63138)
(7.66024 1.50003 3.42248)
(7.87776 1.5 3.42261)
(7.87724 1.5 3.63143)
(7.87759 1.50003 3.21388)
(8.09603 1.50005 3.21384)
(8.09588 1.36891 3.21389)
(8.09586 1.50013 3.63134)
(8.09578 1.3689 3.63123)
(8.09592 1.36892 3.42266)
(8.09602 1.50005 3.42263)
(7.4413 1.50033 3.83994)
(7.65871 1.50008 3.84046)
(7.87687 1.50009 3.84056)
(8.09555 1.50016 3.84026)
(7.44547 1.36874 3.84035)
(7.65918 1.36888 3.84057)
(7.87671 1.36891 3.8408)
(8.09556 1.36892 3.84028)
(7.4342 1.36861 4.05025)
(7.43574 1.50014 4.05029)
(7.65525 1.3688 4.0504)
(7.87533 1.36885 4.05004)
(8.09488 1.36887 4.0493)
(8.31512 2.59276 4.04885)
(8.31487 2.4 4.04872)
(7.5 1.2 3.84)
(7.8766 1.2 3.8413)
(7.65962 1.2 3.84027)
(7.3 2.88633e-16 3.84)
(7.42339 0.400725 3.84011)
(7.22539 0.404576 3.84012)
(7.23743 0.78885 3.8395)
(7.45102 0.793902 3.84008)
(7.44785 1.00407 3.84032)
(7.45249 0.6 3.84012)
(7.3 0.6 3.84)
(7.79004 2.88655e-16 3.84037)
(7.86324 0.401162 3.8401)
(7.65674 0.407144 3.84013)
(7.88012 0.795379 3.84016)
(7.66466 0.795109 3.84022)
(7.66543 0.6 3.84017)
(7.88041 0.6 3.83998)
(7.87763 1.00451 3.84071)
(7.66081 1.00439 3.8405)
(8.09693 0.6 3.8399)
(8.09706 0.795442 3.84005)
(8.09212 0.407259 3.84003)
(8.09602 1.00454 3.84023)
(8.09568 1.2 3.84014)
(7.44669 1.36875 3.42247)
(7.43782 1.36862 3.63135)
(7.65822 1.36887 3.63153)
(7.66071 1.36887 3.42265)
(7.87691 1.36887 3.63132)
(7.87762 1.3689 3.42273)
(7.66144 1.2 3.4227)
(7.87743 1.2 3.42287)
(7.86389 0.401163 3.42253)
(7.65732 0.407177 3.42254)
(7.79308 2.63075e-16 3.42261)
(7.87486 0.407238 3.21378)
(7.66539 0.6 3.42256)
(7.88025 0.795383 3.42255)
(7.66496 0.795115 3.42255)
(7.88025 0.6 3.4225)
(7.88017 0.795382 3.21382)
(7.8802 0.6 3.21377)
(7.66201 1.00438 3.42267)
(7.87834 1.00451 3.42272)
(7.87798 1.0045 3.21409)
(8.09712 0.795446 3.21379)
(8.09621 1.00454 3.21388)
(8.09578 1.2 3.42273)
(8.09626 1.00454 3.42264)
(7.87728 1.36891 3.2141)
(7.87695 1.2 3.2144)
(7.65727 1.2 3.21394)
(7.65855 1.36888 3.21393)
(7.43824 1.36863 3.21377)
(7.66533 0.6 3.21381)
(7.6599 1.00437 3.21394)
(7.66171 0.408692 3.21379)
(7.66467 0.795114 3.21382)
(8.09576 1.2 3.21405)
(7.87647 1.2 3.63083)
(7.88042 0.6 3.63129)
(7.88021 0.795382 3.6313)
(7.87773 1.00451 3.63128)
(7.87407 0.407218 3.63129)
(7.5 1.2 3.63125)
(7.65736 1.2 3.63169)
(7.66548 0.6 3.63118)
(7.65975 1.00438 3.63151)
(7.44168 0.406785 3.63121)
(7.45074 0.793947 3.63115)
(7.44023 1.00401 3.63134)
(7.45276 0.6 3.63112)
(7.66037 0.408603 3.63125)
(7.66468 0.795117 3.63129)
(8.09728 0.6 3.63121)
(8.09697 0.6 3.21375)
(8.09617 1.00456 3.6312)
(8.09235 0.407257 3.42252)
(8.0971 0.795446 3.42253)
(8.09421 0.408711 3.63126)
(8.09682 0.6 3.4225)
(8.09719 0.795454 3.63126)
(8.09457 0.40871 3.21378)
(8.0958 1.2 3.6309)
(7.3 0.6 3.63125)
(7.23159 0.406722 3.63116)
(7.23831 0.789178 3.63074)
(7.87523 1.2 4.05048)
(8.09484 1.2 4.04928)
(7.87648 1.00451 4.0499)
(7.87979 0.795392 4.04909)
(7.87391 0.407208 4.04892)
(7.88022 0.6 4.04883)
(7.5 1.2 4.04875)
(7.65455 1.2 4.05061)
(7.66525 0.6 4.04891)
(7.65732 1.00438 4.05021)
(7.44084 0.406699 4.04912)
(7.4497 0.793885 4.04926)
(7.43733 1.00399 4.05001)
(7.45241 0.6 4.04902)
(7.66002 0.408576 4.04898)
(7.66393 0.795116 4.04922)
(8.09712 0.6 4.0488)
(8.09546 1.00454 4.04923)
(8.09415 0.408704 4.04888)
(8.09697 0.795451 4.04894)
(7.3 0.6 4.04875)
(7.22946 0.406401 4.04945)
(7.23735 0.788941 4.04902)
(7.5 1.8 3.84)
(7.5 1.8 4.04875)
(7.6548 1.8 4.04959)
(7.87559 1.8 4.0492)
(7.87807 1.8 3.84116)
(7.66109 1.8 3.83979)
(8.09484 1.8 4.04857)
(8.09525 1.8 3.83973)
(7.65984 1.63116 3.84025)
(7.87738 1.63112 3.8406)
(7.44561 1.63138 3.84026)
(8.09555 1.63113 3.84007)
(7.23748 2.21219 3.84041)
(7.45109 2.20634 3.83985)
(7.44801 1.99598 3.84017)
(7.88015 2.20463 3.83997)
(7.87832 1.99551 3.84047)
(7.6615 1.99563 3.8401)
(7.66482 2.20495 3.83983)
(7.23831 2.21172 3.63144)
(7.45059 2.20629 3.63123)
(7.23825 2.21231 3.42263)
(7.45109 2.20636 3.42256)
(7.66461 2.20493 3.63118)
(7.88018 2.20462 3.63126)
(7.23876 2.21189 3.21386)
(7.45034 2.20633 3.21389)
(7.66435 2.20494 3.21382)
(7.88023 2.4 3.63127)
(7.88017 2.4 3.83982)
(7.87626 3 3.84054)
(7.87994 2.59886 3.84)
(7.88044 2.59289 3.63125)
(7.87984 2.59886 3.42255)
(7.87625 3 3.42265)
(7.88021 2.59288 3.21378)
(7.8802 2.20463 3.42252)
(7.66473 2.20495 3.42254)
(7.88 2.20463 3.21378)
(7.88022 2.4 3.42253)
(7.87989 2.4 3.21376)
(8.09692 2.4 3.84004)
(8.09706 2.20455 3.84002)
(8.09723 2.59274 3.84004)
(8.09602 1.99545 3.83999)
(6.50137 2.66753 4.063)
(6.51716 2.45883 4.07197)
(6.52634 2.46336 3.85514)
(6.50845 2.67226 3.84898)
(6.53567 2.46679 3.64093)
(6.51154 2.67435 3.63648)
(6.62226 2.74817 4.05673)
(6.62569 2.75046 3.84479)
(6.62813 2.75208 3.63386)
(7.01704 2.40758 4.05016)
(7.01707 2.40816 3.84098)
(7.01835 2.4077 3.63177)
(7 3 3.84)
(7.00382 2.81191 3.84099)
(7.00313 2.81145 4.05043)
(7 3 4.04875)
(7 3 3.63125)
(7.00433 2.81219 3.63179)
(7.00821 2.61163 3.84189)
(7.00723 2.61077 4.0517)
(7.00936 2.61189 3.63236)
(7.88034 2.4 4.04857)
(7.87992 2.20463 4.04877)
(7.8768 1.99551 4.04922)
(7.88055 2.59288 4.04871)
(7.44998 2.20631 4.04879)
(7.44985 2.5971 3.83981)
(7.45253 2.4 3.83935)
(7.45289 2.4 4.04813)
(7.44992 2.59697 4.04862)
(7.66558 2.4 3.83956)
(7.66526 2.59269 3.83977)
(7.44117 2.81246 3.84017)
(7.48491 3 3.84017)
(7.44113 2.81185 4.04911)
(7.4348 3 4.04903)
(7.65762 1.99565 4.04953)
(7.6655 2.4 4.04841)
(7.43746 1.99604 4.04975)
(7.66416 2.20494 4.04874)
(7.66534 2.59196 4.04854)
(7.44954 2.59715 3.42257)
(7.48491 3 3.42254)
(7.22281 2.81215 3.63143)
(7.66532 2.4 3.63113)
(7.22292 2.81224 3.21381)
(7.66489 2.4 3.2138)
(7.22251 2.81197 4.04934)
(7.44941 2.59704 3.21388)
(7.43479 3 3.21376)
(7.219 3 3.84005)
(7.23484 2.60025 3.42265)
(7.45182 2.4 3.42257)
(7.4498 2.59701 3.63124)
(7.44117 2.8125 3.42256)
(7.66491 2.5927 3.42255)
(7.2346 2.60007 3.84036)
(7.43479 3 3.6313)
(7.219 3 3.42251)
(7.23478 2.60012 3.63148)
(7.45246 2.4 3.63115)
(7.2344 2.59991 4.04934)
(7.44117 2.81189 3.63134)
(7.22288 2.81228 3.4226)
(7.22269 2.81214 3.84033)
(7.66518 2.59197 3.63118)
(7.66501 2.4 3.42259)
(7.2349 2.60026 3.21386)
(7.4517 2.4 3.21397)
(7.44113 2.81192 3.2138)
(7.66482 2.59198 3.21382)
(7.219 3 3.63127)
(7.21901 3 4.04888)
(7.219 3 3.21375)
(8.09554 1.99546 4.04885)
(8.09703 2.4 4.04877)
(8.09698 2.20456 4.0488)
(8.09736 2.59131 4.04881)
(7.3 2.4 3.63125)
(7.3 2.4 4.04875)
(7.3 2.4 3.21375)
(7.23747 2.21181 4.04935)
(7.3 2.4 3.84)
(7.3 2.4 3.4225)
(6.75212 2.83475 4.05265)
(6.75507 2.83671 3.63237)
(6.86658 2.91105 3.84084)
(6.77804 2.62593 3.84479)
(6.7759 2.62274 4.05634)
(6.78126 2.62623 3.63403)
(6.7539 2.83593 3.8422)
(6.86581 2.91054 4.05033)
(6.86704 2.91136 3.63165)
(6.24288 2.49466 4.08321)
(6.26862 2.51217 3.64514)
(6.1223 2.41396 3.86492)
(6.09195 2.39358 4.10662)
(6.36765 2.57832 4.07217)
(6.25638 2.5038 3.86178)
(6.14382 2.4285 3.6489)
(7.5 1.8 3.4225)
(7.5 1.8 3.63125)
(7.44673 1.63138 3.42242)
(7.43789 1.63147 3.63127)
(7.65844 1.6312 3.63122)
(7.5 1.8 3.21375)
(7.43828 1.63147 3.21373)
(7.65866 1.6312 3.21382)
(7.66089 1.63116 3.42245)
(7.87737 1.63112 3.63141)
(7.87788 1.6311 3.42248)
(7.87744 1.63111 3.21378)
(8.09595 1.63117 3.63119)
(8.09597 1.63111 3.21386)
(8.09591 1.63111 3.42271)
(7.87819 1.99549 3.63135)
(7.87811 1.99551 3.21376)
(7.87734 1.8 3.63145)
(7.8779 1.8 3.42225)
(7.87858 1.9955 3.42246)
(7.87711 1.8 3.21371)
(8.09713 2.20454 3.63124)
(8.09717 2.59275 3.42252)
(8.09683 2.4 3.4225)
(8.09708 2.20456 3.42253)
(7.65996 1.99564 3.63118)
(7.65993 1.99564 3.21383)
(7.44858 1.99598 3.42251)
(7.66172 1.8 3.42237)
(7.44027 1.99604 3.63126)
(7.65744 1.8 3.63096)
(7.66214 1.99563 3.42246)
(7.44031 1.99604 3.21379)
(7.65734 1.8 3.21391)
(8.09697 2.4 3.6312)
(8.09731 2.59131 3.63125)
(8.09635 1.99546 3.63116)
(8.09629 1.99547 3.21385)
(8.0969 2.4 3.21383)
(8.09553 1.8 3.42305)
(8.09612 1.8 3.63079)
(8.09625 1.99545 3.42268)
(8.09588 1.8 3.21395)
(8.09707 2.20456 3.2138)
(8.09723 2.59131 3.21379)
(7.43428 1.63147 4.05011)
(7.87561 1.6311 4.04943)
(7.6555 1.63115 4.04984)
(8.09495 1.63108 4.04896)
(7.87552 1.49988 4.04968)
(7.65577 1.49984 4.05008)
(8.09492 1.49986 4.04921)
(6.51407 2.08714 4.0681)
(6.52349 2.08391 3.84107)
(6.05072 2.07347 3.77976)
(5.99749 2.09214 3.80991)
(5.99903 2.24093 3.8413)
(6.29944 2.08465 3.82778)
(5.99959 2.09343 3.99377)
(6.14983 2.09049 4.22415)
(6.06761 2.09578 4.09851)
(6.32371 2.09811 3.64288)
(6.75609 2.83739 3.21401)
(6.53677 2.08914 3.63504)
(6.78379 2.62791 3.21466)
(6.8674 2.9116 3.21382)
(6.29306 2.09243 4.07216)
(8.7527 1.63115 2.79601)
(8.97155 1.6311 2.79617)
(8.97162 1.63111 3.00498)
(8.75264 1.63113 3.00492)
(8.7526 0.795459 3.00502)
(8.75252 1.00454 3.00503)
(8.75252 1.00455 3.21375)
(8.75258 0.795457 3.21376)
(8.53374 0.795459 3.00499)
(8.53364 1.00454 3.00492)
(8.75242 1.2 3.00507)
(8.53367 1.2 3.00486)
(8.5336 1.36892 3.00492)
(8.75251 1.36894 3.00502)
(8.09626 1.00454 2.79604)
(8.09588 1.2 2.79599)
(8.09617 1.49999 2.79618)
(8.09597 1.3689 2.79604)
(8.09713 0.795451 2.7962)
(8.09698 0.6 2.79622)
(8.73657 2.37507e-16 3.00505)
(8.74944 0.401169 3.00502)
(8.75108 0.407236 3.21377)
(8.74838 0.401162 3.42258)
(8.73131 2.63082e-16 3.4227)
(8.75262 0.6 3.00502)
(8.53367 0.6 3.00499)
(8.53184 0.407258 3.00501)
(8.7525 0.6 3.21376)
(8.75261 0.795473 3.42255)
(8.75256 0.6 3.42262)
(8.75274 1.00456 3.42247)
(8.5335 1.6311 3.005)
(8.5336 1.63111 2.79614)
(8.31471 1.63111 2.79635)
(8.75258 1.50012 3.00499)
(8.5336 1.50003 3.00497)
(8.3148 1.50004 2.79619)
(8.97038 0.407262 3.42258)
(8.97155 0.6 3.42264)
(8.97158 0.795469 3.42254)
(8.97158 1.00456 3.42238)
(8.97148 1.00455 3.21385)
(8.97151 1.00455 3.00508)
(8.97145 1.2 3.00505)
(8.97153 1.36892 3.00509)
(8.9716 1.50005 3.00507)
(8.75256 2.20453 3.00501)
(8.75264 1.99544 3.00491)
(8.9716 1.99545 3.00497)
(8.97152 2.20453 3.00502)
(8.97147 2.4 3.00503)
(8.75248 2.4 3.00505)
(8.75249 3 3.00506)
(8.75254 2.59883 3.00503)
(8.9715 2.59273 3.00503)
(8.75276 1.8 3.00482)
(8.97159 1.8 3.00489)
(8.75255 2.20453 3.84)
(8.7525 2.4 3.83999)
(8.75231 1.99544 3.83997)
(8.7521 1.8 3.8399)
(8.75226 1.6311 3.83999)
(8.75267 2.59276 3.63134)
(8.75261 2.59884 3.42256)
(8.75249 3 3.42271)
(8.75261 2.20453 3.6313)
(8.75265 2.4 3.63138)
(8.75261 2.20453 3.42252)
(8.7526 2.4 3.42253)
(8.7523 1.99544 3.63126)
(8.75252 1.99545 3.42248)
(8.7519 1.8 3.63122)
(8.75251 1.8 3.42239)
(8.75225 1.63107 3.63127)
(8.7525 1.63112 3.42249)
(8.75256 2.20454 3.21375)
(8.75249 1.99545 3.21382)
(8.7525 2.4 3.21373)
(8.75257 2.59276 3.21375)
(8.75232 1.8 3.21391)
(8.75248 1.6311 3.21383)
(8.97157 1.63109 3.42253)
(8.97149 1.63108 3.63131)
(8.97162 1.63109 3.21396)
(8.75236 1.2 3.21375)
(8.753 1.2 3.42219)
(8.7525 1.36892 3.21376)
(8.75271 1.36887 3.42248)
(8.75255 1.36885 3.6316)
(8.75261 1.2 3.63243)
(8.75248 1.2 3.8399)
(8.75245 1.36886 3.84001)
(8.97143 1.2 4.25758)
(8.9716 1.2 4.04888)
(8.97172 1.2 3.8402)
(8.75239 1.49995 3.84004)
(8.75246 1.49983 3.63134)
(8.75257 1.5 3.42253)
(8.75254 1.50002 3.21379)
(8.97144 1.2 3.4222)
(8.97226 1.2 3.62962)
(8.72975 2.88676e-16 3.84067)
(8.75077 0.407238 3.63127)
(8.74807 0.401172 3.84007)
(8.75258 0.795477 3.83993)
(8.7526 0.6 3.83982)
(8.75246 0.6 3.63125)
(8.75256 0.795477 3.63127)
(8.75259 1.00456 3.63158)
(8.7525 1.00456 3.83999)
(8.97157 0.6 3.83994)
(8.97162 0.795467 3.83996)
(8.97165 0.79546 4.04883)
(8.97165 0.6 4.04891)
(8.97164 1.00456 3.83999)
(8.97159 1.00455 4.04881)
(8.97164 0.79546 4.25767)
(8.97146 0.6 4.25754)
(8.97167 1.00455 4.25767)
(8.97043 0.407259 4.2578)
(8.75077 0.407233 4.0488)
(8.75247 0.6 4.04855)
(8.75257 2.20453 2.79623)
(8.75269 1.99544 2.79601)
(8.75253 2.4 2.79627)
(8.75255 2.59277 2.79627)
(8.75295 1.8 2.79566)
(8.53358 1.36892 3.21367)
(8.53369 1.3689 3.42276)
(8.53324 1.36887 3.63149)
(8.53324 1.3689 3.83989)
(8.53336 1.50002 3.84006)
(8.53347 1.99545 3.84005)
(8.53328 1.8 3.84006)
(8.53337 1.6311 3.84008)
(8.75233 1.5 4.04883)
(8.53323 1.49997 4.04889)
(8.53363 0.795466 3.84)
(8.53357 0.6 3.84001)
(8.53096 0.407263 3.84006)
(8.53333 1.00457 3.83988)
(8.53298 1.2 3.83944)
(8.97132 1.8 2.79609)
(8.97151 1.99543 2.79616)
(8.97134 2.4 2.79608)
(8.97147 2.20453 2.79621)
(8.97144 2.59129 2.79623)
(8.53379 0.79546 3.21373)
(8.53364 1.00455 3.21367)
(8.53375 1.00457 3.42274)
(8.53398 1.2 3.42314)
(8.53267 1.2 3.6317)
(8.53349 1.2 3.21346)
(8.53382 0.6 3.2137)
(8.53354 0.6 3.63123)
(8.53331 1.00458 3.63147)
(8.53122 0.407263 3.42249)
(8.53376 0.795465 3.42251)
(8.53238 0.408713 3.21375)
(8.53372 0.6 3.42243)
(8.53198 0.40871 3.63126)
(8.53362 0.795469 3.63128)
(8.53309 1.2 4.04862)
(8.7524 1.2 4.04861)
(8.53365 0.6 4.0488)
(8.53326 1.00455 4.04878)
(8.75251 0.795466 4.04871)
(8.53199 0.408708 4.04885)
(8.53359 0.795464 4.04881)
(8.75241 1.00455 4.04874)
(8.53315 1.3689 4.0488)
(8.75236 1.3689 4.04876)
(8.75221 1.6311 4.04879)
(8.7519 1.8 4.04873)
(8.53361 1.8 4.04885)
(8.75227 1.99544 4.04877)
(8.75256 2.20453 4.04878)
(8.75269 2.4 4.04879)
(8.5335 1.99545 4.04883)
(8.53338 1.6311 4.04887)
(8.31513 2.59277 2.79627)
(8.31492 2.4 2.79623)
(8.53354 1.99545 3.00501)
(8.5337 2.20454 3.00503)
(8.53372 2.20453 2.79626)
(8.53363 1.99544 2.79616)
(8.53362 2.4 3.00507)
(8.53364 2.4 2.79626)
(8.53344 1.8 2.79594)
(8.5333 1.8 3.00506)
(8.31451 1.8 2.79646)
(8.09592 1.8 2.79616)
(8.53344 1.49998 3.63138)
(8.53371 2.59274 3.00504)
(8.53373 2.59129 2.79627)
(8.09611 1.63109 2.79623)
(8.53348 1.63109 3.2138)
(8.53343 1.6311 3.63136)
(8.53359 1.6311 3.42254)
(8.5337 2.4 3.42253)
(8.53375 2.20454 3.42251)
(8.53378 2.20454 3.63125)
(8.53377 2.59274 3.42252)
(8.53383 2.4 3.63118)
(8.53384 2.59129 3.63125)
(8.53353 1.99545 3.2138)
(8.53363 2.4 3.21368)
(8.53352 1.99545 3.63133)
(8.53373 1.8 3.42248)
(8.5337 2.20454 3.21374)
(8.53333 1.8 3.21386)
(8.53365 1.99544 3.42252)
(8.53373 2.59129 3.21373)
(8.53333 1.8 3.63143)
(8.53358 1.5 3.21376)
(8.5336 1.50001 3.4226)
(8.3151 2.20454 2.79629)
(8.31482 1.99544 2.79637)
(8.09639 1.99546 2.79626)
(8.09684 2.4 2.79629)
(8.09707 2.20456 2.79629)
(8.09719 2.59131 2.7963)
(8.97164 0.795478 3.63116)
(8.97161 0.6 3.6312)
(8.97033 0.407262 3.84002)
(8.97082 0.40871 3.63124)
(8.9718 1.00455 3.63069)
(8.97086 0.408709 4.04889)
(8.97157 1.49984 3.63118)
(8.97178 1.36886 3.63071)
(8.97156 1.3689 3.42239)
(8.97157 1.49999 3.42253)
(8.97137 1.2 3.2139)
(8.97149 1.36892 3.21386)
(8.97157 1.50001 3.21388)
(8.97161 1.8 3.42241)
(8.97163 2.59274 3.42251)
(8.97164 2.4 3.42248)
(8.97162 2.20453 3.42251)
(8.97158 1.99544 3.42252)
(8.97162 2.20454 3.63129)
(8.97166 2.4 3.63134)
(8.97165 2.59129 3.63131)
(8.97151 1.99544 3.63131)
(8.97145 1.8 3.63137)
(8.97172 1.8 3.21423)
(8.97162 1.99545 3.21393)
(8.97155 2.4 3.21371)
(8.97156 2.20454 3.21376)
(8.97155 2.59129 3.21374)
(8.97085 0.408712 3.21376)
(8.97062 0.407262 3.00502)
(8.97151 0.6 3.21366)
(8.97153 0.795461 3.21377)
(8.97149 0.6 3.00493)
(8.97152 0.795457 3.00504)
(8.97163 1.49997 2.79629)
(8.97164 1.3689 2.79629)
(8.97168 1.2 2.79621)
(8.97162 1.00455 2.79629)
(8.75166 0.407229 2.79629)
(8.97155 0.795461 2.79631)
(8.97155 0.6 2.79633)
(8.97109 0.408712 2.79631)
(8.53367 1.50006 2.79619)
(8.75263 1.50012 2.79621)
(8.75256 1.36893 2.79625)
(8.53366 1.36891 2.79613)
(8.31481 1.00455 2.79597)
(8.31465 1.2 2.79573)
(8.53365 1.2 2.79613)
(8.53369 1.00455 2.79615)
(8.75256 1.00455 2.79626)
(8.75246 1.2 2.79619)
(8.3147 1.36891 2.79597)
(8.75258 0.795461 2.79628)
(8.75255 0.6 2.79633)
(8.53357 0.6 2.79635)
(8.31345 0.40723 2.79624)
(8.31514 0.795464 2.79619)
(8.53288 0.408709 2.79631)
(8.31503 0.6 2.79622)
(8.53371 0.795463 2.79627)
(8.0959 0.40869 2.79625)
(6.99566 1.50168 4.67927)
(6.985 1.50101 5.10609)
(7.22226 1.50057 5.09904)
(7.44382 1.50025 5.09257)
(7.43731 1.50012 4.88406)
(7.43516 1.50029 4.67678)
(7.43514 1.36801 4.88363)
(7.43496 1.36864 4.6767)
(7.44388 1.36554 5.08959)
(7.88649 1.3611 5.30269)
(7.67405 1.36083 5.30174)
(7.6809 1.34983 5.5)
(7.89027 1.35012 5.5)
(7.65548 1.36882 4.67613)
(7.65715 1.36847 4.88391)
(7.87688 1.36859 4.88455)
(7.87526 1.36885 4.67591)
(7.45626 1.3592 5.30161)
(7.66349 1.36703 5.09176)
(7.46671 1.34853 5.5)
(7.88057 1.3673 5.09353)
(8.0975 1.35019 5.5)
(8.09663 1.36116 5.3034)
(8.09536 1.36732 5.09467)
(7.43331 1.50017 4.46831)
(7.43192 1.3686 4.46804)
(7.87454 1.3689 4.46738)
(7.65377 1.36887 4.46784)
(8.73241 1.36115 5.30378)
(8.51645 1.36114 5.30413)
(8.51118 1.35019 5.5)
(8.72437 1.35017 5.5)
(8.09428 1.36891 4.46689)
(8.31347 1.36891 4.46675)
(8.74846 1.3686 4.88526)
(8.52904 1.36861 4.8853)
(8.52436 1.36735 5.09522)
(8.74304 1.36736 5.09483)
(8.30579 1.36116 5.30398)
(8.30928 1.36734 5.09515)
(8.31153 1.36861 4.8853)
(8.09454 1.36859 4.88486)
(8.30367 1.35019 5.5)
(8.53254 1.3689 4.46676)
(8.53145 1.36886 4.67586)
(8.7509 1.36885 4.67575)
(8.31279 1.36886 4.67584)
(8.09427 1.36884 4.67578)
(6.56091 1.50425 4.25671)
(6.49382 1.50235 4.74072)
(6.75084 1.50093 5.12626)
(6.76557 1.31195 5.14836)
(6.9874 1.32246 5.10744)
(7.23267 1.35806 5.09651)
(7.24221 1.34332 5.5)
(7.22631 1.35001 5.30985)
(6.91776 1.3146 5.37665)
(7.03235 1.32217 5.5)
(6.83353 1.31261 5.25029)
(6.50201 1.86484 4.753)
(6.54136 1.89062 4.47556)
(6.31238 1.94578 4.46855)
(6.54306 1.69937 4.26557)
(8.74801 0.407162 4.88564)
(8.74363 0.402355 5.09612)
(8.74611 0.186844 5.10065)
(8.74635 3.63208e-16 5.05783)
(6.52868 0.000194492 4.29123)
(6.49254 0.176752 4.29394)
(6.50305 0.367966 4.29323)
(6.50698 0.553476 4.29363)
(6.52556 0.742692 4.28148)
(6.49218 0.782608 4.73827)
(6.54087 0.742889 4.48103)
(6.52674 0.553441 4.48863)
(6.49048 0.553094 4.73571)
(6.48969 0.363274 4.73453)
(6.52173 0.364499 4.49141)
(6.51458 0.175321 4.4946)
(6.48166 4.22087e-08 4.72247)
(6.48995 0.171541 4.73493)
(6.49404 7.81494e-05 4.50425)
(6.49419 1.12257 4.74128)
(6.56189 1.12738 4.257)
(6.54538 0.9332 4.26641)
(6.56413 1.31432 4.25457)
(7.88057 0.795321 4.67574)
(7.88118 0.6 4.67559)
(7.6667 0.6 4.67542)
(7.66511 0.79495 4.67567)
(7.80232 3.39952e-16 4.67812)
(7.3 3.39762e-16 4.675)
(7.42512 0.400404 4.67573)
(7.65868 0.406907 4.67572)
(7.86644 0.40107 4.67618)
(7.65789 1.00423 4.67602)
(7.87666 1.00442 4.67587)
(7.45048 0.793355 4.67577)
(7.45353 0.6 4.67546)
(7.43844 1.00382 4.6765)
(7.47769 1.2 4.67769)
(6.99879 1.15381 4.67916)
(7.87519 1.2 4.67581)
(7.65584 1.2 4.67617)
(7.88196 0.795237 4.88494)
(7.88257 0.6 4.88501)
(7.87625 8.41171e-17 5.5)
(7.85627 3.56377e-16 5.31471)
(7.86777 0.185355 5.30725)
(7.88192 0.181971 5.5)
(7.87834 0.407089 4.88533)
(7.8779 0.402272 5.09534)
(7.84847 0.186764 5.09914)
(7.83119 3.63099e-16 5.05611)
(7.89278 0.795449 5.5)
(7.89777 0.6 5.49777)
(7.8893 0.6 5.3057)
(7.88932 0.794896 5.3031)
(7.87821 1.00425 4.88463)
(7.88821 1.00071 5.30274)
(7.89278 0.994933 5.5)
(7.88462 0.79506 5.0943)
(7.88505 0.6 5.09471)
(7.88818 0.389616 5.5)
(7.88382 0.397523 5.30387)
(7.87685 1.2 4.88454)
(7.8818 1.00355 5.09371)
(7.88058 1.2 5.09381)
(8.09708 1.00099 5.30342)
(8.09796 0.995397 5.5)
(8.09557 1.2 5.09564)
(8.09588 1.00374 5.09483)
(8.09696 1.2 5.3061)
(8.09956 1.2 5.49956)
(7.5 1.2 4.46625)
(7.43557 1.00392 4.46773)
(7.4415 0.406589 4.4669)
(7.44954 0.793671 4.46702)
(7.45275 0.6 4.4666)
(7.0068 0.773785 4.67899)
(7.00796 0.585827 4.67917)
(6.76535 0.559718 4.6883)
(6.77236 0.749644 4.68401)
(6.58463 0.740215 4.87695)
(6.58496 0.552457 4.87744)
(6.93926 2.38581e-06 4.66568)
(6.71437 2.48494e-06 4.7059)
(6.73636 0.177138 4.69544)
(6.94393 0.180337 4.68931)
(6.98749 0.386672 4.68299)
(6.7554 0.368046 4.69186)
(6.58533 0.359962 4.87799)
(6.58587 0.167427 4.87881)
(6.59635 -2.99728e-16 4.89451)
(7.01135 0.781433 4.46903)
(7.01268 0.592982 4.46862)
(6.99732 0.397196 4.47104)
(7.23675 0.786856 4.67608)
(7.3 0.6 4.675)
(7.22769 0.403622 4.67679)
(7.89777 1.2 5.49777)
(7.88709 1.2 5.30498)
(7.01632 0.745126 5.5)
(7 -4.44089e-16 5.5)
(7.44541 0.400667 5.09445)
(7.45729 1.2 5.1)
(6.98896 0.754829 5.10666)
(7.00523 -3.11817e-16 5.09136)
(7.01589 1.12264 5.5)
(7.01582 0.367965 5.5)
(7.47211 0.789476 5.5)
(7.43812 0.000327831 5.49641)
(6.98612 0.371338 5.10733)
(6.99482 1.14453 5.10495)
(7.45526 0.792 5.09354)
(7.46508 0.387947 5.5)
(7.3 3.62594e-16 5.04788)
(7.49419 1.2 5.49419)
(6.76705 0.174001 4.89022)
(7.29976 0.599573 5.30125)
(7.24029 0.182302 5.30965)
(7.66881 0.6 4.88463)
(7.64758 0.18526 5.3063)
(7.67985 0.6 5.30402)
(7.22783 0.978552 5.30983)
(7.65947 1.00391 4.88399)
(7.67711 0.999481 5.30176)
(6.95144 -3.00107e-16 4.90057)
(6.91708 0.744697 5.37563)
(7.01632 0.933884 5.5)
(7.01587 0.556463 5.5)
(7.24395 0.777267 5.5)
(6.90799 -3.28327e-16 5.36199)
(7.01519 0.179598 5.5)
(7.3 6.66134e-16 5.5)
(7.65719 8.41171e-17 5.5)
(7.68533 0.793931 5.5)
(6.74864 0.360001 5.12296)
(7.23217 0.395726 5.09674)
(7.44686 0.405796 4.88485)
(7.45861 0.6 5.09333)
(7.45601 0.395578 5.30331)
(7.385 0.18595 5.09509)
(7.66198 0.402087 5.09473)
(7.3 1.2 5.14776)
(7.5 1.2 4.88375)
(7.44678 1.00001 5.08966)
(7.46045 1.2 5.29928)
(7.6626 1.2 5.09082)
(6.99405 0.381148 4.89089)
(6.99251 0.568214 5.10522)
(6.98762 0.945481 5.10749)
(7.23385 0.784227 5.09627)
(7.45197 0.792863 4.88445)
(6.98372 0.177295 5.1087)
(6.74424 -3.13287e-16 5.11636)
(7.3 3.65518e-16 5.09563)
(6.91732 1.12388 5.37599)
(7.3 1.2 5.48652)
(6.91663 0.365834 5.37494)
(7.24185 0.383363 5.5)
(7.46293 0.790286 5.30284)
(7.49419 0.6 5.49419)
(7.47213 0.988508 5.5)
(7.4531 0.181401 5.5)
(7.4176 3.6646e-16 5.30784)
(7.67122 0.7944 5.09368)
(7.58861 3.65918e-16 5.10227)
(7.67808 0.389226 5.5)
(7.69598 1.2 5.49598)
(6.77998 0.364484 4.8853)
(7.3 0.6 5.0925)
(7.45562 0.6 4.88408)
(7.23503 0.988895 5.09614)
(7.43847 1.00309 4.88367)
(6.74846 0.167398 5.12268)
(6.96798 0.180219 4.89714)
(6.91693 0.555271 5.37539)
(6.91552 0.174666 5.37328)
(6.91713 0.933875 5.3757)
(7.24237 0.184329 5.09755)
(7.22777 0.388044 5.30999)
(7.46695 0.6 5.30253)
(7.22837 0.77793 5.30981)
(7.43344 0.184585 5.30506)
(7.66413 0.407577 4.88496)
(7.67248 0.6 5.0942)
(7.66711 0.794764 4.88459)
(7.61664 0.187167 5.09766)
(7.67127 0.397163 5.30317)
(7.67908 0.793892 5.30245)
(7.29976 1.19924 5.30125)
(7.46023 0.995211 5.30147)
(7.65603 1.2 4.88368)
(7.66562 1.00281 5.09195)
(7.67583 1.2 5.30283)
(7.24278 0.1806 5.5)
(7.3 3.79833e-16 5.30125)
(6.74597 -2.99999e-16 4.90022)
(7.66754 0.181826 5.5)
(7.69598 0.6 5.49598)
(7.3 0.6 5.48652)
(7.63057 3.58979e-16 5.31295)
(7.24402 0.974167 5.5)
(7.68534 0.99337 5.5)
(6.78445 0.556832 4.88359)
(7.3 0.6 4.88375)
(7.00582 0.767029 4.888)
(6.74991 0.759618 5.12487)
(6.78613 0.747049 4.88239)
(7.0079 0.580414 4.88773)
(6.74877 0.552533 5.12316)
(7.23641 0.785405 4.88525)
(7.23216 0.402388 4.8859)
(7.3 0.6 4.46625)
(7.23037 0.406119 4.46759)
(7.23715 0.788232 4.46712)
(6.83369 0.553457 5.25054)
(6.83374 0.933597 5.25061)
(6.75123 1.12265 5.12684)
(6.76573 0.933307 5.14859)
(6.83353 0.361205 5.25029)
(6.83376 0.743964 5.25064)
(6.83369 1.12303 5.25054)
(8.75108 0.6 4.67575)
(7.87463 1.2 4.46739)
(7.65354 1.2 4.46748)
(7.65625 1.00432 4.46761)
(7.87594 1.00448 4.46725)
(8.75097 0.795439 4.67578)
(8.09685 0.795418 4.67583)
(8.09712 0.6 4.67578)
(8.27839 3.40006e-16 4.67932)
(8.30712 0.401105 4.67653)
(8.53006 0.40711 4.67613)
(8.53198 0.6 4.67575)
(8.5318 0.79544 4.67583)
(8.09311 0.407097 4.67608)
(8.09499 1.00448 4.67577)
(8.09499 1.00452 4.46681)
(8.53156 1.0045 4.67584)
(8.7509 1.00451 4.67575)
(8.53268 1.00454 4.4667)
(8.31383 0.795434 4.67585)
(8.31393 0.6 4.67575)
(8.09441 1.2 4.46668)
(8.3137 1.2 4.46661)
(8.31381 1.00453 4.46669)
(8.31311 1.0045 4.67583)
(8.53277 1.2 4.46668)
(8.74204 1.2 5.09539)
(8.52412 1.2 5.09605)
(8.51459 1.2 5.30787)
(8.72772 1.2 5.30717)
(8.0946 1.2 4.88448)
(8.74837 1.2 4.88535)
(8.52922 1.2 4.88512)
(8.30932 1.2 5.09601)
(8.30522 1.2 5.30747)
(8.3 1.2 5.5)
(8.5 1.2 5.5)
(8.7 1.2 5.5)
(8.09438 1.2 4.67558)
(8.31302 1.2 4.67569)
(8.53171 1.2 4.67574)
(8.75098 1.2 4.67561)
(8.31174 1.2 4.88532)
(8.7525 8.41171e-17 5.5)
(8.71948 0.79607 5.5)
(8.30856 0.402357 5.09633)
(8.31437 8.41171e-17 5.5)
(8.72841 0.389819 5.5)
(8.74245 0.795315 5.09501)
(8.302 0.796061 5.5)
(8.30979 0.795303 5.09531)
(8.2973 3.63208e-16 5.05762)
(8.30587 0.389792 5.5)
(8.52619 0.185517 5.30814)
(8.0973 0.6 4.88513)
(8.0885 0.185474 5.30785)
(8.51472 0.6 5.30753)
(8.52957 0.6 4.88526)
(8.09776 0.6 5.30707)
(8.0952 1.00434 4.88493)
(8.51447 1.00119 5.30411)
(8.52905 1.00437 4.88534)
(8.75024 3.54751e-16 5.31583)
(8.53344 8.41171e-17 5.5)
(8.74356 0.182094 5.5)
(8.09531 8.41171e-17 5.5)
(8.7 0.6 5.5)
(8.71948 0.995608 5.5)
(8.72985 0.795363 5.30381)
(8.50748 0.796091 5.5)
(8.74838 0.795403 4.88523)
(8.09796 0.795928 5.5)
(8.31095 0.407161 4.88583)
(8.31006 0.6 5.09595)
(8.52475 0.402484 5.09639)
(8.30185 0.186833 5.10052)
(8.30662 0.397661 5.30476)
(8.09356 0.402471 5.09602)
(8.30927 1.00379 5.09528)
(8.52557 3.66189e-16 5.10676)
(8.3071 3.54968e-16 5.31571)
(8.31061 0.182117 5.5)
(8.73484 0.397628 5.30458)
(8.51518 0.389802 5.5)
(8.31247 0.795394 4.88544)
(8.09712 0.795258 5.09496)
(8.07216 3.66189e-16 5.10617)
(8.09737 0.389746 5.5)
(8.52409 0.795312 5.09532)
(8.74214 0.6 5.09562)
(8.7424 1.00381 5.09493)
(8.30525 0.795321 5.30406)
(8.3 0.6 5.5)
(8.302 0.995527 5.5)
(8.74569 0.185467 5.30804)
(8.52505 0.187435 5.10103)
(8.30739 0.185444 5.30799)
(8.51874 0.397673 5.30478)
(8.31269 0.6 4.88548)
(8.09519 0.407884 4.88556)
(8.09733 0.6 5.09558)
(8.09696 0.795357 4.8852)
(8.52886 0.407903 4.88573)
(8.07849 0.187413 5.10047)
(8.09551 0.397653 5.30449)
(8.52427 0.6 5.09599)
(8.30575 0.6 5.30758)
(8.51459 0.795326 5.30407)
(8.72799 0.6 5.30721)
(8.52929 0.795402 4.88538)
(8.7484 0.6 4.88515)
(8.09755 0.795283 5.30375)
(8.31177 1.00437 4.88535)
(8.52394 1.00381 5.09533)
(8.30498 1.00114 5.30398)
(8.72975 1.00117 5.30376)
(8.74833 1.00438 4.88529)
(8.52973 3.54534e-16 5.316)
(8.52576 0.182122 5.5)
(8.08363 3.55076e-16 5.31563)
(8.5 0.6 5.5)
(8.09956 0.6 5.49956)
(8.09626 0.182076 5.5)
(8.50748 0.995564 5.5)
(7.87471 0.407183 4.46678)
(7.88061 0.6 4.46659)
(7.87992 0.795356 4.46679)
(7.66579 0.6 4.46651)
(7.66076 0.40852 4.46671)
(7.66406 0.795038 4.46688)
(8.09704 0.6 4.46648)
(8.53303 0.6 4.46614)
(8.31159 0.40721 4.46671)
(8.31454 0.795447 4.46655)
(8.31467 0.6 4.46629)
(8.09443 0.408669 4.46672)
(8.09682 0.79543 4.46667)
(8.5316 0.408675 4.46658)
(8.53294 0.795452 4.46649)
(6.52495 0.372834 3.83312)
(6.51646 0.179458 3.83753)
(6.55553 0.000200331 3.84013)
(6.54451 1.12814 3.81514)
(6.53683 0.937594 3.8123)
(6.53717 0.755201 3.82056)
(6.52726 0.562047 3.82889)
(6.06946 0.754583 3.76805)
(6.04292 0.562321 3.76393)
(6.30545 0.562378 3.81674)
(6.31185 0.75267 3.80044)
(6.05126 0.00965538 3.75886)
(6.29924 0.000205003 3.824)
(6.30572 0.17757 3.82267)
(6.06132 0.175151 3.77078)
(6.54245 1.50335 3.82113)
(6.5429 1.31419 3.81833)
(6.5447 1.5044 3.6197)
(6.07605 1.49576 3.77836)
(6.04648 1.3113 3.76037)
(6.31724 1.3117 3.80771)
(6.31998 1.49993 3.80388)
(6.3283 1.50294 3.62837)
(6.31234 0.933915 3.79303)
(6.08083 0.933029 3.76443)
(6.06665 0.369951 3.77675)
(6.31041 0.369594 3.81798)
(6.07528 1.11549 3.77461)
(6.32058 1.11867 3.79692)
(5.995 0.766079 3.81591)
(5.995 0.546532 3.82372)
(5.995 0.165183 3.81591)
(5.99699 0.0162929 3.81591)
(5.995 1.48809 3.81591)
(5.995 1.31943 3.81591)
(5.995 0.934905 3.81591)
(5.995 0.381385 3.81591)
(5.995 1.10373 3.81591)
(6.32242 0.559894 3.6185)
(6.32575 0.178895 3.62865)
(6.3291 1.3145 3.61514)
(6.32402 0.934766 3.60324)
(6.53654 0.370923 3.62093)
(6.54582 1.12449 3.60888)
(6.5308 8.21688e-05 3.6271)
(6.54272 0.752987 3.60823)
(6.53467 0.180374 3.62667)
(6.54215 0.93716 3.6039)
(6.538 0.561481 3.61557)
(6.32538 0.368294 3.62356)
(6.32819 0.75402 3.60876)
(6.546 1.31456 3.61287)
(6.32887 1.1182 3.61374)
(6.32692 -8.12605e-05 3.62509)
(5.995 1.70329 3.81591)
(6.08799 1.69414 3.76178)
(6.53271 1.69615 3.82346)
(6.30953 1.69674 3.80693)
(6.18895 1.50148 4.28393)
(6.14857 2.85898e-05 4.22214)
(6.15354 0.362643 4.23083)
(6.18951 0.767591 4.28452)
(6.32406 0.878063 4.48636)
(6.33529 1.12476 4.50322)
(6.18971 1.12104 4.28489)
(6.29956 0.554403 4.07505)
(6.29103 0.177195 4.07205)
(6.32265 0.17164 4.48416)
(6.15177 0.16927 4.22885)
(6.06258 0.00010302 4.08893)
(6.2244 4.26148e-06 4.33585)
(6.15496 0.553282 4.23247)
(6.0715 0.359719 4.10633)
(6.23082 0.366622 4.3464)
(6.07402 0.75238 4.10849)
(6.24179 0.688948 4.36252)
(6.51136 0.368197 4.06799)
(6.49443 0.00033533 4.06802)
(6.52829 0.746338 4.0586)
(6.07397 0.553251 4.10922)
(6.06887 0.17631 4.10486)
(6.50327 0.179155 4.06787)
(6.30878 0.744739 4.06618)
(6.51715 0.55653 4.06709)
(6.2971 0.365015 4.07358)
(6.23173 0.550363 4.34748)
(6.23036 0.172585 4.34638)
(6.32207 0.36402 4.48319)
(6.33628 5.9462e-07 4.50435)
(6.28109 0.000828579 4.07245)
(6.3225 1.69822 3.6312)
(6.53945 1.6973 3.62293)
(5.99948 0.547302 4.00001)
(5.99948 0.193157 3.99083)
(5.99935 1.32344 4.00001)
(5.99948 0.935445 3.99985)
(5.99908 1.70331 3.99062)
(6.07562 1.49866 4.10409)
(6.1648 1.31163 4.24717)
(6.16342 1.69477 4.2452)
(6.07358 1.11653 4.10652)
(6.16525 0.934488 4.24805)
(5.99948 0.344843 3.98826)
(5.99947 0.775473 3.99621)
(6.07433 0.934558 4.10848)
(5.99944 1.09837 3.99051)
(6.07486 1.31265 4.10758)
(5.99908 1.48719 3.99308)
(6.07453 1.69579 4.10299)
(5.99965 0.00388284 3.99884)
(6.32262 0.933145 4.05511)
(6.32153 0.553447 4.48233)
(6.33134 1.31222 4.05247)
(6.32046 1.69796 4.05575)
(6.38419 0.75148 4.57633)
(6.5478 1.50423 4.04528)
(6.36214 1.50376 4.25126)
(6.54913 1.12457 4.04353)
(6.36297 1.12168 4.25189)
(6.33745 0.929913 4.26638)
(6.53968 0.934797 4.04819)
(6.33049 1.12006 4.05083)
(6.41025 0.554406 4.61538)
(6.31498 0.68934 4.47249)
(6.55068 1.31383 4.04354)
(6.35926 1.31244 4.25305)
(6.33003 1.50206 4.05182)
(6.53671 1.69811 4.05067)
(6.33549 1.70103 4.26429)
(6.99388 1.85027 4.68107)
(7.00469 2.23143 4.67858)
(6.4875 2.07983 4.73125)
(6.49529 2.25583 4.74293)
(6.76307 2.26505 4.68321)
(6.76268 2.45408 4.68359)
(7.00971 2.41804 4.67794)
(7.23631 2.21423 4.67588)
(7.45022 2.20689 4.67543)
(7.43836 1.99623 4.67641)
(7.47769 1.8 4.67769)
(7.3 2.4 4.675)
(7.00142 2.61605 4.68067)
(6.76239 2.6308 4.68849)
(6.48546 2.46865 4.72819)
(6.47159 2.64773 4.70739)
(7 3 4.675)
(7.00013 2.81116 4.67981)
(6.7452 2.83013 4.68601)
(7.43563 1.99613 4.46757)
(7.5 1.8 4.46625)
(7.88051 2.20468 4.67554)
(7.87991 2.20464 4.46654)
(7.87622 1.99552 4.46701)
(7.87673 1.99557 4.67571)
(7.65769 1.99576 4.67604)
(7.66495 2.2051 4.67542)
(7.65653 1.99567 4.46735)
(7.21921 3 4.67787)
(7.22183 2.81232 4.67877)
(7.88113 2.4 4.67535)
(7.88042 2.4 4.46632)
(7.66656 2.4 4.67515)
(7.87635 3 4.67995)
(7.88066 2.59895 4.67639)
(7.66621 2.59295 4.67574)
(7.4502 2.5975 4.67619)
(7.44119 2.81262 4.67896)
(7.48514 3 4.67915)
(7.88074 2.59291 4.46665)
(7.87506 1.8 4.46708)
(7.65423 1.8 4.46732)
(7.23338 2.60113 4.67693)
(7.45322 2.4 4.67495)
(6.75025 1.88008 5.12538)
(6.9934 1.85752 5.10362)
(6.9152 1.87815 5.3728)
(6.98625 1.67989 5.10591)
(7 1.5 5.5)
(7.22441 1.50113 5.5)
(7.21375 1.50086 5.31232)
(6.91509 1.50084 5.37263)
(6.91511 1.68937 5.37266)
(7.45737 1.50058 5.5)
(7.45142 1.50046 5.30273)
(6.76501 1.68987 5.14751)
(8.73195 1.5 5.5)
(8.7362 1.50001 5.30227)
(8.74401 1.50004 5.09435)
(8.75091 1.49997 4.67581)
(8.75188 1.50005 4.46669)
(8.74871 1.49997 4.88515)
(8.75093 1.63114 4.67577)
(8.75198 1.63112 4.46662)
(8.75219 1.8 4.46643)
(8.09546 1.8 4.4668)
(8.31378 1.8 4.46678)
(7.65526 1.8 4.67663)
(8.31356 1.63111 4.46679)
(8.53275 1.8 4.46671)
(8.53258 1.6311 4.46675)
(7.87481 1.63113 4.46721)
(7.65404 1.63127 4.46767)
(7.65531 1.63127 4.67622)
(7.87535 1.63121 4.67581)
(7.87532 1.5001 4.67593)
(7.65553 1.50013 4.67617)
(8.30512 1.50001 5.5)
(8.09695 1.50002 5.5)
(8.09642 1.50001 5.30211)
(8.30639 1.5 5.30239)
(8.30936 1.49997 5.09448)
(8.09527 1.49994 5.09407)
(7.8805 1.50007 5.09326)
(7.87695 1.50007 4.88454)
(8.09449 1.50002 4.88491)
(8.09422 1.49994 4.67589)
(8.09425 1.63115 4.67585)
(8.31266 1.50004 4.67589)
(8.31148 1.50005 4.88526)
(8.31269 1.63116 4.67571)
(8.51523 1.5 5.5)
(8.51828 1.5 5.30245)
(8.52474 1.5 5.09459)
(8.52906 1.49998 4.88533)
(8.53133 1.50004 4.67592)
(8.53139 1.63116 4.67588)
(8.09466 1.63112 4.46693)
(7.43493 1.63149 4.67669)
(7.5 1.8 4.88375)
(7.45729 1.8 5.1)
(7.3 1.8 5.14776)
(7.46022 1.8 5.29914)
(7.29976 1.80076 5.30125)
(7.00475 1.8775 5.49963)
(7.3 1.8 5.48652)
(7.49419 1.8 5.49419)
(7.65573 1.8 4.8833)
(7.6629 1.8 5.0899)
(7.67553 1.8 5.30199)
(7.69598 1.8 5.49598)
(7.68046 1.65056 5.5)
(7.67374 1.63941 5.30142)
(7.66347 1.63311 5.09133)
(7.657 1.6316 4.88373)
(7.67203 1.5002 5.30142)
(7.6761 1.50023 5.5)
(7.88799 1.50008 5.5)
(7.8857 1.50007 5.30171)
(7.66363 1.50015 5.09234)
(7.65783 1.50006 4.88409)
(8.71948 2.20393 5.5)
(8.72985 2.2047 5.30384)
(8.72983 1.99878 5.30386)
(8.71948 2.00439 5.5)
(8.74246 2.20469 5.09504)
(8.74844 2.2046 4.88524)
(8.74844 1.99562 4.8853)
(8.74246 1.99618 5.0951)
(8.751 2.20456 4.6757)
(8.75094 1.9955 4.67575)
(8.74852 2.4 4.88523)
(8.75113 2.4 4.67561)
(8.752 2.20454 4.46651)
(8.75202 1.99545 4.46658)
(8.752 2.4 4.46635)
(8.7 2.4 5.5)
(8.72794 2.4 5.3072)
(8.74211 2.4 5.09566)
(8.74311 1.63266 5.09499)
(8.74857 1.6314 4.88527)
(8.72437 1.64983 5.5)
(8.73251 1.63885 5.30386)
(8.75107 1.8 4.67568)
(8.74855 1.8 4.88527)
(8.7422 1.8 5.0958)
(8.7 1.8 5.5)
(8.72802 1.8 5.30733)
(8.3139 1.99546 4.46673)
(8.53272 1.99546 4.4667)
(8.30975 2.20469 5.09533)
(8.30931 1.99621 5.09505)
(8.31198 1.99562 4.88556)
(8.31248 2.2046 4.88545)
(8.30525 2.20463 5.30406)
(8.30499 1.9989 5.30412)
(8.30199 2.20394 5.5)
(8.30199 2.00447 5.5)
(7.87804 1.99577 4.88456)
(7.88161 1.99646 5.09338)
(7.66557 1.99721 5.09147)
(7.65926 1.99611 4.88376)
(7.88815 1.99928 5.30268)
(7.89268 2.00507 5.5)
(7.68504 2.00663 5.5)
(7.67685 2.0005 5.30145)
(8.09496 1.99551 4.67581)
(8.09538 1.99548 4.46682)
(8.09587 1.99626 5.09465)
(8.09509 1.99566 4.88494)
(8.09793 2.0046 5.5)
(8.09704 1.999 5.30359)
(8.31302 1.99549 4.67569)
(8.53151 1.99549 4.67587)
(8.52908 1.99563 4.88569)
(8.52928 2.2046 4.88549)
(8.50748 2.20391 5.5)
(8.51459 2.20465 5.30409)
(8.52405 2.20468 5.09537)
(8.31422 2.5989 4.6766)
(8.31293 2.59285 4.88588)
(8.31271 2.4 4.88541)
(8.31404 2.4 4.67566)
(8.31465 2.4 4.46646)
(8.31457 2.20455 4.4666)
(8.3144 3 4.67985)
(8.31482 2.59279 4.4668)
(8.31441 3 5.05808)
(8.31329 2.81317 5.10098)
(8.31089 2.59764 5.09648)
(8.30579 2.61021 5.5)
(8.30768 2.60233 5.3048)
(8.31204 2.81456 5.30822)
(8.31052 2.81788 5.5)
(8.3 2.4 5.5)
(8.30579 2.4 5.30749)
(8.31386 2.20456 4.6758)
(8.30999 2.4 5.09606)
(8.3144 3 5.31603)
(8.31437 3 5.5)
(7.89268 2.20455 5.5)
(7.8845 2.20495 5.09427)
(7.88352 2.59779 5.09601)
(7.88739 2.61041 5.5)
(7.87647 3 5.05946)
(7.87625 3 5.5)
(7 3 5.5)
(7.00475 2.255 5.49963)
(7.45273 2.60022 5.09638)
(6.98749 2.24957 5.10446)
(7 3 5.0925)
(7.00475 2.6325 5.49963)
(7.43812 3 5.5)
(7.47129 2.21053 5.5)
(6.98678 2.63534 5.10684)
(7.45497 2.20823 5.0932)
(7.46137 3 5.08876)
(7.46008 2.6122 5.5)
(6.7439 2.82926 4.89613)
(7.22666 2.02188 5.30922)
(7.22134 2.81323 4.89155)
(7.21415 2.82065 5.33024)
(7.29976 2.40043 5.30125)
(7.66811 2.4 4.88445)
(7.66234 2.81482 5.31069)
(7.67982 2.4 5.30396)
(8.09706 2.4 4.46642)
(8.09709 2.4 4.88524)
(8.09587 2.81453 5.30851)
(8.09783 2.4 5.30694)
(7.88925 2.20511 5.30307)
(7.89777 2.4 5.49777)
(7.68504 2.20607 5.5)
(8.09793 2.20407 5.5)
(7.88492 2.4 5.09491)
(7.8818 2.20477 4.8848)
(7.67106 2.20565 5.09346)
(8.09706 2.20474 5.09497)
(7.88606 2.60251 5.30425)
(7.88232 2.59303 4.88546)
(7.87844 2.81323 5.10207)
(7.66939 2.59815 5.09591)
(8.09707 2.59755 5.09633)
(7.88095 2.81804 5.5)
(7.67596 2.61085 5.5)
(8.09711 2.61026 5.5)
(8.09681 2.20458 4.67571)
(8.09725 2.59291 4.67605)
(7.87646 3 5.31746)
(7.65777 3 5.11122)
(8.09541 3 5.10754)
(7.65719 3 5.5)
(8.09531 3 5.5)
(7 3 4.88375)
(6.99914 2.99915 5.48115)
(7 2.82125 5.5)
(7.21906 3 5.5)
(6.91524 2.25814 5.37287)
(7.00475 2.44375 5.49963)
(7.00475 2.06625 5.49963)
(7.24172 2.22277 5.5)
(6.56755 2.7117 4.85133)
(6.74572 2.64987 5.11859)
(7.44657 2.00012 5.08944)
(7.23014 2.60635 5.09896)
(7.45114 2.59814 4.88597)
(7.45855 2.4 5.09288)
(7.44162 2.81333 5.10569)
(7.45607 2.60487 5.30519)
(7.00093 2.62393 4.88809)
(6.9862 2.05712 5.10552)
(6.99154 2.43745 5.10337)
(7.23335 2.21668 5.09575)
(6.58051 2.2802 4.87077)
(7.45153 2.2074 4.88413)
(6.98812 2.82386 5.11058)
(6.86268 2.90845 5.10416)
(7.22073 3 5.11201)
(7.4354 3 4.8928)
(6.91852 2.64361 5.37778)
(7.23251 2.61687 5.5)
(7.43978 3 5.32879)
(7.44431 2.81877 5.5)
(7.46234 2.2099 5.3027)
(7.4713 2.0115 5.5)
(7.49419 2.4 5.49419)
(6.77714 2.65048 4.8789)
(6.57778 2.47939 4.86667)
(7.23453 2.01169 5.09565)
(7.43833 1.99698 4.88354)
(7.23296 2.60293 4.88673)
(7.3 2.4 5.0925)
(7.45491 2.4 4.88372)
(6.91519 2.06775 5.37278)
(6.73446 2.82297 5.10169)
(6.60478 2.73652 4.90717)
(6.99825 2.81332 4.89085)
(6.93079 2.84043 5.39618)
(6.91581 2.45014 5.37372)
(7.45968 2.00481 5.30126)
(7.22726 2.22271 5.30923)
(7.66673 2.20529 4.88438)
(7.67887 2.20616 5.30234)
(7.21919 2.81603 5.10923)
(7.4414 2.81239 4.89164)
(7.22239 2.61431 5.31335)
(7.44252 2.81579 5.31516)
(7.46647 2.4 5.3025)
(7.66757 2.59308 4.88529)
(7.67247 2.4 5.09397)
(7.88243 2.4 4.88479)
(7.6607 2.81274 5.10419)
(7.67352 2.60295 5.30406)
(7.87954 2.81466 5.30898)
(7.8893 2.4 5.30565)
(8.09687 2.20456 4.46658)
(8.09736 2.59135 4.46666)
(8.09704 2.4 4.67555)
(8.09684 2.20463 4.8852)
(8.09754 2.20472 5.30373)
(8.09728 2.59214 4.88568)
(8.09727 2.4 5.09566)
(8.09584 2.81259 5.10169)
(8.0971 2.60235 5.30462)
(7.2243 3 5.3557)
(7.21544 2.81947 5.5)
(7.24178 2.02588 5.5)
(7.65777 3 5.32068)
(7.2196 3 4.89122)
(7.3 2.4 5.48652)
(7.69598 2.4 5.49598)
(7.66449 2.81828 5.5)
(8.09538 3 5.3166)
(8.09596 2.81793 5.5)
(8.09956 2.4 5.49956)
(6.78055 2.46081 4.87743)
(7.3 2.4 4.88375)
(7.00435 2.23872 4.88624)
(6.74788 2.24781 5.12182)
(6.7821 2.26704 4.87834)
(7.00821 2.42482 4.88583)
(6.74599 2.45855 5.11898)
(7.23597 2.21577 4.88483)
(8.5295 2.4 4.88547)
(8.53302 2.4 4.46644)
(8.52875 2.8145 5.30822)
(8.51471 2.4 5.30755)
(8.53182 2.20456 4.67583)
(8.53344 3 5.5)
(8.52608 2.59751 5.09647)
(8.53208 2.59289 4.67616)
(8.53345 3 5.10692)
(8.51516 2.6102 5.5)
(8.53202 2.4 4.67572)
(8.52982 2.5921 4.88583)
(8.52422 2.4 5.09604)
(8.53295 2.20455 4.46659)
(8.53309 2.59132 4.46671)
(8.5312 2.81257 5.1012)
(8.51936 2.60231 5.30481)
(8.53344 3 5.31609)
(8.52574 2.81788 5.5)
(8.5 2.4 5.5)
(8.31262 1.8 4.67512)
(8.31173 1.63141 4.88552)
(8.30932 1.63265 5.09492)
(8.3 1.8 5.5)
(8.3053 1.8 5.30806)
(8.30581 1.63885 5.30416)
(7.87547 1.8 4.67551)
(8.30938 1.8 5.09519)
(8.31244 1.8 4.88599)
(8.09419 1.8 4.67587)
(8.30366 1.64982 5.5)
(7.89777 1.8 5.49777)
(7.88015 1.8 5.09316)
(8.09659 1.63887 5.30359)
(8.09444 1.63142 4.88488)
(7.88724 1.8 5.30499)
(7.89016 1.65 5.5)
(8.09956 1.8 5.49956)
(7.87657 1.8 4.88468)
(7.8804 1.63275 5.09323)
(8.09567 1.8 5.09527)
(7.88644 1.63898 5.30265)
(7.87675 1.63146 4.88451)
(8.09429 1.8 4.8845)
(8.09536 1.63266 5.09451)
(8.09685 1.8 5.30678)
(8.09747 1.64985 5.5)
(8.52908 1.6314 4.88565)
(8.51448 1.99884 5.30418)
(8.51646 1.63884 5.30421)
(8.52387 1.8 5.09592)
(8.53153 1.8 4.67571)
(8.5 1.8 5.5)
(8.52924 1.8 4.88607)
(8.52387 1.99619 5.09534)
(8.5243 1.63265 5.09522)
(8.51459 1.8 5.30803)
(8.51118 1.64981 5.5)
(8.50748 2.00444 5.5)
(6.82187 2.88125 5.23281)
(6.76439 2.0704 5.14658)
(6.85771 2.90514 5.28657)
(7.22424 1.65176 5.30925)
(7.00475 1.68875 5.49963)
(7.44367 1.63478 5.08945)
(7.465 1.65262 5.5)
(7.23209 1.6428 5.09617)
(7.43507 1.6321 4.88357)
(7.45544 1.64148 5.30144)
(7.23569 1.6601 5.5)
(8.53246 1.49999 4.46679)
(8.31339 1.5 4.46684)
(7.87464 1.50002 4.46735)
(7.6542 1.50023 4.46785)
(7.43198 1.63151 4.46798)
(8.09429 1.50004 4.467)
(6.74733 2.83155 4.47498)
(6.30469 2.53641 4.45704)
(7.22207 2.81192 4.4682)
(7.66576 2.4 4.46614)
(7 3 4.46625)
(6.48893 2.65928 4.49229)
(7.44985 2.59707 4.46677)
(7.00409 2.61119 4.47152)
(6.52163 2.28262 4.4811)
(7.44952 2.20652 4.46661)
(7.43488 3 4.46795)
(6.31484 2.29328 4.47221)
(6.76855 2.62036 4.47994)
(6.51888 2.47748 4.48056)
(7.00125 2.8107 4.46987)
(6.34193 2.56129 4.51286)
(7.66408 2.20499 4.46651)
(7.23378 2.60013 4.46761)
(7.45272 2.4 4.46603)
(7.44108 2.81188 4.46808)
(7.66561 2.59202 4.46646)
(7.21907 3 4.46731)
(7.3 2.4 4.46625)
(7.01104 2.22155 4.46923)
(7.01508 2.40968 4.46845)
(7.23699 2.21254 4.46707)
(6.31769 2.08777 4.47648)
(6.52887 2.08522 4.48026)
(9.62925 1.5001 -2.42172)
(9.40993 1.50001 -2.42213)
(9.40987 1.63109 -2.42226)
(9.62924 1.63112 -2.42187)
(9.19069 1.49992 -2.42233)
(9.19043 1.63108 -2.4224)
(8.97161 1.5 -2.42244)
(8.97169 1.63109 -2.4225)
(9.18149 -9.48474e-17 -2.4227)
(9.18863 0.401177 -2.42227)
(9.40845 0.407268 -2.42176)
(9.62611 0.401168 -2.42091)
(9.62392 -9.48457e-17 -2.42267)
(9.1906 0.6 -2.42221)
(9.40926 0.6 -2.4219)
(9.6272 0.795455 -2.42075)
(9.62707 0.6 -2.42091)
(9.40915 0.795459 -2.42175)
(9.1905 0.795466 -2.4222)
(9.4097 1.00455 -2.42195)
(9.62861 1.00455 -2.42152)
(9.19068 1.00455 -2.42226)
(9.62906 1.2 -2.42208)
(9.40997 1.2 -2.42194)
(9.40995 1.36891 -2.42207)
(9.62918 1.36892 -2.42181)
(9.19076 1.36888 -2.42231)
(9.19081 1.2 -2.42229)
(8.97146 1.36891 -2.42246)
(9.84863 1.6311 -2.4207)
(9.84881 1.49998 -2.42077)
(10.0689 1.50009 -2.41924)
(10.0687 1.63114 -2.41927)
(10.9384 0.375897 -2.00126)
(10.9415 0.77658 -1.99768)
(10.938 0.77655 -1.58065)
(10.9392 0.375917 -1.58504)
(10.9399 9.72068e-17 -1.58751)
(10.9399 1.22772e-16 -2.00503)
(10.9582 1.16608 -2.00033)
(10.9346 1.16608 -1.57426)
(10.9384 1.5 -1.57708)
(10.9523 1.5 -1.99913)
(10.5 -6.92699e-17 -2.005)
(10.0627 -6.92716e-17 -2.00503)
(10.0618 0.400945 -2.00016)
(10.2775 0.40616 -1.99581)
(10.4931 0.397052 -1.99398)
(10.4954 0.793478 -1.99169)
(10.4145 0.6 -1.98549)
(10.2778 0.6 -1.99477)
(10.2794 0.795058 -1.99544)
(10.0628 0.795393 -1.99925)
(10.0622 0.6 -1.99934)
(10.2877 1.00439 -1.99769)
(10.5155 1.00415 -1.99766)
(10.5 1.2 -2.005)
(10.2919 1.2 -1.99861)
(10.0663 1.00451 -2.00039)
(10.0674 1.2 -2.00145)
(10.5119 1.49999 -1.99768)
(10.5189 1.36871 -1.99884)
(10.2898 1.36884 -1.9984)
(10.2884 1.49997 -1.99857)
(10.0674 1.49987 -2.00062)
(10.0675 1.36886 -2.00075)
(10.9406 0.375935 -1.16924)
(10.9399 7.1642e-17 -1.17)
(10.9398 0.776551 -1.16638)
(10.9344 1.16608 -1.15992)
(10.9399 4.60773e-17 -0.7525)
(10.9422 0.375954 -0.753297)
(10.9432 0.776554 -0.752524)
(10.9369 1.5 -1.16177)
(10.9389 1.16609 -0.747797)
(10.9402 1.5 -0.748526)
(10.0628 -9.48406e-17 -2.42261)
(9.84332 0.407218 -2.4184)
(10.0591 0.400975 -2.41542)
(10.0602 0.407043 -2.20694)
(9.84381 0.6 -2.41851)
(10.0586 0.6 -2.41392)
(10.0605 0.6 -2.20685)
(9.84441 0.795445 -2.41858)
(10.0615 0.795403 -2.20692)
(10.0603 0.795377 -2.41471)
(10.0687 1.2 -2.41966)
(10.0667 1.00451 -2.41815)
(9.84756 1.00455 -2.42031)
(9.84853 1.2 -2.42116)
(10.0671 1.2 -2.20904)
(10.0659 1.00452 -2.20855)
(9.84874 1.36889 -2.42092)
(10.0689 1.36891 -2.41931)
(10.0675 1.36889 -2.20925)
(10.0678 1.49999 -2.20945)
(9.62734 2.20454 -2.42095)
(9.6287 1.99546 -2.42163)
(9.40963 1.99545 -2.42216)
(9.40913 2.20454 -2.42178)
(9.62723 2.59884 -2.42111)
(9.62721 2.4 -2.42117)
(9.4092 2.4 -2.42171)
(9.40901 2.59274 -2.42175)
(9.19038 2.59883 -2.4223)
(9.19062 3 -2.42272)
(9.62875 3 -2.42272)
(9.19037 2.20454 -2.42224)
(9.19033 1.99546 -2.42236)
(9.19036 2.4 -2.42229)
(8.97147 2.59273 -2.42245)
(8.75256 2.59883 -2.42254)
(8.75249 3 -2.42271)
(8.97143 2.4 -2.42251)
(8.75258 2.20452 -2.42248)
(8.7526 2.4 -2.42255)
(8.9715 2.20454 -2.42244)
(8.97166 1.99545 -2.42249)
(8.75259 1.99545 -2.42239)
(9.6294 1.8 -2.42218)
(9.40987 1.8 -2.42242)
(9.18984 1.8 -2.42244)
(8.97189 1.8 -2.42268)
(10.9422 2.22344 -2.41462)
(10.9422 2.22342 -1.99778)
(10.9584 1.83392 -2.00036)
(10.9631 1.83395 -2.41994)
(10.9405 2.62411 -2.00134)
(10.9395 2.62414 -2.41806)
(10.9431 3 -2.42272)
(10.9431 3 -2.00506)
(10.9572 1.5 -2.41916)
(9.84482 2.20455 -2.41886)
(9.84753 1.99545 -2.42017)
(10.5 1.8 -2.4225)
(10.5143 1.99585 -2.41371)
(10.4905 2.20651 -2.40419)
(10.4893 2.60295 -2.40666)
(10.4058 2.4 -2.39424)
(10.2741 2.59384 -2.41015)
(10.0607 2.59905 -2.41624)
(10.0669 3 -2.42272)
(10.505 3 -2.42272)
(10.2763 2.20494 -2.41035)
(10.2738 2.4 -2.40917)
(9.84418 2.59278 -2.41876)
(9.84448 2.4 -2.41876)
(10.0611 2.20461 -2.41552)
(10.0667 1.99549 -2.41828)
(10.2874 1.99561 -2.41536)
(10.2921 1.8 -2.41767)
(10.0686 1.8 -2.41969)
(10.0598 2.4 -2.41516)
(9.84835 1.8 -2.42053)
(10.5193 1.63129 -2.41629)
(10.2908 1.63115 -2.41707)
(10.5138 1.5 -2.41597)
(10.2902 1.49999 -2.41716)
(10.9348 1.83392 -1.57428)
(10.9388 2.22345 -1.58071)
(10.9413 2.62409 -1.58509)
(10.9346 1.83392 -1.15992)
(10.9405 2.22345 -1.16641)
(10.9431 3 -1.58751)
(10.9431 3 -1.17)
(10.9427 2.62407 -1.16926)
(10.9443 2.62405 -0.753298)
(10.9439 2.22345 -0.752531)
(10.9391 1.83392 -0.747797)
(10.9462 2.22344 -0.336236)
(10.9442 1.83392 -0.335335)
(10.9439 1.5 -0.33441)
(10.945 2.62404 -0.335842)
(10.9431 3 -0.7525)
(10.9431 3 -0.335)
(10.5064 1.5 -2.20394)
(10.2874 1.5 -2.20675)
(10.943 0.37597 -0.335883)
(10.9455 0.776559 -0.336289)
(10.9443 0.776567 0.0838715)
(10.9417 0.375945 0.0839122)
(10.9399 -5.0517e-18 0.0825)
(10.9399 2.0513e-17 -0.335)
(10.944 1.16609 -0.335344)
(10.9473 1.16609 0.0784512)
(10.9447 1.5 0.495633)
(10.9445 1.83392 0.496183)
(10.944 2.22344 0.497665)
(10.9434 2.62406 0.499276)
(10.9431 3 0.5)
(10.9431 3 0.0825)
(10.9438 2.62406 0.0839467)
(10.945 2.22343 0.0839185)
(10.9413 0.375943 0.499254)
(10.9432 0.776564 0.49764)
(10.9399 -3.06162e-17 0.5)
(10.9443 1.16609 0.496176)
(10.946 1.5 0.0803805)
(10.9475 1.83391 0.0784609)
(7.02797 1.1665 -2.42222)
(7.5 1.2 -2.4225)
(7.44861 1.00408 -2.42255)
(7.45178 0.793953 -2.4227)
(7.24155 0.789087 -2.42256)
(7.02949 0.783298 -2.42242)
(7.44674 1.50053 -2.4225)
(7.44722 1.36878 -2.42252)
(7.02463 1.50304 -2.42224)
(7.65989 1.2 -2.42247)
(7.66152 1.00439 -2.42254)
(7.88016 0.795388 -2.42258)
(7.66484 0.795124 -2.42262)
(7.87835 1.00451 -2.42254)
(7.87736 1.2 -2.42248)
(7.66048 1.3689 -2.42253)
(7.87815 1.49997 -2.42255)
(7.87777 1.36889 -2.42254)
(7.66102 1.50012 -2.42253)
(7.037 0.390461 -2.42246)
(7.02821 0.59389 -2.42254)
(7.3 0.6 -2.4225)
(7.24649 0.400363 -2.42255)
(7.47892 -3.73711e-09 -2.42252)
(7.44205 0.18737 -2.42254)
(7.4508 0.403003 -2.4227)
(7.66301 0.407361 -2.42263)
(7.87022 0.401174 -2.42259)
(7.82651 2.23612e-09 -2.42261)
(7.2692 0.187342 -2.4225)
(7.01448 -2.82682e-07 -2.42179)
(7.05235 0.185189 -2.42226)
(7.3 -1.19162e-09 -2.4225)
(7.45179 0.6 -2.42299)
(7.6651 0.6 -2.42268)
(7.87995 0.6 -2.42261)
(7.44156 1.5002 -2.63141)
(7.65976 1.50002 -2.63139)
(6.61369 0.372039 -2.42197)
(6.61944 0.760733 -2.4217)
(6.61127 -3.36856e-07 -2.41989)
(7.88002 2.59886 -2.4226)
(7.88038 2.4 -2.42262)
(7.66552 2.4 -2.42271)
(7.66529 2.5927 -2.42269)
(7.88042 2.20464 -2.42258)
(7.66514 2.20498 -2.42265)
(7.87874 1.99551 -2.42257)
(7.66231 1.99566 -2.42251)
(7.45176 2.20649 -2.42271)
(7.44878 1.99603 -2.42254)
(7.02328 1.84041 -2.42188)
(7.5 1.8 -2.4225)
(7.4474 1.63144 -2.42251)
(7.87789 1.8 -2.42261)
(7.66174 1.8 -2.42237)
(7.87812 1.6311 -2.42257)
(7.66123 1.63118 -2.42249)
(7.43858 1.63148 -2.63132)
(7.65901 1.63117 -2.63138)
(8.75254 1.50006 -2.42248)
(8.75259 1.63112 -2.42239)
(8.75254 1.8 -2.42221)
(8.74871 0.401164 -2.42246)
(8.75262 0.6 -2.42233)
(8.97152 0.6 -2.42239)
(8.97038 0.407265 -2.4224)
(8.73306 -9.48474e-17 -2.4227)
(8.97152 0.795462 -2.42238)
(8.75257 0.795468 -2.42242)
(8.75227 1.00455 -2.42257)
(8.97143 1.00455 -2.42244)
(8.97118 1.2 -2.4225)
(8.75163 1.2 -2.42276)
(8.53368 2.59274 -2.42249)
(8.31506 2.59881 -2.42253)
(8.31436 3 -2.4227)
(8.53353 2.4 -2.42245)
(8.31491 2.4 -2.42251)
(8.53368 2.20452 -2.4225)
(8.31518 2.20453 -2.42251)
(8.53354 1.99544 -2.42266)
(8.31526 1.99545 -2.42261)
(8.09706 2.4 -2.42234)
(8.09726 2.20457 -2.42245)
(7.87625 3 -2.42265)
(8.0973 2.59275 -2.42244)
(8.09659 1.99545 -2.42254)
(8.27806 -9.4844e-17 -2.42268)
(8.30789 0.401163 -2.42254)
(8.53151 0.407262 -2.42248)
(8.53366 0.6 -2.42243)
(8.5337 0.795465 -2.42245)
(8.31502 0.6 -2.4225)
(8.31515 0.795476 -2.42246)
(8.53341 1.00455 -2.42245)
(8.31493 1.00455 -2.42224)
(8.31572 1.8 -2.42259)
(8.53316 1.8 -2.42294)
(8.53349 1.63114 -2.42266)
(8.31514 1.63116 -2.42261)
(8.53357 1.50016 -2.42252)
(8.31493 1.50007 -2.42249)
(8.75226 1.36891 -2.42258)
(8.53337 1.36893 -2.42246)
(8.31483 1.36888 -2.42226)
(8.53296 1.2 -2.42245)
(8.31501 1.2 -2.42186)
(8.09707 0.6 -2.4225)
(8.0972 0.795449 -2.42251)
(8.09644 1.00455 -2.42248)
(8.09614 1.2 -2.42253)
(8.09632 1.49999 -2.42252)
(8.09617 1.3689 -2.42248)
(8.09613 1.8 -2.42253)
(8.09629 1.6311 -2.42255)
(8.09381 0.407253 -2.42254)
(6.21722 1.11852 -2.41767)
(6.62239 1.13485 -2.41889)
(6.2168 0.753765 -2.41745)
(6.22037 0.935568 -2.41514)
(5.75863 0.749895 -2.42978)
(5.75906 0.935063 -2.42824)
(6.00258 0.935085 -2.42033)
(6.00132 0.754546 -2.42478)
(6.00192 1.11425 -2.4264)
(5.75803 1.12023 -2.4296)
(6.21319 0.371601 -2.42015)
(6.21645 0.559192 -2.41932)
(5.9999 0.557391 -2.42442)
(5.75719 0.556636 -2.43001)
(6.24282 -0.000177377 -2.41553)
(6.20902 0.176816 -2.42047)
(5.75416 0.368578 -2.43138)
(6.0011 0.372669 -2.42714)
(6.00366 0.174387 -2.42911)
(5.74182 0.176758 -2.43237)
(5.99981 0.00203107 -2.40422)
(5.72672 -4.24532e-05 -2.43037)
(6.2115 1.10948 -2.61739)
(6.18769 1.11074 -2.78055)
(6.59622 1.13119 -2.83669)
(5.95363 1.10387 -2.68495)
(5.85228 1.3133 -2.78258)
(6.14795 1.30927 -2.82271)
(5.97947 1.10388 -2.64928)
(6.17399 1.49843 -2.79546)
(6.59052 1.50397 -2.83711)
(5.71393 0.17283 -2.65482)
(5.43403 0.166914 -2.67398)
(5.4386 0.35982 -2.67875)
(5.72442 0.367477 -2.66042)
(5.4276 2.46041e-05 -2.66444)
(5.70026 -0.000920671 -2.64888)
(5.44161 0.743374 -2.68195)
(5.72952 0.749769 -2.66275)
(5.73391 0.553732 -2.66178)
(5.44109 0.552228 -2.68145)
(5.67501 1.12093 -2.9484)
(5.72892 1.11832 -2.66101)
(5.44014 1.12674 -2.68013)
(5.67756 1.31148 -2.95738)
(5.73048 0.933812 -2.66102)
(5.44125 0.934407 -2.68147)
(6.58438 1.88584 -2.83087)
(6.17516 1.89101 -2.78656)
(6.20477 1.89145 -2.6163)
(6.20955 1.8999 -2.41999)
(6.6057 1.88943 -2.41822)
(6.61908 1.50676 -2.41942)
(5.92006 1.49428 -2.72553)
(5.66983 1.50393 -2.94251)
(5.98297 1.87239 -2.64621)
(6.00246 1.89084 -2.42863)
(6.00338 2.10129 -2.42391)
(6.18976 2.12802 -2.41631)
(6.19139 1.70146 -2.77304)
(5.92154 1.87442 -2.72406)
(5.95977 1.70367 -2.68168)
(5.7172 1.89437 -2.43796)
(5.70074 1.88924 -2.65512)
(5.66361 1.69625 -2.93738)
(5.64993 1.88648 -2.92621)
(5.64804 2.09638 -2.6561)
(5.66621 2.11055 -2.44131)
(5.61488 2.07564 -2.86876)
(5.99996 2.3318 -2.4035)
(7.44999 2.59718 -2.42274)
(7.44128 2.81252 -2.42258)
(7.48491 3 -2.42254)
(7.45261 2.4 -2.42292)
(7.01088 2.61318 -2.42249)
(7.01992 2.40926 -2.42238)
(7.01881 2.22671 -2.42188)
(6.56817 2.29574 -2.4188)
(6.5542 2.48109 -2.42066)
(6.52012 2.68007 -2.42219)
(6.784 2.62988 -2.42243)
(6.63127 2.75418 -2.42246)
(6.7563 2.83754 -2.42252)
(7 3 -2.4225)
(7.00497 2.81263 -2.42252)
(6.86744 2.91163 -2.42252)
(6.29681 2.53119 -2.41956)
(6.39962 2.59975 -2.42139)
(7.23514 2.60038 -2.42256)
(7.22302 2.81234 -2.42254)
(7.219 3 -2.42251)
(7.3 2.4 -2.4225)
(7.23953 2.21288 -2.42245)
(7.01085 2.61278 -2.63133)
(7.01982 2.40839 -2.63118)
(7.23517 2.60032 -2.63134)
(7.3 2.40003 -2.63125)
(6.10527 2.40334 -2.41255)
(6.34408 2.33427 -2.41663)
(6.19094 2.46064 -2.41679)
(8.97153 1.49997 -1.79606)
(8.97151 1.63109 -1.79607)
(8.97143 1.63109 -2.0047)
(8.97157 1.50002 -2.00482)
(8.97164 1.63108 -2.21366)
(8.97158 1.5 -2.21362)
(9.18165 -4.37061e-17 -1.58751)
(9.1887 0.40117 -1.5874)
(9.18978 0.407236 -1.79609)
(9.18862 0.401166 -2.00482)
(9.18121 -6.92731e-17 -2.00505)
(9.18919 0.401172 -1.16999)
(9.18985 0.407236 -1.37867)
(9.18354 -1.81409e-17 -1.17)
(9.1904 0.6 -1.58742)
(9.19069 0.6 -1.79617)
(9.19054 0.795474 -2.00477)
(9.19059 0.6 -2.00482)
(9.19051 0.795472 -1.79605)
(9.19046 0.79547 -1.58737)
(9.19043 0.6 -1.37865)
(9.19059 0.795464 -1.16996)
(9.19052 0.795481 -1.37866)
(9.19056 0.6 -1.16996)
(9.19057 1.2 -1.58748)
(9.19049 1.00457 -1.58739)
(9.19071 1.00455 -1.37873)
(9.19103 1.2 -1.37891)
(9.1906 1.00456 -1.16991)
(9.19063 1.2 -1.16988)
(9.19069 1.36886 -1.37869)
(9.19049 1.36889 -1.58735)
(9.19057 1.3689 -1.16986)
(9.18984 1.2 -1.79587)
(9.19031 1.00456 -1.79596)
(9.19079 1.00455 -2.0049)
(9.19126 1.2 -2.00531)
(9.19032 1.36887 -1.79593)
(9.19083 1.36885 -2.00489)
(8.97153 1.3689 -1.58756)
(8.97158 1.3689 -1.37872)
(8.97149 1.36889 -1.17005)
(8.97151 1.36888 -1.79597)
(8.97167 1.36891 -2.00495)
(8.97152 1.5 -1.58743)
(8.97147 1.63108 -1.58747)
(8.97149 1.6311 -1.16994)
(8.97148 1.63109 -1.37867)
(8.97152 1.50001 -1.37868)
(8.97151 1.49997 -1.16995)
(8.9715 1.36891 -2.21365)
(9.1897 0.407239 -2.21357)
(9.19062 0.6 -2.21382)
(9.19053 0.79547 -2.21354)
(9.1907 1.00456 -2.21346)
(9.19086 1.2 -2.21336)
(9.19077 1.36887 -2.21347)
(8.73705 -1.8141e-17 -1.17)
(8.74953 0.401181 -1.17)
(8.97072 0.407266 -1.16998)
(8.75259 0.795467 -1.17001)
(8.75262 1.00456 -1.17007)
(8.97152 1.00455 -1.17007)
(8.97158 0.795465 -1.16999)
(8.97161 0.6 -1.16994)
(8.75251 0.6 -1.17)
(8.75277 1.2 -1.17018)
(8.97139 1.2 -1.17025)
(8.7526 1.3689 -1.17006)
(8.75258 1.50006 -1.16999)
(8.75272 1.63113 -1.16994)
(8.74581 7.42361e-18 -0.7525)
(8.75133 0.401169 -0.752527)
(8.75169 0.407237 -0.961261)
(8.75257 0.795463 -0.96127)
(8.75248 1.00456 -0.961308)
(8.75248 0.6 -0.96126)
(8.75281 3.29881e-17 -0.335)
(8.75264 0.401165 -0.334979)
(8.75229 0.407239 -0.543728)
(8.75256 0.795469 -0.334953)
(8.75251 0.795461 -0.543729)
(8.75239 0.6 -0.543711)
(8.75254 0.6 -0.334991)
(8.7525 1.00457 -0.334841)
(8.75243 1.00457 -0.543773)
(8.75236 1.2 -0.961301)
(8.75265 0.79546 -0.752534)
(8.75246 1.00455 -0.752547)
(8.75232 1.2 -0.752609)
(8.7528 0.6 -0.752575)
(8.7527 1.2 -0.334647)
(8.75232 1.2 -0.543873)
(8.75245 1.36893 -0.961301)
(8.75241 1.36892 -0.752538)
(8.75239 1.36891 -0.543764)
(8.75246 1.36888 -0.334833)
(8.75242 1.49995 -0.334929)
(8.75236 1.6311 -0.33508)
(8.75251 1.6311 -0.54363)
(8.75244 1.50001 -0.543699)
(8.75246 1.50015 -0.961264)
(8.75233 1.63116 -0.961281)
(8.7524 1.50005 -0.752509)
(8.75219 1.63112 -0.752587)
(8.75214 1.8 -0.335443)
(8.75273 1.8 -0.543401)
(8.75164 1.8 -0.752803)
(8.75242 1.99545 -0.335099)
(8.75256 1.99544 -0.543636)
(8.75223 1.99544 -0.752586)
(8.75249 2.20454 -2.21367)
(8.75228 2.4 -2.21367)
(8.75256 1.99544 -2.21355)
(8.75259 2.20452 -2.00493)
(8.75252 2.4 -2.00501)
(8.7526 2.20453 -1.79622)
(8.75251 2.4 -1.79617)
(8.75283 1.99545 -2.00465)
(8.75249 3 -2.00506)
(8.75247 2.59276 -2.21371)
(8.75255 2.59883 -2.005)
(8.75278 1.99544 -1.79639)
(8.75257 2.59277 -1.79622)
(8.75258 2.59884 -1.58748)
(8.75249 3 -1.58751)
(8.75261 2.20454 -1.58748)
(8.75256 2.4 -1.58747)
(8.75274 1.99545 -1.58754)
(8.97143 1.99545 -2.00472)
(8.97162 1.99546 -2.21366)
(8.97151 1.99545 -1.7961)
(8.97178 1.8 -2.21383)
(8.97107 1.8 -2.00451)
(8.97144 1.8 -1.79595)
(8.97129 1.8 -1.58763)
(8.97148 1.99545 -1.58749)
(8.75311 1.8 -1.58758)
(8.75273 1.63108 -1.58754)
(8.75226 1.63111 -1.37878)
(8.75333 1.8 -1.1698)
(8.75197 1.8 -0.961356)
(8.75236 1.99544 -0.961279)
(8.75274 1.99543 -1.16993)
(8.75257 2.20453 -1.16993)
(8.75255 2.20453 -1.37873)
(8.75228 1.99544 -1.37878)
(8.75155 1.8 -1.37888)
(8.75246 2.4 -1.16982)
(8.75252 2.4 -1.37873)
(8.75249 3 -1.17)
(8.75258 2.59277 -1.37873)
(8.75255 2.59882 -1.16994)
(8.75254 2.20452 -0.961238)
(8.75248 2.4 -0.961278)
(8.75256 2.20454 -0.335025)
(8.75262 2.20455 -0.543671)
(8.75257 2.59276 -0.961235)
(8.75259 2.59883 -0.75246)
(8.75249 3 -0.7525)
(8.75248 2.4 -0.335133)
(8.75266 2.4 -0.54358)
(8.75249 3 -0.335)
(8.75264 2.59276 -0.543676)
(8.75258 2.59882 -0.335018)
(8.75255 2.20454 -0.752467)
(8.75253 2.4 -0.752418)
(8.75246 1.49995 0.082536)
(8.53336 1.49998 0.0826103)
(8.53339 1.63108 0.0826398)
(8.75251 1.63108 0.0825172)
(8.75243 1.36888 0.0825183)
(8.53341 1.3689 0.0825996)
(8.31416 1.50002 0.0826453)
(8.3141 1.63109 0.0826151)
(8.31423 1.36892 0.0826337)
(7.87567 1.50008 0.0830515)
(7.87562 1.63113 0.0828257)
(8.09489 1.63115 0.0823356)
(8.09491 1.50013 0.0827193)
(8.09492 1.36894 0.0828007)
(7.8756 1.36893 0.0830968)
(7.87599 1.50005 0.291744)
(7.87591 1.36893 0.291857)
(8.75669 5.85524e-17 0.0825)
(8.75342 0.401164 0.0824567)
(8.75281 0.407235 -0.12627)
(8.32691 5.8552e-17 0.0825002)
(8.31762 0.401163 0.0825486)
(8.53436 0.407261 0.0824725)
(8.75259 0.6 -0.126302)
(8.75256 0.795466 -0.126249)
(7.88599 0.401147 0.0824831)
(8.09899 0.407254 0.0825282)
(7.90594 5.85537e-17 0.0825002)
(7.87987 0.795377 0.0826093)
(7.87672 1.00449 0.0829824)
(8.0955 1.00453 0.0827527)
(8.09698 0.795442 0.0825955)
(8.75228 1.00456 -0.126167)
(8.09706 0.6 0.0825753)
(7.88022 0.6 0.0824559)
(8.31507 0.6 0.0826573)
(8.31508 0.795457 0.082584)
(8.53357 0.6 0.0824264)
(8.75256 0.795465 0.0824615)
(8.75254 0.6 0.0824248)
(8.53367 0.795462 0.0824951)
(7.87564 1.2 0.0830389)
(8.09493 1.2 0.0827232)
(8.31435 1.2 0.0826081)
(8.31451 1.00455 0.0826084)
(8.75175 1.2 -0.126138)
(8.75247 1.00455 0.0825022)
(8.53352 1.00456 0.0825753)
(8.53349 1.2 0.0826085)
(8.75254 1.2 0.0824917)
(8.75223 1.36889 -0.126152)
(7.88337 0.407124 0.291195)
(7.87999 0.795379 0.291319)
(7.88034 0.6 0.291199)
(7.87698 1.0045 0.291766)
(7.87576 1.2 0.291858)
(8.7524 1.49996 -0.126175)
(8.75247 1.63109 -0.126207)
(8.31396 1.8 0.0826807)
(8.53348 1.8 0.0826925)
(8.75253 1.8 0.0824808)
(8.31436 1.99545 0.0825679)
(8.53349 1.99546 0.0826135)
(8.75256 1.99546 0.0825092)
(8.75262 2.20454 0.0825038)
(8.53367 2.20454 0.0825085)
(8.53357 2.4 0.0825024)
(8.75263 2.4 0.0824518)
(8.31504 2.20455 0.0824855)
(8.31498 2.4 0.0824598)
(8.31436 3 0.0825)
(8.75249 3 0.0825)
(8.75262 2.59884 0.0824996)
(8.53372 2.59274 0.0824815)
(8.3151 2.59883 0.0824651)
(7.87991 2.20464 0.0825509)
(8.09698 2.20455 0.0824916)
(8.09548 1.99547 0.0822587)
(7.87674 1.9955 0.0826928)
(7.8759 1.8 0.082426)
(8.09492 1.8 0.081559)
(7.88032 2.4 0.0824878)
(8.09707 2.4 0.0825343)
(7.88004 2.59885 0.082467)
(7.87625 3 0.0825)
(8.09733 2.59275 0.082489)
(7.88055 2.59289 0.291174)
(7.88033 2.4 0.29114)
(7.87993 2.20463 0.291275)
(7.87689 1.9955 0.29165)
(7.87577 1.8 0.291788)
(7.87584 1.63113 0.291755)
(8.75251 1.8 -0.126197)
(8.75253 1.99545 -0.126218)
(8.75263 2.20454 -0.126171)
(8.7527 2.4 -0.126)
(8.75266 2.59276 -0.126169)
(9.1906 1.50001 -0.334887)
(9.19051 1.63109 -0.334901)
(8.97154 1.63108 -0.335147)
(8.97152 1.49991 -0.335008)
(8.97149 1.36888 -0.335052)
(9.19063 1.36891 -0.334845)
(9.19067 1.2 -0.334793)
(9.40953 1.2 -0.334391)
(9.40968 1.36892 -0.334628)
(9.40968 1.50008 -0.334773)
(9.19036 1.8 -0.334717)
(8.97158 1.8 -0.33544)
(9.40937 1.63113 -0.334957)
(9.4084 1.8 -0.335208)
(9.62911 1.2 -0.334726)
(9.629 1.36889 -0.334601)
(9.19054 1.99543 -0.334933)
(8.97157 1.99544 -0.335157)
(9.40942 1.99543 -0.335015)
(9.19065 1.00455 -0.334874)
(9.40973 1.00455 -0.334685)
(9.62666 3.29881e-17 -0.335)
(9.62886 0.401157 -0.335105)
(9.4098 0.407262 -0.335035)
(9.19044 0.401169 -0.335023)
(9.18946 3.29881e-17 -0.335)
(9.6291 1.00455 -0.334712)
(9.62931 0.795466 -0.335015)
(9.40991 0.795465 -0.334963)
(9.40994 0.6 -0.334982)
(9.62927 0.6 -0.335119)
(9.19061 0.6 -0.335016)
(9.19067 0.79546 -0.334991)
(8.97156 0.407265 -0.335036)
(8.97158 0.6 -0.335088)
(8.97158 0.795468 -0.335029)
(8.97142 1.2 -0.335276)
(8.97151 1.00455 -0.335061)
(9.62848 1.2 -0.752381)
(9.62853 1.36892 -0.75213)
(9.6289 1.36892 -0.543419)
(9.62907 1.2 -0.543508)
(9.84737 1.36891 -0.751708)
(9.84805 1.36892 -0.543207)
(9.62895 1.50002 -0.334634)
(9.6289 1.63114 -0.334961)
(10.0663 1.49998 -0.751146)
(10.0675 1.50008 -0.542887)
(10.0676 1.36891 -0.543045)
(10.0663 1.36889 -0.75124)
(9.84804 1.50001 -0.543102)
(9.62884 1.50003 -0.543364)
(9.84823 1.50001 -0.33422)
(10.0678 1.50016 -0.333657)
(9.84814 1.6311 -0.334366)
(10.0679 1.63115 -0.333749)
(9.84719 1.2 -0.75185)
(10.0662 1.2 -0.751473)
(10.2847 1.2 -0.750502)
(10.2849 1.36883 -0.75059)
(10.5032 1.5 -0.749913)
(10.285 1.49993 -0.750616)
(10.5022 1.36869 -0.749167)
(10.4551 1.2 -0.744874)
(10.0633 7.42361e-18 -0.7525)
(10.5 7.4234e-18 -0.7525)
(10.5087 0.39706 -0.75727)
(10.2897 0.406163 -0.756424)
(10.0683 0.400953 -0.754382)
(9.62573 7.42361e-18 -0.7525)
(9.62863 0.401157 -0.752887)
(9.62923 0.407226 -0.544169)
(9.62919 0.795456 -0.752797)
(9.62936 0.79545 -0.544031)
(9.62939 0.6 -0.544136)
(9.62925 0.6 -0.752961)
(9.84903 0.6 -0.753431)
(9.8488 0.795442 -0.753178)
(9.84877 0.407214 -0.753466)
(9.84773 1.00454 -0.752122)
(9.62871 1.00454 -0.752343)
(9.62905 1.00455 -0.543601)
(10.5096 0.793448 -0.756861)
(10.5037 1.00413 -0.750788)
(10.286 1.00441 -0.751795)
(10.2894 0.795055 -0.755576)
(10.0689 0.795381 -0.754109)
(10.0669 1.00451 -0.751989)
(10.4408 0.6 -0.759238)
(10.2904 0.6 -0.756744)
(10.0694 0.6 -0.754793)
(9.19073 2.20454 -0.335028)
(8.9716 2.20455 -0.335011)
(8.97157 2.4 -0.334968)
(8.97161 2.59273 -0.334991)
(9.19074 2.59882 -0.335033)
(9.19062 3 -0.335)
(9.19077 2.4 -0.335171)
(10.5068 1.5 -0.333199)
(10.2874 1.49998 -0.333147)
(10.2872 1.49991 -0.543284)
(10.5073 1.49999 -0.544457)
(9.62895 1.8 -0.335638)
(10.5132 2.20655 -0.339864)
(10.2903 2.20495 -0.336276)
(10.2881 1.9956 -0.333896)
(10.5081 1.99587 -0.334654)
(10.4495 2.4 -0.350488)
(10.2906 2.4 -0.337528)
(10.5069 1.6313 -0.333626)
(10.2874 1.63114 -0.333254)
(9.62922 2.20453 -0.334999)
(9.62898 1.99544 -0.335071)
(9.84832 1.99544 -0.334566)
(9.84886 2.20455 -0.335008)
(10.505 3 -0.335)
(10.0669 3 -0.335)
(10.0689 2.59905 -0.335403)
(10.2904 2.59383 -0.336663)
(10.5123 2.60294 -0.33968)
(9.62875 3 -0.335)
(9.6292 2.59884 -0.335031)
(9.84891 2.59279 -0.335147)
(9.84777 1.8 -0.334538)
(9.62921 2.4 -0.335032)
(9.84886 2.4 -0.335232)
(9.40986 2.20453 -0.334984)
(9.40991 2.59274 -0.334997)
(9.40988 2.4 -0.334981)
(10.4639 1.8 -0.336124)
(10.2872 1.8 -0.333506)
(10.0691 2.20461 -0.335184)
(10.0682 1.99549 -0.334108)
(10.0679 1.8 -0.333944)
(10.0692 2.4 -0.335606)
(9.62897 1.63109 -2.2128)
(9.84822 1.63111 -2.21154)
(9.40981 1.63107 -2.21335)
(10.0676 1.6311 -2.2095)
(10.0677 1.63108 -2.00106)
(9.84782 1.63109 -2.00283)
(9.62875 1.6311 -2.00398)
(10.065 1.63111 -1.79141)
(10.0651 1.50003 -1.79121)
(9.40952 1.63107 -2.00458)
(9.62861 1.63115 -1.79496)
(9.84679 1.63112 -1.79369)
(9.1906 1.63108 -2.2135)
(9.1905 1.63106 -2.00476)
(9.40942 1.63109 -1.79573)
(9.19051 1.63107 -1.796)
(9.19062 1.8 -0.752546)
(9.40971 1.8 -0.752282)
(9.40966 1.6311 -0.752264)
(9.19062 1.6311 -0.752458)
(9.19073 1.99544 -0.543715)
(8.97167 1.99545 -0.543799)
(9.41022 1.8 -0.543644)
(9.40984 1.63112 -0.543598)
(9.62885 1.63111 -0.543429)
(9.62864 1.6311 -0.752107)
(10.0665 1.6311 -0.751348)
(10.0677 1.63112 -0.542992)
(9.84817 1.63109 -0.543227)
(9.84757 1.63109 -0.751757)
(9.40974 1.99544 -0.752369)
(9.4099 1.99544 -0.543683)
(9.19065 1.99545 -0.752503)
(10.4958 1.5 -1.57528)
(10.501 1.5 -1.78586)
(10.2831 1.50011 -1.78833)
(10.2798 1.50004 -1.57873)
(9.19059 1.63108 -1.58727)
(9.40944 1.63108 -1.58697)
(9.62829 1.63112 -1.58637)
(9.84606 1.63109 -1.58487)
(10.0632 1.63112 -1.58216)
(9.19062 1.63109 -0.961168)
(9.4095 1.63111 -0.960876)
(9.40908 1.63114 -1.16942)
(9.19051 1.63109 -1.16984)
(10.4979 1.5 -1.16202)
(10.4972 1.5 -1.3697)
(10.2801 1.5 -1.37165)
(10.281 1.49989 -1.16421)
(10.064 1.49994 -1.1664)
(10.0634 1.5 -1.37419)
(10.0635 1.63109 -1.37441)
(10.064 1.63108 -1.16659)
(10.0635 1.50003 -1.58218)
(9.19045 1.63109 -1.37859)
(9.4094 1.63109 -1.37812)
(9.62802 1.63108 -1.3776)
(9.84609 1.63108 -1.37637)
(9.62793 1.63109 -1.1692)
(9.84636 1.63108 -1.16809)
(10.2835 1.50001 -0.958123)
(10.5021 1.50001 -0.957748)
(10.0653 1.50006 -0.959059)
(10.0654 1.63112 -0.959445)
(9.62828 1.63109 -0.960786)
(9.84695 1.63111 -0.960228)
(8.97153 1.63112 -0.961294)
(8.9715 1.6311 -0.752564)
(8.9715 1.8 -0.752647)
(8.97153 1.99544 -0.752582)
(9.19059 1.50002 -0.752397)
(9.19063 1.36892 -0.752421)
(9.19058 1.36892 -0.54372)
(9.19062 1.50003 -0.543666)
(8.97165 1.63108 -0.543789)
(8.97152 1.49997 -0.543742)
(9.19069 1.6311 -0.543684)
(8.97138 1.3689 -0.543776)
(8.97183 1.8 -0.543861)
(9.19078 1.8 -0.543687)
(9.19049 1.49999 -1.1698)
(9.19055 1.36889 -0.96109)
(9.19054 1.49996 -0.961095)
(8.97147 1.36892 -0.961211)
(8.97157 1.36891 -0.752433)
(9.19074 1.2 -0.752495)
(9.19054 1.2 -0.543851)
(9.1906 1.2 -0.961052)
(9.19059 1.00455 -0.961139)
(9.19067 1.00455 -0.752465)
(9.19061 1.00455 -0.543756)
(9.18671 7.42361e-18 -0.7525)
(9.18991 0.401156 -0.752565)
(9.19025 0.407235 -0.961281)
(9.19068 0.795459 -0.752545)
(9.19065 0.6 -0.75259)
(9.19071 0.6 -0.543786)
(9.1907 0.795461 -0.543783)
(9.19073 0.6 -0.961238)
(9.19067 0.795465 -0.961245)
(9.19052 0.407236 -0.543806)
(9.84834 1.50006 -2.21139)
(9.62903 1.5 -2.2126)
(9.84787 1.49996 -2.00247)
(9.40983 1.49992 -2.21321)
(9.62874 1.50005 -2.00369)
(9.40965 1.49989 -2.00437)
(9.19062 1.49985 -2.00472)
(9.19068 1.49991 -2.21348)
(9.62771 0.795459 -2.00356)
(9.62768 0.6 -2.00389)
(9.40931 0.6 -2.00447)
(9.40927 0.795471 -2.00434)
(9.62385 -6.92727e-17 -2.00505)
(9.40863 0.407266 -2.00439)
(9.62669 0.401151 -2.0038)
(9.84561 0.795449 -2.00196)
(9.84544 0.6 -2.00228)
(9.84489 0.407211 -2.0021)
(9.40962 1.00456 -2.00434)
(9.62849 1.00455 -2.00375)
(9.84737 1.00454 -2.00248)
(9.62877 1.2 -2.00416)
(9.40982 1.2 -2.00429)
(9.84819 1.2 -2.00308)
(9.40974 1.36887 -2.00436)
(9.62879 1.36891 -2.00381)
(9.84798 1.36889 -2.00264)
(9.40944 1.50001 -1.79557)
(9.19048 1.49991 -1.79592)
(9.84686 1.50011 -1.79343)
(9.62835 1.50013 -1.79479)
(9.40961 1.50001 -0.752234)
(9.40962 1.36892 -0.752286)
(9.4097 1.2 -0.752334)
(9.40974 1.2 -0.543699)
(9.62856 1.50002 -0.752014)
(9.84746 1.49999 -0.751622)
(9.40971 1.36893 -0.543577)
(9.40972 1.50007 -0.543541)
(9.40942 1.2 -0.961043)
(9.40946 1.36891 -0.960947)
(9.40944 1.36893 -1.16964)
(9.40956 1.2 -1.16979)
(9.40944 1.50004 -0.96087)
(9.40929 1.50011 -1.16949)
(10.4464 1.2 -1.15362)
(10.2793 1.2 -1.1632)
(10.2811 1.0044 -1.16483)
(10.4965 1.00413 -1.16133)
(9.62826 1.2 -1.16927)
(9.62808 1.36892 -1.16909)
(9.84645 1.2 -1.1683)
(9.8463 1.36891 -1.16805)
(10.5029 0.793448 -1.16776)
(10.2848 0.795057 -1.16873)
(10.0638 1.2 -1.16636)
(10.0644 1.00451 -1.16703)
(10.2877 0.795233 -0.962831)
(10.5085 0.794855 -0.964654)
(10.2848 1.00444 -0.959531)
(10.5044 1.00423 -0.960472)
(9.84717 1.2 -0.960225)
(9.62846 1.2 -0.960758)
(10.0661 1.00452 -0.959892)
(10.066 1.2 -0.959482)
(10.2802 1.36882 -1.16374)
(10.4954 1.36869 -1.15997)
(9.62795 1.50001 -1.16898)
(9.84624 1.49999 -1.16795)
(10.0638 1.36888 -1.16633)
(9.40949 1.3689 -1.37843)
(9.40925 1.36888 -1.58704)
(9.4094 1.3689 -1.79564)
(9.84607 1.3689 -1.5848)
(9.62791 1.36892 -1.58647)
(9.62791 1.36889 -1.37774)
(9.846 1.36889 -1.37624)
(10.4376 1.2 -1.56237)
(10.4189 1.2 -1.78111)
(10.2821 1.2 -1.7871)
(10.2779 1.2 -1.57687)
(10.4276 1.2 -1.37236)
(10.28 1.2 -1.37193)
(9.6284 1.36893 -1.79485)
(9.84692 1.36893 -1.79367)
(10.0633 1.2 -1.58249)
(9.84613 1.2 -1.58514)
(9.8462 1.2 -1.37632)
(10.0633 1.2 -1.37455)
(10.0648 1.2 -1.79148)
(9.84704 1.2 -1.79425)
(9.40953 1.00455 -1.16976)
(9.40971 1.00455 -0.752392)
(9.40978 1.00454 -0.543664)
(9.40955 1.00455 -0.961064)
(9.40992 0.795456 -0.543857)
(9.40988 0.6 -0.54394)
(10.5 -1.81409e-17 -1.17)
(10.5035 0.397054 -1.16971)
(10.2856 0.40617 -1.17)
(10.0661 0.400963 -1.16994)
(10.063 -1.81409e-17 -1.17)
(9.62861 0.795459 -1.16981)
(9.40963 0.795461 -1.16997)
(9.40965 0.6 -1.17015)
(9.62874 0.6 -1.17004)
(9.62468 -1.81409e-17 -1.17)
(9.62794 0.401146 -1.17001)
(9.40924 0.407257 -1.17005)
(9.8475 0.407208 -1.16993)
(9.84775 0.6 -1.16988)
(9.8475 0.795447 -1.16953)
(10.2857 0.6 -1.16983)
(10.432 0.6 -1.16799)
(9.84662 1.00453 -1.16846)
(9.62825 1.00454 -1.16932)
(10.0668 0.6 -1.16978)
(10.0663 0.795383 -1.16918)
(10.5 -4.37056e-17 -1.5875)
(10.4983 0.397054 -1.5818)
(10.4968 0.793454 -1.57855)
(10.064 0.400955 -1.58509)
(9.62814 0.795457 -1.58655)
(9.62403 -4.37061e-17 -1.58751)
(9.62736 0.401157 -1.58679)
(10.0641 0.795379 -1.58399)
(9.62788 1.2 -1.58719)
(10.0628 -4.37058e-17 -1.58751)
(9.84733 0.6 -1.37812)
(9.84623 1.00453 -1.37661)
(9.40975 0.6 -1.37865)
(9.40936 0.6 -1.79588)
(9.84607 0.6 -1.79412)
(10.2843 0.6 -1.37711)
(10.2801 0.6 -1.78908)
(9.40955 1.00455 -1.37853)
(9.40935 1.00456 -1.79567)
(9.84666 1.00454 -1.79373)
(10.2805 1.00442 -1.37246)
(10.2818 1.00442 -1.78765)
(10.4909 1.00412 -1.57222)
(10.5027 0.405278 -1.37691)
(10.4963 0.405277 -1.78773)
(10.4233 0.6 -1.57674)
(10.2814 0.406168 -1.58276)
(10.4966 0.794863 -1.78626)
(10.5016 0.794854 -1.37507)
(10.2808 0.79505 -1.58136)
(9.62836 0.795468 -1.37827)
(9.62795 0.795459 -1.79499)
(9.40887 0.407255 -1.58721)
(10.063 0.407042 -1.79213)
(9.84619 0.407211 -1.58606)
(10.0645 0.6 -1.58471)
(10.0655 0.407043 -1.37752)
(9.40911 1.2 -1.58721)
(10.0634 1.0045 -1.58259)
(9.62799 1.2 -1.37814)
(9.62846 0.6 -1.58658)
(9.40936 0.795473 -1.58714)
(9.84635 0.795449 -1.58567)
(9.62793 1.00456 -1.58658)
(9.62813 0.407221 -1.37845)
(10.0652 0.795396 -1.37674)
(9.62867 1.2 -1.79478)
(9.62751 0.407221 -1.79512)
(10.0634 0.795401 -1.79162)
(9.84694 0.795452 -1.37764)
(9.62854 0.6 -1.37861)
(9.84652 0.6 -1.58621)
(9.84701 0.40866 -1.37804)
(10.0659 0.6 -1.37756)
(9.62803 1.00454 -1.37794)
(9.84611 1.00454 -1.58505)
(10.0637 1.00451 -1.37485)
(9.40939 0.6 -1.58732)
(9.40929 0.408704 -1.37862)
(9.40957 0.795468 -1.37856)
(9.40894 0.408707 -1.79577)
(9.62814 0.6 -1.79518)
(9.40931 0.795468 -1.79572)
(10.284 0.407965 -1.37691)
(9.84564 0.408661 -1.79395)
(10.0633 0.6 -1.7921)
(9.846 0.795449 -1.79376)
(10.2797 0.407961 -1.78938)
(10.2812 0.6 -1.58188)
(10.2832 0.795225 -1.37567)
(10.4221 0.6 -1.37795)
(10.2802 0.795228 -1.78865)
(10.4133 0.6 -1.7867)
(9.40984 1.2 -1.37879)
(9.40926 1.00455 -1.58711)
(9.40935 1.2 -1.79582)
(9.62827 1.00454 -1.79489)
(10.0645 1.00451 -1.79127)
(10.2788 1.0044 -1.57833)
(10.4975 1.00422 -1.37086)
(10.4972 1.00421 -1.78425)
(9.40982 0.6 -0.961384)
(10.2886 0.6 -0.963999)
(9.84846 0.6 -0.961823)
(9.84732 1.00454 -0.960417)
(9.62894 0.795459 -0.961339)
(9.40988 0.795459 -0.752607)
(9.40965 0.407263 -0.752675)
(10.068 0.407039 -0.962586)
(10.5092 0.405279 -0.965917)
(10.0678 0.795404 -0.961953)
(9.62878 0.407223 -0.961516)
(10.2883 0.407961 -0.96387)
(10.4308 0.6 -0.969199)
(9.40983 0.408709 -0.543928)
(9.40993 0.6 -0.75265)
(9.40961 0.408707 -0.961382)
(9.62906 0.6 -0.961487)
(9.40977 0.795464 -0.961297)
(10.0684 0.6 -0.96272)
(9.84833 0.408661 -0.961855)
(9.84822 0.795455 -0.961488)
(9.62851 1.00454 -0.960835)
(9.19049 1.49997 -1.58724)
(9.1905 1.49993 -1.37854)
(9.62798 1.50008 -1.58613)
(10.2798 1.36884 -1.37155)
(10.2827 1.36886 -1.78763)
(10.4909 1.36868 -1.57152)
(9.40933 1.49993 -1.58687)
(9.62787 1.49993 -1.37749)
(9.84607 1.49997 -1.58462)
(10.0633 1.3689 -1.58218)
(9.40933 1.50001 -1.37817)
(9.84595 1.49992 -1.37616)
(10.0633 1.3689 -1.37424)
(10.2787 1.36887 -1.57776)
(10.4967 1.36857 -1.36971)
(10.065 1.36891 -1.79121)
(10.4985 1.36855 -1.7843)
(9.62824 1.50001 -0.96055)
(9.84687 1.5 -0.959922)
(10.2838 1.36883 -0.958381)
(9.84697 1.3689 -0.959997)
(10.4364 1.2 -0.963613)
(10.2845 1.2 -0.958915)
(10.0655 1.3689 -0.959156)
(10.503 1.36857 -0.958934)
(9.62832 1.36892 -0.960614)
(9.40965 1.00455 -2.2132)
(9.40978 1.2 -2.2135)
(9.40984 1.36889 -2.21327)
(9.62909 1.36891 -2.21267)
(9.84834 1.2 -2.21154)
(9.84834 1.36891 -2.21143)
(9.62919 1.2 -2.21285)
(9.40916 0.6 -2.21302)
(9.84469 0.6 -2.21043)
(9.84743 1.00455 -2.21107)
(9.62745 0.795451 -2.21202)
(9.62675 0.407233 -2.21201)
(9.40867 0.40871 -2.21296)
(9.62736 0.6 -2.21212)
(9.40918 0.795459 -2.21298)
(9.84411 0.408665 -2.21007)
(9.84501 0.795445 -2.21018)
(9.62864 1.00455 -2.2125)
(8.97112 1.2 -0.543847)
(8.97154 0.6 -0.961341)
(8.97153 0.6 -0.543733)
(8.97149 1.00456 -0.96123)
(8.9714 1.00455 -0.543787)
(8.97158 0.795461 -0.752504)
(8.97116 0.407264 -0.752514)
(8.97175 1.2 -0.752324)
(8.97117 0.408712 -0.961289)
(8.97151 0.6 -0.752479)
(8.97157 0.795461 -0.961278)
(8.97144 0.408711 -0.543757)
(8.97155 0.795462 -0.543755)
(8.97137 1.2 -0.961193)
(8.97159 1.00455 -0.752447)
(8.97152 1.5 -0.75248)
(8.9715 1.50006 -0.96122)
(9.19062 3 -1.58751)
(9.19055 2.59884 -1.58742)
(9.19058 2.59277 -1.37871)
(9.19063 2.59884 -1.17001)
(9.19062 3 -1.17)
(9.19057 2.4 -1.58744)
(9.19056 2.4 -1.37871)
(9.19059 2.20453 -1.16997)
(9.1906 2.4 -1.17002)
(9.19055 2.20453 -1.37867)
(9.19053 2.20454 -1.58737)
(8.97157 2.59274 -1.58748)
(8.97158 2.4 -1.58748)
(8.97156 2.20454 -1.58746)
(9.19083 1.8 -1.58731)
(9.1906 1.99545 -1.58731)
(9.19035 1.8 -1.37879)
(9.19047 1.99545 -1.37863)
(9.19053 1.99544 -1.16989)
(9.19067 1.8 -1.16995)
(9.19067 2.59277 -0.961298)
(9.19071 2.59884 -0.752553)
(9.19062 3 -0.7525)
(9.19073 2.59277 -0.543729)
(9.19073 2.4 -0.752571)
(9.19071 2.4 -0.543607)
(9.19073 2.20454 -0.54372)
(9.19071 2.20454 -0.752542)
(9.19066 2.4 -0.96129)
(9.19065 2.20453 -0.961269)
(9.19066 1.99545 -0.961218)
(9.1908 1.8 -0.961281)
(8.97136 1.8 -1.16993)
(8.97156 1.8 -1.37864)
(10.4908 1.63132 -1.57159)
(10.2784 1.63115 -1.57794)
(10.2823 1.63119 -1.78831)
(10.4376 1.8 -1.56237)
(10.2772 1.8 -1.57709)
(10.4276 1.8 -1.37236)
(10.28 1.8 -1.37207)
(10.4464 1.8 -1.15362)
(10.2805 1.8 -1.16297)
(9.62791 1.8 -1.16968)
(9.40857 1.8 -1.16923)
(9.40968 1.8 -1.37807)
(9.62822 1.8 -1.37777)
(9.62884 1.8 -1.58691)
(9.40951 1.8 -1.58718)
(10.0631 1.8 -1.58216)
(10.0639 1.8 -1.37485)
(10.0642 1.8 -1.16694)
(9.84631 1.8 -1.37667)
(9.84659 1.8 -1.16811)
(9.84598 1.8 -1.58534)
(9.40967 1.8 -0.96082)
(10.4551 1.8 -0.744874)
(10.4364 1.8 -0.963613)
(10.5022 1.63131 -0.749193)
(10.2845 1.8 -0.959194)
(10.2849 1.63113 -0.750655)
(10.2845 1.8 -0.75047)
(9.62874 1.8 -0.752222)
(9.84762 1.8 -0.751855)
(9.62833 1.8 -0.96118)
(9.84703 1.8 -0.960698)
(10.0668 1.8 -0.751651)
(10.0656 1.8 -0.960057)
(10.505 3 -1.17)
(10.0669 3 -1.17)
(10.0669 2.59904 -1.17016)
(10.286 2.59384 -1.17022)
(10.5048 2.60295 -1.16977)
(9.62859 2.20454 -1.16986)
(9.40963 2.20453 -1.16994)
(9.40916 1.99545 -1.16954)
(9.62809 1.99545 -1.16944)
(10.2858 2.4 -1.17007)
(10.432 2.4 -1.16799)
(9.62875 3 -1.17)
(9.62875 2.59884 -1.17005)
(9.84772 2.59279 -1.17007)
(9.84743 2.20456 -1.16967)
(9.8476 2.4 -1.17006)
(9.62883 2.4 -1.17007)
(10.503 2.20655 -1.16782)
(10.2849 2.20495 -1.16893)
(10.2816 1.9956 -1.16487)
(10.4966 1.99587 -1.16137)
(9.84667 1.99546 -1.16853)
(10.0663 2.20462 -1.16946)
(10.0668 2.4 -1.17024)
(10.0646 1.9955 -1.16734)
(9.40973 2.59274 -1.17006)
(9.40981 2.4 -1.17011)
(9.40994 1.8 -2.2135)
(9.40962 1.99546 -2.21331)
(9.19053 1.99546 -2.2135)
(9.19058 1.8 -2.21343)
(9.40954 2.20453 -1.37854)
(9.40945 1.99544 -1.37822)
(9.19062 3 -2.00506)
(9.19046 2.59883 -2.00488)
(9.19045 2.59277 -1.79613)
(9.19037 2.4 -1.79617)
(9.19045 2.20454 -1.7961)
(9.1905 1.99545 -1.79604)
(9.19053 1.8 -1.7961)
(9.40946 1.99545 -1.58705)
(9.40944 2.20454 -1.58715)
(8.97157 2.20454 -1.7962)
(8.97163 2.4 -1.79628)
(8.97157 2.59274 -2.00498)
(8.97157 2.59129 -1.79623)
(9.19043 2.59276 -2.21359)
(9.19056 2.4 -2.21374)
(9.19044 2.20454 -2.00482)
(9.19047 2.4 -2.00491)
(9.19046 2.20454 -2.21356)
(9.19045 1.99545 -2.00479)
(9.19044 1.8 -2.0049)
(9.62875 3 -2.00506)
(9.40921 2.59274 -2.00456)
(9.62765 2.59885 -2.00396)
(9.62766 2.20454 -2.00375)
(9.40925 2.20454 -2.00452)
(9.4094 1.99546 -2.0046)
(9.62845 1.99545 -2.00396)
(9.40934 2.4 -2.00471)
(9.6276 2.4 -2.00417)
(10.0627 2.20462 -1.99952)
(10.0618 2.4 -1.99952)
(9.84533 2.4 -2.00227)
(9.84554 2.20455 -2.0021)
(10.505 3 -2.00506)
(10.0669 3 -2.00506)
(10.0625 2.59905 -2.00037)
(10.2775 2.59384 -1.99606)
(10.4943 2.60295 -1.99408)
(9.8452 2.59279 -2.00221)
(10.4954 2.20652 -1.99185)
(10.4145 2.4 -1.98549)
(10.2767 2.4 -1.99501)
(10.2791 2.20495 -1.9958)
(10.2877 1.99561 -1.99878)
(10.5155 1.99585 -1.99794)
(9.84719 1.99546 -2.00272)
(10.0665 1.9955 -2.00077)
(10.5 1.8 -2.005)
(9.62853 1.99545 -2.21268)
(9.62887 1.8 -2.21308)
(9.84735 1.99546 -2.21124)
(10.066 1.99549 -2.20891)
(9.84814 1.8 -2.21173)
(10.0672 1.8 -2.20949)
(10.2835 1.99558 -2.20515)
(10.2837 1.8 -2.20556)
(10.2921 1.8 -2.00107)
(10.2899 1.63114 -1.99943)
(10.2861 1.63116 -2.2062)
(10.4189 1.8 -1.78111)
(10.2811 1.8 -1.78855)
(10.5189 1.63128 -1.99906)
(10.4101 1.8 -2.18986)
(9.40921 2.4 -2.21326)
(9.84485 2.4 -2.21048)
(10.276 2.4 -2.20248)
(9.62726 2.59277 -2.21221)
(9.62751 2.20454 -2.21222)
(10.492 2.20513 -2.19818)
(10.0619 2.2046 -2.20734)
(10.0609 2.59295 -2.20736)
(10.4904 2.59472 -2.19889)
(9.40918 2.20454 -2.21313)
(9.40906 2.59129 -2.21311)
(9.62749 2.4 -2.21238)
(9.84517 2.20455 -2.21036)
(10.4978 1.99578 -2.1991)
(10.2774 2.20478 -2.20292)
(10.4046 2.4 -2.19545)
(9.84456 2.59134 -2.21026)
(10.061 2.4 -2.20727)
(10.2757 2.59204 -2.20281)
(10.5015 1.63146 -2.20065)
(10.4984 1.63144 -1.78448)
(9.62833 2.20454 -1.37826)
(9.6282 2.59885 -1.58689)
(9.40946 2.59274 -1.58723)
(9.40951 2.4 -1.58726)
(9.62824 2.4 -1.58684)
(9.62875 3 -1.58751)
(9.62844 2.59278 -1.37846)
(9.62849 2.4 -1.37853)
(9.62809 2.20453 -1.58664)
(9.40931 1.8 -2.00487)
(9.40926 1.8 -1.79596)
(9.6292 1.8 -1.79504)
(9.84664 1.8 -1.79406)
(9.62879 1.8 -2.00439)
(10.0681 1.8 -2.00168)
(9.84771 1.8 -2.00342)
(10.0649 1.8 -1.79164)
(10.4994 2.60295 -1.5819)
(10.505 3 -1.58751)
(10.4968 2.20655 -1.57867)
(10.0639 2.20462 -1.58421)
(10.0646 2.59903 -1.58528)
(10.0669 3 -1.58751)
(9.40938 1.99545 -1.79579)
(9.40965 2.4 -1.79612)
(9.84597 2.4 -1.79435)
(10.2841 2.4 -1.37724)
(9.8472 2.4 -1.37811)
(10.2796 2.4 -1.78943)
(9.84651 1.99546 -1.79379)
(10.2805 1.99558 -1.3726)
(9.8463 1.99547 -1.37676)
(10.2814 1.99557 -1.78842)
(10.4966 2.20514 -1.7864)
(10.0632 2.2046 -1.79191)
(10.0631 2.59296 -1.79239)
(10.4967 2.59472 -1.78783)
(9.62781 2.59278 -1.79518)
(9.62789 2.20453 -1.79506)
(10.5032 2.59472 -1.37698)
(10.4233 2.4 -1.57674)
(10.2815 2.59384 -1.58317)
(10.5016 2.20514 -1.37514)
(10.4909 1.99587 -1.57233)
(10.2806 2.20495 -1.58177)
(9.6283 1.99545 -1.58651)
(9.84624 2.20455 -1.58573)
(10.0651 2.20462 -1.37686)
(10.0642 2.4 -1.58498)
(10.0633 1.9955 -1.58262)
(9.84641 2.59278 -1.5861)
(10.0657 2.59295 -1.37761)
(10.2841 2.59204 -1.37708)
(9.4094 2.20454 -1.79585)
(9.62847 1.99544 -1.79503)
(9.62813 1.99545 -1.3778)
(9.40938 2.59129 -1.7959)
(9.62791 2.4 -1.79511)
(9.84639 2.4 -1.58612)
(9.84576 2.59133 -1.79411)
(10.0631 2.4 -1.79245)
(9.84589 2.20454 -1.79392)
(10.2796 2.59204 -1.78966)
(10.0656 2.4 -1.37754)
(10.2809 2.4 -1.58269)
(10.2831 2.20477 -1.37584)
(10.4221 2.4 -1.37795)
(9.84711 2.59133 -1.37808)
(9.84686 2.20456 -1.37769)
(10.2799 2.20477 -1.78901)
(10.4133 2.4 -1.7867)
(9.84607 1.99546 -1.58514)
(10.0644 1.99549 -1.79153)
(10.0639 1.9955 -1.37505)
(10.2785 1.99559 -1.5786)
(10.4975 1.99578 -1.37092)
(10.4971 1.99578 -1.78448)
(9.40968 2.4 -1.37872)
(9.4096 2.59129 -1.37865)
(8.97162 2.4 -2.21371)
(8.97156 2.20454 -2.00493)
(8.97165 2.4 -2.00504)
(8.97155 2.20454 -2.21367)
(8.97153 2.59128 -2.21369)
(9.4099 2.20453 -0.543818)
(9.40971 2.20453 -0.961291)
(9.40957 1.99544 -0.960993)
(9.40984 2.20454 -0.752593)
(10.5095 1.63142 -0.547143)
(10.288 1.63114 -0.54415)
(9.62879 1.8 -0.543375)
(9.62875 3 -0.7525)
(9.62915 2.59884 -0.752887)
(9.62912 2.20454 -0.7528)
(10.0689 2.59905 -0.754453)
(10.5097 2.20655 -0.756901)
(10.505 3 -0.7525)
(10.0688 2.20462 -0.754209)
(10.5099 2.60294 -0.757299)
(10.0669 3 -0.7525)
(10.2885 2.4 -0.96466)
(10.2849 1.99557 -0.959732)
(10.289 1.99558 -0.545293)
(9.84845 1.99545 -0.543586)
(9.84729 1.99546 -0.960683)
(10.2929 2.4 -0.550335)
(9.84921 2.4 -0.544782)
(9.84853 2.4 -0.961956)
(9.40982 2.4 -0.543831)
(9.40972 2.4 -0.961356)
(9.6294 2.59277 -0.544173)
(9.62913 2.4 -0.752876)
(9.62892 2.59277 -0.961603)
(9.84892 2.59278 -0.753583)
(9.40987 2.59274 -0.752658)
(9.62932 2.20454 -0.54405)
(9.6288 1.99545 -0.752328)
(9.6288 2.20455 -0.96144)
(9.84874 2.20455 -0.753302)
(10.5086 2.20514 -0.964741)
(10.5149 2.20514 -0.552748)
(10.0672 1.99549 -0.752118)
(10.0679 1.8 -0.542815)
(10.0692 2.4 -0.754893)
(10.0698 2.59296 -0.546083)
(10.29 2.59384 -0.756592)
(10.0682 2.59296 -0.96279)
(10.2894 2.20495 -0.755749)
(10.5037 1.99587 -0.750825)
(10.4408 2.4 -0.759238)
(10.5097 2.59472 -0.966009)
(10.0677 2.2046 -0.962184)
(10.4451 1.8 -0.554863)
(10.5155 2.59472 -0.553525)
(10.0696 2.20459 -0.54561)
(10.2877 2.20477 -0.963162)
(10.2903 2.4 -0.757125)
(10.2885 2.59204 -0.964216)
(10.0682 2.4 -0.962941)
(10.4308 2.4 -0.969199)
(10.286 1.9956 -0.751887)
(10.066 1.99549 -0.960232)
(10.5045 1.99578 -0.960531)
(10.2892 1.8 -0.545394)
(10.0682 1.99549 -0.543656)
(10.2915 2.20477 -0.54832)
(10.5111 1.99577 -0.548802)
(9.84791 1.99545 -0.752193)
(9.84839 1.8 -0.543428)
(9.84908 2.20455 -0.544489)
(9.62898 1.99543 -0.543615)
(9.84819 2.20455 -0.961646)
(9.62844 1.99545 -0.961025)
(10.2921 2.59204 -0.549078)
(10.07 2.4 -0.546365)
(10.4396 2.4 -0.560449)
(9.84891 2.4 -0.753694)
(9.84925 2.59134 -0.544757)
(9.62943 2.4 -0.544239)
(9.84847 2.59134 -0.96199)
(9.62873 2.4 -0.961647)
(9.40984 2.4 -0.752631)
(9.40992 2.59129 -0.543868)
(9.40977 2.59129 -0.961386)
(10.4954 1.63131 -1.15998)
(10.2807 1.63112 -1.16374)
(10.2799 1.63115 -1.37164)
(10.4967 1.63143 -1.36974)
(10.2838 1.63117 -0.958517)
(10.5031 1.63143 -0.958965)
(8.97162 1.8 -0.961419)
(8.97151 1.99544 -1.16995)
(8.97156 2.20453 -1.16996)
(8.97156 2.4 -1.16995)
(8.97158 2.59274 -1.16998)
(8.97156 2.20454 -1.37874)
(8.97149 1.99544 -1.37869)
(8.97158 2.4 -1.37882)
(8.97158 2.59129 -1.37876)
(8.97159 2.4 -0.961252)
(8.97156 1.99544 -0.96131)
(8.97154 2.4 -0.543751)
(8.97163 2.59274 -0.752549)
(8.97161 2.20454 -0.752553)
(8.97159 2.20453 -0.961261)
(8.9716 2.59129 -0.96126)
(8.97162 2.4 -0.752628)
(8.97161 2.20454 -0.543749)
(8.97161 2.59128 -0.543742)
(9.40988 1.50003 -0.125981)
(9.40972 1.36888 -0.125923)
(9.40983 1.5 0.0826552)
(9.40984 1.36891 0.0826785)
(9.41023 1.63114 -0.125944)
(9.4098 1.6311 0.0826438)
(9.41123 1.8 -0.125651)
(9.40964 1.8 0.0826693)
(9.62904 1.36887 -0.125806)
(9.62904 1.2 -0.125925)
(9.629 1.2 0.0828474)
(9.62905 1.36889 0.0828201)
(9.41025 1.99544 -0.12596)
(9.40979 1.99545 0.0826623)
(9.19074 2.20454 -0.12615)
(9.19072 1.99544 -0.126265)
(9.19068 2.20454 0.0825951)
(9.19067 1.99545 0.0826712)
(9.40954 1.8 0.290753)
(9.40963 1.8 0.499821)
(9.40967 1.63109 0.499753)
(9.40968 1.63111 0.291065)
(9.40966 1.99545 0.291099)
(9.40965 1.99545 0.49979)
(9.19063 1.99545 0.291136)
(9.19063 1.99545 0.499936)
(9.62752 8.41171e-17 0.5)
(9.62725 5.85526e-17 0.0825)
(9.62862 0.40115 0.0829164)
(9.62872 0.407225 0.291742)
(9.62853 0.401152 0.499836)
(9.62881 0.795464 0.499787)
(9.62878 0.6 0.499751)
(9.62879 0.6 0.292104)
(9.62887 0.795456 0.291689)
(9.62902 1.36891 0.291284)
(9.40976 1.36892 0.2913)
(9.40967 1.36891 0.49988)
(9.62891 1.36889 0.49986)
(9.40977 1.50007 0.291206)
(9.40973 1.5 0.499762)
(9.62897 0.795463 0.0829829)
(9.62892 0.6 0.0829712)
(9.62876 1.2 0.500364)
(9.62905 1.2 0.29122)
(9.62888 1.00456 0.499928)
(9.62899 1.00456 0.291377)
(9.62903 1.00455 0.0828694)
(9.19063 2.59883 0.499983)
(9.19062 3 0.5)
(9.19063 2.59276 0.708622)
(9.19061 2.4 0.708638)
(9.19062 2.4 0.500056)
(9.19062 3 0.0825)
(9.19063 2.59277 0.29129)
(9.19067 2.59884 0.0825768)
(9.19059 2.4 0.291289)
(9.19068 2.4 0.0825804)
(9.19063 2.20454 0.499962)
(9.19063 2.20454 0.708589)
(9.19062 1.99545 0.708517)
(9.19063 2.20453 0.291267)
(9.40934 1.8 0.708205)
(9.40958 1.63111 0.708192)
(9.40956 1.99545 0.708226)
(9.62864 0.407225 0.707996)
(9.62878 0.795472 0.707938)
(9.62871 0.6 0.708113)
(9.62921 1.00456 0.708073)
(9.63034 1.2 0.708457)
(9.62925 1.36886 0.708007)
(9.40974 1.50004 0.708241)
(9.40983 1.36891 0.708534)
(9.62898 0.407225 -0.125925)
(9.62913 0.795468 -0.125874)
(9.62906 0.6 -0.125812)
(9.62907 1.00456 -0.125832)
(9.19074 2.59277 -0.126141)
(9.19077 2.4 -0.126052)
(8.97156 1.50001 -0.126225)
(8.97162 1.36891 -0.126264)
(8.97144 1.3689 0.0824529)
(8.97153 1.49999 0.0825185)
(8.97155 1.63108 0.0825422)
(8.97158 1.6311 -0.126252)
(8.9715 1.8 0.0825518)
(8.97161 1.8 -0.126236)
(8.97161 1.99545 -0.126258)
(8.97162 2.20454 -0.126232)
(8.97162 2.20454 0.0825243)
(8.97158 1.99546 0.0825415)
(8.97163 2.4 0.0825202)
(8.97163 2.59274 0.08252)
(9.19068 1.36891 -0.126068)
(9.19074 1.2 -0.125971)
(9.19063 1.3689 0.0825908)
(9.19059 1.2 0.0826012)
(9.19092 0.401164 0.499943)
(9.19072 0.407245 0.291265)
(9.19072 0.401169 0.0825341)
(9.19111 5.85526e-17 0.0825)
(9.19184 8.41171e-17 0.5)
(9.19063 0.6 0.291266)
(9.19057 0.6 0.0825701)
(9.19067 0.79546 0.499923)
(9.19064 0.79546 0.291267)
(9.19072 0.6 0.499907)
(9.19062 0.795464 0.0825545)
(9.19062 1.00454 0.499891)
(9.19061 1.00455 0.291291)
(9.19062 1.00455 0.0825862)
(9.19056 1.2 0.499821)
(9.19058 1.2 0.291353)
(9.19061 1.36892 0.291279)
(9.19062 1.36891 0.499873)
(8.97162 1.36891 0.499885)
(8.97149 1.36889 0.291232)
(8.75256 1.36892 0.499976)
(8.75238 1.36891 0.291223)
(8.53345 1.36892 0.499952)
(8.53347 1.36889 0.291254)
(8.31437 1.36892 0.291325)
(8.31443 1.36892 0.499996)
(8.09536 1.3689 0.499967)
(8.09515 1.36893 0.291534)
(8.75835 8.41171e-17 0.5)
(8.75374 0.401164 0.499959)
(8.97189 0.407268 0.499941)
(8.3298 8.41171e-17 0.5)
(8.31816 0.401166 0.499994)
(8.5346 0.407262 0.500014)
(8.97163 0.6 0.499936)
(8.97161 0.79546 0.499931)
(8.97162 1.00455 0.499887)
(8.75257 0.795458 0.49995)
(8.7525 0.6 0.49994)
(8.31508 0.795455 0.499987)
(8.53372 0.795451 0.500004)
(8.53372 0.6 0.500067)
(8.31495 0.6 0.499934)
(8.31467 1.00454 0.500006)
(8.53355 1.00454 0.499954)
(8.75259 1.00455 0.499967)
(8.75268 1.2 0.500014)
(8.5334 1.2 0.499889)
(8.31458 1.2 0.500052)
(8.97168 1.2 0.49977)
(8.09925 0.407252 0.499975)
(8.09706 0.795447 0.499964)
(8.09705 0.6 0.499994)
(8.09587 1.00453 0.499989)
(8.09549 1.2 0.500102)
(9.19068 1.00455 -0.126087)
(9.19062 0.407236 -0.126255)
(9.19057 0.6 -0.126283)
(9.19064 0.795459 -0.126221)
(9.40952 1.2 -0.125843)
(9.40991 1.2 0.0826551)
(9.40982 1.00455 0.0826821)
(9.40968 0.407264 0.0825846)
(9.40962 0.6 0.0824741)
(9.40974 0.795464 0.0826144)
(9.4097 0.407264 0.499937)
(9.4097 0.795459 0.499924)
(9.40967 0.6 0.500011)
(9.40966 1.00455 0.499923)
(9.40946 1.2 0.499902)
(9.19065 1.49999 0.499871)
(9.19063 1.63109 0.499916)
(8.97161 1.63109 0.500014)
(8.97159 1.50001 0.499945)
(9.19063 1.63109 0.708494)
(8.97163 1.63111 0.7087)
(8.75249 1.50007 0.500021)
(8.97162 1.50006 0.708647)
(8.75253 1.49999 0.708704)
(8.53347 1.5 0.708661)
(8.53341 1.5 0.500001)
(8.31434 1.5 0.499975)
(8.31439 1.50001 0.708572)
(8.09527 1.49997 0.499901)
(8.09539 1.50002 0.708193)
(9.19061 1.8 0.500053)
(9.19062 1.8 0.708504)
(9.19066 1.8 0.0829663)
(9.19064 1.63111 0.291123)
(8.97159 1.63108 0.291233)
(9.19062 1.8 0.290919)
(8.97157 1.8 0.291269)
(8.97155 1.49993 0.291231)
(9.19066 1.49997 0.0825895)
(9.19067 1.63109 0.0826695)
(9.19063 1.8 -0.12656)
(9.19068 1.5 -0.126141)
(9.1907 1.6311 -0.126258)
(9.40972 1.2 0.291367)
(9.40975 1.00455 0.291337)
(9.4098 0.6 0.291299)
(9.40974 0.408709 0.291351)
(9.40976 0.795451 0.291345)
(9.19064 1.50006 0.291215)
(8.31436 3 0.5)
(8.31508 2.59884 0.49998)
(8.31516 2.59277 0.708727)
(8.31523 2.59277 0.291199)
(8.31499 2.4 0.499985)
(8.31497 2.4 0.70872)
(8.31505 2.20455 0.499982)
(8.31504 2.20454 0.708708)
(8.31506 2.20455 0.291222)
(8.31436 1.99546 0.291309)
(8.31451 1.99546 0.500024)
(8.31393 1.8 0.29132)
(8.31436 1.8 0.500025)
(8.31506 2.4 0.291166)
(8.31429 1.63109 0.500019)
(8.31438 1.63109 0.708731)
(8.31442 1.8 0.709148)
(8.31458 1.99545 0.708771)
(8.31411 1.63109 0.291336)
(8.31424 1.50001 0.291336)
(8.75248 1.63109 0.708743)
(8.75238 1.63111 0.500208)
(8.53343 1.63109 0.708636)
(8.53334 1.63109 0.500081)
(8.53339 1.63108 0.291387)
(8.75263 1.63108 0.291165)
(8.97171 1.8 0.500037)
(8.97168 1.8 0.708793)
(8.7524 1.8 0.708761)
(8.53341 1.8 0.708477)
(8.53326 1.8 0.500141)
(8.53344 1.8 0.291555)
(8.7521 1.8 0.500638)
(8.75295 1.8 0.290846)
(8.75249 3 0.5)
(8.75259 2.59883 0.500003)
(8.75258 2.20453 0.500031)
(8.53363 2.4 0.708738)
(8.97163 1.99545 0.708713)
(8.97167 2.4 0.70874)
(8.5335 1.99545 0.708657)
(8.9716 1.99545 0.291234)
(8.97151 2.4 0.29121)
(8.53349 1.99546 0.291375)
(8.53362 2.4 0.291223)
(8.53375 2.59274 0.500007)
(8.75255 2.4 0.500066)
(8.97158 2.59274 0.499876)
(8.75262 2.59277 0.708721)
(8.75261 2.59276 0.29127)
(8.53369 2.20454 0.500021)
(8.97158 2.20454 0.499892)
(8.75241 1.99545 0.500214)
(8.7526 2.20454 0.708724)
(8.75261 2.20454 0.291267)
(8.53375 2.59129 0.708738)
(8.75258 2.4 0.708705)
(8.53369 2.20454 0.708725)
(8.53368 2.4 0.500038)
(8.97163 2.20453 0.70869)
(8.75251 1.99545 0.708754)
(8.97161 1.99545 0.500014)
(8.97163 2.59129 0.708692)
(8.97155 2.4 0.499702)
(8.53343 1.99545 0.500087)
(8.97158 2.20454 0.291228)
(8.75267 1.99546 0.291169)
(8.97157 2.59129 0.291228)
(8.75258 2.4 0.291321)
(8.53368 2.20455 0.291257)
(8.53375 2.59129 0.291233)
(8.75249 1.49999 0.291241)
(8.5334 1.49997 0.291307)
(8.09697 2.20456 0.499942)
(8.09689 2.20456 0.708619)
(8.09564 1.99546 0.499962)
(8.09514 1.8 0.500093)
(8.09489 1.8 0.291364)
(8.09679 2.4 0.708736)
(8.09551 1.99546 0.291308)
(8.09703 2.4 0.291176)
(8.09725 2.59275 0.499955)
(8.09721 2.59132 0.708716)
(8.097 2.4 0.49995)
(8.09698 2.20455 0.291222)
(8.09739 2.59131 0.291194)
(8.0953 1.6311 0.708254)
(8.09574 1.99547 0.708355)
(8.09497 1.63113 0.291361)
(8.09531 1.8 0.708344)
(8.09516 1.6311 0.499949)
(8.09508 1.50008 0.291434)
(8.31648 0.407233 0.708881)
(8.31506 0.795454 0.708829)
(8.31495 0.6 0.709089)
(8.3145 1.00454 0.708682)
(8.31398 1.2 0.708806)
(8.31428 1.36892 0.708625)
(9.19071 1.00454 0.7086)
(9.40982 1.00455 0.708582)
(9.40988 1.2 0.708944)
(8.53357 1.00454 0.708716)
(8.97165 1.00455 0.708688)
(8.75258 1.00456 0.708726)
(9.19074 0.407234 0.708646)
(9.19061 0.6 0.708738)
(9.19064 0.79546 0.708629)
(9.40962 0.6 0.708543)
(9.40966 0.408709 0.708445)
(9.40969 0.795463 0.70844)
(8.97155 0.6 0.70856)
(8.53358 0.6 0.708722)
(8.75258 0.795464 0.708722)
(8.75309 0.407237 0.708727)
(8.97177 0.40871 0.708645)
(8.53429 0.408711 0.708771)
(8.75253 0.6 0.70873)
(8.97159 0.795459 0.708643)
(8.53369 0.795461 0.708752)
(8.53352 1.2 0.708702)
(8.97165 1.2 0.708779)
(8.75251 1.2 0.708736)
(9.19076 1.2 0.708601)
(8.53349 1.36891 0.70869)
(8.97165 1.36892 0.70868)
(9.19067 1.49999 0.708494)
(8.75255 1.36891 0.708717)
(9.19072 1.36891 0.708569)
(8.0959 1.00454 0.70826)
(8.09699 0.6 0.708754)
(8.09867 0.408688 0.708756)
(8.09706 0.795438 0.708638)
(8.09547 1.2 0.708098)
(8.09542 1.36891 0.708152)
(9.40973 1.00455 -0.125954)
(9.40981 0.795472 -0.126153)
(9.40975 0.6 -0.126291)
(9.40976 0.408708 -0.126207)
(8.31637 0.407234 0.291233)
(8.315 0.6 0.291211)
(8.31508 0.795458 0.291254)
(8.31463 1.00454 0.291307)
(8.31451 1.2 0.291273)
(8.97178 0.407268 0.0825004)
(8.97159 0.6 0.0825204)
(8.97157 0.795464 0.0824993)
(8.97145 1.00456 0.0824471)
(8.97124 1.2 0.0823168)
(8.97163 1.00455 -0.126273)
(8.9719 1.2 -0.126378)
(8.97163 0.6 -0.126258)
(8.97167 0.408713 -0.126263)
(8.97161 0.795465 -0.126255)
(8.53357 1.00455 0.291237)
(8.75241 1.00456 0.291207)
(8.9715 1.00455 0.29123)
(8.75298 0.40724 0.291147)
(8.75245 0.6 0.291031)
(8.75253 0.795462 0.291154)
(8.5336 0.6 0.291201)
(8.53422 0.408713 0.291211)
(8.53368 0.795462 0.29122)
(8.97156 0.6 0.291253)
(8.97174 0.408713 0.291228)
(8.97157 0.795461 0.291227)
(8.53361 1.2 0.2912)
(8.75216 1.2 0.291178)
(8.97144 1.2 0.291271)
(8.0957 1.00453 0.291498)
(8.09518 1.2 0.291648)
(8.09701 0.6 0.291216)
(8.09859 0.408688 0.291227)
(8.09702 0.795443 0.291284)
(8.97156 2.4 -0.126277)
(8.97162 2.59128 -0.126225)
(9.84814 1.2 -0.543426)
(9.84829 1.2 -0.125306)
(9.84786 1.2 -0.33432)
(10.0678 1.2 -0.543182)
(10.0677 1.2 -0.333837)
(10.0685 1.2 0.0837142)
(10.0677 1.2 -0.123568)
(9.84827 1.2 0.0829772)
(10.2896 1.2 0.0833806)
(10.2866 1.2 -0.118804)
(10.4639 1.2 -0.336124)
(10.2875 1.2 -0.333262)
(10.434 1.2 -0.1)
(10.4726 1.2 0.0726261)
(10.2885 1.2 -0.544654)
(10.4451 1.2 -0.554863)
(10.5042 0.39706 0.0915015)
(10.2861 0.406165 0.088399)
(10.0667 0.400949 0.0848388)
(10.0637 5.85526e-17 0.0825)
(10.5 5.85524e-17 0.0825)
(9.84797 0.407213 0.0836149)
(10.5062 0.793458 0.0920764)
(10.434 0.6 0.1)
(10.2862 0.6 0.0897353)
(10.0673 0.6 0.0854371)
(10.2869 0.795056 0.0881117)
(10.0676 0.795381 0.0850896)
(10.5097 1.00413 0.0831216)
(10.2885 1.0044 0.0847595)
(10.0682 1.0045 0.0840421)
(9.84803 0.6 0.083725)
(9.84823 0.795447 0.0836164)
(9.84838 1.00454 0.0832167)
(10.0669 3 0.0825)
(10.505 3 0.0825)
(10.5054 2.60294 0.0916325)
(10.2865 2.59384 0.0889011)
(10.0673 2.59904 0.0852292)
(9.62888 2.59885 0.0829844)
(9.62875 3 0.0825)
(9.84812 2.59279 0.0838459)
(9.40975 2.59274 0.0827187)
(10.2863 2.4 0.0904031)
(10.0673 2.4 0.0860172)
(10.5062 2.20654 0.0921779)
(10.2869 2.20494 0.0884966)
(10.434 2.4 0.1)
(10.0675 2.20461 0.0854425)
(9.84809 2.4 0.0839499)
(9.62884 2.4 0.0830542)
(9.62893 2.20454 0.0830325)
(9.84822 2.20455 0.0838167)
(9.40971 2.4 0.0827326)
(9.40977 2.20454 0.0827178)
(10.5058 1.5 0.497722)
(10.5055 1.50001 0.701545)
(10.0675 1.5 0.498577)
(10.2867 1.49999 0.498106)
(10.2864 1.50011 0.703202)
(10.0673 1.50002 0.705051)
(9.62892 1.49994 0.499581)
(9.84816 1.49995 0.499106)
(9.84804 1.49999 0.706607)
(9.62893 1.4999 0.707697)
(10.5055 1.63131 0.498686)
(10.4628 1.8 0.5)
(9.62885 1.63108 0.499676)
(9.84815 1.63108 0.499179)
(10.0675 1.6311 0.498763)
(10.2866 1.63114 0.49841)
(10.2866 1.8 0.498779)
(10.5053 2.20654 0.499322)
(10.5053 1.99587 0.499108)
(10.0675 1.8 0.49918)
(9.62877 1.8 0.499965)
(9.84809 1.8 0.499266)
(10.2865 1.99559 0.498751)
(10.2862 2.20495 0.499437)
(9.6288 2.20455 0.499839)
(9.84797 2.20456 0.499665)
(9.84809 1.99546 0.499324)
(9.62881 1.99545 0.499749)
(10.2864 2.20477 0.294807)
(10.5055 2.20514 0.297049)
(9.62884 2.20454 0.29156)
(9.84802 2.20455 0.292023)
(9.40969 2.20454 0.499908)
(10.0671 2.20462 0.499507)
(10.0674 1.99549 0.499003)
(10.0672 2.20459 0.293031)
(9.40972 2.20453 0.291327)
(9.62885 1.63109 0.707828)
(10.5069 1.00422 -0.114076)
(10.5082 1.00413 -0.334664)
(10.2883 1.0044 -0.333865)
(10.2875 1.00443 -0.1206)
(10.5133 0.793448 -0.340014)
(10.5072 0.794861 -0.113549)
(10.511 1.00423 -0.548759)
(10.2888 1.00444 -0.54505)
(10.515 0.794856 -0.552793)
(10.068 1.00452 -0.123867)
(10.0682 1.0045 -0.334108)
(10.0682 1.00452 -0.543742)
(10.5 3.29881e-17 -0.335)
(10.5113 0.397063 -0.339853)
(10.0696 0.795377 -0.335595)
(10.0635 3.29881e-17 -0.335)
(10.0687 0.400947 -0.335832)
(10.2875 0.6 -0.120061)
(10.2931 0.6 -0.550647)
(9.84936 0.6 -0.544848)
(9.84836 1.00454 -0.543577)
(9.8486 0.6 -0.125698)
(9.84842 1.00454 -0.125288)
(9.8491 0.795446 -0.335185)
(10.4495 0.6 -0.350488)
(10.2911 0.795053 -0.336945)
(10.0698 0.407041 -0.546273)
(10.068 0.407046 -0.124244)
(10.2909 0.406161 -0.337449)
(10.5151 0.405279 -0.553607)
(10.5064 0.405287 -0.113531)
(10.0698 0.795402 -0.545768)
(10.07 0.6 -0.336248)
(10.0683 0.795401 -0.124114)
(9.84897 0.407215 -0.335381)
(10.288 0.795229 -0.120873)
(10.2925 0.6 -0.339019)
(10.2877 0.407966 -0.12095)
(10.0682 0.6 -0.12401)
(10.4229 0.6 -0.1)
(10.4396 0.6 -0.560449)
(10.2921 0.407959 -0.54933)
(10.0703 0.6 -0.546587)
(10.2917 0.795236 -0.54849)
(9.84926 0.408665 -0.544829)
(9.8492 0.795447 -0.544537)
(9.8492 0.6 -0.33547)
(9.84836 1.00454 -0.33447)
(9.84853 0.408662 -0.125563)
(9.84864 0.79545 -0.125479)
(9.40966 2.20453 0.708375)
(9.40967 2.4 0.500002)
(9.40967 2.4 0.708525)
(9.40971 2.4 0.291341)
(10.434 1.8 0.7)
(10.2865 1.8 0.703504)
(10.0672 1.63111 0.705031)
(10.2864 1.6312 0.703179)
(9.84809 1.6311 0.706785)
(10.5053 1.63144 0.701079)
(10.505 3 0.5)
(10.5051 2.60294 0.499823)
(10.5052 1.99578 0.70105)
(10.5051 2.20514 0.701221)
(10.4229 2.4 0.7)
(10.434 2.4 0.5)
(10.505 2.59473 0.702081)
(9.84816 1.8 0.707163)
(10.067 1.8 0.704896)
(9.62885 1.8 0.70824)
(9.62875 3 0.5)
(9.62878 2.59884 0.499921)
(10.067 2.59905 0.499782)
(10.0669 3 0.5)
(10.2863 1.99557 0.703256)
(9.84804 1.99546 0.706885)
(10.2861 2.4 0.703823)
(9.84791 2.4 0.707439)
(10.2862 2.4 0.295777)
(9.84788 2.4 0.292192)
(9.40969 2.59274 0.499956)
(9.62876 2.4 0.499986)
(9.62877 2.20454 0.707958)
(9.62882 2.59278 0.291609)
(9.84791 2.59279 0.49981)
(9.62875 2.59277 0.708069)
(10.286 2.59384 0.499784)
(10.5051 2.59473 0.297366)
(10.067 2.4 0.499814)
(10.0669 2.59296 0.705965)
(10.067 2.59296 0.29325)
(10.067 2.2046 0.705577)
(9.62881 1.99544 0.707888)
(10.0672 1.99548 0.70514)
(10.2861 2.20476 0.703511)
(9.84791 2.20455 0.707077)
(9.40968 2.59129 0.708439)
(9.62874 2.4 0.708169)
(10.286 2.59204 0.703957)
(10.0669 2.4 0.706036)
(10.286 2.4 0.499934)
(9.84786 2.59134 0.70725)
(9.84794 2.4 0.499871)
(10.2862 2.59204 0.295218)
(10.067 2.4 0.293524)
(10.4229 2.4 0.3)
(9.84794 2.59134 0.292151)
(9.62881 2.4 0.291613)
(9.40972 2.59129 0.291374)
(10.0682 1.50009 0.0835741)
(10.0683 1.36891 0.0836846)
(10.2887 1.36884 0.0838916)
(10.2881 1.49995 0.0839403)
(10.5083 1.5 0.083213)
(10.5101 1.3687 0.0815143)
(9.62906 1.49998 0.0827912)
(9.84843 1.36891 0.0830858)
(9.84849 1.49999 0.0831097)
(9.62895 1.63109 0.0827173)
(10.0679 1.50007 0.291461)
(10.2872 1.5 0.291911)
(9.62899 1.50005 0.291254)
(9.84836 1.49993 0.291276)
(9.62884 1.63111 0.291345)
(10.5066 1.5 0.292562)
(9.84855 1.6311 0.0831828)
(9.62872 1.8 0.0824907)
(9.84873 1.8 0.0833949)
(10.0682 1.63114 0.0834753)
(10.0681 1.8 0.0832532)
(9.62893 1.99545 0.0827817)
(9.8485 1.99545 0.0833598)
(10.5097 1.99587 0.0830871)
(10.4726 1.8 0.0726261)
(10.289 1.8 0.0825174)
(10.2883 1.99559 0.0844925)
(10.0681 1.99549 0.0839065)
(10.2885 1.63114 0.0835472)
(10.51 1.6313 0.0814423)
(9.62906 1.4999 -0.125792)
(9.62906 1.63109 -0.125833)
(9.40989 2.20452 -0.126072)
(9.40981 2.4 -0.126131)
(10.2875 1.49991 -0.122349)
(10.507 1.49999 -0.119885)
(9.84841 1.49995 -0.125271)
(10.068 1.50012 -0.124236)
(10.2877 1.3688 -0.543883)
(10.2873 1.36883 -0.12091)
(9.84835 1.3689 -0.125253)
(10.5069 1.36869 -0.333588)
(10.0677 1.36893 -0.33367)
(10.2874 1.36886 -0.333115)
(10.5095 1.36857 -0.547083)
(9.84814 1.36892 -0.334233)
(10.0679 1.36892 -0.123909)
(10.5067 1.36857 -0.115)
(9.62896 1.8 -0.1258)
(10.2876 1.99558 -0.120535)
(10.2868 2.4 -0.118858)
(10.2875 1.63115 -0.12096)
(9.84843 1.99544 -0.125222)
(9.84839 1.6311 -0.125246)
(9.84837 2.4 -0.125183)
(9.62906 2.59278 -0.125841)
(9.62908 2.20454 -0.125825)
(10.5071 2.20514 -0.113386)
(10.0684 1.8 -0.123754)
(10.068 2.59296 -0.12374)
(10.434 1.8 -0.1)
(10.5068 2.59472 -0.11331)
(10.0681 2.20459 -0.1237)
(10.2876 2.20477 -0.120255)
(10.2871 1.8 -0.118679)
(10.0682 1.99548 -0.123884)
(10.5069 1.99578 -0.114049)
(10.2875 2.59204 -0.120206)
(10.0679 2.4 -0.123465)
(10.4229 2.4 -0.1)
(10.0681 1.63114 -0.12401)
(10.5067 1.63143 -0.115027)
(9.84825 1.8 -0.125215)
(9.84849 2.20455 -0.125186)
(9.62908 1.99543 -0.125844)
(9.84846 2.59134 -0.125208)
(9.62899 2.4 -0.125849)
(9.40984 2.59129 -0.126089)
(9.84834 1.63109 0.291348)
(10.0679 1.63112 0.291612)
(10.2871 1.63116 0.2924)
(10.5063 1.63143 0.294383)
(9.62861 1.8 0.291624)
(9.84829 1.8 0.291406)
(10.0681 1.8 0.29187)
(10.2869 1.99558 0.293092)
(9.84826 1.99546 0.291541)
(10.434 1.8 0.3)
(10.2867 1.8 0.293168)
(10.0678 1.99549 0.292001)
(10.5061 1.99578 0.295399)
(9.62881 1.99546 0.291429)
(10.5055 1.3687 0.498727)
(10.5053 1.36857 0.701122)
(10.5 8.41171e-17 0.5)
(10.5038 0.397062 0.499767)
(10.0638 8.41171e-17 0.5)
(10.0663 0.400953 0.499615)
(10.2856 0.40616 0.499594)
(10.4628 1.2 0.5)
(9.84769 0.407215 0.499672)
(9.8479 0.795449 0.499574)
(9.84785 0.6 0.499716)
(10.5051 0.793456 0.499287)
(10.434 0.6 0.5)
(10.2859 0.6 0.499723)
(10.2861 0.795053 0.499311)
(10.2863 1.0044 0.498876)
(10.5053 1.00413 0.499135)
(9.84796 1.00455 0.499446)
(10.0675 1.2 0.499081)
(10.0672 1.2 0.70574)
(10.2862 1.2 0.703921)
(10.2862 1.2 0.499039)
(9.84781 1.2 0.499606)
(9.84723 1.2 0.706864)
(10.434 1.2 0.7)
(10.067 0.795379 0.499371)
(10.0669 0.6 0.499644)
(10.0673 1.00451 0.499031)
(10.2858 0.6 0.703909)
(9.84778 0.6 0.707265)
(10.2862 1.00443 0.703426)
(9.84775 1.00455 0.706864)
(10.067 0.795393 0.705488)
(10.5051 0.794858 0.701203)
(10.0666 0.407039 0.70581)
(10.5045 0.405273 0.702039)
(10.4229 0.6 0.7)
(10.2857 0.407959 0.703877)
(10.5051 1.00422 0.701085)
(10.067 0.6 0.705813)
(10.286 0.795227 0.703479)
(9.8477 0.408663 0.707105)
(9.84783 0.795449 0.706975)
(10.0671 1.00451 0.705421)
(10.2863 1.36885 0.703381)
(9.84781 1.3689 0.706775)
(10.286 0.6 0.295162)
(9.84794 0.6 0.292125)
(10.2872 1.36885 0.292564)
(10.287 1.00442 0.293199)
(9.84833 1.36888 0.291332)
(9.84826 1.00454 0.2915)
(10.0675 1.3689 0.498823)
(10.434 1.2 0.3)
(10.0682 1.2 0.291908)
(10.5054 0.794859 0.29697)
(10.0668 0.407039 0.292907)
(10.5046 0.405273 0.297243)
(10.0672 0.795399 0.292751)
(10.0672 1.36891 0.705332)
(10.2865 1.36886 0.498559)
(9.84803 1.36889 0.499318)
(10.2859 0.407957 0.294819)
(10.067 0.6 0.293047)
(10.2863 0.795229 0.294499)
(10.4229 0.6 0.3)
(9.84785 0.408662 0.292033)
(9.84804 0.795454 0.291933)
(10.2869 1.2 0.293412)
(10.0679 1.36891 0.291684)
(10.5063 1.36857 0.294432)
(10.0678 1.00451 0.292016)
(10.5061 1.00422 0.29542)
(9.84828 1.2 0.291335)
(7.86434 0.401186 -1.58748)
(7.7947 -4.37052e-17 -1.58751)
(8.27182 -4.37061e-17 -1.58751)
(8.30678 0.40118 -1.58757)
(8.09264 0.407268 -1.58753)
(7.8803 0.79538 -1.58752)
(7.88024 0.6 -1.58744)
(8.09712 0.6 -1.58757)
(8.09724 0.795442 -1.58753)
(8.31503 0.6 -1.58771)
(8.31519 0.795453 -1.58757)
(7.65786 0.407216 -1.5874)
(7.42622 0.400825 -1.58744)
(7.3 1.17458e-09 -1.5875)
(7.66498 0.79513 -1.58744)
(7.66526 0.6 -1.58728)
(7.45201 0.793973 -1.58742)
(7.45206 0.6 -1.58733)
(7.02963 0.783544 -1.58758)
(7.02484 0.593898 -1.58769)
(7.3 0.6 -1.5875)
(7.24169 0.78915 -1.58749)
(7.23479 0.404453 -1.58763)
(7.01915 0.387892 -1.58835)
(7.03022 1.1673 -1.58744)
(7.44868 1.00409 -1.58754)
(7.5 1.2 -1.5875)
(6.62328 0.760726 -1.58787)
(6.61363 0.371234 -1.59008)
(6.60364 -9.75162e-07 -1.59133)
(6.99797 -4.1364e-08 -1.58905)
(7.87797 1.2 -1.58782)
(7.87856 1.00451 -1.5877)
(8.09645 1.00454 -1.58752)
(8.09615 1.2 -1.58749)
(8.31465 1.2 -1.58741)
(8.3149 1.00455 -1.5875)
(7.65995 1.2 -1.58798)
(7.66161 1.0044 -1.58772)
(8.09616 1.36892 -1.58754)
(7.87797 1.3689 -1.58772)
(7.44733 1.36882 -1.58757)
(7.44725 1.50071 -1.58758)
(7.02782 1.50378 -1.58755)
(7.66058 1.36888 -1.58776)
(8.31478 1.36891 -1.58749)
(7.87817 1.50007 -1.58766)
(8.09628 1.50004 -1.58759)
(8.31485 1.5 -1.58753)
(7.66109 1.50008 -1.58766)
(8.09616 1.6311 -1.58772)
(7.87802 1.63114 -1.58775)
(8.31478 1.63108 -1.5876)
(7.6609 1.63123 -1.58771)
(8.53352 1.3689 -1.16995)
(8.53353 1.36891 -1.37877)
(8.31484 1.3689 -1.37879)
(8.31467 1.36891 -1.17007)
(8.53194 0.40726 -1.16999)
(8.30863 0.401163 -1.16996)
(8.28106 -1.81418e-17 -1.17)
(8.53358 1.00455 -1.16995)
(8.53378 0.795467 -1.16999)
(8.53378 0.6 -1.17002)
(8.5334 1.2 -1.16971)
(8.31519 0.795457 -1.16997)
(8.31479 1.00455 -1.17006)
(8.31442 1.2 -1.17015)
(8.31505 0.6 -1.16993)
(8.31495 1.00454 -1.37877)
(8.31518 0.795455 -1.3787)
(8.31496 1.2 -1.37878)
(8.31221 0.407239 -1.37868)
(8.315 0.6 -1.37856)
(8.53354 1.63111 -1.17004)
(8.53359 1.5 -1.17001)
(8.5336 1.50001 -1.37876)
(8.53353 1.63109 -1.37876)
(8.31479 1.63108 -1.37878)
(8.31486 1.49999 -1.37879)
(8.31436 3 -1.58751)
(8.31506 2.59883 -1.58747)
(8.53372 2.59274 -1.5875)
(8.31493 2.4 -1.5874)
(8.53363 2.4 -1.58752)
(8.53373 2.20455 -1.58749)
(8.31514 2.20455 -1.58748)
(8.53367 1.99545 -1.58745)
(8.31489 1.99546 -1.58759)
(7.87999 2.59887 -1.58754)
(8.0973 2.59275 -1.58753)
(7.87625 3 -1.58751)
(7.88037 2.20464 -1.58758)
(7.88042 2.4 -1.58762)
(7.66512 2.4 -1.58746)
(7.66492 2.20499 -1.58752)
(8.09704 2.4 -1.58755)
(7.66509 2.59271 -1.58749)
(8.09723 2.20456 -1.58755)
(7.4517 2.20652 -1.58751)
(7.44855 1.99629 -1.58755)
(7.66191 1.99569 -1.58768)
(7.87862 1.99552 -1.58773)
(8.09645 1.99546 -1.58771)
(8.31464 1.8 -1.58768)
(8.53363 1.63107 -1.58745)
(8.5336 1.8 -1.58741)
(7.44729 1.63173 -1.58756)
(7.49969 1.80068 -1.58749)
(7.02501 1.84099 -1.58757)
(7.87783 1.8 -1.58801)
(8.0959 1.8 -1.58795)
(7.66081 1.8 -1.58783)
(7.0276 1.5039 -1.1698)
(7.03023 1.1673 -1.16983)
(7.03084 0.78356 -1.17005)
(7.02661 0.785511 -1.37881)
(7.02481 1.84103 -1.16972)
(6.18767 2.1314 -0.956861)
(6 2.10755 -0.95748)
(6.10543 2.40363 -1.15836)
(6.10451 2.40301 -0.957362)
(6.18628 2.13238 -1.16233)
(6 2.3331 -0.968081)
(5.69041 2.12694 -0.958299)
(5.83094 2.22062 -0.957317)
(5.54365 2.0291 -0.959943)
(7.01932 2.22693 -1.16971)
(6.56945 2.29632 -1.16827)
(6.34483 2.33436 -1.16552)
(7.48491 3 -1.5875)
(7.44127 2.81253 -1.5875)
(7.44994 2.59719 -1.58749)
(7.44124 2.81194 -1.37874)
(7.44981 2.59707 -1.37866)
(7.48491 3 -1.17)
(7.44124 2.81253 -1.16999)
(7.43479 3 -1.37875)
(7.44965 2.59719 -1.16994)
(7.45262 2.4 -1.58752)
(7.45222 2.4 -1.37853)
(7.45144 2.20649 -1.16994)
(7.4509 2.20642 -1.37867)
(7.45162 2.4 -1.16991)
(7 3 -1.17)
(7.00502 2.81266 -1.16999)
(7.22303 2.81236 -1.16999)
(7.219 3 -1.17)
(7.23958 2.21292 -1.16993)
(7.3 2.4 -1.17)
(7.02008 2.40933 -1.16993)
(7.011 2.61325 -1.16996)
(7.23511 2.6004 -1.16998)
(7.5 1.8 -1.17)
(7.44879 1.99602 -1.17)
(7.5 1.8 -1.37884)
(7.4405 1.99612 -1.37882)
(6.75638 2.83758 -1.16998)
(6.78422 2.63002 -1.16992)
(6.52042 2.68028 -1.1698)
(6.55494 2.48148 -1.16914)
(6.63143 2.75429 -1.16994)
(6.29731 2.53153 -1.1684)
(6.1915 2.461 -1.16578)
(6.40012 2.60008 -1.16941)
(7.66509 2.59198 -2.21396)
(7.88041 2.59288 -2.21385)
(7.87987 2.59886 -2.00507)
(7.66503 2.59271 -2.0051)
(7.87625 3 -2.00504)
(7.66511 2.4 -2.21406)
(7.66463 2.20498 -2.21393)
(7.66486 2.20498 -2.00507)
(7.66514 2.4 -2.00511)
(7.45148 2.2065 -2.00506)
(7.45065 2.20642 -2.21398)
(7.66469 2.20498 -1.79628)
(7.66535 2.4 -1.79628)
(7.66518 2.59198 -1.79628)
(7.88045 2.59288 -1.79628)
(7.45088 2.20643 -1.79627)
(7.44864 1.99604 -2.005)
(7.44038 1.99611 -1.79626)
(7.44051 1.99622 -2.21379)
(6.61728 0.371354 -2.00628)
(6.62329 0.759995 -2.00444)
(6.61286 -3.4267e-06 -2.00706)
(7.5 1.8 -1.79625)
(7.5 1.8 -2.005)
(7.02478 1.84065 -2.00495)
(7.50023 1.80037 -2.21375)
(7.02724 1.50353 -2.00485)
(7.02988 1.16706 -2.00476)
(7.03024 0.783435 -2.0049)
(7.02701 0.78512 -2.21372)
(7.0264 0.785478 -1.79627)
(8.75251 1.50007 -1.37874)
(8.75256 1.36891 -1.37874)
(8.7526 1.4999 -1.58748)
(8.75257 1.36886 -1.58747)
(8.53365 1.49991 -1.58748)
(8.5336 1.36888 -1.58756)
(8.75114 0.407231 -1.37877)
(8.74856 0.401172 -1.58756)
(8.73242 -4.37063e-17 -1.58751)
(8.75259 1.00455 -1.37875)
(8.75259 0.795466 -1.37877)
(8.75255 0.6 -1.3788)
(8.75254 0.795475 -1.58756)
(8.75257 1.00455 -1.58748)
(8.75258 1.2 -1.37871)
(8.75257 1.2 -1.58741)
(8.75242 0.6 -1.58768)
(8.53137 0.407265 -1.58754)
(8.53364 1.00456 -1.58757)
(8.53357 1.2 -1.58774)
(8.53378 0.79547 -1.58754)
(8.53378 0.6 -1.58756)
(8.75338 1.8 -2.00437)
(8.75242 1.8 -2.21351)
(8.75303 1.8 -1.797)
(8.75258 1.50016 -2.00486)
(8.75261 1.5 -1.79618)
(8.75277 1.63111 -1.79638)
(8.75281 1.63115 -2.00464)
(8.75255 1.63109 -2.21355)
(8.75251 1.49995 -2.21366)
(8.73167 -6.92731e-17 -2.00505)
(8.75086 0.40724 -1.79625)
(8.7483 0.401177 -2.00502)
(8.75245 0.6 -1.79623)
(8.75216 0.6 -2.00508)
(8.75242 0.795462 -2.00502)
(8.75251 0.795465 -1.79623)
(8.75252 1.00456 -1.79615)
(8.7524 1.00455 -2.00511)
(8.7522 1.2 -2.00541)
(8.75241 1.36892 -2.00508)
(8.97189 1.2 -2.0051)
(8.75254 1.2 -1.79606)
(8.75253 1.36889 -1.79613)
(8.75095 0.407235 -2.21375)
(8.7526 0.6 -2.21379)
(8.75254 0.795462 -2.21375)
(8.75234 1.00455 -2.21381)
(8.97136 1.2 -2.21363)
(8.75221 1.2 -2.21391)
(8.53344 1.99544 -2.00435)
(8.53356 1.99544 -2.21353)
(8.53361 1.99544 -1.796)
(8.3149 1.99544 -2.21383)
(8.31485 1.99546 -2.00499)
(8.31494 1.99546 -1.7963)
(8.09641 1.99548 -2.00499)
(7.87856 1.99552 -2.00497)
(7.87833 1.99552 -2.21377)
(8.09621 1.99547 -2.21374)
(7.8782 1.99552 -1.79629)
(8.09645 1.99547 -1.79624)
(7.66189 1.99567 -2.00493)
(7.66006 1.99569 -2.21379)
(7.65986 1.99569 -1.79626)
(8.97032 0.407261 -2.00494)
(8.97153 0.6 -2.00497)
(8.97152 0.795466 -2.00493)
(8.97165 1.00455 -2.00497)
(8.97145 0.6 -1.79613)
(8.9715 0.795469 -1.79614)
(8.97166 0.6 -1.58753)
(8.97156 0.795469 -1.58749)
(8.97153 1.00456 -1.58758)
(8.97151 1.2 -1.58793)
(8.97044 0.407259 -1.58749)
(8.97075 0.408712 -1.79617)
(8.9716 1.00455 -1.37874)
(8.97154 0.6 -1.37879)
(8.9709 0.408713 -1.37875)
(8.97156 0.795465 -1.37875)
(8.97163 1.2 -1.37865)
(8.9715 1.00457 -1.79599)
(8.97149 1.2 -1.79563)
(8.97148 1.00455 -2.21366)
(8.97154 0.6 -2.21372)
(8.97153 0.795465 -2.21367)
(8.97078 0.40871 -2.21369)
(8.31517 2.59277 -2.21372)
(8.31508 2.59884 -2.00502)
(8.31436 3 -2.00505)
(8.31515 2.20454 -2.005)
(8.31514 2.20453 -2.21372)
(8.315 2.4 -2.21369)
(8.31501 2.4 -2.00506)
(8.31515 2.20454 -1.79624)
(8.31496 2.4 -1.79622)
(7.88016 2.4 -2.21388)
(7.88021 2.20464 -2.21383)
(7.88023 2.20464 -2.00506)
(7.88011 2.4 -2.00511)
(8.09726 2.59275 -2.00499)
(8.09702 2.4 -2.00496)
(8.09706 2.4 -1.79631)
(7.88017 2.4 -1.79626)
(7.88022 2.20464 -1.79629)
(8.31518 2.59276 -1.79624)
(8.53365 2.20453 -2.21369)
(8.53349 2.4 -2.21372)
(8.53372 2.20454 -1.79621)
(8.53361 2.4 -1.79628)
(8.53373 2.59274 -2.005)
(8.53373 2.59129 -1.79626)
(8.53371 2.20453 -2.0049)
(8.53367 2.4 -2.005)
(8.53366 2.59129 -2.21373)
(8.09737 2.59131 -1.79628)
(8.09721 2.20456 -1.79628)
(8.09684 2.4 -2.21354)
(8.09719 2.20456 -2.00499)
(8.09712 2.20456 -2.21368)
(8.09728 2.59131 -2.21367)
(8.30659 0.401169 -2.00502)
(8.31179 0.407241 -1.79626)
(8.31495 0.6 -1.79625)
(8.31498 0.6 -2.00503)
(8.27126 -6.9272e-17 -2.00505)
(8.3151 0.795463 -2.005)
(8.31513 0.795456 -1.79625)
(8.31471 0.6 -2.21377)
(8.31196 0.407237 -2.21377)
(8.3149 1.00455 -1.79624)
(8.31472 1.00454 -2.00496)
(8.3144 1.2 -2.00501)
(8.31496 1.2 -1.79634)
(8.31479 1.36891 -1.79624)
(8.31461 1.3689 -2.00495)
(8.31502 0.795457 -2.21373)
(8.3147 1.00455 -2.21351)
(8.31439 1.2 -2.21316)
(8.31459 1.36892 -2.2135)
(8.31476 1.49995 -2.00494)
(8.31483 1.50001 -1.79623)
(8.31478 1.50008 -2.21369)
(8.31462 1.8 -2.00521)
(8.31471 1.8 -2.21406)
(8.31472 1.63109 -2.00498)
(8.31478 1.63111 -2.21382)
(8.31485 1.8 -1.79649)
(8.31482 1.63109 -1.7963)
(8.53338 1.00455 -2.21373)
(8.53309 1.2 -2.21383)
(8.75234 1.3689 -2.2138)
(8.53334 1.36892 -2.21371)
(8.53344 1.8 -2.21335)
(8.53353 1.50003 -2.21364)
(8.53351 1.63111 -2.21352)
(8.53347 1.36893 -2.00488)
(8.53356 1.3689 -1.79613)
(8.53364 0.6 -1.7963)
(8.5336 1.00455 -1.79615)
(8.53368 0.6 -2.21373)
(8.53367 0.795454 -2.00497)
(8.53343 1.2 -2.00476)
(8.53123 0.407269 -2.00499)
(8.53216 0.408719 -1.79627)
(8.53371 0.795463 -1.79626)
(8.53363 0.6 -2.00494)
(8.53348 1.2 -1.79601)
(8.53351 1.00455 -2.00491)
(8.53224 0.408711 -2.21374)
(8.53368 0.795457 -2.21373)
(8.53339 1.8 -1.79571)
(8.53287 1.8 -2.00339)
(8.53356 1.6311 -1.79598)
(8.53354 1.50011 -2.00478)
(8.53339 1.63112 -2.00433)
(8.53362 1.49996 -1.79612)
(7.79408 -6.92704e-17 -2.00503)
(7.86466 0.40121 -2.00502)
(8.09263 0.407267 -2.005)
(7.24174 0.789122 -2.00498)
(7.3 0.6 -2.005)
(7.02766 0.594257 -2.00505)
(7.88019 0.795388 -2.00502)
(7.88023 0.6 -2.00503)
(7.66506 0.6 -2.00494)
(7.66484 0.795125 -2.00499)
(7.3 2.02192e-10 -1.98152)
(7.37102 0.186281 -2.00502)
(7.44198 0.403582 -2.00499)
(7.66049 0.407557 -2.00499)
(8.09713 0.795446 -2.00499)
(8.09698 0.6 -2.00497)
(7.02419 0.39914 -1.79655)
(7.23897 0.40614 -1.79632)
(7.44625 0.407151 -1.79622)
(7.45183 0.793965 -2.00497)
(7.45168 0.6 -2.00492)
(7.24229 0.401315 -2.00506)
(7.03369 0.391371 -2.00533)
(7.24127 0.789295 -2.21376)
(7.66461 0.795124 -2.2138)
(7.88014 0.795387 -2.21383)
(8.09714 0.795445 -2.21378)
(8.09703 0.6 -2.21383)
(7.45113 0.793979 -2.2138)
(7.0214 -2.18604e-07 -1.98239)
(7.04335 0.184081 -2.00548)
(7.02537 0.595559 -1.79634)
(7.87723 1.8 -1.79626)
(8.0961 1.8 -1.79607)
(7.65699 1.8 -1.7962)
(8.09713 0.795447 -1.79619)
(7.88008 0.795393 -1.79626)
(7.24125 0.789357 -1.79624)
(7.66465 0.795129 -1.79626)
(7.45137 0.793993 -1.79621)
(8.09704 0.6 -1.79607)
(7.66504 0.6 -1.79631)
(7.87444 0.40725 -1.79625)
(8.09438 0.40872 -1.79619)
(7.87997 0.6 -1.79628)
(7.45267 0.6 -1.79617)
(7.66167 0.408738 -1.79625)
(7.3 0.6 -1.79625)
(7.87804 1.49995 -2.005)
(7.87777 1.4999 -1.7963)
(8.09613 1.50007 -1.79625)
(8.09618 1.50001 -2.005)
(8.09614 1.49999 -2.21374)
(7.87788 1.5 -2.21379)
(7.44715 1.50062 -2.00498)
(7.44193 1.5003 -2.21375)
(7.65978 1.50012 -2.21376)
(7.66102 1.50015 -2.00498)
(7.44199 1.50031 -1.79628)
(7.65975 1.50006 -1.79631)
(7.87701 1.2 -2.00494)
(7.5 1.2 -2.005)
(8.09604 1.00454 -1.79615)
(8.09575 1.36891 -1.79616)
(7.65981 1.00437 -2.21378)
(7.65863 1.36888 -2.21377)
(8.09621 1.00454 -2.21373)
(8.09592 1.36891 -2.21373)
(7.65987 1.00439 -1.79634)
(7.65869 1.36887 -1.79636)
(7.87659 1.2 -1.79629)
(7.87761 1.36888 -2.00501)
(7.8782 1.0045 -2.00501)
(7.66038 1.2 -2.00484)
(8.09588 1.2 -2.00519)
(7.87784 1.2 -2.21412)
(7.44864 1.00408 -2.005)
(7.44731 1.3688 -2.005)
(7.5 1.2 -2.21375)
(7.5 1.2 -1.79625)
(8.09511 1.2 -1.79592)
(8.09625 1.00454 -2.00504)
(7.87786 1.0045 -1.79629)
(8.09597 1.36891 -2.00504)
(7.87724 1.36887 -1.7963)
(7.44041 1.00402 -2.21377)
(7.43856 1.36866 -2.21376)
(7.65709 1.2 -2.21375)
(7.87826 1.00451 -2.21389)
(7.66165 1.00439 -2.00497)
(7.87764 1.36889 -2.21388)
(7.66062 1.36891 -2.00496)
(8.09555 1.2 -2.21373)
(7.43859 1.36866 -1.79629)
(7.65738 1.2 -1.79643)
(7.44047 1.00403 -1.79627)
(7.87774 1.8 -2.00488)
(8.09591 1.63109 -2.21375)
(8.09614 1.63111 -1.79623)
(7.65889 1.63121 -2.21376)
(7.65869 1.6312 -1.79626)
(7.87795 1.6311 -2.00496)
(7.87758 1.8 -2.21375)
(8.09598 1.8 -2.00501)
(7.66087 1.8 -2.00474)
(7.44739 1.63147 -2.00498)
(8.09529 1.8 -2.2137)
(8.09611 1.63109 -2.00499)
(7.87769 1.63112 -2.21376)
(7.87755 1.6311 -1.79629)
(7.43873 1.63165 -2.21375)
(7.65734 1.8 -2.2138)
(7.66088 1.63119 -2.00491)
(7.4386 1.63156 -1.79626)
(7.03499 0.392777 -2.21383)
(7.05124 0.185834 -2.21382)
(7.06469 -2.18174e-07 -2.2138)
(7.2657 0.187457 -2.21378)
(7.66509 0.6 -2.2138)
(7.8757 0.407145 -2.21383)
(7.44848 0.403225 -2.21381)
(7.3 -2.44566e-10 -2.00813)
(7.40618 -8.67378e-09 -2.21376)
(7.24533 0.400737 -2.21379)
(7.45205 0.6 -2.21379)
(7.42619 0.187835 -2.21378)
(7.25522 0.187066 -2.00509)
(7.66307 0.408124 -2.21381)
(7.88009 0.6 -2.21388)
(8.0948 0.408696 -2.2138)
(7.3 -5.21364e-10 -2.21375)
(7.3 0.6 -2.21375)
(7.02778 0.59446 -2.21377)
(8.53332 1.2 -1.37878)
(8.53358 1.00455 -1.37876)
(8.53366 0.6 -1.37864)
(8.53239 0.40871 -1.37871)
(8.53375 0.795464 -1.37872)
(6.6266 1.13733 -2.00366)
(6.6238 1.50799 -2.00457)
(6.62726 1.13824 -1.58735)
(6.62459 1.50828 -1.58821)
(6.60814 1.88993 -2.00544)
(6.60844 1.89042 -1.5884)
(6.21081 1.90289 -2.21726)
(6.20706 1.89906 -2.00928)
(6.18914 2.12734 -2.21986)
(6.18703 2.12501 -2.01119)
(6.00114 2.10149 -2.22631)
(6.00016 2.09549 -2.01335)
(5.99999 2.33177 -2.24847)
(6 2.33295 -2.01875)
(6 2.10679 -1.1588)
(6 2.10408 -1.37827)
(6 2.33329 -1.37602)
(6 2.33263 -1.13168)
(6.18783 2.12922 -1.37789)
(6 2.09535 -1.59636)
(6 2.33214 -1.61989)
(6.18663 2.12525 -1.59317)
(6.20936 1.90515 -1.37882)
(6.20677 1.89942 -1.59068)
(6.20955 1.8931 -1.79995)
(6.18831 2.11462 -1.79991)
(6 2.06622 -1.8001)
(6 2.33332 -1.78378)
(5.69026 2.12684 -1.16602)
(6.21516 1.50382 -2.00594)
(6.21779 1.5046 -2.21277)
(6.00028 1.50362 -2.21401)
(6.00005 1.50203 -2.00648)
(5.23351 0.744232 -2.4391)
(5.23281 0.936797 -2.43827)
(5.49269 0.935919 -2.42438)
(5.49312 0.744869 -2.42508)
(6.21694 1.31157 -2.41879)
(6.21555 1.50318 -2.42136)
(5.49101 1.12861 -2.42321)
(5.48712 1.32595 -2.42095)
(5.75554 1.31522 -2.42864)
(5.22019 1.54538 -2.4235)
(5.47819 1.52784 -2.4192)
(5.22737 1.33312 -2.43191)
(5.23104 1.13195 -2.43621)
(5.75167 1.50863 -2.43156)
(5.99989 1.31093 -2.42307)
(6.0011 1.50209 -2.43029)
(5.75551 1.50831 -2.2183)
(5.74162 1.70303 -2.22451)
(5.74163 1.7056 -2.43414)
(5.45358 1.73177 -2.4253)
(5.43442 1.71417 -2.24447)
(5.10784 1.73856 -2.29245)
(5.18885 1.79249 -2.38699)
(5.23337 0.357947 -2.43893)
(5.23364 0.551784 -2.43924)
(5.49249 0.553097 -2.42506)
(5.49014 0.361658 -2.42514)
(5.23114 1.69973e-05 -2.43632)
(5.23283 0.16492 -2.43829)
(5.48347 0.173217 -2.42814)
(5.4706 3.26143e-05 -2.437)
(5.12585 1.75054 -2.06008)
(5.43732 1.71501 -2.033)
(5.75582 1.50697 -2.01086)
(5.74265 1.70146 -2.01461)
(5.14545 1.76363 -1.83065)
(5.45132 1.72472 -1.59912)
(5.44472 1.72004 -1.8159)
(5.74639 1.70331 -1.59277)
(5.74467 1.70025 -1.80373)
(5.75903 1.50667 -1.59283)
(5.75765 1.50625 -1.80295)
(6 1.50168 -1.38089)
(5.76017 1.50845 -1.38179)
(6 1.50024 -1.59113)
(6 1.5006 -1.80083)
(5.45568 1.72791 -1.38454)
(5.74766 1.70607 -1.38113)
(6.21708 1.50374 -1.38043)
(6.21505 1.50257 -1.59036)
(6.21713 1.5022 -1.79937)
(6 1.31055 -2.00386)
(6.21767 1.31224 -2.00367)
(6.21593 1.12414 -2.00315)
(6.00007 1.12222 -2.00341)
(6.21548 0.748382 -2.00312)
(6.21794 0.935428 -2.00292)
(6.00013 0.934632 -2.00335)
(6.00006 0.747525 -2.00288)
(6.00044 0.74711 -2.21109)
(5.76512 0.746904 -2.21423)
(5.25521 0.745147 -2.21272)
(5.25421 0.937479 -2.21167)
(5.25193 1.13168 -2.21092)
(5.24548 1.3287 -2.21156)
(5.49269 1.32385 -2.21632)
(5.47255 1.52073 -2.22554)
(5.22006 1.52741 -2.22616)
(5.99999 1.31442 -2.19889)
(5.50296 0.74569 -2.21637)
(5.50232 0.936699 -2.21577)
(6.0006 0.935819 -2.21183)
(5.76522 0.935572 -2.21413)
(6.21835 0.748074 -2.21009)
(5.76158 1.31592 -2.21107)
(5.49983 1.12881 -2.21541)
(5.76419 1.12358 -2.21345)
(6.00034 1.1214 -2.20995)
(5.70114 9.80119e-17 -1.6006)
(5.76704 0.369551 -1.59544)
(5.76474 0.178836 -1.59645)
(5.76856 0.749707 -1.59181)
(5.77528 0.562765 -1.59394)
(5.76965 1.12511 -1.58993)
(5.77584 0.936761 -1.58784)
(6 1.12428 -1.58752)
(6 0.936477 -1.5864)
(6.21526 0.751547 -1.58747)
(6 0.751354 -1.58702)
(6.2176 0.937182 -1.58647)
(6.21575 1.12549 -1.58751)
(6 0.369622 -1.59211)
(6 0.177978 -1.59604)
(6.24339 -1.91699e-06 -1.59463)
(6 0.00120832 -1.61332)
(6.20876 0.178809 -1.59347)
(6.21251 0.369843 -1.59159)
(6 0.568102 -1.59607)
(6.21689 0.563179 -1.59226)
(5.77615 1.12795 -1.37728)
(6 1.1339 -1.37385)
(6.21768 1.12785 -1.37652)
(6.21853 1.12227 -2.20932)
(6.2184 1.31328 -2.20668)
(6.21933 0.935518 -2.2099)
(6.20097 8.45136e-17 -1.37993)
(6.21117 0.17986 -1.3802)
(6.21758 0.56218 -1.38227)
(6.21749 0.753788 -1.37569)
(6.21812 0.937822 -1.37603)
(6.21559 0.368912 -1.38102)
(5.77464 0.368738 -1.38236)
(5.76903 0.179847 -1.38201)
(5.76314 8.46762e-17 -1.38263)
(6 0.936341 -1.37463)
(6 0.180449 -1.37501)
(6 0.564849 -1.38442)
(5.7767 0.753242 -1.37693)
(6 0.759473 -1.37025)
(5.77808 0.937646 -1.37668)
(6 0.366514 -1.37937)
(5.77771 0.561942 -1.38309)
(6 8.34836e-17 -1.36305)
(5.77312 1.30992 -1.59207)
(5.46995 1.52526 -1.60067)
(5.77209 1.31246 -1.80039)
(5.76339 1.31424 -2.00709)
(5.77454 1.12364 -1.79742)
(6 1.12261 -1.79617)
(6.2177 1.12356 -1.79612)
(6 1.31056 -1.80132)
(5.22494 0.745746 -2.031)
(5.22004 0.367461 -1.83237)
(5.22369 0.365075 -2.03347)
(5.22392 0.554921 -2.02941)
(5.24712 1.19933e-05 -2.01844)
(5.2263 0.176546 -2.03637)
(5.22477 0.178483 -1.83057)
(5.22447 1.12107e-16 -1.82977)
(4.93206 1.27816e-16 -2.0874)
(4.93266 0.171227 -2.0881)
(4.93251 0.381331 -2.08793)
(4.98467 0.176649 -1.83833)
(4.7176 0.365787 -1.8372)
(4.73613 1.13821e-16 -1.85882)
(4.73793 0.171788 -1.86092)
(4.97515 0.368814 -1.84293)
(4.98281 1.12757e-16 -1.8418)
(4.8232 1.5488 -1.96041)
(5.19493 1.52269 -2.04208)
(4.9295 1.51279 -2.08442)
(4.93948 1.62632 -2.09606)
(5.03493 1.52262 -2.20742)
(5.49934 0.746237 -2.01499)
(5.49817 0.555888 -2.0157)
(5.48796 0.178486 -2.02407)
(5.48315 1.15211e-05 -2.02943)
(6.24584 -2.21058e-05 -2.0114)
(6 0.000456711 -2.01867)
(6.00008 0.175754 -2.01382)
(6.20963 0.177565 -2.01145)
(6.21707 0.558015 -2.00342)
(6 0.558644 -2.00091)
(5.22278 0.937986 -2.02787)
(5.49815 0.936921 -2.01415)
(5.46487 1.51885 -2.02539)
(5.48702 1.32221 -2.01746)
(5.21319 1.32627 -2.03214)
(4.93027 1.11518 -2.08532)
(5.22013 1.13193 -2.0295)
(4.92843 1.32402 -2.08316)
(5.76729 0.746843 -2.00591)
(5.7667 0.557292 -2.00637)
(5.76386 0.36709 -2.01089)
(5.49478 0.366308 -2.01953)
(5.75318 0.178383 -2.01646)
(5.72171 -3.89052e-06 -1.99743)
(6.00003 0.366246 -2.00837)
(6.213 0.367699 -2.00753)
(5.76623 1.12402 -2.00601)
(5.7673 0.935324 -2.00569)
(5.49545 1.12863 -2.0148)
(6.21747 0.747385 -1.79615)
(6.21756 0.55842 -1.79943)
(6.21092 0.179004 -1.80063)
(6.20056 -7.64577e-06 -1.79597)
(6.21814 0.935376 -1.79496)
(6.21547 0.36815 -1.79925)
(6 0.557055 -1.80248)
(6 0.178213 -1.80486)
(6 0.934446 -1.79417)
(4.97976 1.32765 -1.82978)
(4.9917 1.66113 -1.84289)
(5.20217 1.52572 -1.82805)
(5.21691 1.13609 -1.82344)
(5.77264 0.367979 -1.80106)
(5.77509 0.746762 -1.7977)
(5.76025 1.10209e-16 -1.8)
(6 0.367065 -1.79826)
(5.77548 0.558115 -1.80073)
(6 0.745485 -1.79601)
(5.76572 0.179147 -1.80329)
(5.77596 0.935205 -1.7961)
(5.20919 1.32911 -1.82539)
(5.46468 1.52201 -1.81539)
(4.98232 1.13881 -1.82783)
(4.98217 1.499 -1.83886)
(6 3.38369e-06 -1.78162)
(5.99999 0.552028 -2.20481)
(5.49001 0.177122 -2.22645)
(6.00054 0.173428 -2.22557)
(5.50197 0.554496 -2.21696)
(5.24079 -6.68864e-06 -2.23151)
(5.25449 0.361453 -2.21481)
(6.20077 -8.7802e-05 -2.22462)
(5.76107 0.367109 -2.21921)
(6.21591 0.368118 -2.21512)
(5.73774 -2.12918e-05 -2.23166)
(6.21786 0.556157 -2.20933)
(6.21129 0.177341 -2.22112)
(6.00023 0.36783 -2.21674)
(5.76417 0.555167 -2.21335)
(5.74906 0.17755 -2.22647)
(5.49818 0.364622 -2.22059)
(5.2513 0.172834 -2.2203)
(5.25521 0.553241 -2.21312)
(5.99998 0.000702729 -2.24899)
(5.48244 3.86618e-06 -2.23126)
(5.04264 1.69509 -2.21642)
(6.21802 1.31052 -1.38069)
(6.21806 1.31134 -1.79886)
(6.21753 1.309 -1.59093)
(6 1.30439 -1.38359)
(5.77449 1.31159 -1.38128)
(6 1.30256 -1.59384)
(5.47463 1.52831 -1.38619)
(5.03895 0.937269 -2.21211)
(5.04151 0.16742 -2.2151)
(5.04019 0.553351 -2.21355)
(5.0363 1.32645 -2.20902)
(4.93279 0.746845 -2.08826)
(4.94755 0.555144 -2.10548)
(4.94658 0.937852 -2.10433)
(5.03968 0.745339 -2.21296)
(5.03781 1.13093 -2.21078)
(5.04069 0.36054 -2.21415)
(5.05675 2.57821e-06 -2.23287)
(6.2157 1.69774 -2.00777)
(6.00006 1.69449 -2.00835)
(5.72441 1.89831 -2.016)
(6.00011 1.89027 -2.01067)
(5.40221 1.93479 -2.02448)
(5.68417 2.12279 -2.01506)
(6.00067 1.89516 -2.21976)
(5.67797 2.11863 -2.229)
(5.72125 1.89772 -2.22774)
(5.43399 1.52062 -2.67278)
(5.25241 1.83494 -2.46108)
(5.39722 1.93152 -2.44363)
(5.98062 1.49058 -2.64856)
(6.20768 1.49732 -2.62144)
(5.39742 1.93158 -2.23793)
(5.7247 1.50496 -2.65823)
(5.43808 1.32208 -2.67773)
(5.99541 1.32365 -2.63687)
(6.20501 1.31303 -2.62425)
(5.73281 1.31664 -2.66001)
(5.42766 1.72139 -2.66515)
(6.00042 1.69742 -2.21763)
(5.9842 1.70367 -2.64836)
(5.46329 1.97555 -2.70435)
(6.21798 1.7011 -2.42187)
(6.2172 1.70025 -2.21564)
(6.21185 1.7028 -2.61672)
(5.71944 1.70338 -2.65608)
(5.39875 1.93179 -2.63184)
(6.0015 1.69884 -2.43245)
(5.68745 2.12496 -1.80168)
(5.7271 1.89689 -1.80354)
(5.68908 2.12605 -1.59156)
(5.72904 1.90145 -1.59224)
(5.4125 1.94167 -1.59442)
(5.40793 1.93862 -1.80893)
(6.21607 1.69451 -1.79922)
(6.21599 1.70033 -1.37964)
(6 1.89047 -1.59145)
(6 1.87623 -1.80029)
(6.21544 1.69732 -1.59019)
(6 1.69704 -1.37959)
(6 1.6888 -1.79903)
(5.73023 1.90445 -1.37985)
(5.41535 1.94356 -1.38167)
(5.68993 2.12662 -1.37845)
(6 1.89728 -1.37885)
(6 1.69382 -1.59056)
(6.10572 2.4038 -2.01133)
(6.34487 2.33444 -2.00762)
(6.34531 2.33412 -1.79762)
(6.10482 2.40322 -1.79702)
(6.10543 2.40362 -1.59548)
(6.34485 2.33435 -1.5901)
(6.56935 2.29603 -2.00588)
(6.56414 2.30628 -1.79717)
(6.56949 2.29608 -1.58834)
(6.34524 2.33407 -1.37778)
(6.10462 2.40308 -1.37697)
(6.56415 2.30632 -1.3782)
(7.01929 2.22682 -2.00509)
(7.23957 2.2129 -2.00503)
(7.23957 2.21222 -1.79627)
(7.01991 2.22057 -1.7963)
(7.01975 2.22052 -2.21363)
(7.23949 2.21221 -2.21377)
(7.01938 2.22689 -1.58761)
(7.23963 2.21292 -1.58752)
(7.01992 2.2206 -1.3787)
(7.23958 2.21223 -1.37872)
(6.19154 2.46102 -1.37777)
(6.34494 2.33406 -2.21542)
(6.56369 2.3062 -2.21357)
(6.55526 2.48098 -2.21353)
(6.19144 2.46097 -2.21516)
(6.29721 2.53147 -2.21377)
(6.29731 2.53154 -2.00603)
(6.19157 2.46106 -2.00763)
(6.19158 2.46106 -1.79794)
(6.19152 2.46101 -1.58987)
(7.45221 2.4 -1.79626)
(7.45206 2.4 -2.00502)
(7.44971 2.59719 -2.00506)
(7.44981 2.59706 -1.79627)
(7.4515 2.4 -2.21425)
(7.44957 2.59707 -2.214)
(7.48491 3 -2.00501)
(7.44123 2.81253 -2.00502)
(7.44121 2.81194 -2.2138)
(7.43479 3 -2.21376)
(7 3 -2.005)
(6.52041 2.68028 -1.58759)
(7.01098 2.61324 -2.00502)
(7 3 -1.5875)
(6.52038 2.68026 -2.00514)
(7.01101 2.61325 -1.58751)
(6.75635 2.83757 -2.21376)
(6.75637 2.83758 -1.79626)
(6.75638 2.83759 -1.37875)
(6.29733 2.53155 -1.7972)
(6.29731 2.53154 -1.37829)
(7.22301 2.81228 -2.21377)
(7.22303 2.81228 -1.79625)
(7.22303 2.81228 -1.37874)
(6.40008 2.60006 -2.00539)
(6.40012 2.60007 -1.58776)
(7.00501 2.81266 -2.00501)
(7 3 -2.21375)
(7 3 -1.79625)
(7.219 3 -2.005)
(7 3 -1.37875)
(6.51901 2.67933 -2.21373)
(6.51909 2.6794 -1.79641)
(6.55495 2.48146 -1.58786)
(6.5191 2.6794 -1.37869)
(6.78422 2.63002 -1.58753)
(6.63143 2.75429 -1.58753)
(7.23515 2.6004 -1.5875)
(6.78419 2.63 -2.00505)
(7.01109 2.61292 -2.21376)
(7.01115 2.61294 -1.79627)
(7.23511 2.6004 -2.00502)
(6.55488 2.48143 -2.00547)
(7.00502 2.81266 -1.5875)
(6.86746 2.91164 -1.5875)
(7.219 3 -1.5875)
(6.63142 2.75428 -2.00505)
(7.43479 3 -1.79625)
(7.01115 2.61295 -1.37873)
(6.78511 2.62878 -1.79631)
(6.5555 2.48108 -1.79678)
(7.23515 2.60035 -1.79626)
(6.78504 2.62873 -2.21375)
(6.63138 2.75425 -2.21376)
(6.75637 2.83758 -2.00502)
(7.00501 2.81262 -2.21376)
(6.39997 2.59999 -2.21368)
(6.75638 2.83758 -1.58751)
(6.63142 2.75429 -1.7963)
(7.00502 2.81263 -1.79626)
(6.78511 2.62878 -1.37872)
(6.63143 2.75429 -1.37873)
(7.00503 2.81263 -1.37875)
(6.55551 2.48109 -1.37847)
(6.29731 2.53154 -1.58827)
(6.40011 2.60007 -1.79666)
(6.40012 2.60008 -1.37856)
(7.2351 2.60034 -2.21381)
(7.22302 2.81235 -2.00501)
(7.22303 2.81236 -1.5875)
(7.44124 2.81194 -1.79626)
(7.23515 2.60035 -1.37873)
(6.86746 2.91164 -1.37875)
(7.219 3 -1.37875)
(6.86746 2.91164 -1.79625)
(6.86746 2.91164 -2.21375)
(7.219 3 -2.21375)
(7.219 3 -1.79625)
(7.3 2.4 -1.79625)
(7.3 2.4 -2.21375)
(7.3 2.4 -1.37875)
(7.02007 2.40931 -2.00502)
(7.0201 2.40933 -1.58752)
(7.02018 2.4085 -1.79627)
(7.3 2.4 -2.005)
(7.3 2.4 -1.5875)
(7.02011 2.40847 -2.21371)
(7.02018 2.4085 -1.37873)
(6.1042 2.40276 -2.22163)
(7.65723 1.5001 0.292476)
(7.43918 1.50028 0.293475)
(7.65681 1.50013 0.0834557)
(7.4404 1.50063 0.0835307)
(7.02008 1.50355 -0.333322)
(7.02029 1.50383 0.0828518)
(7.02572 1.50368 -0.751862)
(7.43598 1.50027 -0.124892)
(7.43832 1.5006 -0.332546)
(7.44595 1.50061 -0.752042)
(7.44176 1.50027 -0.9611)
(7.44733 1.50065 -1.16998)
(7.43824 1.50026 -0.542581)
(7.44212 1.50032 -1.37883)
(7.87528 1.49996 -0.334012)
(7.87513 1.50007 -0.125473)
(7.87489 1.63114 -0.125441)
(7.87491 1.63111 -0.333816)
(8.09473 1.63109 -0.334471)
(8.0948 1.6311 -0.126011)
(7.65581 1.50022 -0.333343)
(7.65535 1.50014 -0.125075)
(8.31431 1.63108 -0.543567)
(8.0952 1.63108 -0.543391)
(8.31429 1.63108 -0.334634)
(8.31426 1.63109 -0.126031)
(8.53336 1.63108 -0.12606)
(8.53339 1.6311 -0.334622)
(8.53341 1.63112 -0.543544)
(7.87757 1.63112 -0.961029)
(7.87718 1.63115 -0.751835)
(8.09592 1.63109 -0.75231)
(8.09609 1.63108 -0.961256)
(7.87573 1.6311 -0.542916)
(7.87611 1.49997 -0.54306)
(7.66066 1.63119 -0.752217)
(7.65904 1.63122 -0.961005)
(7.65639 1.6312 -0.542634)
(7.65715 1.50012 -0.54275)
(8.09631 1.63109 -1.17005)
(7.87832 1.63111 -1.16991)
(8.3147 1.63107 -0.96123)
(8.31465 1.63108 -0.752361)
(8.3148 1.63108 -1.17009)
(7.65976 1.50011 -0.961105)
(7.66028 1.50016 -0.752107)
(7.66172 1.63119 -1.17004)
(7.66145 1.50009 -1.17005)
(8.53362 1.63109 -0.961144)
(8.53348 1.63109 -0.752443)
(7.66001 1.50015 -1.37892)
(7.8778 1.63112 -1.37878)
(8.0962 1.63111 -1.37885)
(7.6592 1.63124 -1.37902)
(7.6564 1.36891 0.083405)
(7.43792 1.36881 0.0832071)
(8.09617 1.36892 -1.17007)
(8.09608 1.36893 -1.37885)
(7.87772 1.36892 -1.3791)
(7.8783 1.36892 -1.17023)
(7.65883 1.36888 -1.37898)
(7.66133 1.36887 -1.17018)
(7.43866 1.36867 -1.37882)
(7.44746 1.36881 -1.17003)
(8.53349 1.36889 -0.961424)
(8.53344 1.36892 -0.752512)
(8.53344 1.36893 -0.54371)
(7.87499 1.36892 -0.125503)
(8.09466 1.36892 -0.125811)
(7.43333 1.36866 -0.125129)
(7.43365 1.36882 -0.331139)
(7.65454 1.36889 -0.125173)
(8.31435 1.36891 -0.543559)
(8.0952 1.36891 -0.54343)
(8.09468 1.36888 -0.334589)
(8.31407 1.36889 -0.334608)
(7.8751 1.36891 -0.333967)
(8.31402 1.3689 -0.126139)
(7.65472 1.36891 -0.333034)
(8.53318 1.36888 -0.33471)
(8.53338 1.36887 -0.126038)
(7.87746 1.36892 -0.961198)
(7.87744 1.36893 -0.752376)
(8.09578 1.3689 -0.752341)
(8.09597 1.36892 -0.961247)
(7.87603 1.3689 -0.543187)
(7.43849 1.36865 -0.96119)
(7.4466 1.36879 -0.752234)
(7.43538 1.36866 -0.542753)
(7.66042 1.36891 -0.752295)
(7.65884 1.36885 -0.961238)
(7.65654 1.36889 -0.542802)
(8.3146 1.36889 -0.961282)
(8.31462 1.36891 -0.752332)
(7.43827 1.36865 0.295161)
(7.65698 1.36889 0.292963)
(7.02046 1.1671 0.0825127)
(7.01901 1.16699 -0.33217)
(7.02864 1.16708 -0.751959)
(7.03039 0.78309 -0.334496)
(7.03065 0.78312 0.082542)
(7.02804 0.784945 -0.126073)
(7.03154 0.783278 -0.752457)
(7.02798 0.785143 -0.961268)
(7.02821 0.78499 -0.543598)
(7.0282 0.784995 0.291274)
(7.65829 1.00438 0.0832148)
(7.66425 0.795118 0.0826876)
(7.65649 1.2 0.0831897)
(7.48144 1.2 0.0814364)
(7.44049 1.00409 0.0829823)
(7.45079 0.793947 0.0826673)
(7.24165 0.789051 0.0825671)
(7.66924 0.407331 0.0824977)
(7.46218 0.402976 0.0824945)
(7.49317 0.187436 0.0825159)
(7.54374 5.85526e-17 0.0825)
(7.04714 0.390223 0.0827832)
(7.0254 -5.09575e-18 0.0832433)
(7.06607 0.185185 0.082899)
(7.25391 0.400276 0.0825523)
(7.2852 0.187351 0.0825772)
(7.3 5.85526e-17 0.0825)
(7.66521 0.6 0.0825392)
(7.45172 0.6 0.0824489)
(7.3 0.6 0.0825)
(7.03124 0.593783 0.0825727)
(7.87864 0.401161 -0.752489)
(7.88061 0.6 -0.752527)
(7.88018 0.6 -0.961188)
(7.87795 0.407144 -0.961198)
(7.80604 -1.81401e-17 -1.17)
(7.86776 7.42678e-18 -0.7525)
(7.86721 0.401204 -1.16994)
(7.88404 0.401157 -0.334984)
(7.88034 0.6 -0.334953)
(7.88041 0.6 -0.543722)
(7.88147 0.407129 -0.543732)
(7.89558 3.29869e-17 -0.334999)
(7.88286 0.407128 -0.126244)
(7.88036 0.6 -0.126227)
(7.88047 0.795385 -1.16997)
(7.8803 0.795382 -0.961202)
(7.66499 0.795136 -0.961172)
(7.66533 0.795134 -1.16993)
(7.5 1.2 -0.12625)
(7.43647 1.00402 -0.125405)
(7.45087 0.793946 -0.334555)
(7.45069 0.793965 -0.125971)
(7.43652 1.0041 -0.331536)
(7.47269 1.2 -0.327314)
(7.5 1.2 -0.7525)
(7.5 1.2 -0.96125)
(7.44054 1.00402 -0.961208)
(7.44834 1.00408 -0.75233)
(7.45247 0.79397 -1.16989)
(7.45164 0.79398 -0.9611)
(7.44888 1.00409 -1.17001)
(7.45219 0.793953 -0.752355)
(7.5 1.2 -1.17)
(7.43813 1.00402 -0.542993)
(7.5 1.2 -0.54375)
(7.45123 0.79397 -0.543589)
(7.8804 0.795375 -0.752458)
(7.88011 0.795385 -0.543624)
(7.66463 0.795126 -0.54358)
(7.66511 0.795126 -0.752389)
(7.66416 0.795118 -0.126042)
(7.87982 0.795381 -0.126093)
(7.88039 0.6 -1.16986)
(7.87988 0.795383 -0.334796)
(7.66429 0.79512 -0.33471)
(7.66491 0.795128 -1.37874)
(7.88034 0.79538 -1.37887)
(7.44055 1.00403 -1.37878)
(7.45144 0.793994 -1.37864)
(7.5 1.2 -1.37875)
(7.88034 0.6 -1.37899)
(7.8751 0.407254 -1.37882)
(8.09721 0.795438 -1.37878)
(7.87835 1.00451 -1.37909)
(8.09637 1.00454 -1.37883)
(7.66003 1.0044 -1.37895)
(7.87749 1.2 -1.37945)
(8.09577 1.2 -1.3788)
(7.65721 1.2 -1.37904)
(8.09364 0.407263 -1.16996)
(8.09726 0.79544 -1.16998)
(8.09707 0.6 -1.16993)
(8.3144 1.2 -0.961326)
(8.53345 1.2 -0.961763)
(8.31477 1.2 -0.752165)
(8.53332 1.2 -0.752549)
(8.31438 1.2 -0.543638)
(8.53364 1.2 -0.543869)
(7.87749 1.2 -0.75267)
(8.09572 1.2 -0.752348)
(8.09586 1.2 -0.961303)
(7.87705 1.2 -0.961099)
(7.87592 1.2 -0.543307)
(8.09518 1.2 -0.54347)
(7.65758 1.2 -0.961327)
(7.66123 1.2 -0.752588)
(7.87851 1.2 -1.17045)
(8.09596 1.2 -1.17004)
(7.87503 1.2 -0.333759)
(8.0945 1.2 -0.334858)
(7.66188 1.2 -1.17034)
(7.65628 1.2 -0.542801)
(7.65399 1.2 -0.332585)
(8.31407 1.2 -0.334343)
(8.53287 1.2 -0.334536)
(8.53369 1.2 -0.125917)
(8.31387 1.2 -0.126489)
(8.09464 1.2 -0.125714)
(7.87498 1.2 -0.125582)
(8.3143 1.00455 -0.126182)
(8.53349 1.00455 -0.126064)
(7.65382 1.2 -0.125398)
(7.87891 1.0045 -1.17022)
(8.09646 1.00453 -1.17006)
(7.66237 1.00441 -1.17017)
(8.31308 0.401155 -0.7525)
(8.315 0.795459 -0.334967)
(8.31947 3.29885e-17 -0.334999)
(8.31515 0.795459 -0.752478)
(8.31609 0.401179 -0.335027)
(8.30403 7.4234e-18 -0.752499)
(8.53355 1.00455 -0.961428)
(8.5336 0.6 -0.961187)
(8.09705 0.6 -0.961211)
(8.09717 0.6 -0.543693)
(8.53351 0.6 -0.543643)
(8.09631 1.00453 -0.961259)
(8.09573 1.00454 -0.543509)
(8.53353 1.00455 -0.543728)
(8.09686 0.6 -0.126296)
(8.53364 0.6 -0.126233)
(8.09527 1.00454 -0.125893)
(7.66015 1.00439 -0.961263)
(7.65838 1.00437 -0.543001)
(7.65668 1.00437 -0.125406)
(8.09831 0.407258 -0.334968)
(8.09666 0.407252 -0.752494)
(7.87826 1.0045 -0.752453)
(8.09725 0.795447 -0.752467)
(7.87629 1.0045 -0.33415)
(8.09698 0.795441 -0.334883)
(8.53365 0.795472 -0.334801)
(8.31498 0.6 -0.752495)
(8.31502 0.407227 -0.543757)
(8.31353 0.40723 -0.961237)
(8.5331 0.407259 -0.752528)
(8.3148 1.00455 -0.752363)
(8.316 0.407232 -0.126229)
(8.31516 0.795465 -0.961245)
(8.53375 0.795462 -0.752528)
(8.31505 0.795459 -0.54372)
(8.31491 0.6 -0.335185)
(8.31433 1.00455 -0.33467)
(8.31505 0.795459 -0.126193)
(8.53392 0.407262 -0.334828)
(8.53294 0.408709 -0.961229)
(8.53371 0.795468 -0.961254)
(8.31474 1.00455 -0.961289)
(8.53352 1.00455 -0.752529)
(8.31504 0.6 -0.961255)
(8.53375 0.6 -0.752601)
(8.09603 0.408693 -0.961217)
(8.09722 0.6 -0.752514)
(8.09722 0.795445 -0.961223)
(8.31491 0.6 -0.543798)
(8.09761 0.408691 -0.543721)
(8.09712 0.795446 -0.543662)
(8.09713 0.6 -0.334918)
(8.53356 0.408709 -0.543685)
(8.53364 0.795464 -0.543681)
(8.53364 0.6 -0.334567)
(8.0962 1.00453 -0.752388)
(7.87817 1.0045 -0.961224)
(8.31458 1.00454 -0.543606)
(8.09528 1.00453 -0.334689)
(7.87708 1.0045 -0.543324)
(8.53329 1.00455 -0.334729)
(8.31511 0.6 -0.126212)
(8.09824 0.408691 -0.126253)
(8.09689 0.795438 -0.126166)
(8.53404 0.408711 -0.126221)
(8.53368 0.795469 -0.126189)
(7.87622 1.0045 -0.125656)
(7.66175 1.00439 -0.75238)
(7.65678 1.00438 -0.333327)
(8.09698 0.6 -1.37879)
(8.0947 0.408713 -1.37876)
(7.02284 7.31904e-17 -1.19527)
(7.03528 0.391411 -1.17074)
(7.04523 0.184088 -1.1711)
(7.04365 0.390372 -0.752898)
(7.03784 0.392773 -0.961625)
(7.03101 0.593786 -0.334873)
(7.03055 0.594291 -0.126162)
(7.04453 0.392509 -0.126086)
(7.04646 0.390262 -0.334843)
(7.02822 0.594285 -1.17017)
(7.02886 0.594463 -0.961353)
(7.03022 0.594317 -0.543727)
(7.04316 0.392543 -0.543819)
(7.02467 0.399153 -1.37915)
(7.02557 0.595571 -1.37888)
(7.03046 0.593864 -0.752571)
(7.25665 0.187069 -1.17022)
(7.3 -1.79492e-17 -1.16687)
(7.3 -1.9579e-17 -1.19348)
(7.37343 0.186282 -1.17004)
(7.4434 0.403588 -1.16991)
(7.66168 0.407553 -1.16989)
(7.66565 0.6 -1.16982)
(7.45301 0.6 -1.1698)
(7.2432 0.40132 -1.17012)
(7.02485 2.04846e-17 -0.334569)
(7.45701 0.402989 -0.752434)
(7.02172 4.61328e-17 -0.753428)
(7.5384 3.29881e-17 -0.335)
(7.4618 0.402977 -0.335048)
(7.51147 7.4234e-18 -0.7525)
(7.26926 0.187457 -0.961403)
(7.66554 0.6 -0.961172)
(7.28228 0.187526 -0.543783)
(7.66574 0.6 -0.543772)
(7.28502 0.187527 -0.126186)
(7.66556 0.6 -0.126286)
(7.66888 0.407335 -0.335045)
(7.6665 0.407345 -0.752435)
(7.06721 5.89128e-17 -0.962096)
(7.0752 3.33053e-17 -0.543895)
(7.06519 0.18519 -0.334786)
(7.07635 7.70461e-18 -0.125864)
(7.3 3.29881e-17 -0.335)
(7.45133 0.403223 -0.961138)
(7.2507 0.400324 -0.752566)
(7.45248 0.6 -0.752313)
(7.46053 0.403119 -0.543793)
(7.46778 0.1874 -0.752517)
(7.46243 0.403125 -0.126193)
(7.41669 -5.36002e-18 -0.961247)
(7.06078 0.185173 -0.753051)
(7.3 7.42361e-18 -0.7525)
(7.25343 0.400281 -0.334981)
(7.45319 0.6 -0.335146)
(7.48916 0.187434 -0.334998)
(7.48787 2.02068e-17 -0.54375)
(7.4983 4.57703e-17 -0.12625)
(7.05484 0.185832 -0.961917)
(7.06399 0.185998 -0.543875)
(7.06593 0.185996 -0.125971)
(7.43569 0.187839 -0.961271)
(7.24728 0.40073 -0.961323)
(7.27771 0.18734 -0.752612)
(7.25359 0.400535 -0.126203)
(7.45296 0.6 -0.126071)
(7.66479 0.408123 -0.961168)
(7.45278 0.6 -0.960959)
(7.66544 0.6 -0.752388)
(7.25235 0.400547 -0.543776)
(7.45319 0.6 -0.543871)
(7.48495 0.188032 -0.543763)
(7.28398 0.187352 -0.334963)
(7.66802 0.408069 -0.543759)
(7.66571 0.6 -0.335102)
(7.49379 0.188039 -0.126229)
(7.66892 0.408063 -0.126261)
(7.3 -5.35865e-18 -0.96125)
(7.3 2.02059e-17 -0.54375)
(7.3 4.57704e-17 -0.12625)
(7.66545 0.6 -1.37871)
(7.44651 0.407151 -1.37864)
(7.66216 0.408737 -1.37869)
(7.45243 0.6 -1.37849)
(7.3 0.6 -0.12625)
(7.3 0.6 -0.96125)
(7.3 0.6 -0.54375)
(7.3 0.6 -1.37875)
(7.24201 0.789142 -1.16998)
(7.24164 0.789046 -0.334815)
(7.24209 0.789082 -0.752448)
(7.24134 0.789249 -0.126135)
(7.3 0.6 -0.335)
(7.3 0.6 -0.7525)
(7.24163 0.789299 -0.961214)
(7.3 0.6 -1.17)
(7.24153 0.789261 -0.543662)
(7.23923 0.406143 -1.37883)
(7.24134 0.789365 -1.37873)
(7.5091 1.2 0.3)
(7.65689 1.2 0.293581)
(7.65881 1.00437 0.292767)
(7.03067 0.59431 0.291281)
(7.04483 0.392531 0.291352)
(7.28555 0.187529 0.291282)
(7.66552 0.6 0.291171)
(7.07654 -1.78419e-17 0.291418)
(7.46262 0.403125 0.291203)
(7.4511 0.793968 0.29166)
(7.5003 7.13337e-17 0.29125)
(7.0663 0.186001 0.291394)
(7.25381 0.400541 0.291264)
(7.45238 0.6 0.291202)
(7.49548 0.188041 0.291248)
(7.66912 0.40806 0.29118)
(7.66449 0.795117 0.291462)
(7.44093 1.00401 0.294859)
(7.3 7.13348e-17 0.29125)
(7.3 0.6 0.29125)
(7.24146 0.789261 0.291329)
(7.87835 1.50004 -1.17005)
(8.09633 1.50002 -1.17004)
(8.31482 1.5 -1.17004)
(8.09479 1.49994 -0.334499)
(8.09525 1.5 -0.543371)
(8.31435 1.49999 -0.543529)
(8.53341 1.50012 -0.543618)
(8.31411 1.49999 -0.126028)
(8.31416 1.49992 -0.33467)
(8.09473 1.50003 -0.125857)
(8.53331 1.49997 -0.33476)
(8.53333 1.49993 -0.126073)
(8.31461 1.5 -0.752364)
(8.31472 1.49994 -0.961232)
(8.09611 1.5 -0.961204)
(7.87775 1.50004 -0.961118)
(7.87742 1.50015 -0.75213)
(8.09585 1.49997 -0.752291)
(8.53348 1.50001 -0.752453)
(8.53356 1.49993 -0.961257)
(8.09628 1.50005 -1.37884)
(7.87802 1.50005 -1.3789)
(7.45074 2.20648 0.0826291)
(7.4404 1.996 0.0829694)
(7.48144 1.8 0.0814364)
(7.01465 1.84091 0.0823267)
(7.01743 2.2269 0.0823171)
(7.23905 2.21291 0.0825141)
(7.66434 2.20498 0.0825885)
(7.66562 2.4 0.0822946)
(7.45319 2.4 0.082467)
(7.66542 2.5927 0.0823933)
(7.45027 2.59719 0.082449)
(7.44133 2.81253 0.0824864)
(7.48491 3 0.0825)
(7.01092 2.61325 0.0824677)
(7.23522 2.6004 0.0824798)
(7.3 2.4 0.0825)
(7.01965 2.40933 0.08246)
(7.22305 2.81236 0.082492)
(7 3 0.0825)
(7.219 3 0.0825)
(7.00501 2.81266 0.0824908)
(7.65806 1.99564 0.0831778)
(7.65592 1.8 0.0832023)
(7.65618 1.63119 0.0833866)
(7.43787 1.63143 0.0832072)
(7.01728 2.22681 -0.334629)
(7.01965 2.40931 -0.334927)
(7.01984 2.4085 -0.126237)
(7.01881 2.22056 -0.126184)
(7.01093 2.61325 -0.335)
(7.01109 2.61294 -0.126271)
(7 3 -0.335)
(7 3 -0.12625)
(7.00502 2.81263 -0.126258)
(7.00501 2.81266 -0.335003)
(7.01325 1.84058 -0.332261)
(7.01981 2.22059 -0.961083)
(7.01893 2.22688 -0.752179)
(7.02298 1.84087 -0.751823)
(7.01924 2.22056 -0.543551)
(7 3 -0.96125)
(7.00503 2.81263 -0.961239)
(7.02015 2.4085 -0.961192)
(7.01116 2.61295 -0.961209)
(7.01998 2.40932 -0.752422)
(7.011 2.61325 -0.752464)
(7.01998 2.40849 -0.543689)
(7.01112 2.61294 -0.543732)
(7.00503 2.81263 -0.543747)
(7 3 -0.54375)
(7 3 -0.7525)
(7.00502 2.81266 -0.752492)
(6.56879 2.29588 -0.335609)
(6.55485 2.48143 -0.335432)
(6.52042 2.68028 -0.335117)
(6.78421 2.63002 -0.335043)
(6.75638 2.83759 -0.33501)
(6.86746 2.91164 -0.335002)
(6.63143 2.75429 -0.335036)
(6.56394 2.30625 -0.543688)
(6.55547 2.48108 -0.543692)
(6.5191 2.6794 -0.543734)
(6.34522 2.33406 -0.544069)
(6.10467 2.40311 -0.546065)
(6.19153 2.46102 -0.543888)
(6.29731 2.53154 -0.543689)
(6.40012 2.60008 -0.54371)
(6.56409 2.30634 -0.95953)
(6.56927 2.2962 -0.751239)
(6.10536 2.40357 -0.744724)
(6.34478 2.33433 -0.749482)
(6.34519 2.33404 -0.958434)
(7.01889 2.22059 0.291154)
(6.56876 2.29624 0.081129)
(6.56376 2.30622 -0.128285)
(6.56381 2.30636 0.290989)
(6.3448 2.33436 -0.335999)
(6.34501 2.33394 -0.130837)
(6.34469 2.33433 0.0793124)
(6.34515 2.33406 0.291384)
(7 3 0.29125)
(7.00502 2.81263 0.291242)
(7.01986 2.4085 0.29121)
(7.01108 2.61295 0.291219)
(7.44079 1.99607 0.294832)
(7.45073 2.20641 0.291603)
(7.5091 1.8 0.3)
(7.66438 2.20496 0.291442)
(7.23921 2.21222 0.291284)
(7.45286 2.4 0.291129)
(7.66554 2.4 0.291237)
(7.22304 2.81228 0.291238)
(7.43479 3 0.29125)
(7.4501 2.59706 0.291147)
(7.23519 2.60035 0.291216)
(7.44128 2.81194 0.291225)
(7.66537 2.59198 0.291169)
(7.219 3 0.29125)
(7.3 2.4 0.29125)
(7.65641 1.8 0.293517)
(7.65857 1.99565 0.292708)
(7.65678 1.6312 0.292913)
(7.43823 1.63152 0.295149)
(6.55543 2.4811 0.291051)
(6.55483 2.48147 0.081789)
(6.19152 2.46102 -0.336307)
(6.19144 2.46096 -0.13064)
(6.1915 2.461 0.291251)
(6.2973 2.53153 0.291039)
(6.29728 2.53152 -0.127921)
(6.29729 2.53153 0.0812232)
(6.19147 2.46098 0.0794293)
(6.40012 2.60008 -0.335325)
(6.29731 2.53154 -0.335757)
(6.52041 2.68028 0.0823329)
(6.75638 2.83759 -0.126266)
(6.75638 2.83759 0.291245)
(6.40011 2.60008 0.0820127)
(6.5191 2.6794 -0.126455)
(6.7842 2.63002 0.0824323)
(6.63143 2.75429 0.0824493)
(6.5191 2.6794 0.291194)
(6.86746 2.91164 0.0824969)
(6.7851 2.62878 -0.126327)
(6.55542 2.48107 -0.127162)
(6.75638 2.83758 0.0824866)
(6.63143 2.75429 -0.126311)
(6.7851 2.62878 0.291219)
(6.63143 2.75429 0.291231)
(6.40011 2.60008 -0.126861)
(6.40011 2.60008 0.291117)
(6.86746 2.91164 0.291249)
(6.86746 2.91164 -0.126254)
(5.83085 2.22057 -0.744736)
(5.69043 2.12695 -0.749641)
(5.69047 2.12698 -0.543888)
(5.83103 2.22069 -0.545755)
(6 2.0968 -0.545872)
(6.1864 2.13041 -0.747355)
(6 2.33226 -0.72427)
(6.188 2.12459 -0.544504)
(6 2.10418 -0.744965)
(6 2.33316 -0.560378)
(5.54379 2.0292 -0.543697)
(5.54375 2.02917 -0.751404)
(6.52042 2.68028 -0.75235)
(6.75638 2.83759 -0.961233)
(6.75638 2.83758 -0.543749)
(6.29731 2.53154 -0.959757)
(6.5191 2.6794 -0.961035)
(6.55491 2.48147 -0.751866)
(6.78422 2.63002 -0.752438)
(6.78512 2.62878 -0.961163)
(6.75638 2.83759 -0.752488)
(6.55549 2.48109 -0.960366)
(6.78511 2.62878 -0.543741)
(6.2973 2.53153 -0.751354)
(7.44756 1.63145 -1.17)
(7.88037 2.20464 -1.16998)
(8.09726 2.20456 -1.17001)
(8.0966 1.99548 -1.17004)
(7.8789 1.99552 -1.1699)
(7.87826 1.8 -1.16977)
(8.09624 1.8 -1.17008)
(8.31474 1.8 -1.17021)
(8.31493 1.99546 -1.17009)
(7.66269 1.99565 -1.17003)
(7.66503 2.20498 -1.16996)
(7.66279 1.8 -1.17013)
(8.09723 2.20456 -1.37877)
(8.09648 1.99548 -1.37884)
(8.09706 2.4 -1.17002)
(8.09701 2.4 -1.37875)
(8.3147 1.8 -1.37871)
(8.3149 1.99546 -1.37877)
(8.31515 2.20454 -1.37874)
(7.88021 2.4 -1.17)
(7.88032 2.20464 -1.37876)
(7.88033 2.4 -1.37874)
(7.66476 2.20497 -1.37874)
(7.88035 2.4 -0.126259)
(7.8798 2.20463 -0.126114)
(7.87625 3 -0.335)
(7.88002 2.59886 -0.33503)
(7.88061 2.59288 -0.126273)
(7.87979 2.20464 -0.334813)
(7.88025 2.4 -0.335068)
(7.66408 2.20497 -0.334687)
(7.66411 2.20497 -0.126041)
(7.45004 2.20648 -0.334562)
(7.45016 2.2064 -0.12606)
(7.23909 2.21222 -0.126179)
(7.23892 2.2129 -0.33484)
(7.23958 2.21223 -0.961192)
(7.23931 2.21222 -0.543643)
(7.23955 2.21291 -0.752412)
(7.45182 2.20649 -0.752408)
(7.45108 2.20641 -0.961194)
(7.45062 2.20641 -0.543533)
(7.66489 2.20496 -0.961198)
(7.88033 2.20464 -0.961226)
(7.8803 2.20463 -0.752341)
(7.66509 2.20497 -0.752361)
(7.66446 2.20496 -0.543532)
(7.88002 2.20464 -0.543577)
(8.31509 2.59884 -1.17002)
(8.31436 3 -1.17)
(8.31519 2.59277 -1.37873)
(8.31496 2.4 -1.37871)
(8.31499 2.4 -1.17005)
(7.88038 2.4 -0.96136)
(7.87625 3 -1.17)
(7.87995 2.59886 -1.17)
(7.88059 2.59288 -0.961278)
(7.88009 2.59885 -0.752458)
(7.87625 3 -0.7525)
(8.09731 2.59275 -1.17)
(7.88041 2.4 -0.543737)
(7.88045 2.4 -0.752385)
(7.88064 2.59288 -0.543741)
(8.31507 2.20455 -0.126282)
(8.31505 2.4 -0.126437)
(8.09697 2.20456 -0.12621)
(8.09708 2.4 -0.126262)
(8.31436 3 -0.335)
(8.31508 2.59884 -0.334988)
(8.09736 2.59275 -0.335005)
(8.31523 2.59277 -0.126337)
(8.09743 2.59131 -0.126274)
(8.0971 2.4 -0.335)
(8.09698 2.20456 -0.334897)
(8.31504 2.20455 -0.334918)
(8.31454 1.99546 -0.126093)
(8.31456 1.99546 -0.334695)
(8.53351 1.99546 -0.334662)
(8.53347 1.99545 -0.126101)
(8.09723 2.20457 -0.96121)
(8.09711 2.20457 -0.543657)
(8.09722 2.20456 -0.752437)
(8.31517 2.20455 -1.17003)
(8.31517 2.20455 -0.961255)
(8.31485 1.99546 -0.961236)
(8.31522 2.20455 -0.752505)
(8.31484 1.99547 -0.752388)
(8.3151 2.20455 -0.543694)
(8.31454 1.99546 -0.543608)
(8.53359 1.99544 -1.17004)
(8.53368 1.99544 -0.961137)
(8.53351 1.99545 -0.543561)
(8.53356 1.99545 -0.752444)
(8.53373 2.20453 -1.17004)
(8.53366 2.4 -1.17015)
(8.53374 2.59274 -1.17004)
(8.53328 1.8 -1.17015)
(7.87459 1.8 -0.333541)
(7.87609 1.9955 -0.334)
(8.09533 1.99547 -0.334572)
(8.09457 1.8 -0.334474)
(7.43638 1.996 -0.331508)
(7.47269 1.8 -0.327314)
(7.65435 1.8 -0.332443)
(7.65678 1.99564 -0.333209)
(7.65477 1.63122 -0.332919)
(8.31453 1.8 -0.334554)
(7.43365 1.63142 -0.331107)
(8.53349 1.8 -0.334215)
(8.31453 1.8 -0.126049)
(8.53333 1.8 -0.126066)
(7.5 1.8 -0.12625)
(7.43331 1.63151 -0.125095)
(8.09542 1.99546 -0.126106)
(7.65658 1.99564 -0.125257)
(7.65446 1.63121 -0.12502)
(7.87469 1.8 -0.12532)
(8.09501 1.8 -0.126248)
(7.8761 1.99551 -0.125602)
(7.43635 1.99607 -0.125387)
(7.65372 1.8 -0.125001)
(8.31453 1.8 -0.961259)
(8.31416 1.8 -0.543722)
(8.31474 1.8 -0.752315)
(8.53384 1.8 -0.960927)
(8.53349 1.8 -0.752498)
(8.53339 1.8 -0.543478)
(7.87659 1.8 -0.751231)
(7.5 1.8 -0.7525)
(8.09643 1.99548 -0.961263)
(8.09573 1.99547 -0.543463)
(7.66029 1.99565 -0.961027)
(7.65818 1.99566 -0.542821)
(7.87527 1.8 -0.54286)
(7.87797 1.99551 -0.751888)
(7.87736 1.8 -0.961045)
(8.09618 1.8 -0.752486)
(7.66205 1.8 -0.752761)
(7.4483 1.99601 -0.752306)
(7.5 1.8 -0.54375)
(7.5 1.8 -0.96125)
(7.44665 1.63144 -0.752205)
(8.09603 1.8 -0.961448)
(8.09633 1.99548 -0.752346)
(7.87827 1.99552 -0.961049)
(8.09524 1.8 -0.543526)
(7.87676 1.99551 -0.54304)
(7.44047 1.99607 -0.961169)
(7.43855 1.63151 -0.961137)
(7.65783 1.8 -0.96078)
(7.66194 1.99564 -0.752288)
(7.43799 1.99606 -0.542944)
(7.43536 1.63151 -0.542712)
(7.65582 1.8 -0.542496)
(8.53371 2.20454 -1.37874)
(8.53358 1.99545 -1.37875)
(8.53347 1.8 -1.37875)
(8.53361 2.4 -1.37873)
(8.53374 2.59129 -1.37874)
(8.53368 2.20454 -0.334946)
(8.53366 2.20454 -0.126276)
(8.53354 2.4 -0.126429)
(8.31499 2.4 -0.961307)
(8.3152 2.4 -0.752636)
(8.31491 2.4 -0.334927)
(8.31436 3 -0.7525)
(8.31518 2.59883 -0.75253)
(8.31522 2.59277 -0.961263)
(8.315 2.4 -0.54373)
(8.31524 2.59276 -0.543737)
(8.09702 2.4 -0.961155)
(8.09717 2.4 -0.543731)
(8.09738 2.59275 -0.752485)
(8.0974 2.59131 -0.96122)
(8.0971 2.4 -0.752483)
(8.09748 2.59131 -0.543738)
(8.53366 2.4 -0.961067)
(8.53359 2.4 -0.543697)
(8.53377 2.59273 -0.75243)
(8.53374 2.20455 -0.752424)
(8.53373 2.59272 -0.335002)
(8.53374 2.20455 -0.961172)
(8.53377 2.59128 -0.961178)
(8.53369 2.4 -0.752364)
(8.53363 2.4 -0.33499)
(8.53373 2.59129 -0.126319)
(8.53369 2.20454 -0.543675)
(8.53375 2.59128 -0.543706)
(7.45284 2.4 -0.126312)
(7.45018 2.59707 -0.126295)
(7.45257 2.4 -0.335163)
(7.45008 2.59719 -0.335068)
(7.45024 2.59719 -0.752486)
(7.45004 2.59707 -0.961228)
(7.45269 2.4 -0.961222)
(7.45309 2.4 -0.752499)
(7.44133 2.81253 -0.752497)
(7.44128 2.81194 -0.961244)
(7.43479 3 -0.96125)
(7.48491 3 -0.7525)
(7.45299 2.4 -0.543715)
(7.45023 2.59707 -0.543746)
(7.44132 2.81194 -0.543751)
(7.48491 3 -0.335)
(7.43479 3 -0.54375)
(7.44132 2.81253 -0.335011)
(7.44131 2.81194 -0.12626)
(7.43479 3 -0.12625)
(7.66573 2.4 -0.12625)
(7.66523 2.4 -1.16994)
(7.66511 2.59271 -1.16996)
(7.66554 2.4 -0.961277)
(7.66567 2.4 -0.543752)
(7.66543 2.59271 -0.752443)
(7.66539 2.5927 -0.335052)
(7.66538 2.59198 -0.961245)
(7.66563 2.4 -0.75237)
(7.66551 2.59198 -0.543748)
(7.66556 2.4 -0.335084)
(7.66552 2.59198 -0.126286)
(7.66528 2.4 -1.37867)
(7.88052 2.59288 -1.37874)
(8.09737 2.59131 -1.37875)
(7.66518 2.59198 -1.3787)
(7.22304 2.81228 -0.961245)
(7.22305 2.81228 -0.54375)
(7.22305 2.81228 -0.126256)
(7.219 3 -0.335)
(7.23523 2.6004 -0.752491)
(7.219 3 -0.7525)
(7.23519 2.6004 -0.335013)
(7.2352 2.60035 -0.961237)
(7.22305 2.81236 -0.752497)
(7.23522 2.60035 -0.126265)
(7.23524 2.60035 -0.543748)
(7.22305 2.81236 -0.335004)
(7.219 3 -0.96125)
(7.219 3 -0.54375)
(7.219 3 -0.12625)
(7.3 2.4 -0.12625)
(7.3 2.4 -0.96125)
(7.3 2.4 -0.54375)
(7.3 2.4 -0.335)
(7.3 2.4 -0.7525)
(7.66034 1.99567 -1.37899)
(7.87751 1.8 -1.37855)
(8.09605 1.8 -1.37889)
(7.87842 1.99551 -1.37875)
(7.43874 1.63157 -1.37886)
(7.65796 1.8 -1.37938)
(9.62875 3 -3.6798)
(9.62846 2.59888 -3.67763)
(9.40755 2.59289 -3.67627)
(9.18748 2.59888 -3.67627)
(9.19063 3 -3.67979)
(9.62875 3 -3.25951)
(9.62771 2.59884 -3.25865)
(9.6281 2.59279 -3.46822)
(9.62792 2.20454 -3.25863)
(9.62916 1.99544 -3.25902)
(9.62893 1.99545 -3.46833)
(9.62831 2.20455 -3.46817)
(9.6294 1.8 -3.25872)
(9.629 1.8 -3.4681)
(9.62831 2.4 -3.46787)
(9.62762 2.4 -3.25833)
(9.62875 3 -2.84072)
(9.62678 2.59278 -2.62974)
(9.62706 2.59883 -2.83917)
(9.62727 2.20453 -2.83914)
(9.62716 2.20454 -2.62989)
(9.6285 1.99545 -2.63075)
(9.62892 1.99544 -2.84)
(9.62711 2.4 -2.8391)
(9.62693 2.4 -2.63003)
(9.6291 1.99544 -3.04968)
(9.62754 2.20453 -3.04876)
(9.62708 2.59277 -3.04852)
(9.62739 2.4 -3.04838)
(9.62954 1.8 -3.04979)
(9.62973 1.63113 -3.05007)
(9.62965 1.6311 -3.25926)
(9.6297 1.49997 -3.25956)
(9.62935 1.49993 -3.46863)
(9.62923 1.6311 -3.46844)
(9.62978 1.5001 -3.05023)
(9.6295 1.8 -2.83998)
(9.62859 1.8 -2.63131)
(9.62913 1.63111 -2.6311)
(9.6296 1.63112 -2.84043)
(9.62969 1.50002 -2.8407)
(9.62937 1.50007 -2.63106)
(9.62397 -1.20435e-16 -2.84058)
(9.62612 0.401174 -2.83889)
(9.62626 0.40723 -2.6295)
(9.62728 0.795464 -2.83896)
(9.62707 0.795442 -2.6297)
(9.62689 0.6 -2.62982)
(9.62729 0.6 -2.83877)
(9.62889 1.00455 -2.84048)
(9.62854 1.00455 -2.63065)
(9.62959 1.2 -2.84166)
(9.62874 1.2 -2.63086)
(9.62955 1.3689 -3.25942)
(9.62936 1.36888 -3.46834)
(9.62935 1.2 -3.25931)
(9.6293 1.2 -3.46792)
(9.62905 1.00455 -3.25912)
(9.62906 1.00455 -3.46818)
(9.62435 -1.46069e-16 -3.25917)
(9.62684 0.401153 -3.25837)
(9.6267 0.407227 -3.04832)
(9.62735 0.6 -3.04837)
(9.6275 0.795456 -3.04859)
(9.62887 1.00454 -3.04951)
(9.62792 0.795458 -3.25843)
(9.62772 0.6 -3.25804)
(9.62907 1.2 -3.04928)
(9.62951 1.36893 -3.04995)
(9.62919 1.36892 -2.63105)
(9.62958 1.3689 -2.84096)
(9.19063 3 -4.05786)
(9.18244 2.59285 -3.88475)
(9.17523 2.59764 -4.09428)
(9.18581 2.81317 -4.1003)
(9.16168 2.6024 -4.30213)
(9.18091 2.8146 -4.3077)
(9.19063 3 -4.5)
(9.19063 3 -4.31581)
(9.175 2.81815 -4.5)
(9.15251 2.61019 -4.5)
(9.18223 2.4 -3.8841)
(9.17202 2.4 -4.09275)
(9.18663 2.20456 -3.6754)
(9.18139 2.20459 -3.88423)
(9.18734 2.4 -3.67524)
(9.17107 2.20468 -4.09282)
(9.15164 2.4 -4.30075)
(9.13691 2.20422 -4.5)
(9.10851 2.4 -4.49149)
(9.15182 2.20472 -4.30098)
(9.62852 2.20456 -3.67714)
(9.62883 1.99549 -3.67725)
(9.62964 1.99562 -3.88597)
(9.62936 2.20459 -3.88613)
(9.40422 2.2046 -3.8848)
(9.40734 2.20456 -3.67597)
(9.65007 2.20394 -4.5)
(9.64032 2.20461 -4.30332)
(9.64033 1.99888 -4.30308)
(9.65006 2.00439 -4.5)
(9.36964 2.2042 -4.5)
(9.38318 2.20474 -4.30122)
(9.40792 2.4 -3.67575)
(9.6284 2.4 -3.67651)
(9.6288 1.8 -3.67692)
(9.63028 1.8 -3.88557)
(9.63195 2.20469 -4.09502)
(9.63199 1.99621 -4.09484)
(9.39756 2.20469 -4.09334)
(9.63306 1.8 -4.09515)
(9.7 1.8 -4.5)
(9.64597 1.8 -4.30556)
(9.6304 1.49987 -4.0945)
(9.63395 1.49999 -4.30199)
(9.63859 1.63887 -4.30307)
(9.63158 1.63264 -4.09475)
(9.629 1.49999 -3.67744)
(9.62915 1.50003 -3.88608)
(9.62958 1.63142 -3.88595)
(9.62896 1.63117 -3.67729)
(9.64689 1.64978 -4.5)
(9.63699 1.5 -4.5)
(9.62863 0.795454 -3.6771)
(9.62875 0.6 -3.67677)
(9.62931 0.6 -3.88589)
(9.62925 0.795394 -3.88608)
(9.62875 -4.44089e-16 -4.5)
(9.63281 0.181969 -4.5)
(9.63049 0.185548 -4.30778)
(9.62827 -2.28008e-16 -4.31555)
(9.62546 -1.71792e-16 -3.67922)
(9.6275 -1.9494e-16 -4.05743)
(9.62847 0.186843 -4.10029)
(9.63113 0.402325 -4.09605)
(9.62892 0.407144 -3.88641)
(9.62788 0.401101 -3.67751)
(9.65007 0.79606 -4.5)
(9.64029 0.795379 -4.30327)
(9.64607 0.6 -4.30608)
(9.7 0.6 -4.5)
(9.62955 1.00439 -3.88596)
(9.62898 1.00451 -3.67698)
(9.65006 0.995609 -4.5)
(9.64002 1.00112 -4.30305)
(9.63188 0.795323 -4.09502)
(9.63286 0.6 -4.09537)
(9.64615 0.389684 -4.5)
(9.63813 0.397433 -4.30408)
(9.63191 1.00381 -4.09494)
(9.62833 0.79546 -3.468)
(9.62832 0.6 -3.4677)
(9.62778 0.407209 -3.46801)
(9.63148 1.3673 -4.09486)
(9.63825 1.36115 -4.30305)
(9.64689 1.35022 -4.5)
(9.7 1.2 -4.5)
(9.64498 1.2 -4.3055)
(9.63293 1.2 -4.0953)
(9.62909 1.36882 -3.67706)
(9.62951 1.36859 -3.88596)
(9.62907 1.2 -3.67638)
(9.63004 1.2 -3.88565)
(7.86426 0.401171 -3.25788)
(7.79406 4.28249e-08 -3.25863)
(8.27146 -1.46069e-16 -3.25921)
(8.30654 0.401177 -3.25779)
(8.09253 0.40725 -3.2577)
(8.31491 0.6 -3.25723)
(8.09701 0.6 -3.25757)
(7.88058 0.79539 -3.25771)
(7.88019 0.6 -3.25777)
(8.09728 0.795451 -3.25758)
(8.31501 0.79546 -3.25744)
(8.31448 1.2 -3.25721)
(8.09627 1.2 -3.25739)
(8.09668 1.00454 -3.25753)
(8.31472 1.00455 -3.25742)
(7.87933 1.0045 -3.25777)
(7.87879 1.2 -3.2581)
(8.31458 1.36887 -3.25746)
(8.09637 1.36888 -3.25757)
(7.87865 1.36886 -3.25785)
(7.87843 1.49989 -3.25787)
(8.09634 1.5 -3.25769)
(8.31456 1.49995 -3.25764)
(8.31442 1.2 -3.46566)
(8.31432 1.36887 -3.46621)
(8.31449 1.00455 -3.46618)
(8.31467 0.795457 -3.46643)
(7.87812 1.50001 -3.04885)
(7.87807 1.3689 -3.04862)
(7.87747 1.36888 -2.63139)
(7.87793 1.49989 -2.63134)
(7.79401 1.07205e-08 -2.84038)
(7.86475 0.401202 -2.84011)
(7.87585 0.407145 -2.63132)
(7.88044 0.795385 -2.84)
(7.88028 0.795392 -2.6313)
(7.8804 0.6 -2.6313)
(7.88034 0.6 -2.84001)
(7.87469 0.407238 -3.0489)
(7.88058 0.6 -3.04887)
(7.88053 0.795381 -3.04881)
(7.87834 1.50003 -2.84001)
(7.87824 1.3689 -2.83976)
(7.87875 1.0045 -3.04858)
(7.87886 1.0045 -2.83975)
(7.8781 1.0045 -2.63138)
(7.87835 1.2 -2.83923)
(7.87812 1.2 -3.04823)
(7.87691 1.2 -2.63164)
(8.31341 1.49992 -3.6758)
(8.31378 1.36882 -3.67584)
(8.31222 1.36862 -3.88512)
(8.31193 1.50015 -3.885)
(8.31436 1.2 -3.67618)
(8.31258 1.2 -3.8853)
(8.2975 -1.9494e-16 -4.05761)
(8.30201 0.186853 -4.10041)
(8.30891 0.402346 -4.09589)
(8.31093 0.407154 -3.88556)
(8.30721 0.401118 -3.67638)
(8.27912 -1.71792e-16 -3.67932)
(8.31395 1.00451 -3.67581)
(8.31238 1.00438 -3.88515)
(8.31397 0.795445 -3.67566)
(8.31259 0.795398 -3.88515)
(8.31416 1.49999 -3.46651)
(8.31163 0.407217 -3.46668)
(8.31069 0.6 -4.09536)
(8.31279 0.6 -3.88516)
(8.31403 0.6 -3.67554)
(8.31025 0.795322 -4.09474)
(8.31459 0.6 -3.4664)
(8.30996 1.2 -4.09408)
(8.30672 1.2 -4.3065)
(8.30695 1.36117 -4.30348)
(8.30986 1.36733 -4.09423)
(8.3063 1.50001 -4.5)
(8.30714 1.50002 -4.3021)
(8.30526 1.3502 -4.5)
(8.30981 1.50003 -4.09403)
(8.30135 1.2 -4.49865)
(8.30769 0.185568 -4.30789)
(8.30768 0.397485 -4.30422)
(8.31437 -4.44089e-16 -4.5)
(8.31116 0.182059 -4.5)
(8.30715 -2.28225e-16 -4.3157)
(8.30728 0.389754 -4.5)
(8.30988 1.0038 -4.09434)
(8.3066 0.795385 -4.30342)
(8.30637 1.0011 -4.30344)
(8.30399 0.79606 -4.5)
(8.30399 0.995566 -4.5)
(8.30729 0.6 -4.30618)
(8.30135 0.6 -4.49865)
(8.31438 3 -3.25945)
(7.87628 3 -3.25924)
(7.88003 2.59887 -3.25796)
(8.09728 2.59276 -3.25781)
(8.31491 2.59884 -3.25803)
(7.88047 2.20464 -3.25761)
(7.87898 1.99552 -3.25752)
(8.09641 1.99547 -3.25764)
(8.09721 2.20456 -3.25766)
(8.31493 2.20454 -3.25768)
(8.31464 1.99545 -3.25769)
(8.097 2.4 -3.25767)
(8.31476 2.4 -3.25768)
(7.88025 2.4 -3.25755)
(8.31448 1.8 -3.25774)
(8.0957 1.8 -3.25765)
(8.09612 1.63111 -3.25766)
(8.31451 1.63109 -3.25769)
(7.87834 1.6311 -3.25761)
(7.87815 1.8 -3.25739)
(8.31476 2.4 -3.46642)
(8.31481 2.59279 -3.46676)
(8.31468 2.20454 -3.46652)
(7.87626 3 -2.84054)
(7.88062 2.59289 -2.63132)
(7.88003 2.59887 -2.84016)
(7.88039 2.4 -2.63126)
(7.88035 2.4 -2.84003)
(7.88055 2.59289 -3.04893)
(7.88032 2.4 -3.04886)
(7.88039 2.20463 -3.04883)
(7.87861 1.99551 -3.04871)
(7.88048 2.20463 -2.84005)
(7.88042 2.20464 -2.6313)
(7.87843 1.99552 -2.63137)
(7.87908 1.99551 -2.83994)
(7.87796 1.6311 -3.04874)
(7.87777 1.8 -3.04853)
(7.87776 1.63109 -2.63138)
(7.8773 1.8 -2.63154)
(7.87872 1.8 -2.83973)
(7.87846 1.63112 -2.83995)
(8.3144 3 -4.05808)
(8.3144 3 -3.67985)
(8.31421 2.5989 -3.67648)
(8.31297 2.59285 -3.88568)
(8.31124 2.59765 -4.09597)
(8.31333 2.81316 -4.10087)
(8.3087 2.6024 -4.3043)
(8.31227 2.81455 -4.30814)
(8.31437 3 -4.5)
(8.31439 3 -4.31601)
(8.31105 2.81794 -4.5)
(8.30717 2.61025 -4.5)
(8.31406 1.8 -3.46597)
(8.31425 1.99546 -3.46644)
(8.314 2.20456 -3.67567)
(8.31363 1.9955 -3.67595)
(8.31372 1.8 -3.67636)
(8.3142 2.4 -3.67546)
(8.31199 1.63144 -3.88516)
(8.31347 1.63115 -3.67596)
(8.31192 1.8 -3.8853)
(8.31409 1.63111 -3.46645)
(8.31132 1.8 -4.09503)
(8.30637 1.8 -4.30641)
(8.30627 1.99882 -4.30344)
(8.31026 1.9962 -4.09466)
(8.30393 2.20396 -4.5)
(8.30656 2.20472 -4.30345)
(8.30393 2.00445 -4.5)
(8.31026 2.2047 -4.09474)
(8.30135 1.8 -4.49865)
(8.31214 1.99563 -3.88521)
(8.31261 2.20459 -3.88522)
(8.31064 2.4 -4.09522)
(8.30731 2.4 -4.30628)
(8.30135 2.4 -4.49865)
(8.31297 2.4 -3.88536)
(8.31024 1.63269 -4.09455)
(8.30688 1.63886 -4.30345)
(8.30525 1.64982 -4.5)
(7.87926 1.50008 -3.67596)
(8.0964 1.50005 -3.67582)
(8.09656 1.50003 -3.88505)
(7.8806 1.50001 -3.88497)
(7.66308 1.49996 -3.8853)
(7.66119 1.49995 -3.67701)
(6.95661 1.50089 -3.72116)
(6.9944 1.50158 -3.27934)
(7.44212 1.50028 -3.26121)
(7.43945 1.50013 -3.46879)
(7.43821 1.50021 -3.68251)
(7.65985 1.50002 -3.46737)
(7.87845 1.50006 -3.46678)
(8.09631 1.50001 -3.46663)
(7.44321 1.50023 -3.88677)
(7.6606 1.50002 -3.25853)
(7.44556 1.50067 -4.09546)
(7.21596 1.50168 -4.10767)
(6.96125 1.50279 -4.13023)
(7.89114 1.50016 -4.5)
(7.88879 1.50016 -4.30213)
(8.09837 1.50005 -4.30219)
(8.09895 1.50005 -4.5)
(7.88355 1.50009 -4.09386)
(8.09715 1.50007 -4.09414)
(7.66718 1.5002 -4.09364)
(7.66718 1.36714 -4.09272)
(7.67828 1.36109 -4.30291)
(7.46027 1.36005 -4.30361)
(7.4459 1.36595 -4.09147)
(7.68613 1.35021 -4.5)
(7.88975 1.3612 -4.30353)
(7.89372 1.35022 -4.5)
(7.88358 1.36734 -4.09401)
(7.4732 1.34991 -4.5)
(6.91313 1.32263 -4.39866)
(7.22699 1.35286 -4.31473)
(7.24838 1.34791 -4.5)
(7.05116 1.33807 -4.5)
(7.22973 1.35948 -4.10216)
(6.96844 1.32679 -4.13121)
(6.70896 1.50228 -4.16046)
(6.58626 1.50279 -4.01732)
(6.43496 1.5018 -3.84055)
(7.01565 1.50216 -2.8428)
(7.02088 1.16547 -2.84222)
(6.53687 1.50346 -3.31746)
(6.50217 1.50278 -3.542)
(6.32825 1.50368 -3.51984)
(6.31686 1.50297 -3.34591)
(5.99991 1.32377 -3.32817)
(5.99667 1.30277 -3.26249)
(6.17222 1.30626 -3.18354)
(6.06102 1.31202 -3.4093)
(6.0583 1.50011 -3.4056)
(6.17327 1.49763 -3.17424)
(6.22969 1.50348 -3.60252)
(6.1495 1.50345 -3.51001)
(6.31934 1.50328 -3.70593)
(6.72704 1.31442 -4.18154)
(7.65967 1.50006 -3.04915)
(7.44066 1.50015 -3.04971)
(7.44536 1.50037 -2.84058)
(7.66094 1.50005 -2.8402)
(7.01155 0.781507 -3.26987)
(7.01596 0.59378 -3.26155)
(7.3 0.6 -3.2575)
(7.23818 0.788705 -3.25989)
(7.00376 1.16352 -3.27495)
(7.4519 0.79386 -3.25795)
(7.449 1.00405 -3.25765)
(7.5 1.2 -3.2575)
(7.30001 8.44254e-09 -3.2575)
(7.42532 0.400812 -3.25769)
(7.23032 0.404946 -3.25865)
(6.99971 0.392065 -3.26294)
(6.96581 0.182951 -3.26357)
(6.96177 5.57851e-06 -3.2866)
(7.65777 0.407172 -3.25764)
(7.44676 1.36874 -3.25825)
(7.66586 0.6 -3.25746)
(7.45334 0.6 -3.25729)
(7.66548 0.795102 -3.25766)
(7.66285 1.00437 -3.25775)
(7.66223 1.2 -3.25792)
(7.66149 1.36887 -3.258)
(6.58788 0.372661 -2.84583)
(6.58835 0.563105 -2.85785)
(6.59402 0.759357 -2.85224)
(6.58109 2.63013e-05 -2.79171)
(6.57927 0.180303 -2.83928)
(7.03541 1.11094e-06 -2.8405)
(6.98533 3.85548e-06 -3.0516)
(6.99492 0.184661 -3.05251)
(7.02647 0.185334 -2.84116)
(7.02166 0.39087 -2.84172)
(7.00962 0.391395 -3.0525)
(7.02372 0.78291 -2.84237)
(7.02345 0.593833 -2.84106)
(7.01967 0.594048 -3.05086)
(7.01902 0.784456 -3.05282)
(6.7954 0.182487 -2.84157)
(6.79633 8.04422e-06 -2.84296)
(6.79732 0.377342 -2.84463)
(7.01029 0.78319 -3.47551)
(7.0143 0.594215 -3.47115)
(6.99316 0.777466 -3.69583)
(6.97129 1.15486 -3.71355)
(6.94973 3.46461e-06 -3.6653)
(6.94775 0.181272 -3.69252)
(6.95891 0.181327 -3.91021)
(6.94612 2.35301e-06 -3.91137)
(6.99398 7.27391e-07 -4.10761)
(6.96844 0.179108 -4.12901)
(6.98766 0.388925 -3.68739)
(6.98369 0.38341 -3.90393)
(6.96977 0.375565 -4.13155)
(7.00513 0.399317 -3.47185)
(6.90884 0.176163 -4.39365)
(6.9017 3.21298e-10 -4.38531)
(6.91413 0.373255 -4.39982)
(6.97886 1.1506 -4.1289)
(6.97187 0.953481 -4.13424)
(6.9731 0.761317 -4.13289)
(6.99068 0.770364 -3.90573)
(6.91793 0.949883 -4.40426)
(6.91797 0.758019 -4.4043)
(7.00378 0.588214 -3.68614)
(6.97852 0.573045 -4.12802)
(6.91742 0.566577 -4.40366)
(6.99792 0.5825 -3.89977)
(6.91733 1.13972 -4.40355)
(7.88069 1.36858 -3.88491)
(8.09672 1.36861 -3.88524)
(7.66339 1.36847 -3.88485)
(8.09854 1.36114 -4.30369)
(8.09938 1.35021 -4.5)
(8.09724 1.36736 -4.09457)
(7.44399 1.36809 -3.88572)
(7.5 1.2 -4.5)
(7.46495 1.2 -4.30202)
(7.5 1.2 -3.675)
(7.44746 1.36863 -3.6766)
(7.51268 1.2 -3.88732)
(7.44656 1.00329 -3.88543)
(7.45031 1.00388 -3.67557)
(7.48311 0.991611 -4.5)
(7.46659 0.997303 -4.30355)
(7.45184 0.793563 -3.67619)
(7 4.44089e-16 -4.5)
(7.0289 0.174522 -4.5)
(7.47247 0.388421 -4.5)
(7.25237 0.385615 -4.5)
(7.23054 0.390108 -4.31537)
(7.46013 0.396003 -4.3053)
(7.45326 0.6 -3.6749)
(7.42513 0.400523 -3.67584)
(7.45688 0.79279 -4.09576)
(7.46914 0.792198 -4.30505)
(7.47119 0.6 -4.30565)
(7.45937 0.6 -4.09472)
(7.44639 0.405961 -3.88596)
(7.44605 0.400932 -4.0964)
(7.23013 0.396709 -4.10169)
(7.45478 0.6 -3.88459)
(7.45278 0.793198 -3.88592)
(7.45729 1.2 -4.1)
(7.44938 1.00089 -4.09146)
(7.48309 0.792535 -4.5)
(7.04602 0.37837 -4.5)
(7.5 0.6 -4.5)
(7.89712 0.795728 -4.5)
(7.8865 0.795151 -4.09514)
(7.87939 1.2 -3.67574)
(7.88163 0.795341 -3.67575)
(7.9 1.2 -4.5)
(7.88332 1.2 -4.09419)
(7.87625 -4.44089e-16 -4.5)
(7.80293 4.61736e-08 -3.67812)
(7.43813 0.000327831 -4.49641)
(7.3 3.33079e-09 -3.675)
(7.86672 0.401081 -3.67622)
(7.83137 7.46591e-09 -4.05611)
(7.89105 0.389677 -4.5)
(7.87909 0.402286 -4.09612)
(7.3 2.45487e-11 -4.04788)
(7.665 1.004 -3.88478)
(7.68232 1.00006 -4.30293)
(8.09709 1.00435 -3.8853)
(8.09914 1.00108 -4.30371)
(7.24108 0.182513 -4.31399)
(7.66899 0.6 -3.88515)
(7.64893 0.185319 -4.30662)
(7.68379 0.6 -4.30696)
(8.09772 0.6 -3.88531)
(8.08905 0.185496 -4.30786)
(8.09938 0.6 -4.30715)
(7.66592 0.6 -3.46636)
(8.09722 0.6 -3.46626)
(7.66158 1.00435 -3.46656)
(7.66005 1.36883 -3.46683)
(8.09675 1.00453 -3.46651)
(8.09641 1.3689 -3.46655)
(7.89263 0.795146 -4.30401)
(7.69258 0.794891 -4.5)
(8.10023 0.795995 -4.5)
(7.89712 0.995151 -4.5)
(7.9 0.6 -4.5)
(7.67355 0.794657 -4.095)
(7.8832 0.79528 -3.88532)
(8.09833 0.79528 -4.09508)
(7.88465 1.00361 -4.0942)
(7.88634 0.6 -4.09595)
(7.87959 1.36885 -3.67582)
(7.66486 1.2 -3.67543)
(7.5 1.2 -3.46625)
(8.09657 1.2 -3.67592)
(7.88034 1.00444 -3.67574)
(7.8805 1.2 -3.88477)
(7.87839 1.2 -3.46635)
(7.66663 0.795004 -3.67569)
(8.0974 0.795417 -3.67577)
(7.88088 0.795368 -3.46657)
(7.88137 0.6 -3.67559)
(7.45099 0.793799 -3.4668)
(7.66607 1.2 -4.09138)
(8.09738 1.2 -4.09518)
(7.89055 1.2 -4.30684)
(7.7 1.2 -4.5)
(8.1 1.2 -4.5)
(7.3 -2.22045e-16 -4.5)
(7.65719 -4.44089e-16 -4.5)
(8.09531 -4.44089e-16 -4.5)
(7.85631 -2.27032e-16 -4.31472)
(7.88343 0.18204 -4.5)
(7.66335 0.402156 -4.09592)
(7.38501 0.186101 -4.09644)
(8.09436 0.40247 -4.09615)
(7.44237 0.406723 -3.46657)
(7.3 -4.00752e-11 -4.09563)
(7.41761 7.74534e-09 -4.30786)
(7.45693 0.181357 -4.5)
(7.87886 0.407096 -3.8857)
(7.6589 0.40694 -3.67576)
(8.09324 0.4071 -3.67602)
(7.87497 0.40719 -3.46669)
(7.84897 0.186782 -4.09934)
(7.58866 5.73832e-09 -4.10228)
(8.07227 -1.97921e-16 -4.10617)
(7.88615 0.397567 -4.30466)
(7.68296 0.389383 -4.5)
(8.09877 0.389756 -4.5)
(8.09683 1.2 -3.88552)
(8.09658 1.36886 -3.67588)
(7.66284 1.2 -3.88471)
(7.66323 1.36878 -3.67595)
(7.68006 1.2 -4.30491)
(7.66929 1.00307 -4.09288)
(7.88152 1.00427 -3.88496)
(7.66859 0.794877 -3.8853)
(7.66479 1.00428 -3.67559)
(7.89185 1.00082 -4.30356)
(7.68402 0.794495 -4.3039)
(8.09862 1.2 -4.30705)
(8.09764 1.00375 -4.09472)
(8.09774 0.795375 -3.88532)
(8.09692 1.00449 -3.67586)
(8.09951 0.795293 -4.30385)
(7.23961 0.184807 -4.10251)
(7.43509 0.18468 -4.30602)
(7.45289 0.6 -3.46583)
(7.44106 1.00395 -3.46649)
(7.66445 0.407619 -3.88558)
(7.67411 0.6 -4.09566)
(7.88304 0.6 -3.88535)
(7.66677 0.6 -3.67525)
(7.61714 0.187215 -4.09812)
(7.67472 0.397281 -4.30447)
(7.86868 0.185389 -4.30739)
(7.89204 0.6 -4.30763)
(8.09557 0.407887 -3.88565)
(8.09827 0.6 -4.09574)
(8.09706 0.6 -3.67569)
(8.07883 0.187422 -4.1005)
(8.09689 0.397652 -4.30456)
(7.6612 0.408552 -3.46656)
(7.88072 0.6 -3.46649)
(7.66549 0.795077 -3.46656)
(8.09459 0.408671 -3.46659)
(8.09736 0.795437 -3.46647)
(7.6596 1.2 -3.46649)
(7.87929 1.00448 -3.46654)
(7.43845 1.36859 -3.46707)
(7.87856 1.3689 -3.46663)
(8.09638 1.2 -3.46648)
(7.69258 0.99424 -4.5)
(8.10023 0.995455 -4.5)
(7.3 -7.56799e-12 -4.30125)
(7.24902 0.179649 -4.5)
(7.63058 1.90889e-09 -4.31297)
(7.7 0.6 -4.5)
(7.67001 0.181917 -4.5)
(8.08366 -2.28116e-16 -4.31564)
(8.09712 0.182088 -4.5)
(8.1 0.6 -4.5)
(7.05683 0.770172 -4.5)
(7.06059 1.16003 -4.5)
(7.2336 0.985329 -4.31611)
(7.29976 0.599573 -4.30125)
(7.23251 0.786462 -4.10198)
(7.26031 0.786199 -4.5)
(7.05708 0.965457 -4.5)
(7.05906 0.578076 -4.5)
(7.3 1.2 -4.14776)
(7.3 1.2 -4.48652)
(7.29976 1.19924 -4.30125)
(7.23417 0.991749 -4.10206)
(7.2338 0.783583 -4.31606)
(7.3 0.6 -4.0925)
(7.26041 0.98444 -4.5)
(7.3 0.6 -4.48652)
(7.3 0.6 -3.46625)
(7.3 0.6 -3.88375)
(7.23472 0.787661 -3.67942)
(7.22778 0.404126 -3.6779)
(7.23723 0.788701 -3.46874)
(7.23258 0.406616 -3.46773)
(7.3 0.6 -3.675)
(7.23036 0.402969 -3.88884)
(7.23392 0.786438 -3.88943)
(6.54727 0.752292 -3.31834)
(6.57379 0.750168 -3.10143)
(6.57386 0.560019 -3.09464)
(6.55374 0.55842 -3.31092)
(6.55291 0.369971 -3.29086)
(6.56983 0.371754 -3.07499)
(6.53319 0.936179 -3.332)
(6.54047 1.1288 -3.31864)
(6.56154 0.180689 -3.06084)
(6.54327 0.179935 -3.27753)
(6.55763 5.48604e-05 -3.05379)
(6.55903 7.07591e-05 -3.29256)
(6.77264 0.376795 -3.27202)
(6.75872 0.18196 -3.26744)
(6.74971 1.84302e-05 -3.26159)
(6.52909 1.31395 -3.33213)
(6.50398 1.31262 -3.54601)
(6.41678 1.31198 -3.81931)
(6.43557 1.12313 -3.84129)
(6.58733 1.1236 -4.01856)
(6.59986 0.785501 -4.03318)
(6.41864 0.935516 -3.82152)
(6.42713 0.829972 -3.83148)
(6.49319 0.742975 -3.90872)
(6.51298 0.754451 -3.53629)
(6.54381 0.558218 -3.50891)
(6.53601 0.559863 -3.7063)
(6.55148 0.365923 -3.49276)
(6.55138 0.363523 -3.68953)
(6.51222 0.360443 -3.93093)
(6.51228 0.552449 -3.93101)
(6.51187 0.168528 -3.93054)
(6.54893 2.76706e-05 -3.67693)
(6.50984 5.03735e-08 -3.92814)
(6.54298 0.174246 -3.68958)
(6.54225 0.177767 -3.48586)
(6.53028 6.01873e-05 -3.48526)
(6.50378 1.12371 -3.54334)
(6.50777 0.93591 -3.54546)
(6.23108 1.12096 -3.604)
(6.05988 1.11329 -3.40774)
(6.23323 0.739599 -3.60621)
(6.05871 0.731258 -3.40665)
(6.18914 0.757344 -2.78214)
(5.67693 0.741914 -2.95271)
(6.1829 -0.000292123 -2.77526)
(5.63619 0.000643238 -2.88217)
(6.19498 0.377886 -2.77188)
(6.00051 4.23748e-06 -3.33302)
(5.66718 0.363977 -2.94528)
(6.0565 0.370127 -3.40088)
(5.98417 0.16783 -2.65018)
(5.99577 0.547284 -2.6366)
(5.99746 0.166179 -3.27673)
(5.99764 0.564045 -3.28291)
(6.3468 0.552029 -3.50127)
(6.34867 0.179322 -3.07715)
(6.36359 0.557152 -3.12466)
(6.33419 0.173722 -3.48684)
(5.99651 0.933901 -3.26156)
(5.98293 0.934475 -2.64507)
(6.06056 0.927561 -3.40854)
(6.17577 1.11067 -3.17888)
(5.9999 1.09547 -3.32164)
(6.15013 0.738009 -3.51047)
(6.33381 0.741728 -3.72284)
(6.17284 0.732532 -3.18835)
(5.9999 0.710217 -3.31943)
(6.32952 0.739689 -3.3423)
(6.06075 0.549936 -3.40643)
(6.18389 0.933629 -2.78479)
(5.95123 0.765446 -2.68772)
(6.21215 0.761441 -2.61727)
(6.38519 0.752908 -2.84396)
(6.1538 0.560681 -2.82103)
(5.67892 0.553717 -2.96036)
(5.67628 0.931535 -2.95045)
(6.36139 6.91664e-05 -2.82783)
(5.92285 0.0112186 -2.72275)
(6.17567 0.176235 -2.7866)
(6.13277 0.000385682 -3.06663)
(6.18605 -0.000721311 -2.61717)
(6.31393 3.14722e-07 -3.69956)
(6.13958 1.62161e-06 -3.49607)
(5.99999 0.388804 -3.33006)
(6.32992 0.367487 -3.32416)
(5.64786 0.17001 -2.92854)
(5.72329 0.00280342 -3.01017)
(6.31978 0.358706 -3.70649)
(6.14544 0.362019 -3.50374)
(5.95635 0.379507 -2.68173)
(6.20984 0.377034 -2.61736)
(6.1706 0.375432 -3.18594)
(6.3805 0.372774 -2.83341)
(6.04388 0.171998 -3.3868)
(6.3047 0.000283125 -3.28328)
(5.99999 0.000199721 -3.33261)
(6.33768 0.74201 -3.51265)
(6.36466 0.742648 -3.12862)
(6.17692 0.928784 -3.1794)
(5.78834 0.169437 -3.09091)
(6.20158 0.174415 -2.61932)
(6.20654 0.558367 -2.62291)
(6.36879 0.179854 -2.82714)
(6.37604 0.561493 -2.85117)
(6.21366 0.935097 -2.61539)
(5.98078 0.379509 -2.64841)
(5.92228 0.172162 -2.72657)
(5.85114 0.554976 -2.78336)
(5.97813 0.765445 -2.65029)
(6.32029 0.550585 -3.7071)
(6.31794 0.16645 -3.70434)
(5.99997 0.546833 -3.33145)
(6.14924 0.550358 -3.50849)
(5.99994 0.388733 -3.32837)
(5.99999 0.161522 -3.32583)
(6.15702 0.174992 -3.14168)
(6.16901 0.556924 -3.18792)
(5.99957 0.710615 -3.31038)
(6.13711 0.168623 -3.49394)
(6.33322 0.55319 -3.33595)
(6.34561 0.362507 -3.49433)
(6.36063 0.370737 -3.10669)
(6.31793 0.177471 -3.30056)
(5.99664 1.10309 -3.25688)
(5.99989 0.935091 -3.32688)
(5.91911 0.93412 -2.72749)
(5.98503 0.00562517 -2.64415)
(6.33918 0.000188409 -3.05659)
(6.31701 0.000106676 -3.48679)
(5.99987 0.0201436 -3.0877)
(6.23079 1.31168 -3.60371)
(6.15121 1.11852 -3.51192)
(6.23187 0.930167 -3.60479)
(6.15102 1.31128 -3.51172)
(6.15093 0.928853 -3.51159)
(6.32934 1.31187 -3.52156)
(6.41544 0.549788 -3.81805)
(6.33142 0.931234 -3.52073)
(6.31917 1.11916 -3.34802)
(6.3202 1.12146 -3.70696)
(6.31979 1.31186 -3.7065)
(6.32987 1.12062 -3.52155)
(6.31913 1.31192 -3.34802)
(6.4153 0.680887 -3.8179)
(6.32088 0.93226 -3.7077)
(6.32196 0.929907 -3.3476)
(6.74431 0.17615 -3.91058)
(6.72811 9.98941e-06 -3.70137)
(6.70956 0.364393 -4.16116)
(6.70577 4.1604e-09 -4.15673)
(6.75705 0.371959 -3.6956)
(6.70873 0.172082 -4.16019)
(6.75509 0.36726 -3.90814)
(6.74024 0.179099 -3.69611)
(6.73036 5.0571e-06 -3.91725)
(6.75689 0.560279 -3.90939)
(6.72612 0.764159 -3.73174)
(6.71064 0.762712 -4.16242)
(6.74919 0.752545 -3.91604)
(6.755 0.567857 -3.70482)
(6.70989 0.555798 -4.16154)
(6.80812 0.170346 -4.27615)
(6.81094 0.559213 -4.27944)
(6.71104 1.12564 -4.16289)
(6.72863 0.936984 -4.1834)
(6.81128 0.750376 -4.27983)
(6.80984 0.366446 -4.27815)
(6.8059 1.05726e-09 -4.27356)
(6.777 0.182373 -3.05488)
(6.78472 0.377162 -3.05949)
(6.77332 1.34545e-05 -3.05214)
(7.43838 1.36862 -3.04903)
(7.65911 1.36887 -3.0488)
(7.06168 1.60406e-08 -2.63114)
(7.04663 0.186041 -2.63143)
(7.03142 0.392693 -2.63168)
(7.3 1.19141e-09 -2.86348)
(7.45189 0.793934 -2.84014)
(7.4416 0.403522 -2.8401)
(7.5 1.2 -2.84)
(7.26438 0.187512 -2.63133)
(7.66531 0.6 -2.63125)
(7.66557 0.6 -3.04883)
(7.66049 1.00437 -3.04869)
(7.6587 1.36886 -2.63144)
(7.65993 1.00438 -2.63142)
(7.3 -9.62802e-10 -2.83687)
(7.66514 0.795118 -2.84006)
(7.44817 0.40322 -2.63132)
(7.44563 0.406946 -3.0489)
(7.5 1.2 -3.04875)
(7.5 1.2 -2.63125)
(7.23973 0.401108 -2.84039)
(7.37015 0.186315 -2.84008)
(7.40618 -1.90348e-08 -2.63125)
(7.4524 0.6 -2.83998)
(7.45102 0.793963 -2.63134)
(7.45128 0.793932 -3.04897)
(7.44877 1.00407 -2.84004)
(7.44711 1.36875 -2.84015)
(7.66061 0.407539 -2.84008)
(7.6612 1.2 -2.84016)
(7.24433 0.400701 -2.63139)
(7.4258 0.187848 -2.63129)
(7.25177 0.187256 -2.84026)
(7.44044 1.00402 -2.63131)
(7.45183 0.6 -2.63124)
(7.66315 0.408122 -2.6313)
(7.66544 0.6 -2.84005)
(7.66474 0.795119 -2.63131)
(7.45306 0.6 -3.0486)
(7.66182 0.408691 -3.04886)
(7.66505 0.795107 -3.04884)
(7.44065 1.00401 -3.0488)
(7.65793 1.2 -3.04844)
(7.66101 1.36888 -2.8401)
(7.66216 1.00438 -2.84004)
(7.43849 1.36864 -2.63133)
(7.65726 1.2 -2.63165)
(7.3 -8.44586e-10 -2.63125)
(7.3 0.6 -2.63125)
(7.3 0.6 -3.04875)
(7.02504 0.784967 -2.63189)
(7.24047 0.789003 -2.84055)
(7.24077 0.789253 -2.63145)
(7.3 0.6 -2.84)
(7.02619 0.594354 -2.6316)
(7.23569 0.405072 -3.04954)
(7.23943 0.789114 -3.04983)
(7.00277 1.83994 -3.2713)
(7.01758 1.8398 -2.84051)
(7.44672 1.63138 -3.25824)
(7.5 1.8 -3.2575)
(7.66139 1.63115 -3.25793)
(7.66235 1.8 -3.25779)
(7.66267 1.99565 -3.25766)
(7.44883 1.99602 -3.2576)
(7.44054 1.99605 -3.04882)
(7.5 1.8 -3.04875)
(7.5 1.8 -2.84)
(7.4488 1.996 -2.84004)
(7.66035 1.99566 -3.04886)
(7.5 1.8 -2.63125)
(7.44058 1.99606 -2.63131)
(7.66029 1.99568 -2.63137)
(7.66241 1.99566 -2.84)
(6.18763 2.12185 -2.60862)
(5.98579 2.08507 -2.63756)
(5.93651 2.07973 -2.7019)
(6.16881 2.12168 -2.76381)
(5.99845 2.33003 -2.63461)
(5.98111 2.31898 -2.65434)
(6.429 1.80156 -3.83353)
(6.32892 1.89324 -3.717)
(6.32768 1.8969 -3.50227)
(6.50578 1.88043 -3.52933)
(6.15471 2.13382 -3.10745)
(5.99786 2.16165 -3.16086)
(5.99914 2.3191 -3.02398)
(6.53736 1.88411 -3.3035)
(6.31261 1.8948 -3.3312)
(6.05161 1.89132 -3.39528)
(6.16897 1.89147 -3.17974)
(5.99953 2.09268 -3.31236)
(6.03766 2.10174 -3.37603)
(6.22455 1.90115 -3.59616)
(6.13935 1.90244 -3.49748)
(6.97187 1.84362 -3.7102)
(6.54331 2.28422 -3.67613)
(6.53473 2.47314 -3.68184)
(6.27951 2.51958 -3.65943)
(6.30335 2.30382 -3.68697)
(6.53135 2.08167 -3.69536)
(6.30982 2.09788 -3.69465)
(7.00052 2.22906 -3.68494)
(7.012 2.22108 -3.47047)
(7.01563 2.40953 -3.46894)
(7.00813 2.41652 -3.68079)
(6.76464 2.44906 -3.68562)
(6.76465 2.2631 -3.68383)
(7.00112 2.61423 -3.68347)
(7.00608 2.61184 -3.47106)
(7.0101 2.22554 -3.26205)
(7.01714 2.40904 -3.25921)
(7.00817 2.61213 -3.26009)
(6.76787 2.62504 -3.69102)
(6.49638 2.66424 -3.70013)
(7.45123 2.20646 -3.25775)
(7.23778 2.21272 -3.25843)
(7 3 -3.675)
(6.86201 2.908 -3.68383)
(6.7463 2.83087 -3.68873)
(6.99997 2.81096 -3.68149)
(7.00234 2.81133 -3.46967)
(7 3 -3.46625)
(7.48494 3 -3.25833)
(7.44115 2.81248 -3.2584)
(7.44964 2.59715 -3.25789)
(7.66525 2.59271 -3.25776)
(6.61799 2.74533 -3.69118)
(6.34305 2.56204 -3.73351)
(7 3 -3.2575)
(7.00359 2.81187 -3.25922)
(7.22262 2.81216 -3.25842)
(7.23452 2.60019 -3.25824)
(7.21902 3 -3.2579)
(7.45196 2.4 -3.25746)
(7.66543 2.4 -3.25757)
(7.66514 2.20497 -3.25764)
(7.3 2.4 -3.2575)
(6.9049 1.50326 -4.38904)
(7 1.5 -4.5)
(7.22701 1.50245 -4.5)
(7.21231 1.5024 -4.31776)
(7.46182 1.50127 -4.5)
(7.45451 1.50112 -4.3045)
(7.67588 1.50044 -4.30227)
(7.68037 1.50049 -4.5)
(6.41717 1.69146 -3.81971)
(6.80611 1.50302 -4.27379)
(6.50391 1.69331 -3.54195)
(6.52754 1.69511 -3.32588)
(5.79766 2.20236 -2.79507)
(5.81772 2.22174 -2.94633)
(5.99565 1.49122 -3.24525)
(5.99988 1.48609 -3.3204)
(5.99506 1.70083 -3.23701)
(6.05573 1.69921 -3.40212)
(5.99979 1.86918 -3.32348)
(6.17519 1.69862 -3.16446)
(5.99935 1.86931 -3.312)
(5.99982 1.70731 -3.31766)
(5.71089 2.11413 -2.99488)
(6.14611 1.70054 -3.50605)
(6.32718 1.69835 -3.51614)
(6.3186 1.69605 -3.70497)
(6.31584 1.69868 -3.34159)
(6.97305 1.85781 -4.12208)
(6.70762 1.88141 -4.15889)
(6.80434 1.87969 -4.27173)
(6.90324 1.87863 -4.38712)
(7.5 1.8 -3.675)
(7.5 1.8 -3.46625)
(7.44085 1.99612 -3.46642)
(7.45232 2.20682 -3.67595)
(7.45067 2.2065 -3.4667)
(7.45014 1.99623 -3.67545)
(6.48837 1.90639 -3.90306)
(7.3 1.8 -4.14776)
(7.45729 1.8 -4.1)
(7.51268 1.8 -3.88732)
(7.44832 2.00011 -4.09093)
(7.44631 1.99698 -3.88525)
(7.4532 2.20738 -3.88546)
(7.45613 2.20824 -4.09525)
(7.66877 2.20528 -3.88523)
(7.6696 2.4 -3.88519)
(7.66703 2.4 -3.67557)
(7.66666 2.20509 -3.67571)
(7.65778 3 -4.32065)
(7.66323 2.81472 -4.31092)
(7.66613 2.81813 -4.5)
(7.65719 3 -4.5)
(7.87635 3 -3.67994)
(7.8809 2.59894 -3.67667)
(7.8831 2.59302 -3.886)
(7.88479 2.59777 -4.09674)
(7.87882 2.81321 -4.10224)
(7.87647 3 -4.05945)
(7.66664 2.59293 -3.67621)
(7.6686 2.59305 -3.8861)
(7.67082 2.59811 -4.09717)
(7.66106 2.81267 -4.10453)
(7.65777 3 -4.11118)
(7.7 2.4 -4.5)
(7.68344 2.4 -4.30736)
(7.68282 2.20617 -4.30395)
(7.69067 2.20601 -4.5)
(7.6655 2.4 -3.46642)
(7.66519 2.205 -3.46654)
(7.88091 2.59291 -3.46677)
(7.66558 2.59202 -3.46676)
(7.29976 1.80076 -4.30125)
(7.46625 1.8 -4.30175)
(7.00475 1.8775 -4.49963)
(7.3 1.8 -4.48652)
(7.5 1.8 -4.5)
(7.46373 2.00479 -4.30291)
(7.47729 2.21041 -4.5)
(7.46561 2.20987 -4.30461)
(7.47731 2.01164 -4.5)
(7.67328 2.20566 -4.09492)
(7.67428 2.4 -4.09567)
(7.67632 2.6029 -4.30545)
(7.67985 2.61076 -4.5)
(6.4109 1.95259 -3.81272)
(7.00475 2.255 -4.49963)
(7 3 -4.5)
(6.58504 2.72336 -4.01588)
(7.45327 2.6001 -4.09822)
(6.96567 2.25083 -4.12312)
(7.00475 2.6325 -4.49963)
(7 3 -4.0925)
(7.43812 3 -4.5)
(7.48514 3 -3.67913)
(6.96643 2.63555 -4.12483)
(7.45057 2.59743 -3.67677)
(7.46139 3 -4.08867)
(7.46443 2.61218 -4.5)
(7.29976 2.40043 -4.30125)
(6.73869 2.8258 -3.90775)
(7.22503 2.02185 -4.31255)
(7.21215 2.81948 -4.33263)
(7.22024 2.81269 -3.8932)
(7.22229 2.81203 -3.46826)
(7.00475 2.06625 -4.49963)
(6.90295 2.2584 -4.38678)
(7.00475 2.44375 -4.49963)
(7.24339 2.22274 -4.5)
(7 2.82126 -4.5)
(6.99913 2.99915 -4.48116)
(7.21906 3 -4.5)
(7 3 -3.88375)
(7.21921 3 -3.67785)
(6.48922 2.65948 -3.90409)
(6.70143 2.65696 -4.15167)
(7.22701 2.60597 -4.10254)
(7.46008 2.4 -4.09483)
(7.45154 2.598 -3.88709)
(7.44145 2.81307 -4.10648)
(7.45825 2.60483 -4.30692)
(7.44971 2.59708 -3.4671)
(6.96369 2.05798 -4.12484)
(6.97218 2.43892 -4.11964)
(7.22999 2.21677 -4.09967)
(6.90697 2.64062 -4.39147)
(7.23348 2.61683 -4.5)
(7.5 2.4 -4.5)
(6.99129 2.62058 -3.89876)
(7.23318 2.6008 -3.67778)
(6.50464 2.26107 -3.92205)
(7.45419 2.4 -3.67541)
(6.97671 2.81797 -4.12484)
(7.22075 3 -4.11186)
(7.43981 3 -4.32865)
(7.44586 2.81861 -4.5)
(7.44119 2.81257 -3.67924)
(7.4354 3 -3.89275)
(7.43488 3 -3.46795)
(6.90358 2.4496 -4.38751)
(7.22559 2.22265 -4.31251)
(7.3 2.4 -4.0925)
(7.22043 2.6135 -4.31649)
(7.46973 2.4 -4.30585)
(7.23406 2.60021 -3.46771)
(7.45203 2.4 -3.46638)
(6.90303 2.06815 -4.38687)
(6.75454 2.63638 -3.90546)
(6.50398 2.47156 -3.9213)
(6.69897 2.79931 -4.14879)
(6.92087 2.83558 -4.40768)
(6.99451 2.81139 -3.89672)
(7.23101 2.01175 -4.09973)
(7.23126 2.60232 -3.88903)
(7.45615 2.4 -3.88454)
(7.21676 2.81486 -4.1123)
(7.44306 2.81544 -4.31566)
(7.44124 2.81222 -3.89221)
(7.22166 2.81218 -3.67937)
(7.44111 2.8119 -3.46818)
(7.22437 3 -4.35525)
(7.21582 2.81936 -4.5)
(7.21961 3 -3.89116)
(7.24346 2.02591 -4.5)
(7.21907 3 -3.4673)
(7.3 2.4 -4.48652)
(7.3 2.4 -3.46625)
(6.75438 2.45707 -3.89917)
(7.3 2.4 -3.88375)
(6.99231 2.23822 -3.89694)
(7.23589 2.21383 -3.67734)
(6.70468 2.25129 -4.15547)
(6.70197 2.46466 -4.15231)
(7.23753 2.21242 -3.46745)
(7.3 2.4 -3.675)
(6.75579 2.26638 -3.89835)
(6.99867 2.42388 -3.89448)
(7.23399 2.21562 -3.88743)
(6.40889 2.08938 -3.81035)
(6.79477 2.86319 -4.26058)
(6.72365 2.07223 -4.17759)
(6.4884 2.08292 -3.90311)
(7.88154 2.20469 -3.67575)
(7.87625 3 -4.5)
(7.89652 2.20453 -4.5)
(7.879 1.8 -3.67517)
(7.9 1.8 -4.5)
(7.88642 2.20494 -4.09512)
(7.88995 2.61035 -4.5)
(7.8833 1.8 -4.09431)
(7.22275 1.65219 -4.31295)
(8.0965 1.63142 -3.88504)
(8.0961 1.63111 -3.46651)
(7.66288 1.63159 -3.88483)
(7.67793 1.63949 -4.30303)
(7.66447 1.99612 -3.88472)
(7.68123 2.0005 -4.30299)
(8.09859 1.63888 -4.30359)
(8.09685 1.99565 -3.88511)
(8.09909 1.99897 -4.30361)
(8.0976 2.4 -3.88539)
(8.09634 2.8145 -4.30854)
(8.09921 2.4 -4.30753)
(7.65949 1.63119 -3.46665)
(7.66095 1.99569 -3.46636)
(8.09642 1.99547 -3.46647)
(8.09716 2.4 -3.4664)
(7.00475 1.68875 -4.49963)
(7.87923 1.63119 -3.67553)
(7.89355 1.65003 -4.5)
(7.87995 1.99558 -3.67544)
(8.09741 2.20458 -3.67574)
(7.88122 2.4 -3.67573)
(7.88324 2.20476 -3.88532)
(7.88078 2.20465 -3.46649)
(8.09531 3 -4.5)
(7.87645 3 -4.31746)
(7.88217 2.81795 -4.5)
(7.89652 2.00511 -4.5)
(7.89224 2.20508 -4.304)
(8.10004 2.20407 -4.5)
(7.9 2.4 -4.5)
(7.4455 1.6349 -4.09127)
(7.66592 1.8 -4.09133)
(8.09712 1.8 -4.09559)
(8.0979 2.59755 -4.09646)
(6.9641 1.68081 -4.12623)
(7.47039 1.65276 -4.5)
(7.44726 1.63149 -3.67655)
(7.88348 1.63276 -4.09402)
(7.88022 1.8 -3.88468)
(7.663 1.8 -3.67498)
(8.09619 1.8 -3.67544)
(7.87822 1.8 -3.46604)
(7.89019 1.8 -4.30623)
(7.7 1.8 -4.5)
(8.1 1.8 -4.5)
(8.09748 2.5929 -3.67613)
(7.88445 1.99646 -4.0942)
(8.09828 2.20475 -4.09512)
(7.88645 2.4 -4.0959)
(8.0954 3 -4.10753)
(7.88819 2.6025 -4.30507)
(8.09841 2.61025 -4.5)
(6.90357 1.69032 -4.38749)
(7.22829 1.64311 -4.10114)
(7.45932 1.64166 -4.30331)
(8.09629 1.63117 -3.67566)
(7.88044 1.63146 -3.88481)
(8.09718 1.6327 -4.0947)
(8.09652 1.8 -3.88497)
(7.87829 1.63113 -3.46642)
(8.09588 1.8 -3.46639)
(7.4438 1.63214 -3.88568)
(7.66694 1.63313 -4.09269)
(7.66193 1.8 -3.88482)
(7.6624 1.63123 -3.67573)
(7.68002 1.8 -4.30554)
(7.88956 1.63901 -4.30336)
(7.66879 1.99722 -4.09278)
(7.88124 1.99577 -3.88485)
(7.66396 1.99577 -3.67535)
(7.8914 1.99931 -4.30339)
(8.09896 1.8 -4.30667)
(8.09755 1.99626 -4.09486)
(8.09768 2.20464 -3.88534)
(8.09662 1.99551 -3.67564)
(8.09936 2.20475 -4.30394)
(7.88326 2.4 -3.88541)
(7.88027 2.8146 -4.30911)
(7.89199 2.4 -4.30765)
(8.09776 2.59214 -3.88582)
(8.09826 2.4 -4.09581)
(8.09729 2.4 -3.67563)
(8.09609 2.81258 -4.10172)
(8.09835 2.60237 -4.30484)
(7.4383 1.63148 -3.46702)
(7.6584 1.8 -3.46615)
(7.87898 1.99553 -3.46632)
(8.09728 2.20457 -3.46652)
(7.88077 2.4 -3.46634)
(8.09745 2.59135 -3.4667)
(7.23737 1.66043 -4.5)
(7.69067 2.00672 -4.5)
(7.68542 1.65064 -4.5)
(8.09538 3 -4.3166)
(8.1 2.4 -4.5)
(8.09673 2.81791 -4.5)
(8.09933 1.64986 -4.5)
(8.10004 2.00461 -4.5)
(6.80493 1.69052 -4.27242)
(6.72489 1.6909 -4.17905)
(7.01656 2.22613 -2.83908)
(7.23909 2.21276 -2.83994)
(7.23944 2.21217 -2.63121)
(7.01906 2.22033 -2.63088)
(7.45173 2.20646 -2.84017)
(7.45131 2.2064 -2.63142)
(7.66576 2.4 -2.63139)
(7.66549 2.4 -2.84016)
(7.66504 2.20496 -2.63138)
(7.66518 2.20497 -2.84011)
(7.45088 2.20638 -3.04893)
(7.66486 2.20496 -3.04883)
(7.6654 2.4 -3.04873)
(7.66531 2.59197 -3.04888)
(6.56069 2.30496 -2.6235)
(6.56045 2.2924 -2.83082)
(6.55344 2.47995 -2.62784)
(6.54995 2.47859 -2.83674)
(6.2919 2.52783 -2.83257)
(6.29543 2.53024 -2.62514)
(6.18888 2.45925 -2.61808)
(6.18271 2.4551 -2.8187)
(6.53532 2.29208 -3.47369)
(6.53513 2.46916 -3.47608)
(6.53648 2.28619 -3.27009)
(6.53805 2.47201 -3.26484)
(6.54601 2.29808 -3.04863)
(7.01669 2.22 -3.0498)
(6.54539 2.47519 -3.05)
(6.13344 2.42227 -3.48869)
(6.27339 2.51569 -3.47313)
(6.27637 2.51745 -3.2638)
(6.14925 2.43265 -3.26907)
(6.17054 2.44721 -3.04371)
(6.28531 2.52336 -3.0477)
(6.53032 2.09047 -3.49392)
(6.53228 2.09192 -3.29272)
(6.19701 2.46439 -3.56318)
(7 3 -2.84)
(7.0047 2.81247 -2.84029)
(6.75579 2.83719 -2.84053)
(6.86723 2.91149 -2.84027)
(7.219 3 -2.84005)
(7.22294 2.8123 -2.84017)
(6.51831 2.67885 -2.8404)
(6.78288 2.62916 -2.84066)
(7.01029 2.61288 -2.84038)
(7.23503 2.60032 -2.84017)
(7.45002 2.59718 -2.84025)
(7.45259 2.4 -2.84034)
(7.66532 2.5927 -2.84017)
(7.44127 2.81251 -2.8402)
(7.48491 3 -2.84017)
(6.63097 2.75398 -2.63133)
(6.39638 2.5976 -2.83851)
(6.39863 2.59911 -2.62924)
(6.51826 2.67883 -2.63085)
(6.63025 2.75351 -2.84072)
(6.75616 2.83744 -2.63138)
(7.22301 2.81226 -2.63132)
(7 3 -2.63125)
(7.45027 2.59706 -2.63146)
(7.43479 3 -2.6313)
(6.78456 2.62842 -2.63129)
(7.4533 2.4 -2.63155)
(7.0049 2.81255 -2.63133)
(7.4413 2.81193 -2.63135)
(7.66552 2.59198 -2.6314)
(6.86739 2.91159 -2.63132)
(7.219 3 -2.63127)
(6.51133 2.67419 -3.2654)
(6.75061 2.83374 -3.47377)
(6.75496 2.83663 -3.05032)
(7.22282 2.81217 -3.04915)
(6.38529 2.59021 -3.26661)
(6.51442 2.67626 -3.05176)
(7 3 -3.04875)
(6.50338 2.6689 -3.48181)
(6.77867 2.62659 -3.26289)
(6.62609 2.75073 -3.26317)
(7.44992 2.59703 -3.04901)
(6.86604 2.91069 -3.25945)
(7.0097 2.61224 -3.04991)
(7.4348 3 -3.04903)
(6.77536 2.62344 -3.47642)
(6.75334 2.83556 -3.2612)
(6.62209 2.74806 -3.477)
(6.78225 2.62695 -3.05106)
(6.62876 2.7525 -3.05117)
(7.00432 2.81221 -3.04952)
(6.37454 2.58303 -3.48718)
(6.39211 2.59476 -3.05112)
(7.23486 2.6002 -3.04911)
(7.44121 2.8119 -3.04914)
(7.45261 2.4 -3.04893)
(6.86685 2.91123 -3.04954)
(7.21901 3 -3.04888)
(6.86454 2.90969 -3.47054)
(7.3 2.4 -3.04875)
(7.01924 2.40907 -2.84)
(7.3 2.4 -2.84)
(7.0188 2.4082 -3.04939)
(7.23874 2.21208 -3.04907)
(6.09417 2.39457 -2.78158)
(6.10299 2.40136 -2.61006)
(6.076 2.38205 -3.03959)
(6.00438 2.32839 -3.29138)
(5.99969 2.30997 -3.30504)
(6.21643 2.11032 -3.586)
(6.12467 2.11923 -3.47846)
(6.08575 2.38444 -3.43329)
(6.20364 2.32362 -3.5703)
(6.33607 2.32893 -2.81721)
(6.34264 2.33291 -2.61806)
(6.29612 2.30887 -3.27643)
(6.31248 2.3214 -3.45941)
(6.32368 2.32086 -3.04494)
(6.32731 2.10707 -3.47956)
(6.30659 2.10223 -3.3104)
(7.43836 1.63146 -3.04906)
(7.65902 1.63117 -3.04899)
(7.65763 1.8 -3.049)
(7.44717 1.63138 -2.84014)
(7.66126 1.63115 -2.84005)
(7.66176 1.8 -2.83988)
(7.65761 1.8 -2.6315)
(8.75213 2.59884 -3.25794)
(8.97097 2.59274 -3.25773)
(8.97001 2.59132 -3.46644)
(8.75131 2.59278 -3.46673)
(9.19003 2.59883 -3.25802)
(9.18911 2.59278 -3.46678)
(8.75161 2.4 -3.46661)
(8.97044 2.4 -3.46597)
(8.96986 2.20454 -3.46631)
(8.7511 2.20454 -3.46649)
(8.53279 2.59132 -3.46661)
(8.53337 2.59274 -3.25781)
(8.53265 2.20454 -3.46648)
(8.5329 2.4 -3.46631)
(8.75153 1.8 -3.25731)
(8.7518 1.99543 -3.2575)
(8.97095 1.99544 -3.25766)
(8.97119 1.8 -3.25774)
(8.97092 2.20453 -3.25759)
(8.96979 1.99544 -3.46643)
(8.75199 2.20453 -3.25755)
(9.18916 1.99546 -3.46652)
(9.19026 1.99545 -3.25766)
(9.18897 2.20453 -3.46655)
(9.18925 2.4 -3.46646)
(8.5333 2.20454 -3.25765)
(8.53313 1.99545 -3.25763)
(8.7527 1.8 -3.04828)
(8.75248 1.99544 -3.04857)
(8.53353 1.99544 -3.04842)
(8.31492 1.99545 -3.04897)
(8.75174 1.50003 -3.25758)
(8.75174 1.63112 -3.25751)
(8.97093 1.63112 -3.2577)
(8.97077 1.50003 -3.25774)
(8.75246 1.63114 -3.04858)
(8.75234 1.50013 -3.04877)
(9.19062 3 -3.2595)
(8.7525 3 -3.25949)
(9.19062 1.8 -3.25738)
(9.1897 1.8 -3.46631)
(9.19009 1.49996 -3.25792)
(9.19031 1.63111 -3.25773)
(9.18916 1.63112 -3.46659)
(9.18885 1.50008 -3.46681)
(9.40889 1.99546 -3.46706)
(9.40863 2.20454 -3.46702)
(9.4089 2.4 -3.46677)
(9.4086 2.59132 -3.46712)
(9.40915 1.8 -3.46679)
(9.40889 1.49999 -3.46736)
(9.409 1.6311 -3.46715)
(9.4091 1.3689 -3.46709)
(9.40952 1.2 -3.46648)
(9.40899 1.00454 -3.46698)
(9.40945 1.00455 -3.25823)
(9.18198 -1.46069e-16 -3.25939)
(9.1883 0.401171 -3.258)
(9.40836 0.407256 -3.25788)
(9.19015 0.6 -3.25769)
(9.40901 0.6 -3.2577)
(9.40898 0.795458 -3.25789)
(9.18994 0.795468 -3.2577)
(8.96943 1.50004 -3.46658)
(8.75061 1.50004 -3.46646)
(8.53304 1.49989 -3.25761)
(8.53346 1.49993 -3.04874)
(8.31478 1.5 -3.04889)
(9.18903 0.795448 -3.46659)
(9.40858 0.795451 -3.46692)
(9.18907 1.36891 -3.46686)
(9.19019 1.36888 -3.25782)
(9.18937 1.2 -3.46703)
(9.18908 1.00454 -3.46679)
(8.75088 1.3689 -3.4662)
(8.96979 1.36891 -3.4666)
(8.96716 1.36883 -3.67542)
(8.74868 1.36885 -3.67536)
(8.7495 1.2 -3.67528)
(8.96805 1.2 -3.67534)
(8.97041 1.2 -3.46668)
(8.75127 1.2 -3.46582)
(8.75208 1.2 -3.25718)
(8.7519 1.36891 -3.25746)
(8.97092 1.36891 -3.25776)
(8.53317 1.36887 -3.25761)
(8.53334 1.2 -3.2579)
(8.53273 1.2 -3.46536)
(8.53245 1.36887 -3.46604)
(8.96724 1.00451 -3.67539)
(8.74879 1.00452 -3.67533)
(8.75098 1.00454 -3.46617)
(8.75195 1.00455 -3.25741)
(8.96987 1.00454 -3.46656)
(8.53326 1.00456 -3.25758)
(8.53257 1.00455 -3.46601)
(8.73257 -1.46069e-16 -3.2594)
(8.7481 0.401185 -3.2577)
(8.96982 0.407264 -3.25768)
(8.75183 0.6 -3.25689)
(8.97109 0.6 -3.25752)
(8.96987 0.795453 -3.46643)
(8.75112 0.79545 -3.46635)
(8.75191 0.795449 -3.25731)
(8.97089 0.79546 -3.25756)
(8.53097 0.407258 -3.25761)
(8.31178 0.407233 -3.04887)
(8.53203 0.408709 -3.04882)
(8.53351 0.6 -3.25741)
(8.53336 0.795467 -3.25746)
(8.53349 0.6 -3.04879)
(8.53359 0.795467 -3.04877)
(8.31506 0.6 -3.04881)
(8.31514 0.79546 -3.04878)
(8.53269 0.795461 -3.46637)
(8.53343 1.8 -3.04763)
(8.3148 1.8 -3.04911)
(8.3148 1.63109 -3.04898)
(8.53347 1.63109 -3.04841)
(8.75259 1.49994 -2.84003)
(8.75275 1.49989 -2.63127)
(8.75277 1.63108 -2.63122)
(8.7527 1.6311 -2.83997)
(8.75281 1.8 -2.83995)
(8.75303 1.8 -2.63111)
(8.75275 1.99545 -2.63121)
(8.75269 1.99545 -2.83996)
(8.97173 1.49998 -2.63123)
(8.73179 -1.20441e-16 -2.84067)
(8.75095 0.407236 -2.63122)
(8.74844 0.401169 -2.84013)
(8.75256 0.6 -2.63114)
(8.75265 0.795472 -2.6312)
(8.97217 1.2 -2.63113)
(8.97185 1.3689 -2.63121)
(8.75311 1.00456 -2.63127)
(8.75415 1.2 -2.63131)
(8.3147 1.36891 -3.04889)
(8.27127 -1.20435e-16 -2.84059)
(8.30663 0.401163 -2.84016)
(8.31514 0.795461 -2.84005)
(8.31501 0.6 -2.8401)
(8.3147 1.2 -3.04905)
(8.31484 1.5001 -2.84023)
(8.31453 1.36892 -2.84014)
(8.31398 1.2 -2.84028)
(8.31482 1.00456 -3.04886)
(8.31464 1.00455 -2.84011)
(8.75261 0.6 -2.84003)
(8.75257 0.795471 -2.84001)
(8.7525 1.00455 -2.84006)
(8.53363 1.50009 -2.84006)
(8.75312 1.36887 -2.63129)
(8.53122 0.407265 -2.84006)
(8.5336 0.6 -2.84)
(8.53369 0.795466 -2.84001)
(8.53364 1.00455 -2.84002)
(8.75228 1.2 -2.84016)
(8.53363 1.2 -2.83996)
(8.5336 1.36891 -2.84004)
(8.7525 1.36887 -2.84008)
(8.53368 1.99545 -2.83999)
(8.53348 1.99545 -2.63158)
(8.31499 1.99545 -2.6315)
(8.31507 1.99545 -2.84069)
(8.09659 1.99546 -3.04885)
(8.09669 1.99546 -2.6313)
(8.09667 1.99545 -2.84006)
(8.31513 2.20455 -3.04884)
(8.31497 2.4 -3.04879)
(8.53335 2.4 -3.2577)
(8.75215 2.4 -3.25744)
(8.53365 2.20453 -3.04877)
(8.75241 2.20452 -3.04876)
(8.75247 2.4 -3.04879)
(8.53374 2.4 -3.04876)
(8.7525 2.59882 -2.8402)
(8.75244 2.4 -2.84021)
(8.75263 2.4 -2.63119)
(8.7526 2.59277 -2.63126)
(8.7525 3 -2.84071)
(8.75243 2.59276 -3.04889)
(8.75253 2.20453 -2.84006)
(8.75262 2.20453 -2.63122)
(8.97141 1.49993 -3.0489)
(9.40972 1.49992 -3.25846)
(9.19073 1.49998 -2.84016)
(8.97159 1.49998 -2.84006)
(9.19058 1.49999 -3.04906)
(9.41 1.50001 -3.04943)
(9.19078 1.5 -2.63124)
(9.40966 1.36889 -3.25839)
(9.40961 1.2 -3.25835)
(9.19014 1.00455 -3.25774)
(9.18849 0.40117 -2.83994)
(9.18945 0.407237 -3.0488)
(9.18135 -1.20441e-16 -2.84066)
(8.97033 0.407265 -2.84006)
(9.1903 0.6 -3.04874)
(9.19038 0.795462 -2.83983)
(9.19025 0.795462 -3.04875)
(9.19046 0.6 -2.83975)
(9.19054 1.00455 -2.84005)
(9.19046 1.00455 -3.04885)
(9.19061 1.2 -2.84021)
(9.19054 1.2 -3.04876)
(9.40957 1.00455 -3.04909)
(9.4097 1.2 -3.04912)
(9.19065 1.3689 -2.84014)
(9.19083 1.36891 -2.63124)
(9.19056 1.3689 -3.04894)
(9.40985 1.36891 -3.0493)
(9.19088 1.2 -2.63131)
(8.97075 0.408714 -2.63119)
(9.18959 0.407238 -2.63102)
(8.9715 0.6 -2.63121)
(8.97155 0.795465 -2.63117)
(9.19048 0.6 -2.63109)
(9.19044 0.795463 -2.63102)
(8.97181 1.00456 -2.63118)
(9.19072 1.00455 -2.63117)
(9.41005 1.49995 -2.84031)
(9.41 1.50007 -2.63117)
(8.97154 1.8 -3.04911)
(8.97145 1.99544 -3.0489)
(9.18996 2.20453 -3.25767)
(9.19013 2.4 -3.25759)
(8.97115 2.4 -3.25761)
(8.97132 2.20454 -3.04875)
(8.97137 2.4 -3.04869)
(8.97148 1.63109 -3.04894)
(9.40976 1.99546 -2.84005)
(9.40966 1.99545 -2.63101)
(9.19062 1.99545 -2.63121)
(9.19065 1.99546 -2.84005)
(9.19057 1.99545 -3.04896)
(9.40978 1.99545 -3.04915)
(9.40999 1.8 -3.04917)
(9.19072 1.8 -3.04904)
(9.41034 1.8 -3.25794)
(8.97171 1.99545 -2.84003)
(8.97167 1.99546 -2.63116)
(9.40994 1.63108 -3.25824)
(9.19034 2.59884 -2.84)
(9.1904 2.59276 -2.63099)
(9.19062 3 -2.84072)
(9.19039 2.4 -2.83995)
(9.19061 2.4 -2.63095)
(9.1902 2.59277 -3.04884)
(9.19031 2.4 -3.04878)
(9.19038 2.20454 -2.83989)
(9.19046 2.20454 -2.63099)
(9.19027 2.20454 -3.0488)
(9.40974 1.99545 -3.2581)
(9.40909 2.20454 -3.25795)
(9.40895 2.59275 -3.25799)
(9.4092 2.4 -3.25777)
(9.40922 2.4 -2.63067)
(9.40907 2.4 -3.04867)
(9.40893 2.59274 -2.83959)
(9.40911 2.20454 -2.83965)
(9.40912 2.20453 -2.63065)
(9.40894 2.59129 -2.63058)
(9.40913 2.4 -2.83956)
(9.40911 2.20453 -3.04879)
(9.40889 2.59129 -3.04871)
(8.97146 2.4 -2.63115)
(8.97143 2.59273 -2.83989)
(8.97148 2.20454 -2.83986)
(8.97151 2.20454 -2.63114)
(8.97147 2.59129 -2.63115)
(8.97149 2.4 -2.83964)
(8.9713 2.59129 -3.04878)
(9.19073 1.8 -2.84008)
(9.19077 1.63108 -2.84013)
(9.19073 1.63109 -2.63128)
(9.19074 1.8 -2.63139)
(9.19066 1.63109 -3.04904)
(9.41004 1.63109 -2.84025)
(9.40994 1.63111 -2.63117)
(9.41005 1.6311 -3.04933)
(9.40997 1.8 -2.84019)
(9.4099 1.8 -2.63107)
(8.97172 1.63108 -2.63119)
(8.97195 1.8 -2.84012)
(8.97169 1.8 -2.63104)
(8.97175 1.63108 -2.84008)
(9.409 0.79546 -2.83957)
(9.40893 0.6 -2.83951)
(9.40828 0.407269 -2.83949)
(9.40958 1.00455 -2.84001)
(9.4096 1.2 -2.83992)
(9.41002 1.2 -2.6311)
(9.40906 0.6 -3.04845)
(9.40851 0.408708 -3.04856)
(9.40904 0.79546 -3.04866)
(9.40999 1.36892 -2.63113)
(9.40988 1.3689 -2.84022)
(9.40911 0.6 -2.63073)
(9.4097 1.00454 -2.63096)
(9.40849 0.408713 -2.63055)
(9.40906 0.795455 -2.63063)
(9.19047 1.2 -3.25748)
(8.97106 1.2 -3.2579)
(8.97094 1.00455 -3.25771)
(8.75077 0.40724 -3.04881)
(8.7525 0.6 -3.04871)
(8.7524 0.795465 -3.04872)
(8.75236 1.00455 -3.04881)
(8.9716 1.00455 -3.04879)
(8.97226 1.2 -3.04872)
(8.97133 1.00456 -2.83997)
(8.97078 1.2 -2.83986)
(8.97162 1.36888 -3.04883)
(8.97136 1.3689 -2.84)
(8.97164 0.6 -2.84013)
(8.97151 0.795454 -2.84001)
(8.97143 0.6 -3.04878)
(8.97058 0.408714 -3.04882)
(8.97135 0.79547 -3.04877)
(8.53359 1.2 -3.0488)
(8.75226 1.2 -3.04892)
(8.75234 1.36891 -3.04884)
(8.53355 1.00456 -3.04881)
(8.5335 1.36889 -3.04882)
(8.31522 2.20454 -2.84011)
(8.31507 2.4 -2.83995)
(8.31437 3 -2.84067)
(8.3151 2.59884 -2.84015)
(8.31521 2.59277 -2.6313)
(8.3152 2.20454 -2.63131)
(8.31498 2.4 -2.63129)
(8.09732 2.59275 -2.84011)
(8.09704 2.4 -2.84012)
(8.09726 2.20455 -3.04884)
(8.09705 2.4 -3.04883)
(8.31516 2.59277 -3.04892)
(8.53384 2.4 -2.63127)
(8.53367 2.59274 -2.84017)
(8.53368 2.20453 -2.84011)
(8.53378 2.20453 -2.63131)
(8.53381 2.59129 -2.63129)
(8.53348 2.4 -2.84024)
(8.53368 2.59129 -3.04888)
(8.09738 2.59132 -3.0489)
(8.0973 2.20455 -2.84008)
(8.09708 2.4 -2.63111)
(8.0973 2.20456 -2.63123)
(8.09742 2.59131 -2.63123)
(8.31504 1.8 -2.84185)
(8.31495 1.63112 -2.8407)
(8.31488 1.50004 -2.63136)
(8.31471 1.3689 -2.63127)
(8.31467 1.8 -2.6315)
(8.31487 1.63111 -2.63151)
(8.31207 0.407235 -2.63129)
(8.31499 0.6 -2.63124)
(8.31515 0.795467 -2.63125)
(8.31449 1.2 -2.6313)
(8.31482 1.00456 -2.63124)
(8.09612 1.36892 -3.04875)
(8.09632 1.50008 -3.04885)
(8.0963 1.63111 -3.04886)
(8.09626 1.8 -3.04885)
(8.53368 1.50006 -2.63136)
(8.53381 1.36892 -2.63128)
(8.53344 1.63111 -2.63159)
(8.53366 1.8 -2.83965)
(8.53293 1.8 -2.63209)
(8.53364 1.63113 -2.83999)
(8.53357 0.6 -2.63129)
(8.53384 1.00456 -2.63126)
(8.53222 0.40871 -2.63127)
(8.53405 1.2 -2.63127)
(8.53373 0.795467 -2.63125)
(8.09638 1.63112 -2.84006)
(8.09637 1.50001 -2.84007)
(8.09614 1.8 -2.83982)
(8.09632 1.50006 -2.63131)
(8.09608 1.36891 -2.63126)
(8.09639 1.63112 -2.63131)
(8.09652 1.8 -2.6312)
(8.09704 0.6 -3.04871)
(8.09642 1.00455 -3.04872)
(8.09699 0.6 -2.63127)
(8.09636 1.00455 -2.63124)
(8.09727 0.795448 -2.84001)
(8.09274 0.407264 -2.84007)
(8.09575 1.2 -2.83996)
(8.09442 0.408707 -3.04882)
(8.09727 0.795445 -3.04876)
(8.09715 0.6 -2.84002)
(8.09573 1.2 -3.04868)
(8.0961 1.36889 -2.83998)
(8.09638 1.00454 -2.83996)
(8.09484 0.408695 -2.63129)
(8.0972 0.79545 -2.63127)
(8.09595 1.2 -2.6312)
(8.72308 1.5 -4.5)
(8.93492 1.5 -4.5)
(8.93989 1.5 -4.30118)
(8.72669 1.50001 -4.3015)
(8.74821 1.50004 -3.67549)
(8.74374 1.49994 -3.88449)
(8.96133 1.49997 -3.88429)
(8.96664 1.49999 -3.67544)
(8.51634 1.50001 -4.3019)
(8.51411 1.5 -4.5)
(8.53058 1.49993 -3.67561)
(8.5275 1.50005 -3.88478)
(8.5322 1.49996 -3.46647)
(8.73638 1.50006 -4.09336)
(8.95227 1.5 -4.09296)
(9.17232 1.50006 -4.09282)
(9.15932 1.50001 -4.30096)
(9.15351 1.5 -4.5)
(9.18127 1.50004 -3.88434)
(9.18626 1.49995 -3.67561)
(9.14437 1.65008 -4.5)
(9.15562 1.63893 -4.30097)
(8.52259 1.5 -4.09381)
(9.40724 1.49998 -3.67619)
(9.39872 1.49999 -4.0933)
(9.39014 1.5 -4.30117)
(9.40421 1.49992 -3.88489)
(9.38586 1.63894 -4.30123)
(9.37496 1.65006 -4.5)
(9.18847 -1.94994e-16 -4.05779)
(9.18427 -1.71792e-16 -3.67962)
(9.18621 0.401105 -3.67623)
(9.18211 0.407153 -3.88469)
(9.17484 0.40233 -4.09426)
(9.18437 0.186848 -4.10024)
(9.16154 0.397466 -4.30214)
(9.18035 0.185521 -4.30764)
(9.19063 -4.44089e-16 -4.5)
(9.18993 -2.28333e-16 -4.31578)
(9.175 0.181849 -4.5)
(9.1525 0.38981 -4.5)
(9.1823 0.6 -3.88401)
(9.17173 0.6 -4.09273)
(9.18662 0.795444 -3.67542)
(9.18139 0.795407 -3.88421)
(9.18728 0.6 -3.67524)
(9.17096 0.795314 -4.09283)
(9.15151 0.6 -4.30065)
(9.13691 0.795776 -4.5)
(9.10851 0.6 -4.49149)
(9.15177 0.795307 -4.30094)
(9.18856 0.407217 -3.46677)
(9.1895 0.6 -3.46646)
(9.40749 1.00451 -3.67589)
(9.40432 1.00439 -3.88475)
(9.40419 0.795408 -3.88475)
(9.40731 0.795446 -3.67593)
(9.36963 0.995955 -4.5)
(9.36964 0.795797 -4.5)
(9.38324 0.795293 -4.30128)
(9.38299 1.00124 -4.30105)
(9.39756 0.795306 -4.09338)
(9.39769 1.00383 -4.09337)
(9.17187 1.8 -4.09209)
(9.17107 1.99617 -4.09262)
(9.18152 1.99561 -3.88418)
(9.18254 1.8 -3.88409)
(9.18666 1.99548 -3.67538)
(9.18729 1.8 -3.67518)
(9.15135 1.8 -4.30073)
(9.15169 1.99874 -4.30097)
(9.13691 2.00401 -4.5)
(9.10851 1.8 -4.49149)
(9.18663 1.63115 -3.67542)
(9.18164 1.63142 -3.88421)
(9.17188 1.63272 -4.09263)
(8.50314 2.4 -4.49686)
(8.51598 2.4 -4.30485)
(8.51956 2.60252 -4.30372)
(8.51642 2.61026 -4.5)
(8.5251 2.59754 -4.09544)
(8.52868 2.59211 -3.88519)
(8.53142 2.59289 -3.67582)
(8.5237 2.4 -4.09445)
(8.52867 2.4 -3.88471)
(8.51441 2.20461 -4.3028)
(8.51428 1.99887 -4.30298)
(8.52268 1.9962 -4.09427)
(8.52275 2.20467 -4.09416)
(8.50858 2.20396 -4.5)
(8.50858 2.00436 -4.5)
(8.53107 1.99549 -3.67576)
(8.52798 1.99562 -3.8849)
(8.52866 1.8 -3.88487)
(8.53171 1.8 -3.67582)
(8.53113 2.20455 -3.67551)
(8.52803 2.20459 -3.88481)
(8.5316 2.4 -3.6753)
(8.51573 1.8 -4.30556)
(8.52338 1.8 -4.09462)
(8.50314 1.8 -4.49686)
(8.51178 1.64983 -4.5)
(8.51588 1.63887 -4.30303)
(8.52292 1.63266 -4.09421)
(8.5279 1.63142 -3.88488)
(8.74941 1.8 -3.67574)
(8.96791 1.8 -3.67505)
(8.97012 1.8 -3.46638)
(8.75179 1.8 -3.46645)
(8.53231 1.8 -3.4669)
(8.953 1.8 -4.09345)
(8.93622 1.8 -4.30218)
(8.90672 1.8 -4.49328)
(8.74559 1.8 -3.88421)
(8.96303 1.8 -3.88406)
(8.53316 1.8 -3.25773)
(8.72329 1.99886 -4.30217)
(8.93445 1.99881 -4.30151)
(8.95171 1.99618 -4.09317)
(8.73645 1.99619 -4.09381)
(8.74441 1.99562 -3.88447)
(8.96186 1.99562 -3.8842)
(8.7142 2.00425 -4.5)
(8.92223 2.00412 -4.5)
(8.53239 1.99545 -3.46668)
(8.7525 3 -4.5)
(8.72622 2.61025 -4.5)
(8.73972 2.59767 -4.09488)
(8.7525 3 -4.05788)
(8.74879 2.20455 -3.67536)
(8.73621 2.20467 -4.09357)
(8.7142 2.20403 -4.5)
(8.74961 2.59889 -3.67621)
(8.7525 3 -3.6798)
(8.96189 2.81441 -4.3078)
(8.93627 2.4 -4.30193)
(8.96276 2.4 -3.8842)
(8.52833 2.81437 -4.30802)
(8.74042 2.81806 -4.5)
(8.7525 3 -4.31583)
(8.97156 3 -4.5)
(8.53344 3 -4.5)
(8.73114 2.60255 -4.30302)
(8.70493 2.4 -4.49507)
(8.93737 2.61022 -4.5)
(8.74836 2.81314 -4.10044)
(8.73746 2.4 -4.09377)
(8.74522 2.59285 -3.88495)
(8.95592 2.59754 -4.09446)
(8.97156 3 -4.10683)
(8.53344 3 -4.1069)
(8.74879 1.99548 -3.67556)
(8.74427 2.20459 -3.88447)
(8.74943 2.4 -3.67517)
(8.96719 2.20456 -3.67526)
(8.72331 2.20461 -4.30201)
(8.95162 2.20468 -4.09303)
(8.92223 2.20413 -4.5)
(8.96766 2.59289 -3.67562)
(8.94431 2.60251 -4.30254)
(8.96656 2.81256 -4.10069)
(8.74472 2.81444 -4.3078)
(8.93454 2.20467 -4.30142)
(8.96172 2.2046 -3.88422)
(8.96718 1.99549 -3.67527)
(8.95297 2.4 -4.09301)
(8.72542 2.4 -4.30304)
(8.9628 2.5921 -3.88467)
(8.968 2.4 -3.67514)
(8.74524 2.4 -3.88444)
(8.75109 1.99544 -3.46651)
(8.53071 2.81255 -4.10097)
(8.97156 3 -4.31601)
(8.95637 2.81812 -4.5)
(8.90672 2.4 -4.49328)
(8.53344 3 -4.31607)
(8.52553 2.818 -4.5)
(8.53095 1.63114 -3.67577)
(8.53228 1.63111 -3.46668)
(8.53306 1.63108 -3.25763)
(8.73816 1.8 -4.09439)
(8.72544 1.8 -4.30352)
(8.70493 1.8 -4.49507)
(8.93794 1.6389 -4.30153)
(8.96191 1.6314 -3.88421)
(8.96972 1.63111 -3.46649)
(8.74868 1.63117 -3.67558)
(8.71921 1.64989 -4.5)
(8.73693 1.6327 -4.09378)
(8.95241 1.63268 -4.09316)
(8.72584 1.63889 -4.3022)
(8.9671 1.63117 -3.67531)
(8.74441 1.6314 -3.88447)
(8.75099 1.63112 -3.46651)
(8.92888 1.64999 -4.5)
(9.39761 1.8 -4.09301)
(9.40487 1.8 -3.88451)
(9.37904 1.8 -4.30076)
(9.3103 1.8 -4.4897)
(9.39813 1.63267 -4.09322)
(9.4044 1.6314 -3.88474)
(9.40776 1.8 -3.67572)
(9.40432 1.99562 -3.88473)
(9.38308 1.99874 -4.30123)
(9.39758 1.99618 -4.09324)
(9.40738 1.99549 -3.67597)
(9.36963 2.00405 -4.5)
(9.40741 1.63115 -3.67602)
(9.40778 0.6 -3.67574)
(9.40711 0.407113 -3.6762)
(9.40471 0.6 -3.88449)
(9.40322 0.185475 -4.30777)
(9.37936 0.6 -4.30087)
(9.40969 -4.44089e-16 -4.5)
(9.39988 0.402473 -4.09472)
(9.40868 -1.97975e-16 -4.10667)
(9.37992 0.389833 -4.5)
(9.40459 0.407898 -3.88514)
(9.39765 0.6 -4.09323)
(9.40595 0.187426 -4.10063)
(9.38948 0.397612 -4.30238)
(9.40928 -2.28441e-16 -4.31591)
(9.3103 0.6 -4.4897)
(9.39951 0.181874 -4.5)
(9.40875 0.6 -3.46657)
(9.40824 0.40868 -3.46698)
(8.50859 0.995645 -4.5)
(8.51445 1.00114 -4.30313)
(8.51638 1.2 -4.30612)
(8.50314 1.2 -4.49686)
(8.52265 1.00381 -4.09432)
(8.5235 1.2 -4.095)
(8.50859 0.79604 -4.5)
(8.51442 0.795377 -4.30281)
(8.52277 0.795324 -4.09422)
(8.52877 1.2 -3.88486)
(8.52802 1.0044 -3.88484)
(8.52806 0.795409 -3.88484)
(8.51892 0.39762 -4.30367)
(8.5238 0.402476 -4.09545)
(8.52379 0.6 -4.0946)
(8.51592 0.6 -4.30485)
(8.50314 0.6 -4.49686)
(8.51645 0.389738 -4.5)
(8.51178 1.35017 -4.5)
(8.51607 1.36115 -4.30319)
(8.52288 1.36734 -4.09427)
(8.52795 1.3686 -3.88483)
(8.52556 0.182 -4.5)
(8.53344 -4.44089e-16 -4.5)
(8.52975 -2.2855e-16 -4.31598)
(8.52582 0.185497 -4.30796)
(8.52465 0.187434 -4.10082)
(8.52566 -1.97975e-16 -4.10675)
(9.38574 1.36107 -4.30102)
(9.3982 1.36731 -4.09334)
(9.4044 1.36857 -3.88477)
(9.18162 1.36859 -3.88429)
(9.17185 1.36731 -4.09289)
(9.18668 1.36883 -3.67555)
(9.17175 1.2 -4.09299)
(9.15163 1.2 -4.30021)
(9.15174 1.00123 -4.30083)
(9.17101 1.00383 -4.0929)
(9.13691 0.995992 -4.5)
(9.10851 1.2 -4.49149)
(9.38582 1.5 -4.5)
(9.37496 1.34994 -4.5)
(9.37871 1.2 -4.30006)
(9.39793 1.2 -4.0933)
(9.3103 1.2 -4.4897)
(9.18252 1.2 -3.88411)
(9.18743 1.2 -3.67539)
(9.18149 1.0044 -3.88427)
(9.18671 1.00451 -3.6755)
(9.40484 1.2 -3.88453)
(9.40797 1.2 -3.67559)
(9.40752 1.36884 -3.67595)
(8.74881 0.795437 -3.67534)
(8.53108 1.00452 -3.67534)
(8.53115 0.795445 -3.67547)
(8.53149 1.2 -3.67501)
(8.53095 1.36883 -3.67536)
(8.73716 -1.71792e-16 -3.67965)
(8.74661 0.401118 -3.6762)
(8.52947 0.407108 -3.67583)
(8.52773 0.407898 -3.88523)
(8.52872 0.6 -3.88485)
(8.53163 0.6 -3.67535)
(8.74948 0.6 -3.67523)
(8.74989 0.407219 -3.46662)
(8.75171 0.6 -3.46638)
(8.96684 0.407108 -3.67567)
(8.96723 0.795447 -3.67533)
(8.96806 0.6 -3.67524)
(8.7142 0.795969 -4.5)
(8.92223 0.795869 -4.5)
(8.93451 0.795287 -4.30138)
(8.72326 0.795377 -4.30194)
(8.73716 1.2 -4.09357)
(8.73608 1.00382 -4.09351)
(8.95155 1.00383 -4.09296)
(8.95277 1.2 -4.09278)
(8.96292 1.2 -3.88441)
(8.74532 1.2 -3.8846)
(8.74428 0.79541 -3.88448)
(8.74426 1.00439 -3.88453)
(8.95157 0.795313 -4.09301)
(8.73618 0.795326 -4.09356)
(8.70493 1.2 -4.49507)
(8.93792 1.36106 -4.30149)
(8.93442 1.00125 -4.30148)
(8.96182 1.36858 -3.88433)
(8.71921 1.35011 -4.5)
(8.72529 1.2 -4.30332)
(8.7142 0.995749 -4.5)
(8.90672 1.2 -4.49328)
(8.73656 1.36734 -4.09349)
(9.14437 1.34992 -4.5)
(8.9362 1.2 -4.30224)
(9.15569 1.36106 -4.30082)
(8.95227 1.36733 -4.09295)
(8.72578 1.3611 -4.30212)
(8.72319 1.00115 -4.30209)
(8.74425 1.36857 -3.88453)
(8.92888 1.35001 -4.5)
(8.92223 0.995878 -4.5)
(8.7525 -4.44089e-16 -4.5)
(8.74648 -1.94994e-16 -4.05782)
(8.73888 0.402328 -4.09489)
(8.72623 0.389747 -4.5)
(8.96108 0.185597 -4.30777)
(8.93622 0.6 -4.30185)
(8.96273 0.6 -3.88421)
(8.96177 1.0044 -3.88432)
(8.75028 -2.28333e-16 -4.3158)
(8.74043 0.181936 -4.5)
(8.97156 -4.44089e-16 -4.5)
(8.74437 0.186852 -4.10038)
(8.96905 -1.97975e-16 -4.1068)
(8.73073 0.397462 -4.30296)
(8.74443 0.407152 -3.88495)
(8.7375 0.6 -4.09383)
(8.95541 0.402453 -4.09445)
(8.70493 0.6 -4.49507)
(8.93737 0.389781 -4.5)
(8.94407 0.397474 -4.30251)
(8.96451 0.187448 -4.10066)
(8.7432 0.185543 -4.30777)
(8.95292 0.6 -4.09302)
(8.72529 0.6 -4.30286)
(8.9624 0.407894 -3.88467)
(8.9617 0.795406 -3.88425)
(8.74533 0.6 -3.88444)
(8.9705 -2.2855e-16 -4.31599)
(8.95637 0.18188 -4.5)
(8.90672 0.6 -4.49328)
(8.97041 0.6 -3.46635)
(8.96937 0.40868 -3.46656)
(8.53292 0.6 -3.46639)
(8.53137 0.408681 -3.46658)
(11.382 1.5 -0.334644)
(11.3819 1.85656 -0.334892)
(11.3824 2.24331 -0.335166)
(11.8205 2.2543 -0.335027)
(12.2596 2.25808 -0.335002)
(12.2605 1.5 -0.334941)
(11.82 2.63685 -0.335021)
(12.2589 2.63823 -0.335005)
(12.2583 3 -0.335)
(11.8196 3 -0.335)
(11.3819 2.63315 -0.335125)
(11.3813 3 -0.335)
(12.2579 7.16387e-17 -1.17)
(12.2579 4.60786e-17 -0.7525)
(12.2583 0.361741 -0.752457)
(12.2583 0.361767 -1.1699)
(12.2589 0.741916 -1.16961)
(12.2589 0.741613 -0.752343)
(12.26 1.5 -1.16885)
(12.2591 0.741917 -0.335003)
(12.2579 2.05117e-17 -0.335)
(12.2584 0.361768 -0.335005)
(11.8197 0.7457 -0.335032)
(11.3815 0.756688 -0.335181)
(11.3816 1.14345 -0.334899)
(11.8187 2.05126e-17 -0.335)
(11.8191 0.36315 -0.335023)
(11.3803 0.366851 -0.335134)
(11.3795 2.0513e-17 -0.335)
(12.2594 2.25839 -0.752344)
(12.2594 2.25808 -1.16961)
(12.2588 2.63826 -0.752457)
(12.2588 2.63823 -1.1699)
(12.2583 3 -1.17)
(12.2583 3 -0.7525)
(12.2594 2.25839 -1.58715)
(12.2597 2.25808 -2.00479)
(12.2616 1.5 -2.00437)
(12.2588 2.63826 -1.5874)
(12.2583 3 -1.58751)
(12.2588 2.63823 -2.005)
(12.2583 3 -2.00506)
(12.2575 3 -4.5)
(12.2575 2.83193 -4.5)
(12.2576 2.82532 -4.30836)
(12.2575 3 -4.31591)
(12.2575 2.2574 -4.5)
(12.2579 2.25678 -4.10019)
(12.2578 2.63606 -4.09871)
(12.2576 2.63837 -4.30481)
(12.2575 2.59936 -4.5)
(12.258 3 -3.67975)
(12.2576 3 -4.0579)
(12.2577 2.82296 -4.10126)
(12.2583 2.63765 -3.67973)
(12.2586 2.25724 -3.68069)
(12.6982 2.25831 -3.68029)
(12.6985 1.87861 -3.68158)
(12.2587 1.87749 -3.68211)
(12.2592 2.25809 -3.26062)
(12.6988 2.25927 -3.26035)
(12.262 1.5 -2.84205)
(12.2598 2.258 -2.84143)
(12.259 1.5 -3.68189)
(12.2586 2.6381 -3.25999)
(12.6981 2.63847 -3.25979)
(12.2588 2.63819 -2.84104)
(12.6976 2.63798 -3.67946)
(12.6967 2.63634 -4.09858)
(12.6974 2.25766 -4.09999)
(12.477 2.63612 -4.09865)
(12.6969 2.25808 -4.5)
(12.2578 1.87761 -4.10071)
(12.6977 1.87846 -4.10048)
(12.2578 1.5 -4.10078)
(12.6972 1.87843 -4.5)
(12.2573 1.87776 -4.5)
(12.2573 1.5 -4.5)
(12.2583 3 -2.8407)
(12.2582 3 -3.25947)
(12.2596 2.25836 -2.42283)
(12.2588 2.63825 -2.42281)
(12.2583 3 -2.42271)
(12.2583 0.36174 -1.5874)
(12.2579 9.72055e-17 -1.58751)
(12.2589 0.741613 -1.58714)
(12.2579 1.22772e-16 -2.00505)
(12.2584 0.361769 -2.00499)
(12.2593 0.741921 -2.00477)
(12.2591 0.741637 -2.42281)
(12.2584 0.361751 -2.42279)
(12.2594 0.741998 -2.84139)
(12.2579 1.73947e-16 -2.84069)
(12.2579 1.48346e-16 -2.42271)
(12.2584 0.361809 -2.84102)
(12.2583 0.361898 -3.25995)
(12.2579 1.99575e-16 -3.25945)
(12.2586 1.12251 -3.68209)
(12.2584 0.742758 -3.68065)
(12.2589 0.741912 -3.26057)
(12.2578 2.25297e-16 -3.67973)
(12.2581 0.362353 -3.67969)
(12.2573 1.12224 -4.5)
(12.2578 1.12239 -4.1007)
(12.2578 0.743216 -4.10017)
(12.2577 0.36394 -4.0987)
(12.2575 0.742597 -4.5)
(12.2575 3.59816e-16 -4.5)
(12.2575 2.70942e-16 -4.31591)
(12.2575 0.174683 -4.30836)
(12.2575 0.16807 -4.5)
(12.2575 0.40064 -4.5)
(12.2575 0.36163 -4.3048)
(12.2576 0.177042 -4.10125)
(12.2576 2.48499e-16 -4.0579)
(12.6982 0.361344 -1.16997)
(12.6977 7.16387e-17 -1.17)
(14 7.1642e-17 -1.17)
(13.807 7.16658e-17 -1.17)
(13.7991 0.174942 -1.17)
(14 0.168548 -1.17)
(13.14 0.740928 -1.16998)
(13.1416 1.12068 -1.16998)
(13.581 1.12098 -1.17)
(13.5804 0.741757 -1.17)
(13.1389 7.16658e-17 -1.17)
(13.139 0.361737 -1.17)
(13.5789 0.363605 -1.17)
(13.5816 0.177051 -1.17)
(13.5359 7.16658e-17 -1.17)
(14 0.741541 -1.17)
(14 0.400553 -1.17)
(13.7952 0.361589 -1.17)
(12.699 0.740335 -1.1699)
(14 1.5 -1.17)
(14 1.12118 -1.17)
(13.5811 1.5 -1.16999)
(13.5811 1.5 -0.752495)
(14 1.5 -0.7525)
(13.1414 1.5 -1.16986)
(13.142 1.5 -0.752468)
(13.1415 1.5 -0.334998)
(13.1417 1.87933 -0.335004)
(13.1417 1.87933 -0.752488)
(13.1401 2.25907 -0.335005)
(13.1401 2.25908 -0.752487)
(12.6993 2.25967 -0.335006)
(13.5804 2.25824 -0.752499)
(13.581 1.87902 -0.752499)
(14 1.87882 -0.7525)
(14 2.25846 -0.7525)
(13.5804 2.25824 -0.335002)
(14 2.25846 -0.335)
(13.1391 2.63826 -0.335002)
(13.5789 2.6364 -0.335001)
(14 3 -0.335)
(14 2.83145 -0.335)
(13.7991 2.82506 -0.335)
(13.807 3 -0.335)
(13.7952 2.63841 -0.335)
(14 2.59945 -0.335)
(13.139 3 -0.335)
(13.5359 3 -0.335)
(13.5816 2.82295 -0.335)
(12.6985 2.63866 -0.335003)
(12.6978 3 -0.335)
(12.2579 -3.06152e-17 0.5)
(11.8187 -3.0616e-17 0.5)
(11.8191 0.363149 0.499721)
(12.2584 0.361767 0.499867)
(12.261 1.5 0.498873)
(12.2593 0.741916 0.499542)
(11.8198 0.745697 0.499128)
(11.3814 0.756675 0.498025)
(11.3827 1.14344 0.495946)
(11.3833 1.5 0.495853)
(11.3795 -3.0616e-17 0.5)
(11.3801 0.366845 0.499438)
(12.2584 0.361741 0.0824481)
(12.2579 -5.04832e-18 0.0825)
(12.2591 0.741613 0.0823316)
(11.3832 1.5 0.0804199)
(11.383 1.85656 0.495952)
(11.3823 2.24333 0.498037)
(11.8206 2.2543 0.499133)
(12.2597 2.25808 0.499544)
(11.8206 2.25435 0.0822038)
(12.2595 2.25839 0.0823334)
(11.3825 2.24333 0.0820658)
(11.82 2.63686 0.0824255)
(12.2589 2.63826 0.0824489)
(11.8196 3 0.0825)
(12.2583 3 0.0825)
(11.3817 2.63316 0.0825482)
(11.3813 3 0.0825)
(12.6983 0.361344 0.499947)
(12.6977 -3.06287e-17 0.5)
(14 -3.06169e-17 0.5)
(13.807 -3.05745e-17 0.5)
(13.7991 0.174942 0.5)
(14 0.168548 0.5)
(13.1416 1.5 0.499816)
(13.1417 1.12067 0.499932)
(13.14 0.740927 0.499943)
(12.6991 0.740334 0.499835)
(14 1.5 0.5)
(14 1.12118 0.5)
(13.581 1.12098 0.499983)
(13.5811 1.5 0.49997)
(13.1389 -3.06287e-17 0.5)
(13.139 0.361737 0.499981)
(13.5789 0.363605 0.499994)
(13.5816 0.177051 0.499999)
(13.5359 -3.05745e-17 0.5)
(14 0.741541 0.5)
(14 0.400553 0.5)
(13.7952 0.361589 0.499999)
(13.5804 0.741757 0.499987)
(12.6993 2.25967 0.499836)
(13.1401 2.25907 0.499943)
(13.1417 1.87933 0.499932)
(13.1391 2.63826 0.499981)
(13.5789 2.6364 0.499994)
(13.5804 2.25824 0.499987)
(13.1391 2.63826 0.917474)
(13.5789 2.6364 0.917492)
(13.579 2.63611 0.708747)
(13.5804 2.25824 0.917484)
(12.2589 2.63823 0.499868)
(12.6985 2.63866 0.499947)
(13.5359 3 0.9175)
(13.5816 2.82295 0.917499)
(13.139 3 0.9175)
(13.139 3 0.5)
(14 2.59945 0.9175)
(14 2.25846 0.9175)
(13.7952 2.63841 0.917499)
(14 2.25846 0.5)
(13.581 1.87902 0.499983)
(14 1.87882 0.5)
(12.2583 3 0.5)
(12.6978 3 0.5)
(13.7991 2.82506 0.9175)
(14 3 0.9175)
(14 2.83145 0.9175)
(13.807 3 0.9175)
(12.2579 -5.6182e-17 0.9175)
(12.2584 0.36174 0.917293)
(12.2592 0.741612 0.916878)
(12.2596 2.25839 0.916879)
(12.2589 2.63826 0.917294)
(12.2583 3 0.9175)
(13.5789 0.363613 3.42264)
(13.5816 0.177053 3.42255)
(13.5359 -2.09576e-16 3.42253)
(14 0.400555 3.42253)
(13.7952 0.361593 3.42255)
(13.7991 0.174943 3.42252)
(14 -2.09568e-16 3.4225)
(13.807 -2.09576e-16 3.42251)
(14 0.168548 3.42251)
(13.7991 0.174948 3.63129)
(14 -2.2235e-16 3.63125)
(13.5789 0.363899 3.63141)
(13.5874 -2.2237e-16 3.63129)
(14 0.356486 3.63129)
(13.5819 0.177692 3.63133)
(13.7946 0.36139 3.63133)
(14 0.168411 3.63126)
(13.8072 -2.2237e-16 3.63126)
(13.1421 1.5 2.58764)
(13.1419 1.5 2.17001)
(14 1.5 2.17)
(13.5811 1.5 2.17001)
(13.5811 1.5 2.58756)
(14 1.5 2.58751)
(13.1421 1.5 1.75243)
(13.1417 1.5 1.33471)
(14 1.5 1.7525)
(13.5811 1.5 1.75249)
(12.6983 0.361337 0.917424)
(12.6977 -5.61888e-17 0.9175)
(13.1417 1.12067 1.33491)
(13.14 0.740927 1.33492)
(12.6991 0.740334 1.33475)
(12.6991 0.740291 0.917274)
(13.14 0.740922 0.917426)
(13.5359 -1.07336e-16 1.7525)
(13.1389 -1.07336e-16 1.7525)
(13.139 0.361736 1.75249)
(13.5789 0.363604 1.7525)
(13.5816 0.177051 1.7525)
(13.1418 1.12067 1.75246)
(13.14 0.740922 1.75246)
(14 1.12118 1.7525)
(13.581 1.12098 1.75249)
(13.139 0.361737 1.33497)
(13.139 0.361736 0.917474)
(13.1389 -8.17488e-17 1.335)
(13.1389 -5.61617e-17 0.9175)
(13.5804 0.741756 1.75249)
(14 0.400553 1.7525)
(13.7952 0.361589 1.7525)
(14 0.741541 1.7525)
(13.7991 0.174942 1.7525)
(14 -1.07309e-16 1.7525)
(13.807 -1.07336e-16 1.7525)
(14 0.168548 1.7525)
(13.14 0.740928 2.17002)
(13.5804 0.741757 2.17001)
(14 0.741541 2.17)
(13.14 0.740925 2.5876)
(13.5804 0.741758 2.58754)
(14 0.741541 2.58751)
(13.5359 -1.83989e-16 3.00501)
(13.5789 0.363607 3.00505)
(14 -1.84003e-16 3.005)
(14 0.400553 3.00501)
(13.1389 -1.32869e-16 2.17)
(14 -1.32874e-16 2.17)
(13.5789 0.363605 2.58752)
(13.139 0.361737 2.17001)
(13.5359 -1.32869e-16 2.17)
(13.1389 -1.58456e-16 2.58751)
(14 0.400553 2.17)
(14 -1.58439e-16 2.5875)
(13.5789 0.363605 2.17)
(13.139 0.361737 2.58754)
(14 0.400553 2.5875)
(13.5359 -1.58456e-16 2.5875)
(12.6983 0.361337 1.75245)
(12.6983 0.361338 2.58757)
(13.7991 0.174946 1.96125)
(13.7991 0.174946 2.37875)
(13.7991 0.174946 2.79625)
(13.7991 0.174947 3.21376)
(13.581 1.12098 2.58755)
(14 1.12118 2.17)
(13.1418 1.12068 2.17002)
(12.6992 0.740334 2.17)
(13.5816 0.177052 3.00501)
(13.807 -1.83989e-16 3.005)
(13.5874 -1.71196e-16 2.79625)
(13.5874 -1.96783e-16 3.21376)
(13.7952 0.36159 3.00501)
(13.579 0.363888 2.79627)
(13.5789 0.363891 3.2138)
(14 0.168548 3.005)
(14 -1.71221e-16 2.79625)
(14 -1.96786e-16 3.21375)
(14 0.356483 2.79625)
(14 0.356483 3.21376)
(12.6977 -1.32869e-16 2.17)
(13.807 -1.32923e-16 2.17)
(14 0.168548 2.17)
(14 -1.20092e-16 1.96125)
(14 -1.45656e-16 2.37875)
(12.6977 -8.17488e-17 1.335)
(13.579 0.363888 1.96125)
(13.579 0.363888 2.37876)
(13.7952 0.361589 2.5875)
(13.5816 0.177051 2.5875)
(13.5816 0.177051 2.17)
(13.5874 -1.2013e-16 1.96125)
(13.5874 -1.45608e-16 2.37875)
(13.7952 0.361589 2.17)
(14 0.356483 1.96125)
(14 0.356483 2.37875)
(14 0.168548 2.5875)
(13.807 -1.58402e-16 2.5875)
(12.6983 0.361344 1.33492)
(12.6991 0.740291 1.75235)
(12.6983 0.361344 2.17001)
(13.5819 0.177689 1.96125)
(13.581 1.12098 2.17001)
(12.6991 0.740295 2.58767)
(13.5819 0.177689 2.37875)
(13.7946 0.361384 1.96125)
(13.7991 0.174942 2.17)
(13.7946 0.361384 2.37875)
(13.7991 0.174942 2.5875)
(13.7946 0.361384 2.79626)
(13.5819 0.177689 2.79626)
(13.7991 0.174942 3.00501)
(13.7946 0.361385 3.21377)
(13.5819 0.177689 3.21377)
(13.1418 1.12068 2.58762)
(14 0.168412 1.96125)
(13.8072 -1.2013e-16 1.96125)
(12.6977 -1.07309e-16 1.7525)
(14 0.168412 2.37875)
(12.6977 -1.58429e-16 2.58751)
(13.8072 -1.45608e-16 2.37875)
(14 0.168412 2.79625)
(13.8072 -1.71196e-16 2.79625)
(14 0.168412 3.21375)
(13.8072 -1.96783e-16 3.21375)
(14 1.12118 2.58751)
(13.142 1.5 0.917378)
(13.5811 1.5 0.917471)
(14 1.5 0.9175)
(14 1.5 1.335)
(13.5811 1.5 1.33496)
(12.6994 2.25967 2.17001)
(13.1401 2.25907 2.17002)
(13.1418 1.87932 2.17002)
(13.581 1.87902 2.17001)
(14 1.87882 2.17)
(12.6978 3 2.17)
(12.6985 2.63866 2.17001)
(13.1391 2.63826 2.17001)
(13.5789 2.6364 2.17)
(13.5804 2.25824 2.17001)
(14 2.25846 2.17)
(13.7952 2.63841 2.17)
(14 2.59945 2.17)
(14 3 2.17)
(14 2.83145 2.17)
(13.7991 2.82506 2.17)
(13.807 3 2.17)
(13.139 3 2.17)
(13.5359 3 2.17)
(13.5816 2.82295 2.17)
(14 -8.17455e-17 1.335)
(14 0.741541 1.335)
(13.5789 0.363604 0.917492)
(14 -5.61803e-17 0.9175)
(13.5804 0.741757 1.33498)
(14 0.741541 0.9175)
(14 0.400553 1.335)
(13.5359 -8.17488e-17 1.335)
(13.5804 0.741756 0.917484)
(13.5789 0.363605 1.33499)
(14 0.400553 0.9175)
(13.5359 -5.61617e-17 0.9175)
(13.7991 0.174946 0.70875)
(13.581 1.12098 0.91748)
(13.7991 0.174946 1.12625)
(13.7991 0.174946 1.54375)
(14 -4.33986e-17 0.70875)
(14 -9.45272e-17 1.54375)
(14 -6.89637e-17 1.12625)
(14 0.168548 1.335)
(13.807 -8.17488e-17 1.335)
(14 1.12118 1.335)
(13.579 0.363888 1.12625)
(13.7952 0.361589 0.917499)
(13.5816 0.177051 0.917499)
(13.579 0.363888 0.708747)
(13.579 0.363888 1.54375)
(13.5874 -4.33681e-17 0.70875)
(14 0.356483 0.70875)
(14 0.168548 0.9175)
(13.807 -5.61617e-17 0.9175)
(13.7952 0.361589 1.335)
(14 0.356483 1.12625)
(14 0.356483 1.54375)
(13.5816 0.177051 1.335)
(13.5874 -6.89553e-17 1.12625)
(13.5874 -9.45424e-17 1.54375)
(13.5819 0.177689 0.708749)
(13.7946 0.361384 0.708749)
(13.7991 0.174942 0.9175)
(13.1418 1.12067 0.917428)
(13.581 1.12098 1.33498)
(13.7946 0.361384 1.12625)
(13.5819 0.177689 1.12625)
(13.7991 0.174942 1.335)
(13.7946 0.361384 1.54375)
(13.5819 0.177689 1.54375)
(14 0.168412 0.70875)
(14 1.12118 0.9175)
(13.8072 -4.33681e-17 0.70875)
(14 0.168412 1.12625)
(14 0.168412 1.54375)
(13.8072 -6.89553e-17 1.12625)
(13.8072 -9.45424e-17 1.54375)
(13.5789 2.63639 2.58752)
(13.1401 2.25907 2.5876)
(14 2.25846 2.58751)
(14 3 2.5875)
(13.139 3 2.58751)
(13.5804 2.25824 2.58754)
(13.1391 2.63826 2.58754)
(14 2.59945 2.5875)
(13.5359 3 2.5875)
(13.581 1.87902 2.58755)
(12.6985 2.63866 2.58758)
(13.7991 2.82505 2.37875)
(13.7991 2.82505 2.79625)
(14 3 2.37875)
(14 3 2.79625)
(13.579 2.63611 2.37876)
(13.579 2.63611 2.79627)
(13.7952 2.63841 2.5875)
(13.5816 2.82295 2.5875)
(14 2.64352 2.37875)
(13.5874 3 2.37875)
(14 2.83145 2.5875)
(13.807 3 2.5875)
(14 2.64352 2.79625)
(13.5874 3 2.79625)
(13.1418 1.87932 2.58762)
(12.6994 2.25971 2.58767)
(13.7946 2.63862 2.37875)
(13.582 2.82231 2.37875)
(13.7991 2.82506 2.5875)
(13.7946 2.63862 2.79626)
(13.582 2.82231 2.79626)
(14 1.87882 2.58751)
(12.6978 3 2.58751)
(14 2.83159 2.37875)
(13.8072 3 2.37875)
(14 2.83159 2.79625)
(13.8072 3 2.79625)
(13.1401 2.25907 1.33492)
(14 2.25846 1.335)
(13.5804 2.25824 1.33498)
(13.139 3 1.335)
(13.1391 2.63826 1.33497)
(13.5359 3 1.335)
(13.5789 2.6364 1.33499)
(14 3 1.335)
(14 2.59945 1.335)
(13.5789 2.6364 1.7525)
(13.1401 2.25908 1.75246)
(14 2.25846 1.7525)
(14 3 1.7525)
(13.139 3 1.7525)
(13.5804 2.25824 1.75249)
(13.1391 2.63826 1.75249)
(14 2.59945 1.7525)
(13.5359 3 1.7525)
(13.1401 2.25908 0.917426)
(13.581 1.87902 1.75249)
(12.6985 2.63866 1.75245)
(13.7991 2.82505 1.96125)
(13.7991 2.82505 1.54375)
(13.581 1.87902 0.91748)
(12.6985 2.63866 0.917424)
(13.7991 2.82505 1.12625)
(12.6994 2.25967 1.33475)
(13.1417 1.87933 1.33491)
(14 1.87882 1.335)
(12.6978 3 1.335)
(13.5816 2.82295 1.335)
(13.807 3 1.335)
(13.5874 3 1.54375)
(13.5874 3 1.12625)
(13.7952 2.63841 1.335)
(13.579 2.63611 1.54375)
(13.579 2.63611 1.12625)
(14 2.83145 1.335)
(14 3 1.54375)
(14 3 1.12625)
(14 2.64352 1.54375)
(14 2.64352 1.12625)
(14 3 1.96125)
(13.579 2.63611 1.96125)
(13.7952 2.63841 1.7525)
(13.5816 2.82295 1.7525)
(14 2.64352 1.96125)
(13.5874 3 1.96125)
(14 2.83145 1.7525)
(13.807 3 1.7525)
(13.1418 1.87933 1.75246)
(12.6994 2.25971 1.75235)
(13.581 1.87902 1.33498)
(12.6985 2.63866 1.33492)
(13.7946 2.63862 1.96125)
(13.582 2.82231 1.96125)
(13.7991 2.82506 1.7525)
(13.7946 2.63862 1.54375)
(13.582 2.82231 1.54375)
(13.7991 2.82506 1.335)
(13.1418 1.87933 0.917428)
(12.6993 2.25971 0.917275)
(13.7946 2.63862 1.12625)
(13.582 2.82231 1.12625)
(14 2.83159 1.96125)
(14 1.87882 1.7525)
(12.6978 3 1.7525)
(13.8072 3 1.96125)
(14 2.83159 1.54375)
(13.8072 3 1.54375)
(14 1.87882 0.9175)
(12.6978 3 0.9175)
(14 2.83159 1.12625)
(13.8072 3 1.12625)
(11.3813 3 0.5)
(11.3816 2.63316 0.499445)
(11.82 2.63685 0.499723)
(11.8196 3 0.5)
(11.82 2.63686 0.91696)
(11.8207 2.25435 0.915915)
(11.8196 3 0.9175)
(11.8191 0.363142 0.916958)
(11.8199 0.745654 0.91591)
(11.8187 -5.61803e-17 0.9175)
(12.6977 4.60786e-17 -0.7525)
(12.6983 0.361337 -0.752484)
(13.5804 0.741756 -0.752499)
(13.14 0.740922 -0.752487)
(13.139 0.361736 -0.752496)
(13.5789 0.363605 -0.752499)
(13.14 0.740927 -0.335005)
(13.5804 0.741757 -0.335002)
(13.5359 4.60786e-17 -0.7525)
(13.5816 0.177051 -0.7525)
(13.1389 4.60786e-17 -0.7525)
(14 0.400553 -0.7525)
(14 0.741541 -0.7525)
(13.7952 0.361589 -0.7525)
(14 0.741541 -0.335)
(12.699 0.740291 -0.752446)
(12.699 0.740334 -0.335006)
(13.7991 0.174942 -0.7525)
(14 4.60769e-17 -0.7525)
(14 0.168548 -0.7525)
(13.807 4.60786e-17 -0.7525)
(13.581 1.12098 -0.335002)
(13.1416 1.12068 -0.335004)
(14 1.5 -0.335)
(13.5811 1.5 -0.335001)
(14 1.12118 -0.335)
(13.581 1.87902 -0.335002)
(14 1.87882 -0.335)
(13.1417 1.12067 -0.752488)
(13.7991 0.174946 -0.96125)
(13.581 1.12098 -0.752499)
(14 5.88603e-17 -0.96125)
(13.5874 5.88722e-17 -0.96125)
(13.5789 0.363887 -0.96125)
(14 0.356483 -0.96125)
(13.5819 0.177689 -0.96125)
(13.7946 0.361384 -0.96125)
(14 0.168412 -0.96125)
(14 1.12118 -0.7525)
(13.8072 5.88722e-17 -0.96125)
(12.6983 0.361344 -0.335003)
(13.139 0.361737 -0.335002)
(13.5789 0.363605 -0.335001)
(14 2.05134e-17 -0.335)
(14 0.168548 -0.335)
(13.7991 0.174942 -0.335)
(13.807 2.04914e-17 -0.335)
(13.7952 0.361589 -0.335)
(14 0.400553 -0.335)
(13.1389 2.04914e-17 -0.335)
(13.5359 2.04914e-17 -0.335)
(13.5816 0.177051 -0.335)
(12.6977 2.05185e-17 -0.335)
(13.7991 0.174946 -0.54375)
(14 3.32952e-17 -0.54375)
(13.579 0.363888 -0.54375)
(14 0.356483 -0.54375)
(13.5874 3.3285e-17 -0.54375)
(13.7946 0.361384 -0.54375)
(13.5819 0.177689 -0.54375)
(14 0.168412 -0.54375)
(13.8072 3.3285e-17 -0.54375)
(13.5789 0.363604 0.0824969)
(14 -5.0517e-18 0.0825)
(13.14 0.740922 0.0824716)
(13.1389 -5.04154e-18 0.0825)
(14 0.741541 0.0825)
(13.139 0.361736 0.0824901)
(13.5804 0.741756 0.0824933)
(14 0.400553 0.0825)
(13.5359 -5.09575e-18 0.0825)
(14 3 0.5)
(13.5789 2.6364 0.0824969)
(13.1401 2.25908 0.0824718)
(13.5359 3 0.5)
(13.139 3 0.0825)
(14 2.59945 0.5)
(14 3 0.0825)
(14 2.25846 0.0825)
(13.5804 2.25824 0.0824933)
(13.1391 2.63826 0.0824901)
(14 2.59945 0.0825)
(13.5359 3 0.0825)
(12.6983 0.361337 0.0824753)
(13.7991 0.174946 0.29125)
(13.581 1.12098 0.0824914)
(13.7991 0.174946 -0.12625)
(13.581 1.87902 0.0824914)
(12.6985 2.63866 0.0824756)
(13.7991 2.82505 0.70875)
(13.7991 2.82505 0.29125)
(13.7991 2.82505 -0.12625)
(13.142 1.5 0.0824522)
(14 1.5 0.0825)
(14 -1.78334e-17 0.29125)
(14 7.73002e-18 -0.12625)
(13.579 0.363888 -0.126251)
(13.7952 0.361589 0.0824995)
(13.5816 0.177051 0.0824995)
(13.579 0.363888 0.291248)
(14 0.168548 0.0825)
(13.807 -5.09575e-18 0.0825)
(13.5874 -1.77809e-17 0.29125)
(14 0.356483 0.29125)
(14 0.356483 -0.12625)
(13.5874 7.69784e-18 -0.12625)
(13.807 3 0.5)
(14 2.83145 0.5)
(14 3 0.70875)
(14 3 0.29125)
(14 3 -0.12625)
(13.579 2.63611 0.291248)
(13.579 2.63611 -0.126251)
(13.7952 2.63841 0.0824995)
(13.5816 2.82295 0.0824995)
(13.5816 2.82295 0.499999)
(13.5874 3 0.70875)
(13.5874 3 0.29125)
(13.7952 2.63841 0.499999)
(14 2.64352 0.70875)
(14 2.64352 0.29125)
(14 2.83145 0.0825)
(13.807 3 0.0825)
(14 2.64352 -0.12625)
(13.5874 3 -0.12625)
(12.699 0.740291 0.0824256)
(13.7991 0.174942 0.0824998)
(13.5819 0.177689 0.291249)
(13.7946 0.361384 0.291249)
(13.1417 1.12067 0.0824702)
(13.5811 1.5 0.082488)
(13.7946 0.361384 -0.12625)
(13.5819 0.177689 -0.12625)
(13.1418 1.87933 0.0824702)
(12.6993 2.25971 0.0824262)
(13.582 2.82231 0.708749)
(13.7946 2.63862 0.708749)
(13.7991 2.82506 0.5)
(13.582 2.82231 0.291249)
(13.7946 2.63862 0.291249)
(13.7991 2.82506 0.0824998)
(13.7946 2.63862 -0.12625)
(13.582 2.82231 -0.12625)
(14 1.12118 0.0825)
(14 0.168412 0.29125)
(13.8072 -1.77809e-17 0.29125)
(12.6977 -5.04154e-18 0.0825)
(14 0.168412 -0.12625)
(13.8072 7.69784e-18 -0.12625)
(14 2.83159 0.70875)
(13.8072 3 0.70875)
(14 2.83159 0.29125)
(14 1.87882 0.0825)
(12.6978 3 0.0825)
(13.8072 3 0.29125)
(14 2.83159 -0.12625)
(13.8072 3 -0.12625)
(11.3834 1.85655 0.0802752)
(11.3831 1.14345 0.0802671)
(11.3816 0.756673 0.0820497)
(11.3801 0.366845 0.082539)
(11.3795 -5.0517e-18 0.0825)
(11.8191 0.363143 0.0824229)
(11.8198 0.745656 0.0821982)
(11.8187 -5.0517e-18 0.0825)
(13.1416 1.5 -2.00513)
(13.1417 1.12068 -2.0052)
(13.14 0.740939 -2.00515)
(12.699 0.740347 -2.00509)
(13.5804 0.741764 -2.00509)
(13.5789 0.363607 -2.00504)
(13.139 0.361741 -2.00509)
(14 1.22771e-16 -2.005)
(13.807 1.22732e-16 -2.005)
(13.7991 0.174942 -2.005)
(14 0.168548 -2.005)
(14 0.741543 -2.00503)
(14 0.400553 -2.00501)
(13.7952 0.36159 -2.00501)
(13.1389 1.22786e-16 -2.00503)
(13.5816 0.177052 -2.00501)
(13.5359 1.22786e-16 -2.00501)
(12.6983 0.361349 -2.00508)
(12.6977 1.22786e-16 -2.00505)
(13.581 1.12099 -2.00512)
(14 1.5 -2.00505)
(14 1.12118 -2.00504)
(13.5811 1.5 -2.00512)
(12.6993 2.25965 -2.00509)
(13.1401 2.25906 -2.00515)
(13.1417 1.87932 -2.0052)
(13.581 1.87901 -2.00512)
(12.6985 2.63865 -2.00509)
(14 3 -1.17)
(14 2.83145 -1.17)
(13.7991 2.82506 -1.17)
(13.807 3 -1.17)
(13.1401 2.25907 -1.58753)
(13.5804 2.25824 -1.58753)
(13.5804 2.25824 -2.00509)
(13.139 2.63826 -2.00509)
(13.139 2.63826 -1.58752)
(14 2.25846 -1.17)
(13.5804 2.25824 -1.17)
(13.5789 2.6364 -1.17)
(13.7952 2.63841 -1.17)
(14 2.59945 -1.17)
(14 2.25846 -1.58751)
(13.139 3 -1.17)
(13.5359 3 -1.17)
(13.5816 2.82295 -1.17)
(13.139 2.63826 -1.17)
(13.139 3 -1.58751)
(14 2.25846 -2.00503)
(13.139 3 -2.00503)
(13.1401 2.25907 -1.16998)
(14 1.87882 -2.00504)
(12.6978 3 -2.00505)
(12.6992 2.25971 -0.752447)
(12.6985 2.63866 -0.752484)
(13.139 2.63826 -0.752496)
(13.5789 2.6364 -0.752499)
(14 2.59945 -0.7525)
(13.7952 2.63841 -0.7525)
(13.5359 3 -0.7525)
(13.139 3 -0.7525)
(13.5816 2.82295 -0.7525)
(12.6978 3 -0.7525)
(13.7991 2.82506 -0.7525)
(14 3 -0.7525)
(13.807 3 -0.7525)
(14 2.83145 -0.7525)
(13.139 0.361737 -1.58752)
(13.5789 0.363605 -1.58751)
(13.5804 0.741758 -1.58752)
(13.14 0.740925 -1.58753)
(13.5359 9.71987e-17 -1.5875)
(13.5816 0.177051 -1.5875)
(13.1389 9.71987e-17 -1.58751)
(14 0.400553 -1.5875)
(14 0.741541 -1.58751)
(13.7952 0.361589 -1.5875)
(13.7991 0.174942 -1.5875)
(14 9.72055e-17 -1.5875)
(14 0.168548 -1.5875)
(13.807 9.72529e-17 -1.5875)
(13.7991 0.174946 -1.79625)
(14 1.09989e-16 -1.79625)
(13.5789 0.363888 -1.79626)
(14 0.356483 -1.79625)
(13.5874 1.09938e-16 -1.79625)
(13.7946 0.361384 -1.79626)
(13.5819 0.177689 -1.79626)
(14 0.168412 -1.79625)
(13.8072 1.09938e-16 -1.79625)
(14 1.5 -1.58751)
(13.5811 1.5 -1.58753)
(12.699 0.740295 -1.58743)
(13.1417 1.12068 -1.58755)
(13.142 1.5 -1.58753)
(12.6982 0.361339 -1.58749)
(13.7991 0.174946 -1.37875)
(13.581 1.12098 -1.58753)
(14 8.44238e-17 -1.37875)
(13.5874 8.44593e-17 -1.37875)
(13.5789 0.363888 -1.37875)
(14 0.356483 -1.37875)
(13.5819 0.177689 -1.37875)
(13.7946 0.361384 -1.37875)
(14 1.12118 -1.58751)
(14 0.168412 -1.37875)
(13.8072 8.44593e-17 -1.37875)
(12.6977 9.71987e-17 -1.58751)
(13.7991 2.82505 -0.96125)
(13.581 1.87902 -1.58753)
(12.6985 2.63866 -1.58749)
(12.6992 2.25967 -1.1699)
(13.1417 1.87932 -1.16998)
(14 1.87882 -1.17)
(14 3 -0.96125)
(14 2.64352 -0.96125)
(13.579 2.63611 -0.96125)
(13.5874 3 -0.96125)
(12.6978 3 -1.17)
(13.581 1.87902 -1.17)
(12.6985 2.63866 -1.16997)
(13.7946 2.63862 -0.96125)
(13.582 2.82231 -0.96125)
(13.1417 1.87932 -1.58755)
(12.6992 2.25971 -1.58744)
(14 2.83159 -0.96125)
(13.8072 3 -0.96125)
(14 1.87882 -1.58751)
(12.6978 3 -1.58751)
(13.7991 2.82505 -0.54375)
(14 3 -0.54375)
(13.579 2.63611 -0.54375)
(14 2.64352 -0.54375)
(13.5874 3 -0.54375)
(13.7946 2.63862 -0.54375)
(13.582 2.82231 -0.54375)
(14 2.83159 -0.54375)
(13.8072 3 -0.54375)
(13.1338 3.59816e-16 -4.5)
(13.1349 2.70834e-16 -4.31562)
(13.1353 0.17476 -4.30812)
(13.1348 0.168195 -4.5)
(13.138 2.25297e-16 -3.67896)
(13.138 0.362307 -3.67886)
(13.1367 0.363846 -4.09817)
(13.1361 0.177066 -4.10074)
(13.136 2.48499e-16 -4.05742)
(13.1378 0.74212 -4.5)
(13.1359 0.400648 -4.5)
(13.136 0.361695 -4.30462)
(13.1378 0.742407 -4.09946)
(12.6975 0.36202 -3.67946)
(12.6971 2.25297e-16 -3.67957)
(12.6967 0.363657 -4.09858)
(12.9162 0.363862 -4.09847)
(12.6974 0.742343 -4.09999)
(12.477 0.363876 -4.09865)
(12.6969 0.74192 -4.5)
(13.1396 1.5 -3.68037)
(13.1394 1.12118 -3.6802)
(12.6984 1.12139 -3.68158)
(12.6986 1.5 -3.6818)
(13.1387 0.74176 -3.67956)
(13.1383 1.12146 -4.09984)
(13.1385 1.5 -4.5)
(13.1384 1.12158 -4.5)
(13.1385 1.5 -4.09993)
(12.6981 0.741688 -3.68029)
(12.6973 1.5 -4.5)
(12.6978 1.5 -4.10058)
(13.142 1.5 -2.42311)
(13.1415 1.5 -2.84147)
(14 1.5 -2.84061)
(13.581 1.5 -2.84099)
(13.5811 1.5 -2.42289)
(14 1.5 -2.42269)
(13.1415 1.87925 -2.84133)
(13.1399 2.25896 -2.84113)
(12.6991 2.25952 -2.84135)
(14 1.87879 -2.84057)
(13.5809 1.87896 -2.84092)
(12.6984 2.6386 -2.84098)
(12.6978 3 -2.84063)
(14 3 -2.84)
(13.807 3 -2.84004)
(13.7991 2.82505 -2.84008)
(14 2.83145 -2.84003)
(14 2.25841 -2.84043)
(14 2.59943 -2.84012)
(13.7952 2.6384 -2.84016)
(13.5789 2.63636 -2.84037)
(13.5804 2.25817 -2.84073)
(13.1389 3 -2.84047)
(13.1389 2.63821 -2.84076)
(13.5815 2.82294 -2.84017)
(13.5359 3 -2.84013)
(14 1.5 -3.67925)
(13.5802 1.5 -3.67919)
(14 1.5 -4.5)
(13.5354 1.5 -4.5)
(13.5784 1.5 -4.09796)
(14 1.5 -4.05691)
(13.1389 1.73906e-16 -2.84047)
(13.1398 0.741039 -2.84113)
(14 1.73899e-16 -2.84)
(14 0.741587 -2.84043)
(14 4.44089e-16 -4.5)
(14 0.745 -4.5)
(14 2.2503e-16 -3.675)
(14 0.742161 -3.67858)
(13.5773 0.364547 -4.09713)
(13.5783 1.12184 -4.0979)
(13.5787 0.363713 -3.25854)
(13.5789 0.363613 -2.42263)
(13.1389 0.361787 -2.84076)
(13.5359 1.73906e-16 -2.84014)
(13.1387 1.99547e-16 -3.25895)
(13.1389 1.48319e-16 -2.42263)
(13.5803 0.741831 -2.84073)
(13.1395 0.741242 -3.25991)
(13.1399 0.740959 -2.42296)
(14 0.400566 -2.84012)
(14 1.99464e-16 -3.2575)
(14 1.48336e-16 -2.4225)
(14 0.741718 -3.25882)
(14 0.741552 -2.42262)
(13.5719 3.59816e-16 -4.5)
(14 0.3675 -4.5)
(14 2.50593e-16 -4.0925)
(14 1.1225 -4.5)
(13.5797 0.742378 -3.67857)
(14 0.74348 -4.05649)
(13.5349 0.743437 -4.5)
(14 0.400932 -3.67691)
(13.5354 2.25189e-16 -3.67711)
(14 1.12154 -3.67913)
(13.578 0.743081 -4.09759)
(13.5783 0.363993 -3.67767)
(13.5801 1.12138 -3.67906)
(13.1386 0.3619 -3.25935)
(13.5802 0.741984 -3.25924)
(13.5789 0.363635 -2.84038)
(13.1389 0.361751 -2.42278)
(13.5804 0.741779 -2.42278)
(14 0.38119 -4.07818)
(14 1.12212 -4.05685)
(14 0.400622 -3.258)
(13.5579 2.498e-16 -4.07894)
(13.5358 1.99493e-16 -3.25804)
(13.5353 1.12213 -4.5)
(13.5576 0.380975 -4.5)
(14 0.400555 -2.42253)
(13.5359 1.48319e-16 -2.42253)
(14 3 -4.5)
(13.1388 2.25824 -3.67955)
(14 2.255 -4.5)
(13.1338 3 -4.5)
(14 3 -3.675)
(14 2.25784 -3.67857)
(13.1381 3 -3.67892)
(13.1378 2.25788 -4.5)
(13.5783 1.87816 -4.09789)
(13.5773 2.63544 -4.09701)
(13.5788 2.63629 -3.25853)
(14 1.8775 -4.5)
(12.6956 3 -4.5)
(14 2.6325 -4.5)
(13.5719 3 -4.5)
(14 3 -4.0925)
(14 3 -3.2575)
(13.1396 2.25876 -3.25991)
(13.5797 2.25762 -3.67856)
(13.138 2.63769 -3.67883)
(13.1378 2.25759 -4.09945)
(13.1394 1.87882 -3.6802)
(13.1384 1.87841 -4.5)
(14 2.25652 -4.05648)
(13.5349 2.25655 -4.5)
(14 1.87846 -3.67913)
(13.136 3 -4.05734)
(13.1359 2.59934 -4.5)
(12.6972 3 -3.67956)
(14 2.59907 -3.6769)
(13.5354 3 -3.67702)
(14 2.25828 -3.25882)
(13.1387 3 -3.25894)
(13.1383 1.87854 -4.09984)
(13.578 2.25691 -4.09757)
(13.5801 1.87862 -3.67906)
(13.1367 2.63615 -4.09812)
(13.5783 2.636 -3.67762)
(13.5802 2.25802 -3.25924)
(13.1387 2.6381 -3.25934)
(14 1.87787 -4.05685)
(12.6962 3 -4.05782)
(14 2.6188 -4.07818)
(14 2.59938 -3.258)
(13.5358 3 -3.25803)
(13.5579 3 -4.07853)
(12.6961 2.59959 -4.5)
(13.5575 2.61897 -4.5)
(13.5353 1.87787 -4.5)
(13.7973 0.175734 -4.30654)
(13.7983 1.31116 -4.30706)
(12.698 0.361534 -3.25978)
(13.5807 1.12114 -3.2596)
(12.6982 0.361355 -2.42285)
(13.581 1.121 -2.42286)
(13.3558 0.175035 -4.30775)
(13.7978 0.5543 -4.3066)
(13.7984 0.175353 -3.88639)
(13.7982 0.933249 -4.307)
(13.7991 0.174955 -3.0489)
(13.799 0.175011 -3.46692)
(13.7991 0.174948 -2.63129)
(13.7991 0.174947 -2.21376)
(13.7983 1.68884 -4.30706)
(12.4767 2.82537 -4.30835)
(13.7974 2.8242 -4.30597)
(13.5807 1.87886 -3.2596)
(13.7991 2.82504 -3.0489)
(13.7982 2.06675 -4.30699)
(12.9154 2.82535 -4.30825)
(13.7978 2.44568 -4.30658)
(13.3558 2.82496 -4.30762)
(13.7984 2.82464 -3.88625)
(13.799 2.82499 -3.4669)
(13.1412 1.5 -3.26035)
(13.1414 1.12075 -2.84133)
(14 1.5 -3.25925)
(14 1.12121 -2.84057)
(13.806 1.5 -4.5)
(14 1.5 -4.31431)
(14 1.31125 -4.5)
(14 1.68875 -4.5)
(13.5809 1.5 -4.30435)
(13.5868 1.31114 -4.5)
(13.5868 1.68886 -4.5)
(13.7949 1.5 -4.10022)
(13.5783 1.31102 -4.09776)
(13.5783 1.68898 -4.09776)
(14 1.31114 -4.10576)
(14 1.68886 -4.10576)
(12.6976 1.73933e-16 -2.84063)
(12.6989 0.740475 -2.84134)
(13.807 1.73906e-16 -2.84004)
(14 0.168548 -2.84004)
(14 1.86683e-16 -3.04875)
(14 1.61118e-16 -2.63125)
(13.7909 3.59816e-16 -4.5)
(14 0.17875 -4.5)
(14 2.64428e-16 -4.30125)
(13.3528 3.59816e-16 -4.5)
(14 0.55625 -4.5)
(14 0.93375 -4.5)
(14 0.744264 -4.31404)
(13.8058 0.744241 -4.5)
(14 2.12246e-16 -3.46625)
(14 2.37811e-16 -3.88375)
(14 0.168771 -3.67593)
(13.8066 2.2508e-16 -3.67603)
(14 1.35552e-16 -2.21375)
(13.3569 0.364322 -4.09777)
(13.5776 0.553715 -4.09717)
(13.578 0.364483 -3.88734)
(13.7942 0.363428 -4.09804)
(13.5787 0.177829 -4.09858)
(13.5784 0.363285 -4.30371)
(13.5782 0.932757 -4.09762)
(13.7949 1.12208 -4.10017)
(13.5809 1.12208 -4.30433)
(13.5787 0.364055 -3.46764)
(13.5789 0.363929 -3.04922)
(13.7952 0.361665 -3.25809)
(13.5814 0.177081 -3.25812)
(13.5789 0.363899 -2.6314)
(13.5789 0.363891 -2.2138)
(13.7952 0.361593 -2.42255)
(13.5816 0.177053 -2.42255)
(13.5815 0.177058 -2.84017)
(13.5873 1.867e-16 -3.04894)
(13.5874 1.61112e-16 -2.63129)
(13.7952 0.361605 -2.84017)
(14 0.356504 -3.04892)
(14 0.356486 -2.63129)
(14 0.168567 -3.25768)
(13.8069 1.99493e-16 -3.2577)
(14 0.168548 -2.42251)
(13.807 1.48319e-16 -2.42251)
(13.5769 2.69858e-16 -4.31364)
(13.5767 0.16997 -4.5)
(14 0.364275 -4.31224)
(13.8039 0.364167 -4.5)
(14 0.170328 -4.09666)
(13.8045 2.50884e-16 -4.09713)
(14 1.12236 -4.31429)
(13.806 1.12236 -4.5)
(13.3568 2.51426e-16 -4.10581)
(13.3566 0.357008 -4.5)
(13.7948 0.743451 -4.0998)
(14 0.553621 -4.1048)
(14 0.933135 -4.10563)
(13.5805 0.743428 -4.30422)
(13.5866 0.933121 -4.5)
(13.5857 0.553519 -4.5)
(13.795 0.361975 -3.67702)
(14 0.35732 -3.88706)
(14 0.356618 -3.46703)
(13.581 0.177186 -3.67715)
(13.5862 2.37982e-16 -3.88742)
(13.5872 2.12287e-16 -3.4671)
(14 0.356483 -2.21376)
(13.5874 1.35525e-16 -2.21376)
(12.4766 3 -4.5)
(14 2.82125 -4.5)
(13.7909 2.99967 -4.49641)
(14 3 -4.30125)
(14 3 -3.04875)
(14 2.06625 -4.5)
(14 2.44375 -4.5)
(14 2.25573 -4.31404)
(13.8058 2.25575 -4.5)
(12.9147 3 -4.5)
(13.3528 3 -4.5)
(13.1349 3 -4.31554)
(13.1348 2.83181 -4.5)
(14 3 -3.88375)
(14 3 -3.46625)
(14 2.83123 -3.67593)
(13.8066 3 -3.67595)
(13.5782 2.06724 -4.09762)
(13.7949 1.87792 -4.10016)
(13.5809 1.87792 -4.30433)
(12.9162 2.63614 -4.09844)
(12.6963 2.82302 -4.10116)
(12.6962 2.63856 -4.30477)
(13.5776 2.44627 -4.09713)
(13.3569 2.63567 -4.09767)
(13.578 2.63551 -3.88723)
(13.7942 2.63655 -4.09795)
(13.5786 2.82216 -4.09829)
(13.5784 2.63668 -4.30363)
(13.5787 2.63594 -3.46762)
(13.5789 2.63607 -3.04921)
(13.7952 2.63833 -3.25808)
(13.5815 2.82292 -3.2581)
(14 1.87764 -4.31429)
(13.806 1.87764 -4.5)
(12.4767 2.64372 -4.5)
(12.6958 3 -4.31588)
(12.6958 2.83201 -4.5)
(12.4768 3 -4.10686)
(14 2.6357 -4.31223)
(13.8039 2.63575 -4.5)
(13.5769 3 -4.313)
(13.5766 2.82993 -4.5)
(14 2.82965 -4.09665)
(13.8045 3 -4.09649)
(14 2.83143 -3.25768)
(13.8069 3 -3.25769)
(14 2.6435 -3.04892)
(13.5873 3 -3.04893)
(13.7948 2.25654 -4.09979)
(14 2.06686 -4.10563)
(14 2.44637 -4.1048)
(13.5805 2.25656 -4.30421)
(13.5857 2.44645 -4.5)
(13.5866 2.06688 -4.5)
(13.1361 2.82293 -4.10066)
(12.9156 3 -4.10668)
(13.3568 3 -4.10558)
(13.136 2.6383 -4.30459)
(12.9156 2.6437 -4.5)
(13.3566 2.64297 -4.5)
(13.795 2.63802 -3.67699)
(14 2.64267 -3.88705)
(14 2.64338 -3.46703)
(13.581 2.82281 -3.67706)
(13.5872 3 -3.46707)
(13.5862 3 -3.88719)
(13.5771 0.175593 -4.30698)
(13.7971 0.364215 -4.3061)
(13.7976 0.175801 -4.09713)
(13.7983 1.12226 -4.30703)
(13.5813 1.3111 -4.30367)
(13.7943 1.3111 -4.10049)
(13.7983 1.5 -4.30706)
(12.6986 0.740734 -3.26033)
(12.6982 0.361402 -2.84097)
(13.5819 0.177701 -3.04904)
(13.141 1.12088 -3.26023)
(13.5809 1.12104 -2.84092)
(13.5808 1.5 -3.25971)
(12.699 0.740335 -2.423)
(13.5819 0.177692 -2.63133)
(13.1417 1.1207 -2.42308)
(13.3568 0.177884 -4.10045)
(13.3567 0.36195 -4.30375)
(13.7939 0.553676 -4.09954)
(13.5802 0.553607 -4.3034)
(13.7981 0.743952 -4.30686)
(13.7941 0.362217 -3.88715)
(13.5807 0.177979 -3.8874)
(13.7988 0.175111 -3.6764)
(13.7942 0.932982 -4.10034)
(13.5811 0.932974 -4.30362)
(13.7946 0.361414 -3.04902)
(13.7991 0.174967 -3.25784)
(13.7991 0.174946 -2.84008)
(13.7945 0.361543 -3.46726)
(13.5817 0.177747 -3.46731)
(13.7946 0.36139 -2.63132)
(13.7991 0.174943 -2.42252)
(13.7946 0.361385 -2.21377)
(13.5819 0.177689 -2.21377)
(13.5813 1.6889 -4.30367)
(13.7983 1.87774 -4.30703)
(13.7943 1.6889 -4.10049)
(12.4768 2.63877 -4.30416)
(12.696 2.82538 -4.30832)
(12.4769 2.82238 -4.10158)
(13.7972 2.63574 -4.30601)
(13.5771 2.82437 -4.30668)
(13.7976 2.82418 -4.09682)
(13.141 1.87912 -3.26023)
(13.7991 2.82503 -3.25783)
(13.7946 2.63859 -3.04902)
(13.5819 2.8223 -3.04903)
(13.7942 2.06701 -4.10033)
(13.5811 2.06702 -4.30362)
(13.7981 2.25604 -4.30686)
(12.9158 2.82238 -4.10137)
(12.9158 2.63875 -4.30408)
(13.1353 2.82524 -4.30806)
(13.7939 2.44631 -4.09951)
(13.5802 2.44637 -4.30337)
(13.3568 2.82211 -4.10027)
(13.3567 2.63803 -4.30369)
(13.7941 2.63777 -3.88709)
(13.5807 2.82202 -3.88722)
(13.7988 2.82489 -3.67634)
(13.7945 2.63846 -3.46725)
(13.5817 2.82225 -3.46728)
(14 0.17318 -4.30895)
(14 1.3112 -4.31448)
(14 1.12129 -3.25916)
(14 0.168414 -3.04882)
(13.8006 2.6834e-16 -4.30999)
(13.8072 1.867e-16 -3.04883)
(12.6975 1.99575e-16 -3.25933)
(13.8062 1.3112 -4.5)
(13.8002 0.173268 -4.5)
(14 0.168411 -2.63126)
(12.6977 1.48346e-16 -2.42269)
(14 1.12119 -2.42267)
(13.8072 1.61112e-16 -2.63126)
(14 0.554721 -4.31373)
(14 0.169053 -3.8857)
(14 0.933441 -4.3144)
(14 0.168479 -3.46664)
(13.8063 2.37982e-16 -3.88591)
(13.3552 2.70725e-16 -4.31528)
(13.8071 2.12287e-16 -3.46668)
(13.8061 0.933432 -4.5)
(13.3551 0.168527 -4.5)
(13.8055 0.554668 -4.5)
(14 0.168412 -2.21375)
(13.8072 1.35525e-16 -2.21375)
(14 1.6888 -4.31448)
(12.4766 3 -4.3161)
(14 2.82677 -4.30892)
(14 2.83159 -3.04882)
(14 1.87871 -3.25916)
(12.6976 3 -3.25933)
(13.8072 3 -3.04882)
(13.8007 3 -4.30801)
(12.4766 2.83215 -4.5)
(13.8004 2.82652 -4.5)
(13.8062 1.6888 -4.5)
(14 2.06656 -4.3144)
(12.9152 3 -4.31599)
(14 2.83094 -3.88569)
(14 2.44527 -4.31372)
(14 2.83152 -3.46664)
(13.8071 3 -3.46665)
(13.3552 3 -4.31506)
(13.8063 3 -3.88569)
(12.9151 2.83212 -4.5)
(13.8055 2.4453 -4.5)
(13.355 2.83147 -4.5)
(13.8062 2.06656 -4.5)
(14 3 -2.005)
(13.5789 2.63639 -2.42263)
(13.5789 2.63639 -1.58751)
(14 3 -2.4225)
(14 3 -1.5875)
(13.14 2.25904 -2.42297)
(14 2.25845 -2.42262)
(13.139 3 -2.42263)
(14 2.59945 -2.00501)
(13.5359 3 -2.00501)
(13.5804 2.25822 -2.42278)
(13.139 2.63825 -2.42278)
(13.5789 2.63639 -2.00504)
(14 2.59944 -2.42253)
(14 2.59945 -1.5875)
(13.5359 3 -1.5875)
(13.5359 3 -2.42253)
(13.581 1.879 -2.42286)
(12.6984 2.63865 -2.42285)
(13.7991 2.82505 -2.63129)
(13.7991 2.82505 -1.37875)
(13.7991 2.82505 -2.21376)
(13.7991 2.82505 -1.79625)
(14 3 -1.37875)
(14 2.64352 -1.37875)
(13.579 2.63611 -1.37875)
(13.5874 3 -1.37875)
(14 3 -2.63125)
(14 3 -2.21375)
(14 3 -1.79625)
(14 2.83145 -2.005)
(13.807 3 -2.005)
(13.5789 2.6361 -2.6314)
(13.579 2.63611 -2.2138)
(13.7952 2.63841 -2.42255)
(13.5816 2.82295 -2.42255)
(13.579 2.63611 -1.79626)
(13.7952 2.63841 -1.5875)
(13.5816 2.82295 -1.5875)
(14 2.64351 -2.63129)
(13.5874 3 -2.63129)
(14 2.83145 -2.42251)
(13.807 3 -2.42251)
(14 2.83145 -1.5875)
(13.807 3 -1.5875)
(13.7952 2.63841 -2.00501)
(14 2.64352 -2.21376)
(14 2.64352 -1.79625)
(13.5816 2.82295 -2.00501)
(13.5874 3 -1.79625)
(13.5874 3 -2.21376)
(13.1417 1.8793 -2.42308)
(12.6992 2.25966 -2.42301)
(13.7946 2.63861 -2.63132)
(13.5819 2.82231 -2.63133)
(13.7991 2.82506 -2.42252)
(13.7991 2.82506 -1.5875)
(13.7946 2.63862 -1.37875)
(13.582 2.82231 -1.37875)
(13.7946 2.63861 -2.21377)
(13.5819 2.82231 -2.21377)
(13.7991 2.82506 -2.005)
(13.7946 2.63862 -1.79626)
(13.582 2.82231 -1.79626)
(14 1.87881 -2.42267)
(12.6978 3 -2.42269)
(14 2.83159 -2.63126)
(14 2.83159 -1.37875)
(13.8072 3 -1.37875)
(13.8072 3 -2.63126)
(14 2.83159 -2.21375)
(14 2.83159 -1.79625)
(13.8072 3 -1.79625)
(13.8072 3 -2.21375)
(12.6977 1.12154 -4.10048)
(12.6972 1.12157 -4.5)
(12.6956 3.59816e-16 -4.5)
(12.6962 2.48445e-16 -4.05783)
(12.6961 0.400407 -4.5)
(12.4767 0.174628 -4.30835)
(12.9154 0.174646 -4.30827)
(12.4766 3.59816e-16 -4.5)
(12.4767 2.51426e-16 -4.10686)
(12.4767 0.356283 -4.5)
(12.9147 3.59816e-16 -4.5)
(12.6963 0.176976 -4.10117)
(12.6962 0.361437 -4.30477)
(12.6958 2.70942e-16 -4.31589)
(12.6958 0.167989 -4.5)
(12.9156 2.51426e-16 -4.10672)
(12.9156 0.356295 -4.5)
(12.696 0.174621 -4.30833)
(12.4768 0.361231 -4.30416)
(12.4768 0.177618 -4.10158)
(12.9158 0.177623 -4.10141)
(12.9158 0.361247 -4.3041)
(12.4766 2.71051e-16 -4.3161)
(12.4766 0.167854 -4.5)
(12.9152 2.71051e-16 -4.31601)
(12.9151 0.167879 -4.5)
(11.3784 1.5 -1.16438)
(11.38 1.5 -1.58037)
(11.3876 1.5 -2.00066)
(11.392 1.5 -2.42025)
(11.3922 1.5 -2.84121)
(10.9586 1.49999 -2.84124)
(11.8181 1.5 -4.10101)
(11.8174 1.5 -4.5)
(11.3904 1.49999 -3.26289)
(11.3831 1.5 -3.68377)
(11.8198 1.5 -3.68297)
(11.3767 1.5 -4.5)
(11.3786 1.5 -4.10124)
(10.9398 1.49999 -4.10147)
(10.9357 1.5 -4.5)
(10.9466 1.49999 -3.68708)
(10.9567 1.49999 -3.26453)
(11.3794 1.5 -0.749248)
(10.517 1.49998 -2.84286)
(10.5064 1.49999 -2.62327)
(10.2882 1.49997 -2.62693)
(10.2932 1.49995 -2.84274)
(10.0709 1.50003 -2.842)
(10.0688 1.50003 -2.62944)
(10.5475 1.5 -4.5)
(10.5042 1.49999 -4.30353)
(10.2928 1.5 -4.30319)
(10.2928 1.5 -4.5)
(10.5059 1.49998 -4.09969)
(10.5079 1.49997 -3.69085)
(10.2892 1.49996 -3.68704)
(10.2894 1.50007 -3.89326)
(10.5069 1.49999 -3.89584)
(9.86355 1.49999 -4.30264)
(9.8562 1.49999 -4.09583)
(9.85191 1.50002 -3.88787)
(9.85016 1.50005 -3.6796)
(10.5111 1.49998 -3.48369)
(10.2908 1.49999 -3.4791)
(9.84994 1.50005 -3.47085)
(10.2909 1.49996 -4.0986)
(10.0837 1.5 -4.5)
(10.0811 1.50001 -4.30306)
(10.0754 1.50006 -4.0973)
(10.5185 1.49999 -3.26969)
(10.0701 1.49993 -3.68279)
(10.0717 1.5001 -3.89031)
(9.86763 1.5 -4.5)
(10.2942 1.50006 -3.2681)
(10.0704 1.5 -3.47428)
(10.0715 1.50014 -3.26452)
(9.85024 1.50014 -3.2615)
(10.5149 1.49998 -3.06488)
(10.2933 1.50004 -3.05934)
(10.0713 1.50004 -3.0547)
(9.84982 1.4999 -2.84124)
(9.85016 1.50013 -3.05181)
(9.84907 1.49978 -2.6306)
(11.8196 2.63646 -3.67995)
(11.8193 2.63506 -4.09879)
(11.6001 2.63449 -4.09878)
(11.3809 2.63237 -4.09897)
(11.3813 2.63325 -3.68055)
(11.8188 2.25405 -4.10035)
(11.3799 2.24705 -4.10066)
(12.0385 2.63571 -4.09872)
(11.8183 2.25515 -4.5)
(11.8195 3 -3.6798)
(11.3813 3 -3.67981)
(11.3789 2.24932 -4.5)
(10.9637 1.83406 -2.83981)
(10.9461 1.83631 -3.68926)
(10.9616 1.83451 -3.26227)
(10.9461 2.22393 -3.26576)
(10.9441 2.22537 -3.68705)
(10.9423 2.6242 -3.26284)
(10.9431 2.62446 -3.68301)
(10.943 2.625 -4.09955)
(10.9419 2.23094 -4.10125)
(10.9325 1.85157 -4.5)
(10.9396 1.84331 -4.10158)
(10.94 2.23626 -4.5)
(10.942 2.22354 -2.8347)
(10.9431 3 -3.25952)
(10.9431 3 -3.67981)
(10.9391 2.62417 -2.83679)
(10.9431 3 -2.84072)
(11.162 2.63115 -4.09895)
(11.8199 2.25431 -1.16918)
(11.3803 2.24333 -1.16772)
(11.3777 1.85657 -1.16407)
(11.8198 2.63685 -1.16977)
(11.8196 3 -1.17)
(11.3812 2.63316 -1.16948)
(11.3813 3 -1.17)
(11.3882 1.85658 -2.00069)
(11.3823 2.24336 -2.00192)
(11.8205 2.25431 -2.00405)
(11.8199 2.63686 -2.00471)
(11.8196 3 -2.00506)
(11.381 2.63317 -2.00387)
(11.3813 3 -2.00506)
(11.3809 2.63317 -1.58653)
(11.3803 2.24335 -1.58418)
(11.3794 1.85658 -1.58032)
(11.3813 3 -1.58751)
(11.8198 2.63686 -1.58716)
(11.82 2.25435 -1.58641)
(11.8196 3 -1.58751)
(11.3927 1.85693 -2.84062)
(11.3905 1.85806 -3.2623)
(11.383 1.86285 -3.68385)
(11.3787 1.86695 -4.10118)
(11.3766 1.86923 -4.5)
(11.8208 2.25432 -2.84101)
(11.3835 2.24354 -2.83974)
(11.8199 2.63685 -2.8409)
(11.8196 3 -2.84072)
(11.3813 3 -2.84072)
(11.381 2.63321 -2.84019)
(11.3818 2.24514 -3.68244)
(11.3837 2.24395 -3.26188)
(11.3815 2.63326 -3.26056)
(11.3813 3 -3.25952)
(11.8198 2.2539 -3.68115)
(11.8182 1.87488 -4.1009)
(11.8199 2.63679 -3.26013)
(11.8198 1.87391 -3.68275)
(11.8206 2.25432 -3.2609)
(11.8196 3 -3.25951)
(11.8175 1.87554 -4.5)
(11.3921 1.85665 -2.4203)
(11.3813 3 -2.42272)
(11.381 2.63319 -2.42157)
(11.3832 2.24341 -2.42012)
(11.8199 2.63686 -2.42253)
(11.8207 2.25436 -2.42214)
(11.8196 3 -2.42272)
(11.3794 1.85656 -0.749432)
(11.3814 2.24333 -0.751699)
(11.3816 2.63316 -0.752458)
(11.3813 3 -0.7525)
(11.8199 2.63686 -0.752421)
(11.8202 2.25435 -0.752156)
(11.8196 3 -0.7525)
(10.0681 1.63111 -2.62889)
(10.0708 1.63111 -2.84196)
(10.0707 1.8 -2.84184)
(10.067 1.8 -2.62815)
(10.0658 1.99549 -2.62752)
(10.0681 1.9955 -2.84021)
(9.84823 1.99546 -2.84021)
(9.84754 1.99546 -2.62971)
(9.84868 1.99545 -3.05104)
(9.84935 1.8 -2.84098)
(9.84962 1.8 -3.05164)
(9.85002 1.63113 -3.05184)
(9.84966 1.63108 -2.84112)
(10.5224 1.63128 -2.84254)
(10.5 1.8 -2.84)
(10.2944 1.63114 -2.84275)
(10.2966 1.8 -2.84251)
(10.4628 1.8 -4.1)
(10.434 1.80076 -4.30012)
(10.5 1.8 -4.48456)
(10.5 1.8 -3.2575)
(10.434 1.8 -3.5)
(10.4628 1.8 -3.7)
(10.076 1.8 -4.09881)
(10.0858 1.8 -4.30841)
(10.295 1.8 -4.30695)
(10.2903 1.8 -4.09941)
(10.3 1.8 -4.5)
(10.1 1.8 -4.5)
(10.0709 1.8 -3.26434)
(10.0698 1.8 -3.47426)
(10.2889 1.8 -3.48216)
(10.2959 1.8 -3.26768)
(10.2871 1.8 -3.68863)
(10.0689 1.8 -3.6827)
(10.434 1.8 -3.9)
(10.2887 1.8 -3.89435)
(10.0718 1.8 -3.88997)
(9.85197 1.8 -3.88736)
(9.85829 1.8 -4.09592)
(9.84954 1.8 -3.67927)
(9.87219 1.8 -4.30766)
(9.9 1.8 -4.5)
(9.85029 1.8 -3.26074)
(9.84945 1.8 -3.47018)
(10.434 1.8 -3.1)
(10.0709 1.8 -3.056)
(10.2934 1.8 -3.06527)
(10.2817 1.8 -2.62281)
(10.4014 1.8 -2.59861)
(11.3813 3 -4.5)
(11.381 2.83053 -4.5)
(11.3811 2.82427 -4.30836)
(11.3813 3 -4.31591)
(11.3813 3 -4.05792)
(11.3812 2.822 -4.10131)
(11.3808 2.63541 -4.30485)
(11.3805 2.59583 -4.5)
(10.2859 1.63115 -2.62514)
(10.499 1.63147 -2.61701)
(11.8194 3 -4.5)
(11.8194 3 -4.05792)
(11.819 2.59845 -4.5)
(12.0384 2.82524 -4.30836)
(11.6002 2.8248 -4.30836)
(12.0384 3 -4.5)
(11.6003 3 -4.5)
(11.8194 2.8227 -4.10128)
(11.8191 2.6376 -4.30482)
(12.0383 2.64336 -4.5)
(11.8194 3 -4.31591)
(11.8193 2.83159 -4.5)
(12.0385 3 -4.10689)
(11.6003 3 -4.10689)
(11.5999 2.64216 -4.5)
(12.0384 2.6384 -4.30418)
(11.8193 2.82505 -4.30837)
(12.0385 2.82226 -4.10162)
(11.6003 2.82187 -4.10164)
(11.6 2.63724 -4.3042)
(12.0385 3 -4.31611)
(12.0384 2.83199 -4.5)
(11.6003 3 -4.3161)
(11.6002 2.83144 -4.5)
(10.9425 2.58924 -4.5)
(10.943 2.62949 -4.30496)
(10.7252 2.62438 -4.30444)
(10.7248 2.6194 -4.09947)
(10.5304 2.59674 -4.5)
(10.5083 2.60837 -4.30564)
(10.7251 2.63074 -4.5)
(10.5065 2.60203 -4.10065)
(10.505 3 -4.5)
(10.505 3 -4.31587)
(10.5064 2.8167 -4.30838)
(10.5071 2.82156 -4.5)
(10.505 3 -3.67981)
(10.505 2.60301 -3.69145)
(10.5058 2.59475 -3.89737)
(10.5057 2.81501 -4.10158)
(10.505 3 -4.0579)
(10.505 3 -2.84072)
(10.4849 2.60296 -2.82138)
(10.521 1.99587 -3.26904)
(10.2924 1.99562 -3.26819)
(10.0644 2.20462 -3.26294)
(10.2827 2.20496 -3.2687)
(10.2801 2.4 -3.27142)
(10.0629 2.4 -3.26269)
(10.4867 2.20652 -2.82079)
(10.4874 2.20513 -3.03799)
(10.508 1.99578 -3.0693)
(10.516 1.99585 -2.83808)
(10.505 3 -3.25951)
(10.5008 2.60296 -3.27395)
(10.4826 2.59471 -3.0321)
(10.397 2.4 -2.80299)
(10.3871 2.4 -3.01295)
(9.84924 1.99546 -3.26093)
(10.0669 3 -3.25951)
(10.0634 2.59906 -3.26176)
(10.2801 2.59386 -3.26732)
(9.84608 2.4 -3.25946)
(9.84652 2.20455 -3.26001)
(9.84574 2.59279 -3.25958)
(10.5041 2.2066 -3.27758)
(10.0696 1.9955 -3.26421)
(10.434 2.4 -3.3)
(10.5529 2.21312 -4.5)
(10.5056 2.20682 -3.69473)
(9.62875 3 -4.5)
(10.0746 2.59794 -4.09919)
(10.5066 2.20795 -4.10072)
(10.0926 2.20456 -4.5)
(10.0684 2.20465 -3.68353)
(10.0669 3 -4.5)
(10.0669 3 -3.6798)
(9.62875 3 -4.05787)
(9.64617 2.61033 -4.5)
(10.0765 2.20487 -4.09857)
(9.63139 2.59767 -4.09616)
(10.0677 2.59911 -3.68285)
(10.0669 3 -4.05789)
(10.0855 2.61081 -4.5)
(10.2963 2.4 -4.30949)
(10.2888 1.99559 -3.48119)
(10.2843 2.4 -3.48377)
(10.2955 1.99966 -4.3045)
(10.2889 1.99582 -3.89436)
(9.8521 1.99563 -3.88786)
(9.87032 1.99896 -4.30422)
(9.40474 2.4 -3.88463)
(9.40352 2.81443 -4.30781)
(9.37911 2.4 -4.30056)
(10.2884 2.4 -3.89508)
(10.2891 2.81537 -4.30849)
(9.85187 2.4 -3.88789)
(9.85317 2.81445 -4.30826)
(9.87225 2.4 -4.30818)
(9.84914 1.99547 -3.47059)
(9.84732 2.4 -3.47011)
(10.4966 2.007 -4.5)
(10.5081 2.20771 -4.30583)
(10.4817 2.4 -4.5)
(10.2988 2.20643 -4.5)
(10.506 2.20549 -3.898)
(10.5061 1.99597 -3.69525)
(10.434 2.4 -3.7)
(10.5053 2.2052 -3.4907)
(10.2868 2.20503 -3.68931)
(10.2859 3 -4.5)
(9.84912 2.20458 -3.67963)
(9.84781 3 -4.5)
(9.40969 3 -4.5)
(9.62876 3 -4.31583)
(9.63284 2.81803 -4.5)
(9.88054 2.20408 -4.5)
(9.7 2.4 -4.5)
(10.0764 1.99631 -4.0982)
(9.4001 2.59754 -4.09475)
(10.0762 2.4 -4.09923)
(9.85589 2.59761 -4.09763)
(10.0706 2.59305 -3.89116)
(10.2906 2.59863 -4.10053)
(10.0693 2.81333 -4.10132)
(10.0814 2.60292 -4.30572)
(10.0656 2.59298 -3.47434)
(10.2916 2.20548 -4.10012)
(10.5064 1.99716 -4.10012)
(10.434 2.4 -4.1)
(10.296 2.61209 -4.5)
(10.086 2.205 -4.30518)
(10.1 2.4 -4.5)
(10.0924 2.0048 -4.5)
(10.2863 2.594 -3.68862)
(10.5038 2.59475 -3.4895)
(10.0713 2.20469 -3.89109)
(10.0692 1.99554 -3.68316)
(10.0679 2.4 -3.68337)
(10.0665 2.20461 -3.47471)
(10.2859 3 -4.10686)
(10.0669 3 -4.31586)
(10.0749 2.81839 -4.5)
(9.62923 2.59285 -3.88652)
(9.84877 2.59294 -3.67962)
(9.85794 2.20472 -4.09668)
(9.63299 2.4 -4.09534)
(9.62933 2.81318 -4.1007)
(9.40969 3 -4.10683)
(9.84782 3 -4.10685)
(9.63828 2.60242 -4.30417)
(9.37993 2.61017 -4.5)
(9.87187 2.61036 -4.5)
(10.4264 2.4 -4.30865)
(10.2965 2.20588 -4.30561)
(10.2912 2.4 -4.10067)
(10.2944 2.60384 -4.30605)
(10.086 2.4 -4.3089)
(10.2854 2.20479 -3.48199)
(10.5084 1.99581 -3.48943)
(10.2877 1.99567 -3.6887)
(10.0691 1.9955 -3.4746)
(10.4229 2.4 -3.5)
(10.2863 2.4 -3.69019)
(10.2841 2.59208 -3.48151)
(10.0656 2.4 -3.47473)
(10.5054 2.00121 -4.3028)
(10.5061 1.9961 -3.89793)
(10.2912 1.99658 -4.09943)
(10.0858 1.99912 -4.30484)
(10.0717 1.99568 -3.89062)
(10.2887 2.20495 -3.89481)
(9.85792 1.99624 -4.09621)
(9.85193 2.20462 -3.88817)
(9.84966 1.9955 -3.67956)
(9.87035 2.20469 -4.3045)
(9.4048 2.5921 -3.88523)
(9.39763 2.4 -4.09317)
(9.62959 2.4 -3.88593)
(9.40679 2.81256 -4.10077)
(9.38955 2.60249 -4.30236)
(9.6308 2.8146 -4.308)
(9.64601 2.4 -4.30623)
(10.2883 2.59284 -3.89472)
(10.0709 2.4 -3.89092)
(10.4229 2.4 -3.9)
(10.2876 2.81318 -4.10192)
(10.0719 2.81471 -4.30831)
(9.8514 2.59216 -3.88843)
(9.85834 2.4 -4.09705)
(9.84893 2.4 -3.67932)
(9.85019 2.8126 -4.10138)
(9.86507 2.6026 -4.30518)
(9.84768 2.20455 -3.47045)
(9.84715 2.59137 -3.47031)
(10.2859 3 -4.31606)
(10.2909 2.81933 -4.5)
(9.40969 3 -4.31601)
(9.84782 3 -4.31604)
(9.39952 2.81813 -4.5)
(9.3103 2.4 -4.4897)
(10.3 2.4 -4.5)
(9.9 2.4 -4.5)
(9.8568 2.81807 -4.5)
(9.88048 2.00448 -4.5)
(10.2975 2.0056 -4.5)
(10.06 2.20463 -2.83477)
(10.0669 3 -2.84072)
(10.0592 2.59904 -2.83455)
(10.2821 1.99558 -2.6229)
(10.2716 2.4 -2.61726)
(9.84391 2.4 -2.62758)
(10.2894 1.99559 -3.05904)
(10.2696 2.4 -3.0403)
(9.844 2.4 -3.04788)
(9.84438 2.20456 -2.83771)
(9.84345 2.59279 -2.8372)
(10.4863 2.20513 -2.61086)
(10.0602 2.2046 -2.62427)
(10.2735 2.20494 -2.82907)
(10.0576 2.4 -2.83306)
(10.0613 2.2046 -3.04794)
(10.4841 2.59473 -2.6108)
(10.2703 2.59385 -2.82723)
(10.0588 2.59296 -2.62375)
(10.0593 2.59296 -3.04636)
(10.4939 1.99579 -2.61384)
(10.274 2.20477 -2.61851)
(10.2898 1.99561 -2.83967)
(9.84442 2.20455 -2.62787)
(10.3958 2.4 -2.6042)
(10.2716 2.59205 -2.61757)
(10.0588 2.4 -2.6234)
(10.2677 2.4 -2.82467)
(9.84352 2.59134 -2.62744)
(9.84347 2.4 -2.83707)
(10.0688 1.99549 -3.05378)
(10.2754 2.20477 -3.04535)
(9.84503 2.20455 -3.04863)
(10.2716 2.59204 -3.04195)
(10.0589 2.4 -3.04604)
(9.84394 2.59133 -3.0479)
(10.9431 3 -4.5)
(10.9431 3 -4.05791)
(10.7246 2.82015 -4.30834)
(11.1621 2.82355 -4.30835)
(10.7241 3 -4.5)
(11.1622 3 -4.5)
(10.9432 2.82002 -4.1014)
(10.7241 3 -4.10687)
(10.9431 3 -4.31589)
(10.9431 2.82762 -4.5)
(11.1622 3 -4.10688)
(11.1617 2.63881 -4.5)
(10.7244 2.81764 -4.10178)
(10.9432 2.82212 -4.30835)
(11.1621 2.82081 -4.10168)
(11.1619 2.63402 -4.30424)
(10.7241 3 -4.31607)
(10.7248 2.82564 -4.5)
(11.1622 3 -4.31609)
(11.162 2.82979 -4.5)
(9.85024 1.63114 -3.26131)
(10.2952 1.63116 -3.26845)
(10.5245 1.63129 -3.26858)
(10.0714 1.63114 -3.26468)
(10.2935 1.63892 -4.30434)
(10.2891 1.63149 -3.89396)
(9.86745 1.63883 -4.30421)
(9.85205 1.63141 -3.88776)
(10.2903 1.63119 -3.48066)
(9.84975 1.63113 -3.47069)
(10.4936 1.64992 -4.5)
(10.5068 1.63137 -3.69437)
(10.0758 1.6327 -4.09794)
(10.506 1.63296 -4.09976)
(10.0879 1.6498 -4.5)
(10.0697 1.63116 -3.68296)
(10.5039 1.63972 -4.30252)
(10.2908 1.63272 -4.09909)
(10.0833 1.63886 -4.30477)
(10.5063 1.63177 -3.89737)
(10.5101 1.63144 -3.48823)
(10.0717 1.63145 -3.8904)
(10.2884 1.63121 -3.68817)
(9.85721 1.63265 -4.09605)
(9.84994 1.63117 -3.67954)
(10.0702 1.63112 -3.47453)
(10.2941 1.64979 -4.5)
(9.8753 1.64983 -4.5)
(10.5138 1.63144 -3.07372)
(10.2935 1.63116 -3.0619)
(10.0713 1.63111 -3.05534)
(9.84882 1.63107 -2.63045)
(9.84863 1.8 -2.6304)
(10.9399 1.48342e-16 -2.42261)
(10.9374 0.375869 -2.41786)
(10.9371 0.375828 -2.83641)
(10.9399 1.73923e-16 -2.84037)
(10.9635 1.16593 -2.83975)
(10.9412 0.776458 -2.83444)
(10.9414 0.776559 -2.41444)
(10.9628 1.16605 -2.4199)
(10.9325 1.14843 -4.5)
(10.94 0.763752 -4.5)
(10.9416 0.769065 -4.10101)
(10.9395 1.15669 -4.10154)
(10.9423 0.410786 -4.5)
(10.9425 0.370542 -4.30443)
(10.9421 0.375016 -4.09842)
(10.9415 0.375548 -3.68189)
(10.9436 0.774629 -3.68667)
(10.9412 2.48337e-16 -4.05571)
(10.9404 2.25216e-16 -3.67802)
(10.9417 0.179993 -4.09941)
(10.9424 0.177904 -4.30719)
(10.9431 4.15338e-16 -4.5)
(10.942 2.76146e-16 -4.31416)
(10.9429 0.172414 -4.5)
(10.946 1.16369 -3.68918)
(10.9614 1.16548 -3.26219)
(10.9403 0.375797 -3.26216)
(10.9401 1.99534e-16 -3.25861)
(10.9455 0.776066 -3.26544)
(11.8191 0.745694 -1.16917)
(11.8189 0.363148 -1.16976)
(11.3773 1.14343 -1.16407)
(11.3793 0.756669 -1.1677)
(11.3791 1.14342 -1.58031)
(11.3794 0.75665 -1.58415)
(11.3796 0.366842 -1.16947)
(11.8187 7.1642e-17 -1.17)
(11.3795 7.1642e-17 -1.17)
(11.3793 0.366834 -1.58651)
(11.3795 9.72072e-17 -1.58751)
(11.8201 0.745675 -2.84093)
(11.3826 0.756455 -2.83958)
(11.3923 1.14307 -2.84055)
(11.3795 1.73933e-16 -2.84059)
(11.3795 0.366787 -2.84001)
(11.819 0.363153 -2.84082)
(11.8187 1.7394e-16 -2.84068)
(11.3814 0.756644 -2.00187)
(11.3794 0.366828 -2.00383)
(11.3795 1.22773e-16 -2.00505)
(11.3878 1.14342 -2.00066)
(11.8197 0.745687 -2.00402)
(11.8189 0.363145 -2.0047)
(11.8187 1.22774e-16 -2.00505)
(11.3794 0.366813 -2.42148)
(11.3795 1.48346e-16 -2.42268)
(11.3823 0.75659 -2.42002)
(11.3917 1.14335 -2.42025)
(11.819 0.363137 -2.42249)
(11.8199 0.745637 -2.42209)
(11.8187 1.48349e-16 -2.4227)
(11.8188 0.363139 -1.58716)
(11.8192 0.745647 -1.58639)
(11.8187 9.72072e-17 -1.58751)
(11.3813 0.754862 -3.68221)
(11.3812 3.59816e-16 -4.5)
(11.3799 2.25297e-16 -3.6793)
(11.3789 0.750685 -4.5)
(11.8191 0.364937 -4.09872)
(11.8194 3.59816e-16 -4.5)
(11.8195 0.746097 -3.68105)
(11.3803 0.366756 -3.68009)
(11.3797 0.752951 -4.10054)
(11.3806 2.48445e-16 -4.05757)
(11.3804 0.404181 -4.5)
(11.8183 0.744854 -4.5)
(11.8189 2.25297e-16 -3.67968)
(11.3804 0.367637 -4.09866)
(11.8186 0.745946 -4.10031)
(11.8191 0.363536 -3.6798)
(11.8192 2.48499e-16 -4.05787)
(11.819 0.401552 -4.5)
(12.0384 0.174764 -4.30835)
(11.8182 1.12512 -4.10089)
(11.8191 0.363209 -3.26001)
(11.1617 0.17646 -4.30789)
(11.6001 0.175201 -4.30829)
(12.0384 3.59816e-16 -4.5)
(12.0384 2.51481e-16 -4.10688)
(12.0384 0.364287 -4.09869)
(12.0383 0.356645 -4.5)
(11.3796 1.99575e-16 -3.2592)
(11.3829 0.756045 -3.26166)
(11.3828 1.13715 -3.68378)
(11.1622 3.75749e-16 -4.5)
(11.6003 3.59816e-16 -4.5)
(11.3809 2.70834e-16 -4.3157)
(11.381 0.169472 -4.5)
(11.3766 1.13077 -4.5)
(11.1613 0.368859 -4.09831)
(11.5999 0.365508 -4.09864)
(11.8192 0.177295 -4.10122)
(11.8191 0.3624 -4.3048)
(11.8193 2.70942e-16 -4.31589)
(11.8193 0.168408 -4.5)
(11.3806 0.178005 -4.10095)
(11.1612 2.51426e-16 -4.10599)
(11.6 2.51481e-16 -4.10678)
(11.3806 0.364599 -4.30473)
(11.1616 0.361205 -4.5)
(11.5999 0.357839 -4.5)
(11.8192 0.174948 -4.30834)
(12.0383 0.361599 -4.30417)
(12.0384 0.177744 -4.1016)
(11.3786 1.13305 -4.10115)
(11.8197 1.12609 -3.6827)
(11.3801 0.366745 -3.26023)
(11.82 0.745682 -3.26078)
(11.3903 1.14193 -3.26221)
(11.1613 0.179195 -4.10079)
(11.1616 0.365998 -4.30397)
(11.3809 0.175734 -4.30818)
(11.6 0.178126 -4.1015)
(11.5999 0.362763 -4.30415)
(12.0384 2.71051e-16 -4.3161)
(11.8188 1.99575e-16 -3.25942)
(11.8175 1.12446 -4.5)
(12.0384 0.168015 -4.5)
(11.1616 2.70725e-16 -4.31549)
(11.162 0.170227 -4.5)
(11.6002 2.71051e-16 -4.31604)
(11.6001 0.168561 -4.5)
(11.38 0.366846 -0.752458)
(11.3795 4.60777e-17 -0.7525)
(11.3804 0.756674 -0.751698)
(11.379 1.14344 -0.749431)
(11.819 0.363143 -0.752421)
(11.8194 0.745655 -0.752155)
(11.8187 4.60777e-17 -0.7525)
(10.072 1.2 -2.84182)
(9.84906 1.2 -2.84123)
(9.84881 1.2 -2.63082)
(10.0673 1.2 -2.62919)
(10.0712 1.36891 -2.84194)
(10.0684 1.3689 -2.62928)
(9.84952 1.2 -3.0508)
(9.84989 1.36893 -3.05147)
(9.84962 1.36889 -2.84125)
(10.5 -1.20399e-16 -2.84)
(10.0628 -1.20421e-16 -2.84036)
(10.0582 0.400954 -2.83359)
(10.2697 0.406156 -2.82575)
(10.4836 0.397042 -2.82084)
(10.4865 0.793481 -2.82041)
(10.2735 0.795058 -2.8278)
(10.2899 1.00439 -2.83925)
(10.516 1.00415 -2.83791)
(10.397 0.6 -2.80299)
(10.2679 0.6 -2.82251)
(9.84301 0.407213 -2.83661)
(9.84431 0.795448 -2.83723)
(9.84343 0.6 -2.83644)
(9.84817 1.00454 -2.84023)
(10.5 1.2 -2.84)
(10.2967 1.2 -2.84203)
(10.0599 0.795376 -2.83389)
(10.0685 1.0045 -2.83998)
(10.0575 0.6 -2.83191)
(10.5224 1.36871 -2.8425)
(10.2944 1.36885 -2.84258)
(10.2827 1.2 -2.62309)
(10.4014 1.2 -2.59861)
(10.294 1.2 -2.41772)
(10.5 1.2 -2.4225)
(10.4101 1.2 -2.18986)
(10.2836 1.2 -2.20498)
(10.4877 0.397048 -2.40629)
(10.5 -9.48342e-17 -2.4225)
(10.4901 0.793485 -2.40387)
(10.2694 0.6 -2.61505)
(9.84335 0.6 -2.6271)
(10.2754 0.6 -2.20215)
(10.2825 1.00441 -2.62278)
(9.84759 1.00454 -2.62985)
(10.2835 1.00443 -2.20465)
(10.4833 0.405272 -2.6103)
(10.4058 0.6 -2.39424)
(10.4897 0.405276 -2.1987)
(10.272 0.406155 -2.40879)
(10.486 0.794869 -2.61049)
(10.4919 0.794868 -2.19799)
(10.5144 1.00415 -2.41358)
(10.2749 0.795062 -2.40915)
(10.0576 0.407042 -2.62278)
(10.0595 0.795398 -2.62349)
(10.2701 0.407955 -2.6161)
(9.84285 0.408668 -2.62693)
(10.0577 0.6 -2.62237)
(10.2705 0.6 -2.40671)
(10.273 0.795234 -2.61728)
(10.3958 0.6 -2.6042)
(10.2749 0.407958 -2.20234)
(9.84408 0.795461 -2.62748)
(10.277 0.795228 -2.20246)
(10.4046 0.6 -2.19545)
(10.0659 1.00451 -2.62774)
(10.2879 1.00438 -2.41512)
(10.4939 1.00421 -2.61372)
(10.4978 1.00422 -2.19892)
(10.4991 1.36853 -2.61703)
(10.5195 1.36871 -2.41627)
(10.2915 1.36886 -2.41706)
(10.2864 1.36884 -2.62526)
(10.2862 1.36884 -2.20582)
(10.5015 1.36854 -2.20054)
(10.0714 1.36892 -3.264)
(10.2948 1.36886 -3.26754)
(9.85 1.36893 -3.26114)
(10.0711 1.2 -3.26317)
(10.295 1.2 -3.26568)
(10.5 1.2 -3.2575)
(10.5244 1.36871 -3.26838)
(9.84963 1.2 -3.26064)
(10.5055 0.793184 -3.69447)
(10.2868 0.794973 -3.6886)
(10.2862 0.6 -3.68918)
(10.434 0.6 -3.7)
(10.5 -1.71528e-16 -3.675)
(10.5038 0.396992 -3.69022)
(10.2858 0.406012 -3.68765)
(10.067 0.400892 -3.68205)
(10.0636 -1.71711e-16 -3.67788)
(9.84889 0.6 -3.67879)
(9.84913 0.795423 -3.67926)
(9.84849 0.407059 -3.67917)
(10.5062 1.00403 -3.69497)
(10.2882 1.00434 -3.68783)
(9.84982 1.0045 -3.67917)
(10.5084 1.00419 -3.48911)
(10.2887 1.00441 -3.48019)
(9.84923 1.00453 -3.47036)
(10.0696 1.0045 -3.26336)
(10.2921 1.00439 -3.2671)
(10.5209 1.00414 -3.26872)
(10.4628 1.2 -3.7)
(10.434 1.2 -3.5)
(10.0683 0.795349 -3.68302)
(10.0678 0.6 -3.68289)
(10.0695 1.00445 -3.68267)
(10.069 1.0045 -3.47387)
(9.84899 1.00454 -3.26065)
(10.5 -2.22045e-16 -4.5)
(10.5529 0.786887 -4.5)
(10.0742 0.402077 -4.09844)
(10.0761 1.2 -4.09849)
(10.5299 0.403342 -4.5)
(10.5 -1.9436e-16 -4.04788)
(10.0669 -4.44089e-16 -4.5)
(10.5066 0.792061 -4.10057)
(10.5 1.2 -4.48456)
(10.0926 0.795443 -4.5)
(10.0765 0.795119 -4.09827)
(10.5057 0.397966 -4.09921)
(10.0695 1.2 -3.68234)
(10.4628 1.2 -4.1)
(10.0648 -1.94831e-16 -4.05526)
(10.1 1.2 -4.5)
(10.0853 0.389267 -4.5)
(10.2875 0.184888 -4.30511)
(10.2953 1.0003 -4.30449)
(10.7231 0.179909 -4.30557)
(10.2961 0.6 -4.3092)
(10.2882 0.6 -3.89392)
(9.85181 0.6 -3.88772)
(9.85267 0.185577 -4.30769)
(9.8723 0.6 -4.30783)
(10.289 1.00417 -3.89368)
(10.2934 1.36107 -4.30438)
(10.2891 1.36854 -3.89339)
(9.85211 1.00435 -3.88778)
(9.86734 1.36113 -4.3042)
(9.85206 1.3686 -3.88774)
(9.87023 1.00114 -4.30422)
(10.2901 1.36881 -3.47982)
(9.84985 1.36889 -3.47056)
(10.5057 0.178619 -4.5)
(10.5 -2.09875e-16 -4.30125)
(10.2859 0.000327831 -4.49641)
(10.7241 3.59816e-16 -4.5)
(10.4817 0.6 -4.5)
(10.5079 0.792307 -4.30573)
(10.4966 0.992997 -4.5)
(10.2988 0.793576 -4.5)
(10.506 0.794516 -3.89778)
(10.4936 1.35008 -4.5)
(10.5069 1.36862 -3.69418)
(9.84781 -4.44089e-16 -4.5)
(9.88053 0.795919 -4.5)
(9.85559 0.402397 -4.09733)
(10.0763 0.6 -4.09878)
(10.0704 0.406954 -3.89053)
(10.29 0.401358 -4.09927)
(10.0678 0.186667 -4.09908)
(10.0811 0.397215 -4.30534)
(10.0764 1.00368 -4.09802)
(9.85837 1.2 -4.09696)
(10.0714 1.2 -3.88995)
(10.2909 1.2 -4.09945)
(10.0856 1.2 -4.30801)
(10.0758 1.36733 -4.09783)
(10.0694 1.2 -3.47331)
(10.7236 0.380628 -4.09748)
(10.5074 0.391667 -4.30455)
(10.2957 0.388034 -4.5)
(10.7247 0.369321 -4.5)
(10.5026 0.18502 -4.09523)
(10.2828 -1.97596e-16 -4.10066)
(10.7211 2.51155e-16 -4.10146)
(10.0655 -2.25622e-16 -4.31348)
(10.0746 0.181731 -4.5)
(10.2916 0.794525 -4.09973)
(10.434 0.6 -4.1)
(10.5064 1.00284 -4.10003)
(10.434 1.19924 -4.30012)
(10.3 1.2 -4.5)
(10.0859 0.795019 -4.30508)
(10.0924 0.995206 -4.5)
(10.1 0.6 -4.5)
(10.5054 0.405252 -3.89666)
(10.2884 1.2 -3.68722)
(10.434 1.2 -3.9)
(10.0712 0.7953 -3.89066)
(10.506 1.36702 -4.09973)
(10.0879 1.3502 -4.5)
(10.0699 1.36883 -3.68259)
(9.84985 1.2 -3.67868)
(9.85786 0.795259 -4.09665)
(9.8466 -1.97921e-16 -4.10571)
(9.87181 0.389666 -4.5)
(9.9 1.2 -4.5)
(10.5038 0.183402 -4.30275)
(10.2939 0.396038 -4.30528)
(10.2853 0.186863 -4.09743)
(10.0709 0.185244 -4.30689)
(10.5053 0.998787 -4.30278)
(10.2964 0.794191 -4.30545)
(10.2914 1.00341 -4.09927)
(10.2944 1.2 -4.30713)
(10.0857 1.00087 -4.30469)
(10.7244 0.375662 -4.30345)
(10.7221 0.182381 -4.09765)
(10.5061 1.0039 -3.89771)
(10.5038 1.36025 -4.30252)
(10.5063 1.36822 -3.89723)
(10.51 1.36855 -3.48801)
(10.2911 0.6 -4.10006)
(10.086 0.6 -4.30886)
(10.4259 0.6 -4.30845)
(10.288 0.407167 -3.89374)
(10.0708 0.6 -3.89043)
(10.2887 0.79505 -3.89411)
(10.4229 0.6 -3.9)
(9.85119 0.407846 -3.88812)
(9.85813 0.6 -4.0971)
(9.85187 0.795374 -3.88798)
(9.84922 0.187405 -4.10038)
(9.86492 0.397396 -4.30494)
(9.87033 0.795211 -4.30438)
(10.2886 1.2 -3.89308)
(10.0716 1.0043 -3.89036)
(10.291 1.36726 -4.09901)
(10.0832 1.36117 -4.30466)
(10.0716 1.3686 -3.89024)
(10.2888 1.36878 -3.68744)
(9.85199 1.2 -3.88733)
(9.85792 1.00378 -4.09652)
(9.85721 1.36734 -4.09638)
(9.87208 1.2 -4.30759)
(9.8501 1.36885 -3.67923)
(10.2884 1.2 -3.4806)
(10.07 1.36889 -3.47394)
(9.84977 1.2 -3.47027)
(10.2835 -2.20418e-16 -4.30909)
(10.2941 1.35021 -4.5)
(10.2903 0.180886 -4.5)
(10.7219 2.68665e-16 -4.31108)
(10.7243 0.174423 -4.5)
(9.84713 -2.27574e-16 -4.31521)
(10.2975 0.994405 -4.5)
(9.88048 0.995518 -4.5)
(9.8753 1.35017 -4.5)
(9.85671 0.18194 -4.5)
(9.9 0.6 -4.5)
(10.3 0.6 -4.5)
(10.2917 1.2 -3.06539)
(10.434 1.2 -3.1)
(10.5136 1.36855 -3.07365)
(10.0705 1.2 -3.05509)
(10.0627 0.40095 -3.26104)
(10.5 -1.45964e-16 -3.2575)
(10.5041 0.793403 -3.27727)
(10.0645 0.795369 -3.26226)
(10.4997 0.397031 -3.27326)
(10.063 -1.46028e-16 -3.25857)
(10.2888 1.00441 -3.05858)
(10.2704 0.6 -3.03791)
(10.2845 0.6 -3.48313)
(9.84728 0.6 -3.46974)
(9.84432 0.6 -3.04733)
(9.84856 1.00453 -3.05055)
(10.4874 0.79487 -3.0376)
(10.5053 0.794797 -3.49045)
(10.0653 0.407024 -3.47369)
(9.84537 0.407207 -3.25915)
(10.0631 0.6 -3.26211)
(10.2801 0.406169 -3.2664)
(10.0592 0.407046 -3.04533)
(10.4822 0.405284 -3.03153)
(10.283 0.795035 -3.26786)
(10.434 0.6 -3.3)
(10.0614 0.795387 -3.04699)
(10.5033 0.405245 -3.48899)
(10.0665 0.795387 -3.47412)
(9.84644 0.795442 -3.25963)
(10.2718 0.407959 -3.04048)
(10.5079 1.00422 -3.06908)
(10.2756 0.795227 -3.04403)
(10.0686 1.0045 -3.05311)
(10.3871 0.6 -3.01295)
(10.4229 0.6 -3.5)
(10.281 0.6 -3.27045)
(10.0592 0.6 -3.04484)
(10.2839 0.407931 -3.48078)
(10.0656 0.6 -3.4741)
(10.2855 0.795211 -3.48135)
(9.84694 0.40863 -3.46991)
(9.84586 0.6 -3.25914)
(9.84766 0.795449 -3.4701)
(9.84384 0.408664 -3.04734)
(9.84511 0.79544 -3.04812)
(10.2929 1.36885 -3.06171)
(10.0711 1.36892 -3.05487)
(9.84893 1.36885 -2.63068)
)


// ************************************************************************* //
