objectives;is_feasible;variables;constraints;algorithm_time;evaluation_time
[2.95360022, -3.0, 0.96339419, 0.98433189, 1.00587414];False;[0.95, 0.8, 2.0, 0.4, 2.0, 0.5, 1.4, 1.8, 1.6, 0.9, 2.3, 0.8, 1.6, 1.8, 1.2, 1.3, 1.8, 1.8, 2.3, 1.0, 1.4, 0.5, 0.85, 1.6, 0.6, 0.8, 1.4, 0.6, 0.85, 0.8, 1.9, 0.75, 0.95, 0.8, 0.45, 1.8, 0.75, 0.5, 0.85, 0.95, 2.0, 1.0, 0.8, 1.6, 1.2, 0.95, 2.0, 2.1, 1.8, 1.4, 2.0, 2.0, 1.6, 0.95, 0.4, 0.6, 1.2, 1.2, 1.8, 0.95, 0.9, 1.3, 0.95, 1.1, 0.8, 1.7, 1.2, 0.9, 1.4, 1.8, 1.2, 2.3, 2.3, 0.5, 1.0, 0.85, 1.6, 0.95, 2.3, 1.0, 2.0, 2.3, 1.2, 1.4, 2.4, 0.9, 1.6, 1.4, 1.2, 1.4, 2.0, 1.4, 2.2, 0.95, 1.5, 0.85, 0.9, 0.95, 0.7, 0.55, 1.4, 0.75, 0.8, 0.9, 1.8, 0.8, 1.2, 1.0, 1.9, 1.5, 1.0, 0.85, 0.75, 0.75, 2.2, 0.9, 0.95, 1.8, 1.6, 1.8, 0.9, 2.1, 1.6, 1.3, 2.3, 2.0, 1.2, 0.95, 0.35, 0.85, 1.4, 1.2, 1.6, 0.3, 1.0, 1.9, 0.95, 1.4, 1.4, 2.2, 1.7, 0.95, 0.85, 1.4, 1.2, 2.0, 2.0, 0.75, 1.0, 0.45, 2.0, 0.5, 2.2, 2.0, 2.1, 2.2, 1.6, 0.75, 2.6, 0.7, 1.2, 1.4, 1.2, 1.6, 0.95, 1.2, 2.2, 1.0, 0.95, 0.95, 0.6, 1.6, 0.5, 0.7, 1.8, 1.3, 0.95, 0.7, 1.2, 0.6, 1.2, 0.7, 1.0, 2.3, 1.0, 0.45, 0.35, 0.9, 1.7, 1.2, 0.85, 1.6, 0.85, 0.95, 1.8, 2.0, 1.2, 1.8, 2.4, 2.0, 1.1, 2.0, 0.85, 1.0, 1.0, 1.4, 1.8, 0.85, 0.8, 1.8, 1.4, 1.2, 0.8, 1.8, 1.6, 1.2, 0.7, 1.2, 1.2, 2.2, 2.2, 0.7];[0.02454918, -0.01813356, -0.0951805, 0.11312078, -0.07702498, -0.04702579, -0.11963254, -0.51877705, -0.27482137, 0.04664969, 0.06195538, 0.04885129, 0.00641295, 0.00549043, 0.2, 0.1, 0.5, 0.1, 0.08254449, -0.32754161, -0.36822946, -0.62539772, -0.13095694, -0.08277336, -0.06712065, -0.29892618, -0.2652424, 0.02262815, 0.05269333, 0.03763749, -0.0342876, -0.03442973, -0.2, 0.2, 0.2, -0.2, 0.08563311, 0.04736366, 0.16697339, -0.12118196, 0.09177532, 0.10362763, 0.07636414, -0.38544772, 0.03122935, 0.06427268, 0.02791004, 0.0634242, 0.11171314, 0.11077794, 0.2, 0.4, 0.0, 0.0];0.06170469999779016;0.04107340006157756
[2.9378512, -2.0, 0.96811391, 0.98346261, 0.98627468];False;[0.9, 0.95, 1.6, 0.65, 2.0, 0.65, 1.6, 1.7, 1.6, 0.9, 2.0, 1.0, 1.2, 1.6, 1.6, 1.8, 2.0, 1.4, 2.2, 0.95, 1.4, 0.8, 0.85, 1.4, 0.6, 0.6, 1.6, 1.3, 0.8, 0.85, 1.6, 1.0, 1.2, 0.75, 0.85, 2.2, 0.75, 0.55, 0.5, 0.6, 1.8, 1.0, 0.8, 1.4, 0.85, 0.7, 2.1, 1.8, 1.1, 1.4, 2.6, 1.8, 1.4, 2.1, 0.65, 0.95, 1.4, 1.2, 1.3, 1.2, 0.45, 1.9, 0.95, 1.4, 1.8, 2.0, 1.6, 1.2, 1.0, 1.4, 1.2, 1.7, 2.2, 0.85, 1.5, 0.35, 1.2, 0.75, 1.8, 0.6, 1.8, 1.8, 1.4, 0.85, 2.2, 1.3, 1.2, 1.8, 1.2, 1.8, 1.0, 1.8, 2.3, 1.4, 1.0, 0.8, 0.65, 1.4, 0.65, 0.55, 1.9, 0.85, 1.0, 0.5, 0.95, 0.8, 1.2, 0.9, 0.6, 1.8, 0.65, 0.5, 0.7, 0.85, 1.7, 0.95, 0.8, 1.9, 0.95, 1.8, 1.6, 1.8, 1.1, 1.6, 2.3, 2.0, 1.6, 0.9, 0.9, 0.75, 1.6, 1.9, 1.8, 0.75, 0.75, 1.6, 1.2, 1.6, 0.85, 1.8, 1.2, 1.0, 1.2, 1.6, 1.7, 2.2, 2.4, 0.9, 0.95, 0.3, 1.4, 0.65, 1.5, 0.6, 2.1, 2.0, 1.1, 0.85, 1.8, 1.2, 1.6, 1.6, 1.6, 1.6, 1.6, 1.6, 1.6, 0.95, 0.9, 0.95, 0.55, 1.4, 0.85, 0.95, 1.3, 0.7, 0.65, 1.0, 1.8, 1.2, 1.6, 0.85, 0.85, 1.5, 0.95, 0.45, 0.8, 1.2, 2.0, 1.0, 0.9, 1.6, 0.85, 2.0, 1.6, 1.8, 1.8, 1.4, 2.6, 1.8, 1.2, 1.0, 0.85, 0.7, 0.95, 1.9, 1.8, 0.45, 0.8, 1.8, 1.2, 1.4, 0.9, 2.3, 1.4, 0.95, 0.8, 1.2, 0.95, 2.0, 2.6, 0.8];[0.02681369, 0.08910971, 0.10474777, 0.03743545, -0.0768236, -0.14763055, -0.30221297, -0.22107464, -0.00497022, 0.0348037, 0.05239161, 0.06622065, 0.0771884, 0.07745648, 0.4, 0.2, -0.2, 0.2, 0.03250897, -0.14614649, -0.22820933, -0.13727139, 0.05719078, 0.06477831, 0.07585301, -0.55078761, -0.54498285, 0.0333193, 0.03579118, 0.06075164, -0.03226995, -0.03383193, 0.6, 0.6, -0.4, -0.4, 0.10322886, 0.04321353, 0.14396192, -0.10895058, 0.0076943, 0.00177785, -0.02682123, -0.61459086, -0.14965427, 0.03838406, 0.03231013, 0.05479227, 0.00055285, 0.00082576, 0.0, 0.0, 0.2, 0.2];0.05661660002078861;0.033772399998269975
[2.8666621, -1.0, 0.97432283, 0.95580184, 0.93653744];False;[0.95, 0.5, 2.0, 0.6, 2.0, 1.0, 2.0, 2.3, 1.6, 0.7, 2.3, 0.9, 1.2, 1.6, 1.6, 1.4, 1.0, 1.2, 1.5, 1.2, 1.0, 0.75, 1.0, 2.1, 0.6, 0.55, 1.4, 0.8, 0.65, 0.95, 1.8, 1.2, 1.4, 0.9, 0.6, 1.6, 0.8, 0.75, 0.65, 0.6, 2.0, 0.95, 0.95, 1.6, 0.9, 0.95, 0.95, 1.8, 1.6, 2.1, 2.0, 1.7, 1.2, 2.0, 0.85, 0.8, 0.95, 1.9, 1.8, 0.75, 0.5, 1.4, 1.4, 1.2, 0.7, 1.8, 1.2, 1.6, 1.4, 1.6, 1.6, 1.8, 2.3, 0.8, 1.4, 0.5, 1.4, 0.75, 1.6, 0.75, 2.0, 2.2, 1.7, 1.2, 1.7, 0.95, 1.1, 1.9, 1.4, 1.6, 1.4, 1.8, 1.6, 1.2, 1.0, 1.1, 0.7, 0.95, 0.45, 0.75, 1.8, 1.3, 0.9, 0.7, 0.9, 0.85, 0.95, 1.2, 0.9, 1.6, 0.8, 0.45, 0.75, 0.7, 1.8, 0.95, 0.9, 1.6, 1.4, 0.75, 1.8, 1.8, 1.8, 2.1, 2.3, 2.3, 1.6, 0.9, 0.5, 0.9, 1.6, 1.4, 1.3, 0.3, 0.65, 1.6, 1.5, 1.4, 1.2, 2.2, 1.4, 1.2, 0.95, 1.4, 1.2, 1.8, 2.6, 1.3, 1.4, 0.7, 1.1, 0.75, 1.8, 2.0, 1.4, 2.2, 1.1, 0.85, 1.8, 0.75, 1.1, 1.6, 1.4, 1.6, 1.8, 1.1, 2.2, 0.95, 1.2, 0.9, 0.65, 1.6, 0.65, 0.8, 1.3, 1.0, 0.7, 0.9, 1.0, 0.7, 0.95, 1.2, 1.2, 2.0, 0.9, 0.45, 0.45, 0.8, 2.2, 1.0, 0.7, 1.6, 1.2, 1.8, 0.95, 1.6, 1.6, 1.6, 2.3, 1.7, 1.6, 0.95, 0.6, 0.75, 1.0, 1.6, 1.4, 0.5, 0.3, 1.3, 1.2, 1.2, 0.75, 1.8, 1.6, 1.0, 1.4, 1.8, 1.2, 1.7, 2.3, 0.7];[0.03481547, 0.03703756, -0.09570054, 0.16653123, 0.1445402, 0.12601623, 0.19439883, -0.13052485, 0.12935649, 0.03989474, 0.04142788, 0.01940801, -0.05689785, -0.05793459, 0.4, -0.2, 0.0, 0.4, 0.00191892, -0.22387948, -0.35361698, -0.34674016, -0.01991424, -0.01294498, -0.03752238, -0.28045883, -0.2567988, 0.0195101, 0.03821481, 0.04574521, -0.08544683, -0.08737942, 0.8, 0.2, -0.3, 0.0, 0.08613925, 0.0105208, 0.08050819, -0.17345425, -0.21586475, -0.18407691, -0.11910726, -0.47534442, -0.1448439, 0.04237786, 0.06470359, 0.07151122, -0.01586051, -0.01636028, 0.5, 0.2, -0.1, 0.2];0.05969870008993894;0.028395600034855306
[2.90217823, -2.0, 0.96817056, 0.96478795, 0.96921971];False;[1.0, 0.9, 1.8, 0.65, 1.5, 0.65, 1.3, 1.8, 1.6, 0.85, 2.2, 1.2, 1.7, 1.6, 1.4, 1.6, 1.0, 1.9, 2.2, 1.0, 1.0, 0.55, 1.2, 2.0, 0.35, 0.55, 1.4, 0.7, 0.75, 1.4, 1.2, 0.95, 0.95, 1.0, 1.0, 2.0, 0.9, 0.7, 0.9, 0.75, 1.7, 0.9, 0.6, 1.8, 0.7, 2.0, 1.2, 1.4, 1.1, 2.1, 2.3, 1.8, 1.2, 1.8, 0.4, 0.9, 1.7, 1.2, 1.4, 0.6, 0.75, 1.8, 0.95, 1.1, 1.6, 2.2, 1.1, 1.6, 2.1, 1.6, 0.95, 2.0, 2.2, 1.2, 0.95, 0.6, 1.1, 0.4, 2.2, 1.6, 2.1, 1.7, 1.4, 1.5, 2.4, 0.8, 1.2, 1.4, 1.4, 1.4, 2.0, 1.9, 1.8, 1.4, 1.0, 0.95, 1.0, 1.6, 0.45, 0.45, 1.3, 0.95, 1.0, 0.55, 1.4, 0.6, 1.0, 1.2, 0.6, 2.3, 0.7, 0.8, 0.35, 0.8, 2.3, 1.4, 0.95, 1.3, 1.4, 0.95, 2.1, 1.6, 1.4, 1.8, 2.4, 2.0, 1.1, 1.2, 0.4, 0.85, 0.95, 1.4, 1.6, 0.6, 0.45, 1.4, 1.4, 1.2, 1.8, 2.2, 1.4, 1.4, 1.8, 1.9, 1.4, 2.3, 2.0, 0.55, 0.95, 0.7, 1.8, 0.4, 2.2, 0.95, 1.4, 1.7, 1.2, 0.9, 2.4, 0.6, 1.7, 1.8, 1.4, 1.4, 1.2, 1.1, 1.8, 0.95, 0.9, 0.75, 0.85, 1.0, 0.55, 0.9, 1.8, 1.2, 0.65, 0.95, 1.0, 0.9, 0.95, 0.7, 0.8, 2.0, 0.65, 0.75, 0.9, 0.8, 2.0, 1.0, 0.75, 1.4, 0.75, 1.4, 1.4, 2.0, 1.1, 1.8, 2.4, 1.8, 1.7, 0.95, 0.4, 1.0, 1.4, 1.6, 1.4, 1.0, 0.85, 1.6, 1.5, 1.2, 0.95, 1.7, 1.6, 1.6, 2.0, 1.2, 1.0, 2.0, 2.4, 0.95];[0.02941839, -0.03622367, -0.13020619, 0.09630195, -0.07944268, -0.10249422, -0.24271644, -0.32672476, -0.07127976, 0.03626118, 0.05663791, 0.03517237, -0.02630092, -0.02730432, -0.1, 0.2, 0.6, 0.3, 0.02058843, -0.12896259, -0.26234083, -0.09718266, -0.01399201, 0.01418712, 0.01356886, -0.3969017, -0.24513504, 0.0295395, 0.03972994, 0.03853503, -0.02577086, -0.02703759, 0.2, 0.0, 0.0, 0.2, 0.09327933, -0.00155912, 0.1518591, -0.11493685, -0.12300488, -0.08572591, -0.08784238, -0.36951603, -0.16891293, 0.07258066, 0.03233318, 0.06685639, 0.1120412, 0.11148247, 0.1, 0.0, 0.5, 0.2];0.06453990004956722;0.035390299977734685
[2.89784509, -2.0, 0.922306, 0.94546665, 1.03007245];False;[1.2, 0.45, 1.8, 0.6, 1.6, 0.65, 2.1, 2.2, 1.2, 0.75, 2.2, 0.7, 1.6, 1.4, 1.2, 1.3, 1.2, 1.6, 1.6, 1.4, 0.95, 0.65, 0.75, 0.95, 0.75, 0.8, 1.8, 0.9, 1.0, 0.55, 0.9, 0.65, 0.9, 0.9, 0.9, 1.8, 0.7, 0.8, 0.4, 0.85, 1.7, 1.6, 0.65, 1.4, 1.0, 1.0, 2.0, 2.0, 1.8, 2.0, 2.2, 2.2, 1.4, 1.0, 0.6, 0.75, 0.95, 1.2, 1.9, 0.55, 0.7, 1.6, 1.2, 1.1, 1.0, 2.2, 1.6, 0.95, 0.9, 1.6, 0.9, 1.8, 2.2, 0.9, 1.4, 0.3, 1.8, 0.55, 2.0, 0.95, 1.3, 2.3, 1.6, 0.8, 2.6, 0.7, 1.2, 1.8, 1.4, 1.3, 0.9, 1.6, 1.5, 0.9, 1.0, 0.9, 0.75, 1.4, 0.8, 0.55, 1.6, 0.65, 0.95, 1.2, 1.8, 0.95, 1.2, 0.7, 1.6, 1.6, 0.85, 0.3, 0.8, 0.9, 2.0, 1.4, 0.65, 1.4, 0.9, 0.85, 1.4, 1.4, 1.6, 2.0, 2.4, 1.8, 1.1, 1.8, 0.45, 0.8, 1.4, 1.4, 1.4, 0.65, 0.85, 1.3, 1.2, 1.4, 0.9, 1.8, 1.7, 1.0, 0.95, 1.6, 0.9, 2.2, 2.3, 0.65, 1.0, 0.65, 1.8, 0.95, 2.3, 0.65, 1.4, 2.2, 1.4, 0.8, 1.8, 0.5, 1.4, 1.4, 1.2, 1.9, 1.4, 1.8, 2.3, 1.5, 1.0, 0.55, 0.8, 1.0, 0.65, 0.7, 1.8, 0.8, 0.8, 1.7, 1.2, 1.3, 1.6, 0.7, 1.2, 1.8, 0.65, 0.7, 0.75, 0.85, 2.0, 1.7, 0.6, 1.4, 1.7, 0.7, 1.2, 2.0, 1.2, 1.4, 2.2, 2.0, 1.4, 1.4, 0.65, 0.75, 1.6, 1.6, 1.9, 0.45, 0.75, 1.8, 1.0, 1.6, 1.6, 2.0, 1.2, 1.6, 0.7, 1.4, 1.2, 1.8, 2.6, 0.7];[0.03647167, -0.03787522, -0.17651685, 0.01680258, -0.18241109, -0.16165455, -0.21742215, -0.38946407, -0.08176539, 0.03658818, 0.034242, 0.00719984, -0.09753871, -0.09914332, -0.2, 0.1, 0.5, 0.1, 0.01823401, -0.13826414, -0.23336192, -0.23136217, 0.1596076, 0.11454776, 0.04872652, -0.1521707, 0.026903, 0.02593326, 0.03027281, 0.04910072, -0.0581213, -0.05940365, 0.6, -0.1, -0.2, 0.0, 0.11911088, 0.03134103, 0.06847933, 0.0373707, 0.08939089, 0.0518493, 0.05102134, -0.45285063, -0.04155448, 0.05351278, 0.03763721, 0.06742561, 0.06245197, 0.06294564, 0.0, 0.7, -0.2, -0.4];0.051882200059480965;0.03035509993787855
[2.9273221, -2.0, 0.93391779, 0.97339061, 1.0200137];False;[1.2, 0.55, 1.8, 0.65, 1.6, 0.9, 2.1, 2.0, 1.1, 1.0, 2.0, 0.6, 1.2, 1.3, 1.7, 1.9, 1.6, 1.8, 1.8, 0.95, 0.9, 0.85, 0.7, 0.9, 0.45, 0.75, 1.6, 0.85, 0.6, 1.2, 1.0, 0.7, 0.95, 0.8, 0.8, 1.8, 0.7, 0.55, 0.65, 0.8, 2.2, 1.0, 0.95, 1.8, 1.7, 0.85, 1.8, 2.0, 1.2, 1.8, 2.4, 1.8, 1.4, 2.0, 0.8, 0.75, 1.4, 1.9, 1.3, 0.8, 0.75, 1.6, 0.95, 1.4, 1.4, 1.7, 1.7, 1.6, 0.85, 1.4, 1.7, 2.0, 2.0, 0.65, 0.95, 0.75, 1.8, 0.55, 1.8, 0.95, 2.0, 1.8, 1.1, 0.75, 2.3, 0.6, 1.4, 1.6, 1.2, 1.8, 1.8, 1.6, 2.0, 1.2, 1.2, 0.55, 0.5, 1.6, 0.75, 0.9, 1.8, 1.0, 0.65, 1.0, 0.95, 0.7, 0.95, 1.0, 0.4, 1.6, 0.65, 0.85, 0.6, 0.95, 2.3, 1.2, 0.95, 1.4, 1.6, 2.0, 1.8, 1.8, 1.2, 2.0, 2.2, 2.0, 1.6, 1.6, 0.75, 0.95, 1.2, 1.6, 1.4, 0.9, 0.5, 1.4, 1.4, 1.6, 0.95, 2.3, 1.7, 1.2, 1.2, 1.2, 1.4, 2.3, 2.6, 0.5, 1.2, 0.55, 2.1, 0.65, 1.6, 2.0, 1.8, 2.0, 1.6, 0.85, 2.0, 0.9, 1.4, 1.6, 1.6, 1.4, 1.0, 1.6, 2.0, 1.4, 1.0, 0.95, 0.85, 1.2, 0.55, 0.95, 1.3, 0.8, 0.8, 0.95, 0.95, 0.75, 1.0, 1.3, 0.75, 2.2, 1.0, 0.85, 0.75, 0.7, 1.8, 0.95, 0.9, 1.4, 0.95, 1.2, 1.4, 1.3, 1.6, 2.1, 2.4, 2.3, 1.4, 0.9, 0.3, 0.8, 1.6, 1.6, 1.8, 0.7, 0.65, 1.3, 1.2, 1.7, 1.8, 2.3, 1.7, 1.6, 1.6, 1.2, 1.0, 2.2, 2.0, 1.0];[0.04652889, -0.0467441, -0.09113663, 0.11977605, -0.26742563, -0.20878911, -0.30867547, -0.03752096, 0.1456553, 0.03861422, 0.04648586, 0.03049504, -0.01528641, -0.0160689, 0.1, 0.2, -0.2, 0.3, 0.09629644, -0.09356033, -0.16849993, -0.21075419, -0.11966407, -0.06055803, -0.04066026, -0.18556987, -0.15399629, 0.0434652, 0.04819385, 0.04308121, 0.02934875, 0.02871388, 0.2, 0.6, -0.2, -0.4, 0.10882239, 0.19411752, 0.21126375, 0.17881058, 0.18846826, 0.15485511, 0.08503737, -0.17379359, -0.01804373, 0.06406421, 0.06376698, 0.06975975, 0.0643871, 0.06349182, 0.2, -0.2, -0.3, -0.1];0.04869920003693551;0.03493289998732507
[2.93542448, -4.0, 0.94187244, 0.95271264, 1.0408394];False;[1.4, 0.75, 1.4, 0.6, 1.6, 0.75, 2.0, 2.0, 1.2, 0.9, 1.8, 1.0, 1.6, 1.6, 1.6, 1.6, 2.0, 1.8, 2.3, 1.4, 1.2, 0.9, 0.75, 1.2, 0.45, 0.5, 1.6, 0.9, 0.95, 0.5, 1.0, 0.85, 1.2, 0.75, 1.4, 1.6, 0.7, 0.8, 0.9, 0.85, 2.0, 1.0, 0.55, 1.4, 0.8, 0.95, 1.4, 1.6, 1.2, 1.3, 2.0, 1.7, 1.4, 1.2, 0.85, 0.65, 1.4, 1.2, 1.4, 0.6, 0.35, 1.8, 1.4, 1.4, 0.85, 2.0, 1.4, 1.0, 1.0, 1.8, 1.0, 1.8, 2.4, 0.75, 1.4, 0.35, 1.4, 0.6, 1.5, 0.8, 1.6, 2.3, 1.4, 1.0, 1.8, 1.0, 1.4, 1.4, 1.7, 1.4, 1.6, 1.4, 2.3, 1.5, 1.4, 0.55, 0.5, 2.0, 0.4, 0.65, 1.8, 0.8, 1.2, 0.5, 0.95, 1.0, 0.95, 1.0, 0.9, 2.3, 0.65, 0.85, 0.75, 0.95, 2.2, 1.4, 0.55, 1.4, 1.2, 1.6, 0.95, 1.4, 1.6, 1.6, 2.2, 1.8, 1.6, 0.95, 0.5, 0.85, 1.7, 1.8, 1.9, 0.65, 0.35, 1.8, 0.9, 1.2, 0.85, 2.3, 1.6, 0.9, 0.85, 1.2, 0.95, 2.0, 2.2, 0.7, 1.5, 0.6, 2.0, 0.95, 1.5, 0.65, 2.0, 2.2, 1.2, 1.5, 1.8, 1.2, 1.7, 1.6, 1.2, 1.8, 1.0, 1.8, 1.5, 1.4, 1.0, 0.8, 0.8, 1.2, 0.7, 0.7, 1.3, 0.95, 0.9, 0.45, 1.8, 0.65, 1.4, 0.95, 1.8, 2.2, 1.2, 0.85, 0.75, 0.75, 2.0, 1.6, 0.5, 1.4, 0.85, 0.95, 1.2, 1.8, 1.2, 2.0, 2.0, 2.2, 1.6, 0.9, 0.8, 0.8, 1.2, 1.2, 1.6, 0.55, 0.9, 1.9, 0.95, 1.2, 2.0, 2.2, 1.4, 1.6, 0.9, 1.6, 0.95, 2.2, 2.4, 1.2];[0.02479535, 0.06275517, 0.02952296, 0.02617707, -0.29019669, -0.30007943, -0.48844004, -0.63718077, -0.39201588, 0.03322328, 0.04451204, 0.0211377, -0.06988563, -0.07045068, 0.0, 0.0, 0.2, 0.2, 0.03760001, -0.20515806, -0.27404484, -0.45299408, 0.07018084, 0.04763198, 0.01943403, -0.38997469, -0.18936267, 0.0260666, 0.02949784, 0.04172328, -0.03717295, -0.03832829, 0.0, -0.3, 0.2, 0.5, 0.09289541, -0.02175119, -0.00014748, -0.01041484, 0.00103137, 0.02256721, -0.00854374, -0.39466549, -0.13046606, 0.07258991, 0.06034747, 0.07521455, 0.08874003, 0.08892955, -0.1, 0.6, 0.5, 0.0];0.055683700018562376;0.032212399994023144
[2.98386679, -3.0, 1.01606573, 0.96730727, 1.00049379];False;[1.2, 0.6, 2.0, 1.0, 2.0, 1.6, 1.4, 2.3, 1.4, 0.75, 2.3, 0.9, 1.6, 1.8, 1.6, 1.6, 2.0, 1.9, 1.6, 1.0, 1.4, 0.7, 0.5, 1.4, 0.8, 0.4, 1.8, 0.9, 1.0, 0.75, 1.8, 0.8, 0.95, 0.85, 0.9, 2.0, 1.0, 0.8, 0.6, 1.2, 2.2, 0.9, 1.0, 1.8, 1.0, 0.75, 1.0, 1.8, 1.8, 1.8, 2.4, 2.2, 1.6, 1.0, 0.55, 0.7, 1.4, 1.8, 1.8, 0.35, 0.55, 1.3, 1.5, 1.1, 0.9, 2.2, 1.2, 1.4, 2.0, 1.8, 1.2, 1.7, 2.6, 1.2, 0.95, 0.55, 1.1, 0.6, 1.6, 0.65, 2.0, 2.3, 1.4, 0.75, 2.0, 0.55, 1.6, 1.6, 1.1, 1.3, 2.0, 1.9, 1.8, 1.5, 1.2, 1.0, 0.8, 2.0, 0.6, 0.8, 1.8, 0.95, 0.9, 0.75, 1.8, 1.2, 1.0, 1.0, 0.55, 2.0, 0.8, 0.35, 0.85, 1.0, 1.8, 1.2, 0.95, 1.8, 1.7, 0.85, 1.2, 1.6, 1.6, 1.4, 2.0, 1.8, 1.2, 0.95, 0.6, 0.95, 0.95, 1.4, 1.8, 1.0, 0.75, 1.8, 0.95, 1.1, 0.75, 2.3, 1.4, 1.0, 0.8, 1.9, 0.9, 1.8, 2.3, 0.95, 1.0, 0.45, 2.0, 0.5, 2.0, 2.0, 2.0, 2.0, 1.6, 0.8, 2.4, 1.0, 1.2, 1.3, 1.4, 1.8, 0.95, 1.9, 1.8, 1.5, 1.4, 0.65, 0.7, 1.2, 0.45, 0.55, 1.3, 0.9, 0.9, 1.4, 0.9, 0.95, 1.7, 1.0, 1.6, 1.8, 0.8, 0.45, 0.35, 1.0, 2.3, 1.4, 1.1, 1.4, 0.95, 2.0, 2.0, 1.6, 1.8, 1.8, 2.2, 2.2, 1.2, 1.2, 0.85, 0.75, 1.4, 1.2, 1.8, 0.45, 0.4, 1.8, 1.2, 1.4, 0.85, 2.0, 1.2, 1.4, 0.95, 1.2, 1.2, 2.3, 2.3, 0.95];[0.02491733, 0.18202914, 0.06285596, 0.22316662, -0.06186811, -0.06088344, -0.06094302, -0.51127838, -0.3927711, 0.0507619, 0.05065288, -0.00107411, -0.10244042, -0.10462651, 0.2, 0.0, 0.5, 0.5, -0.00221689, -0.25389064, -0.37928852, -0.44629575, 0.04511, 0.02256768, 0.00047977, -0.69612646, -0.4029415, 0.03654594, 0.04002614, 0.04753707, -0.00055538, -0.00159442, 0.0, 0.2, 0.5, 0.0, 0.0881377, 0.05691772, 0.0912517, -0.04188353, 0.12366672, 0.11637384, 0.07767602, -0.45047933, -0.01437325, 0.03865744, 0.04075488, 0.05657042, 0.00467903, 0.00378971, 0.1, 0.4, -0.2, 0.0];0.05799909995403141;0.03486369992606342
[2.99845901, -4.0, 0.95746181, 0.98208891, 1.0589083];False;[1.2, 0.7, 1.4, 0.8, 1.6, 1.2, 2.1, 2.2, 1.2, 1.2, 2.4, 0.85, 1.6, 1.4, 1.6, 1.6, 1.6, 1.6, 1.5, 0.9, 0.95, 0.75, 0.65, 1.4, 0.7, 0.45, 1.4, 0.75, 0.85, 0.7, 1.6, 0.9, 1.0, 0.9, 0.75, 1.6, 0.85, 0.6, 0.75, 1.2, 2.2, 1.2, 0.5, 1.4, 1.2, 1.2, 2.0, 2.0, 1.2, 1.4, 2.2, 1.8, 1.4, 1.0, 0.35, 0.9, 1.0, 1.6, 1.8, 0.65, 0.4, 1.8, 1.2, 1.2, 1.2, 2.2, 1.7, 0.95, 0.8, 1.4, 0.95, 2.3, 2.2, 0.8, 1.0, 0.8, 1.6, 0.7, 1.8, 0.65, 2.1, 2.0, 1.2, 0.7, 1.8, 1.2, 1.7, 1.8, 1.2, 1.6, 1.6, 1.4, 1.8, 1.0, 1.5, 0.95, 0.75, 2.0, 0.7, 0.65, 1.4, 0.65, 0.7, 1.0, 1.2, 0.65, 1.6, 1.0, 0.45, 1.8, 0.75, 0.55, 0.65, 0.6, 2.2, 1.7, 0.7, 1.9, 1.4, 0.85, 1.6, 1.6, 1.4, 1.4, 2.2, 1.7, 1.6, 0.95, 0.6, 0.85, 1.2, 1.6, 1.6, 1.0, 0.9, 1.8, 1.0, 1.7, 1.4, 2.2, 1.1, 1.6, 2.0, 1.8, 1.2, 2.2, 2.3, 0.7, 1.2, 0.4, 1.2, 0.8, 1.8, 1.2, 1.8, 2.0, 1.2, 1.0, 1.7, 0.85, 1.2, 1.9, 1.6, 1.8, 1.2, 1.6, 2.3, 1.5, 1.4, 0.65, 1.2, 0.95, 0.9, 0.55, 1.4, 0.75, 1.2, 1.7, 1.0, 0.7, 0.9, 1.0, 0.95, 2.3, 0.9, 0.75, 0.8, 0.8, 2.0, 1.6, 0.7, 1.9, 1.0, 1.6, 1.4, 2.1, 1.4, 1.3, 2.3, 2.0, 1.6, 1.4, 0.75, 1.2, 1.4, 1.8, 1.8, 0.5, 0.65, 1.8, 0.95, 1.2, 1.8, 2.2, 1.6, 0.9, 0.75, 1.8, 1.6, 2.0, 2.3, 0.95];[0.04428889, 0.00827339, -0.02722718, -0.02507827, -0.13625162, -0.07723832, -0.14366796, -0.47865395, -0.3039046, 0.0362796, 0.03357983, 0.01942319, -0.05690475, -0.05795258, -0.2, 0.0, 0.4, 0.4, 0.07124479, -0.22419972, -0.27914091, -0.06289387, -0.04569403, -0.02013133, -0.01848614, -0.59272838, -0.39280883, 0.04719507, 0.05020006, 0.04740419, 0.02182578, 0.02131112, 0.1, 0.4, 0.0, -0.5, 0.07983987, 0.33192449, 0.39997271, 0.06895092, -0.05126644, -0.03193034, 0.03762502, -0.53986388, -0.04044619, 0.05610483, 0.06748958, 0.0858106, 0.03540288, 0.03503322, 0.7, 0.2, 0.0, 0.4];0.05009029991924763;0.026903899968601763
[2.93234371, -2.0, 0.93454987, 0.98602435, 1.01176949];False;[0.95, 0.55, 1.2, 0.55, 1.5, 1.4, 1.8, 2.2, 1.2, 0.8, 2.6, 0.6, 1.7, 1.4, 1.2, 1.9, 2.0, 1.8, 1.8, 1.2, 1.0, 0.7, 0.75, 0.9, 0.55, 0.85, 1.6, 1.2, 0.7, 0.75, 0.95, 1.2, 1.0, 1.3, 1.4, 2.0, 0.65, 0.45, 0.9, 0.85, 2.3, 1.4, 0.75, 1.4, 0.8, 0.95, 1.6, 1.4, 1.1, 1.3, 2.4, 1.8, 1.4, 1.8, 0.7, 0.95, 0.9, 1.8, 1.3, 0.35, 0.9, 1.6, 1.0, 1.6, 1.2, 2.3, 1.7, 1.6, 1.6, 1.4, 1.4, 1.8, 2.0, 0.85, 1.2, 0.5, 1.8, 0.7, 1.5, 1.0, 1.4, 2.2, 1.4, 0.85, 2.3, 0.6, 1.2, 1.9, 1.4, 1.8, 1.8, 1.6, 2.2, 0.9, 1.4, 0.9, 1.0, 1.6, 0.7, 0.65, 1.4, 0.9, 0.9, 0.6, 1.0, 0.65, 1.2, 0.95, 0.45, 2.0, 0.8, 0.7, 0.85, 0.8, 2.2, 0.9, 0.85, 1.6, 0.75, 0.95, 1.4, 1.3, 1.8, 1.8, 2.3, 2.0, 1.4, 1.4, 0.75, 0.95, 1.0, 1.2, 1.8, 0.95, 0.65, 1.3, 1.4, 1.2, 1.2, 2.0, 1.6, 1.4, 0.95, 1.1, 1.4, 2.2, 2.3, 0.9, 1.2, 0.95, 1.8, 0.7, 2.2, 1.6, 2.0, 2.2, 1.4, 0.95, 1.8, 0.85, 1.4, 1.6, 1.2, 1.6, 1.4, 1.4, 1.8, 0.9, 1.2, 0.6, 0.75, 1.6, 0.4, 0.4, 1.8, 0.8, 0.8, 0.6, 1.9, 1.0, 1.4, 1.2, 0.75, 2.0, 1.2, 0.6, 0.65, 0.65, 2.2, 0.9, 0.7, 1.8, 1.6, 0.85, 2.1, 1.4, 1.9, 1.3, 2.6, 2.2, 1.7, 1.8, 0.75, 0.65, 1.4, 1.9, 1.8, 0.95, 0.7, 1.8, 1.2, 1.1, 0.8, 2.2, 1.6, 0.9, 0.75, 1.4, 1.6, 1.7, 2.2, 0.65];[0.03443258, -0.00324313, -0.05169743, 0.12410556, -0.17196344, -0.19620447, -0.35252322, -0.51568839, -0.15873192, 0.02946649, 0.04564294, 0.00639954, -0.09451489, -0.09622078, -0.3, 0.7, 0.1, -0.4, -0.03553004, -0.11409585, -0.19183981, -0.45828354, 0.0334082, 0.04821475, 0.05184023, -0.21400635, -0.08882636, 0.04686575, 0.03917838, 0.06540423, 0.0063169, 0.00572571, 0.7, 0.4, 0.0, 0.2, 0.09815414, -0.08637619, 0.03390349, -0.06980515, 0.04354278, 0.00231885, 0.06787911, -0.37688486, 0.02762124, 0.0736845, 0.03796766, 0.0780504, 0.14125422, 0.14083487, 0.2, 0.4, 0.3, 0.1];0.052476099925115705;0.031568200094625354
[2.84775958, -4.0, 0.93763162, 0.92060351, 0.98952445];False;[1.4, 0.6, 2.1, 0.7, 2.3, 1.6, 1.8, 1.8, 1.1, 0.85, 1.8, 0.55, 1.6, 1.9, 1.1, 1.3, 1.8, 1.2, 2.0, 0.95, 0.9, 0.6, 0.6, 2.0, 0.65, 1.0, 1.3, 0.9, 0.9, 1.6, 1.0, 0.8, 1.6, 1.2, 0.7, 1.6, 0.9, 0.7, 0.75, 1.2, 2.0, 1.2, 0.75, 1.9, 0.8, 0.95, 1.8, 1.4, 1.4, 1.6, 2.6, 2.2, 1.6, 2.1, 0.3, 1.0, 1.2, 1.4, 1.3, 0.8, 1.0, 1.3, 0.95, 1.2, 0.95, 1.7, 1.6, 0.9, 0.85, 1.8, 0.9, 1.7, 2.4, 0.55, 1.2, 0.5, 2.0, 0.6, 2.2, 2.0, 1.3, 2.2, 1.2, 0.7, 2.3, 0.6, 1.4, 1.4, 1.2, 1.6, 1.6, 1.2, 1.6, 1.4, 1.4, 0.6, 0.6, 1.4, 0.5, 0.75, 1.6, 0.85, 0.7, 0.95, 1.9, 0.65, 1.0, 0.95, 0.6, 1.6, 0.7, 0.6, 0.5, 0.75, 2.0, 0.95, 0.85, 1.4, 1.6, 0.85, 0.95, 1.3, 1.9, 1.8, 2.4, 1.7, 1.4, 1.6, 0.8, 0.85, 1.2, 1.8, 1.4, 0.55, 0.4, 1.8, 1.4, 1.1, 1.4, 1.8, 1.6, 1.4, 0.95, 1.4, 0.95, 2.2, 2.2, 0.55, 1.4, 0.95, 1.6, 0.55, 1.6, 2.1, 1.4, 1.8, 1.4, 1.2, 2.4, 0.85, 1.6, 1.9, 1.6, 1.9, 1.4, 1.6, 1.8, 1.2, 1.0, 0.55, 1.0, 1.0, 0.75, 0.6, 1.4, 0.7, 0.7, 0.85, 1.8, 0.85, 1.2, 0.85, 0.6, 2.0, 0.95, 0.55, 0.3, 0.65, 1.8, 0.9, 1.0, 1.8, 0.85, 2.1, 1.8, 2.1, 1.4, 1.6, 2.2, 2.3, 1.6, 1.0, 0.4, 0.85, 1.2, 1.4, 1.6, 0.7, 0.5, 1.9, 1.0, 1.1, 1.0, 1.8, 1.6, 0.95, 1.6, 1.6, 1.0, 1.8, 2.4, 0.55];[0.04253152, -0.05994913, -0.09977139, -0.09072169, -0.22224306, -0.22407787, -0.38243614, -0.26742495, -0.15782333, 0.04135012, 0.05770463, 0.04283384, 0.00861671, 0.00787473, 0.3, 0.2, 0.4, -0.1, 0.02632673, -0.36294244, -0.44081289, -0.48977204, -0.04821968, -0.02806691, -0.04915078, -0.15300191, -0.05071138, 0.01563183, 0.03527252, 0.02833346, -0.06152782, -0.06226813, 0.0, 0.4, 0.3, 0.1, 0.08939658, 0.15616686, 0.21359881, -0.0388342, -0.06022156, -0.07572328, -0.07692846, -0.71062613, -0.3318201, 0.06603686, 0.05296894, 0.09464994, 0.05400471, 0.05342231, 0.3, 0.3, 0.5, 0.5];0.05339520005509257;0.028884700033813715
[2.94909709, -1.0, 0.95960816, 0.96669531, 1.02279362];False;[1.2, 0.5, 1.6, 0.55, 2.2, 0.9, 1.4, 2.3, 1.6, 0.7, 2.2, 0.65, 1.4, 1.6, 1.6, 1.4, 1.6, 1.6, 1.6, 0.95, 1.2, 0.75, 0.6, 1.8, 0.8, 0.6, 1.9, 1.2, 1.0, 0.85, 1.4, 1.3, 1.2, 0.7, 0.75, 1.8, 0.95, 0.55, 0.5, 0.6, 2.3, 1.6, 0.95, 1.4, 0.7, 0.85, 1.6, 1.8, 1.9, 1.3, 2.0, 1.8, 1.6, 1.2, 0.4, 0.9, 1.0, 1.6, 1.9, 0.4, 0.45, 1.8, 1.5, 1.1, 0.85, 1.7, 1.6, 0.95, 0.95, 1.8, 1.0, 2.0, 2.3, 1.2, 1.0, 0.9, 1.8, 0.8, 2.2, 0.5, 1.4, 2.2, 1.6, 1.4, 1.8, 0.85, 1.7, 1.3, 1.4, 1.9, 1.4, 1.4, 2.3, 1.0, 1.4, 0.65, 0.7, 0.95, 0.55, 0.4, 1.6, 0.95, 1.0, 0.8, 1.2, 1.0, 1.0, 1.0, 0.8, 1.8, 1.2, 0.3, 0.45, 0.65, 2.0, 1.4, 0.6, 1.4, 0.9, 2.0, 2.0, 1.6, 1.6, 2.0, 2.3, 2.2, 1.6, 1.0, 0.8, 1.0, 0.9, 1.9, 1.3, 0.35, 0.85, 1.9, 0.95, 1.2, 0.95, 2.3, 1.1, 0.95, 1.6, 1.6, 0.95, 2.2, 2.6, 0.8, 0.9, 0.65, 1.2, 0.45, 2.0, 2.0, 1.3, 1.8, 1.4, 1.4, 2.4, 1.2, 1.4, 1.6, 1.4, 1.8, 2.0, 1.4, 1.5, 1.2, 1.4, 0.65, 0.5, 0.9, 0.9, 0.65, 1.8, 0.9, 0.95, 0.5, 0.95, 0.95, 1.6, 0.8, 0.9, 2.3, 0.75, 0.55, 0.4, 0.65, 1.8, 1.2, 0.8, 1.9, 1.6, 2.0, 2.0, 2.1, 1.4, 1.4, 2.3, 2.0, 1.7, 1.6, 0.8, 0.85, 1.2, 1.4, 1.4, 1.2, 1.1, 1.4, 1.2, 1.6, 1.2, 1.8, 1.4, 0.95, 0.75, 1.4, 1.6, 2.0, 2.2, 0.7];[0.03901133, 0.17378023, 0.10388977, 0.15529046, 0.0934969, 0.07402101, 0.08900286, -0.62834265, -0.23827925, 0.03134942, 0.02504859, -0.00304945, -0.13022734, -0.13179551, 0.2, -0.2, 0.3, 0.5, 0.0625764, -0.32173535, -0.36383696, -0.28284563, 0.09204685, 0.07053275, 0.02328147, -0.23886931, -0.24569467, 0.02671428, 0.05490499, 0.04170296, -0.03991606, -0.04121747, -0.4, 0.5, 0.5, 0.2, 0.09892271, 0.12076378, 0.28403807, -0.02171628, -0.09950109, -0.07029356, -0.00393152, -0.62381216, -0.10891817, 0.07776762, 0.07446809, 0.08046085, 0.15116443, 0.15063994, 0.2, 0.4, -0.2, -0.2];0.049199000000953674;0.02820049994625151
[2.93069795, -2.0, 0.95558089, 0.95752395, 1.01759311];False;[0.95, 0.5, 1.1, 0.55, 1.6, 0.85, 2.0, 2.2, 1.6, 1.5, 2.3, 0.85, 1.2, 1.4, 1.2, 1.6, 0.95, 1.4, 1.8, 1.2, 1.2, 0.7, 0.55, 1.6, 0.9, 0.65, 1.4, 1.3, 0.85, 1.0, 1.8, 0.85, 1.2, 0.85, 1.8, 2.3, 0.85, 0.65, 0.45, 1.0, 1.8, 0.9, 1.0, 1.4, 1.6, 1.0, 2.0, 1.6, 1.2, 2.1, 2.6, 2.0, 1.4, 0.95, 0.45, 0.8, 1.2, 1.6, 1.3, 0.95, 0.45, 1.8, 0.95, 1.4, 0.8, 1.8, 1.2, 1.4, 1.2, 1.1, 1.2, 2.0, 2.4, 0.75, 1.5, 0.35, 2.0, 0.5, 2.2, 0.85, 1.6, 2.0, 1.2, 0.95, 1.8, 0.9, 1.1, 1.3, 1.6, 1.4, 1.8, 1.6, 1.8, 1.0, 0.95, 0.8, 0.5, 2.0, 0.5, 0.9, 1.4, 0.65, 0.7, 0.7, 1.8, 0.65, 1.7, 0.9, 0.7, 2.2, 0.95, 0.4, 0.45, 0.75, 2.2, 0.95, 0.95, 1.8, 1.2, 1.2, 1.8, 1.4, 1.6, 1.8, 2.3, 2.3, 1.4, 1.8, 0.65, 0.7, 1.2, 1.1, 1.8, 1.2, 0.95, 1.6, 1.4, 1.4, 1.8, 1.8, 1.6, 1.7, 2.1, 1.8, 1.6, 2.0, 2.2, 0.75, 1.2, 0.85, 1.6, 0.65, 2.3, 1.0, 1.6, 2.2, 1.4, 1.4, 1.7, 0.6, 1.6, 1.9, 1.6, 1.8, 1.8, 1.1, 2.3, 0.9, 1.4, 0.7, 0.8, 1.4, 0.7, 0.5, 1.6, 0.85, 0.6, 1.2, 1.2, 1.0, 0.9, 0.7, 1.9, 1.6, 0.75, 0.7, 0.6, 0.8, 2.2, 1.6, 0.8, 1.8, 0.8, 2.0, 1.8, 1.6, 1.2, 2.0, 2.2, 2.0, 1.4, 1.6, 0.65, 0.95, 1.4, 1.8, 1.3, 0.8, 0.85, 1.9, 0.9, 1.1, 1.4, 1.8, 1.1, 1.0, 0.8, 1.2, 1.4, 2.3, 2.3, 0.9];[0.02196327, 0.04281972, 0.03754206, 0.00920224, -0.06295663, -0.10884642, -0.25711368, -0.27469321, -0.28064301, 0.03892941, 0.04529861, 0.03255527, -0.00492659, -0.00497814, 0.2, 0.4, -0.2, -0.2, 0.04562166, -0.10677916, -0.17706146, -0.06251328, 0.0236777, 0.03566083, 0.05530093, -0.4313371, -0.21923078, 0.04073714, 0.03270267, 0.02474068, 0.04212843, 0.04223332, 0.2, -0.2, -0.3, 0.2, 0.08499944, 0.00621298, 0.14993199, -0.09957052, -0.04933046, -0.0018947, 0.0015916, -0.21441034, 0.10869949, 0.07382922, 0.05008707, 0.08993835, 0.10562631, 0.10541275, 0.3, 0.2, 0.5, 0.5];0.06548240000847727;0.02681579999625683
[2.85373459, -4.0, 0.95558211, 0.92643208, 0.97172039];False;[1.4, 0.4, 1.8, 0.5, 2.3, 1.0, 2.0, 1.8, 1.6, 0.75, 1.7, 1.0, 1.4, 1.4, 1.2, 1.3, 1.6, 1.6, 1.8, 0.9, 1.5, 0.55, 1.2, 1.0, 0.4, 0.45, 1.6, 0.85, 0.95, 0.8, 1.9, 0.7, 1.4, 0.95, 0.85, 1.5, 0.95, 0.6, 0.85, 0.8, 2.2, 1.4, 1.0, 1.9, 0.8, 0.75, 1.6, 1.8, 1.9, 1.8, 2.2, 2.3, 1.2, 1.4, 0.45, 1.2, 1.4, 1.2, 1.4, 0.5, 1.1, 1.3, 1.0, 1.7, 1.6, 1.8, 1.2, 1.4, 2.0, 1.4, 0.95, 2.2, 2.3, 0.95, 1.0, 0.85, 1.4, 0.75, 1.6, 1.4, 1.4, 2.2, 1.1, 0.9, 2.3, 0.8, 1.7, 1.4, 1.2, 1.3, 1.6, 1.6, 2.2, 1.2, 1.0, 1.0, 0.9, 0.95, 0.7, 0.55, 1.3, 0.85, 0.65, 0.9, 1.4, 0.95, 1.4, 0.8, 1.8, 1.5, 0.7, 0.35, 0.45, 0.65, 1.7, 1.0, 1.0, 1.8, 0.75, 1.8, 0.95, 1.6, 1.1, 2.0, 2.3, 1.8, 1.2, 1.4, 0.75, 1.3, 1.2, 1.2, 1.4, 0.85, 0.95, 1.3, 0.95, 1.4, 0.9, 2.0, 1.4, 1.4, 1.8, 1.6, 1.0, 1.8, 2.0, 0.6, 1.4, 0.55, 1.6, 0.75, 2.2, 0.55, 1.6, 1.8, 1.2, 0.8, 1.7, 0.85, 1.4, 1.4, 1.4, 1.8, 1.2, 1.4, 1.6, 1.0, 0.95, 0.7, 0.7, 1.2, 0.6, 0.95, 1.4, 0.75, 0.6, 0.7, 1.4, 0.85, 0.95, 1.0, 0.6, 2.3, 0.6, 0.65, 0.6, 0.6, 2.0, 1.4, 0.7, 1.9, 1.2, 0.8, 1.4, 1.4, 1.6, 1.4, 2.3, 2.0, 1.2, 2.0, 0.7, 0.75, 1.2, 1.8, 1.8, 0.9, 1.0, 1.3, 1.2, 1.6, 0.95, 2.0, 1.6, 1.4, 2.0, 1.4, 0.95, 2.0, 2.2, 0.7];[0.04968722, -0.03681549, -0.06325799, 0.00637349, -0.09429186, -0.08740728, -0.20245962, -0.43480917, -0.05853862, 0.04817892, 0.04028235, 0.01624502, -0.07321955, -0.07477497, 0.0, 0.1, -0.3, -0.5, 0.06994256, -0.16095065, -0.28268562, -0.31703503, -0.10205932, -0.07840548, -0.08692569, -0.3287638, -0.37597893, 0.0305975, 0.05114821, 0.04920551, -0.00400802, -0.0047231, -0.3, 0.1, 0.3, -0.2, 0.13448439, -0.11506914, -0.01784358, -0.02157767, 0.05130209, 0.04956212, 0.0039048, -0.34151504, 0.09134748, 0.06847119, 0.06214275, 0.06832518, 0.10880494, 0.10852923, 0.0, 0.4, -0.2, -0.2];0.04514619999099523;0.027687800000421703
[2.94252013, -4.0, 0.95180398, 0.95859463, 1.03212151];False;[1.5, 0.75, 2.0, 0.9, 1.6, 2.0, 1.4, 1.8, 1.2, 1.0, 2.0, 0.55, 1.6, 1.6, 1.6, 1.8, 1.2, 1.8, 2.2, 0.95, 0.9, 0.55, 0.95, 1.2, 0.55, 0.95, 1.8, 0.65, 0.65, 0.65, 1.6, 1.0, 0.9, 0.95, 0.55, 1.8, 0.95, 0.4, 0.35, 0.95, 2.0, 1.0, 0.65, 1.3, 0.85, 0.75, 0.95, 2.0, 1.1, 1.8, 2.2, 2.2, 1.4, 1.2, 0.6, 0.75, 0.95, 1.4, 1.8, 1.2, 0.4, 1.6, 1.2, 1.1, 1.4, 2.2, 1.2, 1.6, 1.6, 1.1, 1.6, 2.0, 2.6, 0.55, 1.0, 0.7, 1.8, 0.95, 2.3, 1.2, 1.4, 2.0, 1.2, 0.9, 1.8, 0.8, 1.2, 1.6, 1.2, 1.6, 1.4, 1.8, 2.2, 1.4, 1.5, 0.55, 0.6, 1.0, 0.6, 0.95, 1.3, 1.0, 0.65, 0.55, 1.6, 0.85, 1.4, 0.8, 0.85, 1.8, 0.85, 0.45, 0.65, 0.9, 1.8, 1.4, 0.55, 1.9, 1.0, 0.9, 1.2, 2.0, 1.2, 1.4, 2.0, 1.8, 1.6, 0.95, 0.35, 1.2, 0.95, 1.8, 1.6, 0.95, 0.65, 1.3, 1.4, 1.6, 0.9, 2.0, 1.2, 1.4, 1.4, 1.6, 1.7, 2.0, 2.2, 0.65, 0.95, 0.55, 1.6, 0.7, 1.8, 0.8, 1.8, 1.8, 1.6, 0.85, 2.0, 0.6, 1.2, 1.9, 1.1, 1.6, 1.2, 1.8, 1.6, 1.0, 1.0, 0.8, 0.5, 1.8, 0.75, 0.9, 1.3, 1.0, 0.9, 1.2, 1.6, 1.2, 1.6, 1.0, 1.2, 2.0, 0.65, 0.75, 0.7, 0.75, 2.2, 1.2, 0.95, 1.4, 0.85, 0.75, 2.1, 1.4, 1.9, 1.3, 2.2, 2.0, 1.4, 2.1, 0.4, 1.2, 1.7, 1.8, 1.4, 1.2, 0.65, 1.8, 1.0, 1.2, 1.2, 1.7, 1.2, 1.6, 0.85, 1.4, 1.6, 1.8, 2.4, 1.3];[0.04663153, 0.00771011, -0.12135975, 0.16847306, -0.13897983, -0.10160073, -0.12961718, -0.30673761, -0.25274088, 0.03221986, 0.04557227, 0.04727836, 0.03170446, 0.03101224, 0.0, 0.2, 0.5, 0.5, 0.0364215, -0.34002891, -0.43064535, -0.32997299, -0.06367151, -0.03024691, -0.00680174, -0.49712692, -0.42692134, 0.04049241, 0.05139745, 0.04475273, 0.01681348, 0.0160285, 0.4, 0.4, -0.4, -0.4, 0.10218383, 0.20271383, 0.24366082, 0.06295728, 0.01428412, -0.00808486, 0.03336611, -0.05234327, 0.30743245, 0.0790382, 0.04783442, 0.0852494, 0.13306033, 0.1313775, 0.7, 0.5, 0.0, -0.1];0.04736800002865493;0.029962699976749718
[2.82778274, -3.0, 0.92794343, 0.92290163, 0.97693768];False;[1.4, 0.65, 2.1, 0.75, 2.2, 1.4, 1.6, 1.7, 1.1, 0.8, 1.7, 0.8, 1.6, 1.6, 1.2, 1.4, 1.2, 1.4, 1.8, 1.0, 1.4, 0.85, 0.65, 1.8, 0.4, 0.4, 1.3, 0.65, 0.7, 0.75, 1.2, 0.9, 0.9, 0.85, 1.0, 1.5, 0.95, 0.6, 0.65, 1.0, 1.8, 1.7, 1.1, 1.8, 1.0, 0.9, 1.4, 1.4, 1.6, 1.8, 2.3, 2.3, 1.6, 1.2, 0.55, 0.6, 1.6, 1.4, 1.3, 0.8, 0.65, 1.9, 1.2, 1.6, 1.6, 1.8, 1.2, 1.2, 1.8, 1.4, 1.0, 2.2, 2.2, 0.7, 1.2, 0.35, 1.6, 0.55, 2.2, 0.9, 1.6, 2.0, 1.6, 1.0, 2.4, 0.55, 1.4, 1.4, 1.2, 1.3, 0.95, 1.1, 2.2, 0.95, 0.95, 0.7, 0.8, 1.4, 0.35, 0.85, 1.4, 1.0, 0.65, 0.7, 1.2, 0.65, 1.7, 1.0, 0.9, 1.5, 0.7, 0.7, 0.7, 0.95, 1.7, 1.7, 0.65, 1.4, 0.75, 0.75, 1.0, 2.0, 1.1, 2.0, 2.6, 2.2, 1.2, 1.4, 0.8, 0.7, 1.0, 1.4, 1.6, 0.4, 0.6, 1.9, 1.4, 1.6, 2.0, 1.7, 1.6, 1.6, 0.95, 1.1, 1.4, 1.7, 2.0, 1.0, 1.4, 0.35, 1.8, 0.5, 2.2, 1.2, 2.0, 1.8, 1.2, 0.7, 2.2, 1.0, 1.4, 1.6, 1.4, 1.3, 1.4, 1.1, 1.8, 0.95, 0.9, 0.8, 0.6, 2.0, 0.75, 0.5, 1.8, 0.8, 0.7, 0.85, 0.95, 0.65, 1.0, 0.8, 1.0, 2.0, 0.95, 0.5, 0.35, 1.0, 2.2, 0.95, 0.6, 1.6, 1.6, 1.8, 1.0, 2.0, 1.8, 1.8, 2.3, 2.0, 1.6, 1.4, 0.8, 1.0, 0.9, 1.2, 1.9, 0.6, 0.4, 1.8, 1.4, 1.6, 0.9, 2.0, 1.2, 1.6, 2.0, 1.2, 0.9, 1.8, 2.3, 0.9];[0.04964018, -0.09426753, -0.14734204, -0.0033999, -0.29610081, -0.23355621, -0.39950425, -0.51262654, -0.33869348, 0.03152361, 0.02730941, 0.03354545, -0.02416729, -0.02505513, 0.0, 0.2, 0.0, -0.4, 0.09201944, -0.27425537, -0.37727062, -0.44382983, -0.02710891, -0.01523723, -0.02832866, -0.09947796, -0.0948165, 0.01051498, 0.03139533, 0.01264114, -0.082675, -0.08410972, 0.0, 0.1, -0.2, -0.4, 0.09755811, 0.11635891, 0.25489795, -0.04209267, 0.0067225, -0.0137074, -0.04670918, -0.59507764, -0.13481184, 0.0345624, 0.02599375, 0.04098416, 0.00524043, 0.00431492, 0.2, -0.1, -0.2, -0.2];0.047050900058820844;0.02992979995906353
[2.91931105, -3.0, 0.9477381, 0.95343455, 1.0181384];False;[0.9, 0.45, 1.6, 0.9, 2.2, 0.95, 2.0, 1.8, 1.6, 0.9, 1.8, 0.65, 1.6, 1.6, 1.4, 1.3, 1.8, 1.9, 2.2, 0.95, 1.4, 0.5, 0.55, 1.4, 0.75, 0.5, 1.3, 0.9, 0.75, 0.55, 1.9, 0.85, 1.2, 0.95, 0.65, 2.2, 0.65, 0.65, 0.4, 1.0, 2.0, 1.2, 0.85, 1.3, 0.8, 0.9, 1.0, 1.8, 1.4, 1.4, 2.2, 2.2, 1.2, 1.4, 0.55, 1.2, 0.95, 1.4, 1.8, 0.75, 0.95, 1.6, 0.95, 1.6, 1.6, 2.2, 1.2, 1.2, 0.95, 1.2, 0.9, 1.8, 2.4, 0.65, 1.2, 0.8, 2.0, 0.95, 2.0, 2.0, 1.6, 1.8, 1.6, 0.95, 2.4, 0.95, 1.4, 1.6, 1.1, 1.8, 1.4, 1.1, 1.8, 1.4, 0.95, 0.5, 0.65, 1.6, 0.3, 0.85, 1.8, 0.85, 0.7, 0.95, 0.95, 0.95, 0.9, 0.85, 1.9, 1.6, 0.6, 0.7, 0.85, 0.8, 1.7, 1.2, 0.5, 1.6, 1.2, 1.4, 1.4, 1.6, 1.8, 1.3, 2.0, 2.0, 1.4, 1.6, 0.65, 0.9, 0.9, 1.8, 1.3, 0.7, 0.75, 1.4, 1.2, 1.6, 1.8, 1.8, 1.2, 1.4, 1.0, 1.6, 0.95, 1.7, 2.4, 0.85, 0.95, 0.4, 2.0, 0.35, 1.8, 0.55, 1.4, 2.0, 1.7, 1.0, 2.2, 0.95, 1.4, 1.6, 1.4, 1.6, 2.1, 1.6, 2.2, 1.0, 1.0, 0.65, 0.95, 1.4, 0.7, 0.75, 1.4, 0.95, 0.6, 0.6, 1.6, 0.85, 1.7, 0.8, 0.95, 1.8, 0.8, 0.85, 0.5, 0.9, 2.2, 1.6, 0.7, 1.9, 0.9, 1.0, 1.2, 2.0, 1.8, 1.4, 2.6, 1.8, 1.6, 2.0, 0.45, 0.8, 1.2, 1.8, 1.8, 0.75, 0.35, 1.9, 0.95, 1.4, 0.9, 2.0, 1.2, 1.2, 1.4, 1.2, 1.4, 2.0, 2.4, 0.7];[0.04738518, -0.02717689, -0.08697759, -0.01146327, 0.023959, -0.00129497, -0.0220997, -0.46547216, -0.14388965, 0.03096882, 0.0327426, 0.02991157, -0.01984086, -0.02100312, 0.0, -0.1, 0.0, -0.2, 0.06492632, -0.33558564, -0.3423388, -0.24546979, 0.03858437, 0.0141467, -0.04153699, -0.40539803, -0.27631655, 0.04010404, 0.05320741, 0.05098929, -0.0115433, -0.01238767, 0.2, 0.7, -0.2, -0.5, 0.08618082, 0.04116811, 0.08839049, -0.05893769, 0.12439463, 0.09318424, 0.07727382, -0.23674347, 0.24726574, 0.04502174, 0.04120536, 0.0651397, 0.01937721, 0.01819126, 0.2, 0.2, 0.0, 0.0];0.0546017000451684;0.027941099950112402
[2.87963071, -2.0, 0.92047281, 0.98588497, 0.97327292];False;[1.4, 0.3, 1.4, 0.4, 2.3, 1.8, 2.0, 1.7, 1.6, 1.4, 2.4, 0.6, 1.2, 1.4, 1.4, 1.9, 1.8, 1.8, 2.2, 0.95, 0.95, 0.75, 0.55, 1.0, 0.5, 0.55, 1.6, 1.2, 0.85, 0.5, 0.9, 0.75, 1.7, 0.75, 1.0, 1.6, 0.8, 0.7, 0.45, 0.8, 2.0, 0.95, 0.65, 1.6, 0.95, 0.8, 0.95, 1.6, 1.2, 2.0, 2.2, 2.2, 1.4, 0.95, 0.4, 0.95, 0.95, 1.6, 1.3, 1.0, 0.65, 1.8, 0.95, 1.6, 0.95, 1.7, 1.6, 1.7, 0.9, 1.1, 1.0, 1.8, 2.2, 0.65, 0.95, 0.75, 2.1, 0.85, 2.2, 0.8, 1.8, 1.8, 1.6, 0.9, 2.2, 1.3, 1.4, 1.4, 1.7, 1.3, 1.8, 1.1, 2.0, 1.4, 1.5, 0.55, 0.8, 1.4, 0.7, 0.8, 1.8, 0.9, 0.95, 0.55, 1.0, 0.85, 1.2, 1.2, 0.55, 2.0, 0.75, 0.85, 0.35, 0.7, 1.7, 0.95, 0.8, 1.9, 1.4, 1.6, 0.95, 1.6, 1.6, 1.8, 2.2, 2.3, 1.1, 1.4, 0.65, 1.2, 1.7, 1.9, 1.6, 0.8, 0.95, 1.4, 1.2, 1.7, 0.7, 1.8, 1.4, 0.9, 0.7, 1.8, 0.9, 1.8, 2.2, 1.2, 0.95, 0.45, 1.4, 0.5, 1.5, 0.9, 1.6, 2.0, 1.6, 1.2, 2.0, 0.75, 1.2, 1.6, 1.4, 1.8, 1.2, 1.8, 2.2, 1.0, 1.5, 0.7, 0.6, 2.0, 0.55, 0.9, 1.8, 0.65, 0.65, 0.9, 1.4, 0.85, 1.0, 0.95, 0.45, 2.0, 1.0, 0.4, 0.55, 0.9, 2.3, 1.0, 1.0, 1.3, 0.8, 1.4, 0.95, 2.0, 1.4, 1.4, 2.6, 1.7, 1.7, 2.0, 0.75, 0.85, 1.7, 1.1, 1.9, 0.35, 0.35, 1.6, 1.4, 1.2, 0.85, 2.0, 1.1, 0.9, 0.8, 1.2, 0.95, 2.2, 2.0, 1.2];[0.03598219, -0.05224339, -0.04364454, -0.08622505, -0.15951798, -0.20626363, -0.38361296, -0.34622116, -0.20577555, 0.03381408, 0.04580456, 0.0322101, -0.02571254, -0.02595101, 0.2, 0.5, -0.4, -0.2, 0.08788247, -0.11238135, -0.14794639, -0.23288189, 0.10969384, 0.06455071, 0.01262907, -0.2828328, -0.26446192, 0.03795319, 0.0537511, 0.03807781, 0.04223814, 0.04194616, 0.0, -0.4, -0.3, 0.0, 0.08500034, 0.05673252, 0.12198402, -0.27726164, 0.0603453, 0.06249884, 0.01796985, -0.46843288, -0.00290305, 0.03531738, 0.03869213, 0.06850768, -0.03273924, -0.03313618, 0.4, 0.4, 0.0, 0.2];0.04228020005393773;0.028372000087983906
[2.88961791, -3.0, 0.9338746, 0.92449551, 1.03124781];False;[1.0, 0.35, 2.1, 0.8, 1.8, 0.5, 1.4, 2.2, 1.6, 0.9, 2.6, 0.7, 1.1, 1.3, 1.4, 1.8, 1.4, 1.6, 1.8, 1.0, 0.9, 0.6, 0.55, 1.0, 0.3, 0.5, 1.6, 1.2, 0.75, 0.5, 0.95, 0.7, 1.4, 0.8, 0.85, 2.3, 0.65, 0.85, 0.65, 0.95, 1.8, 1.4, 0.6, 1.4, 1.2, 0.8, 1.6, 1.8, 1.8, 1.4, 2.0, 2.2, 1.2, 1.0, 0.6, 1.3, 1.0, 1.4, 1.6, 1.2, 0.7, 1.4, 1.5, 1.2, 0.8, 2.0, 1.6, 1.0, 0.7, 1.8, 1.7, 2.0, 2.4, 0.75, 1.4, 0.3, 1.1, 0.65, 1.8, 1.0, 2.0, 2.0, 1.2, 0.9, 1.8, 0.5, 1.7, 1.9, 1.2, 1.9, 0.9, 1.4, 2.0, 1.2, 0.95, 0.7, 0.7, 1.8, 0.35, 1.0, 1.4, 0.8, 0.95, 0.7, 1.6, 0.85, 1.0, 0.9, 0.55, 1.6, 0.85, 0.35, 0.8, 0.7, 2.3, 1.2, 0.75, 1.6, 0.85, 1.4, 1.2, 2.1, 1.2, 1.4, 2.4, 2.3, 1.6, 1.6, 0.8, 0.65, 1.4, 1.8, 1.4, 0.6, 1.1, 1.4, 0.95, 1.2, 0.8, 2.0, 1.1, 0.95, 0.9, 1.8, 1.0, 2.3, 2.6, 0.7, 1.4, 0.9, 2.1, 0.9, 2.0, 0.95, 2.1, 1.7, 1.4, 0.85, 2.2, 0.95, 1.4, 1.6, 1.2, 1.9, 1.8, 1.6, 1.6, 1.2, 0.95, 0.75, 0.95, 0.95, 0.55, 0.6, 1.4, 0.65, 0.8, 0.75, 1.2, 0.8, 1.4, 0.9, 0.9, 1.5, 0.7, 0.55, 0.4, 0.95, 1.7, 1.6, 0.95, 1.3, 1.4, 2.0, 1.8, 1.8, 1.8, 1.4, 2.6, 2.0, 1.2, 1.2, 0.55, 0.9, 1.4, 1.8, 1.9, 0.7, 0.7, 1.9, 1.5, 1.7, 2.0, 2.2, 1.2, 1.2, 1.2, 1.8, 1.0, 1.8, 2.0, 0.75];[0.02717745, -0.17454593, -0.27118154, -0.03648069, -0.15635216, -0.13788817, -0.19410906, -0.53210944, -0.20997938, 0.03936115, 0.03986413, 0.04755308, 0.04581019, 0.0455629, 0.2, 0.4, -0.1, 0.2, 0.00307406, -0.26852749, -0.34465154, -0.29673282, -0.03246969, -0.00599895, -0.01426058, -0.34584147, -0.30274284, 0.02542084, 0.03258744, 0.06235951, -0.07177939, -0.07315974, 0.2, 0.7, 0.5, 0.0, 0.10577452, 0.05295507, 0.09116945, 0.08659085, 0.06738284, 0.02130006, 0.00605515, -0.72192962, -0.15982157, 0.06648623, 0.02782706, 0.06508861, 0.10397017, 0.1033661, 0.2, 0.7, -0.3, -0.5];0.045976199908182025;0.02988239994738251
[2.89757869, -4.0, 0.96567977, 0.9259049, 1.00599402];False;[0.95, 0.35, 1.8, 0.85, 2.0, 2.0, 2.1, 1.8, 1.4, 1.4, 2.2, 0.8, 1.6, 1.6, 1.4, 1.4, 0.9, 1.4, 2.0, 1.2, 0.95, 0.5, 0.8, 1.4, 0.8, 0.9, 1.9, 0.6, 0.8, 1.4, 1.8, 1.2, 0.9, 0.95, 0.95, 1.8, 0.65, 0.85, 0.4, 0.8, 2.0, 0.95, 0.85, 1.6, 0.85, 0.85, 1.4, 1.8, 1.6, 2.0, 2.4, 1.8, 1.4, 1.2, 0.35, 0.9, 1.6, 1.4, 1.8, 0.9, 1.1, 1.6, 0.9, 1.1, 1.8, 1.8, 1.2, 1.2, 1.8, 1.2, 1.4, 2.2, 2.3, 0.6, 1.4, 0.7, 2.1, 0.45, 1.8, 0.95, 1.6, 2.0, 1.2, 0.75, 2.3, 0.65, 1.6, 1.8, 1.1, 1.6, 1.0, 1.4, 2.2, 0.95, 1.0, 0.8, 1.2, 1.2, 0.35, 0.5, 1.4, 0.95, 0.9, 0.7, 1.9, 0.75, 0.9, 0.95, 1.4, 2.2, 0.9, 0.35, 0.35, 1.0, 2.0, 1.6, 0.6, 1.8, 0.9, 1.2, 0.9, 2.1, 1.4, 2.0, 2.4, 1.7, 1.6, 1.0, 0.55, 0.7, 0.9, 1.1, 1.6, 0.7, 0.35, 1.6, 0.9, 1.1, 1.6, 2.0, 1.2, 1.6, 0.9, 1.4, 1.2, 1.8, 2.3, 1.2, 1.4, 0.7, 1.2, 0.6, 1.8, 0.6, 2.0, 2.2, 1.6, 0.95, 2.4, 0.7, 1.6, 1.9, 1.2, 1.9, 2.0, 1.4, 1.6, 0.9, 1.0, 0.5, 0.7, 1.2, 0.35, 0.75, 1.8, 0.95, 0.95, 0.45, 1.2, 0.7, 1.4, 1.3, 0.75, 1.6, 0.75, 0.55, 0.45, 0.9, 1.8, 0.95, 0.95, 1.4, 0.75, 1.6, 1.6, 2.1, 1.4, 1.4, 2.3, 2.2, 1.2, 1.8, 0.75, 1.3, 0.9, 1.1, 1.9, 0.4, 0.6, 1.6, 1.2, 1.4, 1.2, 1.8, 1.2, 1.4, 0.9, 1.1, 1.4, 2.2, 2.6, 0.9];[0.04473942, -0.0234405, -0.15223201, 0.08988541, 0.07257508, 0.08030826, 0.06592504, -0.18445976, -0.09669962, 0.03893128, 0.04988914, 0.03014162, -0.00682615, -0.00811877, 0.0, 0.0, 0.5, 0.3, 0.01998674, -0.31347154, -0.43473059, -0.67549587, -0.1232813, -0.0819591, -0.05982434, -0.26659253, -0.22519091, 0.03171626, 0.05464485, 0.05968123, -0.01847033, -0.01953664, 0.2, 0.5, 0.5, 0.0, 0.12081978, 0.1676564, 0.36067919, 0.06478244, 0.12076205, 0.12543614, 0.10846987, -0.50806213, 0.01855884, 0.04394168, 0.05631819, 0.07677757, 0.003643, 0.00377009, 0.3, 0.7, 0.2, -0.2];0.05322449991945177;0.031960299937054515
[2.93760026, -3.0, 0.9522028, 0.98600615, 0.99939131];False;[0.9, 0.5, 1.6, 0.45, 2.0, 0.7, 1.4, 1.8, 1.7, 0.7, 1.8, 1.0, 1.2, 1.4, 1.4, 1.6, 0.95, 1.4, 1.6, 1.0, 1.4, 0.85, 0.8, 1.6, 0.35, 0.95, 1.4, 1.0, 0.7, 0.7, 1.4, 0.8, 1.6, 0.95, 1.4, 2.2, 0.8, 0.45, 0.55, 1.2, 1.7, 1.4, 0.95, 1.8, 0.8, 0.85, 1.0, 2.1, 1.4, 1.8, 2.6, 1.7, 1.4, 1.2, 0.75, 0.65, 0.95, 1.1, 1.8, 0.6, 0.95, 1.9, 1.0, 1.6, 0.85, 2.2, 1.2, 1.4, 0.9, 1.2, 1.7, 2.3, 2.4, 0.8, 0.95, 0.65, 1.6, 1.0, 1.8, 0.6, 1.3, 2.2, 1.4, 0.75, 2.6, 0.85, 1.4, 1.4, 1.7, 1.4, 1.4, 1.6, 2.0, 1.4, 1.4, 0.65, 0.85, 1.4, 0.75, 0.8, 1.3, 0.6, 0.85, 1.2, 0.9, 1.0, 1.6, 0.9, 1.2, 2.2, 0.6, 0.9, 0.55, 0.95, 1.8, 1.0, 1.0, 1.4, 0.85, 2.0, 2.0, 1.4, 1.9, 1.8, 2.3, 2.0, 1.4, 1.2, 0.3, 0.8, 1.6, 1.2, 1.3, 0.95, 0.45, 1.9, 1.0, 1.4, 0.95, 2.0, 1.2, 1.7, 0.8, 1.9, 1.2, 2.2, 2.3, 0.6, 1.2, 0.7, 2.1, 0.65, 1.8, 0.5, 1.4, 2.2, 1.6, 0.8, 2.2, 0.65, 1.6, 1.4, 1.7, 1.9, 1.2, 1.4, 1.5, 1.4, 1.2, 0.75, 0.95, 1.4, 0.65, 0.7, 1.4, 0.7, 0.7, 0.5, 0.9, 0.7, 1.6, 0.8, 1.8, 1.8, 1.2, 0.4, 0.35, 1.2, 1.8, 1.6, 0.9, 1.6, 0.75, 0.75, 1.0, 1.8, 1.6, 1.6, 2.3, 2.0, 1.1, 0.95, 0.65, 0.9, 1.7, 1.6, 1.4, 0.35, 0.85, 1.8, 1.4, 1.6, 1.0, 1.7, 1.2, 1.7, 2.1, 1.1, 1.6, 2.3, 2.3, 0.5];[0.04101658, -0.02019708, -0.0743648, 0.06042739, 0.03674917, 0.08411629, 0.1145016, -0.36112962, -0.09303007, 0.03585849, 0.03404912, 0.01436473, -0.05840361, -0.05983754, 0.2, 0.2, -0.4, -0.2, 0.057181, -0.1797895, -0.31397955, -0.30174512, 0.03752312, 0.03210918, -0.00041154, -0.45973524, -0.38435308, 0.04404622, 0.04621504, 0.03613637, 0.04634724, 0.0453148, 0.0, -0.3, 0.0, 0.3, 0.11111687, 0.13281762, 0.20997087, 0.11962282, 0.09548732, 0.10559178, 0.09027648, -0.49255928, -0.04008901, 0.0490249, 0.03442214, 0.05433078, 0.06205763, 0.062757, -0.2, 0.2, 0.0, 0.1];0.05115209997165948;0.03168250003363937
[2.98418471, -3.0, 0.98771871, 0.95211038, 1.04435562];False;[0.9, 0.7, 2.1, 0.6, 2.0, 0.6, 1.6, 1.8, 1.4, 1.5, 1.8, 0.75, 1.4, 1.8, 1.4, 1.4, 2.0, 1.9, 1.6, 1.4, 0.95, 0.95, 0.75, 0.95, 0.9, 0.6, 1.8, 0.75, 0.75, 0.8, 0.9, 0.65, 1.2, 0.8, 1.8, 1.8, 1.0, 0.75, 0.7, 0.65, 2.0, 1.6, 0.55, 1.4, 0.75, 1.8, 1.8, 1.8, 1.8, 1.6, 2.0, 2.2, 1.2, 1.8, 0.5, 0.75, 1.2, 1.4, 1.8, 0.4, 0.65, 1.8, 1.5, 1.6, 2.0, 1.7, 1.4, 0.95, 1.0, 1.6, 1.0, 2.3, 2.3, 0.9, 1.2, 0.35, 1.2, 0.45, 1.6, 0.95, 2.0, 2.2, 1.6, 0.7, 2.0, 0.7, 1.1, 1.8, 1.2, 1.8, 2.0, 1.6, 1.8, 1.4, 0.95, 0.65, 0.65, 1.0, 0.65, 0.5, 1.4, 0.9, 0.75, 0.85, 1.2, 0.75, 0.95, 0.7, 0.95, 1.5, 1.0, 0.55, 0.7, 0.75, 2.2, 1.0, 0.5, 1.3, 1.6, 0.9, 0.95, 1.4, 1.4, 2.1, 2.2, 1.7, 1.6, 1.8, 0.45, 0.8, 0.95, 1.1, 1.9, 1.3, 0.55, 1.9, 0.95, 1.6, 1.0, 2.0, 1.6, 1.7, 0.75, 1.2, 1.6, 1.8, 2.6, 0.55, 1.2, 0.9, 1.8, 0.45, 1.6, 1.4, 2.1, 2.2, 1.6, 0.9, 2.6, 0.75, 1.6, 1.8, 1.4, 1.8, 1.0, 1.4, 2.2, 1.0, 1.2, 0.55, 0.55, 0.9, 0.75, 0.5, 1.6, 1.0, 0.9, 1.0, 1.4, 0.75, 1.7, 0.75, 0.9, 1.6, 0.7, 0.45, 0.65, 0.7, 1.8, 1.6, 0.85, 1.6, 0.75, 0.95, 0.95, 1.4, 1.2, 2.1, 2.0, 1.7, 1.1, 1.8, 0.55, 0.65, 1.0, 1.9, 1.6, 0.9, 1.1, 1.6, 1.2, 1.2, 1.2, 2.0, 1.4, 1.7, 1.8, 1.6, 1.4, 2.3, 2.4, 0.95];[0.04833024, 0.03991628, -0.03969192, 0.02042063, -0.09049276, -0.02778321, -0.06313891, -0.35771997, 0.03788893, 0.03895637, 0.03505512, 0.01303498, -0.08483594, -0.08612726, 0.4, 0.0, -0.2, -0.2, 0.04213624, -0.19614345, -0.24187174, -0.34091167, 0.06116251, 0.05155234, 0.03074734, -0.31425872, -0.10977627, 0.03775679, 0.03115003, 0.05085251, 0.00786629, 0.00711605, 0.7, 0.6, -0.5, -0.4, 0.10913949, 0.14877267, 0.33586748, 0.26966436, 0.13861931, 0.13647054, 0.11044728, -0.13160354, 0.14848539, 0.08079758, 0.06042415, 0.087994, 0.11601539, 0.1162476, 0.2, 0.4, 0.4, 0.2];0.05649830005131662;0.03564940008800477
[2.91393313, -0.0, 0.98841903, 0.94226592, 0.98324817];False;[0.95, 0.5, 1.8, 1.0, 2.3, 1.0, 1.6, 1.7, 1.4, 0.75, 2.0, 0.55, 1.4, 1.3, 1.2, 1.6, 1.6, 1.2, 2.2, 1.2, 1.2, 1.1, 0.65, 0.95, 0.7, 0.5, 1.4, 0.75, 0.9, 1.6, 1.9, 0.85, 0.9, 0.95, 0.8, 2.0, 0.8, 0.6, 0.75, 0.65, 1.8, 1.4, 0.65, 1.3, 1.0, 0.8, 0.95, 1.4, 1.2, 1.4, 2.6, 2.0, 1.6, 0.9, 0.8, 0.95, 1.7, 1.9, 1.6, 1.0, 0.85, 1.9, 1.4, 1.4, 0.75, 2.3, 1.7, 1.0, 0.95, 1.6, 1.6, 2.2, 2.3, 1.3, 0.9, 0.7, 2.0, 0.5, 2.0, 1.0, 2.0, 2.2, 1.2, 0.85, 2.2, 0.9, 1.2, 1.6, 1.1, 1.3, 1.4, 1.9, 2.0, 0.95, 0.95, 1.1, 0.95, 0.95, 0.4, 0.75, 1.6, 0.95, 0.65, 0.6, 1.2, 0.65, 0.95, 1.2, 1.2, 2.3, 0.95, 0.4, 0.85, 0.85, 2.0, 1.2, 0.75, 1.6, 1.7, 0.9, 0.95, 1.6, 1.1, 1.4, 2.4, 2.3, 1.2, 1.2, 0.4, 0.7, 0.95, 1.2, 1.9, 0.95, 1.0, 1.3, 1.2, 1.7, 0.85, 2.0, 1.2, 1.6, 1.4, 1.4, 0.95, 2.0, 2.4, 1.0, 1.0, 0.35, 2.0, 0.8, 2.2, 0.8, 1.4, 1.8, 1.7, 0.75, 2.0, 0.55, 1.2, 1.4, 1.6, 1.6, 1.4, 1.4, 1.8, 0.95, 1.4, 1.0, 0.95, 2.0, 0.3, 1.0, 1.4, 1.0, 0.9, 0.45, 1.0, 0.85, 1.6, 0.95, 0.6, 2.2, 0.85, 0.3, 0.85, 0.6, 1.8, 1.7, 0.95, 1.9, 1.2, 1.2, 1.6, 1.6, 1.6, 1.6, 2.0, 1.8, 1.4, 2.0, 0.45, 0.85, 1.4, 1.1, 1.6, 0.95, 0.7, 1.4, 0.95, 1.1, 1.0, 1.7, 1.6, 1.4, 1.0, 1.4, 0.95, 2.2, 2.2, 0.85];[0.04143454, -0.00077853, -0.05359921, 0.04142213, -0.04587783, -0.04421391, -0.10655009, -0.52183939, -0.35413179, 0.02625304, 0.02470863, 0.04032549, 0.03048228, 0.02950147, -0.1, 0.4, 0.0, -0.2, 0.06520968, -0.17624822, -0.25221239, -0.41323112, -0.01704843, -0.00954708, -0.01631279, -0.38652683, -0.28586821, 0.04694732, 0.04611631, 0.04805009, 0.02271916, 0.02213144, 0.4, 0.2, -0.5, -0.6, 0.09551565, 0.05317917, 0.15105955, -0.13654544, 0.04535019, 0.05607506, 0.01056489, -0.18479805, 0.27861288, 0.0696002, 0.06922617, 0.07764557, 0.08921385, 0.08781844, 0.2, 0.0, 0.1, 0.5];0.04939669999293983;0.027722100028768182
[2.90695262, -5.0, 0.94776368, 0.97456233, 0.98462661];False;[0.95, 0.6, 2.0, 0.45, 2.2, 0.9, 1.6, 1.8, 1.2, 0.75, 2.4, 0.9, 1.1, 1.4, 1.4, 1.4, 2.1, 1.1, 1.6, 0.9, 1.2, 0.75, 0.65, 1.2, 0.55, 0.75, 1.9, 0.8, 0.95, 1.4, 1.0, 0.95, 1.6, 1.0, 0.6, 2.0, 0.8, 0.55, 0.55, 0.65, 2.0, 1.6, 1.0, 1.6, 1.6, 1.0, 1.0, 1.4, 1.6, 1.6, 2.2, 2.2, 1.2, 2.0, 0.8, 1.3, 1.4, 1.4, 1.6, 1.0, 0.75, 1.6, 1.2, 1.2, 0.8, 1.8, 1.4, 0.95, 1.8, 1.6, 1.6, 1.8, 2.3, 1.3, 1.2, 0.55, 1.4, 1.0, 2.2, 1.4, 1.8, 2.0, 1.2, 1.4, 2.0, 0.55, 1.4, 1.8, 1.4, 1.6, 1.0, 1.2, 1.6, 1.0, 1.0, 0.5, 0.7, 0.95, 0.65, 0.7, 1.4, 0.85, 1.2, 0.6, 1.9, 0.75, 0.95, 0.75, 0.85, 2.0, 0.95, 0.65, 0.65, 0.85, 2.0, 1.6, 0.7, 1.6, 0.85, 1.6, 1.8, 2.0, 1.8, 2.1, 2.2, 2.0, 1.2, 1.0, 0.35, 1.0, 0.95, 1.9, 1.8, 0.9, 0.35, 1.8, 0.95, 1.4, 0.75, 2.3, 1.6, 1.0, 0.7, 1.8, 1.2, 1.8, 2.3, 1.2, 1.2, 0.4, 2.0, 0.55, 1.6, 0.95, 2.0, 2.2, 1.2, 0.85, 2.0, 0.95, 1.4, 1.4, 1.7, 1.6, 2.1, 1.8, 2.0, 1.4, 0.95, 0.85, 0.65, 1.4, 0.55, 0.65, 1.6, 0.8, 1.0, 1.0, 1.8, 0.65, 1.2, 0.75, 0.95, 2.0, 0.75, 0.4, 0.5, 0.6, 2.0, 1.0, 0.6, 1.8, 1.2, 0.8, 1.0, 1.4, 1.9, 2.1, 2.0, 2.2, 1.4, 0.95, 0.65, 0.65, 1.0, 1.4, 1.8, 0.55, 1.0, 1.4, 1.0, 1.4, 1.8, 1.8, 1.4, 0.95, 1.2, 1.6, 1.4, 2.2, 2.2, 1.2];[0.04253745, 0.17785757, 0.10342838, 0.23091769, -0.09431125, -0.08020088, -0.08746442, -0.33061133, 0.00410078, 0.03891525, 0.03528177, 0.04211015, 0.01896742, 0.01846473, 0.3, 0.0, -0.1, 0.2, 0.05243355, -0.28294373, -0.32314703, -0.22572439, -0.10964635, -0.06155, -0.0398831, -0.14524549, -0.1116437, 0.03551046, 0.04861335, 0.04282, 0.0049407, 0.00390429, 0.4, 0.2, 0.0, 0.0, 0.09859147, 0.10146704, 0.14823348, -0.00601802, 0.06328662, 0.07953801, 0.09673774, -0.25256833, -0.01617792, 0.04953046, 0.07383558, 0.06762423, 0.02689189, 0.02737226, 0.0, -0.1, 0.0, 0.3];0.05477040004916489;0.03188949998002499
[2.97945314, -2.0, 1.0037976, 0.99874738, 0.97690816];False;[1.4, 0.6, 1.6, 0.95, 2.0, 0.95, 1.3, 2.0, 1.2, 1.0, 2.3, 1.2, 1.2, 1.9, 1.6, 1.8, 0.95, 1.6, 2.0, 1.2, 1.2, 0.7, 0.7, 1.6, 0.8, 0.65, 1.3, 0.75, 0.65, 0.5, 1.8, 0.95, 1.0, 1.2, 0.85, 2.3, 1.0, 0.8, 0.75, 0.7, 2.2, 0.9, 0.85, 1.9, 1.0, 1.0, 1.0, 1.6, 1.9, 1.6, 2.2, 2.2, 1.2, 1.4, 0.45, 0.7, 1.6, 1.6, 1.4, 0.7, 0.85, 1.6, 1.5, 1.4, 0.85, 2.0, 1.7, 1.6, 2.0, 1.8, 1.6, 2.2, 2.0, 0.75, 1.0, 0.7, 1.2, 0.65, 1.8, 0.75, 1.4, 1.7, 1.4, 1.0, 2.3, 0.8, 1.2, 1.4, 1.7, 1.4, 1.6, 1.2, 2.3, 0.9, 1.2, 0.8, 0.65, 0.9, 0.75, 0.65, 1.4, 0.95, 0.8, 0.75, 1.8, 1.2, 1.2, 0.75, 1.8, 2.3, 0.85, 0.55, 0.55, 0.7, 1.8, 0.95, 0.7, 1.6, 0.85, 0.9, 2.0, 1.8, 1.8, 2.0, 2.4, 2.3, 1.7, 0.95, 0.5, 1.3, 0.9, 1.8, 1.9, 0.85, 1.0, 1.6, 0.95, 1.1, 1.6, 2.0, 1.7, 1.7, 1.8, 1.8, 1.0, 2.3, 2.6, 1.0, 1.0, 0.9, 1.4, 0.85, 2.3, 0.9, 2.0, 2.2, 1.6, 0.8, 1.7, 1.3, 1.4, 1.6, 1.4, 1.9, 1.2, 1.2, 1.8, 0.95, 0.95, 0.9, 0.6, 1.6, 0.5, 0.65, 1.6, 0.9, 0.8, 0.75, 0.95, 1.0, 1.7, 0.9, 0.95, 1.6, 0.95, 0.35, 0.75, 0.75, 1.8, 1.6, 0.6, 1.8, 0.7, 1.8, 1.0, 1.6, 1.8, 1.3, 2.3, 1.8, 1.2, 1.4, 0.5, 0.6, 0.9, 1.2, 1.4, 1.0, 0.6, 1.8, 1.0, 1.1, 1.0, 1.7, 1.6, 1.0, 1.2, 1.1, 1.2, 1.8, 2.3, 0.75];[0.04685552, 0.05393255, -0.02226931, 0.07041698, -0.18213211, -0.14182701, -0.2542732, -0.47963767, -0.25971032, 0.04604576, 0.05812637, 0.03012935, -0.00851846, -0.00988726, 0.7, 0.2, -0.2, 0.2, 0.04400699, -0.1545981, -0.26404343, -0.09587409, 0.22369909, 0.16374932, 0.10096608, -0.08812204, -0.08500124, 0.04421946, 0.05009165, 0.04079677, 0.00811855, 0.00708292, 0.2, -0.3, 0.1, 0.6, 0.09143637, -0.07576883, 0.04021784, -0.25494112, -0.04930982, -0.05426768, -0.03088284, -0.41982334, 0.1238708, 0.07442104, 0.04996594, 0.08642555, 0.1072276, 0.10629656, 0.2, 0.5, 0.3, 0.3];0.052418299950659275;0.034348599961958826
[2.89687285, -4.0, 0.91974007, 0.97173057, 1.0054022];False;[1.0, 0.45, 1.8, 0.4, 1.6, 2.0, 2.0, 1.8, 1.2, 0.95, 2.2, 0.7, 1.1, 1.3, 1.7, 1.9, 0.95, 1.4, 2.2, 1.5, 0.9, 0.65, 0.7, 0.95, 0.5, 0.45, 1.3, 0.85, 1.2, 1.6, 1.4, 0.75, 1.2, 0.9, 0.6, 2.2, 0.7, 0.45, 0.8, 0.75, 2.0, 1.4, 0.6, 1.8, 1.2, 1.0, 1.2, 1.6, 1.4, 1.4, 2.4, 1.8, 1.6, 1.6, 0.55, 0.95, 1.0, 1.4, 1.4, 0.9, 0.4, 1.6, 0.95, 1.6, 0.75, 2.0, 1.2, 0.95, 0.9, 1.6, 1.6, 1.8, 2.3, 0.55, 1.2, 0.4, 1.2, 0.75, 2.0, 0.8, 2.0, 2.0, 1.7, 0.95, 2.0, 1.0, 1.4, 1.9, 1.2, 1.8, 1.2, 1.8, 1.8, 1.4, 0.9, 0.75, 0.8, 2.1, 0.45, 0.6, 1.9, 0.6, 0.75, 1.6, 1.4, 1.3, 1.4, 0.9, 1.8, 2.0, 0.75, 0.9, 0.5, 0.8, 2.0, 0.95, 0.75, 1.8, 0.85, 1.8, 1.8, 1.4, 1.1, 1.8, 2.0, 2.0, 1.7, 1.8, 0.55, 1.2, 0.95, 1.4, 1.8, 0.4, 0.45, 1.8, 0.9, 1.4, 1.2, 1.7, 1.7, 1.2, 0.8, 1.1, 1.0, 2.2, 2.3, 0.9, 1.2, 0.6, 1.8, 0.9, 1.6, 2.1, 1.4, 2.2, 1.6, 0.8, 2.4, 0.95, 1.2, 1.6, 1.6, 1.4, 0.95, 1.8, 2.0, 0.9, 0.9, 0.9, 0.85, 2.1, 0.4, 0.8, 1.6, 0.95, 0.85, 0.7, 1.8, 0.7, 1.6, 1.2, 1.0, 2.3, 0.85, 0.6, 0.65, 0.9, 1.8, 1.0, 0.75, 1.8, 1.7, 0.8, 2.0, 1.6, 1.8, 2.0, 2.0, 2.0, 1.2, 0.95, 0.6, 0.7, 1.4, 1.2, 1.6, 0.3, 1.0, 1.3, 1.2, 1.4, 0.9, 1.8, 1.7, 1.2, 1.0, 1.8, 1.7, 2.0, 2.3, 0.8];[0.05377593, 0.05161744, 0.05095348, 0.04185897, -0.19497607, -0.19497929, -0.29841795, -0.3256405, -0.18154836, 0.03217711, 0.05366117, 0.02976492, -0.02836912, -0.02837741, 0.2, 0.2, -0.5, 0.1, 0.02511079, -0.16085216, -0.26488883, -0.28057809, 0.2898728, 0.20088014, 0.12162417, -0.32706915, -0.19461799, 0.02591549, 0.03311415, 0.06269401, -0.04134558, -0.04316371, 0.5, 0.6, 0.0, -0.2, 0.10025998, 0.16981091, 0.26103415, 0.04814711, 0.03874119, 0.03957639, 0.09697409, -0.26954989, 0.0269874, 0.05790452, 0.07362737, 0.07312802, 0.06080282, 0.06199766, 0.4, -0.2, -0.2, 0.2];0.06452010001521558;0.04080970003269613
[2.98109221, -4.0, 0.96992406, 1.00874734, 1.00242081];False;[1.2, 0.65, 1.8, 0.65, 2.2, 0.55, 1.4, 2.2, 1.6, 1.4, 2.2, 0.6, 1.2, 1.4, 1.6, 1.4, 1.2, 1.1, 1.6, 1.5, 1.2, 0.85, 1.0, 2.0, 0.4, 0.45, 1.6, 0.95, 0.75, 0.7, 1.4, 0.6, 1.7, 0.85, 0.65, 1.5, 0.7, 0.7, 0.75, 0.9, 2.0, 1.2, 1.0, 1.9, 1.4, 1.6, 2.1, 2.0, 1.6, 1.4, 2.0, 1.7, 1.2, 1.0, 0.85, 0.7, 1.6, 1.8, 1.6, 0.85, 0.3, 1.6, 0.95, 1.6, 0.7, 1.7, 1.4, 1.6, 1.8, 1.4, 0.9, 2.0, 2.3, 0.75, 1.0, 0.9, 1.2, 0.5, 2.3, 1.6, 1.4, 2.3, 1.7, 1.5, 2.2, 0.65, 1.6, 1.8, 1.4, 1.3, 2.0, 1.2, 2.3, 1.4, 1.2, 0.65, 0.85, 1.6, 0.85, 0.45, 1.6, 0.85, 0.65, 1.0, 1.0, 0.65, 1.6, 0.7, 1.2, 2.2, 0.9, 0.5, 0.55, 0.9, 1.8, 0.9, 0.95, 1.4, 1.2, 0.75, 1.8, 1.8, 1.4, 1.8, 2.2, 1.8, 1.2, 1.6, 0.6, 1.0, 1.4, 1.8, 1.6, 1.2, 0.35, 1.6, 1.2, 1.2, 0.8, 1.7, 1.1, 1.2, 2.1, 1.8, 1.6, 2.2, 2.6, 0.55, 0.95, 0.4, 2.1, 0.9, 1.8, 1.8, 1.4, 2.2, 1.6, 1.2, 1.8, 0.55, 1.2, 1.6, 1.6, 1.4, 2.0, 1.2, 1.5, 1.4, 0.95, 0.85, 1.2, 1.2, 0.65, 0.85, 1.6, 1.3, 0.9, 0.65, 1.0, 0.95, 1.0, 0.95, 1.0, 1.8, 0.75, 0.55, 0.3, 0.95, 2.0, 1.2, 0.85, 1.8, 0.9, 1.4, 1.0, 1.8, 1.2, 1.6, 2.2, 2.2, 1.1, 1.4, 0.3, 1.0, 1.6, 1.4, 1.9, 0.75, 0.45, 1.6, 1.0, 1.7, 0.85, 1.8, 1.7, 1.7, 0.95, 1.4, 0.95, 2.0, 2.3, 0.75];[0.04811534, -0.00746143, -0.06343872, 0.10769452, -0.07668672, -0.08344252, -0.18138169, -0.49743605, -0.24803112, 0.05021212, 0.03851553, 0.03355077, -0.03312032, -0.03343948, 0.2, -0.2, -0.4, 0.0, 0.01240028, -0.12663569, -0.24024701, 0.16024166, 0.15115585, 0.12483542, 0.09328851, -0.4896262, -0.40270328, 0.05270898, 0.06467866, 0.04905411, 0.0601904, 0.05931594, 0.2, -0.1, 0.4, 0.2, 0.09862367, 0.24392238, 0.29819636, 0.06483155, 0.14506616, 0.11130798, 0.04991317, -0.55785841, -0.1260669, 0.04830064, 0.05705686, 0.06260039, 0.0457394, 0.04416851, 0.4, -0.2, -0.5, -0.1];0.040580700035206974;0.021480900002643466
[2.89433077, -0.0, 0.95287879, 0.92937791, 1.01207406];False;[1.2, 0.3, 1.1, 0.65, 1.5, 0.9, 1.6, 2.0, 1.4, 0.95, 2.6, 0.9, 1.6, 1.6, 1.7, 1.9, 1.8, 1.6, 2.3, 0.95, 1.0, 0.6, 0.6, 0.95, 0.45, 0.65, 1.8, 1.0, 0.9, 1.4, 1.0, 0.75, 1.7, 1.3, 0.6, 1.6, 1.2, 0.5, 0.85, 0.65, 2.0, 0.95, 0.65, 1.9, 1.4, 0.75, 0.9, 2.0, 1.9, 2.0, 2.2, 2.2, 1.2, 1.6, 0.65, 1.0, 1.6, 1.2, 1.4, 0.55, 0.9, 1.4, 1.2, 1.7, 1.4, 1.8, 1.4, 1.4, 1.4, 1.2, 1.0, 2.0, 2.4, 0.65, 1.5, 0.55, 1.8, 0.5, 1.6, 1.2, 1.6, 2.2, 1.7, 1.2, 2.4, 0.65, 1.2, 1.6, 1.2, 1.9, 1.4, 1.1, 1.6, 1.0, 1.5, 0.8, 0.85, 0.95, 0.7, 0.45, 1.3, 0.65, 0.65, 1.4, 0.95, 0.85, 1.4, 0.8, 1.6, 2.2, 0.75, 0.5, 0.4, 0.75, 1.7, 0.95, 0.85, 1.4, 1.2, 0.8, 2.0, 1.4, 1.4, 1.3, 2.2, 1.8, 1.6, 2.0, 0.35, 1.0, 0.95, 1.2, 1.9, 0.5, 1.0, 1.8, 0.95, 1.4, 0.9, 1.7, 1.1, 0.95, 1.6, 1.6, 1.2, 1.8, 2.2, 0.8, 1.2, 0.95, 1.4, 0.4, 2.2, 0.75, 1.8, 2.0, 1.2, 0.9, 2.6, 0.7, 1.7, 1.4, 1.6, 1.4, 1.8, 1.1, 1.6, 0.95, 1.2, 0.85, 0.55, 2.0, 0.5, 0.6, 1.9, 0.85, 0.75, 0.85, 1.8, 1.2, 0.95, 0.7, 0.5, 1.6, 0.65, 0.8, 0.6, 0.65, 2.2, 1.6, 0.9, 1.3, 0.85, 0.95, 2.1, 1.8, 1.6, 1.8, 2.4, 2.0, 1.6, 1.8, 0.85, 0.7, 1.4, 1.6, 1.6, 1.2, 0.75, 1.4, 1.2, 1.4, 0.8, 2.2, 1.2, 0.95, 0.85, 1.8, 1.4, 2.0, 2.0, 0.85];[0.0451153, 0.0803464, 0.05409861, 0.06304845, -0.15699908, -0.15607631, -0.29400773, -0.26754769, 0.02330793, 0.04276005, 0.05526952, 0.00621214, -0.09272812, -0.09434764, 0.0, 0.2, -0.1, 0.0, 0.04065527, -0.35586416, -0.36888228, -0.18948846, 0.09081691, 0.07387725, 0.04363863, -0.53918629, -0.32105785, 0.02717829, 0.04076435, 0.05150028, -0.03700796, -0.03854996, 0.4, 0.7, -0.2, -0.2, 0.1016197, 0.01241549, 0.14241668, -0.01438754, 0.00172346, 0.00409674, 0.03064199, -0.46815861, 0.07967506, 0.06742635, 0.05793012, 0.06100859, 0.13183434, 0.13049474, -0.3, -0.2, 0.3, 0.2];0.032793299993500113;0.024822100065648556
[2.93774829, -4.0, 0.94605604, 0.96962873, 1.02206352];False;[1.0, 0.5, 1.1, 0.85, 2.0, 0.8, 1.3, 1.8, 1.7, 0.95, 2.6, 0.95, 1.7, 1.9, 1.2, 1.8, 1.4, 1.1, 2.0, 0.95, 1.5, 0.95, 0.85, 0.9, 0.4, 0.5, 1.8, 1.0, 0.9, 0.75, 1.0, 0.65, 0.95, 0.85, 1.9, 1.5, 0.85, 0.5, 0.65, 0.65, 2.3, 0.95, 0.55, 1.6, 0.9, 0.9, 0.9, 1.4, 1.6, 1.6, 2.3, 1.8, 1.2, 1.8, 0.35, 1.0, 0.95, 1.8, 1.8, 0.45, 0.7, 1.8, 1.4, 1.6, 1.6, 1.8, 1.1, 0.95, 2.0, 1.2, 1.4, 1.8, 2.4, 0.65, 0.9, 0.9, 1.8, 0.85, 1.5, 2.0, 2.0, 2.0, 1.2, 1.0, 1.8, 0.65, 1.7, 1.3, 1.1, 1.6, 1.2, 1.1, 2.3, 1.4, 1.4, 0.95, 1.2, 1.0, 0.85, 0.85, 1.6, 0.8, 0.8, 1.4, 0.95, 0.75, 1.4, 0.75, 0.95, 2.2, 0.9, 0.7, 0.55, 0.7, 2.0, 1.0, 0.7, 1.6, 0.75, 0.8, 0.95, 2.1, 1.6, 1.3, 2.2, 2.2, 1.6, 1.8, 0.75, 0.6, 0.95, 1.8, 1.6, 0.75, 0.75, 1.4, 0.95, 1.4, 0.9, 2.0, 1.1, 0.95, 0.75, 1.2, 1.7, 1.8, 2.3, 0.55, 1.0, 0.9, 2.1, 0.6, 2.2, 1.0, 2.1, 2.0, 1.1, 0.95, 1.7, 0.8, 1.1, 1.6, 1.4, 1.4, 1.2, 1.4, 2.0, 1.2, 1.0, 1.0, 0.75, 1.8, 0.85, 0.85, 1.3, 0.65, 0.9, 0.9, 1.4, 0.9, 0.9, 1.3, 1.4, 1.6, 0.85, 0.55, 0.55, 1.0, 2.2, 0.95, 0.75, 1.6, 1.0, 1.0, 1.2, 2.0, 1.6, 2.0, 2.4, 2.0, 1.2, 1.0, 0.55, 1.0, 0.9, 1.9, 1.4, 0.7, 0.9, 1.4, 1.0, 1.6, 1.6, 2.0, 1.6, 1.6, 1.2, 1.6, 1.4, 1.8, 2.0, 0.75];[0.02546871, 0.09541784, 0.06765694, 0.12600448, -0.01370266, -0.01838464, -0.01910148, -0.45421555, -0.13937582, 0.03026393, 0.04835839, 0.00236888, -0.10722451, -0.10907929, 0.2, 0.6, 0.1, -0.4, 0.07922504, -0.30065188, -0.40369884, -0.61448553, -0.09140326, -0.05007409, -0.02703696, -0.48409997, -0.38962539, 0.03840442, 0.06107829, 0.04925729, 0.01731596, 0.01644735, -0.4, 0.5, 0.3, -0.3, 0.0919185, 0.21703903, 0.23784342, 0.07311301, -0.06958312, -0.05614998, -0.01216364, -0.48007854, -0.16257088, 0.07315076, 0.06776452, 0.07679688, 0.11306805, 0.11310093, 0.5, 0.0, -0.5, -0.2];0.05232589994557202;0.033720399951562285
[2.83945535, -3.0, 0.94767622, 0.91750302, 0.97427612];False;[1.2, 0.45, 1.2, 0.85, 2.2, 0.75, 1.6, 2.2, 1.7, 0.75, 2.2, 0.85, 1.6, 1.4, 1.1, 1.8, 0.9, 1.2, 1.6, 1.0, 0.95, 0.65, 0.65, 1.0, 0.4, 0.65, 1.6, 0.8, 1.0, 0.6, 1.9, 0.85, 0.95, 0.95, 0.45, 1.8, 0.75, 0.8, 0.6, 0.75, 1.7, 1.2, 0.85, 1.9, 0.8, 2.0, 1.8, 1.3, 1.6, 1.8, 2.6, 2.2, 1.7, 1.2, 0.7, 0.95, 1.6, 1.4, 1.8, 1.0, 0.9, 1.4, 1.0, 1.6, 1.8, 2.3, 1.2, 1.0, 1.2, 1.2, 1.0, 1.8, 2.6, 0.85, 0.95, 0.45, 1.4, 0.6, 1.6, 0.9, 1.8, 1.7, 1.6, 1.2, 2.4, 0.7, 1.2, 1.8, 1.6, 1.6, 1.4, 1.9, 1.6, 1.0, 1.5, 0.55, 0.55, 0.95, 0.35, 0.95, 1.8, 0.95, 0.75, 1.6, 1.4, 0.9, 1.0, 0.85, 0.4, 1.5, 0.7, 0.35, 0.4, 0.85, 1.7, 0.95, 0.85, 1.4, 0.95, 1.8, 1.0, 1.6, 1.2, 1.4, 2.3, 2.0, 1.7, 1.0, 0.7, 0.6, 1.2, 1.2, 1.8, 0.5, 0.9, 1.4, 1.4, 1.2, 1.0, 2.0, 1.2, 1.7, 2.0, 1.8, 1.2, 2.2, 2.4, 0.95, 1.0, 0.4, 1.2, 0.75, 2.2, 1.6, 1.8, 2.0, 1.6, 0.75, 2.6, 0.75, 1.4, 1.3, 1.4, 1.4, 0.95, 1.1, 2.2, 1.4, 0.9, 0.9, 0.9, 2.1, 0.4, 0.85, 1.6, 0.95, 1.0, 0.5, 1.8, 0.9, 1.4, 1.2, 1.9, 1.5, 1.0, 0.35, 0.85, 0.7, 1.8, 1.4, 0.8, 1.8, 0.75, 0.85, 1.2, 1.4, 1.4, 1.6, 2.2, 1.8, 1.6, 1.6, 0.65, 1.0, 1.4, 1.1, 1.4, 0.65, 0.5, 1.3, 1.5, 1.4, 0.7, 2.0, 1.4, 1.0, 0.9, 1.2, 1.2, 2.2, 2.3, 0.55];[0.04344654, -0.02491389, -0.09231217, -0.014204, 0.10463582, 0.06264159, 0.07130371, -0.39070263, -0.1419407, 0.03836865, 0.04622654, 0.03811883, 0.01372114, 0.01268202, -0.2, 0.7, 0.0, -0.5, 0.00473893, -0.35528326, -0.47103366, -0.11673116, 0.12015735, 0.10448969, 0.07223639, -0.4434444, -0.27159569, 0.01255795, 0.03459732, 0.04332803, -0.0848988, -0.08657345, 0.6, 0.0, 0.0, 0.4, 0.09093412, 0.09868931, 0.1029774, -0.14458313, 0.0218324, 0.03982983, 0.02030421, -0.39772663, 0.13413368, 0.0329626, 0.0479217, 0.04843789, -0.00307818, -0.00389627, -0.1, 0.0, 0.0, 0.0];0.059561299975030124;0.0373181999893859
[2.96347329, -4.0, 0.95122792, 0.98632861, 1.02591676];False;[1.0, 0.65, 2.0, 0.5, 1.6, 0.8, 1.6, 1.7, 1.2, 0.7, 2.0, 1.2, 1.6, 1.4, 1.7, 1.4, 1.4, 1.6, 2.0, 1.0, 1.5, 0.9, 0.5, 2.1, 0.35, 0.65, 1.4, 0.85, 0.7, 0.95, 1.8, 0.95, 1.0, 0.9, 0.5, 2.3, 1.0, 0.55, 0.4, 0.95, 2.0, 1.2, 0.6, 1.6, 1.6, 1.8, 1.6, 1.8, 1.1, 2.1, 2.0, 2.0, 1.7, 1.8, 0.6, 0.9, 1.4, 1.8, 1.8, 1.2, 0.95, 1.6, 1.0, 1.4, 1.0, 1.8, 1.4, 1.0, 0.85, 1.6, 1.2, 2.0, 2.0, 0.6, 0.95, 0.65, 2.0, 0.8, 1.6, 1.2, 2.0, 2.2, 1.6, 1.4, 1.7, 0.9, 1.6, 1.6, 1.7, 1.8, 2.0, 1.1, 2.0, 1.2, 0.95, 0.95, 0.95, 1.0, 0.85, 0.7, 1.6, 0.75, 1.2, 0.45, 1.0, 1.3, 0.95, 0.8, 0.95, 1.5, 0.7, 0.55, 0.8, 0.95, 1.8, 1.2, 0.55, 1.4, 1.0, 1.2, 0.9, 1.3, 1.4, 1.6, 2.4, 2.0, 1.2, 1.2, 0.45, 0.6, 1.4, 1.4, 1.8, 0.75, 0.3, 1.6, 1.5, 1.4, 0.9, 2.0, 1.6, 0.95, 0.85, 1.9, 1.0, 1.8, 2.4, 0.85, 1.4, 0.3, 1.4, 0.45, 2.0, 1.0, 1.3, 2.0, 1.6, 0.7, 1.7, 0.9, 1.6, 1.3, 1.1, 1.8, 1.0, 1.2, 2.3, 1.2, 0.95, 0.95, 1.0, 1.8, 0.6, 0.7, 1.3, 0.6, 1.0, 0.75, 1.6, 0.85, 1.2, 0.85, 0.75, 1.8, 0.8, 0.5, 0.65, 1.0, 2.0, 0.95, 0.55, 1.4, 0.9, 1.2, 1.6, 2.0, 1.9, 1.6, 2.3, 2.2, 1.2, 1.8, 0.9, 0.65, 0.95, 1.4, 1.9, 0.55, 0.7, 1.4, 1.2, 1.6, 1.8, 2.0, 1.6, 1.6, 2.0, 1.8, 1.0, 2.2, 2.2, 0.55];[0.04033885, -0.03179623, -0.13249783, 0.05944839, -0.10483088, -0.04843351, -0.05454232, -0.04286022, 0.096161, 0.0439033, 0.0391074, 0.06515627, 0.07358204, 0.07339153, -0.2, -0.3, 0.2, 0.3, 0.04844369, -0.15555375, -0.21602191, -0.13206348, 0.13928725, 0.09642708, 0.05536189, -0.16698893, -0.14502721, 0.02884331, 0.04513907, 0.04576902, -0.02593849, -0.02727101, 0.0, 0.1, 0.2, 0.3, 0.09966302, 0.02510739, 0.08189671, 0.18307681, 0.21653195, 0.17253857, 0.08846223, -0.24885611, 0.16272465, 0.04304882, 0.06860097, 0.05814512, 0.0025732, 0.00230002, -0.3, 0.7, 0.0, -0.5];0.05058530007954687;0.030284500098787248
[2.96277469, -4.0, 0.98718366, 0.99653061, 0.97906043];False;[1.0, 0.85, 1.2, 0.7, 2.2, 0.65, 1.6, 1.8, 1.2, 0.95, 2.3, 1.0, 1.1, 1.6, 1.2, 1.3, 1.8, 1.1, 2.3, 1.4, 1.0, 0.95, 0.6, 1.2, 0.6, 0.55, 1.3, 0.8, 1.2, 1.7, 1.2, 0.7, 1.4, 1.3, 1.2, 1.8, 1.0, 0.75, 0.5, 0.9, 2.0, 1.7, 0.7, 1.3, 1.6, 0.75, 0.9, 1.3, 1.4, 1.4, 2.2, 2.0, 1.2, 1.2, 0.8, 1.2, 1.4, 1.4, 1.4, 0.85, 0.8, 1.4, 0.95, 1.6, 0.75, 1.8, 1.4, 1.4, 2.1, 1.8, 1.2, 2.2, 2.4, 0.5, 1.0, 0.75, 1.8, 0.35, 2.2, 1.4, 1.6, 2.0, 1.1, 0.85, 2.3, 1.2, 1.2, 1.9, 1.1, 1.8, 2.0, 1.4, 2.0, 0.9, 0.95, 0.75, 0.7, 1.2, 0.8, 0.65, 1.8, 0.85, 0.95, 0.75, 1.9, 0.9, 1.0, 1.2, 0.75, 2.0, 0.65, 0.35, 0.9, 0.85, 2.2, 1.6, 1.0, 1.4, 1.4, 0.8, 1.4, 1.3, 1.4, 2.1, 2.0, 2.0, 1.4, 1.8, 0.65, 1.3, 1.4, 1.6, 1.6, 0.65, 0.7, 1.8, 1.4, 1.4, 1.8, 1.7, 1.4, 1.6, 0.8, 1.8, 1.7, 1.7, 2.2, 0.95, 1.0, 0.8, 2.0, 0.6, 1.8, 1.4, 1.6, 1.7, 1.4, 0.85, 2.4, 1.2, 1.2, 1.4, 1.1, 1.6, 1.4, 1.2, 2.2, 1.0, 1.4, 0.65, 0.5, 1.2, 0.5, 0.6, 1.6, 0.85, 0.65, 0.75, 0.95, 1.3, 1.6, 0.75, 0.6, 1.6, 0.65, 0.4, 0.7, 0.65, 1.8, 0.95, 0.7, 1.6, 0.9, 0.8, 1.6, 1.6, 1.9, 2.0, 2.6, 2.3, 1.7, 1.4, 0.5, 0.65, 1.6, 1.1, 1.6, 0.7, 0.9, 1.6, 1.2, 1.7, 0.8, 2.0, 1.1, 1.2, 1.6, 1.6, 1.6, 1.8, 2.3, 0.95];[0.04928867, 0.15450129, 0.1374034, 0.09691563, -0.17636549, -0.16539717, -0.3224178, -0.50748727, -0.28536389, 0.05304016, 0.05430686, 0.03792282, -0.00076764, -0.00211688, 0.5, 0.1, -0.5, -0.4, 0.02330555, -0.06897304, -0.04786416, -0.10091975, -0.05880628, -0.03444756, -0.01399634, -0.17627466, -0.05519462, 0.03843341, 0.0499821, 0.05453366, -0.01865341, -0.01932041, 0.7, 0.7, -0.2, -0.3, 0.09676017, -0.08171188, 0.04441502, -0.07072389, -0.03164744, -0.04093391, 0.03244972, -0.22343635, 0.08006844, 0.0569788, 0.04982734, 0.06269712, 0.0717166, 0.07226347, 0.2, 0.5, -0.5, -0.6];0.043814899981953204;0.03170479997061193
[2.98506501, -2.0, 0.95246488, 1.02989496, 1.00270517];False;[1.2, 0.35, 1.8, 0.65, 1.6, 1.8, 2.0, 1.8, 1.2, 0.9, 2.4, 1.2, 1.6, 1.8, 1.4, 1.9, 1.2, 1.8, 2.2, 1.2, 1.2, 0.6, 0.8, 2.0, 0.4, 0.7, 1.4, 0.85, 0.85, 0.85, 1.6, 0.7, 1.4, 1.0, 0.5, 1.6, 0.95, 0.4, 0.5, 0.85, 1.7, 1.2, 0.85, 1.6, 0.95, 0.8, 1.2, 2.1, 1.6, 2.0, 2.4, 2.0, 1.4, 1.4, 0.7, 0.6, 1.2, 1.9, 1.6, 0.35, 0.45, 1.9, 1.4, 1.6, 0.75, 2.0, 1.6, 1.6, 0.75, 1.2, 0.9, 2.2, 2.3, 0.55, 1.0, 0.45, 2.0, 0.35, 2.0, 1.6, 1.3, 1.7, 1.4, 1.4, 2.2, 0.85, 1.1, 1.6, 1.6, 1.3, 2.0, 1.9, 2.2, 1.4, 0.9, 0.95, 0.7, 0.95, 0.8, 0.55, 1.6, 0.8, 1.0, 0.85, 1.6, 1.2, 1.0, 1.0, 0.5, 2.3, 0.8, 0.9, 0.85, 0.65, 2.2, 1.6, 1.1, 1.6, 1.4, 1.6, 2.1, 1.4, 1.2, 2.0, 2.0, 1.8, 1.2, 2.0, 0.8, 1.2, 1.0, 1.4, 1.8, 0.6, 0.4, 1.8, 1.4, 1.7, 2.0, 2.0, 1.6, 1.0, 0.75, 1.8, 1.6, 2.3, 2.3, 0.65, 1.0, 0.65, 1.6, 0.95, 1.8, 0.8, 1.6, 1.8, 1.6, 1.4, 2.2, 0.5, 1.6, 1.8, 1.4, 1.6, 1.2, 1.6, 2.3, 1.0, 0.9, 0.75, 0.95, 1.4, 0.6, 0.7, 1.3, 0.75, 0.65, 0.55, 1.6, 0.75, 1.4, 0.85, 0.95, 1.5, 0.7, 0.4, 0.9, 0.7, 2.3, 1.2, 0.9, 1.4, 0.7, 0.7, 0.9, 2.0, 1.6, 2.0, 2.6, 1.8, 1.7, 1.6, 0.65, 0.9, 0.95, 1.4, 1.3, 1.2, 0.5, 1.4, 0.95, 1.4, 2.0, 2.3, 1.2, 1.4, 1.0, 1.4, 1.0, 2.0, 2.6, 0.65];[0.03463035, 0.09910574, 0.07548051, 0.06186904, -0.1949408, -0.12948353, -0.224183, -0.20673173, -0.00176876, 0.03414894, 0.05065587, -0.00718951, -0.14734354, -0.14893828, 0.2, 0.5, 0.0, -0.2, 0.06441965, 0.12129628, 0.0159954, 0.10785033, 0.20559958, 0.16373362, 0.13986697, -0.19475306, -0.09876393, 0.03411779, 0.03149004, 0.03216532, -0.02615909, -0.02714316, 0.5, -0.3, -0.6, -0.1, 0.11742988, 0.0650039, 0.12039131, -0.07133249, -0.03762008, -0.02682399, -0.06172891, -0.04410076, 0.21152526, 0.07485194, 0.06640773, 0.08632045, 0.09279363, 0.09059378, 0.2, 0.2, 0.2, 0.0];0.05946829996537417;0.027342299930751324
[2.90358856, -4.0, 0.96030822, 0.9813869, 0.96189344];False;[1.4, 0.4, 1.4, 0.55, 1.8, 0.7, 1.8, 2.0, 1.2, 1.4, 2.3, 0.6, 1.7, 1.6, 1.2, 1.9, 1.0, 1.2, 1.8, 1.0, 0.9, 1.0, 0.55, 1.2, 0.7, 0.6, 1.6, 0.75, 0.75, 0.65, 1.0, 0.7, 1.2, 0.85, 1.0, 2.3, 0.65, 0.9, 0.55, 0.7, 2.2, 1.7, 1.1, 1.4, 1.6, 1.6, 2.1, 1.4, 1.8, 2.0, 2.4, 1.8, 1.6, 1.4, 0.7, 0.9, 1.0, 1.1, 1.8, 0.5, 0.65, 1.6, 1.0, 1.2, 2.0, 1.8, 1.4, 1.7, 0.95, 1.8, 1.6, 2.2, 2.0, 1.0, 1.5, 0.8, 2.1, 0.55, 1.6, 0.65, 1.8, 1.8, 1.4, 1.5, 2.0, 0.65, 1.1, 1.6, 1.4, 1.4, 1.0, 1.6, 2.3, 1.2, 1.2, 1.0, 0.6, 1.4, 0.5, 0.5, 1.6, 0.8, 1.2, 1.0, 1.6, 0.7, 1.0, 0.85, 1.8, 1.6, 0.7, 0.6, 0.6, 1.2, 2.3, 1.4, 0.95, 1.3, 0.95, 1.2, 1.6, 1.6, 1.4, 2.0, 2.0, 1.8, 1.4, 1.4, 0.85, 1.0, 1.4, 1.6, 1.6, 1.2, 0.4, 1.6, 1.2, 1.1, 0.75, 2.3, 1.1, 1.0, 1.0, 1.4, 0.95, 1.8, 2.2, 0.85, 1.0, 0.55, 1.4, 0.4, 1.8, 0.9, 1.4, 1.8, 1.2, 1.0, 1.8, 0.65, 1.4, 1.6, 1.2, 1.4, 0.95, 1.4, 1.6, 1.2, 1.2, 0.7, 0.9, 1.0, 0.85, 0.9, 1.9, 0.95, 0.85, 1.4, 0.9, 0.75, 1.2, 0.85, 1.4, 2.3, 0.7, 0.5, 0.35, 0.75, 2.2, 0.95, 0.55, 1.9, 1.6, 0.75, 1.8, 1.4, 1.4, 1.6, 2.4, 1.8, 1.2, 2.1, 0.35, 0.9, 1.2, 1.6, 1.9, 0.6, 0.5, 1.3, 1.5, 1.7, 0.95, 2.2, 1.1, 0.95, 2.1, 1.2, 0.95, 2.2, 2.3, 0.6];[0.03492401, 0.09525551, 0.02521039, 0.13071417, -0.10837176, -0.05023512, -0.0649344, -0.31777801, -0.02107036, 0.05382316, 0.05831384, 0.00182984, -0.09306331, -0.09424621, -0.1, 0.7, 0.5, 0.0, -0.01464307, -0.07692191, -0.20512065, -0.36377749, -0.02516464, -0.01617494, -0.0315339, -0.30890572, -0.27987983, 0.05292519, 0.05638074, 0.05635364, 0.0574492, 0.05737004, 0.5, 0.0, 0.0, 0.3, 0.11534377, 0.04955637, 0.170609, -0.11090454, 0.01236018, 0.03397646, -0.0070651, -0.48363158, -0.05341089, 0.04014088, 0.04713112, 0.05758476, 0.01214067, 0.01134385, 0.2, 0.2, -0.3, -0.5];0.04350919998250902;0.02862340002320707
[2.98721044, -2.0, 1.00047361, 1.009817, 0.97691983];False;[1.0, 0.9, 1.2, 0.75, 2.2, 0.9, 2.1, 2.0, 1.6, 0.8, 2.6, 0.55, 1.6, 1.6, 1.1, 1.8, 1.4, 1.1, 1.6, 1.2, 1.4, 1.0, 0.8, 1.8, 0.65, 0.4, 1.6, 0.6, 0.75, 1.0, 1.6, 1.0, 1.4, 0.7, 1.9, 2.0, 0.6, 0.85, 0.4, 1.0, 2.2, 1.0, 0.5, 1.9, 0.9, 1.8, 0.9, 1.4, 1.2, 2.0, 2.4, 1.7, 1.2, 1.6, 0.55, 1.3, 1.2, 1.9, 1.9, 0.5, 0.3, 1.4, 1.4, 1.7, 0.75, 1.8, 1.4, 0.9, 1.8, 1.9, 1.6, 2.2, 2.2, 1.0, 1.4, 0.75, 1.8, 0.45, 2.3, 0.6, 2.0, 2.2, 1.6, 0.7, 1.8, 1.2, 1.6, 1.8, 1.6, 1.9, 0.95, 1.2, 2.0, 1.0, 1.2, 0.95, 0.9, 1.0, 0.9, 0.8, 1.9, 0.7, 1.0, 0.9, 1.8, 0.9, 1.4, 1.2, 0.8, 2.2, 0.95, 0.8, 0.4, 0.75, 1.8, 0.95, 1.0, 1.4, 1.0, 2.1, 1.2, 2.1, 1.8, 1.4, 2.3, 2.0, 1.2, 1.8, 0.85, 1.2, 1.2, 1.6, 1.4, 0.55, 0.7, 1.6, 1.4, 1.4, 1.6, 2.0, 1.7, 1.4, 0.95, 1.6, 0.95, 1.8, 2.0, 0.6, 0.95, 0.5, 1.2, 0.85, 1.6, 0.9, 1.8, 1.8, 1.2, 1.5, 2.2, 0.55, 1.1, 1.6, 1.1, 1.4, 1.4, 1.4, 2.0, 1.4, 0.9, 0.6, 1.0, 1.2, 0.5, 0.75, 1.4, 0.65, 0.75, 0.45, 1.2, 0.85, 1.0, 0.75, 0.55, 2.0, 0.95, 0.85, 0.7, 0.95, 2.3, 1.0, 0.65, 1.8, 0.8, 1.0, 0.9, 2.0, 1.1, 1.4, 2.2, 2.2, 1.4, 1.0, 0.7, 0.85, 1.2, 1.6, 1.3, 1.3, 0.8, 1.3, 1.0, 1.6, 0.85, 2.0, 1.4, 1.4, 2.0, 1.8, 0.9, 2.3, 2.3, 0.85];[0.03632199, 0.02836706, -0.03949889, 0.12696958, 0.10930044, 0.14410882, 0.21579926, -0.24900451, -0.12350116, 0.04676592, 0.03842863, 0.00833329, -0.0681842, -0.06968926, 0.0, 0.7, -0.1, -0.6, 0.0637313, -0.10740006, -0.18036522, -0.19944918, 0.13930966, 0.0777337, 0.00528865, -0.21206284, -0.03575977, 0.03606191, 0.0539896, 0.05545474, 0.00273514, 0.0021528, 0.2, 0.3, 0.2, 0.2, 0.0879932, -0.00412559, 0.00500643, -0.09009077, -0.08768984, -0.03141333, -0.061255, -0.61718107, -0.21784033, 0.0777102, 0.07657641, 0.07475817, 0.13174369, 0.12976224, 0.5, 0.3, -0.5, -0.5];0.04417430004104972;0.030215000035241246
[2.95424212, -4.0, 0.95774229, 0.98439287, 1.01210695];False;[0.9, 0.45, 2.1, 0.6, 2.2, 2.1, 1.8, 2.2, 1.2, 1.4, 1.7, 0.8, 1.7, 1.8, 1.4, 1.8, 1.4, 1.2, 1.6, 1.4, 1.2, 0.8, 1.2, 2.1, 0.8, 0.65, 1.9, 0.7, 1.2, 0.5, 1.2, 0.75, 1.7, 1.0, 1.9, 2.0, 0.75, 0.35, 0.6, 0.75, 2.3, 0.9, 0.55, 1.4, 0.75, 2.0, 1.2, 1.3, 1.2, 1.6, 2.4, 1.8, 1.6, 1.0, 0.9, 0.9, 1.6, 1.4, 1.4, 0.3, 0.9, 1.4, 0.95, 1.7, 0.8, 1.8, 1.6, 1.6, 1.0, 1.4, 1.6, 1.8, 2.6, 0.9, 1.0, 0.6, 1.4, 0.7, 2.2, 2.1, 1.4, 1.8, 1.4, 0.75, 2.6, 1.2, 1.7, 1.9, 1.7, 1.8, 1.4, 1.6, 2.0, 1.0, 0.9, 0.85, 1.0, 2.0, 0.55, 0.4, 1.6, 0.85, 1.0, 0.6, 0.9, 0.75, 0.95, 0.85, 0.7, 2.2, 0.75, 0.5, 0.5, 0.9, 2.2, 1.0, 0.8, 1.8, 1.2, 0.75, 1.6, 1.8, 1.9, 1.6, 2.4, 2.0, 1.2, 2.0, 0.35, 1.2, 1.6, 1.2, 1.9, 0.75, 0.45, 1.6, 1.5, 1.2, 0.9, 1.7, 1.2, 1.6, 1.0, 1.4, 0.9, 2.0, 2.4, 0.85, 0.95, 0.75, 2.0, 0.85, 2.2, 1.2, 1.3, 2.3, 1.2, 0.8, 2.0, 0.95, 1.7, 1.9, 1.2, 1.6, 1.8, 1.2, 2.0, 0.9, 1.2, 0.9, 0.8, 2.1, 0.5, 0.45, 1.6, 0.6, 0.75, 0.7, 1.4, 0.7, 1.4, 0.75, 1.6, 1.6, 0.65, 0.75, 0.65, 0.9, 2.2, 1.7, 1.0, 1.3, 1.6, 1.8, 2.1, 1.4, 1.2, 2.0, 2.2, 2.0, 1.7, 0.95, 0.8, 1.2, 0.95, 1.8, 1.3, 0.8, 0.85, 1.9, 1.5, 1.2, 1.2, 1.8, 1.2, 1.2, 1.0, 1.4, 1.2, 2.0, 2.4, 1.3];[0.05126601, 0.25185332, 0.24411108, 0.15411112, -0.20997713, -0.21578393, -0.329879, -0.35624263, -0.26329456, 0.04414435, 0.06202256, -0.00141388, -0.10362578, -0.1054745, 0.1, 0.4, 0.0, -0.3, 0.02747786, -0.14707864, -0.27873259, -0.2897785, 0.12185902, 0.08769337, 0.05002857, -0.22858635, -0.12193949, 0.03696539, 0.0521847, 0.05821088, -0.00127416, -0.00236248, 0.2, 0.1, 0.5, 0.5, 0.08062211, 0.02192415, 0.1240735, -0.10542589, -0.17941603, -0.12410442, -0.0854962, -0.14752633, 0.02665731, 0.07191316, 0.02525765, 0.07318714, 0.11328465, 0.11263413, 0.2, 0.4, 0.5, 0.0];0.04356169991660863;0.02277829998638481
[2.94969933, -1.0, 0.96828595, 0.9752259, 1.00618747];False;[1.0, 0.75, 1.2, 0.75, 2.0, 1.0, 1.8, 2.0, 1.2, 1.4, 1.7, 0.55, 1.2, 1.6, 1.6, 1.8, 2.0, 1.8, 1.8, 1.2, 1.4, 0.8, 0.8, 0.95, 0.6, 0.7, 1.4, 0.95, 0.9, 0.45, 1.2, 0.9, 1.6, 0.95, 0.7, 2.0, 0.75, 0.3, 0.9, 0.9, 1.8, 1.2, 0.7, 1.9, 1.2, 1.0, 1.8, 1.4, 1.4, 2.0, 2.2, 2.0, 1.1, 1.4, 0.45, 1.0, 0.95, 1.4, 1.4, 0.75, 0.5, 1.4, 1.0, 1.7, 1.6, 2.2, 1.6, 1.6, 0.75, 1.4, 1.6, 2.0, 2.4, 0.8, 1.4, 0.85, 1.4, 0.65, 1.8, 0.55, 1.3, 1.8, 1.4, 1.4, 2.2, 0.75, 1.2, 1.6, 1.6, 1.8, 1.2, 1.8, 2.3, 1.0, 1.0, 0.7, 0.7, 1.6, 0.45, 0.45, 1.4, 0.85, 0.7, 1.0, 1.8, 1.2, 1.4, 0.95, 0.8, 1.5, 0.65, 0.8, 0.35, 1.0, 1.8, 1.2, 0.6, 1.8, 0.95, 1.2, 1.2, 2.0, 1.4, 2.1, 2.3, 2.0, 1.7, 2.0, 0.7, 1.2, 1.6, 1.4, 1.6, 0.5, 0.45, 1.8, 1.5, 1.4, 0.95, 2.0, 1.6, 1.0, 0.8, 1.4, 1.6, 1.8, 2.2, 0.95, 1.4, 0.9, 1.6, 0.85, 2.0, 1.2, 1.4, 1.8, 1.2, 0.95, 2.2, 0.95, 1.7, 1.4, 1.2, 1.6, 2.1, 1.2, 1.8, 1.0, 0.95, 0.55, 0.7, 2.0, 0.5, 0.65, 1.8, 0.9, 1.0, 0.55, 1.6, 1.2, 1.2, 0.9, 0.9, 1.8, 0.8, 0.75, 0.35, 0.85, 2.2, 1.4, 0.7, 1.4, 0.75, 0.75, 1.8, 2.1, 1.8, 1.3, 2.6, 2.2, 1.4, 2.0, 0.8, 1.2, 0.95, 1.6, 1.3, 0.55, 0.8, 1.9, 0.95, 1.6, 0.85, 1.8, 1.4, 1.4, 0.9, 1.2, 1.2, 1.8, 2.2, 0.65];[0.03912576, 0.02312775, 0.04372953, -0.01240983, -0.21198805, -0.17135869, -0.268238, -0.37889573, -0.20752994, 0.04198086, 0.0551155, 0.02908962, -0.01857113, -0.01945522, 0.4, 0.2, -0.5, -0.1, 0.02989184, -0.1978477, -0.32202479, -0.29347969, 0.04875162, 0.03904843, 0.03647222, 0.10884426, 0.01189327, 0.02342719, 0.05828108, 0.039496, -0.02073069, -0.02181467, 0.4, 0.2, -0.2, 0.2, 0.10930692, 0.10335426, 0.20461681, 0.09327572, -0.06384502, -0.05952156, -0.05104965, -0.41350472, 0.09589603, 0.0562845, 0.04515239, 0.06094292, 0.09217513, 0.09251883, -0.3, 0.4, 0.1, -0.4];0.036894200020469725;0.03346319997217506
[2.90164316, -1.0, 0.9627646, 0.93661062, 1.00226795];False;[1.5, 0.7, 1.6, 0.6, 1.8, 0.95, 2.0, 2.3, 1.2, 1.5, 2.4, 0.5, 1.6, 1.4, 1.6, 1.4, 0.95, 1.6, 1.6, 1.0, 0.95, 0.95, 0.65, 0.95, 0.85, 0.7, 1.6, 0.85, 0.75, 1.2, 1.6, 0.75, 0.95, 0.9, 0.5, 2.2, 0.6, 0.45, 0.85, 0.7, 2.3, 0.95, 0.55, 1.8, 0.9, 1.0, 1.4, 1.4, 1.2, 2.0, 2.2, 1.8, 1.7, 1.4, 0.85, 0.7, 1.0, 1.6, 1.6, 1.3, 0.5, 1.4, 1.4, 1.4, 2.0, 2.0, 1.1, 0.95, 1.2, 1.9, 1.0, 2.2, 2.2, 0.9, 0.9, 0.95, 2.1, 0.45, 1.8, 0.6, 1.8, 1.7, 1.7, 1.4, 2.4, 0.6, 1.6, 1.3, 1.4, 1.8, 0.95, 1.6, 1.5, 1.0, 0.9, 0.8, 1.2, 0.95, 0.3, 0.65, 1.8, 1.0, 1.0, 0.95, 1.6, 0.8, 1.6, 0.7, 0.9, 1.8, 0.75, 0.4, 0.55, 0.85, 2.0, 1.4, 0.85, 1.3, 0.75, 0.95, 1.0, 2.0, 1.8, 1.3, 2.2, 1.8, 1.4, 1.2, 0.35, 0.95, 1.2, 1.8, 1.8, 0.45, 0.8, 1.4, 0.9, 1.6, 0.95, 1.8, 1.4, 1.4, 0.8, 1.2, 1.4, 1.7, 2.2, 0.65, 1.0, 0.35, 1.2, 0.8, 2.0, 0.7, 1.8, 2.2, 1.4, 0.7, 2.6, 0.65, 1.2, 1.8, 1.6, 1.8, 1.6, 1.4, 2.0, 0.95, 1.0, 0.85, 0.75, 1.0, 0.7, 0.75, 1.6, 0.65, 0.9, 0.65, 0.9, 0.9, 0.95, 0.8, 0.8, 2.0, 0.65, 0.8, 0.8, 0.95, 2.2, 0.95, 1.1, 1.8, 0.7, 0.85, 1.6, 2.0, 1.4, 2.0, 2.3, 2.2, 1.4, 1.0, 0.45, 0.9, 1.4, 1.2, 1.3, 0.9, 0.7, 1.4, 1.4, 1.6, 1.0, 2.2, 1.7, 1.7, 2.1, 1.4, 1.2, 1.7, 2.0, 1.0];[0.03623381, 0.05357164, -0.00325538, 0.13183151, -0.08112051, -0.04131948, -0.10012851, -0.21570183, -0.18343495, 0.03303296, 0.02848141, 0.06174933, 0.06509014, 0.06533555, -0.2, -0.2, 0.2, 0.2, 0.10631276, -0.35883595, -0.41226908, -0.35166948, 0.05307281, 0.04506447, 0.0197313, -0.31242237, -0.13047708, 0.02657207, 0.06349801, 0.04669308, -0.05282153, -0.05402372, -0.3, 0.4, 0.0, -0.2, 0.10741989, 0.25280839, 0.43256009, -0.06244186, -0.08028109, -0.09098152, -0.06407583, -0.14333963, 0.06399423, 0.06058647, 0.05566095, 0.07084033, 0.07497633, 0.07328921, 0.6, 0.2, -0.4, 0.0];0.05094670003745705;0.0314561000559479
[2.91110979, -1.0, 0.93780491, 0.98655916, 0.98674572];False;[0.9, 0.75, 1.2, 0.4, 1.8, 1.0, 2.0, 2.3, 1.2, 0.85, 2.0, 0.75, 1.1, 1.8, 1.6, 1.8, 1.4, 1.9, 2.2, 0.9, 1.2, 0.55, 0.55, 1.4, 0.35, 0.9, 1.8, 1.0, 0.65, 0.85, 0.95, 0.8, 1.6, 1.3, 0.4, 1.8, 0.65, 0.8, 0.45, 0.9, 2.3, 1.2, 0.7, 1.9, 1.2, 0.75, 2.0, 2.0, 1.9, 1.3, 2.3, 2.2, 1.6, 1.4, 0.6, 1.2, 1.0, 1.6, 1.8, 0.5, 0.95, 1.6, 0.95, 1.6, 1.2, 1.7, 1.6, 1.2, 0.85, 1.8, 1.4, 1.8, 2.3, 0.95, 1.5, 0.75, 1.4, 0.75, 2.3, 1.6, 2.0, 2.2, 1.2, 0.9, 2.0, 0.75, 1.6, 1.9, 1.7, 1.8, 1.0, 1.9, 2.0, 0.95, 1.2, 0.65, 0.9, 1.8, 0.55, 1.0, 1.6, 0.7, 0.8, 0.45, 1.8, 0.95, 1.6, 0.85, 0.7, 2.0, 0.9, 0.4, 0.75, 1.2, 2.2, 1.6, 1.0, 1.4, 0.8, 0.75, 1.0, 1.8, 1.6, 1.8, 2.0, 1.8, 1.4, 0.95, 0.3, 0.95, 0.95, 1.1, 1.8, 1.0, 1.0, 1.9, 1.0, 1.1, 1.8, 2.2, 1.2, 1.4, 1.0, 1.4, 0.95, 2.3, 2.4, 0.6, 0.95, 0.35, 2.0, 0.4, 1.8, 0.75, 1.4, 2.3, 1.7, 0.75, 1.8, 1.3, 1.6, 1.6, 1.2, 1.9, 1.8, 1.8, 2.2, 0.95, 1.5, 0.5, 0.65, 1.6, 0.4, 0.55, 1.6, 1.0, 0.75, 0.85, 0.95, 1.2, 1.2, 0.75, 0.55, 2.3, 0.75, 0.6, 0.5, 1.2, 2.0, 1.0, 0.8, 1.6, 0.95, 1.2, 1.0, 1.4, 1.2, 1.8, 2.0, 2.2, 1.1, 1.6, 0.5, 1.2, 1.6, 1.4, 1.4, 1.2, 0.75, 1.6, 1.5, 1.4, 0.95, 2.2, 1.2, 0.95, 1.8, 1.6, 1.6, 1.8, 2.4, 0.85];[0.04364935, 0.02580135, 0.01814513, 0.07750028, -0.221232, -0.18074283, -0.22916926, -0.48846156, -0.18763215, 0.04441743, 0.05572679, 0.01228281, -0.07491782, -0.07676938, 0.7, 0.2, -0.5, 0.0, -0.01810199, -0.29975609, -0.3916494, -0.50565545, 0.00112485, 0.01212852, 0.00174155, -0.46566751, -0.25164514, 0.04774098, 0.05142959, 0.05797504, 0.03805479, 0.03788498, 0.3, 0.1, 0.5, 0.6, 0.09720685, 0.02216195, 0.1002828, -0.11659364, -0.05882269, -0.05907056, 0.00214911, -0.16435055, 0.11692222, 0.07235849, 0.04651015, 0.07541041, 0.13222159, 0.13064872, 0.0, 0.7, 0.2, -0.2];0.04901109996717423;0.02695630001835525
[2.92958995, -1.0, 0.99674389, 0.97425977, 0.95858629];False;[0.95, 0.45, 1.4, 0.95, 2.3, 0.55, 2.0, 2.3, 1.7, 0.8, 1.8, 0.6, 1.2, 1.8, 1.4, 1.6, 1.6, 1.6, 1.8, 1.4, 0.95, 0.85, 0.9, 1.6, 0.85, 0.75, 1.9, 0.65, 0.65, 0.7, 0.95, 1.2, 0.95, 1.0, 0.45, 1.5, 1.2, 0.85, 0.6, 0.95, 2.2, 1.2, 0.8, 1.4, 0.8, 0.75, 0.9, 1.8, 1.8, 2.1, 2.2, 2.2, 1.6, 1.6, 0.5, 0.95, 1.0, 1.1, 1.8, 0.75, 0.5, 1.8, 1.4, 1.6, 1.2, 2.3, 1.4, 1.0, 0.95, 1.6, 1.0, 2.3, 2.0, 0.55, 0.95, 0.55, 1.4, 0.9, 1.8, 0.65, 1.4, 2.0, 1.7, 0.8, 2.4, 1.2, 1.2, 1.9, 1.7, 1.6, 1.6, 1.4, 2.2, 1.5, 1.2, 0.5, 0.85, 1.4, 0.75, 0.5, 1.6, 0.65, 0.75, 0.5, 1.9, 0.75, 1.4, 1.2, 0.95, 1.8, 0.95, 0.5, 0.5, 0.8, 2.2, 1.2, 0.7, 1.6, 0.7, 1.0, 1.8, 2.0, 1.2, 1.6, 2.2, 2.0, 1.4, 1.8, 0.3, 0.9, 1.2, 1.6, 1.4, 0.8, 0.85, 1.4, 0.95, 1.2, 0.8, 2.2, 1.2, 0.95, 0.9, 1.2, 1.7, 2.2, 2.0, 0.65, 1.2, 0.35, 1.2, 0.95, 1.5, 0.65, 1.3, 1.7, 1.4, 1.0, 2.4, 0.9, 1.1, 1.8, 1.6, 1.3, 0.9, 1.2, 1.6, 1.0, 1.5, 0.8, 0.95, 0.95, 0.55, 0.55, 1.8, 0.9, 0.65, 0.9, 1.9, 1.0, 0.95, 0.95, 0.7, 2.0, 0.75, 0.3, 0.6, 0.7, 2.3, 1.4, 0.8, 1.4, 0.9, 2.0, 0.9, 1.8, 1.6, 1.6, 2.6, 1.7, 1.4, 2.0, 0.7, 0.8, 0.95, 1.6, 1.3, 0.45, 0.85, 1.8, 0.95, 1.2, 0.95, 2.2, 1.4, 1.0, 1.8, 1.8, 1.7, 1.8, 2.3, 0.55];[0.0593932, -0.02925589, -0.10047605, -0.00639136, 0.13153015, 0.13862838, 0.15049753, -0.30492432, -0.03582406, 0.03467225, 0.04024134, 0.01734734, -0.04184172, -0.04282317, 0.6, 0.2, -0.4, -0.2, -0.01293883, -0.19399266, -0.2826107, -0.42553786, 0.14034292, 0.11126751, 0.08248373, -0.43348861, -0.25010131, 0.04040908, 0.04489507, 0.07008213, 0.00289559, 0.00168342, 0.7, -0.1, 0.0, 0.5, 0.08698689, 0.19093832, 0.37364592, -0.04361478, -0.14275084, -0.12009959, -0.03703457, -0.36692833, 0.11060068, 0.03839906, 0.05573819, 0.06182586, -0.00254762, -0.00189213, 0.7, -0.3, -0.1, 0.4];0.04732390004210174;0.02763490006327629
[3.01235058, -4.0, 0.9822624, 0.96409495, 1.06599323];False;[1.4, 0.35, 2.0, 0.8, 2.0, 0.75, 1.3, 2.3, 1.4, 1.0, 2.4, 0.65, 1.2, 1.6, 1.6, 1.6, 1.4, 1.6, 1.6, 1.4, 0.95, 1.0, 0.95, 1.2, 0.45, 1.0, 1.3, 0.6, 0.75, 0.8, 1.4, 1.0, 1.0, 0.85, 1.2, 1.8, 0.6, 0.75, 0.8, 1.0, 1.8, 0.95, 0.9, 1.6, 0.85, 1.6, 1.0, 1.8, 1.6, 1.8, 2.4, 2.3, 1.6, 1.6, 0.3, 1.0, 0.9, 1.6, 1.4, 1.3, 0.8, 1.8, 1.4, 1.4, 1.2, 1.7, 1.4, 1.4, 2.0, 1.2, 1.6, 2.0, 2.4, 0.7, 1.2, 0.65, 1.4, 0.8, 2.2, 0.9, 1.4, 1.7, 1.4, 0.85, 2.0, 0.85, 1.2, 1.3, 1.4, 1.8, 0.9, 1.4, 1.6, 0.9, 0.95, 0.95, 0.95, 1.2, 0.8, 0.7, 1.9, 0.7, 0.75, 0.65, 1.4, 0.9, 1.0, 0.8, 1.4, 2.3, 0.85, 0.7, 0.8, 0.95, 2.3, 1.6, 0.9, 1.4, 0.95, 1.2, 1.0, 1.6, 1.2, 1.6, 2.4, 2.3, 1.4, 2.0, 0.5, 0.75, 1.6, 1.4, 1.6, 0.6, 0.5, 1.6, 1.2, 1.7, 1.6, 1.8, 1.1, 1.2, 0.75, 1.6, 0.95, 1.8, 2.3, 1.0, 1.4, 0.55, 1.4, 0.95, 2.2, 0.9, 2.1, 1.8, 1.6, 0.8, 1.8, 0.8, 1.2, 1.6, 1.4, 1.4, 2.0, 1.8, 2.3, 1.0, 1.0, 1.0, 0.6, 2.0, 0.85, 0.65, 1.8, 0.75, 1.2, 0.9, 1.4, 0.75, 1.0, 0.75, 1.0, 1.6, 1.0, 0.9, 0.8, 0.95, 2.3, 1.2, 0.7, 1.3, 0.75, 1.6, 2.0, 1.8, 1.6, 1.3, 2.3, 2.2, 1.1, 1.8, 0.6, 0.7, 1.6, 1.4, 1.6, 0.75, 0.75, 1.9, 1.4, 1.4, 0.75, 1.7, 1.2, 0.95, 1.4, 1.4, 1.0, 2.2, 2.2, 0.65];[0.03561817, -0.09636685, -0.20486317, 0.01077967, -0.14501026, -0.13047802, -0.21485705, -0.24769651, -0.14813992, 0.03721913, 0.04011549, 0.05535062, 0.0664332, 0.06638667, 0.4, 0.0, -0.2, 0.2, 0.11983057, -0.13082669, -0.16788502, -0.19709661, 0.06398294, 0.04434939, 0.0090918, -0.02832066, -0.04272292, 0.0332895, 0.04637557, 0.03594908, -0.00559319, -0.00682982, 0.1, 0.4, -0.5, -0.3, 0.07733269, 0.30804475, 0.38348976, 0.1141824, 0.12011106, 0.09775028, 0.0351246, -0.33108256, 0.11425576, 0.0603746, 0.03089604, 0.06096717, 0.09518622, 0.09435087, 0.4, 0.0, -0.2, 0.0];0.0543917000759393;0.03545279998797923
[2.97128068, -2.0, 0.96834083, 1.00719234, 0.99574751];False;[1.0, 0.3, 2.0, 0.8, 1.8, 0.9, 1.3, 1.7, 1.2, 0.95, 2.6, 0.85, 1.6, 1.4, 1.7, 1.8, 1.8, 1.1, 2.2, 0.95, 1.2, 0.95, 1.0, 1.0, 0.5, 0.7, 1.4, 1.0, 0.85, 1.0, 1.6, 1.0, 1.2, 1.0, 1.4, 1.6, 0.8, 0.75, 0.8, 0.85, 2.2, 1.7, 0.55, 1.9, 1.0, 2.0, 2.0, 1.8, 1.4, 1.8, 2.4, 2.2, 1.6, 0.95, 0.65, 0.65, 1.4, 1.8, 1.9, 1.0, 0.75, 1.4, 0.9, 1.2, 1.8, 2.0, 1.4, 1.4, 0.95, 1.1, 1.2, 1.7, 2.6, 0.6, 0.95, 0.5, 1.8, 0.9, 1.8, 0.85, 1.4, 2.2, 1.6, 1.0, 2.4, 0.85, 1.2, 1.6, 1.1, 1.9, 1.8, 1.2, 1.6, 0.95, 0.9, 0.95, 0.95, 1.8, 0.45, 0.7, 1.8, 1.0, 0.8, 1.7, 1.6, 1.2, 1.6, 0.9, 0.75, 2.2, 0.9, 0.45, 0.6, 0.8, 2.2, 1.6, 0.7, 1.6, 0.8, 0.7, 2.0, 1.8, 1.9, 1.4, 2.4, 2.0, 1.7, 1.6, 0.85, 1.2, 1.0, 1.8, 1.8, 1.3, 0.35, 1.9, 1.4, 1.6, 0.8, 2.2, 1.1, 1.2, 1.8, 1.9, 1.4, 2.0, 2.2, 0.5, 1.4, 0.85, 1.4, 0.8, 2.0, 0.6, 2.0, 1.8, 1.1, 0.9, 2.2, 1.2, 1.4, 1.3, 1.6, 1.8, 1.8, 1.4, 1.8, 1.4, 1.4, 0.85, 0.55, 2.1, 0.7, 0.5, 1.4, 1.0, 0.6, 0.7, 1.8, 0.6, 1.0, 0.9, 0.85, 1.8, 0.85, 0.3, 0.65, 0.95, 1.7, 0.95, 0.5, 1.6, 0.95, 0.85, 1.2, 2.0, 1.9, 1.4, 2.6, 1.7, 1.6, 0.9, 0.8, 0.95, 1.0, 1.2, 1.4, 0.5, 0.45, 1.9, 0.95, 1.1, 0.7, 1.8, 1.7, 1.6, 0.7, 1.1, 1.7, 2.3, 2.6, 0.85];[0.03138833, -0.10213406, -0.16920477, -0.11672704, -0.05726742, -0.08220718, -0.14106096, -0.29757866, -0.11110705, 0.04724024, 0.06065072, 0.03853483, 0.00208739, 0.00167585, -0.2, 0.1, 0.4, 0.5, 0.03430851, -0.32280179, -0.32667598, 0.01701454, 0.15234833, 0.11694509, 0.08331958, -0.63085989, -0.33495825, 0.04872213, 0.04626015, 0.0406352, 0.04821817, 0.04692408, 0.4, 0.8, -0.4, -0.5, 0.07443857, -0.0163719, -0.0031641, -0.12449382, -0.08318409, -0.01295361, 0.03124289, -0.66972866, -0.18681348, 0.0504068, 0.04720222, 0.06546799, 0.03013858, 0.02990267, -0.1, 0.2, 0.3, 0.5];0.04270079999696463;0.027472799993120134
[2.93051547, -4.0, 0.95455279, 0.97363301, 1.00232967];False;[1.0, 0.5, 1.2, 0.95, 1.6, 1.8, 2.0, 2.0, 1.4, 0.85, 2.3, 1.0, 1.1, 1.8, 1.1, 1.6, 2.0, 1.2, 1.5, 1.2, 1.2, 1.1, 0.95, 1.4, 0.5, 0.85, 1.8, 0.75, 0.85, 0.65, 1.8, 0.95, 1.0, 1.3, 0.75, 2.2, 0.95, 0.4, 0.85, 0.8, 1.8, 1.4, 1.1, 1.3, 0.95, 0.7, 1.6, 1.3, 1.2, 1.4, 2.2, 2.3, 1.4, 2.1, 0.5, 1.0, 1.2, 1.2, 1.6, 0.7, 0.55, 1.4, 1.0, 1.4, 0.85, 2.3, 1.7, 1.0, 0.9, 1.1, 1.2, 2.0, 2.0, 1.0, 1.5, 0.75, 1.6, 0.95, 1.6, 0.55, 1.4, 1.7, 1.6, 0.9, 2.0, 0.9, 1.6, 1.6, 1.4, 1.8, 1.8, 1.1, 2.2, 1.4, 1.2, 0.55, 0.75, 2.0, 0.7, 0.7, 1.6, 0.8, 0.9, 0.95, 1.0, 0.6, 1.4, 0.95, 0.7, 1.8, 0.8, 0.45, 0.55, 0.7, 2.0, 1.6, 0.95, 1.8, 0.95, 0.8, 0.95, 1.8, 1.4, 1.3, 2.6, 2.2, 1.2, 0.95, 0.7, 0.9, 1.7, 1.2, 1.6, 1.2, 0.5, 1.6, 1.0, 1.2, 1.2, 1.8, 1.4, 0.9, 1.0, 1.8, 1.2, 2.0, 2.6, 0.95, 0.95, 0.8, 1.4, 0.75, 1.6, 0.75, 1.8, 2.3, 1.4, 1.0, 1.7, 0.65, 1.6, 1.4, 1.7, 1.8, 2.0, 1.6, 1.8, 1.2, 1.2, 0.55, 0.85, 1.6, 0.3, 0.5, 1.6, 0.85, 0.65, 0.4, 1.2, 0.8, 1.7, 1.2, 0.55, 2.0, 0.85, 0.6, 0.85, 0.9, 2.2, 1.4, 0.65, 1.4, 0.75, 0.85, 1.6, 1.8, 1.9, 1.8, 2.4, 1.8, 1.4, 1.2, 0.85, 0.7, 1.2, 1.8, 1.9, 0.45, 0.9, 1.6, 1.4, 1.7, 1.4, 1.8, 1.2, 1.2, 1.6, 1.8, 1.2, 2.0, 2.6, 0.55];[0.03454303, 0.04103391, 0.01044862, -0.05068562, -0.05032338, -0.04645943, -0.09520511, -0.44542602, -0.109281, 0.0435461, 0.06820468, 0.02441497, -0.02622307, -0.02706567, 0.7, 0.5, -0.3, -0.3, 0.0164613, -0.23281812, -0.26749708, -0.35145126, -0.04440923, -0.01005506, -0.00483547, -0.57066385, -0.48648303, 0.04523337, 0.05618045, 0.05771811, 0.03633135, 0.03552522, 0.0, 0.4, 0.4, 0.2, 0.13457556, -0.0112041, 0.0860692, 0.05763918, 0.07682272, 0.06099745, 0.05809631, -0.17783483, 0.15638097, 0.05067921, 0.04205357, 0.04968587, 0.06138261, 0.06232444, -0.2, 0.1, -0.1, 0.0];0.05455819994676858;0.03412859991658479
[2.88680499, -3.0, 0.91172412, 0.95155958, 1.02352129];False;[1.5, 0.6, 1.2, 0.45, 1.6, 0.85, 2.0, 1.8, 1.2, 0.9, 2.2, 0.65, 1.2, 1.8, 1.7, 1.4, 1.0, 1.2, 1.6, 1.2, 1.0, 0.9, 0.8, 1.0, 0.7, 0.75, 1.9, 0.65, 0.7, 0.45, 1.8, 0.8, 1.7, 0.75, 0.45, 1.5, 0.9, 0.4, 0.7, 0.7, 2.0, 1.7, 1.1, 1.3, 1.6, 0.9, 1.2, 2.1, 1.2, 1.6, 2.2, 1.7, 1.7, 1.0, 0.5, 0.8, 0.95, 1.4, 1.9, 0.7, 0.3, 1.4, 1.2, 1.4, 0.9, 1.8, 1.2, 0.9, 0.8, 1.1, 0.95, 2.0, 2.3, 1.0, 1.0, 0.65, 1.2, 0.85, 2.2, 1.8, 1.4, 2.2, 1.6, 0.8, 2.3, 0.55, 1.1, 1.8, 1.6, 1.4, 1.6, 1.9, 1.6, 1.4, 0.9, 0.7, 0.95, 2.0, 0.6, 0.65, 1.4, 0.65, 0.7, 1.4, 1.2, 1.0, 1.0, 1.3, 1.6, 1.8, 0.65, 0.35, 0.45, 0.95, 2.3, 1.4, 0.85, 1.9, 1.7, 1.0, 1.0, 2.0, 1.8, 1.6, 2.6, 1.8, 1.2, 1.0, 0.4, 0.75, 1.0, 1.8, 1.4, 0.75, 0.9, 1.3, 1.0, 1.4, 1.4, 2.3, 1.1, 1.2, 1.2, 1.9, 0.95, 1.7, 2.2, 0.8, 1.5, 0.6, 2.0, 0.6, 2.2, 0.85, 1.3, 2.2, 1.4, 0.8, 2.2, 0.55, 1.2, 1.3, 1.7, 1.4, 1.0, 1.8, 2.0, 1.0, 1.4, 0.95, 0.75, 0.95, 0.35, 0.85, 1.6, 1.3, 1.2, 1.7, 1.0, 0.8, 1.4, 1.0, 0.45, 2.2, 0.6, 0.9, 0.65, 0.8, 2.2, 1.2, 0.6, 1.8, 0.95, 2.0, 0.95, 1.6, 1.6, 1.6, 2.4, 2.3, 1.6, 1.2, 0.5, 0.6, 1.0, 1.9, 1.8, 0.5, 0.65, 1.9, 1.4, 1.4, 0.9, 2.0, 1.6, 1.0, 2.0, 1.2, 1.2, 2.2, 2.2, 0.95];[0.05390687, 0.08926768, 0.0463172, 0.03878502, -0.15954519, -0.13944736, -0.21507421, -0.47145557, -0.18002736, 0.04130892, 0.04707584, 0.01154137, -0.09892306, -0.09986955, 0.6, -0.3, -0.2, 0.3, -0.01095213, -0.24117024, -0.32533587, -0.08029712, 0.02157344, -0.00429132, -0.05170215, -0.74900109, -0.43037703, 0.02734128, 0.04588331, 0.05291124, -0.01851869, -0.01960829, 0.7, -0.2, -0.3, 0.2, 0.08463124, 0.1169932, 0.29879096, 0.09052735, 0.09871378, 0.09602543, 0.07281342, -0.26889081, 0.00750222, 0.04173726, 0.02951994, 0.04392046, 0.04001774, 0.03972133, 0.1, -0.3, -0.2, 0.3];0.05569850001484156;0.026992099941708148
[2.9203509, -3.0, 0.95717058, 0.96313937, 1.00004095];False;[1.2, 0.5, 1.4, 0.45, 1.6, 0.7, 1.8, 1.8, 1.1, 1.5, 1.8, 0.8, 1.4, 1.8, 1.1, 1.3, 2.0, 1.6, 2.3, 0.9, 0.95, 0.9, 1.0, 1.6, 0.55, 1.0, 1.8, 0.95, 1.0, 0.7, 1.2, 1.0, 1.6, 1.2, 1.8, 1.6, 0.65, 0.6, 0.45, 0.8, 2.0, 1.4, 0.75, 1.6, 0.7, 0.7, 1.0, 1.3, 1.4, 1.4, 2.4, 2.3, 1.1, 1.4, 0.35, 0.75, 1.7, 1.6, 1.6, 0.8, 0.95, 1.6, 1.4, 1.6, 1.0, 2.0, 1.6, 1.7, 1.8, 1.8, 1.6, 1.8, 2.4, 0.9, 0.9, 0.55, 2.1, 0.6, 1.6, 0.65, 2.1, 1.8, 1.4, 0.8, 1.8, 0.6, 1.1, 1.6, 1.6, 1.8, 2.1, 1.8, 1.5, 1.2, 1.0, 0.85, 0.95, 1.0, 0.45, 0.6, 1.6, 0.9, 0.7, 0.6, 0.9, 0.85, 1.7, 0.8, 1.0, 2.0, 0.6, 0.9, 0.35, 0.85, 1.8, 1.7, 0.75, 1.8, 0.9, 2.1, 1.4, 1.6, 1.2, 1.6, 2.3, 2.0, 1.2, 2.1, 0.7, 0.75, 1.7, 1.6, 1.4, 0.85, 0.85, 1.6, 1.5, 1.6, 1.0, 1.8, 1.6, 1.6, 1.4, 1.6, 1.4, 2.2, 2.6, 0.5, 1.2, 0.75, 1.4, 0.65, 2.0, 1.8, 2.1, 2.0, 1.6, 1.0, 2.2, 0.6, 1.1, 1.8, 1.4, 1.8, 0.95, 1.9, 2.2, 0.9, 0.95, 0.55, 0.7, 1.0, 0.75, 0.85, 1.8, 0.95, 0.7, 1.7, 1.9, 0.75, 1.6, 0.9, 0.5, 1.6, 0.85, 0.7, 0.35, 0.95, 2.0, 1.0, 0.8, 1.4, 0.8, 1.6, 1.0, 2.0, 1.8, 1.3, 2.4, 1.8, 1.4, 0.95, 0.75, 0.65, 1.6, 1.1, 1.3, 0.8, 0.65, 1.6, 1.4, 1.1, 0.8, 2.0, 1.7, 1.7, 0.9, 1.8, 1.2, 2.2, 2.2, 0.65];[0.03378119, 0.12716106, 0.10364078, 0.10441667, -0.16907932, -0.16895808, -0.25356434, -0.63299997, -0.28200854, 0.03923795, 0.03743145, 0.02392283, -0.03605882, -0.03747196, 0.4, 0.2, -0.2, -0.5, 0.04436136, -0.15059104, -0.25001297, -0.02963384, 0.11951194, 0.09422909, 0.05999253, -0.11654971, -0.05460619, 0.04058355, 0.0450104, 0.03593387, 0.0355979, 0.03489756, 0.5, 0.2, -0.5, 0.0, 0.09108887, 0.13961741, 0.23838352, -0.02363852, 0.00879961, 0.02131662, -0.01088496, -0.65137579, -0.17546287, 0.06281221, 0.04349363, 0.0815759, 0.06946861, 0.06916843, 0.7, 0.4, 0.0, 0.3];0.03923490003217012;0.026504599954932928
[2.91162481, -3.0, 0.95028545, 0.98030291, 0.98103645];False;[1.4, 0.75, 1.6, 0.5, 2.2, 1.2, 2.1, 2.0, 1.1, 0.75, 2.3, 1.3, 1.4, 1.9, 1.7, 1.4, 1.6, 1.2, 2.0, 0.95, 0.95, 0.8, 0.85, 2.0, 0.9, 0.55, 1.8, 0.65, 0.6, 1.4, 0.9, 0.65, 1.2, 1.2, 0.85, 2.0, 1.2, 0.35, 0.75, 0.6, 1.8, 0.95, 1.0, 1.4, 1.2, 1.6, 0.95, 1.6, 1.9, 1.8, 2.3, 1.8, 1.4, 0.95, 0.75, 0.9, 1.6, 1.6, 1.4, 0.5, 0.55, 1.4, 1.0, 1.4, 1.4, 2.2, 1.4, 1.2, 0.8, 1.6, 1.6, 1.8, 2.3, 0.85, 0.95, 0.6, 1.6, 0.8, 1.5, 0.9, 1.6, 2.3, 1.7, 0.95, 1.7, 0.95, 1.6, 1.8, 1.2, 1.4, 1.4, 1.1, 1.5, 1.5, 0.95, 0.85, 0.55, 1.0, 0.4, 0.9, 1.6, 0.7, 0.9, 0.45, 1.0, 0.9, 0.9, 0.75, 1.0, 1.6, 1.0, 0.75, 0.9, 0.85, 1.8, 0.95, 0.95, 1.8, 0.9, 0.7, 2.1, 1.4, 1.8, 2.0, 2.2, 2.0, 1.4, 2.0, 0.55, 0.7, 0.9, 1.9, 1.6, 0.65, 0.9, 1.8, 0.9, 1.1, 0.75, 2.2, 1.6, 1.2, 0.95, 1.6, 1.2, 2.3, 2.0, 0.9, 1.5, 0.65, 2.1, 0.95, 1.6, 0.8, 2.0, 2.0, 1.4, 1.2, 2.0, 0.65, 1.4, 1.3, 1.7, 1.6, 1.6, 1.6, 2.0, 0.95, 0.95, 1.0, 0.65, 2.0, 0.35, 0.45, 1.4, 0.65, 0.75, 0.5, 1.0, 1.0, 0.9, 0.9, 0.45, 2.2, 0.9, 0.65, 0.9, 0.7, 2.0, 1.7, 0.95, 1.6, 1.0, 0.75, 1.6, 1.3, 1.8, 1.3, 2.2, 1.7, 1.6, 1.0, 0.35, 1.0, 1.0, 1.6, 1.6, 0.65, 1.1, 1.8, 0.95, 1.6, 0.75, 2.2, 1.1, 1.4, 1.4, 1.8, 0.9, 1.8, 2.2, 0.9];[0.0511737, 0.2256951, 0.19715575, 0.11759161, -0.32049444, -0.32089537, -0.50369385, -0.50277712, -0.31260178, 0.04291891, 0.06172142, 0.01283962, -0.07609207, -0.07743369, 0.5, -0.3, 0.0, 0.3, 0.01745707, -0.19243625, -0.3465731, -0.15329572, 0.2524779, 0.18193, 0.12511063, -0.26233891, -0.10708233, 0.04150486, 0.04606345, 0.04878493, -0.02050028, -0.02144602, 0.2, 0.2, 0.5, 0.1, 0.1195974, -0.02824793, 0.02932551, 0.03095433, 0.02405286, -0.00459684, -0.01417083, -0.35690804, 0.07836273, 0.0681462, 0.05241064, 0.06578485, 0.10532321, 0.10558163, -0.1, -0.1, -0.2, 0.1];0.05049439996946603;0.03029249992687255
[2.93367124, -4.0, 0.96570131, 0.93838136, 1.02958857];False;[1.4, 0.35, 1.2, 0.5, 2.0, 1.0, 1.6, 2.3, 1.6, 0.85, 2.0, 1.2, 1.6, 1.9, 1.2, 1.8, 0.9, 1.4, 1.5, 1.0, 1.4, 0.8, 0.7, 1.4, 0.3, 0.45, 1.6, 0.7, 0.9, 0.75, 1.2, 1.2, 1.0, 0.9, 0.75, 2.0, 0.7, 0.5, 0.7, 0.9, 1.8, 0.9, 0.7, 1.8, 1.4, 0.8, 0.95, 2.1, 1.6, 1.3, 2.4, 1.7, 1.6, 2.1, 0.85, 0.85, 1.2, 1.8, 1.8, 0.95, 0.55, 1.4, 1.0, 1.2, 0.95, 2.2, 1.4, 1.7, 0.85, 1.9, 0.95, 1.7, 2.2, 0.95, 1.0, 0.9, 1.4, 0.45, 2.2, 1.6, 1.8, 1.8, 1.2, 0.9, 2.2, 0.95, 1.1, 1.4, 1.1, 1.4, 2.1, 1.4, 1.8, 1.4, 1.0, 0.8, 0.8, 1.8, 0.4, 0.5, 1.6, 0.65, 1.0, 1.4, 1.0, 1.0, 1.6, 0.9, 1.9, 2.2, 0.8, 0.65, 0.35, 0.7, 2.3, 1.0, 0.7, 1.6, 0.75, 0.75, 0.9, 1.4, 1.9, 2.1, 2.3, 1.7, 1.1, 1.6, 0.4, 1.3, 0.9, 1.6, 1.4, 0.55, 0.8, 1.4, 1.2, 1.7, 1.8, 1.8, 1.4, 1.4, 0.75, 1.2, 1.0, 2.0, 2.0, 0.65, 1.2, 0.65, 1.8, 0.85, 1.5, 1.6, 1.4, 1.8, 1.4, 1.2, 2.0, 0.9, 1.6, 1.8, 1.6, 1.6, 0.9, 1.1, 2.0, 1.5, 1.5, 0.6, 1.0, 1.6, 0.65, 0.5, 1.9, 1.3, 0.95, 0.55, 1.0, 0.75, 1.2, 0.85, 1.8, 1.5, 0.65, 0.85, 0.4, 0.85, 1.7, 1.4, 0.5, 1.3, 0.8, 0.9, 0.9, 2.1, 1.6, 1.6, 2.3, 1.7, 1.2, 2.1, 0.3, 0.7, 1.6, 1.2, 1.8, 1.3, 0.5, 1.6, 1.5, 1.2, 1.4, 2.3, 1.4, 0.9, 0.85, 1.6, 1.4, 1.8, 2.2, 1.3];[0.01577189, 0.20219122, 0.16014899, 0.21507459, 0.12769711, 0.10060845, 0.1544907, -0.2934831, 0.0480702, 0.05151091, 0.07291931, 0.03043635, -0.02488795, -0.02547672, 0.3, 0.6, 0.4, 0.0, 0.05890052, -0.21163036, -0.23216211, -0.52260369, 0.0069606, -0.00331992, -0.03778179, -0.57348576, -0.33526666, 0.02869562, 0.05318821, 0.04002487, -0.01258987, -0.01330101, 0.3, 0.3, -0.6, -0.6, 0.08950574, 0.25072582, 0.31413091, -0.00619885, -0.05135462, -0.0443674, -0.00485031, -0.34808535, 0.12515123, 0.06902762, 0.05199202, 0.07531184, 0.11347718, 0.11122118, 0.2, 0.0, 0.4, 0.4];0.054590700077824295;0.033652500016614795
[2.91928937, -4.0, 0.93518826, 0.94467708, 1.03942403];False;[1.2, 0.8, 1.4, 0.45, 2.0, 0.75, 1.8, 1.8, 1.4, 0.8, 2.4, 0.75, 1.4, 1.4, 1.4, 1.4, 2.1, 1.8, 1.5, 1.0, 1.0, 1.0, 0.7, 1.0, 0.5, 0.7, 1.4, 0.85, 1.0, 0.55, 1.9, 0.85, 0.95, 0.7, 1.0, 2.0, 0.75, 0.85, 0.5, 0.8, 1.7, 1.4, 1.0, 1.6, 0.8, 2.1, 1.4, 2.0, 1.6, 1.3, 2.3, 1.8, 1.2, 1.0, 0.45, 0.85, 1.2, 1.4, 1.4, 0.6, 0.85, 1.8, 1.2, 1.1, 0.8, 2.2, 1.4, 0.95, 1.8, 1.6, 0.95, 1.8, 2.2, 0.7, 0.9, 0.8, 2.0, 0.55, 1.5, 0.95, 1.8, 2.2, 1.7, 0.8, 2.3, 0.7, 1.2, 1.4, 1.6, 1.4, 1.2, 1.2, 1.6, 1.0, 1.0, 0.65, 0.9, 1.0, 0.35, 0.6, 1.8, 1.2, 0.8, 0.8, 1.6, 0.85, 1.0, 0.85, 1.0, 1.8, 0.6, 0.85, 0.45, 0.7, 1.7, 0.95, 1.0, 1.8, 1.2, 2.1, 1.6, 1.3, 1.6, 1.6, 2.2, 1.7, 1.6, 2.0, 0.65, 0.75, 1.7, 1.4, 1.6, 0.4, 0.95, 1.8, 1.2, 1.6, 0.75, 1.8, 1.2, 1.6, 1.6, 1.4, 1.2, 2.2, 2.0, 0.6, 1.0, 0.8, 1.8, 1.0, 1.8, 0.6, 2.0, 2.3, 1.6, 1.0, 1.8, 0.8, 1.4, 1.4, 1.6, 1.8, 0.95, 1.9, 2.0, 1.4, 1.2, 0.7, 0.9, 1.0, 0.8, 0.8, 1.9, 0.7, 0.85, 1.4, 1.4, 1.3, 1.0, 0.8, 0.65, 1.8, 0.85, 0.35, 0.55, 0.9, 2.2, 1.0, 1.0, 1.6, 1.0, 1.4, 1.2, 1.4, 1.8, 1.4, 2.4, 2.3, 1.2, 2.0, 0.55, 0.6, 1.6, 1.1, 1.4, 1.0, 0.3, 1.6, 1.4, 1.4, 1.6, 2.3, 1.6, 1.2, 0.7, 1.6, 1.7, 2.3, 2.3, 0.6];[0.02429987, -0.01352386, -0.10205102, 0.06833486, -0.21403361, -0.24519048, -0.42344637, -0.56354382, -0.19077569, 0.03940494, 0.03213399, 0.0254285, -0.06156919, -0.06326803, 0.0, 0.0, 0.3, 0.3, 0.11053613, -0.20423568, -0.27627077, -0.13618933, 0.24001083, 0.16988853, 0.09822647, -0.17251292, -0.04933788, 0.0262381, 0.05138317, 0.02430898, -0.02566645, -0.02633316, 0.2, -0.2, -0.4, 0.0, 0.09547284, 0.13008065, 0.18640765, 0.04327003, 0.08169566, 0.09703317, 0.10580446, -0.22450534, 0.12618431, 0.06209134, 0.04581653, 0.06658485, 0.10966038, 0.10773438, 0.0, 0.2, 0.0, 0.2];0.06215869996231049;0.034720800002105534
[3.01052711, -2.0, 1.00526344, 0.97561356, 1.02965012];False;[1.2, 0.65, 1.8, 0.65, 2.2, 0.95, 1.4, 2.2, 1.7, 1.0, 1.8, 0.65, 1.2, 1.4, 1.1, 1.4, 1.2, 1.9, 2.2, 1.0, 1.4, 0.7, 0.6, 0.9, 0.85, 0.65, 1.3, 1.3, 0.6, 1.6, 1.2, 1.2, 1.0, 1.0, 0.9, 2.0, 0.9, 0.4, 0.35, 0.85, 2.2, 1.6, 0.5, 1.9, 0.75, 0.95, 1.4, 2.1, 1.9, 1.6, 2.3, 2.3, 1.7, 1.6, 0.75, 0.75, 0.9, 1.9, 1.6, 0.8, 0.45, 1.8, 1.5, 1.2, 0.95, 2.0, 1.7, 1.6, 2.0, 1.8, 1.6, 2.2, 2.2, 0.6, 1.0, 0.85, 1.8, 0.4, 2.2, 1.4, 1.8, 1.8, 1.4, 0.75, 2.3, 1.2, 1.6, 1.6, 1.6, 1.6, 1.4, 1.4, 2.0, 1.2, 1.0, 0.7, 1.0, 0.9, 0.55, 0.75, 1.8, 1.3, 0.9, 1.2, 1.0, 1.0, 0.9, 1.3, 0.5, 2.3, 0.8, 0.7, 0.8, 0.8, 2.0, 1.0, 0.55, 1.8, 1.4, 0.7, 0.95, 2.0, 1.2, 1.6, 2.4, 2.2, 1.4, 1.0, 0.5, 0.95, 1.4, 1.6, 1.4, 0.35, 1.0, 1.3, 1.0, 1.4, 1.4, 2.3, 1.6, 1.4, 2.0, 1.8, 0.9, 2.0, 2.6, 0.85, 0.9, 0.65, 1.6, 0.45, 1.6, 1.0, 1.8, 2.3, 1.7, 0.9, 1.7, 0.95, 1.6, 1.8, 1.7, 1.4, 2.0, 1.8, 1.5, 1.2, 0.95, 0.75, 0.9, 1.4, 0.7, 0.85, 1.8, 1.3, 1.2, 0.75, 1.4, 0.9, 0.95, 0.8, 1.9, 1.8, 0.7, 0.5, 0.3, 1.0, 1.8, 1.4, 0.85, 1.4, 0.8, 2.0, 1.6, 2.0, 1.8, 1.6, 2.4, 1.8, 1.7, 1.0, 0.45, 0.85, 0.9, 1.9, 1.6, 1.3, 0.85, 1.6, 0.95, 1.2, 0.9, 2.2, 1.4, 0.95, 0.8, 1.2, 1.7, 2.0, 2.6, 0.6];[0.02691269, 0.02114427, -0.0662831, 0.191264, 0.11306746, 0.11992147, 0.13495094, -0.33663499, -0.12523226, 0.0339509, 0.02342444, 0.0231314, -0.03260794, -0.0337227, 0.2, 0.3, 0.0, -0.1, 0.06586924, -0.17948208, -0.23547223, -0.05603857, 0.05693431, 0.03048075, -0.01653753, -0.27559087, -0.18550529, 0.03961951, 0.0526593, 0.05643902, -0.02647777, -0.02697166, 0.0, 0.0, 0.2, 0.2, 0.08782835, 0.34311172, 0.40391437, 0.13633608, 0.0892314, 0.06053222, 0.10026311, -0.43487595, 0.06232875, 0.07242311, 0.06702228, 0.08589501, 0.13175093, 0.13034981, 0.2, -0.3, 0.4, 0.5];0.053861299995332956;0.032895300071686506
[2.93886089, -2.0, 0.96978978, 0.97343886, 0.99563225];False;[0.9, 0.35, 1.2, 0.95, 1.8, 1.6, 1.3, 1.7, 1.2, 0.9, 2.4, 0.85, 1.1, 1.9, 1.4, 1.8, 1.6, 1.1, 2.3, 1.5, 1.5, 0.6, 0.7, 1.2, 0.45, 0.45, 1.4, 0.8, 0.65, 1.2, 0.9, 0.95, 0.9, 1.3, 0.9, 2.2, 0.85, 0.85, 0.65, 0.75, 1.8, 1.4, 0.85, 1.3, 1.7, 2.0, 1.0, 2.0, 1.4, 1.4, 2.2, 2.2, 1.7, 2.0, 0.9, 0.7, 1.2, 1.6, 1.4, 0.85, 0.6, 1.9, 1.4, 1.6, 1.2, 2.0, 1.6, 1.0, 0.7, 1.9, 1.6, 2.0, 2.3, 1.0, 0.9, 0.45, 1.1, 0.8, 2.2, 0.7, 1.6, 2.2, 1.2, 1.4, 2.6, 0.5, 1.2, 1.4, 1.4, 1.8, 1.2, 1.2, 1.8, 0.95, 0.95, 0.85, 1.2, 2.0, 0.85, 0.5, 1.6, 1.0, 0.75, 0.7, 1.2, 0.6, 0.95, 1.0, 0.65, 1.6, 0.95, 0.75, 0.45, 0.9, 1.8, 1.7, 0.8, 1.8, 0.9, 1.2, 1.0, 2.0, 1.8, 2.1, 2.3, 2.2, 1.1, 1.6, 0.55, 1.0, 1.6, 1.4, 1.9, 0.4, 0.5, 1.3, 1.5, 1.2, 0.95, 1.8, 1.2, 1.2, 1.6, 1.6, 1.6, 2.0, 2.2, 1.3, 1.2, 0.4, 1.4, 0.9, 2.0, 0.55, 1.8, 2.2, 1.2, 0.85, 2.0, 0.9, 1.4, 1.6, 1.2, 1.8, 0.95, 1.6, 2.2, 1.5, 1.2, 0.85, 0.95, 1.8, 0.35, 0.6, 1.4, 0.75, 0.9, 0.45, 1.8, 0.9, 1.0, 0.7, 0.75, 1.8, 0.95, 0.8, 0.7, 0.85, 2.2, 1.4, 0.65, 1.3, 1.0, 1.2, 1.4, 1.6, 1.2, 1.4, 2.4, 2.0, 1.4, 2.0, 0.7, 0.8, 0.95, 1.6, 1.8, 0.3, 0.4, 1.4, 1.2, 1.7, 1.4, 2.0, 1.1, 1.4, 1.2, 1.4, 1.7, 1.7, 2.3, 0.6];[0.0468288, -0.00492111, -0.02325066, 0.0241555, -0.19303853, -0.15341441, -0.23113, -0.13812142, 0.12061078, 0.03346673, 0.05106118, 0.01840632, -0.02122258, -0.02204205, 0.8, 0.4, -0.5, -0.2, 0.03751209, -0.19611455, -0.29690665, -0.20220721, -0.07168579, -0.0206028, 0.01646975, -0.01242589, 0.0360303, 0.01173899, 0.04587041, 0.03705068, -0.0650887, -0.06670631, 0.2, 0.4, 0.0, 0.2, 0.09218303, 0.07543556, 0.09037569, 0.01616218, -0.04001545, -0.0414106, 0.05267752, -0.144928, 0.16319578, 0.03777009, 0.06756531, 0.06639419, -0.01944283, -0.01971092, 0.2, 0.6, -0.3, -0.5];0.05947279999963939;0.03270069998688996
[2.93267419, -1.0, 0.9306794, 1.00207629, 0.9999185];False;[1.5, 0.8, 2.1, 0.45, 1.6, 0.85, 2.1, 2.3, 1.1, 1.2, 2.4, 1.3, 1.7, 1.6, 1.4, 1.6, 0.95, 1.8, 1.6, 1.4, 0.95, 0.7, 1.0, 1.4, 0.65, 0.7, 1.9, 1.2, 0.8, 0.55, 1.0, 0.9, 0.95, 1.0, 1.2, 1.5, 0.85, 0.65, 0.6, 1.0, 2.3, 1.6, 0.9, 1.4, 0.95, 0.75, 1.6, 1.6, 1.8, 1.3, 2.0, 2.0, 1.6, 1.8, 0.45, 0.65, 1.2, 1.2, 1.4, 0.6, 0.55, 1.3, 1.4, 1.4, 0.75, 1.8, 1.4, 1.0, 0.75, 1.6, 0.9, 1.8, 2.6, 0.65, 0.95, 0.9, 1.4, 0.85, 1.8, 0.85, 1.3, 2.2, 1.6, 1.0, 2.3, 1.0, 1.7, 1.8, 1.7, 1.6, 1.0, 1.8, 1.8, 1.2, 0.95, 0.9, 0.8, 1.6, 0.6, 0.95, 1.4, 1.2, 0.9, 1.2, 1.6, 0.7, 1.6, 0.75, 1.8, 1.6, 1.0, 0.65, 0.65, 0.65, 1.8, 1.7, 0.75, 1.6, 1.0, 1.6, 1.4, 1.6, 1.8, 1.3, 2.2, 2.0, 1.1, 1.0, 0.55, 0.95, 1.2, 1.1, 1.8, 0.9, 0.75, 1.4, 1.0, 1.1, 0.8, 2.2, 1.6, 1.6, 1.6, 1.1, 1.0, 2.2, 2.3, 1.2, 0.95, 0.95, 1.1, 0.45, 1.5, 1.4, 1.6, 2.0, 1.7, 0.9, 2.0, 0.65, 1.6, 1.8, 1.4, 1.4, 1.8, 1.2, 1.8, 1.2, 1.2, 0.9, 1.2, 1.4, 0.6, 0.95, 1.6, 1.2, 0.75, 0.5, 1.0, 0.8, 1.2, 0.75, 0.4, 2.2, 0.95, 0.6, 0.55, 0.85, 2.3, 1.2, 0.9, 1.9, 0.95, 1.8, 0.95, 1.3, 1.4, 1.6, 2.0, 2.3, 1.2, 1.8, 0.45, 0.7, 1.7, 1.8, 1.9, 0.55, 0.35, 1.8, 1.2, 1.1, 0.75, 2.2, 1.2, 0.95, 1.6, 1.6, 0.95, 1.7, 2.3, 0.8];[0.03192493, 0.03024217, -0.02426213, -0.01958416, -0.25434147, -0.24931105, -0.40478124, -0.59961188, -0.32756449, 0.04620215, 0.05357439, 0.02278065, -0.06697023, -0.06785858, -0.1, 0.2, 0.3, 0.0, 0.00385481, -0.14304044, -0.33236753, -0.29258338, 0.10434693, 0.08587913, 0.04134304, -0.23274021, -0.05544023, 0.04308442, 0.0602707, 0.06363009, 0.00622299, 0.00553196, 0.1, -0.1, 0.6, 0.6, 0.07929788, 0.12159751, 0.17561346, -0.04339783, 0.0815601, 0.02187901, 0.00848541, -0.43385998, -0.00726116, 0.05407307, 0.04045603, 0.0708074, 0.03234306, 0.03133366, 0.2, 0.0, 0.5, 0.3];0.05276900005992502;0.030360699980519712
[2.92700582, -2.0, 0.97772929, 0.98655666, 0.96271987];False;[1.4, 0.75, 1.4, 0.7, 1.8, 1.2, 2.0, 2.2, 1.1, 0.7, 1.8, 1.0, 1.4, 1.9, 1.4, 1.3, 0.9, 1.2, 2.2, 1.2, 1.0, 0.7, 0.75, 1.2, 0.85, 0.8, 1.6, 0.75, 0.95, 1.6, 1.6, 0.6, 1.6, 0.8, 0.7, 2.2, 0.8, 0.45, 0.75, 0.75, 1.8, 1.6, 0.75, 1.8, 1.4, 2.0, 1.2, 1.8, 1.8, 1.8, 2.2, 1.8, 1.6, 1.4, 0.65, 0.8, 1.4, 1.8, 1.6, 0.95, 0.65, 1.6, 1.2, 1.4, 1.0, 1.8, 1.6, 0.9, 0.9, 1.2, 1.2, 2.0, 2.4, 1.2, 1.0, 0.75, 2.0, 0.65, 1.5, 0.55, 1.4, 2.0, 1.4, 0.85, 2.2, 0.6, 1.1, 1.8, 1.6, 1.6, 1.2, 1.9, 2.2, 1.2, 1.0, 1.1, 0.6, 1.6, 0.45, 0.8, 1.8, 0.9, 1.2, 0.8, 1.8, 0.9, 0.9, 0.85, 1.0, 1.5, 0.85, 0.8, 0.5, 1.0, 1.8, 0.9, 0.9, 1.9, 0.8, 2.0, 2.0, 1.3, 1.4, 2.0, 2.4, 2.2, 1.2, 1.6, 0.6, 0.7, 1.2, 1.6, 1.4, 0.45, 0.7, 1.8, 1.0, 1.6, 1.8, 2.0, 1.6, 0.95, 0.85, 1.9, 1.6, 1.8, 2.4, 0.95, 0.95, 0.5, 2.1, 0.35, 2.2, 0.5, 2.0, 1.8, 1.6, 0.75, 1.8, 0.9, 1.6, 1.3, 1.1, 1.3, 0.9, 1.6, 1.8, 1.4, 1.0, 0.6, 0.75, 0.95, 0.65, 0.95, 1.8, 0.9, 0.6, 1.2, 0.95, 0.7, 0.95, 0.9, 0.85, 1.8, 0.9, 0.85, 0.6, 0.75, 1.8, 1.2, 0.55, 1.8, 1.0, 1.6, 2.1, 1.4, 1.1, 1.6, 2.2, 1.8, 1.2, 1.0, 0.4, 1.3, 0.95, 1.8, 1.8, 0.8, 0.4, 1.3, 0.95, 1.7, 1.0, 2.2, 1.7, 1.2, 2.0, 1.1, 1.0, 2.2, 2.2, 0.9];[0.048841, 0.20855682, 0.22115538, 0.08183679, -0.21605107, -0.17525607, -0.27105413, -0.30351645, -0.17190104, 0.04484664, 0.05121404, 0.04225856, 0.01811972, 0.01746784, 0.5, -0.1, 0.0, 0.0, 0.00469037, 0.03927793, -0.10520097, 0.00596666, 0.05056952, 0.04186237, 0.04157895, -0.23183259, -0.23518389, 0.03269873, 0.04632957, 0.05310454, -0.01449512, -0.01574871, 0.7, 0.0, -0.5, 0.0, 0.10557467, -0.19157197, -0.17840568, -0.13646573, 0.08947832, 0.07988829, 0.03957932, -0.59749867, -0.16092316, 0.04914342, 0.05983777, 0.06160595, 0.03180339, 0.03000207, -0.3, 0.2, -0.1, -0.6];0.049330799956806004;0.02909259998705238
[2.99477745, -1.0, 0.99933495, 1.01289487, 0.98254763];False;[0.9, 0.9, 1.4, 0.75, 1.6, 0.8, 1.6, 2.2, 1.4, 1.5, 2.0, 0.75, 1.1, 1.8, 1.1, 1.4, 1.0, 1.4, 2.0, 1.5, 1.2, 0.9, 0.8, 1.8, 0.6, 0.55, 1.4, 0.8, 1.0, 0.4, 1.8, 1.0, 1.6, 0.95, 0.4, 1.6, 0.6, 0.35, 0.65, 0.8, 2.2, 1.2, 0.7, 1.6, 1.6, 1.2, 1.2, 2.0, 1.4, 1.6, 2.6, 2.0, 1.4, 2.0, 0.55, 0.7, 1.0, 1.2, 1.6, 0.9, 0.8, 1.8, 0.9, 1.7, 1.6, 2.3, 1.4, 1.7, 1.0, 1.6, 1.0, 1.8, 2.4, 1.0, 1.4, 0.9, 1.8, 0.65, 2.0, 1.2, 1.8, 1.8, 1.6, 0.8, 2.0, 1.2, 1.6, 1.8, 1.1, 1.6, 0.95, 1.8, 2.2, 1.2, 1.2, 0.95, 0.85, 1.2, 0.8, 0.45, 1.8, 1.2, 0.8, 0.9, 1.6, 0.8, 0.9, 0.85, 0.5, 2.0, 0.85, 0.4, 0.75, 0.7, 2.0, 1.4, 0.65, 1.6, 0.9, 1.0, 1.4, 2.0, 1.2, 1.6, 2.2, 2.0, 1.6, 2.0, 0.8, 0.95, 1.4, 1.4, 1.4, 0.65, 0.4, 1.8, 1.0, 1.2, 0.95, 2.2, 1.1, 1.4, 0.9, 1.4, 1.2, 2.2, 2.3, 1.2, 1.4, 0.45, 1.8, 0.9, 2.2, 1.8, 1.6, 2.0, 1.6, 0.75, 2.0, 0.5, 1.1, 1.4, 1.7, 1.8, 0.95, 1.8, 1.5, 1.4, 1.5, 1.1, 1.0, 0.95, 0.6, 0.6, 1.4, 0.65, 1.0, 0.45, 1.6, 1.0, 0.9, 1.2, 0.45, 1.5, 0.75, 0.3, 0.6, 0.9, 1.8, 1.7, 0.95, 1.9, 0.7, 0.85, 0.9, 1.8, 1.6, 1.4, 2.4, 1.8, 1.7, 1.2, 0.5, 0.9, 1.2, 1.4, 1.3, 0.4, 0.65, 1.6, 0.9, 1.7, 1.4, 1.8, 1.6, 1.4, 1.0, 1.9, 0.95, 1.7, 2.2, 0.7];[0.04016898, 0.09751935, 0.12182491, 0.04090004, -0.03086839, -0.05323989, -0.11341929, -0.18620253, 0.01086014, 0.04327196, 0.05292552, 0.04390339, 0.00972343, 0.00863518, 0.7, 0.3, -0.6, -0.6, 0.02500737, -0.12151652, -0.28893234, -0.43129667, 0.17357348, 0.12725121, 0.07747997, -0.15661534, -0.1138197, 0.04362562, 0.06237525, 0.06314299, -0.00842684, -0.0095308, 0.2, 0.5, 0.4, -0.1, 0.10809682, 0.25724646, 0.33741018, 0.05552092, -0.05679948, -0.07555993, -0.07065547, -0.35515273, 0.09829698, 0.04345038, 0.06663599, 0.06594066, 0.00407095, 0.00397643, 0.3, 0.1, -0.6, 0.0];0.07472160004545003;0.04891919996589422
[2.87708309, -5.0, 0.95284088, 0.92240339, 1.00183882];False;[1.0, 0.9, 1.1, 0.75, 1.5, 0.85, 1.6, 2.2, 1.6, 1.2, 1.8, 0.85, 1.7, 1.6, 1.6, 1.3, 1.6, 1.8, 1.6, 1.0, 1.2, 0.5, 0.95, 2.0, 0.45, 0.95, 1.4, 0.9, 0.8, 0.4, 1.2, 0.65, 0.95, 1.2, 1.8, 2.3, 0.8, 0.6, 0.4, 0.6, 1.7, 1.6, 0.9, 1.6, 0.75, 0.95, 1.6, 1.6, 1.2, 2.0, 2.6, 2.0, 1.6, 0.95, 0.8, 0.65, 1.6, 1.6, 1.9, 0.75, 1.0, 1.4, 0.95, 1.6, 2.0, 2.0, 1.6, 1.2, 0.85, 1.6, 0.95, 2.0, 2.6, 0.75, 0.95, 0.8, 1.1, 0.9, 2.3, 0.7, 1.4, 2.0, 1.7, 0.95, 2.3, 0.8, 1.2, 1.6, 1.6, 1.8, 2.0, 1.2, 1.6, 0.95, 0.95, 0.7, 0.85, 1.0, 0.6, 0.65, 1.8, 0.95, 0.65, 1.6, 1.4, 0.7, 0.95, 1.0, 1.0, 2.3, 0.8, 0.55, 0.4, 0.65, 1.7, 1.0, 0.85, 1.4, 1.6, 2.0, 1.4, 1.6, 1.2, 1.8, 2.2, 1.8, 1.1, 1.8, 0.35, 0.7, 0.95, 1.1, 1.3, 0.45, 1.1, 1.6, 1.5, 1.4, 0.85, 1.8, 1.7, 0.95, 0.9, 1.4, 1.0, 1.8, 2.4, 0.7, 1.0, 0.75, 1.6, 0.75, 1.8, 0.55, 2.0, 2.3, 1.1, 1.2, 2.4, 0.85, 1.2, 1.8, 1.6, 1.9, 1.6, 1.6, 1.6, 0.9, 1.0, 1.0, 0.9, 2.0, 0.6, 0.55, 1.8, 1.2, 0.7, 1.2, 1.6, 1.2, 1.0, 0.75, 0.85, 2.0, 0.8, 0.7, 0.65, 0.95, 2.2, 1.6, 0.85, 1.3, 1.4, 0.8, 1.2, 2.0, 1.2, 1.8, 2.2, 2.2, 1.4, 1.2, 0.9, 0.85, 0.9, 1.6, 1.4, 0.6, 0.6, 1.6, 0.95, 1.4, 1.0, 1.8, 1.6, 1.4, 1.2, 1.1, 1.2, 1.8, 2.2, 0.8];[0.04873241, 0.02821274, -0.09092757, 0.12310144, -0.01380352, -0.00282303, -0.01385193, -0.2671427, -0.02207968, 0.04009905, 0.03674432, 0.03616918, -0.00713276, -0.00915749, -0.1, -0.3, 0.1, 0.0, 0.06451464, -0.35967081, -0.38318589, -0.51892018, 0.02202492, 0.0109528, -0.03464991, -0.24464535, -0.14267486, 0.0239128, 0.05004951, 0.03948185, -0.01696255, -0.01806373, 0.4, 0.2, -0.2, 0.2, 0.09509077, 0.13925566, 0.29306443, -0.09874253, -0.1114427, -0.08906591, -0.06684966, -0.39037548, -0.04409579, 0.06831644, 0.0618333, 0.09067192, 0.0679279, 0.06742943, 0.6, 0.3, -0.2, 0.2];0.0700588000472635;0.03706989996135235
[2.84127626, -4.0, 0.89183285, 0.93694432, 1.01249909];False;[1.0, 0.3, 1.1, 0.35, 2.0, 0.65, 1.4, 1.7, 1.4, 1.0, 2.2, 0.75, 1.6, 1.3, 1.6, 1.4, 1.4, 1.6, 2.0, 0.95, 1.4, 0.7, 1.0, 1.8, 0.55, 0.8, 1.9, 0.95, 0.8, 0.7, 1.4, 0.9, 1.0, 1.2, 0.75, 2.0, 0.75, 0.55, 0.55, 0.75, 1.8, 1.6, 0.6, 1.6, 1.7, 1.8, 0.9, 2.1, 1.2, 1.4, 2.3, 2.0, 1.4, 0.95, 0.55, 0.85, 1.4, 1.2, 1.4, 0.35, 0.4, 1.4, 1.4, 1.2, 0.9, 2.2, 1.2, 1.2, 0.85, 1.2, 0.95, 2.0, 2.2, 0.55, 0.95, 0.4, 1.4, 0.4, 1.8, 0.7, 1.4, 1.8, 1.4, 0.85, 2.4, 0.7, 1.4, 1.4, 1.4, 1.4, 1.2, 1.4, 2.0, 0.95, 0.95, 0.85, 0.55, 1.8, 0.8, 0.95, 1.3, 1.3, 0.9, 0.85, 1.0, 1.0, 0.95, 0.9, 0.85, 1.6, 0.95, 0.85, 0.65, 0.85, 2.0, 1.0, 0.9, 1.6, 0.95, 0.95, 1.0, 1.3, 1.6, 2.0, 2.6, 2.2, 1.4, 2.1, 0.8, 0.65, 0.95, 1.2, 1.9, 0.35, 0.35, 1.4, 1.0, 1.6, 0.75, 1.8, 1.4, 1.0, 2.1, 1.2, 1.2, 1.7, 2.4, 0.6, 0.9, 0.75, 1.8, 0.4, 1.8, 1.8, 1.8, 1.8, 1.4, 1.4, 1.8, 0.75, 1.7, 1.9, 1.2, 1.9, 1.6, 1.9, 2.0, 1.2, 1.2, 0.6, 1.0, 0.9, 0.75, 0.45, 1.8, 0.75, 0.75, 0.95, 0.95, 1.0, 0.95, 1.0, 1.4, 2.2, 1.0, 0.85, 0.4, 0.75, 2.2, 1.7, 0.65, 1.4, 0.85, 0.75, 1.0, 2.0, 1.2, 2.1, 2.4, 2.0, 1.1, 2.1, 0.85, 0.65, 1.6, 1.2, 1.4, 0.4, 0.4, 1.9, 0.95, 1.4, 1.2, 1.7, 1.4, 1.6, 0.85, 1.8, 1.0, 2.3, 2.3, 0.6];[0.03815895, -0.07011979, -0.14512848, 0.00633713, -0.18744766, -0.19982874, -0.37464808, -0.4986167, -0.10516589, 0.0311398, 0.03187406, -0.01832657, -0.1787962, -0.18045418, -0.3, -0.2, 0.4, 0.4, 0.10176622, 0.07280866, -0.06062503, 0.06836215, 0.05788205, 0.0441055, 0.02482648, -0.02131998, 0.06676383, 0.00853263, 0.03248629, 0.03822857, -0.09473481, -0.09665592, 0.0, 0.0, -0.2, -0.2, 0.11048369, 0.11844432, 0.22775841, 0.03055539, -0.04813618, -0.0015352, -0.04689004, -0.21359198, 0.10491526, 0.06088579, 0.05683209, 0.0845844, 0.02690434, 0.02669993, 0.2, 0.7, 0.3, -0.2];0.05156769999302924;0.029354099999181926
[2.97838602, -4.0, 0.93058161, 1.0256146, 1.02218982];False;[1.0, 0.55, 1.6, 0.9, 2.3, 0.85, 2.0, 2.2, 1.6, 0.95, 2.0, 0.7, 1.4, 1.8, 1.1, 1.3, 1.0, 1.6, 2.0, 0.95, 1.0, 0.55, 0.75, 1.0, 0.4, 0.95, 1.3, 0.95, 0.85, 0.6, 0.95, 0.8, 1.0, 1.0, 1.0, 2.2, 0.9, 0.9, 0.45, 0.95, 1.7, 0.95, 0.9, 1.4, 1.0, 1.2, 1.4, 1.6, 1.1, 1.4, 2.4, 2.2, 1.4, 1.4, 0.35, 0.7, 1.2, 1.9, 1.6, 0.35, 1.0, 1.6, 1.5, 1.1, 0.7, 2.2, 1.6, 1.0, 0.9, 1.6, 1.2, 2.0, 2.2, 0.75, 1.0, 0.8, 1.6, 0.6, 2.2, 1.2, 2.1, 2.0, 1.7, 0.95, 2.2, 0.75, 1.4, 1.6, 1.2, 1.6, 2.0, 1.2, 1.8, 0.9, 0.95, 0.9, 0.55, 0.95, 0.7, 0.95, 1.3, 0.8, 0.85, 0.55, 1.9, 0.65, 1.2, 0.95, 0.5, 2.0, 0.8, 0.8, 0.85, 1.0, 2.0, 1.6, 0.55, 1.4, 1.2, 0.95, 1.8, 2.0, 1.1, 1.8, 2.3, 2.2, 1.2, 2.0, 0.7, 0.9, 1.4, 1.2, 1.8, 0.7, 0.55, 1.6, 1.2, 1.6, 1.0, 2.0, 1.7, 1.6, 2.0, 1.2, 1.2, 2.0, 2.4, 1.2, 1.4, 0.8, 1.1, 1.0, 2.3, 0.8, 1.3, 1.7, 1.2, 1.5, 1.8, 0.55, 1.6, 1.8, 1.7, 1.9, 1.4, 1.9, 2.2, 1.2, 0.95, 0.95, 0.7, 1.2, 0.7, 0.95, 1.4, 0.7, 0.85, 0.4, 1.0, 0.65, 1.2, 0.85, 0.7, 2.0, 0.65, 0.55, 0.85, 0.7, 1.7, 0.9, 0.85, 1.4, 1.4, 0.95, 1.6, 2.1, 1.6, 1.6, 2.3, 2.0, 1.6, 1.6, 0.6, 0.7, 1.4, 1.2, 1.3, 0.6, 1.0, 1.4, 0.95, 1.2, 0.85, 2.2, 1.7, 1.7, 0.95, 1.6, 1.4, 2.0, 2.0, 1.0];[0.02103429, -0.1298785, -0.21188342, 0.01600427, -0.08020789, -0.06929452, -0.12086343, -0.43920362, -0.14275577, 0.02941022, 0.0378669, 0.00897313, -0.0780457, -0.08026905, 0.4, 0.2, 0.3, 0.0, 0.10140325, -0.03215541, -0.13376642, -0.05595518, 0.14666339, 0.11290696, 0.06808714, 0.28502729, 0.24355105, 0.045862, 0.05961761, 0.04016925, 0.02060433, 0.01997665, 0.2, 0.4, -0.2, -0.4, 0.10646016, 0.19809481, 0.28452962, 0.12015114, -0.12408554, -0.07082887, -0.02683998, -0.34841842, -0.01273944, 0.07335037, 0.08951886, 0.09819075, 0.08413256, 0.0843651, 0.2, 0.2, 0.4, 0.5];0.049705800018273294;0.030791500001214445
[2.86400628, -3.0, 0.93476814, 0.90741442, 1.02182371];False;[1.5, 0.8, 1.4, 0.5, 2.2, 1.2, 1.8, 2.2, 1.4, 0.9, 2.0, 0.7, 1.2, 1.4, 1.1, 1.3, 2.0, 1.6, 2.2, 1.0, 0.95, 0.7, 0.9, 1.0, 0.35, 0.7, 1.8, 0.65, 0.85, 0.6, 0.9, 0.9, 1.2, 0.95, 0.95, 2.2, 0.95, 0.45, 0.8, 0.6, 2.0, 1.6, 0.9, 1.4, 1.0, 2.0, 0.95, 1.4, 1.1, 1.6, 2.3, 1.8, 1.2, 2.0, 0.35, 0.95, 1.4, 1.6, 1.3, 0.3, 0.85, 1.8, 0.95, 1.2, 1.2, 1.7, 1.6, 1.2, 1.4, 1.4, 1.7, 2.0, 2.4, 0.95, 1.0, 0.35, 1.4, 0.4, 2.0, 1.8, 1.4, 1.7, 1.2, 1.0, 1.8, 1.2, 1.2, 1.4, 1.6, 1.8, 0.95, 1.4, 2.0, 0.95, 0.9, 0.6, 0.8, 1.0, 0.4, 0.85, 1.9, 0.9, 0.65, 1.7, 1.4, 0.95, 0.9, 1.2, 0.8, 2.3, 0.85, 0.8, 0.45, 0.95, 1.8, 1.2, 0.75, 1.6, 0.8, 0.8, 2.1, 1.4, 1.4, 2.0, 2.4, 1.8, 1.6, 1.0, 0.45, 0.8, 1.4, 1.2, 1.8, 1.3, 0.7, 1.4, 0.9, 1.4, 1.6, 2.2, 1.4, 0.95, 0.9, 1.1, 1.4, 2.2, 2.4, 1.0, 1.4, 0.7, 1.6, 0.45, 2.0, 0.85, 1.6, 1.7, 1.6, 1.2, 2.2, 0.55, 1.6, 1.3, 1.2, 1.8, 2.1, 1.9, 2.3, 1.4, 0.9, 0.75, 0.8, 1.6, 0.8, 0.6, 1.8, 0.9, 0.85, 1.2, 1.8, 0.95, 0.95, 0.9, 0.65, 1.6, 0.95, 0.4, 0.4, 0.9, 2.0, 0.95, 0.65, 1.6, 1.0, 1.0, 1.4, 2.1, 1.6, 2.0, 2.3, 2.3, 1.2, 1.6, 0.45, 0.8, 0.95, 1.4, 1.6, 0.35, 1.0, 1.6, 0.9, 1.2, 0.9, 2.3, 1.1, 1.6, 0.75, 1.6, 1.0, 1.8, 2.2, 0.8];[0.03577003, -0.0687373, -0.09639915, 0.05041606, -0.17317019, -0.16760064, -0.28807964, -0.43814479, -0.02637391, 0.03425851, 0.04055454, 0.01058375, -0.08264232, -0.08439417, 0.2, 0.2, 0.0, -0.1, 0.05505829, -0.40503189, -0.47031588, -0.71909923, -0.06167999, -0.02230282, -0.00366489, -0.46398239, -0.34087739, 0.0484161, 0.03054234, 0.0503085, 0.05315468, 0.05245423, 0.2, 0.2, -0.2, 0.2, 0.09189347, 0.0424635, 0.00372429, 0.08195309, 0.09289103, 0.05218547, 0.01077517, -0.4634487, -0.02475077, 0.05214644, 0.06444184, 0.07784116, 0.02844151, 0.02934328, -0.3, 0.6, 0.4, 0.0];0.052413999917916954;0.03237750008702278
[2.93707842, -4.0, 0.98785103, 0.93940831, 1.00981909];False;[1.0, 0.7, 2.0, 0.65, 1.6, 0.55, 2.0, 2.3, 1.7, 1.2, 2.4, 1.2, 1.6, 1.8, 1.2, 1.4, 2.1, 1.6, 1.8, 0.9, 1.5, 0.75, 0.95, 1.0, 0.35, 0.55, 1.6, 0.75, 1.2, 0.5, 1.0, 1.2, 0.95, 0.75, 0.9, 2.0, 0.9, 0.65, 0.65, 0.8, 2.2, 0.95, 0.65, 1.8, 1.2, 0.95, 1.2, 1.6, 1.1, 2.0, 2.6, 2.2, 1.1, 1.2, 0.3, 1.3, 1.0, 1.8, 1.6, 0.9, 0.35, 1.4, 1.2, 1.2, 0.9, 2.0, 1.2, 1.7, 0.75, 1.9, 1.2, 1.8, 2.4, 0.95, 1.2, 0.45, 1.6, 0.8, 1.8, 0.85, 1.8, 2.0, 1.4, 1.2, 2.3, 0.55, 1.4, 1.3, 1.4, 1.4, 1.2, 1.2, 2.2, 0.95, 1.2, 0.8, 0.9, 1.2, 0.35, 0.9, 1.9, 1.3, 0.85, 0.85, 1.0, 1.2, 1.6, 0.9, 0.55, 2.2, 0.75, 0.55, 0.8, 0.85, 2.2, 1.4, 0.6, 1.8, 0.85, 1.0, 2.0, 1.8, 1.8, 2.1, 2.2, 1.8, 1.2, 1.0, 0.65, 0.7, 1.0, 1.8, 1.4, 0.4, 0.4, 1.6, 1.0, 1.2, 1.4, 2.3, 1.1, 1.2, 0.9, 1.2, 1.0, 2.3, 2.2, 0.7, 0.95, 0.45, 1.6, 0.6, 2.3, 0.8, 1.8, 2.2, 1.7, 1.5, 2.0, 0.85, 1.2, 1.4, 1.4, 1.9, 1.8, 1.2, 1.6, 0.95, 1.4, 0.5, 0.9, 2.0, 0.8, 1.0, 1.8, 1.2, 1.0, 0.8, 1.6, 0.8, 1.6, 0.95, 1.8, 1.5, 0.95, 0.65, 0.45, 0.65, 2.2, 1.4, 0.75, 1.6, 1.7, 1.6, 1.8, 1.4, 1.4, 2.1, 2.3, 2.0, 1.6, 2.0, 0.85, 0.75, 1.2, 1.8, 1.4, 0.5, 0.4, 1.4, 1.2, 1.6, 0.95, 1.8, 1.2, 0.9, 2.0, 1.6, 1.0, 1.7, 2.4, 0.85];[-0.00151751, 0.11956543, 0.07350544, 0.06083696, 0.02963175, -0.01449889, -0.04872077, -0.34437499, -0.14766325, 0.05317472, 0.05902667, 0.03923906, -0.00574384, -0.00609587, 0.2, 0.2, 0.4, 0.0, 0.05156908, -0.38522961, -0.47729134, -0.68558754, 0.08303838, 0.06439617, 0.02850837, -0.41528012, -0.3295237, 0.02542986, 0.03667476, 0.03530724, -0.06860618, -0.07066252, -0.1, 0.0, 0.2, 0.2, 0.08848898, 0.05804374, 0.19767574, 0.01509528, -0.01713917, -0.04929012, -0.06961639, -0.17201511, 0.2028793, 0.03573726, 0.06841219, 0.0633863, -0.01598384, -0.01673901, 0.2, 0.5, -0.4, -0.2];0.051560399937443435;0.028761600027792156
[2.94250256, -3.0, 0.99492549, 0.95871296, 0.98886411];False;[1.5, 0.6, 2.0, 0.75, 1.8, 2.0, 1.6, 1.8, 1.4, 0.8, 2.0, 0.9, 1.2, 1.4, 1.2, 1.6, 1.8, 1.4, 2.0, 1.5, 1.0, 0.8, 0.6, 0.95, 0.65, 0.9, 1.8, 0.7, 0.8, 0.9, 1.8, 0.7, 1.2, 0.85, 1.2, 1.8, 0.95, 0.5, 0.4, 0.7, 2.2, 1.2, 0.9, 1.8, 0.75, 0.7, 0.95, 1.6, 1.9, 1.8, 2.6, 2.2, 1.1, 2.0, 0.75, 0.85, 1.2, 1.8, 1.8, 0.65, 0.3, 1.9, 0.95, 1.2, 0.75, 2.3, 1.7, 1.4, 1.6, 1.4, 1.6, 2.2, 2.2, 1.2, 0.95, 0.35, 1.2, 0.95, 1.5, 1.8, 1.3, 2.2, 1.6, 0.85, 1.8, 0.9, 1.6, 1.4, 1.1, 1.4, 1.6, 1.6, 1.8, 1.4, 1.0, 0.5, 0.9, 1.8, 0.75, 0.85, 1.6, 1.0, 0.85, 0.4, 1.4, 0.75, 1.0, 1.3, 0.6, 2.2, 0.85, 0.4, 0.3, 1.2, 1.8, 0.9, 0.75, 1.9, 1.4, 1.4, 1.6, 1.8, 1.6, 1.8, 2.6, 2.3, 1.4, 2.1, 0.8, 0.65, 1.4, 1.1, 1.4, 0.7, 0.55, 1.4, 0.95, 1.6, 0.95, 1.8, 1.4, 1.0, 0.7, 1.8, 1.4, 2.3, 2.2, 0.95, 0.95, 0.7, 2.0, 0.95, 1.5, 1.6, 2.1, 2.3, 1.2, 0.95, 2.0, 0.75, 1.4, 1.6, 1.4, 1.8, 1.0, 1.6, 2.2, 0.95, 1.2, 1.0, 0.75, 0.95, 0.85, 0.7, 1.9, 0.6, 0.8, 0.85, 1.6, 0.65, 1.4, 1.3, 0.6, 2.3, 0.6, 0.4, 0.55, 1.0, 2.2, 1.7, 0.6, 1.6, 1.0, 0.7, 0.95, 1.6, 1.4, 1.8, 2.2, 2.2, 1.1, 1.2, 0.5, 0.8, 1.6, 1.2, 1.6, 0.65, 0.55, 1.4, 1.4, 1.6, 0.7, 2.3, 1.4, 0.9, 1.2, 1.8, 1.0, 2.0, 2.0, 0.5];[0.03705503, 0.06866657, -0.04830832, 0.1539308, 0.03661267, 0.09536351, 0.1640619, -0.28964816, -0.07370159, 0.03695921, 0.04542703, 0.01221818, -0.06397674, -0.06523453, 0.2, 0.4, 0.0, 0.0, 0.08826728, -0.15453771, -0.23902655, -0.27269525, 0.12015074, 0.09815734, 0.08725245, -0.24792099, -0.12680292, 0.02342622, 0.04071714, 0.03591342, 0.00090594, -0.00101762, -0.2, 0.3, 0.0, -0.5, 0.1162346, 0.07239938, 0.24058624, -0.18697863, -0.07369441, -0.04710918, -0.04845461, -0.42238689, -0.01997447, 0.06489795, 0.05378522, 0.07712218, 0.08358477, 0.08263248, 0.2, 0.4, -0.2, -0.2];0.06020170007832348;0.02654130000155419
[2.8880084, -1.0, 0.91702912, 0.9610068, 1.00997248];False;[0.95, 0.7, 1.4, 0.9, 1.8, 0.75, 1.4, 1.7, 1.1, 0.8, 1.8, 0.65, 1.4, 1.3, 1.4, 1.6, 1.0, 1.2, 2.2, 1.4, 1.4, 0.6, 0.9, 0.95, 0.75, 0.85, 1.9, 0.75, 0.75, 0.95, 1.0, 0.95, 1.6, 0.85, 0.55, 1.6, 0.75, 0.8, 0.35, 0.75, 2.2, 1.0, 0.75, 1.6, 0.85, 1.6, 1.4, 2.0, 1.4, 1.6, 2.4, 2.2, 1.2, 0.9, 0.5, 1.0, 1.4, 1.8, 1.6, 0.55, 0.9, 1.4, 1.2, 1.2, 1.8, 1.8, 1.2, 1.0, 0.75, 1.2, 1.4, 1.7, 2.3, 0.7, 1.4, 0.4, 2.0, 0.5, 1.6, 1.6, 2.0, 2.0, 1.6, 0.75, 2.3, 1.0, 1.2, 1.8, 1.4, 1.6, 1.6, 1.8, 2.2, 0.95, 1.4, 0.75, 0.55, 2.0, 0.5, 0.85, 1.4, 0.7, 0.6, 0.65, 1.8, 0.8, 1.4, 0.75, 0.65, 2.0, 0.7, 0.55, 0.8, 0.9, 2.3, 1.4, 0.8, 1.4, 0.7, 1.0, 0.95, 1.4, 1.2, 1.4, 2.3, 1.7, 1.6, 1.6, 0.45, 0.9, 1.2, 1.6, 1.9, 0.4, 0.9, 1.6, 1.4, 1.2, 0.85, 2.3, 1.2, 1.6, 1.2, 1.4, 0.9, 2.2, 2.2, 0.7, 1.5, 0.85, 1.2, 0.85, 2.0, 0.65, 1.4, 2.3, 1.4, 0.8, 1.7, 1.0, 1.6, 1.9, 1.7, 1.3, 1.2, 1.2, 2.2, 1.2, 1.0, 0.8, 0.8, 1.8, 0.5, 0.45, 1.4, 1.0, 0.85, 0.5, 1.4, 1.2, 1.6, 1.2, 0.65, 1.6, 0.85, 0.75, 0.6, 0.8, 2.3, 0.9, 0.95, 1.6, 1.4, 0.95, 0.95, 1.8, 1.6, 2.1, 2.3, 2.2, 1.6, 1.2, 0.8, 0.95, 1.6, 1.1, 1.6, 0.55, 0.4, 1.6, 0.9, 1.4, 1.8, 2.0, 1.4, 1.0, 0.8, 1.4, 1.0, 1.8, 2.4, 0.9];[0.03623269, -0.18840561, -0.25234694, -0.11750315, -0.27339236, -0.28678347, -0.45037991, -0.47433401, -0.30541006, 0.03159346, 0.04130578, 0.01249732, -0.07878014, -0.08082449, -0.1, 0.2, 0.2, 0.2, -0.02974803, -0.19388327, -0.31070311, -0.30731993, 0.20596598, 0.14569568, 0.0769348, -0.20517424, -0.01918687, 0.02759092, 0.0291267, 0.05194068, -0.0684315, -0.06927681, 0.6, 0.2, 0.0, 0.2, 0.09423271, 0.34862381, 0.4198464, 0.01209639, -0.00256053, -0.02714599, -0.04130853, -0.26180235, -0.0231416, 0.05570802, 0.06110016, 0.0737795, 0.03543048, 0.03467509, 0.3, -0.4, 0.2, 0.3];0.04772259993478656;0.030287800007499754
[2.91226653, -0.0, 0.95091831, 0.9978056, 0.96354261];False;[0.95, 0.4, 1.8, 0.95, 2.0, 0.6, 1.6, 2.0, 1.2, 0.9, 1.8, 0.95, 1.2, 1.9, 1.2, 1.8, 1.2, 1.4, 1.6, 1.2, 1.0, 0.85, 0.9, 1.2, 0.6, 0.8, 1.4, 1.2, 1.0, 0.65, 0.95, 1.2, 1.0, 1.3, 0.6, 2.0, 0.85, 0.9, 0.55, 0.9, 2.0, 0.9, 0.6, 1.9, 0.75, 0.8, 1.4, 1.3, 1.1, 1.8, 2.3, 2.0, 1.4, 1.8, 0.7, 1.2, 0.9, 1.1, 1.6, 0.85, 0.4, 1.6, 1.4, 1.2, 1.8, 1.8, 1.1, 1.4, 0.9, 1.8, 1.2, 1.7, 2.2, 0.55, 1.2, 0.6, 1.6, 0.75, 2.0, 0.95, 2.0, 1.8, 1.7, 0.9, 2.6, 1.0, 1.6, 1.8, 1.6, 1.9, 0.95, 1.8, 2.2, 0.9, 1.2, 0.65, 0.55, 1.2, 0.9, 0.45, 1.8, 1.2, 0.85, 0.45, 1.2, 0.6, 1.4, 1.0, 0.85, 1.6, 0.65, 0.6, 0.7, 0.6, 2.2, 1.0, 0.6, 1.8, 0.8, 0.85, 1.8, 2.0, 1.4, 1.8, 2.4, 1.7, 1.4, 1.6, 0.6, 0.65, 1.0, 1.4, 1.8, 0.8, 0.85, 1.9, 0.9, 1.1, 1.8, 2.3, 1.2, 0.95, 2.0, 1.6, 1.6, 1.8, 2.3, 0.55, 1.5, 0.6, 1.2, 0.4, 2.3, 0.9, 2.0, 2.0, 1.2, 1.4, 2.0, 0.7, 1.7, 1.9, 1.6, 1.9, 1.6, 1.2, 1.8, 1.0, 1.5, 0.6, 0.95, 1.0, 0.3, 0.8, 1.6, 0.85, 0.8, 0.65, 1.6, 0.65, 1.2, 0.75, 0.85, 2.0, 0.9, 0.45, 0.4, 0.8, 1.7, 0.95, 0.75, 1.4, 0.85, 0.95, 1.8, 1.6, 1.2, 2.0, 2.2, 1.7, 1.7, 1.4, 0.6, 1.3, 0.95, 1.9, 1.4, 1.0, 0.7, 1.9, 1.0, 1.2, 0.7, 2.0, 1.2, 1.4, 2.1, 1.2, 1.0, 2.2, 2.4, 0.75];[0.02711369, 0.09510857, 0.07204084, -0.04561174, -0.0565526, -0.07206741, -0.11748923, -0.21997746, -0.07433791, 0.03752212, 0.06222533, 0.02707088, -0.0231549, -0.02342622, 0.7, 0.6, 0.0, 0.0, 0.02537285, -0.21213415, -0.34760376, -0.09523513, 0.03880355, 0.04305257, 0.03346576, -0.38975117, -0.21958384, 0.03863703, 0.04185635, 0.06220591, -0.01401962, -0.01491574, 0.2, 0.3, 0.5, 0.5, 0.10231151, 0.06562127, 0.27964347, 0.05971057, -0.09298688, -0.04383437, -0.06818552, -0.42128763, -0.07317731, 0.06848059, 0.0571676, 0.08510369, 0.07290714, 0.07168344, 0.2, 0.3, 0.5, 0.4];0.04728699999395758;0.028753799968399107
[2.96041732, -5.0, 1.00939673, 0.98882143, 0.96219916];False;[1.5, 0.35, 2.0, 0.85, 2.0, 1.6, 2.0, 2.2, 1.7, 0.95, 2.2, 0.55, 1.4, 1.4, 1.6, 1.6, 2.0, 1.8, 2.0, 1.0, 1.0, 1.0, 0.9, 0.95, 0.55, 0.75, 1.3, 0.9, 0.95, 1.2, 1.4, 0.95, 1.4, 0.75, 0.65, 1.6, 1.2, 0.7, 0.85, 0.7, 2.2, 1.2, 0.85, 1.8, 0.75, 0.8, 1.2, 2.1, 1.6, 1.4, 2.2, 1.7, 1.2, 1.6, 0.4, 1.2, 1.6, 1.9, 1.4, 0.85, 0.65, 1.4, 1.0, 1.4, 0.95, 2.2, 1.4, 1.6, 1.8, 1.4, 0.95, 2.3, 2.2, 0.65, 1.2, 0.3, 2.1, 0.6, 2.0, 1.8, 1.8, 1.7, 1.4, 0.85, 2.2, 1.0, 1.4, 1.4, 1.6, 1.3, 1.6, 1.6, 1.5, 1.0, 1.4, 1.0, 0.95, 1.2, 0.9, 0.55, 1.8, 0.95, 0.95, 0.65, 0.95, 1.3, 1.6, 1.3, 0.45, 2.0, 1.2, 0.65, 0.75, 0.65, 2.2, 1.0, 0.65, 1.8, 1.6, 0.95, 1.2, 2.1, 1.6, 1.4, 2.4, 2.2, 1.2, 1.8, 0.9, 1.2, 1.4, 1.1, 1.4, 0.5, 0.8, 1.4, 0.9, 1.4, 0.9, 2.0, 1.4, 1.6, 1.4, 1.9, 1.4, 1.8, 2.2, 0.8, 1.4, 0.4, 1.8, 0.7, 2.0, 0.55, 2.0, 2.0, 1.4, 0.7, 2.4, 0.7, 1.6, 1.4, 1.4, 1.4, 1.0, 1.4, 2.0, 0.9, 1.4, 1.0, 0.6, 1.2, 0.4, 0.95, 1.9, 0.7, 0.7, 0.75, 1.4, 0.6, 1.0, 0.8, 0.8, 1.8, 1.0, 0.35, 0.7, 0.65, 1.8, 1.2, 1.1, 1.6, 1.2, 0.7, 1.6, 1.8, 1.4, 1.8, 2.2, 1.7, 1.4, 1.2, 0.45, 1.2, 1.6, 1.4, 1.8, 0.45, 0.85, 1.8, 1.4, 1.2, 0.8, 1.7, 1.6, 1.0, 1.0, 1.4, 1.4, 2.3, 2.4, 0.65];[0.04092963, -0.04450649, -0.10376127, 0.00905021, 0.02644446, 0.01298053, -0.08582328, -0.45717671, -0.10046343, 0.05119431, 0.05017504, 0.03529133, -0.01156773, -0.0121069, 0.0, 0.0, 0.0, 0.2, 0.07193124, -0.05810349, -0.12905727, -0.0803788, 0.09485427, 0.06261227, 0.02993402, -0.28713541, -0.11905586, 0.02964691, 0.03522448, 0.04274095, -0.03689928, -0.03759862, 0.0, -0.3, 0.0, 0.2, 0.10643672, -0.05925407, 0.09361099, -0.07408447, 0.05460209, 0.08293116, 0.09277209, -0.45702303, -0.06150073, 0.0369597, 0.02874266, 0.04407402, 0.01990182, 0.02044018, -0.2, 0.0, 0.4, 0.2];0.07831280003301799;0.05625979998148978
[2.92893332, -5.0, 0.94544965, 0.97408991, 1.00939376];False;[1.4, 0.55, 1.6, 0.4, 1.6, 0.8, 1.8, 1.8, 1.2, 0.85, 2.0, 0.65, 1.7, 1.8, 1.7, 1.4, 0.95, 1.8, 1.5, 1.5, 1.4, 0.65, 0.9, 1.0, 0.75, 0.6, 1.6, 1.2, 0.65, 1.0, 1.4, 0.9, 1.6, 1.0, 0.4, 1.8, 0.85, 0.35, 0.45, 0.85, 1.7, 1.7, 0.85, 1.8, 0.9, 1.4, 2.0, 1.6, 1.4, 1.8, 2.2, 2.2, 1.1, 1.6, 0.7, 0.7, 0.95, 1.1, 1.9, 0.85, 1.1, 1.9, 1.2, 1.2, 0.9, 2.0, 1.6, 1.4, 0.9, 1.1, 1.0, 2.2, 2.4, 0.85, 1.4, 0.85, 2.0, 0.5, 1.6, 0.6, 1.8, 2.3, 1.1, 1.2, 2.4, 0.7, 1.7, 1.8, 1.2, 1.6, 1.2, 1.8, 2.2, 1.0, 1.4, 0.75, 0.75, 1.8, 0.8, 0.75, 1.6, 1.3, 0.95, 0.45, 0.9, 0.9, 1.2, 1.0, 0.7, 1.8, 1.2, 0.45, 0.4, 0.9, 1.8, 1.6, 0.75, 1.3, 0.95, 2.1, 0.9, 1.8, 1.6, 1.6, 2.4, 1.8, 1.4, 1.0, 0.75, 0.75, 1.4, 1.2, 1.3, 0.9, 0.7, 1.6, 1.5, 1.7, 0.8, 2.2, 1.6, 1.4, 1.6, 1.8, 1.0, 2.2, 2.0, 0.6, 0.9, 0.8, 2.0, 1.0, 2.0, 1.2, 2.0, 2.0, 1.2, 0.7, 2.4, 0.6, 1.7, 1.9, 1.1, 1.4, 1.4, 1.1, 2.0, 1.2, 1.4, 0.75, 0.7, 0.9, 0.85, 0.5, 1.9, 0.9, 0.75, 1.2, 0.95, 0.95, 1.0, 1.2, 0.5, 1.6, 0.8, 0.65, 0.3, 0.95, 1.7, 1.0, 1.0, 1.8, 1.2, 1.0, 1.0, 1.4, 1.8, 1.4, 2.0, 1.8, 1.2, 1.8, 0.9, 0.9, 1.0, 1.8, 1.6, 0.35, 0.55, 1.6, 0.95, 1.4, 1.4, 2.2, 1.2, 1.6, 1.8, 1.2, 1.0, 2.2, 2.2, 0.55];[0.03029654, 0.08198743, -0.06529365, 0.08629972, -0.03574863, 0.02526127, 0.02199895, -0.3947103, -0.04433442, 0.03038049, 0.03579382, 0.03584372, -0.01874916, -0.0201106, 0.1, -0.3, 0.5, 0.5, 0.05849344, -0.12822267, -0.1830136, -0.09720865, -0.13398807, -0.08674721, -0.07946064, -0.34981719, -0.19269147, 0.03712746, 0.05770038, 0.04496986, 0.02181739, 0.02136039, 0.1, 0.4, 0.0, -0.5, 0.11256393, 0.18655103, 0.33694875, 0.10909093, 0.00016632, 0.02632622, -0.015366, -0.53943588, -0.07721654, 0.05432169, 0.05397819, 0.08219363, 0.03287523, 0.03254309, 0.2, 0.3, 0.3, -0.3];0.059541100054048;0.03290609992109239
[2.9344401, -0.0, 0.97203423, 0.98710567, 0.9753002];False;[1.2, 0.4, 1.6, 0.85, 2.2, 0.9, 1.8, 2.0, 1.6, 1.5, 2.3, 0.85, 1.4, 1.6, 1.4, 1.4, 1.4, 1.9, 1.5, 1.2, 1.4, 0.6, 0.75, 0.95, 0.5, 0.95, 1.6, 0.95, 0.65, 0.7, 1.6, 1.0, 1.2, 0.75, 0.8, 2.2, 1.2, 0.65, 0.35, 1.0, 1.8, 1.6, 0.9, 1.4, 1.4, 1.4, 1.8, 2.0, 1.4, 1.6, 2.3, 2.3, 1.2, 1.8, 0.8, 1.0, 1.7, 1.9, 1.6, 0.4, 0.75, 1.4, 0.9, 1.7, 1.4, 2.0, 1.7, 1.0, 0.8, 1.4, 1.4, 2.3, 2.2, 0.55, 0.95, 0.5, 1.2, 0.45, 1.6, 1.8, 1.8, 1.7, 1.6, 1.2, 2.6, 0.95, 1.4, 1.9, 1.4, 1.6, 1.0, 1.2, 1.8, 0.95, 1.0, 0.9, 0.8, 2.0, 0.85, 0.7, 1.6, 0.8, 0.7, 0.65, 1.4, 0.95, 1.7, 1.3, 1.6, 2.0, 0.95, 0.75, 0.7, 0.8, 1.8, 1.4, 0.6, 1.9, 1.2, 1.2, 1.8, 1.4, 1.2, 2.1, 2.6, 1.8, 1.6, 2.0, 0.65, 0.65, 1.0, 1.2, 1.8, 1.3, 0.8, 1.8, 1.4, 1.2, 1.6, 1.7, 1.2, 0.95, 1.0, 1.8, 1.0, 1.8, 2.2, 0.9, 1.4, 0.85, 1.2, 0.55, 2.0, 0.7, 1.3, 2.2, 1.4, 0.85, 2.2, 0.5, 1.2, 1.4, 1.1, 1.8, 1.2, 1.4, 2.2, 1.0, 1.4, 0.7, 0.85, 1.6, 0.55, 0.4, 1.8, 0.8, 0.95, 0.8, 1.4, 1.2, 1.0, 1.0, 0.5, 2.2, 0.95, 0.6, 0.5, 0.65, 2.0, 1.2, 0.75, 1.6, 1.6, 1.8, 0.95, 1.3, 1.8, 1.3, 2.2, 2.0, 1.2, 0.95, 0.5, 0.75, 0.95, 1.8, 1.4, 0.85, 0.45, 1.8, 0.9, 1.6, 0.8, 1.8, 1.4, 1.2, 2.1, 1.4, 0.95, 2.0, 2.3, 0.8];[0.03715386, -0.03512125, -0.11101178, 0.07371595, 0.01317774, 0.06422759, 0.08363224, -0.15718575, 0.18956466, 0.05119612, 0.04651739, 0.00059807, -0.08586776, -0.08791643, 0.2, 0.0, -0.3, -0.3, -0.01311173, -0.13914559, -0.2385582, -0.13145029, 0.13356805, 0.08395211, 0.03493472, -0.12089158, -0.02932343, 0.05054975, 0.03932619, 0.05235601, 0.04790876, 0.04704082, 0.5, 0.2, 0.2, 0.2, 0.09762083, 0.03847961, 0.18027615, 0.06083716, -0.01415469, -0.01618775, -0.04095837, -0.41132589, -0.02968637, 0.05837537, 0.05165805, 0.06970342, 0.05548603, 0.05450104, 0.2, 0.7, -0.4, -0.5];0.07015749998390675;0.03375529998447746
[2.92243116, -1.0, 1.00285571, 0.95999669, 0.95957876];False;[1.0, 0.4, 2.0, 0.7, 2.0, 1.8, 1.8, 1.8, 1.6, 0.8, 2.2, 0.6, 1.7, 1.4, 1.4, 1.6, 1.2, 1.8, 1.8, 1.5, 0.95, 1.0, 0.95, 2.0, 0.4, 0.65, 1.4, 1.3, 1.2, 0.8, 0.95, 0.7, 1.6, 1.2, 0.85, 2.0, 1.2, 0.75, 0.35, 0.65, 2.3, 1.6, 0.7, 1.8, 0.85, 2.1, 1.2, 2.0, 1.2, 1.6, 2.3, 2.3, 1.2, 2.0, 0.9, 1.0, 1.6, 1.9, 1.6, 0.8, 0.65, 1.9, 1.0, 1.4, 0.95, 2.2, 1.2, 0.95, 1.8, 1.4, 0.95, 2.3, 2.2, 0.7, 1.4, 0.75, 1.6, 0.45, 2.3, 0.6, 1.3, 2.0, 1.2, 0.8, 1.8, 0.75, 1.4, 1.3, 1.6, 1.6, 0.9, 1.2, 1.5, 1.2, 1.4, 0.75, 0.9, 1.0, 0.6, 0.85, 1.3, 0.65, 0.75, 0.8, 0.95, 0.95, 1.6, 1.3, 0.75, 1.6, 0.75, 0.45, 0.35, 1.2, 2.2, 0.9, 0.9, 1.3, 0.95, 0.9, 1.4, 1.8, 1.1, 2.0, 2.3, 2.2, 1.2, 2.1, 0.9, 0.8, 1.2, 1.8, 1.8, 0.5, 1.0, 1.4, 1.4, 1.1, 0.95, 2.2, 1.4, 1.2, 1.0, 1.4, 1.7, 2.2, 2.4, 1.0, 1.4, 0.35, 1.8, 0.55, 1.8, 0.55, 2.1, 2.2, 1.2, 0.85, 1.8, 0.95, 1.4, 1.6, 1.1, 1.3, 0.95, 1.4, 2.0, 0.95, 0.95, 1.0, 0.8, 0.95, 0.85, 0.75, 1.4, 0.85, 0.95, 1.6, 1.4, 0.65, 0.95, 1.0, 1.2, 1.6, 0.6, 0.4, 0.5, 0.6, 2.2, 0.9, 0.55, 1.4, 1.4, 0.9, 2.0, 1.3, 1.9, 1.8, 2.6, 2.0, 1.6, 1.6, 0.75, 0.8, 1.6, 1.2, 1.4, 0.9, 0.55, 1.8, 0.9, 1.4, 0.85, 1.7, 1.4, 1.2, 0.9, 1.9, 1.2, 2.0, 2.4, 0.65];[0.04750385, 0.08093168, -0.04430098, 0.19549682, 0.03963168, 0.08192029, 0.08732173, -0.09811735, 0.28820428, 0.04031674, 0.03999983, 0.03092199, -0.01098103, -0.01147552, -0.3, 0.2, 0.3, 0.0, 0.07267695, -0.19453243, -0.33664551, -0.28989824, 0.10803522, 0.10079652, 0.10869811, -0.24937676, -0.2455164, 0.02558036, 0.05107578, 0.02876319, -0.01742614, -0.01809341, -0.1, 0.0, 0.3, 0.5, 0.09768681, 0.02585352, 0.14835117, -0.07791888, -0.09241537, -0.0639755, -0.05198387, -0.22984737, 0.09884183, 0.04799996, 0.05448196, 0.06479478, 0.02761516, 0.02618858, 0.2, 0.2, 0.0, -0.3];0.04118119995109737;0.029878800036385655
[2.94115885, -3.0, 0.9400644, 0.96902575, 1.03206871];False;[1.2, 0.55, 1.6, 0.7, 1.8, 1.4, 1.8, 1.7, 1.4, 1.2, 2.0, 0.8, 1.4, 1.4, 1.7, 1.6, 1.0, 1.8, 2.2, 1.0, 1.0, 0.55, 0.9, 1.6, 0.65, 0.6, 1.8, 0.7, 0.75, 0.65, 0.95, 0.6, 1.0, 0.7, 0.45, 2.3, 0.65, 0.35, 0.6, 1.2, 1.8, 0.9, 0.6, 1.4, 0.9, 0.85, 1.8, 2.1, 1.8, 1.6, 2.3, 2.2, 1.7, 1.0, 0.65, 0.6, 0.9, 1.6, 1.4, 0.4, 0.6, 1.8, 1.4, 1.6, 1.2, 2.2, 1.6, 0.95, 1.6, 1.9, 0.95, 2.3, 2.2, 1.2, 1.2, 0.65, 1.8, 0.8, 1.8, 1.0, 1.8, 1.8, 1.6, 1.5, 2.4, 0.7, 1.2, 1.3, 1.2, 1.9, 2.1, 1.8, 2.0, 1.4, 1.4, 0.85, 0.55, 2.0, 0.7, 0.4, 1.6, 0.75, 0.7, 0.9, 0.9, 0.95, 1.2, 0.85, 0.95, 1.6, 0.6, 0.3, 0.3, 0.65, 2.2, 0.95, 0.6, 1.8, 1.4, 2.0, 2.1, 1.8, 1.8, 2.0, 2.3, 2.0, 1.2, 0.95, 0.4, 1.0, 1.6, 1.4, 1.8, 0.45, 0.6, 1.4, 1.2, 1.6, 0.85, 2.0, 1.2, 1.2, 1.6, 1.4, 1.7, 1.8, 2.6, 0.9, 1.2, 0.65, 1.8, 0.75, 2.2, 0.65, 2.0, 1.8, 1.7, 1.4, 2.6, 0.6, 1.2, 1.8, 1.2, 1.6, 2.0, 1.6, 1.6, 1.0, 1.4, 0.7, 0.7, 1.0, 0.9, 0.95, 1.6, 0.75, 0.85, 0.55, 1.8, 0.95, 1.7, 0.85, 0.4, 2.2, 0.8, 0.5, 0.65, 0.85, 2.2, 1.0, 0.8, 1.3, 1.4, 1.4, 0.95, 1.6, 1.2, 2.0, 2.4, 2.2, 1.1, 1.8, 0.45, 0.6, 1.7, 1.8, 1.4, 0.45, 0.55, 1.6, 0.9, 1.2, 0.75, 1.8, 1.4, 1.2, 0.95, 1.8, 1.2, 2.0, 2.2, 1.2];[0.05390524, 0.07249383, 0.05797514, 0.20887664, -0.21420619, -0.15926581, -0.27914235, -0.43855067, -0.27907927, 0.03088593, 0.0242829, 0.00344451, -0.10255265, -0.1039582, 0.0, -0.1, -0.2, 0.1, 0.06403421, -0.21409911, -0.31310173, -0.25831773, -0.00373488, 0.01784415, 0.03029192, -0.37623195, -0.3287129, 0.01837966, 0.04851358, 0.04595841, -0.05953752, -0.06121641, 0.1, 0.7, -0.4, -0.4, 0.09062188, 0.19520126, 0.33042055, 0.12360515, 0.04701269, 0.02792722, 0.00841361, -0.29625978, -0.05018096, 0.06301663, 0.0720632, 0.08367948, 0.04755196, 0.04720003, 0.6, 0.4, 0.0, 0.0];0.054839199990965426;0.03451539995148778
[2.92320427, -2.0, 0.9519831, 0.96147107, 1.00975009];False;[0.95, 0.65, 1.4, 0.6, 1.8, 0.7, 2.0, 2.0, 1.4, 1.2, 2.2, 1.3, 1.6, 1.9, 1.2, 1.4, 0.9, 1.8, 1.6, 0.95, 1.4, 1.0, 0.8, 2.0, 0.45, 0.8, 1.6, 0.7, 0.75, 0.9, 1.4, 0.9, 0.95, 0.75, 0.6, 2.3, 0.65, 0.7, 0.45, 0.7, 1.7, 1.6, 0.55, 1.4, 1.4, 1.8, 0.95, 1.6, 1.8, 2.0, 2.3, 2.0, 1.6, 0.95, 0.35, 0.85, 0.9, 1.1, 1.6, 0.6, 1.0, 1.8, 1.4, 1.4, 0.85, 2.3, 1.7, 1.2, 1.4, 1.4, 1.7, 2.2, 2.3, 0.6, 1.2, 0.45, 1.4, 0.85, 2.0, 0.8, 2.0, 2.0, 1.1, 0.8, 1.7, 0.5, 1.4, 1.8, 1.2, 1.4, 0.95, 1.8, 2.0, 1.2, 1.5, 0.7, 0.7, 1.8, 0.85, 0.9, 1.8, 0.75, 0.65, 0.65, 1.2, 0.75, 1.2, 0.9, 0.5, 1.8, 1.0, 0.7, 0.6, 0.95, 2.2, 1.4, 0.9, 1.9, 0.75, 1.4, 1.2, 1.6, 1.8, 1.4, 2.6, 2.0, 1.7, 1.4, 0.85, 0.6, 0.9, 1.8, 1.4, 0.8, 0.85, 1.3, 0.95, 1.6, 1.4, 1.7, 1.4, 1.6, 0.7, 1.2, 1.6, 2.3, 2.4, 0.75, 1.4, 0.45, 1.2, 0.7, 2.3, 1.0, 2.0, 1.8, 1.1, 0.75, 2.6, 1.0, 1.1, 1.3, 1.2, 1.6, 2.1, 1.4, 1.6, 1.4, 1.0, 0.95, 0.65, 1.4, 0.8, 1.0, 1.9, 0.7, 0.85, 1.6, 1.9, 0.7, 1.4, 0.7, 0.8, 2.0, 0.85, 0.35, 0.35, 0.8, 1.8, 1.4, 0.85, 1.4, 1.6, 2.1, 2.0, 1.8, 1.1, 2.1, 2.2, 1.8, 1.4, 0.95, 0.35, 0.85, 1.6, 1.9, 1.6, 0.65, 0.5, 1.8, 1.4, 1.6, 1.4, 1.8, 1.6, 1.2, 1.4, 1.6, 1.4, 2.2, 2.2, 0.5];[0.01953034, 0.04376789, -0.03204415, 0.06559464, -0.21303961, -0.16345587, -0.24949818, -0.37369298, -0.12260222, 0.04487496, 0.04418588, 0.01498511, -0.06234293, -0.06449328, 0.3, 0.2, 0.2, -0.2, 0.02773904, -0.14697102, -0.26288561, -0.35633837, -0.01069791, 0.01049446, 0.02159294, -0.46096996, -0.28336796, 0.03374356, 0.0405847, 0.04847905, -0.00482517, -0.00592113, 0.4, 0.2, -0.2, -0.4, 0.07850933, 0.07632619, 0.13317367, 0.0306689, -0.03282556, -0.00637303, 0.00853634, -0.80924542, -0.35052449, 0.03729689, 0.03233103, 0.04239311, 0.01864435, 0.01779709, 0.2, 0.4, -0.5, -0.4];0.04492990009021014;0.033401799970306456
[2.83985256, -4.0, 0.95100232, 0.93472525, 0.95412499];False;[0.9, 0.45, 1.2, 0.55, 1.6, 0.6, 1.4, 2.0, 1.1, 0.9, 1.8, 0.9, 1.7, 1.9, 1.4, 1.8, 0.95, 1.2, 2.0, 1.0, 1.4, 0.8, 0.85, 1.8, 0.75, 0.85, 1.4, 1.0, 0.7, 0.8, 1.4, 1.3, 0.95, 1.2, 0.6, 1.8, 0.8, 0.55, 0.7, 0.95, 2.2, 1.2, 0.65, 1.3, 0.95, 1.2, 1.8, 1.4, 1.2, 1.8, 2.3, 1.8, 1.2, 1.4, 0.5, 0.85, 0.95, 1.6, 1.8, 0.45, 0.8, 1.8, 1.4, 1.6, 1.0, 2.2, 1.2, 1.6, 0.85, 1.2, 1.4, 2.2, 2.3, 1.0, 1.2, 0.85, 1.1, 0.85, 2.3, 0.8, 1.6, 1.8, 1.2, 0.75, 2.0, 0.85, 1.7, 1.8, 1.6, 1.8, 1.0, 1.6, 1.6, 0.9, 1.4, 0.75, 0.75, 1.4, 0.5, 0.55, 1.8, 0.75, 0.85, 0.5, 0.9, 0.9, 1.6, 0.7, 1.2, 2.2, 1.0, 0.5, 0.3, 0.9, 1.7, 1.0, 0.65, 1.9, 0.7, 0.95, 1.6, 2.0, 1.1, 1.3, 2.6, 2.2, 1.4, 1.4, 0.75, 0.85, 1.6, 1.4, 1.4, 0.45, 0.6, 1.3, 1.0, 1.2, 1.4, 2.0, 1.2, 1.6, 1.4, 1.4, 1.2, 2.0, 2.2, 1.0, 1.4, 0.9, 1.8, 0.55, 1.6, 1.4, 1.6, 1.8, 1.2, 0.75, 2.4, 0.6, 1.4, 1.4, 1.2, 1.4, 1.6, 1.2, 2.3, 0.9, 1.4, 0.6, 0.9, 1.8, 0.5, 0.8, 1.4, 0.85, 0.75, 0.6, 1.6, 0.65, 0.95, 1.0, 0.45, 1.6, 1.2, 0.3, 0.5, 1.0, 2.2, 1.6, 0.55, 1.9, 0.85, 2.1, 2.1, 1.6, 1.4, 1.6, 2.2, 2.2, 1.7, 1.4, 0.3, 1.2, 1.2, 1.2, 1.6, 0.4, 0.5, 1.4, 0.9, 1.1, 1.6, 2.3, 1.2, 0.95, 0.9, 1.9, 0.9, 1.8, 2.6, 0.65];[0.03873836, 0.11680781, 0.11925438, 0.03574561, -0.06584839, -0.02335389, -0.0624967, -0.503419, -0.20376605, 0.02733372, 0.04419148, 0.00150582, -0.10704301, -0.10871277, 0.2, 0.4, 0.1, -0.2, 0.03553414, -0.34971568, -0.45770155, -0.43448818, -0.00482335, 0.00052785, -0.00494197, -0.49296286, -0.54157671, 0.03257184, 0.05791606, 0.05936673, -0.00599454, -0.00756206, 0.1, 0.2, 0.5, 0.4, 0.06974627, -0.15860548, -0.09900723, -0.31154399, -0.18729894, -0.15284359, -0.12991608, -0.62706272, -0.11447579, 0.05692226, 0.06333679, 0.07493099, 0.0387541, 0.03861757, 0.0, 0.2, 0.3, 0.1];0.052114800084382296;0.030051599955186248
[2.99941294, -4.0, 1.04149469, 0.95713783, 1.00078042];False;[1.4, 0.8, 1.8, 0.85, 2.0, 1.6, 1.4, 2.2, 1.6, 0.8, 2.4, 0.6, 1.2, 1.9, 1.6, 1.8, 2.0, 1.8, 2.2, 1.4, 0.95, 0.9, 1.2, 1.6, 0.85, 0.95, 1.9, 0.85, 0.95, 0.45, 0.95, 0.9, 1.4, 0.95, 0.95, 1.6, 1.0, 0.6, 0.55, 0.7, 2.2, 1.7, 0.55, 1.8, 0.9, 1.6, 1.4, 1.6, 1.9, 1.8, 2.4, 2.0, 1.1, 2.0, 0.4, 1.2, 1.0, 1.4, 1.9, 1.2, 0.35, 1.3, 0.9, 1.2, 0.85, 2.0, 1.2, 1.4, 1.4, 1.8, 1.2, 2.0, 2.0, 0.95, 1.2, 0.9, 2.0, 0.4, 1.6, 0.7, 1.6, 2.3, 1.2, 0.95, 2.4, 0.9, 1.6, 1.9, 1.7, 1.8, 1.2, 1.2, 2.2, 0.95, 1.4, 0.65, 0.75, 0.95, 0.65, 0.45, 1.3, 0.9, 0.8, 0.95, 1.4, 0.75, 1.6, 0.75, 0.65, 2.2, 1.0, 0.55, 0.3, 1.2, 1.7, 1.7, 1.0, 1.3, 0.95, 0.85, 1.8, 2.1, 1.4, 1.6, 2.2, 2.2, 1.7, 1.2, 0.5, 0.8, 1.0, 1.8, 1.6, 0.35, 0.75, 1.6, 1.2, 1.2, 0.8, 2.2, 1.2, 1.2, 1.2, 1.2, 1.0, 2.0, 2.4, 1.0, 1.2, 0.5, 1.4, 0.7, 1.8, 0.75, 1.3, 1.8, 1.4, 0.95, 2.4, 1.2, 1.4, 1.4, 1.6, 1.8, 1.8, 1.2, 1.8, 1.4, 1.0, 0.5, 0.7, 0.95, 0.35, 0.9, 1.4, 1.2, 0.9, 1.6, 1.0, 0.8, 1.6, 0.9, 1.6, 2.2, 0.85, 0.35, 0.5, 1.0, 2.0, 0.95, 0.75, 1.8, 1.6, 1.8, 1.4, 1.4, 1.4, 1.8, 2.6, 2.2, 1.6, 2.0, 0.8, 0.6, 0.95, 1.1, 1.8, 0.8, 0.6, 1.4, 1.2, 1.2, 2.0, 2.2, 1.2, 1.6, 0.8, 1.9, 1.6, 1.8, 2.4, 0.55];[0.04144348, 0.15190476, 0.05860004, 0.11327657, 0.10953417, 0.10516967, 0.14569877, -0.35893541, -0.0467329, 0.05848081, 0.08177817, 0.05762352, 0.06002291, 0.06006982, 0.7, 0.2, 0.0, 0.4, 0.03477856, -0.29424056, -0.39562619, -0.33620849, -0.06298506, -0.04097143, -0.04322027, -0.28507585, -0.25036197, 0.03371562, 0.06198332, 0.0576495, -0.01797621, -0.01895081, 0.3, 0.1, 0.4, 0.5, 0.0844012, 0.00456896, 0.08014734, 0.00410294, 0.00402149, -0.0034387, 0.0573138, -0.28833209, 0.01239138, 0.05688932, 0.07192996, 0.07081488, 0.06277022, 0.0619536, 0.0, 0.2, 0.2, 0.4];0.0532468999736011;0.027090800111182034
[2.93011824, -2.0, 0.97301429, 0.94143684, 1.01566711];False;[1.2, 0.6, 1.2, 0.8, 2.2, 0.7, 2.1, 1.7, 1.2, 0.95, 1.8, 0.8, 1.2, 1.6, 1.1, 1.9, 1.0, 1.2, 1.6, 1.5, 0.95, 0.8, 0.5, 2.0, 0.5, 0.85, 1.4, 0.7, 0.65, 1.2, 1.8, 1.0, 1.7, 1.2, 0.75, 2.2, 0.95, 0.65, 0.55, 0.75, 2.0, 1.4, 0.95, 1.8, 0.85, 1.2, 2.0, 1.8, 1.2, 2.1, 2.3, 2.2, 1.4, 0.95, 0.7, 0.65, 1.0, 1.4, 1.8, 0.7, 0.8, 1.8, 0.95, 1.7, 1.8, 2.2, 1.6, 1.4, 0.75, 1.6, 1.4, 2.2, 2.4, 0.6, 1.4, 0.4, 1.6, 0.85, 2.2, 0.5, 2.0, 1.8, 1.2, 1.2, 2.0, 0.95, 1.4, 1.8, 1.4, 1.4, 0.95, 1.8, 2.0, 1.0, 1.2, 0.65, 1.0, 0.9, 0.55, 0.95, 1.4, 0.9, 0.95, 0.95, 1.6, 1.0, 1.0, 0.75, 0.65, 1.8, 0.7, 0.85, 0.65, 0.65, 2.3, 1.2, 0.55, 1.6, 1.0, 1.8, 1.0, 1.8, 1.9, 1.4, 2.0, 1.8, 1.6, 0.9, 0.85, 1.2, 1.6, 1.8, 1.3, 0.3, 0.95, 1.9, 1.2, 1.6, 0.75, 1.7, 1.4, 0.95, 0.9, 1.8, 1.4, 2.0, 2.4, 0.8, 0.95, 0.75, 1.6, 0.5, 2.2, 0.95, 1.8, 1.8, 1.6, 1.0, 2.0, 1.0, 1.7, 1.8, 1.4, 1.4, 2.0, 1.6, 1.5, 1.5, 0.95, 0.95, 0.95, 1.8, 0.9, 0.4, 1.4, 0.85, 1.0, 0.55, 1.2, 1.3, 1.4, 0.9, 0.45, 1.6, 0.75, 0.65, 0.4, 0.8, 2.2, 0.9, 0.9, 1.6, 0.9, 0.8, 2.0, 1.3, 1.2, 2.1, 2.0, 1.8, 1.1, 1.8, 0.35, 0.95, 1.0, 1.2, 1.3, 0.95, 0.95, 1.4, 1.0, 1.1, 0.75, 1.7, 1.1, 1.6, 0.95, 1.6, 0.95, 1.7, 2.0, 1.2];[0.05315275, -0.02873284, -0.08108895, -0.03958653, -0.08600937, -0.03642658, -0.0692825, -0.18525021, 0.00604421, 0.03942489, 0.0494006, 0.02346964, -0.02837273, -0.02969256, 0.4, 0.8, -0.5, -0.6, 0.04155319, -0.29545042, -0.36451645, -0.26141821, -0.10801665, -0.06211263, -0.05496234, -0.29139287, -0.22691897, 0.0170865, 0.03731197, 0.03551635, -0.06622899, -0.06694363, 0.4, 0.0, -0.2, -0.2, 0.07954974, 0.23075073, 0.2071188, -0.00754616, -0.03226539, -0.05141648, -0.06238998, -0.28795835, 0.00822828, 0.08132746, 0.07782179, 0.09606057, 0.11078971, 0.10961144, 0.1, 0.0, 0.6, 0.3];0.04600219998974353;0.02769409993197769
[2.99914423, -7.0, 0.99296323, 0.93655636, 1.06962463];False;[1.2, 0.85, 1.2, 0.7, 2.2, 1.6, 1.6, 1.7, 1.1, 1.2, 2.2, 0.95, 1.2, 1.4, 1.2, 1.9, 1.8, 1.2, 2.2, 1.2, 1.4, 0.95, 0.65, 1.6, 0.85, 0.75, 1.9, 1.0, 1.0, 0.9, 1.4, 0.8, 1.6, 0.9, 1.6, 2.2, 0.9, 0.3, 0.8, 0.7, 1.8, 1.6, 0.8, 1.6, 0.85, 0.8, 2.1, 2.0, 1.4, 2.0, 2.4, 2.2, 1.1, 0.9, 0.55, 0.8, 0.95, 1.8, 1.3, 1.2, 0.6, 1.3, 1.0, 1.6, 0.75, 2.0, 1.1, 0.95, 1.4, 1.2, 1.4, 2.2, 2.2, 0.9, 1.4, 0.95, 1.2, 0.7, 2.0, 1.4, 1.6, 2.0, 1.1, 0.8, 1.7, 0.5, 1.6, 1.9, 1.6, 1.6, 1.0, 1.8, 1.8, 1.4, 1.2, 0.95, 0.6, 2.1, 0.3, 0.5, 1.3, 1.0, 0.65, 0.9, 1.6, 0.7, 1.0, 0.9, 1.6, 1.6, 1.0, 0.5, 0.65, 0.9, 2.0, 1.2, 0.75, 1.3, 0.8, 0.8, 1.2, 1.6, 1.2, 1.6, 2.4, 2.2, 1.7, 1.4, 0.65, 0.8, 1.2, 1.2, 1.4, 0.4, 0.95, 1.8, 0.9, 1.6, 1.2, 2.0, 1.7, 1.6, 1.8, 1.2, 1.7, 1.7, 2.4, 0.75, 1.5, 0.8, 1.6, 0.65, 1.6, 1.4, 1.6, 2.0, 1.1, 1.5, 1.8, 0.55, 1.7, 1.6, 1.7, 1.8, 1.4, 1.8, 1.6, 1.4, 1.5, 1.1, 0.55, 2.0, 0.85, 0.6, 1.8, 1.0, 1.0, 0.8, 0.9, 1.0, 1.4, 0.85, 1.4, 2.2, 0.8, 0.5, 0.8, 0.95, 1.8, 0.9, 0.6, 1.4, 0.8, 1.2, 1.8, 1.8, 1.8, 2.1, 2.0, 1.8, 1.6, 1.6, 0.45, 0.65, 1.7, 1.8, 1.6, 1.2, 0.35, 1.6, 1.4, 1.6, 1.4, 2.0, 1.7, 1.6, 0.95, 1.8, 0.95, 2.0, 2.4, 0.9];[0.02917999, 0.04423536, 0.07776622, -0.0160882, -0.31135158, -0.27715421, -0.48597935, -0.40054134, -0.26269787, 0.04915375, 0.06413817, 0.06329672, 0.07711193, 0.07723998, 0.2, 0.7, -0.4, -0.4, 0.04046574, -0.13715709, -0.26753428, -0.16606964, -0.17250504, -0.10887312, -0.07182891, -0.17681059, -0.15761341, 0.02720777, 0.05580442, 0.04832784, -0.03537261, -0.03617631, 0.3, 0.0, 0.0, 0.0, 0.10497131, 0.28055864, 0.35851725, 0.3294546, -0.03947667, -0.02834733, -0.04453159, -0.01310107, 0.10251633, 0.07662692, 0.06046167, 0.07176789, 0.12559299, 0.12309046, -0.1, 0.1, 0.1, 0.1];0.051102699944749475;0.03125130000989884
[2.88359122, -0.0, 0.93336823, 0.97892005, 0.97130294];False;[1.4, 0.85, 2.0, 0.8, 1.5, 1.8, 1.3, 2.0, 1.4, 1.0, 2.3, 0.55, 1.2, 1.3, 1.2, 1.6, 1.6, 1.1, 1.8, 0.95, 1.5, 0.9, 0.65, 1.8, 0.3, 0.75, 1.6, 1.0, 0.65, 0.85, 1.4, 0.85, 1.4, 1.2, 0.8, 1.6, 0.75, 0.3, 0.7, 0.65, 1.8, 0.95, 0.8, 1.4, 0.75, 1.8, 1.2, 1.3, 1.6, 2.1, 2.2, 1.8, 1.4, 0.95, 0.9, 0.65, 0.95, 1.4, 1.9, 1.3, 0.7, 1.6, 1.2, 1.1, 1.6, 1.8, 1.7, 0.9, 1.6, 1.8, 1.2, 1.7, 2.2, 0.8, 1.2, 0.8, 2.0, 0.35, 2.0, 1.8, 1.8, 1.8, 1.4, 1.2, 1.8, 0.8, 1.2, 1.3, 1.2, 1.6, 0.95, 1.6, 1.8, 1.2, 0.95, 1.0, 0.65, 1.6, 0.9, 0.4, 1.4, 0.75, 0.6, 0.55, 1.8, 0.7, 1.2, 0.75, 0.7, 2.0, 0.9, 0.85, 0.6, 0.85, 2.0, 0.95, 1.1, 1.3, 1.0, 2.0, 1.2, 1.6, 1.8, 1.8, 2.0, 2.3, 1.7, 1.8, 0.4, 0.8, 0.9, 1.9, 1.6, 1.0, 0.5, 1.6, 1.0, 1.6, 0.8, 1.8, 1.4, 1.4, 0.85, 1.2, 0.95, 2.2, 2.4, 0.6, 1.0, 0.7, 1.8, 0.7, 2.3, 0.55, 1.6, 2.2, 1.1, 1.0, 1.8, 0.9, 1.6, 1.4, 1.7, 1.3, 1.0, 1.4, 2.0, 1.0, 1.0, 0.8, 0.55, 1.8, 0.4, 0.9, 1.4, 0.9, 0.95, 0.85, 1.8, 0.75, 0.9, 0.95, 0.8, 1.6, 1.0, 0.85, 0.45, 0.7, 1.8, 1.0, 1.0, 1.9, 1.0, 0.9, 2.0, 1.6, 1.1, 1.8, 2.2, 1.8, 1.1, 0.9, 0.55, 0.8, 1.2, 1.6, 1.8, 0.95, 0.45, 1.8, 1.0, 1.2, 1.6, 2.3, 1.4, 1.2, 0.85, 1.6, 0.9, 1.8, 2.4, 0.85];[0.01737773, -0.03356646, -0.10890919, 0.07439333, -0.07885113, -0.11293105, -0.17715505, -0.36075578, -0.30520459, 0.02856105, 0.03639191, 0.06750113, 0.06398248, 0.06333715, 0.1, 0.4, 0.1, 0.1, 0.08073652, -0.07701829, -0.1858831, -0.22234105, 0.08895369, 0.06516912, 0.00917077, -0.05732502, -0.00443273, 0.04595515, 0.05471776, 0.04357201, 0.0294331, 0.02912329, 0.1, 0.4, -0.4, -0.4, 0.09535034, 0.03363401, 0.10259604, -0.08247858, -0.05305562, -0.0401497, -0.0344434, -0.64497304, -0.27781924, 0.05654291, 0.04340631, 0.05453409, 0.07448282, 0.07267739, -0.2, -0.4, 0.4, 0.5];0.05222659988794476;0.03209859994240105
[2.92302854, -2.0, 0.94246571, 0.95774283, 1.02282];False;[1.2, 0.95, 1.6, 0.45, 1.8, 0.6, 1.6, 2.3, 1.4, 0.75, 2.0, 0.5, 1.4, 1.3, 1.6, 1.8, 2.0, 1.4, 1.8, 1.5, 1.4, 0.6, 0.5, 1.2, 0.7, 0.5, 1.8, 0.75, 0.6, 0.45, 1.2, 1.3, 1.4, 0.9, 0.55, 1.5, 0.85, 0.35, 0.45, 0.85, 2.0, 1.0, 0.95, 1.8, 0.85, 0.9, 1.6, 1.6, 1.4, 2.1, 2.2, 1.8, 1.2, 0.9, 0.35, 0.95, 1.6, 1.2, 1.6, 0.55, 0.6, 1.3, 1.0, 1.6, 1.8, 2.2, 1.4, 1.6, 1.4, 1.9, 1.0, 1.8, 2.6, 0.95, 0.95, 0.45, 1.2, 0.6, 2.0, 1.6, 2.1, 1.8, 1.1, 1.5, 2.2, 0.8, 1.6, 1.4, 1.6, 1.4, 0.95, 1.8, 2.3, 1.2, 1.4, 1.0, 1.0, 1.4, 0.55, 0.55, 1.8, 0.7, 1.0, 1.6, 1.2, 0.8, 0.95, 0.85, 0.9, 2.3, 1.2, 0.5, 0.5, 1.2, 1.8, 1.0, 0.6, 1.3, 0.8, 2.0, 1.2, 2.0, 1.4, 1.4, 2.4, 2.0, 1.2, 1.4, 0.9, 0.9, 1.6, 1.2, 1.6, 0.65, 0.6, 1.8, 1.2, 1.7, 1.0, 1.8, 1.2, 0.95, 1.8, 1.8, 1.0, 2.0, 2.3, 1.2, 1.2, 0.55, 1.6, 0.65, 2.0, 1.8, 1.6, 2.2, 1.2, 1.2, 2.6, 0.95, 1.2, 1.4, 1.4, 1.8, 1.0, 1.8, 1.8, 1.2, 1.2, 0.85, 1.2, 1.0, 0.8, 0.55, 1.6, 1.2, 0.65, 1.0, 1.9, 0.9, 1.2, 0.8, 0.9, 2.2, 1.2, 0.7, 0.85, 0.75, 1.8, 1.7, 0.75, 1.6, 1.7, 0.85, 1.4, 2.0, 1.2, 1.4, 2.3, 2.2, 1.4, 2.1, 0.4, 0.95, 1.2, 1.2, 1.4, 0.55, 0.45, 1.3, 1.4, 1.2, 1.6, 2.0, 1.6, 1.0, 1.4, 1.2, 1.2, 2.3, 2.6, 1.0];[0.04305712, -0.03284826, -0.10250952, 0.05646813, -0.06487948, -0.11149151, -0.22689921, -0.61944016, -0.4196392, 0.03319282, 0.03969406, 0.01862583, -0.07715875, -0.07879455, -0.1, 0.2, -0.2, 0.0, 0.09545145, -0.22712443, -0.34743157, -0.27205678, -0.05713246, -0.02932693, -0.01997847, -0.29592683, -0.21714002, 0.02486882, 0.04426105, 0.03091436, -0.00663842, -0.00797838, -0.2, -0.2, -0.1, -0.1, 0.07993872, -0.05443512, -0.0056257, -0.18349669, -0.1027638, -0.03231475, -0.04662479, -0.48459231, 0.0127931, 0.0541588, 0.05831576, 0.06861119, 0.03980441, 0.03955762, 0.2, 0.4, 0.0, 0.2];0.06824129994492978;0.03398110007401556
[2.83632986, -3.0, 0.94736383, 0.9060115, 0.98295453];False;[1.4, 0.7, 1.1, 0.45, 1.5, 1.0, 1.8, 2.0, 1.6, 0.9, 2.4, 0.7, 1.4, 1.8, 1.2, 1.6, 0.95, 1.9, 1.6, 1.2, 0.9, 0.7, 0.6, 1.6, 0.7, 0.9, 1.8, 0.95, 0.7, 1.7, 1.6, 1.0, 0.9, 0.8, 1.8, 2.3, 0.85, 0.4, 0.3, 0.9, 2.3, 1.4, 0.85, 1.4, 1.6, 1.6, 2.0, 1.8, 1.2, 1.8, 2.4, 1.8, 1.7, 0.95, 0.6, 0.75, 1.7, 1.6, 1.6, 0.75, 0.85, 1.3, 1.2, 1.4, 1.4, 1.8, 1.4, 0.9, 1.2, 1.2, 0.95, 2.2, 2.3, 1.2, 1.0, 0.3, 1.1, 0.4, 2.2, 0.75, 1.6, 2.3, 1.4, 0.85, 2.0, 0.65, 1.2, 1.9, 1.6, 1.6, 2.1, 1.8, 1.5, 0.95, 1.2, 0.7, 1.0, 1.6, 0.35, 0.6, 1.6, 0.95, 0.8, 0.85, 1.8, 1.3, 0.95, 0.95, 1.2, 2.2, 0.95, 0.35, 0.8, 0.75, 1.8, 1.4, 1.1, 1.4, 1.6, 1.8, 0.95, 1.6, 1.2, 1.4, 2.6, 2.2, 1.1, 1.2, 0.6, 0.75, 0.95, 1.4, 1.4, 1.0, 0.3, 1.8, 0.95, 1.7, 0.7, 1.8, 1.6, 0.9, 0.95, 1.2, 0.9, 2.0, 2.3, 0.7, 1.5, 0.5, 1.4, 0.45, 2.2, 0.95, 1.8, 1.8, 1.7, 0.85, 1.8, 0.8, 1.4, 1.6, 1.6, 1.4, 0.95, 1.8, 1.8, 1.0, 1.4, 0.95, 0.75, 1.4, 0.8, 0.6, 1.6, 0.95, 0.75, 0.6, 0.95, 0.85, 1.6, 0.9, 0.7, 2.2, 0.7, 0.65, 0.7, 1.0, 2.0, 1.4, 0.5, 1.6, 0.75, 0.85, 2.1, 1.3, 1.1, 1.6, 2.3, 1.8, 1.6, 1.0, 0.7, 0.9, 1.4, 1.1, 1.6, 0.6, 0.9, 1.4, 0.9, 1.2, 1.0, 2.2, 1.2, 1.2, 1.0, 1.6, 1.2, 2.0, 2.2, 0.85];[0.04222803, 0.0756953, 0.01118686, 0.13897809, 0.00091588, -0.01589872, -0.095834, -0.3351395, -0.17367231, 0.04161794, 0.05355663, 0.03095321, -0.01670516, -0.01771761, 0.4, 0.4, 0.0, -0.2, 0.01886893, -0.27989884, -0.24479281, -0.35928822, 0.04040937, 0.02000638, -0.02045994, -0.47783703, -0.28242019, 0.02522133, 0.02940966, 0.04754642, -0.03398274, -0.03619212, 0.7, 0.0, -0.5, -0.1, 0.09201942, 0.1186211, 0.24530821, -0.08281731, 0.06474203, 0.03492481, 0.03490346, -0.34716712, 0.01021472, 0.06549141, 0.07288918, 0.07548151, 0.0673876, 0.06737347, 0.2, -0.2, 0.2, 0.4];0.04703629994764924;0.029262900003232062
[2.87433784, -4.0, 0.99546539, 0.9048634, 0.97400905];False;[1.2, 0.8, 1.4, 0.9, 1.5, 2.1, 2.1, 2.0, 1.6, 0.95, 2.4, 1.3, 1.2, 1.4, 1.6, 1.8, 1.0, 1.2, 2.3, 0.95, 0.95, 0.75, 0.85, 1.0, 0.85, 0.9, 1.9, 0.95, 0.8, 0.55, 1.6, 1.3, 1.4, 0.75, 0.45, 1.8, 0.9, 0.45, 0.6, 0.65, 2.3, 1.2, 1.0, 1.3, 0.75, 0.9, 0.95, 1.6, 1.8, 1.6, 2.6, 2.0, 1.1, 0.95, 0.8, 0.85, 1.7, 1.6, 1.4, 0.65, 1.1, 1.8, 1.4, 1.2, 0.7, 2.0, 1.4, 1.6, 1.6, 1.9, 1.4, 2.0, 2.4, 0.9, 0.9, 0.7, 1.6, 0.75, 2.2, 0.55, 2.0, 1.8, 1.1, 0.9, 1.7, 0.8, 1.7, 1.6, 1.6, 1.4, 2.1, 1.4, 2.2, 0.9, 0.9, 1.0, 0.65, 1.8, 0.3, 1.0, 1.3, 0.85, 0.9, 0.45, 1.0, 0.65, 1.7, 0.95, 0.75, 1.8, 0.85, 0.75, 0.5, 0.6, 2.3, 0.9, 0.65, 1.6, 0.75, 0.85, 2.0, 1.8, 1.2, 1.4, 2.3, 2.3, 1.6, 1.0, 0.5, 0.65, 1.6, 1.6, 1.3, 0.35, 0.8, 1.6, 0.95, 1.2, 1.0, 2.0, 1.4, 1.7, 0.75, 1.1, 1.0, 1.8, 2.3, 0.75, 1.4, 0.8, 1.1, 0.7, 1.8, 1.2, 2.0, 2.0, 1.7, 0.95, 1.7, 0.8, 1.1, 1.4, 1.2, 1.6, 1.0, 1.8, 2.0, 0.95, 1.2, 0.6, 1.0, 1.2, 0.35, 0.45, 1.4, 1.2, 0.75, 0.8, 0.9, 0.9, 0.95, 0.95, 0.6, 2.2, 1.0, 0.9, 0.45, 0.6, 2.0, 1.0, 0.5, 1.3, 1.0, 1.4, 0.9, 1.4, 1.1, 1.8, 2.2, 2.2, 1.2, 0.95, 0.55, 0.9, 1.7, 1.6, 1.6, 0.95, 0.55, 1.9, 1.0, 1.6, 0.75, 2.2, 1.4, 1.0, 0.8, 1.8, 0.9, 2.3, 2.4, 1.2];[0.03972855, 0.21136118, 0.16423643, 0.22758529, 0.02746892, -0.0448667, -0.16641603, -0.57027205, -0.35805089, 0.04043864, 0.04221946, 0.03070131, -0.02234428, -0.02417595, 0.2, 0.2, 0.0, 0.4, 0.02923221, -0.27375742, -0.40491552, -0.69243251, -0.20809118, -0.14776383, -0.14217744, -0.37254179, -0.48286642, 0.02862912, 0.04450495, 0.04560432, -0.03480361, -0.03566167, -0.1, -0.2, 0.5, 0.4, 0.10488554, -0.05843187, 0.01715143, -0.04157756, 0.06612537, 0.07464794, 0.02332963, -0.55320339, -0.17247312, 0.0617062, 0.04085779, 0.05748157, 0.08251964, 0.08114493, 0.3, 0.4, -0.5, -0.4];0.0467194999800995;0.03481049998663366
[2.89609039, -1.0, 0.96957096, 0.94455531, 0.98196411];False;[1.4, 0.45, 2.1, 0.4, 1.6, 1.4, 1.4, 2.2, 1.1, 1.4, 1.8, 0.65, 1.1, 1.4, 1.4, 1.8, 1.2, 1.2, 1.8, 0.9, 1.4, 0.85, 0.55, 1.2, 0.75, 0.5, 1.8, 0.95, 0.8, 0.85, 1.4, 0.75, 1.4, 0.9, 0.9, 1.8, 0.85, 0.9, 0.6, 0.95, 1.8, 0.95, 0.8, 1.8, 1.6, 0.95, 1.0, 2.0, 1.4, 2.0, 2.4, 1.7, 1.6, 1.6, 0.3, 0.65, 1.6, 1.2, 1.9, 0.45, 0.95, 1.6, 1.5, 1.7, 1.4, 1.8, 1.4, 1.7, 0.7, 1.2, 1.7, 2.2, 2.3, 0.8, 0.95, 0.8, 1.2, 0.9, 1.5, 2.1, 1.8, 2.3, 1.7, 1.4, 2.2, 0.6, 1.6, 1.4, 1.2, 1.3, 1.0, 1.1, 1.6, 1.4, 1.4, 0.85, 0.75, 1.4, 0.65, 0.95, 1.6, 0.9, 0.85, 0.6, 1.0, 1.2, 1.0, 1.2, 0.75, 1.6, 0.6, 0.45, 0.4, 0.9, 2.3, 1.7, 0.85, 1.4, 0.8, 0.9, 1.4, 1.4, 1.8, 1.6, 2.3, 2.2, 1.6, 1.2, 0.65, 0.75, 0.95, 1.1, 1.6, 0.55, 0.45, 1.4, 1.0, 1.7, 1.4, 1.7, 1.4, 1.4, 1.8, 1.8, 1.0, 1.8, 2.0, 0.75, 0.95, 0.6, 1.1, 0.8, 1.8, 0.5, 1.8, 2.3, 1.1, 1.5, 2.4, 0.9, 1.1, 1.9, 1.1, 1.3, 1.8, 1.8, 1.6, 0.95, 1.5, 0.65, 0.55, 1.2, 0.3, 0.9, 1.6, 0.65, 0.95, 0.55, 0.9, 0.65, 1.2, 0.85, 0.7, 2.0, 0.7, 0.65, 0.75, 0.9, 1.7, 1.4, 1.0, 1.8, 0.8, 1.0, 1.8, 1.4, 1.2, 2.0, 2.4, 2.0, 1.4, 1.6, 0.6, 0.7, 1.0, 1.4, 1.4, 1.0, 0.55, 1.4, 1.4, 1.1, 1.2, 2.2, 1.7, 1.4, 0.8, 1.9, 1.4, 2.2, 2.3, 0.75];[0.04274723, -0.03844573, -0.05785947, -0.09018217, -0.10559407, -0.0366375, -0.05034205, -0.21460189, -0.10371806, 0.0392979, 0.03337188, 0.00082956, -0.10258265, -0.10452679, 0.3, 0.4, -0.6, -0.3, 0.09387653, -0.1901177, -0.2710446, -0.03088674, 0.0815823, 0.05533447, 0.01261982, -0.33230427, -0.16377921, 0.01607213, 0.05347101, 0.0330851, -0.04692455, -0.04868931, -0.2, 0.1, -0.1, -0.5, 0.08267174, 0.06729795, 0.1966047, -0.06718774, -0.16727256, -0.08677546, -0.02818616, -0.13162636, 0.10623745, 0.06638949, 0.0678407, 0.07384187, 0.08621016, 0.08447145, 0.8, 0.2, 0.0, 0.0];0.03882390004582703;0.030965300044044852
[2.96591768, -3.0, 0.96139822, 0.97121129, 1.03330817];False;[1.0, 0.85, 1.8, 0.7, 2.0, 0.8, 1.6, 2.2, 1.2, 0.75, 2.4, 0.95, 1.6, 1.3, 1.6, 1.8, 1.8, 1.2, 2.3, 0.9, 1.0, 0.8, 0.6, 1.8, 0.55, 0.8, 1.8, 0.8, 0.85, 0.9, 1.6, 0.65, 1.4, 0.9, 1.6, 1.6, 0.75, 0.7, 0.5, 0.8, 2.0, 0.9, 0.55, 1.4, 0.95, 1.4, 0.95, 1.6, 1.4, 2.0, 2.6, 1.8, 1.6, 1.8, 0.65, 0.7, 1.2, 1.2, 1.8, 0.55, 0.5, 1.9, 1.5, 1.4, 0.9, 2.2, 1.1, 1.2, 0.75, 1.2, 1.2, 2.0, 2.3, 1.0, 1.4, 0.7, 1.6, 0.55, 1.8, 0.85, 1.3, 1.7, 1.2, 0.95, 2.0, 1.3, 1.6, 1.6, 1.4, 1.8, 0.95, 1.1, 2.0, 1.0, 1.5, 1.0, 0.65, 1.6, 0.85, 0.75, 1.9, 1.2, 0.75, 1.4, 1.8, 0.95, 1.7, 1.2, 0.6, 1.8, 0.8, 0.65, 0.4, 0.7, 1.8, 0.95, 0.8, 1.6, 0.9, 0.7, 1.6, 2.0, 1.6, 1.6, 2.2, 1.8, 1.2, 1.0, 0.55, 0.85, 1.2, 1.8, 1.6, 0.8, 0.6, 1.6, 1.2, 1.7, 0.85, 1.8, 1.7, 1.0, 2.0, 1.6, 1.6, 2.0, 2.2, 0.5, 0.9, 0.9, 1.8, 0.5, 2.0, 0.75, 1.6, 1.7, 1.6, 1.2, 2.2, 0.85, 1.1, 1.8, 1.6, 1.8, 2.0, 1.2, 1.8, 1.5, 1.4, 0.55, 0.65, 0.95, 0.45, 0.85, 1.3, 1.2, 0.95, 0.7, 1.2, 0.6, 0.95, 0.95, 0.5, 2.0, 0.65, 0.7, 0.9, 0.75, 2.0, 1.6, 1.1, 1.4, 1.4, 1.8, 0.95, 2.0, 1.8, 1.8, 2.2, 2.0, 1.7, 1.8, 0.9, 0.75, 0.95, 1.4, 1.4, 0.85, 0.8, 1.6, 1.4, 1.4, 0.9, 2.2, 1.4, 1.0, 0.85, 1.9, 0.9, 2.0, 2.4, 1.0];[0.04556949, 0.03034761, -0.00400292, -0.00676116, -0.13989812, -0.09252746, -0.13325956, -0.24696992, -0.15908999, 0.02549147, 0.02617324, 0.01119246, -0.08017375, -0.08171128, -0.3, 0.2, 0.2, 0.2, 0.0913198, -0.22167384, -0.27886133, -0.07272167, -0.08090225, -0.0373898, -0.01550834, -0.34064552, -0.24100691, 0.03385821, 0.05340399, 0.04900935, -0.01585905, -0.01702796, 0.0, 0.4, -0.1, -0.3, 0.10134362, 0.23118363, 0.29716924, -0.00699243, -0.10218832, -0.0728093, -0.08756078, -0.19657136, 0.18580046, 0.07985577, 0.05426154, 0.08250833, 0.11415117, 0.11367451, 0.7, 0.2, -0.3, 0.2];0.04003909998573363;0.03320740000344813
[2.94377138, -3.0, 0.95680791, 0.97195477, 1.0150087];False;[0.95, 0.55, 1.1, 0.95, 1.8, 1.2, 1.6, 2.0, 1.6, 1.2, 1.7, 0.55, 1.1, 1.8, 1.4, 1.9, 1.8, 1.4, 1.8, 1.4, 0.95, 0.85, 0.9, 1.6, 0.35, 0.9, 1.4, 0.7, 0.85, 0.4, 1.2, 0.75, 1.2, 1.0, 0.65, 2.0, 0.7, 0.65, 0.75, 1.0, 2.2, 1.6, 0.95, 1.8, 0.95, 0.85, 2.0, 1.4, 1.8, 2.1, 2.3, 1.8, 1.7, 0.95, 0.75, 0.8, 0.9, 1.6, 1.4, 0.65, 0.75, 1.3, 1.2, 1.2, 1.0, 1.7, 1.2, 1.2, 1.2, 1.4, 1.0, 2.3, 2.6, 0.95, 0.9, 0.6, 2.0, 0.45, 2.0, 2.0, 1.6, 2.2, 1.7, 0.8, 2.3, 0.65, 1.1, 1.9, 1.7, 1.9, 1.6, 1.6, 1.6, 1.5, 0.95, 0.9, 0.7, 2.0, 0.55, 0.9, 1.9, 0.6, 0.9, 0.85, 1.0, 0.7, 1.4, 0.75, 0.95, 2.2, 0.75, 0.75, 0.5, 0.6, 1.8, 1.4, 0.65, 1.8, 0.7, 0.9, 1.6, 2.0, 1.1, 1.8, 2.3, 1.7, 1.4, 1.2, 0.55, 0.9, 1.0, 1.8, 1.9, 0.55, 0.55, 1.9, 0.95, 1.4, 1.0, 2.2, 1.4, 0.95, 2.0, 1.2, 1.2, 1.8, 2.0, 0.8, 0.9, 0.6, 2.0, 0.35, 1.6, 0.85, 1.4, 2.3, 1.6, 1.2, 2.2, 1.0, 1.7, 1.8, 1.2, 1.8, 1.0, 1.4, 2.2, 1.5, 0.95, 0.5, 1.0, 0.95, 0.6, 0.75, 1.4, 0.65, 0.75, 0.6, 1.6, 0.8, 1.7, 1.2, 0.7, 2.2, 0.8, 0.8, 0.75, 0.95, 2.0, 1.2, 0.65, 1.3, 0.8, 0.95, 1.8, 2.0, 1.1, 1.8, 2.4, 1.8, 1.4, 0.95, 0.35, 0.8, 1.0, 1.8, 1.6, 0.35, 0.8, 1.4, 1.0, 1.4, 0.95, 2.0, 1.6, 1.6, 1.8, 1.4, 1.6, 2.2, 2.6, 0.75];[0.03833215, -0.08044837, -0.10194024, 0.02376168, -0.09038282, -0.06144109, -0.15836158, -0.40162145, -0.22623239, 0.05201372, 0.07044017, 0.02306031, -0.04243379, -0.04363488, 0.7, 0.5, -0.1, 0.2, -0.02037958, -0.18016454, -0.29513084, -0.07343275, 0.05935033, 0.04335992, 0.00921855, -0.34119532, -0.21001319, 0.03368904, 0.04399794, 0.06190185, -0.02836779, -0.02954973, 0.8, 0.2, -0.3, 0.3, 0.09931081, 0.03785013, 0.0936479, 0.07933945, 0.07068144, 0.07774617, 0.09225714, -0.34115421, -0.07619786, 0.06244411, 0.07964458, 0.09141508, 0.0308188, 0.0316236, 0.1, 0.6, 0.3, -0.2];0.04802760004531592;0.03438019996974617
[2.89716518, -2.0, 0.93704011, 0.9535268, 1.00659826];False;[1.5, 0.8, 1.6, 0.85, 1.6, 0.55, 1.6, 2.0, 1.6, 0.85, 2.6, 0.9, 1.6, 1.8, 1.4, 1.3, 2.0, 1.4, 1.5, 0.95, 1.2, 0.65, 0.95, 2.1, 0.45, 0.85, 1.6, 1.2, 0.95, 0.9, 1.0, 0.65, 1.4, 0.8, 0.5, 1.8, 0.75, 0.45, 0.7, 0.7, 2.2, 1.0, 0.5, 1.6, 0.95, 1.6, 1.8, 1.3, 1.6, 1.3, 2.4, 1.8, 1.1, 1.8, 0.6, 0.75, 0.9, 1.1, 1.8, 0.55, 0.7, 1.4, 1.0, 1.2, 0.95, 2.2, 1.2, 1.0, 1.0, 1.1, 0.9, 2.0, 2.3, 0.55, 1.5, 0.6, 2.0, 0.95, 1.5, 0.65, 1.6, 1.8, 1.2, 0.75, 2.0, 0.75, 1.4, 1.6, 1.6, 1.4, 2.0, 1.8, 2.3, 1.0, 1.4, 0.6, 0.8, 1.6, 0.8, 0.6, 1.4, 0.65, 0.6, 1.6, 1.4, 0.8, 0.95, 0.75, 0.85, 1.5, 0.7, 0.4, 0.55, 0.6, 2.0, 1.2, 0.8, 1.6, 0.85, 1.4, 1.0, 2.1, 1.9, 1.8, 2.2, 1.7, 1.6, 2.1, 0.7, 0.85, 0.95, 1.6, 1.3, 0.65, 0.85, 1.4, 1.2, 1.2, 1.0, 2.3, 1.2, 1.0, 1.4, 1.8, 1.6, 1.7, 2.3, 0.8, 1.2, 0.85, 1.1, 0.8, 2.2, 0.7, 1.4, 2.0, 1.1, 1.4, 2.4, 0.8, 1.4, 1.4, 1.2, 1.3, 1.8, 1.6, 2.0, 1.2, 1.2, 1.1, 0.75, 1.2, 0.4, 0.5, 1.8, 1.2, 0.85, 0.95, 1.2, 0.8, 1.2, 1.2, 1.2, 1.8, 0.75, 0.7, 0.8, 0.65, 1.8, 1.2, 1.1, 1.3, 1.7, 0.9, 1.6, 1.4, 1.1, 2.0, 2.3, 2.2, 1.2, 1.4, 0.65, 0.85, 1.6, 1.2, 1.8, 0.4, 0.3, 1.8, 1.2, 1.2, 0.85, 2.0, 1.6, 1.0, 1.8, 1.9, 0.95, 2.0, 2.2, 1.2];[0.02665973, 0.07853632, 0.01230191, 0.00083922, -0.0276454, -0.02590644, -0.08150219, -0.52651502, -0.17140472, 0.04098531, 0.05331321, 0.02614032, -0.06263759, -0.06406891, 0.2, -0.1, 0.4, 0.2, 0.02025037, -0.18700116, -0.32189418, -0.21420625, -0.09991462, -0.06208149, -0.04631915, -0.39015223, -0.17756751, 0.02197252, 0.04439448, 0.04328404, -0.04567929, -0.04671593, 0.2, -0.2, 0.2, 0.4, 0.07724567, 0.0309404, 0.08285718, -0.02148342, -0.06902499, -0.04002418, -0.03341125, -0.45651825, -0.14716357, 0.03813825, 0.0490373, 0.05092478, -0.00529856, -0.00588174, 0.0, 0.1, 0.2, 0.0];0.05818400008138269;0.032209299970418215
[2.83746206, -1.0, 0.95961376, 0.90959064, 0.96825766];False;[1.0, 0.4, 2.1, 0.8, 1.6, 0.55, 1.3, 1.8, 1.4, 0.85, 2.3, 1.2, 1.7, 1.6, 1.2, 1.6, 1.4, 1.4, 2.0, 1.4, 1.5, 1.0, 1.2, 0.95, 0.8, 0.65, 1.6, 0.9, 0.9, 0.65, 0.9, 0.95, 0.95, 0.75, 0.7, 2.2, 0.9, 0.85, 0.5, 0.85, 2.3, 1.2, 0.95, 1.4, 0.9, 1.0, 1.4, 1.4, 1.2, 2.0, 2.4, 2.3, 1.4, 0.9, 0.65, 0.8, 1.2, 1.2, 1.9, 0.45, 0.5, 1.9, 0.9, 1.2, 0.75, 1.8, 1.2, 0.95, 1.6, 1.1, 1.0, 2.2, 2.4, 0.8, 0.9, 0.4, 1.8, 1.0, 2.0, 0.75, 1.6, 1.7, 1.1, 0.8, 2.4, 0.7, 1.4, 1.8, 1.4, 1.9, 1.8, 1.4, 1.8, 0.9, 0.95, 0.75, 0.5, 2.1, 0.55, 0.45, 1.9, 1.2, 0.7, 0.8, 0.95, 0.9, 1.4, 0.8, 0.65, 1.6, 0.75, 0.3, 0.65, 0.95, 2.0, 1.0, 0.9, 1.4, 0.8, 1.4, 2.0, 1.4, 1.8, 1.3, 2.6, 1.8, 1.1, 0.95, 0.4, 0.75, 1.6, 1.4, 1.4, 0.6, 0.9, 1.8, 1.0, 1.2, 1.2, 2.0, 1.6, 1.7, 1.2, 1.4, 0.95, 1.7, 2.2, 1.3, 0.9, 0.3, 1.4, 0.85, 2.3, 0.9, 1.4, 2.0, 1.6, 0.9, 2.2, 1.2, 1.1, 1.4, 1.6, 1.4, 1.8, 1.9, 1.8, 0.9, 1.4, 0.55, 0.5, 1.4, 0.75, 0.7, 1.9, 0.7, 0.85, 0.7, 1.8, 0.75, 1.0, 0.8, 0.6, 2.3, 0.7, 0.45, 0.55, 0.8, 1.8, 1.0, 0.95, 1.6, 1.6, 2.0, 2.0, 1.3, 1.4, 2.0, 2.3, 1.7, 1.2, 1.4, 0.4, 1.0, 1.7, 1.2, 1.4, 0.9, 0.95, 1.3, 0.95, 1.7, 1.6, 2.2, 1.4, 1.0, 0.85, 1.4, 0.9, 1.8, 2.3, 0.6];[0.01859091, 0.06843538, -0.01093271, 0.03755148, -0.0370689, -0.02465283, -0.08804289, -0.4339702, -0.25564704, 0.04369297, 0.06065154, 0.00467005, -0.10577103, -0.10686807, -0.1, 0.4, 0.5, 0.0, 0.00900551, -0.38815698, -0.43730027, -0.45903732, -0.17843091, -0.12691016, -0.12316751, -0.5628689, -0.39720905, 0.02945194, 0.03371462, 0.0548255, -0.03496621, -0.03621793, 0.4, 0.5, 0.2, 0.2, 0.11092167, 0.14422611, 0.25681067, -0.14008824, -0.08926856, -0.09047438, -0.09748312, -0.29086757, -0.00400067, 0.06211403, 0.06773639, 0.06795032, 0.09775846, 0.09696641, 0.3, -0.2, -0.6, -0.1];0.045703800045885146;0.026903999969363213
[2.9263102, -2.0, 0.96849369, 0.97563367, 0.98218285];False;[0.95, 0.7, 1.6, 0.85, 1.8, 0.7, 1.4, 2.3, 1.1, 0.85, 1.8, 0.8, 1.2, 1.8, 1.6, 1.4, 2.1, 1.9, 2.0, 0.95, 1.2, 0.55, 0.75, 1.2, 0.7, 1.0, 1.8, 0.65, 0.95, 1.2, 1.6, 0.8, 1.0, 0.8, 0.95, 2.0, 1.0, 0.5, 0.4, 0.65, 2.0, 1.2, 0.7, 1.8, 1.4, 2.1, 1.8, 2.0, 1.8, 1.6, 2.4, 2.2, 1.2, 2.0, 0.35, 0.85, 1.7, 1.1, 1.3, 0.9, 0.8, 1.6, 0.9, 1.1, 0.8, 2.3, 1.1, 1.6, 1.4, 1.2, 0.9, 2.2, 2.6, 1.2, 1.4, 0.65, 1.2, 0.7, 2.2, 2.1, 2.1, 2.0, 1.6, 1.4, 2.4, 0.85, 1.4, 1.3, 1.6, 1.8, 2.0, 1.2, 2.2, 1.0, 1.0, 0.55, 0.85, 1.0, 0.35, 0.75, 1.8, 0.6, 0.85, 1.6, 1.4, 0.85, 1.2, 0.8, 0.8, 2.2, 0.65, 0.85, 0.55, 0.95, 1.8, 0.9, 0.9, 1.4, 0.75, 0.75, 1.2, 1.3, 1.6, 2.0, 2.4, 1.7, 1.2, 2.1, 0.6, 0.65, 1.6, 1.6, 1.8, 0.95, 0.6, 1.4, 1.4, 1.2, 0.9, 1.8, 1.4, 1.7, 0.85, 1.6, 0.95, 2.0, 2.4, 0.7, 1.0, 0.4, 1.4, 1.0, 2.0, 0.7, 1.6, 2.2, 1.2, 0.75, 2.0, 0.65, 1.4, 1.4, 1.6, 1.3, 0.9, 1.1, 1.5, 1.5, 0.95, 0.7, 0.8, 2.1, 0.45, 1.0, 1.9, 0.6, 0.65, 1.2, 1.2, 1.2, 1.4, 0.8, 0.55, 1.6, 0.9, 0.75, 0.75, 0.7, 2.2, 1.4, 0.85, 1.9, 0.75, 0.9, 1.0, 1.8, 1.8, 1.6, 2.2, 1.8, 1.4, 1.0, 0.35, 1.2, 0.9, 1.9, 1.8, 0.5, 0.6, 1.6, 1.4, 1.6, 0.95, 2.2, 1.2, 1.7, 0.75, 1.1, 1.6, 2.2, 2.6, 0.7];[0.0471329, 0.04643742, 0.01121965, 0.03111543, -0.26567653, -0.20197546, -0.33481118, -0.38053756, -0.03964614, 0.0420871, 0.05376202, 0.03995883, 0.02008459, 0.01921185, 0.6, -0.2, 0.1, 0.5, 0.03266933, -0.26440505, -0.31954021, -0.31695437, 0.21110915, 0.14720901, 0.07864043, -0.07942829, -0.07507537, 0.04022936, 0.04864241, 0.04330822, 0.02998973, 0.02962413, -0.1, 0.2, 0.2, 0.4, 0.10525847, 0.0243883, 0.072626, 0.02299818, 0.07193537, 0.08883277, 0.11439332, -0.54285006, 0.0065038, 0.02499089, 0.02874528, 0.03100463, -0.00738669, -0.00742519, 0.0, -0.3, -0.2, 0.0];0.0483938999241218;0.03491139994002879
[2.89806799, -4.0, 0.93881473, 0.94062554, 1.01862773];False;[1.4, 0.55, 1.6, 1.0, 1.8, 0.95, 1.8, 2.0, 1.4, 0.95, 2.4, 0.9, 1.4, 1.3, 1.4, 1.6, 1.4, 1.1, 2.0, 1.4, 1.0, 0.85, 0.8, 2.1, 0.8, 0.85, 1.8, 0.8, 0.6, 1.4, 0.95, 0.8, 1.0, 0.95, 0.5, 1.6, 0.9, 0.85, 0.35, 0.9, 2.0, 1.0, 1.0, 1.6, 0.95, 1.4, 0.95, 1.6, 1.6, 1.6, 2.4, 2.0, 1.6, 1.0, 0.4, 1.2, 1.0, 1.4, 1.6, 0.65, 0.45, 1.6, 1.0, 1.4, 0.85, 1.7, 1.2, 1.4, 1.2, 1.1, 0.95, 1.8, 2.3, 0.5, 1.0, 0.4, 1.4, 0.9, 2.3, 0.9, 1.4, 2.2, 1.1, 1.0, 1.7, 0.7, 1.4, 1.6, 1.4, 1.8, 0.95, 1.9, 1.6, 1.2, 1.5, 0.8, 0.95, 1.4, 0.4, 0.8, 1.4, 0.8, 0.95, 1.0, 1.4, 0.7, 0.95, 0.9, 1.2, 1.6, 0.95, 0.4, 0.7, 0.8, 1.7, 1.6, 0.9, 1.8, 0.9, 0.85, 1.6, 1.4, 1.4, 1.8, 2.6, 2.2, 1.1, 1.2, 0.3, 1.3, 1.6, 1.4, 1.4, 1.2, 0.8, 1.4, 1.5, 1.7, 1.6, 1.8, 1.6, 1.0, 0.8, 1.9, 1.6, 2.2, 2.3, 0.8, 1.0, 0.9, 1.6, 0.6, 1.6, 0.95, 1.8, 2.0, 1.4, 1.4, 2.2, 1.2, 1.4, 1.8, 1.4, 1.3, 2.0, 1.4, 2.2, 1.2, 1.2, 0.55, 0.6, 1.8, 0.65, 0.75, 1.8, 0.75, 0.65, 0.6, 0.95, 0.7, 0.9, 1.3, 1.6, 2.2, 0.75, 0.4, 0.45, 0.75, 1.7, 1.6, 0.65, 1.8, 0.95, 1.4, 1.8, 2.1, 1.4, 1.6, 2.4, 2.3, 1.6, 1.8, 0.4, 0.95, 0.95, 1.8, 1.6, 0.7, 0.95, 1.4, 1.0, 1.6, 0.95, 1.8, 1.7, 1.4, 0.75, 1.4, 1.4, 2.2, 2.0, 0.85];[0.05153979, -0.09955801, -0.17543544, -0.13722931, -0.12164226, -0.16537843, -0.32011414, -0.53038667, -0.48201561, 0.04334206, 0.04508514, 0.01252566, -0.08841403, -0.08974859, -0.1, 0.2, 0.0, 0.0, 0.02609605, -0.31843639, -0.37437407, -0.34158116, -0.13113787, -0.06217887, -0.02098905, -0.45745113, -0.37187042, 0.03898934, 0.03494283, 0.03748184, 0.02585236, 0.02461658, 0.2, 0.4, -0.3, -0.3, 0.09636556, 0.13377108, 0.18391126, 0.07542151, 0.01877415, 0.04153466, 0.0564902, -0.6090919, -0.02650253, 0.0706117, 0.07729728, 0.08690596, 0.1089978, 0.10913159, 0.4, -0.1, -0.2, -0.2];0.03362980007659644;0.02710770000703633
[2.88976861, -2.0, 0.95532696, 0.95449952, 0.97994213];False;[0.95, 0.9, 1.2, 0.55, 2.0, 0.5, 2.1, 2.3, 1.2, 1.2, 2.6, 0.95, 1.7, 1.4, 1.2, 1.4, 1.2, 1.2, 2.2, 1.4, 1.2, 0.95, 0.75, 0.9, 0.65, 0.5, 1.4, 1.3, 0.8, 0.45, 1.4, 0.6, 1.2, 0.8, 1.4, 2.2, 0.95, 0.35, 0.85, 0.95, 1.7, 1.4, 0.9, 1.6, 0.95, 1.4, 2.1, 1.4, 1.6, 1.4, 2.4, 2.3, 1.1, 1.0, 0.85, 0.9, 1.0, 1.6, 1.3, 0.95, 0.35, 1.6, 1.0, 1.4, 1.0, 1.8, 1.7, 0.95, 0.8, 1.2, 1.6, 2.3, 2.4, 0.85, 1.0, 0.85, 2.1, 0.95, 2.0, 0.55, 1.6, 2.3, 1.4, 1.2, 2.4, 0.75, 1.6, 1.8, 1.4, 1.8, 1.2, 1.2, 1.5, 1.0, 1.5, 0.55, 0.85, 1.8, 0.6, 0.95, 1.4, 0.7, 0.75, 0.65, 1.2, 0.85, 1.4, 0.75, 0.65, 1.8, 1.0, 0.45, 0.4, 0.65, 2.2, 0.95, 0.55, 1.6, 1.0, 1.0, 1.0, 1.8, 1.2, 2.1, 2.4, 2.2, 1.4, 1.4, 0.5, 0.9, 0.95, 1.6, 1.6, 1.0, 0.65, 1.4, 1.0, 1.6, 0.85, 1.7, 1.6, 0.9, 1.4, 1.6, 1.4, 2.0, 2.4, 0.9, 0.95, 0.45, 1.4, 0.65, 1.6, 0.85, 1.4, 1.7, 1.2, 1.4, 2.4, 1.3, 1.6, 1.8, 1.1, 1.8, 1.6, 1.6, 2.2, 0.95, 1.0, 0.8, 0.85, 0.95, 0.45, 0.8, 1.9, 1.0, 0.9, 1.6, 1.0, 1.0, 1.2, 1.3, 0.9, 2.2, 0.8, 0.45, 0.75, 0.65, 2.0, 1.4, 0.6, 1.8, 0.85, 1.6, 1.4, 2.0, 1.2, 1.6, 2.4, 2.2, 1.6, 2.0, 0.55, 0.75, 1.0, 1.2, 1.4, 0.4, 0.35, 1.4, 1.4, 1.6, 1.0, 2.3, 1.4, 0.95, 1.4, 1.2, 1.6, 2.0, 2.3, 0.5];[0.00954209, -0.00729113, -0.03832787, 0.0488697, -0.28999507, -0.23054588, -0.38418367, -0.61106678, -0.46004477, 0.03894671, 0.04640295, 0.04327043, 0.0267504, 0.02669194, -0.3, 0.2, 0.3, -0.2, 0.05522531, -0.26216246, -0.2846926, -0.16625617, -0.03060711, -0.00052463, 0.0057817, -0.13605811, -0.21357283, 0.04308275, 0.06030009, 0.05661595, 0.04077911, 0.03997647, 0.2, 0.4, 0.0, -0.2, 0.09532018, 0.01117056, 0.18558463, -0.17185054, -0.15390009, -0.09812857, -0.02005142, -0.39951502, 0.08093952, 0.03875944, 0.06792118, 0.07556965, -0.0287826, -0.02909962, 0.2, 0.7, 0.0, -0.5];0.034544399939477444;0.023682600003667176
[2.94621476, -4.0, 0.9792107, 0.94971241, 1.01729165];False;[1.2, 0.85, 1.4, 0.4, 2.3, 2.0, 1.4, 2.0, 1.6, 1.4, 2.3, 0.6, 1.2, 1.8, 1.2, 1.6, 0.9, 1.6, 2.2, 1.4, 0.95, 0.9, 0.55, 2.0, 0.65, 0.9, 1.8, 0.6, 0.8, 0.6, 1.0, 0.75, 1.0, 0.7, 1.2, 2.0, 0.7, 0.3, 0.55, 0.95, 2.0, 1.6, 0.6, 1.9, 0.9, 1.2, 2.1, 1.6, 1.4, 1.6, 2.3, 1.7, 1.7, 2.1, 0.45, 0.6, 1.0, 1.1, 1.4, 0.9, 0.35, 1.3, 1.2, 1.7, 0.9, 2.0, 1.1, 1.6, 0.75, 1.8, 1.7, 2.3, 2.4, 0.7, 1.2, 0.95, 1.6, 0.65, 1.6, 2.0, 1.4, 1.8, 1.2, 1.2, 2.2, 0.75, 1.6, 1.8, 1.4, 1.3, 1.8, 1.9, 1.6, 0.95, 1.0, 0.6, 0.6, 1.8, 0.35, 0.6, 1.8, 0.6, 0.8, 1.4, 1.2, 0.8, 1.6, 1.0, 1.0, 1.6, 0.9, 0.7, 0.6, 1.0, 2.0, 1.7, 1.0, 1.8, 0.9, 0.7, 1.2, 1.8, 1.6, 1.4, 2.3, 1.7, 1.1, 1.8, 0.55, 0.65, 0.9, 1.6, 1.4, 0.85, 0.3, 1.9, 1.4, 1.6, 0.7, 1.8, 1.2, 1.0, 1.4, 1.4, 1.4, 2.0, 2.2, 0.65, 1.2, 0.5, 2.0, 0.8, 2.0, 1.4, 1.8, 1.8, 1.2, 0.9, 2.6, 0.9, 1.7, 1.3, 1.6, 1.4, 1.6, 1.1, 2.3, 1.0, 0.95, 0.85, 1.2, 1.4, 0.75, 0.8, 1.8, 0.8, 1.0, 0.55, 1.4, 0.85, 1.2, 0.9, 0.55, 2.0, 0.9, 0.7, 0.5, 0.85, 1.7, 1.6, 0.9, 1.8, 0.95, 0.8, 2.0, 2.1, 1.2, 1.8, 2.3, 1.8, 1.1, 1.0, 0.6, 0.95, 1.2, 1.9, 1.8, 1.0, 0.8, 1.4, 0.9, 1.4, 1.8, 1.8, 1.4, 0.95, 1.4, 1.6, 1.0, 1.8, 2.3, 0.75];[0.04303168, 0.0448581, 0.02266378, 0.09341275, -0.03038334, 0.0266521, 0.0180298, -0.31698518, -0.12359493, 0.04234811, 0.05731952, 0.03438079, -0.00303814, -0.0033403, 0.6, 0.4, -0.5, -0.5, 0.06190757, -0.27729003, -0.35017368, -0.08975863, -0.04995243, -0.02538056, -0.01040114, -0.52098363, -0.31110772, 0.03219156, 0.0649823, 0.02853261, 0.00144976, 0.00047356, 0.2, -0.1, 0.0, -0.2, 0.09076427, 0.1265511, 0.24023869, 0.09381828, 0.02498685, 0.00212615, -0.00021684, -0.6035151, -0.11785599, 0.07120327, 0.07357485, 0.06982455, 0.12155933, 0.12021218, -0.4, -0.2, 0.3, 0.2];0.043436900014057755;0.03201849991455674
[3.04010255, -0.0, 1.0116215, 1.00550751, 1.02297354];False;[1.2, 0.85, 1.8, 0.75, 1.8, 2.1, 1.4, 2.2, 1.7, 1.2, 2.0, 1.3, 1.4, 1.8, 1.4, 1.8, 1.2, 1.6, 2.0, 1.5, 1.0, 0.55, 0.5, 1.8, 0.8, 0.95, 1.6, 1.0, 1.0, 0.55, 1.6, 0.8, 1.6, 0.85, 1.8, 2.3, 0.8, 0.6, 0.85, 0.9, 1.8, 1.0, 0.8, 1.6, 1.4, 1.2, 1.0, 2.0, 1.8, 1.8, 2.2, 2.3, 1.6, 2.0, 0.75, 1.0, 1.6, 1.1, 1.4, 0.4, 0.9, 1.4, 1.4, 1.2, 0.75, 2.3, 1.4, 0.9, 0.75, 1.8, 0.95, 1.7, 2.0, 0.8, 1.4, 0.7, 1.6, 0.6, 1.8, 0.55, 1.4, 2.3, 1.4, 1.5, 1.7, 0.95, 1.4, 1.6, 1.6, 1.3, 2.1, 1.2, 2.2, 1.5, 1.0, 0.75, 0.5, 1.2, 0.75, 0.7, 1.8, 1.0, 0.95, 0.4, 0.95, 0.85, 1.4, 0.85, 1.8, 1.6, 0.9, 0.75, 0.5, 0.75, 2.2, 1.6, 0.65, 1.4, 1.6, 1.6, 1.6, 1.6, 1.6, 2.0, 2.4, 2.0, 1.7, 2.0, 0.45, 0.9, 1.6, 1.2, 1.9, 0.6, 0.7, 1.6, 0.95, 1.4, 0.75, 2.2, 1.7, 1.6, 2.0, 1.6, 1.4, 1.7, 2.2, 0.65, 1.0, 0.5, 2.0, 0.35, 2.2, 0.6, 2.0, 1.8, 1.1, 0.95, 2.4, 0.75, 1.2, 1.8, 1.6, 1.4, 1.6, 1.9, 1.6, 1.4, 1.4, 0.9, 0.65, 2.0, 0.45, 0.8, 1.6, 0.95, 0.8, 0.95, 1.9, 0.6, 1.6, 1.3, 0.65, 2.2, 0.6, 0.6, 0.8, 0.95, 2.3, 1.2, 0.95, 1.8, 1.6, 2.1, 1.4, 1.6, 1.4, 2.0, 2.6, 2.0, 1.7, 1.4, 0.35, 1.0, 1.0, 1.4, 1.6, 0.75, 0.75, 1.8, 1.0, 1.7, 1.2, 1.8, 1.6, 1.2, 1.6, 1.4, 1.6, 2.2, 2.6, 0.8];[0.03223441, 0.18518684, 0.11043235, 0.16067787, -0.05190814, -0.09929576, -0.20167814, -0.15794483, -0.05938607, 0.04724932, 0.07149951, 0.02475939, -0.04173051, -0.04324919, 0.4, 0.4, 0.2, 0.2, 0.0669878, 0.16512563, 0.04193532, 0.28971365, 0.07759772, 0.05602133, 0.04320513, 0.03773117, 0.15373274, 0.03007028, 0.05254706, 0.04586647, -0.02056205, -0.02110218, 0.2, -0.3, 0.0, 0.2, 0.09409019, 0.26475925, 0.34111912, -0.03574846, -0.11061552, -0.04640872, 0.00749911, -0.24543357, -0.06433342, 0.06004216, 0.05180012, 0.06994194, 0.07622017, 0.07576092, 0.6, -0.2, -0.5, -0.1];0.03231389995198697;0.024132799939252436
[2.91800177, -4.0, 0.96992246, 0.95483832, 0.99324099];False;[0.95, 0.7, 1.2, 0.4, 1.5, 0.55, 1.8, 2.0, 1.4, 1.4, 1.7, 1.0, 1.6, 1.3, 1.6, 1.8, 0.95, 1.4, 1.6, 1.0, 1.4, 0.95, 0.9, 2.1, 0.85, 0.75, 1.8, 0.7, 0.95, 0.45, 0.95, 0.65, 0.95, 0.95, 0.55, 1.6, 0.6, 0.35, 0.85, 0.9, 2.3, 1.4, 0.95, 1.3, 1.7, 0.9, 1.4, 1.8, 1.6, 1.4, 2.0, 2.0, 1.2, 2.0, 0.6, 1.2, 1.4, 1.2, 1.8, 0.4, 0.55, 1.8, 0.95, 1.2, 0.85, 2.2, 1.4, 1.2, 2.1, 1.6, 1.4, 2.0, 2.6, 0.9, 1.5, 0.35, 1.1, 0.4, 1.6, 1.0, 2.1, 2.0, 1.6, 1.0, 1.8, 0.85, 1.6, 1.8, 1.2, 1.4, 1.8, 1.8, 1.8, 1.2, 1.2, 0.9, 0.6, 1.2, 0.5, 0.8, 1.8, 0.75, 0.95, 1.0, 1.4, 0.65, 1.2, 0.85, 0.45, 2.0, 0.9, 0.8, 0.9, 0.85, 1.8, 1.6, 0.6, 1.8, 0.85, 1.8, 1.2, 1.3, 1.6, 1.4, 2.2, 2.3, 1.7, 0.9, 0.6, 1.0, 1.4, 1.9, 1.6, 0.95, 0.9, 1.3, 1.0, 1.1, 1.2, 2.2, 1.6, 1.0, 0.75, 1.1, 1.6, 1.8, 2.3, 0.85, 1.5, 0.35, 2.0, 0.55, 1.6, 0.75, 1.3, 2.0, 1.6, 1.0, 1.8, 0.85, 1.6, 1.8, 1.7, 1.8, 1.6, 1.6, 2.2, 0.95, 1.4, 0.65, 0.9, 2.1, 0.45, 0.7, 1.4, 0.85, 0.8, 1.4, 0.95, 0.95, 0.9, 1.2, 0.85, 2.2, 0.95, 0.55, 0.4, 0.7, 1.8, 0.9, 0.65, 1.6, 0.95, 0.9, 1.4, 1.3, 1.6, 2.0, 2.2, 1.8, 1.2, 1.4, 0.6, 0.9, 1.2, 1.8, 1.6, 0.75, 0.75, 1.8, 0.95, 1.6, 1.6, 1.8, 1.6, 1.0, 1.6, 1.6, 1.4, 2.3, 2.4, 0.9];[0.04160805, 0.26918407, 0.19642729, 0.34937804, -0.05672423, -0.01838299, -0.00241111, -0.46037994, -0.08455038, 0.04266911, 0.04749205, 0.00205695, -0.11395033, -0.11549497, -0.3, 0.2, 0.4, 0.4, -0.0252877, -0.29455213, -0.41822723, -0.48285929, 0.02053286, 0.01776195, 0.0080385, -0.61726478, -0.29805193, 0.04005503, 0.02986642, 0.0583951, -0.01189468, -0.01278345, 0.2, 0.2, 0.5, 0.1, 0.12090187, 0.26550328, 0.38083021, 0.18847024, 0.09771184, 0.11025292, 0.09676279, -0.06979708, 0.13544412, 0.05977958, 0.06220449, 0.07659006, 0.04774973, 0.04712715, 0.2, 0.1, 0.0, 0.1];0.03968459996394813;0.024303499958477914
[2.92851737, -1.0, 0.93423289, 0.96380176, 1.03048271];False;[0.9, 0.7, 2.0, 0.95, 2.2, 0.55, 1.3, 2.2, 1.4, 0.8, 2.3, 0.75, 1.2, 1.8, 1.6, 1.4, 0.95, 1.8, 2.0, 0.9, 1.2, 0.6, 1.0, 1.4, 0.35, 0.4, 1.3, 0.85, 0.7, 0.95, 1.8, 1.2, 1.4, 0.9, 1.4, 1.8, 0.65, 0.5, 0.5, 0.75, 2.2, 1.4, 0.65, 1.8, 0.7, 1.4, 1.2, 1.8, 1.8, 2.0, 2.3, 2.0, 1.7, 1.2, 0.7, 0.8, 0.95, 1.8, 1.4, 0.45, 0.8, 1.8, 1.2, 1.7, 1.4, 2.2, 1.6, 0.95, 0.7, 1.4, 1.4, 1.7, 2.3, 0.7, 1.4, 0.45, 1.2, 0.75, 2.0, 0.85, 2.0, 2.0, 1.6, 1.2, 2.4, 1.3, 1.1, 1.4, 1.7, 1.4, 2.0, 1.4, 1.6, 1.0, 0.95, 0.55, 0.6, 1.0, 0.55, 0.9, 1.4, 0.7, 0.75, 0.45, 1.9, 0.8, 1.6, 0.7, 0.45, 2.2, 0.7, 0.75, 0.75, 0.95, 1.8, 1.2, 0.65, 1.8, 1.7, 1.2, 1.6, 2.0, 1.2, 1.4, 2.2, 1.8, 1.6, 0.95, 0.75, 0.65, 1.0, 1.6, 1.6, 0.9, 0.65, 1.9, 1.2, 1.4, 2.0, 1.7, 1.2, 0.9, 1.0, 1.6, 0.9, 2.3, 2.2, 0.9, 1.0, 0.75, 1.2, 0.9, 1.8, 0.6, 1.6, 1.7, 1.4, 0.85, 2.2, 0.7, 1.4, 1.6, 1.4, 1.6, 2.0, 1.6, 1.8, 1.0, 0.95, 0.65, 0.75, 1.0, 0.85, 0.45, 1.6, 0.95, 1.0, 0.4, 1.2, 0.95, 1.4, 0.75, 0.65, 1.8, 0.7, 0.7, 0.85, 1.2, 2.3, 1.2, 0.9, 1.4, 0.7, 1.2, 1.6, 1.6, 1.9, 1.8, 2.3, 1.7, 1.4, 1.6, 0.85, 0.75, 1.0, 1.4, 1.8, 0.9, 0.55, 1.6, 1.0, 1.1, 0.8, 2.2, 1.2, 1.6, 0.9, 1.9, 0.95, 1.7, 2.4, 0.55];[0.05076174, -0.07452138, -0.06209192, -0.02888136, -0.16922679, -0.18793151, -0.30339723, -0.28200668, -0.09811503, 0.02585193, 0.03307939, 0.00870476, -0.08223747, -0.08450112, 0.6, -0.2, -0.5, -0.1, 0.05808478, -0.41405566, -0.45012131, -0.45311751, 0.09076685, 0.06959247, 0.02784982, -0.52421378, -0.50214032, 0.03647553, 0.03767442, 0.02727915, 0.0045295, 0.00349165, 0.3, -0.3, -0.3, 0.3, 0.10236472, 0.18476503, 0.2868966, 0.09111473, 0.0496072, -0.00250634, -0.01862997, 0.01073594, 0.21869749, 0.07063774, 0.06022389, 0.07771578, 0.09674244, 0.0953621, 0.2, 0.2, 0.3, 0.3];0.04344339994713664;0.022885199985466897
[2.94714983, -4.0, 0.96293223, 0.97446411, 1.0097535];False;[1.4, 0.4, 1.4, 0.5, 1.8, 0.85, 1.4, 2.2, 1.6, 0.85, 2.2, 0.7, 1.2, 1.4, 1.1, 1.6, 1.6, 1.4, 2.0, 0.9, 1.0, 0.75, 0.7, 0.9, 0.85, 0.6, 1.4, 1.2, 1.2, 1.6, 1.2, 0.65, 1.6, 0.75, 1.0, 1.6, 0.85, 0.75, 0.8, 0.95, 1.8, 0.95, 0.6, 1.6, 1.0, 2.0, 1.8, 1.4, 1.6, 1.6, 2.6, 2.0, 1.2, 1.8, 0.8, 1.2, 0.95, 1.8, 1.4, 0.7, 0.4, 1.3, 1.0, 1.7, 0.8, 2.0, 1.1, 1.0, 1.0, 1.2, 1.4, 1.8, 2.0, 0.9, 1.0, 0.6, 1.2, 0.8, 2.0, 0.7, 1.4, 2.2, 1.4, 0.95, 2.0, 0.65, 1.6, 1.6, 1.2, 1.8, 1.8, 1.4, 1.6, 0.95, 1.4, 0.85, 0.65, 1.2, 0.65, 0.8, 1.9, 0.75, 0.6, 0.7, 1.6, 0.7, 1.7, 0.75, 1.4, 1.8, 0.65, 0.8, 0.6, 0.65, 2.2, 1.7, 0.85, 1.3, 1.0, 1.6, 2.0, 2.0, 1.4, 1.6, 2.4, 2.3, 1.4, 1.0, 0.55, 0.8, 1.2, 1.9, 1.8, 0.9, 0.4, 1.8, 1.4, 1.6, 0.7, 2.2, 1.4, 0.95, 1.8, 1.6, 0.9, 2.2, 2.6, 0.7, 1.5, 0.5, 1.8, 0.4, 1.6, 2.1, 1.4, 2.2, 1.4, 0.95, 2.2, 0.7, 1.6, 1.4, 1.2, 1.6, 1.2, 1.8, 1.8, 1.2, 1.2, 1.0, 0.65, 1.8, 0.7, 0.45, 1.6, 0.8, 0.8, 1.6, 1.4, 0.95, 1.6, 1.0, 1.4, 1.8, 0.85, 0.8, 0.85, 0.65, 2.0, 1.6, 1.0, 1.8, 0.9, 1.2, 0.95, 1.8, 1.9, 2.0, 2.0, 1.8, 1.6, 0.9, 0.75, 0.95, 1.4, 1.6, 1.8, 0.35, 1.0, 1.3, 1.0, 1.2, 1.8, 2.0, 1.1, 0.95, 1.8, 1.8, 0.95, 1.7, 2.3, 0.6];[0.02910089, 0.11981445, 0.1501039, -0.01898176, -0.02520225, -0.06711416, -0.1524211, -0.35314384, -0.14514499, 0.0404709, 0.05119246, 0.01340399, -0.06905888, -0.06965252, 0.2, 0.5, -0.5, -0.6, 0.09186614, -0.29089893, -0.36796678, -0.04574386, -0.03651167, -0.00459325, -0.01361125, -0.12704606, -0.14130489, 0.03294751, 0.04425387, 0.0301319, -0.00906212, -0.01039965, 0.0, 0.6, 0.0, -0.4, 0.10224866, -0.00848447, -0.0207104, 0.02393837, 0.03300552, -0.02095358, -0.03182551, -0.21656614, 0.09389154, 0.05092342, 0.07288823, 0.07216927, 0.00573724, 0.00702777, -0.2, 0.4, 0.4, 0.0];0.04752380005083978;0.03310100000817329
[2.94165303, -2.0, 1.01281346, 0.93310567, 0.9957339];False;[1.5, 0.85, 1.4, 0.7, 1.8, 0.65, 1.8, 2.2, 1.6, 1.0, 2.0, 0.75, 1.4, 1.3, 1.7, 1.4, 1.4, 1.9, 1.5, 1.4, 1.5, 0.65, 0.85, 1.8, 0.9, 0.7, 1.4, 1.0, 0.9, 0.95, 1.0, 1.3, 0.9, 1.0, 1.6, 2.2, 1.0, 0.75, 0.3, 1.0, 2.3, 1.7, 0.9, 1.6, 1.4, 1.2, 1.6, 2.1, 1.6, 1.3, 2.3, 2.2, 1.4, 1.8, 0.85, 0.75, 1.0, 1.2, 1.8, 0.55, 1.0, 1.6, 1.2, 1.6, 1.8, 1.8, 1.1, 0.95, 0.8, 1.6, 0.95, 2.2, 2.3, 0.95, 1.5, 0.5, 1.4, 0.35, 1.6, 0.5, 2.0, 1.8, 1.1, 0.75, 2.6, 0.6, 1.4, 1.3, 1.1, 1.3, 1.0, 1.6, 1.6, 1.0, 1.4, 1.0, 0.75, 0.9, 0.5, 0.85, 1.9, 0.65, 1.0, 0.55, 0.95, 1.0, 1.2, 0.95, 1.4, 2.0, 1.0, 0.65, 0.9, 0.75, 2.2, 1.2, 0.8, 1.4, 0.7, 0.95, 1.6, 1.6, 1.8, 1.4, 2.2, 1.8, 1.4, 1.4, 0.35, 0.65, 1.7, 1.6, 1.8, 0.85, 0.55, 1.6, 0.95, 1.2, 2.0, 2.3, 1.4, 1.0, 1.2, 1.2, 0.95, 2.0, 2.3, 0.75, 0.95, 0.8, 1.6, 0.6, 1.5, 1.6, 1.6, 2.0, 1.7, 0.9, 1.8, 0.8, 1.2, 1.8, 1.7, 1.4, 2.1, 1.9, 1.5, 1.0, 1.5, 0.6, 0.55, 1.0, 0.4, 0.7, 1.3, 0.75, 0.95, 0.65, 1.8, 0.8, 1.7, 0.95, 1.8, 1.8, 1.0, 0.8, 0.45, 0.85, 1.8, 0.95, 0.55, 1.6, 0.95, 0.75, 1.0, 1.8, 1.6, 2.0, 2.4, 2.3, 1.4, 1.2, 0.55, 0.95, 0.95, 1.8, 1.4, 0.85, 0.3, 1.3, 1.5, 1.4, 0.7, 2.0, 1.6, 0.9, 1.6, 1.9, 1.7, 1.8, 2.2, 0.55];[0.06254822, 0.09208683, -0.01462341, 0.09822399, 0.17234415, 0.17240228, 0.20961369, -0.34125537, -0.02165003, 0.04560194, 0.02524924, 0.02647461, -0.02576454, -0.02731599, -0.1, -0.3, -0.2, 0.1, 0.06729439, -0.30113137, -0.42016886, -0.57456156, -0.04407407, -0.02223273, -0.02088683, -0.70314803, -0.42634015, 0.03618996, 0.03401743, 0.03675066, -0.02453974, -0.02560009, -0.1, 0.2, 0.2, -0.1, 0.09654161, 0.26145207, 0.36741038, 0.13773643, -0.00742171, -0.02948983, 0.03423082, -0.20870869, 0.0136198, 0.05048081, 0.06160042, 0.06606921, 0.0437467, 0.04252372, 0.6, -0.3, -0.2, 0.3];0.043285599909722805;0.02514409995637834
[2.86491585, -4.0, 0.9579491, 0.92327576, 0.98369099];False;[1.0, 0.6, 1.6, 0.55, 2.2, 1.8, 2.0, 2.2, 1.4, 1.0, 1.7, 0.8, 1.4, 1.6, 1.4, 1.6, 1.8, 1.6, 1.8, 1.2, 0.9, 0.5, 0.65, 2.0, 0.65, 0.7, 1.8, 0.7, 0.7, 0.95, 1.0, 0.6, 1.0, 0.9, 0.7, 1.8, 0.75, 0.5, 0.6, 0.75, 2.2, 1.0, 0.75, 1.3, 1.0, 1.6, 2.0, 2.0, 1.8, 1.4, 2.2, 1.7, 1.6, 1.6, 0.85, 1.3, 1.4, 1.8, 1.6, 0.95, 0.6, 1.8, 1.0, 1.2, 0.9, 2.0, 1.1, 1.7, 0.95, 1.9, 1.4, 1.8, 2.0, 0.65, 0.95, 0.6, 2.1, 0.65, 1.8, 1.2, 1.6, 2.0, 1.6, 1.0, 2.2, 0.6, 1.4, 1.4, 1.2, 1.6, 0.9, 1.8, 2.0, 0.95, 1.0, 0.75, 0.8, 1.6, 0.45, 0.75, 1.4, 1.2, 0.85, 1.7, 1.2, 0.75, 1.4, 0.95, 0.45, 2.0, 0.65, 0.6, 0.6, 0.8, 2.0, 1.0, 1.0, 1.9, 1.0, 0.95, 0.95, 1.4, 1.2, 1.8, 2.6, 2.2, 1.7, 1.2, 0.45, 0.85, 1.0, 1.2, 1.3, 0.55, 0.55, 1.9, 1.0, 1.4, 1.0, 1.7, 1.6, 1.6, 0.8, 1.4, 1.6, 1.8, 2.4, 0.65, 0.95, 0.75, 1.1, 0.85, 2.3, 0.7, 1.6, 2.2, 1.4, 1.2, 2.4, 1.3, 1.2, 1.8, 1.2, 1.6, 0.9, 1.8, 1.5, 1.4, 0.95, 1.1, 0.5, 1.0, 0.6, 0.9, 1.6, 0.85, 0.85, 0.85, 1.6, 0.85, 0.95, 1.2, 0.8, 2.3, 0.8, 0.35, 0.55, 0.65, 2.0, 1.6, 0.8, 1.8, 1.2, 1.0, 0.95, 1.6, 1.8, 1.8, 2.3, 2.2, 1.2, 1.2, 0.7, 0.95, 1.0, 1.2, 1.6, 0.3, 0.95, 1.8, 1.0, 1.4, 0.75, 1.7, 1.6, 0.95, 1.2, 1.1, 0.95, 1.8, 2.4, 1.0];[0.05091901, 0.14734292, 0.08087427, 0.23754242, -0.16131766, -0.15477557, -0.21794868, -0.3243174, -0.09617348, 0.03756808, 0.04611508, 0.03966778, 0.00370795, 0.00332601, 0.2, 0.2, 0.2, 0.2, 0.0508776, -0.29590383, -0.36770837, -0.49554564, -0.02786816, -0.01193415, -0.02166429, -0.32645452, -0.2867717, 0.02483855, 0.04112753, 0.0383508, -0.03341095, -0.03467478, 0.0, 0.4, 0.0, -0.2, 0.10602186, 0.13899158, 0.17263518, -0.22134465, -0.02785345, -0.03504236, -0.03703881, -0.46893654, 0.00651574, 0.05642142, 0.0554177, 0.08221687, 0.03783828, 0.03896034, 0.6, 0.4, -0.2, -0.2];0.06437909998930991;0.030444800038821995
[2.94825131, -1.0, 0.99316772, 0.93183775, 1.02324584];False;[0.95, 0.8, 2.0, 0.9, 2.2, 0.6, 1.4, 1.8, 1.4, 0.75, 2.4, 1.2, 1.6, 1.9, 1.1, 1.4, 2.1, 1.6, 2.2, 1.2, 1.5, 1.0, 0.85, 1.4, 0.75, 0.9, 1.6, 0.8, 0.8, 0.95, 1.0, 1.2, 1.4, 1.2, 1.4, 1.8, 0.7, 0.7, 0.35, 0.65, 2.2, 1.0, 0.7, 1.4, 0.85, 1.8, 2.0, 1.3, 1.8, 1.3, 2.2, 2.0, 1.1, 1.4, 0.65, 0.65, 1.4, 1.8, 1.6, 1.2, 1.0, 1.6, 1.2, 1.4, 1.0, 2.2, 1.6, 1.0, 0.85, 1.4, 1.0, 1.8, 2.6, 0.7, 1.5, 0.65, 1.8, 0.95, 2.2, 0.75, 1.6, 2.2, 1.6, 0.7, 2.3, 0.9, 1.1, 1.3, 1.2, 1.6, 0.95, 1.6, 1.8, 1.5, 1.0, 0.6, 0.6, 1.2, 0.75, 0.7, 1.3, 0.75, 0.8, 0.75, 1.0, 0.6, 1.7, 0.8, 0.8, 1.8, 1.0, 0.6, 0.4, 0.8, 2.0, 0.95, 0.7, 1.6, 1.4, 1.4, 2.0, 1.3, 1.9, 1.3, 2.2, 1.7, 1.1, 0.9, 0.85, 0.85, 1.2, 1.2, 1.6, 0.7, 0.75, 1.4, 1.0, 1.6, 0.85, 1.8, 1.4, 1.0, 0.85, 1.2, 0.95, 2.0, 2.3, 0.75, 0.9, 0.65, 1.1, 0.7, 1.6, 0.7, 1.6, 2.0, 1.4, 0.75, 2.4, 0.6, 1.4, 1.8, 1.1, 1.3, 0.9, 1.9, 2.3, 0.95, 1.2, 0.9, 0.9, 1.8, 0.8, 0.5, 1.6, 0.7, 1.0, 1.0, 1.6, 0.9, 1.2, 0.85, 1.8, 1.5, 0.9, 0.5, 0.8, 0.85, 1.7, 0.95, 0.55, 1.4, 0.9, 1.4, 1.4, 1.4, 1.6, 1.4, 2.3, 1.7, 1.6, 2.0, 0.35, 0.75, 1.6, 1.8, 1.8, 1.2, 1.0, 1.6, 1.2, 1.4, 0.75, 2.3, 1.4, 1.0, 1.8, 1.1, 1.4, 1.7, 2.0, 0.95];[0.02538, 0.06862271, 0.04758429, -0.053703, -0.07593899, -0.12644284, -0.26920676, -0.64067079, -0.32149585, 0.03876373, 0.05468794, 0.06827712, 0.08316265, 0.0825307, 0.3, 0.3, 0.2, -0.3, 0.07744485, -0.32539278, -0.40143953, -0.65664947, -0.0344226, -0.01908033, -0.0433512, -0.58295431, -0.48510393, 0.03427721, 0.04570811, 0.04624192, 0.00799575, 0.00747371, 0.2, 0.4, -0.5, -0.4, 0.09767833, 0.23872512, 0.29205405, -0.02922157, 0.00763789, -0.01951161, 0.02233814, -0.27315522, 0.09183744, 0.07041444, 0.04702294, 0.07948977, 0.12512713, 0.12407983, 0.4, 0.2, 0.0, -0.3];0.06135730003006756;0.035268899984657764
[2.91194314, -0.0, 0.94335475, 0.97515819, 0.99343021];False;[1.4, 0.95, 1.8, 0.9, 1.5, 1.2, 1.8, 1.7, 1.7, 1.0, 2.2, 0.7, 1.1, 1.6, 1.6, 1.6, 1.0, 1.4, 1.8, 1.0, 1.2, 0.65, 1.0, 1.4, 0.35, 0.85, 1.3, 0.9, 0.6, 0.45, 1.4, 0.9, 1.7, 0.75, 0.95, 2.2, 1.0, 0.65, 0.55, 1.0, 1.8, 0.95, 0.75, 1.6, 0.9, 1.2, 1.4, 1.4, 1.9, 2.0, 2.0, 2.0, 1.4, 1.6, 0.85, 0.95, 0.95, 1.2, 1.6, 0.3, 0.35, 1.8, 0.9, 1.6, 0.8, 2.0, 1.6, 1.4, 0.95, 1.9, 1.0, 1.7, 2.2, 0.85, 0.95, 0.55, 1.8, 0.9, 2.3, 0.75, 2.1, 2.2, 1.2, 0.9, 2.6, 0.85, 1.4, 1.8, 1.2, 1.6, 0.9, 1.2, 2.0, 1.5, 1.2, 0.6, 0.75, 2.1, 0.4, 0.75, 1.6, 0.7, 0.75, 0.4, 1.8, 0.95, 1.0, 0.8, 1.6, 1.5, 0.8, 0.6, 0.8, 1.0, 2.2, 1.6, 0.7, 1.4, 0.85, 0.8, 1.8, 1.4, 1.4, 2.0, 2.3, 1.8, 1.4, 1.4, 0.85, 1.0, 1.4, 1.4, 1.4, 0.7, 0.5, 1.8, 1.4, 1.6, 1.2, 2.2, 1.2, 1.4, 2.0, 1.9, 0.95, 2.3, 2.3, 0.85, 1.4, 0.6, 1.6, 0.75, 1.5, 2.1, 2.1, 1.8, 1.7, 1.0, 2.2, 0.55, 1.2, 1.6, 1.6, 1.3, 1.2, 1.2, 1.6, 1.4, 0.9, 0.8, 0.95, 1.6, 0.4, 0.4, 1.4, 0.7, 0.65, 0.95, 1.2, 1.2, 1.6, 1.0, 0.5, 1.8, 1.0, 0.9, 0.55, 0.75, 1.7, 1.0, 0.75, 1.8, 1.2, 0.7, 1.2, 1.8, 1.4, 1.4, 2.2, 2.3, 1.2, 0.9, 0.35, 0.65, 1.0, 1.2, 1.8, 0.6, 0.95, 1.4, 0.95, 1.2, 1.8, 2.2, 1.7, 0.9, 0.75, 1.8, 1.6, 2.3, 2.6, 1.0];[0.05543609, -0.00121679, -0.03635723, 0.04533269, -0.01484788, -0.04919854, -0.09930226, -0.34176908, -0.21107142, 0.04552422, 0.04220143, 0.01023184, -0.10127271, -0.10303166, 0.5, 0.0, -0.5, 0.0, 0.04696904, -0.13847298, -0.22021863, -0.00229921, 0.00180282, 0.01161576, -0.01143236, -0.10799301, -0.10562801, 0.03539351, 0.04058561, 0.03997673, -0.00892993, -0.00977774, 0.4, 0.4, -0.2, -0.4, 0.09717019, 0.04984057, 0.08473551, -0.03817726, 0.1530783, 0.14748621, 0.15604574, -0.71600391, -0.244753, 0.05463712, 0.0673458, 0.06853089, 0.0521868, 0.05264694, 0.4, -0.3, 0.0, 0.4];0.04435650003142655;0.027053699945099652
[2.87754419, -1.0, 0.96933532, 0.94932527, 0.95888361];False;[1.0, 0.95, 2.1, 0.55, 2.2, 0.75, 1.8, 2.0, 1.4, 0.95, 2.0, 0.75, 1.1, 1.8, 1.6, 1.9, 1.6, 1.8, 1.8, 1.2, 1.5, 0.75, 0.7, 1.8, 0.3, 0.9, 1.4, 0.65, 1.0, 1.0, 0.95, 0.85, 1.6, 1.0, 1.6, 2.0, 0.95, 0.4, 0.35, 0.85, 2.2, 1.0, 0.9, 1.4, 1.2, 1.4, 1.6, 1.4, 1.4, 2.1, 2.2, 1.7, 1.1, 1.0, 0.65, 0.85, 1.2, 1.4, 1.9, 0.65, 0.7, 1.3, 0.9, 1.6, 0.9, 2.2, 1.2, 1.4, 1.6, 1.6, 1.0, 2.3, 2.4, 0.6, 1.4, 0.9, 1.8, 0.5, 2.0, 0.7, 1.6, 2.0, 1.1, 0.85, 2.2, 0.95, 1.6, 1.3, 1.6, 1.4, 1.8, 1.4, 1.5, 0.95, 0.9, 0.9, 0.55, 1.2, 0.45, 0.45, 1.9, 0.75, 0.7, 1.2, 1.2, 0.7, 0.95, 0.95, 0.7, 1.8, 0.75, 0.6, 0.7, 1.0, 2.3, 1.2, 0.8, 1.4, 1.6, 0.8, 2.0, 1.4, 1.1, 2.0, 2.6, 2.2, 1.6, 1.6, 0.45, 0.7, 1.0, 1.9, 1.8, 0.9, 0.65, 1.8, 1.0, 1.6, 0.75, 2.0, 1.7, 1.4, 0.75, 1.1, 1.4, 1.7, 2.0, 1.2, 1.2, 0.6, 1.2, 0.4, 1.8, 0.85, 1.8, 2.3, 1.1, 0.9, 2.0, 0.6, 1.6, 1.3, 1.4, 1.4, 2.0, 1.2, 1.6, 0.95, 1.2, 0.8, 0.85, 1.6, 0.55, 0.75, 1.4, 1.2, 0.7, 0.6, 1.9, 1.3, 1.0, 0.9, 0.75, 1.5, 0.75, 0.8, 0.4, 0.7, 2.3, 1.4, 0.55, 1.9, 0.8, 0.75, 1.2, 1.3, 1.6, 2.0, 2.3, 2.2, 1.2, 1.2, 0.7, 1.0, 1.0, 1.4, 1.9, 0.8, 0.6, 1.4, 1.5, 1.6, 0.8, 1.8, 1.2, 0.9, 0.75, 1.4, 1.6, 2.0, 2.2, 1.0];[0.04222464, 0.16469945, 0.15834076, 0.16452843, -0.06437324, -0.00997792, -0.03535722, -0.3870366, -0.17962778, 0.04661551, 0.06621921, 0.03615769, -0.02631692, -0.02760308, 0.7, 0.3, -0.5, 0.0, 0.12844088, -0.19716805, -0.27566448, -0.31588916, -0.0556785, -0.03701707, -0.02162427, -0.34146632, -0.33116747, 0.04277931, 0.05360024, 0.02747144, 0.02945388, 0.02904486, -0.3, -0.2, 0.0, 0.0, 0.09807436, -0.11917063, -0.01564041, -0.21336039, 0.04538996, 0.04883858, 0.09370587, -0.44191667, 0.04513711, 0.02808584, 0.03792037, 0.03377574, 0.01323221, 0.01254355, -0.3, 0.0, 0.0, -0.2];0.05031550000421703;0.03259229997638613
[2.93612535, -4.0, 0.94501239, 0.99564256, 0.9954704];False;[0.95, 0.9, 1.6, 0.75, 2.3, 0.65, 1.3, 2.0, 1.2, 1.4, 1.7, 0.5, 1.4, 1.6, 1.2, 1.9, 1.8, 1.4, 2.3, 0.95, 1.0, 0.55, 0.55, 1.8, 0.6, 0.6, 1.3, 0.85, 0.95, 0.6, 1.2, 0.65, 0.9, 0.7, 0.55, 2.2, 0.7, 0.4, 0.3, 1.0, 1.8, 1.0, 0.65, 1.3, 0.8, 1.8, 1.8, 2.0, 1.8, 1.4, 2.2, 2.0, 1.2, 1.2, 0.75, 0.8, 1.6, 1.8, 1.6, 0.5, 0.45, 1.4, 1.4, 1.4, 1.2, 2.3, 1.6, 1.2, 1.0, 1.6, 1.4, 2.0, 2.4, 0.85, 0.95, 0.95, 2.1, 0.7, 1.6, 0.9, 1.8, 2.2, 1.2, 0.95, 2.0, 0.8, 1.2, 1.6, 1.4, 1.8, 1.6, 1.4, 1.5, 1.2, 1.2, 0.9, 0.9, 1.8, 0.8, 0.85, 1.6, 0.8, 0.85, 1.4, 1.8, 1.3, 1.2, 0.9, 0.55, 2.2, 0.7, 0.4, 0.75, 0.65, 2.2, 1.6, 0.5, 1.6, 1.0, 0.75, 2.1, 1.4, 1.2, 1.8, 2.2, 2.2, 1.4, 2.0, 0.35, 0.7, 1.7, 1.6, 1.9, 1.2, 0.35, 1.4, 0.9, 1.2, 1.8, 1.8, 1.2, 0.95, 0.8, 1.2, 1.6, 2.0, 2.4, 0.55, 1.0, 0.3, 2.0, 0.5, 2.0, 0.75, 1.6, 2.0, 1.2, 1.4, 1.8, 0.7, 1.6, 1.8, 1.2, 1.4, 0.95, 1.2, 1.6, 1.2, 1.5, 0.75, 0.85, 2.0, 0.7, 0.45, 1.4, 0.8, 1.2, 1.4, 1.0, 0.95, 1.6, 0.95, 0.7, 1.8, 0.65, 0.85, 0.75, 0.8, 2.3, 0.9, 0.6, 1.8, 1.4, 1.0, 1.2, 1.8, 1.1, 1.8, 2.3, 2.2, 1.6, 1.0, 0.65, 0.85, 0.95, 1.4, 1.4, 0.75, 0.95, 1.3, 1.0, 1.6, 1.2, 2.0, 1.1, 1.0, 1.0, 1.9, 1.4, 2.2, 2.4, 0.7];[0.03609286, 0.06077175, 0.07780602, 0.13436225, -0.24080677, -0.18210267, -0.25045256, -0.48093672, -0.22433283, 0.03552048, 0.04358039, 0.01152879, -0.07176747, -0.07349424, 0.2, 0.7, 0.0, -0.2, -0.00096498, -0.18834222, -0.28574878, -0.50597161, 0.08269854, 0.07414795, 0.0803557, -0.42666187, -0.33636283, 0.06003854, 0.05952209, 0.06727836, 0.06585928, 0.06441398, 0.4, 0.4, 0.0, 0.2, 0.09389037, 0.14029994, 0.29165638, -0.03027822, -0.12815287, -0.06522097, -0.02123032, -0.45481866, -0.15470584, 0.05971317, 0.08729983, 0.07401341, 0.05343123, 0.0532236, 0.2, 0.2, 0.0, -0.4];0.06117779994383454;0.033721999963745475
[2.97859308, -1.0, 1.01841874, 0.95945727, 1.00071707];False;[0.95, 0.65, 1.8, 0.9, 2.3, 1.8, 1.4, 2.2, 1.6, 0.75, 2.3, 0.9, 1.4, 1.8, 1.7, 1.8, 0.95, 1.2, 2.0, 1.4, 1.0, 1.1, 0.9, 0.9, 0.55, 0.45, 1.6, 0.8, 0.85, 1.0, 1.8, 0.7, 1.0, 0.8, 0.8, 2.2, 0.65, 0.85, 0.35, 0.85, 1.7, 1.6, 0.75, 1.8, 1.4, 2.1, 1.0, 1.8, 1.6, 2.0, 2.3, 2.0, 1.1, 1.6, 0.45, 0.65, 1.2, 1.8, 1.8, 0.45, 0.85, 1.8, 0.95, 1.6, 1.6, 2.0, 1.1, 1.4, 2.1, 1.8, 1.4, 2.2, 2.4, 0.5, 1.2, 0.4, 2.0, 0.5, 1.6, 1.4, 2.1, 1.8, 1.4, 1.0, 2.2, 1.0, 1.7, 1.6, 1.2, 1.4, 1.2, 1.2, 2.0, 1.2, 1.2, 0.6, 1.0, 1.2, 0.85, 0.5, 1.4, 0.9, 0.95, 0.5, 0.95, 0.9, 1.6, 0.85, 0.5, 1.8, 0.85, 0.65, 0.85, 0.7, 1.7, 1.2, 0.6, 1.8, 0.8, 1.0, 0.9, 1.8, 1.9, 1.6, 2.3, 2.0, 1.4, 1.4, 0.7, 0.95, 1.2, 1.2, 1.9, 0.5, 0.4, 1.4, 1.4, 1.2, 0.85, 2.2, 1.6, 0.9, 1.0, 1.4, 1.6, 1.7, 2.6, 1.0, 0.9, 0.85, 2.1, 0.75, 1.6, 1.4, 1.6, 1.8, 1.4, 0.95, 2.4, 0.65, 1.2, 1.9, 1.2, 1.6, 1.4, 1.2, 1.6, 1.4, 1.4, 0.85, 0.85, 1.6, 0.45, 0.55, 1.9, 0.6, 1.0, 0.65, 0.95, 0.9, 1.4, 0.75, 0.4, 1.5, 0.9, 0.75, 0.6, 1.0, 2.2, 1.2, 0.85, 1.4, 1.4, 0.8, 2.0, 1.4, 1.8, 1.4, 2.2, 1.8, 1.6, 0.95, 0.75, 1.3, 1.4, 1.4, 1.3, 0.85, 0.95, 1.8, 0.95, 1.7, 0.85, 2.0, 1.2, 1.0, 0.75, 1.6, 1.6, 1.8, 2.4, 1.2];[0.05473792, 0.09593904, -0.01730846, 0.22449802, 0.04213195, 0.08772951, 0.12597948, -0.15206293, 0.10425823, 0.0497791, 0.05756724, 0.00988674, -0.07376415, -0.07578908, 0.4, 0.1, -0.2, 0.1, 0.07052869, -0.26470827, -0.38035728, -0.47558825, -0.01348328, 0.00578377, 0.02332498, -0.26454507, -0.10058484, 0.01805664, 0.03618312, 0.04048165, -0.0801906, -0.08149471, -0.1, 0.2, 0.5, 0.0, 0.10265217, 0.23640699, 0.35798694, -0.03994851, -0.17743926, -0.13981111, -0.03458148, -0.20323483, 0.06428726, 0.08195223, 0.0564817, 0.08673735, 0.13669448, 0.13646817, 0.7, 0.4, -0.5, -0.5];0.05914140003733337;0.028716799919493496
[2.90471514, -3.0, 0.9589491, 0.95715987, 0.98860617];False;[0.95, 0.85, 1.2, 0.35, 2.3, 0.95, 1.8, 2.0, 1.4, 1.0, 2.3, 0.5, 1.4, 1.3, 1.4, 1.6, 0.95, 1.1, 2.3, 1.4, 0.95, 0.95, 0.95, 2.0, 0.75, 0.95, 1.9, 0.9, 0.9, 0.75, 1.9, 0.7, 1.4, 0.8, 0.65, 1.6, 0.9, 0.45, 0.7, 0.7, 1.8, 0.95, 0.8, 1.8, 1.2, 2.0, 2.0, 1.3, 1.2, 1.4, 2.3, 2.0, 1.6, 0.9, 0.6, 0.85, 1.7, 1.8, 1.4, 0.35, 0.6, 1.8, 1.5, 1.6, 1.4, 2.3, 1.6, 0.95, 2.0, 1.8, 1.2, 1.8, 2.2, 1.3, 1.2, 0.45, 1.2, 0.7, 1.8, 0.7, 1.3, 2.0, 1.2, 0.9, 1.8, 0.55, 1.6, 1.6, 1.6, 1.9, 1.2, 1.2, 2.2, 0.95, 1.4, 0.75, 1.2, 1.8, 0.6, 0.95, 1.4, 1.2, 0.95, 0.75, 0.9, 1.2, 1.4, 0.8, 1.4, 2.2, 0.95, 0.65, 0.65, 0.75, 2.0, 1.0, 0.5, 1.6, 0.75, 1.6, 1.0, 1.8, 1.9, 1.6, 2.0, 2.2, 1.7, 1.8, 0.7, 0.75, 1.0, 1.9, 1.6, 0.45, 0.7, 1.8, 1.5, 1.1, 1.0, 2.0, 1.6, 1.0, 1.2, 1.1, 1.0, 2.2, 2.4, 0.5, 0.9, 0.45, 1.2, 0.5, 2.0, 0.65, 1.4, 2.2, 1.1, 0.95, 2.6, 0.7, 1.1, 1.8, 1.2, 1.4, 1.4, 1.6, 1.6, 1.4, 1.0, 0.75, 0.8, 1.6, 0.75, 0.65, 1.8, 0.9, 0.6, 0.8, 1.0, 0.8, 0.95, 1.0, 1.6, 1.6, 0.9, 0.65, 0.8, 0.85, 2.0, 0.95, 0.8, 1.8, 1.2, 1.2, 1.2, 1.6, 1.2, 2.1, 2.4, 2.3, 1.6, 1.8, 0.85, 1.3, 1.4, 1.6, 1.4, 0.85, 0.9, 1.8, 1.2, 1.7, 0.9, 2.3, 1.1, 1.4, 0.85, 1.2, 0.95, 1.7, 2.2, 1.2];[0.04496002, 0.12209707, 0.09318801, 0.23646961, -0.16854477, -0.2013008, -0.3499615, -0.56413931, -0.38642725, 0.02289244, 0.02171637, 0.00386824, -0.11064345, -0.11257438, -0.1, 0.2, -0.2, -0.2, 0.03238031, -0.31331977, -0.38234531, -0.39524587, 0.08519806, 0.06501786, 0.03149233, -0.18534525, -0.03407149, 0.01821773, 0.03716104, 0.03882483, -0.06460637, -0.06625474, 0.0, 0.3, 0.5, 0.5, 0.11078546, 0.18616523, 0.21860982, -0.23102782, -0.19651712, -0.16250506, -0.14208289, -0.27281153, 0.04964628, 0.05546493, 0.0286667, 0.05989137, 0.07287113, 0.07216375, 0.7, 0.2, -0.6, -0.5];0.0715533000184223;0.029178099939599633
[2.92575157, -2.0, 0.98893799, 0.94002613, 0.99678745];False;[1.4, 0.9, 1.6, 1.0, 2.2, 0.75, 1.8, 1.8, 1.7, 0.8, 2.4, 0.95, 1.4, 1.8, 1.7, 1.9, 1.0, 1.4, 1.8, 1.4, 1.2, 0.9, 1.0, 1.4, 0.55, 0.85, 1.6, 0.65, 0.9, 0.9, 1.8, 0.75, 1.7, 0.85, 0.8, 1.5, 1.0, 0.8, 0.75, 0.9, 2.0, 1.4, 0.75, 1.4, 0.7, 0.9, 1.2, 1.4, 1.1, 1.8, 2.3, 2.0, 1.6, 2.1, 0.75, 0.8, 1.0, 1.2, 1.3, 0.4, 0.75, 1.8, 1.0, 1.4, 1.0, 1.8, 1.2, 1.2, 0.8, 1.4, 0.95, 1.7, 2.0, 1.3, 1.4, 0.5, 1.2, 0.85, 2.0, 1.0, 2.0, 1.8, 1.4, 0.8, 2.0, 0.55, 1.2, 1.4, 1.4, 1.9, 1.0, 1.4, 1.8, 1.2, 0.95, 0.5, 0.65, 2.1, 0.4, 0.55, 1.9, 0.7, 0.6, 0.5, 1.6, 0.8, 0.95, 1.2, 0.4, 2.0, 1.2, 0.65, 0.7, 1.0, 2.0, 1.0, 0.55, 1.3, 1.6, 1.0, 0.95, 2.1, 1.8, 1.8, 2.4, 2.2, 1.2, 0.9, 0.8, 0.95, 1.0, 1.1, 1.8, 0.35, 0.55, 1.8, 1.2, 1.4, 1.6, 2.2, 1.1, 1.2, 0.85, 1.8, 1.4, 2.0, 2.3, 0.85, 0.95, 0.55, 1.4, 0.55, 1.6, 1.2, 1.3, 2.3, 1.4, 0.9, 2.0, 1.2, 1.6, 1.8, 1.2, 1.6, 2.0, 1.8, 2.0, 1.2, 0.95, 0.65, 0.65, 0.9, 0.35, 0.65, 1.4, 0.65, 0.95, 1.0, 0.95, 0.75, 1.4, 0.95, 0.95, 1.8, 0.9, 0.8, 0.45, 0.85, 1.7, 1.0, 0.75, 1.8, 0.9, 0.85, 2.0, 1.4, 1.4, 2.0, 2.4, 1.8, 1.4, 1.2, 0.55, 0.65, 1.4, 1.6, 1.9, 0.65, 0.6, 1.6, 1.4, 1.4, 1.6, 2.2, 1.4, 1.4, 0.95, 1.8, 1.6, 1.8, 2.4, 0.95];[0.03587398, 0.06762237, 0.01475947, -0.00096928, -0.05855853, -0.11062532, -0.21641955, -0.29018234, -0.10568349, 0.04577042, 0.06510515, 0.01927819, -0.06407429, -0.06572805, 0.4, 0.2, 0.0, 0.3, 0.08601371, -0.37702903, -0.41288248, -0.53154463, -0.05428389, -0.0204764, -0.0070858, -0.3147742, -0.23968968, 0.01855579, 0.0394257, 0.03001956, -0.05938786, -0.06080926, 0.2, 0.5, -0.2, 0.0, 0.10316244, 0.08663929, 0.14755995, 0.08589756, 0.02331947, 0.00695333, 0.08997197, -0.14675206, 0.02509414, 0.05047019, 0.0545595, 0.06566192, 0.03234472, 0.03189613, 0.2, 0.4, 0.2, -0.2];0.05742079997435212;0.03735110000707209
[2.93334353, -2.0, 0.95098838, 0.96185616, 1.02049899];False;[1.5, 0.4, 1.1, 0.35, 1.8, 2.0, 2.0, 1.8, 1.7, 0.8, 2.2, 0.65, 1.2, 1.6, 1.2, 1.8, 2.1, 1.2, 1.5, 1.4, 1.0, 1.1, 0.6, 1.6, 0.5, 0.55, 1.8, 1.2, 0.7, 0.6, 1.2, 0.95, 1.6, 0.8, 0.7, 2.2, 0.8, 0.35, 0.3, 0.65, 1.7, 1.4, 0.8, 1.6, 1.7, 0.8, 0.95, 1.8, 1.4, 1.8, 2.3, 2.3, 1.4, 1.6, 0.5, 0.9, 1.6, 1.6, 1.3, 0.95, 0.55, 1.6, 0.9, 1.1, 1.6, 2.0, 1.7, 1.2, 1.2, 1.8, 1.4, 2.2, 2.3, 0.6, 0.9, 0.5, 2.0, 0.9, 1.5, 0.8, 1.8, 1.8, 1.6, 1.4, 1.8, 1.0, 1.6, 1.4, 1.7, 1.4, 1.4, 1.6, 1.6, 1.4, 1.2, 0.7, 0.9, 2.1, 0.6, 1.0, 1.4, 1.2, 0.6, 1.2, 0.95, 1.0, 0.9, 0.8, 1.0, 1.8, 1.2, 0.6, 0.45, 0.7, 2.3, 1.4, 1.0, 1.9, 1.2, 1.4, 1.4, 2.1, 1.8, 1.4, 2.4, 1.8, 1.6, 0.95, 0.85, 0.8, 1.7, 1.8, 1.3, 0.8, 1.1, 1.3, 0.95, 1.2, 1.6, 2.2, 1.6, 1.2, 1.6, 1.1, 1.4, 2.0, 2.3, 1.3, 1.2, 0.5, 1.2, 0.9, 2.2, 1.0, 1.8, 1.7, 1.7, 1.4, 2.0, 0.75, 1.1, 1.3, 1.6, 1.6, 1.6, 1.4, 2.0, 0.95, 1.0, 0.9, 0.6, 0.9, 0.45, 0.55, 1.3, 0.8, 0.7, 0.95, 1.8, 0.65, 1.4, 0.85, 1.4, 2.0, 1.0, 0.6, 0.7, 1.0, 1.8, 1.4, 0.55, 1.8, 0.9, 0.9, 1.2, 1.8, 1.2, 1.4, 2.0, 2.0, 1.2, 2.1, 0.75, 0.7, 0.95, 1.4, 1.9, 0.65, 0.45, 1.6, 1.0, 1.2, 2.0, 2.0, 1.6, 0.95, 0.9, 1.8, 1.7, 2.2, 2.4, 1.3];[0.02912501, 0.05763662, -0.05601152, 0.16582787, -0.0130215, -0.01597632, -0.08553112, -0.17775129, 0.10627096, 0.04544992, 0.06100465, 0.02788798, -0.02209286, -0.02252119, 0.4, 0.6, 0.1, 0.1, 0.03018995, -0.22788841, -0.38073991, -0.26410637, 0.01593256, 0.01789705, -0.00523215, -0.38355895, -0.1751281, 0.03612924, 0.04210286, 0.04210142, 0.00582646, 0.00530344, -0.2, -0.3, 0.4, 0.5, 0.09359349, -0.10389938, 0.00785802, -0.09669495, 0.12537257, 0.13478754, 0.16477128, -0.44374945, 0.02025772, 0.04503731, 0.06299041, 0.05352878, 0.04045055, 0.03976995, 0.2, 0.0, -0.1, 0.4];0.053400900098495185;0.031222199904732406
[2.96454973, -0.0, 0.96203241, 0.9883182, 1.01419913];False;[1.0, 0.75, 1.2, 0.4, 1.8, 1.4, 1.4, 1.8, 1.4, 1.0, 2.3, 0.95, 1.4, 1.6, 1.2, 1.4, 1.2, 1.8, 1.8, 0.95, 0.9, 0.65, 0.7, 2.0, 0.7, 0.5, 1.8, 0.65, 0.9, 1.7, 0.95, 0.85, 1.2, 0.85, 0.5, 1.5, 0.65, 0.55, 0.8, 0.95, 2.2, 1.0, 0.7, 1.6, 0.75, 0.85, 1.6, 1.6, 1.8, 1.6, 2.0, 1.8, 1.4, 2.1, 0.4, 0.7, 1.6, 1.8, 1.8, 0.7, 0.5, 1.9, 1.2, 1.1, 0.95, 1.8, 1.4, 1.0, 2.0, 1.4, 1.7, 2.0, 2.2, 0.75, 1.2, 0.55, 1.6, 1.0, 1.6, 0.8, 2.1, 2.2, 1.2, 0.95, 2.2, 1.0, 1.7, 1.4, 1.1, 1.6, 1.4, 1.6, 1.8, 1.5, 1.4, 0.6, 0.55, 0.9, 0.75, 0.6, 1.6, 1.2, 0.85, 0.8, 1.6, 1.2, 1.2, 1.2, 0.85, 2.0, 0.9, 0.75, 0.35, 0.75, 2.0, 1.4, 0.5, 1.8, 1.7, 0.9, 2.0, 2.0, 1.6, 2.0, 2.2, 2.2, 1.1, 1.2, 0.75, 0.6, 1.6, 1.8, 1.4, 0.75, 0.65, 1.6, 1.2, 1.2, 1.8, 2.2, 1.2, 1.2, 2.1, 1.2, 1.2, 2.2, 2.2, 0.9, 1.5, 0.7, 1.1, 0.95, 1.6, 1.8, 1.8, 1.7, 1.2, 0.75, 2.0, 1.0, 1.2, 1.8, 1.4, 1.6, 1.0, 1.2, 2.2, 1.5, 1.0, 0.95, 0.6, 2.0, 0.65, 0.95, 1.8, 0.75, 0.7, 1.6, 1.2, 0.7, 0.95, 0.8, 1.4, 1.6, 0.65, 0.55, 0.5, 0.75, 2.0, 0.95, 1.0, 1.6, 1.4, 0.95, 0.95, 1.6, 1.4, 1.4, 2.4, 2.3, 1.2, 1.6, 0.65, 1.2, 1.2, 1.6, 1.8, 0.95, 0.7, 1.4, 0.95, 1.6, 1.4, 1.8, 1.1, 1.7, 1.4, 1.1, 1.7, 2.0, 2.0, 0.6];[0.02817179, 0.12413989, 0.06527444, 0.20438509, -0.02306771, 0.01591799, 0.03619449, -0.39975806, -0.14603249, 0.03104215, 0.04067968, 0.02096502, -0.05572555, -0.05670089, 0.2, 0.2, 0.3, 0.1, 0.07566899, -0.28244004, -0.41170783, -0.32862459, -0.01714972, -0.00605575, -0.01174112, -0.30247966, -0.27572927, 0.03531125, 0.04391116, 0.0391435, 0.01559301, 0.01461406, -0.3, 0.5, 0.5, -0.1, 0.097199, 0.25222113, 0.2701538, 0.17725011, 0.06398136, 0.05857625, 0.09386868, -0.46847229, -0.06139748, 0.06476409, 0.07236637, 0.08888171, 0.06681636, 0.06574168, 0.6, 0.2, -0.4, -0.2];0.0540374000556767;0.03131270001176745
[2.93929116, -4.0, 0.94204566, 1.00928584, 0.98795966];False;[0.95, 0.65, 2.0, 0.55, 1.5, 1.4, 1.6, 2.0, 1.7, 1.4, 1.8, 0.95, 1.6, 1.8, 1.2, 1.4, 1.2, 1.4, 2.0, 1.2, 0.9, 0.95, 0.85, 1.2, 0.7, 0.45, 1.4, 0.95, 0.65, 1.6, 0.95, 0.85, 1.6, 0.7, 1.6, 1.6, 1.0, 0.65, 0.7, 0.8, 1.8, 0.95, 0.55, 1.8, 1.6, 0.85, 1.0, 2.0, 1.2, 2.0, 2.3, 1.8, 1.7, 1.0, 0.45, 0.75, 0.95, 1.2, 1.6, 0.8, 0.85, 1.4, 0.95, 1.2, 0.95, 2.2, 1.2, 1.0, 1.2, 1.2, 0.95, 1.8, 2.0, 0.75, 1.4, 0.65, 1.2, 0.55, 1.8, 2.0, 1.8, 2.2, 1.6, 0.75, 1.7, 0.55, 1.2, 1.4, 1.2, 1.9, 1.8, 1.6, 1.6, 1.5, 0.9, 1.1, 1.0, 0.9, 0.65, 0.6, 1.3, 1.0, 1.2, 0.8, 0.95, 1.2, 1.6, 0.95, 0.55, 2.0, 0.9, 0.6, 0.85, 1.0, 2.2, 1.6, 1.1, 1.6, 0.85, 2.0, 1.4, 2.0, 1.4, 1.6, 2.0, 2.3, 1.2, 1.2, 0.4, 1.0, 1.0, 1.6, 1.3, 0.8, 0.5, 1.4, 0.95, 1.4, 0.75, 2.2, 1.6, 0.9, 1.2, 1.6, 1.6, 2.3, 2.4, 0.95, 1.0, 0.85, 1.2, 0.6, 1.5, 2.0, 2.0, 1.7, 1.6, 0.7, 2.2, 0.8, 1.2, 1.4, 1.1, 1.6, 0.95, 1.8, 2.2, 1.2, 0.9, 0.7, 0.6, 1.8, 0.35, 0.85, 1.8, 1.0, 0.8, 0.8, 1.0, 1.0, 1.0, 0.85, 1.0, 2.2, 0.7, 0.5, 0.85, 1.2, 2.0, 1.6, 0.65, 1.4, 1.2, 1.6, 1.0, 1.6, 1.8, 1.3, 2.4, 2.2, 1.4, 0.95, 0.4, 1.2, 0.9, 1.6, 1.8, 0.8, 0.35, 1.6, 1.5, 1.4, 1.6, 1.7, 1.7, 1.4, 0.95, 1.2, 1.4, 1.8, 2.2, 0.8];[0.0196498, -0.05372701, -0.13104196, -0.0099672, -0.08267824, -0.14540743, -0.29669456, -0.27945632, -0.23045413, 0.04229621, 0.06712175, 0.03523551, -0.03173073, -0.03275751, 0.2, 0.2, 0.4, 0.0, 0.03124688, -0.15885395, -0.23185552, -0.18220264, 0.09839959, 0.08682146, 0.06259833, -0.59810907, -0.40121615, 0.04104917, 0.05038469, 0.05406534, -0.00425616, -0.00559488, 0.2, 0.7, -0.2, -0.2, 0.0922188, -0.02839396, -0.02552877, -0.04487524, 0.07615286, 0.03405457, 0.07169595, -0.26890742, 0.09575872, 0.05576124, 0.02979772, 0.05984261, 0.07002178, 0.0689634, 0.2, 0.5, -0.2, -0.3];0.07765979995019734;0.036364999949000776
