objectives;is_feasible;variables;evaluation_time
[3.8614644000000005, -1.278452];True;[3.3569948175481876, -1.7888316608056245, -3.2875696384960493, 3.702546495191962, 1.318958036857973, 1.4823206123527823, -0.322445584657439, 4.647402907503938, 1.631086344729411, 0.8310357276634663];132.83690499997465
[4.015556424000005, -2.499999999997966];True;[3.67036096690034, 2.459427000312278, 3.67218231151284, 3.1793579036062614, 2.671143177632601, 2.1018902868054923, 1.1103284671279958, -4.595229444403278, 0.43579289932242204, 4.000119904125954];136.54708970000502
[3.714653304000004, -2.499999999997965];True;[2.260474011161479, 2.685852298915683, 3.017442405830341, 0.41278205435109605, 3.23828761758368, -2.6980129073002557, -3.5575324063585265, 2.644502417679689, 0.9571533030745005, -4.186248504436785];136.9003023999976
[3.5054285760000026, -2.3633344];True;[-3.6287585293256406, 0.07853199107525466, 0.2975164905869834, 4.886623933169476, 3.0003382341794342, -1.9106892585804958, 1.838214316602369, -0.17976032371141226, -4.6393101412104265, -4.654345991545959];138.08749980002176
[3.674085912000011, -2.4999999999977978];True;[0.8278471698418999, 4.600702923308981, 2.343084609262549, 0.3768781494142095, 0.09867913439518361, 1.9882408461259171, 0.0456480711922147, -4.774578016784819, 2.062604609494527, -4.672527935258623];141.90237199998228
[3.507458976000008, -2.499999999996344];True;[1.8145661022257613, -4.636800572622461, 1.0762907331727956, 3.629586451443883, 3.555421778189025, -1.5524235908606956, -3.9663141989308848, -2.9181943705633087, 2.6846789941758544, -4.504423950138618];161.1080189999775
[3.658563072000007, -2.4999999999970917];True;[0.055089595976303585, 0.17520720473991425, -2.3891937397174945, 1.1251593078139521, -1.545559669114028, 3.6052628891445604, -0.6728008893614179, -4.115920185476558, 4.591095120988312, 1.349579164974478];156.91980800003512
[3.5265041280000133, -2.4999999999987152];True;[-1.7451761633424843, -0.037643786490583864, 0.04937209975531598, 0.5865851152544188, -3.8618654022650887, 2.3741587231258876, 3.5893916942630977, -4.637139176423599, -0.4301018805546839, 0.17648731069601542];161.01395900000352
[3.6422200800000084, -2.1865858];True;[-1.2985612296136329, 2.5895147121862845, 3.3388986566149352, 1.9790106447228446, -4.635434243130984, 3.0612537138296645, -4.772780814399541, 3.020611401604766, -2.104974228166795, 0.24376475454422586];171.45142470003339
[3.7798526880000045, -2.4999999999994515];True;[1.8104111034045776, -2.9903423007584315, -4.663923646934923, 1.183579240777326, 4.873618912967782, 4.995307186850239, 2.2857511539875865, 4.411186251813902, -4.69380004322919, 0.5814033148265132];179.57031459995778
[3.500304624, -2.499999999903537];True;[-0.6694036473264076, 0.21698500501041273, 0.9633622630719394, -2.300673053805675, -3.631122169308031, 2.19365344701999, -0.31254754083149017, -1.9284565772835638, 3.8824211322772477, -3.5630916069359406];179.10966439999174
[3.8451546720000005, -2.4999999999988156];True;[0.3023270148425148, 1.9941609651055163, -0.5704400995168744, 3.231214302247089, -2.407900135814595, 2.0787876743663656, 4.504283849296812, -3.7799326227466645, 4.7959009861183315, 0.6679947348119475];186.5853723999462
[3.420074664000003, -2.3358701];True;[0.10154596684410411, -0.4987726787249427, 3.502435465721005, -1.0305286147504722, -3.4213648825117824, -1.8567874044302988, -4.902368087657809, -3.820281257386208, 4.232452196429186, -1.1695573040449059];184.09814089996507
[3.7507093200000035, -2.4999999999991434];True;[2.716621613418204, -0.6550136696323605, 2.236333190528467, 4.513290052804621, -1.2522883913194063, -2.2058427005106953, -1.3797613701773335, 4.987179951752509, -1.8740938156341382, -0.6424883756059172];180.6011832000222
[3.2518586160000114, -2.4999999999981126];True;[-2.4384408943097977, -0.2782114568576137, 0.6848782349135165, -1.5213507127658388, -3.3428269949810527, -4.714903860285103, 2.797366435338887, -0.2821600255896133, -4.680542294586923, -2.874796953461293];206.92086549999658
[3.63670084800001, -2.499999999999239];True;[-2.8831337491107, 0.9096447292793721, 0.4834971605113143, -4.481807716767846, 3.429940686876593, 4.326790849416849, 0.6407504979910819, -0.060026262746085024, -2.1197123982746247, 0.9198423535813527];182.22011940006632
[3.897004824000003, -2.4999999999981277];True;[2.6069460098751023, -0.908633620163652, 2.431055115834491, -1.9147733922308752, -2.066259916631995, 4.319388774357975, -0.5295773440850695, 3.0579349283610533, 1.5960763756760263, 4.6247156356912065];186.0241640000604
[3.418971552000008, -2.4999999998732747];True;[0.53895592835865, -0.39206068298010166, -1.857815841571985, -4.430933437314701, -1.5740825118554538, 0.8054154850096005, -1.2331375720770001, 0.1658667834588412, 1.128717075728808, -2.0652186306376463];183.52060199994594
[3.4585645680000052, -2.4999999999996327];True;[-4.756619709518893, -3.290640301854099, -0.843442985847842, -2.060698017857534, 2.878709769871236, -1.4748487760356532, 0.08366841256916224, 2.7117215560754175, -1.043046000166453, 0.713919072058605];184.45668719999958
[3.237363720000011, -2.48605939];True;[-1.5897592482152199, -4.2401170751412, 4.278250308005294, 4.624481917249971, -2.552159467282067, -4.4401035093802586, -1.3598329917751597, -4.903485929775796, -3.727405764171202, -3.4119146614900364];214.5138495999854
[3.7700238240000044, -2.2988194];True;[-4.630564026998033, -1.485098766252404, -1.4613181110694349, 1.6540046953556438, 2.2056654858404396, 4.363164227537622, -0.31662794971952124, 4.613195025224581, 2.7395062133670525, -0.34378519135890073];171.5092944999924
[3.6059865120000034, -2.47917131];True;[2.2221017109374213, 1.9280544122545882, 1.6320453801153967, -4.248572359473551, 3.936065469668865, -2.5392463143743846, -3.0726953544778124, -1.196665588197019, 4.400028445771101, -3.3173341389914404];176.8438873999985
[3.310236072000011, -2.4999999999990306];True;[-3.250676608235623, -1.2821867116343477, -4.454691670739731, 1.2535491518668218, 2.9562791367453087, -0.4914270330109858, -4.653634881986786, 0.649958441368903, -4.419270424046335, -0.2562252179030633];173.8507145999465
[3.706621560000012, -2.4999999999986215];True;[3.4535909230807693, 3.717905971802418, 2.374080052520478, 4.065435953110031, -0.13272361090791485, -2.0186081450116964, -0.37735877091743397, -3.535927315142616, -4.2730176518689555, 1.1294471129517412];172.34424529992975
[3.561012936000002, -2.4999999999968585];True;[0.45861796496681784, 4.943038549280486, -4.084136391402731, -4.262921292690964, -0.29792758938078734, -1.5861343716570508, 3.656875581835207, 3.4433331055191196, -1.5647079319168822, -3.044322625915783];170.22350520000327
[3.6455609520000127, -2.48807464];True;[2.520728752101159, 4.269115504080631, -4.366759903953399, 3.87970363951254, -2.970190871086481, -2.9044452736925908, -3.3171819063961916, 1.0258034105291456, 1.2631572883669095, 2.176056319721913];167.87604080000892
[3.3421213440000126, -2.499999999998566];True;[-3.7496974663109883, 2.6822106280214495, -4.5113924583363225, -2.1597275930716506, -3.179390687832251, -0.16413848900006833, 1.9471554967624094, 2.258785690485108, -1.5853216477041974, -4.010644519569046];166.2367307000095
[3.407224608000012, -2.4999999999991713];True;[-0.9298253278730408, -4.054710467742062, -3.2650099340942083, 1.2463909192265454, 2.043122882066651, 0.7513265936053557, 0.0013952987943879336, -3.5660450073699437, -0.29845125806658857, -1.386301839218592];168.56439640000463
[3.463211808000008, -2.492196329];True;[-0.2081501755603865, -2.5914695410099853, 4.771435468191047, -4.122247875954895, -4.9306262335394315, -3.1840240802111577, 4.792970218356645, -0.7403521604846404, -0.515181209130084, -0.13842483663008132];166.31836109992582
[3.8466750960000073, -2.4999999999247686];True;[-0.19799074971727215, 2.434970146918288, 4.473140981150971, -1.1657341566322832, 1.2381419817795214, -3.1520403913934327, 3.50502756695467, -3.231568725815863, 4.643941753120311, 2.338903736353789];170.68195750005543
[3.556137600000009, -2.4999999999969473];True;[-3.423872221135814, 3.971502346785515, -3.0797937087216374, 4.930844872691985, -3.148256944549157, 3.8076801343346727, -2.7429023362318006, -0.04021032569360461, 0.06066338479815414, -2.8996486498252882];168.70021430007182
[3.7242847440000086, -2.499999999998756];True;[0.906681088277943, -4.581460546514703, -0.3208711124545074, 3.194856738213952, 0.4546221795846357, -3.330748469279584, 2.6819098293604977, 1.6084737565471006, 0.9737760233797381, 3.6333483675566196];169.24638159992173
[3.667598136000011, -1.7002188999999999];True;[-1.6131182919761153, -1.0682017801040056, 1.0212287327501581, -1.5368072237028798, 4.9256348677956225, -0.9130997322930403, -0.779283844231796, -2.3042357229819164, 2.6002486974955907, 2.2638583764350217];166.81629029999021
[3.769549704000008, -2.3322414];True;[3.9813723579456646, -4.867627809340899, 2.273669594704643, 1.19218691224249, -4.961728629422279, -0.13569851001976474, -0.2311329338395236, 2.419649649478705, 2.7872208390088655, 4.8582772731862836];163.16331049997825
[3.538538568000002, -2.4999999999974643];True;[-0.6939732194999948, -3.653816870909824, 2.6414172958640494, -0.4107138313791081, 2.327683730748901, -4.668495494109228, 4.746473924367198, -4.934579966298621, 3.4917614568934425, -2.2245768096822527];176.53711159992963
[3.6563572800000084, -2.2425169];True;[0.59699276969131, -3.088977314753716, 0.44151199452297973, 4.7144083817950175, 4.767964189186738, -4.60261313302092, -1.9701542626338133, 0.7977202740290821, 4.242358243671836, -3.8234384086549222];172.7215784
[3.7348140960000027, -2.492714519];True;[0.7514624677527575, 2.1212169063644373, 0.07721110919326435, -0.12316345264805761, 2.7165737656146156, -4.0417377453252135, 0.1253227358376492, 4.715946487510035, -4.657370879689934, 4.022597749626044];172.11242939997464
[3.5109927360000013, -2.4999999999991336];True;[-1.1556540789459238, -2.1732157355721284, 3.5368668997075527, -4.834947596449977, -0.7054328417106879, -0.8812535845640355, -3.8253011265680015, 3.0911678824683513, 3.336612868046217, -1.0429001982221364];168.69705950003117
[3.3566298480000034, -2.4990490191];True;[2.1936323170851244, -3.2625769161178297, 2.1000683360203, -2.2873413952788435, -3.832933937733367, -4.197050356495574, -2.804571265433778, -2.681734362329272, -1.602984168553736, 4.575011444165085];176.03219439997338
[3.9251977920000125, -2.499999999998588];True;[-1.255588923566898, 4.832468146193406, -0.36703785612268547, -1.9010174467006955, 4.462124438421231, 3.9637075624091356, 3.4529128149278723, 1.3850576656493194, -1.4307161530241808, 1.3801907922309509];166.49026270001195
[3.6047784240000045, -2.4999999999983413];True;[-2.3638765795439998, 4.8552724905874705, -2.3134965576529387, -2.8314557165485397, -1.6199807335185898, 1.3178352014504728, 3.821770120864212, 0.49791819737628007, 2.740129285791709, -4.416224741387822];169.4535145999398
[3.77908718400001, -2.2493259];True;[4.98932756351533, -2.01544850466297, 1.2559978121755435, -3.063411351322718, -4.74557599262352, 2.8935905069181302, 4.479222753769788, 3.1507037993836384, 2.3619065126409398, -1.5485921978514474];161.43167140008882
[3.721607208000008, -2.1281554];True;[0.8619162719062032, 2.5872320381458636, 0.3439790629458237, -0.5560133584600058, 1.399496003040694, 0.5033241413863685, -2.2062778464115542, 3.044576977284825, 1.793579780663082, -2.6751313457436945];168.3440455000382
[3.5452691280000033, -2.1145134];True;[4.9523638172873135, -3.5729451603745743, 1.5123152983116857, 2.8651847111650683, 4.271181518658556, -4.091955104962395, -1.103391515443748, -4.2299847222601095, -4.381649633339628, 0.7117002323272619];179.63094439997803
[3.476422368000012, -2.4999999999981335];True;[-0.44799182711092733, 3.5096438210418306, -0.3153394438970043, 3.7355117308276515, -0.8255333408152907, -4.8649272917868736, -2.0311192041015778, -1.1260209932349552, 0.5087304234655878, -4.397479718361094];173.50149629998486
[3.114267264000006, -2.4999999999977223];True;[-2.410040136513918, -2.3309886949312517, -1.4310386181891732, -4.92118241796113, -3.7268886413840283, 0.9251502224549535, -1.700288502621393, -1.0275364385391041, -2.2888138270721923, -4.109325109547369];167.5846307000611
[3.4504209360000093, -2.4999999999982703];True;[-4.181020022557381, -2.852059582512206, 0.11909295459678759, 2.711422930632075, -3.787498376968589, 0.57992632716826, 1.5750248503159305, -2.93447939715875, 3.7768557021208267, -2.465614567506673];165.94587080006022
[3.611812032000006, -2.499999999997292];True;[-1.3130794836490978, -1.6202463985617488, 3.0758745891682118, 2.6153977171451803, 4.628969376525882, -2.7503489447125915, -2.0739630101364392, -1.5674400147327705, -3.261958340099892, 2.280335266825144];170.84000219998416
[3.844893312000011, -2.3448263];True;[-0.6895836634534085, -0.8988216005009688, -0.9174659126016236, -4.565876540179021, 0.5639548605607914, 2.5605791531727657, 4.850420505014803, 1.593667267966989, 3.575753746037817, 4.731707063224693];158.61528909998015
[3.376566864000008, -2.499999999999146];True;[-2.9264895031938343, 4.765131388267465, -4.5754716755406, 3.5853549106006337, -3.8646975773452485, -4.581148969567482, 4.52305062924189, -4.979492179715167, -3.4630328010483225, 0.6393643363272874];169.29938999994192
[3.9627308160000014, -2.4999999999989813];True;[1.1194249336263473, 3.3529099583520985, 4.800056013595375, -0.8516643836481483, 1.5539253350443616, 2.996891567396707, 2.3252894473003956, 4.675116312606445, -3.7761872664014993, 0.06400949511668586];167.09772520000115
[3.6838525680000096, -2.4999999999988862];True;[-0.2877737085668812, 4.860856359997715, -4.660857218598133, -3.56845898468368, 4.3859621062395355, -0.7978217007776109, 3.111777226244431, 4.245840788277999, -4.014382685290414, 0.07360056570881746];165.85105159995146
[3.323499336000013, -2.4999999998009232];True;[-2.6223393885993374, -4.45868327432313, -2.7340940802174996, 3.4994021160060864, -4.385368337983513, -3.931189210850561, -4.5069453344984725, 3.6442072556046075, -2.1265357917642067, 4.287244684637772];170.05677519994788
[2.9556776880000077, -2.48544187];True;[-3.3771752101824557, -4.2864294105212934, 1.5709845608998751, -4.916105477236696, -4.253883655202264, 1.169072978751915, -4.477405777398818, -3.87103217035202, -3.254410206459343, -4.666684096161463];169.44448469998315
[3.8962909440000137, -2.4999999999993183];True;[4.5074800735888925, -1.1084381811059894, 2.502894090230276, 3.3048344495459805, 0.8891445698481162, -0.2960468354021364, -2.267361395458858, 2.9730981989041174, 2.762854485259539, -0.08462967902769147];166.110188899911
[3.4726294080000137, -2.4999999999975615];True;[-0.724457168174256, 4.708129834708503, -2.9623257955861915, -2.9258856820484205, 1.4192920208125948, -1.8145122322531737, 2.163787864903849, -3.694989163502899, -0.8023530877243976, -1.7967792057560183];167.17382299993187
[3.2946391440000085, -2.4999999999996105];True;[-2.603604541394795, -0.8280033566055254, -4.475011054441497, -1.897346777914514, -4.55578510744162, -3.2643921185521982, 3.910406751463098, -1.9585913881667159, -1.0137131395612409, 2.0156400183654775];167.67213339998852
[3.7819049040000023, -2.4999999999948574];True;[1.170577265289774, 1.1436699720064585, 1.5588852751519102, 2.0628247118107588, 3.0274954265227088, 3.657135170673058, -1.4898091025839832, -3.5085739189698817, 3.458339353027947, -3.192392207559097];171.34117500006687
[3.405429216000011, -2.4999999999967732];True;[0.6050701586572593, -4.125390483584267, -4.338694001480537, -1.048411829093351, -0.03403171245872638, -0.7506558017468166, -2.1276643242794457, 4.962811171399251, -4.484396898416692, 1.8001369950316413];171.94987220002804
[3.817003608000011, -2.3001426];True;[-4.519174983555488, 4.277989146242383, -2.7055831621860102, -0.45242573898958405, 2.3224846034639226, -4.865623545930972, 4.411855828821205, 4.196992839544265, 3.584276550562681, 3.2623389636886504];167.8038556999527
[3.312482472, 3.247229];True;[1.1702954752170305, -3.9885076003258533, -0.24378302533810015, 2.8528602028304313, -0.8299670193320097, -0.7888954642747059, -4.232781190499203, 0.3662936211116339, -3.3294610720633977, -4.820370186823526];173.70856589998584
[3.4988896080000025, -2.49999999999886];True;[-3.7491094154313096, -0.3643873499546171, 4.057664898485905, -0.5536067741705768, -3.867278407213343, 1.0149341871404474, 3.040314992688481, 1.162207709384857, -1.9788025338734005, -3.9763293948157075];165.55650209996384
[3.417384384000008, -2.4999999999975793];True;[1.0902342459462364, -3.5349874880537224, 0.01625877827675737, 1.646313728180652, 2.171667228210884, -3.8804523737896734, 2.897103730215327, -3.471040057709558, -1.0200735193718948, -4.902803136560849];173.17711120005697
[3.638211336000008, -2.499999999827225];True;[-2.0303703692725747, 2.1185554799113993, -1.941772250310355, 2.429019094275678, 2.5858649884169624, 4.556573462533057, -3.86755046683531, -2.257707944936833, -1.461770458988644, 1.1048738666914346];172.0514922000002
[3.980697048000012, -2.499999999994881];True;[2.27868402181075, 1.4922164930851265, -2.598015164280776, 4.263388964886779, 1.7081756192258108, 4.65174928307537, 1.7531520599399428, 3.1265041703564442, 1.112594093234871, -0.696907171499614];165.27521069999784
[3.602355984000008, -2.499999999987806];True;[0.49897432535775366, -3.4189100606733582, -2.673092569022711, -3.1787916485887635, 3.024660098092081, 4.118395603009148, 2.026781977406312, -2.1819190643301023, 0.6862143551354905, 0.6734259655821901];165.49797230004333
[3.7181736720000025, -2.4999999999983293];True;[0.6410011645402474, 1.7501078512774502, 0.45972475481596575, -4.9282514703730715, 1.162731031764661, 0.9328415675266255, 3.4568205577986237, 4.601007849457208, -2.269409404254753, -0.8689060903196877];165.20464280003216
[3.3858451440000046, -0.75204];True;[1.8584020847750207, -4.5531853496495165, -4.3879717819145805, 0.9282773746461634, 1.9006705701263744, -2.624538758121399, -3.9968436148385313, 0.7005733366059221, -2.060395334952736, 1.787098136034663];170.8342132999096
[3.7407098160000123, -2.4999999999956684];True;[-2.004926738209188, 4.568831080199816, 0.3702918143458067, 3.0580014063793257, -3.3969496785595354, 2.529957736954314, -1.4206247481536405, 0.5683491580311859, 2.416210213334187, -0.7081394456238392];165.65373339992948
[3.8552680080000123, -2.1060906];True;[0.3237044354903009, -0.7817477401017072, 2.2604874271655646, 1.250763993115827, 2.6078120984585684, 2.5303960960175678, 3.8456129260999248, -0.5846871454206877, 2.5349957922686297, -2.7027185210804383];169.39592210005503
[3.6642268080000067, -2.499999999998764];True;[-1.4676834471573463, -1.7347093156041247, -0.06085181574081844, 0.4239920781993529, 0.542864390364004, 1.8573247141020888, -2.864364960183201, 3.9309161729978594, 2.6846500710924364, -0.8719952255495294];167.82791150000412
[3.426103872000014, -2.499999999998888];True;[2.0956031459678677, -0.4186219397258606, -0.945722229762338, 1.4449943248461548, 0.058227524148256826, -3.5024356008547706, 3.628051916749591, -3.9435230873928906, -3.883209288528705, -3.1174345305924653];171.39334019995295
[3.641081112000011, -2.4999999999996496];True;[-0.7132351224169646, -3.244690266860725, 1.1532743382983979, -1.7398519435490725, 2.01434657627037, -2.5586501154711296, 4.620985843439833, 3.54027022113849, -3.583678573979203, 1.8797767179296958];166.59266640001442
[3.338145432000006, -2.499999999994906];True;[0.16845720168005318, 3.1910532636225906, -1.7007745566303214, -3.0864530589398087, -2.487907920845812, -4.672286430873779, -4.87376576028911, 2.3330849516499805, 1.4014646411695564, -2.9291170098841057];177.53755999996793
[3.475493136000013, -2.499999999998862];True;[0.5818243336695561, -4.634139961443622, 1.0130439171262537, 3.3304875243456458, -1.1895831752561667, -2.178930908165065, -2.7818201469826356, 2.2630391775030914, -2.3013581422648546, -0.4001081058056233];171.37927599996328
[3.4652311920000125, -1.6382368999999999];True;[0.2943362478675793, -0.4981412520766142, -1.7657822313459204, -0.3489715635618946, -3.782135570735875, 3.0016870789969925, 0.08622399644337797, 2.5253063566415737, -1.91129321834268, -4.373885481943285];169.8489459999837
[3.574390248000006, -0.9277820000000001];True;[3.8597378582171817, 2.2260881177420755, -4.099789769076411, -2.5762350387225954, 0.5318816952933059, -0.8415623585232392, -4.13902439067705, 2.0611911381788506, -3.31889965269355, 4.577644772983415];171.9330312999664
[3.724310232000011, -2.0200225];True;[-3.351437262070175, -0.5111163555864993, 2.7153295483816295, 4.118675527208534, 0.6661586300756559, 4.408924165070225, -3.8877375968562133, 1.452337795935299, -2.265308025276994, 1.8759513383086261];173.71154589997604
[3.323858976000002, -2.4999999999976534];True;[1.4427465059751379, 0.7753652631412491, -4.0706359489054735, -0.5557599115636371, -4.186015446800486, -0.0829884096826774, -4.635056249668047, -0.04574033329208049, 0.3315757412735021, -2.2911035219629214];173.05167169997003
[3.6107039520000135, -2.49999999999078];True;[-2.610587024100223, -2.752510680842456, -2.4886952994996534, 0.7498927881893636, 3.4743093612971254, -0.023436887398128547, 1.6628857359735054, 0.9178490650607483, -2.1317878649792465, 3.164299040181053];164.44484310003463
[3.4885140480000048, -2.499999999985677];True;[-2.2784957918681292, -2.3229854949163964, 1.3996178960111019, 1.6300766516695928, -2.939523939697506, 3.2556448960538855, 2.0044206654189134, 0.3541763775011786, -2.258942131926566, -4.538688289594583];168.36782719998155
[3.825950112000001, -1.507681];True;[-2.8306344717729557, -1.4246389713939047, 4.22862121627351, 1.9860631550364918, 4.851190240667814, 3.5112251226002886, 4.674787973674988, -1.0374759848250914, -4.5680945939253625, 0.5362458020373984];167.58344630000647
[3.8049981120000105, -2.499999999999102];True;[3.4643969021581675, -1.4478248433665808, -1.5201120640377375, 3.1124183649001242, -3.365659527770527, 0.8210789260559697, 3.5214161932125183, 1.6418724705788907, 3.037372737960597, -0.30761370567857416];160.08804239996243
[3.2883995520000124, -2.4999999999987703];True;[4.547337500613143, -0.42128326715504816, -2.2621045597488463, -3.3186147373262775, -3.728507888633236, 0.0924140213574347, -3.806761653908435, -1.7149185184114968, 0.21032027401350017, -4.5571668321086936];170.82956490002107
[3.3122183040000115, -2.499999999995677];True;[0.4965858473084017, -3.496601588276401, -3.9636342399450197, 1.6114426684810326, -4.328293958000326, 1.9825724093886512, -4.451874644483697, 1.4138637239264717, -0.11523529157189394, -3.0053983566653484];167.3895919000497
[3.783670056000013, -2.4999999999876303];True;[3.806948673712853, 3.122190982867547, 2.859922891609714, 3.0688007308707625, -0.502463761088709, -3.4490339356416753, -2.395106765494778, -0.13328514274681602, 4.292924086389663, -2.7009828393827675];171.04907040006947
[3.3874763760000093, -1.8918247];True;[-2.7994080658687945, -2.427355131291856, 0.7338346610354973, 4.94451297428181, -4.6745248380448, -0.7193009552384595, -3.364030270254985, 2.310972635869887, -2.758052879391485, -1.6190608150984098];170.15753029996995
[3.647875824000002, -2.499999999999074];True;[-4.943404409704365, 2.9474412913192536, -2.6925280687756836, -1.7531729899037818, 2.75280939269725, 1.6012419795847173, 0.30441624151761637, 3.3223994734682822, 4.445973701864165, -4.302042341454494];170.47212420008145
[3.5583474960000085, -2.0366115000000002];True;[0.8306412525371067, 3.104466046141157, -4.725168569232895, 0.7072601004392727, -0.6723304485011905, -1.3315951948105074, 1.8318701592364341, -4.84526763454595, -0.9000153191112421, 3.5384290731496435];170.41420810006093
[3.5201431440000097, -2.499999999998634];True;[-2.84428712588387, -2.304895533642709, -3.723798049040987, 0.2859564836051085, -1.1015695614383034, 2.1216334607181055, 2.621306229756259, 1.2823961473544774, 0.9693768093725765, -1.5365364285067584];164.42971769999713
[3.562982424000008, -2.499999999998752];True;[1.1684706162112573, -1.3701074832670503, 4.3182509208263955, 0.8646022476774071, -4.470277251386317, -4.753846768113156, -3.857680697881485, -0.09742863336023078, 3.029874201628971, 2.9210250553000163];174.2184820000548
[3.352487832000012, -2.0091516];True;[-3.185026851137893, -0.07378507389740463, -4.112798444291444, -4.872807099824076, 1.5060126051321312, 2.137747860593624, -0.6583931601147421, -2.2577556910982866, 2.7923114463584273, -3.2677045088175216];169.58494109997991
[3.582270792000006, -2.4999999999493108];True;[-4.28389456227822, -3.5163789792454168, 0.5584165224953255, -3.770298999363181, 4.2448286445040235, -0.7888469940544578, 1.40143175164682, 2.303993690007733, 1.9046053078125889, 0.5919822769360952];168.09119109995663
[3.6330856560000124, -2.3837088];True;[3.3981275909043553, -4.480073643326801, 4.085555175911367, -2.0043054108626945, -8.202517256528097e-06, 3.564302548540878, -1.6712964605272473, -1.4466015840153812, 1.32305877115793, -1.7703539006573754];170.94183150003664
[3.556838088000003, -2.4999999999990203];True;[2.44101873662669, -2.509373457080162, 1.4730053335111934, -0.6777627283521532, 1.8193926167711583, -2.3034656146867185, -0.09607976689897324, -1.644085184514017, -1.2804552196276808, 0.24624179446137795];168.41982780001126
[3.8009664720000114, -2.4999999999990687];True;[4.041408682074991, 0.39550767801416953, -2.760289425582897, -4.275427136740799, 3.2668500427541503, 3.8026971970283334, 3.6666297063124453, 1.8536963295247144, 2.2885242447300165, -3.5089204257718523];169.3804952999344
[3.470053824000008, -2.493521788];True;[-0.7583242413140603, 4.704505969125082, -1.9761399967307849, -3.4817352131003743, -1.4950631630990472, -2.1148041782043805, -1.4269413675583156, 2.288279821360863, -1.663266407696847, -0.6259197677379715];171.66974990000017
[3.7744243920000002, -2.4999999999980966];True;[-0.9405946013276392, 0.31737623929099, 0.6460334253526892, 1.7551326435016987, -2.879486668264394, 4.899367022901439, 4.161973091419721, -3.4495057402449913, -1.9379918556935127, 4.969589066496846];167.5239785000449
[3.5191026720000074, -2.499999999998042];True;[-3.483933664787573, -4.2751282146710885, -0.052046938212411575, 0.4261530823680362, 4.284757784706898, -2.650143880405037, 2.060353072259792, -1.797685480821165, -1.8510603067758957, 3.0601645736857837];167.36807419999968
[3.418327008000002, -2.1612231];True;[-0.47919019846828537, -2.83049265002721, -1.6047246754982156, -0.8544876217569088, -2.248137854017491, 1.1069116830285095, 1.6555968671115187, -3.224132672290313, -1.0740879937591155, 0.6086215531653068];167.7836889999453
[3.37979368800001, -2.499999999999679];True;[0.3555187492335392, 0.2979744661336188, -0.4761935796442964, -0.33777946403886006, -4.161124534799205, -2.2474133497800777, 3.034721112679149, -4.670207306400948, -2.920361811947101, 0.3967979514629416];170.5889867999358
[3.605013864000001, -2.239734];True;[0.8868494051202838, 3.6934424494915383, -1.033084068294162, -1.7566860671295572, 3.7179742708909416, -3.664317055222177, -3.4669766035498295, -4.252856522223753, 1.6237223180434635, 3.9507126824032763];173.3746991000371
[3.5709074640000034, -1.5638789];True;[-4.110166558189316, -0.6461774234695303, 0.8951262328443619, -3.4232184406761226, -3.8875751918943555, 1.3555000496262126, 4.873460275802264, -3.272717186700358, 1.5419011309666857, 4.7935971904796695];169.8528925999999
[3.5558870400000107, -2.4999999999707088];True;[-0.49371927028164375, 1.118893038725064, 4.198863744789648, 0.8243821501334931, -4.472084138525005, -0.6855703658035548, -0.40724777877871343, -1.698056968725635, -0.3009623230778775, -0.6600820714606792];173.45160299993586
[3.620462616000006, -2.375545];True;[4.633792880549116, 0.49400686811150507, 0.9779883342973426, 1.1840184517367973, -3.0063765092336148, -3.0119560231395512, 3.184964488387834, 3.3300228338974147, -4.713434932213451, -2.6590054998924817];176.33621370000765
[3.9075510240000053, -2.4999999999993414];True;[3.436101925077793, 2.218175782693894, -1.93733047091348, 4.658977786674127, 3.0544480539303045, -0.26822683038466, -1.6301015627653657, 2.6196668173348776, 1.5456189045667124, 0.007789408227180772];171.7434549999889
[3.5932232880000052, -2.0142806];True;[-3.7470643056388364, -0.8362829664307831, -3.3906723231270828, 4.724224915427586, -1.5032234745343578, 3.1398206411489475, 1.681975686110114, -1.168528643764053, -0.038390551883560775, 0.29109293885646625];169.37414159998298
[3.4987394880000022, -2.4999999999987788];True;[4.508054613794094, -2.811736836480143, -3.553054968020257, -0.8914940332598489, 1.003157148131896, -3.5366995231539198, -0.5109964285424997, 3.7554083344275995, 1.662522723506628, -4.84649550632059];176.5927991999779
[3.5358701040000136, -1.428642];True;[0.9648147550339026, -2.3473696577227443, -3.342631745793334, 2.9280677400582498, -0.5016464185507887, -2.6746809097390054, 0.5448512873705926, 1.922947657099117, -3.4853661234249267, 2.488713246215127];170.95197000005282
[3.5963773200000104, -2.3406501];True;[-3.509015364109427, 4.889934383734479, -1.0159347437983546, -2.389455150453468, -2.4702480847250974, 4.870447721331143, -2.387482483404085, -0.19379859167149238, -1.5718010825187534, 3.076262469956072];169.998733800021
[3.6777723840000083, -2.499999999999609];True;[-1.5356199912244528, 0.6278427965770401, -1.0043765733679768, 1.9303327068804688, 1.8151634670849157, -1.3887116072214054, 1.549539840674493, -3.3663256662828935, 1.3563062905390266, 3.0830803659076906];166.20188589999452
[3.531446424000009, -2.2169504];True;[4.385451211788251, -4.473013319444171, 0.8414419179546915, -3.0084224846389542, 3.391377515215284, -2.2246532515541304, -4.726798446230527, 3.986210705830752, -4.725945628983461, 2.847281929005402];177.70953500003088
[3.3115247280000037, -2.499999999999683];True;[-2.185755614608429, 2.611935897960688, -4.0792552511231515, -0.7987572847202751, -1.2930972320750547, -3.706713165938221, 3.61219528203147, -3.5448993753279923, -4.594105705712465, 0.08980932817511267];175.14617269998416
[3.621255552000005, -2.3806712];True;[2.925448119764642, -2.1724663470670746, -4.630711437056267, 0.5529318599809354, -2.8623395897733497, 4.568884273749594, 2.975588948407543, -3.3275969565878096, -0.9760150824351124, 3.3970094077211535];168.60022350004874
[3.626019216000004, -2.499999999999704];True;[1.9881941216750256, 2.7735355009266787, -3.7520789946071487, 0.2946212598266085, -4.833714527832726, -1.8656632084957292, 4.995470285701764, 1.1354630163411281, 1.9407923097342392, -2.0053761678921465];170.0915388999274
[3.5266369680000134, -2.4999999999963225];True;[3.5547499042488777, -0.09123166493998447, -4.688733348993467, 4.011382968925403, -3.3658185198979873, 4.782246713586982, -4.322086849685025, -1.6903737359648296, -1.027555615830924, -1.092360401330886];170.97023420000914
[3.619830384000003, -2.4999999999978595];True;[-4.386454749023235, -1.1187742770789413, 3.8443000406450185, -2.425235634135179, -0.2372419633276035, -0.31912696708975474, -4.423919314174435, 0.6657776660374894, 3.9416215974742403, 4.843791687936832];170.06017449998762
[3.661163928000005, -2.498654176];True;[3.7353573270393774, -0.3409068350452662, 4.723587035376266, 4.339478331785008, -4.3083111947942045, -1.3370545520618804, -2.848645946648393, 1.3382041984921038, -0.8905649915929477, -2.112808219532204];170.7597050999757
[3.9347972640000064, -2.499999999996855];True;[3.192722650276087, -2.861875665201455, 3.928788494543813, 4.108855093416725, -0.15549844673559576, 3.4989134604324583, 0.43715098594069435, 3.7842277652315026, -3.4510040139775833, 2.484258145784991];170.12908720003907
[3.4274359440000097, -2.2317168];True;[4.2205354703689775, -2.1089012167806076, -4.692593527784706, -2.445643561736489, -1.0144031705654513, -2.8294317242465383, 2.3558672728941303, -4.788007263123582, 4.571899291184232, -1.7917291071130892];174.06723589997273
[3.8318101920000043, -2.4999999999778972];True;[1.3541018838377825, -1.7405147979190394, 3.7175077642383734, 1.5616993878572956, -3.7130328577215357, 2.8671822441347867, 0.11566799469485645, 4.073747275075004, -2.3385043414614093, 4.300763414966282];171.0637353999773
[3.3635221920000067, -1.5900843999999998];True;[0.04920151184308086, -4.664420246818696, 2.917594069540634, -1.856650725851683, -4.1278210698139635, -4.259896228705513, 2.4967858998593098, -3.756388542673621, 0.9867258232107812, 0.7335224550363932];175.8821803999599
[3.604651200000003, -2.499999999998615];True;[1.2120916641790043, -2.338616783146956, -4.6483184947944025, 3.1783537546849754, -2.631091569998979, 0.903811752670932, -2.716382307771197, 1.7987457764632309, 4.619105314697373, 0.304327006918669];169.4908107999945
[3.477517488000001, -2.499999999923677];True;[-4.203347440594034, 4.797476937835107, 1.3318250142141412, -0.8528551021981032, -4.240262924744785, -4.571842430749916, -1.1264742134293568, -3.236965490878596, 4.274093222049512, 1.6245409876907777];174.37965150002856
[3.622170960000004, -2.497038767];True;[2.6671057568626777, 1.5169059230668154, 0.047355040167198936, -3.508042336065569, 0.8089130941381288, 0.8796411938584017, -2.596340840138164, -2.6936160162947576, 1.5014396579626874, 1.8697383015858007];170.22132170002442
[3.4638291360000046, -1.9201031];True;[-4.093005013481978, -0.5822266113965231, 2.7289594247795304, -1.9999110502941955, -1.197559578277969, 1.6177397763896195, -3.566840493039, 2.657685680584806, -1.5438831448658785, -0.8584841082486259];170.63962240004912
[3.964320576000005, -2.499999999998613];True;[2.1370960203698255, 1.0249405639919438, 3.321390652354477, -1.12942839278538, 2.435175397355219, -0.03936913503452111, 4.716023060864229, 1.530203331126355, 2.0319943403281284, 0.30535595287805606];167.9842547000153
[3.4350186240000022, -2.49999999999929];True;[-3.9265652218224103, -2.933065335160724, -4.5877085591013165, 3.6907835267779525, -3.263135498032217, 1.0659614376346394, -1.0851351741314708, -3.595366448752232, 3.185331274832116, 3.2775319476098694];171.3319095999468
[3.377939544000008, -0.6183909999999999];True;[2.171371981506221, -2.2774161105279003, -1.0656914706839968, -3.9152741802380033, 1.9815489162031508, -4.350016778320047, 0.11683564220613807, -4.958238840154445, 2.726938380777333, -1.2439758777655952];180.2453638999723
[3.6129268080000028, -2.4993580912];True;[0.7303231023692938, -3.4273590140396717, -3.38204035453201, 4.973399925522827, 0.6122219285898449, 2.1478124297591172, -4.863397812752934, 3.317947366638114, -4.759639075020901, 4.715858054277437];182.7001670000609
[3.802686048000006, -2.4999999999984053];True;[-4.80474922294462, -2.689575033360352, 4.6592571045299405, -0.0306262774417565, 1.2161943939991016, 3.773939366763443, -0.03952160131500193, 1.5134659200257525, 0.2993719982165093, 4.952533595423915];165.91316050000023
[3.5280189360000076, -2.4999999999984515];True;[-1.968896068378144, 2.38359881548042, -3.729680407852156, -1.195639692631051, -4.833604577064456, -2.6637554462009327, 4.394422305263699, 3.5929644389420226, -3.1216781493171277, 3.276466070766771];171.0482164999703
[3.5809585920000138, -2.2102759];True;[-3.454705155243112, -1.3922126332406304, -0.4051039680235924, -2.0084171318041024, -3.8318320177708287, 0.13434855613107555, 3.89040344471843, -3.528650408151713, 4.234559954111688, 4.946701387804367];165.9063710999908
[3.368543328000004, -2.499999999998001];True;[0.510882036133494, 4.593220927543829, 2.688744570707094, -4.128632634155688, -2.467876259383236, -1.650652166316461, -3.562593568657041, -4.838368234606439, -0.8548572973152968, -1.5387938394751464];176.74960740003735
[4.0089386160000045, -2.499999999999548];True;[4.571883449379836, -2.603251776147213, 4.196148308847635, 2.230852096989766, 1.983448383352302, 4.972803869451386, 0.965418747558493, 3.762788399584201, -4.012057292313652, 2.330973547492184];173.95760239998344
[3.5251593120000093, -2.1002887];True;[4.158547670792579, -1.8856935180998278, -0.2637723894042807, -3.143556718234998, 2.7441216230390095, 0.27121759097016707, -0.7572023530292089, -2.8998043541386798, 0.43240085418788254, -2.654425833429851];173.3972854000749
[3.37570329600001, -2.4999999999976588];True;[-2.9933327481644834, -1.7963606457189685, -4.951161479134036, 0.16408836220813772, -1.3488020483091367, -1.4551147055879312, 2.811450532769576, 0.967241291420815, -1.4171473772326184, -0.8983022279362594];166.17237579997163
[3.6423786240000062, -2.4999999999985456];True;[-1.636825575897154, 1.8851984528615056, -0.5205736403508565, 1.3324612610978477, -4.641699713912779, -1.8357649730998205, 1.7214624407264587, 3.0687289515977394, 3.7230340242765934, -1.6673783067924433];166.876391400001
[4.21728724800001, -2.499999999998434];True;[4.747059482152647, 3.9414182876762105, 0.9739977256132413, 2.4650048942732328, 1.8581279648253055, 0.5386027844848309, 3.550098857938954, 4.429493748155199, 2.238851991451453, 3.3021719589036103];161.30534550000448
[3.4913000160000096, -2.499999999997138];True;[1.7398632653872417, 3.7290694239922946, -1.2149036877348518, -1.2547811918251153, -4.491837661998215, -3.728502498845363, -4.782905844752364, -0.30096940287226204, 1.3027927158657118, 3.436425385613953];176.34396819991525
[3.7806521040000125, -2.0761571];True;[0.6558261179829135, 0.4941942922720335, 0.934786243598583, -3.378247219738395, 4.347016033014269, -1.2293815917244197, 1.2385357350183206, -1.350994993998702, 2.041697750553217, 4.076743360982922];167.74741140007973
[3.4328065680000046, -2.499999999999399];True;[-4.455592784805243, -3.7936239682473616, 0.5651121340535088, -3.7190117535971225, 2.725467068248663, 2.362905411703834, -3.7101856336378725, 3.827925311916836, -0.9237028240639988, -1.1530413728353528];170.1953177000396
[3.590842752000001, -2.4999999999977316];True;[2.216461676343176, 0.3659414694808847, -0.18323146515397326, -1.5075695817066235, -3.917221471638922, 1.8508911573366316, 0.9072011561813138, 3.0726386676263466, -4.856795219800347, 1.094385886167589];171.15603079996072
[3.8474606880000013, -1.9576834];True;[2.339085110596619, 2.1288614645045625, 4.651450117258809, 0.6420866811606185, 1.6974042472666095, -3.5731866280711158, 0.8864011204334998, 0.48435670649426754, 3.4528705230985803, -1.7861414459293954];171.56841690000147
[3.6667844640000116, -2.4999999999985785];True;[-0.7974141993729216, 0.8189439402520957, 3.467372636847788, 0.9804273979928464, -3.9404943796694845, 0.6690598174433742, 2.96930390525159, 2.4972873099088586, -3.7098010063342626, -0.3961454422464028];171.92785790003836
[3.9831819120000054, -2.4999999999998543];True;[1.7693048485759144, 0.9734272524478715, 0.9507520083180054, 3.935657893051971, -2.177271085231948, 4.873864210975764, 4.990152694119262, 1.2748327268603896, -3.234796813942322, 3.850644832177702];167.62727300007828
[3.5693591760000003, -0.025415999999999883];True;[1.4763070839105508, 3.1430328942322188, -3.319317232782323, 2.149546054275513, 3.9031153807744268, -3.4168186652095365, -4.55018863632298, 1.2190562440400585, 0.0929336994403771, -2.649546818837112];177.29514870001003
[3.4970587920000047, -2.3344337];True;[2.0529014032327915, -3.9717062983152207, -1.1300659169422356, 1.9003175805147237, 3.3686833617391176, 1.5545947803021107, -4.147981840439767, -3.529962455480579, 2.803535307684884, -4.19942190295721];175.1148767999839
[3.474507744000002, -2.499999999998857];True;[-3.264155917016789, -4.715515372603987, -2.135269693475186, 2.793200319082022, 3.2284478347968655, -0.8993408581129012, 1.21546879251766, 4.685843665799581, -3.4579312013863692, -3.7939090903600095];176.81346849992406
[3.702665088000004, -2.4999999999982943];True;[2.840539715329937, 4.8881625270757585, -0.7812966252863829, 4.809431882814083, 0.8404666447013733, 1.9613219803252404, -3.9303577062063653, -0.30094037504511206, -2.4845834189897054, -3.6230570796310935];176.1684968000045
[3.4702637760000017, -2.3542024];True;[1.2121237626870958, -4.565715742050319, 0.9901848415287073, 1.5526756796788437, -2.3997656037305424, -1.9346399340460696, -4.469775377507559, 1.4890792695655852, 1.625883348922259, -0.039686576995031864];173.09213540004566
[3.373953480000011, -2.4999999999966325];True;[-0.8412836790296918, -2.0891103072857042, 3.764263405222696, 4.788735923946682, -1.4479739085902388, -3.6828321649197147, -4.329742139298011, -4.0041126741345066, 0.8609952539105752, -4.017391678484918];178.3634797000559
[3.6748069200000093, -2.499999998530164];True;[-1.9136346203174148, 0.10733300268477297, 0.7653699817737802, 2.625678791046669, 2.1085504481449817, 4.697964514534958, -2.2507143013947575, 2.25812890056008, -1.49839682565857, -3.970335882017194];169.89294439996593
[3.472297848000003, -2.499999999999471];True;[-0.12603219672685917, 3.1483630137119647, -1.8790718357799463, -2.9254492899909246, -0.9138102670450827, 3.656114029671347, -1.676875789909933, -0.0026515082463509643, -3.2233842812354996, -2.5026873093708133];170.69726660009474
[3.6696544560000097, -2.1810026000000002];True;[0.33482925317544066, -1.552793175160485, 3.994222891267812, -0.41229587522185795, 2.1568822064233553, -4.918411184623115, 0.6354550693639691, 3.746869415819127, -4.278197695449888, 2.9848437127058034];173.97643989999779
[3.52157738400001, -2.499999999998367];True;[4.128359665300724, -2.579503698079214, -0.10074763692974997, 2.5135466761709226, -2.1964071086211936, 1.203806441177317, -0.1511404175723241, -3.5216763654640992, -2.6499145545543232, -0.8103346587285642];173.78365919995122
[3.836509704000013, -2.499999999998841];True;[0.5350885558613623, 1.1269409059578326, 0.25659338279464894, 1.0906623869591057, 3.4437722285002046, 2.146786653035095, -0.27827158639452243, -0.1697444721076078, 1.3236890165474975, 0.9406610191935316];168.22572340001352
[3.734732232000007, -2.4999999999976006];True;[4.631244076529594, -2.8412834189236302, 0.4513905504644704, -1.6525374936079027, 4.961991755915987, 2.0860953355754983, -4.412182122579806, -3.918276879954571, 4.257852920195907, 2.1399701944208873];171.269307199982
[3.4217028720000124, -2.1782608];True;[0.5062181882261108, -2.7063311299594983, 0.23995388362518888, -3.6963868855005986, 1.7201173269291878, -3.0662237572872653, -0.6307616964830833, -2.3453756704926776, 0.4678607672729571, 0.7230991107422096];172.35052780003753
[3.942849960000008, -2.499999999999658];True;[0.4530135675331115, 3.5389244737660945, 3.816924146962158, 4.163244658986919, -3.934296127371918, 0.04921927873601639, 4.459775110313405, 4.590209998408362, 1.9332571651939476, -3.7309274680551354];168.18200140004046
[3.358560024000007, -1.7663671];True;[-1.3485179893619081, -3.823207216496761, -3.426930604917234, -1.4430080258341302, -2.540396459845989, -3.6050514655807167, -0.20700100803649413, -1.557381870341381, 3.5580636751532086, 2.682265299922541];167.63665750005748
[3.7116459360000134, -1.28846];True;[-1.4881710518941849, 0.7753808589003253, -4.283179482579919, -1.567248229943068, 4.275707608856457, 1.3465808110407975, 2.9863276555082923, -0.703870782957253, 2.558562110993864, 0.735361203400636];166.2144443000434
[3.802692312000006, -1.9602678999999998];True;[-4.953071976033114, 1.4111061026239984, 3.723833387610277, -3.7254149010280235, 3.783578210605734, 3.1557023944704294, -0.2501584208625509, 1.779025368479493, 3.4719058763168853, 0.45408131694667286];162.89149399998132
[3.568100328000007, -2.4999999999982347];True;[0.8794212708714859, -0.9393021743740801, 0.48706395474583, 1.688823556708111, 1.2408015818319402, 2.0241467848228476, -1.5037621897715434, -1.5235212180741442, -1.4418652606268454, -2.9219898320957305];171.19176539999899
[3.7066064400000096, -2.4999999999974123];True;[-0.7513258837135233, 4.120265635974418, -2.980603096037621, -0.09504814612559453, 2.919104323754384, 2.6334687746930188, -4.7323918714256035, -0.5896922774849234, 2.644612002366995, 1.233745654277346];175.60223990003578
[3.2503312800000046, -2.4999999999991664];True;[-2.12539506780552, -4.126913355704291, -4.683624805089375, 2.638005555155062, 1.4355333401381634, -3.819451576279146, -3.1585051261167987, -0.5889789320811101, -4.784129106957109, 2.4917403529912088];179.6477648
[3.6665546400000135, -2.499999999999187];True;[-2.9913054843227216, -1.5303579421783131, -0.03262952698305632, -1.0184945820303817, 3.2023455641939744, 2.9527738311663443, -2.820362765290537, 4.793294707238527, 2.6586663461481397, -2.6660344167141226];170.57907550001983
[3.8101086720000037, -2.499999999998874];True;[2.987972799231626, 1.5782574504485023, -0.5834243366383793, 1.8225257271200643, 2.7345610181172546, -3.975066654654098, 0.04515084278740744, 3.7643813380967313, 0.9423359521397057, -0.12274107444985827];175.01027329999488
[3.720903696000005, -2.499999999998046];True;[3.6027740146957914, 4.390286082107215, -0.15984317542334647, -3.7164547109800186, -3.7546409486198975, 4.514498185245621, 0.8710049161029048, -3.7383571074902333, -0.048586204296393376, 3.103373832897713];170.80842080002185
[3.694926888000008, -2.4999999999996336];True;[-4.398915148139389, -3.201320060311934, 1.3417889507763832, -1.6543860143968239, 4.540628371267168, 4.693405131353186, -2.370674036537166, 4.872699035920963, 0.8493467623953599, -0.8111444983517409];170.3544093000237
[3.874555944000005, -2.4999999999994333];True;[-1.836241681261165, 3.066135469534135, 4.561835995033082, 3.380417092343265, 3.3071345375781966, 2.064069267092022, -0.6818126315663893, 1.7111899863444737, -0.61657956304912, -2.778519784585629];168.03946090000682
[3.7727607600000073, -2.0297535];True;[4.982850159496877, -2.7762117673385687, 4.397809063784775, 1.4737682843248257, -2.530252156534604, 2.573967676546806, -1.7345852349388924, 1.4359252459037428, 3.6122465927583676, -3.970649968630553];171.57745850004721
[3.280305816000001, -2.3053026];True;[-3.7918303144791974, -2.0664289771177247, 1.613210865553194, -1.9500924535728101, -0.15595911704963505, -4.438727902450181, 0.6606070978225436, -3.0421282712992106, -3.4712473976361613, 1.3085957813333406];174.13691929995548
[3.0299827680000115, -2.4999999999975184];True;[-4.7688400822991355, -2.9847508155337565, -4.213598709363586, -3.514946052154021, -3.54155648158942, -4.638521677010965, -3.4483911162560488, 0.44534030510031464, -1.4825954910725638, 1.2248463472263413];172.77494319994003
[3.430904040000002, -2.499999999962055];True;[-2.743441488645998, -0.9563155047746132, -4.815535391233445, -4.443992831438603, 2.499349527236201, -4.625484075559774, 0.29960109022053416, 2.5096948897210627, 3.3651753072801487, 0.5490917565803155];172.07131889997981
[3.764559024000011, -2.229922];True;[-4.197413652335492, 2.044836511937903, 2.7530114169975404, 4.897125619800809, 3.21155234906451, -1.0558667561499746, 4.499250788280362, -0.699637429914155, -4.43560628714531, 0.06787868827515364];174.38799760001712
[3.762837072000008, -1.5292268999999998];True;[3.7557809715485124, -2.7714590480415846, 4.813158189063735, -2.6222543922531516, 3.6386286738774647, 4.27594214101698, 2.7371940181625067, -4.294763349710188, -1.388153508516715, -1.1386640941040183];176.79736880003475
[3.728854008000007, -2.1593418];True;[1.7534370827161805, 4.813364305921938, 4.190176649061923, -2.4205168908167964, 2.8740530350104185, 4.287244346066583, 1.7860965065193621, -4.367975393495365, -3.9531601482297263, -3.530569922672986];176.02225349994842
[3.383977608000008, -2.4999999999993388];True;[-1.7254859657734753, -3.2990499934577944, -3.5027787576101757, -1.0469816349210816, -3.9327056440586547, 1.8998251301039684, 4.209846682030049, 4.539109807625174, -4.160528102000752, -3.5156434406072643];173.42283110006247
[3.476466216000007, -2.499999999998994];True;[-2.7572677802519028, -4.958795766250845, -1.2142518321718887, -0.22746714220640651, -0.8757103956174985, 3.589155229132704, -1.8665525462279486, -2.031873880651913, 1.0922588774115933, 2.998036972351872];169.03321749996394
[4.293468504000003, -2.4999999999989537];True;[-2.1347033019803607, 4.70178149629867, 3.8963981539163726, 2.980413071080134, 1.6422215577791421, 4.7400740756251185, 4.909815899567118, 2.160810022644542, 4.665597677183035, 4.009333651019345];162.8820035000099
[3.6177941520000036, -1.5487457];True;[-2.647094790388582, -3.0738567648897397, 3.19008344094968, 3.69827769608613, 1.5695583995945341, 3.0126563524712893, 2.108991691701525, -1.0898038345282792, -1.5819909225378725, -4.896351199315415];173.83185130008496
[3.853331784000005, -2.49999999977399];True;[-2.3370288472959952, 3.433964644444165, -1.5339142118350457, 1.2502817402614577, 4.430383776307295, 2.4660726844070506, 4.225585530030386, -1.810122988798526, 0.4792071458539118, 0.5905566481022175];169.54966660006903
[3.7590678720000046, -2.499999999996699];True;[0.31038692414634195, 0.7872562174005759, 1.6365982018881011, 4.476677448628273, -0.3110089557462157, -1.4074944758071997, -2.87637511493961, 0.2640494730401066, 3.0579823736451157, 0.8928534287817183];170.30547109991312
[3.739608864000002, -2.4999999999994174];True;[1.7433541226440745, -1.2185327929613123, -1.2297789448422938, 4.348837209280402, 2.763419580183558, -2.730644357797499, 0.2641267117495607, 0.3584256898089748, 3.1618027895622944, -1.5309427253699228];173.28541349992156
[3.266783784000013, -2.46793972];True;[-4.147709182684196, -1.4370326660462052, -2.6736891937040186, -1.963099512432481, 0.10680100264265491, 2.1575993673836047, 1.9741778635887748, -3.678289521833731, -1.424196463560834, -4.874562157143474];174.96218480006792
[3.4287930720000026, -2.499999999994581];True;[-4.4137216276518645, -3.5185255222095346, 0.832848199899523, 2.3893113372128667, -1.9479452514620443, 4.601728352802535, -4.148405291599644, 0.2392052199717174, 1.209907441371695, -3.7039648624277];174.0105193000054
[3.516357744000012, -2.4999999999808944];True;[-3.9647575120642085, -3.77923129542033, 3.584649923036741, 0.7118829029643212, 4.531066966697429, 4.64299596743383, -2.5463485505802277, -2.9203572618549067, -0.3002855965441418, -4.365277191426746];172.3827398000285
[4.101688152000002, -2.499999999998543];True;[1.905088477982284, 3.7115699462759526, 2.0354552508308714, 4.745886716830222, -3.1314305114808514, 1.7313536950616015, 3.3213524101126026, -0.6427552511651893, 4.2431891108236, 4.773292026177881];163.41071710002143
[3.564398952000003, -2.499999998720242];True;[-3.914452169398163, -3.30638957970528, 4.074725228927331, -3.240434503827897, 3.5397544158475895, -1.7062756035548512, 1.0444499551977486, -3.1832498029567535, 3.8134214919444833, 0.6969318615488849];169.70562119991519
[3.706861536, -2.0813284];True;[-0.2334162502515511, 1.8768974960754914, 2.897370784618607, 2.589920911813943, 1.5498823716556736, -4.24710302578844, -2.6423798077451908, 0.8820825512072394, 0.5596175474462832, 1.1810712229351248];175.5276082000928
[3.2179008240000027, -2.3159381];True;[-3.739836223713333, -0.4217015653937821, -4.026961935897553, 2.4443762375157156, -3.726177863068666, -2.5540075100367066, -4.221102866903942, 1.5225949788775583, 1.4810357234276674, -4.98132057740169];177.32913179998286
[3.41752176, -2.45585302];True;[-4.674148261606595, 1.091188828497387, -4.24245468049116, 0.14382233616249795, 3.259976105039005, 1.7414839618413547, 4.627112895410109, -3.042283203570463, -4.118162462365632, -3.767931367086552];177.84972070006188
[3.5803181520000087, -2.2003242];True;[-0.07150619848182771, -3.5741556989338052, 4.665093639058883, 1.3757957531021727, 1.0737879095772858, -4.833886984074098, 1.3962314170855965, -1.5642609798986684, -1.8956768220969202, 1.9840566312642292];176.677763100015
[3.3737776560000126, -2.3445055];True;[-1.6960187373788447, -1.7154608962362405, 2.8844449356428035, -1.0194873958345676, -1.9051796406666597, -1.4244765800089345, 1.850387819628164, -1.9770451404859637, -3.8340122093689932, -2.169776524098792];173.59299150004517
[3.56674060800001, -2.499999999999227];True;[-3.708041533474349, -0.12274347391974327, 0.44106765537867165, -4.852068331828522, 0.6304490759027006, 4.941371781274974, -1.5392919947097439, -2.834837340150721, 0.8392897509075485, 4.1316924924161285];170.07761929999106
[3.473042400000001, -1.9683791];True;[-0.2890043057772633, -4.400528865707671, -4.481558608751283, 4.487414050967963, -3.7393733737686397, -3.4611374096337966, -2.51811827835015, 4.216966929227402, 0.9925714091664943, 2.7817509875439574];171.0484892000677
[3.5042630400000108, -2.4999999999987894];True;[4.704185326008471, -4.643718360016864, 0.3814097027886465, -2.963900857395746, 2.3684944827223875, -0.0577331871163107, -1.2754461604324652, -1.9402762557928046, -1.6953750321586023, 0.15676330458399423];171.68248489999678
[3.8925228240000025, -2.4999999999993214];True;[-0.5769710367856105, 3.319785728696793, 1.6583322606854702, -1.212144642241415, 4.999914144082174, -0.34117240910247304, 2.301526448035064, 1.6683564521950984, -0.33224265331026626, 1.5240201080405544];168.60766500001773
[3.894584544000004, -2.499999999998963];True;[-1.7068150205848607, 3.0931740767599845, -1.8072389078701656, 1.350185810418271, 3.9055341089154467, -3.4966502838260185, 4.5512838091973755, 3.2849951641080395, 2.275124971522585, 1.6552489591505948];168.4117931999499
[3.888113400000004, -2.1798125];True;[-1.853182898165243, 3.6404717365057113, -0.27772595757872054, -0.09227776500675766, 0.4852274920547037, 4.2988047679100365, 3.872539118436084, 3.606870634130086, -4.292377716006525, 3.416889697906555];167.09556640009396
[3.407410368000005, -2.4999999999923554];True;[1.2712745248176462, -3.115509350364994, 4.552565375469502, -3.5740612986048736, -2.7222641281809166, -0.33042772612953186, -4.869024654384479, 1.0014418395158353, 1.172921569122086, -2.8364266505320437];168.84471360000316
[3.6311440320000026, -1.9173434];True;[3.7057101862496626, 2.46865522693005, -2.926592476942128, 3.1378884016889366, -1.7552318871448147, 0.11870021504481798, -2.513879462216957, 3.9732117236303637, -0.34779203413222515, -4.952163797458551];169.1461620000191
[3.7019771280000087, -2.4999999999958713];True;[-3.434383871179083, 1.832990167562988, 2.8860933734120984, -0.34383681810192446, 4.920020737354211, 2.1208197336001167, 1.4789107067330107, -3.898730315403541, -2.533254330958692, 1.1592414577281884];176.0002439999953
[3.665336616000006, -2.499999999997152];True;[-3.091680670833611, 2.5411920106096817, -3.240780330757247, -1.637841850379175, 4.860739389810467, 3.6756732232204836, -1.9399560707670305, -2.8938220460854414, 0.9253317037379301, 3.2926801669273242];171.3717077000765
[3.792538800000009, -2.1483232];True;[1.8453939327967515, -1.315315035355058, 0.17474357554131892, -3.059899760663467, 2.9905128728686297, 3.805503373317684, 4.965281419545027, -0.5153149924188272, -4.406773306568561, 3.896347643727326];171.08843770006206
[3.240443880000013, -2.4999999999871534];True;[-3.101319162041929, -3.6239707163238197, -0.38043885680147493, -4.988078545660101, -0.6948437890736372, -2.9891401794859673, 4.460508683128721, 1.0715867145389337, -2.0806079329741047, -4.8531527142476625];176.08273170003667
[3.317040720000011, -2.1751725];True;[-3.405839155545544, -3.447229681721957, -2.402986658234665, 4.722157474919387, -4.5390234466108055, 2.781412826993103, 1.10710299979079, -3.7421276475545273, -2.3546152713775603, -2.352159412708259];175.15182899998035
[3.388083768000011, -2.4999999999981677];True;[-1.3212499579189787, 3.603358078123053, -2.71182282436655, -0.7113261333180994, -1.4693137673355814, -0.7876958086252976, -3.140790843525727, 1.7019282431420741, -2.984718746373799, -2.5226323920479965];174.55898759991396
[3.716371584000011, -2.4999999999989764];True;[2.175831243717634, -3.9940294068868387, -2.45319785132893, 2.7875632774479513, -3.1542828859907757, 4.0825251837605485, 2.949435725661102, -1.0068814408458082, 3.9998766010905182, -0.5326051237604794];167.87203199998476
[3.7929608640000083, -2.4999999999988223];True;[0.9706024265920385, 3.686831041828256, 0.7792531544961516, 2.28631975563677, 1.173136204036699, -0.25100669301207557, -0.6978581097976093, 3.6949627163664154, -2.298915164402767, -0.9432918932479399];169.24034440005198
[3.3618810240000077, -2.3450251];True;[0.3523922954429084, -0.6214036163279255, -4.033247820149574, -3.0310660959778035, -1.108134425500369, -2.83493416836475, -0.38118881153137885, 0.8341015785039998, -2.3451866570895517, 1.6113045756968276];172.68910319998395
[3.563391528000004, -1.8778321999999998];True;[2.6697411844521106, -2.5873282436800906, 2.9994058985106555, 0.6288425968366953, -4.986517600272733, 1.3316084937834454, -0.24349572101689443, 3.591423682988692, -2.4097682113107233, -3.2220698814932947];169.9328530000057
[3.37708288800001, -2.4999999999986584];True;[0.3786751335040872, -4.572362607168019, 1.6736027032018272, -0.6181092042498273, 3.6677526214124363, -4.515874519128664, -1.2434450805554609, -0.8048635369249446, -2.7736118455048366, -2.045332399800942];174.2582464000443
[3.48487725600001, -2.4999999999975837];True;[-3.684320621577286, -3.2078633800673098, 2.258307787367558, -4.204829327623684, -4.312191140114252, 1.6098984275912995, 1.8797242725796774, -0.5083600160193242, -0.5991140758258684, 4.905657917436738];167.2896716000978
[3.793081824000011, -2.4999999999990323];True;[3.8359061284355427, -2.4625487148493344, 4.21339270121525, 0.6035859640295502, -0.23760448501117892, -4.500202365135786, -3.45564453670383, 2.550100336479691, 2.9335773870291826, 4.9250755762113805];163.60771359992214
[3.9965361120000016, -2.4999999999990155];True;[-1.8639804659647807, 2.222021163407618, 2.442711040317339, -0.7709990547296623, 1.3369613952264858, 1.9628461599952596, 4.9278372341625705, 3.9606274624210016, 4.766818120679851, -1.160024332477069];152.90073999995366
[3.6652746240000007, -2.4999999999964753];True;[0.6792590706326234, -1.0141068684004617, 2.1976327236957607, 2.9461372321756594, -0.5555969095845441, -1.5640528497743067, -1.3158610983177743, 3.7644948607867654, -3.862753026591439, 1.213473782125698];158.69068630004767
[3.709032120000011, -2.499999999996411];True;[0.44929873620974625, -4.341790808432361, 4.810384771359534, 0.6952354871321242, -2.425461729246645, 4.346034784430909, -4.504907834033588, 1.0483222173442162, 1.434838620291556, 3.002489043184763];156.10616099997424
[3.6747600480000058, -2.2758979];True;[1.0168858916841153, 4.012818799623833, -4.764255866930523, 0.6410448657117076, -4.878160631699918, -2.3199338265943314, -1.4632466758872429, 3.615829902322945, 2.123279301859923, 4.9435103312988495];156.3265738999471
[3.689543304000009, -2.499999999999244];True;[-4.500959150567931, -2.06286872647092, 1.393990290623771, 1.9727978706017453, 1.7304905031335416, -1.2076815989422096, 0.002763597788963068, -0.30956550461687105, 4.2276839723992055, 2.365542370264464];167.15207690000534
[3.8756417760000135, -2.4999999999984674];True;[3.3180979399725015, 1.8534669985743877, -0.9038261821661564, 2.70851024208649, 0.9045076502611362, 4.474489336741378, 4.063007926715564, -4.644473391202094, -2.0101269153658343, 2.464223134988069];169.67562230001204
[3.879949680000008, -2.4999999999988263];True;[4.249331167761406, -0.46545035368524346, 2.2677048713195846, 3.4792889822314432, 1.9194576256616553, 0.6960932577105607, 3.324741927737602, -0.7855479735222204, 0.38053847812594466, -2.6388396261136626];167.84627249999903
[3.535872048000002, -2.49999999999331];True;[1.4766410501990581, 3.5395758434085494, 1.6736652620778, -2.391551478650639, -2.752807879350775, -3.152101779464076, 2.9191742787987174, -1.4686741077786456, -4.6028681027454805, 1.256725927509228];168.950933599961
[3.6588838320000123, -2.2606305];True;[-3.8555720644197744, 1.3656730969284787, 0.8362025484833149, 4.574753836448725, -2.4003190295065933, -2.8728448106662894, 0.2537693993538248, 2.2026193240936722, 3.6682731331959957, -1.579778562153582];166.68068009999115
[3.6689410080000124, -2.4999999999971743];True;[-2.8558069345396353, 1.1319145736486984, -0.2208255702207449, -2.975534052244897, 1.1399034660412237, 3.767773083249722, 0.4485850225805077, 1.944618774960155, 3.0050071008458463, -2.727255019852789];168.7727956000017
[3.7312094880000006, -1.7577238];True;[1.2733332381538567, 3.502158605391722, -1.6464844984897975, -4.286339192436033, -1.786786099573856, 0.12429428443763246, 2.439998682849555, 1.6365601676287147, 1.703416966960413, 2.5810531419122684];164.04636819998268
[3.5789415840000034, -2.499999999999378];True;[1.2884909588998603, -4.476356610836113, -2.142882468650976, 0.8677290990134257, -1.2009932639013998, -2.5446982334449553, 3.168990299916304, -4.608028180650482, 4.338077601574319, 3.801410474618777];167.30514299997594
[3.6680644800000106, -2.2002231];True;[-1.2650858396767548, 0.8584939845320738, 2.042731189514609, 4.704767379166068, -4.227117814781467, 0.1010177747726102, -3.3107998564577312, 2.462808376422977, 0.8128568357170893, 0.4381047399961604];169.289477000013
[3.5560794960000086, -2.49999999995682];True;[-0.17449231967760426, 0.10750093386162707, -1.5752813433090394, 0.30136940502862863, -0.5690044295608132, 3.107748609348633, -2.8392458549473263, 3.9627592696545673, -1.1254996176368581, -3.7625185918146276];167.23841360001825
[3.768127992000006, -2.2012753];True;[-4.658764637259063, 2.9454061010422627, -3.174586511517059, 2.685668133304543, -4.280574961728022, 3.0935520699024153, 1.5033690068222878, 0.8153174540381256, 4.196622086728201, 4.124360920973908];160.02986380003858
[3.493648152000012, -2.499999999999128];True;[-3.326139502458477, 4.256244737840596, -3.9758910440826267, -0.4783180616324305, -4.49960769225121, 3.4153918427924026, 4.073942881655761, -1.3785271615033254, -2.783999457417141, -0.7601412478165495];168.3378047000151
[3.723976512000002, -2.4999999999962954];True;[0.6244873357657905, 1.3817426558843682, 0.35644352324191964, -2.787123686060503, 0.008030560988014912, -0.07591645903985089, -0.3567630821559895, 2.884941935983706, 2.5462042406892653, 0.6242451420055488];166.00688700005412
[3.3255653760000117, -2.47329017];True;[-3.5483822406487144, -0.6498496966482019, -4.223765307620019, 0.9510482737605521, 0.03325897290289426, 0.03841071055529177, -3.748274208179765, -0.07943893887577325, 0.2962538104204562, -2.3078694099669192];169.15546819998417
[3.8671974720000115, -2.189572];True;[2.543639748537303, -2.919024193963912, 3.089825830882136, 1.301892615140238, -3.6633842429850683, -0.8654630271670092, 2.8651716435668124, 4.529007754700423, 4.960576262713348, -0.005307373459777054];164.09907619992737
[3.297360960000009, 1.5500429999999996];True;[0.799141692863163, -0.326775833026681, -0.07460103663464679, 3.9753235281759807, -1.9580475871010892, -3.4801891942933105, -3.291788042175925, -2.839384929690448, -2.466620741946264, -4.881453716229014];177.6217257999815
[3.6752456160000087, -0.4680040000000001];True;[0.7703792004290131, 2.817732613950116, 2.742470778479369, 3.360165553901483, 2.1803919234131666, 4.1876282726194205, -0.687462219761005, -4.589678722364359, -4.083260141878558, -3.7480973089271497];177.73854370007757
[3.7195813440000087, -2.499999999997918];True;[2.9467458540779443, 1.2529048183057352, -2.151015026315093, 2.7515956005496625, -3.067893811929956, 1.0597023885289838, -1.4792421238638385, 2.8985979382555946, 4.065409314153518, -3.273982804711999];168.45954280009028
[3.506198616000003, -2.4999999999983924];True;[-4.698403254422851, 3.3628034119074837, 0.36939089440723727, -1.2425301489469653, 2.676214474690224, -1.269653070989155, -1.1449102279720358, -4.607037020521854, 4.343846393560325, -2.665703599813191];177.5186415000353
[3.7824744960000127, -2.4999999999996128];True;[-2.644754359671717, 1.7644146455553464, -3.6954515325528137, -2.018931102901962, 3.091068859778357, 4.223507120005079, 1.3380280165962937, 3.450515035166987, -1.4821075969829858, 3.888225714819301];167.42935390002094
[3.333964536000003, -2.3332481];True;[-2.519463735248139, -3.3066342115376712, -0.4097746253041752, -2.272963469147485, -4.969707325955294, -2.204086240264762, 1.4251658409436319, -0.9272679614372716, 3.9316371053090133, -1.5966706552188414];168.98019079992082
[3.2858468640000056, -2.492440407];True;[-4.908751546114738, -0.4231634741842063, 0.7522768792530492, -1.4064303311177637, -4.582186529737341, -4.319819207765003, -1.696743301595819, -1.4084892455355824, -0.013510318244481567, 2.9293520964257507];169.9949837999884
[3.6179036640000133, -2.2451539];True;[-0.5651268497942974, 0.8911545344657776, 3.092583220731175, -2.9484752226042907, 1.114379229176949, 2.2772123194006983, -1.0861389086245046, -1.1111447957040657, 0.7676880069842982, -2.1365676235902664];169.45173269999214
[3.710856024000009, -2.052288];True;[4.853045433230305, -1.2412793586197743, -3.187939139824909, -0.8964283692358421, 2.3233609089600327, 2.447328391936491, -1.6912687802431678, -0.3682705257864498, -2.0018126177277837, 4.3621734279176145];169.30367359996308
[3.7212570720000087, -2.49641069];True;[-1.4291511602386109, 2.989029408290982, 3.554976685380959, -4.762813188242543, 4.7127078632584425, -2.6832677465443435, 3.998882312175539, -4.778894949468281, 3.6639196360940023, -0.18496563730412952];175.94937749998644
[3.7078743600000017, -2.1983625];True;[1.4281082656652622, -0.3340860042361893, 4.432069232261593, 3.9516947643407114, 2.775920209870254, 2.8904310080680045, -2.344866624918238, -1.3249671776245542, -3.6820395006926487, -3.33140817871174];175.15622499992605
[3.3947255520000024, -2.0622645];True;[3.7240262455042643, -0.7433660988124391, -2.787954290319672, -4.645083824323879, -4.817418566933185, -2.277535222178797, -1.4333765658430253, 4.165478446393243, -3.074698973065466, 1.8531164920901446];172.95911820000038
[3.443657328000005, -2.4999999999987628];True;[4.206038761761253, 1.4367654160757715, 0.7606609232026003, 3.0883750623597006, -2.9248982496023244, -1.5096291741092651, -4.208610321286739, -4.020416388719345, 0.07112489948944933, -4.670843364936057];174.1327460000757
[3.6185607360000036, -2.4999999999971076];True;[4.5855884779891465, 0.1742061608371639, 0.9261275364511903, -0.35572179494034817, 3.459052061803696, -4.013535929000148, 3.808656496301424, -4.9621650615632875, 0.8610295049543524, -4.157283713639278];179.94692370004486
[3.486523392000007, -0.9239489999999999];True;[3.74764119692818, 0.4425711016590661, 2.512280407452873, -4.886168652497535, 2.5722189709749985, -1.059126134995163, -3.6426034818142217, -4.506296029392853, -3.612391682448833, 2.644995207673249];175.04238620004617
[3.839933520000005, -2.4999999999997313];True;[4.831273425000237, -0.2961767446296655, -2.0936489200845476, -0.0073829631493902426, 4.805603033419379, -1.9272235268359261, 3.989190938288022, 4.096182582459548, -3.455987395180208, 0.6328874912179616];167.10869760008063
[3.4403821200000015, -2.499999999996614];True;[0.5117892818954655, -3.72277078088438, 3.560740920570817, 2.1210134797510776, -4.348938258138216, -3.016055090964608, -3.146018693580921, -2.8517298871182826, -1.858272709190115, 4.8271785989752765];173.40898349997588
[3.4766180640000006, -2.4999999999979066];True;[-1.6491837421181268, -0.3732275574493631, -2.156280481086158, 1.580333355888338, 3.8590721247115596, -1.0628612331251053, -4.1850284550930725, 0.1247399022311182, 2.153029224322596, -4.5359912975418215];176.4578804000048
[3.6770373360000135, -2.4999999999993756];True;[-0.9914686896752531, 1.9147327422698055, -3.355031635130483, -3.1279778689436077, -1.324703729577743, 3.041196326131729, 1.497322941106126, 4.255723962026618, -1.8814903268063219, 3.0048946637856346];166.9236737000756
[3.717049392000002, -2.49567541];True;[3.0075804167258706, 0.36129535290622705, -2.449715604144923, 4.575808710278771, -1.213802028740818, 1.5874156887285062, -4.787212503084342, -0.2662101077896226, 0.9303925388203069, 3.140082239553582];171.6071665000636
[3.4559414640000092, -2.4999999999970712];True;[2.3875043855319547, -0.494531969253563, -0.649271362169058, -2.734681279438398, -3.8999670505305417, -0.7661992816461805, 1.6322018903837812, 0.8468226260234388, -4.680007789556454, 1.155412715526304];170.9045987999998
[3.3879453120000127, -2.4999999999993547];True;[2.1652369476952256, -3.7675051099982246, -3.518381421602166, -1.8205036188974577, -3.1690928992605185, -3.2644024246718697, 4.055512259897144, -1.1866724904844252, 2.6074425086511246, -2.4523254700257446];172.75231419992633
[3.660324984000013, -2.499999999851924];True;[0.0957963471016523, 1.1535291902466014, -2.473470712333196, -2.670836009026454, 1.4473620706781833, -1.0398240860606478, -4.55186108322798, 3.7031377713884357, 2.083158649700679, 4.512502088798968];170.38932239997666
[3.8520729360000114, -2.498989372];True;[3.269391838585662, -0.1572918830407115, 3.4576554124627563, 4.908781854419825, -4.1876611075601335, 2.088257186834599, -0.8331651511915785, 0.6811374132736017, -1.0688795336829129, 2.9784806426223076];168.65423510002438
[3.793529160000003, -2.3635288];True;[2.9945982984225648, -4.289246613044085, 1.3676860009829506, 2.129940129891059, 4.321569316908647, 2.0210991427775227, -2.1274397280622193, 1.9939289282994466, 2.99625737052893, -2.982002956488384];170.2417003000155
[3.080647296000008, -2.4999999999984106];True;[-4.0625108245198795, -4.999828200045455, -2.7105779359367355, -3.4761770604190234, -4.992500858974389, 1.0661319367946165, -1.9189678252268108, -0.6100627425283092, -1.8433440538038504, -1.029606998531448];170.73708500002977
[3.7482002640000096, -2.499999999999272];True;[-2.7211376501740703, 1.3197778575505614, 1.914214153800991, -1.8830546126555592, 1.9584840048453431, 1.6528846360453127, -3.4345607714150583, 2.66124328924127, 3.2241913938630233, 1.6357431210217896];171.86940470000263
[3.491857296000003, -2.499999999994905];True;[-0.8358581983891362, -1.9100170663915392, -2.7571271276718488, 1.510813597838344, 0.26917110589998394, 2.1998617535999667, -3.7035738051151834, -3.885031759408272, -1.0611247340616856, 4.632971669828581];169.46513110003434
[3.563003376000004, -1.9395809000000002];True;[-1.693225309542811, -2.294903416940084, 2.0198115225589746, 3.0747851417426144, -3.3160663236865906, -2.595951103593872, -1.2171412325459263, -2.50586195047914, 4.428499496508058, 1.8539498073481404];168.85870330000762
[3.448005840000004, -2.4999999999988582];True;[2.5201265823946484, -1.1362666960339185, -0.6119607010853754, -1.1911822516257233, -1.840905078227577, -3.7063754404502838, -0.04339686129251774, -3.688842204809526, 1.224225534360861, 0.9044717146677943];176.37571839999873
[3.9269087280000003, -2.499999999999237];True;[-3.651424949310692, 4.419743323449081, 4.8535912430719215, 3.726025380694601, 2.359283649025273, -3.7408854645420444, -2.2127146110322835, 0.9222711120358316, 3.2110401915398246, 4.714420158717573];172.69655990006868
[3.376941408000003, -2.4999999999992184];True;[-0.26934578925315567, 1.958127787405541, 2.693532392540958, -2.8036972726961986, -4.090628454279331, 3.125004736189176, 0.2332886548472679, -4.418435471609838, -2.6011862697045207, -4.686762553521776];172.48990690009668
[3.7618678800000054, -2.1894532];True;[-0.5018267675487467, 4.700308796912953, 3.2031146454139137, 2.4493940805451544, -3.793735109001468, 2.605294318573071, 1.1179447936784008, -0.24985799805498754, 1.5544543674105737, -4.124566924401011];167.6243778000353
[3.4067103120000026, -2.0354393];True;[-2.070255584389915, -3.512840246459726, -2.644729069891417, 1.2101895836312702, 0.9168114122414099, -0.230627862704182, -3.20017255950795, 1.1338563182100074, -3.0475890021386753, 1.9634113286238843];169.72243249998428
[3.7817925840000073, -2.1539384];True;[1.2329331146812903, 1.7269323304079096, -3.831344246272211, 0.8838426560892687, 1.5047297474295434, -0.09932590484357817, 3.332794198751275, 2.6542939688011105, 2.0426432657662508, -1.564477611841454];170.31754299998283
[3.5157188160000046, -2.499999999998886];True;[4.630322055029062, -1.433554037190563, -4.750159253226095, -2.715546695372252, -1.6686358466354245, 3.7810445286416225, -1.7464155703687778, 2.6905717494078374, -1.4812508320364803, -1.7416090426488195];169.35308939998504
[3.157629264000011, -1.8182444];True;[-2.0888464341233446, -3.4888386246703504, -1.5109526234119164, 0.1217420985790234, -4.036816993939942, 2.371854520861831, -1.6075645731148223, -3.3533640586118385, -2.969429348924335, -4.4512377844345785];177.2616512000095
[3.386462688000011, -2.499999999999232];True;[1.6907754176053533, -3.3645629799241727, 2.4123276432034677, -2.635887252436712, 0.45965546625487796, -2.2061661081502395, -3.5244754574520973, 2.6403249921622187, -3.4804172820297383, -2.4108902646048835];172.79010999994352
[3.498130584000003, -2.4999999998006883];True;[0.6122565772363266, -2.891418707573823, -3.858118409654173, -1.036266344674741, -1.0764782350006588, 4.106142907234956, -4.778951360320585, 2.099409446332393, -1.8806687082783338, 3.4545906157871915];171.9741067000432
[3.455170560000012, -2.499999999994747];True;[-3.3656455181060307, -2.702179301932983, 0.44638324693305886, 4.82697914018782, 3.401218614418367, -3.487608895777503, -1.8138791393150888, -0.13690656594377604, -1.482018978015165, -2.9247673274138677];172.16685949999373
[3.3244825680000116, -2.2062906];True;[0.13463959162774852, 0.906392623207851, -3.66110834785823, -3.964661470866716, 0.472992002543311, -3.880603729208667, -1.1916078719796896, 3.751555708073216, -4.84068160755534, -1.015696879296757];173.36545799998567
[3.6920629440000132, -2.4999999997635034];True;[-4.590215416850977, 3.0355093775493724, -3.3220885750263984, 3.780858740047785, 4.348162171072541, 1.179844407229619, -3.704542161185258, 1.3512169718800884, 1.0072448633879292, 0.642847444590152];173.18714589998126
[3.5189596800000027, -2.3581434];True;[-4.3758036059895735, 4.470509618642115, -2.5514211695564537, 1.6238662539757378, -4.605611957472314, 1.6817429090309544, -0.09171087833279667, -0.5248275140093659, 2.8341248623814383, -2.746055902984419];168.6129690000089
[3.6585114480000014, -1.6456057];True;[-1.4609999554656539, -1.0698508963358289, -1.0915686782353786, -1.7935247034892066, 3.0488096367469595, 4.597742399117161, -1.3024182972976117, 0.79885680523304, 4.8669975632046665, -4.41849719351103];171.3521051000571
[3.605427936000008, -2.4999999999737037];True;[4.336322472629776, 3.1103547137251812, -2.682709884249954, 2.358551075442074, 0.18762517396656708, -2.3548467182682464, -3.63779698128773, -0.2901747885665662, -4.239070060056518, 2.9296845801240927];174.83308150002267
[3.513460752, -2.4999999999984657];True;[-3.480334246796165, -0.9326897799832681, -2.768700511124936, -0.1668805167238787, 4.646924475670076, 1.1210193419763677, 2.9712494396382096, 1.06445428940681, -3.138321347952532, -3.8564900853587716];174.09992509998847
[3.583489032000009, -2.071991];True;[3.9108554423689768, -4.7176371574995, 3.944528875083538, -4.559962948344149, -1.9020271406120082, 4.730184754466242, -4.630823486520963, -1.9479598367847561, -0.8686106477427487, 4.743739550695011];169.23098190000746
[3.4778715120000054, -2.499999999998605];True;[-3.3366994304893827, 4.284783899824241, -3.1453822011947574, -4.175506868304137, -1.7714329792272911, -0.6929238475564343, 4.3841479812413535, 2.696564921898336, -0.06661066862153042, -4.364404462635326];173.03530849993695
[3.9970139040000072, -2.2871296];True;[0.5715938561291143, 2.052024911538691, 4.915540428439872, 4.739683424613121, -4.980615927847582, -3.182628488836982, 2.958525139987241, 4.469806664233177, 2.0972597274045066, 4.205733819207003];170.2162863999838
[3.363698016000005, -2.2598086];True;[-0.9317647871085235, -1.6286903030037658, -4.307583007693286, 2.4724895747020312, -1.648035566478352, -4.932324491138393, -2.2219819290118146, -1.0068713402281548, 4.863345900722468, -2.131818309028297];178.25220989994705
[3.835947024000003, -2.499999999996794];True;[-3.858939814158149, 3.355286350854499, 0.8388306078132244, 1.2958717465049832, 4.843267845900266, -0.094469205533243, 1.6325800392632983, 3.9442769365218897, -4.008914156921584, 2.442333037640897];171.94905040005688
[3.9037332240000056, -2.4186132];True;[1.2676768253893442, -1.5698780015238647, -4.376615052980508, 4.446927166443247, 0.8241946482801987, 2.777103885396384, 3.077706710898605, 3.5390282112604883, -0.35236981314854887, 3.894581637532049];168.8816639999859
[3.872804184000003, -2.499999999997339];True;[3.8638972881738844, 1.3857850096352875, -0.2354743732172988, 0.16269846590221437, -1.8843580427472748, -1.730417422347883, 2.740581476845131, -1.727020299739391, 4.837335332023946, 4.683484709458378];170.10810039995704
[3.4178552640000137, -2.4999999999948144];True;[-2.648967536012654, -1.1732116613856292, -0.23822516843091712, 3.4861308272701805, -1.9273300311935024, -0.3183966549462447, -2.2143062326735876, -2.5981018400586917, -4.908019609643784, 3.574451295665117];178.07635509991087
[4.036557240000002, -2.0511407999999998];True;[-3.058819709874663, 3.6133189900192484, 3.4616901349229483, -1.4979922861440054, 3.6576064006198727, 4.256541747425036, 1.4515115878241511, 4.488226483435106, 3.685293657922827, -0.37971113708748927];164.91377340001054
[3.410636112000001, -2.4999999999991047];True;[1.273426215733827, 2.4029948328343886, -2.1727403614249594, -3.796628121003706, -1.7023521971532563, 0.8892984204554875, 1.1998261238216346, -4.0495961251163015, 1.3727042725536398, -4.717097546892384];181.123244300019
[3.700400112000013, -2.4999999999985563];True;[-3.872978123480854, 1.8816305185364621, -2.3699357724450953, 2.1427784914049584, -1.8177723828175263, -1.5740068327374654, 3.8097323753846073, 3.0081739161747763, 2.086408419803174, 0.8207918569299713];168.4497110999655
[3.448177992000007, -2.499999999997644];True;[-4.46442490321556, -3.4836418261685678, -3.653675781536354, -2.223303114342563, -3.5124630848713254, 2.7198355654936854, -3.121045485073207, 0.7607634472404898, 4.5524575532499, 4.863360030190625];166.25793730001897
[3.4038964800000016, -1.224182];True;[-0.9430443074057981, -0.5579411754453822, -0.7391781774517199, 1.5065882849539323, 3.7313327985777534, 2.1473924807416473, -4.186601597971298, -2.968507998363137, -4.2839140127920246, -3.318318205592925];175.8975934999762
[3.476309832000007, -1.8565184000000001];True;[-3.2269552449871455, 3.222902731303222, -2.0500034592917196, -2.280882397873106, -1.9352756712401717, 3.0472993592992648, 1.650383107257877, -2.0190571466341876, -3.7123731569901732, 1.0442513457109133];173.34732189995702
[3.62241007200001, -2.4999999999974967];True;[-3.284641686613483, -1.562968723915723, 3.7192327105253415, -1.503760509848279, 3.808734283128393, -3.3838724314567745, -2.4490256429203896, 0.5474274194116369, 2.272382997516954, 2.3406996480168116];169.52749970008153
[3.6417399120000082, -2.1072542];True;[0.5006433602394473, 4.587884949791949, 2.9961158222667326, 1.6055288065347284, -3.0802289148883966, -3.578563982402211, 3.0471870447216567, 0.6216036727688001, -4.918565307455727, -0.38252892916465164];174.21974600001704
[3.7991060640000103, -1.6605509];True;[1.9375372588773407, 1.3596743447401458, -0.27586819625326875, 2.714369632161736, -1.0067607402694287, -0.18219461101225498, 4.53429388557309, -4.814795865153058, 4.1598375799531055, 0.25844641356728104];169.63600709999446
[3.4109523360000003, -2.0465146];True;[3.8044657135144817, -2.416103568524467, -1.5605570697348603, -4.65595178610724, 0.23074850509142486, 3.091658383219615, -4.6218338584011684, 2.87626782970721, -1.405916193819495, -4.62831279826775];173.74449389998335
[3.593116152000003, -2.4999999999990146];True;[-2.1506313611414396, 3.3600970546019386, 4.509582003416906, -0.4578714129286112, 1.6755735216800582, -3.105811830700662, -2.540145774967243, 4.691154607716118, -1.9182852867218756, -4.91566594223621];172.53307620005216
[3.662732736000013, -1.8019576000000002];True;[4.885811698812619, -3.416778866051664, -2.3421085826766808, 1.8316645563506437, -4.479727034961184, 3.9831013691924575, -3.5290762955479957, -0.1464203529418695, 2.3501566456721035, 3.234374103140782];167.91727809992153
[3.64620938400001, -2.499999999992139];True;[-3.171620718941303, 4.033689172354759, -2.4793949173869825, -0.9135099101344366, 0.2882363708069242, -0.47394627320357063, -2.9071768499147623, 2.350948593359754, 1.5850146403055279, 3.293767410672748];172.04140119999647
[3.5243270640000075, -1.9252934000000002];True;[-2.751938707313466, -2.942382697441283, -3.026166922306315, -3.1040450363615646, -0.04170405580214265, -1.4565083030269799, -0.08981404610363342, 3.6175938940472054, 2.269782449989232, 3.4884711313299306];166.394863500027
[3.6901228320000006, -2.2430820000000002];True;[2.2956036530127015, 1.8453339205222141, -2.28946293750227, -4.497778049275585, 1.7608147898045292, -3.9402530367190614, 2.6297047092654635, 4.1665187297695105, 2.664819247207931, -0.9962963321303402];171.67932650004514
[3.8884894560000105, -2.49999999993327];True;[0.1639499441762382, 4.611433913276272, -2.2656037593411362, 2.6845320425963894, 4.868730889644183, 4.175715052344955, 3.1928194416609568, -0.7102834788523325, -2.82335559817784, -1.0752335931664279];169.7936579999514
[3.703721328000009, -2.4999999999994045];True;[-1.950304735844104, 4.848110799049605, -2.507330017494629, 2.8627525764060477, 1.7947467141358047, 3.919471810098866, -0.15710331563686974, 1.52068833432946, -3.270880427544669, -2.7915507476786914];173.0074688999448
[3.603913560000005, -2.499999999998107];True;[-4.576750221838952, 3.671893928141003, -2.1001889443130093, -1.4886508633618654, -1.2259333034341147, 0.27556706182281054, 0.9553100283154059, -0.7617917136850947, 2.2040507669618297, 2.6943451823740023];167.03329880000092
[3.3766305840000066, -1.6680429];True;[-0.39478588213949894, 0.28860484715974266, 3.065583945118659, -0.41351057878968955, -2.9137472736975245, -3.0688678971584302, -3.3748173982218344, 4.039791692609716, -3.724488633840284, -4.378272975460851];174.84121260000393
[3.961267200000007, -2.499999999990706];True;[1.1859957955952947, 0.3191866057055499, 3.697216625193926, -0.7763602820097706, 4.736008434353282, -1.3230076850211825, 3.667699315712694, -0.3054758528266408, 1.7867616177051353, 3.2039645781809423];167.25308719999157
[3.8213832240000105, -1.02269];True;[-1.6353004882641295, 4.449325816447798, 4.280922591113063, 1.559314833454005, 1.9116745874897685, 4.795164741879011, 1.2015146611142944, -3.4135531322026114, -0.8130356443532492, -2.620119700130903];172.1936199000338
[3.832324056000008, -2.4999999999968954];True;[1.068269328584737, 4.219619919235342, -4.127712904746678, 4.4446145498656175, 4.02860296468072, 4.686691300321918, -0.41766509566258936, 4.978636445510068, -3.876010797779834, -4.782623574828284];174.10374110005796
[3.5464325040000104, -2.494546438];True;[3.282455274309509, 0.057093786799989665, -4.555337189852535, 1.8433146168838066, -1.5350279214691778, -0.8008823622515635, -4.50427619476291, -0.4589884578881449, 4.478549206907209, -0.8201932681856956];172.96930830006022
[3.405056184000013, -2.4999999999967235];True;[1.7314069829395322, -0.6393801211861128, -3.0886374602290534, -4.464670655841533, -3.39697487330052, 0.7927464935879183, -3.9522396133457116, 0.23930378751606174, 1.7879561492641667, 1.4319783253620324];169.45826220000163
[3.380126544000009, -1.8426812];True;[0.3281417374577602, -4.739201085758015, -1.1803420049585656, 2.2807156214832887, 0.37306765394030794, -1.810713008272363, 3.270608333680805, 0.36972819523032463, -4.859006424032957, -4.745632011193194];177.41488280007616
[3.8980850400000127, -2.4999999999986318];True;[4.05026571285817, 0.16014114474977958, -1.8195650210822456, -1.0866299931764276, 2.411777039158247, 0.35604253057293356, 4.362460790288633, 2.977435958436722, 1.7310763990589928, 0.12390129123750349];169.46010949998163
[3.798018936, -2.3458904];True;[2.6848396817161735, 0.46726022282561885, 1.2967458762075719, 1.0813212925693207, 2.9175756952206244, 1.8471118684730694, -4.6144485209723864, -0.34737862584478396, 1.2810863919824218, 2.02008022626166];171.08010219992138
[3.629781072000002, -2.1396915];True;[3.5873406569787996, -3.6583727226424, -0.656256544147718, 3.693942714961956, 1.4116603057446877, 4.728833470779591, -3.1660940948454885, 0.24843814895634786, -4.522117110960257, -0.8219715500795557];175.68466869997792
[3.8799138240000057, -2.4999999999939693];True;[-1.8500876356293414, 0.8067726772979835, -3.4129616961950138, 4.834267976725803, 3.869594049636124, -1.919377342147187, 1.179069882420122, 4.269713011622676, 3.2777674811773316, 1.3708781802948247];173.46540050010663
[3.641808816, -2.499999999977168];True;[1.051706353341756, 2.7894067927247432, -3.981035764057299, 4.311582560660469, -1.6656535471067055, -0.18080104266150787, 4.795802639674125, -2.301798201148153, -4.83177134044794, 1.4148086434238394];176.13596290000714
[3.6286658640000136, -1.7947565];True;[3.5755141346906, 2.4018228781896456, 4.969430654033616, -0.2287567872864713, 3.3345130570610646, -2.276555943419034, -3.2178476052270155, -2.702598981312365, -2.9451866999573753, -2.116548419003289];177.61144110001624
[3.763201896000004, -2.4999999999797855];True;[-3.8948945893092244, 0.7962750233233322, -2.5086697029854377, 3.3136664684929364, 0.7039859722667616, 3.6553133327973626, -2.1596985769636867, 1.8534854072224025, 2.4580522177398825, 2.804743021561846];176.6643522999948
[3.739454640000001, -2.1973794];True;[1.364984158205261, -0.7988840254317111, 4.186144648309035, -3.816561564260951, -2.187175619844912, 2.4017431924707378, -0.7817749277287511, -0.6277912032089521, 3.4879631965094564, 2.6942553895122323];179.70147710002493
[3.820810176, -2.4999999999986593];True;[-2.6186894007809802, -2.3474933681235077, -0.2358889951456753, 4.336751027996096, 2.919852425065849, 1.0332237546964969, 0.7688946972118273, 4.872604701482651, 4.4285029299726055, -3.4683915327377344];179.1998992000008
[3.2515635600000037, -0.16330100000000014];True;[-4.258872079982423, -0.09274708026199807, 1.7038695472840928, -4.320054395821625, 1.3922851025464, -3.4569278928907976, -4.342155431217504, 0.6128948911608312, -1.3378774047350541, -2.5650575049789537];185.72981930000242
[3.694868136000007, -2.4999999999971116];True;[-2.0117894168878445, 2.1592177489526296, -3.6271474184938413, -0.12415945069369094, 3.0914692276642324, 3.7923735012150424, -0.2939630784643743, -2.213034721540157, 0.8627531289606525, 2.222995467071356];174.56140010000672
[3.8266840800000033, -2.4999999999989457];True;[1.982868718220912, 1.5095114706576744, 3.143485944563073, -1.1128654351517495, 2.643596640869026, 2.7917088792338083, -3.687958648928207, 3.237726372363282, 3.420537227223031, -3.9673081792145615];174.4753218999831
[3.888717552000001, -2.2596083];True;[-2.340329753218767, 4.9276851051679404, -4.95923493554116, 1.0606302083786643, 4.542184742293072, -1.989665743113517, 3.3747876947948257, 4.289304067754793, -0.5867789166297941, 4.514600418257201];169.3264461000217
[3.710203920000002, -2.4999999999988707];True;[4.066190431639571, 4.602962180786401, -2.5385036697290175, 0.6948456716938436, -3.472360565895621, 2.415492381318267, 2.2381729264172012, -2.6204511382961626, -1.0365955956910389, 0.21895789377085073];170.03669629991055
[3.825632592, -2.4999999999987352];True;[0.3122856786696895, 0.7618528050195223, -0.20243099146797316, 1.4830733291365643, 3.4526543916175463, 2.8057183828573358, -2.1107894495309623, -1.9440180649583194, 4.111338415925157, 1.2429640755311215];169.67902429995593
[3.2735292480000067, -1.199195];True;[0.8342479241693477, -3.8247577951145475, -1.4364037766156712, -0.8874425263043042, -3.0822021599594085, -0.6926457118194831, -0.6251032164838763, -3.6753503249491026, 2.565747064162607, -4.8237910691231605];177.1035221000202
[3.423442536000007, -2.0202757];True;[0.8235192007186329, -1.032540974312294, 0.8987375224756473, -2.7365053927533687, -3.0493058095217185, 3.1156833167464466, -2.281094013195384, 1.9750009032156886, -3.9508632023875556, -2.4698731991514142];170.52117950003594
[3.5745734160000096, -2.499999999997067];True;[-3.8275236824677417, 4.206460443320573, -4.305150227616938, -3.4885730747580066, -0.9232118673894432, -1.338851960019948, -1.1655135991139831, 1.7060144391577312, 3.8475512411930186, 3.5783038147125037];169.3993269999046
[3.139793928000012, -2.499999999995864];True;[2.506177607372213, -3.484413886267194, -4.480521339756467, -4.974932263721293, -2.9583138061115033, -1.6418610991907254, 0.27010919169603387, -1.8212309360199974, -1.5751647469203345, -3.679058281169568];172.61767109995708
[3.8706288480000044, -2.499999999998652];True;[-4.691469638370448, 4.319687918694971, 2.9465038663898238, 4.807290055004126, 4.56792107587882, -0.4643063810689432, -3.176350932737535, 4.581902229529147, -4.330966037061081, 3.4356181331491715];175.4854526000563
[3.163969080000009, -2.4999999999988374];True;[-3.7061872973274945, -4.073184388632135, -1.8239899386527094, 3.0294182252824715, -3.6808885041099737, -1.8468489944282518, -4.55127673095249, -0.24236654062486807, -0.006978590830922116, -3.8176407433499113];173.33032429998275
[3.2452304400000105, -2.499999999995514];True;[-2.2812048265485485, -4.911238863465059, 1.1909969554126851, 1.5554083995795223, -2.5518319383674215, 0.9685817446522993, -0.4853584944871301, -3.8082799125076727, -2.7073509866802947, -3.9275768486592755];172.64382019999903
[3.2981573520000085, -2.499999999999331];True;[0.18432909598248504, -3.4868330833344583, -4.92073888581598, -0.9789421168552792, -1.2279478282649645, -3.486786250255344, -0.6438190636476886, -2.032863374346209, -0.24592029603512167, 2.3320109989557753];172.67384810000658
[3.4926018480000014, -2.4999999999988134];True;[-1.4904858625738395, 2.299277159612366, -0.9792888072308239, -3.857859620581844, 3.093063028839568, 0.0919215431888869, -3.0072520842538317, -4.398330622715893, -0.16415252561310822, 2.907635698175847];172.26942249992862
[3.3765949440000136, -0.020332999999999934];True;[2.786657362884327, -1.899953292119625, -4.869118962161386, 2.922222245325803, 3.4000269063506714, 2.539054464631654, -3.5439904918590317, -4.506212182360568, -4.015574494286226, -3.689268455080544];176.7653553999262
[3.6521565120000017, -2.4999999999993756];True;[0.4065712883157815, -3.752390342858006, -2.8191771611490224, 3.5087448491027224, 4.939244945114558, -3.37199868146162, -0.9817540217801373, -3.830008842806266, 3.3668315471405403, 4.415255179610519];172.8286744999932
[3.413868768000011, -2.4999999999997797];True;[-0.07446962704000093, 0.5562519496837135, -0.2179515881362546, -4.94716179271413, -1.3574693647364233, -0.9538942030689945, 3.9526792959526738, 2.585459740620843, -4.589171215867257, -4.104773335546506];171.8934330000775
[3.491252712000001, -2.4999999999906812];True;[-1.1968891165124953, 0.03487463279000558, 0.8214953165476899, 1.8743442110522057, 0.8584979192603761, -0.012942422678583476, -4.24103673865973, -2.03541484801244, -3.7198379795543115, 2.0489826557239796];177.3998834999511
[3.836182896000004, -2.4999999999572187];True;[1.11216088625177, 0.5681516429162246, 4.776052848898335, 2.5431746669425177, -4.50683493556224, 4.111137598537452, -3.9238796757182994, -0.17681485366843397, 1.4709275235107802, 4.42697457418628];172.21566789993085
[3.451654296000001, -2.499999999999312];True;[3.344683019442961, 2.2670884948333834, -2.149108658823727, 3.083427323015469, -0.42366794652058104, -1.5661849356407611, -1.58158496013065, -3.018179432648729, -3.2588146518076355, -4.098827381271406];177.2903436999768
[3.4651743840000138, -2.49964654];True;[1.5373756523804403, 2.7270252616599766, -2.3998200150455617, -3.7935320361109537, -4.44857838353227, -2.5586686892476296, -3.295683590456963, 3.8314201515741804, 1.70794665985105, -0.08275684824844198];174.7751531000249
[3.3353013600000008, -2.4999999999985705];True;[-0.1585223945981431, 0.6328519470037453, -0.6043374004102606, -4.81453142756259, -3.0570877641634686, -3.3812706582968355, -0.5914941326638772, 0.9465158644029161, -2.0396490335003827, 0.2796244616842758];190.8953972000163
[3.580397424000001, -2.499999999998013];True;[-0.12910576989392109, 0.771482965626296, 3.013835510348949, -1.0948052938353312, -0.3459333347493505, 0.17498274110891288, 1.3447998985931608, -1.2000623761763074, -1.5202732061945645, -2.4557641724689416];191.39976060006302
[3.559480416000002, -2.298109];True;[-2.4369401490427522, 4.380814837034118, -1.6860253891416956, -4.0534380100698595, 0.07211242712284793, -0.7158112724646788, -1.2806206396282982, 2.571389942849253, -3.8360358574690814, 4.575330173090766];198.57681210001465
[3.433315464000011, -2.499999999997189];True;[4.018224802932799, 4.343954789508288, -2.8250340902519633, 2.3370524637530217, -4.174340375139751, -4.267960060042211, 2.544195085296953, -3.669015508655533, -3.817457738088269, -2.739845053986474];209.48862209997606
[3.741774696000011, -2.499999999988842];True;[3.0242773321155223, 3.608874217136055, -0.11094066612852505, -4.987740429332933, 3.5181023828268927, -3.446866847300737, 2.320333042351459, -2.2948744046234983, 1.2400298961344838, 3.1591196820189875];200.34720550000202
[3.7826714880000027, -2.2650249000000002];True;[-1.2967510276573724, -4.820455420726043, -3.9018669269153516, -0.9338440244819681, 1.5992537401374882, 4.458060170589958, -1.3801807622411855, 4.868574380348155, 4.887279265808363, 4.4436360012021385];186.20158140000422
[3.473432712000013, -2.497211948];True;[1.535684533021061, -1.4847030238038639, 3.583368797868845, -3.488646664372892, -4.634935205919667, -3.998448986057582, -0.5689304943367706, 0.8777628526614389, -0.22927298918678218, 2.0151859874441627];189.84357589995489
[3.8084856480000013, -2.4999999999956732];True;[2.9931173246103535, 1.720608173534358, 4.261473473195153, 0.3730542766089098, -3.3578148113575534, -3.63057425345803, -1.8158967078488466, 4.4024817282802395, 3.0883461387168616, 1.083977222803906];179.8797963000834
[3.3373140480000005, -2.2577442];True;[-1.698652833650395, 2.164648798740086, 0.7321807308213737, -4.92262406838074, -3.9137303597353466, 2.052259892885468, -1.1433727633053659, -3.9686372149978277, -3.367081243320662, 1.3703049202650766];181.3436016999185
[3.4975156320000007, -2.3217166];True;[-3.787988536571545, -4.7509800277436725, -2.00386572341279, 3.43620104287322, 2.731902204042468, 0.7227146552599129, -1.6948258951534925, -4.615342558802701, 2.561364361228291, 2.122835616919417];179.85153450001962
[3.8243551680000043, -2.499999999998859];True;[2.819270749678786, 4.213169725052108, 4.385913754583523, 4.305738030289033, 1.390187609766734, -2.1319836437530624, -0.805326422196849, 1.9665774684878743, -2.4018803813884837, -3.8881857793141403];173.86849129991606
[3.523307544000001, -2.4999999999973825];True;[-3.660044031424048, 1.5392888845903574, -3.5781608412583887, 2.647198732691372, -4.571461901413628, -1.7957901684004196, 1.4186729140861374, 1.6752895094706002, 1.8090655996691076, 0.43202942944828404];170.62039319996256
[3.7800030240000004, -2.499999999999472];True;[-0.9171893196430219, -1.7872165382830096, 0.8676044868291815, 0.9621502990585569, -2.631476887121742, 3.8586039413276616, 3.5205319486627022, -1.460342329841101, 0.9668742409956943, 4.420602906490478];168.14233940001577
[3.5629087680000007, -2.4999999999990625];True;[-2.698209955364048, -2.377395417364798, 0.9656410149600481, -4.786050010739679, -0.06414589113846514, 4.44015466054195, 0.3066493795316241, -1.16197077063695, -1.2961865645024275, 4.42098154159893];169.671876499895
[3.59765733600001, -2.4999999998795515];True;[4.077702483956646, 4.073414061990444, 0.7632985019419021, -3.5935936915153754, -4.117606593051336, 1.4637588184135435, 1.780531298205048, -0.30516172029540733, -2.7475696489077417, -2.0365837800588404];173.082928000018
[3.866928336000011, -2.2908527];True;[4.427064127698227, 1.9221183131007624, 0.6974901334534103, 2.466546918017282, 3.411411205805857, -4.902242733771728, -2.30331536639123, 4.660310761457955, 4.299942829145174, -2.854888034556098];175.0306394000072
[3.374971488000006, -2.499999999999233];True;[-2.351174151907789, 0.7271536223149697, 2.7865673644316242, -4.940290867054346, 2.773022876753216, 2.6562742993018675, -1.2501030284417345, -4.238018016459821, -3.241284464031051, -3.873467258655967];175.1751227999339
[3.3692312880000133, -2.4999999999971685];True;[-4.942366753019662, 3.8305410930897246, -3.7817522703378073, 1.5295299011841221, 4.117316370966005, -2.529291193179347, -4.987365749838081, -4.710578680824762, 3.860245828242059, -3.603323243711051];179.44760980003048
[3.775764888000008, -0.34538400000000014];True;[3.2484374712832373, 1.0258749320774374, -0.2635364940828575, -1.2744200231543745, 2.555518331133836, 2.147293761636341, 1.5732375915403543, -0.02438140756195306, -2.7294011037563157, 1.3453193374874663];170.19791260000784
[3.1483149120000027, -2.49999999999932];True;[-3.9338629190781713, -1.5651582004848894, -2.368854873045775, -3.081739405314571, 2.565870298799897, -2.286143601307492, -2.4600560591471723, -2.978758518382001, -4.795736404164577, -0.54024668150615];178.4309899000218
[3.498289776000002, -2.499999999997771];True;[-3.8018722841042907, -3.852752293840267, 4.725192721863575, 2.6243375109663454, -0.36845402423015283, 0.6889939977751061, -4.423144762690904, -4.115302565921372, 3.3543186410039585, -0.0734689517606979];177.2089933999814
[3.6389409840000138, -2.499999999974062];True;[-3.898910237900637, -2.5052422482488246, 0.7302528851518026, 3.8041828508678, 3.2433309356417954, -3.833230957974161, 4.175074723898639, 2.2988806869563936, 2.07458007380946, -4.819439128200994];175.66129169997294
[3.611048040000009, -2.499999999999261];True;[-0.8355849483603661, -4.466019529953033, 2.82378076986617, -0.04795084336470801, -1.1843830245856521, 1.9082704564366235, 1.4729873150781074, 1.8836476343429363, -3.1185977553047497, 1.5419888885679285];172.12495870003477
[3.36777847200001, -2.49999999999586];True;[-1.0438861123090595, -4.700894353671027, -2.224113957109143, 2.452751272953167, -1.8917178975490723, -0.558638961966123, -2.808071977534218, 2.118514998428397, -1.9999386954087575, -0.6283363224102567];172.306389400037
[3.3766416000000077, -2.4999999999991567];True;[-4.547170395197005, -3.2223666659706405, -0.01952858417295822, 0.358072005318113, 2.8050490946359403, -0.7326358064875116, -1.4630588728869864, -1.464910400006445, -0.06750534627198057, -2.519939578127196];171.8029511999339
[3.380515128, -2.49999999985563];True;[2.8328802849941965, -4.4391810887481125, -0.7115991564583641, -0.7765758890099228, -4.636784282162932, -0.29667141453758017, -3.43855741914995, -1.624438716689406, 0.15696925756866076, 2.2393079409934717];170.13499910000246
[3.7536626880000092, -1.6804306];True;[0.48557863089835074, 2.7042400283277788, 4.096889620729442, 3.227700998703062, -2.250716631620575, 3.47916069030099, 0.647939455272156, -3.6554313621981094, -2.8507151239752093, 0.6960458307482629];174.84217109996825
[3.8704480560000087, -2.0682114];True;[-1.5805829239306024, 3.315131994015129, 4.694559487636571, -1.7598913387404513, -1.6412359534247836, 4.531681985768623, 4.489421337557909, 0.46722982020915627, 2.3374922800594096, -2.8663967198622275];167.78248430008534
[3.702730968000001, -2.4999999999978093];True;[4.456928388678854, -4.21296346230995, 2.923684488171233, -0.9303843605651227, -2.251951025032344, -1.0730764864807885, 3.0289990047009034, -0.12451391162483727, 0.18442583995447137, 2.221614809342868];167.38269550004043
[3.6818141760000116, -2.499999999966322];True;[3.0267841156041992, -3.3482624197143807, 1.411370276500886, 3.3563049802212532, -2.5926651438607617, 4.721677708102579, -3.3205063095894696, 0.7726426362958261, -0.6292937968814982, -0.14369412709621];168.9916408000281
[3.7156844880000124, -2.499999999999395];True;[-2.030453083048378, 4.62320034825389, -1.5445128626171059, -2.610287250536507, 0.86997478124752, 1.2616812508243758, 3.8874039605215938, 0.7755478189961611, 4.1150876401624235, -4.525199929295179];171.0228616000386
[3.7954830960000017, -2.2826574];True;[0.8935005288056486, -1.0233547354156647, 3.953982124853926, 2.3680978465533196, -0.2567559436628386, -0.8151740522227335, 0.7004165971669716, 1.3529352898207865, -0.153890498921756, 1.4970719141442856];167.50823509995826
[3.412913832, -2.499999999990961];True;[1.8374385953241195, -3.925236231619481, -3.252798862034929, 2.7276437652598133, 3.049982783102566, -3.6422645820380484, 0.12960331659910285, -4.660756503528061, -4.962032887728308, 3.503684949674394];179.92105589993298
[3.5089692480000103, -2.499999999999418];True;[0.256388383345727, 2.736781263562788, 2.094744630195665, -0.4931863168674857, -2.174480989812512, -0.2865566651147162, -2.5249355443486907, -3.4067848305805013, -0.7403574250089386, -0.2093343322004806];175.70698200003244
[3.547440792000006, -2.499999999972552];True;[-4.560732374583916, 0.4083841039214491, -0.8816034712794405, 1.268486325865096, 0.7754727496611675, -0.0734070882039406, -3.219976417982864, 1.8403645619798459, -0.7174911955416627, 2.1938702726056993];172.01524290000089
[3.9553246080000077, -1.8511291];True;[4.477880384650755, 2.8533764314044143, 1.4924976237149181, 1.6018888697480618, 4.3859882972763184, -3.736944687491609, 0.6834064365377781, 2.9008594535904217, 2.522387368784729, -1.264461859350896];171.77368520002346
[3.5804885760000045, -2.4999999999989693];True;[1.1449352843079783, -4.779668531763121, -1.4484631338813845, -3.6448112778917565, -0.27308611807256966, 1.4739619277540754, 4.2978185486652265, 1.8231167113337365, -2.862553143851984, 2.832104439764401];170.2376502000261
[3.808625832000007, -2.499999999999561];True;[-0.4801081185896292, 1.6537060196609952, 0.43018788600640256, 2.6194193435899225, 2.2490570092481956, 1.233428694487114, -4.096206279095136, 1.783219676296243, 2.458393756194992, 1.274197279727181];174.44724940008018
[3.7301409360000064, -2.4999999999971765];True;[3.169634975835141, 2.982530297244109, -2.067834702291634, 2.7136056053735604, 1.3223415334347353, 0.48371882909220343, -2.90488800362089, 4.415088593598842, -1.5388038259844383, -3.0836856599683626];172.27820000005886
[3.821109768, -2.499999999999526];True;[-1.211709971843379, -2.379628339486899, -4.9647484345557436, 1.5847722882343174, -0.8768976018338179, 4.21234317762125, 3.8199187404096673, 4.048206924188845, 2.7921991172200054, 2.678769529928612];163.0129111999413
[3.65268398400001, -1.5918685];True;[3.016321014432865, 3.425933306111572, 3.1795587204785747, -3.7338883266911083, -0.030384460947052716, -1.2138845924603214, -4.531048059290324, 0.005074508778962539, 3.8718683809141226, -2.0838252666916466];182.58522220002487
[3.2542039440000003, -2.4999999999981113];True;[-0.9781337673387966, -2.837065439534374, 3.8283507658281977, -1.4395041813978082, -3.2194763828471693, -3.7236632286396976, -2.22656119196716, -2.5970413977957643, 0.7957870007860564, -4.145092218322704];175.4688689999748
[3.7085882400000045, -2.4999999999997295];True;[-3.8793897634540198, -3.4017370841587438, -1.628764890733386, 2.8524480113123474, -1.6078339081646353, 3.0834617995342875, 1.2706000784025004, 2.7570908508487078, 3.4461099581756347, 1.601910355582942];163.59628269996028
[3.8271409200000135, -2.4999999999997473];True;[1.246585240454685, 4.701682600982505, 2.284178054618619, 0.8380290636680439, 3.5287419335147003, -1.4303376745347274, 1.1935012058337477, -2.611196578353996, -0.6710592401562776, 0.9023243577713158];169.35457890003454
[3.507935688000008, -2.49999999975489];True;[4.287116730313372, -4.191271944133924, 4.030990904766092, -3.1501852151560747, -4.652676795358727, -2.038272541225509, -4.4126171036667365, 4.303587911634578, -2.9094006326561184, 3.937170572945533];170.07893680001143
[3.7093520160000057, -2.4921526];True;[1.2292765824635445, 3.652347067685156, 3.9919186966346505, -4.50953113189481, -3.078131769612443, 4.457703248231915, -2.4589944373695403, 0.5355450134284698, -2.6967120144463474, 3.405841542687325];178.06545850005932
[3.57756372000001, -2.499999999999396];True;[1.6945135847561312, 0.7077427138576429, -2.630727206117922, -0.2059108126361009, 2.679815881807997, 1.8325965005080462, 0.6694180244311996, 1.6172074803408334, -3.6124366838624375, -4.324263278691146];179.65286180004478
[4.001999832000003, -2.3926216];True;[3.4252539138000433, -3.8919838925969596, 3.932581247730756, 0.6491197695209632, 2.6113832895296065, 0.987678192007837, 3.2156297743667146, 3.887691463771608, 0.9701423391382686, 2.290249323181137];168.59597729996312
[3.6769096800000067, -2.499999999998393];True;[2.291467446467599, 1.5360829826589297, 1.803094221288669, -4.991508868837347, -4.520940539334233, 1.6390366699512073, -0.998425297231603, 4.40124138270226, -2.9023600624641634, 4.769608308820473];170.94679240009282
[3.46842777600001, -2.2341282];True;[1.1968047335722707, -1.235699239036224, 4.89237431246255, -3.758325181635749, -2.7386235569208672, 1.1993309571983355, 0.5127424057860903, -4.062511841226703, 1.0227017321727594, -3.653388928113268];180.9564755000174
[3.5432661600000026, -2.4999999999992415];True;[-1.7881549664484453, -2.1627973029299707, -2.006555479840777, -3.8332278128279773, -2.8383900199179046, 3.4753652966466806, 3.878008712886226, 1.3833180790573838, 0.45010227919973556, 0.28242663826570613];167.5090940000955
[3.4797295440000124, -2.499999999997595];True;[3.627762633942453, 4.99726158950984, -0.6415547989112058, -2.525950198494029, -0.8086588622940152, -2.069160744872014, -1.2891755404656435, -4.152472463281716, -3.1070572302978725, -0.1323978876522558];178.02731210005004
[3.574722888000009, -2.4999999999996017];True;[-3.4577253628688007, 1.3395792576398833, 2.3969013298119677, 0.11459082441795942, -4.880633383714809, 1.953044269370329, 4.728822268752262, -4.192204895602398, -0.8050400714385555, 1.0991013306997788];179.5443118000403
[3.5738407440000093, -2.499999999998966];True;[-2.5041625581173177, -3.2029930347867284, -1.9308158237750606, 4.67330835587833, 4.135066675231439, 1.323841727713626, -4.376773294894769, -3.441752480949698, 2.7627205256756007, 0.8171399142030689];176.05877760006115
[3.7749760560000096, -2.4999999999994134];True;[-4.655001812609692, -0.4095059094155564, 2.101441018673996, 4.267529117977558, 0.8891046834476404, -2.1771612252005967, -0.85704682753195, 4.589386142299979, 4.278392361658728, -0.4597490441464416];173.62325940001756
[3.290389776000005, -2.4999999999993627];True;[-1.3717196333465829, -0.26084530715983867, -0.7754836636733149, -0.3008899559191347, -3.040934668936287, -2.789111007374533, -0.7833734589277528, -3.3379735920480416, 1.7378746231973725, -3.9446963517332545];178.3232025000034
[3.8459687760000056, -2.499999999999691];True;[2.2363594125066673, 1.2840598692617462, 4.766606455820602, -1.500779640225919, 4.6024612875958795, -3.80394500049818, -0.8786917915460108, 2.0826402522723875, 4.844697228284371, -2.7792870281534965];175.30112920003012
[3.6435007440000082, -2.4999999999986704];True;[-0.3436378528592705, -4.632951492835863, 3.5408355917412866, 4.548838894343513, 0.5891452484084647, -3.7900676992968774, 2.9165900154402618, -0.23626095184276963, -3.7497043112178385, 2.6378165573996393];174.09003620001022
[3.5088003360000117, -2.4999999999994746];True;[0.6834700835120397, 3.0807587758340578, -3.9151856609374223, 2.1582117268112118, 2.6881308365496013, -0.05341612077456759, -2.458749306138257, -3.545602338512488, 1.568849379097573, -4.961983768589787];181.75739599997178
[3.7517148000000002, -2.499999999973589];True;[2.2130647540567487, 0.3212518433542142, 0.7619527692703603, -0.24799559660792525, 2.462081134652494, -2.7349117174125857, 1.424181721061669, 4.5198816969444024, -4.045425667798144, 1.8164238258178287];175.68545910005923
[3.6300195360000065, -2.496178936];True;[2.7582424202175373, 0.31827640976162286, -1.6572571722586393, 0.09442458433702416, 0.40428068190812905, -2.462994701349052, 0.6963701890113967, -0.7372412627891691, -3.1143948225377382, 4.556751866209559];172.6330111999996
[3.535095528000007, -2.4999999999974194];True;[-2.2651526984327344, 2.8800202579351932, 1.9312250476746478, 3.097076222448269, -0.728813812140868, -3.4758895360093236, 3.0355859790680135, -0.4268984130473754, -2.9538463086600695, -4.631493713380924];172.82301140006166
[3.4623711360000087, -1.7821789];True;[3.11570986903555, 4.470004571328719, -3.8856408052615086, -3.0816527262101188, -1.7080746522803834, -0.58444418115036, -1.903352252665976, 1.8078037068978547, -4.119623440942458, -1.0157694517403284];172.4760161000304
[3.337953624000009, -2.4999999999961466];True;[-2.6768376034056205, -2.464149692040316, 3.1801088413549277, -1.0377941026962034, -3.2046776292833092, 0.7317633509587669, -1.3645994896976599, -1.5995014940279861, -0.9973553090130114, -3.2320752178651793];172.39866009994876
[3.6366591600000135, -2.4999999999789475];True;[1.2247366617903976, -3.7094888625592404, 4.575702226922997, -3.384506294976223, 4.695470471141599, 4.762541102461004, -0.05025118478514656, -2.752288933642072, -3.067338188077633, -1.130723620218268];174.13997210003436
[3.5040610800000094, -2.499999999997918];True;[1.8527119891569033, -3.3610514672085112, -4.916822958087922, 1.5004882154902353, -2.5684910888596644, 2.9366113693281797, 1.2097440712170568, -3.9465977125049845, 2.2379380286922377, 0.08051404126189965];169.23134660010692
[3.499056576000012, -1.5230481];True;[-3.1249903791805322, -1.3757538676644332, 2.159433989448112, 0.6130980483272408, -1.985064347644573, -3.6252296433638898, 2.2280131392805718, -4.583095465323899, 1.1499083591242618, 3.3370427759634502];176.37020080001093
[3.816732528000008, -2.4999999999971867];True;[3.7300124149261453, -4.7375866318287105, 3.699590542319788, 3.913632593832258, 1.0842683614325495, -0.869321351058491, 0.6931075448772717, 3.249602416605729, -0.5558891883037278, -0.7068441985268983];171.12603480007965
[3.6006078960000023, -2.0674008];True;[-4.709634846308303, 1.0296296617264815, -1.1600696758452447, 0.46501638218834795, 0.7383757106899846, -2.829606501734454, -1.4067450970709539, 4.235255455194887, 2.019871058470618, 1.1127420234392558];171.32060209999327
[3.8890234080000003, -2.499999999994156];True;[4.973268029790505, 0.6893488339755258, 4.7651155288122204, 2.9776661667725426, 3.645527927038245, 3.9631691931158812, -2.594126108718932, 0.9077734029700082, -3.4580518048368125, -3.022326357047893];173.2069121999666
[3.6378637920000125, -2.2102163];True;[4.463937066173621, -4.500407059857688, -4.215613691859827, -2.7710025860018703, 4.957788781669668, -2.1151565472466585, 1.8936916307986484, 1.0949580986190464, 3.243292687127342, -0.8318649524341168];171.25744170008693
[3.7231777440000084, -2.4999999999992766];True;[-1.0899012138625617, -0.6993792697479906, -4.589583447902541, -1.0167868094804344, 4.526409344719136, 1.9041726426398453, 2.691043046944312, -1.3699380215594803, 2.4610193878022146, 2.3522954906722227];167.36915290006436
[4.0593117600000035, -2.4999999999994187];True;[2.866541079421755, 4.81945410955208, 0.6016122385881282, 3.1623920847281237, -1.539231973318195, 2.569437008552785, -3.941386184345488, 4.635350968016198, 2.9416981074444255, 4.615242001332838];171.80521339992993
[3.5027067600000015, -2.4999999999975357];True;[2.606427285871643, -4.20458559056801, -0.7129224769660034, -0.6960755050815512, -3.057370978253485, 1.200680711338002, -4.6860156448549715, 2.1068920908696933, 4.756142686127962, -2.350838111154788];169.8068973000627
[3.316781736000002, -2.4999999999991704];True;[4.431856678757171, -1.1751620857110479, -3.157878371398387, -2.8486542958151384, 0.6210250422502641, -1.7257850093247127, 0.18757924796639713, -2.0176093885995403, -3.0489335598117338, -4.911767040378613];179.9416540999664
[3.5366993280000063, -2.499999999996095];True;[2.6758593414375245, 2.0469046256097023, -2.051365734661268, -0.6945876077234336, 3.495748022311947, 0.383096755004086, -0.4350721739565895, -3.0360628678441692, -4.701921277406375, -1.146500937981323];176.077287199907
[3.6390790080000066, -2.4999999999984754];True;[-3.28056627831948, 0.07408409031673102, -3.644697917724735, 0.6872131884550825, -4.618222050797063, 4.771162652979337, 0.33797484744708317, 4.508463284767185, 2.0386203529906997, 0.4018316473507362];161.66163159999996
[3.425887008000006, -2.4999999999982307];True;[-2.8632975541984065, -3.4352474547471, 4.708243731290478, 2.109548476824779, -1.0675314684481152, 4.068277514303782, -3.640665831449864, -4.8107765695380795, -2.510080087435301, -1.152612124671669];180.74022210005205
[3.457624968000006, -2.499999999987676];True;[4.960023771188514, -3.7321969866806457, -0.23902001581374677, 0.5554556965886928, -2.5386642883096133, -4.148387522549974, 2.4483777246943337, -4.564892244804271, 1.5982345006140921, -1.4636865094400031];175.3001171000069
[3.2259591360000033, -2.3097665];True;[-4.2315547304656, -4.323921756182987, 3.6416607356307154, -3.9158155388643454, -4.670178615851589, 1.2636653255665848, -4.0840883804798285, -2.82627893414078, 2.9188611796480544, -1.6223924117120339];172.4768179000821
[3.4493595120000107, -0.764875];True;[4.190735662526567, -2.1771853034224273, -0.79507508162059, 2.4659138860895577, -0.7287310832118878, -2.0162963150875135, -4.314697138637912, -2.2466368626788458, 2.509139299027926, -4.394585552489522];177.5211283999961
[3.6557920080000086, -2.2979273];True;[-4.189884141186111, 2.682155496201685, -2.0560334411845558, 2.855245895415665, -1.1834376579928918, -1.8877423771033608, 3.099965123370021, 1.5795419887251647, -3.8445575743309544, 4.99435417207188];173.33583259989973
[3.904922088000001, -2.4999999999982263];True;[1.8344941646799464, -0.5444028545212207, 3.000239675415525, 0.24170697867262803, 3.9833941972265094, -1.440783912584911, 4.951998746442518, 0.9953172955152878, -0.15450478927192446, 0.715952149137018];169.18646800005808
[3.9180615840000015, -2.499999999998985];True;[-2.4012349212296846, 2.8313538090307633, 2.0222973263208077, -0.18416876523941106, 3.4660268289439724, -0.41271332514253967, 4.738037219398938, 1.4358520041813065, -2.145804997228513, 4.842079431149687];171.5272218999453
[3.5861976720000106, -2.498802484];True;[-0.1962428977319597, 2.4290318579466916, 3.2482663118425297, -2.8831806077598134, -1.232370626868172, 2.229456410018418, -3.7396406610554345, -3.2296421308224055, 0.8782971552294097, 1.3236943990845074];174.86177069996484
[3.5515702800000133, -2.4999999999983307];True;[-2.384368529460624, 1.9104624875227518, 3.67565023750611, 0.3955062063072381, -1.8611552069291215, 3.126150883754857, 3.3139178427253206, -3.927372448621483, -4.652855178424051, -2.371398076540161];173.9652140000835
[3.501310968000007, -2.4999999999992437];True;[0.5936067650488566, 1.139546440672997, 3.741235536465897, 1.519607491570822, -1.5124930835880859, -2.3218989844400264, -2.9920396479535016, 2.578495739508507, -4.540211414382752, -3.3081429398021287];175.36223089997657
[3.471270984000005, -2.499999999997522];True;[-0.10433518969686162, -4.099991021661692, -2.037170591750365, 2.391967026142554, -4.430319493794224, 2.4896258676193694, 4.115287414806076, -0.22983754641335263, -3.4968933474530584, -1.0913642735437614];171.00067879993003
[3.608469648000004, -2.4999999999888955];True;[1.7511508745750763, 2.965365185316733, 1.5864288042018462, -1.9738316924875665, 3.396600654815524, -4.5574316609870955, 4.902409770045036, -4.1325366552540554, -0.917593301562043, -3.1617580686131763];175.34810559998732
[3.4708150080000055, -2.499999999997968];True;[4.327554442532977, -1.9484166987383333, 4.061147915874606, -2.418527373243564, 1.523176810567123, -4.786530182986928, -3.380998320467994, 4.025059313519511, -4.669804675651827, -3.246778224675224];179.2927631000057
[3.3863743440000067, -2.499999999996695];True;[4.282328654701502, 1.1177433033139046, 2.496389811374894, -3.4553136594070444, -4.490607780974463, -0.9056337199876836, -2.3665209718933244, 0.039433495380865935, -4.041185029288411, -3.100059596535983];170.92349429999013
[3.576093624000007, -1.7990491];True;[-0.7617844600289603, -1.899638598932314, 3.4636156951577934, -1.0151962409817705, 4.396828836016784, 4.826820676084742, -2.507148914720446, -0.13023351782553405, -4.131592848165685, -3.881774821299037];171.4559609000571
[3.2368438080000033, -2.43452634];True;[-2.7947378518750954, -0.861950825269437, -4.355054734691995, 1.9156680245729714, -4.005600113973254, -2.281013716096465, -3.6964891958961896, 2.173937848977334, -0.19251120418116763, -3.2483561577472653];171.95088109991048
[3.7645745760000042, -2.499999999998276];True;[4.427558916720258, 0.43325749480104125, 3.129939795975613, 1.5692604933397982, 3.0702178150172053, 2.6063995986749964, -1.4645124742621851, 1.5158628131771676, -3.919575870857377, -4.282577403386232];175.22628209996037
[3.708083016000008, -1.8512297];True;[-1.9829385267943844, 2.9025066910954695, 1.752810989031249, 3.6433705974860136, -2.829496601514976, 1.4946039086617962, 3.7813880500592045, -2.3995797529976457, -1.5236851125464588, -0.3684529877065881];169.40214000002015
[3.303028368000005, -2.499999999998714];True;[-1.360564125461683, 0.47236464147503554, -3.04445273747721, -1.8161471380437355, -3.5719474250363903, 2.642461234052073, -3.101814298529466, 1.0668934106953651, -4.759325795753014, -0.8094583671433657];176.19583099999
[3.7497714480000113, -2.499999999999538];True;[3.932357460550053, -1.8903281237184122, 4.226051624971378, 4.726633848244159, 3.475600626205944, 0.14882554348881438, 0.7088736996317202, -2.005249601290464, -4.952114798503015, -1.970111011004306];175.48025819996838
[3.7217886480000044, -2.3599586];True;[-1.9943906493205077, -3.515564589220822, 4.1886733744030575, -4.657529582339993, -0.03488560270241514, 2.2842395154493804, 4.559669852959203, 0.1930408223596647, 0.706964542628004, 3.374822040024462];164.90108780004084
[3.779953776000003, -2.499999999997841];True;[4.149221768917542, 0.8942477813034966, -0.94745438897756, -1.3948452046677051, -3.1741891269941003, 3.7817079382229615, 3.7930662757387736, 2.8934953066030777, -0.12652603520462335, -2.0708728835816395];165.35482909996063
[3.744820728000003, -2.3108566];True;[-1.343964492941411, 1.7468287533247784, 3.314601313033199, 4.984297520369903, -1.7143341834258532, 3.6240789981017016, -2.402992563954276, -4.247733974879468, 3.6539357130786847, -1.4433995138267832];177.18299140001182
[3.9347229600000118, -2.4999999999992553];True;[1.5739899137103128, -3.1298782158088145, 0.9849750595365929, 4.265480420588094, 0.8037764960007507, 3.0025196113913406, 3.152527201324464, 1.434021235623324, 2.373358762301115, 0.502324420963463];166.61169049993623
[3.781733832000006, -2.499999999958225];True;[3.2122537647813036, 1.5425762435152865, 4.215006834405383, 0.7678692995830438, 1.1725793932334918, -2.0684770622145066, 2.686587244644997, -3.703528886836488, 4.1072985943361235, -4.051885849514455];176.32572930003516
[3.3641401680000045, -2.4999999999992375];True;[-4.858749317790155, -3.925313234967316, -3.4126207588851862, -4.888174409816149, -3.508302985947249, 4.919644057970121, 3.493853787153224, 2.3329377978833126, 0.8139703426859395, -2.4199616725875805];164.84299130004365
[3.361583592000006, -2.4072851];True;[-3.088482317781922, -4.660113648634237, -1.3073186589027088, -4.60269943845038, -1.9940300268843956, 4.8659105151559086, 1.8012456384164555, -4.5997290914556626, -2.2932496041575234, 4.307306336654065];171.47680689999834
[3.7075278960000126, -2.499999999996362];True;[4.830006469802392, -0.81968274400253, 1.4055550647593638, 3.175829289357301, 0.7294507993336836, 1.9867360134334886, -3.351282100919698, -3.6221532681860547, 0.14439872035850598, -0.0340524649771865];172.30341470008716
[3.7267944480000037, -2.4999999999532982];True;[1.9684771777011791, 2.9715487528397695, 0.8068904103764591, -4.7328099030030994, 0.6471102712128509, -3.294407572630893, 4.248343222107758, 2.303929410428381, -3.109892293094515, 3.527541843832049];170.66664549999405
[3.9256278480000044, -2.499999999999459];True;[3.4630982965076544, -0.2932631375439527, 4.875385581143844, -3.118628705062542, 4.333907906340867, 1.7638167385138672, 0.712614487968569, 4.697120068094669, -4.452184477083233, 2.5601714992461027];170.66541700006928
[3.5155632960000016, -2.4999999992119735];True;[-2.4012925162154772, -0.646309876977142, -1.3292567672879105, 2.7384878983369543, -3.451598273105938, 1.462134944673668, -2.111601308461033, 2.780862459958609, -2.177645007740847, 0.6937349578676741];169.88325949991122
[3.6134519040000033, -2.499999999999199];True;[-0.22503104059731083, 4.769443445110708, -2.2384434790583563, -2.1214832613659973, 2.7887747798110922, 0.6191799092102981, 3.6650392330247037, -1.0991289269528606, -2.4736272519192406, -3.595260202730195];172.57734739989974
[3.5099375760000022, -1.5565832];True;[-1.263320331536998, 3.6653488034219954, 4.497783320887638, -4.05107642789898, 0.6613514117814976, 1.9934488835085373, -1.824093495285278, -3.9415682099240623, -3.6973063134226813, -0.7434668044094073];177.14204059995245
[3.4188099840000015, -2.1207159];True;[-1.8322671023741388, -3.397108468131751, -2.058603413837101, 1.6870488104264307, -1.2958324106103722, 0.6858809338363852, 1.221320173323063, -0.9095623984128123, -3.467264292076664, 0.4446392853755201];173.51491630007513
[3.689235288000012, -2.4999999999984706];True;[-1.3989755813186067, 3.8943893474710976, -2.360049619081889, 0.36929461659687135, -3.3332694407376726, -2.5251189514225114, 4.3355749748502035, 4.726335850967189, 3.461167213432555, -3.5714234582363003];171.52840289997403
[3.744761976000002, -2.3445247];True;[4.278731468869031, -0.2529662757938862, 1.6383125107175918, -4.242248953307644, 1.512400633167296, -0.22697388445651256, 0.42170252705457045, 2.087703044508479, -1.067671715033982, 2.0195996145591995];167.11161799996626
[3.665576160000003, -2.4999999999992246];True;[-1.9072173805917672, -3.7126948664993265, 3.1034273892834143, -1.6435544349908913, 4.368826169833209, -4.725758264627375, -0.25781857477300196, 3.0705527991666717, 1.4812755190901559, 2.7255545287137153];171.34026279998943
[3.682164312000011, -2.0172143];True;[1.9158106298358177, -2.0733984420208507, 2.8665572756597104, 4.170685610848043, -2.459433922960522, -4.070401588832406, -0.06342130077963759, 4.286361106788949, 0.3600920589386538, -1.6622847549229358];173.28153489995748
[3.5901342720000007, -2.4999999998222386];True;[4.357982860224441, -4.54853513548893, 3.0146074208711386, 0.05998829323040056, -1.2720825809270142, -3.2919132812125773, 0.9366989924101174, 2.0185500968948293, 1.6312886496953984, -3.8966420448715953];172.02622280002106
[3.8325335760000105, -2.4999999999967875];True;[4.885797736463514, 0.14888774704770924, 3.787130160289969, 2.5175703530486784, 1.8662404367788952, 4.291088422111855, 2.1404106123972166, -3.4413640853009286, -2.2223474039840085, -3.741287285731577];173.08863709995057
[3.437144712000004, -2.0303796];True;[3.720572901667534, 0.3835399130189181, -2.8532624445620467, -3.680682999739183, -2.1970412825628802, 3.653483448118431, -1.2051276641611954, -4.663373160394179, 3.161648650142663, -4.392689861106945];178.62438329996075
[3.36052756800001, -0.4147919999999998];True;[-4.9269288407200795, 0.3133468512054547, 3.105077171420529, -0.7185812891931684, -0.06357755203766491, -4.7326171644085235, -0.7706551126700134, -4.378928774074078, 1.998125652761777, -1.445322033985974];183.32911150006112
[3.231904536000002, -2.49999999999822];True;[-0.4976707482280984, 2.237570520066293, -1.1626265885737919, -4.360816700284754, -2.8330377776752904, 0.6763799193902562, -3.6817184136496595, -0.8709956861726829, -3.553669857412957, -3.5281660702121775];174.4625661999453
[3.588435432000006, -2.2924917];True;[-4.789349290546254, 0.13563073312188045, -1.9107413506490034, 0.8737731135911764, 3.270880316999861, 1.4341166569977704, 0.616401053087924, 3.0663156292176, -2.7685137568361364, -0.9972332694619848];169.3190929000266
[3.770494272000005, -2.1705134];True;[2.1440879339285104, 0.45641486267439024, 2.149402351619062, 3.6460968565712655, 0.22961408767271507, -2.7916385238315256, 0.4216570190393032, 2.7958300567844843, -0.07198763879300873, -1.6195512041131743];169.0265801999485
[3.8000225520000015, -2.4999999999767764];True;[4.28432631878672, -2.983616227637622, -0.7882719799574964, 2.0490783893376303, 0.3952423217979826, -3.6202710760793977, 0.6527761965457488, 0.7207871722938002, 3.992480331718788, 4.024444609326769];174.1672842000844
[3.5084095920000085, -2.4999999999979456];True;[-3.458830278660856, -2.150389437641038, -2.4438210581249633, 4.001998557485496, -0.5771617070041168, 2.7597049805434803, -3.6173190609679784, 3.2617935233669684, 2.3825692100050553, -4.932159765601049];172.15218940004706
[3.931770888000008, -2.3614779];True;[2.842878885342712, 4.768208696871447, 2.122300590921257, 4.32988369311998, -1.543253701882957, -4.2045633121265915, 4.954596209120567, 2.8170481641893534, 2.9060233251543153, -4.166702643153943];172.7056970000267
[3.8381547600000037, -2.1640207];True;[4.878627023080927, -4.123254741235924, 4.264165127932909, 2.2307212627143027, -0.509443156399433, 4.7105677470782865, -2.911367337268067, 3.510272335201872, -2.2388695010068926, 0.6809259590999028];169.2823969000019
[3.633909912000008, 0.07046600000000014];True;[-0.8506750951340347, 4.691950191201386, 2.138475966575389, -2.311240960230662, 2.5245199981050632, 0.777709454748301, -4.8227291922122575, -3.449807452197918, 1.032146178617312, 1.3062045496741783];179.0884547000751
[3.7230010560000135, -2.4999999999993245];True;[1.6847991215495428, -1.247558021108579, -2.314244001892357, 4.069144281805748, 0.10691768741646968, 3.2568167633739122, 1.383831831368374, -3.0088922858286447, 4.106142979532004, -2.8757972507723917];171.62377740000375
[3.5779860000000054, -2.4999999999984897];True;[4.971360143862771, -1.8677217063173135, 2.8225384864685363, -4.7931197774539065, -0.8212652996197338, -1.4048312097580853, 1.2686527015782634, 4.6888272526783155, -2.8576719183657975, -3.559262861247406];169.27041230001487
[3.7942680960000033, -2.4999999999973124];True;[-1.7906819647335457, 2.8269429735905156, 0.29746605471229515, -0.48011438570893183, -3.2884506061933116, 4.554747095822753, 2.8537871455956516, -2.2587440256554228, 4.55360163715728, 1.1920213584047756];165.97177070006728
[3.5966725920000138, -1.7064053000000001];True;[-4.896497841864446, 1.2377415863168073, -0.321263434211831, 0.20007854439945127, 2.166714737700726, 0.32067883628198146, -0.9405835433480148, 3.55489202195481, 2.112149572854171, -4.121279846961761];168.42310350004118
[3.6968460480000105, -2.499999999998245];True;[-3.4468377773374206, -2.708610217447612, -0.47427784121356265, 0.05033361561543437, 4.451169872501723, 1.3648531499104113, 2.3012171787464455, 2.5050775543788166, -3.75935331220562, 3.6667394877711263];170.49092810007278
[3.8039589360000097, -2.499999999999426];True;[1.4111415057395247, -3.8596881154359752, 3.2854675587266, -1.0771954243548274, 0.9874809648941083, 3.822389969558813, 1.8442519970226563, 2.221190834578005, -1.406646735594098, 1.6807938257507828];164.66181229997892
[3.592508544000006, -2.499999999999251];True;[-0.7257323047142696, -1.5726833166908873, -3.1280887984236627, 2.6643760577210296, -4.467793563894505, 3.6976339120757817, 2.617040149330472, 3.7049428487576304, -1.2923451563729116, -2.3775111665465998];168.1469070999883
[3.467797704000006, -2.2954724];True;[-0.929545145449163, -1.3541838974318168, -0.7847233613763027, 0.50052739553003, -0.5047961982844438, 2.6083719399290093, -2.8816066063600685, -2.5223762810021255, -0.6719662607046732, -0.11347753833972973];169.30153589998372
[3.249666864000009, -2.4999999999980833];True;[-3.596031484030756, -2.5440787926706276, -4.236800687094803, -3.355231500539946, -1.0881677303415338, 4.1067481182607075, -0.7885717389564837, -4.648645443242485, 3.018699436982603, -3.6203502597819117];169.16727039997932
[3.312297144000012, -2.4999999999985145];True;[3.9348412787069638, -2.0238351405105615, -3.2253915217251548, -3.648437167933569, -2.3628720779438517, 2.275930098409484, 2.0159369826967133, -3.587468589133971, -4.741438424100278, -2.4901799369054842];170.76691919995937
[3.7299620880000135, -2.4999999999986926];True;[3.39191921772675, 1.3865289683386255, 1.7616285162553433, -3.3337785026514677, -3.376727734355909, -3.00616047316963, 3.180740546178967, 4.823193123049441, 2.585739180183422, -1.9296902256187156];168.35987049993128
[3.4316995680000044, -2.493280912];True;[-3.968482617852398, -4.7178568099580875, 2.5960783852075595, -0.07997234684658672, -0.0119976732774294, 3.8348947880262934, -3.8250296816880844, 4.232828357798869, -3.652575711890822, -2.7329181371027236];173.61002589995041
[3.8256256800000137, -2.49590938];True;[-1.7658360781375046, 3.6991680761776777, -0.5076783901282003, 3.396561874774548, 3.027671493532978, 3.9965170621450135, -2.5747997108908613, 4.703108513404736, -4.102351136383698, 0.0399401089872109];172.8111597999232
[3.3664522320000083, -2.499999999996544];True;[-3.090011629738185, -2.4710663161616164, -3.9349783220368115, -1.2019046443205026, 2.2177635661113646, -3.3509456321790054, -4.2073906196650945, 3.1797280185820807, 1.004801195106861, 0.5082744127266849];167.54766659997404
[3.357178920000009, -2.499999999998437];True;[-0.812868716709132, -3.0049124417476247, 4.833256000173353, -3.2566696821688845, 2.3167185704180255, -0.6359244455884303, -0.3145529777719176, -4.867244102721443, -3.4276256447140154, -2.605214434384455];181.07826490001753
[3.6570988080000117, -2.499209996];True;[-2.1118102990551813, -1.0170507182442554, 1.3815244428176898, 1.0980719744743608, 0.8811673112017226, -1.7481373777122555, 3.181315639685037, 0.1944680752013923, 3.2123587752067504, -2.961803256956345];169.27495739993174
[3.7878494400000045, -1.8535251000000001];True;[-2.397881247050363, 2.6754720316309886, -4.225401429895994, -1.323119350169728, 2.923026126726411, -0.978395082756311, 3.1440617890744313, 2.883140409069335, 4.113373799262044, 1.3491254794826162];164.8973272999283
[3.5547545520000083, -2.499999999991256];True;[-4.136830079655278, 0.7290741387717601, 2.8251078651125514, -1.7268370829793724, 4.616595306541164, -4.6518342887323785, -0.07896256249940592, 1.8308977818194219, -2.2142593272289792, 0.17903623189146778];169.60311060003005
[3.419875944000006, -2.4999999999970854];True;[3.507116233811665, -3.8763607109046294, -3.9723365424057597, -1.3602943593224692, -4.2007287056694596, -1.5594127792744104, -2.7680334422458164, -1.787946423023139, 4.347687808981441, 2.7978607383839806];170.0599390999414
[3.5764476480000114, -2.4999999999959743];True;[-0.796364859856082, 3.2164629401407066, 0.22252206619089954, 1.8557863609507619, -1.26378848884693, 3.853228274842227, -3.7194938537038813, -3.537822494563052, -1.7342898806012395, 0.2800374010417128];174.86935860000085
[3.604250304000009, -2.4999999994317483];True;[1.2837575257500031, 3.6555006294210948, -4.060249297390456, -3.66040935768428, 0.5037140720845903, 3.5457496131163495, -0.3532768406356235, -0.616632960152411, 3.6923664651388233, -4.327072011772497];174.34238970000297
[3.4863156000000117, -2.49999999999863];True;[-3.993650728951189, 4.359973656437486, -2.1907344954074492, 4.3488627006067, -2.7750792312888715, 4.142357901301704, -0.38999161737912846, -2.219322468083856, -2.0955893942888726, -4.983327467524311];176.05927349999547
[3.709506456000003, -2.499999999998629];True;[-2.8591105947731963, 2.988685305316311, 4.009295615984827, -4.50384524725624, 2.7211005051298764, 0.9018374158798794, -3.7248615400769625, 2.136462894145451, -1.2215405362521436, 4.088429259997948];173.75645410001744
[3.271544856000008, -2.499999999998874];True;[-3.3381694840744336, 2.919835864125594, -2.275049570184403, -4.1410071411927785, -3.6200747216580753, 1.1799810228777314, -1.7782952742137272, -4.918719817500355, -4.766241627272656, 4.998112572784013];159.55752020003274
[3.1834844640000055, -2.4999999999976197];True;[-4.662757765648124, -2.503751251078331, -4.523402768896007, -2.258981645415953, -4.559950008544499, 1.9437123965199756, 4.369856143981933, -4.441705160951387, 0.6689992742201394, -3.8484935559798883];154.22261560009792
[3.790001664000009, -2.4999999999977676];True;[-0.8024989121566861, -3.1887909893063613, 1.5054003336667652, 4.636153387091277, -1.5013810474645242, 0.44761311741155385, -2.2011212824328243, 1.9496894834646934, 4.744352894234829, 2.673617959475231];149.02775820007082
[3.552789816000004, -2.3277406];True;[1.0380743775587113, -1.0709902278468917, -2.0614166456781877, -4.469435925180406, -3.775696272802139, 4.442151711847503, 0.1356444831232393, 1.3948304001418075, 4.340739940166374, -2.692935565272353];148.84726459998637
[3.6402540480000023, -2.499999999998263];True;[-1.6792334829037623, 0.9965590435668936, -2.746510109206387, -1.29340802419759, 1.1502255742137795, 4.767804522766433, 4.236430307491338, 2.0634863814789313, -1.2629297682412255, -4.902165525425199];133.33940659998916
