objectives;is_feasible;variables;evaluation_time;algorithm_time
[3.581097264000008, -2.499999999999082];True;[-3.698986823614838, 2.6369517563229863, -2.0537641408628993, 1.5787259462323213, -2.2531756113550125, -1.9434959576944086, 4.985141703900817, -2.9775225895843116, -0.12158017981303537, 2.4392271654108217];134.54588619992137;1657.9732995999511
[3.4578355680000006, -2.0600778];True;[3.043112308726174, -3.678156518773914, 0.7760680527758002, 0.37026411811812654, 2.1270732912742263, 3.533394321366167, -4.203588120499698, -2.770177714091292, -3.3410425056685966, -2.9719935247056584];137.20897589996457;
[3.8173090320000047, -1.7558789];True;[-4.4416056318398525, 2.0034070546314995, 3.3712942195189033, 1.4618912459324909, -0.7918334331778931, 2.1913156746649864, 4.89532458938046, -0.21662777573966974, -0.5313730763272417, 1.58549982415101];133.07490510004573;
[3.866121360000002, -1.9472224];True;[3.539337072774339, 2.2107316535225054, -1.9863201131722596, -1.6512073718229447, 2.7442141728574985, -3.341275926383447, 2.261098342487032, -0.2314640527411349, 4.377994981592423, 3.8639898664283585];135.36750839999877;
[3.808743336000009, -2.49999999999808];True;[-0.430729936156494, 2.1026954228225447, 3.993791173527651, 2.876927431879218, 1.0983978538834185, -4.761681182090866, 2.112790001394278, 3.430159319358122, 0.4221491895802032, -1.7138126167352894];137.3205199999502;
[3.4022592000000076, -2.4999999998980837];True;[-4.559344985081876, -3.742397592734851, -2.9501721878909617, 0.9056737180334586, 1.1362154648297533, 4.529567865561612, 0.2679959080995271, -3.7966304875385015, -1.610724576624495, 0.13184955320070912];180.27323089994024;
[3.700236816000013, -2.499999999997519];True;[3.9253922999963216, 0.7094207933080074, 3.2588663897443677, 1.6535134879453741, -4.600326441605267, -2.5473276135778535, 1.6858541027985288, -3.6094542002336794, 1.7907474405203816, 1.8405589170578356];183.33832109998912;
[3.9979379520000133, -2.3407224];True;[-1.5319473326224253, -2.6032447560621175, 1.0527109121145433, 1.2636011662431255, 4.823887735141556, 2.369092903996557, 2.7299910065170083, 3.8703155635871784, 2.4663965085712825, 3.4489060709980652];179.81340849993285;
[3.5558833680000013, -2.4999999999976463];True;[1.598592855103254, 2.2066335832536774, -1.2772492132428424, 3.436609136435715, -4.242678116051257, 1.959143365767213, -3.527385779992666, -4.315091482216219, 0.6442183024996737, 0.9414230985905654];190.1927073999541;
[3.702375432000013, -2.4999999999992726];True;[-2.95481386732104, 3.0540594914025974, 3.391201654522529, 4.714495223923741, 3.473789226970492, -0.673008978520925, -3.860101980371642, -3.7987537879069655, -3.8660827126106923, 4.725483036388839];190.39938279998023;
[3.627750240000005, -1.422801];True;[-3.8737778201025455, -3.116550581746209, 0.8826315675900744, -2.4681355335187547, 2.9251064095262826, 3.789994297301396, -4.746961982591308, -0.059748912053922965, 4.531273317191909, 2.8875578976350713];169.60386249993462;
[3.5655297120000125, -2.3702034];True;[1.4806061152358563, -3.6088984592980866, 1.036491583975506, -2.0377259785909887, 1.9671643343069034, -0.92689368324982, -3.2978590721495626, -0.8779636062068068, 3.848981108814151, 0.28689547684630146];168.48201280005742;
[3.448329192000013, -2.2101084];True;[1.9698857258302516, -0.41989015753431325, 0.14757442968841072, 2.6396258409380415, -3.3018047489595546, -1.7636982184447403, -3.188705893098882, 1.0547295269547625, -3.8041155580830477, -0.8887276211870567];169.61673130001873;
[3.806180496000011, -2.4999999999994054];True;[2.488062086849105, 0.2606242776319556, 0.4950679427324438, 2.295759799586885, -2.8111787375625754, 4.7549212601905655, 2.140838724123907, -3.4696684116346055, -1.5122757791263264, 4.369900323040165];165.88539840001613;
[3.2747697360000076, -2.499999999998084];True;[-1.2295749148632815, 2.7436179576375554, -3.391766858302472, -2.7789592145966924, 4.176679973403505, -4.654702266242488, -3.3848872788738937, -4.650425123479191, -3.48359427914552, 1.0633359515890115];171.8787892999826;
[3.6343628640000123, -2.4999999997049267];True;[-4.160697773669824, 2.672387320247948, 4.890592939834445, -3.6790622855265376, -0.3487851490113165, 0.7346322110676597, -2.272571685450284, 0.8911878571242573, -2.4479982130992006, 4.7778558944426806];166.9450683000032;
[3.71052316800001, -1.8147425];True;[-0.07388065101840535, -1.580645336020484, -0.2922593437268901, 3.072407384406567, -1.3123695472735797, 4.3071434289486135, 2.9865935058575843, 2.3994959036793952, -1.6369480763691193, -3.2860768183528446];163.65961540001445;
[3.3726477600000138, -2.4999999999986784];True;[0.17515545584006453, -0.672249303966737, -3.646014553194392, -4.932609295259821, -2.0831992336427483, 0.08405835946132001, -0.22345084301524487, -1.5573099132628707, 0.36035446364316126, 1.4363633372466902];162.22102880000602;
[3.8344099680000103, -2.4999999999969273];True;[-1.6357666935818251, -4.597080316022496, 2.9808829433055193, 4.232721183204097, -0.36727842221704954, -0.46179501140415624, 1.3459227303279162, 3.1713575153736464, 1.8459405444683874, 3.804064600968653];161.25535870005842;
[3.6924340320000084, -2.499999999996537];True;[4.14364621907324, 4.582774590569832, 3.075605779975538, -4.090524108531113, -0.23680879297494162, -1.6909519396339823, 3.8861433766360225, -0.8266202366120332, -1.7925713377208163, -3.3046746630737767];163.07994079997297;
[3.7528185600000095, -2.499999999960024];True;[1.622110971333245, -0.19489890717265368, -3.6928663067102763, 4.626909867036273, 0.3440843719815021, 4.8113897381867705, -2.5793087153285943, 4.96220811893213, -0.5535632405258948, -2.8044563671068734];167.9840433000354;
[3.2254092000000014, -2.499999999997829];True;[-2.5807070580676426, -1.2333433759776637, -4.487862096531746, -4.351425497070908, -0.05573586033322542, 0.08452256512915923, -2.5013571945003035, -4.346155142584198, 2.934814333913157, -1.3382556357168998];167.61034220003057;
[4.002929496000007, -2.4999999999993454];True;[4.747196373852159, 4.500870542819433, 0.4668486221681123, -2.423097342831664, 0.5829210962115976, 1.547106460026039, 4.782130702249441, -0.6003841207619045, 4.923502525790376, -0.4062754570643712];163.7500524999341;
[3.4208118720000096, -2.499999999999488];True;[0.10743815520517064, -1.3670601691773667, -3.0712855102505343, -1.1329785050848518, -2.490673148197813, 0.2517050978967674, 2.8934667320145904, -0.7900215631910248, -3.7433805848988886, 0.5137192645787074];166.93537309998646;
[3.1046911200000027, -2.4999999999978573];True;[1.9634320455296672, -1.0380457107319963, -3.6310163894313154, -2.661993058109541, -3.7189821112224553, -2.526411535239821, -4.555348290090264, -4.878633172995082, -3.4904525878172867, 1.0731660203817475];177.20724629994947;
[3.76154107200001, -2.4999999998861138];True;[2.7444302156933436, 3.613476635562476, -4.0679018433985945, -0.4628826154686063, 4.179287216656331, 3.5553330644017773, 3.596010505680349, -0.8912992349334399, -2.5394974449845185, -2.7815325763003305];167.0842876000097;
[3.765829968000012, -2.4999999997529896];True;[-1.3350224287233736, 4.075178082247778, 4.497138232425218, -4.166967176684713, -0.9853232340031148, 1.6738532835585946, -0.9032525963535569, -0.8038201704969765, 0.43247916064609804, 4.65979039760909];164.83475549996365;
[3.5227725120000053, -2.4999999999388356];True;[-2.0418842107649238, -1.085196576483467, 3.572254116827171, -0.842527420623103, 0.3327638270947446, -1.5425023523981798, -0.06091796576465036, -4.180877182514868, 2.734943585243572, -0.9947073588855506];170.9743539999472;
[3.7894968720000035, -2.499999999999402];True;[4.59845728965424, -0.25464659553683955, -3.159155071531176, 4.717864528280801, 3.22375216443443, 3.951476643164293, -2.1724556148963927, -2.492095591974791, -3.4121049893923896, 3.238566026186957];170.41445689997636;
[3.409414848000003, -2.4999999999992504];True;[-3.215548114297758, -1.3404628041504942, 1.3715994551254802, 4.183240177783139, -3.7621640560028338, 2.996831903408271, -4.383102480310787, -1.8381736682032104, 1.1164210187717671, -4.485366282242565];166.95128040004056;
[3.6655351200000075, -1.080847];True;[-4.035910668087377, 4.3644526223145, 4.027975222290557, -4.150064272566548, 3.0004343227727617, 2.2629893431933743, 3.7619714850201955, -4.831282172831939, 1.1320885778556757, -3.031941014058436];177.05090639996342;
[3.9053957760000064, -2.4999999999994693];True;[-3.321126500832381, 4.69948622616238, -1.724322077132098, 1.574919761114403, 1.720164502560925, 3.615820699785882, 0.22152783839373047, 0.8088376330626108, 1.9835391597748506, 4.026513988862082];163.70541870000307;
[3.869271504000002, -2.4999999999990705];True;[4.413014692343319, 2.7524914357138774, -4.198340055766092, 0.631637229818419, 4.2326227305156845, 4.123708099937636, 2.328485622844835, 3.61359167499576, -1.62268579807873, -4.341557484826559];164.41271459998097;
[4.072624272000002, -2.3013231];True;[1.2114881949691796, 1.6945787754239507, -0.01763007862567445, 4.768680996136464, 4.298111462897188, 4.635296098195651, -1.7206232488681694, 3.1651979747476915, 4.294162905897007, -0.981844800965062];159.14027640002314;
[3.7116725040000076, -2.2810749];True;[0.8168493922146638, 3.506322648959543, 2.87361122238781, 1.1741891314163464, 0.9287262980907265, 0.26416884569672483, -0.16634048473468077, -2.204226771948705, -0.17551994711003527, -2.3810641809043287];164.13763909996487;
[3.3545031120000015, -2.499999999996666];True;[-1.153419025984408, 2.8575301304951655, -1.5260134933063219, -2.1832577084773366, -3.300007730302803, -3.325033848897696, -0.4663543956713152, -3.3198931295678347, -1.72202096631663, 2.2395454738391862];164.86449540010653;
[3.5590501440000004, -2.497887315];True;[-2.034316111118283, 3.6054491504782558, 0.35626820708300855, 2.2022484575721757, -4.999342595556623, -4.051503792329386, -4.2793496717266795, -0.05802305930066787, 4.949490677163039, 1.8799474654389474];169.1610141999554;
[3.36625912800001, -2.499999999997816];True;[-4.481462427726276, -0.44532407450787304, -3.973606131311158, -2.4380350476904256, -1.048511566568553, 4.1310918974990045, 4.099908642966126, -2.2014236187480374, -1.250908308929739, -3.746419291926806];165.73848709999584;
[3.683238696000013, -2.4999999999983036];True;[4.452078841958281, 0.7958349496736572, -2.6174423074087763, -3.543551676230262, 0.21510924520187746, -1.5971889163113264, 3.3170040001077172, -1.3425678510972627, 4.494549283865602, -0.8535130068993011];164.37436140002683;
[3.5301966480000004, -1.343623];True;[-2.9489919281105195, -1.4540963384413619, -0.011004164723819265, -3.696387766257242, 2.7382420561045, 2.5497741866900556, -1.283042969475944, -0.7018358619040557, 1.0128140613168117, 0.029580537427599474];161.34315679990686;
[3.4829101440000123, -1.6756717];True;[-2.17269661118096, 1.0807668048200805, -2.3550346746814954, -3.5203834975936954, 1.5270677501648064, 2.2730428472878152, 2.857474894891949, -3.0361266349508287, -2.0303185535000976, -0.5779411415977611];162.96298640000168;
[3.3543957600000036, -2.499999999997673];True;[-1.720526175173227, -4.443491173113073, -0.6536165473874771, -1.7781995414244003, -1.2023099535786406, 3.7172382924149936, -2.020103871885197, 0.6393628198886612, 0.3124687577082774, -4.754735057623166];163.8637769999914;
[3.5565858000000117, -2.4999999999932494];True;[-4.165794922103991, 2.4202612073670213, 2.3587317821257727, 0.566748452069195, -1.2937900968036997, 2.490861270517488, 4.306758822590599, -2.6642104154085713, -2.072354990276728, -4.490460500818639];165.22556970000733;
[3.586343040000009, -2.49999999995802];True;[1.930210692158881, 4.584981537531442, 2.154145293392485, -2.0609680008822084, -2.90514981206474, -1.4422842549931003, -2.5265817335512297, -3.649589089087546, -1.472039855787619, 4.221663336900823];167.8420661999844;
[3.2711018400000125, -2.499999999995758];True;[3.367798462598424, -4.689469805452347, -4.709794475604461, 0.2591959994569635, 0.7224635064851377, -0.865267234060183, 1.0141545621009262, -4.618059158444297, -2.9299090534422345, -3.311226679377679];168.39272259990685;
[3.460604472000001, -2.3436737];True;[-2.435479873383052, -2.7879124427183877, 0.3727856620225314, 3.7994650450574134, -0.48807503310459666, -4.435293137888921, -3.6554604854824504, 4.914998369512608, 2.727623326510721, -4.99951161896231];165.84608230006415;
[3.4750499040000076, -2.3138418];True;[1.4897106001279692, -4.056591982482387, -3.199266971360686, -1.4284153210296013, -3.0605555424205475, -1.8438219305003178, -1.1948414424631295, 4.875914131223645, -1.6392823671737777, 3.7391144076823952];160.4821378000779;
[3.857710968000014, -2.4999999999998055];True;[4.170416667448263, -3.209610929272051, -0.9493342683656492, 3.1985270389534293, -1.501659017731881, 4.197934758912986, 1.98633627500009, 1.5935074380487722, 2.596374732539731, -0.6847792529816843];158.0774430000456;
[3.678807456000008, -1.9857748];True;[-2.016040576443332, 3.7495672200993084, 2.1191134498689648, -2.0350868846692682, -1.1655723877581439, 4.838278180491672, 0.6059344506893138, -0.7055019406198344, 2.5147161061840784, -4.790231766063772];160.6837762000505;
[3.7209676320000136, -2.496157176];True;[-3.8848486244513234, -4.133668671146924, -4.341369904057874, 4.480812443441678, 4.4729260500816945, 3.393084648668129, 0.11626170998524898, 3.2520246595492353, -1.9388041210179061, 3.650596105046427];156.42355549999047;
[2.760824088000005, -2.4999999999953095];True;[-4.984576902995498, -5.0, -5.0, -1.6028228221195064, -1.2369933439460175, -1.5596852230766522, -5.0, -5.0, -5.0, -5.0];178.33676550001837;11.604435799992643
[2.5315200000000093, -2.47531935];True;[-5.0, -5.0, -5.0, -5.0, -5.0, -5.0, -5.0, -5.0, -5.0, -5.0];174.34544079995248;11.604435799992643
[3.001368600000012, 1.1926130000000001];True;[-4.919110004415945, -5.0, -2.769339511007657, -0.9094542555724185, -1.59776272056104, 2.9226285925702804, -1.0694125797791236, -4.905318202300503, -5.0, -5.0];170.53295509994496;11.604435799992643
[2.943735480000001, -2.49999999999854];True;[-3.6867359133251796, -5.0, -5.0, -1.611271134366639, -1.3082602825720318, 0.9888215808608241, -3.3579276421991318, -4.115139288034718, -2.8254477847089308, -5.0];172.10954219999257;11.604435799992643
[2.65672116, -2.4934546];True;[-5.0, -5.0, -5.0, -4.414964965131036, -1.9904017671149914, -2.7982812140938376, -5.0, -5.0, -5.0, -5.0];177.94922269997187;11.604435799992643
[3.0638748960000046, -1.9873204];True;[-5.0, -2.56636180397798, -5.0, -1.7009529732089437, -2.7332028352240996, 0.37557406880891353, 3.5465769587524694, -5.0, -2.2755705768323233, -5.0];170.718993699993;9.597817700006999
[2.9614101120000043, -2.4999999999988023];True;[-5.0, -5.0, -5.0, -0.026589828396278214, -2.2150234534289615, 0.5465656028941401, -5.0, -5.0, 1.5973797263603924, -5.0];173.6620543000754;9.597817700006999
[2.720771208000003, -0.8322940000000001];True;[-5.0, -5.0, -5.0, -5.0, -1.6471098006297709, -1.3686910773876821, -5.0, -5.0, -3.2225858524427737, -5.0];175.30988720001187;9.597817700006999
[3.353553360000011, -2.4999999999968523];True;[-1.1475221898025305, 1.2687592867345012, -0.9265916965157341, -3.0624561401240067, -2.2586206500055765, 3.8648959012977233, -4.719763703773334, -5.0, -0.6968944178407659, 0.7353158169964349];169.63586220005527;9.597817700006999
[2.8528480800000118, -2.499999999979717];True;[-5.0, -5.0, -5.0, -3.718347876304391, -2.976140963447776, 2.84971088319916, -5.0, -5.0, -1.2789033276369048, -5.0];169.87116840004455;9.597817700006999
[2.8060896960000052, -2.4999999999975397];True;[-5.0, -5.0, -5.0, -0.8242693591582393, -5.0, -2.499752183454051, -5.0, -5.0, 1.0355830887121344, -5.0];171.35262209991924;9.274189700023271
[2.8131511680000028, -2.224698];True;[-5.0, -5.0, -5.0, -4.173572847487929, -5.0, -1.4248075590171005, -5.0, -5.0, 3.57528746512898, -4.938444543125417];168.79068149998784;9.274189700023271
[2.6135177040000066, -2.4999999999726716];True;[-5.0, -5.0, -5.0, -5.0, -5.0, -5.0, -5.0, -5.0, -1.2038147727882418, -5.0];172.426005300018;9.274189700023271
[3.0159311040000025, -2.4999999999989715];True;[-3.172585327601719, -5.0, -5.0, 0.5738869949515433, 1.5081095171972558, 1.2862958392411858, -5.0, -5.0, -2.769259253252003, -5.0];173.86853109998628;9.274189700023271
[2.8690528320000075, -1.445443];True;[-5.0, -5.0, -5.0, -2.977647186718254, -5.0, 4.0561971373205825, -5.0, -5.0, -0.4520293343255828, -5.0];170.5144975000294;9.274189700023271
[3.660415920000007, -2.2689496];True;[3.935561919781904, -3.9072651730794696, -0.46562888351032417, -2.6247528963638596, -5.0, 1.2526740444109983, 2.000838565633405, 0.7469799438855365, 5.0, 1.3253006279124708];157.06615719990805;10.00136980006937
[2.745914904000002, -2.492426833];True;[-5.0, -4.902661179302819, 1.2021316932070478, -5.0, -5.0, -5.0, -5.0, -5.0, -1.3737796693428046, -5.0];182.9095642999746;10.00136980006937
[2.599343136000007, -2.43830284];True;[-5.0, -5.0, -4.064198951103916, -5.0, -5.0, -5.0, -5.0, -5.0, -2.795832270909006, -5.0];169.81194929999765;10.00136980006937
[3.019171104000004, -2.4999999999964433];True;[-4.76926517698139, -1.5648940095570998, 2.01973688197104, -5.0, -5.0, -5.0, -5.0, -3.39236984637865, 1.375745736029252, -1.0925232535865934];170.3202160000801;10.00136980006937
[3.2145681600000002, -2.499999999999593];True;[-5.0, 1.3127869549576054, -3.617704255813641, -4.866598525502314, -5.0, -0.8378777764675363, 1.8495674679901235, -2.4197334658247307, 3.1413524448200825, -2.9392182616963574];162.1910549000604;10.00136980006937
[2.79539575200001, -1.7741305];True;[-5.0, -5.0, -5.0, -5.0, -4.866874468653879, -5.0, -1.0173180040887244, -5.0, 3.0104816570816038, -4.909817532871562];173.5241807999555;9.0758873000741
[2.7313018560000124, -2.4999999999986238];True;[-3.7944313455603034, -5.0, -5.0, -5.0, -5.0, -5.0, -5.0, -5.0, 3.0435899307560774, -5.0];179.9473826000467;9.0758873000741
[2.6035229520000036, -2.493909402];True;[-5.0, -5.0, -5.0, -5.0, -5.0, -5.0, -4.116453009343246, -5.0, -2.5500866780507914, -5.0];180.011042399914;9.0758873000741
[3.0266619840000066, -2.4999999999996363];True;[-5.0, -3.5271165860722773, -5.0, -5.0, -4.361442404631829, -2.142953843415963, 4.268881894037932, -5.0, 2.8738689212170856, -4.187992833039049];174.01443049998488;9.0758873000741
[2.9517227280000116, -2.497519669];True;[0.2629747805435203, 0.5731517263223971, -3.94406807737497, -4.959580995460269, -5.0, -5.0, -3.6493605627632144, -5.0, -0.9947416211654332, -2.8345272237209818];186.1230732999975;9.0758873000741
[2.698979184000014, -2.499999999998902];True;[-3.7531589792360007, -5.0, -5.0, -5.0, -5.0, -5.0, -1.0881733410738654, -5.0, -2.7617064619310825, -4.644226031934844];167.68078050005715;10.585159300011583
[3.115925064000005, -1.7054573];True;[-4.561098917048215, 2.5461367917206, -0.5758519597525655, -5.0, -5.0, -5.0, -4.458531316551031, -3.752965269142739, -1.0200783550955377, 3.8781615520812966];172.44178689992987;10.585159300011583
[3.095150616000006, -2.4999999999945843];True;[2.0668357512972637, -5.0, -1.8538762299403153, -5.0, -4.873128851219074, -5.0, -0.4221730366019276, -5.0, 1.849059502497596, -0.6727021684622345];170.82518990000244;10.585159300011583
[2.6924240160000057, -1.5274047];True;[-5.0, -5.0, -5.0, -5.0, -5.0, -5.0, 1.0809804143101776, -5.0, -3.6317382585736393, -5.0];170.80540709989145;10.585159300011583
[2.8256830560000057, -2.499999999986933];True;[-5.0, -5.0, -5.0, -5.0, -5.0, -5.0, -4.023198812089518, -5.0, -1.2248074726103297, 3.8666676183532918];168.4606921999948;10.585159300011583
[2.944184112000009, -2.4999999999593823];True;[0.1714119958925009, -3.2839131615634036, -3.0759068668443326, -5.0, -4.5279649398401, -5.0, 0.6874846001237653, -5.0, -1.275135719184636, -4.59115650389888];173.56821229995694;9.251692699966952
[2.724144912000001, 1.8506140000000002];True;[-5.0, -5.0, -4.076636562109548, -5.0, -5.0, -5.0, -5.0, -5.0, 2.9944598161182796, -5.0];172.20077340002172;9.251692699966952
[2.715240744000008, -1.9391232999999999];True;[-5.0, -5.0, 2.493458667011703, -5.0, -5.0, -5.0, -5.0, -5.0, -3.9878697962196963, -5.0];190.6227602000581;9.251692699966952
[2.762146224000006, -2.499999999684391];True;[-5.0, -5.0, -1.5141452627848606, -5.0, -5.0, -5.0, -5.0, -5.0, 2.191304142296355, -5.0];173.52937919995748;9.251692699966952
[3.001099464000012, -2.499999999995954];True;[-5.0, 0.9214104568674051, -3.272094424647907, -5.0, -0.7611667135688069, -1.9394108075177985, -2.486868731304108, -5.0, -0.7220656049087193, -5.0];174.99747569998726;9.251692699966952
[3.301613136000012, -2.4999999999917124];True;[5.0, 5.0, -5.0, 5.0, -5.0, -5.0, -5.0, -5.0, 0.6524654193240123, -5.0];173.1192954001017;9.456771500059403
[3.410181216000008, -2.499999999998704];True;[3.599979095578794, -5.0, -5.0, 5.0, -2.377558610344756, 1.1170739047646645, -5.0, 2.0889110294061197, 0.5330432726891896, -4.282662431994204];162.23218710010406;9.456771500059403
[3.400454304000003, -2.217149];True;[3.449038243710385, 4.783065026600964, -1.5100887117782067, -3.8542899532312758, -3.569622992011154, -3.4460938857253067, -4.0652833321884865, 5.0, -4.476716430899843, -2.0815684973144695];168.26004500000272;9.456771500059403
[2.963520000000011, -1.024505];True;[5.0, -5.0, -5.0, 5.0, -5.0, -5.0, -5.0, -5.0, -5.0, -5.0];190.65087659994606;9.456771500059403
[3.1687381440000104, 1.6467270000000003];True;[5.0, 4.500822373514888, -5.0, -5.0, -5.0, -5.0, -5.0, 5.0, -5.0, -5.0];171.3945438999217;9.456771500059403
[3.2111460720000014, -2.499999999998229];True;[5.0, -5.0, -5.0, -5.0, -4.479002965885503, 5.0, -5.0, -5.0, 4.289408293675944, -3.3462263177079556];168.89132160006557;10.74133550003171
[2.8491704640000033, 0.31613900000000017];True;[0.07163400907776918, -5.0, -5.0, -5.0, -5.0, -0.6567486356928196, -5.0, -5.0, 0.29114132159282047, -5.0];186.94978979998268;10.74133550003171
[3.3897603600000075, -2.48548075];True;[-1.5808118540990668, -5.0, -5.0, 5.0, 5.0, -2.7476362052983196, -5.0, -5.0, -0.9382012539862021, 5.0];188.77541120001115;10.74133550003171
[3.2221162800000065, -2.495068674];True;[1.5784618926491687, -5.0, -0.2544662219204312, -4.351984501007443, -5.0, -0.08331875878813921, 3.4482341251089643, -5.0, 0.06838586506046962, -3.433260014125295];179.03842730005272;10.74133550003171
[3.075366960000006, -0.8238840000000001];True;[-2.8492524902641705, -5.0, -5.0, 5.0, 5.0, -4.979307989711662, -5.0, -5.0, -1.9933421481465938, -5.0];181.9870294999564;10.74133550003171
[3.369919896000009, -2.1247983];True;[-5.0, -5.0, -5.0, 5.0, -1.8458433135659584, 5.0, -5.0, -5.0, 0.6606530222360458, 5.0];164.21345899999142;10.405514800106175
[3.072633696000013, -2.499999999987093];True;[-5.0, -5.0, -5.0, 5.0, -5.0, -5.0, 3.304049579327348, -5.0, -0.5432997815542073, -2.709203670189501];165.6735147999134;10.405514800106175
[2.9904621120000057, 0.3911180000000001];True;[-2.8133795296553865, -5.0, -4.975573572066106, -5.0, 2.7107315096927582, -5.0, -5.0, -3.674442445416922, -5.0, 5.0];172.93018539994955;10.405514800106175
[3.795485256, -2.4999999999990883];True;[-1.7594699539935386, 3.9675152416289645, 4.449832697063055, -0.2546718908836363, -0.9654148193673979, -0.7097646017635926, 3.1060284724894984, 4.454683496525201, -0.4393266084041354, -3.33249377207639];164.0235714999726;10.405514800106175
[3.400825392000012, -1.5187519];True;[2.521505018443017, -1.136995043369148, -2.2035956622523543, 5.0, -5.0, -4.686763310966369, 5.0, -5.0, 0.7514645703808736, -5.0];170.8241868999321;10.405514800106175
[3.5178416640000014, -2.4999999999993467];True;[-5.0, 5.0, -4.681695308499427, 5.0, -2.789835096689831, -5.0, 5.0, 2.0567800325740393, 1.0777476578972989, -5.0];178.01340779999737;12.29957260005176
[3.681059472000009, -2.499999999998985];True;[-4.75802478305475, -0.5890142996306933, 1.6742334136625576, -4.246677356023187, 2.9416217449629753, 4.327877023914658, -3.583923445494858, 0.6086159869695607, 3.288269309454158, 3.556430299726907];166.3151816999307;12.29957260005176
[3.3910837920000105, -2.499999999993357];True;[1.7517459874819075, -1.4089203180269205, -4.670776626577551, 4.461335021798629, -1.9128460427242855, -5.0, -5.0, -5.0, 1.5740680029890601, 5.0];177.9970384000335;12.29957260005176
[3.4974732960000035, -2.499999999986699];True;[3.2438864668520377, -5.0, 0.89751909419447, 5.0, -0.6023581034539403, 2.889762056450751, -5.0, -5.0, 3.2912443252274315, -5.0];178.02008819999173;12.29957260005176
[3.313797480000005, -2.4999999999976286];True;[-2.910854480597034, -5.0, -5.0, 5.0, -0.8726095108371146, 5.0, -5.0, -5.0, 5.0, -5.0];173.26598020002712;12.29957260005176
[3.7582364880000134, -2.496937334];True;[-1.6202938302849978, 0.1836539906247534, 0.23695932009881737, 3.4958103289179405, -0.1647709701110145, 4.288721406145077, -1.120647550351661, 1.4999606852385927, -1.8069391491171691, 1.7999738113522836];165.43849770002998;13.252852500067092
[3.381950880000012, -2.4999999999986233];True;[-5.0, -5.0, -5.0, 0.8560346388418338, -5.0, -5.0, 5.0, 5.0, -1.4842385321209384, 5.0];167.45251870003995;13.252852500067092
[3.4537568400000023, -1.7243558];True;[5.0, -2.685317248949261, -5.0, 5.0, 2.9888461696168296, -5.0, 0.6259957264187124, -5.0, 1.7666250935284626, -5.0];174.35563550004736;13.252852500067092
[2.9729434320000108, -2.495983476];True;[2.7093495866682806, -5.0, -5.0, -5.0, 1.0663460490770396, -5.0, -5.0, -5.0, 1.6605637635087973, -5.0];176.18501609994564;13.252852500067092
[3.519021888000004, -2.41844219];True;[-5.0, 5.0, -5.0, 5.0, 1.6430016047013911, -2.4179781995546374, -1.6993517540131982, -5.0, 2.6914134075808747, 0.5006076553742087];169.9868896000553;13.252852500067092
[2.9887513920000135, -2.499999999997645];True;[-1.1075155730380222, -5.0, -5.0, 5.0, -2.3253206634126995, -5.0, -5.0, -5.0, -0.39904077215665623, -5.0];177.84399079997092;12.215326700010337
[3.1929232320000027, -2.499999999996649];True;[-5.0, 5.0, -5.0, -5.0, -1.3678318839932837, -5.0, -5.0, 5.0, 0.3249164218640441, -3.336571704048076];176.25502929999493;12.215326700010337
[3.4708895280000096, -2.499999999995324];True;[-1.4216008391577568, -5.0, 5.0, 5.0, -5.0, -5.0, 5.0, -5.0, -2.012290200511142, 1.9232153657707958];177.41451590007637;12.215326700010337
[3.507220728000013, -2.4999999999983746];True;[-0.45235803086896453, -5.0, 5.0, 5.0, 1.53762454685506, -5.0, -0.9588843572879728, -0.049433450788349376, -1.4585213785483022, -3.4471018257607606];175.45540100010112;12.215326700010337
[3.3587164080000065, -2.4999999999975278];True;[4.938935933025997, -4.754282910727315, -4.5307985041260395, -4.510216393544555, -0.526054203067944, -4.930654325963949, 1.3265211613849388, 1.468604012615704, -3.2144292239681986, 3.0285102185791075];170.07469280005898;12.215326700010337
[3.5307738000000115, -2.4999999999992215];True;[5.0, -5.0, 5.0, 2.39996904411898, 0.5347349094358709, -5.0, -4.876546289470182, -5.0, -1.7707280564570436, 4.974321698049547];177.48619520000648;12.681657199980691
[3.1342688640000063, -2.49999999999657];True;[1.78713824713605, -5.0, -0.8846377961254799, -5.0, -0.9138887499995443, -5.0, -5.0, -5.0, 0.7864630281167369, 2.1299500687774575];176.50179520004895;12.681657199980691
[4.064613912000012, -2.2972125];True;[2.5269996160835433, 4.718983704018765, 0.5740292063728223, -1.3911175435022778, 3.757498941637099, 2.790092166009826, 2.840668532055939, 0.7145325232903179, 0.14597529342793258, 4.2988972429608445];161.9708096999675;12.681657199980691
[3.4388550000000047, -2.2512613];True;[0.7233014302712419, -1.9953275943591402, 3.6744779820345457, -3.8664679030045495, -0.010438567758196626, -1.445799726043881, -0.09013056876592351, -3.375243932515599, 1.8938222960118143, -3.5019402046312016];168.1653083000565;12.681657199980691
[3.2444379360000024, -2.499999999997004];True;[-3.925608587278267, 5.0, -5.0, 5.0, -4.633652209663736, -5.0, -5.0, -5.0, 1.129444256720145, 0.43526930640067096];178.65123529999983;12.681657199980691
[3.321831816000001, -2.499999999998561];True;[-0.8615134458943707, -5.0, 5.0, -5.0, -5.0, -4.286730467995516, 2.1426341901343147, -5.0, -0.4058699762245235, 5.0];172.10219030000735;11.489627299946733
[3.2886051840000095, -2.499999999983895];True;[5.0, -5.0, -5.0, -5.0, 0.05022746477603057, -5.0, -5.0, 5.0, 5.0, -5.0];172.12209209997673;11.489627299946733
[3.711048048000001, -2.4999999999975215];True;[5.0, -0.3320363747311177, -5.0, -4.071610789471435, 0.7379957937459789, 5.0, 4.707783591756151, -5.0, 1.216001875675393, 2.3496423445333656];161.32409959996585;11.489627299946733
[3.6541113120000106, -2.4999999999869456];True;[0.8378836044898552, 0.31684230123782964, -1.3148714197667348, -0.26848689534449033, 2.507450147949987, -2.937731364503321, -1.8038623399912161, 4.7867378090667785, 1.016562367237218, -1.168677616870661];162.1615469000535;11.489627299946733
[3.6184298400000063, -2.42436554];True;[5.0, -5.0, -5.0, 5.0, -2.7050966651609216, 5.0, -5.0, -1.0596290206335541, -0.9153868529098936, 5.0];169.50343080004677;11.489627299946733
[3.5396937360000074, -1.91426];True;[5.0, 5.0, -5.0, -5.0, -5.0, 5.0, -5.0, -2.98076628210643, -0.34453435165869273, 5.0];166.36611290008295;11.157598000019789
[3.881232288000011, -2.498142043];True;[3.5434856512663995, -5.0, -5.0, 5.0, 5.0, 4.95964096813854, 5.0, -5.0, 4.377146085879659, -0.3936106063971705];166.48712409997825;11.157598000019789
[3.6775244160000136, -1.7640122];True;[2.353111116702957, 2.3243894654283457, 1.591679846536219, 1.5099748814475138, -4.3866517041864554, 1.6200466277321368, -2.788186854069915, 3.058829345793775, -2.3440556225667137, 0.11660367108650593];166.42305439990014;11.157598000019789
[3.758638464000014, -2.499999999998318];True;[3.4909195185484005, 3.3489173746194183, 0.2770866105148784, -0.40925990536146806, 2.5347917804197895, 4.4545582966539286, -3.9063779836286376, -3.6596571786704146, 0.46836196788541695, 0.2116883930300677];169.19048469990958;11.157598000019789
[3.6811460880000064, -2.0610174];True;[-5.0, 5.0, 5.0, -1.415319044708533, -5.0, 5.0, -5.0, -5.0, 4.638751494161882, 5.0];168.56717339996248;11.157598000019789
[3.591072792000008, -1.7054407999999999];True;[2.0062417773931305, 5.0, -5.0, -5.0, 0.9659059316241612, -5.0, -5.0, 5.0, 1.081210822023606, 5.0];175.25094890000764;12.415762499906123
[3.6581416560000077, -2.49999999999714];True;[5.0, 1.2966939387976062, 0.9225058215472259, -5.0, 5.0, 5.0, -5.0, -5.0, 4.939214683918555, -5.0];173.1277139999438;12.415762499906123
[3.3481937520000034, -2.4999999999996865];True;[-5.0, -5.0, -5.0, -2.544636411315077, 0.6439336542388521, -5.0, -1.9768857204030876, 2.413686129589804, 4.272878293538133, 5.0];166.5951043999521;12.415762499906123
[3.7076186160000106, -2.4999999999987246];True;[-3.7259870278764575, 2.7455818215582672, 4.126581746584479, 0.736236846620165, -5.0, 3.0302582495262964, 4.614928306772795, -2.0143451917546074, -1.0872160303749085, 1.0229614938319544];167.59926429996267;12.415762499906123
[3.6487832400000086, -2.4999999999982334];True;[1.3140817107297114, -5.0, 5.0, 0.7348746594910587, -1.648179613488474, -3.7733424946724954, 5.0, 5.0, 0.0977009396749775, -5.0];169.2667448000284;12.415762499906123
[3.450157200000012, -2.4999999999937783];True;[3.619015573957199, -1.593192311150105, 5.0, -3.5926335411887527, -5.0, -5.0, -5.0, 4.096312195598415, 5.0, -5.0];175.41864950000308;12.474845599965192
[3.5992244160000104, -2.4999999999955898];True;[0.07868198681813077, 3.2521857710130604, 1.0305053227618028, 3.3763188154133257, -4.98911791250232, 0.04770577386332686, -1.8920859239982142, -3.3116647108819084, -3.16177469203339, 5.0];169.85938790009823;12.474845599965192
[3.2500921680000125, -2.499999999998138];True;[-2.824552299713826, -5.0, -5.0, -1.9088866159578757, 3.0006814840779548, -5.0, -5.0, 5.0, 5.0, -5.0];173.14007070008665;12.474845599965192
[3.533096880000003, -2.4999999999987055];True;[-4.281689374015512, 4.727911202167361, 5.0, 4.449251779404946, -4.677606834879124, -2.4462394432942274, -4.511213482155917, -4.163921712042965, -2.344263142579697, 4.617064166106076];175.77066290006042;12.474845599965192
[3.5132674320000055, -2.3810364];True;[-5.0, 5.0, 5.0, 5.0, -4.954013018602003, -2.823229672065835, -5.0, -5.0, -1.7714943278295352, 5.0];175.5419269000413;12.474845599965192
[3.7210067280000065, -2.4999999999958598];True;[5.0, -5.0, 5.0, -5.0, 5.0, -5.0, 5.0, -5.0, 5.0, 0.06882253551763196];165.56191689998377;11.735547099960968
[3.8275200000000007, -2.499999999999689];True;[-5.0, 5.0, -5.0, 5.0, -5.0, 5.0, 5.0, 5.0, 5.0, -5.0];170.74482349993195;11.735547099960968
[3.6115200000000067, -2.0382496];True;[-5.0, -5.0, 5.0, 5.0, -5.0, 5.0, -5.0, 5.0, 5.0, -5.0];171.00118199991994;11.735547099960968
[3.59585913600001, -2.3490043];True;[-0.738163426127528, 0.9624226220170096, -4.2097291850789755, 4.243930463691889, -4.778866450276517, 1.9119538341395543, 0.4258745620283042, -2.7422186843030802, -0.26589162495543306, 4.46564646269287];170.90535280003678;11.735547099960968
[3.7984790160000004, -2.4999999998915814];True;[-4.098373666145036, 1.8673417808765125, 1.0250074567014158, 4.932347121057573, -0.520725000957154, 4.780461338391401, 3.5782200171473484, -0.5079033323225239, -2.9907962875851535, 0.5899195648393576];170.9597853999585;11.735547099960968
[2.766950496000009, -2.499999999976369];True;[-5.0, -5.0, -5.0, -4.100426828131559, -5.0, -5.0, -5.0, -5.0, 5.0, -5.0];171.73647339991294;10.713514999952167
[3.6864687600000057, -2.4999999999980225];True;[-3.392030903258645, -3.371922293392883, 2.9608393058918034, 3.6115292572085202, -4.091272153014595, -0.08707652137666244, 5.0, 2.7338442086010017, -4.894063409026433, 5.0];168.974846099969;10.713514999952167
[3.855828096000005, -2.499999999999595];True;[-5.0, -1.8008149491856615, 0.6245498715921558, 3.125077401059169, 4.878866317505228, 4.785762393137693, -2.687376580217399, 1.0598616705242039, 1.8785559083880141, 4.446084051029205];162.55368040001485;10.713514999952167
[3.468347640000008, -2.4999999999651132];True;[5.0, 5.0, 5.0, -5.0, 5.0, -5.0, -5.0, -5.0, -1.628350309053634, -5.0];186.99909979989752;10.713514999952167
[3.680656848000008, -2.4999999999966924];True;[-5.0, 5.0, -5.0, 5.0, 5.0, -5.0, -5.0, -1.7992183596535218, 5.0, 5.0];172.16788969992194;10.713514999952167
[3.616870752000012, -2.499999999998547];True;[0.5967789145625275, -1.1633281757668499, -1.2735305782818789, 3.0452269821340643, -2.1915688141662564, 0.5980080606249398, 0.5392139290382616, -2.5630765508537507, 3.0937089156997484, -0.43372559966267143];163.12882129999343;12.086698499973863
[3.6736279920000086, -2.4999999999990856];True;[-5.0, -5.0, 5.0, 5.0, -5.0, -5.0, 4.44049346128128, 5.0, -1.5651024363186297, 5.0];168.30517239996698;12.086698499973863
[3.7560473280000006, -0.7296210000000001];True;[5.0, -5.0, 5.0, 5.0, 3.167710958281928, -5.0, -5.0, -3.1460793691905353, 1.6694507250159702, 5.0];173.95195549994241;12.086698499973863
[2.9980437120000065, -2.499999999999187];True;[-5.0, -5.0, -5.0, -5.0, -5.0, -5.0, 5.0, -5.0, -1.8083992661125659, 3.4067183988087137];169.82576869998593;12.086698499973863
[3.4543424160000114, -2.499999999992263];True;[2.4451511446386585, -2.9175564460456864, -2.7696668915450773, -1.4010009728372443, 0.2843383606523373, -2.603584248572587, -3.3711689524352106, -1.2426650151611036, 4.336690111085938, -0.037266546860255545];167.03618719999213;12.086698499973863
[3.2673179520000124, -2.499999999997341];True;[-5.0, 5.0, -1.2593306590729672, 5.0, -5.0, -5.0, 1.9739990086333439, -5.0, -1.6499599231128794, -5.0];172.7647808000911;12.781070600030944
[3.6307046880000025, -1.7278872];True;[-3.0165963048745725, 5.0, -5.0, -5.0, 3.9067978943466315, -5.0, 5.0, -5.0, 4.997981087459737, 5.0];168.69700000004377;12.781070600030944
[3.3955200000000128, -2.2831303];True;[-5.0, -5.0, 5.0, -5.0, -5.0, -5.0, 5.0, 5.0, 5.0, -5.0];168.6372186000226;12.781070600030944
[2.963520000000011, -2.4999999999866396];True;[-5.0, -5.0, -5.0, -5.0, -5.0, -5.0, -5.0, -5.0, 5.0, 5.0];169.66054259997327;12.781070600030944
[3.7089973440000006, -2.499999999998189];True;[5.0, -5.0, 0.7333247856696445, 5.0, -5.0, 5.0, -5.0, -5.0, 3.779518018743527, 5.0];168.93688039993867;12.781070600030944
[2.700317088000004, -2.499999999998064];True;[-5.0, -5.0, -5.0, -5.0, -5.0, -5.0, -5.0, -5.0, -5.0, 2.8146831691025076];176.0012511999812;12.603292600018904
[2.6263597680000057, -2.4999999998963918];True;[-5.0, -5.0, -5.0, -5.0, -5.0, -5.0, -5.0, -5.0, -5.0, -0.6092702027151429];173.01291680010036;12.603292600018904
[3.725767152000001, -1.784849];True;[5.0, 5.0, 3.052788526768703, 4.403861903377836, -3.278819248500815, -5.0, -5.0, -5.0, 5.0, 1.1113538370238016];173.35391489998437;12.603292600018904
[3.4455453840000065, -2.49999999999945];True;[-4.845129752907507, 5.0, 4.789160518577528, 0.5745449568849263, -4.749542277031113, 3.559672702046118, -5.0, -2.2195027891150017, -0.19778142526424158, -4.595407586378389];172.59256070002448;12.603292600018904
[3.411467064000001, -2.4999999999974207];True;[-0.18098631518671393, -5.0, -5.0, 4.367399288102547, -0.7784945838921793, -5.0, 5.0, -5.0, 3.5100028077323824, -1.1796442095680182];171.78573020000476;12.603292600018904
[3.6347775840000067, -2.495125505];True;[-1.3668221860618068, 4.002696650865186, -5.0, 5.0, -2.1124060215708256, -5.0, -5.0, 5.0, 2.2304764761330533, 3.3228115970967185];167.12539519998245;13.006071100011468
[3.206421936000001, 0.9094829999999998];True;[-3.8125391176333197, 3.219160807887757, -0.014207773673612145, -1.5629773830096498, -3.9998123845248608, 4.126838859520737, -4.090290781489637, -5.0, -2.620699203889036, -5.0];168.78195490001235;13.006071100011468
[3.4055443440000053, -2.499999999997878];True;[-0.6206898937353849, 1.0305041257932306, -4.832092972573275, -5.0, -2.1579907447471003, 3.9681029394096434, -0.7118592742604211, -5.0, -1.211875830384483, 5.0];160.00388669990934;13.006071100011468
[3.6158553360000067, -1.549576];True;[0.04185071390491313, -5.0, 5.0, 5.0, 2.503223004473023, 0.1866219744600386, 5.0, -5.0, -4.355953024102415, -3.1750258516209215];169.08126900007483;13.006071100011468
[3.2684718240000024, -1.6085061];True;[-5.0, -5.0, -5.0, 2.5494982867314224, -0.7225047581264317, -5.0, -5.0, 5.0, 5.0, -2.708819354733851];161.43080250010826;13.006071100011468
[3.7437876000000063, -2.4999999999995275];True;[-1.7352080767573348, 4.096233890779496, 0.39968959542479077, 2.1427451109522426, -1.4351226214048558, -1.3959710767670472, 5.0, -3.363628258184847, 1.283838110288258, 1.1309126763996709];163.55936519999523;11.645986999967135
[3.6765733680000077, -2.4999999999995595];True;[3.5329653703570525, 2.069012477566713, -4.5599926958810375, -3.1999263635137423, -0.5734214975764171, -0.03961602817204479, 4.87548035712299, 1.5318153764645794, 0.9698879549373576, -1.5944749322707907];165.64961670001503;11.645986999967135
[3.371724576000004, -2.4999999999956244];True;[5.0, -5.0, -5.0, 5.0, 3.6853386964685946, -5.0, -5.0, -5.0, 5.0, -4.786975916312486];173.2264035999542;11.645986999967135
[3.58359206400001, -2.4999999999989164];True;[3.3432599258024904, -5.0, -5.0, 5.0, -2.4145938793046566, -4.304718422631326, 1.716615591169159, 5.0, 0.09402261867438888, 0.2724519085731245];166.06133249995764;11.645986999967135
[2.980929816000011, -2.4999999999971014];True;[-5.0, -5.0, -5.0, 5.0, -3.044861288636005, -5.0, -5.0, -5.0, -1.677266913785549, 0.5281465489063528];171.35022340004798;11.645986999967135
[3.868488288000002, -2.499999999998278];True;[3.5292970268641497, 2.2706727554842594, -1.9502695828838537, -1.6253797493581148, 2.7624239576224063, -3.359468683642598, 2.3456539783685324, -0.2915652989128201, 4.37449153354201, 3.8408215156623147];167.37309340003412;10.830790600040928
[3.3851172240000063, -2.3508206];True;[0.9752192958475883, -3.9669759576697743, 0.821844961535235, -1.653393627578029, -4.261504928834321, 0.3681556490915838, 5.0, -2.2484061573725715, -0.5165020287139725, -5.0];165.92137060000096;10.830790600040928
[3.551159664000006, -2.499999999999474];True;[5.0, -5.0, -5.0, -5.0, 0.9284166165862686, -1.735556487310837, -5.0, 3.012679540827568, 5.0, 5.0];165.8432217000518;10.830790600040928
[3.8371201200000096, -2.499999999989796];True;[-2.2539649331397227, 3.025507982029831, 0.9269819940703119, 2.598817876865832, 1.4141635892825741, -2.5267872698480636, -3.7087632541253224, 4.996049201420394, 4.408868876113409, 1.5635630982219375];166.4065804000711;10.830790600040928
[2.985512688000014, -2.4999999999841807];True;[2.088660287787323, -5.0, -5.0, -5.0, -5.0, -5.0, -5.0, -5.0, 0.8592581358801112, 3.0702366780598407];173.9097459000768;10.830790600040928
[3.5266285440000016, -2.4999999994971898];True;[3.419109186978215, -5.0, 1.06124373353315, -4.448922983497609, -1.8845980815862133, 2.3109451029754737, 1.3885487788673316, -2.0432691962817646, 3.1678001163380056, -1.9010104015642275];161.5476569000166;14.013755999971181
[3.460589136000003, -2.499999999996931];True;[1.0845477591329598, -0.833723135325874, -0.13472288383330167, -0.2795648528804211, 1.90430263074317, -2.445834215135716, -2.9658270927770167, -1.36032197443809, 1.2539015596226033, -3.2103248888611766];169.83898769994266;14.013755999971181
[3.9212611920000082, 0.526167];True;[0.019751415321383803, -0.8911307721973705, 4.232834900416961, 2.802637131771527, 1.1052140578136118, -0.9071454479069079, 3.35931998705893, -0.492416142435137, 1.0269002272136287, 4.083933346414151];160.56719029997475;14.013755999971181
[3.6857095200000107, -2.4999999999997646];True;[-5.0, 0.8285817128567805, 5.0, -5.0, -5.0, -0.6891595536800112, 3.3860057881392827, 5.0, 2.7400538581676113, 2.1692272840049593];158.93293249991257;14.013755999971181
[3.6376594560000033, -2.3392498];True;[3.0961662891690587, 5.0, -5.0, 5.0, -5.0, 5.0, -5.0, -5.0, 5.0, -1.886005945315008];171.2529807999963;14.013755999971181
[3.554942904000005, -0.2859419999999999];True;[-2.514459039370222, 5.0, 4.998785501027713, -5.0, 5.0, 4.979780091032872, -5.0, -5.0, -3.0304843997712325, -2.0529618026730185];199.38329050003085;11.810100000002421
[3.103829712000003, -2.4999999999992557];True;[-5.0, -5.0, -5.0, -5.0, -3.5040845491056776, 3.963245061138508, -5.0, -5.0, 5.0, 1.0366536482784197];193.58467160002328;11.810100000002421
[3.9375473760000084, -2.4999999999996034];True;[4.086575038488515, 1.629686725321112, -1.2144138529687725, 2.9088351579061538, 4.680061910080392, 1.3484151416925272, -1.8716826926104484, 3.0306998095048048, -0.2920091655961521, 0.7876913341666949];193.24788709997665;11.810100000002421
[3.1503539520000015, -1.202238];True;[-5.0, -5.0, 5.0, -5.0, -2.9385779876377343, -5.0, 3.6840466487810914, -5.0, -1.572216938623225, -0.523512723685883];199.38765679998323;11.810100000002421
[3.7892378880000077, -2.4999999999996363];True;[3.6661412566900236, -4.96516723185777, -1.7420086544007143, -2.4514936190098044, 0.28954183682792944, 4.429532680660445, 2.2880315966904945, 2.9837576672434967, 1.3475557509816554, 2.3817490600048696];156.57755950000137;11.810100000002421
[3.322937088000008, -2.499999999998629];True;[-3.262100497777605, -5.0, 2.5029670899084646, -2.7044509791994225, 4.8075555581933305, -0.9589094097625335, -0.6783332978263079, -5.0, 1.1189814180405744, -4.186061874835199];171.22493839997333;13.916390800033696
[3.540034152000007, -2.1543086000000002];True;[-3.7726980769887426, 3.578989324586397, -5.0, 0.5080566399865685, -5.0, -3.6238797648289798, -5.0, 5.0, 5.0, 5.0];171.2017758000875;13.916390800033696
[3.3614874720000048, -1.256636];True;[5.0, -4.247650856567062, -5.0, -5.0, 3.596228051156608, -4.999895699722256, -5.0, 4.234332077788181, 1.267164361309126, -1.4257680823307983];176.3778645999264;13.916390800033696
[3.465936000000003, -2.4999999999985394];True;[-2.5247489366085354, 5.0, -5.0, -5.0, -5.0, 0.6551887004850645, -5.0, 5.0, 5.0, 0.12955794237574203];169.35228270001244;13.916390800033696
[3.4738355520000095, -2.497137367];True;[-1.4739966020001893, 3.7558273877948363, -1.8982431478798372, 3.720213351769976, -4.3345516081912, -2.3590766545383572, -4.782679127531162, -0.4370532836754464, -0.1643061172210416, 1.599584780635757];170.74392829998396;13.916390800033696
[3.6268834320000027, -2.4999999998414224];True;[5.0, -5.0, 4.543447437401877, -3.6954106348317217, 3.062741900058576, 0.22859374668301147, -5.0, 1.6022979007361684, 4.969571432225283, -5.0];166.4912416000152;14.441662600031123
[3.8336822640000072, -2.4999999999987996];True;[4.116949997799729, -5.0, 5.0, -1.187178451734228, 2.3383361174132524, 2.6259760220130772, -2.608799075278164, 5.0, 5.0, -5.0];165.63040010002442;14.441662600031123
[3.713493816000002, -2.4999999999983533];True;[5.0, 5.0, 5.0, -0.804253590063361, -5.0, -5.0, 5.0, -5.0, -1.060670041871885, 1.5859399353925072];173.2909626000328;14.441662600031123
[3.622166424000012, -2.0975455];True;[-3.6981404436778993, -2.0189920690876733, 3.959111618449567, 0.9257782815235247, 2.814431804874733, -2.7376236547680035, 2.4770816962801714, 3.0472139090212345, 0.7233495921499822, -4.999327324128585];169.3337416999275;14.441662600031123
[3.394106064000008, -2.48003668];True;[5.0, -5.0, 4.382126176202506, -5.0, 5.0, -5.0, -5.0, -5.0, 5.0, -4.4475907137019774];175.21602189994883;14.441662600031123
[3.4331545440000055, 3.471159];True;[2.4263582485789215, 0.2093114843327566, 3.7905619145938285, -4.237787922911905, 3.5673199607279376, -0.260751034189842, -4.271857277444359, -4.9582351886852445, -4.8588840915463445, 0.3363131129582131];175.81236169999465;3.212240600027144
[3.3181040880000126, -2.499999999997673];True;[-4.3992728067369375, -4.256856817163971, 3.090093462924063, 3.0262471166110316, 2.5938664984097715, -2.773257821421963, -0.7577079814278127, -4.423508524216747, -4.483946550806608, -1.1997165482499685];175.84376750001684;3.212240600027144
[3.8039995440000003, -2.3360455];True;[4.610020479374876, 3.763592088011782, 0.5464539010239635, -1.854752671693463, 0.7021659399606603, 0.42400319959664223, -0.8887553906934587, -4.113635050274017, 4.178610184663011, 1.5433987447621789];166.74917270010337;3.212240600027144
[3.6865180080000033, -2.333409];True;[-1.0690275044488304, 2.8905703360358483, -4.443663133330809, 3.0786162340910543, 4.234701622266826, 1.1193315285966996, 1.0930404095746207, -4.5076441040061015, 4.597291224255134, -3.5210742551102223];168.08885110006668;3.212240600027144
[3.9766343040000125, -2.499999999999073];True;[-1.6858753282576808, 2.60769563727081, -0.531314406543971, 4.830021737143397, 4.052894106134772, 4.549977919086812, -3.2962436228990564, -2.2245330177247524, 3.647463768720627, 4.953378140926359];168.13854209997226;3.212240600027144
[3.136234896000012, -2.48895379];True;[-5.0, -5.0, -5.0, 5.0, -5.0, -5.0, -0.2142281036785203, -0.9784380517899312, -3.992694437663178, 3.181450740562534];171.36243869992904;11.08120809996035
[3.44403554400001, -2.499999999992482];True;[3.3185665744447217, -4.172790886050214, -0.820079157601616, -5.0, 0.7967598061266523, -3.0069032512385627, 2.2656476840971944, 2.1931150088754015, -3.3303941187407458, 0.002203797394226825];163.77673459996004;11.08120809996035
[3.1234351680000105, -2.4999999999638467];True;[5.0, -5.0, -5.0, 0.4460723198162322, -5.0, -5.0, -5.0, -5.0, -3.0426014390410616, 5.0];178.94481579994317;11.08120809996035
[3.7220845680000085, -2.4999999999996168];True;[0.3371755685657263, -1.338992677628994, -0.41322359815239906, 1.998697966337204, -2.4963773507624865, -2.030728943645954, 3.0286279786378145, -1.2881047558039427, 2.7664514258503434, 4.555232087150216];163.6995107999537;11.08120809996035
[3.53996136000001, -2.4999999999975038];True;[0.48914436250925064, -0.9233471192419529, 0.08891520090401173, 1.0637287702411413, -4.334044847637415, 0.9746287576854229, -2.3347544204443693, -1.0355290584266186, 1.4669973030685899, 1.2313621211797];161.50398919999134;11.08120809996035
[3.5762953680000127, -2.499999999997501];True;[5.0, -5.0, -3.127725097170038, 4.2479438169698405, 2.606176011160075, -5.0, -2.2936018942008918, 5.0, -3.0525405962540297, -0.010993058199801453];169.22130450000986;11.200481100007892
[3.0617397360000047, -2.4999999999985563];True;[-2.0328032780133585, -5.0, -5.0, -5.0, -5.0, 5.0, -5.0, -5.0, 2.113842383102492, -0.5338251076103733];162.58665670000482;11.200481100007892
[3.185689176000012, -2.2770744];True;[-5.0, -5.0, -5.0, -0.4311013224590772, -5.0, 1.7505025366210063, -5.0, 5.0, 3.966197095171635, -5.0];162.58099329995457;11.200481100007892
[3.5357681520000046, -2.499999999991151];True;[1.4215004909783602, -4.6486268471926175, 2.2892909962683916, 2.691759979352355, 1.0329619888216257, -4.584348611533639, -2.6248674374073726, -0.9083629585802537, -1.0074447654185006, 2.8310939855873585];167.2083751000464;11.200481100007892
[3.7302161040000117, -1.9456231000000002];True;[1.3869045674800873, -0.5442745517939329, -0.578917944803834, -0.43789952062070014, 4.726834055036306, -3.390039447695019, -3.3926299028098565, 1.321943663060666, 1.4278347976505508, 4.975410103797913];162.38739079993684;11.200481100007892
[3.555983808000013, -2.4999999999905484];True;[3.7452184018850048, -5.0, -5.0, 5.0, 4.678468866187298, -5.0, 5.0, -0.17284085678787786, -0.8219856483757582, -5.0];175.6696956999367;10.981422399985604
[3.5480613600000073, -2.26502];True;[5.0, 0.5254185599082479, -5.0, 2.207811060926728, -4.75363347644538, -1.4018553039648114, -0.41869863120571793, 0.6806719273207129, -1.082315027945877, 1.304719196948822];170.478214200004;10.981422399985604
[3.6625990320000024, -2.4999999999978204];True;[-2.7507635973839584, -2.021209241329786, -0.3520875977334512, -0.2333447052920805, 2.1216208169831337, 4.3146823802795815, -3.0958459112710557, 4.298116595100289, -3.9433512223991958, 4.026960427653071];169.9081590999849;10.981422399985604
[3.5380838880000045, -2.499999997534688];True;[-3.7997925370907657, -5.0, -5.0, 5.0, 5.0, 3.706853954087448, 2.034238689778233, -5.0, 3.3199407031678323, -3.6610673003936274];171.6093504000455;10.981422399985604
[3.5947108800000045, -2.491427665];True;[-1.180628081783559, -0.2454120572656402, -1.4148995373398066, 4.593957643955848, -1.3483018428087545, 3.114998927339906, -4.431391106918458, 3.5383044742047787, -1.6953175514903052, -1.7095001693814997];169.11690999998245;10.981422399985604
[3.6397451520000095, -2.4999999999990132];True;[-2.9870699941650742, -4.852564815150901, -5.0, 2.9524782177088946, 5.0, 5.0, -5.0, 0.7391336262129142, 2.904457827340387, 2.5502726806999316];169.80419699999038;12.184324600035325
[3.6895366080000045, -2.2631539];True;[-1.1161209250507902, 3.303272906013497, 3.6316621129694884, -4.868347725774075, -3.19037399811688, 1.544965899479136, -0.5139587932603069, 4.274885352721618, -2.7336004843902573, 3.2794771218239482];166.89354590000585;12.184324600035325
[3.079706832000012, -0.343858];True;[4.9790741730565, -1.8831394935943022, -5.0, -4.089382403030532, -5.0, -2.877086535679707, -5.0, -5.0, 4.249568624749635, -5.0];179.31125799997244;12.184324600035325
[3.645744336000012, -2.0464312];True;[4.999950614322833, 1.7067397847931964, 3.4918866228178533, -4.246314695526776, -4.999991860252135, 4.999992063110465, -5.0, -1.0942509037018562, 2.3298877551902484, -0.603442175895502];172.48876149998978;12.184324600035325
[3.2283409680000097, -2.499999999996275];True;[5.0, -0.08705515966965383, -5.0, -5.0, -5.0, 5.0, -5.0, -5.0, 2.3472843770474894, -5.0];180.6516422999557;12.184324600035325
[3.307191552000002, -2.4999999999991687];True;[0.28866167681146315, -5.0, -5.0, -5.0, 2.66082475023837, -5.0, -5.0, 5.0, -2.038761641036781, 5.0];171.05579430004582;11.788585999980569
[3.7647400320000024, -2.499999999997035];True;[-2.0122568889683463, -1.523350371682847, 3.986346529161116, 2.9752688090768267, -1.2474522292666856, -0.3260638905772524, 1.3241775191613323, 2.1341777545034057, 4.287096491328192, -2.5044104795618995];165.1579588999739;11.788585999980569
[3.101368608000005, -2.495556665];True;[-5.0, -5.0, -5.0, -5.0, -0.9470646841881383, -5.0, -5.0, 4.8114944971781455, -2.482506098687524, 5.0];170.46769969991874;11.788585999980569
[3.460327560000004, -2.4990394035];True;[0.22317855618890015, -1.1231811903416977, -4.732369240373418, -2.3179852310567624, 2.347095618024497, 1.2168033234775049, 0.6220527552068251, 2.2403047233819144, -2.6904063299300605, -2.7850916609168386];169.3258238999406;11.788585999980569
[3.54305664, -2.1373618];True;[4.270862396806436, -3.639529719948764, -4.377332758158483, -2.097577406093431, -2.787775350734531, 0.43620112352073015, -2.206046134233473, 4.386249976232566, -0.6474889256062824, 3.4928358066826544];165.73812949995045;11.788585999980569
[3.632495328000002, -2.2973902];True;[4.997205465574385, 1.5052790642652836, 1.0211175481333337, -4.11660685595022, 2.305423564286012, -2.462061325824472, 3.18091570930717, -1.232563358438136, -3.6791254258115016, -0.5484971189763908];167.9270216000732;13.974530800012872
[3.277930896000009, -2.499999999894525];True;[-0.73523762073782, -2.131088063154214, -1.1004191674770443, -5.0, -0.7741550616008404, -5.0, -2.183015588557015, 0.7247400925578429, 0.49938617332296786, 0.25583731872406723];168.0464586999733;13.974530800012872
[3.406997376000004, -2.2961346];True;[5.0, -5.0, -5.0, -5.0, 2.4029680815784626, -5.0, -4.362041218715066, 5.0, -2.4290565089161857, 4.9194611915797655];170.8719099999871;13.974530800012872
[3.1418048880000047, -2.46960522];True;[-0.7602229725418992, 5.0, -5.0, -5.0, 5.0, -5.0, -5.0, -5.0, -0.985831844008473, -5.0];187.50134479999542;13.974530800012872
[3.7525181040000133, 4.448536];True;[4.995422005864745, -5.0, 5.0, 5.0, 5.0, -5.0, 4.232585868293054, -5.0, -2.9314965701166984, 0.2311561533467854];173.74720809992868;13.974530800012872
[3.262889520000006, -2.3282921];True;[-5.0, -5.0, -5.0, -4.8764395011530235, 3.0979781547291445, 5.0, -5.0, -5.0, 2.3429683846697777, 3.2951949109623655];167.24719860008918;12.560846999986097
[3.47330052, -2.499999999998873];True;[-5.0, 0.656205872905149, -5.0, 1.4324256298528653, -0.8959440258572204, 3.8164358216755616, 2.54607597586487, 4.351638873082422, -3.4364359250285488, -4.869437224328029];165.2934315999737;12.560846999986097
[3.0454837920000086, -2.4999999998690674];True;[-5.0, -5.0, 5.0, -5.0, -5.0, -5.0, -5.0, -5.0, 5.0, -1.2053741629662884];185.6634144000709;12.560846999986097
[3.1644885600000117, -2.497587941];True;[5.0, -4.459806582427632, -0.9636609540690522, -2.1890982509478834, -0.29016972722640055, -5.0, -5.0, -5.0, -5.0, 2.2068203437512928];184.499881500029;12.560846999986097
[3.2201562960000043, -2.4999999999991696];True;[2.8125683853143784, -5.0, 0.7486362992692062, -2.235726695329489, -2.840538199108517, -5.0, -5.0, -5.0, 1.7549172649460756, 1.6414457820662935];182.1977193999337;12.560846999986097
[3.107299536000002, -1.5965686];True;[5.0, -5.0, -1.90291308902643, -5.0, 0.4725809685301128, -5.0, -5.0, -5.0, 1.4595262226057013, -3.372727091275144];179.25718949991278;12.116472699912265
[3.6762729120000115, -2.492322817];True;[5.0, -2.106555299607317, -2.2094347866115216, 2.5642759195033875, -1.9570677998831298, 5.0, -1.5934315038267997, 0.8143011110001721, -0.8772280548261939, -1.6370141894550851];167.30865649995394;12.116472699912265
[3.12852952800001, -2.499999999998568];True;[-5.0, -5.0, 2.639332260783668, -5.0, -5.0, -5.0, -5.0, -5.0, 5.0, 5.0];173.0832959000254;12.116472699912265
[2.945248128000011, -2.4773902];True;[-5.0, -5.0, -3.3298440643668186, -5.0, -5.0, -5.0, -5.0, -5.0, 5.0, 2.483915238577885];169.8908231999958;12.116472699912265
[3.347142696000005, -2.4999999999983];True;[-5.0, -5.0, 0.2724083030927993, 5.0, 3.764332135786887, -5.0, -5.0, -2.1006591887189385, 5.0, -4.175778467724844];171.2168484000722;12.116472699912265
[3.2887911600000126, -2.499999999994347];True;[5.0, -5.0, 0.8650248970003815, 5.0, -4.5351121114935715, -5.0, -5.0, -5.0, 1.1532465804779433, -2.4243292541750634];177.57411520008463;12.396744600031525
[2.963024280000004, -2.3384501];True;[-5.0, -5.0, -1.637874586486023, -5.0, -5.0, -5.0, 5.0, -5.0, -1.1288606958624352, -2.256205812288416];171.74036880000494;12.396744600031525
[3.707867880000007, -2.4999999999979954];True;[1.5717834799940453, 0.74174052312223, -0.9494478902261445, 1.1457652997520986, -1.8541380314050384, 3.2769143957910387, -2.788624747294172, -0.8470705973293207, 2.396156295245583, 1.7674701346160502];165.29237709997687;12.396744600031525
[2.856567816000008, -1.37291];True;[-5.0, -5.0, 4.0138459535061735, -5.0, 1.0346603815202222, -5.0, -5.0, -5.0, -5.0, -5.0];182.87421340006404;12.396744600031525
[3.1783006800000098, -2.4999999999864717];True;[5.0, -5.0, 1.1614634790113083, -5.0, -1.2566067429910883, -5.0, -5.0, -5.0, 2.0071942647543377, -1.9684934273284171];175.81145650008693;12.396744600031525
[3.934954080000011, -2.499999999986376];True;[3.2327988423027385, 0.964106996474011, -3.2965006091449713, 3.9427172932437564, 4.501794344908923, 2.570281038222432, 2.7321228913086673, -0.7958128290680335, -2.5461774654621436, 3.668444206463926];163.03001799993217;16.27210359997116
[3.1680728640000044, -2.4999999998741176];True;[4.97248938637442, -4.423722753232477, -1.002028518905301, -2.1073689806338116, -0.233430749580946, -5.0, -5.0, -4.9249981970767625, -5.0, 2.189105025428887];176.9636338999262;16.27210359997116
[3.2327665920000026, -2.4999999999993956];True;[5.0, -5.0, -4.5463020165743435, -4.587163216737573, -0.5973282509673261, 5.0, -5.0, -5.0, -3.877600979012653, 1.0735145746248387];172.26136779994704;16.27210359997116
[3.229029144000001, -2.4999999999506697];True;[-5.0, -5.0, 2.4760581810436015, 3.307075183642411, -5.0, -5.0, -5.0, 4.8376737316558245, -5.0, 1.6712623439258785];176.66640849993564;16.27210359997116
[3.0909619440000062, -2.4999999999508407];True;[5.0, -5.0, 2.2832463401112175, -5.0, -5.0, -5.0, -5.0, -5.0, -5.0, 3.616850705191604];177.75795799994376;16.27210359997116
[2.968562736000005, -1.7277671];True;[-5.0, -5.0, -3.5678482450243947, -5.0, -5.0, -5.0, 5.0, -5.0, -3.0926034221894483, 1.8939110979626559];171.35658519994467;13.129469699924812
[3.3714301680000114, -1.460717];True;[-5.0, -5.0, 1.0779745978709423, -2.70021852550917, 0.9663257399966962, -5.0, 5.0, 5.0, -1.1448762730239532, -4.314486913020041];172.94218489993364;13.129469699924812
[3.006399240000013, -2.499999999999005];True;[-5.0, -5.0, -1.0585882277829146, -0.17584360059090454, 2.3036814016264504, -5.0, -5.0, -5.0, -5.0, 0.9159079794985336];172.85353680001572;13.129469699924812
[3.644709480000008, -2.4999999999981717];True;[-4.139726739376765, -1.0003546066582265, 2.4518867488949887, -1.216265195980685, 3.4570240043103624, -0.09142179973422593, -0.1545876264572641, 2.676673121750433, 2.25911646150057, -2.705800030380451];167.399797399994;13.129469699924812
[3.63060468000001, -1.8965178];True;[4.901055740192543, -2.4226817023009124, 4.436064297333299, -3.3931313734501667, 4.760734625160687, -4.357216171920295, -0.8473562262952825, -1.3165907934307928, 3.68306753225629, -4.560398533940277];174.27280889998656;13.129469699924812
[3.3971523120000096, -2.499999999994443];True;[-4.998390424881853, -5.0, 2.8738956255488297, 5.0, -2.2199877597572155, -5.0, -4.461445077245104, 2.3399904169017818, 5.0, -3.4584791992436807];167.38772140000947;13.883870900026523
[3.635310240000009, -2.499999999998947];True;[4.42922199566307, -4.855056918244401, 0.7270624550956253, -2.8346698512239303, -1.774000180027755, 4.0068702838622805, 1.5508310372179013, -1.297796194096192, 2.8282805102559543, -1.6793683543967095];165.90240679995622;13.883870900026523
[2.9237254560000037, -2.2799399];True;[-5.0, -5.0, 1.2910949116554784, -5.0, -5.0, -5.0, -5.0, -5.0, 5.0, -3.1334334973689875];176.29882929997984;13.883870900026523
[2.8288552320000075, 5.858908];True;[-5.0, -5.0, -5.0, -5.0, 1.118925253135611, -0.6798999372231398, -5.0, -5.0, -5.0, -1.6735352744668175];173.02844699996058;13.883870900026523
[3.723793560000008, -2.4999999999991793];True;[2.505492707944388, 3.5892923139498762, 2.2951823874114528, 4.443200142942999, 4.614091848540625, -4.182914192921279, -2.6387274750199263, -1.219560368963898, -3.153116365839966, -1.055094187433828];173.01128030009568;13.883870900026523
[3.211669440000009, -2.0877192];True;[-2.9737025244262023, -3.5642905801428095, -4.628111165914335, -2.0399918283985476, -4.665419675321648, -2.285133544418615, -1.4058291936544123, 1.3814194198973473, 3.395950231273968, -1.7264908231735507];161.45322380005382;11.796173300012015
[3.8200291200000125, -1.239932];True;[4.663396376580135, 4.901068058845485, 1.6154257548115014, -1.581695083071994, 0.4401911614538445, -1.1638668469392774, -2.4579475520972864, 3.2654650483553187, -3.105224509590486, 3.076340035572061];165.38335779996123;11.796173300012015
[3.1319410320000127, -2.2013006];True;[-5.0, -5.0, -5.0, -0.5822406541703504, 2.4575100931215763, -1.959269970770107, -4.05564070639233, 4.0377667085489914, -2.1008731499471036, -5.0];171.82920969999395;11.796173300012015
[2.7047427120000105, 0.5242369999999998];True;[-5.0, -5.0, -5.0, -0.6969053231311682, -3.088984641360991, -3.2226978450155617, -4.97184209388306, -5.0, -5.0, -5.0];183.71465870004613;11.796173300012015
[3.9039937200000123, -2.4999999999970965];True;[-1.834012093022432, -0.31273246742784266, 1.1205044202506542, 4.954607440158712, 2.084384737536328, 1.1774837039411068, -1.020425213500857, -0.49423781223597363, 4.982730196788809, 2.8821022529155034];161.62599930004217;11.796173300012015
[2.870381016000012, -2.0230645];True;[-5.0, -5.0, -5.0, 0.7271600455762695, -5.0, -4.779690341925952, -5.0, 2.8069028699224745, -3.066379528895329, -5.0];170.23519240005407;13.296915699960664
[3.3356884320000084, -2.4865089];True;[-5.0, -5.0, -2.644717596213233, 4.986918345087343, -1.9054712926041657, 4.000592426075164, -3.638817506244978, 3.721289259951792, -3.7334210500009797, -3.5563671924995335];166.76298230001703;13.296915699960664
[2.8910800800000107, -1.956604];True;[-5.0, -5.0, -5.0, -3.5238144982864403, 4.2042242723702525, -4.319300186433522, -5.0, -2.202638222291322, -2.5121712692147193, -5.0];184.00963530002628;13.296915699960664
[2.73698784000001, -2.43954683];True;[-5.0, -5.0, -5.0, -0.9550400223855373, -5.0, -4.323047184172027, -5.0, -2.4200600300510815, -2.789432726175575, -5.0];172.32912269991357;13.296915699960664
[2.9375170560000106, -2.3924264];True;[-2.3446096891798724, -5.0, -2.2417111252401685, -4.619422661947931, -5.0, 0.641754445276308, -3.381920960699222, -5.0, 0.7420723162293061, -5.0];169.48656969994772;13.296915699960664
[2.7572257440000025, -1.6715596000000001];True;[-5.0, -5.0, -5.0, 1.55011467139893, -5.0, -4.627484724920389, -5.0, -5.0, -1.4732856679528554, -5.0];172.47266600001603;12.536234900006093
[2.7453720960000094, -2.4999999999871125];True;[-5.0, -5.0, -5.0, -2.518506254092041, -5.0, -0.539363097219022, -5.0, -5.0, -2.0415755058764735, -5.0];171.04249879997224;12.536234900006093
[3.06569426400001, -2.4999999999980735];True;[-5.0, -5.0, -5.0, -2.6489578937713447, 2.5120346104284366, 3.192331177568221, -4.378715156199437, -2.80547982017532, -1.1409095278054595, -5.0];172.63215010007843;12.536234900006093
[2.9422869840000088, -2.499999999998099];True;[-5.0, -5.0, -5.0, 4.899847924585094, -5.0, -2.2341636710934183, -5.0, -5.0, 1.351306084214336, -5.0];172.21281830000225;12.536234900006093
[2.8881295200000046, -2.4999999999970357];True;[-5.0, -5.0, -5.0, -5.0, -2.709564355723309, -2.2263181076502696, -5.0, -0.7078287519913706, 2.1534093417612663, -5.0];167.3635934999911;12.536234900006093
[3.4767327600000035, -2.499999999997948];True;[3.3444133334496264, -3.5510534098046382, 0.9857150285480483, 0.4174251382459202, 2.066307600666488, 3.469702083483673, -4.078923243684269, -2.732034400102054, -3.261676638433674, -2.9000282735369236];167.5705464000348;13.564604199957103
[2.944668816000001, -2.4999999999962843];True;[-5.0, -5.0, -5.0, -1.866250806503004, 0.2491802248806998, -1.2783956140209103, -3.671800010295858, -3.415305305110816, -0.8901736858585956, -5.0];174.4628856999334;13.564604199957103
[3.3151520160000088, -1.240164];True;[-5.0, -5.0, -2.8833556710003667, 3.135356686992397, 4.180567680014523, 5.0, -5.0, -0.36029278379072505, -2.7930142860680576, -5.0];170.10913450003136;13.564604199957103
[3.1920242400000074, -2.499999999998881];True;[-4.526205770483672, -5.0, -5.0, 5.0, 3.3274246047749703, 3.6953788583075227, -5.0, -4.741065734749921, -2.1766389311692533, -5.0];177.0140443999553;13.564604199957103
[3.0632817600000086, -2.499999999994987];True;[-5.0, -5.0, -5.0, -1.100024164005573, 4.125772311313327, 5.0, -5.0, -3.4071206271946997, -5.0, -5.0];174.74588800000492;13.564604199957103
[3.135230928000013, -1.5414262];True;[2.2326320936546917, -0.6304682542287683, -1.3240015562337835, -4.617491438468111, -4.349217808264173, -3.0072728771665123, -4.405394341897591, -4.559044277900895, -2.3939588057586643, 1.0037903044967198];172.8152737999335;12.432055599987507
[2.6171586000000024, -2.464075];True;[-5.0, -5.0, -5.0, -5.0, -5.0, -3.0940837077425183, -5.0, -5.0, -2.9411832048461695, -5.0];172.14471430005506;12.432055599987507
[3.5853386400000047, -2.4999999999990217];True;[0.3989925109014605, -1.9749549404631432, -1.9824380662069627, -1.219808500212452, 4.927080830993441, 0.12496572555254293, 1.31342548516478, -0.6645494939167067, -4.735968198076385, 2.6011504638680307];169.25610529992264;12.432055599987507
[2.9799552240000056, -2.4999999999976223];True;[-5.0, -5.0, -5.0, -2.4455538192709825, -5.0, -3.0560051832507984, -5.0, 4.946489694379794, 1.3159484682492204, -5.0];165.93361930001993;12.432055599987507
[3.2990960880000113, -2.4999999999921134];True;[-1.409518945009161, -4.08837940538664, -4.194136554298661, -4.284272308122802, 4.992575786556802, -4.163881657342139, -5.0, -3.565893494475009, 4.465267521476614, 2.784154068858479];166.4209021999268;12.432055599987507
[3.042091080000003, -2.2543872];True;[-5.0, -5.0, -5.0, -4.860747607903041, -5.0, -5.0, 5.0, -1.9634207118237201, 5.0, -4.538264647965622];168.81181089999154;13.52100180007983
[3.4206295680000025, -2.4999999999971987];True;[-2.62340475271349, -2.2088693508553807, 2.522382475403953, -4.858455509166962, 1.501789570293191, -1.2128709882715012, -2.539181879975735, 2.9628437112692128, 0.10781386118365432, -2.489598044551535];165.0795014000032;13.52100180007983
[3.1349697840000053, 1.0630099999999998];True;[-5.0, -5.0, -5.0, 3.956448143492519, 4.70292582123111, -3.7756636250868114, -5.0, 1.2980652438869686, -3.244290452968051, -5.0];172.98777410003822;13.52100180007983
[3.482521992000012, -2.499999999998056];True;[-4.463142465348944, 4.383443720857173, 2.8087619103806736, -2.8084141119876245, 4.761200712131746, 5.0, -4.913305168997625, -2.27130600494609, -4.622316274918626, -3.8470266090857166];176.30370129994117;13.52100180007983
[2.8126919520000127, -1.6806854];True;[-5.0, -5.0, -5.0, -3.0974354887067825, -2.600071442532082, -2.1859689130467648, -5.0, -0.7967512147075411, -3.3025575568641274, -5.0];170.74832999997307;13.52100180007983
[3.0825381600000092, -1.49403];True;[-5.0, -5.0, -5.0, -3.870180364493417, -3.15394117090153, 1.571761727439151, 2.9601384733455944, -4.508269347366268, 2.5106376242909327, -5.0];169.77714929997455;15.208659099997021
[3.3365310480000105, -2.4999999999857114];True;[-5.0, -5.0, -5.0, -1.3858765736447625, 0.8704803104547665, 1.7059865937873404, 5.0, -0.6418883258855788, 1.4162415859475175, -4.6959114153030095];165.39781860006042;15.208659099997021
[3.0403162080000072, -2.4999999999981553];True;[-5.0, -5.0, -5.0, -4.134819018846645, -2.555353547428792, -1.1883247050817785, -5.0, 3.0215839342435853, 3.4122709905151254, -5.0];168.28203609993216;15.208659099997021
[2.6116091280000004, -2.4999999999824696];True;[-5.0, -5.0, -5.0, -3.4589361298390995, -5.0, -2.833229775613479, -5.0, -5.0, -5.0, -5.0];187.65739970002323;15.208659099997021
[3.442973256000001, -2.496880478];True;[-5.0, -5.0, -5.0, 5.0, 5.0, -5.0, 2.8182172105969396, -0.2810592585730962, 4.659759561725259, -5.0];173.39583659998607;15.208659099997021
[2.954955168000012, -2.499999999760987];True;[-5.0, -5.0, -5.0, 3.2000236399136153, -5.0, -0.34764104599131507, -5.0, 1.7335582161049867, -4.98246708321801, -5.0];178.19011490000412;13.330271300044842
[3.0221471520000125, -2.4999999999997673];True;[-5.0, -5.0, -5.0, -0.7809679616590373, -5.0, 3.0675211759367293, -5.0, -1.5352427034933043, 1.962908458718971, -5.0];170.97919890005141;13.330271300044842
[2.996271432, -2.4999999999993965];True;[-5.0, -5.0, -5.0, -1.5910636663684254, 1.2993721277448227, 0.6285030678986878, -4.784687448780055, 0.8453426243972109, -4.881216279083361, -5.0];179.54615769989323;13.330271300044842
[2.7228450240000117, -2.49999999984542];True;[-5.0, -5.0, -5.0, 0.11592845348028202, -5.0, -1.4775533890986967, -5.0, -5.0, -4.780733540491654, -5.0];185.5772675999906;13.330271300044842
[2.8668766320000123, -2.4999999999980433];True;[-5.0, -5.0, -5.0, -0.8611283577207498, -4.150717281296588, 0.6640105335831734, -5.0, -2.255124988213808, -2.8712737892427316, -5.0];175.50530449999496;13.330271300044842
[2.997806112000012, -2.4999999999988294];True;[-5.0, -5.0, -5.0, 2.7588882578060003, -5.0, 1.1097930935176308, -5.0, -4.64150518647494, 2.3601486273880337, -5.0];171.21187240001746;13.63257169991266
[3.504623112000005, -2.4999999999994116];True;[-3.8498826032074813, 4.179138586711396, 3.0004568119540878, 3.024292687611281, -2.3061694791717184, 0.699092013473579, -4.45695121651241, -5.0, 0.2504432871221809, -0.4893253485330833];182.64254120003898;13.63257169991266
[2.9267187840000126, -2.499999999999644];True;[-5.0, -5.0, -5.0, -2.8733828773471206, -4.995861676363163, -0.30794489293861105, -5.0, -1.644237882645605, 3.1176848978969964, -5.0];175.2973133000778;13.63257169991266
[2.9069057520000054, -1.45921];True;[-5.0, -5.0, -5.0, -3.736207706130698, -5.0, 0.3916401211415055, -5.0, -2.5425477361683186, 3.2660911572698197, -5.0];167.79846399999224;13.63257169991266
[2.987238312000012, -1.8199986];True;[-5.0, -5.0, -5.0, 0.3184899647850159, -5.0, 1.5240656008627091, -5.0, -3.7966314934316054, 3.052161214840023, -5.0];184.68404269998427;13.63257169991266
[3.902082768000012, -2.4999999999993885];True;[2.3987679319888935, 2.5839260195579943, 1.9736338328704717, 4.420423443750508, 2.396983716713052, -4.656576061857369, 1.0574676218110142, 3.184511356164357, 4.507033525442912, -4.414232776682815];165.53223620005883;14.75655910000205
[2.966387616000002, -2.4999999999973412];True;[-5.0, -5.0, -5.0, -3.4495351236452962, 0.2137886499543704, 4.303185786577048, -5.0, -0.9346673145999045, -5.0, -5.0];171.18577720003668;14.75655910000205
[2.9027710800000053, -2.4999999999985385];True;[-5.0, -5.0, -5.0, -0.08698646182576564, -5.0, -0.868979298452369, -5.0, -4.39602820411765, 2.5395412063660388, -5.0];170.7969028999796;14.75655910000205
[3.1718952000000105, -2.499999999977103];True;[-2.8091946606131044, -5.0, -5.0, -5.0, 1.0062529995523501, 5.0, -5.0, -3.550055236394038, 5.0, -5.0];169.35550080006942;14.75655910000205
[2.760977232, -2.499999999998747];True;[-5.0, -5.0, -5.0, -1.6381288636972, -5.0, -1.502856557908594, -5.0, -5.0, -1.236007495899878, -5.0];169.3857633000007;14.75655910000205
[2.837620296000001, -2.499999999995189];True;[-4.1174602989156455, -4.975766586535748, -1.5136199832977733, -1.1543101485289613, -4.675956834873831, -4.704254572132057, -2.215459440821, -2.7052520836790266, -4.766688881162217, -4.999940855996519];182.90957829996478;13.620264299912378
[3.2665001760000116, -2.4999999999052775];True;[-2.501619164855273, -5.0, -5.0, -1.5437354957178262, 2.345104141331883, 2.7581097139439645, -3.546823708512581, 2.088738381918236, -2.2572421441803914, -3.315697031960229];172.1684205000056;13.620264299912378
[3.061051992000005, -2.499999999993798];True;[-5.0, -5.0, -5.0, 1.8765683923277923, 1.5593544429076376, 2.1153490315645858, -5.0, -1.9288743778246165, -4.107050928390478, -5.0];177.9388239000691;13.620264299912378
[3.0201491520000094, -1.9542340999999999];True;[-5.0, -5.0, -4.919851079366128, 0.5750918961729576, -0.5253246927163415, 0.8694003078355452, -5.0, -1.6814729064221678, -1.6961293266605963, -5.0];176.6329741999507;13.620264299912378
[2.6827100640000046, -0.5838239999999999];True;[-5.0, -5.0, -5.0, -1.1182579271977056, -5.0, -5.0, -5.0, -1.8821938975762933, -5.0, -5.0];188.0702517000027;13.620264299912378
[2.8493665920000106, -2.4999999999908527];True;[-5.0, -5.0, -5.0, -1.637268390058884, -5.0, -2.0096201753901988, -5.0, -3.5951771306847973, 1.9571790539726415, -5.0];174.11718850000761;16.023005299968645
[3.501398880000006, -2.499999999998456];True;[-0.3607265270764497, -0.43115058391119376, -4.898823059663748, 1.8379305446777678, 3.1344883656041223, -1.3934258381560127, 0.4439217518143943, 0.1640769590479918, -1.641988972297126, -1.9524934266609484];170.98188330000266;16.023005299968645
[3.1894419600000115, -2.2015903];True;[-0.22933423190597502, -4.8358193784293135, -5.0, -1.4582841694753705, -1.821139217815622, -0.2889135149676818, -1.0509651114471814, -4.39945306052111, 4.543235061970162, -5.0];171.86708730005194;16.023005299968645
[2.857796640000007, -2.4999999999399316];True;[-5.0, -5.0, -5.0, -3.419707198092761, -5.0, -1.9869749036685898, -5.0, -2.4545682837567573, 2.966653752216465, -5.0];173.59745130001102;16.023005299968645
[2.8130049360000076, -2.499999999998787];True;[-5.0, -5.0, -5.0, -2.322318095640667, -5.0, -1.226021124274224, -5.0, -1.5679240892964703, -1.8520010287071558, -5.0];173.6617949999636;16.023005299968645
[3.075852312000013, -2.499999999996454];True;[-4.5508626362574525, -1.6729889507840774, -0.8594789458145122, -4.841913486636462, -3.736791275515018, 2.487351908520332, -1.500076045934064, -1.23541434788397, -5.0, -3.889243654246007];168.26791130006313;15.747309800004587
[2.772377280000002, -2.499999999997843];True;[-5.0, -5.0, -5.0, -5.0, -5.0, 3.1822371519377235, -5.0, -2.0314489952845043, -5.0, -5.0];170.6141369000543;15.747309800004587
[3.158337960000007, -2.499999999998868];True;[-5.0, -5.0, -5.0, 2.982488628792508, 0.46410133282872934, 0.3965248130771517, -5.0, 3.258103473652268, -3.2311834317167882, -4.850679625273147];168.63557790010236;15.747309800004587
[3.489671592000004, -2.499999999996495];True;[-4.236406946412115, 2.420863402414347, 2.0672951285219545, -4.064962663865785, 2.1551605505707307, 1.2852111776172421, 3.477759313857966, -0.31606525561254273, -4.74720065663741, -3.682753092290634];164.1425796999829;15.747309800004587
[2.7691167600000095, -2.4999999999977858];True;[-5.0, -5.0, -5.0, -5.0, -5.0, 1.4394585497863845, -5.0, -0.43959088512639877, -5.0, -5.0];169.02017099992372;15.747309800004587
[2.957356872000008, -2.49658893];True;[-5.0, -3.12514517566093, -5.0, -2.8676518988413404, 5.0, -4.454768126024296, -5.0, -5.0, 0.1622154176758137, -5.0];176.48434210009873;16.59831619996112
[3.7138659840000035, -2.499999999997575];True;[0.8731325634280607, -1.7618353761349108, -4.988105071808379, -1.604679295592783, 1.2816246712466706, -1.1296824328630812, 4.4179880132015015, 4.228487801344809, 1.1747672852351565, 2.246517531803242];163.0625613000011;16.59831619996112
[2.965881312000013, -1.9513127];True;[-5.0, -5.0, -5.0, -1.6217019994285495, -3.9539312036244025, 3.7058279697893415, -5.0, 0.5388612714209469, -3.5597421332920876, -5.0];165.70974800002296;16.59831619996112
[2.904665400000006, -2.183378];True;[-5.0, -5.0, -5.0, 4.200080619503199, -5.0, -2.4092571490265895, -5.0, -2.51012721788394, -3.7802478570789937, -3.2252159262393234];174.44036610005423;16.59831619996112
[2.7512101440000105, -2.1414461];True;[-5.0, -5.0, -5.0, -4.978437042020734, -4.537042929111904, -4.401823447705661, -5.0, -0.04145197534553269, -0.8704050790873215, -5.0];171.55951619998086;16.59831619996112
[2.960573976000011, -1.463243];True;[-5.0, -5.0, -5.0, -2.6785196842285517, -5.0, 1.588364976330774, -5.0, 0.8377830278843685, -0.32237987850971095, -4.561638277904361];166.20734279998578;15.416190700023435
[3.2256712080000054, -1.8343713];True;[-5.0, -5.0, -5.0, 2.7009733142504526, 0.1181849506889403, 4.039955817541477, -5.0, -2.574159672818235, 2.851674920106502, -5.0];166.7327056999784;15.416190700023435
[2.9495197440000123, -2.1669873];True;[-5.0, -5.0, -5.0, 0.3930217289990878, -5.0, -3.414572840736092, -5.0, 5.0, -2.6266053164385723, -5.0];170.1493841999909;15.416190700023435
[3.601466928000008, -2.4999999999982756];True;[-0.8231684261216863, -1.2289906054443116, -0.9047102246450551, -4.200387603940368, -2.4866308917475943, 2.6479830567738114, 2.6588502404821845, 4.1262284982903825, -0.28402130695670813, 0.029436435348885404];162.0610180000076;15.416190700023435
[3.1919402160000137, -2.49999999999885];True;[-4.029132137694393, -1.459562882077881, -3.0082090258078713, -3.223114345855584, -4.104253842087724, 2.6662875369101826, -0.01327279904688794, 3.5993000546117813, -4.853041943115859, -5.0];166.01758599991444;15.416190700023435
[3.005504568, -2.1898277999999998];True;[-5.0, -5.0, -5.0, -4.805380713515014, -0.882553780746532, 1.0654500103484672, -1.5322307131255664, 1.680604940508596, -5.0, -3.582141297083404];168.13973870000336;14.869016199954785
[2.914511760000002, -1.026591];True;[-5.0, -5.0, -5.0, 0.9805858588322236, 3.1823611721448657, -4.0033259287528, -5.0, -3.053243275494392, -4.375293095928472, -5.0];184.52924920001533;14.869016199954785
[2.9699114400000006, -2.499999999998633];True;[-5.0, -5.0, -5.0, -0.8066497582617007, -5.0, -3.8098469075257606, -5.0, 0.3927071427664428, 4.519675665857299, -5.0];168.625735300011;14.869016199954785
[3.609064512000007, -2.2786337];True;[-1.7227873164353773, -1.3516669271743136, 1.6280408610605424, -0.2567440510153176, -1.2857855416013035, 0.025922756525677215, 2.6905629073049315, -1.5942243649383454, -0.551026280504912, 2.3040858055843767];165.8752761000069;14.869016199954785
[3.4679266560000004, -2.4999999999936935];True;[0.14942403882730737, 1.4875268097974264, 3.5656045377265695, -4.830537894741156, 0.8878793288030096, -2.3290147352958805, -4.623868027700707, -3.223951328546189, 1.5972801391031464, 0.6717978790413479];171.35867029998917;14.869016199954785
[3.147384816000007, -1.8695977];True;[-5.0, -5.0, -4.575707590242936, 4.545749508318236, -5.0, 0.2743426388727137, -2.7636637630821657, 3.3594883110940934, -5.0, -2.3279589497253568];179.17762480000965;14.644851600052789
[2.867791608000006, -2.499999999934949];True;[-5.0, -5.0, -5.0, -4.622869195855288, -5.0, 4.133306695105219, -5.0, 1.0576605783423751, -5.0, -5.0];169.5782355000265;14.644851600052789
[2.8759957200000104, -2.499999999998728];True;[-5.0, -5.0, -5.0, 0.43882320734257885, -5.0, -0.11504494430749368, -5.0, 0.6241786773640285, -5.0, -5.0];172.90325880004093;14.644851600052789
[3.157197048000007, -2.4999999999992286];True;[-5.0, -5.0, -2.1630160649827834, -2.745197763902553, -1.4556798293976674, -1.8894698599093003, -5.0, -3.8379010247295895, 1.0578058617567656, 5.0];170.8396078000078;14.644851600052789
[2.766285648000008, -1.158471];True;[-5.0, -5.0, -5.0, -5.0, -5.0, -2.172554790417038, -5.0, 3.041344740228112, -5.0, -5.0];174.18258409993723;14.644851600052789
[3.312826128000004, -2.499999999998664];True;[-5.0, -3.867937833798181, -5.0, 4.999841292917118, 1.1615703654526, 2.1670619535907765, -5.0, -2.1374654059002642, 3.8485211995883333, -5.0];169.34603140002582;15.958281700033695
[2.8622172960000025, -2.499999999998939];True;[-5.0, -5.0, -5.0, -0.9589169608972012, -5.0, -4.266041213578983, -5.0, -2.6377411953336916, 3.1727635120984807, -5.0];172.47187640005723;15.958281700033695
[3.0854612880000105, -2.4999999999981335];True;[-4.224785754504129, -3.857335270042264, -5.0, 3.0758749612800287, -2.2255078043983056, -1.1199441345550292, -5.0, 3.293089157021516, -4.2959892450226045, -5.0];169.77325930004008;15.958281700033695
[3.467989296000007, -2.499999999997141];True;[-4.152522901298901, -2.6076096041942063, -2.1998387755673097, 4.051339235788641, 1.4269655552851894, -0.6068226871172637, 2.099972151128421, -4.6320005400381845, 2.4434756987683475, -2.46789417474489];165.63611680001486;15.958281700033695
[2.937531096000007, -2.494739022];True;[-5.0, -5.0, -5.0, -4.9077323416114655, -1.4437696302483856, 3.898720166006383, -5.0, -1.922607735947286, -1.8277890564233794, -5.0];167.8622973000165;15.958281700033695
[3.1433782320000048, -2.4999999999985683];True;[-5.0, -5.0, -5.0, 1.8287878404419402, -2.21258658444, 0.23922028907922765, -5.0, 2.893654070544569, 0.5776928218891673, -5.0];168.42832419998012;15.19879299995955
[3.0322941840000004, -2.4999999999976366];True;[-5.0, -5.0, -5.0, 1.6368646107896145, -5.0, 3.6043876312858494, -5.0, 1.9752747351875364, -4.032565512129324, -5.0];168.62290800001938;15.19879299995955
[3.659591880000007, -0.875516];True;[-0.7085219805937806, 0.6621532409630557, 0.6496307012844209, -1.2370266236864653, 1.1350327734761319, 3.812521787848924, -1.9315233708557207, 1.438098665633257, -0.4482573694879006, -1.1465668994364342];162.82901229988784;15.19879299995955
[2.89550678400001, -1.9826279];True;[-5.0, -5.0, -5.0, -5.0, -5.0, 3.611050337092717, -5.0, 0.15953300360642153, -1.9193587339320728, -5.0];168.3886442000512;15.19879299995955
[3.034903248000001, -2.4999999999959037];True;[-5.0, -5.0, -5.0, 2.1732480733478834, -5.0, 2.743885368433185, -5.0, -4.003826063127896, 2.391470987796457, -5.0];167.02995989995543;15.19879299995955
[3.207819672000012, -1.5829299];True;[-1.7557040550865954, -1.6493023784923144, -4.112419857709668, -3.202512478849912, -5.0, -1.9838596612701491, 3.3486867149229607, -5.0, -3.6366866430791474, 4.301977027029082];206.10681120003574;16.831791099975817
[3.2641887600000086, -2.4999999999621103];True;[-5.0, -5.0, -5.0, 3.4788874982287847, 0.9488127182145334, -0.26469601048554736, -5.0, 5.0, -0.24316635394829955, -5.0];206.13085479999427;16.831791099975817
[2.863847448000001, -2.4999999999987126];True;[-5.0, -5.0, -5.0, -0.033006383040101284, -5.0, -1.9774220775775166, -5.0, -1.27218945748186, -1.3318626530460707, -5.0];206.25720960006583;16.831791099975817
[3.2614891920000053, -2.4999999999935123];True;[-5.0, -5.0, -5.0, -2.668291773439241, 5.0, 0.8791568764244948, -0.09703322478520704, 1.1902165721877935, -0.5092079430232905, -5.0];206.16227199998684;16.831791099975817
[3.7044816480000105, -2.4999999999919944];True;[4.26681470125931, -2.505975291132963, -2.4397548753769134, 4.752442222088424, -0.9055071882906036, -2.849635491147478, 0.4528587032110307, 2.1865117177366953, 1.4830353297293986, -0.13701055198888668];191.86050030007027;16.831791099975817
[3.1019928480000014, -2.499999999997705];True;[-5.0, -5.0, -5.0, 4.795928615272075, 0.7278099344998417, 2.61005006375216, -5.0, -5.0, -1.7230096883777852, -5.0];170.9244196000509;16.090187900001183
[3.0536300160000085, -2.499999999986555];True;[-5.0, -5.0, -5.0, 0.60055667041813, 2.1461617125511534, -2.108099538296237, -5.0, -4.767262371179732, 3.3004076302674843, -5.0];172.42831670003943;16.090187900001183
[3.5348657040000093, -2.499999999998588];True;[-1.5421085151123974, 2.35558522461751, 0.8679923935594855, -4.925417745765393, -5.0, 3.0007874121222287, 4.058820555044795, -4.032350072715131, -0.6978641355307635, 2.3657084993062583];166.758491900051;16.090187900001183
[3.0585187440000103, -2.324752];True;[-1.1746375401257514, -5.0, -5.0, -5.0, -5.0, 2.7441402707323306, -5.0, -3.593656119951638, 0.08048423245113057, 1.3417450795177572];165.50300569995306;16.090187900001183
[3.149629272000007, -2.4999999999975966];True;[-4.850108758159428, -5.0, -5.0, -4.4744071407836286, 4.898686826264809, 0.837393081490764, -5.0, 2.2665552855383, -0.06194671342198177, -5.0];169.20823970006313;16.090187900001183
[3.7202461920000096, -2.4999999999991935];True;[0.7501416524985984, 4.662703870363353, 1.0725969287491468, 3.028854063093668, 0.2580712886576828, -4.024015299357461, 1.5881182054402778, -4.806982950992212, 2.337608522190634, 0.16651054162393386];170.05932020000182;17.308175700018182
[2.9965379760000106, -2.4999999999986384];True;[-5.0, -5.0, -5.0, -0.36760619859758403, 4.724510111349245, 1.0438674176157487, -5.0, -3.872148966166369, -5.0, -5.0];177.2162043999415;17.308175700018182
[3.2257999440000047, -1.753347];True;[-5.0, -5.0, -5.0, -2.0700071531745463, 2.089059708571895, 2.177806646611252, -5.0, 5.0, -0.05424331970036267, -5.0];168.75635319994763;17.308175700018182
[3.561222024000013, -2.2815333];True;[0.9070286270436405, -0.7959642954647643, 0.6894190041154111, 0.9817921897246613, -4.290241947364196, 0.9559430451235942, -2.4262479721904078, -1.151640333100994, 1.2461556753537142, 1.5551524928249645];164.08680920000188;17.308175700018182
[3.1809332880000096, -1.364672];True;[-5.0, -5.0, -5.0, 2.6330120395949344, -5.0, 1.096574588880939, -5.0, 1.3370213137519116, 4.868363653571304, -4.869510442157299];164.00937089999206;17.308175700018182
[3.281274360000003, -0.4914290000000001];True;[5.0, -5.0, -5.0, -2.4851932293893375, 4.155257759942796, 1.1335690394552476, -5.0, -0.7614102865518371, -2.3313765171257166, -5.0];170.28474580007605;17.86426369997207
[2.9426425200000104, -1.7828149];True;[-5.0, -5.0, -5.0, 3.011618850234072, -5.0, 2.593255989875, -5.0, -3.1502725615981717, -3.4211547906986506, -5.0];168.48458519997075;17.86426369997207
[3.0308443920000068, -1.8478031000000001];True;[-5.0, -5.0, -5.0, -0.8437761388961116, 5.0, -1.4986610990948486, -5.0, -5.0, 0.4593124643475992, -5.0];175.8496817999985;17.86426369997207
[3.748706136000007, -2.499999999999486];True;[-1.3637711216187371, 0.2812335558136887, -3.633374141430739, 2.5514794377425334, -3.7981273908806346, 2.192481356028905, 2.715535398270391, 4.418500234212102, -0.7742423951158415, 3.7614778629684587];163.5685700000031;17.86426369997207
[3.3134367600000103, -2.4999999999925775];True;[2.364492295277768, -5.0, -4.375253694952441, 0.9662694748092546, -0.30051272017840613, -4.936783900236608, -5.0, -2.127599600993671, -0.3907394869195011, 5.0];172.8490830999799;17.86426369997207
[3.6510190560000018, -2.4999999999455333];True;[-4.558835080108319, -1.5515124829320515, 1.846921336922743, 2.0521071302328817, 3.3114820639236893, 4.156228568049116, 2.3650679239078753, -1.805080621608575, -0.3626637292637138, -3.6250554684037897];172.03455179999582;17.684346099966206
[3.0645000000000118, -2.4999999999987272];True;[-5.0, -2.015790186050591, -5.0, -2.373454381356996, -5.0, -1.6489503463394692, 1.606535088131701, -2.078863988332315, 1.185522712797554, -5.0];173.8911854000762;17.684346099966206
[2.9251851840000063, -0.5184390000000001];True;[-5.0, -5.0, -0.6977568828486005, 2.0935291516840113, -5.0, 1.11094404044184, -5.0, -5.0, -4.281483515677082, -5.0];173.94280869991053;17.684346099966206
[3.0723894, -2.4999999999911267];True;[-5.0, -5.0, -5.0, 1.146943062172868, 4.846214270840235, -2.082492663152916, -5.0, -1.4174590271015495, -2.4529528402140377, -5.0];178.50993719999678;17.684346099966206
[2.8721288880000087, -2.4999999999986198];True;[-5.0, -5.0, -5.0, 2.16648004897558, -5.0, -1.9224828079482617, -5.0, -4.364425070904083, -0.11064425358290109, -5.0];175.66004119999707;17.684346099966206
[2.8465547040000123, -2.495795147];True;[-4.802049476837643, -5.0, -5.0, -0.7137856839413752, -4.369358778928538, -0.755395866555288, -5.0, -2.481978287280935, -2.6401735250538625, -4.652334974420752];172.89981800003443;17.340626600082032
[3.328849008000012, -1.6678964];True;[-5.0, -5.0, -5.0, -1.3299154446548194, 5.0, 0.3381310003082314, -3.2193685034989263, 1.1245299130706208, -5.0, 5.0];165.7901212000288;17.340626600082032
[3.3463020240000056, -2.4999999999964224];True;[2.2758139334032377, -5.0, -5.0, 1.0965381646989112, 3.155720767400183, 2.9383644048274586, -5.0, -2.7725450003402132, 1.0275075422151687, -5.0];173.45841820002533;17.340626600082032
[3.55523601600001, -2.499999999996019];True;[-4.2443322669716235, 2.293600048869812, 4.70479516312462, -2.900529867038189, 1.0327532421794494, -4.576978534460184, 1.5177772380409067, 2.386597124859624, 1.3063939008863281, -4.125837059691758];168.7516493999865;17.340626600082032
[3.5252340480000086, -1.7620059000000001];True;[-0.17739790491775054, 3.210910158231817, 1.7070659808812731, -3.3726842794567986, -2.6654324587437483, -2.3817293345929667, 1.0138951335099762, -3.551597734913323, 4.745119884610325, -2.5228726863863136];168.57013179990463;17.340626600082032
[3.3325307280000076, -2.1193557];True;[-5.0, -5.0, -5.0, 3.6817296309335, -1.805508895563146, -4.991634241552468, -5.0, 0.19924559334629333, 5.0, 5.0];168.61972700001206;17.936337999999523
[3.2272549200000054, -2.491698981];True;[-5.0, -5.0, -5.0, -1.9258647985269302, 3.51606048640566, 5.0, -5.0, -2.790695955157218, -0.23971338182415458, -1.34981489872004];176.3004055999918;17.936337999999523
[3.1939727760000034, -2.4999999997070286];True;[-5.0, -5.0, -5.0, 3.707143106728749, 2.6586721370849444, 2.3431857461071894, -4.944495382413577, -4.688575141976725, 1.2311064229445705, -4.637952285751128];171.3735135999741;17.936337999999523
[3.6152740800000083, -2.499999999998829];True;[3.2596706810614116, -0.8224284628494196, 1.92748552111704, 1.4913772904789209, 4.419914643635076, -4.923254083039651, -4.240955147616755, 2.3359100161550126, 1.4906159878827596, -4.76452178716759];174.45647789991926;17.936337999999523
[3.031743816000007, -1.8944768];True;[4.974499418369794, -5.0, -5.0, 1.3602431429178017, -5.0, -1.8406908159101865, -5.0, -2.1452452596290446, -4.1903321628561265, -5.0];174.40152289997786;17.936337999999523
[3.052818720000003, -2.499999999993082];True;[-5.0, -5.0, -5.0, -3.586479709231547, 3.8270184948203827, -1.4313644996524904, -5.0, -1.2997926781671625, 1.624839669529056, -5.0];171.39588079997338;17.12109439994674
[3.4444146240000113, -2.4999999999968687];True;[0.14784649824971208, -0.8073970878511014, -1.8805199734325844, -1.7470111326862856, 3.6383939127746032, -3.616516974311629, -5.0, 3.8244522724906833, 1.862435249601858, -4.158050320509435];168.03527359990403;17.12109439994674
[3.2709765600000136, -2.4999999998473466];True;[-5.0, -5.0, -5.0, 1.9383450362729304, -1.8324069017459905, 4.6724421384707515, -5.0, 5.0, -4.5341994720926975, -1.0100765359904895];165.8976268999977;17.12109439994674
[3.6838013760000092, -2.4999999999982405];True;[3.01737562200338, 1.7158655142184234, -2.1071577701657365, 4.345050354158722, -0.3607600476446855, 0.35845398073809154, -0.6351308441593053, 0.5064264525143489, 0.6875871431652891, -4.18133932940887];165.88838890008628;17.12109439994674
[2.9885371200000095, -2.499999999998618];True;[-5.0, -5.0, -5.0, -3.9818863064384002, 0.4752741965907905, 2.237448881178217, -5.0, 2.427373875991665, -5.0, -5.0];171.80973330000415;17.12109439994674
[2.925630792000006, -2.499999999997722];True;[-5.0, -5.0, -5.0, -3.726223282192578, -4.70189978154696, -4.409155718783269, -5.0, 1.5256054953047418, 4.557565902169493, -5.0];167.59047159994952;16.80097810004372
[3.5730147600000066, -2.0191981];True;[-3.49943953637229, 4.139916666243117, -4.71639083491119, 4.812733703217887, 2.4171417158159016, -4.146245396070762, 3.295091155808926, -1.7527404914283662, -2.7141584794523514, 0.3814254243215771];165.8412113999948;16.80097810004372
[2.9939146560000047, -2.4999999999983324];True;[-5.0, -5.0, -5.0, -3.966817761131659, -3.2952677024012167, -4.037410727179519, -5.0, 2.3992538005923674, 1.296957700381622, -0.9895722579393453];171.78935990005266;16.80097810004372
[3.1079239920000084, -2.499999999998483];True;[-5.0, -5.0, -5.0, 0.4864491246132925, 4.761366315776851, 0.845785182382377, -5.0, -4.699101982947406, 0.2908737151849836, -5.0];177.27612990001217;16.80097810004372
[3.592359936000003, -2.499999999998353];True;[0.24765073321772224, 1.5016729943456975, 0.8925019111488908, 1.9339984003455086, 2.9087280388917938, -2.926135435700361, -2.1091424021865315, 2.6942452322692665, -1.448860522359538, -4.581698738038342];167.09513239993248;16.80097810004372
[3.202992072000005, -2.1636172];True;[-5.0, -5.0, -5.0, -5.0, -1.7053749474307334, 2.792033336630629, -5.0, 5.0, 5.0, -5.0];166.49208230001386;18.748022599960677
[3.313251648000004, -2.499999999999051];True;[-5.0, -5.0, -5.0, 3.199603622181952, -5.0, 3.1897128130777492, 4.936611633074939, -2.0509267963245374, 1.9162777030350595, -5.0];168.39012680004817;18.748022599960677
[3.1124403360000135, -2.40032934];True;[-5.0, -5.0, -5.0, -5.0, -2.769903603461328, 0.4862974121829833, 5.0, 1.714735463806666, -2.5366873819999913, -5.0];168.14749000000302;18.748022599960677
[3.886424280000009, -1.407176];True;[2.1619047969586704, 2.852307735012623, 1.018622703850431, -2.9738701786828927, 0.5325129441914065, 2.621062397956396, 4.340264117346509, 1.1786108929658665, -2.606762824579623, 3.602395551279141];160.49992689990904;18.748022599960677
[3.9036137760000007, -2.4999999999980433];True;[0.7271132338799093, 1.6456690616922103, 4.347078800201578, 2.8791644983011047, 3.726501585915397, -3.5799231659625383, 0.7100582122815684, 1.296237502246572, -1.3627598993475916, 3.133736355230166];166.0894316000631;18.748022599960677
[3.345345792000007, -1.6634712999999999];True;[-5.0, -5.0, -5.0, 3.9999712615085237, 3.3567159178130073, 2.897210898439405, -5.0, -3.8845079088739958, -1.2451256950590412, 2.5528634629622102];167.23255060007796;17.353931999998167
[2.938066344000012, -2.4999999999956857];True;[-5.0, -5.0, -5.0, -5.0, -1.9405439368953918, 0.7621421730496678, -5.0, 5.0, -5.0, -5.0];167.2154789000051;17.353931999998167
[2.975714064000004, -2.4999999999945013];True;[-5.0, -5.0, -5.0, -0.56418491212301, -5.0, -4.286118256012021, -5.0, -3.5554599084571192, 1.4353169858415304, 2.534995128259787];167.22842579998542;17.353931999998167
[3.010088736000005, -2.497110276];True;[-5.0, -5.0, -5.0, -5.0, -5.0, 0.203808179634537, -5.0, 1.952165379494339, -5.0, 5.0];168.670973100001;17.353931999998167
[3.2029510320000094, -2.499999999996044];True;[-5.0, -5.0, -5.0, 3.615914824972002, 5.0, 1.5673653345430036, -5.0, -1.6297656695392018, -2.4687644341979493, -5.0];170.2626057000598;17.353931999998167
[3.449690856000012, -2.4999999999990745];True;[-0.11082077483227692, -3.3254424811666494, 0.49904046215941555, -4.539460058431672, -0.21539327004953712, -2.5755465095285075, 3.221152752848644, 1.302783369589645, -3.6156707341782752, 1.8672689348990925];163.19691599998623;18.263448099954985
[3.0884261040000083, -2.499999999999755];True;[-5.0, -5.0, -5.0, -5.0, 3.9570311813666716, 0.1211372202997909, -5.0, 3.63524161101312, -1.930717825166255, -5.0];169.35497139999643;18.263448099954985
[3.6596944800000033, -2.4999999999985443];True;[-4.12523903357698, 0.016204891360733775, 1.1336568798054092, -1.925242983082101, -1.9000227918508603, 4.3323479528587825, 2.648434263461236, 4.341538393426903, 0.6683350315532461, -2.9597002263869094];158.4172388999723;18.263448099954985
[3.287890008000005, -2.494434594];True;[-4.40425856244273, -0.6546053654442234, -2.525018087685905, -2.3783396192063666, -2.5741079861491287, -4.4020617769314745, 0.3017063365892989, 1.2833394787203813, -4.608890489383137, 4.979372171391486];166.1752234000014;18.263448099954985
[2.95061853600001, -2.4999999999487654];True;[-5.0, -5.0, -5.0, -3.2333300014840765, -5.0, -3.8614190469935954, -5.0, 1.4974592854437905, -5.0, 5.0];170.49174750002567;18.263448099954985
[3.4565253120000112, -2.491416074];True;[-2.4548764948489383, -1.4764350075380657, -3.1479234277043013, 0.8151138306952781, -2.17775029498004, 3.393233038729935, 1.3231800037666677, -4.635999179432426, 3.778894089110098, -2.593124843018331];170.33781759999692;20.418373699998483
[3.0930798240000055, -1.5234134];True;[-5.0, -5.0, -5.0, 4.422842777977767, -1.5424910804943486, -5.0, -5.0, -1.8313813020048917, 2.371274457574417, -2.4220886939975523];173.21919129998423;20.418373699998483
[3.722358672000006, -2.499999999998651];True;[4.627128133598626, 0.9214334351098463, 0.19829432984692286, 2.3808400791450177, -3.5935705389035726, 2.04145016920031, 0.5842975556561409, -1.5431525371596648, 1.5745828638231547, -2.0599047473286207];165.25283839995973;20.418373699998483
[3.1866391440000115, -2.4999999999990834];True;[-4.992850595419044, -5.0, -5.0, -0.3738749928811922, -2.2633343360379863, 2.836425238273071, -5.0, -4.3427849862204635, 4.613780773334163, -0.14776004175203816];166.60578270000406;20.418373699998483
[3.858701544000004, -2.499999999999041];True;[2.7134987618768003, -3.1261622626332835, -1.1350069567578753, 1.3656728807840572, 4.933986812831289, -1.0038326028737385, 4.395764330401224, 3.795918514952568, -2.5047197286042087, 2.008479172364698];167.3555468999548;20.418373699998483
[3.1484464560000007, -2.4999999999979345];True;[-5.0, -5.0, -5.0, -1.9333751600207987, -3.9309038437062176, -4.043301178056536, -5.0, 4.526752240039512, -1.0577660630975134, 5.0];173.77010809991043;21.272494899923913
[3.6067854960000063, -2.2186279];True;[-0.13788507184527887, 2.20100441916677, -1.74715859902741, -0.27224224692968413, 3.152725758799555, 4.552671348153561, 2.0525866955727974, -4.093814540197251, -1.3030218615894325, -4.624077358912635];177.37911059998441;21.272494899923913
[3.1440623040000086, -2.4999999999986];True;[-5.0, -5.0, -5.0, -1.4899440994670994, -0.2630725970922638, 5.0, -5.0, -1.9726594803217887, -5.0, 2.0840960422054744];173.1476529999636;21.272494899923913
[2.9328806160000136, -2.4999999999991616];True;[-5.0, -5.0, -5.0, 1.078984397357563, -5.0, -2.8755932383385705, -5.0, -1.3321226938656272, 1.7102336836410998, -5.0];175.81957400008105;21.272494899923913
[3.5539691760000105, -2.4999884459];True;[1.5628058928991315, 0.6713705323638921, -4.146523475646867, -2.767813717946429, 3.076388221233975, 1.9579180888831136, -2.938936445862709, 1.3128817826507797, -0.11223064735537314, -1.280242996290463];170.65919140004553;21.272494899923913
[3.775206528000008, -2.2596818];True;[-5.0, -4.999815920628043, 2.576835824471239, 4.999404198386589, 4.999837075205697, -4.998842133916819, 4.999970556142619, -4.999233535611534, 4.999979150115442, 4.999950214728914];186.54246590007097;11.763508199946955
[3.1799986560000075, -2.4999999999978306];True;[4.999561868965925, 4.988474596705153, -5.0, -4.974729989600153, -5.0, -5.0, 5.0, -5.0, -5.0, -4.991179939493143];189.842119500041;11.763508199946955
[3.249911376000003, -2.0487982000000002];True;[-4.6672050849357305, -5.0, -1.6287615257962273, -5.0, 4.904622752911298, -2.448025940350931, 1.9425102668488536, 1.351134191308355, -1.1954116895751672, -5.0];188.39830979995895;11.763508199946955
[3.29332586400001, -2.499999999996491];True;[3.530172677938438, 2.848763247223042, -4.414665289941126, -2.657921850950814, -1.6066275694185999, -4.12879436721496, -3.117779606299484, -3.5763241485932085, 1.1199358087024267, -2.727988635228076];189.7520749999676;11.763508199946955
[3.508029432000001, -2.499999999988263];True;[-1.2632722228571183, 1.92652929402513, 3.5029698201394233, -3.97513770214084, -4.058129030185481, -1.9564978031439617, 1.4916300216200913, -1.5202408320032745, 2.391876291589324, -1.3309620830917646];179.5014353999868;11.763508199946955
[3.4901416080000134, -2.499999999999443];True;[5.0, -5.0, -5.0, 0.6779987527889819, -5.0, 4.380465711775686, -5.0, -2.6449649720505346, 1.967105544162556, 5.0];172.26024440000765;29.69155780004803
[3.581121456000008, -2.4999999999984626];True;[-3.705198199176282, 2.6533297641274185, -2.0579247340730804, 1.5760999956546593, -2.264284806166122, -1.9463607565090402, 5.0, -2.9691103690089, -0.12618109595449667, 2.432314296472028];170.57686299993657;29.69155780004803
[3.173071320000012, -2.48864153];True;[-5.0, -5.0, -5.0, 1.753172568591859, 0.17081367969347028, -1.6031868136519947, -5.0, -5.0, -0.6193421276012252, 5.0];175.24114579998422;29.69155780004803
[3.6660269520000095, -2.496992121];True;[1.0377215594048161, 1.4081106428054007, 1.83239740319494, -1.8641888257117047, 3.7311506737023628, -0.7842393498866276, -4.142426894977716, -0.337572451680888, 2.6414829585698154, -0.9989596530801936];173.39678609999828;29.69155780004803
[3.2169024720000023, -2.499999999999092];True;[3.7961318437004934, -4.145112447440933, -4.540105145425204, -0.8152074739337953, -3.4193539060652167, -3.4519268572329067, -4.202582947909854, 0.927143516018968, -3.350417492911549, 0.9320911858223271];175.32734150008764;29.69155780004803
[3.56551459200001, -2.4999999999969007];True;[1.6450779871470793, -0.7139403532475193, -1.1370174530277843, -0.9146752066204451, 2.7236094420468584, -1.5484636463377974, -1.5187745376502648, 0.8821232996705426, -0.7262425412775917, -0.8215606992094848];169.94574569992255;24.113981999922544
[3.3640183440000055, -2.4999999999966174];True;[1.001209362614314, -5.0, -5.0, 1.9488924942893, -5.0, 5.0, -5.0, 2.35193381793178, 2.5408823774554934, -4.301334891229729];171.42897979996633;24.113981999922544
[3.1124936880000122, -2.4999999999979448];True;[-5.0, -2.36121182151967, -5.0, 5.0, -5.0, -2.900348301286993, -5.0, 1.5502424924920248, 0.6082538633595878, -5.0];172.62259159993846;24.113981999922544
[3.507679080000006, -2.1122724];True;[4.519875850528958, 3.3053333126001547, -1.662676343694614, -3.0276878364381883, 3.6982085183257247, -3.486149096861273, -3.4464042726909008, -3.741733441129381, 2.676835749298439, -3.643039893359207];172.88955790002365;24.113981999922544
[3.4676493120000123, -2.493299631];True;[-3.711429210379261, 1.4631720446043204, -4.032260691747353, 3.057910092175229, -2.3734739515935876, 1.2368669826539493, -2.1935166977350735, 3.981516053900103, -3.975850697606692, -0.11360730975892164];170.42553429992404;24.113981999922544
[3.0920894640000114, -2.499999999998649];True;[0.12441268020670915, -5.0, -5.0, -5.0, -5.0, 0.6786827821740617, -5.0, 5.0, 0.14920454717966614, -5.0];174.2199094000971;22.310144999995828
[3.058428240000008, -2.4999999999678764];True;[-5.0, -5.0, -5.0, 1.9691670709005296, -3.4629399346272582, -3.184984956301732, -5.0, -5.0, 4.748107568375852, -0.6754497599835219];170.10368699999526;22.310144999995828
[3.560095152000009, -2.4999999999963407];True;[-2.3300646063047497, 4.675599866873302, -5.0, -5.0, 5.0, 5.0, -0.5280543194315115, -3.8260110710781747, -3.8572155902108816, 3.484957787407824];169.1071094000945;22.310144999995828
[2.904717240000007, -1.9030068999999998];True;[-5.0, -5.0, -5.0, -0.6878962603798655, -5.0, -1.6468831132700386, -5.0, -3.0072489397993163, -0.5030742922356417, -1.8772650243317206];174.34515220008325;22.310144999995828
[3.1996000080000004, -2.47308681];True;[5.0, -5.0, -5.0, -0.9518300780864593, -5.0, -0.4922712853124631, -5.0, -5.0, 1.0690999607891563, 1.3046433504845156];172.0370360999368;22.310144999995828
[2.8126506960000075, -2.4999999999953966];True;[-5.0, -5.0, -5.0, -0.2486792770572377, -5.0, -5.0, -5.0, -3.948416884683521, -5.0, 2.212387632987163];183.77847479993943;23.18348819995299
[3.353396760000002, -2.499999999679367];True;[5.0, -5.0, -5.0, 1.894736004082188, -5.0, 5.0, -5.0, -1.8714667659507027, -1.095663890860334, -0.8777153355349547];168.9375926000066;23.18348819995299
[3.06190346400001, -1.6922759];True;[-5.0, -5.0, -5.0, -4.931898366061921, -0.09854514879935294, 4.585247576359741, -5.0, 5.0, -5.0, -5.0];174.26156810007524;23.18348819995299
[3.6831825360000012, -2.4999999999982694];True;[-3.1895498684545442, -2.452372940626877, 4.999170918568566, -3.964602699749711, -4.999919908704011, -4.980223583661927, 4.282442414368825, 4.044219281739153, 5.0, 4.578550212250352];167.05451559997164;23.18348819995299
[3.184499016, -1.8776095000000002];True;[-4.690783272579642, -5.0, -5.0, -3.6632709688527147, 5.0, 1.2922404936008247, -5.0, 5.0, -5.0, -2.70764506407383];173.2179970999714;23.18348819995299
[2.903297904000013, -2.499999999998166];True;[-5.0, -5.0, -5.0, -0.30439151537098397, -5.0, -5.0, -5.0, -0.7628423510623827, 0.6786280487930636, -2.3994609762382053];174.5179475999903;23.512020500027575
[3.0396213360000117, -1.6730193];True;[-5.0, -5.0, -5.0, 0.25462429248547114, -2.861689636838252, -5.0, -5.0, 1.607155189977444, -0.5448957686656328, 0.06800976646349888];204.36019829998259;23.512020500027575
[3.082176792000013, -2.4999999999986624];True;[-5.0, -5.0, -5.0, -1.4856174226103516, -0.36316862366838887, -5.0, -5.0, 0.4693489769265211, 0.07905477621289947, 1.7937439844160892];204.55332949990407;23.512020500027575
[3.1680869040000004, -2.499999999996652];True;[5.0, -5.0, -4.383428460922325, -0.3748719437883663, -1.3765874348385951, -3.6852746961666285, -5.0, -0.944050055212041, -5.0, 0.23490902638399014];174.1827627000166;23.512020500027575
[3.4275564720000067, -1.099022];True;[3.292176220566432, -4.031525896863522, -3.102105325090305, -2.147854212671436, -3.784814262762638, 1.8634773697719362, 3.801935296504938, -3.8793537113818966, -1.5768428891907997, 1.0480900760731888];198.17199379997328;23.512020500027575
[3.7736161200000033, -2.499999999996328];True;[3.6239077287864134, -0.4656615131200059, -3.9661300846848118, 3.9306773518415703, 3.720452221098183, 4.666055390444203, 0.8993857495208673, -3.8988026537527913, -3.5217253536762922, 2.5162912131595405];168.97505290003028;28.936169399996288
[3.137200416000005, -2.48253588];True;[-5.0, -5.0, -5.0, 2.9451738387571167, -5.0, 5.0, -4.904413738386422, 5.0, -5.0, -5.0];176.26984389999416;28.936169399996288
[3.1844750400000095, 0.7341739999999999];True;[-3.605219877344079, -5.0, -5.0, -0.8549199566990549, 5.0, -4.581267569539636, -5.0, -2.3047153024081006, 0.35780702693623034, 1.2177000112150207];173.34651149995625;28.936169399996288
[3.360115872000011, -1.049723];True;[-4.71142136152096, -5.0, -5.0, 4.613266185090639, 3.886279339023206, 0.3310830334225159, -5.0, 5.0, -5.0, -0.7582586122164061];177.22907600004692;28.936169399996288
[3.8115195840000005, -2.499999999998508];True;[1.4405020792037355, 1.8819275591520839, -2.083378974348139, -3.0491979978968105, 2.8426661342384394, 2.835884923115354, 3.883083136752104, 2.8383749071508255, -1.0212422534826282, -0.30938921496256544];175.36775340000167;28.936169399996288
[3.9474153360000015, -2.499999999999294];True;[-1.5530862046449072, 0.0834458893955583, -1.389265977462654, 0.4133576237230452, 5.0, 2.437395531151436, -1.589482895931631, 4.8666885456604465, 3.363337246864301, 3.9183138116275167];163.78214220004156;21.4370660999557
[3.2405816880000105, -2.4999999999986184];True;[-2.7205378055870053, -1.6286669500396633, -4.173199601560817, 5.0, -4.6990034460264125, -2.8233079666856593, -3.5537061400641687, 1.6684710022404232, -0.5648997403347593, -3.6782023694719834];166.38852230005432;21.4370660999557
[3.2135432400000052, -2.4999999999959677];True;[-5.0, -5.0, -5.0, -0.6237037187962873, 3.32648965066525, 1.7515720709825997, -5.0, -2.8792061699089055, 5.0, -5.0];173.97775670001283;21.4370660999557
[3.092495112000007, -2.2089734];True;[-5.0, -5.0, -5.0, 3.2211789071029546, -5.0, -3.101612804090519, -5.0, 1.0912145858747486, 4.760286827560057, -5.0];167.8975726000499;21.4370660999557
[3.1930817760000005, -2.499999999999239];True;[-5.0, -5.0, -5.0, -5.0, 3.141722262152733, 0.9942012173073138, -5.0, 2.5326948028658327, 3.55480772255898, -4.595556426677892];169.1112188999541;21.4370660999557
[2.992593384, -2.4999999999970313];True;[-5.0, -5.0, -5.0, 2.4280219817248296, -5.0, -4.667154418986503, -5.0, -2.6832184709748863, -3.7316573612456887, 5.0];171.71428660000674;21.989320099935867
[3.1862566080000096, -2.1161302];True;[-0.09897289374957552, -0.733318913495923, -5.0, -0.9337065215136668, -5.0, -0.26768526868037945, -2.2078699226070415, -0.18191194499646635, -5.0, -0.26466000806125933];171.03119649994187;21.989320099935867
[3.2214717360000007, -2.4999999999952007];True;[-0.4638186013728669, -5.0, -5.0, 2.567041869977274, -2.592288359313903, -2.1405123427522406, -5.0, 3.135073049775123, 0.7751963093652208, -4.338482645680034];170.2951435999712;21.989320099935867
[3.2582483280000076, -2.4999999999592917];True;[4.267655143157032, -5.0, -5.0, 2.1916156092771057, -5.0, -4.292925389428328, -5.0, -2.461261887373609, -1.0602547341301802, 5.0];177.4521015000064;21.989320099935867
[3.7573351200000102, -1.8946358];True;[3.3624596614389652, -0.5365199875091555, -2.551657948643036, -2.0409857854247866, 4.441564371809571, 0.22804207168521717, 0.44660742394642927, 4.074054891243552, -4.351291302591563, 3.6784270964562165];168.19323680002708;21.989320099935867
[3.47911113600001, -2.0179733];True;[-4.0927875679300785, -4.797870461172882, 2.343675470940509, -4.576110301930843, 3.3441958775523446, 2.714123932610092, 0.06630596782358822, -1.684122036431574, -1.5062127522189712, 2.0587499669362863];164.54609770001844;23.657293999916874
[3.8267145360000034, -2.4999999999991176];True;[3.6482499739486816, -4.106269157191991, 2.814191990143148, 5.0, 1.8008382849582318, -5.0, -2.226449504075359, 3.1887507298502236, 4.191488476264038, 0.6519166247988064];169.37234220001847;23.657293999916874
[3.1546504080000037, -2.2778545];True;[-5.0, -5.0, -0.34753817587917535, -4.683138289241943, -5.0, -1.747700282888486, -5.0, -0.7414074222266338, 1.3684089664461254, 5.0];167.26417159999255;23.657293999916874
[3.3186747600000013, -2.4999999999989404];True;[-2.6740859044138015, -5.0, -5.0, 3.832896872132931, -2.526298660654695, 0.7583262468929224, -5.0, 1.1834761638490932, -4.046346399560284, 4.9143973772269085];169.2170605000574;23.657293999916874
[3.307399344000012, -2.4999999999991154];True;[-4.9999594951674196, -5.0, -5.0, 2.8006125536984605, -2.4385844355483925, -2.881502308702998, -5.0, -1.240060718457455, 4.679829485411917, 5.0];167.33612879994325;23.657293999916874
[3.176379576000005, -2.4999999999988964];True;[-4.065757840375839, -4.166007196791807, -3.180741262964216, -1.4093866794811216, 0.9518693654827457, -0.4648081239477788, -3.368849688272384, 1.9047969366002064, -3.9539891282177106, -2.392536983060425];169.1124312999891;25.020874500041828
[3.4955340480000014, -2.4999999999983227];True;[-3.2210751534581004, -0.31986350492130367, -0.9225250472033446, 3.181297133722209, 1.6286243778704046, -2.315141776952367, -1.067500077798865, -2.3677203235184625, 2.16865259875477, -2.1344510408791573];169.32482970005367;25.020874500041828
[3.1281828480000105, -2.4193021];True;[-5.0, -5.0, -5.0, 3.311238462820258, 0.793621879874669, -3.13597479945574, -5.0, -2.954195048765559, 3.2996608079190786, -3.6910812559947788];169.44639569998253;25.020874500041828
[2.9597095440000025, -2.4999999999930713];True;[-5.0, -5.0, -5.0, 0.7800775531389288, -5.0, -0.7923343396643094, -5.0, 2.923532658891067, -3.087695234658856, -5.0];173.2268590000458;25.020874500041828
[3.09488817600001, -2.4999999999949383];True;[0.9986346217127453, -5.0, 3.245872158481731, -1.8784195552984833, -5.0, -3.673135788509475, -5.0, -1.0434341254485902, -1.5676523959906996, -5.0];170.99458970001433;25.020874500041828
[3.0450014640000105, -2.2320851];True;[-5.0, -5.0, -4.254325608559478, -2.4124908993149763, -2.6536567462628766, -3.4753363411211877, -5.0, 0.14652155592087635, -3.5450428335097235, 4.966628357809885];180.18839320004918;24.07712559995707
[3.292189272000007, -2.499999999994145];True;[-5.0, -5.0, 2.8355426485737825, 2.174484782947723, 5.0, 1.7185209381947955, -5.0, -3.5627951475645476, -4.416026353367716, -3.5335544053992303];186.51171390002128;24.07712559995707
[3.095369208000007, -2.499999999998593];True;[5.0, -5.0, -5.0, -1.4646362862616638, -5.0, -3.5933350498362335, -5.0, 0.16061624070911495, 1.0014597020145235, -5.0];184.33334470004775;24.07712559995707
[3.2118275520000017, -2.499999999934672];True;[1.808748383558295, -5.0, -5.0, -2.563326143030334, -3.4421141895156913, -3.754537283951234, -5.0, 0.722788213748732, 0.10001910895484478, 3.6241148688835327];185.87235520000104;24.07712559995707
[3.5885708640000096, -2.0824981];True;[3.61650976352394, -1.2202000524845036, 0.5305949132891561, -2.095056623220101, 1.2222644686699518, 1.2555060163143636, 0.9743210952729395, 2.2360906470568693, -3.5088884644211005, -4.073606915772426];182.0070392000489;24.07712559995707
[3.044558880000006, -2.4999999999937392];True;[-5.0, -5.0, -5.0, 0.3478138232424177, 0.19132425614934334, -0.03592185302638473, -5.0, 2.55357396403281, -4.304954100836545, -5.0];176.77342620003037;24.102694700006396
[3.4528710240000065, -1.981673];True;[-3.604545075714829, -5.0, 4.8771635689214285, -5.0, -3.8150938923015643, 0.3461823910022659, -5.0, 2.9860820528415974, 3.445387280428978, 3.4199563525296064];172.4583946999628;24.102694700006396
[3.1725576720000035, -2.492173082];True;[-5.0, -5.0, -5.0, -4.164085449487575, 3.9691761899031164, -3.8516405018782445, -5.0, 3.724255575955361, -5.0, 5.0];180.28992040001322;24.102694700006396
[3.7402512480000096, -2.4999999999987055];True;[-1.9590360035451413, -4.296983534437765, 2.9526735876350427, 4.854934531509004, -1.1576527779702461, 1.424513256478427, 4.587772323699843, 3.9426089131311493, -0.8372017349112157, -3.5518241372967942];172.2222406999208;24.102694700006396
[3.123108144000006, -2.0592741];True;[-5.0, -5.0, -5.0, 0.38507242869562663, -5.0, 3.9244609725943143, -5.0, -1.7102325832150092, 4.789052704605449, -5.0];174.23828449996654;24.102694700006396
[3.0344252400000133, -2.499999999992347];True;[-5.0, -5.0, -5.0, 3.687053391724376, -3.763824721594542, -1.6405836322599843, -5.0, 5.0, -5.0, -5.0];169.4152304000454;24.246419499977492
[3.193091928000005, -2.4999999999989413];True;[-5.0, -5.0, -5.0, -2.7717569401449573, 2.5406982768960793, -0.5869831831521592, -5.0, 2.041379097362902, 4.40501913268084, -5.0];163.40852329996414;24.246419499977492
[3.7583371440000066, -2.4999999999990874];True;[4.9331301243744115, -4.59248799329085, -4.60911119240403, 5.0, -1.6348887369053666, 3.10609332520135, 1.4405668357615342, 1.093619924154666, 0.013765606271816111, 2.0464019121219224];155.31613439996727;24.246419499977492
[3.3275931840000132, -2.1244341];True;[-5.0, -5.0, 5.0, -3.287368378865534, -5.0, -4.778520033147285, -1.67196695612928, -3.4069045012400725, 5.0, 5.0];159.84555560001172;24.246419499977492
[3.2040964800000014, -2.0121229];True;[-5.0, -5.0, -5.0, 2.181807816277523, 0.564804886882893, -1.218823563266719, -5.0, 3.865363786906851, 0.7446579818743846, -5.0];165.97447329992428;24.246419499977492
