# vtk DataFile Version 2.0
trial1, Created by Gmsh 4.15.0 
ASCII
DATASET UNSTRUCTURED_GRID
POINTS 2976 double
51.45778125 55.28503968 120
0 44.75785257 120
-51.45778125 55.28503968 120
-31.37360868 0 120
-51.45778125 -55.28503968 120
0 -44.75785257 120
51.45778125 -55.28503968 120
31.37360868 0 120
51.45778125 55.28503968 0
0 44.75785257 0
-51.45778125 55.28503968 0
-31.37360868 0 0
-51.45778125 -55.28503968 0
0 -44.75785257 0
51.45778125 -55.28503968 0
31.37360868 0 0
51.45778125 55.28503968 84
0 44.75785257 84
-51.45778125 55.28503968 84
-31.37360868 0 84
-51.45778125 -55.28503968 84
0 -44.75785257 84
51.45778125 -55.28503968 84
31.37360868 0 84
51.45778125 55.28503968 108
0 44.75785257 108
-51.45778125 55.28503968 108
-31.37360868 0 108
-51.45778125 -55.28503968 108
0 -44.75785257 108
51.45778125 -55.28503968 108
31.37360868 0 108
51.45778125 55.28503968 88
0 44.75785257 88
-51.45778125 55.28503968 88
-31.37360868 0 88
-51.45778125 -55.28503968 88
0 -44.75785257 88
51.45778125 -55.28503968 88
31.37360868 0 88
51.45778125 55.28503968 104
0 44.75785257 104
-51.45778125 55.28503968 104
-31.37360868 0 104
-51.45778125 -55.28503968 104
0 -44.75785257 104
51.45778125 -55.28503968 104
31.37360868 0 104
51.45778125 55.28503968 92
0 44.75785257 92
-51.45778125 55.28503968 92
-31.37360868 0 92
-51.45778125 -55.28503968 92
0 -44.75785257 92
51.45778125 -55.28503968 92
31.37360868 0 92
51.45778125 55.28503968 100
0 44.75785257 100
-51.45778125 55.28503968 100
-31.37360868 0 100
-51.45778125 -55.28503968 100
0 -44.75785257 100
51.45778125 -55.28503968 100
31.37360868 0 100
47.1696328125 54.40777408749999 88
4.288148437499999 45.6351181625 88
-4.288148437499999 45.6351181625 88
-47.1696328125 54.40777408749999 88
-49.7841002025 50.67795304 88
-33.04728972749999 4.607086639999999 88
-33.04728972749999 -4.607086639999999 88
-49.7841002025 -50.67795304 88
-47.1696328125 -54.40777408749999 88
-4.288148437499999 -45.6351181625 88
4.288148437499999 -45.6351181625 88
47.1696328125 -54.40777408749999 88
49.7841002025 -50.67795304 88
33.04728972749999 -4.607086639999999 88
33.04728972749999 4.607086639999999 88
49.7841002025 50.67795304 88
47.1696328125 54.40777408749999 104
4.288148437499999 45.6351181625 104
-4.288148437499999 45.6351181625 104
-47.1696328125 54.40777408749999 104
-49.7841002025 50.67795304 104
-33.04728972749999 4.607086639999999 104
-33.04728972749999 -4.607086639999999 104
-49.7841002025 -50.67795304 104
-47.1696328125 -54.40777408749999 104
-4.288148437499999 -45.6351181625 104
4.288148437499999 -45.6351181625 104
47.1696328125 -54.40777408749999 104
49.7841002025 -50.67795304 104
33.04728972749999 -4.607086639999999 104
33.04728972749999 4.607086639999999 104
49.7841002025 50.67795304 104
46.61172319753754 57.13488348757313 92
3.730238822537544 48.36222756257314 92
-4.846058052462455 42.90800876242686 92
-47.72754242746245 51.68066468742686 92
-52.40039832042914 49.72749368970918 92
-35.66358784542913 3.656627289709177 92
-30.43099160957085 -5.557545990290821 92
-47.16780208457086 -51.62841239029082 92
-46.61172319753754 -57.13488348757313 92
-3.730238822537544 -48.36222756257314 92
4.846058052462455 -42.90800876242686 92
47.72754242746245 -51.68066468742686 92
52.40039832042914 -49.72749368970918 92
35.66358784542913 -3.656627289709177 92
30.43099160957085 5.557545990290821 92
47.16780208457086 51.62841239029082 92
46.61172319753754 57.13488348757313 100
3.730238822537544 48.36222756257314 100
-4.846058052462455 42.90800876242686 100
-47.72754242746245 51.68066468742686 100
-52.40039832042914 49.72749368970918 100
-35.66358784542913 3.656627289709177 100
-30.43099160957085 -5.557545990290821 100
-47.16780208457086 -51.62841239029082 100
-46.61172319753754 -57.13488348757313 100
-3.730238822537544 -48.36222756257314 100
4.846058052462455 -42.90800876242686 100
47.72754242746245 -51.68066468742686 100
52.40039832042914 -49.72749368970918 100
35.66358784542913 -3.656627289709177 100
30.43099160957085 5.557545990290821 100
47.16780208457086 51.62841239029082 100
47.16963281250598 54.40777408750122 120
42.88148437501474 53.53050849500301 120
38.5933359375297 52.65324290250607 120
34.30518750003678 51.77597731000752 120
30.01703906255065 50.89871171751036 120
25.72889062506238 50.02144612501276 120
21.44074218755342 49.14418053251092 120
17.15259375004221 48.26691494000863 120
12.86444531252944 47.38964934750602 120
8.576296875017782 46.51238375500363 120
4.288148437508568 45.63511816250175 120
-4.288148437492127 45.63511816249839 120
-8.576296874982777 46.51238375499647 120
-12.86444531247065 47.38964934749399 120
-17.15259374995842 48.26691493999149 120
-21.44074218744341 49.14418053248842 120
-25.72889062493252 50.02144612498619 120
-30.01703906244234 50.8987117174882 120
-34.30518749995439 51.77597730999067 120
-38.59333593746801 52.65324290249345 120
-42.88148437498052 53.53050849499601 120
-47.16963281249058 54.40777408749807 120
-49.78410020250398 50.67795304001096 120
-48.11041915500734 46.07086640002022 120
-46.43673810751296 41.46377976003568 120
-44.76305706001679 36.85669312004623 120
-43.08937601252241 32.24960648006169 120
-41.41569496502691 27.64251984007408 120
-39.74201391752334 23.03543320006425 120
-38.06833287001907 18.4283465600525 120
-36.39465182251389 13.82125992003822 120
-34.7209707750087 9.214173280023957 120
-33.04728972750407 4.607086640011183 120
-33.04728972749685 -4.607086639991338 120
-34.72097077499303 -9.214173279980825 120
-36.39465182248802 -13.82125991996704 120
-38.06833286998356 -18.42834655995476 120
-39.74201391747833 -23.03543319994036 120
-41.41569496497393 -27.64251983992825 120
-43.0893760124782 -32.24960647993999 120
-44.76305705998278 -36.8566931199526 120
-46.43673810748709 -41.46377975996448 120
-48.11041915499167 -46.0708663999771 120
-49.78410020249551 -50.67795303998764 120
-47.16963281250598 -54.40777408750122 120
-42.88148437501474 -53.53050849500301 120
-38.5933359375297 -52.65324290250607 120
-34.30518750003678 -51.77597731000752 120
-30.01703906255065 -50.89871171751036 120
-25.72889062506238 -50.02144612501276 120
-21.44074218755342 -49.14418053251092 120
-17.15259375004221 -48.26691494000863 120
-12.86444531252944 -47.38964934750602 120
-8.576296875017782 -46.51238375500363 120
-4.288148437508568 -45.63511816250175 120
4.288148437492127 -45.63511816249839 120
8.576296874982777 -46.51238375499647 120
12.86444531247065 -47.38964934749399 120
17.15259374995842 -48.26691493999149 120
21.44074218744341 -49.14418053248842 120
25.72889062493252 -50.02144612498619 120
30.01703906244234 -50.8987117174882 120
34.30518749995439 -51.77597730999067 120
38.59333593746801 -52.65324290249345 120
42.88148437498052 -53.53050849499601 120
47.16963281249058 -54.40777408749807 120
49.78410020250398 -50.67795304001096 120
48.11041915500734 -46.07086640002022 120
46.43673810751296 -41.46377976003568 120
44.76305706001679 -36.85669312004623 120
43.08937601252241 -32.24960648006169 120
41.41569496502691 -27.64251984007408 120
39.74201391752334 -23.03543320006425 120
38.06833287001907 -18.4283465600525 120
36.39465182251389 -13.82125992003822 120
34.7209707750087 -9.214173280023957 120
33.04728972750407 -4.607086640011183 120
33.04728972749685 4.607086639991338 120
34.72097077499303 9.214173279980825 120
36.39465182248802 13.82125991996704 120
38.06833286998356 18.42834655995476 120
39.74201391747833 23.03543319994036 120
41.41569496497393 27.64251983992825 120
43.0893760124782 32.24960647993999 120
44.76305705998278 36.8566931199526 120
46.43673810748709 41.46377975996448 120
48.11041915499167 46.0708663999771 120
49.78410020249551 50.67795303998764 120
47.16963281250598 54.40777408750122 0
42.88148437501474 53.53050849500301 0
38.5933359375297 52.65324290250607 0
34.30518750003678 51.77597731000752 0
30.01703906255065 50.89871171751036 0
25.72889062506238 50.02144612501276 0
21.44074218755342 49.14418053251092 0
17.15259375004221 48.26691494000863 0
12.86444531252944 47.38964934750602 0
8.576296875017782 46.51238375500363 0
4.288148437508568 45.63511816250175 0
-4.288148437492127 45.63511816249839 0
-8.576296874982777 46.51238375499647 0
-12.86444531247065 47.38964934749399 0
-17.15259374995842 48.26691493999149 0
-21.44074218744341 49.14418053248842 0
-25.72889062493252 50.02144612498619 0
-30.01703906244234 50.8987117174882 0
-34.30518749995439 51.77597730999067 0
-38.59333593746801 52.65324290249345 0
-42.88148437498052 53.53050849499601 0
-47.16963281249058 54.40777408749807 0
-49.78410020250398 50.67795304001096 0
-48.11041915500734 46.07086640002022 0
-46.43673810751296 41.46377976003568 0
-44.76305706001679 36.85669312004623 0
-43.08937601252241 32.24960648006169 0
-41.41569496502691 27.64251984007408 0
-39.74201391752334 23.03543320006425 0
-38.06833287001907 18.4283465600525 0
-36.39465182251389 13.82125992003822 0
-34.7209707750087 9.214173280023957 0
-33.04728972750407 4.607086640011183 0
-33.04728972749685 -4.607086639991338 0
-34.72097077499303 -9.214173279980825 0
-36.39465182248802 -13.82125991996704 0
-38.06833286998356 -18.42834655995476 0
-39.74201391747833 -23.03543319994036 0
-41.41569496497393 -27.64251983992825 0
-43.0893760124782 -32.24960647993999 0
-44.76305705998278 -36.8566931199526 0
-46.43673810748709 -41.46377975996448 0
-48.11041915499167 -46.0708663999771 0
-49.78410020249551 -50.67795303998764 0
-47.16963281250598 -54.40777408750122 0
-42.88148437501474 -53.53050849500301 0
-38.5933359375297 -52.65324290250607 0
-34.30518750003678 -51.77597731000752 0
-30.01703906255065 -50.89871171751036 0
-25.72889062506238 -50.02144612501276 0
-21.44074218755342 -49.14418053251092 0
-17.15259375004221 -48.26691494000863 0
-12.86444531252944 -47.38964934750602 0
-8.576296875017782 -46.51238375500363 0
-4.288148437508568 -45.63511816250175 0
4.288148437492127 -45.63511816249839 0
8.576296874982777 -46.51238375499647 0
12.86444531247065 -47.38964934749399 0
17.15259374995842 -48.26691493999149 0
21.44074218744341 -49.14418053248842 0
25.72889062493252 -50.02144612498619 0
30.01703906244234 -50.8987117174882 0
34.30518749995439 -51.77597730999067 0
38.59333593746801 -52.65324290249345 0
42.88148437498052 -53.53050849499601 0
47.16963281249058 -54.40777408749807 0
49.78410020250398 -50.67795304001096 0
48.11041915500734 -46.07086640002022 0
46.43673810751296 -41.46377976003568 0
44.76305706001679 -36.85669312004623 0
43.08937601252241 -32.24960648006169 0
41.41569496502691 -27.64251984007408 0
39.74201391752334 -23.03543320006425 0
38.06833287001907 -18.4283465600525 0
36.39465182251389 -13.82125992003822 0
34.7209707750087 -9.214173280023957 0
33.04728972750407 -4.607086640011183 0
33.04728972749685 4.607086639991338 0
34.72097077499303 9.214173279980825 0
36.39465182248802 13.82125991996704 0
38.06833286998356 18.42834655995476 0
39.74201391747833 23.03543319994036 0
41.41569496497393 27.64251983992825 0
43.0893760124782 32.24960647993999 0
44.76305705998278 36.8566931199526 0
46.43673810748709 41.46377975996448 0
48.11041915499167 46.0708663999771 0
49.78410020249551 50.67795303998764 0
47.16963281250598 54.40777408750122 84
42.88148437501474 53.53050849500301 84
38.5933359375297 52.65324290250607 84
34.30518750003678 51.77597731000752 84
30.01703906255065 50.89871171751036 84
25.72889062506238 50.02144612501276 84
21.44074218755342 49.14418053251092 84
17.15259375004221 48.26691494000863 84
12.86444531252944 47.38964934750602 84
8.576296875017782 46.51238375500363 84
4.288148437508568 45.63511816250175 84
-4.288148437492127 45.63511816249839 84
-8.576296874982777 46.51238375499647 84
-12.86444531247065 47.38964934749399 84
-17.15259374995842 48.26691493999149 84
-21.44074218744341 49.14418053248842 84
-25.72889062493252 50.02144612498619 84
-30.01703906244234 50.8987117174882 84
-34.30518749995439 51.77597730999067 84
-38.59333593746801 52.65324290249345 84
-42.88148437498052 53.53050849499601 84
-47.16963281249058 54.40777408749807 84
-49.78410020250398 50.67795304001096 84
-48.11041915500734 46.07086640002022 84
-46.43673810751296 41.46377976003568 84
-44.76305706001679 36.85669312004623 84
-43.08937601252241 32.24960648006169 84
-41.41569496502691 27.64251984007408 84
-39.74201391752334 23.03543320006425 84
-38.06833287001907 18.4283465600525 84
-36.39465182251389 13.82125992003822 84
-34.7209707750087 9.214173280023957 84
-33.04728972750407 4.607086640011183 84
-33.04728972749685 -4.607086639991338 84
-34.72097077499303 -9.214173279980825 84
-36.39465182248802 -13.82125991996704 84
-38.06833286998356 -18.42834655995476 84
-39.74201391747833 -23.03543319994036 84
-41.41569496497393 -27.64251983992825 84
-43.0893760124782 -32.24960647993999 84
-44.76305705998278 -36.8566931199526 84
-46.43673810748709 -41.46377975996448 84
-48.11041915499167 -46.0708663999771 84
-49.78410020249551 -50.67795303998764 84
-47.16963281250598 -54.40777408750122 84
-42.88148437501474 -53.53050849500301 84
-38.5933359375297 -52.65324290250607 84
-34.30518750003678 -51.77597731000752 84
-30.01703906255065 -50.89871171751036 84
-25.72889062506238 -50.02144612501276 84
-21.44074218755342 -49.14418053251092 84
-17.15259375004221 -48.26691494000863 84
-12.86444531252944 -47.38964934750602 84
-8.576296875017782 -46.51238375500363 84
-4.288148437508568 -45.63511816250175 84
4.288148437492127 -45.63511816249839 84
8.576296874982777 -46.51238375499647 84
12.86444531247065 -47.38964934749399 84
17.15259374995842 -48.26691493999149 84
21.44074218744341 -49.14418053248842 84
25.72889062493252 -50.02144612498619 84
30.01703906244234 -50.8987117174882 84
34.30518749995439 -51.77597730999067 84
38.59333593746801 -52.65324290249345 84
42.88148437498052 -53.53050849499601 84
47.16963281249058 -54.40777408749807 84
49.78410020250398 -50.67795304001096 84
48.11041915500734 -46.07086640002022 84
46.43673810751296 -41.46377976003568 84
44.76305706001679 -36.85669312004623 84
43.08937601252241 -32.24960648006169 84
41.41569496502691 -27.64251984007408 84
39.74201391752334 -23.03543320006425 84
38.06833287001907 -18.4283465600525 84
36.39465182251389 -13.82125992003822 84
34.7209707750087 -9.214173280023957 84
33.04728972750407 -4.607086640011183 84
33.04728972749685 4.607086639991338 84
34.72097077499303 9.214173279980825 84
36.39465182248802 13.82125991996704 84
38.06833286998356 18.42834655995476 84
39.74201391747833 23.03543319994036 84
41.41569496497393 27.64251983992825 84
43.0893760124782 32.24960647993999 84
44.76305705998278 36.8566931199526 84
46.43673810748709 41.46377975996448 84
48.11041915499167 46.0708663999771 84
49.78410020249551 50.67795303998764 84
47.16963281250598 54.40777408750122 108
42.88148437501474 53.53050849500301 108
38.5933359375297 52.65324290250607 108
34.30518750003678 51.77597731000752 108
30.01703906255065 50.89871171751036 108
25.72889062506238 50.02144612501276 108
21.44074218755342 49.14418053251092 108
17.15259375004221 48.26691494000863 108
12.86444531252944 47.38964934750602 108
8.576296875017782 46.51238375500363 108
4.288148437508568 45.63511816250175 108
-4.288148437492127 45.63511816249839 108
-8.576296874982777 46.51238375499647 108
-12.86444531247065 47.38964934749399 108
-17.15259374995842 48.26691493999149 108
-21.44074218744341 49.14418053248842 108
-25.72889062493252 50.02144612498619 108
-30.01703906244234 50.8987117174882 108
-34.30518749995439 51.77597730999067 108
-38.59333593746801 52.65324290249345 108
-42.88148437498052 53.53050849499601 108
-47.16963281249058 54.40777408749807 108
-49.78410020250398 50.67795304001096 108
-48.11041915500734 46.07086640002022 108
-46.43673810751296 41.46377976003568 108
-44.76305706001679 36.85669312004623 108
-43.08937601252241 32.24960648006169 108
-41.41569496502691 27.64251984007408 108
-39.74201391752334 23.03543320006425 108
-38.06833287001907 18.4283465600525 108
-36.39465182251389 13.82125992003822 108
-34.7209707750087 9.214173280023957 108
-33.04728972750407 4.607086640011183 108
-33.04728972749685 -4.607086639991338 108
-34.72097077499303 -9.214173279980825 108
-36.39465182248802 -13.82125991996704 108
-38.06833286998356 -18.42834655995476 108
-39.74201391747833 -23.03543319994036 108
-41.41569496497393 -27.64251983992825 108
-43.0893760124782 -32.24960647993999 108
-44.76305705998278 -36.8566931199526 108
-46.43673810748709 -41.46377975996448 108
-48.11041915499167 -46.0708663999771 108
-49.78410020249551 -50.67795303998764 108
-47.16963281250598 -54.40777408750122 108
-42.88148437501474 -53.53050849500301 108
-38.5933359375297 -52.65324290250607 108
-34.30518750003678 -51.77597731000752 108
-30.01703906255065 -50.89871171751036 108
-25.72889062506238 -50.02144612501276 108
-21.44074218755342 -49.14418053251092 108
-17.15259375004221 -48.26691494000863 108
-12.86444531252944 -47.38964934750602 108
-8.576296875017782 -46.51238375500363 108
-4.288148437508568 -45.63511816250175 108
4.288148437492127 -45.63511816249839 108
8.576296874982777 -46.51238375499647 108
12.86444531247065 -47.38964934749399 108
17.15259374995842 -48.26691493999149 108
21.44074218744341 -49.14418053248842 108
25.72889062493252 -50.02144612498619 108
30.01703906244234 -50.8987117174882 108
34.30518749995439 -51.77597730999067 108
38.59333593746801 -52.65324290249345 108
42.88148437498052 -53.53050849499601 108
47.16963281249058 -54.40777408749807 108
49.78410020250398 -50.67795304001096 108
48.11041915500734 -46.07086640002022 108
46.43673810751296 -41.46377976003568 108
44.76305706001679 -36.85669312004623 108
43.08937601252241 -32.24960648006169 108
41.41569496502691 -27.64251984007408 108
39.74201391752334 -23.03543320006425 108
38.06833287001907 -18.4283465600525 108
36.39465182251389 -13.82125992003822 108
34.7209707750087 -9.214173280023957 108
33.04728972750407 -4.607086640011183 108
33.04728972749685 4.607086639991338 108
34.72097077499303 9.214173279980825 108
36.39465182248802 13.82125991996704 108
38.06833286998356 18.42834655995476 108
39.74201391747833 23.03543319994036 108
41.41569496497393 27.64251983992825 108
43.0893760124782 32.24960647993999 108
44.76305705998278 36.8566931199526 108
46.43673810748709 41.46377975996448 108
48.11041915499167 46.0708663999771 108
49.78410020249551 50.67795303998764 108
51.45778125 55.28503968 3.999999999993987
51.45778125 55.28503968 7.999999999990228
51.45778125 55.28503968 11.99999999998391
51.45778125 55.28503968 15.99999999997731
51.45778125 55.28503968 19.99999999997071
51.45778125 55.28503968 23.99999999996412
51.45778125 55.28503968 27.99999999995752
51.45778125 55.28503968 31.99999999994986
51.45778125 55.28503968 35.99999999992669
51.45778125 55.28503968 39.99999999990317
51.45778125 55.28503968 43.99999999989659
51.45778125 55.28503968 47.99999999990693
51.45778125 55.28503968 51.99999999991727
51.45778125 55.28503968 55.99999999992762
51.45778125 55.28503968 59.99999999993796
51.45778125 55.28503968 63.99999999994829
51.45778125 55.28503968 67.99999999995865
51.45778125 55.28503968 71.99999999996898
51.45778125 55.28503968 75.99999999997931
51.45778125 55.28503968 79.99999999998967
0 44.75785257 3.999999999993987
0 44.75785257 7.999999999990228
0 44.75785257 11.99999999998391
0 44.75785257 15.99999999997731
0 44.75785257 19.99999999997071
0 44.75785257 23.99999999996412
0 44.75785257 27.99999999995752
0 44.75785257 31.99999999994986
0 44.75785257 35.99999999992669
0 44.75785257 39.99999999990317
0 44.75785257 43.99999999989659
0 44.75785257 47.99999999990693
0 44.75785257 51.99999999991727
0 44.75785257 55.99999999992762
0 44.75785257 59.99999999993796
0 44.75785257 63.99999999994829
0 44.75785257 67.99999999995865
0 44.75785257 71.99999999996898
0 44.75785257 75.99999999997931
0 44.75785257 79.99999999998967
-51.45778125 55.28503968 3.999999999993987
-51.45778125 55.28503968 7.999999999990228
-51.45778125 55.28503968 11.99999999998391
-51.45778125 55.28503968 15.99999999997731
-51.45778125 55.28503968 19.99999999997071
-51.45778125 55.28503968 23.99999999996412
-51.45778125 55.28503968 27.99999999995752
-51.45778125 55.28503968 31.99999999994986
-51.45778125 55.28503968 35.99999999992669
-51.45778125 55.28503968 39.99999999990317
-51.45778125 55.28503968 43.99999999989659
-51.45778125 55.28503968 47.99999999990693
-51.45778125 55.28503968 51.99999999991727
-51.45778125 55.28503968 55.99999999992762
-51.45778125 55.28503968 59.99999999993796
-51.45778125 55.28503968 63.99999999994829
-51.45778125 55.28503968 67.99999999995865
-51.45778125 55.28503968 71.99999999996898
-51.45778125 55.28503968 75.99999999997931
-51.45778125 55.28503968 79.99999999998967
-31.37360868 0 3.999999999993987
-31.37360868 0 7.999999999990228
-31.37360868 0 11.99999999998391
-31.37360868 0 15.99999999997731
-31.37360868 0 19.99999999997071
-31.37360868 0 23.99999999996412
-31.37360868 0 27.99999999995752
-31.37360868 0 31.99999999994986
-31.37360868 0 35.99999999992669
-31.37360868 0 39.99999999990317
-31.37360868 0 43.99999999989659
-31.37360868 0 47.99999999990693
-31.37360868 0 51.99999999991727
-31.37360868 0 55.99999999992762
-31.37360868 0 59.99999999993796
-31.37360868 0 63.99999999994829
-31.37360868 0 67.99999999995865
-31.37360868 0 71.99999999996898
-31.37360868 0 75.99999999997931
-31.37360868 0 79.99999999998967
-51.45778125 -55.28503968 3.999999999993987
-51.45778125 -55.28503968 7.999999999990228
-51.45778125 -55.28503968 11.99999999998391
-51.45778125 -55.28503968 15.99999999997731
-51.45778125 -55.28503968 19.99999999997071
-51.45778125 -55.28503968 23.99999999996412
-51.45778125 -55.28503968 27.99999999995752
-51.45778125 -55.28503968 31.99999999994986
-51.45778125 -55.28503968 35.99999999992669
-51.45778125 -55.28503968 39.99999999990317
-51.45778125 -55.28503968 43.99999999989659
-51.45778125 -55.28503968 47.99999999990693
-51.45778125 -55.28503968 51.99999999991727
-51.45778125 -55.28503968 55.99999999992762
-51.45778125 -55.28503968 59.99999999993796
-51.45778125 -55.28503968 63.99999999994829
-51.45778125 -55.28503968 67.99999999995865
-51.45778125 -55.28503968 71.99999999996898
-51.45778125 -55.28503968 75.99999999997931
-51.45778125 -55.28503968 79.99999999998967
0 -44.75785257 3.999999999993987
0 -44.75785257 7.999999999990228
0 -44.75785257 11.99999999998391
0 -44.75785257 15.99999999997731
0 -44.75785257 19.99999999997071
0 -44.75785257 23.99999999996412
0 -44.75785257 27.99999999995752
0 -44.75785257 31.99999999994986
0 -44.75785257 35.99999999992669
0 -44.75785257 39.99999999990317
0 -44.75785257 43.99999999989659
0 -44.75785257 47.99999999990693
0 -44.75785257 51.99999999991727
0 -44.75785257 55.99999999992762
0 -44.75785257 59.99999999993796
0 -44.75785257 63.99999999994829
0 -44.75785257 67.99999999995865
0 -44.75785257 71.99999999996898
0 -44.75785257 75.99999999997931
0 -44.75785257 79.99999999998967
51.45778125 -55.28503968 3.999999999993987
51.45778125 -55.28503968 7.999999999990228
51.45778125 -55.28503968 11.99999999998391
51.45778125 -55.28503968 15.99999999997731
51.45778125 -55.28503968 19.99999999997071
51.45778125 -55.28503968 23.99999999996412
51.45778125 -55.28503968 27.99999999995752
51.45778125 -55.28503968 31.99999999994986
51.45778125 -55.28503968 35.99999999992669
51.45778125 -55.28503968 39.99999999990317
51.45778125 -55.28503968 43.99999999989659
51.45778125 -55.28503968 47.99999999990693
51.45778125 -55.28503968 51.99999999991727
51.45778125 -55.28503968 55.99999999992762
51.45778125 -55.28503968 59.99999999993796
51.45778125 -55.28503968 63.99999999994829
51.45778125 -55.28503968 67.99999999995865
51.45778125 -55.28503968 71.99999999996898
51.45778125 -55.28503968 75.99999999997931
51.45778125 -55.28503968 79.99999999998967
31.37360868 0 3.999999999993987
31.37360868 0 7.999999999990228
31.37360868 0 11.99999999998391
31.37360868 0 15.99999999997731
31.37360868 0 19.99999999997071
31.37360868 0 23.99999999996412
31.37360868 0 27.99999999995752
31.37360868 0 31.99999999994986
31.37360868 0 35.99999999992669
31.37360868 0 39.99999999990317
31.37360868 0 43.99999999989659
31.37360868 0 47.99999999990693
31.37360868 0 51.99999999991727
31.37360868 0 55.99999999992762
31.37360868 0 59.99999999993796
31.37360868 0 63.99999999994829
31.37360868 0 67.99999999995865
31.37360868 0 71.99999999996898
31.37360868 0 75.99999999997931
31.37360868 0 79.99999999998967
51.45778125 55.28503968 116
51.45778125 55.28503968 112
0 44.75785257 116
0 44.75785257 112
-51.45778125 55.28503968 116
-51.45778125 55.28503968 112
-31.37360868 0 116
-31.37360868 0 112
-51.45778125 -55.28503968 116
-51.45778125 -55.28503968 112
0 -44.75785257 116
0 -44.75785257 112
51.45778125 -55.28503968 116
51.45778125 -55.28503968 112
31.37360868 0 116
31.37360868 0 112
51.45778125 55.28503968 96
0 44.75785257 96
-51.45778125 55.28503968 96
-31.37360868 0 96
-51.45778125 -55.28503968 96
0 -44.75785257 96
51.45778125 -55.28503968 96
31.37360868 0 96
42.88148437500431 53.53050849500088 88
38.59333593751702 52.65324290250348 88
34.30518750002679 51.77597731000548 88
30.01703906253847 50.89871171750787 88
25.72889062505106 50.02144612501044 88
21.44074218754102 49.14418053250839 88
17.15259375003167 48.26691494000648 88
12.86444531252002 47.38964934750409 88
8.576296875009547 46.51238375500195 88
-8.576296874991989 46.51238375499836 88
-12.86444531248057 47.38964934749603 88
-17.15259374997083 48.26691493999403 88
-21.44074218745707 49.14418053249121 88
-25.72889062494545 50.02144612498883 88
-30.01703906245643 50.89871171749108 88
-34.30518749996807 51.77597730999346 88
-38.59333593747803 52.6532429024955 88
-42.88148437498948 53.53050849499785 88
-48.11041915500461 46.0708664000127 88
-46.43673810751003 41.46377976002762 88
-44.76305706001462 36.85669312004024 88
-43.08937601251914 32.24960648005269 88
-41.41569496502389 27.64251984006576 88
-39.74201391751939 23.03543320005336 88
-38.06833287001498 18.42834656004126 88
-36.39465182250981 13.82125992002702 88
-34.72097077500517 9.214173280014251 88
-34.72097077499621 -9.214173279989588 88
-36.39465182249093 -13.82125991997505 88
-38.06833286998602 -18.42834655996152 88
-39.74201391748121 -23.03543319994828 88
-41.41569496497636 -27.64251983993494 88
-43.08937601248058 -32.24960647994655 88
-44.76305705998467 -36.85669311995781 88
-46.43673810749027 -41.46377975997322 88
-48.11041915499491 -46.070866399986 88
-42.88148437500431 -53.53050849500088 88
-38.59333593751702 -52.65324290250348 88
-34.30518750002679 -51.77597731000548 88
-30.01703906253847 -50.89871171750787 88
-25.72889062505106 -50.02144612501044 88
-21.44074218754102 -49.14418053250839 88
-17.15259375003167 -48.26691494000648 88
-12.86444531252002 -47.38964934750409 88
-8.576296875009547 -46.51238375500195 88
8.576296874991989 -46.51238375499836 88
12.86444531248057 -47.38964934749603 88
17.15259374997083 -48.26691493999403 88
21.44074218745707 -49.14418053249121 88
25.72889062494545 -50.02144612498883 88
30.01703906245643 -50.89871171749108 88
34.30518749996807 -51.77597730999346 88
38.59333593747803 -52.6532429024955 88
42.88148437498948 -53.53050849499785 88
48.11041915500461 -46.0708664000127 88
46.43673810751003 -41.46377976002762 88
44.76305706001462 -36.85669312004024 88
43.08937601251914 -32.24960648005269 88
41.41569496502389 -27.64251984006576 88
39.74201391751939 -23.03543320005336 88
38.06833287001498 -18.42834656004126 88
36.39465182250981 -13.82125992002702 88
34.72097077500517 -9.214173280014251 88
34.72097077499621 9.214173279989588 88
36.39465182249093 13.82125991997505 88
38.06833286998602 18.42834655996152 88
39.74201391748121 23.03543319994828 88
41.41569496497636 27.64251983993494 88
43.08937601248058 32.24960647994655 88
44.76305705998467 36.85669311995781 88
46.43673810749027 41.46377975997322 88
48.11041915499491 46.070866399986 88
42.88148437500431 53.53050849500088 104
38.59333593751702 52.65324290250348 104
34.30518750002679 51.77597731000548 104
30.01703906253847 50.89871171750787 104
25.72889062505106 50.02144612501044 104
21.44074218754102 49.14418053250839 104
17.15259375003167 48.26691494000648 104
12.86444531252002 47.38964934750409 104
8.576296875009547 46.51238375500195 104
-8.576296874991989 46.51238375499836 104
-12.86444531248057 47.38964934749603 104
-17.15259374997083 48.26691493999403 104
-21.44074218745707 49.14418053249121 104
-25.72889062494545 50.02144612498883 104
-30.01703906245643 50.89871171749108 104
-34.30518749996807 51.77597730999346 104
-38.59333593747803 52.6532429024955 104
-42.88148437498948 53.53050849499785 104
-48.11041915500461 46.0708664000127 104
-46.43673810751003 41.46377976002762 104
-44.76305706001462 36.85669312004024 104
-43.08937601251914 32.24960648005269 104
-41.41569496502389 27.64251984006576 104
-39.74201391751939 23.03543320005336 104
-38.06833287001498 18.42834656004126 104
-36.39465182250981 13.82125992002702 104
-34.72097077500517 9.214173280014251 104
-34.72097077499621 -9.214173279989588 104
-36.39465182249093 -13.82125991997505 104
-38.06833286998602 -18.42834655996152 104
-39.74201391748121 -23.03543319994828 104
-41.41569496497636 -27.64251983993494 104
-43.08937601248058 -32.24960647994655 104
-44.76305705998467 -36.85669311995781 104
-46.43673810749027 -41.46377975997322 104
-48.11041915499491 -46.070866399986 104
-42.88148437500431 -53.53050849500088 104
-38.59333593751702 -52.65324290250348 104
-34.30518750002679 -51.77597731000548 104
-30.01703906253847 -50.89871171750787 104
-25.72889062505106 -50.02144612501044 104
-21.44074218754102 -49.14418053250839 104
-17.15259375003167 -48.26691494000648 104
-12.86444531252002 -47.38964934750409 104
-8.576296875009547 -46.51238375500195 104
8.576296874991989 -46.51238375499836 104
12.86444531248057 -47.38964934749603 104
17.15259374997083 -48.26691493999403 104
21.44074218745707 -49.14418053249121 104
25.72889062494545 -50.02144612498883 104
30.01703906245643 -50.89871171749108 104
34.30518749996807 -51.77597730999346 104
38.59333593747803 -52.6532429024955 104
42.88148437498948 -53.53050849499785 104
48.11041915500461 -46.0708664000127 104
46.43673810751003 -41.46377976002762 104
44.76305706001462 -36.85669312004024 104
43.08937601251914 -32.24960648005269 104
41.41569496502389 -27.64251984006576 104
39.74201391751939 -23.03543320005336 104
38.06833287001498 -18.42834656004126 104
36.39465182250981 -13.82125992002702 104
34.72097077500517 -9.214173280014251 104
34.72097077499621 9.214173279989588 104
36.39465182249093 13.82125991997505 104
38.06833286998602 18.42834655996152 104
39.74201391748121 23.03543319994828 104
41.41569496497636 27.64251983993494 104
43.08937601248058 32.24960647994655 104
44.76305705998467 36.85669311995781 104
46.43673810749027 41.46377975997322 104
48.11041915499491 46.070866399986 104
42.32357476004186 56.25761789507402 92
38.03542632255473 55.38035230257665 92
33.74727788506505 54.50308671007876 92
29.45912944757656 53.62582111758112 92
25.17098101008859 52.74855552508358 92
20.88283257257823 51.87128993258146 92
16.59468413506922 50.99402434007962 92
12.30653569755756 50.11675874757723 92
8.018387260046751 49.23949315507502 92
-9.134206489954675 43.78527435492527 92
-13.42235492744173 44.66253994742262 92
-17.71050336493047 45.53980553992032 92
-21.99865180242129 46.41707113241844 92
-26.28680023991038 47.29433672491621 92
-30.57494867742053 48.17160231741828 92
-34.86309711493003 49.04886790992022 92
-39.15124555244014 49.92613350242229 92
-43.43939398995209 50.80339909492474 92
-50.72671727293291 45.12040704971955 92
-49.05303622543767 40.51332040973264 92
-47.37935517794372 35.90623376974933 92
-45.7056741304479 31.29914712976082 92
-44.03199308295282 26.69206048977437 92
-42.35831203544868 22.08497384976297 92
-40.68463098794422 17.4778872097507 92
-39.01094994043871 12.87080056973551 92
-37.33726889293414 8.263713929722954 92
-32.10467265706724 -10.16463263028088 92
-33.77835370456192 -14.77171927026623 92
-35.4520347520571 -19.37880591025294 92
-37.1257157995521 -23.98589255023921 92
-38.79939684704676 -28.5929791902245 92
-40.47307789455158 -33.20006583023775 92
-42.14675894205562 -37.80715247024887 92
-43.82043998956087 -42.41423911026334 92
-45.4941210370656 -47.02132575027633 92
-42.32357476004186 -56.25761789507402 92
-38.03542632255473 -55.38035230257665 92
-33.74727788506505 -54.50308671007876 92
-29.45912944757656 -53.62582111758112 92
-25.17098101008859 -52.74855552508358 92
-20.88283257257823 -51.87128993258146 92
-16.59468413506922 -50.99402434007962 92
-12.30653569755756 -50.11675874757723 92
-8.018387260046751 -49.23949315507502 92
9.134206489954675 -43.78527435492527 92
13.42235492744173 -44.66253994742262 92
17.71050336493047 -45.53980553992032 92
21.99865180242129 -46.41707113241844 92
26.28680023991038 -47.29433672491621 92
30.57494867742053 -48.17160231741828 92
34.86309711493003 -49.04886790992022 92
39.15124555244014 -49.92613350242229 92
43.43939398995209 -50.80339909492474 92
50.72671727293291 -45.12040704971955 92
49.05303622543767 -40.51332040973264 92
47.37935517794372 -35.90623376974933 92
45.7056741304479 -31.29914712976082 92
44.03199308295282 -26.69206048977437 92
42.35831203544868 -22.08497384976297 92
40.68463098794422 -17.4778872097507 92
39.01094994043871 -12.87080056973551 92
37.33726889293414 -8.263713929722954 92
32.10467265706724 10.16463263028088 92
33.77835370456192 14.77171927026623 92
35.4520347520571 19.37880591025294 92
37.1257157995521 23.98589255023921 92
38.79939684704676 28.5929791902245 92
40.47307789455158 33.20006583023775 92
42.14675894205562 37.80715247024887 92
43.82043998956087 42.41423911026334 92
45.4941210370656 47.02132575027633 92
42.32357476004186 56.25761789507402 100
38.03542632255473 55.38035230257665 100
33.74727788506505 54.50308671007876 100
29.45912944757656 53.62582111758112 100
25.17098101008859 52.74855552508358 100
20.88283257257823 51.87128993258146 100
16.59468413506922 50.99402434007962 100
12.30653569755756 50.11675874757723 100
8.018387260046751 49.23949315507502 100
-9.134206489954675 43.78527435492527 100
-13.42235492744173 44.66253994742262 100
-17.71050336493047 45.53980553992032 100
-21.99865180242129 46.41707113241844 100
-26.28680023991038 47.29433672491621 100
-30.57494867742053 48.17160231741828 100
-34.86309711493003 49.04886790992022 100
-39.15124555244014 49.92613350242229 100
-43.43939398995209 50.80339909492474 100
-50.72671727293291 45.12040704971955 100
-49.05303622543767 40.51332040973264 100
-47.37935517794372 35.90623376974933 100
-45.7056741304479 31.29914712976082 100
-44.03199308295282 26.69206048977437 100
-42.35831203544868 22.08497384976297 100
-40.68463098794422 17.4778872097507 100
-39.01094994043871 12.87080056973551 100
-37.33726889293414 8.263713929722954 100
-32.10467265706724 -10.16463263028088 100
-33.77835370456192 -14.77171927026623 100
-35.4520347520571 -19.37880591025294 100
-37.1257157995521 -23.98589255023921 100
-38.79939684704676 -28.5929791902245 100
-40.47307789455158 -33.20006583023775 100
-42.14675894205562 -37.80715247024887 100
-43.82043998956087 -42.41423911026334 100
-45.4941210370656 -47.02132575027633 100
-42.32357476004186 -56.25761789507402 100
-38.03542632255473 -55.38035230257665 100
-33.74727788506505 -54.50308671007876 100
-29.45912944757656 -53.62582111758112 100
-25.17098101008859 -52.74855552508358 100
-20.88283257257823 -51.87128993258146 100
-16.59468413506922 -50.99402434007962 100
-12.30653569755756 -50.11675874757723 100
-8.018387260046751 -49.23949315507502 100
9.134206489954675 -43.78527435492527 100
13.42235492744173 -44.66253994742262 100
17.71050336493047 -45.53980553992032 100
21.99865180242129 -46.41707113241844 100
26.28680023991038 -47.29433672491621 100
30.57494867742053 -48.17160231741828 100
34.86309711493003 -49.04886790992022 100
39.15124555244014 -49.92613350242229 100
43.43939398995209 -50.80339909492474 100
50.72671727293291 -45.12040704971955 100
49.05303622543767 -40.51332040973264 100
47.37935517794372 -35.90623376974933 100
45.7056741304479 -31.29914712976082 100
44.03199308295282 -26.69206048977437 100
42.35831203544868 -22.08497384976297 100
40.68463098794422 -17.4778872097507 100
39.01094994043871 -12.87080056973551 100
37.33726889293414 -8.263713929722954 100
32.10467265706724 10.16463263028088 100
33.77835370456192 14.77171927026623 100
35.4520347520571 19.37880591025294 100
37.1257157995521 23.98589255023921 100
38.79939684704676 28.5929791902245 100
40.47307789455158 33.20006583023775 100
42.14675894205562 37.80715247024887 100
43.82043998956087 42.41423911026334 100
45.4941210370656 47.02132575027633 100
46.61172319753754 57.13488348757313 96
3.730238822537544 48.36222756257314 96
-4.846058052462455 42.90800876242686 96
-47.72754242746245 51.68066468742686 96
-52.40039832042914 49.72749368970918 96
-35.66358784542913 3.656627289709177 96
-30.43099160957085 -5.557545990290821 96
-47.16780208457086 -51.62841239029082 96
-46.61172319753754 -57.13488348757313 96
-3.730238822537544 -48.36222756257314 96
4.846058052462455 -42.90800876242686 96
47.72754242746245 -51.68066468742686 96
52.40039832042914 -49.72749368970918 96
35.66358784542913 -3.656627289709177 96
30.43099160957085 5.557545990290821 96
47.16780208457086 51.62841239029082 96
47.16963281250663 54.40777408750134 3.999999999994342
42.88148437501449 53.53050849500296 3.999999999994289
38.59333593752397 52.65324290250489 3.999999999994224
34.30518750003151 51.77597731000644 3.999999999994193
30.01703906253951 50.89871171750808 3.999999999994186
25.72889062504444 50.02144612500909 3.999999999994185
21.44074218754105 49.14418053250839 3.999999999994188
17.15259375003394 48.26691494000694 3.999999999994199
12.86444531252509 47.38964934750513 3.99999999999423
8.57629687501613 46.5123837550033 3.999999999994295
4.288148437507885 45.63511816250161 3.999999999994347
47.16963281250624 54.40777408750127 7.99999999998903
42.88148437501287 53.53050849500262 7.999999999988593
38.5933359375198 52.65324290250405 7.999999999988425
34.30518750002585 51.77597731000528 7.999999999988376
30.01703906253092 50.89871171750632 7.999999999988372
25.72889062503344 50.02144612500684 7.999999999988376
21.44074218753175 49.1441805325065 7.999999999988376
17.15259375002713 48.26691494000555 7.999999999988384
12.86444531252082 47.38964934750426 7.999999999988437
8.576296875013874 46.51238375500284 7.999999999988606
4.288148437506903 45.63511816250141 7.999999999989038
47.16963281250549 54.40777408750111 11.99999999998309
42.88148437501101 53.53050849500224 11.99999999998268
38.59333593751636 52.65324290250334 11.99999999998254
34.30518750002098 51.77597731000429 11.99999999998253
30.01703906252445 50.89871171750499 11.99999999998257
25.72889062502595 50.0214461250053 11.99999999998259
21.4407421875249 49.14418053250509 11.99999999998257
17.15259375002171 48.26691494000444 11.99999999998254
12.86444531251706 47.38964934750349 11.99999999998255
8.576296875011625 46.51238375500238 11.99999999998269
4.288148437505865 45.6351181625012 11.9999999999831
47.16963281250469 54.40777408750094 15.99999999997681
42.88148437500926 53.53050849500188 15.99999999997656
38.59333593751351 52.65324290250275 15.99999999997655
34.30518750001707 51.77597731000348 15.99999999997666
30.01703906251955 50.89871171750399 15.99999999997679
25.72889062502056 50.0214461250042 15.99999999997684
21.44074218751981 49.14418053250404 15.9999999999768
17.15259375001748 48.26691494000357 15.99999999997668
12.86444531251395 47.38964934750285 15.99999999997658
8.576296875009639 46.51238375500196 15.99999999997658
4.288148437504907 45.635118162501 15.99999999997682
47.16963281250398 54.4077740875008 19.99999999997032
42.88148437500779 53.53050849500158 19.99999999997026
38.5933359375112 52.65324290250228 19.99999999997048
34.305187500014 51.77597731000285 19.99999999997081
30.01703906251588 50.89871171750324 19.99999999997109
25.7288906250166 50.02144612500339 19.9999999999712
21.44074218751602 49.14418053250327 19.9999999999711
17.15259375001423 48.26691494000291 19.99999999997083
12.86444531251147 47.38964934750233 19.99999999997051
8.576296875007992 46.51238375500163 19.99999999997028
4.288148437504094 45.63511816250083 19.99999999997033
47.16963281250337 54.40777408750068 23.99999999996356
42.88148437500656 53.53050849500133 23.99999999996371
38.59333593750939 52.65324290250191 23.99999999996433
34.30518750001166 51.77597731000237 23.99999999996503
30.01703906251313 50.89871171750267 23.99999999996556
25.72889062501367 50.02144612500279 23.99999999996575
21.4407421875132 49.14418053250269 23.99999999996557
17.15259375001177 48.2669149400024 23.99999999996506
12.86444531250954 47.38964934750194 23.99999999996436
8.576296875006687 46.51238375500136 23.99999999996374
4.288148437503438 45.6351181625007 23.99999999996358
47.16963281250291 54.40777408750058 27.99999999995622
42.88148437500564 53.53050849500114 27.99999999995681
38.59333593750803 52.65324290250163 27.99999999995813
34.30518750000991 51.77597731000201 27.99999999995942
30.01703906251112 50.89871171750226 27.99999999996032
25.72889062501155 50.02144612500235 27.99999999996064
21.44074218751115 49.14418053250227 27.99999999996034
17.15259375000997 48.26691494000203 27.99999999995946
12.8644453125081 47.38964934750165 27.99999999995817
8.576296875005697 46.51238375500116 27.99999999995684
4.288148437502936 45.6351181625006 27.99999999995624
47.16963281250257 54.40777408750051 31.99999999994732
42.88148437500498 53.530508495001 31.99999999994931
38.59333593750707 52.65324290250143 31.99999999995199
34.30518750000868 51.77597731000176 31.99999999995419
30.01703906250971 50.89871171750197 31.99999999995558
25.72889062501007 50.02144612500205 31.99999999995607
21.44074218750972 49.14418053250198 31.99999999995561
17.15259375000871 48.26691494000177 31.99999999995422
12.86444531250708 47.38964934750144 31.99999999995201
8.576296875004989 46.51238375500102 31.99999999994933
4.288148437502575 45.63511816250053 31.99999999994734
47.16963281250235 54.40777408750046 35.99999999993464
42.88148437500454 53.53050849500091 35.99999999994125
38.59333593750644 52.6532429025013 35.99999999994623
34.30518750000789 51.7759773100016 35.99999999994967
30.01703906250881 50.89871171750179 35.99999999995166
25.72889062500913 50.02144612500185 35.99999999995233
21.44074218750881 49.14418053250179 35.99999999995168
17.15259375000789 48.26691494000161 35.99999999994969
12.86444531250643 47.3896493475013 35.99999999994627
8.576296875004532 46.51238375500092 35.99999999994129
4.288148437502342 45.63511816250048 35.99999999993466
47.16963281250224 54.40777408750044 39.99999999992309
42.88148437500433 53.53050849500086 39.9999999999346
38.59333593750612 52.65324290250123 39.99999999994182
34.3051875000075 51.77597731000152 39.99999999994635
30.01703906250837 50.89871171750169 39.99999999994888
25.72889062500867 50.02144612500175 39.9999999999497
21.44074218750837 49.14418053250169 39.9999999999489
17.15259375000749 48.26691494000152 39.99999999994638
12.8644453125061 47.38964934750123 39.99999999994185
8.576296875004306 46.51238375500087 39.99999999993462
4.288148437502225 45.63511816250044 39.9999999999231
47.16963281250223 54.40777408750043 43.99999999991855
42.88148437500433 53.53050849500086 43.99999999993152
38.5933359375061 52.65324290250123 43.99999999993967
34.30518750000748 51.77597731000151 43.99999999994473
30.01703906250835 50.89871171750169 43.99999999994754
25.72889062500866 50.02144612500175 43.99999999994846
21.44074218750836 49.14418053250169 43.99999999994757
17.15259375000749 48.26691494000151 43.99999999994477
12.8644453125061 47.38964934750123 43.9999999999397
8.576296875004299 46.51238375500087 43.99999999993154
4.288148437502223 45.63511816250044 43.99999999991857
47.16963281250234 54.40777408750046 47.99999999992157
42.88148437500453 53.5305084950009 47.99999999993251
38.5933359375064 52.65324290250129 47.99999999994009
34.30518750000785 51.77597731000159 47.99999999994504
30.01703906250876 50.89871171750178 47.99999999994782
25.72889062500909 50.02144612500184 47.99999999994874
21.44074218750878 49.14418053250178 47.99999999994784
17.15259375000786 48.26691494000159 47.99999999994506
12.8644453125064 47.3896493475013 47.99999999994012
8.576296875004518 46.51238375500091 47.99999999993253
4.288148437502334 45.63511816250047 47.99999999992158
47.16963281250256 54.4077740875005 51.99999999992767
42.88148437500494 53.53050849500099 51.9999999999363
38.593335937507 52.65324290250141 51.99999999994275
34.30518750000861 51.77597731000174 51.99999999994716
30.01703906250964 50.89871171750195 51.99999999994971
25.72889062501001 50.02144612500203 51.99999999995057
21.44074218750967 49.14418053250196 51.99999999994974
17.15259375000865 48.26691494000175 51.99999999994719
12.86444531250704 47.38964934750143 51.99999999994277
8.576296875004966 46.512383755001 51.99999999993632
4.288148437502563 45.63511816250051 51.99999999992768
47.16963281250289 54.40777408750056 55.99999999993525
42.8814843750056 53.53050849500112 55.99999999994191
38.59333593750797 52.65324290250161 55.99999999994715
34.30518750000984 51.77597731000199 55.99999999995087
30.01703906251104 50.89871171750224 55.99999999995308
25.72889062501147 50.02144612500233 55.99999999995381
21.44074218751109 49.14418053250225 55.99999999995309
17.15259375000992 48.26691494000201 55.99999999995089
12.86444531250805 47.38964934750163 55.99999999994717
8.576296875005667 46.51238375500115 55.99999999994193
4.288148437502922 45.63511816250059 55.99999999993526
47.16963281250335 54.40777408750066 59.99999999994364
42.88148437500652 53.53050849500131 59.99999999994871
38.59333593750932 52.65324290250189 59.99999999995285
34.30518750001157 51.77597731000235 59.99999999995585
30.01703906251304 50.89871171750265 59.99999999995767
25.72889062501358 50.02144612500276 59.99999999995829
21.44074218751313 49.14418053250267 59.99999999995768
17.15259375001171 48.26691494000238 59.99999999995587
12.86444531250948 47.38964934750192 59.99999999995288
8.57629687500665 46.51238375500134 59.99999999994874
4.288148437503422 45.63511816250069 59.99999999994365
47.16963281250395 54.40777408750078 63.99999999995251
42.88148437500772 53.53050849500155 63.99999999995633
38.59333593751113 52.65324290250225 63.9999999999595
34.30518750001391 51.77597731000282 63.99999999996184
30.01703906251579 50.8987117175032 63.99999999996329
25.7288906250165 50.02144612500335 63.99999999996378
21.44074218751594 49.14418053250323 63.99999999996331
17.15259375001416 48.26691494000288 63.99999999996187
12.86444531251141 47.38964934750231 63.99999999995953
8.576296875007953 46.51238375500161 63.99999999995634
4.288148437504075 45.63511816250082 63.99999999995253
47.16963281250467 54.40777408750093 67.9999999999617
42.88148437500923 53.53050849500185 67.99999999996452
38.59333593751344 52.65324290250272 67.99999999996686
34.30518750001698 51.77597731000344 67.99999999996862
30.01703906251947 50.89871171750396 67.99999999996973
25.72889062502047 50.02144612500416 67.9999999999701
21.44074218751974 49.14418053250402 67.99999999996975
17.15259375001741 48.26691494000354 67.99999999996865
12.86444531251389 47.38964934750282 67.99999999996689
8.5762968750096 46.51238375500194 67.99999999996452
4.288148437504889 45.63511816250098 67.9999999999617
47.16963281250548 54.40777408750109 71.99999999997112
42.88148437501097 53.53050849500222 71.9999999999731
38.59333593751629 52.6532429025033 71.99999999997475
34.30518750002091 51.77597731000425 71.99999999997601
30.01703906252436 50.89871171750496 71.99999999997681
25.72889062502588 50.02144612500527 71.99999999997708
21.44074218752484 49.14418053250505 71.99999999997681
17.15259375002165 48.2669149400044 71.99999999997603
12.86444531251701 47.38964934750346 71.99999999997476
8.576296875011593 46.51238375500235 71.99999999997311
4.28814843750585 45.63511816250118 71.99999999997112
47.16963281250623 54.40777408750124 75.99999999998067
42.88148437501285 53.5305084950026 75.99999999998194
38.59333593751976 52.65324290250401 75.99999999998299
34.3051875000258 51.77597731000525 75.99999999998381
30.01703906253087 50.89871171750629 75.99999999998433
25.72889062503339 50.0214461250068 75.99999999998448
21.4407421875317 49.14418053250646 75.99999999998431
17.15259375002708 48.26691494000552 75.99999999998381
12.86444531252078 47.38964934750423 75.999999999983
8.576296875013846 46.51238375500281 75.99999999998192
4.288148437506893 45.63511816250139 75.99999999998067
47.16963281250663 54.40777408750132 79.99999999999034
42.88148437501448 53.53050849500293 79.99999999999095
38.59333593752395 52.65324290250486 79.99999999999145
34.30518750003149 51.77597731000641 79.99999999999183
30.01703906253947 50.89871171750805 79.99999999999208
25.72889062504442 50.02144612500906 79.99999999999217
21.44074218754102 49.14418053250836 79.99999999999208
17.15259375003392 48.26691494000691 79.99999999999186
12.86444531252507 47.38964934750511 79.99999999999146
8.576296875016116 46.51238375500328 79.99999999999093
4.288148437507882 45.63511816250159 79.99999999999034
-4.288148437492302 45.63511816249842 3.999999999994344
-8.57629687498393 46.5123837549967 3.999999999994291
-12.86444531247461 47.3896493474948 3.999999999994225
-17.15259374996527 48.26691493999289 3.999999999994193
-21.44074218745645 49.14418053249108 3.999999999994185
-25.72889062495165 50.0214461249901 3.999999999994186
-30.01703906245552 50.89871171749089 3.999999999994188
-34.30518749996322 51.77597730999246 3.999999999994198
-38.59333593747275 52.65324290249441 3.99999999999423
-42.88148437498241 53.53050849499639 3.999999999994294
-47.16963281249139 54.40777408749823 3.999999999994346
-4.288148437493044 45.63511816249857 7.999999999989032
-8.57629687498588 46.5123837549971 7.999999999988595
-12.86444531247857 47.38964934749561 7.999999999988425
-17.1525937499717 48.2669149399942 7.999999999988374
-21.44074218746612 49.14418053249306 7.999999999988372
-25.72889062496356 50.02144612499254 7.999999999988376
-30.01703906246551 50.89871171749293 7.999999999988376
-34.30518749997055 51.77597730999396 7.999999999988385
-38.59333593747738 52.65324290249536 7.999999999988435
-42.8814843749849 53.53050849499689 7.999999999988603
-47.16963281249249 54.40777408749845 7.999999999989038
-4.288148437493962 45.63511816249876 11.99999999998309
-8.576296874987966 46.51238375499753 11.99999999998268
-12.86444531248219 47.38964934749635 11.99999999998254
-17.15259374997708 48.2669149399953 11.99999999998253
-21.4407421874733 49.14418053249453 11.99999999998257
-25.72889062497172 50.02144612499421 11.99999999998258
-30.01703906247292 50.89871171749445 11.99999999998257
-34.30518749997641 51.77597730999516 11.99999999998254
-38.59333593748146 52.6532429024962 11.99999999998255
-42.88148437498734 53.5305084949974 11.9999999999827
-47.16963281249362 54.40777408749868 11.9999999999831
-4.288148437494868 45.63511816249896 15.99999999997681
-8.576296874989886 46.51238375499793 15.99999999997656
-12.86444531248528 47.38964934749699 15.99999999997656
-17.15259374998139 48.26691493999619 15.99999999997667
-21.44074218747867 49.14418053249563 15.99999999997679
-25.72889062497761 50.02144612499541 15.99999999997684
-30.01703906247845 50.89871171749559 15.9999999999768
-34.305187499981 51.77597730999611 15.99999999997668
-38.59333593748483 52.65324290249689 15.99999999997657
-42.88148437498951 53.53050849499785 15.99999999997658
-47.16963281249466 54.4077740874989 15.99999999997681
-4.288148437495664 45.63511816249912 19.99999999997032
-8.57629687499152 46.51238375499827 19.99999999997026
-12.86444531248778 47.3896493474975 19.99999999997048
-17.15259374998474 48.26691493999688 19.99999999997081
-21.44074218748269 49.14418053249646 19.99999999997108
-25.72889062498193 50.0214461249963 19.9999999999712
-30.01703906248257 50.89871171749643 19.9999999999711
-34.30518749998451 51.77597730999683 19.99999999997083
-38.59333593748754 52.65324290249745 19.9999999999705
-42.88148437499131 53.53050849499822 19.99999999997027
-47.16963281249554 54.40777408749908 19.99999999997033
-4.288148437496321 45.63511816249925 23.99999999996356
-8.57629687499284 46.51238375499854 23.99999999996371
-12.86444531248976 47.38964934749791 23.99999999996432
-17.1525937499873 48.2669149399974 23.99999999996502
-21.4407421874857 49.14418053249707 23.99999999996555
-25.72889062498511 50.02144612499695 23.99999999996574
-30.01703906248563 50.89871171749706 23.99999999996556
-34.30518749998719 51.77597730999737 23.99999999996505
-38.59333593748963 52.65324290249787 23.99999999996435
-42.88148437499274 53.53050849499851 23.99999999996373
-47.16963281249626 54.40777408749923 23.99999999996357
-4.28814843749683 45.63511816249935 27.99999999995622
-8.576296874993851 46.51238375499874 27.99999999995681
-12.86444531249125 47.38964934749821 27.99999999995813
-17.1525937499892 48.26691493999779 27.99999999995942
-21.44074218748789 49.14418053249752 27.99999999996032
-25.72889062498743 50.02144612499742 27.99999999996063
-30.01703906248786 50.89871171749751 27.99999999996032
-34.30518749998915 51.77597730999778 27.99999999995945
-38.5933359374912 52.65324290249819 27.99999999995816
-42.8814843749938 53.53050849499872 27.99999999995683
-47.1696328124968 54.40777408749934 27.99999999995624
-4.288148437497202 45.63511816249943 31.99999999994731
-8.576296874994584 46.51238375499889 31.99999999994931
-12.86444531249231 47.38964934749843 31.99999999995197
-17.15259374999055 48.26691493999807 31.99999999995419
-21.44074218748943 49.14418053249783 31.99999999995559
-25.72889062498904 50.02144612499776 31.99999999995607
-30.01703906248942 50.89871171749783 31.99999999995559
-34.30518749999054 51.77597730999806 31.99999999995421
-38.59333593749229 52.65324290249842 31.999999999952
-42.88148437499456 53.53050849499888 31.99999999994933
-47.1696328124972 54.40777408749942 31.99999999994734
-4.288148437497444 45.63511816249948 35.99999999993463
-8.576296874995059 46.51238375499899 35.99999999994125
-12.864445312493 47.38964934749857 35.99999999994623
-17.15259374999141 48.26691493999824 35.99999999994966
-21.44074218749041 49.14418053249803 35.99999999995166
-25.72889062499006 50.02144612499796 35.99999999995232
-30.01703906249042 50.89871171749804 35.99999999995167
-34.30518749999142 51.77597730999824 35.99999999994967
-38.59333593749301 52.65324290249856 35.99999999994625
-42.88148437499508 53.53050849499899 35.99999999994128
-47.16963281249746 54.40777408749947 35.99999999993467
-4.288148437497564 45.6351181624995 39.99999999992308
-8.576296874995295 46.51238375499904 39.99999999993459
-12.86444531249335 47.38964934749864 39.99999999994181
-17.15259374999184 48.26691493999833 39.99999999994634
-21.44074218749089 49.14418053249813 39.99999999994886
-25.72889062499057 50.02144612499807 39.99999999994968
-30.0170390624909 50.89871171749814 39.99999999994889
-34.30518749999186 51.77597730999833 39.99999999994636
-38.59333593749337 52.65324290249864 39.99999999994184
-42.88148437499532 53.53050849499903 39.99999999993462
-47.16963281249758 54.4077740874995 39.99999999992311
-4.288148437497568 45.63511816249951 43.99999999991856
-8.576296874995304 46.51238375499904 43.99999999993152
-12.86444531249335 47.38964934749864 43.99999999993965
-17.15259374999185 48.26691493999834 43.99999999994473
-21.4407421874909 49.14418053249814 43.99999999994754
-25.72889062499058 50.02144612499807 43.99999999994844
-30.01703906249091 50.89871171749814 43.99999999994756
-34.30518749999187 51.77597730999833 43.99999999994476
-38.59333593749337 52.65324290249864 43.99999999993968
-42.88148437499532 53.53050849499903 43.99999999993155
-47.16963281249758 54.4077740874995 43.99999999991858
-4.288148437497455 45.63511816249949 47.99999999992156
-8.576296874995082 46.512383754999 47.99999999993249
-12.86444531249304 47.38964934749858 47.99999999994008
-17.15259374999145 48.26691493999826 47.99999999994503
-21.44074218749045 49.14418053249805 47.99999999994783
-25.72889062499011 50.02144612499798 47.99999999994875
-30.01703906249044 50.89871171749805 47.99999999994784
-34.30518749999145 51.77597730999825 47.99999999994506
-38.59333593749304 52.65324290249858 47.99999999994012
-42.88148437499508 53.530508494999 47.99999999993252
-47.16963281249746 54.40777408749948 47.99999999992158
-4.288148437497219 45.63511816249944 51.99999999992766
-8.576296874994618 46.51238375499891 51.99999999993629
-12.86444531249236 47.38964934749845 51.99999999994275
-17.15259374999061 48.26691493999809 51.99999999994716
-21.44074218748949 49.14418053249786 51.99999999994972
-25.7288906249891 50.02144612499777 51.99999999995057
-30.01703906248948 50.89871171749785 51.99999999994974
-34.30518749999059 51.77597730999808 51.99999999994719
-38.59333593749234 52.65324290249843 51.99999999994279
-42.88148437499459 53.5305084949989 51.99999999993631
-47.16963281249722 54.40777408749943 51.99999999992768
-4.288148437496852 45.63511816249937 55.99999999993523
-8.576296874993895 46.51238375499876 55.99999999994191
-12.86444531249131 47.38964934749823 55.99999999994716
-17.15259374998929 48.26691493999782 55.99999999995088
-21.44074218748798 49.14418053249754 55.99999999995309
-25.72889062498751 50.02144612499745 55.99999999995382
-30.01703906248792 50.89871171749753 55.99999999995309
-34.30518749998922 51.7759773099978 55.9999999999509
-38.59333593749124 52.65324290249821 55.99999999994719
-42.88148437499385 53.53050849499874 55.99999999994193
-47.16963281249683 54.40777408749935 55.99999999993525
-4.288148437496345 45.63511816249926 59.99999999994362
-8.57629687499289 46.51238375499855 59.99999999994873
-12.86444531248983 47.38964934749793 59.99999999995286
-17.15259374998739 48.26691493999743 59.99999999995587
-21.44074218748579 49.1441805324971 59.9999999999577
-25.72889062498521 50.02144612499698 59.99999999995831
-30.01703906248571 50.89871171749708 59.99999999995769
-34.30518749998726 51.77597730999739 59.99999999995588
-38.59333593748968 52.65324290249789 59.99999999995288
-42.88148437499276 53.53050849499852 59.99999999994873
-47.16963281249629 54.40777408749924 59.99999999994364
-4.288148437495693 45.63511816249913 63.99999999995251
-8.576296874991575 46.51238375499829 63.99999999995634
-12.86444531248786 47.38964934749752 63.99999999995953
-17.15259374998483 48.26691493999691 63.99999999996188
-21.44074218748279 49.14418053249648 63.99999999996331
-25.72889062498203 50.02144612499633 63.99999999996381
-30.01703906248265 50.89871171749645 63.99999999996331
-34.3051874999846 51.77597730999685 63.99999999996189
-38.59333593748759 52.65324290249746 63.99999999995954
-42.88148437499135 53.53050849499823 63.99999999995636
-47.16963281249557 54.40777408749909 63.99999999995251
-4.288148437494894 45.63511816249897 67.99999999996172
-8.576296874989936 46.51238375499795 67.99999999996453
-12.86444531248535 47.38964934749701 67.9999999999669
-17.15259374998147 48.26691493999622 67.99999999996867
-21.44074218747876 49.14418053249566 67.99999999996976
-25.7288906249777 50.02144612499544 67.99999999997014
-30.01703906247853 50.89871171749562 67.99999999996977
-34.30518749998107 51.77597730999613 67.99999999996869
-38.59333593748489 52.65324290249691 67.99999999996692
-42.88148437498956 53.53050849499786 67.99999999996454
-47.16963281249469 54.40777408749891 67.99999999996172
-4.288148437493986 45.63511816249878 71.99999999997112
-8.57629687498801 46.51238375499756 71.9999999999731
-12.86444531248225 47.38964934749638 71.99999999997478
-17.15259374997716 48.26691493999534 71.99999999997604
-21.44074218747338 49.14418053249456 71.99999999997681
-25.72889062497181 50.02144612499424 71.99999999997709
-30.017039062473 50.89871171749448 71.99999999997685
-34.30518749997649 51.77597730999519 71.99999999997607
-38.59333593748152 52.65324290249622 71.99999999997479
-42.8814843749874 53.53050849499742 71.99999999997311
-47.16963281249365 54.4077740874987 71.99999999997112
-4.288148437493058 45.63511816249859 75.99999999998066
-8.576296874985914 46.51238375499713 75.99999999998192
-12.86444531247862 47.38964934749563 75.99999999998302
-17.15259374997176 48.26691493999423 75.99999999998383
-21.44074218746618 49.14418053249309 75.99999999998431
-25.72889062496363 50.02144612499256 75.99999999998448
-30.01703906246557 50.89871171749296 75.99999999998434
-34.30518749997061 51.77597730999399 75.99999999998383
-38.59333593747743 52.65324290249539 75.999999999983
-42.88148437498494 53.53050849499692 75.99999999998195
-47.1696328124925 54.40777408749847 75.99999999998067
-4.288148437492309 45.63511816249844 79.99999999999032
-8.576296874983944 46.51238375499673 79.99999999999092
-12.86444531247463 47.38964934749482 79.99999999999146
-17.15259374996531 48.26691493999292 79.99999999999186
-21.44074218745648 49.14418053249111 79.9999999999921
-25.72889062495169 50.02144612499013 79.99999999999218
-30.01703906245556 50.89871171749092 79.99999999999211
-34.30518749996325 51.77597730999249 79.99999999999186
-38.59333593747277 52.65324290249444 79.99999999999146
-42.88148437498244 53.53050849499642 79.99999999999093
-47.16963281249139 54.40777408749825 79.99999999999032
-49.78410020250352 50.67795304000972 3.999999999994397
-48.11041915500697 46.0708664000192 3.999999999994385
-46.436738107511 41.46377976003028 3.999999999994378
-44.7630570600145 36.85669312003993 3.999999999994402
-43.08937601251802 32.24960648004961 3.999999999994432
-41.41569496502013 27.64251984005542 3.999999999994446
-39.74201391751865 23.03543320005135 3.999999999994436
-38.06833287001569 18.42834656004319 3.999999999994409
-36.39465182251185 13.82125992003263 3.999999999994385
-34.72097077500775 9.214173280021335 3.999999999994393
-33.04728972750377 4.607086640010381 3.999999999994402
-49.78410020250312 50.6779530400086 7.999999999989078
-48.11041915500621 46.0708664000171 7.999999999988773
-46.43673810750937 41.4637797600258 7.999999999988742
-44.76305706001219 36.85669312003358 7.999999999988809
-43.08937601251456 32.24960648004008 7.999999999988884
-41.41569496501573 27.64251984004331 7.99999999998892
-39.74201391751496 23.03543320004118 7.999999999988894
-38.06833287001288 18.42834656003546 7.999999999988823
-36.39465182250999 13.8212599200275 7.999999999988758
-34.72097077500671 9.214173280018475 7.999999999988788
-33.04728972750334 4.607086640009198 7.999999999989086
-49.78410020250273 50.67795304000752 11.9999999999832
-48.1104191550054 46.07086640001487 11.99999999998299
-46.43673810750796 41.46377976002192 11.99999999998305
-44.76305706001019 36.85669312002806 11.99999999998323
-43.08937601251188 32.24960648003269 11.99999999998339
-41.41569496501262 27.64251984003473 11.99999999998345
-39.74201391751212 23.03543320003337 11.99999999998339
-38.06833287001061 18.4283465600292 11.99999999998325
-36.39465182250838 13.82125992002306 11.99999999998308
-34.72097077500572 9.214173280015769 11.99999999998301
-33.04728972750289 4.607086640007962 11.99999999998322
-49.78410020250237 50.67795304000652 15.99999999997701
-48.11041915500465 46.07086640001282 15.99999999997703
-46.43673810750676 41.46377976001863 15.99999999997731
-44.76305706000855 36.85669312002353 15.99999999997768
-43.0893760125098 32.24960648002698 15.99999999997797
-41.41569496501032 27.64251984002841 15.99999999997808
-39.74201391750995 23.03543320002741 15.99999999997798
-38.0683328700088 18.42834656002422 15.9999999999777
-36.39465182250703 13.82125992001936 15.99999999997734
-34.72097077500487 9.214173280013398 15.99999999997706
-33.04728972750248 4.607086640006825 15.99999999997702
-49.78410020250205 50.67795304000565 19.9999999999706
-48.11041915500401 46.07086640001105 19.99999999997091
-46.43673810750578 41.46377976001591 19.99999999997154
-44.76305706000723 36.8566931200199 19.9999999999722
-43.0893760125082 32.24960648002259 19.99999999997269
-41.41569496500858 27.64251984002365 19.99999999997288
-39.7420139175083 23.03543320002285 19.99999999997271
-38.06833287000738 18.42834656002031 19.99999999997223
-36.39465182250594 13.82125992001637 19.99999999997157
-34.72097077500415 9.214173280011417 19.99999999997095
-33.04728972750213 4.607086640005849 19.99999999997062
-49.78410020250179 50.67795304000493 23.99999999996393
-48.11041915500348 46.0708664000096 23.99999999996461
-46.43673810750499 41.46377976001375 23.99999999996576
-44.76305706000619 36.85669312001706 23.99999999996687
-43.08937601250699 32.24960648001925 23.99999999996766
-41.41569496500729 27.64251984002007 23.99999999996794
-39.74201391750704 23.0354332000194 23.99999999996768
-38.06833287000629 18.42834656001731 23.99999999996691
-36.39465182250509 13.82125992001402 23.99999999996579
-34.72097077500356 9.214173280009824 23.99999999996465
-33.04728972750183 4.607086640005051 23.99999999996395
-49.78410020250158 50.67795304000436 27.99999999995667
-48.11041915500308 46.07086640000848 27.99999999995801
-46.43673810750439 41.46377976001209 27.99999999996002
-44.76305706000542 36.85669312001492 27.99999999996181
-43.08937601250609 32.24960648001675 27.99999999996298
-41.41569496500633 27.64251984001743 27.9999999999634
-39.74201391750611 23.03543320001684 27.99999999996301
-38.06833287000547 18.42834656001506 27.99999999996184
-36.39465182250444 13.82125992001224 27.99999999996006
-34.72097077500312 9.214173280008607 27.99999999995806
-33.04728972750161 4.607086640004434 27.9999999999567
-49.78410020250143 50.67795304000396 31.99999999994799
-48.11041915500278 46.07086640000767 31.99999999995101
-46.43673810750395 41.46377976001088 31.99999999995446
-44.76305706000485 36.85669312001338 31.99999999995718
-43.08937601250544 32.24960648001498 31.99999999995886
-41.41569496500566 27.64251984001556 31.99999999995944
-39.74201391750546 23.03543320001504 31.99999999995888
-38.06833287000489 18.42834656001347 31.99999999995721
-36.39465182250398 13.82125992001096 31.9999999999545
-34.7209707750028 9.214173280007721 31.99999999995106
-33.04728972750144 4.607086640003983 31.99999999994803
-49.78410020250134 50.67795304000369 35.99999999993607
-48.11041915500258 46.07086640000712 35.99999999994374
-46.43673810750366 41.4637797600101 35.99999999994942
-44.7630570600045 36.85669312001239 35.99999999995327
-43.08937601250503 32.24960648001386 35.99999999995551
-41.41569496500522 27.64251984001437 35.99999999995626
-39.74201391750504 23.03543320001388 35.99999999995553
-38.06833287000451 18.42834656001243 35.99999999995331
-36.39465182250368 13.82125992001013 35.99999999994945
-34.72097077500259 9.214173280007142 35.99999999994378
-33.04728972750134 4.607086640003687 35.99999999993611
-49.78410020250127 50.67795304000354 39.99999999992533
-48.11041915500248 46.07086640000685 39.99999999993782
-46.43673810750352 41.4637797600097 39.99999999994561
-44.76305706000431 36.8566931200119 39.99999999995048
-43.08937601250482 32.24960648001329 39.9999999999532
-41.415694965005 27.64251984001378 39.99999999995408
-39.74201391750483 23.03543320001331 39.99999999995322
-38.06833287000432 18.42834656001192 39.99999999995052
-36.39465182250352 13.82125992000972 39.99999999994565
-34.72097077500248 9.214173280006854 39.99999999993787
-33.04728972750128 4.607086640003542 39.99999999992536
-49.78410020250127 50.67795304000354 43.99999999992104
-48.11041915500248 46.07086640000684 43.99999999993506
-46.43673810750351 41.46377976000967 43.99999999994377
-44.76305706000431 36.85669312001188 43.99999999994917
-43.08937601250481 32.24960648001328 43.99999999995215
-41.41569496500499 27.64251984001376 43.99999999995313
-39.74201391750482 23.03543320001329 43.99999999995218
-38.06833287000432 18.42834656001191 43.99999999994921
-36.39465182250352 13.8212599200097 43.99999999994382
-34.72097077500248 9.214173280006847 43.99999999993511
-33.04728972750128 4.607086640003536 43.99999999992106
-49.78410020250132 50.67795304000366 47.99999999992369
-48.11041915500256 46.07086640000707 47.99999999993587
-46.43673810750364 41.46377976001003 47.99999999994415
-44.76305706000447 36.85669312001234 47.99999999994949
-43.08937601250501 32.24960648001381 47.99999999995249
-41.41569496500519 27.64251984001432 47.99999999995346
-39.74201391750502 23.03543320001383 47.99999999995251
-38.06833287000449 18.42834656001239 47.99999999994953
-36.39465182250366 13.82125992001009 47.9999999999442
-34.72097077500258 9.214173280007119 47.99999999993592
-33.04728972750133 4.607086640003676 47.99999999992372
-49.78410020250141 50.67795304000391 51.99999999992941
-48.11041915500275 46.0708664000076 51.9999999999393
-46.43673810750391 41.4637797600108 51.99999999994654
-44.76305706000482 36.8566931200133 51.99999999995141
-43.08937601250541 32.24960648001492 51.99999999995422
-41.41569496500561 27.64251984001549 51.99999999995512
-39.74201391750542 23.03543320001497 51.99999999995423
-38.06833287000486 18.4283465600134 51.99999999995143
-36.39465182250395 13.8212599200109 51.99999999994657
-34.72097077500278 9.214173280007682 51.99999999993933
-33.04728972750143 4.607086640003964 51.99999999992945
-49.78410020250156 50.67795304000433 55.99999999993669
-48.11041915500305 46.07086640000842 55.9999999999445
-46.43673810750435 41.463779760012 55.99999999995053
-44.76305706000537 36.85669312001482 55.99999999995473
-43.08937601250604 32.24960648001665 55.9999999999572
-41.41569496500628 27.64251984001732 55.99999999995803
-39.74201391750608 23.03543320001675 55.99999999995723
-38.06833287000543 18.42834656001497 55.99999999995476
-36.39465182250441 13.82125992001216 55.99999999995057
-34.7209707750031 9.214173280008554 55.99999999994453
-33.04728972750159 4.60708664000441 55.99999999993673
-49.78410020250177 50.6779530400049 59.99999999994481
-48.11041915500346 46.07086640000954 59.99999999995089
-46.43673810750495 41.46377976001367 59.99999999995576
-44.76305706000615 36.85669312001695 59.99999999995924
-43.08937601250694 32.24960648001912 59.99999999996133
-41.41569496500724 27.64251984001995 59.99999999996203
-39.74201391750699 23.03543320001929 59.99999999996136
-38.06833287000624 18.42834656001721 59.99999999995927
-36.39465182250505 13.82125992001394 59.99999999995579
-34.72097077500354 9.214173280009767 59.99999999995092
-33.04728972750182 4.607086640005024 59.99999999994483
-49.78410020250202 50.6779530400056 63.99999999995345
-48.11041915500397 46.07086640001096 63.99999999995811
-46.43673810750573 41.46377976001581 63.99999999996194
-44.76305706000717 36.85669312001977 63.99999999996471
-43.08937601250815 32.24960648002246 63.99999999996642
-41.41569496500853 27.64251984002352 63.99999999996698
-39.74201391750825 23.03543320002272 63.99999999996644
-38.06833287000733 18.42834656002021 63.99999999996476
-36.39465182250591 13.82125992001628 63.99999999996197
-34.72097077500412 9.214173280011357 63.99999999995816
-33.0472897275021 4.60708664000582 63.99999999995347
-49.78410020250234 50.67795304000648 67.99999999996244
-48.11041915500461 46.07086640001273 67.99999999996591
-46.43673810750672 41.46377976001853 67.99999999996882
-44.76305706000849 36.85669312002339 67.99999999997094
-43.08937601250975 32.24960648002686 67.99999999997226
-41.41569496501026 27.64251984002827 67.99999999997269
-39.7420139175099 23.03543320002728 67.99999999997227
-38.06833287000875 18.42834656002411 67.99999999997097
-36.39465182250699 13.82125992001927 67.99999999996884
-34.72097077500484 9.214173280013339 67.99999999996594
-33.04728972750246 4.607086640006798 67.99999999996245
-49.78410020250271 50.67795304000747 71.99999999997166
-48.11041915500537 46.07086640001479 71.99999999997412
-46.43673810750793 41.46377976002184 71.99999999997621
-44.76305706001015 36.85669312002795 71.99999999997773
-43.08937601251183 32.24960648003258 71.9999999999787
-41.41569496501257 27.64251984003462 71.99999999997901
-39.74201391751208 23.03543320003327 71.9999999999787
-38.06833287001056 18.4283465600291 71.99999999997773
-36.39465182250834 13.82125992002298 71.9999999999762
-34.7209707750057 9.214173280015716 71.99999999997414
-33.04728972750288 4.607086640007937 71.99999999997166
-49.7841002025031 50.67795304000856 75.99999999998101
-48.11041915500618 46.07086640001705 75.99999999998259
-46.43673810750933 41.46377976002573 75.99999999998393
-44.76305706001216 36.85669312003349 75.99999999998492
-43.08937601251451 32.24960648003999 75.99999999998556
-41.4156949650157 27.64251984004322 75.99999999998577
-39.74201391751492 23.0354332000411 75.99999999998556
-38.06833287001285 18.42834656003539 75.99999999998494
-36.39465182250996 13.82125992002744 75.99999999998393
-34.72097077500669 9.214173280018434 75.99999999998261
-33.04728972750333 4.60708664000918 75.99999999998103
-49.78410020250352 50.6779530400097 79.99999999999051
-48.11041915500696 46.07086640001918 79.99999999999127
-46.43673810751098 41.46377976003023 79.99999999999193
-44.76305706001448 36.85669312003989 79.99999999999241
-43.089376012518 32.24960648004956 79.99999999999272
-41.41569496502011 27.64251984005537 79.99999999999284
-39.74201391751863 23.03543320005131 79.99999999999271
-38.06833287001567 18.42834656004315 79.99999999999241
-36.39465182251183 13.82125992003259 79.99999999999193
-34.72097077500774 9.214173280021315 79.99999999999127
-33.04728972750376 4.607086640010372 79.99999999999049
-33.04728972749688 -4.607086639991432 3.999999999994396
-34.72097077499345 -9.214173279982001 3.999999999994384
-36.39465182248964 -13.82125991997148 3.999999999994378
-38.06833286998602 -18.42834655996153 3.999999999994402
-39.74201391748266 -23.03543319995227 3.99999999999443
-41.4156949649807 -27.64251983994687 3.999999999994444
-43.08937601248247 -32.24960647995173 3.999999999994434
-44.76305705998551 -36.8566931199601 3.999999999994407
-46.43673810748895 -41.46377975996955 3.999999999994383
-48.11041915499263 -46.07086639997969 3.999999999994391
-49.78410020249621 -50.67795303998955 3.999999999994401
-33.04728972749712 -4.607086639992104 7.999999999989076
-34.72097077499415 -9.214173279983916 7.99999999998877
-36.39465182249111 -13.82125991997555 7.99999999998874
-38.06833286998832 -18.42834655996785 7.999999999988808
-39.74201391748606 -23.03543319996162 7.999999999988883
-41.41569496498499 -27.6425198399587 7.999999999988916
-43.0893760124859 -32.24960647996117 7.999999999988892
-44.76305705998796 -36.85669311996686 7.99999999998882
-46.43673810749064 -41.46377975997422 7.999999999988756
-48.11041915499364 -46.07086639998249 7.999999999988784
-49.78410020249676 -50.67795303999107 7.999999999989085
-33.04728972749744 -4.607086639992979 11.9999999999832
-34.7209707749949 -9.214173279985964 11.99999999998299
-36.39465182249243 -13.82125991997919 11.99999999998305
-38.06833286999027 -18.42834655997323 11.99999999998323
-39.74201391748867 -23.03543319996881 11.99999999998338
-41.415694964988 -27.64251983996696 11.99999999998345
-43.08937601248854 -32.24960647996846 11.99999999998339
-44.76305705999003 -36.85669311997255 11.99999999998324
-46.43673810749213 -41.46377975997831 11.99999999998307
-48.11041915499459 -46.07086639998509 11.99999999998301
-49.78410020249724 -50.67795303999239 11.99999999998321
-33.04728972749776 -4.607086639993862 15.99999999997701
-34.72097077499559 -9.214173279987877 15.99999999997702
-36.39465182249357 -13.82125991998231 15.99999999997731
-38.06833286999186 -18.42834655997761 15.99999999997767
-39.74201391749067 -23.03543319997432 15.99999999997796
-41.4156949649902 -27.64251983997303 15.99999999997808
-43.08937601249059 -32.24960647997408 15.99999999997798
-44.7630570599917 -36.85669311997715 15.9999999999777
-46.43673810749338 -41.46377975998175 15.99999999997734
-48.11041915499541 -46.07086639998734 15.99999999997706
-49.78410020249765 -50.67795303999352 15.99999999997702
-33.04728972749805 -4.607086639994661 19.9999999999706
-34.7209707749962 -9.214173279989534 19.99999999997091
-36.39465182249451 -13.82125991998489 19.99999999997153
-38.06833286999313 -18.4283465599811 19.9999999999722
-39.7420139174922 -23.03543319997853 19.99999999997269
-41.41569496499185 -27.64251983997756 19.99999999997287
-43.08937601249215 -32.24960647997837 19.9999999999727
-44.76305705999303 -36.8566931199808 19.99999999997223
-46.43673810749439 -41.46377975998455 19.99999999997157
-48.11041915499609 -46.07086639998921 19.99999999997095
-49.784100202498 -50.67795303999446 19.99999999997062
-33.0472897274983 -4.60708663999533 23.99999999996393
-34.72097077499669 -9.214173279990895 23.99999999996461
-36.39465182249526 -13.82125991998696 23.99999999996575
-38.06833286999412 -18.4283465599838 23.99999999996687
-39.74201391749337 -23.03543319998173 23.99999999996765
-41.41569496499309 -27.64251983998097 23.99999999996793
-43.08937601249333 -32.24960647998162 23.99999999996767
-44.76305705999405 -36.85669311998362 23.9999999999669
-46.4367381074952 -41.46377975998675 23.99999999996579
-48.11041915499663 -46.0708663999907 23.99999999996465
-49.78410020249827 -50.67795303999521 23.99999999996395
-33.04728972749849 -4.607086639995862 27.99999999995668
-34.72097077499708 -9.214173279991964 27.99999999995802
-36.39465182249583 -13.82125991998854 27.99999999996002
-38.06833286999485 -18.42834655998585 27.9999999999618
-39.74201391749423 -23.0354331999841 27.99999999996298
-41.415694964994 -27.64251983998347 27.99999999996339
-43.08937601249421 -32.24960647998405 27.999999999963
-44.76305705999482 -36.85669311998574 27.99999999996184
-46.4367381074958 -41.46377975998842 27.99999999996006
-48.11041915499705 -46.07086639999184 27.99999999995806
-49.78410020249848 -50.67795303999578 27.9999999999567
-33.04728972749864 -4.607086639996254 31.999999999948
-34.72097077499736 -9.214173279992744 31.99999999995101
-36.39465182249625 -13.82125991998969 31.99999999995446
-38.06833286999539 -18.4283465599873 31.99999999995717
-39.74201391749483 -23.03543319998578 31.99999999995885
-41.41569496499464 -27.64251983998524 31.99999999995943
-43.08937601249482 -32.24960647998575 31.99999999995888
-44.76305705999538 -36.85669311998725 31.99999999995721
-46.43673810749623 -41.46377975998961 31.9999999999545
-48.11041915499735 -46.07086639999268 31.99999999995106
-49.78410020249863 -50.6779530399962 31.99999999994802
-33.04728972749873 -4.607086639996514 35.99999999993608
-34.72097077499755 -9.214173279993256 35.99999999994375
-36.39465182249652 -13.82125991999044 35.99999999994942
-38.06833286999573 -18.42834655998825 35.99999999995327
-39.74201391749523 -23.03543319998685 35.99999999995551
-41.41569496499505 -27.64251983998637 35.99999999995624
-43.08937601249522 -32.24960647998684 35.99999999995553
-44.76305705999572 -36.85669311998822 35.99999999995331
-46.43673810749652 -41.46377975999039 35.99999999994946
-48.11041915499754 -46.07086639999322 35.9999999999438
-49.78410020249873 -50.6779530399965 35.99999999993612
-33.04728972749877 -4.607086639996646 39.99999999992534
-34.72097077499763 -9.214173279993515 39.99999999993783
-36.39465182249665 -13.82125991999081 39.99999999994561
-38.06833286999589 -18.42834655998872 39.99999999995048
-39.74201391749541 -23.03543319998739 39.9999999999532
-41.41569496499525 -27.64251983998694 39.99999999995408
-43.08937601249541 -32.24960647998738 39.99999999995322
-44.76305705999589 -36.8566931199887 39.99999999995052
-46.43673810749664 -41.46377975999078 39.99999999994565
-48.11041915499764 -46.07086639999349 39.99999999993787
-49.78410020249878 -50.67795303999664 39.99999999992537
-33.04728972749877 -4.607086639996651 43.99999999992104
-34.72097077499763 -9.214173279993524 43.99999999993506
-36.39465182249666 -13.82125991999083 43.99999999994377
-38.0683328699959 -18.42834655998874 43.99999999994917
-39.74201391749542 -23.03543319998741 43.99999999995215
-41.41569496499525 -27.64251983998695 43.99999999995311
-43.08937601249541 -32.2496064799874 43.99999999995217
-44.76305705999589 -36.85669311998871 43.9999999999492
-46.43673810749666 -41.4637797599908 43.99999999994381
-48.11041915499764 -46.0708663999935 43.99999999993511
-49.78410020249877 -50.67795303999662 43.99999999992107
-33.04728972749873 -4.60708663999653 47.9999999999237
-34.72097077499755 -9.214173279993283 47.99999999993587
-36.39465182249653 -13.82125991999047 47.99999999994415
-38.06833286999574 -18.4283465599883 47.99999999994949
-39.74201391749524 -23.0354331999869 47.99999999995248
-41.41569496499506 -27.64251983998643 47.99999999995346
-43.08937601249523 -32.24960647998689 47.9999999999525
-44.76305705999573 -36.85669311998826 47.99999999994953
-46.43673810749652 -41.46377975999044 47.9999999999442
-48.11041915499754 -46.07086639999324 47.99999999993592
-49.78410020249873 -50.6779530399965 47.99999999992372
-33.04728972749864 -4.607086639996279 51.99999999992943
-34.72097077499737 -9.214173279992785 51.99999999993929
-36.39465182249626 -13.82125991998975 51.99999999994652
-38.0683328699954 -18.42834655998738 51.99999999995139
-39.74201391749485 -23.03543319998586 51.9999999999542
-41.41569496499466 -27.64251983998532 51.99999999995511
-43.08937601249485 -32.24960647998582 51.99999999995422
-44.76305705999539 -36.85669311998732 51.99999999995145
-46.43673810749625 -41.46377975998968 51.9999999999466
-48.11041915499735 -46.07086639999272 51.99999999993934
-49.78410020249864 -50.67795303999624 51.99999999992945
-33.04728972749849 -4.607086639995892 55.9999999999367
-34.72097077499709 -9.21417327999202 55.99999999994449
-36.39465182249585 -13.82125991998862 55.99999999995051
-38.06833286999488 -18.42834655998594 55.99999999995472
-39.74201391749425 -23.0354331999842 55.9999999999572
-41.41569496499402 -27.64251983998358 55.99999999995801
-43.08937601249423 -32.24960647998414 55.99999999995723
-44.76305705999485 -36.85669311998583 55.99999999995479
-46.43673810749582 -41.46377975998849 55.9999999999506
-48.11041915499705 -46.0708663999919 55.99999999994454
-49.78410020249849 -50.67795303999582 55.99999999993672
-33.0472897274983 -4.607086639995365 59.99999999994481
-34.72097077499671 -9.214173279990963 59.9999999999509
-36.39465182249528 -13.82125991998705 59.99999999995575
-38.06833286999414 -18.42834655998391 59.99999999995924
-39.7420139174934 -23.03543319998185 59.99999999996132
-41.41569496499312 -27.64251983998109 59.99999999996203
-43.08937601249337 -32.24960647998174 59.99999999996135
-44.76305705999409 -36.85669311998373 59.99999999995929
-46.43673810749522 -41.46377975998683 59.99999999995581
-48.11041915499664 -46.07086639999077 59.99999999995094
-49.78410020249827 -50.67795303999525 59.99999999994485
-33.04728972749806 -4.607086639994698 63.99999999995345
-34.72097077499621 -9.214173279989602 63.9999999999581
-36.39465182249454 -13.82125991998499 63.99999999996191
-38.06833286999316 -18.42834655998121 63.9999999999647
-39.74201391749224 -23.03543319997865 63.99999999996638
-41.41569496499189 -27.64251983997769 63.99999999996698
-43.08937601249218 -32.2496064799785 63.99999999996642
-44.76305705999307 -36.85669311998092 63.99999999996474
-46.43673810749441 -41.46377975998463 63.99999999996196
-48.1104191549961 -46.07086639998927 63.99999999995814
-49.784100202498 -50.67795303999449 63.99999999995349
-33.04728972749777 -4.607086639993901 67.99999999996244
-34.72097077499561 -9.214173279987945 67.99999999996591
-36.3946518224936 -13.8212599199824 67.99999999996879
-38.0683328699919 -18.42834655997773 67.99999999997092
-39.7420139174907 -23.03543319997444 67.99999999997225
-41.41569496499024 -27.64251983997315 67.99999999997269
-43.08937601249063 -32.2496064799742 67.99999999997229
-44.76305705999174 -36.85669311997728 67.99999999997097
-46.4367381074934 -41.46377975998184 67.99999999996884
-48.11041915499542 -46.0708663999874 67.99999999996594
-49.78410020249766 -50.67795303999355 67.99999999996245
-33.04728972749745 -4.607086639993013 71.99999999997166
-34.72097077499491 -9.214173279986024 71.99999999997412
-36.39465182249246 -13.82125991997927 71.9999999999762
-38.0683328699903 -18.42834655997333 71.99999999997773
-39.7420139174887 -23.03543319996892 71.9999999999787
-41.41569496498803 -27.64251983996708 71.99999999997901
-43.08937601248858 -32.24960647996858 71.99999999997871
-44.76305705999006 -36.85669311997265 71.99999999997776
-46.43673810749215 -41.46377975997839 71.99999999997623
-48.1104191549946 -46.07086639998514 71.99999999997415
-49.78410020249725 -50.67795303999242 71.99999999997166
-33.04728972749713 -4.60708663999213 75.99999999998103
-34.72097077499416 -9.214173279983967 75.99999999998261
-36.39465182249113 -13.82125991997562 75.99999999998394
-38.06833286998835 -18.42834655996794 75.99999999998494
-39.74201391748608 -23.03543319996172 75.99999999998558
-41.41569496498502 -27.64251983995879 75.99999999998579
-43.08937601248592 -32.24960647996125 75.99999999998556
-44.76305705998799 -36.85669311996695 75.99999999998495
-46.43673810749066 -41.46377975997429 75.99999999998394
-48.11041915499366 -46.07086639998253 75.99999999998262
-49.78410020249677 -50.6779530399911 75.99999999998103
-33.04728972749688 -4.607086639991448 79.99999999999048
-34.72097077499346 -9.214173279982033 79.99999999999127
-36.39465182248964 -13.82125991997152 79.99999999999193
-38.06833286998603 -18.42834655996158 79.9999999999924
-39.74201391748267 -23.03543319995232 79.9999999999927
-41.41569496498072 -27.64251983994693 79.99999999999282
-43.08937601248248 -32.24960647995178 79.99999999999271
-44.76305705998551 -36.85669311996013 79.9999999999924
-46.43673810748896 -41.4637797599696 79.99999999999191
-48.11041915499263 -46.07086639997971 79.99999999999126
-49.78410020249621 -50.67795303998956 79.99999999999048
-47.16963281250663 -54.40777408750134 3.999999999994342
-42.88148437501449 -53.53050849500296 3.999999999994289
-38.59333593752397 -52.65324290250489 3.999999999994224
-34.30518750003151 -51.77597731000644 3.999999999994193
-30.01703906253951 -50.89871171750808 3.999999999994186
-25.72889062504444 -50.02144612500909 3.999999999994185
-21.44074218754105 -49.14418053250839 3.999999999994188
-17.15259375003394 -48.26691494000694 3.999999999994199
-12.86444531252509 -47.38964934750513 3.99999999999423
-8.57629687501613 -46.5123837550033 3.999999999994295
-4.288148437507885 -45.63511816250161 3.999999999994347
-47.16963281250624 -54.40777408750127 7.99999999998903
-42.88148437501287 -53.53050849500262 7.999999999988593
-38.5933359375198 -52.65324290250405 7.999999999988425
-34.30518750002585 -51.77597731000528 7.999999999988376
-30.01703906253092 -50.89871171750632 7.999999999988372
-25.72889062503344 -50.02144612500684 7.999999999988376
-21.44074218753175 -49.1441805325065 7.999999999988376
-17.15259375002713 -48.26691494000555 7.999999999988384
-12.86444531252082 -47.38964934750426 7.999999999988437
-8.576296875013874 -46.51238375500284 7.999999999988606
-4.288148437506903 -45.63511816250141 7.999999999989038
-47.16963281250549 -54.40777408750111 11.99999999998309
-42.88148437501101 -53.53050849500224 11.99999999998268
-38.59333593751636 -52.65324290250334 11.99999999998254
-34.30518750002098 -51.77597731000429 11.99999999998253
-30.01703906252445 -50.89871171750499 11.99999999998257
-25.72889062502595 -50.0214461250053 11.99999999998259
-21.4407421875249 -49.14418053250509 11.99999999998257
-17.15259375002171 -48.26691494000444 11.99999999998254
-12.86444531251706 -47.38964934750349 11.99999999998255
-8.576296875011625 -46.51238375500238 11.99999999998269
-4.288148437505865 -45.6351181625012 11.9999999999831
-47.16963281250469 -54.40777408750094 15.99999999997681
-42.88148437500926 -53.53050849500188 15.99999999997656
-38.59333593751351 -52.65324290250275 15.99999999997655
-34.30518750001707 -51.77597731000348 15.99999999997666
-30.01703906251955 -50.89871171750399 15.99999999997679
-25.72889062502056 -50.0214461250042 15.99999999997684
-21.44074218751981 -49.14418053250404 15.9999999999768
-17.15259375001748 -48.26691494000357 15.99999999997668
-12.86444531251395 -47.38964934750285 15.99999999997658
-8.576296875009639 -46.51238375500196 15.99999999997658
-4.288148437504907 -45.635118162501 15.99999999997682
-47.16963281250398 -54.4077740875008 19.99999999997032
-42.88148437500779 -53.53050849500158 19.99999999997026
-38.5933359375112 -52.65324290250228 19.99999999997048
-34.305187500014 -51.77597731000285 19.99999999997081
-30.01703906251588 -50.89871171750324 19.99999999997109
-25.7288906250166 -50.02144612500339 19.9999999999712
-21.44074218751602 -49.14418053250327 19.9999999999711
-17.15259375001423 -48.26691494000291 19.99999999997083
-12.86444531251147 -47.38964934750233 19.99999999997051
-8.576296875007992 -46.51238375500163 19.99999999997028
-4.288148437504094 -45.63511816250083 19.99999999997033
-47.16963281250337 -54.40777408750068 23.99999999996356
-42.88148437500656 -53.53050849500133 23.99999999996371
-38.59333593750939 -52.65324290250191 23.99999999996433
-34.30518750001166 -51.77597731000237 23.99999999996503
-30.01703906251313 -50.89871171750267 23.99999999996556
-25.72889062501367 -50.02144612500279 23.99999999996575
-21.4407421875132 -49.14418053250269 23.99999999996557
-17.15259375001177 -48.2669149400024 23.99999999996506
-12.86444531250954 -47.38964934750194 23.99999999996436
-8.576296875006687 -46.51238375500136 23.99999999996374
-4.288148437503438 -45.6351181625007 23.99999999996358
-47.16963281250291 -54.40777408750058 27.99999999995622
-42.88148437500564 -53.53050849500114 27.99999999995681
-38.59333593750803 -52.65324290250163 27.99999999995813
-34.30518750000991 -51.77597731000201 27.99999999995942
-30.01703906251112 -50.89871171750226 27.99999999996032
-25.72889062501155 -50.02144612500235 27.99999999996064
-21.44074218751115 -49.14418053250227 27.99999999996034
-17.15259375000997 -48.26691494000203 27.99999999995946
-12.8644453125081 -47.38964934750165 27.99999999995817
-8.576296875005697 -46.51238375500116 27.99999999995684
-4.288148437502936 -45.6351181625006 27.99999999995624
-47.16963281250257 -54.40777408750051 31.99999999994732
-42.88148437500498 -53.530508495001 31.99999999994931
-38.59333593750707 -52.65324290250143 31.99999999995199
-34.30518750000868 -51.77597731000176 31.99999999995419
-30.01703906250971 -50.89871171750197 31.99999999995558
-25.72889062501007 -50.02144612500205 31.99999999995607
-21.44074218750972 -49.14418053250198 31.99999999995561
-17.15259375000871 -48.26691494000177 31.99999999995422
-12.86444531250708 -47.38964934750144 31.99999999995201
-8.576296875004989 -46.51238375500102 31.99999999994933
-4.288148437502575 -45.63511816250053 31.99999999994734
-47.16963281250235 -54.40777408750046 35.99999999993464
-42.88148437500454 -53.53050849500091 35.99999999994125
-38.59333593750644 -52.6532429025013 35.99999999994623
-34.30518750000789 -51.7759773100016 35.99999999994967
-30.01703906250881 -50.89871171750179 35.99999999995166
-25.72889062500913 -50.02144612500185 35.99999999995233
-21.44074218750881 -49.14418053250179 35.99999999995168
-17.15259375000789 -48.26691494000161 35.99999999994969
-12.86444531250643 -47.3896493475013 35.99999999994627
-8.576296875004532 -46.51238375500092 35.99999999994129
-4.288148437502342 -45.63511816250048 35.99999999993466
-47.16963281250224 -54.40777408750044 39.99999999992309
-42.88148437500433 -53.53050849500086 39.9999999999346
-38.59333593750612 -52.65324290250123 39.99999999994182
-34.3051875000075 -51.77597731000152 39.99999999994635
-30.01703906250837 -50.89871171750169 39.99999999994888
-25.72889062500867 -50.02144612500175 39.9999999999497
-21.44074218750837 -49.14418053250169 39.9999999999489
-17.15259375000749 -48.26691494000152 39.99999999994638
-12.8644453125061 -47.38964934750123 39.99999999994185
-8.576296875004306 -46.51238375500087 39.99999999993462
-4.288148437502225 -45.63511816250044 39.9999999999231
-47.16963281250223 -54.40777408750043 43.99999999991855
-42.88148437500433 -53.53050849500086 43.99999999993152
-38.5933359375061 -52.65324290250123 43.99999999993967
-34.30518750000748 -51.77597731000151 43.99999999994473
-30.01703906250835 -50.89871171750169 43.99999999994754
-25.72889062500866 -50.02144612500175 43.99999999994846
-21.44074218750836 -49.14418053250169 43.99999999994757
-17.15259375000749 -48.26691494000151 43.99999999994477
-12.8644453125061 -47.38964934750123 43.9999999999397
-8.576296875004299 -46.51238375500087 43.99999999993154
-4.288148437502223 -45.63511816250044 43.99999999991857
-47.16963281250234 -54.40777408750046 47.99999999992157
-42.88148437500453 -53.5305084950009 47.99999999993251
-38.5933359375064 -52.65324290250129 47.99999999994009
-34.30518750000785 -51.77597731000159 47.99999999994504
-30.01703906250876 -50.89871171750178 47.99999999994782
-25.72889062500909 -50.02144612500184 47.99999999994874
-21.44074218750878 -49.14418053250178 47.99999999994784
-17.15259375000786 -48.26691494000159 47.99999999994506
-12.8644453125064 -47.3896493475013 47.99999999994012
-8.576296875004518 -46.51238375500091 47.99999999993253
-4.288148437502334 -45.63511816250047 47.99999999992158
-47.16963281250256 -54.4077740875005 51.99999999992767
-42.88148437500494 -53.53050849500099 51.9999999999363
-38.593335937507 -52.65324290250141 51.99999999994275
-34.30518750000861 -51.77597731000174 51.99999999994716
-30.01703906250964 -50.89871171750195 51.99999999994971
-25.72889062501001 -50.02144612500203 51.99999999995057
-21.44074218750967 -49.14418053250196 51.99999999994974
-17.15259375000865 -48.26691494000175 51.99999999994719
-12.86444531250704 -47.38964934750143 51.99999999994277
-8.576296875004966 -46.512383755001 51.99999999993632
-4.288148437502563 -45.63511816250051 51.99999999992768
-47.16963281250289 -54.40777408750056 55.99999999993525
-42.8814843750056 -53.53050849500112 55.99999999994191
-38.59333593750797 -52.65324290250161 55.99999999994715
-34.30518750000984 -51.77597731000199 55.99999999995087
-30.01703906251104 -50.89871171750224 55.99999999995308
-25.72889062501147 -50.02144612500233 55.99999999995381
-21.44074218751109 -49.14418053250225 55.99999999995309
-17.15259375000992 -48.26691494000201 55.99999999995089
-12.86444531250805 -47.38964934750163 55.99999999994717
-8.576296875005667 -46.51238375500115 55.99999999994193
-4.288148437502922 -45.63511816250059 55.99999999993526
-47.16963281250335 -54.40777408750066 59.99999999994364
-42.88148437500652 -53.53050849500131 59.99999999994871
-38.59333593750932 -52.65324290250189 59.99999999995285
-34.30518750001157 -51.77597731000235 59.99999999995585
-30.01703906251304 -50.89871171750265 59.99999999995767
-25.72889062501358 -50.02144612500276 59.99999999995829
-21.44074218751313 -49.14418053250267 59.99999999995768
-17.15259375001171 -48.26691494000238 59.99999999995587
-12.86444531250948 -47.38964934750192 59.99999999995288
-8.57629687500665 -46.51238375500134 59.99999999994874
-4.288148437503422 -45.63511816250069 59.99999999994365
-47.16963281250395 -54.40777408750078 63.99999999995251
-42.88148437500772 -53.53050849500155 63.99999999995633
-38.59333593751113 -52.65324290250225 63.9999999999595
-34.30518750001391 -51.77597731000282 63.99999999996184
-30.01703906251579 -50.8987117175032 63.99999999996329
-25.7288906250165 -50.02144612500335 63.99999999996378
-21.44074218751594 -49.14418053250323 63.99999999996331
-17.15259375001416 -48.26691494000288 63.99999999996187
-12.86444531251141 -47.38964934750231 63.99999999995953
-8.576296875007953 -46.51238375500161 63.99999999995634
-4.288148437504075 -45.63511816250082 63.99999999995253
-47.16963281250467 -54.40777408750093 67.9999999999617
-42.88148437500923 -53.53050849500185 67.99999999996452
-38.59333593751344 -52.65324290250272 67.99999999996686
-34.30518750001698 -51.77597731000344 67.99999999996862
-30.01703906251947 -50.89871171750396 67.99999999996973
-25.72889062502047 -50.02144612500416 67.9999999999701
-21.44074218751974 -49.14418053250402 67.99999999996975
-17.15259375001741 -48.26691494000354 67.99999999996865
-12.86444531251389 -47.38964934750282 67.99999999996689
-8.5762968750096 -46.51238375500194 67.99999999996452
-4.288148437504889 -45.63511816250098 67.9999999999617
-47.16963281250548 -54.40777408750109 71.99999999997112
-42.88148437501097 -53.53050849500222 71.9999999999731
-38.59333593751629 -52.6532429025033 71.99999999997475
-34.30518750002091 -51.77597731000425 71.99999999997601
-30.01703906252436 -50.89871171750496 71.99999999997681
-25.72889062502588 -50.02144612500527 71.99999999997708
-21.44074218752484 -49.14418053250505 71.99999999997681
-17.15259375002165 -48.2669149400044 71.99999999997603
-12.86444531251701 -47.38964934750346 71.99999999997476
-8.576296875011593 -46.51238375500235 71.99999999997311
-4.28814843750585 -45.63511816250118 71.99999999997112
-47.16963281250623 -54.40777408750124 75.99999999998067
-42.88148437501285 -53.5305084950026 75.99999999998194
-38.59333593751976 -52.65324290250401 75.99999999998299
-34.3051875000258 -51.77597731000525 75.99999999998381
-30.01703906253087 -50.89871171750629 75.99999999998433
-25.72889062503339 -50.0214461250068 75.99999999998448
-21.4407421875317 -49.14418053250646 75.99999999998431
-17.15259375002708 -48.26691494000552 75.99999999998381
-12.86444531252078 -47.38964934750423 75.999999999983
-8.576296875013846 -46.51238375500281 75.99999999998192
-4.288148437506893 -45.63511816250139 75.99999999998067
-47.16963281250663 -54.40777408750132 79.99999999999034
-42.88148437501448 -53.53050849500293 79.99999999999095
-38.59333593752395 -52.65324290250486 79.99999999999145
-34.30518750003149 -51.77597731000641 79.99999999999183
-30.01703906253947 -50.89871171750805 79.99999999999208
-25.72889062504442 -50.02144612500906 79.99999999999217
-21.44074218754102 -49.14418053250836 79.99999999999208
-17.15259375003392 -48.26691494000691 79.99999999999186
-12.86444531252507 -47.38964934750511 79.99999999999146
-8.576296875016116 -46.51238375500328 79.99999999999093
-4.288148437507882 -45.63511816250159 79.99999999999034
4.288148437492302 -45.63511816249842 3.999999999994344
8.57629687498393 -46.5123837549967 3.999999999994291
12.86444531247461 -47.3896493474948 3.999999999994225
17.15259374996527 -48.26691493999289 3.999999999994193
21.44074218745645 -49.14418053249108 3.999999999994185
25.72889062495165 -50.0214461249901 3.999999999994186
30.01703906245552 -50.89871171749089 3.999999999994188
34.30518749996322 -51.77597730999246 3.999999999994198
38.59333593747275 -52.65324290249441 3.99999999999423
42.88148437498241 -53.53050849499639 3.999999999994294
47.16963281249139 -54.40777408749823 3.999999999994346
4.288148437493044 -45.63511816249857 7.999999999989032
8.57629687498588 -46.5123837549971 7.999999999988595
12.86444531247857 -47.38964934749561 7.999999999988425
17.1525937499717 -48.2669149399942 7.999999999988374
21.44074218746612 -49.14418053249306 7.999999999988372
25.72889062496356 -50.02144612499254 7.999999999988376
30.01703906246551 -50.89871171749293 7.999999999988376
34.30518749997055 -51.77597730999396 7.999999999988385
38.59333593747738 -52.65324290249536 7.999999999988435
42.8814843749849 -53.53050849499689 7.999999999988603
47.16963281249249 -54.40777408749845 7.999999999989038
4.288148437493962 -45.63511816249876 11.99999999998309
8.576296874987966 -46.51238375499753 11.99999999998268
12.86444531248219 -47.38964934749635 11.99999999998254
17.15259374997708 -48.2669149399953 11.99999999998253
21.4407421874733 -49.14418053249453 11.99999999998257
25.72889062497172 -50.02144612499421 11.99999999998258
30.01703906247292 -50.89871171749445 11.99999999998257
34.30518749997641 -51.77597730999516 11.99999999998254
38.59333593748146 -52.6532429024962 11.99999999998255
42.88148437498734 -53.5305084949974 11.9999999999827
47.16963281249362 -54.40777408749868 11.9999999999831
4.288148437494868 -45.63511816249896 15.99999999997681
8.576296874989886 -46.51238375499793 15.99999999997656
12.86444531248528 -47.38964934749699 15.99999999997656
17.15259374998139 -48.26691493999619 15.99999999997667
21.44074218747867 -49.14418053249563 15.99999999997679
25.72889062497761 -50.02144612499541 15.99999999997684
30.01703906247845 -50.89871171749559 15.9999999999768
34.305187499981 -51.77597730999611 15.99999999997668
38.59333593748483 -52.65324290249689 15.99999999997657
42.88148437498951 -53.53050849499785 15.99999999997658
47.16963281249466 -54.4077740874989 15.99999999997681
4.288148437495664 -45.63511816249912 19.99999999997032
8.57629687499152 -46.51238375499827 19.99999999997026
12.86444531248778 -47.3896493474975 19.99999999997048
17.15259374998474 -48.26691493999688 19.99999999997081
21.44074218748269 -49.14418053249646 19.99999999997108
25.72889062498193 -50.0214461249963 19.9999999999712
30.01703906248257 -50.89871171749643 19.9999999999711
34.30518749998451 -51.77597730999683 19.99999999997083
38.59333593748754 -52.65324290249745 19.9999999999705
42.88148437499131 -53.53050849499822 19.99999999997027
47.16963281249554 -54.40777408749908 19.99999999997033
4.288148437496321 -45.63511816249925 23.99999999996356
8.57629687499284 -46.51238375499854 23.99999999996371
12.86444531248976 -47.38964934749791 23.99999999996432
17.1525937499873 -48.2669149399974 23.99999999996502
21.4407421874857 -49.14418053249707 23.99999999996555
25.72889062498511 -50.02144612499695 23.99999999996574
30.01703906248563 -50.89871171749706 23.99999999996556
34.30518749998719 -51.77597730999737 23.99999999996505
38.59333593748963 -52.65324290249787 23.99999999996435
42.88148437499274 -53.53050849499851 23.99999999996373
47.16963281249626 -54.40777408749923 23.99999999996357
4.28814843749683 -45.63511816249935 27.99999999995622
8.576296874993851 -46.51238375499874 27.99999999995681
12.86444531249125 -47.38964934749821 27.99999999995813
17.1525937499892 -48.26691493999779 27.99999999995942
21.44074218748789 -49.14418053249752 27.99999999996032
25.72889062498743 -50.02144612499742 27.99999999996063
30.01703906248786 -50.89871171749751 27.99999999996032
34.30518749998915 -51.77597730999778 27.99999999995945
38.5933359374912 -52.65324290249819 27.99999999995816
42.8814843749938 -53.53050849499872 27.99999999995683
47.1696328124968 -54.40777408749934 27.99999999995624
4.288148437497202 -45.63511816249943 31.99999999994731
8.576296874994584 -46.51238375499889 31.99999999994931
12.86444531249231 -47.38964934749843 31.99999999995197
17.15259374999055 -48.26691493999807 31.99999999995419
21.44074218748943 -49.14418053249783 31.99999999995559
25.72889062498904 -50.02144612499776 31.99999999995607
30.01703906248942 -50.89871171749783 31.99999999995559
34.30518749999054 -51.77597730999806 31.99999999995421
38.59333593749229 -52.65324290249842 31.999999999952
42.88148437499456 -53.53050849499888 31.99999999994933
47.1696328124972 -54.40777408749942 31.99999999994734
4.288148437497444 -45.63511816249948 35.99999999993463
8.576296874995059 -46.51238375499899 35.99999999994125
12.864445312493 -47.38964934749857 35.99999999994623
17.15259374999141 -48.26691493999824 35.99999999994966
21.44074218749041 -49.14418053249803 35.99999999995166
25.72889062499006 -50.02144612499796 35.99999999995232
30.01703906249042 -50.89871171749804 35.99999999995167
34.30518749999142 -51.77597730999824 35.99999999994967
38.59333593749301 -52.65324290249856 35.99999999994625
42.88148437499508 -53.53050849499899 35.99999999994128
47.16963281249746 -54.40777408749947 35.99999999993467
4.288148437497564 -45.6351181624995 39.99999999992308
8.576296874995295 -46.51238375499904 39.99999999993459
12.86444531249335 -47.38964934749864 39.99999999994181
17.15259374999184 -48.26691493999833 39.99999999994634
21.44074218749089 -49.14418053249813 39.99999999994886
25.72889062499057 -50.02144612499807 39.99999999994968
30.0170390624909 -50.89871171749814 39.99999999994889
34.30518749999186 -51.77597730999833 39.99999999994636
38.59333593749337 -52.65324290249864 39.99999999994184
42.88148437499532 -53.53050849499903 39.99999999993462
47.16963281249758 -54.4077740874995 39.99999999992311
4.288148437497568 -45.63511816249951 43.99999999991856
8.576296874995304 -46.51238375499904 43.99999999993152
12.86444531249335 -47.38964934749864 43.99999999993965
17.15259374999185 -48.26691493999834 43.99999999994473
21.4407421874909 -49.14418053249814 43.99999999994754
25.72889062499058 -50.02144612499807 43.99999999994844
30.01703906249091 -50.89871171749814 43.99999999994756
34.30518749999187 -51.77597730999833 43.99999999994476
38.59333593749337 -52.65324290249864 43.99999999993968
42.88148437499532 -53.53050849499903 43.99999999993155
47.16963281249758 -54.4077740874995 43.99999999991858
4.288148437497455 -45.63511816249949 47.99999999992156
8.576296874995082 -46.512383754999 47.99999999993249
12.86444531249304 -47.38964934749858 47.99999999994008
17.15259374999145 -48.26691493999826 47.99999999994503
21.44074218749045 -49.14418053249805 47.99999999994783
25.72889062499011 -50.02144612499798 47.99999999994875
30.01703906249044 -50.89871171749805 47.99999999994784
34.30518749999145 -51.77597730999825 47.99999999994506
38.59333593749304 -52.65324290249858 47.99999999994012
42.88148437499508 -53.530508494999 47.99999999993252
47.16963281249746 -54.40777408749948 47.99999999992158
4.288148437497219 -45.63511816249944 51.99999999992766
8.576296874994618 -46.51238375499891 51.99999999993629
12.86444531249236 -47.38964934749845 51.99999999994275
17.15259374999061 -48.26691493999809 51.99999999994716
21.44074218748949 -49.14418053249786 51.99999999994972
25.7288906249891 -50.02144612499777 51.99999999995057
30.01703906248948 -50.89871171749785 51.99999999994974
34.30518749999059 -51.77597730999808 51.99999999994719
38.59333593749234 -52.65324290249843 51.99999999994279
42.88148437499459 -53.5305084949989 51.99999999993631
47.16963281249722 -54.40777408749943 51.99999999992768
4.288148437496852 -45.63511816249937 55.99999999993523
8.576296874993895 -46.51238375499876 55.99999999994191
12.86444531249131 -47.38964934749823 55.99999999994716
17.15259374998929 -48.26691493999782 55.99999999995088
21.44074218748798 -49.14418053249754 55.99999999995309
25.72889062498751 -50.02144612499745 55.99999999995382
30.01703906248792 -50.89871171749753 55.99999999995309
34.30518749998922 -51.7759773099978 55.9999999999509
38.59333593749124 -52.65324290249821 55.99999999994719
42.88148437499385 -53.53050849499874 55.99999999994193
47.16963281249683 -54.40777408749935 55.99999999993525
4.288148437496345 -45.63511816249926 59.99999999994362
8.57629687499289 -46.51238375499855 59.99999999994873
12.86444531248983 -47.38964934749793 59.99999999995286
17.15259374998739 -48.26691493999743 59.99999999995587
21.44074218748579 -49.1441805324971 59.9999999999577
25.72889062498521 -50.02144612499698 59.99999999995831
30.01703906248571 -50.89871171749708 59.99999999995769
34.30518749998726 -51.77597730999739 59.99999999995588
38.59333593748968 -52.65324290249789 59.99999999995288
42.88148437499276 -53.53050849499852 59.99999999994873
47.16963281249629 -54.40777408749924 59.99999999994364
4.288148437495693 -45.63511816249913 63.99999999995251
8.576296874991575 -46.51238375499829 63.99999999995634
12.86444531248786 -47.38964934749752 63.99999999995953
17.15259374998483 -48.26691493999691 63.99999999996188
21.44074218748279 -49.14418053249648 63.99999999996331
25.72889062498203 -50.02144612499633 63.99999999996381
30.01703906248265 -50.89871171749645 63.99999999996331
34.3051874999846 -51.77597730999685 63.99999999996189
38.59333593748759 -52.65324290249746 63.99999999995954
42.88148437499135 -53.53050849499823 63.99999999995636
47.16963281249557 -54.40777408749909 63.99999999995251
4.288148437494894 -45.63511816249897 67.99999999996172
8.576296874989936 -46.51238375499795 67.99999999996453
12.86444531248535 -47.38964934749701 67.9999999999669
17.15259374998147 -48.26691493999622 67.99999999996867
21.44074218747876 -49.14418053249566 67.99999999996976
25.7288906249777 -50.02144612499544 67.99999999997014
30.01703906247853 -50.89871171749562 67.99999999996977
34.30518749998107 -51.77597730999613 67.99999999996869
38.59333593748489 -52.65324290249691 67.99999999996692
42.88148437498956 -53.53050849499786 67.99999999996454
47.16963281249469 -54.40777408749891 67.99999999996172
4.288148437493986 -45.63511816249878 71.99999999997112
8.57629687498801 -46.51238375499756 71.9999999999731
12.86444531248225 -47.38964934749638 71.99999999997478
17.15259374997716 -48.26691493999534 71.99999999997604
21.44074218747338 -49.14418053249456 71.99999999997681
25.72889062497181 -50.02144612499424 71.99999999997709
30.017039062473 -50.89871171749448 71.99999999997685
34.30518749997649 -51.77597730999519 71.99999999997607
38.59333593748152 -52.65324290249622 71.99999999997479
42.8814843749874 -53.53050849499742 71.99999999997311
47.16963281249365 -54.4077740874987 71.99999999997112
4.288148437493058 -45.63511816249859 75.99999999998066
8.576296874985914 -46.51238375499713 75.99999999998192
12.86444531247862 -47.38964934749563 75.99999999998302
17.15259374997176 -48.26691493999423 75.99999999998383
21.44074218746618 -49.14418053249309 75.99999999998431
25.72889062496363 -50.02144612499256 75.99999999998448
30.01703906246557 -50.89871171749296 75.99999999998434
34.30518749997061 -51.77597730999399 75.99999999998383
38.59333593747743 -52.65324290249539 75.999999999983
42.88148437498494 -53.53050849499692 75.99999999998195
47.1696328124925 -54.40777408749847 75.99999999998067
4.288148437492309 -45.63511816249844 79.99999999999032
8.576296874983944 -46.51238375499673 79.99999999999092
12.86444531247463 -47.38964934749482 79.99999999999146
17.15259374996531 -48.26691493999292 79.99999999999186
21.44074218745648 -49.14418053249111 79.9999999999921
25.72889062495169 -50.02144612499013 79.99999999999218
30.01703906245556 -50.89871171749092 79.99999999999211
34.30518749996325 -51.77597730999249 79.99999999999186
38.59333593747277 -52.65324290249444 79.99999999999146
42.88148437498244 -53.53050849499642 79.99999999999093
47.16963281249139 -54.40777408749825 79.99999999999032
49.78410020250352 -50.67795304000972 3.999999999994397
48.11041915500697 -46.0708664000192 3.999999999994385
46.436738107511 -41.46377976003028 3.999999999994378
44.7630570600145 -36.85669312003993 3.999999999994402
43.08937601251802 -32.24960648004961 3.999999999994432
41.41569496502013 -27.64251984005542 3.999999999994446
39.74201391751865 -23.03543320005135 3.999999999994436
38.06833287001569 -18.42834656004319 3.999999999994409
36.39465182251185 -13.82125992003263 3.999999999994385
34.72097077500775 -9.214173280021335 3.999999999994393
33.04728972750377 -4.607086640010381 3.999999999994402
49.78410020250312 -50.6779530400086 7.999999999989078
48.11041915500621 -46.0708664000171 7.999999999988773
46.43673810750937 -41.4637797600258 7.999999999988742
44.76305706001219 -36.85669312003358 7.999999999988809
43.08937601251456 -32.24960648004008 7.999999999988884
41.41569496501573 -27.64251984004331 7.99999999998892
39.74201391751496 -23.03543320004118 7.999999999988894
38.06833287001288 -18.42834656003546 7.999999999988823
36.39465182250999 -13.8212599200275 7.999999999988758
34.72097077500671 -9.214173280018475 7.999999999988788
33.04728972750334 -4.607086640009198 7.999999999989086
49.78410020250273 -50.67795304000752 11.9999999999832
48.1104191550054 -46.07086640001487 11.99999999998299
46.43673810750796 -41.46377976002192 11.99999999998305
44.76305706001019 -36.85669312002806 11.99999999998323
43.08937601251188 -32.24960648003269 11.99999999998339
41.41569496501262 -27.64251984003473 11.99999999998345
39.74201391751212 -23.03543320003337 11.99999999998339
38.06833287001061 -18.4283465600292 11.99999999998325
36.39465182250838 -13.82125992002306 11.99999999998308
34.72097077500572 -9.214173280015769 11.99999999998301
33.04728972750289 -4.607086640007962 11.99999999998322
49.78410020250237 -50.67795304000652 15.99999999997701
48.11041915500465 -46.07086640001282 15.99999999997703
46.43673810750676 -41.46377976001863 15.99999999997731
44.76305706000855 -36.85669312002353 15.99999999997768
43.0893760125098 -32.24960648002698 15.99999999997797
41.41569496501032 -27.64251984002841 15.99999999997808
39.74201391750995 -23.03543320002741 15.99999999997798
38.0683328700088 -18.42834656002422 15.9999999999777
36.39465182250703 -13.82125992001936 15.99999999997734
34.72097077500487 -9.214173280013398 15.99999999997706
33.04728972750248 -4.607086640006825 15.99999999997702
49.78410020250205 -50.67795304000565 19.9999999999706
48.11041915500401 -46.07086640001105 19.99999999997091
46.43673810750578 -41.46377976001591 19.99999999997154
44.76305706000723 -36.8566931200199 19.9999999999722
43.0893760125082 -32.24960648002259 19.99999999997269
41.41569496500858 -27.64251984002365 19.99999999997288
39.7420139175083 -23.03543320002285 19.99999999997271
38.06833287000738 -18.42834656002031 19.99999999997223
36.39465182250594 -13.82125992001637 19.99999999997157
34.72097077500415 -9.214173280011417 19.99999999997095
33.04728972750213 -4.607086640005849 19.99999999997062
49.78410020250179 -50.67795304000493 23.99999999996393
48.11041915500348 -46.0708664000096 23.99999999996461
46.43673810750499 -41.46377976001375 23.99999999996576
44.76305706000619 -36.85669312001706 23.99999999996687
43.08937601250699 -32.24960648001925 23.99999999996766
41.41569496500729 -27.64251984002007 23.99999999996794
39.74201391750704 -23.0354332000194 23.99999999996768
38.06833287000629 -18.42834656001731 23.99999999996691
36.39465182250509 -13.82125992001402 23.99999999996579
34.72097077500356 -9.214173280009824 23.99999999996465
33.04728972750183 -4.607086640005051 23.99999999996395
49.78410020250158 -50.67795304000436 27.99999999995667
48.11041915500308 -46.07086640000848 27.99999999995801
46.43673810750439 -41.46377976001209 27.99999999996002
44.76305706000542 -36.85669312001492 27.99999999996181
43.08937601250609 -32.24960648001675 27.99999999996298
41.41569496500633 -27.64251984001743 27.9999999999634
39.74201391750611 -23.03543320001684 27.99999999996301
38.06833287000547 -18.42834656001506 27.99999999996184
36.39465182250444 -13.82125992001224 27.99999999996006
34.72097077500312 -9.214173280008607 27.99999999995806
33.04728972750161 -4.607086640004434 27.9999999999567
49.78410020250143 -50.67795304000396 31.99999999994799
48.11041915500278 -46.07086640000767 31.99999999995101
46.43673810750395 -41.46377976001088 31.99999999995446
44.76305706000485 -36.85669312001338 31.99999999995718
43.08937601250544 -32.24960648001498 31.99999999995886
41.41569496500566 -27.64251984001556 31.99999999995944
39.74201391750546 -23.03543320001504 31.99999999995888
38.06833287000489 -18.42834656001347 31.99999999995721
36.39465182250398 -13.82125992001096 31.9999999999545
34.7209707750028 -9.214173280007721 31.99999999995106
33.04728972750144 -4.607086640003983 31.99999999994803
49.78410020250134 -50.67795304000369 35.99999999993607
48.11041915500258 -46.07086640000712 35.99999999994374
46.43673810750366 -41.4637797600101 35.99999999994942
44.7630570600045 -36.85669312001239 35.99999999995327
43.08937601250503 -32.24960648001386 35.99999999995551
41.41569496500522 -27.64251984001437 35.99999999995626
39.74201391750504 -23.03543320001388 35.99999999995553
38.06833287000451 -18.42834656001243 35.99999999995331
36.39465182250368 -13.82125992001013 35.99999999994945
34.72097077500259 -9.214173280007142 35.99999999994378
33.04728972750134 -4.607086640003687 35.99999999993611
49.78410020250127 -50.67795304000354 39.99999999992533
48.11041915500248 -46.07086640000685 39.99999999993782
46.43673810750352 -41.4637797600097 39.99999999994561
44.76305706000431 -36.8566931200119 39.99999999995048
43.08937601250482 -32.24960648001329 39.9999999999532
41.415694965005 -27.64251984001378 39.99999999995408
39.74201391750483 -23.03543320001331 39.99999999995322
38.06833287000432 -18.42834656001192 39.99999999995052
36.39465182250352 -13.82125992000972 39.99999999994565
34.72097077500248 -9.214173280006854 39.99999999993787
33.04728972750128 -4.607086640003542 39.99999999992536
49.78410020250127 -50.67795304000354 43.99999999992104
48.11041915500248 -46.07086640000684 43.99999999993506
46.43673810750351 -41.46377976000967 43.99999999994377
44.76305706000431 -36.85669312001188 43.99999999994917
43.08937601250481 -32.24960648001328 43.99999999995215
41.41569496500499 -27.64251984001376 43.99999999995313
39.74201391750482 -23.03543320001329 43.99999999995218
38.06833287000432 -18.42834656001191 43.99999999994921
36.39465182250352 -13.8212599200097 43.99999999994382
34.72097077500248 -9.214173280006847 43.99999999993511
33.04728972750128 -4.607086640003536 43.99999999992106
49.78410020250132 -50.67795304000366 47.99999999992369
48.11041915500256 -46.07086640000707 47.99999999993587
46.43673810750364 -41.46377976001003 47.99999999994415
44.76305706000447 -36.85669312001234 47.99999999994949
43.08937601250501 -32.24960648001381 47.99999999995249
41.41569496500519 -27.64251984001432 47.99999999995346
39.74201391750502 -23.03543320001383 47.99999999995251
38.06833287000449 -18.42834656001239 47.99999999994953
36.39465182250366 -13.82125992001009 47.9999999999442
34.72097077500258 -9.214173280007119 47.99999999993592
33.04728972750133 -4.607086640003676 47.99999999992372
49.78410020250141 -50.67795304000391 51.99999999992941
48.11041915500275 -46.0708664000076 51.9999999999393
46.43673810750391 -41.4637797600108 51.99999999994654
44.76305706000482 -36.8566931200133 51.99999999995141
43.08937601250541 -32.24960648001492 51.99999999995422
41.41569496500561 -27.64251984001549 51.99999999995512
39.74201391750542 -23.03543320001497 51.99999999995423
38.06833287000486 -18.4283465600134 51.99999999995143
36.39465182250395 -13.8212599200109 51.99999999994657
34.72097077500278 -9.214173280007682 51.99999999993933
33.04728972750143 -4.607086640003964 51.99999999992945
49.78410020250156 -50.67795304000433 55.99999999993669
48.11041915500305 -46.07086640000842 55.9999999999445
46.43673810750435 -41.463779760012 55.99999999995053
44.76305706000537 -36.85669312001482 55.99999999995473
43.08937601250604 -32.24960648001665 55.9999999999572
41.41569496500628 -27.64251984001732 55.99999999995803
39.74201391750608 -23.03543320001675 55.99999999995723
38.06833287000543 -18.42834656001497 55.99999999995476
36.39465182250441 -13.82125992001216 55.99999999995057
34.7209707750031 -9.214173280008554 55.99999999994453
33.04728972750159 -4.60708664000441 55.99999999993673
49.78410020250177 -50.6779530400049 59.99999999994481
48.11041915500346 -46.07086640000954 59.99999999995089
46.43673810750495 -41.46377976001367 59.99999999995576
44.76305706000615 -36.85669312001695 59.99999999995924
43.08937601250694 -32.24960648001912 59.99999999996133
41.41569496500724 -27.64251984001995 59.99999999996203
39.74201391750699 -23.03543320001929 59.99999999996136
38.06833287000624 -18.42834656001721 59.99999999995927
36.39465182250505 -13.82125992001394 59.99999999995579
34.72097077500354 -9.214173280009767 59.99999999995092
33.04728972750182 -4.607086640005024 59.99999999994483
49.78410020250202 -50.6779530400056 63.99999999995345
48.11041915500397 -46.07086640001096 63.99999999995811
46.43673810750573 -41.46377976001581 63.99999999996194
44.76305706000717 -36.85669312001977 63.99999999996471
43.08937601250815 -32.24960648002246 63.99999999996642
41.41569496500853 -27.64251984002352 63.99999999996698
39.74201391750825 -23.03543320002272 63.99999999996644
38.06833287000733 -18.42834656002021 63.99999999996476
36.39465182250591 -13.82125992001628 63.99999999996197
34.72097077500412 -9.214173280011357 63.99999999995816
33.0472897275021 -4.60708664000582 63.99999999995347
49.78410020250234 -50.67795304000648 67.99999999996244
48.11041915500461 -46.07086640001273 67.99999999996591
46.43673810750672 -41.46377976001853 67.99999999996882
44.76305706000849 -36.85669312002339 67.99999999997094
43.08937601250975 -32.24960648002686 67.99999999997226
41.41569496501026 -27.64251984002827 67.99999999997269
39.7420139175099 -23.03543320002728 67.99999999997227
38.06833287000875 -18.42834656002411 67.99999999997097
36.39465182250699 -13.82125992001927 67.99999999996884
34.72097077500484 -9.214173280013339 67.99999999996594
33.04728972750246 -4.607086640006798 67.99999999996245
49.78410020250271 -50.67795304000747 71.99999999997166
48.11041915500537 -46.07086640001479 71.99999999997412
46.43673810750793 -41.46377976002184 71.99999999997621
44.76305706001015 -36.85669312002795 71.99999999997773
43.08937601251183 -32.24960648003258 71.9999999999787
41.41569496501257 -27.64251984003462 71.99999999997901
39.74201391751208 -23.03543320003327 71.9999999999787
38.06833287001056 -18.4283465600291 71.99999999997773
36.39465182250834 -13.82125992002298 71.9999999999762
34.7209707750057 -9.214173280015716 71.99999999997414
33.04728972750288 -4.607086640007937 71.99999999997166
49.7841002025031 -50.67795304000856 75.99999999998101
48.11041915500618 -46.07086640001705 75.99999999998259
46.43673810750933 -41.46377976002573 75.99999999998393
44.76305706001216 -36.85669312003349 75.99999999998492
43.08937601251451 -32.24960648003999 75.99999999998556
41.4156949650157 -27.64251984004322 75.99999999998577
39.74201391751492 -23.0354332000411 75.99999999998556
38.06833287001285 -18.42834656003539 75.99999999998494
36.39465182250996 -13.82125992002744 75.99999999998393
34.72097077500669 -9.214173280018434 75.99999999998261
33.04728972750333 -4.60708664000918 75.99999999998103
49.78410020250352 -50.6779530400097 79.99999999999051
48.11041915500696 -46.07086640001918 79.99999999999127
46.43673810751098 -41.46377976003023 79.99999999999193
44.76305706001448 -36.85669312003989 79.99999999999241
43.089376012518 -32.24960648004956 79.99999999999272
41.41569496502011 -27.64251984005537 79.99999999999284
39.74201391751863 -23.03543320005131 79.99999999999271
38.06833287001567 -18.42834656004315 79.99999999999241
36.39465182251183 -13.82125992003259 79.99999999999193
34.72097077500774 -9.214173280021315 79.99999999999127
33.04728972750376 -4.607086640010372 79.99999999999049
33.04728972749688 4.607086639991432 3.999999999994396
34.72097077499345 9.214173279982001 3.999999999994384
36.39465182248964 13.82125991997148 3.999999999994378
38.06833286998602 18.42834655996153 3.999999999994402
39.74201391748266 23.03543319995227 3.99999999999443
41.4156949649807 27.64251983994687 3.999999999994444
43.08937601248247 32.24960647995173 3.999999999994434
44.76305705998551 36.8566931199601 3.999999999994407
46.43673810748895 41.46377975996955 3.999999999994383
48.11041915499263 46.07086639997969 3.999999999994391
49.78410020249621 50.67795303998955 3.999999999994401
33.04728972749712 4.607086639992104 7.999999999989076
34.72097077499415 9.214173279983916 7.99999999998877
36.39465182249111 13.82125991997555 7.99999999998874
38.06833286998832 18.42834655996785 7.999999999988808
39.74201391748606 23.03543319996162 7.999999999988883
41.41569496498499 27.6425198399587 7.999999999988916
43.0893760124859 32.24960647996117 7.999999999988892
44.76305705998796 36.85669311996686 7.99999999998882
46.43673810749064 41.46377975997422 7.999999999988756
48.11041915499364 46.07086639998249 7.999999999988784
49.78410020249676 50.67795303999107 7.999999999989085
33.04728972749744 4.607086639992979 11.9999999999832
34.7209707749949 9.214173279985964 11.99999999998299
36.39465182249243 13.82125991997919 11.99999999998305
38.06833286999027 18.42834655997323 11.99999999998323
39.74201391748867 23.03543319996881 11.99999999998338
41.415694964988 27.64251983996696 11.99999999998345
43.08937601248854 32.24960647996846 11.99999999998339
44.76305705999003 36.85669311997255 11.99999999998324
46.43673810749213 41.46377975997831 11.99999999998307
48.11041915499459 46.07086639998509 11.99999999998301
49.78410020249724 50.67795303999239 11.99999999998321
33.04728972749776 4.607086639993862 15.99999999997701
34.72097077499559 9.214173279987877 15.99999999997702
36.39465182249357 13.82125991998231 15.99999999997731
38.06833286999186 18.42834655997761 15.99999999997767
39.74201391749067 23.03543319997432 15.99999999997796
41.4156949649902 27.64251983997303 15.99999999997808
43.08937601249059 32.24960647997408 15.99999999997798
44.7630570599917 36.85669311997715 15.9999999999777
46.43673810749338 41.46377975998175 15.99999999997734
48.11041915499541 46.07086639998734 15.99999999997706
49.78410020249765 50.67795303999352 15.99999999997702
33.04728972749805 4.607086639994661 19.9999999999706
34.7209707749962 9.214173279989534 19.99999999997091
36.39465182249451 13.82125991998489 19.99999999997153
38.06833286999313 18.4283465599811 19.9999999999722
39.7420139174922 23.03543319997853 19.99999999997269
41.41569496499185 27.64251983997756 19.99999999997287
43.08937601249215 32.24960647997837 19.9999999999727
44.76305705999303 36.8566931199808 19.99999999997223
46.43673810749439 41.46377975998455 19.99999999997157
48.11041915499609 46.07086639998921 19.99999999997095
49.784100202498 50.67795303999446 19.99999999997062
33.0472897274983 4.60708663999533 23.99999999996393
34.72097077499669 9.214173279990895 23.99999999996461
36.39465182249526 13.82125991998696 23.99999999996575
38.06833286999412 18.4283465599838 23.99999999996687
39.74201391749337 23.03543319998173 23.99999999996765
41.41569496499309 27.64251983998097 23.99999999996793
43.08937601249333 32.24960647998162 23.99999999996767
44.76305705999405 36.85669311998362 23.9999999999669
46.4367381074952 41.46377975998675 23.99999999996579
48.11041915499663 46.0708663999907 23.99999999996465
49.78410020249827 50.67795303999521 23.99999999996395
33.04728972749849 4.607086639995862 27.99999999995668
34.72097077499708 9.214173279991964 27.99999999995802
36.39465182249583 13.82125991998854 27.99999999996002
38.06833286999485 18.42834655998585 27.9999999999618
39.74201391749423 23.0354331999841 27.99999999996298
41.415694964994 27.64251983998347 27.99999999996339
43.08937601249421 32.24960647998405 27.999999999963
44.76305705999482 36.85669311998574 27.99999999996184
46.4367381074958 41.46377975998842 27.99999999996006
48.11041915499705 46.07086639999184 27.99999999995806
49.78410020249848 50.67795303999578 27.9999999999567
33.04728972749864 4.607086639996254 31.999999999948
34.72097077499736 9.214173279992744 31.99999999995101
36.39465182249625 13.82125991998969 31.99999999995446
38.06833286999539 18.4283465599873 31.99999999995717
39.74201391749483 23.03543319998578 31.99999999995885
41.41569496499464 27.64251983998524 31.99999999995943
43.08937601249482 32.24960647998575 31.99999999995888
44.76305705999538 36.85669311998725 31.99999999995721
46.43673810749623 41.46377975998961 31.9999999999545
48.11041915499735 46.07086639999268 31.99999999995106
49.78410020249863 50.6779530399962 31.99999999994802
33.04728972749873 4.607086639996514 35.99999999993608
34.72097077499755 9.214173279993256 35.99999999994375
36.39465182249652 13.82125991999044 35.99999999994942
38.06833286999573 18.42834655998825 35.99999999995327
39.74201391749523 23.03543319998685 35.99999999995551
41.41569496499505 27.64251983998637 35.99999999995624
43.08937601249522 32.24960647998684 35.99999999995553
44.76305705999572 36.85669311998822 35.99999999995331
46.43673810749652 41.46377975999039 35.99999999994946
48.11041915499754 46.07086639999322 35.9999999999438
49.78410020249873 50.6779530399965 35.99999999993612
33.04728972749877 4.607086639996646 39.99999999992534
34.72097077499763 9.214173279993515 39.99999999993783
36.39465182249665 13.82125991999081 39.99999999994561
38.06833286999589 18.42834655998872 39.99999999995048
39.74201391749541 23.03543319998739 39.9999999999532
41.41569496499525 27.64251983998694 39.99999999995408
43.08937601249541 32.24960647998738 39.99999999995322
44.76305705999589 36.8566931199887 39.99999999995052
46.43673810749664 41.46377975999078 39.99999999994565
48.11041915499764 46.07086639999349 39.99999999993787
49.78410020249878 50.67795303999664 39.99999999992537
33.04728972749877 4.607086639996651 43.99999999992104
34.72097077499763 9.214173279993524 43.99999999993506
36.39465182249666 13.82125991999083 43.99999999994377
38.0683328699959 18.42834655998874 43.99999999994917
39.74201391749542 23.03543319998741 43.99999999995215
41.41569496499525 27.64251983998695 43.99999999995311
43.08937601249541 32.2496064799874 43.99999999995217
44.76305705999589 36.85669311998871 43.9999999999492
46.43673810749666 41.4637797599908 43.99999999994381
48.11041915499764 46.0708663999935 43.99999999993511
49.78410020249877 50.67795303999662 43.99999999992107
33.04728972749873 4.60708663999653 47.9999999999237
34.72097077499755 9.214173279993283 47.99999999993587
36.39465182249653 13.82125991999047 47.99999999994415
38.06833286999574 18.4283465599883 47.99999999994949
39.74201391749524 23.0354331999869 47.99999999995248
41.41569496499506 27.64251983998643 47.99999999995346
43.08937601249523 32.24960647998689 47.9999999999525
44.76305705999573 36.85669311998826 47.99999999994953
46.43673810749652 41.46377975999044 47.9999999999442
48.11041915499754 46.07086639999324 47.99999999993592
49.78410020249873 50.6779530399965 47.99999999992372
33.04728972749864 4.607086639996279 51.99999999992943
34.72097077499737 9.214173279992785 51.99999999993929
36.39465182249626 13.82125991998975 51.99999999994652
38.0683328699954 18.42834655998738 51.99999999995139
39.74201391749485 23.03543319998586 51.9999999999542
41.41569496499466 27.64251983998532 51.99999999995511
43.08937601249485 32.24960647998582 51.99999999995422
44.76305705999539 36.85669311998732 51.99999999995145
46.43673810749625 41.46377975998968 51.9999999999466
48.11041915499735 46.07086639999272 51.99999999993934
49.78410020249864 50.67795303999624 51.99999999992945
33.04728972749849 4.607086639995892 55.9999999999367
34.72097077499709 9.21417327999202 55.99999999994449
36.39465182249585 13.82125991998862 55.99999999995051
38.06833286999488 18.42834655998594 55.99999999995472
39.74201391749425 23.0354331999842 55.9999999999572
41.41569496499402 27.64251983998358 55.99999999995801
43.08937601249423 32.24960647998414 55.99999999995723
44.76305705999485 36.85669311998583 55.99999999995479
46.43673810749582 41.46377975998849 55.9999999999506
48.11041915499705 46.0708663999919 55.99999999994454
49.78410020249849 50.67795303999582 55.99999999993672
33.0472897274983 4.607086639995365 59.99999999994481
34.72097077499671 9.214173279990963 59.9999999999509
36.39465182249528 13.82125991998705 59.99999999995575
38.06833286999414 18.42834655998391 59.99999999995924
39.7420139174934 23.03543319998185 59.99999999996132
41.41569496499312 27.64251983998109 59.99999999996203
43.08937601249337 32.24960647998174 59.99999999996135
44.76305705999409 36.85669311998373 59.99999999995929
46.43673810749522 41.46377975998683 59.99999999995581
48.11041915499664 46.07086639999077 59.99999999995094
49.78410020249827 50.67795303999525 59.99999999994485
33.04728972749806 4.607086639994698 63.99999999995345
34.72097077499621 9.214173279989602 63.9999999999581
36.39465182249454 13.82125991998499 63.99999999996191
38.06833286999316 18.42834655998121 63.9999999999647
39.74201391749224 23.03543319997865 63.99999999996638
41.41569496499189 27.64251983997769 63.99999999996698
43.08937601249218 32.2496064799785 63.99999999996642
44.76305705999307 36.85669311998092 63.99999999996474
46.43673810749441 41.46377975998463 63.99999999996196
48.1104191549961 46.07086639998927 63.99999999995814
49.784100202498 50.67795303999449 63.99999999995349
33.04728972749777 4.607086639993901 67.99999999996244
34.72097077499561 9.214173279987945 67.99999999996591
36.3946518224936 13.8212599199824 67.99999999996879
38.0683328699919 18.42834655997773 67.99999999997092
39.7420139174907 23.03543319997444 67.99999999997225
41.41569496499024 27.64251983997315 67.99999999997269
43.08937601249063 32.2496064799742 67.99999999997229
44.76305705999174 36.85669311997728 67.99999999997097
46.4367381074934 41.46377975998184 67.99999999996884
48.11041915499542 46.0708663999874 67.99999999996594
49.78410020249766 50.67795303999355 67.99999999996245
33.04728972749745 4.607086639993013 71.99999999997166
34.72097077499491 9.214173279986024 71.99999999997412
36.39465182249246 13.82125991997927 71.9999999999762
38.0683328699903 18.42834655997333 71.99999999997773
39.7420139174887 23.03543319996892 71.9999999999787
41.41569496498803 27.64251983996708 71.99999999997901
43.08937601248858 32.24960647996858 71.99999999997871
44.76305705999006 36.85669311997265 71.99999999997776
46.43673810749215 41.46377975997839 71.99999999997623
48.1104191549946 46.07086639998514 71.99999999997415
49.78410020249725 50.67795303999242 71.99999999997166
33.04728972749713 4.60708663999213 75.99999999998103
34.72097077499416 9.214173279983967 75.99999999998261
36.39465182249113 13.82125991997562 75.99999999998394
38.06833286998835 18.42834655996794 75.99999999998494
39.74201391748608 23.03543319996172 75.99999999998558
41.41569496498502 27.64251983995879 75.99999999998579
43.08937601248592 32.24960647996125 75.99999999998556
44.76305705998799 36.85669311996695 75.99999999998495
46.43673810749066 41.46377975997429 75.99999999998394
48.11041915499366 46.07086639998253 75.99999999998262
49.78410020249677 50.6779530399911 75.99999999998103
33.04728972749688 4.607086639991448 79.99999999999048
34.72097077499346 9.214173279982033 79.99999999999127
36.39465182248964 13.82125991997152 79.99999999999193
38.06833286998603 18.42834655996158 79.9999999999924
39.74201391748267 23.03543319995232 79.9999999999927
41.41569496498072 27.64251983994693 79.99999999999282
43.08937601248248 32.24960647995178 79.99999999999271
44.76305705998551 36.85669311996013 79.9999999999924
46.43673810748896 41.4637797599696 79.99999999999191
48.11041915499263 46.07086639997971 79.99999999999126
49.78410020249621 50.67795303998956 79.99999999999048
47.16963281250742 54.40777408750151 116
42.8814843750166 53.53050849500339 116
38.59333593752799 52.65324290250572 116
34.30518750003736 51.77597731000764 116
30.01703906254744 50.8987117175097 116
25.72889062505367 50.02144612501097 116
21.44074218754947 49.14418053251012 116
17.15259375004052 48.26691494000829 116
12.86444531252955 47.38964934750605 116
8.576296875018738 46.51238375500384 116
4.288148437509067 45.63511816250186 116
47.16963281250744 54.4077740875015 112
42.8814843750166 53.53050849500337 112
38.593335937528 52.6532429025057 112
34.30518750003736 51.77597731000763 112
30.01703906254744 50.89871171750969 112
25.72889062505367 50.02144612501096 112
21.44074218754947 49.14418053251011 112
17.15259375004052 48.26691494000828 112
12.86444531252956 47.38964934750604 112
8.576296875018738 46.51238375500382 112
4.288148437509069 45.63511816250185 112
-4.288148437491277 45.63511816249822 116
-8.576296874981542 46.51238375499624 116
-12.86444531247034 47.38964934749394 116
-17.15259374995878 48.26691493999157 116
-21.44074218744764 49.14418053248929 116
-25.72889062494159 50.02144612498805 116
-30.01703906244641 50.89871171748904 116
-34.30518749995612 51.77597730999102 116
-38.59333593746789 52.65324290249343 116
-42.88148437497955 53.53050849499581 116
-47.16963281249008 54.40777408749797 116
-4.288148437491276 45.63511816249823 112
-8.576296874981542 46.51238375499624 112
-12.86444531247034 47.38964934749395 112
-17.15259374995877 48.26691493999158 112
-21.44074218744764 49.1441805324893 112
-25.72889062494158 50.02144612498806 112
-30.01703906244641 50.89871171748904 112
-34.30518749995612 51.77597730999103 112
-38.59333593746789 52.65324290249344 112
-42.88148437497955 53.53050849499582 112
-47.16963281249008 54.40777408749798 112
-49.78410020250394 50.67795304001089 116
-48.11041915500787 46.07086640002171 116
-46.43673810751262 41.46377976003478 116
-44.76305706001687 36.85669312004647 116
-43.08937601252125 32.24960648005853 116
-41.41569496502391 27.64251984006586 116
-39.74201391752209 23.03543320006084 116
-38.06833287001841 18.4283465600507 116
-36.39465182251374 13.82125992003785 116
-34.72097077500887 9.214173280024447 116
-33.04728972750427 4.607086640011779 116
-49.78410020250394 50.6779530400109 112
-48.11041915500788 46.07086640002172 112
-46.43673810751262 41.46377976003478 112
-44.76305706001687 36.85669312004647 112
-43.08937601252125 32.24960648005854 112
-41.41569496502391 27.64251984006586 112
-39.74201391752209 23.03543320006084 112
-38.06833287001841 18.4283465600507 112
-36.39465182251374 13.82125992003785 112
-34.72097077500887 9.214173280024447 112
-33.04728972750427 4.60708664001178 112
-33.04728972749653 -4.607086639990496 116
-34.72097077499262 -9.214173279979715 116
-36.39465182248809 -13.82125991996726 116
-38.06833286998369 -18.42834655995513 116
-39.74201391747949 -23.03543319994357 116
-41.41569496497703 -27.6425198399368 116
-43.08937601247924 -32.24960647994288 116
-44.76305705998303 -36.85669311995331 116
-46.4367381074872 -41.46377975996479 116
-48.11041915499154 -46.07086639997672 116
-49.78410020249566 -50.67795303998805 115.9999999999999
-33.04728972749653 -4.607086639990496 112
-34.72097077499262 -9.214173279979713 112
-36.39465182248809 -13.82125991996726 112
-38.06833286998369 -18.42834655995513 112
-39.74201391747949 -23.03543319994357 112
-41.41569496497704 -27.6425198399368 112
-43.08937601247924 -32.24960647994288 112
-44.76305705998303 -36.85669311995331 112
-46.4367381074872 -41.46377975996479 112
-48.11041915499154 -46.07086639997672 112
-49.78410020249566 -50.67795303998805 112
-47.16963281250742 -54.40777408750151 116
-42.8814843750166 -53.53050849500339 116
-38.59333593752799 -52.65324290250572 116
-34.30518750003736 -51.77597731000764 116
-30.01703906254744 -50.8987117175097 116
-25.72889062505367 -50.02144612501097 116
-21.44074218754947 -49.14418053251012 116
-17.15259375004052 -48.26691494000829 116
-12.86444531252955 -47.38964934750605 116
-8.576296875018738 -46.51238375500384 116
-4.288148437509067 -45.63511816250186 116
-47.16963281250744 -54.4077740875015 112
-42.8814843750166 -53.53050849500337 112
-38.593335937528 -52.6532429025057 112
-34.30518750003736 -51.77597731000763 112
-30.01703906254744 -50.89871171750969 112
-25.72889062505367 -50.02144612501096 112
-21.44074218754947 -49.14418053251011 112
-17.15259375004052 -48.26691494000828 112
-12.86444531252956 -47.38964934750604 112
-8.576296875018738 -46.51238375500382 112
-4.288148437509069 -45.63511816250185 112
4.288148437491277 -45.63511816249822 116
8.576296874981542 -46.51238375499624 116
12.86444531247034 -47.38964934749394 116
17.15259374995878 -48.26691493999157 116
21.44074218744764 -49.14418053248929 116
25.72889062494159 -50.02144612498805 116
30.01703906244641 -50.89871171748904 116
34.30518749995612 -51.77597730999102 116
38.59333593746789 -52.65324290249343 116
42.88148437497955 -53.53050849499581 116
47.16963281249008 -54.40777408749797 116
4.288148437491276 -45.63511816249823 112
8.576296874981542 -46.51238375499624 112
12.86444531247034 -47.38964934749395 112
17.15259374995877 -48.26691493999158 112
21.44074218744764 -49.1441805324893 112
25.72889062494158 -50.02144612498806 112
30.01703906244641 -50.89871171748904 112
34.30518749995612 -51.77597730999103 112
38.59333593746789 -52.65324290249344 112
42.88148437497955 -53.53050849499582 112
47.16963281249008 -54.40777408749798 112
49.78410020250394 -50.67795304001089 116
48.11041915500787 -46.07086640002171 116
46.43673810751262 -41.46377976003478 116
44.76305706001687 -36.85669312004647 116
43.08937601252125 -32.24960648005853 116
41.41569496502391 -27.64251984006586 116
39.74201391752209 -23.03543320006084 116
38.06833287001841 -18.4283465600507 116
36.39465182251374 -13.82125992003785 116
34.72097077500887 -9.214173280024447 116
33.04728972750427 -4.607086640011779 116
49.78410020250394 -50.6779530400109 112
48.11041915500788 -46.07086640002172 112
46.43673810751262 -41.46377976003478 112
44.76305706001687 -36.85669312004647 112
43.08937601252125 -32.24960648005854 112
41.41569496502391 -27.64251984006586 112
39.74201391752209 -23.03543320006084 112
38.06833287001841 -18.4283465600507 112
36.39465182251374 -13.82125992003785 112
34.72097077500887 -9.214173280024447 112
33.04728972750427 -4.60708664001178 112
33.04728972749653 4.607086639990496 116
34.72097077499262 9.214173279979715 116
36.39465182248809 13.82125991996726 116
38.06833286998369 18.42834655995513 116
39.74201391747949 23.03543319994357 116
41.41569496497703 27.6425198399368 116
43.08937601247924 32.24960647994288 116
44.76305705998303 36.85669311995331 116
46.4367381074872 41.46377975996479 116
48.11041915499154 46.07086639997672 116
49.78410020249566 50.67795303998805 115.9999999999999
33.04728972749653 4.607086639990496 112
34.72097077499262 9.214173279979713 112
36.39465182248809 13.82125991996726 112
38.06833286998369 18.42834655995513 112
39.74201391747949 23.03543319994357 112
41.41569496497704 27.6425198399368 112
43.08937601247924 32.24960647994288 112
44.76305705998303 36.85669311995331 112
46.4367381074872 41.46377975996479 112
48.11041915499154 46.07086639997672 112
49.78410020249566 50.67795303998805 112
42.32357476004378 56.25761789507443 95.99999999999999
38.03542632255458 55.38035230257664 95.99999999999999
33.74727788506502 54.50308671007878 96
29.4591294475754 53.6258211175809 96.00000000000001
25.17098101008297 52.74855552508244 96
20.88283257257707 51.87128993258123 96.00000000000001
16.59468413506837 50.99402434007946 96
12.30653569755765 50.11675874757726 96
8.018387260047135 49.23949315507511 95.99999999999999
-9.134206489953575 43.78527435492504 96.00000000000001
-13.42235492744204 44.66253994742267 96
-17.71050336493125 45.53980553992047 96
-21.99865180242228 46.41707113241863 96.00000000000001
-26.28680023991567 47.29433672491729 96
-30.5749486774217 48.17160231741852 96
-34.86309711493055 49.04886790992033 96
-39.15124555244063 49.92613350242239 96
-43.43939398995186 50.80339909492469 96.00000000000001
-50.72671727293316 45.12040704972023 96
-49.0530362254379 40.51332040973328 95.99999999999999
-47.37935517794333 35.90623376974824 96
-45.70567413044758 31.29914712975993 96
-44.03199308295084 26.69206048976892 96
-42.35831203544817 22.08497384976155 95.99999999999999
-40.68463098794393 17.4778872097499 95.99999999999999
-39.01094994043883 12.87080056973585 96
-37.33726889293408 8.263713929722778 96
-32.1046726570669 -10.16463263027997 95.99999999999999
-33.77835370456195 -14.77171927026635 96
-35.45203475205713 -19.37880591025309 96
-37.12571579955247 -23.98589255024024 96
-38.79939684704892 -28.59297919023049 96
-40.47307789455191 -33.2000658302387 96.00000000000001
-42.14675894205592 -37.80715247024973 96.00000000000001
-43.82043998956085 -42.41423911026327 95.99999999999999
-45.49412103706569 -47.02132575027662 95.99999999999999
-42.32357476004378 -56.25761789507443 95.99999999999999
-38.03542632255458 -55.38035230257664 95.99999999999999
-33.74727788506502 -54.50308671007878 96
-29.4591294475754 -53.6258211175809 96.00000000000001
-25.17098101008297 -52.74855552508244 96
-20.88283257257707 -51.87128993258123 96.00000000000001
-16.59468413506837 -50.99402434007946 96
-12.30653569755765 -50.11675874757726 96
-8.018387260047135 -49.23949315507511 95.99999999999999
9.134206489953575 -43.78527435492504 96.00000000000001
13.42235492744204 -44.66253994742267 96
17.71050336493125 -45.53980553992047 96
21.99865180242228 -46.41707113241863 96.00000000000001
26.28680023991567 -47.29433672491729 96
30.5749486774217 -48.17160231741852 96
34.86309711493055 -49.04886790992033 96
39.15124555244063 -49.92613350242239 96
43.43939398995186 -50.80339909492469 96.00000000000001
50.72671727293316 -45.12040704972023 96
49.0530362254379 -40.51332040973328 95.99999999999999
47.37935517794333 -35.90623376974824 96
45.70567413044758 -31.29914712975993 96
44.03199308295084 -26.69206048976892 96
42.35831203544817 -22.08497384976155 95.99999999999999
40.68463098794393 -17.4778872097499 95.99999999999999
39.01094994043883 -12.87080056973585 96
37.33726889293408 -8.263713929722778 96
32.1046726570669 10.16463263027997 95.99999999999999
33.77835370456195 14.77171927026635 96
35.45203475205713 19.37880591025309 96
37.12571579955247 23.98589255024024 96
38.79939684704892 28.59297919023049 96
40.47307789455191 33.2000658302387 96.00000000000001
42.14675894205592 37.80715247024973 96.00000000000001
43.82043998956085 42.41423911026327 95.99999999999999
45.49412103706569 47.02132575027662 95.99999999999999

CELLS 4079 17870
1 0
1 1
1 2
1 3
1 4
1 5
1 6
1 7
1 8
1 9
1 10
1 11
1 12
1 13
1 14
1 15
1 17
1 18
1 19
1 20
1 21
1 22
1 23
1 24
1 25
1 26
1 27
1 28
1 29
1 30
1 31
1 32
1 33
1 34
1 35
1 36
1 37
1 38
1 39
1 40
1 41
1 42
1 43
1 44
1 45
1 46
1 47
1 48
1 49
1 50
1 51
1 52
1 53
1 54
1 55
1 56
1 57
1 58
1 59
1 60
1 61
1 62
1 63
1 64
1 65
1 66
1 67
1 68
1 69
1 70
1 71
1 72
1 73
1 74
1 75
1 76
1 77
1 78
1 79
1 80
1 81
1 82
1 83
1 84
1 85
1 86
1 87
1 88
1 89
1 90
1 91
1 92
1 93
1 94
1 95
1 96
1 97
1 98
1 99
1 100
1 101
1 102
1 103
1 104
1 105
1 106
1 107
1 108
1 109
1 110
1 111
1 112
1 113
1 114
1 115
1 116
1 117
1 118
1 119
1 120
1 121
1 122
1 123
1 124
1 125
1 126
1 127
2 0 128
2 128 129
2 129 130
2 130 131
2 131 132
2 132 133
2 133 134
2 134 135
2 135 136
2 136 137
2 137 138
2 138 1
2 1 139
2 139 140
2 140 141
2 141 142
2 142 143
2 143 144
2 144 145
2 145 146
2 146 147
2 147 148
2 148 149
2 149 2
2 2 150
2 150 151
2 151 152
2 152 153
2 153 154
2 154 155
2 155 156
2 156 157
2 157 158
2 158 159
2 159 160
2 160 3
2 3 161
2 161 162
2 162 163
2 163 164
2 164 165
2 165 166
2 166 167
2 167 168
2 168 169
2 169 170
2 170 171
2 171 4
2 4 172
2 172 173
2 173 174
2 174 175
2 175 176
2 176 177
2 177 178
2 178 179
2 179 180
2 180 181
2 181 182
2 182 5
2 5 183
2 183 184
2 184 185
2 185 186
2 186 187
2 187 188
2 188 189
2 189 190
2 190 191
2 191 192
2 192 193
2 193 6
2 6 194
2 194 195
2 195 196
2 196 197
2 197 198
2 198 199
2 199 200
2 200 201
2 201 202
2 202 203
2 203 204
2 204 7
2 7 205
2 205 206
2 206 207
2 207 208
2 208 209
2 209 210
2 210 211
2 211 212
2 212 213
2 213 214
2 214 215
2 215 0
2 8 216
2 216 217
2 217 218
2 218 219
2 219 220
2 220 221
2 221 222
2 222 223
2 223 224
2 224 225
2 225 226
2 226 9
2 9 227
2 227 228
2 228 229
2 229 230
2 230 231
2 231 232
2 232 233
2 233 234
2 234 235
2 235 236
2 236 237
2 237 10
2 10 238
2 238 239
2 239 240
2 240 241
2 241 242
2 242 243
2 243 244
2 244 245
2 245 246
2 246 247
2 247 248
2 248 11
2 11 249
2 249 250
2 250 251
2 251 252
2 252 253
2 253 254
2 254 255
2 255 256
2 256 257
2 257 258
2 258 259
2 259 12
2 12 260
2 260 261
2 261 262
2 262 263
2 263 264
2 264 265
2 265 266
2 266 267
2 267 268
2 268 269
2 269 270
2 270 13
2 13 271
2 271 272
2 272 273
2 273 274
2 274 275
2 275 276
2 276 277
2 277 278
2 278 279
2 279 280
2 280 281
2 281 14
2 14 282
2 282 283
2 283 284
2 284 285
2 285 286
2 286 287
2 287 288
2 288 289
2 289 290
2 290 291
2 291 292
2 292 15
2 15 293
2 293 294
2 294 295
2 295 296
2 296 297
2 297 298
2 298 299
2 299 300
2 300 301
2 301 302
2 302 303
2 303 8
2 16 304
2 304 305
2 305 306
2 306 307
2 307 308
2 308 309
2 309 310
2 310 311
2 311 312
2 312 313
2 313 314
2 314 17
2 17 315
2 315 316
2 316 317
2 317 318
2 318 319
2 319 320
2 320 321
2 321 322
2 322 323
2 323 324
2 324 325
2 325 18
2 18 326
2 326 327
2 327 328
2 328 329
2 329 330
2 330 331
2 331 332
2 332 333
2 333 334
2 334 335
2 335 336
2 336 19
2 19 337
2 337 338
2 338 339
2 339 340
2 340 341
2 341 342
2 342 343
2 343 344
2 344 345
2 345 346
2 346 347
2 347 20
2 20 348
2 348 349
2 349 350
2 350 351
2 351 352
2 352 353
2 353 354
2 354 355
2 355 356
2 356 357
2 357 358
2 358 21
2 21 359
2 359 360
2 360 361
2 361 362
2 362 363
2 363 364
2 364 365
2 365 366
2 366 367
2 367 368
2 368 369
2 369 22
2 22 370
2 370 371
2 371 372
2 372 373
2 373 374
2 374 375
2 375 376
2 376 377
2 377 378
2 378 379
2 379 380
2 380 23
2 23 381
2 381 382
2 382 383
2 383 384
2 384 385
2 385 386
2 386 387
2 387 388
2 388 389
2 389 390
2 390 391
2 391 16
2 24 392
2 392 393
2 393 394
2 394 395
2 395 396
2 396 397
2 397 398
2 398 399
2 399 400
2 400 401
2 401 402
2 402 25
2 25 403
2 403 404
2 404 405
2 405 406
2 406 407
2 407 408
2 408 409
2 409 410
2 410 411
2 411 412
2 412 413
2 413 26
2 26 414
2 414 415
2 415 416
2 416 417
2 417 418
2 418 419
2 419 420
2 420 421
2 421 422
2 422 423
2 423 424
2 424 27
2 27 425
2 425 426
2 426 427
2 427 428
2 428 429
2 429 430
2 430 431
2 431 432
2 432 433
2 433 434
2 434 435
2 435 28
2 28 436
2 436 437
2 437 438
2 438 439
2 439 440
2 440 441
2 441 442
2 442 443
2 443 444
2 444 445
2 445 446
2 446 29
2 29 447
2 447 448
2 448 449
2 449 450
2 450 451
2 451 452
2 452 453
2 453 454
2 454 455
2 455 456
2 456 457
2 457 30
2 30 458
2 458 459
2 459 460
2 460 461
2 461 462
2 462 463
2 463 464
2 464 465
2 465 466
2 466 467
2 467 468
2 468 31
2 31 469
2 469 470
2 470 471
2 471 472
2 472 473
2 473 474
2 474 475
2 475 476
2 476 477
2 477 478
2 478 479
2 479 24
2 8 480
2 480 481
2 481 482
2 482 483
2 483 484
2 484 485
2 485 486
2 486 487
2 487 488
2 488 489
2 489 490
2 490 491
2 491 492
2 492 493
2 493 494
2 494 495
2 495 496
2 496 497
2 497 498
2 498 499
2 499 16
2 9 500
2 500 501
2 501 502
2 502 503
2 503 504
2 504 505
2 505 506
2 506 507
2 507 508
2 508 509
2 509 510
2 510 511
2 511 512
2 512 513
2 513 514
2 514 515
2 515 516
2 516 517
2 517 518
2 518 519
2 519 17
2 10 520
2 520 521
2 521 522
2 522 523
2 523 524
2 524 525
2 525 526
2 526 527
2 527 528
2 528 529
2 529 530
2 530 531
2 531 532
2 532 533
2 533 534
2 534 535
2 535 536
2 536 537
2 537 538
2 538 539
2 539 18
2 11 540
2 540 541
2 541 542
2 542 543
2 543 544
2 544 545
2 545 546
2 546 547
2 547 548
2 548 549
2 549 550
2 550 551
2 551 552
2 552 553
2 553 554
2 554 555
2 555 556
2 556 557
2 557 558
2 558 559
2 559 19
2 12 560
2 560 561
2 561 562
2 562 563
2 563 564
2 564 565
2 565 566
2 566 567
2 567 568
2 568 569
2 569 570
2 570 571
2 571 572
2 572 573
2 573 574
2 574 575
2 575 576
2 576 577
2 577 578
2 578 579
2 579 20
2 13 580
2 580 581
2 581 582
2 582 583
2 583 584
2 584 585
2 585 586
2 586 587
2 587 588
2 588 589
2 589 590
2 590 591
2 591 592
2 592 593
2 593 594
2 594 595
2 595 596
2 596 597
2 597 598
2 598 599
2 599 21
2 14 600
2 600 601
2 601 602
2 602 603
2 603 604
2 604 605
2 605 606
2 606 607
2 607 608
2 608 609
2 609 610
2 610 611
2 611 612
2 612 613
2 613 614
2 614 615
2 615 616
2 616 617
2 617 618
2 618 619
2 619 22
2 15 620
2 620 621
2 621 622
2 622 623
2 623 624
2 624 625
2 625 626
2 626 627
2 627 628
2 628 629
2 629 630
2 630 631
2 631 632
2 632 633
2 633 634
2 634 635
2 635 636
2 636 637
2 637 638
2 638 639
2 639 23
2 0 640
2 640 641
2 641 24
2 1 642
2 642 643
2 643 25
2 2 644
2 644 645
2 645 26
2 3 646
2 646 647
2 647 27
2 4 648
2 648 649
2 649 28
2 5 650
2 650 651
2 651 29
2 6 652
2 652 653
2 653 30
2 7 654
2 654 655
2 655 31
2 16 32
2 17 33
2 18 34
2 19 35
2 20 36
2 21 37
2 22 38
2 23 39
2 24 40
2 25 41
2 26 42
2 27 43
2 28 44
2 29 45
2 30 46
2 31 47
2 32 48
2 33 49
2 34 50
2 35 51
2 36 52
2 37 53
2 38 54
2 39 55
2 40 56
2 41 57
2 42 58
2 43 59
2 44 60
2 45 61
2 46 62
2 47 63
2 48 656
2 656 56
2 49 657
2 657 57
2 50 658
2 658 58
2 51 659
2 659 59
2 52 660
2 660 60
2 53 661
2 661 61
2 54 662
2 662 62
2 55 663
2 663 63
2 32 64
2 64 664
2 664 665
2 665 666
2 666 667
2 667 668
2 668 669
2 669 670
2 670 671
2 671 672
2 672 65
2 65 33
2 33 66
2 66 673
2 673 674
2 674 675
2 675 676
2 676 677
2 677 678
2 678 679
2 679 680
2 680 681
2 681 67
2 67 34
2 34 68
2 68 682
2 682 683
2 683 684
2 684 685
2 685 686
2 686 687
2 687 688
2 688 689
2 689 690
2 690 69
2 69 35
2 35 70
2 70 691
2 691 692
2 692 693
2 693 694
2 694 695
2 695 696
2 696 697
2 697 698
2 698 699
2 699 71
2 71 36
2 36 72
2 72 700
2 700 701
2 701 702
2 702 703
2 703 704
2 704 705
2 705 706
2 706 707
2 707 708
2 708 73
2 73 37
2 37 74
2 74 709
2 709 710
2 710 711
2 711 712
2 712 713
2 713 714
2 714 715
2 715 716
2 716 717
2 717 75
2 75 38
2 38 76
2 76 718
2 718 719
2 719 720
2 720 721
2 721 722
2 722 723
2 723 724
2 724 725
2 725 726
2 726 77
2 77 39
2 39 78
2 78 727
2 727 728
2 728 729
2 729 730
2 730 731
2 731 732
2 732 733
2 733 734
2 734 735
2 735 79
2 79 32
2 40 80
2 80 736
2 736 737
2 737 738
2 738 739
2 739 740
2 740 741
2 741 742
2 742 743
2 743 744
2 744 81
2 81 41
2 41 82
2 82 745
2 745 746
2 746 747
2 747 748
2 748 749
2 749 750
2 750 751
2 751 752
2 752 753
2 753 83
2 83 42
2 42 84
2 84 754
2 754 755
2 755 756
2 756 757
2 757 758
2 758 759
2 759 760
2 760 761
2 761 762
2 762 85
2 85 43
2 43 86
2 86 763
2 763 764
2 764 765
2 765 766
2 766 767
2 767 768
2 768 769
2 769 770
2 770 771
2 771 87
2 87 44
2 44 88
2 88 772
2 772 773
2 773 774
2 774 775
2 775 776
2 776 777
2 777 778
2 778 779
2 779 780
2 780 89
2 89 45
2 45 90
2 90 781
2 781 782
2 782 783
2 783 784
2 784 785
2 785 786
2 786 787
2 787 788
2 788 789
2 789 91
2 91 46
2 46 92
2 92 790
2 790 791
2 791 792
2 792 793
2 793 794
2 794 795
2 795 796
2 796 797
2 797 798
2 798 93
2 93 47
2 47 94
2 94 799
2 799 800
2 800 801
2 801 802
2 802 803
2 803 804
2 804 805
2 805 806
2 806 807
2 807 95
2 95 40
2 48 96
2 96 808
2 808 809
2 809 810
2 810 811
2 811 812
2 812 813
2 813 814
2 814 815
2 815 816
2 816 97
2 97 49
2 49 98
2 98 817
2 817 818
2 818 819
2 819 820
2 820 821
2 821 822
2 822 823
2 823 824
2 824 825
2 825 99
2 99 50
2 50 100
2 100 826
2 826 827
2 827 828
2 828 829
2 829 830
2 830 831
2 831 832
2 832 833
2 833 834
2 834 101
2 101 51
2 51 102
2 102 835
2 835 836
2 836 837
2 837 838
2 838 839
2 839 840
2 840 841
2 841 842
2 842 843
2 843 103
2 103 52
2 52 104
2 104 844
2 844 845
2 845 846
2 846 847
2 847 848
2 848 849
2 849 850
2 850 851
2 851 852
2 852 105
2 105 53
2 53 106
2 106 853
2 853 854
2 854 855
2 855 856
2 856 857
2 857 858
2 858 859
2 859 860
2 860 861
2 861 107
2 107 54
2 54 108
2 108 862
2 862 863
2 863 864
2 864 865
2 865 866
2 866 867
2 867 868
2 868 869
2 869 870
2 870 109
2 109 55
2 55 110
2 110 871
2 871 872
2 872 873
2 873 874
2 874 875
2 875 876
2 876 877
2 877 878
2 878 879
2 879 111
2 111 48
2 56 112
2 112 880
2 880 881
2 881 882
2 882 883
2 883 884
2 884 885
2 885 886
2 886 887
2 887 888
2 888 113
2 113 57
2 57 114
2 114 889
2 889 890
2 890 891
2 891 892
2 892 893
2 893 894
2 894 895
2 895 896
2 896 897
2 897 115
2 115 58
2 58 116
2 116 898
2 898 899
2 899 900
2 900 901
2 901 902
2 902 903
2 903 904
2 904 905
2 905 906
2 906 117
2 117 59
2 59 118
2 118 907
2 907 908
2 908 909
2 909 910
2 910 911
2 911 912
2 912 913
2 913 914
2 914 915
2 915 119
2 119 60
2 60 120
2 120 916
2 916 917
2 917 918
2 918 919
2 919 920
2 920 921
2 921 922
2 922 923
2 923 924
2 924 121
2 121 61
2 61 122
2 122 925
2 925 926
2 926 927
2 927 928
2 928 929
2 929 930
2 930 931
2 931 932
2 932 933
2 933 123
2 123 62
2 62 124
2 124 934
2 934 935
2 935 936
2 936 937
2 937 938
2 938 939
2 939 940
2 940 941
2 941 942
2 942 125
2 125 63
2 63 126
2 126 943
2 943 944
2 944 945
2 945 946
2 946 947
2 947 948
2 948 949
2 949 950
2 950 951
2 951 127
2 127 56
2 64 96
2 65 97
2 66 98
2 67 99
2 68 100
2 69 101
2 70 102
2 71 103
2 72 104
2 73 105
2 74 106
2 75 107
2 76 108
2 77 109
2 78 110
2 79 111
2 96 952
2 952 112
2 97 953
2 953 113
2 98 954
2 954 114
2 99 955
2 955 115
2 100 956
2 956 116
2 101 957
2 957 117
2 102 958
2 958 118
2 103 959
2 959 119
2 104 960
2 960 120
2 105 961
2 961 121
2 106 962
2 962 122
2 107 963
2 963 123
2 108 964
2 964 124
2 109 965
2 965 125
2 110 966
2 966 126
2 111 967
2 967 127
2 112 80
2 113 81
2 114 82
2 115 83
2 116 84
2 117 85
2 118 86
2 119 87
2 120 88
2 121 89
2 122 90
2 123 91
2 124 92
2 125 93
2 126 94
2 127 95
4 8 216 968 480
4 216 217 969 968
4 217 218 970 969
4 218 219 971 970
4 219 220 972 971
4 220 221 973 972
4 221 222 974 973
4 222 223 975 974
4 223 224 976 975
4 224 225 977 976
4 225 226 978 977
4 226 9 500 978
4 480 968 979 481
4 968 969 980 979
4 969 970 981 980
4 970 971 982 981
4 971 972 983 982
4 972 973 984 983
4 973 974 985 984
4 974 975 986 985
4 975 976 987 986
4 976 977 988 987
4 977 978 989 988
4 978 500 501 989
4 481 979 990 482
4 979 980 991 990
4 980 981 992 991
4 981 982 993 992
4 982 983 994 993
4 983 984 995 994
4 984 985 996 995
4 985 986 997 996
4 986 987 998 997
4 987 988 999 998
4 988 989 1000 999
4 989 501 502 1000
4 482 990 1001 483
4 990 991 1002 1001
4 991 992 1003 1002
4 992 993 1004 1003
4 993 994 1005 1004
4 994 995 1006 1005
4 995 996 1007 1006
4 996 997 1008 1007
4 997 998 1009 1008
4 998 999 1010 1009
4 999 1000 1011 1010
4 1000 502 503 1011
4 483 1001 1012 484
4 1001 1002 1013 1012
4 1002 1003 1014 1013
4 1003 1004 1015 1014
4 1004 1005 1016 1015
4 1005 1006 1017 1016
4 1006 1007 1018 1017
4 1007 1008 1019 1018
4 1008 1009 1020 1019
4 1009 1010 1021 1020
4 1010 1011 1022 1021
4 1011 503 504 1022
4 484 1012 1023 485
4 1012 1013 1024 1023
4 1013 1014 1025 1024
4 1014 1015 1026 1025
4 1015 1016 1027 1026
4 1016 1017 1028 1027
4 1017 1018 1029 1028
4 1018 1019 1030 1029
4 1019 1020 1031 1030
4 1020 1021 1032 1031
4 1021 1022 1033 1032
4 1022 504 505 1033
4 485 1023 1034 486
4 1023 1024 1035 1034
4 1024 1025 1036 1035
4 1025 1026 1037 1036
4 1026 1027 1038 1037
4 1027 1028 1039 1038
4 1028 1029 1040 1039
4 1029 1030 1041 1040
4 1030 1031 1042 1041
4 1031 1032 1043 1042
4 1032 1033 1044 1043
4 1033 505 506 1044
4 486 1034 1045 487
4 1034 1035 1046 1045
4 1035 1036 1047 1046
4 1036 1037 1048 1047
4 1037 1038 1049 1048
4 1038 1039 1050 1049
4 1039 1040 1051 1050
4 1040 1041 1052 1051
4 1041 1042 1053 1052
4 1042 1043 1054 1053
4 1043 1044 1055 1054
4 1044 506 507 1055
4 487 1045 1056 488
4 1045 1046 1057 1056
4 1046 1047 1058 1057
4 1047 1048 1059 1058
4 1048 1049 1060 1059
4 1049 1050 1061 1060
4 1050 1051 1062 1061
4 1051 1052 1063 1062
4 1052 1053 1064 1063
4 1053 1054 1065 1064
4 1054 1055 1066 1065
4 1055 507 508 1066
4 488 1056 1067 489
4 1056 1057 1068 1067
4 1057 1058 1069 1068
4 1058 1059 1070 1069
4 1059 1060 1071 1070
4 1060 1061 1072 1071
4 1061 1062 1073 1072
4 1062 1063 1074 1073
4 1063 1064 1075 1074
4 1064 1065 1076 1075
4 1065 1066 1077 1076
4 1066 508 509 1077
4 489 1067 1078 490
4 1067 1068 1079 1078
4 1068 1069 1080 1079
4 1069 1070 1081 1080
4 1070 1071 1082 1081
4 1071 1072 1083 1082
4 1072 1073 1084 1083
4 1073 1074 1085 1084
4 1074 1075 1086 1085
4 1075 1076 1087 1086
4 1076 1077 1088 1087
4 1077 509 510 1088
4 490 1078 1089 491
4 1078 1079 1090 1089
4 1079 1080 1091 1090
4 1080 1081 1092 1091
4 1081 1082 1093 1092
4 1082 1083 1094 1093
4 1083 1084 1095 1094
4 1084 1085 1096 1095
4 1085 1086 1097 1096
4 1086 1087 1098 1097
4 1087 1088 1099 1098
4 1088 510 511 1099
4 491 1089 1100 492
4 1089 1090 1101 1100
4 1090 1091 1102 1101
4 1091 1092 1103 1102
4 1092 1093 1104 1103
4 1093 1094 1105 1104
4 1094 1095 1106 1105
4 1095 1096 1107 1106
4 1096 1097 1108 1107
4 1097 1098 1109 1108
4 1098 1099 1110 1109
4 1099 511 512 1110
4 492 1100 1111 493
4 1100 1101 1112 1111
4 1101 1102 1113 1112
4 1102 1103 1114 1113
4 1103 1104 1115 1114
4 1104 1105 1116 1115
4 1105 1106 1117 1116
4 1106 1107 1118 1117
4 1107 1108 1119 1118
4 1108 1109 1120 1119
4 1109 1110 1121 1120
4 1110 512 513 1121
4 493 1111 1122 494
4 1111 1112 1123 1122
4 1112 1113 1124 1123
4 1113 1114 1125 1124
4 1114 1115 1126 1125
4 1115 1116 1127 1126
4 1116 1117 1128 1127
4 1117 1118 1129 1128
4 1118 1119 1130 1129
4 1119 1120 1131 1130
4 1120 1121 1132 1131
4 1121 513 514 1132
4 494 1122 1133 495
4 1122 1123 1134 1133
4 1123 1124 1135 1134
4 1124 1125 1136 1135
4 1125 1126 1137 1136
4 1126 1127 1138 1137
4 1127 1128 1139 1138
4 1128 1129 1140 1139
4 1129 1130 1141 1140
4 1130 1131 1142 1141
4 1131 1132 1143 1142
4 1132 514 515 1143
4 495 1133 1144 496
4 1133 1134 1145 1144
4 1134 1135 1146 1145
4 1135 1136 1147 1146
4 1136 1137 1148 1147
4 1137 1138 1149 1148
4 1138 1139 1150 1149
4 1139 1140 1151 1150
4 1140 1141 1152 1151
4 1141 1142 1153 1152
4 1142 1143 1154 1153
4 1143 515 516 1154
4 496 1144 1155 497
4 1144 1145 1156 1155
4 1145 1146 1157 1156
4 1146 1147 1158 1157
4 1147 1148 1159 1158
4 1148 1149 1160 1159
4 1149 1150 1161 1160
4 1150 1151 1162 1161
4 1151 1152 1163 1162
4 1152 1153 1164 1163
4 1153 1154 1165 1164
4 1154 516 517 1165
4 497 1155 1166 498
4 1155 1156 1167 1166
4 1156 1157 1168 1167
4 1157 1158 1169 1168
4 1158 1159 1170 1169
4 1159 1160 1171 1170
4 1160 1161 1172 1171
4 1161 1162 1173 1172
4 1162 1163 1174 1173
4 1163 1164 1175 1174
4 1164 1165 1176 1175
4 1165 517 518 1176
4 498 1166 1177 499
4 1166 1167 1178 1177
4 1167 1168 1179 1178
4 1168 1169 1180 1179
4 1169 1170 1181 1180
4 1170 1171 1182 1181
4 1171 1172 1183 1182
4 1172 1173 1184 1183
4 1173 1174 1185 1184
4 1174 1175 1186 1185
4 1175 1176 1187 1186
4 1176 518 519 1187
4 499 1177 304 16
4 1177 1178 305 304
4 1178 1179 306 305
4 1179 1180 307 306
4 1180 1181 308 307
4 1181 1182 309 308
4 1182 1183 310 309
4 1183 1184 311 310
4 1184 1185 312 311
4 1185 1186 313 312
4 1186 1187 314 313
4 1187 519 17 314
4 9 227 1188 500
4 227 228 1189 1188
4 228 229 1190 1189
4 229 230 1191 1190
4 230 231 1192 1191
4 231 232 1193 1192
4 232 233 1194 1193
4 233 234 1195 1194
4 234 235 1196 1195
4 235 236 1197 1196
4 236 237 1198 1197
4 237 10 520 1198
4 500 1188 1199 501
4 1188 1189 1200 1199
4 1189 1190 1201 1200
4 1190 1191 1202 1201
4 1191 1192 1203 1202
4 1192 1193 1204 1203
4 1193 1194 1205 1204
4 1194 1195 1206 1205
4 1195 1196 1207 1206
4 1196 1197 1208 1207
4 1197 1198 1209 1208
4 1198 520 521 1209
4 501 1199 1210 502
4 1199 1200 1211 1210
4 1200 1201 1212 1211
4 1201 1202 1213 1212
4 1202 1203 1214 1213
4 1203 1204 1215 1214
4 1204 1205 1216 1215
4 1205 1206 1217 1216
4 1206 1207 1218 1217
4 1207 1208 1219 1218
4 1208 1209 1220 1219
4 1209 521 522 1220
4 502 1210 1221 503
4 1210 1211 1222 1221
4 1211 1212 1223 1222
4 1212 1213 1224 1223
4 1213 1214 1225 1224
4 1214 1215 1226 1225
4 1215 1216 1227 1226
4 1216 1217 1228 1227
4 1217 1218 1229 1228
4 1218 1219 1230 1229
4 1219 1220 1231 1230
4 1220 522 523 1231
4 503 1221 1232 504
4 1221 1222 1233 1232
4 1222 1223 1234 1233
4 1223 1224 1235 1234
4 1224 1225 1236 1235
4 1225 1226 1237 1236
4 1226 1227 1238 1237
4 1227 1228 1239 1238
4 1228 1229 1240 1239
4 1229 1230 1241 1240
4 1230 1231 1242 1241
4 1231 523 524 1242
4 504 1232 1243 505
4 1232 1233 1244 1243
4 1233 1234 1245 1244
4 1234 1235 1246 1245
4 1235 1236 1247 1246
4 1236 1237 1248 1247
4 1237 1238 1249 1248
4 1238 1239 1250 1249
4 1239 1240 1251 1250
4 1240 1241 1252 1251
4 1241 1242 1253 1252
4 1242 524 525 1253
4 505 1243 1254 506
4 1243 1244 1255 1254
4 1244 1245 1256 1255
4 1245 1246 1257 1256
4 1246 1247 1258 1257
4 1247 1248 1259 1258
4 1248 1249 1260 1259
4 1249 1250 1261 1260
4 1250 1251 1262 1261
4 1251 1252 1263 1262
4 1252 1253 1264 1263
4 1253 525 526 1264
4 506 1254 1265 507
4 1254 1255 1266 1265
4 1255 1256 1267 1266
4 1256 1257 1268 1267
4 1257 1258 1269 1268
4 1258 1259 1270 1269
4 1259 1260 1271 1270
4 1260 1261 1272 1271
4 1261 1262 1273 1272
4 1262 1263 1274 1273
4 1263 1264 1275 1274
4 1264 526 527 1275
4 507 1265 1276 508
4 1265 1266 1277 1276
4 1266 1267 1278 1277
4 1267 1268 1279 1278
4 1268 1269 1280 1279
4 1269 1270 1281 1280
4 1270 1271 1282 1281
4 1271 1272 1283 1282
4 1272 1273 1284 1283
4 1273 1274 1285 1284
4 1274 1275 1286 1285
4 1275 527 528 1286
4 508 1276 1287 509
4 1276 1277 1288 1287
4 1277 1278 1289 1288
4 1278 1279 1290 1289
4 1279 1280 1291 1290
4 1280 1281 1292 1291
4 1281 1282 1293 1292
4 1282 1283 1294 1293
4 1283 1284 1295 1294
4 1284 1285 1296 1295
4 1285 1286 1297 1296
4 1286 528 529 1297
4 509 1287 1298 510
4 1287 1288 1299 1298
4 1288 1289 1300 1299
4 1289 1290 1301 1300
4 1290 1291 1302 1301
4 1291 1292 1303 1302
4 1292 1293 1304 1303
4 1293 1294 1305 1304
4 1294 1295 1306 1305
4 1295 1296 1307 1306
4 1296 1297 1308 1307
4 1297 529 530 1308
4 510 1298 1309 511
4 1298 1299 1310 1309
4 1299 1300 1311 1310
4 1300 1301 1312 1311
4 1301 1302 1313 1312
4 1302 1303 1314 1313
4 1303 1304 1315 1314
4 1304 1305 1316 1315
4 1305 1306 1317 1316
4 1306 1307 1318 1317
4 1307 1308 1319 1318
4 1308 530 531 1319
4 511 1309 1320 512
4 1309 1310 1321 1320
4 1310 1311 1322 1321
4 1311 1312 1323 1322
4 1312 1313 1324 1323
4 1313 1314 1325 1324
4 1314 1315 1326 1325
4 1315 1316 1327 1326
4 1316 1317 1328 1327
4 1317 1318 1329 1328
4 1318 1319 1330 1329
4 1319 531 532 1330
4 512 1320 1331 513
4 1320 1321 1332 1331
4 1321 1322 1333 1332
4 1322 1323 1334 1333
4 1323 1324 1335 1334
4 1324 1325 1336 1335
4 1325 1326 1337 1336
4 1326 1327 1338 1337
4 1327 1328 1339 1338
4 1328 1329 1340 1339
4 1329 1330 1341 1340
4 1330 532 533 1341
4 513 1331 1342 514
4 1331 1332 1343 1342
4 1332 1333 1344 1343
4 1333 1334 1345 1344
4 1334 1335 1346 1345
4 1335 1336 1347 1346
4 1336 1337 1348 1347
4 1337 1338 1349 1348
4 1338 1339 1350 1349
4 1339 1340 1351 1350
4 1340 1341 1352 1351
4 1341 533 534 1352
4 514 1342 1353 515
4 1342 1343 1354 1353
4 1343 1344 1355 1354
4 1344 1345 1356 1355
4 1345 1346 1357 1356
4 1346 1347 1358 1357
4 1347 1348 1359 1358
4 1348 1349 1360 1359
4 1349 1350 1361 1360
4 1350 1351 1362 1361
4 1351 1352 1363 1362
4 1352 534 535 1363
4 515 1353 1364 516
4 1353 1354 1365 1364
4 1354 1355 1366 1365
4 1355 1356 1367 1366
4 1356 1357 1368 1367
4 1357 1358 1369 1368
4 1358 1359 1370 1369
4 1359 1360 1371 1370
4 1360 1361 1372 1371
4 1361 1362 1373 1372
4 1362 1363 1374 1373
4 1363 535 536 1374
4 516 1364 1375 517
4 1364 1365 1376 1375
4 1365 1366 1377 1376
4 1366 1367 1378 1377
4 1367 1368 1379 1378
4 1368 1369 1380 1379
4 1369 1370 1381 1380
4 1370 1371 1382 1381
4 1371 1372 1383 1382
4 1372 1373 1384 1383
4 1373 1374 1385 1384
4 1374 536 537 1385
4 517 1375 1386 518
4 1375 1376 1387 1386
4 1376 1377 1388 1387
4 1377 1378 1389 1388
4 1378 1379 1390 1389
4 1379 1380 1391 1390
4 1380 1381 1392 1391
4 1381 1382 1393 1392
4 1382 1383 1394 1393
4 1383 1384 1395 1394
4 1384 1385 1396 1395
4 1385 537 538 1396
4 518 1386 1397 519
4 1386 1387 1398 1397
4 1387 1388 1399 1398
4 1388 1389 1400 1399
4 1389 1390 1401 1400
4 1390 1391 1402 1401
4 1391 1392 1403 1402
4 1392 1393 1404 1403
4 1393 1394 1405 1404
4 1394 1395 1406 1405
4 1395 1396 1407 1406
4 1396 538 539 1407
4 519 1397 315 17
4 1397 1398 316 315
4 1398 1399 317 316
4 1399 1400 318 317
4 1400 1401 319 318
4 1401 1402 320 319
4 1402 1403 321 320
4 1403 1404 322 321
4 1404 1405 323 322
4 1405 1406 324 323
4 1406 1407 325 324
4 1407 539 18 325
4 10 238 1408 520
4 238 239 1409 1408
4 239 240 1410 1409
4 240 241 1411 1410
4 241 242 1412 1411
4 242 243 1413 1412
4 243 244 1414 1413
4 244 245 1415 1414
4 245 246 1416 1415
4 246 247 1417 1416
4 247 248 1418 1417
4 248 11 540 1418
4 520 1408 1419 521
4 1408 1409 1420 1419
4 1409 1410 1421 1420
4 1410 1411 1422 1421
4 1411 1412 1423 1422
4 1412 1413 1424 1423
4 1413 1414 1425 1424
4 1414 1415 1426 1425
4 1415 1416 1427 1426
4 1416 1417 1428 1427
4 1417 1418 1429 1428
4 1418 540 541 1429
4 521 1419 1430 522
4 1419 1420 1431 1430
4 1420 1421 1432 1431
4 1421 1422 1433 1432
4 1422 1423 1434 1433
4 1423 1424 1435 1434
4 1424 1425 1436 1435
4 1425 1426 1437 1436
4 1426 1427 1438 1437
4 1427 1428 1439 1438
4 1428 1429 1440 1439
4 1429 541 542 1440
4 522 1430 1441 523
4 1430 1431 1442 1441
4 1431 1432 1443 1442
4 1432 1433 1444 1443
4 1433 1434 1445 1444
4 1434 1435 1446 1445
4 1435 1436 1447 1446
4 1436 1437 1448 1447
4 1437 1438 1449 1448
4 1438 1439 1450 1449
4 1439 1440 1451 1450
4 1440 542 543 1451
4 523 1441 1452 524
4 1441 1442 1453 1452
4 1442 1443 1454 1453
4 1443 1444 1455 1454
4 1444 1445 1456 1455
4 1445 1446 1457 1456
4 1446 1447 1458 1457
4 1447 1448 1459 1458
4 1448 1449 1460 1459
4 1449 1450 1461 1460
4 1450 1451 1462 1461
4 1451 543 544 1462
4 524 1452 1463 525
4 1452 1453 1464 1463
4 1453 1454 1465 1464
4 1454 1455 1466 1465
4 1455 1456 1467 1466
4 1456 1457 1468 1467
4 1457 1458 1469 1468
4 1458 1459 1470 1469
4 1459 1460 1471 1470
4 1460 1461 1472 1471
4 1461 1462 1473 1472
4 1462 544 545 1473
4 525 1463 1474 526
4 1463 1464 1475 1474
4 1464 1465 1476 1475
4 1465 1466 1477 1476
4 1466 1467 1478 1477
4 1467 1468 1479 1478
4 1468 1469 1480 1479
4 1469 1470 1481 1480
4 1470 1471 1482 1481
4 1471 1472 1483 1482
4 1472 1473 1484 1483
4 1473 545 546 1484
4 526 1474 1485 527
4 1474 1475 1486 1485
4 1475 1476 1487 1486
4 1476 1477 1488 1487
4 1477 1478 1489 1488
4 1478 1479 1490 1489
4 1479 1480 1491 1490
4 1480 1481 1492 1491
4 1481 1482 1493 1492
4 1482 1483 1494 1493
4 1483 1484 1495 1494
4 1484 546 547 1495
4 527 1485 1496 528
4 1485 1486 1497 1496
4 1486 1487 1498 1497
4 1487 1488 1499 1498
4 1488 1489 1500 1499
4 1489 1490 1501 1500
4 1490 1491 1502 1501
4 1491 1492 1503 1502
4 1492 1493 1504 1503
4 1493 1494 1505 1504
4 1494 1495 1506 1505
4 1495 547 548 1506
4 528 1496 1507 529
4 1496 1497 1508 1507
4 1497 1498 1509 1508
4 1498 1499 1510 1509
4 1499 1500 1511 1510
4 1500 1501 1512 1511
4 1501 1502 1513 1512
4 1502 1503 1514 1513
4 1503 1504 1515 1514
4 1504 1505 1516 1515
4 1505 1506 1517 1516
4 1506 548 549 1517
4 529 1507 1518 530
4 1507 1508 1519 1518
4 1508 1509 1520 1519
4 1509 1510 1521 1520
4 1510 1511 1522 1521
4 1511 1512 1523 1522
4 1512 1513 1524 1523
4 1513 1514 1525 1524
4 1514 1515 1526 1525
4 1515 1516 1527 1526
4 1516 1517 1528 1527
4 1517 549 550 1528
4 530 1518 1529 531
4 1518 1519 1530 1529
4 1519 1520 1531 1530
4 1520 1521 1532 1531
4 1521 1522 1533 1532
4 1522 1523 1534 1533
4 1523 1524 1535 1534
4 1524 1525 1536 1535
4 1525 1526 1537 1536
4 1526 1527 1538 1537
4 1527 1528 1539 1538
4 1528 550 551 1539
4 531 1529 1540 532
4 1529 1530 1541 1540
4 1530 1531 1542 1541
4 1531 1532 1543 1542
4 1532 1533 1544 1543
4 1533 1534 1545 1544
4 1534 1535 1546 1545
4 1535 1536 1547 1546
4 1536 1537 1548 1547
4 1537 1538 1549 1548
4 1538 1539 1550 1549
4 1539 551 552 1550
4 532 1540 1551 533
4 1540 1541 1552 1551
4 1541 1542 1553 1552
4 1542 1543 1554 1553
4 1543 1544 1555 1554
4 1544 1545 1556 1555
4 1545 1546 1557 1556
4 1546 1547 1558 1557
4 1547 1548 1559 1558
4 1548 1549 1560 1559
4 1549 1550 1561 1560
4 1550 552 553 1561
4 533 1551 1562 534
4 1551 1552 1563 1562
4 1552 1553 1564 1563
4 1553 1554 1565 1564
4 1554 1555 1566 1565
4 1555 1556 1567 1566
4 1556 1557 1568 1567
4 1557 1558 1569 1568
4 1558 1559 1570 1569
4 1559 1560 1571 1570
4 1560 1561 1572 1571
4 1561 553 554 1572
4 534 1562 1573 535
4 1562 1563 1574 1573
4 1563 1564 1575 1574
4 1564 1565 1576 1575
4 1565 1566 1577 1576
4 1566 1567 1578 1577
4 1567 1568 1579 1578
4 1568 1569 1580 1579
4 1569 1570 1581 1580
4 1570 1571 1582 1581
4 1571 1572 1583 1582
4 1572 554 555 1583
4 535 1573 1584 536
4 1573 1574 1585 1584
4 1574 1575 1586 1585
4 1575 1576 1587 1586
4 1576 1577 1588 1587
4 1577 1578 1589 1588
4 1578 1579 1590 1589
4 1579 1580 1591 1590
4 1580 1581 1592 1591
4 1581 1582 1593 1592
4 1582 1583 1594 1593
4 1583 555 556 1594
4 536 1584 1595 537
4 1584 1585 1596 1595
4 1585 1586 1597 1596
4 1586 1587 1598 1597
4 1587 1588 1599 1598
4 1588 1589 1600 1599
4 1589 1590 1601 1600
4 1590 1591 1602 1601
4 1591 1592 1603 1602
4 1592 1593 1604 1603
4 1593 1594 1605 1604
4 1594 556 557 1605
4 537 1595 1606 538
4 1595 1596 1607 1606
4 1596 1597 1608 1607
4 1597 1598 1609 1608
4 1598 1599 1610 1609
4 1599 1600 1611 1610
4 1600 1601 1612 1611
4 1601 1602 1613 1612
4 1602 1603 1614 1613
4 1603 1604 1615 1614
4 1604 1605 1616 1615
4 1605 557 558 1616
4 538 1606 1617 539
4 1606 1607 1618 1617
4 1607 1608 1619 1618
4 1608 1609 1620 1619
4 1609 1610 1621 1620
4 1610 1611 1622 1621
4 1611 1612 1623 1622
4 1612 1613 1624 1623
4 1613 1614 1625 1624
4 1614 1615 1626 1625
4 1615 1616 1627 1626
4 1616 558 559 1627
4 539 1617 326 18
4 1617 1618 327 326
4 1618 1619 328 327
4 1619 1620 329 328
4 1620 1621 330 329
4 1621 1622 331 330
4 1622 1623 332 331
4 1623 1624 333 332
4 1624 1625 334 333
4 1625 1626 335 334
4 1626 1627 336 335
4 1627 559 19 336
4 11 249 1628 540
4 249 250 1629 1628
4 250 251 1630 1629
4 251 252 1631 1630
4 252 253 1632 1631
4 253 254 1633 1632
4 254 255 1634 1633
4 255 256 1635 1634
4 256 257 1636 1635
4 257 258 1637 1636
4 258 259 1638 1637
4 259 12 560 1638
4 540 1628 1639 541
4 1628 1629 1640 1639
4 1629 1630 1641 1640
4 1630 1631 1642 1641
4 1631 1632 1643 1642
4 1632 1633 1644 1643
4 1633 1634 1645 1644
4 1634 1635 1646 1645
4 1635 1636 1647 1646
4 1636 1637 1648 1647
4 1637 1638 1649 1648
4 1638 560 561 1649
4 541 1639 1650 542
4 1639 1640 1651 1650
4 1640 1641 1652 1651
4 1641 1642 1653 1652
4 1642 1643 1654 1653
4 1643 1644 1655 1654
4 1644 1645 1656 1655
4 1645 1646 1657 1656
4 1646 1647 1658 1657
4 1647 1648 1659 1658
4 1648 1649 1660 1659
4 1649 561 562 1660
4 542 1650 1661 543
4 1650 1651 1662 1661
4 1651 1652 1663 1662
4 1652 1653 1664 1663
4 1653 1654 1665 1664
4 1654 1655 1666 1665
4 1655 1656 1667 1666
4 1656 1657 1668 1667
4 1657 1658 1669 1668
4 1658 1659 1670 1669
4 1659 1660 1671 1670
4 1660 562 563 1671
4 543 1661 1672 544
4 1661 1662 1673 1672
4 1662 1663 1674 1673
4 1663 1664 1675 1674
4 1664 1665 1676 1675
4 1665 1666 1677 1676
4 1666 1667 1678 1677
4 1667 1668 1679 1678
4 1668 1669 1680 1679
4 1669 1670 1681 1680
4 1670 1671 1682 1681
4 1671 563 564 1682
4 544 1672 1683 545
4 1672 1673 1684 1683
4 1673 1674 1685 1684
4 1674 1675 1686 1685
4 1675 1676 1687 1686
4 1676 1677 1688 1687
4 1677 1678 1689 1688
4 1678 1679 1690 1689
4 1679 1680 1691 1690
4 1680 1681 1692 1691
4 1681 1682 1693 1692
4 1682 564 565 1693
4 545 1683 1694 546
4 1683 1684 1695 1694
4 1684 1685 1696 1695
4 1685 1686 1697 1696
4 1686 1687 1698 1697
4 1687 1688 1699 1698
4 1688 1689 1700 1699
4 1689 1690 1701 1700
4 1690 1691 1702 1701
4 1691 1692 1703 1702
4 1692 1693 1704 1703
4 1693 565 566 1704
4 546 1694 1705 547
4 1694 1695 1706 1705
4 1695 1696 1707 1706
4 1696 1697 1708 1707
4 1697 1698 1709 1708
4 1698 1699 1710 1709
4 1699 1700 1711 1710
4 1700 1701 1712 1711
4 1701 1702 1713 1712
4 1702 1703 1714 1713
4 1703 1704 1715 1714
4 1704 566 567 1715
4 547 1705 1716 548
4 1705 1706 1717 1716
4 1706 1707 1718 1717
4 1707 1708 1719 1718
4 1708 1709 1720 1719
4 1709 1710 1721 1720
4 1710 1711 1722 1721
4 1711 1712 1723 1722
4 1712 1713 1724 1723
4 1713 1714 1725 1724
4 1714 1715 1726 1725
4 1715 567 568 1726
4 548 1716 1727 549
4 1716 1717 1728 1727
4 1717 1718 1729 1728
4 1718 1719 1730 1729
4 1719 1720 1731 1730
4 1720 1721 1732 1731
4 1721 1722 1733 1732
4 1722 1723 1734 1733
4 1723 1724 1735 1734
4 1724 1725 1736 1735
4 1725 1726 1737 1736
4 1726 568 569 1737
4 549 1727 1738 550
4 1727 1728 1739 1738
4 1728 1729 1740 1739
4 1729 1730 1741 1740
4 1730 1731 1742 1741
4 1731 1732 1743 1742
4 1732 1733 1744 1743
4 1733 1734 1745 1744
4 1734 1735 1746 1745
4 1735 1736 1747 1746
4 1736 1737 1748 1747
4 1737 569 570 1748
4 550 1738 1749 551
4 1738 1739 1750 1749
4 1739 1740 1751 1750
4 1740 1741 1752 1751
4 1741 1742 1753 1752
4 1742 1743 1754 1753
4 1743 1744 1755 1754
4 1744 1745 1756 1755
4 1745 1746 1757 1756
4 1746 1747 1758 1757
4 1747 1748 1759 1758
4 1748 570 571 1759
4 551 1749 1760 552
4 1749 1750 1761 1760
4 1750 1751 1762 1761
4 1751 1752 1763 1762
4 1752 1753 1764 1763
4 1753 1754 1765 1764
4 1754 1755 1766 1765
4 1755 1756 1767 1766
4 1756 1757 1768 1767
4 1757 1758 1769 1768
4 1758 1759 1770 1769
4 1759 571 572 1770
4 552 1760 1771 553
4 1760 1761 1772 1771
4 1761 1762 1773 1772
4 1762 1763 1774 1773
4 1763 1764 1775 1774
4 1764 1765 1776 1775
4 1765 1766 1777 1776
4 1766 1767 1778 1777
4 1767 1768 1779 1778
4 1768 1769 1780 1779
4 1769 1770 1781 1780
4 1770 572 573 1781
4 553 1771 1782 554
4 1771 1772 1783 1782
4 1772 1773 1784 1783
4 1773 1774 1785 1784
4 1774 1775 1786 1785
4 1775 1776 1787 1786
4 1776 1777 1788 1787
4 1777 1778 1789 1788
4 1778 1779 1790 1789
4 1779 1780 1791 1790
4 1780 1781 1792 1791
4 1781 573 574 1792
4 554 1782 1793 555
4 1782 1783 1794 1793
4 1783 1784 1795 1794
4 1784 1785 1796 1795
4 1785 1786 1797 1796
4 1786 1787 1798 1797
4 1787 1788 1799 1798
4 1788 1789 1800 1799
4 1789 1790 1801 1800
4 1790 1791 1802 1801
4 1791 1792 1803 1802
4 1792 574 575 1803
4 555 1793 1804 556
4 1793 1794 1805 1804
4 1794 1795 1806 1805
4 1795 1796 1807 1806
4 1796 1797 1808 1807
4 1797 1798 1809 1808
4 1798 1799 1810 1809
4 1799 1800 1811 1810
4 1800 1801 1812 1811
4 1801 1802 1813 1812
4 1802 1803 1814 1813
4 1803 575 576 1814
4 556 1804 1815 557
4 1804 1805 1816 1815
4 1805 1806 1817 1816
4 1806 1807 1818 1817
4 1807 1808 1819 1818
4 1808 1809 1820 1819
4 1809 1810 1821 1820
4 1810 1811 1822 1821
4 1811 1812 1823 1822
4 1812 1813 1824 1823
4 1813 1814 1825 1824
4 1814 576 577 1825
4 557 1815 1826 558
4 1815 1816 1827 1826
4 1816 1817 1828 1827
4 1817 1818 1829 1828
4 1818 1819 1830 1829
4 1819 1820 1831 1830
4 1820 1821 1832 1831
4 1821 1822 1833 1832
4 1822 1823 1834 1833
4 1823 1824 1835 1834
4 1824 1825 1836 1835
4 1825 577 578 1836
4 558 1826 1837 559
4 1826 1827 1838 1837
4 1827 1828 1839 1838
4 1828 1829 1840 1839
4 1829 1830 1841 1840
4 1830 1831 1842 1841
4 1831 1832 1843 1842
4 1832 1833 1844 1843
4 1833 1834 1845 1844
4 1834 1835 1846 1845
4 1835 1836 1847 1846
4 1836 578 579 1847
4 559 1837 337 19
4 1837 1838 338 337
4 1838 1839 339 338
4 1839 1840 340 339
4 1840 1841 341 340
4 1841 1842 342 341
4 1842 1843 343 342
4 1843 1844 344 343
4 1844 1845 345 344
4 1845 1846 346 345
4 1846 1847 347 346
4 1847 579 20 347
4 12 260 1848 560
4 260 261 1849 1848
4 261 262 1850 1849
4 262 263 1851 1850
4 263 264 1852 1851
4 264 265 1853 1852
4 265 266 1854 1853
4 266 267 1855 1854
4 267 268 1856 1855
4 268 269 1857 1856
4 269 270 1858 1857
4 270 13 580 1858
4 560 1848 1859 561
4 1848 1849 1860 1859
4 1849 1850 1861 1860
4 1850 1851 1862 1861
4 1851 1852 1863 1862
4 1852 1853 1864 1863
4 1853 1854 1865 1864
4 1854 1855 1866 1865
4 1855 1856 1867 1866
4 1856 1857 1868 1867
4 1857 1858 1869 1868
4 1858 580 581 1869
4 561 1859 1870 562
4 1859 1860 1871 1870
4 1860 1861 1872 1871
4 1861 1862 1873 1872
4 1862 1863 1874 1873
4 1863 1864 1875 1874
4 1864 1865 1876 1875
4 1865 1866 1877 1876
4 1866 1867 1878 1877
4 1867 1868 1879 1878
4 1868 1869 1880 1879
4 1869 581 582 1880
4 562 1870 1881 563
4 1870 1871 1882 1881
4 1871 1872 1883 1882
4 1872 1873 1884 1883
4 1873 1874 1885 1884
4 1874 1875 1886 1885
4 1875 1876 1887 1886
4 1876 1877 1888 1887
4 1877 1878 1889 1888
4 1878 1879 1890 1889
4 1879 1880 1891 1890
4 1880 582 583 1891
4 563 1881 1892 564
4 1881 1882 1893 1892
4 1882 1883 1894 1893
4 1883 1884 1895 1894
4 1884 1885 1896 1895
4 1885 1886 1897 1896
4 1886 1887 1898 1897
4 1887 1888 1899 1898
4 1888 1889 1900 1899
4 1889 1890 1901 1900
4 1890 1891 1902 1901
4 1891 583 584 1902
4 564 1892 1903 565
4 1892 1893 1904 1903
4 1893 1894 1905 1904
4 1894 1895 1906 1905
4 1895 1896 1907 1906
4 1896 1897 1908 1907
4 1897 1898 1909 1908
4 1898 1899 1910 1909
4 1899 1900 1911 1910
4 1900 1901 1912 1911
4 1901 1902 1913 1912
4 1902 584 585 1913
4 565 1903 1914 566
4 1903 1904 1915 1914
4 1904 1905 1916 1915
4 1905 1906 1917 1916
4 1906 1907 1918 1917
4 1907 1908 1919 1918
4 1908 1909 1920 1919
4 1909 1910 1921 1920
4 1910 1911 1922 1921
4 1911 1912 1923 1922
4 1912 1913 1924 1923
4 1913 585 586 1924
4 566 1914 1925 567
4 1914 1915 1926 1925
4 1915 1916 1927 1926
4 1916 1917 1928 1927
4 1917 1918 1929 1928
4 1918 1919 1930 1929
4 1919 1920 1931 1930
4 1920 1921 1932 1931
4 1921 1922 1933 1932
4 1922 1923 1934 1933
4 1923 1924 1935 1934
4 1924 586 587 1935
4 567 1925 1936 568
4 1925 1926 1937 1936
4 1926 1927 1938 1937
4 1927 1928 1939 1938
4 1928 1929 1940 1939
4 1929 1930 1941 1940
4 1930 1931 1942 1941
4 1931 1932 1943 1942
4 1932 1933 1944 1943
4 1933 1934 1945 1944
4 1934 1935 1946 1945
4 1935 587 588 1946
4 568 1936 1947 569
4 1936 1937 1948 1947
4 1937 1938 1949 1948
4 1938 1939 1950 1949
4 1939 1940 1951 1950
4 1940 1941 1952 1951
4 1941 1942 1953 1952
4 1942 1943 1954 1953
4 1943 1944 1955 1954
4 1944 1945 1956 1955
4 1945 1946 1957 1956
4 1946 588 589 1957
4 569 1947 1958 570
4 1947 1948 1959 1958
4 1948 1949 1960 1959
4 1949 1950 1961 1960
4 1950 1951 1962 1961
4 1951 1952 1963 1962
4 1952 1953 1964 1963
4 1953 1954 1965 1964
4 1954 1955 1966 1965
4 1955 1956 1967 1966
4 1956 1957 1968 1967
4 1957 589 590 1968
4 570 1958 1969 571
4 1958 1959 1970 1969
4 1959 1960 1971 1970
4 1960 1961 1972 1971
4 1961 1962 1973 1972
4 1962 1963 1974 1973
4 1963 1964 1975 1974
4 1964 1965 1976 1975
4 1965 1966 1977 1976
4 1966 1967 1978 1977
4 1967 1968 1979 1978
4 1968 590 591 1979
4 571 1969 1980 572
4 1969 1970 1981 1980
4 1970 1971 1982 1981
4 1971 1972 1983 1982
4 1972 1973 1984 1983
4 1973 1974 1985 1984
4 1974 1975 1986 1985
4 1975 1976 1987 1986
4 1976 1977 1988 1987
4 1977 1978 1989 1988
4 1978 1979 1990 1989
4 1979 591 592 1990
4 572 1980 1991 573
4 1980 1981 1992 1991
4 1981 1982 1993 1992
4 1982 1983 1994 1993
4 1983 1984 1995 1994
4 1984 1985 1996 1995
4 1985 1986 1997 1996
4 1986 1987 1998 1997
4 1987 1988 1999 1998
4 1988 1989 2000 1999
4 1989 1990 2001 2000
4 1990 592 593 2001
4 573 1991 2002 574
4 1991 1992 2003 2002
4 1992 1993 2004 2003
4 1993 1994 2005 2004
4 1994 1995 2006 2005
4 1995 1996 2007 2006
4 1996 1997 2008 2007
4 1997 1998 2009 2008
4 1998 1999 2010 2009
4 1999 2000 2011 2010
4 2000 2001 2012 2011
4 2001 593 594 2012
4 574 2002 2013 575
4 2002 2003 2014 2013
4 2003 2004 2015 2014
4 2004 2005 2016 2015
4 2005 2006 2017 2016
4 2006 2007 2018 2017
4 2007 2008 2019 2018
4 2008 2009 2020 2019
4 2009 2010 2021 2020
4 2010 2011 2022 2021
4 2011 2012 2023 2022
4 2012 594 595 2023
4 575 2013 2024 576
4 2013 2014 2025 2024
4 2014 2015 2026 2025
4 2015 2016 2027 2026
4 2016 2017 2028 2027
4 2017 2018 2029 2028
4 2018 2019 2030 2029
4 2019 2020 2031 2030
4 2020 2021 2032 2031
4 2021 2022 2033 2032
4 2022 2023 2034 2033
4 2023 595 596 2034
4 576 2024 2035 577
4 2024 2025 2036 2035
4 2025 2026 2037 2036
4 2026 2027 2038 2037
4 2027 2028 2039 2038
4 2028 2029 2040 2039
4 2029 2030 2041 2040
4 2030 2031 2042 2041
4 2031 2032 2043 2042
4 2032 2033 2044 2043
4 2033 2034 2045 2044
4 2034 596 597 2045
4 577 2035 2046 578
4 2035 2036 2047 2046
4 2036 2037 2048 2047
4 2037 2038 2049 2048
4 2038 2039 2050 2049
4 2039 2040 2051 2050
4 2040 2041 2052 2051
4 2041 2042 2053 2052
4 2042 2043 2054 2053
4 2043 2044 2055 2054
4 2044 2045 2056 2055
4 2045 597 598 2056
4 578 2046 2057 579
4 2046 2047 2058 2057
4 2047 2048 2059 2058
4 2048 2049 2060 2059
4 2049 2050 2061 2060
4 2050 2051 2062 2061
4 2051 2052 2063 2062
4 2052 2053 2064 2063
4 2053 2054 2065 2064
4 2054 2055 2066 2065
4 2055 2056 2067 2066
4 2056 598 599 2067
4 579 2057 348 20
4 2057 2058 349 348
4 2058 2059 350 349
4 2059 2060 351 350
4 2060 2061 352 351
4 2061 2062 353 352
4 2062 2063 354 353
4 2063 2064 355 354
4 2064 2065 356 355
4 2065 2066 357 356
4 2066 2067 358 357
4 2067 599 21 358
4 13 271 2068 580
4 271 272 2069 2068
4 272 273 2070 2069
4 273 274 2071 2070
4 274 275 2072 2071
4 275 276 2073 2072
4 276 277 2074 2073
4 277 278 2075 2074
4 278 279 2076 2075
4 279 280 2077 2076
4 280 281 2078 2077
4 281 14 600 2078
4 580 2068 2079 581
4 2068 2069 2080 2079
4 2069 2070 2081 2080
4 2070 2071 2082 2081
4 2071 2072 2083 2082
4 2072 2073 2084 2083
4 2073 2074 2085 2084
4 2074 2075 2086 2085
4 2075 2076 2087 2086
4 2076 2077 2088 2087
4 2077 2078 2089 2088
4 2078 600 601 2089
4 581 2079 2090 582
4 2079 2080 2091 2090
4 2080 2081 2092 2091
4 2081 2082 2093 2092
4 2082 2083 2094 2093
4 2083 2084 2095 2094
4 2084 2085 2096 2095
4 2085 2086 2097 2096
4 2086 2087 2098 2097
4 2087 2088 2099 2098
4 2088 2089 2100 2099
4 2089 601 602 2100
4 582 2090 2101 583
4 2090 2091 2102 2101
4 2091 2092 2103 2102
4 2092 2093 2104 2103
4 2093 2094 2105 2104
4 2094 2095 2106 2105
4 2095 2096 2107 2106
4 2096 2097 2108 2107
4 2097 2098 2109 2108
4 2098 2099 2110 2109
4 2099 2100 2111 2110
4 2100 602 603 2111
4 583 2101 2112 584
4 2101 2102 2113 2112
4 2102 2103 2114 2113
4 2103 2104 2115 2114
4 2104 2105 2116 2115
4 2105 2106 2117 2116
4 2106 2107 2118 2117
4 2107 2108 2119 2118
4 2108 2109 2120 2119
4 2109 2110 2121 2120
4 2110 2111 2122 2121
4 2111 603 604 2122
4 584 2112 2123 585
4 2112 2113 2124 2123
4 2113 2114 2125 2124
4 2114 2115 2126 2125
4 2115 2116 2127 2126
4 2116 2117 2128 2127
4 2117 2118 2129 2128
4 2118 2119 2130 2129
4 2119 2120 2131 2130
4 2120 2121 2132 2131
4 2121 2122 2133 2132
4 2122 604 605 2133
4 585 2123 2134 586
4 2123 2124 2135 2134
4 2124 2125 2136 2135
4 2125 2126 2137 2136
4 2126 2127 2138 2137
4 2127 2128 2139 2138
4 2128 2129 2140 2139
4 2129 2130 2141 2140
4 2130 2131 2142 2141
4 2131 2132 2143 2142
4 2132 2133 2144 2143
4 2133 605 606 2144
4 586 2134 2145 587
4 2134 2135 2146 2145
4 2135 2136 2147 2146
4 2136 2137 2148 2147
4 2137 2138 2149 2148
4 2138 2139 2150 2149
4 2139 2140 2151 2150
4 2140 2141 2152 2151
4 2141 2142 2153 2152
4 2142 2143 2154 2153
4 2143 2144 2155 2154
4 2144 606 607 2155
4 587 2145 2156 588
4 2145 2146 2157 2156
4 2146 2147 2158 2157
4 2147 2148 2159 2158
4 2148 2149 2160 2159
4 2149 2150 2161 2160
4 2150 2151 2162 2161
4 2151 2152 2163 2162
4 2152 2153 2164 2163
4 2153 2154 2165 2164
4 2154 2155 2166 2165
4 2155 607 608 2166
4 588 2156 2167 589
4 2156 2157 2168 2167
4 2157 2158 2169 2168
4 2158 2159 2170 2169
4 2159 2160 2171 2170
4 2160 2161 2172 2171
4 2161 2162 2173 2172
4 2162 2163 2174 2173
4 2163 2164 2175 2174
4 2164 2165 2176 2175
4 2165 2166 2177 2176
4 2166 608 609 2177
4 589 2167 2178 590
4 2167 2168 2179 2178
4 2168 2169 2180 2179
4 2169 2170 2181 2180
4 2170 2171 2182 2181
4 2171 2172 2183 2182
4 2172 2173 2184 2183
4 2173 2174 2185 2184
4 2174 2175 2186 2185
4 2175 2176 2187 2186
4 2176 2177 2188 2187
4 2177 609 610 2188
4 590 2178 2189 591
4 2178 2179 2190 2189
4 2179 2180 2191 2190
4 2180 2181 2192 2191
4 2181 2182 2193 2192
4 2182 2183 2194 2193
4 2183 2184 2195 2194
4 2184 2185 2196 2195
4 2185 2186 2197 2196
4 2186 2187 2198 2197
4 2187 2188 2199 2198
4 2188 610 611 2199
4 591 2189 2200 592
4 2189 2190 2201 2200
4 2190 2191 2202 2201
4 2191 2192 2203 2202
4 2192 2193 2204 2203
4 2193 2194 2205 2204
4 2194 2195 2206 2205
4 2195 2196 2207 2206
4 2196 2197 2208 2207
4 2197 2198 2209 2208
4 2198 2199 2210 2209
4 2199 611 612 2210
4 592 2200 2211 593
4 2200 2201 2212 2211
4 2201 2202 2213 2212
4 2202 2203 2214 2213
4 2203 2204 2215 2214
4 2204 2205 2216 2215
4 2205 2206 2217 2216
4 2206 2207 2218 2217
4 2207 2208 2219 2218
4 2208 2209 2220 2219
4 2209 2210 2221 2220
4 2210 612 613 2221
4 593 2211 2222 594
4 2211 2212 2223 2222
4 2212 2213 2224 2223
4 2213 2214 2225 2224
4 2214 2215 2226 2225
4 2215 2216 2227 2226
4 2216 2217 2228 2227
4 2217 2218 2229 2228
4 2218 2219 2230 2229
4 2219 2220 2231 2230
4 2220 2221 2232 2231
4 2221 613 614 2232
4 594 2222 2233 595
4 2222 2223 2234 2233
4 2223 2224 2235 2234
4 2224 2225 2236 2235
4 2225 2226 2237 2236
4 2226 2227 2238 2237
4 2227 2228 2239 2238
4 2228 2229 2240 2239
4 2229 2230 2241 2240
4 2230 2231 2242 2241
4 2231 2232 2243 2242
4 2232 614 615 2243
4 595 2233 2244 596
4 2233 2234 2245 2244
4 2234 2235 2246 2245
4 2235 2236 2247 2246
4 2236 2237 2248 2247
4 2237 2238 2249 2248
4 2238 2239 2250 2249
4 2239 2240 2251 2250
4 2240 2241 2252 2251
4 2241 2242 2253 2252
4 2242 2243 2254 2253
4 2243 615 616 2254
4 596 2244 2255 597
4 2244 2245 2256 2255
4 2245 2246 2257 2256
4 2246 2247 2258 2257
4 2247 2248 2259 2258
4 2248 2249 2260 2259
4 2249 2250 2261 2260
4 2250 2251 2262 2261
4 2251 2252 2263 2262
4 2252 2253 2264 2263
4 2253 2254 2265 2264
4 2254 616 617 2265
4 597 2255 2266 598
4 2255 2256 2267 2266
4 2256 2257 2268 2267
4 2257 2258 2269 2268
4 2258 2259 2270 2269
4 2259 2260 2271 2270
4 2260 2261 2272 2271
4 2261 2262 2273 2272
4 2262 2263 2274 2273
4 2263 2264 2275 2274
4 2264 2265 2276 2275
4 2265 617 618 2276
4 598 2266 2277 599
4 2266 2267 2278 2277
4 2267 2268 2279 2278
4 2268 2269 2280 2279
4 2269 2270 2281 2280
4 2270 2271 2282 2281
4 2271 2272 2283 2282
4 2272 2273 2284 2283
4 2273 2274 2285 2284
4 2274 2275 2286 2285
4 2275 2276 2287 2286
4 2276 618 619 2287
4 599 2277 359 21
4 2277 2278 360 359
4 2278 2279 361 360
4 2279 2280 362 361
4 2280 2281 363 362
4 2281 2282 364 363
4 2282 2283 365 364
4 2283 2284 366 365
4 2284 2285 367 366
4 2285 2286 368 367
4 2286 2287 369 368
4 2287 619 22 369
4 14 282 2288 600
4 282 283 2289 2288
4 283 284 2290 2289
4 284 285 2291 2290
4 285 286 2292 2291
4 286 287 2293 2292
4 287 288 2294 2293
4 288 289 2295 2294
4 289 290 2296 2295
4 290 291 2297 2296
4 291 292 2298 2297
4 292 15 620 2298
4 600 2288 2299 601
4 2288 2289 2300 2299
4 2289 2290 2301 2300
4 2290 2291 2302 2301
4 2291 2292 2303 2302
4 2292 2293 2304 2303
4 2293 2294 2305 2304
4 2294 2295 2306 2305
4 2295 2296 2307 2306
4 2296 2297 2308 2307
4 2297 2298 2309 2308
4 2298 620 621 2309
4 601 2299 2310 602
4 2299 2300 2311 2310
4 2300 2301 2312 2311
4 2301 2302 2313 2312
4 2302 2303 2314 2313
4 2303 2304 2315 2314
4 2304 2305 2316 2315
4 2305 2306 2317 2316
4 2306 2307 2318 2317
4 2307 2308 2319 2318
4 2308 2309 2320 2319
4 2309 621 622 2320
4 602 2310 2321 603
4 2310 2311 2322 2321
4 2311 2312 2323 2322
4 2312 2313 2324 2323
4 2313 2314 2325 2324
4 2314 2315 2326 2325
4 2315 2316 2327 2326
4 2316 2317 2328 2327
4 2317 2318 2329 2328
4 2318 2319 2330 2329
4 2319 2320 2331 2330
4 2320 622 623 2331
4 603 2321 2332 604
4 2321 2322 2333 2332
4 2322 2323 2334 2333
4 2323 2324 2335 2334
4 2324 2325 2336 2335
4 2325 2326 2337 2336
4 2326 2327 2338 2337
4 2327 2328 2339 2338
4 2328 2329 2340 2339
4 2329 2330 2341 2340
4 2330 2331 2342 2341
4 2331 623 624 2342
4 604 2332 2343 605
4 2332 2333 2344 2343
4 2333 2334 2345 2344
4 2334 2335 2346 2345
4 2335 2336 2347 2346
4 2336 2337 2348 2347
4 2337 2338 2349 2348
4 2338 2339 2350 2349
4 2339 2340 2351 2350
4 2340 2341 2352 2351
4 2341 2342 2353 2352
4 2342 624 625 2353
4 605 2343 2354 606
4 2343 2344 2355 2354
4 2344 2345 2356 2355
4 2345 2346 2357 2356
4 2346 2347 2358 2357
4 2347 2348 2359 2358
4 2348 2349 2360 2359
4 2349 2350 2361 2360
4 2350 2351 2362 2361
4 2351 2352 2363 2362
4 2352 2353 2364 2363
4 2353 625 626 2364
4 606 2354 2365 607
4 2354 2355 2366 2365
4 2355 2356 2367 2366
4 2356 2357 2368 2367
4 2357 2358 2369 2368
4 2358 2359 2370 2369
4 2359 2360 2371 2370
4 2360 2361 2372 2371
4 2361 2362 2373 2372
4 2362 2363 2374 2373
4 2363 2364 2375 2374
4 2364 626 627 2375
4 607 2365 2376 608
4 2365 2366 2377 2376
4 2366 2367 2378 2377
4 2367 2368 2379 2378
4 2368 2369 2380 2379
4 2369 2370 2381 2380
4 2370 2371 2382 2381
4 2371 2372 2383 2382
4 2372 2373 2384 2383
4 2373 2374 2385 2384
4 2374 2375 2386 2385
4 2375 627 628 2386
4 608 2376 2387 609
4 2376 2377 2388 2387
4 2377 2378 2389 2388
4 2378 2379 2390 2389
4 2379 2380 2391 2390
4 2380 2381 2392 2391
4 2381 2382 2393 2392
4 2382 2383 2394 2393
4 2383 2384 2395 2394
4 2384 2385 2396 2395
4 2385 2386 2397 2396
4 2386 628 629 2397
4 609 2387 2398 610
4 2387 2388 2399 2398
4 2388 2389 2400 2399
4 2389 2390 2401 2400
4 2390 2391 2402 2401
4 2391 2392 2403 2402
4 2392 2393 2404 2403
4 2393 2394 2405 2404
4 2394 2395 2406 2405
4 2395 2396 2407 2406
4 2396 2397 2408 2407
4 2397 629 630 2408
4 610 2398 2409 611
4 2398 2399 2410 2409
4 2399 2400 2411 2410
4 2400 2401 2412 2411
4 2401 2402 2413 2412
4 2402 2403 2414 2413
4 2403 2404 2415 2414
4 2404 2405 2416 2415
4 2405 2406 2417 2416
4 2406 2407 2418 2417
4 2407 2408 2419 2418
4 2408 630 631 2419
4 611 2409 2420 612
4 2409 2410 2421 2420
4 2410 2411 2422 2421
4 2411 2412 2423 2422
4 2412 2413 2424 2423
4 2413 2414 2425 2424
4 2414 2415 2426 2425
4 2415 2416 2427 2426
4 2416 2417 2428 2427
4 2417 2418 2429 2428
4 2418 2419 2430 2429
4 2419 631 632 2430
4 612 2420 2431 613
4 2420 2421 2432 2431
4 2421 2422 2433 2432
4 2422 2423 2434 2433
4 2423 2424 2435 2434
4 2424 2425 2436 2435
4 2425 2426 2437 2436
4 2426 2427 2438 2437
4 2427 2428 2439 2438
4 2428 2429 2440 2439
4 2429 2430 2441 2440
4 2430 632 633 2441
4 613 2431 2442 614
4 2431 2432 2443 2442
4 2432 2433 2444 2443
4 2433 2434 2445 2444
4 2434 2435 2446 2445
4 2435 2436 2447 2446
4 2436 2437 2448 2447
4 2437 2438 2449 2448
4 2438 2439 2450 2449
4 2439 2440 2451 2450
4 2440 2441 2452 2451
4 2441 633 634 2452
4 614 2442 2453 615
4 2442 2443 2454 2453
4 2443 2444 2455 2454
4 2444 2445 2456 2455
4 2445 2446 2457 2456
4 2446 2447 2458 2457
4 2447 2448 2459 2458
4 2448 2449 2460 2459
4 2449 2450 2461 2460
4 2450 2451 2462 2461
4 2451 2452 2463 2462
4 2452 634 635 2463
4 615 2453 2464 616
4 2453 2454 2465 2464
4 2454 2455 2466 2465
4 2455 2456 2467 2466
4 2456 2457 2468 2467
4 2457 2458 2469 2468
4 2458 2459 2470 2469
4 2459 2460 2471 2470
4 2460 2461 2472 2471
4 2461 2462 2473 2472
4 2462 2463 2474 2473
4 2463 635 636 2474
4 616 2464 2475 617
4 2464 2465 2476 2475
4 2465 2466 2477 2476
4 2466 2467 2478 2477
4 2467 2468 2479 2478
4 2468 2469 2480 2479
4 2469 2470 2481 2480
4 2470 2471 2482 2481
4 2471 2472 2483 2482
4 2472 2473 2484 2483
4 2473 2474 2485 2484
4 2474 636 637 2485
4 617 2475 2486 618
4 2475 2476 2487 2486
4 2476 2477 2488 2487
4 2477 2478 2489 2488
4 2478 2479 2490 2489
4 2479 2480 2491 2490
4 2480 2481 2492 2491
4 2481 2482 2493 2492
4 2482 2483 2494 2493
4 2483 2484 2495 2494
4 2484 2485 2496 2495
4 2485 637 638 2496
4 618 2486 2497 619
4 2486 2487 2498 2497
4 2487 2488 2499 2498
4 2488 2489 2500 2499
4 2489 2490 2501 2500
4 2490 2491 2502 2501
4 2491 2492 2503 2502
4 2492 2493 2504 2503
4 2493 2494 2505 2504
4 2494 2495 2506 2505
4 2495 2496 2507 2506
4 2496 638 639 2507
4 619 2497 370 22
4 2497 2498 371 370
4 2498 2499 372 371
4 2499 2500 373 372
4 2500 2501 374 373
4 2501 2502 375 374
4 2502 2503 376 375
4 2503 2504 377 376
4 2504 2505 378 377
4 2505 2506 379 378
4 2506 2507 380 379
4 2507 639 23 380
4 15 293 2508 620
4 293 294 2509 2508
4 294 295 2510 2509
4 295 296 2511 2510
4 296 297 2512 2511
4 297 298 2513 2512
4 298 299 2514 2513
4 299 300 2515 2514
4 300 301 2516 2515
4 301 302 2517 2516
4 302 303 2518 2517
4 303 8 480 2518
4 620 2508 2519 621
4 2508 2509 2520 2519
4 2509 2510 2521 2520
4 2510 2511 2522 2521
4 2511 2512 2523 2522
4 2512 2513 2524 2523
4 2513 2514 2525 2524
4 2514 2515 2526 2525
4 2515 2516 2527 2526
4 2516 2517 2528 2527
4 2517 2518 2529 2528
4 2518 480 481 2529
4 621 2519 2530 622
4 2519 2520 2531 2530
4 2520 2521 2532 2531
4 2521 2522 2533 2532
4 2522 2523 2534 2533
4 2523 2524 2535 2534
4 2524 2525 2536 2535
4 2525 2526 2537 2536
4 2526 2527 2538 2537
4 2527 2528 2539 2538
4 2528 2529 2540 2539
4 2529 481 482 2540
4 622 2530 2541 623
4 2530 2531 2542 2541
4 2531 2532 2543 2542
4 2532 2533 2544 2543
4 2533 2534 2545 2544
4 2534 2535 2546 2545
4 2535 2536 2547 2546
4 2536 2537 2548 2547
4 2537 2538 2549 2548
4 2538 2539 2550 2549
4 2539 2540 2551 2550
4 2540 482 483 2551
4 623 2541 2552 624
4 2541 2542 2553 2552
4 2542 2543 2554 2553
4 2543 2544 2555 2554
4 2544 2545 2556 2555
4 2545 2546 2557 2556
4 2546 2547 2558 2557
4 2547 2548 2559 2558
4 2548 2549 2560 2559
4 2549 2550 2561 2560
4 2550 2551 2562 2561
4 2551 483 484 2562
4 624 2552 2563 625
4 2552 2553 2564 2563
4 2553 2554 2565 2564
4 2554 2555 2566 2565
4 2555 2556 2567 2566
4 2556 2557 2568 2567
4 2557 2558 2569 2568
4 2558 2559 2570 2569
4 2559 2560 2571 2570
4 2560 2561 2572 2571
4 2561 2562 2573 2572
4 2562 484 485 2573
4 625 2563 2574 626
4 2563 2564 2575 2574
4 2564 2565 2576 2575
4 2565 2566 2577 2576
4 2566 2567 2578 2577
4 2567 2568 2579 2578
4 2568 2569 2580 2579
4 2569 2570 2581 2580
4 2570 2571 2582 2581
4 2571 2572 2583 2582
4 2572 2573 2584 2583
4 2573 485 486 2584
4 626 2574 2585 627
4 2574 2575 2586 2585
4 2575 2576 2587 2586
4 2576 2577 2588 2587
4 2577 2578 2589 2588
4 2578 2579 2590 2589
4 2579 2580 2591 2590
4 2580 2581 2592 2591
4 2581 2582 2593 2592
4 2582 2583 2594 2593
4 2583 2584 2595 2594
4 2584 486 487 2595
4 627 2585 2596 628
4 2585 2586 2597 2596
4 2586 2587 2598 2597
4 2587 2588 2599 2598
4 2588 2589 2600 2599
4 2589 2590 2601 2600
4 2590 2591 2602 2601
4 2591 2592 2603 2602
4 2592 2593 2604 2603
4 2593 2594 2605 2604
4 2594 2595 2606 2605
4 2595 487 488 2606
4 628 2596 2607 629
4 2596 2597 2608 2607
4 2597 2598 2609 2608
4 2598 2599 2610 2609
4 2599 2600 2611 2610
4 2600 2601 2612 2611
4 2601 2602 2613 2612
4 2602 2603 2614 2613
4 2603 2604 2615 2614
4 2604 2605 2616 2615
4 2605 2606 2617 2616
4 2606 488 489 2617
4 629 2607 2618 630
4 2607 2608 2619 2618
4 2608 2609 2620 2619
4 2609 2610 2621 2620
4 2610 2611 2622 2621
4 2611 2612 2623 2622
4 2612 2613 2624 2623
4 2613 2614 2625 2624
4 2614 2615 2626 2625
4 2615 2616 2627 2626
4 2616 2617 2628 2627
4 2617 489 490 2628
4 630 2618 2629 631
4 2618 2619 2630 2629
4 2619 2620 2631 2630
4 2620 2621 2632 2631
4 2621 2622 2633 2632
4 2622 2623 2634 2633
4 2623 2624 2635 2634
4 2624 2625 2636 2635
4 2625 2626 2637 2636
4 2626 2627 2638 2637
4 2627 2628 2639 2638
4 2628 490 491 2639
4 631 2629 2640 632
4 2629 2630 2641 2640
4 2630 2631 2642 2641
4 2631 2632 2643 2642
4 2632 2633 2644 2643
4 2633 2634 2645 2644
4 2634 2635 2646 2645
4 2635 2636 2647 2646
4 2636 2637 2648 2647
4 2637 2638 2649 2648
4 2638 2639 2650 2649
4 2639 491 492 2650
4 632 2640 2651 633
4 2640 2641 2652 2651
4 2641 2642 2653 2652
4 2642 2643 2654 2653
4 2643 2644 2655 2654
4 2644 2645 2656 2655
4 2645 2646 2657 2656
4 2646 2647 2658 2657
4 2647 2648 2659 2658
4 2648 2649 2660 2659
4 2649 2650 2661 2660
4 2650 492 493 2661
4 633 2651 2662 634
4 2651 2652 2663 2662
4 2652 2653 2664 2663
4 2653 2654 2665 2664
4 2654 2655 2666 2665
4 2655 2656 2667 2666
4 2656 2657 2668 2667
4 2657 2658 2669 2668
4 2658 2659 2670 2669
4 2659 2660 2671 2670
4 2660 2661 2672 2671
4 2661 493 494 2672
4 634 2662 2673 635
4 2662 2663 2674 2673
4 2663 2664 2675 2674
4 2664 2665 2676 2675
4 2665 2666 2677 2676
4 2666 2667 2678 2677
4 2667 2668 2679 2678
4 2668 2669 2680 2679
4 2669 2670 2681 2680
4 2670 2671 2682 2681
4 2671 2672 2683 2682
4 2672 494 495 2683
4 635 2673 2684 636
4 2673 2674 2685 2684
4 2674 2675 2686 2685
4 2675 2676 2687 2686
4 2676 2677 2688 2687
4 2677 2678 2689 2688
4 2678 2679 2690 2689
4 2679 2680 2691 2690
4 2680 2681 2692 2691
4 2681 2682 2693 2692
4 2682 2683 2694 2693
4 2683 495 496 2694
4 636 2684 2695 637
4 2684 2685 2696 2695
4 2685 2686 2697 2696
4 2686 2687 2698 2697
4 2687 2688 2699 2698
4 2688 2689 2700 2699
4 2689 2690 2701 2700
4 2690 2691 2702 2701
4 2691 2692 2703 2702
4 2692 2693 2704 2703
4 2693 2694 2705 2704
4 2694 496 497 2705
4 637 2695 2706 638
4 2695 2696 2707 2706
4 2696 2697 2708 2707
4 2697 2698 2709 2708
4 2698 2699 2710 2709
4 2699 2700 2711 2710
4 2700 2701 2712 2711
4 2701 2702 2713 2712
4 2702 2703 2714 2713
4 2703 2704 2715 2714
4 2704 2705 2716 2715
4 2705 497 498 2716
4 638 2706 2717 639
4 2706 2707 2718 2717
4 2707 2708 2719 2718
4 2708 2709 2720 2719
4 2709 2710 2721 2720
4 2710 2711 2722 2721
4 2711 2712 2723 2722
4 2712 2713 2724 2723
4 2713 2714 2725 2724
4 2714 2715 2726 2725
4 2715 2716 2727 2726
4 2716 498 499 2727
4 639 2717 381 23
4 2717 2718 382 381
4 2718 2719 383 382
4 2719 2720 384 383
4 2720 2721 385 384
4 2721 2722 386 385
4 2722 2723 387 386
4 2723 2724 388 387
4 2724 2725 389 388
4 2725 2726 390 389
4 2726 2727 391 390
4 2727 499 16 391
4 0 128 2728 640
4 128 129 2729 2728
4 129 130 2730 2729
4 130 131 2731 2730
4 131 132 2732 2731
4 132 133 2733 2732
4 133 134 2734 2733
4 134 135 2735 2734
4 135 136 2736 2735
4 136 137 2737 2736
4 137 138 2738 2737
4 138 1 642 2738
4 640 2728 2739 641
4 2728 2729 2740 2739
4 2729 2730 2741 2740
4 2730 2731 2742 2741
4 2731 2732 2743 2742
4 2732 2733 2744 2743
4 2733 2734 2745 2744
4 2734 2735 2746 2745
4 2735 2736 2747 2746
4 2736 2737 2748 2747
4 2737 2738 2749 2748
4 2738 642 643 2749
4 641 2739 392 24
4 2739 2740 393 392
4 2740 2741 394 393
4 2741 2742 395 394
4 2742 2743 396 395
4 2743 2744 397 396
4 2744 2745 398 397
4 2745 2746 399 398
4 2746 2747 400 399
4 2747 2748 401 400
4 2748 2749 402 401
4 2749 643 25 402
4 1 139 2750 642
4 139 140 2751 2750
4 140 141 2752 2751
4 141 142 2753 2752
4 142 143 2754 2753
4 143 144 2755 2754
4 144 145 2756 2755
4 145 146 2757 2756
4 146 147 2758 2757
4 147 148 2759 2758
4 148 149 2760 2759
4 149 2 644 2760
4 642 2750 2761 643
4 2750 2751 2762 2761
4 2751 2752 2763 2762
4 2752 2753 2764 2763
4 2753 2754 2765 2764
4 2754 2755 2766 2765
4 2755 2756 2767 2766
4 2756 2757 2768 2767
4 2757 2758 2769 2768
4 2758 2759 2770 2769
4 2759 2760 2771 2770
4 2760 644 645 2771
4 643 2761 403 25
4 2761 2762 404 403
4 2762 2763 405 404
4 2763 2764 406 405
4 2764 2765 407 406
4 2765 2766 408 407
4 2766 2767 409 408
4 2767 2768 410 409
4 2768 2769 411 410
4 2769 2770 412 411
4 2770 2771 413 412
4 2771 645 26 413
4 2 150 2772 644
4 150 151 2773 2772
4 151 152 2774 2773
4 152 153 2775 2774
4 153 154 2776 2775
4 154 155 2777 2776
4 155 156 2778 2777
4 156 157 2779 2778
4 157 158 2780 2779
4 158 159 2781 2780
4 159 160 2782 2781
4 160 3 646 2782
4 644 2772 2783 645
4 2772 2773 2784 2783
4 2773 2774 2785 2784
4 2774 2775 2786 2785
4 2775 2776 2787 2786
4 2776 2777 2788 2787
4 2777 2778 2789 2788
4 2778 2779 2790 2789
4 2779 2780 2791 2790
4 2780 2781 2792 2791
4 2781 2782 2793 2792
4 2782 646 647 2793
4 645 2783 414 26
4 2783 2784 415 414
4 2784 2785 416 415
4 2785 2786 417 416
4 2786 2787 418 417
4 2787 2788 419 418
4 2788 2789 420 419
4 2789 2790 421 420
4 2790 2791 422 421
4 2791 2792 423 422
4 2792 2793 424 423
4 2793 647 27 424
4 3 161 2794 646
4 161 162 2795 2794
4 162 163 2796 2795
4 163 164 2797 2796
4 164 165 2798 2797
4 165 166 2799 2798
4 166 167 2800 2799
4 167 168 2801 2800
4 168 169 2802 2801
4 169 170 2803 2802
4 170 171 2804 2803
4 171 4 648 2804
4 646 2794 2805 647
4 2794 2795 2806 2805
4 2795 2796 2807 2806
4 2796 2797 2808 2807
4 2797 2798 2809 2808
4 2798 2799 2810 2809
4 2799 2800 2811 2810
4 2800 2801 2812 2811
4 2801 2802 2813 2812
4 2802 2803 2814 2813
4 2803 2804 2815 2814
4 2804 648 649 2815
4 647 2805 425 27
4 2805 2806 426 425
4 2806 2807 427 426
4 2807 2808 428 427
4 2808 2809 429 428
4 2809 2810 430 429
4 2810 2811 431 430
4 2811 2812 432 431
4 2812 2813 433 432
4 2813 2814 434 433
4 2814 2815 435 434
4 2815 649 28 435
4 4 172 2816 648
4 172 173 2817 2816
4 173 174 2818 2817
4 174 175 2819 2818
4 175 176 2820 2819
4 176 177 2821 2820
4 177 178 2822 2821
4 178 179 2823 2822
4 179 180 2824 2823
4 180 181 2825 2824
4 181 182 2826 2825
4 182 5 650 2826
4 648 2816 2827 649
4 2816 2817 2828 2827
4 2817 2818 2829 2828
4 2818 2819 2830 2829
4 2819 2820 2831 2830
4 2820 2821 2832 2831
4 2821 2822 2833 2832
4 2822 2823 2834 2833
4 2823 2824 2835 2834
4 2824 2825 2836 2835
4 2825 2826 2837 2836
4 2826 650 651 2837
4 649 2827 436 28
4 2827 2828 437 436
4 2828 2829 438 437
4 2829 2830 439 438
4 2830 2831 440 439
4 2831 2832 441 440
4 2832 2833 442 441
4 2833 2834 443 442
4 2834 2835 444 443
4 2835 2836 445 444
4 2836 2837 446 445
4 2837 651 29 446
4 5 183 2838 650
4 183 184 2839 2838
4 184 185 2840 2839
4 185 186 2841 2840
4 186 187 2842 2841
4 187 188 2843 2842
4 188 189 2844 2843
4 189 190 2845 2844
4 190 191 2846 2845
4 191 192 2847 2846
4 192 193 2848 2847
4 193 6 652 2848
4 650 2838 2849 651
4 2838 2839 2850 2849
4 2839 2840 2851 2850
4 2840 2841 2852 2851
4 2841 2842 2853 2852
4 2842 2843 2854 2853
4 2843 2844 2855 2854
4 2844 2845 2856 2855
4 2845 2846 2857 2856
4 2846 2847 2858 2857
4 2847 2848 2859 2858
4 2848 652 653 2859
4 651 2849 447 29
4 2849 2850 448 447
4 2850 2851 449 448
4 2851 2852 450 449
4 2852 2853 451 450
4 2853 2854 452 451
4 2854 2855 453 452
4 2855 2856 454 453
4 2856 2857 455 454
4 2857 2858 456 455
4 2858 2859 457 456
4 2859 653 30 457
4 6 194 2860 652
4 194 195 2861 2860
4 195 196 2862 2861
4 196 197 2863 2862
4 197 198 2864 2863
4 198 199 2865 2864
4 199 200 2866 2865
4 200 201 2867 2866
4 201 202 2868 2867
4 202 203 2869 2868
4 203 204 2870 2869
4 204 7 654 2870
4 652 2860 2871 653
4 2860 2861 2872 2871
4 2861 2862 2873 2872
4 2862 2863 2874 2873
4 2863 2864 2875 2874
4 2864 2865 2876 2875
4 2865 2866 2877 2876
4 2866 2867 2878 2877
4 2867 2868 2879 2878
4 2868 2869 2880 2879
4 2869 2870 2881 2880
4 2870 654 655 2881
4 653 2871 458 30
4 2871 2872 459 458
4 2872 2873 460 459
4 2873 2874 461 460
4 2874 2875 462 461
4 2875 2876 463 462
4 2876 2877 464 463
4 2877 2878 465 464
4 2878 2879 466 465
4 2879 2880 467 466
4 2880 2881 468 467
4 2881 655 31 468
4 7 205 2882 654
4 205 206 2883 2882
4 206 207 2884 2883
4 207 208 2885 2884
4 208 209 2886 2885
4 209 210 2887 2886
4 210 211 2888 2887
4 211 212 2889 2888
4 212 213 2890 2889
4 213 214 2891 2890
4 214 215 2892 2891
4 215 0 640 2892
4 654 2882 2893 655
4 2882 2883 2894 2893
4 2883 2884 2895 2894
4 2884 2885 2896 2895
4 2885 2886 2897 2896
4 2886 2887 2898 2897
4 2887 2888 2899 2898
4 2888 2889 2900 2899
4 2889 2890 2901 2900
4 2890 2891 2902 2901
4 2891 2892 2903 2902
4 2892 640 641 2903
4 655 2893 469 31
4 2893 2894 470 469
4 2894 2895 471 470
4 2895 2896 472 471
4 2896 2897 473 472
4 2897 2898 474 473
4 2898 2899 475 474
4 2899 2900 476 475
4 2900 2901 477 476
4 2901 2902 478 477
4 2902 2903 479 478
4 2903 641 24 479
4 16 304 64 32
4 304 305 664 64
4 305 306 665 664
4 306 307 666 665
4 307 308 667 666
4 308 309 668 667
4 309 310 669 668
4 310 311 670 669
4 311 312 671 670
4 312 313 672 671
4 313 314 65 672
4 314 17 33 65
4 17 315 66 33
4 315 316 673 66
4 316 317 674 673
4 317 318 675 674
4 318 319 676 675
4 319 320 677 676
4 320 321 678 677
4 321 322 679 678
4 322 323 680 679
4 323 324 681 680
4 324 325 67 681
4 325 18 34 67
4 18 326 68 34
4 326 327 682 68
4 327 328 683 682
4 328 329 684 683
4 329 330 685 684
4 330 331 686 685
4 331 332 687 686
4 332 333 688 687
4 333 334 689 688
4 334 335 690 689
4 335 336 69 690
4 336 19 35 69
4 19 337 70 35
4 337 338 691 70
4 338 339 692 691
4 339 340 693 692
4 340 341 694 693
4 341 342 695 694
4 342 343 696 695
4 343 344 697 696
4 344 345 698 697
4 345 346 699 698
4 346 347 71 699
4 347 20 36 71
4 20 348 72 36
4 348 349 700 72
4 349 350 701 700
4 350 351 702 701
4 351 352 703 702
4 352 353 704 703
4 353 354 705 704
4 354 355 706 705
4 355 356 707 706
4 356 357 708 707
4 357 358 73 708
4 358 21 37 73
4 21 359 74 37
4 359 360 709 74
4 360 361 710 709
4 361 362 711 710
4 362 363 712 711
4 363 364 713 712
4 364 365 714 713
4 365 366 715 714
4 366 367 716 715
4 367 368 717 716
4 368 369 75 717
4 369 22 38 75
4 22 370 76 38
4 370 371 718 76
4 371 372 719 718
4 372 373 720 719
4 373 374 721 720
4 374 375 722 721
4 375 376 723 722
4 376 377 724 723
4 377 378 725 724
4 378 379 726 725
4 379 380 77 726
4 380 23 39 77
4 23 381 78 39
4 381 382 727 78
4 382 383 728 727
4 383 384 729 728
4 384 385 730 729
4 385 386 731 730
4 386 387 732 731
4 387 388 733 732
4 388 389 734 733
4 389 390 735 734
4 390 391 79 735
4 391 16 32 79
4 40 24 392 80
4 80 392 393 736
4 736 393 394 737
4 737 394 395 738
4 738 395 396 739
4 739 396 397 740
4 740 397 398 741
4 741 398 399 742
4 742 399 400 743
4 743 400 401 744
4 744 401 402 81
4 81 402 25 41
4 41 25 403 82
4 82 403 404 745
4 745 404 405 746
4 746 405 406 747
4 747 406 407 748
4 748 407 408 749
4 749 408 409 750
4 750 409 410 751
4 751 410 411 752
4 752 411 412 753
4 753 412 413 83
4 83 413 26 42
4 42 26 414 84
4 84 414 415 754
4 754 415 416 755
4 755 416 417 756
4 756 417 418 757
4 757 418 419 758
4 758 419 420 759
4 759 420 421 760
4 760 421 422 761
4 761 422 423 762
4 762 423 424 85
4 85 424 27 43
4 43 27 425 86
4 86 425 426 763
4 763 426 427 764
4 764 427 428 765
4 765 428 429 766
4 766 429 430 767
4 767 430 431 768
4 768 431 432 769
4 769 432 433 770
4 770 433 434 771
4 771 434 435 87
4 87 435 28 44
4 44 28 436 88
4 88 436 437 772
4 772 437 438 773
4 773 438 439 774
4 774 439 440 775
4 775 440 441 776
4 776 441 442 777
4 777 442 443 778
4 778 443 444 779
4 779 444 445 780
4 780 445 446 89
4 89 446 29 45
4 45 29 447 90
4 90 447 448 781
4 781 448 449 782
4 782 449 450 783
4 783 450 451 784
4 784 451 452 785
4 785 452 453 786
4 786 453 454 787
4 787 454 455 788
4 788 455 456 789
4 789 456 457 91
4 91 457 30 46
4 46 30 458 92
4 92 458 459 790
4 790 459 460 791
4 791 460 461 792
4 792 461 462 793
4 793 462 463 794
4 794 463 464 795
4 795 464 465 796
4 796 465 466 797
4 797 466 467 798
4 798 467 468 93
4 93 468 31 47
4 47 31 469 94
4 94 469 470 799
4 799 470 471 800
4 800 471 472 801
4 801 472 473 802
4 802 473 474 803
4 803 474 475 804
4 804 475 476 805
4 805 476 477 806
4 806 477 478 807
4 807 478 479 95
4 95 479 24 40
4 32 64 96 48
4 64 664 808 96
4 664 665 809 808
4 665 666 810 809
4 666 667 811 810
4 667 668 812 811
4 668 669 813 812
4 669 670 814 813
4 670 671 815 814
4 671 672 816 815
4 672 65 97 816
4 65 33 49 97
4 33 66 98 49
4 66 673 817 98
4 673 674 818 817
4 674 675 819 818
4 675 676 820 819
4 676 677 821 820
4 677 678 822 821
4 678 679 823 822
4 679 680 824 823
4 680 681 825 824
4 681 67 99 825
4 67 34 50 99
4 34 68 100 50
4 68 682 826 100
4 682 683 827 826
4 683 684 828 827
4 684 685 829 828
4 685 686 830 829
4 686 687 831 830
4 687 688 832 831
4 688 689 833 832
4 689 690 834 833
4 690 69 101 834
4 69 35 51 101
4 35 70 102 51
4 70 691 835 102
4 691 692 836 835
4 692 693 837 836
4 693 694 838 837
4 694 695 839 838
4 695 696 840 839
4 696 697 841 840
4 697 698 842 841
4 698 699 843 842
4 699 71 103 843
4 71 36 52 103
4 36 72 104 52
4 72 700 844 104
4 700 701 845 844
4 701 702 846 845
4 702 703 847 846
4 703 704 848 847
4 704 705 849 848
4 705 706 850 849
4 706 707 851 850
4 707 708 852 851
4 708 73 105 852
4 73 37 53 105
4 37 74 106 53
4 74 709 853 106
4 709 710 854 853
4 710 711 855 854
4 711 712 856 855
4 712 713 857 856
4 713 714 858 857
4 714 715 859 858
4 715 716 860 859
4 716 717 861 860
4 717 75 107 861
4 75 38 54 107
4 38 76 108 54
4 76 718 862 108
4 718 719 863 862
4 719 720 864 863
4 720 721 865 864
4 721 722 866 865
4 722 723 867 866
4 723 724 868 867
4 724 725 869 868
4 725 726 870 869
4 726 77 109 870
4 77 39 55 109
4 39 78 110 55
4 78 727 871 110
4 727 728 872 871
4 728 729 873 872
4 729 730 874 873
4 730 731 875 874
4 731 732 876 875
4 732 733 877 876
4 733 734 878 877
4 734 735 879 878
4 735 79 111 879
4 79 32 48 111
4 48 96 952 656
4 656 952 112 56
4 96 808 2904 952
4 808 809 2905 2904
4 809 810 2906 2905
4 810 811 2907 2906
4 811 812 2908 2907
4 812 813 2909 2908
4 813 814 2910 2909
4 814 815 2911 2910
4 815 816 2912 2911
4 816 97 953 2912
4 952 2904 880 112
4 2904 2905 881 880
4 2905 2906 882 881
4 2906 2907 883 882
4 2907 2908 884 883
4 2908 2909 885 884
4 2909 2910 886 885
4 2910 2911 887 886
4 2911 2912 888 887
4 2912 953 113 888
4 97 49 657 953
4 953 657 57 113
4 49 98 954 657
4 657 954 114 57
4 98 817 2913 954
4 817 818 2914 2913
4 818 819 2915 2914
4 819 820 2916 2915
4 820 821 2917 2916
4 821 822 2918 2917
4 822 823 2919 2918
4 823 824 2920 2919
4 824 825 2921 2920
4 825 99 955 2921
4 954 2913 889 114
4 2913 2914 890 889
4 2914 2915 891 890
4 2915 2916 892 891
4 2916 2917 893 892
4 2917 2918 894 893
4 2918 2919 895 894
4 2919 2920 896 895
4 2920 2921 897 896
4 2921 955 115 897
4 99 50 658 955
4 955 658 58 115
4 50 100 956 658
4 658 956 116 58
4 100 826 2922 956
4 826 827 2923 2922
4 827 828 2924 2923
4 828 829 2925 2924
4 829 830 2926 2925
4 830 831 2927 2926
4 831 832 2928 2927
4 832 833 2929 2928
4 833 834 2930 2929
4 834 101 957 2930
4 956 2922 898 116
4 2922 2923 899 898
4 2923 2924 900 899
4 2924 2925 901 900
4 2925 2926 902 901
4 2926 2927 903 902
4 2927 2928 904 903
4 2928 2929 905 904
4 2929 2930 906 905
4 2930 957 117 906
4 101 51 659 957
4 957 659 59 117
4 51 102 958 659
4 659 958 118 59
4 102 835 2931 958
4 835 836 2932 2931
4 836 837 2933 2932
4 837 838 2934 2933
4 838 839 2935 2934
4 839 840 2936 2935
4 840 841 2937 2936
4 841 842 2938 2937
4 842 843 2939 2938
4 843 103 959 2939
4 958 2931 907 118
4 2931 2932 908 907
4 2932 2933 909 908
4 2933 2934 910 909
4 2934 2935 911 910
4 2935 2936 912 911
4 2936 2937 913 912
4 2937 2938 914 913
4 2938 2939 915 914
4 2939 959 119 915
4 103 52 660 959
4 959 660 60 119
4 52 104 960 660
4 660 960 120 60
4 104 844 2940 960
4 844 845 2941 2940
4 845 846 2942 2941
4 846 847 2943 2942
4 847 848 2944 2943
4 848 849 2945 2944
4 849 850 2946 2945
4 850 851 2947 2946
4 851 852 2948 2947
4 852 105 961 2948
4 960 2940 916 120
4 2940 2941 917 916
4 2941 2942 918 917
4 2942 2943 919 918
4 2943 2944 920 919
4 2944 2945 921 920
4 2945 2946 922 921
4 2946 2947 923 922
4 2947 2948 924 923
4 2948 961 121 924
4 105 53 661 961
4 961 661 61 121
4 53 106 962 661
4 661 962 122 61
4 106 853 2949 962
4 853 854 2950 2949
4 854 855 2951 2950
4 855 856 2952 2951
4 856 857 2953 2952
4 857 858 2954 2953
4 858 859 2955 2954
4 859 860 2956 2955
4 860 861 2957 2956
4 861 107 963 2957
4 962 2949 925 122
4 2949 2950 926 925
4 2950 2951 927 926
4 2951 2952 928 927
4 2952 2953 929 928
4 2953 2954 930 929
4 2954 2955 931 930
4 2955 2956 932 931
4 2956 2957 933 932
4 2957 963 123 933
4 107 54 662 963
4 963 662 62 123
4 54 108 964 662
4 662 964 124 62
4 108 862 2958 964
4 862 863 2959 2958
4 863 864 2960 2959
4 864 865 2961 2960
4 865 866 2962 2961
4 866 867 2963 2962
4 867 868 2964 2963
4 868 869 2965 2964
4 869 870 2966 2965
4 870 109 965 2966
4 964 2958 934 124
4 2958 2959 935 934
4 2959 2960 936 935
4 2960 2961 937 936
4 2961 2962 938 937
4 2962 2963 939 938
4 2963 2964 940 939
4 2964 2965 941 940
4 2965 2966 942 941
4 2966 965 125 942
4 109 55 663 965
4 965 663 63 125
4 55 110 966 663
4 663 966 126 63
4 110 871 2967 966
4 871 872 2968 2967
4 872 873 2969 2968
4 873 874 2970 2969
4 874 875 2971 2970
4 875 876 2972 2971
4 876 877 2973 2972
4 877 878 2974 2973
4 878 879 2975 2974
4 879 111 967 2975
4 966 2967 943 126
4 2967 2968 944 943
4 2968 2969 945 944
4 2969 2970 946 945
4 2970 2971 947 946
4 2971 2972 948 947
4 2972 2973 949 948
4 2973 2974 950 949
4 2974 2975 951 950
4 2975 967 127 951
4 111 48 656 967
4 967 656 56 127
4 56 112 80 40
4 112 880 736 80
4 880 881 737 736
4 881 882 738 737
4 882 883 739 738
4 883 884 740 739
4 884 885 741 740
4 885 886 742 741
4 886 887 743 742
4 887 888 744 743
4 888 113 81 744
4 113 57 41 81
4 57 114 82 41
4 114 889 745 82
4 889 890 746 745
4 890 891 747 746
4 891 892 748 747
4 892 893 749 748
4 893 894 750 749
4 894 895 751 750
4 895 896 752 751
4 896 897 753 752
4 897 115 83 753
4 115 58 42 83
4 58 116 84 42
4 116 898 754 84
4 898 899 755 754
4 899 900 756 755
4 900 901 757 756
4 901 902 758 757
4 902 903 759 758
4 903 904 760 759
4 904 905 761 760
4 905 906 762 761
4 906 117 85 762
4 117 59 43 85
4 59 118 86 43
4 118 907 763 86
4 907 908 764 763
4 908 909 765 764
4 909 910 766 765
4 910 911 767 766
4 911 912 768 767
4 912 913 769 768
4 913 914 770 769
4 914 915 771 770
4 915 119 87 771
4 119 60 44 87
4 60 120 88 44
4 120 916 772 88
4 916 917 773 772
4 917 918 774 773
4 918 919 775 774
4 919 920 776 775
4 920 921 777 776
4 921 922 778 777
4 922 923 779 778
4 923 924 780 779
4 924 121 89 780
4 121 61 45 89
4 61 122 90 45
4 122 925 781 90
4 925 926 782 781
4 926 927 783 782
4 927 928 784 783
4 928 929 785 784
4 929 930 786 785
4 930 931 787 786
4 931 932 788 787
4 932 933 789 788
4 933 123 91 789
4 123 62 46 91
4 62 124 92 46
4 124 934 790 92
4 934 935 791 790
4 935 936 792 791
4 936 937 793 792
4 937 938 794 793
4 938 939 795 794
4 939 940 796 795
4 940 941 797 796
4 941 942 798 797
4 942 125 93 798
4 125 63 47 93
4 63 126 94 47
4 126 943 799 94
4 943 944 800 799
4 944 945 801 800
4 945 946 802 801
4 946 947 803 802
4 947 948 804 803
4 948 949 805 804
4 949 950 806 805
4 950 951 807 806
4 951 127 95 807
4 127 56 40 95

CELL_TYPES 4079
1
1
1
1
1
1
1
1
1
1
1
1
1
1
1
1
1
1
1
1
1
1
1
1
1
1
1
1
1
1
1
1
1
1
1
1
1
1
1
1
1
1
1
1
1
1
1
1
1
1
1
1
1
1
1
1
1
1
1
1
1
1
1
1
1
1
1
1
1
1
1
1
1
1
1
1
1
1
1
1
1
1
1
1
1
1
1
1
1
1
1
1
1
1
1
1
1
1
1
1
1
1
1
1
1
1
1
1
1
1
1
1
1
1
1
1
1
1
1
1
1
1
1
1
1
1
1
3
3
3
3
3
3
3
3
3
3
3
3
3
3
3
3
3
3
3
3
3
3
3
3
3
3
3
3
3
3
3
3
3
3
3
3
3
3
3
3
3
3
3
3
3
3
3
3
3
3
3
3
3
3
3
3
3
3
3
3
3
3
3
3
3
3
3
3
3
3
3
3
3
3
3
3
3
3
3
3
3
3
3
3
3
3
3
3
3
3
3
3
3
3
3
3
3
3
3
3
3
3
3
3
3
3
3
3
3
3
3
3
3
3
3
3
3
3
3
3
3
3
3
3
3
3
3
3
3
3
3
3
3
3
3
3
3
3
3
3
3
3
3
3
3
3
3
3
3
3
3
3
3
3
3
3
3
3
3
3
3
3
3
3
3
3
3
3
3
3
3
3
3
3
3
3
3
3
3
3
3
3
3
3
3
3
3
3
3
3
3
3
3
3
3
3
3
3
3
3
3
3
3
3
3
3
3
3
3
3
3
3
3
3
3
3
3
3
3
3
3
3
3
3
3
3
3
3
3
3
3
3
3
3
3
3
3
3
3
3
3
3
3
3
3
3
3
3
3
3
3
3
3
3
3
3
3
3
3
3
3
3
3
3
3
3
3
3
3
3
3
3
3
3
3
3
3
3
3
3
3
3
3
3
3
3
3
3
3
3
3
3
3
3
3
3
3
3
3
3
3
3
3
3
3
3
3
3
3
3
3
3
3
3
3
3
3
3
3
3
3
3
3
3
3
3
3
3
3
3
3
3
3
3
3
3
3
3
3
3
3
3
3
3
3
3
3
3
3
3
3
3
3
3
3
3
3
3
3
3
3
3
3
3
3
3
3
3
3
3
3
3
3
3
3
3
3
3
3
3
3
3
3
3
3
3
3
3
3
3
3
3
3
3
3
3
3
3
3
3
3
3
3
3
3
3
3
3
3
3
3
3
3
3
3
3
3
3
3
3
3
3
3
3
3
3
3
3
3
3
3
3
3
3
3
3
3
3
3
3
3
3
3
3
3
3
3
3
3
3
3
3
3
3
3
3
3
3
3
3
3
3
3
3
3
3
3
3
3
3
3
3
3
3
3
3
3
3
3
3
3
3
3
3
3
3
3
3
3
3
3
3
3
3
3
3
3
3
3
3
3
3
3
3
3
3
3
3
3
3
3
3
3
3
3
3
3
3
3
3
3
3
3
3
3
3
3
3
3
3
3
3
3
3
3
3
3
3
3
3
3
3
3
3
3
3
3
3
3
3
3
3
3
3
3
3
3
3
3
3
3
3
3
3
3
3
3
3
3
3
3
3
3
3
3
3
3
3
3
3
3
3
3
3
3
3
3
3
3
3
3
3
3
3
3
3
3
3
3
3
3
3
3
3
3
3
3
3
3
3
3
3
3
3
3
3
3
3
3
3
3
3
3
3
3
3
3
3
3
3
3
3
3
3
3
3
3
3
3
3
3
3
3
3
3
3
3
3
3
3
3
3
3
3
3
3
3
3
3
3
3
3
3
3
3
3
3
3
3
3
3
3
3
3
3
3
3
3
3
3
3
3
3
3
3
3
3
3
3
3
3
3
3
3
3
3
3
3
3
3
3
3
3
3
3
3
3
3
3
3
3
3
3
3
3
3
3
3
3
3
3
3
3
3
3
3
3
3
3
3
3
3
3
3
3
3
3
3
3
3
3
3
3
3
3
3
3
3
3
3
3
3
3
3
3
3
3
3
3
3
3
3
3
3
3
3
3
3
3
3
3
3
3
3
3
3
3
3
3
3
3
3
3
3
3
3
3
3
3
3
3
3
3
3
3
3
3
3
3
3
3
3
3
3
3
3
3
3
3
3
3
3
3
3
3
3
3
3
3
3
3
3
3
3
3
3
3
3
3
3
3
3
3
3
3
3
3
3
3
3
3
3
3
3
3
3
3
3
3
3
3
3
3
3
3
3
3
3
3
3
3
3
3
3
3
3
3
3
3
3
3
3
3
3
3
3
3
3
3
3
3
3
3
3
3
3
3
3
3
3
3
3
3
3
3
3
3
3
3
3
3
3
3
3
3
3
3
3
3
3
3
3
3
3
3
3
3
3
3
3
3
3
3
3
3
3
3
3
3
3
3
3
3
3
3
3
3
3
3
3
3
3
3
3
3
3
3
3
3
3
3
3
3
3
3
3
3
3
3
3
3
3
3
3
3
3
3
3
3
3
3
3
3
3
3
3
3
3
3
3
3
3
3
3
3
3
3
3
3
3
3
3
3
3
3
3
3
3
3
3
3
3
3
3
3
3
3
3
3
3
3
3
3
3
3
3
3
3
3
3
3
3
3
3
3
3
3
3
3
3
3
3
3
3
3
3
3
3
3
3
3
3
3
3
3
3
3
3
3
3
3
3
3
3
3
3
3
3
3
3
3
3
3
3
3
3
3
3
3
3
3
3
9
9
9
9
9
9
9
9
9
9
9
9
9
9
9
9
9
9
9
9
9
9
9
9
9
9
9
9
9
9
9
9
9
9
9
9
9
9
9
9
9
9
9
9
9
9
9
9
9
9
9
9
9
9
9
9
9
9
9
9
9
9
9
9
9
9
9
9
9
9
9
9
9
9
9
9
9
9
9
9
9
9
9
9
9
9
9
9
9
9
9
9
9
9
9
9
9
9
9
9
9
9
9
9
9
9
9
9
9
9
9
9
9
9
9
9
9
9
9
9
9
9
9
9
9
9
9
9
9
9
9
9
9
9
9
9
9
9
9
9
9
9
9
9
9
9
9
9
9
9
9
9
9
9
9
9
9
9
9
9
9
9
9
9
9
9
9
9
9
9
9
9
9
9
9
9
9
9
9
9
9
9
9
9
9
9
9
9
9
9
9
9
9
9
9
9
9
9
9
9
9
9
9
9
9
9
9
9
9
9
9
9
9
9
9
9
9
9
9
9
9
9
9
9
9
9
9
9
9
9
9
9
9
9
9
9
9
9
9
9
9
9
9
9
9
9
9
9
9
9
9
9
9
9
9
9
9
9
9
9
9
9
9
9
9
9
9
9
9
9
9
9
9
9
9
9
9
9
9
9
9
9
9
9
9
9
9
9
9
9
9
9
9
9
9
9
9
9
9
9
9
9
9
9
9
9
9
9
9
9
9
9
9
9
9
9
9
9
9
9
9
9
9
9
9
9
9
9
9
9
9
9
9
9
9
9
9
9
9
9
9
9
9
9
9
9
9
9
9
9
9
9
9
9
9
9
9
9
9
9
9
9
9
9
9
9
9
9
9
9
9
9
9
9
9
9
9
9
9
9
9
9
9
9
9
9
9
9
9
9
9
9
9
9
9
9
9
9
9
9
9
9
9
9
9
9
9
9
9
9
9
9
9
9
9
9
9
9
9
9
9
9
9
9
9
9
9
9
9
9
9
9
9
9
9
9
9
9
9
9
9
9
9
9
9
9
9
9
9
9
9
9
9
9
9
9
9
9
9
9
9
9
9
9
9
9
9
9
9
9
9
9
9
9
9
9
9
9
9
9
9
9
9
9
9
9
9
9
9
9
9
9
9
9
9
9
9
9
9
9
9
9
9
9
9
9
9
9
9
9
9
9
9
9
9
9
9
9
9
9
9
9
9
9
9
9
9
9
9
9
9
9
9
9
9
9
9
9
9
9
9
9
9
9
9
9
9
9
9
9
9
9
9
9
9
9
9
9
9
9
9
9
9
9
9
9
9
9
9
9
9
9
9
9
9
9
9
9
9
9
9
9
9
9
9
9
9
9
9
9
9
9
9
9
9
9
9
9
9
9
9
9
9
9
9
9
9
9
9
9
9
9
9
9
9
9
9
9
9
9
9
9
9
9
9
9
9
9
9
9
9
9
9
9
9
9
9
9
9
9
9
9
9
9
9
9
9
9
9
9
9
9
9
9
9
9
9
9
9
9
9
9
9
9
9
9
9
9
9
9
9
9
9
9
9
9
9
9
9
9
9
9
9
9
9
9
9
9
9
9
9
9
9
9
9
9
9
9
9
9
9
9
9
9
9
9
9
9
9
9
9
9
9
9
9
9
9
9
9
9
9
9
9
9
9
9
9
9
9
9
9
9
9
9
9
9
9
9
9
9
9
9
9
9
9
9
9
9
9
9
9
9
9
9
9
9
9
9
9
9
9
9
9
9
9
9
9
9
9
9
9
9
9
9
9
9
9
9
9
9
9
9
9
9
9
9
9
9
9
9
9
9
9
9
9
9
9
9
9
9
9
9
9
9
9
9
9
9
9
9
9
9
9
9
9
9
9
9
9
9
9
9
9
9
9
9
9
9
9
9
9
9
9
9
9
9
9
9
9
9
9
9
9
9
9
9
9
9
9
9
9
9
9
9
9
9
9
9
9
9
9
9
9
9
9
9
9
9
9
9
9
9
9
9
9
9
9
9
9
9
9
9
9
9
9
9
9
9
9
9
9
9
9
9
9
9
9
9
9
9
9
9
9
9
9
9
9
9
9
9
9
9
9
9
9
9
9
9
9
9
9
9
9
9
9
9
9
9
9
9
9
9
9
9
9
9
9
9
9
9
9
9
9
9
9
9
9
9
9
9
9
9
9
9
9
9
9
9
9
9
9
9
9
9
9
9
9
9
9
9
9
9
9
9
9
9
9
9
9
9
9
9
9
9
9
9
9
9
9
9
9
9
9
9
9
9
9
9
9
9
9
9
9
9
9
9
9
9
9
9
9
9
9
9
9
9
9
9
9
9
9
9
9
9
9
9
9
9
9
9
9
9
9
9
9
9
9
9
9
9
9
9
9
9
9
9
9
9
9
9
9
9
9
9
9
9
9
9
9
9
9
9
9
9
9
9
9
9
9
9
9
9
9
9
9
9
9
9
9
9
9
9
9
9
9
9
9
9
9
9
9
9
9
9
9
9
9
9
9
9
9
9
9
9
9
9
9
9
9
9
9
9
9
9
9
9
9
9
9
9
9
9
9
9
9
9
9
9
9
9
9
9
9
9
9
9
9
9
9
9
9
9
9
9
9
9
9
9
9
9
9
9
9
9
9
9
9
9
9
9
9
9
9
9
9
9
9
9
9
9
9
9
9
9
9
9
9
9
9
9
9
9
9
9
9
9
9
9
9
9
9
9
9
9
9
9
9
9
9
9
9
9
9
9
9
9
9
9
9
9
9
9
9
9
9
9
9
9
9
9
9
9
9
9
9
9
9
9
9
9
9
9
9
9
9
9
9
9
9
9
9
9
9
9
9
9
9
9
9
9
9
9
9
9
9
9
9
9
9
9
9
9
9
9
9
9
9
9
9
9
9
9
9
9
9
9
9
9
9
9
9
9
9
9
9
9
9
9
9
9
9
9
9
9
9
9
9
9
9
9
9
9
9
9
9
9
9
9
9
9
9
9
9
9
9
9
9
9
9
9
9
9
9
9
9
9
9
9
9
9
9
9
9
9
9
9
9
9
9
9
9
9
9
9
9
9
9
9
9
9
9
9
9
9
9
9
9
9
9
9
9
9
9
9
9
9
9
9
9
9
9
9
9
9
9
9
9
9
9
9
9
9
9
9
9
9
9
9
9
9
9
9
9
9
9
9
9
9
9
9
9
9
9
9
9
9
9
9
9
9
9
9
9
9
9
9
9
9
9
9
9
9
9
9
9
9
9
9
9
9
9
9
9
9
9
9
9
9
9
9
9
9
9
9
9
9
9
9
9
9
9
9
9
9
9
9
9
9
9
9
9
9
9
9
9
9
9
9
9
9
9
9
9
9
9
9
9
9
9
9
9
9
9
9
9
9
9
9
9
9
9
9
9
9
9
9
9
9
9
9
9
9
9
9
9
9
9
9
9
9
9
9
9
9
9
9
9
9
9
9
9
9
9
9
9
9
9
9
9
9
9
9
9
9
9
9
9
9
9
9
9
9
9
9
9
9
9
9
9
9
9
9
9
9
9
9
9
9
9
9
9
9
9
9
9
9
9
9
9
9
9
9
9
9
9
9
9
9
9
9
9
9
9
9
9
9
9
9
9
9
9
9
9
9
9
9
9
9
9
9
9
9
9
9
9
9
9
9
9
9
9
9
9
9
9
9
9
9
9
9
9
9
9
9
9
9
9
9
9
9
9
9
9
9
9
9
9
9
9
9
9
9
9
9
9
9
9
9
9
9
9
9
9
9
9
9
9
9
9
9
9
9
9
9
9
9
9
9
9
9
9
9
9
9
9
9
9
9
9
9
9
9
9
9
9
9
9
9
9
9
9
9
9
9
9
9
9
9
9
9
9
9
9
9
9
9
9
9
9
9
9
9
9
9
9
9
9
9
9
9
9
9
9
9
9
9
9
9
9
9
9
9
9
9
9
9
9
9
9
9
9
9
9
9
9
9
9
9
9
9
9
9
9
9
9
9
9
9
9
9
9
9
9
9
9
9
9
9
9
9
9
9
9
9
9
9
9
9
9
9
9
9
9
9
9
9
9
9
9
9
9
9
9
9
9
9
9
9
9
9
9
9
9
9
9
9
9
9
9
9
9
9
9
9
9
9
9
9
9
9
9
9
9
9
9
9
9
9
9
9
9
9
9
9
9
9
9
9
9
9
9
9
9
9
9
9
9
9
9
9
9
9
9
9
9
9
9
9
9
9
9
9
9
9
9
9
9
9
9
9
9
9
9
9
9
9
9
9
9
9
9
9
9
9
9
9
9
9
9
9
9
9
9
9
9
9
9
9
9
9
9
9
9
9
9
9
9
9
9
9
9
9
9
9
9
9
9
9
9
9
9
9
9
9
9
9
9
9
9
9
9
9
9
9
9
9
9
9
9
9
9
9
9
9
9
9
9
9
9
9
9
9
9
9
9
9
9
9
9
9
9
9
9
9
9
9
9
9
9
9
9
9
9
9
9
9
9
9
9
9
9
9
9
9
9
9
9
9
9
9
9
9
9
9
9
9
9
9
9
9
9
9
9
9
9
9
9
9
9
9
9
9
9
9
9
9
9
9
9
9
9
9
9
9
9
9
9
9
9
9
9
9
9
9
9
9
9
9
9
9
9
9
9
9
9
9
9
9
9
9
9
9
9
9
9
9
9
9
9
9
9
9
9
9
9
9
9
9
9
9
9
9
9
9
9
9
9
9
9
9
9
9
9
9
9
9
9
9
9
9
9
9
9
9
9
9
9
9
9
9
9
9
9
9
9
9
9
9
9
9
9
9
9
9
9
9
9
9
9
9
9
9
9
9
9
9
9
9
9
9
9
9
9
9
9
9
9
9
9
9
9
9
9
9
9
9
9
9
9
9
9
9
9
9
9
9
9
9
9
9
9
9
9
9
9
9
9
9
9
9
9
9
9
9
9
9
9
9
9
9
9
9
9
9
9
9
9
9
9
9
9
9
9
9
9
9
9
9
9
9
9
9
9
9
9
9
9
9
9
9
9
9
9
9
9
9
9
9
9
9
9
9
9
9
9
9
9
9
9
9
9
9
9
9
9
9
9
9
9
9
9
9
9
9
9
9
9
9
9
9
9
9
9
9
9
9
9
9
9
9
9
9
9
9
9
9
9
9
9
9
9
9
9
9
9
9
9
9
9
9
9
9
9
9
9
9
9
9
9
9
9
9
9
9
9
9
9
9
9
9
9
9
9
9
9
9
9
9
9
9
9
9
9
9
9
9
9
9
9
9
9
9
9
9
9
9
9
9
9
9
9
9
9
9
9
9
9
9
9
9
9
9
9
9
9
9
9
9
9
9
9
9
9
9
9
9
9
9
9
9
9
9
9
9
9
9
9
9
9
9
9
9
9
9
9
9
9
9
9
9
9
9
9
9
9
9
9
9
9
9
9
9
9
9
9
9
9
9
9
9
9
9
9
9
9
9
9
9
9
9
9
9
9
9
9
9
9
9
9
9
9
9
9
9
9
9
9
9
9
9
9
9
9
9
9
9
9
9
9
9
9
9
9
9
9
9
9
9
9
9
9
9
9
9
9
9
9
9
9
9
9
9
9
9
9
9
9
9
9
9
9
9
9
9
9
9
9
9
9
9
9
9
9
9
9
9
9
9
9
9
9
9
9
9
9
9
9
9
9
9
9
9
9
9
9
9
9
9
9
9
9
9
9
9
9
9
9
9
9
9
9
9
9
9
9
9
9
9
9
9
9
9
9
9
9
9
9
9
9
9
9
9
9
9
9
9
9
9
9
9
9
9
9
9
9
9
9
9
9
9
9
9
9
9
9
9
9
9
9
9
9
9
9
9
9
9
9
9
9
9
9
9
9
9
9
9
9
9
9
9
9
9
9
9
9
9
9
9
9
9
9
9
9
9
9
9
9
9
9
9
9
9
9
9
9
9
9
9
9
9
9
9
9
9
9
9
9
9
9
9
9
9
9
9
9
9
9
9
9
9
9
9
9
9
9
9
9
9
9
9
9
9
9
9
9
9
9
9
9
9
9
9
9
9
9
9
9
9
9
9
9
9
9
9
9
9
9
9
9
9
9
9
9
9
9
9
9
9
9
9
9
9
9
9
9
9
9
9
9
9
9
9
9
9
9
9
9
9
9
9
9
9
9
9
9
9
9
9
9
9
9
9
9
9
9
9
9
9
9
9
9
9
9
9
9
9
9
9
9
9
9
9
9
9
9
9
9
9
9
9
9
9
9
9
9
9
9
9
9
9
9
9
9
9
9
9
9
9
9
9
9
9
9
9
9
9
9
9
9
9
9
9
9
9
9
9
9
9
9
9
9
9
9
9
9
9
9
9
9
9
9
9
9
9
9
9
9
9
9
9
9
9
9
9
9
9
9
9
9
9
9
9
9
9
9
9
9
9
9
9
9
9
9
9
9
9
9
9
9
9
9
9
9
9
9
9
9
9
9
9
9
9
9
9
9
9
9
9
9
9
9
9
9
9
9
9
9
9
9
9
9
9
9
9
9
9
9
9
9
9

CELL_DATA 4079
SCALARS CellEntityIds int 1
LOOKUP_TABLE default
1
1
1
1
1
1
1
1
2
2
2
2
2
2
2
2
3
3
3
3
3
3
3
3
3
3
3
3
3
3
3
3
3
3
3
3
3
3
3
3
3
3
3
3
3
3
3
3
3
3
3
3
3
3
3
3
3
3
3
3
3
3
3
3
3
3
3
3
3
3
3
3
3
3
3
3
3
3
3
3
3
3
3
3
3
3
3
3
3
3
3
3
3
3
3
3
3
3
3
3
3
3
3
3
3
3
3
3
3
3
3
3
3
3
3
3
3
3
3
3
3
3
3
3
3
3
3
4
4
4
4
4
4
4
4
4
4
4
4
4
4
4
4
4
4
4
4
4
4
4
4
4
4
4
4
4
4
4
4
4
4
4
4
4
4
4
4
4
4
4
4
4
4
4
4
4
4
4
4
4
4
4
4
4
4
4
4
4
4
4
4
4
4
4
4
4
4
4
4
4
4
4
4
4
4
4
4
4
4
4
4
4
4
4
4
4
4
4
4
4
4
4
4
5
5
5
5
5
5
5
5
5
5
5
5
5
5
5
5
5
5
5
5
5
5
5
5
5
5
5
5
5
5
5
5
5
5
5
5
5
5
5
5
5
5
5
5
5
5
5
5
5
5
5
5
5
5
5
5
5
5
5
5
5
5
5
5
5
5
5
5
5
5
5
5
5
5
5
5
5
5
5
5
5
5
5
5
5
5
5
5
5
5
5
5
5
5
5
5
6
6
6
6
6
6
6
6
6
6
6
6
6
6
6
6
6
6
6
6
6
6
6
6
6
6
6
6
6
6
6
6
6
6
6
6
6
6
6
6
6
6
6
6
6
6
6
6
6
6
6
6
6
6
6
6
6
6
6
6
6
6
6
6
6
6
6
6
6
6
6
6
6
6
6
6
6
6
6
6
6
6
6
6
6
6
6
6
6
6
6
6
6
6
6
6
6
6
6
6
6
6
6
6
6
6
6
6
6
6
6
6
6
6
6
6
6
6
6
6
6
6
6
6
6
6
6
6
6
6
6
6
6
6
6
6
6
6
6
6
6
6
6
6
6
6
6
6
6
6
6
6
6
6
6
6
6
6
6
6
6
6
6
6
6
6
6
6
6
6
6
6
6
6
6
6
6
6
6
6
6
6
6
6
6
6
6
6
6
6
6
6
6
6
6
6
6
6
6
6
6
6
6
6
6
6
6
6
6
6
6
6
6
6
6
6
6
6
6
6
6
6
6
6
6
6
6
6
6
6
6
6
6
6
6
6
6
6
6
6
6
6
6
6
6
6
6
6
6
6
6
6
6
6
6
6
6
6
6
6
6
6
6
6
6
6
6
6
6
6
6
6
6
6
6
6
6
6
6
6
6
6
6
6
6
6
6
6
6
6
6
6
6
6
6
6
6
6
6
6
6
6
6
6
6
6
6
6
6
6
6
6
6
6
6
6
6
6
6
6
6
6
6
6
6
6
6
6
6
6
6
6
6
6
6
6
6
6
6
6
6
6
6
6
6
6
6
6
6
6
6
6
6
6
6
6
6
6
6
6
6
6
6
6
6
6
6
6
6
6
6
6
6
6
6
6
6
6
6
6
6
6
6
6
6
6
6
6
6
6
6
6
6
6
6
6
6
6
6
6
6
6
6
6
6
6
6
6
6
6
6
6
6
6
6
6
6
6
6
6
6
6
6
6
6
6
6
6
6
6
6
6
6
6
6
6
6
6
6
6
6
6
6
6
6
6
6
6
6
6
6
6
6
6
6
6
6
6
6
6
6
6
6
6
6
6
6
6
6
6
6
6
6
6
6
6
6
6
6
6
6
6
6
6
6
6
6
6
6
6
6
6
6
6
6
6
6
6
6
6
6
6
6
6
6
6
6
6
6
6
6
6
6
6
6
6
6
6
6
6
6
6
6
6
6
6
6
6
6
6
6
6
6
6
6
6
6
6
6
6
6
6
6
6
6
6
6
6
6
6
6
6
6
6
6
6
6
6
6
6
6
6
6
6
6
6
6
6
6
6
6
6
6
6
6
6
6
6
6
6
6
6
6
6
6
6
6
6
6
6
6
6
6
6
6
6
6
6
6
6
6
6
6
6
6
6
6
6
6
6
6
6
6
6
6
6
6
6
6
6
6
6
6
6
6
6
6
6
6
6
6
6
6
6
6
6
6
6
6
6
6
6
6
6
6
6
6
6
6
6
6
6
6
6
6
6
6
6
6
6
6
6
6
6
6
6
6
6
6
6
6
6
6
6
6
6
6
6
6
6
6
6
6
6
6
6
6
6
6
6
6
6
6
6
6
6
6
6
6
6
6
6
6
6
6
6
6
6
6
6
6
6
6
6
6
6
6
6
6
6
6
6
6
6
6
6
6
6
6
6
6
6
6
6
6
6
6
6
6
6
6
6
6
6
6
6
6
6
6
6
6
6
6
6
6
6
6
6
6
6
6
6
6
6
6
6
6
6
6
6
6
6
6
6
6
6
6
6
6
6
6
6
6
6
6
6
6
6
6
6
6
6
6
6
6
6
6
6
6
6
6
6
6
6
6
6
6
6
6
6
6
6
6
6
6
6
6
6
6
6
6
6
6
6
6
6
6
6
6
6
6
6
6
6
6
6
6
6
6
6
6
6
6
6
6
6
6
6
6
6
6
6
6
6
6
6
6
6
6
6
6
6
6
6
6
6
6
6
6
6
6
6
6
6
6
6
6
6
6
6
7
7
7
7
7
7
7
7
7
7
7
7
7
7
7
7
7
7
7
7
7
7
7
7
7
7
7
7
7
7
7
7
7
7
7
7
7
7
7
7
7
7
7
7
7
7
7
7
7
7
7
7
7
7
7
7
7
7
7
7
7
7
7
7
7
7
7
7
7
7
7
7
7
7
7
7
7
7
7
7
7
7
7
7
7
7
7
7
7
7
7
7
7
7
7
7
7
7
7
7
7
7
7
7
7
7
7
7
7
7
7
7
7
7
7
7
7
7
7
7
7
7
7
7
7
7
7
7
7
7
7
7
7
7
7
7
7
7
7
7
7
7
7
7
7
7
7
7
7
7
7
7
7
7
7
7
7
7
7
7
7
7
7
7
7
7
7
7
7
7
7
7
7
7
7
7
7
7
7
7
7
7
7
7
7
7
7
7
7
7
7
7
7
7
7
7
7
7
7
7
7
7
7
7
7
7
7
7
7
7
7
7
7
7
7
7
7
7
7
7
7
7
7
7
7
7
7
7
7
7
7
7
7
7
7
7
7
7
7
7
7
7
7
7
7
7
7
7
7
7
7
7
7
7
7
7
7
7
7
7
7
7
7
7
7
7
7
7
7
7
7
7
7
7
7
7
7
7
7
7
7
7
7
7
7
7
7
7
7
7
7
7
7
7
7
7
7
7
7
7
7
7
7
7
7
7
7
7
7
7
7
7
7
7
7
7
7
7
7
7
7
7
7
7
7
7
7
7
7
7
7
7
7
7
7
7
7
7
7
7
7
7
7
7
7
7
7
7
7
7
7
7
7
7
7
7
7
7
7
7
7
7
7
7
7
7
7
7
7
7
7
7
7
7
7
7
7
7
7
7
7
7
7
7
7
7
7
7
7
7
7
7
7
7
7
7
7
7
7
7
7
7
7
7
7
7
7
7
7
7
7
7
7
7
7
7
7
7
7
7
7
7
7
7
7
7
7
7
7
7
7
7
7
7
7
7
7
7
7
7
7
7
7
7
7
7
7
7
7
7
7
7
7
7
7
7
7
7
7
7
7
7
7
7
7
7
7
7
7
7
7
7
7
7
7
7
7
7
7
7
7
7
7
7
7
7
7
7
7
7
7
7
7
7
7
7
7
7
7
7
7
7
7
7
7
7
7
7
7
7
7
7
7
7
7
7
7
7
7
7
7
7
7
7
7
7
7
7
7
7
7
7
7
7
7
7
7
7
7
7
7
7
7
7
7
7
7
7
7
7
7
7
7
7
7
7
7
7
7
7
7
7
7
7
7
7
7
7
7
7
7
7
7
7
7
7
7
7
7
7
7
7
7
7
7
7
7
7
7
7
7
7
7
7
7
7
7
7
7
7
7
7
7
7
7
7
7
7
7
7
7
7
7
7
7
7
7
7
7
7
7
7
7
7
7
7
7
7
7
7
7
7
7
7
7
7
7
7
7
7
7
7
7
7
7
7
7
7
7
7
7
7
7
7
7
7
7
7
7
7
7
7
7
7
7
7
7
7
7
7
7
7
7
7
7
7
7
7
7
7
7
7
7
7
7
7
7
7
7
7
7
7
7
7
7
7
7
7
7
7
7
7
7
7
7
7
7
7
7
7
7
7
7
7
7
7
7
7
7
7
7
7
7
7
7
7
7
7
7
7
7
7
7
7
7
7
7
7
7
7
7
7
7
7
7
7
7
7
7
7
7
7
7
7
7
7
7
7
7
7
7
7
7
7
7
7
7
7
7
7
7
7
7
7
7
7
7
7
7
7
7
7
7
7
7
7
7
7
7
7
7
7
7
7
7
7
7
7
7
7
7
7
7
7
7
7
7
7
7
7
7
7
7
7
7
7
7
7
7
7
7
7
7
7
7
7
7
7
7
7
7
7
7
7
7
7
7
7
7
7
7
7
7
7
7
7
7
7
7
7
7
7
7
7
7
7
7
7
7
7
7
7
7
7
7
7
7
7
7
7
7
7
7
7
7
7
7
7
7
7
7
7
7
7
7
7
7
7
7
7
7
7
7
7
7
7
7
7
7
7
7
7
7
7
7
7
7
7
7
7
7
7
7
7
7
7
7
7
7
7
7
7
7
7
7
7
7
7
7
7
7
7
7
7
7
7
7
7
7
7
7
7
7
7
7
7
7
7
7
7
7
7
7
7
7
7
7
7
7
7
7
7
7
7
7
7
7
7
7
7
7
7
7
7
7
7
7
7
7
7
7
7
7
7
7
7
7
7
7
7
7
7
7
7
7
7
7
7
7
7
7
7
7
7
7
7
7
7
7
7
7
7
7
7
7
7
7
7
7
7
7
7
7
7
7
7
7
7
7
7
7
7
7
7
7
7
7
7
7
7
7
7
7
7
7
7
7
7
7
7
7
7
7
7
7
7
7
7
7
7
7
7
7
7
7
7
7
7
7
7
7
7
7
7
7
7
7
7
7
7
7
7
7
7
7
7
7
7
7
7
7
7
7
7
7
7
7
7
7
7
7
7
7
7
7
7
7
7
7
7
7
7
7
7
7
7
7
7
7
7
7
7
7
7
7
7
7
7
7
7
7
7
7
7
7
7
7
7
7
7
7
7
7
7
7
7
7
7
7
7
7
7
7
7
7
7
7
7
7
7
7
7
7
7
7
7
7
7
7
7
7
7
7
7
7
7
7
7
7
7
7
7
7
7
7
7
7
7
7
7
7
7
7
7
7
7
7
7
7
7
7
7
7
7
7
7
7
7
7
7
7
7
7
7
7
7
7
7
7
7
7
7
7
7
7
7
7
7
7
7
7
7
7
7
7
7
7
7
7
7
7
7
7
7
7
7
7
7
7
7
7
7
7
7
7
7
7
7
7
7
7
7
7
7
7
7
7
7
7
7
7
7
7
7
7
7
7
7
7
7
7
7
7
7
7
7
7
7
7
7
7
7
7
7
7
7
7
7
7
7
7
7
7
7
7
7
7
7
7
7
7
7
7
7
7
7
7
7
7
7
7
7
7
7
7
7
7
7
7
7
7
7
7
7
7
7
7
7
7
7
7
7
7
7
7
7
7
7
7
7
7
7
7
7
7
7
7
7
7
7
7
7
7
7
7
7
7
7
7
7
7
7
7
7
7
7
7
7
7
7
7
7
7
7
7
7
7
7
7
7
7
7
7
7
7
7
7
7
7
7
7
7
7
7
7
7
7
7
7
7
7
7
7
7
7
7
7
7
7
7
7
7
7
7
7
7
7
7
7
7
7
7
7
7
7
7
7
7
7
7
7
7
7
7
7
7
7
7
7
7
7
7
7
7
7
7
7
7
7
7
7
7
7
7
7
7
7
7
7
7
7
7
7
7
7
7
7
7
7
7
7
7
7
7
7
7
7
7
7
7
7
7
7
7
7
7
7
7
7
7
7
7
7
7
7
7
7
7
7
7
7
7
7
7
7
7
7
7
7
7
7
7
7
7
7
7
7
7
7
7
7
7
7
7
7
7
7
7
7
7
7
7
7
7
7
7
7
7
7
7
7
7
7
7
7
7
7
7
7
7
7
7
7
7
7
7
7
7
7
7
7
7
7
7
7
7
7
7
7
7
7
7
7
7
7
7
7
7
7
7
7
7
7
7
7
7
7
7
7
7
7
7
7
7
7
7
7
7
7
7
7
7
7
7
7
7
7
7
7
7
7
7
7
7
7
7
7
7
7
7
7
7
7
7
7
7
7
7
7
7
7
7
7
7
7
7
7
7
7
7
7
7
7
7
7
7
7
7
7
7
7
7
7
7
7
7
7
7
7
7
7
7
7
7
7
7
7
7
7
7
7
7
7
7
7
7
7
7
7
7
7
7
7
7
7
7
7
7
7
7
7
7
7
7
7
7
7
7
7
7
7
7
7
7
7
7
7
7
7
7
7
7
7
7
7
7
7
7
7
7
7
7
7
7
7
7
7
7
7
7
7
7
7
7
7
7
7
7
7
7
7
7
7
7
7
7
7
7
7
7
7
7
7
7
7
7
7
7
7
7
7
7
7
7
7
7
7
7
7
7
7
7
7
7
7
7
7
7
7
7
7
7
7
7
7
7
7
7
7
7
7
7
7
7
7
7
7
7
7
7
7
7
7
7
7
7
7
7
7
7
7
7
7
7
7
7
7
7
7
7
7
7
7
7
7
7
7
7
7
7
7
7
7
7
7
7
7
7
7
7
7
7
7
7
7
7
7
7
7
7
7
7
7
7
7
7
7
7
7
7
7
7
7
7
7
7
7
7
7
7
7
7
7
7
7
7
7
7
7
7
7
7
7
7
7
7
7
7
7
7
7
7
7
7
7
7
7
7
7
7
7
7
7
7
7
7
7
7
7
7
7
7
7
7
7
7
7
7
7
7
7
7
7
7
7
7
7
7
7
7
7
7
7
7
7
7
7
7
7
7
7
7
7
7
7
7
7
7
7
7
7
7
7
7
7
7
7
7
7
7
7
7
7
7
7
7
7
7
7
7
7
7
7
7
7
7
7
7
7
7
7
7
7
7
7
7
7
7
7
7
7
7
7
7
7
7
7
7
7
7
7
7
7
7
7
7
7
7
7
7
7
7
7
7
7
7
7
7
7
7
7
7
7
7
7
7
7
7
7
7
7
7
7
7
7
7
7
7
7
7
7
7
7
7
7
7
7
7
7
7
7
7
7
7
7
7
7
7
7
7
7
7
7
7
7
7
7
7
7
7
7
7
7
7
7
7
7
7
7
7
7
7
7
7
7
7
7
7
7
7
7
7
7
7
7
7
7
7
7
7
7
7
7
7
7
7
7
7
7
7
7
7
7
7
7
7
7
7
7
7
7
7
7
7
7
7
7
7
7
7
7
7
7
7
7
7
7
7
7
7
7
7
7
7
7
7
7
7
7
7
7
7
7
7
7
7
7
7
7
7
7
7
7
7
7
7
7
7
7
7
7
7
7
7
7
7
7
7
7
7
7
7
7
7
7
7
7
7
7
7
7
7
7
7
7
7
7
7
7
7
7
7
7
7
7
7
7
7
7
7
7
7
7
7
7
7
7
7
7
7
7
7
7
7
7
7
7
7
7
7
7
7
7
7
7
7
7
7
7
7
7
7
7
7
7
7
7
7
7
7
7
7
7
7
7
7
7
7
7
7
7
7
7
7
7
7
7
7
7
7
7
7
7
7
7
7
7
7
7
7
7
7
7
7
7
7
7
7
7
7
7
7
7
7
7
7
7
7
7
7
7
7
7
7
7
7
7
7
7
7
7
7
7
7
7
7
7
7
7
7
7
7
7
7
7
7
7
7
7
7
7
7
7
7
7
7
7
7
7
7
7
7
7
7
7
7
7
7
7
7
7
7
7
7
7
7
7
7
7
7
7
7
7
7
7
7
7
7
7
7
7
7
7
7
7
7
7
7
7
7
7
7
7
7
7
7
7
7
7
7
7
7
7
7
7
7
7
7
7
7
7
7
7
7
7
7
7
7
7
7
7
7
7
7
7
7
7
7
7
7
7
7
7
7
7
7
7
7
7
7
7
7
7
7
7
7
7
7
7
7
7
7
7
7
7
7
7
7
7
7
7
7
7
7
7
7
7
7
7
7
7
7
7
7
7
7
7
7
7
7
7
7
7
7
7
7
7
7
7
7
7
7
7
7
7
7
7
7
7
7
7
7
7
7
7
7
7
7
7
7
7
7
7
7
7
7
7
7
7
7
7
7
7
7
7
7
7
7
7
7
7
7
7
7
7
7
7
7
7
7
7
7
7
7
7
7
7
7
7
7
7
7
7
7
7
7
7
7
7
7
7
7
7
7
7
7
7
7
7
7
7
7
7
7
7
7
7
7
7
7
7
7
7
7
7
7
7
7
7
7
7
7
7
7
7
7
7
7
7
7
7
7
7
7
7
7
7
7
7
7
7
7
7
7
7
7
7
7
7
7
7
7
7
7
7
7
7
7
7
7
7
7
7
7
7
7
7
7
7
7
7
7
7
7
7
7
7
7
7
7
7
7
7
7
7
7
7
7
7
7
7
7
7
7
7
7
7
7
7
7
7
7
7
7
7
7
7
7
7
7
7
7
7
7
7
7
7
7
7
7
7
7
7
7
7
7
7
7
7
7
7
7
7
7
7
7
7
7
7
7
7
7
7
7
7
7
7
7
7
7
7
7
7
7
7
7
7
7
7
7
7
7
7
7
7
7
7
7
7
7
7
7
7
7
7
7
7
7
7
7
7
7
7
7
7
7
7
7
7
7
7
7
7
7
7
7
7
7
7
7
7
7
7
7
7
7
7
7
7
7
7
7
7
7
7
7
7
7
7
7
7
7
7
7
7
7
7
7
7
7
7
7
7
7
7
7
7
7
7
7
7
7
7
7
7
7
7
7
7
7
7
7
7
7
7
7
7
7
7
7
7
7
7
7
7
7
7
7
7
7
7
7
7
7
7
7
7
7
7
7
7
7
7
7
7
7
7
7
7
7
7
7
7
7
7
7
7
7
7
7
7
7
7
7
7
7
7
7
7
7
