/*--------------------------------*- C++ -*----------------------------------*\
| =========                 |                                                 |
| \\      /  F ield         | OpenFOAM: The Open Source CFD Toolbox           |
|  \\    /   O peration     | Version:  dev                                   |
|   \\  /    A nd           | Web:      www.OpenFOAM.org                      |
|    \\/     M anipulation  |                                                 |
\*---------------------------------------------------------------------------*/
FoamFile
{
    version     2.0;
    format      ascii;
    class       faceList;
    location    "constant/polyMesh";
    object      faces;
}
// * * * * * * * * * * * * * * * * * * * * * * * * * * * * * * * * * * * * * //


11493
(
4(815 1024 1062 816)
4(817 1063 1023 818)
4(1023 1063 1062 1024)
4(1062 1063 817 816)
4(815 818 1023 1024)
4(815 816 817 818)
4(1033 1032 1062 1064)
4(1025 1024 1062 1032)
5(848 847 1031 1033 1064)
4(848 1064 1062 816)
5(833 815 1024 1025 1026)
5(1031 1026 1025 1032 1033)
5(833 847 848 816 815)
4(1067 979 978 1035)
4(1034 1065 1067 1035)
4(1067 1065 980 979)
4(1034 981 980 1065)
4(1034 1035 978 981)
4(978 979 980 981)
4(1020 1035 1067 1021)
4(982 1021 1067 979)
4(1020 1021 982 983)
4(1020 983 978 1035)
4(982 979 978 983)
4(1037 1036 1060 1061)
4(1037 1061 1067 1035)
4(1067 1061 1060 1065)
4(1034 1065 1060 1036)
4(1034 1036 1037 1035)
4(1058 1038 1037 1061)
4(1029 1061 1037 1030)
4(1027 1038 1058 1022)
4(1058 1061 1029 1022)
4(1027 1022 1029 1030)
4(1027 1030 1037 1038)
4(1039 1059 1058 1038)
4(1039 1036 1060 1059)
4(1058 1059 1060 1061)
4(1039 1038 1037 1036)
4(1029 1061 1067 1021)
4(1020 1030 1029 1021)
4(1020 1035 1037 1030)
4(1023 1022 1058 1063)
4(819 820 1058 1022)
4(1058 820 817 1063)
4(819 1022 1023 818)
4(819 818 817 820)
4(1040 1063 1066 1041)
4(1062 1063 1040 1032)
4(1033 1041 1066 1064)
4(1066 1063 1062 1064)
4(1033 1032 1040 1041)
4(1040 1038 1058 1063)
4(1023 1028 1040 1063)
4(1027 1028 1023 1022)
4(1027 1038 1040 1028)
4(1039 1059 1066 1041)
4(1066 1059 1058 1063)
4(1039 1041 1040 1038)
4(1025 1024 1023 1028)
4(1025 1028 1040 1032)
4(823 822 1067 979)
4(821 1021 1067 822)
4(821 824 982 1021)
4(823 979 982 824)
4(821 822 823 824)
4(825 822 1067 1065)
4(825 1065 980 826)
4(823 826 980 979)
4(825 826 823 822)
4(1029 828 827 1061)
4(827 820 1058 1061)
4(819 828 1029 1022)
4(819 820 827 828)
4(827 1061 1067 822)
4(821 1021 1029 828)
4(821 828 827 822)
4(1060 829 827 1061)
4(825 829 1060 1065)
4(825 822 827 829)
4(853 854 1076 1075)
4(853 1075 849 852)
4(851 850 1076 854)
4(849 1075 1076 850)
4(849 850 851 852)
4(853 852 851 854)
4(853 856 1077 1075)
4(1076 1074 855 854)
4(1077 856 855 1074)
4(1077 1074 1076 1075)
4(853 854 855 856)
5(857 853 1075 1043 1042)
4(1 1044 849 2)
4(1043 1075 849 1044)
5(0 1042 1043 1044 1)
4(3 2 849 852)
5(857 4 3 852 853)
5(0 1 2 3 4)
4(848 856 1077 1064)
4(1033 1064 1077 1045)
4(1043 1045 1077 1075)
5(1031 1033 1045 1043 1042)
5(857 853 856 848 847)
4(1076 1068 858 850)
4(860 1068 1076 854)
4(860 859 858 1068)
4(858 859 851 850)
4(860 854 851 859)
4(6 5 1046 850)
4(849 850 1046 1044)
4(1 1044 1046 5)
4(6 850 849 2)
4(1 5 6 2)
4(1046 1048 858 850)
4(1046 850 1076 1049)
4(1047 1049 1076 1068)
4(1047 1068 858 1048)
4(1047 1048 1046 1049)
4(7 1048 858 8)
4(7 5 1046 1048)
4(6 8 858 850)
4(7 8 6 5)
4(1043 1075 1076 1049)
4(1043 1049 1046 1044)
4(1001 1002 1072 1050)
4(1034 1050 1072 1065)
4(980 1065 1072 1002)
4(1034 981 1001 1050)
4(1001 981 980 1002)
4(1051 1004 1003 1073)
4(1051 1073 1072 1050)
4(1072 1073 1003 1002)
4(1051 1050 1001 1004)
4(1003 1004 1001 1002)
4(855 861 1070 1074)
4(1070 1068 1076 1074)
4(860 1068 1070 861)
4(860 861 855 854)
4(1066 862 855 1074)
4(1077 1064 1066 1074)
4(848 862 1066 1064)
4(848 856 855 862)
4(1066 1059 1070 1074)
4(863 1059 1066 862)
4(863 861 1070 1059)
4(863 862 855 861)
4(1052 1074 1077 1045)
4(1066 1074 1052 1041)
4(1033 1041 1052 1045)
4(1052 1049 1076 1074)
4(1052 1074 1070 1053)
4(1047 1053 1070 1068)
4(1047 1049 1052 1053)
4(1043 1045 1052 1049)
4(1039 1059 1070 1053)
4(1039 1053 1052 1041)
4(865 864 1005 1054)
4(9 12 865 1054)
4(9 1054 1005 10)
4(11 10 1005 864)
4(11 864 865 12)
4(9 10 11 12)
4(1051 1054 865 1073)
4(865 864 1003 1073)
4(1051 1004 1005 1054)
4(1005 1004 1003 864)
4(13 866 1055 14)
4(1055 866 865 1054)
4(9 14 1055 1054)
4(865 866 13 12)
4(9 12 13 14)
4(1055 866 858 1048)
4(1069 866 1055 1056)
4(1047 1068 1069 1056)
4(858 866 1069 1068)
4(1047 1056 1055 1048)
4(7 1048 1055 14)
4(13 866 858 8)
4(7 14 13 8)
4(1051 1056 1069 1073)
4(1069 866 865 1073)
4(1051 1054 1055 1056)
4(1057 1050 1072 1071)
4(1057 1071 1060 1036)
4(1060 1071 1072 1065)
4(1034 1050 1057 1036)
4(1057 1071 1069 1056)
4(1057 1053 1070 1071)
4(1069 1071 1070 1068)
4(1047 1053 1057 1056)
4(1072 1071 1069 1073)
4(1051 1056 1057 1050)
4(1060 1059 1070 1071)
4(1039 1036 1057 1053)
4(817 862 1066 1063)
4(848 862 817 816)
4(863 1059 1058 820)
4(863 820 817 862)
4(860 868 1069 1068)
4(1069 868 867 866)
4(860 859 867 868)
4(867 859 858 866)
4(1070 861 869 1071)
4(869 868 1069 1071)
4(860 868 869 861)
4(863 1059 1060 829)
4(863 829 827 820)
4(831 1002 1072 872)
4(870 1073 1003 871)
4(870 872 1072 1073)
4(1003 1002 831 871)
4(870 871 831 872)
4(825 1065 1072 872)
4(980 826 831 1002)
4(825 872 831 826)
4(870 1073 865 874)
4(873 864 1003 871)
4(873 874 865 864)
4(870 874 873 871)
4(870 1073 1069 868)
4(867 866 865 874)
4(870 868 867 874)
4(869 1071 1060 829)
4(863 861 869 829)
4(1072 1071 869 872)
4(870 872 869 868)
4(825 829 869 872)
4(840 871 1003 919)
4(831 832 920 1002)
4(920 919 1003 1002)
4(840 919 920 832)
4(840 832 831 871)
4(1006 841 873 864)
4(840 841 1006 919)
4(1003 919 1006 864)
4(840 871 873 841)
4(980 921 920 1002)
4(830 921 980 826)
4(830 832 920 921)
4(830 826 831 832)
4(11 864 1006 17)
4(15 17 1006 841)
4(873 864 11 16)
4(15 841 873 16)
4(15 16 11 17)
4(1080 43 78 76)
4(77 1078 1080 76)
4(77 79 29 1078)
4(29 43 1080 1078)
4(78 43 29 79)
4(75 76 1080 923)
4(44 923 1080 43)
4(75 923 44 80)
4(44 43 78 80)
4(1142 1081 1080 76)
4(77 1078 1082 1140)
4(1080 1081 1082 1078)
4(924 1081 1080 923)
4(75 922 924 923)
4(1143 82 1079 1083)
4(77 1078 1079 82)
4(1082 1083 1079 1078)
4(84 82 1079 1085)
4(1084 1085 1079 1083)
4(81 33 1079 82)
4(29 1078 1079 33)
4(29 33 81 79)
4(1079 1085 52 33)
4(52 83 81 33)
4(925 948 1145 1125)
4(322 321 1145 948)
4(1126 1125 1145 1135)
4(320 1135 1145 321)
5(1016 1126 1135 320 316)
5(925 1125 1126 1016 918)
5(925 918 317 322 948)
4(949 948 1145 1144)
4(1145 1125 1127 1144)
4(1127 928 949 1144)
4(925 928 1127 1125)
4(925 948 949 928)
4(988 984 1122 1137)
4(358 359 988 1137)
4(358 1137 1122 373)
4(1122 984 374 373)
4(374 984 988 359)
4(358 373 374 359)
4(1020 1137 988 983)
4(1020 1021 1122 1137)
4(982 984 1122 1021)
4(982 983 988 984)
4(985 986 1134 1133)
4(1134 986 357 356)
4(329 330 985 1133)
4(329 1133 1134 356)
4(985 330 357 986)
4(329 356 357 330)
4(989 986 1134 1128)
4(1129 1133 985 990)
4(1129 1128 1134 1133)
4(1129 990 989 1128)
4(985 986 989 990)
4(1134 986 988 1137)
4(358 356 1134 1137)
4(988 986 357 359)
4(358 359 357 356)
4(1020 1137 1134 1128)
4(1020 1128 989 983)
4(989 986 988 983)
4(325 1144 1138 326)
4(991 1144 325 324)
4(1138 1144 991 1139)
4(323 1139 991 324)
4(323 326 1138 1139)
4(325 321 1145 1144)
4(949 327 325 1144)
4(322 327 949 948)
4(1138 1144 1145 1135)
4(1127 1144 1138 1131)
4(1126 1131 1138 1135)
4(1126 1125 1127 1131)
4(949 1144 991 950)
4(1127 992 991 1144)
4(933 992 1127 928)
4(933 950 991 992)
4(933 928 949 950)
4(320 1135 1138 326)
4(328 324 991 950)
4(328 950 949 327)
4(1130 992 991 1139)
4(1130 1139 1138 1131)
4(1130 1131 1127 992)
4(1136 987 985 1133)
4(1136 332 331 987)
4(329 332 1136 1133)
4(331 330 985 987)
4(329 330 331 332)
4(993 1132 1136 987)
4(1129 1133 1136 1132)
4(1129 1132 993 990)
4(993 987 985 990)
4(991 987 1136 1139)
4(323 1139 1136 332)
4(331 987 991 324)
4(323 332 331 324)
4(1130 1132 1136 1139)
4(1130 992 993 1132)
4(993 992 991 987)
4(835 836 1123 1173)
4(1023 818 835 1173)
4(1123 1022 1023 1173)
4(819 1022 1123 836)
4(819 836 835 818)
4(329 1133 1192 337)
4(360 337 1192 1174)
4(1192 1133 1134 1174)
4(360 1174 1134 356)
4(329 337 360 356)
5(1025 1026 363 364 1182)
4(364 377 1188 1182)
4(815 1024 1188 834)
4(376 834 1188 377)
4(1025 1182 1188 1024)
5(833 815 834 376 375)
5(363 375 376 377 364)
5(1150 346 342 1181 1151)
4(1151 1181 1193 1152)
4(342 361 1193 1181)
4(364 1182 1193 361)
4(1025 1152 1193 1182)
5(1150 1151 1152 1025 1026)
5(342 346 363 364 361)
4(1146 1154 1194 1180)
4(1146 1180 1191 1149)
4(1194 1154 1153 1175)
4(1191 1180 1194 1175)
4(1153 1149 1191 1175)
4(1146 1149 1153 1154)
4(1162 1165 1198 1184)
4(1162 1184 1195 1163)
4(1164 1163 1195 1176)
4(1195 1184 1198 1176)
4(1198 1165 1164 1176)
4(1162 1163 1164 1165)
4(1192 337 336 1177)
4(1192 1177 1136 1133)
4(336 332 1136 1177)
4(329 332 336 337)
4(1162 1167 1196 1184)
4(1198 1184 1196 1178)
4(1196 1167 1166 1178)
4(1166 1165 1198 1178)
4(1162 1165 1166 1167)
5(339 1159 1158 1185 340)
5(1155 338 333 1186 1156)
4(340 1185 1200 341)
4(1156 1186 1200 1157)
4(333 341 1200 1186)
4(1158 1157 1200 1185)
5(1155 1156 1157 1158 1159)
4(1151 1169 1202 1181)
4(342 1181 1202 345)
4(340 345 1202 1185)
4(1158 1185 1202 1169)
5(1150 1159 1158 1169 1151)
5(342 345 340 339 346)
4(1146 1160 1199 1180)
4(1168 1154 1194 1179)
4(1194 1180 1199 1179)
4(1199 1160 1168 1179)
4(1146 1154 1168 1160)
4(1188 1173 378 377)
4(1189 368 378 1173)
4(1189 1173 1188 1182)
4(364 368 1189 1182)
4(364 377 378 368)
4(378 1173 835 381)
4(378 380 1123 1173)
4(379 836 1123 380)
4(379 381 835 836)
4(379 380 378 381)
4(1188 834 835 1173)
4(1023 1024 1188 1173)
4(815 818 835 834)
4(1189 1173 1123 1183)
4(1023 1173 1189 1028)
4(1027 1183 1123 1022)
4(1027 1028 1189 1183)
4(376 834 835 381)
4(376 381 378 377)
4(367 380 1123 1183)
4(367 1183 1189 368)
4(367 368 378 380)
4(1025 1182 1189 1028)
4(1190 1124 382 366)
4(1122 1124 1190 1137)
4(358 1137 1190 366)
4(382 1124 1122 373)
4(358 366 382 373)
4(1190 1183 1123 1124)
4(1029 1030 1190 1124)
4(1027 1183 1190 1030)
4(1029 1124 1123 1022)
4(367 366 1190 1183)
4(382 380 1123 1124)
4(367 380 382 366)
4(1020 1030 1190 1137)
4(1029 1021 1122 1124)
4(1192 1180 1191 1174)
4(1148 1147 1192 1174)
4(1191 1149 1148 1174)
4(1146 1180 1192 1147)
4(1146 1147 1148 1149)
4(1191 1174 360 365)
4(354 1180 1191 365)
4(354 337 1192 1180)
4(354 365 360 337)
4(1134 1174 1148 1128)
4(1129 1147 1192 1133)
4(1129 1128 1148 1147)
4(1190 366 360 1174)
4(1190 1174 1134 1137)
4(358 356 360 366)
4(1191 1183 1190 1174)
4(1148 1174 1190 1030)
4(1027 1183 1191 1149)
4(1027 1149 1148 1030)
4(367 365 1191 1183)
4(367 366 360 365)
4(1020 1030 1148 1128)
4(1194 1181 1193 1175)
4(1153 1175 1193 1152)
4(1151 1181 1194 1154)
4(1151 1154 1153 1152)
4(1194 343 362 1175)
4(362 361 1193 1175)
4(342 343 1194 1181)
4(342 361 362 343)
4(362 1175 1191 365)
4(354 1180 1194 343)
4(354 343 362 365)
4(1189 1175 362 368)
4(1193 1175 1189 1182)
4(364 368 362 361)
4(1189 1183 1191 1175)
4(1189 1175 1153 1028)
4(1027 1028 1153 1149)
4(367 365 362 368)
4(1025 1152 1153 1028)
5(1162 1184 335 315 1017)
4(1126 1135 1195 1163)
4(335 1184 1195 347)
4(320 347 1195 1135)
5(1162 1017 1016 1126 1163)
5(333 318 1018 1156 1186)
4(335 334 1196 1184)
4(1156 1167 1196 1186)
4(333 1186 1196 334)
5(1162 1167 1156 1018 1017)
4(1155 1019 1018 1156)
4(1138 1176 352 326)
4(352 1176 1197 353)
4(1197 1176 1138 1139)
4(323 353 1197 1139)
4(1195 1176 1138 1135)
4(1164 1131 1138 1176)
4(1126 1131 1164 1163)
4(1195 347 352 1176)
4(1198 1176 352 350)
4(335 1184 1198 350)
4(1198 1187 1197 1176)
4(1164 1176 1197 1171)
4(1170 1171 1197 1187)
4(1170 1187 1198 1165)
4(1170 1165 1164 1171)
4(351 1187 1197 353)
4(351 350 1198 1187)
4(1130 1139 1197 1171)
4(1130 1171 1164 1131)
4(1199 1180 1192 1177)
4(1192 1147 1161 1177)
4(1161 1160 1199 1177)
4(1146 1160 1161 1147)
4(1199 355 336 1177)
4(354 355 1199 1180)
4(354 337 336 355)
4(1161 1177 1136 1132)
4(1129 1147 1161 1132)
4(1197 1177 336 353)
4(1136 1177 1197 1139)
4(323 353 336 332)
4(1199 1177 1197 1187)
4(1197 1177 1161 1171)
4(1170 1160 1199 1187)
4(1170 1171 1161 1160)
4(351 1187 1199 355)
4(351 355 336 353)
4(1130 1132 1161 1171)
4(349 1178 1200 341)
4(1201 1178 349 348)
4(1201 1185 1200 1178)
4(340 1185 1201 348)
4(349 334 1196 1178)
4(349 1178 1198 350)
4(1200 1178 1196 1186)
4(1166 1178 1200 1157)
4(1156 1167 1166 1157)
4(1201 1187 1198 1178)
4(1166 1172 1201 1178)
4(1170 1187 1201 1172)
4(1170 1172 1166 1165)
4(351 348 1201 1187)
4(1158 1172 1201 1185)
4(1158 1157 1166 1172)
4(1194 1179 1202 1181)
4(1202 1179 1168 1169)
4(1151 1169 1168 1154)
4(344 343 1194 1179)
4(344 1179 1202 345)
4(342 343 344 345)
4(1199 1179 344 355)
4(354 355 344 343)
4(1201 348 344 1179)
4(1201 1179 1202 1185)
4(340 345 344 348)
4(1201 1179 1199 1187)
4(1168 1179 1201 1172)
4(1170 1160 1168 1172)
4(351 348 344 355)
4(1158 1172 1168 1169)
4(1146 1147 1223 1211)
4(1146 1211 1224 1149)
4(1148 1149 1224 1203)
4(1224 1211 1223 1203)
4(1223 1147 1148 1203)
4(925 926 1219 1125)
4(1219 926 929 1204)
4(1127 1125 1219 1204)
4(929 928 1127 1204)
4(925 928 929 926)
4(1162 1210 1227 1165)
4(1162 1163 1220 1210)
4(1227 1210 1220 1205)
4(1220 1163 1164 1205)
4(1164 1165 1227 1205)
4(1146 1160 1229 1211)
4(1229 1160 1161 1206)
4(1223 1211 1229 1206)
4(1161 1147 1223 1206)
5(1150 1151 1218 1087 1086)
4(1033 1088 1230 1032)
4(1151 1152 1230 1218)
4(1087 1218 1230 1088)
4(1025 1032 1230 1152)
5(1031 1086 1087 1088 1033)
4(1146 1211 1231 1154)
4(1224 1149 1153 1207)
4(1231 1211 1224 1207)
4(1153 1154 1231 1207)
4(1162 1210 1221 1167)
4(1221 1210 1227 1208)
4(1166 1167 1221 1208)
4(1227 1165 1166 1208)
5(1158 1159 1089 1093 1213)
5(1155 1156 1215 1091 1090)
4(1093 1092 1232 1213)
4(1156 1157 1232 1215)
4(1091 1215 1232 1092)
4(1158 1213 1232 1157)
5(1089 1090 1091 1092 1093)
4(1093 1213 1234 1094)
4(1151 1218 1234 1169)
4(1087 1094 1234 1218)
4(1158 1169 1234 1213)
5(1089 1093 1094 1087 1086)
4(1168 1160 1229 1209)
4(1229 1211 1231 1209)
4(1231 1154 1168 1209)
5(1100 1214 1126 1016 1081)
4(927 926 1219 1099)
4(1126 1214 1219 1125)
4(1100 1099 1219 1214)
5(1100 1081 924 927 1099)
5(925 926 927 924 918)
5(1162 1017 1082 1103 1210)
4(1103 1107 1220 1210)
4(1126 1163 1220 1214)
4(1100 1214 1220 1107)
5(1082 1081 1100 1107 1103)
5(1018 1083 1091 1215 1156)
4(1103 1210 1221 1105)
4(1156 1215 1221 1167)
4(1091 1105 1221 1215)
5(1091 1083 1082 1103 1105)
4(1091 1090 1084 1083)
4(1222 997 996 1109)
4(978 997 1222 1035)
4(1034 1035 1222 1109)
4(1034 1109 996 981)
4(996 997 978 981)
4(994 997 1222 1217)
4(989 1128 1222 997)
4(1129 1217 1222 1128)
4(1129 990 994 1217)
4(989 997 994 990)
4(1113 1109 1222 1217)
4(1113 1217 994 998)
4(1113 998 996 1109)
4(994 997 996 998)
4(1020 1128 1222 1035)
4(989 983 978 997)
4(1108 1203 1222 1109)
4(1037 1203 1108 1036)
4(1222 1203 1037 1035)
4(1034 1036 1108 1109)
4(1224 1203 1037 1038)
4(1037 1203 1148 1030)
4(1027 1149 1224 1038)
4(1223 1203 1108 1111)
4(1108 1203 1224 1112)
4(1110 1211 1223 1111)
4(1110 1112 1224 1211)
4(1110 1111 1108 1112)
4(1223 1217 1222 1203)
4(1148 1203 1222 1128)
4(1129 1217 1223 1147)
4(1113 1111 1223 1217)
4(1113 1109 1108 1111)
4(1039 1038 1224 1112)
4(1039 1112 1108 1036)
4(1225 1204 1097 1096)
4(999 1098 1097 1204)
4(999 1204 1225 1212)
4(1095 1212 1225 1096)
4(1095 1098 999 1212)
4(1095 1096 1097 1098)
4(1097 1204 1219 1099)
4(929 1204 1097 930)
4(927 930 1097 1099)
4(927 926 929 930)
4(1225 1214 1219 1204)
4(1127 1131 1225 1204)
4(1126 1214 1225 1131)
4(929 932 999 1204)
4(1127 1204 999 992)
4(933 992 999 932)
4(933 932 929 928)
4(1100 1096 1225 1214)
4(1100 1099 1097 1096)
4(931 932 999 1098)
4(931 1098 1097 930)
4(931 930 929 932)
4(1130 1131 1225 1212)
4(1130 1212 999 992)
4(1115 1205 1225 1096)
4(1226 1205 1115 1114)
4(1225 1205 1226 1212)
4(1095 1212 1226 1114)
4(1095 1114 1115 1096)
4(1220 1205 1115 1107)
4(1115 1205 1227 1104)
4(1103 1104 1227 1210)
4(1103 1107 1115 1104)
4(1220 1214 1225 1205)
4(1164 1205 1225 1131)
4(1227 1205 1226 1216)
4(1164 1171 1226 1205)
4(1170 1216 1226 1171)
4(1170 1165 1227 1216)
4(1100 1096 1115 1107)
4(1106 1114 1226 1216)
4(1106 1216 1227 1104)
4(1106 1104 1115 1114)
4(1130 1171 1226 1212)
4(999 995 1000 1098)
4(1228 1116 1000 995)
4(1228 995 999 1212)
4(1095 1116 1228 1212)
4(1095 1098 1000 1116)
4(1228 995 994 1217)
4(993 995 1228 1132)
4(1129 1132 1228 1217)
4(994 995 993 990)
4(931 945 1000 1098)
4(947 932 999 995)
4(947 995 1000 945)
4(931 932 947 945)
4(1113 1217 1228 1116)
4(1113 1116 1000 998)
4(1000 995 994 998)
4(1130 1212 1228 1132)
4(993 995 999 992)
4(1117 1116 1228 1206)
4(1226 1114 1117 1206)
4(1226 1206 1228 1212)
4(1095 1116 1117 1114)
4(1229 1216 1226 1206)
4(1161 1206 1226 1171)
4(1170 1216 1229 1160)
4(1117 1206 1223 1111)
4(1229 1206 1117 1118)
4(1110 1211 1229 1118)
4(1110 1118 1117 1111)
4(1223 1206 1228 1217)
4(1228 1206 1161 1132)
4(1113 1111 1117 1116)
4(1106 1118 1229 1216)
4(1106 1114 1117 1118)
4(1040 1041 1119 1207)
4(1119 1088 1230 1207)
4(1040 1207 1230 1032)
4(1033 1088 1119 1041)
4(1224 1038 1040 1207)
4(1153 1207 1040 1028)
4(1224 1207 1119 1112)
4(1119 1207 1231 1120)
4(1110 1120 1231 1211)
4(1110 1112 1119 1120)
4(1231 1207 1230 1218)
4(1230 1207 1153 1152)
4(1151 1154 1231 1218)
4(1039 1041 1119 1112)
4(1087 1218 1231 1120)
4(1087 1120 1119 1088)
4(1232 1208 1101 1092)
4(1233 1102 1101 1208)
4(1233 1208 1232 1213)
4(1093 1102 1233 1213)
4(1093 1092 1101 1102)
4(1101 1208 1221 1105)
4(1101 1104 1227 1208)
4(1103 1104 1101 1105)
4(1232 1215 1221 1208)
4(1166 1157 1232 1208)
4(1233 1208 1227 1216)
4(1166 1208 1233 1172)
4(1170 1172 1233 1216)
4(1091 1105 1101 1092)
4(1106 1216 1233 1102)
4(1106 1102 1101 1104)
4(1158 1213 1233 1172)
4(1233 1209 1121 1102)
4(1121 1209 1234 1094)
4(1233 1213 1234 1209)
4(1093 1102 1121 1094)
4(1229 1209 1233 1216)
4(1233 1209 1168 1172)
4(1121 1209 1229 1118)
4(1231 1209 1121 1120)
4(1110 1120 1121 1118)
4(1234 1209 1231 1218)
4(1168 1209 1234 1169)
4(1106 1118 1121 1102)
4(1087 1094 1121 1120)
4(837 828 1029 1124)
4(1123 836 837 1124)
4(819 828 837 836)
4(1122 839 838 984)
4(821 839 1122 1021)
4(982 984 838 824)
4(821 824 838 839)
4(384 373 1122 839)
4(374 385 838 984)
4(384 839 838 385)
4(384 385 374 373)
4(1122 1124 837 839)
4(821 839 837 828)
4(382 383 837 1124)
4(379 836 837 383)
4(379 383 382 380)
4(384 383 837 839)
4(384 373 382 383)
4(1235 1265 1298 1266)
4(1235 1263 1299 1265)
4(1235 1266 1300 1263)
4(1299 1263 1300 1247)
4(1298 1265 1299 1247)
4(1300 1266 1298 1247)
4(934 935 1304 1261)
4(1303 1261 1304 1248)
4(943 942 1303 1248)
4(1304 935 943 1248)
4(934 1261 1303 942)
4(934 942 943 935)
4(1235 1264 1308 1266)
4(1308 1264 1307 1249)
4(1307 1265 1298 1249)
4(1298 1266 1308 1249)
4(1235 1265 1307 1264)
5(1235 1263 30 29 1078)
4(30 1263 1299 31)
4(1240 1281 1299 1265)
4(32 31 1299 1281)
5(1235 1078 1079 1240 1265)
5(32 1281 1240 1079 33)
5(29 30 31 32 33)
4(1237 1269 1313 1272)
4(1237 1272 1314 1267)
4(1237 1267 1315 1269)
4(1315 1267 1314 1250)
4(1313 1269 1315 1250)
4(1314 1272 1313 1250)
4(934 937 1296 1261)
4(1296 937 936 1251)
4(1304 1261 1296 1251)
4(936 935 1304 1251)
4(934 935 936 937)
4(1235 1266 1319 1262)
4(1235 1262 1297 1263)
4(1297 1262 1319 1252)
4(1300 1263 1297 1252)
4(1319 1266 1300 1252)
4(1237 1268 1321 1272)
4(1237 1269 1322 1268)
4(1321 1268 1322 1253)
4(1322 1269 1313 1253)
4(1313 1272 1321 1253)
4(1237 1272 1324 1270)
4(1237 1270 1325 1267)
4(1314 1267 1325 1254)
4(1325 1270 1324 1254)
4(1324 1272 1314 1254)
5(1238 1244 1292 35 34)
5(1238 1042 1043 1293 1244)
4(1 36 1323 1044)
4(1244 1293 1323 1292)
4(35 1292 1323 36)
4(1043 1044 1323 1293)
5(0 34 35 36 1)
5(39 38 1274 1246 1242)
5(1236 1242 1246 1283 1240)
4(38 37 1301 1274)
4(1240 1283 1301 1281)
4(32 1281 1301 37)
4(1246 1274 1301 1283)
5(1236 1240 1281 32 40)
5(32 37 38 39 40)
4(1237 1268 1327 1270)
4(1327 1268 1321 1255)
4(1324 1270 1327 1255)
4(1321 1272 1324 1255)
5(1238 1244 1294 1246 1242)
4(38 1274 1326 41)
4(1244 1292 1326 1294)
4(35 41 1326 1292)
4(1246 1294 1326 1274)
5(39 38 41 35 34)
4(1237 1271 1329 1269)
4(1237 1267 1330 1271)
4(1330 1267 1315 1256)
4(1315 1269 1329 1256)
4(1329 1271 1330 1256)
4(1235 1264 1311 1262)
4(1319 1262 1311 1257)
4(1311 1264 1308 1257)
4(1308 1266 1319 1257)
4(1237 1271 1333 1268)
4(1322 1268 1333 1258)
4(1329 1269 1322 1258)
4(1333 1271 1329 1258)
4(1237 1270 1335 1271)
4(1325 1267 1330 1259)
4(1335 1270 1325 1259)
4(1330 1271 1335 1259)
5(1238 1086 1087 1295 1244)
4(1033 1045 1334 1088)
4(1244 1295 1334 1293)
4(1043 1293 1334 1045)
4(1087 1088 1334 1295)
5(1089 1242 1246 1276 1093)
4(1093 1276 1309 1092)
4(1240 1282 1309 1283)
4(1091 1092 1309 1282)
4(1246 1283 1309 1276)
5(1236 1090 1091 1282 1240)
4(1333 1268 1327 1260)
4(1327 1270 1335 1260)
4(1335 1271 1333 1260)
4(1093 1094 1336 1276)
4(1244 1294 1336 1295)
4(1246 1276 1336 1294)
4(1087 1295 1336 1094)
5(42 1277 1239 1080 43)
5(934 923 1080 1239 1261)
4(45 937 1296 46)
4(1239 1277 1296 1261)
4(42 46 1296 1277)
5(934 937 45 44 923)
5(42 43 44 45 46)
5(1235 1262 1239 1080 1078)
4(1239 1262 1297 1277)
4(30 47 1297 1263)
4(42 1277 1297 47)
5(42 47 30 29 43)
4(1301 1247 48 37)
4(48 1247 1302 49)
4(1302 1247 1301 1274)
4(38 49 1302 1274)
4(38 37 48 49)
4(48 1247 1299 31)
4(48 50 1300 1247)
4(30 1263 1300 50)
4(30 50 48 31)
4(1301 1281 1299 1247)
4(1301 1247 1298 1283)
4(1240 1283 1298 1265)
4(1302 1247 1300 1284)
4(1298 1247 1302 1286)
4(1241 1266 1298 1286)
4(1241 1284 1300 1266)
4(1241 1286 1302 1284)
4(32 31 48 37)
4(51 50 1300 1284)
4(51 1284 1302 49)
4(51 49 48 50)
4(1246 1286 1298 1283)
4(1246 1274 1302 1286)
4(1097 1248 1305 1096)
4(1306 1248 1097 1098)
4(1306 1275 1305 1248)
4(1095 1096 1305 1275)
4(1095 1275 1306 1098)
4(1305 1248 1303 1278)
4(1304 1248 1305 1279)
4(1239 1278 1303 1261)
4(1239 1261 1304 1279)
4(1239 1279 1305 1278)
4(1303 1248 1097 1099)
4(943 930 1097 1248)
4(927 942 1303 1099)
4(927 930 943 942)
4(943 1248 1306 944)
4(1306 1248 1304 1280)
4(939 1280 1304 935)
4(939 944 1306 1280)
4(939 935 943 944)
4(1100 1099 1303 1278)
4(1100 1278 1305 1096)
4(931 1098 1306 944)
4(931 944 943 930)
4(1245 1279 1304 1280)
4(1245 1275 1305 1279)
4(1245 1280 1306 1275)
4(1101 1249 1309 1092)
4(1309 1249 1310 1276)
4(1310 1249 1101 1102)
4(1093 1276 1310 1102)
4(1307 1249 1101 1105)
4(1101 1249 1308 1104)
4(1103 1264 1307 1105)
4(1103 1104 1308 1264)
4(1309 1249 1307 1282)
4(1309 1283 1298 1249)
4(1240 1282 1307 1265)
4(1310 1249 1298 1286)
4(1310 1287 1308 1249)
4(1241 1266 1308 1287)
4(1241 1287 1310 1286)
4(1091 1105 1307 1282)
4(1246 1286 1310 1276)
4(1106 1287 1308 1104)
4(1106 1102 1310 1287)
5(1080 1239 1278 1100 1081)
5(934 923 924 927 942)
5(1235 1264 1103 1082 1078)
4(1239 1278 1311 1262)
4(1103 1264 1311 1107)
4(1100 1107 1311 1278)
5(1091 1083 1079 1240 1282)
4(1236 1085 1079 1240)
4(52 33 32 40)
4(18 1250 1312 19)
4(1055 1250 18 14)
4(1312 1250 1055 1054)
4(9 19 1312 1054)
4(9 14 18 19)
4(1314 1250 1055 1048)
4(1315 1056 1055 1250)
4(1047 1267 1314 1048)
4(1047 1056 1315 1267)
4(1313 1288 1312 1250)
4(1315 1250 1312 1289)
4(1243 1289 1312 1288)
4(1243 1288 1313 1269)
4(1243 1269 1315 1289)
4(1313 1250 18 54)
4(18 1250 1314 55)
4(53 1272 1313 54)
4(53 55 1314 1272)
4(53 54 18 55)
4(56 1288 1312 19)
4(56 54 1313 1288)
4(56 19 18 54)
4(7 1048 1314 55)
4(7 55 18 14)
4(1051 1054 1312 1289)
4(1051 1289 1315 1056)
4(20 19 1312 1008)
4(1005 1008 1312 1054)
4(20 1008 1005 10)
4(9 19 20 10)
4(1009 1008 1312 1288)
4(1312 1008 1007 1289)
4(1243 1010 1009 1288)
4(1243 1289 1007 1010)
4(1007 1008 1009 1010)
4(56 1288 1009 57)
4(20 57 1009 1008)
4(56 57 20 19)
4(1051 1004 1007 1289)
4(1007 1004 1005 1008)
4(60 59 1316 1251)
4(60 1251 1317 61)
4(1317 1251 1316 1273)
4(58 1273 1316 59)
4(58 61 1317 1273)
4(58 59 60 61)
4(60 1251 1296 46)
4(936 1251 60 62)
4(45 937 936 62)
4(45 62 60 46)
4(1316 1277 1296 1251)
4(1316 1251 1304 1279)
4(1239 1277 1316 1279)
4(936 938 1317 1251)
4(1317 1280 1304 1251)
4(939 1280 1317 938)
4(939 938 936 935)
4(42 59 1316 1277)
4(42 46 60 59)
4(63 938 1317 61)
4(63 62 936 938)
4(63 61 60 62)
4(1245 1279 1316 1273)
4(1245 1273 1317 1280)
4(65 1252 1316 59)
4(1318 1252 65 64)
4(1316 1252 1318 1273)
4(58 1273 1318 64)
4(58 64 65 59)
4(1297 1277 1316 1252)
4(1319 1252 1316 1279)
4(1239 1262 1319 1279)
4(65 47 1297 1252)
4(65 1252 1300 50)
4(30 47 65 50)
4(1318 1284 1300 1252)
4(1319 1285 1318 1252)
4(1241 1284 1318 1285)
4(1241 1285 1319 1266)
4(42 59 65 47)
4(51 64 1318 1284)
4(51 50 65 64)
4(1245 1285 1318 1273)
4(1245 1279 1319 1285)
4(67 66 1320 1253)
4(67 1253 1318 64)
4(1318 1253 1320 1273)
4(58 1273 1320 66)
4(58 66 67 64)
4(1321 1284 1318 1253)
4(1322 1253 1318 1285)
4(1241 1284 1321 1268)
4(1241 1268 1322 1285)
4(1320 1288 1313 1253)
4(1322 1290 1320 1253)
4(1243 1288 1320 1290)
4(1243 1290 1322 1269)
4(67 1253 1313 54)
4(1321 1253 67 68)
4(53 1272 1321 68)
4(53 68 67 54)
4(56 66 1320 1288)
4(56 54 67 66)
4(51 68 1321 1284)
4(51 64 67 68)
4(1245 1290 1320 1273)
4(1245 1285 1322 1290)
4(69 1014 1320 66)
4(69 61 1317 1014)
4(1317 1273 1320 1014)
4(58 61 69 66)
4(941 1014 1317 938)
4(1317 1014 1013 1280)
4(939 1280 1013 940)
4(1013 1014 941 940)
4(939 940 941 938)
4(1320 1014 1009 1288)
4(1013 1014 1320 1290)
4(1243 1010 1013 1290)
4(1009 1014 1013 1010)
4(69 1014 1009 57)
4(56 66 69 57)
4(69 70 941 1014)
4(63 938 941 70)
4(63 70 69 61)
4(1245 1290 1013 1280)
4(71 1254 1046 5)
4(71 36 1323 1254)
4(1046 1254 1323 1044)
4(1 36 71 5)
4(1046 1254 1314 1048)
4(1325 1254 1046 1049)
4(1047 1267 1325 1049)
4(1324 1254 1323 1292)
4(1325 1293 1323 1254)
4(1244 1270 1324 1292)
4(1244 1293 1325 1270)
4(71 55 1314 1254)
4(71 1254 1324 72)
4(53 72 1324 1272)
4(53 55 71 72)
4(7 5 71 55)
4(35 1292 1324 72)
4(35 72 71 36)
4(1043 1049 1325 1293)
4(73 49 1302 1255)
4(73 1255 1326 41)
4(1326 1255 1302 1274)
4(38 49 73 41)
4(1302 1284 1321 1255)
4(1302 1255 1327 1286)
4(1241 1286 1327 1268)
4(1326 1255 1324 1292)
4(1327 1255 1326 1294)
4(1244 1270 1327 1294)
4(73 1255 1321 68)
4(73 72 1324 1255)
4(53 72 73 68)
4(51 68 73 49)
4(35 41 73 72)
4(1246 1294 1327 1286)
4(1057 1256 1328 1050)
4(1108 1109 1328 1256)
4(1108 1256 1057 1036)
4(1034 1050 1328 1109)
4(1315 1256 1057 1056)
4(1330 1053 1057 1256)
4(1047 1053 1330 1267)
4(1328 1256 1315 1289)
4(1329 1256 1328 1291)
4(1243 1291 1328 1289)
4(1243 1269 1329 1291)
4(1329 1111 1108 1256)
4(1330 1256 1108 1112)
4(1110 1111 1329 1271)
4(1110 1271 1330 1112)
4(1051 1289 1328 1050)
4(1113 1109 1328 1291)
4(1113 1291 1329 1111)
4(1039 1112 1330 1053)
4(1001 1050 1328 1012)
4(996 1012 1328 1109)
4(1001 1012 996 981)
4(1007 1012 1328 1289)
4(1328 1012 1011 1291)
4(1243 1291 1011 1010)
4(1011 1012 1007 1010)
4(1001 1004 1007 1012)
4(1113 998 1011 1291)
4(1011 998 996 1012)
4(1115 1096 1305 1257)
4(1331 1257 1305 1275)
4(1115 1257 1331 1114)
4(1095 1114 1331 1275)
4(1305 1278 1311 1257)
4(1305 1257 1319 1279)
4(1115 1257 1311 1107)
4(1115 1104 1308 1257)
4(1331 1285 1319 1257)
4(1331 1257 1308 1287)
4(1241 1285 1331 1287)
4(1245 1275 1331 1285)
4(1106 1287 1331 1114)
4(1332 1258 1331 1275)
4(1117 1258 1332 1116)
4(1331 1258 1117 1114)
4(1095 1116 1332 1275)
4(1322 1285 1331 1258)
4(1333 1258 1331 1287)
4(1241 1268 1333 1287)
4(1332 1290 1322 1258)
4(1332 1258 1329 1291)
4(1243 1290 1332 1291)
4(1117 1111 1329 1258)
4(1333 1118 1117 1258)
4(1110 1118 1333 1271)
4(1245 1275 1332 1290)
4(1113 1291 1332 1116)
4(1106 1287 1333 1118)
4(1000 1015 1306 1098)
4(1306 1015 1332 1275)
4(1332 1015 1000 1116)
4(1306 1015 946 944)
4(1306 1280 1013 1015)
4(946 1015 1013 940)
4(939 944 946 940)
4(1332 1015 1013 1290)
4(1011 1015 1332 1291)
4(1013 1015 1011 1010)
4(946 945 1000 1015)
4(931 945 946 944)
4(1011 1015 1000 998)
4(1334 1259 1052 1045)
4(1052 1259 1119 1041)
4(1119 1259 1334 1088)
4(1052 1259 1325 1049)
4(1052 1053 1330 1259)
4(1334 1293 1325 1259)
4(1335 1295 1334 1259)
4(1244 1295 1335 1270)
4(1119 1259 1330 1112)
4(1335 1259 1119 1120)
4(1110 1271 1335 1120)
4(1087 1120 1335 1295)
4(1310 1260 1336 1276)
4(1121 1260 1310 1102)
4(1121 1094 1336 1260)
4(1310 1286 1327 1260)
4(1310 1260 1333 1287)
4(1336 1260 1327 1294)
4(1336 1295 1335 1260)
4(1121 1118 1333 1260)
4(1121 1260 1335 1120)
4(951 940 1013 1010)
4(941 954 1009 1014)
4(951 1010 1009 954)
4(951 954 941 940)
4(1011 952 946 1015)
4(951 952 1011 1010)
4(951 940 946 952)
4(74 954 1009 57)
4(74 70 941 954)
4(74 57 69 70)
4(953 998 1011 952)
4(953 945 1000 998)
4(953 952 946 945)
4(951 1010 1007 956)
4(23 956 1007 1008)
4(1009 954 23 1008)
4(951 956 23 954)
4(842 841 1006 957)
4(1006 919 955 957)
4(840 843 955 919)
4(955 843 842 957)
4(840 841 842 843)
4(1007 956 958 1012)
4(958 952 1011 1012)
4(951 952 958 956)
4(1001 1002 920 960)
4(959 919 1003 1004)
4(959 1004 1001 960)
4(959 960 920 919)
4(962 960 1001 981)
4(962 981 980 921)
4(962 921 920 960)
4(1006 864 1005 24)
4(959 24 1005 1004)
4(959 919 1006 24)
4(21 10 1005 24)
4(21 24 1006 17)
4(21 17 11 10)
4(23 24 1005 1008)
4(959 956 1007 1004)
4(959 24 23 956)
4(20 22 23 1008)
4(74 954 23 22)
4(74 22 20 57)
4(21 22 23 24)
4(21 10 20 22)
4(25 17 1006 957)
4(25 957 842 26)
4(15 26 842 841)
4(15 17 25 26)
4(27 957 1006 24)
4(959 919 955 961)
4(27 961 955 957)
4(959 961 27 24)
4(25 28 27 957)
4(21 24 27 28)
4(21 28 25 17)
4(1001 960 958 1012)
4(959 956 958 960)
4(958 963 996 1012)
4(953 998 996 963)
4(953 963 958 952)
4(962 963 996 981)
4(962 960 958 963)
4(369 969 985 330)
4(970 986 985 969)
4(970 370 357 986)
4(369 370 970 969)
4(369 330 357 370)
4(985 987 973 969)
4(973 987 331 371)
4(369 969 973 371)
4(369 371 331 330)
4(966 965 988 984)
4(964 983 988 965)
4(964 967 982 983)
4(966 984 982 967)
4(964 965 966 967)
4(372 965 988 359)
4(966 386 374 984)
4(372 386 966 965)
4(372 359 374 386)
4(989 971 970 986)
4(968 990 985 969)
4(968 971 989 990)
4(968 969 970 971)
4(970 986 988 965)
4(964 983 989 971)
4(964 971 970 965)
4(372 965 970 370)
4(372 370 357 359)
4(973 972 993 987)
4(968 990 993 972)
4(968 972 973 969)
4(973 950 991 987)
4(933 972 993 992)
4(933 950 973 972)
4(328 371 973 950)
4(328 324 331 371)
4(993 972 947 995)
4(947 974 994 995)
4(968 990 994 974)
4(968 974 947 972)
4(933 972 947 932)
4(953 974 994 998)
4(953 945 947 974)
4(975 971 989 997)
4(994 974 975 997)
4(968 971 975 974)
4(964 977 978 983)
4(978 977 976 979)
4(982 979 976 967)
4(964 967 976 977)
4(975 977 978 997)
4(964 977 975 971)
4(996 963 975 997)
4(953 974 975 963)
4(962 977 978 981)
4(962 963 975 977)
4(980 979 976 921)
4(976 979 823 844)
4(830 921 976 844)
4(830 844 823 826)
4(962 977 976 921)
4(838 984 966 845)
4(387 845 966 386)
4(387 385 838 845)
4(387 386 374 385)
4(846 824 982 967)
4(846 967 966 845)
4(846 845 838 824)
4(846 844 976 967)
4(846 824 823 844)
5(116 120 1442 1441 1470)
4(119 1443 1442 120)
5(1439 1443 119 118 1467)
4(1439 1467 1471 1440)
4(118 117 1471 1467)
4(1441 1440 1471 1470)
4(116 1470 1471 117)
5(1439 1440 1441 1442 1443)
5(116 117 118 119 120)
4(934 937 1474 1448)
5(1450 1449 1466 126 125)
4(44 923 1450 125)
4(1449 1448 1474 1466)
4(126 1466 1474 127)
4(45 127 1474 937)
5(934 1448 1449 1450 923)
5(44 125 126 127 45)
5(1444 124 116 1470 1441)
4(122 1408 1476 123)
4(1441 1470 1476 1445)
4(116 123 1476 1470)
4(1407 1445 1476 1408)
5(1444 1441 1445 1407 1406)
5(121 1406 1407 1408 122)
5(121 122 123 116 124)
4(128 1410 1477 129)
4(1477 1463 130 129)
4(1477 1410 1409 1463)
4(1409 131 130 1463)
4(128 131 1409 1410)
4(128 129 130 131)
4(1474 1448 1452 1464)
4(936 937 1474 1464)
4(1452 935 936 1464)
4(934 935 1452 1448)
4(1477 129 133 1465)
4(1413 1410 1477 1465)
4(133 132 1413 1465)
4(128 1410 1413 132)
4(128 132 133 129)
4(134 120 1442 1453)
4(1444 1453 1442 1441)
4(116 120 134 124)
4(1442 120 150 151)
4(146 1443 1442 151)
4(146 148 119 1443)
4(150 120 119 148)
4(153 151 1442 1453)
4(134 120 150 152)
4(1472 1446 1442 151)
4(146 1443 1447 1468)
4(1442 1446 1447 1443)
4(1454 1446 1442 1453)
4(1450 1443 119 125)
4(1449 1466 1475 1455)
4(1439 1455 1475 1467)
4(118 1467 1475 135)
4(126 135 1475 1466)
5(1439 1443 1450 1449 1455)
5(126 125 119 118 135)
4(1450 147 149 125)
4(146 147 1450 1443)
4(119 125 149 148)
4(75 923 1450 147)
4(44 80 149 125)
4(1473 147 1450 1451)
4(1447 1451 1450 1443)
4(924 923 1450 1451)
4(1477 1467 1471 1463)
4(1457 1456 1477 1463)
4(1471 1440 1457 1463)
4(1439 1467 1477 1456)
4(1439 1456 1457 1440)
4(130 117 1471 1463)
4(118 129 1477 1467)
4(118 117 130 129)
4(1457 1415 1409 1463)
4(1414 1456 1477 1410)
4(1414 1415 1457 1456)
4(1414 1410 1409 1415)
4(130 1463 1476 123)
4(1476 1463 1409 1408)
4(122 1408 1409 131)
4(122 131 130 123)
4(1471 1470 1476 1463)
4(1457 1463 1476 1445)
4(1441 1440 1457 1445)
4(116 123 130 117)
4(1407 1445 1457 1415)
4(1407 1415 1409 1408)
4(1478 1464 1474 1466)
4(1478 1458 1452 1464)
4(1449 1458 1478 1466)
4(1449 1448 1452 1458)
4(137 1464 1474 127)
4(137 136 1478 1464)
4(126 1466 1478 136)
4(126 136 137 127)
4(137 1464 936 62)
4(45 127 137 62)
4(1478 1464 1419 1418)
4(137 139 1419 1464)
4(138 136 1478 1418)
4(138 1418 1419 139)
4(138 139 137 136)
4(1419 1464 1452 1459)
4(936 1464 1419 938)
4(939 938 1419 1459)
4(939 1459 1452 935)
4(1460 1459 1419 1418)
4(1460 1418 1478 1458)
4(1460 1458 1452 1459)
4(63 139 1419 938)
4(63 62 137 139)
4(1421 1461 1413 1420)
4(1414 1410 1413 1461)
4(1414 1461 1421 1416)
4(1414 1416 1417 1410)
4(1413 1410 1417 1420)
4(1421 1420 1417 1416)
4(1460 1418 1422 1423)
4(1460 1461 1413 1418)
4(1460 1423 1421 1461)
4(1413 1420 1422 1418)
4(1421 1423 1422 1420)
4(1412 1411 1419 1459)
4(939 940 1412 1459)
4(941 1411 1412 940)
4(1419 1411 941 938)
4(1460 1459 1412 1423)
4(1419 1418 1422 1411)
4(1422 1423 1412 1411)
4(1462 1465 1475 1455)
4(1475 1465 1478 1466)
4(1462 1458 1478 1465)
4(1449 1458 1462 1455)
4(1475 1467 1477 1465)
4(1477 1456 1462 1465)
4(1439 1455 1462 1456)
4(1475 135 133 1465)
4(118 129 133 135)
4(1478 136 133 1465)
4(126 135 133 136)
4(1462 1465 1413 1461)
4(1414 1456 1462 1461)
4(1478 1418 1413 1465)
4(138 132 1413 1418)
4(138 136 133 132)
4(1460 1461 1462 1458)
5(1482 1502 1363 1361 1481)
5(1361 1363 1503 1407 1406)
5(1444 1441 1504 1482 1481)
4(1363 1502 1507 1503)
4(1441 1445 1507 1504)
4(1482 1504 1507 1502)
4(1407 1503 1507 1445)
5(1447 1480 1501 1482 1446)
5(1442 1446 1482 1504 1441)
5(1439 1499 1480 1447 1443)
4(1439 1440 1508 1499)
4(1480 1499 1508 1501)
4(1441 1504 1508 1440)
4(1482 1501 1508 1504)
4(925 926 1511 1353)
5(1479 1492 927 924 1451)
5(1340 1354 1493 1479 1451)
4(927 1492 1511 926)
4(1479 1493 1511 1492)
4(1354 1353 1511 1493)
5(925 1353 1354 1340 918)
4(1516 1497 1514 1483)
4(1516 1483 1515 1498)
4(1514 1376 1515 1483)
4(1375 1376 1514 1497)
4(1375 1498 1515 1376)
4(1375 1497 1516 1498)
5(1341 1481 1482 1505 1342)
4(1363 1362 1517 1502)
4(1342 1505 1517 1343)
4(1482 1502 1517 1505)
4(1344 1343 1517 1362)
5(1341 1342 1343 1344 1345)
5(1361 1345 1344 1362 1363)
4(1518 1484 1365 1364)
4(1348 1484 1518 1347)
4(1348 1356 1365 1484)
4(1355 1347 1518 1364)
4(1355 1356 1348 1347)
4(1355 1364 1365 1356)
4(1366 1369 1520 1428)
4(1520 1369 1368 1485)
4(1520 1485 1429 1428)
4(1368 1367 1429 1485)
4(1366 1428 1429 1367)
4(1366 1367 1368 1369)
4(1363 1503 1519 1370)
4(1432 1431 1519 1437)
4(1407 1437 1519 1503)
4(1371 1370 1519 1431)
5(1430 1372 1371 1431 1432)
5(1430 1432 1437 1407 1406)
5(1361 1363 1370 1371 1372)
4(927 1492 1510 942)
4(1521 1486 1510 1492)
4(1510 1486 943 942)
4(943 1486 1521 930)
4(927 930 1521 1492)
4(929 926 1511 1487)
4(1511 1353 1352 1487)
4(1352 928 929 1487)
4(925 928 1352 1353)
4(1373 1369 1520 1488)
4(1433 1488 1520 1428)
4(1373 1488 1433 1374)
4(1366 1374 1433 1428)
4(1366 1369 1373 1374)
4(1479 1495 1527 1496)
4(1479 1493 1512 1495)
4(1479 1496 1524 1493)
4(1512 1493 1524 1489)
4(1527 1495 1512 1489)
4(1524 1496 1527 1489)
4(1412 940 946 1490)
4(1425 1424 1412 1490)
4(946 952 1425 1490)
4(951 1424 1425 952)
4(951 940 1412 1424)
4(1479 1495 1513 1494)
4(1479 1494 1523 1496)
4(1523 1494 1513 1491)
4(1513 1495 1527 1491)
4(1523 1491 1527 1496)
5(1482 1446 1337 1342 1505)
5(1346 1339 1447 1480 1500)
4(1480 1501 1509 1500)
4(1346 1500 1509 1349)
4(1342 1349 1509 1505)
4(1482 1505 1509 1501)
5(1346 1349 1342 1337 1339)
4(1482 1481 1454 1446)
4(1341 1338 1337 1342)
5(1450 1451 1479 1494 1449)
4(1479 1492 1510 1494)
4(934 1448 1510 942)
4(1449 1494 1510 1448)
5(1479 1495 1480 1447 1451)
4(1449 1455 1513 1494)
4(1439 1499 1513 1455)
4(1480 1495 1513 1499)
4(1354 1493 1512 1350)
4(1480 1500 1512 1495)
4(1346 1350 1512 1500)
5(1346 1339 1340 1354 1350)
4(1508 1499 1516 1483)
4(1516 1456 1457 1483)
4(1457 1440 1508 1483)
4(1439 1456 1516 1499)
4(1514 1483 1508 1501)
4(1480 1497 1514 1501)
4(1480 1499 1516 1497)
4(1515 1415 1457 1483)
4(1414 1415 1515 1498)
4(1414 1498 1516 1456)
4(1507 1483 1514 1502)
4(1515 1483 1507 1503)
4(1363 1502 1514 1376)
4(1363 1376 1515 1503)
4(1507 1504 1508 1483)
4(1507 1483 1457 1445)
4(1482 1501 1514 1502)
4(1407 1503 1515 1415)
4(1514 1497 1518 1484)
4(1365 1376 1514 1484)
4(1375 1364 1518 1497)
4(1375 1376 1365 1364)
4(1518 1484 1509 1500)
4(1509 1484 1514 1501)
4(1480 1497 1518 1500)
4(1509 1349 1348 1484)
4(1346 1500 1518 1347)
4(1346 1347 1348 1349)
4(1514 1484 1517 1502)
4(1517 1484 1365 1362)
4(1363 1362 1365 1376)
4(1509 1505 1517 1484)
4(1348 1484 1517 1343)
4(1342 1349 1348 1343)
4(1344 1343 1348 1356)
4(1344 1356 1365 1362)
4(1520 1498 1515 1485)
4(1515 1376 1368 1485)
4(1375 1498 1520 1369)
4(1375 1369 1368 1376)
4(1438 1416 1520 1485)
4(1429 1435 1438 1485)
4(1434 1428 1520 1416)
4(1434 1435 1429 1428)
4(1434 1416 1438 1435)
4(1438 1415 1515 1485)
4(1414 1416 1520 1498)
4(1414 1415 1438 1416)
4(1519 1485 1515 1503)
4(1368 1485 1519 1370)
4(1363 1376 1368 1370)
4(1519 1437 1438 1485)
4(1519 1485 1429 1431)
4(1432 1431 1429 1435)
4(1432 1435 1438 1437)
4(1407 1437 1438 1415)
4(1371 1367 1429 1431)
4(1371 1370 1368 1367)
4(1523 1486 1510 1494)
4(1523 1496 1521 1486)
4(1479 1492 1521 1496)
4(1452 1448 1510 1486)
4(943 935 1452 1486)
4(1523 1486 1452 1458)
4(1449 1494 1523 1458)
4(1523 1506 1522 1486)
4(1521 1486 1522 1380)
4(1377 1496 1521 1380)
4(1377 1380 1522 1506)
4(1377 1506 1523 1496)
4(1522 1459 1452 1486)
4(943 944 1522 1486)
4(939 1459 1522 944)
4(1460 1506 1522 1459)
4(1460 1458 1523 1506)
4(931 1380 1521 930)
4(931 944 1522 1380)
4(1511 1487 1521 1492)
4(1521 1487 929 930)
4(1524 1493 1511 1487)
4(1524 1487 1521 1496)
4(1352 1487 1524 1357)
4(1354 1357 1524 1493)
4(1354 1353 1352 1357)
4(1379 1487 1521 1380)
4(1524 1487 1379 1378)
4(1377 1496 1524 1378)
4(1377 1378 1379 1380)
4(929 1487 1379 932)
4(1352 1360 1379 1487)
4(933 1360 1352 928)
4(933 932 1379 1360)
4(931 1380 1379 932)
4(1359 1378 1524 1357)
4(1359 1357 1352 1360)
4(1359 1360 1379 1378)
4(1526 1498 1520 1488)
4(1373 1381 1526 1488)
4(1375 1498 1526 1381)
4(1375 1381 1373 1369)
4(1520 1416 1421 1488)
4(1421 1436 1433 1488)
4(1434 1428 1433 1436)
4(1434 1436 1421 1416)
4(1526 1461 1421 1488)
4(1414 1461 1526 1498)
4(1526 1488 1525 1506)
4(1373 1382 1525 1488)
4(1377 1506 1525 1382)
4(1377 1381 1526 1506)
4(1377 1382 1373 1381)
4(1525 1488 1421 1423)
4(1525 1427 1433 1488)
4(1426 1427 1525 1423)
4(1426 1436 1433 1427)
4(1426 1423 1421 1436)
4(1460 1423 1525 1506)
4(1460 1506 1526 1461)
4(1383 1382 1525 1427)
4(1383 1427 1433 1374)
4(1383 1374 1373 1382)
4(1351 1489 1512 1350)
4(1351 1357 1524 1489)
4(1354 1357 1351 1350)
4(1384 1489 1518 1364)
4(1518 1489 1351 1347)
4(1351 1489 1384 1358)
4(1355 1347 1351 1358)
4(1355 1358 1384 1364)
4(1527 1489 1518 1497)
4(1384 1489 1527 1381)
4(1375 1381 1527 1497)
4(1375 1364 1384 1381)
4(1512 1489 1518 1500)
4(1480 1497 1527 1495)
4(1346 1350 1351 1347)
4(1384 1489 1524 1378)
4(1377 1496 1527 1381)
4(1377 1381 1384 1378)
4(1359 1358 1351 1357)
4(1359 1378 1384 1358)
4(1525 1490 1522 1506)
4(1525 1382 1385 1490)
4(1522 1490 1385 1380)
4(1377 1380 1385 1382)
4(1522 1490 1412 1459)
4(946 1490 1522 944)
4(1412 1490 1525 1423)
4(1425 1427 1525 1490)
4(1426 1427 1425 1424)
4(1426 1424 1412 1423)
4(1425 1490 1385 1386)
4(1385 1490 946 945)
4(953 952 1425 1386)
4(953 1386 1385 945)
4(1383 1386 1425 1427)
4(1383 1382 1385 1386)
4(931 945 1385 1380)
4(1527 1497 1516 1491)
4(1516 1498 1526 1491)
4(1526 1381 1527 1491)
4(1513 1491 1462 1455)
4(1523 1458 1462 1491)
4(1516 1499 1513 1491)
4(1462 1456 1516 1491)
4(1526 1491 1462 1461)
4(1523 1491 1526 1506)
4(85 88 1564 1554)
4(85 1554 1567 86)
4(1567 1546 87 86)
4(1567 1554 1564 1546)
4(87 1546 1564 88)
4(85 86 87 88)
5(92 91 1560 1545 1544)
5(875 1544 1545 1563 876)
4(91 90 1568 1560)
4(876 1563 1568 877)
4(89 877 1568 90)
4(1545 1560 1568 1563)
5(875 876 877 89 93)
5(89 90 91 92 93)
4(85 95 1570 1554)
4(1570 95 94 1547)
4(1564 1554 1570 1547)
4(94 88 1564 1547)
4(85 88 94 95)
5(1430 1432 1562 1545 1544)
4(91 1560 1565 96)
4(1432 1528 1565 1562)
4(97 96 1565 1528)
4(1545 1562 1565 1560)
5(1430 98 97 1528 1432)
5(92 91 96 97 98)
4(1366 1428 1573 1387)
4(1573 1548 1388 1387)
4(1429 1548 1573 1428)
4(1429 1367 1388 1548)
4(1366 1387 1388 1367)
5(1389 1544 1545 1561 1391)
4(1391 1561 1574 1395)
4(876 880 1574 1563)
4(1545 1563 1574 1561)
4(879 1395 1574 880)
5(1389 1391 1395 879 878)
5(875 878 879 880 876)
4(1396 1555 1575 1397)
4(1396 1399 1571 1555)
4(1575 1555 1571 1549)
4(1398 1397 1575 1549)
4(1571 1399 1398 1549)
4(1396 1397 1398 1399)
4(1391 1390 1572 1561)
4(1432 1562 1572 1431)
4(1545 1561 1572 1562)
4(1371 1431 1572 1390)
5(1389 1372 1371 1390 1391)
4(85 1554 1576 99)
4(100 1550 1567 86)
4(1576 1554 1567 1550)
4(100 99 1576 1550)
4(85 99 100 86)
4(101 95 1570 1551)
4(1570 1554 1576 1551)
4(1576 99 101 1551)
4(85 95 101 99)
4(1392 1552 1573 1387)
4(1573 1552 1433 1428)
4(1433 1552 1392 1374)
4(1366 1374 1392 1387)
4(1396 1555 1579 1400)
4(1579 1555 1575 1553)
4(1575 1397 1401 1553)
4(1401 1400 1579 1553)
4(1396 1400 1401 1397)
4(1567 1546 1530 1529)
4(1530 1546 87 103)
4(102 86 1567 1529)
4(102 1529 1530 103)
4(102 103 87 86)
4(1566 1546 1567 1557)
4(1566 1558 1564 1546)
4(1543 1554 1564 1558)
4(1543 1558 1566 1557)
4(1543 1557 1567 1554)
4(1530 1435 1566 1546)
4(1434 1557 1566 1435)
4(1434 1529 1567 1557)
4(1434 1435 1530 1529)
4(87 1546 1565 96)
4(1565 1546 1564 1560)
4(91 1560 1564 88)
4(91 88 87 96)
4(1530 1528 1565 1546)
4(1566 1546 1565 1562)
4(1432 1435 1566 1562)
4(1432 1528 1530 1435)
4(97 103 1530 1528)
4(97 96 87 103)
4(1545 1558 1564 1560)
4(1545 1562 1566 1558)
4(881 1547 1570 882)
4(881 105 94 1547)
4(104 882 1570 95)
4(104 105 881 882)
4(104 95 94 105)
4(1570 1556 1569 1547)
4(1569 884 881 1547)
4(883 884 1569 1556)
4(883 1556 1570 882)
4(883 882 881 884)
4(1569 1547 1564 1558)
4(1543 1556 1569 1558)
4(1543 1554 1570 1556)
4(94 90 1568 1547)
4(1564 1547 1568 1560)
4(91 90 94 88)
4(881 1547 1568 877)
4(1568 1547 1569 1563)
4(876 1563 1569 884)
4(876 884 881 877)
4(89 877 881 105)
4(89 105 94 90)
4(1545 1558 1569 1563)
4(1573 1548 1571 1555)
4(1388 1399 1571 1548)
4(1396 1387 1573 1555)
4(1396 1399 1388 1387)
4(1573 1548 1566 1557)
4(1571 1558 1566 1548)
4(1543 1558 1571 1555)
4(1543 1555 1573 1557)
4(1566 1435 1429 1548)
4(1434 1557 1573 1428)
4(1572 1561 1571 1548)
4(1388 1390 1572 1548)
4(1391 1399 1571 1561)
4(1391 1390 1388 1399)
4(1572 1548 1566 1562)
4(1429 1548 1572 1431)
4(1545 1561 1571 1558)
4(1371 1367 1388 1390)
4(1569 1556 1575 1549)
4(1575 886 885 1549)
4(885 884 1569 1549)
4(883 886 1575 1556)
4(883 884 885 886)
4(1571 1549 1569 1558)
4(1543 1556 1575 1555)
4(885 1549 1398 888)
4(887 1397 1575 886)
4(887 888 1398 1397)
4(887 886 885 888)
4(1574 1549 1571 1561)
4(1574 1395 1398 1549)
4(1391 1399 1398 1395)
4(1569 1549 1574 1563)
4(885 880 1574 1549)
4(876 880 885 884)
4(879 1395 1398 888)
4(879 888 885 880)
4(1531 1550 1567 1529)
4(1531 106 100 1550)
4(102 106 1531 1529)
4(102 86 100 106)
4(1567 1550 1577 1557)
4(1577 1550 1576 1559)
4(1543 1559 1576 1554)
4(1543 1557 1577 1559)
4(1577 1436 1531 1550)
4(1434 1436 1577 1557)
4(1434 1529 1531 1436)
4(1539 1550 100 108)
4(1539 1536 1576 1550)
4(107 99 1576 1536)
4(107 1536 1539 108)
4(107 108 100 99)
4(1531 1550 1539 1532)
4(1539 1550 1577 1542)
4(1426 1542 1577 1436)
4(1426 1532 1539 1542)
4(1426 1436 1531 1532)
4(109 108 1539 1532)
4(109 1532 1531 106)
4(109 106 100 108)
4(1535 1536 1576 1559)
4(1535 1559 1577 1542)
4(1535 1542 1539 1536)
4(1570 1551 889 882)
4(889 1551 101 110)
4(104 882 889 110)
4(104 110 101 95)
4(1578 1556 1570 1551)
4(889 890 1578 1551)
4(883 1556 1578 890)
4(883 890 889 882)
4(1578 1559 1576 1551)
4(1543 1559 1578 1556)
4(1537 111 101 1551)
4(1537 1551 1576 1536)
4(107 111 1537 1536)
4(107 99 101 111)
4(1537 1551 889 892)
4(1578 1551 1537 1538)
4(891 890 1578 1538)
4(891 1538 1537 892)
4(891 892 889 890)
4(112 892 1537 111)
4(112 110 889 892)
4(112 111 101 110)
4(1535 1538 1578 1559)
4(1535 1536 1537 1538)
4(1579 1552 1573 1555)
4(1392 1552 1579 1400)
4(1396 1387 1392 1400)
4(1577 1552 1573 1557)
4(1579 1552 1577 1559)
4(1543 1555 1579 1559)
4(1433 1436 1577 1552)
4(1541 1552 1579 1540)
4(1541 1393 1392 1552)
4(1402 1540 1579 1400)
4(1402 1393 1541 1540)
4(1402 1400 1392 1393)
4(1541 1542 1577 1552)
4(1541 1552 1433 1427)
4(1426 1542 1541 1427)
4(1535 1559 1579 1540)
4(1535 1540 1541 1542)
4(1383 1427 1541 1393)
4(1383 1393 1392 1374)
4(1575 1556 1578 1553)
4(893 886 1575 1553)
4(1578 890 893 1553)
4(883 886 893 890)
4(1578 1553 1579 1559)
4(893 894 1401 1553)
4(887 1397 1401 894)
4(887 894 893 886)
4(1534 1553 1401 1403)
4(1534 1540 1579 1553)
4(1402 1540 1534 1403)
4(1402 1403 1401 1400)
4(1534 895 893 1553)
4(1534 1553 1578 1538)
4(891 895 1534 1538)
4(891 890 893 895)
4(896 1403 1534 895)
4(896 894 1401 1403)
4(896 895 893 894)
4(1535 1538 1534 1540)
4(920 832 897 1580)
4(897 843 955 1580)
4(955 919 920 1580)
4(840 843 897 832)
4(951 956 1583 1424)
4(1583 956 23 114)
4(1533 1424 1583 114)
4(23 954 1533 114)
4(951 1424 1533 954)
4(958 956 1583 1581)
4(1583 1424 1425 1581)
4(1425 952 958 1581)
4(1405 1580 1534 1403)
4(1534 1580 1582 1540)
4(1582 1580 1405 1404)
4(1402 1540 1582 1404)
4(1402 1404 1405 1403)
4(1405 898 897 1580)
4(1405 1580 920 921)
4(830 898 1405 921)
4(830 832 897 898)
4(1534 1580 897 895)
4(1534 1538 955 1580)
4(891 843 955 1538)
4(891 895 897 843)
4(1582 1580 955 961)
4(920 1580 1582 960)
4(959 960 1582 961)
4(896 1403 1405 898)
4(896 898 897 895)
4(1535 1538 955 961)
4(1535 961 1582 1540)
4(962 1404 1582 960)
4(962 921 1405 1404)
4(25 111 1537 957)
4(27 957 1537 1536)
4(107 28 27 1536)
4(107 111 25 28)
4(1537 892 842 957)
4(1537 957 955 1538)
4(891 843 842 892)
4(112 892 842 26)
4(112 26 25 111)
4(1535 1536 27 961)
4(113 114 1539 108)
4(1539 114 27 1536)
4(113 28 27 114)
4(107 28 113 108)
4(27 114 1583 961)
4(959 961 1583 956)
4(23 114 27 24)
4(1533 1532 1539 114)
4(1539 1542 1583 114)
4(1426 1424 1583 1542)
4(1426 1532 1533 1424)
4(1533 114 113 115)
4(74 954 1533 115)
4(113 114 23 22)
4(74 115 113 22)
4(109 115 1533 1532)
4(109 108 113 115)
4(1535 1542 1583 961)
4(1541 1540 1582 1581)
4(1541 1581 1394 1393)
4(1394 1581 1582 1404)
4(1402 1393 1394 1404)
4(1582 961 1583 1581)
4(1582 1581 958 960)
4(1541 1581 1583 1542)
4(1425 1581 1541 1427)
4(1425 1386 1394 1581)
4(958 1581 1394 963)
4(953 963 1394 1386)
4(1383 1386 1394 1393)
4(962 1404 1394 963)
4(102 1529 1417 140)
4(1417 1584 141 140)
4(1530 1584 1417 1529)
4(141 1584 1530 103)
4(102 140 141 103)
4(122 142 1585 1408)
4(1432 1437 1585 1528)
4(97 1528 1585 142)
4(1407 1408 1585 1437)
5(121 98 97 142 122)
4(143 1420 1417 140)
4(1417 1420 1531 1529)
4(143 106 1531 1420)
4(102 106 143 140)
4(1412 1424 1533 1411)
4(1533 954 941 1411)
4(1409 1410 1417 1584)
4(141 131 1409 1584)
4(128 140 1417 1410)
4(128 131 141 140)
4(1417 1416 1438 1584)
4(1438 1435 1530 1584)
4(1434 1416 1417 1529)
4(1438 1584 1409 1415)
4(141 142 1585 1584)
4(1585 1408 1409 1584)
4(122 142 141 131)
4(1585 1528 1530 1584)
4(1438 1437 1585 1584)
4(97 103 141 142)
4(143 1420 1413 132)
4(128 140 143 132)
4(1531 1436 1421 1420)
4(143 1420 1422 144)
4(138 144 1422 1418)
4(138 132 143 144)
4(1422 1420 1531 1532)
4(1426 1423 1422 1532)
4(109 1532 1422 144)
4(109 144 143 106)
4(145 144 1422 1411)
4(145 1411 1419 139)
4(138 144 145 139)
4(1533 1411 1422 1532)
4(145 1411 1533 115)
4(941 1411 145 70)
4(74 70 145 115)
4(109 115 145 144)
4(63 139 145 70)
4(392 1645 1673 393)
4(394 393 1673 1652)
4(1644 1652 1673 1645)
4(1644 395 394 1652)
4(392 395 1644 1645)
4(392 393 394 395)
4(1631 1633 1676 1662)
4(1676 1653 1675 1662)
4(1634 1653 1676 1633)
4(1634 1630 1675 1653)
4(1631 1662 1675 1630)
4(1631 1630 1634 1633)
4(1618 1623 1677 1661)
4(1618 1661 1672 1621)
4(1677 1623 1622 1654)
4(1672 1661 1677 1654)
4(1622 1621 1672 1654)
4(1618 1621 1622 1623)
5(1341 406 405 1668 1342)
5(1337 1342 1668 405 389)
5(1344 1345 407 409 1666)
4(409 408 1679 1666)
4(1342 1343 1679 1668)
4(405 1668 1679 408)
4(1344 1666 1679 1343)
4(1346 1347 1683 1665)
4(1346 1665 1678 1349)
4(1348 1349 1678 1655)
4(1678 1665 1683 1655)
4(1683 1347 1348 1655)
4(392 413 1684 1645)
4(1626 1645 1684 1646)
4(409 1666 1684 413)
4(1344 1646 1684 1666)
5(1639 398 392 1645 1626)
5(1639 1626 1646 1344 1345)
5(407 409 413 392 398)
4(1673 393 414 1656)
4(1673 1656 1684 1645)
4(414 413 1684 1656)
4(392 413 414 393)
4(1346 1350 1680 1665)
4(1683 1665 1680 1657)
4(1680 1350 1351 1657)
4(1351 1347 1683 1657)
4(925 948 1681 1353)
4(1352 1353 1681 1658)
4(1681 948 949 1658)
4(949 928 1352 1658)
4(1689 1659 1676 1662)
4(1676 1659 1650 1633)
4(1650 1659 1689 1651)
4(1631 1651 1689 1662)
4(1631 1633 1650 1651)
4(1618 1647 1685 1661)
4(1649 1623 1677 1660)
4(1677 1661 1685 1660)
4(1685 1647 1649 1660)
4(1618 1623 1649 1647)
4(1671 423 442 1593)
4(1671 1593 1589 1663)
4(422 1663 1589 441)
4(422 423 1671 1663)
4(1589 1593 442 441)
4(422 441 442 423)
4(1671 1593 1592 1664)
4(1594 1593 1671 1628)
4(1624 1664 1592 1595)
4(1624 1628 1671 1664)
4(1624 1595 1594 1628)
4(1592 1593 1594 1595)
4(421 443 1592 1664)
4(421 1664 1671 423)
4(442 1593 1592 443)
4(421 423 442 443)
4(1629 1588 1589 1663)
4(1629 1663 1671 1628)
4(1629 1628 1594 1588)
4(1594 1593 1589 1588)
4(1636 1597 444 420)
4(396 1632 1636 420)
4(1598 1597 1636 1632)
4(396 440 1598 1632)
4(1598 440 444 1597)
4(396 420 444 440)
4(1636 1664 1592 1597)
4(1624 1664 1636 1625)
4(1596 1625 1636 1597)
4(1624 1625 1596 1595)
4(1596 1597 1592 1595)
4(421 420 1636 1664)
4(444 443 1592 1597)
4(421 443 444 420)
4(1673 1661 1672 1652)
4(1620 1619 1673 1652)
4(1672 1621 1620 1652)
4(1618 1661 1673 1619)
4(1618 1619 1620 1621)
4(1672 1652 394 419)
4(418 1661 1672 419)
4(418 393 1673 1661)
4(418 419 394 393)
4(1644 1652 1620 1627)
4(1626 1619 1673 1645)
4(1626 1645 1644 1627)
4(1626 1627 1620 1619)
4(1636 420 394 1652)
4(1636 1652 1644 1632)
4(396 1632 1644 395)
4(396 395 394 420)
4(1672 1664 1636 1652)
4(1620 1652 1636 1625)
4(1624 1664 1672 1621)
4(1624 1621 1620 1625)
4(421 419 1672 1664)
4(421 420 394 419)
4(1604 1627 1644 1632)
4(1604 1632 1636 1625)
4(1604 1625 1620 1627)
4(1674 1587 445 424)
4(1674 1663 1589 1587)
4(422 1663 1674 424)
4(445 1587 1589 441)
4(422 424 445 441)
4(966 1587 1674 965)
4(1586 1635 1674 1587)
4(964 965 1674 1635)
4(964 1635 1586 967)
4(1586 1587 966 967)
4(372 424 1674 965)
4(966 1587 445 386)
4(372 386 445 424)
4(1629 1635 1674 1663)
4(1629 1588 1586 1635)
4(1586 1588 1589 1587)
4(1676 1653 404 403)
4(1675 400 404 1653)
4(399 400 1675 1662)
4(399 1662 1676 403)
4(399 403 404 400)
4(1676 969 970 1653)
4(970 971 1634 1653)
4(968 969 1676 1633)
4(968 1633 1634 971)
4(970 1653 404 370)
4(369 403 1676 969)
4(369 370 404 403)
4(404 1653 1674 424)
4(1674 1653 1675 1663)
4(422 1663 1675 400)
4(422 400 404 424)
4(970 965 1674 1653)
4(1634 1653 1674 1635)
4(964 971 1634 1635)
4(372 424 404 370)
4(1629 1630 1675 1663)
4(1629 1635 1634 1630)
4(1677 1662 1675 1654)
4(1622 1654 1675 1630)
4(1631 1662 1677 1623)
4(1631 1623 1622 1630)
4(1677 402 401 1654)
4(401 400 1675 1654)
4(399 402 1677 1662)
4(399 400 401 402)
4(401 1654 1672 419)
4(418 1661 1677 402)
4(418 402 401 419)
4(1671 1654 401 423)
4(1675 1654 1671 1663)
4(422 423 401 400)
4(1671 1664 1672 1654)
4(1671 1654 1622 1628)
4(1624 1628 1622 1621)
4(421 419 401 423)
4(1629 1630 1622 1628)
5(1346 1665 412 388 1339)
4(1342 1668 1678 1349)
4(412 1665 1678 425)
4(405 425 1678 1668)
5(410 391 1340 1354 1669)
4(412 411 1680 1665)
4(1354 1350 1680 1669)
4(410 1669 1680 411)
4(1354 1669 1681 1353)
4(322 948 1681 432)
4(410 432 1681 1669)
4(1679 1655 433 408)
4(433 1655 1682 434)
4(1682 1655 1679 1666)
4(409 434 1682 1666)
4(1678 1655 1679 1668)
4(1348 1343 1679 1655)
4(1678 425 433 1655)
4(1683 1655 433 430)
4(412 1665 1683 430)
4(1683 1670 1682 1655)
4(1348 1655 1682 1356)
4(1355 1356 1682 1670)
4(1355 1670 1683 1347)
4(431 1670 1682 434)
4(431 430 1683 1670)
4(1344 1666 1682 1356)
4(1685 1661 1673 1656)
4(1673 1619 1648 1656)
4(1648 1647 1685 1656)
4(1618 1647 1648 1619)
4(1685 435 414 1656)
4(418 435 1685 1661)
4(418 393 414 435)
4(1648 1656 1684 1646)
4(1626 1619 1648 1646)
4(1682 1656 414 434)
4(1684 1656 1682 1666)
4(409 434 414 413)
4(1685 1656 1682 1670)
4(1682 1656 1648 1356)
4(1355 1647 1685 1670)
4(1355 1356 1648 1647)
4(431 1670 1685 435)
4(431 435 414 434)
4(1344 1646 1648 1356)
4(428 1657 1686 429)
4(1687 1657 428 427)
4(1687 1667 1686 1657)
4(426 429 1686 1667)
4(426 1667 1687 427)
4(428 411 1680 1657)
4(428 1657 1683 430)
4(1686 1657 1680 1669)
4(1351 1657 1686 1357)
4(1354 1357 1686 1669)
4(1687 1670 1683 1657)
4(1351 1358 1687 1657)
4(1355 1670 1687 1358)
4(410 1669 1686 429)
4(431 427 1687 1670)
4(1359 1667 1686 1357)
4(1359 1358 1687 1667)
4(1686 1658 436 429)
4(1688 437 436 1658)
4(1688 1658 1686 1667)
4(426 437 1688 1667)
4(1681 1658 1686 1669)
4(1686 1658 1352 1357)
4(436 1658 1681 432)
4(949 1658 436 327)
4(949 950 1688 1658)
4(1352 1658 1688 1360)
4(933 1360 1688 950)
4(328 950 1688 437)
4(1359 1667 1688 1360)
4(417 1659 1676 403)
4(1689 1659 417 416)
4(399 1662 1689 416)
4(399 416 417 403)
4(973 969 1676 1659)
4(1650 972 973 1659)
4(968 972 1650 1633)
4(973 371 417 1659)
4(369 403 417 371)
4(1688 1659 417 437)
4(1689 1659 1688 1667)
4(426 416 1689 1667)
4(426 437 417 416)
4(973 1659 1688 950)
4(1650 1360 1688 1659)
4(933 1360 1650 972)
4(328 371 417 437)
4(1359 1667 1689 1651)
4(1359 1651 1650 1360)
4(1677 1660 1689 1662)
4(1689 1660 1649 1651)
4(1631 1651 1649 1623)
4(415 402 1677 1660)
4(415 1660 1689 416)
4(399 402 415 416)
4(1685 1660 415 435)
4(418 435 415 402)
4(1687 427 415 1660)
4(1687 1660 1689 1667)
4(426 416 415 427)
4(1687 1660 1685 1670)
4(1649 1660 1687 1358)
4(1355 1647 1649 1358)
4(431 427 415 435)
4(1359 1358 1649 1651)
5(397 396 1632 1604 1605)
5(1639 1605 1604 1627 1626)
5(392 395 396 397 398)
4(1626 1646 1693 1640)
4(1363 1370 1693 1362)
4(1371 1640 1693 1370)
4(1344 1362 1693 1646)
5(1639 1626 1640 1371 1372)
4(1618 1647 1694 1641)
4(1642 1641 1694 1690)
4(1694 1647 1648 1690)
4(1648 1619 1642 1690)
4(1618 1641 1642 1619)
4(947 972 1650 1691)
4(1637 974 947 1691)
4(1650 1633 1637 1691)
4(968 974 1637 1633)
4(1694 1641 1643 1692)
4(1649 1647 1694 1692)
4(1643 1623 1649 1692)
4(1618 1623 1643 1641)
4(1694 1690 1368 1369)
4(1368 1690 1642 1367)
4(1366 1641 1694 1369)
4(1366 1367 1642 1641)
4(1365 1690 1694 1364)
4(1648 1690 1365 1356)
4(1355 1364 1694 1647)
4(1365 1690 1368 1376)
4(1375 1369 1694 1364)
4(1642 1690 1693 1640)
4(1693 1690 1648 1646)
4(1626 1619 1642 1640)
4(1368 1370 1693 1690)
4(1365 1690 1693 1362)
4(1371 1640 1642 1367)
4(1695 1691 1385 1382)
4(1385 1691 1379 1380)
4(1379 1691 1695 1378)
4(1377 1378 1695 1382)
4(947 932 1379 1691)
4(1650 1691 1379 1360)
4(1637 1386 1385 1691)
4(947 1691 1385 945)
4(953 1386 1637 974)
4(1637 1691 1695 1638)
4(1650 1651 1695 1691)
4(1631 1638 1695 1651)
4(1631 1633 1637 1638)
4(1383 1382 1695 1638)
4(1383 1638 1637 1386)
4(1359 1651 1695 1378)
4(1373 1692 1694 1369)
4(1643 1692 1373 1374)
4(1366 1641 1643 1374)
4(1694 1692 1384 1364)
4(1384 1692 1649 1358)
4(1373 1692 1384 1381)
4(1373 1692 1695 1382)
4(1384 1378 1695 1692)
4(1695 1692 1643 1638)
4(1649 1692 1695 1651)
4(1631 1638 1643 1623)
4(1383 1374 1643 1638)
4(1604 1632 1598 1599)
4(1604 1599 1596 1625)
4(1596 1599 1598 1597)
5(899 901 1599 1604 1605)
4(901 900 1598 1599)
4(438 440 1598 900)
5(899 439 438 900 901)
5(438 439 397 396 440)
4(1604 1627 1607 1606)
4(1626 1640 1607 1627)
4(1371 1390 1607 1640)
5(1604 1606 1391 1389 1605)
4(1391 1606 1607 1390)
4(1618 1641 1612 1621)
4(1612 1641 1642 1611)
4(1620 1621 1612 1611)
4(1642 1619 1620 1611)
4(1643 1641 1612 1614)
4(1612 1621 1622 1614)
4(1622 1623 1643 1614)
4(1596 1601 1609 1625)
4(1624 1625 1609 1608)
4(1624 1608 1600 1595)
4(1600 1608 1609 1601)
4(1600 1601 1596 1595)
4(1604 1606 1609 1625)
4(1604 1599 1602 1606)
4(1609 1606 1602 1601)
4(1596 1601 1602 1599)
4(1642 1611 1388 1367)
4(1366 1387 1612 1641)
4(1388 1611 1612 1387)
4(1609 1611 1620 1625)
4(1624 1621 1612 1608)
4(1612 1611 1609 1608)
4(1620 1627 1607 1611)
4(1607 1606 1609 1611)
4(1642 1640 1607 1611)
4(1388 1390 1607 1611)
4(1594 1628 1610 1603)
4(1624 1608 1610 1628)
4(1610 1608 1600 1603)
4(1594 1603 1600 1595)
4(1629 1628 1610 1613)
4(1629 1613 1591 1588)
4(1591 1613 1610 1603)
4(1594 1588 1591 1603)
4(1392 1614 1643 1374)
4(1612 1614 1392 1387)
4(1622 1614 1610 1628)
4(1610 1614 1612 1608)
4(1615 1638 1643 1614)
4(1615 1614 1622 1630)
4(1631 1638 1615 1630)
4(1383 1393 1615 1638)
4(1615 1393 1392 1614)
4(1629 1630 1615 1613)
4(1615 1614 1610 1613)
4(1634 971 975 1617)
4(975 974 1637 1617)
4(1637 1633 1634 1617)
4(1586 1590 1616 1635)
4(964 1635 1616 977)
4(976 977 1616 1590)
4(976 1590 1586 967)
4(1629 1613 1616 1635)
4(1616 1613 1591 1590)
4(1591 1588 1586 1590)
4(1634 1635 1616 1617)
4(975 1617 1616 977)
4(1637 1617 1394 1386)
4(975 963 1394 1617)
4(1637 1638 1615 1617)
4(1634 1617 1615 1630)
4(1615 1617 1394 1393)
4(1615 1613 1616 1617)
4(1391 1395 1602 1606)
4(879 902 1602 1395)
4(901 1599 1602 902)
5(899 901 902 879 878)
4(1396 1397 1600 1608)
4(1600 1397 1398 1601)
4(1609 1601 1398 1399)
4(1396 1608 1609 1399)
4(1401 1397 1600 1603)
4(1610 1400 1401 1603)
4(1396 1400 1610 1608)
4(1398 1601 903 888)
4(887 904 1600 1397)
4(903 1601 1600 904)
4(887 888 903 904)
4(1602 1601 1398 1395)
4(1391 1399 1609 1606)
4(1602 1601 903 902)
4(879 902 903 888)
4(1388 1611 1609 1399)
4(1396 1608 1612 1387)
4(1401 894 905 1603)
4(1600 1603 905 904)
4(887 904 905 894)
4(1591 1403 1401 1603)
4(1402 1613 1610 1400)
4(1402 1403 1591 1613)
4(896 906 1591 1403)
4(1591 906 905 1603)
4(896 894 905 906)
4(1392 1400 1610 1614)
4(1402 1613 1615 1393)
4(1591 1590 1405 1403)
4(1616 1404 1405 1590)
4(1402 1404 1616 1613)
4(1405 1590 907 898)
4(976 1590 1405 921)
4(907 1590 976 844)
4(830 898 907 844)
4(1591 1590 907 906)
4(896 906 907 898)
4(962 977 1616 1404)
4(1616 1617 1394 1404)
4(908 1595 1592 909)
4(910 909 1592 1593)
4(1594 911 910 1593)
4(908 911 1594 1595)
4(908 909 910 911)
4(913 912 1596 1597)
4(1592 909 913 1597)
4(908 1595 1596 912)
4(908 912 913 909)
4(442 1593 910 448)
4(446 909 1592 443)
4(446 448 910 909)
4(446 443 442 448)
4(1589 915 910 1593)
4(914 1588 1594 911)
4(914 915 1589 1588)
4(914 911 910 915)
4(449 441 1589 915)
4(449 915 910 448)
4(449 448 442 441)
4(913 900 1598 1597)
4(901 912 1596 1599)
4(901 900 913 912)
4(913 1597 444 447)
4(446 909 913 447)
4(446 447 444 443)
4(438 447 913 900)
4(438 440 444 447)
4(445 450 916 1587)
4(966 1587 916 845)
4(387 845 916 450)
4(387 450 445 386)
4(1589 915 916 1587)
4(449 450 916 915)
4(449 441 445 450)
4(1596 912 903 1601)
4(908 1595 1600 904)
4(908 904 903 912)
4(901 912 903 902)
4(905 911 1594 1603)
4(908 911 905 904)
4(914 1588 1591 906)
4(914 906 905 911)
4(916 917 1586 1587)
4(846 967 1586 917)
4(846 917 916 845)
4(914 917 1586 1588)
4(914 915 916 917)
4(1586 917 907 1590)
4(846 844 907 917)
4(914 917 907 906)
4(1840 702 695 694)
4(705 702 1840 706)
4(693 706 1840 694)
4(693 694 695 696)
4(705 696 695 702)
4(693 696 705 706)
4(703 702 1840 1835)
4(701 1785 1840 702)
4(1784 1835 1840 1785)
4(1784 704 703 1835)
4(1784 1785 701 704)
4(701 702 703 704)
4(697 694 1840 1835)
4(697 1835 703 698)
4(697 698 695 694)
4(695 698 703 702)
4(498 1785 1840 706)
4(498 497 701 1785)
4(701 497 705 702)
4(498 706 705 497)
4(710 1842 1701 711)
4(710 709 1841 1842)
4(707 1702 1841 709)
4(1701 1842 1841 1702)
4(707 711 1701 1702)
4(707 709 710 711)
4(1786 500 710 1842)
4(1786 1842 1701 1700)
4(477 500 1786 1700)
4(477 1700 1701 711)
4(477 711 710 500)
4(1840 1842 710 706)
4(693 709 1841 694)
4(1841 1842 1840 694)
4(693 706 710 709)
4(1786 1785 1840 1842)
4(498 1785 1786 500)
4(498 500 710 706)
4(1703 1702 1841 1843)
4(697 1843 1841 694)
5(757 1703 1843 697 700)
5(757 708 707 1702 1703)
5(699 700 697 694 693)
5(707 708 699 693 709)
4(757 700 699 708)
4(1701 1842 1844 1704)
4(1844 1842 1841 1843)
4(1703 1704 1844 1843)
4(1703 1702 1701 1704)
4(1844 1787 1786 1842)
4(1705 1787 1844 1704)
4(1705 1700 1786 1787)
4(1705 1704 1701 1700)
4(1844 1835 1840 1842)
4(1784 1835 1844 1787)
4(1784 1787 1786 1785)
4(697 1843 1844 1835)
4(1707 1706 1846 1836)
4(1703 1843 1846 1706)
4(713 1836 1846 714)
4(697 714 1846 1843)
5(712 758 1707 1836 713)
5(757 1703 1706 1707 758)
5(697 700 712 713 714)
4(757 758 712 700)
4(1708 1706 1846 1845)
4(1837 1709 1708 1845)
4(1846 1836 1837 1845)
4(1707 1709 1837 1836)
4(1707 1706 1708 1709)
4(1844 1845 1708 1704)
4(1844 1843 1846 1845)
4(1703 1704 1708 1706)
4(1708 1845 1788 1711)
4(1788 1845 1837 1789)
4(1710 1789 1837 1709)
4(1710 1711 1788 1789)
4(1710 1709 1708 1711)
4(1788 1787 1844 1845)
4(1705 1787 1788 1711)
4(1705 1711 1708 1704)
4(1839 1845 1846 714)
4(1837 1845 1839 1838)
4(713 1838 1839 714)
4(713 1836 1837 1838)
4(1844 1845 1839 1835)
4(1788 1790 1839 1845)
4(1784 1835 1839 1790)
4(1784 1790 1788 1787)
4(697 714 1839 1835)
4(1791 1790 1839 1838)
4(1791 1838 1837 1789)
4(1791 1789 1788 1790)
4(202 1875 1909 203)
4(204 203 1909 1864)
4(1909 1875 1941 1864)
4(1941 205 204 1864)
4(206 211 1951 753)
6(755 754 1950 1860 1887 1849)
4(1849 1887 1915 1847)
4(210 209 1915 1895)
4(1860 1895 1915 1887)
4(208 1847 1915 209)
5(755 1849 1847 208 207)
4(754 753 1951 1950)
4(210 1895 1951 211)
4(1860 1950 1951 1895)
5(206 753 754 755 207)
4(206 213 1953 753)
4(1953 213 212 1944)
4(1951 753 1953 1944)
4(212 211 1951 1944)
4(761 1948 1954 762)
4(761 1947 1955 1948)
4(761 762 1956 1947)
4(1956 762 1954 1945)
4(1955 1947 1956 1945)
4(1954 1948 1955 1945)
4(1853 1879 1920 1878)
4(1853 1878 1910 1877)
4(1942 1877 1910 1865)
4(1910 1878 1920 1865)
4(1920 1879 1942 1865)
4(1816 1819 1923 1880)
4(1816 1880 1924 1817)
4(1924 1880 1923 1866)
4(1818 1817 1924 1866)
4(1923 1819 1818 1866)
4(1816 1817 1818 1819)
6(157 1885 1854 1884 1863 158)
4(1854 1886 1914 1884)
4(214 1894 1914 215)
4(1863 1884 1914 1894)
4(216 215 1914 1886)
4(1854 1885 1925 1886)
4(155 217 1925 156)
4(157 156 1925 1885)
4(216 1886 1925 217)
5(154 155 156 157 158)
6(1820 1822 1906 1861 1903 1858)
4(1854 1884 1919 1883)
4(1858 1903 1919 1904)
4(1861 1883 1919 1903)
4(1863 1904 1919 1884)
4(1854 1883 1921 1885)
4(1822 1821 1921 1906)
4(1861 1906 1921 1883)
4(157 1885 1921 1821)
5(1820 158 157 1821 1822)
4(159 219 1926 160)
4(1926 219 218 1867)
4(161 160 1926 1867)
4(218 162 161 1867)
4(159 160 161 162)
5(1862 1888 1849 755 760)
6(761 1948 1857 1901 1862 760)
4(1849 1888 1927 1887)
4(1857 1899 1927 1901)
4(1860 1887 1927 1899)
4(1862 1901 1927 1888)
4(754 1950 1954 762)
4(1857 1948 1954 1899)
4(1860 1899 1954 1950)
5(761 760 755 754 762)
5(759 760 1862 1874 1712)
4(1712 1874 1928 1713)
4(1696 1713 1928 1850)
4(1849 1850 1928 1888)
4(1862 1888 1928 1874)
5(1696 1850 1849 755 756)
5(759 1712 1713 1696 756)
4(759 756 755 760)
4(1816 1824 1931 1880)
4(1923 1880 1931 1868)
4(1931 1824 1823 1868)
4(1823 1819 1923 1868)
4(1816 1819 1823 1824)
4(1932 1717 1716 1869)
4(1716 1715 1826 1869)
4(1826 1825 1932 1869)
4(1714 1717 1932 1825)
4(1714 1825 1826 1715)
4(1714 1715 1716 1717)
4(220 219 1926 1720)
4(1926 160 164 1720)
4(164 163 220 1720)
4(159 163 164 160)
4(761 763 1957 1948)
4(761 1947 1958 763)
4(1957 763 1958 1946)
4(1958 1947 1955 1946)
4(1955 1948 1957 1946)
4(1853 1876 1911 1878)
4(1911 1876 1943 1870)
4(1920 1878 1911 1870)
4(1943 1879 1920 1870)
4(1816 1880 1937 1827)
4(1828 1827 1937 1871)
4(1937 1880 1924 1871)
4(1924 1817 1828 1871)
4(1816 1827 1828 1817)
4(722 1889 1935 723)
4(1858 1905 1935 1903)
4(1861 1903 1935 1889)
4(724 723 1935 1905)
4(722 721 1936 1889)
4(1822 1906 1936 1829)
4(1861 1889 1936 1906)
4(720 1829 1936 721)
5(1820 1822 1829 720 725)
6(720 721 722 723 724 725)
5(712 713 1890 1862 760)
4(713 718 1938 1890)
4(1857 1901 1938 1902)
4(1862 1890 1938 1901)
4(717 1902 1938 718)
4(715 763 1957 716)
4(1857 1902 1957 1948)
4(717 716 1957 1902)
6(712 715 716 717 718 713)
5(761 763 715 712 760)
4(1707 1836 1939 1718)
4(1712 1718 1939 1874)
4(713 1890 1939 1836)
4(1862 1874 1939 1890)
5(759 758 1707 1718 1712)
4(759 760 712 758)
4(1937 1827 1830 1872)
4(1931 1880 1937 1872)
4(1830 1824 1931 1872)
4(1816 1824 1830 1827)
4(1939 1718 1719 1873)
4(1719 1709 1837 1873)
4(1837 1836 1939 1873)
4(1707 1709 1719 1718)
5(1859 1891 223 222 691)
5(690 1855 1892 1859 691)
4(223 1891 1909 203)
4(1855 1875 1909 1892)
4(1859 1892 1909 1891)
5(1859 1949 754 692 691)
4(223 213 1953 1891)
4(754 1949 1953 753)
4(1859 1891 1953 1949)
5(206 224 692 754 753)
5(1859 1896 1856 686 691)
5(761 689 686 1856 1947)
4(754 762 1956 1949)
4(1856 1896 1956 1947)
4(1859 1949 1956 1896)
5(761 762 754 692 689)
5(1853 1878 1856 686 687)
4(1855 1892 1910 1877)
4(1856 1878 1910 1896)
4(1859 1896 1910 1892)
5(728 685 686 1856 1897)
4(715 731 1958 763)
4(1856 1947 1958 1897)
4(728 1897 1958 731)
4(688 689 686 685)
5(688 685 728 731 715)
5(761 689 688 715 763)
4(729 1876 1911 730)
4(1856 1897 1911 1878)
4(728 730 1911 1897)
4(684 685 686 687)
5(728 685 684 729 730)
4(1912 1864 1913 1881)
4(1913 1864 1914 1884)
4(1914 1864 1912 1886)
4(1854 1881 1913 1884)
4(1854 1886 1912 1881)
4(1912 1891 1909 1864)
4(204 225 1912 1864)
4(223 1891 1912 225)
4(1913 1864 1909 1892)
4(1941 1864 1913 1893)
4(1855 1893 1913 1892)
4(1941 1894 1914 1864)
4(204 1864 1914 215)
4(1859 1892 1913 1881)
4(1859 1881 1912 1891)
4(1863 1884 1913 1893)
4(216 225 1912 1886)
4(1913 1865 1917 1881)
4(1917 1865 1919 1883)
4(1919 1865 1913 1884)
4(1854 1881 1917 1883)
4(1910 1865 1913 1892)
4(1942 1893 1913 1865)
4(1910 1896 1917 1865)
4(1920 1865 1917 1898)
4(1856 1878 1920 1898)
4(1856 1898 1917 1896)
4(1920 1903 1919 1865)
4(1942 1865 1919 1904)
4(1858 1903 1920 1879)
4(1859 1896 1917 1881)
4(1861 1898 1920 1903)
4(1861 1883 1917 1898)
4(1918 1866 1922 1882)
4(1921 1866 1918 1883)
4(1922 1866 1921 1885)
4(1854 1882 1922 1885)
4(1854 1883 1918 1882)
4(1923 1866 1918 1899)
4(1924 1900 1918 1866)
4(1857 1880 1923 1899)
4(1857 1900 1924 1880)
4(1857 1899 1918 1900)
4(1924 1866 1921 1906)
4(1818 1821 1921 1866)
4(1822 1817 1924 1906)
4(1822 1821 1818 1817)
4(1923 1908 1922 1866)
4(1818 1866 1922 166)
4(165 166 1922 1908)
4(165 1908 1923 1819)
4(165 1819 1818 166)
4(1860 1908 1922 1882)
4(1860 1899 1923 1908)
4(1860 1882 1918 1899)
4(1861 1906 1924 1900)
4(1861 1900 1918 1883)
4(157 1885 1922 166)
4(157 166 1818 1821)
4(1916 1882 1922 1867)
4(1922 1885 1925 1867)
4(1916 1867 1925 1886)
4(1854 1882 1916 1886)
4(1926 1895 1916 1867)
4(218 1867 1916 226)
4(210 1895 1926 219)
4(210 226 1916 1895)
4(1926 1867 1922 1908)
4(1922 1867 161 166)
4(165 160 1926 1908)
4(165 166 161 160)
4(161 1867 1925 156)
4(1925 1867 218 217)
4(155 162 161 156)
4(1860 1908 1926 1895)
4(1860 1895 1916 1882)
4(157 156 161 166)
4(216 1886 1916 226)
4(1930 1868 1927 1887)
4(1927 1868 1929 1888)
4(1930 1851 1929 1868)
4(1849 1888 1929 1851)
4(1849 1851 1930 1887)
4(1923 1899 1927 1868)
4(1931 1868 1927 1901)
4(1857 1880 1931 1901)
4(1931 1907 1929 1868)
4(1823 1868 1929 1832)
4(1831 1832 1929 1907)
4(1831 1907 1931 1824)
4(1831 1824 1823 1832)
4(1930 1908 1923 1868)
4(1823 167 1930 1868)
4(165 1908 1930 167)
4(165 167 1823 1819)
4(1860 1887 1930 1908)
4(1862 1907 1929 1888)
4(1862 1901 1931 1907)
4(168 1851 1929 1832)
4(168 167 1930 1851)
4(168 1832 1823 167)
4(1716 1869 1928 1713)
4(1932 1874 1928 1869)
4(1712 1874 1932 1717)
4(1712 1717 1716 1713)
4(1852 1699 1716 1869)
4(1928 1850 1852 1869)
4(1696 1699 1852 1850)
4(1696 1713 1716 1699)
4(1826 1869 1852 171)
4(170 171 1852 1699)
4(170 1715 1826 171)
4(170 1699 1716 1715)
4(1928 1888 1929 1869)
4(1852 1869 1929 1851)
4(1849 1850 1852 1851)
4(1932 1869 1929 1907)
4(1929 1869 1826 1832)
4(1831 1825 1932 1907)
4(1831 1832 1826 1825)
4(1862 1907 1932 1874)
4(168 1851 1852 171)
4(168 171 1826 1832)
4(1915 1720 1930 1887)
4(1722 1851 1930 1720)
4(1722 1720 1915 1847)
4(1849 1851 1722 1847)
4(1915 1895 1926 1720)
4(1915 1720 220 209)
4(1930 1720 1926 1908)
4(164 1720 1930 167)
4(165 160 164 167)
4(168 169 1722 1851)
4(1722 169 164 1720)
4(168 167 164 169)
4(208 1847 1722 227)
4(220 227 1722 1720)
4(1933 1870 733 732)
4(1935 1870 1933 1889)
4(733 1870 1935 723)
4(722 1889 1933 732)
4(722 732 733 723)
4(1911 730 733 1870)
4(1943 1870 733 734)
4(729 734 733 730)
4(1911 1870 1933 1897)
4(1920 1898 1933 1870)
4(1856 1897 1933 1898)
4(1935 1903 1920 1870)
4(1943 1905 1935 1870)
4(728 732 1933 1897)
4(728 730 733 732)
4(1861 1898 1933 1889)
4(724 723 733 734)
4(1934 1871 1936 1889)
4(735 1871 1934 736)
4(1936 1871 735 721)
4(722 736 1934 1889)
4(722 721 735 736)
4(1937 1871 735 738)
4(1828 739 735 1871)
4(737 1827 1937 738)
4(737 739 1828 1827)
4(737 738 735 739)
4(1924 1871 1934 1900)
4(1937 1902 1934 1871)
4(1857 1902 1937 1880)
4(1857 1900 1934 1902)
4(1936 1871 1924 1906)
4(1828 1871 1936 1829)
4(1822 1817 1828 1829)
4(1861 1889 1934 1900)
4(717 738 1937 1902)
4(717 1902 1934 736)
4(717 736 735 738)
4(720 1829 1828 739)
4(720 739 735 721)
4(719 726 1839 714)
4(1839 726 740 1838)
4(713 1838 740 718)
4(713 718 719 714)
4(740 726 719 718)
4(703 1835 1839 726)
4(727 726 1839 1790)
4(1784 704 727 1790)
4(703 726 727 704)
4(697 714 719 698)
4(703 698 719 726)
4(1791 741 740 1838)
4(1791 1790 727 741)
4(727 726 740 741)
4(1940 1872 1938 1890)
4(1938 1872 740 718)
4(740 1872 1940 1838)
4(713 1838 1940 1890)
4(1937 738 740 1872)
4(1830 1872 740 741)
4(737 1827 1830 741)
4(737 741 740 738)
4(1931 1901 1938 1872)
4(1937 1872 1938 1902)
4(1940 1907 1931 1872)
4(1830 1833 1940 1872)
4(1831 1907 1940 1833)
4(1831 1833 1830 1824)
4(1862 1890 1940 1907)
4(717 738 740 718)
4(1791 1833 1940 1838)
4(1791 741 1830 1833)
4(1719 1717 1932 1873)
4(1834 1721 1719 1873)
4(1932 1825 1834 1873)
4(1714 1721 1834 1825)
4(1714 1717 1719 1721)
4(1932 1873 1939 1874)
4(1712 1718 1719 1717)
4(1837 1873 1834 1789)
4(1710 1789 1834 1721)
4(1710 1721 1719 1709)
4(1939 1873 1940 1890)
4(1837 1838 1940 1873)
4(1940 1873 1932 1907)
4(1834 1873 1940 1833)
4(1831 1825 1834 1833)
4(1791 1833 1834 1789)
4(1696 1850 1848 1697)
4(1849 1847 1848 1850)
4(198 1697 1848 201)
4(208 201 1848 1847)
5(228 756 1696 1697 198)
4(228 207 755 756)
4(1852 1723 172 171)
4(1852 1699 1698 1723)
4(172 1723 1698 173)
4(170 173 1698 1699)
4(170 171 172 173)
4(1722 1851 1852 1723)
4(1722 1723 172 169)
4(168 169 172 171)
4(1852 1850 1848 1723)
4(1698 1723 1848 1697)
4(1696 1699 1698 1697)
4(1848 1723 1722 1847)
4(1912 1881 1952 1944)
4(1952 1882 1916 1944)
4(1916 1886 1912 1944)
4(1854 1882 1952 1881)
4(1953 1891 1912 1944)
4(212 1944 1912 225)
4(1953 1944 1952 1949)
4(1952 1944 1951 1950)
4(754 1949 1952 1950)
4(1916 1895 1951 1944)
4(212 226 1916 1944)
4(1859 1881 1952 1949)
4(1860 1950 1952 1882)
4(1917 1945 1952 1881)
4(1952 1945 1918 1882)
4(1917 1883 1918 1945)
4(1956 1949 1952 1945)
4(1954 1945 1952 1950)
4(1917 1896 1956 1945)
4(1955 1898 1917 1945)
4(1856 1898 1955 1947)
4(1954 1899 1918 1945)
4(1918 1900 1955 1945)
4(1857 1948 1955 1900)
4(1861 1900 1955 1898)
4(1933 732 742 1946)
4(1934 1889 1933 1946)
4(1934 1946 742 736)
4(722 736 742 732)
4(1958 1946 742 731)
4(742 1946 1957 716)
4(715 731 742 716)
4(1958 1897 1933 1946)
4(1933 1898 1955 1946)
4(1934 1946 1955 1900)
4(1934 1902 1957 1946)
4(728 732 742 731)
4(717 716 742 736)
4(1698 1723 200 199)
4(200 1723 1848 201)
4(198 1697 1698 199)
4(200 175 172 1723)
4(174 199 1698 173)
4(174 173 172 175)
4(1722 227 200 1723)
4(456 1959 1963 457)
4(815 834 1963 1737)
4(1738 1737 1963 1959)
4(376 457 1963 834)
5(455 1739 1738 1959 456)
5(833 815 1737 1738 1739)
5(376 375 455 456 457)
4(1963 1961 1960 1959)
4(1963 457 451 1961)
4(1960 1961 451 458)
4(456 1959 1960 458)
4(456 458 451 457)
4(1962 1961 1963 1737)
4(1963 1961 835 834)
4(815 818 1962 1737)
4(835 1961 1962 818)
4(1738 1737 1962 1745)
4(1962 1961 1960 1745)
4(1738 1745 1960 1959)
4(835 381 451 1961)
4(376 457 451 381)
4(1962 1737 1740 1741)
4(1962 1741 817 818)
4(815 816 1740 1737)
4(817 1741 1740 816)
4(1962 1745 1744 1741)
4(1738 1737 1740 1742)
4(1744 1742 1740 1741)
4(1738 1742 1744 1745)
4(830 1752 1751 832)
4(830 826 1748 1752)
4(1748 826 831 1749)
4(1751 1749 831 832)
4(1748 1749 1751 1752)
4(1969 836 835 1961)
4(1962 1970 1969 1961)
4(819 1970 1962 818)
4(819 836 1969 1970)
4(451 1961 1969 452)
4(379 452 1969 836)
4(379 381 451 452)
4(1960 1964 1969 1961)
4(1755 1745 1962 1970)
4(1755 1970 1969 1964)
4(1755 1964 1960 1745)
4(466 1964 1969 452)
4(466 458 1960 1964)
4(466 452 451 458)
4(1743 1970 1962 1741)
4(819 1970 1743 820)
4(817 820 1743 1741)
4(1755 1754 1743 1970)
4(1743 1754 1744 1741)
4(1755 1745 1744 1754)
4(1726 1792 1965 1727)
4(1760 1759 1965 1792)
4(1724 1727 1965 1759)
4(1760 1792 1726 1725)
4(1724 1725 1726 1727)
4(1724 1759 1760 1725)
4(461 1792 1965 462)
4(459 462 1965 1727)
4(1726 1792 461 460)
4(459 1727 1726 460)
4(459 460 461 462)
4(1971 828 837 1974)
4(837 836 1969 1974)
4(1969 1970 1971 1974)
4(819 828 1971 1970)
4(465 1794 1976 454)
4(1976 1794 1793 1975)
4(463 454 1976 1975)
4(463 1975 1793 464)
4(1793 1794 465 464)
4(463 464 465 454)
4(1976 1794 838 839)
4(1795 1794 1976 1973)
4(821 1973 1976 839)
4(821 824 1795 1973)
4(838 1794 1795 824)
4(384 839 1976 454)
4(465 1794 838 385)
4(384 454 465 385)
4(1972 1975 1976 1973)
4(1972 1796 1793 1975)
4(1972 1973 1795 1796)
4(1795 1794 1793 1796)
4(1967 467 453 1974)
4(1976 1974 453 454)
4(1967 1974 1976 1975)
4(463 467 1967 1975)
4(463 454 453 467)
4(837 1974 1976 839)
4(1971 1973 1976 1974)
4(821 1973 1971 828)
4(453 452 1969 1974)
4(837 383 453 1974)
4(379 452 453 383)
4(1967 1974 1969 1964)
4(1971 1974 1967 1966)
4(1755 1970 1971 1966)
4(1755 1966 1967 1964)
4(466 1964 1967 467)
4(466 467 453 452)
4(384 383 453 454)
4(1972 1975 1967 1966)
4(1972 1966 1971 1973)
4(1793 1792 1965 1975)
4(463 1975 1965 462)
4(461 1792 1793 464)
4(463 462 461 464)
4(1972 1759 1965 1975)
4(1972 1796 1760 1759)
4(1760 1796 1793 1792)
4(1965 1968 1967 1975)
4(1967 1968 468 467)
4(468 1968 1965 462)
4(463 467 468 462)
4(1972 1759 1764 1966)
4(1967 1966 1764 1968)
4(1764 1759 1965 1968)
4(1766 822 823 1767)
4(1795 1973 1766 1767)
4(821 822 1766 1973)
4(1795 1767 823 824)
4(825 1750 1766 822)
4(1748 826 823 1767)
4(825 826 1748 1750)
4(1766 1750 1748 1767)
4(1972 1769 1768 1796)
4(1972 1973 1766 1769)
4(1795 1796 1768 1767)
4(1768 1769 1766 1767)
4(1972 1769 1761 1759)
4(1760 1762 1768 1796)
4(1760 1759 1761 1762)
4(1761 1769 1768 1762)
4(1971 1970 1743 1746)
4(827 828 1971 1746)
4(1743 820 827 1746)
4(1971 1966 1765 1746)
4(1755 1754 1765 1966)
4(1765 1754 1743 1746)
4(827 822 1766 1746)
4(1971 1746 1766 1973)
4(827 829 1747 1746)
4(825 1750 1747 829)
4(1747 1750 1766 1746)
4(1972 1966 1765 1769)
4(1766 1769 1765 1746)
4(1764 1763 1765 1966)
4(1755 1757 1764 1966)
4(1755 1754 1756 1757)
4(1756 1763 1764 1757)
4(1756 1754 1765 1763)
4(1761 1759 1764 1763)
4(1765 1769 1761 1763)
4(1728 1731 1978 1757)
4(1764 1757 1978 1968)
4(1978 1731 1730 1968)
4(1730 1729 1764 1968)
4(1728 1729 1730 1731)
4(1728 1757 1764 1729)
4(456 470 1979 1959)
4(1733 1753 1979 1734)
4(1738 1959 1979 1753)
4(469 1734 1979 470)
5(1732 1733 1734 469 471)
5(1732 1739 1738 1753 1733)
5(469 470 456 455 471)
4(1978 1757 1758 1977)
4(1735 1731 1978 1977)
4(1758 1736 1735 1977)
4(1728 1731 1735 1736)
4(1728 1736 1758 1757)
4(1978 1968 1967 1964)
4(1755 1757 1978 1964)
4(1978 474 468 1968)
4(1730 1968 468 473)
4(472 474 1978 1731)
4(472 1731 1730 473)
4(472 473 468 474)
4(1730 1727 1965 1968)
4(1724 1727 1730 1729)
4(1724 1729 1764 1759)
4(466 1964 1978 474)
4(466 474 468 467)
4(459 473 1730 1727)
4(459 462 468 473)
4(1960 1977 1979 1959)
4(1960 458 475 1977)
4(1979 1977 475 470)
4(456 470 475 458)
4(1758 1977 1960 1745)
4(1960 1977 1978 1964)
4(1755 1757 1758 1745)
4(1978 1977 475 474)
4(475 1977 1735 476)
4(472 476 1735 1731)
4(472 474 475 476)
4(1758 1753 1979 1977)
4(1735 1977 1979 1734)
4(1733 1736 1735 1734)
4(1733 1753 1758 1736)
4(1738 1745 1758 1753)
4(466 458 475 474)
4(469 1734 1735 476)
4(469 476 475 470)
5(875 876 2005 1981 1980)
4(177 1982 2006 178)
4(876 877 2006 2005)
4(89 178 2006 877)
4(1981 2005 2006 1982)
5(176 1980 1981 1982 177)
5(176 177 178 89 93)
4(179 1984 2008 180)
4(181 180 2008 2002)
4(2008 1984 1983 2002)
4(1983 182 181 2002)
4(179 182 1983 1984)
4(179 180 181 182)
4(1798 1797 2009 1987)
4(876 2005 2009 880)
4(1981 1987 2009 2005)
4(879 880 2009 1797)
5(1799 1798 1987 1981 1980)
5(879 1797 1798 1799 878)
4(1800 1803 2010 1985)
4(1986 1985 2010 2003)
4(2010 1803 1802 2003)
4(1802 1801 1986 2003)
4(1800 1985 1986 1801)
4(1800 1801 1802 1803)
4(2008 180 184 1993)
4(1988 1984 2008 1993)
4(179 1984 1988 183)
4(184 183 1988 1993)
4(179 183 184 180)
4(2010 1985 1989 1994)
4(1804 1803 2010 1994)
4(1800 1805 1989 1985)
4(1989 1805 1804 1994)
4(1800 1803 1804 1805)
4(2008 2002 881 882)
4(881 2002 181 105)
4(104 180 2008 882)
4(104 105 181 180)
4(2007 2004 2008 2002)
4(881 884 2007 2002)
4(883 2004 2007 884)
4(883 882 2008 2004)
4(2007 1991 1983 2002)
4(1990 1991 2007 2004)
4(1990 2004 2008 1984)
4(1990 1984 1983 1991)
4(181 2002 2006 178)
4(2006 2002 1983 1982)
4(177 1982 1983 182)
4(177 182 181 178)
4(881 877 2006 2002)
4(2007 2002 2006 2005)
4(876 884 2007 2005)
4(89 178 181 105)
4(1981 2005 2007 1991)
4(1981 1991 1983 1982)
4(2010 2004 2007 2003)
4(885 886 2010 2003)
4(2007 884 885 2003)
4(883 2004 2010 886)
4(2007 2003 1986 1991)
4(1990 1985 2010 2004)
4(1990 1991 1986 1985)
4(885 888 1802 2003)
4(887 886 2010 1803)
4(887 1803 1802 888)
4(1986 2003 2009 1987)
4(2009 2003 1802 1797)
4(1798 1801 1986 1987)
4(1798 1797 1802 1801)
4(2007 2005 2009 2003)
4(885 2003 2009 880)
4(1981 1987 1986 1991)
4(879 888 1802 1797)
4(889 1993 2008 882)
4(889 110 184 1993)
4(104 180 184 110)
4(2008 2004 1995 1993)
4(1995 890 889 1993)
4(883 890 1995 2004)
4(1990 2004 1995 1992)
4(1990 1992 1988 1984)
4(1995 1993 1988 1992)
4(889 1993 1996 892)
4(891 1997 1995 890)
4(891 892 1996 1997)
4(1996 1993 1995 1997)
4(112 185 1996 892)
4(1996 185 184 1993)
4(112 110 184 185)
4(1995 2004 2010 1994)
4(2010 886 893 1994)
4(893 890 1995 1994)
4(1990 1985 1989 1992)
4(1995 1992 1989 1994)
4(893 1994 1804 894)
4(887 894 1804 1803)
4(1998 1994 893 895)
4(891 1997 1998 895)
4(1998 1997 1995 1994)
4(896 895 1998 1806)
4(1998 1994 1804 1806)
4(896 1806 1804 894)
4(840 843 1999 1770)
4(897 832 1751 2000)
4(1999 843 897 2000)
4(1751 1770 1999 2000)
4(840 1770 1751 832)
4(1771 841 842 2001)
4(842 843 1999 2001)
4(1999 1770 1771 2001)
4(840 841 1771 1770)
4(1807 2000 897 898)
4(1751 2000 1807 1752)
4(830 1752 1807 898)
4(897 2000 1998 895)
4(891 1997 1999 843)
4(1998 2000 1999 1997)
4(1998 1806 1807 2000)
4(896 898 1807 1806)
4(842 2001 186 26)
4(186 2001 1771 187)
4(15 187 1771 841)
4(15 26 186 187)
4(1996 2001 842 892)
4(1996 1997 1999 2001)
4(186 185 1996 2001)
4(112 185 186 26)
4(165 1819 2026 191)
4(2026 2020 192 191)
4(1818 2020 2026 1819)
4(1818 166 192 2020)
4(165 191 192 166)
5(1820 1980 1981 2023 1822)
4(177 193 2024 1982)
4(1822 2023 2024 1821)
4(1981 1982 2024 2023)
4(157 1821 2024 193)
5(176 158 157 193 177)
4(1800 1985 2028 1812)
4(2028 2021 1813 1812)
4(2028 1985 1986 2021)
4(1813 2021 1986 1801)
4(1800 1812 1813 1801)
4(1798 1987 2027 1814)
4(1822 1829 2027 2023)
4(1981 2023 2027 1987)
4(720 1814 2027 1829)
5(720 725 1799 1798 1814)
4(194 2012 2026 191)
4(2026 2012 1823 1819)
4(1823 2012 194 167)
4(165 167 194 191)
4(1815 2011 2028 1812)
4(1989 1985 2028 2011)
4(1815 1805 1989 2011)
4(1800 1805 1815 1812)
4(2026 2020 1983 1984)
4(192 182 1983 2020)
4(179 191 2026 1984)
4(179 182 192 191)
4(2026 2022 2025 2020)
4(2025 1817 1818 2020)
4(1816 1817 2025 2022)
4(1816 2022 2026 1819)
4(2025 2020 1983 1991)
4(1990 2022 2025 1991)
4(1990 1984 2026 2022)
4(2024 1982 1983 2020)
4(192 193 2024 2020)
4(177 193 192 182)
4(2025 2023 2024 2020)
4(1818 2020 2024 1821)
4(1822 2023 2025 1817)
4(1981 1991 2025 2023)
4(157 166 192 193)
4(2028 2021 1828 1827)
4(1828 2021 1813 739)
4(737 1812 2028 1827)
4(737 739 1813 1812)
4(2025 2022 2028 2021)
4(1828 1817 2025 2021)
4(1816 1827 2028 2022)
4(1986 2021 2025 1991)
4(1990 2022 2028 1985)
4(2027 2021 1986 1987)
4(1813 2021 2027 1814)
4(1798 1801 1813 1814)
4(2027 2023 2025 2021)
4(1828 1829 2027 2021)
4(720 1814 1813 739)
4(1988 2012 2026 1984)
4(194 2012 1988 183)
4(179 191 194 183)
4(2013 2022 2026 2012)
4(1823 1824 2013 2012)
4(1816 2022 2013 1824)
4(1990 1992 2013 2022)
4(2013 1992 1988 2012)
4(2014 2012 1823 1832)
4(1831 1824 2013 2015)
4(1831 2015 2014 1832)
4(2014 2015 2013 2012)
4(168 1832 2014 195)
4(194 195 2014 2012)
4(168 195 194 167)
4(1830 2011 2028 1827)
4(1830 741 1815 2011)
4(737 1812 1815 741)
4(2028 2022 2013 2011)
4(2013 1824 1830 2011)
4(1989 1992 2013 2011)
4(1830 2011 2016 1833)
4(1831 1833 2016 2015)
4(2016 2011 2013 2015)
4(1791 1810 2016 1833)
4(2016 1810 1815 2011)
4(1791 741 1815 1810)
4(1714 1825 2017 1772)
4(1826 1715 1773 2018)
4(2017 1825 1826 2018)
4(1773 1772 2017 2018)
4(1714 1772 1773 1715)
4(1774 1721 1834 2019)
4(1834 1825 2017 2019)
4(2017 1772 1774 2019)
4(1714 1721 1774 1772)
4(197 2018 1826 171)
4(197 196 1773 2018)
4(170 1715 1773 196)
4(170 196 197 171)
4(1826 2018 2014 1832)
4(1831 2015 2017 1825)
4(2014 2018 2017 2015)
4(2014 195 197 2018)
4(168 171 197 195)
4(1834 2019 1809 1789)
4(1774 1775 1809 2019)
4(1710 1789 1809 1775)
4(1710 1775 1774 1721)
4(2016 2019 1834 1833)
4(2016 2015 2017 2019)
4(1809 1810 2016 2019)
4(1791 1810 1809 1789)
4(2014 2012 1988 2031)
4(188 2031 1988 183)
4(188 195 2014 2031)
4(188 183 194 195)
4(2029 1992 1988 2031)
4(2029 2015 2013 1992)
4(2029 2031 2014 2015)
4(1996 2031 1988 1993)
4(188 2031 1996 185)
4(188 185 184 183)
4(2029 1992 1995 1997)
4(2029 1997 1996 2031)
4(2016 2030 1989 2011)
4(1808 1805 1989 2030)
4(1808 2030 2016 1810)
4(1808 1810 1815 1805)
4(2029 2030 1989 1992)
4(2029 2015 2016 2030)
4(1998 1994 1989 2030)
4(1808 1806 1998 2030)
4(1808 1805 1804 1806)
4(2029 2030 1998 1997)
4(1998 2030 2033 2000)
4(2033 1811 1807 2000)
4(1808 1811 2033 2030)
4(1808 1806 1807 1811)
4(1999 2000 2033 2032)
4(2033 2000 1751 1777)
4(1776 1770 1999 2032)
4(1776 2032 2033 1777)
4(1776 1777 1751 1770)
4(2029 2032 1999 1997)
4(2029 2030 2033 2032)
4(1778 1777 2033 1811)
4(1778 1811 1807 1752)
4(1778 1752 1751 1777)
4(1996 2001 2034 2031)
4(186 189 2034 2001)
4(188 2031 2034 189)
4(188 189 186 185)
4(2034 2001 1999 2032)
4(1771 2001 2034 1779)
4(1776 1779 2034 2032)
4(1776 1770 1771 1779)
4(2029 2032 2034 2031)
4(190 189 2034 1779)
4(190 1779 1771 187)
4(190 187 186 189)
4(2014 2031 2034 2018)
4(197 2018 2034 189)
4(188 195 197 189)
4(2017 2018 2034 2032)
4(2034 2018 1773 1779)
4(1776 1772 2017 2032)
4(1776 1779 1773 1772)
4(2029 2032 2017 2015)
4(190 196 1773 1779)
4(190 189 197 196)
4(2016 2019 2033 2030)
4(1809 1811 2033 2019)
4(1808 1811 1809 1810)
4(2033 2019 2017 2032)
4(1774 2019 2033 1777)
4(1776 1772 1774 1777)
4(1778 1775 1809 1811)
4(1778 1777 1774 1775)
4(2068 2036 2035 2065)
4(701 749 2068 2065)
4(2035 704 701 2065)
4(746 2036 2068 749)
4(746 704 2035 2036)
4(746 749 701 704)
4(1786 2053 501 500)
4(477 478 2052 1700)
4(2052 478 501 2053)
4(2052 2053 1786 1700)
4(477 500 501 478)
4(498 1785 2054 499)
4(2054 2053 501 499)
4(1786 2053 2054 1785)
4(498 499 501 500)
4(2068 2064 2063 2065)
4(2037 2064 2068 2036)
4(2037 2038 2063 2064)
4(2035 2065 2063 2038)
4(2037 2036 2035 2038)
4(2068 2065 496 493)
4(496 2065 701 497)
4(491 749 2068 493)
4(491 497 701 749)
4(491 493 496 497)
4(701 2065 2054 1785)
4(2054 2065 2035 2039)
4(1784 1785 2054 2039)
4(1784 2039 2035 704)
4(489 493 2068 2064)
4(489 2064 2063 495)
4(2063 2065 496 495)
4(489 495 496 493)
4(496 2065 2054 499)
4(498 497 496 499)
4(2052 1792 461 478)
4(1726 1792 2052 1700)
4(477 460 1726 1700)
4(477 478 461 460)
4(2041 2040 2070 2066)
4(745 744 2070 2040)
4(482 2066 2070 483)
4(484 483 2070 744)
5(2041 2066 482 480 2042)
5(743 745 2040 2041 2042)
5(743 485 484 744 745)
5(480 482 483 484 485)
4(2043 2036 2068 2069)
4(748 747 2043 2069)
4(2068 749 748 2069)
4(746 2036 2043 747)
4(746 747 748 749)
4(2067 2069 2043 2044)
4(2068 2069 2067 2064)
4(2037 2064 2067 2044)
4(2037 2044 2043 2036)
4(2043 2040 2070 2069)
4(2070 2066 2067 2069)
4(2041 2044 2067 2066)
4(2041 2040 2043 2044)
4(748 744 2070 2069)
4(745 747 2043 2040)
4(745 744 748 747)
4(490 487 2067 2069)
4(490 2069 2070 483)
4(482 2066 2067 487)
4(482 487 490 483)
4(2068 493 490 2069)
4(748 2069 490 492)
4(491 749 748 492)
4(491 492 490 493)
4(489 487 2067 2064)
4(489 493 490 487)
4(484 492 748 744)
4(484 483 490 492)
4(2073 909 910 2074)
4(910 911 2072 2074)
4(2072 2071 2073 2074)
4(908 909 2073 2071)
4(908 2071 2072 911)
4(2063 2074 494 495)
4(2058 503 494 2074)
4(2058 2074 2063 2059)
4(502 503 2058 2059)
4(502 2059 2063 495)
4(502 495 494 503)
4(2073 488 494 2074)
4(910 2074 494 448)
4(446 488 2073 909)
4(446 448 494 488)
4(2058 2074 910 915)
4(2072 2074 2058 2057)
4(914 911 2072 2057)
4(914 2057 2058 915)
4(2073 2074 2063 2064)
4(2072 2038 2063 2074)
4(2037 2071 2073 2064)
4(2037 2038 2072 2071)
4(489 2064 2073 488)
4(489 488 494 495)
4(449 915 2058 503)
4(449 503 494 448)
4(2049 2038 2063 2059)
4(2049 2057 2072 2038)
4(2049 2059 2058 2057)
4(504 503 2058 2055)
4(504 2055 2060 505)
4(502 505 2060 2059)
4(2060 2055 2058 2059)
4(502 503 504 505)
4(916 450 504 2055)
4(2056 2055 504 506)
4(387 845 2056 506)
4(916 2055 2056 845)
4(387 506 504 450)
4(916 915 2058 2055)
4(449 450 504 503)
4(479 2061 2060 505)
4(479 506 2056 2061)
4(2056 2055 2060 2061)
4(479 505 504 506)
4(2060 2053 501 505)
4(502 499 2054 2059)
4(2054 2053 2060 2059)
4(502 505 501 499)
4(479 2061 2052 478)
4(2052 2061 2060 2053)
4(479 478 501 505)
4(2063 2065 2054 2059)
4(502 499 496 495)
4(2049 2039 2054 2059)
4(2049 2038 2035 2039)
4(2056 506 465 1794)
4(2056 1794 838 845)
4(387 385 465 506)
4(479 464 1793 2061)
4(2056 2061 1793 1794)
4(479 506 465 464)
4(2052 1792 1793 2061)
4(479 464 461 478)
5(899 2042 2041 2078 901)
4(2041 2066 2079 2078)
4(901 2078 2079 900)
4(482 481 2079 2066)
4(438 900 2079 481)
5(480 439 438 481 482)
4(2037 2071 2080 2044)
4(2073 2075 2080 2071)
4(2080 2075 2067 2044)
4(2073 2064 2067 2075)
4(2041 2078 2081 2045)
4(901 902 2081 2078)
4(1798 2045 2081 1797)
4(879 1797 2081 902)
5(1799 2042 2041 2045 1798)
4(2037 2071 2082 2046)
4(2082 2076 2047 2046)
4(2080 2076 2082 2071)
4(2047 2076 2080 2044)
4(2037 2046 2047 2044)
4(2048 2077 2082 2046)
4(2082 2077 2072 2071)
4(2072 2077 2048 2038)
4(2037 2038 2048 2046)
4(2080 912 913 2075)
4(913 909 2073 2075)
4(908 912 2080 2071)
4(2080 2075 2079 2078)
4(2067 2066 2079 2075)
4(2041 2044 2080 2078)
4(913 2075 2079 900)
4(901 2078 2080 912)
4(486 2075 2067 487)
4(2079 2075 486 481)
4(482 481 486 487)
4(486 488 2073 2075)
4(913 447 486 2075)
4(446 488 486 447)
4(489 487 486 488)
4(438 447 486 481)
4(2082 2076 1802 1803)
4(2047 1801 1802 2076)
4(1800 2046 2082 1803)
4(1800 1801 2047 2046)
4(2082 904 903 2076)
4(903 912 2080 2076)
4(908 904 2082 2071)
4(903 2076 1802 888)
4(887 1803 2082 904)
4(2080 2078 2081 2076)
4(2081 2045 2047 2076)
4(2041 2044 2047 2045)
4(903 902 2081 2076)
4(1802 2076 2081 1797)
4(1798 2045 2047 1801)
4(1804 2077 2082 1803)
4(2048 2077 1804 1805)
4(1800 2046 2048 1805)
4(905 904 2082 2077)
4(2072 911 905 2077)
4(905 894 1804 2077)
4(2062 2077 1804 1806)
4(2062 2050 2048 2077)
4(1808 2050 2062 1806)
4(1808 1805 2048 2050)
4(905 2077 2062 906)
4(2062 2077 2072 2057)
4(914 906 2062 2057)
4(896 1806 2062 906)
4(2049 2057 2062 2050)
4(2049 2050 2048 2038)
4(1786 1787 2083 2053)
4(1705 1700 2052 2084)
4(1705 2084 2083 1787)
4(2083 2084 2052 2053)
4(1784 1787 2083 2039)
4(2083 2053 2054 2039)
4(1705 1725 1760 2084)
4(2052 2084 1760 1792)
4(1705 1700 1726 1725)
4(1705 2084 2085 1711)
4(1788 1711 2085 2086)
4(2083 1787 1788 2086)
4(2085 2084 2083 2086)
4(2085 1711 1780 1762)
4(1760 2084 2085 1762)
4(1705 1725 1780 1711)
4(1780 1725 1760 1762)
4(1809 2086 1788 1789)
4(1710 1711 2085 1775)
4(2085 2086 1809 1775)
4(2051 1790 1788 2086)
4(2051 2086 2083 2039)
4(1784 1790 2051 2039)
4(2051 1810 1809 2086)
4(1791 1810 2051 1790)
4(2085 1775 1782 1762)
4(1710 1711 1780 1781)
4(1780 1762 1782 1781)
4(1710 1781 1782 1775)
4(2087 917 916 2055)
4(2056 2088 2087 2055)
4(846 2088 2056 845)
4(846 917 2087 2088)
4(2058 2055 2087 2057)
4(914 2057 2087 917)
4(2087 2055 2060 2089)
4(2090 2089 2060 2061)
4(2090 2061 2056 2088)
4(2090 2088 2087 2089)
4(2049 2059 2060 2089)
4(2049 2089 2087 2057)
4(2083 2089 2060 2053)
4(2090 2084 2052 2061)
4(2090 2089 2083 2084)
4(2049 2039 2083 2089)
4(1795 2088 2056 1794)
4(846 2088 1795 824)
4(2090 2061 1793 1796)
4(2090 1796 1795 2088)
4(2090 2084 1760 1796)
4(846 844 2094 2088)
4(2094 844 907 2091)
4(2087 2088 2094 2091)
4(907 917 2087 2091)
4(823 844 2094 1767)
4(2094 2088 1795 1767)
4(2062 1806 1807 2091)
4(2093 2091 1807 1811)
4(2062 2091 2093 2050)
4(1808 2050 2093 1811)
4(907 2091 1807 898)
4(1807 2091 2094 1752)
4(830 1752 2094 844)
4(2094 2091 2093 2092)
4(2087 2089 2093 2091)
4(2090 2092 2093 2089)
4(2090 2088 2094 2092)
4(2062 2091 907 906)
4(2062 2057 2087 2091)
4(1778 1811 2093 2092)
4(1778 2092 2094 1752)
4(2049 2089 2093 2050)
4(2093 1811 1809 2086)
4(2093 2086 2051 2050)
4(1808 2050 2051 1810)
4(2085 2092 2093 2086)
4(2083 2086 2093 2089)
4(2090 2092 2085 2084)
4(1778 1775 2085 2092)
4(2049 2039 2051 2050)
4(1748 1752 2094 1767)
4(1768 1767 2094 2092)
4(2090 1796 1768 2092)
4(1778 2092 1768 1783)
4(1768 1767 1748 1783)
4(1778 1783 1748 1752)
4(2085 1762 1768 2092)
4(1768 1783 1782 1762)
4(1778 1775 1782 1783)
4(2041 2045 2097 2040)
4(745 2040 2097 750)
4(1798 1814 2097 2045)
4(720 750 2097 1814)
5(743 745 750 720 725)
4(746 2036 2098 751)
4(2098 2036 2043 2096)
4(752 751 2098 2096)
4(2043 747 752 2096)
4(746 751 752 747)
4(2035 2036 2098 2095)
4(2098 751 727 2095)
4(727 704 2035 2095)
4(746 704 727 751)
4(2047 2096 2098 2046)
4(2043 2096 2047 2044)
4(2037 2046 2098 2036)
4(2098 1812 1813 2096)
4(1813 1801 2047 2096)
4(1800 1812 2098 2046)
4(1813 2096 752 739)
4(737 751 2098 1812)
4(737 739 752 751)
4(2097 2040 2043 2096)
4(2097 2096 2047 2045)
4(752 2096 2097 750)
4(745 747 752 750)
4(1813 1814 2097 2096)
4(720 750 752 739)
4(2098 2095 2048 2046)
4(2048 2095 2035 2038)
4(1815 1812 2098 2095)
4(1815 2095 2048 1805)
4(727 2095 1815 741)
4(737 751 727 741)
4(2051 2095 727 1790)
4(2035 2095 2051 2039)
4(2051 2095 1815 1810)
4(2051 2095 2048 2050)
4(540 764 2209 536)
4(707 2205 2209 764)
4(530 536 2209 2206)
4(2168 2206 2209 2205)
5(530 2206 2168 766 529)
5(766 2168 2205 707 708)
5(539 708 707 764 540)
4(539 529 766 708)
4(765 2208 537 541)
4(2209 2208 765 764)
4(537 2208 2209 536)
4(540 764 765 541)
4(551 550 765 2208)
4(537 538 551 2208)
4(542 541 765 550)
4(542 550 551 538)
4(765 711 2204 2208)
4(2209 2208 2204 2205)
4(707 2205 2204 711)
4(707 711 765 764)
4(2204 2208 551 460)
4(477 711 2204 460)
4(477 550 765 711)
4(477 460 551 550)
4(2207 533 537 2208)
4(2209 2206 2207 2208)
4(530 533 2207 2206)
4(551 2208 2207 552)
4(535 552 2207 533)
4(535 538 551 552)
4(2207 2208 2204 2177)
4(2168 2206 2207 2177)
4(2168 2177 2204 2205)
4(459 2177 2207 552)
4(459 460 2204 2177)
4(459 552 551 460)
4(515 531 2216 2213)
4(768 767 2224 2169)
4(530 2206 2216 531)
4(2168 2167 2216 2206)
4(2166 2213 2216 2167)
4(2166 2169 2224 2213)
4(507 508 2224 767)
4(515 2213 2224 508)
6(2166 2167 2168 766 768 2169)
5(507 767 768 766 529)
6(507 529 530 531 515 508)
4(515 516 2217 2213)
4(532 531 2216 2210)
4(532 2210 2217 516)
4(2217 2210 2216 2213)
4(515 531 532 516)
4(2171 2223 2224 2169)
4(2203 2223 2171 2170)
4(2224 2223 2203 767)
4(768 767 2203 2170)
4(768 2170 2171 2169)
4(2218 2211 513 512)
4(513 2211 2162 514)
4(2162 2211 2218 2165)
4(511 2165 2218 512)
4(511 514 2162 2165)
4(511 512 513 514)
4(517 2212 2219 518)
4(2217 2212 517 516)
4(2217 2213 2219 2212)
4(515 518 2219 2213)
4(515 516 517 518)
4(522 521 2220 2214)
4(520 2215 2220 521)
4(2174 2214 2220 2175)
4(2172 2175 2220 2215)
4(522 2214 2221 523)
4(524 523 2221 553)
4(2174 2173 2221 2214)
4(469 553 2221 2173)
6(2172 471 469 2173 2174 2175)
6(519 520 521 522 523 524)
5(519 524 553 469 471)
4(2207 2210 532 533)
4(2207 2206 2216 2210)
4(530 533 532 531)
4(554 534 532 2210)
4(2217 555 554 2210)
4(527 555 2217 516)
4(527 516 532 534)
4(527 534 554 555)
4(554 552 2207 2210)
4(535 534 532 533)
4(535 552 554 534)
4(2216 2210 2176 2167)
4(2207 2177 2176 2210)
4(2168 2167 2176 2177)
4(2217 2178 2176 2210)
4(554 2210 2176 473)
4(472 2178 2217 555)
4(472 473 2176 2178)
4(472 555 554 473)
4(2166 2213 2217 2178)
4(2166 2178 2176 2167)
4(459 2177 2176 473)
4(459 473 554 552)
4(2220 2211 513 521)
4(2220 2214 2218 2211)
4(522 512 2218 2214)
4(522 521 513 512)
4(2222 526 513 2211)
4(2162 2163 2222 2211)
4(525 2163 2162 514)
4(525 514 513 526)
4(2222 2215 2220 2211)
4(520 526 513 521)
4(2180 2179 2218 2211)
4(2180 2211 2220 2175)
4(2174 2214 2218 2179)
4(2174 2179 2180 2175)
4(2180 2211 2162 2161)
4(2222 2211 2180 2181)
4(2160 2161 2162 2163)
4(2160 2181 2180 2161)
4(2164 2179 2218 2165)
4(2164 2165 2162 2161)
4(2164 2161 2180 2179)
4(2172 2175 2180 2181)
4(2221 523 517 2212)
4(2219 2214 2221 2212)
4(522 2214 2219 518)
4(522 518 517 523)
4(517 528 556 2212)
4(556 555 2217 2212)
4(527 528 517 516)
4(527 555 556 528)
4(556 2212 2221 553)
4(524 523 517 528)
4(524 528 556 553)
4(2182 2212 2219 2183)
4(2182 2173 2221 2212)
4(2174 2183 2219 2214)
4(2174 2173 2182 2183)
4(2182 2178 2217 2212)
4(556 476 2182 2212)
4(472 2178 2182 476)
4(472 476 556 555)
4(2166 2213 2219 2183)
4(2166 2183 2182 2178)
4(469 476 2182 2173)
4(469 553 556 476)
4(2171 2223 2219 2183)
4(2219 2223 2224 2213)
4(2166 2169 2171 2183)
4(2171 2179 2218 2223)
4(2203 2223 2218 2165)
4(2164 2170 2203 2165)
4(2164 2179 2171 2170)
4(2218 2223 2219 2214)
4(2174 2183 2171 2179)
4(2203 510 509 2223)
4(509 508 2224 2223)
4(507 510 2203 767)
4(507 508 509 510)
4(509 2223 2218 512)
4(511 2165 2203 510)
4(511 510 509 512)
4(509 518 2219 2223)
4(515 518 509 508)
4(522 512 509 518)
4(1701 711 2204 2227)
4(1701 2227 1726 1700)
4(1726 2227 2204 460)
4(1703 2228 2230 1702)
4(707 1702 2230 2205)
4(2168 2205 2230 2185)
4(2184 2185 2230 2228)
5(757 772 2184 2228 1703)
5(2184 772 766 2168 2185)
4(757 708 766 772)
4(1701 2227 2230 1702)
4(2229 2227 1701 1704)
4(2229 2228 2230 2227)
4(1703 2228 2229 1704)
4(2230 2205 2204 2227)
4(1726 1725 2229 2227)
4(1705 1704 2229 1725)
4(2186 2227 2230 2185)
4(2204 2227 2186 2177)
4(2168 2177 2186 2185)
4(2229 2227 2186 2187)
4(1726 1727 2186 2227)
4(1724 1725 2229 2187)
4(1724 2187 2186 1727)
4(2184 2187 2229 2228)
4(2184 2185 2186 2187)
4(459 1727 2186 2177)
4(1707 2225 2232 1706)
4(1703 1706 2232 2228)
4(2189 2188 2232 2225)
4(2184 2228 2232 2188)
5(1707 758 771 2189 2225)
5(771 772 2184 2188 2189)
4(757 772 771 758)
4(1708 2231 2232 1706)
4(1708 1709 2226 2231)
4(2226 2225 2232 2231)
4(1707 2225 2226 1709)
4(1708 2231 2229 1704)
4(2229 2231 2232 2228)
4(1780 2231 1708 1711)
4(1780 1781 2226 2231)
4(1710 1709 2226 1781)
4(2229 1725 1780 2231)
4(2232 2231 2190 2188)
4(2226 2191 2190 2231)
4(2189 2191 2226 2225)
4(2189 2188 2190 2191)
4(2229 2187 2190 2231)
4(1780 2231 2190 2111)
4(1724 2111 2190 2187)
4(1724 1725 1780 2111)
4(2184 2187 2190 2188)
4(2112 1781 2226 2191)
4(2112 2191 2190 2111)
4(2112 2111 1780 1781)
5(759 1712 2235 2192 769)
4(1712 1713 2236 2235)
4(1696 2114 2236 1713)
4(2113 2193 2236 2114)
4(2192 2235 2236 2193)
5(2192 2193 2113 770 769)
5(770 2113 2114 1696 756)
4(759 769 770 756)
4(1716 1717 2237 2233)
4(2115 1715 1716 2233)
4(2237 2116 2115 2233)
4(1714 2116 2237 1717)
4(1714 1715 2115 2116)
4(1707 1718 2238 2225)
4(1712 2235 2238 1718)
4(2189 2225 2238 2194)
4(2192 2194 2238 2235)
5(771 2189 2194 2192 769)
4(759 758 771 769)
4(1719 1718 2238 2234)
4(2226 1709 1719 2234)
4(2238 2225 2226 2234)
4(2236 2233 1716 1713)
4(2237 2233 2236 2235)
4(1712 1717 2237 2235)
4(2117 2233 1716 1699)
4(2117 2114 2236 2233)
4(1696 2114 2117 1699)
4(2117 2233 2115 265)
4(170 265 2115 1715)
4(170 1699 2117 265)
4(2236 2233 2195 2193)
4(2117 2118 2195 2233)
4(2113 2193 2195 2118)
4(2113 2118 2117 2114)
4(2195 2233 2237 2196)
4(2115 2233 2195 2120)
4(2119 2196 2237 2116)
4(2119 2120 2195 2196)
4(2119 2116 2115 2120)
4(2192 2235 2237 2196)
4(2192 2196 2195 2193)
4(256 2118 2195 2120)
4(256 2120 2115 265)
4(256 265 2117 2118)
4(2237 1717 1719 2234)
4(1719 1721 2121 2234)
4(2121 2116 2237 2234)
4(1714 2116 2121 1721)
4(2237 2235 2238 2234)
4(2121 2234 2226 1781)
4(1710 1721 2121 1781)
4(2238 2194 2197 2234)
4(2197 2191 2226 2234)
4(2189 2191 2197 2194)
4(2237 2234 2197 2196)
4(2197 2234 2121 2122)
4(2119 2196 2197 2122)
4(2119 2122 2121 2116)
4(2192 2194 2197 2196)
4(2112 2122 2197 2191)
4(2112 1781 2121 2122)
4(229 227 1722 169)
4(229 169 164 163)
4(229 175 172 169)
4(544 543 2199 776)
4(511 2165 2199 543)
4(777 776 2199 2198)
4(2164 2198 2199 2165)
7(2164 2170 768 774 778 777 2198)
6(507 546 773 774 768 767)
4(546 545 775 773)
4(544 776 775 545)
4(777 778 775 776)
4(774 773 775 778)
7(507 510 511 543 544 545 546)
4(547 543 2199 2201)
4(2199 776 2200 2201)
4(544 543 547 548)
4(2162 2201 547 514)
4(2162 2165 2199 2201)
4(511 514 547 543)
4(2202 2163 2162 2201)
4(525 549 547 514)
4(2246 2201 2199 2198)
4(777 2245 2246 2198)
4(2162 2201 2246 2161)
4(2160 2161 2246 2247)
4(2164 2198 2246 2161)
4(2113 2123 2274 2193)
4(2261 2268 2274 2260)
4(2126 2260 2274 2123)
4(2192 2193 2274 2268)
6(803 769 2192 2268 2261 2253)
4(805 804 2254 2144)
4(2126 2144 2254 2260)
4(803 2253 2254 804)
4(2261 2260 2254 2253)
6(2126 2123 2113 770 805 2144)
5(803 804 805 770 769)
4(2134 2256 2275 2145)
4(2275 2256 2255 2271)
4(2146 2145 2275 2271)
4(2255 2135 2146 2271)
4(2134 2135 2255 2256)
4(2134 2145 2146 2135)
4(2189 2269 2276 2188)
4(2249 2248 2276 2265)
4(2184 2188 2276 2248)
4(2263 2265 2276 2269)
6(2263 2269 2189 771 808 2267)
6(806 772 2184 2248 2249 2250)
4(806 2250 2257 807)
4(2249 2265 2257 2250)
4(808 807 2257 2267)
4(2263 2267 2257 2265)
5(806 807 808 771 772)
4(2258 2256 2275 2272)
4(2147 2139 2258 2272)
4(2275 2145 2147 2272)
4(2134 2256 2258 2139)
4(2134 2139 2147 2145)
4(2252 2251 2259 2273)
4(2259 2142 2148 2273)
4(2148 1729 2252 2273)
4(1728 2251 2252 1729)
4(1728 2142 2259 2251)
4(1728 1729 2148 2142)
4(2274 2271 2124 2123)
4(2195 2271 2274 2193)
4(2124 2271 2195 2118)
4(2113 2123 2124 2118)
4(2255 2271 2274 2260)
4(2275 2268 2274 2271)
4(2261 2268 2275 2256)
4(2261 2256 2255 2260)
4(2275 2271 2195 2196)
4(2146 2120 2195 2271)
4(2119 2145 2275 2196)
4(2119 2120 2146 2145)
4(2124 2271 2255 2125)
4(2146 2271 2124 255)
4(252 2125 2255 2135)
4(252 2135 2146 255)
4(252 255 2124 2125)
4(2126 2260 2255 2125)
4(2126 2125 2124 2123)
4(2192 2196 2275 2268)
4(256 255 2146 2120)
4(256 2118 2124 255)
4(2270 2272 2197 2194)
4(2270 2269 2277 2272)
4(2197 2272 2277 2191)
4(2189 2191 2277 2269)
4(2189 2269 2270 2194)
4(2270 2268 2275 2272)
4(2258 2262 2270 2272)
4(2261 2268 2270 2262)
4(2261 2262 2258 2256)
4(2258 2272 2277 2264)
4(2147 2149 2277 2272)
4(2140 2264 2277 2149)
4(2140 2139 2258 2264)
4(2140 2149 2147 2139)
4(2197 2272 2275 2196)
4(2147 2272 2197 2122)
4(2119 2145 2147 2122)
4(2192 2194 2270 2268)
4(2263 2269 2277 2264)
4(2263 2262 2270 2269)
4(2263 2264 2258 2262)
4(2112 2149 2277 2191)
4(2112 2122 2147 2149)
4(2276 2188 2190 2273)
4(2276 2273 2277 2269)
4(2277 2273 2190 2191)
4(2252 2248 2276 2273)
4(2259 2273 2276 2265)
4(2249 2248 2252 2251)
4(2249 2251 2259 2265)
4(2259 2264 2277 2273)
4(2148 2273 2277 2149)
4(2140 2264 2259 2142)
4(2140 2142 2148 2149)
4(2252 2273 2190 2187)
4(2190 2273 2148 2111)
4(1724 1729 2252 2187)
4(1724 2111 2148 1729)
4(2184 2187 2252 2248)
4(2263 2265 2259 2264)
4(2112 2149 2148 2111)
4(803 809 2266 2253)
4(808 2267 2266 809)
4(2261 2253 2266 2262)
4(2263 2262 2266 2267)
5(803 769 771 808 809)
4(2168 2185 2281 2167)
4(2249 2278 2281 2248)
4(2184 2248 2281 2185)
4(2166 2167 2281 2278)
4(806 810 2394 2250)
4(768 2169 2394 810)
4(2166 2278 2394 2169)
4(2249 2250 2394 2278)
5(806 772 766 768 810)
4(2279 2251 2252 2280)
4(1730 1731 2279 2280)
4(2252 1729 1730 2280)
4(1728 2251 2279 1731)
4(2281 2280 2186 2185)
4(2281 2167 2176 2280)
4(2186 2280 2176 2177)
4(2252 2280 2281 2248)
4(2281 2280 2279 2278)
4(2249 2278 2279 2251)
4(2279 2280 2176 2178)
4(2176 2280 1730 473)
4(472 1731 2279 2178)
4(2252 2187 2186 2280)
4(1730 2280 2186 1727)
4(2166 2178 2279 2278)
4(803 2392 2395 809)
7(803 783 784 787 2325 2285 2392)
7(793 808 2393 2290 2316 788 791)
4(788 2316 2346 789)
4(2285 2325 2346 2327)
4(787 789 2346 2325)
4(2290 2327 2346 2316)
4(808 809 2395 2393)
4(2285 2327 2395 2392)
4(2290 2393 2395 2327)
4(788 789 790 791)
4(783 792 790 784)
4(787 784 790 789)
4(793 791 790 792)
6(803 809 808 793 792 783)
4(806 2391 2396 810)
7(806 796 797 799 2330 2286 2391)
4(777 2198 2347 800)
4(2286 2330 2347 2332)
4(799 800 2347 2330)
4(2164 2332 2347 2198)
4(768 810 2396 2170)
4(2164 2170 2396 2332)
4(2286 2332 2396 2391)
4(777 800 801 778)
4(796 802 801 797)
4(799 797 801 800)
4(774 778 801 802)
6(806 810 768 774 802 796)
4(2395 809 2266 2387)
4(2397 2392 2395 2387)
4(2266 2253 2397 2387)
4(803 2392 2397 2253)
4(806 2391 2399 2250)
4(2396 810 2394 2388)
4(2394 2250 2399 2388)
4(2399 2391 2396 2388)
4(2099 2326 2400 2100)
4(779 782 2352 2101)
4(2285 2326 2352 2325)
4(787 2325 2352 782)
4(2099 2101 2352 2326)
4(805 2100 2400 804)
4(803 804 2400 2392)
4(2285 2392 2400 2326)
7(2099 2100 805 786 780 779 2101)
4(779 780 781 782)
4(783 784 781 785)
4(786 785 781 780)
4(787 782 781 784)
6(803 783 785 786 805 804)
4(2282 2309 2353 2306)
4(2282 2306 2354 2307)
4(2354 2306 2353 2294)
4(2384 2307 2354 2294)
4(806 807 2401 2391)
4(788 795 2355 2316)
4(2286 2331 2355 2330)
4(799 2330 2355 795)
4(2290 2316 2355 2331)
4(808 2393 2401 807)
4(2286 2391 2401 2331)
4(2290 2331 2401 2393)
4(788 791 794 795)
4(796 797 794 798)
4(793 798 794 791)
4(799 795 794 797)
6(806 796 798 793 808 807)
4(2282 2308 2357 2306)
4(2353 2306 2357 2295)
4(2357 2308 2383 2295)
4(2283 2314 2358 2311)
4(2283 2311 2359 2312)
4(2359 2311 2358 2296)
4(2379 2312 2359 2296)
4(2283 2313 2360 2311)
4(2358 2311 2360 2297)
4(2360 2313 2380 2297)
4(2099 2326 2361 2150)
4(2151 2389 2400 2100)
4(2151 2150 2361 2389)
4(2361 2326 2400 2389)
4(2099 2150 2151 2100)
4(2282 2306 2364 2310)
4(2364 2306 2354 2298)
4(2354 2307 2385 2298)
4(2385 2310 2364 2298)
4(2134 2137 2366 2256)
4(2255 2256 2366 2299)
4(2366 2137 2136 2299)
4(2136 2135 2255 2299)
4(2134 2135 2136 2137)
6(2127 2288 2338 2291 2344 2128)
4(2154 2317 2363 2155)
4(2288 2339 2363 2338)
4(2291 2338 2363 2317)
4(2152 2155 2363 2339)
4(2154 2153 2365 2317)
4(2128 2344 2365 2129)
4(248 2129 2365 2153)
4(2291 2317 2365 2344)
5(2127 2128 2129 248 249)
6(2152 249 248 2153 2154 2155)
4(2399 2250 2257 2390)
4(2257 807 2401 2390)
4(2401 2391 2399 2390)
4(2357 2306 2364 2300)
4(2386 2308 2357 2300)
4(2364 2310 2386 2300)
4(2283 2311 2372 2315)
4(2372 2311 2359 2301)
4(2359 2312 2382 2301)
4(2382 2315 2372 2301)
4(2366 2256 2258 2302)
4(2258 2139 2138 2302)
4(2138 2137 2366 2302)
4(2134 2137 2138 2139)
6(2131 2323 2284 2322 2293 2132)
6(1732 2289 2341 2292 2345 1733)
4(2284 2321 2371 2322)
4(2289 2343 2371 2341)
4(2292 2341 2371 2321)
4(2293 2322 2371 2343)
4(2284 2323 2375 2321)
4(1733 2345 2375 2130)
4(2292 2321 2375 2345)
4(2131 2130 2375 2323)
5(1732 1733 2130 2131 2132)
4(1728 1736 2376 2251)
4(2259 2251 2376 2303)
4(2143 2142 2259 2303)
4(2376 1736 2143 2303)
4(1728 2142 2143 1736)
4(2284 2322 2370 2319)
4(2288 2338 2370 2340)
4(2291 2319 2370 2338)
4(2293 2340 2370 2322)
4(2284 2319 2374 2323)
4(2128 2133 2374 2344)
4(2291 2344 2374 2319)
4(2131 2323 2374 2133)
5(2127 2132 2131 2133 2128)
4(2360 2311 2372 2304)
4(2381 2313 2360 2304)
4(2372 2315 2381 2304)
4(2174 2175 2377 2324)
4(2289 2341 2377 2342)
4(2292 2324 2377 2341)
4(2172 2342 2377 2175)
4(2174 2324 2378 2173)
4(1733 1734 2378 2345)
4(2292 2345 2378 2324)
4(469 2173 2378 1734)
4(2376 2251 2279 2305)
4(2279 1731 1735 2305)
4(1735 1736 2376 2305)
4(2239 782 2352 2294)
4(2103 2294 2352 2101)
4(779 2102 2103 2101)
4(2353 2294 2352 2325)
4(2352 2294 2354 2326)
4(2285 2306 2353 2325)
4(2285 2326 2354 2306)
4(2354 2294 2103 2105)
4(2104 2307 2354 2105)
4(2104 2105 2103 2106)
4(787 2325 2353 2240)
4(2099 2105 2354 2326)
4(2099 2101 2103 2105)
4(2243 2295 2346 789)
4(2346 2295 2356 2316)
4(788 2316 2356 2241)
4(2346 2295 2353 2325)
4(2357 2295 2346 2327)
4(2285 2306 2357 2327)
4(2357 2335 2356 2295)
4(2287 2336 2356 2335)
4(2287 2335 2357 2308)
4(2290 2335 2356 2316)
4(2290 2327 2357 2335)
4(2242 795 2355 2296)
4(2355 2316 2356 2296)
4(2358 2296 2355 2330)
4(2355 2296 2359 2331)
4(2286 2311 2358 2330)
4(2286 2331 2359 2311)
4(2359 2296 2356 2335)
4(2287 2312 2359 2335)
3(799 2330 2358)
4(2290 2335 2359 2331)
4(2244 2297 2347 800)
4(2246 2198 2347 2297)
4(2347 2297 2358 2330)
4(2360 2297 2347 2332)
4(2286 2311 2360 2332)
4(2246 2297 2360 2161)
4(2160 2161 2360 2313)
4(2164 2332 2360 2161)
4(2156 2150 2361 2298)
4(2363 2298 2361 2317)
4(2156 2298 2363 2155)
4(2154 2317 2361 2150)
4(2154 2150 2156 2155)
4(2354 2298 2361 2326)
4(2361 2298 2364 2328)
4(2285 2328 2364 2306)
4(2285 2326 2361 2328)
4(2156 2298 2354 2105)
4(2385 2298 2156 2157)
4(2104 2157 2156 2105)
4(2364 2298 2363 2338)
4(2385 2339 2363 2298)
4(2288 2310 2364 2338)
4(2099 2105 2156 2150)
4(2291 2338 2364 2328)
4(2291 2328 2361 2317)
4(2152 2155 2156 2157)
4(2158 2299 2362 2159)
4(2158 2153 2365 2299)
4(2362 2299 2365 2317)
4(2154 2159 2362 2317)
4(2154 2153 2158 2159)
4(2255 2260 2362 2299)
4(2366 2299 2362 2329)
4(2261 2256 2366 2329)
4(2261 2329 2362 2260)
4(2136 2299 2365 2129)
4(2366 2344 2365 2299)
4(2128 2344 2366 2137)
4(2128 2137 2136 2129)
4(2255 2299 2158 2125)
4(2158 2299 2136 253)
4(252 253 2136 2135)
4(252 2125 2158 253)
4(2126 2260 2362 2159)
4(2126 2159 2158 2125)
4(248 2129 2136 253)
4(248 253 2158 2153)
4(2291 2329 2366 2344)
4(2291 2317 2362 2329)
4(2369 2300 2348 2318)
4(2348 2300 2370 2319)
4(2370 2300 2369 2322)
4(2284 2322 2369 2318)
4(2284 2318 2348 2319)
4(2348 2300 2357 2327)
4(2348 2328 2364 2300)
4(2285 2328 2348 2327)
4(2369 2335 2357 2300)
4(2386 2337 2369 2300)
4(2287 2335 2369 2337)
4(2370 2300 2364 2338)
4(2386 2300 2370 2340)
4(2290 2318 2369 2335)
4(2290 2327 2348 2318)
4(2291 2319 2348 2328)
4(2293 2337 2369 2322)
4(2367 2301 2369 2318)
4(2371 2301 2367 2321)
4(2371 2322 2369 2301)
4(2284 2321 2367 2318)
4(2359 2301 2367 2331)
4(2367 2301 2372 2333)
4(2286 2333 2372 2311)
4(2286 2331 2367 2333)
4(2369 2301 2359 2335)
4(2382 2301 2369 2337)
4(2372 2301 2371 2341)
4(2382 2343 2371 2301)
4(2289 2315 2372 2341)
4(2290 2318 2367 2331)
4(2292 2341 2372 2333)
4(2292 2333 2367 2321)
4(2374 2302 2349 2319)
4(2349 2302 2373 2320)
4(2373 2302 2374 2323)
4(2284 2320 2373 2323)
4(2284 2319 2349 2320)
4(2349 2302 2366 2329)
4(2258 2302 2349 2262)
4(2261 2262 2349 2329)
4(2258 2264 2373 2302)
4(2138 2302 2373 2141)
4(2140 2141 2373 2264)
4(2140 2139 2138 2141)
4(2374 2344 2366 2302)
4(2138 2133 2374 2302)
4(2128 2133 2138 2137)
4(2291 2329 2349 2319)
4(2263 2264 2373 2320)
4(2263 2320 2349 2262)
4(2131 2323 2373 2141)
4(2131 2141 2138 2133)
4(2368 2320 2373 2303)
4(2368 2303 2375 2321)
4(2375 2303 2373 2323)
4(2284 2320 2368 2321)
4(2259 2265 2368 2303)
4(2376 2303 2368 2334)
4(2249 2251 2376 2334)
4(2249 2334 2368 2265)
4(2259 2303 2373 2264)
4(2373 2303 2143 2141)
4(2140 2141 2143 2142)
4(2376 2345 2375 2303)
4(2143 2303 2375 2130)
4(1733 2345 2376 1736)
4(1733 1736 2143 2130)
4(2263 2265 2368 2320)
4(2292 2334 2376 2345)
4(2292 2321 2368 2334)
4(2131 2130 2143 2141)
4(2180 2304 2350 2179)
4(2377 2324 2350 2304)
4(2377 2304 2180 2175)
4(2174 2179 2350 2324)
4(2350 2304 2360 2332)
4(2350 2333 2372 2304)
4(2286 2333 2350 2332)
4(2180 2161 2360 2304)
4(2180 2304 2381 2181)
4(2377 2304 2372 2341)
4(2381 2304 2377 2342)
4(2164 2332 2350 2179)
4(2292 2324 2350 2333)
4(2351 2305 2182 2183)
4(2351 2324 2378 2305)
4(2182 2305 2378 2173)
4(2174 2324 2351 2183)
4(2279 2305 2351 2278)
4(2351 2305 2376 2334)
4(2249 2278 2351 2334)
4(2182 2305 2279 2178)
4(1735 2305 2182 476)
4(2376 2305 2378 2345)
4(2378 2305 1735 1734)
4(2166 2183 2351 2278)
4(2292 2334 2351 2324)
4(2398 2318 2348 2387)
4(2348 2319 2349 2387)
4(2349 2320 2398 2387)
4(2284 2318 2398 2320)
4(2398 2387 2395 2393)
4(2266 2387 2398 2267)
4(808 2267 2398 2393)
4(2348 2327 2395 2387)
4(2397 2328 2348 2387)
4(2285 2328 2397 2392)
4(2349 2329 2397 2387)
4(2266 2262 2349 2387)
4(2261 2253 2397 2329)
4(2290 2393 2398 2318)
4(2291 2329 2397 2328)
4(2263 2320 2398 2267)
4(2394 2388 2171 2169)
4(2171 2388 2396 2170)
4(2351 2278 2394 2388)
4(2351 2388 2171 2183)
4(2351 2334 2399 2388)
4(2249 2250 2399 2334)
4(2350 2179 2171 2388)
4(2350 2388 2396 2332)
4(2350 2324 2351 2388)
4(2399 2333 2350 2388)
4(2286 2333 2399 2391)
4(2292 2334 2399 2333)
4(2254 2144 2151 2389)
4(2254 2389 2400 804)
4(805 2100 2151 2144)
4(2151 2159 2362 2389)
4(2362 2317 2361 2389)
4(2154 2159 2151 2150)
4(2254 2260 2362 2389)
4(2126 2144 2151 2159)
4(2400 2392 2397 2389)
4(2397 2253 2254 2389)
4(2361 2328 2397 2389)
4(2362 2389 2397 2329)
4(2257 2390 2368 2265)
4(2368 2390 2399 2334)
4(2398 2390 2367 2318)
4(2368 2390 2398 2320)
4(2368 2321 2367 2390)
4(2398 2393 2401 2390)
4(2257 2267 2398 2390)
4(2367 2390 2401 2331)
4(2367 2333 2399 2390)
4(6 850 851 230)
4(3 230 851 852)
4(3 2 6 230)
4(231 859 851 230)
4(231 8 858 859)
4(231 230 6 8)
4(853 2444 2446 852)
5(857 2424 2423 2444 853)
4(3 852 2446 232)
4(2423 2425 2446 2444)
4(233 232 2446 2425)
5(2423 2424 234 233 2425)
5(3 232 233 234 4)
4(853 2444 2447 854)
4(851 2442 2446 852)
4(2447 2442 851 854)
4(2447 2444 2446 2442)
5(2426 847 848 2445 2427)
4(848 816 1740 2445)
4(2427 2445 1740 1742)
5(1738 1739 2426 2427 1742)
4(853 856 2448 2444)
4(848 2445 2448 856)
4(2423 2444 2448 2430)
4(2427 2430 2448 2445)
5(2423 2430 2427 2426 2424)
4(855 2443 2447 854)
4(2448 2443 855 856)
4(2447 2443 2448 2444)
4(235 230 851 2442)
4(2446 232 235 2442)
4(3 230 235 232)
4(851 859 2440 2442)
4(2440 2439 2447 2442)
4(860 854 2447 2439)
4(860 2439 2440 859)
4(2440 2442 235 236)
4(231 859 2440 236)
4(231 236 235 230)
4(2421 2442 2440 2422)
4(2447 2442 2421 2420)
4(2419 2439 2447 2420)
4(2419 2422 2440 2439)
4(2419 2420 2421 2422)
4(235 238 2421 2442)
4(237 236 2440 2422)
4(237 2422 2421 238)
4(237 238 235 236)
4(2421 2425 2446 2442)
4(2423 2420 2447 2444)
4(2423 2425 2421 2420)
4(233 238 2421 2425)
4(233 232 235 238)
4(817 1741 2431 862)
4(2431 1741 1740 2445)
4(848 862 2431 2445)
4(863 2432 2431 862)
4(863 820 1743 2432)
4(1743 1741 2431 2432)
4(2427 2445 2431 2433)
4(2431 1741 1744 2433)
4(2427 2433 1744 1742)
4(2447 2439 2441 2443)
4(2441 861 855 2443)
4(860 861 2441 2439)
4(2441 2443 2429 2428)
4(2429 2443 2447 2420)
4(2419 2439 2441 2428)
4(2419 2428 2429 2420)
4(855 862 2431 2443)
4(2431 2445 2448 2443)
4(2431 2443 2441 2432)
4(863 2432 2441 861)
4(2431 2443 2429 2433)
4(2434 2428 2441 2432)
4(2434 2432 2431 2433)
4(2434 2433 2429 2428)
4(2429 2443 2448 2430)
4(2423 2420 2429 2430)
4(2427 2430 2429 2433)
4(860 2439 2454 868)
4(2440 859 867 2449)
4(2454 2439 2440 2449)
4(867 868 2454 2449)
4(2441 2439 2454 2450)
4(869 861 2441 2450)
4(2454 868 869 2450)
4(863 829 1747 2432)
4(1747 1746 1743 2432)
4(1748 1749 2452 1750)
4(2402 2404 2452 1749)
4(2403 1750 2452 2404)
4(2403 1783 1748 1750)
4(2402 1749 1748 1783)
4(2403 2404 2402 1783)
4(2452 1749 831 872)
4(2452 2451 2406 1749)
4(870 871 2406 2451)
4(870 2451 2452 872)
4(831 1749 2406 871)
4(825 872 2452 1750)
4(2407 2451 2406 2405)
4(2407 2404 2452 2451)
4(2402 2405 2406 1749)
4(2407 2405 2402 2404)
4(239 874 865 12)
4(239 16 873 874)
4(239 12 11 16)
4(13 866 867 240)
4(231 240 867 859)
4(231 8 13 240)
4(239 874 867 240)
4(239 240 13 12)
4(243 242 2453 2408)
4(2409 2408 2453 2410)
4(241 2410 2453 242)
4(243 2408 2409 244)
4(241 244 2409 2410)
4(241 242 243 244)
4(2453 874 873 2408)
4(2453 2408 2406 2451)
4(870 874 2453 2451)
4(2406 2408 873 871)
4(239 242 2453 874)
4(243 16 873 2408)
4(239 16 243 242)
4(2407 2451 2453 2410)
4(2409 2408 2406 2405)
4(2407 2410 2409 2405)
4(245 2449 2440 236)
4(245 240 867 2449)
4(231 240 245 236)
4(2435 2422 2440 2449)
4(2454 2436 2435 2449)
4(2419 2436 2454 2439)
4(2419 2422 2435 2436)
4(2435 246 245 2449)
4(237 246 2435 2422)
4(237 236 245 246)
4(245 2449 2453 242)
4(2453 2449 2435 2410)
4(241 2410 2435 246)
4(241 246 245 242)
4(867 874 2453 2449)
4(2454 2449 2453 2451)
4(870 868 2454 2451)
4(239 242 245 240)
4(2407 2451 2454 2436)
4(2407 2436 2435 2410)
4(2437 2450 2441 2428)
4(2437 2436 2454 2450)
4(2419 2436 2437 2428)
4(1747 2432 2441 2450)
4(1747 2450 869 829)
4(1747 2438 2437 2450)
4(2434 2438 1747 2432)
4(2434 2428 2437 2438)
4(2452 2450 1747 1750)
4(2437 2450 2452 2404)
4(2403 1750 1747 2438)
4(2403 2438 2437 2404)
4(2452 872 869 2450)
4(2452 2450 2454 2451)
4(2407 2404 2437 2436)
4(840 1770 2406 871)
4(2406 1770 1751 1749)
4(873 841 1771 2408)
4(1771 1770 2406 2408)
4(243 187 1771 2408)
4(15 187 243 16)
4(2419 2420 2472 2458)
4(2459 2466 2421 2422)
4(2472 2466 2459 2458)
4(2472 2420 2421 2466)
4(2419 2458 2459 2422)
5(2127 2128 2469 2423 2424)
4(2423 2469 2471 2425)
4(2128 2129 2471 2469)
4(233 2425 2471 247)
4(248 247 2471 2129)
5(234 233 247 248 249)
4(2460 2467 2472 2458)
4(2460 2428 2429 2467)
4(2429 2420 2472 2467)
4(2419 2428 2460 2458)
5(2426 2427 2470 2131 2132)
4(2427 1742 2475 2470)
4(1733 2130 2475 1753)
4(1738 1753 2475 1742)
4(2131 2470 2475 2130)
4(2434 2433 1744 1754)
4(2434 2461 2473 2433)
4(1756 1754 1744 2468)
4(2473 2461 1756 2468)
4(1744 2433 2473 2468)
4(2434 1754 1756 2461)
4(2423 2430 2474 2469)
4(2128 2469 2474 2133)
4(2427 2470 2474 2430)
4(2131 2133 2474 2470)
4(251 250 2459 2466)
4(251 2466 2421 238)
4(237 2422 2459 250)
4(237 250 251 238)
4(2459 2135 2136 2466)
4(2136 2137 2472 2466)
4(2134 2458 2472 2137)
4(2134 2135 2459 2458)
4(2136 2466 251 253)
4(252 250 2459 2135)
4(252 253 251 250)
4(2472 2469 2471 2466)
4(2421 2466 2471 2425)
4(2423 2469 2472 2420)
4(2136 2129 2471 2466)
4(2128 2137 2472 2469)
4(251 2466 2471 247)
4(233 238 251 247)
4(248 247 251 253)
4(2434 2432 1743 1754)
4(2138 2139 2460 2467)
4(2472 2137 2138 2467)
4(2134 2458 2460 2139)
4(2460 2461 2473 2467)
4(2429 2467 2473 2433)
4(2434 2461 2460 2428)
4(2138 2141 2473 2467)
4(2140 2461 2473 2141)
4(2140 2139 2460 2461)
4(2474 2469 2472 2467)
4(2429 2430 2474 2467)
4(2138 2467 2474 2133)
4(2474 2467 2473 2470)
4(2427 2470 2473 2433)
4(2131 2141 2473 2470)
4(1758 2468 1756 1757)
4(1758 1745 1744 2468)
4(1756 2142 2143 2468)
4(2143 1736 1758 2468)
4(1728 2142 1756 1757)
4(2143 2468 2473 2141)
4(2140 2461 1756 2142)
4(1744 1742 2475 2468)
4(2473 2468 2475 2470)
4(1758 2468 2475 1753)
4(2475 2468 2143 2130)
4(2146 2135 2459 2463)
4(2462 2145 2146 2463)
4(2134 2145 2462 2458)
4(2459 2458 2462 2463)
4(254 2463 2146 255)
4(254 250 2459 2463)
4(252 250 254 255)
4(2146 2463 2414 2120)
4(2119 2415 2462 2145)
4(2462 2415 2414 2463)
4(2119 2120 2414 2415)
4(2414 257 254 2463)
4(256 257 2414 2120)
4(256 255 254 257)
4(1780 2111 1761 1762)
4(1724 1759 1761 2111)
4(2112 2111 1761 2417)
4(1782 2417 1761 1762)
4(2112 2417 1782 1781)
4(2460 2139 2147 2464)
4(2147 2145 2462 2464)
4(2462 2458 2460 2464)
4(2147 2464 2465 2149)
4(2140 2149 2465 2461)
4(2465 2464 2460 2461)
4(2147 2122 2416 2464)
4(2462 2464 2416 2415)
4(2119 2415 2416 2122)
4(2112 2417 2465 2149)
4(2465 2417 2416 2464)
4(2112 2122 2416 2417)
4(2148 2142 1756 1763)
4(1764 1729 2148 1763)
4(2148 2149 2465 1763)
4(1756 1763 2465 2461)
4(2148 1763 1761 2111)
4(1761 2417 2465 1763)
4(273 811 2457 274)
4(805 2144 2457 811)
4(2126 2413 2457 2144)
4(275 274 2457 2413)
5(277 2412 2113 770 278)
4(2113 2412 2411 2123)
4(2126 2123 2411 2413)
4(277 276 2411 2412)
4(275 2413 2411 276)
5(273 278 770 805 811)
4(2419 2458 2462 2436)
4(2435 2463 2459 2422)
4(2462 2463 2435 2436)
4(2460 2464 2437 2428)
4(2462 2436 2437 2464)
4(2434 1754 1765 2438)
4(2434 2438 2465 2461)
4(2465 2438 1765 1763)
4(254 246 2435 2463)
4(237 246 254 250)
4(2435 2463 2414 2410)
4(241 2410 2414 257)
4(241 257 254 246)
4(2407 2436 2462 2415)
4(2407 2415 2414 2410)
4(2403 1783 1768 1769)
4(2403 1769 1766 1750)
4(2403 2417 1761 1769)
4(2403 1783 1782 2417)
4(1765 2438 1747 1746)
4(2403 1769 1765 2438)
4(2437 2438 2465 2464)
4(2416 2464 2437 2404)
4(2403 2438 2465 2417)
4(2403 2417 2416 2404)
4(2407 2404 2416 2415)
4(280 279 2107 2483)
4(2107 811 2457 2483)
4(2457 274 280 2483)
4(273 811 2107 279)
4(283 282 2482 2476)
4(2109 284 283 2476)
4(2482 2110 2109 2476)
4(281 284 2109 2110)
4(286 285 2481 2478)
4(288 287 2480 2477)
4(286 2478 2480 287)
4(2154 2155 2480 2478)
4(2152 2477 2480 2155)
4(260 259 2481 285)
4(2154 2478 2481 2153)
4(248 2153 2481 259)
5(258 249 248 259 260)
4(289 285 2481 2456)
4(2481 2478 2455 2456)
4(286 290 2455 2478)
4(2455 290 289 2456)
4(283 287 2480 2476)
4(2482 2476 2480 2477)
4(283 291 2479 2476)
4(2480 2476 2479 2478)
4(286 2478 2479 291)
4(2479 2476 2109 2108)
4(292 291 2479 2108)
4(292 2108 2109 284)
4(2156 2476 2479 2150)
4(2480 2476 2156 2155)
4(2154 2150 2479 2478)
4(2156 2105 2109 2476)
4(2156 2476 2482 2157)
4(2104 2110 2109 2105)
4(2099 2108 2479 2150)
4(2099 2105 2109 2108)
4(261 259 2481 2456)
4(261 2456 289 262)
4(260 259 261 262)
4(2158 2159 2455 2456)
4(2158 2456 2481 2153)
4(2154 2478 2455 2159)
4(2418 2125 2158 2456)
4(2158 253 261 2456)
4(2418 2456 261 263)
4(252 2125 2418 263)
4(252 263 261 253)
4(2126 2159 2455 2413)
4(2418 2413 2455 2456)
4(2126 2413 2418 2125)
4(248 253 261 259)
4(2479 2108 2107 2483)
4(2479 2483 280 291)
4(292 279 2107 2108)
4(2151 2100 2107 2483)
4(2479 2150 2151 2483)
4(2099 2108 2107 2100)
4(2457 2483 2151 2144)
4(805 2100 2107 811)
4(2455 2159 2151 2483)
4(2479 2478 2455 2483)
4(2457 2483 2455 2413)
4(2455 2483 280 290)
4(275 290 2455 2413)
4(289 293 2418 2456)
4(264 263 2418 293)
4(264 262 261 263)
4(275 293 2418 2413)
4(1714 1772 2488 2116)
4(1773 1715 2115 2489)
4(2115 2116 2488 2489)
4(2488 1772 1773 2489)
4(2121 1721 1774 2490)
4(2488 2116 2121 2490)
4(1774 1772 2488 2490)
4(2115 2489 266 265)
4(266 2489 1773 196)
4(170 265 266 196)
4(2115 2120 2414 2489)
4(2119 2116 2488 2415)
4(2488 2489 2414 2415)
4(266 257 2414 2489)
4(256 257 266 265)
4(2121 1781 1782 2490)
4(1782 1775 1774 2490)
4(2121 2490 2416 2122)
4(2416 2490 2488 2415)
4(2416 2417 1782 2490)
4(1696 1697 2484 2114)
4(2113 2114 2484 2412)
4(277 2412 2484 294)
4(198 294 2484 1697)
4(228 756 770 278)
4(267 265 2117 2486)
4(2117 2118 2485 2486)
4(256 268 2485 2118)
4(267 2486 2485 268)
4(256 265 267 268)
4(2117 2486 1698 1699)
4(1698 2486 267 173)
4(170 173 267 265)
4(2484 2114 2117 2486)
4(1698 1697 2484 2486)
4(2113 2118 2485 2412)
4(2485 2486 2484 2412)
4(2124 255 269 2487)
4(2124 2487 2485 2118)
4(269 268 2485 2487)
4(256 268 269 255)
4(2418 2487 2124 2125)
4(269 2487 2418 263)
4(252 255 269 263)
4(2124 2487 2411 2123)
4(2411 2487 2485 2412)
4(2418 2487 2411 2413)
4(2402 1777 1751 1749)
4(1776 2405 2406 1770)
4(1776 1777 2402 2405)
4(1778 1783 2402 1777)
4(2409 2408 1771 1779)
4(1776 2405 2409 1779)
4(190 1779 2409 244)
4(190 244 243 187)
4(266 244 2409 2489)
4(2414 2489 2409 2410)
4(241 244 266 257)
4(1773 2489 2409 1779)
4(2409 2489 2488 2405)
4(1776 2405 2488 1772)
4(190 196 266 244)
4(2407 2415 2488 2405)
4(1782 2490 2402 1783)
4(2416 2404 2402 2490)
4(2402 2490 1774 1777)
4(2402 2405 2488 2490)
4(277 2412 2485 296)
4(297 2486 2484 294)
4(297 296 2485 2486)
4(2485 296 295 2487)
4(295 276 2411 2487)
4(297 2486 1698 199)
4(267 270 297 2486)
4(174 270 267 173)
4(271 296 2485 268)
4(271 268 267 270)
4(295 2487 269 272)
4(271 272 269 268)
4(2418 293 295 2487)
4(264 263 269 272)
4(779 2101 2492 812)
4(292 303 2492 2108)
4(2099 2108 2492 2101)
4(302 812 2492 303)
4(779 812 813 780)
4(300 814 813 301)
4(786 780 813 814)
4(302 301 813 812)
6(273 811 805 786 814 300)
4(298 284 2109 2491)
3(2109 2110 2491)
4(2103 2101 2492 2491)
3(2491 2492 812)
4(2109 2491 2492 2108)
4(2492 2491 298 303)
4(2109 2105 2103 2491)
4(2495 2603 2698 2498)
4(2698 2603 2602 2757)
4(2602 2546 2545 2757)
4(2495 2546 2602 2603)
4(2495 2498 2545 2546)
5(2660 2615 2608 2703 2665)
4(2663 2666 2702 2664)
4(2665 2703 2702 2666)
4(2616 2664 2702 2609)
4(2608 2609 2702 2703)
5(2663 2664 2616 2634 2662)
5(2663 2662 2660 2665 2666)
4(2660 2662 2634 2615)
5(2634 2616 2609 2608 2615)
4(2665 2668 2701 2703)
4(2667 2700 2701 2668)
4(2613 2612 2701 2700)
4(2608 2703 2701 2612)
5(2667 2668 2665 2660 2661)
4(2660 2615 2614 2661)
5(2608 2612 2613 2614 2615)
4(2607 2622 2704 2699)
4(2607 2699 2762 2605)
4(2637 2605 2762 2758)
4(2704 2622 2637 2758)
4(2607 2605 2637 2622)
4(2669 2725 2732 2672)
4(2710 2672 2732 2723)
4(2737 2711 2710 2723)
4(2732 2725 2737 2723)
4(2669 2672 2710 2711)
4(2732 2672 2671 2724)
4(2738 2725 2732 2724)
4(2671 2670 2738 2724)
4(2669 2670 2671 2672)
4(2503 2675 2765 2508)
4(2503 2674 2766 2675)
4(2766 2674 2673 2760)
4(2765 2675 2766 2760)
4(2673 2508 2765 2760)
4(2503 2508 2673 2674)
4(2592 2591 2735 2727)
4(2676 2728 2735 2677)
4(2722 2727 2735 2728)
4(2590 2677 2735 2591)
4(2676 2675 2765 2728)
4(2507 2761 2765 2508)
4(2722 2728 2765 2761)
6(2503 2675 2676 2677 2590 2504)
5(2590 2591 2592 2505 2504)
6(2503 2504 2505 2506 2507 2508)
4(2733 2728 2732 2723)
4(2710 2714 2733 2723)
4(2676 2672 2732 2728)
4(2676 2714 2710 2672)
4(2676 2728 2733 2714)
4(2710 2723 2734 2718)
4(2719 2711 2710 2718)
4(2719 2718 2734 2729)
3(2723 2732 2730)
4(2721 2730 2732 2725)
4(2722 2728 2732 2730)
3(2722 2733 2728)
4(2713 2718 2710 2714)
4(2713 2714 2733 2726)
4(2713 2726 2734 2718)
4(2736 2724 2735 2727)
4(2735 2724 2593 2591)
4(2593 2724 2736 2594)
4(2592 2594 2736 2727)
4(2592 2591 2593 2594)
4(2735 2724 2732 2728)
4(2671 2724 2735 2677)
4(2676 2672 2671 2677)
4(2736 2730 2732 2724)
4(2738 2731 2736 2724)
4(2671 2597 2593 2724)
4(2738 2724 2593 2596)
4(2595 2597 2671 2670)
4(2595 2596 2593 2597)
4(2590 2677 2671 2597)
4(2590 2597 2593 2591)
4(2598 2731 2736 2594)
4(2598 2594 2593 2596)
7(2680 2676 2714 2713 2744 2623 2745)
4(2623 2744 2748 2629)
4(2719 2746 2748 2718)
4(2713 2718 2748 2744)
4(2633 2629 2748 2746)
4(2623 2629 2749 2745)
4(2682 2681 2749 2747)
4(2680 2745 2749 2681)
4(2633 2747 2749 2629)
6(2669 2672 2676 2680 2681 2682)
4(2618 2692 2750 2621)
4(2693 2712 2750 2692)
4(2623 2621 2750 2744)
4(2713 2744 2750 2712)
4(2684 2691 2751 2685)
4(2618 2621 2751 2691)
4(2623 2745 2751 2621)
4(2680 2685 2751 2745)
4(2693 2674 2766 2712)
4(2713 2712 2766 2714)
4(2676 2714 2766 2675)
7(2503 2683 2684 2685 2680 2676 2675)
4(2684 2683 2690 2691)
4(2618 2691 2690 2692)
4(2503 2674 2690 2683)
4(2693 2692 2690 2674)
4(2618 2692 2753 2619)
4(2753 2692 2750 2739)
4(2620 2619 2753 2739)
4(2750 2621 2620 2739)
4(2618 2619 2620 2621)
4(2756 2716 2717 2740)
3(2717 2705 2740)
4(2705 2706 2756 2740)
4(2701 2741 2686 2668)
4(2754 2687 2686 2741)
4(2701 2703 2754 2741)
4(2665 2687 2754 2703)
4(2665 2668 2686 2687)
4(2688 2666 2702 2742)
4(2694 2689 2688 2742)
4(2702 2664 2694 2742)
4(2663 2666 2688 2689)
4(2663 2689 2694 2664)
4(2695 2692 2753 2743)
4(2636 2743 2753 2619)
4(2636 2635 2695 2743)
4(2618 2692 2695 2635)
4(2618 2635 2636 2619)
4(2715 2739 2753 2708)
4(2715 2712 2750 2739)
4(2693 2708 2753 2692)
4(2693 2712 2715 2708)
4(2753 2699 2704 2739)
3(2704 2715 2739)
3(2699 2753 2708)
4(2704 2739 2620 2622)
4(2607 2619 2753 2699)
4(2607 2622 2620 2619)
4(2752 2739 2750 2744)
4(2620 2739 2752 2624)
4(2623 2624 2752 2744)
4(2623 2621 2620 2624)
4(2715 2739 2752 2720)
4(2704 2707 2752 2739)
3(2720 2752 2707)
4(2713 2744 2752 2720)
4(2713 2720 2715 2712)
4(2625 2707 2752 2624)
4(2625 2622 2704 2707)
4(2625 2624 2620 2622)
4(2748 2740 2752 2744)
4(2752 2740 2628 2624)
4(2628 2740 2748 2629)
4(2623 2624 2628 2629)
4(2717 2740 2748 2718)
4(2756 2746 2748 2740)
4(2719 2716 2717 2718)
4(2717 2720 2752 2740)
4(2705 2740 2752 2707)
4(2705 2632 2628 2740)
4(2756 2740 2628 2631)
4(2630 2632 2705 2706)
4(2630 2631 2628 2632)
4(2713 2718 2717 2720)
4(2625 2707 2705 2632)
4(2625 2632 2628 2624)
4(2633 2629 2628 2631)
4(2686 2696 2755 2741)
4(2755 2700 2701 2741)
4(2667 2696 2686 2668)
4(2754 2741 2749 2745)
4(2749 2741 2626 2629)
4(2626 2741 2754 2611)
4(2623 2611 2754 2745)
4(2623 2629 2626 2611)
4(2749 2741 2686 2681)
4(2755 2741 2749 2747)
4(2682 2681 2686 2696)
4(2626 2741 2755 2627)
4(2701 2741 2626 2612)
4(2613 2612 2626 2627)
4(2680 2745 2754 2687)
4(2680 2687 2686 2681)
4(2633 2627 2626 2629)
4(2608 2703 2754 2611)
4(2608 2611 2626 2612)
4(2688 2687 2754 2742)
4(2702 2742 2754 2703)
4(2665 2687 2688 2666)
4(2751 2742 2694 2691)
4(2688 2742 2751 2685)
4(2684 2689 2688 2685)
4(2684 2691 2694 2689)
4(2610 2742 2694 2617)
4(2610 2621 2751 2742)
4(2618 2617 2694 2691)
4(2618 2621 2610 2617)
4(2702 2609 2610 2742)
4(2616 2664 2694 2617)
4(2616 2617 2610 2609)
4(2751 2742 2754 2745)
4(2754 2742 2610 2611)
4(2623 2611 2610 2621)
4(2680 2685 2688 2687)
4(2608 2609 2610 2611)
4(2753 2743 2709 2708)
4(2709 2743 2695 2678)
4(2693 2708 2709 2678)
4(2693 2678 2695 2692)
4(2698 2699 2753 2743)
3(2709 2698 2743)
4(2698 2603 2636 2743)
4(2607 2603 2698 2699)
4(2607 2619 2636 2603)
4(2497 2501 2695 2743)
4(2497 2743 2636 2496)
4(2500 2635 2695 2501)
4(2500 2496 2636 2635)
4(2500 2501 2497 2496)
4(2709 2499 2497 2743)
4(2497 2498 2698 2743)
3(2498 2497 2499)
4(2502 2678 2709 2499)
4(2502 2501 2695 2678)
4(2502 2499 2497 2501)
4(2495 2603 2636 2496)
4(2495 2496 2497 2498)
4(2762 2605 2602 2757)
4(2607 2603 2602 2605)
3(2602 2757 2606)
3(2604 2762 2605)
4(2604 2605 2602 2606)
4(2547 2606 2602 2546)
3(2547 2546 2545)
3(2637 2638 2758)
4(2604 2638 2637 2605)
4(2637 2640 2763 2758)
3(2639 2763 2640)
4(2639 2640 2637 2638)
4(2625 2640 2763 2707)
4(2625 2622 2637 2640)
3(2759 2642 2641)
4(2642 2759 2763 2640)
4(2639 2641 2642 2640)
4(2767 2759 2642 2643)
4(2644 2643 2642 2641)
4(2642 2759 2705 2632)
4(2625 2640 2642 2632)
4(2630 2632 2642 2643)
4(2766 2712 2764 2760)
4(2693 2697 2764 2712)
4(2693 2674 2673 2697)
4(2766 2714 2733 2760)
4(2713 2712 2764 2726)
4(2765 2728 2733 2760)
3(2765 2760 2761)
3(2507 2673 2508)
3(2715 2764 2712)
3(2693 2697 2708)
3(2713 2720 2726)
3(2717 2734 2718)
3(2599 2594 2736)
4(2592 2594 2599 2600)
4(2598 2601 2599 2594)
3(2679 2678 2709)
4(2502 2678 2679 2509)
3(2502 2509 2499)
4(2693 2697 2679 2678)
4(2794 2786 2793 2789)
4(2583 2786 2794 2584)
4(2793 2786 2583 2582)
4(2581 2789 2793 2582)
4(2581 2584 2794 2789)
5(2572 2571 2590 2770 2790)
4(2770 2769 2795 2790)
4(2574 2573 2795 2791)
4(2572 2790 2795 2573)
4(2768 2791 2795 2769)
6(2768 2769 2770 2590 2597 2595)
5(2570 2595 2597 2590 2571)
4(2771 2772 2792 2773)
4(2575 2773 2792 2576)
4(2770 2790 2792 2772)
4(2572 2576 2792 2790)
5(2771 2504 2590 2770 2772)
5(2548 2504 2771 2773 2575)
4(2548 2571 2590 2504)
4(2577 2580 2796 2788)
4(2796 2580 2579 2787)
4(2797 2788 2796 2787)
4(2579 2578 2797 2787)
4(2581 2580 2796 2789)
4(2774 2789 2796 2775)
4(2776 2775 2796 2788)
5(686 2581 2789 2774 685)
5(684 685 2774 2775 2776)
4(2794 2786 2785 2784)
4(2793 2781 2785 2786)
4(2774 2781 2793 2789)
4(2774 2789 2794 2784)
4(2774 2784 2785 2781)
4(2779 2786 2785 2780)
4(2794 2786 2779 2778)
4(2777 2784 2794 2778)
4(2777 2778 2779 2780)
4(2777 2780 2785 2784)
4(2779 2786 2792 2773)
4(2785 2772 2792 2786)
4(2771 2772 2785 2780)
4(2771 2780 2779 2773)
4(2779 2587 2583 2786)
4(2586 2778 2794 2584)
4(2586 2587 2779 2778)
4(2792 2576 2583 2786)
4(2575 2773 2779 2587)
4(2793 2790 2792 2786)
4(2770 2790 2793 2781)
4(2770 2781 2785 2772)
4(2572 2582 2793 2790)
4(2793 2787 2796 2789)
4(2579 2787 2793 2582)
4(2796 2775 2782 2787)
4(2782 2781 2793 2787)
4(2774 2781 2782 2775)
4(2797 2783 2782 2787)
4(2776 2775 2782 2783)
4(2793 2787 2795 2790)
4(2795 2787 2782 2769)
4(2770 2769 2782 2781)
4(2579 2573 2795 2787)
4(2797 2787 2795 2791)
4(2768 2783 2782 2769)
5(2774 685 688 2777 2784)
5(2586 2778 2777 688 689)
4(2663 2664 2798 2799)
5(2663 2799 2513 2512 2662)
4(2616 2645 2798 2664)
4(2513 2799 2798 2514)
4(2510 2514 2798 2645)
4(2512 2511 2634 2662)
5(2510 2645 2616 2634 2511)
5(2510 2511 2512 2513 2514)
4(2503 2518 2800 2674)
4(2693 2674 2800 2678)
4(2517 2521 2800 2518)
4(2502 2678 2800 2521)
7(2503 2508 2507 2515 2516 2517 2518)
4(2502 2521 2522 2509)
4(2517 2516 2522 2521)
3(2515 2522 2516)
6(2590 2677 2676 2680 2814 2770)
4(2770 2814 2816 2769)
4(2682 2815 2816 2681)
4(2680 2681 2816 2814)
4(2768 2769 2816 2815)
6(2503 2683 2684 2810 2771 2504)
4(2771 2810 2817 2772)
4(2684 2685 2817 2810)
4(2770 2772 2817 2814)
4(2680 2814 2817 2685)
4(2819 2801 2818 2808)
4(2686 2801 2819 2668)
4(2686 2687 2818 2801)
4(2665 2808 2818 2687)
4(2665 2668 2819 2808)
4(2663 2807 2821 2689)
4(2820 2666 2688 2802)
4(2821 2807 2820 2802)
4(2688 2689 2821 2802)
4(2663 2666 2820 2807)
4(2663 2799 2826 2689)
4(2663 2807 2822 2799)
4(2822 2807 2821 2803)
4(2821 2689 2826 2803)
4(2826 2799 2822 2803)
5(2771 2504 2520 2523 2811)
4(2684 2812 2827 2683)
4(2771 2811 2824 2810)
4(2684 2810 2824 2812)
4(2523 2528 2824 2811)
4(2527 2812 2824 2528)
4(2503 2683 2827 2518)
4(2517 2518 2827 2529)
4(2527 2529 2827 2812)
6(2503 2518 2517 2519 2520 2504)
7(2527 2528 2523 2520 2519 2517 2529)
4(2777 2778 2823 2809)
4(2777 2809 2825 2780)
4(2779 2780 2825 2804)
4(2779 2804 2823 2778)
4(2823 2804 2825 2809)
4(2771 2773 2828 2811)
4(2575 2585 2828 2773)
4(2523 2811 2828 2524)
4(2525 2524 2828 2585)
5(2520 2523 2524 2525 2526)
4(2548 2504 2520 2526)
4(2826 2689 2694 2805)
4(2694 2664 2798 2805)
4(2798 2799 2826 2805)
4(2684 2812 2829 2691)
4(2829 2806 2690 2691)
4(2690 2806 2827 2683)
4(2827 2806 2829 2812)
4(2819 2801 2782 2775)
4(2818 2781 2782 2801)
4(2774 2781 2818 2808)
4(2774 2808 2819 2775)
4(2819 2813 2830 2801)
4(2830 2696 2686 2801)
4(2667 2813 2819 2668)
4(2830 2801 2782 2783)
4(2776 2775 2819 2813)
4(2816 2801 2818 2814)
4(2782 2801 2816 2769)
4(2770 2814 2818 2781)
4(2686 2801 2816 2681)
4(2830 2815 2816 2801)
4(2680 2687 2818 2814)
4(2818 2802 2820 2808)
4(2688 2802 2818 2687)
4(2665 2808 2820 2666)
4(2820 2784 2785 2802)
4(2785 2781 2818 2802)
4(2774 2784 2820 2808)
4(2821 2780 2785 2802)
4(2777 2807 2820 2784)
4(2777 2780 2821 2807)
4(2821 2810 2817 2802)
4(2785 2802 2817 2772)
4(2771 2810 2821 2780)
4(2817 2802 2688 2685)
4(2684 2689 2821 2810)
4(2817 2814 2818 2802)
5(2774 685 2660 2665 2808)
5(2663 2662 688 2777 2807)
4(2660 685 688 2662)
4(684 685 2660 2661)
5(2531 2530 688 2777 2809)
4(2777 2807 2822 2809)
4(2513 2532 2822 2799)
4(2531 2809 2822 2532)
4(2512 2662 688 2530)
5(2512 2530 2531 2532 2513)
4(2586 2778 2823 2588)
4(2534 2588 2823 2535)
4(2531 2535 2823 2809)
4(2533 2530 688 689)
5(2531 2530 2533 2534 2535)
4(2825 2780 2821 2803)
4(2825 2803 2822 2809)
4(2824 2810 2821 2803)
4(2825 2811 2824 2803)
4(2771 2811 2825 2780)
4(2826 2803 2824 2812)
4(2684 2689 2826 2812)
4(2825 2538 2541 2803)
4(2824 2803 2541 2528)
4(2523 2538 2825 2811)
4(2523 2528 2541 2538)
4(2822 2803 2541 2532)
4(2541 2803 2826 2542)
4(2513 2542 2826 2799)
4(2513 2532 2541 2542)
4(2531 2809 2825 2538)
4(2531 2538 2541 2532)
4(2527 2812 2826 2542)
4(2527 2542 2541 2528)
4(2828 2804 2779 2773)
4(2828 2811 2825 2804)
4(2589 2587 2779 2804)
4(2823 2588 2589 2804)
4(2828 2804 2589 2585)
4(2539 2804 2828 2524)
4(2825 2804 2539 2538)
4(2523 2538 2539 2524)
4(2589 2804 2539 2540)
4(2823 2535 2539 2804)
4(2534 2540 2539 2535)
4(2525 2524 2539 2540)
4(2531 2535 2539 2538)
4(2829 2691 2694 2805)
4(2829 2805 2826 2812)
4(2646 2617 2694 2805)
4(2829 2635 2646 2805)
4(2618 2635 2829 2691)
4(2618 2617 2646 2635)
4(2646 2645 2798 2805)
4(2616 2645 2646 2617)
4(2829 2536 2544 2805)
4(2646 2805 2544 2543)
4(2500 2536 2829 2635)
4(2500 2635 2646 2543)
4(2500 2543 2544 2536)
4(2826 2805 2544 2542)
4(2544 2805 2798 2514)
4(2513 2542 2544 2514)
4(2527 2812 2829 2536)
4(2527 2536 2544 2542)
4(2510 2543 2646 2645)
4(2510 2514 2544 2543)
4(2695 2806 2690 2692)
4(2695 2635 2829 2806)
4(2800 2674 2690 2806)
4(2827 2518 2800 2806)
4(2800 2678 2695 2806)
4(2537 2536 2829 2806)
4(2537 2806 2695 2501)
4(2500 2536 2537 2501)
4(2537 2806 2827 2529)
4(2800 2806 2537 2521)
4(2517 2521 2537 2529)
4(2527 2529 2537 2536)
4(2502 2501 2537 2521)
5(2647 2849 2850 699 558)
4(699 2850 2634 2511)
5(2647 2649 2634 2850 2849)
5(2647 558 2549 2648 2649)
5(2634 2649 2648 2549 2511)
4(2549 558 699 2511)
4(2647 2650 2872 2869)
4(2870 2869 2872 2871)
4(2852 2851 2870 2871)
4(2872 2650 2852 2871)
4(2647 2869 2870 2851)
4(2647 2851 2852 2650)
4(567 568 2872 2869)
4(586 2650 2872 587)
4(585 587 2872 568)
6(2647 558 557 582 567 2869)
5(2647 2650 586 559 558)
4(2870 570 569 2871)
4(2872 2871 569 568)
4(567 570 2870 2869)
4(2870 2854 2853 2871)
4(2853 579 569 2871)
4(576 2854 2870 570)
4(576 579 2853 2854)
4(2853 2871 2852 2856)
4(2855 2851 2870 2854)
4(2855 2856 2852 2851)
4(2855 2854 2853 2856)
4(2853 594 593 2871)
4(569 2871 593 591)
4(580 594 2853 579)
4(2852 2871 593 595)
4(593 2871 2872 587)
4(586 2650 2852 595)
4(596 595 2852 2856)
4(596 2856 2853 594)
4(2831 2886 2897 2832)
4(2833 2832 2897 2878)
4(2897 2886 2911 2878)
4(2911 2834 2833 2878)
4(2831 2832 2833 2834)
6(699 2850 2918 2876 696 693)
5(2835 2917 2850 699 700)
4(2836 698 695 2895)
4(2876 2895 695 696)
4(2835 2837 2919 2917)
4(2836 2895 2919 2837)
4(2850 2917 2919 2918)
4(2876 2918 2919 2895)
6(2835 700 697 698 2836 2837)
4(2838 2892 2921 2839)
4(2838 2841 2898 2892)
4(2921 2915 2840 2839)
4(2840 2915 2898 2841)
4(2921 2892 2898 2915)
4(2838 2839 2840 2841)
4(2647 2869 2922 2849)
4(2922 2869 2870 2916)
4(2870 2851 2861 2916)
4(2861 2849 2922 2916)
4(2647 2849 2861 2851)
4(576 577 2904 2884)
4(2857 2854 2902 2879)
4(2904 577 2857 2879)
4(2902 2884 2904 2879)
4(576 2884 2902 2854)
4(576 2854 2857 577)
6(484 2891 2875 2890 2877 485)
4(2875 2888 2900 2890)
4(2842 2894 2900 2843)
4(2844 2843 2900 2888)
4(2877 2890 2900 2894)
4(2875 2891 2905 2888)
4(745 2845 2905 744)
4(2844 2888 2905 2845)
4(484 744 2905 2891)
6(743 2842 2843 2844 2845 745)
4(746 2847 2907 749)
4(2907 2847 2846 2880)
4(2846 747 748 2880)
4(748 749 2907 2880)
4(746 747 2846 2847)
4(567 572 2909 2883)
4(571 570 2903 2881)
4(571 2881 2909 572)
4(2909 2881 2903 2883)
4(567 2883 2903 570)
4(578 577 2904 2885)
4(2875 2890 2904 2884)
4(2877 2885 2904 2890)
4(576 575 2908 2884)
4(574 599 2908 575)
4(2875 2884 2908 2891)
4(484 2891 2908 599)
5(573 485 484 599 574)
4(567 2883 2910 582)
4(557 582 2910 2873)
4(693 2873 2910 696)
4(2876 696 2910 2883)
5(557 2873 693 699 558)
4(567 2869 2922 2883)
4(2850 2918 2922 2849)
4(2876 2883 2922 2918)
4(703 2847 2907 702)
4(2907 749 701 702)
4(746 2847 703 704)
4(588 2882 2910 582)
4(2909 2882 588 572)
4(2909 2883 2910 2882)
5(2862 2892 2838 2660 2615)
4(2838 2892 2897 2832)
4(2864 2886 2897 2865)
4(2862 2865 2897 2892)
5(2614 2864 2865 2862 2615)
5(2831 2661 2660 2838 2832)
5(2835 2662 2634 2850 2917)
4(2835 2917 2921 2839)
4(2850 2863 2921 2917)
4(2862 2892 2921 2863)
5(2862 2863 2850 2634 2615)
5(2835 2839 2838 2660 2662)
4(2835 2662 2512 700)
4(2512 2511 699 700)
4(2898 2878 2899 2887)
4(2900 2878 2898 2888)
4(2899 2878 2900 2890)
4(2875 2887 2899 2890)
4(2875 2888 2898 2887)
4(2898 2892 2897 2878)
4(2833 2841 2898 2878)
4(2838 2841 2833 2832)
4(2899 2878 2897 2865)
4(2911 2878 2899 2893)
4(2864 2893 2899 2865)
4(2833 2878 2900 2843)
4(2911 2894 2900 2878)
4(2842 2834 2833 2843)
4(2862 2865 2899 2887)
4(2862 2887 2898 2892)
4(2844 2841 2898 2888)
4(2844 2843 2833 2841)
4(2877 2890 2899 2893)
4(2867 2879 2857 2858)
4(2867 2866 2902 2879)
4(2855 2854 2902 2866)
4(2855 2858 2857 2854)
4(2855 2866 2867 2858)
4(2857 2860 2912 2879)
4(2912 2868 2867 2879)
4(2859 2860 2857 2858)
4(2859 2858 2867 2868)
4(2912 2879 2904 2885)
4(578 577 2857 2860)
4(2899 2879 2902 2887)
4(2904 2879 2899 2890)
4(2875 2887 2902 2884)
4(2867 2879 2899 2865)
4(2912 2893 2899 2879)
4(2864 2868 2867 2865)
4(2862 2866 2902 2887)
4(2862 2865 2867 2866)
4(2901 2880 2905 2888)
4(2906 2880 2901 2889)
4(2905 2880 2906 2891)
4(2875 2891 2906 2889)
4(2875 2889 2901 2888)
4(2846 2880 2901 2848)
4(2901 2880 2907 2895)
4(2836 2895 2907 2847)
4(2836 2848 2901 2895)
4(2836 2847 2846 2848)
4(2846 2845 2905 2880)
4(748 2880 2905 744)
4(745 2845 2846 747)
4(2907 2880 2906 2896)
4(748 492 2906 2880)
4(491 2896 2906 492)
4(491 749 2907 2896)
4(2844 2888 2901 2848)
4(2844 2848 2846 2845)
4(2876 2889 2906 2896)
4(2876 2896 2907 2895)
4(2876 2895 2901 2889)
4(484 492 2906 2891)
4(2908 2881 571 575)
4(2908 2884 2903 2881)
4(576 570 2903 2884)
4(600 590 571 2881)
4(2909 601 600 2881)
4(589 601 2909 572)
4(589 590 600 601)
4(600 599 2908 2881)
4(574 599 600 590)
4(2903 2881 2906 2889)
4(2906 2881 2908 2891)
4(2875 2884 2903 2889)
4(2909 2896 2906 2881)
4(600 2881 2906 492)
4(491 2896 2909 601)
4(491 601 600 492)
4(2876 2883 2909 2896)
4(2876 2889 2903 2883)
4(484 492 600 599)
4(695 2895 2907 702)
4(2836 698 703 2847)
4(705 702 2907 2896)
4(491 497 705 2896)
4(2876 2896 705 696)
4(2874 564 588 2882)
4(2910 2873 2874 2882)
4(557 564 2874 2873)
4(588 592 602 2882)
4(602 601 2909 2882)
4(589 601 602 592)
4(602 2882 2874 603)
4(566 603 2874 564)
4(566 592 602 603)
4(705 2882 2910 696)
4(2874 2882 705 706)
4(693 2873 2874 706)
4(2909 2882 705 2896)
4(602 497 705 2882)
4(491 497 602 601)
4(498 706 2874 603)
4(498 603 602 497)
4(540 562 2914 764)
4(557 2873 2914 562)
4(707 764 2914 709)
4(693 709 2914 2873)
4(539 708 699 558)
4(563 562 2914 2913)
4(563 2913 765 541)
4(765 2913 2914 764)
4(2874 2913 563 564)
4(2874 2873 2914 2913)
4(604 565 563 2913)
4(765 550 604 2913)
4(542 565 604 550)
4(604 603 2874 2913)
4(566 603 604 565)
4(765 2913 710 711)
4(2914 709 710 2913)
4(604 2913 710 500)
4(477 550 604 500)
4(710 2913 2874 706)
4(498 500 604 603)
4(2840 2837 2919 2915)
4(2919 2917 2921 2915)
4(2835 2837 2840 2839)
4(2840 2848 2901 2915)
4(2901 2895 2919 2915)
4(2836 2848 2840 2837)
4(2901 2915 2898 2888)
4(2844 2841 2840 2848)
4(2898 2887 2920 2915)
4(2920 2889 2901 2915)
4(2875 2889 2920 2887)
4(2921 2915 2920 2863)
4(2920 2915 2919 2918)
4(2850 2863 2920 2918)
4(2862 2887 2920 2863)
4(2876 2918 2920 2889)
4(2870 2916 2903 570)
4(2903 2916 2922 2883)
4(2870 2916 2902 2854)
4(2903 2884 2902 2916)
4(2861 2916 2902 2866)
4(2855 2851 2861 2866)
4(2902 2916 2920 2887)
4(2920 2916 2903 2889)
4(2861 2863 2920 2916)
4(2922 2916 2920 2918)
4(2850 2863 2861 2849)
4(2862 2866 2861 2863)
4(2652 2924 2927 2653)
4(2855 2856 2927 2924)
4(605 2653 2927 608)
4(596 608 2927 2856)
7(2647 2851 2855 2924 2652 2655 2649)
6(2647 2649 2651 611 586 2650)
4(2652 2653 2654 2655)
4(2649 2655 2654 2651)
4(605 612 2654 2653)
4(611 2651 2654 612)
7(596 595 586 611 612 605 608)
4(2929 2923 2657 2656)
4(2929 2924 2927 2923)
4(2927 2653 2657 2923)
4(2652 2924 2929 2656)
4(2652 2656 2657 2653)
4(2855 2858 2928 2856)
4(2859 2926 2928 2858)
4(598 597 2928 2926)
4(596 2856 2928 597)
4(2929 2923 2930 2925)
4(2930 2923 2657 2659)
4(2658 2656 2929 2925)
4(2658 2659 2657 2656)
4(2928 2923 2929 2858)
4(2928 2856 2927 2923)
4(2855 2858 2929 2924)
4(2930 2926 2928 2923)
4(2859 2925 2929 2858)
4(607 2923 2927 608)
4(2657 2923 607 606)
4(605 2653 2657 606)
4(605 606 607 608)
4(2928 2923 607 597)
4(2930 609 607 2923)
4(598 597 607 609)
4(596 608 607 597)
4(610 606 2657 2659)
4(610 609 607 606)
6(2862 2866 2855 2924 2652 2615)
5(2652 2655 2649 2634 2615)
5(2614 2658 2656 2652 2615)
4(2831 2832 2938 2933)
4(2938 2832 2833 2931)
4(2833 2834 2944 2931)
4(2944 2933 2938 2931)
5(2835 700 712 715 2946)
4(2836 2937 719 698)
4(717 718 719 2937)
4(2835 2946 2947 2837)
4(2836 2837 2947 2937)
4(715 716 2947 2946)
4(717 2937 2947 716)
4(2838 2839 2948 2935)
4(2838 2935 2939 2841)
4(2840 2945 2948 2839)
4(2939 2945 2840 2841)
4(2939 2935 2948 2945)
4(722 723 2940 2934)
4(2842 2843 2940 2936)
4(2844 2934 2940 2843)
4(724 2936 2940 723)
4(722 2934 2942 721)
4(745 750 2942 2845)
4(2844 2845 2942 2934)
4(720 721 2942 750)
4(746 751 2943 2847)
4(2846 2847 2943 2932)
4(752 747 2846 2932)
4(2943 751 752 2932)
4(2943 2847 703 726)
4(727 751 2943 726)
5(2660 2838 2935 728 685)
4(2838 2832 2938 2935)
4(729 730 2938 2933)
4(728 2935 2938 730)
5(2835 2946 715 688 2662)
4(2835 2839 2948 2946)
4(715 2946 2948 731)
4(728 731 2948 2935)
4(712 2530 2512 700)
4(688 2530 712 715)
4(733 2931 2939 732)
4(2939 2931 2940 2934)
4(2940 2931 733 723)
4(722 732 2939 2934)
4(2939 2931 2938 2935)
4(2833 2931 2939 2841)
4(2833 2843 2940 2931)
4(2944 2931 2940 2936)
4(733 730 2938 2931)
4(2944 734 733 2931)
4(728 2935 2939 732)
4(2844 2934 2939 2841)
4(735 736 2941 2932)
4(2941 2934 2942 2932)
4(735 2932 2942 721)
4(722 2934 2941 736)
4(2943 2932 2941 2937)
4(2941 2932 2846 2848)
4(2836 2847 2943 2937)
4(2836 2937 2941 2848)
4(2846 2932 2942 2845)
4(2942 2932 752 750)
4(2943 738 735 2932)
4(752 2932 735 739)
4(737 738 2943 751)
4(717 2937 2943 738)
4(717 736 2941 2937)
4(2844 2848 2941 2934)
4(719 726 2943 2937)
4(740 738 2943 726)
4(2947 2837 2840 2945)
4(2948 2946 2947 2945)
4(2941 2848 2840 2945)
4(2941 2945 2947 2937)
4(2939 2945 2941 2934)
4(742 732 2939 2945)
4(2941 736 742 2945)
4(2948 731 742 2945)
4(742 716 2947 2945)
4(2649 2651 2965 2648)
4(2549 2648 2965 2550)
4(613 2550 2965 614)
4(611 614 2965 2651)
5(559 558 2549 2550 613)
5(611 586 559 613 614)
4(2953 2952 2951 2964)
4(2951 2950 2963 2964)
4(2963 2954 2953 2964)
4(2949 2954 2963 2950)
4(2949 2950 2951 2952)
4(2949 2952 2953 2954)
4(2951 2964 2965 2648)
4(2953 2651 2965 2964)
4(2649 2952 2951 2648)
4(2649 2651 2953 2952)
4(2951 2964 2552 2551)
4(2965 2550 2552 2964)
4(2549 2648 2951 2551)
4(2549 2551 2552 2550)
4(2963 2964 2552 2554)
4(2553 2950 2963 2554)
4(2553 2551 2951 2950)
4(2553 2554 2552 2551)
4(631 2964 2965 614)
4(2552 2964 631 630)
4(613 2550 2552 630)
4(613 630 631 614)
4(2953 2964 631 621)
4(2963 632 631 2964)
4(617 632 2963 2954)
4(617 2954 2953 621)
4(617 621 631 632)
4(611 621 2953 2651)
4(611 614 631 621)
4(634 2554 2963 632)
4(634 630 2552 2554)
4(634 632 631 630)
4(2956 2966 2602 2603)
4(2602 2966 2555 2546)
4(2956 2556 2555 2966)
4(2495 2556 2956 2603)
4(2495 2546 2555 2556)
4(636 637 2958 2957)
4(2971 2638 2958 637)
4(2604 2967 636 2957)
4(2604 2957 2958 2638)
4(619 637 2958 620)
4(617 2957 636 618)
4(617 620 2958 2957)
4(617 618 619 620)
4(636 637 619 618)
4(2958 637 641 2960)
4(2639 2960 641 2968)
4(2639 2638 2958 2960)
4(622 623 641 2960)
4(622 2960 2958 620)
4(622 620 619 623)
4(619 637 641 623)
4(2961 638 2970 2641)
4(641 638 2961 2960)
4(2639 2960 2961 2641)
4(639 638 2961 2962)
4(627 626 2961 638)
4(625 2962 2961 626)
4(625 626 627 628)
4(627 638 639 628)
4(2644 2641 2961 2962)
4(622 626 2961 2960)
4(622 623 627 626)
4(627 623 641 638)
4(2973 640 636 2957)
4(2973 2606 2972 640)
4(2604 2606 2973 2957)
4(633 632 2973 640)
4(617 2957 2973 632)
4(617 632 633 618)
4(633 640 636 618)
4(642 640 2973 2558)
4(2547 2558 2973 2606)
4(2547 2557 642 2558)
4(634 632 2973 2558)
4(634 2558 642 635)
4(634 635 633 632)
4(633 635 642 640)
4(2602 2966 2959 2605)
4(2973 2957 2959 2966)
4(2602 2606 2973 2966)
4(2604 2605 2959 2957)
4(2956 2966 2959 2955)
4(2607 2603 2956 2955)
4(2607 2955 2959 2605)
4(2959 2966 2963 2954)
4(2963 2966 2973 632)
4(617 2957 2959 2954)
4(2963 2950 2956 2966)
4(2949 2955 2956 2950)
4(2949 2954 2959 2955)
4(2555 2558 2973 2966)
4(2547 2558 2555 2546)
4(2963 2554 2555 2966)
4(2553 2950 2956 2556)
4(2553 2556 2555 2554)
4(634 2554 2555 2558)
4(2997 2986 2996 2993)
4(2997 2609 2610 2986)
4(2610 2611 2996 2986)
4(2608 2993 2996 2611)
4(2608 2609 2997 2993)
4(2976 2991 2999 2977)
4(2999 2991 3004 2987)
4(2978 2977 2999 2987)
4(3004 2979 2978 2987)
4(2976 2977 2978 2979)
4(2982 2988 3001 2975)
4(3001 2988 3000 2994)
4(2982 2985 3000 2988)
4(2984 2994 3000 2985)
4(2984 2975 3001 2994)
4(2984 2985 2982 2975)
4(2976 2977 3002 2992)
4(3002 2977 2981 2989)
4(3005 2992 3002 2989)
4(2981 2980 3005 2989)
4(2976 2980 2981 2977)
4(2613 2991 2999 2612)
4(2608 2612 2999 2993)
4(2984 2993 2999 2977)
4(2984 2977 3002 2994)
4(2652 2994 3002 2656)
4(2658 2656 3002 2992)
6(2652 2615 2608 2993 2984 2994)
4(2949 2950 3003 2995)
6(2949 2995 2616 2634 2649 2952)
4(2616 2995 3003 2645)
4(2553 2559 3003 2950)
4(2510 2645 3003 2559)
6(2510 2559 2553 2551 2549 2511)
4(2949 2955 2998 2995)
4(3003 2995 2998 2990)
4(2998 2955 2956 2990)
4(2956 2950 3003 2990)
4(2997 2986 2974 2975)
4(2974 2986 2996 2983)
4(2984 2983 2996 2993)
4(2984 2993 2997 2975)
4(2984 2975 2974 2983)
4(2998 2995 2997 2986)
4(2974 2955 2998 2986)
4(2949 2975 2997 2995)
4(2949 2955 2974 2975)
4(2610 2986 2998 2617)
4(2616 2995 2997 2609)
4(2616 2617 2998 2995)
4(2998 2619 2620 2986)
4(2610 2986 2620 2621)
4(2618 2619 2998 2617)
4(2620 2986 2974 2622)
4(2607 2955 2998 2619)
4(2607 2622 2974 2955)
4(2620 2624 2996 2986)
4(2623 2611 2996 2624)
4(2625 2624 2996 2983)
4(2625 2983 2974 2622)
4(2626 2987 2999 2612)
4(2626 2627 3004 2987)
4(2999 2993 2996 2987)
4(2626 2987 2996 2611)
4(2996 2987 2978 2983)
4(2984 2983 2978 2977)
4(2628 2987 2996 2624)
4(2626 2987 2628 2629)
4(2628 2632 2978 2987)
4(2628 2987 3004 2631)
4(2630 2979 2978 2632)
4(2625 2632 2978 2983)
4(3001 2952 2953 2988)
4(2953 2954 2982 2988)
4(2949 2952 3001 2975)
4(2949 2975 2982 2954)
4(2654 2655 3001 2988)
4(3000 2653 2654 2988)
4(2652 2653 3000 2994)
4(2652 2994 3001 2655)
4(2953 2988 2654 2651)
4(2649 2655 3001 2952)
4(2654 2988 615 612)
4(615 2988 3000 616)
4(605 616 3000 2653)
4(605 612 615 616)
4(2953 621 615 2988)
4(2982 2988 615 620)
4(617 2954 2982 620)
4(617 620 615 621)
4(611 621 615 612)
4(622 2985 3000 616)
4(622 620 2982 2985)
4(622 616 615 620)
4(3000 2989 3002 2994)
4(2981 2989 3000 2985)
4(2984 2977 2981 2985)
4(3002 2656 2657 2989)
4(2657 2653 3000 2989)
4(2657 2989 3005 2659)
4(2657 606 624 2989)
4(624 616 3000 2989)
4(605 616 624 606)
4(3005 2989 624 629)
4(624 2989 2981 626)
4(625 626 2981 2980)
4(625 629 624 626)
4(610 606 624 629)
4(622 2985 2981 626)
4(622 626 624 616)
4(2646 2617 2998 2990)
4(2646 2990 3003 2645)
4(2636 2619 2998 2990)
4(2636 2990 2646 2635)
4(2956 2990 2636 2603)
4(2560 2559 3003 2990)
4(2956 2556 2560 2990)
4(2553 2559 2560 2556)
4(2646 2543 2560 2990)
4(2636 2990 2560 2496)
4(2500 2496 2560 2543)
4(2510 2543 2560 2559)
4(2495 2556 2560 2496)
4(2959 3006 2637 2605)
4(2959 2957 2958 3006)
4(2958 2638 2637 3006)
4(2978 2979 3009 3007)
4(3009 2980 2981 3007)
4(2981 2977 2978 3007)
4(2959 3006 2974 2955)
4(2974 3006 2637 2622)
4(2982 3006 2959 2954)
4(2982 620 2958 3006)
4(2974 2975 2982 3006)
4(2637 3006 3008 2640)
4(3008 3006 2958 2960)
4(2639 2640 3008 2960)
4(2974 2983 3008 3006)
4(2982 3006 3008 2985)
4(2984 2985 3008 2983)
4(2625 2983 3008 2640)
4(622 2960 3008 2985)
4(2642 2640 3008 3007)
4(2642 3007 2961 2641)
4(2961 3007 3008 2960)
4(2978 2632 2642 3007)
4(3009 3007 2642 2643)
4(3009 2962 2961 3007)
4(2981 3007 2961 626)
4(2978 3007 3008 2983)
4(3008 3007 2981 2985)
6(2505 2592 3025 3010 2564 2569)
4(3015 3018 3028 3023)
4(3019 3023 3028 2600)
4(2592 2600 3028 3025)
4(3010 3025 3028 3018)
4(2565 2566 2567 2568)
4(2562 2568 2567 2563)
4(2564 2563 2567 2569)
4(2505 2569 2567 2566)
6(2590 2571 3010 3025 2592 2591)
4(2592 3025 3029 2594)
4(3012 3026 3029 3011)
4(3010 3011 3029 3025)
4(2598 2594 3029 3026)
5(2548 2564 2569 2505 2504)
4(3017 3014 3027 3021)
4(3027 3022 3030 3021)
4(3030 3016 3017 3021)
4(3027 3021 3028 3023)
4(3028 3021 3017 3018)
4(2599 3024 3027 3021)
4(2599 3021 3028 2600)
4(3030 3021 2599 2601)
4(3028 3025 3029 3021)
4(2599 3021 3029 2594)
4(3017 3021 3029 3011)
4(3029 3021 3030 3026)
4(2549 2550 3182 3140)
4(3141 3140 3182 3174)
4(613 670 3182 2550)
4(669 3174 3182 670)
5(539 3141 3174 669 666)
5(539 558 2549 3140 3141)
5(669 670 613 559 666)
4(3165 2551 2552 3181)
4(3182 3140 3165 3181)
4(2552 2550 3182 3181)
4(2549 2551 3165 3140)
4(3180 3181 3165 3166)
4(3180 2554 2552 3181)
4(2553 2554 3180 3166)
4(2553 3166 3165 2551)
4(3165 3168 3176 3181)
4(3176 3175 3180 3181)
4(3167 3166 3180 3175)
4(3167 3175 3176 3168)
4(3167 3168 3165 3166)
4(3176 3181 3182 3174)
4(3141 3168 3176 3174)
4(3141 3140 3165 3168)
4(671 3181 2552 630)
4(3182 3181 671 670)
4(613 670 671 630)
4(3180 3181 671 673)
4(671 3181 3176 674)
4(672 3175 3180 673)
4(672 674 3176 3175)
4(672 673 671 674)
4(634 673 3180 2554)
4(634 630 671 673)
4(669 3174 3176 674)
4(669 674 671 670)
4(3112 3179 3187 3113)
4(3112 3115 3177 3179)
4(3114 3113 3187 3202)
4(3187 3179 3177 3202)
4(3112 3113 3114 3115)
4(3169 3183 3187 3113)
4(3178 3183 3169 3170)
4(3178 3179 3187 3183)
4(3112 3179 3178 3170)
4(3112 3170 3169 3113)
4(3186 678 642 2558)
4(3185 678 3186 3184)
4(2547 3184 3186 2558)
4(676 678 3186 673)
4(677 3143 3186 678)
4(672 673 3186 3143)
4(672 3143 677 675)
4(672 675 676 673)
4(677 678 676 675)
4(634 2558 3186 673)
4(634 673 676 635)
4(676 678 642 635)
4(3144 3143 3186 3184)
4(3144 3142 677 3143)
4(3187 2546 2555 3183)
4(2555 2556 3169 3183)
4(2495 3113 3169 2556)
4(2495 2546 3187 3113)
4(3180 3175 3178 3183)
4(3169 3166 3180 3183)
4(3167 3170 3178 3175)
4(3167 3166 3169 3170)
4(3186 2558 2555 3183)
4(3186 3183 3187 3184)
4(2547 3184 3187 2546)
4(3180 673 3186 3183)
4(3178 3183 3186 3143)
4(672 3175 3178 3143)
4(3180 3183 2555 2554)
4(2553 2556 3169 3166)
4(3144 3143 3178 3179)
4(3144 3179 3187 3184)
4(3116 3148 3193 3117)
4(3118 3117 3193 3188)
4(3194 3188 3193 3148)
4(3116 3119 3194 3148)
4(3116 3117 3118 3119)
4(3116 3150 3196 3117)
4(3196 3150 3149 3189)
4(3193 3117 3196 3189)
4(3149 3148 3193 3189)
4(3116 3148 3149 3150)
5(539 3141 3192 3151 529)
4(3151 3192 3197 3152)
4(3141 3174 3197 3192)
4(651 3152 3197 679)
4(669 679 3197 3174)
5(3151 3152 651 647 529)
5(647 651 679 669 666)
4(3153 3191 3195 3154)
4(3198 3190 3195 3191)
4(3155 3190 3198 3156)
4(3195 3190 3155 3154)
4(3153 3156 3198 3191)
4(3153 3154 3155 3156)
5(3135 3141 3192 3151 3080)
4(766 3080 3151 529)
4(539 3141 3135 708)
4(3135 3080 766 708)
4(3116 3150 3164 3120)
4(3164 3150 3196 3173)
4(3196 3117 3121 3173)
4(3164 3173 3121 3120)
4(3116 3120 3121 3117)
4(3177 3179 3193 3188)
4(3112 3117 3193 3179)
4(3112 3115 3118 3117)
3(3188 3193 3146)
4(3145 3146 3193 3148)
3(3145 3148 3194)
4(3144 3179 3193 3146)
3(3144 3177 3179)
4(3195 3189 3196 3191)
4(3195 3154 3149 3189)
4(3153 3191 3196 3150)
4(3153 3150 3149 3154)
4(3196 3170 3178 3189)
4(3178 3175 3195 3189)
4(3167 3191 3195 3175)
4(3167 3170 3196 3191)
4(3178 3189 3193 3179)
4(3112 3117 3196 3170)
4(3195 680 3160 3189)
4(3160 3159 3149 3189)
4(660 680 3195 3154)
4(660 3159 3160 680)
4(660 3154 3149 3159)
4(3178 3143 3160 3189)
4(672 3175 3195 680)
4(672 680 3160 3143)
4(3160 3146 3193 3189)
4(3145 3146 3160 3159)
4(3145 3159 3149 3148)
4(3144 3143 3160 3146)
4(3147 3162 3194 3148)
4(3116 3122 3147 3148)
3(3116 3119 3122)
4(3145 3148 3147 3161)
4(3176 3168 3198 3190)
4(3195 3175 3176 3190)
4(3167 3191 3198 3168)
4(3198 3192 3197 3190)
4(3197 3152 3155 3190)
4(3151 3192 3198 3156)
4(3151 3156 3155 3152)
4(3176 3174 3197 3190)
4(3141 3168 3198 3192)
4(681 680 3195 3190)
4(681 3190 3155 663)
4(660 663 3155 3154)
4(660 680 681 663)
4(3176 3190 681 674)
4(672 674 681 680)
4(3197 679 681 3190)
4(651 3152 3155 663)
4(651 663 681 679)
4(669 679 681 674)
4(3153 3163 3199 3191)
4(3167 3191 3199 3172)
4(3133 3172 3199 3132)
4(3081 3132 3199 3163)
6(3167 3172 3133 3135 3141 3168)
6(3151 3080 3081 3163 3153 3156)
5(3081 3080 3135 3133 3132)
4(3123 3158 3164 3120)
4(3123 3122 3157 3158)
4(3116 3150 3157 3122)
4(3164 3158 3157 3150)
4(3116 3122 3123 3120)
4(3124 3085 3164 3120)
4(3086 3158 3164 3085)
4(3086 3125 3123 3158)
4(3124 3120 3123 3125)
4(3124 3125 3086 3085)
4(3196 3173 3199 3191)
4(3199 3173 3164 3163)
4(3153 3163 3164 3150)
4(3171 3170 3196 3173)
4(3199 3172 3171 3173)
4(3167 3170 3171 3172)
4(3112 3126 3171 3170)
4(3121 3173 3171 3126)
4(3112 3117 3121 3126)
4(3131 3085 3164 3173)
4(3131 3173 3121 3127)
4(3124 3127 3121 3120)
4(3124 3085 3131 3127)
4(3131 3173 3199 3132)
4(3133 3172 3171 3134)
4(3171 3173 3131 3134)
4(3133 3134 3131 3132)
4(3081 3085 3164 3163)
4(3081 3132 3131 3085)
4(2553 2559 3201 3166)
4(3201 3200 3169 3166)
4(3201 2559 2560 3200)
4(3169 3200 2560 2556)
4(3167 3172 3201 3166)
4(3133 3136 3201 3172)
4(2510 2559 3201 3136)
5(2549 2511 3135 3141 3140)
5(3135 2511 2510 3136 3133)
4(3171 3172 3201 3200)
4(3169 3170 3171 3200)
4(3137 3200 2560 2543)
4(2560 3200 3128 2496)
4(3128 3200 3137 3129)
4(2500 2496 3128 3129)
4(2500 3129 3137 2543)
4(3137 3136 3201 3200)
4(3137 3200 3171 3134)
4(3133 3136 3137 3134)
4(3128 3200 3169 3113)
4(3171 3200 3128 3126)
4(3112 3126 3128 3113)
4(2510 2543 3137 3136)
4(2495 3113 3128 2496)
4(3130 3126 3171 3134)
4(3130 3129 3128 3126)
4(3130 3134 3137 3129)
4(3130 3126 3121 3127)
4(3130 3127 3131 3134)
4(2545 2546 3187 3202)
4(2495 2498 3114 3113)
3(3187 3184 3202)
3(3208 3157 3122)
4(3157 3204 3147 3122)
4(3220 3204 3157 3208)
3(3220 3147 3204)
4(3151 3152 3222 3214)
4(546 3214 3222 652)
4(651 650 3222 3152)
4(649 652 3222 650)
5(507 529 3151 3214 546)
5(507 653 648 647 529)
5(647 648 649 650 651)
6(507 546 652 649 648 653)
4(3203 3212 3223 3210)
4(3203 3209 3219 3212)
4(3219 3209 3224 3205)
4(3224 3210 3223 3205)
4(3223 3212 3219 3205)
4(3203 3210 3224 3209)
4(3203 3211 3226 3210)
4(3223 3210 3226 3206)
4(3225 3212 3223 3206)
4(3157 3158 3229 3208)
3(3229 3158 3123)
4(3203 3213 3228 3210)
4(3226 3210 3228 3207)
3(3228 3213 3207)
4(682 683 3160 680)
4(658 3159 3160 683)
4(660 3159 658 659)
4(682 659 658 683)
4(660 659 682 680)
4(677 683 3160 3143)
4(682 683 677 675)
4(672 680 682 675)
4(3160 683 3217 3146)
4(3145 3216 658 3159)
4(3157 3204 3149 3150)
4(3147 3148 3149 3204)
4(3157 3209 3219 3204)
4(3219 3212 3220 3204)
4(3203 3209 3157 3208)
4(3219 3204 3149 3154)
4(3153 3209 3219 3154)
4(3153 3150 3157 3209)
4(3219 3204 3218 661)
4(3218 3204 3149 3159)
4(660 661 3218 3159)
4(660 3154 3219 661)
4(3220 3204 3218 3215)
4(662 3215 3218 661)
4(662 661 3219 3212)
4(3218 3161 3147 3204)
3(3161 3218 3215)
4(3145 3159 3218 3161)
4(645 661 3218 644)
4(658 644 3218 3159)
4(658 659 645 644)
4(660 661 645 659)
4(3218 644 643 3215)
4(643 644 645 646)
4(662 646 645 661)
4(3221 3161 3218 644)
4(3224 3205 3155 3156)
4(3155 3205 3219 3154)
4(3153 3209 3224 3156)
4(3224 3205 3222 3214)
4(3155 3152 3222 3205)
4(3151 3156 3224 3214)
4(3223 3205 3222 652)
4(546 3210 3223 652)
4(546 3214 3224 3210)
4(3219 661 664 3205)
4(664 663 3155 3205)
4(660 663 664 661)
4(3223 665 664 3205)
4(662 665 3223 3212)
4(662 661 664 665)
4(3222 3205 664 650)
4(651 650 664 663)
4(649 652 3223 665)
4(649 665 664 650)
4(3226 3206 654 545)
4(3223 652 654 3206)
4(546 3210 3226 545)
4(546 545 654 652)
3(654 655 3206)
3(544 545 3226)
4(544 655 654 545)
4(3223 3206 667 665)
4(662 665 667 668)
4(667 3206 654 657)
4(656 657 654 655)
4(649 652 654 657)
6(3151 3080 774 773 546 3214)
4(3203 3213 3227 3209)
4(3153 3209 3227 3163)
4(3083 3082 3227 3213)
4(3081 3163 3227 3082)
4(546 773 3228 3210)
4(3083 3213 3228 3084)
4(774 3084 3228 773)
6(774 3080 3081 3082 3083 3084)
4(766 3080 774 768)
4(3227 3209 3157 3158)
4(3229 3213 3227 3158)
4(3164 3158 3227 3163)
4(3086 3082 3227 3158)
4(3086 3158 3229 3088)
4(3083 3082 3086 3088)
4(3081 3085 3086 3082)
3(3088 3086 3125)
4(3226 545 775 3207)
4(3228 3207 775 773)
3(776 775 3207)
4(775 3207 3087 778)
4(777 778 3087 3089)
4(3087 3207 3228 3084)
3(3083 3087 3084)
4(774 3084 3087 778)
4(699 2511 3135 708)
4(759 769 3033 3032)
4(759 3032 2494 756)
4(770 3031 3033 769)
4(2494 3031 770 756)
4(771 3090 3138 758)
4(759 758 3138 3032)
4(3138 3090 3033 3032)
4(771 769 3033 3090)
4(757 3139 3135 708)
4(757 700 2512 3139)
4(3135 3139 2512 2511)
4(757 3139 3091 772)
4(3091 3139 3135 3080)
4(766 772 3091 3080)
4(757 758 3138 3139)
4(3138 758 712 2530)
4(2512 3139 3138 2530)
4(3138 3139 3091 3090)
4(3091 772 771 3090)
4(2533 2493 755 760)
4(759 3032 2533 760)
4(755 2493 2494 756)
4(761 760 2533 689)
4(755 754 692 2493)
4(712 2530 2533 760)
4(3138 3032 2533 2530)
4(3252 3115 3114 3253)
3(3114 3251 3253)
4(3251 3250 3252 3253)
3(3115 3252 3250)
4(3128 3113 3114 3253)
4(3252 3126 3128 3253)
4(3112 3126 3252 3115)
4(2497 2498 3114 3253)
4(2497 3253 3128 2496)
4(3251 3253 2497 2499)
4(2497 3253 3231 2501)
4(3231 3253 3128 3129)
4(2500 2501 3231 3129)
4(3231 3253 3251 3234)
4(3252 3253 3231 3233)
4(3232 3250 3252 3233)
4(3232 3234 3251 3250)
4(3232 3233 3231 3234)
4(2502 2499 3251 3234)
4(2502 3234 3231 2501)
4(3130 3233 3252 3126)
4(3130 3129 3231 3233)
4(3248 3254 3118 3119)
4(3121 3117 3118 3254)
4(3248 3120 3121 3254)
4(3116 3120 3248 3119)
3(3249 3254 3118)
4(3249 3247 3248 3254)
4(3118 3254 3252 3115)
4(3252 3254 3121 3126)
4(3252 3250 3249 3254)
4(3235 3254 3248 3230)
4(3235 3127 3121 3254)
4(3124 3230 3248 3120)
4(3124 3127 3235 3230)
4(3249 3254 3235 3236)
4(3235 3254 3252 3233)
4(3232 3250 3249 3236)
4(3232 3236 3235 3233)
3(3230 3235 3236)
4(3130 3233 3235 3127)
3(3123 3120 3248)
3(3124 3230 3125)
3(3237 3056 3055)
3(3054 3057 3238)
4(3054 3238 3237 3055)
4(3054 3055 3056 3057)
4(2505 3055 3237 2506)
4(2505 2566 3056 3055)
4(3239 3255 3058 3059)
4(3060 3242 3239 3059)
4(3060 3059 3058 3061)
4(3054 3059 3239 3238)
4(3054 3057 3058 3059)
3(3243 3234 3251)
3(3232 3246 3250)
4(3232 3234 3243 3246)
4(2502 2509 3243 3234)
4(3232 3246 3245 3236)
3(3100 3096 3259)
3(3256 3099 3101)
4(3259 3096 3099 3256)
4(3100 3101 3099 3096)
4(3259 3065 3064 3096)
4(3100 3096 3064 3063)
3(3105 3257 3104)
4(3257 3256 3099 3104)
4(3099 3101 3105 3104)
3(3258 3106 3107)
4(3106 3258 3257 3104)
4(3106 3104 3105 3107)
3(3109 3260 3110)
4(3106 3110 3260 3258)
4(3109 3110 3106 3107)
4(3086 3125 3260 3110)
4(3086 3110 3109 3088)
5(3261 3262 3133 3135 3139)
4(3261 3295 3296 3262)
5(3261 3139 2512 2513 3295)
4(2513 2514 3296 3295)
4(3133 3262 3296 3136)
4(2510 3136 3296 2514)
5(3261 3264 3092 3091 3139)
4(3092 3264 3263 3093)
4(3261 3262 3263 3264)
4(3133 3132 3263 3262)
4(3081 3093 3263 3132)
5(3091 3092 3093 3081 3080)
4(3054 3238 3302 3062)
4(2517 2519 3302 2516)
4(2515 2516 3302 3238)
4(2520 3062 3302 2519)
6(2520 2504 2505 3055 3054 3062)
4(3299 3298 3301 3300)
4(3301 3266 3270 3300)
4(3270 3269 3299 3300)
4(3265 3298 3299 3269)
4(3265 3269 3270 3266)
4(3265 3266 3301 3298)
4(3232 3234 3297 3268)
4(3232 3268 3267 3246)
4(3297 3345 3267 3268)
4(3243 3345 3297 3234)
4(3239 3238 3302 3300)
4(3239 3300 3066 3059)
4(3066 3300 3302 3062)
4(3054 3059 3066 3062)
4(3301 3300 3302 2516)
4(3302 3300 3299 2519)
4(2517 2519 3299 3298)
4(2517 3298 3301 2516)
4(3239 3300 3301 3241)
4(3270 3300 3239 3242)
4(3240 3241 3301 3266)
4(3240 3266 3270 3242)
4(3270 3069 3066 3300)
4(3299 3300 3066 3068)
4(3067 3269 3299 3068)
4(3067 3069 3270 3269)
4(3067 3068 3066 3069)
4(2515 2516 3301 3241)
4(3060 3242 3270 3069)
4(3060 3069 3066 3059)
4(2520 3068 3299 2519)
4(2520 3062 3066 3068)
4(3034 3070 3311 3037)
7(2520 2523 3308 3275 3280 3067 3068)
4(3038 3037 3311 3276)
4(3067 3280 3311 3070)
4(3275 3276 3311 3280)
4(2523 2524 3312 3308)
4(3038 3276 3312 3042)
4(2525 3042 3312 2524)
4(3275 3308 3312 3276)
6(3034 2526 2520 3068 3067 3070)
4(3311 3037 3036 3303)
4(3071 3070 3311 3303)
4(3036 3035 3071 3303)
4(3034 3070 3071 3035)
4(3265 3272 3315 3298)
4(3315 3272 3271 3304)
4(3297 3298 3315 3304)
4(3271 3268 3297 3304)
4(3265 3268 3271 3272)
4(3265 3298 3297 3268)
4(3043 3284 3313 3044)
4(3283 3046 3045 3305)
4(3313 3284 3283 3305)
4(3045 3044 3313 3305)
4(3043 3046 3283 3284)
4(3290 3272 3315 3310)
4(2517 2529 3315 3298)
4(2527 3310 3315 2529)
4(2523 3308 3318 2528)
4(3290 3310 3318 3294)
4(3275 3294 3318 3308)
4(2527 2528 3318 3310)
4(3265 3272 3285 3269)
4(3290 3294 3285 3272)
4(3067 3269 3285 3280)
4(3275 3280 3285 3294)
4(3261 3273 3319 3295)
4(3261 3295 3314 3286)
4(3287 3286 3314 3306)
4(3319 3273 3287 3306)
4(3314 3295 3319 3306)
4(3261 3286 3287 3273)
4(3274 3273 3319 3307)
4(3319 3295 3296 3307)
4(3296 3262 3274 3307)
4(3261 3273 3274 3262)
5(3138 3288 3309 2531 2530)
4(3288 3284 3313 3309)
4(2534 2535 3313 3044)
4(2531 3309 3313 2535)
5(3043 3284 3288 3138 3032)
4(3288 3309 3314 3286)
4(2513 3295 3314 2532)
4(2531 2532 3314 3309)
5(3261 3139 3138 3288 3286)
4(3279 3303 3277 3278)
4(3282 3291 3277 3303)
4(3282 3303 3279 3281)
4(3292 3278 3277 3291)
4(3292 3281 3279 3278)
4(3292 3291 3282 3281)
4(3277 3303 3311 3276)
4(3277 3039 3036 3303)
4(3038 3039 3277 3276)
4(3279 3280 3311 3303)
4(3279 3303 3071 3072)
4(3067 3280 3279 3072)
4(3067 3072 3071 3070)
4(3282 3303 3036 3040)
3(3071 3303 3282)
4(3275 3276 3277 3278)
4(3275 3278 3279 3280)
4(3041 3291 3277 3039)
4(3041 3040 3282 3291)
3(3072 3279 3281)
4(2537 3304 3316 2536)
4(3231 3304 2537 2501)
4(3316 3304 3231 3129)
4(2500 2536 3316 3129)
4(3316 3304 3315 3310)
4(3271 3304 3316 3289)
4(3290 3289 3316 3310)
4(3290 3272 3271 3289)
4(2537 2529 3315 3304)
4(3297 2521 2537 3304)
4(2517 2521 3297 3298)
4(3297 3304 3231 3234)
4(3271 3233 3231 3304)
4(3232 3233 3271 3268)
4(2527 3310 3316 2536)
4(2502 3234 3297 2521)
4(3130 3129 3316 3289)
4(3130 3289 3271 3233)
4(2539 2524 3312 3305)
4(2539 3305 3317 2538)
4(3317 3305 3312 3308)
4(2523 2538 3317 3308)
4(3312 3042 3045 3305)
4(3312 3305 3283 3276)
4(3038 3276 3283 3046)
4(3317 3305 3313 3309)
4(3283 3305 3317 3293)
4(3288 3293 3317 3309)
4(3288 3284 3283 3293)
4(2539 3305 3045 2540)
4(2539 2535 3313 3305)
4(2531 3309 3317 2538)
4(3275 3308 3317 3293)
4(3275 3293 3283 3276)
4(2541 2538 3317 3306)
4(3318 3306 3317 3308)
4(2541 3306 3318 2528)
4(3314 3306 3317 3309)
4(3317 3306 3287 3293)
4(3288 3293 3287 3286)
4(3287 3306 3318 3294)
4(3319 3310 3318 3306)
4(3290 3310 3319 3273)
4(3290 3273 3287 3294)
4(2541 3306 3314 2532)
4(3319 3306 2541 2542)
4(2513 3295 3319 2542)
4(3275 3294 3287 3293)
4(2527 2542 3319 3310)
4(3316 3307 2544 2536)
4(3137 2543 2544 3307)
4(3137 3307 3316 3129)
4(3316 3310 3319 3307)
4(3274 3289 3316 3307)
4(3290 3289 3274 3273)
4(2544 3307 3319 2542)
4(3296 3307 2544 2514)
4(3137 3307 3296 3136)
4(3274 3307 3137 3134)
4(3133 3262 3274 3134)
4(3130 3134 3274 3289)
4(3043 3048 3334 3284)
4(3334 3048 3047 3321)
4(3283 3284 3334 3321)
4(3047 3046 3283 3321)
4(3265 3327 3337 3269)
4(3265 3272 3338 3327)
4(3338 3272 3285 3322)
4(3337 3327 3338 3322)
4(3285 3269 3337 3322)
4(3290 3273 3340 3328)
4(3290 3328 3335 3294)
4(3340 3323 3335 3328)
4(3287 3323 3340 3273)
4(3287 3294 3335 3323)
4(3320 3108 3106 3258)
4(3320 3330 3102 3108)
4(3102 3330 3257 3104)
4(3320 3258 3257 3330)
4(3106 3108 3102 3104)
4(3265 3266 3341 3327)
4(3265 3327 3342 3268)
4(3267 3268 3342 3324)
4(3341 3266 3267 3324)
4(3265 3268 3267 3266)
4(3270 3266 3341 3346)
4(3337 3269 3270 3346)
4(3271 3272 3338 3325)
4(3338 3327 3342 3325)
4(3342 3268 3271 3325)
4(3049 3048 3334 3095)
4(3097 3095 3334 3332)
4(3288 3332 3334 3284)
5(3097 3332 3288 3138 3090)
5(3033 3049 3095 3097 3090)
4(3290 3289 3343 3328)
4(3340 3328 3343 3326)
4(3340 3326 3274 3273)
4(3274 3326 3343 3289)
4(3320 3108 3111 3331)
4(3260 3331 3111 3110)
4(3320 3331 3260 3258)
4(3111 3108 3106 3110)
4(3334 3095 3094 3321)
4(3047 3321 3094 3050)
4(3049 3050 3094 3095)
4(3334 3332 3333 3321)
4(3333 3098 3094 3321)
4(3097 3098 3333 3332)
4(3097 3095 3094 3098)
4(3283 3293 3333 3321)
4(3288 3332 3333 3293)
4(3277 3321 3333 3278)
4(3277 3291 3094 3321)
4(3292 3278 3333 3098)
4(3292 3098 3094 3291)
4(3283 3321 3277 3276)
4(3047 3039 3277 3321)
4(3275 3293 3333 3278)
4(3041 3291 3094 3050)
4(3338 3328 3335 3322)
4(3285 3322 3335 3294)
4(3290 3328 3338 3272)
4(3338 3329 3336 3322)
4(3336 3330 3335 3322)
4(3320 3328 3335 3330)
4(3320 3329 3338 3328)
4(3320 3330 3336 3329)
3(3337 3336 3322)
3(3327 3338 3329)
4(3279 3322 3337 3072)
4(3279 3281 3336 3322)
4(3285 3280 3279 3322)
4(3067 3269 3337 3072)
4(3335 3322 3279 3278)
4(3292 3330 3335 3278)
4(3292 3281 3336 3330)
4(3275 3278 3335 3294)
4(3340 3323 3102 3108)
4(3335 3330 3102 3323)
4(3320 3328 3340 3108)
4(3333 3332 3339 3323)
4(3339 3103 3102 3323)
4(3102 3098 3333 3323)
4(3097 3103 3339 3332)
4(3097 3098 3102 3103)
4(3339 3323 3287 3286)
4(3287 3323 3333 3293)
4(3288 3332 3339 3286)
4(3340 3323 3339 3264)
4(3092 3264 3339 3103)
4(3092 3108 3340 3264)
4(3092 3103 3102 3108)
4(3261 3286 3339 3264)
4(3261 3264 3340 3273)
4(3333 3323 3335 3278)
4(3292 3330 3102 3098)
4(3259 3096 3094 3291)
4(3292 3098 3099 3256)
4(3292 3256 3259 3291)
4(3094 3096 3099 3098)
4(3041 3291 3259 3065)
4(3064 3096 3094 3050)
4(3292 3330 3257 3256)
4(3102 3098 3099 3104)
4(3232 3268 3342 3236)
4(3240 3266 3267 3244)
3(3240 3341 3266)
4(3343 3328 3338 3325)
4(3271 3289 3343 3325)
4(3344 3329 3338 3325)
4(3343 3331 3344 3325)
4(3320 3331 3343 3328)
4(3320 3329 3344 3331)
3(3344 3342 3325)
4(3235 3236 3342 3325)
4(3344 3230 3235 3325)
4(3271 3325 3235 3233)
4(3235 3325 3343 3127)
4(3124 3127 3343 3331)
4(3124 3331 3344 3230)
4(3130 3289 3343 3127)
5(3097 3103 3092 3091 3090)
4(3111 3326 3340 3108)
4(3111 3331 3343 3326)
4(3263 3326 3340 3264)
4(3263 3093 3111 3326)
4(3092 3108 3111 3093)
4(3274 3262 3263 3326)
4(3131 3326 3111 3085)
4(3343 3326 3131 3127)
4(3124 3085 3111 3331)
4(3131 3132 3263 3326)
4(3274 3134 3131 3326)
4(3081 3093 3111 3085)
4(3124 3125 3260 3331)
4(3086 3085 3111 3110)
4(3267 3266 3301 3345)
4(3301 3298 3297 3345)
3(3241 3301 3345)
4(3297 2521 2522 3345)
4(2522 3345 3301 2516)
3(3336 3330 3257)
3(3292 3281 3256)
3(3320 3258 3329)
3(3259 3282 3291)
3(3270 3242 3346)
4(3075 3346 3270 3069)
4(3060 3074 3075 3069)
4(3067 3069 3075 3072)
3(3260 3331 3344)
4(3347 3350 3351 3352)
6(3347 3352 796 3091 3092 3348)
4(3347 3348 3349 3350)
4(3092 3093 3349 3348)
4(3083 3350 3349 3082)
4(3081 3082 3349 3093)
4(796 3352 3351 802)
4(3083 3084 3351 3350)
4(774 802 3351 3084)
5(774 3080 3091 796 802)
4(3370 3096 3094 3095)
4(3064 3096 3370 3360)
4(3049 3360 3370 3095)
4(3077 3078 3372 3359)
3(3372 3355 3359)
4(3079 3355 3372 3078)
3(3077 3079 3078)
4(3353 3363 3373 3362)
3(3353 3375 3363)
3(3362 3373 3356)
4(3373 3363 3375 3356)
4(3347 3352 3379 3365)
4(3347 3364 3374 3352)
4(3374 3364 3376 3357)
4(3379 3352 3374 3357)
4(3351 3352 3379 3358)
4(3380 3350 3351 3358)
4(3370 3096 3099 3361)
4(3097 3361 3099 3098)
4(3097 3095 3370 3361)
4(3370 3362 3100 3096)
4(3353 3362 3370 3360)
4(3354 3101 3099 3361)
4(3354 3361 3370 3362)
4(3102 3103 3371 3104)
4(3371 3361 3099 3104)
4(3097 3361 3371 3103)
4(3371 3348 3106 3104)
4(3105 3364 3371 3104)
4(3347 3348 3371 3364)
4(3347 3107 3106 3348)
4(3092 3103 3371 3348)
4(3092 3348 3106 3108)
4(3354 3364 3371 3361)
6(3353 3360 3049 3033 783 3363)
4(3353 3363 3372 3359)
4(783 785 3372 3363)
4(786 3078 3372 785)
5(3033 3031 786 785 783)
6(3052 3076 3077 3078 786 3031)
6(793 3366 3354 3361 3097 3090)
4(3354 3366 3373 3362)
4(783 3363 3373 792)
4(793 792 3373 3366)
5(793 3090 3033 783 792)
4(3354 3364 3374 3366)
4(796 798 3374 3352)
4(793 3366 3374 798)
5(3091 3090 793 798 796)
4(3106 3348 3349 3110)
4(3349 3350 3109 3110)
4(3349 3110 3111 3093)
4(3086 3110 3349 3082)
4(3375 3363 3372 3355)
4(781 3355 3079 780)
3(3355 781 782)
3(779 780 3079)
4(3372 3355 781 785)
4(3375 784 781 3355)
4(783 784 3375 3363)
4(786 3078 3079 780)
3(787 3375 784)
4(3377 3366 3373 3356)
3(3354 3366 3377)
3(790 3356 789)
4(3377 3356 790 791)
4(788 3367 3377 791)
4(790 784 3375 3356)
4(3373 792 790 3356)
4(793 791 3377 3366)
4(3377 3357 3374 3366)
4(794 3357 3377 791)
4(3378 3357 794 795)
4(3374 3357 794 798)
4(794 3357 3379 797)
4(796 797 3379 3352)
4(799 3368 3379 797)
4(801 3358 3381 800)
4(3087 3358 801 778)
4(801 797 3379 3358)
4(3351 802 801 3358)
4(3351 3358 3087 3084)
4(806 772 3091 796)
4(803 783 3033 769)
4(786 805 770 3031)
4(793 3090 771 808)
4(3403 3401 3056 3398)
4(3403 3398 2567 2568)
4(2567 3398 3056 2566)
4(3054 3385 3405 3055)
4(2564 2569 3405 3384)
4(3383 3384 3405 3385)
4(2505 3055 3405 2569)
6(2520 2526 3383 3385 3054 3062)
4(3406 3398 3403 3402)
4(3406 3057 3056 3398)
4(3397 3057 3406 3402)
4(3395 3391 3403 3398)
4(2567 2563 3395 3398)
4(3406 3398 3395 3394)
4(3392 3402 3406 3394)
4(3406 3385 3405 3398)
4(3056 3398 3405 3055)
4(3054 3385 3406 3057)
4(3405 3384 3395 3398)
4(3405 3398 2567 2569)
4(3383 3394 3406 3385)
4(3406 3402 3404 3399)
4(3058 3057 3406 3399)
4(3393 3399 3406 3394)
4(3406 3399 3386 3385)
4(3058 3059 3386 3399)
4(3054 3385 3386 3059)
4(3386 3399 3393 3389)
4(3396 3399 3386 3388)
4(3387 3388 3386 3389)
4(3383 3389 3386 3385)
4(3060 3059 3386 3388)
4(307 3408 3410 308)
4(3077 3078 3410 3408)
4(300 308 3410 814)
4(786 814 3410 3078)
5(309 300 814 786 3031)
3(3408 3410 3407)
4(3410 308 312 3407)
4(3410 3407 3079 3078)
4(813 780 3079 3407)
4(813 3407 3411 812)
4(3410 814 813 3407)
4(312 3407 813 301)
4(3034 3413 3415 3070)
4(3387 3388 3415 3413)
4(3060 3069 3415 3388)
4(3067 3070 3415 3069)
4(3414 3413 3415 3412)
4(3415 3070 3071 3412)
4(3390 3388 3415 3412)
4(3415 3412 3075 3069)
4(770 3031 309 278)
4(228 756 2494 306)
4(305 2493 755 207)
4(3499 3483 3446 3447)
4(3499 3447 331 332)
4(329 3483 3499 332)
4(329 330 3446 3483)
4(3446 330 331 3447)
4(3448 3447 3499 3500)
4(3484 3500 3499 3483)
4(3484 3483 3446 3449)
4(3446 3447 3448 3449)
4(3451 3502 3499 3447)
4(323 332 3499 3502)
4(3451 3447 331 324)
4(3501 3502 3499 3500)
4(3448 3447 3451 3450)
4(3499 3506 3486 3483)
4(336 337 3486 3506)
4(3499 332 336 3506)
4(329 3483 3486 337)
4(342 3488 3518 345)
4(344 3507 3487 343)
4(3518 3488 3487 3507)
4(344 345 3518 3507)
4(342 343 3487 3488)
4(3490 3488 3518 3508)
4(340 3510 3518 345)
4(3505 3508 3518 3510)
5(3489 346 342 3488 3490)
4(3517 3506 3486 3493)
4(3517 3500 3499 3506)
4(3484 3493 3486 3483)
4(3486 3506 3516 3494)
4(3516 3506 336 355)
4(354 3494 3516 355)
4(354 337 3486 3494)
4(3516 3509 3517 3506)
4(3495 3509 3516 3494)
4(3495 3494 3486 3493)
4(336 3506 3515 353)
4(3515 3506 3499 3502)
4(3516 3511 3515 3506)
4(3517 3506 3515 3512)
4(3503 3511 3516 3509)
4(351 355 3516 3511)
4(3516 3507 3487 3494)
4(344 3507 3516 355)
4(354 3494 3487 343)
4(3487 3507 3519 3497)
4(3519 3507 3518 3508)
4(3490 3488 3487 3497)
4(3519 3509 3516 3507)
4(3495 3497 3487 3494)
4(344 348 3514 3507)
4(3518 3507 3514 3510)
4(3514 3511 3516 3507)
4(3514 3507 3519 3513)
4(3446 3483 3520 3482)
4(3520 356 357 3482)
4(329 356 3520 3483)
4(357 330 3446 3482)
4(3520 3482 3481 3485)
4(3484 3483 3520 3485)
4(3481 3482 3446 3449)
4(3431 3482 3520 3432)
4(358 3432 3520 356)
4(3431 359 357 3482)
4(358 359 3431 3432)
4(3420 3485 3520 3432)
4(3481 3422 3431 3482)
4(3420 3432 3431 3422)
4(3486 3521 3520 3483)
4(3486 337 360 3521)
4(360 356 3520 3521)
4(342 361 3524 3488)
4(3487 3522 362 343)
4(3487 3488 3524 3522)
4(362 3522 3524 361)
4(3490 3491 3524 3488)
4(364 361 3524 3433)
4(3417 3433 3524 3491)
5(363 364 3433 3417 3416)
4(3486 3521 3492 3493)
4(3492 3521 3520 3485)
4(3523 3521 3486 3494)
4(3523 365 360 3521)
4(354 365 3523 3494)
4(3492 3496 3523 3521)
4(3495 3494 3523 3496)
4(3434 3521 360 366)
4(3520 3521 3434 3432)
4(358 3432 3434 366)
4(3523 3521 3434 3435)
4(3492 3419 3434 3521)
4(3418 3496 3523 3435)
4(3418 3435 3434 3419)
4(367 3435 3523 365)
4(367 366 3434 3435)
4(3420 3419 3434 3432)
4(3487 3522 3523 3494)
4(362 365 3523 3522)
4(3498 3522 3487 3497)
4(3498 3491 3524 3522)
4(3523 3496 3498 3522)
4(362 3522 3436 368)
4(3436 3522 3524 3433)
4(364 368 3436 3433)
4(3523 3435 3436 3522)
4(3498 3522 3436 3421)
4(3418 3421 3436 3435)
4(367 3435 3436 368)
4(3417 3433 3436 3421)
4(392 3534 3540 395)
4(392 393 3542 3534)
4(3542 3528 3540 3534)
4(3542 393 394 3528)
4(394 395 3540 3528)
5(3452 398 392 3534 3454)
4(3454 3534 3540 3453)
4(396 3437 3540 395)
4(3423 3453 3540 3437)
5(397 3424 3423 3437 396)
4(399 400 3543 3535)
4(399 3535 3544 402)
4(3544 3529 401 402)
4(3544 3535 3543 3529)
4(401 3529 3543 400)
4(399 403 3545 3535)
4(3545 403 404 3530)
4(3543 3535 3545 3530)
4(3543 3530 404 400)
4(392 413 3548 3534)
4(3548 3531 3542 3534)
4(414 393 3542 3531)
4(3548 413 414 3531)
4(3454 3459 3548 3534)
4(409 413 3548 3537)
4(3458 3537 3548 3459)
4(399 3535 3551 416)
4(415 3532 3544 402)
4(3551 3535 3544 3532)
4(415 416 3551 3532)
4(3545 3533 417 403)
4(3545 3535 3551 3533)
4(3551 416 417 3533)
4(3542 3528 3455 3456)
4(3455 3528 3540 3453)
4(3454 3534 3542 3456)
4(3541 3528 3542 3536)
4(3541 419 394 3528)
4(418 419 3541 3536)
4(418 3536 3542 393)
4(3455 3462 3541 3528)
4(3461 3536 3541 3462)
4(3461 3456 3542 3536)
4(3438 3528 394 420)
4(3540 3528 3438 3437)
4(396 3437 3438 420)
4(3541 3528 3438 3439)
4(3455 3426 3438 3528)
4(3425 3462 3541 3439)
4(3425 3439 3438 3426)
4(421 3439 3541 419)
4(421 420 3438 3439)
4(3423 3426 3438 3437)
4(3544 3529 3541 3536)
4(401 419 3541 3529)
4(418 402 3544 3536)
4(3463 3464 3544 3529)
4(3541 3462 3463 3529)
4(3461 3536 3544 3464)
4(3463 3473 3543 3529)
4(3471 3535 3543 3473)
4(3471 3464 3544 3535)
4(401 3529 3440 423)
4(3440 3529 3543 3441)
4(422 3441 3543 400)
4(422 423 3440 3441)
4(3541 3439 3440 3529)
4(3463 3529 3440 3427)
4(3425 3427 3440 3439)
4(421 3439 3440 423)
4(3428 3473 3543 3441)
4(3428 3441 3440 3427)
4(3525 3530 3545 3526)
4(404 3530 3525 370)
4(369 3526 3545 403)
4(369 370 3525 3526)
4(3545 3475 3474 3530)
4(3474 3479 3525 3530)
4(3478 3475 3545 3526)
4(3478 3526 3525 3479)
4(3474 3530 3543 3473)
4(3471 3535 3545 3475)
4(3442 3441 3543 3530)
4(3442 3530 404 424)
4(422 3441 3442 424)
4(3474 3429 3442 3530)
4(3525 3530 3442 3443)
4(3430 3479 3525 3443)
4(3430 3443 3442 3429)
4(3428 3429 3442 3441)
4(372 3443 3525 370)
4(372 424 3442 3443)
4(3460 3531 3542 3456)
4(3460 3459 3548 3531)
4(3542 3531 3549 3536)
4(3549 3531 414 435)
4(418 3536 3549 435)
4(3549 3469 3460 3531)
4(3461 3469 3549 3536)
4(414 3531 3547 434)
4(3547 3531 3548 3537)
4(3549 3539 3547 3531)
4(3460 3531 3547 3468)
4(3465 3539 3549 3469)
4(431 435 3549 3539)
4(3549 3532 3544 3536)
4(415 3532 3549 435)
4(3544 3464 3470 3532)
4(3470 3469 3549 3532)
4(3470 3532 3551 3472)
4(3471 3472 3551 3535)
4(415 427 3546 3532)
4(3551 3532 3546 3538)
4(426 416 3551 3538)
4(3546 3539 3549 3532)
4(3546 3532 3470 3466)
4(3467 3538 3551 3472)
4(3545 3533 3527 3526)
4(3527 3533 417 371)
4(369 3526 3527 371)
4(3477 3475 3545 3533)
4(3527 3480 3477 3533)
4(3478 3480 3527 3526)
4(3477 3472 3551 3533)
4(3550 3533 3551 3538)
4(417 3533 3550 437)
4(3477 3533 3550 3476)
4(3550 3533 3527 3445)
4(3444 3445 3527 3480)
4(328 371 3527 3445)
4(3478 3526 3446 3449)
4(3446 3526 3525 3482)
4(3525 3479 3481 3482)
4(3527 3526 3446 3447)
4(3448 3480 3527 3447)
4(3525 3482 357 370)
4(369 330 3446 3526)
4(3431 3482 3525 3443)
4(3430 3422 3431 3443)
4(372 3443 3431 359)
4(331 3447 3527 371)
4(3527 3447 3451 3445)
4(509 510 3626 3680)
4(3651 508 509 3680)
4(3626 653 3651 3680)
4(507 508 3651 653)
4(507 653 3626 510)
4(513 3664 3675 512)
4(3628 3664 513 514)
4(3628 3627 3675 3664)
4(511 512 3675 3627)
4(511 3627 3628 514)
4(517 518 3676 3665)
4(517 3665 3653 516)
4(3653 3665 3676 3652)
4(515 3652 3676 518)
4(515 516 3653 3652)
4(522 3666 3677 521)
4(520 521 3677 3667)
4(3662 3670 3677 3666)
4(3663 3667 3677 3670)
4(522 523 3678 3666)
4(524 3656 3678 523)
4(3662 3666 3678 3671)
4(3654 3671 3678 3656)
5(519 3655 3654 3656 524)
4(513 3664 3677 521)
4(3675 3666 3677 3664)
4(522 3666 3675 512)
4(513 526 3679 3664)
4(3679 3629 3628 3664)
4(525 514 3628 3629)
4(3679 3664 3677 3667)
4(3673 3664 3675 3668)
4(3677 3664 3673 3670)
4(3662 3668 3675 3666)
4(3628 3664 3673 3631)
4(3679 3672 3673 3664)
4(3630 3629 3628 3631)
4(3632 3627 3675 3668)
4(3632 3631 3628 3627)
4(517 523 3678 3665)
4(3678 3666 3676 3665)
4(522 518 3676 3666)
4(3661 528 517 3665)
4(3653 3659 3661 3665)
4(527 3659 3653 516)
4(527 528 3661 3659)
4(3661 3656 3678 3665)
4(524 3656 3661 528)
4(3676 3665 3674 3669)
4(3674 3665 3678 3671)
4(3662 3666 3676 3669)
4(3653 3658 3674 3665)
4(3661 3665 3674 3660)
4(3657 3658 3653 3659)
4(3657 3659 3661 3660)
4(3650 3669 3676 3652)
4(3650 3652 3653 3658)
4(3654 3660 3661 3656)
4(509 512 3675 3680)
4(3626 3680 3675 3627)
4(511 510 3626 3627)
4(509 3680 3676 518)
4(3676 3680 3651 3652)
4(515 3652 3651 508)
4(3676 3666 3675 3680)
4(3675 3680 3681 3668)
4(3676 3669 3681 3680)
4(3681 3680 3626 3633)
4(3681 3649 3651 3680)
4(648 653 3651 3649)
4(648 3633 3626 653)
4(3632 3627 3626 3633)
4(3650 3649 3651 3652)
4(3644 3684 3686 3645)
4(3685 3647 3646 3682)
4(3644 3645 3646 3647)
4(3648 646 3687 3683)
4(3644 646 3648 3645)
3(3647 3646 3588)
4(662 665 3648 646)
4(515 3652 3701 531)
4(530 531 3701 3689)
4(3688 3689 3701 3698)
4(3650 3698 3701 3652)
4(532 3697 3701 531)
4(3653 3697 532 516)
4(3653 3652 3701 3697)
4(532 3697 3702 533)
4(3701 3689 3702 3697)
4(532 534 3690 3697)
4(3690 3659 3653 3697)
4(527 3659 3690 534)
4(3690 3697 3702 3693)
4(535 534 3690 3693)
4(3700 3697 3701 3698)
4(3702 3697 3700 3699)
4(3653 3697 3700 3658)
4(3690 3692 3700 3697)
4(3657 3692 3690 3659)
4(3691 3693 3690 3692)
4(527 3659 3708 3608)
4(3609 3608 3708 3703)
4(3708 3659 3690 3703)
4(3690 534 3609 3703)
4(527 3608 3609 534)
4(3708 3608 3613 3704)
4(3661 3659 3708 3704)
4(3613 528 3661 3704)
4(527 528 3613 3608)
4(524 3614 3709 3656)
4(3611 3610 3709 3614)
4(3654 3656 3709 3694)
5(519 3612 3611 3614 524)
4(3616 3703 3609 3619)
4(3617 3608 3708 3618)
4(3617 3619 3609 3608)
4(3690 3703 3706 3692)
4(3657 3696 3708 3659)
4(3707 3624 3609 3703)
4(3690 3693 3707 3703)
4(535 534 3609 3624)
4(3620 3624 3609 3619)
4(3621 3622 3613 3704)
4(3617 3608 3613 3622)
4(3695 3704 3661 3660)
4(3709 3704 3613 3614)
4(3661 3704 3709 3656)
4(524 3614 3613 528)
4(3611 3622 3613 3614)
5(3634 3570 3574 3711 3635)
4(3635 3711 3710 3643)
4(3585 3643 3710 3590)
4(3574 3573 3710 3711)
4(3572 3590 3710 3573)
5(3571 3572 3573 3574 3570)
4(3713 3712 3718 3716)
4(3644 3647 3718 3712)
4(3644 3712 3713 3714)
4(3575 3578 3713 3712)
4(3575 3712 3718 3576)
4(3575 3576 3577 3578)
4(3644 3645 3715 3712)
4(3646 3724 3715 3645)
4(3718 3712 3715 3724)
4(3646 3647 3718 3724)
4(3644 3712 645 646)
4(645 3712 3713 644)
4(651 3579 3721 650)
4(3635 3636 3721 3711)
4(3574 3711 3721 3579)
4(649 650 3721 3636)
5(3574 3579 651 647 3570)
4(3715 3712 645 3719)
4(645 646 3648 3719)
4(3648 3645 3715 3719)
4(544 655 3722 543)
4(511 543 3722 3627)
4(656 3638 3722 655)
4(3632 3627 3722 3638)
4(547 3720 3722 543)
3(655 3722 3720)
4(3575 659 645 3712)
4(3575 3578 658 659)
4(3580 659 645 3719)
4(3715 3581 3580 3719)
4(3575 3581 3715 3712)
4(3575 659 3580 3581)
4(664 661 645 3719)
4(3580 663 664 3719)
4(660 663 3580 659)
4(3648 3719 664 665)
4(3580 3579 3721 3719)
4(664 3719 3721 650)
4(651 3579 3580 663)
4(3715 3719 3721 3711)
4(3721 3719 3648 3636)
4(3635 3645 3715 3711)
4(3574 3711 3715 3581)
4(3574 3581 3580 3579)
4(547 3720 3628 514)
4(3628 3720 3722 3627)
4(3628 3629 3723 3720)
4(3722 3720 3640 3638)
4(3628 3631 3640 3720)
4(3646 3724 3710 3643)
4(3710 3724 3715 3711)
4(3589 3588 3646 3724)
4(3710 3590 3589 3724)
4(3582 3724 3715 3581)
4(3710 3724 3582 3573)
4(3574 3573 3582 3581)
4(3718 3576 3582 3724)
4(3575 3581 3582 3576)
4(3589 3717 3718 3724)
4(3589 3584 3582 3724)
4(3583 3576 3582 3584)
4(3572 3584 3582 3573)
4(3727 3726 3774 3768)
4(3767 3768 3774 3773)
4(3725 3773 3774 3726)
4(3767 3773 3725 3728)
4(3725 3726 3727 3728)
4(3774 3726 3431 3432)
4(358 373 3774 3432)
4(374 3726 3774 373)
4(3431 3726 374 359)
4(3420 3432 3774 3768)
4(3727 3726 3431 3422)
4(3758 3761 3777 3769)
4(3770 3769 3777 3775)
4(3760 3759 3770 3775)
4(3777 3761 3760 3775)
4(3758 3769 3770 3759)
4(3777 3769 3771 3776)
4(3771 3763 3762 3776)
4(3762 3761 3777 3776)
4(3758 3763 3771 3769)
4(364 3433 3778 377)
4(3765 3772 3778 3766)
4(376 377 3778 3772)
4(3417 3766 3778 3433)
5(3764 375 376 3772 3765)
4(382 3775 3434 366)
4(3434 3775 3774 3432)
4(3774 3775 382 373)
4(3777 3775 382 380)
4(379 3769 3777 380)
4(3770 383 382 3775)
4(379 383 3770 3769)
4(3774 3775 3760 3768)
4(3774 3773 3770 3775)
4(3767 3759 3770 3773)
4(3777 3435 3434 3775)
4(3434 3419 3760 3775)
4(3418 3435 3777 3761)
4(367 380 3777 3435)
4(378 3776 3778 377)
4(3436 3776 378 368)
4(3778 3776 3436 3433)
4(378 381 3771 3776)
4(378 3776 3777 380)
4(379 3769 3771 381)
4(3778 3776 3771 3772)
4(3778 3766 3762 3776)
4(3765 3772 3771 3763)
4(3436 3435 3777 3776)
4(3436 3776 3762 3421)
4(376 381 3771 3772)
4(384 373 3774 3773)
4(384 3773 3770 383)
4(384 385 3725 3773)
4(374 3726 3725 385)
4(589 3598 3741 601)
4(3741 3598 3603 3742)
4(3603 590 600 3742)
4(600 601 3741 3742)
4(602 592 3593 3737)
4(3593 3598 3741 3737)
4(3741 601 602 3737)
4(3595 565 604 3740)
4(542 3604 3739 550)
4(3739 3604 3595 3740)
4(604 550 3739 3740)
4(566 3594 3738 603)
4(3593 3737 3738 3594)
4(602 603 3738 3737)
4(3595 3594 3738 3740)
4(604 3740 3738 603)
4(3758 3769 3783 3782)
4(3770 3759 3781 3784)
4(3783 3769 3770 3784)
4(3781 3782 3783 3784)
4(3771 3769 3783 3786)
4(3785 3763 3771 3786)
4(3783 3782 3785 3786)
4(456 457 3792 3779)
4(3765 3791 3792 3772)
4(3611 3779 3792 3791)
4(376 3772 3792 457)
5(455 456 3779 3611 3612)
4(3770 3773 3787 3784)
4(3767 3788 3787 3773)
4(3787 3788 3781 3784)
4(3780 3786 3792 3779)
4(3792 3786 451 457)
4(3780 458 451 3786)
4(456 458 3780 3779)
4(451 3786 3771 381)
4(379 3769 3783 452)
4(451 452 3783 3786)
4(3792 3786 3785 3791)
4(3771 3786 3792 3772)
4(3780 3786 3785 3622)
4(3611 3779 3780 3622)
4(3770 3784 453 383)
4(3783 452 453 3784)
4(384 3773 3787 454)
4(453 454 3787 3784)
4(3748 3788 3787 3749)
4(3725 3749 3787 3773)
4(3748 3749 3725 3728)
4(3750 3789 3787 3749)
4(3620 3789 3750 3623)
4(3620 3788 3787 3789)
4(3748 3623 3750 3749)
4(3625 3793 3739 3604)
4(3625 3623 3750 3793)
4(3739 3793 3750 3753)
4(3605 3604 3739 3753)
4(3605 3753 3750 3623)
4(551 538 3625 3793)
4(3739 550 551 3793)
4(3790 3793 551 552)
4(3625 3793 3790 3624)
4(535 3624 3790 552)
4(551 3793 461 460)
4(461 3793 3739 478)
4(477 478 3739 550)
4(3790 3793 461 462)
4(459 552 3790 462)
4(3787 3749 465 454)
4(463 464 3750 3789)
4(463 3789 3787 454)
4(465 3749 3750 464)
4(3725 3749 465 385)
4(3750 3789 3790 3793)
4(3750 3793 461 464)
4(463 462 3790 3789)
4(3620 3789 3790 3624)
4(479 3753 3739 478)
4(479 464 3750 3753)
4(3795 3784 3781 3619)
4(3617 3782 3783 3794)
4(3783 3784 3795 3794)
4(3617 3794 3795 3619)
4(3787 3789 3795 3784)
4(3620 3619 3795 3789)
4(3780 3786 3783 3794)
4(3617 3622 3780 3794)
4(466 452 3783 3794)
4(466 3794 3780 458)
4(3795 3784 453 467)
4(463 3789 3795 467)
4(466 467 3795 3794)
4(3795 3796 3790 3789)
4(468 3796 3795 467)
4(3790 3796 468 462)
4(3609 3619 3795 3796)
4(3609 3796 3790 3624)
4(527 3608 3798 555)
4(3798 3608 3609 3796)
4(554 555 3798 3796)
4(3609 534 554 3796)
4(3613 3608 3798 3797)
4(3798 555 556 3797)
4(556 528 3613 3797)
4(456 3779 3799 470)
4(524 553 3799 3614)
4(3611 3614 3799 3779)
4(469 470 3799 553)
4(3798 3794 3795 3796)
4(3617 3794 3798 3608)
4(3798 3796 468 474)
4(554 473 468 3796)
4(472 555 3798 474)
4(554 3796 3790 552)
4(466 474 3798 3794)
4(3780 3797 475 458)
4(3799 3797 3780 3779)
4(3799 470 475 3797)
4(3798 3797 3780 3794)
4(3613 3622 3780 3797)
4(475 3797 3798 474)
4(556 3797 475 476)
4(3613 3797 3799 3614)
4(556 553 3799 3797)
4(396 440 3810 3437)
4(3423 3437 3810 3800)
4(3744 3800 3810 3807)
4(438 3807 3810 440)
5(3743 3744 3807 438 439)
4(444 3809 3438 420)
4(3438 3809 3810 3437)
4(3810 3809 444 440)
4(3808 3439 3438 3809)
4(3438 3426 3801 3809)
4(3425 3439 3808 3802)
4(3808 3809 3801 3802)
4(421 443 3808 3439)
4(3808 443 444 3809)
4(3810 3800 3801 3809)
4(3440 3806 442 423)
4(3805 3806 3440 3441)
4(422 441 3805 3441)
4(442 3806 3805 441)
4(3440 3439 3808 3806)
4(3440 3806 3754 3427)
4(3754 3806 3808 3802)
4(442 443 3808 3806)
4(3428 3441 3805 3755)
4(3805 3806 3754 3755)
4(3442 3804 3805 3441)
4(445 3804 3442 424)
4(3805 3804 445 441)
4(3756 3804 3442 3429)
4(3803 3443 3442 3804)
4(3430 3443 3803 3757)
4(3803 3804 3756 3757)
4(3805 3755 3756 3804)
4(372 386 3803 3443)
4(3803 386 445 3804)
4(3803 3726 3431 3443)
4(3727 3726 3803 3757)
4(3803 3726 374 386)
4(3751 3736 3813 3812)
4(3813 3736 3735 3814)
4(3735 3752 3811 3814)
4(3751 3812 3811 3752)
4(3811 3812 3813 3814)
4(3756 3736 3813 3804)
4(3751 3757 3803 3812)
4(3813 3812 3803 3804)
4(3817 3818 3732 3734)
4(3733 3820 3817 3734)
4(3733 3730 3819 3820)
4(3732 3818 3819 3730)
4(3819 3818 3817 3820)
4(3591 3734 3817 3816)
4(3591 3816 3815 3592)
4(3815 3818 3732 3592)
4(3815 3816 3817 3818)
4(3735 3814 3817 3734)
4(3733 3820 3813 3736)
4(3817 3814 3813 3820)
4(3735 3596 3821 3814)
4(3605 3753 3821 3596)
4(3605 3752 3811 3753)
4(3811 3814 3821 3753)
4(3591 3596 3821 3816)
4(3821 3814 3817 3816)
4(3591 3816 3738 3594)
4(3593 3737 3815 3592)
4(3738 3816 3815 3737)
4(3595 3740 3821 3596)
4(3821 3740 3739 3753)
4(3821 3816 3738 3740)
4(3733 3755 3805 3820)
4(3819 3806 3754 3730)
4(3805 3806 3819 3820)
4(3813 3804 3805 3820)
4(3751 3812 3725 3728)
4(3811 3752 3748 3749)
4(3725 3812 3811 3749)
4(3803 3812 3725 3726)
4(3811 3753 3750 3749)
4(3729 3802 3808 3822)
4(3823 3822 3808 3809)
4(3801 3745 3823 3809)
4(3729 3822 3823 3745)
4(3808 3822 3819 3806)
4(3729 3730 3819 3822)
4(3823 447 444 3809)
4(446 3822 3808 443)
4(446 447 3823 3822)
4(3810 3807 3823 3809)
4(3744 3745 3823 3807)
4(438 3807 3823 447)
4(446 3822 3819 448)
4(442 448 3819 3806)
4(3729 3822 3829 3731)
4(3829 3822 3823 3824)
4(3823 3745 3746 3824)
4(3746 3731 3829 3824)
5(480 3601 3600 3825 482)
4(482 3825 3827 481)
4(3744 3807 3827 3747)
4(3600 3747 3827 3825)
4(438 481 3827 3807)
4(482 483 3830 3825)
4(574 3599 3830 599)
4(3600 3825 3830 3599)
4(484 599 3830 483)
4(3819 3822 3829 3818)
4(3829 3731 3732 3818)
4(486 487 3828 3824)
4(3827 3824 3828 3825)
4(486 3824 3827 481)
4(482 3825 3828 487)
4(486 3824 3829 488)
4(3823 3824 486 447)
4(446 488 3829 3822)
4(3827 3747 3746 3824)
4(3823 3807 3827 3824)
4(3829 3824 3828 3826)
4(3828 3824 3746 3602)
4(3597 3826 3828 3602)
4(3597 3731 3829 3826)
4(489 487 3828 3826)
4(489 3826 3829 488)
4(3600 3602 3828 3825)
4(490 3742 3828 487)
4(3828 3742 3830 3825)
4(3830 3742 490 483)
4(3741 3826 3828 3742)
4(3603 3742 3828 3602)
4(3597 3826 3741 3598)
4(3603 3599 3830 3742)
4(600 3742 3830 599)
4(490 493 3741 3742)
4(490 3742 600 492)
4(491 601 3741 493)
4(489 493 3741 3826)
4(494 488 3829 3818)
4(494 3818 3819 448)
4(3815 3818 3829 3826)
4(3597 3592 3815 3826)
4(489 3826 3815 495)
4(3815 3818 494 495)
4(3741 3737 3815 3826)
4(496 3737 3741 493)
4(602 3737 496 497)
4(3815 495 496 3737)
4(498 603 3738 499)
4(496 499 3738 3737)
4(604 500 501 3740)
4(3739 3740 501 478)
4(3738 499 501 3740)
4(3817 3818 494 503)
4(502 3816 3817 503)
4(502 495 3815 3816)
4(449 503 3817 3820)
4(449 3820 3819 448)
4(504 3814 3817 503)
4(3821 3814 504 505)
4(502 3816 3821 505)
4(3813 3814 504 450)
4(3811 506 504 3814)
4(387 3812 3813 450)
4(387 506 3811 3812)
4(449 450 3813 3820)
4(479 505 3821 3753)
4(479 3753 3811 506)
4(502 499 3738 3816)
4(501 3740 3821 505)
4(449 3820 3805 441)
4(3813 450 445 3804)
4(387 3812 3803 386)
4(3811 3749 465 506)
4(387 385 3725 3812)
7(3848 3555 3556 596 608 605 3890)
4(605 606 3894 3890)
4(3850 3849 3894 3892)
4(3848 3890 3894 3849)
4(610 3892 3894 606)
5(3554 3555 3848 3849 3850)
6(3557 3853 3893 611 586 3558)
5(559 613 3891 3851 3553)
4(613 614 3895 3891)
4(3853 3852 3895 3893)
4(3851 3891 3895 3852)
4(611 3893 3895 614)
5(3557 3553 3851 3852 3853)
4(605 3890 3896 612)
4(3853 3893 3896 3854)
4(3848 3854 3896 3890)
4(611 612 3896 3893)
6(3557 3853 3854 3848 3555 3560)
4(3855 3858 3898 618)
4(3898 3858 3857 3886)
4(3857 3856 619 3886)
4(619 618 3898 3886)
4(3855 618 619 3856)
4(3855 3856 3857 3858)
4(3861 3860 3901 3887)
4(627 3862 3861 3887)
4(3901 628 627 3887)
4(3859 3862 627 628)
4(3859 3860 3861 3862)
4(613 3891 3899 670)
4(3863 3865 3899 3864)
4(3851 3864 3899 3891)
4(669 670 3899 3865)
5(3552 3863 3864 3851 3553)
5(3552 666 669 3865 3863)
4(3870 3869 3868 3888)
4(3868 3867 676 3888)
4(676 675 3870 3888)
4(3866 675 676 3867)
4(3866 3869 3870 675)
4(3866 3867 3868 3869)
4(3871 3858 3898 3889)
4(633 3872 3871 3889)
4(3898 618 633 3889)
4(3855 3872 633 618)
4(3855 3858 3871 3872)
4(3897 3890 3896 3886)
4(615 3886 3896 612)
4(3897 3886 615 616)
4(605 3890 3897 616)
4(3857 3886 3896 3854)
4(3896 3886 3898 3893)
4(3853 3893 3898 3858)
4(3853 3858 3857 3854)
4(3857 3874 3897 3886)
4(619 3886 3897 623)
4(3873 623 3897 3874)
4(3873 3856 619 623)
4(3873 3874 3857 3856)
4(3898 3886 615 621)
4(619 620 615 3886)
4(617 618 3898 621)
4(3848 3874 3897 3890)
4(3848 3854 3857 3874)
4(611 621 3898 3893)
4(622 616 3897 623)
4(3894 3890 3897 3887)
4(3894 3887 624 606)
4(624 3887 3897 616)
4(3861 3849 3894 3887)
4(3901 3887 3894 3892)
4(3850 3849 3861 3860)
4(3861 3887 3897 3874)
4(3897 3887 627 623)
4(3873 623 627 3862)
4(3873 3862 3861 3874)
4(3901 629 624 3887)
4(627 3887 624 626)
4(3848 3874 3861 3849)
4(3899 3888 3900 3891)
4(671 630 3900 3888)
4(671 3888 3899 670)
4(613 3891 3900 630)
4(3868 3888 3899 3864)
4(3870 3865 3899 3888)
4(3863 3869 3868 3864)
4(3863 3865 3870 3869)
4(3868 3876 3900 3888)
4(676 3888 3900 635)
4(3875 635 3900 3876)
4(3875 3867 676 635)
4(3875 3876 3868 3867)
4(676 673 671 3888)
4(3870 3888 671 674)
4(672 675 3870 674)
4(3851 3876 3900 3891)
4(3851 3864 3868 3876)
4(634 630 3900 635)
4(669 674 3870 3865)
4(3895 3891 3900 3889)
4(631 614 3895 3889)
4(631 3889 3900 630)
4(3895 3889 3871 3852)
4(3895 3893 3898 3889)
4(3853 3852 3871 3858)
4(3871 3889 3900 3876)
4(3900 3889 633 635)
4(3875 635 633 3872)
4(3875 3872 3871 3876)
4(631 3889 3898 621)
4(633 3889 631 632)
4(3851 3876 3871 3852)
4(3855 618 636 3877)
4(619 3856 3878 637)
4(3855 3877 3878 3856)
4(3879 3862 627 638)
4(3859 3862 3879 3880)
4(676 3867 3882 678)
4(3866 3881 3882 3867)
4(3866 675 677 3881)
4(3883 3872 633 640)
4(3855 3872 3883 3877)
4(3873 3884 641 623)
4(3873 3856 3878 3884)
4(3873 3884 3879 3862)
4(3875 3885 642 635)
4(3875 3867 3882 3885)
4(3875 3885 3883 3872)
4(3855 3877 3948 3921)
4(3855 3921 3926 3856)
4(3878 3856 3926 3937)
4(3859 3862 3927 3916)
4(3927 3862 3879 3938)
6(3562 3563 3555 3848 3923 3839)
4(3839 3923 3928 3838)
4(3850 3924 3928 3849)
4(3848 3849 3928 3923)
4(3837 3838 3928 3924)
4(3855 3921 3949 3872)
4(3855 3858 3929 3921)
4(3929 3858 3871 3955)
4(3871 3872 3949 3955)
4(3929 3955 3949 3921)
6(3557 3853 3925 3841 3565 3564)
4(3839 3840 3930 3923)
4(3853 3854 3930 3925)
4(3841 3925 3930 3840)
4(3848 3923 3930 3854)
4(3932 3913 3926 3918)
4(3931 3919 3926 3913)
4(3932 3920 3931 3913)
4(3908 3919 3931 3920)
4(3933 3914 3927 3915)
4(3927 3914 3934 3916)
4(3934 3914 3933 3917)
4(3866 3881 3952 3942)
4(3951 3939 3882 3867)
4(3866 3942 3951 3867)
4(3949 3872 3883 3940)
5(3912 3911 3844 3845 3962)
4(3909 3946 3963 3922)
4(3841 3922 3963 3846)
4(3912 3962 3963 3946)
4(3845 3846 3963 3962)
5(3851 3961 3845 3566 3553)
4(3851 3852 3964 3961)
4(3853 3925 3964 3852)
4(3841 3846 3964 3925)
4(3845 3961 3964 3846)
4(3863 3864 3967 3959)
5(3552 3863 3959 3831 3568)
4(3831 3959 3967 3847)
4(3851 3961 3967 3864)
4(3845 3847 3967 3961)
4(3863 3869 3969 3959)
4(3868 3956 3969 3869)
4(3969 3956 3967 3959)
4(3868 3864 3967 3956)
4(3832 3831 3960 3906)
4(3831 3847 3968 3960)
4(3906 3960 3968 3943)
4(3912 3943 3968 3962)
4(3845 3962 3968 3847)
4(3929 3921 3926 3913)
4(3926 3856 3857 3913)
4(3857 3858 3929 3913)
4(3932 3913 3929 3922)
4(3909 3922 3929 3921)
4(3857 3913 3931 3874)
4(3873 3874 3931 3919)
4(3873 3919 3926 3856)
4(3932 3840 3930 3913)
4(3931 3913 3930 3923)
4(3839 3920 3931 3923)
4(3929 3913 3930 3925)
4(3930 3913 3857 3854)
4(3853 3858 3929 3925)
4(3841 3925 3929 3922)
4(3848 3923 3931 3874)
4(3927 3919 3931 3914)
4(3931 3920 3933 3914)
4(3861 3862 3927 3914)
4(3934 3860 3861 3914)
4(3861 3874 3931 3914)
4(3873 3862 3927 3919)
4(3928 3914 3931 3923)
4(3933 3914 3928 3838)
4(3861 3914 3928 3849)
4(3934 3924 3928 3914)
4(3863 3959 3970 3904)
5(3552 3863 3904 3574 3570)
4(3574 3904 3970 3573)
4(3831 3836 3970 3959)
4(3572 3573 3970 3836)
4(3866 3881 3902 3903)
4(3902 3941 3953 3903)
4(3866 3903 3953 3942)
4(3863 3869 3905 3904)
4(3969 3957 3905 3869)
4(3905 3957 3970 3904)
4(3969 3959 3970 3957)
4(3831 3960 3971 3836)
4(3906 3944 3971 3960)
4(3583 3584 3971 3944)
4(3572 3836 3971 3584)
4(3575 3903 682 659)
4(3902 683 682 3903)
4(3575 3578 3902 3903)
4(651 679 3936 3579)
4(3863 3904 3936 3865)
4(3574 3579 3936 3904)
4(669 3865 3936 679)
4(3580 3935 682 659)
4(682 3935 3905 3903)
4(3905 3935 3580 3581)
4(3575 3903 3905 3581)
4(3866 675 682 3903)
4(681 3935 682 680)
4(681 663 3580 3935)
4(3870 675 682 3935)
4(3905 3869 3870 3935)
4(3866 3869 3905 3903)
4(3870 674 681 3935)
4(3936 3579 3580 3935)
4(3936 3935 681 679)
4(3905 3904 3936 3935)
4(3870 3935 3936 3865)
4(3574 3581 3905 3904)
4(3873 3919 3947 3884)
4(3875 3945 3950 3885)
4(3875 3867 3951 3945)
4(3875 3945 3949 3872)
4(3575 3576 3953 3903)
4(3964 3955 3871 3852)
4(3871 3955 3965 3876)
4(3965 3955 3964 3961)
4(3851 3876 3965 3961)
4(3929 3925 3964 3955)
4(3965 3945 3949 3955)
4(3875 3945 3965 3876)
4(3963 3922 3929 3955)
4(3949 3946 3963 3955)
4(3964 3955 3963 3846)
4(3965 3962 3963 3955)
4(3912 3962 3965 3945)
4(3845 3961 3965 3962)
4(3951 3956 3969 3942)
4(3951 3867 3868 3956)
4(3866 3942 3969 3869)
4(3969 3956 3968 3960)
4(3967 3847 3968 3956)
4(3831 3959 3969 3960)
4(3968 3943 3951 3956)
4(3906 3960 3969 3942)
4(3868 3876 3965 3956)
4(3965 3961 3967 3956)
4(3965 3956 3951 3945)
4(3968 3962 3965 3956)
4(3953 3957 3905 3903)
4(3953 3942 3969 3957)
4(3905 3957 3582 3581)
4(3970 3573 3582 3957)
4(3953 3957 3582 3576)
4(3971 3957 3969 3960)
4(3971 3836 3970 3957)
4(3953 3944 3971 3957)
4(3582 3584 3971 3957)
4(4042 4045 4189 4191)
4(4186 4043 4042 4191)
4(4189 4045 4044 4172)
4(4186 4191 4189 4172)
4(4186 4172 4044 4043)
4(4042 4043 4044 4045)
4(4188 4195 4189 4191)
4(4188 4191 4042 4036)
4(4189 4195 4035 4045)
4(4042 4045 4035 4036)
4(4189 4190 4099 4195)
4(4192 4190 4189 4191)
4(4099 4190 4192 4100)
4(4188 4100 4192 4191)
4(4042 4191 4048 4046)
4(4186 4049 4048 4191)
4(4186 4043 4047 4049)
4(4042 4046 4047 4043)
4(4048 4049 4047 4046)
4(4188 4191 4048 4041)
4(4039 4046 4042 4036)
4(4048 4046 4039 4041)
4(4109 4108 4199 4163)
4(4054 4053 4199 4166)
4(4052 4163 4199 4053)
4(4107 4166 4199 4108)
5(4050 4054 4166 4107 4111)
5(4107 4108 4109 4110 4111)
5(4050 4051 4052 4053 4054)
4(4200 4058 4057 4198)
4(4057 4056 4168 4198)
4(4168 4167 4200 4198)
4(4055 4058 4200 4167)
4(4055 4167 4168 4056)
4(4055 4056 4057 4058)
4(4164 4198 4199 4163)
4(4164 4113 4112 4198)
4(4199 4198 4112 4108)
4(4109 4108 4112 4113)
4(4057 4198 4164 4066)
4(4164 4198 4200 4165)
4(4065 4165 4200 4058)
4(4065 4058 4057 4066)
4(4057 4053 4199 4198)
4(4168 4198 4199 4166)
4(4054 4056 4168 4166)
4(4054 4053 4057 4056)
4(4200 4198 4112 4115)
4(4112 4198 4168 4116)
4(4114 4167 4200 4115)
4(4114 4116 4168 4167)
4(4114 4115 4112 4116)
4(4052 4066 4057 4053)
4(4117 4115 4200 4165)
4(4117 4113 4112 4115)
4(4107 4166 4168 4116)
4(4107 4116 4112 4108)
4(4067 4170 4196 4068)
4(4196 4170 4061 4060)
4(4059 4068 4196 4060)
4(4067 4062 4061 4170)
4(4059 4060 4061 4062)
4(4067 4068 4059 4062)
4(4169 4197 4070 4069)
4(4196 4197 4169 4170)
4(4070 4197 4196 4068)
4(4067 4170 4169 4069)
4(4067 4069 4070 4068)
4(4070 4058 4200 4197)
4(4200 4167 4169 4197)
4(4055 4069 4169 4167)
4(4055 4058 4070 4069)
4(4200 4197 4162 4165)
4(4162 4197 4070 4071)
4(4065 4071 4070 4058)
4(4119 4197 4200 4115)
4(4169 4197 4119 4118)
4(4114 4167 4169 4118)
4(4114 4118 4119 4115)
4(4162 4120 4119 4197)
4(4117 4115 4119 4120)
4(4121 4170 4196 4122)
4(4119 4122 4196 4197)
4(4121 4118 4169 4170)
4(4121 4122 4119 4118)
4(4193 4201 4123 4126)
4(4171 4124 4123 4201)
4(4171 4201 4193 4174)
4(4193 4126 4125 4174)
4(4171 4174 4125 4124)
4(4123 4124 4125 4126)
4(4194 4201 4123 4105)
4(4194 4098 4193 4201)
4(4193 4098 4097 4126)
4(4097 4105 4123 4126)
4(4063 4060 4123 4201)
4(4061 4124 4123 4060)
4(4171 4064 4063 4201)
4(4171 4124 4061 4064)
4(4061 4060 4063 4064)
4(4123 4105 4034 4060)
4(4194 4201 4063 4033)
4(4063 4060 4034 4033)
4(4196 4122 4123 4060)
4(4121 4170 4061 4124)
4(4121 4124 4123 4122)
4(4034 4060 4196 4161)
4(4106 4161 4196 4122)
4(4106 4122 4123 4105)
4(4037 4068 4196 4161)
4(4037 4038 4059 4068)
4(4059 4038 4034 4060)
4(4162 4161 4196 4197)
4(4106 4120 4119 4122)
4(4037 4068 4070 4071)
4(4189 4045 4063 4201)
4(4171 4172 4189 4201)
4(4171 4064 4044 4172)
4(4063 4045 4044 4064)
4(4194 4201 4189 4195)
4(4035 4045 4063 4033)
4(4189 4201 4193 4190)
4(4189 4190 4173 4172)
4(4173 4190 4193 4174)
4(4171 4172 4173 4174)
4(4099 4098 4193 4190)
4(4229 4176 4173 4228)
4(4229 4230 4222 4176)
4(4234 4223 4222 4230)
4(4234 4230 4229 4228)
4(4234 4228 4173 4223)
4(4173 4176 4222 4223)
4(4175 4187 4229 4176)
4(4186 4172 4173 4228)
4(4186 4228 4229 4187)
4(4186 4187 4175 4172)
4(4173 4172 4175 4176)
4(4229 4176 11 12)
4(9 4187 4229 12)
4(9 10 4175 4187)
4(11 4176 4175 10)
4(239 4230 4222 16)
4(239 12 4229 4230)
4(11 16 4222 4176)
4(4231 4224 4225 4232)
4(4231 4218 4217 4224)
4(4214 4232 4225 4216)
4(4214 4218 4231 4232)
4(4217 4216 4225 4224)
4(4214 4216 4217 4218)
4(4231 4224 4222 4230)
4(4234 4223 4225 4232)
4(4234 4232 4231 4230)
4(4222 4224 4225 4223)
4(243 4224 4231 242)
4(241 242 4231 4218)
4(4217 4224 243 244)
4(241 4218 4217 244)
4(239 4230 4231 242)
4(243 4224 4222 16)
4(4233 4232 4225 4226)
4(4220 4213 4233 4226)
4(4214 4232 4233 4213)
4(4220 4226 4225 4216)
4(4233 4235 4227 4226)
4(4234 4223 4227 4235)
4(4234 4235 4233 4232)
4(4225 4226 4227 4223)
4(4233 4226 3992 4017)
4(4016 4213 4233 4017)
4(4220 3997 3992 4226)
4(4018 4235 4227 3993)
4(4018 4017 4233 4235)
4(3992 3993 4227 4226)
4(4237 4250 4257 4247)
5(4236 4 3 4250 4237)
5(4236 4237 4247 4203 4202)
4(4203 4247 4257 4204)
4(3 232 4257 4250)
4(233 4204 4257 232)
5(234 4202 4203 4204 233)
4(4237 4250 4258 4248)
4(4237 4248 4260 4247)
4(4260 4239 4257 4247)
4(4258 4239 4260 4248)
4(4258 4250 4257 4239)
4(4238 4254 4262 4255)
4(4238 4253 4263 4254)
4(4263 4253 4261 4240)
4(4262 4254 4263 4240)
4(4261 4255 4262 4240)
4(4238 4255 4261 4253)
4(4237 4250 4264 4249)
4(4237 4249 4265 4248)
4(4265 4241 4258 4248)
4(4265 4249 4264 4241)
4(4264 4250 4258 4241)
5(4236 4073 4072 4249 4237)
4(4072 4074 4264 4249)
4(3 4250 4264 2)
4(1 2 4264 4074)
5(4072 4073 0 1 4074)
4(4238 4254 4266 4252)
4(4238 4252 4259 4255)
4(4259 4252 4266 4242)
4(4266 4254 4262 4242)
4(4262 4255 4259 4242)
4(4173 4228 4192 4190)
4(4186 4191 4192 4228)
4(4238 4256 4268 4254)
4(4267 4253 4263 4243)
4(4263 4254 4268 4243)
4(4268 4256 4267 4243)
4(4238 4253 4267 4256)
4(4237 4249 4269 4251)
4(4237 4251 4270 4248)
4(4270 4244 4265 4248)
4(4269 4249 4265 4244)
4(4270 4251 4269 4244)
5(4236 4029 4030 4251 4237)
4(4072 4249 4269 4078)
4(4079 4078 4269 4104)
4(4030 4104 4269 4251)
5(4077 4073 4072 4078 4079)
4(4266 4252 4271 4245)
4(4268 4254 4266 4245)
4(4271 4256 4268 4245)
4(4238 4256 4271 4252)
4(4237 4251 4272 4247)
4(4272 4246 4260 4247)
4(4260 4246 4270 4248)
4(4272 4251 4270 4246)
4(4203 4205 4272 4247)
4(4032 4031 4272 4205)
4(4030 4251 4272 4031)
4(4207 4206 4260 4239)
4(4257 4204 4207 4239)
4(4203 4247 4260 4206)
4(4203 4206 4207 4204)
4(4260 4252 4259 4239)
4(4259 4255 4258 4239)
4(4238 4248 4258 4255)
4(4238 4252 4260 4248)
4(4207 4209 4259 4239)
4(4208 4252 4259 4209)
4(4208 4206 4260 4252)
4(4208 4209 4207 4206)
4(235 4239 4258 230)
4(235 232 4257 4239)
4(3 230 4258 4250)
4(235 4239 4259 236)
4(231 4255 4258 230)
4(231 236 4259 4255)
4(4207 238 235 4239)
4(237 4209 4259 236)
4(237 238 4207 4209)
4(233 4204 4207 238)
4(4263 4049 4084 4240)
4(4261 4240 4084 4083)
4(4082 4253 4261 4083)
4(4082 4049 4263 4253)
4(4082 4083 4084 4049)
4(4263 4228 4229 4240)
4(4229 4187 4084 4240)
4(4186 4228 4263 4049)
4(4186 4049 4084 4187)
4(4229 4240 4262 4230)
4(4234 4230 4262 4254)
4(4234 4254 4263 4228)
4(13 4240 4261 8)
4(4262 4240 13 240)
4(231 8 4261 4255)
4(231 4255 4262 240)
4(13 14 4084 4240)
4(4229 12 13 4240)
4(9 4187 4084 14)
4(7 4083 4261 8)
4(7 14 4084 4083)
4(239 240 4262 4230)
4(4261 4253 4265 4241)
4(4258 4255 4261 4241)
4(4238 4248 4265 4253)
4(4265 4076 4075 4241)
4(4075 4074 4264 4241)
4(4072 4076 4265 4249)
4(4072 4074 4075 4076)
4(4075 4241 4261 4083)
4(4082 4253 4265 4076)
4(4082 4076 4075 4083)
4(6 230 4258 4241)
4(4264 2 6 4241)
4(6 8 4261 4241)
4(6 4241 4075 5)
4(1 5 4075 4074)
4(7 4083 4075 5)
4(4266 4242 4219 4212)
4(4219 4242 4259 4209)
4(4208 4252 4266 4212)
4(4208 4212 4219 4209)
4(4231 4242 4266 4232)
4(4231 4230 4262 4242)
4(4234 4232 4266 4254)
4(4231 4242 4219 4218)
4(4214 4212 4266 4232)
4(4214 4218 4219 4212)
4(245 236 4259 4242)
4(245 4242 4262 240)
4(4219 4242 245 246)
4(237 4209 4219 246)
4(4231 4242 245 242)
4(241 246 4219 4218)
4(4227 4235 4192 4190)
4(4234 4228 4192 4235)
4(4227 4190 4173 4223)
4(4018 4235 4192 4100)
4(4227 3993 4099 4190)
4(4048 4049 4263 4243)
4(4267 4085 4048 4243)
4(4082 4085 4267 4253)
4(4082 4049 4048 4085)
4(4263 4243 4192 4228)
4(4048 4191 4192 4243)
4(4268 4243 4192 4235)
4(4234 4254 4268 4235)
4(4048 4041 4102 4243)
4(4192 4243 4102 4100)
4(4267 4243 4102 4101)
4(4102 4243 4268 4021)
4(4022 4256 4267 4101)
4(4022 4021 4268 4256)
4(4040 4101 4267 4085)
4(4040 4085 4048 4041)
4(4018 4235 4268 4021)
4(4265 4253 4267 4244)
4(4267 4256 4270 4244)
4(4238 4248 4270 4256)
4(4080 4076 4265 4244)
4(4269 4078 4080 4244)
4(4072 4076 4080 4078)
4(4080 4085 4267 4244)
4(4082 4085 4080 4076)
4(4080 4244 4103 4081)
4(4103 4244 4269 4104)
4(4079 4078 4080 4081)
4(4103 4244 4267 4101)
4(4270 4244 4103 4025)
4(4022 4256 4270 4025)
4(4040 4081 4080 4085)
4(4030 4025 4270 4251)
4(4211 4245 4266 4212)
4(4211 4210 4271 4245)
4(4208 4252 4271 4210)
4(4233 4232 4266 4245)
4(4233 4245 4268 4235)
4(4233 4213 4211 4245)
4(4233 4017 4020 4245)
4(4211 4245 4020 4019)
4(4268 4245 4020 4021)
4(4020 4245 4271 4023)
4(4022 4023 4271 4256)
4(4026 4210 4271 4023)
4(4215 4246 4260 4206)
4(4215 4205 4272 4246)
4(4271 4252 4260 4246)
4(4270 4256 4271 4246)
4(4215 4246 4271 4210)
4(4272 4246 4024 4031)
4(4024 4246 4215 4027)
4(4024 4246 4270 4025)
4(4024 4023 4271 4246)
4(4177 4179 4222 4223)
4(4222 4179 4178 4176)
4(4177 4223 4173 4174)
4(4177 4174 4178 4179)
4(4178 4174 4173 4176)
4(4177 4181 4225 4223)
4(4225 4181 4180 4224)
4(4180 4179 4222 4224)
4(4177 4179 4180 4181)
4(4177 4273 4128 4127)
4(4128 4273 4193 4126)
4(4177 4174 4193 4273)
4(4177 4127 4125 4174)
4(4125 4127 4128 4126)
4(4177 4181 4274 4273)
4(4274 4181 4225 4226)
4(4227 4273 4274 4226)
4(4177 4273 4227 4223)
4(4129 4181 4274 4130)
4(4274 4273 4128 4130)
4(4177 4181 4129 4127)
4(4128 4127 4129 4130)
4(15 16 4222 4179)
4(11 17 4178 4176)
4(15 4179 4178 17)
4(4217 4183 4180 4224)
4(4182 4216 4225 4181)
4(4182 4183 4217 4216)
4(4182 4181 4180 4183)
4(243 4224 4180 187)
4(15 187 4180 4179)
4(190 244 4217 4183)
4(190 4183 4180 187)
4(3990 3994 4128 4273)
4(3990 4273 4193 4098)
4(4128 3994 4097 4126)
4(4220 4226 4274 4221)
4(4182 4221 4274 4181)
4(4274 4226 3992 3991)
4(3990 4273 4274 3991)
4(3990 3993 4227 4273)
4(3996 3991 4274 4221)
4(4131 4221 4274 4130)
4(4182 4132 4129 4181)
4(4131 4130 4129 4132)
4(3995 4130 4274 3991)
4(3995 3994 4128 4130)
4(4131 3998 3995 4130)
4(4193 4273 4227 4190)
4(260 4280 4281 259)
4(4203 4204 4281 4280)
4(233 247 4281 4204)
4(248 259 4281 247)
4(4282 4279 261 262)
4(4281 4279 4282 4280)
4(261 4279 4281 259)
4(4276 4275 4282 4279)
4(261 263 4276 4279)
4(264 4275 4276 263)
4(4282 4206 4207 4279)
4(4207 4204 4281 4279)
4(4207 4279 4276 4209)
4(4208 4209 4276 4275)
4(251 247 4281 4279)
4(4207 238 251 4279)
4(251 4279 261 253)
4(4276 4279 251 250)
4(252 263 4276 250)
4(237 250 4276 4209)
4(4286 270 267 4283)
4(4185 4184 4286 4283)
4(267 173 4185 4283)
4(174 4184 4185 173)
4(271 4278 4285 268)
4(4277 4284 4285 4278)
4(269 268 4285 4284)
4(269 4284 4277 272)
4(4286 4278 4285 4283)
4(4285 268 267 4283)
4(4286 4283 4217 4216)
4(4217 4283 4185 4183)
4(4182 4183 4185 4184)
4(4217 4218 4285 4283)
4(4214 4278 4285 4218)
4(266 265 267 4283)
4(4285 257 266 4283)
4(256 257 4285 268)
4(266 196 4185 4283)
4(170 173 4185 196)
4(4217 244 266 4283)
4(241 4218 4285 257)
4(190 196 4185 4183)
4(4285 4218 4219 4284)
4(4219 4212 4277 4284)
4(254 4284 269 255)
4(254 257 4285 4284)
4(4276 263 269 4284)
4(4277 4275 4276 4284)
4(4276 250 254 4284)
4(4219 4284 254 246)
4(4219 4209 4276 4284)
4(4086 4187 4175 4087)
4(4186 4187 4086 4043)
4(4044 4087 4175 4172)
4(4044 4043 4086 4087)
4(9 19 4086 4187)
4(4175 4087 20 10)
4(4086 19 20 4087)
4(4084 4187 4086 4088)
4(4086 4043 4047 4088)
4(4047 4049 4084 4088)
4(4086 4088 18 19)
4(18 4088 4084 14)
4(21 22 113 28)
4(91 96 4303 4299)
4(4054 4166 4303 4089)
4(97 4089 4303 96)
4(4107 4299 4303 4166)
5(92 91 4299 4107 4111)
5(4050 4054 4089 97 98)
4(4055 4167 4304 4090)
4(4304 4167 4168 4302)
4(4091 4090 4304 4302)
4(4168 4056 4091 4302)
4(4055 4090 4091 4056)
4(4169 4167 4304 4294)
4(4304 4090 4092 4294)
4(4092 4069 4169 4294)
4(4055 4069 4092 4090)
4(4304 4301 4300 4302)
4(4168 4302 4300 4116)
4(4114 4301 4304 4167)
4(4114 4116 4300 4301)
4(4304 86 87 4302)
4(87 88 4300 4302)
4(85 86 4304 4301)
4(85 4301 4300 88)
4(87 4302 4091 103)
4(102 4090 4304 86)
4(102 103 4091 4090)
4(87 96 4303 4302)
4(4300 4302 4303 4299)
4(91 88 4300 4299)
4(4091 4302 4303 4089)
4(4303 4302 4168 4166)
4(4054 4056 4091 4089)
4(97 4089 4091 103)
4(4107 4299 4300 4116)
4(4304 4294 4293 4301)
4(4114 4301 4293 4118)
4(4293 4294 4169 4118)
4(100 86 4304 4294)
4(85 99 4293 4301)
4(100 4294 4293 99)
4(4092 4294 100 106)
4(102 4090 4092 106)
4(4295 4294 4092 4093)
4(4067 4170 4295 4093)
4(4169 4294 4295 4170)
4(4067 4093 4092 4069)
4(109 4093 4295 108)
4(4295 4294 100 108)
4(109 106 4092 4093)
4(4295 4093 4094 4096)
4(4295 4096 4061 4170)
4(4061 4096 4094 4062)
4(4067 4062 4094 4093)
4(4295 108 113 4096)
4(113 115 4094 4096)
4(109 4093 4094 115)
5(4134 93 89 4308 4135)
4(91 4299 4309 90)
4(4135 4308 4309 4136)
4(89 90 4309 4308)
4(4107 4136 4309 4299)
5(4134 4135 4136 4107 4111)
4(177 178 4310 4287)
4(4135 4139 4310 4308)
4(89 4308 4310 178)
4(4138 4287 4310 4139)
5(4138 4137 176 177 4287)
5(4134 4137 4138 4139 4135)
4(4114 4141 4312 4301)
4(4312 4305 4300 4301)
4(4140 4305 4312 4141)
4(4140 4116 4300 4305)
4(4114 4116 4140 4141)
4(179 180 4313 4288)
4(4313 4306 4289 4288)
4(4313 180 181 4306)
4(4289 4306 181 182)
4(179 4288 4289 182)
4(4290 4296 4313 4288)
4(184 180 4313 4296)
4(4290 183 184 4296)
4(179 183 4290 4288)
4(4293 4297 4312 4301)
4(4312 4297 4142 4141)
4(4142 4297 4293 4118)
4(4114 4141 4142 4118)
4(4312 4305 94 95)
4(4300 88 94 4305)
4(85 4301 4312 95)
4(4312 4307 4311 4305)
4(4311 4144 4140 4305)
4(4143 4144 4311 4307)
4(4143 4307 4312 4141)
4(4143 4141 4140 4144)
4(4311 4305 94 105)
4(104 4307 4311 105)
4(104 95 4312 4307)
4(94 4305 4309 90)
4(4309 4305 4300 4299)
4(4311 4308 4309 4305)
4(4140 4305 4309 4136)
4(4135 4308 4311 4144)
4(4135 4144 4140 4136)
4(89 105 4311 4308)
4(4107 4136 4140 4116)
4(4313 4306 4147 4146)
4(4147 4306 4289 4148)
4(4145 4288 4313 4146)
4(4145 4148 4289 4288)
4(4145 4146 4147 4148)
4(4311 4307 4313 4306)
4(4147 4144 4311 4306)
4(4143 4146 4313 4307)
4(4143 4144 4147 4146)
4(181 4306 4311 105)
4(104 4307 4313 180)
4(4310 4306 181 178)
4(4289 4306 4310 4287)
4(177 182 4289 4287)
4(4310 4308 4311 4306)
4(4147 4139 4310 4306)
4(4135 4139 4147 4144)
4(4138 4287 4289 4148)
4(4138 4148 4147 4139)
4(4150 4296 4313 4146)
4(4150 4149 4290 4296)
4(4145 4288 4290 4149)
4(4145 4149 4150 4146)
4(4313 4307 4298 4296)
4(4143 4151 4298 4307)
4(4298 4151 4150 4296)
4(4143 4146 4150 4151)
4(104 4307 4298 110)
4(4298 4296 184 110)
4(101 4297 4312 95)
4(4293 4297 101 99)
4(4298 4307 4312 4297)
4(4142 4151 4298 4297)
4(4143 4151 4142 4141)
4(101 4297 4298 110)
4(4314 185 184 4296)
4(4314 4296 4290 4291)
4(188 185 4314 4291)
4(188 4291 4290 183)
4(4314 4296 4298 4316)
4(4150 4296 4314 4153)
4(4152 4316 4298 4151)
4(4152 4153 4314 4316)
4(4152 4151 4150 4153)
4(112 110 4298 4316)
4(112 4316 4314 185)
4(4154 4291 4314 4153)
4(4154 4149 4290 4291)
4(4154 4153 4150 4149)
4(4315 4297 101 111)
4(4315 4317 4293 4297)
4(107 99 4293 4317)
4(107 4317 4315 111)
4(4315 4316 4298 4297)
4(4315 4297 4142 4155)
4(4152 4316 4315 4155)
4(4152 4155 4142 4151)
4(112 111 4315 4316)
4(4121 4317 4293 4118)
4(4121 4155 4315 4317)
4(4121 4118 4142 4155)
4(4295 4294 4293 4317)
4(107 108 4295 4317)
4(4121 4317 4295 4170)
4(4177 4179 4321 4127)
4(4129 4127 4321 4318)
4(4180 4181 4129 4318)
4(4321 4179 4180 4318)
4(4321 4127 4125 4319)
4(4125 4174 4178 4319)
4(4178 4179 4321 4319)
4(4175 4176 4178 4320)
4(4171 4320 4178 4174)
4(4171 4172 4175 4320)
4(21 17 4178 4320)
4(21 4320 4175 10)
4(4314 4318 4129 4153)
4(4314 4316 4321 4318)
4(4152 4127 4321 4316)
4(4152 4153 4129 4127)
4(4292 4318 4129 4132)
4(4292 4291 4314 4318)
4(4154 4291 4292 4132)
4(4154 4132 4129 4153)
4(4292 4318 4180 4183)
4(4182 4132 4292 4183)
4(4314 4318 186 185)
4(186 4318 4292 189)
4(188 189 4292 4291)
4(186 4318 4321 26)
4(186 187 4180 4318)
4(15 26 4321 4179)
4(112 4316 4321 26)
4(190 4183 4292 189)
4(4315 4155 4125 4319)
4(4315 4319 4321 4316)
4(4152 4127 4125 4155)
4(4125 4124 4322 4319)
4(4322 4320 4178 4319)
4(4171 4320 4322 4124)
4(4315 4317 4322 4319)
4(4121 4124 4322 4317)
4(4121 4155 4125 4124)
4(4322 4319 25 28)
4(25 4319 4315 111)
4(107 4317 4322 28)
4(25 4319 4178 17)
4(25 26 4321 4319)
4(21 28 4322 4320)
4(4095 4087 4175 4320)
4(4171 4064 4095 4320)
4(4044 4087 4095 4064)
4(21 4320 4095 22)
4(20 22 4095 4087)
4(4061 4096 4322 4124)
4(4322 4096 4095 4320)
4(4095 4096 4061 4064)
4(4322 4317 4295 4096)
4(113 4096 4322 28)
4(113 4096 4095 22)
4(177 4287 4325 193)
4(155 156 4325 4156)
4(157 193 4325 156)
4(4138 4156 4325 4287)
4(159 160 4326 4157)
4(4326 160 161 4324)
4(4158 4157 4326 4324)
4(161 162 4158 4324)
4(164 160 4326 4323)
4(4326 4157 4159 4323)
4(4159 163 164 4323)
4(192 4324 4326 191)
4(161 4324 192 166)
4(165 191 4326 160)
4(4326 4288 4289 4324)
4(192 4324 4289 182)
4(179 4288 4326 191)
4(4289 4324 4158 4148)
4(4145 4157 4326 4288)
4(192 4324 4325 193)
4(4325 4324 4289 4287)
4(161 156 4325 4324)
4(4158 4324 4325 4156)
4(4326 4323 194 191)
4(194 4323 164 167)
4(4326 4323 4290 4288)
4(194 183 4290 4323)
4(4159 4323 4290 4149)
4(4327 4323 194 195)
4(4290 4323 4327 4291)
4(188 4291 4327 195)
4(4327 169 164 4323)
4(4327 4323 4159 4160)
4(229 169 4327 4160)
4(168 195 4327 169)
4(4154 4160 4327 4291)
4(172 175 4133 4328)
4(4133 4184 4185 4328)
4(4185 173 172 4328)
4(4133 4328 4327 4160)
4(4327 4328 172 169)
4(4292 4328 4133 4132)
4(4185 4328 4292 4183)
4(4292 4328 4327 4291)
4(197 171 172 4328)
4(197 4328 4185 196)
4(197 195 4327 4328)
4(4292 4328 197 189)
4(4002 4329 4346 4003)
4(4135 4342 4346 4139)
4(4138 4139 4346 4329)
4(4000 4003 4346 4342)
5(4134 3999 4000 4342 4135)
4(4343 4144 4147 4345)
4(4347 4344 4343 4345)
4(4147 4146 4347 4345)
4(4143 4344 4347 4146)
4(4143 4144 4343 4344)
4(4330 4345 4006 4004)
4(4346 4345 4330 4329)
4(4006 4345 4346 4003)
4(4147 4345 4346 4139)
4(4343 4342 4346 4345)
4(4135 4342 4343 4144)
4(4347 4009 4006 4345)
4(4343 4345 4006 4008)
4(4007 4009 4347 4344)
4(4007 4344 4343 4008)
4(4347 4345 4330 4331)
4(4147 4148 4330 4345)
4(4145 4146 4347 4331)
4(4005 4331 4347 4009)
4(4000 4008 4343 4342)
4(4340 4344 4347 4339)
4(4347 4146 4150 4339)
4(4143 4344 4340 4151)
4(4150 4151 4340 4339)
4(4013 4009 4347 4339)
4(4007 4012 4340 4344)
4(4340 4012 4013 4339)
4(4332 4339 4347 4331)
4(4150 4339 4332 4149)
4(4332 4339 4013 4011)
4(4109 4334 4349 4108)
4(4135 4136 4349 4342)
4(4107 4108 4349 4136)
4(4000 4342 4349 4334)
4(4140 4144 4343 4348)
4(4343 4344 4350 4348)
4(4350 4141 4140 4348)
4(4143 4141 4350 4344)
4(4112 4113 4335 4348)
4(4112 4348 4349 4108)
4(4349 4348 4335 4334)
4(4140 4136 4349 4348)
4(4343 4348 4349 4342)
4(4350 4348 4335 4336)
4(4343 4008 4335 4348)
4(4007 4344 4350 4336)
4(4350 4115 4112 4348)
4(4140 4348 4112 4116)
4(4114 4115 4350 4141)
4(4117 4336 4350 4115)
4(4350 4344 4340 4341)
4(4142 4141 4350 4341)
4(4340 4151 4142 4341)
4(4337 4341 4350 4336)
4(4340 4341 4337 4012)
4(4119 4115 4350 4341)
4(4142 4118 4119 4341)
4(4119 4120 4337 4341)
4(4351 4339 4332 4333)
4(4351 4153 4150 4339)
4(4154 4153 4351 4333)
4(4351 4339 4013 4014)
4(4010 4333 4351 4014)
4(4340 4339 4351 4352)
4(4152 4151 4340 4352)
4(4152 4352 4351 4153)
4(4015 4352 4340 4012)
4(4015 4014 4351 4352)
4(4152 4155 4353 4352)
4(4340 4352 4353 4341)
4(4142 4341 4353 4155)
4(4128 4126 4353 4352)
4(4353 4126 4125 4155)
4(4152 4127 4128 4352)
4(4353 4338 4097 4126)
4(4015 4338 4353 4352)
4(4015 4352 4128 3994)
4(4123 4122 4353 4126)
4(4121 4155 4353 4122)
4(4106 4122 4353 4338)
4(4337 4338 4353 4341)
4(4353 4122 4119 4341)
4(4351 4153 4129 4130)
4(4351 4130 4128 4352)
4(4351 4333 4131 4130)
4(3995 4014 4351 4130)
4(4397 4398 4444 4407)
4(45 46 4444 4398)
4(4408 4407 4444 4439)
4(42 4439 4444 46)
5(42 43 3977 4408 4439)
5(4397 4407 4408 3977 3976)
5(4397 3976 44 45 4398)
4(44 3976 3977 43)
4(4405 4404 4410 4443)
4(4434 4406 4405 4443)
4(4410 4409 4434 4443)
4(4403 4406 4434 4409)
4(4403 4409 4410 4404)
4(4403 4404 4405 4406)
4(4412 4442 4401 4400)
4(4441 4402 4401 4442)
4(4399 4402 4441 4411)
4(4412 4411 4441 4442)
4(4399 4411 4412 4400)
4(4399 4400 4401 4402)
4(4401 4398 4444 4442)
4(4444 4407 4412 4442)
4(4397 4400 4412 4407)
4(4397 4398 4401 4400)
4(60 46 4444 4442)
4(60 4442 4401 62)
4(45 62 4401 4398)
4(4440 4442 4444 4439)
4(4440 4413 4412 4442)
4(4408 4413 4440 4439)
4(4408 4407 4412 4413)
4(60 59 4440 4442)
4(42 4439 4440 59)
4(63 61 4441 4402)
4(4441 61 60 4442)
4(63 4402 4401 62)
4(4441 4443 4405 4402)
4(4410 4443 4441 4411)
4(4399 4404 4410 4411)
4(4399 4402 4405 4404)
4(69 70 4405 4443)
4(69 4443 4434 57)
4(74 57 4434 4406)
4(74 4406 4405 70)
4(69 61 4441 4443)
4(63 70 4405 4402)
5(4414 4448 30 29 3978)
4(4414 4415 4447 4448)
4(4408 4439 4447 4415)
4(30 4448 4447 47)
4(42 47 4447 4439)
5(4414 3978 3977 4408 4415)
4(3977 3978 29 43)
5(3979 4446 4451 32 33)
4(4446 4450 4449 4451)
4(4414 4448 4449 4450)
4(30 31 4449 4448)
4(32 4451 4449 31)
5(4414 4450 4446 3979 3978)
4(3979 33 29 3978)
5(4445 4446 4451 32 40)
4(4445 3980 3979 4446)
4(3979 3980 52 33)
4(4440 4453 4441 4442)
4(4416 4411 4441 4453)
4(4416 4453 4440 4413)
4(4416 4413 4412 4411)
4(58 4453 4441 61)
4(58 59 4440 4453)
4(4086 4087 4434 4454)
4(4417 4454 4434 4409)
4(4417 4043 4086 4454)
4(4434 4087 4044 4409)
4(4417 4409 4044 4043)
4(56 57 4434 4454)
4(56 4454 4086 19)
4(4434 57 20 4087)
4(4452 4443 4410 4418)
4(4452 4454 4434 4443)
4(4417 4454 4452 4418)
4(4417 4418 4410 4409)
4(4441 4453 4452 4443)
4(4416 4418 4452 4453)
4(4416 4411 4410 4418)
4(4452 4443 69 66)
4(58 4453 4452 66)
4(56 66 4452 4454)
4(4479 4420 4419 4459)
4(4419 4415 4447 4459)
4(4447 4448 4479 4459)
4(4414 4420 4479 4448)
4(4414 4415 4419 4420)
4(4421 4467 4480 4422)
4(4421 4424 4477 4467)
4(4477 4424 4423 4460)
4(4423 4422 4480 4460)
4(4480 4467 4477 4460)
4(4421 4422 4423 4424)
4(4072 4465 4481 4074)
5(4455 34 35 4470 4456)
5(4455 4456 4465 4072 4073)
4(4456 4470 4481 4465)
4(1 4074 4481 36)
4(35 36 4481 4470)
4(4072 4465 4436 4076)
4(4436 4465 4481 4437)
4(4481 4074 4075 4437)
4(4075 4076 4436 4437)
4(4446 4471 4483 4451)
4(4446 4450 4485 4471)
4(4485 4461 4483 4471)
4(4449 4461 4485 4450)
4(4449 4451 4483 4461)
5(39 4458 4457 4474 38)
5(4445 4446 4471 4457 4458)
4(4457 4471 4483 4474)
4(38 4474 4483 37)
4(32 37 4483 4451)
5(4455 4458 4457 4469 4456)
4(4456 4469 4486 4470)
4(4457 4474 4486 4469)
4(38 41 4486 4474)
4(35 4470 4486 41)
4(4421 4466 4487 4422)
4(4421 4467 4482 4466)
4(4487 4466 4482 4462)
4(4480 4422 4487 4462)
4(4482 4467 4480 4462)
4(4446 4471 4488 4472)
5(4457 4458 4376 4380 4475)
5(4445 4446 4472 4378 4377)
4(4457 4475 4488 4471)
4(4380 4379 4488 4475)
4(4378 4472 4488 4379)
4(4485 4471 4488 4463)
4(4485 4463 4490 4450)
4(4490 4463 4488 4472)
4(4446 4450 4490 4472)
5(4455 4382 4381 4468 4456)
4(4456 4468 4491 4469)
4(4381 4383 4491 4468)
4(4457 4469 4491 4475)
4(4380 4475 4491 4383)
4(4492 4466 4487 4464)
4(4428 4427 4492 4464)
4(4487 4422 4428 4464)
4(4421 4466 4492 4427)
4(4421 4427 4428 4422)
5(3979 4446 4472 4378 3982)
4(3981 3980 3979 3982)
4(4072 4078 4493 4465)
4(4456 4465 4493 4468)
4(4381 4468 4493 4384)
4(4079 4384 4493 4078)
4(4493 4465 4436 4438)
4(4080 4078 4493 4438)
4(4436 4076 4080 4438)
4(4047 4424 4477 4088)
4(4477 4467 4435 4088)
4(4421 4429 4435 4467)
4(4435 4429 4047 4088)
4(4421 4424 4047 4429)
4(4086 4454 4477 4088)
4(4417 4424 4477 4454)
4(4417 4043 4047 4424)
4(18 4088 4477 54)
4(53 54 4477 4467)
4(53 4467 4435 55)
4(18 55 4435 4088)
4(56 4454 4477 54)
4(4419 4459 4478 4431)
4(4479 4476 4478 4459)
4(4430 4431 4478 4476)
4(4430 4476 4479 4420)
4(4430 4420 4419 4431)
4(4440 4413 4419 4459)
4(4440 4459 4478 4453)
4(4416 4453 4478 4431)
4(4416 4431 4419 4413)
4(4447 4459 4440 4439)
4(4408 4413 4419 4415)
4(4440 4459 65 59)
4(65 4459 4478 64)
4(58 64 4478 4453)
4(65 4459 4447 47)
4(4479 4459 65 50)
4(30 4448 4479 50)
4(51 4476 4478 64)
4(51 50 4479 4476)
4(4423 4460 4452 4418)
4(4452 4460 4477 4454)
4(4417 4424 4423 4418)
4(4478 4460 4423 4431)
4(4480 4460 4478 4476)
4(4430 4422 4480 4476)
4(4430 4431 4423 4422)
4(4452 4453 4478 4460)
4(4416 4418 4423 4431)
4(4452 66 67 4460)
4(67 64 4478 4460)
4(67 54 4477 4460)
4(67 4460 4480 68)
4(53 68 4480 4467)
4(51 4476 4480 68)
4(4482 4466 4436 4437)
4(4435 4467 4482 4437)
4(4421 4429 4436 4466)
4(4436 4429 4435 4437)
4(4482 4470 4481 4437)
4(4456 4470 4482 4466)
4(4456 4466 4436 4465)
4(71 4437 4481 36)
4(71 5 4075 4437)
4(71 72 4482 4437)
4(53 4467 4482 72)
4(71 4437 4435 55)
4(35 72 4482 4470)
4(4485 4461 4484 4473)
4(4484 4461 4483 4474)
4(4457 4473 4484 4474)
4(4457 4471 4485 4473)
4(4485 4420 4479 4461)
4(4479 4448 4449 4461)
4(4414 4420 4485 4450)
4(4484 4476 4479 4461)
4(4430 4476 4484 4473)
4(4430 4473 4485 4420)
4(48 4461 4483 37)
4(48 49 4484 4461)
4(38 4474 4484 49)
4(4449 4461 48 31)
4(48 4461 4479 50)
4(51 49 4484 4476)
4(4486 4462 4487 4469)
4(4482 4462 4486 4470)
4(4456 4469 4487 4466)
4(4487 4473 4484 4462)
4(4484 4474 4486 4462)
4(4457 4473 4487 4469)
4(4484 4462 4480 4476)
4(4430 4422 4487 4473)
4(73 4462 4484 49)
4(73 41 4486 4462)
4(73 68 4480 4462)
4(73 4462 4482 72)
4(4489 4463 4485 4473)
4(4489 4475 4488 4463)
4(4457 4475 4489 4473)
4(4425 4420 4485 4463)
4(4490 4426 4425 4463)
4(4414 4426 4490 4450)
4(4414 4420 4425 4426)
4(4489 4463 4425 4432)
4(4430 4473 4489 4432)
4(4430 4432 4425 4420)
4(4385 4463 4489 4386)
4(4488 4463 4385 4379)
4(4380 4386 4489 4475)
4(4385 4388 4425 4463)
4(4490 4389 4385 4463)
4(4387 4389 4490 4426)
4(4387 4426 4425 4388)
4(4390 4432 4489 4386)
4(4390 4388 4425 4432)
4(4378 4472 4490 4389)
4(4491 4464 4492 4468)
4(4487 4464 4491 4469)
4(4456 4468 4492 4466)
4(4492 4392 4391 4464)
4(4391 4383 4491 4464)
4(4381 4392 4492 4468)
4(4428 4394 4391 4464)
4(4393 4427 4492 4392)
4(4393 4394 4428 4427)
4(4489 4473 4487 4464)
4(4489 4464 4491 4475)
4(4428 4464 4489 4432)
4(4430 4422 4428 4432)
4(4489 4464 4391 4386)
4(4390 4432 4428 4394)
5(4414 4426 4387 3983 3978)
4(3979 3978 3983 3982)
4(4436 4466 4492 4438)
4(4492 4427 4433 4438)
4(4433 4429 4436 4438)
4(4421 4429 4433 4427)
4(4492 4438 4493 4468)
4(4395 4392 4492 4438)
4(4395 4438 4493 4384)
4(4433 4438 4395 4396)
4(4393 4427 4433 4396)
4(4080 4081 4395 4438)
4(4435 4083 4084 4088)
4(4082 4083 4435 4429)
4(4082 4429 4047 4049)
4(7 55 4435 4083)
4(4435 4437 4075 4083)
4(4082 4076 4436 4429)
4(4433 4085 4080 4438)
4(4082 4085 4433 4429)
4(4040 4396 4433 4085)
4(4403 4406 4095 4064)
4(4095 4406 4434 4087)
4(4403 4064 4044 4409)
4(4094 4406 4095 4096)
4(4403 4406 4094 4062)
4(4403 4062 4061 4064)
4(74 22 4095 4406)
4(74 115 4094 4406)
4(4410 4404 4507 4524)
4(4508 4409 4410 4524)
4(4507 4506 4508 4524)
4(4403 4506 4507 4404)
4(4403 4409 4508 4506)
4(4399 4504 4525 4411)
4(4525 4524 4410 4411)
4(4525 4504 4507 4524)
4(4399 4404 4507 4504)
4(4505 4400 4412 4526)
4(4412 4407 4527 4526)
4(4527 4509 4505 4526)
4(4397 4509 4527 4407)
4(4397 4400 4505 4509)
4(4525 4411 4412 4526)
4(4525 4526 4505 4504)
4(4399 4504 4505 4400)
4(4529 4524 4508 4528)
4(4529 4418 4410 4524)
4(4417 4528 4508 4409)
4(4417 4418 4529 4528)
4(4508 4524 4510 4503)
4(4510 4524 4507 4502)
4(4500 4502 4507 4506)
4(4500 4506 4508 4503)
4(4510 4512 4529 4524)
4(4511 4503 4508 4528)
4(4511 4528 4529 4512)
4(4529 4530 4525 4524)
4(4416 4411 4525 4530)
4(4416 4530 4529 4418)
4(4510 4524 4525 4513)
4(4494 4513 4525 4504)
4(4494 4504 4507 4502)
4(4514 4530 4525 4513)
4(4514 4512 4529 4530)
4(4042 4528 4508 4045)
4(4417 4528 4042 4043)
4(4044 4045 4508 4409)
4(4511 4036 4042 4528)
4(4035 4503 4508 4045)
4(4414 4415 4536 4426)
4(4419 4420 4425 4531)
4(4536 4415 4419 4531)
4(4425 4426 4536 4531)
4(4416 4413 4534 4530)
4(4534 4413 4412 4526)
4(4525 4530 4534 4526)
4(4423 4424 4537 4532)
4(4537 4427 4428 4532)
4(4428 4422 4423 4532)
4(4421 4427 4537 4424)
4(4408 4415 4536 4533)
4(4387 4517 4536 4426)
4(4518 4533 4536 4517)
5(3977 4408 4533 4518 3989)
4(3977 3989 3983 3978)
4(4535 4531 4419 4431)
4(4425 4531 4535 4432)
4(4430 4432 4535 4431)
4(4534 4531 4419 4413)
4(4534 4530 4535 4531)
4(4416 4431 4535 4530)
4(4536 4533 4534 4531)
4(4408 4413 4534 4533)
4(4535 4531 4520 4521)
4(4520 4531 4534 4519)
4(4514 4519 4534 4530)
4(4514 4530 4535 4521)
4(4425 4388 4520 4531)
4(4536 4531 4520 4517)
4(4390 4521 4535 4432)
4(4518 4533 4534 4519)
4(4527 4526 4534 4533)
4(4408 4407 4527 4533)
4(4522 4519 4534 4526)
4(4525 4513 4522 4526)
4(4522 4526 4527 4523)
4(4505 4526 4522 4497)
4(4498 4523 4527 4509)
4(4498 4509 4505 4497)
4(4518 4533 4527 4523)
4(4494 4497 4505 4504)
4(4537 4532 4529 4528)
4(4529 4532 4423 4418)
4(4417 4424 4537 4528)
4(4516 4532 4537 4515)
4(4428 4532 4516 4394)
4(4393 4515 4537 4427)
4(4529 4512 4516 4532)
4(4511 4528 4537 4515)
4(4423 4532 4535 4431)
4(4428 4432 4535 4532)
4(4535 4530 4529 4532)
4(4535 4521 4516 4532)
5(4397 4509 4498 3988 3976)
4(3977 3976 3988 3989)
4(4537 4424 4047 4046)
4(4433 4427 4537 4046)
4(4047 4429 4433 4046)
4(4042 4046 4537 4528)
4(4537 4046 4039 4515)
4(4433 4396 4039 4046)
4(4433 4046 4048 4085)
5(4543 4542 121 122 4572)
5(4540 4541 4573 116 124)
4(122 123 4575 4572)
4(4541 4544 4575 4573)
4(116 4573 4575 123)
4(4543 4572 4575 4544)
5(4540 4542 4543 4544 4541)
4(128 129 4578 4570)
4(4578 4566 4577 4570)
4(4578 129 130 4566)
4(130 131 4577 4566)
4(128 4570 4577 131)
4(122 4572 4579 142)
4(4054 4089 4579 4546)
4(97 142 4579 4089)
4(4543 4546 4579 4572)
5(4050 4054 4546 4543 4542)
4(4055 4090 4580 4547)
4(4580 4090 4091 4567)
4(4548 4547 4580 4567)
4(4091 4056 4548 4567)
4(4055 4547 4548 4056)
4(4581 4568 4578 4570)
4(133 129 4578 4568)
4(4581 132 133 4568)
4(128 132 4581 4570)
4(4092 4090 4580 4569)
4(4580 4547 4555 4569)
4(4555 4069 4092 4569)
4(4055 4069 4555 4547)
5(3984 120 116 4573 4541)
5(4549 4571 118 119 3985)
4(4549 4550 4574 4571)
4(118 4571 4574 117)
4(4541 4573 4574 4550)
4(116 117 4574 4573)
5(4549 3985 3984 4541 4550)
4(3984 3985 119 120)
4(4540 4541 3984 3986)
4(134 3986 3984 120)
5(126 125 3987 4545 4562)
4(4549 4571 4576 4554)
4(118 135 4576 4571)
4(126 4562 4576 135)
4(4545 4554 4576 4562)
5(4549 4554 4545 3987 3985)
4(3987 125 119 3985)
5(4397 3976 3987 4545 4538)
4(4397 4538 4539 4398)
4(4545 4562 4539 4538)
4(45 4398 4539 127)
4(126 127 4539 4562)
4(3987 3976 44 125)
4(4578 4566 4551 4552)
4(4551 4566 4577 4564)
4(4563 4564 4577 4570)
4(4563 4570 4578 4552)
4(4563 4552 4551 4564)
4(4574 4571 4578 4566)
4(4551 4550 4574 4566)
4(4549 4552 4578 4571)
4(4549 4550 4551 4552)
4(4574 117 130 4566)
4(118 4571 4578 129)
4(4575 4566 130 123)
4(4577 4566 4575 4572)
4(122 131 4577 4572)
4(4574 4566 4575 4573)
4(4551 4544 4575 4566)
4(4541 4544 4551 4550)
4(4543 4572 4577 4564)
4(4543 4564 4551 4544)
4(141 4567 4580 140)
4(4091 4567 141 103)
4(102 140 4580 4090)
4(4580 4570 4577 4567)
4(4577 131 141 4567)
4(128 4570 4580 140)
4(4577 4567 4548 4564)
4(4563 4547 4580 4570)
4(4563 4564 4548 4547)
4(141 4567 4579 142)
4(4579 4567 4577 4572)
4(4091 4089 4579 4567)
4(4548 4567 4579 4546)
4(4054 4056 4548 4546)
4(4543 4546 4548 4564)
4(4553 4568 4578 4552)
4(4553 4565 4581 4568)
4(4563 4570 4581 4565)
4(4563 4565 4553 4552)
4(4578 4571 4576 4568)
4(4576 4554 4553 4568)
4(4549 4552 4553 4554)
4(133 135 4576 4568)
4(4558 4562 4576 4568)
4(4558 4568 133 136)
4(126 4562 4558 136)
4(4553 4568 4558 4559)
4(4545 4554 4553 4559)
4(4545 4559 4558 4562)
4(4558 4568 4581 4557)
4(138 4557 4581 132)
4(138 136 4558 4557)
4(4556 4565 4581 4557)
4(4556 4557 4558 4559)
4(4556 4559 4553 4565)
4(4580 4569 143 140)
4(143 4569 4092 106)
4(4580 4569 4581 4570)
4(143 132 4581 4569)
4(4555 4569 4581 4565)
4(4563 4547 4555 4565)
4(4561 4569 143 144)
4(4581 4569 4561 4557)
4(138 4557 4561 144)
4(4561 4093 4092 4569)
4(4561 4569 4555 4560)
4(4067 4093 4561 4560)
4(4067 4560 4555 4069)
4(109 144 4561 4093)
4(4556 4565 4555 4560)
4(4556 4560 4561 4557)
4(4399 4400 4598 4590)
4(4401 4582 4598 4400)
4(4598 4582 4597 4590)
4(4597 4582 4401 4402)
4(4399 4590 4597 4402)
4(4403 4404 4599 4062)
4(4599 4404 4405 4583)
4(4094 4062 4599 4583)
4(4405 4406 4094 4583)
4(4602 4593 4603 4584)
4(4603 4550 4551 4584)
4(4551 4552 4602 4584)
4(4549 4593 4602 4552)
4(4549 4550 4603 4593)
5(4361 4542 4543 4594 4360)
4(4360 4594 4600 4359)
4(4541 4595 4600 4544)
4(4358 4359 4600 4595)
4(4543 4544 4600 4594)
5(4540 4362 4358 4595 4541)
4(4360 4363 4604 4594)
4(4054 4546 4604 4053)
4(4052 4053 4604 4363)
4(4543 4594 4604 4546)
4(4605 4547 4548 4585)
4(4057 4058 4605 4585)
4(4548 4056 4057 4585)
4(4055 4547 4605 4058)
4(4403 4062 4059 4506)
4(4403 4506 4063 4064)
4(4063 4506 4059 4060)
4(4505 4586 4607 4504)
4(4598 4586 4505 4400)
4(4607 4586 4598 4590)
4(4399 4504 4607 4590)
4(4545 4591 4606 4559)
4(4553 4559 4606 4587)
4(4553 4587 4610 4554)
4(4610 4587 4606 4591)
4(4545 4554 4610 4591)
4(4059 4506 4507 4588)
4(4507 4404 4599 4588)
4(4599 4062 4059 4588)
4(4556 4565 4609 4592)
4(4556 4592 4611 4560)
4(4555 4560 4611 4589)
4(4611 4592 4609 4589)
4(4609 4565 4555 4589)
4(4397 4509 4608 4538)
4(4545 4538 4608 4591)
4(4498 4499 4608 4509)
4(4357 4591 4608 4499)
5(3987 4545 4591 4357 3975)
4(3988 3976 3987 3975)
4(4508 4506 4063 4045)
4(4598 4538 4539 4582)
4(4539 4398 4401 4582)
4(4397 4538 4598 4400)
4(4558 4582 4598 4559)
4(4558 4562 4539 4582)
4(4545 4559 4598 4538)
4(4597 4557 4558 4582)
4(4556 4557 4597 4590)
4(4556 4590 4598 4559)
4(137 4582 4597 139)
4(4558 4582 137 136)
4(138 139 4597 4557)
4(137 62 4401 4582)
4(137 4582 4539 127)
4(63 4402 4597 139)
4(4599 4590 4597 4583)
4(4405 4583 4597 4402)
4(4399 4590 4599 4404)
4(4599 4560 4561 4583)
4(4561 4557 4597 4583)
4(4556 4560 4599 4590)
4(4561 4583 4094 4093)
4(4067 4062 4599 4560)
4(4561 144 145 4583)
4(4597 4583 145 139)
4(145 115 4094 4583)
4(145 4583 4405 70)
4(4601 4584 4366 4367)
4(4366 4584 4600 4359)
4(4600 4584 4601 4594)
4(4360 4594 4601 4367)
4(4602 4368 4366 4584)
4(4603 4584 4366 4365)
4(4364 4368 4602 4593)
4(4364 4593 4603 4365)
4(4603 4595 4600 4584)
4(4551 4584 4600 4544)
4(4541 4595 4603 4550)
4(4602 4584 4601 4596)
4(4551 4564 4601 4584)
4(4563 4596 4601 4564)
4(4563 4552 4602 4596)
4(4369 4367 4601 4596)
4(4369 4596 4602 4368)
4(4358 4365 4603 4595)
4(4543 4564 4601 4594)
4(4373 4363 4604 4585)
4(4601 4367 4373 4585)
4(4601 4585 4604 4594)
4(4605 4596 4601 4585)
4(4548 4585 4601 4564)
4(4563 4596 4605 4547)
4(4373 4585 4057 4066)
4(4605 4585 4373 4374)
4(4065 4058 4605 4374)
4(4057 4585 4604 4053)
4(4604 4585 4548 4546)
4(4369 4374 4605 4596)
4(4607 4495 4496 4586)
4(4496 4497 4505 4586)
4(4494 4495 4607 4504)
4(4608 4538 4598 4586)
4(4505 4509 4608 4586)
4(4606 4559 4598 4586)
4(4608 4591 4606 4586)
4(4606 4592 4607 4586)
4(4556 4592 4606 4559)
4(4556 4590 4607 4592)
4(4606 4356 4496 4586)
4(4354 4356 4606 4592)
4(4354 4592 4607 4495)
4(4608 4586 4496 4499)
4(4357 4591 4606 4356)
4(4609 4592 4606 4587)
4(4553 4565 4609 4587)
4(4610 4593 4602 4587)
4(4602 4552 4553 4587)
4(4549 4593 4610 4554)
4(4371 4587 4609 4372)
4(4606 4587 4371 4356)
4(4354 4372 4609 4592)
4(4371 4368 4602 4587)
4(4610 4370 4371 4587)
4(4364 4370 4610 4593)
4(4609 4587 4602 4596)
4(4563 4565 4609 4596)
4(4369 4596 4609 4372)
4(4357 4591 4610 4370)
4(4507 4588 4501 4502)
4(4501 4588 4059 4038)
4(4500 4038 4059 4506)
4(4507 4504 4607 4588)
4(4599 4588 4607 4590)
4(4501 4495 4607 4588)
4(4611 4560 4599 4588)
4(4607 4592 4611 4588)
4(4611 4068 4059 4588)
4(4067 4068 4611 4560)
4(4501 4355 4611 4588)
4(4354 4592 4611 4355)
4(4037 4355 4611 4068)
4(4070 4589 4555 4069)
4(4070 4068 4611 4589)
4(4555 4547 4605 4589)
4(4605 4058 4070 4589)
4(4609 4589 4375 4372)
4(4375 4589 4611 4355)
4(4605 4589 4609 4596)
4(4375 4589 4605 4374)
4(4070 4589 4375 4071)
5(4549 4593 4364 3972 3985)
4(3987 3985 3972 3975)
5(3984 4541 4595 4358 3973)
4(3984 3973 3972 3985)
4(3984 3986 3974 3973)
4(4500 4033 4063 4506)
4(3977 43 78 4618)
4(4614 80 44 3976)
4(4614 3976 3977 4618)
4(4619 3978 29 79)
4(4619 4618 3977 3978)
4(3979 4624 81 33)
4(4623 4624 3979 3980)
4(4619 3978 3979 4624)
4(3979 3982 4621 4624)
4(4619 3978 3983 4620)
4(3984 120 150 4616)
4(4615 3986 3984 4616)
4(4612 3985 119 148)
4(4612 4616 3984 3985)
4(149 125 3987 4613)
4(4614 4613 3987 3976)
4(4612 3985 3987 4613)
4(4625 3989 3977 4618)
4(4614 3976 3988 4617)
4(4626 4613 3987 3975)
4(4612 3985 3972 4627)
4(4628 3973 3984 4616)
4(833 1026 1031 847)
4(857 1042 0 4)
4(857 847 1031 1042)
4(84 83 52 1085)
4(84 1085 1084 1141)
4(833 375 363 1026)
4(1150 1026 363 346)
4(1155 338 319 1019)
4(1155 1159 339 338)
4(1150 346 339 1159)
4(1155 1090 1089 1159)
4(1155 1019 1084 1090)
4(1150 1086 1031 1026)
4(1150 1159 1089 1086)
4(1238 34 0 1042)
4(1238 1042 1031 1086)
4(1236 1242 1089 1090)
4(1238 1086 1089 1242)
4(1238 1242 39 34)
4(1236 40 39 1242)
4(1236 1085 52 40)
4(1236 1090 1084 1085)
4(1444 1406 121 124)
4(1341 1345 1361 1481)
4(1430 1406 1361 1372)
4(1444 1481 1361 1406)
4(1430 1544 92 98)
4(875 93 92 1544)
4(875 1544 1389 878)
4(1430 1372 1389 1544)
4(1430 98 121 1406)
4(1341 406 407 1345)
4(1639 1345 407 398)
4(1639 398 397 1605)
4(1639 1372 1361 1345)
4(899 1605 397 439)
4(1639 1605 1389 1372)
4(899 878 1389 1605)
5(154 158 1863 1894 214)
5(1820 1858 1904 1863 158)
5(1820 725 724 1905 1858)
4(214 1894 1941 205)
4(1863 1893 1941 1894)
4(1863 1904 1942 1893)
4(1858 1879 1942 1904)
4(1858 1905 1943 1879)
4(724 734 1943 1905)
4(833 1739 455 375)
4(1732 471 455 1739)
4(875 1980 176 93)
4(875 878 1799 1980)
4(1820 158 176 1980)
4(1820 1980 1799 725)
4(743 2042 480 485)
4(899 439 480 2042)
4(899 2042 1799 878)
4(743 725 1799 2042)
4(525 526 2222 2163)
5(519 471 2172 2215 520)
4(520 2215 2222 526)
4(2172 2181 2222 2215)
4(2160 2163 2222 2181)
4(544 548 2200 776)
4(2200 548 547 2201)
4(525 2163 2202 549)
4(547 549 2202 2201)
4(2246 2245 2200 2201)
4(777 776 2200 2245)
4(2246 2201 2202 2247)
4(2353 2309 2384 2294)
4(2383 2309 2353 2295)
4(2358 2314 2379 2296)
4(2380 2314 2358 2297)
4(2239 2294 2103 2102)
4(2384 2106 2103 2294)
4(2356 2295 2243 2241)
4(2383 2295 2356 2336)
4(2242 2296 2356 2241)
4(2356 2296 2379 2336)
4(2246 2297 2244 2245)
4(2246 2247 2380 2297)
4(2160 2247 2202 2163)
4(2283 2312 2379 2314)
4(2283 2314 2380 2313)
4(2283 2313 2381 2315)
4(2283 2315 2382 2312)
4(2282 2309 2383 2308)
4(2282 2307 2384 2309)
4(2282 2310 2385 2307)
5(2127 249 2152 2339 2288)
5(1732 2289 2342 2172 471)
5(1732 2132 2293 2343 2289)
5(2127 2288 2340 2293 2132)
4(2282 2308 2386 2310)
4(2287 2336 2379 2312)
4(2160 2313 2380 2247)
4(2160 2181 2381 2313)
4(2172 2342 2381 2181)
4(2289 2315 2381 2342)
4(2289 2343 2382 2315)
4(2293 2337 2382 2343)
4(2287 2312 2382 2337)
4(2287 2308 2383 2336)
4(2104 2106 2384 2307)
4(2288 2339 2385 2310)
4(2152 2157 2385 2339)
4(2104 2307 2385 2157)
4(2287 2337 2386 2308)
4(2293 2340 2386 2337)
4(2288 2310 2386 2340)
4(779 782 2239 2102)
4(787 2240 2239 782)
4(788 795 2242 2241)
4(788 2241 2243 789)
4(777 2245 2244 800)
4(2353 2294 2239 2240)
6(2243 2295 2353 2240 787 789)
5(2358 2296 2242 795 799)
5(2244 2297 2358 799 800)
4(857 4 234 2424)
4(833 847 2426 1739)
4(857 2424 2426 847)
4(2127 2424 234 249)
4(2127 2132 2426 2424)
4(1732 1739 2426 2132)
4(281 2110 2482 282)
5(258 288 2477 2152 249)
4(2104 2157 2482 2110)
4(2152 2477 2482 2157)
4(288 282 2482 2477)
5(2103 2491 812 779 2102)
5(2491 2103 2106 2104 2110)
5(281 299 298 2491 2110)
5(302 812 2491 298 304)
4(2545 2498 2698 2757)
4(2704 2758 2762 2699)
7(2505 2592 2727 2722 2761 2507 2506)
4(2737 2729 2734 2723)
4(2737 2723 2730 2721)
4(2722 2730 2723 2733)
4(2721 2730 2736 2731)
4(2722 2727 2736 2730)
4(2715 2720 2707 2704)
4(2705 2707 2720 2717)
4(2698 2498 2499 2709)
4(2762 2757 2698 2699)
4(2763 2758 2704 2707)
4(2705 2759 2763 2707)
4(2767 2759 2705 2706)
4(2673 2760 2764 2697)
4(2764 2760 2733 2726)
4(2697 2764 2715 2708)
4(2764 2726 2720 2715)
4(2734 2729 2716 2717)
5(2736 2727 2592 2600 2599)
4(2509 2679 2709 2499)
4(2708 2715 2704 2699)
4(2717 2716 2706 2705)
4(2507 2761 2760 2673)
4(2722 2733 2760 2761)
4(2734 2726 2733 2723)
7(2515 2507 2673 2697 2679 2509 2522)
4(2709 2708 2699 2698)
4(2709 2679 2697 2708)
4(2639 2763 2759 2641)
4(2644 2641 2759 2767)
4(2762 2604 2606 2757)
4(2545 2757 2606 2547)
4(2762 2758 2638 2604)
4(2763 2639 2638 2758)
4(2717 2720 2726 2734)
4(2599 2601 2731 2736)
5(743 485 2877 2894 2842)
5(573 578 2885 2877 485)
4(2842 2894 2911 2834)
4(2877 2893 2911 2894)
4(2877 2885 2912 2893)
4(578 2860 2912 2885)
5(743 2842 2936 724 725)
4(724 2936 2944 734)
4(2842 2834 2944 2936)
4(641 637 2971 2968)
4(2970 638 641 2968)
4(2972 640 642 2557)
4(2604 2638 2971 2967)
4(2639 2968 2971 2638)
4(2639 2641 2970 2968)
4(2644 2969 2970 2641)
4(2604 2967 2972 2606)
4(2547 2606 2972 2557)
4(636 2967 2971 637)
4(639 638 2970 2969)
4(2972 2967 636 640)
4(3015 3014 3027 3023)
4(3019 3023 3027 3024)
4(3020 3024 3027 3022)
6(3019 2600 2592 2505 2566 2565)
4(3019 3024 2599 2600)
4(3020 2601 2599 3024)
7(2562 2561 3015 3023 3019 2565 2568)
4(3013 3022 3027 3014)
4(3114 3202 3177 3115)
4(642 678 3185 2557)
4(2547 2557 3185 3184)
4(3144 3184 3185 3142)
4(3118 3188 3194 3119)
4(3177 3188 3118 3115)
4(3145 3194 3188 3146)
4(3144 3146 3188 3177)
5(3119 3194 3162 3147 3122)
3(3147 3162 3161)
4(3114 2498 2545 3202)
4(3226 3211 3225 3206)
4(3203 3212 3225 3211)
5(3211 3226 3207 3213 3203)
4(3145 3146 3217 3216)
4(3144 3142 3217 3146)
4(3203 3208 3220 3212)
4(662 3212 3220 3215)
4(3147 3161 3215 3220)
4(662 3215 643 646)
3(643 3221 644)
4(3226 3206 655 544)
4(3225 668 667 3206)
4(662 668 3225 3212)
4(3206 667 656 655)
4(3203 3213 3229 3208)
4(3083 3088 3229 3213)
4(3207 3226 544 776)
4(3083 3213 3207 3087)
4(3123 3122 3208 3229)
4(3125 3123 3229 3088)
5(777 3089 3087 3207 776)
4(677 3142 3185 678)
4(3122 3147 3220 3208)
4(3194 3145 3161 3162)
4(3144 3177 3202 3184)
4(2547 3184 3202 2545)
4(3217 683 658 3216)
4(677 683 3217 3142)
4(3161 3221 643 3215)
6(3145 3216 658 644 3221 3161)
4(3250 3251 3114 3115)
4(3251 2499 2498 3114)
4(3249 3250 3115 3118)
5(3247 3248 3230 3236 3249)
4(3243 3251 3250 3246)
4(3243 2509 2499 3251)
5(3245 3246 3250 3249 3236)
4(3100 3063 3065 3259)
4(3105 3101 3256 3257)
4(3107 3105 3257 3258)
4(3109 3107 3258 3260)
4(3088 3109 3260 3125)
4(3243 3246 3267 3345)
4(3281 3282 3071 3072)
4(3342 3327 3341 3324)
4(3341 3327 3337 3346)
4(3329 3336 3337 3327)
4(3336 3281 3072 3337)
4(3267 3246 3245 3324)
4(3324 3341 3240 3244)
3(3267 3324 3244)
4(3344 3329 3327 3342)
4(3230 3344 3342 3236)
4(3243 3345 2522 2509)
4(3341 3346 3242 3240)
5(3075 3074 3060 3242 3346)
4(3075 3346 3337 3072)
4(3118 3119 3247 3249)
4(3035 3071 3282 3040)
3(3119 3248 3247)
4(3248 3119 3122 3123)
5(2505 2506 3237 3056 2566)
5(3060 3061 3058 3255 3242)
5(3240 3241 3345 3267 3244)
4(2515 2522 3345 3241)
4(3248 3123 3125 3230)
4(3056 3237 3238 3057)
5(2507 2515 3238 3237 2506)
3(3255 3239 3242)
4(3240 3242 3239 3241)
5(3255 3058 3057 3238 3239)
4(2515 3241 3239 3238)
4(3101 3100 3259 3256)
5(3282 3259 3065 3073 3040)
4(3260 3258 3329 3344)
4(3342 3324 3245 3236)
4(3257 3336 3329 3258)
4(3336 3257 3256 3281)
4(3259 3282 3281 3256)
4(3260 3344 3230 3125)
4(3079 3077 3359 3355)
4(3375 3353 3362 3356)
4(3376 3365 3379 3357)
4(3379 3365 3380 3358)
4(3353 3063 3100 3362)
4(3354 3362 3100 3101)
4(3354 3101 3105 3364)
4(3083 3350 3109 3088)
4(3375 3355 3359 3353)
4(3079 3355 782 779)
4(3354 3377 3356 3362)
5(3356 3377 3367 788 789)
5(3376 3357 3377 3354 3364)
4(3377 3357 3378 3367)
4(788 3367 3378 795)
4(799 795 3378 3368)
4(3087 3089 3381 3358)
4(777 800 3381 3089)
5(3087 3358 3380 3350 3083)
4(799 3368 3381 800)
4(3347 3365 3376 3364)
4(3347 3364 3105 3107)
4(3347 3350 3380 3365)
4(3347 3107 3109 3350)
4(3375 787 782 3355)
4(3375 3356 789 787)
4(3379 3368 3378 3357)
4(3381 3368 3379 3358)
4(3387 3382 3396 3388)
4(3060 3388 3396 3061)
5(312 314 307 3408 3407)
4(3079 3407 3408 3077)
5(3079 779 812 3411 3407)
4(3071 3035 3414 3412)
4(3390 3074 3075 3412)
4(3071 3412 3075 3072)
4(2565 2566 3056 3401)
4(3397 3401 3056 3057)
4(3397 3057 3058 3400)
4(2565 3401 3403 2568)
4(3393 3399 3396 3382)
4(3397 3402 3403 3401)
4(2562 2568 3403 3391)
4(3392 3391 3403 3402)
4(3397 3400 3404 3402)
5(3392 3402 3404 3399 3393)
4(3404 3400 3058 3399)
4(3058 3061 3396 3399)
5(3387 3388 3390 3412 3414)
4(3060 3074 3390 3388)
4(302 313 3411 812)
4(3411 313 312 3407)
4(3489 3504 339 346)
4(3489 346 363 3416)
4(3452 3424 397 398)
4(3452 398 407 3457)
4(3686 3684 3685 3682)
4(3687 3684 3686 3683)
3(3587 3682 3685)
4(667 668 3687 3683)
5(519 520 3667 3663 3655)
4(525 3629 3679 526)
4(3630 3672 3679 3629)
4(3663 3667 3679 3672)
4(520 526 3679 3667)
4(519 3655 3607 3612)
4(662 646 3687 668)
4(3588 3587 3685 3647)
4(3644 3647 3685 3684)
4(3644 3684 3687 646)
6(3714 3713 3716 3718 3647 3644)
4(3577 3576 3718 3716)
4(3713 3578 3577 3716)
4(3713 3714 643 644)
5(544 655 3720 547 548)
4(3713 644 658 3578)
5(3640 3720 655 656 3639)
6(3723 3720 3640 3641 3630 3629)
4(525 549 3723 3629)
4(3583 3584 3589 3717)
4(3644 646 643 3714)
5(3647 3718 3717 3589 3588)
4(3583 3717 3718 3576)
4(3723 549 547 3720)
4(3764 3416 363 375)
4(3764 375 455 3612)
4(519 3612 455 471)
4(3743 439 397 3424)
4(3743 3601 480 439)
4(573 485 480 3601)
4(3878 3877 636 637)
4(639 3880 3879 638)
4(3882 3881 677 678)
4(636 3877 3883 640)
4(641 3884 3878 637)
4(3879 3884 641 638)
4(642 3885 3882 678)
4(3883 3885 642 640)
4(3878 3937 3948 3877)
4(3926 3921 3948 3937)
4(3954 3916 3927 3938)
4(3879 3880 3954 3938)
4(3908 3918 3926 3919)
4(3908 3920 3932 3918)
4(3907 3917 3933 3915)
4(3907 3915 3927 3916)
4(3952 3881 3882 3939)
4(3951 3942 3952 3939)
4(3883 3877 3948 3940)
4(3948 3921 3949 3940)
5(3909 3922 3966 3958 3910)
4(3909 3921 3926 3918)
4(3909 3918 3932 3922)
4(3908 3915 3933 3920)
4(3908 3919 3927 3915)
4(3902 3881 3952 3941)
4(3952 3942 3953 3941)
4(3902 3578 658 683)
4(677 3881 3902 683)
4(3926 3937 3947 3919)
4(3878 3884 3947 3937)
4(3947 3938 3927 3919)
4(3879 3938 3947 3884)
4(3951 3939 3950 3945)
4(3882 3885 3950 3939)
4(3949 3945 3950 3940)
4(3883 3940 3950 3885)
4(3953 3576 3577 3941)
5(3910 3958 3842 3844 3911)
5(3910 3911 3912 3946 3909)
6(3906 3943 3912 3911 3844 3832)
7(3583 3944 3906 3832 3833 3835 3584)
4(3906 3942 3951 3943)
4(3912 3943 3951 3945)
4(3909 3946 3949 3921)
4(3912 3945 3949 3946)
4(3577 3578 3902 3941)
4(3906 3944 3953 3942)
4(3583 3576 3953 3944)
4(4050 4111 4110 4051)
4(4236 4202 234 4)
4(4236 4 0 4073)
4(4236 4073 4077 4029)
4(4236 4029 4028 4202)
4(258 249 234 4202)
4(4050 98 92 4111)
4(4134 4111 92 93)
4(4134 93 176 4137)
4(154 4137 176 158)
4(4134 4137 4001 3999)
4(4134 3999 4110 4111)
4(4445 40 52 3980)
4(4445 4458 39 40)
4(4455 4073 0 34)
4(4455 34 39 4458)
4(4445 4377 4376 4458)
4(4455 4458 4376 4382)
4(4445 3980 3981 4377)
4(4455 4382 4077 4073)
4(4540 124 121 4542)
4(4050 4542 121 98)
4(4540 4542 4361 4362)
4(4050 4051 4361 4542)
4(4623 3980 52 83)
4(4623 4622 3981 3980)
4(153 1453 134 152)
4(1444 124 134 1453)
4(153 1469 1454 1453)
4(1341 1481 1454 1338)
4(1444 1453 1454 1481)
4(1341 1338 390 406)
5(202 1875 1855 690 221)
4(202 205 1941 1875)
4(1853 1877 1942 1879)
4(1853 1879 1943 1876)
5(1853 687 690 1855 1877)
5(1853 1876 729 684 687)
4(1855 1875 1941 1893)
4(1855 1893 1942 1877)
4(729 1876 1943 734)
5(2667 2661 2614 2613 2700)
4(2669 2711 2737 2725)
4(2669 2725 2738 2670)
4(2719 2729 2737 2711)
3(2721 2725 2737)
4(2721 2731 2738 2725)
4(2598 2596 2738 2731)
4(2595 2670 2738 2596)
7(2669 2682 2747 2633 2746 2719 2711)
4(2667 2700 2755 2696)
3(2716 2756 2706)
4(2613 2627 2755 2700)
4(2633 2747 2755 2627)
4(2682 2696 2755 2747)
4(2719 2746 2756 2716)
4(2633 2631 2756 2746)
4(2630 2706 2756 2631)
4(2630 2643 2767 2706)
3(2644 2767 2643)
3(2719 2716 2729)
3(2598 2731 2601)
5(2570 2574 2791 2768 2595)
4(2577 2788 2797 2578)
4(2776 2783 2797 2788)
4(2768 2791 2797 2783)
4(2574 2578 2797 2791)
5(2577 687 684 2776 2788)
6(2669 2670 2595 2768 2815 2682)
4(2667 2696 2830 2813)
4(2682 2815 2830 2696)
4(2768 2783 2830 2815)
4(2776 2813 2830 2783)
5(2667 2813 2776 684 2661)
5(2831 2886 2864 2614 2661)
4(2831 2834 2911 2886)
4(2859 2868 2912 2860)
4(2864 2886 2911 2893)
4(2864 2893 2912 2868)
4(2859 2926 2930 2925)
6(2859 2860 578 581 598 2926)
4(598 609 2930 2926)
4(610 2659 2930 609)
4(2658 2925 2930 2659)
6(2859 2925 2658 2614 2864 2868)
5(2831 2661 684 729 2933)
4(2831 2933 2944 2834)
4(729 734 2944 2933)
4(2644 2962 639 2969)
4(625 628 639 2962)
4(2976 2979 3004 2991)
4(2976 2992 3005 2980)
4(2630 2631 3004 2979)
4(2633 2627 3004 2631)
4(2613 2991 3004 2627)
4(2658 2659 3005 2992)
4(610 629 3005 2659)
4(625 2980 3005 629)
6(2976 2991 2613 2614 2658 2992)
4(2976 2980 3009 2979)
4(625 2962 3009 2980)
4(2644 2643 3009 2962)
4(2630 2979 3009 2643)
4(3013 3016 3030 3022)
6(2570 2595 2596 2598 3026 3012)
4(3012 3026 3030 3016)
4(2598 2601 3030 3026)
4(3020 3022 3030 2601)
6(3554 3850 3892 610 609 598)
4(3859 628 3901 3860)
4(625 629 3901 628)
4(610 3892 3901 629)
4(3850 3860 3901 3892)
4(3859 3880 639 628)
4(3859 3916 3954 3880)
5(3554 3561 3837 3924 3850)
4(3859 3860 3934 3916)
4(3850 3924 3934 3860)
4(3837 3917 3934 3924)
4(3907 3916 3934 3917)
4(4540 3986 134 124)
4(4540 4362 3974 3986)
4(4615 152 134 3986)
4(4615 3986 3974 4629)
4(317 918 1016 316)
4(1016 1017 315 316)
4(1018 1019 319 318)
4(1018 318 315 1017)
4(1142 1140 1082 1081)
4(1016 1081 1082 1017)
4(1143 1083 1082 1140)
4(1018 1017 1082 1083)
4(77 1140 1142 76)
4(75 76 1142 922)
4(77 76 78 79)
4(75 80 78 76)
4(924 922 1142 1081)
4(1016 918 924 1081)
4(1084 1083 1143 1141)
4(1084 1019 1018 1083)
4(77 82 1143 1140)
4(84 1141 1143 82)
4(77 79 81 82)
4(84 82 81 83)
5(320 321 322 317 316)
4(323 324 325 326)
4(322 321 325 327)
4(320 326 325 321)
4(328 327 325 324)
5(333 338 339 340 341)
5(320 316 315 335 347)
5(315 318 333 334 335)
4(319 338 333 318)
4(323 326 352 353)
4(335 350 352 347)
4(320 347 352 326)
4(351 353 352 350)
4(340 348 349 341)
4(335 334 349 350)
4(333 341 349 334)
4(351 350 349 348)
4(390 1338 1337 389)
4(1337 1339 388 389)
4(1340 918 317 391)
4(1340 391 388 1339)
4(146 147 1473 1468)
4(75 922 1473 147)
4(146 151 150 148)
4(153 152 150 151)
4(1447 1446 1472 1468)
4(1337 1446 1447 1339)
4(1454 1469 1472 1446)
4(1337 1338 1454 1446)
4(146 1468 1472 151)
4(153 151 1472 1469)
4(146 148 149 147)
4(75 147 149 80)
4(1447 1468 1473 1451)
4(1447 1451 1340 1339)
4(1473 922 924 1451)
4(924 918 1340 1451)
4(405 406 390 389)
5(407 406 405 408 409)
5(405 389 388 412 425)
5(388 391 410 411 412)
5(317 322 432 410 391)
4(409 408 433 434)
4(412 430 433 425)
4(405 425 433 408)
4(431 434 433 430)
4(426 427 428 429)
4(412 411 428 430)
4(410 429 428 411)
4(431 430 428 427)
4(426 429 436 437)
4(322 327 436 432)
4(410 432 436 429)
4(328 437 436 327)
5(539 540 536 530 529)
4(540 541 537 536)
4(542 538 537 541)
4(530 536 537 533)
4(535 533 537 538)
5(557 558 559 560 561)
4(567 582 583 568)
4(557 561 583 582)
4(560 584 583 561)
4(585 568 583 584)
6(559 586 587 585 584 560)
4(567 568 569 570)
4(576 570 569 579)
4(580 579 569 591)
4(580 591 593 594)
4(586 595 593 587)
4(596 594 593 595)
4(585 591 569 568)
4(585 587 593 591)
4(567 570 571 572)
6(573 574 575 576 577 578)
4(567 572 588 582)
4(576 575 571 570)
4(589 572 571 590)
4(574 590 571 575)
4(557 582 588 564)
4(589 592 588 572)
4(566 564 588 592)
5(539 558 557 562 540)
4(540 562 563 541)
4(557 564 563 562)
4(542 541 563 565)
4(566 565 563 564)
6(576 579 580 581 578 577)
6(581 580 594 596 597 598)
4(539 666 559 558)
4(539 529 647 666)
3(656 667 657)
4(649 657 667 665)
4(3484 3485 3481 3449)
4(3420 3422 3481 3485)
4(323 3502 3451 324)
4(3444 3445 3451 3450)
4(3501 3450 3451 3502)
4(328 324 3451 3445)
4(3484 3449 3448 3500)
4(3501 3500 3448 3450)
4(3484 3493 3492 3485)
5(3489 3416 3417 3491 3490)
5(339 3504 3505 3510 340)
5(3489 3490 3508 3505 3504)
4(3484 3500 3517 3493)
4(3495 3496 3492 3493)
4(3418 3419 3492 3496)
4(3420 3485 3492 3419)
4(3490 3491 3498 3497)
4(3495 3497 3498 3496)
4(3418 3496 3498 3421)
4(3417 3421 3498 3491)
4(340 3510 3514 348)
4(3503 3511 3514 3513)
4(351 348 3514 3511)
4(3505 3513 3514 3510)
4(323 353 3515 3502)
4(3503 3512 3515 3511)
4(351 3511 3515 353)
4(3501 3502 3515 3512)
4(3495 3493 3517 3509)
4(3503 3509 3517 3512)
4(3501 3512 3517 3500)
4(3490 3497 3519 3508)
4(3495 3509 3519 3497)
4(3503 3513 3519 3509)
4(3505 3508 3519 3513)
4(3454 3456 3455 3453)
5(3452 3454 3453 3423 3424)
4(3454 3459 3460 3456)
5(3452 3457 3458 3459 3454)
4(3461 3462 3455 3456)
4(3425 3426 3455 3462)
4(3423 3453 3455 3426)
4(3461 3464 3463 3462)
4(3425 3462 3463 3427)
4(3461 3456 3460 3469)
4(3465 3469 3460 3468)
4(3458 3468 3460 3459)
4(3461 3469 3470 3464)
4(3471 3464 3470 3472)
4(3465 3466 3470 3469)
4(3467 3472 3470 3466)
4(3471 3473 3463 3464)
4(3428 3427 3463 3473)
4(3471 3475 3474 3473)
4(3428 3473 3474 3429)
4(3471 3472 3477 3475)
4(3467 3476 3477 3472)
4(3478 3479 3474 3475)
4(3430 3429 3474 3479)
4(3478 3475 3477 3480)
4(3444 3480 3477 3476)
4(3478 3449 3481 3479)
4(3478 3480 3448 3449)
4(3430 3479 3481 3422)
4(3444 3450 3448 3480)
5(407 409 3537 3458 3457)
4(426 3538 3546 427)
4(3465 3539 3546 3466)
4(431 427 3546 3539)
4(3467 3466 3546 3538)
4(409 434 3547 3537)
4(3465 3468 3547 3539)
4(431 3539 3547 434)
4(3458 3537 3547 3468)
4(426 437 3550 3538)
4(3444 3476 3550 3445)
4(3467 3538 3550 3476)
4(328 3445 3550 437)
4(589 3598 3593 592)
4(542 565 3595 3604)
4(3597 3592 3593 3598)
4(566 592 3593 3594)
4(3591 3594 3593 3592)
4(566 3594 3595 565)
4(3591 3596 3595 3594)
4(3552 3553 559 666)
6(3554 598 597 596 3556 3555)
5(3557 3558 586 559 3553)
4(589 590 3603 3598)
5(573 3601 3600 3599 574)
4(3597 3598 3603 3602)
4(574 3599 3603 590)
4(3600 3602 3603 3599)
4(3555 3556 3559 3560)
4(3557 3560 3559 3558)
4(586 3558 3559 595)
4(596 595 3559 3556)
5(3554 3555 3563 3562 3561)
5(3557 3553 3566 3565 3564)
4(3552 3568 3566 3553)
4(3555 3560 3567 3563)
4(3557 3564 3567 3560)
4(3565 3569 3567 3564)
4(3562 3563 3567 3569)
5(3634 3642 3586 3571 3570)
6(3654 3655 3663 3670 3662 3671)
4(3662 3670 3673 3668)
4(3630 3631 3673 3672)
4(3632 3668 3673 3631)
4(3663 3672 3673 3670)
4(3662 3669 3674 3671)
4(3657 3660 3674 3658)
4(3650 3658 3674 3669)
4(3654 3671 3674 3660)
4(3662 3668 3681 3669)
4(648 3649 3681 3633)
4(3632 3633 3681 3668)
4(3650 3669 3681 3649)
6(3634 3635 3643 3585 3586 3642)
6(3634 3637 648 649 3636 3635)
7(649 648 3633 3632 3638 656 657)
4(656 3638 3640 3639)
4(3630 3641 3640 3631)
4(3632 3631 3640 3638)
4(3646 3645 3686 3682)
4(3686 3645 3648 3683)
4(3635 3645 3646 3643)
4(3587 3588 3646 3682)
4(3585 3643 3646 3588)
4(667 3683 3648 665)
4(3635 3636 3648 3645)
4(649 665 3648 3636)
6(3650 3649 648 647 3688 3698)
5(3634 3570 647 648 3637)
5(530 3689 3688 647 529)
4(3688 3699 3700 3698)
4(3657 3658 3700 3692)
4(3650 3698 3700 3658)
4(3691 3692 3700 3699)
4(530 533 3702 3689)
4(535 3693 3702 533)
4(3688 3689 3702 3699)
4(3691 3699 3702 3693)
5(3654 3694 3606 3607 3655)
4(3657 3696 3695 3660)
4(3654 3660 3695 3694)
4(3606 3694 3709 3610)
5(3607 3606 3610 3611 3612)
4(3657 3692 3706 3696)
4(3691 3705 3706 3692)
4(3707 3615 3616 3703)
4(3706 3705 3707 3703)
4(3708 3703 3616 3618)
4(3617 3618 3616 3619)
4(3708 3696 3706 3703)
4(535 3624 3707 3693)
4(3620 3615 3707 3624)
4(3620 3619 3616 3615)
4(3691 3693 3707 3705)
4(535 538 3625 3624)
4(3620 3624 3625 3623)
4(3621 3610 3709 3704)
4(3709 3694 3695 3704)
4(3621 3704 3708 3618)
4(3617 3622 3621 3618)
4(3695 3696 3708 3704)
4(3611 3610 3621 3622)
4(3552 666 647 3570)
4(3605 3604 3595 3596)
4(542 3604 3625 538)
4(3605 3623 3625 3604)
4(3552 3570 3571 3568)
5(3571 3586 3585 3590 3572)
4(3585 3588 3589 3590)
4(3572 3590 3589 3584)
4(3767 3728 3727 3768)
4(3420 3768 3727 3422)
4(3758 3759 3760 3761)
4(3758 3761 3762 3763)
5(3764 3765 3766 3417 3416)
4(3767 3768 3760 3759)
4(3418 3761 3760 3419)
4(3420 3419 3760 3768)
4(3765 3763 3762 3766)
4(3418 3421 3762 3761)
4(3417 3766 3762 3421)
4(3729 3730 3732 3731)
4(3733 3734 3732 3730)
4(3597 3731 3732 3592)
4(3591 3592 3732 3734)
4(3733 3736 3735 3734)
4(3591 3734 3735 3596)
4(3729 3731 3746 3745)
5(3743 3744 3747 3600 3601)
4(3744 3745 3746 3747)
4(3597 3602 3746 3731)
4(3600 3747 3746 3602)
4(3758 3782 3781 3759)
4(3758 3763 3785 3782)
5(3764 3612 3611 3791 3765)
4(3767 3759 3781 3788)
4(3765 3791 3785 3763)
4(3611 3622 3785 3791)
4(3617 3619 3781 3782)
4(3620 3788 3781 3619)
4(3617 3782 3785 3622)
4(3767 3788 3748 3728)
4(3620 3623 3748 3788)
4(3751 3752 3735 3736)
4(3605 3596 3735 3752)
4(3751 3728 3748 3752)
4(3605 3752 3748 3623)
4(3428 3755 3754 3427)
4(3428 3429 3756 3755)
4(3430 3757 3756 3429)
4(3430 3422 3727 3757)
4(3751 3736 3756 3757)
4(3733 3730 3754 3755)
4(3733 3755 3756 3736)
4(3751 3757 3727 3728)
5(3743 3424 3423 3800 3744)
4(3425 3802 3801 3426)
4(3423 3426 3801 3800)
4(3425 3427 3754 3802)
4(3729 3802 3754 3730)
4(3729 3745 3801 3802)
4(3744 3800 3801 3745)
6(3562 3569 3565 3841 3840 3839)
5(3837 3561 3562 3839 3838)
6(3844 3842 3843 3841 3846 3845)
5(3566 3845 3846 3841 3565)
5(3566 3568 3831 3847 3845)
5(3831 3832 3844 3845 3847)
4(3842 3958 3966 3843)
4(3841 3843 3966 3922)
4(3839 3840 3932 3920)
4(3841 3922 3932 3840)
4(3839 3920 3933 3838)
4(3837 3838 3933 3917)
5(3831 3568 3571 3572 3836)
4(3572 3584 3835 3834)
3(3833 3834 3835)
6(3831 3836 3572 3834 3833 3832)
4(4614 4618 78 80)
4(4619 79 78 4618)
4(4623 83 81 4624)
4(4619 4624 81 79)
4(4623 4624 4621 4622)
4(4619 4620 4621 4624)
4(4614 80 149 4613)
4(4612 4613 149 148)
4(4615 4616 150 152)
4(4612 148 150 4616)
4(4614 4617 4625 4618)
4(4619 4618 4625 4620)
4(4614 4613 4626 4617)
4(4612 4627 4626 4613)
4(4615 4629 4628 4616)
4(4612 4616 4628 4627)
4(202 203 204 205)
6(206 207 208 209 210 211)
4(206 211 212 213)
6(154 214 215 216 217 155)
4(159 162 218 219)
4(159 219 220 163)
4(222 221 690 691)
5(202 221 222 223 203)
4(222 691 692 224)
5(206 213 223 222 224)
4(686 689 692 691)
4(690 687 686 691)
4(223 225 204 203)
4(214 205 204 215)
4(216 215 204 225)
4(210 219 218 226)
4(155 217 218 162)
4(216 226 218 217)
4(210 209 220 219)
4(208 227 220 209)
5(228 198 201 208 207)
4(223 213 212 225)
4(210 226 212 211)
4(216 225 212 226)
4(198 199 200 201)
4(174 175 200 199)
4(208 201 200 227)
4(229 163 220 227)
4(229 227 200 175)
6(273 274 275 276 277 278)
4(273 279 280 274)
4(281 282 283 284)
6(258 260 285 286 287 288)
4(286 285 289 290)
4(288 287 283 282)
4(286 291 283 287)
4(292 284 283 291)
4(260 262 289 285)
4(292 291 280 279)
4(286 290 280 291)
4(275 274 280 290)
4(264 293 289 262)
4(275 290 289 293)
5(228 278 277 294 198)
4(277 296 297 294)
4(277 276 295 296)
4(198 294 297 199)
4(174 199 297 270)
4(271 270 297 296)
4(271 296 295 272)
4(264 272 295 293)
4(275 293 295 276)
7(273 300 301 302 303 292 279)
4(281 284 298 299)
4(292 303 298 284)
4(302 304 298 303)
4(2581 2582 2583 2584)
5(2570 2571 2572 2573 2574)
5(2548 2575 2576 2572 2571)
4(2577 2578 2579 2580)
5(2577 2580 2581 686 687)
4(2586 2584 2583 2587)
4(2575 2587 2583 2576)
4(2572 2576 2583 2582)
4(2581 2580 2579 2582)
4(2574 2573 2579 2578)
4(2572 2582 2579 2573)
5(2586 689 686 2581 2584)
5(2548 2526 2525 2585 2575)
5(2586 2588 2534 2533 689)
4(2586 2587 2589 2588)
4(2575 2585 2589 2587)
4(2534 2588 2589 2540)
4(2525 2540 2589 2585)
4(3013 3014 3017 3016)
4(3015 3018 3017 3014)
4(3012 3016 3017 3011)
4(3010 3011 3017 3018)
7(2562 2563 2564 3010 3018 3015 2561)
5(2570 3012 3011 3010 2571)
4(2548 2571 3010 2564)
4(692 689 2533 2493)
4(2494 3032 3033 3031)
4(2494 2493 2533 3032)
3(3063 3064 3065)
6(3034 3037 3038 3042 2525 2526)
4(3034 3035 3036 3037)
4(3043 3044 3045 3046)
5(3043 3032 2533 2534 3044)
4(3038 3037 3036 3039)
3(3040 3036 3035)
4(3041 3039 3036 3040)
4(3038 3046 3045 3042)
4(2534 2540 3045 3044)
4(2525 3042 3045 2540)
4(3043 3046 3047 3048)
5(3043 3048 3049 3033 3032)
4(3049 3048 3047 3050)
4(3038 3039 3047 3046)
4(3041 3050 3047 3039)
4(3041 3065 3064 3050)
4(3041 3040 3073 3065)
4(3049 3050 3064 3360)
4(3077 3076 3369 3359)
4(3049 3360 3369 3051)
4(3353 3360 3064 3063)
4(3353 3359 3369 3360)
4(3052 3051 3369 3076)
5(3052 3031 3033 3049 3051)
4(2562 3391 3395 2563)
4(3392 3394 3395 3391)
4(2564 2563 3395 3384)
4(3383 3384 3395 3394)
5(2548 2564 3384 3383 2526)
3(3392 3393 3394)
4(3387 3389 3393 3382)
4(3383 3394 3393 3389)
4(307 311 3409 3408)
4(3077 3408 3409 3076)
4(3052 3076 3409 3053)
4(310 3053 3409 311)
5(3052 3053 310 309 3031)
6(307 308 300 309 310 311)
4(307 314 312 308)
4(3034 3413 3414 3035)
4(300 308 312 301)
4(302 301 312 313)
6(3034 2526 3383 3389 3387 3413)
3(3387 3414 3413)
4(273 278 309 300)
4(309 306 2494 3031)
4(228 306 309 278)
4(305 224 692 2493)
4(206 224 305 207)
4(2494 306 305 2493)
4(228 207 305 306)
4(4194 4105 4097 4098)
4(4194 4033 4034 4105)
4(4106 4105 4034 4161)
4(4194 4098 4099 4195)
4(4188 4195 4099 4100)
4(4194 4195 4035 4033)
4(4188 4036 4035 4195)
4(4037 4161 4034 4038)
4(4188 4100 4102 4041)
4(4040 4041 4102 4101)
4(4188 4041 4039 4036)
5(4110 4109 4163 4052 4051)
4(4109 4113 4164 4163)
4(4065 4066 4164 4165)
4(4052 4163 4164 4066)
4(4117 4165 4164 4113)
4(4065 4165 4162 4071)
4(4117 4120 4162 4165)
4(4106 4161 4162 4120)
4(4037 4071 4162 4161)
4(4214 4213 4220 4216)
4(4016 3997 4220 4213)
4(4016 4017 3992 3997)
4(4018 3993 3992 4017)
5(4030 4029 4077 4079 4104)
5(4203 4202 4028 4032 4205)
5(4028 4029 4030 4031 4032)
4(4018 4100 4099 3993)
4(4022 4101 4102 4021)
4(4018 4021 4102 4100)
4(4079 4081 4103 4104)
4(4022 4025 4103 4101)
4(4040 4101 4103 4081)
4(4030 4104 4103 4025)
4(4208 4210 4211 4212)
4(4214 4212 4211 4213)
4(4016 4213 4211 4019)
4(4016 4019 4020 4017)
4(4022 4021 4020 4023)
4(4018 4017 4020 4021)
4(4026 4019 4211 4210)
4(4026 4023 4020 4019)
4(4203 4205 4215 4206)
4(4208 4206 4215 4210)
4(4032 4027 4215 4205)
4(4032 4031 4024 4027)
4(4022 4023 4024 4025)
4(4030 4025 4024 4031)
4(4026 4210 4215 4027)
4(4026 4027 4024 4023)
4(3990 4098 4097 3994)
4(4182 4216 4220 4221)
4(3990 3991 3992 3993)
4(3996 4221 4220 3997)
4(3996 3997 3992 3991)
4(4182 4221 4131 4132)
4(3990 3994 3995 3991)
4(3996 3998 4131 4221)
4(3996 3991 3995 3998)
4(3990 3993 4099 4098)
5(258 4202 4203 4280 260)
4(260 4280 4282 262)
4(264 4275 4277 272)
4(264 262 4282 4275)
4(4203 4206 4282 4280)
4(4208 4275 4282 4206)
4(271 272 4277 4278)
4(4208 4212 4277 4275)
4(4214 4278 4277 4212)
4(174 270 4286 4184)
4(174 4184 4133 175)
4(271 4278 4286 270)
4(4182 4184 4286 4216)
4(4214 4216 4286 4278)
4(4182 4132 4133 4184)
5(154 155 4156 4138 4137)
4(159 4157 4158 162)
4(159 163 4159 4157)
4(4145 4148 4158 4157)
4(155 162 4158 4156)
4(4138 4156 4158 4148)
4(4145 4157 4159 4149)
4(229 4160 4159 163)
4(4154 4149 4159 4160)
4(229 175 4133 4160)
4(4154 4160 4133 4132)
5(4110 3999 4000 4334 4109)
4(4109 4334 4335 4113)
4(4007 4336 4335 4008)
4(4117 4113 4335 4336)
4(4000 4008 4335 4334)
4(4007 4012 4337 4336)
4(4117 4336 4337 4120)
4(4015 4338 4337 4012)
4(4015 3994 4097 4338)
4(4106 4338 4097 4105)
4(4106 4120 4337 4338)
5(4001 4137 4138 4329 4002)
5(4000 3999 4001 4002 4003)
4(4002 4329 4330 4004)
4(4002 4004 4006 4003)
4(4007 4008 4006 4009)
4(4145 4331 4330 4148)
4(4005 4004 4330 4331)
4(4005 4009 4006 4004)
4(4138 4148 4330 4329)
4(4000 4003 4006 4008)
4(4007 4009 4013 4012)
4(4145 4149 4332 4331)
4(4005 4331 4332 4011)
4(4005 4011 4013 4009)
4(4154 4333 4332 4149)
4(4010 4011 4332 4333)
4(4010 4014 4013 4011)
4(4015 4012 4013 4014)
4(4154 4132 4131 4333)
4(4015 4014 3995 3994)
4(4010 4333 4131 3998)
4(4010 3998 3995 4014)
5(4358 4362 4361 4360 4359)
5(4361 4051 4052 4363 4360)
5(3972 3973 4358 4365 4364)
4(4360 4367 4366 4359)
4(4364 4365 4366 4368)
4(4369 4368 4366 4367)
4(4358 4359 4366 4365)
4(4364 4368 4371 4370)
4(4369 4372 4371 4368)
4(4360 4363 4373 4367)
4(4065 4374 4373 4066)
4(4052 4066 4373 4363)
4(4369 4367 4373 4374)
4(4354 4372 4375 4355)
4(4065 4071 4375 4374)
4(4369 4374 4375 4372)
4(4037 4355 4375 4071)
4(4358 3973 3974 4362)
4(4354 4356 4371 4372)
4(4357 4370 4371 4356)
5(4357 3975 3972 4364 4370)
5(4376 4377 4378 4379 4380)
5(4381 4382 4376 4380 4383)
4(3981 3982 4378 4377)
5(4381 4384 4079 4077 4382)
4(4380 4379 4385 4386)
4(4387 4388 4385 4389)
4(4390 4386 4385 4388)
4(4378 4389 4385 4379)
4(4381 4383 4391 4392)
4(4393 4392 4391 4394)
4(4380 4386 4391 4383)
4(4390 4394 4391 4386)
5(4378 3982 3983 4387 4389)
4(4381 4392 4395 4384)
4(4393 4396 4395 4392)
4(4079 4384 4395 4081)
4(4040 4081 4395 4396)
4(4494 4497 4496 4495)
4(4354 4495 4496 4356)
4(4498 4499 4496 4497)
4(4357 4356 4496 4499)
4(4500 4502 4501 4038)
4(4494 4495 4501 4502)
4(4354 4355 4501 4495)
4(4037 4038 4501 4355)
5(3988 3975 4357 4499 4498)
4(4511 4503 4035 4036)
4(4393 4394 4516 4515)
4(4393 4515 4039 4396)
4(4514 4521 4520 4519)
4(4387 4517 4520 4388)
4(4390 4388 4520 4521)
4(4518 4519 4520 4517)
4(4514 4519 4522 4513)
4(4498 4497 4522 4523)
4(4518 4523 4522 4519)
4(4494 4513 4522 4497)
4(4511 4515 4516 4512)
4(4514 4512 4516 4521)
4(4390 4521 4516 4394)
4(4511 4512 4510 4503)
4(4514 4513 4510 4512)
4(4500 4503 4510 4502)
4(4494 4502 4510 4513)
5(3983 3989 4518 4517 4387)
5(4518 3989 3988 4498 4523)
4(4511 4036 4039 4515)
4(4500 4038 4034 4033)
4(4500 4033 4035 4503)
4(4040 4396 4039 4041)
4(4621 3982 3981 4622)
4(4621 4620 3983 3982)
4(4625 3989 3983 4620)
4(3988 3989 4625 4617)
4(4626 4627 3972 3975)
4(3988 4617 4626 3975)
4(4628 3973 3972 4627)
4(4628 4629 3974 3973)
)


// ************************************************************************* //
