/*--------------------------------*- C++ -*----------------------------------*\
| =========                 |                                                 |
| \\      /  F ield         | OpenFOAM: The Open Source CFD Toolbox           |
|  \\    /   O peration     | Version:  dev                                   |
|   \\  /    A nd           | Web:      www.OpenFOAM.org                      |
|    \\/     M anipulation  |                                                 |
\*---------------------------------------------------------------------------*/
FoamFile
{
    version     2.0;
    format      ascii;
    class       vectorField;
    location    "constant/polyMesh";
    object      points;
}
// * * * * * * * * * * * * * * * * * * * * * * * * * * * * * * * * * * * * * //


4630
(
(9.19062 3 0.9175)
(9.19063 2.59884 0.91734)
(8.9716 2.59274 0.917441)
(8.75259 2.59884 0.917486)
(8.75249 3 0.9175)
(9.19062 2.4 0.917437)
(8.97158 2.4 0.917478)
(9.19063 2.20454 0.91727)
(8.9716 2.20454 0.917422)
(9.19079 1.8 0.917217)
(9.19069 1.6311 0.917141)
(8.97165 1.63109 0.917378)
(8.97168 1.8 0.917471)
(8.97164 1.99545 0.9174)
(9.19067 1.99545 0.917171)
(8.7526 1.49987 0.917414)
(8.75266 1.63108 0.917412)
(8.97166 1.5 0.917329)
(9.40956 1.99545 0.916647)
(9.40932 1.8 0.916538)
(9.40958 1.63113 0.916615)
(9.19068 1.50001 0.917113)
(9.40969 1.50013 0.916677)
(9.40976 1.50002 1.12528)
(9.19068 1.5 1.12582)
(8.97175 1.3689 0.917339)
(8.75264 1.36884 0.917485)
(9.19069 1.36891 1.12588)
(9.1907 1.36891 0.917181)
(10.944 2.22344 0.908142)
(10.5052 2.20654 0.903245)
(10.434 2.4 0.9)
(10.505 2.60294 0.906716)
(10.9434 2.62406 0.913465)
(9.62875 3 0.9175)
(9.62871 2.59884 0.916438)
(9.40964 2.59274 0.916911)
(10.286 2.59384 0.908579)
(10.0669 2.59904 0.912705)
(10.0669 3 0.9175)
(10.505 3 0.9175)
(9.84776 2.59279 0.914726)
(10.4628 1.8 0.9)
(10.9446 1.83392 0.904879)
(10.9451 1.5 0.906276)
(10.5057 1.49999 0.904803)
(10.5053 1.6313 0.903041)
(10.5051 1.99587 0.902661)
(10.2859 2.4 0.908127)
(10.0669 2.4 0.911772)
(10.2861 2.20494 0.907595)
(10.067 2.20462 0.911496)
(10.9431 3 0.9175)
(9.62872 2.20454 0.916111)
(9.62878 1.99544 0.915853)
(9.40963 2.20453 0.916812)
(9.6288 1.8 0.915859)
(9.6288 1.63112 0.915799)
(10.0675 1.8 0.912431)
(10.2866 1.8 0.9082)
(10.2865 1.63114 0.907739)
(10.0674 1.63113 0.911701)
(10.2865 1.4999 0.90796)
(10.0673 1.5001 0.911469)
(10.0673 1.99549 0.911674)
(10.2863 1.99559 0.907586)
(9.84784 1.8 0.914882)
(9.84794 1.99544 0.914405)
(9.84781 2.20456 0.914424)
(9.848 1.63111 0.914365)
(9.84803 1.50005 0.914111)
(9.40959 2.4 0.916902)
(9.62869 2.4 0.916655)
(9.84771 2.4 0.914975)
(9.62872 1.49993 0.915762)
(11.3865 1.5 1.32609)
(11.3861 1.85656 1.32511)
(11.3832 2.24333 1.32927)
(11.3836 1.85656 0.909332)
(11.3825 2.24333 0.913055)
(11.3839 1.5 0.909208)
(11.3817 2.63316 0.916015)
(11.3817 2.63316 1.33296)
(11.3813 3 0.9175)
(11.3813 3 1.335)
(9.19063 0.795465 0.917286)
(9.40967 0.79546 0.916925)
(9.40968 0.6 0.917111)
(9.19059 0.6 0.917405)
(8.75384 0.401165 0.917527)
(8.97186 0.407265 0.917463)
(9.19091 0.401163 0.91734)
(9.19204 1.09681e-16 0.9175)
(8.75878 1.09681e-16 0.9175)
(8.97148 0.6 0.917551)
(8.97158 0.795466 0.917442)
(9.40968 0.40726 0.916976)
(9.62848 0.401155 0.916329)
(9.62759 1.09681e-16 0.9175)
(9.19068 1.00455 0.917218)
(9.40967 1.00456 0.917013)
(8.97174 1.00456 0.917364)
(9.62865 0.795477 0.916049)
(9.62868 0.6 0.916367)
(8.7526 0.795479 0.917521)
(8.75254 0.6 0.91761)
(9.62811 1.00455 0.916139)
(9.19067 1.2 0.91719)
(9.40981 1.2 0.917328)
(9.62665 1.2 0.91649)
(8.75265 1.00456 0.91751)
(8.97193 1.2 0.917301)
(8.75276 1.2 0.917645)
(9.40969 1.36892 0.916965)
(9.4098 1.36892 1.12545)
(9.62816 1.36885 0.916081)
(10.5038 0.397061 0.906641)
(10.434 0.6 0.9)
(10.505 0.793456 0.903181)
(10.9432 0.776563 0.908112)
(10.9412 0.375943 0.91344)
(10.0638 1.09682e-16 0.9175)
(10.0662 0.400957 0.912631)
(10.2855 0.406163 0.908228)
(10.5 1.09681e-16 0.9175)
(10.9444 1.16608 0.904873)
(10.4628 1.2 0.9)
(10.5053 1.36869 0.903052)
(10.0669 0.795378 0.911426)
(10.286 0.795059 0.907294)
(10.2859 0.6 0.907322)
(10.0668 0.6 0.911843)
(10.0672 1.00451 0.911589)
(10.2863 1.00441 0.907524)
(10.9399 -5.61807e-17 0.9175)
(10.5051 1.00413 0.90265)
(10.2867 1.2 0.908022)
(10.2865 1.36882 0.907723)
(10.0674 1.2 0.912116)
(10.0673 1.36891 0.911651)
(9.84782 0.795445 0.914307)
(9.84791 0.6 0.914702)
(9.84763 0.407213 0.914578)
(9.84782 1.00455 0.914403)
(9.84784 1.2 0.914795)
(9.8479 1.36891 0.914375)
(11.3823 0.756675 1.32926)
(11.3858 1.14344 1.32511)
(11.3815 0.756668 0.913044)
(11.3832 1.14344 0.909327)
(11.3801 0.366843 0.916009)
(11.3801 0.366844 1.33295)
(11.3795 -5.61807e-17 0.9175)
(11.3795 -8.1745e-17 1.335)
(7.90939 8.41138e-17 0.5)
(7.88671 0.401148 0.499881)
(7.88353 0.40713 0.708667)
(7.88677 0.401165 0.917536)
(7.91017 1.09681e-16 0.9175)
(7.88003 0.79538 0.499859)
(7.88007 0.795383 0.70846)
(7.88038 0.6 0.70861)
(7.88029 0.6 0.499751)
(7.87722 1.0045 0.499951)
(7.87731 1.0045 0.707817)
(7.88002 0.795372 0.917173)
(7.8802 0.6 0.917714)
(7.87742 1.00451 0.915858)
(7.87634 1.2 0.915414)
(7.87618 1.2 0.70754)
(7.87672 1.50009 0.915722)
(7.87653 1.36892 0.915546)
(7.87634 1.3689 0.707632)
(7.87643 1.50001 0.707681)
(7.87628 1.50013 0.49985)
(7.87622 1.36893 0.499933)
(8.33052 1.09682e-16 0.9175)
(8.31829 0.40117 0.917523)
(8.53461 0.407263 0.917574)
(8.31507 0.795461 0.917463)
(8.53372 0.795468 0.917549)
(8.53362 0.6 0.917701)
(8.31494 0.6 0.917499)
(8.31459 1.00455 0.917347)
(8.5337 1.00456 0.917505)
(8.53384 1.2 0.917668)
(8.53363 1.36889 0.917464)
(8.53355 1.49997 0.917361)
(8.31414 1.2 0.917539)
(8.31441 1.36891 0.917275)
(8.31449 1.50003 0.917169)
(8.09707 0.795448 0.917318)
(8.097 0.6 0.917552)
(8.09926 0.40726 0.917505)
(8.09605 1.00453 0.916643)
(8.09579 1.2 0.916196)
(8.09556 1.49993 0.916591)
(8.09562 1.36888 0.916479)
(7.4415 1.50064 0.500029)
(7.65785 1.50016 0.499938)
(7.65729 1.36891 0.500091)
(7.43866 1.36882 0.500346)
(7.02551 -3.06016e-17 0.499805)
(7.06625 0.185203 0.499975)
(7.28547 0.187356 0.499997)
(7.3 8.41171e-17 0.5)
(7.03079 0.783277 0.499921)
(7.02065 1.16703 0.498983)
(7.48037 1.2 0.5)
(7.44103 1.00409 0.500347)
(7.45132 0.793953 0.499885)
(7.2418 0.789076 0.499944)
(7.3 0.6 0.5)
(7.03132 0.593832 0.499993)
(7.54502 8.41171e-17 0.5)
(7.49411 0.187439 0.499975)
(7.46274 0.402982 0.499838)
(7.66951 0.407329 0.499844)
(7.66527 0.6 0.49978)
(7.6645 0.795113 0.49987)
(7.65899 1.00439 0.500099)
(6.63256 -3.05609e-17 0.49904)
(6.63119 0.371572 0.500516)
(7.04731 0.390347 0.500077)
(6.62716 0.760427 0.500987)
(7.2541 0.400297 0.499982)
(7.45276 0.6 0.499682)
(7.657 1.2 0.500162)
(7.02085 1.50383 0.499065)
(7.87618 1.2 0.500042)
(8.75255 2.4 0.917493)
(8.75261 2.20454 0.917473)
(8.53373 2.59274 0.917497)
(8.31505 2.59884 0.917493)
(8.31436 3 0.9175)
(8.53363 2.4 0.917513)
(8.5337 2.20453 0.917469)
(8.31506 2.20454 0.917431)
(8.31498 2.4 0.91751)
(8.75288 1.8 0.917322)
(8.75267 1.99544 0.917432)
(8.31426 1.8 0.917033)
(8.5335 1.8 0.917356)
(8.5335 1.6311 0.917343)
(8.31441 1.63111 0.917166)
(8.53357 1.99544 0.917376)
(8.31459 1.99545 0.917239)
(8.09713 2.59275 0.917478)
(7.8797 2.59886 0.917427)
(7.87625 3 0.9175)
(8.09692 2.20456 0.9173)
(8.09679 2.4 0.917519)
(7.87976 2.20463 0.917056)
(7.8797 2.4 0.917427)
(8.09577 1.99546 0.916688)
(7.87737 1.99551 0.915861)
(7.87651 1.8 0.915554)
(8.09506 1.8 0.91632)
(7.87625 3 0.5)
(7.88024 2.59289 0.70866)
(7.87988 2.59886 0.499942)
(7.87992 2.4 0.708665)
(7.88018 2.4 0.499988)
(7.87975 2.20464 0.708456)
(7.87986 2.20463 0.499912)
(7.87654 1.63114 0.915565)
(8.09537 1.63109 0.916525)
(7.87617 1.63113 0.707646)
(7.87576 1.8 0.707574)
(7.87706 1.9955 0.707827)
(7.87602 1.63116 0.499866)
(7.87573 1.8 0.49991)
(7.87697 1.99551 0.499883)
(7.01746 2.22692 0.499744)
(7.23898 2.21292 0.499882)
(7.45031 2.20649 0.499772)
(7.44083 1.996 0.500307)
(7.48037 1.8 0.5)
(7.01481 1.84098 0.498819)
(7.01966 2.40933 0.499921)
(7.3 2.4 0.5)
(7 3 0.5)
(7.219 3 0.5)
(7.22301 2.81236 0.499979)
(7.005 2.81266 0.499991)
(7.66507 2.59271 0.499808)
(7.44964 2.59719 0.49973)
(7.44123 2.81253 0.499949)
(7.48491 3 0.5)
(7.66526 2.4 0.499742)
(7.45177 2.4 0.499469)
(7.23508 2.6004 0.499932)
(7.01089 2.61325 0.499958)
(7.66425 2.20498 0.499826)
(7.43866 1.63143 0.50033)
(7.65894 1.99563 0.500015)
(7.65729 1.8 0.500001)
(7.65733 1.6312 0.500016)
(6.75638 2.83759 0.5)
(6.86746 2.91164 0.5)
(6.5688 2.29633 0.500231)
(6.55485 2.48149 0.500069)
(6.52041 2.68028 0.50001)
(6.7842 2.63002 0.49999)
(6.63143 2.75429 0.500001)
(6.62564 1.13635 0.500604)
(6.62237 1.50922 0.500071)
(6.1053 2.40354 0.506562)
(6.34469 2.33434 0.501787)
(6.60581 1.89229 0.499731)
(6.20638 1.90695 0.500925)
(6.18626 2.13293 0.503308)
(6.29729 2.53154 0.50033)
(6.40012 2.60008 0.500063)
(6.19148 2.46099 0.501522)
(10.9439 2.22341 2.59411)
(10.9637 1.83392 2.58977)
(10.9578 1.50001 2.59098)
(10.9405 2.62411 2.5913)
(10.9431 3 2.58751)
(10.5 1.8 2.5875)
(10.52 1.63128 2.59351)
(10.5145 1.50001 2.59422)
(10.0688 1.8 2.59072)
(10.0689 1.6311 2.59132)
(10.2908 1.63115 2.59318)
(10.2911 1.8 2.59198)
(10.2905 1.49995 2.59342)
(10.0691 1.49996 2.59154)
(9.62866 1.8 2.58815)
(9.62901 1.63108 2.58853)
(9.84874 1.63113 2.58974)
(9.84876 1.8 2.58951)
(10.4923 2.60295 2.60059)
(10.4108 2.4 2.61076)
(10.4938 2.20651 2.6028)
(9.84783 1.99546 2.58999)
(9.62857 1.99546 2.58863)
(10.505 3 2.58751)
(10.0669 3 2.58751)
(10.062 2.59906 2.59302)
(10.2765 2.59386 2.59834)
(9.62758 2.59883 2.58882)
(9.62756 2.4 2.58894)
(9.84512 2.4 2.59068)
(9.84496 2.59279 2.59072)
(9.62875 3 2.58751)
(10.5157 1.99584 2.59525)
(10.0614 2.4 2.59416)
(10.2764 2.4 2.59996)
(10.2785 2.20494 2.59837)
(10.0624 2.20462 2.59384)
(10.2879 1.99561 2.59431)
(10.0672 1.99549 2.59189)
(9.62766 2.20455 2.58904)
(9.84551 2.20455 2.59079)
(9.40973 1.8 2.58792)
(9.4098 1.63108 2.588)
(9.19059 1.8 2.58776)
(9.19066 1.63115 2.58771)
(9.4096 1.99545 2.58802)
(9.40912 2.59274 2.58806)
(9.40915 2.4 2.58791)
(9.19062 3 2.58751)
(9.19052 2.59881 2.58768)
(9.40922 2.20454 2.58809)
(9.19058 1.99544 2.58771)
(9.19054 2.20454 2.58771)
(9.19072 2.4 2.58764)
(9.62926 1.49992 2.5887)
(9.40989 1.49988 2.58805)
(9.84888 1.5001 2.58986)
(9.19074 1.50014 2.58773)
(8.97142 1.8 2.58761)
(8.97154 1.63112 2.58757)
(8.75249 3 2.58751)
(8.75255 2.59884 2.58754)
(8.97152 2.59273 2.58757)
(8.97154 2.4 2.58758)
(8.75257 2.20453 2.58753)
(8.97153 2.20453 2.58757)
(8.75253 2.4 2.58755)
(8.9715 1.99543 2.58757)
(8.75252 1.99544 2.58747)
(8.75229 1.8 2.58741)
(8.75253 1.63109 2.58748)
(8.97163 1.50003 2.58759)
(8.75262 1.49994 2.58756)
(10.9431 0.776594 2.5941)
(10.9384 0.375894 2.59129)
(10.9399 -1.58439e-16 2.58751)
(10.9635 1.16609 2.58976)
(9.62702 0.401159 2.58878)
(9.62772 0.6 2.58882)
(9.4094 0.6 2.58796)
(9.40893 0.407266 2.58807)
(9.18966 0.401182 2.58767)
(9.18663 2.1194e-16 2.58751)
(9.62569 2.1194e-16 2.58751)
(9.6299 1.2 2.58812)
(9.40957 1.2 2.58742)
(9.40966 1.00455 2.58786)
(9.62902 1.00456 2.58857)
(9.62945 1.36888 2.58849)
(9.40984 1.36885 2.58784)
(10.4911 0.397052 2.6006)
(10.5 2.1194e-16 2.5875)
(10.0633 2.1194e-16 2.58751)
(10.2763 0.406146 2.59837)
(10.0614 0.400954 2.59304)
(10.5 1.2 2.5875)
(10.5159 1.00415 2.59522)
(10.4939 0.793483 2.6028)
(9.84471 0.407215 2.59072)
(9.8451 0.6 2.59067)
(9.84802 1.00455 2.58985)
(9.84876 1.2 2.58922)
(9.84892 1.36891 2.58961)
(9.62778 0.795466 2.58898)
(9.40932 0.795467 2.58808)
(9.1905 0.6 2.58765)
(9.1905 0.795461 2.5877)
(9.19094 1.2 2.58765)
(9.19073 1.00456 2.58767)
(9.19081 1.36892 2.58768)
(10.4108 0.6 2.61076)
(10.0695 1.2 2.59087)
(10.0676 1.00451 2.59189)
(10.2887 1.00439 2.59423)
(10.2929 1.2 2.59195)
(10.2788 0.795061 2.59837)
(10.0626 0.795381 2.59385)
(10.5202 1.36871 2.59348)
(10.2769 0.6 2.59997)
(10.0616 0.6 2.59417)
(9.84558 0.795447 2.59075)
(10.2916 1.36884 2.5931)
(10.0693 1.36888 2.59132)
(8.75119 0.40119 2.58744)
(8.74564 2.1194e-16 2.58751)
(8.97108 0.407277 2.58748)
(8.97152 1.2 2.58751)
(8.9716 1.00456 2.58757)
(8.97154 0.79546 2.5875)
(8.97154 0.6 2.58737)
(8.97163 1.3689 2.58758)
(8.75257 0.79546 2.58745)
(8.75249 0.6 2.58725)
(8.7526 1.00456 2.5877)
(8.75254 1.2 2.58811)
(8.75261 1.36888 2.58771)
(8.53364 2.4 2.58756)
(8.53373 2.20453 2.58756)
(8.53379 1.99545 2.58765)
(8.534 1.8 2.5878)
(8.31436 3 2.58751)
(8.31504 2.59883 2.58754)
(8.53371 2.59273 2.58755)
(8.315 2.4 2.58755)
(7.87827 1.8 2.5877)
(7.87837 1.63111 2.58757)
(8.09638 1.63108 2.5875)
(8.09624 1.8 2.58739)
(8.31478 1.8 2.58851)
(8.31488 1.63108 2.58789)
(8.53377 1.6311 2.58764)
(8.31514 2.20454 2.58759)
(8.31497 1.99545 2.58791)
(8.09662 1.99547 2.58754)
(7.87963 2.59885 2.58754)
(8.09711 2.59275 2.5876)
(7.87625 3 2.58751)
(7.88008 2.20464 2.58755)
(7.8789 1.99551 2.58758)
(8.09711 2.20457 2.5876)
(8.09686 2.4 2.5877)
(7.87985 2.4 2.58756)
(7.87821 1.50005 2.58753)
(8.09638 1.49989 2.58736)
(8.3149 1.49988 2.58749)
(8.3038 2.1194e-16 2.58751)
(8.533 0.40727 2.58759)
(8.31297 0.40116 2.5875)
(8.09646 0.407251 2.58748)
(7.87831 0.401157 2.58753)
(7.86756 2.11941e-16 2.58751)
(8.53359 0.6 2.58774)
(8.31494 0.6 2.58748)
(8.53372 0.795468 2.58755)
(8.31513 0.79548 2.58743)
(8.09697 0.6 2.58744)
(7.88017 0.795383 2.58754)
(7.88005 0.6 2.58763)
(8.09716 0.795456 2.5874)
(8.53382 1.00457 2.58737)
(8.31485 1.00455 2.58713)
(8.09649 1.00454 2.58692)
(7.87825 1.00451 2.58758)
(7.87716 1.2 2.58782)
(8.09636 1.2 2.58613)
(7.87768 1.36892 2.58759)
(8.09624 1.36887 2.58693)
(8.31459 1.2 2.58684)
(8.53409 1.2 2.5872)
(8.5338 1.36888 2.58737)
(8.31476 1.36884 2.58715)
(8.53374 1.49999 2.5875)
(7.01622 2.22535 3.00559)
(7.2388 2.2126 3.00514)
(7.3 2.4 3.005)
(7.01927 2.40892 3.00518)
(7.01053 2.613 3.00523)
(7.23488 2.60035 3.00508)
(7.22294 2.81233 3.00504)
(7.0049 2.8126 3.00508)
(7.45074 2.20641 3.00518)
(7.66446 2.20496 3.0051)
(7.66469 2.4 3.00512)
(7.45086 2.4 3.00537)
(7.87625 3 3.00504)
(7.48491 3 3.00501)
(7.4411 2.81252 3.00504)
(7.44908 2.59718 3.00516)
(7.6646 2.59271 3.00509)
(7.8797 2.59886 3.00503)
(7 3 3.005)
(7.219 3 3.005)
(7.88006 2.20463 3.00503)
(7.88001 2.4 3.005)
(7.01701 1.83942 3.00446)
(7.5 1.8 3.005)
(7.44849 1.996 3.00506)
(7.6618 1.99564 3.00515)
(7.66079 1.8 3.00535)
(7.8785 1.9955 3.00501)
(7.87774 1.8 3.00493)
(7.44701 1.63139 3.005)
(7.66073 1.63119 3.00514)
(7.87789 1.63111 3.00502)
(7.01512 1.50231 3.00336)
(7.44512 1.50038 3.0048)
(7.66054 1.50017 3.00509)
(7.87788 1.50002 3.00511)
(6.78354 2.62957 3.00554)
(6.51908 2.67938 3.00612)
(6.54955 2.47746 3.00825)
(6.55882 2.28805 3.00945)
(6.75627 2.83751 3.00513)
(6.63104 2.75402 3.0054)
(6.86744 2.91163 3.00503)
(7.87776 1.49998 2.79632)
(7.87768 1.63112 2.79625)
(7.8774 1.8 2.79618)
(7.88015 2.59288 2.79628)
(7.87828 1.99551 2.79625)
(7.88 2.20464 2.79628)
(7.87994 2.4 2.79628)
(7.5 1.2 3.005)
(7.01939 1.16573 3.00319)
(7.01149 1.16501 3.41795)
(7.5 1.2 3.4225)
(7.5 1.2 3.21375)
(7.44694 1.36876 3.00503)
(7.66046 1.3689 3.00527)
(7.66035 1.2 3.00551)
(7.87755 1.3689 3.00531)
(7.8772 1.2 3.00564)
(7.45159 0.793913 3.005)
(7.45072 0.79394 3.21375)
(7.45191 0.6 3.21391)
(7.45214 0.6 3.00505)
(7.66532 0.6 3.00504)
(7.66489 0.795114 3.00507)
(7.80546 2.37505e-16 3.00503)
(7.86695 0.401191 3.00503)
(7.66118 0.407534 3.00503)
(7.44216 0.403518 3.00502)
(7.37233 0.186313 3.005)
(7.3 2.38942e-16 3.02848)
(7.4452 0.406946 3.2138)
(7.42484 0.400824 3.42252)
(7.3 2.63069e-16 3.4225)
(7.44858 1.00408 3.00507)
(7.44037 1.00401 3.2138)
(7.44862 1.00407 3.42255)
(7.45152 0.793917 3.42243)
(7.01362 0.782274 3.41813)
(7.23854 0.7889 3.42173)
(7.66162 1.00439 3.00528)
(7.88022 0.795385 3.00507)
(7.88026 0.6 3.00502)
(7.45271 0.6 3.42266)
(7.87819 1.00451 3.0053)
(7.3 0.6 3.4225)
(7.22991 0.40498 3.42228)
(7.01634 0.594132 3.42134)
(6.99866 0.392204 3.42119)
(6.96479 0.182993 3.42163)
(6.95955 2.28088e-06 3.44618)
(7.87776 0.407136 2.79629)
(7.88018 0.6 2.79633)
(7.88013 0.795391 2.79631)
(7.87787 1.0045 2.79647)
(7.87671 1.2 2.79675)
(7.87723 1.36889 2.79647)
(6.5449 0.37129 3.40961)
(6.54391 0.180425 3.41445)
(6.75937 0.182078 3.41921)
(6.77016 0.377091 3.41741)
(6.7521 2.81204e-06 3.4171)
(6.56539 1.47265e-05 3.43732)
(6.55172 0.754011 3.39835)
(6.54632 0.560656 3.40307)
(6.55249 1.12793 3.401)
(6.54847 0.936433 3.39538)
(6.31894 0.558168 3.39341)
(6.31737 0.368845 3.39707)
(6.06485 0.748621 3.33515)
(6.12455 0.750128 3.68657)
(6.1188 0.556293 3.68623)
(6.04551 0.556418 3.34163)
(6.32285 0.748544 3.37964)
(6.06979 0.369067 3.36241)
(6.12091 0.365402 3.695)
(6.3237 0.177244 3.40209)
(6.05556 0.000278255 3.35544)
(6.07372 0.170833 3.35758)
(6.12193 0.178676 3.69672)
(6.13528 0.00580706 3.65373)
(6.32157 -1.68282e-05 3.40526)
(6.32404 1.11818 3.39)
(6.32048 0.931337 3.38264)
(6.06208 0.930761 3.33792)
(6.12262 0.933203 3.68616)
(6.05753 1.10991 3.34247)
(6.12639 1.1186 3.68725)
(5.98999 0.741271 3.8031)
(5.98969 0.540757 3.74615)
(5.98999 0.177909 3.80481)
(5.99222 0.0181292 3.72927)
(5.98999 0.931177 3.80742)
(5.98999 0.363895 3.80642)
(5.98999 1.12011 3.8045)
(5.99805 2.30775 3.63228)
(5.98915 2.153 3.76348)
(6.12351 2.08564 3.69214)
(6.12679 2.26882 3.6723)
(7.01027 1.8392 3.42073)
(7.01272 2.2238 3.42299)
(6.54289 2.27764 3.42642)
(6.54501 2.08645 3.41889)
(6.54943 1.8843 3.4129)
(6.55266 2.28279 3.21977)
(7.01729 2.21935 3.21407)
(6.54633 2.473 3.21841)
(6.51641 2.67761 3.21556)
(6.51571 2.67713 3.42545)
(6.53993 2.47096 3.42826)
(5.98999 1.87974 3.80603)
(6.12316 1.8799 3.68771)
(6.06094 1.88565 3.33906)
(6.05968 2.08845 3.34032)
(6.00022 2.33299 3.39979)
(6.3241 1.88961 3.4007)
(6.32189 2.09117 3.40813)
(6.30672 2.29764 3.425)
(7.006 1.50197 3.41852)
(6.27447 2.51628 3.43097)
(6.14475 2.42991 3.43112)
(6.55291 1.50386 3.40844)
(6.55089 1.31418 3.40469)
(6.32302 1.312 3.3994)
(6.07886 1.50224 3.34474)
(6.0446 1.31226 3.35025)
(6.32963 1.50284 3.39832)
(6.128 1.50099 3.69197)
(6.12151 1.31299 3.6857)
(5.98999 1.50037 3.80516)
(5.98994 1.29858 3.75775)
(6.54861 1.69593 3.41079)
(6.05978 1.69954 3.36011)
(6.32386 1.69734 3.40437)
(6.12581 1.69304 3.68426)
(5.98999 1.68633 3.80594)
(6.6316 -1.07417e-16 1.75427)
(6.63027 0.370883 1.75281)
(6.63112 0.371286 1.33649)
(6.63241 -8.19657e-17 1.33859)
(6.62738 0.759372 1.7514)
(6.62778 0.760488 1.33455)
(6.6326 -5.62836e-17 0.919162)
(6.63124 0.370928 0.918867)
(6.6274 0.758872 0.917983)
(7.5 1.2 2.5875)
(7.5 1.2 2.37873)
(7.44047 1.00402 2.37873)
(7.44863 1.00408 2.58753)
(7.5 1.2 2.17)
(7.44879 1.00408 2.16995)
(7.02671 1.16658 2.58699)
(7.02976 1.16701 2.16968)
(7.87804 1.0045 2.37873)
(7.65983 1.00437 2.37875)
(7.66216 1.00439 2.16981)
(7.8786 1.0045 2.16991)
(7.66161 1.00439 2.5877)
(7.66028 1.2 2.58802)
(7.44659 1.5005 2.58744)
(7.02321 1.50316 2.58693)
(7.44721 1.36877 2.58754)
(7.66058 1.36891 2.58772)
(7.66115 1.50016 2.58756)
(7.03051 1.16706 1.75204)
(7.5 1.2 1.7525)
(7.5 1.2 1.96125)
(7.03238 0.78314 1.75226)
(7.24212 0.789052 1.75244)
(7.45158 0.793943 1.75248)
(7.44881 1.00408 1.75243)
(7.44055 1.00402 1.96122)
(7.88576 0.401152 1.75251)
(7.66874 0.407331 1.75247)
(7.46162 0.402974 1.75252)
(7.49304 0.187437 1.75252)
(7.54374 1.60811e-16 1.7525)
(7.90593 1.60808e-16 1.7525)
(7.66028 1.00437 1.96116)
(7.87841 1.0045 1.96119)
(7.047 0.390244 1.75264)
(7.02521 -1.07343e-16 1.75308)
(7.0659 0.185188 1.75285)
(7.03156 0.593789 1.75248)
(7.25373 0.400282 1.75254)
(7.28511 0.187352 1.75257)
(7.3 1.60811e-16 1.7525)
(7.66473 0.6 1.75246)
(7.45099 0.6 1.75262)
(7.88022 0.795382 1.75249)
(7.66476 0.795122 1.75243)
(7.88004 0.6 1.75258)
(7.66259 1.00438 1.75231)
(7.87898 1.0045 1.7524)
(7.3 0.6 1.7525)
(7.89553 1.86374e-16 2.17)
(7.88125 0.407127 2.37873)
(7.88385 0.401147 2.16998)
(7.88028 0.795379 2.16996)
(7.88019 0.6 2.16997)
(7.8803 0.6 2.37874)
(7.88022 0.795377 2.37872)
(7.88264 0.407123 1.96124)
(7.88021 0.79538 1.96123)
(7.88018 0.6 1.96124)
(7.02833 0.784986 0.708421)
(7.03109 0.783082 0.916478)
(7.02202 1.16703 0.910904)
(7.02218 1.50366 0.913457)
(7.02669 1.50367 2.16967)
(7.02754 1.50371 1.75203)
(7.02643 1.50355 1.33357)
(7.02939 1.16697 1.33364)
(7.03225 0.783276 1.33464)
(7.02868 0.784985 1.12584)
(7.02901 0.784999 1.54359)
(7.44144 1.50018 2.79623)
(7.65961 1.50005 2.79633)
(7.02225 1.84021 2.58738)
(7.01875 2.22007 2.7965)
(7.01834 2.22648 2.58782)
(7.02353 1.84069 1.33362)
(7.01617 1.84073 0.910781)
(7.02474 1.84092 1.75228)
(7.02433 1.84082 2.16996)
(6.55933 2.30237 2.79929)
(6.56687 2.29464 2.58965)
(6.55298 2.47927 2.7983)
(6.51857 2.67904 2.79689)
(6.52025 2.68016 2.58789)
(6.55388 2.48077 2.58892)
(6.52042 2.68028 0.917468)
(6.55489 2.48146 0.917316)
(6.55548 2.48108 1.12606)
(6.5191 2.6794 1.1262)
(6.56931 2.296 1.33404)
(6.55492 2.48144 1.33463)
(6.56403 2.30626 1.12596)
(6.569 2.29608 0.916879)
(6.52041 2.68028 1.33492)
(6.52042 2.68028 1.75262)
(6.5191 2.6794 1.54374)
(6.55549 2.48108 1.54368)
(6.55492 2.48147 1.75301)
(6.56407 2.30628 1.54344)
(6.56934 2.29627 1.75348)
(6.55545 2.48107 1.96214)
(6.51911 2.6794 1.96144)
(6.56898 2.29611 2.17116)
(6.55481 2.48141 2.17079)
(6.56394 2.30627 1.96319)
(6.52042 2.68027 2.1702)
(6.51907 2.67938 2.37901)
(6.55513 2.48086 2.37977)
(6.56323 2.3058 2.38053)
(7.01903 2.22683 1.33456)
(7.01937 2.22056 1.12576)
(7.01775 2.22685 0.916264)
(7.01908 2.22685 2.17017)
(7.01979 2.22058 1.9613)
(7.01926 2.2269 1.75257)
(7.01981 2.22057 1.54364)
(7.01952 2.22046 2.37888)
(7.01893 2.22058 0.7083)
(6.5191 2.6794 0.708741)
(6.55545 2.48109 0.708624)
(6.56387 2.30632 0.708265)
(8.75255 2.59882 2.16994)
(8.75255 2.59276 1.96121)
(8.75245 2.4 1.96115)
(8.75251 2.4 2.16981)
(8.75256 2.20454 2.16994)
(8.75256 2.20453 1.9612)
(8.75225 1.8 2.17014)
(8.75241 1.8 1.96099)
(8.75254 1.63114 1.96117)
(8.75249 1.63108 2.17003)
(8.75329 1.8 1.75314)
(8.75282 1.63112 1.75269)
(8.75254 1.99544 1.96116)
(8.75248 1.99545 2.17001)
(8.75283 1.99544 1.75269)
(8.75261 1.50007 1.7525)
(8.75262 1.63108 1.5438)
(8.75256 1.49999 1.54374)
(8.75249 3 2.17)
(8.75255 2.59276 2.37876)
(8.75253 2.4 2.37872)
(8.75256 2.20455 2.37876)
(8.75254 1.99545 2.37878)
(8.75256 1.63106 2.3788)
(8.75253 1.8 2.37881)
(8.75254 1.4999 1.33489)
(8.75252 1.50003 1.12617)
(8.75235 1.3689 1.12612)
(8.75236 1.36887 1.33492)
(8.75259 1.50011 1.96125)
(8.75261 1.49984 2.37882)
(8.7526 1.49994 2.17009)
(8.75249 3 1.7525)
(8.75262 2.59883 1.75251)
(8.97158 2.59129 1.12616)
(8.97151 2.4 1.12618)
(8.75266 2.4 1.1263)
(8.75264 2.59276 1.12625)
(8.75258 2.59883 1.33504)
(8.75252 2.4 1.33513)
(8.75266 2.4 1.54394)
(8.75264 2.59277 1.54382)
(8.75249 3 1.335)
(8.97157 2.20454 1.12614)
(8.75263 2.20453 1.12626)
(8.7526 2.20454 1.33502)
(8.75265 2.20454 1.54381)
(8.75272 2.4 1.75254)
(8.75268 2.20453 1.75253)
(8.97151 1.6311 1.12608)
(8.97132 1.8 1.12598)
(8.97151 1.99544 1.1261)
(8.75256 1.99545 1.12642)
(8.7526 1.99545 1.33485)
(8.75264 1.99545 1.54381)
(8.75253 1.8 1.33452)
(8.75258 1.63107 1.33482)
(8.75254 1.8 1.544)
(8.75253 1.63112 1.12639)
(8.75249 1.8 1.12696)
(8.75835 1.35246e-16 1.335)
(8.75382 0.401166 1.33499)
(8.75316 0.407237 1.12619)
(8.75669 1.60811e-16 1.7525)
(8.75335 0.401167 1.75245)
(8.75302 0.407237 1.54372)
(8.75264 0.6 1.12615)
(8.75262 0.795471 1.12617)
(8.75263 0.795473 1.33498)
(8.7527 0.6 1.33507)
(8.75257 0.6 1.54375)
(8.75257 0.795461 1.54374)
(8.7525 0.795461 1.75244)
(8.75243 0.6 1.75236)
(8.75238 1.00456 1.12613)
(8.75237 1.00456 1.33494)
(8.75207 1.2 1.33493)
(8.75193 1.2 1.12607)
(8.75238 1.00455 1.54389)
(8.75241 1.00455 1.75239)
(8.75219 1.2 1.54427)
(8.75223 1.2 1.75218)
(8.75237 1.36891 1.54388)
(8.75243 1.36892 1.7524)
(8.75277 1.86375e-16 2.17)
(8.75233 0.407248 2.37874)
(8.75255 0.401179 2.17007)
(8.75264 0.40724 1.96123)
(8.75223 0.6 1.96114)
(8.75246 0.795452 1.96125)
(8.75252 1.00455 1.96131)
(8.75245 1.2 1.96132)
(8.75254 1.36893 1.96131)
(8.75252 0.795463 2.17012)
(8.7526 0.795471 2.37876)
(8.75259 1.00455 2.37885)
(8.7526 1.00455 2.17031)
(8.75237 0.6 2.17026)
(8.75262 0.6 2.37871)
(8.75266 1.2 2.1708)
(8.75255 1.2 2.37882)
(8.7526 1.36885 2.37886)
(8.75261 1.36888 2.17031)
(10.9579 1.50001 2.1714)
(8.9716 1.49992 1.33484)
(8.97159 1.49999 1.54365)
(8.97161 1.49997 1.75249)
(11.3914 1.5 1.74765)
(10.9481 1.5 1.32019)
(10.9561 1.5 1.74724)
(10.5133 1.50001 2.17699)
(10.5046 1.50001 1.97019)
(10.5144 1.5 1.74905)
(10.2898 1.5 2.17604)
(10.2869 1.50003 1.96636)
(10.2906 1.49994 1.74966)
(10.0691 1.49998 1.75051)
(10.0679 1.5001 1.96355)
(10.0686 1.50001 2.17378)
(10.5072 1.50001 1.31464)
(10.2875 1.50003 1.32026)
(10.2867 1.49991 1.11308)
(10.5059 1.49999 1.10831)
(10.0675 1.5 1.1182)
(10.068 1.50006 1.32628)
(9.84846 1.5 1.33048)
(9.84822 1.50002 1.12191)
(10.5094 1.50001 1.52564)
(10.289 1.50001 1.53168)
(10.0687 1.49986 1.53699)
(9.84888 1.5 1.7513)
(9.84876 1.49991 1.54035)
(9.84851 1.50001 1.96216)
(10.5062 1.50001 2.38941)
(10.2875 1.49996 2.38628)
(10.0682 1.49995 2.38326)
(9.62904 1.49998 1.33283)
(9.62918 1.5 1.54213)
(9.62923 1.50003 1.75186)
(9.62889 1.49999 1.12408)
(8.9716 1.36889 1.33488)
(9.40977 1.50013 1.33408)
(8.97169 1.36891 1.12611)
(9.40979 1.50002 1.54307)
(9.19067 1.4999 1.33463)
(9.19062 1.49993 1.54348)
(9.19058 1.36887 1.33491)
(9.19068 1.49998 1.75238)
(9.40987 1.50002 1.75223)
(9.19074 1.49993 2.17011)
(9.19072 1.50005 2.37895)
(8.97166 1.49992 2.37883)
(8.97166 1.5 2.17003)
(9.62913 1.5 2.1709)
(9.62915 1.49986 2.37994)
(9.40988 1.49997 2.37927)
(9.40989 1.49994 2.17034)
(9.8486 1.49997 2.17197)
(9.84862 1.5 2.38117)
(9.62914 1.50021 1.96153)
(9.40989 1.50011 1.96124)
(8.97166 1.50007 1.96125)
(9.19077 1.5 1.96122)
(9.19087 1.6311 1.96104)
(8.97164 1.63114 1.96121)
(8.97162 1.6311 1.75253)
(9.19067 1.6311 1.75247)
(8.97171 1.63111 2.16983)
(9.19079 1.63108 2.16994)
(8.97162 1.63108 2.37883)
(9.62908 1.63107 2.37983)
(9.40976 1.6311 2.37922)
(9.84846 1.63109 2.38111)
(9.19061 1.63111 2.37892)
(9.40993 1.63108 2.1702)
(9.62922 1.63109 2.17075)
(10.0677 1.63109 2.38338)
(10.0689 1.6311 2.1739)
(9.84865 1.63109 2.17195)
(9.62918 1.63119 1.96145)
(9.84854 1.63111 1.96225)
(9.40984 1.6311 1.75242)
(9.40992 1.63112 1.96089)
(9.62913 1.63111 1.75197)
(10.0679 1.63112 1.96398)
(9.84883 1.6311 1.75155)
(9.19044 1.63108 1.54354)
(8.97157 1.63108 1.54371)
(8.97159 1.63107 1.3349)
(9.19078 1.63107 1.33457)
(9.19065 1.63109 1.12592)
(8.97161 1.50006 1.12606)
(9.40967 1.63113 1.33434)
(9.40975 1.6311 1.12545)
(9.62885 1.63109 1.12426)
(9.62901 1.63109 1.33306)
(9.62912 1.63109 1.54234)
(9.40959 1.63111 1.54324)
(9.84838 1.63109 1.33062)
(9.8481 1.6311 1.12216)
(9.84872 1.63107 1.54063)
(10.9639 1.83392 2.17041)
(10.9432 2.2234 2.17473)
(10.94 2.62412 2.17294)
(10.9431 3 2.17)
(9.19084 1.8 2.1698)
(8.97188 1.8 2.16945)
(8.97155 2.20453 2.17001)
(8.97149 2.4 2.17002)
(8.97151 2.59274 2.17004)
(9.19052 2.59884 2.17015)
(9.19062 3 2.17)
(9.19057 2.20454 2.17014)
(9.19073 2.4 2.17023)
(8.97168 1.99544 2.16982)
(9.19072 1.99545 2.16994)
(9.19062 3 1.7525)
(9.19043 2.59276 1.96119)
(9.19053 2.59883 1.75235)
(9.19063 1.8 1.75264)
(9.1911 1.8 1.96084)
(9.19062 1.99545 1.75245)
(9.19079 1.99544 1.96103)
(9.1905 2.20454 1.96117)
(9.19055 2.20453 1.75234)
(9.19043 2.4 1.96115)
(9.19058 2.4 1.75236)
(9.19062 3 1.335)
(9.19061 2.59884 1.33474)
(9.19066 2.59276 1.12598)
(9.19057 2.59276 1.54351)
(9.19073 2.4 1.12609)
(9.19063 2.20453 1.33467)
(9.19066 2.20454 1.12595)
(9.19062 2.4 1.3348)
(9.19001 1.8 1.54363)
(9.19114 1.8 1.33436)
(9.19062 2.4 1.54364)
(9.19057 2.20453 1.5435)
(9.19058 1.8 1.12614)
(9.19064 1.99545 1.12594)
(9.19076 1.99545 1.33458)
(9.19041 1.99545 1.54353)
(8.97155 2.20453 1.96124)
(8.97157 2.20453 1.75247)
(8.9716 1.99543 1.75253)
(8.97161 1.99543 1.9612)
(8.97152 2.59129 1.96125)
(8.97155 2.4 1.9613)
(8.97154 2.59274 1.75246)
(8.97152 1.8 1.75257)
(8.97153 2.4 1.75249)
(8.97155 1.8 1.96131)
(8.97158 2.20454 1.33489)
(8.97159 1.99545 1.33491)
(8.97155 2.20454 1.54368)
(8.97156 1.99545 1.54372)
(8.97157 1.8 1.54376)
(8.97157 1.8 1.33509)
(8.97148 2.4 1.54369)
(8.97158 2.59274 1.33491)
(8.97157 2.4 1.33491)
(8.97155 2.59129 1.54368)
(10.9448 2.22343 1.32058)
(10.9433 2.62407 1.3284)
(10.9476 1.83392 1.31618)
(10.962 1.83391 1.74718)
(10.9466 2.22341 1.74291)
(10.9426 2.62407 1.74725)
(10.9431 3 1.7525)
(10.9431 3 1.335)
(9.62875 3 1.7525)
(9.62803 2.59885 1.75151)
(9.40935 2.59273 1.75205)
(10.0669 3 1.7525)
(10.505 3 1.7525)
(10.5016 2.60295 1.73134)
(10.2815 2.59384 1.7394)
(10.0643 2.59904 1.74703)
(9.84619 2.59278 1.74973)
(10.0696 1.8 1.75114)
(10.294 1.8 1.75112)
(10.2921 1.63114 1.75023)
(10.0694 1.6311 1.75079)
(10.5206 1.63128 1.75021)
(10.5 1.8 1.7525)
(10.2817 2.4 1.73483)
(10.064 2.4 1.74541)
(10.504 2.20653 1.72881)
(10.2833 2.20494 1.73993)
(10.434 2.4 1.7)
(10.0648 2.20462 1.74656)
(10.5181 1.99585 1.74701)
(9.4097 1.99545 1.75237)
(9.40985 1.8 1.75297)
(9.62813 2.20454 1.75141)
(9.62883 1.99544 1.75183)
(9.40943 2.20453 1.75207)
(9.62891 1.8 1.75204)
(10.0683 1.99549 1.74992)
(10.2903 1.99562 1.74834)
(9.8486 1.8 1.75189)
(9.84823 1.99546 1.75119)
(9.84663 2.20455 1.74984)
(9.40944 2.4 1.75215)
(9.62799 2.4 1.7516)
(9.8464 2.4 1.74973)
(8.97162 1.8 2.37892)
(8.97153 2.20454 2.37882)
(8.97158 1.99544 2.37882)
(10.5188 1.63128 2.17699)
(10.5 1.8 2.17)
(10.291 1.63115 2.17626)
(9.40994 1.8 2.17015)
(9.62928 1.8 2.17052)
(10.0691 1.8 2.17395)
(10.2935 1.8 2.17562)
(9.84846 1.8 2.17186)
(9.62899 1.8 2.37968)
(9.40957 1.8 2.37918)
(10.4064 1.8 2.40639)
(9.84828 1.8 2.38088)
(9.19039 1.8 2.37889)
(10.2826 1.8 2.38876)
(10.067 1.8 2.38335)
(11.3844 2.24333 1.74895)
(11.3813 3 1.7525)
(11.3917 1.85655 1.74767)
(11.3817 2.63316 1.7511)
(10.2858 1.63115 2.38739)
(10.5002 1.63146 2.39362)
(9.62763 2.20454 2.17094)
(9.62879 1.99545 2.17077)
(9.40973 1.99546 2.1702)
(9.40926 2.20454 2.17037)
(9.62875 3 2.17)
(9.62752 2.59885 2.17079)
(9.40914 2.59273 2.17037)
(9.40925 2.4 2.17042)
(9.62753 2.4 2.17079)
(10.505 3 2.17)
(10.4881 2.60295 2.18583)
(10.2742 2.59385 2.18062)
(10.0612 2.59904 2.17452)
(10.0669 3 2.17)
(9.84521 2.20456 2.17239)
(9.84773 1.99546 2.17206)
(10.4892 2.20651 2.18829)
(10.5139 1.99585 2.17895)
(10.2879 1.99562 2.17725)
(10.2764 2.20494 2.18083)
(10.2736 2.4 2.18289)
(10.402 2.4 2.20201)
(9.8447 2.4 2.1724)
(9.84462 2.59279 2.17226)
(10.0616 2.20463 2.17534)
(10.0671 1.9955 2.17427)
(10.0601 2.4 2.17573)
(8.97153 2.4 2.37881)
(9.40956 1.99546 2.37924)
(9.40929 2.4 2.3792)
(10.2829 1.99559 2.38849)
(9.84753 1.99546 2.38134)
(10.2742 2.4 2.39154)
(9.84483 2.4 2.38187)
(9.62762 2.20454 2.38024)
(9.62734 2.59277 2.38023)
(9.19043 2.59276 2.37897)
(9.19047 2.20454 2.37897)
(10.4898 2.20513 2.39644)
(10.0605 2.59297 2.38528)
(10.488 2.59473 2.39575)
(10.0616 2.20461 2.38536)
(8.97151 2.59129 2.37882)
(9.19045 2.4 2.37893)
(9.19052 1.99544 2.37892)
(9.40923 2.20454 2.37933)
(9.62863 1.99546 2.37992)
(9.40911 2.59129 2.37933)
(9.6276 2.4 2.3802)
(10.496 1.99579 2.39533)
(10.4008 2.4 2.4008)
(10.0659 1.99549 2.38393)
(10.2764 2.20477 2.39058)
(9.8452 2.20456 2.382)
(10.2745 2.59205 2.39067)
(10.0605 2.4 2.38568)
(9.84454 2.59134 2.38203)
(9.40975 1.99544 1.96085)
(10.2856 1.63116 1.96836)
(10.2831 1.99558 1.96823)
(9.84776 1.99545 1.9621)
(9.4092 2.4 1.96104)
(10.2746 2.4 1.96787)
(9.84532 2.4 1.9614)
(10.488 2.20513 1.97449)
(9.62781 2.20452 1.96123)
(10.0675 1.8 1.9644)
(10.0613 2.59295 1.96235)
(10.3976 1.8 1.99764)
(10.4862 2.59471 1.97401)
(10.0623 2.2046 1.96264)
(9.62915 1.8 1.96141)
(9.62753 2.59277 1.96119)
(10.497 1.63147 1.97727)
(10.4932 1.99579 1.97763)
(10.3921 2.4 1.99205)
(9.40989 1.8 1.96008)
(9.6288 1.99544 1.96138)
(9.40929 2.20453 1.96112)
(10.2832 1.8 1.97096)
(10.0664 1.99549 1.96377)
(10.277 2.20477 1.96614)
(9.84837 1.8 1.96231)
(9.84568 2.20455 1.96155)
(9.40915 2.59129 1.96114)
(9.62769 2.4 1.96115)
(10.2752 2.59204 1.96567)
(10.0611 2.4 1.96269)
(9.84506 2.59133 1.96139)
(10.5053 2.20654 1.30822)
(10.505 3 1.335)
(9.62867 2.20454 1.33271)
(9.62875 3 1.335)
(10.4628 1.8 1.3)
(10.5048 2.60294 1.31412)
(10.0667 2.20462 1.32466)
(10.0669 3 1.335)
(9.62901 1.8 1.33344)
(9.62861 2.59885 1.33309)
(10.068 1.8 1.32601)
(10.0665 2.59904 1.32647)
(10.286 2.4 1.11153)
(10.2891 1.63115 1.52989)
(10.2847 2.4 1.52324)
(9.40972 1.99545 1.12547)
(10.2864 1.63114 1.11219)
(10.2862 1.99558 1.11167)
(9.84798 1.99546 1.12209)
(9.40969 2.4 1.12562)
(9.84774 2.4 1.12213)
(9.4095 1.99545 1.54321)
(10.2881 1.99558 1.52827)
(9.84831 1.99546 1.54029)
(9.4096 2.4 1.54312)
(9.84704 2.4 1.53923)
(10.5062 1.63131 1.30904)
(10.5056 1.99587 1.30748)
(10.5051 2.20514 1.10461)
(10.5051 2.20514 1.51284)
(10.434 2.4 1.3)
(10.2859 2.20494 1.31656)
(9.40963 2.20452 1.33411)
(9.84771 2.20456 1.32976)
(9.62889 1.99545 1.333)
(9.62866 2.4 1.33305)
(9.62844 2.20454 1.54174)
(9.62873 2.20454 1.12421)
(10.0675 1.8 1.11847)
(10.0668 2.59296 1.1182)
(10.0689 1.8 1.53674)
(10.0655 2.59296 1.53402)
(10.434 1.8 1.1)
(10.434 1.8 1.5)
(10.2867 1.8 1.3167)
(10.068 1.63111 1.32605)
(10.505 2.59473 1.10655)
(10.504 2.59474 1.51395)
(10.2855 2.59383 1.31789)
(10.0669 2.20461 1.11762)
(10.0676 1.9955 1.32556)
(10.0665 2.4 1.32469)
(10.0661 2.2046 1.53393)
(9.62873 1.8 1.12454)
(9.40945 1.8 1.33488)
(9.84823 1.8 1.3309)
(9.62913 1.8 1.5426)
(9.62869 2.59278 1.12435)
(9.40961 2.59274 1.33416)
(9.84754 2.59279 1.33004)
(9.6283 2.59277 1.54174)
(10.5054 1.63143 1.10532)
(10.5052 1.99578 1.10443)
(10.2858 2.4 1.31537)
(10.4229 2.4 1.1)
(10.286 2.20477 1.11146)
(10.2859 2.59204 1.11222)
(10.0668 2.4 1.11797)
(10.5089 1.63143 1.51858)
(10.2872 1.63114 1.31844)
(10.2888 1.8 1.52801)
(10.0688 1.63108 1.53683)
(10.4229 2.4 1.5)
(10.2853 2.20477 1.52501)
(10.2844 2.59204 1.52497)
(10.0656 2.4 1.53339)
(10.5077 1.99578 1.51588)
(9.40984 1.8 1.12579)
(9.62879 1.99544 1.12426)
(9.40968 2.20453 1.1254)
(9.40962 1.99545 1.33434)
(10.2858 1.8 1.11185)
(10.0675 1.6311 1.11819)
(10.0673 1.99549 1.11798)
(10.2867 1.9956 1.31745)
(9.84793 1.8 1.12277)
(9.84779 2.20455 1.12177)
(9.84816 1.99546 1.3304)
(9.40966 2.59129 1.12545)
(9.62872 2.4 1.12456)
(9.40963 2.4 1.33433)
(9.84771 2.59133 1.12194)
(9.84774 2.4 1.32988)
(9.4092 1.8 1.54345)
(9.62891 1.99545 1.54222)
(9.40954 2.20453 1.54298)
(10.0681 1.99549 1.53602)
(9.84858 1.8 1.54123)
(9.84728 2.20456 1.53911)
(9.40951 2.59129 1.54296)
(9.62834 2.4 1.54192)
(9.84694 2.59134 1.53901)
(10.9378 0.375884 2.17294)
(10.9399 -1.32874e-16 2.17)
(10.9423 0.776601 2.17472)
(10.9637 1.16609 2.17041)
(10.5 1.86375e-16 2.17)
(10.4865 0.397049 2.18579)
(10.2719 0.40615 2.18043)
(10.0597 0.400949 2.17445)
(10.0635 1.86375e-16 2.17)
(10.4887 0.79349 2.18824)
(10.2746 0.795057 2.18067)
(10.2696 0.6 2.18265)
(10.402 0.6 2.20201)
(10.5136 1.00415 2.17895)
(10.287 1.00439 2.17729)
(10.2904 1.36886 2.17633)
(10.5186 1.36872 2.177)
(10.5 1.2 2.17)
(10.0606 0.795379 2.17526)
(10.059 0.6 2.17573)
(10.2924 1.2 2.17578)
(10.0664 1.0045 2.17421)
(10.0684 1.2 2.17378)
(10.0684 1.36891 2.17386)
(10.0637 1.60811e-16 1.7525)
(10.0601 0.407042 1.96207)
(10.0632 0.400959 1.74711)
(10.0613 0.795398 1.96241)
(10.06 0.6 1.96222)
(9.62804 0.795458 1.75131)
(9.62798 0.6 1.75139)
(9.84584 0.6 1.74943)
(9.84627 0.795451 1.74969)
(9.84562 0.407212 1.7496)
(9.62765 0.401151 1.75142)
(9.62724 1.60811e-16 1.7525)
(9.8482 1.00454 1.75087)
(9.62887 1.00454 1.75179)
(10.0643 0.79538 1.74662)
(10.0635 0.6 1.74568)
(10.0686 1.2 1.75086)
(10.0661 1.2 1.96491)
(10.067 1.36892 1.96416)
(10.0688 1.36889 1.7506)
(10.0676 1.00452 1.7497)
(9.84924 1.2 1.75118)
(9.62923 1.2 1.75213)
(10.0654 1.00451 1.9639)
(9.8489 1.3689 1.75127)
(9.62921 1.36892 1.75194)
(9.40945 0.795458 1.75203)
(9.4096 0.6 1.75205)
(9.1911 1.6081e-16 1.7525)
(9.40934 0.407264 1.75202)
(9.19056 0.401172 1.75236)
(9.40966 1.00454 1.75227)
(9.40973 1.2 1.75259)
(9.40981 1.36892 1.75232)
(8.97169 0.407264 1.75254)
(9.19046 0.795465 1.75234)
(8.97151 0.795466 1.75254)
(8.97152 0.6 1.75267)
(9.19037 0.6 1.75236)
(9.19054 1.00455 1.75236)
(8.97149 1.00455 1.75258)
(9.19046 1.2 1.75224)
(8.9714 1.2 1.75285)
(9.1906 1.36889 1.75237)
(8.97152 1.3689 1.75257)
(10.0638 1.35246e-16 1.335)
(10.0656 0.400959 1.32638)
(10.0663 0.407039 1.11815)
(10.0666 0.6 1.11796)
(10.0668 0.795399 1.11758)
(9.84831 1.36892 1.1222)
(9.8484 1.36891 1.33075)
(10.0673 1.00451 1.11799)
(10.0664 0.795376 1.32456)
(10.0662 0.6 1.32453)
(9.84754 0.795444 1.32982)
(9.84774 0.795445 1.1218)
(10.0675 1.2 1.11858)
(10.0675 1.36891 1.11823)
(9.84817 1.00453 1.12213)
(9.84814 1.00453 1.33053)
(9.84865 1.2 1.1228)
(9.8483 1.2 1.33144)
(9.62899 1.3689 1.333)
(9.62916 1.36891 1.54223)
(9.62892 1.2 1.33327)
(9.62915 1.2 1.54245)
(9.62841 0.795457 1.54167)
(9.62838 0.6 1.54184)
(9.62751 1.35246e-16 1.335)
(9.62816 0.407227 1.54169)
(9.6283 0.401153 1.33307)
(9.62894 1.00455 1.54209)
(9.6286 0.79546 1.33268)
(9.62859 0.6 1.33299)
(9.62885 1.00454 1.33293)
(9.84719 0.407213 1.3301)
(9.84745 0.6 1.33013)
(10.5051 0.793459 1.30819)
(10.434 0.6 1.3)
(10.5035 0.397059 1.31407)
(10.9412 0.375941 1.32838)
(10.944 0.776566 1.32056)
(10.5 1.35246e-16 1.335)
(10.2847 0.406159 1.31771)
(10.9405 0.375936 1.74725)
(10.9457 0.776589 1.74292)
(10.5062 1.36869 1.3091)
(10.4628 1.2 1.3)
(10.9474 1.16608 1.31617)
(10.9617 1.16609 1.74718)
(10.2873 1.36886 1.3188)
(10.9399 -8.1745e-17 1.335)
(10.9399 -1.0731e-16 1.7525)
(10.5056 1.00413 1.30752)
(10.2855 0.795056 1.31644)
(10.2848 0.6 1.31513)
(10.2873 1.2 1.31801)
(10.0678 1.36891 1.32592)
(10.0674 1.2 1.3255)
(10.0674 1.00451 1.32541)
(10.2868 1.0044 1.31777)
(10.2857 0.6 1.11135)
(10.2866 1.36882 1.11232)
(10.2863 1.00444 1.1118)
(10.434 1.2 1.1)
(10.505 0.794858 1.10458)
(11.3834 0.756672 1.74895)
(11.3795 -1.0731e-16 1.7525)
(10.5044 0.405272 1.10648)
(10.4229 0.6 1.1)
(11.3801 0.366841 1.7511)
(11.3913 1.14345 1.74767)
(10.5055 1.36856 1.10536)
(10.5052 1.00422 1.10445)
(10.2854 0.407957 1.11206)
(10.2858 0.795227 1.11134)
(10.2864 1.2 1.1121)
(10.5 1.2 1.7525)
(10.5037 0.793469 1.72886)
(10.5 1.6081e-16 1.7525)
(10.5002 0.397054 1.7314)
(10.2849 0.6 1.52223)
(10.2719 0.6 1.96608)
(9.84697 0.6 1.53908)
(10.2887 1.36884 1.52936)
(10.2842 1.36885 1.96864)
(9.84825 1.00454 1.54004)
(10.2814 1.00442 1.96843)
(9.84869 1.36889 1.54042)
(10.2877 1.00442 1.52773)
(10.5204 1.36871 1.75015)
(10.3976 1.2 1.99764)
(10.434 1.2 1.5)
(10.5177 1.00414 1.74695)
(10.2922 1.2 1.75034)
(10.2827 0.795058 1.74042)
(10.0659 0.795413 1.5338)
(10.5049 0.794862 1.51276)
(10.4875 0.79487 1.97439)
(10.434 0.6 1.7)
(10.2807 0.406154 1.73997)
(10.0651 0.407039 1.53393)
(10.5034 0.405265 1.51387)
(10.4853 0.405293 1.97386)
(10.0687 1.2 1.53634)
(10.284 0.407954 1.52463)
(10.4229 0.6 1.5)
(10.3921 0.6 1.99205)
(10.5088 1.36857 1.51847)
(10.4967 1.36854 1.97732)
(10.4927 1.00421 1.97765)
(10.5075 1.00422 1.51576)
(10.2815 0.6 1.73679)
(10.0656 0.6 1.53332)
(10.2851 0.795234 1.52466)
(10.2734 0.407961 1.96503)
(10.2754 0.795231 1.96559)
(9.84669 0.408662 1.53893)
(9.84714 0.795453 1.53899)
(10.2911 1.36885 1.7499)
(10.0686 1.36885 1.53654)
(10.2881 1.2 1.52652)
(10.28 1.2 1.97183)
(9.84855 1.2 1.54082)
(10.0678 1.00451 1.53572)
(10.2892 1.0044 1.74806)
(9.62853 0.407224 1.12435)
(9.62865 0.795457 1.12422)
(9.62861 0.6 1.12459)
(9.62869 1.00456 1.12433)
(9.62865 1.2 1.12463)
(9.62877 1.36891 1.12432)
(8.97175 1.2 1.54346)
(9.19041 1.2 1.33551)
(9.1907 1.2 1.12585)
(8.97186 1.2 1.12622)
(8.97167 1.2 1.33486)
(9.40993 1.2 1.12569)
(9.19059 1.2 1.54364)
(9.40966 1.2 1.54328)
(9.40969 1.2 1.33434)
(9.19061 0.795473 1.33468)
(9.19184 1.35246e-16 1.335)
(9.19087 0.401162 1.33472)
(9.4097 0.6 1.12568)
(8.97169 0.6 1.12615)
(9.40954 0.6 1.54327)
(8.97155 0.6 1.54366)
(9.40976 1.00455 1.12547)
(8.97169 1.00456 1.12612)
(9.40968 1.00455 1.5431)
(8.9716 1.00455 1.54363)
(9.19066 0.795463 1.12592)
(9.19056 0.795469 1.54344)
(8.97161 0.79547 1.3349)
(9.40962 0.795461 1.33408)
(9.19064 0.6 1.33476)
(9.19056 1.00455 1.33492)
(9.19076 0.407236 1.12595)
(9.19062 0.407235 1.54344)
(9.40959 0.40726 1.33415)
(8.97189 0.407264 1.33491)
(9.19067 0.6 1.126)
(9.40966 0.408709 1.12547)
(9.4096 0.6 1.33429)
(9.40968 0.79546 1.12544)
(8.97184 0.40871 1.12614)
(8.9716 0.6 1.33498)
(8.97165 0.795463 1.12613)
(9.19057 0.6 1.54345)
(9.40947 0.408707 1.54299)
(9.40954 0.795465 1.54299)
(8.97171 0.40871 1.54366)
(8.97156 0.795465 1.54365)
(9.19068 1.00455 1.12591)
(9.4097 1.00456 1.33418)
(8.9716 1.00456 1.33489)
(9.19059 1.00456 1.54354)
(8.97161 1.36891 1.54363)
(9.40977 1.3689 1.54314)
(9.19062 1.36889 1.54355)
(9.40975 1.36892 1.33419)
(9.84768 0.6 1.12223)
(9.84752 0.408662 1.12196)
(8.97159 1.3689 2.17014)
(8.97173 1.36888 2.37878)
(8.97146 1.2 2.17016)
(8.9719 1.2 2.37861)
(8.97167 1.36892 1.96129)
(8.9718 1.2 1.96123)
(8.97153 0.795454 2.37877)
(8.97169 1.00456 2.37877)
(8.97156 1.00456 2.17014)
(8.97156 0.795461 2.16999)
(8.97168 0.6 2.16975)
(8.97146 0.6 2.37873)
(8.97135 0.408718 2.37876)
(8.97151 0.407276 2.16996)
(8.9715 0.795457 1.96139)
(8.97144 0.6 1.96162)
(8.97152 0.408717 1.96139)
(8.97163 1.00456 1.96131)
(9.19021 0.401169 2.1701)
(9.18944 1.86375e-16 2.17)
(9.19044 0.407238 1.9613)
(9.4091 0.408713 1.96122)
(9.19051 0.795455 1.96131)
(9.19061 0.6 1.96135)
(9.19065 1.00455 1.96134)
(9.40933 0.6 1.96122)
(9.40926 0.795458 1.96125)
(9.19083 1.2 1.96143)
(9.40958 1.00455 1.96129)
(9.40967 1.2 1.96117)
(9.19073 1.36891 1.96133)
(9.40978 1.36893 1.96131)
(9.62738 0.795463 2.17097)
(9.62731 0.6 2.17085)
(9.40906 0.6 2.17033)
(9.40912 0.795464 2.17039)
(9.40956 1.00455 2.17038)
(9.62834 1.00456 2.17095)
(9.19045 0.795464 2.17014)
(9.1905 0.6 2.17008)
(9.62691 0.401154 2.17079)
(9.40888 0.407269 2.17035)
(9.19053 1.00455 2.1702)
(9.19045 1.2 2.17025)
(9.40975 1.2 2.17032)
(9.62851 1.2 2.17094)
(9.19019 0.407252 2.37894)
(9.62884 1.36891 2.17093)
(9.40979 1.36889 2.17036)
(9.19063 1.36889 2.17019)
(9.19048 0.6 2.37888)
(9.62894 1.36893 1.96158)
(9.62879 1.2 1.96154)
(9.62665 1.86375e-16 2.17)
(9.62718 0.407227 1.96122)
(9.62757 0.795457 1.96129)
(9.62748 0.6 1.96128)
(9.6285 1.00454 1.96151)
(9.4089 0.408714 2.37933)
(9.627 0.407232 2.38016)
(9.84399 0.40721 2.1722)
(9.84475 0.795449 2.17234)
(9.84429 0.6 2.17232)
(9.84715 1.00454 2.17198)
(9.84818 1.36889 2.17188)
(9.84753 1.2 2.17163)
(9.40916 0.6 2.37925)
(9.40989 1.36889 2.37916)
(9.40968 1.00456 2.37918)
(10.2745 0.6 2.39185)
(9.84483 0.6 2.38189)
(10.283 1.00442 2.38837)
(10.286 1.36883 2.38729)
(9.84858 1.3689 2.38097)
(9.8476 1.00455 2.3812)
(9.6275 0.795471 2.38018)
(9.62857 1.2 2.3798)
(9.19065 1.2 2.37873)
(9.19046 0.795462 2.37894)
(10.4897 0.794869 2.39644)
(10.06 0.40704 2.38526)
(10.067 1.2 2.38336)
(10.4874 0.405272 2.39576)
(10.4064 1.2 2.40639)
(10.0613 0.795401 2.38532)
(9.19064 1.00454 2.37888)
(9.40918 0.795462 2.37933)
(9.6274 0.6 2.38004)
(9.19072 1.36891 2.37888)
(9.41 1.2 2.37899)
(9.62898 1.36886 2.37986)
(9.62851 1.00455 2.37994)
(10.4008 0.6 2.4008)
(10.274 0.407952 2.39076)
(10.496 1.00421 2.39531)
(10.5002 1.36855 2.39359)
(10.0601 0.6 2.38561)
(10.2762 0.795234 2.39065)
(9.84425 0.408661 2.38201)
(9.8451 0.795447 2.38197)
(10.2831 1.2 2.38843)
(10.0659 1.00451 2.38388)
(10.0677 1.36889 2.38335)
(9.84877 1.2 2.38057)
(9.84472 0.6 1.96141)
(9.8481 1.36891 1.96227)
(9.8472 1.00455 1.96211)
(9.84441 0.408661 1.96132)
(9.84514 0.795449 1.9615)
(9.84768 1.2 1.9624)
(7.44177 1.50061 0.91222)
(7.43963 1.50027 0.706643)
(7.65784 1.50001 0.707081)
(7.65827 1.50008 0.914149)
(7.87807 1.50007 2.37873)
(7.66008 1.50017 2.37878)
(7.44203 1.50023 2.37874)
(7.44731 1.50058 2.16994)
(7.66154 1.50017 2.16998)
(7.87847 1.50008 2.16997)
(7.44226 1.50024 1.9612)
(7.44746 1.50061 1.7523)
(7.66027 1.50011 1.96124)
(7.66165 1.50032 1.75232)
(7.87854 1.50011 1.75241)
(7.87822 1.50003 1.96125)
(7.4466 1.50059 1.33394)
(7.43982 1.50027 1.12374)
(7.87804 1.50002 1.33429)
(7.87714 1.50003 1.12492)
(7.65856 1.5001 1.12421)
(7.66093 1.50012 1.33401)
(7.44206 1.50025 1.54333)
(7.66013 1.5001 1.54331)
(7.65918 1.00438 0.70735)
(7.87813 1.5 1.54345)
(7.65751 1.2 0.707234)
(7.65749 1.36886 0.707064)
(7.87843 1.8 2.16959)
(7.87854 1.63114 2.16992)
(7.87805 1.63113 2.37873)
(7.87767 1.8 2.37866)
(7.88014 2.20464 2.16998)
(7.87902 1.9955 2.16993)
(7.87859 1.99551 2.37874)
(7.8801 2.20464 2.37877)
(7.87625 3 2.17)
(7.87966 2.59886 2.16997)
(7.88018 2.59288 2.37877)
(7.88004 2.4 2.37877)
(7.87992 2.4 2.16999)
(8.53372 2.59273 2.17001)
(8.31504 2.59883 2.17002)
(8.31436 3 2.17)
(8.53372 2.59129 1.96127)
(8.53363 2.4 1.96129)
(8.31514 2.59277 1.9613)
(8.5337 2.20454 1.96125)
(8.3149 2.4 1.96138)
(8.31498 2.4 2.17007)
(8.53352 1.99545 1.96113)
(8.53363 1.99545 1.75239)
(8.5336 1.6311 1.75237)
(8.53374 1.63109 1.54353)
(8.53334 1.8 1.75219)
(8.53365 1.5 1.54366)
(8.53366 1.50002 1.7524)
(8.09712 2.59275 2.16993)
(8.31511 2.20454 1.9613)
(8.31515 2.20454 2.17005)
(8.09715 2.20456 1.96128)
(8.09716 2.20455 2.16998)
(8.09687 2.4 2.1698)
(8.0969 1.8 2.17071)
(8.09667 1.63115 2.17029)
(8.09607 1.8 1.96216)
(8.09632 1.6311 1.9616)
(8.09655 1.99546 1.96159)
(8.09689 1.99547 2.17029)
(8.31477 1.99545 1.96122)
(8.53326 1.8 1.96095)
(8.53349 1.6311 1.96112)
(8.31468 1.6311 1.96121)
(8.31423 1.8 1.96096)
(8.53366 1.5 1.33485)
(8.53358 1.50012 1.12608)
(8.09623 1.49999 1.33455)
(8.09585 1.49994 1.12552)
(8.09639 1.50001 1.54354)
(8.09649 1.49996 1.75248)
(8.31489 1.50001 1.33483)
(8.31495 1.50007 1.54366)
(8.31494 1.49996 1.75246)
(8.31468 1.50008 1.12601)
(7.87795 1.63112 1.9613)
(7.87836 1.63114 1.75257)
(8.09648 1.63109 1.75248)
(8.31488 1.6311 1.75253)
(7.87775 1.2 2.16989)
(7.87691 1.2 2.37887)
(7.87746 1.36893 2.37874)
(7.87808 1.36893 2.16992)
(7.87787 1.36892 1.96119)
(7.8785 1.36892 1.75238)
(7.87753 1.2 1.96114)
(7.87854 1.2 1.75238)
(8.0965 1.63109 2.37871)
(8.31487 1.63108 2.37894)
(8.53361 1.63108 2.37878)
(8.53359 1.63109 2.17003)
(8.31493 1.63109 2.17016)
(8.53437 0.407266 1.75247)
(8.31746 0.401164 1.7525)
(8.32689 1.60811e-16 1.7525)
(8.31504 0.795467 1.75249)
(8.31471 0.6 1.75252)
(8.53365 0.6 1.75247)
(8.53371 0.795466 1.75245)
(8.53361 1.00455 1.75225)
(8.31489 1.00455 1.75246)
(8.5336 1.2 1.75181)
(8.53358 1.3689 1.75225)
(8.3147 1.2 1.75244)
(8.09626 1.36889 1.75258)
(8.09585 1.2 1.75284)
(8.31482 1.36888 1.75245)
(8.09714 0.795448 1.75252)
(8.09694 0.6 1.75256)
(8.09885 0.40725 1.75252)
(8.09648 1.00454 1.75259)
(7.8801 0.795383 1.33479)
(7.87996 0.6 1.3349)
(7.88014 0.6 1.12603)
(7.88002 0.795382 1.12587)
(7.90939 1.35247e-16 1.335)
(7.88333 0.407127 1.12611)
(7.88644 0.401142 1.33491)
(7.8777 1.0045 1.12517)
(7.8786 1.00449 1.33457)
(7.878 1.36892 1.33444)
(7.87693 1.36891 1.12494)
(7.88008 0.795382 1.54363)
(7.87993 0.6 1.54368)
(7.883 0.407123 1.54369)
(7.87855 1.00449 1.54349)
(7.87786 1.2 1.33471)
(7.87671 1.2 1.1249)
(7.87787 1.2 1.54341)
(7.878 1.36891 1.54343)
(7.66148 1.2 2.16954)
(7.44761 1.3688 1.75239)
(7.66171 1.36893 1.75227)
(7.66245 1.2 1.75215)
(7.65774 1.2 1.96119)
(7.65692 1.2 2.37877)
(7.43861 1.36865 2.37874)
(7.65869 1.3689 2.37876)
(7.44748 1.36879 2.16995)
(7.66121 1.36892 2.16982)
(7.65921 1.36889 1.96116)
(7.4388 1.36865 1.9612)
(7.50893 1.2 0.708926)
(7.43846 1.36865 0.706874)
(7.48037 1.2 0.9)
(7.43848 1.36881 0.908927)
(7.65725 1.2 0.911924)
(7.65754 1.36889 0.913276)
(7.02547 -8.18098e-17 1.33611)
(7.46262 0.402985 0.91727)
(7.02552 -5.62125e-17 0.918033)
(7.0473 0.390309 1.33535)
(7.45143 0.793953 1.33465)
(7.54502 1.35246e-16 1.335)
(7.04735 0.390254 0.917729)
(7.45116 0.793949 0.916169)
(7.46185 0.40297 1.33482)
(7.5 1.2 1.335)
(7.54526 1.09682e-16 0.9175)
(7.28567 0.18753 0.708763)
(7.28564 0.18753 1.12632)
(7.66497 0.6 1.12606)
(7.66538 0.6 0.708589)
(7.65917 1.00437 1.12472)
(7.65773 1.36888 1.12436)
(7.28548 0.187529 1.54383)
(7.66448 0.6 1.54358)
(7.6605 1.00437 1.54348)
(7.65943 1.36889 1.54341)
(7.44707 1.3688 1.33435)
(7.07657 -4.3402e-17 0.708842)
(7.07647 -9.45628e-17 1.54428)
(7.07656 -6.89959e-17 1.12677)
(7.06621 0.185198 1.33561)
(7.3 1.35246e-16 1.335)
(7.66464 0.795119 1.33466)
(7.25408 0.400285 0.917492)
(7.45248 0.6 0.916993)
(7.46239 0.403123 1.12598)
(7.49425 0.187439 0.917471)
(7.66951 0.407331 0.9175)
(7.46286 0.403122 0.708562)
(7.4407 1.00409 0.909672)
(7.5 1.2 1.12625)
(7.4619 0.40312 1.54359)
(7.5 1.2 1.54375)
(7.04491 0.392538 0.708801)
(7.06628 0.185191 0.917817)
(7.3 1.09682e-16 0.9175)
(7.50072 9.69006e-17 0.70875)
(7.45128 0.793969 0.708182)
(7.0449 0.392531 1.12641)
(7.04478 0.39253 1.54392)
(7.25389 0.400294 1.33503)
(7.45079 0.793969 1.12553)
(7.45085 0.6 1.33469)
(7.44846 1.00408 1.33455)
(7.4508 0.793971 1.54352)
(7.49396 0.18744 1.33499)
(7.50072 1.22464e-16 1.12625)
(7.5003 1.48027e-16 1.54375)
(7.66894 0.40733 1.3348)
(7.66222 1.2 1.33461)
(7.66452 0.795117 0.916799)
(7.06637 0.186003 0.708842)
(7.06636 0.186001 1.12663)
(7.06622 0.186 1.54414)
(7.2539 0.400545 0.708724)
(7.28551 0.187353 0.917552)
(7.49587 0.188041 0.70872)
(7.441 1.00401 0.707237)
(7.4527 0.6 0.708409)
(7.25378 0.400545 1.12624)
(7.45186 0.6 1.12567)
(7.49578 0.188042 1.12622)
(7.28541 0.187355 1.33511)
(7.66883 0.408067 1.12608)
(7.66543 0.6 0.917712)
(7.66436 0.795123 1.12572)
(7.66469 0.6 1.33471)
(7.66917 0.408067 0.708624)
(7.66455 0.795122 0.708308)
(7.43893 1.00402 1.12452)
(7.43666 1.36866 1.12409)
(7.65694 1.2 1.12481)
(7.6591 1.00439 0.913809)
(7.66224 1.00438 1.33446)
(7.6612 1.36891 1.33428)
(7.25362 0.400546 1.54376)
(7.45116 0.6 1.54338)
(7.49534 0.188042 1.54375)
(7.6684 0.408059 1.54362)
(7.66439 0.795118 1.54356)
(7.4405 1.00402 1.54359)
(7.43874 1.36866 1.54351)
(7.65843 1.2 1.54349)
(7.3 9.68994e-17 0.70875)
(7.3 1.22463e-16 1.12625)
(7.3 1.48028e-16 1.54375)
(7.3 0.6 0.70875)
(7.3 0.6 1.12625)
(7.3 0.6 1.54375)
(7.03161 0.593825 1.33499)
(7.24206 0.789075 1.33482)
(7.0314 0.593784 0.917346)
(7.24183 0.789047 0.917031)
(7.24154 0.789259 0.708517)
(7.3 0.6 0.9175)
(7.03074 0.59431 0.708678)
(7.24154 0.789259 1.12596)
(7.3 0.6 1.335)
(7.03084 0.594308 1.12618)
(7.24164 0.789262 1.54365)
(7.0309 0.594311 1.54375)
(8.31508 2.59277 2.37874)
(8.31484 2.4 2.37865)
(8.53347 2.4 2.37887)
(8.53369 2.4 2.17001)
(8.53366 2.59129 2.3788)
(8.31509 2.20456 2.37878)
(8.09656 1.8 2.37846)
(8.31502 1.99546 2.17017)
(8.31495 1.99546 2.37895)
(8.09673 1.99547 2.37874)
(8.53366 2.20454 2.37881)
(8.53373 2.20455 2.17001)
(8.53362 1.99546 2.17003)
(8.31491 1.8 2.17028)
(8.5335 1.8 2.17004)
(8.53363 1.99546 2.37878)
(8.31467 1.8 2.3791)
(8.53344 1.8 2.37865)
(8.09673 2.4 2.37885)
(8.09709 2.20456 2.3788)
(8.09714 2.59131 2.37879)
(8.3298 1.35246e-16 1.335)
(8.31814 0.401159 1.33499)
(8.31647 0.407235 1.12621)
(8.31497 0.6 1.12623)
(8.31511 0.79546 1.12616)
(8.3151 0.795457 1.54373)
(8.31488 0.6 1.54374)
(8.31627 0.407232 1.54374)
(8.31478 1.00455 1.12605)
(8.31497 1.00455 1.5438)
(8.31514 0.795461 1.33496)
(8.31496 0.6 1.335)
(8.315 1.00455 1.33496)
(8.53364 1.00456 1.12604)
(8.53341 1.00455 1.54382)
(8.53363 1.00455 1.33482)
(8.53365 1.2 1.12586)
(8.53364 1.2 1.33458)
(8.5329 1.2 1.54407)
(8.5336 1.36891 1.3348)
(8.53338 1.36892 1.5438)
(8.53359 1.36892 1.12602)
(8.53364 0.6 1.12609)
(8.5337 0.6 1.54374)
(8.53375 0.795464 1.33495)
(8.5346 0.407262 1.33497)
(8.53432 0.408712 1.12618)
(8.5337 0.6 1.33497)
(8.53373 0.795466 1.12615)
(8.53425 0.408709 1.54373)
(8.53372 0.795459 1.54373)
(8.09654 1.00454 1.5436)
(8.09614 1.00453 1.12562)
(8.09643 1.00453 1.33468)
(8.09566 1.2 1.12547)
(8.09595 1.2 1.33461)
(8.09623 1.2 1.5435)
(8.09615 1.36891 1.3346)
(8.09578 1.36889 1.1255)
(8.0963 1.36892 1.54356)
(8.09682 0.6 1.12592)
(8.09689 0.6 1.54368)
(8.09714 0.795441 1.33491)
(8.09915 0.407252 1.33498)
(8.09856 0.408688 1.1261)
(8.09701 0.6 1.33507)
(8.09704 0.795451 1.12597)
(8.09843 0.408687 1.54371)
(8.09712 0.795442 1.54368)
(8.31504 1.2 1.33519)
(8.31496 1.2 1.54399)
(8.31456 1.2 1.1261)
(8.3149 1.36891 1.33493)
(8.3149 1.36892 1.54378)
(8.31463 1.36891 1.12599)
(8.09644 1.00453 2.16993)
(8.09716 0.795441 2.16996)
(8.31512 0.795456 2.16994)
(8.31487 1.00455 2.16994)
(8.09597 1.2 2.16996)
(8.09817 0.407253 2.16997)
(8.31606 0.401164 2.16995)
(8.3194 1.86374e-16 2.17)
(8.09693 0.6 2.16997)
(8.31494 0.6 2.16989)
(8.31587 0.407232 1.96121)
(8.3151 0.795452 1.9612)
(8.31487 0.6 1.96117)
(8.31482 1.00455 1.96119)
(8.31475 1.2 2.16992)
(8.31449 1.2 1.96106)
(8.09602 1.2 1.96175)
(8.09641 1.50001 2.37866)
(8.09615 1.36892 2.3784)
(8.09611 1.2 2.37798)
(8.53355 1.36889 2.37878)
(8.53367 1.49998 2.37878)
(8.53357 1.2 2.16986)
(8.53334 1.2 2.37886)
(8.3141 1.2 2.37896)
(8.31459 1.36889 2.37872)
(8.31488 1.49993 2.37878)
(8.53358 1.2 1.96128)
(8.31468 1.00456 2.3787)
(8.31514 0.795461 2.37868)
(8.0964 1.00454 2.37839)
(8.31503 0.407235 2.3787)
(8.31504 0.6 2.37866)
(8.09718 0.795442 2.37866)
(8.09701 0.6 2.37871)
(8.09747 0.408691 2.37872)
(8.53372 0.795461 2.17001)
(8.53364 1.00455 2.16999)
(8.53371 0.795457 2.37874)
(8.53358 1.00456 2.37877)
(8.53361 0.6 2.37872)
(8.53391 0.6 1.9612)
(8.53364 1.00455 1.96122)
(8.53391 0.407271 2.17)
(8.53358 0.408714 2.37874)
(8.53363 0.6 2.17001)
(8.53409 0.408717 1.96122)
(8.53379 0.79546 1.96122)
(8.09622 1.36894 2.16995)
(8.09651 1.50016 2.17005)
(8.09642 1.50001 1.96136)
(8.09621 1.36892 1.96141)
(8.53362 1.3689 2.17)
(8.53367 1.49998 2.17002)
(8.31479 1.36892 2.16996)
(8.31493 1.50001 2.17004)
(8.53361 1.36892 1.96122)
(8.31487 1.50004 1.96124)
(8.31474 1.36891 1.96119)
(8.53364 1.50001 1.9612)
(8.09644 1.00454 1.9614)
(8.09697 0.6 1.96124)
(8.09819 0.40869 1.96124)
(8.09716 0.795443 1.96125)
(7.0109 2.61325 0.917419)
(7.01973 2.40932 0.917234)
(6.7842 2.63002 0.917473)
(6.63143 2.75429 0.91749)
(6.75638 2.83758 0.917497)
(7 3 0.9175)
(7.005 2.81266 0.917486)
(6.86746 2.91164 0.917499)
(7.01987 2.4085 0.70861)
(7.01105 2.61295 0.708689)
(7.00501 2.81263 0.708738)
(7 3 0.70875)
(7.87752 1.8 1.96114)
(7.87809 1.8 1.75283)
(7.48037 1.8 0.9)
(7.43851 1.63142 0.908885)
(7.87692 1.63111 1.12487)
(7.8779 1.6311 1.33429)
(7.65764 1.63118 0.913117)
(7.65745 1.8 0.911574)
(7.87777 1.8 1.33434)
(7.87664 1.8 1.12485)
(7.87784 1.63111 1.54363)
(7.87758 1.8 1.54404)
(7.44054 1.996 0.909623)
(7.65912 1.99565 0.913626)
(7.6642 2.20497 0.91662)
(7.45017 2.20649 0.916155)
(7.87625 3 1.335)
(7.87998 2.59887 1.33495)
(7.88048 2.59289 1.12616)
(7.8802 2.59289 1.96121)
(7.87983 2.59886 1.75242)
(7.87625 3 1.7525)
(7.88046 2.59289 1.54371)
(7.88031 2.20464 1.3348)
(7.8801 2.20463 1.1259)
(7.88033 2.4 1.12612)
(7.88031 2.4 1.33495)
(7.88025 2.4 1.54373)
(7.88028 2.20464 1.54367)
(7.88026 2.20463 1.75242)
(7.88012 2.4 1.75232)
(7.88009 2.20464 1.96123)
(7.87993 2.4 1.96123)
(7.23901 2.21291 0.916991)
(7.87854 1.99552 1.33442)
(7.8777 1.99551 1.1251)
(7.87843 1.99551 1.54369)
(7.87848 1.99551 1.9613)
(7.87887 1.9955 1.75258)
(7.23505 2.6004 0.91743)
(7.3 2.4 0.9175)
(7.48491 3 0.9175)
(7.66494 2.59271 0.917326)
(7.44951 2.59719 0.917257)
(7.4412 2.81253 0.917452)
(7.223 2.81236 0.917478)
(7.219 3 0.9175)
(7.6651 2.4 0.917276)
(7.4516 2.4 0.917053)
(7 3 2.5875)
(7.00498 2.81265 2.58752)
(7.00496 2.81261 2.79629)
(7 3 2.79625)
(7.01084 2.61319 2.58758)
(7.01088 2.61282 2.79638)
(7.45092 2.20646 2.58747)
(7.44869 1.99601 2.58751)
(7.5 1.8 2.5875)
(7.23922 2.21282 2.58756)
(7.01981 2.40921 2.58759)
(7.3 2.4 2.5875)
(7.48491 3 2.5875)
(7.66452 2.59271 2.58746)
(7.44913 2.59719 2.58746)
(7.44111 2.81252 2.5875)
(7.66264 1.99565 2.58751)
(7.6628 1.8 2.58745)
(7.66454 2.20497 2.58747)
(7.23494 2.60039 2.58751)
(7.22296 2.81235 2.58751)
(7.219 3 2.5875)
(7.66457 2.4 2.58737)
(7.45113 2.4 2.58736)
(7.5 1.8 2.17)
(7.5 1.8 2.37875)
(7.65879 1.8 2.37903)
(7.66264 1.8 2.17026)
(7.5 1.8 1.96125)
(7.5 1.8 1.7525)
(7.65798 1.8 1.96199)
(7.66243 1.8 1.75228)
(7.5 1.8 1.335)
(7.5 1.8 1.12625)
(7.5 1.8 1.54375)
(7.65768 1.8 1.12414)
(7.66137 1.8 1.33396)
(7.6578 1.8 1.54321)
(6.7841 2.62995 2.58769)
(6.78482 2.6286 2.79656)
(6.6313 2.7542 2.79647)
(6.75635 2.83757 2.79632)
(6.86746 2.91164 2.79627)
(7.01977 2.40831 2.79636)
(7.66172 1.63118 2.58752)
(7.44748 1.63141 2.5875)
(7.5 1.8 2.79625)
(7.65748 1.8 2.79629)
(7.65893 1.63118 2.79629)
(7.43854 1.63148 2.79625)
(7.66006 1.99566 2.79629)
(7.22295 2.81227 2.79627)
(7.66457 2.4 2.79631)
(7.45004 2.20637 2.79624)
(7.44902 2.59707 2.79623)
(7.43479 3 2.79625)
(7.44031 1.99606 2.79627)
(7.66419 2.20495 2.79629)
(7.23491 2.60032 2.79628)
(7.45076 2.4 2.7961)
(7.44108 2.81194 2.79626)
(7.66457 2.59198 2.79628)
(7.219 3 2.79625)
(7.3 2.4 2.79625)
(7.23907 2.21208 2.79631)
(7.44761 1.63142 1.75241)
(7.66167 1.63125 1.75238)
(7.65965 1.63121 2.37886)
(7.44764 1.63142 2.17002)
(7.66183 1.63119 2.17012)
(7.43885 1.6315 2.37877)
(7.65939 1.6312 1.9615)
(7.43885 1.6315 1.96128)
(7.65795 1.63119 1.12406)
(7.65915 1.6312 1.54331)
(7.44701 1.63143 1.33428)
(7.4367 1.6315 1.12401)
(7.6609 1.63118 1.33398)
(7.43868 1.6315 1.54348)
(6.63143 2.75429 1.12623)
(6.63143 2.75429 1.33498)
(6.63143 2.75429 1.75253)
(6.63144 2.75429 1.96131)
(6.63143 2.75429 1.54375)
(6.63144 2.75429 2.37883)
(6.63141 2.75427 2.58762)
(6.75638 2.83759 2.58754)
(6.86746 2.91164 2.58751)
(7.44872 1.99601 2.17002)
(7.45092 2.20648 2.16991)
(7.23939 2.2129 2.17001)
(7.66458 2.20498 2.16996)
(7.66267 1.99564 2.17012)
(7.23954 2.2129 1.33484)
(7.2393 2.21222 1.12597)
(7.66451 2.20497 1.12577)
(7.66501 2.20497 1.33473)
(7.23944 2.21222 1.96124)
(7.66476 2.20496 1.5436)
(7.66439 2.20497 1.9612)
(7.4504 2.20642 1.12567)
(7.45174 2.20649 1.33475)
(7.45095 2.2064 1.54364)
(7.45137 2.20649 1.75237)
(7.66485 2.20496 1.7524)
(7.4505 2.2064 1.96115)
(7.23955 2.21222 1.54369)
(7.23953 2.21291 1.75247)
(7.44844 1.996 1.3345)
(7.44875 1.996 1.75244)
(7.44047 1.99606 1.54358)
(7.65938 1.99566 1.12443)
(7.66029 1.99565 1.5434)
(7.66041 1.99565 1.96149)
(7.43888 1.99606 1.12447)
(7.662 1.99565 1.33418)
(7.44048 1.99607 1.96128)
(7.66254 1.99564 1.7524)
(7.45029 2.2064 2.37883)
(7.66434 2.20496 2.37878)
(7.66069 1.99565 2.37887)
(7.4405 1.99606 2.37879)
(7 3 1.335)
(7 3 2.17)
(7.44956 2.59719 1.75238)
(7.01099 2.61325 1.33496)
(7.01093 2.61324 2.17003)
(7 3 1.7525)
(7.48491 3 1.335)
(7.48491 3 2.17)
(7.01098 2.61325 1.75251)
(7.45008 2.59718 1.33492)
(7.4491 2.59719 2.1699)
(7.48491 3 1.7525)
(6.75638 2.83758 1.12624)
(6.75638 2.83759 1.54375)
(6.75638 2.83759 1.96126)
(6.75638 2.83759 2.37877)
(7.22302 2.81228 1.12624)
(7.66546 2.4 1.12629)
(7.22303 2.81228 1.54374)
(7.22299 2.81228 1.96124)
(7.66534 2.4 1.54366)
(7.66461 2.4 1.96113)
(7.22297 2.81228 2.37876)
(7.66462 2.4 2.37878)
(7.00501 2.81266 1.33499)
(7 3 1.12625)
(7 3 1.54375)
(6.86746 2.91165 1.335)
(7.219 3 1.335)
(7.005 2.81266 2.17001)
(7 3 1.96125)
(7 3 2.37875)
(6.86746 2.91164 2.17)
(7.219 3 2.17)
(6.78421 2.63002 1.75254)
(7.44973 2.59706 1.12612)
(7.23507 2.6004 1.75248)
(7.44989 2.59707 1.5437)
(7.45173 2.4 1.75227)
(7.44939 2.59707 1.96113)
(7.4412 2.81253 1.75248)
(7.66489 2.59271 1.7524)
(7.44917 2.59707 2.37882)
(6.78421 2.63002 1.33497)
(7.0111 2.61294 1.12619)
(7.01114 2.61294 1.54373)
(7.23517 2.6004 1.33497)
(7.45298 2.4 1.33488)
(6.78421 2.63002 2.17009)
(7.01111 2.61294 1.96127)
(7.01105 2.61292 2.3788)
(7.23496 2.6004 2.16999)
(7.45082 2.4 2.16975)
(7.00501 2.81266 1.7525)
(6.86746 2.91164 1.7525)
(7.219 3 1.7525)
(7.44129 2.81253 1.33498)
(7.43479 3 1.12625)
(7.43479 3 1.54375)
(7.44112 2.81253 2.16998)
(7.43479 3 2.37875)
(7.43479 3 1.96125)
(7.66524 2.59271 1.33492)
(7.66453 2.59271 2.16993)
(6.78511 2.62878 1.54375)
(6.78508 2.62877 2.37887)
(7.23516 2.60035 1.54373)
(7.45243 2.4 1.54374)
(7.23497 2.60034 2.37877)
(7.4512 2.4 2.37901)
(6.7851 2.62878 1.12622)
(6.75638 2.83759 1.33499)
(7.00502 2.81263 1.12624)
(6.78511 2.62878 1.96133)
(6.75638 2.83759 1.75251)
(7.00502 2.81263 1.54375)
(6.75638 2.83759 2.17002)
(7.00502 2.81263 1.96126)
(7.005 2.81263 2.37876)
(7.23512 2.60035 1.12621)
(7.45196 2.4 1.12605)
(7.44122 2.81194 1.12622)
(7.22303 2.81236 1.33499)
(7.66523 2.59198 1.12619)
(7.66545 2.4 1.3349)
(7.23504 2.60035 1.96123)
(7.45161 2.4 1.96104)
(7.22301 2.81236 1.75249)
(7.44124 2.81194 1.54374)
(7.44115 2.81194 1.96123)
(7.22297 2.81235 2.17)
(7.66501 2.4 1.75238)
(7.6652 2.59198 1.54368)
(7.6647 2.59198 1.96116)
(7.66456 2.4 2.1699)
(7.4411 2.81194 2.37876)
(7.66461 2.59198 2.37875)
(6.86746 2.91164 1.96125)
(6.86746 2.91164 2.37876)
(7.219 3 2.37875)
(7.219 3 1.96125)
(6.86746 2.91164 1.54375)
(6.86746 2.91164 1.12625)
(7.219 3 1.12625)
(7.219 3 1.54375)
(7.3 2.4 1.54375)
(7.3 2.4 2.37875)
(7.3 2.4 1.12625)
(7.3 2.4 1.96125)
(7.02001 2.40931 2.17005)
(7.02 2.40931 1.33489)
(7.02006 2.40933 1.75251)
(7.23931 2.21219 2.37879)
(7.02014 2.4085 1.54371)
(7.02004 2.40846 2.3788)
(7.3 2.4 1.335)
(7.3 2.4 1.7525)
(7.3 2.4 2.17)
(7.02001 2.40849 1.1261)
(7.02013 2.4085 1.96127)
(8.31496 1.6311 1.54367)
(8.31477 1.8 1.75271)
(8.31497 1.8 1.54374)
(8.31491 1.6311 1.3349)
(8.5337 1.63109 1.33484)
(8.31498 1.8 1.33502)
(8.53349 1.63115 1.12611)
(8.31468 1.63114 1.12637)
(8.31474 1.8 1.12726)
(7.44078 1.99607 0.707199)
(7.50893 1.8 0.708926)
(7.45016 2.2064 0.708058)
(8.0957 1.8 1.12548)
(8.09603 1.8 1.33446)
(8.09611 1.8 1.54348)
(8.09651 1.8 1.75235)
(7.66412 2.20496 0.708231)
(8.31519 2.20454 1.33491)
(8.31502 2.4 1.33487)
(8.31497 2.4 1.12624)
(8.31512 2.20453 1.12621)
(8.3151 2.59884 1.33494)
(8.31436 3 1.335)
(8.31519 2.59277 1.12622)
(8.31436 3 1.7525)
(8.31509 2.59884 1.75248)
(8.31519 2.20454 1.54371)
(8.31498 2.4 1.54373)
(8.3152 2.59277 1.54372)
(8.53354 2.4 1.75253)
(8.53371 2.20453 1.75249)
(8.31507 2.4 1.75244)
(8.3152 2.20454 1.75248)
(8.31483 1.99545 1.12643)
(8.31502 1.99545 1.33494)
(8.31506 1.99546 1.54369)
(8.31497 1.99546 1.75254)
(8.53374 2.20454 1.33496)
(8.53371 2.20452 1.12622)
(8.53374 2.20454 1.54372)
(8.53361 2.4 1.12622)
(8.53359 2.4 1.54373)
(8.53373 2.59274 1.33499)
(8.5337 2.59274 1.75251)
(8.53374 2.59129 1.12623)
(8.53362 2.4 1.33498)
(8.53373 2.59129 1.54375)
(8.53354 1.99545 1.12615)
(8.53378 1.99546 1.54355)
(8.53375 1.8 1.33482)
(8.5338 1.8 1.54325)
(8.53326 1.8 1.12591)
(8.53374 1.99544 1.33487)
(7.45152 2.4 0.708149)
(7.66494 2.4 0.708516)
(7.23911 2.21222 0.708462)
(8.09722 2.20456 1.33487)
(8.09711 2.20456 1.12605)
(8.09723 2.20456 1.54368)
(8.09724 2.20456 1.75248)
(8.09646 1.99547 1.33461)
(8.09613 1.99546 1.12567)
(8.09654 1.99547 1.54358)
(8.09672 1.99547 1.75249)
(8.09705 2.4 1.12614)
(8.09701 2.4 1.54371)
(8.09692 2.4 1.96123)
(8.09731 2.59275 1.33495)
(8.09725 2.59275 1.75247)
(8.09735 2.59132 1.12618)
(8.09707 2.4 1.33496)
(8.09704 2.4 1.7525)
(8.09736 2.59132 1.54371)
(8.09724 2.59131 1.96123)
(7.223 2.81228 0.708725)
(7.43479 3 0.70875)
(7.44947 2.59707 0.70844)
(7.23506 2.60035 0.70867)
(7.44118 2.81194 0.708692)
(7.66493 2.59198 0.708543)
(7.219 3 0.70875)
(7.3 2.4 0.70875)
(7.43847 1.63151 0.706861)
(7.65767 1.8 0.707272)
(7.65754 1.63119 0.707044)
(7.65912 1.99565 0.707312)
(8.09615 1.63109 1.33453)
(8.09576 1.63109 1.12554)
(8.09628 1.6311 1.54354)
(6.75638 2.83759 0.708749)
(6.78509 2.62879 0.708734)
(6.62624 1.13693 0.916526)
(6.62297 1.50836 0.916591)
(5.72918 1.12328 3.02798)
(5.75105 1.12218 2.80589)
(5.46591 1.12947 2.81252)
(5.38882 1.12783 3.0832)
(5.2162 1.13221 2.82431)
(5.76197 1.12138 2.59206)
(5.49651 1.12895 2.59161)
(5.2653 1.13225 2.57765)
(5.24561 0.745335 2.18462)
(5.22316 0.743036 1.79257)
(4.61206 0.647511 1.91806)
(4.6766 0.765097 2.0149)
(4.7881 0.771889 2.18214)
(5.00319 0.745029 2.18525)
(5.03941 1.11342 2.55911)
(6.21252 1.12044 2.58973)
(6.61614 1.13536 2.58662)
(6.62539 1.13732 2.16902)
(6.21539 1.12421 2.16834)
(6.21685 1.1209 2.38049)
(4.79821 1.097 2.19731)
(5.00173 1.13966 2.18287)
(5.24287 1.13622 2.18099)
(5.26048 0.93959 2.17785)
(5.22323 1.13789 1.98228)
(5.24568 1.13266 1.77151)
(5.24697 1.13675 2.38397)
(4.95694 1.1963 2.43541)
(5.76987 1.12254 1.75248)
(5.77618 1.12077 1.5456)
(5.77157 1.11898 1.335)
(5.26091 1.13643 1.3443)
(5.76865 1.12433 2.16974)
(5.77518 1.12292 1.95846)
(5.50897 1.12989 2.17488)
(6.62769 1.13717 1.75142)
(6.21576 1.12282 1.7504)
(6.21758 1.12278 1.95764)
(6.62772 1.13628 1.33412)
(6.2158 1.11877 1.33388)
(6.21767 1.12061 1.54492)
(5.76596 1.1225 2.38176)
(5.50519 1.12956 2.38343)
(6 1.12051 1.74958)
(6 1.11911 1.54561)
(6 1.10851 1.32838)
(6 1.1215 1.95655)
(6 1.1231 2.16814)
(6 1.11691 2.59027)
(6 1.11954 2.38166)
(5.49685 1.12589 3.24518)
(5.74954 1.12119 3.26461)
(5.73459 1.11961 3.60019)
(5.2684 0.749964 1.3516)
(6.58411 1.13098 2.99902)
(6.56546 1.12415 3.20158)
(6.36987 1.12111 2.99999)
(6.34605 1.1176 3.20428)
(6.18117 1.1182 3.00399)
(6.13227 1.11355 3.2676)
(6.00005 1.11445 3.20126)
(6.00002 1.11934 3.00118)
(5.85593 1.11541 3.77865)
(5.99974 1.09239 3.40076)
(6.20835 1.11923 2.7986)
(6 1.11841 2.79902)
(4.26718 0.561657 1.40123)
(4.27511 0.740434 1.41249)
(4.53511 0.762122 1.35973)
(4.76857 0.754222 1.36495)
(4.44599 0.720858 1.66904)
(4.54544 0.75851 1.81815)
(4.54811 0.762931 1.56226)
(4.36068 0.772365 1.54109)
(4.72397 0.747332 1.6019)
(5.26879 1.75472e-05 1.35098)
(5.26799 0.365956 1.35249)
(5.77027 0.368735 1.33764)
(5.76687 0.177049 1.34038)
(5.70474 -8.25959e-17 1.34889)
(5.77281 0.752366 1.33495)
(5.77697 0.559019 1.33812)
(6.25248 -8.23452e-17 1.34511)
(6 -8.35378e-17 1.36467)
(6 0.173313 1.33214)
(6.21269 0.177051 1.33842)
(6.21497 0.369295 1.33555)
(6 0.372676 1.33215)
(6 0.563646 1.34018)
(6.2175 0.559379 1.33729)
(5.77728 0.938629 1.33763)
(6.2158 0.753455 1.33312)
(6 0.763601 1.32692)
(6.21771 0.938795 1.337)
(6 0.945474 1.33958)
(5.24172 0.368472 1.78154)
(4.95079 0.377173 1.81528)
(4.60916 0.473504 1.91373)
(4.98805 0.180575 1.78989)
(4.74765 0.180288 1.79776)
(5.28199 3.53846e-06 1.74757)
(4.99911 7.44516e-06 1.78586)
(5.23932 0.178054 1.77802)
(4.77815 3.40177e-05 1.76963)
(4.53293 0.171402 1.7995)
(4.54766 0.363773 1.82155)
(4.52868 2.75119e-07 1.79299)
(5.74943 0.932938 3.26364)
(5.72976 0.93417 3.02701)
(5.7306 0.737695 3.59447)
(5.74932 0.745387 3.26389)
(5.73053 0.929252 3.59419)
(5.72959 0.746449 3.02858)
(6.21116 0.365684 2.58734)
(6.21468 0.557307 2.59372)
(6 0.554638 2.59816)
(6 0.360252 2.58249)
(6.20867 0.179815 2.58909)
(6.24641 -3.85889e-07 2.59579)
(6.61806 -1.17293e-07 2.59026)
(6.6163 0.370451 2.58807)
(6.21247 0.749415 2.59059)
(6 0.754489 2.59204)
(5.76332 0.748357 2.59296)
(5.75165 0.747362 2.80692)
(5.75102 0.558482 2.81108)
(5.76304 0.556612 2.59585)
(5.7289 0.556229 3.03034)
(5.76006 0.364892 2.59065)
(5.74814 0.366671 2.8054)
(5.72606 0.365785 3.02742)
(6 0.18418 2.58416)
(6 -1.60245e-16 2.61697)
(5.73595 0.178226 2.80436)
(5.74821 0.179933 2.59474)
(5.7041 3.81965e-05 3.02513)
(5.72326 3.44817e-06 2.80564)
(5.7171 0.176239 3.0248)
(5.71528 -1.58104e-16 2.58201)
(6.61575 0.758523 2.58714)
(5.76325 0.930366 2.58945)
(5.75162 0.93322 2.80433)
(5.74838 0.554054 3.26338)
(5.73371 0.548088 3.59931)
(5.71683 0.357739 3.5746)
(5.74211 0.364012 3.25699)
(5.68971 0.169566 3.53554)
(5.72464 0.173542 3.2441)
(5.70063 0.000108541 3.23416)
(5.63707 2.50083e-05 3.45427)
(6.21491 0.929285 2.58726)
(6 0.921677 2.58375)
(7.02161 0.782274 3.00363)
(6.57943 0.93706 2.99735)
(6.58421 0.754413 2.99901)
(7.01893 0.784499 3.21221)
(6.56494 0.747815 3.20023)
(6.58399 0.370522 3.00311)
(6.56318 0.370163 3.20813)
(6.56315 0.558822 3.2033)
(6.57992 0.559946 2.99959)
(6.58122 0.179765 3.0053)
(6.5627 0.18024 3.21148)
(6.58679 -5.24345e-07 2.96207)
(6.56373 6.37061e-07 3.21315)
(6.62709 0.370706 2.16995)
(6.62854 -1.3291e-16 2.17049)
(6.62495 0.759026 2.16927)
(6.21533 0.747085 2.16845)
(6.2168 0.747803 2.38082)
(6.21427 0.366933 2.16817)
(6.21714 0.555999 2.1675)
(6.25111 -1.32706e-16 2.16748)
(6.21188 0.177302 2.16796)
(5.28967 -1.34007e-16 2.19015)
(5.23102 -1.21647e-16 1.98536)
(5.22779 0.178934 1.9884)
(5.23216 0.177104 2.19236)
(4.95984 0.686088 2.43976)
(5.24965 0.743832 2.3867)
(5.23242 0.554377 2.18732)
(5.23771 0.365502 2.18994)
(5.22321 0.368248 1.99151)
(5.27559 0.938018 2.57315)
(5.06931 0.938035 2.60397)
(5.76651 0.366395 2.17084)
(5.76232 0.177352 2.17134)
(5.69582 -1.33126e-16 2.17406)
(5.51466 0.746455 2.17522)
(5.77127 0.745914 2.16969)
(5.77525 0.555638 2.16839)
(6 0.175035 2.1644)
(6 0.366049 2.16742)
(6 0.552756 2.16515)
(6 0.745977 2.16816)
(5.51036 0.74635 2.38368)
(5.76871 0.747412 2.38193)
(5.49944 0.746102 2.59274)
(5.26791 0.746195 2.57986)
(6 0.748536 2.38162)
(5.50148 0.936032 2.59019)
(6 0.000203216 2.1474)
(5.04114 0.765213 2.56171)
(5.38952 0.93512 3.08426)
(5.38971 0.744017 3.08454)
(6.20321 -1.45825e-16 2.38167)
(6.21205 0.178724 2.37922)
(6.21711 0.560591 2.38314)
(6.21557 0.367274 2.37888)
(5.38933 0.553255 3.08398)
(5.38554 0.169309 3.07836)
(5.37638 1.86983e-07 3.06453)
(5.38795 0.362419 3.08192)
(5.21798 0.744559 2.82697)
(5.21751 0.937052 2.82627)
(5.22597 0.175286 2.39959)
(5.21854 -1.47235e-16 2.40333)
(5.25697 0.553211 2.58678)
(5.25417 0.361197 2.58873)
(5.22961 0.363066 2.39643)
(5.21798 0.552412 2.82697)
(5.21261 9.40716e-09 2.81891)
(5.21718 0.166361 2.82577)
(5.249 0.172705 2.59337)
(5.2584 -1.58077e-16 2.58172)
(5.21769 0.359247 2.82653)
(4.80461 -1.35136e-16 2.20692)
(4.77926 0.382591 2.16889)
(4.95808 0.168913 2.43712)
(4.98085 0.178164 1.99966)
(4.99296 -1.34875e-16 2.20019)
(5.05367 0.359378 2.58051)
(4.67898 0.372083 2.01848)
(4.99174 0.364699 2.19549)
(5.06471 -1.58998e-16 2.59706)
(4.79103 0.170829 2.18654)
(4.69242 -1.24831e-16 2.03863)
(4.99512 0.175001 2.19595)
(4.95834 0.362118 2.43751)
(5.05416 0.166037 2.58125)
(4.96544 0.371469 2.00714)
(4.69823 0.17309 2.04737)
(4.95251 -1.48719e-16 2.42877)
(4.98448 -1.22298e-16 1.99767)
(5.46637 0.553872 2.81493)
(5.46205 0.174226 2.81397)
(6 0.177223 2.37723)
(6 0.566978 2.38846)
(5.46745 0.9361 2.81337)
(5.49033 0.364097 2.59632)
(5.77122 0.367044 2.3805)
(5.47512 -1.59703e-16 2.60835)
(5.75651 -1.4611e-16 2.38611)
(5.48268 0.177356 2.60042)
(5.76326 0.178812 2.38228)
(5.49482 0.554772 2.59555)
(5.77361 0.560337 2.38407)
(5.46465 0.362611 2.81387)
(5.46757 0.744989 2.81433)
(6 0.365967 2.3778)
(6 0.000171419 2.382)
(5.45324 4.69117e-06 2.8187)
(5.49729 0.933636 3.24585)
(5.49634 0.551683 3.24448)
(5.48654 0.167064 3.22993)
(4.95851 0.551513 2.43777)
(4.79078 0.555899 2.18617)
(5.49728 0.742631 3.24586)
(5.49291 0.3597 3.23939)
(5.05317 0.55308 2.57976)
(4.99891 0.554211 2.1893)
(5.2327 0.552875 2.39406)
(5.48859 1.53176e-06 3.23281)
(5.70088 -1.078e-16 1.76052)
(5.76484 0.177198 1.75577)
(5.76707 0.366909 1.75341)
(5.76873 0.745886 1.75283)
(5.7756 0.557391 1.74882)
(5.7767 0.745446 1.54244)
(6.21483 0.367204 1.7499)
(6.21251 0.177139 1.75298)
(6.25223 -1.07499e-16 1.75522)
(6.21575 0.747487 1.74895)
(6.21768 0.74595 1.5413)
(6 0.744588 1.54037)
(6 0.746868 1.74825)
(6 0.36726 1.74858)
(6 0.175182 1.75184)
(6 6.08656e-05 1.75597)
(6.21744 0.557781 1.74739)
(6 0.562012 1.74439)
(6 0.538896 1.54181)
(6 0.173619 1.5364)
(6.20531 -9.43798e-17 1.54116)
(6.21665 0.36468 1.5414)
(5.77455 0.364507 1.54274)
(5.76272 -9.45424e-17 1.54384)
(5.77771 0.550311 1.54259)
(6 0.362256 1.54013)
(6.21792 0.550585 1.54183)
(5.76887 0.177121 1.54301)
(6.21352 0.176998 1.54113)
(6 0.00100461 1.52192)
(6.21735 0.932553 2.37935)
(6.21743 0.934158 2.16843)
(5.26431 0.939055 2.37993)
(6 0.175315 1.96566)
(6 0.556156 1.95095)
(6 0.93432 1.95764)
(6 0.935971 1.54333)
(6 0.931643 2.37952)
(5.51292 0.93676 2.38179)
(6.21758 0.746214 1.95726)
(6.21647 0.366978 1.95905)
(6.21769 0.934751 1.75006)
(5.77617 0.745719 1.9583)
(5.77605 0.934412 1.75124)
(5.7706 0.93442 2.16962)
(6.20493 -1.20617e-16 1.96987)
(5.77358 0.366825 1.9605)
(5.75989 -1.20834e-16 1.9735)
(5.76713 0.177887 1.96703)
(5.7772 0.556309 1.95615)
(6 0.366727 1.95811)
(6.21326 0.177789 1.96475)
(6.21782 0.556534 1.95539)
(6 0.74592 1.95643)
(6.2181 0.93442 1.9581)
(6.21816 0.935351 1.54332)
(5.7768 0.93435 1.95877)
(6 0.93426 1.74983)
(6 0.933395 2.1682)
(5.517 0.937161 2.17372)
(5.77811 0.935219 1.54392)
(5.76785 0.93336 2.38044)
(6 0.00179929 1.98933)
(7.02403 -1.32889e-16 2.17022)
(7.0645 0.18518 2.17017)
(7.28375 0.187349 2.17004)
(7.3 1.86375e-16 2.17)
(7.0317 0.783069 2.16983)
(7.45214 0.793943 2.16995)
(7.2421 0.789037 2.16995)
(7.04572 0.390203 2.17005)
(7.03105 0.593763 2.16997)
(7.3 0.6 2.17)
(7.25311 0.400276 2.17001)
(7.53839 1.86375e-16 2.17)
(7.48898 0.187436 2.17001)
(7.46124 0.402979 2.16997)
(7.66841 0.407331 2.16996)
(7.66518 0.6 2.16994)
(7.66501 0.795112 2.16994)
(7.45241 0.6 2.16995)
(7.02447 0.78469 2.79583)
(7.02902 0.782908 2.58728)
(7.02317 0.593691 3.00458)
(7.01961 0.594082 3.2131)
(7.23558 0.405065 3.21359)
(7.24018 0.401081 3.00493)
(7.02197 0.390719 3.0046)
(7.0093 0.391343 3.21287)
(7.25292 0.187243 3.00499)
(7.02762 0.185279 3.00494)
(7.03648 5.07438e-09 3.00517)
(7.3 2.37312e-16 3.00187)
(7.02643 0.594241 2.7961)
(7.04045 0.390164 2.58765)
(7.02905 0.593726 2.58746)
(7.01865 -3.95112e-09 2.58832)
(7.05791 0.185176 2.58791)
(7.03296 0.392584 2.79622)
(7.04906 0.186015 2.79643)
(7.06326 -2.59081e-09 2.79657)
(7.24005 0.788897 3.00473)
(7.3 0.6 3.005)
(7.3 0.6 3.21375)
(7.2393 0.789135 3.21336)
(7.5 1.2 2.79625)
(7.65696 1.2 2.79652)
(7.45645 0.402987 2.58741)
(7.4519 0.793931 2.5874)
(7.51142 2.1194e-16 2.5875)
(7.28187 0.187524 2.3788)
(7.26752 0.187503 2.79629)
(7.66527 0.6 2.37863)
(7.66513 0.6 2.79622)
(7.65971 1.00438 2.79645)
(7.45092 0.793949 2.79628)
(7.45039 0.403204 2.79629)
(7.41667 2.24721e-16 2.79625)
(7.07414 -1.45676e-16 2.37907)
(7.24983 0.400288 2.58751)
(7.45993 0.403119 2.37865)
(7.4521 0.6 2.58726)
(7.46741 0.187403 2.5875)
(7.66614 0.407344 2.58743)
(7.04203 0.392477 2.37883)
(7.3 2.1194e-16 2.5875)
(7.48786 1.99158e-16 2.37875)
(7.45134 0.793959 2.37863)
(7.6649 0.795117 2.58747)
(7.06279 0.185988 2.37898)
(7.2519 0.400532 2.37875)
(7.27686 0.187344 2.58757)
(7.48471 0.188033 2.37875)
(7.45231 0.6 2.37852)
(7.24577 0.40067 2.79625)
(7.45177 0.6 2.79642)
(7.43504 0.187851 2.79626)
(7.66759 0.408068 2.37867)
(7.6652 0.6 2.58738)
(7.66474 0.79512 2.37868)
(7.66432 0.408115 2.79625)
(7.6646 0.79512 2.79628)
(7.44036 1.00402 2.79631)
(7.3 1.99157e-16 2.37875)
(7.3 2.24722e-16 2.79625)
(7.65849 1.36886 2.79645)
(7.4384 1.36863 2.7963)
(7.3 0.6 2.37875)
(7.3 0.6 2.79625)
(7.0278 0.784882 2.37864)
(7.2415 0.789003 2.58742)
(7.24147 0.78923 2.37869)
(7.3 0.6 2.5875)
(7.02975 0.594263 2.37874)
(7.24059 0.789179 2.79614)
(6.77822 0.182251 3.21236)
(6.79653 0.376657 3.00378)
(6.79924 -6.50835e-08 3.00857)
(6.98571 -1.96783e-16 3.21367)
(6.78302 0.376754 3.21098)
(6.99522 0.184631 3.21322)
(6.79706 0.182282 3.00482)
(6.77609 4.1975e-07 3.21315)
(7.28489 0.187527 1.9613)
(7.66493 0.6 1.9613)
(7.07608 -1.20109e-16 1.96148)
(7.46169 0.403118 1.96129)
(7.04429 0.392503 1.96133)
(7.4983 1.73594e-16 1.96125)
(7.45104 0.793966 1.96126)
(7.06563 0.185994 1.96144)
(7.25335 0.400538 1.96128)
(7.49363 0.18804 1.96127)
(7.45149 0.6 1.96135)
(7.66838 0.408064 1.96126)
(7.66462 0.795122 1.96124)
(7.3 1.73593e-16 1.96125)
(7.3 0.6 1.96125)
(7.02884 0.784944 1.96115)
(7.24167 0.789247 1.96122)
(7.0307 0.594287 1.96124)
(6.18121 0.743335 3.0041)
(6.1782 0.928704 3.00557)
(6.36773 0.930883 3.0002)
(6.36979 0.744611 2.99935)
(6.34571 0.740779 3.20178)
(6.13201 0.733703 3.26779)
(6.00001 0.749706 3.00121)
(6.00001 0.933831 2.99777)
(5.99924 0.777845 3.40139)
(5.99982 0.546731 3.40053)
(6.00005 0.75658 3.20086)
(5.99564 0.382384 3.40797)
(5.99563 0.164214 3.40798)
(5.99898 0.00272274 3.40226)
(6.11821 0.918152 3.28179)
(6.34089 0.926222 3.20641)
(6.56297 0.933745 3.2002)
(6.00004 0.935063 3.20048)
(5.85417 0.734798 3.77606)
(5.84372 0.35616 3.76362)
(5.72456 0.00232167 3.58648)
(5.81517 0.172658 3.72346)
(5.8591 0.547081 3.78559)
(5.8544 0.928768 3.77558)
(5.99926 0.935552 3.40136)
(6 0.558836 3.00735)
(6.18058 0.557281 3.00728)
(6.20018 -1.83461e-05 2.99181)
(6.1779 0.177165 3.00863)
(6.00009 0.175972 3.00452)
(6 0.000266412 3.00827)
(6.14462 0.00762523 3.25534)
(6.12497 0.173712 3.27475)
(6.12887 0.557557 3.27113)
(6.00003 0.368633 3.004)
(6.1796 0.365599 3.00694)
(6.12652 0.359045 3.27322)
(6 0.563383 2.81254)
(6.00002 0.177513 2.78992)
(6.34423 0.556324 3.2059)
(6.34573 0.177551 3.213)
(6 0.931665 2.79566)
(6.19497 -4.15311e-06 2.79489)
(6.37067 -4.6253e-06 3.01227)
(6.20707 0.367532 2.79789)
(6.36891 0.367079 3.00386)
(6.20841 0.747142 2.79933)
(6 0.367851 2.79706)
(6.20842 0.559453 2.8041)
(6 0.749564 2.80013)
(6.20351 0.178792 2.79499)
(6.34296 0.364724 3.20901)
(6.36897 0.556939 3.00152)
(6.36936 0.178955 3.00693)
(6.20829 0.931277 2.79697)
(6 0.00112882 2.77442)
(6.34972 -7.48507e-06 3.21659)
(5.99999 0.560798 3.1996)
(6.00032 0.171869 3.21731)
(6.0001 0.373862 3.20675)
(5.99993 0.00334483 3.24062)
(4.7785 0.369466 1.36585)
(4.77802 0.177938 1.36485)
(4.81601 0.000118047 1.33683)
(4.26756 2.12178e-05 1.39813)
(4.27053 0.173181 1.40856)
(4.2778 0.386854 1.4176)
(4.53597 0.000379883 1.37863)
(4.54123 0.177723 1.36929)
(4.54028 0.367428 1.36573)
(4.44863 0.406336 1.67311)
(4.45285 3.3835e-05 1.67929)
(4.55784 0.176142 1.56617)
(4.38084 2.6143e-06 1.5711)
(4.36559 0.36092 1.54891)
(4.45294 0.16799 1.67958)
(4.7313 0.376551 1.60246)
(4.76844 7.33177e-05 1.57426)
(4.36708 0.171353 1.55122)
(4.55238 0.367042 1.56879)
(4.76449 0.180171 1.57884)
(4.54945 0.000132267 1.57361)
(6.6064 1.89024 0.915842)
(6.62412 1.50768 1.3348)
(6.60775 1.89 1.33386)
(5.22937 1.53585 1.33904)
(5.17069 1.78046 1.33688)
(5.45878 1.72941 1.33646)
(5.47854 1.52927 1.33788)
(5.76093 1.50703 1.33759)
(5.7487 1.70382 1.33662)
(5.41731 1.94487 1.3352)
(5.73104 1.90196 1.33376)
(5.77421 1.30947 1.33811)
(6.21496 1.50186 1.3371)
(6.21751 1.30822 1.33775)
(6 1.30569 1.33917)
(6 1.49985 1.33761)
(6 1.69235 1.337)
(6.21531 1.69632 1.33623)
(6.20661 1.89819 1.3326)
(6 1.88829 1.33154)
(6.20943 1.89076 1.12405)
(6.20657 1.89885 0.916402)
(6.20923 1.90519 0.707921)
(4.75855 1.14244 1.78)
(4.74192 0.945371 1.79513)
(4.52847 0.957808 1.7927)
(4.52704 1.1554 1.79054)
(4.51294 1.34195 1.7694)
(4.7634 1.31702 1.78205)
(4.75055 1.50036 1.78243)
(4.63501 1.42335 1.77056)
(4.98977 1.13713 1.77903)
(6 2.33196 1.30342)
(6 2.09541 1.32477)
(5.69036 2.12691 1.33268)
(4.99 1.32001 1.77835)
(5.21727 1.5318 1.76505)
(5.22019 1.33022 1.77168)
(5.00329 1.49672 1.77264)
(5.22327 1.53555 1.5506)
(5.16834 1.77889 1.54793)
(5.16421 1.77614 1.76068)
(5.54361 2.02907 1.33442)
(4.87208 1.58139 1.77298)
(5.01253 1.67501 1.76576)
(6.18672 2.12623 0.915822)
(6.10599 2.40399 0.916634)
(6.34494 2.33446 0.916993)
(6.29733 2.53155 0.91729)
(6.6005 1.88847 2.58746)
(6.20435 1.89627 2.58701)
(6.18546 2.1168 2.59072)
(6.10444 2.40296 2.59721)
(6.34322 2.33307 2.59205)
(6 1.88408 2.58523)
(6 2.06955 2.58952)
(6.29622 2.53081 2.58971)
(6 2.33333 2.61697)
(6.39966 2.59977 2.58846)
(6.60789 1.89207 1.75289)
(6.60663 1.8917 2.17031)
(6.20645 1.90551 2.17072)
(6.20888 1.90217 2.37901)
(6 1.89711 1.54282)
(6.20924 1.90481 1.54313)
(6 2.10476 1.54009)
(6.20651 1.90648 1.7543)
(6 1.89972 1.75482)
(6 2.10672 1.75748)
(6 2.33311 1.53437)
(6 2.33282 1.7657)
(6 1.89999 1.96406)
(6.20929 1.90768 1.96384)
(6 2.10718 1.97126)
(6 2.33201 1.99696)
(6 2.10622 2.16898)
(6 2.33303 2.1525)
(6 1.8987 2.17051)
(6 2.33315 2.38402)
(6 2.09703 2.38081)
(6 1.89357 2.37838)
(5.72565 1.51069 3.02469)
(5.72816 1.3162 3.02848)
(5.38723 1.32352 3.08083)
(5.38434 1.52198 3.07649)
(5.70741 1.90017 3.01899)
(5.72033 1.70722 3.02095)
(5.38046 1.71963 3.07069)
(5.36083 1.90722 3.04123)
(5.71672 1.89606 2.80673)
(5.73597 1.70399 2.80348)
(5.67063 2.11374 3.0172)
(5.67799 2.11866 2.80568)
(5.72105 1.89544 2.59668)
(5.68257 2.12172 2.59698)
(5.74562 1.50947 2.804)
(5.73938 1.7001 2.59499)
(5.74941 1.3135 2.80935)
(5.75921 1.31489 2.59545)
(5.75312 1.50991 2.59059)
(6 1.69014 2.58814)
(6.21294 1.69635 2.58721)
(6.21184 1.50605 2.58618)
(6 1.50949 2.58093)
(6.61328 1.50767 2.58621)
(6.21484 1.31179 2.59315)
(6 1.31288 2.59851)
(6.6241 1.50873 1.75212)
(6.622 1.5091 2.1692)
(6.57989 1.31473 2.99926)
(6.58261 1.50424 3.00107)
(5.8528 1.50246 3.77443)
(5.99945 1.48206 3.4021)
(5.7293 1.50875 3.59179)
(5.68883 1.898 3.53257)
(5.71537 1.7053 3.57127)
(5.65788 2.10521 3.22829)
(5.71583 1.90915 3.22953)
(6.00006 1.89036 3.20433)
(6.00006 1.89542 2.99983)
(6.57717 1.88517 3.00387)
(6.56146 1.88879 3.21006)
(6.17621 1.89723 3.00529)
(6.12442 1.89105 3.27558)
(6.34273 1.89083 3.21171)
(6.3643 1.89443 3.00453)
(6.00004 2.10225 3.00278)
(6.00001 2.09571 2.79002)
(5.99994 1.86811 3.40027)
(5.99946 1.71067 3.40207)
(5.62378 2.08251 3.43547)
(5.49404 1.99603 3.24101)
(6.20181 1.89936 2.79461)
(6 1.8924 2.79261)
(6.36915 1.31149 3.00171)
(6.18029 1.31008 3.00663)
(6.17975 1.50079 3.00523)
(6.3691 1.50245 3.00233)
(6 1.31119 3.00505)
(6.00002 1.50111 3.00092)
(6 1.5028 2.79697)
(6.20785 1.50311 2.79724)
(6 1.69486 2.79414)
(6.56509 1.50327 3.20619)
(6.12552 1.49518 3.27431)
(6.34535 1.50033 3.20934)
(5.49107 1.52095 3.2365)
(6.0001 1.49656 3.20293)
(5.74492 1.51019 3.25895)
(6.1271 1.30936 3.2729)
(6.34504 1.31036 3.20815)
(6.5647 1.31314 3.20407)
(5.99998 1.30701 3.20065)
(5.73833 1.3157 3.60509)
(5.86105 1.31502 3.78742)
(5.99975 1.32418 3.40107)
(5.74901 1.31516 3.26416)
(5.48162 1.72964 3.22231)
(6.00007 1.69886 3.20441)
(6.34494 1.69515 3.20974)
(6.17985 1.69686 3.00374)
(6.5774 1.69559 3.00158)
(5.73623 1.71099 3.24845)
(5.45681 1.97111 3.18522)
(6.12962 1.69251 3.27037)
(6.00003 1.69772 2.99959)
(6.56299 1.69575 3.2077)
(6.36759 1.69684 3.00261)
(6.20704 1.69752 2.79514)
(6 1.30491 2.81056)
(6.20851 1.30887 2.80299)
(5.49532 1.32117 3.24289)
(6.08928 2.39284 3.02339)
(6.00006 2.09887 3.21262)
(6.34207 2.08529 3.21432)
(6.2826 2.52172 3.22137)
(6.29414 2.52942 2.7992)
(6 2.33311 3.00833)
(6.16446 2.11104 3.00888)
(6.33775 2.31781 3.01411)
(6.17696 2.4513 3.01467)
(6.133 2.26661 3.267)
(6.0995 2.39967 2.7974)
(6.5666 2.09116 3.00684)
(5.99999 2.33313 3.40004)
(5.81587 1.89256 3.72157)
(5.84243 1.69914 3.75918)
(5.99998 2.10053 3.40009)
(6.13022 2.07226 3.26969)
(6 2.33141 3.24195)
(5.71487 2.12399 3.5716)
(6.55735 2.0869 3.21401)
(6.3396 2.28595 3.22784)
(6.35548 2.10065 3.00806)
(6.16039 2.44025 3.22801)
(6.28974 2.52649 3.01016)
(6.18258 2.12039 2.7954)
(6.34099 2.32948 2.79983)
(6 2.33214 2.77449)
(5.39288 1.92858 2.61114)
(5.48739 1.32452 2.59455)
(5.2208 1.52893 2.59658)
(5.46665 1.52138 2.60006)
(5.24906 1.33081 2.58375)
(5.42838 1.71163 2.61603)
(5.10254 1.73503 2.65382)
(4.68222 0.947809 2.02333)
(4.69388 1.12654 2.04082)
(4.69454 1.3303 2.04181)
(4.78701 1.52467 2.18051)
(4.78628 1.33157 2.17943)
(4.69105 1.4607 2.03657)
(5.04935 1.3308 2.57403)
(4.86321 1.57547 2.29482)
(5.05304 1.70202 2.57956)
(5.04788 1.53001 2.57182)
(5.23115 1.82077 2.84672)
(5.38587 1.92391 2.82468)
(5.18271 1.78847 2.77406)
(5.2083 1.54441 2.81244)
(5.21348 1.33308 2.82022)
(5.45438 1.52807 2.80804)
(5.46211 1.32655 2.811)
(5.43495 1.72844 2.81144)
(4.60034 1.40023 1.90052)
(5.6899 2.1266 1.75528)
(5.68915 2.1261 1.96631)
(5.68786 2.12524 2.17398)
(5.69025 2.12683 1.54307)
(5.68573 2.12382 2.3852)
(6.21458 1.50629 2.16838)
(6.21629 1.50448 2.37863)
(6.21532 1.69898 2.37848)
(6.21516 1.70186 2.16969)
(5.20808 1.52915 2.18951)
(4.99209 1.51042 2.19069)
(4.95282 1.52518 2.42924)
(5.20435 1.52755 2.40024)
(5.20982 1.52953 1.97946)
(4.98458 1.49571 1.99396)
(5.4674 1.52042 2.3927)
(5.47053 1.52252 2.18151)
(6 1.50523 2.16781)
(6 1.50324 2.37839)
(5.75971 1.50849 1.75373)
(5.76052 1.50777 1.54751)
(5.74823 1.70592 1.54573)
(5.74743 1.70685 1.75458)
(5.45483 1.72749 1.75771)
(5.47286 1.52732 1.75941)
(5.4151 1.94341 1.75539)
(5.4166 1.9444 1.54482)
(6 1.50105 1.54809)
(6.21703 1.50276 1.54689)
(5.46957 1.52561 1.97085)
(6.21699 1.50538 1.95913)
(6 1.50348 1.95837)
(6.21493 1.50439 1.75227)
(5.75541 1.50806 2.38229)
(5.75705 1.50961 2.1714)
(5.73074 1.90457 1.54393)
(5.73013 1.90524 1.75498)
(6 1.50207 1.75212)
(5.75874 1.50928 1.96145)
(6.21726 1.3141 2.16685)
(6.21729 1.30938 2.38198)
(5.22959 1.33154 2.3905)
(5.22823 1.33077 2.18479)
(5.2142 1.33131 1.98244)
(4.97595 1.3251 1.99346)
(4.99303 1.32975 2.18706)
(4.97779 1.13953 1.99222)
(5.45731 1.72887 1.54662)
(5.4921 1.32364 2.38707)
(6 1.30551 1.5607)
(6 1.31122 1.95194)
(6 1.3031 2.386)
(5.77335 1.31123 1.75102)
(6.2175 1.31025 1.75022)
(5.76497 1.31622 2.16896)
(5.47603 1.52877 1.54845)
(5.77457 1.3099 1.55091)
(6.218 1.30872 1.55051)
(6.21794 1.31246 1.95616)
(5.49568 1.32427 2.17724)
(5.7624 1.31235 2.38385)
(6 1.30685 1.74635)
(5.77266 1.31359 1.95712)
(6 1.31591 2.16347)
(5.72715 1.90301 2.17473)
(6 1.6967 1.54544)
(5.45104 1.72503 1.97002)
(6 1.69951 1.96123)
(4.95568 1.63712 2.43353)
(5.43699 1.71519 2.40034)
(6 1.69476 2.3782)
(5.14741 1.76494 2.19365)
(5.74456 1.70544 2.17372)
(5.40756 1.93837 2.18019)
(5.72901 1.90469 1.96536)
(5.72446 1.89963 2.38568)
(6.21533 1.70168 1.75327)
(6 1.69871 1.7533)
(6.21591 1.69976 1.54508)
(5.74632 1.70675 1.9638)
(5.41228 1.94152 1.96704)
(5.15775 1.77183 1.97549)
(5.4456 1.72096 2.184)
(6.21588 1.70256 1.9614)
(6 1.69906 2.16958)
(4.99667 1.66445 2.19735)
(5.12862 1.75241 2.41862)
(5.74219 1.7022 2.38445)
(5.40075 1.93383 2.39535)
(4.95377 1.33463 2.43065)
(5.0046 1.66974 1.98192)
(6.10545 2.40363 2.1697)
(6.18639 2.13159 2.17103)
(6.18775 2.12522 2.38108)
(6.10452 2.40301 2.38286)
(6.34474 2.33373 2.38142)
(6.34466 2.33427 2.1714)
(6.10531 2.40354 1.32709)
(6.10546 2.40364 1.75816)
(6.29732 2.53155 1.12602)
(6.2973 2.53153 1.54354)
(6.29727 2.53152 1.96279)
(6.29701 2.53134 2.38026)
(6.10484 2.40322 1.1296)
(6.18663 2.12516 1.32891)
(6.18642 2.13225 1.75643)
(6.10457 2.40304 1.54056)
(6.34479 2.33431 1.33237)
(6.1041 2.40273 1.97193)
(6.1914 2.46093 2.17176)
(6.34479 2.33435 1.75493)
(6.40011 2.60008 1.75284)
(6.4001 2.60007 2.17054)
(6.18823 2.11606 1.12493)
(6.18785 2.12935 1.54138)
(6.18768 2.13164 1.96819)
(6.3453 2.33411 1.12662)
(6.3452 2.33404 1.54274)
(6.34502 2.33394 1.96544)
(6.2973 2.53153 1.33425)
(6.19142 2.46095 1.96519)
(6.29729 2.53153 1.75342)
(6.40012 2.60008 1.96182)
(6.29723 2.53149 2.17118)
(6.19107 2.46071 2.38149)
(6.40001 2.6 2.37941)
(4.64473 1.42982 1.34531)
(4.77875 1.1376 1.35186)
(4.76394 0.950866 1.35947)
(4.77068 1.14184 1.56235)
(4.78451 1.30936 1.56161)
(4.77349 1.51566 1.3431)
(4.76482 1.50988 1.55923)
(4.79112 1.31167 1.3472)
(4.88123 1.58749 1.55539)
(4.266 0.95968 1.39913)
(4.25039 1.16687 1.37482)
(4.5264 1.3509 1.34917)
(4.5403 1.14896 1.35604)
(4.53588 0.958669 1.35735)
(4.63986 1.42657 1.55877)
(4.44457 1.17028 1.66683)
(4.55484 0.964743 1.55222)
(4.52366 1.3491 1.56075)
(4.44432 1.29621 1.66649)
(4.44667 0.967991 1.67001)
(4.34606 1.23054 1.51909)
(4.35771 0.978451 1.53649)
(4.38327 1.25551 1.57487)
(4.75439 0.950251 1.57437)
(4.5551 1.16558 1.5479)
(6.29731 2.53154 0.708566)
(6.10453 2.40302 0.703989)
(6.18777 2.12976 0.70609)
(6.34517 2.33406 0.70751)
(6.40012 2.60008 0.70871)
(5.01883 1.67922 1.55102)
(5.02048 1.5035 1.3406)
(5.02279 1.68186 1.33849)
(5.01527 1.49965 1.5545)
(9.19062 3 3.00506)
(9.19053 2.59884 3.0051)
(9.19056 2.20454 3.00509)
(9.1907 1.99545 3.00498)
(9.19085 1.8 3.00471)
(9.19063 2.4 3.00505)
(9.19075 1.63108 3.00501)
(9.18902 0.401171 3.0052)
(9.18331 2.37507e-16 3.00505)
(9.19049 0.795463 3.00524)
(9.19045 0.6 3.00528)
(9.19055 1.00455 3.00526)
(9.1905 1.2 3.00526)
(9.19061 1.36889 3.00526)
(9.19069 1.49995 3.00521)
(9.19081 1.63111 2.79623)
(9.19102 1.8 2.79587)
(9.19044 2.59276 2.79639)
(9.19073 1.99544 2.79622)
(9.1905 2.20453 2.79638)
(9.19048 2.4 2.79631)
(9.18998 0.40724 2.79641)
(9.19045 0.6 2.79628)
(9.1905 0.795459 2.79643)
(9.19071 1.00456 2.79643)
(9.1909 1.2 2.79629)
(9.19078 1.36891 2.79643)
(9.19076 1.50005 2.79644)
(10.0688 1.49994 3.00853)
(10.0687 1.49997 2.80022)
(9.62905 1.63109 2.79731)
(9.84845 1.63112 2.79844)
(9.84864 1.63114 3.00693)
(9.6292 1.6311 3.00607)
(10.0688 1.6311 3.00837)
(10.0682 1.63111 2.80021)
(9.6246 2.37507e-16 3.00504)
(9.40892 0.407263 3.00544)
(9.6272 0.401152 3.00587)
(9.40948 0.6 3.00538)
(9.62804 0.6 3.00585)
(10.063 2.37506e-16 3.00503)
(10.0632 0.400948 3.00852)
(9.84574 0.407212 3.00709)
(9.84613 0.6 3.00699)
(9.62811 0.795458 3.00605)
(9.40943 0.795463 3.00548)
(9.40963 1.00455 3.00543)
(9.62874 1.00455 3.00591)
(10.0644 0.795385 3.0092)
(10.0684 1.00451 3.00839)
(10.0703 1.2 3.00776)
(10.0635 0.6 3.00919)
(9.84647 0.795446 3.00721)
(9.84813 1.00455 3.00684)
(9.62885 1.2 3.00563)
(9.84861 1.2 3.00633)
(9.40969 1.2 3.00522)
(9.40975 1.36891 3.00544)
(9.62902 1.36892 3.00591)
(10.0695 1.36888 3.00823)
(9.8487 1.36892 3.0068)
(9.62912 1.50002 3.00612)
(9.40981 1.5 3.00553)
(9.84865 1.5001 3.00709)
(9.40978 1.63108 3.00542)
(9.40983 1.63109 2.79671)
(9.62888 1.8 2.79705)
(9.62939 1.8 3.00605)
(9.40959 1.8 3.00528)
(9.62866 1.99546 2.79736)
(9.62784 2.4 2.79731)
(9.62761 2.59278 2.79751)
(9.62875 3 3.00506)
(9.62785 2.59882 3.00581)
(9.4093 2.59274 3.00539)
(9.40965 1.99546 3.0054)
(9.6289 1.99545 3.00606)
(9.62784 2.20454 2.79755)
(9.62793 2.20455 3.006)
(9.40938 2.20454 3.00542)
(9.62757 2.4 3.00567)
(9.40941 2.4 3.00532)
(9.84797 1.8 2.79821)
(9.84867 1.8 3.00649)
(10.0691 1.8 3.008)
(10.0677 1.8 2.80007)
(10.064 2.20463 3.00921)
(10.0669 3 3.00506)
(10.0636 2.59903 3.0085)
(9.84766 1.99545 2.7986)
(9.84554 2.4 2.79905)
(9.84593 2.59279 3.00709)
(9.84633 2.20455 3.00723)
(10.0622 2.59296 2.80145)
(10.0631 2.2046 2.80158)
(10.0677 1.99548 3.00854)
(10.063 2.4 3.00917)
(10.0621 2.4 2.80148)
(10.0668 1.99548 2.80058)
(9.84585 2.20455 2.79914)
(9.84803 1.99546 3.00697)
(9.8453 2.59134 2.79914)
(9.84607 2.4 3.007)
(9.40975 1.8 2.79662)
(9.40965 1.99545 2.79671)
(9.40931 2.4 2.7966)
(9.4093 2.20454 2.79676)
(9.40919 2.59129 2.79675)
(9.40988 1.5 2.79683)
(9.6292 1.50001 2.79746)
(9.84875 1.50009 2.79855)
(9.40944 0.6 2.7966)
(9.40966 1.00456 2.79684)
(9.40982 1.36891 2.79684)
(9.84567 0.6 2.79898)
(9.848 1.00454 2.79849)
(9.84874 1.36893 2.79832)
(9.62736 0.40723 2.79755)
(9.62913 1.2 2.79718)
(9.62791 0.795458 2.79759)
(10.0622 0.407039 2.80157)
(10.0681 1.2 2.80005)
(10.0635 0.795401 2.80166)
(9.40903 0.408716 2.79677)
(9.40938 0.795462 2.79679)
(9.62776 0.6 2.7974)
(9.40968 1.2 2.79699)
(9.62885 1.00454 2.79738)
(9.62921 1.36892 2.79733)
(10.0673 1.00451 2.8005)
(10.0627 0.6 2.80176)
(9.84525 0.408662 2.79914)
(9.84603 0.795443 2.79911)
(10.0686 1.36889 2.80012)
(9.84854 1.2 2.79801)
(6.99983 1.50192 3.83622)
(7.00636 1.1645 3.83593)
(6.91361 2.78977e-05 3.84319)
(6.97476 0.387792 3.83998)
(7.0022 0.399465 3.63075)
(7.00864 0.782148 3.83664)
(7.01478 0.78484 3.62922)
(7.01572 0.59543 3.63056)
(7.01057 0.593524 3.83946)
(6.90384 2.3175e-05 4.27021)
(6.96868 0.386675 4.26691)
(6.99429 0.398006 4.0512)
(7.01181 0.783942 4.04934)
(7.00492 0.779258 4.26222)
(6.99745 1.1621 4.262)
(7.01269 0.594777 4.04961)
(6.99607 1.50228 4.26047)
(7.00854 0.592473 4.26031)
(7.00339 1.83967 3.8392)
(6.99054 1.84367 4.26598)
(6.52255 1.89209 4.2789)
(6.52404 1.89164 4.05933)
(6.52915 1.88374 3.82772)
(6.07963 1.88055 3.78431)
(6.07227 1.88671 4.10412)
(5.99936 1.87058 3.99804)
(5.995 1.87178 3.81591)
(6.53713 1.8893 3.62298)
(6.31927 1.8895 3.62014)
(6.30063 1.88612 3.80435)
(6.30437 1.89398 4.06418)
(6.18696 1.86781 4.28055)
(6.23933 1.94663 4.35861)
(6.50582 2.27423 4.28813)
(7.00293 2.22498 4.26383)
(6.20886 2.47257 4.31295)
(6.22634 2.28016 4.33947)
(6.22836 2.08948 4.34213)
(6.50583 2.08639 4.28906)
(8.31398 1.2 3.00515)
(8.31459 1.00455 3.00495)
(8.09607 1.00454 3.0048)
(8.09531 1.2 3.0043)
(8.09577 1.36887 3.0048)
(8.31447 1.36892 3.00496)
(8.31508 0.79546 3.00496)
(8.0971 0.795462 3.005)
(8.09347 0.407258 3.00503)
(8.30842 0.401176 3.00499)
(8.28036 2.37506e-16 3.00504)
(8.31489 0.6 3.00489)
(8.09694 0.6 3.00507)
(8.09609 1.49987 3.00498)
(8.31471 1.50006 3.00498)
(8.31505 2.59883 3.42253)
(8.31436 3 3.4227)
(8.09709 2.20456 3.00504)
(8.09636 1.99546 3.00504)
(8.31511 2.59277 3.21373)
(8.31507 2.59884 3.00506)
(8.31436 3 3.00505)
(8.09692 2.4 3.00502)
(8.09716 2.59275 3.00504)
(8.31453 1.8 3.21361)
(8.31477 1.99545 3.21374)
(8.31514 2.20454 3.00506)
(8.31506 2.20454 3.21373)
(8.3148 1.99545 3.00504)
(8.31456 1.8 3.00504)
(8.31483 2.4 3.21365)
(8.31507 2.4 3.00514)
(8.31467 1.63111 3.00503)
(8.0959 1.8 3.00504)
(8.09607 1.63108 3.00503)
(7.01921 2.40803 3.21394)
(7.01042 2.61253 3.21412)
(7.00481 2.8125 3.2139)
(7 3 3.21375)
(7 3 3.4225)
(7.00462 2.81242 3.42278)
(7.00979 2.61254 3.42313)
(7.01834 2.40849 3.4228)
(7.00866 2.22309 3.8422)
(6.52552 2.27189 3.85318)
(6.53718 2.27764 3.64109)
(7.01528 2.21872 3.63203)
(6.78187 2.62846 3.42405)
(6.62962 2.75308 3.42385)
(6.75573 2.83716 3.42303)
(6.86728 2.91153 3.42267)
(7.01255 2.21897 4.05116)
(6.51102 2.27822 4.07182)
(6.00353 2.27766 3.83515)
(6.28872 2.28277 3.85789)
(6.27908 2.29359 4.07491)
(6.03684 2.33047 4.05211)
(6.32542 2.28054 3.64657)
(7.23825 2.21231 3.42263)
(7.45109 2.20636 3.42256)
(7.23876 2.21189 3.21386)
(7.45034 2.20633 3.21389)
(7.66435 2.20494 3.21382)
(7.87984 2.59886 3.42255)
(7.87625 3 3.42265)
(7.88021 2.59288 3.21378)
(7.8802 2.20463 3.42252)
(7.66473 2.20495 3.42254)
(7.88 2.20463 3.21378)
(7.88022 2.4 3.42253)
(7.87989 2.4 3.21376)
(7.44954 2.59715 3.42257)
(7.48491 3 3.42254)
(7.22292 2.81224 3.21381)
(7.66489 2.4 3.2138)
(7.44941 2.59704 3.21388)
(7.43479 3 3.21376)
(7.23484 2.60025 3.42265)
(7.45182 2.4 3.42257)
(7.44117 2.8125 3.42256)
(7.66491 2.5927 3.42255)
(7.219 3 3.42251)
(7.22288 2.81228 3.4226)
(7.66501 2.4 3.42259)
(7.2349 2.60026 3.21386)
(7.4517 2.4 3.21397)
(7.44113 2.81192 3.2138)
(7.66482 2.59198 3.21382)
(7.219 3 3.21375)
(7.3 2.4 3.21375)
(7.3 2.4 3.4225)
(6.24288 2.49466 4.08321)
(6.26862 2.51217 3.64514)
(6.1223 2.41396 3.86492)
(6.09195 2.39358 4.10662)
(6.25638 2.5038 3.86178)
(6.14382 2.4285 3.6489)
(7.5 1.8 3.4225)
(7.5 1.8 3.21375)
(7.87811 1.99551 3.21376)
(7.8779 1.8 3.42225)
(7.87858 1.9955 3.42246)
(7.87711 1.8 3.21371)
(8.09717 2.59275 3.42252)
(8.09683 2.4 3.4225)
(8.09708 2.20456 3.42253)
(7.65993 1.99564 3.21383)
(7.44858 1.99598 3.42251)
(7.66172 1.8 3.42237)
(7.66214 1.99563 3.42246)
(7.44031 1.99604 3.21379)
(7.65734 1.8 3.21391)
(8.09629 1.99547 3.21385)
(8.0969 2.4 3.21383)
(8.09553 1.8 3.42305)
(8.09625 1.99545 3.42268)
(8.09588 1.8 3.21395)
(8.09707 2.20456 3.2138)
(8.09723 2.59131 3.21379)
(6.51407 2.08714 4.0681)
(6.52349 2.08391 3.84107)
(6.05072 2.07347 3.77976)
(5.99749 2.09214 3.80991)
(5.99903 2.24093 3.8413)
(6.29944 2.08465 3.82778)
(5.99959 2.09343 3.99377)
(6.14983 2.09049 4.22415)
(6.06761 2.09578 4.09851)
(6.32371 2.09811 3.64288)
(6.75609 2.83739 3.21401)
(6.53677 2.08914 3.63504)
(6.78379 2.62791 3.21466)
(6.8674 2.9116 3.21382)
(6.29306 2.09243 4.07216)
(8.7527 1.63115 2.79601)
(8.97155 1.6311 2.79617)
(8.97162 1.63111 3.00498)
(8.75264 1.63113 3.00492)
(8.7526 0.795459 3.00502)
(8.75252 1.00454 3.00503)
(8.53374 0.795459 3.00499)
(8.53364 1.00454 3.00492)
(8.75242 1.2 3.00507)
(8.53367 1.2 3.00486)
(8.5336 1.36892 3.00492)
(8.75251 1.36894 3.00502)
(8.09626 1.00454 2.79604)
(8.09588 1.2 2.79599)
(8.09617 1.49999 2.79618)
(8.09597 1.3689 2.79604)
(8.09713 0.795451 2.7962)
(8.09698 0.6 2.79622)
(8.73657 2.37507e-16 3.00505)
(8.74944 0.401169 3.00502)
(8.75262 0.6 3.00502)
(8.53367 0.6 3.00499)
(8.53184 0.407258 3.00501)
(8.5335 1.6311 3.005)
(8.5336 1.63111 2.79614)
(8.31471 1.63111 2.79635)
(8.75258 1.50012 3.00499)
(8.5336 1.50003 3.00497)
(8.3148 1.50004 2.79619)
(8.97151 1.00455 3.00508)
(8.97145 1.2 3.00505)
(8.97153 1.36892 3.00509)
(8.9716 1.50005 3.00507)
(8.75256 2.20453 3.00501)
(8.75264 1.99544 3.00491)
(8.9716 1.99545 3.00497)
(8.97152 2.20453 3.00502)
(8.97147 2.4 3.00503)
(8.75248 2.4 3.00505)
(8.75249 3 3.00506)
(8.75254 2.59883 3.00503)
(8.9715 2.59273 3.00503)
(8.75276 1.8 3.00482)
(8.97159 1.8 3.00489)
(8.75257 2.20453 2.79623)
(8.75269 1.99544 2.79601)
(8.75253 2.4 2.79627)
(8.75255 2.59277 2.79627)
(8.75295 1.8 2.79566)
(8.97132 1.8 2.79609)
(8.97151 1.99543 2.79616)
(8.97134 2.4 2.79608)
(8.97147 2.20453 2.79621)
(8.97144 2.59129 2.79623)
(8.31513 2.59277 2.79627)
(8.31492 2.4 2.79623)
(8.53354 1.99545 3.00501)
(8.5337 2.20454 3.00503)
(8.53372 2.20453 2.79626)
(8.53363 1.99544 2.79616)
(8.53362 2.4 3.00507)
(8.53364 2.4 2.79626)
(8.53344 1.8 2.79594)
(8.5333 1.8 3.00506)
(8.31451 1.8 2.79646)
(8.09592 1.8 2.79616)
(8.53371 2.59274 3.00504)
(8.53373 2.59129 2.79627)
(8.09611 1.63109 2.79623)
(8.3151 2.20454 2.79629)
(8.31482 1.99544 2.79637)
(8.09639 1.99546 2.79626)
(8.09684 2.4 2.79629)
(8.09707 2.20456 2.79629)
(8.09719 2.59131 2.7963)
(8.97062 0.407262 3.00502)
(8.97149 0.6 3.00493)
(8.97152 0.795457 3.00504)
(8.97163 1.49997 2.79629)
(8.97164 1.3689 2.79629)
(8.97168 1.2 2.79621)
(8.97162 1.00455 2.79629)
(8.75166 0.407229 2.79629)
(8.97155 0.795461 2.79631)
(8.97155 0.6 2.79633)
(8.97109 0.408712 2.79631)
(8.53367 1.50006 2.79619)
(8.75263 1.50012 2.79621)
(8.75256 1.36893 2.79625)
(8.53366 1.36891 2.79613)
(8.31481 1.00455 2.79597)
(8.31465 1.2 2.79573)
(8.53365 1.2 2.79613)
(8.53369 1.00455 2.79615)
(8.75256 1.00455 2.79626)
(8.75246 1.2 2.79619)
(8.3147 1.36891 2.79597)
(8.75258 0.795461 2.79628)
(8.75255 0.6 2.79633)
(8.53357 0.6 2.79635)
(8.31345 0.40723 2.79624)
(8.31514 0.795464 2.79619)
(8.53288 0.408709 2.79631)
(8.31503 0.6 2.79622)
(8.53371 0.795463 2.79627)
(8.0959 0.40869 2.79625)
(6.56091 1.50425 4.25671)
(6.49382 1.50235 4.74072)
(6.50201 1.86484 4.753)
(6.54136 1.89062 4.47556)
(6.31238 1.94578 4.46855)
(6.54306 1.69937 4.26557)
(6.52868 0.000194492 4.29123)
(6.49254 0.176752 4.29394)
(6.50305 0.367966 4.29323)
(6.50698 0.553476 4.29363)
(6.52556 0.742692 4.28148)
(6.49218 0.782608 4.73827)
(6.54087 0.742889 4.48103)
(6.49419 1.12257 4.74128)
(6.56189 1.12738 4.257)
(6.54538 0.9332 4.26641)
(6.56413 1.31432 4.25457)
(6.52495 0.372834 3.83312)
(6.51646 0.179458 3.83753)
(6.55553 0.000200331 3.84013)
(6.54451 1.12814 3.81514)
(6.53683 0.937594 3.8123)
(6.53717 0.755201 3.82056)
(6.52726 0.562047 3.82889)
(6.06946 0.754583 3.76805)
(6.04292 0.562321 3.76393)
(6.30545 0.562378 3.81674)
(6.31185 0.75267 3.80044)
(6.05126 0.00965538 3.75886)
(6.29924 0.000205003 3.824)
(6.30572 0.17757 3.82267)
(6.06132 0.175151 3.77078)
(6.54245 1.50335 3.82113)
(6.5429 1.31419 3.81833)
(6.5447 1.5044 3.6197)
(6.07605 1.49576 3.77836)
(6.04648 1.3113 3.76037)
(6.31724 1.3117 3.80771)
(6.31998 1.49993 3.80388)
(6.3283 1.50294 3.62837)
(6.31234 0.933915 3.79303)
(6.08083 0.933029 3.76443)
(6.06665 0.369951 3.77675)
(6.31041 0.369594 3.81798)
(6.07528 1.11549 3.77461)
(6.32058 1.11867 3.79692)
(5.995 0.766079 3.81591)
(5.995 0.546532 3.82372)
(5.995 0.165183 3.81591)
(5.99699 0.0162929 3.81591)
(5.995 1.48809 3.81591)
(5.995 1.31943 3.81591)
(5.995 0.934905 3.81591)
(5.995 0.381385 3.81591)
(5.995 1.10373 3.81591)
(6.32242 0.559894 3.6185)
(6.32575 0.178895 3.62865)
(6.3291 1.3145 3.61514)
(6.32402 0.934766 3.60324)
(6.53654 0.370923 3.62093)
(6.54582 1.12449 3.60888)
(6.5308 8.21688e-05 3.6271)
(6.54272 0.752987 3.60823)
(6.53467 0.180374 3.62667)
(6.54215 0.93716 3.6039)
(6.538 0.561481 3.61557)
(6.32538 0.368294 3.62356)
(6.32819 0.75402 3.60876)
(6.546 1.31456 3.61287)
(6.32887 1.1182 3.61374)
(6.32692 -8.12605e-05 3.62509)
(5.995 1.70329 3.81591)
(6.08799 1.69414 3.76178)
(6.53271 1.69615 3.82346)
(6.30953 1.69674 3.80693)
(6.18895 1.50148 4.28393)
(6.14857 2.85898e-05 4.22214)
(6.15354 0.362643 4.23083)
(6.18951 0.767591 4.28452)
(6.32406 0.878063 4.48636)
(6.33529 1.12476 4.50322)
(6.18971 1.12104 4.28489)
(6.29956 0.554403 4.07505)
(6.29103 0.177195 4.07205)
(6.15177 0.16927 4.22885)
(6.06258 0.00010302 4.08893)
(6.2244 4.26148e-06 4.33585)
(6.15496 0.553282 4.23247)
(6.0715 0.359719 4.10633)
(6.23082 0.366622 4.3464)
(6.07402 0.75238 4.10849)
(6.24179 0.688948 4.36252)
(6.51136 0.368197 4.06799)
(6.49443 0.00033533 4.06802)
(6.52829 0.746338 4.0586)
(6.07397 0.553251 4.10922)
(6.06887 0.17631 4.10486)
(6.50327 0.179155 4.06787)
(6.30878 0.744739 4.06618)
(6.51715 0.55653 4.06709)
(6.2971 0.365015 4.07358)
(6.23173 0.550363 4.34748)
(6.23036 0.172585 4.34638)
(6.28109 0.000828579 4.07245)
(6.3225 1.69822 3.6312)
(6.53945 1.6973 3.62293)
(5.99948 0.547302 4.00001)
(5.99948 0.193157 3.99083)
(5.99935 1.32344 4.00001)
(5.99948 0.935445 3.99985)
(5.99908 1.70331 3.99062)
(6.07562 1.49866 4.10409)
(6.1648 1.31163 4.24717)
(6.16342 1.69477 4.2452)
(6.07358 1.11653 4.10652)
(6.16525 0.934488 4.24805)
(5.99948 0.344843 3.98826)
(5.99947 0.775473 3.99621)
(6.07433 0.934558 4.10848)
(5.99944 1.09837 3.99051)
(6.07486 1.31265 4.10758)
(5.99908 1.48719 3.99308)
(6.07453 1.69579 4.10299)
(5.99965 0.00388284 3.99884)
(6.32262 0.933145 4.05511)
(6.33134 1.31222 4.05247)
(6.32046 1.69796 4.05575)
(6.38419 0.75148 4.57633)
(6.5478 1.50423 4.04528)
(6.36214 1.50376 4.25126)
(6.54913 1.12457 4.04353)
(6.36297 1.12168 4.25189)
(6.33745 0.929913 4.26638)
(6.53968 0.934797 4.04819)
(6.33049 1.12006 4.05083)
(6.31498 0.68934 4.47249)
(6.55068 1.31383 4.04354)
(6.35926 1.31244 4.25305)
(6.33003 1.50206 4.05182)
(6.53671 1.69811 4.05067)
(6.33549 1.70103 4.26429)
(10.9443 0.776567 0.0838715)
(10.9417 0.375945 0.0839122)
(10.9399 -5.0517e-18 0.0825)
(10.9473 1.16609 0.0784512)
(10.9447 1.5 0.495633)
(10.9445 1.83392 0.496183)
(10.944 2.22344 0.497665)
(10.9434 2.62406 0.499276)
(10.9431 3 0.5)
(10.9431 3 0.0825)
(10.9438 2.62406 0.0839467)
(10.945 2.22343 0.0839185)
(10.9413 0.375943 0.499254)
(10.9432 0.776564 0.49764)
(10.9399 -3.06162e-17 0.5)
(10.9443 1.16609 0.496176)
(10.946 1.5 0.0803805)
(10.9475 1.83391 0.0784609)
(8.75246 1.49995 0.082536)
(8.53336 1.49998 0.0826103)
(8.53339 1.63108 0.0826398)
(8.75251 1.63108 0.0825172)
(8.75243 1.36888 0.0825183)
(8.53341 1.3689 0.0825996)
(8.31416 1.50002 0.0826453)
(8.3141 1.63109 0.0826151)
(8.31423 1.36892 0.0826337)
(8.75669 5.85524e-17 0.0825)
(8.75342 0.401164 0.0824567)
(8.32691 5.8552e-17 0.0825002)
(8.31762 0.401163 0.0825486)
(8.53436 0.407261 0.0824725)
(8.31507 0.6 0.0826573)
(8.31508 0.795457 0.082584)
(8.53357 0.6 0.0824264)
(8.75256 0.795465 0.0824615)
(8.75254 0.6 0.0824248)
(8.53367 0.795462 0.0824951)
(8.31435 1.2 0.0826081)
(8.31451 1.00455 0.0826084)
(8.75247 1.00455 0.0825022)
(8.53352 1.00456 0.0825753)
(8.53349 1.2 0.0826085)
(8.75254 1.2 0.0824917)
(8.31396 1.8 0.0826807)
(8.53348 1.8 0.0826925)
(8.75253 1.8 0.0824808)
(8.31436 1.99545 0.0825679)
(8.53349 1.99546 0.0826135)
(8.75256 1.99546 0.0825092)
(8.75262 2.20454 0.0825038)
(8.53367 2.20454 0.0825085)
(8.53357 2.4 0.0825024)
(8.75263 2.4 0.0824518)
(8.31504 2.20455 0.0824855)
(8.31498 2.4 0.0824598)
(8.31436 3 0.0825)
(8.75249 3 0.0825)
(8.75262 2.59884 0.0824996)
(8.53372 2.59274 0.0824815)
(8.3151 2.59883 0.0824651)
(9.40983 1.5 0.0826552)
(9.40984 1.36891 0.0826785)
(9.4098 1.6311 0.0826438)
(9.40964 1.8 0.0826693)
(9.629 1.2 0.0828474)
(9.62905 1.36889 0.0828201)
(9.40979 1.99545 0.0826623)
(9.19068 2.20454 0.0825951)
(9.19067 1.99545 0.0826712)
(9.40954 1.8 0.290753)
(9.40963 1.8 0.499821)
(9.40967 1.63109 0.499753)
(9.40968 1.63111 0.291065)
(9.40966 1.99545 0.291099)
(9.40965 1.99545 0.49979)
(9.19063 1.99545 0.291136)
(9.19063 1.99545 0.499936)
(9.62752 8.41171e-17 0.5)
(9.62725 5.85526e-17 0.0825)
(9.62862 0.40115 0.0829164)
(9.62872 0.407225 0.291742)
(9.62853 0.401152 0.499836)
(9.62881 0.795464 0.499787)
(9.62878 0.6 0.499751)
(9.62879 0.6 0.292104)
(9.62887 0.795456 0.291689)
(9.62902 1.36891 0.291284)
(9.40976 1.36892 0.2913)
(9.40967 1.36891 0.49988)
(9.62891 1.36889 0.49986)
(9.40977 1.50007 0.291206)
(9.40973 1.5 0.499762)
(9.62897 0.795463 0.0829829)
(9.62892 0.6 0.0829712)
(9.62876 1.2 0.500364)
(9.62905 1.2 0.29122)
(9.62888 1.00456 0.499928)
(9.62899 1.00456 0.291377)
(9.62903 1.00455 0.0828694)
(9.19063 2.59883 0.499983)
(9.19062 3 0.5)
(9.19063 2.59276 0.708622)
(9.19061 2.4 0.708638)
(9.19062 2.4 0.500056)
(9.19062 3 0.0825)
(9.19063 2.59277 0.29129)
(9.19067 2.59884 0.0825768)
(9.19059 2.4 0.291289)
(9.19068 2.4 0.0825804)
(9.19063 2.20454 0.499962)
(9.19063 2.20454 0.708589)
(9.19062 1.99545 0.708517)
(9.19063 2.20453 0.291267)
(9.40934 1.8 0.708205)
(9.40958 1.63111 0.708192)
(9.40956 1.99545 0.708226)
(9.62864 0.407225 0.707996)
(9.62878 0.795472 0.707938)
(9.62871 0.6 0.708113)
(9.62921 1.00456 0.708073)
(9.63034 1.2 0.708457)
(9.62925 1.36886 0.708007)
(9.40974 1.50004 0.708241)
(9.40983 1.36891 0.708534)
(8.97144 1.3689 0.0824529)
(8.97153 1.49999 0.0825185)
(8.97155 1.63108 0.0825422)
(8.9715 1.8 0.0825518)
(8.97162 2.20454 0.0825243)
(8.97158 1.99546 0.0825415)
(8.97163 2.4 0.0825202)
(8.97163 2.59274 0.08252)
(9.19063 1.3689 0.0825908)
(9.19059 1.2 0.0826012)
(9.19092 0.401164 0.499943)
(9.19072 0.407245 0.291265)
(9.19072 0.401169 0.0825341)
(9.19111 5.85526e-17 0.0825)
(9.19184 8.41171e-17 0.5)
(9.19063 0.6 0.291266)
(9.19057 0.6 0.0825701)
(9.19067 0.79546 0.499923)
(9.19064 0.79546 0.291267)
(9.19072 0.6 0.499907)
(9.19062 0.795464 0.0825545)
(9.19062 1.00454 0.499891)
(9.19061 1.00455 0.291291)
(9.19062 1.00455 0.0825862)
(9.19056 1.2 0.499821)
(9.19058 1.2 0.291353)
(9.19061 1.36892 0.291279)
(9.19062 1.36891 0.499873)
(8.97162 1.36891 0.499885)
(8.97149 1.36889 0.291232)
(8.75256 1.36892 0.499976)
(8.75238 1.36891 0.291223)
(8.53345 1.36892 0.499952)
(8.53347 1.36889 0.291254)
(8.31437 1.36892 0.291325)
(8.31443 1.36892 0.499996)
(8.09536 1.3689 0.499967)
(8.75835 8.41171e-17 0.5)
(8.75374 0.401164 0.499959)
(8.97189 0.407268 0.499941)
(8.3298 8.41171e-17 0.5)
(8.31816 0.401166 0.499994)
(8.5346 0.407262 0.500014)
(8.97163 0.6 0.499936)
(8.97161 0.79546 0.499931)
(8.97162 1.00455 0.499887)
(8.75257 0.795458 0.49995)
(8.7525 0.6 0.49994)
(8.31508 0.795455 0.499987)
(8.53372 0.795451 0.500004)
(8.53372 0.6 0.500067)
(8.31495 0.6 0.499934)
(8.31467 1.00454 0.500006)
(8.53355 1.00454 0.499954)
(8.75259 1.00455 0.499967)
(8.75268 1.2 0.500014)
(8.5334 1.2 0.499889)
(8.31458 1.2 0.500052)
(8.97168 1.2 0.49977)
(8.09925 0.407252 0.499975)
(8.09706 0.795447 0.499964)
(8.09705 0.6 0.499994)
(8.09587 1.00453 0.499989)
(8.09549 1.2 0.500102)
(9.40991 1.2 0.0826551)
(9.40982 1.00455 0.0826821)
(9.40968 0.407264 0.0825846)
(9.40962 0.6 0.0824741)
(9.40974 0.795464 0.0826144)
(9.4097 0.407264 0.499937)
(9.4097 0.795459 0.499924)
(9.40967 0.6 0.500011)
(9.40966 1.00455 0.499923)
(9.40946 1.2 0.499902)
(9.19065 1.49999 0.499871)
(9.19063 1.63109 0.499916)
(8.97161 1.63109 0.500014)
(8.97159 1.50001 0.499945)
(9.19063 1.63109 0.708494)
(8.97163 1.63111 0.7087)
(8.75249 1.50007 0.500021)
(8.97162 1.50006 0.708647)
(8.75253 1.49999 0.708704)
(8.53347 1.5 0.708661)
(8.53341 1.5 0.500001)
(8.31434 1.5 0.499975)
(8.31439 1.50001 0.708572)
(8.09527 1.49997 0.499901)
(8.09539 1.50002 0.708193)
(9.19061 1.8 0.500053)
(9.19062 1.8 0.708504)
(9.19066 1.8 0.0829663)
(9.19064 1.63111 0.291123)
(8.97159 1.63108 0.291233)
(9.19062 1.8 0.290919)
(8.97157 1.8 0.291269)
(8.97155 1.49993 0.291231)
(9.19066 1.49997 0.0825895)
(9.19067 1.63109 0.0826695)
(9.40972 1.2 0.291367)
(9.40975 1.00455 0.291337)
(9.4098 0.6 0.291299)
(9.40974 0.408709 0.291351)
(9.40976 0.795451 0.291345)
(9.19064 1.50006 0.291215)
(8.31436 3 0.5)
(8.31508 2.59884 0.49998)
(8.31516 2.59277 0.708727)
(8.31523 2.59277 0.291199)
(8.31499 2.4 0.499985)
(8.31497 2.4 0.70872)
(8.31505 2.20455 0.499982)
(8.31504 2.20454 0.708708)
(8.31506 2.20455 0.291222)
(8.31436 1.99546 0.291309)
(8.31451 1.99546 0.500024)
(8.31393 1.8 0.29132)
(8.31436 1.8 0.500025)
(8.31506 2.4 0.291166)
(8.31429 1.63109 0.500019)
(8.31438 1.63109 0.708731)
(8.31442 1.8 0.709148)
(8.31458 1.99545 0.708771)
(8.31411 1.63109 0.291336)
(8.31424 1.50001 0.291336)
(8.75248 1.63109 0.708743)
(8.75238 1.63111 0.500208)
(8.53343 1.63109 0.708636)
(8.53334 1.63109 0.500081)
(8.53339 1.63108 0.291387)
(8.75263 1.63108 0.291165)
(8.97171 1.8 0.500037)
(8.97168 1.8 0.708793)
(8.7524 1.8 0.708761)
(8.53341 1.8 0.708477)
(8.53326 1.8 0.500141)
(8.53344 1.8 0.291555)
(8.7521 1.8 0.500638)
(8.75295 1.8 0.290846)
(8.75249 3 0.5)
(8.75259 2.59883 0.500003)
(8.75258 2.20453 0.500031)
(8.53363 2.4 0.708738)
(8.97163 1.99545 0.708713)
(8.97167 2.4 0.70874)
(8.5335 1.99545 0.708657)
(8.9716 1.99545 0.291234)
(8.97151 2.4 0.29121)
(8.53349 1.99546 0.291375)
(8.53362 2.4 0.291223)
(8.53375 2.59274 0.500007)
(8.75255 2.4 0.500066)
(8.97158 2.59274 0.499876)
(8.75262 2.59277 0.708721)
(8.75261 2.59276 0.29127)
(8.53369 2.20454 0.500021)
(8.97158 2.20454 0.499892)
(8.75241 1.99545 0.500214)
(8.7526 2.20454 0.708724)
(8.75261 2.20454 0.291267)
(8.53375 2.59129 0.708738)
(8.75258 2.4 0.708705)
(8.53369 2.20454 0.708725)
(8.53368 2.4 0.500038)
(8.97163 2.20453 0.70869)
(8.75251 1.99545 0.708754)
(8.97161 1.99545 0.500014)
(8.97163 2.59129 0.708692)
(8.97155 2.4 0.499702)
(8.53343 1.99545 0.500087)
(8.97158 2.20454 0.291228)
(8.75267 1.99546 0.291169)
(8.97157 2.59129 0.291228)
(8.75258 2.4 0.291321)
(8.53368 2.20455 0.291257)
(8.53375 2.59129 0.291233)
(8.75249 1.49999 0.291241)
(8.5334 1.49997 0.291307)
(8.09697 2.20456 0.499942)
(8.09689 2.20456 0.708619)
(8.09564 1.99546 0.499962)
(8.09514 1.8 0.500093)
(8.09679 2.4 0.708736)
(8.09725 2.59275 0.499955)
(8.09721 2.59132 0.708716)
(8.097 2.4 0.49995)
(8.0953 1.6311 0.708254)
(8.09574 1.99547 0.708355)
(8.09531 1.8 0.708344)
(8.09516 1.6311 0.499949)
(8.31648 0.407233 0.708881)
(8.31506 0.795454 0.708829)
(8.31495 0.6 0.709089)
(8.3145 1.00454 0.708682)
(8.31398 1.2 0.708806)
(8.31428 1.36892 0.708625)
(9.19071 1.00454 0.7086)
(9.40982 1.00455 0.708582)
(9.40988 1.2 0.708944)
(8.53357 1.00454 0.708716)
(8.97165 1.00455 0.708688)
(8.75258 1.00456 0.708726)
(9.19074 0.407234 0.708646)
(9.19061 0.6 0.708738)
(9.19064 0.79546 0.708629)
(9.40962 0.6 0.708543)
(9.40966 0.408709 0.708445)
(9.40969 0.795463 0.70844)
(8.97155 0.6 0.70856)
(8.53358 0.6 0.708722)
(8.75258 0.795464 0.708722)
(8.75309 0.407237 0.708727)
(8.97177 0.40871 0.708645)
(8.53429 0.408711 0.708771)
(8.75253 0.6 0.70873)
(8.97159 0.795459 0.708643)
(8.53369 0.795461 0.708752)
(8.53352 1.2 0.708702)
(8.97165 1.2 0.708779)
(8.75251 1.2 0.708736)
(9.19076 1.2 0.708601)
(8.53349 1.36891 0.70869)
(8.97165 1.36892 0.70868)
(9.19067 1.49999 0.708494)
(8.75255 1.36891 0.708717)
(9.19072 1.36891 0.708569)
(8.0959 1.00454 0.70826)
(8.09699 0.6 0.708754)
(8.09867 0.408688 0.708756)
(8.09706 0.795438 0.708638)
(8.09547 1.2 0.708098)
(8.09542 1.36891 0.708152)
(8.31637 0.407234 0.291233)
(8.315 0.6 0.291211)
(8.31508 0.795458 0.291254)
(8.31463 1.00454 0.291307)
(8.31451 1.2 0.291273)
(8.97178 0.407268 0.0825004)
(8.97159 0.6 0.0825204)
(8.97157 0.795464 0.0824993)
(8.97145 1.00456 0.0824471)
(8.97124 1.2 0.0823168)
(8.53357 1.00455 0.291237)
(8.75241 1.00456 0.291207)
(8.9715 1.00455 0.29123)
(8.75298 0.40724 0.291147)
(8.75245 0.6 0.291031)
(8.75253 0.795462 0.291154)
(8.5336 0.6 0.291201)
(8.53422 0.408713 0.291211)
(8.53368 0.795462 0.29122)
(8.97156 0.6 0.291253)
(8.97174 0.408713 0.291228)
(8.97157 0.795461 0.291227)
(8.53361 1.2 0.2912)
(8.75216 1.2 0.291178)
(8.97144 1.2 0.291271)
(10.0685 1.2 0.0837142)
(9.84827 1.2 0.0829772)
(10.2896 1.2 0.0833806)
(10.4726 1.2 0.0726261)
(10.5042 0.39706 0.0915015)
(10.2861 0.406165 0.088399)
(10.0667 0.400949 0.0848388)
(10.0637 5.85526e-17 0.0825)
(10.5 5.85524e-17 0.0825)
(9.84797 0.407213 0.0836149)
(10.5062 0.793458 0.0920764)
(10.434 0.6 0.1)
(10.2862 0.6 0.0897353)
(10.0673 0.6 0.0854371)
(10.2869 0.795056 0.0881117)
(10.0676 0.795381 0.0850896)
(10.5097 1.00413 0.0831216)
(10.2885 1.0044 0.0847595)
(10.0682 1.0045 0.0840421)
(9.84803 0.6 0.083725)
(9.84823 0.795447 0.0836164)
(9.84838 1.00454 0.0832167)
(10.0669 3 0.0825)
(10.505 3 0.0825)
(10.5054 2.60294 0.0916325)
(10.2865 2.59384 0.0889011)
(10.0673 2.59904 0.0852292)
(9.62888 2.59885 0.0829844)
(9.62875 3 0.0825)
(9.84812 2.59279 0.0838459)
(9.40975 2.59274 0.0827187)
(10.2863 2.4 0.0904031)
(10.0673 2.4 0.0860172)
(10.5062 2.20654 0.0921779)
(10.2869 2.20494 0.0884966)
(10.434 2.4 0.1)
(10.0675 2.20461 0.0854425)
(9.84809 2.4 0.0839499)
(9.62884 2.4 0.0830542)
(9.62893 2.20454 0.0830325)
(9.84822 2.20455 0.0838167)
(9.40971 2.4 0.0827326)
(9.40977 2.20454 0.0827178)
(10.5058 1.5 0.497722)
(10.5055 1.50001 0.701545)
(10.0675 1.5 0.498577)
(10.2867 1.49999 0.498106)
(10.2864 1.50011 0.703202)
(10.0673 1.50002 0.705051)
(9.62892 1.49994 0.499581)
(9.84816 1.49995 0.499106)
(9.84804 1.49999 0.706607)
(9.62893 1.4999 0.707697)
(10.5055 1.63131 0.498686)
(10.4628 1.8 0.5)
(9.62885 1.63108 0.499676)
(9.84815 1.63108 0.499179)
(10.0675 1.6311 0.498763)
(10.2866 1.63114 0.49841)
(10.2866 1.8 0.498779)
(10.5053 2.20654 0.499322)
(10.5053 1.99587 0.499108)
(10.0675 1.8 0.49918)
(9.62877 1.8 0.499965)
(9.84809 1.8 0.499266)
(10.2865 1.99559 0.498751)
(10.2862 2.20495 0.499437)
(9.6288 2.20455 0.499839)
(9.84797 2.20456 0.499665)
(9.84809 1.99546 0.499324)
(9.62881 1.99545 0.499749)
(10.2864 2.20477 0.294807)
(10.5055 2.20514 0.297049)
(9.62884 2.20454 0.29156)
(9.84802 2.20455 0.292023)
(9.40969 2.20454 0.499908)
(10.0671 2.20462 0.499507)
(10.0674 1.99549 0.499003)
(10.0672 2.20459 0.293031)
(9.40972 2.20453 0.291327)
(9.62885 1.63109 0.707828)
(9.40966 2.20453 0.708375)
(9.40967 2.4 0.500002)
(9.40967 2.4 0.708525)
(9.40971 2.4 0.291341)
(10.434 1.8 0.7)
(10.2865 1.8 0.703504)
(10.0672 1.63111 0.705031)
(10.2864 1.6312 0.703179)
(9.84809 1.6311 0.706785)
(10.5053 1.63144 0.701079)
(10.505 3 0.5)
(10.5051 2.60294 0.499823)
(10.5052 1.99578 0.70105)
(10.5051 2.20514 0.701221)
(10.4229 2.4 0.7)
(10.434 2.4 0.5)
(10.505 2.59473 0.702081)
(9.84816 1.8 0.707163)
(10.067 1.8 0.704896)
(9.62885 1.8 0.70824)
(9.62875 3 0.5)
(9.62878 2.59884 0.499921)
(10.067 2.59905 0.499782)
(10.0669 3 0.5)
(10.2863 1.99557 0.703256)
(9.84804 1.99546 0.706885)
(10.2861 2.4 0.703823)
(9.84791 2.4 0.707439)
(10.2862 2.4 0.295777)
(9.84788 2.4 0.292192)
(9.40969 2.59274 0.499956)
(9.62876 2.4 0.499986)
(9.62877 2.20454 0.707958)
(9.62882 2.59278 0.291609)
(9.84791 2.59279 0.49981)
(9.62875 2.59277 0.708069)
(10.286 2.59384 0.499784)
(10.5051 2.59473 0.297366)
(10.067 2.4 0.499814)
(10.0669 2.59296 0.705965)
(10.067 2.59296 0.29325)
(10.067 2.2046 0.705577)
(9.62881 1.99544 0.707888)
(10.0672 1.99548 0.70514)
(10.2861 2.20476 0.703511)
(9.84791 2.20455 0.707077)
(9.40968 2.59129 0.708439)
(9.62874 2.4 0.708169)
(10.286 2.59204 0.703957)
(10.0669 2.4 0.706036)
(10.286 2.4 0.499934)
(9.84786 2.59134 0.70725)
(9.84794 2.4 0.499871)
(10.2862 2.59204 0.295218)
(10.067 2.4 0.293524)
(10.4229 2.4 0.3)
(9.84794 2.59134 0.292151)
(9.62881 2.4 0.291613)
(9.40972 2.59129 0.291374)
(10.0682 1.50009 0.0835741)
(10.0683 1.36891 0.0836846)
(10.2887 1.36884 0.0838916)
(10.2881 1.49995 0.0839403)
(10.5083 1.5 0.083213)
(10.5101 1.3687 0.0815143)
(9.62906 1.49998 0.0827912)
(9.84843 1.36891 0.0830858)
(9.84849 1.49999 0.0831097)
(9.62895 1.63109 0.0827173)
(10.0679 1.50007 0.291461)
(10.2872 1.5 0.291911)
(9.62899 1.50005 0.291254)
(9.84836 1.49993 0.291276)
(9.62884 1.63111 0.291345)
(10.5066 1.5 0.292562)
(9.84855 1.6311 0.0831828)
(9.62872 1.8 0.0824907)
(9.84873 1.8 0.0833949)
(10.0682 1.63114 0.0834753)
(10.0681 1.8 0.0832532)
(9.62893 1.99545 0.0827817)
(9.8485 1.99545 0.0833598)
(10.5097 1.99587 0.0830871)
(10.4726 1.8 0.0726261)
(10.289 1.8 0.0825174)
(10.2883 1.99559 0.0844925)
(10.0681 1.99549 0.0839065)
(10.2885 1.63114 0.0835472)
(10.51 1.6313 0.0814423)
(9.84834 1.63109 0.291348)
(10.0679 1.63112 0.291612)
(10.2871 1.63116 0.2924)
(10.5063 1.63143 0.294383)
(9.62861 1.8 0.291624)
(9.84829 1.8 0.291406)
(10.0681 1.8 0.29187)
(10.2869 1.99558 0.293092)
(9.84826 1.99546 0.291541)
(10.434 1.8 0.3)
(10.2867 1.8 0.293168)
(10.0678 1.99549 0.292001)
(10.5061 1.99578 0.295399)
(9.62881 1.99546 0.291429)
(10.5055 1.3687 0.498727)
(10.5053 1.36857 0.701122)
(10.5 8.41171e-17 0.5)
(10.5038 0.397062 0.499767)
(10.0638 8.41171e-17 0.5)
(10.0663 0.400953 0.499615)
(10.2856 0.40616 0.499594)
(10.4628 1.2 0.5)
(9.84769 0.407215 0.499672)
(9.8479 0.795449 0.499574)
(9.84785 0.6 0.499716)
(10.5051 0.793456 0.499287)
(10.434 0.6 0.5)
(10.2859 0.6 0.499723)
(10.2861 0.795053 0.499311)
(10.2863 1.0044 0.498876)
(10.5053 1.00413 0.499135)
(9.84796 1.00455 0.499446)
(10.0675 1.2 0.499081)
(10.0672 1.2 0.70574)
(10.2862 1.2 0.703921)
(10.2862 1.2 0.499039)
(9.84781 1.2 0.499606)
(9.84723 1.2 0.706864)
(10.434 1.2 0.7)
(10.067 0.795379 0.499371)
(10.0669 0.6 0.499644)
(10.0673 1.00451 0.499031)
(10.2858 0.6 0.703909)
(9.84778 0.6 0.707265)
(10.2862 1.00443 0.703426)
(9.84775 1.00455 0.706864)
(10.067 0.795393 0.705488)
(10.5051 0.794858 0.701203)
(10.0666 0.407039 0.70581)
(10.5045 0.405273 0.702039)
(10.4229 0.6 0.7)
(10.2857 0.407959 0.703877)
(10.5051 1.00422 0.701085)
(10.067 0.6 0.705813)
(10.286 0.795227 0.703479)
(9.8477 0.408663 0.707105)
(9.84783 0.795449 0.706975)
(10.0671 1.00451 0.705421)
(10.2863 1.36885 0.703381)
(9.84781 1.3689 0.706775)
(10.286 0.6 0.295162)
(9.84794 0.6 0.292125)
(10.2872 1.36885 0.292564)
(10.287 1.00442 0.293199)
(9.84833 1.36888 0.291332)
(9.84826 1.00454 0.2915)
(10.0675 1.3689 0.498823)
(10.434 1.2 0.3)
(10.0682 1.2 0.291908)
(10.5054 0.794859 0.29697)
(10.0668 0.407039 0.292907)
(10.5046 0.405273 0.297243)
(10.0672 0.795399 0.292751)
(10.0672 1.36891 0.705332)
(10.2865 1.36886 0.498559)
(9.84803 1.36889 0.499318)
(10.2859 0.407957 0.294819)
(10.067 0.6 0.293047)
(10.2863 0.795229 0.294499)
(10.4229 0.6 0.3)
(9.84785 0.408662 0.292033)
(9.84804 0.795454 0.291933)
(10.2869 1.2 0.293412)
(10.0679 1.36891 0.291684)
(10.5063 1.36857 0.294432)
(10.0678 1.00451 0.292016)
(10.5061 1.00422 0.29542)
(9.84828 1.2 0.291335)
(11.3814 0.756675 0.498025)
(11.3827 1.14344 0.495946)
(11.3833 1.5 0.495853)
(11.3795 -3.0616e-17 0.5)
(11.3801 0.366845 0.499438)
(11.3832 1.5 0.0804199)
(11.383 1.85656 0.495952)
(11.3823 2.24333 0.498037)
(11.3825 2.24333 0.0820658)
(11.3817 2.63316 0.0825482)
(11.3813 3 0.0825)
(11.3813 3 0.5)
(11.3816 2.63316 0.499445)
(11.3834 1.85655 0.0802752)
(11.3831 1.14345 0.0802671)
(11.3816 0.756673 0.0820497)
(11.3801 0.366845 0.082539)
(11.3795 -5.0517e-18 0.0825)
)


// ************************************************************************* //
