objectives;is_valid;is_feasible;variables;constraints;evaluation_time
[1e+30, 1e+30, 1e+30];False;False;[1.0, 10.73082567096501, 1.4883326227971652, 1.0, 2.0, 37.57831458546831, 0.7291991233979794, 0.5650489014925744, 16556.24078782057, 2348.4068448914168, 7268.573281952238, 1.0, 3.357597239545461, 1.0, 0.026786288927503333, 0.07312459610603989, 0.3333333333333333, 0.3333333333333333, 0.022354100656348897, 0.25111329167278496, 0.6620111442500799, 0.03951270793610654, 0.3333333333333333, 0.3333333333333333, 0.045922004208543234, 0.05938075873967308, 0.7712617707299688, 0.013436664311217606, 0.20613144074399425, 0.10335824689347328, 0.07735819505066616, 0.3047875530548452, 0.0, 1.0, 0.0, 0.0, 0.030000000000000002, 0.255, 0.0, 1.0, 0.0];[1e+30, 1e+30, 1e+30, 1e+30, 1e+30, 1e+30, 1e+30, 1e+30, 1e+30, 1e+30, 1e+30, 1e+30, 1e+30, 1e+30, 1e+30];70.5863629000014
[1e+30, 1e+30, 1e+30];False;False;[1.0, 11.217465544371642, 1.2841311152347146, 1.0, 2.0, 37.29406524023777, 0.6572612154622202, 0.2728257304225189, 15771.61987505923, 1597.0456793805968, 8984.534198911662, 1.0, 4.574064967483123, 1.0, 0.007892977569169762, 0.0538387426059669, 0.07005545050494733, 0.8460049052470711, 0.020394622156852393, 0.5851171020612358, 0.16380709931349458, 0.09288983008708201, 0.3333333333333333, 0.3333333333333333, 0.051026350104788835, 0.3333333333333333, 0.3333333333333333, 0.0431733882944138, 0.011234389118337629, 0.4957614520403616, 0.07484087462995187, 0.3333333333333333, 0.3333333333333333, 0.0, 0.0, 0.0, 0.030000000000000002, 0.255, 0.0, 0.0, 0.0];[1e+30, 1e+30, 1e+30, 1e+30, 1e+30, 1e+30, 1e+30, 1e+30, 1e+30, 1e+30, 1e+30, 1e+30, 1e+30, 1e+30, 1e+30];151.60661479999544
[24.620215164883014, 1849.790678075337, 117.12556730440804];True;False;[0.0, 7.25, 1.4500000000000002, 0.0, 1.0, 50.02569534066679, 0.47546335467127676, 0.5, 2476.534643156833, 18222.083964392146, 10500.0, 0.0, 3.0, 1.0, 0.01009155466260105, 0.04776525221846271, 0.1413618010820572, 0.0, 0.014281549713554866, 0.08327973738619909, 0.0, 0.05, 0.5, 0.5, 0.045908864371927254, 0.15195732656765437, 0.0, 0.0524955582173272, 0.32896626022656617, 0.0, 0.05, 0.5, 0.5, 0.0, 0.0, 0.0, 0.030000000000000002, 0.255, 0.0, 0.0, 0.0];[1.7270867773804293, -1.3294568711832835, 49.609739671046995, 0.6030319906629851, -0.42453664532872326, -7.571075253973414, -8.26609205895868, -14.0, -0.8586381989179428, -0.9167202626138009, 0.0, -0.8480426734323456, -0.6710337397734338, 0.0, 0.0015154014689409134];39.83603739999671
[20.17841118056831, 1890.2115223353355, 115.7838655480133];True;False;[0.0, 7.25, 1.4500000000000002, 0.0, 1.0, 57.51596898096211, 0.13383885888551808, 0.5, 18781.70112615261, 2623.8172931416975, 10500.0, 0.0, 3.0, 0.0, 0.025, 0.017781358341519105, 0.7959597551839619, 0.0, 0.06166998115292197, 0.48984830448058037, 0.0, 0.05, 0.5, 0.5, 0.07452087351588098, 0.15068616249550215, 0.0, 0.013023447227719365, 0.86750324392601, 0.0, 0.05, 0.5, 0.5, 0.0, 0.0, 0.0, 0.030000000000000002, 0.255, 0.0, 1.0, 1.0];[1.2970029074208371, -1.3308287093072013, 107.03330480039982, 0.6921180259381239, -0.766161141114482, 4.2931195665433215, -12.018835197564318, -14.0, -0.2040402448160381, -0.5101516955194196, 0.0, -0.8493138375044978, -0.13249675607399003, 0.0, -0.010251641312147397];10.838696200000413
[1e+30, 1e+30, 1e+30];False;False;[1.0, 11.838483586991984, 1.6824476314730852, 0.0, 1.0, 57.762029686259616, 0.7801204227763604, 0.5, 14611.407646553112, 15110.617802382143, 10500.0, 1.0, 2.5264201889691895, 1.0, 0.02934596258934813, 0.08593704464390858, 0.5164485520233, 0.0, 0.09896947606030732, 0.7355232539206858, 0.0, 0.05, 0.5, 0.5, 0.07644435580442843, 0.7326549990749489, 0.0, 0.0814785808338534, 0.7090135940919549, 0.0, 0.05, 0.5, 0.5, 1.0, 1.0, 1.0, 0.03656251873840177, 0.07175396891494691, 7.0, 1.0, 1.0];[1e+30, 1e+30, 1e+30, 1e+30, 1e+30, 1e+30, 1e+30, 1e+30, 1e+30, 1e+30, 1e+30, 1e+30, 1e+30, 1e+30, 1e+30];67.06152599999768
[1e+30, 1e+30, 1e+30];False;False;[0.0, 7.25, 1.4500000000000002, 0.0, 2.0, 51.57139146043151, 0.31122162861572966, 0.2912733539853772, 4258.370106583803, 1153.1215896880801, 17427.78021071563, 0.0, 3.0, 1.0, 0.04989101737631479, 0.020936183837083535, 0.3333333333333333, 0.3333333333333333, 0.07160940139730504, 0.6710033828202789, 0.27492516919951415, 0.02231215785442131, 0.09557967148394453, 0.6035934049783597, 0.07637354798048251, 0.1711589455171625, 0.581451984215104, 0.006018263250463962, 0.4662997390179764, 0.02860891794221132, 0.07113529577880655, 0.43233534866285284, 0.4135518322413779, 0.0, 0.0, 0.0, 0.030000000000000002, 0.255, 0.0, 0.0, 2.0];[1e+30, 1e+30, 1e+30, 1e+30, 1e+30, 1e+30, 1e+30, 1e+30, 1e+30, 1e+30, 1e+30, 1e+30, 1e+30, 1e+30, 1e+30];96.34251170000061
[1e+30, 1e+30, 1e+30];False;False;[0.0, 7.25, 1.4500000000000002, 0.0, 2.0, 18.876099776061114, 0.5950194860488128, 0.7675737525788237, 15996.60994911946, 17793.863985710745, 7319.400815968296, 0.0, 3.0, 1.0, 0.04932356598255734, 0.03587017528766694, 0.3333333333333333, 0.3333333333333333, 0.055590987524923086, 0.3333333333333333, 0.3333333333333333, 0.05184295457219166, 0.3333333333333333, 0.3333333333333333, 0.022904691241172306, 0.3333333333333333, 0.3333333333333333, 0.09702391450995172, 0.6942472160402917, 0.2676240790738982, 0.07651754191342591, 0.3333333333333333, 0.3333333333333333, 0.0, 0.0, 0.0, 0.030000000000000002, 0.255, 0.0, 0.0, 1.0];[1e+30, 1e+30, 1e+30, 1e+30, 1e+30, 1e+30, 1e+30, 1e+30, 1e+30, 1e+30, 1e+30, 1e+30, 1e+30, 1e+30, 1e+30];112.66021489999548
[26.82750904448041, 1499.8922563006945, 116.79379508011267];True;False;[0.0, 7.25, 1.4500000000000002, 0.0, 1.0, 9.813743113925389, 0.7840569589324489, 0.5, 16038.938196056248, 7281.614158124019, 10500.0, 0.0, 3.0, 1.0, 0.003401604682439341, 0.09105247613128223, 0.959768160676385, 0.0, 0.07703642852693522, 0.4538852859944634, 0.0, 0.05, 0.5, 0.5, 0.008599680776814445, 0.02659103299287413, 0.0, 0.037931069715100234, 0.36700417461499113, 0.0, 0.05, 0.5, 0.5, 0.0, 0.0, 0.0, 0.030000000000000002, 0.255, 0.0, 1.0, 1.0];[1.9263660989234523, -1.2849566897672262, 283.70726066706914, 0.453596305502765, -0.11594304106755116, -13.355957112968968, -9.030725602512732, -14.0, -0.04023183932361496, -0.5461147140055366, 0.0, -0.9734089670071259, -0.6329958253850089, 0.0, -0.014036412325930614];18.131488500002888
[1e+30, 1e+30, 1e+30];False;False;[1.0, 5.636012247504343, 1.6696532909069894, 1.0, 2.0, 31.814203815933602, 0.36822936074180423, 0.3652687793898063, 2627.038939922788, 17231.036243606344, 17627.379936532383, 1.0, 4.37757035628011, 0.0, 0.025, 0.05573306206126243, 0.3385575138061542, 0.3146694767310616, 0.0008404321261590852, 0.3333333333333333, 0.3333333333333333, 0.028215114503524298, 0.3757193021042592, 0.23622662034155872, 0.06047984846241669, 0.3333333333333333, 0.3333333333333333, 0.03298316323452071, 0.3333333333333333, 0.3333333333333333, 0.08771590762097373, 0.09835007810561491, 0.2920840993102979, 1.0, 1.0, 2.0, 0.016154292628005527, 0.16017363480194735, 34.0, 2.0, 1.0];[1e+30, 1e+30, 1e+30, 1e+30, 1e+30, 1e+30, 1e+30, 1e+30, 1e+30, 1e+30, 1e+30, 1e+30, 1e+30, 1e+30, 1e+30];84.39140090000001
[42.156808328847724, 1107.7954029438863, 121.88446385216562];True;False;[0.0, 7.25, 1.4500000000000002, 0.0, 2.0, 7.508455231166902, 0.795575504544557, 0.5182187445498737, 12460.39841459104, 4991.562352007217, 13872.587729362132, 0.0, 3.0, 1.0, 0.041800835737686184, 0.06426791854340623, 0.3333333333333333, 0.3333333333333333, 0.08147166881316892, 0.3333333333333333, 0.3333333333333333, 0.010273577925965983, 0.3333333333333333, 0.3333333333333333, 0.09032187987084582, 0.9297995231215672, 0.021318062522955095, 0.07504460092334858, 0.2666756755901495, 0.3716087284871298, 0.07321829349224773, 0.3333333333333333, 0.3333333333333333, 0.0, 0.0, 0.0, 0.030000000000000002, 0.255, 0.0, 1.0, 2.0];[1.5328913723424336, -1.4623858522905393, 176.67419997533375, 0.5193791930014031, -0.10442449545544297, -13.04183087542275, -13.04183087542275, -13.04183087542275, -0.33333333333333337, -0.33333333333333337, -0.33333333333333337, -0.04888241435547769, -0.36171559592272073, -0.33333333333333337, 0.06942479246398536];78.91855810000561
[17.843260157182264, 2680.22319441098, 108.80196542690895];True;False;[1.0, 4.708984483744546, 1.6824817293205143, 0.0, 2.0, 51.908629411013045, 0.36401787831259447, 0.6375685533761386, 10377.588877671142, 17199.122427060593, 4097.283067439323, 1.0, 2.584905418871194, 1.0, 0.037130265334453724, 0.004994420428908708, 0.0923644775539626, 0.7236611356884015, 0.022996767967163146, 0.31071207337549145, 0.1468708645359812, 0.024610425581833174, 0.0724477416247492, 0.4256910761836423, 0.052891828685329934, 0.16404021246141587, 0.28652830551984587, 0.05649710867528347, 0.2674378121908856, 0.6529739067522414, 0.008189987065070103, 0.5333015795778829, 0.0, 0.0, 1.0, 1.0, 0.02215043709793576, 0.14481573838533346, 0.0, 0.0, 0.0];[0.5103533565206169, -0.49277519322048535, 174.9219973749138, 0.0, -0.5359821216874056, -11.863612350120011, -11.863612350120013, -11.863612350120013, -0.1839743867576359, -0.5424170620885274, -0.5018611821916085, -0.5494314820187383, -0.07958828105687299, -0.46669842042211707, -0.3008214864087676];27.84933650000312
[1e+30, 1e+30, 1e+30];False;False;[1.0, 7.642088085402094, 1.196285344557869, 0.0, 1.0, 58.431024511048484, 0.7341077855602401, 0.5, 1876.5025609008676, 8765.43412477001, 10500.0, 0.0, 3.0, 0.0, 0.025, 0.01368839089883296, 0.8438228404574319, 0.0, 0.010302630845191452, 0.6857650992336755, 0.0, 0.05, 0.5, 0.5, 0.033100371260196375, 0.12496369590314893, 0.0, 0.044537793726945434, 0.4866647116651439, 0.0, 0.05, 0.5, 0.5, 1.0, 1.0, 0.0, 0.01824704542774192, 0.11571332123118835, 85.0, 1.0, 1.0];[1e+30, 1e+30, 1e+30, 1e+30, 1e+30, 1e+30, 1e+30, 1e+30, 1e+30, 1e+30, 1e+30, 1e+30, 1e+30, 1e+30, 1e+30];105.43449259999761
[1e+30, 1e+30, 1e+30];False;False;[1.0, 2.877206462241391, 1.2799394433821105, 1.0, 2.0, 39.61465768868184, 0.4239249206448781, 0.2507985425137965, 4708.967161134646, 17826.78607175478, 13252.534141828657, 1.0, 2.1484961405856065, 1.0, 0.001245284061911267, 0.09944465036640779, 0.7432753941384247, 0.11852604908380537, 0.09666503957358469, 0.09422761139096059, 0.022640336305320585, 0.07199217350946281, 0.3333333333333333, 0.3333333333333333, 0.037283212871116356, 0.3333333333333333, 0.3333333333333333, 0.06678894672107333, 0.14831067344397142, 0.49882861092961006, 0.07313805512382864, 0.0627115020143294, 0.051395870916052466, 0.0, 1.0, 2.0, 0.04877931713444059, 0.4084271134253545, 101.0, 1.0, 1.0];[1e+30, 1e+30, 1e+30, 1e+30, 1e+30, 1e+30, 1e+30, 1e+30, 1e+30, 1e+30, 1e+30, 1e+30, 1e+30, 1e+30, 1e+30];39.69077059999836
[1e+30, 1e+30, 1e+30];False;False;[0.0, 7.25, 1.4500000000000002, 0.0, 1.0, 7.497917195504076, 0.8761661155449777, 0.5, 4039.8736054379306, 2369.0030520134897, 10500.0, 0.0, 3.0, 0.0, 0.025, 0.06739632084260799, 0.9548849746707215, 0.0, 0.036986359960092544, 0.4577071648458615, 0.0, 0.05, 0.5, 0.5, 0.04342034179265748, 0.23019493397184299, 0.0, 0.07191905272829692, 0.22063989952023821, 0.0, 0.05, 0.5, 0.5, 0.0, 0.0, 0.0, 0.030000000000000002, 0.255, 0.0, 1.0, 1.0];[1e+30, 1e+30, 1e+30, 1e+30, 1e+30, 1e+30, 1e+30, 1e+30, 1e+30, 1e+30, 1e+30, 1e+30, 1e+30, 1e+30, 1e+30];61.34661480000068
[40.78535639122711, 1070.548523982876, 122.27143312404851];True;False;[0.0, 7.25, 1.4500000000000002, 0.0, 2.0, 9.158053931044938, 0.2750856351941996, 0.8321484081913916, 5579.966666702985, 9723.861070852317, 19499.00151415504, 0.0, 3.0, 1.0, 0.04279640059557438, 0.01930292210253296, 0.4610080054340806, 0.2344741546215029, 0.08080266499850124, 0.3333333333333333, 0.3333333333333333, 0.071742981675371, 0.3333333333333333, 0.3333333333333333, 0.07459311134541123, 0.13591746632127888, 0.31152965104871144, 0.06387669163676589, 0.3333333333333333, 0.3333333333333333, 0.08613577604444628, 0.3333333333333333, 0.3333333333333333, 0.0, 0.0, 0.0, 0.030000000000000002, 0.255, 0.0, 1.0, 1.0];[1.357472307090565, -1.4989536412035125, 156.78020076875168, 0.6211808832005123, -0.6249143648058004, -12.907810271707781, -12.907810271707781, -12.907810271707781, -0.3045178399444165, -0.33333333333333337, -0.33333333333333337, -0.5525528826300097, -0.33333333333333337, -0.33333333333333337, 0.08647787604482493];49.81598959999974
[1e+30, 1e+30, 1e+30];False;False;[1.0, 5.35844115595166, 1.4721140168929936, 1.0, 2.0, 31.924758764454495, 0.15020991599905092, 0.2528617488545103, 15215.764674963735, 18297.513879354217, 4686.754303752834, 1.0, 4.743803898092315, 1.0, 0.004416829723903232, 0.06359840630993477, 0.0667675318589892, 0.5220722196151564, 0.08239655576812527, 0.3333333333333333, 0.3333333333333333, 0.04682686525696548, 0.5732533207239028, 0.09215479942066984, 0.06588387510391051, 0.7774022019815235, 0.02452576084517033, 0.01849789543440763, 0.3333333333333333, 0.3333333333333333, 0.029903999907162995, 0.3333333333333333, 0.3333333333333333, 1.0, 0.0, 0.0, 0.030000000000000002, 0.255, 0.0, 1.0, 2.0];[1e+30, 1e+30, 1e+30, 1e+30, 1e+30, 1e+30, 1e+30, 1e+30, 1e+30, 1e+30, 1e+30, 1e+30, 1e+30, 1e+30, 1e+30];89.43166540000675
[1e+30, 1e+30, 1e+30];False;False;[0.0, 7.25, 1.4500000000000002, 0.0, 1.0, 12.172926568369558, 0.6923231147236216, 0.5, 17160.62196671203, 14441.393823278417, 10500.0, 0.0, 3.0, 0.0, 0.025, 0.06354709691023672, 0.5065527617004109, 0.0, 0.06663111467861897, 0.5404900049714423, 0.0, 0.05, 0.5, 0.5, 0.03642059025634712, 0.7997650727808955, 0.0, 0.01718603479901635, 0.19035547619972348, 0.0, 0.05, 0.5, 0.5, 0.0, 0.0, 0.0, 0.030000000000000002, 0.255, 0.0, 1.0, 0.0];[1e+30, 1e+30, 1e+30, 1e+30, 1e+30, 1e+30, 1e+30, 1e+30, 1e+30, 1e+30, 1e+30, 1e+30, 1e+30, 1e+30, 1e+30];65.6547311999966
[20.142259457209207, 1789.9534890662196, 116.01536545045954];True;False;[0.0, 7.25, 1.4500000000000002, 0.0, 1.0, 49.46798213041091, 0.32823864990382506, 0.5, 8297.17390108154, 15815.625821546735, 10500.0, 0.0, 3.0, 0.0, 0.025, 0.064610740701578, 0.06689743391878522, 0.0, 0.06691140735377359, 0.579749596098602, 0.0, 0.05, 0.5, 0.5, 0.004900537785135617, 0.46542070019848725, 0.0, 0.05544963549395118, 0.3276270537394803, 0.0, 0.05, 0.5, 0.5, 0.0, 0.0, 0.0, 0.030000000000000002, 0.255, 0.0, 1.0, 1.0];[1.2284107823937394, -1.3472658600861422, 80.21552565188436, 0.7340324097612521, -0.5717613500961749, -4.9382216675400965, -10.083574642980931, -14.0, -0.9331025660812148, -0.420250403901398, 0.0, -0.5345792998015128, -0.6723729462605197, 0.0, -0.004387382981692001];16.34250339999562
[1e+30, 1e+30, 1e+30];False;False;[0.0, 7.25, 1.4500000000000002, 0.0, 1.0, 1.9095733591725663, 0.348534722348197, 0.5, 10134.273246082957, 1229.303924890598, 10500.0, 0.0, 3.0, 0.0, 0.025, 0.023661024518735398, 0.26095292941117165, 0.0, 0.04638138764682982, 0.13891261385847942, 0.0, 0.05, 0.5, 0.5, 0.023723052187955763, 0.22569031314253185, 0.0, 0.012682312332681878, 0.5970201364724324, 0.0, 0.05, 0.5, 0.5, 0.0, 0.0, 0.0, 0.030000000000000002, 0.255, 0.0, 0.0, 0.0];[1e+30, 1e+30, 1e+30, 1e+30, 1e+30, 1e+30, 1e+30, 1e+30, 1e+30, 1e+30, 1e+30, 1e+30, 1e+30, 1e+30, 1e+30];67.03617149999627
[8.155022133905241, 4791.893298598657, 109.70038564501985];True;False;[1.0, 7.940801263630955, 1.2225936604364531, 0.0, 2.0, 47.45773229065205, 0.37399547419816526, 0.11218494349376691, 19904.651896014202, 13137.17308527315, 6442.567919111703, 1.0, 3.3595192553404707, 1.0, 0.005553740496658738, 0.046369842815868104, 0.3333333333333333, 0.3333333333333333, 0.07764895539167063, 0.3333333333333333, 0.3333333333333333, 0.03702070137672, 0.41630043311655107, 0.2566417912068656, 0.07866204125346687, 0.050849606874629916, 0.5822143362043842, 0.024288704020904453, 0.3333333333333333, 0.3333333333333333, 0.053511679866287444, 0.4762543729446157, 0.18407583548064155, 0.0, 0.0, 0.0, 0.030000000000000002, 0.255, 0.0, 1.0, 2.0];[1.9499654888935956, 0.47289687937480895, 50.19957841564087, -0.19791528182079632, -0.5260045258018348, -8.749015692774488, -10.450076406810805, -13.63518957736791, -0.33333333333333337, -0.33333333333333337, -0.32705777567658334, -0.36693605692098585, -0.33333333333333337, -0.33966979157474275, -0.25891737632302353];42.756927199996426
[1e+30, 1e+30, 1e+30];False;False;[1.0, 7.0273944308648515, 1.4975219431449018, 1.0, 0.0, 2.318869187281911, 0.5, 0.5, 12827.862855492536, 10500.0, 10500.0, 1.0, 1.7688932458081643, 0.0, 0.025, 0.039214674821053896, 0.0, 0.0, 0.05, 0.5, 0.5, 0.05, 0.5, 0.5, 0.09166512054327663, 0.0, 0.0, 0.05, 0.5, 0.5, 0.05, 0.5, 0.5, 1.0, 1.0, 0.0, 0.0425043891797651, 0.27150930269195356, 87.0, 0.0, 0.0];[1e+30, 1e+30, 1e+30, 1e+30, 1e+30, 1e+30, 1e+30, 1e+30, 1e+30, 1e+30, 1e+30, 1e+30, 1e+30, 1e+30, 1e+30];58.22028809999756
[1e+30, 1e+30, 1e+30];False;False;[1.0, 7.142749291762877, 1.2849883019776498, 1.0, 1.0, 59.931363181936966, 0.18872917444396747, 0.5, 1490.6124802017202, 11130.655552812303, 10500.0, 1.0, 1.5244047436566714, 1.0, 0.009491070446410711, 0.0924908776488334, 0.7134232232082351, 0.0, 0.06855892111520516, 0.7218635453309141, 0.0, 0.05, 0.5, 0.5, 0.06415479862134048, 0.05974837466951921, 0.0, 0.051911647689043966, 0.4500532556344039, 0.0, 0.05, 0.5, 0.5, 1.0, 1.0, 0.0, 0.013460188288955566, 0.4901991330672879, 60.0, 1.0, 1.0];[1e+30, 1e+30, 1e+30, 1e+30, 1e+30, 1e+30, 1e+30, 1e+30, 1e+30, 1e+30, 1e+30, 1e+30, 1e+30, 1e+30, 1e+30];98.79854380000324
[1e+30, 1e+30, 1e+30];False;False;[1.0, 10.952248797805968, 1.1053652871852233, 1.0, 2.0, 28.484315206258106, 0.5202339498488348, 0.6409782952094027, 9739.370379437434, 1317.4009130708323, 3900.72995909378, 1.0, 4.804761518152994, 0.0, 0.025, 0.06273744274366215, 0.0694344276303428, 0.7836013135318972, 0.05438457103061376, 0.3333333333333333, 0.3333333333333333, 0.07478931733412275, 0.05887585624049063, 0.2752737121765385, 0.015947909047136177, 0.7474864521299531, 0.12736791297563177, 0.034201839296900995, 0.3333333333333333, 0.3333333333333333, 0.0342420685453928, 0.4893353554121155, 0.24855955826750042, 1.0, 1.0, 2.0, 0.03455206458940468, 0.2620788713649917, 9.0, 1.0, 2.0];[1e+30, 1e+30, 1e+30, 1e+30, 1e+30, 1e+30, 1e+30, 1e+30, 1e+30, 1e+30, 1e+30, 1e+30, 1e+30, 1e+30, 1e+30];132.19568590000563
[27.270611944185923, 1121.2785782159187, 118.75220267800509];True;False;[0.0, 7.25, 1.4500000000000002, 0.0, 0.0, 14.26785219069085, 0.5, 0.5, 10043.632493845296, 10500.0, 10500.0, 0.0, 3.0, 0.0, 0.025, 0.053192453951017585, 0.0, 0.0, 0.05, 0.5, 0.5, 0.05, 0.5, 0.5, 0.02933239070774705, 0.0, 0.0, 0.05, 0.5, 0.5, 0.05, 0.5, 0.5, 0.0, 0.0, 0.0, 0.030000000000000002, 0.255, 0.0, 0.0, 0.0];[0.35783353934795414, -1.4686233763286578, -3.446435347338138, 0.6886729534773326, -0.4, -0.7321478093091507, -14.0, -14.0, -1.0, 0.0, 0.0, -1.0, 0.0, 0.0, 0.031301684966777876];17.47683130000223
[20.32441749240745, 1979.4043419591576, 115.51793787490516];True;False;[0.0, 7.25, 1.4500000000000002, 0.0, 2.0, 37.09287306871479, 0.11751552256276065, 0.5895415352980028, 14237.383967534777, 13649.178610697245, 19424.852067783428, 0.0, 3.0, 0.0, 0.025, 0.024678120048832186, 0.16498331395998178, 0.7880628096828479, 0.061391181133927136, 0.3333333333333333, 0.3333333333333333, 0.03573879752063704, 0.3333333333333333, 0.3333333333333333, 0.07256872998552065, 0.4912816960145119, 0.23946737252157968, 0.05777355789084714, 0.019580159884447612, 0.16299444131543395, 0.06542067736216871, 0.3526820837145398, 0.5734350445643799, 0.0, 0.0, 0.0, 0.030000000000000002, 0.255, 0.0, 2.0, 0.0];[1.9668061240663794, -1.275926207119078, 43.7606750464802, 0.6423265044175439, -0.7824844774372394, -11.418356942206175, -13.563206020611785, -7.792018364526461, -0.0469538763571703, -0.33333333333333337, -0.33333333333333337, -0.26925093146390844, -0.8174253988001184, -0.07388287172108032, -0.017075374578245206];30.563764500002435
[21.468807137134103, 1690.4656814930515, 116.16317827414622];True;False;[0.0, 7.25, 1.4500000000000002, 0.0, 1.0, 33.243901945741634, 0.8299740548014197, 0.5, 6702.428821178126, 13378.096082499742, 10500.0, 0.0, 3.0, 0.0, 0.025, 0.08871243521233324, 0.7536159024895681, 0.0, 0.049149315573604725, 0.2055747239264516, 0.0, 0.05, 0.5, 0.5, 0.06585492911234847, 0.5006229038540801, 0.0, 0.06391697532432064, 0.5521876421015747, 0.0, 0.05, 0.5, 0.5, 0.0, 0.0, 0.0, 0.030000000000000002, 0.255, 0.0, 0.0, 1.0];[1.2648856588392992, -1.3385251621774228, 31.13637912052768, 0.6584785689289137, -0.0700259451985803, -12.390355574341537, -2.2611373339287173, -14.0, -0.2463840975104319, -0.7944252760735484, 0.0, -0.49937709614591985, -0.44781235789842533, 0.0, -0.007523162256495575];14.543143899994902
[1e+30, 1e+30, 1e+30];False;False;[1.0, 5.5693108502605915, 1.1426737888970118, 0.0, 0.0, 6.738696255313773, 0.5, 0.5, 12623.602520453476, 10500.0, 10500.0, 0.0, 3.0, 0.0, 0.025, 0.09724194970939903, 0.0, 0.0, 0.05, 0.5, 0.5, 0.05, 0.5, 0.5, 0.06577125283313938, 0.0, 0.0, 0.05, 0.5, 0.5, 0.05, 0.5, 0.5, 1.0, 0.0, 0.0, 0.030000000000000002, 0.255, 0.0, 0.0, 0.0];[1e+30, 1e+30, 1e+30, 1e+30, 1e+30, 1e+30, 1e+30, 1e+30, 1e+30, 1e+30, 1e+30, 1e+30, 1e+30, 1e+30, 1e+30];96.55805140000302
[1e+30, 1e+30, 1e+30];False;False;[0.0, 7.25, 1.4500000000000002, 0.0, 2.0, 15.108070210205957, 0.4097360267402944, 0.822101268521492, 19205.358050988092, 14088.974408715487, 9847.929495572842, 0.0, 3.0, 1.0, 0.016620844331297874, 0.08410681934374205, 0.3333333333333333, 0.3333333333333333, 0.03106019694240776, 0.25723514139634074, 0.20950656510680987, 0.05982724128692235, 0.38189359388208477, 0.19464335360022078, 0.08795513668324498, 0.3333333333333333, 0.3333333333333333, 0.020384798436787366, 0.3333333333333333, 0.3333333333333333, 0.021278212619924554, 0.18170792418852122, 0.7789602824559679, 0.0, 0.0, 0.0, 0.030000000000000002, 0.255, 0.0, 0.0, 1.0];[1e+30, 1e+30, 1e+30, 1e+30, 1e+30, 1e+30, 1e+30, 1e+30, 1e+30, 1e+30, 1e+30, 1e+30, 1e+30, 1e+30, 1e+30];135.42034109999804
[1e+30, 1e+30, 1e+30];False;False;[1.0, 4.634435421054787, 1.487293852635788, 1.0, 2.0, 1.9410130492765412, 0.5815575198500141, 0.8359942191532969, 9970.915587824295, 17312.935074050423, 5890.665656662571, 0.0, 3.0, 1.0, 0.005803463606087411, 0.023482724820984457, 0.6896866045982637, 0.1640160073136273, 0.0609302490091486, 0.3333333333333333, 0.3333333333333333, 0.05844369830658785, 0.024543018859033205, 0.9072400355565785, 0.022506936193192075, 0.3378208631845948, 0.4320485043592013, 0.08237659214595434, 0.20334097698791398, 0.21205681998538095, 0.056700182980746944, 0.3333333333333333, 0.3333333333333333, 1.0, 0.0, 0.0, 0.030000000000000002, 0.255, 0.0, 2.0, 0.0];[1e+30, 1e+30, 1e+30, 1e+30, 1e+30, 1e+30, 1e+30, 1e+30, 1e+30, 1e+30, 1e+30, 1e+30, 1e+30, 1e+30, 1e+30];110.63420810000389
[1e+30, 1e+30, 1e+30];False;False;[1.0, 9.029264169049858, 1.7407395974485087, 1.0, 1.0, 36.62427501602053, 0.5925393342358247, 0.5, 8079.491060754225, 8203.230418692001, 10500.0, 1.0, 1.0833300740047425, 0.0, 0.025, 0.09847169792091107, 0.8673471758813522, 0.0, 0.06699212733663959, 0.29622121551709824, 0.0, 0.05, 0.5, 0.5, 0.07973191593107354, 0.5429132150095525, 0.0, 0.060398451403293966, 0.9862288845280716, 0.0, 0.05, 0.5, 0.5, 1.0, 1.0, 1.0, 0.03856558451147773, 0.4642525465623125, 173.0, 1.0, 1.0];[1e+30, 1e+30, 1e+30, 1e+30, 1e+30, 1e+30, 1e+30, 1e+30, 1e+30, 1e+30, 1e+30, 1e+30, 1e+30, 1e+30, 1e+30];12.23230550000153
[1e+30, 1e+30, 1e+30];False;False;[0.0, 7.25, 1.4500000000000002, 0.0, 1.0, 1.3718586438167417, 0.6231232353103427, 0.5, 19562.98873744163, 3439.7281114703837, 10500.0, 0.0, 3.0, 1.0, 0.024663791023838186, 0.08000722505984198, 0.9981408455966247, 0.0, 0.027917894607040653, 0.22204837885486806, 0.0, 0.05, 0.5, 0.5, 0.07968354629138841, 0.21749902350666295, 0.0, 0.06884088243213952, 0.7630660810045402, 0.0, 0.05, 0.5, 0.5, 0.0, 0.0, 0.0, 0.030000000000000002, 0.255, 0.0, 1.0, 1.0];[1e+30, 1e+30, 1e+30, 1e+30, 1e+30, 1e+30, 1e+30, 1e+30, 1e+30, 1e+30, 1e+30, 1e+30, 1e+30, 1e+30, 1e+30];67.22136850000243
[1e+30, 1e+30, 1e+30];False;False;[1.0, 5.55076805098572, 1.7709573013040156, 1.0, 1.0, 16.49203589228784, 0.3717074989819994, 0.5, 12110.348332753003, 15633.536122683896, 10500.0, 0.0, 3.0, 1.0, 0.02202254378105525, 0.057772059572938045, 0.448941953730986, 0.0, 0.003388051372540746, 0.1913851842172013, 0.0, 0.05, 0.5, 0.5, 0.04416885005849286, 0.5565377940564753, 0.0, 0.09853050675920044, 0.9469150492092796, 0.0, 0.05, 0.5, 0.5, 1.0, 1.0, 1.0, 0.046053714462892026, 0.07481768575371116, 144.0, 0.0, 0.0];[1e+30, 1e+30, 1e+30, 1e+30, 1e+30, 1e+30, 1e+30, 1e+30, 1e+30, 1e+30, 1e+30, 1e+30, 1e+30, 1e+30, 1e+30];69.49611130000267
[30.066052363807632, 1253.3600663678528, 117.98833537205104];True;False;[0.0, 7.25, 1.4500000000000002, 0.0, 1.0, 7.493233860819695, 0.43393398084970336, 0.5, 19587.569931302187, 4903.202763513221, 10500.0, 0.0, 3.0, 0.0, 0.025, 0.035081361951321714, 0.3650603576263509, 0.0, 0.033569150780858335, 0.841291188528682, 0.0, 0.05, 0.5, 0.5, 0.09713623316921463, 0.7017695997915916, 0.0, 0.016408598409203234, 0.021530999108146598, 0.0, 0.05, 0.5, 0.5, 0.0, 0.0, 0.0, 0.030000000000000002, 0.255, 0.0, 0.0, 0.0];[1.15002544252628, -1.366049818882454, -9.94268780788983, 0.4587956496259329, -0.46606601915029666, -11.87351495439659, -12.603304109400112, -14.0, -0.6349396423736491, -0.158708811471318, 0.0, -0.2982304002084084, -0.9784690008918534, 0.0, 0.002488473387942447];37.295275800002855
[38.93809819302583, 1189.40907757777, 121.96759932016009];True;False;[0.0, 7.25, 1.4500000000000002, 0.0, 1.0, 27.760053831643457, 0.24051177712025043, 0.5, 8599.186707147044, 11498.878917396589, 10500.0, 0.0, 3.0, 1.0, 0.03586700212819752, 0.07611943669664645, 0.0694934478117426, 0.0, 0.041009175472595805, 0.9775550875896892, 0.0, 0.05, 0.5, 0.5, 0.08026866251897605, 0.6424486539136655, 0.0, 0.02360796088469639, 0.32508465689574106, 0.0, 0.05, 0.5, 0.5, 0.0, 0.0, 0.0, 0.030000000000000002, 0.255, 0.0, 0.0, 1.0];[0.8611986375361731, -1.5228145111567577, 42.7986688938356, 0.6421986392911727, -0.6594882228797496, -5.637269984088668, -12.035047065923388, -14.0, -0.9305065521882574, -0.02244491241031077, 0.0, -0.35755134608633454, -0.6749153431042589, 0.0, 0.08251524263146681];28.71020309999585
[1e+30, 1e+30, 1e+30];False;False;[1.0, 12.122562093576835, 1.7748759317703864, 1.0, 2.0, 13.519290028236322, 0.3416343193090987, 0.41565551175828197, 12704.652649839947, 8027.9078434316925, 1464.5980512728065, 1.0, 1.068613376074858, 0.0, 0.025, 0.01864525848760087, 0.3333333333333333, 0.3333333333333333, 0.0696196790687733, 0.3333333333333333, 0.3333333333333333, 0.0071794938233544665, 0.3333333333333333, 0.3333333333333333, 0.06630589226473652, 0.07567556101224193, 0.357847983173909, 0.061869900881415675, 0.3333333333333333, 0.3333333333333333, 0.00904910813374753, 0.2544971975927445, 0.7372166750072164, 1.0, 0.0, 0.0, 0.030000000000000002, 0.255, 0.0, 0.0, 0.0];[1e+30, 1e+30, 1e+30, 1e+30, 1e+30, 1e+30, 1e+30, 1e+30, 1e+30, 1e+30, 1e+30, 1e+30, 1e+30, 1e+30, 1e+30];81.91766889999417
[8.217092871390353, 4400.930393040428, 106.8703864808328];True;False;[1.0, 7.323459955297461, 1.3311081842502683, 0.0, 2.0, 38.07912447391246, 0.12303752161482394, 0.4029828007187479, 8059.002116714912, 4743.206020122707, 8868.17012229883, 0.0, 3.0, 0.0, 0.025, 0.021777064084567477, 0.3333333333333333, 0.3333333333333333, 0.03790180933539733, 0.3333333333333333, 0.3333333333333333, 0.0762845049482722, 0.3333333333333333, 0.3333333333333333, 0.015330174729349378, 0.3333333333333333, 0.3333333333333333, 0.036134123673040384, 0.7734708246059353, 0.08925714439152233, 0.0834615381282381, 0.18339611123308364, 0.5439375926954099, 0.0, 0.0, 0.0, 0.030000000000000002, 0.255, 0.0, 0.0, 2.0];[0.8997374887158571, 0.13243473376513482, 46.42661869496713, 2.220446049250313e-16, -0.7769624783851761, -9.939155585525036, -13.686285966729901, -10.697213715601027, -0.33333333333333337, -0.33333333333333337, -0.33333333333333337, -0.33333333333333337, -0.13727203100254237, -0.2726662960715065, -0.23195233550769984];57.29720530000486
[1e+30, 1e+30, 1e+30];False;False;[0.0, 7.25, 1.4500000000000002, 0.0, 2.0, 34.66446686616545, 0.20988402866931627, 0.7498424738090178, 13938.215645673195, 12347.548804825585, 11234.637005753524, 0.0, 3.0, 0.0, 0.025, 0.08423244918953543, 0.3333333333333333, 0.3333333333333333, 0.02846996833466773, 0.0, 0.23381504671962394, 0.031943954653893825, 0.01747391376565266, 0.13453119965693627, 0.012830498621645092, 0.3333333333333333, 0.3333333333333333, 0.09544551273648383, 0.3333333333333333, 0.3333333333333333, 0.020886171220208027, 0.3333333333333333, 0.3333333333333333, 0.0, 0.0, 0.0, 0.030000000000000002, 0.255, 0.0, 2.0, 1.0];[1e+30, 1e+30, 1e+30, 1e+30, 1e+30, 1e+30, 1e+30, 1e+30, 1e+30, 1e+30, 1e+30, 1e+30, 1e+30, 1e+30, 1e+30];106.0319171999945
[1e+30, 1e+30, 1e+30];False;False;[1.0, 7.652385818798838, 1.455236172927806, 0.0, 2.0, 41.82467655938919, 0.8610463018050162, 0.7871152696906109, 9662.652317759426, 1741.232983995239, 8641.468851561362, 0.0, 3.0, 0.0, 0.025, 0.023516554058655128, 0.3333333333333333, 0.3333333333333333, 0.05597906593831553, 0.3333333333333333, 0.3333333333333333, 0.014670979980667166, 0.6395985516021434, 0.3490027533174087, 0.08607608278452729, 0.3333333333333333, 0.3333333333333333, 0.06972031437850752, 0.4061341243177571, 0.19877697010371975, 0.07975014434839388, 0.3333333333333333, 0.3333333333333333, 0.0, 0.0, 0.0, 0.030000000000000002, 0.255, 0.0, 0.0, 0.0];[1e+30, 1e+30, 1e+30, 1e+30, 1e+30, 1e+30, 1e+30, 1e+30, 1e+30, 1e+30, 1e+30, 1e+30, 1e+30, 1e+30, 1e+30];73.22198889999709
[1e+30, 1e+30, 1e+30];False;False;[1.0, 5.2812598195804465, 1.7695684427605727, 1.0, 2.0, 23.795942816823697, 0.10212726416877116, 0.44464241900067736, 6375.927311662745, 15021.447171240188, 18932.528366775547, 1.0, 4.56098444527926, 1.0, 0.02566483826905805, 0.053305220469014536, 0.17969923100388474, 0.7019109713985335, 0.09809489966696494, 0.3333333333333333, 0.3333333333333333, 0.08129674508544493, 0.3333333333333333, 0.3333333333333333, 0.0158137778029785, 0.3333333333333333, 0.3333333333333333, 0.057052299786547335, 0.3333333333333333, 0.3333333333333333, 0.060925381201815856, 0.3333333333333333, 0.3333333333333333, 0.0, 0.0, 0.0, 0.030000000000000002, 0.255, 0.0, 2.0, 2.0];[1e+30, 1e+30, 1e+30, 1e+30, 1e+30, 1e+30, 1e+30, 1e+30, 1e+30, 1e+30, 1e+30, 1e+30, 1e+30, 1e+30, 1e+30];105.34626610000123
[9.959396692497691, 3316.3405648037265, 109.08289369789088];True;False;[1.0, 5.079789770397251, 1.6902116348151606, 0.0, 2.0, 28.608477348378376, 0.6254868737434025, 0.26752901570652543, 17601.768595611487, 2366.0309862819404, 11057.033196674827, 0.0, 3.0, 0.0, 0.025, 0.009351142879792385, 0.3333333333333333, 0.3333333333333333, 0.01571549306910678, 0.40311885116246604, 0.39538114044650874, 0.04795953223045357, 0.06530157763517519, 0.4126846308201214, 0.08852050056875357, 0.3333333333333333, 0.3333333333333333, 0.029733612736777507, 0.3333333333333333, 0.3333333333333333, 0.05793737380054417, 0.5706074726561825, 0.32317104013659437, 0.0, 0.0, 0.0, 0.030000000000000002, 0.255, 0.0, 2.0, 2.0];[0.6282881919041676, -0.1636495881447062, 21.478018228681762, -0.19347895581836583, -0.2745131262565975, -13.949971608897332, -8.860967088330113, -12.374254358976733, -0.33333333333333337, -0.20150000839102522, -0.5220137915447034, -0.33333333333333337, -0.33333333333333337, -0.10622148720722313, -0.19884930544524204];96.35758190000342
[1e+30, 1e+30, 1e+30];False;False;[1.0, 2.5589316148485084, 1.4544089689994382, 0.0, 2.0, 41.39835903855828, 0.36350432637418517, 0.5633484742447198, 6413.667950371357, 16002.19161461449, 18074.11867062875, 1.0, 2.3891983313659093, 0.0, 0.025, 0.06345795038405731, 0.3333333333333333, 0.3333333333333333, 0.09964555324156443, 0.3333333333333333, 0.3333333333333333, 0.041048501568962795, 0.03385938515526021, 0.15266352290358653, 0.023720155981788494, 0.47726167169177736, 0.491125135079871, 0.014875088189749275, 0.4206443526045992, 0.2842504657972027, 0.06280660147129545, 0.1779216931152251, 0.6012648679150056, 1.0, 0.0, 0.0, 0.030000000000000002, 0.255, 0.0, 1.0, 1.0];[1e+30, 1e+30, 1e+30, 1e+30, 1e+30, 1e+30, 1e+30, 1e+30, 1e+30, 1e+30, 1e+30, 1e+30, 1e+30, 1e+30, 1e+30];130.24962219999725
[1e+30, 1e+30, 1e+30];False;False;[1.0, 7.353611670326163, 1.234505709039876, 0.0, 0.0, 13.78046630477142, 0.5, 0.5, 16961.477715950576, 10500.0, 10500.0, 1.0, 3.2362170618835266, 0.0, 0.025, 0.032250974713395573, 0.0, 0.0, 0.05, 0.5, 0.5, 0.05, 0.5, 0.5, 0.07288809467329756, 0.0, 0.0, 0.05, 0.5, 0.5, 0.05, 0.5, 0.5, 1.0, 1.0, 0.0, 0.03621745772076368, 0.18268052923013425, 240.0, 0.0, 0.0];[1e+30, 1e+30, 1e+30, 1e+30, 1e+30, 1e+30, 1e+30, 1e+30, 1e+30, 1e+30, 1e+30, 1e+30, 1e+30, 1e+30, 1e+30];92.84293610000168
[1e+30, 1e+30, 1e+30];False;False;[1.0, 11.58666851547223, 1.4359227947261521, 0.0, 2.0, 56.354244944914726, 0.8150991161175652, 0.3194579390723906, 2447.284449196109, 3760.6910277801467, 13299.202683871086, 1.0, 1.0503125710282446, 1.0, 0.0401628283494158, 0.028993226406584284, 0.08387916909192505, 0.8655949059313722, 0.09619688415753816, 0.3333333333333333, 0.3333333333333333, 0.04273648123104207, 0.3333333333333333, 0.3333333333333333, 0.09621560101971827, 0.3333333333333333, 0.3333333333333333, 0.022476739896175692, 0.4062591117497437, 0.46535708595643654, 0.05928495759680785, 0.3333333333333333, 0.3333333333333333, 1.0, 1.0, 0.0, 0.04316009216644193, 0.44986771768807127, 60.0, 1.0, 1.0];[1e+30, 1e+30, 1e+30, 1e+30, 1e+30, 1e+30, 1e+30, 1e+30, 1e+30, 1e+30, 1e+30, 1e+30, 1e+30, 1e+30, 1e+30];116.89576649999799
[1e+30, 1e+30, 1e+30];False;False;[1.0, 6.539097681790954, 1.387051343335048, 1.0, 0.0, 48.07779496126553, 0.5, 0.5, 13313.488735451052, 10500.0, 10500.0, 0.0, 3.0, 0.0, 0.025, 0.01635703132319797, 0.0, 0.0, 0.05, 0.5, 0.5, 0.05, 0.5, 0.5, 0.06386940124852049, 0.0, 0.0, 0.05, 0.5, 0.5, 0.05, 0.5, 0.5, 1.0, 1.0, 0.0, 0.03538326609352484, 0.0687974594096024, 79.0, 0.0, 0.0];[1e+30, 1e+30, 1e+30, 1e+30, 1e+30, 1e+30, 1e+30, 1e+30, 1e+30, 1e+30, 1e+30, 1e+30, 1e+30, 1e+30, 1e+30];6.600341699995624
[1e+30, 1e+30, 1e+30];False;False;[1.0, 12.335131276831554, 1.1633723512680882, 1.0, 1.0, 56.493666975621366, 0.24538036960954326, 0.5, 8943.68642339173, 18225.375609309973, 10500.0, 1.0, 3.82699922285509, 0.0, 0.025, 0.09666222986156296, 0.7037036059339691, 0.0, 0.04839570148291388, 0.6357685534763826, 0.0, 0.05, 0.5, 0.5, 0.0805359646125177, 0.7494979201789723, 0.0, 0.060824137482227626, 0.3878499275576245, 0.0, 0.05, 0.5, 0.5, 0.0, 1.0, 0.0, 0.03102576070381686, 0.1147360598633588, 82.0, 1.0, 1.0];[1e+30, 1e+30, 1e+30, 1e+30, 1e+30, 1e+30, 1e+30, 1e+30, 1e+30, 1e+30, 1e+30, 1e+30, 1e+30, 1e+30, 1e+30];114.10936119999678
[1e+30, 1e+30, 1e+30];False;False;[1.0, 2.0951091875037764, 1.2849883019776498, 1.0, 1.0, 59.931363181936966, 0.19458024670587648, 0.5, 2366.885294062302, 11130.655552812303, 10500.0, 1.0, 1.5244047436566714, 1.0, 0.0034223643422863453, 0.09249037547302653, 0.9587584709738534, 0.0, 0.06855892111520516, 0.7269359034010898, 0.0, 0.05, 0.5, 0.5, 0.06415479862134048, 0.026646256139517883, 0.0, 0.051911647689043966, 0.4500532556344039, 0.0, 0.05, 0.5, 0.5, 1.0, 0.0, 0.0, 0.030000000000000002, 0.255, 0.0, 1.0, 1.0];[1e+30, 1e+30, 1e+30, 1e+30, 1e+30, 1e+30, 1e+30, 1e+30, 1e+30, 1e+30, 1e+30, 1e+30, 1e+30, 1e+30, 1e+30];82.65216769999824
[1e+30, 1e+30, 1e+30];False;False;[1.0, 4.41871077535586, 1.607111455251192, 0.0, 1.0, 27.756077595384994, 0.5226954411734968, 0.5, 8599.186707147044, 11498.878917396589, 10500.0, 0.0, 3.0, 1.0, 0.022706074809998835, 0.07611943669664645, 0.0694934478117426, 0.0, 0.041009175472595805, 0.9775550875896892, 0.0, 0.05, 0.5, 0.5, 0.08026866251897605, 0.752438309893728, 0.0, 0.02021710921675194, 0.47793060994163783, 0.0, 0.05, 0.5, 0.5, 1.0, 1.0, 1.0, 0.03787411298048509, 0.26394806190496944, 4.0, 0.0, 1.0];[1e+30, 1e+30, 1e+30, 1e+30, 1e+30, 1e+30, 1e+30, 1e+30, 1e+30, 1e+30, 1e+30, 1e+30, 1e+30, 1e+30, 1e+30];75.65479490000143
[1e+30, 1e+30, 1e+30];False;False;[0.0, 7.25, 1.4500000000000002, 0.0, 1.0, 7.493233860819695, 0.43393398084970336, 0.5, 19579.317314696003, 4903.202763513221, 10500.0, 0.0, 3.0, 0.0, 0.025, 0.09579849281832714, 0.1354548213672847, 0.0, 0.033569150780858335, 0.8420989929921499, 0.0, 0.05, 0.5, 0.5, 0.0972918593918965, 0.7017695997915916, 0.0, 0.016408598409203234, 0.021530999108146598, 0.0, 0.05, 0.5, 0.5, 0.0, 0.0, 0.0, 0.030000000000000002, 0.255, 0.0, 0.0, 0.0];[1e+30, 1e+30, 1e+30, 1e+30, 1e+30, 1e+30, 1e+30, 1e+30, 1e+30, 1e+30, 1e+30, 1e+30, 1e+30, 1e+30, 1e+30];53.92494849999639
[21.643267989316104, 1769.0055559168206, 116.39459680069999];True;False;[0.0, 7.25, 1.4500000000000002, 0.0, 2.0, 28.48829144251657, 0.23805028869635494, 0.8406134728847092, 9739.370379437434, 1317.4009130708323, 10880.889687553554, 0.0, 3.0, 0.0, 0.025, 0.06273744274366215, 0.0694344276303428, 0.7836013135318972, 0.05438457103061376, 0.3333333333333333, 0.3333333333333333, 0.06719388840320624, 0.05887585624049063, 0.27584313452232245, 0.015947909047136177, 0.6374967961498907, 0.12736791297563177, 0.034201839296900995, 0.3333333333333333, 0.3333333333333333, 0.0342420685453928, 0.4893353554121155, 0.24719532637920727, 0.0, 0.0, 0.0, 0.030000000000000002, 0.255, 0.0, 1.0, 2.0];[1.782575071121121, -1.317066026419214, 23.49102401874373, 0.6806952118706113, -0.6619497113036451, -11.94586098293543, -11.945860982935432, -11.945860982935432, -0.14696425883776, -0.33333333333333337, -0.6652810092371869, -0.2351352908744775, -0.33333333333333337, -0.26346931820867725, -0.0029140297112960623];33.738456099999894
[8.241603488679996, 4723.680764067539, 108.6589570385215];True;False;[1.0, 7.940801263630955, 1.2225936604364531, 0.0, 2.0, 48.09697388655455, 0.37399547419816526, 0.10557785822551458, 19904.651896014202, 9028.33154232309, 12481.546358406325, 1.0, 3.3595192553404707, 1.0, 0.00559787130550583, 0.046369842815868104, 0.3333333333333333, 0.3333333333333333, 0.054663898490772314, 0.3333333333333333, 0.3333333333333333, 0.035863370009962744, 0.41885220161508374, 0.2566417912068656, 0.06427878101613638, 0.050849606874629916, 0.5754123284250086, 0.024288704020904453, 0.3333333333333333, 0.3333333333333333, 0.06120078784761548, 0.4762543729446157, 0.2835293299960814, 0.0, 0.0, 0.0, 0.030000000000000002, 0.255, 0.0, 0.0, 2.0];[1.9085960969466678, 0.4498834621619343, 52.56773470893485, -0.14749912172861812, -0.5260045258018348, -8.537927374394373, -10.356145127666927, -13.68905298284101, -0.33333333333333337, -0.33333333333333337, -0.32450600717805067, -0.3737380647003615, -0.33333333333333337, -0.24021629705930292, -0.2571384269326304];48.78251029999956
[21.64326798931621, 1769.0055559168509, 116.39459680069989];True;False;[0.0, 7.25, 1.4500000000000002, 0.0, 2.0, 28.48829144251657, 0.23805028869635494, 0.8406134728847092, 9739.370379437434, 1317.4009130708323, 10402.59079415202, 0.0, 3.0, 0.0, 0.025, 0.06273744274366215, 0.0694344276303428, 0.7836013135318972, 0.05438457103061376, 0.3333333333333333, 0.3333333333333333, 0.06719388840320624, 0.05887585624049063, 0.27584313452232245, 0.015947909047136177, 0.6374967961498907, 0.12736791297563177, 0.034201839296900995, 0.3333333333333333, 0.3333333333333333, 0.0342420685453928, 0.4893353554121155, 0.24719532637920727, 0.0, 0.0, 0.0, 0.030000000000000002, 0.255, 0.0, 1.0, 2.0];[1.7825750711211645, -1.3170660264192005, 23.491024018745364, 0.6806952118705853, -0.6619497113036451, -11.94586098293543, -11.945860982935432, -11.945860982935432, -0.14696425883776, -0.33333333333333337, -0.6652810092371869, -0.2351352908744775, -0.33333333333333337, -0.26346931820867725, -0.002914029711301336];32.747495499999786
[20.568004683938373, 1904.8912060672587, 115.79687374760462];True;False;[0.0, 7.25, 1.4500000000000002, 0.0, 1.0, 57.51596898096211, 0.13383885888551808, 0.5, 18781.70112615261, 2623.8172931416975, 10500.0, 0.0, 3.0, 0.0, 0.025, 0.034845953114122905, 0.7959597551839619, 0.0, 0.033163595495894815, 0.4794065117867469, 0.0, 0.05, 0.5, 0.5, 0.07457832048221917, 0.15068616249550215, 0.0, 0.013080861548031238, 0.86750324392601, 0.0, 0.05, 0.5, 0.5, 0.0, 0.0, 0.0, 0.030000000000000002, 0.255, 0.0, 1.0, 1.0];[1.31681265377071, -1.3260815785321065, 107.03330480039786, 0.6648518105809424, -0.766161141114482, 4.2931195665433215, -12.018835197564318, -14.0, -0.2040402448160381, -0.520593488213253, 0.0, -0.8493138375044978, -0.13249675607399003, 0.0, -0.011919529095085646];13.852086099999724
[1e+30, 1e+30, 1e+30];False;False;[0.0, 7.25, 1.4500000000000002, 0.0, 1.0, 7.493233860819695, 0.43393398084970336, 0.5, 19587.569931302187, 4903.202763513221, 10500.0, 0.0, 3.0, 0.0, 0.025, 0.018016767178730936, 0.3650603576263509, 0.0, 0.06207553643789128, 0.851732946939773, 0.0, 0.05, 0.5, 0.5, 0.09707644217653248, 0.7017695997915916, 0.0, 0.01635118408889136, 0.021530999108146598, 0.0, 0.05, 0.5, 0.5, 0.0, 0.0, 0.0, 0.030000000000000002, 0.255, 0.0, 0.0, 0.0];[1e+30, 1e+30, 1e+30, 1e+30, 1e+30, 1e+30, 1e+30, 1e+30, 1e+30, 1e+30, 1e+30, 1e+30, 1e+30, 1e+30, 1e+30];57.35956129999977
[1e+30, 1e+30, 1e+30];False;False;[1.0, 9.614352684903363, 1.249877640938872, 1.0, 2.0, 37.29406524023777, 0.6572612154622202, 0.26821797709937906, 15771.61987505923, 1597.0456793805968, 8984.534198911662, 1.0, 4.574064967483123, 1.0, 0.008166935148856655, 0.01582210957420799, 0.3333333333333333, 0.3333333333333333, 0.06109746560689995, 0.5851171020612358, 0.16380709931349458, 0.09288983008708201, 0.3333333333333333, 0.3333333333333333, 0.051026350104788835, 0.3333333333333333, 0.3333333333333333, 0.0431733882944138, 0.011234389118337629, 0.4957614520403616, 0.07483873953018226, 0.7461280227415812, 0.11401110064009479, 0.0, 0.0, 0.0, 0.030000000000000002, 0.255, 0.0, 1.0, 2.0];[1e+30, 1e+30, 1e+30, 1e+30, 1e+30, 1e+30, 1e+30, 1e+30, 1e+30, 1e+30, 1e+30, 1e+30, 1e+30, 1e+30, 1e+30];162.29432620000443
[20.49405370046036, 1917.835784254002, 115.70905411824069];True;False;[0.0, 7.25, 1.4500000000000002, 0.0, 1.0, 57.51596898096211, 0.13383885888551808, 0.5, 18781.70112615261, 2623.8172931416975, 10500.0, 0.0, 3.0, 0.0, 0.025, 0.05579799568798101, 0.0760537986285103, 0.0, 0.020967137960633528, 0.48984830448058037, 0.0, 0.05, 0.5, 0.5, 0.07452087351588098, 0.1660663001157619, 0.0, 0.013023447227719365, 0.86750324392601, 0.0, 0.05, 0.5, 0.5, 0.0, 0.0, 0.0, 0.030000000000000002, 0.255, 0.0, 0.0, 0.0];[1.3342096706060103, -1.3219126248991255, 107.03330480039598, 0.6601937314867712, -0.766161141114482, 4.2931195665433215, -12.018835197564318, -14.0, -0.9239462013714896, -0.5101516955194196, 0.0, -0.8339336998842382, -0.13249675607399003, 0.0, -0.013374935165267166];12.689284200001566
[21.643267989316104, 1769.0055559168206, 116.39459680069999];True;False;[0.0, 7.25, 1.4500000000000002, 0.0, 2.0, 28.48829144251657, 0.23805028869635494, 0.8406134728847092, 9739.370379437434, 1317.4009130708323, 10880.889687553554, 0.0, 3.0, 0.0, 0.025, 0.06273744274366215, 0.0694344276303428, 0.7836013135318972, 0.05438457103061376, 0.3333333333333333, 0.3333333333333333, 0.06719388840320624, 0.05887585624049063, 0.27584313452232245, 0.015947909047136177, 0.6374967961498907, 0.12736791297563177, 0.034201839296900995, 0.3333333333333333, 0.3333333333333333, 0.0342420685453928, 0.4893353554121155, 0.24719532637920727, 0.0, 0.0, 0.0, 0.030000000000000002, 0.255, 0.0, 1.0, 2.0];[1.782575071121121, -1.317066026419214, 23.49102401874373, 0.6806952118706113, -0.6619497113036451, -11.94586098293543, -11.945860982935432, -11.945860982935432, -0.14696425883776, -0.33333333333333337, -0.6652810092371869, -0.2351352908744775, -0.33333333333333337, -0.26346931820867725, -0.0029140297112960623];38.6888467999961
[21.643267989316104, 1769.0055559168206, 116.39459680069999];True;False;[0.0, 7.25, 1.4500000000000002, 0.0, 2.0, 28.48829144251657, 0.23805028869635494, 0.8406134728847092, 9739.370379437434, 1317.4009130708323, 10880.889687553554, 0.0, 3.0, 0.0, 0.025, 0.06273744274366215, 0.0694344276303428, 0.7836013135318972, 0.05438457103061376, 0.3333333333333333, 0.3333333333333333, 0.06719388840320624, 0.05887585624049063, 0.27584313452232245, 0.015947909047136177, 0.6374967961498907, 0.12736791297563177, 0.034201839296900995, 0.3333333333333333, 0.3333333333333333, 0.0342420685453928, 0.4893353554121155, 0.24719532637920727, 0.0, 0.0, 0.0, 0.030000000000000002, 0.255, 0.0, 1.0, 2.0];[1.782575071121121, -1.317066026419214, 23.49102401874373, 0.6806952118706113, -0.6619497113036451, -11.94586098293543, -11.945860982935432, -11.945860982935432, -0.14696425883776, -0.33333333333333337, -0.6652810092371869, -0.2351352908744775, -0.33333333333333337, -0.26346931820867725, -0.0029140297112960623];38.66458740000235
[1e+30, 1e+30, 1e+30];False;False;[0.0, 7.25, 1.4500000000000002, 0.0, 1.0, 57.51596898096211, 0.13383885888551808, 0.5, 18781.70112615261, 2623.8172931416975, 10500.0, 0.0, 3.0, 0.0, 0.025, 0.06193328932714765, 0.7815845623727686, 0.0, 0.055662321892139925, 0.4807179446625877, 0.0, 0.05, 0.5, 0.5, 0.07457832048221917, 0.15068616249550215, 0.0, 0.03365920166598353, 0.3298101627705745, 0.0, 0.05, 0.5, 0.5, 0.0, 0.0, 0.0, 0.030000000000000002, 0.255, 0.0, 1.0, 1.0];[1e+30, 1e+30, 1e+30, 1e+30, 1e+30, 1e+30, 1e+30, 1e+30, 1e+30, 1e+30, 1e+30, 1e+30, 1e+30, 1e+30, 1e+30];50.469380399998045
[21.620319738034546, 1766.8948438086309, 116.40081740452882];True;False;[0.0, 7.25, 1.4500000000000002, 0.0, 2.0, 28.48829144251657, 0.23805028869635494, 0.8406134728847092, 9739.370379437434, 1317.4009130708323, 10880.889687553554, 0.0, 3.0, 0.0, 0.025, 0.06273744274366215, 0.0694344276303428, 0.695953717237861, 0.05438457103061376, 0.3333333333333333, 0.3333333333333333, 0.06719388840320624, 0.05887585624049063, 0.27584313452232245, 0.015947909047136177, 0.6374967961498907, 0.12736791297563177, 0.034201839296900995, 0.3333333333333333, 0.3333333333333333, 0.0342420685453928, 0.4893353554121155, 0.24719532637920727, 0.0, 0.0, 0.0, 0.030000000000000002, 0.255, 0.0, 1.0, 2.0];[1.7792537731189721, -1.3178076907448848, 23.49102401874446, 0.6833077380795662, -0.6619497113036451, -11.94586098293543, -11.945860982935432, -11.945860982935432, -0.23461185513179617, -0.33333333333333337, -0.6652810092371869, -0.2351352908744775, -0.33333333333333337, -0.26346931820867725, -0.0026511050550123705];39.24057009999524
[21.643267989316104, 1769.0055559168206, 116.39459680069999];True;False;[0.0, 7.25, 1.4500000000000002, 0.0, 2.0, 28.48829144251657, 0.1696269407404827, 0.8406134728847092, 9739.370379437434, 1317.4009130708323, 10880.889687553554, 0.0, 3.0, 0.0, 0.025, 0.06273744274366215, 0.0694344276303428, 0.7836013135318972, 0.05438457103061376, 0.3333333333333333, 0.3333333333333333, 0.06719388840320624, 0.05887585624049063, 0.27584313452232245, 0.015947909047136177, 0.6374967961498907, 0.12736791297563177, 0.034201839296900995, 0.3333333333333333, 0.3333333333333333, 0.0342420685453928, 0.4893353554121155, 0.24719532637920727, 0.0, 0.0, 0.0, 0.030000000000000002, 0.255, 0.0, 1.0, 2.0];[1.782575071121121, -1.317066026419214, 23.49102401874373, 0.6806952118706113, -0.7303730592595173, -11.94586098293543, -11.945860982935432, -11.945860982935432, -0.14696425883776, -0.33333333333333337, -0.6652810092371869, -0.2351352908744775, -0.33333333333333337, -0.26346931820867725, -0.0029140297112960623];36.932325100002345
[21.617552243990946, 1766.6403182097679, 116.40156673392713];True;False;[0.0, 7.25, 1.4500000000000002, 0.0, 2.0, 28.48829144251657, 0.23805028869635494, 0.8406134728847092, 9739.370379437434, 1317.4009130708323, 10880.889687553554, 0.0, 3.0, 0.0, 0.025, 0.06273744274366215, 0.0694344276303428, 0.695953717237861, 0.05438457103061376, 0.3333333333333333, 0.3333333333333333, 0.06719388840320624, 0.05887585624049063, 0.27584313452232245, 0.015947909047136177, 0.6374967961498907, 0.12736791297563177, 0.034201839296900995, 0.3333333333333333, 0.3333333333333333, 0.0342420685453928, 0.4374726214642263, 0.24719532637920727, 0.0, 0.0, 0.0, 0.030000000000000002, 0.255, 0.0, 1.0, 2.0];[1.77885311528481, -1.3178971598687725, 23.491024018744426, 0.6836234525917462, -0.6619497113036451, -11.94586098293543, -11.945860982935432, -11.945860982935432, -0.23461185513179617, -0.33333333333333337, -0.6652810092371869, -0.2351352908744775, -0.33333333333333337, -0.31533205215656646, -0.0026193688880030708];38.68356320000021
[21.61485151444718, 1768.4234525862146, 116.3918446576291];True;False;[0.0, 7.25, 1.4500000000000002, 0.0, 2.0, 28.48829144251657, 0.23805028869635494, 0.8406134728847092, 9739.370379437434, 1317.4009130708323, 10880.889687553554, 0.0, 3.0, 0.0, 0.025, 0.06369424468026948, 0.0694344276303428, 0.695953717237861, 0.05438457103061376, 0.3333333333333333, 0.3333333333333333, 0.06719388840320624, 0.05887585624049063, 0.27584313452232245, 0.015947909047136177, 0.6374967961498907, 0.12736791297563177, 0.034201839296900995, 0.3333333333333333, 0.3333333333333333, 0.0342420685453928, 0.4893353554121155, 0.24719532637920727, 0.0, 0.0, 0.0, 0.030000000000000002, 0.255, 0.0, 1.0, 2.0];[1.7816593285723465, -1.317270516826123, 23.491024018743758, 0.682288955961132, -0.6619497113036451, -11.94586098293543, -11.945860982935432, -11.945860982935432, -0.23461185513179617, -0.33333333333333337, -0.6652810092371869, -0.2351352908744775, -0.33333333333333337, -0.26346931820867725, -0.002841564340351488];37.85426150000421
[21.620319738034546, 1766.8948438086309, 116.40081740452882];True;False;[0.0, 7.25, 1.4500000000000002, 0.0, 2.0, 28.48829144251657, 0.23805028869635494, 0.8406134728847092, 9739.370379437434, 1317.4009130708323, 10880.889687553554, 0.0, 3.0, 0.0, 0.025, 0.06273744274366215, 0.0694344276303428, 0.695953717237861, 0.05438457103061376, 0.3333333333333333, 0.3333333333333333, 0.06719388840320624, 0.05887585624049063, 0.27584313452232245, 0.015947909047136177, 0.6374967961498907, 0.12736791297563177, 0.034201839296900995, 0.3333333333333333, 0.3333333333333333, 0.0342420685453928, 0.4893353554121155, 0.24719532637920727, 0.0, 0.0, 0.0, 0.030000000000000002, 0.255, 0.0, 1.0, 2.0];[1.7792537731189721, -1.3178076907448848, 23.49102401874446, 0.6833077380795662, -0.6619497113036451, -11.94586098293543, -11.945860982935432, -11.945860982935432, -0.23461185513179617, -0.33333333333333337, -0.6652810092371869, -0.2351352908744775, -0.33333333333333337, -0.26346931820867725, -0.0026511050550123705];38.189654800000426
[21.620319738034546, 1766.8948438086309, 116.40081740452882];True;False;[0.0, 7.25, 1.4500000000000002, 0.0, 2.0, 28.48829144251657, 0.23805028869635494, 0.8406134728847092, 9739.370379437434, 1317.4009130708323, 10880.889687553554, 0.0, 3.0, 0.0, 0.025, 0.06273744274366215, 0.0694344276303428, 0.695953717237861, 0.05438457103061376, 0.3333333333333333, 0.3333333333333333, 0.06719388840320624, 0.05887585624049063, 0.27584313452232245, 0.015947909047136177, 0.6374967961498907, 0.12736791297563177, 0.034201839296900995, 0.3333333333333333, 0.3333333333333333, 0.0342420685453928, 0.4893353554121155, 0.24719532637920727, 0.0, 0.0, 0.0, 0.030000000000000002, 0.255, 0.0, 1.0, 2.0];[1.7792537731189721, -1.3178076907448848, 23.49102401874446, 0.6833077380795662, -0.6619497113036451, -11.94586098293543, -11.945860982935432, -11.945860982935432, -0.23461185513179617, -0.33333333333333337, -0.6652810092371869, -0.2351352908744775, -0.33333333333333337, -0.26346931820867725, -0.0026511050550123705];37.5415237000052
[21.620319738034297, 1766.8948438085981, 116.4008174045289];True;False;[0.0, 7.25, 1.4500000000000002, 0.0, 2.0, 28.48829144251657, 0.23805028869635494, 0.8406134728847092, 9371.189763713073, 1317.4009130708323, 10880.889687553554, 0.0, 3.0, 0.0, 0.025, 0.06273744274366215, 0.0694344276303428, 0.695953717237861, 0.05438457103061376, 0.3333333333333333, 0.3333333333333333, 0.06719388840320624, 0.05887585624049063, 0.27584313452232245, 0.015947909047136177, 0.6374967961498907, 0.12736791297563177, 0.034201839296900995, 0.3333333333333333, 0.3333333333333333, 0.0342420685453928, 0.4893353554121155, 0.24719532637920727, 0.0, 0.0, 0.0, 0.030000000000000002, 0.255, 0.0, 1.0, 2.0];[1.779253773118925, -1.3178076907449034, 23.491024018744064, 0.6833077380796027, -0.6619497113036451, -11.94586098293543, -11.945860982935432, -11.945860982935432, -0.23461185513179617, -0.33333333333333337, -0.6652810092371869, -0.2351352908744775, -0.33333333333333337, -0.26346931820867725, -0.00265110505500471];37.46185179999884
[21.617561092093492, 1766.6411319601527, 116.40156433850208];True;False;[0.0, 7.25, 1.4500000000000002, 0.0, 2.0, 28.48829144251657, 0.23805028869635494, 0.8406134728847092, 9727.259852521302, 1317.4009130708323, 10880.889687553554, 0.0, 3.0, 0.0, 0.025, 0.06273744274366215, 0.0694344276303428, 0.695953717237861, 0.05438457103061376, 0.3333333333333333, 0.3333333333333333, 0.06719388840320624, 0.05887585624049063, 0.27584313452232245, 0.015947909047136177, 0.6374967961498907, 0.12736791297563177, 0.034201839296900995, 0.3333333333333333, 0.3333333333333333, 0.0342420685453928, 0.4376386062902121, 0.24719532637920727, 0.0, 0.0, 0.0, 0.030000000000000002, 0.255, 0.0, 1.0, 2.0];[1.7788543962900452, -1.3178968738131693, 23.491024018744973, 0.6836224429801865, -0.6619497113036451, -11.94586098293543, -11.945860982935432, -11.945860982935432, -0.23461185513179617, -0.33333333333333337, -0.6652810092371869, -0.2351352908744775, -0.33333333333333337, -0.3151660673305806, -0.002619470363076415];37.16390780000074
[21.62558405632091, 1767.379013647415, 116.39939152084813];True;False;[0.0, 7.25, 1.4500000000000002, 0.0, 2.0, 28.48829144251657, 0.23805028869635494, 0.8406134728847092, 9371.189763713073, 1317.4009130708323, 8911.932220602741, 0.0, 3.0, 0.0, 0.025, 0.06273744274366215, 0.0694344276303428, 0.695953717237861, 0.05438457103061376, 0.3333333333333333, 0.3333333333333333, 0.06719388840320624, 0.05887585624049063, 0.27584313452232245, 0.015947909047136177, 0.6374967961498907, 0.20672133772840573, 0.034201839296900995, 0.3333333333333333, 0.3333333333333333, 0.0342420685453928, 0.4878258353518993, 0.24719532637920727, 0.0, 0.0, 0.0, 0.030000000000000002, 0.255, 0.0, 1.0, 2.0];[1.7800158326082505, -1.3176375186203577, 23.49102401874398, 0.6827075744901627, -0.6619497113036451, -11.94586098293543, -11.945860982935432, -11.945860982935432, -0.23461185513179617, -0.33333333333333337, -0.6652810092371869, -0.15578186612170353, -0.33333333333333337, -0.26497883826889346, -0.0027114567252876642];39.0673930999983
[21.617552243990843, 1766.6403182097542, 116.4015667339272];True;False;[0.0, 7.25, 1.4500000000000002, 0.0, 2.0, 28.48829144251657, 0.23805028869635494, 0.8406134728847092, 9739.370379437434, 1018.4151446254782, 10880.889687553554, 0.0, 3.0, 0.0, 0.025, 0.06273744274366215, 0.0694344276303428, 0.695953717237861, 0.05438457103061376, 0.3333333333333333, 0.3333333333333333, 0.06719388840320624, 0.05887585624049063, 0.27584313452232245, 0.015947909047136177, 0.6374967961498907, 0.12736791297563177, 0.034201839296900995, 0.3333333333333333, 0.3333333333333333, 0.0342420685453928, 0.4374726214642263, 0.24719532637920727, 0.0, 0.0, 0.0, 0.030000000000000002, 0.255, 0.0, 1.0, 2.0];[1.7788531152847833, -1.3178971598687725, 23.491024018743765, 0.6836234525917664, -0.6619497113036451, -11.94586098293543, -11.945860982935432, -11.945860982935432, -0.23461185513179617, -0.33333333333333337, -0.6652810092371869, -0.2351352908744775, -0.33333333333333337, -0.31533205215656646, -0.002619368888003959];38.83081520000269
[21.643267989316104, 1769.0055559168206, 116.39459680069999];True;False;[0.0, 7.25, 1.4500000000000002, 0.0, 2.0, 28.48829144251657, 0.23805028869635494, 0.8406134728847092, 9739.370379437434, 1317.4009130708323, 10880.889687553554, 0.0, 3.0, 0.0, 0.025, 0.06273744274366215, 0.0694344276303428, 0.7836013135318972, 0.05438457103061376, 0.3333333333333333, 0.3333333333333333, 0.06719388840320624, 0.05887585624049063, 0.27584313452232245, 0.015947909047136177, 0.6374967961498907, 0.12736791297563177, 0.034201839296900995, 0.3333333333333333, 0.3333333333333333, 0.0342420685453928, 0.4893353554121155, 0.24719532637920727, 0.0, 0.0, 0.0, 0.030000000000000002, 0.255, 0.0, 1.0, 2.0];[1.782575071121121, -1.317066026419214, 23.49102401874373, 0.6806952118706113, -0.6619497113036451, -11.94586098293543, -11.945860982935432, -11.945860982935432, -0.14696425883776, -0.33333333333333337, -0.6652810092371869, -0.2351352908744775, -0.33333333333333337, -0.26346931820867725, -0.0029140297112960623];37.52211309999984
[21.617552243990946, 1766.6403182097679, 116.40156673392713];True;False;[0.0, 7.25, 1.4500000000000002, 0.0, 2.0, 28.48829144251657, 0.23805028869635494, 0.8406134728847092, 9739.370379437434, 1317.4009130708323, 10880.889687553554, 0.0, 3.0, 0.0, 0.025, 0.06273744274366215, 0.0694344276303428, 0.695953717237861, 0.05438457103061376, 0.3333333333333333, 0.3333333333333333, 0.06719388840320624, 0.05887585624049063, 0.27584313452232245, 0.015947909047136177, 0.6374967961498907, 0.12736791297563177, 0.034201839296900995, 0.3333333333333333, 0.3333333333333333, 0.0342420685453928, 0.4374726214642263, 0.24719532637920727, 0.0, 0.0, 0.0, 0.030000000000000002, 0.255, 0.0, 1.0, 2.0];[1.77885311528481, -1.3178971598687725, 23.491024018744426, 0.6836234525917462, -0.6619497113036451, -11.94586098293543, -11.945860982935432, -11.945860982935432, -0.23461185513179617, -0.33333333333333337, -0.6652810092371869, -0.2351352908744775, -0.33333333333333337, -0.31533205215656646, -0.0026193688880030708];39.71854449999955
[21.432568085582307, 1856.829221916609, 115.93431701562932];True;False;[0.0, 7.25, 1.4500000000000002, 0.0, 2.0, 29.103238559199273, 0.43852840020089234, 0.8406134728847092, 10105.3542628578, 1094.2445411048543, 10592.297988359534, 0.0, 3.0, 0.0, 0.025, 0.036219255221601354, 0.3333333333333333, 0.3333333333333333, 0.05400758187020875, 0.3333333333333333, 0.3333333333333333, 0.07832720436747743, 0.651272486065263, 0.27584313452232245, 0.09641136311226844, 0.6374967961498907, 0.12473902488994354, 0.034201839296900995, 0.3333333333333333, 0.3333333333333333, 0.00863330151898931, 0.3333333333333333, 0.3333333333333333, 0.0, 0.0, 0.0, 0.030000000000000002, 0.255, 0.0, 1.0, 0.0];[1.9080958129379129, -1.2890365462951634, 24.914449024721534, 0.6278011656000462, -0.4614715997991077, -11.924041726939631, -11.924041726939631, -11.924041726939631, -0.33333333333333337, -0.33333333333333337, -0.07288437941241455, -0.23776417896016566, -0.33333333333333337, -0.33333333333333337, -0.012650869103020879];36.18302570000378
[21.63752996300292, 1768.4777611131274, 116.3961533975992];True;False;[0.0, 7.25, 1.4500000000000002, 0.0, 2.0, 28.48829144251657, 0.23805028869635494, 0.8406134728847092, 9739.370379437434, 1317.4009130708323, 10880.889687553554, 0.0, 3.0, 0.0, 0.025, 0.06273744274366215, 0.0694344276303428, 0.695953717237861, 0.05438457103061376, 0.3333333333333333, 0.3333333333333333, 0.06719388840320624, 0.255763958087305, 0.27584313452232245, 0.015947909047136177, 0.6374967961498907, 0.12736791297563177, 0.034201839296900995, 0.3333333333333333, 0.3333333333333333, 0.0342420685453928, 0.4374726214642263, 0.24719532637920727, 0.0, 0.0, 0.0, 0.030000000000000002, 0.255, 0.0, 1.0, 2.0];[1.781744771821839, -1.3172514368730586, 23.49102401874361, 0.6813475510626414, -0.6619497113036451, -11.94586098293543, -11.945860982935432, -11.945860982935432, -0.23461185513179617, -0.33333333333333337, -0.46839290739037254, -0.2351352908744775, -0.33333333333333337, -0.31533205215656646, -0.0028483266068516366];38.47840729999734
[21.617552243990918, 1766.640318209767, 116.40156673392718];True;False;[0.0, 7.25, 1.4500000000000002, 0.0, 2.0, 28.48829144251657, 0.23805028869635494, 0.8406134728847092, 9739.370379437434, 1312.0832110095394, 10880.889687553554, 0.0, 3.0, 0.0, 0.025, 0.06273744274366215, 0.0694344276303428, 0.695953717237861, 0.05438457103061376, 0.3333333333333333, 0.3333333333333333, 0.06719388840320624, 0.05887585624049063, 0.27584313452232245, 0.015947909047136177, 0.6374967961498907, 0.12736791297563177, 0.034201839296900995, 0.3333333333333333, 0.3333333333333333, 0.0342420685453928, 0.4374726214642263, 0.24719532637920727, 0.0, 0.0, 0.0, 0.030000000000000002, 0.255, 0.0, 1.0, 2.0];[1.7788531152847993, -1.3178971598687639, 23.49102401874402, 0.6836234525917511, -0.6619497113036451, -11.94586098293543, -11.945860982935432, -11.945860982935432, -0.23461185513179617, -0.33333333333333337, -0.6652810092371869, -0.2351352908744775, -0.33333333333333337, -0.31533205215656646, -0.0026193688880076227];39.29678640000202
[31.29540471766961, 1194.0586571878196, 118.49147501490978];True;False;[0.0, 7.25, 1.4500000000000002, 0.0, 1.0, 6.878354934272155, 0.23345586944384458, 0.5, 19200.60489200349, 4874.884323563339, 10500.0, 0.0, 3.0, 0.0, 0.025, 0.06159954947338305, 0.07362500665515453, 0.0, 0.03394613994126336, 0.841291188528682, 0.0, 0.05, 0.5, 0.5, 0.016431402316497548, 0.7017695997915916, 0.0, 0.016408598409203234, 0.021530999108146598, 0.0, 0.05, 0.5, 0.5, 0.0, 0.0, 0.0, 0.030000000000000002, 0.255, 0.0, 0.0, 1.0];[1.0631342926850698, -1.3868720769876162, -10.532808849598613, 0.4686523086866734, -0.6665441305561555, -10.247649388499273, -13.552641524885289, -14.0, -0.9263749933448455, -0.158708811471318, 0.0, -0.2982304002084084, -0.9784690008918534, 0.0, 0.01033689101324442];44.22411180000199
[21.617552243990843, 1766.6403182097542, 116.4015667339272];True;False;[0.0, 7.25, 1.4500000000000002, 0.0, 2.0, 28.48829144251657, 0.23805028869635494, 0.8406134728847092, 9739.370379437434, 1018.4151446254782, 10880.889687553554, 0.0, 3.0, 0.0, 0.025, 0.06273744274366215, 0.0694344276303428, 0.695953717237861, 0.05438457103061376, 0.3333333333333333, 0.3333333333333333, 0.06719388840320624, 0.05887585624049063, 0.27584313452232245, 0.015947909047136177, 0.6374967961498907, 0.12736791297563177, 0.034201839296900995, 0.3333333333333333, 0.3333333333333333, 0.0342420685453928, 0.4374726214642263, 0.24719532637920727, 0.0, 0.0, 0.0, 0.030000000000000002, 0.255, 0.0, 1.0, 2.0];[1.7788531152847833, -1.3178971598687725, 23.491024018743765, 0.6836234525917664, -0.6619497113036451, -11.94586098293543, -11.945860982935432, -11.945860982935432, -0.23461185513179617, -0.33333333333333337, -0.6652810092371869, -0.2351352908744775, -0.33333333333333337, -0.31533205215656646, -0.002619368888003959];38.6780895999982
[21.617552243990843, 1766.6403182097542, 116.4015667339272];True;False;[0.0, 7.25, 1.4500000000000002, 0.0, 2.0, 28.48829144251657, 0.23805028869635494, 0.8406134728847092, 9739.370379437434, 1018.4151446254782, 10880.889687553554, 0.0, 3.0, 0.0, 0.025, 0.06273744274366215, 0.0694344276303428, 0.695953717237861, 0.05438457103061376, 0.3333333333333333, 0.3333333333333333, 0.06719388840320624, 0.05887585624049063, 0.27584313452232245, 0.015947909047136177, 0.6374967961498907, 0.12736791297563177, 0.034201839296900995, 0.3333333333333333, 0.3333333333333333, 0.0342420685453928, 0.4374726214642263, 0.24719532637920727, 0.0, 0.0, 0.0, 0.030000000000000002, 0.255, 0.0, 1.0, 2.0];[1.7788531152847833, -1.3178971598687725, 23.491024018743765, 0.6836234525917664, -0.6619497113036451, -11.94586098293543, -11.945860982935432, -11.945860982935432, -0.23461185513179617, -0.33333333333333337, -0.6652810092371869, -0.2351352908744775, -0.33333333333333337, -0.31533205215656646, -0.002619368888003959];38.0337537000014
[21.617552243990843, 1766.6403182097542, 116.4015667339272];True;False;[0.0, 7.25, 1.4500000000000002, 0.0, 2.0, 28.48829144251657, 0.23805028869635494, 0.8406134728847092, 9739.370379437434, 1018.4151446254782, 10880.889687553554, 0.0, 3.0, 0.0, 0.025, 0.06273744274366215, 0.0694344276303428, 0.695953717237861, 0.05438457103061376, 0.3333333333333333, 0.3333333333333333, 0.06719388840320624, 0.05887585624049063, 0.27584313452232245, 0.015947909047136177, 0.6374967961498907, 0.12736791297563177, 0.034201839296900995, 0.3333333333333333, 0.3333333333333333, 0.0342420685453928, 0.4374726214642263, 0.24719532637920727, 0.0, 0.0, 0.0, 0.030000000000000002, 0.255, 0.0, 1.0, 2.0];[1.7788531152847833, -1.3178971598687725, 23.491024018743765, 0.6836234525917664, -0.6619497113036451, -11.94586098293543, -11.945860982935432, -11.945860982935432, -0.23461185513179617, -0.33333333333333337, -0.6652810092371869, -0.2351352908744775, -0.33333333333333337, -0.31533205215656646, -0.002619368888003959];38.22577040000033
[1e+30, 1e+30, 1e+30];False;False;[0.0, 7.25, 1.4500000000000002, 0.0, 2.0, 7.367848157854441, 0.23805028869635494, 0.8406134728847092, 10019.337561666964, 1096.8096536224887, 10880.889687553554, 0.0, 3.0, 0.0, 0.025, 0.061556886415963324, 0.0736006333647563, 0.6993706558516378, 0.05438457103061376, 0.3333333333333333, 0.3333333333333333, 0.06719388840320624, 0.05887585624049063, 0.27584313452232245, 0.016439933990815156, 0.6356976318509113, 0.12736791297563177, 0.034201839296900995, 0.3333333333333333, 0.3333333333333333, 0.0342420685453928, 0.4374726214642263, 0.24719532637920727, 0.0, 0.0, 0.0, 0.030000000000000002, 0.255, 0.0, 1.0, 2.0];[1e+30, 1e+30, 1e+30, 1e+30, 1e+30, 1e+30, 1e+30, 1e+30, 1e+30, 1e+30, 1e+30, 1e+30, 1e+30, 1e+30, 1e+30];71.09904760000063
[1e+30, 1e+30, 1e+30];False;False;[0.0, 7.25, 1.4500000000000002, 0.0, 1.0, 6.9529749341028975, 0.23327379188867708, 0.5, 19200.60489200349, 4874.884323563339, 10500.0, 0.0, 3.0, 0.0, 0.025, 0.06275166333556724, 0.06925256206333048, 0.0, 0.03406481762128828, 0.841291188528682, 0.0, 0.05, 0.5, 0.5, 0.016431402316497548, 0.7014169732577341, 0.0, 0.034518320854279666, 0.021530999108146598, 0.0, 0.05, 0.5, 0.5, 0.0, 0.0, 0.0, 0.030000000000000002, 0.255, 0.0, 0.0, 1.0];[1e+30, 1e+30, 1e+30, 1e+30, 1e+30, 1e+30, 1e+30, 1e+30, 1e+30, 1e+30, 1e+30, 1e+30, 1e+30, 1e+30, 1e+30];73.38012940000044
[31.286146323103402, 1193.7914289210423, 118.4925141681992];True;False;[0.0, 7.25, 1.4500000000000002, 0.0, 1.0, 6.878354934272155, 0.23345586944384458, 0.5, 19072.388545944286, 4874.884323563339, 10500.0, 0.0, 3.0, 0.0, 0.025, 0.06159954947338305, 0.058647373002904415, 0.0, 0.03394613994126336, 0.841291188528682, 0.0, 0.05, 0.5, 0.5, 0.01674083119705734, 0.4960327752193285, 0.0, 0.016193036864372026, 0.017536903761488226, 0.0, 0.05, 0.5, 0.5, 0.0, 0.0, 0.0, 0.030000000000000002, 0.255, 0.0, 0.0, 1.0];[1.0625768156106776, -1.3870056686313246, -10.53280884959858, 0.4691076699178176, -0.6665441305561555, -10.247649388499273, -13.552641524885289, -14.0, -0.9413526269970955, -0.158708811471318, 0.0, -0.5039672247806715, -0.9824630962385118, 0.0, 0.01038803657516596];45.737413200004085
[21.61760687995015, 1766.6611772055583, 116.40147045147711];True;False;[0.0, 7.25, 1.4500000000000002, 0.0, 2.0, 28.48829144251657, 0.23805028869635494, 0.8581858013681133, 9739.370379437434, 1003.4308899888724, 10880.889687553554, 0.0, 3.0, 0.0, 0.025, 0.06273719363526647, 0.0694344276303428, 0.695953717237861, 0.05438457103061376, 0.3333333333333333, 0.3333333333333333, 0.06719388840320624, 0.05887585624049063, 0.27584313452232245, 0.015947909047136177, 0.6374967961498907, 0.12736791297563177, 0.034201839296900995, 0.3333333333333333, 0.3333333333333333, 0.03424999219272074, 0.4374726214642263, 0.24719532637920727, 0.0, 0.0, 0.0, 0.030000000000000002, 0.255, 0.0, 0.0, 2.0];[1.7788859513954867, -1.3178898273825328, 23.491024018744177, 0.683604403886511, -0.6619497113036451, -11.94586098293543, -11.945860982935432, -11.945860982935432, -0.23461185513179617, -0.33333333333333337, -0.6652810092371869, -0.2351352908744775, -0.33333333333333337, -0.31533205215656646, -0.0026219699936121388];38.324722099998326
[1e+30, 1e+30, 1e+30];False;False;[0.0, 7.25, 1.4500000000000002, 0.0, 1.0, 6.878354934272155, 0.23345586944384458, 0.5, 19072.388545944286, 4874.884323563339, 10500.0, 0.0, 3.0, 0.0, 0.025, 0.06159954947338305, 0.058647373002904415, 0.0, 0.03394613994126336, 0.841291188528682, 0.0, 0.05, 0.5, 0.5, 0.016432908000451458, 0.7034894466780928, 0.0, 0.016407408053492264, 0.021426935169587255, 0.0, 0.05, 0.5, 0.5, 0.0, 0.0, 0.0, 0.030000000000000002, 0.255, 0.0, 0.0, 1.0];[1e+30, 1e+30, 1e+30, 1e+30, 1e+30, 1e+30, 1e+30, 1e+30, 1e+30, 1e+30, 1e+30, 1e+30, 1e+30, 1e+30, 1e+30];68.61593709999579
[31.286146323103402, 1193.7914289210423, 118.4925141681992];True;False;[0.0, 7.25, 1.4500000000000002, 0.0, 1.0, 6.878354934272155, 0.23345586944384458, 0.5, 19072.388545944286, 4874.884323563339, 10500.0, 0.0, 3.0, 0.0, 0.025, 0.06159954947338305, 0.058647373002904415, 0.0, 0.03394613994126336, 0.841291188528682, 0.0, 0.05, 0.5, 0.5, 0.01674083119705734, 0.4960327752193285, 0.0, 0.016193036864372026, 0.017536903761488226, 0.0, 0.05, 0.5, 0.5, 0.0, 0.0, 0.0, 0.030000000000000002, 0.255, 0.0, 0.0, 1.0];[1.0625768156106776, -1.3870056686313246, -10.53280884959858, 0.4691076699178176, -0.6665441305561555, -10.247649388499273, -13.552641524885289, -14.0, -0.9413526269970955, -0.158708811471318, 0.0, -0.5039672247806715, -0.9824630962385118, 0.0, 0.01038803657516596];44.6737465000042
[31.28807627898757, 1193.8729822629612, 118.49208447479991];True;False;[0.0, 7.25, 1.4500000000000002, 0.0, 1.0, 6.878354934272155, 0.23345586944384458, 0.5, 19200.60489200349, 4874.884323563339, 10500.0, 0.0, 3.0, 0.0, 0.025, 0.06159954947338305, 0.07362500665515453, 0.0, 0.03394613994126336, 0.841291188528682, 0.0, 0.05, 0.5, 0.5, 0.01673932551310343, 0.4943129283328256, 0.0, 0.016194227220083, 0.01764096770004757, 0.0, 0.05, 0.5, 0.5, 0.0, 0.0, 0.0, 0.030000000000000002, 0.255, 0.0, 0.0, 1.0];[1.0627469551438349, -1.3869648970535555, -10.532808849598577, 0.46898880048706526, -0.6665441305561555, -10.247649388499273, -13.552641524885289, -14.0, -0.9263749933448455, -0.158708811471318, 0.0, -0.5056870716671744, -0.9823590322999525, 0.0, 0.010372426089381048];45.98169020000205
[31.286146323103402, 1193.7914289210423, 118.4925141681992];True;False;[0.0, 7.25, 1.4500000000000002, 0.0, 1.0, 6.878354934272155, 0.23345586944384458, 0.5, 19072.388545944286, 4874.884323563339, 10500.0, 0.0, 3.0, 0.0, 0.025, 0.06159954947338305, 0.058647373002904415, 0.0, 0.03394613994126336, 0.841291188528682, 0.0, 0.05, 0.5, 0.5, 0.01674083119705734, 0.4960327752193285, 0.0, 0.016193036864372026, 0.017536903761488226, 0.0, 0.05, 0.5, 0.5, 0.0, 0.0, 0.0, 0.030000000000000002, 0.255, 0.0, 0.0, 1.0];[1.0625768156106776, -1.3870056686313246, -10.53280884959858, 0.4691076699178176, -0.6665441305561555, -10.247649388499273, -13.552641524885289, -14.0, -0.9413526269970955, -0.158708811471318, 0.0, -0.5039672247806715, -0.9824630962385118, 0.0, 0.01038803657516596];44.30014339999616
[31.28614196273133, 1193.7912437140171, 118.49251514683863];True;False;[0.0, 7.25, 1.4500000000000002, 0.0, 1.0, 6.878354934272155, 0.23345586944384458, 0.5, 19072.388545944286, 4874.884323563339, 10500.0, 0.0, 3.0, 0.0, 0.025, 0.06159954947338305, 0.058647373002904415, 0.0, 0.03394613994126336, 0.841291188528682, 0.0, 0.05, 0.5, 0.5, 0.01674083119705734, 0.49591428852431874, 0.0, 0.016193036864372026, 0.017536903761488226, 0.0, 0.05, 0.5, 0.5, 0.0, 0.0, 0.0, 0.030000000000000002, 0.255, 0.0, 0.0, 1.0];[1.0625764292176871, -1.3870057612250368, -10.532808849598629, 0.4691079393879367, -0.6665441305561555, -10.247649388499273, -13.552641524885289, -14.0, -0.9413526269970955, -0.158708811471318, 0.0, -0.5040857114756813, -0.9824630962385118, 0.0, 0.010388072028224005];46.50370220000332
[31.286146323103402, 1193.7914289210423, 118.4925141681992];True;False;[0.0, 7.25, 1.4500000000000002, 0.0, 1.0, 6.878354934272155, 0.23345586944384458, 0.5, 19072.388545944286, 4874.884323563339, 10500.0, 0.0, 3.0, 0.0, 0.025, 0.06159954947338305, 0.058647373002904415, 0.0, 0.03394613994126336, 0.841291188528682, 0.0, 0.05, 0.5, 0.5, 0.01674083119705734, 0.4960327752193285, 0.0, 0.016193036864372026, 0.017536903761488226, 0.0, 0.05, 0.5, 0.5, 0.0, 0.0, 0.0, 0.030000000000000002, 0.255, 0.0, 0.0, 1.0];[1.0625768156106776, -1.3870056686313246, -10.53280884959858, 0.4691076699178176, -0.6665441305561555, -10.247649388499273, -13.552641524885289, -14.0, -0.9413526269970955, -0.158708811471318, 0.0, -0.5039672247806715, -0.9824630962385118, 0.0, 0.01038803657516596];44.49758329999895
[31.12004779338671, 1197.7688297257505, 118.43880216779797];True;False;[0.0, 7.25, 1.4500000000000002, 0.0, 1.0, 6.878354934272155, 0.23345586944384458, 0.5, 19072.388545944286, 4874.884323563339, 10500.0, 0.0, 3.0, 0.0, 0.025, 0.06159954947338305, 0.058647373002904415, 0.0, 0.03394613994126336, 0.841291188528682, 0.0, 0.05, 0.5, 0.5, 0.01674083119705734, 0.4960327752193285, 0.0, 0.02430990446014713, 0.017536903761488226, 0.0, 0.05, 0.5, 0.5, 0.0, 0.0, 0.0, 0.030000000000000002, 0.255, 0.0, 0.0, 1.0];[1.0708670657745927, -1.3850190252391574, -10.53280884959849, 0.4691745665255964, -0.6665441305561555, -10.247649388499273, -13.552641524885289, -14.0, -0.9413526269970955, -0.158708811471318, 0.0, -0.5039672247806715, -0.9824630962385118, 0.0, 0.00962850588561004];34.25057760000345
[31.286146323103402, 1193.7914289210423, 118.4925141681992];True;False;[0.0, 7.25, 1.4500000000000002, 0.0, 1.0, 6.878354934272155, 0.23345586944384458, 0.5, 19072.388545944286, 4874.884323563339, 10500.0, 0.0, 3.0, 0.0, 0.025, 0.06159954947338305, 0.058647373002904415, 0.0, 0.03394613994126336, 0.841291188528682, 0.0, 0.05, 0.5, 0.5, 0.01674083119705734, 0.4960327752193285, 0.0, 0.016193036864372026, 0.017536903761488226, 0.0, 0.05, 0.5, 0.5, 0.0, 0.0, 0.0, 0.030000000000000002, 0.255, 0.0, 0.0, 1.0];[1.0625768156106776, -1.3870056686313246, -10.53280884959858, 0.4691076699178176, -0.6665441305561555, -10.247649388499273, -13.552641524885289, -14.0, -0.9413526269970955, -0.158708811471318, 0.0, -0.5039672247806715, -0.9824630962385118, 0.0, 0.01038803657516596];43.58849430000555
[31.286146323103402, 1193.7914289210423, 118.4925141681992];True;False;[0.0, 7.25, 1.4500000000000002, 0.0, 1.0, 6.878354934272155, 0.23345586944384458, 0.5, 19072.388545944286, 4874.884323563339, 10500.0, 0.0, 3.0, 0.0, 0.025, 0.06159954947338305, 0.058647373002904415, 0.0, 0.03394613994126336, 0.841291188528682, 0.0, 0.05, 0.5, 0.5, 0.01674083119705734, 0.4960327752193285, 0.0, 0.016193036864372026, 0.017536903761488226, 0.0, 0.05, 0.5, 0.5, 0.0, 0.0, 0.0, 0.030000000000000002, 0.255, 0.0, 0.0, 1.0];[1.0625768156106776, -1.3870056686313246, -10.53280884959858, 0.4691076699178176, -0.6665441305561555, -10.247649388499273, -13.552641524885289, -14.0, -0.9413526269970955, -0.158708811471318, 0.0, -0.5039672247806715, -0.9824630962385118, 0.0, 0.01038803657516596];44.7771214999957
[1e+30, 1e+30, 1e+30];False;False;[0.0, 7.25, 1.4500000000000002, 0.0, 2.0, 6.7367951295556185, 0.23378174563088344, 0.8406134728847092, 9739.370379437434, 1018.4151446254782, 16563.46769350783, 0.0, 3.0, 0.0, 0.025, 0.06158239993752376, 0.0694344276303428, 0.692529677605616, 0.054247515550206724, 0.3333333333333333, 0.3333333333333333, 0.06719388840320624, 0.031064795598866782, 0.2771146275791967, 0.015947909047136177, 0.6374967961498907, 0.12736791297563177, 0.034201839296900995, 0.3333333333333333, 0.3333333333333333, 0.0342420685453928, 0.3333333333333333, 0.3333333333333333, 0.0, 0.0, 0.0, 0.030000000000000002, 0.255, 0.0, 0.0, 2.0];[1e+30, 1e+30, 1e+30, 1e+30, 1e+30, 1e+30, 1e+30, 1e+30, 1e+30, 1e+30, 1e+30, 1e+30, 1e+30, 1e+30, 1e+30];102.63255840000056
[31.281580151174268, 1193.597479395048, 118.49353887856441];True;False;[0.0, 7.25, 1.4500000000000002, 0.0, 1.0, 6.878354934272155, 0.23345586944384458, 0.5, 19072.388545944286, 4874.884323563339, 10500.0, 0.0, 3.0, 0.0, 0.025, 0.06159954947338305, 0.058647373002904415, 0.0, 0.03394613994126336, 0.7474821662184417, 0.0, 0.05, 0.5, 0.5, 0.01674083119705734, 0.4960327752193285, 0.0, 0.016193036864372026, 0.017536903761488226, 0.0, 0.05, 0.5, 0.5, 0.0, 0.0, 0.0, 0.030000000000000002, 0.255, 0.0, 0.0, 1.0];[1.062172165017822, -1.3871026375297901, -10.532808849598613, 0.46938991984439693, -0.6665441305561555, -10.247649388499273, -13.552641524885289, -14.0, -0.9413526269970955, -0.25251783378155834, 0.0, -0.5039672247806715, -0.9824630962385118, 0.0, 0.010425167540452196];33.14116689999355
[31.286146323103402, 1193.7914289210423, 118.4925141681992];True;False;[0.0, 7.25, 1.4500000000000002, 0.0, 1.0, 6.878354934272155, 0.23345586944384458, 0.5, 19072.388545944286, 4874.884323563339, 10500.0, 0.0, 3.0, 0.0, 0.025, 0.06159954947338305, 0.058647373002904415, 0.0, 0.03394613994126336, 0.841291188528682, 0.0, 0.05, 0.5, 0.5, 0.01674083119705734, 0.4960327752193285, 0.0, 0.016193036864372026, 0.017536903761488226, 0.0, 0.05, 0.5, 0.5, 0.0, 0.0, 0.0, 0.030000000000000002, 0.255, 0.0, 0.0, 1.0];[1.0625768156106776, -1.3870056686313246, -10.53280884959858, 0.4691076699178176, -0.6665441305561555, -10.247649388499273, -13.552641524885289, -14.0, -0.9413526269970955, -0.158708811471318, 0.0, -0.5039672247806715, -0.9824630962385118, 0.0, 0.01038803657516596];44.52868319999834
[23.203181072291045, 1463.9246271243767, 117.56232262480327];True;False;[0.0, 7.25, 1.4500000000000002, 0.0, 1.0, 28.629903837861782, 0.23772441250931609, 0.5, 19072.388545944286, 4874.884323563339, 10500.0, 0.0, 3.0, 0.0, 0.025, 0.06275459227952143, 0.058647373002904415, 0.0, 0.0340831954216704, 0.6473545851056149, 0.0, 0.05, 0.5, 0.5, 0.01674083119705734, 0.49591428852431874, 0.0, 0.016193036864372026, 0.017536903761488226, 0.0, 0.05, 0.5, 0.5, 0.0, 0.0, 0.0, 0.030000000000000002, 0.255, 0.0, 1.0, 1.0];[0.9727559069014458, -1.4085300027873573, 21.406524873429596, 0.7590108524180585, -0.6622755874906839, -5.41859806605796, -12.011929565709943, -14.0, -0.9413526269970955, -0.35264541489438506, 0.0, -0.5040857114756813, -0.9824630962385118, 0.0, 0.01876471516623901];34.95265009999275
[31.286146323103402, 1193.7914289210423, 118.4925141681992];True;False;[0.0, 7.25, 1.4500000000000002, 0.0, 1.0, 6.878354934272155, 0.23345586944384458, 0.5, 19072.388545944286, 4874.884323563339, 10500.0, 0.0, 3.0, 0.0, 0.025, 0.06159954947338305, 0.058647373002904415, 0.0, 0.03394613994126336, 0.841291188528682, 0.0, 0.05, 0.5, 0.5, 0.01674083119705734, 0.4960327752193285, 0.0, 0.016193036864372026, 0.017536903761488226, 0.0, 0.05, 0.5, 0.5, 0.0, 0.0, 0.0, 0.030000000000000002, 0.255, 0.0, 0.0, 1.0];[1.0625768156106776, -1.3870056686313246, -10.53280884959858, 0.4691076699178176, -0.6665441305561555, -10.247649388499273, -13.552641524885289, -14.0, -0.9413526269970955, -0.158708811471318, 0.0, -0.5039672247806715, -0.9824630962385118, 0.0, 0.01038803657516596];44.96444899999915
[31.286146323103402, 1193.7914289210423, 118.4925141681992];True;False;[0.0, 7.25, 1.4500000000000002, 0.0, 1.0, 6.878354934272155, 0.23345586944384458, 0.5, 19072.388545944286, 4874.884323563339, 10500.0, 0.0, 3.0, 0.0, 0.025, 0.06159954947338305, 0.058647373002904415, 0.0, 0.03394613994126336, 0.841291188528682, 0.0, 0.05, 0.5, 0.5, 0.01674083119705734, 0.4960327752193285, 0.0, 0.016193036864372026, 0.017536903761488226, 0.0, 0.05, 0.5, 0.5, 0.0, 0.0, 0.0, 0.030000000000000002, 0.255, 0.0, 0.0, 1.0];[1.0625768156106776, -1.3870056686313246, -10.53280884959858, 0.4691076699178176, -0.6665441305561555, -10.247649388499273, -13.552641524885289, -14.0, -0.9413526269970955, -0.158708811471318, 0.0, -0.5039672247806715, -0.9824630962385118, 0.0, 0.01038803657516596];42.29410929999722
[31.281493996960737, 1193.5938224857628, 118.49355824542099];True;False;[0.0, 7.25, 1.4500000000000002, 0.0, 1.0, 6.878354934272155, 0.23345586944384458, 0.5, 19072.388545944286, 4874.884323563339, 10500.0, 0.0, 3.0, 0.0, 0.025, 0.06159954947338305, 0.058647373002904415, 0.0, 0.03394613994126336, 0.7457115564756783, 0.0, 0.05, 0.5, 0.5, 0.01674083119705734, 0.4960327752193285, 0.0, 0.016193036864372026, 0.017536903761488226, 0.0, 0.05, 0.5, 0.5, 0.0, 0.0, 0.0, 0.030000000000000002, 0.255, 0.0, 0.0, 1.0];[1.0621645349970779, -1.3871044659583653, -10.53280884959858, 0.4693952464983051, -0.6665441305561555, -10.247649388499273, -13.552641524885289, -14.0, -0.9413526269970955, -0.2542884435243217, 0.0, -0.5039672247806715, -0.9824630962385118, 0.0, 0.010425867727329563];32.66023490000225
[31.281580151174268, 1193.597479395048, 118.49353887856441];True;False;[0.0, 7.25, 1.4500000000000002, 0.0, 1.0, 6.878354934272155, 0.23345586944384458, 0.5, 19072.388545944286, 4874.884323563339, 10500.0, 0.0, 3.0, 0.0, 0.025, 0.06159954947338305, 0.058647373002904415, 0.0, 0.03394613994126336, 0.7474821662184417, 0.0, 0.05, 0.5, 0.5, 0.01674083119705734, 0.4960327752193285, 0.0, 0.016193036864372026, 0.017536903761488226, 0.0, 0.05, 0.5, 0.5, 0.0, 0.0, 0.0, 0.030000000000000002, 0.255, 0.0, 0.0, 1.0];[1.062172165017822, -1.3871026375297901, -10.532808849598613, 0.46938991984439693, -0.6665441305561555, -10.247649388499273, -13.552641524885289, -14.0, -0.9413526269970955, -0.25251783378155834, 0.0, -0.5039672247806715, -0.9824630962385118, 0.0, 0.010425167540452196];32.60283250000066
[31.49883763457667, 1193.1592153725244, 118.48664589815169];True;False;[0.0, 7.25, 1.4500000000000002, 0.0, 1.0, 6.716875316657708, 0.23795375011438383, 0.5, 19015.867279523573, 1073.6458667998875, 10500.0, 0.0, 3.0, 0.0, 0.025, 0.06159954947338305, 0.0695977808060382, 0.0, 0.03394613994126336, 0.6438951032969891, 0.0, 0.05, 0.5, 0.5, 0.015965384392125907, 0.633259549387795, 0.0, 0.016193036864372026, 0.4059807642909801, 0.0, 0.05, 0.5, 0.5, 0.0, 0.0, 0.0, 0.030000000000000002, 0.255, 0.0, 0.0, 1.0];[1.070783811896936, -1.3850389758754647, -10.66517083981875, 0.4607399935277732, -0.6620462498856162, -10.362028969354004, -13.551764279622473, -14.0, -0.9304022191939618, -0.35610489670301093, 0.0, -0.36674045061220495, -0.5940192357090199, 0.0, 0.009636122147649862];30.315467100001115
[31.286146323103402, 1193.7914289210423, 118.4925141681992];True;False;[0.0, 7.25, 1.4500000000000002, 0.0, 1.0, 6.878354934272155, 0.23345586944384458, 0.5, 19072.388545944286, 4874.884323563339, 10500.0, 0.0, 3.0, 0.0, 0.025, 0.06159954947338305, 0.058647373002904415, 0.0, 0.03394613994126336, 0.841291188528682, 0.0, 0.05, 0.5, 0.5, 0.01674083119705734, 0.4960327752193285, 0.0, 0.016193036864372026, 0.017536903761488226, 0.0, 0.05, 0.5, 0.5, 0.0, 0.0, 0.0, 0.030000000000000002, 0.255, 0.0, 0.0, 1.0];[1.0625768156106776, -1.3870056686313246, -10.53280884959858, 0.4691076699178176, -0.6665441305561555, -10.247649388499273, -13.552641524885289, -14.0, -0.9413526269970955, -0.158708811471318, 0.0, -0.5039672247806715, -0.9824630962385118, 0.0, 0.01038803657516596];41.721277500000724
[31.49878985708001, 1193.1572253930758, 118.48665702252418];True;False;[0.0, 7.25, 1.4500000000000002, 0.0, 1.0, 6.716875316657708, 0.23795375011438383, 0.5, 19015.867279523573, 1073.6458667998875, 10500.0, 0.0, 3.0, 0.0, 0.025, 0.06159954947338305, 0.0695977808060382, 0.0, 0.03394613994126336, 0.6438951032969891, 0.0, 0.05, 0.5, 0.5, 0.015965384392125907, 0.633259549387795, 0.0, 0.016193036864372026, 0.4039989484574715, 0.0, 0.05, 0.5, 0.5, 0.0, 0.0, 0.0, 0.030000000000000002, 0.255, 0.0, 0.0, 1.0];[1.0707796512301835, -1.3850399729215082, -10.665170839818758, 0.4607429005499173, -0.6620462498856162, -10.362028969354004, -13.551764279622473, -14.0, -0.9304022191939618, -0.35610489670301093, 0.0, -0.36674045061220495, -0.5960010515425285, 0.0, 0.00963650278127881];32.605594100001326
[31.275742978144912, 1193.828954840497, 118.49245884821349];True;False;[0.0, 7.25, 1.4500000000000002, 0.0, 1.0, 6.885342145630718, 0.23795788566763773, 0.5, 19072.388545944286, 4853.630915428182, 10500.0, 0.0, 3.0, 0.0, 0.025, 0.06159954947338305, 0.058647373002904415, 0.0, 0.03394613994126336, 0.7443177679504539, 0.0, 0.05, 0.5, 0.5, 0.01674083119705734, 0.4933522823299499, 0.0, 0.016193036864372026, 0.017536903761488226, 0.0, 0.05, 0.5, 0.5, 0.0, 0.0, 0.0, 0.030000000000000002, 0.255, 0.0, 0.0, 1.0];[1.0622479393445392, -1.387084479264057, -10.524471192393435, 0.4694887327326085, -0.6620421143323623, -10.304279930727244, -13.533698337197286, -14.0, -0.9413526269970955, -0.2556822320495461, 0.0, -0.5066477176700501, -0.9824630962385118, 0.0, 0.01041821403463361];34.0378383999996
[1e+30, 1e+30, 1e+30];False;False;[0.0, 7.25, 1.4500000000000002, 0.0, 1.0, 6.716875316657708, 0.23795375011438383, 0.5, 19015.867279523573, 1229.4052272421413, 10500.0, 0.0, 3.0, 0.0, 0.025, 0.06159954947338305, 0.06924352573457035, 0.0, 0.03394613994126336, 0.6432595206057063, 0.0, 0.05, 0.5, 0.5, 0.015948647624810772, 0.49496509522003695, 0.0, 0.016193036864372026, 0.022520273155835463, 0.0, 0.05, 0.5, 0.5, 0.0, 0.0, 0.0, 0.030000000000000002, 0.255, 0.0, 0.0, 1.0];[1e+30, 1e+30, 1e+30, 1e+30, 1e+30, 1e+30, 1e+30, 1e+30, 1e+30, 1e+30, 1e+30, 1e+30, 1e+30, 1e+30, 1e+30];61.48212040000362
[31.49883763457667, 1193.1592153725244, 118.48664589815169];True;False;[0.0, 7.25, 1.4500000000000002, 0.0, 1.0, 6.716875316657708, 0.23795375011438383, 0.5, 19015.867279523573, 1073.6458667998875, 10500.0, 0.0, 3.0, 0.0, 0.025, 0.06159954947338305, 0.0695977808060382, 0.0, 0.03394613994126336, 0.6438951032969891, 0.0, 0.05, 0.5, 0.5, 0.015965384392125907, 0.633259549387795, 0.0, 0.016193036864372026, 0.4059807642909801, 0.0, 0.05, 0.5, 0.5, 0.0, 0.0, 0.0, 0.030000000000000002, 0.255, 0.0, 0.0, 1.0];[1.070783811896936, -1.3850389758754647, -10.66517083981875, 0.4607399935277732, -0.6620462498856162, -10.362028969354004, -13.551764279622473, -14.0, -0.9304022191939618, -0.35610489670301093, 0.0, -0.36674045061220495, -0.5940192357090199, 0.0, 0.009636122147649862];31.010929600000964
[31.504935777262446, 1192.9292968636842, 118.48767040638964];True;False;[0.0, 7.25, 1.4500000000000002, 0.0, 1.0, 6.709888105299145, 0.23345173389059068, 0.5, 19015.867279523573, 1117.5767702896394, 10500.0, 0.0, 3.0, 0.0, 0.025, 0.06159954947338305, 0.0695977808060382, 0.0, 0.03394613994126336, 0.6452888918222134, 0.0, 0.05, 0.5, 0.5, 0.015965384392125907, 0.6359400422771737, 0.0, 0.016193036864372026, 0.4059807642909801, 0.0, 0.05, 0.5, 0.5, 0.0, 0.0, 0.0, 0.030000000000000002, 0.255, 0.0, 0.0, 1.0];[1.0707204603208798, -1.3850541572014199, -10.6733578621265, 0.46063050620083335, -0.6665482661094093, -10.306153966888758, -13.570492500613277, -14.0, -0.9304022191939618, -0.3547111081777866, 0.0, -0.3640599577228263, -0.5940192357090199, 0.0, 0.009641917852495352];46.15010249999614
[1e+30, 1e+30, 1e+30];False;False;[0.0, 7.25, 1.4500000000000002, 0.0, 1.0, 6.716875316657708, 0.23795375011438383, 0.5, 19015.867279523573, 1073.6458667998875, 10500.0, 0.0, 3.0, 0.0, 0.025, 0.0620545453600368, 0.0695977808060382, 0.0, 0.03394613994126336, 0.6438951032969891, 0.0, 0.05, 0.5, 0.5, 0.015965384392125907, 0.633259549387795, 0.0, 0.016193036864372026, 0.40600067813085816, 0.0, 0.05, 0.5, 0.5, 0.0, 0.0, 0.0, 0.030000000000000002, 0.255, 0.0, 0.0, 1.0];[1e+30, 1e+30, 1e+30, 1e+30, 1e+30, 1e+30, 1e+30, 1e+30, 1e+30, 1e+30, 1e+30, 1e+30, 1e+30, 1e+30, 1e+30];66.3871078000011
[1e+30, 1e+30, 1e+30];False;False;[0.0, 7.25, 1.4500000000000002, 0.0, 1.0, 6.709888105299145, 0.23345173389059068, 0.5, 19015.867279523573, 1117.4184080233856, 10500.0, 0.0, 3.0, 0.0, 0.025, 0.06159954947338305, 0.0695977808060382, 0.0, 0.03394613994126336, 0.6452658537962463, 0.0, 0.05, 0.5, 0.5, 0.015965384392125907, 0.6359831697720847, 0.0, 0.014257292372496535, 0.4059807642909801, 0.0, 0.05, 0.5, 0.5, 0.0, 0.0, 0.0, 0.030000000000000002, 0.255, 0.0, 0.0, 1.0];[1e+30, 1e+30, 1e+30, 1e+30, 1e+30, 1e+30, 1e+30, 1e+30, 1e+30, 1e+30, 1e+30, 1e+30, 1e+30, 1e+30, 1e+30];74.20856620000268
[31.504938871557524, 1192.9293068902575, 118.4876703037916];True;False;[0.0, 7.25, 1.4500000000000002, 0.0, 1.0, 6.7098855840164315, 0.23345173389059068, 0.5, 19015.867279523573, 1117.2580244592216, 10500.0, 0.0, 3.0, 0.0, 0.025, 0.06159954947338305, 0.0695977808060382, 0.0, 0.03394613994126336, 0.6452888918222134, 0.0, 0.05, 0.5, 0.5, 0.015965384392125907, 0.6359400422771737, 0.0, 0.016193036864372026, 0.4059807642909801, 0.0, 0.05, 0.5, 0.5, 0.0, 0.0, 0.0, 0.030000000000000002, 0.255, 0.0, 0.0, 1.0];[1.0707206319800866, -1.3850541160656709, -10.673359953269458, 0.4606303775854117, -0.6665482661094093, -10.306154848759945, -13.570492769186524, -14.0, -0.9304022191939618, -0.3547111081777866, 0.0, -0.3640599577228263, -0.5940192357090199, 0.0, 0.009641902148111559];47.69724509999651
[31.49878903660308, 1193.157165107238, 118.48665679752557];True;False;[0.0, 7.25, 1.4500000000000002, 0.0, 1.0, 6.716875316657708, 0.23795375011438383, 0.5, 19015.867279523573, 1073.6458667998875, 10500.0, 0.0, 3.0, 0.0, 0.025, 0.06159954947338305, 0.0695977808060382, 0.0, 0.03394613994126336, 0.6438951032969891, 0.0, 0.05, 0.5, 0.5, 0.015965384392125907, 0.633259549387795, 0.0, 0.016193036864372026, 0.4039288233382717, 0.0, 0.05, 0.5, 0.5, 0.0, 0.0, 0.0, 0.030000000000000002, 0.255, 0.0, 0.0, 1.0];[1.070779525183955, -1.3850400031267363, -10.66517083981876, 0.4607429504939078, -0.6620462498856162, -10.362028969354004, -13.551764279622473, -14.0, -0.9304022191939618, -0.35610489670301093, 0.0, -0.36674045061220495, -0.5960711766617284, 0.0, 0.009636514312475697];32.77026340000157
[31.507482597147536, 1193.1468055033552, 118.48615958980548];True;False;[0.0, 7.25, 1.4500000000000002, 0.0, 1.0, 6.709922319361879, 0.23802867991498675, 0.5, 19937.740907908716, 1073.6458667998875, 10500.0, 0.0, 3.0, 0.0, 0.025, 0.06159954947338305, 0.0695977808060382, 0.0, 0.03394613994126336, 0.6438951032969891, 0.0, 0.05, 0.5, 0.5, 0.015965384392125907, 0.6359280232478569, 0.0, 0.016193036864372026, 0.4039989484574715, 0.0, 0.05, 0.5, 0.5, 0.0, 0.0, 0.0, 0.030000000000000002, 0.255, 0.0, 0.0, 1.0];[1.0711732471429034, -1.3849456531237108, -10.670903392811425, 0.4603769119964112, -0.6619713200850132, -10.365387648066042, -13.552214983727405, -14.0, -0.9304022191939618, -0.35610489670301093, 0.0, -0.3640719767521431, -0.5960010515425285, 0.0, 0.009600497646353512];33.0326544999989
[31.499119423505423, 1193.1563927602238, 118.48664091522151];True;False;[0.0, 7.25, 1.4500000000000002, 0.0, 1.0, 6.716604607326521, 0.23795271153162256, 0.5, 19015.867279523573, 1073.6458667998875, 10500.0, 0.0, 3.0, 0.0, 0.025, 0.06159954947338305, 0.0695977808060382, 0.0, 0.03394613994126336, 0.6438951032969891, 0.0, 0.05, 0.5, 0.5, 0.015965384392125907, 0.633259549387795, 0.0, 0.016193036864372026, 0.4039288233382717, 0.0, 0.05, 0.5, 0.5, 0.0, 0.0, 0.0, 0.030000000000000002, 0.255, 0.0, 0.0, 1.0];[1.0707940748074778, -1.385036516511392, -10.665396146484184, 0.4607292672223824, -0.6620472884683775, -10.362109150234128, -13.55179761126427, -14.0, -0.9304022191939618, -0.35610489670301093, 0.0, -0.36674045061220495, -0.5960711766617284, 0.0, 0.00963518325996926];32.27510250000341
[1e+30, 1e+30, 1e+30];False;False;[0.0, 7.25, 1.4500000000000002, 0.0, 1.0, 6.716709808144094, 0.23321059236051198, 0.5, 19015.867279523573, 1116.2394183305369, 10500.0, 0.0, 3.0, 0.0, 0.025, 0.06159954947338305, 0.0695977808060382, 0.0, 0.03394613994126336, 0.6453002062144175, 0.0, 0.05, 0.5, 0.5, 0.015965384392125907, 0.63593687099319, 0.0, 0.016193036864372026, 0.4059807642909801, 0.0, 0.05, 0.5, 0.5, 0.0, 0.0, 0.0, 0.030000000000000002, 0.255, 0.0, 0.0, 1.0];[1e+30, 1e+30, 1e+30, 1e+30, 1e+30, 1e+30, 1e+30, 1e+30, 1e+30, 1e+30, 1e+30, 1e+30, 1e+30, 1e+30, 1e+30];59.52166670000588
[31.504938871557524, 1192.9293068902575, 118.4876703037916];True;False;[0.0, 7.25, 1.4500000000000002, 0.0, 1.0, 6.7098855840164315, 0.23345173389059068, 0.5, 19015.867279523573, 1117.2580244592216, 10500.0, 0.0, 3.0, 0.0, 0.025, 0.06159954947338305, 0.0695977808060382, 0.0, 0.03394613994126336, 0.6452888918222134, 0.0, 0.05, 0.5, 0.5, 0.015965384392125907, 0.6359400422771737, 0.0, 0.016193036864372026, 0.4059807642909801, 0.0, 0.05, 0.5, 0.5, 0.0, 0.0, 0.0, 0.030000000000000002, 0.255, 0.0, 0.0, 1.0];[1.0707206319800866, -1.3850541160656709, -10.673359953269458, 0.4606303775854117, -0.6665482661094093, -10.306154848759945, -13.570492769186524, -14.0, -0.9304022191939618, -0.3547111081777866, 0.0, -0.3640599577228263, -0.5940192357090199, 0.0, 0.009641902148111559];44.93818420000025
[31.507035003881803, 1193.1428747856025, 118.48621822996303];True;False;[0.0, 7.25, 1.4500000000000002, 0.0, 1.0, 6.710243998467921, 0.23791044357715727, 0.5, 19015.867279523573, 1073.6458667998875, 10500.0, 0.0, 3.0, 0.0, 0.025, 0.06159954947338305, 0.0695977808060382, 0.0, 0.03394613994126336, 0.6452957799685958, 0.0, 0.05, 0.5, 0.5, 0.015965384392125907, 0.633259549387795, 0.0, 0.016193036864372026, 0.4059953319557548, 0.0, 0.05, 0.5, 0.5, 0.0, 0.0, 0.0, 0.030000000000000002, 0.255, 0.0, 0.0, 1.0];[1.0711458008621406, -1.3849522302439714, -10.670698047092511, 0.46039901001217687, -0.6620895564228427, -10.363765356126454, -13.552652202939075, -14.0, -0.9304022191939618, -0.3547042200314042, 0.0, -0.36674045061220495, -0.5940046680442452, 0.0, 0.009603008196038654];31.85394699999597
[31.507124412925187, 1193.1472835418451, 118.48619499517545];True;False;[0.0, 7.25, 1.4500000000000002, 0.0, 1.0, 6.710193028693065, 0.238029718497748, 0.5, 19937.740907908716, 1073.6458667998875, 10500.0, 0.0, 3.0, 0.0, 0.025, 0.06159954947338305, 0.0695977808060382, 0.0, 0.03394613994126336, 0.6438951032969891, 0.0, 0.05, 0.5, 0.5, 0.015965384392125907, 0.6359280232478569, 0.0, 0.016193036864372026, 0.4039989484574715, 0.0, 0.05, 0.5, 0.5, 0.0, 0.0, 0.0, 0.030000000000000002, 0.255, 0.0, 0.0, 1.0];[1.0711580659764035, -1.384949291079561, -10.670678189762317, 0.46039227114416037, -0.661970281502252, -10.365307427941069, -13.552181633546386, -14.0, -0.9304022191939618, -0.35610489670301093, 0.0, -0.3640719767521431, -0.5960010515425285, 0.0, 0.009601886285825367];32.24215869999898
[31.504935777262446, 1192.9292968636842, 118.48767040638964];True;False;[0.0, 7.25, 1.4500000000000002, 0.0, 1.0, 6.709888105299145, 0.23345173389059068, 0.5, 19015.867279523573, 1117.5767702896394, 10500.0, 0.0, 3.0, 0.0, 0.025, 0.06159954947338305, 0.0695977808060382, 0.0, 0.03394613994126336, 0.6452888918222134, 0.0, 0.05, 0.5, 0.5, 0.015965384392125907, 0.6359400422771737, 0.0, 0.016193036864372026, 0.4059807642909801, 0.0, 0.05, 0.5, 0.5, 0.0, 0.0, 0.0, 0.030000000000000002, 0.255, 0.0, 0.0, 1.0];[1.0707204603208798, -1.3850541572014199, -10.6733578621265, 0.46063050620083335, -0.6665482661094093, -10.306153966888758, -13.570492500613277, -14.0, -0.9304022191939618, -0.3547111081777866, 0.0, -0.3640599577228263, -0.5940192357090199, 0.0, 0.009641917852495352];46.96244980000483
[31.50714097665689, 1193.151247938112, 118.48615719338295];True;False;[0.0, 7.25, 1.4500000000000002, 0.0, 1.0, 6.710243998467921, 0.2380849628954256, 0.5, 19015.867279523573, 1073.6458667998875, 10500.0, 0.0, 3.0, 0.0, 0.025, 0.06159954947338305, 0.0695977808060382, 0.0, 0.03394613994126336, 0.645288969341024, 0.0, 0.05, 0.5, 0.5, 0.015965384392125907, 0.633259549387795, 0.0, 0.016193036864372026, 0.40598085796655986, 0.0, 0.05, 0.5, 0.5, 0.0, 0.0, 0.0, 0.030000000000000002, 0.255, 0.0, 0.0, 1.0];[1.0711633089788801, -1.3849480346667842, -10.670607119028755, 0.46038889945356254, -0.6619150371045744, -10.365995564344491, -13.551955637582656, -14.0, -0.9304022191939618, -0.354711030658976, 0.0, -0.36674045061220495, -0.5940191420334402, 0.0, 0.009601406701256532];30.700536300006206
[26.45397567274453, 1280.2784113791652, 118.27742766274375];True;False;[0.0, 7.25, 1.4500000000000002, 0.0, 1.0, 14.311464048898163, 0.23421688399517684, 0.5, 10124.862030213379, 1498.177543756875, 10500.0, 0.0, 3.0, 0.0, 0.025, 0.0617051477885423, 0.06957612670973516, 0.0, 0.02977719330212086, 0.6807878977270472, 0.0, 0.05, 0.5, 0.5, 0.02933239070774705, 0.5009473578889005, 0.0, 0.015826863633416528, 0.1715928371069777, 0.0, 0.05, 0.5, 0.5, 0.0, 0.0, 0.0, 0.030000000000000002, 0.255, 0.0, 0.0, 1.0];[0.9375937238560574, -1.41695613194147, -2.7112259842450364, 0.6614544755626228, -0.6657831160048232, -8.15953183706021, -12.907823893336037, -14.0, -0.9304238732902649, -0.3192121022729528, 0.0, -0.49905264211109945, -0.8284071628930223, 0.0, 0.02211930559695008];23.20015080000303
[1e+30, 1e+30, 1e+30];False;False;[0.0, 7.25, 1.4500000000000002, 0.0, 1.0, 6.709888105299145, 0.23327721457232234, 0.5, 19015.867279523573, 1117.5767702896394, 10500.0, 0.0, 3.0, 0.0, 0.025, 0.06159954947338305, 0.0695977808060382, 0.0, 0.03394613994126336, 0.6452957024497852, 0.0, 0.05, 0.5, 0.5, 0.015965384392125907, 0.6359400422771737, 0.0, 0.016193036864372026, 0.4059952382801751, 0.0, 0.05, 0.5, 0.5, 0.0, 0.0, 0.0, 0.030000000000000002, 0.255, 0.0, 0.0, 1.0];[1e+30, 1e+30, 1e+30, 1e+30, 1e+30, 1e+30, 1e+30, 1e+30, 1e+30, 1e+30, 1e+30, 1e+30, 1e+30, 1e+30, 1e+30];72.60778180000489
[31.504461698595023, 1192.9090028581181, 118.48777568908118];True;False;[0.0, 7.25, 1.4500000000000002, 0.0, 1.0, 6.7098855840164315, 0.23345173389059068, 0.5, 19015.867279523573, 1117.2580244592216, 10500.0, 0.0, 3.0, 0.0, 0.025, 0.06159954947338305, 0.0695977808060382, 0.0, 0.03394613994126336, 0.6452888918222134, 0.0, 0.05, 0.5, 0.5, 0.015965384392125907, 0.6359400422771737, 0.0, 0.016193036864372026, 0.3856902376068429, 0.0, 0.05, 0.5, 0.5, 0.0, 0.0, 0.0, 0.030000000000000002, 0.255, 0.0, 0.0, 1.0];[1.070678171893551, -1.385064291036106, -10.67335995326947, 0.46065940226860747, -0.6665482661094093, -10.306154848759945, -13.570492769186524, -14.0, -0.9304022191939618, -0.3547111081777866, 0.0, -0.3640599577228263, -0.614309762393157, 0.0, 0.00964578667322502];40.682451100001344
[31.507613942166785, 1193.1495386784627, 118.48614762036341];True;False;[0.0, 7.25, 1.4500000000000002, 0.0, 1.0, 6.709888105299145, 0.23798428216427642, 0.5, 19061.45155665987, 1117.5767702896394, 10500.0, 0.0, 3.0, 0.0, 0.025, 0.06159954947338305, 0.0695977808060382, 0.0, 0.03394613994126336, 0.6452888918222134, 0.0, 0.05, 0.5, 0.5, 0.015965384392125907, 0.6359400422771737, 0.0, 0.016193036864372026, 0.4060956035251056, 0.0, 0.05, 0.5, 0.5, 0.0, 0.0, 0.0, 0.030000000000000002, 0.255, 0.0, 0.0, 1.0];[1.0711810072629966, -1.3849437935186328, -10.670954915699152, 0.4603706669792258, -0.6620157178357235, -10.364832141855263, -13.55239587634161, -14.0, -0.9304022191939618, -0.3547111081777866, 0.0, -0.3640599577228263, -0.5939043964748945, 0.0, 0.009599787821802042];30.16679650000151
[1e+30, 1e+30, 1e+30];False;False;[0.0, 7.25, 1.4500000000000002, 0.0, 1.0, 4.782856287470933, 0.23345173389059068, 0.5, 19314.959440830957, 1117.2580244592216, 10500.0, 0.0, 3.0, 0.0, 0.025, 0.06159954947338305, 0.0695977808060382, 0.0, 0.03394613994126336, 0.6452888918222134, 0.0, 0.05, 0.5, 0.5, 0.015965384392125907, 0.6359400422771737, 0.0, 0.016193036864372026, 0.31704919747071897, 0.0, 0.05, 0.5, 0.5, 0.0, 0.0, 0.0, 0.030000000000000002, 0.255, 0.0, 0.0, 1.0];[1e+30, 1e+30, 1e+30, 1e+30, 1e+30, 1e+30, 1e+30, 1e+30, 1e+30, 1e+30, 1e+30, 1e+30, 1e+30, 1e+30, 1e+30];69.49439559999882
[31.504461698595023, 1192.9090028581181, 118.48777568908118];True;False;[0.0, 7.25, 1.4500000000000002, 0.0, 1.0, 6.7098855840164315, 0.23345173389059068, 0.5, 19015.867279523573, 1117.2580244592216, 10500.0, 0.0, 3.0, 0.0, 0.025, 0.06159954947338305, 0.0695977808060382, 0.0, 0.03394613994126336, 0.6452888918222134, 0.0, 0.05, 0.5, 0.5, 0.015965384392125907, 0.6359400422771737, 0.0, 0.016193036864372026, 0.3856902376068429, 0.0, 0.05, 0.5, 0.5, 0.0, 0.0, 0.0, 0.030000000000000002, 0.255, 0.0, 0.0, 1.0];[1.070678171893551, -1.385064291036106, -10.67335995326947, 0.46065940226860747, -0.6665482661094093, -10.306154848759945, -13.570492769186524, -14.0, -0.9304022191939618, -0.3547111081777866, 0.0, -0.3640599577228263, -0.614309762393157, 0.0, 0.00964578667322502];39.98324750000029
[1e+30, 1e+30, 1e+30];False;False;[0.0, 7.25, 1.4500000000000002, 0.0, 1.0, 6.709922319361879, 0.233496131641301, 0.5, 19891.453524628683, 1073.6458667998875, 10500.0, 0.0, 3.0, 0.0, 0.025, 0.06159954947338305, 0.0695977808060382, 0.0, 0.04381629216374526, 0.6438951032969891, 0.0, 0.05, 0.5, 0.5, 0.015965384392125907, 0.6359280232478569, 0.0, 0.016193036864372026, 0.403884109223346, 0.0, 0.05, 0.5, 0.5, 0.0, 0.0, 0.0, 0.030000000000000002, 0.255, 0.0, 0.0, 1.0];[1e+30, 1e+30, 1e+30, 1e+30, 1e+30, 1e+30, 1e+30, 1e+30, 1e+30, 1e+30, 1e+30, 1e+30, 1e+30, 1e+30, 1e+30];59.32684259999951
[31.504461698595023, 1192.9090028581181, 118.48777568908118];True;False;[0.0, 7.25, 1.4500000000000002, 0.0, 1.0, 6.7098855840164315, 0.23345173389059068, 0.5, 19015.867279523573, 1117.2580244592216, 10500.0, 0.0, 3.0, 0.0, 0.025, 0.06159954947338305, 0.0695977808060382, 0.0, 0.03394613994126336, 0.6452888918222134, 0.0, 0.05, 0.5, 0.5, 0.015965384392125907, 0.6359400422771737, 0.0, 0.016193036864372026, 0.3856902376068429, 0.0, 0.05, 0.5, 0.5, 0.0, 0.0, 0.0, 0.030000000000000002, 0.255, 0.0, 0.0, 1.0];[1.070678171893551, -1.385064291036106, -10.67335995326947, 0.46065940226860747, -0.6665482661094093, -10.306154848759945, -13.570492769186524, -14.0, -0.9304022191939618, -0.3547111081777866, 0.0, -0.3640599577228263, -0.614309762393157, 0.0, 0.00964578667322502];40.834103400004096
[31.504461698595023, 1192.9090028581181, 118.48777568908118];True;False;[0.0, 7.25, 1.4500000000000002, 0.0, 1.0, 6.7098855840164315, 0.23345173389059068, 0.5, 19015.867279523573, 1117.2580244592216, 10500.0, 0.0, 3.0, 0.0, 0.025, 0.06159954947338305, 0.0695977808060382, 0.0, 0.03394613994126336, 0.6452888918222134, 0.0, 0.05, 0.5, 0.5, 0.015965384392125907, 0.6359400422771737, 0.0, 0.016193036864372026, 0.3856902376068429, 0.0, 0.05, 0.5, 0.5, 0.0, 0.0, 0.0, 0.030000000000000002, 0.255, 0.0, 0.0, 1.0];[1.070678171893551, -1.385064291036106, -10.67335995326947, 0.46065940226860747, -0.6665482661094093, -10.306154848759945, -13.570492769186524, -14.0, -0.9304022191939618, -0.3547111081777866, 0.0, -0.3640599577228263, -0.614309762393157, 0.0, 0.00964578667322502];42.11408140000276
[31.504461698595023, 1192.9090028581181, 118.48777568908118];True;False;[0.0, 7.25, 1.4500000000000002, 0.0, 1.0, 6.7098855840164315, 0.23345173389059068, 0.5, 19015.867279523573, 1117.2580244592216, 10500.0, 0.0, 3.0, 0.0, 0.025, 0.06159954947338305, 0.0695977808060382, 0.0, 0.03394613994126336, 0.6452888918222134, 0.0, 0.05, 0.5, 0.5, 0.015965384392125907, 0.6359400422771737, 0.0, 0.016193036864372026, 0.3856902376068429, 0.0, 0.05, 0.5, 0.5, 0.0, 0.0, 0.0, 0.030000000000000002, 0.255, 0.0, 0.0, 1.0];[1.070678171893551, -1.385064291036106, -10.67335995326947, 0.46065940226860747, -0.6665482661094093, -10.306154848759945, -13.570492769186524, -14.0, -0.9304022191939618, -0.3547111081777866, 0.0, -0.3640599577228263, -0.614309762393157, 0.0, 0.00964578667322502];39.61315040000045
[31.504461698595023, 1192.9090028581181, 118.48777568908118];True;False;[0.0, 7.25, 1.4500000000000002, 0.0, 1.0, 6.7098855840164315, 0.23345173389059068, 0.5, 19015.867279523573, 1117.2580244592216, 10500.0, 0.0, 3.0, 0.0, 0.025, 0.06159954947338305, 0.0695977808060382, 0.0, 0.03394613994126336, 0.6452888918222134, 0.0, 0.05, 0.5, 0.5, 0.015965384392125907, 0.6359400422771737, 0.0, 0.016193036864372026, 0.3856902376068429, 0.0, 0.05, 0.5, 0.5, 0.0, 0.0, 0.0, 0.030000000000000002, 0.255, 0.0, 0.0, 1.0];[1.070678171893551, -1.385064291036106, -10.67335995326947, 0.46065940226860747, -0.6665482661094093, -10.306154848759945, -13.570492769186524, -14.0, -0.9304022191939618, -0.3547111081777866, 0.0, -0.3640599577228263, -0.614309762393157, 0.0, 0.00964578667322502];40.3467965000018
[31.504461698595023, 1192.9090028581181, 118.48777568908118];True;False;[0.0, 7.25, 1.4500000000000002, 0.0, 1.0, 6.7098855840164315, 0.23345173389059068, 0.5, 19015.867279523573, 1117.2580244592216, 10500.0, 0.0, 3.0, 0.0, 0.025, 0.06159954947338305, 0.0695977808060382, 0.0, 0.03394613994126336, 0.6452888918222134, 0.0, 0.05, 0.5, 0.5, 0.015965384392125907, 0.6359400422771737, 0.0, 0.016193036864372026, 0.3856902376068429, 0.0, 0.05, 0.5, 0.5, 0.0, 0.0, 0.0, 0.030000000000000002, 0.255, 0.0, 0.0, 1.0];[1.070678171893551, -1.385064291036106, -10.67335995326947, 0.46065940226860747, -0.6665482661094093, -10.306154848759945, -13.570492769186524, -14.0, -0.9304022191939618, -0.3547111081777866, 0.0, -0.3640599577228263, -0.614309762393157, 0.0, 0.00964578667322502];40.57866730000387
[31.504461698595023, 1192.9090028581181, 118.48777568908118];True;False;[0.0, 7.25, 1.4500000000000002, 0.0, 1.0, 6.7098855840164315, 0.23345173389059068, 0.5, 19015.867279523573, 1117.2580244592216, 10500.0, 0.0, 3.0, 0.0, 0.025, 0.06159954947338305, 0.0695977808060382, 0.0, 0.03394613994126336, 0.6452888918222134, 0.0, 0.05, 0.5, 0.5, 0.015965384392125907, 0.6359400422771737, 0.0, 0.016193036864372026, 0.3856902376068429, 0.0, 0.05, 0.5, 0.5, 0.0, 0.0, 0.0, 0.030000000000000002, 0.255, 0.0, 0.0, 1.0];[1.070678171893551, -1.385064291036106, -10.67335995326947, 0.46065940226860747, -0.6665482661094093, -10.306154848759945, -13.570492769186524, -14.0, -0.9304022191939618, -0.3547111081777866, 0.0, -0.3640599577228263, -0.614309762393157, 0.0, 0.00964578667322502];41.41730620000453
[31.504461698595023, 1192.9090028581181, 118.48777568908118];True;False;[0.0, 7.25, 1.4500000000000002, 0.0, 1.0, 6.7098855840164315, 0.23345173389059068, 0.5, 19015.867279523573, 1117.2580244592216, 10500.0, 0.0, 3.0, 0.0, 0.025, 0.06159954947338305, 0.0695977808060382, 0.0, 0.03394613994126336, 0.6452888918222134, 0.0, 0.05, 0.5, 0.5, 0.015965384392125907, 0.6359400422771737, 0.0, 0.016193036864372026, 0.3856902376068429, 0.0, 0.05, 0.5, 0.5, 0.0, 0.0, 0.0, 0.030000000000000002, 0.255, 0.0, 0.0, 1.0];[1.070678171893551, -1.385064291036106, -10.67335995326947, 0.46065940226860747, -0.6665482661094093, -10.306154848759945, -13.570492769186524, -14.0, -0.9304022191939618, -0.3547111081777866, 0.0, -0.3640599577228263, -0.614309762393157, 0.0, 0.00964578667322502];40.96206659999734
[31.504461698595023, 1192.9090028581181, 118.48777568908118];True;False;[0.0, 7.25, 1.4500000000000002, 0.0, 1.0, 6.7098855840164315, 0.23345173389059068, 0.5, 19015.867279523573, 1117.2580244592216, 10500.0, 0.0, 3.0, 0.0, 0.025, 0.06159954947338305, 0.0695977808060382, 0.0, 0.03394613994126336, 0.6452888918222134, 0.0, 0.05, 0.5, 0.5, 0.015965384392125907, 0.6359400422771737, 0.0, 0.016193036864372026, 0.3856902376068429, 0.0, 0.05, 0.5, 0.5, 0.0, 0.0, 0.0, 0.030000000000000002, 0.255, 0.0, 0.0, 1.0];[1.070678171893551, -1.385064291036106, -10.67335995326947, 0.46065940226860747, -0.6665482661094093, -10.306154848759945, -13.570492769186524, -14.0, -0.9304022191939618, -0.3547111081777866, 0.0, -0.3640599577228263, -0.614309762393157, 0.0, 0.00964578667322502];41.101482700003544
[31.504461698595023, 1192.9090028581181, 118.48777568908118];True;False;[0.0, 7.25, 1.4500000000000002, 0.0, 1.0, 6.7098855840164315, 0.23345173389059068, 0.5, 19015.867279523573, 1117.2580244592216, 10500.0, 0.0, 3.0, 0.0, 0.025, 0.06159954947338305, 0.0695977808060382, 0.0, 0.03394613994126336, 0.6452888918222134, 0.0, 0.05, 0.5, 0.5, 0.015965384392125907, 0.6359400422771737, 0.0, 0.016193036864372026, 0.3856902376068429, 0.0, 0.05, 0.5, 0.5, 0.0, 0.0, 0.0, 0.030000000000000002, 0.255, 0.0, 0.0, 1.0];[1.070678171893551, -1.385064291036106, -10.67335995326947, 0.46065940226860747, -0.6665482661094093, -10.306154848759945, -13.570492769186524, -14.0, -0.9304022191939618, -0.3547111081777866, 0.0, -0.3640599577228263, -0.614309762393157, 0.0, 0.00964578667322502];40.10958270000265
[31.504461698595023, 1192.9090028581181, 118.48777568908118];True;False;[0.0, 7.25, 1.4500000000000002, 0.0, 1.0, 6.7098855840164315, 0.23345173389059068, 0.5, 19015.867279523573, 1117.2580244592216, 10500.0, 0.0, 3.0, 0.0, 0.025, 0.06159954947338305, 0.0695977808060382, 0.0, 0.03394613994126336, 0.6452888918222134, 0.0, 0.05, 0.5, 0.5, 0.015965384392125907, 0.6359400422771737, 0.0, 0.016193036864372026, 0.3856902376068429, 0.0, 0.05, 0.5, 0.5, 0.0, 0.0, 0.0, 0.030000000000000002, 0.255, 0.0, 0.0, 1.0];[1.070678171893551, -1.385064291036106, -10.67335995326947, 0.46065940226860747, -0.6665482661094093, -10.306154848759945, -13.570492769186524, -14.0, -0.9304022191939618, -0.3547111081777866, 0.0, -0.3640599577228263, -0.614309762393157, 0.0, 0.00964578667322502];41.431970400000864
[31.505472582358152, 1192.9517604679345, 118.4875500146195];True;False;[0.0, 7.25, 1.4500000000000002, 0.0, 1.0, 6.7098855840164315, 0.23345173389059068, 0.5, 19015.867279523573, 1117.2580244592216, 10500.0, 0.0, 3.0, 0.0, 0.025, 0.06159954947338305, 0.0695977808060382, 0.0, 0.03394613994126336, 0.6452888918222134, 0.0, 0.05, 0.5, 0.5, 0.015965384392125907, 0.6649331508927993, 0.0, 0.016193036864372026, 0.3856902376068429, 0.0, 0.05, 0.5, 0.5, 0.0, 0.0, 0.0, 0.030000000000000002, 0.255, 0.0, 0.0, 1.0];[1.0707675867575892, -1.38504286400492, -10.6733599532695, 0.4605979153564763, -0.6665482661094093, -10.306154848759945, -13.570492769186524, -14.0, -0.9304022191939618, -0.3547111081777866, 0.0, -0.33506684910720075, -0.614309762393157, 0.0, 0.009637606488355877];60.057311099997605
[1e+30, 1e+30, 1e+30];False;False;[0.0, 7.25, 1.4500000000000002, 0.0, 1.0, 6.7098855840164315, 0.23345173389059068, 0.5, 19015.867279523573, 1117.2580244592216, 10500.0, 0.0, 3.0, 0.0, 0.025, 0.06159954947338305, 0.06673420783293352, 0.0, 0.03394613994126336, 0.6452888918222134, 0.0, 0.05, 0.5, 0.5, 0.015965384392125907, 0.6359400422771737, 0.0, 0.016193036864372026, 0.3856902376068429, 0.0, 0.05, 0.5, 0.5, 0.0, 0.0, 0.0, 0.030000000000000002, 0.255, 0.0, 0.0, 1.0];[1e+30, 1e+30, 1e+30, 1e+30, 1e+30, 1e+30, 1e+30, 1e+30, 1e+30, 1e+30, 1e+30, 1e+30, 1e+30, 1e+30, 1e+30];80.21818569999596
[27.4305706713141, 1111.589067945862, 118.85316933971491];True;False;[0.0, 7.25, 1.4500000000000002, 0.0, 0.0, 14.26785219069085, 0.5, 0.5, 10043.632493845296, 10500.0, 10500.0, 0.0, 3.0, 0.0, 0.025, 0.05333401995060051, 0.0, 0.0, 0.05, 0.5, 0.5, 0.05, 0.5, 0.5, 0.01593013699507239, 0.0, 0.0, 0.05, 0.5, 0.5, 0.05, 0.5, 0.5, 0.0, 0.0, 0.0, 0.030000000000000002, 0.255, 0.0, 0.0, 0.0];[0.3390803112470424, -1.4734542028841116, -3.446435347338168, 0.6953437872002943, -0.4, -0.7321478093091507, -14.0, -14.0, -1.0, 0.0, 0.0, -1.0, 0.0, 0.0, 0.033360675735214285];10.001033400003507
[1e+30, 1e+30, 1e+30];False;False;[0.0, 7.25, 1.4500000000000002, 0.0, 1.0, 6.7098855840164315, 0.5494265695128124, 0.5, 19015.867279523573, 1117.2580244592216, 10500.0, 0.0, 3.0, 0.0, 0.025, 0.06145798347380012, 0.0695977808060382, 0.0, 0.03394613994126336, 0.646339458030619, 0.0, 0.05, 0.5, 0.5, 0.029367638104802023, 0.6359400422771737, 0.0, 0.01564281989117877, 0.3856902376068429, 0.0, 0.05, 0.5, 0.5, 0.0, 0.0, 0.0, 0.030000000000000002, 0.255, 0.0, 0.0, 1.0];[1e+30, 1e+30, 1e+30, 1e+30, 1e+30, 1e+30, 1e+30, 1e+30, 1e+30, 1e+30, 1e+30, 1e+30, 1e+30, 1e+30, 1e+30];67.10955200000171
[1e+30, 1e+30, 1e+30];False;False;[0.0, 7.25, 1.4500000000000002, 0.0, 1.0, 6.7098855840164315, 0.23345173389059068, 0.5, 19015.867279523573, 1117.2580244592216, 10500.0, 0.0, 3.0, 0.0, 0.025, 0.06159954947338305, 0.0695977808060382, 0.0, 0.04631328588919684, 0.6452888918222134, 0.0, 0.05, 0.5, 0.5, 0.015965384392125907, 0.6359400422771737, 0.0, 0.016193036864372026, 0.3856902376068429, 0.0, 0.05, 0.5, 0.5, 0.0, 0.0, 0.0, 0.030000000000000002, 0.255, 0.0, 0.0, 1.0];[1e+30, 1e+30, 1e+30, 1e+30, 1e+30, 1e+30, 1e+30, 1e+30, 1e+30, 1e+30, 1e+30, 1e+30, 1e+30, 1e+30, 1e+30];59.47917620000226
[1e+30, 1e+30, 1e+30];False;False;[0.0, 7.25, 1.4500000000000002, 0.0, 1.0, 6.7098855840164315, 0.23345173389059068, 0.5, 19015.867279523573, 1117.2580244592216, 10500.0, 0.0, 3.0, 0.0, 0.025, 0.06159954947338305, 0.0695977808060382, 0.0, 0.03601614855268597, 0.6452888918222134, 0.0, 0.05, 0.5, 0.5, 0.015965384392125907, 0.6359400422771737, 0.0, 0.016193036864372026, 0.3856902376068429, 0.0, 0.05, 0.5, 0.5, 0.0, 0.0, 0.0, 0.030000000000000002, 0.255, 0.0, 0.0, 1.0];[1e+30, 1e+30, 1e+30, 1e+30, 1e+30, 1e+30, 1e+30, 1e+30, 1e+30, 1e+30, 1e+30, 1e+30, 1e+30, 1e+30, 1e+30];67.3051348999943
[27.4305706713141, 1111.5890679458644, 118.8531693397149];True;False;[0.0, 7.25, 1.4500000000000002, 0.0, 0.0, 14.26785219069085, 0.5, 0.5, 10622.751912333933, 10500.0, 10500.0, 0.0, 3.0, 0.0, 0.025, 0.05333401995060051, 0.0, 0.0, 0.05, 0.5, 0.5, 0.05, 0.5, 0.5, 0.01593013699507239, 0.0, 0.0, 0.05, 0.5, 0.5, 0.05, 0.5, 0.5, 0.0, 0.0, 0.0, 0.030000000000000002, 0.255, 0.0, 0.0, 0.0];[0.33908031124704685, -1.4734542028841102, -3.446435347337987, 0.6953437872002872, -0.4, -0.7321478093091507, -14.0, -14.0, -1.0, 0.0, 0.0, -1.0, 0.0, 0.0, 0.03336067573521373];9.385267900004692
[26.522771514777286, 1270.497077401006, 118.36402200543579];True;False;[0.0, 7.25, 1.4500000000000002, 0.0, 1.0, 14.376063411523054, 0.23345173389059068, 0.5, 9977.705981618219, 1117.2580244592216, 10500.0, 0.0, 3.0, 0.0, 0.025, 0.06159954947338305, 0.06952173269795667, 0.0, 0.03394613994126336, 0.6794755327574602, 0.0, 0.05, 0.5, 0.5, 0.015965384392125907, 0.4895316656512595, 0.0, 0.014399088755116257, 0.1783213388328112, 0.0, 0.05, 0.5, 0.5, 0.0, 0.0, 0.0, 0.030000000000000002, 0.255, 0.0, 0.0, 1.0];[0.9172170421589563, -1.42183912090409, -2.630645515301035, 0.6705837084853288, -0.6665482661094093, -8.129454963726461, -12.90758035416061, -14.0, -0.9304782673020433, -0.3205244672425398, 0.0, -0.5104683343487405, -0.8216786611671888, 0.0, 0.024083239996341987];21.34073239999998
[27.92176228027322, 1099.4882750326415, 118.90080858418564];True;False;[0.0, 7.25, 1.4500000000000002, 0.0, 0.0, 13.082887485365543, 0.5, 0.5, 10043.632493845296, 10500.0, 10500.0, 0.0, 3.0, 0.0, 0.025, 0.05319462777226414, 0.0, 0.0, 0.05, 0.5, 0.5, 0.05, 0.5, 0.5, 0.0160315076372436, 0.0, 0.0, 0.05, 0.5, 0.5, 0.05, 0.5, 0.5, 0.0, 0.0, 0.0, 0.030000000000000002, 0.255, 0.0, 0.0, 0.0];[0.34680367755317576, -1.4714646657842407, -4.7705323492385645, 0.6747015089240556, -0.4, -1.9171125146344572, -14.0, -14.0, -1.0, 0.0, 0.0, -1.0, 0.0, 0.0, 0.032510767188049794];8.619417900001281
[1e+30, 1e+30, 1e+30];False;False;[0.0, 7.25, 1.4500000000000002, 0.0, 0.0, 6.522715619924468, 0.5, 0.5, 9288.472137457402, 10500.0, 10500.0, 0.0, 3.0, 0.0, 0.025, 0.05340995448504485, 0.0, 0.0, 0.05, 0.5, 0.5, 0.05, 0.5, 0.5, 0.01593013699507239, 0.0, 0.0, 0.05, 0.5, 0.5, 0.05, 0.5, 0.5, 0.0, 0.0, 0.0, 0.030000000000000002, 0.255, 0.0, 0.0, 0.0];[1e+30, 1e+30, 1e+30, 1e+30, 1e+30, 1e+30, 1e+30, 1e+30, 1e+30, 1e+30, 1e+30, 1e+30, 1e+30, 1e+30, 1e+30];26.935749000003852
[27.27011772805388, 1121.308986594197, 118.75188499104178];True;False;[0.0, 7.25, 1.4500000000000002, 0.0, 0.0, 14.26785219069085, 0.5, 0.5, 10043.632493845296, 10500.0, 10500.0, 0.0, 3.0, 0.0, 0.025, 0.05333184612935395, 0.0, 0.0, 0.05, 0.5, 0.5, 0.05, 0.5, 0.5, 0.02923102006557709, 0.0, 0.0, 0.05, 0.5, 0.5, 0.05, 0.5, 0.5, 0.0, 0.0, 0.0, 0.030000000000000002, 0.255, 0.0, 0.0, 0.0];[0.3578922490237302, -1.4686082527318363, -3.446435347338131, 0.6886518996993356, -0.4, -0.7321478093091507, -14.0, -14.0, -1.0, 0.0, 0.0, -1.0, 0.0, 0.0, 0.03129526396193083];16.691279999999097
[27.4424397029652, 1111.2743577581425, 118.85444546416574];True;False;[0.0, 7.25, 1.4500000000000002, 0.0, 0.0, 14.237406550328592, 0.5, 0.5, 10043.632493845296, 10500.0, 10500.0, 0.0, 3.0, 0.0, 0.025, 0.05333694617407886, 0.0, 0.0, 0.05, 0.5, 0.5, 0.05, 0.5, 0.5, 0.015926172379290695, 0.0, 0.0, 0.05, 0.5, 0.5, 0.05, 0.5, 0.5, 0.0, 0.0, 0.0, 0.030000000000000002, 0.255, 0.0, 0.0, 0.0];[0.3392433466649454, -1.4734122050039573, -3.48127064412855, 0.6948513458627756, -0.4, -0.7625934496714084, -14.0, -14.0, -1.0, 0.0, 0.0, -1.0, 0.0, 0.0, 0.033342706669715394];9.420534600001702
[1e+30, 1e+30, 1e+30];False;False;[0.0, 7.25, 1.4500000000000002, 0.0, 0.0, 6.7724059015480735, 0.5, 0.5, 10043.632493845296, 10500.0, 10500.0, 0.0, 3.0, 0.0, 0.025, 0.0533737580643531, 0.0, 0.0, 0.05, 0.5, 0.5, 0.05, 0.5, 0.5, 0.016031481716695828, 0.0, 0.0, 0.05, 0.5, 0.5, 0.05, 0.5, 0.5, 0.0, 0.0, 0.0, 0.030000000000000002, 0.255, 0.0, 0.0, 0.0];[1e+30, 1e+30, 1e+30, 1e+30, 1e+30, 1e+30, 1e+30, 1e+30, 1e+30, 1e+30, 1e+30, 1e+30, 1e+30, 1e+30, 1e+30];35.926759000001766
[27.7679398361593, 1108.4377530576917, 118.80545499641852];True;False;[0.0, 7.25, 1.4500000000000002, 0.0, 0.0, 13.082887485365543, 0.5, 0.5, 10043.632493845296, 10500.0, 10500.0, 0.0, 3.0, 0.0, 0.025, 0.05332005302254101, 0.0, 0.0, 0.05, 0.5, 0.5, 0.05, 0.5, 0.5, 0.02836286960795606, 0.0, 0.0, 0.05, 0.5, 0.5, 0.05, 0.5, 0.5, 0.0, 0.0, 0.0, 0.030000000000000002, 0.255, 0.0, 0.0, 0.0];[0.3643569189199418, -1.4669429554913471, -4.770532349231333, 0.6686368361825212, -0.4, -1.9171125146344572, -14.0, -14.0, -1.0, 0.0, 0.0, -1.0, 0.0, 0.0, 0.030589179158500013];9.305989399996179
[27.90833784039588, 1099.7945317811, 118.89964648674666];True;False;[0.0, 7.25, 1.4500000000000002, 0.0, 0.0, 13.1133331257278, 0.5, 0.5, 10043.632493845296, 10500.0, 10500.0, 0.0, 3.0, 0.0, 0.025, 0.0531917015487858, 0.0, 0.0, 0.05, 0.5, 0.5, 0.05, 0.5, 0.5, 0.016035472253025294, 0.0, 0.0, 0.05, 0.5, 0.5, 0.05, 0.5, 0.5, 0.0, 0.0, 0.0, 0.030000000000000002, 0.255, 0.0, 0.0, 0.0];[0.34656634669626385, -1.471525802149661, -4.737327612821561, 0.6752724440308526, -0.4, -1.8866668742721995, -14.0, -14.0, -1.0, 0.0, 0.0, -1.0, 0.0, 0.0, 0.032536843636333024];9.321323399999528
[27.42048470599603, 1112.1939277707638, 118.84684964472461];True;False;[0.0, 7.25, 1.4500000000000002, 0.0, 0.0, 14.26785219069085, 0.5, 0.5, 10043.632493845296, 10500.0, 10500.0, 0.0, 3.0, 0.0, 0.025, 0.053206420879077086, 0.0, 0.0, 0.05, 0.5, 0.5, 0.05, 0.5, 0.5, 0.01689965809486542, 0.0, 0.0, 0.05, 0.5, 0.5, 0.05, 0.5, 0.5, 0.0, 0.0, 0.0, 0.030000000000000002, 0.255, 0.0, 0.0, 0.0];[0.340253639314156, -1.473151953887068, -3.4464353473381557, 0.6949263633832818, -0.4, -0.7321478093091507, -14.0, -14.0, -1.0, 0.0, 0.0, -1.0, 0.0, 0.0, 0.03323138353332533];10.696628999998211
[27.90833784039588, 1099.7945317811, 118.89964648674666];True;False;[0.0, 7.25, 1.4500000000000002, 0.0, 0.0, 13.1133331257278, 0.5, 0.5, 10043.632493845296, 10500.0, 10500.0, 0.0, 3.0, 0.0, 0.025, 0.0531917015487858, 0.0, 0.0, 0.05, 0.5, 0.5, 0.05, 0.5, 0.5, 0.016035472253025294, 0.0, 0.0, 0.05, 0.5, 0.5, 0.05, 0.5, 0.5, 0.0, 0.0, 0.0, 0.030000000000000002, 0.255, 0.0, 0.0, 0.0];[0.34656634669626385, -1.471525802149661, -4.737327612821561, 0.6752724440308526, -0.4, -1.8866668742721995, -14.0, -14.0, -1.0, 0.0, 0.0, -1.0, 0.0, 0.0, 0.032536843636333024];9.202591799999936
[27.92176228027322, 1099.4882750326415, 118.90080858418564];True;False;[0.0, 7.25, 1.4500000000000002, 0.0, 0.0, 13.082887485365543, 0.5, 0.5, 10043.632493845296, 10500.0, 10500.0, 0.0, 3.0, 0.0, 0.025, 0.05319462777226414, 0.0, 0.0, 0.05, 0.5, 0.5, 0.05, 0.5, 0.5, 0.0160315076372436, 0.0, 0.0, 0.05, 0.5, 0.5, 0.05, 0.5, 0.5, 0.0, 0.0, 0.0, 0.030000000000000002, 0.255, 0.0, 0.0, 0.0];[0.34680367755317576, -1.4714646657842407, -4.7705323492385645, 0.6747015089240556, -0.4, -1.9171125146344572, -14.0, -14.0, -1.0, 0.0, 0.0, -1.0, 0.0, 0.0, 0.032510767188049794];9.20980309999868
[28.01679261236696, 1093.6736806185995, 118.96460623470546];True;False;[0.0, 7.25, 1.4500000000000002, 0.0, 0.0, 13.108312500568905, 0.5, 0.5, 10043.632493845296, 10500.0, 10500.0, 0.0, 3.0, 0.0, 0.025, 0.05319197801076548, 0.0, 0.0, 0.05, 0.5, 0.5, 0.05, 0.5, 0.5, 0.007414495224191296, 0.0, 0.0, 0.05, 0.5, 0.5, 0.05, 0.5, 0.5, 0.0, 0.0, 0.0, 0.030000000000000002, 0.255, 0.0, 0.0, 0.0];[0.3346570318179838, -1.4745936384849063, -4.742806190892468, 0.6792930785614251, -0.4, -1.8916874994310948, -14.0, -14.0, -1.0, 0.0, 0.0, -1.0, 0.0, 0.0, 0.033848653122174666];9.358410800006823
[27.90833784039588, 1099.7945317811, 118.89964648674666];True;False;[0.0, 7.25, 1.4500000000000002, 0.0, 0.0, 13.1133331257278, 0.5, 0.5, 10043.632493845296, 10500.0, 10500.0, 0.0, 3.0, 0.0, 0.025, 0.0531917015487858, 0.0, 0.0, 0.05, 0.5, 0.5, 0.05, 0.5, 0.5, 0.016035472253025294, 0.0, 0.0, 0.05, 0.5, 0.5, 0.05, 0.5, 0.5, 0.0, 0.0, 0.0, 0.030000000000000002, 0.255, 0.0, 0.0, 0.0];[0.34656634669626385, -1.471525802149661, -4.737327612821561, 0.6752724440308526, -0.4, -1.8866668742721995, -14.0, -14.0, -1.0, 0.0, 0.0, -1.0, 0.0, 0.0, 0.032536843636333024];9.468687699998554
[27.92176228027322, 1099.4882750326415, 118.90080858418564];True;False;[0.0, 7.25, 1.4500000000000002, 0.0, 0.0, 13.082887485365543, 0.5, 0.5, 10043.632493845296, 10500.0, 10500.0, 0.0, 3.0, 0.0, 0.025, 0.05319462777226414, 0.0, 0.0, 0.05, 0.5, 0.5, 0.05, 0.5, 0.5, 0.0160315076372436, 0.0, 0.0, 0.05, 0.5, 0.5, 0.05, 0.5, 0.5, 0.0, 0.0, 0.0, 0.030000000000000002, 0.255, 0.0, 0.0, 0.0];[0.34680367755317576, -1.4714646657842407, -4.7705323492385645, 0.6747015089240556, -0.4, -1.9171125146344572, -14.0, -14.0, -1.0, 0.0, 0.0, -1.0, 0.0, 0.0, 0.032510767188049794];8.892840299995441
[27.91058154450791, 1099.742104936503, 118.89985865919078];True;False;[0.0, 7.25, 1.4500000000000002, 0.0, 0.0, 13.108312500568905, 0.5, 0.5, 10043.632493845296, 10500.0, 10500.0, 0.0, 3.0, 0.0, 0.025, 0.05319463355552626, 0.0, 0.0, 0.05, 0.5, 0.5, 0.05, 0.5, 0.5, 0.016029598586173283, 0.0, 0.0, 0.05, 0.5, 0.5, 0.05, 0.5, 0.5, 0.0, 0.0, 0.0, 0.030000000000000002, 0.255, 0.0, 0.0, 0.0];[0.3466015876910227, -1.47151672407881, -4.742806190892432, 0.6751797401998667, -0.4, -1.8916874994310948, -14.0, -14.0, -1.0, 0.0, 0.0, -1.0, 0.0, 0.0, 0.03253297141209799];10.226424000000407
[28.697415827166374, 1073.579221953059, 119.10856442696647];True;False;[0.0, 7.25, 1.4500000000000002, 0.0, 0.0, 12.044486461903077, 0.5, 0.5, 10043.632493845296, 10500.0, 10500.0, 0.0, 3.0, 0.0, 0.025, 0.03992233795358625, 0.0, 0.0, 0.05, 0.5, 0.5, 0.05, 0.5, 0.5, 0.007001834624030588, 0.0, 0.0, 0.05, 0.5, 0.5, 0.05, 0.5, 0.5, 0.0, 0.0, 0.0, 0.030000000000000002, 0.255, 0.0, 0.0, 0.0];[0.32507391010460474, -1.4770622480815103, -5.87722303398669, 0.6641850539137966, -0.4, -2.9555135380969233, -14.0, -14.0, -1.0, 0.0, 0.0, -1.0, 0.0, 0.0, 0.034908934625570986];8.856993300003523
[28.015521066869645, 1093.7458396768318, 118.96383503175699];True;False;[0.0, 7.25, 1.4500000000000002, 0.0, 0.0, 13.108312500568905, 0.5, 0.5, 10043.632493845296, 10500.0, 10500.0, 0.0, 3.0, 0.0, 0.025, 0.05319200019787849, 0.0, 0.0, 0.05, 0.5, 0.5, 0.05, 0.5, 0.5, 0.007517768808721988, 0.0, 0.0, 0.05, 0.5, 0.5, 0.05, 0.5, 0.5, 0.0, 0.0, 0.0, 0.030000000000000002, 0.255, 0.0, 0.0, 0.0];[0.3347992810944236, -1.474556995109258, -4.742806190892475, 0.679244099041338, -0.4, -1.8916874994310948, -14.0, -14.0, -1.0, 0.0, 0.0, -1.0, 0.0, 0.0, 0.03383294624786792];9.583879999998317
[28.016471749727994, 1093.6904051327324, 118.96443416829266];True;False;[0.0, 7.25, 1.4500000000000002, 0.0, 0.0, 13.108410406779493, 0.5, 0.5, 10043.632493845296, 10500.0, 10500.0, 0.0, 3.0, 0.0, 0.025, 0.05319169903890019, 0.0, 0.0, 0.05, 0.5, 0.5, 0.05, 0.5, 0.5, 0.00743733463262157, 0.0, 0.0, 0.05, 0.5, 0.5, 0.05, 0.5, 0.5, 0.0, 0.0, 0.0, 0.030000000000000002, 0.255, 0.0, 0.0, 0.0];[0.3346873121350544, -1.4745858382833166, -4.742699365429248, 0.6792842357977087, -0.4, -1.8915895932205071, -14.0, -14.0, -1.0, 0.0, 0.0, -1.0, 0.0, 0.0, 0.03384530955403531];9.65466639999795
[27.921762424764335, 1099.488266727715, 118.90080867268279];True;False;[0.0, 7.25, 1.4500000000000002, 0.0, 0.0, 13.082887485365543, 0.5, 0.5, 10043.632493845296, 10500.0, 10500.0, 0.0, 3.0, 0.0, 0.025, 0.05319461647196582, 0.0, 0.0, 0.05, 0.5, 0.5, 0.05, 0.5, 0.5, 0.0160315076372436, 0.0, 0.0, 0.05, 0.5, 0.5, 0.05, 0.5, 0.5, 0.0, 0.0, 0.0, 0.030000000000000002, 0.255, 0.0, 0.0, 0.0];[0.3468036612270913, -1.4714646699898315, -4.770532349238531, 0.6747015145427959, -0.4, -1.9171125146344572, -14.0, -14.0, -1.0, 0.0, 0.0, -1.0, 0.0, 0.0, 0.032510768981768856];9.635728900000686
[28.697415827166374, 1073.579221953059, 119.10856442696647];True;False;[0.0, 7.25, 1.4500000000000002, 0.0, 0.0, 12.044486461903077, 0.5, 0.5, 10043.632493845296, 10500.0, 10500.0, 0.0, 3.0, 0.0, 0.025, 0.03992233795358625, 0.0, 0.0, 0.05, 0.5, 0.5, 0.05, 0.5, 0.5, 0.007001834624030588, 0.0, 0.0, 0.05, 0.5, 0.5, 0.05, 0.5, 0.5, 0.0, 0.0, 0.0, 0.030000000000000002, 0.255, 0.0, 0.0, 0.0];[0.32507391010460474, -1.4770622480815103, -5.87722303398669, 0.6641850539137966, -0.4, -2.9555135380969233, -14.0, -14.0, -1.0, 0.0, 0.0, -1.0, 0.0, 0.0, 0.034908934625570986];8.824744599995029
[28.028056340368515, 1093.2433544435485, 118.96826814849504];True;False;[0.0, 7.25, 1.4500000000000002, 0.0, 0.0, 13.094561470767063, 0.5, 0.5, 10043.632493845296, 10500.0, 10500.0, 0.0, 3.0, 0.0, 0.025, 0.05319200019787849, 0.0, 0.0, 0.05, 0.5, 0.5, 0.05, 0.5, 0.5, 0.006994067992324079, 0.0, 0.0, 0.05, 0.5, 0.5, 0.05, 0.5, 0.5, 0.0, 0.0, 0.0, 0.030000000000000002, 0.255, 0.0, 0.0, 0.0];[0.3341865056068647, -1.474714845911355, -4.757805515107064, 0.6792324583258504, -0.4, -1.9054385292329368, -14.0, -14.0, -1.0, 0.0, 0.0, -1.0, 0.0, 0.0, 0.03390061425023083];9.69906639999681
[28.041906111219117, 1092.4930581013575, 118.97613920440727];True;False;[0.0, 7.25, 1.4500000000000002, 0.0, 0.0, 13.092318986921109, 0.5, 0.5, 10043.632493845296, 10500.0, 10500.0, 0.0, 3.0, 0.0, 0.025, 0.05218734263490016, 0.0, 0.0, 0.05, 0.5, 0.5, 0.05, 0.5, 0.5, 0.006999783848410606, 0.0, 0.0, 0.05, 0.5, 0.5, 0.05, 0.5, 0.5, 0.0, 0.0, 0.0, 0.030000000000000002, 0.255, 0.0, 0.0, 0.0];[0.3327683056532793, -1.4750801738410246, -4.760250734533855, 0.6796841901558741, -0.4, -1.907681013078891, -14.0, -14.0, -1.0, 0.0, 0.0, -1.0, 0.0, 0.0, 0.03405729004730218];8.807317500002682
[28.01679261236696, 1093.6736806185995, 118.96460623470546];True;False;[0.0, 7.25, 1.4500000000000002, 0.0, 0.0, 13.108312500568905, 0.5, 0.5, 10043.632493845296, 10500.0, 10500.0, 0.0, 3.0, 0.0, 0.025, 0.05319197801076548, 0.0, 0.0, 0.05, 0.5, 0.5, 0.05, 0.5, 0.5, 0.007414495224191296, 0.0, 0.0, 0.05, 0.5, 0.5, 0.05, 0.5, 0.5, 0.0, 0.0, 0.0, 0.030000000000000002, 0.255, 0.0, 0.0, 0.0];[0.3346570318179838, -1.4745936384849063, -4.742806190892468, 0.6792930785614251, -0.4, -1.8916874994310948, -14.0, -14.0, -1.0, 0.0, 0.0, -1.0, 0.0, 0.0, 0.033848653122174666];9.168467099996633
[28.670876981596074, 1074.7167523743492, 119.09723163722285];True;False;[0.0, 7.25, 1.4500000000000002, 0.0, 0.0, 12.060479975550875, 0.5, 0.5, 10043.632493845296, 10500.0, 10500.0, 0.0, 3.0, 0.0, 0.025, 0.04092697332945157, 0.0, 0.0, 0.05, 0.5, 0.5, 0.05, 0.5, 0.5, 0.007416545999811277, 0.0, 0.0, 0.05, 0.5, 0.5, 0.05, 0.5, 0.5, 0.0, 0.0, 0.0, 0.030000000000000002, 0.255, 0.0, 0.0, 0.0];[0.32687993181686004, -1.4765970173702758, -5.860558517928455, 0.6638775878666856, -0.4, -2.9395200244491253, -14.0, -14.0, -1.0, 0.0, 0.0, -1.0, 0.0, 0.0, 0.0347087935067395];8.83399400000053
[28.697415827166374, 1073.579221953059, 119.10856442696647];True;False;[0.0, 7.25, 1.4500000000000002, 0.0, 0.0, 12.044486461903077, 0.5, 0.5, 10043.632493845296, 10500.0, 10500.0, 0.0, 3.0, 0.0, 0.025, 0.03992233795358625, 0.0, 0.0, 0.05, 0.5, 0.5, 0.05, 0.5, 0.5, 0.007001834624030588, 0.0, 0.0, 0.05, 0.5, 0.5, 0.05, 0.5, 0.5, 0.0, 0.0, 0.0, 0.030000000000000002, 0.255, 0.0, 0.0, 0.0];[0.32507391010460474, -1.4770622480815103, -5.87722303398669, 0.6641850539137966, -0.4, -2.9555135380969233, -14.0, -14.0, -1.0, 0.0, 0.0, -1.0, 0.0, 0.0, 0.034908934625570986];8.900306000003184
[28.697415827166374, 1073.579221953059, 119.10856442696647];True;False;[0.0, 7.25, 1.4500000000000002, 0.0, 0.0, 12.044486461903077, 0.5, 0.5, 10043.632493845296, 10500.0, 10500.0, 0.0, 3.0, 0.0, 0.025, 0.03992233795358625, 0.0, 0.0, 0.05, 0.5, 0.5, 0.05, 0.5, 0.5, 0.007001834624030588, 0.0, 0.0, 0.05, 0.5, 0.5, 0.05, 0.5, 0.5, 0.0, 0.0, 0.0, 0.030000000000000002, 0.255, 0.0, 0.0, 0.0];[0.32507391010460474, -1.4770622480815103, -5.87722303398669, 0.6641850539137966, -0.4, -2.9555135380969233, -14.0, -14.0, -1.0, 0.0, 0.0, -1.0, 0.0, 0.0, 0.034908934625570986];9.055975000002945
[28.697415827166374, 1073.579221953059, 119.10856442696647];True;False;[0.0, 7.25, 1.4500000000000002, 0.0, 0.0, 12.044486461903077, 0.5, 0.5, 10043.632493845296, 10500.0, 10500.0, 0.0, 3.0, 0.0, 0.025, 0.03992233795358625, 0.0, 0.0, 0.05, 0.5, 0.5, 0.05, 0.5, 0.5, 0.007001834624030588, 0.0, 0.0, 0.05, 0.5, 0.5, 0.05, 0.5, 0.5, 0.0, 0.0, 0.0, 0.030000000000000002, 0.255, 0.0, 0.0, 0.0];[0.32507391010460474, -1.4770622480815103, -5.87722303398669, 0.6641850539137966, -0.4, -2.9555135380969233, -14.0, -14.0, -1.0, 0.0, 0.0, -1.0, 0.0, 0.0, 0.034908934625570986];8.707411600000341
[28.697918306871742, 1073.5524094456036, 119.10885793912709];True;False;[0.0, 7.25, 1.4500000000000002, 0.0, 0.0, 12.044486461903077, 0.5, 0.5, 10043.632493845296, 10500.0, 10500.0, 0.0, 3.0, 0.0, 0.025, 0.03992233795358625, 0.0, 0.0, 0.05, 0.5, 0.5, 0.05, 0.5, 0.5, 0.006962373342217909, 0.0, 0.0, 0.05, 0.5, 0.5, 0.05, 0.5, 0.5, 0.0, 0.0, 0.0, 0.030000000000000002, 0.255, 0.0, 0.0, 0.0];[0.3250201345336601, -1.4770761006542383, -5.877223033986661, 0.6642029538683865, -0.4, -2.9555135380969233, -14.0, -14.0, -1.0, 0.0, 0.0, -1.0, 0.0, 0.0, 0.03491489626563893];9.380790900002467
[28.670876981596074, 1074.7167523743492, 119.09723163722285];True;False;[0.0, 7.25, 1.4500000000000002, 0.0, 0.0, 12.060479975550875, 0.5, 0.5, 10043.632493845296, 10500.0, 10500.0, 0.0, 3.0, 0.0, 0.025, 0.04092697332945157, 0.0, 0.0, 0.05, 0.5, 0.5, 0.05, 0.5, 0.5, 0.007416545999811277, 0.0, 0.0, 0.05, 0.5, 0.5, 0.05, 0.5, 0.5, 0.0, 0.0, 0.0, 0.030000000000000002, 0.255, 0.0, 0.0, 0.0];[0.32687993181686004, -1.4765970173702758, -5.860558517928455, 0.6638775878666856, -0.4, -2.9395200244491253, -14.0, -14.0, -1.0, 0.0, 0.0, -1.0, 0.0, 0.0, 0.0347087935067395];9.277445200001239
[28.697415827166374, 1073.579221953059, 119.10856442696647];True;False;[0.0, 7.25, 1.4500000000000002, 0.0, 0.0, 12.044486461903077, 0.5, 0.5, 10043.632493845296, 10500.0, 10500.0, 0.0, 3.0, 0.0, 0.025, 0.03992233795358625, 0.0, 0.0, 0.05, 0.5, 0.5, 0.05, 0.5, 0.5, 0.007001834624030588, 0.0, 0.0, 0.05, 0.5, 0.5, 0.05, 0.5, 0.5, 0.0, 0.0, 0.0, 0.030000000000000002, 0.255, 0.0, 0.0, 0.0];[0.32507391010460474, -1.4770622480815103, -5.87722303398669, 0.6641850539137966, -0.4, -2.9555135380969233, -14.0, -14.0, -1.0, 0.0, 0.0, -1.0, 0.0, 0.0, 0.034908934625570986];8.41835560000618
[28.697415827166374, 1073.579221953059, 119.10856442696647];True;False;[0.0, 7.25, 1.4500000000000002, 0.0, 0.0, 12.044486461903077, 0.5, 0.5, 10043.632493845296, 10500.0, 10500.0, 0.0, 3.0, 0.0, 0.025, 0.03992233795358625, 0.0, 0.0, 0.05, 0.5, 0.5, 0.05, 0.5, 0.5, 0.007001834624030588, 0.0, 0.0, 0.05, 0.5, 0.5, 0.05, 0.5, 0.5, 0.0, 0.0, 0.0, 0.030000000000000002, 0.255, 0.0, 0.0, 0.0];[0.32507391010460474, -1.4770622480815103, -5.87722303398669, 0.6641850539137966, -0.4, -2.9555135380969233, -14.0, -14.0, -1.0, 0.0, 0.0, -1.0, 0.0, 0.0, 0.034908934625570986];8.622309999998834
[28.697415827166374, 1073.579221953059, 119.10856442696647];True;False;[0.0, 7.25, 1.4500000000000002, 0.0, 0.0, 12.044486461903077, 0.5, 0.5, 10043.632493845296, 10500.0, 10500.0, 0.0, 3.0, 0.0, 0.025, 0.03992233795358625, 0.0, 0.0, 0.05, 0.5, 0.5, 0.05, 0.5, 0.5, 0.007001834624030588, 0.0, 0.0, 0.05, 0.5, 0.5, 0.05, 0.5, 0.5, 0.0, 0.0, 0.0, 0.030000000000000002, 0.255, 0.0, 0.0, 0.0];[0.32507391010460474, -1.4770622480815103, -5.87722303398669, 0.6641850539137966, -0.4, -2.9555135380969233, -14.0, -14.0, -1.0, 0.0, 0.0, -1.0, 0.0, 0.0, 0.034908934625570986];8.49362850000034
[28.697415827166374, 1073.579221953059, 119.10856442696647];True;False;[0.0, 7.25, 1.4500000000000002, 0.0, 0.0, 12.044486461903077, 0.5, 0.5, 10043.632493845296, 10500.0, 10500.0, 0.0, 3.0, 0.0, 0.025, 0.03992233795358625, 0.0, 0.0, 0.05, 0.5, 0.5, 0.05, 0.5, 0.5, 0.007001834624030588, 0.0, 0.0, 0.05, 0.5, 0.5, 0.05, 0.5, 0.5, 0.0, 0.0, 0.0, 0.030000000000000002, 0.255, 0.0, 0.0, 0.0];[0.32507391010460474, -1.4770622480815103, -5.87722303398669, 0.6641850539137966, -0.4, -2.9555135380969233, -14.0, -14.0, -1.0, 0.0, 0.0, -1.0, 0.0, 0.0, 0.034908934625570986];8.58588939999754
[27.943389005822716, 1089.5081923070506, 119.04762986871035];True;False;[0.0, 7.25, 1.4500000000000002, 0.0, 0.0, 13.685069137595928, 0.5, 0.5, 10043.632493845296, 10500.0, 10500.0, 0.0, 3.0, 0.0, 0.025, 0.03992233795358625, 0.0, 0.0, 0.05, 0.5, 0.5, 0.05, 0.5, 0.5, 0.006962373342217909, 0.0, 0.0, 0.05, 0.5, 0.5, 0.05, 0.5, 0.5, 0.0, 0.0, 0.0, 0.030000000000000002, 0.255, 0.0, 0.0, 0.0];[0.31096711961130374, -1.4806961535489116, -4.105785274197045, 0.6966232481162749, -0.4, -1.314930862404072, -14.0, -14.0, -1.0, 0.0, 0.0, -1.0, 0.0, 0.0, 0.036477402687430494];17.243202899997414
[28.697918306871742, 1073.5524094456036, 119.10885793912709];True;False;[0.0, 7.25, 1.4500000000000002, 0.0, 0.0, 12.044486461903077, 0.5, 0.5, 10043.632493845296, 10500.0, 10500.0, 0.0, 3.0, 0.0, 0.025, 0.03992233795358625, 0.0, 0.0, 0.05, 0.5, 0.5, 0.05, 0.5, 0.5, 0.006962373342217909, 0.0, 0.0, 0.05, 0.5, 0.5, 0.05, 0.5, 0.5, 0.0, 0.0, 0.0, 0.030000000000000002, 0.255, 0.0, 0.0, 0.0];[0.3250201345336601, -1.4770761006542383, -5.877223033986661, 0.6642029538683865, -0.4, -2.9555135380969233, -14.0, -14.0, -1.0, 0.0, 0.0, -1.0, 0.0, 0.0, 0.03491489626563893];9.533415999998397
[28.697415827166374, 1073.579221953059, 119.10856442696647];True;False;[0.0, 7.25, 1.4500000000000002, 0.0, 0.0, 12.044486461903077, 0.5, 0.5, 10043.632493845296, 10500.0, 10500.0, 0.0, 3.0, 0.0, 0.025, 0.03992233795358625, 0.0, 0.0, 0.05, 0.5, 0.5, 0.05, 0.5, 0.5, 0.007001834624030588, 0.0, 0.0, 0.05, 0.5, 0.5, 0.05, 0.5, 0.5, 0.0, 0.0, 0.0, 0.030000000000000002, 0.255, 0.0, 0.0, 0.0];[0.32507391010460474, -1.4770622480815103, -5.87722303398669, 0.6641850539137966, -0.4, -2.9555135380969233, -14.0, -14.0, -1.0, 0.0, 0.0, -1.0, 0.0, 0.0, 0.034908934625570986];9.594011799999862
[28.697415827166374, 1073.579221953059, 119.10856442696647];True;False;[0.0, 7.25, 1.4500000000000002, 0.0, 0.0, 12.044486461903077, 0.5, 0.5, 10043.632493845296, 10500.0, 10500.0, 0.0, 3.0, 0.0, 0.025, 0.03992233795358625, 0.0, 0.0, 0.05, 0.5, 0.5, 0.05, 0.5, 0.5, 0.007001834624030588, 0.0, 0.0, 0.05, 0.5, 0.5, 0.05, 0.5, 0.5, 0.0, 0.0, 0.0, 0.030000000000000002, 0.255, 0.0, 0.0, 0.0];[0.32507391010460474, -1.4770622480815103, -5.87722303398669, 0.6641850539137966, -0.4, -2.9555135380969233, -14.0, -14.0, -1.0, 0.0, 0.0, -1.0, 0.0, 0.0, 0.034908934625570986];9.075101800000994
[28.697415827166374, 1073.579221953059, 119.10856442696647];True;False;[0.0, 7.25, 1.4500000000000002, 0.0, 0.0, 12.044486461903077, 0.5, 0.5, 10043.632493845296, 10500.0, 10500.0, 0.0, 3.0, 0.0, 0.025, 0.03992233795358625, 0.0, 0.0, 0.05, 0.5, 0.5, 0.05, 0.5, 0.5, 0.007001834624030588, 0.0, 0.0, 0.05, 0.5, 0.5, 0.05, 0.5, 0.5, 0.0, 0.0, 0.0, 0.030000000000000002, 0.255, 0.0, 0.0, 0.0];[0.32507391010460474, -1.4770622480815103, -5.87722303398669, 0.6641850539137966, -0.4, -2.9555135380969233, -14.0, -14.0, -1.0, 0.0, 0.0, -1.0, 0.0, 0.0, 0.034908934625570986];9.071845200000098
[28.75872103645888, 1070.32011842345, 119.14427355643804];True;False;[0.0, 7.25, 1.4500000000000002, 0.0, 0.0, 12.044486461903077, 0.5, 0.5, 10043.632493845296, 10500.0, 10500.0, 0.0, 3.0, 0.0, 0.025, 0.0352479374599643, 0.0, 0.0, 0.05, 0.5, 0.5, 0.05, 0.5, 0.5, 0.007001834624030588, 0.0, 0.0, 0.05, 0.5, 0.5, 0.05, 0.5, 0.5, 0.0, 0.0, 0.0, 0.030000000000000002, 0.255, 0.0, 0.0, 0.0];[0.3185318871032363, -1.4787474714612576, -5.877223033986672, 0.6663623921757393, -0.4, -2.9555135380969233, -14.0, -14.0, -1.0, 0.0, 0.0, -1.0, 0.0, 0.0, 0.03563516963572466];9.570184500000323
[28.69740872472042, 1073.579600953904, 119.10856027813864];True;False;[0.0, 7.25, 1.4500000000000002, 0.0, 0.0, 12.044486461903077, 0.5, 0.5, 10043.632493845296, 10500.0, 10500.0, 0.0, 3.0, 0.0, 0.025, 0.03992233795358625, 0.0, 0.0, 0.05, 0.5, 0.5, 0.05, 0.5, 0.5, 0.007002392397428645, 0.0, 0.0, 0.05, 0.5, 0.5, 0.05, 0.5, 0.5, 0.0, 0.0, 0.0, 0.030000000000000002, 0.255, 0.0, 0.0, 0.0];[0.3250746702290508, -1.4770620522736553, -5.87722303398669, 0.6641848008957982, -0.4, -2.9555135380969233, -14.0, -14.0, -1.0, 0.0, 0.0, -1.0, 0.0, 0.0, 0.034908850357992294];8.078512000000046
[28.75872103645888, 1070.32011842345, 119.14427355643804];True;False;[0.0, 7.25, 1.4500000000000002, 0.0, 0.0, 12.044486461903077, 0.5, 0.5, 10043.632493845296, 10500.0, 10500.0, 0.0, 3.0, 0.0, 0.025, 0.0352479374599643, 0.0, 0.0, 0.05, 0.5, 0.5, 0.05, 0.5, 0.5, 0.007001834624030588, 0.0, 0.0, 0.05, 0.5, 0.5, 0.05, 0.5, 0.5, 0.0, 0.0, 0.0, 0.030000000000000002, 0.255, 0.0, 0.0, 0.0];[0.3185318871032363, -1.4787474714612576, -5.877223033986672, 0.6663623921757393, -0.4, -2.9555135380969233, -14.0, -14.0, -1.0, 0.0, 0.0, -1.0, 0.0, 0.0, 0.03563516963572466];9.509175599996524
[28.697918306871742, 1073.5524094456036, 119.10885793912709];True;False;[0.0, 7.25, 1.4500000000000002, 0.0, 0.0, 12.044486461903077, 0.5, 0.5, 10043.632493845296, 10500.0, 10500.0, 0.0, 3.0, 0.0, 0.025, 0.03992233795358625, 0.0, 0.0, 0.05, 0.5, 0.5, 0.05, 0.5, 0.5, 0.006962373342217909, 0.0, 0.0, 0.05, 0.5, 0.5, 0.05, 0.5, 0.5, 0.0, 0.0, 0.0, 0.030000000000000002, 0.255, 0.0, 0.0, 0.0];[0.3250201345336601, -1.4770761006542383, -5.877223033986661, 0.6642029538683865, -0.4, -2.9555135380969233, -14.0, -14.0, -1.0, 0.0, 0.0, -1.0, 0.0, 0.0, 0.03491489626563893];8.944458699996176
[28.75872103645888, 1070.32011842345, 119.14427355643804];True;False;[0.0, 7.25, 1.4500000000000002, 0.0, 0.0, 12.044486461903077, 0.5, 0.5, 10043.632493845296, 10500.0, 10500.0, 0.0, 3.0, 0.0, 0.025, 0.0352479374599643, 0.0, 0.0, 0.05, 0.5, 0.5, 0.05, 0.5, 0.5, 0.007001834624030588, 0.0, 0.0, 0.05, 0.5, 0.5, 0.05, 0.5, 0.5, 0.0, 0.0, 0.0, 0.030000000000000002, 0.255, 0.0, 0.0, 0.0];[0.3185318871032363, -1.4787474714612576, -5.877223033986672, 0.6663623921757393, -0.4, -2.9555135380969233, -14.0, -14.0, -1.0, 0.0, 0.0, -1.0, 0.0, 0.0, 0.03563516963572466];8.516394099999161
[28.697415827166374, 1073.579221953059, 119.10856442696647];True;False;[0.0, 7.25, 1.4500000000000002, 0.0, 0.0, 12.044486461903077, 0.5, 0.5, 10043.632493845296, 10500.0, 10500.0, 0.0, 3.0, 0.0, 0.025, 0.03992233795358625, 0.0, 0.0, 0.05, 0.5, 0.5, 0.05, 0.5, 0.5, 0.007001834624030588, 0.0, 0.0, 0.05, 0.5, 0.5, 0.05, 0.5, 0.5, 0.0, 0.0, 0.0, 0.030000000000000002, 0.255, 0.0, 0.0, 0.0];[0.32507391010460474, -1.4770622480815103, -5.87722303398669, 0.6641850539137966, -0.4, -2.9555135380969233, -14.0, -14.0, -1.0, 0.0, 0.0, -1.0, 0.0, 0.0, 0.034908934625570986];8.474845099997765
[28.75872103645888, 1070.32011842345, 119.14427355643804];True;False;[0.0, 7.25, 1.4500000000000002, 0.0, 0.0, 12.044486461903077, 0.5, 0.5, 10043.632493845296, 10500.0, 10500.0, 0.0, 3.0, 0.0, 0.025, 0.0352479374599643, 0.0, 0.0, 0.05, 0.5, 0.5, 0.05, 0.5, 0.5, 0.007001834624030588, 0.0, 0.0, 0.05, 0.5, 0.5, 0.05, 0.5, 0.5, 0.0, 0.0, 0.0, 0.030000000000000002, 0.255, 0.0, 0.0, 0.0];[0.3185318871032363, -1.4787474714612576, -5.877223033986672, 0.6663623921757393, -0.4, -2.9555135380969233, -14.0, -14.0, -1.0, 0.0, 0.0, -1.0, 0.0, 0.0, 0.03563516963572466];9.480378100000962
[28.75872103645888, 1070.32011842345, 119.14427355643804];True;False;[0.0, 7.25, 1.4500000000000002, 0.0, 0.0, 12.044486461903077, 0.5, 0.5, 10043.632493845296, 10500.0, 10500.0, 0.0, 3.0, 0.0, 0.025, 0.0352479374599643, 0.0, 0.0, 0.05, 0.5, 0.5, 0.05, 0.5, 0.5, 0.007001834624030588, 0.0, 0.0, 0.05, 0.5, 0.5, 0.05, 0.5, 0.5, 0.0, 0.0, 0.0, 0.030000000000000002, 0.255, 0.0, 0.0, 0.0];[0.3185318871032363, -1.4787474714612576, -5.877223033986672, 0.6663623921757393, -0.4, -2.9555135380969233, -14.0, -14.0, -1.0, 0.0, 0.0, -1.0, 0.0, 0.0, 0.03563516963572466];8.920189800002845
[28.75872103645888, 1070.32011842345, 119.14427355643804];True;False;[0.0, 7.25, 1.4500000000000002, 0.0, 0.0, 12.044486461903077, 0.5, 0.5, 10043.632493845296, 10500.0, 10500.0, 0.0, 3.0, 0.0, 0.025, 0.0352479374599643, 0.0, 0.0, 0.05, 0.5, 0.5, 0.05, 0.5, 0.5, 0.007001834624030588, 0.0, 0.0, 0.05, 0.5, 0.5, 0.05, 0.5, 0.5, 0.0, 0.0, 0.0, 0.030000000000000002, 0.255, 0.0, 0.0, 0.0];[0.3185318871032363, -1.4787474714612576, -5.877223033986672, 0.6663623921757393, -0.4, -2.9555135380969233, -14.0, -14.0, -1.0, 0.0, 0.0, -1.0, 0.0, 0.0, 0.03563516963572466];9.54326410000067
[28.75872103645888, 1070.32011842345, 119.14427355643804];True;False;[0.0, 7.25, 1.4500000000000002, 0.0, 0.0, 12.044486461903077, 0.5, 0.5, 10043.632493845296, 10500.0, 10500.0, 0.0, 3.0, 0.0, 0.025, 0.0352479374599643, 0.0, 0.0, 0.05, 0.5, 0.5, 0.05, 0.5, 0.5, 0.007001834624030588, 0.0, 0.0, 0.05, 0.5, 0.5, 0.05, 0.5, 0.5, 0.0, 0.0, 0.0, 0.030000000000000002, 0.255, 0.0, 0.0, 0.0];[0.3185318871032363, -1.4787474714612576, -5.877223033986672, 0.6663623921757393, -0.4, -2.9555135380969233, -14.0, -14.0, -1.0, 0.0, 0.0, -1.0, 0.0, 0.0, 0.03563516963572466];9.826904699999432
[28.75872103645888, 1070.32011842345, 119.14427355643804];True;False;[0.0, 7.25, 1.4500000000000002, 0.0, 0.0, 12.044486461903077, 0.5, 0.5, 10043.632493845296, 10500.0, 10500.0, 0.0, 3.0, 0.0, 0.025, 0.0352479374599643, 0.0, 0.0, 0.05, 0.5, 0.5, 0.05, 0.5, 0.5, 0.007001834624030588, 0.0, 0.0, 0.05, 0.5, 0.5, 0.05, 0.5, 0.5, 0.0, 0.0, 0.0, 0.030000000000000002, 0.255, 0.0, 0.0, 0.0];[0.3185318871032363, -1.4787474714612576, -5.877223033986672, 0.6663623921757393, -0.4, -2.9555135380969233, -14.0, -14.0, -1.0, 0.0, 0.0, -1.0, 0.0, 0.0, 0.03563516963572466];9.096263799998269
[28.75872103645888, 1070.32011842345, 119.14427355643804];True;False;[0.0, 7.25, 1.4500000000000002, 0.0, 0.0, 12.044486461903077, 0.5, 0.5, 10043.632493845296, 10500.0, 10500.0, 0.0, 3.0, 0.0, 0.025, 0.0352479374599643, 0.0, 0.0, 0.05, 0.5, 0.5, 0.05, 0.5, 0.5, 0.007001834624030588, 0.0, 0.0, 0.05, 0.5, 0.5, 0.05, 0.5, 0.5, 0.0, 0.0, 0.0, 0.030000000000000002, 0.255, 0.0, 0.0, 0.0];[0.3185318871032363, -1.4787474714612576, -5.877223033986672, 0.6663623921757393, -0.4, -2.9555135380969233, -14.0, -14.0, -1.0, 0.0, 0.0, -1.0, 0.0, 0.0, 0.03563516963572466];9.16156829999818
[28.75872103645888, 1070.32011842345, 119.14427355643804];True;False;[0.0, 7.25, 1.4500000000000002, 0.0, 0.0, 12.044486461903077, 0.5, 0.5, 10043.632493845296, 10500.0, 10500.0, 0.0, 3.0, 0.0, 0.025, 0.0352479374599643, 0.0, 0.0, 0.05, 0.5, 0.5, 0.05, 0.5, 0.5, 0.007001834624030588, 0.0, 0.0, 0.05, 0.5, 0.5, 0.05, 0.5, 0.5, 0.0, 0.0, 0.0, 0.030000000000000002, 0.255, 0.0, 0.0, 0.0];[0.3185318871032363, -1.4787474714612576, -5.877223033986672, 0.6663623921757393, -0.4, -2.9555135380969233, -14.0, -14.0, -1.0, 0.0, 0.0, -1.0, 0.0, 0.0, 0.03563516963572466];8.70163070000126
[28.75872103645888, 1070.32011842345, 119.14427355643804];True;False;[0.0, 7.25, 1.4500000000000002, 0.0, 0.0, 12.044486461903077, 0.5, 0.5, 10043.632493845296, 10500.0, 10500.0, 0.0, 3.0, 0.0, 0.025, 0.0352479374599643, 0.0, 0.0, 0.05, 0.5, 0.5, 0.05, 0.5, 0.5, 0.007001834624030588, 0.0, 0.0, 0.05, 0.5, 0.5, 0.05, 0.5, 0.5, 0.0, 0.0, 0.0, 0.030000000000000002, 0.255, 0.0, 0.0, 0.0];[0.3185318871032363, -1.4787474714612576, -5.877223033986672, 0.6663623921757393, -0.4, -2.9555135380969233, -14.0, -14.0, -1.0, 0.0, 0.0, -1.0, 0.0, 0.0, 0.03563516963572466];8.810530000002473
[28.75872103645888, 1070.32011842345, 119.14427355643804];True;False;[0.0, 7.25, 1.4500000000000002, 0.0, 0.0, 12.044486461903077, 0.5, 0.5, 10043.632493845296, 10500.0, 10500.0, 0.0, 3.0, 0.0, 0.025, 0.0352479374599643, 0.0, 0.0, 0.05, 0.5, 0.5, 0.05, 0.5, 0.5, 0.007001834624030588, 0.0, 0.0, 0.05, 0.5, 0.5, 0.05, 0.5, 0.5, 0.0, 0.0, 0.0, 0.030000000000000002, 0.255, 0.0, 0.0, 0.0];[0.3185318871032363, -1.4787474714612576, -5.877223033986672, 0.6663623921757393, -0.4, -2.9555135380969233, -14.0, -14.0, -1.0, 0.0, 0.0, -1.0, 0.0, 0.0, 0.03563516963572466];8.68192260000069
[28.75872103645888, 1070.32011842345, 119.14427355643804];True;False;[0.0, 7.25, 1.4500000000000002, 0.0, 0.0, 12.044486461903077, 0.5, 0.5, 10043.632493845296, 10500.0, 10500.0, 0.0, 3.0, 0.0, 0.025, 0.0352479374599643, 0.0, 0.0, 0.05, 0.5, 0.5, 0.05, 0.5, 0.5, 0.007001834624030588, 0.0, 0.0, 0.05, 0.5, 0.5, 0.05, 0.5, 0.5, 0.0, 0.0, 0.0, 0.030000000000000002, 0.255, 0.0, 0.0, 0.0];[0.3185318871032363, -1.4787474714612576, -5.877223033986672, 0.6663623921757393, -0.4, -2.9555135380969233, -14.0, -14.0, -1.0, 0.0, 0.0, -1.0, 0.0, 0.0, 0.03563516963572466];8.86422820000007
[28.75872103645888, 1070.32011842345, 119.14427355643804];True;False;[0.0, 7.25, 1.4500000000000002, 0.0, 0.0, 12.044486461903077, 0.5, 0.5, 10043.632493845296, 10500.0, 10500.0, 0.0, 3.0, 0.0, 0.025, 0.0352479374599643, 0.0, 0.0, 0.05, 0.5, 0.5, 0.05, 0.5, 0.5, 0.007001834624030588, 0.0, 0.0, 0.05, 0.5, 0.5, 0.05, 0.5, 0.5, 0.0, 0.0, 0.0, 0.030000000000000002, 0.255, 0.0, 0.0, 0.0];[0.3185318871032363, -1.4787474714612576, -5.877223033986672, 0.6663623921757393, -0.4, -2.9555135380969233, -14.0, -14.0, -1.0, 0.0, 0.0, -1.0, 0.0, 0.0, 0.03563516963572466];8.872545199999877
[28.75872103645888, 1070.32011842345, 119.14427355643804];True;False;[0.0, 7.25, 1.4500000000000002, 0.0, 0.0, 12.044486461903077, 0.5, 0.5, 10043.632493845296, 10500.0, 10500.0, 0.0, 3.0, 0.0, 0.025, 0.0352479374599643, 0.0, 0.0, 0.05, 0.5, 0.5, 0.05, 0.5, 0.5, 0.007001834624030588, 0.0, 0.0, 0.05, 0.5, 0.5, 0.05, 0.5, 0.5, 0.0, 0.0, 0.0, 0.030000000000000002, 0.255, 0.0, 0.0, 0.0];[0.3185318871032363, -1.4787474714612576, -5.877223033986672, 0.6663623921757393, -0.4, -2.9555135380969233, -14.0, -14.0, -1.0, 0.0, 0.0, -1.0, 0.0, 0.0, 0.03563516963572466];8.778207600000314
[28.75872103645888, 1070.32011842345, 119.14427355643804];True;False;[0.0, 7.25, 1.4500000000000002, 0.0, 0.0, 12.044486461903077, 0.5, 0.5, 10043.632493845296, 10500.0, 10500.0, 0.0, 3.0, 0.0, 0.025, 0.0352479374599643, 0.0, 0.0, 0.05, 0.5, 0.5, 0.05, 0.5, 0.5, 0.007001834624030588, 0.0, 0.0, 0.05, 0.5, 0.5, 0.05, 0.5, 0.5, 0.0, 0.0, 0.0, 0.030000000000000002, 0.255, 0.0, 0.0, 0.0];[0.3185318871032363, -1.4787474714612576, -5.877223033986672, 0.6663623921757393, -0.4, -2.9555135380969233, -14.0, -14.0, -1.0, 0.0, 0.0, -1.0, 0.0, 0.0, 0.03563516963572466];8.755873499998415
[28.75872103645888, 1070.32011842345, 119.14427355643804];True;False;[0.0, 7.25, 1.4500000000000002, 0.0, 0.0, 12.044486461903077, 0.5, 0.5, 10043.632493845296, 10500.0, 10500.0, 0.0, 3.0, 0.0, 0.025, 0.0352479374599643, 0.0, 0.0, 0.05, 0.5, 0.5, 0.05, 0.5, 0.5, 0.007001834624030588, 0.0, 0.0, 0.05, 0.5, 0.5, 0.05, 0.5, 0.5, 0.0, 0.0, 0.0, 0.030000000000000002, 0.255, 0.0, 0.0, 0.0];[0.3185318871032363, -1.4787474714612576, -5.877223033986672, 0.6663623921757393, -0.4, -2.9555135380969233, -14.0, -14.0, -1.0, 0.0, 0.0, -1.0, 0.0, 0.0, 0.03563516963572466];8.65112709999812
[28.75872103645888, 1070.32011842345, 119.14427355643804];True;False;[0.0, 7.25, 1.4500000000000002, 0.0, 0.0, 12.044486461903077, 0.5, 0.5, 10043.632493845296, 10500.0, 10500.0, 0.0, 3.0, 0.0, 0.025, 0.0352479374599643, 0.0, 0.0, 0.05, 0.5, 0.5, 0.05, 0.5, 0.5, 0.007001834624030588, 0.0, 0.0, 0.05, 0.5, 0.5, 0.05, 0.5, 0.5, 0.0, 0.0, 0.0, 0.030000000000000002, 0.255, 0.0, 0.0, 0.0];[0.3185318871032363, -1.4787474714612576, -5.877223033986672, 0.6663623921757393, -0.4, -2.9555135380969233, -14.0, -14.0, -1.0, 0.0, 0.0, -1.0, 0.0, 0.0, 0.03563516963572466];8.94533170000068
[28.75872103645888, 1070.32011842345, 119.14427355643804];True;False;[0.0, 7.25, 1.4500000000000002, 0.0, 0.0, 12.044486461903077, 0.5, 0.5, 10043.632493845296, 10500.0, 10500.0, 0.0, 3.0, 0.0, 0.025, 0.0352479374599643, 0.0, 0.0, 0.05, 0.5, 0.5, 0.05, 0.5, 0.5, 0.007001834624030588, 0.0, 0.0, 0.05, 0.5, 0.5, 0.05, 0.5, 0.5, 0.0, 0.0, 0.0, 0.030000000000000002, 0.255, 0.0, 0.0, 0.0];[0.3185318871032363, -1.4787474714612576, -5.877223033986672, 0.6663623921757393, -0.4, -2.9555135380969233, -14.0, -14.0, -1.0, 0.0, 0.0, -1.0, 0.0, 0.0, 0.03563516963572466];9.266283099997963
[28.758721036456382, 1070.3201184234435, 119.14427355643889];True;False;[0.0, 7.25, 1.4500000000000002, 0.0, 0.0, 12.044486461903077, 0.5, 0.5, 10032.58836016897, 10500.0, 10500.0, 0.0, 3.0, 0.0, 0.025, 0.0352479374599643, 0.0, 0.0, 0.05, 0.5, 0.5, 0.05, 0.5, 0.5, 0.007001834624030588, 0.0, 0.0, 0.05, 0.5, 0.5, 0.05, 0.5, 0.5, 0.0, 0.0, 0.0, 0.030000000000000002, 0.255, 0.0, 0.0, 0.0];[0.3185318871032248, -1.4787474714612638, -5.8772230339867, 0.6663623921759394, -0.4, -2.9555135380969233, -14.0, -14.0, -1.0, 0.0, 0.0, -1.0, 0.0, 0.0, 0.03563516963572766];9.62982980000379
[28.75872103645888, 1070.32011842345, 119.14427355643804];True;False;[0.0, 7.25, 1.4500000000000002, 0.0, 0.0, 12.044486461903077, 0.5, 0.5, 10043.632493845296, 10500.0, 10500.0, 0.0, 3.0, 0.0, 0.025, 0.0352479374599643, 0.0, 0.0, 0.05, 0.5, 0.5, 0.05, 0.5, 0.5, 0.007001834624030588, 0.0, 0.0, 0.05, 0.5, 0.5, 0.05, 0.5, 0.5, 0.0, 0.0, 0.0, 0.030000000000000002, 0.255, 0.0, 0.0, 0.0];[0.3185318871032363, -1.4787474714612576, -5.877223033986672, 0.6663623921757393, -0.4, -2.9555135380969233, -14.0, -14.0, -1.0, 0.0, 0.0, -1.0, 0.0, 0.0, 0.03563516963572466];9.348312699999951
[28.75872103645888, 1070.32011842345, 119.14427355643804];True;False;[0.0, 7.25, 1.4500000000000002, 0.0, 0.0, 12.044486461903077, 0.5, 0.5, 10043.632493845296, 10500.0, 10500.0, 0.0, 3.0, 0.0, 0.025, 0.0352479374599643, 0.0, 0.0, 0.05, 0.5, 0.5, 0.05, 0.5, 0.5, 0.007001834624030588, 0.0, 0.0, 0.05, 0.5, 0.5, 0.05, 0.5, 0.5, 0.0, 0.0, 0.0, 0.030000000000000002, 0.255, 0.0, 0.0, 0.0];[0.3185318871032363, -1.4787474714612576, -5.877223033986672, 0.6663623921757393, -0.4, -2.9555135380969233, -14.0, -14.0, -1.0, 0.0, 0.0, -1.0, 0.0, 0.0, 0.03563516963572466];9.119900999998208
[28.75872103645888, 1070.32011842345, 119.14427355643804];True;False;[0.0, 7.25, 1.4500000000000002, 0.0, 0.0, 12.044486461903077, 0.5, 0.5, 10043.632493845296, 10500.0, 10500.0, 0.0, 3.0, 0.0, 0.025, 0.0352479374599643, 0.0, 0.0, 0.05, 0.5, 0.5, 0.05, 0.5, 0.5, 0.007001834624030588, 0.0, 0.0, 0.05, 0.5, 0.5, 0.05, 0.5, 0.5, 0.0, 0.0, 0.0, 0.030000000000000002, 0.255, 0.0, 0.0, 0.0];[0.3185318871032363, -1.4787474714612576, -5.877223033986672, 0.6663623921757393, -0.4, -2.9555135380969233, -14.0, -14.0, -1.0, 0.0, 0.0, -1.0, 0.0, 0.0, 0.03563516963572466];9.348471000004793
[28.75872103645888, 1070.32011842345, 119.14427355643804];True;False;[0.0, 7.25, 1.4500000000000002, 0.0, 0.0, 12.044486461903077, 0.5, 0.5, 10043.632493845296, 10500.0, 10500.0, 0.0, 3.0, 0.0, 0.025, 0.0352479374599643, 0.0, 0.0, 0.05, 0.5, 0.5, 0.05, 0.5, 0.5, 0.007001834624030588, 0.0, 0.0, 0.05, 0.5, 0.5, 0.05, 0.5, 0.5, 0.0, 0.0, 0.0, 0.030000000000000002, 0.255, 0.0, 0.0, 0.0];[0.3185318871032363, -1.4787474714612576, -5.877223033986672, 0.6663623921757393, -0.4, -2.9555135380969233, -14.0, -14.0, -1.0, 0.0, 0.0, -1.0, 0.0, 0.0, 0.03563516963572466];9.237376799996127
[28.758721036456382, 1070.3201184234435, 119.14427355643889];True;False;[0.0, 7.25, 1.4500000000000002, 0.0, 0.0, 12.044486461903077, 0.5, 0.5, 10032.58836016897, 10500.0, 10500.0, 0.0, 3.0, 0.0, 0.025, 0.0352479374599643, 0.0, 0.0, 0.05, 0.5, 0.5, 0.05, 0.5, 0.5, 0.007001834624030588, 0.0, 0.0, 0.05, 0.5, 0.5, 0.05, 0.5, 0.5, 0.0, 0.0, 0.0, 0.030000000000000002, 0.255, 0.0, 0.0, 0.0];[0.3185318871032248, -1.4787474714612638, -5.8772230339867, 0.6663623921759394, -0.4, -2.9555135380969233, -14.0, -14.0, -1.0, 0.0, 0.0, -1.0, 0.0, 0.0, 0.03563516963572766];8.080806599995412
[28.75872103645888, 1070.32011842345, 119.14427355643804];True;False;[0.0, 7.25, 1.4500000000000002, 0.0, 0.0, 12.044486461903077, 0.5, 0.5, 10043.632493845296, 10500.0, 10500.0, 0.0, 3.0, 0.0, 0.025, 0.0352479374599643, 0.0, 0.0, 0.05, 0.5, 0.5, 0.05, 0.5, 0.5, 0.007001834624030588, 0.0, 0.0, 0.05, 0.5, 0.5, 0.05, 0.5, 0.5, 0.0, 0.0, 0.0, 0.030000000000000002, 0.255, 0.0, 0.0, 0.0];[0.3185318871032363, -1.4787474714612576, -5.877223033986672, 0.6663623921757393, -0.4, -2.9555135380969233, -14.0, -14.0, -1.0, 0.0, 0.0, -1.0, 0.0, 0.0, 0.03563516963572466];8.546110000002955
[28.75872103645888, 1070.32011842345, 119.14427355643804];True;False;[0.0, 7.25, 1.4500000000000002, 0.0, 0.0, 12.044486461903077, 0.5, 0.5, 10043.632493845296, 10500.0, 10500.0, 0.0, 3.0, 0.0, 0.025, 0.0352479374599643, 0.0, 0.0, 0.05, 0.5, 0.5, 0.05, 0.5, 0.5, 0.007001834624030588, 0.0, 0.0, 0.05, 0.5, 0.5, 0.05, 0.5, 0.5, 0.0, 0.0, 0.0, 0.030000000000000002, 0.255, 0.0, 0.0, 0.0];[0.3185318871032363, -1.4787474714612576, -5.877223033986672, 0.6663623921757393, -0.4, -2.9555135380969233, -14.0, -14.0, -1.0, 0.0, 0.0, -1.0, 0.0, 0.0, 0.03563516963572466];8.920378300004813
[28.75872103645888, 1070.32011842345, 119.14427355643804];True;False;[0.0, 7.25, 1.4500000000000002, 0.0, 0.0, 12.044486461903077, 0.5, 0.5, 10043.632493845296, 10500.0, 10500.0, 0.0, 3.0, 0.0, 0.025, 0.0352479374599643, 0.0, 0.0, 0.05, 0.5, 0.5, 0.05, 0.5, 0.5, 0.007001834624030588, 0.0, 0.0, 0.05, 0.5, 0.5, 0.05, 0.5, 0.5, 0.0, 0.0, 0.0, 0.030000000000000002, 0.255, 0.0, 0.0, 0.0];[0.3185318871032363, -1.4787474714612576, -5.877223033986672, 0.6663623921757393, -0.4, -2.9555135380969233, -14.0, -14.0, -1.0, 0.0, 0.0, -1.0, 0.0, 0.0, 0.03563516963572466];8.3935324999984
[27.393480461631384, 1101.9856258097448, 119.01602156304983];True;False;[0.0, 7.25, 1.4500000000000002, 0.0, 0.0, 15.25235570880812, 0.5, 0.5, 10032.58836016897, 10500.0, 10500.0, 0.0, 3.0, 0.0, 0.025, 0.0352479374599643, 0.0, 0.0, 0.05, 0.5, 0.5, 0.05, 0.5, 0.5, 0.007001834624030588, 0.0, 0.0, 0.05, 0.5, 0.5, 0.05, 0.5, 0.5, 0.0, 0.0, 0.0, 0.030000000000000002, 0.255, 0.0, 0.0, 0.0];[0.29635518581536946, -1.4844601837962907, -2.296855997300433, 0.7242627067611747, -0.4, 0.2523557088081194, -14.0, -14.0, -1.0, 0.0, 0.0, -1.0, 0.0, 0.0, 0.038111762943787486];17.138082800003758
[28.758721036456276, 1070.320118423435, 119.14427355643893];True;False;[0.0, 7.25, 1.4500000000000002, 0.0, 0.0, 12.044486461903077, 0.5, 0.5, 10032.2776427616, 10500.0, 10500.0, 0.0, 3.0, 0.0, 0.025, 0.0352479374599643, 0.0, 0.0, 0.05, 0.5, 0.5, 0.05, 0.5, 0.5, 0.007001834624030588, 0.0, 0.0, 0.05, 0.5, 0.5, 0.05, 0.5, 0.5, 0.0, 0.0, 0.0, 0.030000000000000002, 0.255, 0.0, 0.0, 0.0];[0.3185318871032061, -1.4787474714612656, -5.877223033986761, 0.6663623921759472, -0.4, -2.9555135380969233, -14.0, -14.0, -1.0, 0.0, 0.0, -1.0, 0.0, 0.0, 0.0356351696357281];9.047469299999648
[28.75872103645888, 1070.32011842345, 119.14427355643804];True;False;[0.0, 7.25, 1.4500000000000002, 0.0, 0.0, 12.044486461903077, 0.5, 0.5, 10043.632493845296, 10500.0, 10500.0, 0.0, 3.0, 0.0, 0.025, 0.0352479374599643, 0.0, 0.0, 0.05, 0.5, 0.5, 0.05, 0.5, 0.5, 0.007001834624030588, 0.0, 0.0, 0.05, 0.5, 0.5, 0.05, 0.5, 0.5, 0.0, 0.0, 0.0, 0.030000000000000002, 0.255, 0.0, 0.0, 0.0];[0.3185318871032363, -1.4787474714612576, -5.877223033986672, 0.6663623921757393, -0.4, -2.9555135380969233, -14.0, -14.0, -1.0, 0.0, 0.0, -1.0, 0.0, 0.0, 0.03563516963572466];9.092321999996784
[28.75872103645893, 1070.3201184234422, 119.14427355643801];True;False;[0.0, 7.25, 1.4500000000000002, 0.0, 0.0, 12.044486461903077, 0.5, 0.5, 10042.431523578935, 10500.0, 10500.0, 0.0, 3.0, 0.0, 0.025, 0.0352479374599643, 0.0, 0.0, 0.05, 0.5, 0.5, 0.05, 0.5, 0.5, 0.007001834624030588, 0.0, 0.0, 0.05, 0.5, 0.5, 0.05, 0.5, 0.5, 0.0, 0.0, 0.0, 0.030000000000000002, 0.255, 0.0, 0.0, 0.0];[0.3185318871032221, -1.4787474714612632, -5.877223033986754, 0.6663623921757393, -0.4, -2.9555135380969233, -14.0, -14.0, -1.0, 0.0, 0.0, -1.0, 0.0, 0.0, 0.035635169635727326];9.16775570000027
[28.758721036456187, 1070.3201184234415, 119.14427355643912];True;False;[0.0, 7.25, 1.4500000000000002, 0.0, 0.0, 12.044486461903077, 0.5, 0.5, 10043.943211252667, 10500.0, 10500.0, 0.0, 3.0, 0.0, 0.025, 0.0352479374599643, 0.0, 0.0, 0.05, 0.5, 0.5, 0.05, 0.5, 0.5, 0.007001834624030588, 0.0, 0.0, 0.05, 0.5, 0.5, 0.05, 0.5, 0.5, 0.0, 0.0, 0.0, 0.030000000000000002, 0.255, 0.0, 0.0, 0.0];[0.318531887103223, -1.4787474714612663, -5.877223033973017, 0.6663623921759334, -0.4, -2.9555135380969233, -14.0, -14.0, -1.0, 0.0, 0.0, -1.0, 0.0, 0.0, 0.0356351696357291];9.093209400001797
[28.758721036456187, 1070.3201184234415, 119.14427355643912];True;False;[0.0, 7.25, 1.4500000000000002, 0.0, 0.0, 12.044486461903077, 0.5, 0.5, 10043.943211252667, 10500.0, 10500.0, 0.0, 3.0, 0.0, 0.025, 0.0352479374599643, 0.0, 0.0, 0.05, 0.5, 0.5, 0.05, 0.5, 0.5, 0.007001834624030588, 0.0, 0.0, 0.05, 0.5, 0.5, 0.05, 0.5, 0.5, 0.0, 0.0, 0.0, 0.030000000000000002, 0.255, 0.0, 0.0, 0.0];[0.318531887103223, -1.4787474714612663, -5.877223033973017, 0.6663623921759334, -0.4, -2.9555135380969233, -14.0, -14.0, -1.0, 0.0, 0.0, -1.0, 0.0, 0.0, 0.0356351696357291];9.329924499994377
[28.758721036456187, 1070.3201184234415, 119.14427355643912];True;False;[0.0, 7.25, 1.4500000000000002, 0.0, 0.0, 12.044486461903077, 0.5, 0.5, 10043.943211252667, 10500.0, 10500.0, 0.0, 3.0, 0.0, 0.025, 0.0352479374599643, 0.0, 0.0, 0.05, 0.5, 0.5, 0.05, 0.5, 0.5, 0.007001834624030588, 0.0, 0.0, 0.05, 0.5, 0.5, 0.05, 0.5, 0.5, 0.0, 0.0, 0.0, 0.030000000000000002, 0.255, 0.0, 0.0, 0.0];[0.318531887103223, -1.4787474714612663, -5.877223033973017, 0.6663623921759334, -0.4, -2.9555135380969233, -14.0, -14.0, -1.0, 0.0, 0.0, -1.0, 0.0, 0.0, 0.0356351696357291];9.063555099994119
[28.758721036456187, 1070.3201184234415, 119.14427355643912];True;False;[0.0, 7.25, 1.4500000000000002, 0.0, 0.0, 12.044486461903077, 0.5, 0.5, 10043.943211252667, 10500.0, 10500.0, 0.0, 3.0, 0.0, 0.025, 0.0352479374599643, 0.0, 0.0, 0.05, 0.5, 0.5, 0.05, 0.5, 0.5, 0.007001834624030588, 0.0, 0.0, 0.05, 0.5, 0.5, 0.05, 0.5, 0.5, 0.0, 0.0, 0.0, 0.030000000000000002, 0.255, 0.0, 0.0, 0.0];[0.318531887103223, -1.4787474714612663, -5.877223033973017, 0.6663623921759334, -0.4, -2.9555135380969233, -14.0, -14.0, -1.0, 0.0, 0.0, -1.0, 0.0, 0.0, 0.0356351696357291];8.44234680000227
[28.758721036456187, 1070.3201184234415, 119.14427355643912];True;False;[0.0, 7.25, 1.4500000000000002, 0.0, 0.0, 12.044486461903077, 0.5, 0.5, 10043.943211252667, 10500.0, 10500.0, 0.0, 3.0, 0.0, 0.025, 0.0352479374599643, 0.0, 0.0, 0.05, 0.5, 0.5, 0.05, 0.5, 0.5, 0.007001834624030588, 0.0, 0.0, 0.05, 0.5, 0.5, 0.05, 0.5, 0.5, 0.0, 0.0, 0.0, 0.030000000000000002, 0.255, 0.0, 0.0, 0.0];[0.318531887103223, -1.4787474714612663, -5.877223033973017, 0.6663623921759334, -0.4, -2.9555135380969233, -14.0, -14.0, -1.0, 0.0, 0.0, -1.0, 0.0, 0.0, 0.0356351696357291];9.047733899999002
[28.758721036452062, 1070.320118423452, 119.14427355644034];True;False;[0.0, 7.25, 1.4500000000000002, 0.0, 0.0, 12.044486461903077, 0.5, 0.5, 10044.253505955272, 10500.0, 10500.0, 0.0, 3.0, 0.0, 0.025, 0.0352479374599643, 0.0, 0.0, 0.05, 0.5, 0.5, 0.05, 0.5, 0.5, 0.007001834624030588, 0.0, 0.0, 0.05, 0.5, 0.5, 0.05, 0.5, 0.5, 0.0, 0.0, 0.0, 0.030000000000000002, 0.255, 0.0, 0.0, 0.0];[0.3185318871032399, -1.4787474714612554, -5.877223033986727, 0.6663623921763007, -0.4, -2.9555135380969233, -14.0, -14.0, -1.0, 0.0, 0.0, -1.0, 0.0, 0.0, 0.03563516963572355];8.952027799998177
[28.758721036452062, 1070.320118423452, 119.14427355644034];True;False;[0.0, 7.25, 1.4500000000000002, 0.0, 0.0, 12.044486461903077, 0.5, 0.5, 10044.253505955272, 10500.0, 10500.0, 0.0, 3.0, 0.0, 0.025, 0.0352479374599643, 0.0, 0.0, 0.05, 0.5, 0.5, 0.05, 0.5, 0.5, 0.007001834624030588, 0.0, 0.0, 0.05, 0.5, 0.5, 0.05, 0.5, 0.5, 0.0, 0.0, 0.0, 0.030000000000000002, 0.255, 0.0, 0.0, 0.0];[0.3185318871032399, -1.4787474714612554, -5.877223033986727, 0.6663623921763007, -0.4, -2.9555135380969233, -14.0, -14.0, -1.0, 0.0, 0.0, -1.0, 0.0, 0.0, 0.03563516963572355];8.773639599996386
[28.75872103645497, 1070.3201184234474, 119.14427355643949];True;False;[0.0, 7.25, 1.4500000000000002, 0.0, 0.0, 12.044486461903077, 0.5, 0.5, 10042.310434238343, 10500.0, 10500.0, 0.0, 3.0, 0.0, 0.025, 0.0352479374599643, 0.0, 0.0, 0.05, 0.5, 0.5, 0.05, 0.5, 0.5, 0.007001834624030588, 0.0, 0.0, 0.05, 0.5, 0.5, 0.05, 0.5, 0.5, 0.0, 0.0, 0.0, 0.030000000000000002, 0.255, 0.0, 0.0, 0.0];[0.3185318871032319, -1.4787474714612598, -5.877223033972987, 0.6663623921760344, -0.4, -2.9555135380969233, -14.0, -14.0, -1.0, 0.0, 0.0, -1.0, 0.0, 0.0, 0.03563516963572577];8.37363170000026
[28.758721036452062, 1070.320118423452, 119.14427355644034];True;False;[0.0, 7.25, 1.4500000000000002, 0.0, 0.0, 12.044486461903077, 0.5, 0.5, 10044.253505955272, 10500.0, 10500.0, 0.0, 3.0, 0.0, 0.025, 0.0352479374599643, 0.0, 0.0, 0.05, 0.5, 0.5, 0.05, 0.5, 0.5, 0.007001834624030588, 0.0, 0.0, 0.05, 0.5, 0.5, 0.05, 0.5, 0.5, 0.0, 0.0, 0.0, 0.030000000000000002, 0.255, 0.0, 0.0, 0.0];[0.3185318871032399, -1.4787474714612554, -5.877223033986727, 0.6663623921763007, -0.4, -2.9555135380969233, -14.0, -14.0, -1.0, 0.0, 0.0, -1.0, 0.0, 0.0, 0.03563516963572355];8.793738499996834
[28.75872103645651, 1070.3201184234474, 119.14427355643888];True;False;[0.0, 7.25, 1.4500000000000002, 0.0, 0.0, 12.044486461903077, 0.5, 0.5, 10044.06430059326, 10500.0, 10500.0, 0.0, 3.0, 0.0, 0.025, 0.0352479374599643, 0.0, 0.0, 0.05, 0.5, 0.5, 0.05, 0.5, 0.5, 0.007001834624030588, 0.0, 0.0, 0.05, 0.5, 0.5, 0.05, 0.5, 0.5, 0.0, 0.0, 0.0, 0.030000000000000002, 0.255, 0.0, 0.0, 0.0];[0.3185318871032319, -1.4787474714612594, -5.877223033986732, 0.6663623921759252, -0.4, -2.9555135380969233, -14.0, -14.0, -1.0, 0.0, 0.0, -1.0, 0.0, 0.0, 0.03563516963572555];8.975451400001475
[28.758721036452215, 1070.3201184234474, 119.14427355644025];True;False;[0.0, 7.25, 1.4500000000000002, 0.0, 0.0, 12.044486461903077, 0.5, 0.5, 10044.23579556241, 10500.0, 10500.0, 0.0, 3.0, 0.0, 0.025, 0.0352479374599643, 0.0, 0.0, 0.05, 0.5, 0.5, 0.05, 0.5, 0.5, 0.007001834624030588, 0.0, 0.0, 0.05, 0.5, 0.5, 0.05, 0.5, 0.5, 0.0, 0.0, 0.0, 0.030000000000000002, 0.255, 0.0, 0.0, 0.0];[0.3185318871032319, -1.478747471461258, -5.877223033986757, 0.6663623921762869, -0.4, -2.9555135380969233, -14.0, -14.0, -1.0, 0.0, 0.0, -1.0, 0.0, 0.0, 0.03563516963572477];8.622118200000841
[28.75872103645893, 1070.3201184234422, 119.14427355643801];True;False;[0.0, 7.25, 1.4500000000000002, 0.0, 0.0, 12.044486461903077, 0.5, 0.5, 10042.431523578935, 10500.0, 10500.0, 0.0, 3.0, 0.0, 0.025, 0.0352479374599643, 0.0, 0.0, 0.05, 0.5, 0.5, 0.05, 0.5, 0.5, 0.007001834624030588, 0.0, 0.0, 0.05, 0.5, 0.5, 0.05, 0.5, 0.5, 0.0, 0.0, 0.0, 0.030000000000000002, 0.255, 0.0, 0.0, 0.0];[0.3185318871032221, -1.4787474714612632, -5.877223033986754, 0.6663623921757393, -0.4, -2.9555135380969233, -14.0, -14.0, -1.0, 0.0, 0.0, -1.0, 0.0, 0.0, 0.035635169635727326];8.507001899997704
[28.758721036452062, 1070.320118423452, 119.14427355644034];True;False;[0.0, 7.25, 1.4500000000000002, 0.0, 0.0, 12.044486461903077, 0.5, 0.5, 10044.253505955272, 10500.0, 10500.0, 0.0, 3.0, 0.0, 0.025, 0.0352479374599643, 0.0, 0.0, 0.05, 0.5, 0.5, 0.05, 0.5, 0.5, 0.007001834624030588, 0.0, 0.0, 0.05, 0.5, 0.5, 0.05, 0.5, 0.5, 0.0, 0.0, 0.0, 0.030000000000000002, 0.255, 0.0, 0.0, 0.0];[0.3185318871032399, -1.4787474714612554, -5.877223033986727, 0.6663623921763007, -0.4, -2.9555135380969233, -14.0, -14.0, -1.0, 0.0, 0.0, -1.0, 0.0, 0.0, 0.03563516963572355];8.832639300002484
[28.758721036452062, 1070.320118423452, 119.14427355644034];True;False;[0.0, 7.25, 1.4500000000000002, 0.0, 0.0, 12.044486461903077, 0.5, 0.5, 10044.253505955272, 10500.0, 10500.0, 0.0, 3.0, 0.0, 0.025, 0.0352479374599643, 0.0, 0.0, 0.05, 0.5, 0.5, 0.05, 0.5, 0.5, 0.007001834624030588, 0.0, 0.0, 0.05, 0.5, 0.5, 0.05, 0.5, 0.5, 0.0, 0.0, 0.0, 0.030000000000000002, 0.255, 0.0, 0.0, 0.0];[0.3185318871032399, -1.4787474714612554, -5.877223033986727, 0.6663623921763007, -0.4, -2.9555135380969233, -14.0, -14.0, -1.0, 0.0, 0.0, -1.0, 0.0, 0.0, 0.03563516963572355];9.498391300003277
[28.758721036452062, 1070.320118423452, 119.14427355644034];True;False;[0.0, 7.25, 1.4500000000000002, 0.0, 0.0, 12.044486461903077, 0.5, 0.5, 10044.253505955272, 10500.0, 10500.0, 0.0, 3.0, 0.0, 0.025, 0.0352479374599643, 0.0, 0.0, 0.05, 0.5, 0.5, 0.05, 0.5, 0.5, 0.007001834624030588, 0.0, 0.0, 0.05, 0.5, 0.5, 0.05, 0.5, 0.5, 0.0, 0.0, 0.0, 0.030000000000000002, 0.255, 0.0, 0.0, 0.0];[0.3185318871032399, -1.4787474714612554, -5.877223033986727, 0.6663623921763007, -0.4, -2.9555135380969233, -14.0, -14.0, -1.0, 0.0, 0.0, -1.0, 0.0, 0.0, 0.03563516963572355];9.139645600000222
[28.697415827166374, 1073.579221953059, 119.10856442696647];True;False;[0.0, 7.25, 1.4500000000000002, 0.0, 0.0, 12.044486461903077, 0.5, 0.5, 10043.632493845296, 10500.0, 10500.0, 0.0, 3.0, 0.0, 0.025, 0.03992233795358625, 0.0, 0.0, 0.05, 0.5, 0.5, 0.05, 0.5, 0.5, 0.007001834624030588, 0.0, 0.0, 0.05, 0.5, 0.5, 0.05, 0.5, 0.5, 0.0, 0.0, 0.0, 0.030000000000000002, 0.255, 0.0, 0.0, 0.0];[0.32507391010460474, -1.4770622480815103, -5.87722303398669, 0.6641850539137966, -0.4, -2.9555135380969233, -14.0, -14.0, -1.0, 0.0, 0.0, -1.0, 0.0, 0.0, 0.034908934625570986];8.75222699999722
[28.758721036452062, 1070.320118423452, 119.14427355644034];True;False;[0.0, 7.25, 1.4500000000000002, 0.0, 0.0, 12.044486461903077, 0.5, 0.5, 10044.253505955272, 10500.0, 10500.0, 0.0, 3.0, 0.0, 0.025, 0.0352479374599643, 0.0, 0.0, 0.05, 0.5, 0.5, 0.05, 0.5, 0.5, 0.007001834624030588, 0.0, 0.0, 0.05, 0.5, 0.5, 0.05, 0.5, 0.5, 0.0, 0.0, 0.0, 0.030000000000000002, 0.255, 0.0, 0.0, 0.0];[0.3185318871032399, -1.4787474714612554, -5.877223033986727, 0.6663623921763007, -0.4, -2.9555135380969233, -14.0, -14.0, -1.0, 0.0, 0.0, -1.0, 0.0, 0.0, 0.03563516963572355];10.287053000000014
[28.758721036452062, 1070.320118423452, 119.14427355644034];True;False;[0.0, 7.25, 1.4500000000000002, 0.0, 0.0, 12.044486461903077, 0.5, 0.5, 10044.253505955272, 10500.0, 10500.0, 0.0, 3.0, 0.0, 0.025, 0.0352479374599643, 0.0, 0.0, 0.05, 0.5, 0.5, 0.05, 0.5, 0.5, 0.007001834624030588, 0.0, 0.0, 0.05, 0.5, 0.5, 0.05, 0.5, 0.5, 0.0, 0.0, 0.0, 0.030000000000000002, 0.255, 0.0, 0.0, 0.0];[0.3185318871032399, -1.4787474714612554, -5.877223033986727, 0.6663623921763007, -0.4, -2.9555135380969233, -14.0, -14.0, -1.0, 0.0, 0.0, -1.0, 0.0, 0.0, 0.03563516963572355];10.261001099999703
[28.697415827166374, 1073.579221953059, 119.10856442696647];True;False;[0.0, 7.25, 1.4500000000000002, 0.0, 0.0, 12.044486461903077, 0.5, 0.5, 10043.632493845296, 10500.0, 10500.0, 0.0, 3.0, 0.0, 0.025, 0.03992233795358625, 0.0, 0.0, 0.05, 0.5, 0.5, 0.05, 0.5, 0.5, 0.007001834624030588, 0.0, 0.0, 0.05, 0.5, 0.5, 0.05, 0.5, 0.5, 0.0, 0.0, 0.0, 0.030000000000000002, 0.255, 0.0, 0.0, 0.0];[0.32507391010460474, -1.4770622480815103, -5.87722303398669, 0.6641850539137966, -0.4, -2.9555135380969233, -14.0, -14.0, -1.0, 0.0, 0.0, -1.0, 0.0, 0.0, 0.034908934625570986];9.39022990000376
[28.758721036452062, 1070.320118423452, 119.14427355644034];True;False;[0.0, 7.25, 1.4500000000000002, 0.0, 0.0, 12.044486461903077, 0.5, 0.5, 10044.253505955272, 10500.0, 10500.0, 0.0, 3.0, 0.0, 0.025, 0.0352479374599643, 0.0, 0.0, 0.05, 0.5, 0.5, 0.05, 0.5, 0.5, 0.007001834624030588, 0.0, 0.0, 0.05, 0.5, 0.5, 0.05, 0.5, 0.5, 0.0, 0.0, 0.0, 0.030000000000000002, 0.255, 0.0, 0.0, 0.0];[0.3185318871032399, -1.4787474714612554, -5.877223033986727, 0.6663623921763007, -0.4, -2.9555135380969233, -14.0, -14.0, -1.0, 0.0, 0.0, -1.0, 0.0, 0.0, 0.03563516963572355];9.359385000003385
[28.758721036452062, 1070.320118423452, 119.14427355644034];True;False;[0.0, 7.25, 1.4500000000000002, 0.0, 0.0, 12.044486461903077, 0.5, 0.5, 10044.253505955272, 10500.0, 10500.0, 0.0, 3.0, 0.0, 0.025, 0.0352479374599643, 0.0, 0.0, 0.05, 0.5, 0.5, 0.05, 0.5, 0.5, 0.007001834624030588, 0.0, 0.0, 0.05, 0.5, 0.5, 0.05, 0.5, 0.5, 0.0, 0.0, 0.0, 0.030000000000000002, 0.255, 0.0, 0.0, 0.0];[0.3185318871032399, -1.4787474714612554, -5.877223033986727, 0.6663623921763007, -0.4, -2.9555135380969233, -14.0, -14.0, -1.0, 0.0, 0.0, -1.0, 0.0, 0.0, 0.03563516963572355];9.733474800006661
[28.758721036452062, 1070.320118423452, 119.14427355644034];True;False;[0.0, 7.25, 1.4500000000000002, 0.0, 0.0, 12.044486461903077, 0.5, 0.5, 10044.253505955272, 10500.0, 10500.0, 0.0, 3.0, 0.0, 0.025, 0.0352479374599643, 0.0, 0.0, 0.05, 0.5, 0.5, 0.05, 0.5, 0.5, 0.007001834624030588, 0.0, 0.0, 0.05, 0.5, 0.5, 0.05, 0.5, 0.5, 0.0, 0.0, 0.0, 0.030000000000000002, 0.255, 0.0, 0.0, 0.0];[0.3185318871032399, -1.4787474714612554, -5.877223033986727, 0.6663623921763007, -0.4, -2.9555135380969233, -14.0, -14.0, -1.0, 0.0, 0.0, -1.0, 0.0, 0.0, 0.03563516963572355];9.723126299999421
[28.758721036452062, 1070.320118423452, 119.14427355644034];True;False;[0.0, 7.25, 1.4500000000000002, 0.0, 0.0, 12.044486461903077, 0.5, 0.5, 10044.253505955272, 10500.0, 10500.0, 0.0, 3.0, 0.0, 0.025, 0.0352479374599643, 0.0, 0.0, 0.05, 0.5, 0.5, 0.05, 0.5, 0.5, 0.007001834624030588, 0.0, 0.0, 0.05, 0.5, 0.5, 0.05, 0.5, 0.5, 0.0, 0.0, 0.0, 0.030000000000000002, 0.255, 0.0, 0.0, 0.0];[0.3185318871032399, -1.4787474714612554, -5.877223033986727, 0.6663623921763007, -0.4, -2.9555135380969233, -14.0, -14.0, -1.0, 0.0, 0.0, -1.0, 0.0, 0.0, 0.03563516963572355];9.907350199995562
[28.758721036452062, 1070.320118423452, 119.14427355644034];True;False;[0.0, 7.25, 1.4500000000000002, 0.0, 0.0, 12.044486461903077, 0.5, 0.5, 10044.253505955272, 10500.0, 10500.0, 0.0, 3.0, 0.0, 0.025, 0.0352479374599643, 0.0, 0.0, 0.05, 0.5, 0.5, 0.05, 0.5, 0.5, 0.007001834624030588, 0.0, 0.0, 0.05, 0.5, 0.5, 0.05, 0.5, 0.5, 0.0, 0.0, 0.0, 0.030000000000000002, 0.255, 0.0, 0.0, 0.0];[0.3185318871032399, -1.4787474714612554, -5.877223033986727, 0.6663623921763007, -0.4, -2.9555135380969233, -14.0, -14.0, -1.0, 0.0, 0.0, -1.0, 0.0, 0.0, 0.03563516963572355];8.957333199999994
[28.758721036452062, 1070.320118423452, 119.14427355644034];True;False;[0.0, 7.25, 1.4500000000000002, 0.0, 0.0, 12.044486461903077, 0.5, 0.5, 10044.253505955272, 10500.0, 10500.0, 0.0, 3.0, 0.0, 0.025, 0.0352479374599643, 0.0, 0.0, 0.05, 0.5, 0.5, 0.05, 0.5, 0.5, 0.007001834624030588, 0.0, 0.0, 0.05, 0.5, 0.5, 0.05, 0.5, 0.5, 0.0, 0.0, 0.0, 0.030000000000000002, 0.255, 0.0, 0.0, 0.0];[0.3185318871032399, -1.4787474714612554, -5.877223033986727, 0.6663623921763007, -0.4, -2.9555135380969233, -14.0, -14.0, -1.0, 0.0, 0.0, -1.0, 0.0, 0.0, 0.03563516963572355];9.421035200000915
[28.75872103645893, 1070.3201184234422, 119.14427355643801];True;False;[0.0, 7.25, 1.4500000000000002, 0.0, 0.0, 12.044486461903077, 0.5, 0.5, 10042.431523578935, 10500.0, 10500.0, 0.0, 3.0, 0.0, 0.025, 0.0352479374599643, 0.0, 0.0, 0.05, 0.5, 0.5, 0.05, 0.5, 0.5, 0.007001834624030588, 0.0, 0.0, 0.05, 0.5, 0.5, 0.05, 0.5, 0.5, 0.0, 0.0, 0.0, 0.030000000000000002, 0.255, 0.0, 0.0, 0.0];[0.3185318871032221, -1.4787474714612632, -5.877223033986754, 0.6663623921757393, -0.4, -2.9555135380969233, -14.0, -14.0, -1.0, 0.0, 0.0, -1.0, 0.0, 0.0, 0.035635169635727326];9.341023499997391
[28.758721036457263, 1070.3201184234426, 119.14427355643855];True;False;[0.0, 7.25, 1.4500000000000002, 0.0, 0.0, 12.044486461903077, 0.5, 0.5, 10042.44384613892, 10500.0, 10500.0, 0.0, 3.0, 0.0, 0.025, 0.0352479374599643, 0.0, 0.0, 0.05, 0.5, 0.5, 0.05, 0.5, 0.5, 0.007001834624030588, 0.0, 0.0, 0.05, 0.5, 0.5, 0.05, 0.5, 0.5, 0.0, 0.0, 0.0, 0.030000000000000002, 0.255, 0.0, 0.0, 0.0];[0.3185318871032239, -1.4787474714612643, -5.877223033986713, 0.6663623921758761, -0.4, -2.9555135380969233, -14.0, -14.0, -1.0, 0.0, 0.0, -1.0, 0.0, 0.0, 0.03563516963572799];9.30956029999652
[28.758721036452062, 1070.320118423452, 119.14427355644034];True;False;[0.0, 7.25, 1.4500000000000002, 0.0, 0.0, 12.044486461903077, 0.5, 0.5, 10044.253505955272, 10500.0, 10500.0, 0.0, 3.0, 0.0, 0.025, 0.0352479374599643, 0.0, 0.0, 0.05, 0.5, 0.5, 0.05, 0.5, 0.5, 0.007001834624030588, 0.0, 0.0, 0.05, 0.5, 0.5, 0.05, 0.5, 0.5, 0.0, 0.0, 0.0, 0.030000000000000002, 0.255, 0.0, 0.0, 0.0];[0.3185318871032399, -1.4787474714612554, -5.877223033986727, 0.6663623921763007, -0.4, -2.9555135380969233, -14.0, -14.0, -1.0, 0.0, 0.0, -1.0, 0.0, 0.0, 0.03563516963572355];9.719917999995232
[28.758721036452062, 1070.320118423452, 119.14427355644034];True;False;[0.0, 7.25, 1.4500000000000002, 0.0, 0.0, 12.044486461903077, 0.5, 0.5, 10044.253505955272, 10500.0, 10500.0, 0.0, 3.0, 0.0, 0.025, 0.0352479374599643, 0.0, 0.0, 0.05, 0.5, 0.5, 0.05, 0.5, 0.5, 0.007001834624030588, 0.0, 0.0, 0.05, 0.5, 0.5, 0.05, 0.5, 0.5, 0.0, 0.0, 0.0, 0.030000000000000002, 0.255, 0.0, 0.0, 0.0];[0.3185318871032399, -1.4787474714612554, -5.877223033986727, 0.6663623921763007, -0.4, -2.9555135380969233, -14.0, -14.0, -1.0, 0.0, 0.0, -1.0, 0.0, 0.0, 0.03563516963572355];9.445663999998942
[28.758721036452062, 1070.320118423452, 119.14427355644034];True;False;[0.0, 7.25, 1.4500000000000002, 0.0, 0.0, 12.044486461903077, 0.5, 0.5, 10044.253505955272, 10500.0, 10500.0, 0.0, 3.0, 0.0, 0.025, 0.0352479374599643, 0.0, 0.0, 0.05, 0.5, 0.5, 0.05, 0.5, 0.5, 0.007001834624030588, 0.0, 0.0, 0.05, 0.5, 0.5, 0.05, 0.5, 0.5, 0.0, 0.0, 0.0, 0.030000000000000002, 0.255, 0.0, 0.0, 0.0];[0.3185318871032399, -1.4787474714612554, -5.877223033986727, 0.6663623921763007, -0.4, -2.9555135380969233, -14.0, -14.0, -1.0, 0.0, 0.0, -1.0, 0.0, 0.0, 0.03563516963572355];9.642861599997559
[28.758721036452773, 1070.3201184234447, 119.14427355644008];True;False;[0.0, 7.25, 1.4500000000000002, 0.0, 0.0, 12.044486461903077, 0.5, 0.5, 10044.241183395288, 10500.0, 10500.0, 0.0, 3.0, 0.0, 0.025, 0.0352479374599643, 0.0, 0.0, 0.05, 0.5, 0.5, 0.05, 0.5, 0.5, 0.007001834624030588, 0.0, 0.0, 0.05, 0.5, 0.5, 0.05, 0.5, 0.5, 0.0, 0.0, 0.0, 0.030000000000000002, 0.255, 0.0, 0.0, 0.0];[0.31853188710322655, -1.4787474714612612, -5.877223033986713, 0.6663623921762425, -0.4, -2.9555135380969233, -14.0, -14.0, -1.0, 0.0, 0.0, -1.0, 0.0, 0.0, 0.03563516963572633];9.838391299999785
[28.758721036456187, 1070.3201184234415, 119.14427355643912];True;False;[0.0, 7.25, 1.4500000000000002, 0.0, 0.0, 12.044486461903077, 0.5, 0.5, 10043.943211252667, 10500.0, 10500.0, 0.0, 3.0, 0.0, 0.025, 0.0352479374599643, 0.0, 0.0, 0.05, 0.5, 0.5, 0.05, 0.5, 0.5, 0.007001834624030588, 0.0, 0.0, 0.05, 0.5, 0.5, 0.05, 0.5, 0.5, 0.0, 0.0, 0.0, 0.030000000000000002, 0.255, 0.0, 0.0, 0.0];[0.318531887103223, -1.4787474714612663, -5.877223033973017, 0.6663623921759334, -0.4, -2.9555135380969233, -14.0, -14.0, -1.0, 0.0, 0.0, -1.0, 0.0, 0.0, 0.0356351696357291];9.270379499997944
[28.758721036452062, 1070.320118423452, 119.14427355644034];True;False;[0.0, 7.25, 1.4500000000000002, 0.0, 0.0, 12.044486461903077, 0.5, 0.5, 10044.253505955272, 10500.0, 10500.0, 0.0, 3.0, 0.0, 0.025, 0.0352479374599643, 0.0, 0.0, 0.05, 0.5, 0.5, 0.05, 0.5, 0.5, 0.007001834624030588, 0.0, 0.0, 0.05, 0.5, 0.5, 0.05, 0.5, 0.5, 0.0, 0.0, 0.0, 0.030000000000000002, 0.255, 0.0, 0.0, 0.0];[0.3185318871032399, -1.4787474714612554, -5.877223033986727, 0.6663623921763007, -0.4, -2.9555135380969233, -14.0, -14.0, -1.0, 0.0, 0.0, -1.0, 0.0, 0.0, 0.03563516963572355];9.017317899997579
[28.758721036452062, 1070.320118423452, 119.14427355644034];True;False;[0.0, 7.25, 1.4500000000000002, 0.0, 0.0, 12.044486461903077, 0.5, 0.5, 10044.253505955272, 10500.0, 10500.0, 0.0, 3.0, 0.0, 0.025, 0.0352479374599643, 0.0, 0.0, 0.05, 0.5, 0.5, 0.05, 0.5, 0.5, 0.007001834624030588, 0.0, 0.0, 0.05, 0.5, 0.5, 0.05, 0.5, 0.5, 0.0, 0.0, 0.0, 0.030000000000000002, 0.255, 0.0, 0.0, 0.0];[0.3185318871032399, -1.4787474714612554, -5.877223033986727, 0.6663623921763007, -0.4, -2.9555135380969233, -14.0, -14.0, -1.0, 0.0, 0.0, -1.0, 0.0, 0.0, 0.03563516963572355];9.708673799999815
[28.75872103645893, 1070.3201184234422, 119.14427355643801];True;False;[0.0, 7.25, 1.4500000000000002, 0.0, 0.0, 12.044486461903077, 0.5, 0.5, 10042.431523578935, 10500.0, 10500.0, 0.0, 3.0, 0.0, 0.025, 0.0352479374599643, 0.0, 0.0, 0.05, 0.5, 0.5, 0.05, 0.5, 0.5, 0.007001834624030588, 0.0, 0.0, 0.05, 0.5, 0.5, 0.05, 0.5, 0.5, 0.0, 0.0, 0.0, 0.030000000000000002, 0.255, 0.0, 0.0, 0.0];[0.3185318871032221, -1.4787474714612632, -5.877223033986754, 0.6663623921757393, -0.4, -2.9555135380969233, -14.0, -14.0, -1.0, 0.0, 0.0, -1.0, 0.0, 0.0, 0.035635169635727326];9.452953899999557
[28.758721036452062, 1070.320118423452, 119.14427355644034];True;False;[0.0, 7.25, 1.4500000000000002, 0.0, 0.0, 12.044486461903077, 0.5, 0.5, 10044.253505955272, 10500.0, 10500.0, 0.0, 3.0, 0.0, 0.025, 0.0352479374599643, 0.0, 0.0, 0.05, 0.5, 0.5, 0.05, 0.5, 0.5, 0.007001834624030588, 0.0, 0.0, 0.05, 0.5, 0.5, 0.05, 0.5, 0.5, 0.0, 0.0, 0.0, 0.030000000000000002, 0.255, 0.0, 0.0, 0.0];[0.3185318871032399, -1.4787474714612554, -5.877223033986727, 0.6663623921763007, -0.4, -2.9555135380969233, -14.0, -14.0, -1.0, 0.0, 0.0, -1.0, 0.0, 0.0, 0.03563516963572355];9.350470999997924
[28.758721036452062, 1070.320118423452, 119.14427355644034];True;False;[0.0, 7.25, 1.4500000000000002, 0.0, 0.0, 12.044486461903077, 0.5, 0.5, 10044.253505955272, 10500.0, 10500.0, 0.0, 3.0, 0.0, 0.025, 0.0352479374599643, 0.0, 0.0, 0.05, 0.5, 0.5, 0.05, 0.5, 0.5, 0.007001834624030588, 0.0, 0.0, 0.05, 0.5, 0.5, 0.05, 0.5, 0.5, 0.0, 0.0, 0.0, 0.030000000000000002, 0.255, 0.0, 0.0, 0.0];[0.3185318871032399, -1.4787474714612554, -5.877223033986727, 0.6663623921763007, -0.4, -2.9555135380969233, -14.0, -14.0, -1.0, 0.0, 0.0, -1.0, 0.0, 0.0, 0.03563516963572355];9.072744700002659
[28.75872103645893, 1070.3201184234422, 119.14427355643801];True;False;[0.0, 7.25, 1.4500000000000002, 0.0, 0.0, 12.044486461903077, 0.5, 0.5, 10042.431523578935, 10500.0, 10500.0, 0.0, 3.0, 0.0, 0.025, 0.0352479374599643, 0.0, 0.0, 0.05, 0.5, 0.5, 0.05, 0.5, 0.5, 0.007001834624030588, 0.0, 0.0, 0.05, 0.5, 0.5, 0.05, 0.5, 0.5, 0.0, 0.0, 0.0, 0.030000000000000002, 0.255, 0.0, 0.0, 0.0];[0.3185318871032221, -1.4787474714612632, -5.877223033986754, 0.6663623921757393, -0.4, -2.9555135380969233, -14.0, -14.0, -1.0, 0.0, 0.0, -1.0, 0.0, 0.0, 0.035635169635727326];8.945472399995197
[28.758721036452062, 1070.320118423452, 119.14427355644034];True;False;[0.0, 7.25, 1.4500000000000002, 0.0, 0.0, 12.044486461903077, 0.5, 0.5, 10044.253505955272, 10500.0, 10500.0, 0.0, 3.0, 0.0, 0.025, 0.0352479374599643, 0.0, 0.0, 0.05, 0.5, 0.5, 0.05, 0.5, 0.5, 0.007001834624030588, 0.0, 0.0, 0.05, 0.5, 0.5, 0.05, 0.5, 0.5, 0.0, 0.0, 0.0, 0.030000000000000002, 0.255, 0.0, 0.0, 0.0];[0.3185318871032399, -1.4787474714612554, -5.877223033986727, 0.6663623921763007, -0.4, -2.9555135380969233, -14.0, -14.0, -1.0, 0.0, 0.0, -1.0, 0.0, 0.0, 0.03563516963572355];9.124873400003708
[28.758721036452062, 1070.320118423452, 119.14427355644034];True;False;[0.0, 7.25, 1.4500000000000002, 0.0, 0.0, 12.044486461903077, 0.5, 0.5, 10044.253505955272, 10500.0, 10500.0, 0.0, 3.0, 0.0, 0.025, 0.0352479374599643, 0.0, 0.0, 0.05, 0.5, 0.5, 0.05, 0.5, 0.5, 0.007001834624030588, 0.0, 0.0, 0.05, 0.5, 0.5, 0.05, 0.5, 0.5, 0.0, 0.0, 0.0, 0.030000000000000002, 0.255, 0.0, 0.0, 0.0];[0.3185318871032399, -1.4787474714612554, -5.877223033986727, 0.6663623921763007, -0.4, -2.9555135380969233, -14.0, -14.0, -1.0, 0.0, 0.0, -1.0, 0.0, 0.0, 0.03563516963572355];9.102231500000926
[1e+30, 1e+30, 1e+30];False;False;[0.0, 7.25, 1.4500000000000002, 0.0, 0.0, 4.17723417603171, 0.5, 0.5, 10042.431523578935, 10500.0, 10500.0, 0.0, 3.0, 0.0, 0.025, 0.0352479374599643, 0.0, 0.0, 0.05, 0.5, 0.5, 0.05, 0.5, 0.5, 0.007001834624030588, 0.0, 0.0, 0.05, 0.5, 0.5, 0.05, 0.5, 0.5, 0.0, 0.0, 0.0, 0.030000000000000002, 0.255, 0.0, 0.0, 0.0];[1e+30, 1e+30, 1e+30, 1e+30, 1e+30, 1e+30, 1e+30, 1e+30, 1e+30, 1e+30, 1e+30, 1e+30, 1e+30, 1e+30, 1e+30];10.088667900003202
[28.758721036457025, 1070.3201184234467, 119.14427355643868];True;False;[0.0, 7.25, 1.4500000000000002, 0.0, 0.0, 12.044486461903077, 0.5, 0.5, 10042.436296232254, 10500.0, 10500.0, 0.0, 3.0, 0.0, 0.025, 0.0352479374599643, 0.0, 0.0, 0.05, 0.5, 0.5, 0.05, 0.5, 0.5, 0.007001834624030588, 0.0, 0.0, 0.05, 0.5, 0.5, 0.05, 0.5, 0.5, 0.0, 0.0, 0.0, 0.030000000000000002, 0.255, 0.0, 0.0, 0.0];[0.31853188710322833, -1.4787474714612585, -5.877223033986681, 0.6663623921758881, -0.4, -2.9555135380969233, -14.0, -14.0, -1.0, 0.0, 0.0, -1.0, 0.0, 0.0, 0.03563516963572477];8.74518359999638
[28.78525070879766, 1069.8314508770463, 119.14602543657307];True;False;[0.0, 7.25, 1.4500000000000002, 0.0, 0.0, 11.99235393190013, 0.5, 0.5, 10042.431523578935, 10500.0, 10500.0, 0.0, 3.0, 0.0, 0.025, 0.0352479374599643, 0.0, 0.0, 0.05, 0.5, 0.5, 0.05, 0.5, 0.5, 0.007001834624030588, 0.0, 0.0, 0.05, 0.5, 0.5, 0.05, 0.5, 0.5, 0.0, 0.0, 0.0, 0.030000000000000002, 0.255, 0.0, 0.0, 0.0];[0.3190985238358257, -1.478601505990122, -5.931459940069635, 0.6652079394456478, -0.4, -3.00764606809987, -14.0, -14.0, -1.0, 0.0, 0.0, -1.0, 0.0, 0.0, 0.03557218886019631];8.624874299996009
[28.758721036452062, 1070.320118423452, 119.14427355644034];True;False;[0.0, 7.25, 1.4500000000000002, 0.0, 0.0, 12.044486461903077, 0.5, 0.5, 10044.253505955272, 10500.0, 10500.0, 0.0, 3.0, 0.0, 0.025, 0.0352479374599643, 0.0, 0.0, 0.05, 0.5, 0.5, 0.05, 0.5, 0.5, 0.007001834624030588, 0.0, 0.0, 0.05, 0.5, 0.5, 0.05, 0.5, 0.5, 0.0, 0.0, 0.0, 0.030000000000000002, 0.255, 0.0, 0.0, 0.0];[0.3185318871032399, -1.4787474714612554, -5.877223033986727, 0.6663623921763007, -0.4, -2.9555135380969233, -14.0, -14.0, -1.0, 0.0, 0.0, -1.0, 0.0, 0.0, 0.03563516963572355];9.084824799996568
[28.758721036452773, 1070.320118423448, 119.14427355644008];True;False;[0.0, 7.25, 1.4500000000000002, 0.0, 0.0, 12.044486461903077, 0.5, 0.5, 10044.248733301954, 10500.0, 10500.0, 0.0, 3.0, 0.0, 0.025, 0.0352479374599643, 0.0, 0.0, 0.05, 0.5, 0.5, 0.05, 0.5, 0.5, 0.007001834624030588, 0.0, 0.0, 0.05, 0.5, 0.5, 0.05, 0.5, 0.5, 0.0, 0.0, 0.0, 0.030000000000000002, 0.255, 0.0, 0.0, 0.0];[0.3185318871032319, -1.4787474714612572, -5.877223033986786, 0.6663623921762469, -0.4, -2.9555135380969233, -14.0, -14.0, -1.0, 0.0, 0.0, -1.0, 0.0, 0.0, 0.03563516963572433];8.715927700002794
[1e+30, 1e+30, 1e+30];False;False;[0.0, 7.25, 1.4500000000000002, 0.0, 0.0, 13.757207628200725, 0.5, 0.5, 10044.253505955272, 10500.0, 10500.0, 0.0, 3.0, 0.0, 0.025, 0.0352479374599643, 0.0, 0.0, 0.05, 0.5, 0.5, 0.05, 0.5, 0.5, 0.007001834624030588, 0.0, 0.0, 0.05, 0.5, 0.5, 0.05, 0.5, 0.5, 0.0, 0.0, 0.0, 0.030000000000000002, 0.255, 0.0, 0.0, 0.0];[1e+30, 1e+30, 1e+30, 1e+30, 1e+30, 1e+30, 1e+30, 1e+30, 1e+30, 1e+30, 1e+30, 1e+30, 1e+30, 1e+30, 1e+30];5.408844199999294
[28.758721036456365, 1070.320118423444, 119.14427355643892];True;False;[0.0, 7.25, 1.4500000000000002, 0.0, 0.0, 12.044486461903077, 0.5, 0.5, 10042.436366835209, 10500.0, 10500.0, 0.0, 3.0, 0.0, 0.025, 0.0352479374599643, 0.0, 0.0, 0.05, 0.5, 0.5, 0.05, 0.5, 0.5, 0.007001834624030588, 0.0, 0.0, 0.05, 0.5, 0.5, 0.05, 0.5, 0.5, 0.0, 0.0, 0.0, 0.030000000000000002, 0.255, 0.0, 0.0, 0.0];[0.3185318871032248, -1.478747471461262, -5.877223033986731, 0.6663623921759414, -0.4, -2.9555135380969233, -14.0, -14.0, -1.0, 0.0, 0.0, -1.0, 0.0, 0.0, 0.03563516963572677];9.00606990000233
[28.758721036457025, 1070.3201184234467, 119.14427355643868];True;False;[0.0, 7.25, 1.4500000000000002, 0.0, 0.0, 12.044486461903077, 0.5, 0.5, 10042.436296232254, 10500.0, 10500.0, 0.0, 3.0, 0.0, 0.025, 0.0352479374599643, 0.0, 0.0, 0.05, 0.5, 0.5, 0.05, 0.5, 0.5, 0.007001834624030588, 0.0, 0.0, 0.05, 0.5, 0.5, 0.05, 0.5, 0.5, 0.0, 0.0, 0.0, 0.030000000000000002, 0.255, 0.0, 0.0, 0.0];[0.31853188710322833, -1.4787474714612585, -5.877223033986681, 0.6663623921758881, -0.4, -2.9555135380969233, -14.0, -14.0, -1.0, 0.0, 0.0, -1.0, 0.0, 0.0, 0.03563516963572477];8.98283989999618
[28.784739186552994, 1069.8408314332119, 119.14599191295622];True;False;[0.0, 7.25, 1.4500000000000002, 0.0, 0.0, 11.993355896655705, 0.5, 0.5, 10042.431523578935, 10500.0, 10500.0, 0.0, 3.0, 0.0, 0.025, 0.0352479374599643, 0.0, 0.0, 0.05, 0.5, 0.5, 0.05, 0.5, 0.5, 0.007001834624030588, 0.0, 0.0, 0.05, 0.5, 0.5, 0.05, 0.5, 0.5, 0.0, 0.0, 0.0, 0.030000000000000002, 0.255, 0.0, 0.0, 0.0];[0.3190875543977274, -1.4786043317144495, -5.9304187249840545, 0.6652302055515136, -0.4, -3.0066441033442945, -14.0, -14.0, -1.0, 0.0, 0.0, -1.0, 0.0, 0.0, 0.03557340795528574];8.238851000001887
[28.758721036457032, 1070.3201184234404, 119.14427355643863];True;False;[0.0, 7.25, 1.4500000000000002, 0.0, 0.0, 12.044486461903077, 0.5, 0.5, 10042.443775535965, 10500.0, 10500.0, 0.0, 3.0, 0.0, 0.025, 0.0352479374599643, 0.0, 0.0, 0.05, 0.5, 0.5, 0.05, 0.5, 0.5, 0.007001834624030588, 0.0, 0.0, 0.05, 0.5, 0.5, 0.05, 0.5, 0.5, 0.0, 0.0, 0.0, 0.030000000000000002, 0.255, 0.0, 0.0, 0.0];[0.3185318871032168, -1.4787474714612632, -5.877223033986768, 0.6663623921758939, -0.4, -2.9555135380969233, -14.0, -14.0, -1.0, 0.0, 0.0, -1.0, 0.0, 0.0, 0.035635169635727104];8.318142799995258
[28.75922929751803, 1070.3107150884564, 119.14430737325361];True;False;[0.0, 7.25, 1.4500000000000002, 0.0, 0.0, 12.043484497147501, 0.5, 0.5, 10044.253505955272, 10500.0, 10500.0, 0.0, 3.0, 0.0, 0.025, 0.0352479374599643, 0.0, 0.0, 0.05, 0.5, 0.5, 0.05, 0.5, 0.5, 0.007001834624030588, 0.0, 0.0, 0.05, 0.5, 0.5, 0.05, 0.5, 0.5, 0.0, 0.0, 0.0, 0.030000000000000002, 0.255, 0.0, 0.0, 0.0];[0.31854269900826626, -1.478744686317403, -5.878266638730258, 0.6663402819155642, -0.4, -2.9565155028524988, -14.0, -14.0, -1.0, 0.0, 0.0, -1.0, 0.0, 0.0, 0.03563396777097927];8.977515099999437
[1e+30, 1e+30, 1e+30];False;False;[0.0, 7.25, 1.4500000000000002, 0.0, 0.0, 7.8205158814472835, 0.5, 0.5, 10042.436296232254, 10500.0, 10500.0, 0.0, 3.0, 0.0, 0.025, 0.0352479374599643, 0.0, 0.0, 0.05, 0.5, 0.5, 0.05, 0.5, 0.5, 0.007001834624030588, 0.0, 0.0, 0.05, 0.5, 0.5, 0.05, 0.5, 0.5, 0.0, 0.0, 0.0, 0.030000000000000002, 0.255, 0.0, 0.0, 0.0];[1e+30, 1e+30, 1e+30, 1e+30, 1e+30, 1e+30, 1e+30, 1e+30, 1e+30, 1e+30, 1e+30, 1e+30, 1e+30, 1e+30, 1e+30];25.51127450000058
[28.758254286690686, 1070.3287551840076, 119.14424249277718];True;False;[0.0, 7.25, 1.4500000000000002, 0.0, 0.0, 12.045406703424899, 0.5, 0.5, 10044.253505955272, 10500.0, 10500.0, 0.0, 3.0, 0.0, 0.025, 0.0352479374599643, 0.0, 0.0, 0.05, 0.5, 0.5, 0.05, 0.5, 0.5, 0.007001834624030588, 0.0, 0.0, 0.05, 0.5, 0.5, 0.05, 0.5, 0.5, 0.0, 0.0, 0.0, 0.030000000000000002, 0.255, 0.0, 0.0, 0.0];[0.3185219597521458, -1.478750028744253, -5.876264507508225, 0.6663826963772006, -0.4, -2.9545932965751014, -14.0, -14.0, -1.0, 0.0, 0.0, -1.0, 0.0, 0.0, 0.035636273177108935];9.611437299994577
[28.78459648966965, 1069.8434485721036, 119.14598255925455];True;False;[0.0, 7.25, 1.4500000000000002, 0.0, 0.0, 11.99363543236423, 0.5, 0.5, 10042.431523578935, 10500.0, 10500.0, 0.0, 3.0, 0.0, 0.025, 0.0352479374599643, 0.0, 0.0, 0.05, 0.5, 0.5, 0.05, 0.5, 0.5, 0.007001834624030588, 0.0, 0.0, 0.05, 0.5, 0.5, 0.05, 0.5, 0.5, 0.0, 0.0, 0.0, 0.030000000000000002, 0.255, 0.0, 0.0, 0.0];[0.31908449461499444, -1.478605119913661, -5.930128230565895, 0.6652364169710718, -0.4, -3.006364567635771, -14.0, -14.0, -1.0, 0.0, 0.0, -1.0, 0.0, 0.0, 0.035573748007064476];9.731436699999904
[28.784739186553015, 1069.8408314332044, 119.14599191295623];True;False;[0.0, 7.25, 1.4500000000000002, 0.0, 0.0, 11.993355896655705, 0.5, 0.5, 10042.443208846671, 10500.0, 10500.0, 0.0, 3.0, 0.0, 0.025, 0.0352479374599643, 0.0, 0.0, 0.05, 0.5, 0.5, 0.05, 0.5, 0.5, 0.007001834624030588, 0.0, 0.0, 0.05, 0.5, 0.5, 0.05, 0.5, 0.5, 0.0, 0.0, 0.0, 0.030000000000000002, 0.255, 0.0, 0.0, 0.0];[0.3190875543977114, -1.4786043317144517, -5.930418724984065, 0.6652302055515136, -0.4, -3.0066441033442945, -14.0, -14.0, -1.0, 0.0, 0.0, -1.0, 0.0, 0.0, 0.03557340795528641];9.637166299995442
[28.758862828579314, 1070.3174949654156, 119.14428299148558];True;False;[0.0, 7.25, 1.4500000000000002, 0.0, 0.0, 12.044206926194555, 0.5, 0.5, 10042.443775535965, 10500.0, 10500.0, 0.0, 3.0, 0.0, 0.025, 0.0352479374599643, 0.0, 0.0, 0.05, 0.5, 0.5, 0.05, 0.5, 0.5, 0.007001834624030588, 0.0, 0.0, 0.05, 0.5, 0.5, 0.05, 0.5, 0.5, 0.0, 0.0, 0.0, 0.030000000000000002, 0.255, 0.0, 0.0, 0.0];[0.3185349031817166, -1.478746694520251, -5.877514191443364, 0.6663562239941427, -0.4, -2.955793073805445, -14.0, -14.0, -1.0, 0.0, 0.0, -1.0, 0.0, 0.0, 0.0356348343641687];9.48687030000292
[28.784430950463424, 1069.8464848104447, 119.14597170727976];True;False;[0.0, 7.25, 1.4500000000000002, 0.0, 0.0, 11.9939597272494, 0.5, 0.5, 10042.431523578935, 10500.0, 10500.0, 0.0, 3.0, 0.0, 0.025, 0.0352479374599643, 0.0, 0.0, 0.05, 0.5, 0.5, 0.05, 0.5, 0.5, 0.007001834624030588, 0.0, 0.0, 0.05, 0.5, 0.5, 0.05, 0.5, 0.5, 0.0, 0.0, 0.0, 0.030000000000000002, 0.255, 0.0, 0.0, 0.0];[0.3190809452036216, -1.4786060342410916, -5.929791217698394, 0.6652436226626413, -0.4, -3.0060402727505995, -14.0, -14.0, -1.0, 0.0, 0.0, -1.0, 0.0, 0.0, 0.03557414247472246];8.348186700000952
[28.759027330613726, 1070.3144514831856, 119.1442939367115];True;False;[0.0, 7.25, 1.4500000000000002, 0.0, 0.0, 12.043882631309383, 0.5, 0.5, 10042.443775535965, 10500.0, 10500.0, 0.0, 3.0, 0.0, 0.025, 0.0352479374599643, 0.0, 0.0, 0.05, 0.5, 0.5, 0.05, 0.5, 0.5, 0.007001834624030588, 0.0, 0.0, 0.05, 0.5, 0.5, 0.05, 0.5, 0.5, 0.0, 0.0, 0.0, 0.030000000000000002, 0.255, 0.0, 0.0, 0.0];[0.3185384024930338, -1.4787457930985812, -5.877851964381371, 0.6663490678683532, -0.4, -2.9561173686906166, -14.0, -14.0, -1.0, 0.0, 0.0, -1.0, 0.0, 0.0, 0.03563444537628424];8.295682700001635
[28.784739186552994, 1069.8408314332119, 119.14599191295622];True;False;[0.0, 7.25, 1.4500000000000002, 0.0, 0.0, 11.993355896655705, 0.5, 0.5, 10042.431523578935, 10500.0, 10500.0, 0.0, 3.0, 0.0, 0.025, 0.0352479374599643, 0.0, 0.0, 0.05, 0.5, 0.5, 0.05, 0.5, 0.5, 0.007001834624030588, 0.0, 0.0, 0.05, 0.5, 0.5, 0.05, 0.5, 0.5, 0.0, 0.0, 0.0, 0.030000000000000002, 0.255, 0.0, 0.0, 0.0];[0.3190875543977274, -1.4786043317144495, -5.9304187249840545, 0.6652302055515136, -0.4, -3.0066441033442945, -14.0, -14.0, -1.0, 0.0, 0.0, -1.0, 0.0, 0.0, 0.03557340795528574];8.44910019999952
[28.784772329674475, 1069.8402235883618, 119.14599408535847];True;False;[0.0, 7.25, 1.4500000000000002, 0.0, 0.0, 11.993290972420436, 0.5, 0.5, 10042.436366835209, 10500.0, 10500.0, 0.0, 3.0, 0.0, 0.025, 0.0352479374599643, 0.0, 0.0, 0.05, 0.5, 0.5, 0.05, 0.5, 0.5, 0.007001834624030588, 0.0, 0.0, 0.05, 0.5, 0.5, 0.05, 0.5, 0.5, 0.0, 0.0, 0.0, 0.030000000000000002, 0.255, 0.0, 0.0, 0.0];[0.3190882650894693, -1.4786041486404482, -5.930486193939014, 0.6652287628692621, -0.4, -3.0067090275795643, -14.0, -14.0, -1.0, 0.0, 0.0, -1.0, 0.0, 0.0, 0.03557332897196519];8.318602799998189
[28.784739186552994, 1069.8408314332119, 119.14599191295622];True;False;[0.0, 7.25, 1.4500000000000002, 0.0, 0.0, 11.993355896655705, 0.5, 0.5, 10042.431523578935, 10500.0, 10500.0, 0.0, 3.0, 0.0, 0.025, 0.0352479374599643, 0.0, 0.0, 0.05, 0.5, 0.5, 0.05, 0.5, 0.5, 0.007001834624030588, 0.0, 0.0, 0.05, 0.5, 0.5, 0.05, 0.5, 0.5, 0.0, 0.0, 0.0, 0.030000000000000002, 0.255, 0.0, 0.0, 0.0];[0.3190875543977274, -1.4786043317144495, -5.9304187249840545, 0.6652302055515136, -0.4, -3.0066441033442945, -14.0, -14.0, -1.0, 0.0, 0.0, -1.0, 0.0, 0.0, 0.03557340795528574];8.54053670000576
[28.78525070879766, 1069.8314508770463, 119.14602543657307];True;False;[0.0, 7.25, 1.4500000000000002, 0.0, 0.0, 11.99235393190013, 0.5, 0.5, 10042.431523578935, 10500.0, 10500.0, 0.0, 3.0, 0.0, 0.025, 0.0352479374599643, 0.0, 0.0, 0.05, 0.5, 0.5, 0.05, 0.5, 0.5, 0.007001834624030588, 0.0, 0.0, 0.05, 0.5, 0.5, 0.05, 0.5, 0.5, 0.0, 0.0, 0.0, 0.030000000000000002, 0.255, 0.0, 0.0, 0.0];[0.3190985238358257, -1.478601505990122, -5.931459940069635, 0.6652079394456478, -0.4, -3.00764606809987, -14.0, -14.0, -1.0, 0.0, 0.0, -1.0, 0.0, 0.0, 0.03557218886019631];8.259850199996436
[28.75826101920904, 1070.328630595428, 119.14424294090762];True;False;[0.0, 7.25, 1.4500000000000002, 0.0, 0.0, 12.045393428871023, 0.5, 0.5, 10044.253505955272, 10500.0, 10500.0, 0.0, 3.0, 0.0, 0.025, 0.0352479374599643, 0.0, 0.0, 0.05, 0.5, 0.5, 0.05, 0.5, 0.5, 0.007001834624030588, 0.0, 0.0, 0.05, 0.5, 0.5, 0.05, 0.5, 0.5, 0.0, 0.0, 0.0, 0.030000000000000002, 0.255, 0.0, 0.0, 0.0];[0.3185221029365479, -1.4787499918599936, -5.876278334606226, 0.6663824035059003, -0.4, -2.954606571128977, -14.0, -14.0, -1.0, 0.0, 0.0, -1.0, 0.0, 0.0, 0.03563625726045527];8.504543800001557
[28.7845964896798, 1069.843448572099, 119.14598255925114];True;False;[0.0, 7.25, 1.4500000000000002, 0.0, 0.0, 11.99363543236423, 0.5, 0.5, 10044.228770078193, 10500.0, 10500.0, 0.0, 3.0, 0.0, 0.025, 0.0352479374599643, 0.0, 0.0, 0.05, 0.5, 0.5, 0.05, 0.5, 0.5, 0.007001834624030588, 0.0, 0.0, 0.05, 0.5, 0.5, 0.05, 0.5, 0.5, 0.0, 0.0, 0.0, 0.030000000000000002, 0.255, 0.0, 0.0, 0.0];[0.3190844946149882, -1.4786051199136672, -5.93012823056598, 0.6652364169702427, -0.4, -3.006364567635771, -14.0, -14.0, -1.0, 0.0, 0.0, -1.0, 0.0, 0.0, 0.035573748007067696];8.369254900004307
[28.784739186552994, 1069.8408314332119, 119.14599191295622];True;False;[0.0, 7.25, 1.4500000000000002, 0.0, 0.0, 11.993355896655705, 0.5, 0.5, 10042.431523578935, 10500.0, 10500.0, 0.0, 3.0, 0.0, 0.025, 0.0352479374599643, 0.0, 0.0, 0.05, 0.5, 0.5, 0.05, 0.5, 0.5, 0.007001834624030588, 0.0, 0.0, 0.05, 0.5, 0.5, 0.05, 0.5, 0.5, 0.0, 0.0, 0.0, 0.030000000000000002, 0.255, 0.0, 0.0, 0.0];[0.3190875543977274, -1.4786043317144495, -5.9304187249840545, 0.6652302055515136, -0.4, -3.0066441033442945, -14.0, -14.0, -1.0, 0.0, 0.0, -1.0, 0.0, 0.0, 0.03557340795528574];8.382457100000465
[28.784430950463424, 1069.8464848104447, 119.14597170727976];True;False;[0.0, 7.25, 1.4500000000000002, 0.0, 0.0, 11.9939597272494, 0.5, 0.5, 10042.431523578935, 10500.0, 10500.0, 0.0, 3.0, 0.0, 0.025, 0.0352479374599643, 0.0, 0.0, 0.05, 0.5, 0.5, 0.05, 0.5, 0.5, 0.007001834624030588, 0.0, 0.0, 0.05, 0.5, 0.5, 0.05, 0.5, 0.5, 0.0, 0.0, 0.0, 0.030000000000000002, 0.255, 0.0, 0.0, 0.0];[0.3190809452036216, -1.4786060342410916, -5.929791217698394, 0.6652436226626413, -0.4, -3.0060402727505995, -14.0, -14.0, -1.0, 0.0, 0.0, -1.0, 0.0, 0.0, 0.03557414247472246];8.264506999999867
[28.785267035959837, 1069.8311514880447, 119.14602650644119];True;False;[0.0, 7.25, 1.4500000000000002, 0.0, 0.0, 11.992321952488421, 0.5, 0.5, 10042.516023925651, 10500.0, 10500.0, 0.0, 3.0, 0.0, 0.025, 0.0352479374599643, 0.0, 0.0, 0.05, 0.5, 0.5, 0.05, 0.5, 0.5, 0.007001834624030588, 0.0, 0.0, 0.05, 0.5, 0.5, 0.05, 0.5, 0.5, 0.0, 0.0, 0.0, 0.030000000000000002, 0.255, 0.0, 0.0, 0.0];[0.3190988739952898, -1.478601415789138, -5.931493171451047, 0.6652072287344224, -0.4, -3.007678047511579, -14.0, -14.0, -1.0, 0.0, 0.0, -1.0, 0.0, 0.0, 0.035572149945105824];9.454475899998215
[28.759027330613726, 1070.3144514831856, 119.1442939367115];True;False;[0.0, 7.25, 1.4500000000000002, 0.0, 0.0, 12.043882631309383, 0.5, 0.5, 10042.443775535965, 10500.0, 10500.0, 0.0, 3.0, 0.0, 0.025, 0.0352479374599643, 0.0, 0.0, 0.05, 0.5, 0.5, 0.05, 0.5, 0.5, 0.007001834624030588, 0.0, 0.0, 0.05, 0.5, 0.5, 0.05, 0.5, 0.5, 0.0, 0.0, 0.0, 0.030000000000000002, 0.255, 0.0, 0.0, 0.0];[0.3185384024930338, -1.4787457930985812, -5.877851964381371, 0.6663490678683532, -0.4, -2.9561173686906166, -14.0, -14.0, -1.0, 0.0, 0.0, -1.0, 0.0, 0.0, 0.03563444537628424];8.974363900000753
[28.786051460428247, 1069.8167695547274, 119.14607789537396];True;False;[0.0, 7.25, 1.4500000000000002, 0.0, 0.0, 11.990785680120709, 0.5, 0.5, 10044.253505955272, 10500.0, 10500.0, 0.0, 3.0, 0.0, 0.025, 0.0352479374599643, 0.0, 0.0, 0.05, 0.5, 0.5, 0.05, 0.5, 0.5, 0.007001834624030588, 0.0, 0.0, 0.05, 0.5, 0.5, 0.05, 0.5, 0.5, 0.0, 0.0, 0.0, 0.030000000000000002, 0.255, 0.0, 0.0, 0.0];[0.3191156991799611, -1.4785970816260514, -5.933089531529564, 0.6651730829021454, -0.4, -3.009214319879291, -14.0, -14.0, -1.0, 0.0, 0.0, -1.0, 0.0, 0.0, 0.03557028007915908];9.350618100004795
[28.758254286690686, 1070.3287551840076, 119.14424249277718];True;False;[0.0, 7.25, 1.4500000000000002, 0.0, 0.0, 12.045406703424899, 0.5, 0.5, 10044.253505955272, 10500.0, 10500.0, 0.0, 3.0, 0.0, 0.025, 0.0352479374599643, 0.0, 0.0, 0.05, 0.5, 0.5, 0.05, 0.5, 0.5, 0.007001834624030588, 0.0, 0.0, 0.05, 0.5, 0.5, 0.05, 0.5, 0.5, 0.0, 0.0, 0.0, 0.030000000000000002, 0.255, 0.0, 0.0, 0.0];[0.3185219597521458, -1.478750028744253, -5.876264507508225, 0.6663826963772006, -0.4, -2.9545932965751014, -14.0, -14.0, -1.0, 0.0, 0.0, -1.0, 0.0, 0.0, 0.035636273177108935];8.80689639999764
[28.784433041490384, 1069.8464464567787, 119.14597184436442];True;False;[0.0, 7.25, 1.4500000000000002, 0.0, 0.0, 11.993955630798936, 0.5, 0.5, 10042.431523578935, 10500.0, 10500.0, 0.0, 3.0, 0.0, 0.025, 0.0352479374599643, 0.0, 0.0, 0.05, 0.5, 0.5, 0.05, 0.5, 0.5, 0.007001834624030588, 0.0, 0.0, 0.05, 0.5, 0.5, 0.05, 0.5, 0.5, 0.0, 0.0, 0.0, 0.030000000000000002, 0.255, 0.0, 0.0, 0.0];[0.31908099003727575, -1.4786060226919506, -5.929795474831314, 0.6652435316433363, -0.4, -3.0060443692010637, -14.0, -14.0, -1.0, 0.0, 0.0, -1.0, 0.0, 0.0, 0.03557413749208038];9.115750900004059
[28.784430950463424, 1069.8464848104447, 119.14597170727976];True;False;[0.0, 7.25, 1.4500000000000002, 0.0, 0.0, 11.9939597272494, 0.5, 0.5, 10042.431523578935, 10500.0, 10500.0, 0.0, 3.0, 0.0, 0.025, 0.0352479374599643, 0.0, 0.0, 0.05, 0.5, 0.5, 0.05, 0.5, 0.5, 0.007001834624030588, 0.0, 0.0, 0.05, 0.5, 0.5, 0.05, 0.5, 0.5, 0.0, 0.0, 0.0, 0.030000000000000002, 0.255, 0.0, 0.0, 0.0];[0.3190809452036216, -1.4786060342410916, -5.929791217698394, 0.6652436226626413, -0.4, -3.0060402727505995, -14.0, -14.0, -1.0, 0.0, 0.0, -1.0, 0.0, 0.0, 0.03557414247472246];8.765462499999558
[28.786051460428247, 1069.8167695547274, 119.14607789537396];True;False;[0.0, 7.25, 1.4500000000000002, 0.0, 0.0, 11.990785680120709, 0.5, 0.5, 10044.253505955272, 10500.0, 10500.0, 0.0, 3.0, 0.0, 0.025, 0.0352479374599643, 0.0, 0.0, 0.05, 0.5, 0.5, 0.05, 0.5, 0.5, 0.007001834624030588, 0.0, 0.0, 0.05, 0.5, 0.5, 0.05, 0.5, 0.5, 0.0, 0.0, 0.0, 0.030000000000000002, 0.255, 0.0, 0.0, 0.0];[0.3191156991799611, -1.4785970816260514, -5.933089531529564, 0.6651730829021454, -0.4, -3.009214319879291, -14.0, -14.0, -1.0, 0.0, 0.0, -1.0, 0.0, 0.0, 0.03557028007915908];9.07185020000179
[28.784739186552994, 1069.8408314332119, 119.14599191295622];True;False;[0.0, 7.25, 1.4500000000000002, 0.0, 0.0, 11.993355896655705, 0.5, 0.5, 10042.431523578935, 10500.0, 10500.0, 0.0, 3.0, 0.0, 0.025, 0.0352479374599643, 0.0, 0.0, 0.05, 0.5, 0.5, 0.05, 0.5, 0.5, 0.007001834624030588, 0.0, 0.0, 0.05, 0.5, 0.5, 0.05, 0.5, 0.5, 0.0, 0.0, 0.0, 0.030000000000000002, 0.255, 0.0, 0.0, 0.0];[0.3190875543977274, -1.4786043317144495, -5.9304187249840545, 0.6652302055515136, -0.4, -3.0066441033442945, -14.0, -14.0, -1.0, 0.0, 0.0, -1.0, 0.0, 0.0, 0.03557340795528574];8.682947499997681
[28.78459648966965, 1069.8434485721036, 119.14598255925455];True;False;[0.0, 7.25, 1.4500000000000002, 0.0, 0.0, 11.99363543236423, 0.5, 0.5, 10042.431523578935, 10500.0, 10500.0, 0.0, 3.0, 0.0, 0.025, 0.0352479374599643, 0.0, 0.0, 0.05, 0.5, 0.5, 0.05, 0.5, 0.5, 0.007001834624030588, 0.0, 0.0, 0.05, 0.5, 0.5, 0.05, 0.5, 0.5, 0.0, 0.0, 0.0, 0.030000000000000002, 0.255, 0.0, 0.0, 0.0];[0.31908449461499444, -1.478605119913661, -5.930128230565895, 0.6652364169710718, -0.4, -3.006364567635771, -14.0, -14.0, -1.0, 0.0, 0.0, -1.0, 0.0, 0.0, 0.035573748007064476];9.358908700000029
[28.786051460428247, 1069.8167695547274, 119.14607789537396];True;False;[0.0, 7.25, 1.4500000000000002, 0.0, 0.0, 11.990785680120709, 0.5, 0.5, 10044.253505955272, 10500.0, 10500.0, 0.0, 3.0, 0.0, 0.025, 0.0352479374599643, 0.0, 0.0, 0.05, 0.5, 0.5, 0.05, 0.5, 0.5, 0.007001834624030588, 0.0, 0.0, 0.05, 0.5, 0.5, 0.05, 0.5, 0.5, 0.0, 0.0, 0.0, 0.030000000000000002, 0.255, 0.0, 0.0, 0.0];[0.3191156991799611, -1.4785970816260514, -5.933089531529564, 0.6651730829021454, -0.4, -3.009214319879291, -14.0, -14.0, -1.0, 0.0, 0.0, -1.0, 0.0, 0.0, 0.03557028007915908];9.283367399999406
[28.784429626137694, 1069.8465091012943, 119.1459716204582];True;False;[0.0, 7.25, 1.4500000000000002, 0.0, 0.0, 11.993962321688848, 0.5, 0.5, 10042.431523578935, 10500.0, 10500.0, 0.0, 3.0, 0.0, 0.025, 0.0352479374599643, 0.0, 0.0, 0.05, 0.5, 0.5, 0.05, 0.5, 0.5, 0.007001834624030588, 0.0, 0.0, 0.05, 0.5, 0.5, 0.05, 0.5, 0.5, 0.0, 0.0, 0.0, 0.030000000000000002, 0.255, 0.0, 0.0, 0.0];[0.31908091680875916, -1.4786060415555935, -5.929788521492249, 0.6652436803085207, -0.4, -3.006037678311152, -14.0, -14.0, -1.0, 0.0, 0.0, -1.0, 0.0, 0.0, 0.03557414563041439];9.295319400000153
[28.758254286690686, 1070.3287551840076, 119.14424249277718];True;False;[0.0, 7.25, 1.4500000000000002, 0.0, 0.0, 12.045406703424899, 0.5, 0.5, 10044.253505955272, 10500.0, 10500.0, 0.0, 3.0, 0.0, 0.025, 0.0352479374599643, 0.0, 0.0, 0.05, 0.5, 0.5, 0.05, 0.5, 0.5, 0.007001834624030588, 0.0, 0.0, 0.05, 0.5, 0.5, 0.05, 0.5, 0.5, 0.0, 0.0, 0.0, 0.030000000000000002, 0.255, 0.0, 0.0, 0.0];[0.3185219597521458, -1.478750028744253, -5.876264507508225, 0.6663826963772006, -0.4, -2.9545932965751014, -14.0, -14.0, -1.0, 0.0, 0.0, -1.0, 0.0, 0.0, 0.035636273177108935];9.509560699996655
[28.759229297517233, 1070.3107150884512, 119.1443073732539];True;False;[0.0, 7.25, 1.4500000000000002, 0.0, 0.0, 12.043484497147501, 0.5, 0.5, 10139.73639719315, 10500.0, 10500.0, 0.0, 3.0, 0.0, 0.025, 0.0352479374599643, 0.0, 0.0, 0.05, 0.5, 0.5, 0.05, 0.5, 0.5, 0.007001834624030588, 0.0, 0.0, 0.05, 0.5, 0.5, 0.05, 0.5, 0.5, 0.0, 0.0, 0.0, 0.030000000000000002, 0.255, 0.0, 0.0, 0.0];[0.3185426990082574, -1.4787446863174083, -5.878266638730212, 0.6663402819156228, -0.4, -2.9565155028524988, -14.0, -14.0, -1.0, 0.0, 0.0, -1.0, 0.0, 0.0, 0.035633967770981934];8.97500079999736
[28.784740511019034, 1069.8408071435879, 119.14599199973668];True;False;[0.0, 7.25, 1.4500000000000002, 0.0, 0.0, 11.993353302216256, 0.5, 0.5, 10042.431523578935, 10500.0, 10500.0, 0.0, 3.0, 0.0, 0.025, 0.0352479374599643, 0.0, 0.0, 0.05, 0.5, 0.5, 0.05, 0.5, 0.5, 0.007001834624030588, 0.0, 0.0, 0.05, 0.5, 0.5, 0.05, 0.5, 0.5, 0.0, 0.0, 0.0, 0.030000000000000002, 0.255, 0.0, 0.0, 0.0];[0.31908758279849625, -1.4786043243984173, -5.930421421116906, 0.665230147897601, -0.4, -3.0066466977837436, -14.0, -14.0, -1.0, 0.0, 0.0, -1.0, 0.0, 0.0, 0.03557340479894111];9.443784800001595
[28.758254286690686, 1070.3287551840076, 119.14424249277718];True;False;[0.0, 7.25, 1.4500000000000002, 0.0, 0.0, 12.045406703424899, 0.5, 0.5, 10044.253505955272, 10500.0, 10500.0, 0.0, 3.0, 0.0, 0.025, 0.0352479374599643, 0.0, 0.0, 0.05, 0.5, 0.5, 0.05, 0.5, 0.5, 0.007001834624030588, 0.0, 0.0, 0.05, 0.5, 0.5, 0.05, 0.5, 0.5, 0.0, 0.0, 0.0, 0.030000000000000002, 0.255, 0.0, 0.0, 0.0];[0.3185219597521458, -1.478750028744253, -5.876264507508225, 0.6663826963772006, -0.4, -2.9545932965751014, -14.0, -14.0, -1.0, 0.0, 0.0, -1.0, 0.0, 0.0, 0.035636273177108935];9.482352499995613
[28.786081430570178, 1069.8162201468126, 119.14607985830183];True;False;[0.0, 7.25, 1.4500000000000002, 0.0, 0.0, 11.99072699034231, 0.5, 0.5, 10044.253505955272, 10500.0, 10500.0, 0.0, 3.0, 0.0, 0.025, 0.0352479374599643, 0.0, 0.0, 0.05, 0.5, 0.5, 0.05, 0.5, 0.5, 0.007001834624030588, 0.0, 0.0, 0.05, 0.5, 0.5, 0.05, 0.5, 0.5, 0.0, 0.0, 0.0, 0.030000000000000002, 0.255, 0.0, 0.0, 0.0];[0.3191163420925882, -1.4785969160119306, -5.93315051463826, 0.6651717782956041, -0.4, -3.00927300965769, -14.0, -14.0, -1.0, 0.0, 0.0, -1.0, 0.0, 0.0, 0.03557020862935989];9.153574100004334
[28.784419087847116, 1069.8467023952705, 119.14597092958152];True;False;[0.0, 7.25, 1.4500000000000002, 0.0, 0.0, 11.993982966880408, 0.5, 0.5, 10042.431523578935, 10500.0, 10500.0, 0.0, 3.0, 0.0, 0.025, 0.0352479374599643, 0.0, 0.0, 0.05, 0.5, 0.5, 0.05, 0.5, 0.5, 0.007001834624030588, 0.0, 0.0, 0.05, 0.5, 0.5, 0.05, 0.5, 0.5, 0.0, 0.0, 0.0, 0.030000000000000002, 0.255, 0.0, 0.0, 0.0];[0.31908069085807433, -1.478606099760437, -5.929767066482512, 0.6652441390247052, -0.4, -3.0060170331195923, -14.0, -14.0, -1.0, 0.0, 0.0, -1.0, 0.0, 0.0, 0.0355741707417111];8.806075300002703
[28.784430950463424, 1069.8464848104447, 119.14597170727976];True;False;[0.0, 7.25, 1.4500000000000002, 0.0, 0.0, 11.9939597272494, 0.5, 0.5, 10042.431523578935, 10500.0, 10500.0, 0.0, 3.0, 0.0, 0.025, 0.0352479374599643, 0.0, 0.0, 0.05, 0.5, 0.5, 0.05, 0.5, 0.5, 0.007001834624030588, 0.0, 0.0, 0.05, 0.5, 0.5, 0.05, 0.5, 0.5, 0.0, 0.0, 0.0, 0.030000000000000002, 0.255, 0.0, 0.0, 0.0];[0.3190809452036216, -1.4786060342410916, -5.929791217698394, 0.6652436226626413, -0.4, -3.0060402727505995, -14.0, -14.0, -1.0, 0.0, 0.0, -1.0, 0.0, 0.0, 0.03557414247472246];9.069806100000278
[28.784400992465258, 1069.847034303507, 119.14596974326139];True;False;[0.0, 7.25, 1.4500000000000002, 0.0, 0.0, 11.9940184170278, 0.5, 0.5, 10042.431523578935, 10500.0, 10500.0, 0.0, 3.0, 0.0, 0.025, 0.0352479374599643, 0.0, 0.0, 0.05, 0.5, 0.5, 0.05, 0.5, 0.5, 0.007001834624030588, 0.0, 0.0, 0.05, 0.5, 0.5, 0.05, 0.5, 0.5, 0.0, 0.0, 0.0, 0.030000000000000002, 0.255, 0.0, 0.0, 0.0];[0.3190803028780529, -1.478606199703982, -5.929730225738821, 0.6652449266895795, -0.4, -3.0059815829722005, -14.0, -14.0, -1.0, 0.0, 0.0, -1.0, 0.0, 0.0, 0.03557421386032533];8.631674100004602
[28.784843698360422, 1069.8389147099224, 119.14599876315415];True;False;[0.0, 7.25, 1.4500000000000002, 0.0, 0.0, 11.993151169723397, 0.5, 0.5, 10042.436447657476, 10500.0, 10500.0, 0.0, 3.0, 0.0, 0.025, 0.0352479374599643, 0.0, 0.0, 0.05, 0.5, 0.5, 0.05, 0.5, 0.5, 0.007001834624030588, 0.0, 0.0, 0.05, 0.5, 0.5, 0.05, 0.5, 0.5, 0.0, 0.0, 0.0, 0.030000000000000002, 0.255, 0.0, 0.0, 0.0];[0.3190897954809726, -1.4786037544120056, -5.930631475565999, 0.6652256562679113, -0.4, -3.0068488302766028, -14.0, -14.0, -1.0, 0.0, 0.0, -1.0, 0.0, 0.0, 0.03557315889070378];8.992912399997294
[28.78431485292112, 1069.8486143160007, 119.14596409584482];True;False;[0.0, 7.25, 1.4500000000000002, 0.0, 0.0, 11.99418717271195, 0.5, 0.5, 10044.240480301558, 10500.0, 10500.0, 0.0, 3.0, 0.0, 0.025, 0.0352479374599643, 0.0, 0.0, 0.05, 0.5, 0.5, 0.05, 0.5, 0.5, 0.007001834624030588, 0.0, 0.0, 0.05, 0.5, 0.5, 0.05, 0.5, 0.5, 0.0, 0.0, 0.0, 0.030000000000000002, 0.255, 0.0, 0.0, 0.0];[0.31907845600439266, -1.4786066754581413, -5.92955484950296, 0.6652486762103997, -0.4, -3.00581282728805, -14.0, -14.0, -1.0, 0.0, 0.0, -1.0, 0.0, 0.0, 0.035574419114900446];8.82662110000092
[28.784400653472385, 1069.8470405212624, 119.1459697210399];True;False;[0.0, 7.25, 1.4500000000000002, 0.0, 0.0, 11.9940190811271, 0.5, 0.5, 10042.431523578935, 10500.0, 10500.0, 0.0, 3.0, 0.0, 0.025, 0.0352479374599643, 0.0, 0.0, 0.05, 0.5, 0.5, 0.05, 0.5, 0.5, 0.007001834624030588, 0.0, 0.0, 0.05, 0.5, 0.5, 0.05, 0.5, 0.5, 0.0, 0.0, 0.0, 0.030000000000000002, 0.255, 0.0, 0.0, 0.0];[0.31908029560994056, -1.4786062015762451, -5.929729535588452, 0.6652449414456882, -0.4, -3.0059809188729005, -14.0, -14.0, -1.0, 0.0, 0.0, -1.0, 0.0, 0.0, 0.0355742146680752];9.004431100001966
[28.75868745303304, 1070.3207398071065, 119.14427132163871];True;False;[0.0, 7.25, 1.4500000000000002, 0.0, 0.0, 12.04455267127634, 0.5, 0.5, 10044.249779067866, 10500.0, 10500.0, 0.0, 3.0, 0.0, 0.025, 0.0352479374599643, 0.0, 0.0, 0.05, 0.5, 0.5, 0.05, 0.5, 0.5, 0.007001834624030588, 0.0, 0.0, 0.05, 0.5, 0.5, 0.05, 0.5, 0.5, 0.0, 0.0, 0.0, 0.030000000000000002, 0.255, 0.0, 0.0, 0.0];[0.31853117276555576, -1.4787476554744572, -5.877154071412722, 0.6663638531050127, -0.4, -2.9554473287236593, -14.0, -14.0, -1.0, 0.0, 0.0, -1.0, 0.0, 0.0, 0.03563524904257731];8.936404000000039
[28.784650371376703, 1069.842460338325, 119.14598609123053];True;False;[0.0, 7.25, 1.4500000000000002, 0.0, 0.0, 11.993529879837324, 0.5, 0.5, 10042.428081622451, 10500.0, 10500.0, 0.0, 3.0, 0.0, 0.025, 0.0352479374599643, 0.0, 0.0, 0.05, 0.5, 0.5, 0.05, 0.5, 0.5, 0.007001834624030588, 0.0, 0.0, 0.05, 0.5, 0.5, 0.05, 0.5, 0.5, 0.0, 0.0, 0.0, 0.030000000000000002, 0.255, 0.0, 0.0, 0.0];[0.31908564995988176, -1.4786048222971293, -5.930237921523801, 0.6652340715680125, -0.4, -3.0064701201626765, -14.0, -14.0, -1.0, 0.0, 0.0, -1.0, 0.0, 0.0, 0.03557361960669403];9.23032460000104
[28.78459648966743, 1069.8434485721004, 119.14598255925532];True;False;[0.0, 7.25, 1.4500000000000002, 0.0, 0.0, 11.99363543236423, 0.5, 0.5, 10044.248205871841, 10500.0, 10500.0, 0.0, 3.0, 0.0, 0.025, 0.0352479374599643, 0.0, 0.0, 0.05, 0.5, 0.5, 0.05, 0.5, 0.5, 0.007001834624030588, 0.0, 0.0, 0.05, 0.5, 0.5, 0.05, 0.5, 0.5, 0.0, 0.0, 0.0, 0.030000000000000002, 0.255, 0.0, 0.0, 0.0];[0.3190844946149891, -1.4786051199136645, -5.93012823056605, 0.6652364169712455, -0.4, -3.006364567635771, -14.0, -14.0, -1.0, 0.0, 0.0, -1.0, 0.0, 0.0, 0.035573748007066364];9.281969299998309
[28.75922929751713, 1070.3107150884566, 119.14430737325398];True;False;[0.0, 7.25, 1.4500000000000002, 0.0, 0.0, 12.043484497147501, 0.5, 0.5, 10044.131625416347, 10500.0, 10500.0, 0.0, 3.0, 0.0, 0.025, 0.0352479374599643, 0.0, 0.0, 0.05, 0.5, 0.5, 0.05, 0.5, 0.5, 0.007001834624030588, 0.0, 0.0, 0.05, 0.5, 0.5, 0.05, 0.5, 0.5, 0.0, 0.0, 0.0, 0.030000000000000002, 0.255, 0.0, 0.0, 0.0];[0.3185426990082716, -1.4787446863174092, -5.87826663873023, 0.6663402819156306, -0.4, -2.9565155028524988, -14.0, -14.0, -1.0, 0.0, 0.0, -1.0, 0.0, 0.0, 0.03563396777098282];8.707486899998912
[28.786051460428272, 1069.8167695547293, 119.14607789537394];True;False;[0.0, 7.25, 1.4500000000000002, 0.0, 0.0, 11.990785680120709, 0.5, 0.5, 10234.37914244176, 10500.0, 10500.0, 0.0, 3.0, 0.0, 0.025, 0.0352479374599643, 0.0, 0.0, 0.05, 0.5, 0.5, 0.05, 0.5, 0.5, 0.007001834624030588, 0.0, 0.0, 0.05, 0.5, 0.5, 0.05, 0.5, 0.5, 0.0, 0.0, 0.0, 0.030000000000000002, 0.255, 0.0, 0.0, 0.0];[0.31911569917996463, -1.4785970816260514, -5.933089531529484, 0.6651730829021405, -0.4, -3.009214319879291, -14.0, -14.0, -1.0, 0.0, 0.0, -1.0, 0.0, 0.0, 0.03557028007915919];8.750900200000615
[28.758254286690686, 1070.3287551840076, 119.14424249277718];True;False;[0.0, 7.25, 1.4500000000000002, 0.0, 0.0, 12.045406703424899, 0.5, 0.5, 10044.253505955272, 10500.0, 10500.0, 0.0, 3.0, 0.0, 0.025, 0.0352479374599643, 0.0, 0.0, 0.05, 0.5, 0.5, 0.05, 0.5, 0.5, 0.007001834624030588, 0.0, 0.0, 0.05, 0.5, 0.5, 0.05, 0.5, 0.5, 0.0, 0.0, 0.0, 0.030000000000000002, 0.255, 0.0, 0.0, 0.0];[0.3185219597521458, -1.478750028744253, -5.876264507508225, 0.6663826963772006, -0.4, -2.9545932965751014, -14.0, -14.0, -1.0, 0.0, 0.0, -1.0, 0.0, 0.0, 0.035636273177108935];8.636483499998576
[28.758721036456365, 1070.320118423444, 119.14427355643892];True;False;[0.0, 7.25, 1.4500000000000002, 0.0, 0.0, 12.044486461903077, 0.5, 0.5, 10042.436366835209, 10500.0, 10500.0, 0.0, 3.0, 0.0, 0.025, 0.0352479374599643, 0.0, 0.0, 0.05, 0.5, 0.5, 0.05, 0.5, 0.5, 0.007001834624030588, 0.0, 0.0, 0.05, 0.5, 0.5, 0.05, 0.5, 0.5, 0.0, 0.0, 0.0, 0.030000000000000002, 0.255, 0.0, 0.0, 0.0];[0.3185318871032248, -1.478747471461262, -5.877223033986731, 0.6663623921759414, -0.4, -2.9555135380969233, -14.0, -14.0, -1.0, 0.0, 0.0, -1.0, 0.0, 0.0, 0.03563516963572677];8.97926240000379
[28.757471730692547, 1070.3432387018584, 119.14419039237197];True;False;[0.0, 7.25, 1.4500000000000002, 0.0, 0.0, 12.046949824162827, 0.5, 0.5, 10139.73639719315, 10500.0, 10500.0, 0.0, 3.0, 0.0, 0.025, 0.0352479374599643, 0.0, 0.0, 0.05, 0.5, 0.5, 0.05, 0.5, 0.5, 0.007001834624030588, 0.0, 0.0, 0.05, 0.5, 0.5, 0.05, 0.5, 0.5, 0.0, 0.0, 0.0, 0.030000000000000002, 0.255, 0.0, 0.0, 0.0];[0.31850531873167665, -1.4787543154666833, -5.874657099424672, 0.666416738022447, -0.4, -2.9530501758371734, -14.0, -14.0, -1.0, 0.0, 0.0, -1.0, 0.0, 0.0, 0.035638123031698554];8.793281099999149
[28.79508915876593, 1069.279428631972, 119.15221282229606];True;False;[0.0, 7.25, 1.4500000000000002, 0.0, 0.0, 11.99418717271195, 0.5, 0.5, 10044.240480301558, 10500.0, 10500.0, 0.0, 3.0, 0.0, 0.025, 0.0352479374599643, 0.0, 0.0, 0.05, 0.5, 0.5, 0.05, 0.5, 0.5, 0.0061594992036549485, 0.0, 0.0, 0.05, 0.5, 0.5, 0.05, 0.5, 0.5, 0.0, 0.0, 0.0, 0.030000000000000002, 0.255, 0.0, 0.0, 0.0];[0.3179341142387484, -1.4789014575916728, -5.92955484950291, 0.6656288533697576, -0.4, -3.00581282728805, -14.0, -14.0, -1.0, 0.0, 0.0, -1.0, 0.0, 0.0, 0.03570162720075232];8.337223599999561
[28.784315966037124, 1069.8485938994995, 119.1459641687926];True;False;[0.0, 7.25, 1.4500000000000002, 0.0, 0.0, 11.994184992048464, 0.5, 0.5, 10044.443035229115, 10500.0, 10500.0, 0.0, 3.0, 0.0, 0.025, 0.0352479374599643, 0.0, 0.0, 0.05, 0.5, 0.5, 0.05, 0.5, 0.5, 0.007001834624030588, 0.0, 0.0, 0.05, 0.5, 0.5, 0.05, 0.5, 0.5, 0.0, 0.0, 0.0, 0.030000000000000002, 0.255, 0.0, 0.0, 0.0];[0.31907847987021487, -1.478606669310311, -5.9295571157258316, 0.6652486277570522, -0.4, -3.0058150079515364, -14.0, -14.0, -1.0, 0.0, 0.0, -1.0, 0.0, 0.0, 0.03557441646254145];8.335603600004106
[28.78367922623368, 1069.8602747124937, 119.14592241457547];True;False;[0.0, 7.25, 1.4500000000000002, 0.0, 0.0, 11.9954325372053, 0.5, 0.5, 10044.253505955272, 10500.0, 10500.0, 0.0, 3.0, 0.0, 0.025, 0.0352479374599643, 0.0, 0.0, 0.05, 0.5, 0.5, 0.05, 0.5, 0.5, 0.007001834624030588, 0.0, 0.0, 0.05, 0.5, 0.5, 0.05, 0.5, 0.5, 0.0, 0.0, 0.0, 0.030000000000000002, 0.255, 0.0, 0.0, 0.0];[0.3190648293751419, -1.478610185674202, -5.928260586319475, 0.6652763438164069, -0.4, -3.0045674627947, -14.0, -14.0, -1.0, 0.0, 0.0, -1.0, 0.0, 0.0, 0.035575933531972526];8.555581900000107
[28.75922929751803, 1070.3107150884564, 119.14430737325361];True;False;[0.0, 7.25, 1.4500000000000002, 0.0, 0.0, 12.043484497147501, 0.5, 0.5, 10044.253505955272, 10500.0, 10500.0, 0.0, 3.0, 0.0, 0.025, 0.0352479374599643, 0.0, 0.0, 0.05, 0.5, 0.5, 0.05, 0.5, 0.5, 0.007001834624030588, 0.0, 0.0, 0.05, 0.5, 0.5, 0.05, 0.5, 0.5, 0.0, 0.0, 0.0, 0.030000000000000002, 0.255, 0.0, 0.0, 0.0];[0.31854269900826626, -1.478744686317403, -5.878266638730258, 0.6663402819155642, -0.4, -2.9565155028524988, -14.0, -14.0, -1.0, 0.0, 0.0, -1.0, 0.0, 0.0, 0.03563396777097927];8.708840400002373
[28.758971555578334, 1070.3154833683675, 119.14429022580723];True;False;[0.0, 7.25, 1.4500000000000002, 0.0, 0.0, 12.043992583247398, 0.5, 0.5, 10042.431523578935, 10500.0, 10500.0, 0.0, 3.0, 0.0, 0.025, 0.0352479374599643, 0.0, 0.0, 0.05, 0.5, 0.5, 0.05, 0.5, 0.5, 0.007001834624030588, 0.0, 0.0, 0.05, 0.5, 0.5, 0.05, 0.5, 0.5, 0.0, 0.0, 0.0, 0.030000000000000002, 0.255, 0.0, 0.0, 0.0];[0.31853721601814655, -1.4787460987342032, -5.877737443269213, 0.6663514941829642, -0.4, -2.956007416752602, -14.0, -14.0, -1.0, 0.0, 0.0, -1.0, 0.0, 0.0, 0.035634577266276946];8.814715699998487
[28.784315966037124, 1069.8485938994995, 119.1459641687926];True;False;[0.0, 7.25, 1.4500000000000002, 0.0, 0.0, 11.994184992048464, 0.5, 0.5, 10044.443035229115, 10500.0, 10500.0, 0.0, 3.0, 0.0, 0.025, 0.0352479374599643, 0.0, 0.0, 0.05, 0.5, 0.5, 0.05, 0.5, 0.5, 0.007001834624030588, 0.0, 0.0, 0.05, 0.5, 0.5, 0.05, 0.5, 0.5, 0.0, 0.0, 0.0, 0.030000000000000002, 0.255, 0.0, 0.0, 0.0];[0.31907847987021487, -1.478606669310311, -5.9295571157258316, 0.6652486277570522, -0.4, -3.0058150079515364, -14.0, -14.0, -1.0, 0.0, 0.0, -1.0, 0.0, 0.0, 0.03557441646254145];8.524486800000886
[28.784316973450345, 1069.84857541968, 119.14596423487303];True;False;[0.0, 7.25, 1.4500000000000002, 0.0, 0.0, 11.994183018346247, 0.5, 0.5, 10044.251754628114, 10500.0, 10500.0, 0.0, 3.0, 0.0, 0.025, 0.0352479374599643, 0.0, 0.0, 0.05, 0.5, 0.5, 0.05, 0.5, 0.5, 0.007001834624030588, 0.0, 0.0, 0.05, 0.5, 0.5, 0.05, 0.5, 0.5, 0.0, 0.0, 0.0, 0.030000000000000002, 0.255, 0.0, 0.0, 0.0];[0.31907850146899897, -1.4786066637464717, -5.929559166866984, 0.6652485839071625, -0.4, -3.005816981653753, -14.0, -14.0, -1.0, 0.0, 0.0, -1.0, 0.0, 0.0, 0.03557441406213413];8.70682740000484
[28.784315966037124, 1069.8485938994995, 119.1459641687926];True;False;[0.0, 7.25, 1.4500000000000002, 0.0, 0.0, 11.994184992048464, 0.5, 0.5, 10044.443035229115, 10500.0, 10500.0, 0.0, 3.0, 0.0, 0.025, 0.0352479374599643, 0.0, 0.0, 0.05, 0.5, 0.5, 0.05, 0.5, 0.5, 0.007001834624030588, 0.0, 0.0, 0.05, 0.5, 0.5, 0.05, 0.5, 0.5, 0.0, 0.0, 0.0, 0.030000000000000002, 0.255, 0.0, 0.0, 0.0];[0.31907847987021487, -1.478606669310311, -5.9295571157258316, 0.6652486277570522, -0.4, -3.0058150079515364, -14.0, -14.0, -1.0, 0.0, 0.0, -1.0, 0.0, 0.0, 0.03557441646254145];8.99201660000108
[28.79508915876593, 1069.279428631972, 119.15221282229606];True;False;[0.0, 7.25, 1.4500000000000002, 0.0, 0.0, 11.99418717271195, 0.5, 0.5, 10044.240480301558, 10500.0, 10500.0, 0.0, 3.0, 0.0, 0.025, 0.0352479374599643, 0.0, 0.0, 0.05, 0.5, 0.5, 0.05, 0.5, 0.5, 0.0061594992036549485, 0.0, 0.0, 0.05, 0.5, 0.5, 0.05, 0.5, 0.5, 0.0, 0.0, 0.0, 0.030000000000000002, 0.255, 0.0, 0.0, 0.0];[0.3179341142387484, -1.4789014575916728, -5.92955484950291, 0.6656288533697576, -0.4, -3.00581282728805, -14.0, -14.0, -1.0, 0.0, 0.0, -1.0, 0.0, 0.0, 0.03570162720075232];8.53376019999996
[28.784316835715153, 1069.8485779461118, 119.14596422584276];True;False;[0.0, 7.25, 1.4500000000000002, 0.0, 0.0, 11.99418328818532, 0.5, 0.5, 10042.431523578935, 10500.0, 10500.0, 0.0, 3.0, 0.0, 0.025, 0.0352479374599643, 0.0, 0.0, 0.05, 0.5, 0.5, 0.05, 0.5, 0.5, 0.007001834624030588, 0.0, 0.0, 0.05, 0.5, 0.5, 0.05, 0.5, 0.5, 0.0, 0.0, 0.0, 0.030000000000000002, 0.255, 0.0, 0.0, 0.0];[0.3190784985159203, -1.478606664507188, -5.929558886440702, 0.6652485899025553, -0.4, -3.0058167118146795, -14.0, -14.0, -1.0, 0.0, 0.0, -1.0, 0.0, 0.0, 0.03557441439033049];8.550615700005437
[28.811411328844517, 1068.4185821758128, 119.1616672804182];True;False;[0.0, 7.25, 1.4500000000000002, 0.0, 0.0, 11.99418717271195, 0.5, 0.5, 10044.240480301558, 10500.0, 10500.0, 0.0, 3.0, 0.0, 0.025, 0.0352479374599643, 0.0, 0.0, 0.05, 0.5, 0.5, 0.05, 0.5, 0.5, 0.004883034331768541, 0.0, 0.0, 0.05, 0.5, 0.5, 0.05, 0.5, 0.5, 0.0, 0.0, 0.0, 0.030000000000000002, 0.255, 0.0, 0.0, 0.0];[0.3162027437339665, -1.4793474581717765, -5.929554849502889, 0.6662040234476607, -0.4, -3.00581282728805, -14.0, -14.0, -1.0, 0.0, 0.0, -1.0, 0.0, 0.0, 0.035894205886918495];9.403045799997926
[28.79508915876593, 1069.279428631972, 119.15221282229606];True;False;[0.0, 7.25, 1.4500000000000002, 0.0, 0.0, 11.99418717271195, 0.5, 0.5, 10044.240480301558, 10500.0, 10500.0, 0.0, 3.0, 0.0, 0.025, 0.0352479374599643, 0.0, 0.0, 0.05, 0.5, 0.5, 0.05, 0.5, 0.5, 0.0061594992036549485, 0.0, 0.0, 0.05, 0.5, 0.5, 0.05, 0.5, 0.5, 0.0, 0.0, 0.0, 0.030000000000000002, 0.255, 0.0, 0.0, 0.0];[0.3179341142387484, -1.4789014575916728, -5.92955484950291, 0.6656288533697576, -0.4, -3.00581282728805, -14.0, -14.0, -1.0, 0.0, 0.0, -1.0, 0.0, 0.0, 0.03570162720075232];8.393040800001472
[28.79508915876593, 1069.279428631972, 119.15221282229606];True;False;[0.0, 7.25, 1.4500000000000002, 0.0, 0.0, 11.99418717271195, 0.5, 0.5, 10044.240480301558, 10500.0, 10500.0, 0.0, 3.0, 0.0, 0.025, 0.0352479374599643, 0.0, 0.0, 0.05, 0.5, 0.5, 0.05, 0.5, 0.5, 0.0061594992036549485, 0.0, 0.0, 0.05, 0.5, 0.5, 0.05, 0.5, 0.5, 0.0, 0.0, 0.0, 0.030000000000000002, 0.255, 0.0, 0.0, 0.0];[0.3179341142387484, -1.4789014575916728, -5.92955484950291, 0.6656288533697576, -0.4, -3.00581282728805, -14.0, -14.0, -1.0, 0.0, 0.0, -1.0, 0.0, 0.0, 0.03570162720075232];8.760213600005955
[28.79508915876593, 1069.279428631972, 119.15221282229606];True;False;[0.0, 7.25, 1.4500000000000002, 0.0, 0.0, 11.99418717271195, 0.5, 0.5, 10044.240480301558, 10500.0, 10500.0, 0.0, 3.0, 0.0, 0.025, 0.0352479374599643, 0.0, 0.0, 0.05, 0.5, 0.5, 0.05, 0.5, 0.5, 0.0061594992036549485, 0.0, 0.0, 0.05, 0.5, 0.5, 0.05, 0.5, 0.5, 0.0, 0.0, 0.0, 0.030000000000000002, 0.255, 0.0, 0.0, 0.0];[0.3179341142387484, -1.4789014575916728, -5.92955484950291, 0.6656288533697576, -0.4, -3.00581282728805, -14.0, -14.0, -1.0, 0.0, 0.0, -1.0, 0.0, 0.0, 0.03570162720075232];9.126756300000125
[28.783866867821377, 1069.8568322166395, 119.14593472081609];True;False;[0.0, 7.25, 1.4500000000000002, 0.0, 0.0, 11.995064876333485, 0.5, 0.5, 10044.251754628114, 10500.0, 10500.0, 0.0, 3.0, 0.0, 0.025, 0.0352479374599643, 0.0, 0.0, 0.05, 0.5, 0.5, 0.05, 0.5, 0.5, 0.007001834624030588, 0.0, 0.0, 0.05, 0.5, 0.5, 0.05, 0.5, 0.5, 0.0, 0.0, 0.0, 0.030000000000000002, 0.255, 0.0, 0.0, 0.0];[0.3190688517767022, -1.4786091495046336, -5.92864269076088, 0.6652681761838797, -0.4, -3.004935123666515, -14.0, -14.0, -1.0, 0.0, 0.0, -1.0, 0.0, 0.0, 0.03557548649509967];9.23937719999958
[28.79508915876593, 1069.279428631972, 119.15221282229606];True;False;[0.0, 7.25, 1.4500000000000002, 0.0, 0.0, 11.99418717271195, 0.5, 0.5, 10044.240480301558, 10500.0, 10500.0, 0.0, 3.0, 0.0, 0.025, 0.0352479374599643, 0.0, 0.0, 0.05, 0.5, 0.5, 0.05, 0.5, 0.5, 0.0061594992036549485, 0.0, 0.0, 0.05, 0.5, 0.5, 0.05, 0.5, 0.5, 0.0, 0.0, 0.0, 0.030000000000000002, 0.255, 0.0, 0.0, 0.0];[0.3179341142387484, -1.4789014575916728, -5.92955484950291, 0.6656288533697576, -0.4, -3.00581282728805, -14.0, -14.0, -1.0, 0.0, 0.0, -1.0, 0.0, 0.0, 0.03570162720075232];8.865353699999105
[28.795107730258863, 1069.2784481812475, 119.15222358775324];True;False;[0.0, 7.25, 1.4500000000000002, 0.0, 0.0, 11.99418717271195, 0.5, 0.5, 10044.240480301558, 10500.0, 10500.0, 0.0, 3.0, 0.0, 0.025, 0.0352479374599643, 0.0, 0.0, 0.05, 0.5, 0.5, 0.05, 0.5, 0.5, 0.00615804710396242, 0.0, 0.0, 0.05, 0.5, 0.5, 0.05, 0.5, 0.5, 0.0, 0.0, 0.0, 0.030000000000000002, 0.255, 0.0, 0.0, 0.0];[0.317932142758913, -1.4789019654443438, -5.929554849502958, 0.6656295083272044, -0.4, -3.00581282728805, -14.0, -14.0, -1.0, 0.0, 0.0, -1.0, 0.0, 0.0, 0.03570184640785212];9.066761499998393
[28.79508915876593, 1069.279428631972, 119.15221282229606];True;False;[0.0, 7.25, 1.4500000000000002, 0.0, 0.0, 11.99418717271195, 0.5, 0.5, 10044.240480301558, 10500.0, 10500.0, 0.0, 3.0, 0.0, 0.025, 0.0352479374599643, 0.0, 0.0, 0.05, 0.5, 0.5, 0.05, 0.5, 0.5, 0.0061594992036549485, 0.0, 0.0, 0.05, 0.5, 0.5, 0.05, 0.5, 0.5, 0.0, 0.0, 0.0, 0.030000000000000002, 0.255, 0.0, 0.0, 0.0];[0.3179341142387484, -1.4789014575916728, -5.92955484950291, 0.6656288533697576, -0.4, -3.00581282728805, -14.0, -14.0, -1.0, 0.0, 0.0, -1.0, 0.0, 0.0, 0.03570162720075232];8.45531199999823
[28.984392322859673, 1059.399173298667, 119.26099887850003];True;False;[0.0, 7.25, 1.4500000000000002, 0.0, 0.0, 11.99418717271195, 0.5, 0.5, 10044.240480301558, 10500.0, 10500.0, 0.0, 3.0, 0.0, 0.025, 0.022057924226106244, 0.0, 0.0, 0.05, 0.5, 0.5, 0.05, 0.5, 0.5, 0.004883034331768541, 0.0, 0.0, 0.05, 0.5, 0.5, 0.05, 0.5, 0.5, 0.0, 0.0, 0.0, 0.030000000000000002, 0.255, 0.0, 0.0, 0.0];[0.29801539297146995, -1.4840325148758209, -5.929554849502999, 0.6722429653613626, -0.4, -3.00581282728805, -14.0, -14.0, -1.0, 0.0, 0.0, -1.0, 0.0, 0.0, 0.03792556575047934];8.82550220000121
[28.811392764307193, 1068.4195603153344, 119.16165653518286];True;False;[0.0, 7.25, 1.4500000000000002, 0.0, 0.0, 11.99418717271195, 0.5, 0.5, 10044.240480301558, 10500.0, 10500.0, 0.0, 3.0, 0.0, 0.025, 0.0352479374599643, 0.0, 0.0, 0.05, 0.5, 0.5, 0.05, 0.5, 0.5, 0.00488448643146107, 0.0, 0.0, 0.05, 0.5, 0.5, 0.05, 0.5, 0.5, 0.0, 0.0, 0.0, 0.030000000000000002, 0.255, 0.0, 0.0, 0.0];[0.3162047114521389, -1.4793469512880941, -5.929554849502983, 0.666203369783605, -0.4, -3.00581282728805, -14.0, -14.0, -1.0, 0.0, 0.0, -1.0, 0.0, 0.0, 0.035893986940912836];8.659036100005324
[1e+30, 1e+30, 1e+30];False;False;[1.0, 10.562013682410232, 1.2314600860698266, 1.0, 0.0, 11.99418717271195, 0.5, 0.5, 10044.240480301558, 10500.0, 10500.0, 0.0, 3.0, 0.0, 0.025, 0.0352479374599643, 0.0, 0.0, 0.05, 0.5, 0.5, 0.05, 0.5, 0.5, 0.00488448643146107, 0.0, 0.0, 0.05, 0.5, 0.5, 0.05, 0.5, 0.5, 1.0, 1.0, 0.0, 0.01627550868539565, 0.21838379834242125, 64.0, 0.0, 0.0];[1e+30, 1e+30, 1e+30, 1e+30, 1e+30, 1e+30, 1e+30, 1e+30, 1e+30, 1e+30, 1e+30, 1e+30, 1e+30, 1e+30, 1e+30];71.93445709999651
[28.984392322859673, 1059.399173298667, 119.26099887850003];True;False;[0.0, 7.25, 1.4500000000000002, 0.0, 0.0, 11.99418717271195, 0.5, 0.5, 10044.240480301558, 10500.0, 10500.0, 0.0, 3.0, 0.0, 0.025, 0.022057924226106244, 0.0, 0.0, 0.05, 0.5, 0.5, 0.05, 0.5, 0.5, 0.004883034331768541, 0.0, 0.0, 0.05, 0.5, 0.5, 0.05, 0.5, 0.5, 0.0, 0.0, 0.0, 0.030000000000000002, 0.255, 0.0, 0.0, 0.0];[0.29801539297146995, -1.4840325148758209, -5.929554849502999, 0.6722429653613626, -0.4, -3.00581282728805, -14.0, -14.0, -1.0, 0.0, 0.0, -1.0, 0.0, 0.0, 0.03792556575047934];8.814536999998381
[28.811392764307193, 1068.4195603153344, 119.16165653518286];True;False;[0.0, 7.25, 1.4500000000000002, 0.0, 0.0, 11.99418717271195, 0.5, 0.5, 10044.240480301558, 10500.0, 10500.0, 0.0, 3.0, 0.0, 0.025, 0.0352479374599643, 0.0, 0.0, 0.05, 0.5, 0.5, 0.05, 0.5, 0.5, 0.00488448643146107, 0.0, 0.0, 0.05, 0.5, 0.5, 0.05, 0.5, 0.5, 0.0, 0.0, 0.0, 0.030000000000000002, 0.255, 0.0, 0.0, 0.0];[0.3162047114521389, -1.4793469512880941, -5.929554849502983, 0.666203369783605, -0.4, -3.00581282728805, -14.0, -14.0, -1.0, 0.0, 0.0, -1.0, 0.0, 0.0, 0.035893986940912836];8.63544080000429
[28.978179364993764, 1059.7198797260112, 119.25745836800098];True;False;[0.0, 7.25, 1.4500000000000002, 0.0, 0.0, 11.99418717271195, 0.5, 0.5, 10044.240480301558, 10500.0, 10500.0, 0.0, 3.0, 0.0, 0.025, 0.02253259386978123, 0.0, 0.0, 0.05, 0.5, 0.5, 0.05, 0.5, 0.5, 0.004883034331768541, 0.0, 0.0, 0.05, 0.5, 0.5, 0.05, 0.5, 0.5, 0.0, 0.0, 0.0, 0.030000000000000002, 0.255, 0.0, 0.0, 0.0];[0.29866356980190023, -1.4838655446972349, -5.929554849503033, 0.6720278583735717, -0.4, -3.00581282728805, -14.0, -14.0, -1.0, 0.0, 0.0, -1.0, 0.0, 0.0, 0.037852905751889376];8.846448500000406
[28.984392322859673, 1059.399173298667, 119.26099887850003];True;False;[0.0, 7.25, 1.4500000000000002, 0.0, 0.0, 11.99418717271195, 0.5, 0.5, 10044.240480301558, 10500.0, 10500.0, 0.0, 3.0, 0.0, 0.025, 0.022057924226106244, 0.0, 0.0, 0.05, 0.5, 0.5, 0.05, 0.5, 0.5, 0.004883034331768541, 0.0, 0.0, 0.05, 0.5, 0.5, 0.05, 0.5, 0.5, 0.0, 0.0, 0.0, 0.030000000000000002, 0.255, 0.0, 0.0, 0.0];[0.29801539297146995, -1.4840325148758209, -5.929554849502999, 0.6722429653613626, -0.4, -3.00581282728805, -14.0, -14.0, -1.0, 0.0, 0.0, -1.0, 0.0, 0.0, 0.03792556575047934];8.941205199997057
[28.984392322859673, 1059.399173298667, 119.26099887850003];True;False;[0.0, 7.25, 1.4500000000000002, 0.0, 0.0, 11.99418717271195, 0.5, 0.5, 10044.240480301558, 10500.0, 10500.0, 0.0, 3.0, 0.0, 0.025, 0.022057924226106244, 0.0, 0.0, 0.05, 0.5, 0.5, 0.05, 0.5, 0.5, 0.004883034331768541, 0.0, 0.0, 0.05, 0.5, 0.5, 0.05, 0.5, 0.5, 0.0, 0.0, 0.0, 0.030000000000000002, 0.255, 0.0, 0.0, 0.0];[0.29801539297146995, -1.4840325148758209, -5.929554849502999, 0.6722429653613626, -0.4, -3.00581282728805, -14.0, -14.0, -1.0, 0.0, 0.0, -1.0, 0.0, 0.0, 0.03792556575047934];8.911959799996112
[28.977702320157032, 1059.744514182046, 119.25718643534366];True;False;[0.0, 7.25, 1.4500000000000002, 0.0, 0.0, 11.99418717271195, 0.5, 0.5, 10044.240480301558, 10500.0, 10500.0, 0.0, 3.0, 0.0, 0.025, 0.022569037281811893, 0.0, 0.0, 0.05, 0.5, 0.5, 0.05, 0.5, 0.5, 0.004883034331768541, 0.0, 0.0, 0.05, 0.5, 0.5, 0.05, 0.5, 0.5, 0.0, 0.0, 0.0, 0.030000000000000002, 0.255, 0.0, 0.0, 0.0];[0.2987133537357707, -1.4838527203691554, -5.92955484950291, 0.6720113364354434, -0.4, -3.00581282728805, -14.0, -14.0, -1.0, 0.0, 0.0, -1.0, 0.0, 0.0, 0.037847325832542356];8.445583500004432
[28.984392322859673, 1059.399173298667, 119.26099887850003];True;False;[0.0, 7.25, 1.4500000000000002, 0.0, 0.0, 11.99418717271195, 0.5, 0.5, 10044.240480301558, 10500.0, 10500.0, 0.0, 3.0, 0.0, 0.025, 0.022057924226106244, 0.0, 0.0, 0.05, 0.5, 0.5, 0.05, 0.5, 0.5, 0.004883034331768541, 0.0, 0.0, 0.05, 0.5, 0.5, 0.05, 0.5, 0.5, 0.0, 0.0, 0.0, 0.030000000000000002, 0.255, 0.0, 0.0, 0.0];[0.29801539297146995, -1.4840325148758209, -5.929554849502999, 0.6722429653613626, -0.4, -3.00581282728805, -14.0, -14.0, -1.0, 0.0, 0.0, -1.0, 0.0, 0.0, 0.03792556575047934];8.800148800000898
[28.984392322859673, 1059.399173298667, 119.26099887850003];True;False;[0.0, 7.25, 1.4500000000000002, 0.0, 0.0, 11.99418717271195, 0.5, 0.5, 10044.240480301558, 10500.0, 10500.0, 0.0, 3.0, 0.0, 0.025, 0.022057924226106244, 0.0, 0.0, 0.05, 0.5, 0.5, 0.05, 0.5, 0.5, 0.004883034331768541, 0.0, 0.0, 0.05, 0.5, 0.5, 0.05, 0.5, 0.5, 0.0, 0.0, 0.0, 0.030000000000000002, 0.255, 0.0, 0.0, 0.0];[0.29801539297146995, -1.4840325148758209, -5.929554849502999, 0.6722429653613626, -0.4, -3.00581282728805, -14.0, -14.0, -1.0, 0.0, 0.0, -1.0, 0.0, 0.0, 0.03792556575047934];8.530336200004967
[28.983158840885235, 1059.4628253450817, 119.26029612755505];True;False;[0.0, 7.25, 1.4500000000000002, 0.0, 0.0, 11.99418717271195, 0.5, 0.5, 10044.240480301558, 10500.0, 10500.0, 0.0, 3.0, 0.0, 0.025, 0.02215216766024595, 0.0, 0.0, 0.05, 0.5, 0.5, 0.05, 0.5, 0.5, 0.004883034331768541, 0.0, 0.0, 0.05, 0.5, 0.5, 0.05, 0.5, 0.5, 0.0, 0.0, 0.0, 0.030000000000000002, 0.255, 0.0, 0.0, 0.0];[0.2981440482742759, -1.4839993733041417, -5.929554849502985, 0.6722002698508578, -0.4, -3.00581282728805, -14.0, -14.0, -1.0, 0.0, 0.0, -1.0, 0.0, 0.0, 0.037911142053346336];8.380869300002814
[28.977622798988047, 1059.748620750618, 119.25714110565633];True;False;[0.0, 7.25, 1.4500000000000002, 0.0, 0.0, 11.99418717271195, 0.5, 0.5, 10044.240480301558, 10500.0, 10500.0, 0.0, 3.0, 0.0, 0.025, 0.02257511212175042, 0.0, 0.0, 0.05, 0.5, 0.5, 0.05, 0.5, 0.5, 0.004883034331768541, 0.0, 0.0, 0.05, 0.5, 0.5, 0.05, 0.5, 0.5, 0.0, 0.0, 0.0, 0.030000000000000002, 0.255, 0.0, 0.0, 0.0];[0.2987216526641676, -1.4838505825674115, -5.929554849502935, 0.672008582332682, -0.4, -3.00581282728805, -14.0, -14.0, -1.0, 0.0, 0.0, -1.0, 0.0, 0.0, 0.037846395677226696];8.247763800005487
[28.97774861434006, 1059.7421234876715, 119.25721282628122];True;False;[0.0, 7.25, 1.4500000000000002, 0.0, 0.0, 11.99418717271195, 0.5, 0.5, 10044.240480301558, 10500.0, 10500.0, 0.0, 3.0, 0.0, 0.025, 0.022565500643400196, 0.0, 0.0, 0.05, 0.5, 0.5, 0.05, 0.5, 0.5, 0.004883034331768541, 0.0, 0.0, 0.05, 0.5, 0.5, 0.05, 0.5, 0.5, 0.0, 0.0, 0.0, 0.030000000000000002, 0.255, 0.0, 0.0, 0.0];[0.29870852239419765, -1.4838539649214593, -5.92955484950301, 0.6720129398997463, -0.4, -3.00581282728805, -14.0, -14.0, -1.0, 0.0, 0.0, -1.0, 0.0, 0.0, 0.0378478673374375];8.459118599996145
[28.977702320157032, 1059.744514182046, 119.25718643534366];True;False;[0.0, 7.25, 1.4500000000000002, 0.0, 0.0, 11.99418717271195, 0.5, 0.5, 10044.240480301558, 10500.0, 10500.0, 0.0, 3.0, 0.0, 0.025, 0.022569037281811893, 0.0, 0.0, 0.05, 0.5, 0.5, 0.05, 0.5, 0.5, 0.004883034331768541, 0.0, 0.0, 0.05, 0.5, 0.5, 0.05, 0.5, 0.5, 0.0, 0.0, 0.0, 0.030000000000000002, 0.255, 0.0, 0.0, 0.0];[0.2987133537357707, -1.4838527203691554, -5.92955484950291, 0.6720113364354434, -0.4, -3.00581282728805, -14.0, -14.0, -1.0, 0.0, 0.0, -1.0, 0.0, 0.0, 0.037847325832542356];8.077588600004674
[28.978179364993764, 1059.7198797260112, 119.25745836800098];True;False;[0.0, 7.25, 1.4500000000000002, 0.0, 0.0, 11.99418717271195, 0.5, 0.5, 10044.240480301558, 10500.0, 10500.0, 0.0, 3.0, 0.0, 0.025, 0.02253259386978123, 0.0, 0.0, 0.05, 0.5, 0.5, 0.05, 0.5, 0.5, 0.004883034331768541, 0.0, 0.0, 0.05, 0.5, 0.5, 0.05, 0.5, 0.5, 0.0, 0.0, 0.0, 0.030000000000000002, 0.255, 0.0, 0.0, 0.0];[0.29866356980190023, -1.4838655446972349, -5.929554849503033, 0.6720278583735717, -0.4, -3.00581282728805, -14.0, -14.0, -1.0, 0.0, 0.0, -1.0, 0.0, 0.0, 0.037852905751889376];7.748934099996404
[28.977702320157032, 1059.744514182046, 119.25718643534366];True;False;[0.0, 7.25, 1.4500000000000002, 0.0, 0.0, 11.99418717271195, 0.5, 0.5, 10044.240480301558, 10500.0, 10500.0, 0.0, 3.0, 0.0, 0.025, 0.022569037281811893, 0.0, 0.0, 0.05, 0.5, 0.5, 0.05, 0.5, 0.5, 0.004883034331768541, 0.0, 0.0, 0.05, 0.5, 0.5, 0.05, 0.5, 0.5, 0.0, 0.0, 0.0, 0.030000000000000002, 0.255, 0.0, 0.0, 0.0];[0.2987133537357707, -1.4838527203691554, -5.92955484950291, 0.6720113364354434, -0.4, -3.00581282728805, -14.0, -14.0, -1.0, 0.0, 0.0, -1.0, 0.0, 0.0, 0.037847325832542356];8.260175399998843
[28.977702320157032, 1059.744514182046, 119.25718643534366];True;False;[0.0, 7.25, 1.4500000000000002, 0.0, 0.0, 11.99418717271195, 0.5, 0.5, 10044.240480301558, 10500.0, 10500.0, 0.0, 3.0, 0.0, 0.025, 0.022569037281811893, 0.0, 0.0, 0.05, 0.5, 0.5, 0.05, 0.5, 0.5, 0.004883034331768541, 0.0, 0.0, 0.05, 0.5, 0.5, 0.05, 0.5, 0.5, 0.0, 0.0, 0.0, 0.030000000000000002, 0.255, 0.0, 0.0, 0.0];[0.2987133537357707, -1.4838527203691554, -5.92955484950291, 0.6720113364354434, -0.4, -3.00581282728805, -14.0, -14.0, -1.0, 0.0, 0.0, -1.0, 0.0, 0.0, 0.037847325832542356];8.173356999999669
[1e+30, 1e+30, 1e+30];False;False;[0.0, 7.25, 1.4500000000000002, 0.0, 0.0, 13.34563481061998, 0.5, 0.5, 10044.240480301558, 10500.0, 10500.0, 0.0, 3.0, 0.0, 0.025, 0.022057924226106244, 0.0, 0.0, 0.05, 0.5, 0.5, 0.05, 0.5, 0.5, 0.004883034331768541, 0.0, 0.0, 0.05, 0.5, 0.5, 0.05, 0.5, 0.5, 0.0, 0.0, 0.0, 0.030000000000000002, 0.255, 0.0, 0.0, 0.0];[1e+30, 1e+30, 1e+30, 1e+30, 1e+30, 1e+30, 1e+30, 1e+30, 1e+30, 1e+30, 1e+30, 1e+30, 1e+30, 1e+30, 1e+30];27.77852310000162
[28.984392322859673, 1059.399173298667, 119.26099887850003];True;False;[0.0, 7.25, 1.4500000000000002, 0.0, 0.0, 11.99418717271195, 0.5, 0.5, 10044.240480301558, 10500.0, 10500.0, 0.0, 3.0, 0.0, 0.025, 0.022057924226106244, 0.0, 0.0, 0.05, 0.5, 0.5, 0.05, 0.5, 0.5, 0.004883034331768541, 0.0, 0.0, 0.05, 0.5, 0.5, 0.05, 0.5, 0.5, 0.0, 0.0, 0.0, 0.030000000000000002, 0.255, 0.0, 0.0, 0.0];[0.29801539297146995, -1.4840325148758209, -5.929554849502999, 0.6722429653613626, -0.4, -3.00581282728805, -14.0, -14.0, -1.0, 0.0, 0.0, -1.0, 0.0, 0.0, 0.03792556575047934];8.954123900002742
[28.984392322859673, 1059.399173298667, 119.26099887850003];True;False;[0.0, 7.25, 1.4500000000000002, 0.0, 0.0, 11.99418717271195, 0.5, 0.5, 10044.240480301558, 10500.0, 10500.0, 0.0, 3.0, 0.0, 0.025, 0.022057924226106244, 0.0, 0.0, 0.05, 0.5, 0.5, 0.05, 0.5, 0.5, 0.004883034331768541, 0.0, 0.0, 0.05, 0.5, 0.5, 0.05, 0.5, 0.5, 0.0, 0.0, 0.0, 0.030000000000000002, 0.255, 0.0, 0.0, 0.0];[0.29801539297146995, -1.4840325148758209, -5.929554849502999, 0.6722429653613626, -0.4, -3.00581282728805, -14.0, -14.0, -1.0, 0.0, 0.0, -1.0, 0.0, 0.0, 0.03792556575047934];9.056522799997765
[28.984392322859673, 1059.399173298667, 119.26099887850003];True;False;[0.0, 7.25, 1.4500000000000002, 0.0, 0.0, 11.99418717271195, 0.5, 0.5, 10044.240480301558, 10500.0, 10500.0, 0.0, 3.0, 0.0, 0.025, 0.022057924226106244, 0.0, 0.0, 0.05, 0.5, 0.5, 0.05, 0.5, 0.5, 0.004883034331768541, 0.0, 0.0, 0.05, 0.5, 0.5, 0.05, 0.5, 0.5, 0.0, 0.0, 0.0, 0.030000000000000002, 0.255, 0.0, 0.0, 0.0];[0.29801539297146995, -1.4840325148758209, -5.929554849502999, 0.6722429653613626, -0.4, -3.00581282728805, -14.0, -14.0, -1.0, 0.0, 0.0, -1.0, 0.0, 0.0, 0.03792556575047934];8.95971819999977
[28.977697516728487, 1059.7447622208733, 119.25718369835407];True;False;[0.0, 7.25, 1.4500000000000002, 0.0, 0.0, 11.99418717271195, 0.5, 0.5, 10044.240480301558, 10500.0, 10500.0, 0.0, 3.0, 0.0, 0.025, 0.022569404173711692, 0.0, 0.0, 0.05, 0.5, 0.5, 0.05, 0.5, 0.5, 0.004883034331768541, 0.0, 0.0, 0.05, 0.5, 0.5, 0.05, 0.5, 0.5, 0.0, 0.0, 0.0, 0.030000000000000002, 0.255, 0.0, 0.0, 0.0];[0.2987138549957731, -1.483852591244715, -5.929554849502891, 0.6720111701595484, -0.4, -3.00581282728805, -14.0, -14.0, -1.0, 0.0, 0.0, -1.0, 0.0, 0.0, 0.03784726965054164];9.113037799994345
[28.984397124763415, 1059.3989255217393, 119.26100161413193];True;False;[0.0, 7.25, 1.4500000000000002, 0.0, 0.0, 11.99418717271195, 0.5, 0.5, 10044.240480301558, 10500.0, 10500.0, 0.0, 3.0, 0.0, 0.025, 0.022057557334206446, 0.0, 0.0, 0.05, 0.5, 0.5, 0.05, 0.5, 0.5, 0.004883034331768541, 0.0, 0.0, 0.05, 0.5, 0.5, 0.05, 0.5, 0.5, 0.0, 0.0, 0.0, 0.030000000000000002, 0.255, 0.0, 0.0, 0.0];[0.2980148921493404, -1.484032643887471, -5.929554849502896, 0.6722431315635131, -0.4, -3.00581282728805, -14.0, -14.0, -1.0, 0.0, 0.0, -1.0, 0.0, 0.0, 0.037925621899749795];9.128909699997166
[28.977702320157032, 1059.744514182046, 119.25718643534366];True;False;[0.0, 7.25, 1.4500000000000002, 0.0, 0.0, 11.99418717271195, 0.5, 0.5, 10044.240480301558, 10500.0, 10500.0, 0.0, 3.0, 0.0, 0.025, 0.022569037281811893, 0.0, 0.0, 0.05, 0.5, 0.5, 0.05, 0.5, 0.5, 0.004883034331768541, 0.0, 0.0, 0.05, 0.5, 0.5, 0.05, 0.5, 0.5, 0.0, 0.0, 0.0, 0.030000000000000002, 0.255, 0.0, 0.0, 0.0];[0.2987133537357707, -1.4838527203691554, -5.92955484950291, 0.6720113364354434, -0.4, -3.00581282728805, -14.0, -14.0, -1.0, 0.0, 0.0, -1.0, 0.0, 0.0, 0.037847325832542356];8.935600999997405
[28.97762292299312, 1059.748614349146, 119.2571411762941];True;False;[0.0, 7.25, 1.4500000000000002, 0.0, 0.0, 11.99418717271195, 0.5, 0.5, 10044.240480301558, 10500.0, 10500.0, 0.0, 3.0, 0.0, 0.025, 0.022575102651238806, 0.0, 0.0, 0.05, 0.5, 0.5, 0.05, 0.5, 0.5, 0.004883034331768541, 0.0, 0.0, 0.05, 0.5, 0.5, 0.05, 0.5, 0.5, 0.0, 0.0, 0.0, 0.030000000000000002, 0.255, 0.0, 0.0, 0.0];[0.2987216397275052, -1.4838505858998954, -5.929554849503004, 0.6720085866235506, -0.4, -3.00581282728805, -14.0, -14.0, -1.0, 0.0, 0.0, -1.0, 0.0, 0.0, 0.03784639712718485];8.679728499999328
[28.977622798988047, 1059.748620750618, 119.25714110565633];True;False;[0.0, 7.25, 1.4500000000000002, 0.0, 0.0, 11.99418717271195, 0.5, 0.5, 10044.240480301558, 10500.0, 10500.0, 0.0, 3.0, 0.0, 0.025, 0.02257511212175042, 0.0, 0.0, 0.05, 0.5, 0.5, 0.05, 0.5, 0.5, 0.004883034331768541, 0.0, 0.0, 0.05, 0.5, 0.5, 0.05, 0.5, 0.5, 0.0, 0.0, 0.0, 0.030000000000000002, 0.255, 0.0, 0.0, 0.0];[0.2987216526641676, -1.4838505825674115, -5.929554849502935, 0.672008582332682, -0.4, -3.00581282728805, -14.0, -14.0, -1.0, 0.0, 0.0, -1.0, 0.0, 0.0, 0.037846395677226696];8.816944799997145
[28.978179364993764, 1059.7198797260112, 119.25745836800098];True;False;[0.0, 7.25, 1.4500000000000002, 0.0, 0.0, 11.99418717271195, 0.5, 0.5, 10044.240480301558, 10500.0, 10500.0, 0.0, 3.0, 0.0, 0.025, 0.02253259386978123, 0.0, 0.0, 0.05, 0.5, 0.5, 0.05, 0.5, 0.5, 0.004883034331768541, 0.0, 0.0, 0.05, 0.5, 0.5, 0.05, 0.5, 0.5, 0.0, 0.0, 0.0, 0.030000000000000002, 0.255, 0.0, 0.0, 0.0];[0.29866356980190023, -1.4838655446972349, -5.929554849503033, 0.6720278583735717, -0.4, -3.00581282728805, -14.0, -14.0, -1.0, 0.0, 0.0, -1.0, 0.0, 0.0, 0.037852905751889376];8.138869499998691
[28.98443630335717, 1059.396903922699, 119.26102393402078];True;False;[0.0, 7.25, 1.4500000000000002, 0.0, 0.0, 11.99418717271195, 0.5, 0.5, 10044.240480301558, 10500.0, 10500.0, 0.0, 3.0, 0.0, 0.025, 0.022054563872936684, 0.0, 0.0, 0.05, 0.5, 0.5, 0.05, 0.5, 0.5, 0.004883034331768541, 0.0, 0.0, 0.05, 0.5, 0.5, 0.05, 0.5, 0.5, 0.0, 0.0, 0.0, 0.030000000000000002, 0.255, 0.0, 0.0, 0.0];[0.2980108059652071, -1.484033696487414, -5.929554849502994, 0.6722444875981566, -0.4, -3.00581282728805, -14.0, -14.0, -1.0, 0.0, 0.0, -1.0, 0.0, 0.0, 0.03792608001942288];9.121000099999947
[28.984392322859673, 1059.399173298667, 119.26099887850003];True;False;[0.0, 7.25, 1.4500000000000002, 0.0, 0.0, 11.99418717271195, 0.5, 0.5, 10044.240480301558, 10500.0, 10500.0, 0.0, 3.0, 0.0, 0.025, 0.022057924226106244, 0.0, 0.0, 0.05, 0.5, 0.5, 0.05, 0.5, 0.5, 0.004883034331768541, 0.0, 0.0, 0.05, 0.5, 0.5, 0.05, 0.5, 0.5, 0.0, 0.0, 0.0, 0.030000000000000002, 0.255, 0.0, 0.0, 0.0];[0.29801539297146995, -1.4840325148758209, -5.929554849502999, 0.6722429653613626, -0.4, -3.00581282728805, -14.0, -14.0, -1.0, 0.0, 0.0, -1.0, 0.0, 0.0, 0.03792556575047934];8.762162500002887
[28.983158840885235, 1059.4628253450817, 119.26029612755505];True;False;[0.0, 7.25, 1.4500000000000002, 0.0, 0.0, 11.99418717271195, 0.5, 0.5, 10044.240480301558, 10500.0, 10500.0, 0.0, 3.0, 0.0, 0.025, 0.02215216766024595, 0.0, 0.0, 0.05, 0.5, 0.5, 0.05, 0.5, 0.5, 0.004883034331768541, 0.0, 0.0, 0.05, 0.5, 0.5, 0.05, 0.5, 0.5, 0.0, 0.0, 0.0, 0.030000000000000002, 0.255, 0.0, 0.0, 0.0];[0.2981440482742759, -1.4839993733041417, -5.929554849502985, 0.6722002698508578, -0.4, -3.00581282728805, -14.0, -14.0, -1.0, 0.0, 0.0, -1.0, 0.0, 0.0, 0.037911142053346336];8.444555800000671
[28.978226476929024, 1059.717446957438, 119.25748522273331];True;False;[0.0, 7.25, 1.4500000000000002, 0.0, 0.0, 11.99418717271195, 0.5, 0.5, 10044.240480301558, 10500.0, 10500.0, 0.0, 3.0, 0.0, 0.025, 0.022528994779510373, 0.0, 0.0, 0.05, 0.5, 0.5, 0.05, 0.5, 0.5, 0.004883034331768541, 0.0, 0.0, 0.05, 0.5, 0.5, 0.05, 0.5, 0.5, 0.0, 0.0, 0.0, 0.030000000000000002, 0.255, 0.0, 0.0, 0.0];[0.2986586533687907, -1.4838668111690954, -5.929554849503031, 0.6720294899942527, -0.4, -3.00581282728805, -14.0, -14.0, -1.0, 0.0, 0.0, -1.0, 0.0, 0.0, 0.037853456805430286];8.476112299998931
[28.984392322859673, 1059.399173298667, 119.26099887850003];True;False;[0.0, 7.25, 1.4500000000000002, 0.0, 0.0, 11.99418717271195, 0.5, 0.5, 10044.240480301558, 10500.0, 10500.0, 0.0, 3.0, 0.0, 0.025, 0.022057924226106244, 0.0, 0.0, 0.05, 0.5, 0.5, 0.05, 0.5, 0.5, 0.004883034331768541, 0.0, 0.0, 0.05, 0.5, 0.5, 0.05, 0.5, 0.5, 0.0, 0.0, 0.0, 0.030000000000000002, 0.255, 0.0, 0.0, 0.0];[0.29801539297146995, -1.4840325148758209, -5.929554849502999, 0.6722429653613626, -0.4, -3.00581282728805, -14.0, -14.0, -1.0, 0.0, 0.0, -1.0, 0.0, 0.0, 0.03792556575047934];8.933532600000035
[28.977622798988047, 1059.748620750618, 119.25714110565633];True;False;[0.0, 7.25, 1.4500000000000002, 0.0, 0.0, 11.99418717271195, 0.5, 0.5, 10044.240480301558, 10500.0, 10500.0, 0.0, 3.0, 0.0, 0.025, 0.02257511212175042, 0.0, 0.0, 0.05, 0.5, 0.5, 0.05, 0.5, 0.5, 0.004883034331768541, 0.0, 0.0, 0.05, 0.5, 0.5, 0.05, 0.5, 0.5, 0.0, 0.0, 0.0, 0.030000000000000002, 0.255, 0.0, 0.0, 0.0];[0.2987216526641676, -1.4838505825674115, -5.929554849502935, 0.672008582332682, -0.4, -3.00581282728805, -14.0, -14.0, -1.0, 0.0, 0.0, -1.0, 0.0, 0.0, 0.037846395677226696];8.191278300000704
[28.97781796553178, 1059.7385421457252, 119.25725235936571];True;False;[0.0, 7.25, 1.4500000000000002, 0.0, 0.0, 11.99418717271195, 0.5, 0.5, 10044.240480301558, 10500.0, 10500.0, 0.0, 3.0, 0.0, 0.025, 0.02256020264756218, 0.0, 0.0, 0.05, 0.5, 0.5, 0.05, 0.5, 0.5, 0.004883034331768541, 0.0, 0.0, 0.05, 0.5, 0.5, 0.05, 0.5, 0.5, 0.0, 0.0, 0.0, 0.030000000000000002, 0.255, 0.0, 0.0, 0.0];[0.2987012848678434, -1.4838558293063082, -5.929554849502903, 0.6720153418314647, -0.4, -3.00581282728805, -14.0, -14.0, -1.0, 0.0, 0.0, -1.0, 0.0, 0.0, 0.03784867853360474];8.72274379999726
[1e+30, 1e+30, 1e+30];False;False;[0.0, 7.25, 1.4500000000000002, 0.0, 0.0, 2.339838938645924, 0.5, 0.5, 10044.240480301558, 10500.0, 10500.0, 0.0, 3.0, 0.0, 0.025, 0.022057924226106244, 0.0, 0.0, 0.05, 0.5, 0.5, 0.05, 0.5, 0.5, 0.004883034331768541, 0.0, 0.0, 0.05, 0.5, 0.5, 0.05, 0.5, 0.5, 0.0, 0.0, 0.0, 0.030000000000000002, 0.255, 0.0, 0.0, 0.0];[1e+30, 1e+30, 1e+30, 1e+30, 1e+30, 1e+30, 1e+30, 1e+30, 1e+30, 1e+30, 1e+30, 1e+30, 1e+30, 1e+30, 1e+30];28.988828399997146
[28.983043308787455, 1059.4687876934995, 119.2602303014641];True;False;[0.0, 7.25, 1.4500000000000002, 0.0, 0.0, 11.99418717271195, 0.5, 0.5, 10044.240480301558, 10500.0, 10500.0, 0.0, 3.0, 0.0, 0.025, 0.02216099468034897, 0.0, 0.0, 0.05, 0.5, 0.5, 0.05, 0.5, 0.5, 0.004883034331768541, 0.0, 0.0, 0.05, 0.5, 0.5, 0.05, 0.5, 0.5, 0.0, 0.0, 0.0, 0.030000000000000002, 0.255, 0.0, 0.0, 0.0];[0.29815609931868536, -1.4839962689583246, -5.929554849502969, 0.6721962705786118, -0.4, -3.00581282728805, -14.0, -14.0, -1.0, 0.0, 0.0, -1.0, 0.0, 0.0, 0.03790979103622505];8.752151499997126
[28.977622798988047, 1059.748620750618, 119.25714110565633];True;False;[0.0, 7.25, 1.4500000000000002, 0.0, 0.0, 11.99418717271195, 0.5, 0.5, 10044.240480301558, 10500.0, 10500.0, 0.0, 3.0, 0.0, 0.025, 0.02257511212175042, 0.0, 0.0, 0.05, 0.5, 0.5, 0.05, 0.5, 0.5, 0.004883034331768541, 0.0, 0.0, 0.05, 0.5, 0.5, 0.05, 0.5, 0.5, 0.0, 0.0, 0.0, 0.030000000000000002, 0.255, 0.0, 0.0, 0.0];[0.2987216526641676, -1.4838505825674115, -5.929554849502935, 0.672008582332682, -0.4, -3.00581282728805, -14.0, -14.0, -1.0, 0.0, 0.0, -1.0, 0.0, 0.0, 0.037846395677226696];8.691369100000884
[28.984392322859673, 1059.399173298667, 119.26099887850003];True;False;[0.0, 7.25, 1.4500000000000002, 0.0, 0.0, 11.99418717271195, 0.5, 0.5, 10044.240480301558, 10500.0, 10500.0, 0.0, 3.0, 0.0, 0.025, 0.022057924226106244, 0.0, 0.0, 0.05, 0.5, 0.5, 0.05, 0.5, 0.5, 0.004883034331768541, 0.0, 0.0, 0.05, 0.5, 0.5, 0.05, 0.5, 0.5, 0.0, 0.0, 0.0, 0.030000000000000002, 0.255, 0.0, 0.0, 0.0];[0.29801539297146995, -1.4840325148758209, -5.929554849502999, 0.6722429653613626, -0.4, -3.00581282728805, -14.0, -14.0, -1.0, 0.0, 0.0, -1.0, 0.0, 0.0, 0.03792556575047934];9.208476100000553
[28.984392322859673, 1059.399173298667, 119.26099887850003];True;False;[0.0, 7.25, 1.4500000000000002, 0.0, 0.0, 11.99418717271195, 0.5, 0.5, 10044.240480301558, 10500.0, 10500.0, 0.0, 3.0, 0.0, 0.025, 0.022057924226106244, 0.0, 0.0, 0.05, 0.5, 0.5, 0.05, 0.5, 0.5, 0.004883034331768541, 0.0, 0.0, 0.05, 0.5, 0.5, 0.05, 0.5, 0.5, 0.0, 0.0, 0.0, 0.030000000000000002, 0.255, 0.0, 0.0, 0.0];[0.29801539297146995, -1.4840325148758209, -5.929554849502999, 0.6722429653613626, -0.4, -3.00581282728805, -14.0, -14.0, -1.0, 0.0, 0.0, -1.0, 0.0, 0.0, 0.03792556575047934];9.301960800003144
[28.97762279898806, 1059.748620750616, 119.25714110565633];True;False;[0.0, 7.25, 1.4500000000000002, 0.0, 0.0, 11.99418717271195, 0.5, 0.5, 10210.551327816967, 10500.0, 10500.0, 0.0, 3.0, 0.0, 0.025, 0.02257511212175042, 0.0, 0.0, 0.05, 0.5, 0.5, 0.05, 0.5, 0.5, 0.004883034331768541, 0.0, 0.0, 0.05, 0.5, 0.5, 0.05, 0.5, 0.5, 0.0, 0.0, 0.0, 0.030000000000000002, 0.255, 0.0, 0.0, 0.0];[0.29872165266416406, -1.483850582567413, -5.92955484950307, 0.6720085823326838, -0.4, -3.00581282728805, -14.0, -14.0, -1.0, 0.0, 0.0, -1.0, 0.0, 0.0, 0.03784639567722747];9.266836700000567
[28.977436959258302, 1059.758217927057, 119.25703516682896];True;False;[0.0, 7.25, 1.4500000000000002, 0.0, 0.0, 11.99418717271195, 0.5, 0.5, 10044.240480301558, 10500.0, 10500.0, 0.0, 3.0, 0.0, 0.025, 0.02258930902192029, 0.0, 0.0, 0.05, 0.5, 0.5, 0.05, 0.5, 0.5, 0.004883034331768541, 0.0, 0.0, 0.05, 0.5, 0.5, 0.05, 0.5, 0.5, 0.0, 0.0, 0.0, 0.030000000000000002, 0.255, 0.0, 0.0, 0.0];[0.29874104744366026, -1.483845586477389, -5.929554849503013, 0.6720021457456407, -0.4, -3.00581282728805, -14.0, -14.0, -1.0, 0.0, 0.0, -1.0, 0.0, 0.0, 0.03784422189619929];9.545562299994344
[28.984392322859673, 1059.399173298667, 119.26099887850003];True;False;[0.0, 7.25, 1.4500000000000002, 0.0, 0.0, 11.99418717271195, 0.5, 0.5, 10044.240480301558, 10500.0, 10500.0, 0.0, 3.0, 0.0, 0.025, 0.022057924226106244, 0.0, 0.0, 0.05, 0.5, 0.5, 0.05, 0.5, 0.5, 0.004883034331768541, 0.0, 0.0, 0.05, 0.5, 0.5, 0.05, 0.5, 0.5, 0.0, 0.0, 0.0, 0.030000000000000002, 0.255, 0.0, 0.0, 0.0];[0.29801539297146995, -1.4840325148758209, -5.929554849502999, 0.6722429653613626, -0.4, -3.00581282728805, -14.0, -14.0, -1.0, 0.0, 0.0, -1.0, 0.0, 0.0, 0.03792556575047934];8.814100600000529
[28.983158840885235, 1059.4628253450817, 119.26029612755505];True;False;[0.0, 7.25, 1.4500000000000002, 0.0, 0.0, 11.99418717271195, 0.5, 0.5, 10044.240480301558, 10500.0, 10500.0, 0.0, 3.0, 0.0, 0.025, 0.02215216766024595, 0.0, 0.0, 0.05, 0.5, 0.5, 0.05, 0.5, 0.5, 0.004883034331768541, 0.0, 0.0, 0.05, 0.5, 0.5, 0.05, 0.5, 0.5, 0.0, 0.0, 0.0, 0.030000000000000002, 0.255, 0.0, 0.0, 0.0];[0.2981440482742759, -1.4839993733041417, -5.929554849502985, 0.6722002698508578, -0.4, -3.00581282728805, -14.0, -14.0, -1.0, 0.0, 0.0, -1.0, 0.0, 0.0, 0.037911142053346336];8.611585900005593
[28.983158840885235, 1059.4628253450817, 119.26029612755505];True;False;[0.0, 7.25, 1.4500000000000002, 0.0, 0.0, 11.99418717271195, 0.5, 0.5, 10044.240480301558, 10500.0, 10500.0, 0.0, 3.0, 0.0, 0.025, 0.02215216766024595, 0.0, 0.0, 0.05, 0.5, 0.5, 0.05, 0.5, 0.5, 0.004883034331768541, 0.0, 0.0, 0.05, 0.5, 0.5, 0.05, 0.5, 0.5, 0.0, 0.0, 0.0, 0.030000000000000002, 0.255, 0.0, 0.0, 0.0];[0.2981440482742759, -1.4839993733041417, -5.929554849502985, 0.6722002698508578, -0.4, -3.00581282728805, -14.0, -14.0, -1.0, 0.0, 0.0, -1.0, 0.0, 0.0, 0.037911142053346336];8.274477300001308
[28.983169592384897, 1059.462270489143, 119.26030225333821];True;False;[0.0, 7.25, 1.4500000000000002, 0.0, 0.0, 11.99418717271195, 0.5, 0.5, 10044.240480301558, 10500.0, 10500.0, 0.0, 3.0, 0.0, 0.025, 0.0221513462106232, 0.0, 0.0, 0.05, 0.5, 0.5, 0.05, 0.5, 0.5, 0.004883034331768541, 0.0, 0.0, 0.05, 0.5, 0.5, 0.05, 0.5, 0.5, 0.0, 0.0, 0.0, 0.030000000000000002, 0.255, 0.0, 0.0, 0.0];[0.29814292680257015, -1.483999662194957, -5.929554849502985, 0.6722006420230697, -0.4, -3.00581282728805, -14.0, -14.0, -1.0, 0.0, 0.0, -1.0, 0.0, 0.0, 0.03791126777951659];8.76002840000001
[28.984463142487503, 1059.3955190403008, 119.26103922412037];True;False;[0.0, 7.25, 1.4500000000000002, 0.0, 0.0, 11.99418717271195, 0.5, 0.5, 10044.240480301558, 10500.0, 10500.0, 0.0, 3.0, 0.0, 0.025, 0.022052513213350652, 0.0, 0.0, 0.05, 0.5, 0.5, 0.05, 0.5, 0.5, 0.004883034331768541, 0.0, 0.0, 0.05, 0.5, 0.5, 0.05, 0.5, 0.5, 0.0, 0.0, 0.0, 0.030000000000000002, 0.255, 0.0, 0.0, 0.0];[0.29800800675059147, -1.4840344175643474, -5.929554849502974, 0.6722454165409271, -0.4, -3.00581282728805, -14.0, -14.0, -1.0, 0.0, 0.0, -1.0, 0.0, 0.0, 0.037926393851857254];8.463115900005505
[28.984397124763415, 1059.3989255217393, 119.26100161413193];True;False;[0.0, 7.25, 1.4500000000000002, 0.0, 0.0, 11.99418717271195, 0.5, 0.5, 10044.240480301558, 10500.0, 10500.0, 0.0, 3.0, 0.0, 0.025, 0.022057557334206446, 0.0, 0.0, 0.05, 0.5, 0.5, 0.05, 0.5, 0.5, 0.004883034331768541, 0.0, 0.0, 0.05, 0.5, 0.5, 0.05, 0.5, 0.5, 0.0, 0.0, 0.0, 0.030000000000000002, 0.255, 0.0, 0.0, 0.0];[0.2980148921493404, -1.484032643887471, -5.929554849502896, 0.6722431315635131, -0.4, -3.00581282728805, -14.0, -14.0, -1.0, 0.0, 0.0, -1.0, 0.0, 0.0, 0.037925621899749795];9.691450199999963
[28.977436959258302, 1059.758217927057, 119.25703516682896];True;False;[0.0, 7.25, 1.4500000000000002, 0.0, 0.0, 11.99418717271195, 0.5, 0.5, 10044.240480301558, 10500.0, 10500.0, 0.0, 3.0, 0.0, 0.025, 0.02258930902192029, 0.0, 0.0, 0.05, 0.5, 0.5, 0.05, 0.5, 0.5, 0.004883034331768541, 0.0, 0.0, 0.05, 0.5, 0.5, 0.05, 0.5, 0.5, 0.0, 0.0, 0.0, 0.030000000000000002, 0.255, 0.0, 0.0, 0.0];[0.29874104744366026, -1.483845586477389, -5.929554849503013, 0.6720021457456407, -0.4, -3.00581282728805, -14.0, -14.0, -1.0, 0.0, 0.0, -1.0, 0.0, 0.0, 0.03784422189619929];9.460431800005608
[1e+30, 1e+30, 1e+30];False;False;[0.0, 7.25, 1.4500000000000002, 0.0, 0.0, 10.530589335218444, 0.5, 0.5, 10044.240480301558, 10500.0, 10500.0, 0.0, 3.0, 0.0, 0.025, 0.022057924226106244, 0.0, 0.0, 0.05, 0.5, 0.5, 0.05, 0.5, 0.5, 0.004883034331768541, 0.0, 0.0, 0.05, 0.5, 0.5, 0.05, 0.5, 0.5, 0.0, 0.0, 0.0, 0.030000000000000002, 0.255, 0.0, 0.0, 0.0];[1e+30, 1e+30, 1e+30, 1e+30, 1e+30, 1e+30, 1e+30, 1e+30, 1e+30, 1e+30, 1e+30, 1e+30, 1e+30, 1e+30, 1e+30];31.035774200005108
[28.984392322859673, 1059.399173298667, 119.26099887850003];True;False;[0.0, 7.25, 1.4500000000000002, 0.0, 0.0, 11.99418717271195, 0.5, 0.5, 10044.240480301558, 10500.0, 10500.0, 0.0, 3.0, 0.0, 0.025, 0.022057924226106244, 0.0, 0.0, 0.05, 0.5, 0.5, 0.05, 0.5, 0.5, 0.004883034331768541, 0.0, 0.0, 0.05, 0.5, 0.5, 0.05, 0.5, 0.5, 0.0, 0.0, 0.0, 0.030000000000000002, 0.255, 0.0, 0.0, 0.0];[0.29801539297146995, -1.4840325148758209, -5.929554849502999, 0.6722429653613626, -0.4, -3.00581282728805, -14.0, -14.0, -1.0, 0.0, 0.0, -1.0, 0.0, 0.0, 0.03792556575047934];8.974384100001771
[28.977622798988047, 1059.748620750618, 119.25714110565633];True;False;[0.0, 7.25, 1.4500000000000002, 0.0, 0.0, 11.99418717271195, 0.5, 0.5, 10044.240480301558, 10500.0, 10500.0, 0.0, 3.0, 0.0, 0.025, 0.02257511212175042, 0.0, 0.0, 0.05, 0.5, 0.5, 0.05, 0.5, 0.5, 0.004883034331768541, 0.0, 0.0, 0.05, 0.5, 0.5, 0.05, 0.5, 0.5, 0.0, 0.0, 0.0, 0.030000000000000002, 0.255, 0.0, 0.0, 0.0];[0.2987216526641676, -1.4838505825674115, -5.929554849502935, 0.672008582332682, -0.4, -3.00581282728805, -14.0, -14.0, -1.0, 0.0, 0.0, -1.0, 0.0, 0.0, 0.037846395677226696];9.537162399996305
[28.98444519002873, 1059.3964453754968, 119.2610289967111];True;False;[0.0, 7.25, 1.4500000000000002, 0.0, 0.0, 11.99418717271195, 0.5, 0.5, 10044.240480301558, 10500.0, 10500.0, 0.0, 3.0, 0.0, 0.025, 0.022053884881696652, 0.0, 0.0, 0.05, 0.5, 0.5, 0.05, 0.5, 0.5, 0.004883034331768541, 0.0, 0.0, 0.05, 0.5, 0.5, 0.05, 0.5, 0.5, 0.0, 0.0, 0.0, 0.030000000000000002, 0.255, 0.0, 0.0, 0.0];[0.2980098791199257, -1.4840339352425096, -5.929554849502956, 0.672244795179529, -0.4, -3.00581282728805, -14.0, -14.0, -1.0, 0.0, 0.0, -1.0, 0.0, 0.0, 0.03792618393214031];9.109116100000392
[28.98318508948359, 1059.4614707224175, 119.26031108308013];True;False;[0.0, 7.25, 1.4500000000000002, 0.0, 0.0, 11.99418717271195, 0.5, 0.5, 10047.996112397926, 10500.0, 10500.0, 0.0, 3.0, 0.0, 0.025, 0.022150162174804616, 0.0, 0.0, 0.05, 0.5, 0.5, 0.05, 0.5, 0.5, 0.004883034331768541, 0.0, 0.0, 0.05, 0.5, 0.5, 0.05, 0.5, 0.5, 0.0, 0.0, 0.0, 0.030000000000000002, 0.255, 0.0, 0.0, 0.0];[0.29814131031797686, -1.4840000786009588, -5.929554849503036, 0.6722011784711548, -0.4, -3.00581282728805, -14.0, -14.0, -1.0, 0.0, 0.0, -1.0, 0.0, 0.0, 0.03791144900079091];8.856649700006528
[28.987359527206312, 1059.2460929872118, 119.26268907184938];True;False;[0.0, 7.25, 1.4500000000000002, 0.0, 0.0, 11.99418717271195, 0.5, 0.5, 10044.240480301558, 10500.0, 10500.0, 0.0, 3.0, 0.0, 0.025, 0.02258930902192029, 0.0, 0.0, 0.05, 0.5, 0.5, 0.05, 0.5, 0.5, 0.004113902407457824, 0.0, 0.0, 0.05, 0.5, 0.5, 0.05, 0.5, 0.5, 0.0, 0.0, 0.0, 0.030000000000000002, 0.255, 0.0, 0.0, 0.0];[0.29770596503657654, -1.4841122234292996, -5.929554849502953, 0.6723456514941577, -0.4, -3.00581282728805, -14.0, -14.0, -1.0, 0.0, 0.0, -1.0, 0.0, 0.0, 0.0379602592473639];9.530527700000675
[28.97759654689886, 1059.7499764534282, 119.25712614064363];True;False;[0.0, 7.25, 1.4500000000000002, 0.0, 0.0, 11.99418717271195, 0.5, 0.5, 10206.7956957206, 10500.0, 10500.0, 0.0, 3.0, 0.0, 0.025, 0.02257711760719175, 0.0, 0.0, 0.05, 0.5, 0.5, 0.05, 0.5, 0.5, 0.004883034331768541, 0.0, 0.0, 0.05, 0.5, 0.5, 0.05, 0.5, 0.5, 0.0, 0.0, 0.0, 0.030000000000000002, 0.255, 0.0, 0.0, 0.0];[0.29872439238813264, -1.4838498768152506, -5.929554849489206, 0.6720076730956721, -0.4, -3.00581282728805, -14.0, -14.0, -1.0, 0.0, 0.0, -1.0, 0.0, 0.0, 0.037846088605902106];9.373930699999619
[28.977189233507293, 1059.771011367567, 119.25689394678437];True;False;[0.0, 7.25, 1.4500000000000002, 0.0, 0.0, 11.99418717271195, 0.5, 0.5, 10044.240480301558, 10500.0, 10500.0, 0.0, 3.0, 0.0, 0.025, 0.02260823349995476, 0.0, 0.0, 0.05, 0.5, 0.5, 0.05, 0.5, 0.5, 0.004883034331768541, 0.0, 0.0, 0.05, 0.5, 0.5, 0.05, 0.5, 0.5, 0.0, 0.0, 0.0, 0.030000000000000002, 0.255, 0.0, 0.0, 0.0];[0.2987669013489578, -1.4838389265182825, -5.929554849502978, 0.6719935655439244, -0.4, -3.00581282728805, -14.0, -14.0, -1.0, 0.0, 0.0, -1.0, 0.0, 0.0, 0.03784132419896524];9.125355700001819
[28.984463142487503, 1059.3955190403008, 119.26103922412037];True;False;[0.0, 7.25, 1.4500000000000002, 0.0, 0.0, 11.99418717271195, 0.5, 0.5, 10044.240480301558, 10500.0, 10500.0, 0.0, 3.0, 0.0, 0.025, 0.022052513213350652, 0.0, 0.0, 0.05, 0.5, 0.5, 0.05, 0.5, 0.5, 0.004883034331768541, 0.0, 0.0, 0.05, 0.5, 0.5, 0.05, 0.5, 0.5, 0.0, 0.0, 0.0, 0.030000000000000002, 0.255, 0.0, 0.0, 0.0];[0.29800800675059147, -1.4840344175643474, -5.929554849502974, 0.6722454165409271, -0.4, -3.00581282728805, -14.0, -14.0, -1.0, 0.0, 0.0, -1.0, 0.0, 0.0, 0.037926393851857254];8.177657200001704
[28.97822647692922, 1059.7174469574393, 119.25748522273322];True;False;[0.0, 7.25, 1.4500000000000002, 0.0, 0.0, 11.99418717271195, 0.5, 0.5, 10018.29049066871, 10500.0, 10500.0, 0.0, 3.0, 0.0, 0.025, 0.022528994779510373, 0.0, 0.0, 0.05, 0.5, 0.5, 0.05, 0.5, 0.5, 0.004883034331768541, 0.0, 0.0, 0.05, 0.5, 0.5, 0.05, 0.5, 0.5, 0.0, 0.0, 0.0, 0.030000000000000002, 0.255, 0.0, 0.0, 0.0];[0.2986586533687907, -1.483866811169092, -5.929554849503017, 0.6720294899942276, -0.4, -3.00581282728805, -14.0, -14.0, -1.0, 0.0, 0.0, -1.0, 0.0, 0.0, 0.03785345680542829];8.621697399998084
[28.994806108864267, 1058.8621593701282, 119.2669287770232];True;False;[0.0, 7.25, 1.4500000000000002, 0.0, 0.0, 11.99418717271195, 0.5, 0.5, 10044.240480301558, 10500.0, 10500.0, 0.0, 3.0, 0.0, 0.025, 0.022046911277979964, 0.0, 0.0, 0.05, 0.5, 0.5, 0.05, 0.5, 0.5, 0.004087306326506862, 0.0, 0.0, 0.05, 0.5, 0.5, 0.05, 0.5, 0.5, 0.0, 0.0, 0.0, 0.030000000000000002, 0.255, 0.0, 0.0, 0.0];[0.2969297931029029, -1.484312165112327, -5.9295548495029795, 0.6726032203799743, -0.4, -3.00581282728805, -14.0, -14.0, -1.0, 0.0, 0.0, -1.0, 0.0, 0.0, 0.038047304435151696];9.012647800002014
[28.98318508948359, 1059.4614707224175, 119.26031108308013];True;False;[0.0, 7.25, 1.4500000000000002, 0.0, 0.0, 11.99418717271195, 0.5, 0.5, 10047.996112397926, 10500.0, 10500.0, 0.0, 3.0, 0.0, 0.025, 0.022150162174804616, 0.0, 0.0, 0.05, 0.5, 0.5, 0.05, 0.5, 0.5, 0.004883034331768541, 0.0, 0.0, 0.05, 0.5, 0.5, 0.05, 0.5, 0.5, 0.0, 0.0, 0.0, 0.030000000000000002, 0.255, 0.0, 0.0, 0.0];[0.29814131031797686, -1.4840000786009588, -5.929554849503036, 0.6722011784711548, -0.4, -3.00581282728805, -14.0, -14.0, -1.0, 0.0, 0.0, -1.0, 0.0, 0.0, 0.03791144900079091];8.856066599997575
[28.984463142487503, 1059.3955190403008, 119.26103922412037];True;False;[0.0, 7.25, 1.4500000000000002, 0.0, 0.0, 11.99418717271195, 0.5, 0.5, 10044.240480301558, 10500.0, 10500.0, 0.0, 3.0, 0.0, 0.025, 0.022052513213350652, 0.0, 0.0, 0.05, 0.5, 0.5, 0.05, 0.5, 0.5, 0.004883034331768541, 0.0, 0.0, 0.05, 0.5, 0.5, 0.05, 0.5, 0.5, 0.0, 0.0, 0.0, 0.030000000000000002, 0.255, 0.0, 0.0, 0.0];[0.29800800675059147, -1.4840344175643474, -5.929554849502974, 0.6722454165409271, -0.4, -3.00581282728805, -14.0, -14.0, -1.0, 0.0, 0.0, -1.0, 0.0, 0.0, 0.037926393851857254];9.127516500004276
[28.984737384714098, 1059.3813685557477, 119.26119545649131];True;False;[0.0, 7.25, 1.4500000000000002, 0.0, 0.0, 11.99418717271195, 0.5, 0.5, 10044.240480301558, 10500.0, 10500.0, 0.0, 3.0, 0.0, 0.025, 0.022046948677524998, 0.0, 0.0, 0.05, 0.5, 0.5, 0.05, 0.5, 0.5, 0.004867429931994123, 0.0, 0.0, 0.05, 0.5, 0.5, 0.05, 0.5, 0.5, 0.0, 0.0, 0.0, 0.030000000000000002, 0.255, 0.0, 0.0, 0.0];[0.2979794047510982, -1.4840417854317904, -5.929554849502992, 0.6722549083604361, -0.4, -3.00581282728805, -14.0, -14.0, -1.0, 0.0, 0.0, -1.0, 0.0, 0.0, 0.037929600570594246];9.136118999995233
[28.994806108864267, 1058.8621593701282, 119.2669287770232];True;False;[0.0, 7.25, 1.4500000000000002, 0.0, 0.0, 11.99418717271195, 0.5, 0.5, 10044.240480301558, 10500.0, 10500.0, 0.0, 3.0, 0.0, 0.025, 0.022046911277979964, 0.0, 0.0, 0.05, 0.5, 0.5, 0.05, 0.5, 0.5, 0.004087306326506862, 0.0, 0.0, 0.05, 0.5, 0.5, 0.05, 0.5, 0.5, 0.0, 0.0, 0.0, 0.030000000000000002, 0.255, 0.0, 0.0, 0.0];[0.2969297931029029, -1.484312165112327, -5.9295548495029795, 0.6726032203799743, -0.4, -3.00581282728805, -14.0, -14.0, -1.0, 0.0, 0.0, -1.0, 0.0, 0.0, 0.038047304435151696];8.761496199993417
[28.994731507444293, 1058.8660039986435, 119.26688631707799];True;False;[0.0, 7.25, 1.4500000000000002, 0.0, 0.0, 11.99418717271195, 0.5, 0.5, 10044.240480301558, 10500.0, 10500.0, 0.0, 3.0, 0.0, 0.025, 0.022052608036418616, 0.0, 0.0, 0.05, 0.5, 0.5, 0.05, 0.5, 0.5, 0.004087306326506862, 0.0, 0.0, 0.05, 0.5, 0.5, 0.05, 0.5, 0.5, 0.0, 0.0, 0.0, 0.030000000000000002, 0.255, 0.0, 0.0, 0.0];[0.2969375663019962, -1.484310162738315, -5.929554849503031, 0.6726006409397676, -0.4, -3.00581282728805, -14.0, -14.0, -1.0, 0.0, 0.0, -1.0, 0.0, 0.0, 0.038046432556216536];8.446971199999098
[28.984463142487503, 1059.3955190403008, 119.26103922412037];True;False;[0.0, 7.25, 1.4500000000000002, 0.0, 0.0, 11.99418717271195, 0.5, 0.5, 10044.240480301558, 10500.0, 10500.0, 0.0, 3.0, 0.0, 0.025, 0.022052513213350652, 0.0, 0.0, 0.05, 0.5, 0.5, 0.05, 0.5, 0.5, 0.004883034331768541, 0.0, 0.0, 0.05, 0.5, 0.5, 0.05, 0.5, 0.5, 0.0, 0.0, 0.0, 0.030000000000000002, 0.255, 0.0, 0.0, 0.0];[0.29800800675059147, -1.4840344175643474, -5.929554849502974, 0.6722454165409271, -0.4, -3.00581282728805, -14.0, -14.0, -1.0, 0.0, 0.0, -1.0, 0.0, 0.0, 0.037926393851857254];8.454267799999798
[28.994806108863372, 1058.8621593701273, 119.26692877702354];True;False;[0.0, 7.25, 1.4500000000000002, 0.0, 0.0, 11.99418717271195, 0.5, 0.5, 10044.211971758152, 10500.0, 10500.0, 0.0, 3.0, 0.0, 0.025, 0.022046911277979964, 0.0, 0.0, 0.05, 0.5, 0.5, 0.05, 0.5, 0.5, 0.004087306326506862, 0.0, 0.0, 0.05, 0.5, 0.5, 0.05, 0.5, 0.5, 0.0, 0.0, 0.0, 0.030000000000000002, 0.255, 0.0, 0.0, 0.0];[0.2969297931029038, -1.4843121651123312, -5.929554849503045, 0.6726032203800405, -0.4, -3.00581282728805, -14.0, -14.0, -1.0, 0.0, 0.0, -1.0, 0.0, 0.0, 0.03804730443515414];9.011850800001412
[28.994806108863372, 1058.8621593701273, 119.26692877702354];True;False;[0.0, 7.25, 1.4500000000000002, 0.0, 0.0, 11.99418717271195, 0.5, 0.5, 10044.211971758152, 10500.0, 10500.0, 0.0, 3.0, 0.0, 0.025, 0.022046911277979964, 0.0, 0.0, 0.05, 0.5, 0.5, 0.05, 0.5, 0.5, 0.004087306326506862, 0.0, 0.0, 0.05, 0.5, 0.5, 0.05, 0.5, 0.5, 0.0, 0.0, 0.0, 0.030000000000000002, 0.255, 0.0, 0.0, 0.0];[0.2969297931029038, -1.4843121651123312, -5.929554849503045, 0.6726032203800405, -0.4, -3.00581282728805, -14.0, -14.0, -1.0, 0.0, 0.0, -1.0, 0.0, 0.0, 0.03804730443515414];9.061241499999596
[28.994806108864267, 1058.8621593701282, 119.2669287770232];True;False;[0.0, 7.25, 1.4500000000000002, 0.0, 0.0, 11.99418717271195, 0.5, 0.5, 10044.240480301558, 10500.0, 10500.0, 0.0, 3.0, 0.0, 0.025, 0.022046911277979964, 0.0, 0.0, 0.05, 0.5, 0.5, 0.05, 0.5, 0.5, 0.004087306326506862, 0.0, 0.0, 0.05, 0.5, 0.5, 0.05, 0.5, 0.5, 0.0, 0.0, 0.0, 0.030000000000000002, 0.255, 0.0, 0.0, 0.0];[0.2969297931029029, -1.484312165112327, -5.9295548495029795, 0.6726032203799743, -0.4, -3.00581282728805, -14.0, -14.0, -1.0, 0.0, 0.0, -1.0, 0.0, 0.0, 0.038047304435151696];9.033631099999184
[28.977189233510888, 1059.7710113675657, 119.25689394678318];True;False;[0.0, 7.25, 1.4500000000000002, 0.0, 0.0, 11.99418717271195, 0.5, 0.5, 10044.289566502724, 10500.0, 10500.0, 0.0, 3.0, 0.0, 0.025, 0.02260823349995476, 0.0, 0.0, 0.05, 0.5, 0.5, 0.05, 0.5, 0.5, 0.004883034331768541, 0.0, 0.0, 0.05, 0.5, 0.5, 0.05, 0.5, 0.5, 0.0, 0.0, 0.0, 0.030000000000000002, 0.255, 0.0, 0.0, 0.0];[0.2987669013489551, -1.4838389265182839, -5.929554849502907, 0.6719935655436322, -0.4, -3.00581282728805, -14.0, -14.0, -1.0, 0.0, 0.0, -1.0, 0.0, 0.0, 0.03784132419896602];9.647998500004178
[28.994731507444293, 1058.8660039986435, 119.26688631707799];True;False;[0.0, 7.25, 1.4500000000000002, 0.0, 0.0, 11.99418717271195, 0.5, 0.5, 10044.240480301558, 10500.0, 10500.0, 0.0, 3.0, 0.0, 0.025, 0.022052608036418616, 0.0, 0.0, 0.05, 0.5, 0.5, 0.05, 0.5, 0.5, 0.004087306326506862, 0.0, 0.0, 0.05, 0.5, 0.5, 0.05, 0.5, 0.5, 0.0, 0.0, 0.0, 0.030000000000000002, 0.255, 0.0, 0.0, 0.0];[0.2969375663019962, -1.484310162738315, -5.929554849503031, 0.6726006409397676, -0.4, -3.00581282728805, -14.0, -14.0, -1.0, 0.0, 0.0, -1.0, 0.0, 0.0, 0.038046432556216536];8.160004199999094
[28.994806108864267, 1058.8621593701282, 119.2669287770232];True;False;[0.0, 7.25, 1.4500000000000002, 0.0, 0.0, 11.99418717271195, 0.5, 0.5, 10044.240480301558, 10500.0, 10500.0, 0.0, 3.0, 0.0, 0.025, 0.022046911277979964, 0.0, 0.0, 0.05, 0.5, 0.5, 0.05, 0.5, 0.5, 0.004087306326506862, 0.0, 0.0, 0.05, 0.5, 0.5, 0.05, 0.5, 0.5, 0.0, 0.0, 0.0, 0.030000000000000002, 0.255, 0.0, 0.0, 0.0];[0.2969297931029029, -1.484312165112327, -5.9295548495029795, 0.6726032203799743, -0.4, -3.00581282728805, -14.0, -14.0, -1.0, 0.0, 0.0, -1.0, 0.0, 0.0, 0.038047304435151696];8.572076800002833
[28.984179805490196, 1059.4101392777802, 119.26087780675397];True;False;[0.0, 7.25, 1.4500000000000002, 0.0, 0.0, 11.99418717271195, 0.5, 0.5, 10018.138848169372, 10500.0, 10500.0, 0.0, 3.0, 0.0, 0.025, 0.022074161679151535, 0.0, 0.0, 0.05, 0.5, 0.5, 0.05, 0.5, 0.5, 0.004883034331768541, 0.0, 0.0, 0.05, 0.5, 0.5, 0.05, 0.5, 0.5, 0.0, 0.0, 0.0, 0.030000000000000002, 0.255, 0.0, 0.0, 0.0];[0.29803755802467524, -1.4840268051640297, -5.929554849502976, 0.6722356096958135, -0.4, -3.00581282728805, -14.0, -14.0, -1.0, 0.0, 0.0, -1.0, 0.0, 0.0, 0.03792308074517492];8.57974380000087
[28.994806108864267, 1058.8621593701282, 119.2669287770232];True;False;[0.0, 7.25, 1.4500000000000002, 0.0, 0.0, 11.99418717271195, 0.5, 0.5, 10044.240480301558, 10500.0, 10500.0, 0.0, 3.0, 0.0, 0.025, 0.022046911277979964, 0.0, 0.0, 0.05, 0.5, 0.5, 0.05, 0.5, 0.5, 0.004087306326506862, 0.0, 0.0, 0.05, 0.5, 0.5, 0.05, 0.5, 0.5, 0.0, 0.0, 0.0, 0.030000000000000002, 0.255, 0.0, 0.0, 0.0];[0.2969297931029029, -1.484312165112327, -5.9295548495029795, 0.6726032203799743, -0.4, -3.00581282728805, -14.0, -14.0, -1.0, 0.0, 0.0, -1.0, 0.0, 0.0, 0.038047304435151696];8.753568799998902
[28.988475401355448, 1059.1885384881273, 119.26332457807192];True;False;[0.0, 7.25, 1.4500000000000002, 0.0, 0.0, 11.99418717271195, 0.5, 0.5, 10044.240480301558, 10500.0, 10500.0, 0.0, 3.0, 0.0, 0.025, 0.022530305295030417, 0.0, 0.0, 0.05, 0.5, 0.5, 0.05, 0.5, 0.5, 0.004087306326506862, 0.0, 0.0, 0.05, 0.5, 0.5, 0.05, 0.5, 0.5, 0.0, 0.0, 0.0, 0.030000000000000002, 0.255, 0.0, 0.0, 0.0];[0.297589621134966, -1.4841421935873098, -5.9295548495030275, 0.6723842604125831, -0.4, -3.00581282728805, -14.0, -14.0, -1.0, 0.0, 0.0, -1.0, 0.0, 0.0, 0.03797330504752672];8.64767479999864
[28.97850985331639, 1059.7028142430336, 119.25764675041924];True;False;[0.0, 7.25, 1.4500000000000002, 0.0, 0.0, 11.99418717271195, 0.5, 0.5, 10044.392122800899, 10500.0, 10500.0, 0.0, 3.0, 0.0, 0.025, 0.022507346313709486, 0.0, 0.0, 0.05, 0.5, 0.5, 0.05, 0.5, 0.5, 0.004883034331768541, 0.0, 0.0, 0.05, 0.5, 0.5, 0.05, 0.5, 0.5, 0.0, 0.0, 0.0, 0.030000000000000002, 0.255, 0.0, 0.0, 0.0];[0.2986290816756325, -1.4838744288293637, -5.929554849503006, 0.6720393039662178, -0.4, -3.00581282728805, -14.0, -14.0, -1.0, 0.0, 0.0, -1.0, 0.0, 0.0, 0.03785677134321164];8.750670200002787
[28.994806108863372, 1058.8621593701273, 119.26692877702354];True;False;[0.0, 7.25, 1.4500000000000002, 0.0, 0.0, 11.99418717271195, 0.5, 0.5, 10044.211971758152, 10500.0, 10500.0, 0.0, 3.0, 0.0, 0.025, 0.022046911277979964, 0.0, 0.0, 0.05, 0.5, 0.5, 0.05, 0.5, 0.5, 0.004087306326506862, 0.0, 0.0, 0.05, 0.5, 0.5, 0.05, 0.5, 0.5, 0.0, 0.0, 0.0, 0.030000000000000002, 0.255, 0.0, 0.0, 0.0];[0.2969297931029038, -1.4843121651123312, -5.929554849503045, 0.6726032203800405, -0.4, -3.00581282728805, -14.0, -14.0, -1.0, 0.0, 0.0, -1.0, 0.0, 0.0, 0.03804730443515414];8.462341899998137
[28.99507480261395, 1058.848312362892, 119.26708170366462];True;False;[0.0, 7.25, 1.4500000000000002, 0.0, 0.0, 11.99418717271195, 0.5, 0.5, 10044.240480301558, 10500.0, 10500.0, 0.0, 3.0, 0.0, 0.025, 0.022026393040750925, 0.0, 0.0, 0.05, 0.5, 0.5, 0.05, 0.5, 0.5, 0.004087306326506862, 0.0, 0.0, 0.05, 0.5, 0.5, 0.05, 0.5, 0.5, 0.0, 0.0, 0.0, 0.030000000000000002, 0.255, 0.0, 0.0, 0.0];[0.2969017966276004, -1.4843193769968963, -5.929554849502873, 0.6726125106575627, -0.4, -3.00581282728805, -14.0, -14.0, -1.0, 0.0, 0.0, -1.0, 0.0, 0.0, 0.03805044467623042];8.655008000001544
[28.98290490454641, 1059.4759305437435, 119.26015144239094];True;False;[0.0, 7.25, 1.4500000000000002, 0.0, 0.0, 11.99418717271195, 0.5, 0.5, 10047.996112397926, 10500.0, 10500.0, 0.0, 3.0, 0.0, 0.025, 0.022154130387979355, 0.0, 0.0, 0.05, 0.5, 0.5, 0.05, 0.5, 0.5, 0.004900718948355483, 0.0, 0.0, 0.05, 0.5, 0.5, 0.05, 0.5, 0.5, 0.0, 0.0, 0.0, 0.030000000000000002, 0.255, 0.0, 0.0, 0.0];[0.29817053633267854, -1.4839925499873734, -5.9295548495029635, 0.6721914794743855, -0.4, -3.00581282728805, -14.0, -14.0, -1.0, 0.0, 0.0, -1.0, 0.0, 0.0, 0.03790817254202683];9.116671899995708
[28.98492367296066, 1059.3717566339792, 119.26130158022605];True;False;[0.0, 7.25, 1.4500000000000002, 0.0, 0.0, 11.99418717271195, 0.5, 0.5, 10044.240480301558, 10500.0, 10500.0, 0.0, 3.0, 0.0, 0.025, 0.02203661703525959, 0.0, 0.0, 0.05, 0.5, 0.5, 0.05, 0.5, 0.5, 0.004863473621197365, 0.0, 0.0, 0.05, 0.5, 0.5, 0.05, 0.5, 0.5, 0.0, 0.0, 0.0, 0.030000000000000002, 0.255, 0.0, 0.0, 0.0];[0.29795997630636784, -1.4840467901939685, -5.929554849503015, 0.6722613558416835, -0.4, -3.00581282728805, -14.0, -14.0, -1.0, 0.0, 0.0, -1.0, 0.0, 0.0, 0.03793177881625742];9.617130900005577
[28.99473348416363, 1058.8659021269996, 119.26688744214232];True;False;[0.0, 7.25, 1.4500000000000002, 0.0, 0.0, 11.99418717271195, 0.5, 0.5, 10044.241591149155, 10500.0, 10500.0, 0.0, 3.0, 0.0, 0.025, 0.022052457089432743, 0.0, 0.0, 0.05, 0.5, 0.5, 0.05, 0.5, 0.5, 0.004087306326506862, 0.0, 0.0, 0.05, 0.5, 0.5, 0.05, 0.5, 0.5, 0.0, 0.0, 0.0, 0.030000000000000002, 0.255, 0.0, 0.0, 0.0];[0.2969373603346872, -1.4843102157954395, -5.9295548495030435, 0.6726007092871371, -0.4, -3.00581282728805, -14.0, -14.0, -1.0, 0.0, 0.0, -1.0, 0.0, 0.0, 0.038046455658452216];8.488980300004187
[28.99501168216326, 1058.851565187252, 119.26704577952546];True;False;[0.0, 7.25, 1.4500000000000002, 0.0, 0.0, 11.99418717271195, 0.5, 0.5, 10044.240480301558, 10500.0, 10500.0, 0.0, 3.0, 0.0, 0.025, 0.02204863982324388, 0.0, 0.0, 0.05, 0.5, 0.5, 0.05, 0.5, 0.5, 0.00406962170991992, 0.0, 0.0, 0.05, 0.5, 0.5, 0.05, 0.5, 0.5, 0.0, 0.0, 0.0, 0.030000000000000002, 0.255, 0.0, 0.0, 0.0];[0.2969083733463318, -1.484317682835912, -5.929554849503072, 0.6726103282749589, -0.4, -3.00581282728805, -14.0, -14.0, -1.0, 0.0, 0.0, -1.0, 0.0, 0.0, 0.038049706991424626];9.096576500000083
[28.99473348416363, 1058.8659021269996, 119.26688744214232];True;False;[0.0, 7.25, 1.4500000000000002, 0.0, 0.0, 11.99418717271195, 0.5, 0.5, 10044.241591149155, 10500.0, 10500.0, 0.0, 3.0, 0.0, 0.025, 0.022052457089432743, 0.0, 0.0, 0.05, 0.5, 0.5, 0.05, 0.5, 0.5, 0.004087306326506862, 0.0, 0.0, 0.05, 0.5, 0.5, 0.05, 0.5, 0.5, 0.0, 0.0, 0.0, 0.030000000000000002, 0.255, 0.0, 0.0, 0.0];[0.2969373603346872, -1.4843102157954395, -5.9295548495030435, 0.6726007092871371, -0.4, -3.00581282728805, -14.0, -14.0, -1.0, 0.0, 0.0, -1.0, 0.0, 0.0, 0.038046455658452216];8.348425600001065
[28.98492367296066, 1059.3717566339792, 119.26130158022605];True;False;[0.0, 7.25, 1.4500000000000002, 0.0, 0.0, 11.99418717271195, 0.5, 0.5, 10044.240480301558, 10500.0, 10500.0, 0.0, 3.0, 0.0, 0.025, 0.02203661703525959, 0.0, 0.0, 0.05, 0.5, 0.5, 0.05, 0.5, 0.5, 0.004863473621197365, 0.0, 0.0, 0.05, 0.5, 0.5, 0.05, 0.5, 0.5, 0.0, 0.0, 0.0, 0.030000000000000002, 0.255, 0.0, 0.0, 0.0];[0.29795997630636784, -1.4840467901939685, -5.929554849503015, 0.6722613558416835, -0.4, -3.00581282728805, -14.0, -14.0, -1.0, 0.0, 0.0, -1.0, 0.0, 0.0, 0.03793177881625742];8.744340699995519
[28.99501168216326, 1058.851565187252, 119.26704577952546];True;False;[0.0, 7.25, 1.4500000000000002, 0.0, 0.0, 11.99418717271195, 0.5, 0.5, 10044.240480301558, 10500.0, 10500.0, 0.0, 3.0, 0.0, 0.025, 0.02204863982324388, 0.0, 0.0, 0.05, 0.5, 0.5, 0.05, 0.5, 0.5, 0.00406962170991992, 0.0, 0.0, 0.05, 0.5, 0.5, 0.05, 0.5, 0.5, 0.0, 0.0, 0.0, 0.030000000000000002, 0.255, 0.0, 0.0, 0.0];[0.2969083733463318, -1.484317682835912, -5.929554849503072, 0.6726103282749589, -0.4, -3.00581282728805, -14.0, -14.0, -1.0, 0.0, 0.0, -1.0, 0.0, 0.0, 0.038049706991424626];8.97595469999942
[28.988475401355448, 1059.1885384881273, 119.26332457807192];True;False;[0.0, 7.25, 1.4500000000000002, 0.0, 0.0, 11.99418717271195, 0.5, 0.5, 10044.240480301558, 10500.0, 10500.0, 0.0, 3.0, 0.0, 0.025, 0.022530305295030417, 0.0, 0.0, 0.05, 0.5, 0.5, 0.05, 0.5, 0.5, 0.004087306326506862, 0.0, 0.0, 0.05, 0.5, 0.5, 0.05, 0.5, 0.5, 0.0, 0.0, 0.0, 0.030000000000000002, 0.255, 0.0, 0.0, 0.0];[0.297589621134966, -1.4841421935873098, -5.9295548495030275, 0.6723842604125831, -0.4, -3.00581282728805, -14.0, -14.0, -1.0, 0.0, 0.0, -1.0, 0.0, 0.0, 0.03797330504752672];8.646241000002192
[28.98290490454663, 1059.4759305437422, 119.26015144239085];True;False;[0.0, 7.25, 1.4500000000000002, 0.0, 0.0, 11.99418717271195, 0.5, 0.5, 10047.865517442904, 10500.0, 10500.0, 0.0, 3.0, 0.0, 0.025, 0.022154130387979355, 0.0, 0.0, 0.05, 0.5, 0.5, 0.05, 0.5, 0.5, 0.004900718948355483, 0.0, 0.0, 0.05, 0.5, 0.5, 0.05, 0.5, 0.5, 0.0, 0.0, 0.0, 0.030000000000000002, 0.255, 0.0, 0.0, 0.0];[0.2981705363326732, -1.483992549987372, -5.929554849502878, 0.6721914794743651, -0.4, -3.00581282728805, -14.0, -14.0, -1.0, 0.0, 0.0, -1.0, 0.0, 0.0, 0.03790817254202583];8.948371700003918
[28.97767464795245, 1059.7459432066219, 119.25717066176102];True;False;[0.0, 7.25, 1.4500000000000002, 0.0, 0.0, 11.99418717271195, 0.5, 0.5, 10047.996112397926, 10500.0, 10500.0, 0.0, 3.0, 0.0, 0.025, 0.02255371955407144, 0.0, 0.0, 0.05, 0.5, 0.5, 0.05, 0.5, 0.5, 0.004900718948355483, 0.0, 0.0, 0.05, 0.5, 0.5, 0.05, 0.5, 0.5, 0.0, 0.0, 0.0, 0.030000000000000002, 0.255, 0.0, 0.0, 0.0];[0.29871624164104116, -1.48385197644553, -5.929554849503035, 0.6720103780818021, -0.4, -3.00581282728805, -14.0, -14.0, -1.0, 0.0, 0.0, -1.0, 0.0, 0.0, 0.03784700215178194];8.610389200002828
[28.99473348416363, 1058.8659021269996, 119.26688744214232];True;False;[0.0, 7.25, 1.4500000000000002, 0.0, 0.0, 11.99418717271195, 0.5, 0.5, 10044.241591149155, 10500.0, 10500.0, 0.0, 3.0, 0.0, 0.025, 0.022052457089432743, 0.0, 0.0, 0.05, 0.5, 0.5, 0.05, 0.5, 0.5, 0.004087306326506862, 0.0, 0.0, 0.05, 0.5, 0.5, 0.05, 0.5, 0.5, 0.0, 0.0, 0.0, 0.030000000000000002, 0.255, 0.0, 0.0, 0.0];[0.2969373603346872, -1.4843102157954395, -5.9295548495030435, 0.6726007092871371, -0.4, -3.00581282728805, -14.0, -14.0, -1.0, 0.0, 0.0, -1.0, 0.0, 0.0, 0.038046455658452216];8.618612499994924
[28.994946610418886, 1058.854918631429, 119.26700874374299];True;False;[0.0, 7.25, 1.4500000000000002, 0.0, 0.0, 11.99418717271195, 0.5, 0.5, 10044.391819164777, 10500.0, 10500.0, 0.0, 3.0, 0.0, 0.025, 0.02203618218562188, 0.0, 0.0, 0.05, 0.5, 0.5, 0.05, 0.5, 0.5, 0.004087306326506862, 0.0, 0.0, 0.05, 0.5, 0.5, 0.05, 0.5, 0.5, 0.0, 0.0, 0.0, 0.030000000000000002, 0.255, 0.0, 0.0, 0.0];[0.2969151534912706, -1.4843159362723828, -5.929554849503042, 0.6726080783527182, -0.4, -3.00581282728805, -14.0, -14.0, -1.0, 0.0, 0.0, -1.0, 0.0, 0.0, 0.03804894649121038];9.212278300001344
[28.99473348416363, 1058.8659021269996, 119.26688744214232];True;False;[0.0, 7.25, 1.4500000000000002, 0.0, 0.0, 11.99418717271195, 0.5, 0.5, 10044.241591149155, 10500.0, 10500.0, 0.0, 3.0, 0.0, 0.025, 0.022052457089432743, 0.0, 0.0, 0.05, 0.5, 0.5, 0.05, 0.5, 0.5, 0.004087306326506862, 0.0, 0.0, 0.05, 0.5, 0.5, 0.05, 0.5, 0.5, 0.0, 0.0, 0.0, 0.030000000000000002, 0.255, 0.0, 0.0, 0.0];[0.2969373603346872, -1.4843102157954395, -5.9295548495030435, 0.6726007092871371, -0.4, -3.00581282728805, -14.0, -14.0, -1.0, 0.0, 0.0, -1.0, 0.0, 0.0, 0.038046455658452216];8.689694900000177
[28.978294840641965, 1059.713916812992, 119.25752419119092];True;False;[0.0, 7.25, 1.4500000000000002, 0.0, 0.0, 11.99418717271195, 0.5, 0.5, 10044.240783937681, 10500.0, 10500.0, 0.0, 3.0, 0.0, 0.025, 0.022523772164506226, 0.0, 0.0, 0.05, 0.5, 0.5, 0.05, 0.5, 0.5, 0.004883034331768541, 0.0, 0.0, 0.05, 0.5, 0.5, 0.05, 0.5, 0.5, 0.0, 0.0, 0.0, 0.030000000000000002, 0.255, 0.0, 0.0, 0.0];[0.29865151921449673, -1.4838686489253428, -5.929554849502875, 0.6720318576109108, -0.4, -3.00581282728805, -14.0, -14.0, -1.0, 0.0, 0.0, -1.0, 0.0, 0.0, 0.03785425643206408];9.040511900006095
[28.993403875988232, 1058.9344300282485, 119.26613063739251];True;False;[0.0, 7.25, 1.4500000000000002, 0.0, 0.0, 11.99418717271195, 0.5, 0.5, 10044.28753797099, 10500.0, 10500.0, 0.0, 3.0, 0.0, 0.025, 0.02215308439568229, 0.0, 0.0, 0.05, 0.5, 0.5, 0.05, 0.5, 0.5, 0.004088223173202797, 0.0, 0.0, 0.05, 0.5, 0.5, 0.05, 0.5, 0.5, 0.0, 0.0, 0.0, 0.030000000000000002, 0.255, 0.0, 0.0, 0.0];[0.297075909705411, -1.4842745255145087, -5.929554849502885, 0.672554733184551, -0.4, -3.00581282728805, -14.0, -14.0, -1.0, 0.0, 0.0, -1.0, 0.0, 0.0, 0.03803091577556372];9.417793500004336
[28.977189233507293, 1059.771011367567, 119.25689394678437];True;False;[0.0, 7.25, 1.4500000000000002, 0.0, 0.0, 11.99418717271195, 0.5, 0.5, 10044.240480301558, 10500.0, 10500.0, 0.0, 3.0, 0.0, 0.025, 0.02260823349995476, 0.0, 0.0, 0.05, 0.5, 0.5, 0.05, 0.5, 0.5, 0.004883034331768541, 0.0, 0.0, 0.05, 0.5, 0.5, 0.05, 0.5, 0.5, 0.0, 0.0, 0.0, 0.030000000000000002, 0.255, 0.0, 0.0, 0.0];[0.2987669013489578, -1.4838389265182825, -5.929554849502978, 0.6719935655439244, -0.4, -3.00581282728805, -14.0, -14.0, -1.0, 0.0, 0.0, -1.0, 0.0, 0.0, 0.03784132419896524];8.681148799994844
[28.977189233507293, 1059.771011367567, 119.25689394678437];True;False;[0.0, 7.25, 1.4500000000000002, 0.0, 0.0, 11.99418717271195, 0.5, 0.5, 10044.240480301558, 10500.0, 10500.0, 0.0, 3.0, 0.0, 0.025, 0.02260823349995476, 0.0, 0.0, 0.05, 0.5, 0.5, 0.05, 0.5, 0.5, 0.004883034331768541, 0.0, 0.0, 0.05, 0.5, 0.5, 0.05, 0.5, 0.5, 0.0, 0.0, 0.0, 0.030000000000000002, 0.255, 0.0, 0.0, 0.0];[0.2987669013489578, -1.4838389265182825, -5.929554849502978, 0.6719935655439244, -0.4, -3.00581282728805, -14.0, -14.0, -1.0, 0.0, 0.0, -1.0, 0.0, 0.0, 0.03784132419896524];8.798718199999712
[28.988475401355448, 1059.1885384881273, 119.26332457807192];True;False;[0.0, 7.25, 1.4500000000000002, 0.0, 0.0, 11.99418717271195, 0.5, 0.5, 10044.240480301558, 10500.0, 10500.0, 0.0, 3.0, 0.0, 0.025, 0.022530305295030417, 0.0, 0.0, 0.05, 0.5, 0.5, 0.05, 0.5, 0.5, 0.004087306326506862, 0.0, 0.0, 0.05, 0.5, 0.5, 0.05, 0.5, 0.5, 0.0, 0.0, 0.0, 0.030000000000000002, 0.255, 0.0, 0.0, 0.0];[0.297589621134966, -1.4841421935873098, -5.9295548495030275, 0.6723842604125831, -0.4, -3.00581282728805, -14.0, -14.0, -1.0, 0.0, 0.0, -1.0, 0.0, 0.0, 0.03797330504752672];8.510249400002067
[28.977189233507293, 1059.771011367567, 119.25689394678437];True;False;[0.0, 7.25, 1.4500000000000002, 0.0, 0.0, 11.99418717271195, 0.5, 0.5, 10044.240480301558, 10500.0, 10500.0, 0.0, 3.0, 0.0, 0.025, 0.02260823349995476, 0.0, 0.0, 0.05, 0.5, 0.5, 0.05, 0.5, 0.5, 0.004883034331768541, 0.0, 0.0, 0.05, 0.5, 0.5, 0.05, 0.5, 0.5, 0.0, 0.0, 0.0, 0.030000000000000002, 0.255, 0.0, 0.0, 0.0];[0.2987669013489578, -1.4838389265182825, -5.929554849502978, 0.6719935655439244, -0.4, -3.00581282728805, -14.0, -14.0, -1.0, 0.0, 0.0, -1.0, 0.0, 0.0, 0.03784132419896524];8.547959299998183
[28.988475401355466, 1059.188538488121, 119.2633245780719];True;False;[0.0, 7.25, 1.4500000000000002, 0.0, 0.0, 11.99418717271195, 0.5, 0.5, 10044.23992780177, 10500.0, 10500.0, 0.0, 3.0, 0.0, 0.025, 0.022530305295030417, 0.0, 0.0, 0.05, 0.5, 0.5, 0.05, 0.5, 0.5, 0.004087306326506862, 0.0, 0.0, 0.05, 0.5, 0.5, 0.05, 0.5, 0.5, 0.0, 0.0, 0.0, 0.030000000000000002, 0.255, 0.0, 0.0, 0.0];[0.2975896211349589, -1.484142193587318, -5.929554849503081, 0.6723842604125851, -0.4, -3.00581282728805, -14.0, -14.0, -1.0, 0.0, 0.0, -1.0, 0.0, 0.0, 0.03797330504753105];9.670280799997272
[28.99493621716878, 1058.8554542430768, 119.26700282843477];True;False;[0.0, 7.25, 1.4500000000000002, 0.0, 0.0, 11.99418717271195, 0.5, 0.5, 8710.458348566764, 10500.0, 10500.0, 0.0, 3.0, 0.0, 0.025, 0.022036975845023954, 0.0, 0.0, 0.05, 0.5, 0.5, 0.05, 0.5, 0.5, 0.004087306326506862, 0.0, 0.0, 0.05, 0.5, 0.5, 0.05, 0.5, 0.5, 0.0, 0.0, 0.0, 0.030000000000000002, 0.255, 0.0, 0.0, 0.0];[0.29691623641398035, -1.4843156573117768, -5.929554849503029, 0.6726077189979145, -0.4, -3.00581282728805, -14.0, -14.0, -1.0, 0.0, 0.0, -1.0, 0.0, 0.0, 0.03804882502454143];9.54896710000321
[28.98298899972942, 1059.471590489051, 119.26019935784507];True;False;[0.0, 7.25, 1.4500000000000002, 0.0, 0.0, 11.99418717271195, 0.5, 0.5, 10048.027343442785, 10500.0, 10500.0, 0.0, 3.0, 0.0, 0.025, 0.02216514405740872, 0.0, 0.0, 0.05, 0.5, 0.5, 0.05, 0.5, 0.5, 0.004883034331768541, 0.0, 0.0, 0.05, 0.5, 0.5, 0.05, 0.5, 0.5, 0.0, 0.0, 0.0, 0.030000000000000002, 0.255, 0.0, 0.0, 0.0];[0.2981617642904508, -1.483994809663105, -5.929554849503006, 0.672194390593805, -0.4, -3.00581282728805, -14.0, -14.0, -1.0, 0.0, 0.0, -1.0, 0.0, 0.0, 0.037909155950552775];9.648975700001756
[28.977105230577745, 1059.775349678226, 119.25684605851073];True;False;[0.0, 7.25, 1.4500000000000002, 0.0, 0.0, 11.99418717271195, 0.5, 0.5, 10044.209249256697, 10500.0, 10500.0, 0.0, 3.0, 0.0, 0.025, 0.022597219830525393, 0.0, 0.0, 0.05, 0.5, 0.5, 0.05, 0.5, 0.5, 0.004900718948355483, 0.0, 0.0, 0.05, 0.5, 0.5, 0.05, 0.5, 0.5, 0.0, 0.0, 0.0, 0.030000000000000002, 0.255, 0.0, 0.0, 0.0];[0.2987756684796983, -1.4838366681077422, -5.929554849502976, 0.6719906559531488, -0.4, -3.00581282728805, -14.0, -14.0, -1.0, 0.0, 0.0, -1.0, 0.0, 0.0, 0.03784034158891336];10.133182400000806
[28.99473150737665, 1058.8660039986373, 119.26688631713296];True;False;[0.0, 7.25, 1.4500000000000002, 0.0, 0.0, 11.99418717271195, 0.5, 0.5, 10044.238657384883, 10500.0, 10500.0, 0.0, 3.0, 0.0, 0.025, 0.022052608036418616, 0.0, 0.0, 0.05, 0.5, 0.5, 0.05, 0.5, 0.5, 0.004087306326506862, 0.0, 0.0, 0.05, 0.5, 0.5, 0.05, 0.5, 0.5, 0.0, 0.0, 0.0, 0.030000000000000002, 0.255, 0.0, 0.0, 0.0];[0.29693756630198553, -1.4843101627383206, -5.9295548495030115, 0.6726006409393728, -0.4, -3.00581282728805, -14.0, -14.0, -1.0, 0.0, 0.0, -1.0, 0.0, 0.0, 0.03804643255621931];9.009309499997471
[28.982904904545283, 1059.4759305437474, 119.26015144239136];True;False;[0.0, 7.25, 1.4500000000000002, 0.0, 0.0, 11.99418717271195, 0.5, 0.5, 10044.276122047482, 10500.0, 10500.0, 0.0, 3.0, 0.0, 0.025, 0.022154130387979355, 0.0, 0.0, 0.05, 0.5, 0.5, 0.05, 0.5, 0.5, 0.004900718948355483, 0.0, 0.0, 0.05, 0.5, 0.5, 0.05, 0.5, 0.5, 0.0, 0.0, 0.0, 0.030000000000000002, 0.255, 0.0, 0.0, 0.0];[0.2981705363326812, -1.4839925499873652, -5.929554849495869, 0.6721914794744566, -0.4, -3.00581282728805, -14.0, -14.0, -1.0, 0.0, 0.0, -1.0, 0.0, 0.0, 0.03790817254202217];9.394175599998562
[29.00838758201195, 1058.1628021068516, 119.27465395376865];True;False;[0.0, 7.25, 1.4500000000000002, 0.0, 0.0, 11.99418717271195, 0.5, 0.5, 10044.240480301558, 10500.0, 10500.0, 0.0, 3.0, 0.0, 0.025, 0.02099275597772158, 0.0, 0.0, 0.05, 0.5, 0.5, 0.05, 0.5, 0.5, 0.004104410798837916, 0.0, 0.0, 0.05, 0.5, 0.5, 0.05, 0.5, 0.5, 0.0, 0.0, 0.0, 0.030000000000000002, 0.255, 0.0, 0.0, 0.0];[0.2955155462523935, -1.4846764747237036, -5.92955484950296, 0.6730725013677892, -0.4, -3.00581282728805, -14.0, -14.0, -1.0, 0.0, 0.0, -1.0, 0.0, 0.0, 0.03820598011838039];8.950553200003924
[28.994731376474352, 1058.8660107485964, 119.26688624252968];True;False;[0.0, 7.25, 1.4500000000000002, 0.0, 0.0, 11.99418717271195, 0.5, 0.5, 10044.238657384883, 10500.0, 10500.0, 0.0, 3.0, 0.0, 0.025, 0.022052608036418616, 0.0, 0.0, 0.05, 0.5, 0.5, 0.05, 0.5, 0.5, 0.004087316476215564, 0.0, 0.0, 0.05, 0.5, 0.5, 0.05, 0.5, 0.5, 0.0, 0.0, 0.0, 0.030000000000000002, 0.255, 0.0, 0.0, 0.0];[0.2969375799492662, -1.484310159222786, -5.929554849502985, 0.6726006364105881, -0.4, -3.00581282728805, -14.0, -14.0, -1.0, 0.0, 0.0, -1.0, 0.0, 0.0, 0.038046431025478666];9.11058839999896
[28.993403875988307, 1058.9344300282496, 119.26613063739254];True;False;[0.0, 7.25, 1.4500000000000002, 0.0, 0.0, 11.99418717271195, 0.5, 0.5, 10048.007528321436, 10500.0, 10500.0, 0.0, 3.0, 0.0, 0.025, 0.02215308439568229, 0.0, 0.0, 0.05, 0.5, 0.5, 0.05, 0.5, 0.5, 0.004088223173202797, 0.0, 0.0, 0.05, 0.5, 0.5, 0.05, 0.5, 0.5, 0.0, 0.0, 0.0, 0.030000000000000002, 0.255, 0.0, 0.0, 0.0];[0.297075909705411, -1.484274525514505, -5.929554849502884, 0.6725547331845423, -0.4, -3.00581282728805, -14.0, -14.0, -1.0, 0.0, 0.0, -1.0, 0.0, 0.0, 0.0380309157755615];9.544745699997293
[28.987790002965408, 1059.2238890054755, 119.26293424191847];True;False;[0.0, 7.25, 1.4500000000000002, 0.0, 0.0, 11.99418717271195, 0.5, 0.5, 10044.240446912798, 10500.0, 10500.0, 0.0, 3.0, 0.0, 0.025, 0.022582938415688706, 0.0, 0.0, 0.05, 0.5, 0.5, 0.05, 0.5, 0.5, 0.004086999259758453, 0.0, 0.0, 0.05, 0.5, 0.5, 0.05, 0.5, 0.5, 0.0, 0.0, 0.0, 0.030000000000000002, 0.255, 0.0, 0.0, 0.0];[0.29766108107817413, -1.4841237855250073, -5.929554849503024, 0.6723605463587585, -0.4, -3.00581282728805, -14.0, -14.0, -1.0, 0.0, 0.0, -1.0, 0.0, 0.0, 0.037965292071793444];9.053182199997536
[28.993403876027855, 1058.9344300288237, 119.26613063735945];True;False;[0.0, 7.25, 1.4500000000000002, 0.0, 0.0, 11.99418717271195, 0.5, 0.5, 10044.185428451372, 10500.0, 10500.0, 0.0, 3.0, 0.0, 0.025, 0.02215308439568229, 0.0, 0.0, 0.05, 0.5, 0.5, 0.05, 0.5, 0.5, 0.004088223173202797, 0.0, 0.0, 0.05, 0.5, 0.5, 0.05, 0.5, 0.5, 0.0, 0.0, 0.0, 0.030000000000000002, 0.255, 0.0, 0.0, 0.0];[0.2970759097065736, -1.4842745255142078, -5.929554849503036, 0.6725547331813277, -0.4, -3.00581282728805, -14.0, -14.0, -1.0, 0.0, 0.0, -1.0, 0.0, 0.0, 0.038030915775432494];8.90619770000194
[29.00838758201195, 1058.1628021068516, 119.27465395376865];True;False;[0.0, 7.25, 1.4500000000000002, 0.0, 0.0, 11.99418717271195, 0.5, 0.5, 10044.240480301558, 10500.0, 10500.0, 0.0, 3.0, 0.0, 0.025, 0.02099275597772158, 0.0, 0.0, 0.05, 0.5, 0.5, 0.05, 0.5, 0.5, 0.004104410798837916, 0.0, 0.0, 0.05, 0.5, 0.5, 0.05, 0.5, 0.5, 0.0, 0.0, 0.0, 0.030000000000000002, 0.255, 0.0, 0.0, 0.0];[0.2955155462523935, -1.4846764747237036, -5.92955484950296, 0.6730725013677892, -0.4, -3.00581282728805, -14.0, -14.0, -1.0, 0.0, 0.0, -1.0, 0.0, 0.0, 0.03820598011838039];9.305097600001318
[28.99338832519918, 1058.9352315788803, 119.266121785443];True;False;[0.0, 7.25, 1.4500000000000002, 0.0, 0.0, 11.99418717271195, 0.5, 0.5, 10044.283489687921, 10500.0, 10500.0, 0.0, 3.0, 0.0, 0.025, 0.022154258231567, 0.0, 0.0, 0.05, 0.5, 0.5, 0.05, 0.5, 0.5, 0.00408823700164035, 0.0, 0.0, 0.05, 0.5, 0.5, 0.05, 0.5, 0.5, 0.0, 0.0, 0.0, 0.030000000000000002, 0.255, 0.0, 0.0, 0.0];[0.2970775302468134, -1.4842741080634745, -5.929554849502992, 0.6725541954239873, -0.4, -3.00581282728805, -14.0, -14.0, -1.0, 0.0, 0.0, -1.0, 0.0, 0.0, 0.03803073401878099];8.667061599997396
[28.994615761416906, 1058.8719691206281, 119.26682043847877];True;False;[0.0, 7.25, 1.4500000000000002, 0.0, 0.0, 11.99418717271195, 0.5, 0.5, 10044.240480301558, 10500.0, 10500.0, 0.0, 3.0, 0.0, 0.025, 0.022044591584578062, 0.0, 0.0, 0.05, 0.5, 0.5, 0.05, 0.5, 0.5, 0.004104410798837916, 0.0, 0.0, 0.05, 0.5, 0.5, 0.05, 0.5, 0.5, 0.0, 0.0, 0.0, 0.030000000000000002, 0.255, 0.0, 0.0, 0.0];[0.2969496267547562, -1.4843070559689007, -5.929554849502891, 0.6725966388072722, -0.4, -3.00581282728805, -14.0, -14.0, -1.0, 0.0, 0.0, -1.0, 0.0, 0.0, 0.038045079804136406];9.153723999996146
[29.00838758201303, 1058.1628021067622, 119.27465395376794];True;False;[0.0, 7.25, 1.4500000000000002, 0.0, 0.0, 11.99418717271195, 0.5, 0.5, 10048.06258017162, 10500.0, 10500.0, 0.0, 3.0, 0.0, 0.025, 0.02099275597772158, 0.0, 0.0, 0.05, 0.5, 0.5, 0.05, 0.5, 0.5, 0.004104410798837916, 0.0, 0.0, 0.05, 0.5, 0.5, 0.05, 0.5, 0.5, 0.0, 0.0, 0.0, 0.030000000000000002, 0.255, 0.0, 0.0, 0.0];[0.29551554625221055, -1.4846764747237462, -5.929554849502935, 0.6730725013677041, -0.4, -3.00581282728805, -14.0, -14.0, -1.0, 0.0, 0.0, -1.0, 0.0, 0.0, 0.038205980118398486];9.333041700003378
[28.994615761463606, 1058.8719691211882, 119.26682043844332];True;False;[0.0, 7.25, 1.4500000000000002, 0.0, 0.0, 11.99418717271195, 0.5, 0.5, 10044.24047923422, 10500.0, 10500.0, 0.0, 3.0, 0.0, 0.025, 0.022044591584578062, 0.0, 0.0, 0.05, 0.5, 0.5, 0.05, 0.5, 0.5, 0.004104410798837916, 0.0, 0.0, 0.05, 0.5, 0.5, 0.05, 0.5, 0.5, 0.0, 0.0, 0.0, 0.030000000000000002, 0.255, 0.0, 0.0, 0.0];[0.29694962675589576, -1.484307055968616, -5.929554849503001, 0.6725966388034608, -0.4, -3.00581282728805, -14.0, -14.0, -1.0, 0.0, 0.0, -1.0, 0.0, 0.0, 0.038045079804013726];9.064607100001012
[29.00838758201195, 1058.1628021068516, 119.27465395376865];True;False;[0.0, 7.25, 1.4500000000000002, 0.0, 0.0, 11.99418717271195, 0.5, 0.5, 10044.240480301558, 10500.0, 10500.0, 0.0, 3.0, 0.0, 0.025, 0.02099275597772158, 0.0, 0.0, 0.05, 0.5, 0.5, 0.05, 0.5, 0.5, 0.004104410798837916, 0.0, 0.0, 0.05, 0.5, 0.5, 0.05, 0.5, 0.5, 0.0, 0.0, 0.0, 0.030000000000000002, 0.255, 0.0, 0.0, 0.0];[0.2955155462523935, -1.4846764747237036, -5.92955484950296, 0.6730725013677892, -0.4, -3.00581282728805, -14.0, -14.0, -1.0, 0.0, 0.0, -1.0, 0.0, 0.0, 0.03820598011838039];8.833781999994244
[28.987790002971263, 1059.2238890054753, 119.26293424191654];True;False;[0.0, 7.25, 1.4500000000000002, 0.0, 0.0, 11.99418717271195, 0.5, 0.5, 10044.240447980133, 10500.0, 10500.0, 0.0, 3.0, 0.0, 0.025, 0.022582938415688706, 0.0, 0.0, 0.05, 0.5, 0.5, 0.05, 0.5, 0.5, 0.004086999259758453, 0.0, 0.0, 0.05, 0.5, 0.5, 0.05, 0.5, 0.5, 0.0, 0.0, 0.0, 0.030000000000000002, 0.255, 0.0, 0.0, 0.0];[0.29766108107817146, -1.4841237855250056, -5.929554849502956, 0.6723605463582805, -0.4, -3.00581282728805, -14.0, -14.0, -1.0, 0.0, 0.0, -1.0, 0.0, 0.0, 0.037965292071792334];8.909302499996556
[29.00838758201195, 1058.1628021068516, 119.27465395376865];True;False;[0.0, 7.25, 1.4500000000000002, 0.0, 0.0, 11.99418717271195, 0.5, 0.5, 10044.240480301558, 10500.0, 10500.0, 0.0, 3.0, 0.0, 0.025, 0.02099275597772158, 0.0, 0.0, 0.05, 0.5, 0.5, 0.05, 0.5, 0.5, 0.004104410798837916, 0.0, 0.0, 0.05, 0.5, 0.5, 0.05, 0.5, 0.5, 0.0, 0.0, 0.0, 0.030000000000000002, 0.255, 0.0, 0.0, 0.0];[0.2955155462523935, -1.4846764747237036, -5.92955484950296, 0.6730725013677892, -0.4, -3.00581282728805, -14.0, -14.0, -1.0, 0.0, 0.0, -1.0, 0.0, 0.0, 0.03820598011838039];8.357124800000747
[30.995353452490058, 1033.130709850274, 119.33976792971455];True;False;[0.0, 7.25, 1.4500000000000002, 0.0, 0.0, 8.916705387369667, 0.5, 0.5, 10044.220915371867, 10500.0, 10500.0, 0.0, 3.0, 0.0, 0.025, 0.02099275597772158, 0.0, 0.0, 0.05, 0.5, 0.5, 0.05, 0.5, 0.5, 0.004104410798837916, 0.0, 0.0, 0.05, 0.5, 0.5, 0.05, 0.5, 0.5, 0.0, 0.0, 0.0, 0.030000000000000002, 0.255, 0.0, 0.0, 0.0];[0.3489343794126425, -1.4709157975537055, -8.90568262121929, 0.5856783198053122, -0.4, -6.083294612630333, -14.0, -14.0, -1.0, 0.0, 0.0, -1.0, 0.0, 0.0, 0.032276773161101224];26.985324699999182
[1e+30, 1e+30, 1e+30];False;False;[0.0, 7.25, 1.4500000000000002, 0.0, 0.0, 8.97017823686473, 0.5, 0.5, 10044.240361135591, 10500.0, 10500.0, 0.0, 3.0, 0.0, 0.025, 0.022144618944088278, 0.0, 0.0, 0.05, 0.5, 0.5, 0.05, 0.5, 0.5, 0.004104410798837916, 0.0, 0.0, 0.05, 0.5, 0.5, 0.05, 0.5, 0.5, 0.0, 0.0, 0.0, 0.030000000000000002, 0.255, 0.0, 0.0, 0.0];[1e+30, 1e+30, 1e+30, 1e+30, 1e+30, 1e+30, 1e+30, 1e+30, 1e+30, 1e+30, 1e+30, 1e+30, 1e+30, 1e+30, 1e+30];30.185497999998915
[29.009375683912584, 1058.1119656368, 119.27521561556668];True;False;[0.0, 7.25, 1.4500000000000002, 0.0, 0.0, 11.99418717271195, 0.5, 0.5, 10044.240480301558, 10500.0, 10500.0, 0.0, 3.0, 0.0, 0.025, 0.02095183606682912, 0.0, 0.0, 0.05, 0.5, 0.5, 0.05, 0.5, 0.5, 0.00406937900996583, 0.0, 0.0, 0.05, 0.5, 0.5, 0.05, 0.5, 0.5, 0.0, 0.0, 0.0, 0.030000000000000002, 0.255, 0.0, 0.0, 0.0];[0.2954127238731541, -1.4847029617411633, -5.9295548495029315, 0.6731066188207904, -0.4, -3.00581282728805, -14.0, -14.0, -1.0, 0.0, 0.0, -1.0, 0.0, 0.0, 0.03821752023444236];8.079548499998054
[28.932267530872863, 1059.5381348212493, 119.26953141822082];True;False;[0.0, 7.25, 1.4500000000000002, 0.0, 0.0, 12.143160146812372, 0.5, 0.5, 10044.240480301558, 10500.0, 10500.0, 0.0, 3.0, 0.0, 0.025, 0.02099275597772158, 0.0, 0.0, 0.05, 0.5, 0.5, 0.05, 0.5, 0.5, 0.004104410798837916, 0.0, 0.0, 0.05, 0.5, 0.5, 0.05, 0.5, 0.5, 0.0, 0.0, 0.0, 0.030000000000000002, 0.255, 0.0, 0.0, 0.0];[0.2939107010714208, -1.4850898824141505, -5.774219307311704, 0.6763907869733574, -0.4, -2.856839853187628, -14.0, -14.0, -1.0, 0.0, 0.0, -1.0, 0.0, 0.0, 0.03838615395294287];8.721960799994122
[29.037369015680362, 1057.604203269767, 119.27720650494908];True;False;[0.0, 7.25, 1.4500000000000002, 0.0, 0.0, 11.940714323216888, 0.5, 0.5, 10044.221033470494, 10500.0, 10500.0, 0.0, 3.0, 0.0, 0.025, 0.020892728618211363, 0.0, 0.0, 0.05, 0.5, 0.5, 0.05, 0.5, 0.5, 0.004104410798837916, 0.0, 0.0, 0.05, 0.5, 0.5, 0.05, 0.5, 0.5, 0.0, 0.0, 0.0, 0.030000000000000002, 0.255, 0.0, 0.0, 0.0];[0.2959719168552697, -1.4845589137781583, -5.9850590350351105, 0.6719099448288184, -0.4, -3.0592856767831123, -14.0, -14.0, -1.0, 0.0, 0.0, -1.0, 0.0, 0.0, 0.038154766017904906];8.366162400001485
[30.98123905549044, 1033.8022551905783, 119.3315145316171];True;False;[0.0, 7.25, 1.4500000000000002, 0.0, 0.0, 8.916705387369667, 0.5, 0.5, 10044.240868104407, 10500.0, 10500.0, 0.0, 3.0, 0.0, 0.025, 0.022023501503476216, 0.0, 0.0, 0.05, 0.5, 0.5, 0.05, 0.5, 0.5, 0.004104410798837916, 0.0, 0.0, 0.05, 0.5, 0.5, 0.05, 0.5, 0.5, 0.0, 0.0, 0.0, 0.030000000000000002, 0.255, 0.0, 0.0, 0.0];[0.35034375539701923, -1.47055274267615, -8.90568262121927, 0.5852289895220795, -0.4, -6.083294612630333, -14.0, -14.0, -1.0, 0.0, 0.0, -1.0, 0.0, 0.0, 0.032122108226208756];18.247883599993656
[30.98176222775834, 1033.7804314033826, 119.33174697242006];True;False;[0.0, 7.25, 1.4500000000000002, 0.0, 0.0, 8.916705387369667, 0.5, 0.5, 10044.220915371867, 10500.0, 10500.0, 0.0, 3.0, 0.0, 0.025, 0.021989302300425614, 0.0, 0.0, 0.05, 0.5, 0.5, 0.05, 0.5, 0.5, 0.004104410798837916, 0.0, 0.0, 0.05, 0.5, 0.5, 0.05, 0.5, 0.5, 0.0, 0.0, 0.0, 0.030000000000000002, 0.255, 0.0, 0.0, 0.0];[0.35029796173689576, -1.4705645391107804, -8.905682621219217, 0.5852400811734693, -0.4, -6.083294612630333, -14.0, -14.0, -1.0, 0.0, 0.0, -1.0, 0.0, 0.0, 0.032127132210129083];18.424367400002666
[29.00892375156619, 1058.1352161973514, 119.27495873185754];True;False;[0.0, 7.25, 1.4500000000000002, 0.0, 0.0, 11.99418717271195, 0.5, 0.5, 10044.24049286209, 10500.0, 10500.0, 0.0, 3.0, 0.0, 0.025, 0.02095183606682912, 0.0, 0.0, 0.05, 0.5, 0.5, 0.05, 0.5, 0.5, 0.0041043729113589816, 0.0, 0.0, 0.05, 0.5, 0.5, 0.05, 0.5, 0.5, 0.0, 0.0, 0.0, 0.030000000000000002, 0.255, 0.0, 0.0, 0.0];[0.29545975104461597, -1.4846908475543399, -5.929554849502933, 0.6730910147595688, -0.4, -3.00581282728805, -14.0, -14.0, -1.0, 0.0, 0.0, -1.0, 0.0, 0.0, 0.03821224214872654];7.9810318000018015
[30.996672291479097, 1033.669815163223, 119.33199304465899];True;False;[0.0, 7.25, 1.4500000000000002, 0.0, 0.0, 8.897127555249702, 0.5, 0.5, 10044.240865005175, 10500.0, 10500.0, 0.0, 3.0, 0.0, 0.025, 0.022023501503476216, 0.0, 0.0, 0.05, 0.5, 0.5, 0.05, 0.5, 0.5, 0.004104372903840201, 0.0, 0.0, 0.05, 0.5, 0.5, 0.05, 0.5, 0.5, 0.0, 0.0, 0.0, 0.030000000000000002, 0.255, 0.0, 0.0, 0.0];[0.3508421457378379, -1.470424357457328, -8.923184410426519, 0.5845676451153703, -0.4, -6.102872444750298, -14.0, -14.0, -1.0, 0.0, 0.0, -1.0, 0.0, 0.0, 0.03206743637523923];16.078238599999167
[29.009375683912584, 1058.1119656368, 119.27521561556668];True;False;[0.0, 7.25, 1.4500000000000002, 0.0, 0.0, 11.99418717271195, 0.5, 0.5, 10044.240480301558, 10500.0, 10500.0, 0.0, 3.0, 0.0, 0.025, 0.02095183606682912, 0.0, 0.0, 0.05, 0.5, 0.5, 0.05, 0.5, 0.5, 0.00406937900996583, 0.0, 0.0, 0.05, 0.5, 0.5, 0.05, 0.5, 0.5, 0.0, 0.0, 0.0, 0.030000000000000002, 0.255, 0.0, 0.0, 0.0];[0.2954127238731541, -1.4847029617411633, -5.9295548495029315, 0.6731066188207904, -0.4, -3.00581282728805, -14.0, -14.0, -1.0, 0.0, 0.0, -1.0, 0.0, 0.0, 0.03821752023444236];7.9003378999987035
[29.04092614496204, 1056.153941887263, 119.29817917366805];True;False;[0.0, 7.25, 1.4500000000000002, 0.0, 0.0, 12.013765004831916, 0.5, 0.5, 10044.240483400788, 10500.0, 10500.0, 0.0, 3.0, 0.0, 0.025, 0.02095183606682912, 0.0, 0.0, 0.05, 0.5, 0.5, 0.05, 0.5, 0.5, 0.0008424276519059131, 0.0, 0.0, 0.05, 0.5, 0.5, 0.05, 0.5, 0.5, 0.0, 0.0, 0.0, 0.030000000000000002, 0.255, 0.0, 0.0, 0.0];[0.29087168622192383, -1.4858727318285763, -5.90919993115345, 0.6749828618621254, -0.4, -2.9862349951680844, -14.0, -14.0, -1.0, 0.0, 0.0, -1.0, 0.0, 0.0, 0.03872767082581918];8.376954500003194
[30.995356322643087, 1033.1305797806585, 119.33976945327854];True;False;[0.0, 7.25, 1.4500000000000002, 0.0, 0.0, 8.916705387369667, 0.5, 0.5, 10044.240868104407, 10500.0, 10500.0, 0.0, 3.0, 0.0, 0.025, 0.020992554693423593, 0.0, 0.0, 0.05, 0.5, 0.5, 0.05, 0.5, 0.5, 0.004104410798837916, 0.0, 0.0, 0.05, 0.5, 0.5, 0.05, 0.5, 0.5, 0.0, 0.0, 0.0, 0.030000000000000002, 0.255, 0.0, 0.0, 0.0];[0.3489341063852285, -1.470915867885497, -8.905682621219219, 0.5856783994947403, -0.4, -6.083294612630333, -14.0, -14.0, -1.0, 0.0, 0.0, -1.0, 0.0, 0.0, 0.03227680313184411];30.263940400000138
[1e+30, 1e+30, 1e+30];False;False;[0.0, 7.25, 1.4500000000000002, 0.0, 0.0, 9.01283015808404, 0.5, 0.5, 10044.240483400788, 10500.0, 10500.0, 0.0, 3.0, 0.0, 0.025, 0.020951625442449984, 0.0, 0.0, 0.05, 0.5, 0.5, 0.05, 0.5, 0.5, 0.0008424276519059131, 0.0, 0.0, 0.05, 0.5, 0.5, 0.05, 0.5, 0.5, 0.0, 0.0, 0.0, 0.030000000000000002, 0.255, 0.0, 0.0, 0.0];[1e+30, 1e+30, 1e+30, 1e+30, 1e+30, 1e+30, 1e+30, 1e+30, 1e+30, 1e+30, 1e+30, 1e+30, 1e+30, 1e+30, 1e+30];35.96691980000469
[30.98123598731409, 1033.8023837527253, 119.33151315509375];True;False;[0.0, 7.25, 1.4500000000000002, 0.0, 0.0, 8.916705387369667, 0.5, 0.5, 10044.220915371867, 10500.0, 10500.0, 0.0, 3.0, 0.0, 0.025, 0.0220237027877742, 0.0, 0.0, 0.05, 0.5, 0.5, 0.05, 0.5, 0.5, 0.004104410798837916, 0.0, 0.0, 0.05, 0.5, 0.5, 0.05, 0.5, 0.5, 0.0, 0.0, 0.0, 0.030000000000000002, 0.255, 0.0, 0.0, 0.0];[0.35034402516212726, -1.4705526731847292, -8.905682621212911, 0.5852289234661785, -0.4, -6.083294612630333, -14.0, -14.0, -1.0, 0.0, 0.0, -1.0, 0.0, 0.0, 0.03212207863078609];21.317740099999355
[30.98123905549044, 1033.8022551905783, 119.3315145316171];True;False;[0.0, 7.25, 1.4500000000000002, 0.0, 0.0, 8.916705387369667, 0.5, 0.5, 10044.240868104407, 10500.0, 10500.0, 0.0, 3.0, 0.0, 0.025, 0.022023501503476216, 0.0, 0.0, 0.05, 0.5, 0.5, 0.05, 0.5, 0.5, 0.004104410798837916, 0.0, 0.0, 0.05, 0.5, 0.5, 0.05, 0.5, 0.5, 0.0, 0.0, 0.0, 0.030000000000000002, 0.255, 0.0, 0.0, 0.0];[0.35034375539701923, -1.47055274267615, -8.90568262121927, 0.5852289895220795, -0.4, -6.083294612630333, -14.0, -14.0, -1.0, 0.0, 0.0, -1.0, 0.0, 0.0, 0.032122108226208756];20.121490300000005
[30.98123905549044, 1033.8022551905783, 119.3315145316171];True;False;[0.0, 7.25, 1.4500000000000002, 0.0, 0.0, 8.916705387369667, 0.5, 0.5, 10044.240868104407, 10500.0, 10500.0, 0.0, 3.0, 0.0, 0.025, 0.022023501503476216, 0.0, 0.0, 0.05, 0.5, 0.5, 0.05, 0.5, 0.5, 0.004104410798837916, 0.0, 0.0, 0.05, 0.5, 0.5, 0.05, 0.5, 0.5, 0.0, 0.0, 0.0, 0.030000000000000002, 0.255, 0.0, 0.0, 0.0];[0.35034375539701923, -1.47055274267615, -8.90568262121927, 0.5852289895220795, -0.4, -6.083294612630333, -14.0, -14.0, -1.0, 0.0, 0.0, -1.0, 0.0, 0.0, 0.032122108226208756];20.62383840000257
[1e+30, 1e+30, 1e+30];False;False;[0.0, 7.25, 1.4500000000000002, 0.0, 0.0, 8.932899520827121, 0.5, 0.5, 10044.240483400788, 10500.0, 10500.0, 0.0, 3.0, 0.0, 0.025, 0.022160704004165057, 0.0, 0.0, 0.05, 0.5, 0.5, 0.05, 0.5, 0.5, 0.0008424276519059131, 0.0, 0.0, 0.05, 0.5, 0.5, 0.05, 0.5, 0.5, 0.0, 0.0, 0.0, 0.030000000000000002, 0.255, 0.0, 0.0, 0.0];[1e+30, 1e+30, 1e+30, 1e+30, 1e+30, 1e+30, 1e+30, 1e+30, 1e+30, 1e+30, 1e+30, 1e+30, 1e+30, 1e+30, 1e+30];40.10826850000012
[31.011031868211063, 1033.018707248779, 119.33962650505268];True;False;[0.0, 7.25, 1.4500000000000002, 0.0, 0.0, 8.897127555249702, 0.5, 0.5, 10044.241216792509, 10500.0, 10500.0, 0.0, 3.0, 0.0, 0.025, 0.02101669477144067, 0.0, 0.0, 0.05, 0.5, 0.5, 0.05, 0.5, 0.5, 0.004104411200492804, 0.0, 0.0, 0.05, 0.5, 0.5, 0.05, 0.5, 0.5, 0.0, 0.0, 0.0, 0.030000000000000002, 0.255, 0.0, 0.0, 0.0];[0.3494753326215463, -1.4707764481514218, -8.923184410420221, 0.5849667173201998, -0.4, -6.102872444750298, -14.0, -14.0, -1.0, 0.0, 0.0, -1.0, 0.0, 0.0, 0.03221739831976145];20.10882610000408
[29.008971793254787, 1058.074107657177, 119.27586281591434];True;False;[0.0, 7.25, 1.4500000000000002, 0.0, 0.0, 11.997570871374464, 0.5, 0.5, 10044.220915371867, 10500.0, 10500.0, 0.0, 3.0, 0.0, 0.025, 0.020814834850438262, 0.0, 0.0, 0.05, 0.5, 0.5, 0.05, 0.5, 0.5, 0.004104410798837916, 0.0, 0.0, 0.05, 0.5, 0.5, 0.05, 0.5, 0.5, 0.0, 0.0, 0.0, 0.030000000000000002, 0.255, 0.0, 0.0, 0.0];[0.29523598944181106, -1.4847484884835238, -5.926038122633061, 0.673229049277799, -0.4, -3.0024291286255362, -14.0, -14.0, -1.0, 0.0, 0.0, -1.0, 0.0, 0.0, 0.038237356915595044];8.961817299998074
[29.04295731110904, 1056.0499026303862, 119.29932963925461];True;False;[0.0, 7.25, 1.4500000000000002, 0.0, 0.0, 12.013765004831916, 0.5, 0.5, 10044.240483400788, 10500.0, 10500.0, 0.0, 3.0, 0.0, 0.025, 0.02095244841782946, 0.0, 0.0, 0.05, 0.5, 0.5, 0.05, 0.5, 0.5, 0.0006843003424253904, 0.0, 0.0, 0.05, 0.5, 0.5, 0.05, 0.5, 0.5, 0.0, 0.0, 0.0, 0.030000000000000002, 0.255, 0.0, 0.0, 0.0];[0.29066105614006243, -1.4859269900814618, -5.9091999311533865, 0.6750527785796154, -0.4, -2.9862349951680844, -14.0, -14.0, -1.0, 0.0, 0.0, -1.0, 0.0, 0.0, 0.038751356962671735];9.70440249999956
[30.995353452490058, 1033.130709850274, 119.33976792971455];True;False;[0.0, 7.25, 1.4500000000000002, 0.0, 0.0, 8.916705387369667, 0.5, 0.5, 10044.220915371867, 10500.0, 10500.0, 0.0, 3.0, 0.0, 0.025, 0.02099275597772158, 0.0, 0.0, 0.05, 0.5, 0.5, 0.05, 0.5, 0.5, 0.004104410798837916, 0.0, 0.0, 0.05, 0.5, 0.5, 0.05, 0.5, 0.5, 0.0, 0.0, 0.0, 0.030000000000000002, 0.255, 0.0, 0.0, 0.0];[0.3489343794126425, -1.4709157975537055, -8.90568262121929, 0.5856783198053122, -0.4, -6.083294612630333, -14.0, -14.0, -1.0, 0.0, 0.0, -1.0, 0.0, 0.0, 0.032276773161101224];30.168113799998537
[30.995353452490058, 1033.130709850274, 119.33976792971455];True;False;[0.0, 7.25, 1.4500000000000002, 0.0, 0.0, 8.916705387369667, 0.5, 0.5, 10044.220915371867, 10500.0, 10500.0, 0.0, 3.0, 0.0, 0.025, 0.02099275597772158, 0.0, 0.0, 0.05, 0.5, 0.5, 0.05, 0.5, 0.5, 0.004104410798837916, 0.0, 0.0, 0.05, 0.5, 0.5, 0.05, 0.5, 0.5, 0.0, 0.0, 0.0, 0.030000000000000002, 0.255, 0.0, 0.0, 0.0];[0.3489343794126425, -1.4709157975537055, -8.90568262121929, 0.5856783198053122, -0.4, -6.083294612630333, -14.0, -14.0, -1.0, 0.0, 0.0, -1.0, 0.0, 0.0, 0.032276773161101224];31.81212190000224
[30.98123905485956, 1033.8022551943673, 119.3315145320576];True;False;[0.0, 7.25, 1.4500000000000002, 0.0, 0.0, 8.916705387369667, 0.5, 0.5, 10044.222476155439, 10500.0, 10500.0, 0.0, 3.0, 0.0, 0.025, 0.022023501503476216, 0.0, 0.0, 0.05, 0.5, 0.5, 0.05, 0.5, 0.5, 0.004104410798837916, 0.0, 0.0, 0.05, 0.5, 0.5, 0.05, 0.5, 0.5, 0.0, 0.0, 0.0, 0.030000000000000002, 0.255, 0.0, 0.0, 0.0];[0.35034375540497376, -1.4705527426741074, -8.905682621219245, 0.5852289894953027, -0.4, -6.083294612630333, -14.0, -14.0, -1.0, 0.0, 0.0, -1.0, 0.0, 0.0, 0.03212210822533956];21.64167570000427
[30.995353452490058, 1033.130709850274, 119.33976792971455];True;False;[0.0, 7.25, 1.4500000000000002, 0.0, 0.0, 8.916705387369667, 0.5, 0.5, 10044.220915371867, 10500.0, 10500.0, 0.0, 3.0, 0.0, 0.025, 0.02099275597772158, 0.0, 0.0, 0.05, 0.5, 0.5, 0.05, 0.5, 0.5, 0.004104410798837916, 0.0, 0.0, 0.05, 0.5, 0.5, 0.05, 0.5, 0.5, 0.0, 0.0, 0.0, 0.030000000000000002, 0.255, 0.0, 0.0, 0.0];[0.3489343794126425, -1.4709157975537055, -8.90568262121929, 0.5856783198053122, -0.4, -6.083294612630333, -14.0, -14.0, -1.0, 0.0, 0.0, -1.0, 0.0, 0.0, 0.032276773161101224];32.11102319999918
[30.995488843136155, 1033.1245742837223, 119.33983979819243];True;False;[0.0, 7.25, 1.4500000000000002, 0.0, 0.0, 8.916705387369667, 0.5, 0.5, 10044.220915371867, 10500.0, 10500.0, 0.0, 3.0, 0.0, 0.025, 0.020983261019463347, 0.0, 0.0, 0.05, 0.5, 0.5, 0.05, 0.5, 0.5, 0.004104410798837916, 0.0, 0.0, 0.05, 0.5, 0.5, 0.05, 0.5, 0.5, 0.0, 0.0, 0.0, 0.030000000000000002, 0.255, 0.0, 0.0, 0.0];[0.34892150030474767, -1.470919115208461, -8.90568262121926, 0.5856820788526378, -0.4, -6.083294612630333, -14.0, -14.0, -1.0, 0.0, 0.0, -1.0, 0.0, 0.0, 0.03227818692908768];31.399215400000685
[30.995353452489528, 1033.1307098502557, 119.33976792971485];True;False;[0.0, 7.25, 1.4500000000000002, 0.0, 0.0, 8.916705387369667, 0.5, 0.5, 10044.239307320837, 10500.0, 10500.0, 0.0, 3.0, 0.0, 0.025, 0.02099275597772158, 0.0, 0.0, 0.05, 0.5, 0.5, 0.05, 0.5, 0.5, 0.004104410798837916, 0.0, 0.0, 0.05, 0.5, 0.5, 0.05, 0.5, 0.5, 0.0, 0.0, 0.0, 0.030000000000000002, 0.255, 0.0, 0.0, 0.0];[0.3489343794126114, -1.4709157975537224, -8.905682621219245, 0.5856783198053477, -0.4, -6.083294612630333, -14.0, -14.0, -1.0, 0.0, 0.0, -1.0, 0.0, 0.0, 0.03227677316110955];30.93669470000168
[30.98123905485956, 1033.8022551943673, 119.3315145320576];True;False;[0.0, 7.25, 1.4500000000000002, 0.0, 0.0, 8.916705387369667, 0.5, 0.5, 10044.222476155439, 10500.0, 10500.0, 0.0, 3.0, 0.0, 0.025, 0.022023501503476216, 0.0, 0.0, 0.05, 0.5, 0.5, 0.05, 0.5, 0.5, 0.004104410798837916, 0.0, 0.0, 0.05, 0.5, 0.5, 0.05, 0.5, 0.5, 0.0, 0.0, 0.0, 0.030000000000000002, 0.255, 0.0, 0.0, 0.0];[0.35034375540497376, -1.4705527426741074, -8.905682621219245, 0.5852289894953027, -0.4, -6.083294612630333, -14.0, -14.0, -1.0, 0.0, 0.0, -1.0, 0.0, 0.0, 0.03212210822533956];21.026050000000396
[30.981239056837236, 1033.8022552136629, 119.33151453007764];True;False;[0.0, 7.25, 1.4500000000000002, 0.0, 0.0, 8.916705387369667, 0.5, 0.5, 10044.222494907006, 10500.0, 10500.0, 0.0, 3.0, 0.0, 0.025, 0.022023501503476216, 0.0, 0.0, 0.05, 0.5, 0.5, 0.05, 0.5, 0.5, 0.004104410798837916, 0.0, 0.0, 0.05, 0.5, 0.5, 0.05, 0.5, 0.5, 0.0, 0.0, 0.0, 0.030000000000000002, 0.255, 0.0, 0.0, 0.0];[0.3503437554454605, -1.4705527426636742, -8.905682621219308, 0.5852289894235048, -0.4, -6.083294612630333, -14.0, -14.0, -1.0, 0.0, 0.0, -1.0, 0.0, 0.0, 0.03212210822089567];20.52683590000379
[30.995353452489795, 1033.1307098502646, 119.33976792971481];True;False;[0.0, 7.25, 1.4500000000000002, 0.0, 0.0, 8.916705387369667, 0.5, 0.5, 10044.220874470493, 10500.0, 10500.0, 0.0, 3.0, 0.0, 0.025, 0.02099275597772158, 0.0, 0.0, 0.05, 0.5, 0.5, 0.05, 0.5, 0.5, 0.004104410798837916, 0.0, 0.0, 0.05, 0.5, 0.5, 0.05, 0.5, 0.5, 0.0, 0.0, 0.0, 0.030000000000000002, 0.255, 0.0, 0.0, 0.0];[0.34893437941262295, -1.4709157975537102, -8.905682621219285, 0.5856783198053324, -0.4, -6.083294612630333, -14.0, -14.0, -1.0, 0.0, 0.0, -1.0, 0.0, 0.0, 0.03227677316110322];30.086371100005636
[30.94409001273663, 1035.463095899579, 119.31243173907697];True;False;[0.0, 7.25, 1.4500000000000002, 0.0, 0.0, 8.916705387369667, 0.5, 0.5, 10044.220915371867, 10500.0, 10500.0, 0.0, 3.0, 0.0, 0.025, 0.022035984678560244, 0.0, 0.0, 0.05, 0.5, 0.5, 0.05, 0.5, 0.5, 0.006695821893867555, 0.0, 0.0, 0.05, 0.5, 0.5, 0.05, 0.5, 0.5, 0.0, 0.0, 0.0, 0.030000000000000002, 0.255, 0.0, 0.0, 0.0];[0.3538271751839863, -1.4696554146684022, -8.905682621219194, 0.5842465533929422, -0.4, -6.083294612630333, -14.0, -14.0, -1.0, 0.0, 0.0, -1.0, 0.0, 0.0, 0.031740223042832416];21.30535090000194
[30.98123906193676, 1033.8022552488253, 119.331514526712];True;False;[0.0, 7.25, 1.4500000000000002, 0.0, 0.0, 8.916705387369667, 0.5, 0.5, 10044.22251705681, 10500.0, 10500.0, 0.0, 3.0, 0.0, 0.025, 0.022023501503476216, 0.0, 0.0, 0.05, 0.5, 0.5, 0.05, 0.5, 0.5, 0.004104410798837916, 0.0, 0.0, 0.05, 0.5, 0.5, 0.05, 0.5, 0.5, 0.0, 0.0, 0.0, 0.030000000000000002, 0.255, 0.0, 0.0, 0.0];[0.3503437555192441, -1.470552742644671, -8.90568262121928, 0.5852289890716051, -0.4, -6.083294612630333, -14.0, -14.0, -1.0, 0.0, 0.0, -1.0, 0.0, 0.0, 0.032122108212802924];20.98678089999885
[30.981282998563128, 1033.8004158631206, 119.33153420108664];True;False;[0.0, 7.25, 1.4500000000000002, 0.0, 0.0, 8.916705387369667, 0.5, 0.5, 10044.222476155439, 10500.0, 10500.0, 0.0, 3.0, 0.0, 0.025, 0.022020621077040857, 0.0, 0.0, 0.05, 0.5, 0.5, 0.05, 0.5, 0.5, 0.004104410798837916, 0.0, 0.0, 0.05, 0.5, 0.5, 0.05, 0.5, 0.5, 0.0, 0.0, 0.0, 0.030000000000000002, 0.255, 0.0, 0.0, 0.0];[0.3503398958890145, -1.4705537368843882, -8.905682621219253, 0.5852299322179051, -0.4, -6.083294612630333, -14.0, -14.0, -1.0, 0.0, 0.0, -1.0, 0.0, 0.0, 0.03212253164592682];20.886166399999638
[30.995388183879253, 1033.129135899923, 119.33978636605787];True;False;[0.0, 7.25, 1.4500000000000002, 0.0, 0.0, 8.916705387369667, 0.5, 0.5, 10044.222476155439, 10500.0, 10500.0, 0.0, 3.0, 0.0, 0.025, 0.020990320263150404, 0.0, 0.0, 0.05, 0.5, 0.5, 0.05, 0.5, 0.5, 0.004104410798837916, 0.0, 0.0, 0.05, 0.5, 0.5, 0.05, 0.5, 0.5, 0.0, 0.0, 0.0, 0.030000000000000002, 0.255, 0.0, 0.0, 0.0];[0.34893107555289493, -1.4709166486270966, -8.90568262121925, 0.5856792841104221, -0.4, -6.083294612630333, -14.0, -14.0, -1.0, 0.0, 0.0, -1.0, 0.0, 0.0, 0.032277135832333714];30.996848099995987
[30.98134680440388, 1033.7977479791857, 119.33156269462853];True;False;[0.0, 7.25, 1.4500000000000002, 0.0, 0.0, 8.916705387369667, 0.5, 0.5, 10044.220915371867, 10500.0, 10500.0, 0.0, 3.0, 0.0, 0.025, 0.02201644225978916, 0.0, 0.0, 0.05, 0.5, 0.5, 0.05, 0.5, 0.5, 0.004104410798837916, 0.0, 0.0, 0.05, 0.5, 0.5, 0.05, 0.5, 0.5, 0.0, 0.0, 0.0, 0.030000000000000002, 0.255, 0.0, 0.0, 0.0];[0.35033429779286074, -1.4705551789524574, -8.905682621219253, 0.5852312959968684, -0.4, -6.083294612630333, -14.0, -14.0, -1.0, 0.0, 0.0, -1.0, 0.0, 0.0, 0.0321231458042297];19.441618999997445
[1e+30, 1e+30, 1e+30];False;False;[0.0, 7.25, 1.4500000000000002, 0.0, 0.0, 8.916705387369667, 0.5, 0.5, 10044.220915371867, 10500.0, 10500.0, 0.0, 3.0, 0.0, 0.025, 0.02099275597772158, 0.0, 0.0, 0.05, 0.5, 0.5, 0.05, 0.5, 0.5, 0.006673939538938583, 0.0, 0.0, 0.05, 0.5, 0.5, 0.05, 0.5, 0.5, 0.0, 0.0, 0.0, 0.030000000000000002, 0.255, 0.0, 0.0, 0.0];[1e+30, 1e+30, 1e+30, 1e+30, 1e+30, 1e+30, 1e+30, 1e+30, 1e+30, 1e+30, 1e+30, 1e+30, 1e+30, 1e+30, 1e+30];36.294522099997266
[30.94409001273663, 1035.463095899579, 119.31243173907697];True;False;[0.0, 7.25, 1.4500000000000002, 0.0, 0.0, 8.916705387369667, 0.5, 0.5, 10044.220915371867, 10500.0, 10500.0, 0.0, 3.0, 0.0, 0.025, 0.022035984678560244, 0.0, 0.0, 0.05, 0.5, 0.5, 0.05, 0.5, 0.5, 0.006695821893867555, 0.0, 0.0, 0.05, 0.5, 0.5, 0.05, 0.5, 0.5, 0.0, 0.0, 0.0, 0.030000000000000002, 0.255, 0.0, 0.0, 0.0];[0.3538271751839863, -1.4696554146684022, -8.905682621219194, 0.5842465533929422, -0.4, -6.083294612630333, -14.0, -14.0, -1.0, 0.0, 0.0, -1.0, 0.0, 0.0, 0.031740223042832416];20.88642389999586
[30.995353452490058, 1033.130709850274, 119.33976792971455];True;False;[0.0, 7.25, 1.4500000000000002, 0.0, 0.0, 8.916705387369667, 0.5, 0.5, 10044.220915371867, 10500.0, 10500.0, 0.0, 3.0, 0.0, 0.025, 0.02099275597772158, 0.0, 0.0, 0.05, 0.5, 0.5, 0.05, 0.5, 0.5, 0.004104410798837916, 0.0, 0.0, 0.05, 0.5, 0.5, 0.05, 0.5, 0.5, 0.0, 0.0, 0.0, 0.030000000000000002, 0.255, 0.0, 0.0, 0.0];[0.3489343794126425, -1.4709157975537055, -8.90568262121929, 0.5856783198053122, -0.4, -6.083294612630333, -14.0, -14.0, -1.0, 0.0, 0.0, -1.0, 0.0, 0.0, 0.032276773161101224];33.00270610000007
[30.99548870759946, 1033.1245804258529, 119.33983972624696];True;False;[0.0, 7.25, 1.4500000000000002, 0.0, 0.0, 8.916705387369667, 0.5, 0.5, 10044.220915371867, 10500.0, 10500.0, 0.0, 3.0, 0.0, 0.025, 0.020983270524672172, 0.0, 0.0, 0.05, 0.5, 0.5, 0.05, 0.5, 0.5, 0.004104410798837916, 0.0, 0.0, 0.05, 0.5, 0.5, 0.05, 0.5, 0.5, 0.0, 0.0, 0.0, 0.030000000000000002, 0.255, 0.0, 0.0, 0.0];[0.34892151319766107, -1.470919111887258, -8.905682621219238, 0.5856820750895699, -0.4, -6.083294612630333, -14.0, -14.0, -1.0, 0.0, 0.0, -1.0, 0.0, 0.0, 0.0322781855138049];33.41214060000493
[30.995353452490058, 1033.130709850274, 119.33976792971455];True;False;[0.0, 7.25, 1.4500000000000002, 0.0, 0.0, 8.916705387369667, 0.5, 0.5, 10044.220915371867, 10500.0, 10500.0, 0.0, 3.0, 0.0, 0.025, 0.02099275597772158, 0.0, 0.0, 0.05, 0.5, 0.5, 0.05, 0.5, 0.5, 0.004104410798837916, 0.0, 0.0, 0.05, 0.5, 0.5, 0.05, 0.5, 0.5, 0.0, 0.0, 0.0, 0.030000000000000002, 0.255, 0.0, 0.0, 0.0];[0.3489343794126425, -1.4709157975537055, -8.90568262121929, 0.5856783198053122, -0.4, -6.083294612630333, -14.0, -14.0, -1.0, 0.0, 0.0, -1.0, 0.0, 0.0, 0.032276773161101224];32.89691689999745
[30.98123905485956, 1033.8022551943673, 119.3315145320576];True;False;[0.0, 7.25, 1.4500000000000002, 0.0, 0.0, 8.916705387369667, 0.5, 0.5, 10044.222476155439, 10500.0, 10500.0, 0.0, 3.0, 0.0, 0.025, 0.022023501503476216, 0.0, 0.0, 0.05, 0.5, 0.5, 0.05, 0.5, 0.5, 0.004104410798837916, 0.0, 0.0, 0.05, 0.5, 0.5, 0.05, 0.5, 0.5, 0.0, 0.0, 0.0, 0.030000000000000002, 0.255, 0.0, 0.0, 0.0];[0.35034375540497376, -1.4705527426741074, -8.905682621219245, 0.5852289894953027, -0.4, -6.083294612630333, -14.0, -14.0, -1.0, 0.0, 0.0, -1.0, 0.0, 0.0, 0.03212210822533956];20.869525299996894
[30.995488843136155, 1033.1245742837223, 119.33983979819243];True;False;[0.0, 7.25, 1.4500000000000002, 0.0, 0.0, 8.916705387369667, 0.5, 0.5, 10044.220915371867, 10500.0, 10500.0, 0.0, 3.0, 0.0, 0.025, 0.020983261019463347, 0.0, 0.0, 0.05, 0.5, 0.5, 0.05, 0.5, 0.5, 0.004104410798837916, 0.0, 0.0, 0.05, 0.5, 0.5, 0.05, 0.5, 0.5, 0.0, 0.0, 0.0, 0.030000000000000002, 0.255, 0.0, 0.0, 0.0];[0.34892150030474767, -1.470919115208461, -8.90568262121926, 0.5856820788526378, -0.4, -6.083294612630333, -14.0, -14.0, -1.0, 0.0, 0.0, -1.0, 0.0, 0.0, 0.03227818692908768];32.31596050000371
[30.981483696104824, 1033.7918008935326, 119.33162912451661];True;False;[0.0, 7.25, 1.4500000000000002, 0.0, 0.0, 8.916705387369667, 0.5, 0.5, 10044.222465444987, 10500.0, 10500.0, 0.0, 3.0, 0.0, 0.025, 0.022023501503476216, 0.0, 0.0, 0.05, 0.5, 0.5, 0.05, 0.5, 0.5, 0.004087856193311054, 0.0, 0.0, 0.05, 0.5, 0.5, 0.05, 0.5, 0.5, 0.0, 0.0, 0.0, 0.030000000000000002, 0.255, 0.0, 0.0, 0.0];[0.35032181882614744, -1.4705583935309532, -8.905682621205031, 0.5852346230506094, -0.4, -6.083294612630333, -14.0, -14.0, -1.0, 0.0, 0.0, -1.0, 0.0, 0.0, 0.032124514857103215];19.936258000001544
[30.98918674987649, 1033.4102639601863, 119.33649367416785];True;False;[0.0, 7.25, 1.4500000000000002, 0.0, 0.0, 8.916705387369667, 0.5, 0.5, 10044.222476155439, 10500.0, 10500.0, 0.0, 3.0, 0.0, 0.025, 0.022023501503476216, 0.0, 0.0, 0.05, 0.5, 0.5, 0.05, 0.5, 0.5, 0.003497232263767542, 0.0, 0.0, 0.05, 0.5, 0.5, 0.05, 0.5, 0.5, 0.0, 0.0, 0.0, 0.030000000000000002, 0.255, 0.0, 0.0, 0.0];[0.3495211433809162, -1.4707646473120286, -8.905682621219299, 0.5855070557850328, -0.4, -6.083294612630333, -14.0, -14.0, -1.0, 0.0, 0.0, -1.0, 0.0, 0.0, 0.03221237075467809];26.34697540000343
[30.94409001338115, 1035.4630959057295, 119.31243173858576];True;False;[0.0, 7.25, 1.4500000000000002, 0.0, 0.0, 8.916705387369667, 0.5, 0.5, 10044.220913602532, 10500.0, 10500.0, 0.0, 3.0, 0.0, 0.025, 0.022035984678560244, 0.0, 0.0, 0.05, 0.5, 0.5, 0.05, 0.5, 0.5, 0.006695821893867555, 0.0, 0.0, 0.05, 0.5, 0.5, 0.05, 0.5, 0.5, 0.0, 0.0, 0.0, 0.030000000000000002, 0.255, 0.0, 0.0, 0.0];[0.3538271751968791, -1.4696554146650802, -8.905682621219263, 0.5842465533479115, -0.4, -6.083294612630333, -14.0, -14.0, -1.0, 0.0, 0.0, -1.0, 0.0, 0.0, 0.031740223041419546];20.109705199996824
[30.943853375560533, 1035.4736752207386, 119.31231048023301];True;False;[0.0, 7.25, 1.4500000000000002, 0.0, 0.0, 8.916705387369667, 0.5, 0.5, 10044.220926082317, 10500.0, 10500.0, 0.0, 3.0, 0.0, 0.025, 0.022035984678560244, 0.0, 0.0, 0.05, 0.5, 0.5, 0.05, 0.5, 0.5, 0.0067123764993944224, 0.0, 0.0, 0.05, 0.5, 0.5, 0.05, 0.5, 0.5, 0.0, 0.0, 0.0, 0.030000000000000002, 0.255, 0.0, 0.0, 0.0];[0.35384935406474494, -1.4696497013946346, -8.905682621219256, 0.5842403209406735, -0.4, -6.083294612630333, -14.0, -14.0, -1.0, 0.0, 0.0, -1.0, 0.0, 0.0, 0.03173779334175497];20.818976200003817
[30.980373117948353, 1033.8387220677162, 119.33112176844075];True;False;[0.0, 7.25, 1.4500000000000002, 0.0, 0.0, 8.916705387369667, 0.5, 0.5, 10044.220959992266, 10500.0, 10500.0, 0.0, 3.0, 0.0, 0.025, 0.022080542452135175, 0.0, 0.0, 0.05, 0.5, 0.5, 0.05, 0.5, 0.5, 0.004104410798837916, 0.0, 0.0, 0.05, 0.5, 0.5, 0.05, 0.5, 0.5, 0.0, 0.0, 0.0, 0.030000000000000002, 0.255, 0.0, 0.0, 0.0];[0.35042027398894326, -1.4705330315072924, -8.90568262121926, 0.5852100217850136, -0.4, -6.083294612630333, -14.0, -14.0, -1.0, 0.0, 0.0, -1.0, 0.0, 0.0, 0.0321137136475671];19.844790499999363
[30.99530876419599, 1033.1327352594492, 119.33974420233403];True;False;[0.0, 7.25, 1.4500000000000002, 0.0, 0.0, 8.916705387369667, 0.5, 0.5, 10044.220915371867, 10500.0, 10500.0, 0.0, 3.0, 0.0, 0.025, 0.02099589019129797, 0.0, 0.0, 0.05, 0.5, 0.5, 0.05, 0.5, 0.5, 0.004104410798837916, 0.0, 0.0, 0.05, 0.5, 0.5, 0.05, 0.5, 0.5, 0.0, 0.0, 0.0, 0.030000000000000002, 0.255, 0.0, 0.0, 0.0];[0.34893863091989985, -1.4709147023665687, -8.90568262121933, 0.5856770787256143, -0.4, -6.083294612630333, -14.0, -14.0, -1.0, 0.0, 0.0, -1.0, 0.0, 0.0, 0.032276306465450766];31.402333400001226
[30.995353452490058, 1033.130709850274, 119.33976792971455];True;False;[0.0, 7.25, 1.4500000000000002, 0.0, 0.0, 8.916705387369667, 0.5, 0.5, 10044.220915371867, 10500.0, 10500.0, 0.0, 3.0, 0.0, 0.025, 0.02099275597772158, 0.0, 0.0, 0.05, 0.5, 0.5, 0.05, 0.5, 0.5, 0.004104410798837916, 0.0, 0.0, 0.05, 0.5, 0.5, 0.05, 0.5, 0.5, 0.0, 0.0, 0.0, 0.030000000000000002, 0.255, 0.0, 0.0, 0.0];[0.3489343794126425, -1.4709157975537055, -8.90568262121929, 0.5856783198053122, -0.4, -6.083294612630333, -14.0, -14.0, -1.0, 0.0, 0.0, -1.0, 0.0, 0.0, 0.032276773161101224];32.026390099999844
[30.9812856399603, 1033.8002627190542, 119.33153639365254];True;False;[0.0, 7.25, 1.4500000000000002, 0.0, 0.0, 8.916705387369667, 0.5, 0.5, 10044.222476155439, 10500.0, 10500.0, 0.0, 3.0, 0.0, 0.025, 0.022023501503476216, 0.0, 0.0, 0.05, 0.5, 0.5, 0.05, 0.5, 0.5, 0.004101256205503076, 0.0, 0.0, 0.05, 0.5, 0.5, 0.05, 0.5, 0.5, 0.0, 0.0, 0.0, 0.030000000000000002, 0.255, 0.0, 0.0, 0.0];[0.3503395745427138, -1.470553819663106, -8.905682621219231, 0.5852300653157871, -0.4, -6.083294612630333, -14.0, -14.0, -1.0, 0.0, 0.0, -1.0, 0.0, 0.0, 0.03212256690028281];19.77257799999643
[30.98918674987649, 1033.4102639601863, 119.33649367416785];True;False;[0.0, 7.25, 1.4500000000000002, 0.0, 0.0, 8.916705387369667, 0.5, 0.5, 10044.222476155439, 10500.0, 10500.0, 0.0, 3.0, 0.0, 0.025, 0.022023501503476216, 0.0, 0.0, 0.05, 0.5, 0.5, 0.05, 0.5, 0.5, 0.003497232263767542, 0.0, 0.0, 0.05, 0.5, 0.5, 0.05, 0.5, 0.5, 0.0, 0.0, 0.0, 0.030000000000000002, 0.255, 0.0, 0.0, 0.0];[0.3495211433809162, -1.4707646473120286, -8.905682621219299, 0.5855070557850328, -0.4, -6.083294612630333, -14.0, -14.0, -1.0, 0.0, 0.0, -1.0, 0.0, 0.0, 0.03221237075467809];27.257920099997136
[30.94409001273663, 1035.463095899579, 119.31243173907697];True;False;[0.0, 7.25, 1.4500000000000002, 0.0, 0.0, 8.916705387369667, 0.5, 0.5, 10044.220915371867, 10500.0, 10500.0, 0.0, 3.0, 0.0, 0.025, 0.022035984678560244, 0.0, 0.0, 0.05, 0.5, 0.5, 0.05, 0.5, 0.5, 0.006695821893867555, 0.0, 0.0, 0.05, 0.5, 0.5, 0.05, 0.5, 0.5, 0.0, 0.0, 0.0, 0.030000000000000002, 0.255, 0.0, 0.0, 0.0];[0.3538271751839863, -1.4696554146684022, -8.905682621219194, 0.5842465533929422, -0.4, -6.083294612630333, -14.0, -14.0, -1.0, 0.0, 0.0, -1.0, 0.0, 0.0, 0.031740223042832416];21.084295900000143
[30.989267998128586, 1033.4065795397116, 119.3365368241451];True;False;[0.0, 7.25, 1.4500000000000002, 0.0, 0.0, 8.916705387369667, 0.5, 0.5, 10044.22092217715, 10500.0, 10500.0, 0.0, 3.0, 0.0, 0.025, 0.022023501503476216, 0.0, 0.0, 0.05, 0.5, 0.5, 0.05, 0.5, 0.5, 0.0034914506144701285, 0.0, 0.0, 0.05, 0.5, 0.5, 0.05, 0.5, 0.5, 0.0, 0.0, 0.0, 0.030000000000000002, 0.255, 0.0, 0.0, 0.0];[0.34951341062426255, -1.4707666392680776, -8.90568262121922, 0.5855093128702713, -0.4, -6.083294612630333, -14.0, -14.0, -1.0, 0.0, 0.0, -1.0, 0.0, 0.0, 0.0322132193900766];28.0278158000001
[30.94451580889025, 1035.4440985185643, 119.31264902899883];True;False;[0.0, 7.25, 1.4500000000000002, 0.0, 0.0, 8.916705387369667, 0.5, 0.5, 10044.220926082317, 10500.0, 10500.0, 0.0, 3.0, 0.0, 0.025, 0.022035984678560244, 0.0, 0.0, 0.05, 0.5, 0.5, 0.05, 0.5, 0.5, 0.006666083103855334, 0.0, 0.0, 0.05, 0.5, 0.5, 0.05, 0.5, 0.5, 0.0, 0.0, 0.0, 0.030000000000000002, 0.255, 0.0, 0.0, 0.0];[0.35378734805283685, -1.4696656741267555, -8.905682621219253, 0.5842576998603235, -0.4, -6.083294612630333, -14.0, -14.0, -1.0, 0.0, 0.0, -1.0, 0.0, 0.0, 0.0317445861692055];21.538523299997905
[30.943853374166576, 1035.473675208848, 119.31231048129122];True;False;[0.0, 7.25, 1.4500000000000002, 0.0, 0.0, 8.916705387369667, 0.5, 0.5, 10044.222425524176, 10500.0, 10500.0, 0.0, 3.0, 0.0, 0.025, 0.022035984678560244, 0.0, 0.0, 0.05, 0.5, 0.5, 0.05, 0.5, 0.5, 0.0067123764993944224, 0.0, 0.0, 0.05, 0.5, 0.5, 0.05, 0.5, 0.5, 0.0, 0.0, 0.0, 0.030000000000000002, 0.255, 0.0, 0.0, 0.0];[0.35384935403982, -1.46964970140106, -8.905682621219192, 0.584240321038112, -0.4, -6.083294612630333, -14.0, -14.0, -1.0, 0.0, 0.0, -1.0, 0.0, 0.0, 0.03173779334448812];21.00816119999945
[30.982009249322815, 1033.769216846816, 119.33187830640567];True;False;[0.0, 7.25, 1.4500000000000002, 0.0, 0.0, 8.916705387369667, 0.5, 0.5, 10044.220959992266, 10500.0, 10500.0, 0.0, 3.0, 0.0, 0.025, 0.022037087216090993, 0.0, 0.0, 0.05, 0.5, 0.5, 0.05, 0.5, 0.5, 0.004038337948150773, 0.0, 0.0, 0.05, 0.5, 0.5, 0.05, 0.5, 0.5, 0.0, 0.0, 0.0, 0.030000000000000002, 0.255, 0.0, 0.0, 0.0];[0.3502744296077811, -1.470570600980961, -8.905682621219292, 0.5852469529318147, -0.4, -6.083294612630333, -14.0, -14.0, -1.0, 0.0, 0.0, -1.0, 0.0, 0.0, 0.032129713937113724];20.664129999997385
[30.994837691252428, 1033.1540839395225, 119.33949413605994];True;False;[0.0, 7.25, 1.4500000000000002, 0.0, 0.0, 8.916705387369667, 0.5, 0.5, 10044.220915371867, 10500.0, 10500.0, 0.0, 3.0, 0.0, 0.025, 0.020983261019463347, 0.0, 0.0, 0.05, 0.5, 0.5, 0.05, 0.5, 0.5, 0.004150704194377009, 0.0, 0.0, 0.05, 0.5, 0.5, 0.05, 0.5, 0.5, 0.0, 0.0, 0.0, 0.030000000000000002, 0.255, 0.0, 0.0, 0.0];[0.34898344334376485, -1.4709031586981405, -8.905682621219267, 0.5856639991270478, -0.4, -6.083294612630333, -14.0, -14.0, -1.0, 0.0, 0.0, -1.0, 0.0, 0.0, 0.032271387374320115];33.00673979999556
