objectives;is_valid;is_feasible;variables;constraints;evaluation_time
[19.8239421471813, 3132.1589109266333, 110.87585093548876];True;False;[1.0, 3.7831050135924675, 1.3265411247088683, 0.0, 1.0, 8.14375936289085, 0.4289017903050355, 0.5, 10995.186127500716, 11440.629091191642, 10500.0, 0.0, 3.0, 1.0, 0.007651657941826973, 0.03487724220873674, 0.9369900323040165, 0.0, 0.07743617957637555, 0.16082331416975282, 0.0, 0.05, 0.5, 0.5, 0.0034957487652080956, 0.151640572085448, 0.0, 0.008393022263301764, 0.7672387320247948, 0.0, 0.05, 0.5, 0.5, 0.0, 1.0, 0.0, 0.04911142357777072, 0.2513798481000981, 85.0, 1.0, 1.0];[0.934325392307815, -0.11089289279012293, 181.0255926123427, 0.0, -0.4710982096949645, -12.140905060302956, -12.852784481773972, -14.0, -0.06300996769598355, -0.8391766858302472, 0.0, -0.848359427914552, -0.23276126797520524, 0.0, -0.2078858487980122];19.796344399997906
[36.075353507555874, 1024.8126061871717, 119.17181328536512];True;False;[0.0, 7.25, 1.4500000000000002, 0.0, 0.0, 5.13411116974647, 0.5, 0.5, 4885.853652090023, 10500.0, 10500.0, 0.0, 3.0, 0.0, 0.025, 0.012012462120930345, 0.0, 0.0, 0.05, 0.5, 0.5, 0.05, 0.5, 0.5, 0.0025303801740869216, 0.0, 0.0, 0.05, 0.5, 0.5, 0.05, 0.5, 0.5, 0.0, 0.0, 0.0, 0.030000000000000002, 0.255, 0.0, 0.0, 0.0];[0.5264139004576869, -1.4251971202838434, -11.94384501464484, 0.38730440339887373, -0.4, -9.86588883025353, -14.0, -14.0, -1.0, 0.0, 0.0, -1.0, 0.0, 0.0, 0.01348241427325958];5.560838000004878
[1e+30, 1e+30, 1e+30];False;False;[1.0, 11.443480732204032, 1.6513849202315454, 1.0, 0.0, 42.994333108212295, 0.5, 0.5, 7243.75602820295, 10500.0, 10500.0, 0.0, 3.0, 0.0, 0.025, 0.05267995908099528, 0.0, 0.0, 0.05, 0.5, 0.5, 0.05, 0.5, 0.5, 0.02452672386422147, 0.0, 0.0, 0.05, 0.5, 0.5, 0.05, 0.5, 0.5, 1.0, 1.0, 0.0, 0.04548126225434872, 0.37585342891999285, 211.0, 0.0, 0.0];[1e+30, 1e+30, 1e+30, 1e+30, 1e+30, 1e+30, 1e+30, 1e+30, 1e+30, 1e+30, 1e+30, 1e+30, 1e+30, 1e+30, 1e+30];8.901839899997867
[25.55325951930648, 1384.8548924754277, 117.00616644059129];True;False;[0.0, 7.25, 1.4500000000000002, 0.0, 1.0, 11.195007539901747, 0.5140124364672052, 0.5, 3572.5723489306547, 1128.04233900634, 10500.0, 0.0, 3.0, 0.0, 0.025, 0.06436363337246691, 0.3364233306418175, 0.0, 0.0798088294330552, 0.9232721183204097, 0.0, 0.05, 0.5, 0.5, 0.06845940544468387, 0.8804064600968653, 0.0, 0.09582774590569831, 0.8075605779975538, 0.0, 0.05, 0.5, 0.5, 0.0, 0.0, 0.0, 0.030000000000000002, 0.255, 0.0, 1.0, 1.0];[1.2356394994851563, -1.3455335983618875, -6.259134820826965, 0.5360714873574459, -0.38598756353279484, -11.746596274258387, -11.558986070088844, -14.0, -0.6635766693581825, -0.07672788167959033, 0.0, -0.1195935399031347, -0.19243942200244624, 0.0, -0.005012011394212479];30.967426800001704
[25.254729314305695, 1210.507485210494, 118.17333768105456];True;False;[0.0, 7.25, 1.4500000000000002, 0.0, 0.0, 19.102808809179933, 0.5, 0.5, 10268.997658355232, 10500.0, 10500.0, 0.0, 3.0, 0.0, 0.025, 0.08533394321366167, 0.0, 0.0, 0.05, 0.5, 0.5, 0.05, 0.5, 0.5, 0.04208166566822107, 0.0, 0.0, 0.05, 0.5, 0.5, 0.05, 0.5, 0.5, 0.0, 0.0, 0.0, 0.030000000000000002, 0.255, 0.0, 0.0, 0.0];[0.4166940569039914, -1.4534609227101392, 2.6294505416261984, 0.7202772505576915, -0.4, 4.102808809179933, -14.0, -14.0, -1.0, 0.0, 0.0, -1.0, 0.0, 0.0, 0.024941172843465975];5.191334900002403
[12.715634450165776, 2336.287030262598, 108.6626474429668];True;True;[1.0, 4.541725848904976, 1.797354568325249, 0.0, 0.0, 15.349635427981584, 0.5, 0.5, 2232.2915555652753, 10500.0, 10500.0, 0.0, 3.0, 0.0, 0.025, 0.0974719637385216, 0.0, 0.0, 0.05, 0.5, 0.5, 0.05, 0.5, 0.5, 0.04593724542935629, 0.0, 0.0, 0.05, 0.5, 0.5, 0.05, 0.5, 0.5, 0.0, 1.0, 0.0, 0.025847817157072017, 0.07708019691786555, 58.0, 0.0, 0.0];[-0.3802821851987268, -0.3306663356566393, -2.1546038398140706, -0.07700043917313593, -0.4, -6.459873472664791, -14.0, -14.0, -1.0, 0.0, 0.0, -1.0, 0.0, 0.0, -0.4041058260984153];5.443974399997387
[19.731908557929806, 2265.4001503265727, 114.7182203268861];True;False;[0.0, 7.25, 1.4500000000000002, 0.0, 2.0, 51.83337738346298, 0.1745678525281124, 0.46296939076251153, 18440.64571164703, 17255.132822363375, 17332.419960792664, 0.0, 3.0, 0.0, 0.025, 0.09075178082247777, 0.3333333333333333, 0.3333333333333333, 0.04014676765996886, 0.3333333333333333, 0.3333333333333333, 0.041961798295030245, 0.3333333333333333, 0.3333333333333333, 0.029581157892350763, 0.3333333333333333, 0.3333333333333333, 0.041574725793768974, 0.5332763827094744, 0.34574976476018204, 0.049390820342353495, 0.08191228174851317, 0.7734943585243572, 0.0, 0.0, 0.0, 0.030000000000000002, 0.255, 0.0, 2.0, 0.0];[2.182190897497657, -1.2278295886755215, 95.81158944048045, 0.5649110947288636, -0.7254321474718877, -10.615972739237002, -12.888582453866487, -9.400333848288074, -0.33333333333333337, -0.33333333333333337, -0.33333333333333337, -0.33333333333333337, -0.12097385253034354, -0.1445933597271296, -0.03264131883610655];51.80053190000035
[20.413749877934798, 1852.1193770338673, 115.35577552989719];True;False;[0.0, 7.25, 1.4500000000000002, 0.0, 1.0, 38.62872079068908, 0.8346592142226512, 0.5, 16193.980616475716, 2172.1052874095058, 10500.0, 0.0, 3.0, 0.0, 0.025, 0.09027975222290557, 0.08499357274334518, 0.0, 0.07262989343193375, 0.8761971485020196, 0.0, 0.05, 0.5, 0.5, 0.0969948622616238, 0.3275677922867902, 0.0, 0.06720164502560926, 0.8615820699785882, 0.0, 0.05, 0.5, 0.5, 0.0, 0.0, 0.0, 0.030000000000000002, 0.255, 0.0, 1.0, 1.0];[1.4315301868695283, -1.29859111387907, 44.69854195334725, 0.6102790198669203, -0.06534078577734881, -12.233755484908437, -1.0356810180930491, -14.0, -0.9150064272566548, -0.12380285149798043, 0.0, -0.6724322077132098, -0.13841793002141178, 0.0, -0.02135914852075743];28.676006800000323
[34.07190867397756, 1140.3394153277457, 122.47725368050266];True;False;[0.0, 7.25, 1.4500000000000002, 0.0, 1.0, 58.63753106724377, 0.843848917031775, 0.5, 7230.815827150478, 16513.876152020617, 10500.0, 0.0, 3.0, 1.0, 0.039368056111939054, 0.061741891314163466, 0.5928726298090726, 0.0, 0.0483365951526532, 0.2795773228051295, 0.0, 0.05, 0.5, 0.5, 0.034739865066936784, 0.28167422915226636, 0.0, 0.01674966151102304, 0.45336456043286844, 0.0, 0.05, 0.5, 0.5, 0.0, 0.0, 0.0, 0.030000000000000002, 0.255, 0.0, 1.0, 1.0];[0.46481004358896794, -1.6113302899406337, 154.40374267442996, 1.0294355302801095, -0.05615108296822502, -11.705966666549624, 2.8011346976331843, -14.0, -0.4071273701909274, -0.7204226771948705, 0.0, -0.7183257708477336, -0.5466354395671316, 0.0, 0.12902304372602513];20.48687300000165
[16.660170090099445, 2699.588750401964, 107.64116375121431];True;False;[1.0, 2.54446445088741, 1.418827314784449, 0.0, 0.0, 24.374266872911225, 0.5, 0.5, 6317.295124378729, 10500.0, 10500.0, 1.0, 3.318333979869463, 0.0, 0.025, 0.05215109245201878, 0.0, 0.0, 0.05, 0.5, 0.5, 0.05, 0.5, 0.5, 0.013036122337427581, 0.0, 0.0, 0.05, 0.5, 0.5, 0.05, 0.5, 0.5, 0.0, 0.0, 0.0, 0.030000000000000002, 0.255, 0.0, 0.0, 0.0];[-0.30325053058189955, -0.5023470119812408, 10.84810814527804, 0.0, -0.4, 2.1791638199566314, -14.0, -14.0, -1.0, 0.0, 0.0, -1.0, 0.0, 0.0, -0.15483402375169242];6.670409799997287
[30.02111898498129, 1693.5151432625205, 118.85832422974075];True;False;[0.0, 7.25, 1.4500000000000002, 0.0, 1.0, 52.444533542324315, 0.33839169024918425, 0.5, 11093.690639645727, 1466.0033905159844, 10500.0, 0.0, 3.0, 1.0, 0.0185310495159815, 0.07490861270517489, 0.93067588225906, 0.0, 0.02927645009723272, 0.05095394991813618, 0.0, 0.05, 0.5, 0.5, 0.0209485018793526, 0.35577157450068997, 0.0, 0.013504109109124541, 0.3527960144212381, 0.0, 0.05, 0.5, 0.5, 0.0, 0.0, 0.0, 0.030000000000000002, 0.255, 0.0, 0.0, 0.0];[1.4663800196563352, -1.3876741409194535, 30.449234774552664, 0.5662604824133122, -0.5616083097508158, -4.873934219584962, -9.820838153771625, -14.0, -0.06932411774094005, -0.9490460500818638, 0.0, -0.64422842549931, -0.6472039855787619, 0.0, 0.023429603017433798];46.82570459999988
[1e+30, 1e+30, 1e+30];False;False;[0.0, 7.25, 1.4500000000000002, 0.0, 0.0, 9.019337740508368, 0.5, 0.5, 1000.9279239716108, 10500.0, 10500.0, 0.0, 3.0, 0.0, 0.025, 0.03805158557536871, 0.0, 0.0, 0.05, 0.5, 0.5, 0.05, 0.5, 0.5, 0.09197934758912986, 0.0, 0.0, 0.05, 0.5, 0.5, 0.05, 0.5, 0.5, 0.0, 0.0, 0.0, 0.030000000000000002, 0.255, 0.0, 0.0, 0.0];[1e+30, 1e+30, 1e+30, 1e+30, 1e+30, 1e+30, 1e+30, 1e+30, 1e+30, 1e+30, 1e+30, 1e+30, 1e+30, 1e+30, 1e+30];26.765167500001553
[19.767683987823442, 2573.374187885118, 113.29839531476962];True;False;[0.0, 7.25, 1.4500000000000002, 0.0, 1.0, 49.704425244744996, 0.3448956703185675, 0.5, 2830.117405536017, 18866.279857127516, 10500.0, 0.0, 3.0, 1.0, 0.0016918042707299908, 0.03270475331072522, 0.19957500087004487, 0.0, 0.09266610213063507, 0.9858456737805253, 0.0, 0.05, 0.5, 0.5, 0.05978374915996154, 0.4942770328374727, 0.0, 0.024821023761224238, 0.45413027092954283, 0.0, 0.05, 0.5, 0.5, 0.0, 0.0, 0.0, 0.030000000000000002, 0.255, 0.0, 0.0, 0.0];[2.70816223497654, -1.110377262181127, 38.201378963898904, 0.35877673686286515, -0.5551043296814325, -5.283521550654161, -9.884522669003466, -14.0, -0.8004249991299551, -0.014154326219474656, 0.0, -0.5057229671625273, -0.5458697290704572, 0.0, -0.06674394619115603];53.17646850000165
[1e+30, 1e+30, 1e+30];False;False;[1.0, 4.217878323661411, 1.5728509531245192, 1.0, 0.0, 40.7186014626899, 0.5, 0.5, 2508.615823165211, 10500.0, 10500.0, 1.0, 2.8684063187500315, 0.0, 0.025, 0.06748592994492734, 0.0, 0.0, 0.05, 0.5, 0.5, 0.05, 0.5, 0.5, 0.0872192299691279, 0.0, 0.0, 0.05, 0.5, 0.5, 0.05, 0.5, 0.5, 1.0, 0.0, 0.0, 0.030000000000000002, 0.255, 0.0, 0.0, 0.0];[1e+30, 1e+30, 1e+30, 1e+30, 1e+30, 1e+30, 1e+30, 1e+30, 1e+30, 1e+30, 1e+30, 1e+30, 1e+30, 1e+30, 1e+30];44.19307560000016
[1e+30, 1e+30, 1e+30];False;False;[0.0, 7.25, 1.4500000000000002, 0.0, 0.0, 5.667355695546675, 0.5, 0.5, 16478.194340484682, 10500.0, 10500.0, 0.0, 3.0, 0.0, 0.025, 0.0836749630041281, 0.0, 0.0, 0.05, 0.5, 0.5, 0.05, 0.5, 0.5, 0.025446689626922227, 0.0, 0.0, 0.05, 0.5, 0.5, 0.05, 0.5, 0.5, 0.0, 0.0, 0.0, 0.030000000000000002, 0.255, 0.0, 0.0, 0.0];[1e+30, 1e+30, 1e+30, 1e+30, 1e+30, 1e+30, 1e+30, 1e+30, 1e+30, 1e+30, 1e+30, 1e+30, 1e+30, 1e+30, 1e+30];37.99715830000059
[1e+30, 1e+30, 1e+30];False;False;[1.0, 6.4596561470837255, 1.725619081556606, 0.0, 1.0, 42.59944166352449, 0.5858211504176901, 0.5, 17769.91624054212, 7822.890176156624, 10500.0, 0.0, 3.0, 0.0, 0.025, 0.010411041486288665, 0.1788724843520869, 0.0, 0.07520151830685641, 0.9578945468907509, 0.0, 0.05, 0.5, 0.5, 0.05140165832283053, 0.6105135707453122, 0.0, 0.04154547452847867, 0.3668870950001881, 0.0, 0.05, 0.5, 0.5, 0.0, 1.0, 1.0, 0.04672989418028152, 0.08109818695929816, 130.0, 0.0, 1.0];[1e+30, 1e+30, 1e+30, 1e+30, 1e+30, 1e+30, 1e+30, 1e+30, 1e+30, 1e+30, 1e+30, 1e+30, 1e+30, 1e+30, 1e+30];71.54478859999654
[1e+30, 1e+30, 1e+30];False;False;[1.0, 7.054617183393523, 1.6385025323366005, 0.0, 1.0, 58.501605159004235, 0.34136820073038066, 0.5, 2969.919710149179, 18924.650642699962, 10500.0, 1.0, 1.9992911380234482, 1.0, 0.0048477297456179964, 0.027223710720120278, 0.5718436247644901, 0.0, 0.07175410090789892, 0.3225326458948349, 0.0, 0.05, 0.5, 0.5, 0.0469491452608919, 0.13418887961137127, 0.0, 0.011831401650888551, 0.036533889289233845, 0.0, 0.05, 0.5, 0.5, 1.0, 0.0, 0.0, 0.030000000000000002, 0.255, 0.0, 1.0, 1.0];[1e+30, 1e+30, 1e+30, 1e+30, 1e+30, 1e+30, 1e+30, 1e+30, 1e+30, 1e+30, 1e+30, 1e+30, 1e+30, 1e+30, 1e+30];92.10704020000412
[1e+30, 1e+30, 1e+30];False;False;[0.0, 7.25, 1.4500000000000002, 0.0, 1.0, 18.71574916571751, 0.18989342434413414, 0.5, 6188.380672653215, 19358.225530559183, 10500.0, 0.0, 3.0, 0.0, 0.025, 0.051442837403202706, 0.941037011132849, 0.0, 0.07250065726268, 0.6215174548830387, 0.0, 0.05, 0.5, 0.5, 0.00813030664976241, 0.07854559971074992, 0.0, 0.06614725812209793, 0.4058595887749752, 0.0, 0.05, 0.5, 0.5, 0.0, 0.0, 0.0, 0.030000000000000002, 0.255, 0.0, 0.0, 0.0];[1e+30, 1e+30, 1e+30, 1e+30, 1e+30, 1e+30, 1e+30, 1e+30, 1e+30, 1e+30, 1e+30, 1e+30, 1e+30, 1e+30, 1e+30];33.12585499999841
[1e+30, 1e+30, 1e+30];False;False;[1.0, 5.278902601216066, 1.1608362906928298, 1.0, 1.0, 55.49215511467822, 0.2410192483757194, 0.5, 12485.153801807925, 4477.7092645436505, 10500.0, 1.0, 3.446123283975192, 1.0, 0.03218755683691262, 0.06382323039700366, 0.20099800331286888, 0.0, 0.03359434584365474, 0.29703899628283126, 0.0, 0.05, 0.5, 0.5, 0.011206252303777142, 0.13325677410494186, 0.0, 0.059170196301703976, 0.8782386048650408, 0.0, 0.05, 0.5, 0.5, 0.0, 1.0, 1.0, 0.03491822719485248, 0.10144986744197533, 139.0, 1.0, 1.0];[1e+30, 1e+30, 1e+30, 1e+30, 1e+30, 1e+30, 1e+30, 1e+30, 1e+30, 1e+30, 1e+30, 1e+30, 1e+30, 1e+30, 1e+30];50.86865309999848
[1e+30, 1e+30, 1e+30];False;False;[0.0, 7.25, 1.4500000000000002, 0.0, 1.0, 26.83494641126368, 0.6397113848203017, 0.5, 2933.917482440187, 1851.62240249536, 10500.0, 0.0, 3.0, 0.0, 0.025, 0.07564976424702935, 0.6183229064222564, 0.0, 0.020991680846184815, 0.256483072342925, 0.0, 0.05, 0.5, 0.5, 0.01262386972180296, 0.2042495519261054, 0.0, 0.07780206477525463, 0.3838873287272686, 0.0, 0.05, 0.5, 0.5, 0.0, 0.0, 0.0, 0.030000000000000002, 0.255, 0.0, 1.0, 1.0];[1e+30, 1e+30, 1e+30, 1e+30, 1e+30, 1e+30, 1e+30, 1e+30, 1e+30, 1e+30, 1e+30, 1e+30, 1e+30, 1e+30, 1e+30];84.15129549999983
[1e+30, 1e+30, 1e+30];False;False;[0.0, 7.25, 1.4500000000000002, 0.0, 1.0, 53.397693305008886, 0.129419301434025, 0.5, 2051.4205190698976, 16031.423391041117, 10500.0, 0.0, 3.0, 1.0, 0.0402278588680686, 0.056310155325236935, 0.3909887272220711, 0.0, 0.01617440023135025, 0.963782217708837, 0.0, 0.05, 0.5, 0.5, 0.06630902648757027, 0.3121865005423269, 0.0, 0.00784435968838385, 0.2706557648850194, 0.0, 0.05, 0.5, 0.5, 0.0, 0.0, 0.0, 0.030000000000000002, 0.255, 0.0, 1.0, 1.0];[1e+30, 1e+30, 1e+30, 1e+30, 1e+30, 1e+30, 1e+30, 1e+30, 1e+30, 1e+30, 1e+30, 1e+30, 1e+30, 1e+30, 1e+30];54.28140279999934
[12.502596794968877, 2512.201610856684, 107.24621018645985];True;False;[1.0, 4.245377280728567, 1.5259419059867336, 0.0, 0.0, 30.492019255557675, 0.5, 0.5, 17901.463177050482, 10500.0, 10500.0, 0.0, 3.0, 0.0, 0.025, 0.00859230934165981, 0.0, 0.0, 0.05, 0.5, 0.5, 0.05, 0.5, 0.5, 0.05908155452228558, 0.0, 0.0, 0.05, 0.5, 0.5, 0.05, 0.5, 0.5, 0.0, 0.0, 0.0, 0.030000000000000002, 0.255, 0.0, 0.0, 0.0];[-0.35027218351607914, -0.33609683378984423, 21.935848192530294, 0.0, -0.4, 4.98242471481268, -14.0, -14.0, -1.0, 0.0, 0.0, -1.0, 0.0, 0.0, -0.18173964878111487];4.825956900000165
[1e+30, 1e+30, 1e+30];False;False;[1.0, 6.230320846214394, 1.7569672211622387, 1.0, 0.0, 48.67378207334876, 0.5, 0.5, 1708.0581486336646, 10500.0, 10500.0, 1.0, 4.059308737448056, 0.0, 0.025, 0.050894237128929744, 0.0, 0.0, 0.05, 0.5, 0.5, 0.05, 0.5, 0.5, 0.0831261114615401, 0.0, 0.0, 0.05, 0.5, 0.5, 0.05, 0.5, 0.5, 1.0, 0.0, 0.0, 0.030000000000000002, 0.255, 0.0, 0.0, 0.0];[1e+30, 1e+30, 1e+30, 1e+30, 1e+30, 1e+30, 1e+30, 1e+30, 1e+30, 1e+30, 1e+30, 1e+30, 1e+30, 1e+30, 1e+30];60.833004499996605
[1e+30, 1e+30, 1e+30];False;False;[1.0, 11.01365171717433, 1.3219114481590621, 1.0, 2.0, 29.44330929949787, 0.6431282674453372, 0.4573560210204105, 19908.21762763268, 14955.957833753668, 10918.632721093414, 1.0, 2.0869106169892, 0.0, 0.025, 0.020789350946648324, 0.14122889418842421, 0.36274534599236574, 0.0711462679013351, 0.3333333333333333, 0.3333333333333333, 0.017314401674332094, 0.3333333333333333, 0.3333333333333333, 0.07823157348908844, 0.1984570845903716, 0.13178709659788457, 0.019276320178019793, 0.3333333333333333, 0.3333333333333333, 0.007319731191571344, 0.20667150183434713, 0.7554814881401518, 0.0, 0.0, 0.0, 0.030000000000000002, 0.255, 0.0, 2.0, 1.0];[1e+30, 1e+30, 1e+30, 1e+30, 1e+30, 1e+30, 1e+30, 1e+30, 1e+30, 1e+30, 1e+30, 1e+30, 1e+30, 1e+30, 1e+30];119.22785029999795
[1e+30, 1e+30, 1e+30];False;False;[0.0, 7.25, 1.4500000000000002, 0.0, 2.0, 27.797330973343367, 0.47647282840838423, 0.5075994205294473, 1488.6816078425545, 12564.701880840104, 11535.209181697917, 0.0, 3.0, 1.0, 0.03304573511144759, 0.050010169513325264, 0.11131765098545299, 0.01689931380834031, 0.04433038540753351, 0.07837147693809932, 0.08786311099985489, 0.010301896894474784, 0.09964296878093704, 0.4492314508178876, 0.010160439176862268, 0.3333333333333333, 0.3333333333333333, 0.08176440364550985, 0.6503943612273843, 0.3164216128366605, 0.07896543814949306, 0.3333333333333333, 0.3333333333333333, 0.0, 0.0, 0.0, 0.030000000000000002, 0.255, 0.0, 2.0, 0.0];[1e+30, 1e+30, 1e+30, 1e+30, 1e+30, 1e+30, 1e+30, 1e+30, 1e+30, 1e+30, 1e+30, 1e+30, 1e+30, 1e+30, 1e+30];111.79601250000269
[1e+30, 1e+30, 1e+30];False;False;[0.0, 7.25, 1.4500000000000002, 0.0, 0.0, 1.8259057047951965, 0.5, 0.5, 8680.993045056905, 10500.0, 10500.0, 0.0, 3.0, 0.0, 0.025, 0.0367487203794058, 0.0, 0.0, 0.05, 0.5, 0.5, 0.05, 0.5, 0.5, 0.03707037270660939, 0.0, 0.0, 0.05, 0.5, 0.5, 0.05, 0.5, 0.5, 0.0, 0.0, 0.0, 0.030000000000000002, 0.255, 0.0, 0.0, 0.0];[1e+30, 1e+30, 1e+30, 1e+30, 1e+30, 1e+30, 1e+30, 1e+30, 1e+30, 1e+30, 1e+30, 1e+30, 1e+30, 1e+30, 1e+30];36.760629200005496
[1e+30, 1e+30, 1e+30];False;False;[0.0, 7.25, 1.4500000000000002, 0.0, 2.0, 38.94380122783265, 0.3694308084822192, 0.4969834699347848, 16113.979082165313, 6525.908220342261, 12041.44645982986, 0.0, 3.0, 1.0, 0.04819444270346879, 0.04868730018892872, 0.3333333333333333, 0.3333333333333333, 0.05984706705859272, 0.3333333333333333, 0.3333333333333333, 0.0028658952339232213, 0.3333333333333333, 0.3333333333333333, 0.05538213363581926, 0.3333333333333333, 0.3333333333333333, 0.05533490788907576, 0.06637029684786333, 0.8812565972531315, 0.003289895449393221, 0.3333333333333333, 0.3333333333333333, 0.0, 0.0, 0.0, 0.030000000000000002, 0.255, 0.0, 2.0, 2.0];[1e+30, 1e+30, 1e+30, 1e+30, 1e+30, 1e+30, 1e+30, 1e+30, 1e+30, 1e+30, 1e+30, 1e+30, 1e+30, 1e+30, 1e+30];105.95323630000348
[25.68320123631258, 1206.2065827286804, 118.02351488754061];True;False;[0.0, 7.25, 1.4500000000000002, 0.0, 0.0, 16.109712829893326, 0.5, 0.5, 18198.396188009334, 10500.0, 10500.0, 0.0, 3.0, 0.0, 0.025, 0.08325963577840662, 0.0, 0.0, 0.05, 0.5, 0.5, 0.05, 0.5, 0.5, 0.07960583800564117, 0.0, 0.0, 0.05, 0.5, 0.5, 0.05, 0.5, 0.5, 0.0, 0.0, 0.0, 0.030000000000000002, 0.255, 0.0, 0.0, 0.0];[0.4727803344260977, -1.4390131125842052, -1.2592228263234997, 0.6696834085012577, -0.4, 1.1097128298933256, -14.0, -14.0, -1.0, 0.0, 0.0, -1.0, 0.0, 0.0, 0.019020542064936308];7.064753200000268
[1e+30, 1e+30, 1e+30];False;False;[1.0, 10.125670249804863, 1.2807406600212006, 0.0, 2.0, 46.52153296133386, 0.790776429032578, 0.16512246874422676, 15650.196566136718, 1692.972816129561, 19619.78466038362, 1.0, 4.780356955832477, 1.0, 0.03147995759382925, 0.06944406680709597, 0.2319465606213036, 0.27980842575438625, 0.010106784713443806, 0.3333333333333333, 0.3333333333333333, 0.08049833662464823, 0.3333333333333333, 0.3333333333333333, 0.02218437675001277, 0.31197252869580716, 0.6780132808314628, 0.08853267384705261, 0.3333333333333333, 0.3333333333333333, 0.03968033526290082, 0.3333333333333333, 0.3333333333333333, 0.0, 1.0, 2.0, 0.04487027344980702, 0.3760835497577783, 159.0, 0.0, 2.0];[1e+30, 1e+30, 1e+30, 1e+30, 1e+30, 1e+30, 1e+30, 1e+30, 1e+30, 1e+30, 1e+30, 1e+30, 1e+30, 1e+30, 1e+30];112.28773469999578
[1e+30, 1e+30, 1e+30];False;False;[0.0, 7.25, 1.4500000000000002, 0.0, 2.0, 25.704320564886686, 0.6988812999198982, 0.1095460414781348, 9333.960264663121, 12877.740000857078, 17490.797750341306, 0.0, 3.0, 1.0, 0.02997953201606864, 0.09092604722823028, 0.055051747113474825, 0.7987651581191115, 0.08440908395446345, 0.656295785435521, 0.016833851104494424, 0.05339774893217041, 0.3333333333333333, 0.3333333333333333, 0.021296519379443712, 0.3333333333333333, 0.3333333333333333, 0.06010056661254787, 0.025860304683805624, 0.7041752017937812, 0.023228091211773706, 0.32210585822249216, 0.6100642273897824, 0.0, 0.0, 0.0, 0.030000000000000002, 0.255, 0.0, 2.0, 2.0];[1e+30, 1e+30, 1e+30, 1e+30, 1e+30, 1e+30, 1e+30, 1e+30, 1e+30, 1e+30, 1e+30, 1e+30, 1e+30, 1e+30, 1e+30];120.77973680000287
[1e+30, 1e+30, 1e+30];False;False;[1.0, 9.074425744827039, 1.79901057060912, 1.0, 2.0, 16.002903551494857, 0.19262168832836224, 0.39378840722976893, 11741.55751795756, 17884.461652155132, 3396.4793403507597, 0.0, 3.0, 0.0, 0.025, 0.06270541024790587, 0.11899229775314435, 0.11139753624195181, 0.06638442025488117, 0.7747459789227927, 0.18285903022314254, 0.03656320000773488, 0.10022660467247335, 0.3354335990965388, 0.010176140268542078, 0.3333333333333333, 0.3333333333333333, 0.017537324980584103, 0.3333333333333333, 0.3333333333333333, 0.06148707593942936, 0.3333333333333333, 0.3333333333333333, 1.0, 0.0, 0.0, 0.030000000000000002, 0.255, 0.0, 2.0, 0.0];[1e+30, 1e+30, 1e+30, 1e+30, 1e+30, 1e+30, 1e+30, 1e+30, 1e+30, 1e+30, 1e+30, 1e+30, 1e+30, 1e+30, 1e+30];80.11234089999925
[22.59457842639573, 1826.7074850569768, 115.54798566403858];True;False;[0.0, 7.25, 1.4500000000000002, 0.0, 1.0, 22.402650318179564, 0.5887542041817465, 0.5, 11028.089248500966, 7544.078821828287, 10500.0, 0.0, 3.0, 1.0, 0.003684701922931216, 0.08781613562334702, 0.3108004916418089, 0.0, 0.039551398240411643, 0.1404813707932454, 0.0, 0.05, 0.5, 0.5, 0.07287589592811017, 0.3048509784718302, 0.0, 0.08486275712394807, 0.9559480218873915, 0.0, 0.05, 0.5, 0.5, 0.0, 0.0, 0.0, 0.030000000000000002, 0.255, 0.0, 1.0, 1.0];[2.0944108669192723, -1.2474313579669751, 102.04497661638686, 0.5042140454739317, -0.3112457958182535, -11.044208208603491, -9.336746851312217, -14.0, -0.6891995083581911, -0.8595186292067546, 0.0, -0.6951490215281698, -0.044051978112608525, 0.0, -0.02642017791062523];11.545853100004024
[19.96072371322838, 2038.9362346231796, 115.1043281350421];True;False;[0.0, 7.25, 1.4500000000000002, 0.0, 2.0, 35.49534522370492, 0.17337160562648324, 0.5109695555135395, 18954.114960838066, 4387.078622460425, 16279.436081727861, 0.0, 3.0, 0.0, 0.025, 0.050510541226919815, 0.3333333333333333, 0.3333333333333333, 0.08363399927989013, 0.3333333333333333, 0.3333333333333333, 0.02916892135430306, 0.34798029980908385, 0.2681985507656174, 0.07315772204438994, 0.3333333333333333, 0.3333333333333333, 0.06829754372995087, 0.3333333333333333, 0.3333333333333333, 0.07013110272553756, 0.3333333333333333, 0.3333333333333333, 0.0, 0.0, 0.0, 0.030000000000000002, 0.255, 0.0, 0.0, 1.0];[2.0750196917433517, -1.2517615152884507, 40.429900647990465, 0.6039283447157344, -0.7266283943735168, -11.582214739395681, -13.122824881262563, -9.467494647832773, -0.33333333333333337, -0.33333333333333337, -0.38382114942529877, -0.33333333333333337, -0.33333333333333337, -0.33333333333333337, -0.025023487144597678];31.154564700002084
[1e+30, 1e+30, 1e+30];False;False;[1.0, 8.444713653647788, 1.4244365510600294, 1.0, 1.0, 26.720521866951817, 0.34351494104548297, 0.5, 5553.505694645055, 7360.089031518691, 10500.0, 0.0, 3.0, 0.0, 0.025, 0.08641206332786139, 0.30095181142913197, 0.0, 0.00923313507487603, 0.7203333536293515, 0.0, 0.05, 0.5, 0.5, 0.04334945990751513, 0.5081540161138896, 0.0, 0.0019791115827291097, 0.13471416479911913, 0.0, 0.05, 0.5, 0.5, 1.0, 1.0, 0.0, 0.029547316424008672, 0.2418403254232306, 134.0, 1.0, 1.0];[1e+30, 1e+30, 1e+30, 1e+30, 1e+30, 1e+30, 1e+30, 1e+30, 1e+30, 1e+30, 1e+30, 1e+30, 1e+30, 1e+30, 1e+30];79.72621419999632
[10.155606368795107, 4037.6360411463684, 106.46061046594718];True;False;[1.0, 10.003392167271103, 1.1469100671293242, 0.0, 0.0, 38.93239706271269, 0.5, 0.5, 8134.723803751439, 10500.0, 10500.0, 1.0, 1.7474895366296939, 0.0, 0.025, 0.08822049955673998, 0.0, 0.0, 0.05, 0.5, 0.5, 0.05, 0.5, 0.5, 0.05100786879476918, 0.0, 0.0, 0.05, 0.5, 0.5, 0.05, 0.5, 0.5, 0.0, 1.0, 0.0, 0.03837930623467753, 0.09396678160730916, 218.0, 0.0, 0.0];[0.4278000973473999, 0.5391054333481473, 33.79558682225731, -1.1102230246251565e-16, -0.4, 18.945466326020764, -14.0, -14.0, -1.0, 0.0, 0.0, -1.0, 0.0, 0.0, -0.41540552075066195];15.638734099993599
[23.76691896159722, 1299.699753148242, 117.72442867298332];True;False;[0.0, 7.25, 1.4500000000000002, 0.0, 0.0, 25.687157153745673, 0.5, 0.5, 2775.526781544039, 10500.0, 10500.0, 0.0, 3.0, 0.0, 0.025, 0.08537902626391322, 0.0, 0.0, 0.05, 0.5, 0.5, 0.05, 0.5, 0.5, 0.05775533453219936, 0.0, 0.0, 0.05, 0.5, 0.5, 0.05, 0.5, 0.5, 0.0, 0.0, 0.0, 0.030000000000000002, 0.255, 0.0, 0.0, 0.0];[0.46032336525327455, -1.4422220245196198, 12.644166618530104, 0.747714476632553, -0.4, 10.687157153745673, -14.0, -14.0, -1.0, 0.0, 0.0, -1.0, 0.0, 0.0, 0.02032396976843187];4.944117200000619
[20.1883525767577, 2063.45914912341, 115.02381595275392];True;False;[0.0, 7.25, 1.4500000000000002, 0.0, 1.0, 59.11977625616628, 0.20965936646850736, 0.5, 18420.53656677897, 15324.952214726087, 10500.0, 0.0, 3.0, 0.0, 0.025, 0.08428947551574932, 0.4454194231412494, 0.0, 0.01822229145232143, 0.3884274717546098, 0.0, 0.05, 0.5, 0.5, 0.07137631755191037, 0.46202117991237, 0.0, 0.047128555395559435, 0.2196948125670941, 0.0, 0.05, 0.5, 0.5, 0.0, 0.0, 0.0, 0.030000000000000002, 0.255, 0.0, 1.0, 0.0];[1.5121042348596117, -1.2792826615580528, 115.84972113778144, 0.5789598588292462, -0.6903406335314927, -0.07149177687923469, -11.039806833170136, -14.0, -0.5545805768587506, -0.6115725282453902, 0.0, -0.53797882008763, -0.7803051874329059, 0.0, -0.02777387944200299];22.91196640000271
[1e+30, 1e+30, 1e+30];False;False;[1.0, 10.169854792426715, 1.5846638393523653, 0.0, 0.0, 53.849562281631705, 0.5, 0.5, 1594.2147170769767, 10500.0, 10500.0, 0.0, 3.0, 0.0, 0.025, 0.09113425010957676, 0.0, 0.0, 0.05, 0.5, 0.5, 0.05, 0.5, 0.5, 0.017708958569914567, 0.0, 0.0, 0.05, 0.5, 0.5, 0.05, 0.5, 0.5, 1.0, 0.0, 0.0, 0.030000000000000002, 0.255, 0.0, 0.0, 0.0];[1e+30, 1e+30, 1e+30, 1e+30, 1e+30, 1e+30, 1e+30, 1e+30, 1e+30, 1e+30, 1e+30, 1e+30, 1e+30, 1e+30, 1e+30];41.377268500000355
[32.01581050194493, 1423.7791675080814, 120.17780349105095];True;False;[0.0, 7.25, 1.4500000000000002, 0.0, 2.0, 22.48930025052564, 0.3023360421061878, 0.2361761558694715, 11217.734530846064, 14963.554284024749, 1057.7923038723184, 0.0, 3.0, 1.0, 0.02713633828291283, 0.07869183109761813, 0.4281071066647276, 0.38717247306448943, 0.014049551606140187, 0.3333333333333333, 0.3333333333333333, 0.05415713628220303, 0.13776231196348354, 0.6548962716548367, 0.07623914573430085, 0.14152891795526834, 0.8201670594973796, 0.07185164740522094, 0.3333333333333333, 0.3333333333333333, 0.0438934111503283, 0.3333333333333333, 0.3333333333333333, 0.0, 0.0, 0.0, 0.030000000000000002, 0.255, 0.0, 1.0, 1.0];[1.7251243845705684, -1.4223130346457167, 105.7153690730055, 0.6599234905735885, -0.5976639578938122, -10.93690658402484, -12.338132066102045, -12.92062589798861, -0.18472042027078295, -0.33333333333333337, -0.2073414163816798, -0.0383040225473521, -0.33333333333333337, -0.33333333333333337, 0.051840847737669615];64.27755839999736
[1e+30, 1e+30, 1e+30];False;False;[1.0, 4.91546352812594, 1.709712055442883, 1.0, 0.0, 15.32592721821327, 0.5, 0.5, 4781.091492625394, 10500.0, 10500.0, 1.0, 1.2472011897468964, 0.0, 0.025, 0.04650449676456615, 0.0, 0.0, 0.05, 0.5, 0.5, 0.05, 0.5, 0.5, 0.0067059124769957125, 0.0, 0.0, 0.05, 0.5, 0.5, 0.05, 0.5, 0.5, 0.0, 0.0, 0.0, 0.030000000000000002, 0.255, 0.0, 0.0, 0.0];[1e+30, 1e+30, 1e+30, 1e+30, 1e+30, 1e+30, 1e+30, 1e+30, 1e+30, 1e+30, 1e+30, 1e+30, 1e+30, 1e+30, 1e+30];45.039909000006446
[1e+30, 1e+30, 1e+30];False;False;[0.0, 7.25, 1.4500000000000002, 0.0, 2.0, 23.62758041390901, 0.821342658300751, 0.19317687414066215, 1138.1645517578713, 19621.388276814814, 13949.210077807636, 0.0, 3.0, 1.0, 0.004499532930568284, 0.043431847049499483, 0.3333333333333333, 0.3333333333333333, 0.01430092649370126, 0.1034660931154876, 0.4668830098905363, 0.04215845007867164, 0.02589416353225682, 0.42934588986256206, 0.08252846487888699, 0.534830122472216, 0.05825999119606651, 0.012622889047167707, 0.2866770271386998, 0.5799653544087396, 0.03708646102118244, 0.5158110268978076, 0.33045352622538116, 0.0, 0.0, 0.0, 0.030000000000000002, 0.255, 0.0, 0.0, 2.0];[1e+30, 1e+30, 1e+30, 1e+30, 1e+30, 1e+30, 1e+30, 1e+30, 1e+30, 1e+30, 1e+30, 1e+30, 1e+30, 1e+30, 1e+30];120.90275969999493
[23.711106568383983, 1291.2759091646667, 117.98026232557551];True;False;[0.0, 7.25, 1.4500000000000002, 0.0, 0.0, 29.642494140515108, 0.5, 0.5, 14215.733026490072, 10500.0, 10500.0, 0.0, 3.0, 0.0, 0.025, 0.015103948660593737, 0.0, 0.0, 0.05, 0.5, 0.5, 0.05, 0.5, 0.5, 0.07175158722442174, 0.0, 0.0, 0.05, 0.5, 0.5, 0.05, 0.5, 0.5, 0.0, 0.0, 0.0, 0.030000000000000002, 0.255, 0.0, 0.0, 0.0];[0.3913430893018601, -1.45999132520084, 19.633870513807103, 0.7977212492281243, -0.4, 14.642494140515108, -14.0, -14.0, -1.0, 0.0, 0.0, -1.0, 0.0, 0.0, 0.027661850257179266];4.534631200003787
[10.406429193379632, 3468.8189623056387, 107.34530203809365];True;False;[1.0, 4.589593303868364, 1.455433320647125, 0.0, 2.0, 27.447525973637454, 0.16693529727474088, 0.2825820041690802, 14738.302413264291, 12483.504577680485, 2930.143028313461, 1.0, 2.7972760554806415, 0.0, 0.025, 0.0300033276137878, 0.13129191846716737, 0.0, 0.028686720987007575, 0.3333333333333333, 0.3333333333333333, 0.07367543739968697, 0.11589283451905208, 0.2336984805419582, 0.07322643174545239, 0.14285950546343684, 0.372966158587582, 0.09545560696747822, 0.3333333333333333, 0.3333333333333333, 0.010674364473680344, 0.3333333333333333, 0.3333333333333333, 0.0, 0.0, 0.0, 0.030000000000000002, 0.255, 0.0, 0.0, 1.0];[0.7527625879073909, -0.13252672902799123, 20.069004944151764, -3.3306690738754696e-16, -0.7330647027252591, -10.051937374032441, -13.499487254428884, -12.459986558583296, -0.8687080815328326, -0.33333333333333337, -0.6504086849389897, -0.4841743359489812, -0.33333333333333337, -0.33333333333333337, -0.20208374763701803];53.364991999995254
[1e+30, 1e+30, 1e+30];False;False;[1.0, 11.21593843282337, 1.1275043986215254, 0.0, 2.0, 55.48423629584004, 0.6158448343856168, 0.8459245634717022, 2481.2600792898443, 5830.247038521995, 14627.048295986631, 0.0, 3.0, 1.0, 0.048707229268142416, 0.06696044772988023, 0.3333333333333333, 0.3333333333333333, 0.025643361944237733, 0.7562942534479008, 0.06718204945992401, 0.09458506285863877, 0.3333333333333333, 0.3333333333333333, 0.05443658456242591, 0.3333333333333333, 0.3333333333333333, 0.0928846946021238, 0.3333333333333333, 0.3333333333333333, 0.09285795805847886, 0.3333333333333333, 0.3333333333333333, 1.0, 1.0, 0.0, 0.031271802692991554, 0.09140879430581357, 13.0, 0.0, 0.0];[1e+30, 1e+30, 1e+30, 1e+30, 1e+30, 1e+30, 1e+30, 1e+30, 1e+30, 1e+30, 1e+30, 1e+30, 1e+30, 1e+30, 1e+30];115.83230029999686
[1e+30, 1e+30, 1e+30];False;False;[0.0, 7.25, 1.4500000000000002, 0.0, 2.0, 19.667641383226922, 0.3995106176953006, 0.5979726474280507, 14764.4111538342, 15307.927604641958, 10713.812453794577, 0.0, 3.0, 1.0, 0.03796335825468565, 0.0940955202632252, 0.3333333333333333, 0.3333333333333333, 0.000797268159881015, 0.3333333333333333, 0.3333333333333333, 0.011605683667660972, 0.6059430891768963, 0.12158607306806946, 0.07129807276708096, 0.07639550719265376, 0.08873229057544707, 0.09978760156499948, 0.3333333333333333, 0.3333333333333333, 0.04156213246961124, 0.04668659833064359, 0.7755049413848453, 0.0, 0.0, 0.0, 0.030000000000000002, 0.255, 0.0, 2.0, 1.0];[1e+30, 1e+30, 1e+30, 1e+30, 1e+30, 1e+30, 1e+30, 1e+30, 1e+30, 1e+30, 1e+30, 1e+30, 1e+30, 1e+30, 1e+30];106.35627139999997
[20.88478959565763, 2318.1545474247887, 114.43454285798329];True;False;[0.0, 7.25, 1.4500000000000002, 0.0, 1.0, 52.4353071225971, 0.5887542041817465, 0.5, 11028.089248500966, 7234.449200444258, 10500.0, 0.0, 3.0, 1.0, 0.0037616191100044412, 0.03290297843499931, 0.20033762958609888, 0.0, 0.039551398240411643, 0.1404813707932454, 0.0, 0.05, 0.5, 0.5, 0.07274965300022221, 0.3048509784718302, 0.0, 0.025759069458642543, 0.9559480218873915, 0.0, 0.05, 0.5, 0.5, 0.0, 0.0, 0.0, 0.030000000000000002, 0.255, 0.0, 1.0, 1.0];[2.353944714143286, -1.1894760056722793, 64.58069343601565, 0.4533888781903761, -0.3112457958182535, -8.948045796671979, -6.335805698304446, -14.0, -0.7996623704139011, -0.8595186292067546, 0.0, -0.6951490215281698, -0.044051978112608525, 0.0, -0.04435291567270455];37.26903190000303
[1e+30, 1e+30, 1e+30];False;False;[1.0, 11.107757874257405, 1.5236606267039896, 1.0, 2.0, 28.381353508080455, 0.6431282674453372, 0.8976506887931206, 19968.827860353555, 14938.330658617471, 18467.844570012145, 1.0, 2.0869106169892, 0.0, 0.025, 0.018299188779163488, 0.1448215597634709, 0.36274534599236574, 0.0711462679013351, 0.3333333333333333, 0.3333333333333333, 0.017314401674332094, 0.3333333333333333, 0.3333333333333333, 0.0781454220017103, 0.2804304322804655, 0.13178709659788457, 0.019276320178019793, 0.5618367740735901, 0.20612268254811722, 0.007319731191571344, 0.19749877218730982, 0.7554814881401518, 0.0, 0.0, 0.0, 0.030000000000000002, 0.255, 0.0, 2.0, 1.0];[1e+30, 1e+30, 1e+30, 1e+30, 1e+30, 1e+30, 1e+30, 1e+30, 1e+30, 1e+30, 1e+30, 1e+30, 1e+30, 1e+30, 1e+30];88.37018399999943
[21.43482381136592, 1910.754252992856, 114.70748318102221];True;False;[0.0, 7.25, 1.4500000000000002, 0.0, 1.0, 19.67150247007289, 0.3448956703185675, 0.5, 2830.117405536017, 19160.60435850355, 10500.0, 0.0, 3.0, 1.0, 0.0016148870838505085, 0.08761761226381268, 0.3100378629257549, 0.0, 0.09266610213063507, 0.9858456737805253, 0.0, 0.05, 0.5, 0.5, 0.0599099920878495, 0.4942770328374727, 0.0, 0.08392458276809059, 0.45413027092954283, 0.0, 0.05, 0.5, 0.5, 0.0, 0.0, 0.0, 0.030000000000000002, 0.255, 0.0, 0.0, 0.0];[2.2948996035319436, -1.202661107435931, 65.24674553198582, 0.45986824468491827, -0.5551043296814325, -8.887341555215425, -11.781841706392584, -14.0, -0.689962137074245, -0.014154326219474656, 0.0, -0.5057229671625273, -0.5458697290704572, 0.0, -0.040393514641986206];18.719334200002777
[1e+30, 1e+30, 1e+30];False;False;[0.0, 7.25, 1.4500000000000002, 0.0, 0.0, 10.558006626038356, 0.5, 0.5, 12309.709188392768, 10500.0, 10500.0, 0.0, 3.0, 0.0, 0.025, 0.038223391724846775, 0.0, 0.0, 0.05, 0.5, 0.5, 0.05, 0.5, 0.5, 0.09312174637277273, 0.0, 0.0, 0.05, 0.5, 0.5, 0.05, 0.5, 0.5, 0.0, 0.0, 0.0, 0.030000000000000002, 0.255, 0.0, 0.0, 0.0];[1e+30, 1e+30, 1e+30, 1e+30, 1e+30, 1e+30, 1e+30, 1e+30, 1e+30, 1e+30, 1e+30, 1e+30, 1e+30, 1e+30, 1e+30];47.02657910000562
[1e+30, 1e+30, 1e+30];False;False;[1.0, 7.211287456448247, 1.5259419059867336, 0.0, 0.0, 30.492019255557675, 0.5, 0.5, 2353.5464637171826, 10500.0, 10500.0, 0.0, 3.0, 0.0, 0.025, 0.00859230934165981, 0.0, 0.0, 0.05, 0.5, 0.5, 0.05, 0.5, 0.5, 0.057724562597918846, 0.0, 0.0, 0.05, 0.5, 0.5, 0.05, 0.5, 0.5, 0.0, 0.0, 0.0, 0.030000000000000002, 0.255, 0.0, 0.0, 0.0];[1e+30, 1e+30, 1e+30, 1e+30, 1e+30, 1e+30, 1e+30, 1e+30, 1e+30, 1e+30, 1e+30, 1e+30, 1e+30, 1e+30, 1e+30];61.66541399999551
[41.149142455981334, 1096.218878514468, 122.36256984485519];True;False;[0.0, 7.25, 1.4500000000000002, 0.0, 1.0, 19.667641383226922, 0.3461439262018416, 0.5, 14603.707746288037, 15307.927604641958, 10500.0, 0.0, 3.0, 1.0, 0.039202402351693616, 0.0934914730376607, 0.990638004733256, 0.0, 0.000797268159881015, 0.16942455201723616, 0.0, 0.05, 0.5, 0.5, 0.07078173160609486, 0.4776343952090333, 0.0, 0.024756304797284898, 0.916477385757574, 0.0, 0.05, 0.5, 0.5, 0.0, 0.0, 0.0, 0.030000000000000002, 0.255, 0.0, 1.0, 0.0];[0.8067747666913325, -1.534967664365063, 85.21709814209443, 0.6233012426582976, -0.5538560737981584, -8.904787322394117, -11.773264129816695, -14.0, -0.009361995266743972, -0.8305754479827638, 0.0, -0.5223656047909667, -0.08352261424242602, 0.0, 0.0884892542908875];23.762215499999
[23.40365043805035, 1769.9593471956005, 115.73662184494682];True;False;[0.0, 7.25, 1.4500000000000002, 0.0, 1.0, 19.254601100108154, 0.3563998563612513, 0.5, 11028.089248500966, 7234.449200444258, 10500.0, 0.0, 3.0, 1.0, 0.0037616191100044412, 0.08720689751327004, 0.2032175476449938, 0.0, 0.039551398240411643, 0.16701619711869226, 0.0, 0.05, 0.5, 0.5, 0.07274965300022221, 0.498140523552768, 0.0, 0.0843559014198615, 0.9495129680250892, 0.0, 0.05, 0.5, 0.5, 0.0, 0.0, 0.0, 0.030000000000000002, 0.255, 0.0, 1.0, 0.0];[2.078438408953274, -1.2509980967115863, 68.13017905831401, 0.48690259976941563, -0.5436001436387488, -9.103333459868889, -11.734663395145958, -14.0, -0.7967824523550062, -0.8329838028813077, 0.0, -0.501859476447232, -0.05048703197491078, 0.0, -0.02527032541803742];20.221227800000634
[24.855591038811614, 1235.259844729073, 117.99602651349252];True;False;[0.0, 7.25, 1.4500000000000002, 0.0, 0.0, 20.030209843463012, 0.5, 0.5, 2825.581376243527, 10500.0, 10500.0, 0.0, 3.0, 0.0, 0.025, 0.0974719637385216, 0.0, 0.0, 0.05, 0.5, 0.5, 0.05, 0.5, 0.5, 0.04593724542935629, 0.0, 0.0, 0.05, 0.5, 0.5, 0.05, 0.5, 0.5, 0.0, 0.0, 0.0, 0.030000000000000002, 0.255, 0.0, 0.0, 0.0];[0.4432286006645736, -1.4466256313168036, 3.9183449323170585, 0.7175482164052787, -0.4, 5.0302098434630125, -14.0, -14.0, -1.0, 0.0, 0.0, -1.0, 0.0, 0.0, 0.02212336374585211];4.736553800001275
[21.43482381136592, 1910.754252992856, 114.70748318102221];True;False;[0.0, 7.25, 1.4500000000000002, 0.0, 1.0, 19.67150247007289, 0.3448956703185675, 0.5, 2830.117405536017, 19160.60435850355, 10500.0, 0.0, 3.0, 1.0, 0.0016148870838505085, 0.08761761226381268, 0.3100378629257549, 0.0, 0.09266610213063507, 0.9858456737805253, 0.0, 0.05, 0.5, 0.5, 0.0599099920878495, 0.4942770328374727, 0.0, 0.08392458276809059, 0.45413027092954283, 0.0, 0.05, 0.5, 0.5, 0.0, 0.0, 0.0, 0.030000000000000002, 0.255, 0.0, 0.0, 0.0];[2.2948996035319436, -1.202661107435931, 65.24674553198582, 0.45986824468491827, -0.5551043296814325, -8.887341555215425, -11.781841706392584, -14.0, -0.689962137074245, -0.014154326219474656, 0.0, -0.5057229671625273, -0.5458697290704572, 0.0, -0.040393514641986206];17.935934199995245
[1e+30, 1e+30, 1e+30];False;False;[0.0, 7.25, 1.4500000000000002, 0.0, 2.0, 49.704425244744996, 0.3982623618120265, 0.7920476884037141, 2991.323312805621, 18437.116825243516, 14463.215201866597, 0.0, 3.0, 1.0, 0.0008463144408632911, 0.03329087401881542, 0.19957500087004487, 0.6914236810999721, 0.09266610213063507, 0.3333333333333333, 0.3333333333333333, 0.09735671157493087, 0.3333333333333333, 0.3333333333333333, 0.06030009032094763, 0.09304473450670983, 0.40893476442720655, 0.09881496671181728, 0.3333333333333333, 0.3333333333333333, 0.07656695620773737, 0.3333333333333333, 0.3333333333333333, 0.0, 0.0, 0.0, 0.030000000000000002, 0.255, 0.0, 0.0, 1.0];[1e+30, 1e+30, 1e+30, 1e+30, 1e+30, 1e+30, 1e+30, 1e+30, 1e+30, 1e+30, 1e+30, 1e+30, 1e+30, 1e+30, 1e+30];82.9698681000009
[24.313878697959538, 1281.7697920768628, 117.56999191978834];True;False;[0.0, 7.25, 1.4500000000000002, 0.0, 0.0, 20.030209843463012, 0.5, 0.5, 16249.163611505579, 10500.0, 10500.0, 0.0, 3.0, 0.0, 0.025, 0.097688852125486, 0.0, 0.0, 0.05, 0.5, 0.5, 0.05, 0.5, 0.5, 0.096606845676747, 0.0, 0.0, 0.05, 0.5, 0.5, 0.05, 0.5, 0.5, 0.0, 0.0, 0.0, 0.030000000000000002, 0.255, 0.0, 0.0, 0.0];[0.5250960980428339, -1.4255365858343274, 3.9183449323171047, 0.6850150825926913, -0.4, 5.0302098434630125, -14.0, -14.0, -1.0, 0.0, 0.0, -1.0, 0.0, 0.0, 0.013617072069315173];31.27623979999771
[1e+30, 1e+30, 1e+30];False;False;[0.0, 7.25, 1.4500000000000002, 0.0, 1.0, 19.705345381804744, 0.3445076563704682, 0.5, 2825.581376243527, 19178.675323574822, 10500.0, 0.0, 3.0, 1.0, 0.01882637153366641, 0.0974719637385216, 0.29834935058692946, 0.0, 0.09271497133611475, 0.5582921096211597, 0.0, 0.05, 0.5, 0.5, 0.04593724542935629, 0.493970132999689, 0.0, 0.019287144897494658, 0.45559804066195064, 0.0, 0.05, 0.5, 0.5, 0.0, 0.0, 0.0, 0.030000000000000002, 0.255, 0.0, 0.0, 0.0];[1e+30, 1e+30, 1e+30, 1e+30, 1e+30, 1e+30, 1e+30, 1e+30, 1e+30, 1e+30, 1e+30, 1e+30, 1e+30, 1e+30, 1e+30];52.115169100005005
[24.855591038811614, 1235.259844729073, 117.99602651349252];True;False;[0.0, 7.25, 1.4500000000000002, 0.0, 0.0, 20.030209843463012, 0.5, 0.5, 2825.581376243527, 10500.0, 10500.0, 0.0, 3.0, 0.0, 0.025, 0.0974719637385216, 0.0, 0.0, 0.05, 0.5, 0.5, 0.05, 0.5, 0.5, 0.04593724542935629, 0.0, 0.0, 0.05, 0.5, 0.5, 0.05, 0.5, 0.5, 0.0, 0.0, 0.0, 0.030000000000000002, 0.255, 0.0, 0.0, 0.0];[0.4432286006645736, -1.4466256313168036, 3.9183449323170585, 0.7175482164052787, -0.4, 5.0302098434630125, -14.0, -14.0, -1.0, 0.0, 0.0, -1.0, 0.0, 0.0, 0.02212336374585211];5.11122329999489
[24.823726013333175, 1238.1243519908398, 117.96742056061122];True;False;[0.0, 7.25, 1.4500000000000002, 0.0, 0.0, 19.996366931731163, 0.5, 0.5, 2830.117405536017, 10500.0, 10500.0, 0.0, 3.0, 0.0, 0.025, 0.08761761226381268, 0.0, 0.0, 0.05, 0.5, 0.5, 0.05, 0.5, 0.5, 0.0599099920878495, 0.0, 0.0, 0.05, 0.5, 0.5, 0.05, 0.5, 0.5, 0.0, 0.0, 0.0, 0.030000000000000002, 0.255, 0.0, 0.0, 0.0];[0.44895952580058474, -1.4451493465307697, 3.8706110565971557, 0.7149912670035181, -0.4, 4.996366931731163, -14.0, -14.0, -1.0, 0.0, 0.0, -1.0, 0.0, 0.0, 0.021518741725042312];5.149314099995536
[23.315020118816147, 1435.2752809493463, 117.17108509255783];True;False;[0.0, 7.25, 1.4500000000000002, 0.0, 1.0, 19.611432211566484, 0.38665252172191616, 0.5, 2552.2715564062637, 3328.3932514997396, 10500.0, 0.0, 3.0, 0.0, 0.025, 0.008926366625932297, 0.3100378629257549, 0.0, 0.09266610213063507, 0.9858456737805253, 0.0, 0.05, 0.5, 0.5, 0.0599099920878495, 0.4818173125274028, 0.0, 0.08320662625527696, 0.45442346842803755, 0.0, 0.05, 0.5, 0.5, 0.0, 0.0, 0.0, 0.030000000000000002, 0.255, 0.0, 0.0, 0.0];[1.085984979144678, -1.3813962271201474, 5.03397929060807, 0.688484646735747, -0.5133474782780838, -9.422397962280119, -11.483895394662538, -14.0, -0.689962137074245, -0.014154326219474656, 0.0, -0.5181826874725972, -0.5455765315719625, 0.0, 0.008249246966785861];20.691642400001
[24.863051624555624, 1234.9064569357959, 117.99722859367496];True;False;[0.0, 7.25, 1.4500000000000002, 0.0, 0.0, 19.994832789626795, 0.5, 0.5, 2830.117405536017, 10500.0, 10500.0, 0.0, 3.0, 0.0, 0.025, 0.09764503000205589, 0.0, 0.0, 0.05, 0.5, 0.5, 0.05, 0.5, 0.5, 0.04581875241188592, 0.0, 0.0, 0.05, 0.5, 0.5, 0.05, 0.5, 0.5, 0.0, 0.0, 0.0, 0.030000000000000002, 0.255, 0.0, 0.0, 0.0];[0.44326747792736665, -1.4466156165442827, 3.8684484748836248, 0.7172490681907262, -0.4, 4.994832789626795, -14.0, -14.0, -1.0, 0.0, 0.0, -1.0, 0.0, 0.0, 0.022119257407826165];5.3921619999964605
[22.402214761039776, 1543.640323695497, 116.36215311284991];True;False;[0.0, 7.25, 1.4500000000000002, 0.0, 1.0, 20.04349278528466, 0.38665252172191616, 0.5, 2822.6363315697663, 2493.6566778630367, 10500.0, 0.0, 3.0, 0.0, 0.025, 0.09717923713916962, 0.3100378629257549, 0.0, 0.09586493978717908, 0.9858456737805253, 0.0, 0.05, 0.5, 0.5, 0.0599099920878495, 0.4939235114635348, 0.0, 0.08320662625527696, 0.45442346842803755, 0.0, 0.05, 0.5, 0.5, 0.0, 0.0, 0.0, 0.030000000000000002, 0.255, 0.0, 0.0, 0.0];[1.2598735506591794, -1.3397262443402065, 5.726494286970905, 0.6265911455935731, -0.5133474782780838, -9.361292450320562, -11.44537465213564, -14.0, -0.689962137074245, -0.014154326219474656, 0.0, -0.5060764885364653, -0.5455765315719625, 0.0, -0.0070946203509689165];18.414623399999982
[23.20252836508493, 1440.656110763698, 117.11585399033106];True;False;[0.0, 7.25, 1.4500000000000002, 0.0, 1.0, 19.611432211566484, 0.38665252172191616, 0.5, 2552.2715564062637, 3328.3932514997396, 10500.0, 0.0, 3.0, 0.0, 0.025, 0.008926366625932297, 0.3100378629257549, 0.0, 0.09266610213063507, 0.9858456737805253, 0.0, 0.05, 0.5, 0.5, 0.0599099920878495, 0.4818173125274028, 0.0, 0.09064088167521941, 0.45442346842803755, 0.0, 0.05, 0.5, 0.5, 0.0, 0.0, 0.0, 0.030000000000000002, 0.255, 0.0, 0.0, 0.0];[1.0952786699522274, -1.3791691231044019, 5.033979290607665, 0.6874110150814994, -0.5133474782780838, -9.422397962280119, -11.483895394662538, -14.0, -0.689962137074245, -0.014154326219474656, 0.0, -0.5181826874725972, -0.5455765315719625, 0.0, 0.007405051059290457];20.54677090000041
[25.6659277472849, 1173.464876831089, 118.57776373846634];True;False;[0.0, 7.25, 1.4500000000000002, 0.0, 0.0, 19.996366931731163, 0.5, 0.5, 2819.0352830097554, 10500.0, 10500.0, 0.0, 3.0, 0.0, 0.025, 0.01041873222622728, 0.0, 0.0, 0.05, 0.5, 0.5, 0.05, 0.5, 0.5, 0.0599099920878495, 0.0, 0.0, 0.05, 0.5, 0.5, 0.05, 0.5, 0.5, 0.0, 0.0, 0.0, 0.030000000000000002, 0.255, 0.0, 0.0, 0.0];[0.3323568623820634, -1.4751861615179194, 3.8706110565973297, 0.761549386284682, -0.4, 4.996366931731163, -14.0, -14.0, -1.0, 0.0, 0.0, -1.0, 0.0, 0.0, 0.0341027614983348];5.747716500001843
[23.315020118816147, 1435.2752809493463, 117.17108509255783];True;False;[0.0, 7.25, 1.4500000000000002, 0.0, 1.0, 19.611432211566484, 0.38665252172191616, 0.5, 2552.2715564062637, 3328.3932514997396, 10500.0, 0.0, 3.0, 0.0, 0.025, 0.008926366625932297, 0.3100378629257549, 0.0, 0.09266610213063507, 0.9858456737805253, 0.0, 0.05, 0.5, 0.5, 0.0599099920878495, 0.4818173125274028, 0.0, 0.08320662625527696, 0.45442346842803755, 0.0, 0.05, 0.5, 0.5, 0.0, 0.0, 0.0, 0.030000000000000002, 0.255, 0.0, 0.0, 0.0];[1.085984979144678, -1.3813962271201474, 5.03397929060807, 0.688484646735747, -0.5133474782780838, -9.422397962280119, -11.483895394662538, -14.0, -0.689962137074245, -0.014154326219474656, 0.0, -0.5181826874725972, -0.5455765315719625, 0.0, 0.008249246966785861];20.083579199999804
[23.315020118816147, 1435.2752809493463, 117.17108509255783];True;False;[0.0, 7.25, 1.4500000000000002, 0.0, 1.0, 19.611432211566484, 0.38665252172191616, 0.5, 2552.2715564062637, 3328.3932514997396, 10500.0, 0.0, 3.0, 0.0, 0.025, 0.008926366625932297, 0.3100378629257549, 0.0, 0.09266610213063507, 0.9858456737805253, 0.0, 0.05, 0.5, 0.5, 0.0599099920878495, 0.4818173125274028, 0.0, 0.08320662625527696, 0.45442346842803755, 0.0, 0.05, 0.5, 0.5, 0.0, 0.0, 0.0, 0.030000000000000002, 0.255, 0.0, 0.0, 0.0];[1.085984979144678, -1.3813962271201474, 5.03397929060807, 0.688484646735747, -0.5133474782780838, -9.422397962280119, -11.483895394662538, -14.0, -0.689962137074245, -0.014154326219474656, 0.0, -0.5181826874725972, -0.5455765315719625, 0.0, 0.008249246966785861];22.791184000001522
[23.20252836508493, 1440.656110763698, 117.11585399033106];True;False;[0.0, 7.25, 1.4500000000000002, 0.0, 1.0, 19.611432211566484, 0.38665252172191616, 0.5, 2552.2715564062637, 3328.3932514997396, 10500.0, 0.0, 3.0, 0.0, 0.025, 0.008926366625932297, 0.3100378629257549, 0.0, 0.09266610213063507, 0.9858456737805253, 0.0, 0.05, 0.5, 0.5, 0.0599099920878495, 0.4818173125274028, 0.0, 0.09064088167521941, 0.45442346842803755, 0.0, 0.05, 0.5, 0.5, 0.0, 0.0, 0.0, 0.030000000000000002, 0.255, 0.0, 0.0, 0.0];[1.0952786699522274, -1.3791691231044019, 5.033979290607665, 0.6874110150814994, -0.5133474782780838, -9.422397962280119, -11.483895394662538, -14.0, -0.689962137074245, -0.014154326219474656, 0.0, -0.5181826874725972, -0.5455765315719625, 0.0, 0.007405051059290457];24.26798989999952
[23.315020118816147, 1435.2752809493463, 117.17108509255783];True;False;[0.0, 7.25, 1.4500000000000002, 0.0, 1.0, 19.611432211566484, 0.38665252172191616, 0.5, 2552.2715564062637, 3328.3932514997396, 10500.0, 0.0, 3.0, 0.0, 0.025, 0.008926366625932297, 0.3100378629257549, 0.0, 0.09266610213063507, 0.9858456737805253, 0.0, 0.05, 0.5, 0.5, 0.0599099920878495, 0.4818173125274028, 0.0, 0.08320662625527696, 0.45442346842803755, 0.0, 0.05, 0.5, 0.5, 0.0, 0.0, 0.0, 0.030000000000000002, 0.255, 0.0, 0.0, 0.0];[1.085984979144678, -1.3813962271201474, 5.03397929060807, 0.688484646735747, -0.5133474782780838, -9.422397962280119, -11.483895394662538, -14.0, -0.689962137074245, -0.014154326219474656, 0.0, -0.5181826874725972, -0.5455765315719625, 0.0, 0.008249246966785861];22.810862499994982
[22.404118763877516, 1543.7875058412612, 116.36162491371897];True;False;[0.0, 7.25, 1.4500000000000002, 0.0, 1.0, 20.04349278528466, 0.38665252172191616, 0.5, 2822.6363315697663, 2493.6566778630367, 10500.0, 0.0, 3.0, 0.0, 0.025, 0.09717923713916962, 0.31653620680906674, 0.0, 0.09586493978717908, 0.9858456737805253, 0.0, 0.05, 0.5, 0.5, 0.0599099920878495, 0.4939235114635348, 0.0, 0.08320662625527696, 0.45442346842803755, 0.0, 0.05, 0.5, 0.5, 0.0, 0.0, 0.0, 0.030000000000000002, 0.255, 0.0, 0.0, 0.0];[1.2601173964249925, -1.3396678100867365, 5.726494286970965, 0.6263934888138043, -0.5133474782780838, -9.361292450320562, -11.44537465213564, -14.0, -0.6834637931909333, -0.014154326219474656, 0.0, -0.5060764885364653, -0.5455765315719625, 0.0, -0.007115486746828215];19.096256700002414
[23.233349008226224, 1441.9058181379946, 117.11478803473811];True;False;[0.0, 7.25, 1.4500000000000002, 0.0, 1.0, 19.623216358652492, 0.38665252172191616, 0.5, 2552.2715564062637, 3359.6519061117965, 10500.0, 0.0, 3.0, 0.0, 0.025, 0.01278847155666437, 0.3100378629257549, 0.0, 0.09581980818165847, 0.9858456737805253, 0.0, 0.05, 0.5, 0.5, 0.0599099920878495, 0.4818173125274028, 0.0, 0.08320662625527696, 0.45442346842803755, 0.0, 0.05, 0.5, 0.5, 0.0, 0.0, 0.0, 0.030000000000000002, 0.255, 0.0, 0.0, 0.0];[1.0971767004866013, -1.3787142864294266, 5.0527204671855515, 0.6851771622490073, -0.5133474782780838, -9.420722474955209, -11.482839172174906, -14.0, -0.689962137074245, -0.014154326219474656, 0.0, -0.5181826874725972, -0.5455765315719625, 0.0, 0.007232987475853325];23.840793000003032
[23.315020118816147, 1435.2752809493463, 117.17108509255783];True;False;[0.0, 7.25, 1.4500000000000002, 0.0, 1.0, 19.611432211566484, 0.38665252172191616, 0.5, 2552.2715564062637, 3328.3932514997396, 10500.0, 0.0, 3.0, 0.0, 0.025, 0.008926366625932297, 0.3100378629257549, 0.0, 0.09266610213063507, 0.9858456737805253, 0.0, 0.05, 0.5, 0.5, 0.0599099920878495, 0.4818173125274028, 0.0, 0.08320662625527696, 0.45442346842803755, 0.0, 0.05, 0.5, 0.5, 0.0, 0.0, 0.0, 0.030000000000000002, 0.255, 0.0, 0.0, 0.0];[1.085984979144678, -1.3813962271201474, 5.03397929060807, 0.688484646735747, -0.5133474782780838, -9.422397962280119, -11.483895394662538, -14.0, -0.689962137074245, -0.014154326219474656, 0.0, -0.5181826874725972, -0.5455765315719625, 0.0, 0.008249246966785861];21.724979200000234
[1e+30, 1e+30, 1e+30];False;False;[0.0, 7.25, 1.4500000000000002, 0.0, 1.0, 17.316206428184064, 0.38737673162808295, 0.5, 2552.2715564062637, 3328.3932514997396, 10500.0, 0.0, 3.0, 0.0, 0.025, 0.008926366625932297, 0.3100378629257549, 0.0, 0.09266610213063507, 0.9858456737805253, 0.0, 0.05, 0.5, 0.5, 0.0599099920878495, 0.4818173125274028, 0.0, 0.08320662625527696, 0.45442346842803755, 0.0, 0.05, 0.5, 0.5, 0.0, 0.0, 0.0, 0.030000000000000002, 0.255, 0.0, 0.0, 0.0];[1e+30, 1e+30, 1e+30, 1e+30, 1e+30, 1e+30, 1e+30, 1e+30, 1e+30, 1e+30, 1e+30, 1e+30, 1e+30, 1e+30, 1e+30];73.99952420000045
[23.315020118816147, 1435.2752809493463, 117.17108509255783];True;False;[0.0, 7.25, 1.4500000000000002, 0.0, 1.0, 19.611432211566484, 0.38665252172191616, 0.5, 2552.2715564062637, 3328.3932514997396, 10500.0, 0.0, 3.0, 0.0, 0.025, 0.008926366625932297, 0.3100378629257549, 0.0, 0.09266610213063507, 0.9858456737805253, 0.0, 0.05, 0.5, 0.5, 0.0599099920878495, 0.4818173125274028, 0.0, 0.08320662625527696, 0.45442346842803755, 0.0, 0.05, 0.5, 0.5, 0.0, 0.0, 0.0, 0.030000000000000002, 0.255, 0.0, 0.0, 0.0];[1.085984979144678, -1.3813962271201474, 5.03397929060807, 0.688484646735747, -0.5133474782780838, -9.422397962280119, -11.483895394662538, -14.0, -0.689962137074245, -0.014154326219474656, 0.0, -0.5181826874725972, -0.5455765315719625, 0.0, 0.008249246966785861];21.412979400003678
[23.318060862180683, 1435.48508929513, 117.1703393227131];True;False;[0.0, 7.25, 1.4500000000000002, 0.0, 1.0, 19.611432211566484, 0.38665252172191616, 0.5, 2552.2715564062637, 3328.3932514997396, 10500.0, 0.0, 3.0, 0.0, 0.025, 0.008926366625932297, 0.3100378629257549, 0.0, 0.09266610213063507, 0.9858456737805253, 0.0, 0.05, 0.5, 0.5, 0.0599099920878495, 0.500738377364345, 0.0, 0.08320662625527696, 0.45442346842803755, 0.0, 0.05, 0.5, 0.5, 0.0, 0.0, 0.0, 0.030000000000000002, 0.255, 0.0, 0.0, 0.0];[1.0863477230006513, -1.3813093005895543, 5.03397929060764, 0.6881641405633763, -0.5133474782780838, -9.422397962280119, -11.483895394662538, -14.0, -0.689962137074245, -0.014154326219474656, 0.0, -0.499261622635655, -0.5455765315719625, 0.0, 0.008216244314467103];22.338751399998728
[25.74236642479034, 1170.6248008441712, 118.58394212298103];True;False;[0.0, 7.25, 1.4500000000000002, 0.0, 0.0, 19.611432211566484, 0.5, 0.5, 4909.564459201617, 10500.0, 10500.0, 0.0, 3.0, 0.0, 0.025, 0.012082817670047857, 0.0, 0.0, 0.05, 0.5, 0.5, 0.05, 0.5, 0.5, 0.0599099920878495, 0.0, 0.0, 0.05, 0.5, 0.5, 0.05, 0.5, 0.5, 0.0, 0.0, 0.0, 0.030000000000000002, 0.255, 0.0, 0.0, 0.0];[0.3343092840264932, -1.4746832182232215, 3.331406517550583, 0.75736386398224, -0.4, 4.611432211566484, -14.0, -14.0, -1.0, 0.0, 0.0, -1.0, 0.0, 0.0, 0.033887054614347045];5.316200799999933
[23.315020118816147, 1435.2752809493463, 117.17108509255783];True;False;[0.0, 7.25, 1.4500000000000002, 0.0, 1.0, 19.611432211566484, 0.38665252172191616, 0.5, 2552.2715564062637, 3328.3932514997396, 10500.0, 0.0, 3.0, 0.0, 0.025, 0.008926366625932297, 0.3100378629257549, 0.0, 0.09266610213063507, 0.9858456737805253, 0.0, 0.05, 0.5, 0.5, 0.0599099920878495, 0.4818173125274028, 0.0, 0.08320662625527696, 0.45442346842803755, 0.0, 0.05, 0.5, 0.5, 0.0, 0.0, 0.0, 0.030000000000000002, 0.255, 0.0, 0.0, 0.0];[1.085984979144678, -1.3813962271201474, 5.03397929060807, 0.688484646735747, -0.5133474782780838, -9.422397962280119, -11.483895394662538, -14.0, -0.689962137074245, -0.014154326219474656, 0.0, -0.5181826874725972, -0.5455765315719625, 0.0, 0.008249246966785861];22.437704399999348
[23.315020118816147, 1435.2752809493463, 117.17108509255783];True;False;[0.0, 7.25, 1.4500000000000002, 0.0, 1.0, 19.611432211566484, 0.38665252172191616, 0.5, 2552.2715564062637, 3328.3932514997396, 10500.0, 0.0, 3.0, 0.0, 0.025, 0.008926366625932297, 0.3100378629257549, 0.0, 0.09266610213063507, 0.9858456737805253, 0.0, 0.05, 0.5, 0.5, 0.0599099920878495, 0.4818173125274028, 0.0, 0.08320662625527696, 0.45442346842803755, 0.0, 0.05, 0.5, 0.5, 0.0, 0.0, 0.0, 0.030000000000000002, 0.255, 0.0, 0.0, 0.0];[1.085984979144678, -1.3813962271201474, 5.03397929060807, 0.688484646735747, -0.5133474782780838, -9.422397962280119, -11.483895394662538, -14.0, -0.689962137074245, -0.014154326219474656, 0.0, -0.5181826874725972, -0.5455765315719625, 0.0, 0.008249246966785861];22.393439300001774
[25.683201236312772, 1206.2065827286806, 118.02351488754056];True;False;[0.0, 7.25, 1.4500000000000002, 0.0, 0.0, 16.109712829893326, 0.5, 0.5, 18180.713429748972, 10500.0, 10500.0, 0.0, 3.0, 0.0, 0.025, 0.08325963577840662, 0.0, 0.0, 0.05, 0.5, 0.5, 0.05, 0.5, 0.5, 0.07960583800564117, 0.0, 0.0, 0.05, 0.5, 0.5, 0.05, 0.5, 0.5, 0.0, 0.0, 0.0, 0.030000000000000002, 0.255, 0.0, 0.0, 0.0];[0.4727803344261021, -1.4390131125842096, -1.2592228263234624, 0.6696834085012415, -0.4, 1.1097128298933256, -14.0, -14.0, -1.0, 0.0, 0.0, -1.0, 0.0, 0.0, 0.01902054206493875];7.650184199999785
[26.226232978571442, 1329.3528127551178, 117.5054917768762];True;False;[0.0, 7.25, 1.4500000000000002, 0.0, 1.0, 11.195007539901747, 0.5140124364672052, 0.5, 3572.5723489306547, 1128.04233900634, 10500.0, 0.0, 3.0, 0.0, 0.025, 0.0033505586747807625, 0.3364233306418175, 0.0, 0.0798088294330552, 0.9232721183204097, 0.0, 0.05, 0.5, 0.5, 0.06845940544468387, 0.8804064600968653, 0.0, 0.09582774590569831, 0.8075605779975538, 0.0, 0.05, 0.5, 0.5, 0.0, 0.0, 0.0, 0.030000000000000002, 0.255, 0.0, 1.0, 0.0];[1.1319650378677402, -1.3703777442001743, -6.259134820826894, 0.5672048850644864, -0.38598756353279484, -11.746596274258387, -11.558986070088844, -14.0, -0.6635766693581825, -0.07672788167959033, 0.0, -0.1195935399031347, -0.19243942200244624, 0.0, 0.004099837291058561];42.86599240000214
[23.315020118816147, 1435.2752809493463, 117.17108509255783];True;False;[0.0, 7.25, 1.4500000000000002, 0.0, 1.0, 19.611432211566484, 0.38665252172191616, 0.5, 2552.2715564062637, 3328.3932514997396, 10500.0, 0.0, 3.0, 0.0, 0.025, 0.008926366625932297, 0.3100378629257549, 0.0, 0.09266610213063507, 0.9858456737805253, 0.0, 0.05, 0.5, 0.5, 0.0599099920878495, 0.4818173125274028, 0.0, 0.08320662625527696, 0.45442346842803755, 0.0, 0.05, 0.5, 0.5, 0.0, 0.0, 0.0, 0.030000000000000002, 0.255, 0.0, 0.0, 0.0];[1.085984979144678, -1.3813962271201474, 5.03397929060807, 0.688484646735747, -0.5133474782780838, -9.422397962280119, -11.483895394662538, -14.0, -0.689962137074245, -0.014154326219474656, 0.0, -0.5181826874725972, -0.5455765315719625, 0.0, 0.008249246966785861];22.753120300003502
[26.226232978571442, 1329.3528127551178, 117.5054917768762];True;False;[0.0, 7.25, 1.4500000000000002, 0.0, 1.0, 11.195007539901747, 0.5140124364672052, 0.5, 3572.5723489306547, 1128.04233900634, 10500.0, 0.0, 3.0, 0.0, 0.025, 0.0033505586747807625, 0.3364233306418175, 0.0, 0.0798088294330552, 0.9232721183204097, 0.0, 0.05, 0.5, 0.5, 0.06845940544468387, 0.8804064600968653, 0.0, 0.09582774590569831, 0.8075605779975538, 0.0, 0.05, 0.5, 0.5, 0.0, 0.0, 0.0, 0.030000000000000002, 0.255, 0.0, 1.0, 0.0];[1.1319650378677402, -1.3703777442001743, -6.259134820826894, 0.5672048850644864, -0.38598756353279484, -11.746596274258387, -11.558986070088844, -14.0, -0.6635766693581825, -0.07672788167959033, 0.0, -0.1195935399031347, -0.19243942200244624, 0.0, 0.004099837291058561];44.300244300000486
[25.683201236312772, 1206.2065827286806, 118.02351488754056];True;False;[0.0, 7.25, 1.4500000000000002, 0.0, 0.0, 16.109712829893326, 0.5, 0.5, 18180.713429748972, 10500.0, 10500.0, 0.0, 3.0, 0.0, 0.025, 0.08325963577840662, 0.0, 0.0, 0.05, 0.5, 0.5, 0.05, 0.5, 0.5, 0.07960583800564117, 0.0, 0.0, 0.05, 0.5, 0.5, 0.05, 0.5, 0.5, 0.0, 0.0, 0.0, 0.030000000000000002, 0.255, 0.0, 0.0, 0.0];[0.4727803344261021, -1.4390131125842096, -1.2592228263234624, 0.6696834085012415, -0.4, 1.1097128298933256, -14.0, -14.0, -1.0, 0.0, 0.0, -1.0, 0.0, 0.0, 0.01902054206493875];8.545765499999106
[26.590105208718928, 1142.7408362960546, 118.65217287928826];True;False;[0.0, 7.25, 1.4500000000000002, 0.0, 0.0, 16.109712829893326, 0.5, 0.5, 17740.008055994305, 10500.0, 10500.0, 0.0, 3.0, 0.0, 0.025, 0.003924039330743402, 0.0, 0.0, 0.05, 0.5, 0.5, 0.05, 0.5, 0.5, 0.07960583800564117, 0.0, 0.0, 0.05, 0.5, 0.5, 0.05, 0.5, 0.5, 0.0, 0.0, 0.0, 0.030000000000000002, 0.255, 0.0, 0.0, 0.0];[0.3545497394502233, -1.4694692823061943, -1.259222826323617, 0.7135855813515057, -0.4, 1.1097128298933256, -14.0, -14.0, -1.0, 0.0, 0.0, -1.0, 0.0, 0.0, 0.03166107739499169];27.37425990000338
[25.683201236312772, 1206.2065827286806, 118.02351488754056];True;False;[0.0, 7.25, 1.4500000000000002, 0.0, 0.0, 16.109712829893326, 0.5, 0.5, 18180.713429748972, 10500.0, 10500.0, 0.0, 3.0, 0.0, 0.025, 0.08325963577840662, 0.0, 0.0, 0.05, 0.5, 0.5, 0.05, 0.5, 0.5, 0.07960583800564117, 0.0, 0.0, 0.05, 0.5, 0.5, 0.05, 0.5, 0.5, 0.0, 0.0, 0.0, 0.030000000000000002, 0.255, 0.0, 0.0, 0.0];[0.4727803344261021, -1.4390131125842096, -1.2592228263234624, 0.6696834085012415, -0.4, 1.1097128298933256, -14.0, -14.0, -1.0, 0.0, 0.0, -1.0, 0.0, 0.0, 0.01902054206493875];8.122729499998968
[1e+30, 1e+30, 1e+30];False;False;[0.0, 7.25, 1.4500000000000002, 0.0, 0.0, 11.195007539901747, 0.5, 0.5, 3572.5723489306547, 10500.0, 10500.0, 0.0, 3.0, 0.0, 0.025, 0.08286728181989353, 0.0, 0.0, 0.05, 0.5, 0.5, 0.05, 0.5, 0.5, 0.06845940544468387, 0.0, 0.0, 0.05, 0.5, 0.5, 0.05, 0.5, 0.5, 0.0, 0.0, 0.0, 0.030000000000000002, 0.255, 0.0, 0.0, 0.0];[1e+30, 1e+30, 1e+30, 1e+30, 1e+30, 1e+30, 1e+30, 1e+30, 1e+30, 1e+30, 1e+30, 1e+30, 1e+30, 1e+30, 1e+30];42.47788259999652
[26.590105208718928, 1142.7408362960546, 118.65217287928826];True;False;[0.0, 7.25, 1.4500000000000002, 0.0, 0.0, 16.109712829893326, 0.5, 0.5, 17740.008055994305, 10500.0, 10500.0, 0.0, 3.0, 0.0, 0.025, 0.003924039330743402, 0.0, 0.0, 0.05, 0.5, 0.5, 0.05, 0.5, 0.5, 0.07960583800564117, 0.0, 0.0, 0.05, 0.5, 0.5, 0.05, 0.5, 0.5, 0.0, 0.0, 0.0, 0.030000000000000002, 0.255, 0.0, 0.0, 0.0];[0.3545497394502233, -1.4694692823061943, -1.259222826323617, 0.7135855813515057, -0.4, 1.1097128298933256, -14.0, -14.0, -1.0, 0.0, 0.0, -1.0, 0.0, 0.0, 0.03166107739499169];30.64789209999435
[28.83468712183335, 1083.6614153434912, 118.93229867310302];True;False;[0.0, 7.25, 1.4500000000000002, 0.0, 0.0, 11.134983785663696, 0.5, 0.5, 4077.592181770612, 10500.0, 10500.0, 0.0, 3.0, 0.0, 0.025, 0.003924039330743402, 0.0, 0.0, 0.05, 0.5, 0.5, 0.05, 0.5, 0.5, 0.06862150922783163, 0.0, 0.0, 0.05, 0.5, 0.5, 0.05, 0.5, 0.5, 0.0, 0.0, 0.0, 0.030000000000000002, 0.255, 0.0, 0.0, 0.0];[0.37346889472382117, -1.4645957129553235, -6.805228178591527, 0.6308519517208537, -0.4, -3.865016214336304, -14.0, -14.0, -1.0, 0.0, 0.0, -1.0, 0.0, 0.0, 0.029597131016456446];20.823257800002466
[1e+30, 1e+30, 1e+30];False;False;[0.0, 7.25, 1.4500000000000002, 0.0, 0.0, 11.190170610724316, 0.5, 0.5, 17692.488477790313, 10500.0, 10500.0, 0.0, 3.0, 0.0, 0.025, 0.0033505586747807625, 0.0, 0.0, 0.05, 0.5, 0.5, 0.05, 0.5, 0.5, 0.06845940544468387, 0.0, 0.0, 0.05, 0.5, 0.5, 0.05, 0.5, 0.5, 0.0, 0.0, 0.0, 0.030000000000000002, 0.255, 0.0, 0.0, 0.0];[1e+30, 1e+30, 1e+30, 1e+30, 1e+30, 1e+30, 1e+30, 1e+30, 1e+30, 1e+30, 1e+30, 1e+30, 1e+30, 1e+30, 1e+30];33.68006199999945
[26.226232978571442, 1329.3528127551178, 117.5054917768762];True;False;[0.0, 7.25, 1.4500000000000002, 0.0, 1.0, 11.195007539901747, 0.5140124364672052, 0.5, 3572.5723489306547, 1128.04233900634, 10500.0, 0.0, 3.0, 0.0, 0.025, 0.0033505586747807625, 0.3364233306418175, 0.0, 0.0798088294330552, 0.9232721183204097, 0.0, 0.05, 0.5, 0.5, 0.06845940544468387, 0.8804064600968653, 0.0, 0.09582774590569831, 0.8075605779975538, 0.0, 0.05, 0.5, 0.5, 0.0, 0.0, 0.0, 0.030000000000000002, 0.255, 0.0, 1.0, 0.0];[1.1319650378677402, -1.3703777442001743, -6.259134820826894, 0.5672048850644864, -0.38598756353279484, -11.746596274258387, -11.558986070088844, -14.0, -0.6635766693581825, -0.07672788167959033, 0.0, -0.1195935399031347, -0.19243942200244624, 0.0, 0.004099837291058561];46.515550600001006
[26.590105208718928, 1142.7408362960546, 118.65217287928826];True;False;[0.0, 7.25, 1.4500000000000002, 0.0, 0.0, 16.109712829893326, 0.5, 0.5, 17740.008055994305, 10500.0, 10500.0, 0.0, 3.0, 0.0, 0.025, 0.003924039330743402, 0.0, 0.0, 0.05, 0.5, 0.5, 0.05, 0.5, 0.5, 0.07960583800564117, 0.0, 0.0, 0.05, 0.5, 0.5, 0.05, 0.5, 0.5, 0.0, 0.0, 0.0, 0.030000000000000002, 0.255, 0.0, 0.0, 0.0];[0.3545497394502233, -1.4694692823061943, -1.259222826323617, 0.7135855813515057, -0.4, 1.1097128298933256, -14.0, -14.0, -1.0, 0.0, 0.0, -1.0, 0.0, 0.0, 0.03166107739499169];31.77607810000336
[26.590105208718928, 1142.7408362960546, 118.65217287928826];True;False;[0.0, 7.25, 1.4500000000000002, 0.0, 0.0, 16.109712829893326, 0.5, 0.5, 17740.008055994305, 10500.0, 10500.0, 0.0, 3.0, 0.0, 0.025, 0.003924039330743402, 0.0, 0.0, 0.05, 0.5, 0.5, 0.05, 0.5, 0.5, 0.07960583800564117, 0.0, 0.0, 0.05, 0.5, 0.5, 0.05, 0.5, 0.5, 0.0, 0.0, 0.0, 0.030000000000000002, 0.255, 0.0, 0.0, 0.0];[0.3545497394502233, -1.4694692823061943, -1.259222826323617, 0.7135855813515057, -0.4, 1.1097128298933256, -14.0, -14.0, -1.0, 0.0, 0.0, -1.0, 0.0, 0.0, 0.03166107739499169];28.457762399993953
[28.83468712183335, 1083.6614153434912, 118.93229867310302];True;False;[0.0, 7.25, 1.4500000000000002, 0.0, 0.0, 11.134983785663696, 0.5, 0.5, 4077.592181770612, 10500.0, 10500.0, 0.0, 3.0, 0.0, 0.025, 0.003924039330743402, 0.0, 0.0, 0.05, 0.5, 0.5, 0.05, 0.5, 0.5, 0.06862150922783163, 0.0, 0.0, 0.05, 0.5, 0.5, 0.05, 0.5, 0.5, 0.0, 0.0, 0.0, 0.030000000000000002, 0.255, 0.0, 0.0, 0.0];[0.37346889472382117, -1.4645957129553235, -6.805228178591527, 0.6308519517208537, -0.4, -3.865016214336304, -14.0, -14.0, -1.0, 0.0, 0.0, -1.0, 0.0, 0.0, 0.029597131016456446];22.467048099999374
[28.83468712183335, 1083.6614153434912, 118.93229867310302];True;False;[0.0, 7.25, 1.4500000000000002, 0.0, 0.0, 11.134983785663696, 0.5, 0.5, 4077.592181770612, 10500.0, 10500.0, 0.0, 3.0, 0.0, 0.025, 0.003924039330743402, 0.0, 0.0, 0.05, 0.5, 0.5, 0.05, 0.5, 0.5, 0.06862150922783163, 0.0, 0.0, 0.05, 0.5, 0.5, 0.05, 0.5, 0.5, 0.0, 0.0, 0.0, 0.030000000000000002, 0.255, 0.0, 0.0, 0.0];[0.37346889472382117, -1.4645957129553235, -6.805228178591527, 0.6308519517208537, -0.4, -3.865016214336304, -14.0, -14.0, -1.0, 0.0, 0.0, -1.0, 0.0, 0.0, 0.029597131016456446];22.301003699998546
[28.83468712183335, 1083.6614153434912, 118.93229867310302];True;False;[0.0, 7.25, 1.4500000000000002, 0.0, 0.0, 11.134983785663696, 0.5, 0.5, 4077.592181770612, 10500.0, 10500.0, 0.0, 3.0, 0.0, 0.025, 0.003924039330743402, 0.0, 0.0, 0.05, 0.5, 0.5, 0.05, 0.5, 0.5, 0.06862150922783163, 0.0, 0.0, 0.05, 0.5, 0.5, 0.05, 0.5, 0.5, 0.0, 0.0, 0.0, 0.030000000000000002, 0.255, 0.0, 0.0, 0.0];[0.37346889472382117, -1.4645957129553235, -6.805228178591527, 0.6308519517208537, -0.4, -3.865016214336304, -14.0, -14.0, -1.0, 0.0, 0.0, -1.0, 0.0, 0.0, 0.029597131016456446];21.482283099998313
[28.834687167139602, 1083.6614157324711, 118.93229863481952];True;False;[0.0, 7.25, 1.4500000000000002, 0.0, 0.0, 11.134983785663696, 0.5, 0.5, 5114.535764663071, 10500.0, 10500.0, 0.0, 3.0, 0.0, 0.025, 0.003924039330743402, 0.0, 0.0, 0.05, 0.5, 0.5, 0.05, 0.5, 0.5, 0.06862150922783163, 0.0, 0.0, 0.05, 0.5, 0.5, 0.05, 0.5, 0.5, 0.0, 0.0, 0.0, 0.030000000000000002, 0.255, 0.0, 0.0, 0.0];[0.3734688955048151, -1.464595712754145, -6.805228178591502, 0.6308519481445118, -0.4, -3.865016214336304, -14.0, -14.0, -1.0, 0.0, 0.0, -1.0, 0.0, 0.0, 0.02959713093158922];21.18098050000117
[28.834687121940945, 1083.6614153444225, 118.9322986730122];True;False;[0.0, 7.25, 1.4500000000000002, 0.0, 0.0, 11.134983785663696, 0.5, 0.5, 4127.692247993946, 10500.0, 10500.0, 0.0, 3.0, 0.0, 0.025, 0.003924039330743402, 0.0, 0.0, 0.05, 0.5, 0.5, 0.05, 0.5, 0.5, 0.06862150922783163, 0.0, 0.0, 0.05, 0.5, 0.5, 0.05, 0.5, 0.5, 0.0, 0.0, 0.0, 0.030000000000000002, 0.255, 0.0, 0.0, 0.0];[0.37346889472569433, -1.4645957129548461, -6.805228178591536, 0.6308519517123581, -0.4, -3.865016214336304, -14.0, -14.0, -1.0, 0.0, 0.0, -1.0, 0.0, 0.0, 0.029597131016255718];22.779597799999465
[28.83468712183335, 1083.6614153434912, 118.93229867310302];True;False;[0.0, 7.25, 1.4500000000000002, 0.0, 0.0, 11.134983785663696, 0.5, 0.5, 4077.592181770612, 10500.0, 10500.0, 0.0, 3.0, 0.0, 0.025, 0.003924039330743402, 0.0, 0.0, 0.05, 0.5, 0.5, 0.05, 0.5, 0.5, 0.06862150922783163, 0.0, 0.0, 0.05, 0.5, 0.5, 0.05, 0.5, 0.5, 0.0, 0.0, 0.0, 0.030000000000000002, 0.255, 0.0, 0.0, 0.0];[0.37346889472382117, -1.4645957129553235, -6.805228178591527, 0.6308519517208537, -0.4, -3.865016214336304, -14.0, -14.0, -1.0, 0.0, 0.0, -1.0, 0.0, 0.0, 0.029597131016456446];22.00162509999791
[28.834687167139602, 1083.6614157324711, 118.93229863481952];True;False;[0.0, 7.25, 1.4500000000000002, 0.0, 0.0, 11.134983785663696, 0.5, 0.5, 5114.535764663071, 10500.0, 10500.0, 0.0, 3.0, 0.0, 0.025, 0.003924039330743402, 0.0, 0.0, 0.05, 0.5, 0.5, 0.05, 0.5, 0.5, 0.06862150922783163, 0.0, 0.0, 0.05, 0.5, 0.5, 0.05, 0.5, 0.5, 0.0, 0.0, 0.0, 0.030000000000000002, 0.255, 0.0, 0.0, 0.0];[0.3734688955048151, -1.464595712754145, -6.805228178591502, 0.6308519481445118, -0.4, -3.865016214336304, -14.0, -14.0, -1.0, 0.0, 0.0, -1.0, 0.0, 0.0, 0.02959713093158922];23.220801700001175
[28.834687167139602, 1083.6614157324711, 118.93229863481952];True;False;[0.0, 7.25, 1.4500000000000002, 0.0, 0.0, 11.134983785663696, 0.5, 0.5, 5114.535764663071, 10500.0, 10500.0, 0.0, 3.0, 0.0, 0.025, 0.003924039330743402, 0.0, 0.0, 0.05, 0.5, 0.5, 0.05, 0.5, 0.5, 0.06862150922783163, 0.0, 0.0, 0.05, 0.5, 0.5, 0.05, 0.5, 0.5, 0.0, 0.0, 0.0, 0.030000000000000002, 0.255, 0.0, 0.0, 0.0];[0.3734688955048151, -1.464595712754145, -6.805228178591502, 0.6308519481445118, -0.4, -3.865016214336304, -14.0, -14.0, -1.0, 0.0, 0.0, -1.0, 0.0, 0.0, 0.02959713093158922];22.404543199998443
[28.83468712183335, 1083.6614153434912, 118.93229867310302];True;False;[0.0, 7.25, 1.4500000000000002, 0.0, 0.0, 11.134983785663696, 0.5, 0.5, 4077.592181770612, 10500.0, 10500.0, 0.0, 3.0, 0.0, 0.025, 0.003924039330743402, 0.0, 0.0, 0.05, 0.5, 0.5, 0.05, 0.5, 0.5, 0.06862150922783163, 0.0, 0.0, 0.05, 0.5, 0.5, 0.05, 0.5, 0.5, 0.0, 0.0, 0.0, 0.030000000000000002, 0.255, 0.0, 0.0, 0.0];[0.37346889472382117, -1.4645957129553235, -6.805228178591527, 0.6308519517208537, -0.4, -3.865016214336304, -14.0, -14.0, -1.0, 0.0, 0.0, -1.0, 0.0, 0.0, 0.029597131016456446];22.217001699995308
[28.834687167139602, 1083.6614157324711, 118.93229863481952];True;False;[0.0, 7.25, 1.4500000000000002, 0.0, 0.0, 11.134983785663696, 0.5, 0.5, 5114.535764663071, 10500.0, 10500.0, 0.0, 3.0, 0.0, 0.025, 0.003924039330743402, 0.0, 0.0, 0.05, 0.5, 0.5, 0.05, 0.5, 0.5, 0.06862150922783163, 0.0, 0.0, 0.05, 0.5, 0.5, 0.05, 0.5, 0.5, 0.0, 0.0, 0.0, 0.030000000000000002, 0.255, 0.0, 0.0, 0.0];[0.3734688955048151, -1.464595712754145, -6.805228178591502, 0.6308519481445118, -0.4, -3.865016214336304, -14.0, -14.0, -1.0, 0.0, 0.0, -1.0, 0.0, 0.0, 0.02959713093158922];20.584321599999384
[28.834687167139602, 1083.6614157324711, 118.93229863481952];True;False;[0.0, 7.25, 1.4500000000000002, 0.0, 0.0, 11.134983785663696, 0.5, 0.5, 5114.535764663071, 10500.0, 10500.0, 0.0, 3.0, 0.0, 0.025, 0.003924039330743402, 0.0, 0.0, 0.05, 0.5, 0.5, 0.05, 0.5, 0.5, 0.06862150922783163, 0.0, 0.0, 0.05, 0.5, 0.5, 0.05, 0.5, 0.5, 0.0, 0.0, 0.0, 0.030000000000000002, 0.255, 0.0, 0.0, 0.0];[0.3734688955048151, -1.464595712754145, -6.805228178591502, 0.6308519481445118, -0.4, -3.865016214336304, -14.0, -14.0, -1.0, 0.0, 0.0, -1.0, 0.0, 0.0, 0.02959713093158922];21.126263899997866
[28.834687167139602, 1083.6614157324711, 118.93229863481952];True;False;[0.0, 7.25, 1.4500000000000002, 0.0, 0.0, 11.134983785663696, 0.5, 0.5, 5114.535764663071, 10500.0, 10500.0, 0.0, 3.0, 0.0, 0.025, 0.003924039330743402, 0.0, 0.0, 0.05, 0.5, 0.5, 0.05, 0.5, 0.5, 0.06862150922783163, 0.0, 0.0, 0.05, 0.5, 0.5, 0.05, 0.5, 0.5, 0.0, 0.0, 0.0, 0.030000000000000002, 0.255, 0.0, 0.0, 0.0];[0.3734688955048151, -1.464595712754145, -6.805228178591502, 0.6308519481445118, -0.4, -3.865016214336304, -14.0, -14.0, -1.0, 0.0, 0.0, -1.0, 0.0, 0.0, 0.02959713093158922];19.968073600000935
[28.834687167139602, 1083.6614157324711, 118.93229863481952];True;False;[0.0, 7.25, 1.4500000000000002, 0.0, 0.0, 11.134983785663696, 0.5, 0.5, 5114.535764663071, 10500.0, 10500.0, 0.0, 3.0, 0.0, 0.025, 0.003924039330743402, 0.0, 0.0, 0.05, 0.5, 0.5, 0.05, 0.5, 0.5, 0.06862150922783163, 0.0, 0.0, 0.05, 0.5, 0.5, 0.05, 0.5, 0.5, 0.0, 0.0, 0.0, 0.030000000000000002, 0.255, 0.0, 0.0, 0.0];[0.3734688955048151, -1.464595712754145, -6.805228178591502, 0.6308519481445118, -0.4, -3.865016214336304, -14.0, -14.0, -1.0, 0.0, 0.0, -1.0, 0.0, 0.0, 0.02959713093158922];21.044208100000105
[36.075353507555874, 1024.8126061871717, 119.17181328536512];True;False;[0.0, 7.25, 1.4500000000000002, 0.0, 0.0, 5.13411116974647, 0.5, 0.5, 4885.853652090023, 10500.0, 10500.0, 0.0, 3.0, 0.0, 0.025, 0.012012462120930345, 0.0, 0.0, 0.05, 0.5, 0.5, 0.05, 0.5, 0.5, 0.0025303801740869216, 0.0, 0.0, 0.05, 0.5, 0.5, 0.05, 0.5, 0.5, 0.0, 0.0, 0.0, 0.030000000000000002, 0.255, 0.0, 0.0, 0.0];[0.5264139004576869, -1.4251971202838434, -11.94384501464484, 0.38730440339887373, -0.4, -9.86588883025353, -14.0, -14.0, -1.0, 0.0, 0.0, -1.0, 0.0, 0.0, 0.01348241427325958];5.626720299995213
[1e+30, 1e+30, 1e+30];False;False;[0.0, 7.25, 1.4500000000000002, 0.0, 0.0, 11.134983785663696, 0.5, 0.5, 5119.930516707043, 10500.0, 10500.0, 0.0, 3.0, 0.0, 0.025, 0.011961931392845591, 0.0, 0.0, 0.05, 0.5, 0.5, 0.05, 0.5, 0.5, 0.06805151724295547, 0.0, 0.0, 0.05, 0.5, 0.5, 0.05, 0.5, 0.5, 0.0, 0.0, 0.0, 0.030000000000000002, 0.255, 0.0, 0.0, 0.0];[1e+30, 1e+30, 1e+30, 1e+30, 1e+30, 1e+30, 1e+30, 1e+30, 1e+30, 1e+30, 1e+30, 1e+30, 1e+30, 1e+30, 1e+30];24.09786570000142
[29.56474269957852, 1044.0227948169215, 119.38097379464529];True;False;[0.0, 7.25, 1.4500000000000002, 0.0, 0.0, 11.240465342119792, 0.5, 0.5, 4885.853652090023, 10500.0, 10500.0, 0.0, 3.0, 0.0, 0.025, 0.012012462120930345, 0.0, 0.0, 0.05, 0.5, 0.5, 0.05, 0.5, 0.5, 0.0019405931827999462, 0.0, 0.0, 0.05, 0.5, 0.5, 0.05, 0.5, 0.5, 0.0, 0.0, 0.0, 0.030000000000000002, 0.255, 0.0, 0.0, 0.0];[0.2897214765231215, -1.4861690255401137, -6.699583683727166, 0.6600451392806561, -0.4, -3.7595346578802076, -14.0, -14.0, -1.0, 0.0, 0.0, -1.0, 0.0, 0.0, 0.03885704156168257];8.721523200001684
[36.075353507555874, 1024.8126061871717, 119.17181328536512];True;False;[0.0, 7.25, 1.4500000000000002, 0.0, 0.0, 5.13411116974647, 0.5, 0.5, 4885.853652090023, 10500.0, 10500.0, 0.0, 3.0, 0.0, 0.025, 0.012012462120930345, 0.0, 0.0, 0.05, 0.5, 0.5, 0.05, 0.5, 0.5, 0.0025303801740869216, 0.0, 0.0, 0.05, 0.5, 0.5, 0.05, 0.5, 0.5, 0.0, 0.0, 0.0, 0.030000000000000002, 0.255, 0.0, 0.0, 0.0];[0.5264139004576869, -1.4251971202838434, -11.94384501464484, 0.38730440339887373, -0.4, -9.86588883025353, -14.0, -14.0, -1.0, 0.0, 0.0, -1.0, 0.0, 0.0, 0.01348241427325958];5.7499728000038886
[34.98669710929916, 1066.3683324779922, 118.65379161064598];True;False;[0.0, 7.25, 1.4500000000000002, 0.0, 0.0, 5.13411116974647, 0.5, 0.5, 4888.659650928372, 10500.0, 10500.0, 0.0, 3.0, 0.0, 0.025, 0.012032868470700217, 0.0, 0.0, 0.05, 0.5, 0.5, 0.05, 0.5, 0.5, 0.0664550879707328, 0.0, 0.0, 0.05, 0.5, 0.5, 0.05, 0.5, 0.5, 0.0, 0.0, 0.0, 0.030000000000000002, 0.255, 0.0, 0.0, 0.0];[0.6169094417698222, -1.401885492985951, -11.943845014644818, 0.3672837412572971, -0.4, -9.86588883025353, -14.0, -14.0, -1.0, 0.0, 0.0, -1.0, 0.0, 0.0, 0.004401176943829133];6.0530359000040335
[36.1989784018569, 1020.3468794624819, 119.22841796826359];True;False;[0.0, 7.25, 1.4500000000000002, 0.0, 0.0, 5.13411116974647, 0.5, 0.5, 4880.458900046051, 10500.0, 10500.0, 0.0, 3.0, 0.0, 0.025, 0.0039745701209167915, 0.0, 0.0, 0.05, 0.5, 0.5, 0.05, 0.5, 0.5, 0.003273507286190566, 0.0, 0.0, 0.05, 0.5, 0.5, 0.05, 0.5, 0.5, 0.0, 0.0, 0.0, 0.030000000000000002, 0.255, 0.0, 0.0, 0.0];[0.5165680903695673, -1.4277333983356941, -11.943845014644843, 0.3894656889139487, -0.4, -9.86588883025353, -14.0, -14.0, -1.0, 0.0, 0.0, -1.0, 0.0, 0.0, 0.014490204906907334];6.3688704000014695
[36.075353507555874, 1024.8126061871717, 119.17181328536512];True;False;[0.0, 7.25, 1.4500000000000002, 0.0, 0.0, 5.13411116974647, 0.5, 0.5, 4885.853652090023, 10500.0, 10500.0, 0.0, 3.0, 0.0, 0.025, 0.012012462120930345, 0.0, 0.0, 0.05, 0.5, 0.5, 0.05, 0.5, 0.5, 0.0025303801740869216, 0.0, 0.0, 0.05, 0.5, 0.5, 0.05, 0.5, 0.5, 0.0, 0.0, 0.0, 0.030000000000000002, 0.255, 0.0, 0.0, 0.0];[0.5264139004576869, -1.4251971202838434, -11.94384501464484, 0.38730440339887373, -0.4, -9.86588883025353, -14.0, -14.0, -1.0, 0.0, 0.0, -1.0, 0.0, 0.0, 0.01348241427325958];5.884970999999496
[29.555975869435667, 1044.7383504225731, 119.37192627208472];True;False;[0.0, 7.25, 1.4500000000000002, 0.0, 0.0, 11.225843709941078, 0.5, 0.5, 4886.103041326264, 10500.0, 10500.0, 0.0, 3.0, 0.0, 0.025, 0.012012462120930345, 0.0, 0.0, 0.05, 0.5, 0.5, 0.05, 0.5, 0.5, 0.0032359473613883276, 0.0, 0.0, 0.05, 0.5, 0.5, 0.05, 0.5, 0.5, 0.0, 0.0, 0.0, 0.030000000000000002, 0.255, 0.0, 0.0, 0.0];[0.2916470476855686, -1.4856729989224031, -6.714259006312256, 0.6591196617249699, -0.4, -3.7741562900589223, -14.0, -14.0, -1.0, 0.0, 0.0, -1.0, 0.0, 0.0, 0.0386404964844681];7.948746099995333
[36.12851924782313, 1022.8862233549916, 119.1962078406379];True;False;[0.0, 7.25, 1.4500000000000002, 0.0, 0.0, 5.13411116974647, 0.5, 0.5, 4880.458900046051, 10500.0, 10500.0, 0.0, 3.0, 0.0, 0.025, 0.0039745701209167915, 0.0, 0.0, 0.05, 0.5, 0.5, 0.05, 0.5, 0.5, 0.0074252438767642625, 0.0, 0.0, 0.05, 0.5, 0.5, 0.05, 0.5, 0.5, 0.0, 0.0, 0.0, 0.030000000000000002, 0.255, 0.0, 0.0, 0.0];[0.5221696474546542, -1.426290438725066, -11.943845014644836, 0.3882363829385922, -0.4, -9.86588883025353, -14.0, -14.0, -1.0, 0.0, 0.0, -1.0, 0.0, 0.0, 0.013916360044067488];5.773947800000315
[36.93741136717834, 1029.6642842050971, 119.09339061327756];True;False;[0.0, 7.25, 1.4500000000000002, 0.0, 0.0, 4.764495426280657, 0.5, 0.5, 4885.853652090023, 10500.0, 10500.0, 0.0, 3.0, 0.0, 0.025, 0.012012462120930345, 0.0, 0.0, 0.05, 0.5, 0.5, 0.05, 0.5, 0.5, 0.0019430598345322085, 0.0, 0.0, 0.05, 0.5, 0.5, 0.05, 0.5, 0.5, 0.0, 0.0, 0.0, 0.030000000000000002, 0.255, 0.0, 0.0, 0.0];[0.5636424959232231, -1.4156070440244688, -12.203010797277623, 0.3560098424654239, -0.4, -10.235504573719343, -14.0, -14.0, -1.0, 0.0, 0.0, -1.0, 0.0, 0.0, 0.009707221001807431];15.79114649999974
[36.19897842780016, 1020.3468794624748, 119.22841795985664];True;False;[0.0, 7.25, 1.4500000000000002, 0.0, 0.0, 5.13411116974647, 0.5, 0.5, 5607.434439354938, 10500.0, 10500.0, 0.0, 3.0, 0.0, 0.025, 0.0039745701209167915, 0.0, 0.0, 0.05, 0.5, 0.5, 0.05, 0.5, 0.5, 0.003273507286190566, 0.0, 0.0, 0.05, 0.5, 0.5, 0.05, 0.5, 0.5, 0.0, 0.0, 0.0, 0.030000000000000002, 0.255, 0.0, 0.0, 0.0];[0.5165680903695513, -1.427733398335698, -11.943845014644836, 0.38946568765328116, -0.4, -9.86588883025353, -14.0, -14.0, -1.0, 0.0, 0.0, -1.0, 0.0, 0.0, 0.014490204906908777];5.869920800003456
[29.56447499015462, 1044.0359485371355, 119.38082586479464];True;False;[0.0, 7.25, 1.4500000000000002, 0.0, 0.0, 11.240465342119792, 0.5, 0.5, 4885.858994284943, 10500.0, 10500.0, 0.0, 3.0, 0.0, 0.025, 0.012012462120930345, 0.0, 0.0, 0.05, 0.5, 0.5, 0.05, 0.5, 0.5, 0.0019608283970659187, 0.0, 0.0, 0.05, 0.5, 0.5, 0.05, 0.5, 0.5, 0.0, 0.0, 0.0, 0.030000000000000002, 0.255, 0.0, 0.0, 0.0];[0.2897484222692599, -1.4861620843230905, -6.699583683727235, 0.6600364438509521, -0.4, -3.7595346578802076, -14.0, -14.0, -1.0, 0.0, 0.0, -1.0, 0.0, 0.0, 0.038854010107045256];9.058512700001302
[1e+30, 1e+30, 1e+30];False;False;[0.0, 7.25, 1.4500000000000002, 0.0, 0.0, 4.648413831535837, 0.5, 0.5, 4885.853652090023, 10500.0, 10500.0, 0.0, 3.0, 0.0, 0.025, 0.012012462120930345, 0.0, 0.0, 0.05, 0.5, 0.5, 0.05, 0.5, 0.5, 0.0019405931827999462, 0.0, 0.0, 0.05, 0.5, 0.5, 0.05, 0.5, 0.5, 0.0, 0.0, 0.0, 0.030000000000000002, 0.255, 0.0, 0.0, 0.0];[1e+30, 1e+30, 1e+30, 1e+30, 1e+30, 1e+30, 1e+30, 1e+30, 1e+30, 1e+30, 1e+30, 1e+30, 1e+30, 1e+30, 1e+30];23.142792500002543
[36.091890597110115, 1024.2124555466514, 119.17940947589096];True;False;[0.0, 7.25, 1.4500000000000002, 0.0, 0.0, 5.13411116974647, 0.5, 0.5, 4885.867076935511, 10500.0, 10500.0, 0.0, 3.0, 0.0, 0.025, 0.01183044301680714, 0.0, 0.0, 0.05, 0.5, 0.5, 0.05, 0.5, 0.5, 0.001732866792707342, 0.0, 0.0, 0.05, 0.5, 0.5, 0.05, 0.5, 0.5, 0.0, 0.0, 0.0, 0.030000000000000002, 0.255, 0.0, 0.0, 0.0];[0.5250921114232607, -1.4255376127864603, -11.943845014644829, 0.3875947001356139, -0.4, -9.86588883025353, -14.0, -14.0, -1.0, 0.0, 0.0, -1.0, 0.0, 0.0, 0.013617479543608813];6.201197000002139
[29.556243781780257, 1044.7251685936726, 119.3720744895036];True;False;[0.0, 7.25, 1.4500000000000002, 0.0, 0.0, 11.225843709941078, 0.5, 0.5, 4886.097699131344, 10500.0, 10500.0, 0.0, 3.0, 0.0, 0.025, 0.012012462120930345, 0.0, 0.0, 0.05, 0.5, 0.5, 0.05, 0.5, 0.5, 0.0032157121471223585, 0.0, 0.0, 0.05, 0.5, 0.5, 0.05, 0.5, 0.5, 0.0, 0.0, 0.0, 0.030000000000000002, 0.255, 0.0, 0.0, 0.0];[0.29162005169334115, -1.4856799530828002, -6.714259006312263, 0.6591283696079178, -0.4, -3.7741562900589223, -14.0, -14.0, -1.0, 0.0, 0.0, -1.0, 0.0, 0.0, 0.03864353118557229];8.293473300000187
[36.19897840185671, 1020.3468794624789, 119.22841796826361];True;False;[0.0, 7.25, 1.4500000000000002, 0.0, 0.0, 5.13411116974647, 0.5, 0.5, 4880.465946555098, 10500.0, 10500.0, 0.0, 3.0, 0.0, 0.025, 0.0039745701209167915, 0.0, 0.0, 0.05, 0.5, 0.5, 0.05, 0.5, 0.5, 0.003273507286190566, 0.0, 0.0, 0.05, 0.5, 0.5, 0.05, 0.5, 0.5, 0.0, 0.0, 0.0, 0.030000000000000002, 0.255, 0.0, 0.0, 0.0];[0.5165680903695593, -1.4277333983356935, -11.943845014644824, 0.3894656889139594, -0.4, -9.86588883025353, -14.0, -14.0, -1.0, 0.0, 0.0, -1.0, 0.0, 0.0, 0.014490204906906667];5.722795400004543
[36.075353507555874, 1024.8126061871717, 119.17181328536512];True;False;[0.0, 7.25, 1.4500000000000002, 0.0, 0.0, 5.13411116974647, 0.5, 0.5, 4885.853652090023, 10500.0, 10500.0, 0.0, 3.0, 0.0, 0.025, 0.012012462120930345, 0.0, 0.0, 0.05, 0.5, 0.5, 0.05, 0.5, 0.5, 0.0025303801740869216, 0.0, 0.0, 0.05, 0.5, 0.5, 0.05, 0.5, 0.5, 0.0, 0.0, 0.0, 0.030000000000000002, 0.255, 0.0, 0.0, 0.0];[0.5264139004576869, -1.4251971202838434, -11.94384501464484, 0.38730440339887373, -0.4, -9.86588883025353, -14.0, -14.0, -1.0, 0.0, 0.0, -1.0, 0.0, 0.0, 0.01348241427325958];5.940681799998856
[29.555455677231745, 1044.7639460953096, 119.37163847563751];True;False;[0.0, 7.25, 1.4500000000000002, 0.0, 0.0, 11.225843709941078, 0.5, 0.5, 4886.103041326264, 10500.0, 10500.0, 0.0, 3.0, 0.0, 0.025, 0.012012462120930345, 0.0, 0.0, 0.05, 0.5, 0.5, 0.05, 0.5, 0.5, 0.00327523672471703, 0.0, 0.0, 0.05, 0.5, 0.5, 0.05, 0.5, 0.5, 0.0, 0.0, 0.0, 0.030000000000000002, 0.255, 0.0, 0.0, 0.0];[0.29169946631530763, -1.4856594958973666, -6.714259006312169, 0.6591027534182352, -0.4, -3.7741562900589223, -14.0, -14.0, -1.0, 0.0, 0.0, -1.0, 0.0, 0.0, 0.038634604045480914];7.837979700001597
[29.564742360069165, 1044.0228114982428, 119.3809736070425];True;False;[0.0, 7.25, 1.4500000000000002, 0.0, 0.0, 11.240465342119792, 0.5, 0.5, 4885.853652090023, 10500.0, 10500.0, 0.0, 3.0, 0.0, 0.025, 0.012012462120930345, 0.0, 0.0, 0.05, 0.5, 0.5, 0.05, 0.5, 0.5, 0.0019406188452109065, 0.0, 0.0, 0.05, 0.5, 0.5, 0.05, 0.5, 0.5, 0.0, 0.0, 0.0, 0.030000000000000002, 0.255, 0.0, 0.0, 0.0];[0.2897215106953661, -1.486169016737344, -6.699583683727168, 0.6600451282532316, -0.4, -3.7595346578802076, -14.0, -14.0, -1.0, 0.0, 0.0, -1.0, 0.0, 0.0, 0.03885703771720461];7.576084200001787
[36.129186473223, 1022.8621038527407, 119.19651349740036];True;False;[0.0, 7.25, 1.4500000000000002, 0.0, 0.0, 5.13411116974647, 0.5, 0.5, 4880.458900046051, 10500.0, 10500.0, 0.0, 3.0, 0.0, 0.025, 0.0039745701209167915, 0.0, 0.0, 0.05, 0.5, 0.5, 0.05, 0.5, 0.5, 0.0073859545135837035, 0.0, 0.0, 0.05, 0.5, 0.5, 0.05, 0.5, 0.5, 0.0, 0.0, 0.0, 0.030000000000000002, 0.255, 0.0, 0.0, 0.0];[0.5221164785564412, -1.426304135019061, -11.943845014644829, 0.3882480551298604, -0.4, -9.86588883025353, -14.0, -14.0, -1.0, 0.0, 0.0, -1.0, 0.0, 0.0, 0.013921800851096955];6.125801199996204
[36.075353507555874, 1024.8126061871717, 119.17181328536512];True;False;[0.0, 7.25, 1.4500000000000002, 0.0, 0.0, 5.13411116974647, 0.5, 0.5, 4885.853652090023, 10500.0, 10500.0, 0.0, 3.0, 0.0, 0.025, 0.012012462120930345, 0.0, 0.0, 0.05, 0.5, 0.5, 0.05, 0.5, 0.5, 0.0025303801740869216, 0.0, 0.0, 0.05, 0.5, 0.5, 0.05, 0.5, 0.5, 0.0, 0.0, 0.0, 0.030000000000000002, 0.255, 0.0, 0.0, 0.0];[0.5264139004576869, -1.4251971202838434, -11.94384501464484, 0.38730440339887373, -0.4, -9.86588883025353, -14.0, -14.0, -1.0, 0.0, 0.0, -1.0, 0.0, 0.0, 0.01348241427325958];5.57691970000451
[36.93140246736316, 1030.0568921043305, 119.08815781759716];True;False;[0.0, 7.25, 1.4500000000000002, 0.0, 0.0, 4.762949082407085, 0.5, 0.5, 4885.853652090023, 10500.0, 10500.0, 0.0, 3.0, 0.0, 0.025, 0.012012462120930345, 0.0, 0.0, 0.05, 0.5, 0.5, 0.05, 0.5, 0.5, 0.0025347043980827773, 0.0, 0.0, 0.05, 0.5, 0.5, 0.05, 0.5, 0.5, 0.0, 0.0, 0.0, 0.030000000000000002, 0.255, 0.0, 0.0, 0.0];[0.5646251410212972, -1.4153539149093743, -12.204080641852698, 0.35568376687646985, -0.4, -10.237050917592915, -14.0, -14.0, -1.0, 0.0, 0.0, -1.0, 0.0, 0.0, 0.009608326949785417];15.766066900003352
[35.92964664441783, 1030.1682347002202, 119.1036966913878];True;False;[0.0, 7.25, 1.4500000000000002, 0.0, 0.0, 5.13411116974647, 0.5, 0.5, 4885.77514346971, 10500.0, 10500.0, 0.0, 3.0, 0.0, 0.025, 0.015431422392116628, 0.0, 0.0, 0.05, 0.5, 0.5, 0.05, 0.5, 0.5, 0.007783253513517639, 0.0, 0.0, 0.05, 0.5, 0.5, 0.05, 0.5, 0.5, 0.0, 0.0, 0.0, 0.030000000000000002, 0.255, 0.0, 0.0, 0.0];[0.538190233508324, -1.4221635400319188, -11.943845014644822, 0.3846778050589854, -0.4, -9.86588883025353, -14.0, -14.0, -1.0, 0.0, 0.0, -1.0, 0.0, 0.0, 0.01228219362936811];5.4711122999942745
[29.446624850338548, 1046.3950986858752, 119.36666681319147];True;False;[0.0, 7.25, 1.4500000000000002, 0.0, 0.0, 11.421089946264601, 0.5, 0.5, 4886.097618113222, 10500.0, 10500.0, 0.0, 3.0, 0.0, 0.025, 0.012012462120930345, 0.0, 0.0, 0.05, 0.5, 0.5, 0.05, 0.5, 0.5, 0.0031509789087271855, 0.0, 0.0, 0.05, 0.5, 0.5, 0.05, 0.5, 0.5, 0.0, 0.0, 0.0, 0.030000000000000002, 0.255, 0.0, 0.0, 0.0];[0.28894101964335217, -1.486370071024113, -6.517470557556482, 0.6640118677404712, -0.4, -3.578910053735399, -14.0, -14.0, -1.0, 0.0, 0.0, -1.0, 0.0, 0.0, 0.03894485944951254];8.00220559999434
[36.082010552118064, 1024.4325610207989, 119.1767021120686];True;False;[0.0, 7.25, 1.4500000000000002, 0.0, 0.0, 5.135657513620043, 0.5, 0.5, 4885.853652090023, 10500.0, 10500.0, 0.0, 3.0, 0.0, 0.025, 0.012012462120930345, 0.0, 0.0, 0.05, 0.5, 0.5, 0.05, 0.5, 0.5, 0.001938735610536353, 0.0, 0.0, 0.05, 0.5, 0.5, 0.05, 0.5, 0.5, 0.0, 0.0, 0.0, 0.030000000000000002, 0.255, 0.0, 0.0, 0.0];[0.5254701915074307, -1.4254402194576572, -11.94274637244721, 0.3876043252780357, -0.4, -9.864342486379957, -14.0, -14.0, -1.0, 0.0, 0.0, -1.0, 0.0, 0.0, 0.013578838673704796];6.032668100000592
[36.08205263134899, 1024.569383058838, 119.17489138433231];True;False;[0.0, 7.25, 1.4500000000000002, 0.0, 0.0, 5.13411116974647, 0.5, 0.5, 4880.537408666364, 10500.0, 10500.0, 0.0, 3.0, 0.0, 0.025, 0.012012462120930345, 0.0, 0.0, 0.05, 0.5, 0.5, 0.05, 0.5, 0.5, 0.002133082150561106, 0.0, 0.0, 0.05, 0.5, 0.5, 0.05, 0.5, 0.5, 0.0, 0.0, 0.0, 0.030000000000000002, 0.255, 0.0, 0.0, 0.0];[0.5258782708576852, -1.425335098325902, -11.943845014644838, 0.38742204601468466, -0.4, -9.86588883025353, -14.0, -14.0, -1.0, 0.0, 0.0, -1.0, 0.0, 0.0, 0.01353713831657155];5.747727699999814
[36.93741136717834, 1029.6642842050971, 119.09339061327756];True;False;[0.0, 7.25, 1.4500000000000002, 0.0, 0.0, 4.764495426280657, 0.5, 0.5, 4885.853652090023, 10500.0, 10500.0, 0.0, 3.0, 0.0, 0.025, 0.012012462120930345, 0.0, 0.0, 0.05, 0.5, 0.5, 0.05, 0.5, 0.5, 0.0019430598345322085, 0.0, 0.0, 0.05, 0.5, 0.5, 0.05, 0.5, 0.5, 0.0, 0.0, 0.0, 0.030000000000000002, 0.255, 0.0, 0.0, 0.0];[0.5636424959232231, -1.4156070440244688, -12.203010797277623, 0.3560098424654239, -0.4, -10.235504573719343, -14.0, -14.0, -1.0, 0.0, 0.0, -1.0, 0.0, 0.0, 0.009707221001807431];16.12517040000239
[29.51709103966603, 1046.040963212038, 119.35945295484932];True;False;[0.0, 7.25, 1.4500000000000002, 0.0, 0.0, 11.257409196202907, 0.5, 0.5, 4885.853652090023, 10500.0, 10500.0, 0.0, 3.0, 0.0, 0.025, 0.008891896416658584, 0.0, 0.0, 0.05, 0.5, 0.5, 0.05, 0.5, 0.5, 0.00793234643274244, 0.0, 0.0, 0.05, 0.5, 0.5, 0.05, 0.5, 0.5, 0.0, 0.0, 0.0, 0.030000000000000002, 0.255, 0.0, 0.0, 0.0];[0.2933208987624729, -1.4852418153315814, -6.682565092680333, 0.6592347324674528, -0.4, -3.7425908037970927, -14.0, -14.0, -1.0, 0.0, 0.0, -1.0, 0.0, 0.0, 0.03845240059142718];8.086192499999015
[29.45458632924452, 1048.3157334867142, 119.33684168672465];True;False;[0.0, 7.25, 1.4500000000000002, 0.0, 0.0, 11.299802550131535, 0.5, 0.5, 4885.853149834786, 10500.0, 10500.0, 0.0, 3.0, 0.0, 0.025, 0.011941988370448686, 0.0, 0.0, 0.05, 0.5, 0.5, 0.05, 0.5, 0.5, 0.007783253513517639, 0.0, 0.0, 0.05, 0.5, 0.5, 0.05, 0.5, 0.5, 0.0, 0.0, 0.0, 0.030000000000000002, 0.255, 0.0, 0.0, 0.0];[0.2966419560690632, -1.4843863118554474, -6.639925872981729, 0.6590357304593608, -0.4, -3.7001974498684653, -14.0, -14.0, -1.0, 0.0, 0.0, -1.0, 0.0, 0.0, 0.03807959159387386];7.921941799999331
[36.154577448010606, 1027.3181255545583, 119.13711432525969];True;False;[0.0, 7.25, 1.4500000000000002, 0.0, 0.0, 5.074773964823491, 0.5, 0.5, 4885.775645724947, 10500.0, 10500.0, 0.0, 3.0, 0.0, 0.025, 0.015501896142598288, 0.0, 0.0, 0.05, 0.5, 0.5, 0.05, 0.5, 0.5, 0.0019405931827999462, 0.0, 0.0, 0.05, 0.5, 0.5, 0.05, 0.5, 0.5, 0.0, 0.0, 0.0, 0.030000000000000002, 0.255, 0.0, 0.0, 0.0];[0.536053700852265, -1.422713910274093, -11.985912388977178, 0.3816139806034289, -0.4, -9.92522603517651, -14.0, -14.0, -1.0, 0.0, 0.0, -1.0, 0.0, 0.0, 0.012499528014745298];5.95533279999654
[29.555975869435667, 1044.7383504225731, 119.37192627208472];True;False;[0.0, 7.25, 1.4500000000000002, 0.0, 0.0, 11.225843709941078, 0.5, 0.5, 4886.103041326264, 10500.0, 10500.0, 0.0, 3.0, 0.0, 0.025, 0.012012462120930345, 0.0, 0.0, 0.05, 0.5, 0.5, 0.05, 0.5, 0.5, 0.0032359473613883276, 0.0, 0.0, 0.05, 0.5, 0.5, 0.05, 0.5, 0.5, 0.0, 0.0, 0.0, 0.030000000000000002, 0.255, 0.0, 0.0, 0.0];[0.2916470476855686, -1.4856729989224031, -6.714259006312256, 0.6591196617249699, -0.4, -3.7741562900589223, -14.0, -14.0, -1.0, 0.0, 0.0, -1.0, 0.0, 0.0, 0.0386404964844681];7.757615100003022
[1e+30, 1e+30, 1e+30];False;False;[0.0, 7.25, 1.4500000000000002, 0.0, 0.0, 11.082313100737032, 0.5, 0.5, 4885.775645724947, 10500.0, 10500.0, 0.0, 3.0, 0.0, 0.025, 0.015496173554143303, 0.0, 0.0, 0.05, 0.5, 0.5, 0.05, 0.5, 0.5, 0.001971811834481141, 0.0, 0.0, 0.05, 0.5, 0.5, 0.05, 0.5, 0.5, 0.0, 0.0, 0.0, 0.030000000000000002, 0.255, 0.0, 0.0, 0.0];[1e+30, 1e+30, 1e+30, 1e+30, 1e+30, 1e+30, 1e+30, 1e+30, 1e+30, 1e+30, 1e+30, 1e+30, 1e+30, 1e+30, 1e+30];25.279541199997766
[36.21586939688424, 1026.108680266354, 119.15187176094497];True;False;[0.0, 7.25, 1.4500000000000002, 0.0, 0.0, 5.063770417818216, 0.5, 0.5, 4886.108321608786, 10500.0, 10500.0, 0.0, 3.0, 0.0, 0.025, 0.012012462120930345, 0.0, 0.0, 0.05, 0.5, 0.5, 0.05, 0.5, 0.5, 0.003264008472391994, 0.0, 0.0, 0.05, 0.5, 0.5, 0.05, 0.5, 0.5, 0.0, 0.0, 0.0, 0.030000000000000002, 0.255, 0.0, 0.0, 0.0];[0.534160847664551, -1.4232015087502428, -11.99369403440953, 0.3813568678237018, -0.4, -9.936229582181785, -14.0, -14.0, -1.0, 0.0, 0.0, -1.0, 0.0, 0.0, 0.012692228723895194];6.269778500005486
[36.075353507555874, 1024.8126061871717, 119.17181328536512];True;False;[0.0, 7.25, 1.4500000000000002, 0.0, 0.0, 5.13411116974647, 0.5, 0.5, 4885.853652090023, 10500.0, 10500.0, 0.0, 3.0, 0.0, 0.025, 0.012012462120930345, 0.0, 0.0, 0.05, 0.5, 0.5, 0.05, 0.5, 0.5, 0.0025303801740869216, 0.0, 0.0, 0.05, 0.5, 0.5, 0.05, 0.5, 0.5, 0.0, 0.0, 0.0, 0.030000000000000002, 0.255, 0.0, 0.0, 0.0];[0.5264139004576869, -1.4251971202838434, -11.94384501464484, 0.38730440339887373, -0.4, -9.86588883025353, -14.0, -14.0, -1.0, 0.0, 0.0, -1.0, 0.0, 0.0, 0.01348241427325958];5.35951809999824
[29.52553766266875, 1044.8746309425114, 119.37520746022327];True;False;[0.0, 7.25, 1.4500000000000002, 0.0, 0.0, 11.296184465226832, 0.5, 0.5, 4885.8483718075, 10500.0, 10500.0, 0.0, 3.0, 0.0, 0.025, 0.012012462120930345, 0.0, 0.0, 0.05, 0.5, 0.5, 0.05, 0.5, 0.5, 0.002502319063083255, 0.0, 0.0, 0.05, 0.5, 0.5, 0.05, 0.5, 0.5, 0.0, 0.0, 0.0, 0.030000000000000002, 0.255, 0.0, 0.0, 0.0];[0.289718582633232, -1.4861697710053747, -6.643568224625691, 0.6612007718756794, -0.4, -3.7038155347731685, -14.0, -14.0, -1.0, 0.0, 0.0, -1.0, 0.0, 0.0, 0.03885736713257171];8.170904200000223
[36.23830818281565, 1020.553389410813, 119.22444767656846];True;False;[0.0, 7.25, 1.4500000000000002, 0.0, 0.0, 5.1163286686696825, 0.5, 0.5, 4880.465946555098, 10500.0, 10500.0, 0.0, 3.0, 0.0, 0.025, 0.0039745701209167915, 0.0, 0.0, 0.05, 0.5, 0.5, 0.05, 0.5, 0.5, 0.0032680943096289102, 0.0, 0.0, 0.05, 0.5, 0.5, 0.05, 0.5, 0.5, 0.0, 0.0, 0.0, 0.030000000000000002, 0.255, 0.0, 0.0, 0.0];[0.5182514002789471, -1.4272997781521435, -11.956470482656638, 0.3879863227466216, -0.4, -9.883671331330317, -14.0, -14.0, -1.0, 0.0, 0.0, -1.0, 0.0, 0.0, 0.01431762557775107];5.536649199995736
[36.879318347802815, 1031.7259873968676, 119.06719300004568];True;False;[0.0, 7.25, 1.4500000000000002, 0.0, 0.0, 4.764495426280657, 0.5, 0.5, 4885.853652090023, 10500.0, 10500.0, 0.0, 3.0, 0.0, 0.025, 0.015343602417467487, 0.0, 0.0, 0.05, 0.5, 0.5, 0.05, 0.5, 0.5, 0.0019430598345322085, 0.0, 0.0, 0.05, 0.5, 0.5, 0.05, 0.5, 0.5, 0.0, 0.0, 0.0, 0.030000000000000002, 0.255, 0.0, 0.0, 0.0];[0.5681943246311931, -1.4144344941637268, -12.203010797273329, 0.35505166595230664, -0.4, -10.235504573719343, -14.0, -14.0, -1.0, 0.0, 0.0, -1.0, 0.0, 0.0, 0.009249444560616271];17.445864299996174
[36.00518178748098, 1027.3985912271874, 119.13863955918643];True;False;[0.0, 7.25, 1.4500000000000002, 0.0, 0.0, 5.13411116974647, 0.5, 0.5, 4885.77514346971, 10500.0, 10500.0, 0.0, 3.0, 0.0, 0.025, 0.015431422392116628, 0.0, 0.0, 0.05, 0.5, 0.5, 0.05, 0.5, 0.5, 0.003297561208924576, 0.0, 0.0, 0.05, 0.5, 0.5, 0.05, 0.5, 0.5, 0.0, 0.0, 0.0, 0.030000000000000002, 0.255, 0.0, 0.0, 0.0];[0.5321044187430397, -1.423731244291764, -11.943845014634583, 0.38601590927578, -0.4, -9.86588883025353, -14.0, -14.0, -1.0, 0.0, 0.0, -1.0, 0.0, 0.0, 0.012901746460259433];5.712906699998712
[29.555491411623017, 1044.7621877618008, 119.3716582461189];True;False;[0.0, 7.25, 1.4500000000000002, 0.0, 0.0, 11.225843709941078, 0.5, 0.5, 4880.505528467322, 10500.0, 10500.0, 0.0, 3.0, 0.0, 0.025, 0.012012462120930345, 0.0, 0.0, 0.05, 0.5, 0.5, 0.05, 0.5, 0.5, 0.0032725377729256873, 0.0, 0.0, 0.05, 0.5, 0.5, 0.05, 0.5, 0.5, 0.0, 0.0, 0.0, 0.030000000000000002, 0.255, 0.0, 0.0, 0.0];[0.291695865361123, -1.4856604235022077, -6.714259006312167, 0.6591039149544902, -0.4, -3.7741562900589223, -14.0, -14.0, -1.0, 0.0, 0.0, -1.0, 0.0, 0.0, 0.038635008828797];8.764871799998218
[29.49582850285012, 1045.085147590996, 119.37731470193896];True;False;[0.0, 7.25, 1.4500000000000002, 0.0, 0.0, 11.361756233583865, 0.5, 0.5, 4885.853652090023, 10500.0, 10500.0, 0.0, 3.0, 0.0, 0.025, 0.012012462120930345, 0.0, 0.0, 0.05, 0.5, 0.5, 0.05, 0.5, 0.5, 0.0019430598345322085, 0.0, 0.0, 0.05, 0.5, 0.5, 0.05, 0.5, 0.5, 0.0, 0.0, 0.0, 0.030000000000000002, 0.255, 0.0, 0.0, 0.0];[0.2881039618836736, -1.4865856968796853, -6.577461608358496, 0.6630723493364599, -0.4, -3.638243766416135, -14.0, -14.0, -1.0, 0.0, 0.0, -1.0, 0.0, 0.0, 0.0390390779502483];8.06272760000138
[1e+30, 1e+30, 1e+30];False;False;[0.0, 7.25, 1.4500000000000002, 0.0, 0.0, 4.643204568083443, 0.5, 0.5, 4885.853652090023, 10500.0, 10500.0, 0.0, 3.0, 0.0, 0.025, 0.012012462120930345, 0.0, 0.0, 0.05, 0.5, 0.5, 0.05, 0.5, 0.5, 0.0019405931827999462, 0.0, 0.0, 0.05, 0.5, 0.5, 0.05, 0.5, 0.5, 0.0, 0.0, 0.0, 0.030000000000000002, 0.255, 0.0, 0.0, 0.0];[1e+30, 1e+30, 1e+30, 1e+30, 1e+30, 1e+30, 1e+30, 1e+30, 1e+30, 1e+30, 1e+30, 1e+30, 1e+30, 1e+30, 1e+30];26.956283699997584
[36.21586939688424, 1026.108680266354, 119.15187176094497];True;False;[0.0, 7.25, 1.4500000000000002, 0.0, 0.0, 5.063770417818216, 0.5, 0.5, 4886.108321608786, 10500.0, 10500.0, 0.0, 3.0, 0.0, 0.025, 0.012012462120930345, 0.0, 0.0, 0.05, 0.5, 0.5, 0.05, 0.5, 0.5, 0.003264008472391994, 0.0, 0.0, 0.05, 0.5, 0.5, 0.05, 0.5, 0.5, 0.0, 0.0, 0.0, 0.030000000000000002, 0.255, 0.0, 0.0, 0.0];[0.534160847664551, -1.4232015087502428, -11.99369403440953, 0.3813568678237018, -0.4, -9.936229582181785, -14.0, -14.0, -1.0, 0.0, 0.0, -1.0, 0.0, 0.0, 0.012692228723895194];6.397202000000107
[1e+30, 1e+30, 1e+30];False;False;[0.0, 7.25, 1.4500000000000002, 0.0, 0.0, 4.770906374371311, 0.5, 0.5, 4885.802847816581, 10500.0, 10500.0, 0.0, 3.0, 0.0, 0.025, 0.0039745701209167915, 0.0, 0.0, 0.05, 0.5, 0.5, 0.05, 0.5, 0.5, 0.0032818572580163054, 0.0, 0.0, 0.05, 0.5, 0.5, 0.05, 0.5, 0.5, 0.0, 0.0, 0.0, 0.030000000000000002, 0.255, 0.0, 0.0, 0.0];[1e+30, 1e+30, 1e+30, 1e+30, 1e+30, 1e+30, 1e+30, 1e+30, 1e+30, 1e+30, 1e+30, 1e+30, 1e+30, 1e+30, 1e+30];36.96460070000467
[36.075353507555874, 1024.8126061871717, 119.17181328536512];True;False;[0.0, 7.25, 1.4500000000000002, 0.0, 0.0, 5.13411116974647, 0.5, 0.5, 4885.853652090023, 10500.0, 10500.0, 0.0, 3.0, 0.0, 0.025, 0.012012462120930345, 0.0, 0.0, 0.05, 0.5, 0.5, 0.05, 0.5, 0.5, 0.0025303801740869216, 0.0, 0.0, 0.05, 0.5, 0.5, 0.05, 0.5, 0.5, 0.0, 0.0, 0.0, 0.030000000000000002, 0.255, 0.0, 0.0, 0.0];[0.5264139004576869, -1.4251971202838434, -11.94384501464484, 0.38730440339887373, -0.4, -9.86588883025353, -14.0, -14.0, -1.0, 0.0, 0.0, -1.0, 0.0, 0.0, 0.01348241427325958];6.022380999995221
[36.075353507555874, 1024.8126061871717, 119.17181328536512];True;False;[0.0, 7.25, 1.4500000000000002, 0.0, 0.0, 5.13411116974647, 0.5, 0.5, 4885.853652090023, 10500.0, 10500.0, 0.0, 3.0, 0.0, 0.025, 0.012012462120930345, 0.0, 0.0, 0.05, 0.5, 0.5, 0.05, 0.5, 0.5, 0.0025303801740869216, 0.0, 0.0, 0.05, 0.5, 0.5, 0.05, 0.5, 0.5, 0.0, 0.0, 0.0, 0.030000000000000002, 0.255, 0.0, 0.0, 0.0];[0.5264139004576869, -1.4251971202838434, -11.94384501464484, 0.38730440339887373, -0.4, -9.86588883025353, -14.0, -14.0, -1.0, 0.0, 0.0, -1.0, 0.0, 0.0, 0.01348241427325958];5.979636600000958
[36.879318347802815, 1031.7259873968676, 119.06719300004568];True;False;[0.0, 7.25, 1.4500000000000002, 0.0, 0.0, 4.764495426280657, 0.5, 0.5, 4885.853652090023, 10500.0, 10500.0, 0.0, 3.0, 0.0, 0.025, 0.015343602417467487, 0.0, 0.0, 0.05, 0.5, 0.5, 0.05, 0.5, 0.5, 0.0019430598345322085, 0.0, 0.0, 0.05, 0.5, 0.5, 0.05, 0.5, 0.5, 0.0, 0.0, 0.0, 0.030000000000000002, 0.255, 0.0, 0.0, 0.0];[0.5681943246311931, -1.4144344941637268, -12.203010797273329, 0.35505166595230664, -0.4, -10.235504573719343, -14.0, -14.0, -1.0, 0.0, 0.0, -1.0, 0.0, 0.0, 0.009249444560616271];16.6648903000023
[36.18305855568255, 1027.276931035721, 119.13709768532796];True;False;[0.0, 7.25, 1.4500000000000002, 0.0, 0.0, 5.0639952204862215, 0.5, 0.5, 4885.853652090023, 10500.0, 10500.0, 0.0, 3.0, 0.0, 0.025, 0.01520507451362524, 0.0, 0.0, 0.05, 0.5, 0.5, 0.05, 0.5, 0.5, 0.001955223121414943, 0.0, 0.0, 0.05, 0.5, 0.5, 0.05, 0.5, 0.5, 0.0, 0.0, 0.0, 0.030000000000000002, 0.255, 0.0, 0.0, 0.0];[0.5367177833289238, -1.4225428428052787, -11.993535115909033, 0.38081327469644943, -0.4, -9.936004779513778, -14.0, -14.0, -1.0, 0.0, 0.0, -1.0, 0.0, 0.0, 0.012431955843640874];6.037495399999898
[36.186446250143916, 1020.2796591253152, 119.22956227301053];True;False;[0.0, 7.25, 1.4500000000000002, 0.0, 0.0, 5.13993384485785, 0.5, 0.5, 4880.465946555098, 10500.0, 10500.0, 0.0, 3.0, 0.0, 0.025, 0.0039745701209167915, 0.0, 0.0, 0.05, 0.5, 0.5, 0.05, 0.5, 0.5, 0.003273507286190566, 0.0, 0.0, 0.05, 0.5, 0.5, 0.05, 0.5, 0.5, 0.0, 0.0, 0.0, 0.030000000000000002, 0.255, 0.0, 0.0, 0.0];[0.5160187663306433, -1.4278749040615624, -11.9397075136734, 0.3899363524601307, -0.4, -9.86006615514215, -14.0, -14.0, -1.0, 0.0, 0.0, -1.0, 0.0, 0.0, 0.014546548762565226];6.1498317000005045
[36.19897840185671, 1020.3468794624789, 119.22841796826361];True;False;[0.0, 7.25, 1.4500000000000002, 0.0, 0.0, 5.13411116974647, 0.5, 0.5, 4880.465946555098, 10500.0, 10500.0, 0.0, 3.0, 0.0, 0.025, 0.0039745701209167915, 0.0, 0.0, 0.05, 0.5, 0.5, 0.05, 0.5, 0.5, 0.003273507286190566, 0.0, 0.0, 0.05, 0.5, 0.5, 0.05, 0.5, 0.5, 0.0, 0.0, 0.0, 0.030000000000000002, 0.255, 0.0, 0.0, 0.0];[0.5165680903695593, -1.4277333983356935, -11.943845014644824, 0.3894656889139594, -0.4, -9.86588883025353, -14.0, -14.0, -1.0, 0.0, 0.0, -1.0, 0.0, 0.0, 0.014490204906906667];5.713942499998666
[29.495580714536242, 1045.0763173491962, 119.3774891733141];True;False;[0.0, 7.25, 1.4500000000000002, 0.0, 0.0, 11.362863211133716, 0.5, 0.5, 4880.511705173057, 10500.0, 10500.0, 0.0, 3.0, 0.0, 0.025, 0.012012462120930345, 0.0, 0.0, 0.05, 0.5, 0.5, 0.05, 0.5, 0.5, 0.0019145702299454522, 0.0, 0.0, 0.05, 0.5, 0.5, 0.05, 0.5, 0.5, 0.0, 0.0, 0.0, 0.030000000000000002, 0.255, 0.0, 0.0, 0.0];[0.28805147075368964, -1.486599218580758, -6.576343874657354, 0.6631120521638907, -0.4, -3.637136788866284, -14.0, -14.0, -1.0, 0.0, 0.0, -1.0, 0.0, 0.0, 0.03904498740432605];7.772206899993762
[36.22870619808573, 1026.1815940399874, 119.15066145863521];True;False;[0.0, 7.25, 1.4500000000000002, 0.0, 0.0, 5.057947742706837, 0.5, 0.5, 4886.108321608786, 10500.0, 10500.0, 0.0, 3.0, 0.0, 0.025, 0.012012462120930345, 0.0, 0.0, 0.05, 0.5, 0.5, 0.05, 0.5, 0.5, 0.003264008472391994, 0.0, 0.0, 0.05, 0.5, 0.5, 0.05, 0.5, 0.5, 0.0, 0.0, 0.0, 0.030000000000000002, 0.255, 0.0, 0.0, 0.0];[0.5347296616709807, -1.4230549824139371, -11.997809344169372, 0.380877407941953, -0.4, -9.942052257293163, -14.0, -14.0, -1.0, 0.0, 0.0, -1.0, 0.0, 0.0, 0.012634305748819186];5.588363800001389
[1e+30, 1e+30, 1e+30];False;False;[0.0, 7.25, 1.4500000000000002, 0.0, 0.0, 5.69798001146324, 0.5, 0.5, 4885.853652090023, 10500.0, 10500.0, 0.0, 3.0, 0.0, 0.025, 0.012012462120930345, 0.0, 0.0, 0.05, 0.5, 0.5, 0.05, 0.5, 0.5, 0.0019405931827999462, 0.0, 0.0, 0.05, 0.5, 0.5, 0.05, 0.5, 0.5, 0.0, 0.0, 0.0, 0.030000000000000002, 0.255, 0.0, 0.0, 0.0];[1e+30, 1e+30, 1e+30, 1e+30, 1e+30, 1e+30, 1e+30, 1e+30, 1e+30, 1e+30, 1e+30, 1e+30, 1e+30, 1e+30, 1e+30];30.411160099996778
[36.19106542686579, 1020.2997200766473, 119.22920283355793];True;False;[0.0, 7.25, 1.4500000000000002, 0.0, 0.0, 5.1378389422377655, 0.5, 0.5, 4886.108321608786, 10500.0, 10500.0, 0.0, 3.0, 0.0, 0.025, 0.003977636678812323, 0.0, 0.0, 0.05, 0.5, 0.5, 0.05, 0.5, 0.5, 0.003263759543659576, 0.0, 0.0, 0.05, 0.5, 0.5, 0.05, 0.5, 0.5, 0.0, 0.0, 0.0, 0.030000000000000002, 0.255, 0.0, 0.0, 0.0];[0.5162072460187339, -1.4278263517441963, -11.941196313641688, 0.38976907835253716, -0.4, -9.862161057762235, -14.0, -14.0, -1.0, 0.0, 0.0, -1.0, 0.0, 0.0, 0.01452721511699151];5.9570349999994505
[36.22397151343911, 1026.15939713008, 119.1510456983258];True;False;[0.0, 7.25, 1.4500000000000002, 0.0, 0.0, 5.060042645326922, 0.5, 0.5, 4880.465946555098, 10500.0, 10500.0, 0.0, 3.0, 0.0, 0.025, 0.012009395614249213, 0.0, 0.0, 0.05, 0.5, 0.5, 0.05, 0.5, 0.5, 0.0032737562149229844, 0.0, 0.0, 0.05, 0.5, 0.5, 0.05, 0.5, 0.5, 0.0, 0.0, 0.0, 0.030000000000000002, 0.255, 0.0, 0.0, 0.0];[0.5345338461819331, -1.4231054244316717, -11.99632891900761, 0.3810480399065508, -0.4, -9.939957354673078, -14.0, -14.0, -1.0, 0.0, 0.0, -1.0, 0.0, 0.0, 0.012654244384718294];5.552736799996637
[36.204127415734355, 1020.314498703877, 119.2287436414051];True;False;[0.0, 7.25, 1.4500000000000002, 0.0, 0.0, 5.132396989645353, 0.5, 0.5, 4886.108321608786, 10500.0, 10500.0, 0.0, 3.0, 0.0, 0.025, 0.0038981274139108383, 0.0, 0.0, 0.05, 0.5, 0.5, 0.05, 0.5, 0.5, 0.003264008472391994, 0.0, 0.0, 0.05, 0.5, 0.5, 0.05, 0.5, 0.5, 0.0, 0.0, 0.0, 0.030000000000000002, 0.255, 0.0, 0.0, 0.0];[0.5166147355335058, -1.4277213825539115, -11.945062760919207, 0.3893522796706357, -0.4, -9.867603010354646, -14.0, -14.0, -1.0, 0.0, 0.0, -1.0, 0.0, 0.0, 0.014485421107231722];5.407109699997818
[1e+30, 1e+30, 1e+30];False;False;[0.0, 7.25, 1.4500000000000002, 0.0, 0.0, 10.658814000671953, 0.5, 0.5, 4880.465946555098, 10500.0, 10500.0, 0.0, 3.0, 0.0, 0.025, 0.0039745701209167915, 0.0, 0.0, 0.05, 0.5, 0.5, 0.05, 0.5, 0.5, 0.0032680943096289102, 0.0, 0.0, 0.05, 0.5, 0.5, 0.05, 0.5, 0.5, 0.0, 0.0, 0.0, 0.030000000000000002, 0.255, 0.0, 0.0, 0.0];[1e+30, 1e+30, 1e+30, 1e+30, 1e+30, 1e+30, 1e+30, 1e+30, 1e+30, 1e+30, 1e+30, 1e+30, 1e+30, 1e+30, 1e+30];30.747303800002555
[29.671892642660925, 1038.7905642103624, 119.439901169971];True;False;[0.0, 7.25, 1.4500000000000002, 0.0, 0.0, 11.240465342119792, 0.5, 0.5, 4885.853652090023, 10500.0, 10500.0, 0.0, 3.0, 0.0, 0.025, 0.003956975070137066, 0.0, 0.0, 0.05, 0.5, 0.5, 0.05, 0.5, 0.5, 0.0019405931827999462, 0.0, 0.0, 0.05, 0.5, 0.5, 0.05, 0.5, 0.5, 0.0, 0.0, 0.0, 0.030000000000000002, 0.255, 0.0, 0.0, 0.0];[0.2789880103078932, -1.4889339635734775, -6.69958368371393, 0.6635074103200329, -0.4, -3.7595346578802076, -14.0, -14.0, -1.0, 0.0, 0.0, -1.0, 0.0, 0.0, 0.04006729859475311];7.51009360000171
[36.0918905971105, 1024.212455546662, 119.17940947589062];True;False;[0.0, 7.25, 1.4500000000000002, 0.0, 0.0, 5.13411116974647, 0.5, 0.5, 4885.8660806731905, 10500.0, 10500.0, 0.0, 3.0, 0.0, 0.025, 0.01183044301680714, 0.0, 0.0, 0.05, 0.5, 0.5, 0.05, 0.5, 0.5, 0.001732866792707342, 0.0, 0.0, 0.05, 0.5, 0.5, 0.05, 0.5, 0.5, 0.0, 0.0, 0.0, 0.030000000000000002, 0.255, 0.0, 0.0, 0.0];[0.5250921114232856, -1.4255376127864559, -11.943845014644847, 0.3875947001355946, -0.4, -9.86588883025353, -14.0, -14.0, -1.0, 0.0, 0.0, -1.0, 0.0, 0.0, 0.013617479543607258];5.430446599995776
[36.050044581340664, 1025.2115727473115, 119.16706424252253];True;False;[0.0, 7.25, 1.4500000000000002, 0.0, 0.0, 5.13993384485785, 0.5, 0.5, 4880.465946555098, 10500.0, 10500.0, 0.0, 3.0, 0.0, 0.025, 0.012030057233079716, 0.0, 0.0, 0.05, 0.5, 0.5, 0.05, 0.5, 0.5, 0.003273507286190566, 0.0, 0.0, 0.05, 0.5, 0.5, 0.05, 0.5, 0.5, 0.0, 0.0, 0.0, 0.030000000000000002, 0.255, 0.0, 0.0, 0.0];[0.5268904640769376, -1.425074357622679, -11.939707513673337, 0.3875481657728397, -0.4, -9.86006615514215, -14.0, -14.0, -1.0, 0.0, 0.0, -1.0, 0.0, 0.0, 0.013433734669139441];5.6994874000010896
[36.125915565469086, 1026.955848473914, 119.1419721278937];True;False;[0.0, 7.25, 1.4500000000000002, 0.0, 0.0, 5.090574315292365, 0.5, 0.5, 4885.853652090023, 10500.0, 10500.0, 0.0, 3.0, 0.0, 0.025, 0.01520379322603863, 0.0, 0.0, 0.05, 0.5, 0.5, 0.05, 0.5, 0.5, 0.001955223121414943, 0.0, 0.0, 0.05, 0.5, 0.5, 0.05, 0.5, 0.5, 0.0, 0.0, 0.0, 0.030000000000000002, 0.255, 0.0, 0.0, 0.0];[0.5341529424248206, -1.4232035451378848, -11.97472787120558, 0.3829413882135293, -0.4, -9.909425684707635, -14.0, -14.0, -1.0, 0.0, 0.0, -1.0, 0.0, 0.0, 0.012693033815638244];5.488886799997999
[36.07535350755572, 1024.812606187169, 119.17181328536522];True;False;[0.0, 7.25, 1.4500000000000002, 0.0, 0.0, 5.13411116974647, 0.5, 0.5, 4885.854648352345, 10500.0, 10500.0, 0.0, 3.0, 0.0, 0.025, 0.012012462120930345, 0.0, 0.0, 0.05, 0.5, 0.5, 0.05, 0.5, 0.5, 0.0025303801740869216, 0.0, 0.0, 0.05, 0.5, 0.5, 0.05, 0.5, 0.5, 0.0, 0.0, 0.0, 0.030000000000000002, 0.255, 0.0, 0.0, 0.0];[0.5264139004576815, -1.4251971202838467, -11.943845014644824, 0.38730440339887884, -0.4, -9.86588883025353, -14.0, -14.0, -1.0, 0.0, 0.0, -1.0, 0.0, 0.0, 0.013482414273261245];5.875266399998509
[36.93841209788654, 1029.6288729795647, 119.09384068524358];True;False;[0.0, 7.25, 1.4500000000000002, 0.0, 0.0, 4.764495426280657, 0.5, 0.5, 4885.857152752354, 10500.0, 10500.0, 0.0, 3.0, 0.0, 0.025, 0.011948411317201837, 0.0, 0.0, 0.05, 0.5, 0.5, 0.05, 0.5, 0.5, 0.0019497666312722666, 0.0, 0.0, 0.05, 0.5, 0.5, 0.05, 0.5, 0.5, 0.0, 0.0, 0.0, 0.030000000000000002, 0.255, 0.0, 0.0, 0.0];[0.5635642706675634, -1.4156271948294588, -12.203010797277653, 0.35602628461130936, -0.4, -10.235504573719343, -14.0, -14.0, -1.0, 0.0, 0.0, -1.0, 0.0, 0.0, 0.009715095292632925];16.109151600001496
[36.10908806303556, 1026.9631436468185, 119.14223146562807];True;False;[0.0, 7.25, 1.4500000000000002, 0.0, 0.0, 5.097161629963591, 0.5, 0.5, 4885.853652090023, 10500.0, 10500.0, 0.0, 3.0, 0.0, 0.025, 0.015346892245496848, 0.0, 0.0, 0.05, 0.5, 0.5, 0.05, 0.5, 0.5, 0.001954771325630367, 0.0, 0.0, 0.05, 0.5, 0.5, 0.05, 0.5, 0.5, 0.0, 0.0, 0.0, 0.030000000000000002, 0.255, 0.0, 0.0, 0.0];[0.533710048307376, -1.4233176345443772, -11.970061250078311, 0.3834390382062134, -0.4, -9.90283837003641, -14.0, -14.0, -1.0, 0.0, 0.0, -1.0, 0.0, 0.0, 0.012738143431917037];5.490498999999545
[29.47440030904892, 1044.4273715461136, 119.39086644834904];True;False;[0.0, 7.25, 1.4500000000000002, 0.0, 0.0, 11.452695659007277, 0.5, 0.5, 4880.458900046051, 10500.0, 10500.0, 0.0, 3.0, 0.0, 0.025, 0.0039745701209167915, 0.0, 0.0, 0.05, 0.5, 0.5, 0.05, 0.5, 0.5, 0.007745298621981478, 0.0, 0.0, 0.05, 0.5, 0.5, 0.05, 0.5, 0.5, 0.0, 0.0, 0.0, 0.030000000000000002, 0.255, 0.0, 0.0, 0.0];[0.2839420926819347, -1.4876577932756672, -6.485447475517253, 0.6662789477305571, -0.4, -3.5473043409927225, -14.0, -14.0, -1.0, 0.0, 0.0, -1.0, 0.0, 0.0, 0.03950802387258201];7.7770825999978115
[36.19009583309814, 1020.3345675307834, 119.22876042478802];True;False;[0.0, 7.25, 1.4500000000000002, 0.0, 0.0, 5.1378389422377655, 0.5, 0.5, 4886.104820946456, 10500.0, 10500.0, 0.0, 3.0, 0.0, 0.025, 0.00404168753235451, 0.0, 0.0, 0.05, 0.5, 0.5, 0.05, 0.5, 0.5, 0.003257052746919523, 0.0, 0.0, 0.05, 0.5, 0.5, 0.05, 0.5, 0.5, 0.0, 0.0, 0.0, 0.030000000000000002, 0.255, 0.0, 0.0, 0.0];[0.5162841664759066, -1.4278065370549502, -11.941196313641688, 0.3897521960774888, -0.4, -9.862161057762235, -14.0, -14.0, -1.0, 0.0, 0.0, -1.0, 0.0, 0.0, 0.014519325279154782];6.245612499995332
[36.89809880922246, 1031.7489027221154, 119.06665450205622];True;False;[0.0, 7.25, 1.4500000000000002, 0.0, 0.0, 4.757908111609431, 0.5, 0.5, 4885.853652090023, 10500.0, 10500.0, 0.0, 3.0, 0.0, 0.025, 0.01520050339800927, 0.0, 0.0, 0.05, 0.5, 0.5, 0.05, 0.5, 0.5, 0.0019435116303167849, 0.0, 0.0, 0.05, 0.5, 0.5, 0.05, 0.5, 0.5, 0.0, 0.0, 0.0, 0.030000000000000002, 0.255, 0.0, 0.0, 0.0];[0.5687373774830036, -1.4142946038939803, -12.207567422985933, 0.35450206798306816, -0.4, -10.242091888390568, -14.0, -14.0, -1.0, 0.0, 0.0, -1.0, 0.0, 0.0, 0.009194884747674381];15.91747690000193
[36.08449642277651, 1024.480692295601, 119.1760139452575];True;False;[0.0, 7.25, 1.4500000000000002, 0.0, 0.0, 5.13411116974647, 0.5, 0.5, 4885.854641093481, 10500.0, 10500.0, 0.0, 3.0, 0.0, 0.025, 0.012012462120930345, 0.0, 0.0, 0.05, 0.5, 0.5, 0.05, 0.5, 0.5, 0.001988138044438542, 0.0, 0.0, 0.05, 0.5, 0.5, 0.05, 0.5, 0.5, 0.0, 0.0, 0.0, 0.030000000000000002, 0.255, 0.0, 0.0, 0.0];[0.5256829371010818, -1.4253854162494866, -11.943845014644813, 0.3874649461567181, -0.4, -9.86588883025353, -14.0, -14.0, -1.0, 0.0, 0.0, -1.0, 0.0, 0.0, 0.013557098019488345];6.138288800000737
[35.931374027175266, 1030.104691021069, 119.1044975718168];True;False;[0.0, 7.25, 1.4500000000000002, 0.0, 0.0, 5.13411116974647, 0.5, 0.5, 4885.864821147393, 10500.0, 10500.0, 0.0, 3.0, 0.0, 0.025, 0.015329377211784656, 0.0, 0.0, 0.05, 0.5, 0.5, 0.05, 0.5, 0.5, 0.007783253513517639, 0.0, 0.0, 0.05, 0.5, 0.5, 0.05, 0.5, 0.5, 0.0, 0.0, 0.0, 0.030000000000000002, 0.255, 0.0, 0.0, 0.0];[0.5380507095105314, -1.4221994813765224, -11.943845014626298, 0.384708493887701, -0.4, -9.86588883025353, -14.0, -14.0, -1.0, 0.0, 0.0, -1.0, 0.0, 0.0, 0.012296380794953765];6.1354170000049635
[36.92902150607555, 1029.9612819303247, 119.08961626928141];True;False;[0.0, 7.25, 1.4500000000000002, 0.0, 0.0, 4.764495426280657, 0.5, 0.5, 4885.857160011217, 10500.0, 10500.0, 0.0, 3.0, 0.0, 0.025, 0.011948411317201837, 0.0, 0.0, 0.05, 0.5, 0.5, 0.05, 0.5, 0.5, 0.0024920087609206464, 0.0, 0.0, 0.05, 0.5, 0.5, 0.05, 0.5, 0.5, 0.0, 0.0, 0.0, 0.030000000000000002, 0.255, 0.0, 0.0, 0.0];[0.5642985204797935, -1.4154380522737295, -12.20301079727766, 0.3558719450925678, -0.4, -10.235504573719343, -14.0, -14.0, -1.0, 0.0, 0.0, -1.0, 0.0, 0.0, 0.009641193998804143];16.78248120000353
[29.566789520528673, 1043.9916227241224, 119.38108014724938];True;False;[0.0, 7.25, 1.4500000000000002, 0.0, 0.0, 11.236893825748684, 0.5, 0.5, 4885.853652090023, 10500.0, 10500.0, 0.0, 3.0, 0.0, 0.025, 0.012012462120930345, 0.0, 0.0, 0.05, 0.5, 0.5, 0.05, 0.5, 0.5, 0.0019404890463114192, 0.0, 0.0, 0.05, 0.5, 0.5, 0.05, 0.5, 0.5, 0.0, 0.0, 0.0, 0.030000000000000002, 0.255, 0.0, 0.0, 0.0];[0.28976988716923113, -1.48615655497059, -6.703169238484039, 0.6599552186795763, -0.4, -3.763106174251316, -14.0, -14.0, -1.0, 0.0, 0.0, -1.0, 0.0, 0.0, 0.0388515952838524];8.010780099997646
[36.34909412696839, 1020.3104579577955, 119.22597322607194];True;False;[0.0, 7.25, 1.4500000000000002, 0.0, 0.0, 5.074773964823491, 0.5, 0.5, 4885.775645724947, 10500.0, 10500.0, 0.0, 3.0, 0.0, 0.025, 0.0040829428317271125, 0.0, 0.0, 0.05, 0.5, 0.5, 0.05, 0.5, 0.5, 0.0019405931827999462, 0.0, 0.0, 0.05, 0.5, 0.5, 0.05, 0.5, 0.5, 0.0, 0.0, 0.0, 0.030000000000000002, 0.255, 0.0, 0.0, 0.0];[0.5205999879587981, -1.4266947825924106, -11.985912388977171, 0.3849840019160311, -0.4, -9.92522603517651, -14.0, -14.0, -1.0, 0.0, 0.0, -1.0, 0.0, 0.0, 0.014077032811573797];6.225049199994828
[36.08531916165826, 1027.847534679694, 119.13103954488321];True;False;[0.0, 7.25, 1.4500000000000002, 0.0, 0.0, 5.096960910415558, 0.5, 0.5, 4885.853652090023, 10500.0, 10500.0, 0.0, 3.0, 0.0, 0.025, 0.01548771437710644, 0.0, 0.0, 0.05, 0.5, 0.5, 0.05, 0.5, 0.5, 0.003248207813091332, 0.0, 0.0, 0.05, 0.5, 0.5, 0.05, 0.5, 0.5, 0.0, 0.0, 0.0, 0.030000000000000002, 0.255, 0.0, 0.0, 0.0];[0.5356698694579487, -1.4228127851388617, -11.970203476983075, 0.38299763713034096, -0.4, -9.903039089584443, -14.0, -14.0, -1.0, 0.0, 0.0, -1.0, 0.0, 0.0, 0.012538592014872507];6.034643999999389
[35.931374027175266, 1030.104691021069, 119.1044975718168];True;False;[0.0, 7.25, 1.4500000000000002, 0.0, 0.0, 5.13411116974647, 0.5, 0.5, 4885.864821147393, 10500.0, 10500.0, 0.0, 3.0, 0.0, 0.025, 0.015329377211784656, 0.0, 0.0, 0.05, 0.5, 0.5, 0.05, 0.5, 0.5, 0.007783253513517639, 0.0, 0.0, 0.05, 0.5, 0.5, 0.05, 0.5, 0.5, 0.0, 0.0, 0.0, 0.030000000000000002, 0.255, 0.0, 0.0, 0.0];[0.5380507095105314, -1.4221994813765224, -11.943845014626298, 0.384708493887701, -0.4, -9.86588883025353, -14.0, -14.0, -1.0, 0.0, 0.0, -1.0, 0.0, 0.0, 0.012296380794953765];5.920397000001685
[1e+30, 1e+30, 1e+30];False;False;[0.0, 7.25, 1.4500000000000002, 0.0, 0.0, 4.673652026540047, 0.5, 0.5, 4885.853652090023, 10500.0, 10500.0, 0.0, 3.0, 0.0, 0.025, 0.0037448712514208367, 0.0, 0.0, 0.05, 0.5, 0.5, 0.05, 0.5, 0.5, 0.0019405931827999462, 0.0, 0.0, 0.05, 0.5, 0.5, 0.05, 0.5, 0.5, 0.0, 0.0, 0.0, 0.030000000000000002, 0.255, 0.0, 0.0, 0.0];[1e+30, 1e+30, 1e+30, 1e+30, 1e+30, 1e+30, 1e+30, 1e+30, 1e+30, 1e+30, 1e+30, 1e+30, 1e+30, 1e+30, 1e+30];34.74333819999447
[29.673522793630426, 1038.711456119484, 119.4407934555798];True;False;[0.0, 7.25, 1.4500000000000002, 0.0, 0.0, 11.240465342119792, 0.5, 0.5, 4885.853652090023, 10500.0, 10500.0, 0.0, 3.0, 0.0, 0.025, 0.003834178290601643, 0.0, 0.0, 0.05, 0.5, 0.5, 0.05, 0.5, 0.5, 0.0019406779129175129, 0.0, 0.0, 0.05, 0.5, 0.5, 0.05, 0.5, 0.5, 0.0, 0.0, 0.0, 0.030000000000000002, 0.255, 0.0, 0.0, 0.0];[0.2788254951114064, -1.488975827444735, -6.699583683727161, 0.6635598150053534, -0.4, -3.7595346578802076, -14.0, -14.0, -1.0, 0.0, 0.0, -1.0, 0.0, 0.0, 0.040085664852998026];9.071708700001182
[1e+30, 1e+30, 1e+30];False;False;[0.0, 7.25, 1.4500000000000002, 0.0, 0.0, 4.757908111609431, 0.5, 0.5, 4885.853652090023, 10500.0, 10500.0, 0.0, 3.0, 0.0, 0.025, 0.015323304232550683, 0.0, 0.0, 0.05, 0.5, 0.5, 0.05, 0.5, 0.5, 0.0019434269001992184, 0.0, 0.0, 0.05, 0.5, 0.5, 0.05, 0.5, 0.5, 0.0, 0.0, 0.0, 0.030000000000000002, 0.255, 0.0, 0.0, 0.0];[1e+30, 1e+30, 1e+30, 1e+30, 1e+30, 1e+30, 1e+30, 1e+30, 1e+30, 1e+30, 1e+30, 1e+30, 1e+30, 1e+30, 1e+30];39.721033399997395
[35.99442182290877, 1027.792003059235, 119.1336717195075];True;False;[0.0, 7.25, 1.4500000000000002, 0.0, 0.0, 5.13411116974647, 0.5, 0.5, 4885.857034145224, 10500.0, 10500.0, 0.0, 3.0, 0.0, 0.025, 0.011641472945742068, 0.0, 0.0, 0.05, 0.5, 0.5, 0.05, 0.5, 0.5, 0.007744275230141348, 0.0, 0.0, 0.05, 0.5, 0.5, 0.05, 0.5, 0.5, 0.0, 0.0, 0.0, 0.030000000000000002, 0.255, 0.0, 0.0, 0.0];[0.5329694303178432, -1.4235084175408765, -11.94384501463815, 0.38582577905984583, -0.4, -9.86588883025353, -14.0, -14.0, -1.0, 0.0, 0.0, -1.0, 0.0, 0.0, 0.012813594534527795];5.432194200002414
[36.35367026747107, 1021.1890389216817, 119.21425736850748];True;False;[0.0, 7.25, 1.4500000000000002, 0.0, 0.0, 5.063362400392959, 0.5, 0.5, 4886.108321608786, 10500.0, 10500.0, 0.0, 3.0, 0.0, 0.025, 0.003970124591454242, 0.0, 0.0, 0.05, 0.5, 0.5, 0.05, 0.5, 0.5, 0.003264008472391994, 0.0, 0.0, 0.05, 0.5, 0.5, 0.05, 0.5, 0.5, 0.0, 0.0, 0.0, 0.030000000000000002, 0.255, 0.0, 0.0, 0.0];[0.5233374956219361, -1.4259896013487523, -11.993982465435698, 0.3836889700952377, -0.4, -9.93663759960704, -14.0, -14.0, -1.0, 0.0, 0.0, -1.0, 0.0, 0.0, 0.013796882449790271];5.980883900003391
[29.59095757844693, 1039.922004196693, 119.43709277915615];True;False;[0.0, 7.25, 1.4500000000000002, 0.0, 0.0, 11.387885930164686, 0.5, 0.5, 4885.853652090023, 10500.0, 10500.0, 0.0, 3.0, 0.0, 0.025, 0.003834178290601643, 0.0, 0.0, 0.05, 0.5, 0.5, 0.05, 0.5, 0.5, 0.0018339548190329084, 0.0, 0.0, 0.05, 0.5, 0.5, 0.05, 0.5, 0.5, 0.0, 0.0, 0.0, 0.030000000000000002, 0.255, 0.0, 0.0, 0.0];[0.27671778912625467, -1.489518771944172, -6.551062723082298, 0.6673001546817641, -0.4, -3.6121140698353145, -14.0, -14.0, -1.0, 0.0, 0.0, -1.0, 0.0, 0.0, 0.0403239753076966];7.806128299998818
[36.05301905707522, 1025.2542156366935, 119.16643816491037];True;False;[0.0, 7.25, 1.4500000000000002, 0.0, 0.0, 5.138246959663023, 0.5, 0.5, 4886.104820946456, 10500.0, 10500.0, 0.0, 3.0, 0.0, 0.025, 0.012084025137570037, 0.0, 0.0, 0.05, 0.5, 0.5, 0.05, 0.5, 0.5, 0.003257052746919523, 0.0, 0.0, 0.05, 0.5, 0.5, 0.05, 0.5, 0.5, 0.0, 0.0, 0.0, 0.030000000000000002, 0.255, 0.0, 0.0, 0.0];[0.5271007242743595, -1.4250201946519183, -11.940906362082965, 0.3874010754085826, -0.4, -9.861753040336977, -14.0, -14.0, -1.0, 0.0, 0.0, -1.0, 0.0, 0.0, 0.013412260128575992];5.923550599996815
[36.25252587177396, 1032.0202134164638, 119.07335449655886];True;False;[0.0, 7.25, 1.4500000000000002, 0.0, 0.0, 4.986690588676588, 0.5, 0.5, 4885.864821147393, 10500.0, 10500.0, 0.0, 3.0, 0.0, 0.025, 0.015329377211784656, 0.0, 0.0, 0.05, 0.5, 0.5, 0.05, 0.5, 0.5, 0.007889981899978079, 0.0, 0.0, 0.05, 0.5, 0.5, 0.05, 0.5, 0.5, 0.0, 0.0, 0.0, 0.030000000000000002, 0.255, 0.0, 0.0, 0.0];[0.5526201389658274, -1.4184464002359438, -12.048034404014846, 0.37260891835363963, -0.4, -10.013309411323412, -14.0, -14.0, -1.0, 0.0, 0.0, -1.0, 0.0, 0.0, 0.010819153975023421];5.995849899998575
[36.0627764569082, 1025.269620443783, 119.16603107564475];True;False;[0.0, 7.25, 1.4500000000000002, 0.0, 0.0, 5.13411116974647, 0.5, 0.5, 4885.811962328888, 10500.0, 10500.0, 0.0, 3.0, 0.0, 0.025, 0.01201580671831185, 0.0, 0.0, 0.05, 0.5, 0.5, 0.05, 0.5, 0.5, 0.0032727732327799026, 0.0, 0.0, 0.05, 0.5, 0.5, 0.05, 0.5, 0.5, 0.0, 0.0, 0.0, 0.030000000000000002, 0.255, 0.0, 0.0, 0.0];[0.527420152430599, -1.42493791004409, -11.943845014644817, 0.38708337595885944, -0.4, -9.86588883025353, -14.0, -14.0, -1.0, 0.0, 0.0, -1.0, 0.0, 0.0, 0.013379639355558859];5.791892399996868
[29.513612342246724, 1046.8278666654646, 119.34844538510214];True;False;[0.0, 7.25, 1.4500000000000002, 0.0, 0.0, 11.225843709941078, 0.5, 0.5, 4880.433828857662, 10500.0, 10500.0, 0.0, 3.0, 0.0, 0.025, 0.01523281614808816, 0.0, 0.0, 0.05, 0.5, 0.5, 0.05, 0.5, 0.5, 0.0031963545449667156, 0.0, 0.0, 0.05, 0.5, 0.5, 0.05, 0.5, 0.5, 0.0, 0.0, 0.0, 0.030000000000000002, 0.255, 0.0, 0.0, 0.0];[0.29592390796070056, -1.484571280856592, -6.7142590063122345, 0.6577399096705534, -0.4, -3.7741562900589223, -14.0, -14.0, -1.0, 0.0, 0.0, -1.0, 0.0, 0.0, 0.03816015313745125];7.609120599998278
[29.63521973183511, 1041.953624156951, 119.39942680001329];True;False;[0.0, 7.25, 1.4500000000000002, 0.0, 0.0, 11.169619371856317, 0.5, 0.5, 4880.458900046051, 10500.0, 10500.0, 0.0, 3.0, 0.0, 0.025, 0.0039745701209167915, 0.0, 0.0, 0.05, 0.5, 0.5, 0.05, 0.5, 0.5, 0.007741764269270366, 0.0, 0.0, 0.05, 0.5, 0.5, 0.05, 0.5, 0.5, 0.0, 0.0, 0.0, 0.030000000000000002, 0.255, 0.0, 0.0, 0.0];[0.2877120665847901, -1.4866866490041146, -6.770596545962855, 0.6592114517780632, -0.4, -3.8303806281436827, -14.0, -14.0, -1.0, 0.0, 0.0, -1.0, 0.0, 0.0, 0.0390832006705808];7.8374875000008615
[29.5783449930749, 1043.6391468714337, 119.3842895363149];True;False;[0.0, 7.25, 1.4500000000000002, 0.0, 0.0, 11.225843709941078, 0.5, 0.5, 4880.559646811624, 10500.0, 10500.0, 0.0, 3.0, 0.0, 0.025, 0.011827098419425636, 0.0, 0.0, 0.05, 0.5, 0.5, 0.05, 0.5, 0.5, 0.0017326313328534554, 0.0, 0.0, 0.05, 0.5, 0.5, 0.05, 0.5, 0.5, 0.0, 0.0, 0.0, 0.030000000000000002, 0.255, 0.0, 0.0, 0.0];[0.2893952566883433, -1.4862530596825185, -6.714259006312261, 0.6598459492632691, -0.4, -3.7741562900589223, -14.0, -14.0, -1.0, 0.0, 0.0, -1.0, 0.0, 0.0, 0.038893744703864086];7.85903629999666
[36.16916581270576, 1023.0767548140682, 119.19241111296537];True;False;[0.0, 7.25, 1.4500000000000002, 0.0, 0.0, 5.115951118512254, 0.5, 0.5, 4880.493889430589, 10500.0, 10500.0, 0.0, 3.0, 0.0, 0.025, 0.0039745701209167915, 0.0, 0.0, 0.05, 0.5, 0.5, 0.05, 0.5, 0.5, 0.0073859545135837035, 0.0, 0.0, 0.05, 0.5, 0.5, 0.05, 0.5, 0.5, 0.0, 0.0, 0.0, 0.030000000000000002, 0.255, 0.0, 0.0, 0.0];[0.5238447459280993, -1.4258589338052208, -11.95673836950845, 0.3867381454903256, -0.4, -9.884048881487747, -14.0, -14.0, -1.0, 0.0, 0.0, -1.0, 0.0, 0.0, 0.01374500512493193];5.553907100002107
[36.207609986825005, 1020.3725196046189, 119.22790457675748];True;False;[0.0, 7.25, 1.4500000000000002, 0.0, 0.0, 5.130341569429116, 0.5, 0.5, 4886.108321608786, 10500.0, 10500.0, 0.0, 3.0, 0.0, 0.025, 0.003977636678812323, 0.0, 0.0, 0.05, 0.5, 0.5, 0.05, 0.5, 0.5, 0.0032407432377095373, 0.0, 0.0, 0.05, 0.5, 0.5, 0.05, 0.5, 0.5, 0.0, 0.0, 0.0, 0.030000000000000002, 0.255, 0.0, 0.0, 0.0];[0.516884512245448, -1.4276518881448903, -11.94652272898411, 0.38916933446024915, -0.4, -9.869658430570883, -14.0, -14.0, -1.0, 0.0, 0.0, -1.0, 0.0, 0.0, 0.014457755294930763];6.696945499999856
[36.18379199448616, 1020.2425683963745, 119.23010786101756];True;False;[0.0, 7.25, 1.4500000000000002, 0.0, 0.0, 5.1414266001612665, 0.5, 0.5, 4886.104820946456, 10500.0, 10500.0, 0.0, 3.0, 0.0, 0.025, 0.0039582854012592756, 0.0, 0.0, 0.05, 0.5, 0.5, 0.05, 0.5, 0.5, 0.003257052746919523, 0.0, 0.0, 0.05, 0.5, 0.5, 0.05, 0.5, 0.5, 0.0, 0.0, 0.0, 0.030000000000000002, 0.255, 0.0, 0.0, 0.0];[0.5158341821761985, -1.4279224528904995, -11.938646512305155, 0.3900665490973092, -0.4, -9.858573399838733, -14.0, -14.0, -1.0, 0.0, 0.0, -1.0, 0.0, 0.0, 0.01456548422497761];6.352771899997606
[27.16323910153438, 1244.045732010839, 118.31114790656298];True;False;[0.0, 7.25, 1.4500000000000002, 0.0, 1.0, 11.460074533144416, 0.4022988249069417, 0.5, 5113.292832956002, 7932.528614207068, 10500.0, 0.0, 3.0, 0.0, 0.025, 0.003924039330743402, 0.3363423857343143, 0.0, 0.06274439510472721, 0.26861390661560264, 0.0, 0.05, 0.5, 0.5, 0.007374184031056569, 0.8817644783910473, 0.0, 0.07763913801899602, 0.815331799573523, 0.0, 0.05, 0.5, 0.5, 0.0, 0.0, 0.0, 0.030000000000000002, 0.255, 0.0, 1.0, 0.0];[0.9582931052268773, -1.4119958124807683, -5.977206265780461, 0.6284569917843905, -0.49770117509305833, -10.873694356114868, -12.22267919000926, -14.0, -0.6636576142656857, -0.7313860933843974, 0.0, -0.11823552160895268, -0.18466820042647702, 0.0, 0.02013928246164809];13.550513800000772
[1e+30, 1e+30, 1e+30];False;False;[0.0, 7.25, 1.4500000000000002, 0.0, 0.0, 4.809020444192072, 0.5, 0.5, 4887.107752854463, 10500.0, 10500.0, 0.0, 3.0, 0.0, 0.025, 0.015329377211784656, 0.0, 0.0, 0.05, 0.5, 0.5, 0.05, 0.5, 0.5, 0.06904076750282748, 0.0, 0.0, 0.05, 0.5, 0.5, 0.05, 0.5, 0.5, 0.0, 0.0, 0.0, 0.030000000000000002, 0.255, 0.0, 0.0, 0.0];[1e+30, 1e+30, 1e+30, 1e+30, 1e+30, 1e+30, 1e+30, 1e+30, 1e+30, 1e+30, 1e+30, 1e+30, 1e+30, 1e+30, 1e+30];35.747764100000495
[36.20141081569801, 1020.3083442576639, 119.22887986064583];True;False;[0.0, 7.25, 1.4500000000000002, 0.0, 0.0, 5.13356224879223, 0.5, 0.5, 4880.281001881172, 10500.0, 10500.0, 0.0, 3.0, 0.0, 0.025, 0.003913046071650912, 0.0, 0.0, 0.05, 0.5, 0.5, 0.05, 0.5, 0.5, 0.0032612001426478828, 0.0, 0.0, 0.05, 0.5, 0.5, 0.05, 0.5, 0.5, 0.0, 0.0, 0.0, 0.030000000000000002, 0.255, 0.0, 0.0, 0.0];[0.5165208471857357, -1.427745568167253, -11.944234981756498, 0.38944301842062745, -0.4, -9.86643775120777, -14.0, -14.0, -1.0, 0.0, 0.0, -1.0, 0.0, 0.0, 0.014495050128544462];6.209935400001996
[36.0627764569082, 1025.269620443783, 119.16603107564475];True;False;[0.0, 7.25, 1.4500000000000002, 0.0, 0.0, 5.13411116974647, 0.5, 0.5, 4885.811962328888, 10500.0, 10500.0, 0.0, 3.0, 0.0, 0.025, 0.01201580671831185, 0.0, 0.0, 0.05, 0.5, 0.5, 0.05, 0.5, 0.5, 0.0032727732327799026, 0.0, 0.0, 0.05, 0.5, 0.5, 0.05, 0.5, 0.5, 0.0, 0.0, 0.0, 0.030000000000000002, 0.255, 0.0, 0.0, 0.0];[0.527420152430599, -1.42493791004409, -11.943845014644817, 0.38708337595885944, -0.4, -9.86588883025353, -14.0, -14.0, -1.0, 0.0, 0.0, -1.0, 0.0, 0.0, 0.013379639355558859];6.347523100004764
[36.103859453660974, 1024.2391360368836, 119.17835118446774];True;False;[0.0, 7.25, 1.4500000000000002, 0.0, 0.0, 5.129297120113966, 0.5, 0.5, 4885.865939723295, 10500.0, 10500.0, 0.0, 3.0, 0.0, 0.025, 0.011781248384749525, 0.0, 0.0, 0.05, 0.5, 0.5, 0.05, 0.5, 0.5, 0.001732866792707342, 0.0, 0.0, 0.05, 0.5, 0.5, 0.05, 0.5, 0.5, 0.0, 0.0, 0.0, 0.030000000000000002, 0.255, 0.0, 0.0, 0.0];[0.5254833502699139, -1.425436829763945, -11.947264521941218, 0.38718213414478875, -0.4, -9.870702879886034, -14.0, -14.0, -1.0, 0.0, 0.0, -1.0, 0.0, 0.0, 0.01357749391510088];6.0416430999976
[36.00732884527455, 1027.3201334098435, 119.13963046262575];True;False;[0.0, 7.25, 1.4500000000000002, 0.0, 0.0, 5.13411116974647, 0.5, 0.5, 4885.864821147393, 10500.0, 10500.0, 0.0, 3.0, 0.0, 0.025, 0.015329377211784656, 0.0, 0.0, 0.05, 0.5, 0.5, 0.05, 0.5, 0.5, 0.003272940331056957, 0.0, 0.0, 0.05, 0.5, 0.5, 0.05, 0.5, 0.5, 0.0, 0.0, 0.0, 0.030000000000000002, 0.255, 0.0, 0.0, 0.0];[0.5319318880716644, -1.4237756881466788, -11.94384501463457, 0.3860538291597819, -0.4, -9.86588883025353, -14.0, -14.0, -1.0, 0.0, 0.0, -1.0, 0.0, 0.0, 0.012919332406300388];5.667464999998629
[29.555491411623017, 1044.7621877618008, 119.3716582461189];True;False;[0.0, 7.25, 1.4500000000000002, 0.0, 0.0, 11.225843709941078, 0.5, 0.5, 4880.505528467322, 10500.0, 10500.0, 0.0, 3.0, 0.0, 0.025, 0.012012462120930345, 0.0, 0.0, 0.05, 0.5, 0.5, 0.05, 0.5, 0.5, 0.0032725377729256873, 0.0, 0.0, 0.05, 0.5, 0.5, 0.05, 0.5, 0.5, 0.0, 0.0, 0.0, 0.030000000000000002, 0.255, 0.0, 0.0, 0.0];[0.291695865361123, -1.4856604235022077, -6.714259006312167, 0.6591039149544902, -0.4, -3.7741562900589223, -14.0, -14.0, -1.0, 0.0, 0.0, -1.0, 0.0, 0.0, 0.038635008828797];8.315007199998945
[36.182851218862524, 1020.4088993130877, 119.22792160251034];True;False;[0.0, 7.25, 1.4500000000000002, 0.0, 0.0, 5.13993384485785, 0.5, 0.5, 4885.575865310751, 10500.0, 10500.0, 0.0, 3.0, 0.0, 0.025, 0.0041816564836538, 0.0, 0.0, 0.05, 0.5, 0.5, 0.05, 0.5, 0.5, 0.003278993225641625, 0.0, 0.0, 0.05, 0.5, 0.5, 0.05, 0.5, 0.5, 0.0, 0.0, 0.0, 0.030000000000000002, 0.255, 0.0, 0.0, 0.0];[0.5163040311434921, -1.4278014199218838, -11.93970751367338, 0.38987372780815055, -0.4, -9.86006615514215, -14.0, -14.0, -1.0, 0.0, 0.0, -1.0, 0.0, 0.0, 0.01451728777200012];5.966793300001882
[36.071329508958534, 1024.963221563622, 119.16990491755763];True;False;[0.0, 7.25, 1.4500000000000002, 0.0, 0.0, 5.134061487696838, 0.5, 0.5, 4885.857034145224, 10500.0, 10500.0, 0.0, 3.0, 0.0, 0.025, 0.011641472945742068, 0.0, 0.0, 0.05, 0.5, 0.5, 0.05, 0.5, 0.5, 0.003148449010548133, 0.0, 0.0, 0.05, 0.5, 0.5, 0.05, 0.5, 0.5, 0.0, 0.0, 0.0, 0.030000000000000002, 0.255, 0.0, 0.0, 0.0];[0.5267489830873062, -1.4251108030878556, -11.943880310629922, 0.38722782807621825, -0.4, -9.865938512303163, -14.0, -14.0, -1.0, 0.0, 0.0, -1.0, 0.0, 0.0, 0.013448185582268679];6.109127000003355
[35.93296347970625, 1030.0462297494694, 119.10523442960356];True;False;[0.0, 7.25, 1.4500000000000002, 0.0, 0.0, 5.13411116974647, 0.5, 0.5, 4885.864821147393, 10500.0, 10500.0, 0.0, 3.0, 0.0, 0.025, 0.01523547721306769, 0.0, 0.0, 0.05, 0.5, 0.5, 0.05, 0.5, 0.5, 0.007783253513517639, 0.0, 0.0, 0.05, 0.5, 0.5, 0.05, 0.5, 0.5, 0.0, 0.0, 0.0, 0.030000000000000002, 0.255, 0.0, 0.0, 0.0];[0.5379223408086906, -1.4222325491198655, -11.943845014636612, 0.38473672865759, -0.4, -9.86588883025353, -14.0, -14.0, -1.0, 0.0, 0.0, -1.0, 0.0, 0.0, 0.012309434354914828];6.205380899999
[36.10572259454864, 1023.0539200846779, 119.19445660379401];True;False;[0.0, 7.25, 1.4500000000000002, 0.0, 0.0, 5.141476282210898, 0.5, 0.5, 4886.104820946456, 10500.0, 10500.0, 0.0, 3.0, 0.0, 0.025, 0.0039582854012592756, 0.0, 0.0, 0.05, 0.5, 0.5, 0.05, 0.5, 0.5, 0.007852878968144138, 0.0, 0.0, 0.05, 0.5, 0.5, 0.05, 0.5, 0.5, 0.0, 0.0, 0.0, 0.030000000000000002, 0.255, 0.0, 0.0, 0.0];[0.5220315484911922, -1.426326012981208, -11.938611198022643, 0.3887083053095639, -0.4, -9.858523717789101, -14.0, -14.0, -1.0, 0.0, 0.0, -1.0, 0.0, 0.0, 0.013930492037453113];5.7685129000019515
[36.0627764569082, 1025.269620443783, 119.16603107564475];True;False;[0.0, 7.25, 1.4500000000000002, 0.0, 0.0, 5.13411116974647, 0.5, 0.5, 4885.811962328888, 10500.0, 10500.0, 0.0, 3.0, 0.0, 0.025, 0.01201580671831185, 0.0, 0.0, 0.05, 0.5, 0.5, 0.05, 0.5, 0.5, 0.0032727732327799026, 0.0, 0.0, 0.05, 0.5, 0.5, 0.05, 0.5, 0.5, 0.0, 0.0, 0.0, 0.030000000000000002, 0.255, 0.0, 0.0, 0.0];[0.527420152430599, -1.42493791004409, -11.943845014644817, 0.38708337595885944, -0.4, -9.86588883025353, -14.0, -14.0, -1.0, 0.0, 0.0, -1.0, 0.0, 0.0, 0.013379639355558859];6.3547927000036
[29.5123611673374, 1046.889734860991, 119.34775056047906];True;False;[0.0, 7.25, 1.4500000000000002, 0.0, 0.0, 11.225843709941078, 0.5, 0.5, 4880.433828857662, 10500.0, 10500.0, 0.0, 3.0, 0.0, 0.025, 0.015326716146805124, 0.0, 0.0, 0.05, 0.5, 0.5, 0.05, 0.5, 0.5, 0.0031963545449667156, 0.0, 0.0, 0.05, 0.5, 0.5, 0.05, 0.5, 0.5, 0.0, 0.0, 0.0, 0.030000000000000002, 0.255, 0.0, 0.0, 0.0];[0.29605046809169444, -1.484538679000611, -6.7142590063122665, 0.6576990742918556, -0.4, -3.7741562900589223, -14.0, -14.0, -1.0, 0.0, 0.0, -1.0, 0.0, 0.0, 0.03814595194838155];7.996674599999096
[35.98663608968554, 1027.3904557114165, 119.13960386342498];True;False;[0.0, 7.25, 1.4500000000000002, 0.0, 0.0, 5.1414266001612665, 0.5, 0.5, 4886.104198922311, 10500.0, 10500.0, 0.0, 3.0, 0.0, 0.025, 0.015596017134865345, 0.0, 0.0, 0.05, 0.5, 0.5, 0.05, 0.5, 0.5, 0.003257052746919523, 0.0, 0.0, 0.05, 0.5, 0.5, 0.05, 0.5, 0.5, 0.0, 0.0, 0.0, 0.030000000000000002, 0.255, 0.0, 0.0, 0.0];[0.5315811470981542, -1.4238660389278779, -11.93864651230517, 0.38660585742408715, -0.4, -9.858573399838733, -14.0, -14.0, -1.0, 0.0, 0.0, -1.0, 0.0, 0.0, 0.012955086937673554];6.883394499993301
[29.566789520528673, 1043.9916227241224, 119.38108014724938];True;False;[0.0, 7.25, 1.4500000000000002, 0.0, 0.0, 11.236893825748684, 0.5, 0.5, 4885.853652090023, 10500.0, 10500.0, 0.0, 3.0, 0.0, 0.025, 0.012012462120930345, 0.0, 0.0, 0.05, 0.5, 0.5, 0.05, 0.5, 0.5, 0.0019404890463114192, 0.0, 0.0, 0.05, 0.5, 0.5, 0.05, 0.5, 0.5, 0.0, 0.0, 0.0, 0.030000000000000002, 0.255, 0.0, 0.0, 0.0];[0.28976988716923113, -1.48615655497059, -6.703169238484039, 0.6599552186795763, -0.4, -3.763106174251316, -14.0, -14.0, -1.0, 0.0, 0.0, -1.0, 0.0, 0.0, 0.0388515952838524];8.527630100004899
[29.566789520528673, 1043.9916227241224, 119.38108014724938];True;False;[0.0, 7.25, 1.4500000000000002, 0.0, 0.0, 11.236893825748684, 0.5, 0.5, 4885.853652090023, 10500.0, 10500.0, 0.0, 3.0, 0.0, 0.025, 0.012012462120930345, 0.0, 0.0, 0.05, 0.5, 0.5, 0.05, 0.5, 0.5, 0.0019404890463114192, 0.0, 0.0, 0.05, 0.5, 0.5, 0.05, 0.5, 0.5, 0.0, 0.0, 0.0, 0.030000000000000002, 0.255, 0.0, 0.0, 0.0];[0.28976988716923113, -1.48615655497059, -6.703169238484039, 0.6599552186795763, -0.4, -3.763106174251316, -14.0, -14.0, -1.0, 0.0, 0.0, -1.0, 0.0, 0.0, 0.0388515952838524];7.80370910000056
[29.566789520528673, 1043.9916227241224, 119.38108014724938];True;False;[0.0, 7.25, 1.4500000000000002, 0.0, 0.0, 11.236893825748684, 0.5, 0.5, 4885.853652090023, 10500.0, 10500.0, 0.0, 3.0, 0.0, 0.025, 0.012012462120930345, 0.0, 0.0, 0.05, 0.5, 0.5, 0.05, 0.5, 0.5, 0.0019404890463114192, 0.0, 0.0, 0.05, 0.5, 0.5, 0.05, 0.5, 0.5, 0.0, 0.0, 0.0, 0.030000000000000002, 0.255, 0.0, 0.0, 0.0];[0.28976988716923113, -1.48615655497059, -6.703169238484039, 0.6599552186795763, -0.4, -3.763106174251316, -14.0, -14.0, -1.0, 0.0, 0.0, -1.0, 0.0, 0.0, 0.0388515952838524];8.83003699999972
[29.45843885922805, 1047.1850605359268, 119.35286942191624];True;False;[0.0, 7.25, 1.4500000000000002, 0.0, 0.0, 11.348659860473859, 0.5, 0.5, 4885.853652090023, 10500.0, 10500.0, 0.0, 3.0, 0.0, 0.025, 0.015393855230514487, 0.0, 0.0, 0.05, 0.5, 0.5, 0.05, 0.5, 0.5, 0.0019307969669161286, 0.0, 0.0, 0.05, 0.5, 0.5, 0.05, 0.5, 0.5, 0.0, 0.0, 0.0, 0.030000000000000002, 0.255, 0.0, 0.0, 0.0];[0.29280510752383115, -1.4853746830170402, -6.590680883261022, 0.6612803991191474, -0.4, -3.651340139526141, -14.0, -14.0, -1.0, 0.0, 0.0, -1.0, 0.0, 0.0, 0.038510347665095424];7.938714300005813
[29.555491411623173, 1044.762187761806, 119.37165824611883];True;False;[0.0, 7.25, 1.4500000000000002, 0.0, 0.0, 11.225843709941078, 0.5, 0.5, 4880.506028181914, 10500.0, 10500.0, 0.0, 3.0, 0.0, 0.025, 0.012012462120930345, 0.0, 0.0, 0.05, 0.5, 0.5, 0.05, 0.5, 0.5, 0.0032725377729256873, 0.0, 0.0, 0.05, 0.5, 0.5, 0.05, 0.5, 0.5, 0.0, 0.0, 0.0, 0.030000000000000002, 0.255, 0.0, 0.0, 0.0];[0.2916958653611319, -1.4856604235022017, -6.714259006312274, 0.659103914954482, -0.4, -3.7741562900589223, -14.0, -14.0, -1.0, 0.0, 0.0, -1.0, 0.0, 0.0, 0.038635008828794004];8.133007600001292
[35.931374027175266, 1030.104691021069, 119.1044975718168];True;False;[0.0, 7.25, 1.4500000000000002, 0.0, 0.0, 5.13411116974647, 0.5, 0.5, 4885.864821147393, 10500.0, 10500.0, 0.0, 3.0, 0.0, 0.025, 0.015329377211784656, 0.0, 0.0, 0.05, 0.5, 0.5, 0.05, 0.5, 0.5, 0.007783253513517639, 0.0, 0.0, 0.05, 0.5, 0.5, 0.05, 0.5, 0.5, 0.0, 0.0, 0.0, 0.030000000000000002, 0.255, 0.0, 0.0, 0.0];[0.5380507095105314, -1.4221994813765224, -11.943845014626298, 0.384708493887701, -0.4, -9.86588883025353, -14.0, -14.0, -1.0, 0.0, 0.0, -1.0, 0.0, 0.0, 0.012296380794953765];5.661855500002275
[36.89809880922246, 1031.7489027221154, 119.06665450205622];True;False;[0.0, 7.25, 1.4500000000000002, 0.0, 0.0, 4.757908111609431, 0.5, 0.5, 4885.853652090023, 10500.0, 10500.0, 0.0, 3.0, 0.0, 0.025, 0.01520050339800927, 0.0, 0.0, 0.05, 0.5, 0.5, 0.05, 0.5, 0.5, 0.0019435116303167849, 0.0, 0.0, 0.05, 0.5, 0.5, 0.05, 0.5, 0.5, 0.0, 0.0, 0.0, 0.030000000000000002, 0.255, 0.0, 0.0, 0.0];[0.5687373774830036, -1.4142946038939803, -12.207567422985933, 0.35450206798306816, -0.4, -10.242091888390568, -14.0, -14.0, -1.0, 0.0, 0.0, -1.0, 0.0, 0.0, 0.009194884747674381];17.375055900003645
[36.18644625014414, 1020.2796591253226, 119.22956227301017];True;False;[0.0, 7.25, 1.4500000000000002, 0.0, 0.0, 5.13993384485785, 0.5, 0.5, 4880.465446840505, 10500.0, 10500.0, 0.0, 3.0, 0.0, 0.025, 0.0039745701209167915, 0.0, 0.0, 0.05, 0.5, 0.5, 0.05, 0.5, 0.5, 0.003273507286190566, 0.0, 0.0, 0.05, 0.5, 0.5, 0.05, 0.5, 0.5, 0.0, 0.0, 0.0, 0.030000000000000002, 0.255, 0.0, 0.0, 0.0];[0.5160187663306584, -1.427874904061557, -11.939707513673376, 0.3899363524601187, -0.4, -9.86006615514215, -14.0, -14.0, -1.0, 0.0, 0.0, -1.0, 0.0, 0.0, 0.014546548762562894];6.3086278999981005
[1e+30, 1e+30, 1e+30];False;False;[0.0, 7.25, 1.4500000000000002, 0.0, 0.0, 4.60911471304339, 0.5, 0.5, 4880.433828857662, 10500.0, 10500.0, 0.0, 3.0, 0.0, 0.025, 0.0152011274721632, 0.0, 0.0, 0.05, 0.5, 0.5, 0.05, 0.5, 0.5, 0.0031692149989525444, 0.0, 0.0, 0.05, 0.5, 0.5, 0.05, 0.5, 0.5, 0.0, 0.0, 0.0, 0.030000000000000002, 0.255, 0.0, 0.0, 0.0];[1e+30, 1e+30, 1e+30, 1e+30, 1e+30, 1e+30, 1e+30, 1e+30, 1e+30, 1e+30, 1e+30, 1e+30, 1e+30, 1e+30, 1e+30];26.7184305999981
[36.23422458468361, 1031.9167535840388, 119.0749941869273];True;False;[0.0, 7.25, 1.4500000000000002, 0.0, 0.0, 4.994782647573344, 0.5, 0.5, 4885.864873704708, 10500.0, 10500.0, 0.0, 3.0, 0.0, 0.025, 0.015329932713694379, 0.0, 0.0, 0.05, 0.5, 0.5, 0.05, 0.5, 0.5, 0.007898514742615662, 0.0, 0.0, 0.05, 0.5, 0.5, 0.05, 0.5, 0.5, 0.0, 0.0, 0.0, 0.030000000000000002, 0.255, 0.0, 0.0, 0.0];[0.551815747500636, -1.4186536112627637, -12.042343586374738, 0.3732794743492065, -0.4, -10.005217352426655, -14.0, -14.0, -1.0, 0.0, 0.0, -1.0, 0.0, 0.0, 0.0109004907830631];5.809487400001672
[1e+30, 1e+30, 1e+30];False;False;[0.0, 7.25, 1.4500000000000002, 0.0, 0.0, 4.778360103446196, 0.5, 0.5, 4885.853652090023, 10500.0, 10500.0, 0.0, 3.0, 0.0, 0.025, 0.0041213856683537655, 0.0, 0.0, 0.05, 0.5, 0.5, 0.05, 0.5, 0.5, 0.0019435915882634258, 0.0, 0.0, 0.05, 0.5, 0.5, 0.05, 0.5, 0.5, 0.0, 0.0, 0.0, 0.030000000000000002, 0.255, 0.0, 0.0, 0.0];[1e+30, 1e+30, 1e+30, 1e+30, 1e+30, 1e+30, 1e+30, 1e+30, 1e+30, 1e+30, 1e+30, 1e+30, 1e+30, 1e+30, 1e+30];43.736695799998415
[29.712114034250263, 1038.1549816874394, 119.44249267801217];True;False;[0.0, 7.25, 1.4500000000000002, 0.0, 0.0, 11.172713451352942, 0.5, 0.5, 4880.4396926869285, 10500.0, 10500.0, 0.0, 3.0, 0.0, 0.025, 0.003974952563798143, 0.0, 0.0, 0.05, 0.5, 0.5, 0.05, 0.5, 0.5, 0.0018425460016439697, 0.0, 0.0, 0.05, 0.5, 0.5, 0.05, 0.5, 0.5, 0.0, 0.0, 0.0, 0.030000000000000002, 0.255, 0.0, 0.0, 0.0];[0.2798122632704052, -1.4887216362302431, -6.767500085890065, 0.661818030654231, -0.4, -3.8272865486470575, -14.0, -14.0, -1.0, 0.0, 0.0, -1.0, 0.0, 0.0, 0.03997416688867206];8.484192399999301
[29.537798781884767, 1045.7475183107806, 119.36018178013822];True;False;[0.0, 7.25, 1.4500000000000002, 0.0, 0.0, 11.22001336016869, 0.5, 0.5, 4885.853652090023, 10500.0, 10500.0, 0.0, 3.0, 0.0, 0.025, 0.01491329856934533, 0.0, 0.0, 0.05, 0.5, 0.5, 0.05, 0.5, 0.5, 0.0019405979549708718, 0.0, 0.0, 0.05, 0.5, 0.5, 0.05, 0.5, 0.5, 0.0, 0.0, 0.0, 0.030000000000000002, 0.255, 0.0, 0.0, 0.0];[0.2938969138798804, -1.4850934339910111, -6.720107973672553, 0.6582726454893475, -0.4, -3.7799866398313107, -14.0, -14.0, -1.0, 0.0, 0.0, -1.0, 0.0, 0.0, 0.038387702345233254];8.844187500006228
[35.93954119609488, 1029.804383516557, 119.10828305232553];True;False;[0.0, 7.25, 1.4500000000000002, 0.0, 0.0, 5.13411116974647, 0.5, 0.5, 4885.811625269689, 10500.0, 10500.0, 0.0, 3.0, 0.0, 0.025, 0.01523547721306769, 0.0, 0.0, 0.05, 0.5, 0.5, 0.05, 0.5, 0.5, 0.007392939762781124, 0.0, 0.0, 0.05, 0.5, 0.5, 0.05, 0.5, 0.5, 0.0, 0.0, 0.0, 0.030000000000000002, 0.255, 0.0, 0.0, 0.0];[0.5373912540023467, -1.4223693569394877, -11.943845014644825, 0.3848535366957686, -0.4, -9.86588883025353, -14.0, -14.0, -1.0, 0.0, 0.0, -1.0, 0.0, 0.0, 0.012363446594114813];6.030355999995663
[37.07603596706227, 1024.787324185904, 119.15549379274296];True;False;[0.0, 7.25, 1.4500000000000002, 0.0, 0.0, 4.764495426280657, 0.5, 0.5, 4885.856647643016, 10500.0, 10500.0, 0.0, 3.0, 0.0, 0.025, 0.00404552509841663, 0.0, 0.0, 0.05, 0.5, 0.5, 0.05, 0.5, 0.5, 0.0019497666312722666, 0.0, 0.0, 0.05, 0.5, 0.5, 0.05, 0.5, 0.5, 0.0, 0.0, 0.0, 0.030000000000000002, 0.255, 0.0, 0.0, 0.0];[0.5528548860513407, -1.418385929449349, -12.203010797269815, 0.3582758240586179, -0.4, -10.235504573719343, -14.0, -14.0, -1.0, 0.0, 0.0, -1.0, 0.0, 0.0, 0.010795422181747005];19.691184199997224
[36.18288888432059, 1020.3106241134359, 119.22922381326526];True;False;[0.0, 7.25, 1.4500000000000002, 0.0, 0.0, 5.141025552005074, 0.5, 0.5, 4880.458900046051, 10500.0, 10500.0, 0.0, 3.0, 0.0, 0.025, 0.0039745701209167915, 0.0, 0.0, 0.05, 0.5, 0.5, 0.05, 0.5, 0.5, 0.003344925991360544, 0.0, 0.0, 0.05, 0.5, 0.5, 0.05, 0.5, 0.5, 0.0, 0.0, 0.0, 0.030000000000000002, 0.255, 0.0, 0.0, 0.0];[0.5160119929052218, -1.4278766488941483, -11.938931575088922, 0.3900034213507133, -0.4, -9.858974447994926, -14.0, -14.0, -1.0, 0.0, 0.0, -1.0, 0.0, 0.0, 0.014547243586000791];7.068362199999683
[36.04999050036515, 1025.0801673508272, 119.16880317903802];True;False;[0.0, 7.25, 1.4500000000000002, 0.0, 0.0, 5.1414266001612665, 0.5, 0.5, 4886.105326055794, 10500.0, 10500.0, 0.0, 3.0, 0.0, 0.025, 0.011861171668924544, 0.0, 0.0, 0.05, 0.5, 0.5, 0.05, 0.5, 0.5, 0.003257052746919523, 0.0, 0.0, 0.05, 0.5, 0.5, 0.05, 0.5, 0.5, 0.0, 0.0, 0.0, 0.030000000000000002, 0.255, 0.0, 0.0, 0.0];[0.5264982257679929, -1.4251753981064095, -11.938646512305162, 0.38772362665231075, -0.4, -9.858573399838733, -14.0, -14.0, -1.0, 0.0, 0.0, -1.0, 0.0, 0.0, 0.013473800012999804];6.173318599998311
[36.06587487458277, 1025.1569863291256, 119.16745595512711];True;False;[0.0, 7.25, 1.4500000000000002, 0.0, 0.0, 5.13411116974647, 0.5, 0.5, 4885.881317241639, 10500.0, 10500.0, 0.0, 3.0, 0.0, 0.025, 0.011896278440693643, 0.0, 0.0, 0.05, 0.5, 0.5, 0.05, 0.5, 0.5, 0.003209277881882225, 0.0, 0.0, 0.05, 0.5, 0.5, 0.05, 0.5, 0.5, 0.0, 0.0, 0.0, 0.030000000000000002, 0.255, 0.0, 0.0, 0.0];[0.5271721783553449, -1.4250017880997246, -11.943845014644836, 0.3871378469225961, -0.4, -9.86588883025353, -14.0, -14.0, -1.0, 0.0, 0.0, -1.0, 0.0, 0.0, 0.013404962705710455];6.0455749000029755
[36.129424102341765, 1022.8177053455319, 119.1970964418304];True;False;[0.0, 7.25, 1.4500000000000002, 0.0, 0.0, 5.134512217902662, 0.5, 0.5, 4886.104820946456, 10500.0, 10500.0, 0.0, 3.0, 0.0, 0.025, 0.0039582854012592756, 0.0, 0.0, 0.05, 0.5, 0.5, 0.05, 0.5, 0.5, 0.007337370632447379, 0.0, 0.0, 0.05, 0.5, 0.5, 0.05, 0.5, 0.5, 0.0, 0.0, 0.0, 0.030000000000000002, 0.255, 0.0, 0.0, 0.0];[0.5219909409317776, -1.4263364734776778, -11.943560090524151, 0.388299686805593, -0.4, -9.865487782097338, -14.0, -14.0, -1.0, 0.0, 0.0, -1.0, 0.0, 0.0, 0.013934647652871779];6.3572073000032105
[36.24421120040414, 1032.0725702966358, 119.07282058431278];True;False;[0.0, 7.25, 1.4500000000000002, 0.0, 0.0, 4.989307834330909, 0.5, 0.5, 4886.112906630403, 10500.0, 10500.0, 0.0, 3.0, 0.0, 0.025, 0.015329932713694379, 0.0, 0.0, 0.05, 0.5, 0.5, 0.05, 0.5, 0.5, 0.008030868394598548, 0.0, 0.0, 0.05, 0.5, 0.5, 0.05, 0.5, 0.5, 0.0, 0.0, 0.0, 0.030000000000000002, 0.255, 0.0, 0.0, 0.0];[0.5525485236759984, -1.4184648483155011, -12.046194160238654, 0.3727866090215832, -0.4, -10.010692165669091, -14.0, -14.0, -1.0, 0.0, 0.0, -1.0, 0.0, 0.0, 0.010826394372933756];6.224425000000338
[36.2321215868114, 1031.904237798236, 119.07519913328034];True;False;[0.0, 7.25, 1.4500000000000002, 0.0, 0.0, 4.9957162205653525, 0.5, 0.5, 4885.853747847721, 10500.0, 10500.0, 0.0, 3.0, 0.0, 0.025, 0.015329932713694379, 0.0, 0.0, 0.05, 0.5, 0.5, 0.05, 0.5, 0.5, 0.007898514742615662, 0.0, 0.0, 0.05, 0.5, 0.5, 0.05, 0.5, 0.5, 0.0, 0.0, 0.0, 0.030000000000000002, 0.255, 0.0, 0.0, 0.0];[0.55172173487869, -1.418677828889099, -12.041686831037286, 0.37335767057068225, -0.4, -10.004283779434648, -14.0, -14.0, -1.0, 0.0, 0.0, -1.0, 0.0, 0.0, 0.010909998649336283];6.274795199999062
[41.55825379266082, 1075.0942896901515, 118.52495499862152];True;False;[0.0, 7.25, 1.4500000000000002, 0.0, 0.0, 3.427617600034741, 0.5, 0.5, 4885.86477794701, 10500.0, 10500.0, 0.0, 3.0, 0.0, 0.025, 0.012012462120930345, 0.0, 0.0, 0.05, 0.5, 0.5, 0.05, 0.5, 0.5, 0.0025303801740869216, 0.0, 0.0, 0.05, 0.5, 0.5, 0.05, 0.5, 0.5, 0.0, 0.0, 0.0, 0.030000000000000002, 0.255, 0.0, 0.0, 0.0];[0.7826027821926154, -1.3592029326998423, -13.082625834430544, 0.20390474294117045, -0.4, -11.572382399965258, -14.0, -14.0, -1.0, 0.0, 0.0, -1.0, 0.0, 0.0, -0.011419796043718067];9.078079799997795
[35.93955165098072, 1029.8039992275717, 119.10828789696635];True;False;[0.0, 7.25, 1.4500000000000002, 0.0, 0.0, 5.13411116974647, 0.5, 0.5, 4885.8116236944015, 10500.0, 10500.0, 0.0, 3.0, 0.0, 0.025, 0.01523485972736019, 0.0, 0.0, 0.05, 0.5, 0.5, 0.05, 0.5, 0.5, 0.007392939762781124, 0.0, 0.0, 0.05, 0.5, 0.5, 0.05, 0.5, 0.5, 0.0, 0.0, 0.0, 0.030000000000000002, 0.255, 0.0, 0.0, 0.0];[0.5373904100603601, -1.4223695743387157, -11.943845014644838, 0.3848537223076547, -0.4, -9.86588883025353, -14.0, -14.0, -1.0, 0.0, 0.0, -1.0, 0.0, 0.0, 0.012363532433206648];5.714196599998104
[36.13228337423628, 1022.8788020718953, 119.19622905602341];True;False;[0.0, 7.25, 1.4500000000000002, 0.0, 0.0, 5.1326710252876335, 0.5, 0.5, 4880.458900046051, 10500.0, 10500.0, 0.0, 3.0, 0.0, 0.025, 0.0039745701209167915, 0.0, 0.0, 0.05, 0.5, 0.5, 0.05, 0.5, 0.5, 0.0073859545135837035, 0.0, 0.0, 0.05, 0.5, 0.5, 0.05, 0.5, 0.5, 0.0, 0.0, 0.0, 0.030000000000000002, 0.255, 0.0, 0.0, 0.0];[0.5222526490137547, -1.426269057545583, -11.94486809702903, 0.38813170352744475, -0.4, -9.867328974712366, -14.0, -14.0, -1.0, 0.0, 0.0, -1.0, 0.0, 0.0, 0.013907866672243974];5.836422799999127
[1e+30, 1e+30, 1e+30];False;False;[0.0, 7.25, 1.4500000000000002, 0.0, 1.0, 11.230447400076411, 0.40815518087993596, 0.5, 5114.535764663071, 7930.9902572274605, 10500.0, 0.0, 3.0, 0.0, 0.025, 0.004013643228161747, 0.3139716539638101, 0.0, 0.06273413476840303, 0.26873327624671306, 0.0, 0.05, 0.5, 0.5, 0.004188592308627313, 0.49710294063970095, 0.0, 0.07906780213277187, 0.815331799573523, 0.0, 0.05, 0.5, 0.5, 0.0, 0.0, 0.0, 0.030000000000000002, 0.255, 0.0, 1.0, 1.0];[1e+30, 1e+30, 1e+30, 1e+30, 1e+30, 1e+30, 1e+30, 1e+30, 1e+30, 1e+30, 1e+30, 1e+30, 1e+30, 1e+30, 1e+30];54.76791879999655
[29.37934221085908, 1048.9297175736265, 119.3412381421731];True;False;[0.0, 7.25, 1.4500000000000002, 0.0, 0.0, 11.464224128682227, 0.5, 0.5, 4880.433828857662, 10500.0, 10500.0, 0.0, 3.0, 0.0, 0.025, 0.015326716146805124, 0.0, 0.0, 0.05, 0.5, 0.5, 0.05, 0.5, 0.5, 0.0031040363382004365, 0.0, 0.0, 0.05, 0.5, 0.5, 0.05, 0.5, 0.5, 0.0, 0.0, 0.0, 0.030000000000000002, 0.255, 0.0, 0.0, 0.0];[0.29278226352869474, -1.485380567624089, -6.473755138683247, 0.6636362007877099, -0.4, -3.5357758713177727, -14.0, -14.0, -1.0, 0.0, 0.0, -1.0, 0.0, 0.0, 0.038512914384607466];7.283836800001154
[36.22283911781111, 1019.4904403983977, 119.23929506131404];True;False;[0.0, 7.25, 1.4500000000000002, 0.0, 0.0, 5.13411116974647, 0.5, 0.5, 4885.866109860143, 10500.0, 10500.0, 0.0, 3.0, 0.0, 0.025, 0.0041074666281094765, 0.0, 0.0, 0.05, 0.5, 0.5, 0.05, 0.5, 0.5, 0.001733500208181582, 0.0, 0.0, 0.05, 0.5, 0.5, 0.05, 0.5, 0.5, 0.0, 0.0, 0.0, 0.030000000000000002, 0.255, 0.0, 0.0, 0.0];[0.5146771131049919, -1.4282205135745385, -11.943845014644822, 0.3898804926789705, -0.4, -9.86588883025353, -14.0, -14.0, -1.0, 0.0, 0.0, -1.0, 0.0, 0.0, 0.014684213266445423];5.46592850000161
[35.93144256454346, 1030.187548892178, 119.10340468928533];True;False;[0.0, 7.25, 1.4500000000000002, 0.0, 0.0, 5.1331656629578735, 0.5, 0.5, 4885.864873704708, 10500.0, 10500.0, 0.0, 3.0, 0.0, 0.025, 0.015329932713694379, 0.0, 0.0, 0.05, 0.5, 0.5, 0.05, 0.5, 0.5, 0.007898514742615662, 0.0, 0.0, 0.05, 0.5, 0.5, 0.05, 0.5, 0.5, 0.0, 0.0, 0.0, 0.030000000000000002, 0.255, 0.0, 0.0, 0.0];[0.5382981017792643, -1.4221357531941, -11.944516716830599, 0.3845977598091215, -0.4, -9.866834337042127, -14.0, -14.0, -1.0, 0.0, 0.0, -1.0, 0.0, 0.0, 0.012271225839579958];5.350792299999739
[36.20053033449286, 1020.3092336176562, 119.22888579078241];True;False;[0.0, 7.25, 1.4500000000000002, 0.0, 0.0, 5.133907653249593, 0.5, 0.5, 4886.338307760326, 10500.0, 10500.0, 0.0, 3.0, 0.0, 0.025, 0.0039745701209167915, 0.0, 0.0, 0.05, 0.5, 0.5, 0.05, 0.5, 0.5, 0.0032078562729686076, 0.0, 0.0, 0.05, 0.5, 0.5, 0.05, 0.5, 0.5, 0.0, 0.0, 0.0, 0.030000000000000002, 0.255, 0.0, 0.0, 0.0];[0.51649901091917, -1.4277511931836895, -11.943989599588546, 0.38946859640729325, -0.4, -9.866092346750406, -14.0, -14.0, -1.0, 0.0, 0.0, -1.0, 0.0, 0.0, 0.014497289668714552];5.910544200000004
[29.671661570534482, 1038.8017788902032, 119.43977467915288];True;False;[0.0, 7.25, 1.4500000000000002, 0.0, 0.0, 11.240465342119792, 0.5, 0.5, 4885.853652090023, 10500.0, 10500.0, 0.0, 3.0, 0.0, 0.025, 0.003974284117086791, 0.0, 0.0, 0.05, 0.5, 0.5, 0.05, 0.5, 0.5, 0.0019406779129175129, 0.0, 0.0, 0.05, 0.5, 0.5, 0.05, 0.5, 0.5, 0.0, 0.0, 0.0, 0.030000000000000002, 0.255, 0.0, 0.0, 0.0];[0.2790110485527819, -1.4889280289277376, -6.699583683727164, 0.6634999813531679, -0.4, -3.7595346578802076, -14.0, -14.0, -1.0, 0.0, 0.0, -1.0, 0.0, 0.0, 0.04006469508482946];8.000139899995702
[36.001131478693765, 1027.5649415941625, 119.13652854375059];True;False;[0.0, 7.25, 1.4500000000000002, 0.0, 0.0, 5.133907653249593, 0.5, 0.5, 4886.338307760326, 10500.0, 10500.0, 0.0, 3.0, 0.0, 0.025, 0.015795534147815524, 0.0, 0.0, 0.05, 0.5, 0.5, 0.05, 0.5, 0.5, 0.00319667756813934, 0.0, 0.0, 0.05, 0.5, 0.5, 0.05, 0.5, 0.5, 0.0, 0.0, 0.0, 0.030000000000000002, 0.255, 0.0, 0.0, 0.0];[0.5324842743920462, -1.4236333935779235, -11.943989599588573, 0.385920272756217, -0.4, -9.866092346750406, -14.0, -14.0, -1.0, 0.0, 0.0, -1.0, 0.0, 0.0, 0.01286303225567198];6.146942399995169
[36.188815448453745, 1020.1945091716981, 119.23064331498338];True;False;[0.0, 7.25, 1.4500000000000002, 0.0, 0.0, 5.13993384485785, 0.5, 0.5, 4880.465946555098, 10500.0, 10500.0, 0.0, 3.0, 0.0, 0.025, 0.003834464294431644, 0.0, 0.0, 0.05, 0.5, 0.5, 0.05, 0.5, 0.5, 0.003273507286190566, 0.0, 0.0, 0.05, 0.5, 0.5, 0.05, 0.5, 0.5, 0.0, 0.0, 0.0, 0.030000000000000002, 0.255, 0.0, 0.0, 0.0];[0.5158308084778094, -1.4279233219543046, -11.939707513673369, 0.3899776139827664, -0.4, -9.86006615514215, -14.0, -14.0, -1.0, 0.0, 0.0, -1.0, 0.0, 0.0, 0.014565830326912055];6.312653300003149
[29.5123186334711, 1046.8918382366287, 119.34772693847039];True;False;[0.0, 7.25, 1.4500000000000002, 0.0, 0.0, 11.225843709941078, 0.5, 0.5, 4880.416693035732, 10500.0, 10500.0, 0.0, 3.0, 0.0, 0.025, 0.015329908242387167, 0.0, 0.0, 0.05, 0.5, 0.5, 0.05, 0.5, 0.5, 0.0031963545449667156, 0.0, 0.0, 0.05, 0.5, 0.5, 0.05, 0.5, 0.5, 0.0, 0.0, 0.0, 0.030000000000000002, 0.255, 0.0, 0.0, 0.0];[0.2960547707700547, -1.4845375706318145, -6.714259006312158, 0.6576976860010872, -0.4, -3.7741562900589223, -14.0, -14.0, -1.0, 0.0, 0.0, -1.0, 0.0, 0.0, 0.0381454691622064];8.18231029999879
[36.19639674737707, 1019.4568250117575, 119.24027346781978];True;False;[0.0, 7.25, 1.4500000000000002, 0.0, 0.0, 5.145184167885001, 0.5, 0.5, 4885.85089845921, 10500.0, 10500.0, 0.0, 3.0, 0.0, 0.025, 0.00404552509841663, 0.0, 0.0, 0.05, 0.5, 0.5, 0.05, 0.5, 0.5, 0.0019497666312722666, 0.0, 0.0, 0.05, 0.5, 0.5, 0.05, 0.5, 0.5, 0.0, 0.0, 0.0, 0.030000000000000002, 0.255, 0.0, 0.0, 0.0];[0.5138411085127368, -1.428435868134458, -11.935975263546341, 0.3907298563388719, -0.4, -9.854815832114998, -14.0, -14.0, -1.0, 0.0, 0.0, -1.0, 0.0, 0.0, 0.014770031376062143];7.184559799999988
[29.55549141162306, 1044.7621877618055, 119.37165824611887];True;False;[0.0, 7.25, 1.4500000000000002, 0.0, 0.0, 11.225843709941078, 0.5, 0.5, 4880.384837011874, 10500.0, 10500.0, 0.0, 3.0, 0.0, 0.025, 0.012012462120930345, 0.0, 0.0, 0.05, 0.5, 0.5, 0.05, 0.5, 0.5, 0.0032725377729256873, 0.0, 0.0, 0.05, 0.5, 0.5, 0.05, 0.5, 0.5, 0.0, 0.0, 0.0, 0.030000000000000002, 0.255, 0.0, 0.0, 0.0];[0.29169586536112924, -1.4856604235022008, -6.714259006312158, 0.6591039149544864, -0.4, -3.7741562900589223, -14.0, -14.0, -1.0, 0.0, 0.0, -1.0, 0.0, 0.0, 0.03863500882879334];8.025725899999088
[1e+30, 1e+30, 1e+30];False;False;[0.0, 7.25, 1.4500000000000002, 0.0, 0.0, 11.225299745394098, 0.5, 0.5, 4885.864873704708, 10500.0, 10500.0, 0.0, 3.0, 0.0, 0.025, 0.015512245029672673, 0.0, 0.0, 0.05, 0.5, 0.5, 0.05, 0.5, 0.5, 0.007894968442305673, 0.0, 0.0, 0.05, 0.5, 0.5, 0.05, 0.5, 0.5, 0.0, 0.0, 0.0, 0.030000000000000002, 0.255, 0.0, 0.0, 0.0];[1e+30, 1e+30, 1e+30, 1e+30, 1e+30, 1e+30, 1e+30, 1e+30, 1e+30, 1e+30, 1e+30, 1e+30, 1e+30, 1e+30, 1e+30];26.816097099996114
[36.001131488553554, 1027.5649412621594, 119.13652853668907];True;False;[0.0, 7.25, 1.4500000000000002, 0.0, 0.0, 5.133907653249593, 0.5, 0.5, 4886.459498930366, 10500.0, 10500.0, 0.0, 3.0, 0.0, 0.025, 0.015795534147815524, 0.0, 0.0, 0.05, 0.5, 0.5, 0.05, 0.5, 0.5, 0.00319667756813934, 0.0, 0.0, 0.05, 0.5, 0.5, 0.05, 0.5, 0.5, 0.0, 0.0, 0.0, 0.030000000000000002, 0.255, 0.0, 0.0, 0.0];[0.5324842736620417, -1.423633393765971, -11.943989599588576, 0.38592027228896697, -0.4, -9.866092346750406, -14.0, -14.0, -1.0, 0.0, 0.0, -1.0, 0.0, 0.0, 0.01286303233006636];5.848485399998026
[29.67281779603032, 1038.7456664778838, 119.44040758124527];True;False;[0.0, 7.25, 1.4500000000000002, 0.0, 0.0, 11.240465342119792, 0.5, 0.5, 4885.853652090023, 10500.0, 10500.0, 0.0, 3.0, 0.0, 0.025, 0.0039771571809212, 0.0, 0.0, 0.05, 0.5, 0.5, 0.05, 0.5, 0.5, 0.0018509028108471908, 0.0, 0.0, 0.05, 0.5, 0.5, 0.05, 0.5, 0.5, 0.0, 0.0, 0.0, 0.030000000000000002, 0.255, 0.0, 0.0, 0.0];[0.2788957757903203, -1.4889577231605944, -6.699583683727136, 0.663537152368955, -0.4, -3.7595346578802076, -14.0, -14.0, -1.0, 0.0, 0.0, -1.0, 0.0, 0.0, 0.04007772210032312];7.9689348000028986
[36.49864541035975, 1020.9623754658207, 119.21462210680173];True;False;[0.0, 7.25, 1.4500000000000002, 0.0, 0.0, 5.009948247352149, 0.5, 0.5, 4885.853652090023, 10500.0, 10500.0, 0.0, 3.0, 0.0, 0.025, 0.0037919776274190336, 0.0, 0.0, 0.05, 0.5, 0.5, 0.05, 0.5, 0.5, 0.0019442260969056396, 0.0, 0.0, 0.05, 0.5, 0.5, 0.05, 0.5, 0.5, 0.0, 0.0, 0.0, 0.030000000000000002, 0.255, 0.0, 0.0, 0.0];[0.5265901469158729, -1.4251517192432406, -12.031669392605831, 0.3796827702237777, -0.4, -9.990051752647851, -14.0, -14.0, -1.0, 0.0, 0.0, -1.0, 0.0, 0.0, 0.013464410128461224];6.8365357000002405
[35.93954119609488, 1029.804383516557, 119.10828305232553];True;False;[0.0, 7.25, 1.4500000000000002, 0.0, 0.0, 5.13411116974647, 0.5, 0.5, 4885.811625269689, 10500.0, 10500.0, 0.0, 3.0, 0.0, 0.025, 0.01523547721306769, 0.0, 0.0, 0.05, 0.5, 0.5, 0.05, 0.5, 0.5, 0.007392939762781124, 0.0, 0.0, 0.05, 0.5, 0.5, 0.05, 0.5, 0.5, 0.0, 0.0, 0.0, 0.030000000000000002, 0.255, 0.0, 0.0, 0.0];[0.5373912540023467, -1.4223693569394877, -11.943845014644825, 0.3848535366957686, -0.4, -9.86588883025353, -14.0, -14.0, -1.0, 0.0, 0.0, -1.0, 0.0, 0.0, 0.012363446594114813];5.781023600000481
[29.671661570534482, 1038.8017788902032, 119.43977467915288];True;False;[0.0, 7.25, 1.4500000000000002, 0.0, 0.0, 11.240465342119792, 0.5, 0.5, 4885.853652090023, 10500.0, 10500.0, 0.0, 3.0, 0.0, 0.025, 0.003974284117086791, 0.0, 0.0, 0.05, 0.5, 0.5, 0.05, 0.5, 0.5, 0.0019406779129175129, 0.0, 0.0, 0.05, 0.5, 0.5, 0.05, 0.5, 0.5, 0.0, 0.0, 0.0, 0.030000000000000002, 0.255, 0.0, 0.0, 0.0];[0.2790110485527819, -1.4889280289277376, -6.699583683727164, 0.6634999813531679, -0.4, -3.7595346578802076, -14.0, -14.0, -1.0, 0.0, 0.0, -1.0, 0.0, 0.0, 0.04006469508482946];7.963991899996472
[29.630758639014545, 1042.1108182907253, 119.39786671000525];True;False;[0.0, 7.25, 1.4500000000000002, 0.0, 0.0, 11.172713451352942, 0.5, 0.5, 4880.4396926869285, 10500.0, 10500.0, 0.0, 3.0, 0.0, 0.025, 0.003974952563798143, 0.0, 0.0, 0.05, 0.5, 0.5, 0.05, 0.5, 0.5, 0.00794139456634415, 0.0, 0.0, 0.05, 0.5, 0.5, 0.05, 0.5, 0.5, 0.0, 0.0, 0.0, 0.030000000000000002, 0.255, 0.0, 0.0, 0.0];[0.28793681706149865, -1.4866287533412856, -6.7675000858901, 0.6592041361939498, -0.4, -3.8272865486470575, -14.0, -14.0, -1.0, 0.0, 0.0, -1.0, 0.0, 0.0, 0.03905789557342865];7.962784100003773
[36.04228099128612, 1026.0470548623907, 119.15571606425716];True;False;[0.0, 7.25, 1.4500000000000002, 0.0, 0.0, 5.13408812503782, 0.5, 0.5, 4886.459498930366, 10500.0, 10500.0, 0.0, 3.0, 0.0, 0.025, 0.015795534147815524, 0.0, 0.0, 0.05, 0.5, 0.5, 0.05, 0.5, 0.5, 0.0007266268804776062, 0.0, 0.0, 0.05, 0.5, 0.5, 0.05, 0.5, 0.5, 0.0, 0.0, 0.0, 0.030000000000000002, 0.255, 0.0, 0.0, 0.0];[0.5291329219779044, -1.4244967010656693, -11.943861386482599, 0.3866675110081268, -0.4, -9.86591187496218, -14.0, -14.0, -1.0, 0.0, 0.0, -1.0, 0.0, 0.0, 0.01320479788166351];6.3325497999976506
[36.348045611254506, 1028.3095884510485, 119.12033214921885];True;False;[0.0, 7.25, 1.4500000000000002, 0.0, 0.0, 4.989307834330909, 0.5, 0.5, 4886.112906630403, 10500.0, 10500.0, 0.0, 3.0, 0.0, 0.025, 0.015329932713694379, 0.0, 0.0, 0.05, 0.5, 0.5, 0.05, 0.5, 0.5, 0.0019320237542919559, 0.0, 0.0, 0.05, 0.5, 0.5, 0.05, 0.5, 0.5, 0.0, 0.0, 0.0, 0.030000000000000002, 0.255, 0.0, 0.0, 0.0];[0.5442679604650627, -1.4205979191893945, -12.046194160238636, 0.37457224837682035, -0.4, -10.010692165669091, -14.0, -14.0, -1.0, 0.0, 0.0, -1.0, 0.0, 0.0, 0.011664956138798699];6.510420600003272
[35.94440844113913, 1029.884932669754, 119.10712006633156];True;False;[0.0, 7.25, 1.4500000000000002, 0.0, 0.0, 5.131238157329499, 0.5, 0.5, 4886.112906630403, 10500.0, 10500.0, 0.0, 3.0, 0.0, 0.025, 0.015331674411741675, 0.0, 0.0, 0.05, 0.5, 0.5, 0.05, 0.5, 0.5, 0.007372025030670833, 0.0, 0.0, 0.05, 0.5, 0.5, 0.05, 0.5, 0.5, 0.0, 0.0, 0.0, 0.030000000000000002, 0.255, 0.0, 0.0, 0.0];[0.5377670626261954, -1.4222725487382475, -11.94588590723297, 0.38459963591982915, -0.4, -9.868761842670501, -14.0, -14.0, -1.0, 0.0, 0.0, -1.0, 0.0, 0.0, 0.012325225175897847];5.5222110000031535
[1e+30, 1e+30, 1e+30];False;False;[0.0, 7.25, 1.4500000000000002, 0.0, 0.0, 5.303185161325661, 0.5, 0.5, 4886.083971681118, 10500.0, 10500.0, 0.0, 3.0, 0.0, 0.025, 0.003974284117086791, 0.0, 0.0, 0.05, 0.5, 0.5, 0.05, 0.5, 0.5, 0.0019406779129175129, 0.0, 0.0, 0.05, 0.5, 0.5, 0.05, 0.5, 0.5, 0.0, 0.0, 0.0, 0.030000000000000002, 0.255, 0.0, 0.0, 0.0];[1e+30, 1e+30, 1e+30, 1e+30, 1e+30, 1e+30, 1e+30, 1e+30, 1e+30, 1e+30, 1e+30, 1e+30, 1e+30, 1e+30, 1e+30];33.014630300000135
[36.195376738366626, 1019.4958146261324, 119.23977690286998];True;False;[0.0, 7.25, 1.4500000000000002, 0.0, 0.0, 5.145157289206871, 0.5, 0.5, 4885.858465221091, 10500.0, 10500.0, 0.0, 3.0, 0.0, 0.025, 0.004044793745052731, 0.0, 0.0, 0.05, 0.5, 0.5, 0.05, 0.5, 0.5, 0.0020141214862715046, 0.0, 0.0, 0.05, 0.5, 0.5, 0.05, 0.5, 0.5, 0.0, 0.0, 0.0, 0.030000000000000002, 0.255, 0.0, 0.0, 0.0];[0.5139290493169923, -1.4284132146067434, -11.935994374061583, 0.39070892944581015, -0.4, -9.854842710793129, -14.0, -14.0, -1.0, 0.0, 0.0, -1.0, 0.0, 0.0, 0.014761002670206413];5.835952499997802
[36.23912517412227, 1031.9868391188757, 119.07397840131691];True;False;[0.0, 7.25, 1.4500000000000002, 0.0, 0.0, 4.992180846747881, 0.5, 0.5, 4885.811625269689, 10500.0, 10500.0, 0.0, 3.0, 0.0, 0.025, 0.015233735515020393, 0.0, 0.0, 0.05, 0.5, 0.5, 0.05, 0.5, 0.5, 0.00805178312670884, 0.0, 0.0, 0.05, 0.5, 0.5, 0.05, 0.5, 0.5, 0.0, 0.0, 0.0, 0.030000000000000002, 0.255, 0.0, 0.0, 0.0];[0.5521552151319531, -1.4185661644915155, -12.044173685721224, 0.3730447017708354, -0.4, -10.007819153252118, -14.0, -14.0, -1.0, 0.0, 0.0, -1.0, 0.0, 0.0, 0.010866162031859972];6.244494099999429
[29.602566702071503, 1042.4521007088988, 119.3976493056804];True;False;[0.0, 7.25, 1.4500000000000002, 0.0, 0.0, 11.225843709941078, 0.5, 0.5, 5119.066289438853, 10500.0, 10500.0, 0.0, 3.0, 0.0, 0.025, 0.004044344042354628, 0.0, 0.0, 0.05, 0.5, 0.5, 0.05, 0.5, 0.5, 0.007689825591284432, 0.0, 0.0, 0.05, 0.5, 0.5, 0.05, 0.5, 0.5, 0.0, 0.0, 0.0, 0.030000000000000002, 0.255, 0.0, 0.0, 0.0];[0.286962023718619, -1.4868798598463309, -6.714259006312249, 0.6606306327970215, -0.4, -3.7741562900589223, -14.0, -14.0, -1.0, 0.0, 0.0, -1.0, 0.0, 0.0, 0.03916766666528382];7.463015799999994
[37.07609244342757, 1024.785348933994, 119.15551899361314];True;False;[0.0, 7.25, 1.4500000000000002, 0.0, 0.0, 4.764495426280657, 0.5, 0.5, 4885.856647643016, 10500.0, 10500.0, 0.0, 3.0, 0.0, 0.025, 0.00404552509841663, 0.0, 0.0, 0.05, 0.5, 0.5, 0.05, 0.5, 0.5, 0.0019465228464112185, 0.0, 0.0, 0.05, 0.5, 0.5, 0.05, 0.5, 0.5, 0.0, 0.0, 0.0, 0.030000000000000002, 0.255, 0.0, 0.0, 0.0];[0.5528505110964721, -1.4183870564365615, -12.20301079727766, 0.3582767423939228, -0.4, -10.235504573719343, -14.0, -14.0, -1.0, 0.0, 0.0, -1.0, 0.0, 0.0, 0.010795864448330583];20.44838829999935
[36.53321846034707, 1021.401054181855, 119.20822406617744];True;False;[0.0, 7.25, 1.4500000000000002, 0.0, 0.0, 4.992180846747881, 0.5, 0.5, 4885.811625269689, 10500.0, 10500.0, 0.0, 3.0, 0.0, 0.025, 0.004098352042969309, 0.0, 0.0, 0.05, 0.5, 0.5, 0.05, 0.5, 0.5, 0.001971050810830522, 0.0, 0.0, 0.05, 0.5, 0.5, 0.05, 0.5, 0.5, 0.0, 0.0, 0.0, 0.030000000000000002, 0.255, 0.0, 0.0, 0.0];[0.5288176248618957, -1.4245779215186294, -12.044173685721237, 0.3780928773244081, -0.4, -10.007819153252118, -14.0, -14.0, -1.0, 0.0, 0.0, -1.0, 0.0, 0.0, 0.01323697482756947];6.392777100001695
[36.04110594381215, 1026.0898604456067, 119.15517492150802];True;False;[0.0, 7.25, 1.4500000000000002, 0.0, 0.0, 5.13408812503782, 0.5, 0.5, 4886.459498930366, 10500.0, 10500.0, 0.0, 3.0, 0.0, 0.025, 0.015795534147815524, 0.0, 0.0, 0.05, 0.5, 0.5, 0.05, 0.5, 0.5, 0.000796531108346077, 0.0, 0.0, 0.05, 0.5, 0.5, 0.05, 0.5, 0.5, 0.0, 0.0, 0.0, 0.030000000000000002, 0.255, 0.0, 0.0, 0.0];[0.5292271185390911, -1.42447243605664, -11.943861386466587, 0.3866468153885192, -0.4, -9.86591187496218, -14.0, -14.0, -1.0, 0.0, 0.0, -1.0, 0.0, 0.0, 0.013195185643837704];5.696466000001237
[36.065820158933285, 1025.1589750967269, 119.16743079515324];True;False;[0.0, 7.25, 1.4500000000000002, 0.0, 0.0, 5.13411116974647, 0.5, 0.5, 4885.881317241639, 10500.0, 10500.0, 0.0, 3.0, 0.0, 0.025, 0.011896278440693643, 0.0, 0.0, 0.05, 0.5, 0.5, 0.05, 0.5, 0.5, 0.003212521666743276, 0.0, 0.0, 0.05, 0.5, 0.5, 0.05, 0.5, 0.5, 0.0, 0.0, 0.0, 0.030000000000000002, 0.255, 0.0, 0.0, 0.0];[0.5271765569367606, -1.4250006601783123, -11.943845014644833, 0.38713688511987154, -0.4, -9.86588883025353, -14.0, -14.0, -1.0, 0.0, 0.0, -1.0, 0.0, 0.0, 0.013404515539110484];5.688602299997001
[1e+30, 1e+30, 1e+30];False;False;[0.0, 7.25, 1.4500000000000002, 0.0, 0.0, 11.240465342119792, 0.5, 0.5, 4885.853652090023, 10500.0, 10500.0, 0.0, 3.0, 0.0, 0.025, 0.015109669352286345, 0.0, 0.0, 0.05, 0.5, 0.5, 0.05, 0.5, 0.5, 0.008021412588724405, 0.0, 0.0, 0.05, 0.5, 0.5, 0.05, 0.5, 0.5, 0.0, 0.0, 0.0, 0.030000000000000002, 0.255, 0.0, 0.0, 0.0];[1e+30, 1e+30, 1e+30, 1e+30, 1e+30, 1e+30, 1e+30, 1e+30, 1e+30, 1e+30, 1e+30, 1e+30, 1e+30, 1e+30, 1e+30];35.8375773000007
[36.18644625014414, 1020.2796591253226, 119.22956227301017];True;False;[0.0, 7.25, 1.4500000000000002, 0.0, 0.0, 5.13993384485785, 0.5, 0.5, 4880.465446840505, 10500.0, 10500.0, 0.0, 3.0, 0.0, 0.025, 0.0039745701209167915, 0.0, 0.0, 0.05, 0.5, 0.5, 0.05, 0.5, 0.5, 0.003273507286190566, 0.0, 0.0, 0.05, 0.5, 0.5, 0.05, 0.5, 0.5, 0.0, 0.0, 0.0, 0.030000000000000002, 0.255, 0.0, 0.0, 0.0];[0.5160187663306584, -1.427874904061557, -11.939707513673376, 0.3899363524601187, -0.4, -9.86006615514215, -14.0, -14.0, -1.0, 0.0, 0.0, -1.0, 0.0, 0.0, 0.014546548762562894];6.115560899997945
[35.96373429347706, 1030.220051229179, 119.1022950669979];True;False;[0.0, 7.25, 1.4500000000000002, 0.0, 0.0, 5.119709493719071, 0.5, 0.5, 4885.864821147393, 10500.0, 10500.0, 0.0, 3.0, 0.0, 0.025, 0.015329377211784656, 0.0, 0.0, 0.05, 0.5, 0.5, 0.05, 0.5, 0.5, 0.007695329147347024, 0.0, 0.0, 0.05, 0.5, 0.5, 0.05, 0.5, 0.5, 0.0, 0.0, 0.0, 0.030000000000000002, 0.255, 0.0, 0.0, 0.0];[0.5393024211280961, -1.421877040797791, -11.954071335023382, 0.3835728586882614, -0.4, -9.880290506280929, -14.0, -14.0, -1.0, 0.0, 0.0, -1.0, 0.0, 0.0, 0.012169131569189195];5.293019600001571
[36.00113147873118, 1027.5649415941778, 119.13652854373814];True;False;[0.0, 7.25, 1.4500000000000002, 0.0, 0.0, 5.133907653249593, 0.5, 0.5, 4886.27845214296, 10500.0, 10500.0, 0.0, 3.0, 0.0, 0.025, 0.015795534147815524, 0.0, 0.0, 0.05, 0.5, 0.5, 0.05, 0.5, 0.5, 0.00319667756813934, 0.0, 0.0, 0.05, 0.5, 0.5, 0.05, 0.5, 0.5, 0.0, 0.0, 0.0, 0.030000000000000002, 0.255, 0.0, 0.0, 0.0];[0.5324842743920799, -1.423633393577914, -11.943989599588576, 0.38592027275455276, -0.4, -9.866092346750406, -14.0, -14.0, -1.0, 0.0, 0.0, -1.0, 0.0, 0.0, 0.012863032255668094];5.899233399999503
[36.22003857409769, 1019.5832970870082, 119.23811963755611];True;False;[0.0, 7.25, 1.4500000000000002, 0.0, 0.0, 5.134196358569061, 0.5, 0.5, 4885.865667992207, 10500.0, 10500.0, 0.0, 3.0, 0.0, 0.025, 0.00404552509841663, 0.0, 0.0, 0.05, 0.5, 0.5, 0.05, 0.5, 0.5, 0.0019497666312722666, 0.0, 0.0, 0.05, 0.5, 0.5, 0.05, 0.5, 0.5, 0.0, 0.0, 0.0, 0.030000000000000002, 0.255, 0.0, 0.0, 0.0];[0.5148763118556712, -1.4281692000295079, -11.943784493033696, 0.38984192982581556, -0.4, -9.86580364143094, -14.0, -14.0, -1.0, 0.0, 0.0, -1.0, 0.0, 0.0, 0.0146637692024435];6.215697999999975
[36.19919461477129, 1019.3639590460243, 119.24144879845176];True;False;[0.0, 7.25, 1.4500000000000002, 0.0, 0.0, 5.14509897906241, 0.5, 0.5, 4885.851340327145, 10500.0, 10500.0, 0.0, 3.0, 0.0, 0.025, 0.0041074666281094765, 0.0, 0.0, 0.05, 0.5, 0.5, 0.05, 0.5, 0.5, 0.001733500208181582, 0.0, 0.0, 0.05, 0.5, 0.5, 0.05, 0.5, 0.5, 0.0, 0.0, 0.0, 0.030000000000000002, 0.255, 0.0, 0.0, 0.0];[0.5136418960905784, -1.4284871852012564, -11.93603583196222, 0.3907684896825552, -0.4, -9.85490102093759, -14.0, -14.0, -1.0, 0.0, 0.0, -1.0, 0.0, 0.0, 0.014790485286997668];6.2504055999961565
[36.2254216158577, 1018.7294348775467, 119.24933909659396];True;False;[0.0, 7.25, 1.4500000000000002, 0.0, 0.0, 5.1416457450287165, 0.5, 0.5, 4886.459498930366, 10500.0, 10500.0, 0.0, 3.0, 0.0, 0.025, 0.003934139559604194, 0.0, 0.0, 0.05, 0.5, 0.5, 0.05, 0.5, 0.5, 0.000796531108346077, 0.0, 0.0, 0.05, 0.5, 0.5, 0.05, 0.5, 0.5, 0.0, 0.0, 0.0, 0.030000000000000002, 0.255, 0.0, 0.0, 0.0];[0.5124777679906254, -1.428787064289217, -11.938490741962571, 0.3908165276430522, -0.4, -9.858354254971283, -14.0, -14.0, -1.0, 0.0, 0.0, -1.0, 0.0, 0.0, 0.014910043337377665];6.079147700002068
[29.735416425393062, 1037.7882607046708, 119.44400360819586];True;False;[0.0, 7.25, 1.4500000000000002, 0.0, 0.0, 11.133865485984211, 0.5, 0.5, 4880.4396926869285, 10500.0, 10500.0, 0.0, 3.0, 0.0, 0.025, 0.003923390674901314, 0.0, 0.0, 0.05, 0.5, 0.5, 0.05, 0.5, 0.5, 0.0018425460016439697, 0.0, 0.0, 0.05, 0.5, 0.5, 0.05, 0.5, 0.5, 0.0, 0.0, 0.0, 0.030000000000000002, 0.255, 0.0, 0.0, 0.0];[0.28028535555686673, -1.4885997677834688, -6.806345414229787, 0.6608440813057674, -0.4, -3.866134514015789, -14.0, -14.0, -1.0, 0.0, 0.0, -1.0, 0.0, 0.0, 0.03992072706358851];8.607648999997764
[29.671655279648142, 1038.8020842112435, 119.43977123543861];True;False;[0.0, 7.25, 1.4500000000000002, 0.0, 0.0, 11.240465342119792, 0.5, 0.5, 4885.853652090023, 10500.0, 10500.0, 0.0, 3.0, 0.0, 0.025, 0.0039771571809212, 0.0, 0.0, 0.05, 0.5, 0.5, 0.05, 0.5, 0.5, 0.001938281956051981, 0.0, 0.0, 0.05, 0.5, 0.5, 0.05, 0.5, 0.5, 0.0, 0.0, 0.0, 0.030000000000000002, 0.255, 0.0, 0.0, 0.0];[0.2790116757698966, -1.4889278673567825, -6.69958368372026, 0.6634997790993824, -0.4, -3.7595346578802076, -14.0, -14.0, -1.0, 0.0, 0.0, -1.0, 0.0, 0.0, 0.04006462420452506];9.171364399997401
[36.068694651442534, 1025.05450779372, 119.16875246557626];True;False;[0.0, 7.25, 1.4500000000000002, 0.0, 0.0, 5.13411116974647, 0.5, 0.5, 4885.881317241639, 10500.0, 10500.0, 0.0, 3.0, 0.0, 0.025, 0.011730032015910278, 0.0, 0.0, 0.05, 0.5, 0.5, 0.05, 0.5, 0.5, 0.003209277881882225, 0.0, 0.0, 0.05, 0.5, 0.5, 0.05, 0.5, 0.5, 0.0, 0.0, 0.0, 0.030000000000000002, 0.255, 0.0, 0.0, 0.0];[0.5269465495005212, -1.425059910032525, -11.943845014644833, 0.38718740806971375, -0.4, -9.86588883025353, -14.0, -14.0, -1.0, 0.0, 0.0, -1.0, 0.0, 0.0, 0.013428006311335339];6.573565299993788
[29.614168306525745, 1041.6012560820373, 119.4082252653426];True;False;[0.0, 7.25, 1.4500000000000002, 0.0, 0.0, 11.240465342119792, 0.5, 0.5, 4885.853652090023, 10500.0, 10500.0, 0.0, 3.0, 0.0, 0.025, 0.003974284117086791, 0.0, 0.0, 0.05, 0.5, 0.5, 0.05, 0.5, 0.5, 0.0062590253768504845, 0.0, 0.0, 0.05, 0.5, 0.5, 0.05, 0.5, 0.5, 0.0, 0.0, 0.0, 0.030000000000000002, 0.255, 0.0, 0.0, 0.0];[0.2847576501897633, -1.4874477058792432, -6.699583683727134, 0.6616466788638664, -0.4, -3.7595346578802076, -14.0, -14.0, -1.0, 0.0, 0.0, -1.0, 0.0, 0.0, 0.039416065229832875];7.734956700005569
[36.24421120040414, 1032.0725702966358, 119.07282058431278];True;False;[0.0, 7.25, 1.4500000000000002, 0.0, 0.0, 4.989307834330909, 0.5, 0.5, 4886.112906630403, 10500.0, 10500.0, 0.0, 3.0, 0.0, 0.025, 0.015329932713694379, 0.0, 0.0, 0.05, 0.5, 0.5, 0.05, 0.5, 0.5, 0.008030868394598548, 0.0, 0.0, 0.05, 0.5, 0.5, 0.05, 0.5, 0.5, 0.0, 0.0, 0.0, 0.030000000000000002, 0.255, 0.0, 0.0, 0.0];[0.5525485236759984, -1.4184648483155011, -12.046194160238654, 0.3727866090215832, -0.4, -10.010692165669091, -14.0, -14.0, -1.0, 0.0, 0.0, -1.0, 0.0, 0.0, 0.010826394372933756];6.3146546999996644
[37.076092443383885, 1024.7853489334625, 119.15551899362552];True;False;[0.0, 7.25, 1.4500000000000002, 0.0, 0.0, 4.764495426280657, 0.5, 0.5, 4885.8552630448485, 10500.0, 10500.0, 0.0, 3.0, 0.0, 0.025, 0.00404552509841663, 0.0, 0.0, 0.05, 0.5, 0.5, 0.05, 0.5, 0.5, 0.0019465228464112185, 0.0, 0.0, 0.05, 0.5, 0.5, 0.05, 0.5, 0.5, 0.0, 0.0, 0.0, 0.030000000000000002, 0.255, 0.0, 0.0, 0.0];[0.5528505110952882, -1.4183870564368575, -12.203010797264454, 0.358276742395629, -0.4, -10.235504573719343, -14.0, -14.0, -1.0, 0.0, 0.0, -1.0, 0.0, 0.0, 0.010795864448445713];21.811093399999663
[36.24421120040414, 1032.0725702966358, 119.07282058431278];True;False;[0.0, 7.25, 1.4500000000000002, 0.0, 0.0, 4.989307834330909, 0.5, 0.5, 4886.112906630403, 10500.0, 10500.0, 0.0, 3.0, 0.0, 0.025, 0.015329932713694379, 0.0, 0.0, 0.05, 0.5, 0.5, 0.05, 0.5, 0.5, 0.008030868394598548, 0.0, 0.0, 0.05, 0.5, 0.5, 0.05, 0.5, 0.5, 0.0, 0.0, 0.0, 0.030000000000000002, 0.255, 0.0, 0.0, 0.0];[0.5525485236759984, -1.4184648483155011, -12.046194160238654, 0.3727866090215832, -0.4, -10.010692165669091, -14.0, -14.0, -1.0, 0.0, 0.0, -1.0, 0.0, 0.0, 0.010826394372933756];6.047720300004585
[29.673875022087135, 1038.6943650887388, 119.44098623594462];True;False;[0.0, 7.25, 1.4500000000000002, 0.0, 0.0, 11.240465342119792, 0.5, 0.5, 4885.853652090023, 10500.0, 10500.0, 0.0, 3.0, 0.0, 0.025, 0.003807663184045125, 0.0, 0.0, 0.05, 0.5, 0.5, 0.05, 0.5, 0.5, 0.0019406779129175129, 0.0, 0.0, 0.05, 0.5, 0.5, 0.05, 0.5, 0.5, 0.0, 0.0, 0.0, 0.030000000000000002, 0.255, 0.0, 0.0, 0.0];[0.278790383353023, -1.488984872224324, -6.699583683727171, 0.6635711370697299, -0.4, -3.7595346578802076, -14.0, -14.0, -1.0, 0.0, 0.0, -1.0, 0.0, 0.0, 0.04008963308676472];7.9281635000006645
[1e+30, 1e+30, 1e+30];False;False;[0.0, 7.25, 1.4500000000000002, 0.0, 0.0, 5.560216127710301, 0.5, 0.5, 4880.224369024599, 10500.0, 10500.0, 0.0, 3.0, 0.0, 0.025, 0.011946054245265653, 0.0, 0.0, 0.05, 0.5, 0.5, 0.05, 0.5, 0.5, 0.0018425460016439697, 0.0, 0.0, 0.05, 0.5, 0.5, 0.05, 0.5, 0.5, 0.0, 0.0, 0.0, 0.030000000000000002, 0.255, 0.0, 0.0, 0.0];[1e+30, 1e+30, 1e+30, 1e+30, 1e+30, 1e+30, 1e+30, 1e+30, 1e+30, 1e+30, 1e+30, 1e+30, 1e+30, 1e+30, 1e+30];24.531360599998152
[36.34804561128044, 1028.3095884510435, 119.12033214921038];True;False;[0.0, 7.25, 1.4500000000000002, 0.0, 0.0, 4.989307834330909, 0.5, 0.5, 4584.82580219506, 10500.0, 10500.0, 0.0, 3.0, 0.0, 0.025, 0.015329932713694379, 0.0, 0.0, 0.05, 0.5, 0.5, 0.05, 0.5, 0.5, 0.0019320237542919559, 0.0, 0.0, 0.05, 0.5, 0.5, 0.05, 0.5, 0.5, 0.0, 0.0, 0.0, 0.030000000000000002, 0.255, 0.0, 0.0, 0.0];[0.5442679604650502, -1.4205979191893963, -12.046194160238677, 0.3745722483755809, -0.4, -10.010692165669091, -14.0, -14.0, -1.0, 0.0, 0.0, -1.0, 0.0, 0.0, 0.011664956138799254];5.817854000000807
[1e+30, 1e+30, 1e+30];False;False;[0.0, 7.25, 1.4500000000000002, 0.0, 0.0, 4.747447754783514, 0.5, 0.5, 4885.850823933062, 10500.0, 10500.0, 0.0, 3.0, 0.0, 0.025, 0.004047680156117702, 0.0, 0.0, 0.05, 0.5, 0.5, 0.05, 0.5, 0.5, 0.0019465228464112185, 0.0, 0.0, 0.05, 0.5, 0.5, 0.05, 0.5, 0.5, 0.0, 0.0, 0.0, 0.030000000000000002, 0.255, 0.0, 0.0, 0.0];[1e+30, 1e+30, 1e+30, 1e+30, 1e+30, 1e+30, 1e+30, 1e+30, 1e+30, 1e+30, 1e+30, 1e+30, 1e+30, 1e+30, 1e+30];25.913477299996885
[29.67379274165386, 1038.7719043330808, 119.43985393325315];True;False;[0.0, 7.25, 1.4500000000000002, 0.0, 0.0, 11.23665199652279, 0.5, 0.5, 4880.4396926869285, 10500.0, 10500.0, 0.0, 3.0, 0.0, 0.025, 0.003974952563798143, 0.0, 0.0, 0.05, 0.5, 0.5, 0.05, 0.5, 0.5, 0.0019447539724553769, 0.0, 0.0, 0.05, 0.5, 0.5, 0.05, 0.5, 0.5, 0.0, 0.0, 0.0, 0.030000000000000002, 0.255, 0.0, 0.0, 0.0];[0.2790692566080928, -1.4889130345482229, -6.703411996669923, 0.6634013761248094, -0.4, -3.76334800347721, -14.0, -14.0, -1.0, 0.0, 0.0, -1.0, 0.0, 0.0, 0.04005811721078212];7.920354899993981
[36.191687994931314, 1018.1305540789347, 119.25797240307486];True;False;[0.0, 7.25, 1.4500000000000002, 0.0, 0.0, 5.162146650559554, 0.5, 0.5, 4885.857164037099, 10500.0, 10500.0, 0.0, 3.0, 0.0, 0.025, 0.002391962857247182, 0.0, 0.0, 0.05, 0.5, 0.5, 0.05, 0.5, 0.5, 0.001733500208181582, 0.0, 0.0, 0.05, 0.5, 0.5, 0.05, 0.5, 0.5, 0.0, 0.0, 0.0, 0.030000000000000002, 0.255, 0.0, 0.0, 0.0];[0.5097484763793556, -1.4294901290801054, -11.923907876738351, 0.3926461823680305, -0.4, -9.837853349440447, -14.0, -14.0, -1.0, 0.0, 0.0, -1.0, 0.0, 0.0, 0.015190564339271795];6.411763600000995
[29.712180991820034, 1038.077400198939, 119.44362697526361];True;False;[0.0, 7.25, 1.4500000000000002, 0.0, 0.0, 11.176526796949945, 0.5, 0.5, 4885.853652090023, 10500.0, 10500.0, 0.0, 3.0, 0.0, 0.025, 0.003807663184045125, 0.0, 0.0, 0.05, 0.5, 0.5, 0.05, 0.5, 0.5, 0.0018384699421061057, 0.0, 0.0, 0.05, 0.5, 0.5, 0.05, 0.5, 0.5, 0.0, 0.0, 0.0, 0.030000000000000002, 0.255, 0.0, 0.0, 0.0];[0.27953251333288787, -1.4887936997395097, -6.7636831895273275, 0.6619884823898603, -0.4, -3.823473203050055, -14.0, -14.0, -1.0, 0.0, 0.0, -1.0, 0.0, 0.0, 0.040005772017212116];7.976709700000356
[29.71209830894414, 1038.081401434198, 119.44358178859797];True;False;[0.0, 7.25, 1.4500000000000002, 0.0, 0.0, 11.176526796949945, 0.5, 0.5, 4885.853652090023, 10500.0, 10500.0, 0.0, 3.0, 0.0, 0.025, 0.00381387680069775, 0.0, 0.0, 0.05, 0.5, 0.5, 0.05, 0.5, 0.5, 0.0018384699421061057, 0.0, 0.0, 0.05, 0.5, 0.5, 0.05, 0.5, 0.5, 0.0, 0.0, 0.0, 0.030000000000000002, 0.255, 0.0, 0.0, 0.0];[0.2795407399873664, -1.4887915805555083, -6.763683189527352, 0.6619858361323223, -0.4, -3.823473203050055, -14.0, -14.0, -1.0, 0.0, 0.0, -1.0, 0.0, 0.0, 0.04000484254696568];8.377416199997242
[36.352908592929204, 1028.1339996225024, 119.12255570691126];True;False;[0.0, 7.25, 1.4500000000000002, 0.0, 0.0, 4.989307834330909, 0.5, 0.5, 4588.32018803285, 10500.0, 10500.0, 0.0, 3.0, 0.0, 0.025, 0.015329932713694379, 0.0, 0.0, 0.05, 0.5, 0.5, 0.05, 0.5, 0.5, 0.0016457972055437644, 0.0, 0.0, 0.05, 0.5, 0.5, 0.05, 0.5, 0.5, 0.0, 0.0, 0.0, 0.030000000000000002, 0.255, 0.0, 0.0, 0.0];[0.543881159463953, -1.420697559024074, -12.046194160238656, 0.37465586125449724, -0.4, -10.010692165669091, -14.0, -14.0, -1.0, 0.0, 0.0, -1.0, 0.0, 0.0, 0.01170419427922853];6.249609099999361
[29.374948044615266, 1049.1475993973722, 119.33880726474723];True;False;[0.0, 7.25, 1.4500000000000002, 0.0, 0.0, 11.464302154339924, 0.5, 0.5, 4880.433828857662, 10500.0, 10500.0, 0.0, 3.0, 0.0, 0.025, 0.015655167947260438, 0.0, 0.0, 0.05, 0.5, 0.5, 0.05, 0.5, 0.5, 0.0031040363382004365, 0.0, 0.0, 0.05, 0.5, 0.5, 0.05, 0.5, 0.5, 0.0, 0.0, 0.0, 0.030000000000000002, 0.255, 0.0, 0.0, 0.0];[0.29322429279742046, -1.4852667010023997, -6.473675982784121, 0.6634938883461188, -0.4, -3.535697845660076, -14.0, -14.0, -1.0, 0.0, 0.0, -1.0, 0.0, 0.0, 0.03846325293436015];8.650723200000357
[36.0500958361714, 1025.0763367781788, 119.16885163489394];True;False;[0.0, 7.25, 1.4500000000000002, 0.0, 0.0, 5.1414266001612665, 0.5, 0.5, 4886.105326055794, 10500.0, 10500.0, 0.0, 3.0, 0.0, 0.025, 0.01185495813373335, 0.0, 0.0, 0.05, 0.5, 0.5, 0.05, 0.5, 0.5, 0.003257052746919523, 0.0, 0.0, 0.05, 0.5, 0.5, 0.05, 0.5, 0.5, 0.0, 0.0, 0.0, 0.030000000000000002, 0.255, 0.0, 0.0, 0.0];[0.5264897927324172, -1.4251775704541207, -11.938646512305153, 0.3877254805828685, -0.4, -9.858573399838733, -14.0, -14.0, -1.0, 0.0, 0.0, -1.0, 0.0, 0.0, 0.013474661477559158];6.16104610000184
[36.87743525150066, 1031.2090210318822, 119.07399162379866];True;False;[0.0, 7.25, 1.4500000000000002, 0.0, 0.0, 4.770065906562803, 0.5, 0.5, 4885.851082643357, 10500.0, 10500.0, 0.0, 3.0, 0.0, 0.025, 0.015795534147815524, 0.0, 0.0, 0.05, 0.5, 0.5, 0.05, 0.5, 0.5, 0.000796531108346077, 0.0, 0.0, 0.05, 0.5, 0.5, 0.05, 0.5, 0.5, 0.0, 0.0, 0.0, 0.030000000000000002, 0.255, 0.0, 0.0, 0.0];[0.5666376195949576, -1.414835500965728, -12.199155838939479, 0.3557488902875008, -0.4, -10.229934093437198, -14.0, -14.0, -1.0, 0.0, 0.0, -1.0, 0.0, 0.0, 0.009405909505329713];15.96012999999948
[36.16587712443546, 1019.0564642659581, 119.24620887594506];True;False;[0.0, 7.25, 1.4500000000000002, 0.0, 0.0, 5.162146650559554, 0.5, 0.5, 4885.946483983182, 10500.0, 10500.0, 0.0, 3.0, 0.0, 0.025, 0.003919257531592492, 0.0, 0.0, 0.05, 0.5, 0.5, 0.05, 0.5, 0.5, 0.0017336537367881983, 0.0, 0.0, 0.05, 0.5, 0.5, 0.05, 0.5, 0.5, 0.0, 0.0, 0.0, 0.030000000000000002, 0.255, 0.0, 0.0, 0.0];[0.5117934603538377, -1.4289633417538792, -11.923907876730077, 0.3921963063790117, -0.4, -9.837853349440447, -14.0, -14.0, -1.0, 0.0, 0.0, -1.0, 0.0, 0.0, 0.014980348883225858];7.017063899998902
[36.225425638658, 1018.7294563505143, 119.24933873086766];True;False;[0.0, 7.25, 1.4500000000000002, 0.0, 0.0, 5.141643875308086, 0.5, 0.5, 4886.457886626114, 10500.0, 10500.0, 0.0, 3.0, 0.0, 0.025, 0.003934139559604194, 0.0, 0.0, 0.05, 0.5, 0.5, 0.05, 0.5, 0.5, 0.000796531108346077, 0.0, 0.0, 0.05, 0.5, 0.5, 0.05, 0.5, 0.5, 0.0, 0.0, 0.0, 0.030000000000000002, 0.255, 0.0, 0.0, 0.0];[0.512477943958654, -1.4287870189598963, -11.938492070988655, 0.39081637656301993, -0.4, -9.858356124691914, -14.0, -14.0, -1.0, 0.0, 0.0, -1.0, 0.0, 0.0, 0.01491002526094598];6.466181799994956
[29.712180991820034, 1038.077400198939, 119.44362697526361];True;False;[0.0, 7.25, 1.4500000000000002, 0.0, 0.0, 11.176526796949945, 0.5, 0.5, 4885.853652090023, 10500.0, 10500.0, 0.0, 3.0, 0.0, 0.025, 0.003807663184045125, 0.0, 0.0, 0.05, 0.5, 0.5, 0.05, 0.5, 0.5, 0.0018384699421061057, 0.0, 0.0, 0.05, 0.5, 0.5, 0.05, 0.5, 0.5, 0.0, 0.0, 0.0, 0.030000000000000002, 0.255, 0.0, 0.0, 0.0];[0.27953251333288787, -1.4887936997395097, -6.7636831895273275, 0.6619884823898603, -0.4, -3.823473203050055, -14.0, -14.0, -1.0, 0.0, 0.0, -1.0, 0.0, 0.0, 0.040005772017212116];8.74953490000189
[29.42002740675025, 1042.6942255973681, 119.42648997383014];True;False;[0.0, 7.25, 1.4500000000000002, 0.0, 0.0, 11.694294714848674, 0.5, 0.5, 4885.853652090023, 10500.0, 10500.0, 0.0, 3.0, 0.0, 0.025, 0.003945363276937916, 0.0, 0.0, 0.05, 0.5, 0.5, 0.05, 0.5, 0.5, 0.0018384699421061057, 0.0, 0.0, 0.05, 0.5, 0.5, 0.05, 0.5, 0.5, 0.0, 0.0, 0.0, 0.030000000000000002, 0.255, 0.0, 0.0, 0.0];[0.2730301159345334, -1.4904687155744893, -6.239115105550674, 0.6746902335601617, -0.4, -3.3057052851513262, -14.0, -14.0, -1.0, 0.0, 0.0, -1.0, 0.0, 0.0, 0.04074143302117861];8.698858499999915
[29.712180991820034, 1038.077400198939, 119.44362697526361];True;False;[0.0, 7.25, 1.4500000000000002, 0.0, 0.0, 11.176526796949945, 0.5, 0.5, 4885.853652090023, 10500.0, 10500.0, 0.0, 3.0, 0.0, 0.025, 0.003807663184045125, 0.0, 0.0, 0.05, 0.5, 0.5, 0.05, 0.5, 0.5, 0.0018384699421061057, 0.0, 0.0, 0.05, 0.5, 0.5, 0.05, 0.5, 0.5, 0.0, 0.0, 0.0, 0.030000000000000002, 0.255, 0.0, 0.0, 0.0];[0.27953251333288787, -1.4887936997395097, -6.7636831895273275, 0.6619884823898603, -0.4, -3.823473203050055, -14.0, -14.0, -1.0, 0.0, 0.0, -1.0, 0.0, 0.0, 0.040005772017212116];7.982453700002225
[36.001131488553554, 1027.5649412621594, 119.13652853668907];True;False;[0.0, 7.25, 1.4500000000000002, 0.0, 0.0, 5.133907653249593, 0.5, 0.5, 4886.459498930366, 10500.0, 10500.0, 0.0, 3.0, 0.0, 0.025, 0.015795534147815524, 0.0, 0.0, 0.05, 0.5, 0.5, 0.05, 0.5, 0.5, 0.00319667756813934, 0.0, 0.0, 0.05, 0.5, 0.5, 0.05, 0.5, 0.5, 0.0, 0.0, 0.0, 0.030000000000000002, 0.255, 0.0, 0.0, 0.0];[0.5324842736620417, -1.423633393765971, -11.943989599588576, 0.38592027228896697, -0.4, -9.866092346750406, -14.0, -14.0, -1.0, 0.0, 0.0, -1.0, 0.0, 0.0, 0.01286303233006636];6.656623899994884
[1e+30, 1e+30, 1e+30];False;False;[0.0, 7.25, 1.4500000000000002, 0.0, 0.0, 4.7657351599736595, 0.5, 0.5, 4886.112906630403, 10500.0, 10500.0, 0.0, 3.0, 0.0, 0.025, 0.015134710719089173, 0.0, 0.0, 0.05, 0.5, 0.5, 0.05, 0.5, 0.5, 0.008203150140632231, 0.0, 0.0, 0.05, 0.5, 0.5, 0.05, 0.5, 0.5, 0.0, 0.0, 0.0, 0.030000000000000002, 0.255, 0.0, 0.0, 0.0];[1e+30, 1e+30, 1e+30, 1e+30, 1e+30, 1e+30, 1e+30, 1e+30, 1e+30, 1e+30, 1e+30, 1e+30, 1e+30, 1e+30, 1e+30];38.58129700000427
[36.87743525150066, 1031.2090210318822, 119.07399162379866];True;False;[0.0, 7.25, 1.4500000000000002, 0.0, 0.0, 4.770065906562803, 0.5, 0.5, 4885.851082643357, 10500.0, 10500.0, 0.0, 3.0, 0.0, 0.025, 0.015795534147815524, 0.0, 0.0, 0.05, 0.5, 0.5, 0.05, 0.5, 0.5, 0.000796531108346077, 0.0, 0.0, 0.05, 0.5, 0.5, 0.05, 0.5, 0.5, 0.0, 0.0, 0.0, 0.030000000000000002, 0.255, 0.0, 0.0, 0.0];[0.5666376195949576, -1.414835500965728, -12.199155838939479, 0.3557488902875008, -0.4, -10.229934093437198, -14.0, -14.0, -1.0, 0.0, 0.0, -1.0, 0.0, 0.0, 0.009405909505329713];16.76598780000495
[36.19017485707586, 1020.145659340398, 119.23126353058275];True;False;[0.0, 7.25, 1.4500000000000002, 0.0, 0.0, 5.13993384485785, 0.5, 0.5, 4880.465446840505, 10500.0, 10500.0, 0.0, 3.0, 0.0, 0.025, 0.0038097731609553448, 0.0, 0.0, 0.05, 0.5, 0.5, 0.05, 0.5, 0.5, 0.003217953486050612, 0.0, 0.0, 0.05, 0.5, 0.5, 0.05, 0.5, 0.5, 0.0, 0.0, 0.0, 0.030000000000000002, 0.255, 0.0, 0.0, 0.0];[0.5157229746488534, -1.427951099919871, -11.939707513673394, 0.39000128582667304, -0.4, -9.86006615514215, -14.0, -14.0, -1.0, 0.0, 0.0, -1.0, 0.0, 0.0, 0.014576893059843554];5.777943600005528
[29.70924772486083, 1038.21937172154, 119.44202372473612];True;False;[0.0, 7.25, 1.4500000000000002, 0.0, 0.0, 11.176526796949945, 0.5, 0.5, 4885.853652090023, 10500.0, 10500.0, 0.0, 3.0, 0.0, 0.025, 0.003972460144006572, 0.0, 0.0, 0.05, 0.5, 0.5, 0.05, 0.5, 0.5, 0.0018940237422461004, 0.0, 0.0, 0.05, 0.5, 0.5, 0.05, 0.5, 0.5, 0.0, 0.0, 0.0, 0.030000000000000002, 0.255, 0.0, 0.0, 0.0];[0.2798244000055199, -1.4887185098105165, -6.763683189527251, 0.6618945904064317, -0.4, -3.823473203050055, -14.0, -14.0, -1.0, 0.0, 0.0, -1.0, 0.0, 0.0, 0.03997279580829716];8.847448699998495
[36.319987341873016, 1029.1048276878623, 119.11037903942756];True;False;[0.0, 7.25, 1.4500000000000002, 0.0, 0.0, 4.991607973795637, 0.5, 0.5, 4886.105326055794, 10500.0, 10500.0, 0.0, 3.0, 0.0, 0.025, 0.015349542901971262, 0.0, 0.0, 0.05, 0.5, 0.5, 0.05, 0.5, 0.5, 0.003257052746919523, 0.0, 0.0, 0.05, 0.5, 0.5, 0.05, 0.5, 0.5, 0.0, 0.0, 0.0, 0.030000000000000002, 0.255, 0.0, 0.0, 0.0];[0.5458555360750763, -1.4201889601358093, -12.04457659733878, 0.3743721387951642, -0.4, -10.008392026204362, -14.0, -14.0, -1.0, 0.0, 0.0, -1.0, 0.0, 0.0, 0.011503971188064233];5.653185899995151
[1e+30, 1e+30, 1e+30];False;False;[0.0, 7.25, 1.4500000000000002, 0.0, 0.0, 5.4763418550227225, 0.5, 0.5, 4886.158368061353, 10500.0, 10500.0, 0.0, 3.0, 0.0, 0.025, 0.012016463998995737, 0.0, 0.0, 0.05, 0.5, 0.5, 0.05, 0.5, 0.5, 0.0032725377729256873, 0.0, 0.0, 0.05, 0.5, 0.5, 0.05, 0.5, 0.5, 0.0, 0.0, 0.0, 0.030000000000000002, 0.255, 0.0, 0.0, 0.0];[1e+30, 1e+30, 1e+30, 1e+30, 1e+30, 1e+30, 1e+30, 1e+30, 1e+30, 1e+30, 1e+30, 1e+30, 1e+30, 1e+30, 1e+30];25.572998900002858
[35.9747889396961, 1028.0302056307187, 119.13140707377835];True;False;[0.0, 7.25, 1.4500000000000002, 0.0, 0.0, 5.139126460696539, 0.5, 0.5, 4886.112906630403, 10500.0, 10500.0, 0.0, 3.0, 0.0, 0.025, 0.011835347945456466, 0.0, 0.0, 0.05, 0.5, 0.5, 0.05, 0.5, 0.5, 0.008030868394598548, 0.0, 0.0, 0.05, 0.5, 0.5, 0.05, 0.5, 0.5, 0.0, 0.0, 0.0, 0.030000000000000002, 0.255, 0.0, 0.0, 0.0];[0.5331464237732764, -1.4234628240739804, -11.940281329347997, 0.386124392072688, -0.4, -9.860873539303462, -14.0, -14.0, -1.0, 0.0, 0.0, -1.0, 0.0, 0.0, 0.012795561152932566];5.524803000000247
[1e+30, 1e+30, 1e+30];False;False;[0.0, 7.25, 1.4500000000000002, 0.0, 0.0, 10.890928456341086, 0.5, 0.5, 4880.452986176355, 10500.0, 10500.0, 0.0, 3.0, 0.0, 0.025, 0.011850956255667957, 0.0, 0.0, 0.05, 0.5, 0.5, 0.05, 0.5, 0.5, 0.003257052746919523, 0.0, 0.0, 0.05, 0.5, 0.5, 0.05, 0.5, 0.5, 0.0, 0.0, 0.0, 0.030000000000000002, 0.255, 0.0, 0.0, 0.0];[1e+30, 1e+30, 1e+30, 1e+30, 1e+30, 1e+30, 1e+30, 1e+30, 1e+30, 1e+30, 1e+30, 1e+30, 1e+30, 1e+30, 1e+30];24.015779399996973
[36.0226743141993, 1026.075749978604, 119.15621339683273];True;False;[0.0, 7.25, 1.4500000000000002, 0.0, 0.0, 5.141415050657796, 0.5, 0.5, 4885.851082643357, 10500.0, 10500.0, 0.0, 3.0, 0.0, 0.025, 0.01591057226926177, 0.0, 0.0, 0.05, 0.5, 0.5, 0.05, 0.5, 0.5, 0.000796531108346077, 0.0, 0.0, 0.05, 0.5, 0.5, 0.05, 0.5, 0.5, 0.0, 0.0, 0.0, 0.030000000000000002, 0.255, 0.0, 0.0, 0.0];[0.5286902102031403, -1.4246107435007314, -11.93865472174003, 0.3872409859194994, -0.4, -9.858584949342205, -14.0, -14.0, -1.0, 0.0, 0.0, -1.0, 0.0, 0.0, 0.0132499789919297];6.169691800001601
[29.756543129442505, 1036.768626479054, 119.45553055425258];True;False;[0.0, 7.25, 1.4500000000000002, 0.0, 0.0, 11.133865485984211, 0.5, 0.5, 4880.411551197637, 10500.0, 10500.0, 0.0, 3.0, 0.0, 0.025, 0.002337089782801312, 0.0, 0.0, 0.05, 0.5, 0.5, 0.05, 0.5, 0.5, 0.0018425460016439697, 0.0, 0.0, 0.05, 0.5, 0.5, 0.05, 0.5, 0.5, 0.0, 0.0, 0.0, 0.030000000000000002, 0.255, 0.0, 0.0, 0.0];[0.27818740874075587, -1.489140198323574, -6.80634541422978, 0.6615178078761328, -0.4, -3.866134514015789, -14.0, -14.0, -1.0, 0.0, 0.0, -1.0, 0.0, 0.0, 0.04015778870923192];7.730694700003369
[36.04851293639261, 1025.7855609334397, 119.15950739535009];True;False;[0.0, 7.25, 1.4500000000000002, 0.0, 0.0, 5.134144198246285, 0.5, 0.5, 4886.459498930366, 10500.0, 10500.0, 0.0, 3.0, 0.0, 0.025, 0.015306599500121766, 0.0, 0.0, 0.05, 0.5, 0.5, 0.05, 0.5, 0.5, 0.000796531108346077, 0.0, 0.0, 0.05, 0.5, 0.5, 0.05, 0.5, 0.5, 0.0, 0.0, 0.0, 0.030000000000000002, 0.255, 0.0, 0.0, 0.0];[0.5285535658765763, -1.4246459430428056, -11.943821549895702, 0.3868363624789355, -0.4, -9.865855801753714, -14.0, -14.0, -1.0, 0.0, 0.0, -1.0, 0.0, 0.0, 0.013263925884776762];6.0823314000008395
[36.10663514982618, 1023.0087454727671, 119.19503586059514];True;False;[0.0, 7.25, 1.4500000000000002, 0.0, 0.0, 5.141612716528901, 0.5, 0.5, 4885.864821147393, 10500.0, 10500.0, 0.0, 3.0, 0.0, 0.025, 0.00395691947140621, 0.0, 0.0, 0.05, 0.5, 0.5, 0.05, 0.5, 0.5, 0.007783253513517639, 0.0, 0.0, 0.05, 0.5, 0.5, 0.05, 0.5, 0.5, 0.0, 0.0, 0.0, 0.030000000000000002, 0.255, 0.0, 0.0, 0.0];[0.5219225868178698, -1.4263540814791873, -11.93851421910105, 0.38874041846740415, -0.4, -9.8583872834711, -14.0, -14.0, -1.0, 0.0, 0.0, -1.0, 0.0, 0.0, 0.013941642891617367];6.314024799998151
[36.001132819214945, 1027.5648925852008, 119.13652916263393];True;False;[0.0, 7.25, 1.4500000000000002, 0.0, 0.0, 5.133907653249593, 0.5, 0.5, 4886.459498930366, 10500.0, 10500.0, 0.0, 3.0, 0.0, 0.025, 0.015795534147815524, 0.0, 0.0, 0.05, 0.5, 0.5, 0.05, 0.5, 0.5, 0.0031965978817241458, 0.0, 0.0, 0.05, 0.5, 0.5, 0.05, 0.5, 0.5, 0.0, 0.0, 0.0, 0.030000000000000002, 0.255, 0.0, 0.0, 0.0];[0.5324841666318205, -1.4236334213369284, -11.94398959958858, 0.3859202964417052, -0.4, -9.866092346750406, -14.0, -14.0, -1.0, 0.0, 0.0, -1.0, 0.0, 0.0, 0.012863043237571481];5.09880290000001
[1e+30, 1e+30, 1e+30];False;False;[0.0, 7.25, 1.4500000000000002, 0.0, 0.0, 4.488067976585281, 0.5, 0.5, 4885.857164037099, 10500.0, 10500.0, 0.0, 3.0, 0.0, 0.025, 0.002391962857247182, 0.0, 0.0, 0.05, 0.5, 0.5, 0.05, 0.5, 0.5, 0.001840139738229109, 0.0, 0.0, 0.05, 0.5, 0.5, 0.05, 0.5, 0.5, 0.0, 0.0, 0.0, 0.030000000000000002, 0.255, 0.0, 0.0, 0.0];[1e+30, 1e+30, 1e+30, 1e+30, 1e+30, 1e+30, 1e+30, 1e+30, 1e+30, 1e+30, 1e+30, 1e+30, 1e+30, 1e+30, 1e+30];23.084096300000965
[36.2402425488839, 1018.4243943690502, 119.25309030922475];True;False;[0.0, 7.25, 1.4500000000000002, 0.0, 0.0, 5.1390994101075815, 0.5, 0.5, 4880.411551197637, 10500.0, 10500.0, 0.0, 3.0, 0.0, 0.025, 0.002337309638166274, 0.0, 0.0, 0.05, 0.5, 0.5, 0.05, 0.5, 0.5, 0.0018402202955691155, 0.0, 0.0, 0.05, 0.5, 0.5, 0.05, 0.5, 0.5, 0.0, 0.0, 0.0, 0.030000000000000002, 0.255, 0.0, 0.0, 0.0];[0.5119788972152559, -1.4289155732678587, -11.940300553896947, 0.3907727678018753, -0.4, -9.860900589892418, -14.0, -14.0, -1.0, 0.0, 0.0, -1.0, 0.0, 0.0, 0.014961295263581698];6.9066749999983585
[29.74379597586649, 1036.9324243828953, 119.45523681461276];True;False;[0.0, 7.25, 1.4500000000000002, 0.0, 0.0, 11.15691272785757, 0.5, 0.5, 4885.857164037099, 10500.0, 10500.0, 0.0, 3.0, 0.0, 0.025, 0.0023917430018822205, 0.0, 0.0, 0.05, 0.5, 0.5, 0.05, 0.5, 0.5, 0.0017358259142564363, 0.0, 0.0, 0.05, 0.5, 0.5, 0.05, 0.5, 0.5, 0.0, 0.0, 0.0, 0.030000000000000002, 0.255, 0.0, 0.0, 0.0];[0.27779624879552234, -1.4892409610210973, -6.783308264916659, 0.6621321644893767, -0.4, -3.84308727214243, -14.0, -14.0, -1.0, 0.0, 0.0, -1.0, 0.0, 0.0, 0.0402020116270847];8.32886669999425
[29.512213525637936, 1046.8970360511053, 119.34766856441405];True;False;[0.0, 7.25, 1.4500000000000002, 0.0, 0.0, 11.225843709941078, 0.5, 0.5, 4886.059511621495, 10500.0, 10500.0, 0.0, 3.0, 0.0, 0.025, 0.015331871691207522, 0.0, 0.0, 0.05, 0.5, 0.5, 0.05, 0.5, 0.5, 0.003202331265350468, 0.0, 0.0, 0.05, 0.5, 0.5, 0.05, 0.5, 0.5, 0.0, 0.0, 0.0, 0.030000000000000002, 0.255, 0.0, 0.0, 0.0];[0.29606540343111387, -1.484534831661161, -6.714259006312318, 0.6576942552932488, -0.4, -3.7741562900589223, -14.0, -14.0, -1.0, 0.0, 0.0, -1.0, 0.0, 0.0, 0.03814427611793014];7.6887915000042995
[27.48637661028391, 1236.0076415357057, 118.37970593691912];True;False;[0.0, 7.25, 1.4500000000000002, 0.0, 1.0, 11.133865485984211, 0.5515590948206835, 0.5, 4880.411551197637, 7918.335778734645, 10500.0, 0.0, 3.0, 0.0, 0.025, 0.002337089782801312, 0.3342091468142189, 0.0, 0.06260274619129931, 0.2691157187890142, 0.0, 0.05, 0.5, 0.5, 0.0018425460016439697, 0.4896879263998201, 0.0, 0.07656586149722927, 0.639454398365813, 0.0, 0.05, 0.5, 0.5, 0.0, 0.0, 0.0, 0.030000000000000002, 0.255, 0.0, 1.0, 1.0];[0.9541991021021179, -1.4129768835093262, -6.330178610590634, 0.6203897810109122, -0.3484409051793165, -11.991295260243332, -11.299448949289497, -14.0, -0.665790853185781, -0.7308842812109858, 0.0, -0.5103120736001798, -0.36054560163418703, 0.0, 0.020529706758204203];13.023885800001153
[36.10767944262491, 1023.640263692942, 119.18665495569317];True;False;[0.0, 7.25, 1.4500000000000002, 0.0, 0.0, 5.13411116974647, 0.5, 0.5, 4885.866476894643, 10500.0, 10500.0, 0.0, 3.0, 0.0, 0.025, 0.01183044301680714, 0.0, 0.0, 0.05, 0.5, 0.5, 0.05, 0.5, 0.5, 0.0007962881895491455, 0.0, 0.0, 0.05, 0.5, 0.5, 0.05, 0.5, 0.5, 0.0, 0.0, 0.0, 0.030000000000000002, 0.255, 0.0, 0.0, 0.0];[0.5238314975212575, -1.425862346591293, -11.94384501464485, 0.3878715191999118, -0.4, -9.86588883025353, -14.0, -14.0, -1.0, 0.0, 0.0, -1.0, 0.0, 0.0, 0.013746359928104579];6.360586100003275
[36.24421120040414, 1032.0725702966358, 119.07282058431278];True;False;[0.0, 7.25, 1.4500000000000002, 0.0, 0.0, 4.989307834330909, 0.5, 0.5, 4886.112906630403, 10500.0, 10500.0, 0.0, 3.0, 0.0, 0.025, 0.015329932713694379, 0.0, 0.0, 0.05, 0.5, 0.5, 0.05, 0.5, 0.5, 0.008030868394598548, 0.0, 0.0, 0.05, 0.5, 0.5, 0.05, 0.5, 0.5, 0.0, 0.0, 0.0, 0.030000000000000002, 0.255, 0.0, 0.0, 0.0];[0.5525485236759984, -1.4184648483155011, -12.046194160238654, 0.3727866090215832, -0.4, -10.010692165669091, -14.0, -14.0, -1.0, 0.0, 0.0, -1.0, 0.0, 0.0, 0.010826394372933756];5.976929500000551
[36.2254216158577, 1018.7294348775467, 119.24933909659396];True;False;[0.0, 7.25, 1.4500000000000002, 0.0, 0.0, 5.1416457450287165, 0.5, 0.5, 4886.459498930366, 10500.0, 10500.0, 0.0, 3.0, 0.0, 0.025, 0.003934139559604194, 0.0, 0.0, 0.05, 0.5, 0.5, 0.05, 0.5, 0.5, 0.000796531108346077, 0.0, 0.0, 0.05, 0.5, 0.5, 0.05, 0.5, 0.5, 0.0, 0.0, 0.0, 0.030000000000000002, 0.255, 0.0, 0.0, 0.0];[0.5124777679906254, -1.428787064289217, -11.938490741962571, 0.3908165276430522, -0.4, -9.858354254971283, -14.0, -14.0, -1.0, 0.0, 0.0, -1.0, 0.0, 0.0, 0.014910043337377665];6.195982699995511
[36.192625904279154, 1018.0969474073647, 119.25839952018394];True;False;[0.0, 7.25, 1.4500000000000002, 0.0, 0.0, 5.162146650559554, 0.5, 0.5, 4880.500662347083, 10500.0, 10500.0, 0.0, 3.0, 0.0, 0.025, 0.0023364444397683004, 0.0, 0.0, 0.05, 0.5, 0.5, 0.05, 0.5, 0.5, 0.001733500208181582, 0.0, 0.0, 0.05, 0.5, 0.5, 0.05, 0.5, 0.5, 0.0, 0.0, 0.0, 0.030000000000000002, 0.255, 0.0, 0.0, 0.0];[0.5096742325115908, -1.4295092542806325, -11.9239078767384, 0.39266251318368095, -0.4, -9.837853349440447, -14.0, -14.0, -1.0, 0.0, 0.0, -1.0, 0.0, 0.0, 0.015198199514405819];6.672512700002699
[36.225787572217385, 1018.7163279759484, 119.2495056778288];True;False;[0.0, 7.25, 1.4500000000000002, 0.0, 0.0, 5.1416457450287165, 0.5, 0.5, 4886.459498930366, 10500.0, 10500.0, 0.0, 3.0, 0.0, 0.025, 0.003923851954311703, 0.0, 0.0, 0.05, 0.5, 0.5, 0.05, 0.5, 0.5, 0.0007852121575994062, 0.0, 0.0, 0.05, 0.5, 0.5, 0.05, 0.5, 0.5, 0.0, 0.0, 0.0, 0.030000000000000002, 0.255, 0.0, 0.0, 0.0];[0.5124488129323215, -1.4287945231045116, -11.938490741962564, 0.39082288270691246, -0.4, -9.858354254971283, -14.0, -14.0, -1.0, 0.0, 0.0, -1.0, 0.0, 0.0, 0.014913017781782667];5.863705000003392
[36.04851293639261, 1025.7855609334397, 119.15950739535009];True;False;[0.0, 7.25, 1.4500000000000002, 0.0, 0.0, 5.134144198246285, 0.5, 0.5, 4886.459498930366, 10500.0, 10500.0, 0.0, 3.0, 0.0, 0.025, 0.015306599500121766, 0.0, 0.0, 0.05, 0.5, 0.5, 0.05, 0.5, 0.5, 0.000796531108346077, 0.0, 0.0, 0.05, 0.5, 0.5, 0.05, 0.5, 0.5, 0.0, 0.0, 0.0, 0.030000000000000002, 0.255, 0.0, 0.0, 0.0];[0.5285535658765763, -1.4246459430428056, -11.943821549895702, 0.3868363624789355, -0.4, -9.865855801753714, -14.0, -14.0, -1.0, 0.0, 0.0, -1.0, 0.0, 0.0, 0.013263925884776762];6.140367799998785
[35.913586337548274, 1030.0822771617572, 119.10563924191327];True;False;[0.0, 7.25, 1.4500000000000002, 0.0, 0.0, 5.141292507306096, 0.5, 0.5, 4886.112906630403, 10500.0, 10500.0, 0.0, 3.0, 0.0, 0.025, 0.015329932713694379, 0.0, 0.0, 0.05, 0.5, 0.5, 0.05, 0.5, 0.5, 0.007882125010507116, 0.0, 0.0, 0.05, 0.5, 0.5, 0.05, 0.5, 0.5, 0.0, 0.0, 0.0, 0.030000000000000002, 0.255, 0.0, 0.0, 0.0];[0.5375047275167137, -1.4223401261924637, -11.938741825650727, 0.3852944148398758, -0.4, -9.858707492693904, -14.0, -14.0, -1.0, 0.0, 0.0, -1.0, 0.0, 0.0, 0.012351905229082472];6.338180899998406
[36.21110154202666, 1019.2797295100879, 119.24232577450591];True;False;[0.0, 7.25, 1.4500000000000002, 0.0, 0.0, 5.14122720034075, 0.5, 0.5, 4885.89276112833, 10500.0, 10500.0, 0.0, 3.0, 0.0, 0.025, 0.003911161302665196, 0.0, 0.0, 0.05, 0.5, 0.5, 0.05, 0.5, 0.5, 0.0017179556003644627, 0.0, 0.0, 0.05, 0.5, 0.5, 0.05, 0.5, 0.5, 0.0, 0.0, 0.0, 0.030000000000000002, 0.255, 0.0, 0.0, 0.0];[0.5137220429176264, -1.4284665393999956, -11.938788245586316, 0.3905182510762233, -0.4, -9.85877279965925, -14.0, -14.0, -1.0, 0.0, 0.0, -1.0, 0.0, 0.0, 0.014782256106435243];6.453114800002368
[1e+30, 1e+30, 1e+30];False;False;[0.0, 7.25, 1.4500000000000002, 0.0, 0.0, 4.536014857379789, 0.5, 0.5, 4880.411551197637, 10500.0, 10500.0, 0.0, 3.0, 0.0, 0.025, 0.002337089782801312, 0.0, 0.0, 0.05, 0.5, 0.5, 0.05, 0.5, 0.5, 0.0018425460016439697, 0.0, 0.0, 0.05, 0.5, 0.5, 0.05, 0.5, 0.5, 0.0, 0.0, 0.0, 0.030000000000000002, 0.255, 0.0, 0.0, 0.0];[1e+30, 1e+30, 1e+30, 1e+30, 1e+30, 1e+30, 1e+30, 1e+30, 1e+30, 1e+30, 1e+30, 1e+30, 1e+30, 1e+30, 1e+30];22.48600300000544
[36.332654575120884, 1029.5671447101342, 119.1041274607272];True;False;[0.0, 7.25, 1.4500000000000002, 0.0, 0.0, 4.9819229802744065, 0.5, 0.5, 4886.459498930366, 10500.0, 10500.0, 0.0, 3.0, 0.0, 0.025, 0.015795534147815524, 0.0, 0.0, 0.05, 0.5, 0.5, 0.05, 0.5, 0.5, 0.0033454209533457816, 0.0, 0.0, 0.05, 0.5, 0.5, 0.05, 0.5, 0.5, 0.0, 0.0, 0.0, 0.030000000000000002, 0.255, 0.0, 0.0, 0.0];[0.5475635959041201, -1.4197489643795596, -12.051385733100087, 0.37340561625494084, -0.4, -10.018077019725594, -14.0, -14.0, -1.0, 0.0, 0.0, -1.0, 0.0, 0.0, 0.011330881861109976];6.999451900002896
[29.73713204091105, 1037.423007532199, 119.44910750524386];True;False;[0.0, 7.25, 1.4500000000000002, 0.0, 0.0, 11.148271194822206, 0.5, 0.5, 4880.433828857662, 10500.0, 10500.0, 0.0, 3.0, 0.0, 0.025, 0.001897751733909588, 0.0, 0.0, 0.05, 0.5, 0.5, 0.05, 0.5, 0.5, 0.0031040363382004365, 0.0, 0.0, 0.05, 0.5, 0.5, 0.05, 0.5, 0.5, 0.0, 0.0, 0.0, 0.030000000000000002, 0.255, 0.0, 0.0, 0.0];[0.2790784773606134, -1.4889106592848294, -6.791948929174586, 0.6615371082242232, -0.4, -3.8517288051777943, -14.0, -14.0, -1.0, 0.0, 0.0, -1.0, 0.0, 0.0, 0.04005707522281721];8.261996400004136
[36.21110154202666, 1019.2797295100879, 119.24232577450591];True;False;[0.0, 7.25, 1.4500000000000002, 0.0, 0.0, 5.14122720034075, 0.5, 0.5, 4885.89276112833, 10500.0, 10500.0, 0.0, 3.0, 0.0, 0.025, 0.003911161302665196, 0.0, 0.0, 0.05, 0.5, 0.5, 0.05, 0.5, 0.5, 0.0017179556003644627, 0.0, 0.0, 0.05, 0.5, 0.5, 0.05, 0.5, 0.5, 0.0, 0.0, 0.0, 0.030000000000000002, 0.255, 0.0, 0.0, 0.0];[0.5137220429176264, -1.4284665393999956, -11.938788245586316, 0.3905182510762233, -0.4, -9.85877279965925, -14.0, -14.0, -1.0, 0.0, 0.0, -1.0, 0.0, 0.0, 0.014782256106435243];6.127793399995426
[29.74506780615574, 1036.8710707223206, 119.45593033253898];True;False;[0.0, 7.25, 1.4500000000000002, 0.0, 0.0, 11.15691272785757, 0.5, 0.5, 4885.856638861752, 10500.0, 10500.0, 0.0, 3.0, 0.0, 0.025, 0.0022961761025256247, 0.0, 0.0, 0.05, 0.5, 0.5, 0.05, 0.5, 0.5, 0.0017358259142564363, 0.0, 0.0, 0.05, 0.5, 0.5, 0.05, 0.5, 0.5, 0.0, 0.0, 0.0, 0.030000000000000002, 0.255, 0.0, 0.0, 0.0];[0.2776700059795143, -1.4892734811368278, -6.783308264916769, 0.6621727366741388, -0.4, -3.84308727214243, -14.0, -14.0, -1.0, 0.0, 0.0, -1.0, 0.0, 0.0, 0.04021628566089164];7.586153700001887
[1e+30, 1e+30, 1e+30];False;False;[0.0, 7.25, 1.4500000000000002, 0.0, 0.0, 6.859084749525371, 0.5, 0.5, 4886.468548276048, 10500.0, 10500.0, 0.0, 3.0, 0.0, 0.025, 0.004249411134138423, 0.0, 0.0, 0.05, 0.5, 0.5, 0.05, 0.5, 0.5, 0.001876072638705391, 0.0, 0.0, 0.05, 0.5, 0.5, 0.05, 0.5, 0.5, 0.0, 0.0, 0.0, 0.030000000000000002, 0.255, 0.0, 0.0, 0.0];[1e+30, 1e+30, 1e+30, 1e+30, 1e+30, 1e+30, 1e+30, 1e+30, 1e+30, 1e+30, 1e+30, 1e+30, 1e+30, 1e+30, 1e+30];6.965587600003346
[36.90664009453164, 1033.178877079502, 119.0478640673231];True;False;[0.0, 7.25, 1.4500000000000002, 0.0, 0.0, 4.741486503706917, 0.5, 0.5, 4885.847598297335, 10500.0, 10500.0, 0.0, 3.0, 0.0, 0.025, 0.015591650363021802, 0.0, 0.0, 0.05, 0.5, 0.5, 0.05, 0.5, 0.5, 0.0034158711610517978, 0.0, 0.0, 0.05, 0.5, 0.5, 0.05, 0.5, 0.5, 0.0, 0.0, 0.0, 0.030000000000000002, 0.255, 0.0, 0.0, 0.0];[0.573123377488443, -1.413164771462762, -12.218917185426353, 0.3524898368459819, -0.4, -10.258513496293084, -14.0, -14.0, -1.0, 0.0, 0.0, -1.0, 0.0, 0.0, 0.008754657179550263];16.283901199996762
[1e+30, 1e+30, 1e+30];False;False;[0.0, 7.25, 1.4500000000000002, 0.0, 0.0, 11.13457542849549, 0.5, 0.5, 4880.509087232429, 10500.0, 10500.0, 0.0, 3.0, 0.0, 0.025, 0.012122994795671308, 0.0, 0.0, 0.05, 0.5, 0.5, 0.05, 0.5, 0.5, 0.0033140402964656006, 0.0, 0.0, 0.05, 0.5, 0.5, 0.05, 0.5, 0.5, 0.0, 0.0, 0.0, 0.030000000000000002, 0.255, 0.0, 0.0, 0.0];[1e+30, 1e+30, 1e+30, 1e+30, 1e+30, 1e+30, 1e+30, 1e+30, 1e+30, 1e+30, 1e+30, 1e+30, 1e+30, 1e+30, 1e+30];26.552153399999952
[1e+30, 1e+30, 1e+30];False;False;[0.0, 7.25, 1.4500000000000002, 0.0, 0.0, 11.12976590893961, 0.5, 0.5, 4880.506028181914, 10500.0, 10500.0, 0.0, 3.0, 0.0, 0.025, 0.012012462120930345, 0.0, 0.0, 0.05, 0.5, 0.5, 0.05, 0.5, 0.5, 0.0018104201901038993, 0.0, 0.0, 0.05, 0.5, 0.5, 0.05, 0.5, 0.5, 0.0, 0.0, 0.0, 0.030000000000000002, 0.255, 0.0, 0.0, 0.0];[1e+30, 1e+30, 1e+30, 1e+30, 1e+30, 1e+30, 1e+30, 1e+30, 1e+30, 1e+30, 1e+30, 1e+30, 1e+30, 1e+30, 1e+30];28.811569199999212
[36.06453849324903, 1025.205562926762, 119.16684142146298];True;False;[0.0, 7.25, 1.4500000000000002, 0.0, 0.0, 5.13411116974647, 0.5, 0.5, 4885.881317241639, 10500.0, 10500.0, 0.0, 3.0, 0.0, 0.025, 0.01197506470369307, 0.0, 0.0, 0.05, 0.5, 0.5, 0.05, 0.5, 0.5, 0.003209277881882225, 0.0, 0.0, 0.05, 0.5, 0.5, 0.05, 0.5, 0.5, 0.0, 0.0, 0.0, 0.030000000000000002, 0.255, 0.0, 0.0, 0.0];[0.527279125941261, -1.4249742384301178, -11.943845014644804, 0.38711435458828203, -0.4, -9.86588883025353, -14.0, -14.0, -1.0, 0.0, 0.0, -1.0, 0.0, 0.0, 0.013394040809391439];5.841456300004211
[36.9065516103644, 1033.1820266127077, 119.04782412835459];True;False;[0.0, 7.25, 1.4500000000000002, 0.0, 0.0, 4.741486503706917, 0.5, 0.5, 4886.101822790458, 10500.0, 10500.0, 0.0, 3.0, 0.0, 0.025, 0.015591650363021802, 0.0, 0.0, 0.05, 0.5, 0.5, 0.05, 0.5, 0.5, 0.0034209823102419965, 0.0, 0.0, 0.05, 0.5, 0.5, 0.05, 0.5, 0.5, 0.0, 0.0, 0.0, 0.030000000000000002, 0.255, 0.0, 0.0, 0.0];[0.5731303243022872, -1.4131629819653722, -12.218917185426356, 0.3524883797050571, -0.4, -10.258513496293084, -14.0, -14.0, -1.0, 0.0, 0.0, -1.0, 0.0, 0.0, 0.00875396052410038];16.419824900003732
[36.22676000174508, 1018.6816675007552, 119.24994610761783];True;False;[0.0, 7.25, 1.4500000000000002, 0.0, 0.0, 5.141643875308086, 0.5, 0.5, 4886.457886626114, 10500.0, 10500.0, 0.0, 3.0, 0.0, 0.025, 0.003855353401928107, 0.0, 0.0, 0.05, 0.5, 0.5, 0.05, 0.5, 0.5, 0.000796531108346077, 0.0, 0.0, 0.05, 0.5, 0.5, 0.05, 0.5, 0.5, 0.0, 0.0, 0.0, 0.030000000000000002, 0.255, 0.0, 0.0, 0.0];[0.51237237041226, -1.4288142146772793, -11.938492070988655, 0.390839547760758, -0.4, -9.858356124691914, -14.0, -14.0, -1.0, 0.0, 0.0, -1.0, 0.0, 0.0, 0.014920870599923197];5.705069299998286
[36.225425638658, 1018.7294563505143, 119.24933873086766];True;False;[0.0, 7.25, 1.4500000000000002, 0.0, 0.0, 5.141643875308086, 0.5, 0.5, 4886.457886626114, 10500.0, 10500.0, 0.0, 3.0, 0.0, 0.025, 0.003934139559604194, 0.0, 0.0, 0.05, 0.5, 0.5, 0.05, 0.5, 0.5, 0.000796531108346077, 0.0, 0.0, 0.05, 0.5, 0.5, 0.05, 0.5, 0.5, 0.0, 0.0, 0.0, 0.030000000000000002, 0.255, 0.0, 0.0, 0.0];[0.512477943958654, -1.4287870189598963, -11.938492070988655, 0.39081637656301993, -0.4, -9.858356124691914, -14.0, -14.0, -1.0, 0.0, 0.0, -1.0, 0.0, 0.0, 0.01491002526094598];6.011621099998592
[36.035489058688604, 1025.5884346181463, 119.16238614862976];True;False;[0.0, 7.25, 1.4500000000000002, 0.0, 0.0, 5.141643875308086, 0.5, 0.5, 4886.459473723831, 10500.0, 10500.0, 0.0, 3.0, 0.0, 0.025, 0.015128047453368952, 0.0, 0.0, 0.05, 0.5, 0.5, 0.05, 0.5, 0.5, 0.000796531108346077, 0.0, 0.0, 0.05, 0.5, 0.5, 0.05, 0.5, 0.5, 0.0, 0.0, 0.0, 0.030000000000000002, 0.255, 0.0, 0.0, 0.0];[0.5276020381656412, -1.4248910563272728, -11.938492070980397, 0.3874939270534261, -0.4, -9.858356124691914, -14.0, -14.0, -1.0, 0.0, 0.0, -1.0, 0.0, 0.0, 0.01336106659814007];6.404014300002018
[29.75773252028964, 1036.7112969045345, 119.456178851461];True;False;[0.0, 7.25, 1.4500000000000002, 0.0, 0.0, 11.133865485984211, 0.5, 0.5, 4880.411551197637, 10500.0, 10500.0, 0.0, 3.0, 0.0, 0.025, 0.002247762427001182, 0.0, 0.0, 0.05, 0.5, 0.5, 0.05, 0.5, 0.5, 0.0018425460016439697, 0.0, 0.0, 0.05, 0.5, 0.5, 0.05, 0.5, 0.5, 0.0, 0.0, 0.0, 0.030000000000000002, 0.255, 0.0, 0.0, 0.0];[0.27806941609852487, -1.4891705931967356, -6.806345414229737, 0.6615556951132748, -0.4, -3.866134514015789, -14.0, -14.0, -1.0, 0.0, 0.0, -1.0, 0.0, 0.0, 0.040171127704372145];8.0363537000012
[36.401371084548316, 1027.133955435558, 119.13491480345917];True;False;[0.0, 7.25, 1.4500000000000002, 0.0, 0.0, 4.9814341520759795, 0.5, 0.5, 4886.100256663796, 10500.0, 10500.0, 0.0, 3.0, 0.0, 0.025, 0.01185495813373335, 0.0, 0.0, 0.05, 0.5, 0.5, 0.05, 0.5, 0.5, 0.0033446288795962336, 0.0, 0.0, 0.05, 0.5, 0.5, 0.05, 0.5, 0.5, 0.0, 0.0, 0.0, 0.030000000000000002, 0.255, 0.0, 0.0, 0.0];[0.5422381667349923, -1.421120793512711, -12.051729284181464, 0.3745250257785606, -0.4, -10.01856584792402, -14.0, -14.0, -1.0, 0.0, 0.0, -1.0, 0.0, 0.0, 0.011870931002642249];6.226767200001632
[37.07453881550466, 1024.8396916891597, 119.15482568880401];True;False;[0.0, 7.25, 1.4500000000000002, 0.0, 0.0, 4.764495426280657, 0.5, 0.5, 4885.856647643016, 10500.0, 10500.0, 0.0, 3.0, 0.0, 0.025, 0.004134852454217085, 0.0, 0.0, 0.05, 0.5, 0.5, 0.05, 0.5, 0.5, 0.0019465228464112185, 0.0, 0.0, 0.05, 0.5, 0.5, 0.05, 0.5, 0.5, 0.0, 0.0, 0.0, 0.030000000000000002, 0.255, 0.0, 0.0, 0.0];[0.5529708723098326, -1.4183560514201043, -12.203010797280612, 0.35825147694833603, -0.4, -10.235504573719343, -14.0, -14.0, -1.0, 0.0, 0.0, -1.0, 0.0, 0.0, 0.010783697346718801];19.60972889999539
[36.03989165944897, 1026.0742903717942, 119.15587125973909];True;False;[0.0, 7.25, 1.4500000000000002, 0.0, 0.0, 5.1344254280186075, 0.5, 0.5, 4886.459498930366, 10500.0, 10500.0, 0.0, 3.0, 0.0, 0.025, 0.015795534147815524, 0.0, 0.0, 0.05, 0.5, 0.5, 0.05, 0.5, 0.5, 0.0007787771747711787, 0.0, 0.0, 0.05, 0.5, 0.5, 0.05, 0.5, 0.5, 0.0, 0.0, 0.0, 0.030000000000000002, 0.255, 0.0, 0.0, 0.0];[0.529169552094995, -1.42448726515728, -11.943621750961956, 0.3867178531820237, -0.4, -9.865574571981393, -14.0, -14.0, -1.0, 0.0, 0.0, -1.0, 0.0, 0.0, 0.013201059938123816];5.837361300000339
[1e+30, 1e+30, 1e+30];False;False;[0.0, 7.25, 1.4500000000000002, 0.0, 0.0, 5.379636279473971, 0.5, 0.5, 4880.33969257963, 10500.0, 10500.0, 0.0, 3.0, 0.0, 0.025, 0.0036493420895682546, 0.0, 0.0, 0.05, 0.5, 0.5, 0.05, 0.5, 0.5, 0.0032725377729256873, 0.0, 0.0, 0.05, 0.5, 0.5, 0.05, 0.5, 0.5, 0.0, 0.0, 0.0, 0.030000000000000002, 0.255, 0.0, 0.0, 0.0];[1e+30, 1e+30, 1e+30, 1e+30, 1e+30, 1e+30, 1e+30, 1e+30, 1e+30, 1e+30, 1e+30, 1e+30, 1e+30, 1e+30, 1e+30];41.41300019999471
[36.00501501218768, 1027.4229859763016, 119.1383212299188];True;False;[0.0, 7.25, 1.4500000000000002, 0.0, 0.0, 5.133907653249593, 0.5, 0.5, 4886.459498930366, 10500.0, 10500.0, 0.0, 3.0, 0.0, 0.025, 0.015533616993337994, 0.0, 0.0, 0.05, 0.5, 0.5, 0.05, 0.5, 0.5, 0.0032302340320392886, 0.0, 0.0, 0.05, 0.5, 0.5, 0.05, 0.5, 0.5, 0.0, 0.0, 0.0, 0.030000000000000002, 0.255, 0.0, 0.0, 0.0];[0.5321721323303352, -1.4237138012897426, -11.94398959958858, 0.38598887797087733, -0.4, -9.866092346750406, -14.0, -14.0, -1.0, 0.0, 0.0, -1.0, 0.0, 0.0, 0.01289484478514391];5.643540199998824
[36.184736186487015, 1020.1894965188412, 119.23079243000025];True;False;[0.0, 7.25, 1.4500000000000002, 0.0, 0.0, 5.14164225111238, 0.5, 0.5, 4886.460150948116, 10500.0, 10500.0, 0.0, 3.0, 0.0, 0.025, 0.0038750380177642743, 0.0, 0.0, 0.05, 0.5, 0.5, 0.05, 0.5, 0.5, 0.003257052746919523, 0.0, 0.0, 0.05, 0.5, 0.5, 0.05, 0.5, 0.5, 0.0, 0.0, 0.0, 0.030000000000000002, 0.255, 0.0, 0.0, 0.0];[0.5157021985159043, -1.4279564518461787, -11.93849322549173, 0.39010848004662124, -0.4, -9.85835774888762, -14.0, -14.0, -1.0, 0.0, 0.0, -1.0, 0.0, 0.0, 0.01457902454961868];6.238349699997343
[1e+30, 1e+30, 1e+30];False;False;[0.0, 7.25, 1.4500000000000002, 0.0, 0.0, 10.98785130708037, 0.5, 0.5, 4886.624222228398, 10500.0, 10500.0, 0.0, 3.0, 0.0, 0.025, 0.012218473836526002, 0.0, 0.0, 0.05, 0.5, 0.5, 0.05, 0.5, 0.5, 0.000796531108346077, 0.0, 0.0, 0.05, 0.5, 0.5, 0.05, 0.5, 0.5, 0.0, 0.0, 0.0, 0.030000000000000002, 0.255, 0.0, 0.0, 0.0];[1e+30, 1e+30, 1e+30, 1e+30, 1e+30, 1e+30, 1e+30, 1e+30, 1e+30, 1e+30, 1e+30, 1e+30, 1e+30, 1e+30, 1e+30];29.04170950000116
[36.09189488649962, 1023.55892240404, 119.18805755530704];True;False;[0.0, 7.25, 1.4500000000000002, 0.0, 0.0, 5.1414282243569716, 0.5, 0.5, 4886.103061733791, 10500.0, 10500.0, 0.0, 3.0, 0.0, 0.025, 0.01183527358415011, 0.0, 0.0, 0.05, 0.5, 0.5, 0.05, 0.5, 0.5, 0.000796531108346077, 0.0, 0.0, 0.05, 0.5, 0.5, 0.05, 0.5, 0.5, 0.0, 0.0, 0.0, 0.030000000000000002, 0.255, 0.0, 0.0, 0.0];[0.5231476983958627, -1.4260384930635528, -11.93864535781956, 0.38846016385336046, -0.4, -9.858571775643028, -14.0, -14.0, -1.0, 0.0, 0.0, -1.0, 0.0, 0.0, 0.013816296018515084];6.841238599998178
[29.746726291317664, 1036.9346001557449, 119.45471570566144];True;False;[0.0, 7.25, 1.4500000000000002, 0.0, 0.0, 11.149566647641652, 0.5, 0.5, 4885.857164037099, 10500.0, 10500.0, 0.0, 3.0, 0.0, 0.025, 0.0023924325691667457, 0.0, 0.0, 0.05, 0.5, 0.5, 0.05, 0.5, 0.5, 0.0018362986675933479, 0.0, 0.0, 0.05, 0.5, 0.5, 0.05, 0.5, 0.5, 0.0, 0.0, 0.0, 0.030000000000000002, 0.255, 0.0, 0.0, 0.0];[0.278032684619844, -1.4891800552158374, -6.790653829457749, 0.6619005736125239, -0.4, -3.8504333523583476, -14.0, -14.0, -1.0, 0.0, 0.0, -1.0, 0.0, 0.0, 0.04017528030975448];7.766593699998339
[36.189839609213756, 1018.1967924214416, 119.25713059122072];True;False;[0.0, 7.25, 1.4500000000000002, 0.0, 0.0, 5.162146650559554, 0.5, 0.5, 4885.857164037099, 10500.0, 10500.0, 0.0, 3.0, 0.0, 0.025, 0.002391962857247182, 0.0, 0.0, 0.05, 0.5, 0.5, 0.05, 0.5, 0.5, 0.001842631598721821, 0.0, 0.0, 0.05, 0.5, 0.5, 0.05, 0.5, 0.5, 0.0, 0.0, 0.0, 0.030000000000000002, 0.255, 0.0, 0.0, 0.0];[0.5098948061435582, -1.429452434571891, -11.92390787673837, 0.3926139949783374, -0.4, -9.837853349440447, -14.0, -14.0, -1.0, 0.0, 0.0, -1.0, 0.0, 0.0, 0.015175516575455017];6.686998599994695
[36.2109761330948, 1019.2473029639979, 119.24275848095488];True;False;[0.0, 7.25, 1.4500000000000002, 0.0, 0.0, 5.141643875308086, 0.5, 0.5, 4886.457886626114, 10500.0, 10500.0, 0.0, 3.0, 0.0, 0.025, 0.003910673882579337, 0.0, 0.0, 0.05, 0.5, 0.5, 0.05, 0.5, 0.5, 0.0016729530505104509, 0.0, 0.0, 0.05, 0.5, 0.5, 0.05, 0.5, 0.5, 0.0, 0.0, 0.0, 0.030000000000000002, 0.255, 0.0, 0.0, 0.0];[0.5136217765765902, -1.4284923679826922, -11.938492070988644, 0.39056531014449236, -0.4, -9.858356124691914, -14.0, -14.0, -1.0, 0.0, 0.0, -1.0, 0.0, 0.0, 0.014792551125792808];6.637063299996953
[36.22688604246651, 1018.7140493809287, 119.24951386414354];True;False;[0.0, 7.25, 1.4500000000000002, 0.0, 0.0, 5.14122720034075, 0.5, 0.5, 4885.89276112833, 10500.0, 10500.0, 0.0, 3.0, 0.0, 0.025, 0.0038558408220139653, 0.0, 0.0, 0.05, 0.5, 0.5, 0.05, 0.5, 0.5, 0.0008415336582070033, 0.0, 0.0, 0.05, 0.5, 0.5, 0.05, 0.5, 0.5, 0.0, 0.0, 0.0, 0.030000000000000002, 0.255, 0.0, 0.0, 0.0];[0.5124725523843159, -1.4287884078280098, -11.938788245586327, 0.39079249641527114, -0.4, -9.85877279965925, -14.0, -14.0, -1.0, 0.0, 0.0, -1.0, 0.0, 0.0, 0.014910579114489564];6.5001880999989226
[29.524329715468067, 1042.9367744236943, 119.40409866923287];True;False;[0.0, 7.25, 1.4500000000000002, 0.0, 0.0, 11.401073143160138, 0.5, 0.5, 4880.183470259967, 10500.0, 10500.0, 0.0, 3.0, 0.0, 0.025, 0.002337089782801312, 0.0, 0.0, 0.05, 0.5, 0.5, 0.05, 0.5, 0.5, 0.00778372827652647, 0.0, 0.0, 0.05, 0.5, 0.5, 0.05, 0.5, 0.5, 0.0, 0.0, 0.0, 0.030000000000000002, 0.255, 0.0, 0.0, 0.0];[0.28248723421171285, -1.4880325644294468, -6.537727527509004, 0.665699222677931, -0.4, -3.598926856839862, -14.0, -14.0, -1.0, 0.0, 0.0, -1.0, 0.0, 0.0, 0.039672145129965086];7.947693699999945
[33.95363496331676, 1245.640405898951, 117.78729364470735];True;False;[0.0, 7.25, 1.4500000000000002, 0.0, 1.0, 4.806058055472063, 0.5533875904135654, 0.5, 5116.963742252695, 8189.768353967874, 10500.0, 0.0, 3.0, 0.0, 0.025, 0.015925437186368855, 0.3362717315281993, 0.0, 0.06236780261290107, 0.2686020657768512, 0.0, 0.05, 0.5, 0.5, 0.07720087650349594, 0.8526805211415426, 0.0, 0.02012325760940227, 0.6559371705586039, 0.0, 0.05, 0.5, 0.5, 0.0, 0.0, 0.0, 0.030000000000000002, 0.255, 0.0, 1.0, 1.0];[1.3166447321681138, -1.3261218186135932, -12.111571198113438, 0.3145333410044735, -0.3466124095864346, -13.03054894820463, -12.55969662150739, -14.0, -0.6637282684718007, -0.7313979342231488, 0.0, -0.14731947885845742, -0.3440628294413961, 0.0, -0.011905438625644027];24.733165099998587
[36.16453621772213, 1018.0207919688662, 119.25998834965284];True;False;[0.0, 7.25, 1.4500000000000002, 0.0, 0.0, 5.174516142893225, 0.5, 0.5, 4885.857164037099, 10500.0, 10500.0, 0.0, 3.0, 0.0, 0.025, 0.002391962857247182, 0.0, 0.0, 0.05, 0.5, 0.5, 0.05, 0.5, 0.5, 0.0017801113152158888, 0.0, 0.0, 0.05, 0.5, 0.5, 0.05, 0.5, 0.5, 0.0, 0.0, 0.0, 0.030000000000000002, 0.255, 0.0, 0.0, 0.0];[0.5086603898851312, -1.4297704198707186, -11.915098950444895, 0.3936247292237327, -0.4, -9.825483857106775, -14.0, -14.0, -1.0, 0.0, 0.0, -1.0, 0.0, 0.0, 0.015302484863199628];6.225157100001525
[36.09559917884178, 1023.4248702535758, 119.18975520792827];True;False;[0.0, 7.25, 1.4500000000000002, 0.0, 0.0, 5.1414266001612665, 0.5, 0.5, 4886.0917856112765, 10500.0, 10500.0, 0.0, 3.0, 0.0, 0.025, 0.01185495813373335, 0.0, 0.0, 0.05, 0.5, 0.5, 0.05, 0.5, 0.5, 0.0005570053549848058, 0.0, 0.0, 0.05, 0.5, 0.5, 0.05, 0.5, 0.5, 0.0, 0.0, 0.0, 0.030000000000000002, 0.255, 0.0, 0.0, 0.0];[0.5228524385653683, -1.4261145519171137, -11.938646512305146, 0.3885249502645032, -0.4, -9.858573399838733, -14.0, -14.0, -1.0, 0.0, 0.0, -1.0, 0.0, 0.0, 0.013846499834837545];6.964531599995098
[36.90696678264172, 1031.4561182624489, 119.07036220845373];True;False;[0.0, 7.25, 1.4500000000000002, 0.0, 0.0, 4.757696414229132, 0.5, 0.5, 4885.851082643357, 10500.0, 10500.0, 0.0, 3.0, 0.0, 0.025, 0.015795534147815524, 0.0, 0.0, 0.05, 0.5, 0.5, 0.05, 0.5, 0.5, 0.0008590513918918436, 0.0, 0.0, 0.05, 0.5, 0.5, 0.05, 0.5, 0.5, 0.0, 0.0, 0.0, 0.030000000000000002, 0.255, 0.0, 0.0, 0.0];[0.5681070521054865, -1.4144569755430663, -12.207713823619361, 0.3546204635021788, -0.4, -10.242303585770868, -14.0, -14.0, -1.0, 0.0, 0.0, -1.0, 0.0, 0.0, 0.009258213808145732];15.713098299995181
[36.226374579071006, 1018.6982292934892, 119.24973406505859];True;False;[0.0, 7.25, 1.4500000000000002, 0.0, 0.0, 5.141612716528901, 0.5, 0.5, 4885.868625802803, 10500.0, 10500.0, 0.0, 3.0, 0.0, 0.025, 0.00395691947140621, 0.0, 0.0, 0.05, 0.5, 0.5, 0.05, 0.5, 0.5, 0.0007216832639718976, 0.0, 0.0, 0.05, 0.5, 0.5, 0.05, 0.5, 0.5, 0.0, 0.0, 0.0, 0.030000000000000002, 0.255, 0.0, 0.0, 0.0];[0.5124111004300476, -1.4288042378350294, -11.938514219101071, 0.3908291731828919, -0.4, -9.8583872834711, -14.0, -14.0, -1.0, 0.0, 0.0, -1.0, 0.0, 0.0, 0.014916891897043483];6.3671734999952605
[36.9065516103644, 1033.1820266127077, 119.04782412835459];True;False;[0.0, 7.25, 1.4500000000000002, 0.0, 0.0, 4.741486503706917, 0.5, 0.5, 4886.101822790458, 10500.0, 10500.0, 0.0, 3.0, 0.0, 0.025, 0.015591650363021802, 0.0, 0.0, 0.05, 0.5, 0.5, 0.05, 0.5, 0.5, 0.0034209823102419965, 0.0, 0.0, 0.05, 0.5, 0.5, 0.05, 0.5, 0.5, 0.0, 0.0, 0.0, 0.030000000000000002, 0.255, 0.0, 0.0, 0.0];[0.5731303243022872, -1.4131629819653722, -12.218917185426356, 0.3524883797050571, -0.4, -10.258513496293084, -14.0, -14.0, -1.0, 0.0, 0.0, -1.0, 0.0, 0.0, 0.00875396052410038];17.24306929999875
[36.09064693547048, 1023.5850657958488, 119.1877373919811];True;False;[0.0, 7.25, 1.4500000000000002, 0.0, 0.0, 5.14164225111238, 0.5, 0.5, 4886.460150948116, 10500.0, 10500.0, 0.0, 3.0, 0.0, 0.025, 0.011644437437713899, 0.0, 0.0, 0.05, 0.5, 0.5, 0.05, 0.5, 0.5, 0.0010356959343480702, 0.0, 0.0, 0.05, 0.5, 0.5, 0.05, 0.5, 0.5, 0.0, 0.0, 0.0, 0.030000000000000002, 0.255, 0.0, 0.0, 0.0];[0.523190552585242, -1.4260274538358024, -11.938493225491708, 0.3884635578266229, -0.4, -9.85835774888762, -14.0, -14.0, -1.0, 0.0, 0.0, -1.0, 0.0, 0.0, 0.01381191251352476];6.276338700001361
[36.00267733468143, 1027.4645500010529, 119.13782085684464];True;False;[0.0, 7.25, 1.4500000000000002, 0.0, 0.0, 5.134395636302079, 0.5, 0.5, 4886.101822790458, 10500.0, 10500.0, 0.0, 3.0, 0.0, 0.025, 0.015589461687726286, 0.0, 0.0, 0.05, 0.5, 0.5, 0.05, 0.5, 0.5, 0.0032507210979197416, 0.0, 0.0, 0.05, 0.5, 0.5, 0.05, 0.5, 0.5, 0.0, 0.0, 0.0, 0.030000000000000002, 0.255, 0.0, 0.0, 0.0];[0.5322297915403196, -1.4236989482926303, -11.943642916594008, 0.3860053309118965, -0.4, -9.865604363697921, -14.0, -14.0, -1.0, 0.0, 0.0, -1.0, 0.0, 0.0, 0.012888968044058813];6.357745400004205
[36.04234745651383, 1025.3387913966756, 119.16554315306297];True;False;[0.0, 7.25, 1.4500000000000002, 0.0, 0.0, 5.141643875308086, 0.5, 0.5, 4886.464820580141, 10500.0, 10500.0, 0.0, 3.0, 0.0, 0.025, 0.014870528165855879, 0.0, 0.0, 0.05, 0.5, 0.5, 0.05, 0.5, 0.5, 0.0006489519851262454, 0.0, 0.0, 0.05, 0.5, 0.5, 0.05, 0.5, 0.5, 0.0, 0.0, 0.0, 0.030000000000000002, 0.255, 0.0, 0.0, 0.0];[0.5270525636060936, -1.4250326008272134, -11.938492070988639, 0.3876147393529168, -0.4, -9.858356124691914, -14.0, -14.0, -1.0, 0.0, 0.0, -1.0, 0.0, 0.0, 0.01341717877170312];6.334124599998177
[36.87743525150066, 1031.2090210318822, 119.07399162379866];True;False;[0.0, 7.25, 1.4500000000000002, 0.0, 0.0, 4.770065906562803, 0.5, 0.5, 4885.851082643357, 10500.0, 10500.0, 0.0, 3.0, 0.0, 0.025, 0.015795534147815524, 0.0, 0.0, 0.05, 0.5, 0.5, 0.05, 0.5, 0.5, 0.000796531108346077, 0.0, 0.0, 0.05, 0.5, 0.5, 0.05, 0.5, 0.5, 0.0, 0.0, 0.0, 0.030000000000000002, 0.255, 0.0, 0.0, 0.0];[0.5666376195949576, -1.414835500965728, -12.199155838939479, 0.3557488902875008, -0.4, -10.229934093437198, -14.0, -14.0, -1.0, 0.0, 0.0, -1.0, 0.0, 0.0, 0.009405909505329713];17.048970000003465
[36.19058133918057, 1018.1702106807893, 119.25746840914285];True;False;[0.0, 7.25, 1.4500000000000002, 0.0, 0.0, 5.162146650559554, 0.5, 0.5, 4885.872854083936, 10500.0, 10500.0, 0.0, 3.0, 0.0, 0.025, 0.0023458555456362428, 0.0, 0.0, 0.05, 0.5, 0.5, 0.05, 0.5, 0.5, 0.001844823983963699, 0.0, 0.0, 0.05, 0.5, 0.5, 0.05, 0.5, 0.5, 0.0, 0.0, 0.0, 0.030000000000000002, 0.255, 0.0, 0.0, 0.0];[0.5098360839976195, -1.4294675613810208, -11.923907876738356, 0.39262691184881393, -0.4, -9.837853349440447, -14.0, -14.0, -1.0, 0.0, 0.0, -1.0, 0.0, 0.0, 0.015181555138667147];6.486888799998269
[36.01900382109044, 1027.540888590913, 119.13647844191078];True;False;[0.0, 7.25, 1.4500000000000002, 0.0, 0.0, 5.126925637360203, 0.5, 0.5, 4886.10394407405, 10500.0, 10500.0, 0.0, 3.0, 0.0, 0.025, 0.01559163965781785, 0.0, 0.0, 0.05, 0.5, 0.5, 0.05, 0.5, 0.5, 0.0032302340320392886, 0.0, 0.0, 0.05, 0.5, 0.5, 0.05, 0.5, 0.5, 0.0, 0.0, 0.0, 0.030000000000000002, 0.255, 0.0, 0.0, 0.0];[0.53291446834701, -1.4235225757299004, -11.948948603306345, 0.3854083266206705, -0.4, -9.873074362639798, -14.0, -14.0, -1.0, 0.0, 0.0, -1.0, 0.0, 0.0, 0.012819194718279303];6.24741350000113
[36.90590861926773, 1033.2228189948612, 119.04712732059012];True;False;[0.0, 7.25, 1.4500000000000002, 0.0, 0.0, 4.741486503706917, 0.5, 0.5, 4885.979864371207, 10500.0, 10500.0, 0.0, 3.0, 0.0, 0.025, 0.015651257405818374, 0.0, 0.0, 0.05, 0.5, 0.5, 0.05, 0.5, 0.5, 0.0034209823102419965, 0.0, 0.0, 0.05, 0.5, 0.5, 0.05, 0.5, 0.5, 0.0, 0.0, 0.0, 0.030000000000000002, 0.255, 0.0, 0.0, 0.0];[0.5732202975486533, -1.4131398048811088, -12.218917185426356, 0.35245289433063465, -0.4, -10.258513496293084, -14.0, -14.0, -1.0, 0.0, 0.0, -1.0, 0.0, 0.0, 0.008744937804258557];16.426054399998975
[29.69380512369829, 1037.4545062819639, 119.4559358056431];True;False;[0.0, 7.25, 1.4500000000000002, 0.0, 0.0, 11.254713832506882, 0.5, 0.5, 4886.41556474167, 10500.0, 10500.0, 0.0, 3.0, 0.0, 0.025, 0.00286565581055768, 0.0, 0.0, 0.05, 0.5, 0.5, 0.05, 0.5, 0.5, 0.000767474587007788, 0.0, 0.0, 0.05, 0.5, 0.5, 0.05, 0.5, 0.5, 0.0, 0.0, 0.0, 0.030000000000000002, 0.255, 0.0, 0.0, 0.0];[0.27579619405367506, -1.489756174588991, -6.685273244172132, 0.6648350650521424, -0.4, -3.745286167493118, -14.0, -14.0, -1.0, 0.0, 0.0, -1.0, 0.0, 0.0, 0.040428242720503826];8.18838279999909
[27.492154537437386, 1235.6720733539094, 118.38308843164387];True;False;[0.0, 7.25, 1.4500000000000002, 0.0, 1.0, 11.133865485984211, 0.5515429378910097, 0.5, 4880.533509616887, 7919.225901708101, 10500.0, 0.0, 3.0, 0.0, 0.025, 0.0021886634105432456, 0.12019114533039629, 0.0, 0.06231949762775505, 0.26911597214604616, 0.0, 0.05, 0.5, 0.5, 0.0018425460016439697, 0.4946453832724812, 0.0, 0.07656352882655533, 0.639454398365813, 0.0, 0.05, 0.5, 0.5, 0.0, 0.0, 0.0, 0.030000000000000002, 0.255, 0.0, 1.0, 1.0];[0.9535383149339349, -1.4131352319831725, -6.330176135335023, 0.6205666365814528, -0.3484570621089903, -11.991196991190934, -11.299569811188409, -14.0, -0.8798088546696037, -0.7308840278539539, 0.0, -0.5053546167275188, -0.36054560163418703, 0.0, 0.020592777618076874];14.055928099995072
[29.75773252028964, 1036.7112969045345, 119.456178851461];True;False;[0.0, 7.25, 1.4500000000000002, 0.0, 0.0, 11.133865485984211, 0.5, 0.5, 4880.411551197637, 10500.0, 10500.0, 0.0, 3.0, 0.0, 0.025, 0.002247762427001182, 0.0, 0.0, 0.05, 0.5, 0.5, 0.05, 0.5, 0.5, 0.0018425460016439697, 0.0, 0.0, 0.05, 0.5, 0.5, 0.05, 0.5, 0.5, 0.0, 0.0, 0.0, 0.030000000000000002, 0.255, 0.0, 0.0, 0.0];[0.27806941609852487, -1.4891705931967356, -6.806345414229737, 0.6615556951132748, -0.4, -3.866134514015789, -14.0, -14.0, -1.0, 0.0, 0.0, -1.0, 0.0, 0.0, 0.040171127704372145];8.74186650000047
[36.07276120222312, 1024.2527741851957, 119.17927281209788];True;False;[0.0, 7.25, 1.4500000000000002, 0.0, 0.0, 5.1414282243569716, 0.5, 0.5, 4880.237282285829, 10500.0, 10500.0, 0.0, 3.0, 0.0, 0.025, 0.011928488749435362, 0.0, 0.0, 0.05, 0.5, 0.5, 0.05, 0.5, 0.5, 0.0018381986922727423, 0.0, 0.0, 0.05, 0.5, 0.5, 0.05, 0.5, 0.5, 0.0, 0.0, 0.0, 0.030000000000000002, 0.255, 0.0, 0.0, 0.0];[0.5246761932429944, -1.4256447531987306, -11.93864535781961, 0.3881242393712061, -0.4, -9.858571775643028, -14.0, -14.0, -1.0, 0.0, 0.0, -1.0, 0.0, 0.0, 0.013659994292665179];5.9916682999974
[36.09085715436107, 1018.9006065763608, 119.24984544664154];True;False;[0.0, 7.25, 1.4500000000000002, 0.0, 0.0, 5.194822908634033, 0.5, 0.5, 4885.856647643016, 10500.0, 10500.0, 0.0, 3.0, 0.0, 0.025, 0.00404552509841663, 0.0, 0.0, 0.05, 0.5, 0.5, 0.05, 0.5, 0.5, 0.001944714204407862, 0.0, 0.0, 0.05, 0.5, 0.5, 0.05, 0.5, 0.5, 0.0, 0.0, 0.0, 0.030000000000000002, 0.255, 0.0, 0.0, 0.0];[0.5092189790440482, -1.4296265274524178, -11.900620921113411, 0.3947088919351196, -0.4, -9.805177091365966, -14.0, -14.0, -1.0, 0.0, 0.0, -1.0, 0.0, 0.0, 0.015245022336047742];7.14829180000379
[29.757268720916887, 1036.7291150294704, 119.45599301001748];True;False;[0.0, 7.25, 1.4500000000000002, 0.0, 0.0, 11.13409687183582, 0.5, 0.5, 4880.411551197637, 10500.0, 10500.0, 0.0, 3.0, 0.0, 0.025, 0.0023825244728832187, 0.0, 0.0, 0.05, 0.5, 0.5, 0.05, 0.5, 0.5, 0.001732791300850713, 0.0, 0.0, 0.05, 0.5, 0.5, 0.05, 0.5, 0.5, 0.0, 0.0, 0.0, 0.030000000000000002, 0.255, 0.0, 0.0, 0.0];[0.2780987703854416, -1.4891630315402475, -6.806114253343855, 0.6615511839901183, -0.4, -3.865903128164179, -14.0, -14.0, -1.0, 0.0, 0.0, -1.0, 0.0, 0.0, 0.04016780915884677];8.320451900006447
[37.18855819819646, 1024.2770924575661, 119.16078679803287];True;False;[0.0, 7.25, 1.4500000000000002, 0.0, 0.0, 4.731819168206177, 0.5, 0.5, 4885.857164037099, 10500.0, 10500.0, 0.0, 3.0, 0.0, 0.025, 0.002391962857247182, 0.0, 0.0, 0.05, 0.5, 0.5, 0.05, 0.5, 0.5, 0.0018444402407251773, 0.0, 0.0, 0.05, 0.5, 0.5, 0.05, 0.5, 0.5, 0.0, 0.0, 0.0, 0.030000000000000002, 0.255, 0.0, 0.0, 0.0];[0.5541656001658071, -1.4180482898431606, -12.225592394501225, 0.3558115541896394, -0.4, -10.268180831793824, -14.0, -14.0, -1.0, 0.0, 0.0, -1.0, 0.0, 0.0, 0.010662955851511668];17.96853790000023
[29.308739988504588, 1052.4677264336704, 119.3017150165933];True;False;[0.0, 7.25, 1.4500000000000002, 0.0, 0.0, 11.464224128682227, 0.5, 0.5, 4880.426759539431, 10500.0, 10500.0, 0.0, 3.0, 0.0, 0.025, 0.015326716146805124, 0.0, 0.0, 0.05, 0.5, 0.5, 0.05, 0.5, 0.5, 0.00847694778941242, 0.0, 0.0, 0.05, 0.5, 0.5, 0.05, 0.5, 0.5, 0.0, 0.0, 0.0, 0.030000000000000002, 0.255, 0.0, 0.0, 0.0];[0.2999927654691774, -1.4835231442479735, -6.473755138683334, 0.6612885864589837, -0.4, -3.5357758713177727, -14.0, -14.0, -1.0, 0.0, 0.0, -1.0, 0.0, 0.0, 0.03770396557908384];7.983777300003567
[1e+30, 1e+30, 1e+30];False;False;[0.0, 7.25, 1.4500000000000002, 0.0, 0.0, 4.735737687928794, 0.5, 0.5, 4885.852049053673, 10500.0, 10500.0, 0.0, 3.0, 0.0, 0.025, 0.015647735218935123, 0.0, 0.0, 0.05, 0.5, 0.5, 0.05, 0.5, 0.5, 0.001842631598721821, 0.0, 0.0, 0.05, 0.5, 0.5, 0.05, 0.5, 0.5, 0.0, 0.0, 0.0, 0.030000000000000002, 0.255, 0.0, 0.0, 0.0];[1e+30, 1e+30, 1e+30, 1e+30, 1e+30, 1e+30, 1e+30, 1e+30, 1e+30, 1e+30, 1e+30, 1e+30, 1e+30, 1e+30, 1e+30];34.69902500000171
[36.189839609213756, 1018.1967924214416, 119.25713059122072];True;False;[0.0, 7.25, 1.4500000000000002, 0.0, 0.0, 5.162146650559554, 0.5, 0.5, 4885.857164037099, 10500.0, 10500.0, 0.0, 3.0, 0.0, 0.025, 0.002391962857247182, 0.0, 0.0, 0.05, 0.5, 0.5, 0.05, 0.5, 0.5, 0.001842631598721821, 0.0, 0.0, 0.05, 0.5, 0.5, 0.05, 0.5, 0.5, 0.0, 0.0, 0.0, 0.030000000000000002, 0.255, 0.0, 0.0, 0.0];[0.5098948061435582, -1.429452434571891, -11.92390787673837, 0.3926139949783374, -0.4, -9.837853349440447, -14.0, -14.0, -1.0, 0.0, 0.0, -1.0, 0.0, 0.0, 0.015175516575455017];6.730581199997687
[36.189839609213756, 1018.1967924214416, 119.25713059122072];True;False;[0.0, 7.25, 1.4500000000000002, 0.0, 0.0, 5.162146650559554, 0.5, 0.5, 4885.857164037099, 10500.0, 10500.0, 0.0, 3.0, 0.0, 0.025, 0.002391962857247182, 0.0, 0.0, 0.05, 0.5, 0.5, 0.05, 0.5, 0.5, 0.001842631598721821, 0.0, 0.0, 0.05, 0.5, 0.5, 0.05, 0.5, 0.5, 0.0, 0.0, 0.0, 0.030000000000000002, 0.255, 0.0, 0.0, 0.0];[0.5098948061435582, -1.429452434571891, -11.92390787673837, 0.3926139949783374, -0.4, -9.837853349440447, -14.0, -14.0, -1.0, 0.0, 0.0, -1.0, 0.0, 0.0, 0.015175516575455017];6.540997999996762
[36.15077973760577, 1019.0941167088604, 119.24602047189182];True;False;[0.0, 7.25, 1.4500000000000002, 0.0, 0.0, 5.167895466337677, 0.5, 0.5, 4885.984979354634, 10500.0, 10500.0, 0.0, 3.0, 0.0, 0.025, 0.0023957296711282286, 0.0, 0.0, 0.05, 0.5, 0.5, 0.05, 0.5, 0.5, 0.0034209823102419965, 0.0, 0.0, 0.05, 0.5, 0.5, 0.05, 0.5, 0.5, 0.0, 0.0, 0.0, 0.030000000000000002, 0.255, 0.0, 0.0, 0.0];[0.511483142451028, -1.4290432795628498, -11.919814812250038, 0.39260804919799175, -0.4, -9.832104533662324, -14.0, -14.0, -1.0, 0.0, 0.0, -1.0, 0.0, 0.0, 0.015012237172043696];6.005391599996074
[36.106635149826054, 1023.0087454727607, 119.19503586059517];True;False;[0.0, 7.25, 1.4500000000000002, 0.0, 0.0, 5.141612716528901, 0.5, 0.5, 4885.8647405676475, 10500.0, 10500.0, 0.0, 3.0, 0.0, 0.025, 0.00395691947140621, 0.0, 0.0, 0.05, 0.5, 0.5, 0.05, 0.5, 0.5, 0.007783253513517639, 0.0, 0.0, 0.05, 0.5, 0.5, 0.05, 0.5, 0.5, 0.0, 0.0, 0.0, 0.030000000000000002, 0.255, 0.0, 0.0, 0.0];[0.5219225868178521, -1.4263540814791882, -11.93851421910108, 0.3887404184674119, -0.4, -9.8583872834711, -14.0, -14.0, -1.0, 0.0, 0.0, -1.0, 0.0, 0.0, 0.013941642891617256];5.870941100001801
[36.035489058691496, 1025.5884346181374, 119.1623861486286];True;False;[0.0, 7.25, 1.4500000000000002, 0.0, 0.0, 5.141643875308086, 0.5, 0.5, 4885.86722464061, 10500.0, 10500.0, 0.0, 3.0, 0.0, 0.025, 0.015128047453368952, 0.0, 0.0, 0.05, 0.5, 0.5, 0.05, 0.5, 0.5, 0.000796531108346077, 0.0, 0.0, 0.05, 0.5, 0.5, 0.05, 0.5, 0.5, 0.0, 0.0, 0.0, 0.030000000000000002, 0.255, 0.0, 0.0, 0.0];[0.5276020381656261, -1.4248910563272823, -11.938492070988664, 0.38749392705331775, -0.4, -9.858356124691914, -14.0, -14.0, -1.0, 0.0, 0.0, -1.0, 0.0, 0.0, 0.013361066598144622];6.306359499998507
[36.17811045501928, 1019.2407953563852, 119.24351177409464];True;False;[0.0, 7.25, 1.4500000000000002, 0.0, 0.0, 5.155061562447555, 0.5, 0.5, 4885.881870995606, 10500.0, 10500.0, 0.0, 3.0, 0.0, 0.025, 0.00239156519494964, 0.0, 0.0, 0.05, 0.5, 0.5, 0.05, 0.5, 0.5, 0.003429008192826461, 0.0, 0.0, 0.05, 0.5, 0.5, 0.05, 0.5, 0.5, 0.0, 0.0, 0.0, 0.030000000000000002, 0.255, 0.0, 0.0, 0.0];[0.5126860103860871, -1.4287334211037057, -11.928950073180882, 0.3915760164812767, -0.4, -9.844938437552445, -14.0, -14.0, -1.0, 0.0, 0.0, -1.0, 0.0, 0.0, 0.014888652390358748];6.287519800003793
[36.18983960921366, 1018.1967924214233, 119.25713059122069];True;False;[0.0, 7.25, 1.4500000000000002, 0.0, 0.0, 5.162146650559554, 0.5, 0.5, 4885.8572446168455, 10500.0, 10500.0, 0.0, 3.0, 0.0, 0.025, 0.002391962857247182, 0.0, 0.0, 0.05, 0.5, 0.5, 0.05, 0.5, 0.5, 0.001842631598721821, 0.0, 0.0, 0.05, 0.5, 0.5, 0.05, 0.5, 0.5, 0.0, 0.0, 0.0, 0.030000000000000002, 0.255, 0.0, 0.0, 0.0];[0.5098948061435165, -1.4294524345719017, -11.923907876738339, 0.3926139949783396, -0.4, -9.837853349440447, -14.0, -14.0, -1.0, 0.0, 0.0, -1.0, 0.0, 0.0, 0.015175516575459236];6.495281600000453
[36.12524122985783, 1020.0128653091202, 119.23435764934261];True;False;[0.0, 7.25, 1.4500000000000002, 0.0, 0.0, 5.167895466337677, 0.5, 0.5, 4885.982660152067, 10500.0, 10500.0, 0.0, 3.0, 0.0, 0.025, 0.003911901480122675, 0.0, 0.0, 0.05, 0.5, 0.5, 0.05, 0.5, 0.5, 0.0034184749271718453, 0.0, 0.0, 0.05, 0.5, 0.5, 0.05, 0.5, 0.5, 0.0, 0.0, 0.0, 0.030000000000000002, 0.255, 0.0, 0.0, 0.0];[0.5135110687257143, -1.428520886295537, -11.919814812250051, 0.3921615184174181, -0.4, -9.832104533662324, -14.0, -14.0, -1.0, 0.0, 0.0, -1.0, 0.0, 0.0, 0.014803918723508391];6.448243999999249
[36.18984100780967, 1018.1967422976581, 119.25713122821975];True;False;[0.0, 7.25, 1.4500000000000002, 0.0, 0.0, 5.162146650559554, 0.5, 0.5, 4885.8572446168455, 10500.0, 10500.0, 0.0, 3.0, 0.0, 0.025, 0.002391962857247182, 0.0, 0.0, 0.05, 0.5, 0.5, 0.05, 0.5, 0.5, 0.0018425490250332216, 0.0, 0.0, 0.05, 0.5, 0.5, 0.05, 0.5, 0.5, 0.0, 0.0, 0.0, 0.030000000000000002, 0.255, 0.0, 0.0, 0.0];[0.509894695415114, -1.4294524630955072, -11.923907876738385, 0.3926140193349039, -0.4, -9.837853349440447, -14.0, -14.0, -1.0, 0.0, 0.0, -1.0, 0.0, 0.0, 0.015175527961837965];6.3144415999995545
[36.115417210210104, 1026.8418515489607, 119.14370240355859];True;False;[0.0, 7.25, 1.4500000000000002, 0.0, 0.0, 5.095972645349658, 0.5, 0.5, 4886.7436547456955, 10500.0, 10500.0, 0.0, 3.0, 0.0, 0.025, 0.015238753599825641, 0.0, 0.0, 0.05, 0.5, 0.5, 0.05, 0.5, 0.5, 0.0018425460016439697, 0.0, 0.0, 0.05, 0.5, 0.5, 0.05, 0.5, 0.5, 0.0, 0.0, 0.0, 0.030000000000000002, 0.255, 0.0, 0.0, 0.0];[0.5335258978626269, -1.4233650716498072, -11.970903717600418, 0.38340713066162646, -0.4, -9.904027354650342, -14.0, -14.0, -1.0, 0.0, 0.0, -1.0, 0.0, 0.0, 0.012756901844817259];5.625084799998149
[29.75931745669074, 1036.6412434822842, 119.45694923208731];True;False;[0.0, 7.25, 1.4500000000000002, 0.0, 0.0, 11.133542470078497, 0.5, 0.5, 4885.856638861752, 10500.0, 10500.0, 0.0, 3.0, 0.0, 0.025, 0.002249086760051442, 0.0, 0.0, 0.05, 0.5, 0.5, 0.05, 0.5, 0.5, 0.0017366882914618524, 0.0, 0.0, 0.05, 0.5, 0.5, 0.05, 0.5, 0.5, 0.0, 0.0, 0.0, 0.030000000000000002, 0.255, 0.0, 0.0, 0.0];[0.27793544734010744, -1.4892051035131553, -6.806668111887875, 0.6615918547307365, -0.4, -3.8664575299215027, -14.0, -14.0, -1.0, 0.0, 0.0, -1.0, 0.0, 0.0, 0.04018627358821514];8.014389800002391
[29.766463119108224, 1036.2907071289937, 119.4609356505118];True;False;[0.0, 7.25, 1.4500000000000002, 0.0, 0.0, 11.133865485984211, 0.5, 0.5, 4880.411551197637, 10500.0, 10500.0, 0.0, 3.0, 0.0, 0.025, 0.0015918972848711632, 0.0, 0.0, 0.05, 0.5, 0.5, 0.05, 0.5, 0.5, 0.001842628575332569, 0.0, 0.0, 0.05, 0.5, 0.5, 0.05, 0.5, 0.5, 0.0, 0.0, 0.0, 0.030000000000000002, 0.255, 0.0, 0.0, 0.0];[0.2772036692391344, -1.4893936093567235, -6.806345414229678, 0.6618336838869359, -0.4, -3.866134514015789, -14.0, -14.0, -1.0, 0.0, 0.0, -1.0, 0.0, 0.0, 0.04026902000490873];7.575396699998237
[29.74853618876538, 1036.4090864487166, 119.4621730245839];True;False;[0.0, 7.25, 1.4500000000000002, 0.0, 0.0, 11.172037040846732, 0.5, 0.5, 4880.127395382308, 10500.0, 10500.0, 0.0, 3.0, 0.0, 0.025, 0.00231591679152977, 0.0, 0.0, 0.05, 0.5, 0.5, 0.05, 0.5, 0.5, 0.000796531108346077, 0.0, 0.0, 0.05, 0.5, 0.5, 0.05, 0.5, 0.5, 0.0, 0.0, 0.0, 0.030000000000000002, 0.255, 0.0, 0.0, 0.0];[0.2762423260875151, -1.4896412510960986, -6.7681770551181515, 0.6629517159438068, -0.4, -3.8279629591532682, -14.0, -14.0, -1.0, 0.0, 0.0, -1.0, 0.0, 0.0, 0.040377763214939355];8.323783500003628
[35.72799936839967, 1036.9701052335581, 119.01859124687661];True;False;[0.0, 7.25, 1.4500000000000002, 0.0, 0.0, 5.141612716528901, 0.5, 0.5, 4885.8647405676475, 10500.0, 10500.0, 0.0, 3.0, 0.0, 0.025, 0.01585797335809103, 0.0, 0.0, 0.05, 0.5, 0.5, 0.05, 0.5, 0.5, 0.018362051096005184, 0.0, 0.0, 0.05, 0.5, 0.5, 0.05, 0.5, 0.5, 0.0, 0.0, 0.0, 0.030000000000000002, 0.255, 0.0, 0.0, 0.0];[0.5525769635466782, -1.418457522212399, -11.938514219101064, 0.381954062192142, -0.4, -9.8583872834711, -14.0, -14.0, -1.0, 0.0, 0.0, -1.0, 0.0, 0.0, 0.010823519040859098];5.671338600004674
[29.784535809604087, 1036.0334039547408, 119.46173964958139];True;False;[0.0, 7.25, 1.4500000000000002, 0.0, 0.0, 11.102691873733406, 0.5, 0.5, 4880.411551197637, 10500.0, 10500.0, 0.0, 3.0, 0.0, 0.025, 0.0015918972848711632, 0.0, 0.0, 0.05, 0.5, 0.5, 0.05, 0.5, 0.5, 0.0018566498831310788, 0.0, 0.0, 0.05, 0.5, 0.5, 0.05, 0.5, 0.5, 0.0, 0.0, 0.0, 0.030000000000000002, 0.255, 0.0, 0.0, 0.0];[0.27766101387737585, -1.4892757974999347, -6.837465787323676, 0.6610233390635196, -0.4, -3.8973081262665943, -14.0, -14.0, -1.0, 0.0, 0.0, -1.0, 0.0, 0.0, 0.04021730240946175];8.145856700000877
[35.93421252078716, 1027.1997530568383, 119.14325015224722];True;False;[0.0, 7.25, 1.4500000000000002, 0.0, 0.0, 5.165081266696345, 0.5, 0.5, 4886.459498930366, 10500.0, 10500.0, 0.0, 3.0, 0.0, 0.025, 0.015795534147815524, 0.0, 0.0, 0.05, 0.5, 0.5, 0.05, 0.5, 0.5, 0.003182576573925652, 0.0, 0.0, 0.05, 0.5, 0.5, 0.05, 0.5, 0.5, 0.0, 0.0, 0.0, 0.030000000000000002, 0.255, 0.0, 0.0, 0.0];[0.5295327620836021, -1.424393702361124, -11.921818683573445, 0.38846321333880596, -0.4, -9.834918733303656, -14.0, -14.0, -1.0, 0.0, 0.0, -1.0, 0.0, 0.0, 0.013163998890917794];6.323211399998399
[36.10663514982613, 1023.0087454727654, 119.19503586059515];True;False;[0.0, 7.25, 1.4500000000000002, 0.0, 0.0, 5.141612716528901, 0.5, 0.5, 5123.599257532296, 10500.0, 10500.0, 0.0, 3.0, 0.0, 0.025, 0.00395691947140621, 0.0, 0.0, 0.05, 0.5, 0.5, 0.05, 0.5, 0.5, 0.007783253513517639, 0.0, 0.0, 0.05, 0.5, 0.5, 0.05, 0.5, 0.5, 0.0, 0.0, 0.0, 0.030000000000000002, 0.255, 0.0, 0.0, 0.0];[0.5219225868178645, -1.4263540814791877, -11.938514219101044, 0.3887404184674046, -0.4, -9.8583872834711, -14.0, -14.0, -1.0, 0.0, 0.0, -1.0, 0.0, 0.0, 0.013941642891617478];6.457485699997051
[29.379935323221215, 1048.9001192372918, 119.34156911386381];True;False;[0.0, 7.25, 1.4500000000000002, 0.0, 0.0, 11.464224128682227, 0.5, 0.5, 4880.411883544944, 10500.0, 10500.0, 0.0, 3.0, 0.0, 0.025, 0.015281939489658728, 0.0, 0.0, 0.05, 0.5, 0.5, 0.05, 0.5, 0.5, 0.0031040363382004365, 0.0, 0.0, 0.05, 0.5, 0.5, 0.05, 0.5, 0.5, 0.0, 0.0, 0.0, 0.030000000000000002, 0.255, 0.0, 0.0, 0.0];[0.2927218844366042, -1.4853961212621014, -6.473755138683311, 0.6636558546111475, -0.4, -3.5357758713177727, -14.0, -14.0, -1.0, 0.0, 0.0, -1.0, 0.0, 0.0, 0.03851969861320048];8.57414460000291
[36.02638872065372, 1025.919528004192, 119.15820025252765];True;False;[0.0, 7.25, 1.4500000000000002, 0.0, 0.0, 5.141648193189896, 0.5, 0.5, 5277.288553933344, 10500.0, 10500.0, 0.0, 3.0, 0.0, 0.025, 0.015851851340494248, 0.0, 0.0, 0.05, 0.5, 0.5, 0.05, 0.5, 0.5, 0.0006051980969021889, 0.0, 0.0, 0.05, 0.5, 0.5, 0.05, 0.5, 0.5, 0.0, 0.0, 0.0, 0.030000000000000002, 0.255, 0.0, 0.0, 0.0];[0.5283303748820094, -1.4247034369834615, -11.93848900177178, 0.38733403443161185, -0.4, -9.858351806810104, -14.0, -14.0, -1.0, 0.0, 0.0, -1.0, 0.0, 0.0, 0.013286707976954415];6.436896400002297
[29.6363421998141, 1039.7278177330704, 119.43211507842386];True;False;[0.0, 7.25, 1.4500000000000002, 0.0, 0.0, 11.281598216930082, 0.5, 0.5, 4885.8572446168455, 10500.0, 10500.0, 0.0, 3.0, 0.0, 0.025, 0.004955639220385605, 0.0, 0.0, 0.05, 0.5, 0.5, 0.05, 0.5, 0.5, 0.0018425490250332216, 0.0, 0.0, 0.05, 0.5, 0.5, 0.05, 0.5, 0.5, 0.0, 0.0, 0.0, 0.030000000000000002, 0.255, 0.0, 0.0, 0.0];[0.27962512413706353, -1.4887698432210699, -6.658246090002011, 0.6641603276881178, -0.4, -3.7184017830699183, -14.0, -14.0, -1.0, 0.0, 0.0, -1.0, 0.0, 0.0, 0.039995308776374805];8.559939999999187
[29.428949820527052, 1046.7292104530793, 119.36488698805147];True;False;[0.0, 7.25, 1.4500000000000002, 0.0, 0.0, 11.449926601516786, 0.5, 0.5, 4880.506028181914, 10500.0, 10500.0, 0.0, 3.0, 0.0, 0.025, 0.012012462120930345, 0.0, 0.0, 0.05, 0.5, 0.5, 0.05, 0.5, 0.5, 0.0032725377729256873, 0.0, 0.0, 0.05, 0.5, 0.5, 0.05, 0.5, 0.5, 0.0, 0.0, 0.0, 0.030000000000000002, 0.255, 0.0, 0.0, 0.0];[0.2887319876232306, -1.4864239176167346, -6.488254967024849, 0.6646650416960382, -0.4, -3.550073398483214, -14.0, -14.0, -1.0, 0.0, 0.0, -1.0, 0.0, 0.0, 0.03896838482805065];8.267812199999753
[36.191687994931314, 1018.1305540789347, 119.25797240307486];True;False;[0.0, 7.25, 1.4500000000000002, 0.0, 0.0, 5.162146650559554, 0.5, 0.5, 4885.857164037099, 10500.0, 10500.0, 0.0, 3.0, 0.0, 0.025, 0.002391962857247182, 0.0, 0.0, 0.05, 0.5, 0.5, 0.05, 0.5, 0.5, 0.001733500208181582, 0.0, 0.0, 0.05, 0.5, 0.5, 0.05, 0.5, 0.5, 0.0, 0.0, 0.0, 0.030000000000000002, 0.255, 0.0, 0.0, 0.0];[0.5097484763793556, -1.4294901290801054, -11.923907876738351, 0.3926461823680305, -0.4, -9.837853349440447, -14.0, -14.0, -1.0, 0.0, 0.0, -1.0, 0.0, 0.0, 0.015190564339271795];6.0917491000000155
[1e+30, 1e+30, 1e+30];False;False;[0.0, 7.25, 1.4500000000000002, 0.0, 0.0, 4.909824774135053, 0.5, 0.5, 4886.459498930366, 10500.0, 10500.0, 0.0, 3.0, 0.0, 0.025, 0.015795534147815524, 0.0, 0.0, 0.05, 0.5, 0.5, 0.05, 0.5, 0.5, 0.0031965978817241458, 0.0, 0.0, 0.05, 0.5, 0.5, 0.05, 0.5, 0.5, 0.0, 0.0, 0.0, 0.030000000000000002, 0.255, 0.0, 0.0, 0.0];[1e+30, 1e+30, 1e+30, 1e+30, 1e+30, 1e+30, 1e+30, 1e+30, 1e+30, 1e+30, 1e+30, 1e+30, 1e+30, 1e+30, 1e+30];26.563942200002202
[30.054145788933628, 1032.293050371915, 119.47394701078932];True;False;[0.0, 7.25, 1.4500000000000002, 0.0, 0.0, 10.65780682186987, 0.5, 0.5, 4880.411551197637, 10500.0, 10500.0, 0.0, 3.0, 0.0, 0.025, 0.0015918972848711632, 0.0, 0.0, 0.05, 0.5, 0.5, 0.05, 0.5, 0.5, 0.001842628575332569, 0.0, 0.0, 0.05, 0.5, 0.5, 0.05, 0.5, 0.5, 0.0, 0.0, 0.0, 0.030000000000000002, 0.255, 0.0, 0.0, 0.0];[0.2843284976553653, -1.4875582554576066, -7.276626098958957, 0.649148297790417, -0.4, -4.342193178130129, -14.0, -14.0, -1.0, 0.0, 0.0, -1.0, 0.0, 0.0, 0.03946445065562476];12.6136325999978
[36.106635149826054, 1023.0087454727607, 119.19503586059517];True;False;[0.0, 7.25, 1.4500000000000002, 0.0, 0.0, 5.141612716528901, 0.5, 0.5, 4885.8647405676475, 10500.0, 10500.0, 0.0, 3.0, 0.0, 0.025, 0.00395691947140621, 0.0, 0.0, 0.05, 0.5, 0.5, 0.05, 0.5, 0.5, 0.007783253513517639, 0.0, 0.0, 0.05, 0.5, 0.5, 0.05, 0.5, 0.5, 0.0, 0.0, 0.0, 0.030000000000000002, 0.255, 0.0, 0.0, 0.0];[0.5219225868178521, -1.4263540814791882, -11.93851421910108, 0.3887404184674119, -0.4, -9.8583872834711, -14.0, -14.0, -1.0, 0.0, 0.0, -1.0, 0.0, 0.0, 0.013941642891617256];5.5315918999986025
[36.18984100780967, 1018.1967422976581, 119.25713122821975];True;False;[0.0, 7.25, 1.4500000000000002, 0.0, 0.0, 5.162146650559554, 0.5, 0.5, 4885.8572446168455, 10500.0, 10500.0, 0.0, 3.0, 0.0, 0.025, 0.002391962857247182, 0.0, 0.0, 0.05, 0.5, 0.5, 0.05, 0.5, 0.5, 0.0018425490250332216, 0.0, 0.0, 0.05, 0.5, 0.5, 0.05, 0.5, 0.5, 0.0, 0.0, 0.0, 0.030000000000000002, 0.255, 0.0, 0.0, 0.0];[0.509894695415114, -1.4294524630955072, -11.923907876738385, 0.3926140193349039, -0.4, -9.837853349440447, -14.0, -14.0, -1.0, 0.0, 0.0, -1.0, 0.0, 0.0, 0.015175527961837965];6.236256899996079
[36.3412224107589, 1029.274397555323, 119.10782275681817];True;False;[0.0, 7.25, 1.4500000000000002, 0.0, 0.0, 4.981742609340856, 0.5, 0.5, 4886.482885625327, 10500.0, 10500.0, 0.0, 3.0, 0.0, 0.025, 0.01585797335809103, 0.0, 0.0, 0.05, 0.5, 0.5, 0.05, 0.5, 0.5, 0.0028024857023951754, 0.0, 0.0, 0.05, 0.5, 0.5, 0.05, 0.5, 0.5, 0.0, 0.0, 0.0, 0.030000000000000002, 0.255, 0.0, 0.0, 0.0];[0.5469319206903522, -1.419911683746097, -12.051512500155194, 0.3735308210727595, -0.4, -10.018257390659144, -14.0, -14.0, -1.0, 0.0, 0.0, -1.0, 0.0, 0.0, 0.011394880157339138];5.9560020999997505
[29.784160726841378, 1036.0388571122783, 119.4617211496375];True;False;[0.0, 7.25, 1.4500000000000002, 0.0, 0.0, 11.103330877948535, 0.5, 0.5, 4880.411551197637, 10500.0, 10500.0, 0.0, 3.0, 0.0, 0.025, 0.0015918972848711632, 0.0, 0.0, 0.05, 0.5, 0.5, 0.05, 0.5, 0.5, 0.0018566498831310788, 0.0, 0.0, 0.05, 0.5, 0.5, 0.05, 0.5, 0.5, 0.0, 0.0, 0.0, 0.030000000000000002, 0.255, 0.0, 0.0, 0.0];[0.2776519822734924, -1.489278124038688, -6.836828331450777, 0.6610398633658663, -0.4, -3.896669122051465, -14.0, -14.0, -1.0, 0.0, 0.0, -1.0, 0.0, 0.0, 0.04021832362840183];7.632763699999487
[1e+30, 1e+30, 1e+30];False;False;[0.0, 7.25, 1.4500000000000002, 0.0, 0.0, 4.660353620567564, 0.5, 0.5, 4880.361179983544, 10500.0, 10500.0, 0.0, 3.0, 0.0, 0.025, 0.012012462120930345, 0.0, 0.0, 0.05, 0.5, 0.5, 0.05, 0.5, 0.5, 0.003287756012989229, 0.0, 0.0, 0.05, 0.5, 0.5, 0.05, 0.5, 0.5, 0.0, 0.0, 0.0, 0.030000000000000002, 0.255, 0.0, 0.0, 0.0];[1e+30, 1e+30, 1e+30, 1e+30, 1e+30, 1e+30, 1e+30, 1e+30, 1e+30, 1e+30, 1e+30, 1e+30, 1e+30, 1e+30, 1e+30];29.52227480000147
[1e+30, 1e+30, 1e+30];False;False;[0.0, 7.25, 1.4500000000000002, 0.0, 0.0, 10.926106474895144, 0.5, 0.5, 4880.376900378407, 10500.0, 10500.0, 0.0, 3.0, 0.0, 0.025, 0.0015918972848711632, 0.0, 0.0, 0.05, 0.5, 0.5, 0.05, 0.5, 0.5, 0.001842628575332569, 0.0, 0.0, 0.05, 0.5, 0.5, 0.05, 0.5, 0.5, 0.0, 0.0, 0.0, 0.030000000000000002, 0.255, 0.0, 0.0, 0.0];[1e+30, 1e+30, 1e+30, 1e+30, 1e+30, 1e+30, 1e+30, 1e+30, 1e+30, 1e+30, 1e+30, 1e+30, 1e+30, 1e+30, 1e+30];25.62005599999975
[36.18978749931563, 1018.1986599763025, 119.25710685732311];True;False;[0.0, 7.25, 1.4500000000000002, 0.0, 0.0, 5.162146650559554, 0.5, 0.5, 4885.8572446168455, 10500.0, 10500.0, 0.0, 3.0, 0.0, 0.025, 0.002391962857247182, 0.0, 0.0, 0.05, 0.5, 0.5, 0.05, 0.5, 0.5, 0.0018457081920265732, 0.0, 0.0, 0.05, 0.5, 0.5, 0.05, 0.5, 0.5, 0.0, 0.0, 0.0, 0.030000000000000002, 0.255, 0.0, 0.0, 0.0];[0.509898931756565, -1.429451371815079, -11.92390787673839, 0.392613087480542, -0.4, -9.837853349440447, -14.0, -14.0, -1.0, 0.0, 0.0, -1.0, 0.0, 0.0, 0.015175092332402107];6.597804299999552
[1e+30, 1e+30, 1e+30];False;False;[0.0, 7.25, 1.4500000000000002, 0.0, 0.0, 4.893847002520683, 0.5, 0.5, 4885.891814856328, 10500.0, 10500.0, 0.0, 3.0, 0.0, 0.025, 0.002391962857247182, 0.0, 0.0, 0.05, 0.5, 0.5, 0.05, 0.5, 0.5, 0.001733500208181582, 0.0, 0.0, 0.05, 0.5, 0.5, 0.05, 0.5, 0.5, 0.0, 0.0, 0.0, 0.030000000000000002, 0.255, 0.0, 0.0, 0.0];[1e+30, 1e+30, 1e+30, 1e+30, 1e+30, 1e+30, 1e+30, 1e+30, 1e+30, 1e+30, 1e+30, 1e+30, 1e+30, 1e+30, 1e+30];36.33417069999996
[30.067456401838182, 1031.664543081762, 119.48112207555025];True;False;[0.0, 7.25, 1.4500000000000002, 0.0, 0.0, 10.65780682186987, 0.5, 0.5, 4880.411551197637, 10500.0, 10500.0, 0.0, 3.0, 0.0, 0.025, 0.0016215243696046464, 0.0, 0.0, 0.05, 0.5, 0.5, 0.05, 0.5, 0.5, 0.0008290213748145597, 0.0, 0.0, 0.05, 0.5, 0.5, 0.05, 0.5, 0.5, 0.0, 0.0, 0.0, 0.030000000000000002, 0.255, 0.0, 0.0, 0.0];[0.28302704938300316, -1.4878935081853357, -7.276626098958984, 0.6495585391723526, -0.4, -4.342193178130129, -14.0, -14.0, -1.0, 0.0, 0.0, -1.0, 0.0, 0.0, 0.03961123742267436];14.578783500001009
[29.889919382575446, 1039.9742481649844, 119.38696265342654];True;False;[0.0, 7.25, 1.4500000000000002, 0.0, 0.0, 10.664788017979276, 0.5, 0.5, 4880.410402339924, 10500.0, 10500.0, 0.0, 3.0, 0.0, 0.025, 0.012012462120930345, 0.0, 0.0, 0.05, 0.5, 0.5, 0.05, 0.5, 0.5, 0.0032725377729256873, 0.0, 0.0, 0.05, 0.5, 0.5, 0.05, 0.5, 0.5, 0.0, 0.0, 0.0, 0.030000000000000002, 0.255, 0.0, 0.0, 0.0];[0.2999671071367249, -1.4835297538275662, -7.269806466075948, 0.644372735675526, -0.4, -4.3352119820207236, -14.0, -14.0, -1.0, 0.0, 0.0, -1.0, 0.0, 0.0, 0.03770683988776102];20.481221999994887
[36.47498323781349, 1019.2138355572006, 119.23817638758291];True;False;[0.0, 7.25, 1.4500000000000002, 0.0, 0.0, 5.037824987233428, 0.5, 0.5, 4880.411911919497, 10500.0, 10500.0, 0.0, 3.0, 0.0, 0.025, 0.0015918972848711632, 0.0, 0.0, 0.05, 0.5, 0.5, 0.05, 0.5, 0.5, 0.0018566498831310788, 0.0, 0.0, 0.05, 0.5, 0.5, 0.05, 0.5, 0.5, 0.0, 0.0, 0.0, 0.030000000000000002, 0.255, 0.0, 0.0, 0.0];[0.5207602612509605, -1.4266534962351143, -12.0120184918026, 0.38267573203112426, -0.4, -9.962175012766572, -14.0, -14.0, -1.0, 0.0, 0.0, -1.0, 0.0, 0.0, 0.014060622384830412];6.444897100001981
[30.067456401838182, 1031.664543081762, 119.48112207555025];True;False;[0.0, 7.25, 1.4500000000000002, 0.0, 0.0, 10.65780682186987, 0.5, 0.5, 4880.411551197637, 10500.0, 10500.0, 0.0, 3.0, 0.0, 0.025, 0.0016215243696046464, 0.0, 0.0, 0.05, 0.5, 0.5, 0.05, 0.5, 0.5, 0.0008290213748145597, 0.0, 0.0, 0.05, 0.5, 0.5, 0.05, 0.5, 0.5, 0.0, 0.0, 0.0, 0.030000000000000002, 0.255, 0.0, 0.0, 0.0];[0.28302704938300316, -1.4878935081853357, -7.276626098958984, 0.6495585391723526, -0.4, -4.342193178130129, -14.0, -14.0, -1.0, 0.0, 0.0, -1.0, 0.0, 0.0, 0.03961123742267436];13.954335399997944
[36.189424170227014, 1018.2116814556466, 119.25694137463634];True;False;[0.0, 7.25, 1.4500000000000002, 0.0, 0.0, 5.162146650559554, 0.5, 0.5, 4885.864972756426, 10500.0, 10500.0, 0.0, 3.0, 0.0, 0.025, 0.002391962857247182, 0.0, 0.0, 0.05, 0.5, 0.5, 0.05, 0.5, 0.5, 0.001867159191588559, 0.0, 0.0, 0.05, 0.5, 0.5, 0.05, 0.5, 0.5, 0.0, 0.0, 0.0, 0.030000000000000002, 0.255, 0.0, 0.0, 0.0];[0.5099276973723708, -1.4294439618001198, -11.923907876738383, 0.39260675998904704, -0.4, -9.837853349440447, -14.0, -14.0, -1.0, 0.0, 0.0, -1.0, 0.0, 0.0, 0.015172134339856092];6.432061499996053
[30.067456401838182, 1031.664543081762, 119.48112207555025];True;False;[0.0, 7.25, 1.4500000000000002, 0.0, 0.0, 10.65780682186987, 0.5, 0.5, 4880.411551197637, 10500.0, 10500.0, 0.0, 3.0, 0.0, 0.025, 0.0016215243696046464, 0.0, 0.0, 0.05, 0.5, 0.5, 0.05, 0.5, 0.5, 0.0008290213748145597, 0.0, 0.0, 0.05, 0.5, 0.5, 0.05, 0.5, 0.5, 0.0, 0.0, 0.0, 0.030000000000000002, 0.255, 0.0, 0.0, 0.0];[0.28302704938300316, -1.4878935081853357, -7.276626098958984, 0.6495585391723526, -0.4, -4.342193178130129, -14.0, -14.0, -1.0, 0.0, 0.0, -1.0, 0.0, 0.0, 0.03961123742267436];13.9128339999952
[36.093402301289245, 1018.9137046076003, 119.24961756876937];True;False;[0.0, 7.25, 1.4500000000000002, 0.0, 0.0, 5.193616092518632, 0.5, 0.5, 4885.856647643016, 10500.0, 10500.0, 0.0, 3.0, 0.0, 0.025, 0.00404552509841663, 0.0, 0.0, 0.05, 0.5, 0.5, 0.05, 0.5, 0.5, 0.001944714204407862, 0.0, 0.0, 0.05, 0.5, 0.5, 0.05, 0.5, 0.5, 0.0, 0.0, 0.0, 0.030000000000000002, 0.255, 0.0, 0.0, 0.0];[0.5093300079394236, -1.4295979264385839, -11.90148191551969, 0.39461284877612623, -0.4, -9.806383907481369, -14.0, -14.0, -1.0, 0.0, 0.0, -1.0, 0.0, 0.0, 0.015233602228846288];6.482942700000422
[29.5516795466685, 1044.9348866758355, 119.36976895916655];True;False;[0.0, 7.25, 1.4500000000000002, 0.0, 0.0, 11.226608275073884, 0.5, 0.5, 4880.411551197637, 10500.0, 10500.0, 0.0, 3.0, 0.0, 0.025, 0.01459226610700489, 0.0, 0.0, 0.05, 0.5, 0.5, 0.05, 0.5, 0.5, 0.0009277162338678917, 0.0, 0.0, 0.05, 0.5, 0.5, 0.05, 0.5, 0.5, 0.0, 0.0, 0.0, 0.030000000000000002, 0.255, 0.0, 0.0, 0.0];[0.2920254540745004, -1.4855755215375732, -6.713491881717269, 0.6590135101519399, -0.4, -3.7733917249261157, -14.0, -14.0, -1.0, 0.0, 0.0, -1.0, 0.0, 0.0, 0.038597962276927134];7.571675699997286
[36.18726382789592, 1018.1831924695451, 119.25736387434995];True;False;[0.0, 7.25, 1.4500000000000002, 0.0, 0.0, 5.1633534666749545, 0.5, 0.5, 4885.8572446168455, 10500.0, 10500.0, 0.0, 3.0, 0.0, 0.025, 0.002391962857247182, 0.0, 0.0, 0.05, 0.5, 0.5, 0.05, 0.5, 0.5, 0.0018425490250332216, 0.0, 0.0, 0.05, 0.5, 0.5, 0.05, 0.5, 0.5, 0.0, 0.0, 0.0, 0.030000000000000002, 0.255, 0.0, 0.0, 0.0];[0.5097821662029913, -1.4294814505905253, -11.923048780031774, 0.39271097965169033, -0.4, -9.836646533325045, -14.0, -14.0, -1.0, 0.0, 0.0, -1.0, 0.0, 0.0, 0.01518709978159738];6.171061400003964
[36.191719780621874, 1018.1294151063595, 119.25798687844141];True;False;[0.0, 7.25, 1.4500000000000002, 0.0, 0.0, 5.162146650559554, 0.5, 0.5, 4885.8572446168455, 10500.0, 10500.0, 0.0, 3.0, 0.0, 0.025, 0.002391962857247182, 0.0, 0.0, 0.05, 0.5, 0.5, 0.05, 0.5, 0.5, 0.0017316235008626047, 0.0, 0.0, 0.05, 0.5, 0.5, 0.05, 0.5, 0.5, 0.0, 0.0, 0.0, 0.030000000000000002, 0.255, 0.0, 0.0, 0.0];[0.5097459601832108, -1.4294907772515673, -11.923907876738365, 0.39264673583749765, -0.4, -9.837853349440447, -14.0, -14.0, -1.0, 0.0, 0.0, -1.0, 0.0, 0.0, 0.01519082309900499];6.525078600003326
[1e+30, 1e+30, 1e+30];False;False;[0.0, 7.25, 1.4500000000000002, 0.0, 0.0, 10.657042256737066, 0.5, 0.5, 4880.416693035732, 10500.0, 10500.0, 0.0, 3.0, 0.0, 0.025, 0.002360856297717682, 0.0, 0.0, 0.05, 0.5, 0.5, 0.05, 0.5, 0.5, 0.0030976600580329347, 0.0, 0.0, 0.05, 0.5, 0.5, 0.05, 0.5, 0.5, 0.0, 0.0, 0.0, 0.030000000000000002, 0.255, 0.0, 0.0, 0.0];[1e+30, 1e+30, 1e+30, 1e+30, 1e+30, 1e+30, 1e+30, 1e+30, 1e+30, 1e+30, 1e+30, 1e+30, 1e+30, 1e+30, 1e+30];34.542499499999394
[29.87708207226751, 1042.469416735164, 119.3525526834855];True;False;[0.0, 7.25, 1.4500000000000002, 0.0, 0.0, 10.578359032936067, 0.5, 0.5, 4885.829967473409, 10500.0, 10500.0, 0.0, 3.0, 0.0, 0.025, 0.0016215243696046464, 0.0, 0.0, 0.05, 0.5, 0.5, 0.05, 0.5, 0.5, 0.01851209924726266, 0.0, 0.0, 0.05, 0.5, 0.5, 0.05, 0.5, 0.5, 0.0, 0.0, 0.0, 0.030000000000000002, 0.255, 0.0, 0.0, 0.0];[0.30798389738486875, -1.4814646307985229, -7.354073978670135, 0.6399101870839226, -0.4, -4.421640967063933, -14.0, -14.0, -1.0, 0.0, 0.0, -1.0, 0.0, 0.0, 0.03681027221150546];19.26285680000001
[35.85679214471282, 1025.127014059335, 119.17239454077605];True;False;[0.0, 7.25, 1.4500000000000002, 0.0, 0.0, 5.221060505838689, 0.5, 0.5, 4880.446324291875, 10500.0, 10500.0, 0.0, 3.0, 0.0, 0.025, 0.01585797335809103, 0.0, 0.0, 0.05, 0.5, 0.5, 0.05, 0.5, 0.5, 0.000734126502576744, 0.0, 0.0, 0.05, 0.5, 0.5, 0.05, 0.5, 0.5, 0.0, 0.0, 0.0, 0.030000000000000002, 0.255, 0.0, 0.0, 0.0];[0.5211523941562879, -1.426552482903324, -11.881883910563285, 0.39361240542958464, -0.4, -9.77893949416131, -14.0, -14.0, -1.0, 0.0, 0.0, -1.0, 0.0, 0.0, 0.014020476205319765];8.05430570000317
[36.10565395285579, 1023.0442526659729, 119.19458601745464];True;False;[0.0, 7.25, 1.4500000000000002, 0.0, 0.0, 5.141612716528901, 0.5, 0.5, 4885.8647405676475, 10500.0, 10500.0, 0.0, 3.0, 0.0, 0.025, 0.004015127899848323, 0.0, 0.0, 0.05, 0.5, 0.5, 0.05, 0.5, 0.5, 0.007783253513517639, 0.0, 0.0, 0.05, 0.5, 0.5, 0.05, 0.5, 0.5, 0.0, 0.0, 0.0, 0.030000000000000002, 0.255, 0.0, 0.0, 0.0];[0.5220008433144159, -1.4263339226265541, -11.938514219101071, 0.3887232232437281, -0.4, -9.8583872834711, -14.0, -14.0, -1.0, 0.0, 0.0, -1.0, 0.0, 0.0, 0.013933634276393936];6.380169500000193
[36.19168799493163, 1018.130554078949, 119.25797240307479];True;False;[0.0, 7.25, 1.4500000000000002, 0.0, 0.0, 5.162146650559554, 0.5, 0.5, 4885.857171335147, 10500.0, 10500.0, 0.0, 3.0, 0.0, 0.025, 0.002391962857247182, 0.0, 0.0, 0.05, 0.5, 0.5, 0.05, 0.5, 0.5, 0.001733500208181582, 0.0, 0.0, 0.05, 0.5, 0.5, 0.05, 0.5, 0.5, 0.0, 0.0, 0.0, 0.030000000000000002, 0.255, 0.0, 0.0, 0.0];[0.5097484763793876, -1.4294901290800968, -11.923907876738358, 0.3926461823680123, -0.4, -9.837853349440447, -14.0, -14.0, -1.0, 0.0, 0.0, -1.0, 0.0, 0.0, 0.015190564339268242];5.867076700000325
[29.749311092078507, 1036.3717422632526, 119.4625951397849];True;False;[0.0, 7.25, 1.4500000000000002, 0.0, 0.0, 11.172037040846732, 0.5, 0.5, 4880.127395382308, 10500.0, 10500.0, 0.0, 3.0, 0.0, 0.025, 0.0022577083630877493, 0.0, 0.0, 0.05, 0.5, 0.5, 0.05, 0.5, 0.5, 0.000796531108346077, 0.0, 0.0, 0.05, 0.5, 0.5, 0.05, 0.5, 0.5, 0.0, 0.0, 0.0, 0.030000000000000002, 0.255, 0.0, 0.0, 0.0];[0.2761654729180787, -1.4896610484520414, -6.768177055118109, 0.6629764228911634, -0.4, -3.8279629591532682, -14.0, -14.0, -1.0, 0.0, 0.0, -1.0, 0.0, 0.0, 0.04038645842117383];8.86637139999948
[35.89977055674911, 1025.9444137017153, 119.16060810795845];True;False;[0.0, 7.25, 1.4500000000000002, 0.0, 0.0, 5.193616092518632, 0.5, 0.5, 4885.856647643016, 10500.0, 10500.0, 0.0, 3.0, 0.0, 0.025, 0.015505499650538115, 0.0, 0.0, 0.05, 0.5, 0.5, 0.05, 0.5, 0.5, 0.001944714204407862, 0.0, 0.0, 0.05, 0.5, 0.5, 0.05, 0.5, 0.5, 0.0, 0.0, 0.0, 0.030000000000000002, 0.255, 0.0, 0.0, 0.0];[0.5248183911035902, -1.4256081230677795, -11.90148191551974, 0.39118991535335, -0.4, -9.806383907481369, -14.0, -14.0, -1.0, 0.0, 0.0, -1.0, 0.0, 0.0, 0.013645458174824321];6.809881100001803
[36.04101896077597, 1025.3871366004387, 119.16493172957234];True;False;[0.0, 7.25, 1.4500000000000002, 0.0, 0.0, 5.141643875308086, 0.5, 0.5, 4885.867176593401, 10500.0, 10500.0, 0.0, 3.0, 0.0, 0.025, 0.014802724146595423, 0.0, 0.0, 0.05, 0.5, 0.5, 0.05, 0.5, 0.5, 0.000796531108346077, 0.0, 0.0, 0.05, 0.5, 0.5, 0.05, 0.5, 0.5, 0.0, 0.0, 0.0, 0.030000000000000002, 0.255, 0.0, 0.0, 0.0];[0.5271589791252547, -1.425005188217868, -11.938492070988632, 0.3875913424237467, -0.4, -9.858356124691914, -14.0, -14.0, -1.0, 0.0, 0.0, -1.0, 0.0, 0.0, 0.013406310693757861];5.993359200001578
[36.18434077106926, 1018.3939100643596, 119.25462569830316];True;False;[0.0, 7.25, 1.4500000000000002, 0.0, 0.0, 5.162146650559554, 0.5, 0.5, 4885.857292664055, 10500.0, 10500.0, 0.0, 3.0, 0.0, 0.025, 0.0027174638462259372, 0.0, 0.0, 0.05, 0.5, 0.5, 0.05, 0.5, 0.5, 0.001842631598721821, 0.0, 0.0, 0.05, 0.5, 0.5, 0.05, 0.5, 0.5, 0.0, 0.0, 0.0, 0.030000000000000002, 0.255, 0.0, 0.0, 0.0];[0.5103302352000867, -1.4293402681630967, -11.92390787673835, 0.39251821256575536, -0.4, -9.837853349440447, -14.0, -14.0, -1.0, 0.0, 0.0, -1.0, 0.0, 0.0, 0.015130744598636836];6.832706000001053
[30.058111363545464, 1032.105658792252, 119.47608660776382];True;False;[0.0, 7.25, 1.4500000000000002, 0.0, 0.0, 10.65780682186987, 0.5, 0.5, 4880.385589121094, 10500.0, 10500.0, 0.0, 3.0, 0.0, 0.025, 0.0023125651975251164, 0.0, 0.0, 0.05, 0.5, 0.5, 0.05, 0.5, 0.5, 0.0008307369036996221, 0.0, 0.0, 0.05, 0.5, 0.5, 0.05, 0.5, 0.5, 0.0, 0.0, 0.0, 0.030000000000000002, 0.255, 0.0, 0.0, 0.0];[0.28394051281998234, -1.487658200247684, -7.276626098959004, 0.6492706611742007, -0.4, -4.342193178130129, -14.0, -14.0, -1.0, 0.0, 0.0, -1.0, 0.0, 0.0, 0.03950820204122685];12.765712200001872
[36.52908700257721, 1022.5207506030754, 119.19344527416484];True;False;[0.0, 7.25, 1.4500000000000002, 0.0, 0.0, 4.9819229802744065, 0.5, 0.5, 4886.459498930366, 10500.0, 10500.0, 0.0, 3.0, 0.0, 0.025, 0.0043355618124279755, 0.0, 0.0, 0.05, 0.5, 0.5, 0.05, 0.5, 0.5, 0.0033454209533457816, 0.0, 0.0, 0.05, 0.5, 0.5, 0.05, 0.5, 0.5, 0.0, 0.0, 0.0, 0.030000000000000002, 0.255, 0.0, 0.0, 0.0];[0.5320210742274263, -1.4237527138167478, -12.051385733100128, 0.37675471040142594, -0.4, -10.018077019725594, -14.0, -14.0, -1.0, 0.0, 0.0, -1.0, 0.0, 0.0, 0.012910241565303848];6.153696000001219
[30.11693470244927, 1031.0472942711003, 119.48268321421682];True;False;[0.0, 7.25, 1.4500000000000002, 0.0, 0.0, 10.57789027944835, 0.5, 0.5, 4880.411551197637, 10500.0, 10500.0, 0.0, 3.0, 0.0, 0.025, 0.0016215243696046464, 0.0, 0.0, 0.05, 0.5, 0.5, 0.05, 0.5, 0.5, 0.0008877816437190666, 0.0, 0.0, 0.05, 0.5, 0.5, 0.05, 0.5, 0.5, 0.0, 0.0, 0.0, 0.030000000000000002, 0.255, 0.0, 0.0, 0.0];[0.2843945144622744, -1.487541249545753, -7.354530052382862, 0.6473146437262269, -0.4, -4.422109720551649, -14.0, -14.0, -1.0, 0.0, 0.0, -1.0, 0.0, 0.0, 0.039457006929906835];26.245153100004245
[36.87010620452254, 1031.1525372288054, 119.07483074959421];True;False;[0.0, 7.25, 1.4500000000000002, 0.0, 0.0, 4.773100877475967, 0.5, 0.5, 4885.8647405676475, 10500.0, 10500.0, 0.0, 3.0, 0.0, 0.025, 0.015806420019016793, 0.0, 0.0, 0.05, 0.5, 0.5, 0.05, 0.5, 0.5, 0.0007763059226634128, 0.0, 0.0, 0.05, 0.5, 0.5, 0.05, 0.5, 0.5, 0.0, 0.0, 0.0, 0.030000000000000002, 0.255, 0.0, 0.0, 0.0];[0.5662866177677071, -1.4149259189427859, -12.197054880368302, 0.3560234172732861, -0.4, -10.226899122524033, -14.0, -14.0, -1.0, 0.0, 0.0, -1.0, 0.0, 0.0, 0.009441202100982427];23.629759900002682
[1e+30, 1e+30, 1e+30];False;False;[0.0, 7.25, 1.4500000000000002, 0.0, 0.0, 10.533044421948258, 0.5, 0.5, 4885.829967473409, 10500.0, 10500.0, 0.0, 3.0, 0.0, 0.025, 0.006842958068420317, 0.0, 0.0, 0.05, 0.5, 0.5, 0.05, 0.5, 0.5, 0.01851209924726266, 0.0, 0.0, 0.05, 0.5, 0.5, 0.05, 0.5, 0.5, 0.0, 0.0, 0.0, 0.030000000000000002, 0.255, 0.0, 0.0, 0.0];[1e+30, 1e+30, 1e+30, 1e+30, 1e+30, 1e+30, 1e+30, 1e+30, 1e+30, 1e+30, 1e+30, 1e+30, 1e+30, 1e+30, 1e+30];32.293145900002855
[36.023445247092795, 1018.5570558900472, 119.25574593743887];True;False;[0.0, 7.25, 1.4500000000000002, 0.0, 0.0, 5.227073563056067, 0.5, 0.5, 4885.853072840076, 10500.0, 10500.0, 0.0, 3.0, 0.0, 0.025, 0.00404552509841663, 0.0, 0.0, 0.05, 0.5, 0.5, 0.05, 0.5, 0.5, 0.001944714204407862, 0.0, 0.0, 0.05, 0.5, 0.5, 0.05, 0.5, 0.5, 0.0, 0.0, 0.0, 0.030000000000000002, 0.255, 0.0, 0.0, 0.0];[0.5062735870921253, -1.4303852596334021, -11.877584974250123, 0.39725414374344403, -0.4, -9.772926436943933, -14.0, -14.0, -1.0, 0.0, 0.0, -1.0, 0.0, 0.0, 0.015548161690229101];8.007743000001938
[1e+30, 1e+30, 1e+30];False;False;[0.0, 7.25, 1.4500000000000002, 0.0, 0.0, 10.658275575357589, 0.5, 0.5, 4885.829967473409, 10500.0, 10500.0, 0.0, 3.0, 0.0, 0.025, 0.0016215243696046464, 0.0, 0.0, 0.05, 0.5, 0.5, 0.05, 0.5, 0.5, 0.01848651957484858, 0.0, 0.0, 0.05, 0.5, 0.5, 0.05, 0.5, 0.5, 0.0, 0.0, 0.0, 0.030000000000000002, 0.255, 0.0, 0.0, 0.0];[1e+30, 1e+30, 1e+30, 1e+30, 1e+30, 1e+30, 1e+30, 1e+30, 1e+30, 1e+30, 1e+30, 1e+30, 1e+30, 1e+30, 1e+30];34.15078849999554
[36.11107767735874, 1022.8480187564894, 119.19707226719493];True;False;[0.0, 7.25, 1.4500000000000002, 0.0, 0.0, 5.141612716528901, 0.5, 0.5, 4885.8647405676475, 10500.0, 10500.0, 0.0, 3.0, 0.0, 0.025, 0.00369335759232829, 0.0, 0.0, 0.05, 0.5, 0.5, 0.05, 0.5, 0.5, 0.007783253513517639, 0.0, 0.0, 0.05, 0.5, 0.5, 0.05, 0.5, 0.5, 0.0, 0.0, 0.0, 0.030000000000000002, 0.255, 0.0, 0.0, 0.0];[0.5215683323388074, -1.4264453373384847, -11.938514219101076, 0.3888182564638707, -0.4, -9.8583872834711, -14.0, -14.0, -1.0, 0.0, 0.0, -1.0, 0.0, 0.0, 0.013977899717560138];6.200089500001923
[30.11312142436998, 1031.2404828470303, 119.48018255774181];True;False;[0.0, 7.25, 1.4500000000000002, 0.0, 0.0, 10.578359032936067, 0.5, 0.5, 4880.2611829941, 10500.0, 10500.0, 0.0, 3.0, 0.0, 0.025, 0.0016215243696046464, 0.0, 0.0, 0.05, 0.5, 0.5, 0.05, 0.5, 0.5, 0.0011799737700441473, 0.0, 0.0, 0.05, 0.5, 0.5, 0.05, 0.5, 0.5, 0.0, 0.0, 0.0, 0.030000000000000002, 0.255, 0.0, 0.0, 0.0];[0.28477939081951664, -1.4874421054988127, -7.354073978670118, 0.6471725091040506, -0.4, -4.421640967063933, -14.0, -14.0, -1.0, 0.0, 0.0, -1.0, 0.0, 0.0, 0.039413614281938014];21.854118900002504
[35.92875855698441, 1027.3995835660057, 119.14072785421719];True;False;[0.0, 7.25, 1.4500000000000002, 0.0, 0.0, 5.165081266696345, 0.5, 0.5, 4886.459498930366, 10500.0, 10500.0, 0.0, 3.0, 0.0, 0.025, 0.016117318195488974, 0.0, 0.0, 0.05, 0.5, 0.5, 0.05, 0.5, 0.5, 0.003182576573925652, 0.0, 0.0, 0.05, 0.5, 0.5, 0.05, 0.5, 0.5, 0.0, 0.0, 0.0, 0.030000000000000002, 0.255, 0.0, 0.0, 0.0];[0.5299720034164688, -1.4242805539109586, -11.921818683573434, 0.38836633469851023, -0.4, -9.834918733303656, -14.0, -14.0, -1.0, 0.0, 0.0, -1.0, 0.0, 0.0, 0.013119186943909011];6.930414300004486
[35.728330615592, 1036.7796124098186, 119.02108335407814];True;False;[0.0, 7.25, 1.4500000000000002, 0.0, 0.0, 5.14357489875574, 0.5, 0.5, 4885.8647405676475, 10500.0, 10500.0, 0.0, 3.0, 0.0, 0.025, 0.015591006713340183, 0.0, 0.0, 0.05, 0.5, 0.5, 0.05, 0.5, 0.5, 0.018362051096005184, 0.0, 0.0, 0.05, 0.5, 0.5, 0.05, 0.5, 0.5, 0.0, 0.0, 0.0, 0.030000000000000002, 0.255, 0.0, 0.0, 0.0];[0.5520242222710658, -1.4185999082175222, -11.93711937677175, 0.38219169781333195, -0.4, -9.856425101244259, -14.0, -14.0, -1.0, 0.0, 0.0, -1.0, 0.0, 0.0, 0.01087940817184807];5.638383199999225
[35.99438338490477, 1027.6368220303834, 119.13618584061712];True;False;[0.0, 7.25, 1.4500000000000002, 0.0, 0.0, 5.13552222419304, 0.5, 0.5, 4886.454082576216, 10500.0, 10500.0, 0.0, 3.0, 0.0, 0.025, 0.015795534147815524, 0.0, 0.0, 0.05, 0.5, 0.5, 0.05, 0.5, 0.5, 0.0033454209533457816, 0.0, 0.0, 0.05, 0.5, 0.5, 0.05, 0.5, 0.5, 0.0, 0.0, 0.0, 0.030000000000000002, 0.255, 0.0, 0.0, 0.0];[0.5325306991633232, -1.4236214345692297, -11.942842497285207, 0.38604470282942516, -0.4, -9.86447777580696, -14.0, -14.0, -1.0, 0.0, 0.0, -1.0, 0.0, 0.0, 0.012858301127261718];5.799502599998959
[35.85679214471282, 1025.1270140593358, 119.17239454077604];True;False;[0.0, 7.25, 1.4500000000000002, 0.0, 0.0, 5.221060505838689, 0.5, 0.5, 4886.50943198212, 10500.0, 10500.0, 0.0, 3.0, 0.0, 0.025, 0.01585797335809103, 0.0, 0.0, 0.05, 0.5, 0.5, 0.05, 0.5, 0.5, 0.000734126502576744, 0.0, 0.0, 0.05, 0.5, 0.5, 0.05, 0.5, 0.5, 0.0, 0.0, 0.0, 0.030000000000000002, 0.255, 0.0, 0.0, 0.0];[0.5211523941562879, -1.426552482903322, -11.881883910563275, 0.3936124054295853, -0.4, -9.77893949416131, -14.0, -14.0, -1.0, 0.0, 0.0, -1.0, 0.0, 0.0, 0.014020476205318655];6.960906599997543
[1e+30, 1e+30, 1e+30];False;False;[0.0, 7.25, 1.4500000000000002, 0.0, 0.0, 5.452823749963599, 0.5, 0.5, 4880.411551197637, 10500.0, 10500.0, 0.0, 3.0, 0.0, 0.025, 0.0016215243696046464, 0.0, 0.0, 0.05, 0.5, 0.5, 0.05, 0.5, 0.5, 0.0008290213748145597, 0.0, 0.0, 0.05, 0.5, 0.5, 0.05, 0.5, 0.5, 0.0, 0.0, 0.0, 0.030000000000000002, 0.255, 0.0, 0.0, 0.0];[1e+30, 1e+30, 1e+30, 1e+30, 1e+30, 1e+30, 1e+30, 1e+30, 1e+30, 1e+30, 1e+30, 1e+30, 1e+30, 1e+30, 1e+30];29.339552999997977
[36.332654575120884, 1029.5671447101342, 119.1041274607272];True;False;[0.0, 7.25, 1.4500000000000002, 0.0, 0.0, 4.9819229802744065, 0.5, 0.5, 4886.459498930366, 10500.0, 10500.0, 0.0, 3.0, 0.0, 0.025, 0.015795534147815524, 0.0, 0.0, 0.05, 0.5, 0.5, 0.05, 0.5, 0.5, 0.0033454209533457816, 0.0, 0.0, 0.05, 0.5, 0.5, 0.05, 0.5, 0.5, 0.0, 0.0, 0.0, 0.030000000000000002, 0.255, 0.0, 0.0, 0.0];[0.5475635959041201, -1.4197489643795596, -12.051385733100087, 0.37340561625494084, -0.4, -10.018077019725594, -14.0, -14.0, -1.0, 0.0, 0.0, -1.0, 0.0, 0.0, 0.011330881861109976];6.764997999998741
[36.447190956649564, 1019.529070759269, 119.23450420607398];True;False;[0.0, 7.25, 1.4500000000000002, 0.0, 0.0, 5.0451199328908345, 0.5, 0.5, 4887.502180877927, 10500.0, 10500.0, 0.0, 3.0, 0.0, 0.025, 0.002391962857247182, 0.0, 0.0, 0.05, 0.5, 0.5, 0.05, 0.5, 0.5, 0.0017316235008626047, 0.0, 0.0, 0.05, 0.5, 0.5, 0.05, 0.5, 0.5, 0.0, 0.0, 0.0, 0.030000000000000002, 0.255, 0.0, 0.0, 0.0];[0.5209457669032576, -1.426605710028576, -12.006869703768109, 0.3830863843654939, -0.4, -9.954880067109166, -14.0, -14.0, -1.0, 0.0, 0.0, -1.0, 0.0, 0.0, 0.014041629717810977];5.950977300002705
[30.144051637518317, 1038.5770922192037, 119.36920015703849];True;False;[0.0, 7.25, 1.4500000000000002, 0.0, 0.0, 10.186906052955958, 0.5, 0.5, 4886.459498930366, 10500.0, 10500.0, 0.0, 3.0, 0.0, 0.025, 0.015795534147815524, 0.0, 0.0, 0.05, 0.5, 0.5, 0.05, 0.5, 0.5, 0.0033454209533457816, 0.0, 0.0, 0.05, 0.5, 0.5, 0.05, 0.5, 0.5, 0.0, 0.0, 0.0, 0.030000000000000002, 0.255, 0.0, 0.0, 0.0];[0.3132655645529585, -1.4801040747451573, -7.7313392252488935, 0.6292287460596377, -0.4, -4.813093947044042, -14.0, -14.0, -1.0, 0.0, 0.0, -1.0, 0.0, 0.0, 0.03622122239652392];22.343108999994
[30.62533994497933, 1040.9295517773528, 119.27199892654505];True;False;[0.0, 7.25, 1.4500000000000002, 0.0, 0.0, 9.227263952885604, 0.5, 0.5, 4885.829967473409, 10500.0, 10500.0, 0.0, 3.0, 0.0, 0.025, 0.01541634797915745, 0.0, 0.0, 0.05, 0.5, 0.5, 0.05, 0.5, 0.5, 0.01851209924726266, 0.0, 0.0, 0.05, 0.5, 0.5, 0.05, 0.5, 0.5, 0.0, 0.0, 0.0, 0.030000000000000002, 0.255, 0.0, 0.0, 0.0];[0.35314163927978726, -1.4698320085344256, -8.625619086360008, 0.592982004855001, -0.4, -5.772736047114396, -14.0, -14.0, -1.0, 0.0, 0.0, -1.0, 0.0, 0.0, 0.03181533459771846];25.777239399998507
[36.106635149826054, 1023.0087454727607, 119.19503586059517];True;False;[0.0, 7.25, 1.4500000000000002, 0.0, 0.0, 5.141612716528901, 0.5, 0.5, 4885.8647405676475, 10500.0, 10500.0, 0.0, 3.0, 0.0, 0.025, 0.00395691947140621, 0.0, 0.0, 0.05, 0.5, 0.5, 0.05, 0.5, 0.5, 0.007783253513517639, 0.0, 0.0, 0.05, 0.5, 0.5, 0.05, 0.5, 0.5, 0.0, 0.0, 0.0, 0.030000000000000002, 0.255, 0.0, 0.0, 0.0];[0.5219225868178521, -1.4263540814791882, -11.93851421910108, 0.3887404184674119, -0.4, -9.8583872834711, -14.0, -14.0, -1.0, 0.0, 0.0, -1.0, 0.0, 0.0, 0.013941642891617256];6.127944699997897
[35.73646681847341, 1036.6534183735585, 119.02256169471278];True;False;[0.0, 7.25, 1.4500000000000002, 0.0, 0.0, 5.141612716528901, 0.5, 0.5, 4885.860998217476, 10500.0, 10500.0, 0.0, 3.0, 0.0, 0.025, 0.015353873582727625, 0.0, 0.0, 0.05, 0.5, 0.5, 0.05, 0.5, 0.5, 0.018362051096005184, 0.0, 0.0, 0.05, 0.5, 0.5, 0.05, 0.5, 0.5, 0.0, 0.0, 0.0, 0.030000000000000002, 0.255, 0.0, 0.0, 0.0];[0.5518841862846342, -1.4186359814502705, -11.938514153717227, 0.382106819234453, -0.4, -9.8583872834711, -14.0, -14.0, -1.0, 0.0, 0.0, -1.0, 0.0, 0.0, 0.010893569522196889];5.785723200002394
[36.10560216870803, 1023.0461266955882, 119.19456227557092];True;False;[0.0, 7.25, 1.4500000000000002, 0.0, 0.0, 5.141612716528901, 0.5, 0.5, 4885.8647405676475, 10500.0, 10500.0, 0.0, 3.0, 0.0, 0.025, 0.004018199906629142, 0.0, 0.0, 0.05, 0.5, 0.5, 0.05, 0.5, 0.5, 0.007783253513517639, 0.0, 0.0, 0.05, 0.5, 0.5, 0.05, 0.5, 0.5, 0.0, 0.0, 0.0, 0.030000000000000002, 0.255, 0.0, 0.0, 0.0];[0.5220049735619883, -1.4263328586758812, -11.938514219101082, 0.3887223157040194, -0.4, -9.8583872834711, -14.0, -14.0, -1.0, 0.0, 0.0, -1.0, 0.0, 0.0, 0.0139332116019526];6.134113899999647
[35.72799936839967, 1036.9701052335581, 119.01859124687661];True;False;[0.0, 7.25, 1.4500000000000002, 0.0, 0.0, 5.141612716528901, 0.5, 0.5, 4885.8647405676475, 10500.0, 10500.0, 0.0, 3.0, 0.0, 0.025, 0.01585797335809103, 0.0, 0.0, 0.05, 0.5, 0.5, 0.05, 0.5, 0.5, 0.018362051096005184, 0.0, 0.0, 0.05, 0.5, 0.5, 0.05, 0.5, 0.5, 0.0, 0.0, 0.0, 0.030000000000000002, 0.255, 0.0, 0.0, 0.0];[0.5525769635466782, -1.418457522212399, -11.938514219101064, 0.381954062192142, -0.4, -9.8583872834711, -14.0, -14.0, -1.0, 0.0, 0.0, -1.0, 0.0, 0.0, 0.010823519040859098];6.006674899996142
[36.111328601920924, 1015.9042730474963, 119.28924902504292];True;False;[0.0, 7.25, 1.4500000000000002, 0.0, 0.0, 5.221060505838689, 0.5, 0.5, 4880.446324291875, 10500.0, 10500.0, 0.0, 3.0, 0.0, 0.025, 0.0007708183509665817, 0.0, 0.0, 0.05, 0.5, 0.5, 0.05, 0.5, 0.5, 0.000734126502576744, 0.0, 0.0, 0.05, 0.5, 0.5, 0.05, 0.5, 0.5, 0.0, 0.0, 0.0, 0.030000000000000002, 0.255, 0.0, 0.0, 0.0];[0.5008221177399408, -1.4317895566840797, -11.8818839105633, 0.3981170730621244, -0.4, -9.77893949416131, -14.0, -14.0, -1.0, 0.0, 0.0, -1.0, 0.0, 0.0, 0.016110168283717474];8.614896299994143
[35.85718644440377, 1025.1125681081628, 119.17257695592455];True;False;[0.0, 7.25, 1.4500000000000002, 0.0, 0.0, 5.221060505838689, 0.5, 0.5, 4880.416041303652, 10500.0, 10500.0, 0.0, 3.0, 0.0, 0.025, 0.015834659631618897, 0.0, 0.0, 0.05, 0.5, 0.5, 0.05, 0.5, 0.5, 0.000734126502576744, 0.0, 0.0, 0.05, 0.5, 0.5, 0.05, 0.5, 0.5, 0.0, 0.0, 0.0, 0.030000000000000002, 0.255, 0.0, 0.0, 0.0];[0.5211206299294568, -1.4265606653596825, -11.88188391056329, 0.39361945207521987, -0.4, -9.77893949416131, -14.0, -14.0, -1.0, 0.0, 0.0, -1.0, 0.0, 0.0, 0.014023727962090615];7.000981199998932
[36.176664291899435, 1017.9184171326973, 119.26109797224072];True;False;[0.0, 7.25, 1.4500000000000002, 0.0, 0.0, 5.1707125411880925, 0.5, 0.5, 4885.987635169713, 10500.0, 10500.0, 0.0, 3.0, 0.0, 0.025, 0.002199739752252409, 0.0, 0.0, 0.05, 0.5, 0.5, 0.05, 0.5, 0.5, 0.001733500208181582, 0.0, 0.0, 0.05, 0.5, 0.5, 0.05, 0.5, 0.5, 0.0, 0.0, 0.0, 0.030000000000000002, 0.255, 0.0, 0.0, 0.0];[0.5086940361588352, -1.4297617525995974, -11.917808497194708, 0.3933903077804335, -0.4, -9.829287458811908, -14.0, -14.0, -1.0, 0.0, 0.0, -1.0, 0.0, 0.0, 0.015299023280539559];6.718827400000009
[29.911736760672714, 1040.8086000428611, 119.3713955052138];True;False;[0.0, 7.25, 1.4500000000000002, 0.0, 0.0, 10.57789027944835, 0.5, 0.5, 4880.411551197637, 10500.0, 10500.0, 0.0, 3.0, 0.0, 0.025, 0.016765258763658496, 0.0, 0.0, 0.05, 0.5, 0.5, 0.05, 0.5, 0.5, 0.0008877816437190666, 0.0, 0.0, 0.05, 0.5, 0.5, 0.05, 0.5, 0.5, 0.0, 0.0, 0.0, 0.030000000000000002, 0.255, 0.0, 0.0, 0.0];[0.3045763228810374, -1.4823424210815634, -7.354530052382822, 0.6409717380093212, -0.4, -4.422109720551649, -14.0, -14.0, -1.0, 0.0, 0.0, -1.0, 0.0, 0.0, 0.03719099693602412];20.8023577999993
[36.068297325718135, 1026.23214551442, 119.15274219645534];True;False;[0.0, 7.25, 1.4500000000000002, 0.0, 0.0, 5.121511169271045, 0.5, 0.5, 4885.8647405676475, 10500.0, 10500.0, 0.0, 3.0, 0.0, 0.025, 0.015806420019016793, 0.0, 0.0, 0.05, 0.5, 0.5, 0.05, 0.5, 0.5, 0.0007763059226634128, 0.0, 0.0, 0.05, 0.5, 0.5, 0.05, 0.5, 0.5, 0.0, 0.0, 0.0, 0.030000000000000002, 0.255, 0.0, 0.0, 0.0];[0.5304103042515953, -1.4241676477327703, -11.952792571658065, 0.3856333095107891, -0.4, -9.878488830728955, -14.0, -14.0, -1.0, 0.0, 0.0, -1.0, 0.0, 0.0, 0.013074478748245189];5.832655500002147
[36.104082669094396, 1023.1011209869456, 119.1938655645436];True;False;[0.0, 7.25, 1.4500000000000002, 0.0, 0.0, 5.141612716528901, 0.5, 0.5, 4885.8647405676475, 10500.0, 10500.0, 0.0, 3.0, 0.0, 0.025, 0.004108341891226223, 0.0, 0.0, 0.05, 0.5, 0.5, 0.05, 0.5, 0.5, 0.007783253513517639, 0.0, 0.0, 0.05, 0.5, 0.5, 0.05, 0.5, 0.5, 0.0, 0.0, 0.0, 0.030000000000000002, 0.255, 0.0, 0.0, 0.0];[0.5221261757657807, -1.426301637020518, -11.938514219101076, 0.38869568240704266, -0.4, -9.8583872834711, -14.0, -14.0, -1.0, 0.0, 0.0, -1.0, 0.0, 0.0, 0.013920808520931582];5.271030500000052
[36.16081485239217, 1019.2416072178117, 119.24385573382489];True;False;[0.0, 7.25, 1.4500000000000002, 0.0, 0.0, 5.162109085054627, 0.5, 0.5, 4885.856683158845, 10500.0, 10500.0, 0.0, 3.0, 0.0, 0.025, 0.004018199906629142, 0.0, 0.0, 0.05, 0.5, 0.5, 0.05, 0.5, 0.5, 0.0019387541381122144, 0.0, 0.0, 0.05, 0.5, 0.5, 0.05, 0.5, 0.5, 0.0, 0.0, 0.0, 0.030000000000000002, 0.255, 0.0, 0.0, 0.0];[0.5122048192163655, -1.428857375820641, -11.923934617342256, 0.3921035525026937, -0.4, -9.837890914945373, -14.0, -14.0, -1.0, 0.0, 0.0, -1.0, 0.0, 0.0, 0.01493808370488936];6.309084000000439
[36.134560878111664, 1021.9961045312859, 119.20787197356472];True;False;[0.0, 7.25, 1.4500000000000002, 0.0, 0.0, 5.141650282033828, 0.5, 0.5, 4885.865302025648, 10500.0, 10500.0, 0.0, 3.0, 0.0, 0.025, 0.002391962857247182, 0.0, 0.0, 0.05, 0.5, 0.5, 0.05, 0.5, 0.5, 0.007687133687356396, 0.0, 0.0, 0.05, 0.5, 0.5, 0.05, 0.5, 0.5, 0.0, 0.0, 0.0, 0.030000000000000002, 0.255, 0.0, 0.0, 0.0];[0.5196875407500876, -1.4269298287499388, -11.93848751698897, 0.3892337076896786, -0.4, -9.858349717966172, -14.0, -14.0, -1.0, 0.0, 0.0, -1.0, 0.0, 0.0, 0.014170478499149874];6.016119199994137
[35.55666388865909, 1036.4032785476656, 119.03051706050206];True;False;[0.0, 7.25, 1.4500000000000002, 0.0, 0.0, 5.21954523060543, 0.5, 0.5, 4885.64511841348, 10500.0, 10500.0, 0.0, 3.0, 0.0, 0.025, 0.015834659631618897, 0.0, 0.0, 0.05, 0.5, 0.5, 0.05, 0.5, 0.5, 0.018851899694401847, 0.0, 0.0, 0.05, 0.5, 0.5, 0.05, 0.5, 0.5, 0.0, 0.0, 0.0, 0.030000000000000002, 0.255, 0.0, 0.0, 0.0];[0.5459747748667398, -1.4201582442548932, -11.882966946870932, 0.3880101632937403, -0.4, -9.78045476939457, -14.0, -14.0, -1.0, 0.0, 0.0, -1.0, 0.0, 0.0, 0.011491884105158112];6.322943899998791
[35.720591033548175, 1037.2473754159173, 119.01511577884807];True;False;[0.0, 7.25, 1.4500000000000002, 0.0, 0.0, 5.141612716528901, 0.5, 0.5, 4885.8647405676475, 10500.0, 10500.0, 0.0, 3.0, 0.0, 0.025, 0.016061703352671878, 0.0, 0.0, 0.05, 0.5, 0.5, 0.05, 0.5, 0.5, 0.01859798644744791, 0.0, 0.0, 0.05, 0.5, 0.5, 0.05, 0.5, 0.5, 0.0, 0.0, 0.0, 0.030000000000000002, 0.255, 0.0, 0.0, 0.0];[0.5531834169143846, -1.418301299986677, -11.938514219101062, 0.3818203286234392, -0.4, -9.8583872834711, -14.0, -14.0, -1.0, 0.0, 0.0, -1.0, 0.0, 0.0, 0.010762213005065302];5.840695200000482
[36.021310523319464, 1026.0167638512985, 119.15702186131946];True;False;[0.0, 7.25, 1.4500000000000002, 0.0, 0.0, 5.142630805770919, 0.5, 0.5, 4885.8647405676475, 10500.0, 10500.0, 0.0, 3.0, 0.0, 0.025, 0.015857934709957874, 0.0, 0.0, 0.05, 0.5, 0.5, 0.05, 0.5, 0.5, 0.0007763059226634128, 0.0, 0.0, 0.05, 0.5, 0.5, 0.05, 0.5, 0.5, 0.0, 0.0, 0.0, 0.030000000000000002, 0.255, 0.0, 0.0, 0.0];[0.5284765561138931, -1.424665780737127, -11.937790521373019, 0.38736055633707456, -0.4, -9.857369194229081, -14.0, -14.0, -1.0, 0.0, 0.0, -1.0, 0.0, 0.0, 0.013271786383416084];6.518271699998877
[36.16065932422113, 1019.2429285619323, 119.24384139903721];True;False;[0.0, 7.25, 1.4500000000000002, 0.0, 0.0, 5.162157618681268, 0.5, 0.5, 4885.86419309056, 10500.0, 10500.0, 0.0, 3.0, 0.0, 0.025, 0.004018199906629142, 0.0, 0.0, 0.05, 0.5, 0.5, 0.05, 0.5, 0.5, 0.0019418249440356342, 0.0, 0.0, 0.05, 0.5, 0.5, 0.05, 0.5, 0.5, 0.0, 0.0, 0.0, 0.030000000000000002, 0.255, 0.0, 0.0, 0.0];[0.5122044127116832, -1.428857480536141, -11.923900069184612, 0.39210654324457583, -0.4, -9.837842381318733, -14.0, -14.0, -1.0, 0.0, 0.0, -1.0, 0.0, 0.0, 0.014938125467900298];6.176993499997479
[30.11693470244927, 1031.0472942711003, 119.48268321421682];True;False;[0.0, 7.25, 1.4500000000000002, 0.0, 0.0, 10.57789027944835, 0.5, 0.5, 4880.411551197637, 10500.0, 10500.0, 0.0, 3.0, 0.0, 0.025, 0.0016215243696046464, 0.0, 0.0, 0.05, 0.5, 0.5, 0.05, 0.5, 0.5, 0.0008877816437190666, 0.0, 0.0, 0.05, 0.5, 0.5, 0.05, 0.5, 0.5, 0.0, 0.0, 0.0, 0.030000000000000002, 0.255, 0.0, 0.0, 0.0];[0.2843945144622744, -1.487541249545753, -7.354530052382862, 0.6473146437262269, -0.4, -4.422109720551649, -14.0, -14.0, -1.0, 0.0, 0.0, -1.0, 0.0, 0.0, 0.039457006929906835];21.73777390000032
[35.77381583119141, 1037.1862282949846, 119.01473909485462];True;False;[0.0, 7.25, 1.4500000000000002, 0.0, 0.0, 5.120493080029027, 0.5, 0.5, 4885.8647405676475, 10500.0, 10500.0, 0.0, 3.0, 0.0, 0.025, 0.01580645866714995, 0.0, 0.0, 0.05, 0.5, 0.5, 0.05, 0.5, 0.5, 0.018362051096005184, 0.0, 0.0, 0.05, 0.5, 0.5, 0.05, 0.5, 0.5, 0.0, 0.0, 0.0, 0.030000000000000002, 0.255, 0.0, 0.0, 0.0];[0.5545175152924813, -1.4179576366004247, -11.953515194099722, 0.3802743979190861, -0.4, -9.879506919970973, -14.0, -14.0, -1.0, 0.0, 0.0, -1.0, 0.0, 0.0, 0.010627401514576307];5.793325300001015
[36.19411877321947, 1017.2932657080357, 119.26904463799539];True;False;[0.0, 7.25, 1.4500000000000002, 0.0, 0.0, 5.1707125411880925, 0.5, 0.5, 5611.052275951205, 10500.0, 10500.0, 0.0, 3.0, 0.0, 0.025, 0.002199739752252409, 0.0, 0.0, 0.05, 0.5, 0.5, 0.05, 0.5, 0.5, 0.0007023078861876354, 0.0, 0.0, 0.05, 0.5, 0.5, 0.05, 0.5, 0.5, 0.0, 0.0, 0.0, 0.030000000000000002, 0.255, 0.0, 0.0, 0.0];[0.507312744988031, -1.430117572836664, -11.91780849719469, 0.39369439534834805, -0.4, -9.829287458811908, -14.0, -14.0, -1.0, 0.0, 0.0, -1.0, 0.0, 0.0, 0.015441170980796448];5.87147879999975
[35.85718644440386, 1025.1125681081671, 119.17257695592458];True;False;[0.0, 7.25, 1.4500000000000002, 0.0, 0.0, 5.221060505838689, 0.5, 0.5, 4880.4462973960435, 10500.0, 10500.0, 0.0, 3.0, 0.0, 0.025, 0.015834659631618897, 0.0, 0.0, 0.05, 0.5, 0.5, 0.05, 0.5, 0.5, 0.000734126502576744, 0.0, 0.0, 0.05, 0.5, 0.5, 0.05, 0.5, 0.5, 0.0, 0.0, 0.0, 0.030000000000000002, 0.255, 0.0, 0.0, 0.0];[0.5211206299294631, -1.426560665359677, -11.881883910563289, 0.3936194520752143, -0.4, -9.77893949416131, -14.0, -14.0, -1.0, 0.0, 0.0, -1.0, 0.0, 0.0, 0.01402372796208784];6.937590199995611
[1e+30, 1e+30, 1e+30];False;False;[0.0, 7.25, 1.4500000000000002, 0.0, 0.0, 10.787195125617952, 0.5, 0.5, 4885.828827775563, 10500.0, 10500.0, 0.0, 3.0, 0.0, 0.025, 0.0016215243696046464, 0.0, 0.0, 0.05, 0.5, 0.5, 0.05, 0.5, 0.5, 0.01851209924726266, 0.0, 0.0, 0.05, 0.5, 0.5, 0.05, 0.5, 0.5, 0.0, 0.0, 0.0, 0.030000000000000002, 0.255, 0.0, 0.0, 0.0];[1e+30, 1e+30, 1e+30, 1e+30, 1e+30, 1e+30, 1e+30, 1e+30, 1e+30, 1e+30, 1e+30, 1e+30, 1e+30, 1e+30, 1e+30];34.54240559999744
[35.91219990679189, 1030.1333039726169, 119.10499619893224];True;False;[0.0, 7.25, 1.4500000000000002, 0.0, 0.0, 5.141292507306096, 0.5, 0.5, 4880.478542652895, 10500.0, 10500.0, 0.0, 3.0, 0.0, 0.025, 0.015329932713694379, 0.0, 0.0, 0.05, 0.5, 0.5, 0.05, 0.5, 0.5, 0.007964427848835874, 0.0, 0.0, 0.05, 0.5, 0.5, 0.05, 0.5, 0.5, 0.0, 0.0, 0.0, 0.030000000000000002, 0.255, 0.0, 0.0, 0.0];[0.5376167575841357, -1.4223112672769855, -11.938741825650741, 0.3852697547832695, -0.4, -9.858707492693904, -14.0, -14.0, -1.0, 0.0, 0.0, -1.0, 0.0, 0.0, 0.01234051118677082];6.124614799999108
[35.85679214471314, 1025.1270140593463, 119.17239454077597];True;False;[0.0, 7.25, 1.4500000000000002, 0.0, 0.0, 5.221060505838689, 0.5, 0.5, 4880.416068199484, 10500.0, 10500.0, 0.0, 3.0, 0.0, 0.025, 0.01585797335809103, 0.0, 0.0, 0.05, 0.5, 0.5, 0.05, 0.5, 0.5, 0.000734126502576744, 0.0, 0.0, 0.05, 0.5, 0.5, 0.05, 0.5, 0.5, 0.0, 0.0, 0.0, 0.030000000000000002, 0.255, 0.0, 0.0, 0.0];[0.5211523941563145, -1.4265524829033194, -11.88188391056327, 0.39361240542956977, -0.4, -9.77893949416131, -14.0, -14.0, -1.0, 0.0, 0.0, -1.0, 0.0, 0.0, 0.01402047620531821];7.199773600004846
[35.858498420306404, 1025.0645048649003, 119.17318388493521];True;False;[0.0, 7.25, 1.4500000000000002, 0.0, 0.0, 5.221060505838689, 0.5, 0.5, 4886.050405281158, 10500.0, 10500.0, 0.0, 3.0, 0.0, 0.025, 0.015834659631618897, 0.0, 0.0, 0.05, 0.5, 0.5, 0.05, 0.5, 0.5, 0.0006556129003964092, 0.0, 0.0, 0.05, 0.5, 0.5, 0.05, 0.5, 0.5, 0.0, 0.0, 0.0, 0.030000000000000002, 0.255, 0.0, 0.0, 0.0];[0.5210149451121024, -1.4265878897404336, -11.881883910563298, 0.39364289723895096, -0.4, -9.77893949416131, -14.0, -14.0, -1.0, 0.0, 0.0, -1.0, 0.0, 0.0, 0.014034547388918073];7.6679909999947995
[35.98654214410602, 1025.729230172479, 119.1615628344478];True;False;[0.0, 7.25, 1.4500000000000002, 0.0, 0.0, 5.160094954086944, 0.5, 0.5, 5624.4987824772925, 10500.0, 10500.0, 0.0, 3.0, 0.0, 0.025, 0.015795534147815524, 0.0, 0.0, 0.05, 0.5, 0.5, 0.05, 0.5, 0.5, 0.0006944931155183972, 0.0, 0.0, 0.05, 0.5, 0.5, 0.05, 0.5, 0.5, 0.0, 0.0, 0.0, 0.030000000000000002, 0.255, 0.0, 0.0, 0.0];[0.5266415128643338, -1.4251384873886215, -11.925368251706622, 0.38880470165069103, -0.4, -9.839905045913056, -14.0, -14.0, -1.0, 0.0, 0.0, -1.0, 0.0, 0.0, 0.013459163168565769];6.825508399997489
[35.8471023750317, 1025.4821750302733, 119.16791038738208];True;False;[0.0, 7.25, 1.4500000000000002, 0.0, 0.0, 5.221060505838689, 0.5, 0.5, 4880.4115716958695, 10500.0, 10500.0, 0.0, 3.0, 0.0, 0.025, 0.016276838865685657, 0.0, 0.0, 0.05, 0.5, 0.5, 0.05, 0.5, 0.5, 0.0008900658125140192, 0.0, 0.0, 0.05, 0.5, 0.5, 0.05, 0.5, 0.5, 0.0, 0.0, 0.0, 0.030000000000000002, 0.255, 0.0, 0.0, 0.0];[0.5219332551693165, -1.4263513333147027, -11.88188391056326, 0.3934391693254431, -0.4, -9.77893949416131, -14.0, -14.0, -1.0, 0.0, 0.0, -1.0, 0.0, 0.0, 0.013940551098918008];6.704829000002064
[36.54116120508507, 1021.0850677888884, 119.2122623797429];True;False;[0.0, 7.25, 1.4500000000000002, 0.0, 0.0, 4.992540567375556, 0.5, 0.5, 4873.012992404279, 10500.0, 10500.0, 0.0, 3.0, 0.0, 0.025, 0.002199739752252409, 0.0, 0.0, 0.05, 0.5, 0.5, 0.05, 0.5, 0.5, 0.0033532409125871564, 0.0, 0.0, 0.05, 0.5, 0.5, 0.05, 0.5, 0.5, 0.0, 0.0, 0.0, 0.030000000000000002, 0.255, 0.0, 0.0, 0.0];[0.5280934239813355, -1.4247644754722473, -12.04392067946582, 0.3782716609251986, -0.4, -10.007459432624444, -14.0, -14.0, -1.0, 0.0, 0.0, -1.0, 0.0, 0.0, 0.013310896817033235];6.850989999999001
[36.319636969742284, 1029.5211787195083, 119.10496751593544];True;False;[0.0, 7.25, 1.4500000000000002, 0.0, 0.0, 4.987336755414864, 0.5, 0.5, 4886.459498930366, 10500.0, 10500.0, 0.0, 3.0, 0.0, 0.025, 0.015795534147815524, 0.0, 0.0, 0.05, 0.5, 0.5, 0.05, 0.5, 0.5, 0.003389976180326392, 0.0, 0.0, 0.05, 0.5, 0.5, 0.05, 0.5, 0.5, 0.0, 0.0, 0.0, 0.030000000000000002, 0.255, 0.0, 0.0, 0.0];[0.5470763828106353, -1.4198744703424546, -12.047580101703504, 0.37384755359648336, -0.4, -10.012663244585136, -14.0, -14.0, -1.0, 0.0, 0.0, -1.0, 0.0, 0.0, 0.011380242536846552];6.306005400001595
[35.71771141642419, 1037.3551997629565, 119.01376444273833];True;False;[0.0, 7.25, 1.4500000000000002, 0.0, 0.0, 5.141612716528901, 0.5, 0.5, 4880.167814206359, 10500.0, 10500.0, 0.0, 3.0, 0.0, 0.025, 0.01623313609175162, 0.0, 0.0, 0.05, 0.5, 0.5, 0.05, 0.5, 0.5, 0.01859798644744791, 0.0, 0.0, 0.05, 0.5, 0.5, 0.05, 0.5, 0.5, 0.0, 0.0, 0.0, 0.030000000000000002, 0.255, 0.0, 0.0, 0.0];[0.5534192290414621, -1.41824055484566, -11.938514219101053, 0.3817683252050672, -0.4, -9.8583872834711, -14.0, -14.0, -1.0, 0.0, 0.0, -1.0, 0.0, 0.0, 0.01073837886061546];6.309137600001122
[1e+30, 1e+30, 1e+30];False;False;[0.0, 7.25, 1.4500000000000002, 0.0, 0.0, 10.57789027944835, 0.5, 0.5, 4880.262768873354, 10500.0, 10500.0, 0.0, 3.0, 0.0, 0.025, 0.0016215243696046464, 0.0, 0.0, 0.05, 0.5, 0.5, 0.05, 0.5, 0.5, 0.007813170489220653, 0.0, 0.0, 0.05, 0.5, 0.5, 0.05, 0.5, 0.5, 0.0, 0.0, 0.0, 0.030000000000000002, 0.255, 0.0, 0.0, 0.0];[1e+30, 1e+30, 1e+30, 1e+30, 1e+30, 1e+30, 1e+30, 1e+30, 1e+30, 1e+30, 1e+30, 1e+30, 1e+30, 1e+30, 1e+30];35.01150439999765
[30.067350835190904, 1031.669523546927, 119.48106521612738];True;False;[0.0, 7.25, 1.4500000000000002, 0.0, 0.0, 10.65780682186987, 0.5, 0.5, 4880.641654809989, 10500.0, 10500.0, 0.0, 3.0, 0.0, 0.025, 0.0016380916032204, 0.0, 0.0, 0.05, 0.5, 0.5, 0.05, 0.5, 0.5, 0.0008203043692715287, 0.0, 0.0, 0.05, 0.5, 0.5, 0.05, 0.5, 0.5, 0.0, 0.0, 0.0, 0.030000000000000002, 0.255, 0.0, 0.0, 0.0];[0.2830373641609665, -1.487890851101285, -7.276626098958853, 0.6495552886199258, -0.4, -4.342193178130129, -14.0, -14.0, -1.0, 0.0, 0.0, -1.0, 0.0, 0.0, 0.03961007373322856];16.346324800004368
[37.188694669971454, 1024.2723449289024, 119.16084740821378];True;False;[0.0, 7.25, 1.4500000000000002, 0.0, 0.0, 4.731819168206177, 0.5, 0.5, 4885.627060424747, 10500.0, 10500.0, 0.0, 3.0, 0.0, 0.025, 0.002375395623631429, 0.0, 0.0, 0.05, 0.5, 0.5, 0.05, 0.5, 0.5, 0.0018531572463021044, 0.0, 0.0, 0.05, 0.5, 0.5, 0.05, 0.5, 0.5, 0.0, 0.0, 0.0, 0.030000000000000002, 0.255, 0.0, 0.0, 0.0];[0.5541550764129584, -1.418051000759079, -12.225592394501216, 0.3558137509975907, -0.4, -10.268180831793824, -14.0, -14.0, -1.0, 0.0, 0.0, -1.0, 0.0, 0.0, 0.010664019153019955];20.866803799995978
[1e+30, 1e+30, 1e+30];False;False;[0.0, 7.25, 1.4500000000000002, 0.0, 0.0, 10.600145244385548, 0.5, 0.5, 4880.41165982034, 10500.0, 10500.0, 0.0, 3.0, 0.0, 0.025, 0.015282812254811966, 0.0, 0.0, 0.05, 0.5, 0.5, 0.05, 0.5, 0.5, 0.003128346152333233, 0.0, 0.0, 0.05, 0.5, 0.5, 0.05, 0.5, 0.5, 0.0, 0.0, 0.0, 0.030000000000000002, 0.255, 0.0, 0.0, 0.0];[1e+30, 1e+30, 1e+30, 1e+30, 1e+30, 1e+30, 1e+30, 1e+30, 1e+30, 1e+30, 1e+30, 1e+30, 1e+30, 1e+30, 1e+30];30.97109089999867
[1e+30, 1e+30, 1e+30];False;False;[0.0, 7.25, 1.4500000000000002, 0.0, 0.0, 10.65780682186987, 0.5, 0.5, 4880.411551197637, 10500.0, 10500.0, 0.0, 3.0, 0.0, 0.025, 0.0016215243696046464, 0.0, 0.0, 0.05, 0.5, 0.5, 0.05, 0.5, 0.5, 0.018428368892478023, 0.0, 0.0, 0.05, 0.5, 0.5, 0.05, 0.5, 0.5, 0.0, 0.0, 0.0, 0.030000000000000002, 0.255, 0.0, 0.0, 0.0];[1e+30, 1e+30, 1e+30, 1e+30, 1e+30, 1e+30, 1e+30, 1e+30, 1e+30, 1e+30, 1e+30, 1e+30, 1e+30, 1e+30, 1e+30];35.078198399998655
[1e+30, 1e+30, 1e+30];False;False;[0.0, 7.25, 1.4500000000000002, 0.0, 0.0, 10.442816715142149, 0.5, 0.5, 4880.446324291875, 10500.0, 10500.0, 0.0, 3.0, 0.0, 0.025, 0.01585797335809103, 0.0, 0.0, 0.05, 0.5, 0.5, 0.05, 0.5, 0.5, 0.000734126502576744, 0.0, 0.0, 0.05, 0.5, 0.5, 0.05, 0.5, 0.5, 0.0, 0.0, 0.0, 0.030000000000000002, 0.255, 0.0, 0.0, 0.0];[1e+30, 1e+30, 1e+30, 1e+30, 1e+30, 1e+30, 1e+30, 1e+30, 1e+30, 1e+30, 1e+30, 1e+30, 1e+30, 1e+30, 1e+30];28.179398799999035
[36.11811705690105, 1022.6219705369831, 119.19992046321201];True;False;[0.0, 7.25, 1.4500000000000002, 0.0, 0.0, 5.141292507306096, 0.5, 0.5, 4880.478542652895, 10500.0, 10500.0, 0.0, 3.0, 0.0, 0.025, 0.003094366882611964, 0.0, 0.0, 0.05, 0.5, 0.5, 0.05, 0.5, 0.5, 0.008003561603517995, 0.0, 0.0, 0.05, 0.5, 0.5, 0.05, 0.5, 0.5, 0.0, 0.0, 0.0, 0.030000000000000002, 0.255, 0.0, 0.0, 0.0];[0.5210921062275009, -1.4265680130576994, -11.938741825650737, 0.3889037032622398, -0.4, -9.858707492693904, -14.0, -14.0, -1.0, 0.0, 0.0, -1.0, 0.0, 0.0, 0.014026648015997734];6.120196800002304
[36.136528472468505, 1020.1108321020762, 119.23282361023723];True;False;[0.0, 7.25, 1.4500000000000002, 0.0, 0.0, 5.162157618681268, 0.5, 0.5, 4872.975170574924, 10500.0, 10500.0, 0.0, 3.0, 0.0, 0.025, 0.004018199906629142, 0.0, 0.0, 0.05, 0.5, 0.5, 0.05, 0.5, 0.5, 0.003367718255121112, 0.0, 0.0, 0.05, 0.5, 0.5, 0.05, 0.5, 0.5, 0.0, 0.0, 0.0, 0.030000000000000002, 0.255, 0.0, 0.0, 0.0];[0.5141201461520613, -1.4283639881130143, -11.923900069184633, 0.39168497909736666, -0.4, -9.837842381318733, -14.0, -14.0, -1.0, 0.0, 0.0, -1.0, 0.0, 0.0, 0.01474138423355964];6.066790400000173
[35.92390408688012, 1027.259811624173, 119.14268087964908];True;False;[0.0, 7.25, 1.4500000000000002, 0.0, 0.0, 5.168662334732347, 0.5, 0.5, 5570.262715242834, 10500.0, 10500.0, 0.0, 3.0, 0.0, 0.025, 0.015795534147815524, 0.0, 0.0, 0.05, 0.5, 0.5, 0.05, 0.5, 0.5, 0.0033454209533457816, 0.0, 0.0, 0.05, 0.5, 0.5, 0.05, 0.5, 0.5, 0.0, 0.0, 0.0, 0.030000000000000002, 0.255, 0.0, 0.0, 0.0];[0.5294188082703144, -1.424423056833021, -11.919268689406106, 0.3887004500384381, -0.4, -9.831337665267654, -14.0, -14.0, -1.0, 0.0, 0.0, -1.0, 0.0, 0.0, 0.013175625879390362];6.730985800000781
[1e+30, 1e+30, 1e+30];False;False;[0.0, 7.25, 1.4500000000000002, 0.0, 0.0, 4.938961692669185, 0.5, 0.5, 4880.411551197637, 10500.0, 10500.0, 0.0, 3.0, 0.0, 0.025, 0.0016207390109646805, 0.0, 0.0, 0.05, 0.5, 0.5, 0.05, 0.5, 0.5, 0.0008877816437190666, 0.0, 0.0, 0.05, 0.5, 0.5, 0.05, 0.5, 0.5, 0.0, 0.0, 0.0, 0.030000000000000002, 0.255, 0.0, 0.0, 0.0];[1e+30, 1e+30, 1e+30, 1e+30, 1e+30, 1e+30, 1e+30, 1e+30, 1e+30, 1e+30, 1e+30, 1e+30, 1e+30, 1e+30, 1e+30];38.81064930000139
[1e+30, 1e+30, 1e+30];False;False;[0.0, 7.25, 1.4500000000000002, 0.0, 0.0, 10.607072973005458, 0.5, 0.5, 4885.854394259116, 10500.0, 10500.0, 0.0, 3.0, 0.0, 0.025, 0.001064271978820511, 0.0, 0.0, 0.05, 0.5, 0.5, 0.05, 0.5, 0.5, 0.0009497943375169522, 0.0, 0.0, 0.05, 0.5, 0.5, 0.05, 0.5, 0.5, 0.0, 0.0, 0.0, 0.030000000000000002, 0.255, 0.0, 0.0, 0.0];[1e+30, 1e+30, 1e+30, 1e+30, 1e+30, 1e+30, 1e+30, 1e+30, 1e+30, 1e+30, 1e+30, 1e+30, 1e+30, 1e+30, 1e+30];31.9797763999959
[1e+30, 1e+30, 1e+30];False;False;[0.0, 7.25, 1.4500000000000002, 0.0, 0.0, 10.610651534557036, 0.5, 0.5, 4885.743989758443, 10500.0, 10500.0, 0.0, 3.0, 0.0, 0.025, 0.01589483565311425, 0.0, 0.0, 0.05, 0.5, 0.5, 0.05, 0.5, 0.5, 0.018507376195287036, 0.0, 0.0, 0.05, 0.5, 0.5, 0.05, 0.5, 0.5, 0.0, 0.0, 0.0, 0.030000000000000002, 0.255, 0.0, 0.0, 0.0];[1e+30, 1e+30, 1e+30, 1e+30, 1e+30, 1e+30, 1e+30, 1e+30, 1e+30, 1e+30, 1e+30, 1e+30, 1e+30, 1e+30, 1e+30];28.368511599997873
[36.160661899938525, 1019.242836018878, 119.2438425742199];True;False;[0.0, 7.25, 1.4500000000000002, 0.0, 0.0, 5.162157618681268, 0.5, 0.5, 4885.86419309056, 10500.0, 10500.0, 0.0, 3.0, 0.0, 0.025, 0.004018199906629142, 0.0, 0.0, 0.05, 0.5, 0.5, 0.05, 0.5, 0.5, 0.0019416727095732148, 0.0, 0.0, 0.05, 0.5, 0.5, 0.05, 0.5, 0.5, 0.0, 0.0, 0.0, 0.030000000000000002, 0.255, 0.0, 0.0, 0.0];[0.512204208391859, -1.42885753316887, -11.923900069184624, 0.39210658820073196, -0.4, -9.837842381318733, -14.0, -14.0, -1.0, 0.0, 0.0, -1.0, 0.0, 0.0, 0.014938146459075874];6.80076349999581
[35.78105395876247, 1037.6583700157933, 119.00837245937879];True;False;[0.0, 7.25, 1.4500000000000002, 0.0, 0.0, 5.112430023454539, 0.5, 0.5, 4880.421897506168, 10500.0, 10500.0, 0.0, 3.0, 0.0, 0.025, 0.01643752441074026, 0.0, 0.0, 0.05, 0.5, 0.5, 0.05, 0.5, 0.5, 0.01832807807094032, 0.0, 0.0, 0.05, 0.5, 0.5, 0.05, 0.5, 0.5, 0.0, 0.0, 0.0, 0.030000000000000002, 0.255, 0.0, 0.0, 0.0];[0.556112484108481, -1.4175467730589502, -11.959236383125338, 0.3794424408073058, -0.4, -9.88756997654546, -14.0, -14.0, -1.0, 0.0, 0.0, -1.0, 0.0, 0.0, 0.010466322269485628];6.137713700001768
[36.19411877321947, 1017.2932657080357, 119.26904463799539];True;False;[0.0, 7.25, 1.4500000000000002, 0.0, 0.0, 5.1707125411880925, 0.5, 0.5, 5611.052275951205, 10500.0, 10500.0, 0.0, 3.0, 0.0, 0.025, 0.002199739752252409, 0.0, 0.0, 0.05, 0.5, 0.5, 0.05, 0.5, 0.5, 0.0007023078861876354, 0.0, 0.0, 0.05, 0.5, 0.5, 0.05, 0.5, 0.5, 0.0, 0.0, 0.0, 0.030000000000000002, 0.255, 0.0, 0.0, 0.0];[0.507312744988031, -1.430117572836664, -11.91780849719469, 0.39369439534834805, -0.4, -9.829287458811908, -14.0, -14.0, -1.0, 0.0, 0.0, -1.0, 0.0, 0.0, 0.015441170980796448];6.66722899999877
[36.17933292676416, 1017.3417060641611, 119.26870497347423];True;False;[0.0, 7.25, 1.4500000000000002, 0.0, 0.0, 5.1762209916027935, 0.5, 0.5, 5611.052275951205, 10500.0, 10500.0, 0.0, 3.0, 0.0, 0.025, 0.002199739752252409, 0.0, 0.0, 0.05, 0.5, 0.5, 0.05, 0.5, 0.5, 0.0008831857908912431, 0.0, 0.0, 0.05, 0.5, 0.5, 0.05, 0.5, 0.5, 0.0, 0.0, 0.0, 0.030000000000000002, 0.255, 0.0, 0.0, 0.0];[0.5070437293149759, -1.430186871202265, -11.91388424392487, 0.3940825324704569, -0.4, -9.823779008397207, -14.0, -14.0, -1.0, 0.0, 0.0, -1.0, 0.0, 0.0, 0.015468864318625153];6.26727750000282
[35.77575238225254, 1037.8566161486053, 119.00588673170617];True;False;[0.0, 7.25, 1.4500000000000002, 0.0, 0.0, 5.112430023454539, 0.5, 0.5, 3649.046884331995, 10500.0, 10500.0, 0.0, 3.0, 0.0, 0.025, 0.01643752441074026, 0.0, 0.0, 0.05, 0.5, 0.5, 0.05, 0.5, 0.5, 0.018641425095991534, 0.0, 0.0, 0.05, 0.5, 0.5, 0.05, 0.5, 0.5, 0.0, 0.0, 0.0, 0.030000000000000002, 0.255, 0.0, 0.0, 0.0];[0.5565461342461111, -1.4174350648991938, -11.95923638312538, 0.3793470652715547, -0.4, -9.88756997654546, -14.0, -14.0, -1.0, 0.0, 0.0, -1.0, 0.0, 0.0, 0.010422544602866624];5.645547300002363
[1e+30, 1e+30, 1e+30];False;False;[0.0, 7.25, 1.4500000000000002, 0.0, 0.0, 10.572381829303053, 0.5, 0.5, 4880.411551197637, 10500.0, 10500.0, 0.0, 3.0, 0.0, 0.025, 0.0016215243696046464, 0.0, 0.0, 0.05, 0.5, 0.5, 0.05, 0.5, 0.5, 0.000706903739015459, 0.0, 0.0, 0.05, 0.5, 0.5, 0.05, 0.5, 0.5, 0.0, 0.0, 0.0, 0.030000000000000002, 0.255, 0.0, 0.0, 0.0];[1e+30, 1e+30, 1e+30, 1e+30, 1e+30, 1e+30, 1e+30, 1e+30, 1e+30, 1e+30, 1e+30, 1e+30, 1e+30, 1e+30, 1e+30];38.64009869999427
[36.19678154445922, 1017.9480774247551, 119.2602916792062];True;False;[0.0, 7.25, 1.4500000000000002, 0.0, 0.0, 5.162146650559554, 0.5, 0.5, 4880.327719019338, 10500.0, 10500.0, 0.0, 3.0, 0.0, 0.025, 0.002391962857247182, 0.0, 0.0, 0.05, 0.5, 0.5, 0.05, 0.5, 0.5, 0.001432749636872557, 0.0, 0.0, 0.05, 0.5, 0.5, 0.05, 0.5, 0.5, 0.0, 0.0, 0.0, 0.030000000000000002, 0.255, 0.0, 0.0, 0.0];[0.5093453324756689, -1.4295939788421375, -11.923907876738374, 0.3927348568660829, -0.4, -9.837853349440447, -14.0, -14.0, -1.0, 0.0, 0.0, -1.0, 0.0, 0.0, 0.015232026031662071];6.543749399999797
[36.19360716203329, 1017.3115762340531, 119.26881183055471];True;False;[0.0, 7.25, 1.4500000000000002, 0.0, 0.0, 5.1707125411880925, 0.5, 0.5, 4872.366716686057, 10500.0, 10500.0, 0.0, 3.0, 0.0, 0.025, 0.002230021842951111, 0.0, 0.0, 0.05, 0.5, 0.5, 0.05, 0.5, 0.5, 0.0007023078861876354, 0.0, 0.0, 0.05, 0.5, 0.5, 0.05, 0.5, 0.5, 0.0, 0.0, 0.0, 0.030000000000000002, 0.255, 0.0, 0.0, 0.0];[0.50735320938026, -1.4301071492200237, -11.917808497194699, 0.3936854879449545, -0.4, -9.829287458811908, -14.0, -14.0, -1.0, 0.0, 0.0, -1.0, 0.0, 0.0, 0.01543700570368578];6.59398610000062
[30.116934542695134, 1031.047301766292, 119.48268312874927];True;False;[0.0, 7.25, 1.4500000000000002, 0.0, 0.0, 10.57789027944835, 0.5, 0.5, 4880.411551197637, 10500.0, 10500.0, 0.0, 3.0, 0.0, 0.025, 0.0016215361645052246, 0.0, 0.0, 0.05, 0.5, 0.5, 0.05, 0.5, 0.5, 0.0008877816437190666, 0.0, 0.0, 0.05, 0.5, 0.5, 0.05, 0.5, 0.5, 0.0, 0.0, 0.0, 0.030000000000000002, 0.255, 0.0, 0.0, 0.0];[0.2843945299997568, -1.4875412455433048, -7.354530052382829, 0.647314638868753, -0.4, -4.422109720551649, -14.0, -14.0, -1.0, 0.0, 0.0, -1.0, 0.0, 0.0, 0.03945700517800388];21.816010999995342
[35.962667250844845, 1026.418043743647, 119.15296749293898];True;False;[0.0, 7.25, 1.4500000000000002, 0.0, 0.0, 5.162157618681268, 0.5, 0.5, 4885.86886066932, 10500.0, 10500.0, 0.0, 3.0, 0.0, 0.025, 0.015706815716679996, 0.0, 0.0, 0.05, 0.5, 0.5, 0.05, 0.5, 0.5, 0.0019460554744419266, 0.0, 0.0, 0.05, 0.5, 0.5, 0.05, 0.5, 0.5, 0.0, 0.0, 0.0, 0.030000000000000002, 0.255, 0.0, 0.0, 0.0];[0.5280149151642961, -1.424784699322574, -11.923900069184633, 0.3886245113837521, -0.4, -9.837842381318733, -14.0, -14.0, -1.0, 0.0, 0.0, -1.0, 0.0, 0.0, 0.013318911795503152];6.125106400002551
[36.16168120336515, 1019.2062021689695, 119.24430779261198];True;False;[0.0, 7.25, 1.4500000000000002, 0.0, 0.0, 5.162157765232244, 0.5, 0.5, 4885.8572446168455, 10500.0, 10500.0, 0.0, 3.0, 0.0, 0.025, 0.004060045041343265, 0.0, 0.0, 0.05, 0.5, 0.5, 0.05, 0.5, 0.5, 0.0018396066457692871, 0.0, 0.0, 0.05, 0.5, 0.5, 0.05, 0.5, 0.5, 0.0, 0.0, 0.0, 0.030000000000000002, 0.255, 0.0, 0.0, 0.0];[0.5121233160364245, -1.4288783710180544, -11.923899964863654, 0.39212439548326716, -0.4, -9.837842234767756, -14.0, -14.0, -1.0, 0.0, 0.0, -1.0, 0.0, 0.0, 0.014946457220196718];6.547510500000499
[36.055889682054286, 1017.8956321075962, 119.26395157768778];True;False;[0.0, 7.25, 1.4500000000000002, 0.0, 0.0, 5.221060505838689, 0.5, 0.5, 4886.045737702397, 10500.0, 10500.0, 0.0, 3.0, 0.0, 0.025, 0.004146046372271407, 0.0, 0.0, 0.05, 0.5, 0.5, 0.05, 0.5, 0.5, 0.000651230143355855, 0.0, 0.0, 0.05, 0.5, 0.5, 0.05, 0.5, 0.5, 0.0, 0.0, 0.0, 0.030000000000000002, 0.255, 0.0, 0.0, 0.0];[0.5052204793536603, -1.4306565399058606, -11.88188391055497, 0.39714346989873506, -0.4, -9.77893949416131, -14.0, -14.0, -1.0, 0.0, 0.0, -1.0, 0.0, 0.0, 0.015656633986476876];8.57860829999845
[36.188817962275806, 1018.2334213358793, 119.25666509076805];True;False;[0.0, 7.25, 1.4500000000000002, 0.0, 0.0, 5.162146504008577, 0.5, 0.5, 4885.86419309056, 10500.0, 10500.0, 0.0, 3.0, 0.0, 0.025, 0.0023501177225330886, 0.0, 0.0, 0.05, 0.5, 0.5, 0.05, 0.5, 0.5, 0.0019446976625257487, 0.0, 0.0, 0.05, 0.5, 0.5, 0.05, 0.5, 0.5, 0.0, 0.0, 0.0, 0.030000000000000002, 0.255, 0.0, 0.0, 0.0];[0.509975732292328, -1.429431588017557, -11.923907981059276, 0.39259618506419813, -0.4, -9.837853495991423, -14.0, -14.0, -1.0, 0.0, 0.0, -1.0, 0.0, 0.0, 0.015167194944227691];6.638531599994167
[35.85679214471254, 1025.1270140593251, 119.17239454077615];True;False;[0.0, 7.25, 1.4500000000000002, 0.0, 0.0, 5.221060505838689, 0.5, 0.5, 4880.446458129605, 10500.0, 10500.0, 0.0, 3.0, 0.0, 0.025, 0.01585797335809103, 0.0, 0.0, 0.05, 0.5, 0.5, 0.05, 0.5, 0.5, 0.000734126502576744, 0.0, 0.0, 0.05, 0.5, 0.5, 0.05, 0.5, 0.5, 0.0, 0.0, 0.0, 0.030000000000000002, 0.255, 0.0, 0.0, 0.0];[0.5211523941562692, -1.4265524829033316, -11.8818839105633, 0.3936124054296015, -0.4, -9.77893949416131, -14.0, -14.0, -1.0, 0.0, 0.0, -1.0, 0.0, 0.0, 0.014020476205323096];7.754225000004226
[35.89416515015523, 1033.4629356087403, 119.06105876108354];True;False;[0.0, 7.25, 1.4500000000000002, 0.0, 0.0, 5.1122984484598994, 0.5, 0.5, 3649.046884331995, 10500.0, 10500.0, 0.0, 3.0, 0.0, 0.025, 0.001694923505246657, 0.0, 0.0, 0.05, 0.5, 0.5, 0.05, 0.5, 0.5, 0.026200986090474374, 0.0, 0.0, 0.05, 0.5, 0.5, 0.05, 0.5, 0.5, 0.0, 0.0, 0.0, 0.030000000000000002, 0.255, 0.0, 0.0, 0.0];[0.5469335613432467, -1.419911261114345, -11.959329715964914, 0.3814521883281867, -0.4, -9.8877015515401, -14.0, -14.0, -1.0, 0.0, 0.0, -1.0, 0.0, 0.0, 0.01139471391352187];6.007225099994685
[36.1966704318936, 1017.9520571821467, 119.26024109322981];True;False;[0.0, 7.25, 1.4500000000000002, 0.0, 0.0, 5.162146650559554, 0.5, 0.5, 4880.513736855785, 10500.0, 10500.0, 0.0, 3.0, 0.0, 0.025, 0.0023985386223692217, 0.0, 0.0, 0.05, 0.5, 0.5, 0.05, 0.5, 0.5, 0.001432749636872557, 0.0, 0.0, 0.05, 0.5, 0.5, 0.05, 0.5, 0.5, 0.0, 0.0, 0.0, 0.030000000000000002, 0.255, 0.0, 0.0, 0.0];[0.5093541253448057, -1.4295917138013967, -11.923907876738365, 0.3927329228553442, -0.4, -9.837853349440447, -14.0, -14.0, -1.0, 0.0, 0.0, -1.0, 0.0, 0.0, 0.015231121650047474];6.8868685999987065
[36.1607730328351, 1019.2388431412057, 119.24389327892032];True;False;[0.0, 7.25, 1.4500000000000002, 0.0, 0.0, 5.162157618681268, 0.5, 0.5, 4885.678175254113, 10500.0, 10500.0, 0.0, 3.0, 0.0, 0.025, 0.004011624141507108, 0.0, 0.0, 0.05, 0.5, 0.5, 0.05, 0.5, 0.5, 0.0019416727095732148, 0.0, 0.0, 0.05, 0.5, 0.5, 0.05, 0.5, 0.5, 0.0, 0.0, 0.0, 0.030000000000000002, 0.255, 0.0, 0.0, 0.0];[0.5121953927657552, -1.4288598040718008, -11.92390006918464, 0.39210852788699513, -0.4, -9.837842381318733, -14.0, -14.0, -1.0, 0.0, 0.0, -1.0, 0.0, 0.0, 0.014939052150455878];6.516542900004424
[29.51231863347102, 1046.8918382366232, 119.3477269384704];True;False;[0.0, 7.25, 1.4500000000000002, 0.0, 0.0, 11.225843709941078, 0.5, 0.5, 4880.416559198002, 10500.0, 10500.0, 0.0, 3.0, 0.0, 0.025, 0.015329908242387167, 0.0, 0.0, 0.05, 0.5, 0.5, 0.05, 0.5, 0.5, 0.0031963545449667156, 0.0, 0.0, 0.05, 0.5, 0.5, 0.05, 0.5, 0.5, 0.0, 0.0, 0.0, 0.030000000000000002, 0.255, 0.0, 0.0, 0.0];[0.2960547707700423, -1.4845375706318158, -6.714259006312298, 0.6576976860010983, -0.4, -3.7741562900589223, -14.0, -14.0, -1.0, 0.0, 0.0, -1.0, 0.0, 0.0, 0.03814546916220651];8.159079800003383
[36.209954491026025, 1017.4765276187725, 119.266286506948];True;False;[0.0, 7.25, 1.4500000000000002, 0.0, 0.0, 5.162146650559554, 0.5, 0.5, 4880.513736855785, 10500.0, 10500.0, 0.0, 3.0, 0.0, 0.025, 0.0016122731169537223, 0.0, 0.0, 0.05, 0.5, 0.5, 0.05, 0.5, 0.5, 0.001432749636872557, 0.0, 0.0, 0.05, 0.5, 0.5, 0.05, 0.5, 0.5, 0.0, 0.0, 0.0, 0.030000000000000002, 0.255, 0.0, 0.0, 0.0];[0.5083033554625755, -1.4298623918427207, -11.923907876738378, 0.3929640273862174, -0.4, -9.837853349440447, -14.0, -14.0, -1.0, 0.0, 0.0, -1.0, 0.0, 0.0, 0.015339220003243614];6.351624900002207
[37.18855819842404, 1024.2770924599256, 119.1607867978953];True;False;[0.0, 7.25, 1.4500000000000002, 0.0, 0.0, 4.731819168206177, 0.5, 0.5, 4880.575035224513, 10500.0, 10500.0, 0.0, 3.0, 0.0, 0.025, 0.002391962857247182, 0.0, 0.0, 0.05, 0.5, 0.5, 0.05, 0.5, 0.5, 0.0018444402407251773, 0.0, 0.0, 0.05, 0.5, 0.5, 0.05, 0.5, 0.5, 0.0, 0.0, 0.0, 0.030000000000000002, 0.255, 0.0, 0.0, 0.0];[0.554165600171034, -1.418048289841811, -12.225592394501207, 0.3558115541792113, -0.4, -10.268180831793824, -14.0, -14.0, -1.0, 0.0, 0.0, -1.0, 0.0, 0.0, 0.010662955850981759];20.275277300002926
[29.520603186152883, 1046.6232006062955, 119.35024826703341];True;False;[0.0, 7.25, 1.4500000000000002, 0.0, 0.0, 11.218640999904183, 0.5, 0.5, 4880.416619824517, 10500.0, 10500.0, 0.0, 3.0, 0.0, 0.025, 0.0148631566043879, 0.0, 0.0, 0.05, 0.5, 0.5, 0.05, 0.5, 0.5, 0.0033521228223076073, 0.0, 0.0, 0.05, 0.5, 0.5, 0.05, 0.5, 0.5, 0.0, 0.0, 0.0, 0.030000000000000002, 0.255, 0.0, 0.0, 0.0];[0.2957322336727177, -1.484620656102043, -6.721484484782824, 0.6576521274668259, -0.4, -3.781359000095817, -14.0, -14.0, -1.0, 0.0, 0.0, -1.0, 0.0, 0.0, 0.0381816621498734];7.799564000000828
[30.10816531597641, 1031.3048888067506, 119.48022944032414];True;False;[0.0, 7.25, 1.4500000000000002, 0.0, 0.0, 10.585092989485245, 0.5, 0.5, 4880.411490571123, 10500.0, 10500.0, 0.0, 3.0, 0.0, 0.025, 0.0020900406380795133, 0.0, 0.0, 0.05, 0.5, 0.5, 0.05, 0.5, 0.5, 0.0007320187511408462, 0.0, 0.0, 0.05, 0.5, 0.5, 0.05, 0.5, 0.5, 0.0, 0.0, 0.0, 0.030000000000000002, 0.255, 0.0, 0.0, 0.0];[0.2846891235237141, -1.4874653583301305, -7.347521035975368, 0.6473857927685078, -0.4, -4.414907010514755, -14.0, -14.0, -1.0, 0.0, 0.0, -1.0, 0.0, 0.0, 0.039423790785997004];23.526616499999363
[29.877082081542454, 1042.4694167347777, 119.35255268046183];True;False;[0.0, 7.25, 1.4500000000000002, 0.0, 0.0, 10.578359032936067, 0.5, 0.5, 4885.795761481726, 10500.0, 10500.0, 0.0, 3.0, 0.0, 0.025, 0.0016215243696046464, 0.0, 0.0, 0.05, 0.5, 0.5, 0.05, 0.5, 0.5, 0.01851209924726266, 0.0, 0.0, 0.05, 0.5, 0.5, 0.05, 0.5, 0.5, 0.0, 0.0, 0.0, 0.030000000000000002, 0.255, 0.0, 0.0, 0.0];[0.3079838973840676, -1.4814646307987231, -7.354073978670125, 0.63991018637561, -0.4, -4.421640967063933, -14.0, -14.0, -1.0, 0.0, 0.0, -1.0, 0.0, 0.0, 0.0368102722115915];21.06776720000198
