eval_id;objectives;is_valid;is_feasible;variables;constraints;evaluation_time;algorithm_time
1;[22.47648644784285, 1729.70927375375, 116.69824599441992];True;False;[0.0, 7.25, 1.4500000000000002, 0.0, 2.0, 27.456816323280236, 0.7407663511673817, 0.6791585185813729, 2928.4478161785883, 10461.984931107685, 9808.651551607558, 0.0, 3.0, 0.0, 0.025, 0.057747306635110886, 0.15095597383105797, 0.0295598144671676, 0.056166467306937695, 0.35392546674794634, 0.2626035575562512, 0.0008583105724357721, 0.3333333333333333, 0.3333333333333333, 0.05252817475725738, 0.3333333333333333, 0.3333333333333333, 0.023364685312844982, 0.3333333333333333, 0.3333333333333333, 0.036962641873107376, 0.3333333333333333, 0.3333333333333333, 0.0, 0.0, 0.0, 0.030000000000000002, 0.255, 0.0, 1.0, 0.0];[1.7383343810388991, -1.3269452186976096, 21.16325910016866, 0.6722806539232487, -0.15923364883261837, -11.98317540892546, -11.983175408925462, -11.983175408925462, -0.8194842117017744, -0.38347097569580246, -0.33333333333333337, -0.33333333333333337, -0.33333333333333337, -0.33333333333333337, 0.000611178302982629];41.25174479999987;
2;[nan, nan, nan];False;False;[0.0, 7.25, 1.4500000000000002, 0.0, 1.0, 2.198184827134246, 0.3326507337970557, 0.5, 4298.358405852671, 15058.027917726802, 10500.0, 0.0, 3.0, 0.0, 0.025, 0.08919169271493926, 0.5468772636972921, 0.0, 0.04345484544896594, 0.7178896080402848, 0.0, 0.05, 0.5, 0.5, 0.09212246741461809, 0.8998189025267416, 0.0, 0.0823798343553672, 0.656944423814225, 0.0, 0.05, 0.5, 0.5, 0.0, 0.0, 0.0, 0.030000000000000002, 0.255, 0.0, 1.0, 0.0];[nan, nan, nan, nan, nan, nan, nan, nan, nan, nan, nan, nan, nan, nan, nan];78.11088960000052;
3;[nan, nan, nan];False;False;[1.0, 7.973966088448532, 1.7929955792779222, 0.0, 2.0, 59.55569352912343, 0.28936136181428185, 0.34524760391703657, 8714.395456230799, 1860.2918299253006, 17449.649534752854, 1.0, 3.662076705901808, 1.0, 0.005393053366044881, 0.023455267218808508, 0.3333333333333333, 0.3333333333333333, 0.027143078680586265, 0.3333333333333333, 0.3333333333333333, 0.02412810708815031, 0.3333333333333333, 0.3333333333333333, 0.06602008517828291, 0.5686443298770201, 0.32892437777680905, 0.08856928818619185, 0.15542513093918953, 0.378315903790336, 0.0524731908399037, 0.3333333333333333, 0.3333333333333333, 0.0, 1.0, 2.0, 0.037494478353094364, 0.39987938481580076, 109.0, 1.0, 1.0];[nan, nan, nan, nan, nan, nan, nan, nan, nan, nan, nan, nan, nan, nan, nan];325.70445109999855;
4;[14.590843167030977, 4278.590975147885, 107.04893721049066];True;False;[1.0, 5.049659388210988, 1.2341388976369592, 0.0, 1.0, 33.97156570143573, 0.8430236966244626, 0.5, 4479.7182042113445, 13422.28146048508, 10500.0, 1.0, 4.912066772077081, 0.0, 0.025, 0.013925458053632567, 0.2129532981917781, 0.0, 0.0013796999879557626, 0.872697155495315, 0.0, 0.05, 0.5, 0.5, 0.017685943167169583, 0.7852252308830954, 0.0, 0.054918624933629506, 0.2168123841959454, 0.0, 0.05, 0.5, 0.5, 0.0, 1.0, 1.0, 0.032132776611487744, 0.3395680421836395, 147.0, 0.0, 0.0];[0.654022844012947, 0.11635806327239795, 28.076526296575295, -1.1102230246251565e-16, -0.056976303375537385, -12.736018263967157, -2.84153906571032, -14.0, -0.7870467018082219, -0.127302844504685, 0.0, -0.21477476911690463, -0.7831876158040546, 0.0, -0.14255098896253737];51.343530599995574;
5;[14.479337881230467, 2506.3404132168084, 107.45387813629087];True;False;[1.0, 2.249176080612329, 1.5547855545594413, 0.0, 0.0, 46.528491198210055, 0.5, 0.5, 6179.833249055125, 10500.0, 10500.0, 0.0, 3.0, 0.0, 0.025, 0.033601896711885716, 0.0, 0.0, 0.05, 0.5, 0.5, 0.05, 0.5, 0.5, 0.09840782400718878, 0.0, 0.0, 0.05, 0.5, 0.5, 0.05, 0.5, 0.5, 0.0, 1.0, 0.0, 0.019173351414401126, 0.06822700097752, 162.0, 0.0, 0.0];[-0.1975045812131242, -0.4860557229178917, 58.442080169904514, 0.0, -0.4, 14.925986295514694, -14.0, -14.0, -1.0, 0.0, 0.0, -1.0, 0.0, 0.0, -0.4081521209651467];6.672524499997962;
6;[21.377537517279226, 1643.4813530754036, 116.78607296432847];True;False;[0.0, 7.25, 1.4500000000000002, 0.0, 1.0, 42.32484119627938, 0.40852941103726326, 0.5, 6863.614245697741, 9210.462963174594, 10500.0, 0.0, 3.0, 0.0, 0.025, 0.027475406856626628, 0.36730973851217386, 0.0, 0.05498941935052048, 0.76876045349434, 0.0, 0.05, 0.5, 0.5, 0.01114965273815769, 0.510580856241291, 0.0, 0.04326120913748846, 0.2842430616163869, 0.0, 0.05, 0.5, 0.5, 0.0, 0.0, 0.0, 0.030000000000000002, 0.255, 0.0, 1.0, 1.0];[1.0855926989419942, -1.3814902316263014, 57.146565029750604, 0.7665333639966825, -0.49147058896273677, -7.171968190991392, -9.593169492800047, -14.0, -0.6326902614878261, -0.23123954650566003, 0.0, -0.489419143758709, -0.7157569383836131, 0.0, 0.008284941677869306];17.54951599999913;
7;[38.89543263704292, 1016.6685640339772, 121.90438725878613];True;False;[0.0, 7.25, 1.4500000000000002, 0.0, 1.0, 10.351098936308816, 0.6340128243595234, 0.5, 6338.032578407529, 14088.684235544233, 10500.0, 0.0, 3.0, 1.0, 0.027769339525659728, 0.03600593308107791, 0.6825351467714856, 0.0, 0.005229315611983499, 0.9971694231141707, 0.0, 0.05, 0.5, 0.5, 0.026900859670593205, 0.12641282926130415, 0.0, 0.07768559340418492, 0.5020486604884952, 0.0, 0.05, 0.5, 0.5, 0.0, 0.0, 0.0, 0.030000000000000002, 0.255, 0.0, 1.0, 1.0];[0.8796074134717031, -1.5187037290523426, 214.2394462885179, 0.6338596254500906, -0.2659871756404766, -12.555572604180194, -10.765429992312253, -14.0, -0.31746485322851437, -0.002830576885829328, 0.0, -0.8735871707386959, -0.49795133951150483, 0.0, 0.08052190152746919];58.340171299998474;
8;[nan, nan, nan];False;False;[0.0, 7.25, 1.4500000000000002, 0.0, 0.0, 9.7155719936572, 0.5, 0.5, 18260.85877722559, 10500.0, 10500.0, 0.0, 3.0, 0.0, 0.025, 0.026209329428634576, 0.0, 0.0, 0.05, 0.5, 0.5, 0.05, 0.5, 0.5, 0.0016048983972698273, 0.0, 0.0, 0.05, 0.5, 0.5, 0.05, 0.5, 0.5, 0.0, 0.0, 0.0, 0.030000000000000002, 0.255, 0.0, 0.0, 0.0];[nan, nan, nan, nan, nan, nan, nan, nan, nan, nan, nan, nan, nan, nan, nan];45.047902799997246;
9;[nan, nan, nan];False;False;[1.0, 8.920687320577718, 1.2958368915835368, 0.0, 0.0, 26.001805412821664, 0.5, 0.5, 7799.832921436472, 10500.0, 10500.0, 1.0, 3.941914392716857, 0.0, 0.025, 0.047403461491619184, 0.0, 0.0, 0.05, 0.5, 0.5, 0.05, 0.5, 0.5, 0.03982676801770442, 0.0, 0.0, 0.05, 0.5, 0.5, 0.05, 0.5, 0.5, 1.0, 1.0, 0.0, 0.04062858168926773, 0.21549002887436647, 34.0, 0.0, 0.0];[nan, nan, nan, nan, nan, nan, nan, nan, nan, nan, nan, nan, nan, nan, nan];111.92842939999537;
10;[nan, nan, nan];False;False;[1.0, 2.8546426650878143, 1.3545463494769683, 1.0, 1.0, 31.428105243674107, 0.3758476540685851, 0.5, 6694.299036142212, 17988.470238539066, 10500.0, 0.0, 3.0, 0.0, 0.025, 0.002553539134165872, 0.7397797029930447, 0.0, 0.014078261545757531, 0.26815733061166747, 0.0, 0.05, 0.5, 0.5, 0.09033606282941796, 0.9076947359203411, 0.0, 0.0885763988695021, 0.5987844205874359, 0.0, 0.05, 0.5, 0.5, 1.0, 1.0, 1.0, 0.041628062797032475, 0.10234089965368694, 224.0, 1.0, 0.0];[nan, nan, nan, nan, nan, nan, nan, nan, nan, nan, nan, nan, nan, nan, nan];103.6875801999995;
11;[20.878022578230933, 1860.6414684905892, 115.90220125147405];True;False;[0.0, 7.25, 1.4500000000000002, 0.0, 1.0, 51.878454820995465, 0.3359954490195134, 0.5, 12407.7523415574, 18022.711095337872, 10500.0, 0.0, 3.0, 0.0, 0.025, 0.08130284254160484, 0.7525310902279083, 0.0, 0.048582690438152755, 0.3543128265804395, 0.0, 0.05, 0.5, 0.5, 0.017084094031945874, 0.9777733556030781, 0.0, 0.019567613891690573, 0.5829231798310577, 0.0, 0.05, 0.5, 0.5, 0.0, 0.0, 0.0, 0.030000000000000002, 0.255, 0.0, 0.0, 1.0];[1.3049317758027659, -1.3289286660435065, 88.94229944873724, 0.6592061000932865, -0.5640045509804866, -4.874596321570419, -9.876406267977885, -14.0, -0.24746890977209168, -0.6456871734195605, 0.0, -0.022226644396921902, -0.4170768201689423, 0.0, -0.010920581176779742];36.98352060000616;
12;[nan, nan, nan];False;False;[0.0, 7.25, 1.4500000000000002, 0.0, 1.0, 11.265183769332355, 0.18707960651028177, 0.5, 11442.765839685439, 6687.690062652989, 10500.0, 0.0, 3.0, 1.0, 0.02019141403444984, 0.061503485781620376, 0.5329926550947194, 0.0, 0.07723440980538293, 0.36847712807828603, 0.0, 0.05, 0.5, 0.5, 0.04546049409814255, 0.25978155073599085, 0.0, 0.016658094160863012, 0.763671728478144, 0.0, 0.05, 0.5, 0.5, 0.0, 0.0, 0.0, 0.030000000000000002, 0.255, 0.0, 0.0, 1.0];[nan, nan, nan, nan, nan, nan, nan, nan, nan, nan, nan, nan, nan, nan, nan];70.73011029999907;
13;[nan, nan, nan];False;False;[0.0, 7.25, 1.4500000000000002, 0.0, 2.0, 7.030477972442435, 0.5340622422482565, 0.3563030460748575, 6904.064791932034, 8846.054866922146, 2603.0050144790134, 0.0, 3.0, 0.0, 0.025, 0.017884002174542692, 0.3333333333333333, 0.3333333333333333, 0.0548267920275363, 0.21397599970005454, 0.492896891248776, 0.05218864762943072, 0.15122670063179589, 0.37422125602387035, 0.07498564708371079, 0.3333333333333333, 0.3333333333333333, 0.05157876424678514, 0.3113268021246879, 0.2577890956951372, 0.051297080310970425, 0.3333333333333333, 0.3333333333333333, 0.0, 0.0, 0.0, 0.030000000000000002, 0.255, 0.0, 0.0, 1.0];[nan, nan, nan, nan, nan, nan, nan, nan, nan, nan, nan, nan, nan, nan, nan];146.5632665000012;
14;[nan, nan, nan];False;False;[0.0, 7.25, 1.4500000000000002, 0.0, 0.0, 10.895978138709665, 0.5, 0.5, 15561.087161560697, 10500.0, 10500.0, 0.0, 3.0, 0.0, 0.025, 0.059727043833832795, 0.0, 0.0, 0.05, 0.5, 0.5, 0.05, 0.5, 0.5, 0.08877298662704525, 0.0, 0.0, 0.05, 0.5, 0.5, 0.05, 0.5, 0.5, 0.0, 0.0, 0.0, 0.030000000000000002, 0.255, 0.0, 0.0, 0.0];[nan, nan, nan, nan, nan, nan, nan, nan, nan, nan, nan, nan, nan, nan, nan];50.66289859999961;
15;[28.239113616295274, 1081.4933074211901, 119.0940699878044];True;False;[0.0, 7.25, 1.4500000000000002, 0.0, 0.0, 13.091103116245186, 0.5, 0.5, 18842.608816848155, 10500.0, 10500.0, 0.0, 3.0, 0.0, 0.025, 0.01767662289908748, 0.0, 0.0, 0.05, 0.5, 0.5, 0.05, 0.5, 0.5, 0.026329646467133518, 0.0, 0.0, 0.05, 0.5, 0.5, 0.05, 0.5, 0.5, 0.0, 0.0, 0.0, 0.030000000000000002, 0.255, 0.0, 0.0, 0.0];[0.3110402937083583, -1.4806773039210335, -4.761576430388953, 0.6871384646580316, -0.4, -1.9088968837548137, -14.0, -14.0, -1.0, 0.0, 0.0, -1.0, 0.0, 0.0, 0.03646924306973154];10.777505799997016;
16;[46.44637349776472, 1016.5233218879011, 122.79711019412363];True;False;[0.0, 7.25, 1.4500000000000002, 0.0, 1.0, 12.082900587751375, 0.1589839670135069, 0.5, 5857.458791777584, 11744.220562612167, 10500.0, 0.0, 3.0, 1.0, 0.04449208750434088, 0.06883385081526819, 0.46645784360100484, 0.0, 0.061169659001310134, 0.9596837723241507, 0.0, 0.05, 0.5, 0.5, 0.09299226504250474, 0.12439971133737415, 0.0, 0.05574410300088382, 0.387947804242916, 0.0, 0.05, 0.5, 0.5, 0.0, 0.0, 0.0, 0.030000000000000002, 0.255, 0.0, 1.0, 0.0];[0.8191956802209468, -1.5321940052561211, 52.957472387156386, 0.521112981130605, -0.7410160329864931, -7.005136116780237, -13.48866712876602, -14.0, -0.5335421563989952, -0.0403162276758493, 0.0, -0.8756002886626258, -0.612052195757084, 0.0, 0.08711506642864253];38.47438420000253;
17;[nan, nan, nan];False;False;[1.0, 7.937113677507526, 1.4237217722996818, 0.0, 1.0, 16.043248073247725, 0.15383699473696294, 0.5, 1170.0977421320995, 1808.5635607912418, 10500.0, 1.0, 4.294649561139552, 0.0, 0.025, 0.07359257706323559, 0.2096621916657604, 0.0, 0.003644965710566395, 0.23356918710620178, 0.0, 0.05, 0.5, 0.5, 0.017331466545773822, 0.14391678392593354, 0.0, 0.0784678665142139, 0.3072947300071678, 0.0, 0.05, 0.5, 0.5, 1.0, 1.0, 0.0, 0.032341305586074134, 0.40391007967480624, 115.0, 1.0, 0.0];[nan, nan, nan, nan, nan, nan, nan, nan, nan, nan, nan, nan, nan, nan, nan];127.41478529999586;
18;[20.889264104581006, 1630.5448142333223, 116.29241585174215];True;False;[0.0, 7.25, 1.4500000000000002, 0.0, 0.0, 53.4513589211338, 0.5, 0.5, 3751.5258905677847, 10500.0, 10500.0, 0.0, 3.0, 0.0, 0.025, 0.09578700301632476, 0.0, 0.0, 0.05, 0.5, 0.5, 0.05, 0.5, 0.5, 0.0607456886935267, 0.0, 0.0, 0.05, 0.5, 0.5, 0.05, 0.5, 0.5, 0.0, 0.0, 0.0, 0.030000000000000002, 0.255, 0.0, 0.0, 0.0];[0.6757931809261857, -1.3867170574893894, 77.75866344232469, 0.7239380913013915, -0.4, 38.4513589211338, -14.0, -14.0, -1.0, 0.0, 0.0, -1.0, 0.0, 0.0, -0.0013372724677077064];5.6175823000012315;
19;[24.173263121405935, 1754.7063955278622, 117.39400191913242];True;False;[0.0, 7.25, 1.4500000000000002, 0.0, 2.0, 26.7981516444204, 0.6896247677416363, 0.6178818182274198, 6175.641899814661, 19161.553058693233, 3829.160021055806, 0.0, 3.0, 1.0, 0.011980283174153684, 0.024626985307360495, 0.3333333333333333, 0.3333333333333333, 0.04404275974770116, 0.3333333333333333, 0.3333333333333333, 0.08638960653750719, 0.3333333333333333, 0.3333333333333333, 0.07529668318291446, 0.3333333333333333, 0.3333333333333333, 0.026625056129125326, 0.7666235063197502, 0.1624107857939565, 0.09395042784446006, 0.3333333333333333, 0.3333333333333333, 0.0, 0.0, 0.0, 0.030000000000000002, 0.255, 0.0, 1.0, 2.0];[2.239616036946713, -1.3150623084229682, 144.95085031690482, 0.6653588425017378, -0.21037523225836374, -12.007494572301693, -12.007494572301695, -12.007494572301695, -0.33333333333333337, -0.33333333333333337, -0.33333333333333337, -0.33333333333333337, -0.0709657078862933, -0.33333333333333337, 0.009714188289300929];81.11849490000168;
20;[nan, nan, nan];False;False;[1.0, 10.923756763723901, 1.2679860057817267, 1.0, 0.0, 57.72965950461822, 0.5, 0.5, 14073.236105479682, 10500.0, 10500.0, 0.0, 3.0, 0.0, 0.025, 0.06577062864272891, 0.0, 0.0, 0.05, 0.5, 0.5, 0.05, 0.5, 0.5, 0.093087884688173, 0.0, 0.0, 0.05, 0.5, 0.5, 0.05, 0.5, 0.5, 0.0, 1.0, 0.0, 0.04052131717747295, 0.43628312356376064, 202.0, 0.0, 0.0];[nan, nan, nan, nan, nan, nan, nan, nan, nan, nan, nan, nan, nan, nan, nan];71.46296469999652;
21;[nan, nan, nan];False;False;[1.0, 9.872116828718799, 1.6674290682861166, 1.0, 0.0, 37.1503461950273, 0.5, 0.5, 10743.787491115922, 10500.0, 10500.0, 1.0, 2.037508658749564, 0.0, 0.025, 0.06320667217387292, 0.0, 0.0, 0.05, 0.5, 0.5, 0.05, 0.5, 0.5, 0.01298406023992088, 0.0, 0.0, 0.05, 0.5, 0.5, 0.05, 0.5, 0.5, 1.0, 0.0, 0.0, 0.030000000000000002, 0.255, 0.0, 0.0, 0.0];[nan, nan, nan, nan, nan, nan, nan, nan, nan, nan, nan, nan, nan, nan, nan];101.38570040000195;
22;[20.9541091685864, 1618.502761132583, 116.37969666276257];True;False;[0.0, 7.25, 1.4500000000000002, 0.0, 0.0, 53.70564014841918, 0.5, 0.5, 13870.606276772993, 10500.0, 10500.0, 0.0, 3.0, 0.0, 0.025, 0.061607325614733394, 0.0, 0.0, 0.05, 0.5, 0.5, 0.05, 0.5, 0.5, 0.08395214210110785, 0.0, 0.0, 0.05, 0.5, 0.5, 0.05, 0.5, 0.5, 0.0, 0.0, 0.0, 0.030000000000000002, 0.255, 0.0, 0.0, 0.0];[0.6569196030004116, -1.391578886127619, 78.53360065247895, 0.733518422267001, -0.4, 38.70564014841918, -14.0, -14.0, -1.0, 0.0, 0.0, -1.0, 0.0, 0.0, 0.00048776080240253705];6.292231100000208;
23;[nan, nan, nan];False;False;[1.0, 3.324567493888276, 1.4915898504386254, 1.0, 2.0, 9.979960082720027, 0.446790361453107, 0.6642873685822177, 10907.985892292458, 17428.182025711507, 12340.942360335928, 0.0, 3.0, 1.0, 0.03861202320887281, 0.07058793191059436, 0.3481173079582517, 0.6269075967666097, 0.07548055958509658, 0.020072460556663785, 0.7717980879784192, 0.06055916229286373, 0.3333333333333333, 0.3333333333333333, 0.07856301944712785, 0.06956821107964539, 0.07112311856620823, 0.0044685320935613174, 0.9090384840486383, 0.0, 0.01300452542608509, 0.3333333333333333, 0.3333333333333333, 0.0, 1.0, 1.0, 0.03747222652987575, 0.3965882993498084, 223.0, 1.0, 1.0];[nan, nan, nan, nan, nan, nan, nan, nan, nan, nan, nan, nan, nan, nan, nan];117.8266517000011;
24;[nan, nan, nan];False;False;[0.0, 7.25, 1.4500000000000002, 0.0, 2.0, 16.28149461320059, 0.29160121142732565, 0.43400236344458787, 10901.248971654233, 4871.360452092944, 17269.492876423705, 0.0, 3.0, 1.0, 0.014526133338181946, 0.09687787545259358, 0.03995507289230438, 0.3319946409033089, 0.050785111045012, 0.679664308345488, 0.08767005602003108, 0.022607738738435558, 0.5627635720110099, 0.0, 0.04350881842371021, 0.3333333333333333, 0.3333333333333333, 0.08402322351946041, 0.36266820798387633, 0.15916728195907737, 0.070230647595997, 0.3333333333333333, 0.3333333333333333, 0.0, 0.0, 0.0, 0.030000000000000002, 0.255, 0.0, 1.0, 2.0];[nan, nan, nan, nan, nan, nan, nan, nan, nan, nan, nan, nan, nan, nan, nan];140.62977990000218;
25;[nan, nan, nan];False;False;[1.0, 6.711373138746269, 1.5344412461587127, 1.0, 2.0, 30.129194085471404, 0.7795062175393849, 0.6001928811371606, 13310.111156480692, 11574.084231027146, 16511.542666786263, 1.0, 1.9719290599253694, 1.0, 0.015036989406938867, 0.04773216710313053, 0.3333333333333333, 0.3333333333333333, 0.006735580456081126, 0.3333333333333333, 0.3333333333333333, 0.030175041118421765, 0.12261663129056044, 0.5906167876318013, 0.0011347629915706926, 0.022992850357043904, 0.7337066309720517, 0.08858758765536472, 0.3333333333333333, 0.3333333333333333, 0.03038827892589351, 0.029827437981084337, 0.3327580044674352, 0.0, 1.0, 1.0, 0.03728184771852228, 0.3161289895957534, 216.0, 0.0, 0.0];[nan, nan, nan, nan, nan, nan, nan, nan, nan, nan, nan, nan, nan, nan, nan];50.212312100004056;
26;[25.218081183772185, 1511.6166434536885, 117.95721420125027];True;False;[0.0, 7.25, 1.4500000000000002, 0.0, 1.0, 24.916863705399884, 0.7607286316341878, 0.5, 4054.4029546051142, 14871.684262181481, 10500.0, 0.0, 3.0, 1.0, 0.007847311893305897, 0.016512430224128415, 0.5731537412535754, 0.0, 0.043407545872149955, 0.7184134865229669, 0.0, 0.05, 0.5, 0.5, 0.027548208757660453, 0.35988227040999343, 0.0, 0.044669784476321445, 0.5101760528908588, 0.0, 0.05, 0.5, 0.5, 0.0, 0.0, 0.0, 0.030000000000000002, 0.255, 0.0, 0.0, 1.0];[1.5133022585483626, -1.3771961438700147, 225.28728703188537, 0.6872678323342287, -0.13927136836581222, -12.200521258839972, -6.099463146816035, -14.0, -0.42684625874642457, -0.2815865134770331, 0.0, -0.6401177295900066, -0.48982394710914123, 0.0, 0.019345243406036938];14.081772800003819;
27;[33.112382783324236, 1130.9827657364024, 120.64530577570018];True;False;[0.0, 7.25, 1.4500000000000002, 0.0, 1.0, 12.663023222356193, 0.8351433939154388, 0.5, 18485.442891740913, 11459.80052297399, 10500.0, 0.0, 3.0, 1.0, 0.021339267607924435, 0.076469613522817, 0.6283160499151584, 0.0, 0.029583625035333228, 0.23940749592560218, 0.0, 0.05, 0.5, 0.5, 0.09399659221511197, 0.7624808473927717, 0.0, 0.028626128408461116, 0.046739714094708784, 0.0, 0.05, 0.5, 0.5, 0.0, 0.0, 0.0, 0.030000000000000002, 0.255, 0.0, 1.0, 1.0];[1.059937574181279, -1.4784350006954539, 286.9619637835156, 0.6817566900496561, -0.06485660608456123, -13.418965474092047, -6.990672553413024, -14.0, -0.37168395008484156, -0.7605925040743978, 0.0, -0.23751915260722833, -0.9532602859052912, 0.0, 0.06169334340048549];28.24188900000445;
28;[52.531611065851905, 946.8568510861021, 122.84458031371398];True;False;[0.0, 7.25, 1.4500000000000002, 0.0, 1.0, 5.694082273156393, 0.357557289353473, 0.5, 16333.79932926442, 10125.259272430885, 10500.0, 0.0, 3.0, 1.0, 0.043819279758572, 0.06444112566398584, 0.6011242885627821, 0.0, 0.04302237636366629, 0.5578089514690412, 0.0, 0.05, 0.5, 0.5, 0.01857987961905926, 0.8703195322621248, 0.0, 0.08302229036927558, 0.20959152129573877, 0.0, 0.05, 0.5, 0.5, 0.0, 0.0, 0.0, 0.030000000000000002, 0.255, 0.0, 0.0, 1.0];[0.9362415212049209, -1.5060570176477217, 123.52422735687313, 0.38948256505972223, -0.542442710646527, -11.801427096907371, -13.219805380189737, -14.0, -0.3988757114372179, -0.4421910485309588, 0.0, -0.12968046773787523, -0.7904084787042612, 0.0, 0.07447409445628983];39.91252540000278;
29;[21.471785159998493, 1924.4054893209916, 115.72641321668871];True;False;[0.0, 7.25, 1.4500000000000002, 0.0, 2.0, 31.163422943549627, 0.22855239142619502, 0.4731618747371068, 7225.733961250834, 13793.567079083386, 10228.755288266279, 0.0, 3.0, 0.0, 0.025, 0.07995056991043692, 0.3333333333333333, 0.3333333333333333, 0.05886662532694832, 0.33960585124794873, 0.2736968259347259, 0.013568999207080447, 0.7152173777544781, 0.25304242307298586, 0.08971867529733168, 0.3333333333333333, 0.3333333333333333, 0.03592876919097483, 0.3333333333333333, 0.3333333333333333, 0.0324040437918559, 0.37636139120930945, 0.4247636984550137, 0.0, 0.0, 0.0, 0.030000000000000002, 0.255, 0.0, 0.0, 1.0];[1.9753625091547455, -1.2740155187157371, 29.549142792066057, 0.5939702010639367, -0.671447608573805, -12.051248315997487, -12.740608508384929, -10.322482047697672, -0.33333333333333337, -0.3866973228173254, -0.03174019917253601, -0.33333333333333337, -0.33333333333333337, -0.19887491033567684, -0.01771349932538041];55.23028029999841;
30;[22.89526737363557, 1650.5656114755047, 116.64653317404813];True;False;[0.0, 7.25, 1.4500000000000002, 0.0, 2.0, 19.252806012034583, 0.6255964317709161, 0.14823497948410866, 10436.694667515136, 18340.98593041618, 2718.2154315684575, 0.0, 3.0, 0.0, 0.025, 0.0469526652054843, 0.2730881327771706, 0.5142136309703766, 0.0647139241785775, 0.3333333333333333, 0.3333333333333333, 0.05126302932963668, 0.10570657804575445, 0.6523920590770963, 0.07940447526864262, 0.3333333333333333, 0.3333333333333333, 0.004264971297364951, 0.4666843136692108, 0.4759673409972178, 0.06234851186761471, 0.30806147432135744, 0.6592863089108396, 0.0, 0.0, 0.0, 0.030000000000000002, 0.255, 0.0, 1.0, 2.0];[1.7803993983993571, -1.3175518662447985, 4.7321255736937005, 0.6345140956953212, -0.27440356822908396, -12.801948399342837, -8.920052091008941, -13.559357266468925, -0.21269823625245277, -0.33333333333333337, -0.24190136287714925, -0.33333333333333337, -0.05734834533357136, -0.032652216767802944, -0.0027418278627617254];50.93429830000241;
31;[nan, nan, nan];False;False;[1.0, 10.654767565661276, 1.5851675760431139, 0.0, 1.0, 42.9326549286877, 0.1825449163049836, 0.5, 16489.88925066316, 3841.2300827703793, 10500.0, 1.0, 1.861736743141182, 0.0, 0.025, 0.09251630512776106, 0.16805884538253424, 0.0, 0.034568119527118524, 0.617816391011346, 0.0, 0.05, 0.5, 0.5, 0.005411524904517618, 0.5399881548960755, 0.0, 0.056599546097608255, 0.9416362219212514, 0.0, 0.05, 0.5, 0.5, 1.0, 0.0, 0.0, 0.030000000000000002, 0.255, 0.0, 1.0, 1.0];[nan, nan, nan, nan, nan, nan, nan, nan, nan, nan, nan, nan, nan, nan, nan];118.60129289999895;
32;[nan, nan, nan];False;False;[0.0, 7.25, 1.4500000000000002, 0.0, 2.0, 15.936816581960956, 0.7596626351292725, 0.12168637482135783, 14312.283189874172, 2604.1557229376585, 14544.274094873437, 0.0, 3.0, 1.0, 0.037977716913727075, 0.03660165959911843, 0.3333333333333333, 0.3333333333333333, 0.09890164326134115, 0.3333333333333333, 0.3333333333333333, 0.009960584041510035, 0.7517422032898832, 0.03673804060937658, 0.01861996389440811, 0.3333333333333333, 0.3333333333333333, 0.020069488141707073, 0.3333333333333333, 0.3333333333333333, 0.00667154914269219, 0.3333333333333333, 0.3333333333333333, 0.0, 0.0, 0.0, 0.030000000000000002, 0.255, 0.0, 0.0, 2.0];[nan, nan, nan, nan, nan, nan, nan, nan, nan, nan, nan, nan, nan, nan, nan];130.07453810000152;
33;[21.31291292409394, 1556.9613073442777, 116.90440019486414];True;False;[0.0, 7.25, 1.4500000000000002, 0.0, 0.0, 57.596027861095486, 0.5, 0.5, 6951.769706411398, 10500.0, 10500.0, 0.0, 3.0, 0.0, 0.025, 0.006612173133538957, 0.0, 0.0, 0.05, 0.5, 0.5, 0.05, 0.5, 0.5, 0.05673254933554513, 0.0, 0.0, 0.05, 0.5, 0.5, 0.05, 0.5, 0.5, 0.0, 0.0, 0.0, 0.030000000000000002, 0.255, 0.0, 0.0, 0.0];[0.5410078346499745, -1.421437726729558, 90.81188409197041, 0.7968066547394843, -0.4, 42.596027861095486, -14.0, -14.0, -1.0, 0.0, 0.0, -1.0, 0.0, 0.0, 0.011995860629901545];5.942220999997517;
34;[21.319284010103853, 1558.044943897692, 116.56463574257081];True;False;[0.0, 7.25, 1.4500000000000002, 0.0, 0.0, 46.52291018818075, 0.5, 0.5, 14694.06109776766, 10500.0, 10500.0, 0.0, 3.0, 0.0, 0.025, 0.06899225735052132, 0.0, 0.0, 0.05, 0.5, 0.5, 0.05, 0.5, 0.5, 0.09298499961881397, 0.0, 0.0, 0.05, 0.5, 0.5, 0.05, 0.5, 0.5, 0.0, 0.0, 0.0, 0.030000000000000002, 0.255, 0.0, 0.0, 0.0];[0.6296059002335568, -1.398614888673096, 57.92664987256413, 0.7357300446455661, -0.4, 31.522910188180752, -14.0, -14.0, -1.0, 0.0, 0.0, -1.0, 0.0, 0.0, 0.0031527167859386473];5.877114200004144;
35;[24.116778823164566, 1388.5337345770688, 117.68844425251868];True;False;[0.0, 7.25, 1.4500000000000002, 0.0, 1.0, 20.53811781610079, 0.657654943720798, 0.5, 19384.9317474834, 9174.416837281371, 10500.0, 0.0, 3.0, 0.0, 0.025, 0.027096549723678823, 0.5902883513143736, 0.0, 0.04870542397489013, 0.8105546814402254, 0.0, 0.05, 0.5, 0.5, 0.011023087010517574, 0.33911096440937627, 0.0, 0.08322629776165073, 0.485902559727575, 0.0, 0.05, 0.5, 0.5, 0.0, 0.0, 0.0, 0.030000000000000002, 0.255, 0.0, 1.0, 0.0];[0.9849822717834247, -1.4056001241319804, 6.469722753301472, 0.7169980701112206, -0.242345056279202, -11.73025935268572, -8.718731841019094, -14.0, -0.4097116486856264, -0.18944531855977464, 0.0, -0.6608890355906237, -0.514097440272425, 0.0, 0.01760835651615511];48.02120109999669;
36;[21.890476955444942, 1472.4429265336382, 117.19675368611712];True;False;[0.0, 7.25, 1.4500000000000002, 0.0, 0.0, 47.1821693371666, 0.5, 0.5, 6673.767539463069, 10500.0, 10500.0, 0.0, 3.0, 0.0, 0.025, 0.07967434571952053, 0.0, 0.0, 0.05, 0.5, 0.5, 0.05, 0.5, 0.5, 0.0032493200332534226, 0.0, 0.0, 0.05, 0.5, 0.5, 0.05, 0.5, 0.5, 0.0, 0.0, 0.0, 0.030000000000000002, 0.255, 0.0, 0.0, 0.0];[0.4975043911647843, -1.432644202164672, 59.70813681810094, 0.8013320394530896, -0.4, 32.1821693371666, -14.0, -14.0, -1.0, 0.0, 0.0, -1.0, 0.0, 0.0, 0.016452801783758852];5.5196204999956535;
37;[25.15892288586419, 1303.1929011999214, 117.84369750164916];True;False;[0.0, 7.25, 1.4500000000000002, 0.0, 1.0, 13.845469677814027, 0.12194196054866113, 0.5, 14674.235542895689, 16198.171910831346, 10500.0, 0.0, 3.0, 0.0, 0.025, 0.06559974669014634, 0.4675934855347639, 0.0, 0.07951873233963132, 0.45727123792154345, 0.0, 0.05, 0.5, 0.5, 0.003287761100819331, 0.5101959748131739, 0.0, 0.06423705877590948, 0.10684993593721992, 0.0, 0.05, 0.5, 0.5, 0.0, 0.0, 0.0, 0.030000000000000002, 0.255, 0.0, 0.0, 0.0];[0.9943755966635024, -1.403349144193562, -3.5818613827971735, 0.6738500159422289, -0.7780580394513389, -5.015211462113573, -13.613343725279853, -14.0, -0.5324065144652361, -0.5427287620784566, 0.0, -0.4898040251868261, -0.8931500640627801, 0.0, 0.016723440046965576];27.702334800000244;
38;[nan, nan, nan];False;False;[1.0, 2.6925814983596306, 1.1095012799991875, 1.0, 1.0, 15.436443468799364, 0.7268449606871374, 0.5, 2598.327861772294, 7444.128836770779, 10500.0, 1.0, 2.870870935001039, 1.0, 0.03883505392626276, 0.063486979481339, 0.6584717306574503, 0.0, 0.09550724180616782, 0.3129848262310039, 0.0, 0.05, 0.5, 0.5, 0.009900449288663838, 0.4370943223019389, 0.0, 0.07809266450215752, 0.04687096791266998, 0.0, 0.05, 0.5, 0.5, 1.0, 0.0, 0.0, 0.030000000000000002, 0.255, 0.0, 0.0, 0.0];[nan, nan, nan, nan, nan, nan, nan, nan, nan, nan, nan, nan, nan, nan, nan];121.78322379999736;
39;[42.09115037138721, 1159.1347144891336, 122.8877980531957];True;False;[0.0, 7.25, 1.4500000000000002, 0.0, 1.0, 38.74039373340463, 0.2912496857482727, 0.5, 8601.284701808101, 10527.812358991787, 10500.0, 0.0, 3.0, 1.0, 0.0474977280939643, 0.09324905178109469, 0.26203085024755335, 0.0, 0.0765833001614737, 0.9587712133861866, 0.0, 0.05, 0.5, 0.5, 0.08208273791255742, 0.16385361997459835, 0.0, 0.00011317680197733272, 0.4649398371614174, 0.0, 0.05, 0.5, 0.5, 0.0, 0.0, 0.0, 0.030000000000000002, 0.255, 0.0, 1.0, 0.0];[0.6658105533316743, -1.566445757621822, 32.177186967399926, 0.6772610821034977, -0.6087503142517273, -5.290521270597186, -11.010043915530842, -14.0, -0.7379691497524467, -0.04122878661381335, 0.0, -0.8361463800254016, -0.5350601628385826, 0.0, 0.10454790064372688];31.961107600000105;
40;[nan, nan, nan];False;False;[0.0, 7.25, 1.4500000000000002, 0.0, 2.0, 1.2174020043937295, 0.7913747121083631, 0.5150789632832081, 8727.151895647214, 3901.9220823879095, 16940.45245164006, 0.0, 3.0, 1.0, 0.01614189324720582, 0.07998479147206855, 0.07084348905437021, 0.13519736679575223, 0.09886050386265263, 0.3333333333333333, 0.3333333333333333, 0.05497259190237422, 0.3333333333333333, 0.3333333333333333, 0.0066677247780461135, 0.3333333333333333, 0.3333333333333333, 0.08848717578930279, 0.5558173842559919, 0.05853982160321047, 0.08307512144733217, 0.3333333333333333, 0.3333333333333333, 0.0, 0.0, 0.0, 0.030000000000000002, 0.255, 0.0, 2.0, 2.0];[nan, nan, nan, nan, nan, nan, nan, nan, nan, nan, nan, nan, nan, nan, nan];110.5995522000012;
41;[38.656623622602396, 1075.946806632776, 118.49407358193302];True;False;[0.0, 7.25, 1.4500000000000002, 0.0, 0.0, 3.9426673932976124, 0.5, 0.5, 19976.879013923124, 10500.0, 10500.0, 0.0, 3.0, 0.0, 0.025, 0.027153856647172837, 0.0, 0.0, 0.05, 0.5, 0.5, 0.05, 0.5, 0.5, 0.026557950622177296, 0.0, 0.0, 0.05, 0.5, 0.5, 0.05, 0.5, 0.5, 0.0, 0.0, 0.0, 0.030000000000000002, 0.255, 0.0, 0.0, 0.0];[0.733500090187774, -1.3718517730597446, -12.754539932960496, 0.26098294643665154, -0.4, -11.057332606702388, -14.0, -14.0, -1.0, 0.0, 0.0, -1.0, 0.0, 0.0, -0.0068357504029226135];11.274611799999548;
42;[nan, nan, nan];False;False;[1.0, 8.811443525294784, 1.3544062017853926, 0.0, 1.0, 8.595220541921377, 0.5438147832941348, 0.5, 14956.531127939012, 14632.33071506085, 10500.0, 1.0, 4.318374254428635, 0.0, 0.025, 0.09831640478868392, 0.23629090520112717, 0.0, 0.07186787784875935, 0.2748800188066872, 0.0, 0.05, 0.5, 0.5, 0.055254989995033546, 0.8832926313480023, 0.0, 0.028739278708526373, 0.9513230835452906, 0.0, 0.05, 0.5, 0.5, 1.0, 1.0, 1.0, 0.0443544846401184, 0.4112357039440131, 74.0, 1.0, 1.0];[nan, nan, nan, nan, nan, nan, nan, nan, nan, nan, nan, nan, nan, nan, nan];126.61438970000017;
43;[nan, nan, nan];False;False;[1.0, 5.661256742420302, 1.6603660352724794, 1.0, 2.0, 50.68997756011628, 0.8312577824329922, 0.8505690413680148, 15249.58021045475, 14252.518418158617, 18190.004860988494, 0.0, 3.0, 1.0, 0.011327853817400391, 0.09165347510691377, 0.2148922427549591, 0.33690555406514533, 0.05522697348752529, 0.3333333333333333, 0.3333333333333333, 0.020140466877904863, 0.3333333333333333, 0.3333333333333333, 0.04439650408709023, 0.3333333333333333, 0.3333333333333333, 0.04939043533107064, 0.5216927067415278, 0.33671566101019235, 0.07495287409636524, 0.0406333106232204, 0.44360826024669964, 0.0, 1.0, 2.0, 0.04396363050508657, 0.32759915262534284, 86.0, 2.0, 0.0];[nan, nan, nan, nan, nan, nan, nan, nan, nan, nan, nan, nan, nan, nan, nan];197.41983910000272;
44;[9.237137965373588, 4671.249300934387, 107.26866139682701];True;False;[1.0, 5.886778507807831, 1.1690764785617966, 0.0, 2.0, 50.933443752814945, 0.4029840746641281, 0.4963035348949162, 14831.392970036297, 18295.326970508533, 10970.167695348384, 1.0, 4.251437489362443, 0.0, 0.025, 0.07552543030858964, 0.08519929110332602, 0.42093907174950995, 0.07419204969513997, 0.721727215308567, 0.25670166351001644, 0.08585017753252588, 0.3333333333333333, 0.3333333333333333, 0.04188790529809429, 0.10406975992471668, 0.03130364861214496, 0.08493982444902629, 0.7278775674494988, 0.04073373583753148, 0.021613967380849877, 0.22102404103046547, 0.23813600724222972, 0.0, 0.0, 0.0, 0.030000000000000002, 0.255, 0.0, 0.0, 1.0];[1.413792062652429, 0.3492771666263277, 88.71948505069645, 2.220446049250313e-16, -0.4970159253358719, -13.697542508240108, -9.788430452219934, -8.581581626842913, -0.493861637147164, -0.021571121181416575, -0.33333333333333337, -0.8646265914631384, -0.2313886967129697, -0.5408399517273048, -0.2504884630873356];56.65855769999325;
45;[nan, nan, nan];False;False;[1.0, 8.65191719274318, 1.143028304706488, 1.0, 2.0, 57.85641449278044, 0.5606766169524519, 0.8646124330421238, 1687.1593032384196, 11658.333909329831, 19615.239714199986, 1.0, 2.1593357891642495, 0.0, 0.025, 0.021506857473430466, 0.3333333333333333, 0.3333333333333333, 0.06975591020263072, 0.17477291297762232, 0.32166981955720475, 0.01708217236057823, 0.3333333333333333, 0.3333333333333333, 0.0989342835929164, 0.3333333333333333, 0.3333333333333333, 0.07569017032561445, 0.5251628884072519, 0.46413315822161516, 0.06251944041549351, 0.21374821337245298, 0.29958185608518206, 1.0, 0.0, 0.0, 0.030000000000000002, 0.255, 0.0, 1.0, 2.0];[nan, nan, nan, nan, nan, nan, nan, nan, nan, nan, nan, nan, nan, nan, nan];138.76612290000048;
46;[nan, nan, nan];False;False;[1.0, 5.210329091312875, 1.2205732937508886, 1.0, 0.0, 28.23087454730003, 0.5, 0.5, 13467.462192854213, 10500.0, 10500.0, 1.0, 1.5110660206657172, 0.0, 0.025, 0.0772031334266417, 0.0, 0.0, 0.05, 0.5, 0.5, 0.05, 0.5, 0.5, 0.0894964089881361, 0.0, 0.0, 0.05, 0.5, 0.5, 0.05, 0.5, 0.5, 1.0, 1.0, 0.0, 0.012115477568932293, 0.38527089167792394, 184.0, 0.0, 0.0];[nan, nan, nan, nan, nan, nan, nan, nan, nan, nan, nan, nan, nan, nan, nan];82.94072120000055;
47;[nan, nan, nan];False;False;[0.0, 7.25, 1.4500000000000002, 0.0, 0.0, 16.01497974616303, 0.5, 0.5, 6559.608968021068, 10500.0, 10500.0, 0.0, 3.0, 0.0, 0.025, 0.015722043239158556, 0.0, 0.0, 0.05, 0.5, 0.5, 0.05, 0.5, 0.5, 0.017513650671421056, 0.0, 0.0, 0.05, 0.5, 0.5, 0.05, 0.5, 0.5, 0.0, 0.0, 0.0, 0.030000000000000002, 0.255, 0.0, 0.0, 0.0];[nan, nan, nan, nan, nan, nan, nan, nan, nan, nan, nan, nan, nan, nan, nan];38.93295129999751;
48;[nan, nan, nan];False;False;[1.0, 8.42520990920541, 1.3070757709258785, 1.0, 0.0, 23.911474074384284, 0.5, 0.5, 18866.231717914216, 10500.0, 10500.0, 1.0, 3.990822880995171, 0.0, 0.025, 0.09950263982487625, 0.0, 0.0, 0.05, 0.5, 0.5, 0.05, 0.5, 0.5, 0.05799892690319606, 0.0, 0.0, 0.05, 0.5, 0.5, 0.05, 0.5, 0.5, 0.0, 1.0, 0.0, 0.034002263931907965, 0.032856695549375765, 18.0, 0.0, 0.0];[nan, nan, nan, nan, nan, nan, nan, nan, nan, nan, nan, nan, nan, nan, nan];44.82476470000256;
49;[21.277780460950947, 1562.8781111057854, 116.67788940817377];True;False;[0.0, 7.25, 1.4500000000000002, 0.0, 0.0, 51.12068017522069, 0.5, 0.5, 13862.922609146539, 10500.0, 10500.0, 0.0, 3.0, 0.0, 0.025, 0.0488149317418444, 0.0, 0.0, 0.05, 0.5, 0.5, 0.05, 0.5, 0.5, 0.07600489033074152, 0.0, 0.0, 0.05, 0.5, 0.5, 0.05, 0.5, 0.5, 0.0, 0.0, 0.0, 0.030000000000000002, 0.255, 0.0, 0.0, 0.0];[0.5980545063325051, -1.4067425193241243, 70.81207931760207, 0.758730007239468, -0.4, 36.12068017522069, -14.0, -14.0, -1.0, 0.0, 0.0, -1.0, 0.0, 0.0, 0.0062666830136368645];6.354130100000475;
50;[18.46650684841092, 3115.16531742639, 102.71073283911676];True;False;[1.0, 2.041367027190318, 1.1677793949613855, 1.0, 0.0, 35.722400022559704, 0.5, 0.5, 6804.958463359456, 10500.0, 10500.0, 0.0, 3.0, 0.0, 0.025, 0.04012049253626483, 0.0, 0.0, 0.05, 0.5, 0.5, 0.05, 0.5, 0.5, 0.06565663028144218, 0.0, 0.0, 0.05, 0.5, 0.5, 0.05, 0.5, 0.5, 0.0, 1.0, 0.0, 0.04004924004170709, 0.37564957757198697, 84.0, 0.0, 0.0];[0.4278474728679518, -0.39678249203202, 28.735824694341275, 0.0, -0.4, 11.195036829984641, -14.0, -14.0, -1.0, 0.0, 0.0, -1.0, 0.0, 0.0, -0.008418173047499311];11.954850299996906;
51;[nan, nan, nan];False;False;[1.0, 5.382345209552442, 1.350910990897601, 0.0, 1.0, 20.11780329009918, 0.5253577449974272, 0.5, 12765.972317422982, 15105.71855457264, 10500.0, 0.0, 3.0, 0.0, 0.025, 0.03843844007311661, 0.2108093116489608, 0.0, 0.05209984174082308, 0.49243071368632113, 0.0, 0.05, 0.5, 0.5, 0.032972645746184207, 0.2755655085160785, 0.0, 0.045774279591563966, 0.3366437795835709, 0.0, 0.05, 0.5, 0.5, 0.0, 0.0, 0.0, 0.030000000000000002, 0.255, 0.0, 0.0, 0.0];[nan, nan, nan, nan, nan, nan, nan, nan, nan, nan, nan, nan, nan, nan, nan];100.33081419999507;10.476724300002388
52;[13.713200914700137, 3310.09670361129, 102.75505270750244];True;False;[1.0, 3.6743865411173218, 1.2287236123448684, 1.0, 1.0, 24.229637068174426, 0.5453506654893965, 0.5, 9946.72362822343, 14012.630704180852, 10500.0, 0.0, 3.0, 0.0, 0.025, 0.04151390530933847, 0.1512293476855211, 0.0, 0.04814999958443861, 0.5361131089236363, 0.0, 0.05, 0.5, 0.5, 0.045717882717573516, 0.24643555226172045, 0.0, 0.048305730544803714, 0.3804379875203813, 0.0, 0.05, 0.5, 0.5, 0.0, 1.0, 0.0, 0.035771464630229066, 0.3308443978088127, 74.0, 0.0, 0.0];[0.7311260609691725, -0.2332077062657718, 10.885902047815772, 1.3322676295501878e-15, -0.35464933451060354, -11.342202940518707, -10.6124821720887, -14.0, -0.8487706523144789, -0.4638868910763637, 0.0, -0.7535644477382796, -0.6195620124796186, 0.0, -0.09606900706852922];51.004115699994145;10.476724300002388
53;[13.755182231993185, 3310.764345682456, 102.7598867447783];True;False;[1.0, 3.6659956879819324, 1.2289744209236186, 1.0, 1.0, 24.168800940787317, 0.5434871957532155, 0.5, 10388.983291903514, 13994.828384040415, 10500.0, 0.0, 3.0, 0.0, 0.025, 0.0401834002221023, 0.1520204822251801, 0.0, 0.0481608520463059, 0.5321883962698513, 0.0, 0.05, 0.5, 0.5, 0.04588216271916661, 0.23801586029709898, 0.0, 0.048247731325814475, 0.38053689144888597, 0.0, 0.05, 0.5, 0.5, 0.0, 1.0, 0.0, 0.035808615918353576, 0.33087159541235417, 75.0, 0.0, 0.0];[0.731334732377241, -0.2340110317140338, 10.760671036909866, -8.881784197001252e-16, -0.35651280424678455, -11.333796803910655, -10.635315207879827, -14.0, -0.84797951777482, -0.46781160373014874, 0.0, -0.761984139702901, -0.619463108551114, 0.0, -0.09588707495948834];51.16468359999999;10.476724300002388
54;[nan, nan, nan];False;False;[1.0, 5.369886693457106, 1.3510916468518248, 0.0, 1.0, 20.113492999234964, 0.5245200523799249, 0.5, 12766.295668330873, 15079.408875848461, 10500.0, 0.0, 3.0, 0.0, 0.025, 0.038647759929186176, 0.21083626949975887, 0.0, 0.052238217169487504, 0.4950326157845987, 0.0, 0.05, 0.5, 0.5, 0.03371000013906711, 0.2715419454335712, 0.0, 0.045779790441152976, 0.33679263632247775, 0.0, 0.05, 0.5, 0.5, 0.0, 0.0, 0.0, 0.030000000000000002, 0.255, 0.0, 0.0, 0.0];[nan, nan, nan, nan, nan, nan, nan, nan, nan, nan, nan, nan, nan, nan, nan];101.96639960000175;10.476724300002388
55;[11.895109987073512, 3084.08890637786, 107.33098200075665];True;False;[1.0, 5.370157326863856, 1.3514572812440966, 0.0, 1.0, 20.088045141107642, 0.525610513594879, 0.5, 12782.722907892134, 15092.571865661383, 10500.0, 0.0, 3.0, 0.0, 0.025, 0.03742226420081078, 0.2105861931110146, 0.0, 0.05233214101520537, 0.4958202285154272, 0.0, 0.05, 0.5, 0.5, 0.034144549950312506, 0.2701633141668849, 0.0, 0.045895673331269614, 0.33857152428735815, 0.0, 0.05, 0.5, 0.5, 0.0, 0.0, 0.0, 0.030000000000000002, 0.255, 0.0, 0.0, 0.0];[0.2445461398529849, -0.11453711758884699, 5.7632581109868894, -3.3306690738754696e-16, -0.37438948640512104, -11.337284532345016, -10.941811921898315, -14.0, -0.7894138068889854, -0.5041797714845728, 0.0, -0.7298366858331151, -0.6614284757126419, 0.0, -0.20761478549576023];51.898994900002435;10.476724300002388
56;[11.59126290400643, 2926.179080896408, 107.66070847389202];True;False;[1.0, 5.2662597984184565, 1.4519194833049571, 0.0, 1.0, 19.350895602228835, 0.44801132460024584, 0.5, 14072.298106647511, 17195.25323401145, 10500.0, 0.0, 3.0, 0.0, 0.025, 0.03618716073496725, 0.2055111688258062, 0.0, 0.058783408614288706, 0.4374145374974731, 0.0, 0.05, 0.5, 0.5, 0.04424087804057339, 0.3934471819263791, 0.0, 0.03279290275013905, 0.2636673685678747, 0.0, 0.05, 0.5, 0.5, 0.0, 0.0, 0.0, 0.030000000000000002, 0.255, 0.0, 0.0, 0.0];[0.16048751777178794, -0.1746282550251279, 4.549486668517375, 8.881784197001252e-16, -0.4519886753997542, -10.947716172472061, -11.711039327188786, -14.0, -0.7944888311741938, -0.5625854625025268, 0.0, -0.6065528180736208, -0.7363326314321252, 0.0, -0.20051344189373083];24.495679399995424;7.098033200003556
57;[nan, nan, nan];False;False;[0.0, 7.25, 1.4500000000000002, 0.0, 1.0, 18.288638750683376, 0.43070383248854616, 0.5, 10881.953575825346, 16246.365180816332, 10500.0, 0.0, 3.0, 0.0, 0.025, 0.033821768213218334, 0.23506457768311773, 0.0, 0.05946549442601751, 0.4433874255231784, 0.0, 0.05, 0.5, 0.5, 0.011811234841337986, 0.39078269881624206, 0.0, 0.03733863804733542, 0.2669451383810772, 0.0, 0.05, 0.5, 0.5, 0.0, 0.0, 0.0, 0.030000000000000002, 0.255, 0.0, 0.0, 0.0];[nan, nan, nan, nan, nan, nan, nan, nan, nan, nan, nan, nan, nan, nan, nan];60.44659120000142;7.098033200003556
58;[12.351024464946711, 3032.7544878594535, 107.76388153766868];True;False;[1.0, 4.928203100250534, 1.469245999309753, 0.0, 1.0, 19.84974761869939, 0.4912932837667169, 0.5, 11517.941402525876, 16725.806593682322, 10500.0, 0.0, 3.0, 0.0, 0.025, 0.03520879134442372, 0.19948530906248466, 0.0, 0.06707467784772254, 0.41892988105245543, 0.0, 0.05, 0.5, 0.5, 0.028571419836294028, 0.5124295656814619, 0.0, 0.026930650296752196, 0.22045615253316625, 0.0, 0.05, 0.5, 0.5, 0.0, 1.0, 0.0, 0.028666006391858366, 0.22783275821843582, 66.0, 0.0, 1.0];[0.18843552820768306, -0.18243781695208172, 4.643041933563548, 0.0, -0.40870671623328314, -11.2598109158809, -11.387840540712173, -14.0, -0.8005146909375154, -0.5810701189475446, 0.0, -0.4875704343185381, -0.7795438474668337, 0.0, -0.23134221754131956];25.1509029000008;7.098033200003556
59;[11.773031292167353, 2900.103941238488, 107.6263443047564];True;False;[1.0, 5.205022724490259, 1.4491554720062647, 0.0, 1.0, 19.301864375828185, 0.4453520200987263, 0.5, 15751.54753659186, 16999.73232915048, 10500.0, 0.0, 3.0, 0.0, 0.025, 0.02457030312417846, 0.21230568919123838, 0.0, 0.059322812492935056, 0.4322015058263176, 0.0, 0.05, 0.5, 0.5, 0.04233480036521629, 0.3921816752588114, 0.0, 0.0324787869426174, 0.2715883611733261, 0.0, 0.05, 0.5, 0.5, 0.0, 0.0, 0.0, 0.030000000000000002, 0.255, 0.0, 0.0, 0.0];[0.15108812950738848, -0.18490650047756452, 4.472415949175041, -5.551115123125783e-16, -0.4546479799012737, -10.92714317105139, -11.729718520442429, -14.0, -0.7876943108087616, -0.5677984941736824, 0.0, -0.6078183247411886, -0.7284116388266739, 0.0, -0.19923099629691898];25.212780399997428;7.098033200003556
60;[nan, nan, nan];False;False;[0.0, 7.25, 1.4500000000000002, 0.0, 1.0, 18.255027697433377, 0.43348913207826667, 0.5, 13680.71320999889, 16094.671219783793, 10500.0, 0.0, 3.0, 0.0, 0.025, 0.01431834922368342, 0.23405575502826687, 0.0, 0.059117270779636334, 0.457425989195348, 0.0, 0.05, 0.5, 0.5, 0.007575276783373191, 0.37983748584127847, 0.0, 0.037943809662241104, 0.27722542288224095, 0.0, 0.05, 0.5, 0.5, 0.0, 0.0, 0.0, 0.030000000000000002, 0.255, 0.0, 0.0, 0.0];[nan, nan, nan, nan, nan, nan, nan, nan, nan, nan, nan, nan, nan, nan, nan];65.49419599999965;7.098033200003556
61;[nan, nan, nan];False;False;[0.0, 7.25, 1.4500000000000002, 0.0, 1.0, 17.186852526015937, 0.4095715557486753, 0.5, 15114.582863173524, 15982.783069347668, 10500.0, 0.0, 3.0, 0.0, 0.025, 0.004896224855467441, 0.23332003897731218, 0.0, 0.05082496414695913, 0.4967467595228739, 0.0, 0.05, 0.5, 0.5, 0.0031758298255777128, 0.21224703899366182, 0.0, 0.026001246970437743, 0.20555931186427404, 0.0, 0.05, 0.5, 0.5, 0.0, 0.0, 0.0, 0.030000000000000002, 0.255, 0.0, 1.0, 0.0];[nan, nan, nan, nan, nan, nan, nan, nan, nan, nan, nan, nan, nan, nan, nan];72.7019872000019;8.084261499992863
62;[25.928060612591356, 1274.1098856314625, 118.45387174816864];True;False;[0.0, 7.25, 1.4500000000000002, 0.0, 1.0, 16.68470554004306, 0.41324312483256165, 0.5, 14983.646433172205, 16027.648867693992, 10500.0, 0.0, 3.0, 0.0, 0.025, 0.0020780520962563487, 0.24394614706750115, 0.0, 0.05953867594258403, 0.49467346498976594, 0.0, 0.05, 0.5, 0.5, 0.00943726451303565, 0.2484887526914296, 0.0, 0.02727500771482036, 0.23022675355056132, 0.0, 0.05, 0.5, 0.5, 0.0, 0.0, 0.0, 0.030000000000000002, 0.255, 0.0, 1.0, 0.0];[0.8634790280001905, -1.4347166901722768, 0.6459456392493159, 0.722808996495979, -0.4867568751674384, -10.13272876802604, -11.572061686137749, -14.0, -0.7560538529324988, -0.5053265350102341, 0.0, -0.7515112473085704, -0.7697732464494387, 0.0, 0.029334158742227556];26.182323799999722;8.084261499992863
63;[25.91383493904187, 1274.23716257736, 118.46359739540833];True;False;[0.0, 7.25, 1.4500000000000002, 0.0, 1.0, 16.83449933041317, 0.3997757297479393, 0.5, 15691.118342373082, 15839.118628659124, 10500.0, 0.0, 3.0, 0.0, 0.025, 0.0022956983011961397, 0.23346149021234366, 0.0, 0.058878256572521465, 0.4851364967408857, 0.0, 0.05, 0.5, 0.5, 0.009231661633533794, 0.2856307777089969, 0.0, 0.02560291357680732, 0.21590331786325712, 0.0, 0.05, 0.5, 0.5, 0.0, 0.0, 0.0, 0.030000000000000002, 0.255, 0.0, 1.0, 0.0];[0.8600884046348334, -1.4355292060036373, 0.8529526931371407, 0.7253432292732942, -0.5002242702520607, -9.972539511149169, -11.65149047560965, -14.0, -0.7665385097876564, -0.5148635032591142, 0.0, -0.7143692222910031, -0.7840966821367429, 0.0, 0.029668998885007514];26.090228499997465;8.084261499992863
64;[nan, nan, nan];False;False;[0.0, 7.25, 1.4500000000000002, 0.0, 1.0, 17.120928999977387, 0.40627200985179557, 0.5, 16330.801361872494, 16214.744806942062, 10500.0, 0.0, 3.0, 0.0, 0.025, 0.009602899133378626, 0.23840869774415846, 0.0, 0.04784356156842837, 0.5016584752534482, 0.0, 0.05, 0.5, 0.5, 0.020927574541804495, 0.21140689515845623, 0.0, 0.024086235666056503, 0.21090345574251257, 0.0, 0.05, 0.5, 0.5, 0.0, 0.0, 0.0, 0.030000000000000002, 0.255, 0.0, 1.0, 0.0];[nan, nan, nan, nan, nan, nan, nan, nan, nan, nan, nan, nan, nan, nan, nan];61.19199849999859;8.084261499992863
65;[15.991345882165268, 2012.9633468560771, 108.56429114704432];True;True;[1.0, 2.858146683976563, 1.6348196951820504, 0.0, 0.0, 16.36594893100006, 0.5, 0.5, 13970.250080437143, 10500.0, 10500.0, 0.0, 3.0, 0.0, 0.025, 0.03664111721314265, 0.0, 0.0, 0.05, 0.5, 0.5, 0.05, 0.5, 0.5, 0.05869482767307125, 0.0, 0.0, 0.05, 0.5, 0.5, 0.05, 0.5, 0.5, 0.0, 0.0, 0.0, 0.030000000000000002, 0.255, 0.0, 0.0, 0.0];[-0.3891557805362167, -0.5110017697323306, -0.78449870735807, -1.1102230246251565e-16, -0.4, -4.989141322904372, -14.0, -14.0, -1.0, 0.0, 0.0, -1.0, 0.0, 0.0, -0.15408732605065795];24.18793810000352;8.084261499992863
66;[28.347309707563515, 1246.7897746139986, 118.1390352394403];True;False;[0.0, 7.25, 1.4500000000000002, 0.0, 1.0, 9.251067558266149, 0.47519011544658685, 0.5, 13670.635182226524, 10766.732829464712, 10500.0, 0.0, 3.0, 0.0, 0.025, 0.02830156304670732, 0.24295512800291275, 0.0, 0.0574539863277174, 0.5826359429596817, 0.0, 0.05, 0.5, 0.5, 0.040981074196694195, 0.29678887935537734, 0.0, 0.05049313910703033, 0.3773107815127733, 0.0, 0.05, 0.5, 0.5, 0.0, 0.0, 0.0, 0.030000000000000002, 0.255, 0.0, 0.0, 0.0];[1.0507160476661692, -1.3898479370547216, -8.29121780327062, 0.547313475527998, -0.4248098845534132, -11.803584483234625, -12.10579944636616, -14.0, -0.7570448719970873, -0.4173640570403183, 0.0, -0.7032111206446227, -0.6226892184872267, 0.0, 0.011478633538061778];28.27373449999868;6.801089400003548
67;[16.358757166471396, 2101.881815725291, 109.54715599337132];True;False;[1.0, 2.7965214532948233, 1.7054255992888052, 0.0, 1.0, 10.280257677650226, 0.4873874494890733, 0.5, 12853.225340746809, 10566.777964663806, 10500.0, 0.0, 3.0, 0.0, 0.025, 0.027092299667827648, 0.2604979974017198, 0.0, 0.056961136104426685, 0.591546229950562, 0.0, 0.05, 0.5, 0.5, 0.043361541443641946, 0.3094494144073273, 0.0, 0.051961652307530415, 0.3771261595310195, 0.0, 0.05, 0.5, 0.5, 0.0, 0.0, 0.0, 0.030000000000000002, 0.255, 0.0, 0.0, 1.0];[0.07722941500198122, -0.46715688824300416, -7.356011711009158, 6.661338147750939e-16, -0.4126125505109267, -12.482073445003394, -12.6059778473675, -14.0, -0.7395020025982801, -0.40845377004943795, 0.0, -0.6905505855926727, -0.6228738404689804, 0.0, -0.1575684608794664];40.685649499995634;6.801089400003548
68;[28.315102087412864, 1247.9333633328936, 118.1291526986543];True;False;[0.0, 7.25, 1.4500000000000002, 0.0, 1.0, 9.272069196846648, 0.47475016349653154, 0.5, 13641.21002728119, 10758.397831493785, 10500.0, 0.0, 3.0, 0.0, 0.025, 0.028787331175727682, 0.24296145011540843, 0.0, 0.057432806994606345, 0.5829830009203933, 0.0, 0.05, 0.5, 0.5, 0.041385885489747525, 0.29460641903294876, 0.0, 0.05085554672773721, 0.3785537262118355, 0.0, 0.05, 0.5, 0.5, 0.0, 0.0, 0.0, 0.030000000000000002, 0.255, 0.0, 0.0, 0.0];[1.052065525259482, -1.3895245534787593, -8.270454034783999, 0.5475249987876973, -0.4252498365034685, -11.797134263550017, -12.105070908428495, -14.0, -0.7570385498845915, -0.41701699907960665, 0.0, -0.7053935809670513, -0.6214462737881645, 0.0, 0.011354314228017914];28.29961000000185;6.801089400003548
69;[16.35577859835084, 2102.6023801571623, 109.54552155504626];True;False;[1.0, 2.8017319347284335, 1.704518132676723, 0.0, 1.0, 10.2831462403633, 0.48790383527644265, 0.5, 12851.29948857354, 10557.373705165168, 10500.0, 0.0, 3.0, 0.0, 0.025, 0.027100635137649848, 0.2608788827273384, 0.0, 0.05699526449271861, 0.5917347842605516, 0.0, 0.05, 0.5, 0.5, 0.042622394419144664, 0.3097243139916155, 0.0, 0.0519010835562822, 0.3780263161491369, 0.0, 0.05, 0.5, 0.5, 0.0, 0.0, 0.0, 0.030000000000000002, 0.255, 0.0, 0.0, 1.0];[0.0767357288602799, -0.46672829265267124, -7.352831664527521, -3.3306690738754696e-16, -0.41209616472355737, -12.483651206735948, -12.602527978725357, -14.0, -0.7391211172726616, -0.4082652157394484, 0.0, -0.6902756860083845, -0.6219736838508632, 0.0, -0.15764569471366668];40.537604099998134;6.801089400003548
70;[28.311911622904947, 1247.7917263202112, 118.13170080875128];True;False;[0.0, 7.25, 1.4500000000000002, 0.0, 1.0, 9.283456468357222, 0.47482388718232094, 0.5, 13638.456760531399, 10761.286100745172, 10500.0, 0.0, 3.0, 0.0, 0.025, 0.028601718865965065, 0.2434445937858778, 0.0, 0.057477622928235265, 0.5836547431553528, 0.0, 0.05, 0.5, 0.5, 0.041287053892989395, 0.29711255933142366, 0.0, 0.050753550080977164, 0.37742483837162427, 0.0, 0.05, 0.5, 0.5, 0.0, 0.0, 0.0, 0.030000000000000002, 0.255, 0.0, 0.0, 0.0];[1.0512837456742696, -1.389711896106103, -8.259171104684253, 0.5479913346761025, -0.4251761128176791, -11.79564181896825, -12.102865552511954, -14.0, -0.7565554062141222, -0.4163452568446472, 0.0, -0.7028874406685763, -0.6225751616283757, 0.0, 0.011426327546373294];29.466004200003226;6.801089400003548
71;[14.182782648880169, 2432.135370883608, 109.77783166581517];True;False;[1.0, 4.5699018577180315, 1.6274696585731063, 0.0, 1.0, 8.519622267390805, 0.4891079045147294, 0.5, 14586.238038694912, 14010.983931495277, 10500.0, 0.0, 3.0, 0.0, 0.025, 0.023929860892237153, 0.20543865787609186, 0.0, 0.05754733308143359, 0.5269718485175424, 0.0, 0.05, 0.5, 0.5, 0.028829005352079724, 0.18720466672001576, 0.0, 0.0419814685210973, 0.29039417328175593, 0.0, 0.05, 0.5, 0.5, 0.0, 0.0, 0.0, 0.030000000000000002, 0.255, 0.0, 1.0, 0.0];[0.09226275755374314, -0.2704222464671604, -9.082258354794828, -0.012843728277842303, -0.4108920954852706, -12.661615247295193, -12.761322838126361, -14.0, -0.7945613421239082, -0.4730281514824576, 0.0, -0.8127953332799842, -0.7096058267182441, 0.0, -0.18798072543267386];31.179559200005315;17.561462700003176
72;[nan, nan, nan];False;False;[0.0, 7.25, 1.4500000000000002, 0.0, 1.0, 8.35875218629537, 0.48018539757547984, 0.5, 14527.258147479142, 13954.037137966534, 10500.0, 0.0, 3.0, 0.0, 0.025, 0.02376825521222141, 0.2077123908928323, 0.0, 0.05730969634592077, 0.5259498371554947, 0.0, 0.05, 0.5, 0.5, 0.028644496239589784, 0.176612478433547, 0.0, 0.041642616858705385, 0.28279555303307835, 0.0, 0.05, 0.5, 0.5, 0.0, 0.0, 0.0, 0.030000000000000002, 0.255, 0.0, 1.0, 0.0];[nan, nan, nan, nan, nan, nan, nan, nan, nan, nan, nan, nan, nan, nan, nan];73.04327310000372;17.561462700003176
73;[14.02305496818351, 2440.3416605008165, 109.644188806529];True;False;[1.0, 4.536306811305179, 1.6148734879737936, 0.0, 1.0, 9.285861670161948, 0.48014447895665624, 0.5, 14757.633498754427, 14000.342498121187, 10500.0, 0.0, 3.0, 0.0, 0.025, 0.020202382869678837, 0.19614373294040138, 0.0, 0.05758326507403027, 0.5236061837788176, 0.0, 0.05, 0.5, 0.5, 0.02987173261016325, 0.18279031350662245, 0.0, 0.0420163451995062, 0.2925162088018603, 0.0, 0.05, 0.5, 0.5, 0.0, 0.0, 0.0, 0.030000000000000002, 0.255, 0.0, 1.0, 0.0];[0.08306548277049863, -0.27883935004172145, -8.34509343481366, 4.440892098500626e-16, -0.4198555210433438, -12.504846816173577, -12.69544810650286, -14.0, -0.8038562670595986, -0.4763938162211824, 0.0, -0.8172096864933776, -0.7074837911981398, 0.0, -0.18685229363775374];60.417490399995586;17.561462700003176
74;[15.189293647316426, 2132.550182770616, 109.92068163284038];True;False;[1.0, 4.474085410294235, 1.6158698407455279, 0.0, 0.0, 9.216291646297725, 0.5, 0.5, 14968.415917913157, 10500.0, 10500.0, 0.0, 3.0, 0.0, 0.025, 0.024245658020143876, 0.0, 0.0, 0.05, 0.5, 0.5, 0.05, 0.5, 0.5, 0.0266817138282376, 0.0, 0.0, 0.05, 0.5, 0.5, 0.05, 0.5, 0.5, 0.0, 0.0, 0.0, 0.030000000000000002, 0.255, 0.0, 0.0, 0.0];[-0.39473397269563915, -0.3458921323444044, -8.61821571494215, 2.220446049250313e-16, -0.4, -9.29638983666808, -14.0, -14.0, -1.0, 0.0, 0.0, -1.0, 0.0, 0.0, -0.18062585642974677];24.703236400004243;17.561462700003176
75;[29.037472737486404, 1226.709874541054, 118.29788075814346];True;False;[0.0, 7.25, 1.4500000000000002, 0.0, 1.0, 8.706231100168687, 0.48448494536400677, 0.5, 14936.231749139804, 14232.640580202049, 10500.0, 0.0, 3.0, 0.0, 0.025, 0.02901107226095035, 0.19875619762566474, 0.0, 0.058143873117035505, 0.5146234665891025, 0.0, 0.05, 0.5, 0.5, 0.030696551887248125, 0.15639830123729934, 0.0, 0.039589373722407416, 0.28567554747917934, 0.0, 0.05, 0.5, 0.5, 0.0, 0.0, 0.0, 0.030000000000000002, 0.255, 0.0, 1.0, 0.0];[1.0351515573058991, -1.3935777511514242, -8.821151516266065, 0.5365684141241247, -0.41551505463599325, -11.95634356242736, -12.139548671560306, -14.0, -0.8012438023743352, -0.4853765334108975, 0.0, -0.8436016987627006, -0.7143244525208207, 0.0, 0.012916878575935598];50.98155370000313;17.561462700003176
76;[nan, nan, nan];False;False;[0.0, 7.25, 1.4500000000000002, 0.0, 0.0, 12.057031609181905, 0.5, 0.5, 19587.84799573962, 10500.0, 10500.0, 0.0, 3.0, 0.0, 0.025, 0.0464593477458099, 0.0, 0.0, 0.05, 0.5, 0.5, 0.05, 0.5, 0.5, 0.04817922213142792, 0.0, 0.0, 0.05, 0.5, 0.5, 0.05, 0.5, 0.5, 0.0, 0.0, 0.0, 0.030000000000000002, 0.255, 0.0, 0.0, 0.0];[nan, nan, nan, nan, nan, nan, nan, nan, nan, nan, nan, nan, nan, nan, nan];28.605162100000598;7.232990099997551
77;[nan, nan, nan];False;False;[0.0, 7.25, 1.4500000000000002, 0.0, 0.0, 12.084839066624912, 0.5, 0.5, 18189.425879549624, 10500.0, 10500.0, 0.0, 3.0, 0.0, 0.025, 0.06297968516407482, 0.0, 0.0, 0.05, 0.5, 0.5, 0.05, 0.5, 0.5, 0.03969608185367497, 0.0, 0.0, 0.05, 0.5, 0.5, 0.05, 0.5, 0.5, 0.0, 0.0, 0.0, 0.030000000000000002, 0.255, 0.0, 0.0, 0.0];[nan, nan, nan, nan, nan, nan, nan, nan, nan, nan, nan, nan, nan, nan, nan];37.61159069999849;7.232990099997551
78;[28.012652538942163, 1106.7347503812953, 118.76941357261802];True;False;[0.0, 7.25, 1.4500000000000002, 0.0, 0.0, 12.321737613938145, 0.5, 0.5, 17729.058966083234, 10500.0, 10500.0, 0.0, 3.0, 0.0, 0.025, 0.0417361886301161, 0.0, 0.0, 0.05, 0.5, 0.5, 0.05, 0.5, 0.5, 0.048165235173177806, 0.0, 0.0, 0.05, 0.5, 0.5, 0.05, 0.5, 0.5, 0.0, 0.0, 0.0, 0.030000000000000002, 0.255, 0.0, 0.0, 0.0];[0.38274847473002627, -1.462205295621518, -5.5866514384828, 0.6498154045030693, -0.4, -2.6782623860618546, -14.0, -14.0, -1.0, 0.0, 0.0, -1.0, 0.0, 0.0, 0.028590640722367278];9.995560399998794;7.232990099997551
79;[28.03565444770094, 1108.1466972803462, 118.74299473824085];True;False;[0.0, 7.25, 1.4500000000000002, 0.0, 0.0, 12.167615822844592, 0.5, 0.5, 17165.150786528466, 10500.0, 10500.0, 0.0, 3.0, 0.0, 0.025, 0.04155177021699306, 0.0, 0.0, 0.05, 0.5, 0.5, 0.05, 0.5, 0.5, 0.05232600882118326, 0.0, 0.0, 0.05, 0.5, 0.5, 0.05, 0.5, 0.5, 0.0, 0.0, 0.0, 0.030000000000000002, 0.255, 0.0, 0.0, 0.0];[0.3900952327999052, -1.46031277270282, -5.748620257302866, 0.6446832093980832, -0.4, -2.832384177155408, -14.0, -14.0, -1.0, 0.0, 0.0, -1.0, 0.0, 0.0, 0.027796499223986415];10.165021000000706;7.232990099997551
80;[28.102647248263033, 1104.1958337168821, 118.78575785057821];True;False;[0.0, 7.25, 1.4500000000000002, 0.0, 0.0, 12.172795449112876, 0.5, 0.5, 17952.904852786727, 10500.0, 10500.0, 0.0, 3.0, 0.0, 0.025, 0.03016895183563517, 0.0, 0.0, 0.05, 0.5, 0.5, 0.05, 0.5, 0.5, 0.05805958705248407, 0.0, 0.0, 0.05, 0.5, 0.5, 0.05, 0.5, 0.5, 0.0, 0.0, 0.0, 0.030000000000000002, 0.255, 0.0, 0.0, 0.0];[0.3821550527541744, -1.4623581609641663, -5.743194890584556, 0.647432119490428, -0.4, -2.8272045508871244, -14.0, -14.0, -1.0, 0.0, 0.0, -1.0, 0.0, 0.0, 0.028654890484824058];9.701983899998595;7.232990099997551
81;[nan, nan, nan];False;False;[0.0, 7.25, 1.4500000000000002, 0.0, 0.0, 10.937118601493577, 0.5, 0.5, 20000.0, 10500.0, 10500.0, 0.0, 3.0, 0.0, 0.025, 0.005036564935233369, 0.0, 0.0, 0.05, 0.5, 0.5, 0.05, 0.5, 0.5, 0.0, 0.0, 0.0, 0.05, 0.5, 0.5, 0.05, 0.5, 0.5, 0.0, 0.0, 0.0, 0.030000000000000002, 0.255, 0.0, 0.0, 0.0];[nan, nan, nan, nan, nan, nan, nan, nan, nan, nan, nan, nan, nan, nan, nan];49.854734599997755;6.883266099997854
82;[29.22641695323634, 1050.0123853229934, 119.35364886737077];True;False;[0.0, 7.25, 1.4500000000000002, 0.0, 0.0, 11.82575645982054, 0.5, 0.5, 20000.0, 10500.0, 10500.0, 0.0, 3.0, 0.0, 0.025, 0.01514208794953213, 0.0, 0.0, 0.05, 0.5, 0.5, 0.05, 0.5, 0.5, 0.0, 0.0, 0.0, 0.05, 0.5, 0.5, 0.05, 0.5, 0.5, 0.0, 0.0, 0.0, 0.030000000000000002, 0.255, 0.0, 0.0, 0.0];[0.2839989038794313, -1.4876431587263526, -6.103932169616879, 0.6736616878678339, -0.4, -3.174243540179461, -14.0, -14.0, -1.0, 0.0, 0.0, -1.0, 0.0, 0.0, 0.0395016170782867];8.927376300001924;6.883266099997854
83;[nan, nan, nan];False;False;[0.0, 7.25, 1.4500000000000002, 0.0, 0.0, 10.575419115146085, 0.5, 0.5, 20000.0, 10500.0, 10500.0, 0.0, 3.0, 0.0, 0.025, 0.0, 0.0, 0.0, 0.05, 0.5, 0.5, 0.05, 0.5, 0.5, 0.0, 0.0, 0.0, 0.05, 0.5, 0.5, 0.05, 0.5, 0.5, 0.0, 0.0, 0.0, 0.030000000000000002, 0.255, 0.0, 0.0, 0.0];[nan, nan, nan, nan, nan, nan, nan, nan, nan, nan, nan, nan, nan, nan, nan];46.21573000000353;6.883266099997854
84;[29.389973509215015, 1041.3278149976634, 119.45247219761426];True;False;[0.0, 7.25, 1.4500000000000002, 0.0, 0.0, 11.85616098671845, 0.5, 0.5, 20000.0, 10500.0, 10500.0, 0.0, 3.0, 0.0, 0.025, 0.0014202480074428328, 0.0, 0.0, 0.05, 0.5, 0.5, 0.05, 0.5, 0.5, 3.067508581895198e-05, 0.0, 0.0, 0.05, 0.5, 0.5, 0.05, 0.5, 0.5, 0.0, 0.0, 0.0, 0.030000000000000002, 0.255, 0.0, 0.0, 0.0];[0.2653913200043263, -1.4924364673680939, -6.072552110324249, 0.680386314366547, -0.4, -3.14383901328155, -14.0, -14.0, -1.0, 0.0, 0.0, -1.0, 0.0, 0.0, 0.04160822720039581];10.289954800005944;6.883266099997854
85;[29.375681532356516, 1046.9244534332277, 119.37166412830766];True;False;[0.0, 7.25, 1.4500000000000002, 0.0, 0.0, 11.582089733588532, 0.5, 0.5, 20000.0, 10500.0, 10500.0, 0.0, 3.0, 0.0, 0.025, 0.004936848865028885, 0.0, 0.0, 0.05, 0.5, 0.5, 0.05, 0.5, 0.5, 0.008850008086837313, 0.0, 0.0, 0.05, 0.5, 0.5, 0.05, 0.5, 0.5, 0.0, 0.0, 0.0, 0.030000000000000002, 0.255, 0.0, 0.0, 0.0];[0.28507286612690574, -1.4873665063379307, -6.353857646077897, 0.6685159537171457, -0.4, -3.417910266411468, -14.0, -14.0, -1.0, 0.0, 0.0, -1.0, 0.0, 0.0, 0.039380531279717745];9.404639100001077;6.883266099997854
86;[nan, nan, nan];False;False;[0.0, 7.25, 1.4500000000000002, 0.0, 1.0, 11.361611424757752, 0.4412815735394552, 0.5, 14065.847615503151, 12290.416484993646, 10500.0, 0.0, 3.0, 0.0, 0.025, 0.03378072842745351, 0.2563920182278696, 0.0, 0.058809955115012406, 0.5908547380232753, 0.0, 0.05, 0.5, 0.5, 0.03084613303799187, 0.23367582668668288, 0.0, 0.04748335854851755, 0.3745715932017125, 0.0, 0.05, 0.5, 0.5, 0.0, 0.0, 0.0, 0.030000000000000002, 0.255, 0.0, 0.0, 0.0];[nan, nan, nan, nan, nan, nan, nan, nan, nan, nan, nan, nan, nan, nan, nan];61.71033410000382;6.805991399996856
87;[26.93564366730018, 1276.7229673910128, 118.0404804981163];True;False;[0.0, 7.25, 1.4500000000000002, 0.0, 1.0, 11.493067330844388, 0.4446819528501127, 0.5, 14107.724809963103, 12211.262845075371, 10500.0, 0.0, 3.0, 0.0, 0.025, 0.031452741282874064, 0.24964737331954603, 0.0, 0.05823465562427606, 0.5861966834524343, 0.0, 0.05, 0.5, 0.5, 0.045571358137940776, 0.22272516029553635, 0.0, 0.04773321338322503, 0.38175314500608404, 0.0, 0.05, 0.5, 0.5, 0.0, 0.0, 0.0, 0.030000000000000002, 0.255, 0.0, 0.0, 0.0];[1.0206093819696562, -1.397062581641236, -5.93142576437703, 0.6025564106947412, -0.45531804714988733, -11.21152769078199, -11.966305573125146, -14.0, -0.750352626680454, -0.41380331654756575, 0.0, -0.7772748397044636, -0.618246854993916, 0.0, 0.014267984344353057];17.42263819999789;6.805991399996856
88;[26.99574001345045, 1275.0028064594424, 118.04836845224557];True;False;[0.0, 7.25, 1.4500000000000002, 0.0, 1.0, 11.388928975314446, 0.4423547248119969, 0.5, 13783.063587441266, 12307.90798176484, 10500.0, 0.0, 3.0, 0.0, 0.025, 0.034804886170207404, 0.24330595411732686, 0.0, 0.0584196038698481, 0.5853511168382287, 0.0, 0.05, 0.5, 0.5, 0.04240318174852517, 0.21673039694135954, 0.0, 0.04687380097714107, 0.377113074977079, 0.0, 0.05, 0.5, 0.5, 0.0, 0.0, 0.0, 0.030000000000000002, 0.255, 0.0, 0.0, 0.0];[1.0210228997799309, -1.3969634878371822, -6.047927241439744, 0.6005419205887066, -0.45764527518800313, -11.21090825848899, -11.994285239772848, -14.0, -0.7566940458826732, -0.4146488831617713, 0.0, -0.7832696030586405, -0.622886925022921, 0.0, 0.014229466306186378];29.044732599999406;6.805991399996856
89;[27.02886873862974, 1269.1447172246108, 118.11349701293366];True;False;[0.0, 7.25, 1.4500000000000002, 0.0, 1.0, 11.515467990949558, 0.4357871992682064, 0.5, 14272.62145207037, 12406.555504443615, 10500.0, 0.0, 3.0, 0.0, 0.025, 0.03438338675880365, 0.2579555900254493, 0.0, 0.05868200851832266, 0.5886821360324798, 0.0, 0.05, 0.5, 0.5, 0.03368653378869432, 0.23060803257842744, 0.0, 0.04729746906293442, 0.37425685918784657, 0.0, 0.05, 0.5, 0.5, 0.0, 0.0, 0.0, 0.030000000000000002, 0.255, 0.0, 0.0, 0.0];[1.0051725583370885, -1.400761802178523, -5.907779541833831, 0.6077831261843065, -0.4642128007317936, -11.138775713389732, -12.01766405259538, -14.0, -0.7420444099745507, -0.41131786396752024, 0.0, -0.7693919674215726, -0.6257431408121534, 0.0, 0.015710021644741334];17.476839299997664;6.805991399996856
90;[nan, nan, nan];False;False;[0.0, 7.25, 1.4500000000000002, 0.0, 1.0, 10.976720278148667, 0.4116115112684219, 0.5, 14070.999908830077, 13139.533377343305, 10500.0, 0.0, 3.0, 0.0, 0.025, 0.023518627710162613, 0.29424630853995537, 0.0, 0.060453105609685226, 0.6114636059762456, 0.0, 0.05, 0.5, 0.5, 0.03286877293521052, 0.2785814005343604, 0.0, 0.04359318486763953, 0.3578890484972006, 0.0, 0.05, 0.5, 0.5, 0.0, 0.0, 0.0, 0.030000000000000002, 0.255, 0.0, 0.0, 0.0];[nan, nan, nan, nan, nan, nan, nan, nan, nan, nan, nan, nan, nan, nan, nan];59.38509250000061;6.805991399996856
91;[26.50645109503462, 1284.7048926848522, 118.0864773732722];True;False;[0.0, 7.25, 1.4500000000000002, 0.0, 1.0, 12.850024966276097, 0.5109516073800323, 0.5, 14045.751255331072, 12082.758704894914, 10500.0, 0.0, 3.0, 0.0, 0.025, 0.03527700897956916, 0.2758680428740771, 0.0, 0.05649105917017949, 0.5249553656117656, 0.0, 0.05, 0.5, 0.5, 0.0320671686806011, 0.3156844157245322, 0.0, 0.045758049663204375, 0.36576133310117814, 0.0, 0.05, 0.5, 0.5, 0.0, 0.0, 0.0, 0.030000000000000002, 0.255, 0.0, 0.0, 0.0];[0.9901107415060659, -1.4043711575405082, -4.356726498297396, 0.6318439633137567, -0.3890483926199677, -11.49298180739613, -11.335911517831253, -14.0, -0.7241319571259228, -0.4750446343882344, 0.0, -0.6843155842754678, -0.6342386668988218, 0.0, 0.017124843722048255];33.9832363999958;6.966645499996957
92;[nan, nan, nan];False;False;[0.0, 7.25, 1.4500000000000002, 0.0, 1.0, 12.774923956728372, 0.5112607588715065, 0.5, 13738.20330628735, 12053.643679199842, 10500.0, 0.0, 3.0, 0.0, 0.025, 0.03571870934640666, 0.27370200462265504, 0.0, 0.05640361697387164, 0.5280322480431212, 0.0, 0.05, 0.5, 0.5, 0.045552318877028375, 0.30817179773394765, 0.0, 0.04604961339797253, 0.3679790678656459, 0.0, 0.05, 0.5, 0.5, 0.0, 0.0, 0.0, 0.030000000000000002, 0.255, 0.0, 0.0, 0.0];[nan, nan, nan, nan, nan, nan, nan, nan, nan, nan, nan, nan, nan, nan, nan];23.813229400002456;6.966645499996957
93;[26.524801922107088, 1288.0457231888454, 118.03942079177898];True;False;[0.0, 7.25, 1.4500000000000002, 0.0, 1.0, 12.633197452893402, 0.5157645448924538, 0.5, 13730.124940770522, 12113.924115880012, 10500.0, 0.0, 3.0, 0.0, 0.025, 0.028355791065274666, 0.2777603903742758, 0.0, 0.05616637303883653, 0.5199029952889354, 0.0, 0.05, 0.5, 0.5, 0.04566530942875549, 0.33024498502394667, 0.0, 0.04617380918416844, 0.3620762791329796, 0.0, 0.05, 0.5, 0.5, 0.0, 0.0, 0.0, 0.030000000000000002, 0.255, 0.0, 0.0, 0.0];[1.0034641540364913, -1.4011711975583785, -4.615261700707082, 0.6241368529206737, -0.3842354551075462, -11.556031327428116, -11.331790833782701, -14.0, -0.7222396096257242, -0.48009700471106465, 0.0, -0.6697550149760534, -0.6379237208670204, 0.0, 0.01587011012613959];33.35242550000112;6.966645499996957
94;[nan, nan, nan];False;False;[0.0, 7.25, 1.4500000000000002, 0.0, 1.0, 13.488937285511811, 0.5140889533751386, 0.5, 14050.54770098645, 12081.961698411316, 10500.0, 0.0, 3.0, 0.0, 0.025, 0.02986355008651779, 0.2828338015377637, 0.0, 0.05636393534702804, 0.5249309698800225, 0.0, 0.05, 0.5, 0.5, 0.051286686195697206, 0.3186435689510644, 0.0, 0.04517062231456195, 0.3636152416098874, 0.0, 0.05, 0.5, 0.5, 0.0, 0.0, 0.0, 0.030000000000000002, 0.255, 0.0, 0.0, 0.0];[nan, nan, nan, nan, nan, nan, nan, nan, nan, nan, nan, nan, nan, nan, nan];47.544070900003135;6.966645499996957
95;[26.540692188131946, 1285.6469864753908, 118.06398047385767];True;False;[0.0, 7.25, 1.4500000000000002, 0.0, 1.0, 12.673100748625405, 0.5108170032714819, 0.5, 14158.60431356913, 12051.933017135274, 10500.0, 0.0, 3.0, 0.0, 0.025, 0.03297593032689396, 0.2726917080058056, 0.0, 0.05643284170964931, 0.5227766784045668, 0.0, 0.05, 0.5, 0.5, 0.038262383660100624, 0.3024593753011301, 0.0, 0.045619052915768385, 0.3676706287833607, 0.0, 0.05, 0.5, 0.5, 0.0, 0.0, 0.0, 0.030000000000000002, 0.255, 0.0, 0.0, 0.0];[0.9975980257038994, -1.4025769337978287, -4.5676412879633155, 0.6267633885772415, -0.3891829967285181, -11.51627032574791, -11.362203174864263, -14.0, -0.7273082919941944, -0.47722332159543324, 0.0, -0.6975406246988699, -0.6323293712166393, 0.0, 0.016420561478675766];33.32623469999817;6.966645499996957
96;[26.28999891039739, 1294.0806097407963, 118.00554229485087];True;False;[0.0, 7.25, 1.4500000000000002, 0.0, 1.0, 13.026957329227901, 0.4863676581509998, 0.5, 13720.2883261557, 12092.255962019355, 10500.0, 0.0, 3.0, 0.0, 0.025, 0.03584642796436457, 0.2931390131535413, 0.0, 0.05882725480555934, 0.5224000975717259, 0.0, 0.05, 0.5, 0.5, 0.03699397471337836, 0.3063109423711987, 0.0, 0.04770878478924223, 0.3390039738931749, 0.0, 0.05, 0.5, 0.5, 0.0, 0.0, 0.0, 0.030000000000000002, 0.255, 0.0, 0.0, 0.0];[1.0023003348996973, -1.401450090661973, -4.143636159517083, 0.6321406647967363, -0.4136323418490002, -11.290927415530021, -11.487812779999981, -14.0, -0.7068609868464587, -0.4775999024282741, 0.0, -0.6936890576288013, -0.6609960261068251, 0.0, 0.01597922440012023];52.540700199999264;6.984377899992978
97;[nan, nan, nan];False;False;[0.0, 7.25, 1.4500000000000002, 0.0, 1.0, 13.068468472907037, 0.4926569042315234, 0.5, 13453.187959676661, 12070.097435432068, 10500.0, 0.0, 3.0, 0.0, 0.025, 0.03506030052302286, 0.2884362511202913, 0.0, 0.05804850431138138, 0.52011631456485, 0.0, 0.05, 0.5, 0.5, 0.037927615751142, 0.2925946701014357, 0.0, 0.047776951286231405, 0.341292306225228, 0.0, 0.05, 0.5, 0.5, 0.0, 0.0, 0.0, 0.030000000000000002, 0.255, 0.0, 0.0, 0.0];[nan, nan, nan, nan, nan, nan, nan, nan, nan, nan, nan, nan, nan, nan, nan];24.500696900002367;6.984377899992978
98;[26.3426382144378, 1290.0598621617935, 118.05007257198832];True;False;[0.0, 7.25, 1.4500000000000002, 0.0, 1.0, 13.089911865040321, 0.4876470866847107, 0.5, 14200.86512835097, 12356.425664117885, 10500.0, 0.0, 3.0, 0.0, 0.025, 0.02881181460757027, 0.302118134979505, 0.0, 0.05799481276603524, 0.5241502675609516, 0.0, 0.05, 0.5, 0.5, 0.0398683002741307, 0.31430350925207184, 0.0, 0.04657076158597595, 0.3286490267938964, 0.0, 0.05, 0.5, 0.5, 0.0, 0.0, 0.0, 0.030000000000000002, 0.255, 0.0, 0.0, 0.0];[0.9926932075871866, -1.4037523053859842, -4.067463661211372, 0.6356353763030365, -0.41235291331528934, -11.29148406692325, -11.470309929562486, -14.0, -0.697881865020495, -0.4758497324390484, 0.0, -0.6856964907479282, -0.6713509732061036, 0.0, 0.016881710286750562];36.93235860000277;6.984377899992978
99;[nan, nan, nan];False;False;[0.0, 7.25, 1.4500000000000002, 0.0, 1.0, 12.966612845730952, 0.48766550974297307, 0.5, 14031.59752752871, 12214.601232894793, 10500.0, 0.0, 3.0, 0.0, 0.025, 0.03884818781644102, 0.297407191453876, 0.0, 0.05863654960796123, 0.5237099866194469, 0.0, 0.05, 0.5, 0.5, 0.03887636092000068, 0.300140100237977, 0.0, 0.048023076707413855, 0.3417038335276793, 0.0, 0.05, 0.5, 0.5, 0.0, 0.0, 0.0, 0.030000000000000002, 0.255, 0.0, 0.0, 0.0];[nan, nan, nan, nan, nan, nan, nan, nan, nan, nan, nan, nan, nan, nan, nan];68.40592299999844;6.984377899992978
100;[26.40072857780007, 1289.9093306362108, 118.02793132301093];True;False;[0.0, 7.25, 1.4500000000000002, 0.0, 1.0, 12.820695762412667, 0.4872827494539156, 0.5, 14107.52840719735, 12092.361020248394, 10500.0, 0.0, 3.0, 0.0, 0.025, 0.03538175620645844, 0.28474588755859026, 0.0, 0.05807089830218344, 0.5291186670793768, 0.0, 0.05, 0.5, 0.5, 0.03596772158036223, 0.3129536646146476, 0.0, 0.048159169370221265, 0.3384161521888295, 0.0, 0.05, 0.5, 0.5, 0.0, 0.0, 0.0, 0.030000000000000002, 0.255, 0.0, 0.0, 0.0];[1.0009519229127388, -1.401773218880162, -4.391463702887467, 0.6293284756480555, -0.41271725054608444, -11.327141107126554, -11.50934159564664, -14.0, -0.7152541124414098, -0.4708813329206232, 0.0, -0.6870463353853524, -0.6615838478111705, 0.0, 0.016105702977092684];32.57778879999387;6.984377899992978
101;[nan, nan, nan];False;False;[0.0, 7.25, 1.4500000000000002, 0.0, 1.0, 10.911141009788812, 0.5152311303892653, 0.5, 13740.597395000425, 11933.572948895506, 10500.0, 0.0, 3.0, 0.0, 0.025, 0.027814044788273415, 0.20700281490769537, 0.0, 0.05630468853734123, 0.5205719460559832, 0.0, 0.05, 0.5, 0.5, 0.04351764804555141, 0.25617946303371386, 0.0, 0.043447217662354425, 0.3887017684031217, 0.0, 0.05, 0.5, 0.5, 0.0, 0.0, 0.0, 0.030000000000000002, 0.255, 0.0, 0.0, 0.0];[nan, nan, nan, nan, nan, nan, nan, nan, nan, nan, nan, nan, nan, nan, nan];81.60776819999592;7.537645699994755
102;[27.620946998817605, 1254.166721874883, 118.20661851468216];True;False;[0.0, 7.25, 1.4500000000000002, 0.0, 1.0, 10.731283606923208, 0.5148650944120328, 0.5, 14127.215560106859, 11952.579656234466, 10500.0, 0.0, 3.0, 0.0, 0.025, 0.024894139994283318, 0.20466645331910482, 0.0, 0.05623864244100625, 0.5165904306180634, 0.0, 0.05, 0.5, 0.5, 0.03968730645745694, 0.24374166619279894, 0.0, 0.043254753265191764, 0.3930880821563026, 0.0, 0.05, 0.5, 0.5, 0.0, 0.0, 0.0, 0.030000000000000002, 0.255, 0.0, 0.0, 0.0];[1.0048051147625001, -1.4008498549314585, -6.76374980619682, 0.5904973450215798, -0.38513490558796726, -11.820122621420435, -11.625252382619605, -14.0, -0.7953335466808952, -0.4834095693819366, 0.0, -0.7562583338072011, -0.6069119178436975, 0.0, 0.01574444508569084];50.11559390000184;7.537645699994755
103;[nan, nan, nan];False;False;[0.0, 7.25, 1.4500000000000002, 0.0, 1.0, 10.930602461739998, 0.5132123443159378, 0.5, 13988.490589779502, 12032.763024301237, 10500.0, 0.0, 3.0, 0.0, 0.025, 0.024464260689278688, 0.2086329688799167, 0.0, 0.056383038049933804, 0.5200446878832646, 0.0, 0.05, 0.5, 0.5, 0.03884536515871487, 0.24736697149602374, 0.0, 0.04302796001097139, 0.39048515974725073, 0.0, 0.05, 0.5, 0.5, 0.0, 0.0, 0.0, 0.030000000000000002, 0.255, 0.0, 0.0, 0.0];[nan, nan, nan, nan, nan, nan, nan, nan, nan, nan, nan, nan, nan, nan, nan];72.94778050000605;7.537645699994755
104;[nan, nan, nan];False;False;[0.0, 7.25, 1.4500000000000002, 0.0, 1.0, 10.84621212833324, 0.5149247241988378, 0.5, 14066.108108950935, 11981.894379538027, 10500.0, 0.0, 3.0, 0.0, 0.025, 0.025101959615018734, 0.20868781283082086, 0.0, 0.056446809262388334, 0.5203300211032983, 0.0, 0.05, 0.5, 0.5, 0.03753511340241758, 0.2467849482144512, 0.0, 0.04309838806240054, 0.390204395724522, 0.0, 0.05, 0.5, 0.5, 0.0, 0.0, 0.0, 0.030000000000000002, 0.255, 0.0, 0.0, 0.0];[nan, nan, nan, nan, nan, nan, nan, nan, nan, nan, nan, nan, nan, nan, nan];78.2649803999957;7.537645699994755
105;[nan, nan, nan];False;False;[0.0, 7.25, 1.4500000000000002, 0.0, 1.0, 10.852713696601352, 0.5138178276058655, 0.5, 14248.329520173218, 11923.080057241197, 10500.0, 0.0, 3.0, 0.0, 0.025, 0.02294626384168506, 0.20622468735222235, 0.0, 0.05663512174359445, 0.5184838150291413, 0.0, 0.05, 0.5, 0.5, 0.03571629691277921, 0.2426442762726156, 0.0, 0.0432617670523116, 0.3917409900801377, 0.0, 0.05, 0.5, 0.5, 0.0, 0.0, 0.0, 0.030000000000000002, 0.255, 0.0, 0.0, 0.0];[nan, nan, nan, nan, nan, nan, nan, nan, nan, nan, nan, nan, nan, nan, nan];74.49201859999448;7.537645699994755
106;[nan, nan, nan];False;False;[0.0, 7.25, 1.4500000000000002, 0.0, 0.0, 10.526375340529105, 0.5, 0.5, 4929.010233485606, 10500.0, 10500.0, 0.0, 3.0, 0.0, 0.025, 0.030381448220599766, 0.0, 0.0, 0.05, 0.5, 0.5, 0.05, 0.5, 0.5, 0.06167733577155668, 0.0, 0.0, 0.05, 0.5, 0.5, 0.05, 0.5, 0.5, 0.0, 0.0, 0.0, 0.030000000000000002, 0.255, 0.0, 0.0, 0.0];[nan, nan, nan, nan, nan, nan, nan, nan, nan, nan, nan, nan, nan, nan, nan];56.50180929999624;7.440087499999208
107;[28.65390158299695, 1074.9654948069406, 119.09714190125912];True;False;[0.0, 7.25, 1.4500000000000002, 0.0, 0.0, 12.098241095277332, 0.5, 0.5, 10658.52693766427, 10500.0, 10500.0, 0.0, 3.0, 0.0, 0.025, 0.016900543344439852, 0.0, 0.0, 0.05, 0.5, 0.5, 0.05, 0.5, 0.5, 0.03143511557612691, 0.0, 0.0, 0.05, 0.5, 0.5, 0.05, 0.5, 0.5, 0.0, 0.0, 0.0, 0.030000000000000002, 0.255, 0.0, 0.0, 0.0];[0.32625999052745236, -1.476756714081033, -5.8211658125454715, 0.6647755046756483, -0.4, -2.9017589047226675, -14.0, -14.0, -1.0, 0.0, 0.0, -1.0, 0.0, 0.0, 0.03477747775905271];9.548510400003579;7.440087499999208
108;[nan, nan, nan];False;False;[0.0, 7.25, 1.4500000000000002, 0.0, 0.0, 10.574412390063017, 0.5, 0.5, 7033.823332650488, 10500.0, 10500.0, 0.0, 3.0, 0.0, 0.025, 0.011311090025637932, 0.0, 0.0, 0.05, 0.5, 0.5, 0.05, 0.5, 0.5, 0.056091841259254475, 0.0, 0.0, 0.05, 0.5, 0.5, 0.05, 0.5, 0.5, 0.0, 0.0, 0.0, 0.030000000000000002, 0.255, 0.0, 0.0, 0.0];[nan, nan, nan, nan, nan, nan, nan, nan, nan, nan, nan, nan, nan, nan, nan];43.27774159999535;7.440087499999208
109;[nan, nan, nan];False;False;[0.0, 7.25, 1.4500000000000002, 0.0, 0.0, 10.157407176619728, 0.5, 0.5, 6620.765380695106, 10500.0, 10500.0, 0.0, 3.0, 0.0, 0.025, 0.031879518502505526, 0.0, 0.0, 0.05, 0.5, 0.5, 0.05, 0.5, 0.5, 0.08627492210055693, 0.0, 0.0, 0.05, 0.5, 0.5, 0.05, 0.5, 0.5, 0.0, 0.0, 0.0, 0.030000000000000002, 0.255, 0.0, 0.0, 0.0];[nan, nan, nan, nan, nan, nan, nan, nan, nan, nan, nan, nan, nan, nan, nan];54.50116700000217;7.440087499999208
110;[nan, nan, nan];False;False;[0.0, 7.25, 1.4500000000000002, 0.0, 0.0, 10.644901466103155, 0.5, 0.5, 5125.587534614308, 10500.0, 10500.0, 0.0, 3.0, 0.0, 0.025, 0.02801293364941526, 0.0, 0.0, 0.05, 0.5, 0.5, 0.05, 0.5, 0.5, 0.033149229580369796, 0.0, 0.0, 0.05, 0.5, 0.5, 0.05, 0.5, 0.5, 0.0, 0.0, 0.0, 0.030000000000000002, 0.255, 0.0, 0.0, 0.0];[nan, nan, nan, nan, nan, nan, nan, nan, nan, nan, nan, nan, nan, nan, nan];52.490036499999405;7.440087499999208
111;[nan, nan, nan];False;False;[0.0, 7.25, 1.4500000000000002, 0.0, 0.0, 10.341856330066552, 0.5, 0.5, 12884.618971122227, 10500.0, 10500.0, 0.0, 3.0, 0.0, 0.025, 0.027011878350765434, 0.0, 0.0, 0.05, 0.5, 0.5, 0.05, 0.5, 0.5, 0.04266162334195267, 0.0, 0.0, 0.05, 0.5, 0.5, 0.05, 0.5, 0.5, 0.0, 0.0, 0.0, 0.030000000000000002, 0.255, 0.0, 0.0, 0.0];[nan, nan, nan, nan, nan, nan, nan, nan, nan, nan, nan, nan, nan, nan, nan];48.66153140000097;8.159191999999166
112;[27.97925684532281, 1241.918016958491, 118.27318463350677];True;False;[0.0, 7.25, 1.4500000000000002, 0.0, 1.0, 10.194612885833102, 0.48535068867101994, 0.5, 12778.965678504157, 14431.427347892217, 10500.0, 0.0, 3.0, 0.0, 0.025, 0.02131561730277167, 0.27327341984023895, 0.0, 0.0545789357032348, 0.47388997120431486, 0.0, 0.05, 0.5, 0.5, 0.032716360930398924, 0.32096287783911887, 0.0, 0.049666239677615645, 0.38025584308958293, 0.0, 0.05, 0.5, 0.5, 0.0, 0.0, 0.0, 0.030000000000000002, 0.255, 0.0, 0.0, 0.0];[1.0015578646615353, -1.4016280133498726, -7.331876535483442, 0.5818834055189361, -0.4146493113289801, -11.71214056113499, -11.899316082273776, -14.0, -0.7267265801597611, -0.5261100287956851, 0.0, -0.6790371221608811, -0.6197441569104171, 0.0, 0.01604885907943332];27.034791400001268;8.159191999999166
113;[nan, nan, nan];False;False;[0.0, 7.25, 1.4500000000000002, 0.0, 1.0, 10.505169049564772, 0.4719397444133139, 0.5, 12681.732573313966, 13501.756592976259, 10500.0, 0.0, 3.0, 0.0, 0.025, 0.029801981775365912, 0.2796760212294783, 0.0, 0.0574863348252912, 0.49134328534072413, 0.0, 0.05, 0.5, 0.5, 0.03658991291349281, 0.29200355463471, 0.0, 0.04375214669656239, 0.38073944663999404, 0.0, 0.05, 0.5, 0.5, 0.0, 0.0, 0.0, 0.030000000000000002, 0.255, 0.0, 0.0, 0.0];[nan, nan, nan, nan, nan, nan, nan, nan, nan, nan, nan, nan, nan, nan, nan];77.53350109999883;8.159191999999166
114;[nan, nan, nan];False;False;[0.0, 7.25, 1.4500000000000002, 0.0, 0.0, 10.452769949524816, 0.5, 0.5, 13191.14273556402, 10500.0, 10500.0, 0.0, 3.0, 0.0, 0.025, 0.025367491490116512, 0.0, 0.0, 0.05, 0.5, 0.5, 0.05, 0.5, 0.5, 0.04453672424974898, 0.0, 0.0, 0.05, 0.5, 0.5, 0.05, 0.5, 0.5, 0.0, 0.0, 0.0, 0.030000000000000002, 0.255, 0.0, 0.0, 0.0];[nan, nan, nan, nan, nan, nan, nan, nan, nan, nan, nan, nan, nan, nan, nan];27.957590599995456;8.159191999999166
115;[nan, nan, nan];False;False;[0.0, 7.25, 1.4500000000000002, 0.0, 0.0, 10.45377866208136, 0.5, 0.5, 12651.328470815219, 10500.0, 10500.0, 0.0, 3.0, 0.0, 0.025, 0.02401666382062826, 0.0, 0.0, 0.05, 0.5, 0.5, 0.05, 0.5, 0.5, 0.046176944366998825, 0.0, 0.0, 0.05, 0.5, 0.5, 0.05, 0.5, 0.5, 0.0, 0.0, 0.0, 0.030000000000000002, 0.255, 0.0, 0.0, 0.0];[nan, nan, nan, nan, nan, nan, nan, nan, nan, nan, nan, nan, nan, nan, nan];29.60257100000308;8.159191999999166
116;[nan, nan, nan];False;False;[0.0, 7.25, 1.4500000000000002, 0.0, 0.0, 11.829409591709977, 0.5, 0.5, 13395.861138529439, 10500.0, 10500.0, 0.0, 3.0, 0.0, 0.025, 0.030802475412220365, 0.0, 0.0, 0.05, 0.5, 0.5, 0.05, 0.5, 0.5, 0.048065809225818615, 0.0, 0.0, 0.05, 0.5, 0.5, 0.05, 0.5, 0.5, 0.0, 0.0, 0.0, 0.030000000000000002, 0.255, 0.0, 0.0, 0.0];[nan, nan, nan, nan, nan, nan, nan, nan, nan, nan, nan, nan, nan, nan, nan];32.89932189999672;7.293647099999362
117;[nan, nan, nan];False;False;[0.0, 7.25, 1.4500000000000002, 0.0, 0.0, 11.943983498787667, 0.5, 0.5, 12886.42708573226, 10500.0, 10500.0, 0.0, 3.0, 0.0, 0.025, 0.03181420199336365, 0.0, 0.0, 0.05, 0.5, 0.5, 0.05, 0.5, 0.5, 0.04823465558493795, 0.0, 0.0, 0.05, 0.5, 0.5, 0.05, 0.5, 0.5, 0.0, 0.0, 0.0, 0.030000000000000002, 0.255, 0.0, 0.0, 0.0];[nan, nan, nan, nan, nan, nan, nan, nan, nan, nan, nan, nan, nan, nan, nan];55.2372727999973;7.293647099999362
118;[nan, nan, nan];False;False;[0.0, 7.25, 1.4500000000000002, 0.0, 0.0, 11.715628064334735, 0.5, 0.5, 12557.388993133012, 10500.0, 10500.0, 0.0, 3.0, 0.0, 0.025, 0.03159998876152165, 0.0, 0.0, 0.05, 0.5, 0.5, 0.05, 0.5, 0.5, 0.03976113131542342, 0.0, 0.0, 0.05, 0.5, 0.5, 0.05, 0.5, 0.5, 0.0, 0.0, 0.0, 0.030000000000000002, 0.255, 0.0, 0.0, 0.0];[nan, nan, nan, nan, nan, nan, nan, nan, nan, nan, nan, nan, nan, nan, nan];40.37546669999574;7.293647099999362
119;[nan, nan, nan];False;False;[0.0, 7.25, 1.4500000000000002, 0.0, 0.0, 11.67775561921727, 0.5, 0.5, 12885.958136934478, 10500.0, 10500.0, 0.0, 3.0, 0.0, 0.025, 0.03232910401621699, 0.0, 0.0, 0.05, 0.5, 0.5, 0.05, 0.5, 0.5, 0.04780321117122274, 0.0, 0.0, 0.05, 0.5, 0.5, 0.05, 0.5, 0.5, 0.0, 0.0, 0.0, 0.030000000000000002, 0.255, 0.0, 0.0, 0.0];[nan, nan, nan, nan, nan, nan, nan, nan, nan, nan, nan, nan, nan, nan, nan];36.20826599999418;7.293647099999362
120;[nan, nan, nan];False;False;[0.0, 7.25, 1.4500000000000002, 0.0, 0.0, 11.718308812566118, 0.5, 0.5, 13470.463108218391, 10500.0, 10500.0, 0.0, 3.0, 0.0, 0.025, 0.03102805584099523, 0.0, 0.0, 0.05, 0.5, 0.5, 0.05, 0.5, 0.5, 0.04588469386379043, 0.0, 0.0, 0.05, 0.5, 0.5, 0.05, 0.5, 0.5, 0.0, 0.0, 0.0, 0.030000000000000002, 0.255, 0.0, 0.0, 0.0];[nan, nan, nan, nan, nan, nan, nan, nan, nan, nan, nan, nan, nan, nan, nan];41.94005480000487;7.293647099999362
121;[nan, nan, nan];False;False;[0.0, 7.25, 1.4500000000000002, 0.0, 0.0, 11.547827169663558, 0.5, 0.5, 13266.339728744055, 10500.0, 10500.0, 0.0, 3.0, 0.0, 0.025, 0.030576517611014493, 0.0, 0.0, 0.05, 0.5, 0.5, 0.05, 0.5, 0.5, 0.04722456325123442, 0.0, 0.0, 0.05, 0.5, 0.5, 0.05, 0.5, 0.5, 0.0, 0.0, 0.0, 0.030000000000000002, 0.255, 0.0, 0.0, 0.0];[nan, nan, nan, nan, nan, nan, nan, nan, nan, nan, nan, nan, nan, nan, nan];38.020537099997455;7.189557999998215
122;[nan, nan, nan];False;False;[0.0, 7.25, 1.4500000000000002, 0.0, 0.0, 11.653538203189061, 0.5, 0.5, 12936.063831845597, 10500.0, 10500.0, 0.0, 3.0, 0.0, 0.025, 0.031802483817967415, 0.0, 0.0, 0.05, 0.5, 0.5, 0.05, 0.5, 0.5, 0.04372989712139013, 0.0, 0.0, 0.05, 0.5, 0.5, 0.05, 0.5, 0.5, 0.0, 0.0, 0.0, 0.030000000000000002, 0.255, 0.0, 0.0, 0.0];[nan, nan, nan, nan, nan, nan, nan, nan, nan, nan, nan, nan, nan, nan, nan];29.74855689999822;7.189557999998215
123;[nan, nan, nan];False;False;[0.0, 7.25, 1.4500000000000002, 0.0, 0.0, 11.719275798091381, 0.5, 0.5, 13324.851416006273, 10500.0, 10500.0, 0.0, 3.0, 0.0, 0.025, 0.030154258932363672, 0.0, 0.0, 0.05, 0.5, 0.5, 0.05, 0.5, 0.5, 0.049032826938795765, 0.0, 0.0, 0.05, 0.5, 0.5, 0.05, 0.5, 0.5, 0.0, 0.0, 0.0, 0.030000000000000002, 0.255, 0.0, 0.0, 0.0];[nan, nan, nan, nan, nan, nan, nan, nan, nan, nan, nan, nan, nan, nan, nan];48.580907299998216;7.189557999998215
124;[28.427308127509185, 1095.9463709267136, 118.83494278174419];True;False;[0.0, 7.25, 1.4500000000000002, 0.0, 0.0, 11.63160733112433, 0.5, 0.5, 12468.111070323028, 10500.0, 10500.0, 0.0, 3.0, 0.0, 0.025, 0.03481262528618165, 0.0, 0.0, 0.05, 0.5, 0.5, 0.05, 0.5, 0.5, 0.04950542049271346, 0.0, 0.0, 0.05, 0.5, 0.5, 0.05, 0.5, 0.5, 0.0, 0.0, 0.0, 0.030000000000000002, 0.255, 0.0, 0.0, 0.0];[0.3822775949764363, -1.4623265941204042, -6.303292707972869, 0.6376003644068329, -0.4, -3.3683926688756696, -14.0, -14.0, -1.0, 0.0, 0.0, -1.0, 0.0, 0.0, 0.028641621565998032];29.564705799995863;7.189557999998215
125;[28.546294699945356, 1090.389774179187, 118.89148330756458];True;False;[0.0, 7.25, 1.4500000000000002, 0.0, 0.0, 11.578475120191444, 0.5, 0.5, 13387.00568589022, 10500.0, 10500.0, 0.0, 3.0, 0.0, 0.025, 0.03152458070588623, 0.0, 0.0, 0.05, 0.5, 0.5, 0.05, 0.5, 0.5, 0.04577038022058841, 0.0, 0.0, 0.05, 0.5, 0.5, 0.05, 0.5, 0.5, 0.0, 0.0, 0.0, 0.030000000000000002, 0.255, 0.0, 0.0, 0.0];[0.3728652754809776, -1.4647512051112408, -6.357544224141357, 0.6396913666569137, -0.4, -3.4215248798085565, -14.0, -14.0, -1.0, 0.0, 0.0, -1.0, 0.0, 0.0, 0.029662734106461808];22.779841499999748;7.189557999998215
126;[nan, nan, nan];False;False;[0.0, 7.25, 1.4500000000000002, 0.0, 0.0, 10.544419405991816, 0.5, 0.5, 15228.292534316823, 10500.0, 10500.0, 0.0, 3.0, 0.0, 0.025, 0.012756110202172391, 0.0, 0.0, 0.05, 0.5, 0.5, 0.05, 0.5, 0.5, 0.02914253418935714, 0.0, 0.0, 0.05, 0.5, 0.5, 0.05, 0.5, 0.5, 0.0, 0.0, 0.0, 0.030000000000000002, 0.255, 0.0, 0.0, 0.0];[nan, nan, nan, nan, nan, nan, nan, nan, nan, nan, nan, nan, nan, nan, nan];45.771596900005534;6.7759694999986095
127;[nan, nan, nan];False;False;[0.0, 7.25, 1.4500000000000002, 0.0, 0.0, 11.952676836009017, 0.5, 0.5, 10673.370207780828, 10500.0, 10500.0, 0.0, 3.0, 0.0, 0.025, 0.036649111782514225, 0.0, 0.0, 0.05, 0.5, 0.5, 0.05, 0.5, 0.5, 0.04487189689622602, 0.0, 0.0, 0.05, 0.5, 0.5, 0.05, 0.5, 0.5, 0.0, 0.0, 0.0, 0.030000000000000002, 0.255, 0.0, 0.0, 0.0];[nan, nan, nan, nan, nan, nan, nan, nan, nan, nan, nan, nan, nan, nan, nan];33.183753199999046;6.7759694999986095
128;[28.597725441398747, 1077.2571220995, 119.0750268431915];True;False;[0.0, 7.25, 1.4500000000000002, 0.0, 0.0, 12.140036543826067, 0.5, 0.5, 14981.885687044512, 10500.0, 10500.0, 0.0, 3.0, 0.0, 0.025, 0.010872820512786745, 0.0, 0.0, 0.05, 0.5, 0.5, 0.05, 0.5, 0.5, 0.04000738528607397, 0.0, 0.0, 0.05, 0.5, 0.5, 0.05, 0.5, 0.5, 0.0, 0.0, 0.0, 0.030000000000000002, 0.255, 0.0, 0.0, 0.0];[0.3296133254409952, -1.4758928959019681, -5.7774869397766935, 0.6644172872883098, -0.4, -2.859963456173933, -14.0, -14.0, -1.0, 0.0, 0.0, -1.0, 0.0, 0.0, 0.034406166876314925];9.362289800003055;6.7759694999986095
129;[28.923166476149788, 1073.1226995677712, 119.06958339714765];True;False;[0.0, 7.25, 1.4500000000000002, 0.0, 0.0, 11.423034036302775, 0.5, 0.5, 15223.92562718322, 10500.0, 10500.0, 0.0, 3.0, 0.0, 0.025, 0.027696937715873816, 0.0, 0.0, 0.05, 0.5, 0.5, 0.05, 0.5, 0.5, 0.02717529500767827, 0.0, 0.0, 0.05, 0.5, 0.5, 0.05, 0.5, 0.5, 0.0, 0.0, 0.0, 0.030000000000000002, 0.255, 0.0, 0.0, 0.0];[0.3431078724455867, -1.4724167041939145, -6.515502143330629, 0.6464225802209069, -0.4, -3.5769659636972246, -14.0, -14.0, -1.0, 0.0, 0.0, -1.0, 0.0, 0.0, 0.032917129396995315];19.00963419999607;6.7759694999986095
130;[28.490009785242393, 1082.9238155546618, 119.01401202906334];True;False;[0.0, 7.25, 1.4500000000000002, 0.0, 0.0, 12.1502003125804, 0.5, 0.5, 15981.644265650822, 10500.0, 10500.0, 0.0, 3.0, 0.0, 0.025, 0.03286211850119167, 0.0, 0.0, 0.05, 0.5, 0.5, 0.05, 0.5, 0.5, 0.02626240833675375, 0.0, 0.0, 0.05, 0.5, 0.5, 0.05, 0.5, 0.5, 0.0, 0.0, 0.0, 0.030000000000000002, 0.255, 0.0, 0.0, 0.0];[0.34063240715243115, -1.4730543833929801, -5.766852851224694, 0.6609195685463989, -0.4, -2.8497996874195994, -14.0, -14.0, -1.0, 0.0, 0.0, -1.0, 0.0, 0.0, 0.03318965946062946];9.746530200005509;6.7759694999986095
131;[26.351991114522757, 1269.3863358192016, 118.14348395313223];True;False;[0.0, 7.25, 1.4500000000000002, 0.0, 1.0, 12.622714099940612, 0.10620621119179202, 0.5, 10658.181119782934, 12093.884348402888, 10500.0, 0.0, 3.0, 0.0, 0.025, 0.015429219763527803, 0.26029870553077067, 0.0, 0.057026532406147315, 0.4147561884671093, 0.0, 0.05, 0.5, 0.5, 0.06649405080198266, 0.44557035737060136, 0.0, 0.03781889424812346, 0.08811176603445356, 0.0, 0.05, 0.5, 0.5, 0.0, 0.0, 0.0, 0.030000000000000002, 0.255, 0.0, 1.0, 0.0];[0.9681206694792701, -1.40964077310354, -5.0792603366895275, 0.6486257855575093, -0.7937937888082081, -4.693289418298198, -13.775291689828705, -14.0, -0.7397012944692294, -0.5852438115328906, 0.0, -0.5544296426293986, -0.9118882339655464, 0.0, 0.019204463622128576];25.597070999996504;7.628919000002497
132;[27.76293830221285, 1113.5515700969281, 118.72988783893075];True;False;[0.0, 7.25, 1.4500000000000002, 0.0, 0.0, 12.780235804306471, 0.5, 0.5, 12217.765920635713, 10500.0, 10500.0, 0.0, 3.0, 0.0, 0.025, 0.06234650884138583, 0.0, 0.0, 0.05, 0.5, 0.5, 0.05, 0.5, 0.5, 0.030330409199938697, 0.0, 0.0, 0.05, 0.5, 0.5, 0.05, 0.5, 0.5, 0.0, 0.0, 0.0, 0.030000000000000002, 0.255, 0.0, 0.0, 0.0];[0.3828564319095227, -1.4621774858808732, -5.098268698938668, 0.657438657981509, -0.4, -2.2197641956935286, -14.0, -14.0, -1.0, 0.0, 0.0, -1.0, 0.0, 0.0, 0.028578953883833025];11.294952199998079;7.628919000002497
133;[nan, nan, nan];False;False;[0.0, 7.25, 1.4500000000000002, 0.0, 0.0, 11.578462675898848, 0.5, 0.5, 9956.052465211882, 10500.0, 10500.0, 0.0, 3.0, 0.0, 0.025, 0.03650224849774662, 0.0, 0.0, 0.05, 0.5, 0.5, 0.05, 0.5, 0.5, 0.04404787514890475, 0.0, 0.0, 0.05, 0.5, 0.5, 0.05, 0.5, 0.5, 0.0, 0.0, 0.0, 0.030000000000000002, 0.255, 0.0, 0.0, 0.0];[nan, nan, nan, nan, nan, nan, nan, nan, nan, nan, nan, nan, nan, nan, nan];35.31476289999409;7.628919000002497
134;[nan, nan, nan];False;False;[0.0, 7.25, 1.4500000000000002, 0.0, 1.0, 12.663382868878427, 0.4993214209933027, 0.5, 14598.112673232403, 11399.166351539132, 10500.0, 0.0, 3.0, 0.0, 0.025, 0.018096838426044298, 0.27168286124068836, 0.0, 0.05300446231912007, 0.4156692628930592, 0.0, 0.05, 0.5, 0.5, 0.06791513007118904, 0.5534935677755078, 0.0, 0.03721861195003275, 0.07683064654250789, 0.0, 0.05, 0.5, 0.5, 0.0, 0.0, 0.0, 0.030000000000000002, 0.255, 0.0, 1.0, 0.0];[nan, nan, nan, nan, nan, nan, nan, nan, nan, nan, nan, nan, nan, nan, nan];62.385100300001795;7.628919000002497
135;[27.83876460358748, 1105.1408096381565, 118.83668520623823];True;False;[0.0, 7.25, 1.4500000000000002, 0.0, 0.0, 13.02879165925938, 0.5, 0.5, 15699.496503107128, 10500.0, 10500.0, 0.0, 3.0, 0.0, 0.025, 0.035511512185425705, 0.0, 0.0, 0.05, 0.5, 0.5, 0.05, 0.5, 0.5, 0.04251252504610594, 0.0, 0.0, 0.05, 0.5, 0.5, 0.05, 0.5, 0.5, 0.0, 0.0, 0.0, 0.030000000000000002, 0.255, 0.0, 0.0, 0.0];[0.3593994454658631, -1.4682199993304716, -4.829424288283551, 0.6694790719880452, -0.4, -1.9712083407406205, -14.0, -14.0, -1.0, 0.0, 0.0, -1.0, 0.0, 0.0, 0.03113047686415793];11.266697599996405;7.628919000002497
136;[25.81505264904809, 1310.5543807425547, 117.9989390655313];True;False;[0.0, 7.25, 1.4500000000000002, 0.0, 1.0, 14.722861570355784, 0.520730958405322, 0.5, 15738.6189166658, 12384.378617073817, 10500.0, 0.0, 3.0, 0.0, 0.025, 0.03708528469480857, 0.24055609466951167, 0.0, 0.048735380313791474, 0.5003422224124616, 0.0, 0.05, 0.5, 0.5, 0.032575813227752534, 0.5040190895437078, 0.0, 0.05058241534465122, 0.46734172533060164, 0.0, 0.05, 0.5, 0.5, 0.0, 0.0, 0.0, 0.030000000000000002, 0.255, 0.0, 1.0, 0.0];[0.98278335165495, -1.4061270648221573, -2.0136390005759672, 0.6581959204043928, -0.379269041594678, -11.318887386879622, -11.000431630947682, -14.0, -0.7594439053304883, -0.4996577775875384, 0.0, -0.4959809104562922, -0.5326582746693984, 0.0, 0.017815948055124542];24.417733000002045;7.441302200000791
137;[25.498474794535706, 1330.8531596138662, 117.85364091902875];True;False;[0.0, 7.25, 1.4500000000000002, 0.0, 1.0, 15.190131894343793, 0.5132431596243457, 0.5, 12579.844021306159, 12430.236714102988, 10500.0, 0.0, 3.0, 0.0, 0.025, 0.048916683257577594, 0.25738779320467436, 0.0, 0.04815504191067769, 0.5096333389995892, 0.0, 0.05, 0.5, 0.5, 0.0366569699854226, 0.4950747186895901, 0.0, 0.05010477615877619, 0.46942372920203784, 0.0, 0.05, 0.5, 0.5, 0.0, 0.0, 0.0, 0.030000000000000002, 0.255, 0.0, 1.0, 0.0];[1.0074383666332576, -1.4002188326672977, -1.3963602387060838, 0.6551463235266686, -0.3867568403756543, -11.20444561072797, -10.997914840246251, -14.0, -0.7426122067953256, -0.4903666610004108, 0.0, -0.5049252813104099, -0.5305762707979622, 0.0, 0.015497854032930913];29.38584499999706;7.441302200000791
138;[26.473153758204546, 1269.6316866184627, 118.29945486612667];True;False;[0.0, 7.25, 1.4500000000000002, 0.0, 1.0, 13.830090496813458, 0.48194774391966344, 0.5, 15355.874832138961, 12445.297221381994, 10500.0, 0.0, 3.0, 0.0, 0.025, 0.026745209051212967, 0.2824016006150332, 0.0, 0.05283144528270683, 0.49866844102630525, 0.0, 0.05, 0.5, 0.5, 0.008928442439388335, 0.5001445289864623, 0.0, 0.04862044519056827, 0.49513346811883835, 0.0, 0.05, 0.5, 0.5, 0.0, 0.0, 0.0, 0.030000000000000002, 0.255, 0.0, 1.0, 0.0];[0.93133776243869, -1.4184552862692323, -3.155237134422519, 0.665075557273245, -0.4180522560803366, -11.144334762924514, -11.41304686832627, -14.0, -0.7175983993849668, -0.5013315589736947, 0.0, -0.49985547101353767, -0.5048665318811616, 0.0, 0.022720696704252807];31.439752899997984;7.441302200000791
139;[26.11274723457301, 1291.3049120349428, 118.1504884779701];True;False;[0.0, 7.25, 1.4500000000000002, 0.0, 1.0, 14.41698642473451, 0.5387435090770047, 0.5, 14208.247505438778, 12776.683817556332, 10500.0, 0.0, 3.0, 0.0, 0.025, 0.02751671339101431, 0.28611322291764485, 0.0, 0.04787666350878922, 0.5274053350317366, 0.0, 0.05, 0.5, 0.5, 0.022737952937924712, 0.5554003946121527, 0.0, 0.05374020939444374, 0.46756419804456195, 0.0, 0.05, 0.5, 0.5, 0.0, 0.0, 0.0, 0.030000000000000002, 0.255, 0.0, 1.0, 0.0];[0.9553882357811467, -1.4126919241270184, -2.41292588840059, 0.663528974149731, -0.3612564909229953, -11.48668196752848, -10.896475556301242, -14.0, -0.7138867770823552, -0.4725946649682634, 0.0, -0.44459960538784726, -0.532435801955438, 0.0, 0.020416244731579214];59.124949500001094;7.441302200000791
140;[25.750460406017314, 1310.2982086655975, 118.02603757844494];True;False;[0.0, 7.25, 1.4500000000000002, 0.0, 1.0, 15.077447493187348, 0.529832095321106, 0.5, 14644.391379077562, 12390.763980246062, 10500.0, 0.0, 3.0, 0.0, 0.025, 0.03650591998736779, 0.25893066281073607, 0.0, 0.04738402467180291, 0.48534707129364213, 0.0, 0.05, 0.5, 0.5, 0.02753676760763506, 0.49329354145822296, 0.0, 0.05203838970040876, 0.4584456383694171, 0.0, 0.05, 0.5, 0.5, 0.0, 0.0, 0.0, 0.030000000000000002, 0.255, 0.0, 1.0, 0.0];[0.9724815151521327, -1.4085957569618177, -1.5481997451917255, 0.6660748447669333, -0.37016790467889404, -11.342188923925237, -10.878013604418541, -14.0, -0.7410693371892639, -0.5146529287063579, 0.0, -0.5067064585417771, -0.5415543616305829, 0.0, 0.018790726173726013];25.81227470000158;7.441302200000791
141;[nan, nan, nan];False;False;[0.0, 7.25, 1.4500000000000002, 0.0, 1.0, 10.479039558808498, 0.4986119485754339, 0.5, 12019.769627169602, 11700.204443608194, 10500.0, 0.0, 3.0, 0.0, 0.025, 0.034372144619621105, 0.2185102390978048, 0.0, 0.05285716760955342, 0.488116339578538, 0.0, 0.05, 0.5, 0.5, 0.04547765885504793, 0.25941470828498375, 0.0, 0.04394682784054113, 0.36694334973507275, 0.0, 0.05, 0.5, 0.5, 0.0, 0.0, 0.0, 0.030000000000000002, 0.255, 0.0, 0.0, 0.0];[nan, nan, nan, nan, nan, nan, nan, nan, nan, nan, nan, nan, nan, nan, nan];51.171612999998615;14.270808000001125
142;[nan, nan, nan];False;False;[0.0, 7.25, 1.4500000000000002, 0.0, 1.0, 10.802397132956882, 0.5154431890158433, 0.5, 13121.61259025757, 11912.307870309847, 10500.0, 0.0, 3.0, 0.0, 0.025, 0.029151438119497077, 0.20711534273034968, 0.0, 0.053702433118603836, 0.4962254162285272, 0.0, 0.05, 0.5, 0.5, 0.041516920814270074, 0.23692039832042489, 0.0, 0.04362557533156866, 0.36986715924469693, 0.0, 0.05, 0.5, 0.5, 0.0, 0.0, 0.0, 0.030000000000000002, 0.255, 0.0, 0.0, 0.0];[nan, nan, nan, nan, nan, nan, nan, nan, nan, nan, nan, nan, nan, nan, nan];68.55137800000375;14.270808000001125
143;[nan, nan, nan];False;False;[0.0, 7.25, 1.4500000000000002, 0.0, 1.0, 10.275529369456912, 0.5209299461629506, 0.5, 12909.516561779066, 11837.753503646813, 10500.0, 0.0, 3.0, 0.0, 0.025, 0.026174054642942188, 0.2292552260464415, 0.0, 0.05383423518886032, 0.4880454492451761, 0.0, 0.05, 0.5, 0.5, 0.0352046432585472, 0.2530174586345775, 0.0, 0.044356695942280026, 0.3653348215178046, 0.0, 0.05, 0.5, 0.5, 0.0, 0.0, 0.0, 0.030000000000000002, 0.255, 0.0, 0.0, 0.0];[nan, nan, nan, nan, nan, nan, nan, nan, nan, nan, nan, nan, nan, nan, nan];85.42983810000442;14.270808000001125
144;[nan, nan, nan];False;False;[0.0, 7.25, 1.4500000000000002, 0.0, 1.0, 10.569762104729342, 0.5097916734869788, 0.5, 12311.781393683037, 11530.507413142503, 10500.0, 0.0, 3.0, 0.0, 0.025, 0.032600549236260205, 0.19661618615121573, 0.0, 0.05347131836494649, 0.5058516593519949, 0.0, 0.05, 0.5, 0.5, 0.045962943204110984, 0.23769589575371372, 0.0, 0.045029702929420996, 0.3768651893572513, 0.0, 0.05, 0.5, 0.5, 0.0, 0.0, 0.0, 0.030000000000000002, 0.255, 0.0, 0.0, 0.0];[nan, nan, nan, nan, nan, nan, nan, nan, nan, nan, nan, nan, nan, nan, nan];74.81031799999619;14.270808000001125
145;[nan, nan, nan];False;False;[0.0, 7.25, 1.4500000000000002, 0.0, 1.0, 10.569499369575011, 0.5153696886052157, 0.5, 11699.539303230236, 11614.58304691997, 10500.0, 0.0, 3.0, 0.0, 0.025, 0.03717545995318807, 0.20290399586165447, 0.0, 0.054009276485130875, 0.49950775737152076, 0.0, 0.05, 0.5, 0.5, 0.04486342385832995, 0.23005556247144965, 0.0, 0.04489552485535501, 0.3736131402164091, 0.0, 0.05, 0.5, 0.5, 0.0, 0.0, 0.0, 0.030000000000000002, 0.255, 0.0, 0.0, 0.0];[nan, nan, nan, nan, nan, nan, nan, nan, nan, nan, nan, nan, nan, nan, nan];85.65097189999506;14.270808000001125
146;[nan, nan, nan];False;False;[0.0, 7.25, 1.4500000000000002, 0.0, 1.0, 11.183555143796635, 0.516962889148447, 0.5, 11837.904720802346, 11892.027756829842, 10500.0, 0.0, 3.0, 0.0, 0.025, 0.03603496312840073, 0.20601465517719583, 0.0, 0.05345828673689295, 0.4937584538163895, 0.0, 0.05, 0.5, 0.5, 0.04029009876624365, 0.22858988926094617, 0.0, 0.04330844080812084, 0.37134570461497246, 0.0, 0.05, 0.5, 0.5, 0.0, 0.0, 0.0, 0.030000000000000002, 0.255, 0.0, 0.0, 0.0];[nan, nan, nan, nan, nan, nan, nan, nan, nan, nan, nan, nan, nan, nan, nan];76.98551690000022;16.600898199998483
147;[nan, nan, nan];False;False;[0.0, 7.25, 1.4500000000000002, 0.0, 1.0, 10.642591102069474, 0.5162569784842101, 0.5, 12169.343049097683, 11636.498788333027, 10500.0, 0.0, 3.0, 0.0, 0.025, 0.03688115645854066, 0.19846716429513853, 0.0, 0.05315551385100237, 0.5038269759976515, 0.0, 0.05, 0.5, 0.5, 0.03945848335576084, 0.22930392550042536, 0.0, 0.04478028222217895, 0.37730786532701704, 0.0, 0.05, 0.5, 0.5, 0.0, 0.0, 0.0, 0.030000000000000002, 0.255, 0.0, 0.0, 0.0];[nan, nan, nan, nan, nan, nan, nan, nan, nan, nan, nan, nan, nan, nan, nan];74.29744590000337;16.600898199998483
148;[nan, nan, nan];False;False;[0.0, 7.25, 1.4500000000000002, 0.0, 1.0, 10.900513694215928, 0.5144148472364569, 0.5, 12613.64587414011, 12083.998931742954, 10500.0, 0.0, 3.0, 0.0, 0.025, 0.04331877239973957, 0.20345404237422468, 0.0, 0.05347150555584373, 0.48365361848300553, 0.0, 0.05, 0.5, 0.5, 0.037303827421373406, 0.21763643976409747, 0.0, 0.04346450468470226, 0.36763083295246685, 0.0, 0.05, 0.5, 0.5, 0.0, 0.0, 0.0, 0.030000000000000002, 0.255, 0.0, 0.0, 0.0];[nan, nan, nan, nan, nan, nan, nan, nan, nan, nan, nan, nan, nan, nan, nan];72.76415579999593;16.600898199998483
149;[27.617767723814136, 1253.7656449918188, 118.21973509181711];True;False;[0.0, 7.25, 1.4500000000000002, 0.0, 1.0, 10.805228853040056, 0.5187495464685432, 0.5, 13144.03138629185, 12193.472717457207, 10500.0, 0.0, 3.0, 0.0, 0.025, 0.024998438300962628, 0.20524932127085221, 0.0, 0.05270678154417216, 0.47579517420001777, 0.0, 0.05, 0.5, 0.5, 0.040917324163792686, 0.25732199921081284, 0.0, 0.04331579546131129, 0.3715682662587026, 0.0, 0.05, 0.5, 0.5, 0.0, 0.0, 0.0, 0.030000000000000002, 0.255, 0.0, 0.0, 0.0];[1.0012226784972373, -1.4017083360621243, -6.684336981098854, 0.5924261698035966, -0.3812504535314568, -11.833906794999319, -11.587204433535387, -14.0, -0.7947506787291478, -0.5242048257999823, 0.0, -0.7426780007891871, -0.6284317337412975, 0.0, 0.016080301623711435];63.200433500001964;16.600898199998483
150;[nan, nan, nan];False;False;[0.0, 7.25, 1.4500000000000002, 0.0, 1.0, 10.70625762404177, 0.5155704621290136, 0.5, 11847.744574287413, 11640.066288602633, 10500.0, 0.0, 3.0, 0.0, 0.025, 0.037839512145390344, 0.20108954042941488, 0.0, 0.053136676575049224, 0.5034094526626667, 0.0, 0.05, 0.5, 0.5, 0.0436064270266593, 0.23131643085887604, 0.0, 0.045206534390205166, 0.38214800413788536, 0.0, 0.05, 0.5, 0.5, 0.0, 0.0, 0.0, 0.030000000000000002, 0.255, 0.0, 0.0, 0.0];[nan, nan, nan, nan, nan, nan, nan, nan, nan, nan, nan, nan, nan, nan, nan];72.44802840000193;16.600898199998483
151;[25.601726979878087, 1320.1128836604212, 117.8614017382002];True;False;[0.0, 7.25, 1.4500000000000002, 0.0, 1.0, 14.386526075636215, 0.5050651132603953, 0.5, 17857.307449008324, 15891.391832690855, 10500.0, 0.0, 3.0, 0.0, 0.025, 0.0771065456755094, 0.2525147640695982, 0.0, 0.04802757164681565, 0.593405586061659, 0.0, 0.05, 0.5, 0.5, 0.0022607491844420353, 0.3961536348986935, 0.0, 0.061682174976293296, 0.10384107531165192, 0.0, 0.05, 0.5, 0.5, 0.0, 0.0, 0.0, 0.030000000000000002, 0.255, 0.0, 1.0, 0.0];[1.010132873666299, -1.3995731314536408, -2.448356287602296, 0.6502115304507103, -0.39493488673960475, -11.245273423905436, -11.168422444597764, -14.0, -0.7474852359304018, -0.40659441393834095, 0.0, -0.6038463651013065, -0.8961589246883481, 0.0, 0.015245770712062345];26.72407939999539;7.068306900000607
152;[25.50918220709278, 1331.6072150590387, 117.73511696236096];True;False;[0.0, 7.25, 1.4500000000000002, 0.0, 1.0, 14.099176105771932, 0.4670328795416666, 0.5, 11737.701279150964, 15829.329016442938, 10500.0, 0.0, 3.0, 0.0, 0.025, 0.08749835791670053, 0.24200912461011703, 0.0, 0.04832204062250728, 0.5736400659569197, 0.0, 0.05, 0.5, 0.5, 0.010994235711660779, 0.41768597127102913, 0.0, 0.059497471393646084, 0.08527802597978769, 0.0, 0.05, 0.5, 0.5, 0.0, 0.0, 0.0, 0.030000000000000002, 0.255, 0.0, 1.0, 0.0];[1.0398495770953442, -1.3924519359122673, -2.816788901946831, 0.6371194472621524, -0.4329671204583334, -10.988808944715984, -11.485040001473173, -14.0, -0.757990875389883, -0.42635993404308026, 0.0, -0.5823140287289709, -0.9147219740202123, 0.0, 0.012481904013474932];26.794254100001126;7.068306900000607
153;[25.386083826032394, 1346.4655076884317, 117.59410972860104];True;False;[0.0, 7.25, 1.4500000000000002, 0.0, 1.0, 13.941244620070858, 0.48048031863861074, 0.5, 12254.742439433287, 15690.233294346273, 10500.0, 0.0, 3.0, 0.0, 0.025, 0.06854263027313488, 0.2567821369377482, 0.0, 0.04936507819106506, 0.5391862874262301, 0.0, 0.05, 0.5, 0.5, 0.04648245145895071, 0.398875087387292, 0.0, 0.06068903630115166, 0.14006780681654743, 0.0, 0.05, 0.5, 0.5, 0.0, 0.0, 0.0, 0.030000000000000002, 0.255, 0.0, 1.0, 0.0];[1.0720119987987946, -1.3847446579303289, -3.0155453173852624, 0.6239390145811445, -0.4195196813613893, -11.11747755721254, -11.409230126674624, -14.0, -0.7432178630622518, -0.4608137125737699, 0.0, -0.6011249126127081, -0.8599321931834526, 0.0, 0.009523787786190008];26.11926699999458;7.068306900000607
154;[nan, nan, nan];False;False;[0.0, 7.25, 1.4500000000000002, 0.0, 1.0, 13.861308679248278, 0.5081513133698279, 0.5, 15480.250189706818, 15823.280249594129, 10500.0, 0.0, 3.0, 0.0, 0.025, 0.03015232005820674, 0.2427243293663464, 0.0, 0.048968462488688726, 0.5836564807659554, 0.0, 0.05, 0.5, 0.5, 0.031291565481751084, 0.3949449443785544, 0.0, 0.05885977388635021, 0.11713301841088958, 0.0, 0.05, 0.5, 0.5, 0.0, 0.0, 0.0, 0.030000000000000002, 0.255, 0.0, 1.0, 0.0];[nan, nan, nan, nan, nan, nan, nan, nan, nan, nan, nan, nan, nan, nan, nan];78.66341609999654;7.068306900000607
155;[25.695767032480248, 1329.4882046634507, 117.72927361409174];True;False;[0.0, 7.25, 1.4500000000000002, 0.0, 1.0, 13.63662557910062, 0.5376284169586012, 0.5, 8224.423691731248, 15541.193432397611, 10500.0, 0.0, 3.0, 0.0, 0.025, 0.06564107429456613, 0.23886330731882494, 0.0, 0.048865398179635394, 0.5624334385137493, 0.0, 0.05, 0.5, 0.5, 0.036901845080729634, 0.3970205253065294, 0.0, 0.05840234401951394, 0.11162429268344863, 0.0, 0.05, 0.5, 0.5, 0.0, 0.0, 0.0, 0.030000000000000002, 0.255, 0.0, 1.0, 0.0];[1.0498151375104428, -1.3900638276698845, -3.399969098580117, 0.6257347088223408, -0.3623715830413988, -11.575415255748318, -11.018020695212666, -14.0, -0.7611366926811751, -0.4375665614862507, 0.0, -0.6029794746934706, -0.8883757073165514, 0.0, 0.01156166266316816];33.44554700000299;7.068306900000607
156;[nan, nan, nan];False;False;[0.0, 7.25, 1.4500000000000002, 0.0, 1.0, 16.411115415100635, 0.5608517687533028, 0.5, 6045.287529457969, 11275.508466168298, 10500.0, 0.0, 3.0, 0.0, 0.025, 0.07502547721835832, 0.2816150733438726, 0.0, 0.04473998171842716, 0.4839848136792865, 0.0, 0.05, 0.5, 0.5, 0.022532361787120682, 0.3318034657481457, 0.0, 0.04148864019980322, 0.20795223097976384, 0.0, 0.05, 0.5, 0.5, 0.0, 0.0, 0.0, 0.030000000000000002, 0.255, 0.0, 1.0, 0.0];[nan, nan, nan, nan, nan, nan, nan, nan, nan, nan, nan, nan, nan, nan, nan];73.76983360000304;7.363349899998866
157;[nan, nan, nan];False;False;[0.0, 7.25, 1.4500000000000002, 0.0, 1.0, 15.591698716386544, 0.5486288582634615, 0.5, 17681.150799525018, 12151.876589292364, 10500.0, 0.0, 3.0, 0.0, 0.025, 0.0771815955605661, 0.2601603384394982, 0.0, 0.04625075438585441, 0.4878830347833656, 0.0, 0.05, 0.5, 0.5, 0.01617280139968684, 0.3931349468293001, 0.0, 0.04156553931327771, 0.21718501254788602, 0.0, 0.05, 0.5, 0.5, 0.0, 0.0, 0.0, 0.030000000000000002, 0.255, 0.0, 1.0, 0.0];[nan, nan, nan, nan, nan, nan, nan, nan, nan, nan, nan, nan, nan, nan, nan];54.934076699995785;7.363349899998866
158;[25.76601074775399, 1311.310057681498, 118.05076579440487];True;False;[0.0, 7.25, 1.4500000000000002, 0.0, 1.0, 15.367975408743977, 0.557208393722952, 0.5, 10815.508456084413, 11815.81953598281, 10500.0, 0.0, 3.0, 0.0, 0.025, 0.017517719148927406, 0.2913312225082466, 0.0, 0.04438781495083904, 0.51911333520224, 0.0, 0.05, 0.5, 0.5, 0.05468399834906906, 0.30231920952212027, 0.0, 0.040559852277093605, 0.247854490321413, 0.0, 0.05, 0.5, 0.5, 0.0, 0.0, 0.0, 0.030000000000000002, 0.255, 0.0, 1.0, 0.0];[0.9664849733650192, -1.410032744975646, -1.1665207443995538, 0.6689116656510592, -0.3427916062770481, -11.505386154023592, -10.60238238441189, -14.0, -0.7086687774917534, -0.48088666479776, 0.0, -0.6976807904778797, -0.752145509678587, 0.0, 0.019359821357088358];24.578720099998463;7.363349899998866
159;[25.881767518478274, 1310.4512829995515, 118.00923218752627];True;False;[0.0, 7.25, 1.4500000000000002, 0.0, 1.0, 14.706792277807457, 0.5813560257116653, 0.5, 16790.870340336067, 11954.930600490348, 10500.0, 0.0, 3.0, 0.0, 0.025, 0.019602274897467773, 0.2897281738346805, 0.0, 0.04715098549991206, 0.49227926051694687, 0.0, 0.05, 0.5, 0.5, 0.05969415864227108, 0.2915374873835015, 0.0, 0.040153849291979085, 0.2192464935561107, 0.0, 0.05, 0.5, 0.5, 0.0, 0.0, 0.0, 0.030000000000000002, 0.255, 0.0, 1.0, 0.0];[0.9830422938642673, -1.4060650129155314, -2.049148525229933, 0.6558482894745901, -0.3186439742883347, -11.745679571880602, -10.480840746125853, -14.0, -0.7102718261653195, -0.5077207394830532, 0.0, -0.7084625126164985, -0.7807535064438893, 0.0, 0.017791493674067738];27.486349300001166;7.363349899998866
160;[25.733690694708038, 1328.9322317613953, 117.82269775585607];True;False;[0.0, 7.25, 1.4500000000000002, 0.0, 1.0, 14.386595943034873, 0.5707282455721747, 0.5, 10994.523089378745, 12350.085168006028, 10500.0, 0.0, 3.0, 0.0, 0.025, 0.05794033072859133, 0.3003373696113066, 0.0, 0.043932419768175225, 0.5493564689291044, 0.0, 0.05, 0.5, 0.5, 0.04668180901673361, 0.32380951384570594, 0.0, 0.042912024074824556, 0.22574326741183262, 0.0, 0.05, 0.5, 0.5, 0.0, 0.0, 0.0, 0.030000000000000002, 0.255, 0.0, 1.0, 0.0];[1.026492910329445, -1.3956526757267622, -2.4598933559857716, 0.6370133407435359, -0.3292717544278253, -11.710495410953996, -10.626515922506385, -14.0, -0.6996626303886935, -0.4506435310708956, 0.0, -0.676190486154294, -0.7742567325881674, 0.0, 0.01372049241420581];27.197174000000814;7.363349899998866
161;[26.46729768955823, 1286.1075673968421, 118.08301350317902];True;False;[0.0, 7.25, 1.4500000000000002, 0.0, 1.0, 12.962307938721803, 0.5215776032994638, 0.5, 11824.128446100356, 12421.394958074954, 10500.0, 0.0, 3.0, 0.0, 0.025, 0.05103749877142386, 0.20163171995994703, 0.0, 0.05104241304944273, 0.5072165553929268, 0.0, 0.05, 0.5, 0.5, 0.020738034363729715, 0.31247388027398154, 0.0, 0.04636816583977319, 0.2470893270989834, 0.0, 0.05, 0.5, 0.5, 0.0, 0.0, 0.0, 0.030000000000000002, 0.255, 0.0, 0.0, 0.0];[0.9892092375532595, -1.4045871904509146, -4.222709933398635, 0.633543188004571, -0.37842239670053623, -11.55183966890427, -11.240804749759782, -14.0, -0.798368280040053, -0.49278344460707324, 0.0, -0.6875261197260185, -0.7529106729010167, 0.0, 0.017209772182697702];33.57766380000248;7.042037500003062
162;[26.4952119575853, 1283.1898676064598, 118.12375931320724];True;False;[0.0, 7.25, 1.4500000000000002, 0.0, 1.0, 13.093055952883526, 0.5265312645917624, 0.5, 12408.13551261781, 12431.609992538799, 10500.0, 0.0, 3.0, 0.0, 0.025, 0.030661869362616508, 0.21160529651116142, 0.0, 0.05062930777665549, 0.51647372076918, 0.0, 0.05, 0.5, 0.5, 0.03635722590086799, 0.33811814615001873, 0.0, 0.045602722469373504, 0.23784438649522047, 0.0, 0.05, 0.5, 0.5, 0.0, 0.0, 0.0, 0.030000000000000002, 0.255, 0.0, 0.0, 0.0];[0.9795402816027687, -1.4069042215498946, -4.06534222716069, 0.6378771318288317, -0.37346873540823766, -11.568736399920807, -11.184188252811197, -14.0, -0.7883947034888386, -0.48352627923082003, 0.0, -0.6618818538499813, -0.7621556135047796, 0.0, 0.018122417814882663];31.976370799995493;7.042037500003062
163;[26.405624685115406, 1290.668465521046, 118.05238624540343];True;False;[0.0, 7.25, 1.4500000000000002, 0.0, 1.0, 13.058852232121774, 0.5289936320260201, 0.5, 13435.974423240417, 12593.920093402048, 10500.0, 0.0, 3.0, 0.0, 0.025, 0.036154945803227714, 0.21427192059241942, 0.0, 0.050617041354766884, 0.5167649127840338, 0.0, 0.05, 0.5, 0.5, 0.03991002804497846, 0.32462419948151516, 0.0, 0.045654118654714304, 0.2497319173087232, 0.0, 0.05, 0.5, 0.5, 0.0, 0.0, 0.0, 0.030000000000000002, 0.255, 0.0, 1.0, 0.0];[0.994824616114574, -1.403241542914017, -4.107016869699677, 0.6324970808290895, -0.3710063679739799, -11.590107629512724, -11.170303689011845, -14.0, -0.7857280794075806, -0.4832350872159662, 0.0, -0.6753758005184849, -0.7502680826912768, 0.0, 0.016681215064076826];36.46407599999657;7.042037500003062
164;[26.446881347929992, 1281.1697386360936, 118.16204013371765];True;False;[0.0, 7.25, 1.4500000000000002, 0.0, 1.0, 13.366219683242836, 0.522146736396342, 0.5, 14227.866589324329, 12824.931705527077, 10500.0, 0.0, 3.0, 0.0, 0.025, 0.04269519186691258, 0.21732254394390807, 0.0, 0.050991283666870994, 0.5237024064402155, 0.0, 0.05, 0.5, 0.5, 0.017879836673040255, 0.33056325930734604, 0.0, 0.045447212484400645, 0.24563218696426709, 0.0, 0.05, 0.5, 0.5, 0.0, 0.0, 0.0, 0.030000000000000002, 0.255, 0.0, 0.0, 0.0];[0.9672365928334621, -1.409852629801688, -3.731862763328534, 0.6461147168113541, -0.377853263603658, -11.502519581256974, -11.178328944570165, -14.0, -0.782677456056092, -0.4762975935597845, 0.0, -0.669436740692654, -0.754367813035733, 0.0, 0.01928842130950681];32.86914409999736;7.042037500003062
165;[nan, nan, nan];False;False;[0.0, 7.25, 1.4500000000000002, 0.0, 1.0, 12.985322611384781, 0.5258440623848255, 0.5, 9167.68150735156, 12532.153793794289, 10500.0, 0.0, 3.0, 0.0, 0.025, 0.03390136543614713, 0.21044702277223132, 0.0, 0.05066620716240237, 0.5209708250506979, 0.0, 0.05, 0.5, 0.5, 0.04662521235037409, 0.32290782648628563, 0.0, 0.04589488865875575, 0.25801763400867017, 0.0, 0.05, 0.5, 0.5, 0.0, 0.0, 0.0, 0.030000000000000002, 0.255, 0.0, 1.0, 0.0];[nan, nan, nan, nan, nan, nan, nan, nan, nan, nan, nan, nan, nan, nan, nan];64.3149298999997;7.042037500003062
166;[nan, nan, nan];False;False;[0.0, 7.25, 1.4500000000000002, 0.0, 1.0, 12.274431991667159, 0.564351578837675, 0.5, 12724.594618708135, 13667.684409088404, 10500.0, 0.0, 3.0, 0.0, 0.025, 0.035911295701151556, 0.25586359095875777, 0.0, 0.045745707992193935, 0.573673475376833, 0.0, 0.05, 0.5, 0.5, 0.019589364969020782, 0.33833752148465374, 0.0, 0.04467024427698194, 0.28390250040046905, 0.0, 0.05, 0.5, 0.5, 0.0, 0.0, 0.0, 0.030000000000000002, 0.255, 0.0, 0.0, 0.0];[nan, nan, nan, nan, nan, nan, nan, nan, nan, nan, nan, nan, nan, nan, nan];78.02185989999998;7.299505199996929
167;[26.938171494950698, 1270.154032249336, 118.20751844085866];True;False;[0.0, 7.25, 1.4500000000000002, 0.0, 1.0, 12.418500314041571, 0.5753564371386527, 0.5, 12420.940948025282, 13621.73856806706, 10500.0, 0.0, 3.0, 0.0, 0.025, 0.039788736226329224, 0.24515831718452594, 0.0, 0.04477480181537561, 0.5781018384234777, 0.0, 0.05, 0.5, 0.5, 0.02645695157617335, 0.34850749732480885, 0.0, 0.044191189305487044, 0.28626584959333207, 0.0, 0.05, 0.5, 0.5, 0.0, 0.0, 0.0, 0.030000000000000002, 0.255, 0.0, 0.0, 0.0];[0.9762564165306173, -1.4076911542379709, -4.8780141335921225, 0.6257994697593334, -0.3246435628613473, -11.972540370442276, -10.898045941621435, -14.0, -0.754841682815474, -0.42189816157652227, 0.0, -0.6514925026751912, -0.7137341504066679, 0.0, 0.018433112563546294];29.37669789999927;7.299505199996929
168;[26.9287886222579, 1271.1664829349259, 118.19529626307828];True;False;[0.0, 7.25, 1.4500000000000002, 0.0, 1.0, 12.387967251773393, 0.5747257442675556, 0.5, 12718.696404019329, 13848.558183614587, 10500.0, 0.0, 3.0, 0.0, 0.025, 0.042302784256137205, 0.24637552438998772, 0.0, 0.044756533517874224, 0.5769975476368071, 0.0, 0.05, 0.5, 0.5, 0.02519448338303101, 0.32856384788153725, 0.0, 0.044702915794513076, 0.30364968483690596, 0.0, 0.05, 0.5, 0.5, 0.0, 0.0, 0.0, 0.030000000000000002, 0.255, 0.0, 0.0, 0.0];[0.9792081360257168, -1.406983815627612, -4.913576332733513, 0.6245301630318609, -0.3252742557324444, -11.972359924082753, -10.908375189537558, -14.0, -0.7536244756100123, -0.4230024523631929, 0.0, -0.6714361521184627, -0.6963503151630941, 0.0, 0.01815382601569593];30.005929800005106;7.299505199996929
169;[26.961450788364836, 1270.683119636883, 118.18581988466656];True;False;[0.0, 7.25, 1.4500000000000002, 0.0, 1.0, 12.244794877932932, 0.5603024838840135, 0.5, 13343.967820368887, 13598.31950202947, 10500.0, 0.0, 3.0, 0.0, 0.025, 0.041164990827534276, 0.24844584720032073, 0.0, 0.04653422766226807, 0.5560888902579556, 0.0, 0.05, 0.5, 0.5, 0.02647478065793246, 0.37906159468331563, 0.0, 0.04482385027779021, 0.3106090242335825, 0.0, 0.05, 0.5, 0.5, 0.0, 0.0, 0.0, 0.030000000000000002, 0.255, 0.0, 0.0, 0.0];[0.9830298976817753, -1.4060679834886187, -5.07705713992388, 0.6214807214767131, -0.33969751611598653, -11.900144216053867, -11.049882403772589, -14.0, -0.7515541527996793, -0.4439111097420444, 0.0, -0.6209384053166844, -0.6893909757664175, 0.0, 0.017792664311099493];29.41689369999949;7.299505199996929
170;[26.94370183094464, 1270.7756206918345, 118.18602578245529];True;False;[0.0, 7.25, 1.4500000000000002, 0.0, 1.0, 12.272873141527032, 0.5545634470007492, 0.5, 12383.8947220933, 13786.061135760205, 10500.0, 0.0, 3.0, 0.0, 0.025, 0.041802025499673476, 0.23587464829277743, 0.0, 0.04696889578181274, 0.5630305925826459, 0.0, 0.05, 0.5, 0.5, 0.025566201113656307, 0.34624273029384606, 0.0, 0.044614736499675095, 0.30953615486205616, 0.0, 0.05, 0.5, 0.5, 0.0, 0.0, 0.0, 0.030000000000000002, 0.255, 0.0, 0.0, 0.0];[0.9822716671984741, -1.4062496829005326, -5.043286649043436, 0.6224345847978388, -0.3454365529992508, -11.860283547494285, -11.091088693142204, -14.0, -0.7641253517072226, -0.4369694074173541, 0.0, -0.653757269706154, -0.6904638451379439, 0.0, 0.01786427808837099];28.777463300000818;7.299505199996929
171;[27.64294211998467, 1234.0376086376505, 118.5093043851533];True;False;[0.0, 7.25, 1.4500000000000002, 0.0, 1.0, 11.8419721065141, 0.5536009729830987, 0.5, 12739.79293914341, 12597.87964885837, 10500.0, 0.0, 3.0, 0.0, 0.025, 0.017247943765001033, 0.2518338944179451, 0.0, 0.04480472073593547, 0.5499099486851282, 0.0, 0.05, 0.5, 0.5, 0.01725053404375411, 0.3150216381628273, 0.0, 0.0404256845494992, 0.2944005034892532, 0.0, 0.05, 0.5, 0.5, 0.0, 0.0, 0.0, 0.030000000000000002, 0.255, 0.0, 0.0, 0.0];[0.9254345793305809, -1.41986990217135, -5.538960305517017, 0.6314878194166638, -0.3463990270169013, -11.909880930115406, -11.167794237470481, -14.0, -0.7481661055820549, -0.4500900513148718, 0.0, -0.6849783618371728, -0.7055994965107468, 0.0, 0.02328944671716149];48.56848600000376;6.5726141999984975
172;[26.523243993592203, 1305.7356540409519, 117.8746359593749];True;False;[0.0, 7.25, 1.4500000000000002, 0.0, 1.0, 12.328570711643849, 0.5608366074376735, 0.5, 15072.959502037016, 12786.399570391182, 10500.0, 0.0, 3.0, 0.0, 0.025, 0.0518196748200099, 0.19542115603181232, 0.0, 0.04376449084360645, 0.5461292659885443, 0.0, 0.05, 0.5, 0.5, 0.06180693166153435, 0.3213260885870553, 0.0, 0.03831067869022839, 0.28119543293382554, 0.0, 0.05, 0.5, 0.5, 0.0, 0.0, 0.0, 0.030000000000000002, 0.255, 0.0, 0.0, 0.0];[1.0471306636990354, -1.390707124561222, -4.979669476839563, 0.6012964879806446, -0.3391633925623265, -11.892928451564124, -11.032093075600352, -14.0, -0.8045788439681877, -0.4538707340114557, 0.0, -0.6786739114129448, -0.7188045670661745, 0.0, 0.011809227389797616];49.217275099996186;6.5726141999984975
173;[nan, nan, nan];False;False;[0.0, 7.25, 1.4500000000000002, 0.0, 1.0, 12.01023285303383, 0.5488810531523172, 0.5, 12192.58443152439, 12716.278797250212, 10500.0, 0.0, 3.0, 0.0, 0.025, 0.024309658976367134, 0.2617307208150296, 0.0, 0.04489211145178253, 0.5502350744835613, 0.0, 0.05, 0.5, 0.5, 0.01361465013741961, 0.31095644364406777, 0.0, 0.04078862024421451, 0.28498941812440576, 0.0, 0.05, 0.5, 0.5, 0.0, 0.0, 0.0, 0.030000000000000002, 0.255, 0.0, 0.0, 0.0];[nan, nan, nan, nan, nan, nan, nan, nan, nan, nan, nan, nan, nan, nan, nan];71.53188740000041;6.5726141999984975
174;[27.590317287265286, 1234.2338793190368, 118.52107388233478];True;False;[0.0, 7.25, 1.4500000000000002, 0.0, 1.0, 12.012278537255764, 0.5546964914789221, 0.5, 13156.33926845145, 12692.88549960321, 10500.0, 0.0, 3.0, 0.0, 0.025, 0.01274364054261212, 0.25205753525593516, 0.0, 0.044485057754719455, 0.5549902602356352, 0.0, 0.05, 0.5, 0.5, 0.019774785117598226, 0.32316045662275694, 0.0, 0.04027764454913915, 0.2895579808178591, 0.0, 0.05, 0.5, 0.5, 0.0, 0.0, 0.0, 0.030000000000000002, 0.255, 0.0, 1.0, 0.0];[0.9200612923665261, -1.4211575358169317, -5.344463510923795, 0.6359812857750158, -0.34530350852107794, -11.894632196136724, -11.131769472745958, -14.0, -0.7479424647440649, -0.44500973976436475, 0.0, -0.6768395433772431, -0.7104420191821409, 0.0, 0.02380822025325391];52.322901500003354;6.5726141999984975
175;[nan, nan, nan];False;False;[0.0, 7.25, 1.4500000000000002, 0.0, 1.0, 11.86692524257969, 0.5571056148829657, 0.5, 13201.426998848456, 12273.075924853601, 10500.0, 0.0, 3.0, 0.0, 0.025, 0.014233925066327436, 0.25592855658076713, 0.0, 0.0451761097928345, 0.5690337410561943, 0.0, 0.05, 0.5, 0.5, 0.02299421028849437, 0.33711362285167057, 0.0, 0.04132452943581769, 0.30850881641879757, 0.0, 0.05, 0.5, 0.5, 0.0, 0.0, 0.0, 0.030000000000000002, 0.255, 0.0, 1.0, 0.0];[nan, nan, nan, nan, nan, nan, nan, nan, nan, nan, nan, nan, nan, nan, nan];81.95451150000008;6.5726141999984975
176;[26.21386441012921, 1276.9567412487615, 118.3220110784392];True;False;[0.0, 7.25, 1.4500000000000002, 0.0, 1.0, 14.961428590604632, 0.49535427045424674, 0.5, 9251.622186967394, 12903.432332081959, 10500.0, 0.0, 3.0, 0.0, 0.025, 0.0122065689818133, 0.2573174290576095, 0.0, 0.04992838537492177, 0.5077137998205862, 0.0, 0.05, 0.5, 0.5, 0.024847300275389617, 0.30580488015805246, 0.0, 0.03941606157013871, 0.30281986730789145, 0.0, 0.05, 0.5, 0.5, 0.0, 0.0, 0.0, 0.030000000000000002, 0.255, 0.0, 1.0, 0.0];[0.9131883186411125, -1.4228045485808616, -1.698909846565389, 0.6839019256055336, -0.4046457295457533, -11.095891510466132, -11.167773351915496, -14.0, -0.7426825709423905, -0.4922862001794138, 0.0, -0.6941951198419476, -0.6971801326921085, 0.0, 0.02447328489225309];33.16528919999837;7.182654600001115
177;[25.860905862213446, 1317.0965822627177, 117.90582935419425];True;False;[0.0, 7.25, 1.4500000000000002, 0.0, 1.0, 14.199952983440356, 0.49237060965611157, 0.5, 12834.395688433367, 13000.868270047331, 10500.0, 0.0, 3.0, 0.0, 0.025, 0.043306385581152684, 0.2743968317688344, 0.0, 0.051510323063001476, 0.5086767435126387, 0.0, 0.05, 0.5, 0.5, 0.05068803845945864, 0.2937749151629582, 0.0, 0.03762936289500175, 0.2831399074521103, 0.0, 0.05, 0.5, 0.5, 0.0, 0.0, 0.0, 0.030000000000000002, 0.255, 0.0, 1.0, 0.0];[1.0099309023534477, -1.399621531075627, -2.687122724333399, 0.6418250503350418, -0.40762939034388845, -11.173772649037595, -11.288784831390466, -14.0, -0.7256031682311657, -0.4913232564873613, 0.0, -0.7062250848370418, -0.7168600925478896, 0.0, 0.015264657494238665];26.408269800005655;7.182654600001115
178;[nan, nan, nan];False;False;[0.0, 7.25, 1.4500000000000002, 0.0, 1.0, 14.184780636829839, 0.500426179369719, 0.5, 11290.614172456795, 13019.91150744841, 10500.0, 0.0, 3.0, 0.0, 0.025, 0.028951603816224983, 0.25028562426404055, 0.0, 0.049482180374859464, 0.5058241572584965, 0.0, 0.05, 0.5, 0.5, 0.032438535740704065, 0.25029171163471126, 0.0, 0.03754929542365018, 0.32623492926787173, 0.0, 0.05, 0.5, 0.5, 0.0, 0.0, 0.0, 0.030000000000000002, 0.255, 0.0, 1.0, 0.0];[nan, nan, nan, nan, nan, nan, nan, nan, nan, nan, nan, nan, nan, nan, nan];75.69066450000537;7.182654600001115
179;[nan, nan, nan];False;False;[0.0, 7.25, 1.4500000000000002, 0.0, 1.0, 14.167727128962598, 0.5071313366061032, 0.5, 14693.799023982492, 12818.078219573075, 10500.0, 0.0, 3.0, 0.0, 0.025, 0.036545329772196634, 0.24463886603235946, 0.0, 0.04893303184514744, 0.5030671817446681, 0.0, 0.05, 0.5, 0.5, 0.011977673394439031, 0.25252740310599536, 0.0, 0.03936736468699095, 0.24469064670764137, 0.0, 0.05, 0.5, 0.5, 0.0, 0.0, 0.0, 0.030000000000000002, 0.255, 0.0, 0.0, 0.0];[nan, nan, nan, nan, nan, nan, nan, nan, nan, nan, nan, nan, nan, nan, nan];78.06772869999986;7.182654600001115
180;[25.98134097087347, 1304.016928784424, 118.034925999206];True;False;[0.0, 7.25, 1.4500000000000002, 0.0, 1.0, 14.368119920145437, 0.4909261611983132, 0.5, 11081.705187279047, 13445.919404693395, 10500.0, 0.0, 3.0, 0.0, 0.025, 0.04489819462033774, 0.28077986608277655, 0.0, 0.05086356276096467, 0.5072883956848251, 0.0, 0.05, 0.5, 0.5, 0.03190185028915877, 0.3260555347665465, 0.0, 0.03876504037128835, 0.25401763143632505, 0.0, 0.05, 0.5, 0.5, 0.0, 0.0, 0.0, 0.030000000000000002, 0.255, 0.0, 1.0, 0.0];[0.9806400402759241, -1.406640679647323, -2.4717936935439884, 0.653886242453833, -0.4090738388016868, -11.140044715170948, -11.277646019212431, -14.0, -0.7192201339172235, -0.4927116043151749, 0.0, -0.6739444652334535, -0.745982368563675, 0.0, 0.01801845009969638];26.00002189999941;7.182654600001115
181;[nan, nan, nan];False;False;[0.0, 7.25, 1.4500000000000002, 0.0, 1.0, 12.370089122851127, 0.5233128857667034, 0.5, 13173.77157452125, 12303.872411174454, 10500.0, 0.0, 3.0, 0.0, 0.025, 0.03521546844565666, 0.18819417221748863, 0.0, 0.048820483847461196, 0.5283556565631409, 0.0, 0.05, 0.5, 0.5, 0.04397580514071018, 0.23385616677636636, 0.0, 0.04770203403134089, 0.30246946362128047, 0.0, 0.05, 0.5, 0.5, 0.0, 0.0, 0.0, 0.030000000000000002, 0.255, 0.0, 0.0, 0.0];[nan, nan, nan, nan, nan, nan, nan, nan, nan, nan, nan, nan, nan, nan, nan];82.50756209999963;6.849755199997162
182;[26.846698087362146, 1268.1762508171173, 118.21557766536225];True;False;[0.0, 7.25, 1.4500000000000002, 0.0, 1.0, 12.484155461013703, 0.5176314645775754, 0.5, 13625.37262404315, 12401.548258816743, 10500.0, 0.0, 3.0, 0.0, 0.025, 0.03396314564925515, 0.19289200754761485, 0.0, 0.048885495135478525, 0.5253066642745188, 0.0, 0.05, 0.5, 0.5, 0.024968400636642976, 0.22425367372732244, 0.0, 0.047421653356336746, 0.30296727685536784, 0.0, 0.05, 0.5, 0.5, 0.0, 0.0, 0.0, 0.030000000000000002, 0.255, 0.0, 0.0, 0.0];[0.9703008212096798, -1.4091183299994758, -4.791317768123433, 0.6318272169918668, -0.38236853542242466, -11.589180509133069, -11.33983695283722, -14.0, -0.8071079924523852, -0.4746933357254812, 0.0, -0.7757463262726776, -0.6970327231446322, 0.0, 0.018997538162854988];37.70411810000223;6.849755199997162
183;[26.880754987003275, 1268.8186081338133, 118.19732366390177];True;False;[0.0, 7.25, 1.4500000000000002, 0.0, 1.0, 12.329332705607722, 0.5183761998780334, 0.5, 14674.794683140723, 12242.178975150391, 10500.0, 0.0, 3.0, 0.0, 0.025, 0.03691648696609107, 0.18163731400787594, 0.0, 0.048964316705842496, 0.5259103105315781, 0.0, 0.05, 0.5, 0.5, 0.024787674828345294, 0.2415844087012211, 0.0, 0.047645949977173085, 0.3124196620169984, 0.0, 0.05, 0.5, 0.5, 0.0, 0.0, 0.0, 0.030000000000000002, 0.255, 0.0, 0.0, 0.0];[0.9766313137555942, -1.4076013153211695, -4.972756150004791, 0.6273797535621881, -0.3816238001219666, -11.61544770132473, -11.357174710985117, -14.0, -0.818362685992124, -0.4740896894684219, 0.0, -0.7584155912987789, -0.6875803379830017, 0.0, 0.018397623752249737];37.94663379999838;6.849755199997162
184;[28.065711919389745, 1105.5020084586529, 118.77507668445381];True;False;[0.0, 7.25, 1.4500000000000002, 0.0, 0.0, 12.218406958292809, 0.5, 0.5, 12705.10336139288, 10500.0, 10500.0, 0.0, 3.0, 0.0, 0.025, 0.04190869062833888, 0.0, 0.0, 0.05, 0.5, 0.5, 0.05, 0.5, 0.5, 0.04771849566117109, 0.0, 0.0, 0.05, 0.5, 0.5, 0.05, 0.5, 0.5, 0.0, 0.0, 0.0, 0.030000000000000002, 0.255, 0.0, 0.0, 0.0];[0.38337465463359965, -1.4620439918454233, -5.695365411755551, 0.6478190830356416, -0.4, -2.7815930417071915, -14.0, -14.0, -1.0, 0.0, 0.0, -1.0, 0.0, 0.0, 0.028522861192873616];9.659130999993067;6.849755199997162
185;[28.29488047466056, 1090.2997203041914, 118.94789629206336];True;False;[0.0, 7.25, 1.4500000000000002, 0.0, 0.0, 12.346272390373711, 0.5, 0.5, 14054.628800433935, 10500.0, 10500.0, 0.0, 3.0, 0.0, 0.025, 0.03085407471277565, 0.0, 0.0, 0.05, 0.5, 0.5, 0.05, 0.5, 0.5, 0.03600220359638592, 0.0, 0.0, 0.05, 0.5, 0.5, 0.05, 0.5, 0.5, 0.0, 0.0, 0.0, 0.030000000000000002, 0.255, 0.0, 0.0, 0.0];[0.34955046096798714, -1.4707570951094175, -5.560765366687635, 0.6614069587597431, -0.4, -2.653727609626289, -14.0, -14.0, -1.0, 0.0, 0.0, -1.0, 0.0, 0.0, 0.032209153305420735];10.033359799999744;6.849755199997162
186;[27.158260026588284, 1113.0818532998942, 118.91829596391572];True;False;[0.0, 7.25, 1.4500000000000002, 0.0, 0.0, 15.52768147985105, 0.5, 0.5, 5234.02447959889, 10500.0, 10500.0, 0.0, 3.0, 0.0, 0.025, 0.04237601985511274, 0.0, 0.0, 0.05, 0.5, 0.5, 0.05, 0.5, 0.5, 0.011256805413961667, 0.0, 0.0, 0.05, 0.5, 0.5, 0.05, 0.5, 0.5, 0.0, 0.0, 0.0, 0.030000000000000002, 0.255, 0.0, 0.0, 0.0];[0.3113386016515314, -1.4806004598744615, -1.9673415699759964, 0.7223921989946076, -0.4, 0.5276814798510507, -14.0, -14.0, -1.0, 0.0, 0.0, -1.0, 0.0, 0.0, 0.03643598142474613];21.45212629999878;7.276008299995738
187;[nan, nan, nan];False;False;[0.0, 7.25, 1.4500000000000002, 0.0, 0.0, 15.00081065347573, 0.5, 0.5, 14393.5782097681, 10500.0, 10500.0, 0.0, 3.0, 0.0, 0.025, 0.010213405962882055, 0.0, 0.0, 0.05, 0.5, 0.5, 0.05, 0.5, 0.5, 0.08304105024452606, 0.0, 0.0, 0.05, 0.5, 0.5, 0.05, 0.5, 0.5, 0.0, 0.0, 0.0, 0.030000000000000002, 0.255, 0.0, 0.0, 0.0];[nan, nan, nan, nan, nan, nan, nan, nan, nan, nan, nan, nan, nan, nan, nan];35.613333400004194;7.276008299995738
188;[26.999409096104774, 1126.9845257998431, 118.7522190882989];True;False;[0.0, 7.25, 1.4500000000000002, 0.0, 0.0, 15.163152849629215, 0.5, 0.5, 5771.290019093746, 10500.0, 10500.0, 0.0, 3.0, 0.0, 0.025, 0.0693287104951834, 0.0, 0.0, 0.05, 0.5, 0.5, 0.05, 0.5, 0.5, 0.007486337660080513, 0.0, 0.0, 0.05, 0.5, 0.5, 0.05, 0.5, 0.5, 0.0, 0.0, 0.0, 0.030000000000000002, 0.255, 0.0, 0.0, 0.0];[0.34665981096703735, -1.471501725778448, -2.402863593463385, 0.7047868315181647, -0.4, 0.16315284962921517, -14.0, -14.0, -1.0, 0.0, 0.0, -1.0, 0.0, 0.0, 0.03252657405487136];20.160631599996123;7.276008299995738
189;[nan, nan, nan];False;False;[0.0, 7.25, 1.4500000000000002, 0.0, 1.0, 15.958112276383444, 0.4684999306593962, 0.5, 7303.065239193704, 8023.328773543087, 10500.0, 0.0, 3.0, 0.0, 0.025, 0.05520713995870145, 0.27791213288992295, 0.0, 0.03306177611483919, 0.025371530450227706, 0.0, 0.05, 0.5, 0.5, 0.09228977707198338, 0.35774516970917997, 0.0, 0.0280250774215626, 0.5735468141749311, 0.0, 0.05, 0.5, 0.5, 0.0, 0.0, 0.0, 0.030000000000000002, 0.255, 0.0, 1.0, 0.0];[nan, nan, nan, nan, nan, nan, nan, nan, nan, nan, nan, nan, nan, nan, nan];72.78599189999659;7.276008299995738
190;[26.462778099465197, 1152.7644310049652, 118.54164568508605];True;False;[0.0, 7.25, 1.4500000000000002, 0.0, 0.0, 15.956865152377429, 0.5, 0.5, 10737.498481049424, 10500.0, 10500.0, 0.0, 3.0, 0.0, 0.025, 0.06156810626156846, 0.0, 0.0, 0.05, 0.5, 0.5, 0.05, 0.5, 0.5, 0.03849418266801202, 0.0, 0.0, 0.05, 0.5, 0.5, 0.05, 0.5, 0.5, 0.0, 0.0, 0.0, 0.030000000000000002, 0.255, 0.0, 0.0, 0.0];[0.37696708740465557, -1.4636945794540595, -1.4466983189618556, 0.7034731466974582, -0.4, 0.9568651523774285, -14.0, -14.0, -1.0, 0.0, 0.0, -1.0, 0.0, 0.0, 0.029217257054976464];29.073264600003313;7.276008299995738
191;[26.124740933255488, 1287.7402249523452, 118.1829274827382];True;False;[0.0, 7.25, 1.4500000000000002, 0.0, 1.0, 14.470820792412031, 0.5159354675755611, 0.5, 11634.622745601393, 13285.495787855798, 10500.0, 0.0, 3.0, 0.0, 0.025, 0.035300664971727506, 0.212577483743397, 0.0, 0.04870550911752522, 0.5493122714248309, 0.0, 0.05, 0.5, 0.5, 0.016121513627702175, 0.2994012277762993, 0.0, 0.04772614344455201, 0.3088018540652781, 0.0, 0.05, 0.5, 0.5, 0.0, 0.0, 0.0, 0.030000000000000002, 0.255, 0.0, 0.0, 0.0];[0.9471490118984267, -1.4146663397790809, -2.3404386993835296, 0.6677277648863726, -0.38406453242443894, -11.315313679742083, -11.072712970747775, -14.0, -0.787422516256603, -0.45068772857516914, 0.0, -0.7005987722237007, -0.6911981459347218, 0.0, 0.02120341356855826];60.33819840000069;7.151535000004515
192;[nan, nan, nan];False;False;[0.0, 7.25, 1.4500000000000002, 0.0, 1.0, 14.504226530837983, 0.5169201228368753, 0.5, 11014.272445780325, 13140.155679401074, 10500.0, 0.0, 3.0, 0.0, 0.025, 0.03519222791760406, 0.2133338259056087, 0.0, 0.048506791999178206, 0.5514794099206956, 0.0, 0.05, 0.5, 0.5, 0.01701427085736548, 0.2960881023750319, 0.0, 0.0478274808188574, 0.3120368417747992, 0.0, 0.05, 0.5, 0.5, 0.0, 0.0, 0.0, 0.030000000000000002, 0.255, 0.0, 0.0, 0.0];[nan, nan, nan, nan, nan, nan, nan, nan, nan, nan, nan, nan, nan, nan, nan];77.41928090000147;7.151535000004515
193;[25.995405916416775, 1294.9218175540059, 118.12601279148637];True;False;[0.0, 7.25, 1.4500000000000002, 0.0, 1.0, 14.612096617568408, 0.5123713965566198, 0.5, 11593.009761455482, 13294.040021438754, 10500.0, 0.0, 3.0, 0.0, 0.025, 0.04000278730755178, 0.2157724816461913, 0.0, 0.04888113406202205, 0.5468110545657923, 0.0, 0.05, 0.5, 0.5, 0.016889760925118555, 0.310761760994542, 0.0, 0.04849763714527182, 0.3019088132032541, 0.0, 0.05, 0.5, 0.5, 0.0, 0.0, 0.0, 0.030000000000000002, 0.255, 0.0, 0.0, 0.0];[0.9566664903906839, -1.4123856081506208, -2.1571434970622825, 0.666708145091939, -0.38762860344338024, -11.270862340803646, -11.081641936297578, -14.0, -0.7842275183538087, -0.45318894543420774, 0.0, -0.689238239005458, -0.6980911867967459, 0.0, 0.020294334318898155];34.75380640000367;7.151535000004515
194;[nan, nan, nan];False;False;[0.0, 7.25, 1.4500000000000002, 0.0, 1.0, 14.543538902890234, 0.5170694145892311, 0.5, 10829.475268112254, 13320.640521153104, 10500.0, 0.0, 3.0, 0.0, 0.025, 0.03633375977932423, 0.21234046280477945, 0.0, 0.0488168123482928, 0.5493630775586255, 0.0, 0.05, 0.5, 0.5, 0.011973804827032275, 0.2955733641149374, 0.0, 0.047836905773939696, 0.3124924389984594, 0.0, 0.05, 0.5, 0.5, 0.0, 0.0, 0.0, 0.030000000000000002, 0.255, 0.0, 0.0, 0.0];[nan, nan, nan, nan, nan, nan, nan, nan, nan, nan, nan, nan, nan, nan, nan];80.81263039999612;7.151535000004515
195;[nan, nan, nan];False;False;[0.0, 7.25, 1.4500000000000002, 0.0, 1.0, 14.489301948746565, 0.5152294162869444, 0.5, 12131.21717243544, 13288.68821914485, 10500.0, 0.0, 3.0, 0.0, 0.025, 0.03481218468179117, 0.21248777807274855, 0.0, 0.04886659648563716, 0.5511611418725582, 0.0, 0.05, 0.5, 0.5, 0.016338019486510574, 0.29431531259107885, 0.0, 0.04736165806460171, 0.309846382803702, 0.0, 0.05, 0.5, 0.5, 0.0, 0.0, 0.0, 0.030000000000000002, 0.255, 0.0, 0.0, 0.0];[nan, nan, nan, nan, nan, nan, nan, nan, nan, nan, nan, nan, nan, nan, nan];81.6654503000027;7.151535000004515
196;[27.13333387463388, 1129.3494963043709, 118.67064111590787];True;False;[0.0, 7.25, 1.4500000000000002, 0.0, 0.0, 14.299117605958134, 0.5, 0.5, 17140.182988181812, 10500.0, 10500.0, 0.0, 3.0, 0.0, 0.025, 0.03874565081758043, 0.0, 0.0, 0.05, 0.5, 0.5, 0.05, 0.5, 0.5, 0.054065604066523776, 0.0, 0.0, 0.05, 0.5, 0.5, 0.05, 0.5, 0.5, 0.0, 0.0, 0.0, 0.030000000000000002, 0.255, 0.0, 0.0, 0.0];[0.3725859972879606, -1.4648231470992519, -3.410617391863452, 0.683859279835757, -0.4, -0.7008823940418658, -14.0, -14.0, -1.0, 0.0, 0.0, -1.0, 0.0, 0.0, 0.0296930923703026];10.636149799996929;7.85542169999826
197;[nan, nan, nan];False;False;[0.0, 7.25, 1.4500000000000002, 0.0, 0.0, 14.21385930924547, 0.5, 0.5, 13935.214278884732, 10500.0, 10500.0, 0.0, 3.0, 0.0, 0.025, 0.02649091374195932, 0.0, 0.0, 0.05, 0.5, 0.5, 0.05, 0.5, 0.5, 0.03447986708179, 0.0, 0.0, 0.05, 0.5, 0.5, 0.05, 0.5, 0.5, 0.0, 0.0, 0.0, 0.030000000000000002, 0.255, 0.0, 0.0, 0.0];[nan, nan, nan, nan, nan, nan, nan, nan, nan, nan, nan, nan, nan, nan, nan];43.63152799999807;7.85542169999826
198;[25.84499069870275, 1311.5308188131962, 117.9609100635995];True;False;[0.0, 7.25, 1.4500000000000002, 0.0, 1.0, 14.377610794433606, 0.5306362235017545, 0.5, 15680.666846796457, 12282.599008236693, 10500.0, 0.0, 3.0, 0.0, 0.025, 0.01484324552265854, 0.21419804749930785, 0.0, 0.04762550263205272, 0.5516047681027864, 0.0, 0.05, 0.5, 0.5, 0.06422724955285496, 0.2501140244032261, 0.0, 0.048793728697225904, 0.271609816766114, 0.0, 0.05, 0.5, 0.5, 0.0, 0.0, 0.0, 0.030000000000000002, 0.255, 0.0, 0.0, 0.0];[0.994408386361818, -1.4033412865974435, -2.462264003888796, 0.6508041122729298, -0.3693637764982455, -11.433849236818002, -10.968311002756154, -14.0, -0.7858019525006922, -0.44839523189721364, 0.0, -0.749885975596774, -0.7283901832338859, 0.0, 0.016720356329024133];24.127988799999002;7.85542169999826
199;[27.15083231304711, 1139.5318208203407, 118.5095995775985];True;False;[0.0, 7.25, 1.4500000000000002, 0.0, 0.0, 13.503369705588518, 0.5, 0.5, 15682.941462062858, 10500.0, 10500.0, 0.0, 3.0, 0.0, 0.025, 0.058246580475613034, 0.0, 0.0, 0.05, 0.5, 0.5, 0.05, 0.5, 0.5, 0.058894228765512736, 0.0, 0.0, 0.05, 0.5, 0.5, 0.05, 0.5, 0.5, 0.0, 0.0, 0.0, 0.030000000000000002, 0.255, 0.0, 0.0, 0.0];[0.41311790696021955, -1.4543821379815451, -4.308136085991306, 0.658202437462907, -0.4, -1.4966302944114815, -14.0, -14.0, -1.0, 0.0, 0.0, -1.0, 0.0, 0.0, 0.025323265921895377];10.295999300004041;7.85542169999826
200;[26.643702282204856, 1153.119832537458, 118.46765949810566];True;False;[0.0, 7.25, 1.4500000000000002, 0.0, 0.0, 14.89438158275325, 0.5, 0.5, 6799.111693234163, 10500.0, 10500.0, 0.0, 3.0, 0.0, 0.025, 0.06628135832636811, 0.0, 0.0, 0.05, 0.5, 0.5, 0.05, 0.5, 0.5, 0.048970590263175, 0.0, 0.0, 0.05, 0.5, 0.5, 0.05, 0.5, 0.5, 0.0, 0.0, 0.0, 0.030000000000000002, 0.255, 0.0, 0.0, 0.0];[0.40299193623941054, -1.4569905853376353, -2.720042843527521, 0.6808926421527335, -0.4, -0.1056184172467507, -14.0, -14.0, -1.0, 0.0, 0.0, -1.0, 0.0, 0.0, 0.026408196935219563];10.440817399998195;7.85542169999826
201;[nan, nan, nan];False;False;[0.0, 7.25, 1.4500000000000002, 0.0, 1.0, 12.004271332509838, 0.5130544915620974, 0.5, 16718.34045499844, 12864.103194860145, 10500.0, 0.0, 3.0, 0.0, 0.025, 0.03234259797059252, 0.19702309895075745, 0.0, 0.04987654684402382, 0.5289843331615904, 0.0, 0.05, 0.5, 0.5, 0.0458744686033884, 0.25787986119283623, 0.0, 0.04627443314227944, 0.3578469251526929, 0.0, 0.05, 0.5, 0.5, 0.0, 0.0, 0.0, 0.030000000000000002, 0.255, 0.0, 0.0, 0.0];[nan, nan, nan, nan, nan, nan, nan, nan, nan, nan, nan, nan, nan, nan, nan];78.90245069999946;6.879183199998806
202;[nan, nan, nan];False;False;[0.0, 7.25, 1.4500000000000002, 0.0, 1.0, 12.238747525985083, 0.5180039380414181, 0.5, 14771.861085359542, 12837.872154820827, 10500.0, 0.0, 3.0, 0.0, 0.025, 0.037159994395632924, 0.19639622513534763, 0.0, 0.04906159005547788, 0.5289446664107257, 0.0, 0.05, 0.5, 0.5, 0.04575364506429093, 0.2613309060845667, 0.0, 0.046881957533221844, 0.3566084825929346, 0.0, 0.05, 0.5, 0.5, 0.0, 0.0, 0.0, 0.030000000000000002, 0.255, 0.0, 0.0, 0.0];[nan, nan, nan, nan, nan, nan, nan, nan, nan, nan, nan, nan, nan, nan, nan];79.96221720000176;6.879183199998806
203;[26.641847771206443, 1287.8478965346662, 118.01929530027782];True;False;[0.0, 7.25, 1.4500000000000002, 0.0, 1.0, 12.307883985748395, 0.5187828248637303, 0.5, 14536.89079100627, 12764.871483568608, 10500.0, 0.0, 3.0, 0.0, 0.025, 0.03856108170569824, 0.1964317899981636, 0.0, 0.048909334071116445, 0.5246003228384637, 0.0, 0.05, 0.5, 0.5, 0.04569669308520094, 0.2606922416386637, 0.0, 0.04708218799094541, 0.35454439353963163, 0.0, 0.05, 0.5, 0.5, 0.0, 0.0, 0.0, 0.030000000000000002, 0.255, 0.0, 0.0, 0.0];[1.0138152732398078, -1.3986906955035356, -4.9978053033241405, 0.6150363564396362, -0.38121717513626974, -11.621145723992985, -11.357379460503598, -14.0, -0.8035682100018364, -0.4753996771615363, 0.0, -0.7393077583613363, -0.6454556064603684, 0.0, 0.014901664006941373];31.534212400001707;6.879183199998806
204;[26.52187758371465, 1294.8109605067734, 117.96490007431098];True;False;[0.0, 7.25, 1.4500000000000002, 0.0, 1.0, 12.425642733214815, 0.5220843702819634, 0.5, 13740.158693802898, 12778.62609044146, 10500.0, 0.0, 3.0, 0.0, 0.025, 0.03974992287893928, 0.19359406397910342, 0.0, 0.048917786836860155, 0.5278105273108347, 0.0, 0.05, 0.5, 0.5, 0.050798095312973614, 0.2623088533970832, 0.0, 0.04675708746865027, 0.36010956938996314, 0.0, 0.05, 0.5, 0.5, 0.0, 0.0, 0.0, 0.030000000000000002, 0.255, 0.0, 0.0, 0.0];[1.0231589625537971, -1.3964516100396416, -4.860387047562186, 0.613822868388654, -0.3779156297180366, -11.627401036231564, -11.31570700616868, -14.0, -0.8064059360208966, -0.47218947268916533, 0.0, -0.7376911466029168, -0.6398904306100368, 0.0, 0.014030589824872597];34.60091259999899;6.879183199998806
205;[27.999730665273916, 1106.8859839665906, 118.77027576613064];True;False;[0.0, 7.25, 1.4500000000000002, 0.0, 0.0, 12.35579872576881, 0.5, 0.5, 12919.28788498113, 10500.0, 10500.0, 0.0, 3.0, 0.0, 0.025, 0.043857867605541195, 0.0, 0.0, 0.05, 0.5, 0.5, 0.05, 0.5, 0.5, 0.045804363391505905, 0.0, 0.0, 0.05, 0.5, 0.5, 0.05, 0.5, 0.5, 0.0, 0.0, 0.0, 0.030000000000000002, 0.255, 0.0, 0.0, 0.0];[0.3820448278633979, -1.4623865548666237, -5.5507067941492245, 0.6506363858962982, -0.4, -2.6442012742311896, -14.0, -14.0, -1.0, 0.0, 0.0, -1.0, 0.0, 0.0, 0.028666826247321087];9.634408600002644;6.879183199998806
206;[28.26246106582591, 1095.2339692411433, 118.88182023658914];True;False;[0.0, 7.25, 1.4500000000000002, 0.0, 0.0, 12.166767692689358, 0.5, 0.5, 13314.283700600019, 10500.0, 10500.0, 0.0, 3.0, 0.0, 0.025, 0.03143294672879359, 0.0, 0.0, 0.05, 0.5, 0.5, 0.05, 0.5, 0.5, 0.04471316540114332, 0.0, 0.0, 0.05, 0.5, 0.5, 0.05, 0.5, 0.5, 0.0, 0.0, 0.0, 0.030000000000000002, 0.255, 0.0, 0.0, 0.0];[0.36461536948425, -1.4668763786949386, -5.749508506703316, 0.6531967033907542, -0.4, -2.8332323073106416, -14.0, -14.0, -1.0, 0.0, 0.0, -1.0, 0.0, 0.0, 0.0305609896589516];9.84381260000373;15.06408250000095
207;[nan, nan, nan];False;False;[0.0, 7.25, 1.4500000000000002, 0.0, 0.0, 11.678117354159749, 0.5, 0.5, 12199.597042211675, 10500.0, 10500.0, 0.0, 3.0, 0.0, 0.025, 0.03569755798963618, 0.0, 0.0, 0.05, 0.5, 0.5, 0.05, 0.5, 0.5, 0.0427496956681106, 0.0, 0.0, 0.05, 0.5, 0.5, 0.05, 0.5, 0.5, 0.0, 0.0, 0.0, 0.030000000000000002, 0.255, 0.0, 0.0, 0.0];[nan, nan, nan, nan, nan, nan, nan, nan, nan, nan, nan, nan, nan, nan, nan];29.96561970000039;15.06408250000095
208;[27.028848318218778, 1267.1166087614724, 118.17862961309146];True;False;[0.0, 7.25, 1.4500000000000002, 0.0, 1.0, 11.900095595330852, 0.4971115364228872, 0.5, 12002.884649509177, 12700.339658111587, 10500.0, 0.0, 3.0, 0.0, 0.025, 0.03625386690956905, 0.18954566168120118, 0.0, 0.050486784924822205, 0.5232679546468552, 0.0, 0.05, 0.5, 0.5, 0.030347319495311206, 0.25043614749747023, 0.0, 0.045698127636872504, 0.3415997055928421, 0.0, 0.05, 0.5, 0.5, 0.0, 0.0, 0.0, 0.030000000000000002, 0.255, 0.0, 0.0, 0.0];[0.9878220359002876, -1.4049196140742015, -5.467575618375504, 0.6168852849108408, -0.40288846357711283, -11.530362200119315, -11.57021963625711, -14.0, -0.8104543383187988, -0.47673204535314484, 0.0, -0.7495638525025298, -0.6584002944071579, 0.0, 0.01734051152632099];15.097132000002603;15.06408250000095
209;[27.794501491033607, 1111.0389533045047, 118.75940871742338];True;False;[0.0, 7.25, 1.4500000000000002, 0.0, 0.0, 12.820238150727354, 0.5, 0.5, 8437.837728396742, 10500.0, 10500.0, 0.0, 3.0, 0.0, 0.025, 0.04915128424574015, 0.0, 0.0, 0.05, 0.5, 0.5, 0.05, 0.5, 0.5, 0.03979379519922219, 0.0, 0.0, 0.05, 0.5, 0.5, 0.05, 0.5, 0.5, 0.0, 0.0, 0.0, 0.030000000000000002, 0.255, 0.0, 0.0, 0.0];[0.3768050272852257, -1.4637363260975946, -5.055195075096311, 0.6601550113411703, -0.4, -2.179761849272646, -14.0, -14.0, -1.0, 0.0, 0.0, -1.0, 0.0, 0.0, 0.02923484336638804];10.099917499996081;15.06408250000095
210;[27.146660604729888, 1262.9965604491404, 118.20109069671946];True;False;[0.0, 7.25, 1.4500000000000002, 0.0, 1.0, 11.700162764628667, 0.492162735216082, 0.5, 15452.6757798821, 12862.033004425879, 10500.0, 0.0, 3.0, 0.0, 0.025, 0.03406982640879957, 0.19471139641076524, 0.0, 0.04987375447406434, 0.5286896549876968, 0.0, 0.05, 0.5, 0.5, 0.030663941998811957, 0.2489350795610664, 0.0, 0.04635597093309773, 0.3304527239803187, 0.0, 0.05, 0.5, 0.5, 0.0, 0.0, 0.0, 0.030000000000000002, 0.255, 0.0, 0.0, 0.0];[0.9867684004586756, -1.405172103184469, -5.694825696608852, 0.6138650340575689, -0.407837264783918, -11.52540755522254, -11.632651756837042, -14.0, -0.8052886035892348, -0.4713103450123032, 0.0, -0.7510649204389336, -0.6695472760196812, 0.0, 0.01743985749074428];15.579384600001504;15.06408250000095
211;[28.053722658664288, 1104.2279855674994, 118.7968465667601];True;False;[0.0, 7.25, 1.4500000000000002, 0.0, 0.0, 12.329730949466464, 0.5, 0.5, 8484.806883927795, 10500.0, 10500.0, 0.0, 3.0, 0.0, 0.025, 0.05727720889428498, 0.0, 0.0, 0.05, 0.5, 0.5, 0.05, 0.5, 0.5, 0.028960000996766374, 0.0, 0.0, 0.05, 0.5, 0.5, 0.05, 0.5, 0.5, 0.0, 0.0, 0.0, 0.030000000000000002, 0.255, 0.0, 0.0, 0.0];[0.377576747897578, -1.463537531073744, -5.578220935927861, 0.6516928169822824, -0.4, -2.670269050533536, -14.0, -14.0, -1.0, 0.0, 0.0, -1.0, 0.0, 0.0, 0.029151108869009845];9.943376600000192;16.736691100006283
212;[nan, nan, nan];False;False;[0.0, 7.25, 1.4500000000000002, 0.0, 0.0, 11.825161831797764, 0.5, 0.5, 10219.753628805149, 10500.0, 10500.0, 0.0, 3.0, 0.0, 0.025, 0.03860516784377998, 0.0, 0.0, 0.05, 0.5, 0.5, 0.05, 0.5, 0.5, 0.038748245706712814, 0.0, 0.0, 0.05, 0.5, 0.5, 0.05, 0.5, 0.5, 0.0, 0.0, 0.0, 0.030000000000000002, 0.255, 0.0, 0.0, 0.0];[nan, nan, nan, nan, nan, nan, nan, nan, nan, nan, nan, nan, nan, nan, nan];29.761675200003083;16.736691100006283
213;[28.43734296388343, 1093.3898138931486, 118.87038461601341];True;False;[0.0, 7.25, 1.4500000000000002, 0.0, 0.0, 11.73542757864748, 0.5, 0.5, 10061.325760277276, 10500.0, 10500.0, 0.0, 3.0, 0.0, 0.025, 0.039937759784293925, 0.0, 0.0, 0.05, 0.5, 0.5, 0.05, 0.5, 0.5, 0.03952928247562548, 0.0, 0.0, 0.05, 0.5, 0.5, 0.05, 0.5, 0.5, 0.0, 0.0, 0.0, 0.030000000000000002, 0.255, 0.0, 0.0, 0.0];[0.37398346719648234, -1.464463159223663, -6.1969046794001255, 0.6422657328436576, -0.4, -3.2645724213525202, -14.0, -14.0, -1.0, 0.0, 0.0, -1.0, 0.0, 0.0, 0.029541218618100995];20.653386700003466;16.736691100006283
214;[nan, nan, nan];False;False;[0.0, 7.25, 1.4500000000000002, 0.0, 0.0, 10.748318209830733, 0.5, 0.5, 13249.879207075068, 10500.0, 10500.0, 0.0, 3.0, 0.0, 0.025, 0.031546307804979426, 0.0, 0.0, 0.05, 0.5, 0.5, 0.05, 0.5, 0.5, 0.04258812192383439, 0.0, 0.0, 0.05, 0.5, 0.5, 0.05, 0.5, 0.5, 0.0, 0.0, 0.0, 0.030000000000000002, 0.255, 0.0, 0.0, 0.0];[nan, nan, nan, nan, nan, nan, nan, nan, nan, nan, nan, nan, nan, nan, nan];44.2678842000023;16.736691100006283
215;[nan, nan, nan];False;False;[0.0, 7.25, 1.4500000000000002, 0.0, 0.0, 11.620471619327185, 0.5, 0.5, 10195.653693188005, 10500.0, 10500.0, 0.0, 3.0, 0.0, 0.025, 0.04414510108249012, 0.0, 0.0, 0.05, 0.5, 0.5, 0.05, 0.5, 0.5, 0.03360130229751434, 0.0, 0.0, 0.05, 0.5, 0.5, 0.05, 0.5, 0.5, 0.0, 0.0, 0.0, 0.030000000000000002, 0.255, 0.0, 0.0, 0.0];[nan, nan, nan, nan, nan, nan, nan, nan, nan, nan, nan, nan, nan, nan, nan];27.663644100000965;16.736691100006283
216;[25.83162681743931, 1297.8627191175933, 118.1629241518786];True;False;[0.0, 7.25, 1.4500000000000002, 0.0, 1.0, 15.458761239286385, 0.5154024637895755, 0.5, 12181.167338611462, 13290.036580490307, 10500.0, 0.0, 3.0, 0.0, 0.025, 0.02294939428359311, 0.21445835555862983, 0.0, 0.04788428690276578, 0.5462804161000206, 0.0, 0.05, 0.5, 0.5, 0.026504944998338848, 0.32254379680222645, 0.0, 0.04665311293079279, 0.30372515747976003, 0.0, 0.05, 0.5, 0.5, 0.0, 0.0, 0.0, 0.030000000000000002, 0.255, 0.0, 0.0, 0.0];[0.9390408317637, -1.4166093526156844, -1.0363544623836187, 0.6821663811315188, -0.3845975362104245, -11.187545225697086, -10.945194853593266, -14.0, -0.7855416444413702, -0.45371958389997935, 0.0, -0.6774562031977736, -0.69627484252024, 0.0, 0.02198039085090875];26.36985039999854;7.479703799996059
217;[25.815546446996244, 1299.4583164039445, 118.14815465340595];True;False;[0.0, 7.25, 1.4500000000000002, 0.0, 1.0, 15.447468504405924, 0.5160044608745076, 0.5, 12261.551733020257, 13283.018190727575, 10500.0, 0.0, 3.0, 0.0, 0.025, 0.02387848521269268, 0.21470632343014087, 0.0, 0.0477877263819749, 0.546013156398479, 0.0, 0.05, 0.5, 0.5, 0.027668728082119887, 0.3279231519498501, 0.0, 0.04657789924690077, 0.30138516019945366, 0.0, 0.05, 0.5, 0.5, 0.0, 0.0, 0.0, 0.030000000000000002, 0.255, 0.0, 0.0, 0.0];[0.942316613049206, -1.4158243570948763, -1.0516411322350283, 0.6808529945155133, -0.38399553912549245, -11.193528253671033, -10.941788213900772, -14.0, -0.7852936765698592, -0.453986843601521, 0.0, -0.6720768480501499, -0.6986148398005463, 0.0, 0.02166620597021629];26.477585100001306;7.479703799996059
218;[25.811723009466377, 1299.7309947883145, 118.14575618957113];True;False;[0.0, 7.25, 1.4500000000000002, 0.0, 1.0, 15.448715025018764, 0.5154864209564247, 0.5, 12340.334086562869, 13295.190729656058, 10500.0, 0.0, 3.0, 0.0, 0.025, 0.02358053059360823, 0.21428347585411497, 0.0, 0.04784054513802952, 0.5454711163208296, 0.0, 0.05, 0.5, 0.5, 0.02825931010062392, 0.3266458457411063, 0.0, 0.04652763758508541, 0.30191489008799977, 0.0, 0.05, 0.5, 0.5, 0.0, 0.0, 0.0, 0.030000000000000002, 0.255, 0.0, 0.0, 0.0];[0.9427918009182061, -1.415710484917163, -1.0499091634658875, 0.6807134071162451, -0.3845135790435753, -11.189424745719961, -10.945831273725203, -14.0, -0.785716524145885, -0.45452888367917044, 0.0, -0.6733541542588937, -0.6980851099120002, 0.0, 0.021620661429509802];24.84533139999985;7.479703799996059
219;[25.802287702967302, 1300.3149667908403, 118.14152900724005];True;False;[0.0, 7.25, 1.4500000000000002, 0.0, 1.0, 15.462913009059426, 0.5168253406722203, 0.5, 12318.320449366947, 13257.975509047827, 10500.0, 0.0, 3.0, 0.0, 0.025, 0.02343462342661374, 0.21531047442696272, 0.0, 0.04780287159900384, 0.5460847971610511, 0.0, 0.05, 0.5, 0.5, 0.02870920237697431, 0.3309796965550143, 0.0, 0.04669786326367101, 0.30071050004220934, 0.0, 0.05, 0.5, 0.5, 0.0, 0.0, 0.0, 0.030000000000000002, 0.255, 0.0, 0.0, 0.0];[0.943502789711161, -1.415540106320676, -1.0308986497855201, 0.6806312060001143, -0.3831746593277797, -11.197879899912113, -10.933081385645341, -14.0, -0.7846895255730373, -0.45391520283894893, 0.0, -0.6690203034449858, -0.6992894999577907, 0.0, 0.021552531319397494];25.093044900000677;7.479703799996059
220;[25.812402071921376, 1299.4515659327176, 118.14934817439999];True;False;[0.0, 7.25, 1.4500000000000002, 0.0, 1.0, 15.464775429615855, 0.5151127167533308, 0.5, 12209.786532508208, 13304.436384798519, 10500.0, 0.0, 3.0, 0.0, 0.025, 0.023494141698724862, 0.21415596084224897, 0.0, 0.04783764127835751, 0.5463488638096905, 0.0, 0.05, 0.5, 0.5, 0.02780299440294641, 0.328565353063799, 0.0, 0.046517068411109974, 0.3008154942310584, 0.0, 0.05, 0.5, 0.5, 0.0, 0.0, 0.0, 0.030000000000000002, 0.255, 0.0, 0.0, 0.0];[0.9418440643993318, -1.41593759682036, -1.028213764773863, 0.6812285016673272, -0.3848872832466692, -11.184591259207071, -10.946757875696978, -14.0, -0.785844039157751, -0.4536511361903095, 0.0, -0.6714346469362009, -0.6991845057689416, 0.0, 0.02171150544193945];25.376227000000654;7.479703799996059
221;[27.072691567290068, 1115.8015855655672, 118.90482303504902];True;False;[0.0, 7.25, 1.4500000000000002, 0.0, 0.0, 15.762709704110069, 0.5, 0.5, 10433.380707318323, 10500.0, 10500.0, 0.0, 3.0, 0.0, 0.025, 0.01872231172137579, 0.0, 0.0, 0.05, 0.5, 0.5, 0.05, 0.5, 0.5, 0.03539263965391081, 0.0, 0.0, 0.05, 0.5, 0.5, 0.05, 0.5, 0.5, 0.0, 0.0, 0.0, 0.030000000000000002, 0.255, 0.0, 0.0, 0.0];[0.31113267769465835, -1.4806535058308095, -1.683283134510983, 0.7254499621831085, -0.4, 0.762709704110069, -14.0, -14.0, -1.0, 0.0, 0.0, -1.0, 0.0, 0.0, 0.03645894171856856];23.311354999998002;8.247319699999935
222;[27.418554008178948, 1102.212105054451, 119.0042796669947];True;False;[0.0, 7.25, 1.4500000000000002, 0.0, 0.0, 15.099071804481829, 0.5, 0.5, 12621.308262816276, 10500.0, 10500.0, 0.0, 3.0, 0.0, 0.025, 0.01751957945603265, 0.0, 0.0, 0.05, 0.5, 0.5, 0.05, 0.5, 0.5, 0.02733801072419098, 0.0, 0.0, 0.05, 0.5, 0.5, 0.05, 0.5, 0.5, 0.0, 0.0, 0.0, 0.030000000000000002, 0.255, 0.0, 0.0, 0.0];[0.3004324216537402, -1.4834098889321294, -2.4787895705557617, 0.7207407604061693, -0.4, 0.09907180448182906, -14.0, -14.0, -1.0, 0.0, 0.0, -1.0, 0.0, 0.0, 0.037654719000199455];21.50018199999613;8.247319699999935
223;[27.182772210565346, 1112.407079623865, 118.92060639726158];True;False;[0.0, 7.25, 1.4500000000000002, 0.0, 0.0, 15.45278500513132, 0.5, 0.5, 11920.630350184694, 10500.0, 10500.0, 0.0, 3.0, 0.0, 0.025, 0.024933841062879894, 0.0, 0.0, 0.05, 0.5, 0.5, 0.05, 0.5, 0.5, 0.029017264939796034, 0.0, 0.0, 0.05, 0.5, 0.5, 0.05, 0.5, 0.5, 0.0, 0.0, 0.0, 0.030000000000000002, 0.255, 0.0, 0.0, 0.0];[0.3117875663410876, -1.480484806690213, -2.057325960738753, 0.7212636108465498, -0.4, 0.4527850051313198, -14.0, -14.0, -1.0, 0.0, 0.0, -1.0, 0.0, 0.0, 0.0363859291706613];21.80481359999976;8.247319699999935
224;[27.210312007146058, 1109.7120135384039, 118.95426929129323];True;False;[0.0, 7.25, 1.4500000000000002, 0.0, 0.0, 15.547310699776702, 0.5, 0.5, 11891.352285345018, 10500.0, 10500.0, 0.0, 3.0, 0.0, 0.025, 0.022652641552609255, 0.0, 0.0, 0.05, 0.5, 0.5, 0.05, 0.5, 0.5, 0.026262364316911077, 0.0, 0.0, 0.05, 0.5, 0.5, 0.05, 0.5, 0.5, 0.0, 0.0, 0.0, 0.030000000000000002, 0.255, 0.0, 0.0, 0.0];[0.3043886423059172, -1.4823907675476529, -1.9437151460442124, 0.7251944568678754, -0.4, 0.5473106997767019, -14.0, -14.0, -1.0, 0.0, 0.0, -1.0, 0.0, 0.0, 0.03721198198173803];20.238865100000112;8.247319699999935
225;[nan, nan, nan];False;False;[0.0, 7.25, 1.4500000000000002, 0.0, 0.0, 15.51353983906666, 0.5, 0.5, 11137.45853791279, 10500.0, 10500.0, 0.0, 3.0, 0.0, 0.025, 0.026423597093987318, 0.0, 0.0, 0.05, 0.5, 0.5, 0.05, 0.5, 0.5, 0.0174280095525566, 0.0, 0.0, 0.05, 0.5, 0.5, 0.05, 0.5, 0.5, 0.0, 0.0, 0.0, 0.030000000000000002, 0.255, 0.0, 0.0, 0.0];[nan, nan, nan, nan, nan, nan, nan, nan, nan, nan, nan, nan, nan, nan, nan];37.728114300000016;8.247319699999935
226;[nan, nan, nan];False;False;[0.0, 7.25, 1.4500000000000002, 0.0, 0.0, 16.50201287959041, 0.5, 0.5, 8906.4300794671, 10500.0, 10500.0, 0.0, 3.0, 0.0, 0.025, 0.053877272812499724, 0.0, 0.0, 0.05, 0.5, 0.5, 0.05, 0.5, 0.5, 0.026720408305493933, 0.0, 0.0, 0.05, 0.5, 0.5, 0.05, 0.5, 0.5, 0.0, 0.0, 0.0, 0.030000000000000002, 0.255, 0.0, 0.0, 0.0];[nan, nan, nan, nan, nan, nan, nan, nan, nan, nan, nan, nan, nan, nan, nan];41.865533499993035;8.971149400000286
227;[26.68763345094401, 1131.1341034314712, 118.80207515238078];True;False;[0.0, 7.25, 1.4500000000000002, 0.0, 0.0, 16.63973143879044, 0.5, 0.5, 11564.556460581432, 10500.0, 10500.0, 0.0, 3.0, 0.0, 0.025, 0.018602284320706288, 0.0, 0.0, 0.05, 0.5, 0.5, 0.05, 0.5, 0.5, 0.04370500692243875, 0.0, 0.0, 0.05, 0.5, 0.5, 0.05, 0.5, 0.5, 0.0, 0.0, 0.0, 0.030000000000000002, 0.255, 0.0, 0.0, 0.0];[0.32074942476074764, -1.478176234352323, -0.6007665446771551, 0.7324152348064765, -0.4, 1.6397314387904416, -14.0, -14.0, -1.0, 0.0, 0.0, -1.0, 0.0, 0.0, 0.03538877824411979];20.7092016999959;8.971149400000286
228;[nan, nan, nan];False;False;[0.0, 7.25, 1.4500000000000002, 0.0, 0.0, 16.726913288425163, 0.5, 0.5, 9962.9711074498, 10500.0, 10500.0, 0.0, 3.0, 0.0, 0.025, 0.017743268026233484, 0.0, 0.0, 0.05, 0.5, 0.5, 0.05, 0.5, 0.5, 0.050190580667741264, 0.0, 0.0, 0.05, 0.5, 0.5, 0.05, 0.5, 0.5, 0.0, 0.0, 0.0, 0.030000000000000002, 0.255, 0.0, 0.0, 0.0];[nan, nan, nan, nan, nan, nan, nan, nan, nan, nan, nan, nan, nan, nan, nan];36.23488499999803;8.971149400000286
229;[nan, nan, nan];False;False;[0.0, 7.25, 1.4500000000000002, 0.0, 0.0, 16.170015954851735, 0.5, 0.5, 15631.968776148782, 10500.0, 10500.0, 0.0, 3.0, 0.0, 0.025, 0.03495351190851253, 0.0, 0.0, 0.05, 0.5, 0.5, 0.05, 0.5, 0.5, 0.03725213570131514, 0.0, 0.0, 0.05, 0.5, 0.5, 0.05, 0.5, 0.5, 0.0, 0.0, 0.0, 0.030000000000000002, 0.255, 0.0, 0.0, 0.0];[nan, nan, nan, nan, nan, nan, nan, nan, nan, nan, nan, nan, nan, nan, nan];34.20190160000493;8.971149400000286
230;[nan, nan, nan];False;False;[0.0, 7.25, 1.4500000000000002, 0.0, 0.0, 16.60694134398358, 0.5, 0.5, 11944.757974592108, 10500.0, 10500.0, 0.0, 3.0, 0.0, 0.025, 0.03099964224577987, 0.0, 0.0, 0.05, 0.5, 0.5, 0.05, 0.5, 0.5, 0.054216266601682064, 0.0, 0.0, 0.05, 0.5, 0.5, 0.05, 0.5, 0.5, 0.0, 0.0, 0.0, 0.030000000000000002, 0.255, 0.0, 0.0, 0.0];[nan, nan, nan, nan, nan, nan, nan, nan, nan, nan, nan, nan, nan, nan, nan];53.83128240000224;8.971149400000286
231;[nan, nan, nan];False;False;[0.0, 7.25, 1.4500000000000002, 0.0, 0.0, 16.310993350821697, 0.5, 0.5, 4599.519987853143, 10500.0, 10500.0, 0.0, 3.0, 0.0, 0.025, 0.03910927745972062, 0.0, 0.0, 0.05, 0.5, 0.5, 0.05, 0.5, 0.5, 0.07253436550968759, 0.0, 0.0, 0.05, 0.5, 0.5, 0.05, 0.5, 0.5, 0.0, 0.0, 0.0, 0.030000000000000002, 0.255, 0.0, 0.0, 0.0];[nan, nan, nan, nan, nan, nan, nan, nan, nan, nan, nan, nan, nan, nan, nan];43.91824039999483;8.41062580000289
232;[25.957150081276005, 1182.4523837364152, 118.2784164297396];True;False;[0.0, 7.25, 1.4500000000000002, 0.0, 0.0, 16.447132615725263, 0.5, 0.5, 6046.37059667898, 10500.0, 10500.0, 0.0, 3.0, 0.0, 0.025, 0.04823988671971373, 0.0, 0.0, 0.05, 0.5, 0.5, 0.05, 0.5, 0.5, 0.081636404817487, 0.0, 0.0, 0.05, 0.5, 0.5, 0.05, 0.5, 0.5, 0.0, 0.0, 0.0, 0.030000000000000002, 0.255, 0.0, 0.0, 0.0];[0.42123671096248483, -1.4522907362366537, -0.8415383807314516, 0.6925564347042454, -0.4, 1.4471326157252626, -14.0, -14.0, -1.0, 0.0, 0.0, -1.0, 0.0, 0.0, 0.024456614532349596];21.52826360000472;8.41062580000289
233;[nan, nan, nan];False;False;[0.0, 7.25, 1.4500000000000002, 0.0, 0.0, 16.582020966440652, 0.5, 0.5, 5876.834369572387, 10500.0, 10500.0, 0.0, 3.0, 0.0, 0.025, 0.07487721459300525, 0.0, 0.0, 0.05, 0.5, 0.5, 0.05, 0.5, 0.5, 0.0072154789700524845, 0.0, 0.0, 0.05, 0.5, 0.5, 0.05, 0.5, 0.5, 0.0, 0.0, 0.0, 0.030000000000000002, 0.255, 0.0, 0.0, 0.0];[nan, nan, nan, nan, nan, nan, nan, nan, nan, nan, nan, nan, nan, nan, nan];47.807021699998586;8.41062580000289
234;[nan, nan, nan];False;False;[0.0, 7.25, 1.4500000000000002, 0.0, 0.0, 16.72008000526419, 0.5, 0.5, 10083.954212864952, 10500.0, 10500.0, 0.0, 3.0, 0.0, 0.025, 0.05911520555566627, 0.0, 0.0, 0.05, 0.5, 0.5, 0.05, 0.5, 0.5, 0.06385194393428271, 0.0, 0.0, 0.05, 0.5, 0.5, 0.05, 0.5, 0.5, 0.0, 0.0, 0.0, 0.030000000000000002, 0.255, 0.0, 0.0, 0.0];[nan, nan, nan, nan, nan, nan, nan, nan, nan, nan, nan, nan, nan, nan, nan];56.53342259999772;8.41062580000289
235;[nan, nan, nan];False;False;[0.0, 7.25, 1.4500000000000002, 0.0, 0.0, 15.938010785447608, 0.5, 0.5, 13424.51670783318, 10500.0, 10500.0, 0.0, 3.0, 0.0, 0.025, 0.0405625859188316, 0.0, 0.0, 0.05, 0.5, 0.5, 0.05, 0.5, 0.5, 0.07085363861659706, 0.0, 0.0, 0.05, 0.5, 0.5, 0.05, 0.5, 0.5, 0.0, 0.0, 0.0, 0.030000000000000002, 0.255, 0.0, 0.0, 0.0];[nan, nan, nan, nan, nan, nan, nan, nan, nan, nan, nan, nan, nan, nan, nan];39.510587199998554;8.41062580000289
236;[27.6259964833312, 1102.506888954385, 118.9358250548669];True;False;[0.0, 7.25, 1.4500000000000002, 0.0, 0.0, 14.077097789286748, 0.5, 0.5, 13701.321912313355, 10500.0, 10500.0, 0.0, 3.0, 0.0, 0.025, 0.026379424914844837, 0.0, 0.0, 0.05, 0.5, 0.5, 0.05, 0.5, 0.5, 0.033372009234567505, 0.0, 0.0, 0.05, 0.5, 0.5, 0.05, 0.5, 0.5, 0.0, 0.0, 0.0, 0.030000000000000002, 0.255, 0.0, 0.0, 0.0];[0.3262760402389171, -1.476752579679637, -3.6639843612390397, 0.6971296527994921, -0.4, -0.9229022107132518, -14.0, -14.0, -1.0, 0.0, 0.0, -1.0, 0.0, 0.0, 0.034775699364249624];11.499152099997445;8.233258500004013
237;[27.64471611742455, 1101.9642896723778, 118.93878609771576];True;False;[0.0, 7.25, 1.4500000000000002, 0.0, 0.0, 14.035288724530371, 0.5, 0.5, 13894.83095530164, 10500.0, 10500.0, 0.0, 3.0, 0.0, 0.025, 0.027009223918400917, 0.0, 0.0, 0.05, 0.5, 0.5, 0.05, 0.5, 0.5, 0.03258700372918604, 0.0, 0.0, 0.05, 0.5, 0.5, 0.05, 0.5, 0.5, 0.0, 0.0, 0.0, 0.030000000000000002, 0.255, 0.0, 0.0, 0.0];[0.326290433670958, -1.4767488719353838, -3.7114409274590283, 0.6965105850237543, -0.4, -0.9647112754696288, -14.0, -14.0, -1.0, 0.0, 0.0, -1.0, 0.0, 0.0, 0.034774104504224024];10.342618899994704;8.233258500004013
238;[nan, nan, nan];False;False;[0.0, 7.25, 1.4500000000000002, 0.0, 0.0, 14.091672155575024, 0.5, 0.5, 13419.387990611025, 10500.0, 10500.0, 0.0, 3.0, 0.0, 0.025, 0.024229051256446713, 0.0, 0.0, 0.05, 0.5, 0.5, 0.05, 0.5, 0.5, 0.03432681928970976, 0.0, 0.0, 0.05, 0.5, 0.5, 0.05, 0.5, 0.5, 0.0, 0.0, 0.0, 0.030000000000000002, 0.255, 0.0, 0.0, 0.0];[nan, nan, nan, nan, nan, nan, nan, nan, nan, nan, nan, nan, nan, nan, nan];5.337955599999987;8.233258500004013
239;[nan, nan, nan];False;False;[0.0, 7.25, 1.4500000000000002, 0.0, 0.0, 14.056356268728738, 0.5, 0.5, 14297.113474167405, 10500.0, 10500.0, 0.0, 3.0, 0.0, 0.025, 0.024282844263058972, 0.0, 0.0, 0.05, 0.5, 0.5, 0.05, 0.5, 0.5, 0.030949783285249218, 0.0, 0.0, 0.05, 0.5, 0.5, 0.05, 0.5, 0.5, 0.0, 0.0, 0.0, 0.030000000000000002, 0.255, 0.0, 0.0, 0.0];[nan, nan, nan, nan, nan, nan, nan, nan, nan, nan, nan, nan, nan, nan, nan];31.5588779000027;8.233258500004013
240;[27.661950444768202, 1100.755493808537, 118.95251696187226];True;False;[0.0, 7.25, 1.4500000000000002, 0.0, 0.0, 14.05060484993037, 0.5, 0.5, 13526.193840458032, 10500.0, 10500.0, 0.0, 3.0, 0.0, 0.025, 0.02429067405411808, 0.0, 0.0, 0.05, 0.5, 0.5, 0.05, 0.5, 0.5, 0.033393402705144404, 0.0, 0.0, 0.05, 0.5, 0.5, 0.05, 0.5, 0.5, 0.0, 0.0, 0.0, 0.030000000000000002, 0.255, 0.0, 0.0, 0.0];[0.3235365473438092, -1.4774582723185257, -3.6940653269393895, 0.6977086467656124, -0.4, -0.9493951500696305, -14.0, -14.0, -1.0, 0.0, 0.0, -1.0, 0.0, 0.0, 0.03507942137703257];11.118609400000423;8.233258500004013
241;[nan, nan, nan];False;False;[0.0, 7.25, 1.4500000000000002, 0.0, 0.0, 15.42647780673167, 0.5, 0.5, 12816.311250423258, 10500.0, 10500.0, 0.0, 3.0, 0.0, 0.025, 0.040981269475300494, 0.0, 0.0, 0.05, 0.5, 0.5, 0.05, 0.5, 0.5, 0.04951057995869282, 0.0, 0.0, 0.05, 0.5, 0.5, 0.05, 0.5, 0.5, 0.0, 0.0, 0.0, 0.030000000000000002, 0.255, 0.0, 0.0, 0.0];[nan, nan, nan, nan, nan, nan, nan, nan, nan, nan, nan, nan, nan, nan, nan];30.8417535999979;7.972240900002362
242;[nan, nan, nan];False;False;[0.0, 7.25, 1.4500000000000002, 0.0, 0.0, 15.3034806401249, 0.5, 0.5, 13042.947870077403, 10500.0, 10500.0, 0.0, 3.0, 0.0, 0.025, 0.03193242011643913, 0.0, 0.0, 0.05, 0.5, 0.5, 0.05, 0.5, 0.5, 0.03862816734756321, 0.0, 0.0, 0.05, 0.5, 0.5, 0.05, 0.5, 0.5, 0.0, 0.0, 0.0, 0.030000000000000002, 0.255, 0.0, 0.0, 0.0];[nan, nan, nan, nan, nan, nan, nan, nan, nan, nan, nan, nan, nan, nan, nan];41.111312500004715;7.972240900002362
243;[nan, nan, nan];False;False;[0.0, 7.25, 1.4500000000000002, 0.0, 0.0, 15.186806720214047, 0.5, 0.5, 14722.3717138636, 10500.0, 10500.0, 0.0, 3.0, 0.0, 0.025, 0.0227018724327016, 0.0, 0.0, 0.05, 0.5, 0.5, 0.05, 0.5, 0.5, 0.06233719213292384, 0.0, 0.0, 0.05, 0.5, 0.5, 0.05, 0.5, 0.5, 0.0, 0.0, 0.0, 0.030000000000000002, 0.255, 0.0, 0.0, 0.0];[nan, nan, nan, nan, nan, nan, nan, nan, nan, nan, nan, nan, nan, nan, nan];34.63455489999615;7.972240900002362
244;[27.136287195050947, 1114.4156280020816, 118.90458891341642];True;False;[0.0, 7.25, 1.4500000000000002, 0.0, 0.0, 15.528249159104863, 0.5, 0.5, 9444.308133571327, 10500.0, 10500.0, 0.0, 3.0, 0.0, 0.025, 0.021297681397552545, 0.0, 0.0, 0.05, 0.5, 0.5, 0.05, 0.5, 0.5, 0.034275954461807916, 0.0, 0.0, 0.05, 0.5, 0.5, 0.05, 0.5, 0.5, 0.0, 0.0, 0.0, 0.030000000000000002, 0.255, 0.0, 0.0, 0.0];[0.313892520481974, -1.4799425710651162, -1.966658541265664, 0.7214625307360198, -0.4, 0.5282491591048633, -14.0, -14.0, -1.0, 0.0, 0.0, -1.0, 0.0, 0.0, 0.036151385549687665];23.160652399994433;7.972240900002362
245;[26.66837672368559, 1145.8080078709563, 118.57334815596374];True;False;[0.0, 7.25, 1.4500000000000002, 0.0, 0.0, 15.36561056553998, 0.5, 0.5, 9559.332779445594, 10500.0, 10500.0, 0.0, 3.0, 0.0, 0.025, 0.05051470881241482, 0.0, 0.0, 0.05, 0.5, 0.5, 0.05, 0.5, 0.5, 0.048954011802595565, 0.0, 0.0, 0.05, 0.5, 0.5, 0.05, 0.5, 0.5, 0.0, 0.0, 0.0, 0.030000000000000002, 0.255, 0.0, 0.0, 0.0];[0.3776862959934091, -1.4635093115134843, -2.1617350914759967, 0.6960437027263944, -0.4, 0.3656105655399795, -14.0, -14.0, -1.0, 0.0, 0.0, -1.0, 0.0, 0.0, 0.029139224649142315];28.386312599999656;7.972240900002362
246;[nan, nan, nan];False;False;[1.0, 3.379687941742911, 1.6537962854345711, 0.0, 0.0, 14.22842751953555, 0.5, 0.5, 17892.629273008275, 10500.0, 10500.0, 0.0, 3.0, 0.0, 0.025, 0.023461263192605213, 0.0, 0.0, 0.05, 0.5, 0.5, 0.05, 0.5, 0.5, 0.07803095709673498, 0.0, 0.0, 0.05, 0.5, 0.5, 0.05, 0.5, 0.5, 0.0, 0.0, 0.0, 0.030000000000000002, 0.255, 0.0, 0.0, 0.0];[nan, nan, nan, nan, nan, nan, nan, nan, nan, nan, nan, nan, nan, nan, nan];50.182181399999536;8.511801400003606
247;[nan, nan, nan];False;False;[0.0, 7.25, 1.4500000000000002, 0.0, 0.0, 15.995168645291809, 0.5, 0.5, 5117.98718039661, 10500.0, 10500.0, 0.0, 3.0, 0.0, 0.025, 0.026895296654728357, 0.0, 0.0, 0.05, 0.5, 0.5, 0.05, 0.5, 0.5, 0.0012380782796490193, 0.0, 0.0, 0.05, 0.5, 0.5, 0.05, 0.5, 0.5, 0.0, 0.0, 0.0, 0.030000000000000002, 0.255, 0.0, 0.0, 0.0];[nan, nan, nan, nan, nan, nan, nan, nan, nan, nan, nan, nan, nan, nan, nan];33.90306089999649;8.511801400003606
248;[26.947231671896926, 1129.6234482436519, 118.72870135677701];True;False;[0.0, 7.25, 1.4500000000000002, 0.0, 0.0, 15.21802606563149, 0.5, 0.5, 9891.59158505642, 10500.0, 10500.0, 0.0, 3.0, 0.0, 0.025, 0.03515265004942415, 0.0, 0.0, 0.05, 0.5, 0.5, 0.05, 0.5, 0.5, 0.04523418162403772, 0.0, 0.0, 0.05, 0.5, 0.5, 0.05, 0.5, 0.5, 0.0, 0.0, 0.0, 0.030000000000000002, 0.255, 0.0, 0.0, 0.0];[0.3503953651189784, -1.470539448025544, -2.3376964913936806, 0.7041358742965227, -0.4, 0.21802606563148963, -14.0, -14.0, -1.0, 0.0, 0.0, -1.0, 0.0, 0.0, 0.03211644628074173];26.132540899998276;8.511801400003606
249;[45.589797291600554, 1067.0533460470933, 123.22523003551845];True;False;[0.0, 7.25, 1.4500000000000002, 0.0, 1.0, 24.26576867200461, 0.1, 0.5, 1000.0, 18592.87294544143, 10500.0, 0.0, 3.0, 1.0, 0.04977880596839648, 0.03565390304676538, 0.1716133415238097, 0.0, 0.08899294732989282, 1.0, 0.0, 0.05, 0.5, 0.5, 0.1, 0.0, 0.0, 0.017684958878935075, 1.0, 0.0, 0.05, 0.5, 0.5, 0.0, 0.0, 0.0, 0.030000000000000002, 0.255, 0.0, 1.0, 0.0];[0.6610713731575446, -1.5675040429264822, 33.21620031388161, 0.6113872214922571, -0.8, -0.22191087968266743, -13.357990097742519, -14.0, -0.8283866584761903, 0.0, 0.0, -1.0, 0.0, 0.0, 0.10510302984421316];23.372773600000073;8.511801400003606
250;[nan, nan, nan];False;False;[0.0, 7.25, 1.4500000000000002, 0.0, 0.0, 14.642024451937699, 0.5, 0.5, 10953.103124817797, 10500.0, 10500.0, 0.0, 3.0, 0.0, 0.025, 0.054939105451811, 0.0, 0.0, 0.05, 0.5, 0.5, 0.05, 0.5, 0.5, 0.0015985534700350941, 0.0, 0.0, 0.05, 0.5, 0.5, 0.05, 0.5, 0.5, 0.0, 0.0, 0.0, 0.030000000000000002, 0.255, 0.0, 0.0, 0.0];[nan, nan, nan, nan, nan, nan, nan, nan, nan, nan, nan, nan, nan, nan, nan];44.76696579999407;8.511801400003606
251;[27.385521032184748, 1127.1845707142609, 118.62747008641892];True;False;[0.0, 7.25, 1.4500000000000002, 0.0, 0.0, 13.354251311320969, 0.5, 0.5, 10241.437382879725, 10500.0, 10500.0, 0.0, 3.0, 0.0, 0.025, 0.05578013793345996, 0.0, 0.0, 0.05, 0.5, 0.5, 0.05, 0.5, 0.5, 0.04735385148660389, 0.0, 0.0, 0.05, 0.5, 0.5, 0.05, 0.5, 0.5, 0.0, 0.0, 0.0, 0.030000000000000002, 0.255, 0.0, 0.0, 0.0];[0.39337055829339196, -1.45946904972955, -4.473058177233542, 0.6628443311909149, -0.4, -1.6457486886790313, -14.0, -14.0, -1.0, 0.0, 0.0, -1.0, 0.0, 0.0, 0.027443224255600085];10.584333900005731;9.012221199998748
252;[27.471409516031315, 1127.6093059053892, 118.59689930219625];True;False;[0.0, 7.25, 1.4500000000000002, 0.0, 0.0, 12.993060605836726, 0.5, 0.5, 14871.00326077645, 10500.0, 10500.0, 0.0, 3.0, 0.0, 0.025, 0.043690506741250815, 0.0, 0.0, 0.05, 0.5, 0.5, 0.05, 0.5, 0.5, 0.064802773440763, 0.0, 0.0, 0.05, 0.5, 0.5, 0.05, 0.5, 0.5, 0.0, 0.0, 0.0, 0.030000000000000002, 0.255, 0.0, 0.0, 0.0];[0.40421259197085835, -1.4566761447468772, -4.868248665170864, 0.6535205216265161, -0.4, -2.0069393941632736, -14.0, -14.0, -1.0, 0.0, 0.0, -1.0, 0.0, 0.0, 0.026277174233687473];10.696088900003815;9.012221199998748
253;[27.618428964071224, 1115.918358832804, 118.73270476760169];True;False;[0.0, 7.25, 1.4500000000000002, 0.0, 0.0, 13.169866585137562, 0.5, 0.5, 11019.795812225762, 10500.0, 10500.0, 0.0, 3.0, 0.0, 0.025, 0.0551221618336909, 0.0, 0.0, 0.05, 0.5, 0.5, 0.05, 0.5, 0.5, 0.035524742447309174, 0.0, 0.0, 0.05, 0.5, 0.5, 0.05, 0.5, 0.5, 0.0, 0.0, 0.0, 0.030000000000000002, 0.255, 0.0, 0.0, 0.0];[0.376558855798681, -1.463799739806847, -4.675556660257261, 0.6658251118606398, -0.4, -1.8301334148624377, -14.0, -14.0, -1.0, 0.0, 0.0, -1.0, 0.0, 0.0, 0.02926155944466502];10.93871599999693;9.012221199998748
254;[28.292035025676366, 1086.3712585504563, 119.00743916638397];True;False;[0.0, 7.25, 1.4500000000000002, 0.0, 0.0, 12.591313327932419, 0.5, 0.5, 15702.127680106893, 10500.0, 10500.0, 0.0, 3.0, 0.0, 0.025, 0.01833957884526075, 0.0, 0.0, 0.05, 0.5, 0.5, 0.05, 0.5, 0.5, 0.03946496957323217, 0.0, 0.0, 0.05, 0.5, 0.5, 0.05, 0.5, 0.5, 0.0, 0.0, 0.0, 0.030000000000000002, 0.255, 0.0, 0.0, 0.0];[0.33468466834193134, -1.4745865193237104, -5.300690238094374, 0.6706672002143321, -0.4, -2.4086866720675815, -14.0, -14.0, -1.0, 0.0, 0.0, -1.0, 0.0, 0.0, 0.03384560148135429];10.264697999999044;9.012221199998748
255;[27.64627958555392, 1113.8020986460165, 118.7571227533659];True;False;[0.0, 7.25, 1.4500000000000002, 0.0, 0.0, 13.199517086813078, 0.5, 0.5, 11119.421829724668, 10500.0, 10500.0, 0.0, 3.0, 0.0, 0.025, 0.04296608032421827, 0.0, 0.0, 0.05, 0.5, 0.5, 0.05, 0.5, 0.5, 0.04448780468347307, 0.0, 0.0, 0.05, 0.5, 0.5, 0.05, 0.5, 0.5, 0.0, 0.0, 0.0, 0.030000000000000002, 0.255, 0.0, 0.0, 0.0];[0.37161616245736173, -1.465072976292863, -4.643099861067132, 0.6679957570057882, -0.4, -1.8004829131869222, -14.0, -14.0, -1.0, 0.0, 0.0, -1.0, 0.0, 0.0, 0.029798542962749974];10.697943099999975;9.012221199998748
256;[25.48999333001168, 1317.4937574104738, 118.00524690830781];True;False;[0.0, 7.25, 1.4500000000000002, 0.0, 1.0, 15.819941141558441, 0.4350345808051297, 0.5, 12112.067129048803, 13483.255113531968, 10500.0, 0.0, 3.0, 0.0, 0.025, 0.036307685988803066, 0.23177282079693054, 0.0, 0.04984203727913304, 0.5206028203908035, 0.0, 0.05, 0.5, 0.5, 0.0316222198035186, 0.34712457076031467, 0.0, 0.04453194467686, 0.27903091046352774, 0.0, 0.05, 0.5, 0.5, 0.0, 0.0, 0.0, 0.030000000000000002, 0.255, 0.0, 1.0, 0.0];[0.9659616693801647, -1.4101581475127316, -0.55220531075644, 0.6785820335061177, -0.46496541919487033, -10.467357417077682, -11.509775290651994, -14.0, -0.7682271792030695, -0.4793971796091965, 0.0, -0.6528754292396853, -0.7209690895364722, 0.0, 0.019409544183653593];40.78693539999949;8.658390199998394
257;[25.485442815523825, 1315.9644411784486, 118.01716856060267];True;False;[0.0, 7.25, 1.4500000000000002, 0.0, 1.0, 15.844331563557823, 0.44098808969958203, 0.5, 8425.867363946945, 13111.740693785388, 10500.0, 0.0, 3.0, 0.0, 0.025, 0.04833218248894608, 0.21386643025595758, 0.0, 0.049524417724031086, 0.5204328026357352, 0.0, 0.05, 0.5, 0.5, 0.016781738330362683, 0.31964611491311706, 0.0, 0.04608851269743291, 0.2746271839062571, 0.0, 0.05, 0.5, 0.5, 0.0, 0.0, 0.0, 0.030000000000000002, 0.255, 0.0, 0.0, 0.0];[0.9625007437573716, -1.410987510304367, -0.5172354981334397, 0.6806978430363813, -0.459011910300418, -10.518389990285264, -11.464589393273346, -14.0, -0.7861335697440424, -0.4795671973642648, 0.0, -0.6803538850868829, -0.7253728160937429, 0.0, 0.01973863115032304];50.397377100001904;8.658390199998394
258;[nan, nan, nan];False;False;[0.0, 7.25, 1.4500000000000002, 0.0, 1.0, 15.89665978263554, 0.4372592195292425, 0.5, 8146.584446998062, 13070.228620851183, 10500.0, 0.0, 3.0, 0.0, 0.025, 0.017191809448318007, 0.2344263343130031, 0.0, 0.04840495922467091, 0.5263296015374989, 0.0, 0.05, 0.5, 0.5, 0.06437792681275699, 0.32084469147464045, 0.0, 0.04625581415784681, 0.25465155647095566, 0.0, 0.05, 0.5, 0.5, 0.0, 0.0, 0.0, 0.030000000000000002, 0.255, 0.0, 0.0, 0.0];[nan, nan, nan, nan, nan, nan, nan, nan, nan, nan, nan, nan, nan, nan, nan];76.80786070000613;8.658390199998394
259;[25.898267040988287, 1284.5407724898243, 118.29577224966303];True;False;[0.0, 7.25, 1.4500000000000002, 0.0, 1.0, 15.776687436974434, 0.4474797733730297, 0.5, 11833.278207623685, 13885.081366677588, 10500.0, 0.0, 3.0, 0.0, 0.025, 0.018910942767670493, 0.21388408104344458, 0.0, 0.04986691201254314, 0.5293001714146319, 0.0, 0.05, 0.5, 0.5, 0.011822634845812186, 0.3706876233564251, 0.0, 0.045067435892015936, 0.27140936121794174, 0.0, 0.05, 0.5, 0.5, 0.0, 0.0, 0.0, 0.030000000000000002, 0.255, 0.0, 1.0, 0.0];[0.905802940444457, -1.4245743519646987, -0.6083411942615218, 0.6989611065046779, -0.45252022662697033, -10.586376364464133, -11.425457007718112, -14.0, -0.7861159189565554, -0.4706998285853681, 0.0, -0.6293123766435749, -0.7285906387820582, 0.0, 0.02518981740474513];27.25045020000107;8.658390199998394
260;[nan, nan, nan];False;False;[0.0, 7.25, 1.4500000000000002, 0.0, 1.0, 16.066544710367044, 0.4393788802276256, 0.5, 8302.971095962597, 13238.979504195699, 10500.0, 0.0, 3.0, 0.0, 0.025, 0.0480072793448445, 0.22045907145147212, 0.0, 0.04829695771812592, 0.521969980230524, 0.0, 0.05, 0.5, 0.5, 0.029211752446758096, 0.31942490440018495, 0.0, 0.04563843100789356, 0.24929268422132841, 0.0, 0.05, 0.5, 0.5, 0.0, 0.0, 0.0, 0.030000000000000002, 0.255, 0.0, 0.0, 0.0];[nan, nan, nan, nan, nan, nan, nan, nan, nan, nan, nan, nan, nan, nan, nan];34.53431609999825;8.658390199998394
261;[nan, nan, nan];False;False;[0.0, 7.25, 1.4500000000000002, 0.0, 1.0, 15.407208545367384, 0.43313032400950136, 0.5, 8470.030577089401, 13028.243191867512, 10500.0, 0.0, 3.0, 0.0, 0.025, 0.029996851969811375, 0.21011798235706225, 0.0, 0.04871151592980171, 0.5100607633999067, 0.0, 0.05, 0.5, 0.5, 0.043448260241611934, 0.33612536406271537, 0.0, 0.04361671661655103, 0.28125377843987115, 0.0, 0.05, 0.5, 0.5, 0.0, 0.0, 0.0, 0.030000000000000002, 0.255, 0.0, 1.0, 0.0];[nan, nan, nan, nan, nan, nan, nan, nan, nan, nan, nan, nan, nan, nan, nan];68.83450679999805;9.325574199996481
262;[nan, nan, nan];False;False;[0.0, 7.25, 1.4500000000000002, 0.0, 1.0, 15.414628622857316, 0.4479321244701059, 0.5, 10438.458143507258, 12591.331113437682, 10500.0, 0.0, 3.0, 0.0, 0.025, 0.023162089148195536, 0.2058352801108807, 0.0, 0.04748045948093623, 0.5180112728287799, 0.0, 0.05, 0.5, 0.5, 0.06661435879729467, 0.31013610080626036, 0.0, 0.04154399650160842, 0.30906703701337607, 0.0, 0.05, 0.5, 0.5, 0.0, 0.0, 0.0, 0.030000000000000002, 0.255, 0.0, 0.0, 0.0];[nan, nan, nan, nan, nan, nan, nan, nan, nan, nan, nan, nan, nan, nan, nan];62.22568699999829;9.325574199996481
263;[nan, nan, nan];False;False;[0.0, 7.25, 1.4500000000000002, 0.0, 1.0, 15.472485157683094, 0.4576586473283897, 0.5, 4836.774461648665, 13103.404551343876, 10500.0, 0.0, 3.0, 0.0, 0.025, 0.02810927828239091, 0.20919101856745612, 0.0, 0.04933331187199572, 0.5118698462959607, 0.0, 0.05, 0.5, 0.5, 0.05543121757740538, 0.3800273534441893, 0.0, 0.0449832536271164, 0.2959768559047834, 0.0, 0.05, 0.5, 0.5, 0.0, 0.0, 0.0, 0.030000000000000002, 0.255, 0.0, 0.0, 0.0];[nan, nan, nan, nan, nan, nan, nan, nan, nan, nan, nan, nan, nan, nan, nan];83.2711963000038;9.325574199996481
264;[nan, nan, nan];False;False;[0.0, 7.25, 1.4500000000000002, 0.0, 0.0, 15.59877207067961, 0.5, 0.5, 11359.926968038744, 10500.0, 10500.0, 0.0, 3.0, 0.0, 0.025, 0.05736237913835643, 0.0, 0.0, 0.05, 0.5, 0.5, 0.05, 0.5, 0.5, 0.012852434571349262, 0.0, 0.0, 0.05, 0.5, 0.5, 0.05, 0.5, 0.5, 0.0, 0.0, 0.0, 0.030000000000000002, 0.255, 0.0, 0.0, 0.0];[nan, nan, nan, nan, nan, nan, nan, nan, nan, nan, nan, nan, nan, nan, nan];34.2590876999966;9.325574199996481
265;[25.671732582117418, 1311.2632797697129, 118.02292294324086];True;False;[0.0, 7.25, 1.4500000000000002, 0.0, 1.0, 15.246269204826083, 0.43824852150096505, 0.5, 11455.951707154112, 12998.776146896633, 10500.0, 0.0, 3.0, 0.0, 0.025, 0.023723796428554073, 0.21546597278373622, 0.0, 0.04841208359366879, 0.515291112871289, 0.0, 0.05, 0.5, 0.5, 0.045512506308165925, 0.3526148397596418, 0.0, 0.045739974489320906, 0.3055907859305115, 0.0, 0.05, 0.5, 0.5, 0.0, 0.0, 0.0, 0.030000000000000002, 0.255, 0.0, 0.0, 0.0];[0.9696793583392473, -1.4092672549511478, -1.3273074847373785, 0.6702918525485353, -0.461751478499035, -10.579273222641564, -11.55118491309785, -14.0, -0.7845340272162638, -0.48470888712871096, 0.0, -0.6473851602403582, -0.6944092140694885, 0.0, 0.01905650646404422];27.28641589999461;9.325574199996481
266;[nan, nan, nan];False;False;[0.0, 7.25, 1.4500000000000002, 0.0, 1.0, 15.942134438511761, 0.4744263596365066, 0.5, 12526.081880317539, 13135.035603164763, 10500.0, 0.0, 3.0, 0.0, 0.025, 0.06113814514621344, 0.22768052744809425, 0.0, 0.04965050522207015, 0.5125339848518168, 0.0, 0.05, 0.5, 0.5, 0.06603204889545049, 0.348573253821272, 0.0, 0.04471372521326098, 0.2951938365360858, 0.0, 0.05, 0.5, 0.5, 0.0, 0.0, 0.0, 0.030000000000000002, 0.255, 0.0, 1.0, 0.0];[nan, nan, nan, nan, nan, nan, nan, nan, nan, nan, nan, nan, nan, nan, nan];75.75805160000164;8.996702299999015
267;[nan, nan, nan];False;False;[0.0, 7.25, 1.4500000000000002, 0.0, 1.0, 16.14075640470863, 0.500255904120932, 0.5, 11236.937297379283, 13270.943942896345, 10500.0, 0.0, 3.0, 0.0, 0.025, 0.03546287115037002, 0.21784916457575448, 0.0, 0.0488323300718904, 0.5229998893405029, 0.0, 0.05, 0.5, 0.5, 0.04021716268617104, 0.31428754309925544, 0.0, 0.0444622061539354, 0.2873359869935373, 0.0, 0.05, 0.5, 0.5, 0.0, 0.0, 0.0, 0.030000000000000002, 0.255, 0.0, 0.0, 0.0];[nan, nan, nan, nan, nan, nan, nan, nan, nan, nan, nan, nan, nan, nan, nan];70.45702380000148;8.996702299999015
268;[nan, nan, nan];False;False;[0.0, 7.25, 1.4500000000000002, 0.0, 1.0, 16.15011558954029, 0.468457006949049, 0.5, 8003.270327359241, 13613.355237343018, 10500.0, 0.0, 3.0, 0.0, 0.025, 0.023197948085167692, 0.2276064515429414, 0.0, 0.049631773137706496, 0.527267800641789, 0.0, 0.05, 0.5, 0.5, 0.044580062126975246, 0.3266233483390689, 0.0, 0.044201434124713807, 0.27200975416123546, 0.0, 0.05, 0.5, 0.5, 0.0, 0.0, 0.0, 0.030000000000000002, 0.255, 0.0, 1.0, 0.0];[nan, nan, nan, nan, nan, nan, nan, nan, nan, nan, nan, nan, nan, nan, nan];71.73321199999918;8.996702299999015
269;[nan, nan, nan];False;False;[0.0, 7.25, 1.4500000000000002, 0.0, 1.0, 16.003776454177675, 0.4849186459110725, 0.5, 12066.254071672125, 12746.20806636718, 10500.0, 0.0, 3.0, 0.0, 0.025, 0.025863554472926428, 0.2127848825825571, 0.0, 0.04893808062379412, 0.5260205601195902, 0.0, 0.05, 0.5, 0.5, 0.05439374365616722, 0.29658871268801074, 0.0, 0.04604080445169736, 0.2635500267136891, 0.0, 0.05, 0.5, 0.5, 0.0, 0.0, 0.0, 0.030000000000000002, 0.255, 0.0, 0.0, 0.0];[nan, nan, nan, nan, nan, nan, nan, nan, nan, nan, nan, nan, nan, nan, nan];87.67054780000035;8.996702299999015
270;[nan, nan, nan];False;False;[0.0, 7.25, 1.4500000000000002, 0.0, 1.0, 15.993088528668771, 0.47985899835962875, 0.5, 13379.354769294087, 13330.302785973028, 10500.0, 0.0, 3.0, 0.0, 0.025, 0.02194351908109514, 0.22813288028043147, 0.0, 0.04950280577787058, 0.524822399572459, 0.0, 0.05, 0.5, 0.5, 0.044816082548013, 0.29284979975663056, 0.0, 0.04470711754231677, 0.28314731572877755, 0.0, 0.05, 0.5, 0.5, 0.0, 0.0, 0.0, 0.030000000000000002, 0.255, 0.0, 1.0, 0.0];[nan, nan, nan, nan, nan, nan, nan, nan, nan, nan, nan, nan, nan, nan, nan];78.32695519999834;8.996702299999015
271;[nan, nan, nan];False;False;[0.0, 7.25, 1.4500000000000002, 0.0, 1.0, 15.847552259757986, 0.4670232463875269, 0.5, 10413.584725715933, 13658.025526418769, 10500.0, 0.0, 3.0, 0.0, 0.025, 0.05228223076019981, 0.2401222456176684, 0.0, 0.05012599374539663, 0.5156502552714289, 0.0, 0.05, 0.5, 0.5, 0.039930190093343254, 0.32583445171784914, 0.0, 0.04578512596775819, 0.2729052233956015, 0.0, 0.05, 0.5, 0.5, 0.0, 0.0, 0.0, 0.030000000000000002, 0.255, 0.0, 1.0, 0.0];[nan, nan, nan, nan, nan, nan, nan, nan, nan, nan, nan, nan, nan, nan, nan];77.04745070000354;9.378444500005571
272;[25.08031583204576, 1353.8059926216745, 117.71316600589364];True;False;[0.0, 7.25, 1.4500000000000002, 0.0, 1.0, 16.073246094216223, 0.4745964568934994, 0.5, 6906.926152443086, 12902.904255704543, 10500.0, 0.0, 3.0, 0.0, 0.025, 0.045418859319007514, 0.22349094949279125, 0.0, 0.04692638823917182, 0.5217479971474617, 0.0, 0.05, 0.5, 0.5, 0.05820372784020438, 0.33338280254117936, 0.0, 0.045070974853153825, 0.2849066900065741, 0.0, 0.05, 0.5, 0.5, 0.0, 0.0, 0.0, 0.030000000000000002, 0.255, 0.0, 0.0, 0.0];[1.0258482585112851, -1.39580715758792, -0.19621849780987688, 0.6591151580990215, -0.42540354310650064, -10.781713725723282, -11.189626533355137, -14.0, -0.7765090505072088, -0.4782520028525383, 0.0, -0.6666171974588206, -0.7150933099934259, 0.0, 0.013780423638149242];66.00490870000067;9.378444500005571
273;[25.722395082889676, 1297.3362453377051, 118.20098870334962];True;False;[0.0, 7.25, 1.4500000000000002, 0.0, 1.0, 16.01842712583416, 0.48253457732932514, 0.5, 13735.70869615108, 13824.919462145168, 10500.0, 0.0, 3.0, 0.0, 0.025, 0.032993639939326455, 0.2304889780985316, 0.0, 0.05006987025713359, 0.5216512788997252, 0.0, 0.05, 0.5, 0.5, 0.008488792257947107, 0.34008777922972794, 0.0, 0.04419728024188324, 0.28131366812601716, 0.0, 0.05, 0.5, 0.5, 0.0, 0.0, 0.0, 0.030000000000000002, 0.255, 0.0, 0.0, 0.0];[0.9234682900750268, -1.4203410961014995, -0.2714920948770967, 0.6948421929595494, -0.4174654226706749, -10.8553641150453, -11.135142490084087, -14.0, -0.7695110219014684, -0.4783487211002748, 0.0, -0.6599122207702721, -0.7186863318739829, 0.0, 0.023479166350725];26.597184400001424;9.378444500005571
274;[25.264510168155784, 1337.4022468214444, 117.861859771648];True;False;[0.0, 7.25, 1.4500000000000002, 0.0, 1.0, 16.13829929035093, 0.494419386914438, 0.5, 8252.166677241588, 13233.172310229818, 10500.0, 0.0, 3.0, 0.0, 0.025, 0.025624638792538457, 0.23674219875754954, 0.0, 0.04810612779244158, 0.5213093636375845, 0.0, 0.05, 0.5, 0.5, 0.05834222103070196, 0.351424326354845, 0.0, 0.044612586419434316, 0.2837088836350524, 0.0, 0.05, 0.5, 0.5, 0.0, 0.0, 0.0, 0.030000000000000002, 0.255, 0.0, 1.0, 0.0];[0.9942750019483722, -1.4033732503209049, -0.10520963467904387, 0.6703876333325598, -0.40558061308556204, -10.937659309907481, -11.02733977243465, -14.0, -0.7632578012424505, -0.4786906363624155, 0.0, -0.648575673645155, -0.7162911163649476, 0.0, 0.016732900739641843];64.4733525000047;9.378444500005571
275;[nan, nan, nan];False;False;[0.0, 7.25, 1.4500000000000002, 0.0, 1.0, 16.364650052300547, 0.47752014766924245, 0.5, 7450.453970224087, 12738.147932682736, 10500.0, 0.0, 3.0, 0.0, 0.025, 0.029198262813231752, 0.22478827066873258, 0.0, 0.047137047612955785, 0.5279461757661598, 0.0, 0.05, 0.5, 0.5, 0.04456902554967662, 0.3317594946617433, 0.0, 0.043100784493529415, 0.29055437267811224, 0.0, 0.05, 0.5, 0.5, 0.0, 0.0, 0.0, 0.030000000000000002, 0.255, 0.0, 0.0, 0.0];[nan, nan, nan, nan, nan, nan, nan, nan, nan, nan, nan, nan, nan, nan, nan];70.35233889999654;9.378444500005571
276;[nan, nan, nan];False;False;[0.0, 7.25, 1.4500000000000002, 0.0, 1.0, 17.398299297419097, 0.5111352858107671, 0.5, 8367.207016415125, 14360.032076491263, 10500.0, 0.0, 3.0, 0.0, 0.025, 0.08201533492302843, 0.21314566664287504, 0.0, 0.04429735549006397, 0.5288045816586161, 0.0, 0.05, 0.5, 0.5, 0.054337445842942936, 0.33175822569077845, 0.0, 0.04183654637717355, 0.27562067404253243, 0.0, 0.05, 0.5, 0.5, 0.0, 0.0, 0.0, 0.030000000000000002, 0.255, 0.0, 0.0, 1.0];[nan, nan, nan, nan, nan, nan, nan, nan, nan, nan, nan, nan, nan, nan, nan];78.37344389999635;13.386123500000394
277;[24.006263679616413, 1426.4581485232245, 117.45208110481397];True;False;[0.0, 7.25, 1.4500000000000002, 0.0, 1.0, 20.863241904842038, 0.6128558897413471, 0.5, 3148.4279453378317, 13784.038115213581, 10500.0, 0.0, 3.0, 0.0, 0.025, 0.05739505750836121, 0.3002144117053579, 0.0, 0.04007910671714164, 0.45964068892509635, 0.0, 0.05, 0.5, 0.5, 0.056817516323598174, 0.43921826734400377, 0.0, 0.0384749865150985, 0.4590690451076542, 0.0, 0.05, 0.5, 0.5, 0.0, 0.0, 0.0, 0.030000000000000002, 0.255, 0.0, 1.0, 0.0];[1.0443345356032188, -1.3913771778521802, 7.056729861388604, 0.6867132525915138, -0.28714411025865294, -11.369653795948699, -9.253098538767567, -14.0, -0.6997855882946421, -0.5403593110749036, 0.0, -0.5607817326559963, -0.5409309548923458, 0.0, 0.012067343878118364];25.364913200006413;13.386123500000394
278;[25.248709717790547, 1313.7449191585006, 118.292941059431];True;False;[0.0, 7.25, 1.4500000000000002, 0.0, 1.0, 19.42060404578816, 0.5432165295187649, 0.5, 13089.538858036913, 14057.281309893531, 10500.0, 0.0, 3.0, 0.0, 0.025, 0.01732483176668748, 0.2287807842691181, 0.0, 0.04091178342220324, 0.5098722886018505, 0.0, 0.05, 0.5, 0.5, 0.002704450473823521, 0.42393605697443465, 0.0, 0.037520944875838166, 0.45771945246048834, 0.0, 0.05, 0.5, 0.5, 0.0, 0.0, 0.0, 0.030000000000000002, 0.255, 0.0, 1.0, 0.0];[0.8746464681304822, -1.4320405681369326, 4.759735249520279, 0.7407891799655322, -0.35678347048123515, -10.95889561749861, -10.19423350461265, -14.0, -0.7712192157308819, -0.4901277113981495, 0.0, -0.5760639430255654, -0.5422805475395116, 0.0, 0.02823430825685891];43.583980000003066;13.386123500000394
279;[nan, nan, nan];False;False;[0.0, 7.25, 1.4500000000000002, 0.0, 1.0, 18.171398239053573, 0.5652728248595614, 0.5, 16235.442317991126, 14469.324891514727, 10500.0, 0.0, 3.0, 0.0, 0.025, 0.01138193697307651, 0.29982312038830317, 0.0, 0.04766458526095524, 0.4995013408760592, 0.0, 0.05, 0.5, 0.5, 0.021724272605341745, 0.5403414885050093, 0.0, 0.04277205584451285, 0.4463042184896535, 0.0, 0.05, 0.5, 0.5, 0.0, 0.0, 0.0, 0.030000000000000002, 0.255, 0.0, 1.0, 0.0];[nan, nan, nan, nan, nan, nan, nan, nan, nan, nan, nan, nan, nan, nan, nan];66.80317320000177;13.386123500000394
280;[24.694486861912317, 1352.1087706488036, 117.94481046796957];True;False;[0.0, 7.25, 1.4500000000000002, 0.0, 1.0, 19.433372305857688, 0.5308988762485835, 0.5, 11133.266098747326, 15138.452148038572, 10500.0, 0.0, 3.0, 0.0, 0.025, 0.01993082250538535, 0.25937517718312003, 0.0, 0.04912635840066699, 0.5532000809346705, 0.0, 0.05, 0.5, 0.5, 0.02963348198558225, 0.41420180104497767, 0.0, 0.0459589758139298, 0.2566714430336933, 0.0, 0.05, 0.5, 0.5, 0.0, 0.0, 0.0, 0.030000000000000002, 0.255, 0.0, 0.0, 0.0];[0.943573225446185, -1.4155232273743494, 4.78352505677055, 0.7199360364527392, -0.36910112375141657, -10.856174876834762, -10.310281749772873, -14.0, -0.7406248228168799, -0.44679991906532945, 0.0, -0.5857981989550223, -0.7433285569663066, 0.0, 0.02154578282270725];37.33304969999881;13.386123500000394
281;[nan, nan, nan];False;False;[0.0, 7.25, 1.4500000000000002, 0.0, 1.0, 12.83209946269663, 0.527496012412245, 0.5, 12648.454725530715, 10783.725811250994, 10500.0, 0.0, 3.0, 0.0, 0.025, 0.045813775361980044, 0.19797526376394511, 0.0, 0.04663099945172648, 0.5771834783530229, 0.0, 0.05, 0.5, 0.5, 0.0750395985721209, 0.3311149025873174, 0.0, 0.05224269810691928, 0.3554086764181794, 0.0, 0.05, 0.5, 0.5, 0.0, 0.0, 0.0, 0.030000000000000002, 0.255, 0.0, 0.0, 0.0];[nan, nan, nan, nan, nan, nan, nan, nan, nan, nan, nan, nan, nan, nan, nan];67.4644399999961;10.47658180000144
282;[27.041219241625548, 1141.7460697658075, 118.50957452958838];True;False;[0.0, 7.25, 1.4500000000000002, 0.0, 0.0, 13.823439161255916, 0.5, 0.5, 8482.406986445358, 10500.0, 10500.0, 0.0, 3.0, 0.0, 0.025, 0.05964569909744188, 0.0, 0.0, 0.05, 0.5, 0.5, 0.05, 0.5, 0.5, 0.05594646474770209, 0.0, 0.0, 0.05, 0.5, 0.5, 0.05, 0.5, 0.5, 0.0, 0.0, 0.0, 0.030000000000000002, 0.255, 0.0, 0.0, 0.0];[0.408766053475893, -1.4555031742780395, -3.950661362267603, 0.6643625562288347, -0.4, -1.1765608387440842, -14.0, -14.0, -1.0, 0.0, 0.0, -1.0, 0.0, 0.0, 0.0257889898656114];10.540181199998187;10.47658180000144
283;[26.798165598773892, 1163.254982678474, 118.26131359454493];True;False;[0.0, 7.25, 1.4500000000000002, 0.0, 0.0, 13.447929430225992, 0.5, 0.5, 11993.716981432974, 10500.0, 10500.0, 0.0, 3.0, 0.0, 0.025, 0.06923700524761298, 0.0, 0.0, 0.05, 0.5, 0.5, 0.05, 0.5, 0.5, 0.07844765370233693, 0.0, 0.0, 0.05, 0.5, 0.5, 0.05, 0.5, 0.5, 0.0, 0.0, 0.0, 0.030000000000000002, 0.255, 0.0, 0.0, 0.0];[0.4599742646572844, -1.4423119527400075, -4.369572501220272, 0.641076707942889, -0.4, -1.552070569774008, -14.0, -14.0, -1.0, 0.0, 0.0, -1.0, 0.0, 0.0, 0.020360592016504753];9.825014399997599;10.47658180000144
284;[nan, nan, nan];False;False;[0.0, 7.25, 1.4500000000000002, 0.0, 0.0, 13.312624951385464, 0.5, 0.5, 12951.09993221058, 10500.0, 10500.0, 0.0, 3.0, 0.0, 0.025, 0.020636461756514665, 0.0, 0.0, 0.05, 0.5, 0.5, 0.05, 0.5, 0.5, 0.02610565309152271, 0.0, 0.0, 0.05, 0.5, 0.5, 0.05, 0.5, 0.5, 0.0, 0.0, 0.0, 0.030000000000000002, 0.255, 0.0, 0.0, 0.0];[nan, nan, nan, nan, nan, nan, nan, nan, nan, nan, nan, nan, nan, nan, nan];38.23498059999838;10.47658180000144
285;[nan, nan, nan];False;False;[0.0, 7.25, 1.4500000000000002, 0.0, 1.0, 12.911316055528422, 0.5144957662880861, 0.5, 17423.682338372495, 10715.353132909588, 10500.0, 0.0, 3.0, 0.0, 0.025, 0.02050833318526335, 0.19202860888555098, 0.0, 0.04659297248159405, 0.5539067477133115, 0.0, 0.05, 0.5, 0.5, 0.07644476182958723, 0.350930532916182, 0.0, 0.048049906597462, 0.36935743957240075, 0.0, 0.05, 0.5, 0.5, 0.0, 0.0, 0.0, 0.030000000000000002, 0.255, 0.0, 0.0, 0.0];[nan, nan, nan, nan, nan, nan, nan, nan, nan, nan, nan, nan, nan, nan, nan];69.50595809999504;10.47658180000144
286;[nan, nan, nan];False;False;[0.0, 7.25, 1.4500000000000002, 0.0, 1.0, 20.76520272844834, 0.13830720042020359, 0.5, 1000.0, 9097.643931172255, 10500.0, 0.0, 3.0, 0.0, 0.025, 0.09017074742971037, 0.29775189568981775, 0.0, 0.04998329737547141, 0.5943327503802244, 0.0, 0.05, 0.5, 0.5, 0.0467673349036618, 0.25367815014267125, 0.0, 0.05040452564487452, 0.061434233911273325, 0.0, 0.05, 0.5, 0.5, 0.0, 0.0, 0.0, 0.030000000000000002, 0.255, 0.0, 1.0, 1.0];[nan, nan, nan, nan, nan, nan, nan, nan, nan, nan, nan, nan, nan, nan, nan];79.22352880000108;10.479056500000297
287;[24.16538961111202, 1346.8059847225798, 117.99217450793407];True;False;[0.0, 7.25, 1.4500000000000002, 0.0, 1.0, 20.87493520247344, 0.16769349389360777, 0.5, 5990.2051519589895, 9538.793416370128, 10500.0, 0.0, 3.0, 0.0, 0.025, 0.03681814983290708, 0.28473723169626847, 0.0, 0.05396565042704252, 0.5849712057937129, 0.0, 0.05, 0.5, 0.5, 0.0003307440066548193, 0.23314733856352254, 0.0, 0.04968102750426445, 0.08290036747090032, 0.0, 0.05, 0.5, 0.5, 0.0, 0.0, 0.0, 0.030000000000000002, 0.255, 0.0, 1.0, 1.0];[0.9043931821730666, -1.4249121809685326, 6.578337548143963, 0.762740433891886, -0.7323065061063923, -4.821211133240318, -12.949172983571398, -14.0, -0.7152627683037316, -0.41502879420628713, 0.0, -0.7668526614364775, -0.9170996325290997, 0.0, 0.02532681533664627];67.62642910000432;10.479056500000297
288;[nan, nan, nan];False;False;[0.0, 7.25, 1.4500000000000002, 0.0, 1.0, 20.843901436552986, 0.1470580511996893, 0.5, 9390.011050136789, 9752.262768654766, 10500.0, 0.0, 3.0, 0.0, 0.025, 0.06359770963791216, 0.2773025253607662, 0.0, 0.05319636933755755, 0.5646222642035758, 0.0, 0.05, 0.5, 0.5, 0.0, 0.2348132770049827, 0.0, 0.05013757927432268, 0.0824409685576807, 0.0, 0.05, 0.5, 0.5, 0.0, 0.0, 0.0, 0.030000000000000002, 0.255, 0.0, 1.0, 1.0];[nan, nan, nan, nan, nan, nan, nan, nan, nan, nan, nan, nan, nan, nan, nan];59.7071133999998;10.479056500000297
289;[22.93669189074072, 1485.8788606406226, 116.90039069162583];True;False;[0.0, 7.25, 1.4500000000000002, 0.0, 1.0, 21.03676579315537, 0.17179357510266569, 0.5, 7661.110414627566, 8827.138240560089, 10500.0, 0.0, 3.0, 0.0, 0.025, 0.08085338076812136, 0.2705032616104579, 0.0, 0.05032074075762482, 0.5840528737907793, 0.0, 0.05, 0.5, 0.5, 0.08913546252024324, 0.23636655504470108, 0.0, 0.050365264027692425, 0.11901395010178926, 0.0, 0.05, 0.5, 0.5, 0.0, 0.0, 0.0, 0.030000000000000002, 0.255, 0.0, 1.0, 1.0];[1.1421317006482488, -1.3679414445670128, 6.862741639403286, 0.6698570779208028, -0.7282064248973343, -4.929400500092324, -12.911071153872395, -14.0, -0.7294967383895421, -0.4159471262092207, 0.0, -0.763633444955299, -0.8809860498982107, 0.0, 0.0031914903531746752];24.73721170000499;10.479056500000297
290;[nan, nan, nan];False;False;[0.0, 7.25, 1.4500000000000002, 0.0, 1.0, 20.710896763273656, 0.1511914960584374, 0.5, 1000.0, 9964.112349489707, 10500.0, 0.0, 3.0, 0.0, 0.025, 0.04860387109799444, 0.2625293894119603, 0.0, 0.05495003344008256, 0.5897058671556153, 0.0, 0.05, 0.5, 0.5, 0.04237626775015537, 0.13905674923702432, 0.0, 0.04207397809615683, 0.12351796321049, 0.0, 0.05, 0.5, 0.5, 0.0, 0.0, 0.0, 0.030000000000000002, 0.255, 0.0, 0.0, 1.0];[nan, nan, nan, nan, nan, nan, nan, nan, nan, nan, nan, nan, nan, nan, nan];59.44598010000482;10.479056500000297
291;[nan, nan, nan];False;False;[0.0, 7.25, 1.4500000000000002, 0.0, 1.0, 18.73746357540446, 0.12582766743392834, 0.5, 4343.342964252188, 10392.770656397242, 10500.0, 0.0, 3.0, 0.0, 0.025, 0.0748044012963291, 0.2469335478731135, 0.0, 0.052987432997870225, 0.5835763162838705, 0.0, 0.05, 0.5, 0.5, 0.057409473435070316, 0.29416037195224465, 0.0, 0.051243610521384486, 0.2138797810225123, 0.0, 0.05, 0.5, 0.5, 0.0, 0.0, 0.0, 0.030000000000000002, 0.255, 0.0, 1.0, 0.0];[nan, nan, nan, nan, nan, nan, nan, nan, nan, nan, nan, nan, nan, nan, nan];72.81152639999345;10.592418299995188
292;[nan, nan, nan];False;False;[0.0, 7.25, 1.4500000000000002, 0.0, 1.0, 18.409016511783857, 0.1, 0.5, 1000.0, 10585.374231132737, 10500.0, 0.0, 3.0, 0.0, 0.025, 0.05915323127459935, 0.24445604220456205, 0.0, 0.05435923858253833, 0.6023617431472271, 0.0, 0.05, 0.5, 0.5, 0.03348265854754616, 0.3094139451652739, 0.0, 0.05028327533345657, 0.21887665484191765, 0.0, 0.05, 0.5, 0.5, 0.0, 0.0, 0.0, 0.030000000000000002, 0.255, 0.0, 0.0, 0.0];[nan, nan, nan, nan, nan, nan, nan, nan, nan, nan, nan, nan, nan, nan, nan];73.16430660000333;10.592418299995188
293;[nan, nan, nan];False;False;[0.0, 7.25, 1.4500000000000002, 0.0, 1.0, 18.091727469788612, 0.23601431143228546, 0.5, 18154.28156917538, 12014.245886699155, 10500.0, 0.0, 3.0, 0.0, 0.025, 0.03962657508423205, 0.2322598624635575, 0.0, 0.05531926864319923, 0.5945171670549412, 0.0, 0.05, 0.5, 0.5, 0.0, 0.3406263011394911, 0.0, 0.049436281599409486, 0.21513010318378567, 0.0, 0.05, 0.5, 0.5, 0.0, 0.0, 0.0, 0.030000000000000002, 0.255, 0.0, 1.0, 0.0];[nan, nan, nan, nan, nan, nan, nan, nan, nan, nan, nan, nan, nan, nan, nan];75.98328490000131;10.592418299995188
294;[nan, nan, nan];False;False;[0.0, 7.25, 1.4500000000000002, 0.0, 1.0, 18.32383241774339, 0.1, 0.5, 12464.7206163702, 10776.921772169499, 10500.0, 0.0, 3.0, 0.0, 0.025, 0.020638033394487706, 0.27550099024848684, 0.0, 0.052177943309441144, 0.5899843648719635, 0.0, 0.05, 0.5, 0.5, 0.056494255742390066, 0.3226634702089485, 0.0, 0.05159012451405851, 0.170315163931555, 0.0, 0.05, 0.5, 0.5, 0.0, 0.0, 0.0, 0.030000000000000002, 0.255, 0.0, 1.0, 0.0];[nan, nan, nan, nan, nan, nan, nan, nan, nan, nan, nan, nan, nan, nan, nan];77.6113722999944;10.592418299995188
295;[nan, nan, nan];False;False;[0.0, 7.25, 1.4500000000000002, 0.0, 1.0, 19.72084261963552, 0.1, 0.5, 5401.317658888754, 9691.025385075083, 10500.0, 0.0, 3.0, 0.0, 0.025, 0.07665005879991539, 0.26857428064708244, 0.0, 0.05106410458880396, 0.5979681511147171, 0.0, 0.05, 0.5, 0.5, 0.07381432720045314, 0.3224682944363766, 0.0, 0.053088804190734945, 0.2008018172111796, 0.0, 0.05, 0.5, 0.5, 0.0, 0.0, 0.0, 0.030000000000000002, 0.255, 0.0, 0.0, 0.0];[nan, nan, nan, nan, nan, nan, nan, nan, nan, nan, nan, nan, nan, nan, nan];80.20197200000257;10.592418299995188
296;[nan, nan, nan];False;False;[0.0, 7.25, 1.4500000000000002, 0.0, 1.0, 18.740133164135536, 0.1, 0.5, 20000.0, 10888.913419977158, 10500.0, 0.0, 3.0, 0.0, 0.025, 0.08841082830117139, 0.24675023919553574, 0.0, 0.052202602209681474, 0.6250964007911805, 0.0, 0.05, 0.5, 0.5, 0.08065579571860453, 0.3052858312406557, 0.0, 0.048672568753769935, 0.21117332993913124, 0.0, 0.05, 0.5, 0.5, 0.0, 0.0, 0.0, 0.030000000000000002, 0.255, 0.0, 1.0, 0.0];[nan, nan, nan, nan, nan, nan, nan, nan, nan, nan, nan, nan, nan, nan, nan];70.45106369999849;9.80196970000543
297;[nan, nan, nan];False;False;[0.0, 7.25, 1.4500000000000002, 0.0, 1.0, 18.793739791176787, 0.10999982783098358, 0.5, 15306.650643103405, 10889.898533373498, 10500.0, 0.0, 3.0, 0.0, 0.025, 0.07623302696751164, 0.23813198484112102, 0.0, 0.051968184342798235, 0.6067589064733571, 0.0, 0.05, 0.5, 0.5, 0.012080886053915274, 0.30891052196080715, 0.0, 0.05149608830917975, 0.311466814655728, 0.0, 0.05, 0.5, 0.5, 0.0, 0.0, 0.0, 0.030000000000000002, 0.255, 0.0, 1.0, 0.0];[nan, nan, nan, nan, nan, nan, nan, nan, nan, nan, nan, nan, nan, nan, nan];38.866053500001726;9.80196970000543
298;[23.446392711661883, 1456.628740852967, 116.99102313601283];True;False;[0.0, 7.25, 1.4500000000000002, 0.0, 1.0, 18.760163688602148, 0.20440875017861632, 0.5, 4767.466972825025, 9577.001843031087, 10500.0, 0.0, 3.0, 0.0, 0.025, 0.06688429032886245, 0.2808104878002403, 0.0, 0.050986914203498296, 0.6286608562115344, 0.0, 0.05, 0.5, 0.5, 0.09556955969793618, 0.35192359899745507, 0.0, 0.057916293390511575, 0.10058202470069987, 0.0, 0.05, 0.5, 0.5, 0.0, 0.0, 0.0, 0.030000000000000002, 0.255, 0.0, 1.0, 0.0];[1.1418925606853403, -1.3679987511401137, 3.402997133683929, 0.6524445852995997, -0.6955912498213837, -6.454970442752323, -12.804552510565602, -14.0, -0.7191895121997597, -0.37133914378846555, 0.0, -0.6480764010025449, -0.8994179752993001, 0.0, 0.0032128188689199977];41.59850649999862;9.80196970000543
299;[25.130930094329244, 1306.2857404363212, 118.18704885550969];True;False;[0.0, 7.25, 1.4500000000000002, 0.0, 1.0, 17.730817127211225, 0.2567808162072519, 0.5, 15459.336927460034, 11034.328091021122, 10500.0, 0.0, 3.0, 0.0, 0.025, 0.028126026835507353, 0.22349574937899594, 0.0, 0.054908373730975374, 0.5644311423338988, 0.0, 0.05, 0.5, 0.5, 0.0, 0.3093178782813849, 0.0, 0.048195108559321215, 0.2683919284044365, 0.0, 0.05, 0.5, 0.5, 0.0, 0.0, 0.0, 0.030000000000000002, 0.255, 0.0, 1.0, 0.0];[0.8983592585487674, -1.4263581270208263, 1.9956101616655708, 0.7307507431830536, -0.6432191837927481, -7.836231494833076, -12.524931589508688, -14.0, -0.776504250621004, -0.4355688576661012, 0.0, -0.6906821217186151, -0.7316080715955635, 0.0, 0.02591399038923725];65.01184439999633;9.80196970000543
300;[nan, nan, nan];False;False;[0.0, 7.25, 1.4500000000000002, 0.0, 1.0, 18.47978898185296, 0.1, 0.5, 10818.186068875344, 12173.282418460198, 10500.0, 0.0, 3.0, 0.0, 0.025, 0.07755300324377541, 0.24623485681565635, 0.0, 0.055140618852281546, 0.61039594109228, 0.0, 0.05, 0.5, 0.5, 0.0, 0.23498543730502475, 0.0, 0.044461429337104216, 0.21480222382602995, 0.0, 0.05, 0.5, 0.5, 0.0, 0.0, 0.0, 0.030000000000000002, 0.255, 0.0, 1.0, 0.0];[nan, nan, nan, nan, nan, nan, nan, nan, nan, nan, nan, nan, nan, nan, nan];61.85715440000058;9.80196970000543
301;[nan, nan, nan];False;False;[0.0, 7.25, 1.4500000000000002, 0.0, 1.0, 16.271710680437398, 0.4584888926218922, 0.5, 7594.889501549876, 13216.57413487867, 10500.0, 0.0, 3.0, 0.0, 0.025, 0.05486171038473251, 0.21979978673831735, 0.0, 0.05051513685772694, 0.5345383039889288, 0.0, 0.05, 0.5, 0.5, 0.01622605142614705, 0.3036481262006528, 0.0, 0.0452365638258054, 0.3389191344528963, 0.0, 0.05, 0.5, 0.5, 0.0, 0.0, 0.0, 0.030000000000000002, 0.255, 0.0, 0.0, 0.0];[nan, nan, nan, nan, nan, nan, nan, nan, nan, nan, nan, nan, nan, nan, nan];55.83277769999404;11.89434550000442
302;[nan, nan, nan];False;False;[0.0, 7.25, 1.4500000000000002, 0.0, 1.0, 16.829898407545798, 0.49478043789555437, 0.5, 9429.989083153223, 14058.49028836399, 10500.0, 0.0, 3.0, 0.0, 0.025, 0.03604379142192588, 0.2291218338740665, 0.0, 0.05066300246251126, 0.500215580033959, 0.0, 0.05, 0.5, 0.5, 0.058533056279743326, 0.3188314190763293, 0.0, 0.04538786757904835, 0.29024687415018235, 0.0, 0.05, 0.5, 0.5, 0.0, 0.0, 0.0, 0.030000000000000002, 0.255, 0.0, 1.0, 0.0];[nan, nan, nan, nan, nan, nan, nan, nan, nan, nan, nan, nan, nan, nan, nan];46.36659200000577;11.89434550000442
303;[nan, nan, nan];False;False;[0.0, 7.25, 1.4500000000000002, 0.0, 1.0, 16.677128984476603, 0.4479031671742101, 0.5, 11593.349642968577, 13698.87028884716, 10500.0, 0.0, 3.0, 0.0, 0.025, 0.08076570934973305, 0.19806195237908508, 0.0, 0.051150587166275456, 0.5198508724808281, 0.0, 0.05, 0.5, 0.5, 0.030635402117985485, 0.25624748722487695, 0.0, 0.045448943404844726, 0.2371059112407275, 0.0, 0.05, 0.5, 0.5, 0.0, 0.0, 0.0, 0.030000000000000002, 0.255, 0.0, 0.0, 0.0];[nan, nan, nan, nan, nan, nan, nan, nan, nan, nan, nan, nan, nan, nan, nan];69.0328215000045;11.89434550000442
304;[25.1174299153565, 1346.753209081262, 117.7640585777652];True;False;[0.0, 7.25, 1.4500000000000002, 0.0, 1.0, 16.041326569023767, 0.4600740418648389, 0.5, 12346.32763312288, 12833.314400784002, 10500.0, 0.0, 3.0, 0.0, 0.025, 0.03430094951246112, 0.23705379455954612, 0.0, 0.05057982737679019, 0.5357505025384529, 0.0, 0.05, 0.5, 0.5, 0.06018152492204146, 0.26601315621226373, 0.0, 0.045238931058480904, 0.29010096053886925, 0.0, 0.05, 0.5, 0.5, 0.0, 0.0, 0.0, 0.030000000000000002, 0.255, 0.0, 1.0, 0.0];[1.01385079285871, -1.398682183719839, -0.24216411420785633, 0.6644966135692205, -0.4399259581351611, -10.661162562628839, -11.302851443371205, -14.0, -0.7629462054404539, -0.4642494974615471, 0.0, -0.7339868437877363, -0.7098990394611308, 0.0, 0.014898347067189954];27.939370100000815;11.89434550000442
305;[nan, nan, nan];False;False;[0.0, 7.25, 1.4500000000000002, 0.0, 1.0, 16.82490599554913, 0.5032687743645392, 0.5, 11831.001051145122, 13828.742883673514, 10500.0, 0.0, 3.0, 0.0, 0.025, 0.05960037641142973, 0.22448846878895562, 0.0, 0.050294798762214224, 0.5348335272033972, 0.0, 0.05, 0.5, 0.5, 0.0464597360665773, 0.27496393907277905, 0.0, 0.044794508680852524, 0.25041766553646994, 0.0, 0.05, 0.5, 0.5, 0.0, 0.0, 0.0, 0.030000000000000002, 0.255, 0.0, 0.0, 0.0];[nan, nan, nan, nan, nan, nan, nan, nan, nan, nan, nan, nan, nan, nan, nan];55.512737899996864;11.89434550000442
306;[27.52405287905944, 1120.1418702857063, 118.69485831613147];True;False;[0.0, 7.25, 1.4500000000000002, 0.0, 0.0, 13.263486487316959, 0.5, 0.5, 12821.555409741473, 10500.0, 10500.0, 0.0, 3.0, 0.0, 0.025, 0.043714657099960384, 0.0, 0.0, 0.05, 0.5, 0.5, 0.05, 0.5, 0.5, 0.051324939809059826, 0.0, 0.0, 0.05, 0.5, 0.5, 0.05, 0.5, 0.5, 0.0, 0.0, 0.0, 0.030000000000000002, 0.255, 0.0, 0.0, 0.0];[0.3821997190558992, -1.462346654936768, -4.572936943684056, 0.6653289809222043, -0.4, -1.7365135126830413, -14.0, -14.0, -1.0, 0.0, 0.0, -1.0, 0.0, 0.0, 0.028650053923400698];8.491682100000617;6.461213900001894
307;[27.35318986409057, 1125.4311819708967, 118.66344444575752];True;False;[0.0, 7.25, 1.4500000000000002, 0.0, 0.0, 13.604239584308765, 0.5, 0.5, 11562.159285983833, 10500.0, 10500.0, 0.0, 3.0, 0.0, 0.025, 0.04678992525443709, 0.0, 0.0, 0.05, 0.5, 0.5, 0.05, 0.5, 0.5, 0.05057692725735205, 0.0, 0.0, 0.05, 0.5, 0.5, 0.05, 0.5, 0.5, 0.0, 0.0, 0.0, 0.030000000000000002, 0.255, 0.0, 0.0, 0.0];[0.38320792410420346, -1.4620869415853048, -4.195990795302187, 0.6701339141313265, -0.4, -1.3957604156912353, -14.0, -14.0, -1.0, 0.0, 0.0, -1.0, 0.0, 0.0, 0.02854090689106914];8.76165570000012;6.461213900001894
308;[27.302957233345712, 1128.2681727124418, 118.63506937898346];True;False;[0.0, 7.25, 1.4500000000000002, 0.0, 0.0, 13.62155882221065, 0.5, 0.5, 10891.506383695012, 10500.0, 10500.0, 0.0, 3.0, 0.0, 0.025, 0.04942854538935258, 0.0, 0.0, 0.05, 0.5, 0.5, 0.05, 0.5, 0.5, 0.05144259021031087, 0.0, 0.0, 0.05, 0.5, 0.5, 0.05, 0.5, 0.5, 0.0, 0.0, 0.0, 0.030000000000000002, 0.255, 0.0, 0.0, 0.0];[0.3882266431948427, -1.4607941208865458, -4.176688095376955, 0.6686357547777035, -0.4, -1.37844117778935, -14.0, -14.0, -1.0, 0.0, 0.0, -1.0, 0.0, 0.0, 0.027998256450896153];8.741003199997067;6.461213900001894
309;[27.464479531797036, 1121.9748993695143, 118.68384658046597];True;False;[0.0, 7.25, 1.4500000000000002, 0.0, 0.0, 13.380003632866044, 0.5, 0.5, 10922.931472451319, 10500.0, 10500.0, 0.0, 3.0, 0.0, 0.025, 0.04311873597887984, 0.0, 0.0, 0.05, 0.5, 0.5, 0.05, 0.5, 0.5, 0.05273818521056367, 0.0, 0.0, 0.05, 0.5, 0.5, 0.05, 0.5, 0.5, 0.0, 0.0, 0.0, 0.030000000000000002, 0.255, 0.0, 0.0, 0.0];[0.38257251598117037, -1.4622506225482732, -4.444650337642068, 0.6669847456634719, -0.4, -1.6199963671339557, -14.0, -14.0, -1.0, 0.0, 0.0, -1.0, 0.0, 0.0, 0.02860969013688852];8.579077000002144;6.461213900001894
310;[27.417286118398724, 1124.310781525817, 118.66188600031558];True;False;[0.0, 7.25, 1.4500000000000002, 0.0, 0.0, 13.415583473336863, 0.5, 0.5, 12001.640643829052, 10500.0, 10500.0, 0.0, 3.0, 0.0, 0.025, 0.042625046323806856, 0.0, 0.0, 0.05, 0.5, 0.5, 0.05, 0.5, 0.5, 0.055808761674878804, 0.0, 0.0, 0.05, 0.5, 0.5, 0.05, 0.5, 0.5, 0.0, 0.0, 0.0, 0.030000000000000002, 0.255, 0.0, 0.0, 0.0];[0.3861331067240643, -1.4613334153228663, -4.405350937393068, 0.6662872369163688, -0.4, -1.5844165266631371, -14.0, -14.0, -1.0, 0.0, 0.0, -1.0, 0.0, 0.0, 0.02822448516432785];8.565932499994233;6.461213900001894
311;[nan, nan, nan];False;False;[0.0, 7.25, 1.4500000000000002, 0.0, 1.0, 14.891103165997606, 0.4069031438498524, 0.5, 15939.12658793046, 13479.989657285856, 10500.0, 0.0, 3.0, 0.0, 0.025, 0.0336487930554617, 0.1990422172268491, 0.0, 0.051733475819017154, 0.5390366690110462, 0.0, 0.05, 0.5, 0.5, 0.050370074894158325, 0.31474830363721074, 0.0, 0.0443669508739167, 0.29252589460049616, 0.0, 0.05, 0.5, 0.5, 0.0, 0.0, 0.0, 0.030000000000000002, 0.255, 0.0, 0.0, 0.0];[nan, nan, nan, nan, nan, nan, nan, nan, nan, nan, nan, nan, nan, nan, nan];28.955606099996658;6.78566249999858
312;[25.698671498726924, 1306.0536415249856, 118.0367851197827];True;False;[0.0, 7.25, 1.4500000000000002, 0.0, 1.0, 14.982536153580973, 0.3962586850456713, 0.5, 11081.741824587823, 13594.398043069394, 10500.0, 0.0, 3.0, 0.0, 0.025, 0.049187655871979895, 0.20020952614948784, 0.0, 0.053628817866623095, 0.5534992913407208, 0.0, 0.05, 0.5, 0.5, 0.015815629445170242, 0.32365119437524675, 0.0, 0.04603230803138372, 0.3086166791864065, 0.0, 0.05, 0.5, 0.5, 0.0, 0.0, 0.0, 0.030000000000000002, 0.255, 0.0, 0.0, 0.0];[0.9671843576517745, -1.4098651472380126, -1.6917962064794114, 0.6707708035555444, -0.5037413149543287, -10.22219172477277, -11.864140356726974, -14.0, -0.7997904738505122, -0.44650070865927916, 0.0, -0.6763488056247533, -0.6913833208135935, 0.0, 0.0192933827527767];22.854581999999937;6.78566249999858
313;[25.6177920862907, 1314.6232414154676, 117.96428625743711];True;False;[0.0, 7.25, 1.4500000000000002, 0.0, 1.0, 14.984234801961136, 0.4016694928220551, 0.5, 10942.42382820077, 13074.97013962307, 10500.0, 0.0, 3.0, 0.0, 0.025, 0.03839059855895267, 0.1833159776218147, 0.0, 0.0520902294260079, 0.5402169475761359, 0.0, 0.05, 0.5, 0.5, 0.03728191549593291, 0.31212239405847153, 0.0, 0.04576314975030909, 0.32909248054476176, 0.0, 0.05, 0.5, 0.5, 0.0, 0.0, 0.0, 0.030000000000000002, 0.255, 0.0, 0.0, 0.0];[0.9830795051457795, -1.4060560957483688, -1.687250790312607, 0.6646180552708578, -0.4983305071779449, -10.275526314737151, -11.828380090526956, -14.0, -0.8166840223781853, -0.4597830524238641, 0.0, -0.6878776059415285, -0.6709075194552383, 0.0, 0.017787979647868046];21.756551599995873;6.78566249999858
314;[25.31828687897639, 1342.9058265407684, 117.7058884568464];True;False;[0.0, 7.25, 1.4500000000000002, 0.0, 1.0, 14.85746773680721, 0.40552866191774706, 0.5, 10044.694365491298, 12829.682573309909, 10500.0, 0.0, 3.0, 0.0, 0.025, 0.04388238562257901, 0.1887330083486402, 0.0, 0.05185097100753286, 0.5375853511829869, 0.0, 0.05, 0.5, 0.5, 0.06405406785793617, 0.30256839330741564, 0.0, 0.04563711304946702, 0.3096822167497856, 0.0, 0.05, 0.5, 0.5, 0.0, 0.0, 0.0, 0.030000000000000002, 0.255, 0.0, 0.0, 0.0];[1.0388327731448488, -1.3926955988668723, -1.8525177686628442, 0.6439605761256684, -0.49447133808225296, -10.333115198772871, -11.81640572467087, -14.0, -0.8112669916513597, -0.4624146488170131, 0.0, -0.6974316066925843, -0.6903177832502144, 0.0, 0.012575984056309553];42.294915900005435;6.78566249999858
315;[25.51693872825094, 1325.8501386768148, 117.86002768696434];True;False;[0.0, 7.25, 1.4500000000000002, 0.0, 1.0, 14.886564313188334, 0.42012382040248253, 0.5, 10074.952705325959, 13151.759603471666, 10500.0, 0.0, 3.0, 0.0, 0.025, 0.058550470785435585, 0.1965473992670775, 0.0, 0.05080266425325172, 0.5497765841983945, 0.0, 0.05, 0.5, 0.5, 0.03112800700317461, 0.31362823727799616, 0.0, 0.04599098041601964, 0.30751993359741564, 0.0, 0.05, 0.5, 0.5, 0.0, 0.0, 0.0, 0.030000000000000002, 0.255, 0.0, 0.0, 0.0];[1.006591737905417, -1.4004217154916365, -1.8091311074435925, 0.6549859535651521, -0.4798761795975175, -10.4670991418022, -11.715885747585716, -14.0, -0.8034526007329225, -0.4502234158016055, 0.0, -0.6863717627220038, -0.6924800664025843, 0.0, 0.01557711091506786];21.26586139999563;6.78566249999858
316;[25.174597825599324, 1338.885193821504, 117.86682926588458];True;False;[0.0, 7.25, 1.4500000000000002, 0.0, 1.0, 16.464593446973446, 0.5335260281559301, 0.5, 10458.452863260736, 10977.217021893379, 10500.0, 0.0, 3.0, 0.0, 0.025, 0.04458411189047765, 0.20798547753346688, 0.0, 0.04372281656766837, 0.5741749951279635, 0.0, 0.05, 0.5, 0.5, 0.034151268377333774, 0.32314720587919626, 0.0, 0.052267678802027664, 0.2663405809336795, 0.0, 0.05, 0.5, 0.5, 0.0, 0.0, 0.0, 0.030000000000000002, 0.255, 0.0, 0.0, 0.0];[0.9886551505997989, -1.4047199696991857, 0.3469065847506947, 0.6766475604807898, -0.36647397184406993, -11.205876982051645, -10.660500893332511, -14.0, -0.7920145224665331, -0.42582500487203645, 0.0, -0.6768527941208038, -0.7336594190663205, 0.0, 0.017261985189180207];24.82102130000567;6.540712299996812
317;[nan, nan, nan];False;False;[0.0, 7.25, 1.4500000000000002, 0.0, 1.0, 16.506527546008122, 0.5376568300222483, 0.5, 10955.811633829373, 10682.199065300001, 10500.0, 0.0, 3.0, 0.0, 0.025, 0.04979661779689616, 0.21153385161512356, 0.0, 0.04100622657194463, 0.6005188717845052, 0.0, 0.05, 0.5, 0.5, 0.05838127530384695, 0.3521918635170697, 0.0, 0.058055006663269994, 0.26038896265367895, 0.0, 0.05, 0.5, 0.5, 0.0, 0.0, 0.0, 0.030000000000000002, 0.255, 0.0, 0.0, 0.0];[nan, nan, nan, nan, nan, nan, nan, nan, nan, nan, nan, nan, nan, nan, nan];43.92131579999841;6.540712299996812
318;[nan, nan, nan];False;False;[0.0, 7.25, 1.4500000000000002, 0.0, 1.0, 16.462437793147863, 0.5338525859413087, 0.5, 9852.231727124556, 11019.927974560387, 10500.0, 0.0, 3.0, 0.0, 0.025, 0.03797057709076723, 0.2045826504054961, 0.0, 0.043515152854946865, 0.5821130994427726, 0.0, 0.05, 0.5, 0.5, 0.03844387523303424, 0.2962723165494616, 0.0, 0.05267880454877506, 0.2754051884063596, 0.0, 0.05, 0.5, 0.5, 0.0, 0.0, 0.0, 0.030000000000000002, 0.255, 0.0, 0.0, 0.0];[nan, nan, nan, nan, nan, nan, nan, nan, nan, nan, nan, nan, nan, nan, nan];78.03729359999852;6.540712299996812
319;[nan, nan, nan];False;False;[0.0, 7.25, 1.4500000000000002, 0.0, 1.0, 16.539953896594866, 0.5410697866639007, 0.5, 11429.524015287532, 10677.056915370851, 10500.0, 0.0, 3.0, 0.0, 0.025, 0.04301425429929841, 0.2003432345436378, 0.0, 0.04222700488608164, 0.5740515819816954, 0.0, 0.05, 0.5, 0.5, 0.0584769543218621, 0.31055241112626336, 0.0, 0.05217341381690052, 0.29250519335870406, 0.0, 0.05, 0.5, 0.5, 0.0, 0.0, 0.0, 0.030000000000000002, 0.255, 0.0, 0.0, 0.0];[nan, nan, nan, nan, nan, nan, nan, nan, nan, nan, nan, nan, nan, nan, nan];61.2759509000025;6.540712299996812
320;[nan, nan, nan];False;False;[0.0, 7.25, 1.4500000000000002, 0.0, 1.0, 16.18721973628709, 0.5342359319158112, 0.5, 12165.664108221341, 10739.844176345345, 10500.0, 0.0, 3.0, 0.0, 0.025, 0.03783530477563486, 0.20396096304373862, 0.0, 0.04329384109899062, 0.5636238955133314, 0.0, 0.05, 0.5, 0.5, 0.04904325957710355, 0.2916895364841314, 0.0, 0.051056406828150595, 0.23651325244142357, 0.0, 0.05, 0.5, 0.5, 0.0, 0.0, 0.0, 0.030000000000000002, 0.255, 0.0, 0.0, 0.0];[nan, nan, nan, nan, nan, nan, nan, nan, nan, nan, nan, nan, nan, nan, nan];62.79074799999944;6.540712299996812
321;[nan, nan, nan];False;False;[0.0, 7.25, 1.4500000000000002, 0.0, 1.0, 15.966624848935936, 0.471504765152723, 0.5, 12217.301901290604, 12106.55001451785, 10500.0, 0.0, 3.0, 0.0, 0.025, 0.03396652310455556, 0.20396155708774305, 0.0, 0.04849067497816642, 0.5427921588767135, 0.0, 0.05, 0.5, 0.5, 0.03533800104443738, 0.282357614742683, 0.0, 0.04952901274425883, 0.2747556248714693, 0.0, 0.05, 0.5, 0.5, 0.0, 0.0, 0.0, 0.030000000000000002, 0.255, 0.0, 0.0, 0.0];[nan, nan, nan, nan, nan, nan, nan, nan, nan, nan, nan, nan, nan, nan, nan];57.586006800003815;6.530048499997065
322;[19.927373633226924, 3129.3478970399497, 112.57319273465404];True;False;[1.0, 7.673971341553422, 1.4622314449993425, 0.0, 1.0, 29.014740745147957, 0.1, 0.5, 1000.0, 2411.567970196639, 10500.0, 0.0, 3.0, 1.0, 0.05, 0.09240737169801903, 0.6104536793821609, 0.0, 0.02935318289911284, 1.0, 0.0, 0.05, 0.5, 0.5, 0.04037779444418812, 0.0, 0.0, 0.09829070076616442, 0.13550354166625053, 0.0, 0.05, 0.5, 0.5, 0.0, 0.0, 0.0, 0.030000000000000002, 0.255, 0.0, 1.0, 0.0];[0.23792841285801547, -0.2504386796596041, 22.54595115928703, -1.1102230246251565e-16, -0.8, -1.6364284774661293, -13.515158719718459, -14.0, -0.3895463206178391, 0.0, 0.0, -1.0, -0.8644964583337494, 0.0, -0.18975358065366504];18.632750900003884;6.530048499997065
323;[25.07601006808151, 1344.426747736621, 117.78806687212318];True;False;[0.0, 7.25, 1.4500000000000002, 0.0, 1.0, 16.205013211467673, 0.48555295331947723, 0.5, 12634.448083430752, 11844.83244474678, 10500.0, 0.0, 3.0, 0.0, 0.025, 0.030547129373388177, 0.22359713840579457, 0.0, 0.05116272659737051, 0.5485213159745909, 0.0, 0.05, 0.5, 0.5, 0.0521988167993449, 0.3007086392384406, 0.0, 0.053117000408479664, 0.3161343863139296, 0.0, 0.05, 0.5, 0.5, 0.0, 0.0, 0.0, 0.030000000000000002, 0.255, 0.0, 1.0, 0.0];[1.0053761191464465, -1.4007130216557666, -0.012575864699645223, 0.6706489067872361, -0.4144470466805228, -10.856410404377218, -11.089136523417672, -14.0, -0.7764028615942055, -0.45147868402540914, 0.0, -0.6992913607615594, -0.6838656136860704, 0.0, 0.015690953310968037];51.77161060000071;6.530048499997065
324;[25.09411427527467, 1344.4798114494213, 117.82932813731067];True;False;[0.0, 7.25, 1.4500000000000002, 0.0, 1.0, 16.616856334972717, 0.518970428072941, 0.5, 10323.333486839363, 12044.493737091427, 10500.0, 0.0, 3.0, 0.0, 0.025, 0.04845337631395175, 0.19524990976716416, 0.0, 0.04576175777707433, 0.5533128315700775, 0.0, 0.05, 0.5, 0.5, 0.03494470438046661, 0.2935739080952, 0.0, 0.04911289154640311, 0.3349668783068645, 0.0, 0.05, 0.5, 0.5, 0.0, 0.0, 0.0, 0.030000000000000002, 0.255, 0.0, 0.0, 0.0];[0.995009976706358, -1.4031971238207919, 0.564263430574039, 0.6758571562258311, -0.381029571927059, -11.075457697031968, -10.76591228933733, -14.0, -0.8047500902328358, -0.4466871684299225, 0.0, -0.7064260919048, -0.6650331216931356, 0.0, 0.016663786099213485];22.413954499999818;6.530048499997065
325;[25.347360710241038, 1331.8155840165227, 117.8740397272005];True;False;[0.0, 7.25, 1.4500000000000002, 0.0, 1.0, 15.727218310942385, 0.48927537692835876, 0.5, 16700.68592257704, 11854.730347274197, 10500.0, 0.0, 3.0, 0.0, 0.025, 0.03747967478454997, 0.20991608541576895, 0.0, 0.04911566466900495, 0.5460334878919811, 0.0, 0.05, 0.5, 0.5, 0.044991605144292963, 0.2940815415435408, 0.0, 0.04719955802988421, 0.28390088707182715, 0.0, 0.05, 0.5, 0.5, 0.0, 0.0, 0.0, 0.030000000000000002, 0.255, 0.0, 1.0, 0.0];[0.9947675153513647, -1.4032552263194238, -0.6710973168648522, 0.6672516402346442, -0.41072462307164126, -10.948249672905032, -11.118413761635082, -14.0, -0.7900839145842311, -0.45396651210801886, 0.0, -0.7059184584564592, -0.7160991129281729, 0.0, 0.016686584334320353];56.73086329999933;6.530048499997065
326;[27.31534966427286, 1126.1690814990645, 118.66337682460667];True;False;[0.0, 7.25, 1.4500000000000002, 0.0, 0.0, 13.71343909854153, 0.5, 0.5, 12233.039310504117, 10500.0, 10500.0, 0.0, 3.0, 0.0, 0.025, 0.04144205134240377, 0.0, 0.0, 0.05, 0.5, 0.5, 0.05, 0.5, 0.5, 0.05532300659470001, 0.0, 0.0, 0.05, 0.5, 0.5, 0.05, 0.5, 0.5, 0.0, 0.0, 0.0, 0.030000000000000002, 0.255, 0.0, 0.0, 0.0];[0.3817176245673055, -1.4624708423483999, -4.074052635791507, 0.6722679168860517, -0.4, -1.2865609014584702, -14.0, -14.0, -1.0, 0.0, 0.0, -1.0, 0.0, 0.0, 0.028702260809781888];8.679111400000693;6.440632700003334
327;[27.47371914768424, 1119.0149025655621, 118.72618991469741];True;False;[0.0, 7.25, 1.4500000000000002, 0.0, 0.0, 13.541430611209591, 0.5, 0.5, 14053.221040781245, 10500.0, 10500.0, 0.0, 3.0, 0.0, 0.025, 0.03097509315035575, 0.0, 0.0, 0.05, 0.5, 0.5, 0.05, 0.5, 0.5, 0.058497957698788954, 0.0, 0.0, 0.05, 0.5, 0.5, 0.05, 0.5, 0.5, 0.0, 0.0, 0.0, 0.030000000000000002, 0.255, 0.0, 0.0, 0.0];[0.3724613615102541, -1.4648552532423404, -4.265876128420407, 0.672947738227641, -0.4, -1.4585693887904085, -14.0, -14.0, -1.0, 0.0, 0.0, -1.0, 0.0, 0.0, 0.02970664172567483];9.240433899998607;6.440632700003334
328;[27.20745895296493, 1130.8667759833547, 118.62415367412942];True;False;[0.0, 7.25, 1.4500000000000002, 0.0, 0.0, 13.851776064046863, 0.5, 0.5, 11437.024955983943, 10500.0, 10500.0, 0.0, 3.0, 0.0, 0.025, 0.04131927997749821, 0.0, 0.0, 0.05, 0.5, 0.5, 0.05, 0.5, 0.5, 0.05966032715058017, 0.0, 0.0, 0.05, 0.5, 0.5, 0.05, 0.5, 0.5, 0.0, 0.0, 0.0, 0.030000000000000002, 0.255, 0.0, 0.0, 0.0];[0.38711497348006674, -1.4610804867084817, -3.9187838850682244, 0.672385047670305, -0.4, -1.148223935953137, -14.0, -14.0, -1.0, 0.0, 0.0, -1.0, 0.0, 0.0, 0.02811835996275147];9.146139300006325;6.440632700003334
329;[27.27721751457327, 1128.1587542894802, 118.64440324228872];True;False;[0.0, 7.25, 1.4500000000000002, 0.0, 0.0, 13.738529998632217, 0.5, 0.5, 12199.908697149101, 10500.0, 10500.0, 0.0, 3.0, 0.0, 0.025, 0.04171718273653145, 0.0, 0.0, 0.05, 0.5, 0.5, 0.05, 0.5, 0.5, 0.05730572569181568, 0.0, 0.0, 0.05, 0.5, 0.5, 0.05, 0.5, 0.5, 0.0, 0.0, 0.0, 0.030000000000000002, 0.255, 0.0, 0.0, 0.0];[0.38489271433369776, -1.4616529400716878, -4.04595661581631, 0.6715220303006639, -0.4, -1.2614700013677833, -14.0, -14.0, -1.0, 0.0, 0.0, -1.0, 0.0, 0.0, 0.028358614135037152];8.694466799999645;6.440632700003334
330;[27.68752187027875, 1106.9995093817463, 118.84921550816638];True;False;[0.0, 7.25, 1.4500000000000002, 0.0, 0.0, 13.491847281685494, 0.5, 0.5, 14709.991442688157, 10500.0, 10500.0, 0.0, 3.0, 0.0, 0.025, 0.03063584351567482, 0.0, 0.0, 0.05, 0.5, 0.5, 0.05, 0.5, 0.5, 0.043461233343273814, 0.0, 0.0, 0.05, 0.5, 0.5, 0.05, 0.5, 0.5, 0.0, 0.0, 0.0, 0.030000000000000002, 0.255, 0.0, 0.0, 0.0];[0.3503952871819127, -1.4705394681021098, -4.320916459662909, 0.6798855672092929, -0.4, -1.5081527183145056, -14.0, -14.0, -1.0, 0.0, 0.0, -1.0, 0.0, 0.0, 0.03211645483088821];8.97089959999721;6.440632700003334
331;[nan, nan, nan];False;False;[0.0, 7.25, 1.4500000000000002, 0.0, 0.0, 11.75376632466575, 0.5, 0.5, 12474.983980184637, 10500.0, 10500.0, 0.0, 3.0, 0.0, 0.025, 0.033368251833589976, 0.0, 0.0, 0.05, 0.5, 0.5, 0.05, 0.5, 0.5, 0.039415332906727905, 0.0, 0.0, 0.05, 0.5, 0.5, 0.05, 0.5, 0.5, 0.0, 0.0, 0.0, 0.030000000000000002, 0.255, 0.0, 0.0, 0.0];[nan, nan, nan, nan, nan, nan, nan, nan, nan, nan, nan, nan, nan, nan, nan];35.471583600003214;10.763208099997428
332;[nan, nan, nan];False;False;[0.0, 7.25, 1.4500000000000002, 0.0, 0.0, 12.028821880662955, 0.5, 0.5, 11912.326494935101, 10500.0, 10500.0, 0.0, 3.0, 0.0, 0.025, 0.03806107407841823, 0.0, 0.0, 0.05, 0.5, 0.5, 0.05, 0.5, 0.5, 0.055454658305014816, 0.0, 0.0, 0.05, 0.5, 0.5, 0.05, 0.5, 0.5, 0.0, 0.0, 0.0, 0.030000000000000002, 0.255, 0.0, 0.0, 0.0];[nan, nan, nan, nan, nan, nan, nan, nan, nan, nan, nan, nan, nan, nan, nan];36.56885950000287;10.763208099997428
333;[nan, nan, nan];False;False;[0.0, 7.25, 1.4500000000000002, 0.0, 0.0, 11.733887714568748, 0.5, 0.5, 14396.803118614647, 10500.0, 10500.0, 0.0, 3.0, 0.0, 0.025, 0.0309917496547305, 0.0, 0.0, 0.05, 0.5, 0.5, 0.05, 0.5, 0.5, 0.04462025934471939, 0.0, 0.0, 0.05, 0.5, 0.5, 0.05, 0.5, 0.5, 0.0, 0.0, 0.0, 0.030000000000000002, 0.255, 0.0, 0.0, 0.0];[nan, nan, nan, nan, nan, nan, nan, nan, nan, nan, nan, nan, nan, nan, nan];28.856899400001566;10.763208099997428
334;[26.592408272768434, 1298.842514964584, 117.89857526877825];True;False;[0.0, 7.25, 1.4500000000000002, 0.0, 1.0, 12.043318817723163, 0.5147842601568757, 0.5, 12518.744955806578, 11865.625039900015, 10500.0, 0.0, 3.0, 0.0, 0.025, 0.040252558342674986, 0.15639546305402716, 0.0, 0.04650433435218739, 0.5775253505425237, 0.0, 0.05, 0.5, 0.5, 0.06172455653368162, 0.2470020065416014, 0.0, 0.04725352759381926, 0.40932721238083586, 0.0, 0.05, 0.5, 0.5, 0.0, 0.0, 0.0, 0.030000000000000002, 0.255, 0.0, 0.0, 0.0];[1.0437286664079384, -1.3915223659960296, -5.303953508341634, 0.6009485194559598, -0.3852157398431243, -11.630791388038656, -11.425475473686301, -14.0, -0.8436045369459728, -0.42247464945747626, 0.0, -0.7529979934583986, -0.5906727876191642, 0.0, 0.012123307264539807];45.92706629999884;10.763208099997428
335;[nan, nan, nan];False;False;[0.0, 7.25, 1.4500000000000002, 0.0, 1.0, 12.27113914433256, 0.5081415414034786, 0.5, 8219.674853112962, 12466.009294762702, 10500.0, 0.0, 3.0, 0.0, 0.025, 0.04862188925368613, 0.1855374659835773, 0.0, 0.04840780349549473, 0.5823151967574955, 0.0, 0.05, 0.5, 0.5, 0.03421582939929822, 0.3079788479481525, 0.0, 0.04711022139764422, 0.3519357131573374, 0.0, 0.05, 0.5, 0.5, 0.0, 0.0, 0.0, 0.030000000000000002, 0.255, 0.0, 0.0, 0.0];[nan, nan, nan, nan, nan, nan, nan, nan, nan, nan, nan, nan, nan, nan, nan];43.4652827999962;10.763208099997428
336;[nan, nan, nan];False;False;[0.0, 7.25, 1.4500000000000002, 0.0, 1.0, 16.33271298877562, 0.47295915113324927, 0.5, 15903.269212204572, 12766.259554942433, 10500.0, 0.0, 3.0, 0.0, 0.025, 0.04195347501817234, 0.21042600884167595, 0.0, 0.05116352309566984, 0.5257216332185523, 0.0, 0.05, 0.5, 0.5, 0.035821443825981916, 0.24118989646922862, 0.0, 0.04676572250564624, 0.29123812092630513, 0.0, 0.05, 0.5, 0.5, 0.0, 0.0, 0.0, 0.030000000000000002, 0.255, 0.0, 0.0, 0.0];[nan, nan, nan, nan, nan, nan, nan, nan, nan, nan, nan, nan, nan, nan, nan];47.36940030000551;7.379060200000822
337;[24.96340933612878, 1358.742768438354, 117.66625698570596];True;False;[0.0, 7.25, 1.4500000000000002, 0.0, 1.0, 16.141418668440668, 0.4863080162251552, 0.5, 10646.730110165687, 12461.674527976305, 10500.0, 0.0, 3.0, 0.0, 0.025, 0.042862716179051075, 0.18962247434062435, 0.0, 0.047876954968962424, 0.5141078632989117, 0.0, 0.05, 0.5, 0.5, 0.062031849123952876, 0.2541054518404075, 0.0, 0.04890035480238498, 0.31362026773762497, 0.0, 0.05, 0.5, 0.5, 0.0, 0.0, 0.0, 0.030000000000000002, 0.255, 0.0, 0.0, 0.0];[1.0330304611105747, -1.3940860424161312, -0.10098171714029114, 0.6591383758787706, -0.41369198377484484, -10.870794176752014, -11.090914485889199, -14.0, -0.8103775256593757, -0.48589213670108833, 0.0, -0.7458945481595924, -0.686379732262375, 0.0, 0.013113506092682803];33.1038150999957;7.379060200000822
338;[nan, nan, nan];False;False;[0.0, 7.25, 1.4500000000000002, 0.0, 1.0, 16.476501817770245, 0.4976525748386089, 0.5, 11926.205731650989, 12290.282877353307, 10500.0, 0.0, 3.0, 0.0, 0.025, 0.04810678987016182, 0.2000053668614755, 0.0, 0.04852898406529762, 0.5278946725291322, 0.0, 0.05, 0.5, 0.5, 0.058538635977491774, 0.256669365196968, 0.0, 0.04900482008681783, 0.303791569420558, 0.0, 0.05, 0.5, 0.5, 0.0, 0.0, 0.0, 0.030000000000000002, 0.255, 0.0, 0.0, 0.0];[nan, nan, nan, nan, nan, nan, nan, nan, nan, nan, nan, nan, nan, nan, nan];69.01365909999731;7.379060200000822
339;[nan, nan, nan];False;False;[0.0, 7.25, 1.4500000000000002, 0.0, 1.0, 16.238659366099036, 0.5096340987406024, 0.5, 10914.985028002751, 11711.417976591621, 10500.0, 0.0, 3.0, 0.0, 0.025, 0.03867822347395722, 0.1986831247660104, 0.0, 0.049011539282939665, 0.5352237361629248, 0.0, 0.05, 0.5, 0.5, 0.03690238566827033, 0.258538973673471, 0.0, 0.05002794172455956, 0.29801559837686586, 0.0, 0.05, 0.5, 0.5, 0.0, 0.0, 0.0, 0.030000000000000002, 0.255, 0.0, 1.0, 0.0];[nan, nan, nan, nan, nan, nan, nan, nan, nan, nan, nan, nan, nan, nan, nan];61.024822100000165;7.379060200000822
340;[25.115798885198664, 1337.2754207067092, 117.87079442924536];True;False;[0.0, 7.25, 1.4500000000000002, 0.0, 1.0, 16.503158582887632, 0.48143944142110506, 0.5, 10506.437572441462, 12431.26850920728, 10500.0, 0.0, 3.0, 0.0, 0.025, 0.036905003227415405, 0.2143913852161479, 0.0, 0.049353700006857903, 0.5276271176836845, 0.0, 0.05, 0.5, 0.5, 0.03781722801004112, 0.23478625024913083, 0.0, 0.05101038230309564, 0.2611385564104993, 0.0, 0.05, 0.5, 0.5, 0.0, 0.0, 0.0, 0.030000000000000002, 0.255, 0.0, 0.0, 0.0];[0.9847454988468147, -1.4056568634800903, 0.40497136497405073, 0.6808934067898404, -0.41856055857889496, -10.783885042269743, -11.085695302821605, -14.0, -0.7856086147838521, -0.47237288231631547, 0.0, -0.7652137497508692, -0.7388614435895007, 0.0, 0.017630701336095456];58.55401569999958;7.379060200000822
341;[26.398896596214648, 1302.3069164958388, 117.8808758572537];True;False;[0.0, 7.25, 1.4500000000000002, 0.0, 1.0, 12.3412995233079, 0.43670663784989205, 0.5, 10550.197457000833, 12308.513330759442, 10500.0, 0.0, 3.0, 0.0, 0.025, 0.03662513074652463, 0.1843969776646138, 0.0, 0.049784011602956625, 0.5490045182021828, 0.0, 0.05, 0.5, 0.5, 0.06515869533646793, 0.24990409084308357, 0.0, 0.04590523569651844, 0.3609479771438255, 0.0, 0.05, 0.5, 0.5, 0.0, 0.0, 0.0, 0.030000000000000002, 0.255, 0.0, 0.0, 0.0];[1.040205879448612, -1.3923665529983922, -4.963320449692597, 0.6086848786972809, -0.46329336215010797, -11.010184009510871, -11.906799824170607, -14.0, -0.8156030223353862, -0.45099548179781723, 0.0, -0.7500959091569164, -0.6390520228561745, 0.0, 0.012448945218732299];40.724254399996425;15.043193199999223
342;[25.800761929306862, 1326.6806894070207, 117.75682673653922];True;False;[0.0, 7.25, 1.4500000000000002, 0.0, 1.0, 13.553778466880146, 0.48112585177934497, 0.5, 8702.760196331676, 12134.524569857893, 10500.0, 0.0, 3.0, 0.0, 0.025, 0.05214624959984048, 0.15875259621323642, 0.0, 0.045751218906347035, 0.5484267244585405, 0.0, 0.05, 0.5, 0.5, 0.05876742763579962, 0.2224629325093089, 0.0, 0.04951011055389944, 0.316410892905327, 0.0, 0.05, 0.5, 0.5, 0.0, 0.0, 0.0, 0.030000000000000002, 0.255, 0.0, 0.0, 0.0];[1.0471283945991168, -1.390707668319529, -3.499600725621832, 0.6238017786833265, -0.41887414822065505, -11.176757355170437, -11.45489974715315, -14.0, -0.8412474037867635, -0.45157327554145954, 0.0, -0.7775370674906911, -0.683589107094673, 0.0, 0.011809436749705249];20.673765500003356;15.043193199999223
343;[26.371377764176536, 1301.1958144939822, 117.90860522102952];True;False;[0.0, 7.25, 1.4500000000000002, 0.0, 1.0, 12.535299137112453, 0.45180871223430297, 0.5, 11562.393597677294, 12346.722507595086, 10500.0, 0.0, 3.0, 0.0, 0.025, 0.0378846165980779, 0.17535953507370614, 0.0, 0.04900780011588622, 0.5389420545444117, 0.0, 0.05, 0.5, 0.5, 0.05996347429352229, 0.24565655840492148, 0.0, 0.046187876957226315, 0.3773464339272214, 0.0, 0.05, 0.5, 0.5, 0.0, 0.0, 0.0, 0.030000000000000002, 0.255, 0.0, 0.0, 0.0];[1.0316518989549879, -1.394416395703779, -4.733257512220149, 0.614011351378867, -0.44819128776569706, -11.100076257371395, -11.785757885444324, -14.0, -0.8246404649262938, -0.4610579454555883, 0.0, -0.7543434415950785, -0.6226535660727786, 0.0, 0.013241380889206122];42.92404620000161;15.043193199999223
344;[27.205409367234715, 1137.3718751589827, 118.52596842032139];True;False;[0.0, 7.25, 1.4500000000000002, 0.0, 0.0, 13.419460079279109, 0.5, 0.5, 7404.028792572682, 10500.0, 10500.0, 0.0, 3.0, 0.0, 0.025, 0.05388481864849298, 0.0, 0.0, 0.05, 0.5, 0.5, 0.05, 0.5, 0.5, 0.061596424587504334, 0.0, 0.0, 0.05, 0.5, 0.5, 0.05, 0.5, 0.5, 0.0, 0.0, 0.0, 0.030000000000000002, 0.255, 0.0, 0.0, 0.0];[0.41125072464229184, -1.4548631236484828, -4.401065516239068, 0.6576110655177141, -0.4, -1.5805399207208914, -14.0, -14.0, -1.0, 0.0, 0.0, -1.0, 0.0, 0.0, 0.025522985783153485];8.710387600003742;15.043193199999223
345;[27.226860145327347, 1261.1964823854105, 118.19155762670582];True;False;[0.0, 7.25, 1.4500000000000002, 0.0, 1.0, 11.43247718126359, 0.4517256143378422, 0.5, 10909.618708231292, 12509.288474259794, 10500.0, 0.0, 3.0, 0.0, 0.025, 0.03141904644117941, 0.18204054388172486, 0.0, 0.05342464742470169, 0.5406295575359767, 0.0, 0.05, 0.5, 0.5, 0.03467740836311755, 0.27442816027783323, 0.0, 0.044383611715102356, 0.3308081017225506, 0.0, 0.05, 0.5, 0.5, 0.0, 0.0, 0.0, 0.030000000000000002, 0.255, 0.0, 0.0, 0.0];[0.992717350887725, -1.4037465197790862, -5.99813670118076, 0.6083472113974857, -0.4482743856621578, -11.27495270197119, -11.930917578600054, -14.0, -0.8179594561182751, -0.45937044246402325, 0.0, -0.7255718397221668, -0.6691918982774494, 0.0, 0.016879438327409457];13.704656399997475;15.043193199999223
346;[27.17308520644478, 1117.0259371580403, 118.85040936416536];True;False;[0.0, 7.25, 1.4500000000000002, 0.0, 0.0, 15.095249162978012, 0.5, 0.5, 12848.480035494724, 10500.0, 10500.0, 0.0, 3.0, 0.0, 0.025, 0.028498914842824564, 0.0, 0.0, 0.05, 0.5, 0.5, 0.05, 0.5, 0.5, 0.03676652966747525, 0.0, 0.0, 0.05, 0.5, 0.5, 0.05, 0.5, 0.5, 0.0, 0.0, 0.0, 0.030000000000000002, 0.255, 0.0, 0.0, 0.0];[0.3291615763529281, -1.4760092663465316, -2.483312797193733, 0.7102581521593412, -0.4, 0.09524916297801234, -14.0, -14.0, -1.0, 0.0, 0.0, -1.0, 0.0, 0.0, 0.034456158473145204];18.687492199998815;7.437871500005713
347;[nan, nan, nan];False;False;[0.0, 7.25, 1.4500000000000002, 0.0, 0.0, 15.20477395169115, 0.5, 0.5, 15765.165158810698, 10500.0, 10500.0, 0.0, 3.0, 0.0, 0.025, 0.028792719913109874, 0.0, 0.0, 0.05, 0.5, 0.5, 0.05, 0.5, 0.5, 0.029558603058184103, 0.0, 0.0, 0.05, 0.5, 0.5, 0.05, 0.5, 0.5, 0.0, 0.0, 0.0, 0.030000000000000002, 0.255, 0.0, 0.0, 0.0];[nan, nan, nan, nan, nan, nan, nan, nan, nan, nan, nan, nan, nan, nan, nan];31.063655000005383;7.437871500005713
348;[nan, nan, nan];False;False;[0.0, 7.25, 1.4500000000000002, 0.0, 0.0, 15.301232253201764, 0.5, 0.5, 14756.10513994701, 10500.0, 10500.0, 0.0, 3.0, 0.0, 0.025, 0.02765947282167977, 0.0, 0.0, 0.05, 0.5, 0.5, 0.05, 0.5, 0.5, 0.04741132099692724, 0.0, 0.0, 0.05, 0.5, 0.5, 0.05, 0.5, 0.5, 0.0, 0.0, 0.0, 0.030000000000000002, 0.255, 0.0, 0.0, 0.0];[nan, nan, nan, nan, nan, nan, nan, nan, nan, nan, nan, nan, nan, nan, nan];31.908916899999895;7.437871500005713
349;[27.27634627010755, 1109.4103180567054, 118.93664174845762];True;False;[0.0, 7.25, 1.4500000000000002, 0.0, 0.0, 15.213155177174547, 0.5, 0.5, 14293.70568605993, 10500.0, 10500.0, 0.0, 3.0, 0.0, 0.025, 0.03436330347186781, 0.0, 0.0, 0.05, 0.5, 0.5, 0.05, 0.5, 0.5, 0.01884558386153018, 0.0, 0.0, 0.05, 0.5, 0.5, 0.05, 0.5, 0.5, 0.0, 0.0, 0.0, 0.030000000000000002, 0.255, 0.0, 0.0, 0.0];[0.3116545710827632, -1.4805190662332752, -2.3434867616311035, 0.7181819307871073, -0.4, 0.21315517717454746, -14.0, -14.0, -1.0, 0.0, 0.0, -1.0, 0.0, 0.0, 0.03640075500326434];18.08430539999972;7.437871500005713
350;[nan, nan, nan];False;False;[0.0, 7.25, 1.4500000000000002, 0.0, 0.0, 15.344352880525951, 0.5, 0.5, 11735.443730867637, 10500.0, 10500.0, 0.0, 3.0, 0.0, 0.025, 0.03897486580641365, 0.0, 0.0, 0.05, 0.5, 0.5, 0.05, 0.5, 0.5, 0.027160073524744463, 0.0, 0.0, 0.05, 0.5, 0.5, 0.05, 0.5, 0.5, 0.0, 0.0, 0.0, 0.030000000000000002, 0.255, 0.0, 0.0, 0.0];[nan, nan, nan, nan, nan, nan, nan, nan, nan, nan, nan, nan, nan, nan, nan];30.994750099998782;7.437871500005713
351;[nan, nan, nan];False;False;[0.0, 7.25, 1.4500000000000002, 0.0, 1.0, 15.090103172062697, 0.5517064394473207, 0.5, 11588.02680176812, 11505.47142219789, 10500.0, 0.0, 3.0, 0.0, 0.025, 0.07777877393873323, 0.21669789158438543, 0.0, 0.039083247116834974, 0.479993115826548, 0.0, 0.05, 0.5, 0.5, 0.08234428208541807, 0.305077188768532, 0.0, 0.05492449268257554, 0.30660031140164445, 0.0, 0.05, 0.5, 0.5, 0.0, 0.0, 0.0, 0.030000000000000002, 0.255, 0.0, 0.0, 0.0];[nan, nan, nan, nan, nan, nan, nan, nan, nan, nan, nan, nan, nan, nan, nan];29.155781300003582;12.987638099999458
352;[25.605689231244988, 1322.0673442762925, 117.87905062876051];True;False;[0.0, 7.25, 1.4500000000000002, 0.0, 1.0, 14.674309311932914, 0.4458756723876732, 0.5, 9000.819796771364, 13166.382902393056, 10500.0, 0.0, 3.0, 0.0, 0.025, 0.04936844777859142, 0.22276873503709968, 0.0, 0.046624845298634164, 0.49002461128714053, 0.0, 0.05, 0.5, 0.5, 0.039261911422264706, 0.3465866912940398, 0.0, 0.05014906909379794, 0.21526197564949906, 0.0, 0.05, 0.5, 0.5, 0.0, 0.0, 0.0, 0.030000000000000002, 0.255, 0.0, 0.0, 0.0];[1.005546953216565, -1.4006720836418527, -2.0802247330881407, 0.652602298319277, -0.4541243276123268, -10.729531187095898, -11.56377087508719, -14.0, -0.7772312649629003, -0.5099753887128595, 0.0, -0.6534133087059601, -0.7847380243505009, 0.0, 0.01567495170654487];20.519262099995103;12.987638099999458
353;[nan, nan, nan];False;False;[0.0, 7.25, 1.4500000000000002, 0.0, 1.0, 16.014367314292958, 0.454221836211138, 0.5, 11078.52616816176, 13161.86029127332, 10500.0, 0.0, 3.0, 0.0, 0.025, 0.06950588534839779, 0.2351076337298336, 0.0, 0.04787732343785405, 0.48027940389950075, 0.0, 0.05, 0.5, 0.5, 0.021654818895135763, 0.2400387750815347, 0.0, 0.05360061184902776, 0.288233838628119, 0.0, 0.05, 0.5, 0.5, 0.0, 0.0, 0.0, 0.030000000000000002, 0.255, 0.0, 1.0, 0.0];[nan, nan, nan, nan, nan, nan, nan, nan, nan, nan, nan, nan, nan, nan, nan];54.06171549999999;12.987638099999458
354;[nan, nan, nan];False;False;[0.0, 7.25, 1.4500000000000002, 0.0, 1.0, 15.777402385529646, 0.5532641368634948, 0.5, 12908.090690617222, 12095.775545113862, 10500.0, 0.0, 3.0, 0.0, 0.025, 0.06950028651671318, 0.21349170212399193, 0.0, 0.04203445390960981, 0.557827510173426, 0.0, 0.05, 0.5, 0.5, 0.01554539565573841, 0.32893972387323095, 0.0, 0.061797282130662684, 0.3633184205513179, 0.0, 0.05, 0.5, 0.5, 0.0, 0.0, 0.0, 0.030000000000000002, 0.255, 0.0, 1.0, 0.0];[nan, nan, nan, nan, nan, nan, nan, nan, nan, nan, nan, nan, nan, nan, nan];72.49235890000273;12.987638099999458
355;[25.134290657690446, 1344.2600077605957, 117.8036353923091];True;False;[0.0, 7.25, 1.4500000000000002, 0.0, 1.0, 16.257068606785047, 0.5362726420476234, 0.5, 10197.978096652869, 11825.321052324223, 10500.0, 0.0, 3.0, 0.0, 0.025, 0.05917639088148516, 0.20060014559890998, 0.0, 0.04297803179764778, 0.5127640895521125, 0.0, 0.05, 0.5, 0.5, 0.02850105935370477, 0.2546805512717169, 0.0, 0.05307747247437943, 0.32741615469532964, 0.0, 0.05, 0.5, 0.5, 0.0, 0.0, 0.0, 0.030000000000000002, 0.255, 0.0, 0.0, 0.0];[1.0037349660304358, -1.4011063012226086, 0.05560030004144245, 0.6695350449711834, -0.36372735795237665, -11.25061828269866, -10.66406681619863, -14.0, -0.7993998544010901, -0.4872359104478875, 0.0, -0.745319448728283, -0.6725838453046704, 0.0, 0.015844726670360854];25.59956570000213;12.987638099999458
356;[27.744240899678267, 1127.0704692883724, 118.53423711777097];True;False;[0.0, 7.25, 1.4500000000000002, 0.0, 0.0, 12.074136080785985, 0.5, 0.5, 15552.53565937838, 10500.0, 10500.0, 0.0, 3.0, 0.0, 0.025, 0.05343268341180636, 0.0, 0.0, 0.05, 0.5, 0.5, 0.05, 0.5, 0.5, 0.066860667961659, 0.0, 0.0, 0.05, 0.5, 0.5, 0.05, 0.5, 0.5, 0.0, 0.0, 0.0, 0.030000000000000002, 0.255, 0.0, 0.0, 0.0];[0.42999762988966683, -1.4500339258584138, -5.846320033907407, 0.6297223211704706, -0.4, -2.925863919214015, -14.0, -14.0, -1.0, 0.0, 0.0, -1.0, 0.0, 0.0, 0.02352462181639181];14.319189599998936;23.641910000005737
357;[nan, nan, nan];False;False;[0.0, 7.25, 1.4500000000000002, 0.0, 0.0, 10.891134192742516, 0.5, 0.5, 13695.2332720814, 10500.0, 10500.0, 0.0, 3.0, 0.0, 0.025, 0.04572266222574164, 0.0, 0.0, 0.05, 0.5, 0.5, 0.05, 0.5, 0.5, 0.0390594410977337, 0.0, 0.0, 0.05, 0.5, 0.5, 0.05, 0.5, 0.5, 0.0, 0.0, 0.0, 0.030000000000000002, 0.255, 0.0, 0.0, 0.0];[nan, nan, nan, nan, nan, nan, nan, nan, nan, nan, nan, nan, nan, nan, nan];44.0581258999955;23.641910000005737
358;[nan, nan, nan];False;False;[0.0, 7.25, 1.4500000000000002, 0.0, 0.0, 11.621337081828386, 0.5, 0.5, 14147.127019010917, 10500.0, 10500.0, 0.0, 3.0, 0.0, 0.025, 0.03060010740340104, 0.0, 0.0, 0.05, 0.5, 0.5, 0.05, 0.5, 0.5, 0.03776631116152209, 0.0, 0.0, 0.05, 0.5, 0.5, 0.05, 0.5, 0.5, 0.0, 0.0, 0.0, 0.030000000000000002, 0.255, 0.0, 0.0, 0.0];[nan, nan, nan, nan, nan, nan, nan, nan, nan, nan, nan, nan, nan, nan, nan];30.856003699998837;23.641910000005737
359;[nan, nan, nan];False;False;[0.0, 7.25, 1.4500000000000002, 0.0, 0.0, 12.556628020528661, 0.5, 0.5, 10980.070349147474, 10500.0, 10500.0, 0.0, 3.0, 0.0, 0.025, 0.055532241924595174, 0.0, 0.0, 0.05, 0.5, 0.5, 0.05, 0.5, 0.5, 0.07664992905802767, 0.0, 0.0, 0.05, 0.5, 0.5, 0.05, 0.5, 0.5, 0.0, 0.0, 0.0, 0.030000000000000002, 0.255, 0.0, 0.0, 0.0];[nan, nan, nan, nan, nan, nan, nan, nan, nan, nan, nan, nan, nan, nan, nan];27.845090800001344;23.641910000005737
360;[28.028244800019454, 1114.084773343084, 118.65722552256791];True;False;[0.0, 7.25, 1.4500000000000002, 0.0, 0.0, 11.871221691983608, 0.5, 0.5, 14323.429432687784, 10500.0, 10500.0, 0.0, 3.0, 0.0, 0.025, 0.03893551506074869, 0.0, 0.0, 0.05, 0.5, 0.5, 0.05, 0.5, 0.5, 0.06671080674289386, 0.0, 0.0, 0.05, 0.5, 0.5, 0.05, 0.5, 0.5, 0.0, 0.0, 0.0, 0.030000000000000002, 0.255, 0.0, 0.0, 0.0];[0.41074664647313774, -1.454992974050371, -6.056992199492006, 0.6325758122011873, -0.4, -3.1287783080163916, -14.0, -14.0, -1.0, 0.0, 0.0, -1.0, 0.0, 0.0, 0.025576929650267255];14.151822199994058;23.641910000005737
361;[27.97862973697236, 1106.705991341731, 118.77804670380758];True;False;[0.0, 7.25, 1.4500000000000002, 0.0, 0.0, 12.436835526313786, 0.5, 0.5, 10041.980883380786, 10500.0, 10500.0, 0.0, 3.0, 0.0, 0.025, 0.034368087314083466, 0.0, 0.0, 0.05, 0.5, 0.5, 0.05, 0.5, 0.5, 0.05381709894605661, 0.0, 0.0, 0.05, 0.5, 0.5, 0.05, 0.5, 0.5, 0.0, 0.0, 0.0, 0.030000000000000002, 0.255, 0.0, 0.0, 0.0];[0.3793199483903811, -1.4630884830918756, -5.4649715480216035, 0.652933361168283, -0.4, -2.5631644736862143, -14.0, -14.0, -1.0, 0.0, 0.0, -1.0, 0.0, 0.0, 0.028962062755305107];8.20374509999965;7.082213100002264
362;[27.623205396184826, 1121.9679253650108, 118.64046831137648];True;False;[0.0, 7.25, 1.4500000000000002, 0.0, 0.0, 12.775196529588552, 0.5, 0.5, 8067.271823408724, 10500.0, 10500.0, 0.0, 3.0, 0.0, 0.025, 0.03855650112250826, 0.0, 0.0, 0.05, 0.5, 0.5, 0.05, 0.5, 0.5, 0.0653971216640548, 0.0, 0.0, 0.05, 0.5, 0.5, 0.05, 0.5, 0.5, 0.0, 0.0, 0.0, 0.030000000000000002, 0.255, 0.0, 0.0, 0.0];[0.3994245820571729, -1.4579095348232072, -5.103689598130851, 0.651702460295414, -0.4, -2.224803470411448, -14.0, -14.0, -1.0, 0.0, 0.0, -1.0, 0.0, 0.0, 0.026791483676638528];8.554051499995694;7.082213100002264
363;[nan, nan, nan];False;False;[0.0, 7.25, 1.4500000000000002, 0.0, 0.0, 11.553789135486447, 0.5, 0.5, 14541.051870894666, 10500.0, 10500.0, 0.0, 3.0, 0.0, 0.025, 0.024569730424208028, 0.0, 0.0, 0.05, 0.5, 0.5, 0.05, 0.5, 0.5, 0.032570218128419634, 0.0, 0.0, 0.05, 0.5, 0.5, 0.05, 0.5, 0.5, 0.0, 0.0, 0.0, 0.030000000000000002, 0.255, 0.0, 0.0, 0.0];[nan, nan, nan, nan, nan, nan, nan, nan, nan, nan, nan, nan, nan, nan, nan];31.448058299996774;7.082213100002264
364;[28.04017042443604, 1105.4140605983557, 118.78244944315068];True;False;[0.0, 7.25, 1.4500000000000002, 0.0, 0.0, 12.306518771807886, 0.5, 0.5, 12095.924869971215, 10500.0, 10500.0, 0.0, 3.0, 0.0, 0.025, 0.028267878120334988, 0.0, 0.0, 0.05, 0.5, 0.5, 0.05, 0.5, 0.5, 0.05974855081687402, 0.0, 0.0, 0.05, 0.5, 0.5, 0.05, 0.5, 0.5, 0.0, 0.0, 0.0, 0.030000000000000002, 0.255, 0.0, 0.0, 0.0];[0.38059632637443297, -1.462759688463726, -5.602694392140457, 0.6502773628497462, -0.4, -2.6934812281921143, -14.0, -14.0, -1.0, 0.0, 0.0, -1.0, 0.0, 0.0, 0.028823728116229352];7.870446699998865;7.082213100002264
365;[nan, nan, nan];False;False;[0.0, 7.25, 1.4500000000000002, 0.0, 0.0, 11.936893992036794, 0.5, 0.5, 13426.549150738809, 10500.0, 10500.0, 0.0, 3.0, 0.0, 0.025, 0.02700482863363021, 0.0, 0.0, 0.05, 0.5, 0.5, 0.05, 0.5, 0.5, 0.05505784297418707, 0.0, 0.0, 0.05, 0.5, 0.5, 0.05, 0.5, 0.5, 0.0, 0.0, 0.0, 0.030000000000000002, 0.255, 0.0, 0.0, 0.0];[nan, nan, nan, nan, nan, nan, nan, nan, nan, nan, nan, nan, nan, nan, nan];29.928151899999648;7.082213100002264
366;[27.758147826558773, 1114.4281804565253, 118.71799967298497];True;False;[0.0, 7.25, 1.4500000000000002, 0.0, 0.0, 12.744192681827197, 0.5, 0.5, 13570.642958421948, 10500.0, 10500.0, 0.0, 3.0, 0.0, 0.025, 0.03924189927356461, 0.0, 0.0, 0.05, 0.5, 0.5, 0.05, 0.5, 0.5, 0.055224088613985735, 0.0, 0.0, 0.05, 0.5, 0.5, 0.05, 0.5, 0.5, 0.0, 0.0, 0.0, 0.030000000000000002, 0.255, 0.0, 0.0, 0.0];[0.3855973201776717, -1.4614714337942691, -5.1370153806484495, 0.655916761131246, -0.4, -2.2558073181728027, -14.0, -14.0, -1.0, 0.0, 0.0, -1.0, 0.0, 0.0, 0.028282413715143062];8.351000699993165;6.91940379999869
367;[27.767427270795054, 1113.131318815185, 118.7350232598545];True;False;[0.0, 7.25, 1.4500000000000002, 0.0, 0.0, 12.789713923428662, 0.5, 0.5, 13111.670141339637, 10500.0, 10500.0, 0.0, 3.0, 0.0, 0.025, 0.03814169013188783, 0.0, 0.0, 0.05, 0.5, 0.5, 0.05, 0.5, 0.5, 0.05395852129194265, 0.0, 0.0, 0.05, 0.5, 0.5, 0.05, 0.5, 0.5, 0.0, 0.0, 0.0, 0.030000000000000002, 0.255, 0.0, 0.0, 0.0];[0.3817650898524212, -1.4624586153036139, -5.088069601693272, 0.6579650970219051, -0.4, -2.2102860765713377, -14.0, -14.0, -1.0, 0.0, 0.0, -1.0, 0.0, 0.0, 0.028697120250353203];8.47299099999509;6.91940379999869
368;[27.74942988595537, 1114.3768629749623, 118.72101946085638];True;False;[0.0, 7.25, 1.4500000000000002, 0.0, 0.0, 12.778628704708272, 0.5, 0.5, 13533.500358981855, 10500.0, 10500.0, 0.0, 3.0, 0.0, 0.025, 0.039036880415932555, 0.0, 0.0, 0.05, 0.5, 0.5, 0.05, 0.5, 0.5, 0.0548900518531141, 0.0, 0.0, 0.05, 0.5, 0.5, 0.05, 0.5, 0.5, 0.0, 0.0, 0.0, 0.030000000000000002, 0.255, 0.0, 0.0, 0.0];[0.38451576055916625, -1.461750043263437, -5.099997632523889, 0.6568461217127641, -0.4, -2.2213712952917284, -14.0, -14.0, -1.0, 0.0, 0.0, -1.0, 0.0, 0.0, 0.028399389266835162];8.214447800004564;6.91940379999869
369;[27.715608363785936, 1116.2945227898886, 118.70108785696664];True;False;[0.0, 7.25, 1.4500000000000002, 0.0, 0.0, 12.784015054232466, 0.5, 0.5, 13256.43558307026, 10500.0, 10500.0, 0.0, 3.0, 0.0, 0.025, 0.038947372838131475, 0.0, 0.0, 0.05, 0.5, 0.5, 0.05, 0.5, 0.5, 0.05744848591427169, 0.0, 0.0, 0.05, 0.5, 0.5, 0.05, 0.5, 0.5, 0.0, 0.0, 0.0, 0.030000000000000002, 0.255, 0.0, 0.0, 0.0];[0.388109238500717, -1.46082436430443, -5.094202471242982, 0.6557070340421494, -0.4, -2.2159849457675342, -14.0, -14.0, -1.0, 0.0, 0.0, -1.0, 0.0, 0.0, 0.028010938138390284];8.207276599998295;6.91940379999869
370;[27.754156867914, 1114.723209284895, 118.71461462482907];True;False;[0.0, 7.25, 1.4500000000000002, 0.0, 0.0, 12.740633297315602, 0.5, 0.5, 13305.95757000737, 10500.0, 10500.0, 0.0, 3.0, 0.0, 0.025, 0.03994220644616214, 0.0, 0.0, 0.05, 0.5, 0.5, 0.05, 0.5, 0.5, 0.05497796176567152, 0.0, 0.0, 0.05, 0.5, 0.5, 0.05, 0.5, 0.5, 0.0, 0.0, 0.0, 0.030000000000000002, 0.255, 0.0, 0.0, 0.0];[0.38627570267785405, -1.4612966826432168, -5.14083847280811, 0.6556274730565714, -0.4, -2.2593667026843978, -14.0, -14.0, -1.0, 0.0, 0.0, -1.0, 0.0, 0.0, 0.028209070014046822];8.295986700002686;6.91940379999869
371;[13.091242962648614, 2472.780043932099, 108.98333210010865];True;False;[1.0, 3.9776932429337104, 1.6785238963086093, 0.0, 1.0, 13.435432982056923, 0.5274439106234246, 0.5, 1645.5842532951824, 13591.789812732839, 10500.0, 0.0, 3.0, 0.0, 0.025, 0.031761329052756825, 0.19956968850490783, 0.0, 0.05142050007127478, 0.5301114186741657, 0.0, 0.05, 0.5, 0.5, 0.1, 0.36707910390686666, 0.0, 0.04177099837730309, 0.3287211230037991, 0.0, 0.05, 0.5, 0.5, 0.0, 0.0, 0.0, 0.030000000000000002, 0.255, 0.0, 0.0, 0.0];[0.10554178406126535, -0.31537110845202987, -3.785759217293249, 0.0, -0.37255608937657547, -12.322061433520123, -12.011016423940616, -14.0, -0.8004303114950921, -0.46988858132583433, 0.0, -0.6329208960931334, -0.6712788769962009, 0.0, -0.18139357035997855];23.267647799999395;7.651842100000067
372;[nan, nan, nan];False;False;[0.0, 7.25, 1.4500000000000002, 0.0, 1.0, 18.280031303730688, 0.7948662838795751, 0.5, 20000.0, 11559.005074586383, 10500.0, 0.0, 3.0, 0.0, 0.025, 0.09754512097741336, 0.17526317017503085, 0.0, 0.041316455101280104, 0.518029719247042, 0.0, 0.05, 0.5, 0.5, 0.0, 0.13185332750716938, 0.0, 0.0647275387233902, 0.19865143005254177, 0.0, 0.05, 0.5, 0.5, 0.0, 0.0, 0.0, 0.030000000000000002, 0.255, 0.0, 0.0, 0.0];[nan, nan, nan, nan, nan, nan, nan, nan, nan, nan, nan, nan, nan, nan, nan];49.20115839999926;7.651842100000067
373;[13.39428070147526, 2416.95749092588, 108.75767261049221];True;False;[1.0, 3.9816970838196846, 1.66327535254451, 0.0, 1.0, 13.487671947181703, 0.3450819960553505, 0.5, 1000.0, 15037.54271576417, 10500.0, 0.0, 3.0, 0.0, 0.025, 0.03424480772565008, 0.24221805378029665, 0.0, 0.05303772360465854, 0.5237792323163588, 0.0, 0.05, 0.5, 0.5, 0.049232368173478314, 0.3348040659884857, 0.0, 0.04572147971876317, 0.32391373977922605, 0.0, 0.05, 0.5, 0.5, 0.0, 0.0, 0.0, 0.030000000000000002, 0.255, 0.0, 1.0, 0.0];[0.05997175437979241, -0.34227324518688196, -3.763349208621081, 0.0, -0.5549180039446495, -11.076996142029182, -12.932935125179696, -14.0, -0.7577819462197033, -0.4762207676836412, 0.0, -0.6651959340115143, -0.676086260220774, 0.0, -0.1777255989059217];17.134175499995763;7.651842100000067
374;[14.354759447348735, 2300.0953973388678, 108.8185253444685];True;False;[1.0, 3.701214880399165, 1.685197807169811, 0.0, 1.0, 13.68379401300133, 0.6418251538699804, 0.5, 20000.0, 13751.94704002627, 10500.0, 0.0, 3.0, 0.0, 0.025, 0.01767537207565318, 0.18297607541590258, 0.0, 0.051249579598035215, 0.5443165943978948, 0.0, 0.05, 0.5, 0.5, 0.0, 0.34486553698230604, 0.0, 0.04852244435774156, 0.25519752676673224, 0.0, 0.05, 0.5, 0.5, 0.0, 0.0, 0.0, 0.030000000000000002, 0.255, 0.0, 0.0, 0.0];[0.008221185815338039, -0.4007227697629192, -3.524565062126774, 0.0, -0.2581748461300196, -12.871287570428228, -11.185490976217572, -14.0, -0.8170239245840974, -0.4556834056021052, 0.0, -0.655134463017694, -0.7448024732332678, 0.0, -0.16907765467754032];15.186207799997646;7.651842100000067
375;[14.577690696982094, 2254.368314740591, 108.70566219496577];True;True;[1.0, 3.6011993705659977, 1.6894650550131636, 0.0, 1.0, 13.626086763839306, 0.3436845442422589, 0.5, 12727.565444231763, 16069.602900071017, 10500.0, 0.0, 3.0, 0.0, 0.025, 0.007407054680766741, 0.22137699009894377, 0.0, 0.05745035341518593, 0.5145234145353537, 0.0, 0.05, 0.5, 0.5, 0.0, 0.3761585938367421, 0.0, 0.03947378989564889, 0.2796261966135968, 0.0, 0.05, 0.5, 0.5, 0.0, 0.0, 0.0, 0.030000000000000002, 0.255, 0.0, 1.0, 0.0];[-0.011598231698399353, -0.42271444810996384, -3.601615713379342, 0.0, -0.5563154557577411, -11.075473344135904, -12.944891982575653, -14.0, -0.7786230099010563, -0.48547658546464634, 0.0, -0.6238414061632579, -0.7203738033864032, 0.0, -0.16570533074738353];17.1701133999959;7.651842100000067
376;[27.218561447037217, 1290.2247940190455, 117.86186770160018];True;False;[0.0, 7.25, 1.4500000000000002, 0.0, 1.0, 10.622617705563378, 0.5362124646211266, 0.5, 13942.030931595358, 10620.137774502055, 10500.0, 0.0, 3.0, 0.0, 0.025, 0.029449504547699186, 0.24998475914815643, 0.0, 0.0475854582594968, 0.5885900806349622, 0.0, 0.05, 0.5, 0.5, 0.0753424117181408, 0.4116943313190563, 0.0, 0.05249775618660171, 0.4566009923739032, 0.0, 0.05, 0.5, 0.5, 0.0, 0.0, 0.0, 0.030000000000000002, 0.255, 0.0, 0.0, 0.0];[1.079080105473743, -1.383050884263279, -6.881795009278598, 0.5646610094229165, -0.36378753537887343, -11.968853970036111, -11.495511070547158, -14.0, -0.7500152408518436, -0.4114099193650378, 0.0, -0.5883056686809437, -0.5433990076260968, 0.0, 0.008878274831112143];25.526427700002387;23.51635610000085
377;[nan, nan, nan];False;False;[0.0, 7.25, 1.4500000000000002, 0.0, 1.0, 9.950840098637483, 0.552029998917819, 0.5, 16345.629583800439, 12012.741197066025, 10500.0, 0.0, 3.0, 0.0, 0.025, 0.07048072676586618, 0.24998253790464434, 0.0, 0.045210678391821704, 0.6149321845079064, 0.0, 0.05, 0.5, 0.5, 0.0458709343963236, 0.43957797050681807, 0.0, 0.059041998808994245, 0.4202881105201317, 0.0, 0.05, 0.5, 0.5, 0.0, 0.0, 0.0, 0.030000000000000002, 0.255, 0.0, 0.0, 0.0];[nan, nan, nan, nan, nan, nan, nan, nan, nan, nan, nan, nan, nan, nan, nan];29.502440700001898;23.51635610000085
378;[27.426153773213283, 1254.1008067254108, 118.25332991865255];True;False;[0.0, 7.25, 1.4500000000000002, 0.0, 1.0, 11.274532343608792, 0.5153190793259314, 0.5, 16041.229395143337, 12129.271731274757, 10500.0, 0.0, 3.0, 0.0, 0.025, 0.032204799699571365, 0.24987006073000467, 0.0, 0.04967392257658109, 0.6192783951775721, 0.0, 0.05, 0.5, 0.5, 0.02304334698148402, 0.3823134952842235, 0.0, 0.051178119775947606, 0.3294841562927938, 0.0, 0.05, 0.5, 0.5, 0.0, 0.0, 0.0, 0.030000000000000002, 0.255, 0.0, 0.0, 0.0];[0.9845704167457674, -1.4056988194756588, -6.17142446181631, 0.6066630829816586, -0.38468092067406867, -11.743589702588187, -11.537742079808014, -14.0, -0.7501299392699954, -0.3807216048224279, 0.0, -0.6176865047157765, -0.6705158437072062, 0.0, 0.017647225487281704];14.349387900001602;23.51635610000085
379;[26.27832209143795, 1338.9041474283986, 117.50402280419546];True;False;[0.0, 7.25, 1.4500000000000002, 0.0, 1.0, 11.615576636160421, 0.5470734141946485, 0.5, 11139.33510920047, 10837.240166559923, 10500.0, 0.0, 3.0, 0.0, 0.025, 0.06260952322198986, 0.23951226991795466, 0.0, 0.04272927454880438, 0.5825778556691532, 0.0, 0.05, 0.5, 0.5, 0.08514819785744049, 0.394725560956739, 0.0, 0.05258087533803986, 0.4448051603366862, 0.0, 0.05, 0.5, 0.5, 0.0, 0.0, 0.0, 0.030000000000000002, 0.255, 0.0, 0.0, 0.0];[1.1344904428905949, -1.3697725659363111, -5.794135279953329, 0.5644427543980317, -0.3529265858053515, -11.898930575830654, -11.25433195863657, -14.0, -0.7604877300820454, -0.4174221443308468, 0.0, -0.605274439043261, -0.5551948396633137, 0.0, 0.003873897381492797];14.135561900002358;23.51635610000085
380;[nan, nan, nan];False;False;[0.0, 7.25, 1.4500000000000002, 0.0, 0.0, 9.499544660899844, 0.5, 0.5, 16600.970446530602, 10500.0, 10500.0, 0.0, 3.0, 0.0, 0.025, 0.024919345833615773, 0.0, 0.0, 0.05, 0.5, 0.5, 0.05, 0.5, 0.5, 0.0534200568646286, 0.0, 0.0, 0.05, 0.5, 0.5, 0.05, 0.5, 0.5, 0.0, 0.0, 0.0, 0.030000000000000002, 0.255, 0.0, 0.0, 0.0];[nan, nan, nan, nan, nan, nan, nan, nan, nan, nan, nan, nan, nan, nan, nan];35.48540520000097;23.51635610000085
381;[11.835549884041278, 2775.2823533913393, 108.6817796344748];True;False;[1.0, 5.380702818832358, 1.5510263537985, 0.0, 1.0, 13.197842069659446, 0.5209996438224637, 0.5, 10571.254148998038, 12343.869677218314, 10500.0, 0.0, 3.0, 0.0, 0.025, 0.04338330484596442, 0.18152995284337198, 0.0, 0.0485518436851901, 0.5382308193311871, 0.0, 0.05, 0.5, 0.5, 0.06080196818125867, 0.24093924686159213, 0.0, 0.047264900888173374, 0.3576258529623119, 0.0, 0.05, 0.5, 0.5, 0.0, 0.0, 0.0, 0.030000000000000002, 0.255, 0.0, 0.0, 0.0];[0.1343562932799678, -0.18295675319015015, -4.042878745482232, -0.007303650498751479, -0.37900035617753636, -12.203008928619465, -11.957765619231058, -14.0, -0.818470047156628, -0.4617691806688129, 0.0, -0.7590607531384079, -0.642374147037688, 0.0, -0.19959801888386158];22.744958700001007;7.595739899996261
382;[12.249003061483531, 2714.785121786387, 108.76033354435634];True;False;[1.0, 5.382659763147936, 1.547170958591552, 0.0, 1.0, 12.606746709395777, 0.5188635484741727, 0.5, 14550.045047283746, 12607.58399145268, 10500.0, 0.0, 3.0, 0.0, 0.025, 0.03487102808723621, 0.18452330901131075, 0.0, 0.05097523370005911, 0.5320876526430629, 0.0, 0.05, 0.5, 0.5, 0.024834943337412433, 0.22500134309949213, 0.0, 0.047990701506052134, 0.36504276955354603, 0.0, 0.05, 0.5, 0.5, 0.0, 0.0, 0.0, 0.030000000000000002, 0.255, 0.0, 0.0, 0.0];[0.10121653345259585, -0.20362563285724766, -4.747468705438122, 0.0, -0.3811364515258273, -12.251220451562045, -12.035681861241828, -14.0, -0.8154766909886892, -0.4679123473569371, 0.0, -0.7749986569005078, -0.6349572304464539, 0.0, -0.1970880566917289];46.18114010000136;7.595739899996261
383;[12.032988532173633, 2747.036597869765, 108.78269663068696];True;False;[1.0, 5.462066979992944, 1.549238692822592, 0.0, 1.0, 12.627037938803719, 0.5057119202093232, 0.5, 11864.870910206435, 12622.082342246757, 10500.0, 0.0, 3.0, 0.0, 0.025, 0.02975453223302085, 0.20371052878248916, 0.0, 0.052351440122882176, 0.54201540071485, 0.0, 0.05, 0.5, 0.5, 0.0426787366267925, 0.26938389499403137, 0.0, 0.04941542691930587, 0.35973725867422685, 0.0, 0.05, 0.5, 0.5, 0.0, 0.0, 0.0, 0.030000000000000002, 0.255, 0.0, 0.0, 0.0];[0.11388609344238176, -0.1902552757567233, -4.723302683481874, -1.1102230246251565e-16, -0.3942880797906768, -12.177525360363266, -12.112293158359646, -14.0, -0.7962894712175108, -0.45798459928515, 0.0, -0.7306161050059686, -0.6402627413257731, 0.0, -0.19877498424366152];22.729012600000715;7.595739899996261
384;[11.841442082204006, 2758.351332315674, 108.67665568234048];True;False;[1.0, 5.249699357964277, 1.5637504785548104, 0.0, 1.0, 13.629529160483145, 0.5220921976596145, 0.5, 7480.320879043507, 12030.614755882252, 10500.0, 0.0, 3.0, 0.0, 0.025, 0.05296811206713671, 0.16156075211010518, 0.0, 0.046493076004597164, 0.539412558606533, 0.0, 0.05, 0.5, 0.5, 0.059935482302109856, 0.24152441080410797, 0.0, 0.045614503769589705, 0.3775031320367169, 0.0, 0.05, 0.5, 0.5, 0.0, 0.0, 0.0, 0.030000000000000002, 0.255, 0.0, 0.0, 0.0];[0.13161753252769515, -0.19387004041774025, -3.5179248208405873, -0.00589441796090584, -0.37790780234038557, -12.175411687854629, -11.91426774756588, -14.0, -0.8384392478898948, -0.46058744139346697, 0.0, -0.7584755891958921, -0.6224968679632831, 0.0, -0.19817912213981725];22.190101699998195;7.595739899996261
385;[11.935019177219107, 2746.0968442266276, 108.75604788644344];True;False;[1.0, 5.304311932061894, 1.5619635342463658, 0.0, 1.0, 13.243814910037447, 0.523237998406373, 0.5, 10737.936315173947, 12282.366677286413, 10500.0, 0.0, 3.0, 0.0, 0.025, 0.038232640771701104, 0.17563176465184532, 0.0, 0.0481751947889733, 0.5203398663728086, 0.0, 0.05, 0.5, 0.5, 0.05915665523344228, 0.2436562534265076, 0.0, 0.047264871189712176, 0.370081725439963, 0.0, 0.05, 0.5, 0.5, 0.0, 0.0, 0.0, 0.030000000000000002, 0.255, 0.0, 0.0, 0.0];[0.1224829880779792, -0.19572616585004132, -3.9899826125055196, -1.1102230246251565e-16, -0.37676200159362705, -12.220464114627688, -11.949507745374952, -14.0, -0.8243682353481547, -0.4796601336271914, 0.0, -0.7563437465734923, -0.629918274560037, 0.0, -0.19799460957851778];22.29388520000066;7.595739899996261
386;[28.293651266045423, 1093.9007145074102, 118.8945339983435];True;False;[0.0, 7.25, 1.4500000000000002, 0.0, 0.0, 12.143326329178702, 0.5, 0.5, 14263.344685822494, 10500.0, 10500.0, 0.0, 3.0, 0.0, 0.025, 0.021885480748238574, 0.0, 0.0, 0.05, 0.5, 0.5, 0.05, 0.5, 0.5, 0.052495267104473525, 0.0, 0.0, 0.05, 0.5, 0.5, 0.05, 0.5, 0.5, 0.0, 0.0, 0.0, 0.030000000000000002, 0.255, 0.0, 0.0, 0.0];[0.36266812077786437, -1.4673779894421743, -5.77404544952474, 0.6534322128761014, -0.4, -2.856673670821298, -14.0, -14.0, -1.0, 0.0, 0.0, -1.0, 0.0, 0.0, 0.03077345207158122];8.294753399997717;7.4218490999992355
387;[27.81670172292139, 1107.2414829393233, 118.81075254043712];True;False;[0.0, 7.25, 1.4500000000000002, 0.0, 0.0, 12.976555377774831, 0.5, 0.5, 9367.327642086748, 10500.0, 10500.0, 0.0, 3.0, 0.0, 0.025, 0.03695990913594793, 0.0, 0.0, 0.05, 0.5, 0.5, 0.05, 0.5, 0.5, 0.04465306073128824, 0.0, 0.0, 0.05, 0.5, 0.5, 0.05, 0.5, 0.5, 0.0, 0.0, 0.0, 0.030000000000000002, 0.255, 0.0, 0.0, 0.0];[0.36497200040022104, -1.46678451066613, -4.886162755482474, 0.6667301933397727, -0.4, -2.0234446222251687, -14.0, -14.0, -1.0, 0.0, 0.0, -1.0, 0.0, 0.0, 0.03052209643372572];7.7931781000006595;7.4218490999992355
388;[28.258089110529873, 1089.7747349650206, 118.96430850435888];True;False;[0.0, 7.25, 1.4500000000000002, 0.0, 0.0, 12.499141549888227, 0.5, 0.5, 12297.328433605875, 10500.0, 10500.0, 0.0, 3.0, 0.0, 0.025, 0.02500277603885034, 0.0, 0.0, 0.05, 0.5, 0.5, 0.05, 0.5, 0.5, 0.03895705174956937, 0.0, 0.0, 0.05, 0.5, 0.5, 0.05, 0.5, 0.5, 0.0, 0.0, 0.0, 0.030000000000000002, 0.255, 0.0, 0.0, 0.0];[0.34407931135804315, -1.4721664617892465, -5.398845121605676, 0.6659045682828157, -0.4, -2.5008584501117728, -14.0, -14.0, -1.0, 0.0, 0.0, -1.0, 0.0, 0.0, 0.032810257398555476];8.184453899993969;7.4218490999992355
389;[28.033495432303763, 1103.3642612198967, 118.81455135592762];True;False;[0.0, 7.25, 1.4500000000000002, 0.0, 0.0, 12.44717175444407, 0.5, 0.5, 12630.148380535458, 10500.0, 10500.0, 0.0, 3.0, 0.0, 0.025, 0.029144684697276144, 0.0, 0.0, 0.05, 0.5, 0.5, 0.05, 0.5, 0.5, 0.054260793173229675, 0.0, 0.0, 0.05, 0.5, 0.5, 0.05, 0.5, 0.5, 0.0, 0.0, 0.0, 0.030000000000000002, 0.255, 0.0, 0.0, 0.0];[0.3724414623396237, -1.4648603792633803, -5.454014042033997, 0.6554318629395972, -0.4, -2.5528282455559292, -14.0, -14.0, -1.0, 0.0, 0.0, -1.0, 0.0, 0.0, 0.029708805060609578];8.415305099995749;7.4218490999992355
390;[28.018578641794843, 1103.0239857212, 118.82325048034966];True;False;[0.0, 7.25, 1.4500000000000002, 0.0, 0.0, 12.51766909363816, 0.5, 0.5, 12284.628075649196, 10500.0, 10500.0, 0.0, 3.0, 0.0, 0.025, 0.032893546860699535, 0.0, 0.0, 0.05, 0.5, 0.5, 0.05, 0.5, 0.5, 0.04919317895423844, 0.0, 0.0, 0.05, 0.5, 0.5, 0.05, 0.5, 0.5, 0.0, 0.0, 0.0, 0.030000000000000002, 0.255, 0.0, 0.0, 0.0];[0.3697265710570239, -1.4655597345334503, -5.379146664969346, 0.6575460991702595, -0.4, -2.48233090636184, -14.0, -14.0, -1.0, 0.0, 0.0, -1.0, 0.0, 0.0, 0.03000411975563355];8.29839820000052;7.4218490999992355
391;[nan, nan, nan];False;False;[0.0, 7.25, 1.4500000000000002, 0.0, 0.0, 11.945153784587394, 0.5, 0.5, 15875.807488195782, 10500.0, 10500.0, 0.0, 3.0, 0.0, 0.025, 0.04173306429986699, 0.0, 0.0, 0.05, 0.5, 0.5, 0.05, 0.5, 0.5, 0.04107367037658138, 0.0, 0.0, 0.05, 0.5, 0.5, 0.05, 0.5, 0.5, 0.0, 0.0, 0.0, 0.030000000000000002, 0.255, 0.0, 0.0, 0.0];[nan, nan, nan, nan, nan, nan, nan, nan, nan, nan, nan, nan, nan, nan, nan];29.530174999999872;8.985540499998024
392;[28.75056159984438, 1068.3681630731917, 119.1751757228501];True;False;[0.0, 7.25, 1.4500000000000002, 0.0, 0.0, 12.182658989475616, 0.5, 0.5, 10342.238652649361, 10500.0, 10500.0, 0.0, 3.0, 0.0, 0.025, 0.02211622165078815, 0.0, 0.0, 0.05, 0.5, 0.5, 0.05, 0.5, 0.5, 0.015535809231356208, 0.0, 0.0, 0.05, 0.5, 0.5, 0.05, 0.5, 0.5, 0.0, 0.0, 0.0, 0.030000000000000002, 0.255, 0.0, 0.0, 0.0];[0.3105398215374926, -1.480806225418725, -5.732859929411555, 0.6715654368536419, -0.4, -2.817341010524384, -14.0, -14.0, -1.0, 0.0, 0.0, -1.0, 0.0, 0.0, 0.03652505550173446];8.304502400002093;8.985540499998024
393;[27.695537348698444, 1118.6498930638768, 118.67109518082282];True;False;[0.0, 7.25, 1.4500000000000002, 0.0, 0.0, 12.714047784236065, 0.5, 0.5, 12526.343140099467, 10500.0, 10500.0, 0.0, 3.0, 0.0, 0.025, 0.05678276983883075, 0.0, 0.0, 0.05, 0.5, 0.5, 0.05, 0.5, 0.5, 0.04381545019709378, 0.0, 0.0, 0.05, 0.5, 0.5, 0.05, 0.5, 0.5, 0.0, 0.0, 0.0, 0.030000000000000002, 0.255, 0.0, 0.0, 0.0];[0.39470556345582875, -1.4591251527558817, -5.1693750133317025, 0.6523220609694196, -0.4, -2.2859522157639347, -14.0, -14.0, -1.0, 0.0, 0.0, -1.0, 0.0, 0.0, 0.02729936689418133];8.465540400000464;8.985540499998024
394;[26.243850597073113, 1301.6780402838233, 117.93873272809958];True;False;[0.0, 7.25, 1.4500000000000002, 0.0, 1.0, 12.981498078969183, 0.5289869922014246, 0.5, 14417.394294521599, 12773.794295365455, 10500.0, 0.0, 3.0, 0.0, 0.025, 0.05325655945889375, 0.19049635964053585, 0.0, 0.05024557646870778, 0.5593910970869078, 0.0, 0.05, 0.5, 0.5, 0.030785990258857955, 0.3065652725159258, 0.0, 0.052911236862900383, 0.37298079611643725, 0.0, 0.05, 0.5, 0.5, 0.0, 0.0, 0.0, 0.030000000000000002, 0.255, 0.0, 0.0, 0.0];[1.0181159487517482, -1.3976600983057812, -4.200376510593939, 0.6251535497193625, -0.3710130077985754, -11.600176583469318, -11.181714022013521, -14.0, -0.8095036403594642, -0.4406089029130922, 0.0, -0.6934347274840742, -0.6270192038835627, 0.0, 0.01450036309227909];44.17700909999985;8.985540499998024
395;[27.551127139258952, 1129.2591484881648, 118.55094532049534];True;False;[0.0, 7.25, 1.4500000000000002, 0.0, 0.0, 12.60231243383187, 0.5, 0.5, 9457.50037765743, 10500.0, 10500.0, 0.0, 3.0, 0.0, 0.025, 0.057120009534862175, 0.0, 0.0, 0.05, 0.5, 0.5, 0.05, 0.5, 0.5, 0.05899937011313286, 0.0, 0.0, 0.05, 0.5, 0.5, 0.05, 0.5, 0.5, 0.0, 0.0, 0.0, 0.030000000000000002, 0.255, 0.0, 0.0, 0.0];[0.4185850503073274, -1.4529738033139548, -5.288950742855889, 0.6423901256421769, -0.4, -2.3976875661681305, -14.0, -14.0, -1.0, 0.0, 0.0, -1.0, 0.0, 0.0, 0.02473935457971055];7.606418700001086;8.985540499998024
396;[32.34321868788658, 1035.0448729364962, 119.19223162102898];True;False;[0.0, 7.25, 1.4500000000000002, 0.0, 0.0, 7.275717610261507, 0.5, 0.5, 14595.648505974206, 10500.0, 10500.0, 0.0, 3.0, 0.0, 0.025, 0.015850104599142184, 0.0, 0.0, 0.05, 0.5, 0.5, 0.05, 0.5, 0.5, 0.024824060978787785, 0.0, 0.0, 0.05, 0.5, 0.5, 0.05, 0.5, 0.5, 0.0, 0.0, 0.0, 0.030000000000000002, 0.255, 0.0, 0.0, 0.0];[0.42495242287408974, -1.4513335698395697, -10.30902671666028, 0.5117201662489206, -0.4, -7.724282389738493, -14.0, -14.0, -1.0, 0.0, 0.0, -1.0, 0.0, 0.0, 0.024060929554624022];15.562450400000671;23.977061800003867
397;[30.979100523685727, 1044.18591973412, 119.185869161732];True;False;[0.0, 7.25, 1.4500000000000002, 0.0, 0.0, 8.593145172590306, 0.5, 0.5, 12245.787632868987, 10500.0, 10500.0, 0.0, 3.0, 0.0, 0.025, 0.021354212582800246, 0.0, 0.0, 0.05, 0.5, 0.5, 0.05, 0.5, 0.5, 0.023971415754205392, 0.0, 0.0, 0.05, 0.5, 0.5, 0.05, 0.5, 0.5, 0.0, 0.0, 0.0, 0.030000000000000002, 0.255, 0.0, 0.0, 0.0];[0.38519410304328616, -1.4615753024205067, -9.19259030796345, 0.5658735304919555, -0.4, -6.406854827409694, -14.0, -14.0, -1.0, 0.0, 0.0, -1.0, 0.0, 0.0, 0.028326017411640203];26.855518099997425;23.977061800003867
398;[nan, nan, nan];False;False;[0.0, 7.25, 1.4500000000000002, 0.0, 0.0, 9.545798002349336, 0.5, 0.5, 12641.9637541686, 10500.0, 10500.0, 0.0, 3.0, 0.0, 0.025, 0.013032840080268605, 0.0, 0.0, 0.05, 0.5, 0.5, 0.05, 0.5, 0.5, 0.025635792919779427, 0.0, 0.0, 0.05, 0.5, 0.5, 0.05, 0.5, 0.5, 0.0, 0.0, 0.0, 0.030000000000000002, 0.255, 0.0, 0.0, 0.0];[nan, nan, nan, nan, nan, nan, nan, nan, nan, nan, nan, nan, nan, nan, nan];39.91868239999894;23.977061800003867
399;[28.074103036059647, 1248.4828323100373, 118.1431828354425];True;False;[0.0, 7.25, 1.4500000000000002, 0.0, 1.0, 9.594232293981678, 0.44054506724966724, 0.5, 12769.734113673494, 14815.742949937981, 10500.0, 0.0, 3.0, 0.0, 0.025, 0.0282446297929906, 0.28121032016424846, 0.0, 0.07141074993939305, 0.6451723118026519, 0.0, 0.05, 0.5, 0.5, 0.033381146367303646, 0.32160120090278016, 0.0, 0.04392914787127494, 0.37225033598005386, 0.0, 0.05, 0.5, 0.5, 0.0, 0.0, 0.0, 0.030000000000000002, 0.255, 0.0, 1.0, 0.0];[1.0392366191878262, -1.3925988227676196, -7.951343368813584, 0.5603783833820024, -0.4594549327503328, -11.509460982519013, -12.25136082251688, -14.0, -0.7187896798357516, -0.3548276881973481, 0.0, -0.6783987990972198, -0.6277496640199461, 0.0, 0.012538613964164336];22.60126159999345;23.977061800003867
400;[nan, nan, nan];False;False;[0.0, 7.25, 1.4500000000000002, 0.0, 0.0, 7.768221185990617, 0.5, 0.5, 12639.073376250255, 10500.0, 10500.0, 0.0, 3.0, 0.0, 0.025, 0.015585403766846764, 0.0, 0.0, 0.05, 0.5, 0.5, 0.05, 0.5, 0.5, 0.0439521571379775, 0.0, 0.0, 0.05, 0.5, 0.5, 0.05, 0.5, 0.5, 0.0, 0.0, 0.0, 0.030000000000000002, 0.255, 0.0, 0.0, 0.0];[nan, nan, nan, nan, nan, nan, nan, nan, nan, nan, nan, nan, nan, nan, nan];26.383401300001424;23.977061800003867
401;[27.842161998779634, 1103.4931346065773, 118.86086428306425];True;False;[0.0, 7.25, 1.4500000000000002, 0.0, 0.0, 13.121526619221216, 0.5, 0.5, 10496.84412361432, 10500.0, 10500.0, 0.0, 3.0, 0.0, 0.025, 0.02650245100820921, 0.0, 0.0, 0.05, 0.5, 0.5, 0.05, 0.5, 0.5, 0.047848049717756004, 0.0, 0.0, 0.05, 0.5, 0.5, 0.05, 0.5, 0.5, 0.0, 0.0, 0.0, 0.030000000000000002, 0.255, 0.0, 0.0, 0.0];[0.3536019356896398, -1.4697134363020514, -4.7283842403177285, 0.6729795470020534, -0.4, -1.8784733807787841, -14.0, -14.0, -1.0, 0.0, 0.0, -1.0, 0.0, 0.0, 0.03176489933490312];8.613707900003647;18.175651300000027
402;[27.36038513290635, 1123.3561650955044, 118.69296734151737];True;False;[0.0, 7.25, 1.4500000000000002, 0.0, 0.0, 13.717016393230782, 0.5, 0.5, 8018.543024573413, 10500.0, 10500.0, 0.0, 3.0, 0.0, 0.025, 0.03760109029526018, 0.0, 0.0, 0.05, 0.5, 0.5, 0.05, 0.5, 0.5, 0.05535248107202282, 0.0, 0.0, 0.05, 0.5, 0.5, 0.05, 0.5, 0.5, 0.0, 0.0, 0.0, 0.030000000000000002, 0.255, 0.0, 0.0, 0.0];[0.37618356799635766, -1.4638964138445987, -4.0700486757108525, 0.6742605870470015, -0.4, -1.2829836067692177, -14.0, -14.0, -1.0, 0.0, 0.0, -1.0, 0.0, 0.0, 0.029302293228520182];9.200869799999055;18.175651300000027
403;[26.21622502512822, 1292.7572752086467, 118.08235889124359];True;False;[0.0, 7.25, 1.4500000000000002, 0.0, 1.0, 13.721995047431378, 0.5350258399502044, 0.5, 9239.657003046339, 11575.633786778206, 10500.0, 0.0, 3.0, 0.0, 0.025, 0.035280988783625074, 0.1653923194855989, 0.0, 0.04881455511022775, 0.5718404903840022, 0.0, 0.05, 0.5, 0.5, 0.030473382544907435, 0.2375213010131839, 0.0, 0.05042983130683736, 0.4160048481962322, 0.0, 0.05, 0.5, 0.5, 0.0, 0.0, 0.0, 0.030000000000000002, 0.255, 0.0, 0.0, 0.0];[0.9784142580518917, -1.4071740574658858, -3.293279918685217, 0.6474399069687646, -0.36497416004979566, -11.546689257304326, -11.02642331668076, -14.0, -0.8346076805144012, -0.4281595096159978, 0.0, -0.7624786989868161, -0.5839951518037678, 0.0, 0.01822891177777386];46.87839779999922;18.175651300000027
404;[26.785651486184438, 1267.218218024404, 118.26355931468137];True;False;[0.0, 7.25, 1.4500000000000002, 0.0, 1.0, 12.908947506557684, 0.5139205601952618, 0.5, 10006.707342398571, 12381.745888908052, 10500.0, 0.0, 3.0, 0.0, 0.025, 0.02233904863677639, 0.16671888302315124, 0.0, 0.049642613992177016, 0.556624410571313, 0.0, 0.05, 0.5, 0.5, 0.03137502434068053, 0.2351971337136578, 0.0, 0.042974176171355856, 0.3886257391111426, 0.0, 0.05, 0.5, 0.5, 0.0, 0.0, 0.0, 0.030000000000000002, 0.255, 0.0, 0.0, 0.0];[0.9548115417260394, -1.412830120853444, -4.286257735601662, 0.6421113943725638, -0.38607943980473824, -11.50577354959613, -11.305635112725554, -14.0, -0.8332811169768488, -0.44337558942868704, 0.0, -0.7648028662863422, -0.6113742608888574, 0.0, 0.020471264222579277];32.99917480000295;18.175651300000027
405;[nan, nan, nan];False;False;[0.0, 7.25, 1.4500000000000002, 0.0, 1.0, 13.557411991997684, 0.5047864626854149, 0.5, 9783.898255908589, 12121.645133605074, 10500.0, 0.0, 3.0, 0.0, 0.025, 0.051386682658503595, 0.2081128760082612, 0.0, 0.05063564434593787, 0.5552936001800869, 0.0, 0.05, 0.5, 0.5, 0.02670129238360605, 0.22703943949869132, 0.0, 0.048705556633771796, 0.36814452235673717, 0.0, 0.05, 0.5, 0.5, 0.0, 0.0, 0.0, 0.030000000000000002, 0.255, 0.0, 0.0, 0.0];[nan, nan, nan, nan, nan, nan, nan, nan, nan, nan, nan, nan, nan, nan, nan];74.06384390000312;18.175651300000027
406;[25.113727737366904, 1338.7325080301932, 117.88197755090675];True;False;[0.0, 7.25, 1.4500000000000002, 0.0, 1.0, 16.734668519497976, 0.5149356283874282, 0.5, 9798.194821918198, 11640.485438918224, 10500.0, 0.0, 3.0, 0.0, 0.025, 0.040263350576378976, 0.172572126222756, 0.0, 0.04483786773648209, 0.5326425387843032, 0.0, 0.05, 0.5, 0.5, 0.03557564979855167, 0.19973034734628817, 0.0, 0.05082060048598193, 0.30864321464288846, 0.0, 0.05, 0.5, 0.5, 0.0, 0.0, 0.0, 0.030000000000000002, 0.255, 0.0, 0.0, 0.0];[0.9816097581397134, -1.4064083002198855, 0.7320145160524021, 0.6827555046120353, -0.3850643716125718, -11.029622742501633, -10.785118784898021, -14.0, -0.827427873777244, -0.46735746121569677, 0.0, -0.8002696526537119, -0.6913567853571115, 0.0, 0.017926810642125757];23.26666330000444;7.47495809999964
407;[nan, nan, nan];False;False;[0.0, 7.25, 1.4500000000000002, 0.0, 1.0, 16.928752308394937, 0.5192044399717569, 0.5, 10413.10958693895, 11408.639369570054, 10500.0, 0.0, 3.0, 0.0, 0.025, 0.03705582788964323, 0.17501739721507195, 0.0, 0.04467880812724785, 0.5412495335060964, 0.0, 0.05, 0.5, 0.5, 0.04448939879818762, 0.23040119046261923, 0.0, 0.05231735741908109, 0.3098214062829273, 0.0, 0.05, 0.5, 0.5, 0.0, 0.0, 0.0, 0.030000000000000002, 0.255, 0.0, 0.0, 0.0];[nan, nan, nan, nan, nan, nan, nan, nan, nan, nan, nan, nan, nan, nan, nan];73.08415569999488;7.47495809999964
408;[24.946139566963154, 1352.6907031634767, 117.7632798478517];True;False;[0.0, 7.25, 1.4500000000000002, 0.0, 1.0, 16.782592938822514, 0.5212382753535393, 0.5, 10344.76861285138, 11575.3723556233, 10500.0, 0.0, 3.0, 0.0, 0.025, 0.04553082289959164, 0.17868508651748158, 0.0, 0.044616825277242825, 0.5410360353048637, 0.0, 0.05, 0.5, 0.5, 0.04346009034504166, 0.21090381906740008, 0.0, 0.05220779015616949, 0.31088310346836995, 0.0, 0.05, 0.5, 0.5, 0.0, 0.0, 0.0, 0.030000000000000002, 0.255, 0.0, 0.0, 0.0];[1.0057658310924928, -1.400619632596671, 0.7994792006906213, 0.6749262306280068, -0.37876172464646074, -11.073811991660799, -10.725473944911354, -14.0, -0.8213149134825184, -0.45896396469513634, 0.0, -0.7890961809325999, -0.6891168965316301, 0.0, 0.015654451408935954];54.74603619999834;7.47495809999964
409;[nan, nan, nan];False;False;[0.0, 7.25, 1.4500000000000002, 0.0, 1.0, 16.86157600172497, 0.5225570209381655, 0.5, 11160.18197448432, 11495.012092750803, 10500.0, 0.0, 3.0, 0.0, 0.025, 0.04190816124806779, 0.1796012379731752, 0.0, 0.044977805809773466, 0.5366723232118299, 0.0, 0.05, 0.5, 0.5, 0.038370848773270176, 0.21970210725537287, 0.0, 0.051744483528080844, 0.2858980525689616, 0.0, 0.05, 0.5, 0.5, 0.0, 0.0, 0.0, 0.030000000000000002, 0.255, 0.0, 0.0, 0.0];[nan, nan, nan, nan, nan, nan, nan, nan, nan, nan, nan, nan, nan, nan, nan];62.85192929999903;7.47495809999964
410;[nan, nan, nan];False;False;[0.0, 7.25, 1.4500000000000002, 0.0, 1.0, 16.926755109527555, 0.5214649083100625, 0.5, 9668.750044079323, 11564.008919173295, 10500.0, 0.0, 3.0, 0.0, 0.025, 0.045774983252659024, 0.1768270902092741, 0.0, 0.04477959898427514, 0.5384673790558543, 0.0, 0.05, 0.5, 0.5, 0.0364312367781929, 0.21003095131944965, 0.0, 0.05263751376478654, 0.3106931442604048, 0.0, 0.05, 0.5, 0.5, 0.0, 0.0, 0.0, 0.030000000000000002, 0.255, 0.0, 0.0, 0.0];[nan, nan, nan, nan, nan, nan, nan, nan, nan, nan, nan, nan, nan, nan, nan];71.845416199998;7.47495809999964
411;[27.692254131879196, 1114.4401635636286, 118.73503963334588];True;False;[0.0, 7.25, 1.4500000000000002, 0.0, 0.0, 12.984617413393051, 0.5, 0.5, 11996.07482268317, 10500.0, 10500.0, 0.0, 3.0, 0.0, 0.025, 0.055343082390440695, 0.0, 0.0, 0.05, 0.5, 0.5, 0.05, 0.5, 0.5, 0.03586971986358616, 0.0, 0.0, 0.05, 0.5, 0.5, 0.05, 0.5, 0.5, 0.0, 0.0, 0.0, 0.030000000000000002, 0.255, 0.0, 0.0, 0.0];[0.3788257949142695, -1.4632157768954845, -4.8774141380902485, 0.6621056144622435, -0.4, -2.0153825866069486, -14.0, -14.0, -1.0, 0.0, 0.0, -1.0, 0.0, 0.0, 0.02901563885189795];10.226660700005596;19.23376190000272
412;[27.053269910432462, 1151.9893460307585, 118.35173981996277];True;False;[0.0, 7.25, 1.4500000000000002, 0.0, 0.0, 13.109017043094692, 0.5, 0.5, 7453.471769461343, 10500.0, 10500.0, 0.0, 3.0, 0.0, 0.025, 0.07042138032590534, 0.0, 0.0, 0.05, 0.5, 0.5, 0.05, 0.5, 0.5, 0.06790840159732679, 0.0, 0.0, 0.05, 0.5, 0.5, 0.05, 0.5, 0.5, 0.0, 0.0, 0.0, 0.030000000000000002, 0.255, 0.0, 0.0, 0.0];[0.4479286533178861, -1.4454148990072775, -4.742037454638091, 0.6402697164446265, -0.4, -1.890982956905308, -14.0, -14.0, -1.0, 0.0, 0.0, -1.0, 0.0, 0.0, 0.02162739715597628];9.120268200000282;19.23376190000272
413;[nan, nan, nan];False;False;[0.0, 7.25, 1.4500000000000002, 0.0, 1.0, 12.165098874272944, 0.5181944417883075, 0.5, 13119.27733772432, 12167.051248669994, 10500.0, 0.0, 3.0, 0.0, 0.025, 0.0346349386948293, 0.2336793077619649, 0.0, 0.047600926842546694, 0.528942237375756, 0.0, 0.05, 0.5, 0.5, 0.044961963698605924, 0.4004748386858076, 0.0, 0.055104099244058735, 0.40069851846305476, 0.0, 0.05, 0.5, 0.5, 0.0, 0.0, 0.0, 0.030000000000000002, 0.255, 0.0, 0.0, 0.0];[nan, nan, nan, nan, nan, nan, nan, nan, nan, nan, nan, nan, nan, nan, nan];62.16672529999778;19.23376190000272
414;[26.39322910558205, 1298.929560221978, 117.9622339305685];True;False;[0.0, 7.25, 1.4500000000000002, 0.0, 1.0, 12.812427906815454, 0.5044544158357507, 0.5, 13799.951116837681, 12220.347289584952, 10500.0, 0.0, 3.0, 0.0, 0.025, 0.028763600174957327, 0.2190398731630309, 0.0, 0.04661759841298651, 0.5347770712006559, 0.0, 0.05, 0.5, 0.5, 0.0626690735800426, 0.31212705404424473, 0.0, 0.04576835286252133, 0.34018715421743057, 0.0, 0.05, 0.5, 0.5, 0.0, 0.0, 0.0, 0.030000000000000002, 0.255, 0.0, 0.0, 0.0];[1.0183294594377283, -1.3976089334331807, -4.401417020510378, 0.6203604083722969, -0.39554558416424934, -11.452302690991534, -11.388522810477212, -14.0, -0.7809601268369691, -0.4652229287993441, 0.0, -0.6878729459557553, -0.6598128457825694, 0.0, 0.01448045646541496];54.83442840000498;19.23376190000272
415;[26.90486763171847, 1250.8230806718893, 118.4348869824799];True;False;[0.0, 7.25, 1.4500000000000002, 0.0, 1.0, 13.211338559148613, 0.4994842329697762, 0.5, 8187.5191970977385, 13489.180525777392, 10500.0, 0.0, 3.0, 0.0, 0.025, 0.016794604697896225, 0.23960774148972547, 0.0, 0.050028183314641476, 0.5228023832804997, 0.0, 0.05, 0.5, 0.5, 0.012144043543931624, 0.2705064015987524, 0.0, 0.044247877214669634, 0.25501511069093186, 0.0, 0.05, 0.5, 0.5, 0.0, 0.0, 0.0, 0.030000000000000002, 0.255, 0.0, 0.0, 0.0];[0.9138629761925241, -1.422642876262169, -3.919920560846151, 0.6608224552581803, -0.40051576703022385, -11.361508197758774, -11.369006919017728, -14.0, -0.7603922585102745, -0.47719761671950034, 0.0, -0.7294935984012476, -0.7449848893090681, 0.0, 0.024407926780357303];38.76745259999734;19.23376190000272
416;[28.493860203972456, 1083.547963372681, 119.00386604277746];True;False;[0.0, 7.25, 1.4500000000000002, 0.0, 0.0, 12.102648578730447, 0.5, 0.5, 11711.749576707827, 10500.0, 10500.0, 0.0, 3.0, 0.0, 0.025, 0.014783070281800809, 0.0, 0.0, 0.05, 0.5, 0.5, 0.05, 0.5, 0.5, 0.045578570995736506, 0.0, 0.0, 0.05, 0.5, 0.5, 0.05, 0.5, 0.5, 0.0, 0.0, 0.0, 0.030000000000000002, 0.255, 0.0, 0.0, 0.0];[0.3432853257560087, -1.4723709922684953, -5.8165635567868765, 0.659175999268546, -0.4, -2.897351421269553, -14.0, -14.0, -1.0, 0.0, 0.0, -1.0, 0.0, 0.0, 0.032897603826555266];9.339061999999103;26.629728799998702
417;[28.315658246432545, 1096.0011871359384, 118.85844968156387];True;False;[0.0, 7.25, 1.4500000000000002, 0.0, 0.0, 11.958841653311449, 0.5, 0.5, 12449.027984783985, 10500.0, 10500.0, 0.0, 3.0, 0.0, 0.025, 0.02199100782747607, 0.0, 0.0, 0.05, 0.5, 0.5, 0.05, 0.5, 0.5, 0.05770745793875146, 0.0, 0.0, 0.05, 0.5, 0.5, 0.05, 0.5, 0.5, 0.0, 0.0, 0.0, 0.030000000000000002, 0.255, 0.0, 0.0, 0.0];[0.37236105489225224, -1.4648810922003723, -5.966258027265038, 0.6468949005568871, -0.4, -3.041158346688551, -14.0, -14.0, -1.0, 0.0, 0.0, -1.0, 0.0, 0.0, 0.029717546722483612];8.473386600002414;26.629728799998702
418;[28.11712725546405, 1097.3094250570357, 118.88488064443058];True;False;[0.0, 7.25, 1.4500000000000002, 0.0, 0.0, 12.52280676897028, 0.5, 0.5, 13566.787085814387, 10500.0, 10500.0, 0.0, 3.0, 0.0, 0.025, 0.014406389042619767, 0.0, 0.0, 0.05, 0.5, 0.5, 0.05, 0.5, 0.5, 0.05922629358155788, 0.0, 0.0, 0.05, 0.5, 0.5, 0.05, 0.5, 0.5, 0.0, 0.0, 0.0, 0.030000000000000002, 0.255, 0.0, 0.0, 0.0];[0.35830823308830073, -1.4685010953477928, -5.373681466196425, 0.6614974145774803, -0.4, -2.4771932310297196, -14.0, -14.0, -1.0, 0.0, 0.0, -1.0, 0.0, 0.0, 0.031249772743018656];9.90800339999987;26.629728799998702
419;[27.81598880932361, 1114.8275897742049, 118.69735520542355];True;False;[0.0, 7.25, 1.4500000000000002, 0.0, 0.0, 12.517246073307279, 0.5, 0.5, 6274.4628158738515, 10500.0, 10500.0, 0.0, 3.0, 0.0, 0.025, 0.02638113217398937, 0.0, 0.0, 0.05, 0.5, 0.5, 0.05, 0.5, 0.5, 0.07120483696483702, 0.0, 0.0, 0.05, 0.5, 0.5, 0.05, 0.5, 0.5, 0.0, 0.0, 0.0, 0.030000000000000002, 0.255, 0.0, 0.0, 0.0];[0.39291472449552955, -1.4595864723942702, -5.3795965978170255, 0.6496939731489244, -0.4, -2.4827539266927214, -14.0, -14.0, -1.0, 0.0, 0.0, -1.0, 0.0, 0.0, 0.027492361929486564];8.954831399998511;26.629728799998702
420;[27.82891852570097, 1106.8512015567035, 118.81346589518178];True;False;[0.0, 7.25, 1.4500000000000002, 0.0, 0.0, 12.956052666363675, 0.5, 0.5, 14380.452135140496, 10500.0, 10500.0, 0.0, 3.0, 0.0, 0.025, 0.03665810178991846, 0.0, 0.0, 0.05, 0.5, 0.5, 0.05, 0.5, 0.5, 0.0447037042773114, 0.0, 0.0, 0.05, 0.5, 0.5, 0.05, 0.5, 0.5, 0.0, 0.0, 0.0, 0.030000000000000002, 0.255, 0.0, 0.0, 0.0];[0.36478008226085823, -1.4668339487276216, -4.90839791500157, 0.666466491949425, -0.4, -2.043947333636325, -14.0, -14.0, -1.0, 0.0, 0.0, -1.0, 0.0, 0.0, 0.030543025810162883];10.134828299997025;26.629728799998702
421;[27.81510571419366, 1105.6434806954014, 118.8352459304133];True;False;[0.0, 7.25, 1.4500000000000002, 0.0, 0.0, 13.085452174483567, 0.5, 0.5, 10647.116238664254, 10500.0, 10500.0, 0.0, 3.0, 0.0, 0.025, 0.036784463651789945, 0.0, 0.0, 0.05, 0.5, 0.5, 0.05, 0.5, 0.5, 0.041154966729644624, 0.0, 0.0, 0.05, 0.5, 0.5, 0.05, 0.5, 0.5, 0.0, 0.0, 0.0, 0.030000000000000002, 0.255, 0.0, 0.0, 0.0];[0.35881390019762804, -1.4683708356353382, -4.767736899711112, 0.6705824035366128, -0.4, -1.9145478255164328, -14.0, -14.0, -1.0, 0.0, 0.0, -1.0, 0.0, 0.0, 0.031194484447883197];9.551504900002328;11.154183999999077
422;[28.207410687777095, 1087.114604555437, 119.01637498228854];True;False;[0.0, 7.25, 1.4500000000000002, 0.0, 0.0, 12.8395950972026, 0.5, 0.5, 12784.109158693009, 10500.0, 10500.0, 0.0, 3.0, 0.0, 0.025, 0.027918817225088467, 0.0, 0.0, 0.05, 0.5, 0.5, 0.05, 0.5, 0.5, 0.0276471770372686, 0.0, 0.0, 0.05, 0.5, 0.5, 0.05, 0.5, 0.5, 0.0, 0.0, 0.0, 0.030000000000000002, 0.255, 0.0, 0.0, 0.0];[0.3291438879123092, -1.4760138228841073, -5.034325234914393, 0.6767430988320173, -0.4, -2.1604049027973993, -14.0, -14.0, -1.0, 0.0, 0.0, -1.0, 0.0, 0.0, 0.03445811610709015];10.620095400001446;11.154183999999077
423;[27.65945517558125, 1113.5973807595713, 118.75664245471006];True;False;[0.0, 7.25, 1.4500000000000002, 0.0, 0.0, 13.161960043945484, 0.5, 0.5, 11137.740631531706, 10500.0, 10500.0, 0.0, 3.0, 0.0, 0.025, 0.04640329986487099, 0.0, 0.0, 0.05, 0.5, 0.5, 0.05, 0.5, 0.5, 0.041299118658777306, 0.0, 0.0, 0.05, 0.5, 0.5, 0.05, 0.5, 0.5, 0.0, 0.0, 0.0, 0.030000000000000002, 0.255, 0.0, 0.0, 0.0];[0.3722518658902141, -1.4649092192581645, -4.684204626272139, 0.6671878530498279, -0.4, -1.8380399560545158, -14.0, -14.0, -1.0, 0.0, 0.0, -1.0, 0.0, 0.0, 0.029729417892504495];10.645237799995812;11.154183999999077
424;[28.028866827780718, 1095.7372057906468, 118.93013858065262];True;False;[0.0, 7.25, 1.4500000000000002, 0.0, 0.0, 12.93068474875111, 0.5, 0.5, 13803.943201449909, 10500.0, 10500.0, 0.0, 3.0, 0.0, 0.025, 0.038080867192725486, 0.0, 0.0, 0.05, 0.5, 0.5, 0.05, 0.5, 0.5, 0.028329491648462213, 0.0, 0.0, 0.05, 0.5, 0.5, 0.05, 0.5, 0.5, 0.0, 0.0, 0.0, 0.030000000000000002, 0.255, 0.0, 0.0, 0.0];[0.34364125437367665, -1.4722793051515455, -4.935882338647771, 0.6732942270103273, -0.4, -2.0693152512488897, -14.0, -14.0, -1.0, 0.0, 0.0, -1.0, 0.0, 0.0, 0.032858444545855625];9.850377700000536;11.154183999999077
425;[27.730409999743657, 1110.828047994884, 118.77931607741942];True;False;[0.0, 7.25, 1.4500000000000002, 0.0, 0.0, 13.070964152017066, 0.5, 0.5, 10245.602082228901, 10500.0, 10500.0, 0.0, 3.0, 0.0, 0.025, 0.03995457462720566, 0.0, 0.0, 0.05, 0.5, 0.5, 0.05, 0.5, 0.5, 0.04524067617204343, 0.0, 0.0, 0.05, 0.5, 0.5, 0.05, 0.5, 0.5, 0.0, 0.0, 0.0, 0.030000000000000002, 0.255, 0.0, 0.0, 0.0];[0.3693625812142489, -1.4656534982198341, -4.783524482908618, 0.6667266435948913, -0.4, -1.9290358479829344, -14.0, -14.0, -1.0, 0.0, 0.0, -1.0, 0.0, 0.0, 0.030043738106699913];10.204546900000423;11.154183999999077
426;[28.206766328826713, 1098.7870031694902, 118.84181969988197];True;False;[0.0, 7.25, 1.4500000000000002, 0.0, 0.0, 12.143602981703395, 0.5, 0.5, 9124.966438800138, 10500.0, 10500.0, 0.0, 3.0, 0.0, 0.025, 0.035774180492964366, 0.0, 0.0, 0.05, 0.5, 0.5, 0.05, 0.5, 0.5, 0.045633689966791735, 0.0, 0.0, 0.05, 0.5, 0.5, 0.05, 0.5, 0.5, 0.0, 0.0, 0.0, 0.030000000000000002, 0.255, 0.0, 0.0, 0.0];[0.37233904180371624, -1.4648867627661004, -5.773756016468152, 0.6502034250239548, -0.4, -2.8563970182966045, -14.0, -14.0, -1.0, 0.0, 0.0, -1.0, 0.0, 0.0, 0.029719939971216802];9.348852699993586;24.982180099999823
427;[27.750938977228923, 1115.227085011607, 118.70790877093083];True;False;[0.0, 7.25, 1.4500000000000002, 0.0, 0.0, 12.721719919819346, 0.5, 0.5, 10584.96776577534, 10500.0, 10500.0, 0.0, 3.0, 0.0, 0.025, 0.050749881098174125, 0.0, 0.0, 0.05, 0.5, 0.5, 0.05, 0.5, 0.5, 0.04519263181306945, 0.0, 0.0, 0.05, 0.5, 0.5, 0.05, 0.5, 0.5, 0.0, 0.0, 0.0, 0.030000000000000002, 0.255, 0.0, 0.0, 0.0];[0.38780104973958984, -1.4609037536470757, -5.161143218817408, 0.6547991894840854, -0.4, -2.2782800801806538, -14.0, -14.0, -1.0, 0.0, 0.0, -1.0, 0.0, 0.0, 0.028044230622114585];10.421280299997306;24.982180099999823
428;[nan, nan, nan];False;False;[0.0, 7.25, 1.4500000000000002, 0.0, 0.0, 11.558085853530295, 0.5, 0.5, 11683.395702118052, 10500.0, 10500.0, 0.0, 3.0, 0.0, 0.025, 0.05226304840825018, 0.0, 0.0, 0.05, 0.5, 0.5, 0.05, 0.5, 0.5, 0.07147902274350025, 0.0, 0.0, 0.05, 0.5, 0.5, 0.05, 0.5, 0.5, 0.0, 0.0, 0.0, 0.030000000000000002, 0.255, 0.0, 0.0, 0.0];[nan, nan, nan, nan, nan, nan, nan, nan, nan, nan, nan, nan, nan, nan, nan];40.15707019999536;24.982180099999823
429;[28.307648585280663, 1105.8336671683471, 118.71567077032077];True;False;[0.0, 7.25, 1.4500000000000002, 0.0, 0.0, 11.474129360439113, 0.5, 0.5, 8222.549820395368, 10500.0, 10500.0, 0.0, 3.0, 0.0, 0.025, 0.06973142842721321, 0.0, 0.0, 0.05, 0.5, 0.5, 0.05, 0.5, 0.5, 0.029953773613483767, 0.0, 0.0, 0.05, 0.5, 0.5, 0.05, 0.5, 0.5, 0.0, 0.0, 0.0, 0.030000000000000002, 0.255, 0.0, 0.0, 0.0];[0.4068351544457194, -1.4560005733530514, -6.463704148663405, 0.6265707043521787, -0.4, -3.525870639560887, -14.0, -14.0, -1.0, 0.0, 0.0, -1.0, 0.0, 0.0, 0.02599589419776327];33.47912819999328;24.982180099999823
430;[28.694608714116367, 1086.8757763865601, 118.91258724370178];True;False;[0.0, 7.25, 1.4500000000000002, 0.0, 0.0, 11.347987465560468, 0.5, 0.5, 14983.985774691659, 10500.0, 10500.0, 0.0, 3.0, 0.0, 0.025, 0.03850285919254421, 0.0, 0.0, 0.05, 0.5, 0.5, 0.05, 0.5, 0.5, 0.03698698170433738, 0.0, 0.0, 0.05, 0.5, 0.5, 0.05, 0.5, 0.5, 0.0, 0.0, 0.0, 0.030000000000000002, 0.255, 0.0, 0.0, 0.0];[0.3730908792068055, -1.46469308965166, -6.591359371613914, 0.6351618571566011, -0.4, -3.6520125344395318, -14.0, -14.0, -1.0, 0.0, 0.0, -1.0, 0.0, 0.0, 0.029638212937207142];34.098344500001986;24.982180099999823
431;[25.76677770098313, 1313.783034736308, 117.97404219517479];True;False;[0.0, 7.25, 1.4500000000000002, 0.0, 1.0, 14.776281560651766, 0.5261372803674211, 0.5, 16918.80406785762, 12829.924875838342, 10500.0, 0.0, 3.0, 0.0, 0.025, 0.023050852518428457, 0.22963247491399863, 0.0, 0.04602286313499587, 0.49664704567680507, 0.0, 0.05, 0.5, 0.5, 0.05594288125745661, 0.29202956896393856, 0.0, 0.04645388720540959, 0.2613952663033671, 0.0, 0.05, 0.5, 0.5, 0.0, 0.0, 0.0, 0.030000000000000002, 0.255, 0.0, 1.0, 0.0];[0.9872960040347429, -1.4050456703100342, -1.9444679044852489, 0.6573061874870969, -0.3738627196325789, -11.351962344600805, -10.949526031130059, -14.0, -0.7703675250860014, -0.5033529543231949, 0.0, -0.7079704310360615, -0.7386047336966328, 0.0, 0.01739010564229515];28.732407199997397;30.931781999999657
432;[26.34084230506036, 1286.421874290763, 118.09999963131695];True;False;[0.0, 7.25, 1.4500000000000002, 0.0, 1.0, 13.30069055312298, 0.5134241287345985, 0.5, 7027.4291420486825, 10534.882495987447, 10500.0, 0.0, 3.0, 0.0, 0.025, 0.044844786257289965, 0.26091157309731977, 0.0, 0.04551543795805316, 0.5432624353360187, 0.0, 0.05, 0.5, 0.5, 0.010932661254100952, 0.5008760109040498, 0.0, 0.06416558488412584, 0.5001499678045583, 0.0, 0.05, 0.5, 0.5, 0.0, 0.0, 0.0, 0.030000000000000002, 0.255, 0.0, 0.0, 0.0];[0.9792287668806967, -1.4069788717295542, -3.8114263700888333, 0.6429795003308356, -0.3865758712654015, -11.449624877116344, -11.25372246797403, -14.0, -0.7390884269026803, -0.4567375646639813, 0.0, -0.49912398909595024, -0.49985003219544166, 0.0, 0.018151875019144503];33.96840299999894;30.931781999999657
433;[26.574641286954, 1302.5647985401454, 117.88734019443075];True;False;[0.0, 7.25, 1.4500000000000002, 0.0, 1.0, 12.185646340178852, 0.5424864390803419, 0.5, 13456.523694695012, 10999.083601732696, 10500.0, 0.0, 3.0, 0.0, 0.025, 0.019079410412707904, 0.22228707085852764, 0.0, 0.04528039226932107, 0.5194396655465945, 0.0, 0.05, 0.5, 0.5, 0.08518678977037558, 0.3821598254481333, 0.0, 0.044607084307149186, 0.3264553579108928, 0.0, 0.05, 0.5, 0.5, 0.0, 0.0, 0.0, 0.030000000000000002, 0.255, 0.0, 0.0, 0.0];[1.0459452158375768, -1.3909912006885004, -5.142505778453055, 0.6003470347219806, -0.35751356091965814, -11.794233935156594, -11.198834820227564, -14.0, -0.7777129291414724, -0.4805603344534055, 0.0, -0.6178401745518667, -0.6735446420891071, 0.0, 0.011918626803328891];50.91225519999716;30.931781999999657
434;[25.962869363642206, 1305.710427564001, 117.99514013691174];True;False;[0.0, 7.25, 1.4500000000000002, 0.0, 1.0, 14.136027864807176, 0.5155394909045458, 0.5, 5471.617703157676, 12876.27260400088, 10500.0, 0.0, 3.0, 0.0, 0.025, 0.06589032538902051, 0.20259615136738293, 0.0, 0.043939955768733746, 0.5319107982346781, 0.0, 0.05, 0.5, 0.5, 0.011446357797209676, 0.38465753337490594, 0.0, 0.051492276519925086, 0.3129445733137826, 0.0, 0.05, 0.5, 0.5, 0.0, 0.0, 0.0, 0.030000000000000002, 0.255, 0.0, 0.0, 0.0];[0.9905279074089517, -1.404271189521696, -2.7694436394319, 0.649062080767445, -0.38446050909545426, -11.355298901058163, -11.121485004926392, -14.0, -0.797403848632617, -0.46808920176532187, 0.0, -0.6153424666250941, -0.6870554266862174, 0.0, 0.01708555299154757];33.17351900000358;30.931781999999657
435;[26.177441844996387, 1306.9702918313117, 117.91976998421116];True;False;[0.0, 7.25, 1.4500000000000002, 0.0, 1.0, 13.22996463306004, 0.49880306532752416, 0.5, 13765.357668454933, 12421.398627049424, 10500.0, 0.0, 3.0, 0.0, 0.025, 0.028220963613529323, 0.20505922994884415, 0.0, 0.046860428643601786, 0.5124406220895026, 0.0, 0.05, 0.5, 0.5, 0.0666165403479344, 0.30045867131396775, 0.0, 0.04515105368330125, 0.3075321888556857, 0.0, 0.05, 0.5, 0.5, 0.0, 0.0, 0.0, 0.030000000000000002, 0.255, 0.0, 0.0, 0.0];[1.0202597315206408, -1.3971463705185798, -3.8972075352858084, 0.6261145518088767, -0.40119693467247586, -11.353980493469097, -11.371394994085474, -14.0, -0.7949407700511558, -0.4875593779104974, 0.0, -0.6995413286860322, -0.6924678111443143, 0.0, 0.01430055781741335];53.377499299997;30.931781999999657
436;[nan, nan, nan];False;False;[0.0, 7.25, 1.4500000000000002, 0.0, 1.0, 12.875045634860994, 0.48422875273741406, 0.5, 8397.414481823547, 12145.420468904415, 10500.0, 0.0, 3.0, 0.0, 0.025, 0.013773893339273048, 0.2010463177948268, 0.0, 0.05117813437200117, 0.5285693202597632, 0.0, 0.05, 0.5, 0.5, 0.07167231152852506, 0.2841713892348262, 0.0, 0.04364042316014327, 0.3522553755213804, 0.0, 0.05, 0.5, 0.5, 0.0, 0.0, 0.0, 0.030000000000000002, 0.255, 0.0, 0.0, 0.0];[nan, nan, nan, nan, nan, nan, nan, nan, nan, nan, nan, nan, nan, nan, nan];41.35715359999449;22.95580300000438
437;[25.82576710660491, 1313.1981751468177, 117.92417164205739];True;False;[0.0, 7.25, 1.4500000000000002, 0.0, 1.0, 14.173656423810305, 0.5145484066086536, 0.5, 14555.536474138305, 12220.277514022546, 10500.0, 0.0, 3.0, 0.0, 0.025, 0.06276733856628602, 0.23268126128756408, 0.0, 0.047946187578702004, 0.5528283960934341, 0.0, 0.05, 0.5, 0.5, 0.01703154964298712, 0.36875304759328825, 0.0, 0.05428228099855656, 0.31977029004688945, 0.0, 0.05, 0.5, 0.5, 0.0, 0.0, 0.0, 0.030000000000000002, 0.255, 0.0, 0.0, 0.0];[1.00342882904034, -1.4011796627034347, -2.72146571733181, 0.6464999213104381, -0.3854515933913464, -11.343203461827137, -11.124023779870388, -14.0, -0.7673187387124359, -0.44717160390656585, 0.0, -0.6312469524067117, -0.6802297099531105, 0.0, 0.01587342135450709];26.52856129999418;22.95580300000438
438;[nan, nan, nan];False;False;[0.0, 7.25, 1.4500000000000002, 0.0, 1.0, 12.118235938845617, 0.5038834656016297, 0.5, 12490.849864574799, 11632.21782483646, 10500.0, 0.0, 3.0, 0.0, 0.025, 0.02584605208776472, 0.2068278257132493, 0.0, 0.05189536277285004, 0.5497557782203492, 0.0, 0.05, 0.5, 0.5, 0.03293101227077007, 0.28447239491696485, 0.0, 0.049212436254287756, 0.34871884764796224, 0.0, 0.05, 0.5, 0.5, 0.0, 0.0, 0.0, 0.030000000000000002, 0.255, 0.0, 0.0, 0.0];[nan, nan, nan, nan, nan, nan, nan, nan, nan, nan, nan, nan, nan, nan, nan];35.96455459999561;22.95580300000438
439;[25.7295874782594, 1327.0345615962042, 117.79735295718872];True;False;[0.0, 7.25, 1.4500000000000002, 0.0, 1.0, 14.040226051078289, 0.5039437190472562, 0.5, 14905.022442303116, 12706.41422698449, 10500.0, 0.0, 3.0, 0.0, 0.025, 0.054463641156644975, 0.19322651701343935, 0.0, 0.04601811327783482, 0.5352321984063633, 0.0, 0.05, 0.5, 0.5, 0.049405564429500476, 0.3116452933670801, 0.0, 0.04812001272405352, 0.28505879952707236, 0.0, 0.05, 0.5, 0.5, 0.0, 0.0, 0.0, 0.030000000000000002, 0.255, 0.0, 0.0, 0.0];[1.033112306253436, -1.3940664293635703, -2.89031884691134, 0.6335768350107744, -0.3960562809527438, -11.282409855220882, -11.223299098531344, -14.0, -0.8067734829865607, -0.46476780159363673, 0.0, -0.6883547066329199, -0.7149412004729276, 0.0, 0.013105916178386412];25.843791700004658;22.95580300000438
440;[25.83168002096293, 1331.3744173962962, 117.70419684388203];True;False;[0.0, 7.25, 1.4500000000000002, 0.0, 1.0, 13.339287878732431, 0.5161170407530387, 0.5, 9666.190761346601, 12122.99880081714, 10500.0, 0.0, 3.0, 0.0, 0.025, 0.04499073796183716, 0.20312021610483835, 0.0, 0.04809173770876568, 0.5380282702703489, 0.0, 0.05, 0.5, 0.5, 0.06929810985698229, 0.33364493830941566, 0.0, 0.05043198948798921, 0.38020461259562877, 0.0, 0.05, 0.5, 0.5, 0.0, 0.0, 0.0, 0.030000000000000002, 0.255, 0.0, 0.0, 0.0];[1.062515820880015, -1.3870202851719873, -3.764359281259326, 0.6147011436329788, -0.38388295924696136, -11.463591812570897, -11.228012386649908, -14.0, -0.7968797838951617, -0.46197172972965106, 0.0, -0.6663550616905843, -0.6197953874043712, 0.0, 0.010393633140070468];32.66933530000097;22.95580300000438
441;[26.056893060130104, 1316.659951762043, 117.84480109555703];True;False;[0.0, 7.25, 1.4500000000000002, 0.0, 1.0, 13.34177778974996, 0.5684074792194933, 0.5, 15736.77583038994, 10492.242076927992, 10500.0, 0.0, 3.0, 0.0, 0.025, 0.009122356265695275, 0.19499035013970054, 0.0, 0.046537830257872004, 0.5378232031480784, 0.0, 0.05, 0.5, 0.5, 0.08628083044440198, 0.3561381512027868, 0.0, 0.051824913154711105, 0.41442128876256695, 0.0, 0.05, 0.5, 0.5, 0.0, 0.0, 0.0, 0.030000000000000002, 0.255, 0.0, 1.0, 0.0];[1.0349649006704764, -1.3936224808235087, -3.7702785838636803, 0.6221174392402096, -0.3315925207805067, -11.817166542495423, -10.808207382547042, -14.0, -0.8050096498602994, -0.4621767968519216, 0.0, -0.6438618487972132, -0.5855787112374331, 0.0, 0.01293417576580258];43.15019550000579;19.118869199999608
442;[nan, nan, nan];False;False;[0.0, 7.25, 1.4500000000000002, 0.0, 1.0, 12.58911974284217, 0.5270685205025589, 0.5, 14269.98274777171, 12162.412993940183, 10500.0, 0.0, 3.0, 0.0, 0.025, 0.03634229628321661, 0.18393553809297072, 0.0, 0.0481445929586111, 0.5680223039936863, 0.0, 0.05, 0.5, 0.5, 0.036001777882053186, 0.3370798736014614, 0.0, 0.049317997319803436, 0.30479504522713313, 0.0, 0.05, 0.5, 0.5, 0.0, 0.0, 0.0, 0.030000000000000002, 0.255, 0.0, 0.0, 0.0];[nan, nan, nan, nan, nan, nan, nan, nan, nan, nan, nan, nan, nan, nan, nan];66.73557930000243;19.118869199999608
443;[nan, nan, nan];False;False;[0.0, 7.25, 1.4500000000000002, 0.0, 1.0, 12.80029075634057, 0.6073869424331642, 0.5, 11267.252484814684, 10567.353200319725, 10500.0, 0.0, 3.0, 0.0, 0.025, 0.0314261112266847, 0.23883493201772288, 0.0, 0.043309950069629066, 0.6113601894749566, 0.0, 0.05, 0.5, 0.5, 0.04254920813456692, 0.42403644832871895, 0.0, 0.06500326995716975, 0.4471763377766987, 0.0, 0.05, 0.5, 0.5, 0.0, 0.0, 0.0, 0.030000000000000002, 0.255, 0.0, 1.0, 0.0];[nan, nan, nan, nan, nan, nan, nan, nan, nan, nan, nan, nan, nan, nan, nan];67.25465299999632;19.118869199999608
444;[27.566287435239502, 1121.912962259224, 118.65647905228104];True;False;[0.0, 7.25, 1.4500000000000002, 0.0, 0.0, 12.98886107538947, 0.5, 0.5, 6851.145773421966, 10500.0, 10500.0, 0.0, 3.0, 0.0, 0.025, 0.020795564655443032, 0.0, 0.0, 0.05, 0.5, 0.5, 0.05, 0.5, 0.5, 0.07939145457219118, 0.0, 0.0, 0.05, 0.5, 0.5, 0.05, 0.5, 0.5, 0.0, 0.0, 0.0, 0.030000000000000002, 0.255, 0.0, 0.0, 0.0];[0.3932678277716537, -1.4594955130845415, -4.872807862373945, 0.6572137761902908, -0.4, -2.0111389246105293, -14.0, -14.0, -1.0, 0.0, 0.0, -1.0, 0.0, 0.0, 0.02745429753413753];11.241619600004924;19.118869199999608
445;[27.479637214742247, 1239.6567826485607, 118.4135534071336];True;False;[0.0, 7.25, 1.4500000000000002, 0.0, 1.0, 11.619432941452875, 0.5058589506316175, 0.5, 18068.847430914164, 13364.50131936175, 10500.0, 0.0, 3.0, 0.0, 0.025, 0.022419231532584648, 0.2125988784226602, 0.0, 0.053424158818934545, 0.5171610281305866, 0.0, 0.05, 0.5, 0.5, 0.010420526633594013, 0.28239219177812463, 0.0, 0.04851686717857727, 0.2906560293016117, 0.0, 0.05, 0.5, 0.5, 0.0, 0.0, 0.0, 0.030000000000000002, 0.255, 0.0, 1.0, 0.0];[0.9441091441912208, -1.4153948018850697, -5.786075781961584, 0.6263985929116636, -0.39414104936838257, -11.630982909188768, -11.551091125912034, -14.0, -0.7874011215773398, -0.4828389718694134, 0.0, -0.7176078082218753, -0.7093439706983883, 0.0, 0.02149444179445037];16.69279870000173;19.118869199999608
446;[28.465238204188942, 1071.1634340536757, 119.1967822212433];True;False;[0.0, 7.25, 1.4500000000000002, 0.0, 0.0, 12.95879344513225, 0.5, 0.5, 11213.955416700715, 10500.0, 10500.0, 0.0, 3.0, 0.0, 0.025, 0.0016993653101610964, 0.0, 0.0, 0.05, 0.5, 0.5, 0.05, 0.5, 0.5, 0.02899459464836622, 0.0, 0.0, 0.05, 0.5, 0.5, 0.05, 0.5, 0.5, 0.0, 0.0, 0.0, 0.030000000000000002, 0.255, 0.0, 0.0, 0.0];[0.29411294173140856, -1.485037785274096, -4.905426675962401, 0.6907349673254637, -0.4, -2.0412065548677507, -14.0, -14.0, -1.0, 0.0, 0.0, -1.0, 0.0, 0.0, 0.03836344202011488];11.365379900002154;29.19120280000061
447;[28.634887178632837, 1074.5682030509433, 119.10716346725029];True;False;[0.0, 7.25, 1.4500000000000002, 0.0, 0.0, 12.180078785645824, 0.5, 0.5, 17920.79577759049, 10500.0, 10500.0, 0.0, 3.0, 0.0, 0.025, 0.01708401088335195, 0.0, 0.0, 0.05, 0.5, 0.5, 0.05, 0.5, 0.5, 0.029572584916173258, 0.0, 0.0, 0.05, 0.5, 0.5, 0.05, 0.5, 0.5, 0.0, 0.0, 0.0, 0.030000000000000002, 0.255, 0.0, 0.0, 0.0];[0.32305265925164406, -1.4775829217619654, -5.735563890220758, 0.6673356949450739, -0.4, -2.819921214354176, -14.0, -14.0, -1.0, 0.0, 0.0, -1.0, 0.0, 0.0, 0.03513310492118116];10.993255299996235;29.19120280000061
448;[28.519962186147627, 1099.1662154148448, 118.76868037781166];True;False;[0.0, 7.25, 1.4500000000000002, 0.0, 0.0, 11.217218017226541, 0.5, 0.5, 8878.18258994674, 10500.0, 10500.0, 0.0, 3.0, 0.0, 0.025, 0.014268190047662319, 0.0, 0.0, 0.05, 0.5, 0.5, 0.05, 0.5, 0.5, 0.07881667242230278, 0.0, 0.0, 0.05, 0.5, 0.5, 0.05, 0.5, 0.5, 0.0, 0.0, 0.0, 0.030000000000000002, 0.255, 0.0, 0.0, 0.0];[0.40180990126526783, -1.4572950772316025, -6.722911678298805, 0.6233098911108881, -0.4, -3.782781982773459, -14.0, -14.0, -1.0, 0.0, 0.0, -1.0, 0.0, 0.0, 0.02653513635391791];29.667515000001004;29.19120280000061
449;[28.279410677919543, 1089.9300865678317, 118.95700376386652];True;False;[0.0, 7.25, 1.4500000000000002, 0.0, 0.0, 12.418867391594972, 0.5, 0.5, 17179.123082544545, 10500.0, 10500.0, 0.0, 3.0, 0.0, 0.025, 0.01918411133353014, 0.0, 0.0, 0.05, 0.5, 0.5, 0.05, 0.5, 0.5, 0.04594032080712873, 0.0, 0.0, 0.05, 0.5, 0.5, 0.05, 0.5, 0.5, 0.0, 0.0, 0.0, 0.030000000000000002, 0.255, 0.0, 0.0, 0.0];[0.34670643093472275, -1.4714897164872043, -5.484007848760884, 0.6636295350843806, -0.4, -2.581132608405028, -14.0, -14.0, -1.0, 0.0, 0.0, -1.0, 0.0, 0.0, 0.03252145173685106];10.25024200000189;29.19120280000061
450;[27.832835448252965, 1114.6334205294402, 118.69602486555391];True;False;[0.0, 7.25, 1.4500000000000002, 0.0, 0.0, 12.470847852523246, 0.5, 0.5, 10137.586117407476, 10500.0, 10500.0, 0.0, 3.0, 0.0, 0.025, 0.040101134257208064, 0.0, 0.0, 0.05, 0.5, 0.5, 0.05, 0.5, 0.5, 0.05834353628252703, 0.0, 0.0, 0.05, 0.5, 0.5, 0.05, 0.5, 0.5, 0.0, 0.0, 0.0, 0.030000000000000002, 0.255, 0.0, 0.0, 0.0];[0.3938857739416406, -1.45933633031602, -5.428896100260779, 0.6485896792431647, -0.4, -2.529152147476754, -14.0, -14.0, -1.0, 0.0, 0.0, -1.0, 0.0, 0.0, 0.02738769639588856];9.872382100002142;29.19120280000061
451;[27.62307814210554, 1111.7858231598216, 118.79410889743508];True;False;[0.0, 7.25, 1.4500000000000002, 0.0, 0.0, 13.424909247672053, 0.5, 0.5, 11111.549101933102, 10500.0, 10500.0, 0.0, 3.0, 0.0, 0.025, 0.030787591728773656, 0.0, 0.0, 0.05, 0.5, 0.5, 0.05, 0.5, 0.5, 0.050683100810588556, 0.0, 0.0, 0.05, 0.5, 0.5, 0.05, 0.5, 0.5, 0.0, 0.0, 0.0, 0.030000000000000002, 0.255, 0.0, 0.0, 0.0];[0.3615382079721634, -1.4676690546794582, -4.39504051550157, 0.6749808037190552, -0.4, -1.575090752327947, -14.0, -14.0, -1.0, 0.0, 0.0, -1.0, 0.0, 0.0, 0.030896813792656297];10.532547700000578;10.427926199998183
452;[27.98219447143574, 1092.3830271120103, 118.99316590511843];True;False;[0.0, 7.25, 1.4500000000000002, 0.0, 0.0, 13.327458073201155, 0.5, 0.5, 12398.87521474111, 10500.0, 10500.0, 0.0, 3.0, 0.0, 0.025, 0.029347594272748186, 0.0, 0.0, 0.05, 0.5, 0.5, 0.05, 0.5, 0.5, 0.026846268958957566, 0.0, 0.0, 0.05, 0.5, 0.5, 0.05, 0.5, 0.5, 0.0, 0.0, 0.0, 0.030000000000000002, 0.255, 0.0, 0.0, 0.0];[0.3261458426277173, -1.4767861185495463, -4.502581589154726, 0.6857370272322905, -0.4, -1.6725419267988446, -14.0, -14.0, -1.0, 0.0, 0.0, -1.0, 0.0, 0.0, 0.03479012630468148];10.628050399995118;10.427926199998183
453;[28.043650483589385, 1093.7230369496021, 118.95703377354013];True;False;[0.0, 7.25, 1.4500000000000002, 0.0, 0.0, 13.005360337005571, 0.5, 0.5, 11007.426314751714, 10500.0, 10500.0, 0.0, 3.0, 0.0, 0.025, 0.03001997836511949, 0.0, 0.0, 0.05, 0.5, 0.5, 0.05, 0.5, 0.5, 0.032543442787421974, 0.0, 0.0, 0.05, 0.5, 0.5, 0.05, 0.5, 0.5, 0.0, 0.0, 0.0, 0.030000000000000002, 0.255, 0.0, 0.0, 0.0];[0.3375941086937555, -1.4738370482653211, -4.854890813575807, 0.6766101901116504, -0.4, -1.9946396629944285, -14.0, -14.0, -1.0, 0.0, 0.0, -1.0, 0.0, 0.0, 0.03352453445925996];10.707406200002879;10.427926199998183
454;[27.595596401679096, 1112.7453088873742, 118.78716289060216];True;False;[0.0, 7.25, 1.4500000000000002, 0.0, 0.0, 13.470656047818034, 0.5, 0.5, 10864.597239728271, 10500.0, 10500.0, 0.0, 3.0, 0.0, 0.025, 0.03259609896237175, 0.0, 0.0, 0.05, 0.5, 0.5, 0.05, 0.5, 0.5, 0.04957098908205184, 0.0, 0.0, 0.05, 0.5, 0.5, 0.05, 0.5, 0.5, 0.0, 0.0, 0.0, 0.030000000000000002, 0.255, 0.0, 0.0, 0.0];[0.36217373605053194, -1.4675053428160285, -4.34440514014927, 0.6754601023404823, -0.4, -1.529343952181966, -14.0, -14.0, -1.0, 0.0, 0.0, -1.0, 0.0, 0.0, 0.030827420996306754];10.180313199998636;10.427926199998183
455;[27.946588568138438, 1096.5959040077341, 118.93828263081937];True;False;[0.0, 7.25, 1.4500000000000002, 0.0, 0.0, 13.179646212521929, 0.5, 0.5, 10590.598926288905, 10500.0, 10500.0, 0.0, 3.0, 0.0, 0.025, 0.023218980064391187, 0.0, 0.0, 0.05, 0.5, 0.5, 0.05, 0.5, 0.5, 0.04082391371973235, 0.0, 0.0, 0.05, 0.5, 0.5, 0.05, 0.5, 0.5, 0.0, 0.0, 0.0, 0.030000000000000002, 0.255, 0.0, 0.0, 0.0];[0.3384567374289782, -1.4736148353332708, -4.664855944806176, 0.6791310518972993, -0.4, -1.820353787478071, -14.0, -14.0, -1.0, 0.0, 0.0, -1.0, 0.0, 0.0, 0.033429414544096536];10.710829900002864;10.427926199998183
456;[27.380595471846206, 1121.501490570262, 118.71534274953945];True;False;[0.0, 7.25, 1.4500000000000002, 0.0, 0.0, 13.76056994087631, 0.5, 0.5, 10011.904838055452, 10500.0, 10500.0, 0.0, 3.0, 0.0, 0.025, 0.05111491179055555, 0.0, 0.0, 0.05, 0.5, 0.5, 0.05, 0.5, 0.5, 0.03886470409380205, 0.0, 0.0, 0.05, 0.5, 0.5, 0.05, 0.5, 0.5, 0.0, 0.0, 0.0, 0.030000000000000002, 0.255, 0.0, 0.0, 0.0];[0.3714390277563462, -1.465118606144584, -4.021252876489841, 0.676565508835367, -0.4, -1.2394300591236895, -14.0, -14.0, -1.0, 0.0, 0.0, -1.0, 0.0, 0.0, 0.029817807435930987];10.688662900000054;17.16991959999723
457;[25.787241187248362, 1314.6291482307915, 117.97313781703517];True;False;[0.0, 7.25, 1.4500000000000002, 0.0, 1.0, 14.790498109238877, 0.6328398777640337, 0.5, 9320.745167124753, 12895.53244164902, 10500.0, 0.0, 3.0, 0.0, 0.025, 0.059980835779691724, 0.21497088942458978, 0.0, 0.04807698063798687, 0.523366506510622, 0.0, 0.05, 0.5, 0.5, 0.01670948010885462, 0.27369472890521473, 0.0, 0.04659773257158354, 0.32479054365741805, 0.0, 0.05, 0.5, 0.5, 0.0, 0.0, 0.0, 0.030000000000000002, 0.255, 0.0, 0.0, 0.0];[0.9884714994009922, -1.4047639791600972, -1.9655975655010796, 0.6559795273074567, -0.2671601222359663, -12.070643460278669, -9.950939597593031, -14.0, -0.7850291105754102, -0.476633493489378, 0.0, -0.7263052710947853, -0.6752094563425819, 0.0, 0.017279293429493525];25.415910199997597;17.16991959999723
458;[27.36722294553205, 1114.7887578464229, 118.82289273426181];True;False;[0.0, 7.25, 1.4500000000000002, 0.0, 0.0, 14.314961245667917, 0.5, 0.5, 14094.6811413112, 10500.0, 10500.0, 0.0, 3.0, 0.0, 0.025, 0.05811279470530724, 0.0, 0.0, 0.05, 0.5, 0.5, 0.05, 0.5, 0.5, 0.014717798862319177, 0.0, 0.0, 0.05, 0.5, 0.5, 0.05, 0.5, 0.5, 0.0, 0.0, 0.0, 0.030000000000000002, 0.255, 0.0, 0.0, 0.0];[0.34408753114403545, -1.472164344374562, -3.392449481912271, 0.6942302009010015, -0.4, -0.6850387543320835, -14.0, -14.0, -1.0, 0.0, 0.0, -1.0, 0.0, 0.0, 0.032809353288900556];11.280377400005818;17.16991959999723
459;[nan, nan, nan];False;False;[0.0, 7.25, 1.4500000000000002, 0.0, 1.0, 13.24193389822761, 0.609354966370653, 0.5, 16374.234127521522, 12687.812824880391, 10500.0, 0.0, 3.0, 0.0, 0.025, 0.02647052924243687, 0.20491935618184307, 0.0, 0.04791280653639435, 0.5133768257945377, 0.0, 0.05, 0.5, 0.5, 0.04602239506919021, 0.25811853052716355, 0.0, 0.04425757912865281, 0.38441745683064193, 0.0, 0.05, 0.5, 0.5, 0.0, 0.0, 0.0, 0.030000000000000002, 0.255, 0.0, 0.0, 0.0];[nan, nan, nan, nan, nan, nan, nan, nan, nan, nan, nan, nan, nan, nan, nan];56.27900829999999;17.16991959999723
460;[25.777792349831195, 1323.7040851591867, 117.82057628646332];True;False;[0.0, 7.25, 1.4500000000000002, 0.0, 1.0, 13.96824876144981, 0.5076162512487874, 0.5, 7853.433625772629, 13880.713634927653, 10500.0, 0.0, 3.0, 0.0, 0.025, 0.03390639965845839, 0.20470167611946627, 0.0, 0.05075864007138883, 0.489833917559348, 0.0, 0.05, 0.5, 0.5, 0.06362854992786245, 0.3208445364511641, 0.0, 0.04714166451560489, 0.3783717426271377, 0.0, 0.05, 0.5, 0.5, 0.0, 0.0, 0.0, 0.030000000000000002, 0.255, 0.0, 0.0, 0.0];[1.0290590430220599, -1.3950377376421004, -2.9814786893561642, 0.6341923177730897, -0.3923837487512126, -11.319091033781799, -11.2052175455453, -14.0, -0.7952983238805338, -0.510166082440652, 0.0, -0.6791554635488359, -0.6216282573728623, 0.0, 0.01348206577774147];24.921109100003378;17.16991959999723
461;[28.500875682884928, 1074.4635221989968, 119.13843884717431];True;False;[0.0, 7.25, 1.4500000000000002, 0.0, 0.0, 12.622052803747582, 0.5, 0.5, 11315.212216388638, 10500.0, 10500.0, 0.0, 3.0, 0.0, 0.025, 0.015385796195832347, 0.0, 0.0, 0.05, 0.5, 0.5, 0.05, 0.5, 0.5, 0.025026299970794693, 0.0, 0.0, 0.05, 0.5, 0.5, 0.05, 0.5, 0.5, 0.0, 0.0, 0.0, 0.030000000000000002, 0.255, 0.0, 0.0, 0.0];[0.31010088204616437, -1.4809192961145838, -5.2678674578769975, 0.6795235605449799, -0.4, -2.3779471962524177, -14.0, -14.0, -1.0, 0.0, 0.0, -1.0, 0.0, 0.0, 0.03657401539690619];9.902804400000605;13.194564500001434
462;[28.45826413947166, 1078.4193853571874, 119.08857813857378];True;False;[0.0, 7.25, 1.4500000000000002, 0.0, 0.0, 12.519547729052901, 0.5, 0.5, 10966.674753342684, 10500.0, 10500.0, 0.0, 3.0, 0.0, 0.025, 0.013219162052353742, 0.0, 0.0, 0.05, 0.5, 0.5, 0.05, 0.5, 0.5, 0.03422463725521539, 0.0, 0.0, 0.05, 0.5, 0.5, 0.05, 0.5, 0.5, 0.0, 0.0, 0.0, 0.030000000000000002, 0.255, 0.0, 0.0, 0.0];[0.3209123915013592, -1.4781342541634193, -5.377148410285743, 0.6740877912596268, -0.4, -2.480452270947099, -14.0, -14.0, -1.0, 0.0, 0.0, -1.0, 0.0, 0.0, 0.03537067989321263];9.882993200000783;13.194564500001434
463;[28.41072321637017, 1076.6122927652095, 119.12691408094724];True;False;[0.0, 7.25, 1.4500000000000002, 0.0, 0.0, 12.794777945268084, 0.5, 0.5, 12472.775330675911, 10500.0, 10500.0, 0.0, 3.0, 0.0, 0.025, 0.018303937242713442, 0.0, 0.0, 0.05, 0.5, 0.5, 0.05, 0.5, 0.5, 0.022841813971367707, 0.0, 0.0, 0.05, 0.5, 0.5, 0.05, 0.5, 0.5, 0.0, 0.0, 0.0, 0.030000000000000002, 0.255, 0.0, 0.0, 0.0];[0.30952902855337605, -1.4810666054217558, -5.0826186592042095, 0.6826995124117237, -0.4, -2.205222054731916, -14.0, -14.0, -1.0, 0.0, 0.0, -1.0, 0.0, 0.0, 0.036637814102147725];10.069741200000863;13.194564500001434
464;[28.475448312258234, 1076.0804089541834, 119.1198672937116];True;False;[0.0, 7.25, 1.4500000000000002, 0.0, 0.0, 12.606744437188834, 0.5, 0.5, 11729.255801178293, 10500.0, 10500.0, 0.0, 3.0, 0.0, 0.025, 0.013187481891880827, 0.0, 0.0, 0.05, 0.5, 0.5, 0.05, 0.5, 0.5, 0.02972206535745668, 0.0, 0.0, 0.05, 0.5, 0.5, 0.05, 0.5, 0.5, 0.0, 0.0, 0.0, 0.030000000000000002, 0.255, 0.0, 0.0, 0.0];[0.3137626092751935, -1.4799760361573215, -5.284218814014938, 0.678019481347244, -0.4, -2.3932555628111665, -14.0, -14.0, -1.0, 0.0, 0.0, -1.0, 0.0, 0.0, 0.03616585491163271];9.4608059999955;13.194564500001434
465;[28.57229419649432, 1070.4729404440184, 119.18244473695003];True;False;[0.0, 7.25, 1.4500000000000002, 0.0, 0.0, 12.632215985942725, 0.5, 0.5, 12788.048618266324, 10500.0, 10500.0, 0.0, 3.0, 0.0, 0.025, 0.011007622219722525, 0.0, 0.0, 0.05, 0.5, 0.5, 0.05, 0.5, 0.5, 0.023426908017171635, 0.0, 0.0, 0.05, 0.5, 0.5, 0.05, 0.5, 0.5, 0.0, 0.0, 0.0, 0.030000000000000002, 0.255, 0.0, 0.0, 0.0];[0.3018358421673, -1.4830483681822677, -5.2570058144174805, 0.6824942225172062, -0.4, -2.367784014057275, -14.0, -14.0, -1.0, 0.0, 0.0, -1.0, 0.0, 0.0, 0.037497580004478226];9.700776999998197;13.194564500001434
466;[nan, nan, nan];False;False;[0.0, 7.25, 1.4500000000000002, 0.0, 0.0, 11.116114944815537, 0.5, 0.5, 13870.998937863327, 10500.0, 10500.0, 0.0, 3.0, 0.0, 0.025, 0.051501529176861155, 0.0, 0.0, 0.05, 0.5, 0.5, 0.05, 0.5, 0.5, 0.045487242408680524, 0.0, 0.0, 0.05, 0.5, 0.5, 0.05, 0.5, 0.5, 0.0, 0.0, 0.0, 0.030000000000000002, 0.255, 0.0, 0.0, 0.0];[nan, nan, nan, nan, nan, nan, nan, nan, nan, nan, nan, nan, nan, nan, nan];46.69159860000218;14.119721200004278
467;[28.574481066362914, 1093.770901454176, 118.8361844320697];True;False;[0.0, 7.25, 1.4500000000000002, 0.0, 0.0, 11.331443271543595, 0.5, 0.5, 5520.918348597261, 10500.0, 10500.0, 0.0, 3.0, 0.0, 0.025, 0.05439768480463311, 0.0, 0.0, 0.05, 0.5, 0.5, 0.05, 0.5, 0.5, 0.03084845822438295, 0.0, 0.0, 0.05, 0.5, 0.5, 0.05, 0.5, 0.5, 0.0, 0.0, 0.0, 0.030000000000000002, 0.255, 0.0, 0.0, 0.0];[0.3873935820702039, -1.4610087172099993, -6.608046830280342, 0.6302114188623551, -0.4, -3.668556728456405, -14.0, -14.0, -1.0, 0.0, 0.0, -1.0, 0.0, 0.0, 0.028088254281837477];30.924757599997974;14.119721200004278
468;[27.477450529259755, 1122.056459303636, 118.67894426016801];True;False;[0.0, 7.25, 1.4500000000000002, 0.0, 0.0, 13.32271083226418, 0.5, 0.5, 12295.349763080725, 10500.0, 10500.0, 0.0, 3.0, 0.0, 0.025, 0.037612793911263084, 0.0, 0.0, 0.05, 0.5, 0.5, 0.05, 0.5, 0.5, 0.0590259109723251, 0.0, 0.0, 0.05, 0.5, 0.5, 0.05, 0.5, 0.5, 0.0, 0.0, 0.0, 0.030000000000000002, 0.255, 0.0, 0.0, 0.0];[0.3842946606704727, -1.4618069985357798, -4.507809087905972, 0.6655128228362581, -0.4, -1.67728916773582, -14.0, -14.0, -1.0, 0.0, 0.0, -1.0, 0.0, 0.0, 0.028423308594861307];10.49367369999527;14.119721200004278
469;[28.925774120769557, 1077.2554085832166, 119.00843114473875];True;False;[0.0, 7.25, 1.4500000000000002, 0.0, 0.0, 11.209632583681545, 0.5, 0.5, 10182.836575277366, 10500.0, 10500.0, 0.0, 3.0, 0.0, 0.025, 0.020522824587272438, 0.0, 0.0, 0.05, 0.5, 0.5, 0.05, 0.5, 0.5, 0.04295241696332462, 0.0, 0.0, 0.05, 0.5, 0.5, 0.05, 0.5, 0.5, 0.0, 0.0, 0.0, 0.030000000000000002, 0.255, 0.0, 0.0, 0.0];[0.3581885881693605, -1.4685319158469896, -6.730517958651992, 0.6372858300815487, -0.4, -3.790367416318455, -14.0, -14.0, -1.0, 0.0, 0.0, -1.0, 0.0, 0.0, 0.031262856083617785];34.40699109999696;14.119721200004278
470;[28.512033111693636, 1078.3730474189738, 119.0771618168261];True;False;[0.0, 7.25, 1.4500000000000002, 0.0, 0.0, 12.345938550056315, 0.5, 0.5, 15291.576888520567, 10500.0, 10500.0, 0.0, 3.0, 0.0, 0.025, 0.04001831442784253, 0.0, 0.0, 0.05, 0.5, 0.5, 0.05, 0.5, 0.5, 0.00972641361689873, 0.0, 0.0, 0.05, 0.5, 0.5, 0.05, 0.5, 0.5, 0.0, 0.0, 0.0, 0.030000000000000002, 0.255, 0.0, 0.0, 0.0];[0.3258204376921059, -1.4768699427741432, -5.561117782022814, 0.6693818060246266, -0.4, -2.6540614499436845, -14.0, -14.0, -1.0, 0.0, 0.0, -1.0, 0.0, 0.0, 0.03482618718777186];9.89286759999959;14.119721200004278
471;[28.601586932756412, 1070.0461220153825, 119.18235830507041];True;False;[0.0, 7.25, 1.4500000000000002, 0.0, 0.0, 12.560396009176962, 0.5, 0.5, 16077.799615888822, 10500.0, 10500.0, 0.0, 3.0, 0.0, 0.025, 0.014945777638209446, 0.0, 0.0, 0.05, 0.5, 0.5, 0.05, 0.5, 0.5, 0.019913064274657465, 0.0, 0.0, 0.05, 0.5, 0.5, 0.05, 0.5, 0.5, 0.0, 0.0, 0.0, 0.030000000000000002, 0.255, 0.0, 0.0, 0.0];[0.3030150935658398, -1.4827445933366288, -5.333658555114473, 0.6808477862604718, -0.4, -2.439603990823038, -14.0, -14.0, -1.0, 0.0, 0.0, -1.0, 0.0, 0.0, 0.037365611905153195];10.01263900000049;10.993992199997592
472;[28.25397642799878, 1096.9840771816323, 118.85777201736974];True;False;[0.0, 7.25, 1.4500000000000002, 0.0, 0.0, 12.095470452189637, 0.5, 0.5, 9676.760125007339, 10500.0, 10500.0, 0.0, 3.0, 0.0, 0.025, 0.030176202441980157, 0.0, 0.0, 0.05, 0.5, 0.5, 0.05, 0.5, 0.5, 0.04930487996256411, 0.0, 0.0, 0.05, 0.5, 0.5, 0.05, 0.5, 0.5, 0.0, 0.0, 0.0, 0.030000000000000002, 0.255, 0.0, 0.0, 0.0];[0.37020532252461535, -1.465436408283128, -5.824058430198788, 0.6500629850211226, -0.4, -2.9045295478103625, -14.0, -14.0, -1.0, 0.0, 0.0, -1.0, 0.0, 0.0, 0.029952019231453963];9.644555200000468;10.993992199997592
473;[27.606801101738906, 1124.6080255518707, 118.60545944115378];True;False;[0.0, 7.25, 1.4500000000000002, 0.0, 0.0, 12.67646045564272, 0.5, 0.5, 12071.74332613254, 10500.0, 10500.0, 0.0, 3.0, 0.0, 0.025, 0.03796515738800584, 0.0, 0.0, 0.05, 0.5, 0.5, 0.05, 0.5, 0.5, 0.07071542200765621, 0.0, 0.0, 0.05, 0.5, 0.5, 0.05, 0.5, 0.5, 0.0, 0.0, 0.0, 0.030000000000000002, 0.255, 0.0, 0.0, 0.0];[0.4073965873958807, -1.4558559483748772, -5.209664652097981, 0.6473973240233024, -0.4, -2.3235395443572795, -14.0, -14.0, -1.0, 0.0, 0.0, -1.0, 0.0, 0.0, 0.025935717397009728];9.117858099998557;10.993992199997592
474;[28.352724104527464, 1091.9023721239716, 118.91091202459828];True;False;[0.0, 7.25, 1.4500000000000002, 0.0, 0.0, 12.07051331842894, 0.5, 0.5, 9935.785793006122, 10500.0, 10500.0, 0.0, 3.0, 0.0, 0.025, 0.03174269354732993, 0.0, 0.0, 0.05, 0.5, 0.5, 0.05, 0.5, 0.5, 0.04109551865104011, 0.0, 0.0, 0.05, 0.5, 0.5, 0.05, 0.5, 0.5, 0.0, 0.0, 0.0, 0.030000000000000002, 0.255, 0.0, 0.0, 0.0];[0.3608706766021319, -1.4678410105822852, -5.85009814027967, 0.6527318788330188, -0.4, -2.92948668157106, -14.0, -14.0, -1.0, 0.0, 0.0, -1.0, 0.0, 0.0, 0.030969720541476287];9.401434999999765;10.993992199997592
475;[26.748386742916285, 1164.2178829734125, 118.2626842887932];True;False;[0.0, 7.25, 1.4500000000000002, 0.0, 0.0, 13.598600984101251, 0.5, 0.5, 5148.137009852754, 10500.0, 10500.0, 0.0, 3.0, 0.0, 0.025, 0.0715071210601277, 0.0, 0.0, 0.05, 0.5, 0.5, 0.05, 0.5, 0.5, 0.07534795706654468, 0.0, 0.0, 0.05, 0.5, 0.5, 0.05, 0.5, 0.5, 0.0, 0.0, 0.0, 0.030000000000000002, 0.255, 0.0, 0.0, 0.0];[0.4576713545027875, -1.4429051817813925, -4.2022721456128505, 0.6440259724683737, -0.4, -1.4013990158987486, -14.0, -14.0, -1.0, 0.0, 0.0, -1.0, 0.0, 0.0, 0.020602307048758206];10.062957499998447;10.993992199997592
476;[27.49445325663435, 1125.2267552024032, 118.62630318454255];True;False;[0.0, 7.25, 1.4500000000000002, 0.0, 0.0, 13.053966363547758, 0.5, 0.5, 9217.467999890081, 10500.0, 10500.0, 0.0, 3.0, 0.0, 0.025, 0.03771318008140761, 0.0, 0.0, 0.05, 0.5, 0.5, 0.05, 0.5, 0.5, 0.06669666581970905, 0.0, 0.0, 0.05, 0.5, 0.5, 0.05, 0.5, 0.5, 0.0, 0.0, 0.0, 0.030000000000000002, 0.255, 0.0, 0.0, 0.0];[0.39788162848645126, -1.4583069992513673, -4.80203452158189, 0.6566483887444763, -0.4, -1.946033636452242, -14.0, -14.0, -1.0, 0.0, 0.0, -1.0, 0.0, 0.0, 0.026957435992847834];10.36987030000455;22.776377399997727
477;[27.262666224500872, 1133.8094071598125, 118.56291476153493];True;False;[0.0, 7.25, 1.4500000000000002, 0.0, 0.0, 13.418104672921817, 0.5, 0.5, 6531.572129453462, 10500.0, 10500.0, 0.0, 3.0, 0.0, 0.025, 0.05436804008732204, 0.0, 0.0, 0.05, 0.5, 0.5, 0.05, 0.5, 0.5, 0.056544395294866316, 0.0, 0.0, 0.05, 0.5, 0.5, 0.05, 0.5, 0.5, 0.0, 0.0, 0.0, 0.030000000000000002, 0.255, 0.0, 0.0, 0.0];[0.40442419623245573, -1.4566216355455495, -4.402563938988404, 0.6599648753331255, -0.4, -1.5818953270781826, -14.0, -14.0, -1.0, 0.0, 0.0, -1.0, 0.0, 0.0, 0.026254467696001704];11.151077100003022;22.776377399997727
478;[25.53772888158974, 1340.1173082554424, 117.71380739686515];True;False;[0.0, 7.25, 1.4500000000000002, 0.0, 1.0, 14.397978157347488, 0.5159413496484828, 0.5, 9429.741718140953, 12999.34415139469, 10500.0, 0.0, 3.0, 0.0, 0.025, 0.0712971721913932, 0.1866327890743364, 0.0, 0.04539391524883049, 0.5067209886195243, 0.0, 0.05, 0.5, 0.5, 0.044884775702309525, 0.29948842358400535, 0.0, 0.043671707865951745, 0.29408636725702836, 0.0, 0.05, 0.5, 0.5, 0.0, 0.0, 0.0, 0.030000000000000002, 0.255, 0.0, 0.0, 0.0];[1.0468263494585823, -1.3907800492454014, -2.434341382665197, 0.6324554114576857, -0.3840586503515172, -11.324642574366944, -11.08256381898217, -14.0, -0.8133672109256636, -0.4932790113804757, 0.0, -0.7005115764159946, -0.7059136327429716, 0.0, 0.011837306660084868];21.69109970000136;22.776377399997727
479;[nan, nan, nan];False;False;[0.0, 7.25, 1.4500000000000002, 0.0, 1.0, 13.41190056225628, 0.5052052056933792, 0.5, 9986.887649761129, 12592.777063356887, 10500.0, 0.0, 3.0, 0.0, 0.025, 0.046138975201604024, 0.19918139599218793, 0.0, 0.04961055912829142, 0.5099438963922229, 0.0, 0.05, 0.5, 0.5, 0.05847799210445374, 0.27411757035855233, 0.0, 0.04457632413965535, 0.31282952943644354, 0.0, 0.05, 0.5, 0.5, 0.0, 0.0, 0.0, 0.030000000000000002, 0.255, 0.0, 0.0, 0.0];[nan, nan, nan, nan, nan, nan, nan, nan, nan, nan, nan, nan, nan, nan, nan];61.881288500000664;22.776377399997727
480;[27.599158085528654, 1111.523506879562, 118.80479691732566];True;False;[0.0, 7.25, 1.4500000000000002, 0.0, 0.0, 13.539859234743723, 0.5, 0.5, 9485.670773444597, 10500.0, 10500.0, 0.0, 3.0, 0.0, 0.025, 0.049760117217936696, 0.0, 0.0, 0.05, 0.5, 0.5, 0.05, 0.5, 0.5, 0.029826839050318046, 0.0, 0.0, 0.05, 0.5, 0.5, 0.05, 0.5, 0.5, 0.0, 0.0, 0.0, 0.030000000000000002, 0.255, 0.0, 0.0, 0.0];[0.357934366208462, -1.4685974033562914, -4.267622196650521, 0.6779913889187201, -0.4, -1.460140765256277, -14.0, -14.0, -1.0, 0.0, 0.0, -1.0, 0.0, 0.0, 0.0312906577529789];10.962859600003867;22.776377399997727
481;[24.759058277889565, 1380.7549234121975, 117.46018953084709];True;False;[0.0, 7.25, 1.4500000000000002, 0.0, 1.0, 15.904726327837645, 0.5248344973479279, 0.5, 7529.495428496753, 12907.743817713123, 10500.0, 0.0, 3.0, 0.0, 0.025, 0.07685591650271204, 0.19644532223459296, 0.0, 0.046841739915544994, 0.48517158919383224, 0.0, 0.05, 0.5, 0.5, 0.05265835401220997, 0.2736944764705017, 0.0, 0.05137344561610625, 0.29228744969775056, 0.0, 0.05, 0.5, 0.5, 0.0, 0.0, 0.0, 0.030000000000000002, 0.255, 0.0, 0.0, 0.0];[1.07897395694655, -1.3830763212846022, -0.4302663537268643, 0.640976109548661, -0.37516550265207216, -11.205326931007555, -10.808670196702707, -14.0, -0.803554677765407, -0.5148284108061678, 0.0, -0.7263055235294983, -0.7077125503022494, 0.0, 0.008887957019957371];40.64949720000004;20.158004800003255
482;[nan, nan, nan];False;False;[0.0, 7.25, 1.4500000000000002, 0.0, 0.0, 16.059109917993123, 0.5, 0.5, 8051.065909757444, 10500.0, 10500.0, 0.0, 3.0, 0.0, 0.025, 0.045919204027534556, 0.0, 0.0, 0.05, 0.5, 0.5, 0.05, 0.5, 0.5, 0.042366644869635914, 0.0, 0.0, 0.05, 0.5, 0.5, 0.05, 0.5, 0.5, 0.0, 0.0, 0.0, 0.030000000000000002, 0.255, 0.0, 0.0, 0.0];[nan, nan, nan, nan, nan, nan, nan, nan, nan, nan, nan, nan, nan, nan, nan];36.60190399999556;20.158004800003255
483;[25.33059568999308, 1334.0517088129855, 117.85174633194947];True;False;[0.0, 7.25, 1.4500000000000002, 0.0, 1.0, 15.679956020364347, 0.5174894429914243, 0.5, 10777.929741440557, 12563.749102489395, 10500.0, 0.0, 3.0, 0.0, 0.025, 0.03420213339309711, 0.21142697959447346, 0.0, 0.05060348434942139, 0.4588351389722251, 0.0, 0.05, 0.5, 0.5, 0.04902328491511584, 0.26773098568097126, 0.0, 0.04793905695161395, 0.4213332085365653, 0.0, 0.05, 0.5, 0.5, 0.0, 0.0, 0.0, 0.030000000000000002, 0.255, 0.0, 0.0, 0.0];[1.0001229047109046, -1.4019718815863669, -0.7368222109281088, 0.6648545926656411, -0.3825105570085757, -11.176376845900206, -10.899188965954485, -14.0, -0.7885730204055266, -0.5411648610277748, 0.0, -0.7322690143190287, -0.5786667914634347, 0.0, 0.016183494151809974];30.328253899999254;20.158004800003255
484;[24.510132223199204, 1397.859568451444, 117.38652958416345];True;False;[0.0, 7.25, 1.4500000000000002, 0.0, 1.0, 16.77901833825912, 0.6469610274306034, 0.5, 8178.241001002007, 12168.300951133318, 10500.0, 0.0, 3.0, 0.0, 0.025, 0.0647643375427868, 0.22165204295698665, 0.0, 0.04918045685708208, 0.5104044343322077, 0.0, 0.05, 0.5, 0.5, 0.06612338691094964, 0.2764087570601562, 0.0, 0.05078478117268388, 0.31278528993193006, 0.0, 0.05, 0.5, 0.5, 0.0, 0.0, 0.0, 0.030000000000000002, 0.255, 0.0, 0.0, 0.0];[1.0868829068822912, -1.3811810512000886, 0.7331009959274226, 0.64514514435694, -0.25303897256939667, -11.974093253004607, -9.45487923416013, -14.0, -0.7783479570430134, -0.4895955656677923, 0.0, -0.7235912429398438, -0.6872147100680699, 0.0, 0.008167560791494943];26.78462589999981;20.158004800003255
485;[24.747382126500433, 1378.8493866978124, 117.57238845770883];True;False;[0.0, 7.25, 1.4500000000000002, 0.0, 1.0, 16.9728829132283, 0.6692818614261787, 0.5, 10808.763429130327, 12926.017948206545, 10500.0, 0.0, 3.0, 0.0, 0.025, 0.04057490169856098, 0.24078451500489775, 0.0, 0.048497324490718835, 0.4929798951811481, 0.0, 0.05, 0.5, 0.5, 0.07359781665012799, 0.2819461313795011, 0.0, 0.04369656646132969, 0.3362768242137907, 0.0, 0.05, 0.5, 0.5, 0.0, 0.0, 0.0, 0.030000000000000002, 0.255, 0.0, 1.0, 0.0];[1.0481183746894764, -1.3904704333307176, 0.9877700345054254, 0.6582414982072831, -0.23071813857382129, -12.103975127190672, -9.139248225184083, -14.0, -0.7592154849951023, -0.5070201048188518, 0.0, -0.7180538686204989, -0.6637231757862093, 0.0, 0.011718111886351634];30.62556549999863;20.158004800003255
486;[26.787950307565424, 1144.4030663978858, 118.55237963472982];True;False;[0.0, 7.25, 1.4500000000000002, 0.0, 0.0, 14.835971716086549, 0.5, 0.5, 11856.086448060525, 10500.0, 10500.0, 0.0, 3.0, 0.0, 0.025, 0.06333692612844881, 0.0, 0.0, 0.05, 0.5, 0.5, 0.05, 0.5, 0.5, 0.041586484383092, 0.0, 0.0, 0.05, 0.5, 0.5, 0.05, 0.5, 0.5, 0.0, 0.0, 0.0, 0.030000000000000002, 0.255, 0.0, 0.0, 0.0];[0.38788888425736623, -1.46088112749873, -2.7885307338794387, 0.6855950583881687, -0.4, -0.16402828391345103, -14.0, -14.0, -1.0, 0.0, 0.0, -1.0, 0.0, 0.0, 0.028034741758627302];15.058819300000323;11.517392399997334
487;[nan, nan, nan];False;False;[0.0, 7.25, 1.4500000000000002, 0.0, 0.0, 14.807538118571916, 0.5, 0.5, 13801.322729969175, 10500.0, 10500.0, 0.0, 3.0, 0.0, 0.025, 0.039440684984359396, 0.0, 0.0, 0.05, 0.5, 0.5, 0.05, 0.5, 0.5, 0.03738448686612766, 0.0, 0.0, 0.05, 0.5, 0.5, 0.05, 0.5, 0.5, 0.0, 0.0, 0.0, 0.030000000000000002, 0.255, 0.0, 0.0, 0.0];[nan, nan, nan, nan, nan, nan, nan, nan, nan, nan, nan, nan, nan, nan, nan];44.33507880000252;11.517392399997334
488;[25.964332023666902, 1187.217158635519, 118.19942919166809];True;False;[0.0, 7.25, 1.4500000000000002, 0.0, 0.0, 15.96369130549415, 0.5, 0.5, 3721.386046374369, 10500.0, 10500.0, 0.0, 3.0, 0.0, 0.025, 0.08094141396087333, 0.0, 0.0, 0.05, 0.5, 0.5, 0.05, 0.5, 0.5, 0.06152402898437727, 0.0, 0.0, 0.05, 0.5, 0.5, 0.05, 0.5, 0.5, 0.0, 0.0, 0.0, 0.030000000000000002, 0.255, 0.0, 0.0, 0.0];[0.4411727676776307, -1.4471552133457515, -1.438348723966012, 0.6797781307541055, -0.4, 0.9636913054941498, -14.0, -14.0, -1.0, 0.0, 0.0, -1.0, 0.0, 0.0, 0.022340599306097664];14.285500799996953;11.517392399997334
489;[nan, nan, nan];False;False;[0.0, 7.25, 1.4500000000000002, 0.0, 0.0, 14.969215585851664, 0.5, 0.5, 4978.2075942773035, 10500.0, 10500.0, 0.0, 3.0, 0.0, 0.025, 0.05450424608733506, 0.0, 0.0, 0.05, 0.5, 0.5, 0.05, 0.5, 0.5, 0.03326113210625667, 0.0, 0.0, 0.05, 0.5, 0.5, 0.05, 0.5, 0.5, 0.0, 0.0, 0.0, 0.030000000000000002, 0.255, 0.0, 0.0, 0.0];[nan, nan, nan, nan, nan, nan, nan, nan, nan, nan, nan, nan, nan, nan, nan];19.925049099998432;11.517392399997334
490;[27.550207776817317, 1102.1187105974886, 118.96443292468969];True;False;[0.0, 7.25, 1.4500000000000002, 0.0, 0.0, 14.454156706130465, 0.5, 0.5, 8035.564240063979, 10500.0, 10500.0, 0.0, 3.0, 0.0, 0.025, 0.03238137106702496, 0.0, 0.0, 0.05, 0.5, 0.5, 0.05, 0.5, 0.5, 0.02152238117522186, 0.0, 0.0, 0.05, 0.5, 0.5, 0.05, 0.5, 0.5, 0.0, 0.0, 0.0, 0.030000000000000002, 0.255, 0.0, 0.0, 0.0];[0.3159836096816848, -1.4794039070451779, -3.2323342177815064, 0.7062269189742199, -0.4, -0.5458432938695346, -14.0, -14.0, -1.0, 0.0, 0.0, -1.0, 0.0, 0.0, 0.035918589829731284];16.051275800004078;11.517392399997334
491;[27.310216791766997, 1127.621409325132, 118.64276417927354];True;False;[0.0, 7.25, 1.4500000000000002, 0.0, 0.0, 13.635148062993977, 0.5, 0.5, 11319.95787676384, 10500.0, 10500.0, 0.0, 3.0, 0.0, 0.025, 0.05630617323721246, 0.0, 0.0, 0.05, 0.5, 0.5, 0.05, 0.5, 0.5, 0.04351090592310582, 0.0, 0.0, 0.05, 0.5, 0.5, 0.05, 0.5, 0.5, 0.0, 0.0, 0.0, 0.030000000000000002, 0.255, 0.0, 0.0, 0.0];[0.3866132738496253, -1.4612097243994338, -4.1615328223721715, 0.6694007157998827, -0.4, -1.3648519370060228, -14.0, -14.0, -1.0, 0.0, 0.0, -1.0, 0.0, 0.0, 0.028172580907029898];10.615542200001073;17.09468629999901
492;[28.143217695788113, 1103.638971883232, 118.78457507129843];True;False;[0.0, 7.25, 1.4500000000000002, 0.0, 0.0, 12.075069104623102, 0.5, 0.5, 12779.091585747203, 10500.0, 10500.0, 0.0, 3.0, 0.0, 0.025, 0.027897983199624266, 0.0, 0.0, 0.05, 0.5, 0.5, 0.05, 0.5, 0.5, 0.06080100835957889, 0.0, 0.0, 0.05, 0.5, 0.5, 0.05, 0.5, 0.5, 0.0, 0.0, 0.0, 0.030000000000000002, 0.255, 0.0, 0.0, 0.0];[0.383977179217756, -1.461888781673291, -5.845346902904408, 0.6451037980646979, -0.4, -2.9249308953768978, -14.0, -14.0, -1.0, 0.0, 0.0, -1.0, 0.0, 0.0, 0.02845765859149174];8.405722700001206;17.09468629999901
493;[28.02804347382118, 1104.8333795119834, 118.79397614103445];True;False;[0.0, 7.25, 1.4500000000000002, 0.0, 0.0, 12.38000235236138, 0.5, 0.5, 14756.024333779365, 10500.0, 10500.0, 0.0, 3.0, 0.0, 0.025, 0.055999112257248296, 0.0, 0.0, 0.05, 0.5, 0.5, 0.05, 0.5, 0.5, 0.03041460034680124, 0.0, 0.0, 0.05, 0.5, 0.5, 0.05, 0.5, 0.5, 0.0, 0.0, 0.0, 0.030000000000000002, 0.255, 0.0, 0.0, 0.0];[0.37729499463962224, -1.463610110637818, -5.525131895151127, 0.6526481445650334, -0.4, -2.6199976476386198, -14.0, -14.0, -1.0, 0.0, 0.0, -1.0, 0.0, 0.0, 0.029181677052609323];9.971651399995608;17.09468629999901
494;[25.96627233593563, 1301.5439667990142, 118.03277542844066];True;False;[0.0, 7.25, 1.4500000000000002, 0.0, 1.0, 14.210654153836366, 0.5079205190668663, 0.5, 6076.452577494117, 12971.167489306481, 10500.0, 0.0, 3.0, 0.0, 0.025, 0.05545581850422248, 0.18414154972043997, 0.0, 0.050888614672757654, 0.5025637528413309, 0.0, 0.05, 0.5, 0.5, 0.013988128336697546, 0.30291602646486204, 0.0, 0.04813394988214027, 0.3249285798554402, 0.0, 0.05, 0.5, 0.5, 0.0, 0.0, 0.0, 0.030000000000000002, 0.255, 0.0, 0.0, 0.0];[0.9805483509916444, -1.4066626517117515, -2.673844206126171, 0.6544247459399211, -0.3920794809331337, -11.289548287770247, -11.17010130949888, -14.0, -0.81585845027956, -0.4974362471586691, 0.0, -0.697083973535138, -0.6750714201445598, 0.0, 0.01802711652098954];25.748191300001054;17.09468629999901
495;[26.902408705217606, 1146.692956720021, 118.4782797663162];True;False;[0.0, 7.25, 1.4500000000000002, 0.0, 0.0, 14.103306674398375, 0.5, 0.5, 13165.761094540294, 10500.0, 10500.0, 0.0, 3.0, 0.0, 0.025, 0.049768213890154324, 0.0, 0.0, 0.05, 0.5, 0.5, 0.05, 0.5, 0.5, 0.0681647377885039, 0.0, 0.0, 0.05, 0.5, 0.5, 0.05, 0.5, 0.5, 0.0, 0.0, 0.0, 0.030000000000000002, 0.255, 0.0, 0.0, 0.0];[0.41085962869790205, -1.4549638698594134, -3.634193915088078, 0.667534587987316, -0.4, -0.8966933256016247, -14.0, -14.0, -1.0, 0.0, 0.0, -1.0, 0.0, 0.0, 0.025564837907620985];10.141740000006394;17.09468629999901
496;[28.67033331227411, 1074.3737953533835, 119.10246301114444];True;False;[0.0, 7.25, 1.4500000000000002, 0.0, 0.0, 12.081737277503137, 0.5, 0.5, 14182.65364321788, 10500.0, 10500.0, 0.0, 3.0, 0.0, 0.025, 0.024304465979653956, 0.0, 0.0, 0.05, 0.5, 0.5, 0.05, 0.5, 0.5, 0.023482217367659573, 0.0, 0.0, 0.05, 0.5, 0.5, 0.05, 0.5, 0.5, 0.0, 0.0, 0.0, 0.030000000000000002, 0.255, 0.0, 0.0, 0.0];[0.3255626299920875, -1.4769363539688847, -5.838390908664239, 0.664706114700871, -0.4, -2.9182627224968627, -14.0, -14.0, -1.0, 0.0, 0.0, -1.0, 0.0, 0.0, 0.034854760500315884];10.308823499995924;10.140582200001518
497;[28.227041644230994, 1094.2931224326412, 118.90398058495165];True;False;[0.0, 7.25, 1.4500000000000002, 0.0, 0.0, 12.334734851298425, 0.5, 0.5, 10346.630790224308, 10500.0, 10500.0, 0.0, 3.0, 0.0, 0.025, 0.025058907373481116, 0.0, 0.0, 0.05, 0.5, 0.5, 0.05, 0.5, 0.5, 0.04738912362981845, 0.0, 0.0, 0.05, 0.5, 0.5, 0.05, 0.5, 0.5, 0.0, 0.0, 0.0, 0.030000000000000002, 0.255, 0.0, 0.0, 0.0];[0.3578039492066454, -1.4686309987411623, -5.572941848594532, 0.6584291072256392, -0.4, -2.6652651487015753, -14.0, -14.0, -1.0, 0.0, 0.0, -1.0, 0.0, 0.0, 0.03130492126286866];10.06654079999862;10.140582200001518
498;[28.112452209636142, 1092.2669778263212, 118.96178511407726];True;False;[0.0, 7.25, 1.4500000000000002, 0.0, 0.0, 12.850041237957672, 0.5, 0.5, 16126.21970386129, 10500.0, 10500.0, 0.0, 3.0, 0.0, 0.025, 0.04369442509090563, 0.0, 0.0, 0.05, 0.5, 0.5, 0.05, 0.5, 0.5, 0.01887521486808104, 0.0, 0.0, 0.05, 0.5, 0.5, 0.05, 0.5, 0.5, 0.0, 0.0, 0.0, 0.030000000000000002, 0.255, 0.0, 0.0, 0.0];[0.33904612708429305, -1.4734630087153164, -5.023055409729011, 0.673539656007871, -0.4, -2.1499587620423277, -14.0, -14.0, -1.0, 0.0, 0.0, -1.0, 0.0, 0.0, 0.033364443520779274];10.886738699999114;10.140582200001518
499;[28.935418260079338, 1065.2696567445205, 119.18331931036113];True;False;[0.0, 7.25, 1.4500000000000002, 0.0, 0.0, 11.806297423772975, 0.5, 0.5, 14120.887756757738, 10500.0, 10500.0, 0.0, 3.0, 0.0, 0.025, 0.028538584918947535, 0.0, 0.0, 0.05, 0.5, 0.5, 0.05, 0.5, 0.5, 0.009655980191312918, 0.0, 0.0, 0.05, 0.5, 0.5, 0.05, 0.5, 0.5, 0.0, 0.0, 0.0, 0.030000000000000002, 0.255, 0.0, 0.0, 0.0];[0.3154888374034224, -1.4795313602520486, -6.123992902641028, 0.6629015208457978, -0.4, -3.1937025762270252, -14.0, -14.0, -1.0, 0.0, 0.0, -1.0, 0.0, 0.0, 0.03597365332807856];10.59169010000187;10.140582200001518
500;[28.407854580205584, 1087.9085471011895, 118.95796076265103];True;False;[0.0, 7.25, 1.4500000000000002, 0.0, 0.0, 12.123244659119477, 0.5, 0.5, 12632.877744896536, 10500.0, 10500.0, 0.0, 3.0, 0.0, 0.025, 0.029988246634059596, 0.0, 0.0, 0.05, 0.5, 0.5, 0.05, 0.5, 0.5, 0.03654256881181024, 0.0, 0.0, 0.05, 0.5, 0.5, 0.05, 0.5, 0.5, 0.0, 0.0, 0.0, 0.030000000000000002, 0.255, 0.0, 0.0, 0.0];[0.35136079709379775, -1.4702907530064067, -5.7950453034343266, 0.6568506799865186, -0.4, -2.876755340880523, -14.0, -14.0, -1.0, 0.0, 0.0, -1.0, 0.0, 0.0, 0.03201055388208218];10.473456700005045;10.140582200001518
