eval_id;objectives;objectives_maxspace;cv;is_feasible;variables;evaluation_time;algorithm_time;workdir
1;[3.5386139520000026, -2.4999999999985287];[-3.5386139520000026, 2.4999999999985287];0.0;True;[-1.6001085585399002, -1.5548678516281433, -2.471125170227537, -1.9167167473460758, 3.448681838997336, -0.5251585189677019, 3.00957938959227, 2.239481482267162, -3.985027465169164, -0.020007930995955547];149.31217079999624;1607.7444939999987;C:\Users\guoji\Desktop\python3_11_test\suite\runners\LayeredBeam\runs\LB\sim_436299
2;[3.3156028080000013, -2.499999999999566];[-3.3156028080000013, 2.499999999999566];0.0;True;[-0.36386760441707544, -3.4806337052229095, -2.4095627964000554, -2.717692454729883, 3.5361298369235747, 0.7747306635110887, -3.4904402616894203, -4.7044018553283244, 0.6166467306937697, -1.4607453325205366];149.45858379999845;;C:\Users\guoji\Desktop\python3_11_test\suite\runners\LayeredBeam\runs\LB\sim_419287
3;[3.725008992000012, -1.7185764];[-3.725008992000012, 1.7185764];0.0;True;[-2.373964424437488, -4.914168942756422, 2.85194677761506, 0.753983907810599, 0.2528174757257373, -0.6432470733278226, 2.6501147242528864, -2.663531468715502, 4.714750558624061, 4.625399882637431];149.10419049999473;;C:\Users\guoji\Desktop\python3_11_test\suite\runners\LayeredBeam\runs\LB\sim_578445
4;[3.9822507360000037, -2.4999999999996034];[-3.9822507360000037, 2.4999999999996034];0.0;True;[-1.303735812689263, 3.792363586427525, 4.8919865034593535, -0.17217679779880335, 4.010492157072475, -0.32353972002783493, -3.7246731223056537, 4.784551980007569, 4.504955437962639, 0.7032081616921593];149.1583621999962;;C:\Users\guoji\Desktop\python3_11_test\suite\runners\LayeredBeam\runs\LB\sim_688398
5;[3.1424770800000115, -2.499999999999626];[-3.1424770800000115, 2.499999999999626];0.0;True;[-2.3237030168770776, -4.099926433334048, 0.7295120211926616, -1.9120260119919, -1.6633710288116434, 1.2552924084254595, -4.813550963135103, -2.091865827536804, -3.5312984608876077, -3.2640218916564887];146.55934649999836;;C:\Users\guoji\Desktop\python3_11_test\suite\runners\LayeredBeam\runs\LB\sim_376460
6;[3.8363068800000013, -2.3123322];[-3.8363068800000013, 2.3123322];0.0;True;[2.398962061961475, 2.4963107643343374, 1.4052673345237956, -1.6531242302178653, -2.2271647009585926, 3.022353358469058, 3.9191692714939244, 0.46877263697292015, 1.2307741416792686, -0.6545154551034056];167.73749020000105;;C:\Users\guoji\Desktop\python3_11_test\suite\runners\LayeredBeam\runs\LB\sim_386432
7;[3.8863471680000012, -2.4999999999990754];[-3.8863471680000012, 2.4999999999990754];0.0;True;[2.178896080402848, 1.217570976865594, 1.6509216648483962, 0.3522059819678187, -1.6458099615500856, 4.212246741461808, 3.998189025267415, -4.0481488554649445, 3.2379834355367194, 1.5694442381422498];173.16131250000035;;C:\Users\guoji\Desktop\python3_11_test\suite\runners\LayeredBeam\runs\LB\sim_873756
8;[3.452200776000003, -2.4999999999711813];[-3.452200776000003, 2.4999999999711813];0.0;True;[-3.597301041265343, -1.7530214556985513, 3.1660019034354665, 0.48639284112370795, -3.9251550451787987, -0.23439921887019377, -0.5781049038637036, -2.286614873005327, 2.2267628892584304, -0.8804277099195374];177.22671589999663;;C:\Users\guoji\Desktop\python3_11_test\suite\runners\LayeredBeam\runs\LB\sim_369023
9;[3.686804208000008, -2.4999999999983475];[-3.686804208000008, 2.4999999999983475];0.0;True;[0.5552993931913743, -2.032700892945385, 0.9177515188120013, 0.689491512808126, 4.89993684682746, -4.45200477773339, 2.5504700602334642, 4.924565964197527, -2.6329829773214772, -1.9344049510370431];172.42637610000384;;C:\Users\guoji\Desktop\python3_11_test\suite\runners\LayeredBeam\runs\LB\sim_785338
10;[3.723168888000006, -1.065835];[-3.723168888000006, 1.065835];0.0;True;[-0.939791865141685, -4.547214826355105, 3.657710281448871, 1.9340499960688522, 1.6551917647545196, 2.4850614538920732, -3.921389326791024, -2.6544732781191493, 3.068888949785544, 4.430900760902745];170.10134760000074;;C:\Users\guoji\Desktop\python3_11_test\suite\runners\LayeredBeam\runs\LB\sim_571103
11;[3.7138525920000083, -2.3799314];[-3.7138525920000083, 2.3799314];0.0;True;[-2.2856921319413734, -1.5586733477652404, 2.521590433392551, -2.587189291184969, 1.5128760705562527, 2.7000862524244598, 1.6020085178282901, 0.6864432987702003, -1.7107562222319093, 3.856928818619185];159.0819677000036;;C:\Users\guoji\Desktop\python3_11_test\suite\runners\LayeredBeam\runs\LB\sim_761010
12;[3.7981938960000017, -2.4999999999978018];[-3.7981938960000017, 2.4999999999978018];0.0;True;[-3.445748690608105, -1.21684096209664, 0.2473190839903694, 3.8492053326909, 1.4234120552783889, -3.958429289493748, 2.238480501054391, 4.674604447843354, 1.8736195882735904, 2.956722139097975];161.596269200003;;C:\Users\guoji\Desktop\python3_11_test\suite\runners\LayeredBeam\runs\LB\sim_655489
13;[3.5463858480000026, -2.3706272];[-3.5463858480000026, 2.3706272];0.0;True;[-0.6291220674450546, -1.1247993095483877, 0.3415837855887558, 3.417516158441737, -2.095562487418107, -3.0837300337577256, -4.487361531467323, -0.222702744386444, 0.5809109849636211, 4.287796207805783];164.39317850000225;;C:\Users\guoji\Desktop\python3_11_test\suite\runners\LayeredBeam\runs\LB\sim_106187
14;[3.4490322720000104, -1.9677525999999999];[-3.4490322720000104, 1.9677525999999999];0.0;True;[-2.153090491252563, -3.1685693662045553, 1.5380428739395153, -2.814700199648917, 4.514990423932284, 4.780166930192703, -4.240368216965321, 0.4988743457671605, -3.6074541946367433, -2.870467018082219];165.50926130000153;;C:\Users\guoji\Desktop\python3_11_test\suite\runners\LayeredBeam\runs\LB\sim_865863
15;[3.6183557520000074, -2.499999999997576];[-3.6183557520000074, 2.499999999997576];0.0;True;[1.1746115015120306, -4.862030001204424, 3.726971554953151, 2.190158069706202, 1.3643061144105335, 1.2130358840958095, 0.6434472101895663, -3.231405683283042, 2.8522523088309537, -4.754891713656331];166.2713666999989;;C:\Users\guoji\Desktop\python3_11_test\suite\runners\LayeredBeam\runs\LB\sim_154328
16;[3.7533132000000107, -2.499999999999357];[-3.7533132000000107, 2.499999999999357];0.0;True;[0.49186249336294985, -2.8318761580405463, 3.713099765357807, -1.5130842392576072, 0.92921483954599, -1.1290917611879578, -0.17108767952597148, 2.606428951806649, 3.935828497007803, 0.5331941528719364];154.17862009999953;;C:\Users\guoji\Desktop\python3_11_test\suite\runners\LayeredBeam\runs\LB\sim_947135
17;[3.4851379680000125, -2.42774489];[-3.4851379680000125, 2.42774489];0.0;True;[1.72587841191101, 0.9110622368928674, -2.8099402083333036, -1.79531429022455, 0.7586462012582418, -4.762689447035877, 1.496936493706304, -0.052256230055006014, -4.036160679421171, 2.7128168418013674];163.40379270000267;;C:\Users\guoji\Desktop\python3_11_test\suite\runners\LayeredBeam\runs\LB\sim_864890
18;[3.271121496000007, -2.4999999999972395];[-3.271121496000007, 2.4999999999972395];0.0;True;[-1.1177281553047758, -2.0218583200731945, -2.2737719741815132, 2.2130341794900135, -1.7344034606672976, -4.859306795092734, -2.752543423020488, -4.406893720056946, 2.8340683717328297, -1.6398103288114285];160.25771000000532;;C:\Users\guoji\Desktop\python3_11_test\suite\runners\LayeredBeam\runs\LB\sim_563962
19;[4.028452272000008, -2.4999999999959917];[-4.028452272000008, 2.4999999999959917];0.0;True;[2.728308072631341, 3.2181028923894885, 3.1202600255674326, 4.62202812120092, -4.515598717928687, -2.0186428843600837, 4.779192926647376, 2.6399797578241664, 4.8407824007188776, -0.11200983806446807];158.49177300000156;;C:\Users\guoji\Desktop\python3_11_test\suite\runners\LayeredBeam\runs\LB\sim_510235
20;[3.4055957520000013, -2.4999999999974913];[-3.4055957520000013, 2.4999999999974913];0.0;True;[4.252579891060055, -2.538102332029424, -4.322424468501474, -1.1884887943479718, -4.375559271725389, 0.520082993244813, 0.0978417147856172, -3.2346634464685717, 4.047932292895979, -2.7927097176160554];156.0549575000041;;C:\Users\guoji\Desktop\python3_11_test\suite\runners\LayeredBeam\runs\LB\sim_126924
21;[3.5552269440000117, -2.4999999999990545];[-3.5552269440000117, 2.4999999999990545];0.0;True;[-2.7066621463997187, -3.8116938576016324, 1.5172746471917362, -3.1813231925737986, -2.2177004265104405, -0.11721079904680565, 3.3925792207784244, 3.798751846562551, 2.241557729084036, -1.5217479585471683];153.68373409999913;;C:\Users\guoji\Desktop\python3_11_test\suite\runners\LayeredBeam\runs\LB\sim_889830
22;[3.4615263600000086, -2.499999999999573];[-3.4615263600000086, 2.499999999999573];0.0;True;[1.9991241419829162, -1.1433823620342096, -3.4831677072237124, -1.9138872391064519, -0.6787037035923191, 1.5191209919204294, 4.256549146984584, -4.749737880274846, -4.859668293492012, 2.109608740774174];160.35271980000107;;C:\Users\guoji\Desktop\python3_11_test\suite\runners\LayeredBeam\runs\LB\sim_421229
23;[3.4693706160000004, -2.4999999999984706];[-3.4693706160000004, 2.4999999999984706];0.0;True;[-2.2524593143373375, -1.3269026148782617, -2.494867206607597, 0.49894193505204765, 2.6876045349434, 1.7915926087447005, -0.27374249100882864, -1.8873466640930516, 0.5612002285687323, -3.885034726184231];161.43876640000235;;C:\Users\guoji\Desktop\python3_11_test\suite\runners\LayeredBeam\runs\LB\sim_175168
24;[3.6092308320000015, -2.499999999995156];[-3.6092308320000015, 2.499999999995156];0.0;True;[0.10580856241291059, 3.8327983506955388, -0.673879086251155, -2.157569383836131, -1.1598622664127523, -4.582847542643494, -4.3818612264753245, 3.502597128625336, 2.5825416304421935, 2.8262515519020157];162.70111909999832;;C:\Users\guoji\Desktop\python3_11_test\suite\runners\LayeredBeam\runs\LB\sim_851212
25;[3.6269804160000003, -2.499999999997189];[-3.6269804160000003, 2.499999999997189];0.0;True;[2.3126237525916267, 2.9304133048551293, 1.7711703188364334, 2.1792576297442823, 2.1185876357104068, -0.7533718005473187, -3.6785651139719566, -3.644027822367417, 1.518155211904725, -4.038460207397221];159.04718229999708;;C:\Users\guoji\Desktop\python3_11_test\suite\runners\LayeredBeam\runs\LB\sim_176558
26;[3.500835336000013, -2.0789942];[-3.500835336000013, 2.0789942];0.0;True;[1.488182151728818, -3.429355019302408, 1.6751603044940433, 2.7330950471241087, -2.1905091692591947, 1.8887811766022278, -3.8048721413563955, -2.948811134464319, -1.961990300658086, 1.4260311104368375];162.04357019999588;;C:\Users\guoji\Desktop\python3_11_test\suite\runners\LayeredBeam\runs\LB\sim_16162
27;[3.833741448000014, -2.3881843];[-3.833741448000014, 2.3881843];0.0;True;[0.5538679051319448, -1.3994066918922088, 1.8253514677148566, 3.350684556886499, -4.47706843880165, 4.971694231141706, 4.109882629417527, 1.9460759992814447, 3.7756376222935, -4.36869388406513];155.87525719999394;;C:\Users\guoji\Desktop\python3_11_test\suite\runners\LayeredBeam\runs\LB\sim_287544
28;[3.786847848000013, -2.4999999998777334];[-3.786847848000013, 2.4999999998777334];0.0;True;[-2.3099140329406795, -3.7358717073869583, 2.8344497316060906, 2.7685593404184914, 0.02048660488495191, 4.748391843104779, 3.711195867364852, -0.15901046840212274, 3.307065002073154, -3.068330313643898];155.20166800000152;;C:\Users\guoji\Desktop\python3_11_test\suite\runners\LayeredBeam\runs\LB\sim_601824
29;[3.612204720000012, -2.494189445];[-3.612204720000012, 2.494189445];0.0;True;[3.445633959162338, 4.20817546840569, 0.41278925636895725, -4.384031550389793, -2.3598239126371565, -0.07101090505629593, 2.6707045797487963, -2.4132024318227883, -4.362490660475956, 2.8849522893991733];157.40289469999698;;C:\Users\guoji\Desktop\python3_11_test\suite\runners\LayeredBeam\runs\LB\sim_594942
30;[3.240777816000004, -1.057607];[-3.240777816000004, 1.057607];0.0;True;[-3.976256725063961, -3.7827241903247177, -3.5372543304486923, -1.8758869238426366, 4.73314409293789, 4.084662514329258, -0.47241529997024934, -4.62146051329257, -3.008602150315901, -4.7072245525844085];170.7126883999954;;C:\Users\guoji\Desktop\python3_11_test\suite\runners\LayeredBeam\runs\LB\sim_811747
31;[4.027734936000005, -2.4999999999990883];[-4.027734936000005, 2.4999999999990883];0.0;True;[-1.7259839014835898, 4.778323147034454, -2.3790670571365427, 1.846774939525253, 4.649544598669413, 3.875313388926932, 3.1200102284489066, 1.3734322713413967, 1.3054743224035006, 2.4253984884066773];153.89998449999985;;C:\Users\guoji\Desktop\python3_11_test\suite\runners\LayeredBeam\runs\LB\sim_686726
32;[3.740782392, -2.0447172];[-3.740782392, 2.0447172];0.0;True;[4.0671719849340775, -4.839510160273017, -1.2794652118092809, 1.8220076054401613, 0.7728331066497045, 1.6584773366957686, 3.8566285605436583, -3.4359190150202834, 1.3583543949588561, 2.003794394861485];157.7299084000042;;C:\Users\guoji\Desktop\python3_11_test\suite\runners\LayeredBeam\runs\LB\sim_814809
33;[3.598257816000011, -2.4999999999986033];[-3.598257816000011, 2.4999999999986033];0.0;True;[-0.8481021856966287, -4.748407487259316, -3.2382657424087755, 3.9937084532640057, -4.77533071207671, 2.525059175902191, 3.697162506743311, -0.13168310421302998, 1.3207740657104017, 1.5911307815025886];155.07987059999869;;C:\Users\guoji\Desktop\python3_11_test\suite\runners\LayeredBeam\runs\LB\sim_389005
34;[3.4834542480000064, -2.499999999999355];[-3.4834542480000064, 2.499999999999355];0.0;True;[-2.2023301202351897, -2.3835282512792366, -4.0934943488877105, -0.7721892338163556, 2.447878188966639, -0.7020241648487682, -1.4211405676650148, 2.717861147756894, 0.009564954321932717, 0.4704580430937586];155.00724850000552;;C:\Users\guoji\Desktop\python3_11_test\suite\runners\LayeredBeam\runs\LB\sim_46459
35;[3.332648448000006, -2.499999998678885];[-3.332648448000006, 2.499999998678885];0.0;True;[2.3547859817921424, -3.518562934792666, -4.964434187858894, -0.2596538508380819, -1.659555454518875, -2.5837188208200956, -0.7799811515991886, -1.101245923661148, -3.5592448798906684, 3.160867444971087];160.15144169999985;;C:\Users\guoji\Desktop\python3_11_test\suite\runners\LayeredBeam\runs\LB\sim_738616
36;[3.6473369040000008, -2.499999999999336];[-3.6473369040000008, 2.499999999999336];0.0;True;[-4.519571248567285, 0.830541374759707, -1.0173231982295583, -2.2387757247958096, 2.7119609572833614, -1.1504617988877253, 2.6788554890444596, 3.9500981791450247, 1.2052166677363392, -0.7923503359420412];154.9912000999975;;C:\Users\guoji\Desktop\python3_11_test\suite\runners\LayeredBeam\runs\LB\sim_298925
37;[3.690569520000006, -2.4999999999968505];[-3.690569520000006, 2.4999999999968505];0.0;True;[4.133951284123416, 1.399968179428928, 3.16536475998155, 0.03141524356503034, 2.6571454223169324, -0.8063259413394599, -3.609969747394859, 0.1776810595113787, -3.658111215280573, 0.16856092604265527];162.43967520000297;;C:\Users\guoji\Desktop\python3_11_test\suite\runners\LayeredBeam\runs\LB\sim_242445
38;[3.5591317920000005, -2.0347189];[-3.5591317920000005, 2.0347189];0.0;True;[-4.186054604678272, -1.3636235789004525, 4.214591228588061, 0.13363300450941296, 0.14908408211784518, -1.5519043241426864, 2.7902216166945504, -2.003000507293573, 3.941300125546878, -4.549629939333062];161.40835339999467;;C:\Users\guoji\Desktop\python3_11_test\suite\runners\LayeredBeam\runs\LB\sim_122749
39;[3.1711603680000118, -2.499999999998406];[-3.1711603680000118, 2.499999999998406];0.0;True;[-4.1738793270607575, 2.6067569029414317, -4.146840803080641, -4.302932562391972, -4.744646086583413, 2.397797029930447, 2.746942906496761, -3.592173845424247, -2.3184266938833256, -4.859642145097199];162.47776950000116;;C:\Users\guoji\Desktop\python3_11_test\suite\runners\LayeredBeam\runs\LB\sim_534638
40;[3.7152753840000026, -1.9711903];[-3.7152753840000026, 1.9711903];0.0;True;[3.2976537538834574, 1.4214147478880292, -3.760521970071812, 4.033606282941795, 4.076947359203411, -0.8172296054713959, 3.85763988695021, 0.9878442058743584, -3.3378043110939917, -4.9560244894422745];162.2181536000062;;C:\Users\guoji\Desktop\python3_11_test\suite\runners\LayeredBeam\runs\LB\sim_204092
41;[3.7849723200000103, -2.4999999999998166];[-3.7849723200000103, 2.4999999999998166];0.0;True;[-3.0183473761336908, 1.2059540832328004, 4.474457164091149, 1.1811781565000725, 1.7889567972004716, 2.9070156992581175, -3.115491843802307, 3.9766685944546296, 1.4134115989155251, -2.783566535766062];156.78991050000332;;C:\Users\guoji\Desktop\python3_11_test\suite\runners\LayeredBeam\runs\LB\sim_525044
42;[3.6879267600000016, -2.499999999997893];[-3.6879267600000016, 2.499999999997893];0.0;True;[-4.504001170282338, 1.9770195902854129, 1.7898367101195989, -1.080437610131706, -1.3921697046416814, 3.6211298507632375, -2.0500568872560834, 0.21262622756055904, 1.0040801797670529, 3.9593216291251956];155.85186280000198;;C:\Users\guoji\Desktop\python3_11_test\suite\runners\LayeredBeam\runs\LB\sim_232242
43;[3.983366808000002, -2.499999999999271];[-3.983366808000002, 2.499999999999271];0.0;True;[4.297313712224941, 1.225502170381735, 4.008139507557555, -1.636600211664824, 0.660032886070713, 3.1302842541604843, 2.5253109022790827, 4.603745803509412, -0.1417309561847251, -1.4568717341956052];153.60196279999946;;C:\Users\guoji\Desktop\python3_11_test\suite\runners\LayeredBeam\runs\LB\sim_19433
44;[3.517028640000003, -2.137269];[-3.517028640000003, 2.137269];0.0;True;[0.6776229106831799, -0.41744586156701313, -1.1100943046998593, -4.189720509655473, -3.2915905968054124, 4.777733556030782, 0.35329399457756594, -3.043238610830943, 0.8292317983105768, 1.0396223321556217];154.78142320000188;;C:\Users\guoji\Desktop\python3_11_test\suite\runners\LayeredBeam\runs\LB\sim_424604
45;[3.757036392000007, -2.1284139];[-3.757036392000007, 2.1284139];0.0;True;[-0.49025427099355223, -3.3899623701880643, 1.5186048814923456, -0.6303034997078836, 4.096971799063121, 1.979315040812752, 3.3055872040681713, 1.8851794957703119, 1.156591005095473, -2.694849437104736];156.92083450000064;;C:\Users\guoji\Desktop\python3_11_test\suite\runners\LayeredBeam\runs\LB\sim_988039
46;[3.364482528000007, -2.1390143];[-3.364482528000007, 2.1390143];0.0;True;[3.238729085864062, -3.1947239189765453, -2.7821032210462358, -3.863380069769944, 4.269709556665202, 1.3551417368440344, -3.274162348160891, -3.911504918621478, -3.7708287372200147, 0.4961925472028632];158.5857787999994;;C:\Users\guoji\Desktop\python3_11_test\suite\runners\LayeredBeam\runs\LB\sim_857386
47;[3.732857136000009, -2.499999999996627];[-3.732857136000009, 2.499999999996627];0.0;True;[-2.006478914393164, 2.2573895548337077, -4.162903288858112, 4.204573157967374, 1.3724010832154532, -0.9617171931100321, 1.1503485781620366, 0.32992655094719403, 0.7104849506962276, 2.7234409805382933];154.85859869999695;;C:\Users\guoji\Desktop\python3_11_test\suite\runners\LayeredBeam\runs\LB\sim_730410
48;[3.4349469120000116, -2.4999999999870894];[-3.4349469120000116, 2.4999999999870894];0.0;True;[-1.3152287192171395, -2.671823495820589, -2.424492476937731, 1.6756455022534666, 0.8129250757685913, -0.45395059018574546, -2.4021844926400915, -0.6980508845437985, -3.3341905839136987, 2.63671728478144];157.98998189999838;;C:\Users\guoji\Desktop\python3_11_test\suite\runners\LayeredBeam\runs\LB\sim_802759
49;[3.9923606160000014, -1.7284229];[-3.9923606160000014, 1.7284229];0.0;True;[2.2860095247946175, 2.7417592003705185, -1.1358364703981785, 3.6445157174480567, 2.0268005303073178, -1.65284531545998, 0.7568209442937501, 1.8114789427400426, 3.0697130304016103, 4.083063789716471];153.38467189999938;;C:\Users\guoji\Desktop\python3_11_test\suite\runners\LayeredBeam\runs\LB\sim_929268
50;[3.386486016000001, -2.4999999999979616];[-3.386486016000001, 2.4999999999979616];0.0;True;[-4.284829669352473, 2.7059817749808683, -2.099413949106644, -2.639105781765233, -1.9360104505901345, -0.5702837834026662, 3.769008399464406, -3.9931276787024728, 0.4257780281032053, -1.7962119240642815];147.9708238999956;;C:\Users\guoji\Desktop\python3_11_test\suite\runners\LayeredBeam\runs\LB\sim_774161
51;[2.563830360000005, -2.490332433];[-2.563830360000005, 2.490332433];0.0;True;[-5.0, -5.0, -5.0, -5.0, -5.0, -5.0, -5.0, -5.0, -3.5041531805770116, -5.0];152.06334070000594;16.42241340000328;C:\Users\guoji\Desktop\python3_11_test\suite\runners\LayeredBeam\runs\LB\sim_779109
52;[2.8812408480000107, -2.4999999999985834];[-2.8812408480000107, 2.4999999999985834];0.0;True;[-5.0, -5.0, -0.8312591921648602, -5.0, 0.3100694439776275, -5.0, -5.0, -5.0, 0.6115838296403, -3.899611640142247];150.60556859999633;16.42241340000328;C:\Users\guoji\Desktop\python3_11_test\suite\runners\LayeredBeam\runs\LB\sim_83957
53;[2.787607008000001, 0.321844];[-2.787607008000001, -0.321844];0.0;True;[-5.0, -5.0, -5.0, -5.0, -5.0, 0.16800398154730445, -5.0, 1.6878719575792989, -5.0, -5.0];150.38852070000576;16.42241340000328;C:\Users\guoji\Desktop\python3_11_test\suite\runners\LayeredBeam\runs\LB\sim_965944
54;[2.962223568000008, -2.497314957];[-2.962223568000008, 2.497314957];0.0;True;[-5.0, -5.0, -5.0, -1.7369510320187076, -1.62746895937323, 3.2803104885732246, -5.0, -5.0, 0.02406932679779672, -5.0];148.12039280000317;16.42241340000328;C:\Users\guoji\Desktop\python3_11_test\suite\runners\LayeredBeam\runs\LB\sim_115852
55;[3.179534256000011, -2.2006004];[-3.179534256000011, 2.2006004];0.0;True;[-3.2873634010187276, -5.0, -5.0, 0.6557011033511904, -4.429736520604253, -1.0493743786160619, -5.0, -1.5934920027102866, 3.6183389935654144, 1.0865809933252768];145.8649046999999;16.42241340000328;C:\Users\guoji\Desktop\python3_11_test\suite\runners\LayeredBeam\runs\LB\sim_643028
56;[2.693371176000006, -2.499999999992814];[-2.693371176000006, 2.499999999992814];0.0;True;[-3.67655522796539, -5.0, -5.0, -5.0, -5.0, -5.0, -5.0, -4.109355196362768, 0.27901790155362516, -5.0];162.79399299999932;8.688971900002798;C:\Users\guoji\Desktop\python3_11_test\suite\runners\LayeredBeam\runs\LB\sim_347771
57;[2.9680788960000095, -1.189547];[-2.9680788960000095, 1.189547];0.0;True;[5.0, -2.2771267987895536, -5.0, -5.0, -4.349887705457735, -4.8864418604462445, -5.0, -2.959610740481533, -0.31587982903246115, -5.0];166.05941029999667;8.688971900002798;C:\Users\guoji\Desktop\python3_11_test\suite\runners\LayeredBeam\runs\LB\sim_109201
58;[2.794432608000011, -2.4999999996881455];[-2.794432608000011, 2.4999999996881455];0.0;True;[-5.0, -5.0, -5.0, -0.21780845637250312, -5.0, 0.6073680736073932, -5.0, -3.2176898244014485, -5.0, -5.0];164.61464400000114;8.688971900002798;C:\Users\guoji\Desktop\python3_11_test\suite\runners\LayeredBeam\runs\LB\sim_893145
59;[2.86855387200001, -2.4999999999988654];[-2.86855387200001, 2.4999999999988654];0.0;True;[-4.784196591510664, -5.0, -4.38105218803818, -4.827394454632, -5.0, 3.028655725894007, -5.0, -5.0, 1.532265754911517, -4.964850441703449];161.29905780000263;8.688971900002798;C:\Users\guoji\Desktop\python3_11_test\suite\runners\LayeredBeam\runs\LB\sim_23407
60;[2.92535798400001, -2.497365032];[-2.92535798400001, 2.497365032];0.0;True;[-5.0, -5.0, 4.585990486280963, -5.0, -4.988648530824887, -4.926993466186562, -3.090965052060687, -5.0, 1.472586212893665, -4.818739136209698];175.7051089000015;8.688971900002798;C:\Users\guoji\Desktop\python3_11_test\suite\runners\LayeredBeam\runs\LB\sim_783580
61;[3.0441532320000104, -2.0201029];[-3.0441532320000104, 2.0201029];0.0;True;[-4.189232176588705, -5.0, -5.0, 0.06739043110557041, -2.359978148237252, -0.6162430310033189, -5.0, -4.229693163418019, 3.5593178707679023, -3.4985406154422103];158.26330349999625;12.814942999997584;C:\Users\guoji\Desktop\python3_11_test\suite\runners\LayeredBeam\runs\LB\sim_875708
62;[2.97852487200001, -2.4999999999933205];[-2.97852487200001, 2.4999999999933205];0.0;True;[0.28240096872525555, -5.0, -5.0, -5.0, -2.327830859010403, 0.88713615426692, -5.0, -5.0, -0.699760449686555, -2.4472796489088684];161.23263589999988;12.814942999997584;C:\Users\guoji\Desktop\python3_11_test\suite\runners\LayeredBeam\runs\LB\sim_881137
63;[3.098221272000004, -1.386707];[-3.098221272000004, 1.386707];0.0;True;[-2.3237030168770776, -4.099926433334048, 0.7295120211926616, -1.9042052136093979, -1.7207177209414573, 1.2552924084254595, -4.813550963135103, -4.091256892232931, -3.5312984608876077, -3.2640218916564887];165.80545500000153;12.814942999997584;C:\Users\guoji\Desktop\python3_11_test\suite\runners\LayeredBeam\runs\LB\sim_108696
64;[2.943998568000011, -2.499999999996269];[-2.943998568000011, 2.499999999996269];0.0;True;[-2.3764906978221494, -5.0, 0.831778953999458, -5.0, -5.0, 1.4140016857500148, -5.0, -4.027998670056323, -3.4869468642005805, -3.258103619413841];164.04523640000116;12.814942999997584;C:\Users\guoji\Desktop\python3_11_test\suite\runners\LayeredBeam\runs\LB\sim_707767
65;[2.8339141680000095, -1.169462];[-2.8339141680000095, 1.169462];0.0;True;[-4.808528548133336, -4.993741833949749, -4.369987628741328, -4.860060379601757, -1.6633710288116434, 1.259854217553606, -4.80604312121798, -4.963082107554854, -3.5312984608876077, -3.2640218916564887];163.78322190000472;12.814942999997584;C:\Users\guoji\Desktop\python3_11_test\suite\runners\LayeredBeam\runs\LB\sim_242416
66;[2.7168300720000067, -2.4999999999986113];[-2.7168300720000067, 2.4999999999986113];0.0;True;[-5.0, -1.8280274458378507, -5.0, -5.0, -5.0, -3.7155683005788775, -5.0, -5.0, -0.877224571573568, -5.0];162.11028819999774;12.752748699997028;C:\Users\guoji\Desktop\python3_11_test\suite\runners\LayeredBeam\runs\LB\sim_923387
67;[2.6316068400000088, -2.3246037];[-2.6316068400000088, 2.3246037];0.0;True;[-4.982477078594741, -5.0, -5.0, -5.0, -5.0, -4.783691059996718, -5.0, -2.1037976583130424, -3.5041531805770116, -4.992243922452723];163.42798989999574;12.752748699997028;C:\Users\guoji\Desktop\python3_11_test\suite\runners\LayeredBeam\runs\LB\sim_25132
68;[2.755244808000004, -2.4993053423];[-2.755244808000004, 2.4993053423];0.0;True;[-5.0, -5.0, -4.115397245079521, -4.489094713542752, -5.0, -5.0, -4.300354808506286, -2.111383953782173, -3.079605292700894, -1.5465241559228948];159.89960620000056;12.752748699997028;C:\Users\guoji\Desktop\python3_11_test\suite\runners\LayeredBeam\runs\LB\sim_935040
69;[2.926550304000006, -2.4999999999994076];[-2.926550304000006, 2.4999999999994076];0.0;True;[-4.943263663978786, -5.0, 0.7318582242570244, -5.0, -5.0, 1.3105788278245765, -4.9912962263410785, -2.1320263312534236, -3.530641759687743, -3.1567472959445877];160.26039049999963;12.752748699997028;C:\Users\guoji\Desktop\python3_11_test\suite\runners\LayeredBeam\runs\LB\sim_577192
70;[2.580731928000013, -2.41801532];[-2.580731928000013, 2.41801532];0.0;True;[-5.0, -5.0, -5.0, -5.0, -5.0, -4.981980262506909, -5.0, -5.0, -2.7396801115545237, -5.0];165.1554438000021;12.752748699997028;C:\Users\guoji\Desktop\python3_11_test\suite\runners\LayeredBeam\runs\LB\sim_516437
71;[3.3870538800000043, -2.499999999999438];[-3.3870538800000043, 2.499999999999438];0.0;True;[0.7814607144784897, -1.3995584241156034, -4.899526514884858, 1.619084812358511, -0.6516900030976487, 2.5426467546236164, -2.4399900612918572, -5.0, 1.3106510868388934, -2.2550052345990856];159.21642440000142;12.546318400003656;C:\Users\guoji\Desktop\python3_11_test\suite\runners\LayeredBeam\runs\LB\sim_99883
72;[3.0834848880000045, -2.497919881];[-3.0834848880000045, 2.497919881];0.0;True;[-0.48896675546491597, -2.2471259363674934, -5.0, -5.0, -0.9722030345723178, -3.061265184271536, 0.44087616623228687, -5.0, 1.1410544263928397, -4.258426588760595];163.00599439999496;12.546318400003656;C:\Users\guoji\Desktop\python3_11_test\suite\runners\LayeredBeam\runs\LB\sim_552142
73;[3.120831936000004, -2.499999999997946];[-3.120831936000004, 2.499999999997946];0.0;True;[-2.3237030168770776, -4.07920997723776, 0.7295120211926616, -4.808206972242073, -1.6633710288116434, 1.2552179038314488, -4.9991040366989905, -4.983451713576057, 1.4273476306855981, -3.272071083402657];163.64895379999507;12.546318400003656;C:\Users\guoji\Desktop\python3_11_test\suite\runners\LayeredBeam\runs\LB\sim_221225
74;[3.18998584800001, -2.4999999999989995];[-3.18998584800001, 2.4999999999989995];0.0;True;[-2.3969422181768127, -4.091573098387674, 0.6886504910520941, -1.8528400138010914, -1.6633710288116434, 1.2552924084254595, -4.813550963135103, -4.943973611023731, 1.5668494921181768, -3.2640218916564887];163.63888569999835;12.546318400003656;C:\Users\guoji\Desktop\python3_11_test\suite\runners\LayeredBeam\runs\LB\sim_376046
75;[3.358347912000001, -2.499999999999098];[-3.358347912000001, 2.499999999999098];0.0;True;[-2.3237030168770776, 1.0131269529930123, 0.7295120211926616, -1.8383811403298953, -1.7857791183215599, 1.2552924084254595, -4.813550963135103, -2.091865827536804, 1.3984343353154571, -3.2640218916564887];163.51906410000083;12.546318400003656;C:\Users\guoji\Desktop\python3_11_test\suite\runners\LayeredBeam\runs\LB\sim_293124
76;[2.736435096000009, -2.4999999999919162];[-2.736435096000009, 2.4999999999919162];0.0;True;[-2.1806999468470023, -5.0, -5.0, -5.0, -5.0, -5.0, -5.0, -2.8620432948843018, -5.0, -0.4704687351559942];161.8772853000046;13.929985800001305;C:\Users\guoji\Desktop\python3_11_test\suite\runners\LayeredBeam\runs\LB\sim_740399
77;[2.930644584000011, -2.499999999997458];[-2.930644584000011, 2.499999999997458];0.0;True;[-5.0, -3.1315230512075054, -5.0, -5.0, -2.3508436993430486, -5.0, -5.0, -0.18946826834461383, 1.184355467865446, -2.0345380058148788];161.14754099999845;13.929985800001305;C:\Users\guoji\Desktop\python3_11_test\suite\runners\LayeredBeam\runs\LB\sim_336192
78;[3.260560608000007, -2.254484];[-3.260560608000007, 2.254484];0.0;True;[1.4530557520913572, -5.0, -5.0, -5.0, 3.7419528769163417, -3.968102060547226, -4.669157440523739, 3.2282936645048377, -2.9081638052111907, 1.8739891279511713];159.59138469999743;13.929985800001305;C:\Users\guoji\Desktop\python3_11_test\suite\runners\LayeredBeam\runs\LB\sim_683594
79;[2.8573605360000114, -2.1892288];[-2.8573605360000114, 2.1892288];0.0;True;[-4.95802853642226, -1.8280274458378507, -5.0, -5.0, -1.6240505115204913, -3.7155683005788775, -5.0, -1.9118717371365088, -0.877224571573568, -5.0];163.3217788999973;13.929985800001305;C:\Users\guoji\Desktop\python3_11_test\suite\runners\LayeredBeam\runs\LB\sim_357690
80;[3.3357800160000033, -2.499999999998708];[-3.3357800160000033, 2.499999999998708];0.0;True;[-1.9904715495308034, -5.0, -5.0, -5.0, 0.932219608436867, 4.549610163461253, -5.0, 4.771782179921717, -0.7525790913851598, -0.27626639895875815];155.25279419999424;13.929985800001305;C:\Users\guoji\Desktop\python3_11_test\suite\runners\LayeredBeam\runs\LB\sim_960567
81;[3.1388011920000096, -2.4999999999889355];[-3.1388011920000096, 2.4999999999889355];0.0;True;[2.444653504194112, 3.6632113336648136, -5.0, -5.0, -0.8520133712513331, -5.0, -5.0, -1.4643935680837439, -4.333013848978495, -1.343536323664333];165.6232775000026;13.882251100003486;C:\Users\guoji\Desktop\python3_11_test\suite\runners\LayeredBeam\runs\LB\sim_171639
82;[3.2729682960000033, -2.4999999999948193];[-3.2729682960000033, 2.4999999999948193];0.0;True;[-0.5650631440650287, -5.0, 2.9752879444572304, -0.17927726248039466, -0.8200451401733986, -1.086310752386623, -5.0, -1.4702419139970213, -4.2428279018241115, -0.2852048723824998];160.51464080000005;13.882251100003486;C:\Users\guoji\Desktop\python3_11_test\suite\runners\LayeredBeam\runs\LB\sim_112928
83;[2.942860896000002, -2.47673701];[-2.942860896000002, 2.47673701];0.0;True;[-0.07642933935143148, 4.3944822311620175, -4.363442168200134, -5.0, -5.0, -5.0, -5.0, -2.794284831146493, -4.276635532215378, -3.840104714784043];175.49173429999792;13.882251100003486;C:\Users\guoji\Desktop\python3_11_test\suite\runners\LayeredBeam\runs\LB\sim_344569
84;[2.9608772400000065, -2.4999999999981446];[-2.9608772400000065, 2.4999999999981446];0.0;True;[-2.3226303214721558, -5.0, 0.7318582242570244, -4.98300484690968, -5.0, 1.3085646546479692, -4.988763595572848, -2.0928373942576526, -4.619233113674584, -3.1562920193542388];157.35295179999957;13.882251100003486;C:\Users\guoji\Desktop\python3_11_test\suite\runners\LayeredBeam\runs\LB\sim_695178
85;[3.0416422320000134, -2.4999999999990763];[-3.0416422320000134, 2.4999999999990763];0.0;True;[-2.2543723080757783, -4.986780979074263, 0.7318582242570244, -2.5141332171797037, -5.0, 1.2518887216599675, -4.990213305084312, -2.092191221615395, -3.530641759687743, -2.998641878383286];158.52437479999935;13.882251100003486;C:\Users\guoji\Desktop\python3_11_test\suite\runners\LayeredBeam\runs\LB\sim_923381
86;[3.4811769600000124, -2.4999999999985696];[-3.4811769600000124, 2.4999999999985696];0.0;True;[-1.374525487389429, -5.0, 1.6422646185945045, -5.0, -0.06433580120543603, 1.9250721286581438, -5.0, 3.903093435481299, 4.011735726238859, -1.07771343689862];158.65494439999748;13.786879400002363;C:\Users\guoji\Desktop\python3_11_test\suite\runners\LayeredBeam\runs\LB\sim_2302
87;[3.045068640000009, -2.499999999995019];[-3.045068640000009, 2.499999999995019];0.0;True;[3.827001613964926, -5.0, -5.0, -5.0, -3.935428529279714, -5.0, -5.0, -4.774326062845969, 3.3593001557473396, 0.29884368122571114];168.82843490000232;13.786879400002363;C:\Users\guoji\Desktop\python3_11_test\suite\runners\LayeredBeam\runs\LB\sim_613557
88;[2.801339856000007, -2.4999999999981286];[-2.801339856000007, 2.4999999999981286];0.0;True;[-5.0, -5.0, -5.0, -5.0, -5.0, -5.0, -0.817104740068114, -5.0, 0.20990490764296332, -1.901155660258004];161.3617981999996;13.786879400002363;C:\Users\guoji\Desktop\python3_11_test\suite\runners\LayeredBeam\runs\LB\sim_771780
89;[2.693967984000012, -1.7203727];[-2.693967984000012, 1.7203727];0.0;True;[-4.81006107145103, -5.0, 0.7510755413412609, -4.948480670643417, -5.0, -5.0, -5.0, -5.0, -3.5316186423532927, -4.940178742979872];173.5193855000034;13.786879400002363;C:\Users\guoji\Desktop\python3_11_test\suite\runners\LayeredBeam\runs\LB\sim_730321
90;[2.692642824000002, -2.4999999999990665];[-2.692642824000002, 2.4999999999990665];0.0;True;[-4.999401046455875, -5.0, 0.6265596566594889, -5.0, -4.699003325366359, -5.0, -4.991215031004658, -4.972482092302338, -3.5050587706176737, -5.0];169.00574010000128;13.786879400002363;C:\Users\guoji\Desktop\python3_11_test\suite\runners\LayeredBeam\runs\LB\sim_681920
91;[3.041890632000013, -2.499999999973425];[-3.041890632000013, 2.499999999973425];0.0;True;[2.858117147112048, -5.0, -5.0, -5.0, -5.0, -5.0, 1.9798065861129128, -5.0, -5.0, 3.7903465820196196];166.91512240000156;15.722163899998122;C:\Users\guoji\Desktop\python3_11_test\suite\runners\LayeredBeam\runs\LB\sim_18980
92;[2.7041115600000136, -0.7522709999999999];[-2.7041115600000136, 0.7522709999999999];0.0;True;[-5.0, 1.143077841851352, -4.981634532971965, -5.0, -5.0, -4.98197152305312, -5.0, -4.749278528443979, -3.5041531805770116, -4.935700112147788];168.6575182000015;15.722163899998122;C:\Users\guoji\Desktop\python3_11_test\suite\runners\LayeredBeam\runs\LB\sim_675975
93;[3.0858824880000135, -2.4999999999218567];[-3.0858824880000135, 2.4999999999218567];0.0;True;[-4.998650004050437, -5.0, 4.421955786691363, -5.0, -5.0, 1.3183914099761953, -4.983520125502201, -3.413077486874431, 1.4829962383774165, -3.163165988428474];164.3016545999999;15.722163899998122;C:\Users\guoji\Desktop\python3_11_test\suite\runners\LayeredBeam\runs\LB\sim_475472
94;[2.716261776000012, -2.2101924];[-2.716261776000012, 2.2101924];0.0;True;[-4.944837869907943, -4.045779386818009, 0.6265596566594889, -4.923429576263454, -4.699003325366359, -5.0, -4.996300481564249, -4.958818480137149, -3.5055385115632722, -5.0];174.63938179999968;15.722163899998122;C:\Users\guoji\Desktop\python3_11_test\suite\runners\LayeredBeam\runs\LB\sim_973460
95;[3.128616576000012, -2.499999999227552];[-3.128616576000012, 2.499999999227552];0.0;True;[-4.943263663978786, -5.0, 4.627062613505007, -5.0, -4.934860668860176, 1.3105788278245765, -4.913996502079683, -2.1320263312534236, 1.4156151426320527, -2.78574236610156];160.7150202999983;15.722163899998122;C:\Users\guoji\Desktop\python3_11_test\suite\runners\LayeredBeam\runs\LB\sim_397569
96;[2.9993496480000132, -2.499999999993656];[-2.9993496480000132, 2.499999999993656];0.0;True;[-4.9980316285680875, 1.1871565786118072, 4.03167512245734, -5.0, -4.95433137455009, -5.0, -5.0, -5.0, 1.3660218074202657, -4.973715716714602];180.32432330000302;16.1878171999997;C:\Users\guoji\Desktop\python3_11_test\suite\runners\LayeredBeam\runs\LB\sim_885616
97;[2.9819610000000054, -1.038949];[-2.9819610000000054, 1.038949];0.0;True;[-5.0, 1.0226753967237663, -5.0, -3.84192051676564, 1.7396495960893565, -4.762840701734024, -4.862569116925422, -5.0, 1.5239201179978696, -4.9651605299416595];174.57709120000072;16.1878171999997;C:\Users\guoji\Desktop\python3_11_test\suite\runners\LayeredBeam\runs\LB\sim_279138
98;[3.2422023360000054, -2.499999999997686];[-3.2422023360000054, 2.499999999997686];0.0;True;[-5.0, -0.11928004362543998, -0.16763256083446354, -5.0, -1.402645790968685, -5.0, -5.0, 1.966942065686272, 2.6354840153822314, -0.01092550229144873];164.23410810000496;16.1878171999997;C:\Users\guoji\Desktop\python3_11_test\suite\runners\LayeredBeam\runs\LB\sim_628493
99;[3.2745606480000107, -1.7086856];[-3.2745606480000107, 1.7086856];0.0;True;[-2.9688589220174575, 1.1767764403616638, 4.474457164091149, -4.979012349526919, -4.939336124051474, 2.9070156992581175, -4.978490308610656, -4.931496161331311, 1.4015048117484792, -2.7625282842681993];166.5823148999989;16.1878171999997;C:\Users\guoji\Desktop\python3_11_test\suite\runners\LayeredBeam\runs\LB\sim_529240
100;[3.422412432000005, 0.18459199999999987];[-3.422412432000005, -0.18459199999999987];0.0;True;[-2.405003215122341, 1.2059540832328004, 4.472416722182476, 1.6767647146123377, -4.95809760613091, 2.9070156992581175, -3.115491843802307, -4.944570175021803, 1.3884103629246738, -4.98236081231594];162.46711170000344;16.1878171999997;C:\Users\guoji\Desktop\python3_11_test\suite\runners\LayeredBeam\runs\LB\sim_628977
101;[2.5575540480000103, -2.45773026];[-2.5575540480000103, 2.45773026];0.0;True;[-5.0, -5.0, -5.0, -5.0, -5.0, -5.0, -5.0, -3.7947286431249596, -5.0, -5.0];164.53571809999994;16.65388499999972;C:\Users\guoji\Desktop\python3_11_test\suite\runners\LayeredBeam\runs\LB\sim_367530
102;[3.043719936, -2.4999999999993276];[-3.043719936, 2.4999999999993276];0.0;True;[-2.564227751683119, -3.0471722552513376, -5.0, -0.5184672543751754, -5.0, -1.1451758854583978, -5.0, -5.0, 2.407146336486907, -1.419146850519501];160.51659060000384;16.65388499999972;C:\Users\guoji\Desktop\python3_11_test\suite\runners\LayeredBeam\runs\LB\sim_876735
103;[3.1949406720000044, -1.6573964];[-3.1949406720000044, 1.6573964];0.0;True;[-2.1689778950415994, -4.099926433334048, 0.7295120211926616, -1.53960200999291, -1.6633710288116434, 1.2552924084254595, -4.813550963135103, -1.2461795384932284, -3.5312984608876077, -2.2080293610770054];161.95722349999414;16.65388499999972;C:\Users\guoji\Desktop\python3_11_test\suite\runners\LayeredBeam\runs\LB\sim_342755
104;[3.2510944080000046, -2.499999999997563];[-3.2510944080000046, 2.499999999997563];0.0;True;[-4.459749686806002, 2.825629758387537, -2.0702119496529265, -1.1108353421442416, -5.0, 0.991360222670437, -3.830908169376472, -2.9687460106210133, 0.03907556089115172, -1.1019996053816934];161.33098009999958;16.65388499999972;C:\Users\guoji\Desktop\python3_11_test\suite\runners\LayeredBeam\runs\LB\sim_413150
105;[2.7790171200000047, -2.499999999998539];[-2.7790171200000047, 2.499999999998539];0.0;True;[-4.993137745627152, -5.0, -4.859621503532167, -5.0, -4.3277705704674645, -4.790272898817584, -5.0, 3.933141129657109, -3.5041531805770116, -5.0];161.65056829999958;16.65388499999972;C:\Users\guoji\Desktop\python3_11_test\suite\runners\LayeredBeam\runs\LB\sim_555677
106;[2.6179632000000037, -1.301874];[-2.6179632000000037, 1.301874];0.0;True;[-5.0, -3.374917894343081, -5.0, -5.0, -5.0, -2.623070287685798, -5.0, -5.0, -5.0, -5.0];163.24900880000496;13.956602099999145;C:\Users\guoji\Desktop\python3_11_test\suite\runners\LayeredBeam\runs\LB\sim_67032
107;[3.164766336000005, -0.7377419999999999];[-3.164766336000005, 0.7377419999999999];0.0;True;[-5.0, 5.0, -3.816558093544312, -4.566924053780674, -2.494926521241215, -4.954704286129769, -1.1720866929696063, 0.8064023061767891, -5.0, 0.515769968115487];160.66632660000323;13.956602099999145;C:\Users\guoji\Desktop\python3_11_test\suite\runners\LayeredBeam\runs\LB\sim_717655
108;[2.7024686640000075, -2.1565118];[-2.7024686640000075, 2.1565118];0.0;True;[-5.0, -5.0, -4.996559169038938, 1.2054974497244402, -5.0, -4.963543277186756, -4.988307027840038, -4.838657307790771, -3.5041531805770116, -5.0];162.5461906000055;13.956602099999145;C:\Users\guoji\Desktop\python3_11_test\suite\runners\LayeredBeam\runs\LB\sim_363251
109;[2.8510058160000074, -2.4999999999984617];[-2.8510058160000074, 2.4999999999984617];0.0;True;[-4.899946950729225, -5.0, -4.771637990256069, 1.202250942460199, 1.6956440527549272, -5.0, -5.0, -5.0, -3.4352883486753747, -5.0];171.22609340000054;13.956602099999145;C:\Users\guoji\Desktop\python3_11_test\suite\runners\LayeredBeam\runs\LB\sim_560051
110;[3.249910944000012, -2.4999999999982583];[-3.249910944000012, 2.4999999999982583];0.0;True;[-3.0183473761336908, 1.2059540832328004, 4.474457164091149, 1.2429971441767593, -4.698797443649323, -4.920243125269812, -4.982512579856335, -4.629046560768641, 1.4134115989155251, -2.8290292099127115];165.50650970000424;13.956602099999145;C:\Users\guoji\Desktop\python3_11_test\suite\runners\LayeredBeam\runs\LB\sim_461091
111;[2.873162880000002, -1.6636041000000001];[-2.873162880000002, 1.6636041000000001];0.0;True;[-4.951877029477339, -3.270393054454197, -5.0, 2.3878080593362174, -5.0, 1.2041010207798966, -5.0, -5.0, -5.0, -4.55285745989894];168.60810170000332;14.343331600000965;C:\Users\guoji\Desktop\python3_11_test\suite\runners\LayeredBeam\runs\LB\sim_407502
112;[3.0422420640000003, -2.499999999997823];[-3.0422420640000003, 2.499999999997823];0.0;True;[-3.7756184848327496, -0.4382890417601484, -4.493424746934645, 0.2775895649441722, -5.0, 1.063890165767523, -5.0, -5.0, -0.019543330607103115, -3.970029287206853];164.07928740000352;14.343331600000965;C:\Users\guoji\Desktop\python3_11_test\suite\runners\LayeredBeam\runs\LB\sim_772475
113;[2.8977380640000105, -0.7641279999999999];[-2.8977380640000105, 0.7641279999999999];0.0;True;[-4.943263663978786, -5.0, 0.14776285780256337, -5.0, -5.0, 3.38470773278509, -4.999260683816638, -4.973320089518169, -3.5053247469162705, -3.1567472959445877];169.08380690000195;14.343331600000965;C:\Users\guoji\Desktop\python3_11_test\suite\runners\LayeredBeam\runs\LB\sim_802785
114;[3.2016474720000105, -2.4999999999956666];[-3.2016474720000105, 2.4999999999956666];0.0;True;[-3.125486311473392, 0.6596169504270879, -3.7783409702106736, 1.4489785131163906, -1.5450375781201893, -0.13887501485104803, -5.0, -5.0, -1.2319873887065014, -1.264440846394126];166.39132830000017;14.343331600000965;C:\Users\guoji\Desktop\python3_11_test\suite\runners\LayeredBeam\runs\LB\sim_582574
115;[2.831675112000012, -2.47985032];[-2.831675112000012, 2.47985032];0.0;True;[-4.999401046455875, -5.0, 0.6265596566594889, 1.2171254230415673, -4.699003325366359, -5.0, -4.991215031004658, -4.972482092302338, -3.2855161220763915, -5.0];171.6269056999954;14.343331600000965;C:\Users\guoji\Desktop\python3_11_test\suite\runners\LayeredBeam\runs\LB\sim_586873
116;[2.8959195600000016, -2.4999999999926965];[-2.8959195600000016, 2.4999999999926965];0.0;True;[0.23565330053824596, -1.8775531758098172, -2.5797500773744058, -0.8558379419722311, -5.0, -4.738842839073414, -5.0, -4.547348451596359, -3.7659619517631824, -5.0];171.78554480000457;15.53951500000403;C:\Users\guoji\Desktop\python3_11_test\suite\runners\LayeredBeam\runs\LB\sim_298268
117;[2.922296616000006, -2.4856734];[-2.922296616000006, 2.4856734];0.0;True;[0.4071854845808609, -3.3391004930308794, -3.597205992850945, -0.40462414372019495, -5.0, -4.335132291585979, -5.0, -4.664890250288967, -0.974725645937899, -5.0];165.87010319999536;15.53951500000403;C:\Users\guoji\Desktop\python3_11_test\suite\runners\LayeredBeam\runs\LB\sim_581254
118;[3.060373968000005, -0.62392];[-3.060373968000005, 0.62392];0.0;True;[-4.943263663978786, 1.2028441145125113, 0.7245495965864084, -5.0, -5.0, 1.3105788278245765, -4.9912962263410785, -2.1320263312534236, -3.530641759687743, -3.1567472959445877];166.1536003000001;15.53951500000403;C:\Users\guoji\Desktop\python3_11_test\suite\runners\LayeredBeam\runs\LB\sim_975309
119;[2.985390216, -2.498589706];[-2.985390216, 2.498589706];0.0;True;[-2.123532537331401, -2.772768322088287, 1.538683946521929, -0.050814442506702306, -5.0, -4.966869730964887, -5.0, -0.6121864508616, -5.0, -5.0];168.70844560000114;15.53951500000403;C:\Users\guoji\Desktop\python3_11_test\suite\runners\LayeredBeam\runs\LB\sim_537593
120;[3.0771653760000017, -1.9821811];[-3.0771653760000017, 1.9821811];0.0;True;[-5.0, -4.915228820315636, -4.9168949827017565, -4.824568014885515, -5.0, 2.792600227586566, -3.189024499086008, 3.7763153617094183, 1.5381800512026533, -5.0];157.19938369999727;15.53951500000403;C:\Users\guoji\Desktop\python3_11_test\suite\runners\LayeredBeam\runs\LB\sim_955202
121;[2.7970516080000065, -2.499999999997101];[-2.7970516080000065, 2.499999999997101];0.0;True;[-5.0, -5.0, -5.0, -1.2538409719937587, -5.0, 2.479986071523685, -3.933013879109338, -5.0, -5.0, -5.0];164.76078580000467;16.590294900001027;C:\Users\guoji\Desktop\python3_11_test\suite\runners\LayeredBeam\runs\LB\sim_142249
122;[2.975374944000006, -2.3756086];[-2.975374944000006, 2.3756086];0.0;True;[-4.999401046455875, -4.929586040408628, 0.6265596566594889, -5.0, -4.699003325366359, -5.0, -4.28545469020395, 2.4300582157501314, 1.40568942473495, -5.0];159.57662379999965;16.590294900001027;C:\Users\guoji\Desktop\python3_11_test\suite\runners\LayeredBeam\runs\LB\sim_685068
123;[2.697566112000005, -2.4999999999944102];[-2.697566112000005, 2.4999999999944102];0.0;True;[-2.3133813072143528, -4.938648006090435, -4.812643257134055, -1.9010352870642784, -4.9542600592034844, -4.93974954312102, -5.0, -5.0, -3.502728518048986, -4.950227699043369];162.54929999999877;16.590294900001027;C:\Users\guoji\Desktop\python3_11_test\suite\runners\LayeredBeam\runs\LB\sim_684312
124;[2.5315204320000007, -2.46461926];[-2.5315204320000007, 2.46461926];0.0;True;[-5.0, -5.0, -5.0, -5.0, -5.0, -5.0, -5.0, -4.999973384402434, -5.0, -5.0];165.05200719999993;16.590294900001027;C:\Users\guoji\Desktop\python3_11_test\suite\runners\LayeredBeam\runs\LB\sim_898719
125;[2.5318241280000016, -2.499999999952843];[-2.5318241280000016, 2.499999999952843];0.0;True;[-5.0, -5.0, -5.0, -5.0, -5.0, -5.0, -5.0, -4.985928100288492, -5.0, -5.0];164.06195090000256;16.590294900001027;C:\Users\guoji\Desktop\python3_11_test\suite\runners\LayeredBeam\runs\LB\sim_175416
126;[3.2431151520000006, -2.497361258];[-3.2431151520000006, 2.497361258];0.0;True;[-2.8452084476986714, -5.0, 1.4961209629422427, -3.8070755350952536, -2.131019148099615, 0.9430854240094666, -5.0, -0.5132981218865869, 4.801590337226049, -5.0];157.70381389999966;16.438532200001646;C:\Users\guoji\Desktop\python3_11_test\suite\runners\LayeredBeam\runs\LB\sim_140120
127;[2.762793576000011, -1.9539452000000002];[-2.762793576000011, 1.9539452000000002];0.0;True;[-4.971746896687663, -5.0, -5.0, -1.9687544279774114, -1.6322444482680485, -5.0, -4.998211040972001, -2.1912880437931936, -3.5306438668099798, -5.0];164.05199110000103;16.438532200001646;C:\Users\guoji\Desktop\python3_11_test\suite\runners\LayeredBeam\runs\LB\sim_177001
128;[2.980326744000006, -2.48709452];[-2.980326744000006, 2.48709452];0.0;True;[0.577966355252598, -5.0, -5.0, -4.607615902054712, -5.0, -4.887684736736749, -5.0, -5.0, 3.813643787392392, 0.8817881297539119];164.77450659999886;16.438532200001646;C:\Users\guoji\Desktop\python3_11_test\suite\runners\LayeredBeam\runs\LB\sim_210819
129;[2.704536000000007, -2.4999999998888462];[-2.704536000000007, 2.4999999998888462];0.0;True;[-4.964801717970416, -4.954359081017338, -4.771757161026975, -1.9021860920450653, -5.0, -4.929374546840433, -4.829235424166897, -2.1186972670982964, -3.5195938107102296, -5.0];161.4488399000038;16.438532200001646;C:\Users\guoji\Desktop\python3_11_test\suite\runners\LayeredBeam\runs\LB\sim_318162
130;[3.0889468800000124, -2.4992025988];[-3.0889468800000124, 2.4992025988];0.0;True;[0.9342019454829842, -0.23435249636063826, 1.2004555309015803, -0.8258872759550302, -5.0, -0.8263297509293785, -5.0, -4.44128995599672, -5.0, -5.0];162.17191640000237;16.438532200001646;C:\Users\guoji\Desktop\python3_11_test\suite\runners\LayeredBeam\runs\LB\sim_716469
131;[3.117163608000004, -2.4999999999986584];[-3.117163608000004, 2.4999999999986584];0.0;True;[-2.592053540447097, 0.5499000320892131, -1.643482957512226, -0.5137400052051841, -5.0, -0.0801123482943984, -4.086381940032185, -2.5526167901403456, -1.9683795126649777, -5.0];161.67129130000103;14.00915260000329;C:\Users\guoji\Desktop\python3_11_test\suite\runners\LayeredBeam\runs\LB\sim_511499
132;[3.0806021520000115, -2.4999999995940767];[-3.0806021520000115, 2.4999999995940767];0.0;True;[-2.7068008901758764, -2.2903669203417487, -0.9389192035617873, -0.8266426690352633, 2.2954628443543434, -4.363987681067467, -5.0, -3.080250121614004, -5.0, -2.668021293705757];166.72971599999437;14.00915260000329;C:\Users\guoji\Desktop\python3_11_test\suite\runners\LayeredBeam\runs\LB\sim_323731
133;[2.8857569760000064, -2.499999999996401];[-2.8857569760000064, 2.499999999996401];0.0;True;[-2.5106899605488464, -3.652106912707576, -3.1779425979788525, -3.8093916284934792, -5.0, -4.103399980729277, -5.0, -1.4542260605776587, -5.0, 0.10759697414671177];164.70684049999545;14.00915260000329;C:\Users\guoji\Desktop\python3_11_test\suite\runners\LayeredBeam\runs\LB\sim_202176
134;[2.7387624960000108, -2.2607906];[-2.7387624960000108, 2.2607906];0.0;True;[-4.999401046455875, -5.0, 0.6265596566594889, -5.0, -4.699003325366359, -2.8706997012260107, -4.991215031004658, -4.972482092302338, -3.4991770579098738, -5.0];177.04784780000045;14.00915260000329;C:\Users\guoji\Desktop\python3_11_test\suite\runners\LayeredBeam\runs\LB\sim_844041
135;[2.7952393680000105, -1.7629514];[-2.7952393680000105, 1.7629514];0.0;True;[-4.987717682317127, -5.0, 0.6265596566594889, -1.9624517868429328, -4.699003325366359, -5.0, -4.991215031004658, -4.9772502947249535, -3.5050587706176737, -3.294635639556312];167.9674815000035;14.00915260000329;C:\Users\guoji\Desktop\python3_11_test\suite\runners\LayeredBeam\runs\LB\sim_525644
136;[3.4625605680000113, -2.4999999999951092];[-3.4625605680000113, 2.4999999999951092];0.0;True;[-2.1138281220615474, -0.05916568602104899, -3.342026486355662, -0.8861762786185174, -3.2853832334120034, 0.7579601061308807, 4.516319547845653, -5.0, 5.0, -2.4839963999838908];157.34387660000357;17.920722199996817;C:\Users\guoji\Desktop\python3_11_test\suite\runners\LayeredBeam\runs\LB\sim_544056
137;[3.2546834640000135, -1.364427];[-3.2546834640000135, 1.364427];0.0;True;[-2.6226096143921094, -0.6546363151165346, -3.614200215361451, -1.0882877049423434, -0.9028211120944754, 0.9822798708226284, -4.18111308202346, -5.0, 2.1606073742659513, -1.599422207193169];156.64658999999665;17.920722199996817;C:\Users\guoji\Desktop\python3_11_test\suite\runners\LayeredBeam\runs\LB\sim_394600
138;[3.1979292480000114, -2.42639703];[-3.1979292480000114, 2.42639703];0.0;True;[-0.06499822929274668, -1.5942297743100364, -4.644392466705515, -1.275583788326383, -2.982754785451442, 0.5982636588215096, -2.5637199616529784, -5.0, -2.9530639840894883, 1.3328021572530293];158.8617763000002;17.920722199996817;C:\Users\guoji\Desktop\python3_11_test\suite\runners\LayeredBeam\runs\LB\sim_109082
139;[2.9599244640000077, -2.0511713];[-2.9599244640000077, 2.0511713];0.0;True;[-3.0919771841014, -4.835407480584802, -5.0, -5.0, -5.0, -4.591118951967445, -3.0513339003139173, 4.017144989308717, 1.38624576936098, -5.0];156.33068409999396;17.920722199996817;C:\Users\guoji\Desktop\python3_11_test\suite\runners\LayeredBeam\runs\LB\sim_406559
140;[2.8124524080000017, -2.499999999996659];[-2.8124524080000017, 2.499999999996659];0.0;True;[-4.966699149722935, -4.9938332224047075, -4.9580312365429835, -5.0, 1.61080130383594, -5.0, -4.965627923265822, -4.999973384402434, 1.2794883102128152, -5.0];164.33787689999735;17.920722199996817;C:\Users\guoji\Desktop\python3_11_test\suite\runners\LayeredBeam\runs\LB\sim_289644
141;[2.73882686400001, -2.49999999997136];[-2.73882686400001, 2.49999999997136];0.0;True;[-5.0, -4.927543649838408, 4.518001947870044, -5.0, -5.0, -5.0, -4.992944311195201, -4.999973384402434, -5.0, -5.0];177.73130359999777;15.260130099995877;C:\Users\guoji\Desktop\python3_11_test\suite\runners\LayeredBeam\runs\LB\sim_680160
142;[3.274925040000001, -0.30485000000000007];[-3.274925040000001, 0.30485000000000007];0.0;True;[-2.424074720477367, 1.1924518877412735, -0.6220928536160226, -0.42945573126946357, -5.0, -0.06795543023249007, 2.406151372162199, -0.6381257085930638, -5.0, -5.0];160.31049740000162;15.260130099995877;C:\Users\guoji\Desktop\python3_11_test\suite\runners\LayeredBeam\runs\LB\sim_105314
143;[2.9073770640000025, -2.4999999999986775];[-2.9073770640000025, 2.4999999999986775];0.0;True;[-3.156540873720955, -4.840438573903053, -5.0, 1.265819888377651, -4.9352765773733545, -5.0, -5.0, 4.046582853090948, -5.0, -4.979376610161802];163.6640449999977;15.260130099995877;C:\Users\guoji\Desktop\python3_11_test\suite\runners\LayeredBeam\runs\LB\sim_2264
144;[2.9714249520000067, 1.034913];[-2.9714249520000067, -1.034913];0.0;True;[-3.0452219771292337, -5.0, 4.4431991165060545, -5.0, -5.0, -5.0, -4.990865277202367, 3.845632696717786, -4.886754501879132, -5.0];173.39340550000634;15.260130099995877;C:\Users\guoji\Desktop\python3_11_test\suite\runners\LayeredBeam\runs\LB\sim_524010
145;[2.755731888000004, -1.7678722];[-2.755731888000004, 1.7678722];0.0;True;[-2.3325989085569745, -4.977856829564688, 0.6267440553828862, -5.0, -4.699003325366359, -5.0, -4.80461332336749, -4.927429833754647, -3.5050587706176737, -5.0];174.39551660000143;15.260130099995877;C:\Users\guoji\Desktop\python3_11_test\suite\runners\LayeredBeam\runs\LB\sim_264373
146;[2.552917392000004, -2.47054317];[-2.552917392000004, 2.47054317];0.0;True;[-5.0, -4.6069072526031105, -5.0, -5.0, -5.0, -5.0, -5.0, -5.0, -5.0, -4.402495397252503];166.73356739999872;15.343227500001376;C:\Users\guoji\Desktop\python3_11_test\suite\runners\LayeredBeam\runs\LB\sim_722385
147;[2.6907942960000124, -2.41397047];[-2.6907942960000124, 2.41397047];0.0;True;[-2.4887998186002025, -4.091172821509029, -5.0, -3.528101377680165, -5.0, -5.0, -5.0, -4.976436194351464, -4.283927150533935, -3.2577546050089365];188.06014029999642;15.343227500001376;C:\Users\guoji\Desktop\python3_11_test\suite\runners\LayeredBeam\runs\LB\sim_861416
148;[2.7516430080000016, -2.4999999999820464];[-2.7516430080000016, 2.4999999999820464];0.0;True;[-2.0503570649593374, -5.0, -5.0, -5.0, -5.0, -5.0, -5.0, -5.0, -5.0, 2.2412228398288336];161.2407893999989;15.343227500001376;C:\Users\guoji\Desktop\python3_11_test\suite\runners\LayeredBeam\runs\LB\sim_144630
149;[2.5469374320000044, -1.9788089];[-2.5469374320000044, 1.9788089];0.0;True;[-4.992710499722583, -4.995957852378916, -5.0, -4.961870629076333, -5.0, -5.0, -4.811136510948005, -4.999973384402434, -5.0, -4.524572225543741];166.31049160000111;15.343227500001376;C:\Users\guoji\Desktop\python3_11_test\suite\runners\LayeredBeam\runs\LB\sim_461461
150;[2.879868816000011, -1.8714122];[-2.879868816000011, 1.8714122];0.0;True;[-2.3237030168770776, -4.385471342961979, 0.7295120211926616, -1.9120260119919, -4.635144299723887, -4.98410591649523, -4.81156910884286, -4.754906519351801, -3.531301015212564, -3.2640218916564887];170.78582709999318;15.343227500001376;C:\Users\guoji\Desktop\python3_11_test\suite\runners\LayeredBeam\runs\LB\sim_266276
151;[3.00700339200001, -2.1432829];[-3.00700339200001, 2.1432829];0.0;True;[-0.9454203582109146, -3.518958752569946, -5.0, -5.0, -5.0, -3.98922507564195, -2.8610375077063757, -0.2195548297526102, -1.0361691271123514, -0.41651507257855247];157.37863499999366;15.65861009999935;C:\Users\guoji\Desktop\python3_11_test\suite\runners\LayeredBeam\runs\LB\sim_208156
152;[2.832343632000009, -2.49266395];[-2.832343632000009, 2.49266395];0.0;True;[-4.81006107145103, -4.992733047546383, 0.6965364482301943, -1.8756030306793239, -4.885020820074322, -5.0, -4.81400766996569, -2.14824411382081, -5.0, -3.2438483045207716];168.80890050000016;15.65861009999935;C:\Users\guoji\Desktop\python3_11_test\suite\runners\LayeredBeam\runs\LB\sim_806199
153;[2.752487568000006, -2.45011899];[-2.752487568000006, 2.45011899];0.0;True;[-4.943263663978786, -5.0, 0.7318582242570244, -5.0, -5.0, -4.942951043425691, -4.99986877114247, -2.1320263312534236, -3.530641759687743, -4.953112398931842];167.685891000001;15.65861009999935;C:\Users\guoji\Desktop\python3_11_test\suite\runners\LayeredBeam\runs\LB\sim_144915
154;[2.7677071440000005, -0.893654];[-2.7677071440000005, 0.893654];0.0;True;[-4.942762208784718, -5.0, 0.7318582242570244, -4.813698260764885, -5.0, -4.796815192055682, -4.9912962263410785, -2.1320263312534236, -4.963912423952643, -3.1567472959445877];167.70588560000033;15.65861009999935;C:\Users\guoji\Desktop\python3_11_test\suite\runners\LayeredBeam\runs\LB\sim_436808
155;[2.7563042880000137, -2.499999999669879];[-2.7563042880000137, 2.499999999669879];0.0;True;[-4.999401046455875, -5.0, 0.6265596566594889, -5.0, -4.699003325366359, -4.914371790203817, -4.99586499621644, -2.108309194278463, -3.5029439725079783, -5.0];162.67350640000222;15.65861009999935;C:\Users\guoji\Desktop\python3_11_test\suite\runners\LayeredBeam\runs\LB\sim_527532
156;[2.728950912000011, -2.499999999968492];[-2.728950912000011, 2.499999999968492];0.0;True;[-0.4965647165664562, -5.0, -5.0, -2.0842809945206526, -5.0, -4.685874339853371, -5.0, -3.5929560721619227, -5.0, -5.0];176.53844409999874;17.254662499995902;C:\Users\guoji\Desktop\python3_11_test\suite\runners\LayeredBeam\runs\LB\sim_417513
157;[3.1288716720000025, -1.351308];[-3.1288716720000025, 1.351308];0.0;True;[-4.765087250240196, -1.5031357136232066, 3.199687143959519, -0.9035172025089908, -5.0, -5.0, -5.0, -2.678694132458688, 0.7481005407807313, -1.4422133926883784];165.03544779999356;17.254662499995902;C:\Users\guoji\Desktop\python3_11_test\suite\runners\LayeredBeam\runs\LB\sim_656344
158;[2.818241424000001, 5.823689];[-2.818241424000001, -5.823689];0.0;True;[-4.927937852500691, -4.848979206168394, -5.0, 1.1199152129057133, 1.7608831751362946, -5.0, -4.843824985348197, -4.985928100288492, -5.0, -5.0];186.41342399999849;17.254662499995902;C:\Users\guoji\Desktop\python3_11_test\suite\runners\LayeredBeam\runs\LB\sim_845609
159;[2.856827448000004, -0.3273489999999999];[-2.856827448000004, 0.3273489999999999];0.0;True;[-2.8251987537175056, -5.0, -4.9283478097787095, -0.6847008094566673, -2.340155498105525, -5.0, 0.8389389060418049, -5.0, -5.0, -5.0];170.93520810000336;17.254662499995902;C:\Users\guoji\Desktop\python3_11_test\suite\runners\LayeredBeam\runs\LB\sim_769413
160;[2.6770964400000126, -2.45272763];[-2.6770964400000126, 2.45272763];0.0;True;[-5.0, -5.0, -5.0, 1.6767647146123377, -5.0, -4.951196789719444, -5.0, -4.985928100288492, -5.0, -5.0];168.19784330000402;17.254662499995902;C:\Users\guoji\Desktop\python3_11_test\suite\runners\LayeredBeam\runs\LB\sim_592968
161;[3.3623646480000073, -2.499999999998923];[-3.3623646480000073, 2.499999999998923];0.0;True;[-1.7344772406315103, -4.634493579840657, -5.0, -5.0, -1.4706117960130456, 2.2389843618047998, 2.3031948000417835, 1.1048166408827491, -0.8092199541211968, 1.4668359153500532];149.6270427999989;15.167443699996511;C:\Users\guoji\Desktop\python3_11_test\suite\runners\LayeredBeam\runs\LB\sim_622821
162;[2.5392594960000068, -2.2120944];[-2.5392594960000068, 2.2120944];0.0;True;[-4.999418780855805, -5.0, -5.0, -5.0, -5.0, -5.0, -4.999566358993666, -4.999814394498552, -4.642890411873149, -5.0];165.65258180000092;15.167443699996511;C:\Users\guoji\Desktop\python3_11_test\suite\runners\LayeredBeam\runs\LB\sim_980268
163;[2.55811586400001, -2.46683246];[-2.55811586400001, 2.46683246];0.0;True;[-4.9999999425357196, -5.0, -4.547829937944114, -5.0, -4.993108411659401, -5.0, -5.0, -4.971897131734483, -4.255888284965318, -5.0];163.04879210000217;15.167443699996511;C:\Users\guoji\Desktop\python3_11_test\suite\runners\LayeredBeam\runs\LB\sim_759704
164;[2.5344716400000076, -2.4999999999974594];[-2.5344716400000076, 2.4999999999974594];0.0;True;[-5.0, -5.0, -5.0, -5.0, -5.0, -4.993347578262136, -5.0, -4.999973384402434, -4.870023834811129, -5.0];163.49284730000363;15.167443699996511;C:\Users\guoji\Desktop\python3_11_test\suite\runners\LayeredBeam\runs\LB\sim_580022
165;[2.5315200000000093, -2.47531935];[-2.5315200000000093, 2.47531935];0.0;True;[-5.0, -5.0, -5.0, -5.0, -5.0, -5.0, -5.0, -4.999997592964948, -5.0, -5.0];166.13691639999888;15.167443699996511;C:\Users\guoji\Desktop\python3_11_test\suite\runners\LayeredBeam\runs\LB\sim_965888
166;[2.7932692320000037, -1.6400253999999999];[-2.7932692320000037, 1.6400253999999999];0.0;True;[-5.0, -4.678995466411507, -3.472126244447239, 2.0828251602795547, -5.0, -5.0, -4.948335358386186, -1.8653389261944051, -5.0, -5.0];169.55818900000304;14.111596700000518;C:\Users\guoji\Desktop\python3_11_test\suite\runners\LayeredBeam\runs\LB\sim_888535
167;[2.9236008240000055, -2.2900789];[-2.9236008240000055, 2.2900789];0.0;True;[-5.0, -5.0, -2.8596181258203157, -3.7026377171323253, -5.0, 0.262938731230113, -3.3850870257940535, -3.159173651942986, -4.295299101498452, 0.29077408125283455];159.52036650000082;14.111596700000518;C:\Users\guoji\Desktop\python3_11_test\suite\runners\LayeredBeam\runs\LB\sim_725482
168;[2.8400459760000025, -1.8459539999999999];[-2.8400459760000025, 1.8459539999999999];0.0;True;[-2.87299164581181, -3.0927362072957383, -5.0, -2.443996118021859, -2.8145937322690937, -2.9595602190100094, -5.0, -2.072580608407659, -4.4599092876303, -5.0];167.60926749999635;14.111596700000518;C:\Users\guoji\Desktop\python3_11_test\suite\runners\LayeredBeam\runs\LB\sim_356853
169;[2.600183376000001, -2.4764298];[-2.600183376000001, 2.4764298];0.0;True;[-2.306183601824129, -5.0, -5.0, -5.0, -4.9589381490381275, -4.635645028801843, -4.995690103489316, -4.92468754032527, -5.0, -5.0];166.2833862999978;14.111596700000518;C:\Users\guoji\Desktop\python3_11_test\suite\runners\LayeredBeam\runs\LB\sim_246397
170;[3.1542728400000137, -2.4999999999966067];[-3.1542728400000137, 2.4999999999966067];0.0;True;[-4.999401046455875, -5.0, 4.448774788869459, 1.181443721356743, 1.81377727974425, -5.0, -4.973142026810078, -4.891420249560545, 1.2510978155996888, -5.0];168.7178580999971;14.111596700000518;C:\Users\guoji\Desktop\python3_11_test\suite\runners\LayeredBeam\runs\LB\sim_789803
171;[2.777590008000014, -2.499999999993];[-2.777590008000014, 2.499999999993];0.0;True;[-1.895458632721505, -5.0, -5.0, -5.0, -5.0, -4.908740514542072, -3.1523944870214065, -4.985928100288492, 1.3346428267974044, -5.0];165.16841900000145;15.749321499999496;C:\Users\guoji\Desktop\python3_11_test\suite\runners\LayeredBeam\runs\LB\sim_160204
172;[2.936379600000011, -2.499999999940243];[-2.936379600000011, 2.499999999940243];0.0;True;[-5.0, -4.855366667539085, -5.0, -5.0, -2.659575315594677, -3.7085484559396615, -1.5869207017223013, -4.842166821734913, 1.1505895650832159, 0.24547712173954928];159.51177809999353;15.749321499999496;C:\Users\guoji\Desktop\python3_11_test\suite\runners\LayeredBeam\runs\LB\sim_774378
173;[2.859953616000013, -2.4999999999959615];[-2.859953616000013, 2.4999999999959615];0.0;True;[-5.0, -0.7546134784295999, -5.0, -3.5882550810535006, -4.856741307763414, 0.22962752941139275, -5.0, -5.0, -0.8247441108052991, -5.0];167.64210739999544;15.749321499999496;C:\Users\guoji\Desktop\python3_11_test\suite\runners\LayeredBeam\runs\LB\sim_262241
174;[2.850265584000006, -2.4999999999905667];[-2.850265584000006, 2.4999999999905667];0.0;True;[-4.983984989452976, -5.0, -1.078183687748877, -5.0, -4.658306217396423, -4.9647058880079475, -3.1603838065319314, -4.972482092302338, 1.4013638079932207, -2.826535620620239];164.2506280000016;15.749321499999496;C:\Users\guoji\Desktop\python3_11_test\suite\runners\LayeredBeam\runs\LB\sim_820201
175;[2.876846544, -1.9071671000000001];[-2.876846544, 1.9071671000000001];0.0;True;[-5.0, -3.817092561352962, -2.195260839224903, -5.0, 3.3281196782992293, -5.0, -5.0, -1.328424017058392, -5.0, -5.0];167.24658590000035;15.749321499999496;C:\Users\guoji\Desktop\python3_11_test\suite\runners\LayeredBeam\runs\LB\sim_748919
176;[3.2887028160000082, -1.9460837];[-3.2887028160000082, 1.9460837];0.0;True;[-4.087167360683402, 1.1847544051957462, 4.50458338236243, -4.863788231736872, 1.7858781397761465, 2.855964965771033, -3.115491843802307, -4.751291095201159, -3.482107254869044, -4.97660157895599];168.26931490000425;16.49009329999535;C:\Users\guoji\Desktop\python3_11_test\suite\runners\LayeredBeam\runs\LB\sim_410992
177;[2.5315623360000066, -2.46591076];[-2.5315623360000066, 2.46591076];0.0;True;[-5.0, -5.0, -5.0, -5.0, -5.0, -5.0, -5.0, -4.999999717193602, -4.998041528691095, -5.0];168.03362559999368;16.49009329999535;C:\Users\guoji\Desktop\python3_11_test\suite\runners\LayeredBeam\runs\LB\sim_927019
178;[2.5316336160000064, -2.45467059];[-2.5316336160000064, 2.45467059];0.0;True;[-5.0, -5.0, -5.0, -5.0, -5.0, -5.0, -5.0, -4.999997592964948, -4.994743936399655, -5.0];165.96944779999467;16.49009329999535;C:\Users\guoji\Desktop\python3_11_test\suite\runners\LayeredBeam\runs\LB\sim_486468
179;[2.5317694800000012, -2.47135792];[-2.5317694800000012, 2.47135792];0.0;True;[-5.0, -5.0, -5.0, -5.0, -5.0, -4.993347578262136, -5.0, -4.999973384402434, -4.995127100500582, -5.0];166.5957813999994;16.49009329999535;C:\Users\guoji\Desktop\python3_11_test\suite\runners\LayeredBeam\runs\LB\sim_160390
180;[2.531722392000002, -2.48780285];[-2.531722392000002, 2.48780285];0.0;True;[-5.0, -5.0, -5.0, -5.0, -5.0, -4.999894280091031, -5.0, -4.999973384402434, -4.990775488031201, -5.0];163.02828740000405;16.49009329999535;C:\Users\guoji\Desktop\python3_11_test\suite\runners\LayeredBeam\runs\LB\sim_393671
181;[2.8359948960000048, -2.3910348];[-2.8359948960000048, 2.3910348];0.0;True;[-5.0, -2.042990337501786, -2.9763365072752155, -4.104873208609579, -3.569881249482256, -2.0267011512849424, -5.0, -5.0, -1.5902700611735727, -4.5928924185648246];169.3815653999991;15.875288700000965;C:\Users\guoji\Desktop\python3_11_test\suite\runners\LayeredBeam\runs\LB\sim_143770
182;[2.8329048000000077, 0.917697];[-2.8329048000000077, -0.917697];0.0;True;[-4.943263663978786, -5.0, 0.7318582242570244, -5.0, -5.0, 1.8421253162035, -4.999945580928939, -4.9490361094960935, -4.984067409379902, -3.744679851079892];169.51880649999657;15.875288700000965;C:\Users\guoji\Desktop\python3_11_test\suite\runners\LayeredBeam\runs\LB\sim_894639
183;[2.930731632000014, -2.499999999723466];[-2.930731632000014, 2.499999999723466];0.0;True;[-5.0, -5.0, 4.501641755640469, -5.0, -4.828878353263939, 1.7267483416691913, -3.0818549706670204, -4.999973384402434, -4.9475933837496475, -4.888092936203054];164.35279760000412;15.875288700000965;C:\Users\guoji\Desktop\python3_11_test\suite\runners\LayeredBeam\runs\LB\sim_396722
184;[2.7513278640000083, -2.490471995];[-2.7513278640000083, 2.490471995];0.0;True;[-5.0, -4.677394083797081, -5.0, 2.116273478106441, -5.0, -5.0, -5.0, -5.0, -2.276676908446465, -4.985902988336573];165.19615350000095;15.875288700000965;C:\Users\guoji\Desktop\python3_11_test\suite\runners\LayeredBeam\runs\LB\sim_618912
185;[2.66582858400001, -2.4999999999806213];[-2.66582858400001, 2.4999999999806213];0.0;True;[-5.0, -5.0, -5.0, -5.0, -5.0, 1.1798244869586156, -5.0, -4.999973384402434, -4.990775488031201, -4.971091159690864];163.55454129999998;15.875288700000965;C:\Users\guoji\Desktop\python3_11_test\suite\runners\LayeredBeam\runs\LB\sim_456313
186;[2.9436207840000117, -2.48963465];[-2.9436207840000117, 2.48963465];0.0;True;[-2.743341276191982, -5.0, -4.909752107700013, 0.8198045909912839, 1.2319888889543753, -5.0, -2.5530206783060696, -5.0, -2.766908021137729, -5.0];166.47146649999195;17.124388300006103;C:\Users\guoji\Desktop\python3_11_test\suite\runners\LayeredBeam\runs\LB\sim_585505
187;[2.794252032000011, -2.49999999998393];[-2.794252032000011, 2.49999999998393];0.0;True;[-5.0, -5.0, -5.0, -3.2524492326684395, -5.0, -5.0, -4.74857013204241, 4.7573105006272876, -4.59278587881129, -5.0];161.97380539999722;17.124388300006103;C:\Users\guoji\Desktop\python3_11_test\suite\runners\LayeredBeam\runs\LB\sim_322884
188;[3.098939256000008, -2.499999999997687];[-3.098939256000008, 2.499999999997687];0.0;True;[-1.5200629177225555, -4.40487040567338, -0.7594593919180221, 5.0, -4.032902070541288, -5.0, -5.0, -5.0, -3.0085814569225873, -0.004713604922422121];165.8396908000068;17.124388300006103;C:\Users\guoji\Desktop\python3_11_test\suite\runners\LayeredBeam\runs\LB\sim_11798
189;[2.8838758320000046, -2.47267848];[-2.8838758320000046, 2.47267848];0.0;True;[-4.992741137839401, -4.869999384618873, 4.456557011483962, 1.2456055481237893, -5.0, -4.999894280091031, -5.0, -4.5517387005278955, -4.975020452917237, -5.0];177.9946839999975;17.124388300006103;C:\Users\guoji\Desktop\python3_11_test\suite\runners\LayeredBeam\runs\LB\sim_929305
190;[2.857564656000011, -2.499999999998792];[-2.857564656000011, 2.499999999998792];0.0;True;[-5.0, -2.4085458884677524, -3.932547544607287, -5.0, -5.0, -5.0, -5.0, -5.0, 2.1682875034382896, -0.7325320991379609];164.7574880999964;17.124388300006103;C:\Users\guoji\Desktop\python3_11_test\suite\runners\LayeredBeam\runs\LB\sim_479183
191;[2.9783468880000137, -2.48768827];[-2.9783468880000137, 2.48768827];0.0;True;[-5.0, -4.641837049316061, 1.0581082592038147, 3.1026052817317513, -4.844939922088724, -5.0, -5.0, -2.0479341306250634, -5.0, -1.9396062029857402];165.7796784999955;16.092847599997185;C:\Users\guoji\Desktop\python3_11_test\suite\runners\LayeredBeam\runs\LB\sim_317624
192;[2.834912304000001, -2.499999999998606];[-2.834912304000001, 2.499999999998606];0.0;True;[-4.387903377057222, -4.4337446711937565, -5.0, -5.0, -3.7441445056694134, -2.1441639500761815, -5.0, -5.0, -1.5627048543930941, 0.3186267948561827];163.68125280000095;16.092847599997185;C:\Users\guoji\Desktop\python3_11_test\suite\runners\LayeredBeam\runs\LB\sim_929786
193;[3.010809744000004, -2.496495589];[-3.010809744000004, 2.496495589];0.0;True;[-2.3237030168770776, -4.088790742309698, 0.7295120211926616, -1.92115736959137, -1.6633710288116434, -4.860592649321636, -4.811767804119901, -2.075487303908674, -3.5312984608876077, -3.2640218916564887];161.7672246000002;16.092847599997185;C:\Users\guoji\Desktop\python3_11_test\suite\runners\LayeredBeam\runs\LB\sim_875049
194;[2.7058948560000076, -1.398493];[-2.7058948560000076, 1.398493];0.0;True;[-5.0, -4.931642940048334, -5.0, -5.0, -5.0, 2.9919412026216126, -5.0, -4.999997592964948, -5.0, -4.9873877291656425];160.25429920000897;16.092847599997185;C:\Users\guoji\Desktop\python3_11_test\suite\runners\LayeredBeam\runs\LB\sim_744504
195;[2.717526672000009, 2.4781639999999996];[-2.717526672000009, -2.4781639999999996];0.0;True;[-4.991269162070075, -4.824367348652961, -5.0, -5.0, -4.461973506640437, 2.788517346700443, -4.917429339532269, -4.999973384402434, -4.990775488031201, -4.991317541071728];158.7700782000029;16.092847599997185;C:\Users\guoji\Desktop\python3_11_test\suite\runners\LayeredBeam\runs\LB\sim_829954
196;[2.8687271040000044, -2.499999999998041];[-2.8687271040000044, 2.499999999998041];0.0;True;[-5.0, -4.156989317849543, -2.4030268626125983, -5.0, -1.4703530690177944, -5.0, -5.0, -4.864804997295631, -2.431056421508819, 0.9376691675864466];166.18686380000145;17.52640239999164;C:\Users\guoji\Desktop\python3_11_test\suite\runners\LayeredBeam\runs\LB\sim_815691
197;[2.883678192000014, -2.48216905];[-2.883678192000014, 2.48216905];0.0;True;[-4.943183954732766, -5.0, 4.4011088213124125, -5.0, 1.7779420340768581, -4.999894280091031, -5.0, -4.999973384402434, -4.990775488031201, -4.941635429345515];176.46320249998826;17.52640239999164;C:\Users\guoji\Desktop\python3_11_test\suite\runners\LayeredBeam\runs\LB\sim_259663
198;[3.07458612, -2.4999999999890736];[-3.07458612, 2.4999999999890736];0.0;True;[-5.0, 1.2828322961197882, 4.5660534100078625, -5.0, 1.5945576999980577, -4.906585434560729, -4.957034417814089, -4.999997592964948, -4.693248207682448, -2.744628648044213];180.72242330000154;17.52640239999164;C:\Users\guoji\Desktop\python3_11_test\suite\runners\LayeredBeam\runs\LB\sim_269226
199;[2.7917071200000003, -2.4999999999975584];[-2.7917071200000003, 2.4999999999975584];0.0;True;[-4.999892712107466, -4.680479054163315, 4.456863144653422, -4.720398697156254, -4.541661161388707, -5.0, -4.991215031004658, -4.972482092302338, -3.5050587706176737, -5.0];183.63688730000285;17.52640239999164;C:\Users\guoji\Desktop\python3_11_test\suite\runners\LayeredBeam\runs\LB\sim_796332
200;[3.0207196080000025, -2.4999999999981584];[-3.0207196080000025, 2.4999999999981584];0.0;True;[-4.948927259657387, -5.0, -0.19168403754088992, -5.0, 5.0, -5.0, -5.0, -5.0, -3.8522701834728403, 1.6410160039088586];168.52006589999655;17.52640239999164;C:\Users\guoji\Desktop\python3_11_test\suite\runners\LayeredBeam\runs\LB\sim_808095
201;[2.8955897280000116, -1.9046368];[-2.8955897280000116, 1.9046368];0.0;True;[-5.0, -5.0, -2.421646758977365, -5.0, -1.6546627984891278, -5.0, -3.194869999196409, 1.9858238719915846, -2.8595800078871605, -5.0];160.3246550999902;18.253945100004785;C:\Users\guoji\Desktop\python3_11_test\suite\runners\LayeredBeam\runs\LB\sim_573985
202;[3.3540311520000032, -1.7324452];[-3.3540311520000032, 1.7324452];0.0;True;[-1.1738810896795506, -2.584650344229582, -0.2075656820834899, -2.9607975142404683, 2.6453044974612823, -5.0, 5.0, 0.9903751152335794, -4.711262161017072, -3.918319164769609];156.87299899999925;18.253945100004785;C:\Users\guoji\Desktop\python3_11_test\suite\runners\LayeredBeam\runs\LB\sim_329573
203;[2.5750560960000057, -2.47402286];[-2.5750560960000057, 2.47402286];0.0;True;[-3.0277236699307997, -4.97227839825437, -5.0, -5.0, -4.998520832075785, -5.0, -5.0, -4.985928100288492, -5.0, -5.0];165.0345490000036;18.253945100004785;C:\Users\guoji\Desktop\python3_11_test\suite\runners\LayeredBeam\runs\LB\sim_878587
204;[3.0166184160000107, -2.48210376];[-3.0166184160000107, 2.48210376];0.0;True;[2.863773782127269, -1.8464858547921699, -2.7691011718580123, -1.9364444321621876, -0.8569658288736148, -5.0, -5.0, -5.0, -2.9965036441955477, -5.0];175.05170100000396;18.253945100004785;C:\Users\guoji\Desktop\python3_11_test\suite\runners\LayeredBeam\runs\LB\sim_480074
205;[2.582790192000001, -2.499999999961375];[-2.582790192000001, 2.499999999961375];0.0;True;[-3.033491042690377, -5.0, -4.8123993476950835, -4.969928191564779, -4.92334248902694, -5.0, -5.0, -4.887215308804221, -5.0, -5.0];166.02183180001157;18.253945100004785;C:\Users\guoji\Desktop\python3_11_test\suite\runners\LayeredBeam\runs\LB\sim_204258
206;[2.9982942720000043, -2.495557761];[-2.9982942720000043, 2.495557761];0.0;True;[5.0, -5.0, 2.187138153314394, -5.0, -5.0, -1.5527905610947061, -5.0, -5.0, -4.502738689828293, -4.521691793720116];167.81374089999008;18.317839399998775;C:\Users\guoji\Desktop\python3_11_test\suite\runners\LayeredBeam\runs\LB\sim_515130
207;[3.0094573680000125, -2.4999999999195373];[-3.0094573680000125, 2.4999999999195373];0.0;True;[0.11343463758124983, -5.0, 3.7679220516180827, -5.0, 1.391667472160436, -3.146290026859715, -5.0, -5.0, -5.0, -5.0];182.99088199999824;18.317839399998775;C:\Users\guoji\Desktop\python3_11_test\suite\runners\LayeredBeam\runs\LB\sim_607480
208;[3.2474528640000084, -2.4999999999996745];[-3.2474528640000084, 2.4999999999996745];0.0;True;[-3.0742831939917354, 1.2059540832328004, 4.474457164091149, -4.946052984133804, 1.7889567972004716, -4.9279280470589795, -3.062426344126016, -4.957710173521598, 1.5970859118854204, -4.953012571254815];172.37318330000562;18.317839399998775;C:\Users\guoji\Desktop\python3_11_test\suite\runners\LayeredBeam\runs\LB\sim_270085
209;[3.080252448000004, -2.4999999999982925];[-3.080252448000004, 2.4999999999982925];0.0;True;[1.6934550363503416, -5.0, -2.905073782967134, -5.0, -4.910958520487701, -5.0, -5.0, 0.7041967690898518, -4.082555864627996, 4.905211667183341];165.26925420000043;18.317839399998775;C:\Users\guoji\Desktop\python3_11_test\suite\runners\LayeredBeam\runs\LB\sim_301593
210;[2.5315204320000007, -2.46461926];[-2.5315204320000007, 2.46461926];0.0;True;[-5.0, -5.0, -5.0, -5.0, -5.0, -4.9999997670403635, -5.0, -4.999973499838848, -5.0, -5.0];160.0498241000023;18.317839399998775;C:\Users\guoji\Desktop\python3_11_test\suite\runners\LayeredBeam\runs\LB\sim_887609
211;[3.158353296000005, -2.14688];[-3.158353296000005, 2.14688];0.0;True;[3.0953984221690583, -5.0, -4.652682207980831, -1.31114693049948, -3.6279148529203007, 0.8406732347823587, -5.0, 2.901084346621115, -3.2253543180035917, -5.0];161.23565819999203;18.312043100013398;C:\Users\guoji\Desktop\python3_11_test\suite\runners\LayeredBeam\runs\LB\sim_544279
212;[2.5315210800000014, -2.48493721];[-2.5315210800000014, 2.48493721];0.0;True;[-5.0, -5.0, -5.0, -5.0, -5.0, -5.0, -5.0, -4.999944555463725, -5.0, -5.0];165.61113520000072;18.312043100013398;C:\Users\guoji\Desktop\python3_11_test\suite\runners\LayeredBeam\runs\LB\sim_749347
213;[2.5315221600000077, -2.42854271];[-2.5315221600000077, 2.42854271];0.0;True;[-5.0, -5.0, -5.0, -5.0, -5.0, -4.999975588500994, -5.0, -4.999981420153775, -4.999924609820852, -5.0];168.2810002000042;18.312043100013398;C:\Users\guoji\Desktop\python3_11_test\suite\runners\LayeredBeam\runs\LB\sim_870655
214;[2.5315221600000077, -2.495895789];[-2.5315221600000077, 2.495895789];0.0;True;[-5.0, -5.0, -5.0, -5.0, -5.0, -4.999897765577769, -5.0, -4.999997592964948, -5.0, -5.0];167.39345150000008;18.312043100013398;C:\Users\guoji\Desktop\python3_11_test\suite\runners\LayeredBeam\runs\LB\sim_770964
215;[2.531720016000008, -1.30101];[-2.531720016000008, 1.30101];0.0;True;[-5.0, -5.0, -5.0, -5.0, -5.0, -4.999995422771512, -5.0, -4.999973384402434, -4.990775488031201, -5.0];165.59306119999383;18.312043100013398;C:\Users\guoji\Desktop\python3_11_test\suite\runners\LayeredBeam\runs\LB\sim_419603
216;[3.2564250720000105, -2.496407257];[-3.2564250720000105, 2.496407257];0.0;True;[-1.46027589418072, -4.540318350450779, 2.602177841501664, -5.0, -2.837609144237234, -2.0099640147658757, -5.0, 3.3897357864366224, 3.4166670933183934, -5.0];154.7286490000115;18.72593169999891;C:\Users\guoji\Desktop\python3_11_test\suite\runners\LayeredBeam\runs\LB\sim_164396
217;[2.6764702560000133, -2.499999999989486];[-2.6764702560000133, 2.499999999989486];0.0;True;[-5.0, -4.966756388999556, -4.741112187146238, -5.0, -4.931431239723606, -4.9249473885258155, -4.962639976849301, -4.999997592964948, 1.1901214413318666, -4.952555597817172];159.90198170000804;18.72593169999891;C:\Users\guoji\Desktop\python3_11_test\suite\runners\LayeredBeam\runs\LB\sim_295206
218;[2.564924616000011, -2.41692603];[-2.564924616000011, 2.41692603];0.0;True;[-4.99995749178991, -5.0, -4.979979105703469, -5.0, -5.0, -4.993347578262136, -4.991265591922413, -4.999973384402434, -3.4889588626461343, -5.0];159.65925940001034;18.72593169999891;C:\Users\guoji\Desktop\python3_11_test\suite\runners\LayeredBeam\runs\LB\sim_687311
219;[2.5639547760000077, -2.4999999999584785];[-2.5639547760000077, 2.4999999999584785];0.0;True;[-4.999970253045144, -5.0, -5.0, -5.0, -4.992929235611581, -4.999897765577769, -5.0, -4.975605808096158, -3.5300077581504583, -5.0];159.64241040000343;18.72593169999891;C:\Users\guoji\Desktop\python3_11_test\suite\runners\LayeredBeam\runs\LB\sim_934175
220;[2.56785962400001, -2.498208014];[-2.56785962400001, 2.498208014];0.0;True;[-5.0, -5.0, -5.0, -5.0, -5.0, -4.964406101138699, -4.816988727488192, -4.999998285380198, -3.536215983579952, -5.0];156.73746449999453;18.72593169999891;C:\Users\guoji\Desktop\python3_11_test\suite\runners\LayeredBeam\runs\LB\sim_283844
221;[3.035976552000011, -2.4999999999982903];[-3.035976552000011, 2.4999999999982903];0.0;True;[-4.962066623696409, -5.0, -5.0, 3.5242541862183394, 1.948000173303905, -5.0, -5.0, 0.01639843416107123, -2.1721039154265704, -5.0];161.6887018999987;17.675016699999105;C:\Users\guoji\Desktop\python3_11_test\suite\runners\LayeredBeam\runs\LB\sim_689234
222;[2.5315200000000093, -2.47531935];[-2.5315200000000093, 2.47531935];0.0;True;[-5.0, -5.0, -5.0, -5.0, -5.0, -5.0, -5.0, -4.9999993395752735, -5.0, -5.0];164.9512456000084;17.675016699999105;C:\Users\guoji\Desktop\python3_11_test\suite\runners\LayeredBeam\runs\LB\sim_117665
223;[2.5315200000000093, -2.47531935];[-2.5315200000000093, 2.47531935];0.0;True;[-5.0, -5.0, -5.0, -5.0, -5.0, -5.0, -5.0, -4.999998502698568, -5.0, -5.0];163.60069510000176;17.675016699999105;C:\Users\guoji\Desktop\python3_11_test\suite\runners\LayeredBeam\runs\LB\sim_721853
224;[2.5315200000000093, -2.47531935];[-2.5315200000000093, 2.47531935];0.0;True;[-5.0, -5.0, -5.0, -5.0, -5.0, -5.0, -5.0, -4.999997488610483, -5.0, -5.0];164.84419240000716;17.675016699999105;C:\Users\guoji\Desktop\python3_11_test\suite\runners\LayeredBeam\runs\LB\sim_352567
225;[2.5315200000000093, -2.47531935];[-2.5315200000000093, 2.47531935];0.0;True;[-5.0, -5.0, -5.0, -5.0, -5.0, -4.999999392492901, -5.0, -4.999997592964948, -5.0, -5.0];164.16227489999437;17.675016699999105;C:\Users\guoji\Desktop\python3_11_test\suite\runners\LayeredBeam\runs\LB\sim_990256
226;[3.2112871200000033, -2.4999999999976765];[-3.2112871200000033, 2.4999999999976765];0.0;True;[5.0, -0.1656251009488594, -3.18845863966884, -3.19164683437624, -2.1626958710530375, -3.090790039646599, 2.4688058971669005, -5.0, -4.19888415170972, -5.0];165.92789760000596;18.90971459999855;C:\Users\guoji\Desktop\python3_11_test\suite\runners\LayeredBeam\runs\LB\sim_293241
227;[2.5468069680000123, -2.46056816];[-2.5468069680000123, 2.46056816];0.0;True;[-5.0, -5.0, -5.0, -5.0, -5.0, -5.0, -5.0, -4.999943486546781, -5.0, -4.292309682182803];162.5634951999964;18.90971459999855;C:\Users\guoji\Desktop\python3_11_test\suite\runners\LayeredBeam\runs\LB\sim_435983
228;[2.593874664000004, -2.499999999790153];[-2.593874664000004, 2.499999999790153];0.0;True;[-5.0, -4.0856908808485155, -5.0, -5.0, -5.0, -4.967872687681176, -4.8136192637355855, -4.9778066073279295, -5.0, -3.2682251757593934];164.245611499995;18.90971459999855;C:\Users\guoji\Desktop\python3_11_test\suite\runners\LayeredBeam\runs\LB\sim_69694
229;[2.541273912, -2.2857429];[-2.541273912, 2.2857429];0.0;True;[-5.0, -5.0, -5.0, -5.0, -5.0, -5.0, -4.999981122848026, -4.973254769294184, -4.976600449102029, -4.598586532693403];165.7969000000012;18.90971459999855;C:\Users\guoji\Desktop\python3_11_test\suite\runners\LayeredBeam\runs\LB\sim_544128
230;[2.5390722240000025, -2.48960514];[-2.5390722240000025, 2.48960514];0.0;True;[-5.0, -5.0, -4.961339279577936, -5.0, -4.697842467545046, -5.0, -4.991409477328497, -4.999774151994342, -5.0, -5.0];164.05521560000489;18.90971459999855;C:\Users\guoji\Desktop\python3_11_test\suite\runners\LayeredBeam\runs\LB\sim_237374
231;[3.175306704000014, -2.499999999999506];[-3.175306704000014, 2.499999999999506];0.0;True;[-3.429827437095027, -5.0, -2.568007759030952, -5.0, -5.0, -5.0, 5.0, -5.0, 0.8027669384651226, 5.0];159.84556630000588;18.8635132000054;C:\Users\guoji\Desktop\python3_11_test\suite\runners\LayeredBeam\runs\LB\sim_531444
232;[2.5315200000000093, -2.47531935];[-2.5315200000000093, 2.47531935];0.0;True;[-5.0, -5.0, -5.0, -5.0, -5.0, -5.0, -5.0, -4.9999993395752735, -5.0, -5.0];164.7662519000005;18.8635132000054;C:\Users\guoji\Desktop\python3_11_test\suite\runners\LayeredBeam\runs\LB\sim_173263
233;[2.5315200000000093, -2.47531935];[-2.5315200000000093, 2.47531935];0.0;True;[-5.0, -5.0, -5.0, -5.0, -5.0, -5.0, -5.0, -4.999998502698568, -5.0, -5.0];166.4044758000091;18.8635132000054;C:\Users\guoji\Desktop\python3_11_test\suite\runners\LayeredBeam\runs\LB\sim_274915
234;[2.5315200000000093, -2.47531935];[-2.5315200000000093, 2.47531935];0.0;True;[-5.0, -5.0, -5.0, -5.0, -5.0, -5.0, -5.0, -4.999997488610483, -5.0, -5.0];165.62691980000818;18.8635132000054;C:\Users\guoji\Desktop\python3_11_test\suite\runners\LayeredBeam\runs\LB\sim_695141
235;[2.5315200000000093, -2.47531935];[-2.5315200000000093, 2.47531935];0.0;True;[-5.0, -5.0, -5.0, -5.0, -5.0, -4.999999392492901, -5.0, -4.999997592964948, -5.0, -5.0];165.483942699997;18.8635132000054;C:\Users\guoji\Desktop\python3_11_test\suite\runners\LayeredBeam\runs\LB\sim_333575
236;[2.5315200000000093, -2.47531935];[-2.5315200000000093, 2.47531935];0.0;True;[-5.0, -5.0, -5.0, -5.0, -5.0, -5.0, -5.0, -4.9999993395752735, -5.0, -5.0];168.50745879999886;19.90180639999744;C:\Users\guoji\Desktop\python3_11_test\suite\runners\LayeredBeam\runs\LB\sim_66444
237;[2.5315200000000093, -2.47531935];[-2.5315200000000093, 2.47531935];0.0;True;[-5.0, -5.0, -5.0, -5.0, -5.0, -5.0, -5.0, -4.999998502698568, -5.0, -5.0];174.42915650000214;19.90180639999744;C:\Users\guoji\Desktop\python3_11_test\suite\runners\LayeredBeam\runs\LB\sim_424571
238;[2.5315200000000093, -2.47531935];[-2.5315200000000093, 2.47531935];0.0;True;[-5.0, -5.0, -5.0, -5.0, -5.0, -5.0, -5.0, -4.999997488610483, -5.0, -5.0];175.8596688999969;19.90180639999744;C:\Users\guoji\Desktop\python3_11_test\suite\runners\LayeredBeam\runs\LB\sim_156849
239;[2.5315200000000093, -2.47531935];[-2.5315200000000093, 2.47531935];0.0;True;[-5.0, -5.0, -5.0, -5.0, -5.0, -4.999999392492901, -5.0, -4.999997592964948, -5.0, -5.0];164.1778680999996;19.90180639999744;C:\Users\guoji\Desktop\python3_11_test\suite\runners\LayeredBeam\runs\LB\sim_752844
240;[2.5315200000000093, -2.47531935];[-2.5315200000000093, 2.47531935];0.0;True;[-5.0, -5.0, -5.0, -5.0, -5.0, -4.99999721912756, -5.0, -4.999997592964948, -5.0, -5.0];171.24326180000207;19.90180639999744;C:\Users\guoji\Desktop\python3_11_test\suite\runners\LayeredBeam\runs\LB\sim_456213
241;[2.5315200000000093, -2.47531935];[-2.5315200000000093, 2.47531935];0.0;True;[-5.0, -5.0, -5.0, -5.0, -5.0, -5.0, -5.0, -4.9999993395752735, -5.0, -5.0];162.18396249999932;19.764567500009434;C:\Users\guoji\Desktop\python3_11_test\suite\runners\LayeredBeam\runs\LB\sim_785867
242;[2.5315200000000093, -2.47531935];[-2.5315200000000093, 2.47531935];0.0;True;[-5.0, -5.0, -5.0, -5.0, -5.0, -5.0, -5.0, -4.999998502698568, -5.0, -5.0];163.79143699999258;19.764567500009434;C:\Users\guoji\Desktop\python3_11_test\suite\runners\LayeredBeam\runs\LB\sim_334603
243;[2.5315200000000093, -2.47531935];[-2.5315200000000093, 2.47531935];0.0;True;[-5.0, -5.0, -5.0, -5.0, -5.0, -5.0, -5.0, -4.999997488610483, -5.0, -5.0];164.8869696000038;19.764567500009434;C:\Users\guoji\Desktop\python3_11_test\suite\runners\LayeredBeam\runs\LB\sim_16803
244;[2.5315200000000093, -2.47531935];[-2.5315200000000093, 2.47531935];0.0;True;[-5.0, -5.0, -5.0, -5.0, -5.0, -4.999999392492901, -5.0, -4.999997592964948, -5.0, -5.0];164.6391294000059;19.764567500009434;C:\Users\guoji\Desktop\python3_11_test\suite\runners\LayeredBeam\runs\LB\sim_12746
245;[2.5315200000000093, -2.47531935];[-2.5315200000000093, 2.47531935];0.0;True;[-5.0, -5.0, -5.0, -5.0, -5.0, -4.99999721912756, -5.0, -4.999997592964948, -5.0, -5.0];163.86887419999402;19.764567500009434;C:\Users\guoji\Desktop\python3_11_test\suite\runners\LayeredBeam\runs\LB\sim_62071
246;[2.6354181600000137, -2.494729562];[-2.6354181600000137, 2.494729562];0.0;True;[-5.0, -5.0, -2.4832423116189863, -5.0, -4.902882348296956, -5.0, -2.8546506185932667, -4.996501627434461, -4.952615505453521, -5.0];163.8191882999963;19.06227239999862;C:\Users\guoji\Desktop\python3_11_test\suite\runners\LayeredBeam\runs\LB\sim_652595
247;[2.572353288000012, -2.47186916];[-2.572353288000012, 2.47186916];0.0;True;[-4.9999669247736565, -5.0, -4.942150385008867, -5.0, -4.698683585834729, -5.0, -4.991215031004658, -4.972482092302338, -3.5050587706176737, -5.0];163.69379710000067;19.06227239999862;C:\Users\guoji\Desktop\python3_11_test\suite\runners\LayeredBeam\runs\LB\sim_124887
248;[2.663085816000013, -0.957306];[-2.663085816000013, 0.957306];0.0;True;[-4.999437744237874, -5.0, 0.6477357065700229, -5.0, -4.699003325366359, -5.0, -4.999853432796773, -4.972482092302338, -4.88596617544232, -5.0];159.95543769998767;19.06227239999862;C:\Users\guoji\Desktop\python3_11_test\suite\runners\LayeredBeam\runs\LB\sim_437467
249;[2.708419896, -1.9030337];[-2.708419896, 1.9030337];0.0;True;[-4.999401046455875, -5.0, 0.6265596566594889, -5.0, -3.966495759044043, -4.999835354691745, -4.991215031004658, -4.974700898523134, -3.5050587706176737, -5.0];166.2249279000098;19.06227239999862;C:\Users\guoji\Desktop\python3_11_test\suite\runners\LayeredBeam\runs\LB\sim_56104
250;[2.7488419200000087, -2.44390993];[-2.7488419200000087, 2.44390993];0.0;True;[-4.9647538023071265, -5.0, 4.456634576227552, -4.939163606699982, -4.561446036331609, -5.0, -5.0, -4.999944555463725, -5.0, -4.930122132995041];178.10680540000612;19.06227239999862;C:\Users\guoji\Desktop\python3_11_test\suite\runners\LayeredBeam\runs\LB\sim_611993
251;[2.9276812800000105, 2.4130900000000004];[-2.9276812800000105, -2.4130900000000004];0.0;True;[-5.0, -5.0, 0.017173068498413713, -3.7486688420081684, -3.247279698890017, -5.0, -2.6472659858140886, 1.0705515564252472, -3.103708867479944, -5.0];165.57584349998797;20.467522200007807;C:\Users\guoji\Desktop\python3_11_test\suite\runners\LayeredBeam\runs\LB\sim_692711
252;[2.5315200000000093, -2.47531935];[-2.5315200000000093, 2.47531935];0.0;True;[-5.0, -5.0, -5.0, -5.0, -5.0, -5.0, -5.0, -4.9999993395752735, -5.0, -5.0];171.1468826999917;20.467522200007807;C:\Users\guoji\Desktop\python3_11_test\suite\runners\LayeredBeam\runs\LB\sim_943402
253;[2.5315200000000093, -2.47531935];[-2.5315200000000093, 2.47531935];0.0;True;[-5.0, -5.0, -5.0, -5.0, -5.0, -5.0, -5.0, -4.999998502698568, -5.0, -5.0];174.23526560000028;20.467522200007807;C:\Users\guoji\Desktop\python3_11_test\suite\runners\LayeredBeam\runs\LB\sim_799138
254;[2.5315200000000093, -2.47531935];[-2.5315200000000093, 2.47531935];0.0;True;[-5.0, -5.0, -5.0, -5.0, -5.0, -5.0, -5.0, -4.999997488610483, -5.0, -5.0];179.1896318000072;20.467522200007807;C:\Users\guoji\Desktop\python3_11_test\suite\runners\LayeredBeam\runs\LB\sim_354898
255;[2.5315200000000093, -2.47531935];[-2.5315200000000093, 2.47531935];0.0;True;[-5.0, -5.0, -5.0, -5.0, -5.0, -4.999999392492901, -5.0, -4.999997592964948, -5.0, -5.0];168.36140129998967;20.467522200007807;C:\Users\guoji\Desktop\python3_11_test\suite\runners\LayeredBeam\runs\LB\sim_704477
256;[2.834002512, -2.499999999857133];[-2.834002512, 2.499999999857133];0.0;True;[-4.996288126528034, 1.1443874623548353, -4.162550991952954, -4.22468141909867, -5.0, -4.999897765577769, -4.997298101636786, -4.946198461811237, 1.1863474745443607, -5.0];164.6311873000086;20.324435600006836;C:\Users\guoji\Desktop\python3_11_test\suite\runners\LayeredBeam\runs\LB\sim_602960
257;[2.932062408000008, -2.499999999978299];[-2.932062408000008, 2.499999999978299];0.0;True;[-4.999401046455875, 1.07865981845573, 0.6265596566594889, -5.0, -4.699003325366359, -5.0, -4.991215031004658, -4.972482092302338, 1.500510715311874, -5.0];170.04775350001;20.324435600006836;C:\Users\guoji\Desktop\python3_11_test\suite\runners\LayeredBeam\runs\LB\sim_962107
258;[3.1079175120000135, -1.8791559];[-3.1079175120000135, 1.8791559];0.0;True;[-3.0742831939917354, 1.2059540832328004, 0.7809854830666456, -4.332708823122451, -1.6150251639701194, -4.9279280470589795, -3.062426344126016, -4.906035007000999, 1.5970859118854204, -4.9805453589268875];164.62339470000006;20.324435600006836;C:\Users\guoji\Desktop\python3_11_test\suite\runners\LayeredBeam\runs\LB\sim_918122
259;[2.8612599840000112, -2.498818759];[-2.8612599840000112, 2.498818759];0.0;True;[-4.9729609308178695, 1.3851572414903153, -4.460407516974183, -4.9379513026782345, -5.0, -5.0, -3.18112383504555, -4.999997592964948, 1.3961420107482585, -4.963123436019393];160.21811970000272;20.324435600006836;C:\Users\guoji\Desktop\python3_11_test\suite\runners\LayeredBeam\runs\LB\sim_465019
260;[2.9735141040000137, -2.4999999999843476];[-2.9735141040000137, 2.4999999999843476];0.0;True;[-2.9967634558844054, 1.19555272954325, 0.6200308330803654, -4.999763709082312, -4.699003325366359, -5.0, -4.991215031004658, -4.958402185377755, 1.2922547398261965, -5.0];167.3021893999976;20.324435600006836;C:\Users\guoji\Desktop\python3_11_test\suite\runners\LayeredBeam\runs\LB\sim_287312
261;[2.563942248000009, -2.0095575];[-2.563942248000009, 2.0095575];0.0;True;[-4.999996185087335, -5.0, -5.0, -5.0, -4.066703014117168, -4.881589505791803, -5.0, -4.999997592964948, -4.550670674560324, -5.0];178.50736730000062;20.820523300004425;C:\Users\guoji\Desktop\python3_11_test\suite\runners\LayeredBeam\runs\LB\sim_806331
262;[2.6471344320000005, -2.4999999999972786];[-2.6471344320000005, 2.4999999999972786];0.0;True;[-5.0, -5.0, -5.0, -5.0, -5.0, 0.35251609374468273, -5.0, -5.0, -5.0, -5.0];172.01493990000745;20.820523300004425;C:\Users\guoji\Desktop\python3_11_test\suite\runners\LayeredBeam\runs\LB\sim_606195
263;[2.615984640000013, -2.05597];[-2.615984640000013, 2.05597];0.0;True;[-5.0, -5.0, -5.0, -5.0, -1.0895942219458252, -5.0, -5.0, -5.0, -5.0, -5.0];175.95668440000736;20.820523300004425;C:\Users\guoji\Desktop\python3_11_test\suite\runners\LayeredBeam\runs\LB\sim_626460
264;[2.6266140000000133, -1.8723645];[-2.6266140000000133, 1.8723645];0.0;True;[-5.0, -5.0, -5.0, -5.0, -0.5974980799055656, -5.0, -5.0, -5.0, -5.0, -5.0];177.01549229999364;20.820523300004425;C:\Users\guoji\Desktop\python3_11_test\suite\runners\LayeredBeam\runs\LB\sim_161758
265;[2.724217272000007, -2.499999999998746];[-2.724217272000007, 2.499999999998746];0.0;True;[-4.953804041464313, -5.0, -5.0, -5.0, -5.0, 1.0677707937930805, -5.0, -2.192792770664074, -5.0, -5.0];162.77160079999885;20.820523300004425;C:\Users\guoji\Desktop\python3_11_test\suite\runners\LayeredBeam\runs\LB\sim_201271
266;[2.816050320000013, -2.499999999997862];[-2.816050320000013, 2.499999999997862];0.0;True;[-5.0, -2.7450687005018812, -5.0, -4.897612535753608, -4.834066986597325, -4.923871632548453, 5.0, -4.426672821229015, -5.0, -5.0];163.94112139999925;21.31742399999348;C:\Users\guoji\Desktop\python3_11_test\suite\runners\LayeredBeam\runs\LB\sim_411204
267;[2.756047032000011, -0.9187449999999999];[-2.756047032000011, 0.9187449999999999];0.0;True;[-4.9998315843023695, -5.0, -4.989475512539264, -5.0, -5.0, 1.0561007720458093, -4.9912962263410785, -2.1654091506492597, -3.530641759687743, -4.984691597588835];164.01779499999247;21.31742399999348;C:\Users\guoji\Desktop\python3_11_test\suite\runners\LayeredBeam\runs\LB\sim_493045
268;[2.745860040000006, -2.4999999999965112];[-2.745860040000006, 2.4999999999965112];0.0;True;[-4.939439333313171, -5.0, -4.899572538504538, -5.0, -5.0, 1.091312792578508, -4.9915523904804475, -2.1228874564654054, -4.235526930977512, -4.979188733473728];163.96601380000357;21.31742399999348;C:\Users\guoji\Desktop\python3_11_test\suite\runners\LayeredBeam\runs\LB\sim_48008
269;[2.7833943600000106, -1.107134];[-2.7833943600000106, 1.107134];0.0;True;[-2.2646348970053136, -4.1002429538553, -5.0, -5.0, -4.984676991352424, 1.3244653956973007, -4.835405559502339, -4.950259634891004, -3.528397162669901, -5.0];162.56620349999866;21.31742399999348;C:\Users\guoji\Desktop\python3_11_test\suite\runners\LayeredBeam\runs\LB\sim_776611
270;[3.075754464000005, 6.516284000000001];[-3.075754464000005, -6.516284000000001];0.0;True;[2.0087634830869083, -4.726228101852747, 1.5944822262501503, -5.0, -0.9519622859898069, -1.0827486143532141, -4.917796129855531, -2.0221040850583165, -4.7063684564247055, -5.0];163.67508409998845;21.31742399999348;C:\Users\guoji\Desktop\python3_11_test\suite\runners\LayeredBeam\runs\LB\sim_849131
271;[2.7595656720000026, -2.4999999999982165];[-2.7595656720000026, 2.4999999999982165];0.0;True;[-4.3655316637838855, -4.928752066590352, -5.0, -4.196559991980765, -3.2314431362682523, -0.00608421012884186, -5.0, -5.0, -2.713944494968411, -5.0];162.50076270000136;19.58083790000819;C:\Users\guoji\Desktop\python3_11_test\suite\runners\LayeredBeam\runs\LB\sim_744540
272;[2.820439224000007, -2.4999999999953393];[-2.820439224000007, 2.4999999999953393];0.0;True;[-5.0, -4.4231089958541085, -5.0, -5.0, -0.5253494523153455, 0.7507984750221066, -2.4264530013477286, -5.0, -5.0, -5.0];164.35618350000004;19.58083790000819;C:\Users\guoji\Desktop\python3_11_test\suite\runners\LayeredBeam\runs\LB\sim_718580
273;[3.037635432000002, -2.499999999997468];[-3.037635432000002, 2.499999999997468];0.0;True;[-2.3165785555339955, -4.099926433334048, 0.6411930402617516, -4.9748821251644, -1.6633710288116434, 1.2552924084254595, -4.813550963135103, -2.091865827536804, -3.5440381676207138, -4.961001232840154];162.84717290000117;19.58083790000819;C:\Users\guoji\Desktop\python3_11_test\suite\runners\LayeredBeam\runs\LB\sim_189836
274;[3.043473480000003, -1.8262861];[-3.043473480000003, 1.8262861];0.0;True;[-2.3237030168770776, -4.099926433334048, 0.7295120211926616, -4.962566460835243, -1.6633710288116434, 1.2552924084254595, -4.813550963135103, -1.9232022519890868, -3.53564151526974, -4.9613114634587125];164.0645366000099;19.58083790000819;C:\Users\guoji\Desktop\python3_11_test\suite\runners\LayeredBeam\runs\LB\sim_869350
275;[3.0533479200000047, -2.4999999999985896];[-3.0533479200000047, 2.4999999999985896];0.0;True;[-2.3718001724992144, -5.0, 0.7295361766433652, -5.0, -1.6989031551217249, 1.3105788278245765, -4.9912962263410785, -2.1320263312534236, -3.530641759687743, -3.156729777578352];162.8459245999984;19.58083790000819;C:\Users\guoji\Desktop\python3_11_test\suite\runners\LayeredBeam\runs\LB\sim_556845
276;[2.8584113760000003, -2.4781132];[-2.8584113760000003, 2.4781132];0.0;True;[-5.0, -5.0, 0.13527162804506787, 0.007019075429074206, -4.677166819942174, -4.808026523019891, -4.513955247206331, -1.5635242993558296, -4.44576186494843, -5.0];171.62388650000503;20.744071499997517;C:\Users\guoji\Desktop\python3_11_test\suite\runners\LayeredBeam\runs\LB\sim_759315
277;[2.729609280000003, -2.498910966];[-2.729609280000003, 2.498910966];0.0;True;[-5.0, -4.316182389863026, -1.4418441953608734, -5.0, -1.2916389245051638, -5.0, -5.0, -5.0, -3.779518738743679, -5.0];177.24843199999304;20.744071499997517;C:\Users\guoji\Desktop\python3_11_test\suite\runners\LayeredBeam\runs\LB\sim_138148
278;[2.8198532160000065, -2.499999999958222];[-2.8198532160000065, 2.499999999958222];0.0;True;[-2.3169782135902723, -5.0, 0.6265596566594889, -5.0, -1.6527666719825107, -5.0, -4.804172819974889, -4.972482092302338, -3.5314016986047005, -5.0];199.5977947000065;20.744071499997517;C:\Users\guoji\Desktop\python3_11_test\suite\runners\LayeredBeam\runs\LB\sim_40978
279;[2.689701984000009, -1.265852];[-2.689701984000009, 1.265852];0.0;True;[-5.0, -3.9504557136882186, -5.0, -5.0, -1.0084196182755263, -5.0, -5.0, -5.0, -2.7178938547104208, -5.0];174.11744349999935;20.744071499997517;C:\Users\guoji\Desktop\python3_11_test\suite\runners\LayeredBeam\runs\LB\sim_460999
280;[2.777210496000007, -2.2091605];[-2.777210496000007, 2.2091605];0.0;True;[-4.943263663978786, -5.0, 4.589960143541374, -4.967291390710364, -5.0, -4.923021461424178, -4.979206248671644, -4.9218051297601395, -3.530641759687743, -4.950146897691307];187.2993437999976;20.744071499997517;C:\Users\guoji\Desktop\python3_11_test\suite\runners\LayeredBeam\runs\LB\sim_589928
281;[2.9353821120000068, -2.48807762];[-2.9353821120000068, 2.48807762];0.0;True;[-5.0, -5.0, -5.0, 4.527974807837268, 1.8330227265309764, -5.0, -5.0, -5.0, -2.663677302907672, -5.0];166.90382919998956;20.772790699993493;C:\Users\guoji\Desktop\python3_11_test\suite\runners\LayeredBeam\runs\LB\sim_310031
282;[2.722001976000005, -2.3200293];[-2.722001976000005, 2.3200293];0.0;True;[-4.925919746093301, -5.0, -5.0, -5.0, -5.0, -4.997456069968296, -4.929589886581466, -4.999973384402434, 1.411545229869108, -2.739997832361528];163.55896860000212;20.772790699993493;C:\Users\guoji\Desktop\python3_11_test\suite\runners\LayeredBeam\runs\LB\sim_681905
283;[2.9655918720000036, -2.1442826];[-2.9655918720000036, 2.1442826];0.0;True;[-2.439413604793621, -5.0, -3.5846285624749514, -1.33923027238826, -4.955529125984532, 0.5782568699918649, -5.0, -3.948923640369508, -0.49168403006336003, -3.722915338460193];163.55607820001023;20.772790699993493;C:\Users\guoji\Desktop\python3_11_test\suite\runners\LayeredBeam\runs\LB\sim_732887
284;[3.06482248800001, -2.499999999764174];[-3.06482248800001, 2.499999999764174];0.0;True;[-4.907492920324181, -4.835366751502164, -5.0, 1.7367183267971429, -5.0, 3.3956189761187066, -4.988933944680375, 4.110895668296193, -5.0, -4.821536262149091];165.5781149000104;20.772790699993493;C:\Users\guoji\Desktop\python3_11_test\suite\runners\LayeredBeam\runs\LB\sim_895632
285;[3.0893955120000065, -2.4999999999989773];[-3.0893955120000065, 2.4999999999989773];0.0;True;[-3.0183473761336908, -4.9815872239358185, -4.952025967031732, -4.934637229206893, 1.7961236294667788, 2.9070156992581175, -4.9845372556125085, -4.634222410434994, 1.4134115989155251, -2.783566535766062];158.53032400000666;20.772790699993493;C:\Users\guoji\Desktop\python3_11_test\suite\runners\LayeredBeam\runs\LB\sim_105091
286;[2.6163233280000058, -2.47272504];[-2.6163233280000058, 2.47272504];0.0;True;[-5.0, -5.0, -3.567762890250028, -5.0, -5.0, -5.0, -2.506162979682189, -5.0, -5.0, -5.0];163.01300520000223;21.246533899990027;C:\Users\guoji\Desktop\python3_11_test\suite\runners\LayeredBeam\runs\LB\sim_8853
287;[2.944320624000005, -2.499999999958694];[-2.944320624000005, 2.499999999958694];0.0;True;[-4.9060896348615906, -5.0, -5.0, -5.0, -5.0, 2.7820659103878373, -3.1938397388361057, 4.306058989837858, -4.8770585333809295, -5.0];161.69107509999594;21.246533899990027;C:\Users\guoji\Desktop\python3_11_test\suite\runners\LayeredBeam\runs\LB\sim_809220
288;[2.5799035680000024, -2.4999999999405387];[-2.5799035680000024, 2.4999999999405387];0.0;True;[-4.999401046455875, -5.0, -4.583895444944833, -5.0, -4.699003325366359, -5.0, -4.999981297741103, -4.972656310428352, -3.5050587706176737, -5.0];161.0638966999977;21.246533899990027;C:\Users\guoji\Desktop\python3_11_test\suite\runners\LayeredBeam\runs\LB\sim_653291
289;[2.533304592000005, -2.43471541];[-2.533304592000005, 2.43471541];0.0;True;[-5.0, -5.0, -5.0, -5.0, -4.917429339532269, -5.0, -5.0, -4.999946205777609, -5.0, -5.0];163.77633730000525;21.246533899990027;C:\Users\guoji\Desktop\python3_11_test\suite\runners\LayeredBeam\runs\LB\sim_535976
290;[2.5316223840000096, -2.2638493];[-2.5316223840000096, 2.2638493];0.0;True;[-5.0, -5.0, -5.0, -5.0, -4.995425495595395, -5.0, -4.99982627740496, -4.999997592964948, -5.0, -5.0];163.5196653000021;21.246533899990027;C:\Users\guoji\Desktop\python3_11_test\suite\runners\LayeredBeam\runs\LB\sim_818591
291;[2.853597384000012, -2.4999999999978697];[-2.853597384000012, 2.4999999999978697];0.0;True;[-5.0, -5.0, -0.22554305544446507, -5.0, -1.1754181616847288, -5.0, -5.0, -4.928962304668598, -2.882626500955146, -0.8764591450577672];164.37966340000276;21.778294200004893;C:\Users\guoji\Desktop\python3_11_test\suite\runners\LayeredBeam\runs\LB\sim_325565
292;[2.718569088, -1.8888623];[-2.718569088, 1.8888623];0.0;True;[-4.460533650392544, -2.8814323190632, -5.0, -5.0, -5.0, -5.0, -5.0, 0.5267788483865914, -4.525100176273881, -5.0];167.80319910000253;21.778294200004893;C:\Users\guoji\Desktop\python3_11_test\suite\runners\LayeredBeam\runs\LB\sim_15875
293;[3.099218976000004, -2.4999999999991407];[-3.099218976000004, 2.4999999999991407];0.0;True;[-4.951270624673404, -4.099926433334048, 0.7295120211926616, -1.933227772560699, -1.6554845552401707, 1.255519770347071, -4.816165041951388, -2.133916480705504, -2.84867037841422, -3.2640218916564887];161.5687248000031;21.778294200004893;C:\Users\guoji\Desktop\python3_11_test\suite\runners\LayeredBeam\runs\LB\sim_178680
294;[2.9677704480000067, -2.499999999993134];[-2.9677704480000067, 2.499999999993134];0.0;True;[-4.976499940205985, -4.554096508126872, -5.0, 1.1328621811905606, -4.902870956690027, -5.0, -3.118867199966397, 4.4231282447900035, -5.0, -2.806887311496195];166.49123700000928;21.778294200004893;C:\Users\guoji\Desktop\python3_11_test\suite\runners\LayeredBeam\runs\LB\sim_319941
295;[2.7740011680000007, -2.4999999999985265];[-2.7740011680000007, 2.4999999999985265];0.0;True;[-2.9958949117157263, -4.888456911494518, -5.0, -5.0, -5.0, -4.90548026397697, -5.0, 4.002584826330276, -5.0, -4.98677692898021];161.30896340000618;21.778294200004893;C:\Users\guoji\Desktop\python3_11_test\suite\runners\LayeredBeam\runs\LB\sim_634688
296;[2.588550912000012, -2.48867894];[-2.588550912000012, 2.48867894];0.0;True;[-5.0, -5.0, -4.555254581749523, -5.0, -4.986840157694069, -4.798830848616335, -3.0199253199916916, -4.998818755237396, -5.0, -5.0];166.43920710000384;23.15242880000733;C:\Users\guoji\Desktop\python3_11_test\suite\runners\LayeredBeam\runs\LB\sim_721792
297;[2.732221152000003, -2.4999999999667004];[-2.732221152000003, 2.4999999999667004];0.0;True;[-3.904761891650873, -1.301088986555801, -4.979713132580266, -0.980054854079178, -5.0, -4.819621611130872, -4.967735661702346, -4.789847456272878, -5.0, -4.965486445839379];174.61135680000007;23.15242880000733;C:\Users\guoji\Desktop\python3_11_test\suite\runners\LayeredBeam\runs\LB\sim_544872
298;[2.6637884640000054, -2.4999999999675486];[-2.6637884640000054, 2.4999999999675486];0.0;True;[-5.0, -5.0, -4.8375084811198805, -5.0, -5.0, 0.8300967255486693, -5.0, -5.0, -4.869055463414115, -5.0];166.52191900000616;23.15242880000733;C:\Users\guoji\Desktop\python3_11_test\suite\runners\LayeredBeam\runs\LB\sim_492078
299;[2.5924250880000055, -2.47648352];[-2.5924250880000055, 2.47648352];0.0;True;[-5.0, -4.973400018207494, -5.0, -4.997849222448675, -5.0, -4.99993199215402, -3.080676038414195, -4.956906561724469, -4.171547649591489, -5.0];167.9525685999979;23.15242880000733;C:\Users\guoji\Desktop\python3_11_test\suite\runners\LayeredBeam\runs\LB\sim_879757
300;[2.681360280000003, -1.9694352];[-2.681360280000003, 1.9694352];0.0;True;[-5.0, -5.0, -5.0, -1.9412661893893035, -5.0, -5.0, -2.8706997012260107, -4.98752739476657, -4.979515406548943, -3.2839587529492764];169.2087223999988;23.15242880000733;C:\Users\guoji\Desktop\python3_11_test\suite\runners\LayeredBeam\runs\LB\sim_548688
301;[2.8115808480000117, -2.4999999999961413];[-2.8115808480000117, 2.4999999999961413];0.0;True;[-5.0, -1.9965331562988506, -5.0, -5.0, -4.584620849593923, -5.0, -3.6546083748460902, -4.747862515793311, 2.94943525184625, -5.0];162.65202839999984;21.7241803999932;C:\Users\guoji\Desktop\python3_11_test\suite\runners\LayeredBeam\runs\LB\sim_72395
302;[2.9193158160000094, -1.7352245];[-2.9193158160000094, 1.7352245];0.0;True;[-5.0, -5.0, -5.0, -3.7806444360667864, -2.8852837291034663, 0.11521765582133003, 3.3167960124516895, -5.0, -3.8125888215122856, -5.0];168.722686100009;21.7241803999932;C:\Users\guoji\Desktop\python3_11_test\suite\runners\LayeredBeam\runs\LB\sim_861976
303;[2.672141400000008, -2.3796012];[-2.672141400000008, 2.3796012];0.0;True;[-5.0, 1.3094228216987025, -5.0, -4.997845602326693, -4.876726167561279, -4.997838307847832, -5.0, -4.960385695053418, -5.0, -4.966373890541646];166.55092870000226;21.7241803999932;C:\Users\guoji\Desktop\python3_11_test\suite\runners\LayeredBeam\runs\LB\sim_119835
304;[2.997236304000006, -1.338074];[-2.997236304000006, 1.338074];0.0;True;[-4.999401046455875, 1.0945070205643876, 0.36117641414893686, 1.1167045519387404, -4.699003325366359, -5.0, -3.1297896311289044, -4.678208004008928, -3.5050587706176737, -5.0];170.62886979999894;21.7241803999932;C:\Users\guoji\Desktop\python3_11_test\suite\runners\LayeredBeam\runs\LB\sim_608204
305;[2.668221648000013, -2.4999999995440123];[-2.668221648000013, 2.4999999995440123];0.0;True;[-5.0, 1.2666803413452454, -5.0, -5.0, -5.0, -4.9994878309791675, -5.0, -4.985928100288492, -4.952807151316688, -4.999685941639751];166.1140604999964;21.7241803999932;C:\Users\guoji\Desktop\python3_11_test\suite\runners\LayeredBeam\runs\LB\sim_45688
306;[2.930214744000001, -2.499999999995513];[-2.930214744000001, 2.499999999995513];0.0;True;[-5.0, -5.0, -5.0, -3.404798671868731, -4.4808306249542635, -5.0, 0.003762320471739855, 3.6870073692621084, -4.758015328517384, -2.589022994922898];162.9602700999967;21.54477529998985;C:\Users\guoji\Desktop\python3_11_test\suite\runners\LayeredBeam\runs\LB\sim_125255
307;[2.8334800080000027, -2.48422832];[-2.8334800080000027, 2.48422832];0.0;True;[-5.0, -5.0, -1.644446717527166, -5.0, -1.7676972313072619, -5.0, -0.5725189038207725, -3.9335617688994295, -3.102144878276936, -5.0];171.32862620000378;21.54477529998985;C:\Users\guoji\Desktop\python3_11_test\suite\runners\LayeredBeam\runs\LB\sim_799053
308;[2.633822784000012, -2.46021693];[-2.633822784000012, 2.46021693];0.0;True;[-5.0, -5.0, -4.939489980520534, -5.0, -5.0, -5.0, -5.0, -2.1847131308834333, -5.0, -3.139552050608531];168.49225160000788;21.54477529998985;C:\Users\guoji\Desktop\python3_11_test\suite\runners\LayeredBeam\runs\LB\sim_800000
309;[2.962470240000001, -2.4999999999993063];[-2.962470240000001, 2.4999999999993063];0.0;True;[-4.943263663978786, -5.0, 0.7318582242570244, -4.95573546329442, -5.0, 2.9356504104016734, -4.9912962263410785, -2.1320263312534236, -3.530641759687743, -3.163102464585802];164.2100333999988;21.54477529998985;C:\Users\guoji\Desktop\python3_11_test\suite\runners\LayeredBeam\runs\LB\sim_346605
310;[2.9719805040000074, -1.5177224];[-2.9719805040000074, 1.5177224];0.0;True;[-4.91131791072918, -4.928855715741813, 0.7318582242570244, -5.0, -5.0, 2.9274657183050063, -4.9912962263410785, -2.1320263312534236, -3.530641759687743, -2.773535980788333];164.21054549999826;21.54477529998985;C:\Users\guoji\Desktop\python3_11_test\suite\runners\LayeredBeam\runs\LB\sim_194255
311;[2.562449472000003, -1.260134];[-2.562449472000003, 1.260134];0.0;True;[-5.0, -5.0, -5.0, -3.5680764892701253, -5.0, -5.0, -5.0, -4.999996243173635, -5.0, -5.0];196.09917879999557;27.471065899997484;C:\Users\guoji\Desktop\python3_11_test\suite\runners\LayeredBeam\runs\LB\sim_359845
312;[2.7244451520000017, -2.499999999992359];[-2.7244451520000017, 2.499999999992359];0.0;True;[-5.0, -2.7138751212112195, -5.0, -5.0, -5.0, -4.584204335797368, 1.2297924302002947, -5.0, -5.0, -5.0];164.94421660000808;27.471065899997484;C:\Users\guoji\Desktop\python3_11_test\suite\runners\LayeredBeam\runs\LB\sim_955286
313;[2.5437797280000036, -2.49999999999745];[-2.5437797280000036, 2.49999999999745];0.0;True;[-5.0, -5.0, -5.0, -4.44002532815891, -5.0, -4.99339324565435, -5.0, -4.9999752677029985, -4.999021162286962, -5.0];166.31795599999896;27.471065899997484;C:\Users\guoji\Desktop\python3_11_test\suite\runners\LayeredBeam\runs\LB\sim_637916
314;[2.789190720000001, -2.4999999991676534];[-2.789190720000001, 2.4999999991676534];0.0;True;[-4.925431095191712, -5.0, 0.6781142530552735, -5.0, -4.980227556047218, 0.8420625094101819, -4.815310017340595, -4.999973384402434, -4.870023834811129, -5.0];162.30867709999438;27.471065899997484;C:\Users\guoji\Desktop\python3_11_test\suite\runners\LayeredBeam\runs\LB\sim_401006
315;[2.9061586080000037, -2.499999999996196];[-2.9061586080000037, 2.499999999996196];0.0;True;[-4.940817514071845, -4.970177871659614, 0.7318582242570244, -4.999693022874005, -5.0, 1.1813156425670446, -3.071554744243082, -4.899161280817211, -3.530641759687743, -3.1567472959445877];164.92827869999746;27.471065899997484;C:\Users\guoji\Desktop\python3_11_test\suite\runners\LayeredBeam\runs\LB\sim_566770
316;[2.981077128000012, -2.4999999999987668];[-2.981077128000012, 2.4999999999987668];0.0;True;[-4.987678945654046, 1.290463510470028, -5.0, 1.1951183880363025, -5.0, 2.8738767805817726, -5.0, -4.58859018815779, -5.0, -4.970380081644561];165.56047019999824;21.969950300001074;C:\Users\guoji\Desktop\python3_11_test\suite\runners\LayeredBeam\runs\LB\sim_318373
317;[2.8832932800000046, -2.499999999996806];[-2.8832932800000046, 2.499999999996806];0.0;True;[-4.990529213586358, 1.2270956256887295, -5.0, -4.971657852694513, -5.0, 2.77789616723898, -5.0, -4.999997592964948, -5.0, -2.7570073815079565];161.89814900000056;21.969950300001074;C:\Users\guoji\Desktop\python3_11_test\suite\runners\LayeredBeam\runs\LB\sim_791244
318;[2.931991992000005, -2.49710942];[-2.931991992000005, 2.49710942];0.0;True;[-5.0, 1.2412109718989068, -5.0, 1.1005761708635138, -4.942314394390196, -5.0, -5.0, -4.999944555463725, 1.1408935611512998, -5.0];162.44610549999925;21.969950300001074;C:\Users\guoji\Desktop\python3_11_test\suite\runners\LayeredBeam\runs\LB\sim_337904
319;[2.992779144000007, -2.499999999997775];[-2.992779144000007, 2.499999999997775];0.0;True;[-5.0, 1.003770646950323, -5.0, -3.0301993963835745, -5.0, -2.3426940384055097, -5.0, 0.41295431865685206, 0.31076711718668015, -5.0];169.63001839999924;21.969950300001074;C:\Users\guoji\Desktop\python3_11_test\suite\runners\LayeredBeam\runs\LB\sim_291126
320;[2.8464600960000084, 8.90841];[-2.8464600960000084, -8.90841];0.0;True;[-5.0, -5.0, -4.8123993476950835, 1.246485781892562, -5.0, 2.9051108012836426, -5.0, -4.888607711418023, -4.870023834811129, -5.0];166.50663409999106;21.969950300001074;C:\Users\guoji\Desktop\python3_11_test\suite\runners\LayeredBeam\runs\LB\sim_630000
321;[3.0162479760000025, -1.8850204000000002];[-3.0162479760000025, 1.8850204000000002];0.0;True;[-5.0, -5.0, -0.22821163893214624, -5.0, -5.0, -5.0, -4.031416513742213, 2.307124416425321, -3.0237848349369782, 2.4174041496940912];160.65492699999595;21.044176499999594;C:\Users\guoji\Desktop\python3_11_test\suite\runners\LayeredBeam\runs\LB\sim_680427
322;[2.6264561040000025, -2.499999999959138];[-2.6264561040000025, 2.499999999959138];0.0;True;[-5.0, -5.0, -5.0, -1.2609313527935537, -5.0, -5.0, -5.0, -5.0, -4.343886308185162, -5.0];170.9016152999975;21.044176499999594;C:\Users\guoji\Desktop\python3_11_test\suite\runners\LayeredBeam\runs\LB\sim_912334
323;[2.602868256000007, -2.4999999999949445];[-2.602868256000007, 2.4999999999949445];0.0;True;[-5.0, -3.55531803681927, -5.0, -5.0, -3.1415137680029837, -5.0, -5.0, -5.0, -5.0, -5.0];176.2837914999982;21.044176499999594;C:\Users\guoji\Desktop\python3_11_test\suite\runners\LayeredBeam\runs\LB\sim_810827
324;[2.976411960000008, -2.4999999999964713];[-2.976411960000008, 2.4999999999964713];0.0;True;[-4.22594984710023, -2.0286913973890726, -1.3662684028860443, -4.92990402211651, -5.0, -4.937351814605341, 0.33404606238656687, -3.9323700495819454, 1.3304595728040312, -4.647110064859033];160.6291121999966;21.044176499999594;C:\Users\guoji\Desktop\python3_11_test\suite\runners\LayeredBeam\runs\LB\sim_933488
325;[2.664778176000013, -2.46056949];[-2.664778176000013, 2.46056949];0.0;True;[-4.980986250122646, -5.0, -5.0, 0.9698563881748417, -4.927822448585798, -4.992251806352861, -4.968420711279499, -4.985928100288492, -5.0, -4.945098858087156];167.51725829999486;21.044176499999594;C:\Users\guoji\Desktop\python3_11_test\suite\runners\LayeredBeam\runs\LB\sim_389356
326;[2.96973453600001, -2.493929453];[-2.96973453600001, 2.493929453];0.0;True;[-3.080937034040681, -4.843990429135071, 4.474457164091149, -4.999018672552362, 1.7889567972004716, -4.881662823288065, -4.979987497811641, -4.957710173521598, -3.2793954175010276, -4.953012571254815];200.9175874999928;26.954986600001575;C:\Users\guoji\Desktop\python3_11_test\suite\runners\LayeredBeam\runs\LB\sim_843015
327;[2.9697580800000094, -2.0983359];[-2.9697580800000094, 2.0983359];0.0;True;[-4.998549201785163, -4.921217271357792, 4.480964670936363, -4.945401979237135, 1.7889567972004716, -4.9279280470589795, -3.062426344126016, -4.972364304228266, -3.200227576190785, -4.953012571254815];187.56347470000037;26.954986600001575;C:\Users\guoji\Desktop\python3_11_test\suite\runners\LayeredBeam\runs\LB\sim_578762
328;[2.7843248880000115, -2.4999999999958655];[-2.7843248880000115, 2.4999999999958655];0.0;True;[-5.0, -4.766553683849266, -2.8425096533909393, -5.0, -5.0, -4.84692389592628, -5.0, -5.0, 0.7318998739808809, -1.5719519548217544];164.1460400000069;26.954986600001575;C:\Users\guoji\Desktop\python3_11_test\suite\runners\LayeredBeam\runs\LB\sim_911742
329;[2.9573719920000103, -2.4192964];[-2.9573719920000103, 2.4192964];0.0;True;[-4.952249289532469, -4.993401459004273, 4.873144399881554, -4.160793134962223, 1.7889567972004716, -4.92038264767725, -3.0458409709295844, -4.957710173521598, -4.963342854085787, -4.953012571254815];179.00188550000894;26.954986600001575;C:\Users\guoji\Desktop\python3_11_test\suite\runners\LayeredBeam\runs\LB\sim_447495
330;[2.733495336000008, -2.1835269999999998];[-2.733495336000008, 2.1835269999999998];0.0;True;[-4.999990881849874, -5.0, 0.6939627252400289, -5.0, -5.0, -4.679997972693507, -4.99965327343719, -4.975751594381926, -3.530641759687743, -3.1571898401763936];178.78623430000152;26.954986600001575;C:\Users\guoji\Desktop\python3_11_test\suite\runners\LayeredBeam\runs\LB\sim_31014
331;[2.8853010000000068, -2.1341422];[-2.8853010000000068, 2.1341422];0.0;True;[-1.328993900250543, -4.581422710028266, -5.0, -5.0, -5.0, 3.2632868383776543, -1.992725008527243, -3.9813865348892863, -5.0, -5.0];158.8617755000014;24.225718000001507;C:\Users\guoji\Desktop\python3_11_test\suite\runners\LayeredBeam\runs\LB\sim_572112
332;[2.8440564480000097, 1.7625580000000003];[-2.8440564480000097, -1.7625580000000003];0.0;True;[-5.0, -5.0, -5.0, 0.27156318052512773, -5.0, -4.411332618552507, -5.0, -0.6623936536628943, -0.7285482836946464, -5.0];160.95801810000557;24.225718000001507;C:\Users\guoji\Desktop\python3_11_test\suite\runners\LayeredBeam\runs\LB\sim_900900
333;[2.913446016000007, -2.44838515];[-2.913446016000007, 2.44838515];0.0;True;[0.044343437002950736, -5.0, -4.9428107025282415, 3.9527416604301386, -3.6569927563934588, -5.0, -5.0, -5.0, -2.7155228600218884, -5.0];164.45971049999935;24.225718000001507;C:\Users\guoji\Desktop\python3_11_test\suite\runners\LayeredBeam\runs\LB\sim_868590
334;[2.9609022960000035, -1.458844];[-2.9609022960000035, 1.458844];0.0;True;[-5.0, -3.1006183129210942, -1.755726392867702, -1.4120519165573127, -3.4471590806472063, -4.8024121051687985, -3.7670541888787588, -2.6124717624165132, -4.058631814639624, -0.16506402551196153];159.66341120000288;24.225718000001507;C:\Users\guoji\Desktop\python3_11_test\suite\runners\LayeredBeam\runs\LB\sim_974513
335;[2.6649905040000004, -2.499999999993139];[-2.6649905040000004, 2.499999999993139];0.0;True;[-4.963312173268598, -4.938648006090435, -5.0, -5.0, -4.967861866908258, -4.997688760526019, -5.0, -2.144251800633575, -3.5422171839439107, -3.2668384344802615];162.39936429999943;24.225718000001507;C:\Users\guoji\Desktop\python3_11_test\suite\runners\LayeredBeam\runs\LB\sim_14650
336;[2.813458536000013, -0.37588];[-2.813458536000013, 0.37588];0.0;True;[-5.0, -4.922513697179195, -4.66691432671418, -4.796220955719788, -4.405206853222194, -4.660886985274828, 2.1197335509771715, -0.6152864925427988, -5.0, -5.0];162.14444229999208;26.581055200003902;C:\Users\guoji\Desktop\python3_11_test\suite\runners\LayeredBeam\runs\LB\sim_349414
337;[2.739016512000009, -2.4999999999895435];[-2.739016512000009, 2.4999999999895435];0.0;True;[-5.0, -5.0, -5.0, -5.0, -1.6352672051105865, 1.2264160397705055, -5.0, -4.999944555463725, -5.0, -4.984871361887803];169.85994650000066;26.581055200003902;C:\Users\guoji\Desktop\python3_11_test\suite\runners\LayeredBeam\runs\LB\sim_2638
338;[2.8888395120000023, -2.4999999999984226];[-2.8888395120000023, 2.4999999999984226];0.0;True;[-4.943263663978786, -2.595471619832077, 0.6545519894263041, -5.0, -5.0, 1.2900154918067086, -4.99124396397438, -4.881202890255731, -4.8340614172162635, -3.1567472959445877];166.1592845999985;26.581055200003902;C:\Users\guoji\Desktop\python3_11_test\suite\runners\LayeredBeam\runs\LB\sim_822110
339;[2.639985696000005, -2.48456413];[-2.639985696000005, 2.48456413];0.0;True;[-5.0, -5.0, -5.0, -3.712923219025244, -5.0, -5.0, -3.1518715815102136, -5.0, -3.1136360767206352, -5.0];167.25671980000334;26.581055200003902;C:\Users\guoji\Desktop\python3_11_test\suite\runners\LayeredBeam\runs\LB\sim_838739
340;[3.0930286320000056, -1.17207];[-3.0930286320000056, 1.17207];0.0;True;[-5.0, 1.0574260587840802, 4.4483073344420525, -4.7582316677449, -5.0, 2.998901769428226, -4.971110364893637, -4.985545883218212, -5.0, -2.7939872226093376];166.86411309998948;26.581055200003902;C:\Users\guoji\Desktop\python3_11_test\suite\runners\LayeredBeam\runs\LB\sim_139208
341;[3.3923836800000133, -2.2182172];[-3.3923836800000133, 2.2182172];0.0;True;[-1.7841362541055168, -4.051891367152541, 0.5803157887693535, -2.5585458087709028, -0.9871585050578737, 1.2688170258756912, -4.228936776731135, 0.39993545584999524, -3.46210875906248, 4.6785363895842575];163.6788072999916;23.67015019999235;C:\Users\guoji\Desktop\python3_11_test\suite\runners\LayeredBeam\runs\LB\sim_944313
342;[2.764491552000009, -2.4999999999631566];[-2.764491552000009, 2.4999999999631566];0.0;True;[-0.13320915755689988, -5.0, -2.0322016909318696, -2.7441051613856864, -5.0, -4.304769565209347, -5.0, -5.0, -5.0, -5.0];178.72256199999538;23.67015019999235;C:\Users\guoji\Desktop\python3_11_test\suite\runners\LayeredBeam\runs\LB\sim_628330
343;[3.0546713520000073, -2.499999999994801];[-3.0546713520000073, 2.499999999994801];0.0;True;[-4.946168575317638, -5.0, 0.7318582242570244, -4.945955191697859, 1.8393732444778932, -4.862390038808189, -4.976862408116144, -2.116125545746877, 1.654279409026305, -3.158033023743221];168.697273400001;23.67015019999235;C:\Users\guoji\Desktop\python3_11_test\suite\runners\LayeredBeam\runs\LB\sim_49135
344;[3.034789416000008, -2.4999999999966063];[-3.034789416000008, 2.4999999999966063];0.0;True;[-4.992898315540922, -4.976736760631936, 0.6265596566594889, -5.0, 1.7803629477765979, -4.5486097068746085, -4.991215031004658, 3.9806067850500906, -3.578557927812188, -5.0];166.70813920001092;23.67015019999235;C:\Users\guoji\Desktop\python3_11_test\suite\runners\LayeredBeam\runs\LB\sim_73932
345;[2.890831248000006, -2.491324094];[-2.890831248000006, 2.491324094];0.0;True;[-2.369700573232419, -4.099926433334048, -4.886394763309092, -1.9120260119919, -1.6372667544769959, -4.525466785523208, -4.996218510505691, -2.091865827536804, -3.5312984608876077, -3.3150729433069124];172.7225097999908;23.67015019999235;C:\Users\guoji\Desktop\python3_11_test\suite\runners\LayeredBeam\runs\LB\sim_92129
346;[2.9719217520000063, -2.4999999999983813];[-2.9719217520000063, 2.4999999999983813];0.0;True;[-5.0, -5.0, 2.566887104394598, -5.0, -4.194850698070715, 1.5152993998524344, -1.0211598341655566, -5.0, -4.866227039658496, -3.6109986025726957];183.49934499998926;31.718377299999702;C:\Users\guoji\Desktop\python3_11_test\suite\runners\LayeredBeam\runs\LB\sim_383835
347;[2.8984100400000075, -2.499999999783638];[-2.8984100400000075, 2.499999999783638];0.0;True;[-2.255655716744871, 1.4189310502516825, -4.899791711356977, -4.998439070414851, -5.0, -4.999998115988297, -4.989118989709054, -4.999997592964948, 2.709739983790131, -5.0];183.5750609999959;31.718377299999702;C:\Users\guoji\Desktop\python3_11_test\suite\runners\LayeredBeam\runs\LB\sim_168123
348;[2.6489334960000113, -2.47793286];[-2.6489334960000113, 2.47793286];0.0;True;[-5.0, -4.702279877987659, -5.0, 0.012543538950547273, -5.0, -4.888851917787118, -5.0, -5.0, -5.0, -4.985625020785205];183.52184800000396;31.718377299999702;C:\Users\guoji\Desktop\python3_11_test\suite\runners\LayeredBeam\runs\LB\sim_783354
349;[2.841561000000006, -2.1944388];[-2.841561000000006, 2.1944388];0.0;True;[-4.943263663978786, -4.63714179858301, 0.7318582242570244, -5.0, -5.0, 1.3105788278245765, -4.9912962263410785, -4.9726577684885935, -4.9912904237138145, -3.1530341538642377];181.9438106000016;31.718377299999702;C:\Users\guoji\Desktop\python3_11_test\suite\runners\LayeredBeam\runs\LB\sim_206549
350;[2.9002719600000058, -2.4999999999931513];[-2.9002719600000058, 2.4999999999931513];0.0;True;[-3.0742831939917354, 1.156334360351834, -4.891412102658537, -4.946052984133804, -4.869207982951877, -4.927436499657578, -3.062426344126016, -4.957710173521598, 1.5970859118854204, -4.953012571254815];183.7848501999979;31.718377299999702;C:\Users\guoji\Desktop\python3_11_test\suite\runners\LayeredBeam\runs\LB\sim_262441
351;[2.801640528000013, -2.497870243];[-2.801640528000013, 2.497870243];0.0;True;[-5.0, -2.4377680662445362, -3.2541155458380393, -1.1967671084283271, -5.0, -4.274825409129779, -5.0, -5.0, -1.3309497241282497, -5.0];169.16060620000644;27.589182299998356;C:\Users\guoji\Desktop\python3_11_test\suite\runners\LayeredBeam\runs\LB\sim_762026
352;[2.9036080800000086, -2.493884163];[-2.9036080800000086, 2.493884163];0.0;True;[-5.0, -0.3101866779817444, -0.25984757004207193, -1.2360417572155828, -5.0, -1.105348841185573, -5.0, -5.0, -4.8622594775969015, -5.0];173.34522529999958;27.589182299998356;C:\Users\guoji\Desktop\python3_11_test\suite\runners\LayeredBeam\runs\LB\sim_90863
353;[2.969170992000003, -2.47520456];[-2.969170992000003, 2.47520456];0.0;True;[-5.0, -4.611339872525205, -4.510185488905803, 1.9039035291524513, 2.248640973795359, -5.0, -4.480160369926634, -4.598624617258109, -2.8852322831084805, -2.8053706468037825];173.1729908999987;27.589182299998356;C:\Users\guoji\Desktop\python3_11_test\suite\runners\LayeredBeam\runs\LB\sim_875619
354;[2.5970535360000104, -2.497544929];[-2.5970535360000104, 2.497544929];0.0;True;[-5.0, -4.94180550437812, -5.0, -5.0, -5.0, -2.0242398062508715, -5.0, -5.0, -5.0, -5.0];168.43245720000414;27.589182299998356;C:\Users\guoji\Desktop\python3_11_test\suite\runners\LayeredBeam\runs\LB\sim_335225
355;[3.385460016000014, -2.4999999999960756];[-3.385460016000014, 2.4999999999960756];0.0;True;[-3.0919771841014, 1.2059540832328004, 4.474457164091149, 1.1811781565000725, 1.7889567972004716, -4.789803358890525, -4.902549874789764, -4.9902978224905565, 1.4418885037412021, -2.783566535766062];169.77055780000228;27.589182299998356;C:\Users\guoji\Desktop\python3_11_test\suite\runners\LayeredBeam\runs\LB\sim_730641
356;[2.5495050240000037, -0.9896119999999999];[-2.5495050240000037, 0.9896119999999999];0.0;True;[-5.0, -5.0, -5.0, -4.16735239491898, -5.0, -5.0, -5.0, -5.0, -5.0, -5.0];169.4843089999922;30.63914109999314;C:\Users\guoji\Desktop\python3_11_test\suite\runners\LayeredBeam\runs\LB\sim_49363
357;[2.872228032000004, -2.3157747];[-2.872228032000004, 2.3157747];0.0;True;[-2.8599493937745897, -5.0, -4.94051179526342, 1.2349212992968095, -2.1875617353130905, -5.0, -2.8789979933736585, -5.0, -2.5943677571435773, -5.0];172.8210143000033;30.63914109999314;C:\Users\guoji\Desktop\python3_11_test\suite\runners\LayeredBeam\runs\LB\sim_517670
358;[3.23887464, -2.4999999999983116];[-3.23887464, 2.4999999999983116];0.0;True;[-5.0, 0.9244126014601184, 4.561367101100387, 1.461803047766285, -4.931520816776198, -4.993347578262136, -3.108781791471037, 3.703993028808851, -4.870023834811129, -5.0];166.34943180000118;30.63914109999314;C:\Users\guoji\Desktop\python3_11_test\suite\runners\LayeredBeam\runs\LB\sim_540092
359;[3.1340470320000007, -2.4999999999980727];[-3.1340470320000007, 2.4999999999980727];0.0;True;[-2.048238522701701, 1.8251193438860511, -0.2967676958626839, -4.376094127753763, -5.0, -0.1889897643590519, -5.0, 1.8069373325241767, -4.192015398482327, -4.635184197022283];164.26593799999682;30.63914109999314;C:\Users\guoji\Desktop\python3_11_test\suite\runners\LayeredBeam\runs\LB\sim_772775
360;[2.967253344000012, -2.49481362];[-2.967253344000012, 2.49481362];0.0;True;[0.6181360685090844, -4.999908443687398, -3.0224148322582547, -2.044057596387127, -5.0, -4.681632144097636, 0.8142141628009689, -2.886517140049359, -3.624961334903529, -5.0];162.18719270000292;30.63914109999314;C:\Users\guoji\Desktop\python3_11_test\suite\runners\LayeredBeam\runs\LB\sim_696973
361;[3.072254400000002, -2.4999999999998077];[-3.072254400000002, 2.4999999999998077];0.0;True;[-1.5441424550893617, -5.0, 0.7840626978649983, -4.678078149396653, -4.067982642312478, 2.933360391415337, -5.0, -2.8536939983163254, -3.484335053019621, -2.0552407705283353];166.0597626999952;28.794295800005784;C:\Users\guoji\Desktop\python3_11_test\suite\runners\LayeredBeam\runs\LB\sim_993648
362;[3.0139190640000035, -2.499999999915358];[-3.0139190640000035, 2.499999999915358];0.0;True;[-5.0, -5.0, 0.6948774885326179, -5.0, 2.5495077304571243, -4.686862281824669, -0.44555142784037116, -4.326554586577673, -3.2376146011879126, -3.2145042454345774];166.212881200001;28.794295800005784;C:\Users\guoji\Desktop\python3_11_test\suite\runners\LayeredBeam\runs\LB\sim_282862
363;[2.7278581680000027, -2.490828972];[-2.7278581680000027, 2.490828972];0.0;True;[-4.399765272452264, -3.3764928027808763, -5.0, -3.983507524022843, -3.622391659336677, -3.872491132010161, -5.0, -5.0, -5.0, -1.6556043332510533];175.2236700999929;28.794295800005784;C:\Users\guoji\Desktop\python3_11_test\suite\runners\LayeredBeam\runs\LB\sim_401539
364;[3.3837870960000127, -1.9731733];[-3.3837870960000127, 1.9731733];0.0;True;[-3.0183473761336908, -4.956835077333654, 4.474457164091149, -4.852842794135003, 1.810171488741723, 2.9070156992581175, -3.115491843802307, 3.9766685944546296, -4.984381351360577, -2.783566535766062];159.3827992000006;28.794295800005784;C:\Users\guoji\Desktop\python3_11_test\suite\runners\LayeredBeam\runs\LB\sim_504891
365;[2.637519624000009, -2.494934958];[-2.637519624000009, 2.494934958];0.0;True;[-5.0, -5.0, -4.861033231743752, -4.587517851273324, -5.0, -4.910123282214252, -4.9999409316060595, -2.216975744780405, -3.5170050504318464, -5.0];167.55892719999247;28.794295800005784;C:\Users\guoji\Desktop\python3_11_test\suite\runners\LayeredBeam\runs\LB\sim_932480
366;[2.8554465600000025, -2.2136982];[-2.8554465600000025, 2.2136982];0.0;True;[3.977551748442851, -1.7803166317616919, -3.876500073225869, -5.0, -3.3841034777335466, -4.939984563878341, -5.0, -5.0, -5.0, -5.0];170.9674248999945;30.424408799997764;C:\Users\guoji\Desktop\python3_11_test\suite\runners\LayeredBeam\runs\LB\sim_36650
367;[2.870072784000005, -2.499999999940197];[-2.870072784000005, 2.499999999940197];0.0;True;[-2.3503921538358297, 1.2026283139674039, -5.0, -4.732188707643833, -4.895466889939581, -4.775585911725657, -4.95249930900885, -4.985928100288492, 1.1631631811776613, -5.0];161.8100994999986;30.424408799997764;C:\Users\guoji\Desktop\python3_11_test\suite\runners\LayeredBeam\runs\LB\sim_534680
368;[2.88882806400001, -1.9350502];[-2.88882806400001, 1.9350502];0.0;True;[-5.0, 2.116432992231699, -3.218262548981132, -0.9848230805760325, -5.0, -4.715134430516028, -2.34891321528056, -5.0, -4.30724855986219, -5.0];166.42610270000296;30.424408799997764;C:\Users\guoji\Desktop\python3_11_test\suite\runners\LayeredBeam\runs\LB\sim_376847
369;[2.5582528080000113, -2.48598306];[-2.5582528080000113, 2.48598306];0.0;True;[-4.965236989758927, -5.0, -5.0, -5.0, -4.986050614434596, -4.045397577707514, -5.0, -4.999973384402434, -4.870023834811129, -4.895675087263848];160.89737669999886;30.424408799997764;C:\Users\guoji\Desktop\python3_11_test\suite\runners\LayeredBeam\runs\LB\sim_578776
370;[2.8725189840000107, -2.48353579];[-2.8725189840000107, 2.48353579];0.0;True;[-4.971648659834129, 1.194838554068511, -5.0, -5.0, 2.130484774890988, -4.83076799390984, -5.0, -4.999973384402434, -4.870023834811129, -2.865919804133727];170.60020219998842;30.424408799997764;C:\Users\guoji\Desktop\python3_11_test\suite\runners\LayeredBeam\runs\LB\sim_193886
371;[2.689988832000001, -2.2135766];[-2.689988832000001, 2.2135766];0.0;True;[-2.0553128059552446, -5.0, -5.0, -1.839447477767254, -5.0, -4.48253008915037, -5.0, -5.0, -4.286182757427779, -5.0];169.83074459999625;31.034466700002667;C:\Users\guoji\Desktop\python3_11_test\suite\runners\LayeredBeam\runs\LB\sim_399555
372;[3.111870744000003, -2.4999999999978533];[-3.111870744000003, 2.4999999999978533];0.0;True;[1.4634931008716219, -5.0, 4.9992598099857, -5.0, -3.0870144737901177, 1.466330965437681, -5.0, -5.0, -4.530317629227165, -3.4436542555035246];166.77835570000752;31.034466700002667;C:\Users\guoji\Desktop\python3_11_test\suite\runners\LayeredBeam\runs\LB\sim_694498
373;[2.9323661040000086, -2.499999999995583];[-2.9323661040000086, 2.499999999995583];0.0;True;[-5.0, -0.36562377773098476, -2.6536785962675156, 1.285715923950237, -5.0, -5.0, -5.0, -5.0, 0.29129132081088294, -5.0];162.4864560999995;31.034466700002667;C:\Users\guoji\Desktop\python3_11_test\suite\runners\LayeredBeam\runs\LB\sim_812035
374;[2.8437605280000056, 2.88701];[-2.8437605280000056, -2.88701];0.0;True;[-5.0, 1.2927602120475123, -5.0, -5.0, -5.0, 3.0297238387340677, -4.991223936967491, -4.894865067138635, -5.0, -4.980804710974258];162.96012930000143;31.034466700002667;C:\Users\guoji\Desktop\python3_11_test\suite\runners\LayeredBeam\runs\LB\sim_167289
375;[3.104849232000009, -2.496002831];[-3.104849232000009, 2.496002831];0.0;True;[2.0052753456465453, -2.672835458480166, -5.0, -0.18098528740580644, 1.3337598587478432, -1.5063395324553674, -3.149517493638774, -4.4336611488871975, -5.0, -4.8526718761036856];163.47159880000982;31.034466700002667;C:\Users\guoji\Desktop\python3_11_test\suite\runners\LayeredBeam\runs\LB\sim_292634
376;[2.819819736000012, -0.6707129999999999];[-2.819819736000012, 0.6707129999999999];0.0;True;[-5.0, -4.293018268100204, -3.083070179597141, -4.549130056913248, -4.6974468636463, -3.9010471985287514, -5.0, 0.6554709603270297, -5.0, -1.7845590020773479];164.3676085999905;29.244669500010787;C:\Users\guoji\Desktop\python3_11_test\suite\runners\LayeredBeam\runs\LB\sim_868929
377;[3.0517644240000004, -2.499999999999465];[-3.0517644240000004, 2.499999999999465];0.0;True;[-3.0694536508119885, -5.0, -4.934101315396687, 1.0822687288619806, -5.0, -4.932814274298222, -5.0, 3.99037070816272, 1.9491077695082781, -5.0];161.32997890000115;29.244669500010787;C:\Users\guoji\Desktop\python3_11_test\suite\runners\LayeredBeam\runs\LB\sim_626970
378;[3.1676667840000032, -1.8275234];[-3.1676667840000032, 1.8275234];0.0;True;[-4.999401046455875, 1.2216716753630585, 0.6926935287834759, -5.0, -4.637467206369233, -4.953144018679527, -3.2395356205085237, 3.892118272168636, 1.4743053578600378, -5.0];158.27731440000935;29.244669500010787;C:\Users\guoji\Desktop\python3_11_test\suite\runners\LayeredBeam\runs\LB\sim_816568
379;[2.960202456000011, -1.5950313];[-2.960202456000011, 1.5950313];0.0;True;[-4.943263663978786, -5.0, 0.7320544401718685, -4.996619055128684, -4.068449701009574, 1.2569422642568053, -4.9912962263410785, -2.1320263312534236, -3.9897102146837056, -2.021237820138795];160.5378622999997;29.244669500010787;C:\Users\guoji\Desktop\python3_11_test\suite\runners\LayeredBeam\runs\LB\sim_848352
380;[3.316957992000005, -2.0787548];[-3.316957992000005, 2.0787548];0.0;True;[-4.985624038997602, -4.976764610646996, 4.218098216940717, -4.983752009462235, 1.7889567972004716, -4.657069825434873, -2.956755141076115, 3.9766685944546296, 1.7226918098850819, -2.783566535766062];161.30126890000247;29.244669500010787;C:\Users\guoji\Desktop\python3_11_test\suite\runners\LayeredBeam\runs\LB\sim_969361
381;[2.8601354880000014, -2.4999999999969678];[-2.8601354880000014, 2.4999999999969678];0.0;True;[-5.0, 1.735660190022518, -5.0, -4.947632202703918, -5.0, 2.5618429070422106, -5.0, -4.148676973772079, -4.987522001938149, -5.0];164.68313489999855;33.10241189999215;C:\Users\guoji\Desktop\python3_11_test\suite\runners\LayeredBeam\runs\LB\sim_878134
382;[2.811227904000013, -2.4999999999956044];[-2.811227904000013, 2.4999999999956044];0.0;True;[-4.997931688687783, -5.0, -4.999230613358918, 1.0822687288619806, -5.0, -4.932469492768172, -5.0, -4.96633961237791, 1.763131975042203, -5.0];165.60017370000423;33.10241189999215;C:\Users\guoji\Desktop\python3_11_test\suite\runners\LayeredBeam\runs\LB\sim_657362
383;[2.817116280000004, 0.524937];[-2.817116280000004, -0.524937];0.0;True;[-4.990513965828557, -5.0, -4.937239640929285, 1.0822687288619806, -5.0, -4.932814274298222, -5.0, -4.988816748763282, 1.9891600065775137, -5.0];167.50748870000825;33.10241189999215;C:\Users\guoji\Desktop\python3_11_test\suite\runners\LayeredBeam\runs\LB\sim_42381
384;[2.8584005760000086, -2.499999999999227];[-2.8584005760000086, 2.499999999999227];0.0;True;[-3.0694536508119885, -5.0, -4.884555610997773, 1.0822687288619806, -5.0, -4.999898802383808, -5.0, -4.944101769156275, 1.9491077695082781, -5.0];158.30865759999142;33.10241189999215;C:\Users\guoji\Desktop\python3_11_test\suite\runners\LayeredBeam\runs\LB\sim_763669
385;[2.847725424000011, -2.499999999996854];[-2.847725424000011, 2.499999999996854];0.0;True;[-3.8843569804278273, -5.0, -4.934101315396687, 1.0822687288619806, -5.0, -4.932814274298222, -5.0, -4.640965517507683, 1.9491077695082781, -5.0];168.44068939999852;33.10241189999215;C:\Users\guoji\Desktop\python3_11_test\suite\runners\LayeredBeam\runs\LB\sim_818710
386;[2.944026648000003, -2.2371679];[-2.944026648000003, 2.2371679];0.0;True;[-0.20096763340386303, -5.0, -5.0, 1.4076238604433655, -5.0, -5.0, -3.673600126726257, -4.655013070702667, 1.2194899261553784, -5.0];167.5065089999989;31.445416699993075;C:\Users\guoji\Desktop\python3_11_test\suite\runners\LayeredBeam\runs\LB\sim_35743
387;[2.840761800000008, -2.499999999996247];[-2.840761800000008, 2.499999999996247];0.0;True;[-3.0694536508119885, -5.0, -4.886947643216644, 1.053484318317146, -5.0, -4.999898802383808, -5.0, -4.9450659759640905, 1.1646558410459225, -5.0];165.5713240000041;31.445416699993075;C:\Users\guoji\Desktop\python3_11_test\suite\runners\LayeredBeam\runs\LB\sim_830686
388;[2.8901385360000087, -2.4999999999980944];[-2.8901385360000087, 2.4999999999980944];0.0;True;[-3.0694384707134583, -4.983623573436252, -4.884555610997773, 1.0822687288619806, -5.0, -4.999898802383808, -3.12846238514249, -4.827841410119064, 1.4142526610397974, -5.0];166.18151700000453;31.445416699993075;C:\Users\guoji\Desktop\python3_11_test\suite\runners\LayeredBeam\runs\LB\sim_576553
389;[2.9497625280000133, -2.499999999998284];[-2.9497625280000133, 2.499999999998284];0.0;True;[-3.5380063556625214, -4.813652488218703, -3.9759241021860667, -0.14627920666281913, -4.920014828925623, -5.0, -5.0, -4.385233525247452, 1.3592204013385096, -0.2170478224877801];164.4428615999932;31.445416699993075;C:\Users\guoji\Desktop\python3_11_test\suite\runners\LayeredBeam\runs\LB\sim_980963
390;[2.9861993520000074, -2.499999999996317];[-2.9861993520000074, 2.499999999996317];0.0;True;[-3.0694536508119885, -5.0, -4.953680588101573, 1.0822687288619806, 1.5151878492184014, -4.999898802383808, -5.0, -4.944101769156275, 1.4196470339607377, -5.0];166.20766820000426;31.445416699993075;C:\Users\guoji\Desktop\python3_11_test\suite\runners\LayeredBeam\runs\LB\sim_326981
391;[2.9404086480000062, -2.4999999999913585];[-2.9404086480000062, 2.4999999999913585];0.0;True;[-5.0, -4.538986316498173, -5.0, 0.6927318630310966, -3.6536340986100666, -5.0, -5.0, -3.5978453157396224, 1.9625133323545008, -1.9347350921832103];170.96732099998917;30.890900300000794;C:\Users\guoji\Desktop\python3_11_test\suite\runners\LayeredBeam\runs\LB\sim_775361
392;[2.594417040000005, -2.4840159];[-2.594417040000005, 2.4840159];0.0;True;[-4.9993889751558065, -5.0, -4.78829409703677, -5.0, -4.99948023970151, -4.999896659590003, -4.991215031004658, -3.8047408202631674, -3.5050587706176737, -5.0];166.49961110000731;30.890900300000794;C:\Users\guoji\Desktop\python3_11_test\suite\runners\LayeredBeam\runs\LB\sim_486168
393;[2.955503592000003, -2.0337421];[-2.955503592000003, 2.0337421];0.0;True;[-5.0, -3.3451815891038845, 1.5678537427278716, 1.5763781139690538, -5.0, -4.861225387457237, -4.589277043329086, -1.0622293644899394, -4.65742319390645, -5.0];161.3648125000036;30.890900300000794;C:\Users\guoji\Desktop\python3_11_test\suite\runners\LayeredBeam\runs\LB\sim_210344
394;[2.901826080000003, -1.6259595];[-2.901826080000003, 1.6259595];0.0;True;[-5.0, -4.971356658894632, 1.5626219595896522, -1.8960262599697812, -5.0, -5.0, -2.0542508822429, -0.4971966816033673, -5.0, -5.0];167.43950510000286;30.890900300000794;C:\Users\guoji\Desktop\python3_11_test\suite\runners\LayeredBeam\runs\LB\sim_266294
395;[2.835665064000001, -2.1294889];[-2.835665064000001, 2.1294889];0.0;True;[-4.862331253653158, -5.0, -4.95109641991424, -4.678078149396653, -4.067982642312478, 2.931455536375662, -4.138792800950483, -2.8536939983163254, -3.484335053019621, -4.814359398076494];161.67881709999347;30.890900300000794;C:\Users\guoji\Desktop\python3_11_test\suite\runners\LayeredBeam\runs\LB\sim_968165
396;[2.550018888000008, -2.4999999998316382];[-2.550018888000008, 2.4999999998316382];0.0;True;[-4.900416379219367, -5.0, -5.0, -4.67742879506474, -5.0, -4.5691639992890885, -5.0, -4.999997684722358, -4.996573896316833, -5.0];165.11423749999085;30.65455049999582;C:\Users\guoji\Desktop\python3_11_test\suite\runners\LayeredBeam\runs\LB\sim_169788
397;[2.872746216000005, -2.47960213];[-2.872746216000005, 2.47960213];0.0;True;[3.9634992154812565, -4.885511539460792, -4.776032322629054, -4.2785221911432485, -5.0, -4.364308222802773, -5.0, -5.0, -5.0, 0.13838674758274916];167.97185020000325;30.65455049999582;C:\Users\guoji\Desktop\python3_11_test\suite\runners\LayeredBeam\runs\LB\sim_447099
398;[2.567868480000013, -2.497038218];[-2.567868480000013, 2.497038218];0.0;True;[-4.965095687802276, -5.0, -4.995944926502504, -4.6807861985946495, -4.933472387571999, -4.475903689867353, -5.0, -4.999997592964948, -4.2659874852522615, -5.0];168.4353437999962;30.65455049999582;C:\Users\guoji\Desktop\python3_11_test\suite\runners\LayeredBeam\runs\LB\sim_490951
399;[2.5315200000000093, -2.47531935];[-2.5315200000000093, 2.47531935];0.0;True;[-5.0, -5.0, -5.0, -5.0, -5.0, -5.0, -5.0, -4.99999803835769, -5.0, -5.0];162.26755850001064;30.65455049999582;C:\Users\guoji\Desktop\python3_11_test\suite\runners\LayeredBeam\runs\LB\sim_72944
400;[2.5315200000000093, -2.47531935];[-2.5315200000000093, 2.47531935];0.0;True;[-5.0, -5.0, -5.0, -5.0, -5.0, -4.999999957249382, -5.0, -4.999997592964948, -5.0, -5.0];162.17219420000038;30.65455049999582;C:\Users\guoji\Desktop\python3_11_test\suite\runners\LayeredBeam\runs\LB\sim_763126
401;[2.654117712000012, -2.46343934];[-2.654117712000012, 2.46343934];0.0;True;[-5.0, -5.0, -5.0, -5.0, -0.027795837611124696, -4.296384269697498, -5.0, -5.0, -5.0, -5.0];178.02477750000253;33.912520400001085;C:\Users\guoji\Desktop\python3_11_test\suite\runners\LayeredBeam\runs\LB\sim_467709
402;[3.1827861360000096, -1.6104079];[-3.1827861360000096, 1.6104079];0.0;True;[-5.0, -1.141864807263545, -5.0, -3.090273222687469, -1.3887275968655959, 2.3254997437183498, -0.1953115602556963, -4.210619715781206, -1.9877996828246958, -0.1596742711883543];154.71215479999955;33.912520400001085;C:\Users\guoji\Desktop\python3_11_test\suite\runners\LayeredBeam\runs\LB\sim_29218
403;[2.937252456000003, -2.4999999999992637];[-2.937252456000003, 2.4999999999992637];0.0;True;[-3.0694536508119885, -5.0, -4.955548606582499, 1.1695040823262337, -5.0, -4.932814274298222, -5.0, 3.99037070816272, -3.5233832970654766, -4.8947736529136];162.01142369999434;33.912520400001085;C:\Users\guoji\Desktop\python3_11_test\suite\runners\LayeredBeam\runs\LB\sim_968861
404;[2.74923136800001, -2.4999999999992664];[-2.74923136800001, 2.4999999999992664];0.0;True;[-4.993252967179995, -4.905048406878255, -4.93250858954741, -4.903543660249548, -5.0, -4.285541003188103, -5.0, 4.057357119942537, -4.958222532788175, -5.0];159.35841780000192;33.912520400001085;C:\Users\guoji\Desktop\python3_11_test\suite\runners\LayeredBeam\runs\LB\sim_165668
405;[2.9554986240000054, -2.499999999994265];[-2.9554986240000054, 2.499999999994265];0.0;True;[-3.0694536508119885, -5.0, -4.999758554976645, 1.0360553879700536, -5.0, -4.932814274298222, -4.547829937944114, 4.573701105421733, -3.4312829844484094, -5.0];159.1883977999969;33.912520400001085;C:\Users\guoji\Desktop\python3_11_test\suite\runners\LayeredBeam\runs\LB\sim_883698
406;[2.602595016000006, -2.4622848];[-2.602595016000006, 2.4622848];0.0;True;[-4.968478394592517, -5.0, -4.912347290364489, -4.678078149396653, -4.067982642312478, -4.636406157129004, -5.0, -4.971317216952945, -3.484335053019621, -4.9905544086780305];173.5415509000013;34.61167410000053;C:\Users\guoji\Desktop\python3_11_test\suite\runners\LayeredBeam\runs\LB\sim_549067
407;[2.6936938800000005, -2.499999999994613];[-2.6936938800000005, 2.499999999994613];0.0;True;[-4.993252967179995, -4.904623100718398, -4.8932937124382985, -4.903543660249548, -4.995106093193607, -4.285541003188103, -5.0, -3.0166807620305667, -3.4519938420110385, -2.0479255038146826];163.19329680000374;34.61167410000053;C:\Users\guoji\Desktop\python3_11_test\suite\runners\LayeredBeam\runs\LB\sim_457073
408;[2.7875013840000102, -2.4999999999977365];[-2.7875013840000102, 2.4999999999977365];0.0;True;[-1.5311536790354277, -4.184365805925023, -3.247875006047891, -5.0, -0.9091381408831731, -4.523332379150568, -5.0, -4.321378884862405, -4.439736113554242, -4.992044196125672];171.17967700000736;34.61167410000053;C:\Users\guoji\Desktop\python3_11_test\suite\runners\LayeredBeam\runs\LB\sim_255366
409;[2.5901171280000024, -2.0912232];[-2.5901171280000024, 2.0912232];0.0;True;[-5.0, -5.0, -5.0, -5.0, -4.019067685834813, -4.772542292381945, -5.0, -4.999944555463725, -3.4956029147066365, -5.0];173.50435149999976;34.61167410000053;C:\Users\guoji\Desktop\python3_11_test\suite\runners\LayeredBeam\runs\LB\sim_640218
410;[2.548081368000013, -2.494198478];[-2.548081368000013, 2.494198478];0.0;True;[-4.999730554293398, -4.905738026422488, -5.0, -4.9971069340546945, -5.0, -4.33074476484431, -5.0, -4.999944555463725, -5.0, -5.0];167.5484970999969;34.61167410000053;C:\Users\guoji\Desktop\python3_11_test\suite\runners\LayeredBeam\runs\LB\sim_691669
411;[2.7822348720000085, -2.499999999999113];[-2.7822348720000085, 2.499999999999113];0.0;True;[-5.0, -2.3072266817403815, -4.358804108582134, -3.229905337995727, -5.0, -4.197820262296546, 0.700906077255028, -5.0, -5.0, -5.0];166.83597430000373;34.43153180000081;C:\Users\guoji\Desktop\python3_11_test\suite\runners\LayeredBeam\runs\LB\sim_992227
412;[2.792300472000006, -2.4999999999872076];[-2.792300472000006, 2.4999999999872076];0.0;True;[-3.0694536508119885, -5.0, -4.934101315396687, -4.7006763507552805, -5.0, -4.932814274298222, -5.0, -2.2413059282788943, 1.9491077695082781, -4.997586775148497];160.73057149999659;34.43153180000081;C:\Users\guoji\Desktop\python3_11_test\suite\runners\LayeredBeam\runs\LB\sim_935080
413;[2.685868416000006, -2.4999999999983364];[-2.685868416000006, 2.4999999999983364];0.0;True;[-4.994302138679407, -5.0, -4.999793555855336, -4.9456862253930325, -5.0, -4.9994457566054935, -5.0, -4.996734933014236, 2.0817197566322276, -5.0];162.6903106999962;34.43153180000081;C:\Users\guoji\Desktop\python3_11_test\suite\runners\LayeredBeam\runs\LB\sim_58003
414;[2.6853979680000055, -2.49999999999844];[-2.6853979680000055, 2.49999999999844];0.0;True;[-5.0, -5.0, -4.997374837018787, -4.948575122466289, -5.0, -4.932830380289576, -5.0, -4.999997592964948, 2.002751636007898, -5.0];165.64139930000238;34.43153180000081;C:\Users\guoji\Desktop\python3_11_test\suite\runners\LayeredBeam\runs\LB\sim_841978
415;[2.9893801680000025, -2.499999999996564];[-2.9893801680000025, 2.499999999996564];0.0;True;[-4.997471853993444, -5.0, -4.953891484248121, 1.0195754741908525, -5.0, -4.993347578262136, -4.906618557710449, 3.9511199296912025, 1.0778412826937807, -5.0];160.02848829999857;34.43153180000081;C:\Users\guoji\Desktop\python3_11_test\suite\runners\LayeredBeam\runs\LB\sim_151810
416;[3.2818080960000104, 1.2917390000000002];[-3.2818080960000104, -1.2917390000000002];0.0;True;[3.443557648338647, -2.595790704902788, -3.3164772734407895, 1.2855491390597464, -3.431997150150145, -5.0, -4.051988315618232, -4.309946878902906, 1.944354674318589, 0.7683047305306898];166.71518579999974;32.164755899997544;C:\Users\guoji\Desktop\python3_11_test\suite\runners\LayeredBeam\runs\LB\sim_769633
417;[2.8162844640000073, -2.499999999996671];[-2.8162844640000073, 2.499999999996671];0.0;True;[-4.999401046455875, -5.0, 0.6265596566594889, -4.935790770660507, -4.991264991226054, -4.283570215490701, -4.999915709140368, -4.9957187840392585, 1.7626410330975704, -5.0];169.5515052999981;32.164755899997544;C:\Users\guoji\Desktop\python3_11_test\suite\runners\LayeredBeam\runs\LB\sim_752305
418;[2.9853746640000067, -1.389048];[-2.9853746640000067, 1.389048];0.0;True;[-5.0, -1.6276700947730038, 0.9137309959757918, -1.4614552696320389, -0.47680004026692124, -4.8121125988686595, -3.45447933992419, -4.990319054023851, -3.079093585830485, -5.0];166.72177740000188;32.164755899997544;C:\Users\guoji\Desktop\python3_11_test\suite\runners\LayeredBeam\runs\LB\sim_40587
419;[3.0150405360000048, -1.8175801];[-3.0150405360000048, 1.8175801];0.0;True;[-4.943263663978786, -5.0, 4.509127067665107, -5.0, -5.0, 1.6300712414712866, -4.9912962263410785, -2.1320263312534236, -3.530641759687743, -3.1567472959445877];160.10143229999812;32.164755899997544;C:\Users\guoji\Desktop\python3_11_test\suite\runners\LayeredBeam\runs\LB\sim_507208
420;[3.1100438160000103, -1.8262768];[-3.1100438160000103, 1.8262768];0.0;True;[-4.971998417503645, -5.0, 0.8049350384157163, -4.941574238195895, -4.08063883261761, 2.933360391415337, -5.0, -2.8536939983163254, 1.9483679774491245, -2.0552407705283353];159.13691590000235;32.164755899997544;C:\Users\guoji\Desktop\python3_11_test\suite\runners\LayeredBeam\runs\LB\sim_431213
421;[2.745657216000008, -2.499999999996134];[-2.745657216000008, 2.499999999996134];0.0;True;[-5.0, -5.0, -5.0, -5.0, -5.0, 3.2833595427255187, -3.3695978754909888, -5.0, -5.0, -5.0];158.89396020000277;37.937802099986584;C:\Users\guoji\Desktop\python3_11_test\suite\runners\LayeredBeam\runs\LB\sim_755492
422;[2.7595792800000076, -2.1388203];[-2.7595792800000076, 2.1388203];0.0;True;[-5.0, -5.0, -4.915192368028297, -5.0, -5.0, 3.5199620324511898, -3.1283733876099316, -4.999944555463725, -4.918140308457042, -5.0];158.4360072999989;37.937802099986584;C:\Users\guoji\Desktop\python3_11_test\suite\runners\LayeredBeam\runs\LB\sim_496633
423;[2.6990133120000093, -2.4999999999978075];[-2.6990133120000093, 2.4999999999978075];0.0;True;[-4.99982105714681, -5.0, -4.997374837018787, -4.948575122466289, -5.0, -4.312451876461246, -5.0, -4.99021064389674, 2.002751636007898, -5.0];159.65601920000336;37.937802099986584;C:\Users\guoji\Desktop\python3_11_test\suite\runners\LayeredBeam\runs\LB\sim_830817
424;[2.700304128, -2.4999999999942415];[-2.700304128, 2.4999999999942415];0.0;True;[-4.993252967179995, -4.905048406878255, -4.93250858954741, -4.903543660249548, -5.0, -4.285541003188103, -5.0, -4.728337831673083, 1.5623313756750479, -5.0];158.4401751999976;37.937802099986584;C:\Users\guoji\Desktop\python3_11_test\suite\runners\LayeredBeam\runs\LB\sim_924799
425;[2.8053408240000106, -2.42730734];[-2.8053408240000106, 2.42730734];0.0;True;[-4.999401046455875, -5.0, 0.6265596566594889, -4.980712641781643, -4.998284781197874, -5.0, -4.993821425547167, -4.972482092302338, 1.9950472300164996, -5.0];165.10976739999023;37.937802099986584;C:\Users\guoji\Desktop\python3_11_test\suite\runners\LayeredBeam\runs\LB\sim_854155
426;[2.8144333440000002, -2.47164364];[-2.8144333440000002, 2.47164364];0.0;True;[-2.415782487708423, -5.0, -5.0, 2.4801959245336516, -5.0, -5.0, -5.0, -5.0, -5.0, -1.9665704675704543];170.06181930001185;34.02176430000691;C:\Users\guoji\Desktop\python3_11_test\suite\runners\LayeredBeam\runs\LB\sim_917107
427;[3.0244773600000134, 1.296201];[-3.0244773600000134, -1.296201];0.0;True;[-3.332223569402506, -5.0, 0.7816760947998862, 1.2977225232321041, -5.0, -4.932814274298222, -5.0, -2.9413649679060905, 1.9491077695082781, -5.0];164.95177479999256;34.02176430000691;C:\Users\guoji\Desktop\python3_11_test\suite\runners\LayeredBeam\runs\LB\sim_637705
428;[2.5315200000000093, -2.47531935];[-2.5315200000000093, 2.47531935];0.0;True;[-5.0, -5.0, -5.0, -5.0, -5.0, -5.0, -5.0, -4.999998463947183, -5.0, -5.0];167.2941443000018;34.02176430000691;C:\Users\guoji\Desktop\python3_11_test\suite\runners\LayeredBeam\runs\LB\sim_170246
429;[2.5315210800000014, -2.48493721];[-2.5315210800000014, 2.48493721];0.0;True;[-5.0, -5.0, -5.0, -5.0, -5.0, -4.999997530840196, -5.0, -4.999944142520839, -5.0, -5.0];168.54942290000326;34.02176430000691;C:\Users\guoji\Desktop\python3_11_test\suite\runners\LayeredBeam\runs\LB\sim_976721
430;[2.5315221600000077, -2.495895789];[-2.5315221600000077, 2.495895789];0.0;True;[-5.0, -5.0, -5.0, -5.0, -5.0, -4.999899134735293, -5.0, -4.999997942829013, -5.0, -5.0];170.86351349999313;34.02176430000691;C:\Users\guoji\Desktop\python3_11_test\suite\runners\LayeredBeam\runs\LB\sim_813291
431;[2.8086877440000046, -2.499999999997387];[-2.8086877440000046, 2.499999999997387];0.0;True;[-5.0, -4.347552554407665, -5.0, -0.10423986616338254, -5.0, 2.2836196180763917, -5.0, -5.0, -5.0, -5.0];165.10237400000915;39.980916800006526;C:\Users\guoji\Desktop\python3_11_test\suite\runners\LayeredBeam\runs\LB\sim_777649
432;[2.8033648560000097, -1.7857541000000001];[-2.8033648560000097, 1.7857541000000001];0.0;True;[-4.943263663978786, -5.0, -4.9929621991069135, -5.0, -5.0, 1.3785776504026694, -4.9912962263410785, -4.959759834133883, 1.0937459674631516, -4.999598394811235];161.93249329998798;39.980916800006526;C:\Users\guoji\Desktop\python3_11_test\suite\runners\LayeredBeam\runs\LB\sim_438998
433;[2.8644565680000094, -2.1864686];[-2.8644565680000094, 2.1864686];0.0;True;[-5.0, -5.0, -4.933915503509442, -5.0, -5.0, -4.999322140872482, -5.0, 3.584818742206803, 1.7621649690528107, -5.0];159.76860870000382;39.980916800006526;C:\Users\guoji\Desktop\python3_11_test\suite\runners\LayeredBeam\runs\LB\sim_563253
434;[2.8926238320000075, -2.301549];[-2.8926238320000075, 2.301549];0.0;True;[-4.999727615901686, -4.905048406878255, -4.9347598188578665, -4.903543660249548, -5.0, -4.286149463638332, -5.0, 3.785172854604909, 1.961829160420212, -5.0];159.6593084000051;39.980916800006526;C:\Users\guoji\Desktop\python3_11_test\suite\runners\LayeredBeam\runs\LB\sim_151853
435;[2.921634576000004, -2.499999999994731];[-2.921634576000004, 2.499999999994731];0.0;True;[-3.1068803596357757, -5.0, -4.934101315396687, -4.9725197492174065, -5.0, -4.932814274298222, -5.0, 4.0884498904281195, 1.9187333347861548, -5.0];159.85326550000173;39.980916800006526;C:\Users\guoji\Desktop\python3_11_test\suite\runners\LayeredBeam\runs\LB\sim_575476
436;[2.7312569280000116, -2.4999999999938605];[-2.7312569280000116, 2.4999999999938605];0.0;True;[-0.04539735427495284, -5.0, -5.0, -2.701139676312555, -5.0, -4.884571799197225, -4.2856471674713665, -5.0, -3.836167864080968, -5.0];176.3812787999923;36.96557989998837;C:\Users\guoji\Desktop\python3_11_test\suite\runners\LayeredBeam\runs\LB\sim_3786
437;[3.102809976000001, -1.9034369];[-3.102809976000001, 1.9034369];0.0;True;[-5.0, -4.620156321894114, -1.670678606728368, -2.1693463035497027, -0.9809766508235125, 1.2414982805170052, -5.0, 2.389445041778325, -2.7411555159795666, -5.0];162.40320159999828;36.96557989998837;C:\Users\guoji\Desktop\python3_11_test\suite\runners\LayeredBeam\runs\LB\sim_51996
438;[3.145130856000003, -2.4999999999957616];[-3.145130856000003, 2.4999999999957616];0.0;True;[0.1740103955338137, -3.4655762773867957, 3.447259084585145, -5.0, -2.512705317577357, -4.855857541393882, 1.1781362021189112, -4.562543860449851, -2.913776987122315, -3.081036607513372];167.51417349999247;36.96557989998837;C:\Users\guoji\Desktop\python3_11_test\suite\runners\LayeredBeam\runs\LB\sim_971171
439;[2.870308872000002, -2.4999999999962266];[-2.870308872000002, 2.4999999999962266];0.0;True;[-1.5980256772560297, -4.905048406878255, -4.900964602132129, -4.903543660249548, -5.0, -4.285541003188103, -5.0, 3.9863185399068115, -2.874519235175078, -4.833988929217399];161.7912834000017;36.96557989998837;C:\Users\guoji\Desktop\python3_11_test\suite\runners\LayeredBeam\runs\LB\sim_145985
440;[2.5315200000000093, -2.47531935];[-2.5315200000000093, 2.47531935];0.0;True;[-5.0, -5.0, -5.0, -5.0, -5.0, -5.0, -5.0, -4.999998463947183, -5.0, -5.0];163.9721300999954;36.96557989998837;C:\Users\guoji\Desktop\python3_11_test\suite\runners\LayeredBeam\runs\LB\sim_963687
441;[2.7533986560000083, -2.4999999999959956];[-2.7533986560000083, 2.4999999999959956];0.0;True;[-5.0, -4.614648264973223, -3.435496431342564, -5.0, -5.0, -4.942809656923918, -5.0, 3.2650872671025226, -5.0, -5.0];161.10302010001033;47.912991800010786;C:\Users\guoji\Desktop\python3_11_test\suite\runners\LayeredBeam\runs\LB\sim_970079
442;[2.5375636800000074, -2.495594104];[-2.5375636800000074, 2.495594104];0.0;True;[-5.0, -5.0, -5.0, -4.720199120003146, -5.0, -5.0, -5.0, -4.999997592964948, -5.0, -5.0];165.32200359999842;47.912991800010786;C:\Users\guoji\Desktop\python3_11_test\suite\runners\LayeredBeam\runs\LB\sim_4218
443;[2.783562624000008, -2.492330632];[-2.783562624000008, 2.492330632];0.0;True;[-4.943263663978786, -5.0, 0.7318582242570244, -5.0, -5.0, -3.882656319317228, -4.9912962263410785, -2.138759582442486, -4.950468266093576, -3.1567472959445877];166.29357880000316;47.912991800010786;C:\Users\guoji\Desktop\python3_11_test\suite\runners\LayeredBeam\runs\LB\sim_637040
444;[2.898601416000013, -1.313924];[-2.898601416000013, 1.313924];0.0;True;[-4.993433277843328, -5.0, -4.700656154419637, -5.0, -5.0, 1.3800498430104486, -4.9912962263410785, 3.8740834682124046, -3.5865631269901277, -4.987678994755459];160.24767149999388;47.912991800010786;C:\Users\guoji\Desktop\python3_11_test\suite\runners\LayeredBeam\runs\LB\sim_272467
445;[2.5315200000000093, -2.47531935];[-2.5315200000000093, 2.47531935];0.0;True;[-5.0, -5.0, -5.0, -5.0, -5.0, -5.0, -5.0, -4.999998463947183, -5.0, -5.0];165.94255560000602;47.912991800010786;C:\Users\guoji\Desktop\python3_11_test\suite\runners\LayeredBeam\runs\LB\sim_66449
446;[2.9704339440000114, -2.499999999997263];[-2.9704339440000114, 2.499999999997263];0.0;True;[1.5454876300542084, -5.0, -5.0, -0.9680652733104473, -4.308672832385549, 2.2186081242245406, -5.0, -4.759481780069079, -5.0, -3.407781160409643];163.85658960000728;36.236596899994765;C:\Users\guoji\Desktop\python3_11_test\suite\runners\LayeredBeam\runs\LB\sim_736038
447;[2.8017878400000003, -2.4999999999974234];[-2.8017878400000003, 2.4999999999974234];0.0;True;[-4.978994291154433, -5.0, -4.892543965712687, -5.0, -5.0, -4.9641823663419595, -4.995081605409369, 4.030597019725217, -3.530641759687743, -3.1567472959445877];163.6904868999991;36.236596899994765;C:\Users\guoji\Desktop\python3_11_test\suite\runners\LayeredBeam\runs\LB\sim_943771
448;[2.6940323520000113, -2.3728081];[-2.6940323520000113, 2.3728081];0.0;True;[-3.6361633642545503, -3.269169595992815, -3.9919284965031743, -4.414454483829945, -5.0, -4.107560693877636, -5.0, -4.140094580314816, -4.256950682742188, -4.659975189780667];170.30959330000042;36.236596899994765;C:\Users\guoji\Desktop\python3_11_test\suite\runners\LayeredBeam\runs\LB\sim_758909
449;[2.932980624000006, -1.5853371];[-2.932980624000006, 1.5853371];0.0;True;[-4.943263663978786, -5.0, 0.7318582242570244, -5.0, -5.0, 1.6082762966106987, -4.9912962263410785, -2.1320263312534236, -3.530641759687743, -3.1567472959445877];163.53176470000471;36.236596899994765;C:\Users\guoji\Desktop\python3_11_test\suite\runners\LayeredBeam\runs\LB\sim_214044
450;[2.856360456000004, -1.114704];[-2.856360456000004, 1.114704];0.0;True;[-5.0, -5.0, -5.0, -5.0, 1.7840974088324204, 3.254804794672145, -5.0, -4.999997592964948, -5.0, -5.0];169.93728890000784;36.236596899994765;C:\Users\guoji\Desktop\python3_11_test\suite\runners\LayeredBeam\runs\LB\sim_777542
451;[2.549786904000012, -1.46019];[-2.549786904000012, 1.46019];0.0;True;[-5.0, -5.0, -5.0, -5.0, -5.0, -4.999999369652737, -4.154313710943621, -4.999997592964948, -5.0, -5.0];168.0092735000071;80.3495799000084;C:\Users\guoji\Desktop\python3_11_test\suite\runners\LayeredBeam\runs\LB\sim_707928
452;[2.5315200000000093, -2.47531935];[-2.5315200000000093, 2.47531935];0.0;True;[-5.0, -5.0, -5.0, -5.0, -5.0, -5.0, -5.0, -4.999998463947183, -5.0, -5.0];170.156916500011;80.3495799000084;C:\Users\guoji\Desktop\python3_11_test\suite\runners\LayeredBeam\runs\LB\sim_118619
453;[2.5315210800000014, -2.48493721];[-2.5315210800000014, 2.48493721];0.0;True;[-5.0, -5.0, -5.0, -5.0, -5.0, -4.999997530840196, -5.0, -4.999944142520839, -5.0, -5.0];170.0576671000017;80.3495799000084;C:\Users\guoji\Desktop\python3_11_test\suite\runners\LayeredBeam\runs\LB\sim_192804
454;[2.5315221600000077, -2.495895789];[-2.5315221600000077, 2.495895789];0.0;True;[-5.0, -5.0, -5.0, -5.0, -5.0, -4.999899134735293, -5.0, -4.999997942829013, -5.0, -5.0];170.07532419999188;80.3495799000084;C:\Users\guoji\Desktop\python3_11_test\suite\runners\LayeredBeam\runs\LB\sim_648813
455;[2.5315221600000077, -2.495895789];[-2.5315221600000077, 2.495895789];0.0;True;[-5.0, -5.0, -5.0, -5.0, -5.0, -4.999897765577769, -5.0, -4.99999769437557, -5.0, -5.0];165.19126609999512;80.3495799000084;C:\Users\guoji\Desktop\python3_11_test\suite\runners\LayeredBeam\runs\LB\sim_140283
456;[2.731039416000003, -2.492811816];[-2.731039416000003, 2.492811816];0.0;True;[-5.0, -4.774890447974232, -5.0, -4.97690850611033, -1.5605256451441898, -4.568586222130229, -1.2712971143980023, -4.740921593575899, -3.8698806016933407, -5.0];169.61825919999683;44.99922220000008;C:\Users\guoji\Desktop\python3_11_test\suite\runners\LayeredBeam\runs\LB\sim_757411
457;[2.60762133600001, 0.6425730000000001];[-2.60762133600001, -0.6425730000000001];0.0;True;[-3.197339419561267, -4.5248465058114276, -5.0, -5.0, -5.0, -4.558656144848727, -5.0, -4.699858949083125, -4.49612907126905, -5.0];169.19259479999891;44.99922220000008;C:\Users\guoji\Desktop\python3_11_test\suite\runners\LayeredBeam\runs\LB\sim_887403
458;[2.746334376000012, -2.4999999999988085];[-2.746334376000012, 2.4999999999988085];0.0;True;[-4.993359676138931, -4.905048406878255, -4.93250858954741, -4.903543660249548, -4.818847354924012, -4.905905661212623, -5.0, 4.362547283837532, -4.958222532788175, -5.0];163.69116090000898;44.99922220000008;C:\Users\guoji\Desktop\python3_11_test\suite\runners\LayeredBeam\runs\LB\sim_491689
459;[2.767349016000009, -2.43863653];[-2.767349016000009, 2.43863653];0.0;True;[-0.8719130258569514, -5.0, -4.90994232643602, -4.6771728450817, -4.067982642312478, -4.657542454189208, -5.0, -2.8536939983163254, -4.988532847775685, -2.0552407705283353];164.73864799999865;44.99922220000008;C:\Users\guoji\Desktop\python3_11_test\suite\runners\LayeredBeam\runs\LB\sim_404145
460;[2.717531856000002, -2.48236075];[-2.717531856000002, 2.48236075];0.0;True;[-1.5441424550893617, -5.0, -4.815092123684878, -4.678078149396653, -4.06857314361047, -4.94244718865891, -5.0, -2.8228724713599833, -3.524898101074907, -4.992259336507534];166.10197730000073;44.99922220000008;C:\Users\guoji\Desktop\python3_11_test\suite\runners\LayeredBeam\runs\LB\sim_907424
461;[2.8006601040000136, -2.499999999998696];[-2.8006601040000136, 2.499999999998696];0.0;True;[-5.0, -4.8921879660673735, -3.3960981867615647, -4.572460095755448, 0.08037885831562974, -4.394808034823331, -4.839127193815038, -4.418164380115545, -3.6798232819130963, -2.427482381518545];136.4819839999982;38.43073349999031;C:\Users\guoji\Desktop\python3_11_test\suite\runners\LayeredBeam\runs\LB\sim_260355
462;[2.756174256000013, -2.4999999999031246];[-2.756174256000013, 2.4999999999031246];0.0;True;[-1.958735650094666, -4.997201004460742, -4.929713185498484, -4.120192380001738, -0.5066192510654526, -4.362435188718616, -5.0, -5.0, -3.7244512815463136, -5.0];145.81215329999395;38.43073349999031;C:\Users\guoji\Desktop\python3_11_test\suite\runners\LayeredBeam\runs\LB\sim_38570
463;[2.767512312000009, -2.0984621];[-2.767512312000009, 2.0984621];0.0;True;[-4.943263663978786, -5.0, 0.7318582242570244, -4.998974513665423, -4.966373890541646, -4.252874115338507, -4.9912962263410785, -2.1320263312534236, -3.550662733015389, -4.970800507435628];137.5039645999932;38.43073349999031;C:\Users\guoji\Desktop\python3_11_test\suite\runners\LayeredBeam\runs\LB\sim_217479
464;[2.9311251840000025, -2.4999999999671707];[-2.9311251840000025, 2.4999999999671707];0.0;True;[-1.5583215489575561, -5.0, 1.2362251731153728, -4.678559602380473, -4.067982642312478, -4.091646153755772, -5.0, -2.8536939983163254, -3.430545483308224, -2.0552407705283353];138.64712919999147;38.43073349999031;C:\Users\guoji\Desktop\python3_11_test\suite\runners\LayeredBeam\runs\LB\sim_626432
465;[2.7797372640000066, -2.4670503];[-2.7797372640000066, 2.4670503];0.0;True;[-4.943082983992834, -4.905048406878255, 0.5232326598256787, -4.903543660249548, -5.0, -4.285541003188103, -5.0, -1.948765037349041, -4.900401602743254, -3.145309724950178];138.67520280000463;38.43073349999031;C:\Users\guoji\Desktop\python3_11_test\suite\runners\LayeredBeam\runs\LB\sim_780965
466;[2.914763616000002, -2.499999996340005];[-2.914763616000002, 2.499999996340005];0.0;True;[-5.0, -5.0, -4.986190765254201, 1.408032189433599, 1.7135612059269647, -5.0, -4.462214016276543, -4.098137507467429, -2.5805557248561635, -4.2517368111798435];139.07985969999572;34.17529570001352;C:\Users\guoji\Desktop\python3_11_test\suite\runners\LayeredBeam\runs\LB\sim_476415
467;[2.53359144000001, -2.47111075];[-2.53359144000001, 2.47111075];0.0;True;[-5.0, -4.9048848121909066, -4.99959994671696, -5.0, -5.0, -5.0, -5.0, -4.999997592964948, -4.999611270535901, -5.0];139.36003570001049;34.17529570001352;C:\Users\guoji\Desktop\python3_11_test\suite\runners\LayeredBeam\runs\LB\sim_763324
468;[2.548183320000008, -2.491185019];[-2.548183320000008, 2.491185019];0.0;True;[-4.999866219277027, -4.999437328792191, -4.936971875764102, -5.0, -5.0, -4.292280605002265, -5.0, -4.999997592964948, -5.0, -5.0];139.06176309999137;34.17529570001352;C:\Users\guoji\Desktop\python3_11_test\suite\runners\LayeredBeam\runs\LB\sim_44225
469;[2.5482828960000092, -2.3818696];[-2.5482828960000092, 2.3818696];0.0;True;[-4.993084471339648, -5.0, -5.0, -4.99849013709327, -5.0, -4.274242745400063, -5.0, -4.999997592964948, -4.958117866006569, -5.0];138.90760589999263;34.17529570001352;C:\Users\guoji\Desktop\python3_11_test\suite\runners\LayeredBeam\runs\LB\sim_994488
470;[2.8214563680000055, 0.4621940000000002];[-2.8214563680000055, -0.4621940000000002];0.0;True;[-5.0, -5.0, -1.2888977354196136, -1.483760561435441, -5.0, -4.862492389623492, -5.0, -5.0, -4.907853465065445, 0.9659834510652177];141.71427640000184;34.17529570001352;C:\Users\guoji\Desktop\python3_11_test\suite\runners\LayeredBeam\runs\LB\sim_251139
471;[2.712371832000002, -2.499999999999234];[-2.712371832000002, 2.499999999999234];0.0;True;[-5.0, -5.0, -5.0, -5.0, -5.0, 3.278301451812471, -5.0, -5.0, -5.0, -4.905523875373322];137.5809517000016;37.5967185000045;C:\Users\guoji\Desktop\python3_11_test\suite\runners\LayeredBeam\runs\LB\sim_536611
472;[2.764019592000011, -2.4999999998837303];[-2.764019592000011, 2.4999999998837303];0.0;True;[-4.991269162070075, -5.0, -5.0, 1.0721738845575057, -4.461973506640437, -4.958120298365944, -3.1437343418795605, -4.999997592964948, -5.0, -2.753215887028821];144.7092607999948;37.5967185000045;C:\Users\guoji\Desktop\python3_11_test\suite\runners\LayeredBeam\runs\LB\sim_390800
473;[2.650123440000013, -2.3240187];[-2.650123440000013, 2.3240187];0.0;True;[-1.53129154978207, -5.0, -4.952635792454881, -4.685078938778331, -4.9773195226173055, -4.932830380289576, -5.0, -4.999997592964948, -3.429951342502564, -5.0];140.28840640001;37.5967185000045;C:\Users\guoji\Desktop\python3_11_test\suite\runners\LayeredBeam\runs\LB\sim_597954
474;[2.597696352000009, -2.491183932];[-2.597696352000009, 2.491183932];0.0;True;[-4.992384827737029, -5.0, -5.0, -5.0, -4.985349891458063, -4.993347578262136, -5.0, -4.999973384402434, -4.870023834811129, -2.095176745364121];139.65073989999655;37.5967185000045;C:\Users\guoji\Desktop\python3_11_test\suite\runners\LayeredBeam\runs\LB\sim_954074
475;[2.609190144000004, -2.48603267];[-2.609190144000004, 2.48603267];0.0;True;[-3.0683286671365675, -5.0, -4.942608181556763, -5.0, -4.992206791143342, -4.932092262277708, -4.991375942696422, -4.972482092302338, -3.5050587706176737, -5.0];139.422679899988;37.5967185000045;C:\Users\guoji\Desktop\python3_11_test\suite\runners\LayeredBeam\runs\LB\sim_520665
476;[3.01754073600001, -1.5478548];[-3.01754073600001, 1.5478548];0.0;True;[-1.5441424550893617, -5.0, 0.7313003047884781, 1.0355964366506152, -4.998015834782233, -4.839333638292391, -4.927871106165245, -2.8536939983163254, -3.4845632817764876, -1.6183226868735727];148.27502939999977;34.66609400000016;C:\Users\guoji\Desktop\python3_11_test\suite\runners\LayeredBeam\runs\LB\sim_306582
477;[2.5315221600000077, -2.495895789];[-2.5315221600000077, 2.495895789];0.0;True;[-5.0, -5.0, -5.0, -5.0, -5.0, -4.999899621132648, -5.0, -4.999997051117066, -5.0, -5.0];151.6555315000005;34.66609400000016;C:\Users\guoji\Desktop\python3_11_test\suite\runners\LayeredBeam\runs\LB\sim_39451
478;[2.5315204320000007, -2.46461926];[-2.5315204320000007, 2.46461926];0.0;True;[-5.0, -5.0, -5.0, -5.0, -5.0, -5.0, -5.0, -4.999973072158387, -5.0, -5.0];150.34411279999767;34.66609400000016;C:\Users\guoji\Desktop\python3_11_test\suite\runners\LayeredBeam\runs\LB\sim_544813
479;[2.5315372800000095, -2.47213259];[-2.5315372800000095, 2.47213259];0.0;True;[-5.0, -5.0, -5.0, -5.0, -5.0, -4.999196300589485, -5.0, -4.999997592964948, -5.0, -5.0];147.7342942999967;34.66609400000016;C:\Users\guoji\Desktop\python3_11_test\suite\runners\LayeredBeam\runs\LB\sim_594318
480;[2.5315210800000014, -2.48493721];[-2.5315210800000014, 2.48493721];0.0;True;[-5.0, -5.0, -5.0, -5.0, -5.0, -4.9999970551978, -5.0, -4.999945068458484, -5.0, -5.0];150.3420683000004;34.66609400000016;C:\Users\guoji\Desktop\python3_11_test\suite\runners\LayeredBeam\runs\LB\sim_224468
481;[2.718194544000005, -2.495991276];[-2.718194544000005, 2.495991276];0.0;True;[-5.0, -2.9456784691847977, -5.0, -5.0, -3.2655443049267907, -4.797883300796294, -5.0, -3.917735389915456, -5.0, -1.4308163166536456];159.42997849998937;40.83448670001235;C:\Users\guoji\Desktop\python3_11_test\suite\runners\LayeredBeam\runs\LB\sim_419474
482;[2.667235824000011, -2.46320997];[-2.667235824000011, 2.46320997];0.0;True;[-1.741973174532887, -5.0, -4.9929743228218895, -4.9950599261046795, -5.0, -5.0, -5.0, -4.966340168447278, -5.0, -2.0205382437563877];161.82712050000555;40.83448670001235;C:\Users\guoji\Desktop\python3_11_test\suite\runners\LayeredBeam\runs\LB\sim_607734
483;[2.678299776000009, -2.2749226];[-2.678299776000009, 2.2749226];0.0;True;[-2.305001669968249, -3.9261432571728703, -5.0, -4.950921563454816, -5.0, -4.83104999369032, -5.0, -4.484884617229117, -5.0, -2.7066252364486645];158.14428550000594;40.83448670001235;C:\Users\guoji\Desktop\python3_11_test\suite\runners\LayeredBeam\runs\LB\sim_640908
484;[2.535977160000008, -2.46647891];[-2.535977160000008, 2.46647891];0.0;True;[-5.0, -5.0, -5.0, -5.0, -5.0, -4.794782987861656, -5.0, -4.999997630805603, -5.0, -4.998880371945158];153.67789200000698;40.83448670001235;C:\Users\guoji\Desktop\python3_11_test\suite\runners\LayeredBeam\runs\LB\sim_845108
485;[2.597431752000001, -1.010292];[-2.597431752000001, 1.010292];0.0;True;[-4.972067390188628, -4.998170836807912, -4.93250858954741, -4.903543660249548, -5.0, -4.285541003188103, -5.0, -2.898477546016125, -4.958222532788175, -5.0];165.00476100000378;40.83448670001235;C:\Users\guoji\Desktop\python3_11_test\suite\runners\LayeredBeam\runs\LB\sim_844405
486;[2.9400243840000115, -1.5109947];[-2.9400243840000115, 1.5109947];0.0;True;[-3.6120528466552955, -5.0, -3.9779134720184297, 0.7144189562683128, -1.0022062583379583, -5.0, -4.378797096128844, -5.0, 1.1485124629391938, -4.979722541270322];153.81045370000356;46.42381269999896;C:\Users\guoji\Desktop\python3_11_test\suite\runners\LayeredBeam\runs\LB\sim_533551
487;[2.5559588880000037, -2.1798096];[-2.5559588880000037, 2.1798096];0.0;True;[-5.0, -5.0, -5.0, -4.336172444959626, -5.0, -4.5324132648179996, -5.0, -5.0, -5.0, -5.0];162.25741059999564;46.42381269999896;C:\Users\guoji\Desktop\python3_11_test\suite\runners\LayeredBeam\runs\LB\sim_749934
488;[3.143865312000005, -2.2555831];[-3.143865312000005, 2.2555831];0.0;True;[-4.943263663978786, -5.0, 4.483844544558838, -5.0, 1.8126726208154853, 1.3105788278245765, -4.9912962263410785, -2.634351686402956, -3.530641759687743, -3.1582155423052525];153.0109586000035;46.42381269999896;C:\Users\guoji\Desktop\python3_11_test\suite\runners\LayeredBeam\runs\LB\sim_834302
489;[3.158039016000008, -1.7738911000000002];[-3.158039016000008, 1.7738911000000002];0.0;True;[-4.943263663978786, -5.0, 4.579697172196148, -5.0, 1.8637886659271308, 1.2648583183721822, -4.9912962263410785, -2.1320263312534236, -3.479356078043382, -3.156900111374569];153.2857367999968;46.42381269999896;C:\Users\guoji\Desktop\python3_11_test\suite\runners\LayeredBeam\runs\LB\sim_246596
490;[3.207613392, -2.3918127];[-3.207613392, 2.3918127];0.0;True;[-1.5441424550893617, -5.0, 0.7840626978649983, -4.6366632551677505, 1.8667000547853618, 2.9066991762527605, -5.0, -2.907950182517129, -3.112870853862095, -2.0552407705283353];149.7034672000009;46.42381269999896;C:\Users\guoji\Desktop\python3_11_test\suite\runners\LayeredBeam\runs\LB\sim_638424
491;[2.577691512000005, -2.42950943];[-2.577691512000005, 2.42950943];0.0;True;[-5.0, -4.553811630972007, -5.0, -5.0, -5.0, -5.0, -4.99557785437275, -5.0, -5.0, -3.313039532889692];150.49520669999765;60.40042679999897;C:\Users\guoji\Desktop\python3_11_test\suite\runners\LayeredBeam\runs\LB\sim_655886
492;[2.868149952000007, -2.1216771];[-2.868149952000007, 2.1216771];0.0;True;[-3.0542882730988468, -5.0, -4.934101315396687, 1.0334485349928695, -5.0, -4.932814274298222, -5.0, -4.47664273528628, 1.9491077695082781, -5.0];150.5740097999951;60.40042679999897;C:\Users\guoji\Desktop\python3_11_test\suite\runners\LayeredBeam\runs\LB\sim_808002
493;[2.7572112720000015, 1.6531609999999999];[-2.7572112720000015, -1.6531609999999999];0.0;True;[-4.987929541474785, -4.627575997990284, -4.998828991617591, -4.945015014620182, -5.0, -4.932814274298222, -5.0, 3.99037070816272, -4.895226655795605, -4.154313710943621];149.47129849999328;60.40042679999897;C:\Users\guoji\Desktop\python3_11_test\suite\runners\LayeredBeam\runs\LB\sim_780272
494;[2.5315204320000007, -2.46461926];[-2.5315204320000007, 2.46461926];0.0;True;[-5.0, -5.0, -5.0, -5.0, -5.0, -5.0, -5.0, -4.999973072158387, -5.0, -5.0];175.12400690000504;60.40042679999897;C:\Users\guoji\Desktop\python3_11_test\suite\runners\LayeredBeam\runs\LB\sim_529260
495;[2.5315210800000014, -2.48493721];[-2.5315210800000014, 2.48493721];0.0;True;[-5.0, -5.0, -5.0, -5.0, -5.0, -4.9999970551978, -5.0, -4.999945068458484, -5.0, -5.0];149.5458670999942;60.40042679999897;C:\Users\guoji\Desktop\python3_11_test\suite\runners\LayeredBeam\runs\LB\sim_872576
496;[3.3379564320000084, -2.4999999999994813];[-3.3379564320000084, 2.4999999999994813];0.0;True;[-5.0, -3.212578304259881, -5.0, 2.529688268342481, -5.0, -5.0, 2.9665838191972327, 5.0, 5.0, -4.948660553480132];152.77251660000184;35.14637930000026;C:\Users\guoji\Desktop\python3_11_test\suite\runners\LayeredBeam\runs\LB\sim_479764
497;[3.4782750000000027, -0.6688019999999999];[-3.4782750000000027, 0.6688019999999999];0.0;True;[5.0, 5.0, -5.0, 5.0, -5.0, -5.0, 1.0279509340903035, 2.8032943183792227, -5.0, -5.0];162.60614079999505;35.14637930000026;C:\Users\guoji\Desktop\python3_11_test\suite\runners\LayeredBeam\runs\LB\sim_283825
498;[2.5315204320000007, -2.46461926];[-2.5315204320000007, 2.46461926];0.0;True;[-5.0, -5.0, -5.0, -5.0, -5.0, -5.0, -5.0, -4.999973072158387, -5.0, -5.0];164.4660523999919;35.14637930000026;C:\Users\guoji\Desktop\python3_11_test\suite\runners\LayeredBeam\runs\LB\sim_33880
499;[2.5315210800000014, -2.48493721];[-2.5315210800000014, 2.48493721];0.0;True;[-5.0, -5.0, -5.0, -5.0, -5.0, -4.9999970551978, -5.0, -4.999945068458484, -5.0, -5.0];151.10224410000956;35.14637930000026;C:\Users\guoji\Desktop\python3_11_test\suite\runners\LayeredBeam\runs\LB\sim_35387
500;[2.5315221600000077, -2.495895789];[-2.5315221600000077, 2.495895789];0.0;True;[-5.0, -5.0, -5.0, -5.0, -5.0, -4.999899621132648, -5.0, -4.999997051117066, -5.0, -5.0];165.1221962000127;35.14637930000026;C:\Users\guoji\Desktop\python3_11_test\suite\runners\LayeredBeam\runs\LB\sim_591310
