eval_id;objectives;objectives_maxspace;cv;is_feasible;variables;evaluation_time;algorithm_time;workdir
1;[3.581097264000008, -2.499999999999082];[-3.581097264000008, 2.499999999999082];0.0;True;[-3.698986823614838, 2.6369517563229863, -2.0537641408628993, 1.5787259462323213, -2.2531756113550125, -1.9434959576944086, 4.985141703900817, -2.9775225895843116, -0.12158017981303537, 2.4392271654108217];156.18823249999997;1630.4544342;C:\Users\guoji\Desktop\python3_11_test\suite\runners\LayeredBeam\runs\LB\sim_327968
2;[3.4578355680000006, -2.0600778];[-3.4578355680000006, 2.0600778];0.0;True;[3.043112308726174, -3.678156518773914, 0.7760680527758002, 0.37026411811812654, 2.1270732912742263, 3.533394321366167, -4.203588120499698, -2.770177714091292, -3.3410425056685966, -2.9719935247056584];162.36401859999995;;C:\Users\guoji\Desktop\python3_11_test\suite\runners\LayeredBeam\runs\LB\sim_382756
3;[3.8173090320000047, -1.7558789];[-3.8173090320000047, 1.7558789];0.0;True;[-4.4416056318398525, 2.0034070546314995, 3.3712942195189033, 1.4618912459324909, -0.7918334331778931, 2.1913156746649864, 4.89532458938046, -0.21662777573966974, -0.5313730763272417, 1.58549982415101];154.0445515;;C:\Users\guoji\Desktop\python3_11_test\suite\runners\LayeredBeam\runs\LB\sim_357437
4;[3.866121360000002, -1.9472224];[-3.866121360000002, 1.9472224];0.0;True;[3.539337072774339, 2.2107316535225054, -1.9863201131722596, -1.6512073718229447, 2.7442141728574985, -3.341275926383447, 2.261098342487032, -0.2314640527411349, 4.377994981592423, 3.8639898664283585];157.2512056;;C:\Users\guoji\Desktop\python3_11_test\suite\runners\LayeredBeam\runs\LB\sim_101569
5;[3.808743336000009, -2.49999999999808];[-3.808743336000009, 2.49999999999808];0.0;True;[-0.430729936156494, 2.1026954228225447, 3.993791173527651, 2.876927431879218, 1.0983978538834185, -4.761681182090866, 2.112790001394278, 3.430159319358122, 0.4221491895802032, -1.7138126167352894];161.73676899999998;;C:\Users\guoji\Desktop\python3_11_test\suite\runners\LayeredBeam\runs\LB\sim_161751
6;[3.4022592000000076, -2.4999999998980837];[-3.4022592000000076, 2.4999999998980837];0.0;True;[-4.559344985081876, -3.742397592734851, -2.9501721878909617, 0.9056737180334586, 1.1362154648297533, 4.529567865561612, 0.2679959080995271, -3.7966304875385015, -1.610724576624495, 0.13184955320070912];168.8922973000001;;C:\Users\guoji\Desktop\python3_11_test\suite\runners\LayeredBeam\runs\LB\sim_169487
7;[3.700236816000013, -2.499999999997519];[-3.700236816000013, 2.499999999997519];0.0;True;[3.9253922999963216, 0.7094207933080074, 3.2588663897443677, 1.6535134879453741, -4.600326441605267, -2.5473276135778535, 1.6858541027985288, -3.6094542002336794, 1.7907474405203816, 1.8405589170578356];170.4133885;;C:\Users\guoji\Desktop\python3_11_test\suite\runners\LayeredBeam\runs\LB\sim_698447
8;[3.9979379520000133, -2.3407224];[-3.9979379520000133, 2.3407224];0.0;True;[-1.5319473326224253, -2.6032447560621175, 1.0527109121145433, 1.2636011662431255, 4.823887735141556, 2.369092903996557, 2.7299910065170083, 3.8703155635871784, 2.4663965085712825, 3.4489060709980652];160.11275060000003;;C:\Users\guoji\Desktop\python3_11_test\suite\runners\LayeredBeam\runs\LB\sim_842411
9;[3.5558833680000013, -2.4999999999976463];[-3.5558833680000013, 2.4999999999976463];0.0;True;[1.598592855103254, 2.2066335832536774, -1.2772492132428424, 3.436609136435715, -4.242678116051257, 1.959143365767213, -3.527385779992666, -4.315091482216219, 0.6442183024996737, 0.9414230985905654];167.20603040000003;;C:\Users\guoji\Desktop\python3_11_test\suite\runners\LayeredBeam\runs\LB\sim_494604
10;[3.702375432000013, -2.4999999999992726];[-3.702375432000013, 2.4999999999992726];0.0;True;[-2.95481386732104, 3.0540594914025974, 3.391201654522529, 4.714495223923741, 3.473789226970492, -0.673008978520925, -3.860101980371642, -3.7987537879069655, -3.8660827126106923, 4.725483036388839];169.3746342999999;;C:\Users\guoji\Desktop\python3_11_test\suite\runners\LayeredBeam\runs\LB\sim_130069
11;[3.627750240000005, -1.422801];[-3.627750240000005, 1.422801];0.0;True;[-3.8737778201025455, -3.116550581746209, 0.8826315675900744, -2.4681355335187547, 2.9251064095262826, 3.789994297301396, -4.746961982591308, -0.059748912053922965, 4.531273317191909, 2.8875578976350713];183.55939249999994;;C:\Users\guoji\Desktop\python3_11_test\suite\runners\LayeredBeam\runs\LB\sim_410855
12;[3.5655297120000125, -2.3702034];[-3.5655297120000125, 2.3702034];0.0;True;[1.4806061152358563, -3.6088984592980866, 1.036491583975506, -2.0377259785909887, 1.9671643343069034, -0.92689368324982, -3.2978590721495626, -0.8779636062068068, 3.848981108814151, 0.28689547684630146];177.49427839999998;;C:\Users\guoji\Desktop\python3_11_test\suite\runners\LayeredBeam\runs\LB\sim_425288
13;[3.448329192000013, -2.2101084];[-3.448329192000013, 2.2101084];0.0;True;[1.9698857258302516, -0.41989015753431325, 0.14757442968841072, 2.6396258409380415, -3.3018047489595546, -1.7636982184447403, -3.188705893098882, 1.0547295269547625, -3.8041155580830477, -0.8887276211870567];180.23836459999995;;C:\Users\guoji\Desktop\python3_11_test\suite\runners\LayeredBeam\runs\LB\sim_849280
14;[3.806180496000011, -2.4999999999994054];[-3.806180496000011, 2.4999999999994054];0.0;True;[2.488062086849105, 0.2606242776319556, 0.4950679427324438, 2.295759799586885, -2.8111787375625754, 4.7549212601905655, 2.140838724123907, -3.4696684116346055, -1.5122757791263264, 4.369900323040165];171.20611240000005;;C:\Users\guoji\Desktop\python3_11_test\suite\runners\LayeredBeam\runs\LB\sim_931357
15;[3.2747697360000076, -2.499999999998084];[-3.2747697360000076, 2.499999999998084];0.0;True;[-1.2295749148632815, 2.7436179576375554, -3.391766858302472, -2.7789592145966924, 4.176679973403505, -4.654702266242488, -3.3848872788738937, -4.650425123479191, -3.48359427914552, 1.0633359515890115];174.5589691;;C:\Users\guoji\Desktop\python3_11_test\suite\runners\LayeredBeam\runs\LB\sim_130721
16;[3.6343628640000123, -2.4999999997049267];[-3.6343628640000123, 2.4999999997049267];0.0;True;[-4.160697773669824, 2.672387320247948, 4.890592939834445, -3.6790622855265376, -0.3487851490113165, 0.7346322110676597, -2.272571685450284, 0.8911878571242573, -2.4479982130992006, 4.7778558944426806];163.62231899999995;;C:\Users\guoji\Desktop\python3_11_test\suite\runners\LayeredBeam\runs\LB\sim_666517
17;[3.71052316800001, -1.8147425];[-3.71052316800001, 1.8147425];0.0;True;[-0.07388065101840535, -1.580645336020484, -0.2922593437268901, 3.072407384406567, -1.3123695472735797, 4.3071434289486135, 2.9865935058575843, 2.3994959036793952, -1.6369480763691193, -3.2860768183528446];158.59462300000007;;C:\Users\guoji\Desktop\python3_11_test\suite\runners\LayeredBeam\runs\LB\sim_929373
18;[3.3726477600000138, -2.4999999999986784];[-3.3726477600000138, 2.4999999999986784];0.0;True;[0.17515545584006453, -0.672249303966737, -3.646014553194392, -4.932609295259821, -2.0831992336427483, 0.08405835946132001, -0.22345084301524487, -1.5573099132628707, 0.36035446364316126, 1.4363633372466902];162.13591689999987;;C:\Users\guoji\Desktop\python3_11_test\suite\runners\LayeredBeam\runs\LB\sim_952717
19;[3.8344099680000103, -2.4999999999969273];[-3.8344099680000103, 2.4999999999969273];0.0;True;[-1.6357666935818251, -4.597080316022496, 2.9808829433055193, 4.232721183204097, -0.36727842221704954, -0.46179501140415624, 1.3459227303279162, 3.1713575153736464, 1.8459405444683874, 3.804064600968653];157.27558319999991;;C:\Users\guoji\Desktop\python3_11_test\suite\runners\LayeredBeam\runs\LB\sim_215111
20;[3.6924340320000084, -2.499999999996537];[-3.6924340320000084, 2.499999999996537];0.0;True;[4.14364621907324, 4.582774590569832, 3.075605779975538, -4.090524108531113, -0.23680879297494162, -1.6909519396339823, 3.8861433766360225, -0.8266202366120332, -1.7925713377208163, -3.3046746630737767];162.378643;;C:\Users\guoji\Desktop\python3_11_test\suite\runners\LayeredBeam\runs\LB\sim_241062
21;[3.7528185600000095, -2.499999999960024];[-3.7528185600000095, 2.499999999960024];0.0;True;[1.622110971333245, -0.19489890717265368, -3.6928663067102763, 4.626909867036273, 0.3440843719815021, 4.8113897381867705, -2.5793087153285943, 4.96220811893213, -0.5535632405258948, -2.8044563671068734];159.16251609999995;;C:\Users\guoji\Desktop\python3_11_test\suite\runners\LayeredBeam\runs\LB\sim_754455
22;[3.2254092000000014, -2.499999999997829];[-3.2254092000000014, 2.499999999997829];0.0;True;[-2.5807070580676426, -1.2333433759776637, -4.487862096531746, -4.351425497070908, -0.05573586033322542, 0.08452256512915923, -2.5013571945003035, -4.346155142584198, 2.934814333913157, -1.3382556357168998];162.56889539999997;;C:\Users\guoji\Desktop\python3_11_test\suite\runners\LayeredBeam\runs\LB\sim_532832
23;[4.002929496000007, -2.4999999999993454];[-4.002929496000007, 2.4999999999993454];0.0;True;[4.747196373852159, 4.500870542819433, 0.4668486221681123, -2.423097342831664, 0.5829210962115976, 1.547106460026039, 4.782130702249441, -0.6003841207619045, 4.923502525790376, -0.4062754570643712];158.99707489999992;;C:\Users\guoji\Desktop\python3_11_test\suite\runners\LayeredBeam\runs\LB\sim_731062
24;[3.4208118720000096, -2.499999999999488];[-3.4208118720000096, 2.499999999999488];0.0;True;[0.10743815520517064, -1.3670601691773667, -3.0712855102505343, -1.1329785050848518, -2.490673148197813, 0.2517050978967674, 2.8934667320145904, -0.7900215631910248, -3.7433805848988886, 0.5137192645787074];161.83797890000005;;C:\Users\guoji\Desktop\python3_11_test\suite\runners\LayeredBeam\runs\LB\sim_879226
25;[3.1046911200000027, -2.4999999999978573];[-3.1046911200000027, 2.4999999999978573];0.0;True;[1.9634320455296672, -1.0380457107319963, -3.6310163894313154, -2.661993058109541, -3.7189821112224553, -2.526411535239821, -4.555348290090264, -4.878633172995082, -3.4904525878172867, 1.0731660203817475];164.15706969999997;;C:\Users\guoji\Desktop\python3_11_test\suite\runners\LayeredBeam\runs\LB\sim_356699
26;[3.76154107200001, -2.4999999998861138];[-3.76154107200001, 2.4999999998861138];0.0;True;[2.7444302156933436, 3.613476635562476, -4.0679018433985945, -0.4628826154686063, 4.179287216656331, 3.5553330644017773, 3.596010505680349, -0.8912992349334399, -2.5394974449845185, -2.7815325763003305];161.17093990000012;;C:\Users\guoji\Desktop\python3_11_test\suite\runners\LayeredBeam\runs\LB\sim_818281
27;[3.765829968000012, -2.4999999997529896];[-3.765829968000012, 2.4999999997529896];0.0;True;[-1.3350224287233736, 4.075178082247778, 4.497138232425218, -4.166967176684713, -0.9853232340031148, 1.6738532835585946, -0.9032525963535569, -0.8038201704969765, 0.43247916064609804, 4.65979039760909];158.63068049999993;;C:\Users\guoji\Desktop\python3_11_test\suite\runners\LayeredBeam\runs\LB\sim_832759
28;[3.5227725120000053, -2.4999999999388356];[-3.5227725120000053, 2.4999999999388356];0.0;True;[-2.0418842107649238, -1.085196576483467, 3.572254116827171, -0.842527420623103, 0.3327638270947446, -1.5425023523981798, -0.06091796576465036, -4.180877182514868, 2.734943585243572, -0.9947073588855506];164.63795570000002;;C:\Users\guoji\Desktop\python3_11_test\suite\runners\LayeredBeam\runs\LB\sim_897707
29;[3.7894968720000035, -2.499999999999402];[-3.7894968720000035, 2.499999999999402];0.0;True;[4.59845728965424, -0.25464659553683955, -3.159155071531176, 4.717864528280801, 3.22375216443443, 3.951476643164293, -2.1724556148963927, -2.492095591974791, -3.4121049893923896, 3.238566026186957];161.77583700000014;;C:\Users\guoji\Desktop\python3_11_test\suite\runners\LayeredBeam\runs\LB\sim_940613
30;[3.409414848000003, -2.4999999999992504];[-3.409414848000003, 2.4999999999992504];0.0;True;[-3.215548114297758, -1.3404628041504942, 1.3715994551254802, 4.183240177783139, -3.7621640560028338, 2.996831903408271, -4.383102480310787, -1.8381736682032104, 1.1164210187717671, -4.485366282242565];160.2981678000001;;C:\Users\guoji\Desktop\python3_11_test\suite\runners\LayeredBeam\runs\LB\sim_250104
31;[3.6655351200000075, -1.080847];[-3.6655351200000075, 1.080847];0.0;True;[-4.035910668087377, 4.3644526223145, 4.027975222290557, -4.150064272566548, 3.0004343227727617, 2.2629893431933743, 3.7619714850201955, -4.831282172831939, 1.1320885778556757, -3.031941014058436];168.90275629999996;;C:\Users\guoji\Desktop\python3_11_test\suite\runners\LayeredBeam\runs\LB\sim_248458
32;[3.9053957760000064, -2.4999999999994693];[-3.9053957760000064, 2.4999999999994693];0.0;True;[-3.321126500832381, 4.69948622616238, -1.724322077132098, 1.574919761114403, 1.720164502560925, 3.615820699785882, 0.22152783839373047, 0.8088376330626108, 1.9835391597748506, 4.026513988862082];153.12504020000006;;C:\Users\guoji\Desktop\python3_11_test\suite\runners\LayeredBeam\runs\LB\sim_564568
33;[3.869271504000002, -2.4999999999990705];[-3.869271504000002, 2.4999999999990705];0.0;True;[4.413014692343319, 2.7524914357138774, -4.198340055766092, 0.631637229818419, 4.2326227305156845, 4.123708099937636, 2.328485622844835, 3.61359167499576, -1.62268579807873, -4.341557484826559];162.94878070000004;;C:\Users\guoji\Desktop\python3_11_test\suite\runners\LayeredBeam\runs\LB\sim_884175
34;[4.072624272000002, -2.3013231];[-4.072624272000002, 2.3013231];0.0;True;[1.2114881949691796, 1.6945787754239507, -0.01763007862567445, 4.768680996136464, 4.298111462897188, 4.635296098195651, -1.7206232488681694, 3.1651979747476915, 4.294162905897007, -0.981844800965062];158.44583629999988;;C:\Users\guoji\Desktop\python3_11_test\suite\runners\LayeredBeam\runs\LB\sim_437995
35;[3.7116725040000076, -2.2810749];[-3.7116725040000076, 2.2810749];0.0;True;[0.8168493922146638, 3.506322648959543, 2.87361122238781, 1.1741891314163464, 0.9287262980907265, 0.26416884569672483, -0.16634048473468077, -2.204226771948705, -0.17551994711003527, -2.3810641809043287];158.69051480000007;;C:\Users\guoji\Desktop\python3_11_test\suite\runners\LayeredBeam\runs\LB\sim_361422
36;[3.3545031120000015, -2.499999999996666];[-3.3545031120000015, 2.499999999996666];0.0;True;[-1.153419025984408, 2.8575301304951655, -1.5260134933063219, -2.1832577084773366, -3.300007730302803, -3.325033848897696, -0.4663543956713152, -3.3198931295678347, -1.72202096631663, 2.2395454738391862];162.25355149999996;;C:\Users\guoji\Desktop\python3_11_test\suite\runners\LayeredBeam\runs\LB\sim_819813
37;[3.5590501440000004, -2.497887315];[-3.5590501440000004, 2.497887315];0.0;True;[-2.034316111118283, 3.6054491504782558, 0.35626820708300855, 2.2022484575721757, -4.999342595556623, -4.051503792329386, -4.2793496717266795, -0.05802305930066787, 4.949490677163039, 1.8799474654389474];164.68572330000006;;C:\Users\guoji\Desktop\python3_11_test\suite\runners\LayeredBeam\runs\LB\sim_114228
38;[3.36625912800001, -2.499999999997816];[-3.36625912800001, 2.499999999997816];0.0;True;[-4.481462427726276, -0.44532407450787304, -3.973606131311158, -2.4380350476904256, -1.048511566568553, 4.1310918974990045, 4.099908642966126, -2.2014236187480374, -1.250908308929739, -3.746419291926806];162.45721830000002;;C:\Users\guoji\Desktop\python3_11_test\suite\runners\LayeredBeam\runs\LB\sim_633733
39;[3.683238696000013, -2.4999999999983036];[-3.683238696000013, 2.4999999999983036];0.0;True;[4.452078841958281, 0.7958349496736572, -2.6174423074087763, -3.543551676230262, 0.21510924520187746, -1.5971889163113264, 3.3170040001077172, -1.3425678510972627, 4.494549283865602, -0.8535130068993011];160.27357329999995;;C:\Users\guoji\Desktop\python3_11_test\suite\runners\LayeredBeam\runs\LB\sim_486097
40;[3.5301966480000004, -1.343623];[-3.5301966480000004, 1.343623];0.0;True;[-2.9489919281105195, -1.4540963384413619, -0.011004164723819265, -3.696387766257242, 2.7382420561045, 2.5497741866900556, -1.283042969475944, -0.7018358619040557, 1.0128140613168117, 0.029580537427599474];158.30994179999993;;C:\Users\guoji\Desktop\python3_11_test\suite\runners\LayeredBeam\runs\LB\sim_652782
41;[3.4829101440000123, -1.6756717];[-3.4829101440000123, 1.6756717];0.0;True;[-2.17269661118096, 1.0807668048200805, -2.3550346746814954, -3.5203834975936954, 1.5270677501648064, 2.2730428472878152, 2.857474894891949, -3.0361266349508287, -2.0303185535000976, -0.5779411415977611];160.76915629999985;;C:\Users\guoji\Desktop\python3_11_test\suite\runners\LayeredBeam\runs\LB\sim_190201
42;[3.3543957600000036, -2.499999999997673];[-3.3543957600000036, 2.499999999997673];0.0;True;[-1.720526175173227, -4.443491173113073, -0.6536165473874771, -1.7781995414244003, -1.2023099535786406, 3.7172382924149936, -2.020103871885197, 0.6393628198886612, 0.3124687577082774, -4.754735057623166];160.92023219999987;;C:\Users\guoji\Desktop\python3_11_test\suite\runners\LayeredBeam\runs\LB\sim_50255
43;[3.5565858000000117, -2.4999999999932494];[-3.5565858000000117, 2.4999999999932494];0.0;True;[-4.165794922103991, 2.4202612073670213, 2.3587317821257727, 0.566748452069195, -1.2937900968036997, 2.490861270517488, 4.306758822590599, -2.6642104154085713, -2.072354990276728, -4.490460500818639];164.42516809999984;;C:\Users\guoji\Desktop\python3_11_test\suite\runners\LayeredBeam\runs\LB\sim_93581
44;[3.586343040000009, -2.49999999995802];[-3.586343040000009, 2.49999999995802];0.0;True;[1.930210692158881, 4.584981537531442, 2.154145293392485, -2.0609680008822084, -2.90514981206474, -1.4422842549931003, -2.5265817335512297, -3.649589089087546, -1.472039855787619, 4.221663336900823];163.8608824999999;;C:\Users\guoji\Desktop\python3_11_test\suite\runners\LayeredBeam\runs\LB\sim_192497
45;[3.2711018400000125, -2.499999999995758];[-3.2711018400000125, 2.499999999995758];0.0;True;[3.367798462598424, -4.689469805452347, -4.709794475604461, 0.2591959994569635, 0.7224635064851377, -0.865267234060183, 1.0141545621009262, -4.618059158444297, -2.9299090534422345, -3.311226679377679];165.1178763999999;;C:\Users\guoji\Desktop\python3_11_test\suite\runners\LayeredBeam\runs\LB\sim_915414
46;[3.460604472000001, -2.3436737];[-3.460604472000001, 2.3436737];0.0;True;[-2.435479873383052, -2.7879124427183877, 0.3727856620225314, 3.7994650450574134, -0.48807503310459666, -4.435293137888921, -3.6554604854824504, 4.914998369512608, 2.727623326510721, -4.99951161896231];160.68041209999978;;C:\Users\guoji\Desktop\python3_11_test\suite\runners\LayeredBeam\runs\LB\sim_237666
47;[3.4750499040000076, -2.3138418];[-3.4750499040000076, 2.3138418];0.0;True;[1.4897106001279692, -4.056591982482387, -3.199266971360686, -1.4284153210296013, -3.0605555424205475, -1.8438219305003178, -1.1948414424631295, 4.875914131223645, -1.6392823671737777, 3.7391144076823952];153.54377419999992;;C:\Users\guoji\Desktop\python3_11_test\suite\runners\LayeredBeam\runs\LB\sim_989611
48;[3.857710968000014, -2.4999999999998055];[-3.857710968000014, 2.4999999999998055];0.0;True;[4.170416667448263, -3.209610929272051, -0.9493342683656492, 3.1985270389534293, -1.501659017731881, 4.197934758912986, 1.98633627500009, 1.5935074380487722, 2.596374732539731, -0.6847792529816843];148.59781350000003;;C:\Users\guoji\Desktop\python3_11_test\suite\runners\LayeredBeam\runs\LB\sim_261402
49;[3.678807456000008, -1.9857748];[-3.678807456000008, 1.9857748];0.0;True;[-2.016040576443332, 3.7495672200993084, 2.1191134498689648, -2.0350868846692682, -1.1655723877581439, 4.838278180491672, 0.6059344506893138, -0.7055019406198344, 2.5147161061840784, -4.790231766063772];154.64485790000003;;C:\Users\guoji\Desktop\python3_11_test\suite\runners\LayeredBeam\runs\LB\sim_538467
50;[3.7209676320000136, -2.496157176];[-3.7209676320000136, 2.496157176];0.0;True;[-3.8848486244513234, -4.133668671146924, -4.341369904057874, 4.480812443441678, 4.4729260500816945, 3.393084648668129, 0.11626170998524898, 3.2520246595492353, -1.9388041210179061, 3.650596105046427];150.8997609999999;;C:\Users\guoji\Desktop\python3_11_test\suite\runners\LayeredBeam\runs\LB\sim_162360
51;[2.5315200000000093, -2.47531935];[-2.5315200000000093, 2.47531935];0.0;True;[-5.0, -5.0, -5.0, -5.0, -5.0, -5.0, -5.0, -5.0, -5.0, -5.0];159.39192430000003;15.209644399999888;C:\Users\guoji\Desktop\python3_11_test\suite\runners\LayeredBeam\runs\LB\sim_184518
52;[2.8339951680000084, -2.46702619];[-2.8339951680000084, 2.46702619];0.0;True;[-5.0, -5.0, -5.0, -1.1619380771143173, -1.7223241476695748, 1.887744573926864, -5.0, -5.0, -5.0, -5.0];162.12011580000035;15.209644399999888;C:\Users\guoji\Desktop\python3_11_test\suite\runners\LayeredBeam\runs\LB\sim_447354
53;[2.7746243280000056, -1.205083];[-2.7746243280000056, 1.205083];0.0;True;[5.0, -5.0, -5.0, -5.0, -5.0, -4.4319709391796245, -5.0, -5.0, -5.0, -4.313195320361416];169.85341330000028;15.209644399999888;C:\Users\guoji\Desktop\python3_11_test\suite\runners\LayeredBeam\runs\LB\sim_268526
54;[3.008804616000005, -1.9460511];[-3.008804616000005, 1.9460511];0.0;True;[-3.332826055242904, -5.0, -5.0, -0.936102937703752, -1.2460079907772426, -0.004086070004380105, -5.0, -5.0, 2.615556587848661, -5.0];158.69431609999992;15.209644399999888;C:\Users\guoji\Desktop\python3_11_test\suite\runners\LayeredBeam\runs\LB\sim_672571
55;[3.0189948480000006, 0.5478459999999998];[-3.0189948480000006, -0.5478459999999998];0.0;True;[-3.376918990263511, -5.0, -0.8114426966771218, -2.545356875680363, -1.5360383495963639, 2.01091531807967, -5.0, -5.0, -5.0, -1.1728839181336657];156.88869939999995;15.209644399999888;C:\Users\guoji\Desktop\python3_11_test\suite\runners\LayeredBeam\runs\LB\sim_781015
56;[2.692618848000011, -2.48884655];[-2.692618848000011, 2.48884655];0.0;True;[-5.0, -5.0, -2.209501466792569, -5.0, -5.0, -3.857956323422774, -5.0, -5.0, -1.4742430702926934, -5.0];161.72287000000006;14.297212599999966;C:\Users\guoji\Desktop\python3_11_test\suite\runners\LayeredBeam\runs\LB\sim_446714
57;[2.681925336000007, -2.48939564];[-2.681925336000007, 2.48939564];0.0;True;[-5.0, -5.0, 1.5191275634741803, -4.694988624458119, -4.992359121540572, -5.0, -5.0, -4.932885812637344, -4.935684209092951, -5.0];166.90085790000012;14.297212599999966;C:\Users\guoji\Desktop\python3_11_test\suite\runners\LayeredBeam\runs\LB\sim_4673
58;[2.7998676000000056, -2.499999999997242];[-2.7998676000000056, 2.499999999997242];0.0;True;[-4.759657068480496, -5.0, -5.0, -0.7250621287748507, -5.0, -5.0, 1.2996130724569745, -5.0, -5.0, -3.391379465200115];156.86831489999986;14.297212599999966;C:\Users\guoji\Desktop\python3_11_test\suite\runners\LayeredBeam\runs\LB\sim_530434
59;[2.6780976000000125, -2.499999999996678];[-2.6780976000000125, 2.499999999996678];0.0;True;[-5.0, -5.0, -4.6808624762939885, -5.0, -4.931215497541201, -5.0, -5.0, -4.737838576520088, 1.1359314290318059, -5.0];158.2676434;14.297212599999966;C:\Users\guoji\Desktop\python3_11_test\suite\runners\LayeredBeam\runs\LB\sim_945032
60;[2.625948072000006, -2.499999999885394];[-2.625948072000006, 2.499999999885394];0.0;True;[-4.9337932150162835, -5.0, -0.9454006811541316, -5.0, -4.944673448985725, -4.971467288402761, -4.851747772489353, -5.0, -5.0, -4.981234146000005];156.5109848000002;14.297212599999966;C:\Users\guoji\Desktop\python3_11_test\suite\runners\LayeredBeam\runs\LB\sim_178821
61;[2.9541654720000032, -2.499999999997925];[-2.9541654720000032, 2.499999999997925];0.0;True;[-3.0228552747506727, -5.0, -5.0, -5.0, 3.5883701862189312, -0.7955125177087368, -5.0, -5.0, -5.0, -0.20308310100832205];157.60689290000028;13.893500299999687;C:\Users\guoji\Desktop\python3_11_test\suite\runners\LayeredBeam\runs\LB\sim_573646
62;[2.849504400000008, 3.2839460000000003];[-2.849504400000008, -3.2839460000000003];0.0;True;[-5.0, -5.0, -0.5567072769499397, -5.0, -5.0, -4.64464003622175, -5.0, 2.835288406772145, -5.0, -2.9124415698971426];157.98733419999962;13.893500299999687;C:\Users\guoji\Desktop\python3_11_test\suite\runners\LayeredBeam\runs\LB\sim_317493
63;[2.738027016000011, -2.4999999999990346];[-2.738027016000011, 2.4999999999990346];0.0;True;[-3.4748951426434243, -5.0, -5.0, -4.004660504450689, -5.0, -4.782040552172344, 1.8221125368761717, -5.0, -5.0, -5.0];159.46029950000002;13.893500299999687;C:\Users\guoji\Desktop\python3_11_test\suite\runners\LayeredBeam\runs\LB\sim_981014
64;[2.9722248000000064, -2.499999999996919];[-2.9722248000000064, 2.499999999996919];0.0;True;[-4.9337932150162835, -5.0, -0.9491623531640796, -5.0, -4.873442517833714, 4.34442385579832, -4.898732012492456, 1.6949310436369514, -5.0, -4.981234146000005];154.12950180000007;13.893500299999687;C:\Users\guoji\Desktop\python3_11_test\suite\runners\LayeredBeam\runs\LB\sim_225573
65;[2.813411448, -1.7771713999999998];[-2.813411448, 1.7771713999999998];0.0;True;[-1.1903633697747051, -4.993867349396256, -5.0, -5.0, 4.1445718262325375, -5.0, -5.0, -4.985105550865694, -5.0, -4.924711911608204];164.63399600000002;13.893500299999687;C:\Users\guoji\Desktop\python3_11_test\suite\runners\LayeredBeam\runs\LB\sim_872571
66;[2.7079248240000076, -2.45258296];[-2.7079248240000076, 2.45258296];0.0;True;[-4.763948031646253, -5.0, -5.0, 2.9177268372535448, -5.0, -5.0, -5.0, -5.0, -5.0, -4.986881360701577];168.6720422999997;15.540488399999958;C:\Users\guoji\Desktop\python3_11_test\suite\runners\LayeredBeam\runs\LB\sim_382921
67;[2.625989112000002, -2.1549992];[-2.625989112000002, 2.1549992];0.0;True;[-5.0, -5.0, -5.0, -0.6264337517253518, -5.0, -5.0, -5.0, -5.0, -5.0, -5.0];168.8603503000004;15.540488399999958;C:\Users\guoji\Desktop\python3_11_test\suite\runners\LayeredBeam\runs\LB\sim_355447
68;[2.6971492320000126, -2.490422466];[-2.6971492320000126, 2.490422466];0.0;True;[-5.0, -1.3472920344121975, -5.0, -1.1325764559624893, -5.0, -4.852106766138485, -5.0, -5.0, -5.0, -5.0];177.1441901000003;15.540488399999958;C:\Users\guoji\Desktop\python3_11_test\suite\runners\LayeredBeam\runs\LB\sim_641918
69;[3.053112264000013, -2.4999999998032765];[-3.053112264000013, 2.4999999998032765];0.0;True;[-5.0, -5.0, -5.0, 0.5597381668509627, -5.0, 3.189911776953748, 2.3326349754297295, -3.576744028680684, -3.357737595785643, -5.0];168.64012999999977;15.540488399999958;C:\Users\guoji\Desktop\python3_11_test\suite\runners\LayeredBeam\runs\LB\sim_97173
70;[3.182192784000004, -2.4999999999983653];[-3.182192784000004, 2.4999999999983653];0.0;True;[-4.979956136456081, -1.3404628041504942, -4.887811549945857, 4.183240177783139, -3.7621640560028338, 2.996831903408271, -4.383102480310787, -4.974115056797173, 2.270759564411642, -4.999499851046252];159.82943330000035;15.540488399999958;C:\Users\guoji\Desktop\python3_11_test\suite\runners\LayeredBeam\runs\LB\sim_515371
71;[2.991306240000005, -2.49999999999925];[-2.991306240000005, 2.49999999999925];0.0;True;[-5.0, 5.0, -2.6478992169168185, -5.0, -5.0, -4.644591704118604, 2.855577344329957, -5.0, -4.392318312447046, -4.884365101714814];158.9732954000001;16.454158500000176;C:\Users\guoji\Desktop\python3_11_test\suite\runners\LayeredBeam\runs\LB\sim_465813
72;[3.106492992000012, -2.499999999998924];[-3.106492992000012, 2.499999999998924];0.0;True;[1.198406440994729, -1.0554018639251215, -5.0, -5.0, -5.0, -0.6720311173029216, 2.17074593921466, -3.3876639901462333, -4.927842203131719, -1.7070989476873444];152.64904609999985;16.454158500000176;C:\Users\guoji\Desktop\python3_11_test\suite\runners\LayeredBeam\runs\LB\sim_254526
73;[2.820146112000002, -2.493333836];[-2.820146112000002, 2.493333836];0.0;True;[-5.0, -4.648953503334412, -5.0, 5.0, -5.0, -3.8324841577816917, -5.0, -5.0, -5.0, -3.156229851121674];189.61658969999962;16.454158500000176;C:\Users\guoji\Desktop\python3_11_test\suite\runners\LayeredBeam\runs\LB\sim_995110
74;[3.094958160000008, -2.4999999999971716];[-3.094958160000008, 2.4999999999971716];0.0;True;[-3.4748951426434243, -5.0, -0.9190381111909529, 4.080567463411818, -5.0, -4.782040552172344, 1.8221125368761717, -5.0, -5.0, -0.6415994777082563];160.98679869999978;16.454158500000176;C:\Users\guoji\Desktop\python3_11_test\suite\runners\LayeredBeam\runs\LB\sim_161766
75;[3.0432970080000037, -2.41260123];[-3.0432970080000037, 2.41260123];0.0;True;[-4.986461598140745, -1.3404628041504942, 1.3715994551254802, 4.183240177783139, -4.378623897721557, -4.970538863920062, -4.382583156180878, -1.8266659484851289, -4.999049282502358, -4.977060083758927];163.4177368999999;16.454158500000176;C:\Users\guoji\Desktop\python3_11_test\suite\runners\LayeredBeam\runs\LB\sim_470542
76;[3.0279385440000057, -2.4999999999949454];[-3.0279385440000057, 2.4999999999949454];0.0;True;[-5.0, 5.0, -5.0, 2.487477845086694, -5.0, -5.0, -1.1561453942638371, -5.0, -5.0, -3.348982460642734];228.45699400000012;13.539125799999965;C:\Users\guoji\Desktop\python3_11_test\suite\runners\LayeredBeam\runs\LB\sim_860260
77;[3.160918944000002, -2.499999999996292];[-3.160918944000002, 2.499999999996292];0.0;True;[-5.0, 4.834137909717299, -2.6686381175663416, 3.070790699110047, -4.916444013475058, -4.7411341079038145, 2.850465018067805, -5.0, -4.392318312447046, -4.898035568703138];226.35206740000012;13.539125799999965;C:\Users\guoji\Desktop\python3_11_test\suite\runners\LayeredBeam\runs\LB\sim_960471
78;[2.999871288, -2.4999999999976996];[-2.999871288, 2.4999999999976996];0.0;True;[-5.0, -3.1486043632478884, -5.0, -3.3758675953632302, -2.9986987253823143, 2.150692193238136, -1.4041804683653032, 0.45960127256360295, -5.0, -5.0];221.36193060000005;13.539125799999965;C:\Users\guoji\Desktop\python3_11_test\suite\runners\LayeredBeam\runs\LB\sim_207170
79;[2.689640856, -2.4999999999981712];[-2.689640856, 2.4999999999981712];0.0;True;[-5.0, -5.0, -5.0, -5.0, -5.0, -5.0, 2.320419826899087, -5.0, -5.0, -5.0];228.45919370000001;13.539125799999965;C:\Users\guoji\Desktop\python3_11_test\suite\runners\LayeredBeam\runs\LB\sim_486019
80;[2.703809592000006, -1.420926];[-2.703809592000006, 1.420926];0.0;True;[-5.0, -5.0, -5.0, -5.0, -5.0, -4.6511463936527555, 2.5117413157808066, -5.0, -5.0, -4.88424225904138];223.63423420000026;13.539125799999965;C:\Users\guoji\Desktop\python3_11_test\suite\runners\LayeredBeam\runs\LB\sim_712355
81;[2.8882105200000034, -2.45800007];[-2.8882105200000034, 2.45800007];0.0;True;[-5.0, -5.0, -4.962468269456155, -5.0, -5.0, 4.155522404260976, 2.320419826899087, -5.0, -5.0, -5.0];213.91164170000002;13.78631630000018;C:\Users\guoji\Desktop\python3_11_test\suite\runners\LayeredBeam\runs\LB\sim_495189
82;[2.9966325840000003, -2.499999999980714];[-2.9966325840000003, 2.499999999980714];0.0;True;[-5.0, -5.0, -5.0, 3.4900813663025474, -5.0, -0.9439726247747018, -5.0, 3.9868846780271774, -5.0, -5.0];217.3391732;13.78631630000018;C:\Users\guoji\Desktop\python3_11_test\suite\runners\LayeredBeam\runs\LB\sim_622973
83;[3.2106769200000023, -2.4999999999987126];[-3.2106769200000023, 2.4999999999987126];0.0;True;[1.01844713119422, -5.0, -3.9534617924657347, 2.047733865359101, -3.525048638417661, 0.582899696056014, -4.827428518305764, 5.0, -5.0, -4.9006684596089585];216.36155310000004;13.78631630000018;C:\Users\guoji\Desktop\python3_11_test\suite\runners\LayeredBeam\runs\LB\sim_475107
84;[3.5530682400000124, -2.4999999999982747];[-3.5530682400000124, 2.4999999999982747];0.0;True;[3.112211685035133, -5.0, -3.715545529924949, 0.9744378005814935, -5.0, 0.2126883895569156, -5.0, 5.0, 4.75168213233324, 1.9584428958640938];208.41687560000037;13.78631630000018;C:\Users\guoji\Desktop\python3_11_test\suite\runners\LayeredBeam\runs\LB\sim_626531
85;[3.1476209040000036, -2.499999999998743];[-3.1476209040000036, 2.499999999998743];0.0;True;[-3.783527933569241, -5.0, 5.0, -2.3860780262562247, -5.0, -2.515147488251015, -5.0, -1.814995237171975, -5.0, 4.02293094026146];215.76435859999992;13.78631630000018;C:\Users\guoji\Desktop\python3_11_test\suite\runners\LayeredBeam\runs\LB\sim_691506
86;[3.056070168000011, -2.499999999997894];[-3.056070168000011, 2.499999999997894];0.0;True;[-5.0, -5.0, 0.08899901813894218, 5.0, -5.0, 4.195728686381798, -5.0, -5.0, -5.0, -5.0];173.6312339000001;15.360043099999984;C:\Users\guoji\Desktop\python3_11_test\suite\runners\LayeredBeam\runs\LB\sim_807301
87;[3.247739064000013, -2.4999999999980647];[-3.247739064000013, 2.4999999999980647];0.0;True;[-5.0, -2.199748394423037, -5.0, -2.1041697526925645, 1.1255576374020224, -1.657343256065817, 4.423311182039271, -2.6145105987439976, -5.0, 1.1852137130311835];163.02508960000023;15.360043099999984;C:\Users\guoji\Desktop\python3_11_test\suite\runners\LayeredBeam\runs\LB\sim_998292
88;[3.104847504000002, -2.4999999999981304];[-3.104847504000002, 2.4999999999981304];0.0;True;[-3.2229421845803112, -4.951913523288849, 1.3715994551254802, 4.183240177783139, -4.997974837160837, 2.996831903408271, -4.391850098780597, -4.96803509075673, -4.980891500789417, -4.495115471104698];171.4372615000002;15.360043099999984;C:\Users\guoji\Desktop\python3_11_test\suite\runners\LayeredBeam\runs\LB\sim_431795
89;[3.4440001200000125, -2.499999999997529];[-3.4440001200000125, 2.499999999997529];0.0;True;[-4.9831751634107935, -1.46396632487735, 1.3715994551254802, 4.183240177783139, -4.99474195851596, 2.996831903408271, 3.0196863231530404, -4.992920306151738, 1.5932286353978764, -4.485366282242565];173.2743559999999;15.360043099999984;C:\Users\guoji\Desktop\python3_11_test\suite\runners\LayeredBeam\runs\LB\sim_867701
90;[3.3898646880000105, -2.499999999997821];[-3.3898646880000105, 2.499999999997821];0.0;True;[4.170416667448263, -4.9858055797606795, -4.974258433217879, 3.1985270389534293, -1.501659017731881, -4.997900694714585, 2.324576212671955, -4.994490663052514, 2.596374732539731, -1.0975695462260946];167.7963864999997;15.360043099999984;C:\Users\guoji\Desktop\python3_11_test\suite\runners\LayeredBeam\runs\LB\sim_110381
91;[3.0849094080000055, -2.499999999884439];[-3.0849094080000055, 2.499999999884439];0.0;True;[-3.346615089940918, -5.0, -5.0, -1.265799526937216, -4.23183056264099, 4.4641374739591715, -5.0, 5.0, -5.0, -5.0];160.92365579999978;14.833296899999823;C:\Users\guoji\Desktop\python3_11_test\suite\runners\LayeredBeam\runs\LB\sim_495952
92;[2.533511520000004, -2.493760652];[-2.533511520000004, 2.493760652];0.0;True;[-5.0, -5.0, -5.0, -5.0, -5.0, -5.0, -4.942475742294082, -5.0, -4.965326193109994, -5.0];163.39512999999988;14.833296899999823;C:\Users\guoji\Desktop\python3_11_test\suite\runners\LayeredBeam\runs\LB\sim_959267
93;[2.5337277360000106, -2.499999999993717];[-2.5337277360000106, 2.499999999993717];0.0;True;[-5.0, -5.0, -5.0, -5.0, -5.0, -5.0, -4.897778234351043, -5.0, -5.0, -5.0];161.3864269999999;14.833296899999823;C:\Users\guoji\Desktop\python3_11_test\suite\runners\LayeredBeam\runs\LB\sim_905530
94;[2.5334316000000108, -2.45663047];[-2.5334316000000108, 2.45663047];0.0;True;[-5.0, -5.0, -5.0, -5.0, -5.0, -4.9964406183014445, -4.915055882212765, -5.0, -5.0, -5.0];162.54561439999998;14.833296899999823;C:\Users\guoji\Desktop\python3_11_test\suite\runners\LayeredBeam\runs\LB\sim_304289
95;[2.5324513920000067, -1.7390649];[-2.5324513920000067, 1.7390649];0.0;True;[-5.0, -5.0, -5.0, -5.0, -4.995853468571107, -5.0, -4.961030917235741, -5.0, -5.0, -5.0];164.93999090000034;14.833296899999823;C:\Users\guoji\Desktop\python3_11_test\suite\runners\LayeredBeam\runs\LB\sim_179177
96;[3.179892384000002, -2.499999999996925];[-3.179892384000002, 2.499999999996925];0.0;True;[-4.977451279488235, -1.3281562933399704, -3.1329229123211637, -1.1329785050848518, -2.490673148197813, 0.2517050978967674, 2.325955148332641, -0.7900215631910248, -3.7433805848988886, -4.964817964149729];158.24099650000016;16.2062377000002;C:\Users\guoji\Desktop\python3_11_test\suite\runners\LayeredBeam\runs\LB\sim_28254
97;[3.1793804640000007, -2.4999999995633697];[-3.1793804640000007, 2.4999999995633697];0.0;True;[-5.0, 0.4058112937574334, -5.0, 5.0, 2.6258282072652204, -1.5600568040636609, -5.0, -1.7345760302630229, -5.0, -4.7434744101673285];184.1033378000002;16.2062377000002;C:\Users\guoji\Desktop\python3_11_test\suite\runners\LayeredBeam\runs\LB\sim_741896
98;[3.1095591120000043, -2.4999999999997007];[-3.1095591120000043, 2.4999999999997007];0.0;True;[-1.6970682595850595, -4.9583458768537705, -3.0712855102505343, -1.1329785050848518, -4.964405902037878, 0.3684403305154209, 2.8931264018308003, -0.7900215631910248, -4.988397802404811, -4.897960581794084];156.2837810000001;16.2062377000002;C:\Users\guoji\Desktop\python3_11_test\suite\runners\LayeredBeam\runs\LB\sim_589663
99;[3.0701922480000086, -2.0810443];[-3.0701922480000086, 2.0810443];0.0;True;[-3.477283994126667, -4.900300323158358, -3.20813192562997, -1.1593171244941902, -4.955933284816824, 0.20186186413083806, 1.832974302409208, -0.764478209055647, -3.741727068501433, -4.889159192974622];154.65251439999975;16.2062377000002;C:\Users\guoji\Desktop\python3_11_test\suite\runners\LayeredBeam\runs\LB\sim_907908
100;[2.998315008000005, -1.6502381000000002];[-2.998315008000005, 1.6502381000000002];0.0;True;[-3.307668664583901, -5.0, -5.0, 4.293843129550048, -5.0, -5.0, 2.215976912818408, -1.8796530497100408, -4.975526493632908, -4.736074032170797];170.52162660000022;16.2062377000002;C:\Users\guoji\Desktop\python3_11_test\suite\runners\LayeredBeam\runs\LB\sim_7944
101;[3.045264552000007, -2.499999999971838];[-3.045264552000007, 2.499999999971838];0.0;True;[4.999829091335457, -3.848225308229749, 3.1034709576479553, -1.9534344922013434, -5.0, -5.0, -5.0, -3.5171554460495686, -5.0, -5.0];162.9439951999998;16.926196100000197;C:\Users\guoji\Desktop\python3_11_test\suite\runners\LayeredBeam\runs\LB\sim_791492
102;[3.2225212800000014, -2.4999999999965206];[-3.2225212800000014, 2.4999999999965206];0.0;True;[5.0, -5.0, -4.979076268564633, -1.5175244644125812, -5.0, 0.14573473491838929, 5.0, -1.6583212409831196, -5.0, -5.0];155.22948880000013;16.926196100000197;C:\Users\guoji\Desktop\python3_11_test\suite\runners\LayeredBeam\runs\LB\sim_382669
103;[3.1167363600000106, -2.492499468];[-3.1167363600000106, 2.492499468];0.0;True;[-5.0, 5.0, -5.0, -4.810200427797104, -5.0, 0.02894650475704985, -5.0, -3.1254209681397276, -5.0, 5.0];162.35601420000012;16.926196100000197;C:\Users\guoji\Desktop\python3_11_test\suite\runners\LayeredBeam\runs\LB\sim_400977
104;[3.2450563440000053, -2.4999999999978617];[-3.2450563440000053, 2.4999999999978617];0.0;True;[-1.6970682595850595, -4.9583458768537705, -3.0904645602536203, -1.1713190312937671, -4.964405902037878, 4.294656522253389, 2.8931264018308003, 1.6143306419216819, -4.988397802404811, -4.897960581794084];154.22648660000004;16.926196100000197;C:\Users\guoji\Desktop\python3_11_test\suite\runners\LayeredBeam\runs\LB\sim_649080
105;[3.236480496000005, -2.4999999999894293];[-3.236480496000005, 2.4999999999894293];0.0;True;[-5.0, -5.0, -0.3684966210123246, 5.0, 4.8513504296019345, 0.05077378229064511, -3.235866404710107, -3.6606813838570176, -5.0, -5.0];169.65119579999964;16.926196100000197;C:\Users\guoji\Desktop\python3_11_test\suite\runners\LayeredBeam\runs\LB\sim_99598
106;[3.5385599520000035, -1.474584];[-3.5385599520000035, 1.474584];0.0;True;[-4.893899881055683, -4.8703790109596286, -4.788121595499335, 3.1985270389534293, -1.5019930972626194, 4.197934758912986, 1.98633627500009, 1.5935074380487722, 2.445967157918563, -0.7456612012009032];148.5050241000008;13.597109100000125;C:\Users\guoji\Desktop\python3_11_test\suite\runners\LayeredBeam\runs\LB\sim_550287
107;[3.4450064640000058, -2.4999999999995586];[-3.4450064640000058, 2.4999999999995586];0.0;True;[4.170416667448263, -3.209610929272051, -0.5270454545462542, 3.1985270389534293, -1.501659017731881, -4.892967764091441, 1.98633627500009, -4.864659823052838, 2.9007115307935365, -4.968997102658339];160.9203354000001;13.597109100000125;C:\Users\guoji\Desktop\python3_11_test\suite\runners\LayeredBeam\runs\LB\sim_656560
108;[2.740893768000005, -2.499999999995594];[-2.740893768000005, 2.499999999995594];0.0;True;[-1.6970682595850595, -4.9583458768537705, -3.0712855102505343, -1.1329785050848518, -4.964405902037878, -4.858030208797103, -4.936108168473796, -4.804120691410833, -4.988242371961548, -4.8961841926966985];166.62961790000008;13.597109100000125;C:\Users\guoji\Desktop\python3_11_test\suite\runners\LayeredBeam\runs\LB\sim_133310
109;[3.4893603360000025, -1.075634];[-3.4893603360000025, 1.075634];0.0;True;[4.170416667448263, 4.929456381474765, -0.9493342683656492, 3.3227981405322886, -4.990357596275576, -4.144546486835164, 1.98633627500009, -4.990666245532804, -4.370904351243915, -0.6187032482940538];158.6431676000002;13.597109100000125;C:\Users\guoji\Desktop\python3_11_test\suite\runners\LayeredBeam\runs\LB\sim_837446
110;[2.8576873440000066, -2.48522809];[-2.8576873440000066, 2.48522809];0.0;True;[4.165168825345255, -3.3219212013716914, -1.1202078640984237, -5.0, -4.960996587698822, -5.0, -5.0, -5.0, -4.768934689471187, -4.892756317390517];169.47913289999997;13.597109100000125;C:\Users\guoji\Desktop\python3_11_test\suite\runners\LayeredBeam\runs\LB\sim_504059
111;[2.953867176000005, -2.4999999999967373];[-2.953867176000005, 2.4999999999967373];0.0;True;[-5.0, -3.270464780643016, -5.0, 1.282072584326598, -2.73191991153994, -3.5644362418458675, 1.0266433295924706, -5.0, -5.0, -3.1887754144726017];152.8777637000003;14.537467899999683;C:\Users\guoji\Desktop\python3_11_test\suite\runners\LayeredBeam\runs\LB\sim_763757
112;[2.8046591280000004, -2.499999999997719];[-2.8046591280000004, 2.499999999997719];0.0;True;[-4.994453602851068, -5.0, -5.0, -5.0, -5.0, 0.3175666789460063, 2.320419826899087, -5.0, -4.999755882421295, -4.99845128999334];155.35807540000042;14.537467899999683;C:\Users\guoji\Desktop\python3_11_test\suite\runners\LayeredBeam\runs\LB\sim_253499
113;[2.8242818640000085, -2.499999999996719];[-2.8242818640000085, 2.499999999996719];0.0;True;[-4.997188682280001, -4.9901387779599595, -5.0, -4.849905276631049, -5.0, 0.18803617841094145, 3.1682343478553605, -5.0, -4.965326193109994, -4.999934591915635];155.15611289999924;14.537467899999683;C:\Users\guoji\Desktop\python3_11_test\suite\runners\LayeredBeam\runs\LB\sim_184212
114;[2.8561572000000006, -2.499999999999686];[-2.8561572000000006, 2.499999999999686];0.0;True;[-4.99960980312602, -4.999112172673588, -3.0987713376928157, -5.0, -5.0, 0.29364468606442173, 2.320419826899087, -5.0, -4.4870726999259825, -5.0];154.30592660000002;14.537467899999683;C:\Users\guoji\Desktop\python3_11_test\suite\runners\LayeredBeam\runs\LB\sim_281370
115;[2.9046861360000067, -2.4999999999993694];[-2.9046861360000067, 2.4999999999993694];0.0;True;[-5.0, -5.0, -5.0, -5.0, -5.0, 0.28395446992776296, 2.9346542669536397, -0.9427331559986598, -4.999953621464547, -4.9996882217954814];152.87969019999946;14.537467899999683;C:\Users\guoji\Desktop\python3_11_test\suite\runners\LayeredBeam\runs\LB\sim_703612
116;[2.6971118640000125, -2.0453231];[-2.6971118640000125, 2.0453231];0.0;True;[-5.0, -5.0, -5.0, -5.0, -5.0, -5.0, -5.0, -5.0, -4.02293254704137, 1.6892206163390178];156.54304909999973;15.54639430000043;C:\Users\guoji\Desktop\python3_11_test\suite\runners\LayeredBeam\runs\LB\sim_675825
117;[2.803611312000007, -2.4999999999977316];[-2.803611312000007, 2.4999999999977316];0.0;True;[-5.0, -5.0, -5.0, -5.0, -4.801038700427728, -4.60035048468801, -5.0, -5.0, 2.6553703334875127, -0.6571594462203469];158.47268010000062;15.54639430000043;C:\Users\guoji\Desktop\python3_11_test\suite\runners\LayeredBeam\runs\LB\sim_992066
118;[2.565287712, -2.41290415];[-2.565287712, 2.41290415];0.0;True;[-5.0, -5.0, -5.0, -5.0, -5.0, -5.0, -4.999071208790813, -5.0, -4.999908281494425, -3.4377015050396533];159.88829859999987;15.54639430000043;C:\Users\guoji\Desktop\python3_11_test\suite\runners\LayeredBeam\runs\LB\sim_617568
119;[2.954452320000009, -1.464939];[-2.954452320000009, 1.464939];0.0;True;[-5.0, -5.0, -5.0, -5.0, 1.6871596388331849, -5.0, -3.3048570741370518, -3.683438047445912, -5.0, 4.881343814427188];156.5290202999995;15.54639430000043;C:\Users\guoji\Desktop\python3_11_test\suite\runners\LayeredBeam\runs\LB\sim_927744
120;[2.894708232000012, -2.499999999998945];[-2.894708232000012, 2.499999999998945];0.0;True;[-4.925624555216135, -2.5408289167935276, -4.759918344115943, -5.0, -1.4857929270609076, -5.0, 2.333101628929372, -5.0, -4.945825769646012, -1.8608329509093298];158.45688920000066;15.54639430000043;C:\Users\guoji\Desktop\python3_11_test\suite\runners\LayeredBeam\runs\LB\sim_169326
121;[3.0442871520000025, -2.4999999990516333];[-3.0442871520000025, 2.4999999990516333];0.0;True;[-4.437255641661766, -5.0, -2.2232645958615245, -3.6344984475072066, -5.0, 4.445520814456652, -5.0, 4.588709996409987, -5.0, -5.0];154.5808588;13.708596200000102;C:\Users\guoji\Desktop\python3_11_test\suite\runners\LayeredBeam\runs\LB\sim_318675
122;[3.414466656000009, -2.499999999994977];[-3.414466656000009, 2.499999999994977];0.0;True;[2.7938729721738955, 5.0, -5.0, 5.0, -5.0, 0.6320380305718656, -5.0, 2.451249905497731, -5.0, -5.0];161.30772250000064;13.708596200000102;C:\Users\guoji\Desktop\python3_11_test\suite\runners\LayeredBeam\runs\LB\sim_213306
123;[3.17370657600001, -2.4999999999977374];[-3.17370657600001, 2.4999999999977374];0.0;True;[-5.0, -0.36790973904072644, -5.0, 5.0, -3.2695907637764434, -0.23434586660526602, -5.0, 3.6027173295179065, -5.0, -5.0];159.16386590000002;13.708596200000102;C:\Users\guoji\Desktop\python3_11_test\suite\runners\LayeredBeam\runs\LB\sim_879719
124;[2.918787480000004, -2.499999999996851];[-2.918787480000004, 2.499999999996851];0.0;True;[-5.0, -5.0, -4.241664244153547, 5.0, -5.0, 0.8298199207250185, -5.0, -3.6591069722788143, -5.0, -5.0];163.68810649999978;13.708596200000102;C:\Users\guoji\Desktop\python3_11_test\suite\runners\LayeredBeam\runs\LB\sim_47610
125;[3.2634785520000014, -2.4999999999982436];[-3.2634785520000014, 2.4999999999982436];0.0;True;[-4.5875545073089885, -3.209610929272051, -4.998255232753774, -4.884599173942536, -3.8576756516987767, 4.197934758912986, 1.98633627500009, 1.5935074380487722, 2.596374732539731, -4.9495356554574865];153.1389794000006;13.708596200000102;C:\Users\guoji\Desktop\python3_11_test\suite\runners\LayeredBeam\runs\LB\sim_508897
126;[3.3034849920000053, 1.0645980000000002];[-3.3034849920000053, -1.0645980000000002];0.0;True;[-5.0, -4.439876648913945, -1.6174936556359625, 5.0, 2.4565037923958783, -0.659988803579945, -5.0, 5.0, -5.0, -5.0];164.1379253999994;14.743907500000205;C:\Users\guoji\Desktop\python3_11_test\suite\runners\LayeredBeam\runs\LB\sim_22157
127;[2.9152828800000083, -2.4999999999934897];[-2.9152828800000083, 2.4999999999934897];0.0;True;[-5.0, -5.0, 4.5525222884749965, 1.0340744965434325, -5.0, -3.338185344519098, -5.0, -4.481607446417161, -5.0, -5.0];174.84504180000022;14.743907500000205;C:\Users\guoji\Desktop\python3_11_test\suite\runners\LayeredBeam\runs\LB\sim_363414
128;[3.0787743600000086, -2.0188833];[-3.0787743600000086, 2.0188833];0.0;True;[5.0, -2.999694891706954, -5.0, -5.0, -5.0, 3.185303385452629, -5.0, -1.1002113319674245, -3.7495845213776424, -5.0];160.0215702000005;14.743907500000205;C:\Users\guoji\Desktop\python3_11_test\suite\runners\LayeredBeam\runs\LB\sim_804751
129;[2.5556508720000064, -2.499999999998858];[-2.5556508720000064, 2.499999999998858];0.0;True;[-5.0, -5.0, -5.0, -3.9901748889556177, -5.0, -5.0, -4.927210614017684, -5.0, -4.965452418538189, -5.0];176.3346534000002;14.743907500000205;C:\Users\guoji\Desktop\python3_11_test\suite\runners\LayeredBeam\runs\LB\sim_11568
130;[2.5437566160000094, -1.078635];[-2.5437566160000094, 1.078635];0.0;True;[-5.0, -5.0, -5.0, -5.0, -5.0, -5.0, -4.942475742294082, -5.0, -4.491014113952516, -5.0];164.61224909999964;14.743907500000205;C:\Users\guoji\Desktop\python3_11_test\suite\runners\LayeredBeam\runs\LB\sim_660266
131;[3.4998238080000132, -2.4999999999982774];[-3.4998238080000132, 2.4999999999982774];0.0;True;[4.703140816178841, 0.25741701874892264, -5.0, -5.0, 0.48049953214089847, 2.523946722751451, -5.0, 2.031500031428429, -5.0, 4.8323658757971195];157.50897160000022;14.722754100000202;C:\Users\guoji\Desktop\python3_11_test\suite\runners\LayeredBeam\runs\LB\sim_658773
132;[2.834112240000006, -2.4999999999970086];[-2.834112240000006, 2.4999999999970086];0.0;True;[-5.0, -3.2141567817875782, -5.0, -3.9901748889556177, -1.3311659452321822, -5.0, 2.0371030174831795, -4.527262522069588, -4.965452418538189, -5.0];160.72237200000018;14.722754100000202;C:\Users\guoji\Desktop\python3_11_test\suite\runners\LayeredBeam\runs\LB\sim_580977
133;[2.5768400400000004, -2.4999999999997313];[-2.5768400400000004, 2.4999999999997313];0.0;True;[-5.0, -5.0, -4.882094064190249, -5.0, -3.6128678356292108, -5.0, -4.942908397364826, -5.0, -4.965326193109994, -4.498654988396936];178.2376643000007;14.722754100000202;C:\Users\guoji\Desktop\python3_11_test\suite\runners\LayeredBeam\runs\LB\sim_850568
134;[2.98453939200001, -1.9935508];[-2.98453939200001, 1.9935508];0.0;True;[-3.4748951426434243, -5.0, -5.0, -3.9834986189347834, -1.4206583786952374, -4.782040552172344, 1.9826150942765235, -5.0, 2.651600588804248, -5.0];159.2305512999992;14.722754100000202;C:\Users\guoji\Desktop\python3_11_test\suite\runners\LayeredBeam\runs\LB\sim_58041
135;[3.102336936000011, -0.8930370000000001];[-3.102336936000011, 0.8930370000000001];0.0;True;[-4.999742048115535, -4.961783506357536, -3.0155343119097773, -5.0, -4.980677616427874, 0.3522750491317801, 2.320419826899087, 1.3676799025795239, -4.046605198798986, -0.6093250192526778];150.07601239999985;14.722754100000202;C:\Users\guoji\Desktop\python3_11_test\suite\runners\LayeredBeam\runs\LB\sim_867255
136;[2.975511672000011, -2.43686592];[-2.975511672000011, 2.43686592];0.0;True;[-5.0, -5.0, -1.7754146553189996, 5.0, -5.0, -5.0, -3.433951934751757, -5.0, -5.0, 0.7645389726666298];169.37124070000027;16.45748309999999;C:\Users\guoji\Desktop\python3_11_test\suite\runners\LayeredBeam\runs\LB\sim_335534
137;[3.3930349200000096, -1.8644528];[-3.3930349200000096, 1.8644528];0.0;True;[-4.997909246196354, -5.0, -1.5879062174665997, 5.0, 1.8259725949883743, -5.0, 1.8096663101492236, 1.8984751684936967, -5.0, 0.9366737884331666];156.2319338999996;16.45748309999999;C:\Users\guoji\Desktop\python3_11_test\suite\runners\LayeredBeam\runs\LB\sim_675965
138;[2.5508029680000046, -2.4999999999250324];[-2.5508029680000046, 2.4999999999250324];0.0;True;[-4.199457817878539, -5.0, -5.0, -5.0, -5.0, -5.0, -4.942475742294082, -5.0, -4.965326193109994, -5.0];162.3330016;16.45748309999999;C:\Users\guoji\Desktop\python3_11_test\suite\runners\LayeredBeam\runs\LB\sim_72941
139;[2.5486416720000014, -2.46911513];[-2.5486416720000014, 2.46911513];0.0;True;[-5.0, -5.0, -4.303237239556071, -5.0, -5.0, -5.0, -4.909375467743904, -5.0, -4.9947265415149085, -5.0];159.84404790000008;16.45748309999999;C:\Users\guoji\Desktop\python3_11_test\suite\runners\LayeredBeam\runs\LB\sim_1915
140;[2.5610256000000025, -2.45099068];[-2.5610256000000025, 2.45099068];0.0;True;[-4.188917026026646, -5.0, -5.0, -5.0, -5.0, -5.0, -4.988091948186664, -5.0, -4.965326193109994, -4.491676647240408];158.78782640000009;16.45748309999999;C:\Users\guoji\Desktop\python3_11_test\suite\runners\LayeredBeam\runs\LB\sim_677419
141;[2.849109336000008, -2.2844487];[-2.849109336000008, 2.2844487];0.0;True;[-0.883790540317583, -5.0, 0.019282574284153142, -0.20796697991872026, -5.0, -4.22430156634116, -5.0, -5.0, -5.0, -5.0];170.7425349999994;14.024536699999771;C:\Users\guoji\Desktop\python3_11_test\suite\runners\LayeredBeam\runs\LB\sim_631799
142;[3.3025034880000135, -2.4999999999983142];[-3.3025034880000135, 2.4999999999983142];0.0;True;[0.3566021822017227, -5.0, -3.4939744996782096, 2.9517035019743263, 5.0, -0.7096625190546719, -5.0, -5.0, -5.0, 1.588971454068508];159.8034150000003;14.024536699999771;C:\Users\guoji\Desktop\python3_11_test\suite\runners\LayeredBeam\runs\LB\sim_197552
143;[3.1445599680000047, -2.498501584];[-3.1445599680000047, 2.498501584];0.0;True;[0.7734799350179724, -5.0, -2.3919822318375976, -5.0, -5.0, 5.0, -5.0, 5.0, -5.0, -5.0];156.9501548999997;14.024536699999771;C:\Users\guoji\Desktop\python3_11_test\suite\runners\LayeredBeam\runs\LB\sim_706353
144;[2.726723952000007, -0.5873630000000001];[-2.726723952000007, 0.5873630000000001];0.0;True;[-5.0, -5.0, -3.9922070915363856, -5.0, -5.0, -5.0, -5.0, 3.029425963628814, -5.0, -5.0];158.47488890000022;14.024536699999771;C:\Users\guoji\Desktop\python3_11_test\suite\runners\LayeredBeam\runs\LB\sim_882044
145;[2.6777975760000072, 3.8595170000000003];[-2.6777975760000072, -3.8595170000000003];0.0;True;[-5.0, -5.0, -5.0, -5.0, -4.854395417100606, -4.836915870260815, -5.0, 1.4259856561089679, -5.0, -4.962570669213487];158.11569450000025;14.024536699999771;C:\Users\guoji\Desktop\python3_11_test\suite\runners\LayeredBeam\runs\LB\sim_574590
146;[3.071471832000003, -1.9403342000000001];[-3.071471832000003, 1.9403342000000001];0.0;True;[-5.0, -5.0, -5.0, 1.6987863471345346, -2.0862674455103165, -2.8155520662376303, 3.410463305116588, -3.210883422862479, -5.0, -1.9987718663233571];160.34026749999975;16.649303000000145;C:\Users\guoji\Desktop\python3_11_test\suite\runners\LayeredBeam\runs\LB\sim_355747
147;[3.7213929360000035, -2.1241992];[-3.7213929360000035, 2.1241992];0.0;True;[4.871742331243455, 3.109994185220051, -0.5054293393819913, -1.612672080602115, -5.0, -0.21817829539944444, 2.856891091239407, -3.0229528704233584, 3.068559210207715, 1.5387560856321523];150.17804500000057;16.649303000000145;C:\Users\guoji\Desktop\python3_11_test\suite\runners\LayeredBeam\runs\LB\sim_406662
148;[2.9060586000000113, -2.499999999997696];[-2.9060586000000113, 2.499999999997696];0.0;True;[-5.0, -5.0, -5.0, -5.0, 0.2111767654594532, -2.514306018574341, -5.0, -3.4747936677531754, 0.9690718307619548, -2.8513793062316224];156.2656403000001;16.649303000000145;C:\Users\guoji\Desktop\python3_11_test\suite\runners\LayeredBeam\runs\LB\sim_988195
149;[2.557851912000003, -1.023408];[-2.557851912000003, 1.023408];0.0;True;[-5.0, -5.0, -5.0, -4.974762977949112, -5.0, -5.0, -5.0, -3.840221206827601, -4.965933751748688, -5.0];156.97027519999938;16.649303000000145;C:\Users\guoji\Desktop\python3_11_test\suite\runners\LayeredBeam\runs\LB\sim_907310
150;[2.543409288000009, -2.45300404];[-2.543409288000009, 2.45300404];0.0;True;[-5.0, -5.0, -5.0, -5.0, -4.998377438050761, -5.0, -4.772662070645717, -4.678601786853217, -4.999941774544922, -5.0];158.697948;16.649303000000145;C:\Users\guoji\Desktop\python3_11_test\suite\runners\LayeredBeam\runs\LB\sim_255731
151;[2.5565567760000016, -2.4748353];[-2.5565567760000016, 2.4748353];0.0;True;[-5.0, -5.0, -5.0, -5.0, -4.994393487287027, -5.0, -4.996928825942867, -5.0, -3.8512311641681505, -4.998342932463336];165.00073929999962;14.876200900000185;C:\Users\guoji\Desktop\python3_11_test\suite\runners\LayeredBeam\runs\LB\sim_314666
152;[2.5508029680000046, -2.4999999999250324];[-2.5508029680000046, 2.4999999999250324];0.0;True;[-4.199457817878539, -5.0, -5.0, -5.0, -5.0, -5.0, -4.942475742294082, -5.0, -4.965326193109994, -5.0];162.05064279999988;14.876200900000185;C:\Users\guoji\Desktop\python3_11_test\suite\runners\LayeredBeam\runs\LB\sim_500901
153;[2.5929709200000066, -2.43538532];[-2.5929709200000066, 2.43538532];0.0;True;[-5.0, -5.0, -5.0, -3.990069898771268, -5.0, -3.1649821205252913, -5.0, -5.0, -5.0, -5.0];170.3285305999998;14.876200900000185;C:\Users\guoji\Desktop\python3_11_test\suite\runners\LayeredBeam\runs\LB\sim_278333
154;[2.5610256000000025, -2.45099068];[-2.5610256000000025, 2.45099068];0.0;True;[-4.188917026026646, -5.0, -5.0, -5.0, -5.0, -5.0, -4.988091948186664, -5.0, -4.965326193109994, -4.491676647240408];160.6150932999999;14.876200900000185;C:\Users\guoji\Desktop\python3_11_test\suite\runners\LayeredBeam\runs\LB\sim_887291
155;[2.539743984000004, -2.499999999997473];[-2.539743984000004, 2.499999999997473];0.0;True;[-4.817705889721705, -5.0, -5.0, -5.0, -5.0, -5.0, -4.942489168441795, -5.0, -4.964781553566271, -4.894273760058803];160.32601850000083;14.876200900000185;C:\Users\guoji\Desktop\python3_11_test\suite\runners\LayeredBeam\runs\LB\sim_139980
156;[3.101318280000001, -2.4999999997855653];[-3.101318280000001, 2.4999999997855653];0.0;True;[4.060962318936065, -5.0, 2.643063259775059, -5.0, 0.28339941680986946, -2.3983523309034194, -5.0, -3.563565412864745, -5.0, -4.645940630666842];159.08585330000005;15.926999099999193;C:\Users\guoji\Desktop\python3_11_test\suite\runners\LayeredBeam\runs\LB\sim_26682
157;[3.3124077360000004, -2.499999999998921];[-3.3124077360000004, 2.499999999998921];0.0;True;[3.2353437138470156, -0.22265642185623946, -5.0, -5.0, 0.9376746219848151, -2.7669804741765573, 4.101633580851868, -4.2824714974864335, -5.0, 0.14966063486548187];155.83879640000032;15.926999099999193;C:\Users\guoji\Desktop\python3_11_test\suite\runners\LayeredBeam\runs\LB\sim_176723
158;[2.9605811040000067, -2.4999999999979807];[-2.9605811040000067, 2.4999999999979807];0.0;True;[-4.94239021558026, -5.0, -0.936323486934258, -3.9901748889556177, -1.606873658049031, -4.975051726308842, 2.0197652597628597, -5.0, -4.965452418538189, -0.7395656238613837];162.02747699999964;15.926999099999193;C:\Users\guoji\Desktop\python3_11_test\suite\runners\LayeredBeam\runs\LB\sim_911076
159;[3.0440972880000086, -2.4999999999993685];[-3.0440972880000086, 2.4999999999993685];0.0;True;[-5.0, -4.998897833008774, -5.0, 3.6132768227458936, -1.4922425243762838, -5.0, 2.0621571784656956, -5.0, -4.965452418538189, -0.4884573139901649];158.0713968;15.926999099999193;C:\Users\guoji\Desktop\python3_11_test\suite\runners\LayeredBeam\runs\LB\sim_476940
160;[2.5315256160000077, -2.0187038];[-2.5315256160000077, 2.0187038];0.0;True;[-5.0, -5.0, -5.0, -5.0, -5.0, -5.0, -4.999746729271234, -5.0, -5.0, -5.0];158.7594936000005;15.926999099999193;C:\Users\guoji\Desktop\python3_11_test\suite\runners\LayeredBeam\runs\LB\sim_732123
161;[3.0831287040000017, -1.8412334000000001];[-3.0831287040000017, 1.8412334000000001];0.0;True;[-3.05992275843574, -5.0, -5.0, 1.9078789901249804, -3.402005368720904, 0.6412098987706729, -5.0, -1.6890190648096999, 1.1392995695965134, -5.0];156.14647510000032;17.514506999999867;C:\Users\guoji\Desktop\python3_11_test\suite\runners\LayeredBeam\runs\LB\sim_761428
162;[2.8845063360000007, -1.7187531];[-2.8845063360000007, 1.7187531];0.0;True;[-5.0, -0.16839834971572998, -5.0, -2.3171846643889875, -4.620586634049027, 1.671604847075601, -4.522467468853009, -4.512779945644114, -4.188195304923923, -5.0];158.5786946999997;17.514506999999867;C:\Users\guoji\Desktop\python3_11_test\suite\runners\LayeredBeam\runs\LB\sim_960702
163;[2.5623354240000005, -1.8272572];[-2.5623354240000005, 1.8272572];0.0;True;[-5.0, -5.0, -5.0, -5.0, -3.6092822591515907, -5.0, -5.0, -5.0, -4.965012797277415, -4.999072912530328];189.61316679999982;17.514506999999867;C:\Users\guoji\Desktop\python3_11_test\suite\runners\LayeredBeam\runs\LB\sim_592902
164;[2.5315256160000077, -2.0187038];[-2.5315256160000077, 2.0187038];0.0;True;[-5.0, -5.0, -5.0, -5.0, -5.0, -5.0, -4.999746729271234, -5.0, -5.0, -5.0];159.09976610000012;17.514506999999867;C:\Users\guoji\Desktop\python3_11_test\suite\runners\LayeredBeam\runs\LB\sim_272077
165;[2.531535984000008, -1.357663];[-2.531535984000008, 1.357663];0.0;True;[-5.0, -5.0, -5.0, -5.0, -5.0, -5.0, -4.99937223598487, -5.0, -4.999870229186891, -5.0];158.7541785000003;17.514506999999867;C:\Users\guoji\Desktop\python3_11_test\suite\runners\LayeredBeam\runs\LB\sim_693002
166;[3.078255528000007, -2.4996397753];[-3.078255528000007, 2.4996397753];0.0;True;[-5.0, -5.0, 0.7952248490658587, -5.0, -5.0, -5.0, -5.0, -1.6015995365460038, 2.49313823357014, 3.625076614877063];156.42451410000012;16.001754099999744;C:\Users\guoji\Desktop\python3_11_test\suite\runners\LayeredBeam\runs\LB\sim_718355
167;[3.3768502560000133, -2.494108292];[-3.3768502560000133, 2.494108292];0.0;True;[5.0, -5.0, -1.6055116460547154, 2.7481072261242465, -5.0, -1.7019518025268274, -4.211344703403883, -1.0936492749547329, 5.0, -5.0];156.45565530000022;16.001754099999744;C:\Users\guoji\Desktop\python3_11_test\suite\runners\LayeredBeam\runs\LB\sim_976631
168;[3.130554960000004, -2.4999999999994147];[-3.130554960000004, 2.4999999999994147];0.0;True;[-0.7925865744734804, -5.0, -1.437519649272327, 1.986795768594102, -5.0, 4.825961418408298, -5.0, -1.8495544223669134, -5.0, -5.0];161.89175999999952;16.001754099999744;C:\Users\guoji\Desktop\python3_11_test\suite\runners\LayeredBeam\runs\LB\sim_921537
169;[2.9269974240000023, -2.4999999999985483];[-2.9269974240000023, 2.4999999999985483];0.0;True;[-5.0, -5.0, -5.0, 0.7091462722466604, -5.0, 5.0, -5.0, -2.400019765508836, -5.0, -5.0];163.9325002000005;16.001754099999744;C:\Users\guoji\Desktop\python3_11_test\suite\runners\LayeredBeam\runs\LB\sim_796973
170;[3.4362232560000012, -2.4999999999980567];[-3.4362232560000012, 2.4999999999980567];0.0;True;[1.8048501298845823, 0.042894702069739665, -2.900740462037991, 5.0, -5.0, 4.376100004753239, -5.0, -4.229582037035747, -5.0, 2.79092245334187];157.73795919999975;16.001754099999744;C:\Users\guoji\Desktop\python3_11_test\suite\runners\LayeredBeam\runs\LB\sim_164945
171;[3.3311954160000075, -2.4999999999932627];[-3.3311954160000075, 2.4999999999932627];0.0;True;[5.0, 5.0, -0.3096230013741872, -5.0, -5.0, -5.0, -2.7477061331947477, 5.0, -4.920623134223623, -5.0];156.73165869999957;17.56092439999975;C:\Users\guoji\Desktop\python3_11_test\suite\runners\LayeredBeam\runs\LB\sim_186521
172;[2.5315256160000077, -2.0187038];[-2.5315256160000077, 2.0187038];0.0;True;[-5.0, -5.0, -5.0, -5.0, -5.0, -5.0, -4.999746729271234, -5.0, -5.0, -5.0];159.68445020000036;17.56092439999975;C:\Users\guoji\Desktop\python3_11_test\suite\runners\LayeredBeam\runs\LB\sim_647946
173;[2.531535984000008, -1.357663];[-2.531535984000008, 1.357663];0.0;True;[-5.0, -5.0, -5.0, -5.0, -5.0, -5.0, -4.99937223598487, -5.0, -4.999870229186891, -5.0];190.63380340000003;17.56092439999975;C:\Users\guoji\Desktop\python3_11_test\suite\runners\LayeredBeam\runs\LB\sim_39952
174;[2.5315571520000137, -2.0466188];[-2.5315571520000137, 2.0466188];0.0;True;[-5.0, -5.0, -5.0, -5.0, -5.0, -5.0, -4.998553837180416, -5.0, -4.99971652195983, -5.0];167.78876330000003;17.56092439999975;C:\Users\guoji\Desktop\python3_11_test\suite\runners\LayeredBeam\runs\LB\sim_564258
175;[2.5315677360000093, -2.42629308];[-2.5315677360000093, 2.42629308];0.0;True;[-5.0, -5.0, -5.0, -5.0, -5.0, -5.0, -4.998112048917909, -5.0, -4.999662198063948, -5.0];156.0582445;17.56092439999975;C:\Users\guoji\Desktop\python3_11_test\suite\runners\LayeredBeam\runs\LB\sim_603037
176;[3.1853550240000112, -1.434678];[-3.1853550240000112, 1.434678];0.0;True;[-5.0, -1.6486180565871216, -5.0, 0.11213352190459691, 1.0158220990333398, -3.2395482669612163, 1.780095101135175, -4.194720239265605, 1.4449865803802435, -5.0];159.79697000000033;16.523349099999905;C:\Users\guoji\Desktop\python3_11_test\suite\runners\LayeredBeam\runs\LB\sim_814860
177;[2.874328632000003, -1.7096496];[-2.874328632000003, 1.7096496];0.0;True;[-5.0, -1.1063325818171692, -5.0, -5.0, -5.0, -2.835893392433713, -5.0, 4.812974726625974, -5.0, -5.0];159.39992669999992;16.523349099999905;C:\Users\guoji\Desktop\python3_11_test\suite\runners\LayeredBeam\runs\LB\sim_6587
178;[3.0890866320000128, -1.176806];[-3.0890866320000128, 1.176806];0.0;True;[-0.39172922705293356, -3.8949430422462323, -5.0, -5.0, 3.301621252667916, -1.87609249810746, -5.0, -3.5608871263205293, -1.1574217631188488, -1.6072607738358302];156.7910579999998;16.523349099999905;C:\Users\guoji\Desktop\python3_11_test\suite\runners\LayeredBeam\runs\LB\sim_621131
179;[2.5315256160000077, -2.0187038];[-2.5315256160000077, 2.0187038];0.0;True;[-5.0, -5.0, -5.0, -5.0, -5.0, -5.0, -4.999746729271234, -5.0, -5.0, -5.0];159.60838049999984;16.523349099999905;C:\Users\guoji\Desktop\python3_11_test\suite\runners\LayeredBeam\runs\LB\sim_905230
180;[2.531535984000008, -1.357663];[-2.531535984000008, 1.357663];0.0;True;[-5.0, -5.0, -5.0, -5.0, -5.0, -5.0, -4.99937223598487, -5.0, -4.999870229186891, -5.0];159.90931319999981;16.523349099999905;C:\Users\guoji\Desktop\python3_11_test\suite\runners\LayeredBeam\runs\LB\sim_879661
181;[2.9647317600000056, -2.4999999999983027];[-2.9647317600000056, 2.4999999999983027];0.0;True;[-5.0, -0.6855098813534646, -5.0, -5.0, -0.6681498071186303, -0.9809564930676009, -5.0, -4.682865994708343, -5.0, 2.07358949447102];157.8523778000008;16.727870900000198;C:\Users\guoji\Desktop\python3_11_test\suite\runners\LayeredBeam\runs\LB\sim_32993
182;[2.5315256160000077, -2.0187038];[-2.5315256160000077, 2.0187038];0.0;True;[-5.0, -5.0, -5.0, -5.0, -5.0, -5.0, -4.999746729271234, -5.0, -5.0, -5.0];161.80728809999982;16.727870900000198;C:\Users\guoji\Desktop\python3_11_test\suite\runners\LayeredBeam\runs\LB\sim_461732
183;[2.531535984000008, -1.357663];[-2.531535984000008, 1.357663];0.0;True;[-5.0, -5.0, -5.0, -5.0, -5.0, -5.0, -4.99937223598487, -5.0, -4.999870229186891, -5.0];161.5237035;16.727870900000198;C:\Users\guoji\Desktop\python3_11_test\suite\runners\LayeredBeam\runs\LB\sim_753016
184;[2.5315571520000137, -2.0466188];[-2.5315571520000137, 2.0466188];0.0;True;[-5.0, -5.0, -5.0, -5.0, -5.0, -5.0, -4.998553837180416, -5.0, -4.99971652195983, -5.0];163.34408910000002;16.727870900000198;C:\Users\guoji\Desktop\python3_11_test\suite\runners\LayeredBeam\runs\LB\sim_162362
185;[2.5315677360000093, -2.42629308];[-2.5315677360000093, 2.42629308];0.0;True;[-5.0, -5.0, -5.0, -5.0, -5.0, -5.0, -4.998112048917909, -5.0, -4.999662198063948, -5.0];162.8511540999998;16.727870900000198;C:\Users\guoji\Desktop\python3_11_test\suite\runners\LayeredBeam\runs\LB\sim_333187
186;[3.117163608000004, -2.4999999999991203];[-3.117163608000004, 2.4999999999991203];0.0;True;[2.977661761370735, -4.029575977044188, -5.0, -2.2076913849345488, -5.0, 1.3850289605610966, -5.0, 3.9876597532720197, -5.0, -5.0];162.39694359999976;18.935268499999438;C:\Users\guoji\Desktop\python3_11_test\suite\runners\LayeredBeam\runs\LB\sim_336319
187;[3.0092061600000135, -2.4999999999964047];[-3.0092061600000135, 2.4999999999964047];0.0;True;[-5.0, 5.0, -5.0, -5.0, -1.4594664504893484, -1.113826004055289, -5.0, -4.39984700261889, -5.0, -0.9117573790903837];171.85759750000034;18.935268499999438;C:\Users\guoji\Desktop\python3_11_test\suite\runners\LayeredBeam\runs\LB\sim_887996
188;[2.5315256160000077, -2.0187038];[-2.5315256160000077, 2.0187038];0.0;True;[-5.0, -5.0, -5.0, -5.0, -5.0, -5.0, -4.999746729271234, -5.0, -5.0, -5.0];160.70228299999962;18.935268499999438;C:\Users\guoji\Desktop\python3_11_test\suite\runners\LayeredBeam\runs\LB\sim_745789
189;[2.531535984000008, -1.357663];[-2.531535984000008, 1.357663];0.0;True;[-5.0, -5.0, -5.0, -5.0, -5.0, -5.0, -4.99937223598487, -5.0, -4.999870229186891, -5.0];162.49352069999986;18.935268499999438;C:\Users\guoji\Desktop\python3_11_test\suite\runners\LayeredBeam\runs\LB\sim_291251
190;[2.5315571520000137, -2.0466188];[-2.5315571520000137, 2.0466188];0.0;True;[-5.0, -5.0, -5.0, -5.0, -5.0, -5.0, -4.998553837180416, -5.0, -4.99971652195983, -5.0];162.26407290000043;18.935268499999438;C:\Users\guoji\Desktop\python3_11_test\suite\runners\LayeredBeam\runs\LB\sim_467403
191;[3.135065472000001, -2.493692443];[-3.135065472000001, 2.493692443];0.0;True;[-5.0, -5.0, -5.0, -5.0, 5.0, 0.2687210201980461, 4.8471138201014, -2.1739241474927034, -5.0, -5.0];166.1162476999998;18.862118199999713;C:\Users\guoji\Desktop\python3_11_test\suite\runners\LayeredBeam\runs\LB\sim_802619
192;[3.096295416000011, -1.8025587];[-3.096295416000011, 1.8025587];0.0;True;[-5.0, -5.0, 5.0, 1.147014806401696, -5.0, -5.0, -5.0, 5.0, -5.0, -5.0];164.72668160000012;18.862118199999713;C:\Users\guoji\Desktop\python3_11_test\suite\runners\LayeredBeam\runs\LB\sim_859698
193;[3.1655586240000035, -2.4999999999991425];[-3.1655586240000035, 2.4999999999991425];0.0;True;[-5.0, -5.0, -1.2075368084116356, -0.18974531668366446, 5.0, -5.0, -5.0, 5.0, -4.249069222096585, -5.0];163.47894799999995;18.862118199999713;C:\Users\guoji\Desktop\python3_11_test\suite\runners\LayeredBeam\runs\LB\sim_413838
194;[2.5315256160000077, -2.0187038];[-2.5315256160000077, 2.0187038];0.0;True;[-5.0, -5.0, -5.0, -5.0, -5.0, -5.0, -4.999746729271234, -5.0, -5.0, -5.0];166.726807;18.862118199999713;C:\Users\guoji\Desktop\python3_11_test\suite\runners\LayeredBeam\runs\LB\sim_233753
195;[2.531535984000008, -1.357663];[-2.531535984000008, 1.357663];0.0;True;[-5.0, -5.0, -5.0, -5.0, -5.0, -5.0, -4.99937223598487, -5.0, -4.999870229186891, -5.0];165.70617119999952;18.862118199999713;C:\Users\guoji\Desktop\python3_11_test\suite\runners\LayeredBeam\runs\LB\sim_723498
196;[2.8415260080000007, 0.8226439999999999];[-2.8415260080000007, -0.8226439999999999];0.0;True;[-5.0, -2.9810945845217773, 4.415772392052213, -5.0, -5.0, -4.53845727213964, -5.0, -2.5440938902524577, -5.0, -5.0];165.81746869999915;19.512701200000265;C:\Users\guoji\Desktop\python3_11_test\suite\runners\LayeredBeam\runs\LB\sim_297160
197;[3.1428574560000007, -2.499999999998609];[-3.1428574560000007, 2.499999999998609];0.0;True;[-5.0, -5.0, 2.75458751579467, 3.3518352791767363, -5.0, -4.009088260014687, 2.1048584384751647, -3.378430810110581, -2.521090417116241, -5.0];156.78481550000015;19.512701200000265;C:\Users\guoji\Desktop\python3_11_test\suite\runners\LayeredBeam\runs\LB\sim_142886
198;[3.513830760000003, -2.4999999999972653];[-3.513830760000003, 2.4999999999972653];0.0;True;[-3.6632834150123514, 1.1716474230524447, -2.19068335028803, -2.459389485874908, -5.0, 2.579646277924663, 0.0394163972250281, 5.0, -5.0, 5.0];154.43726120000065;19.512701200000265;C:\Users\guoji\Desktop\python3_11_test\suite\runners\LayeredBeam\runs\LB\sim_891571
199;[2.569027968000001, -2.1330383];[-2.569027968000001, 2.1330383];0.0;True;[-3.4612606893677578, -5.0, -4.876205626050958, -5.0, -4.982078877277148, -5.0, -4.943949639392641, -5.0, -5.0, -5.0];166.4204881000005;19.512701200000265;C:\Users\guoji\Desktop\python3_11_test\suite\runners\LayeredBeam\runs\LB\sim_391361
200;[2.5623354240000005, -1.8272572];[-2.5623354240000005, 1.8272572];0.0;True;[-5.0, -5.0, -5.0, -5.0, -3.6092822591515907, -5.0, -5.0, -5.0, -4.965012797277415, -4.999072912530328];197.92793280000024;19.512701200000265;C:\Users\guoji\Desktop\python3_11_test\suite\runners\LayeredBeam\runs\LB\sim_261471
201;[2.941963416000004, -2.4999999999978377];[-2.941963416000004, 2.4999999999978377];0.0;True;[4.059444925146465, -5.0, -5.0, -5.0, -4.862721816697169, 4.3833968571621185, -4.897778234351043, -4.897923063403711, -4.82415699396706, -4.958238769632655];160.99938999999995;19.787674300000617;C:\Users\guoji\Desktop\python3_11_test\suite\runners\LayeredBeam\runs\LB\sim_69522
202;[2.9584312560000106, -2.4999999999597615];[-2.9584312560000106, 2.4999999999597615];0.0;True;[-4.945007916023368, -3.2742200617565134, -4.965677658870226, -3.9901748889556177, -5.0, 4.4179390765700575, 2.4870545705727043, -5.0, -4.965452418538189, -5.0];156.88016210000023;19.787674300000617;C:\Users\guoji\Desktop\python3_11_test\suite\runners\LayeredBeam\runs\LB\sim_619249
203;[2.782669896000012, -2.499999999984535];[-2.782669896000012, 2.499999999984535];0.0;True;[-4.976094291794935, -4.945540231865729, -4.882094064190249, -5.0, -3.5830815249241654, 4.2988922273293255, -4.942908397364826, -4.877892169735272, -4.965326193109994, -4.498654988396936];158.99410739999985;19.787674300000617;C:\Users\guoji\Desktop\python3_11_test\suite\runners\LayeredBeam\runs\LB\sim_26625
204;[3.089453400000011, -2.4999999999988463];[-3.089453400000011, 2.4999999999988463];0.0;True;[3.6575632888832015, -5.0, -4.994265886597839, -5.0, -1.5121832815371272, 4.340456072578929, -5.0, -4.975619130123622, -5.0, -0.6857006008579898];157.19371470000078;19.787674300000617;C:\Users\guoji\Desktop\python3_11_test\suite\runners\LayeredBeam\runs\LB\sim_654738
205;[3.1135818960000003, -1.144063];[-3.1135818960000003, 1.144063];0.0;True;[-4.913536048171993, -4.99522060169518, -0.898655660906611, 3.3843911366616037, -4.969373755679221, 4.877942114981135, -4.942475742294082, -4.9079287816717505, -4.965326193109994, -0.7225181078576961];160.1099348000007;19.787674300000617;C:\Users\guoji\Desktop\python3_11_test\suite\runners\LayeredBeam\runs\LB\sim_653489
206;[2.804052600000009, -2.499999999984619];[-2.804052600000009, 2.499999999984619];0.0;True;[-4.163260921280213, -5.0, 2.612242969378724, -5.0, -4.698596310407709, -3.5497446070477743, -5.0, -5.0, -4.453336050369062, -3.1300384992823393];173.31315630000063;20.50974380000025;C:\Users\guoji\Desktop\python3_11_test\suite\runners\LayeredBeam\runs\LB\sim_59079
207;[2.6917626240000048, -1.8869561];[-2.6917626240000048, 1.8869561];0.0;True;[-5.0, -5.0, -5.0, -5.0, -5.0, -1.2485886282145735, -3.697836897671167, -5.0, -2.634928970545643, -5.0];161.4213912999994;20.50974380000025;C:\Users\guoji\Desktop\python3_11_test\suite\runners\LayeredBeam\runs\LB\sim_150372
208;[3.236584176000007, 0.7710140000000001];[-3.236584176000007, -0.7710140000000001];0.0;True;[-5.0, -4.768890346650572, 5.0, 3.996316061130589, -5.0, -0.05326007229932195, -5.0, 1.1645613097508791, -5.0, -2.696879485546737];161.0564041000007;20.50974380000025;C:\Users\guoji\Desktop\python3_11_test\suite\runners\LayeredBeam\runs\LB\sim_546311
209;[3.166651800000003, -2.4999999999875837];[-3.166651800000003, 2.4999999999875837];0.0;True;[4.127303927406361, -5.0, -5.0, -3.930813399682913, -1.5245822735441825, 4.099593248920105, -4.927210614017684, -5.0, 1.5599354354752029, -5.0];154.21376959999998;20.50974380000025;C:\Users\guoji\Desktop\python3_11_test\suite\runners\LayeredBeam\runs\LB\sim_197985
210;[3.16532512800001, -2.4999999999982383];[-3.16532512800001, 2.4999999999982383];0.0;True;[3.9444571938941255, -3.2021220324517468, -0.9292310407961324, -5.0, -5.0, -5.0, 2.0320753073861972, -5.0, 2.497667373138855, -5.0];161.6888902999999;20.50974380000025;C:\Users\guoji\Desktop\python3_11_test\suite\runners\LayeredBeam\runs\LB\sim_832958
211;[2.5315256160000077, -2.0187038];[-2.5315256160000077, 2.0187038];0.0;True;[-5.0, -5.0, -5.0, -5.0, -5.0, -5.0, -4.999746729271234, -5.0, -5.0, -5.0];161.9303687999991;22.339282099999764;C:\Users\guoji\Desktop\python3_11_test\suite\runners\LayeredBeam\runs\LB\sim_742682
212;[2.531535984000008, -1.357663];[-2.531535984000008, 1.357663];0.0;True;[-5.0, -5.0, -5.0, -5.0, -5.0, -5.0, -4.99937223598487, -5.0, -4.999870229186891, -5.0];162.2297899999994;22.339282099999764;C:\Users\guoji\Desktop\python3_11_test\suite\runners\LayeredBeam\runs\LB\sim_86526
213;[2.5315571520000137, -2.0466188];[-2.5315571520000137, 2.0466188];0.0;True;[-5.0, -5.0, -5.0, -5.0, -5.0, -5.0, -4.998553837180416, -5.0, -4.99971652195983, -5.0];161.96179180000036;22.339282099999764;C:\Users\guoji\Desktop\python3_11_test\suite\runners\LayeredBeam\runs\LB\sim_660041
214;[2.5315677360000093, -2.42629308];[-2.5315677360000093, 2.42629308];0.0;True;[-5.0, -5.0, -5.0, -5.0, -5.0, -5.0, -4.998112048917909, -5.0, -4.999662198063948, -5.0];159.72754170000098;22.339282099999764;C:\Users\guoji\Desktop\python3_11_test\suite\runners\LayeredBeam\runs\LB\sim_176995
215;[2.531594304000004, -2.2471839];[-2.531594304000004, 2.2471839];0.0;True;[-5.0, -5.0, -5.0, -5.0, -5.0, -5.0, -4.996559212241357, -5.0, -5.0, -5.0];162.4986383000005;22.339282099999764;C:\Users\guoji\Desktop\python3_11_test\suite\runners\LayeredBeam\runs\LB\sim_890783
216;[3.2858410320000115, -2.4999999998817435];[-3.2858410320000115, 2.4999999998817435];0.0;True;[4.398555037423824, -5.0, -5.0, -0.5875123047951858, -0.6495883361558521, 1.033884235978368, -5.0, -1.8355901444081657, -5.0, 2.562529581192826];157.45889200000056;20.793536799999856;C:\Users\guoji\Desktop\python3_11_test\suite\runners\LayeredBeam\runs\LB\sim_718643
217;[3.3251612400000132, -2.4999999999986904];[-3.3251612400000132, 2.4999999999986904];0.0;True;[0.13590214631322706, 0.7588334478672563, -5.0, 4.446278299334365, -5.0, 3.4161089871660266, -2.889553665844657, -5.0, 0.8750465250783321, -5.0];160.32431219999853;20.793536799999856;C:\Users\guoji\Desktop\python3_11_test\suite\runners\LayeredBeam\runs\LB\sim_850121
218;[3.677018544000002, -2.4999999999976774];[-3.677018544000002, 2.4999999999976774];0.0;True;[-2.170550685678561, 2.3099650519004014, -5.0, -0.9512348886516468, -0.3797944754623712, 2.5377970183617826, 3.6032500830208747, 3.997192719028906, -5.0, 4.085709101777814];157.13935270000002;20.793536799999856;C:\Users\guoji\Desktop\python3_11_test\suite\runners\LayeredBeam\runs\LB\sim_554173
219;[3.271648752000006, -2.499999999998034];[-3.271648752000006, 2.499999999998034];0.0;True;[4.189847850517031, -5.0, -0.9091076078876705, -4.629763212454793, -5.0, 4.599627868751295, -4.942489168441795, 1.505012559985949, -4.922789266096039, -0.6251087996668927];158.23986680000053;20.793536799999856;C:\Users\guoji\Desktop\python3_11_test\suite\runners\LayeredBeam\runs\LB\sim_771508
220;[2.5315256160000077, -2.0187038];[-2.5315256160000077, 2.0187038];0.0;True;[-5.0, -5.0, -5.0, -5.0, -5.0, -5.0, -4.999746729271234, -5.0, -5.0, -5.0];160.5193961999994;20.793536799999856;C:\Users\guoji\Desktop\python3_11_test\suite\runners\LayeredBeam\runs\LB\sim_281383
221;[3.386813904000002, -2.499999999997122];[-3.386813904000002, 2.499999999997122];0.0;True;[0.8742500337971801, 4.913881727045258, -5.0, 5.0, -1.6360243179867244, 4.927842985035877, -5.0, -4.482991480372089, -5.0, -5.0];166.01685359999829;22.360923500000354;C:\Users\guoji\Desktop\python3_11_test\suite\runners\LayeredBeam\runs\LB\sim_566774
222;[3.1664442240000037, -2.494245831];[-3.1664442240000037, 2.494245831];0.0;True;[1.6698717682313493, -5.0, -5.0, -2.856826926744838, -5.0, 0.6824495480892265, -5.0, 1.9870600015481727, -5.0, 2.912083971561673];166.47377400000005;22.360923500000354;C:\Users\guoji\Desktop\python3_11_test\suite\runners\LayeredBeam\runs\LB\sim_673422
223;[3.4873906320000008, -2.3100529];[-3.4873906320000008, 2.3100529];0.0;True;[4.19412274932588, -4.995826021079729, -0.9493342683656492, -4.88956121858616, -1.501659017731881, 4.295199784977751, 1.98633627500009, 1.4940447973208233, -4.695279709170707, -0.6847792529816843];152.72179519999918;22.360923500000354;C:\Users\guoji\Desktop\python3_11_test\suite\runners\LayeredBeam\runs\LB\sim_245991
224;[2.62471773600001, -2.4999999999975464];[-2.62471773600001, 2.4999999999975464];0.0;True;[-5.0, -4.902805415640313, -5.0, -5.0, -5.0, -5.0, -5.0, -5.0, -4.791530787386938, -0.990953388105817];160.22169550000035;22.360923500000354;C:\Users\guoji\Desktop\python3_11_test\suite\runners\LayeredBeam\runs\LB\sim_846252
225;[3.490671672000012, -2.2887946];[-3.490671672000012, 2.2887946];0.0;True;[4.711785014124505, -4.917025408559447, -0.6119542293565781, 3.1985270389534293, -1.501659017731881, -4.982008897342876, -4.997606793900852, 1.5935074380487722, 2.596374732539731, -0.6847792529816843];162.154674899999;22.360923500000354;C:\Users\guoji\Desktop\python3_11_test\suite\runners\LayeredBeam\runs\LB\sim_849766
226;[3.566613600000004, -2.4999999999989617];[-3.566613600000004, 2.4999999999989617];0.0;True;[4.9998630518201725, 0.013765335784525767, -5.0, 5.0, -0.5372353049718201, 5.0, -4.281076218126248, -2.7933002942949816, -5.0, 0.5189860633912744];157.9482709999993;23.42083190000085;C:\Users\guoji\Desktop\python3_11_test\suite\runners\LayeredBeam\runs\LB\sim_26986
227;[3.330263376000009, -2.4999999999983507];[-3.330263376000009, 2.4999999999983507];0.0;True;[4.170416667448263, -4.990073304125316, -0.9493342683656492, -4.151270745610458, -4.938888917405019, 4.197934758912986, 1.98633627500009, 1.5468403509566002, -4.952495149109753, -4.940595250294099];154.65963659999943;23.42083190000085;C:\Users\guoji\Desktop\python3_11_test\suite\runners\LayeredBeam\runs\LB\sim_988809
228;[3.4919864640000076, -2.4999999999987406];[-3.4919864640000076, 2.4999999999987406];0.0;True;[3.837375266742045, -4.992843112495684, -4.92892293573891, 3.3680765188433686, -1.2509517242061219, -4.929077602720794, 3.254753387249499, 2.051302156219137, 2.596374732539731, -4.540055814582086];158.19367000000057;23.42083190000085;C:\Users\guoji\Desktop\python3_11_test\suite\runners\LayeredBeam\runs\LB\sim_576326
229;[3.6069215760000106, -2.4999999999993716];[-3.6069215760000106, 2.4999999999993716];0.0;True;[4.971703084665005, -4.984896291050442, -0.9493342683656492, 3.248219958460849, -4.9595248059290515, 4.197934758912986, 1.98633627500009, 1.5935074380487722, -4.450035960310715, -0.8668128578938781];156.1172975999998;23.42083190000085;C:\Users\guoji\Desktop\python3_11_test\suite\runners\LayeredBeam\runs\LB\sim_385794
230;[3.7421529120000017, -2.499999999999001];[-3.7421529120000017, 2.499999999999001];0.0;True;[4.969133089643314, -3.208417021972623, -0.9493342683656492, 3.1985270389534293, -3.2886743436558517, 4.197934758912986, 1.7189509150756201, 1.5935074380487722, 2.4690741859538203, -4.652887899763553];153.0620506999985;23.42083190000085;C:\Users\guoji\Desktop\python3_11_test\suite\runners\LayeredBeam\runs\LB\sim_661500
231;[2.5315256160000077, -2.0187038];[-2.5315256160000077, 2.0187038];0.0;True;[-5.0, -5.0, -5.0, -5.0, -5.0, -5.0, -4.999746729271234, -5.0, -5.0, -5.0];162.85527329999968;18.829958100001022;C:\Users\guoji\Desktop\python3_11_test\suite\runners\LayeredBeam\runs\LB\sim_713891
232;[2.531535984000008, -1.357663];[-2.531535984000008, 1.357663];0.0;True;[-5.0, -5.0, -5.0, -5.0, -5.0, -5.0, -4.99937223598487, -5.0, -4.999870229186891, -5.0];161.5598579999987;18.829958100001022;C:\Users\guoji\Desktop\python3_11_test\suite\runners\LayeredBeam\runs\LB\sim_309317
233;[2.5315571520000137, -2.0466188];[-2.5315571520000137, 2.0466188];0.0;True;[-5.0, -5.0, -5.0, -5.0, -5.0, -5.0, -4.998553837180416, -5.0, -4.99971652195983, -5.0];162.35315269999955;18.829958100001022;C:\Users\guoji\Desktop\python3_11_test\suite\runners\LayeredBeam\runs\LB\sim_458047
234;[2.5315677360000093, -2.42629308];[-2.5315677360000093, 2.42629308];0.0;True;[-5.0, -5.0, -5.0, -5.0, -5.0, -5.0, -4.998112048917909, -5.0, -4.999662198063948, -5.0];161.6336185;18.829958100001022;C:\Users\guoji\Desktop\python3_11_test\suite\runners\LayeredBeam\runs\LB\sim_830428
235;[2.531594304000004, -2.2471839];[-2.531594304000004, 2.2471839];0.0;True;[-5.0, -5.0, -5.0, -5.0, -5.0, -5.0, -4.996559212241357, -5.0, -5.0, -5.0];164.22294409999995;18.829958100001022;C:\Users\guoji\Desktop\python3_11_test\suite\runners\LayeredBeam\runs\LB\sim_779038
236;[3.3477665040000106, -2.4999999999986886];[-3.3477665040000106, 2.4999999999986886];0.0;True;[0.5877935559811052, -5.0, -3.7807164992348516, -0.209263198231735, -5.0, -0.8553154719257545, 1.9332421162609128, 0.11344285248387376, -5.0, 5.0];160.64625960000012;21.512593699999343;C:\Users\guoji\Desktop\python3_11_test\suite\runners\LayeredBeam\runs\LB\sim_457843
237;[3.249742464000005, -2.4999999999978004];[-3.249742464000005, 2.4999999999978004];0.0;True;[0.8779031703650917, -4.999850350883835, -3.987716145778674, 5.0, -0.7282351952721013, -1.3807573904612456, -5.0, -3.2591345657281856, -5.0, 1.728826229357436];164.47268590000022;21.512593699999343;C:\Users\guoji\Desktop\python3_11_test\suite\runners\LayeredBeam\runs\LB\sim_109949
238;[3.2850310320000076, -2.499999999998977];[-3.2850310320000076, 2.499999999998977];0.0;True;[4.186901541816736, -3.1747366053369706, -4.982793706582687, -4.982160561366302, -1.492016778467403, -4.999473353639351, 1.0741503097144234, 1.5738986916927704, 2.596374732539731, -4.9153876830661805];160.79781060000096;21.512593699999343;C:\Users\guoji\Desktop\python3_11_test\suite\runners\LayeredBeam\runs\LB\sim_337617
239;[2.8284059520000127, -2.45496954];[-2.8284059520000127, 2.45496954];0.0;True;[4.106488158540261, -4.993385793906516, -4.882094064190249, -5.0, -1.4953700580501805, -5.0, -4.942908397364826, -4.753190786503918, -4.965326193109994, -4.3294936477957044];176.16500500000075;21.512593699999343;C:\Users\guoji\Desktop\python3_11_test\suite\runners\LayeredBeam\runs\LB\sim_465493
240;[3.5472040560000084, -2.49719158];[-3.5472040560000084, 2.49719158];0.0;True;[0.20521532420348354, -5.0, 4.69196726533198, 5.0, -1.318469171491964, 2.6882182544418063, -5.0, -3.900282936873812, -3.927610358479842, 3.5833791058712965];161.16669879999972;21.512593699999343;C:\Users\guoji\Desktop\python3_11_test\suite\runners\LayeredBeam\runs\LB\sim_895660
241;[3.0290712480000037, -2.4999999999984692];[-3.0290712480000037, 2.4999999999984692];0.0;True;[-5.0, -5.0, -1.353910624256053, -2.7051150857990867, 4.017042653757677, -2.7692229019904477, -5.0, -4.894549948655358, -5.0, 0.7405514167222353];158.30053620000035;20.799373200001355;C:\Users\guoji\Desktop\python3_11_test\suite\runners\LayeredBeam\runs\LB\sim_955285
242;[2.5315256160000077, -2.0187038];[-2.5315256160000077, 2.0187038];0.0;True;[-5.0, -5.0, -5.0, -5.0, -5.0, -5.0, -4.999746729271234, -5.0, -5.0, -5.0];157.90790979999838;20.799373200001355;C:\Users\guoji\Desktop\python3_11_test\suite\runners\LayeredBeam\runs\LB\sim_733377
243;[2.531535984000008, -1.357663];[-2.531535984000008, 1.357663];0.0;True;[-5.0, -5.0, -5.0, -5.0, -5.0, -5.0, -4.99937223598487, -5.0, -4.999870229186891, -5.0];160.2970279000001;20.799373200001355;C:\Users\guoji\Desktop\python3_11_test\suite\runners\LayeredBeam\runs\LB\sim_96516
244;[2.5315571520000137, -2.0466188];[-2.5315571520000137, 2.0466188];0.0;True;[-5.0, -5.0, -5.0, -5.0, -5.0, -5.0, -4.998553837180416, -5.0, -4.99971652195983, -5.0];160.25274739999986;20.799373200001355;C:\Users\guoji\Desktop\python3_11_test\suite\runners\LayeredBeam\runs\LB\sim_779026
245;[2.5315677360000093, -2.42629308];[-2.5315677360000093, 2.42629308];0.0;True;[-5.0, -5.0, -5.0, -5.0, -5.0, -5.0, -4.998112048917909, -5.0, -4.999662198063948, -5.0];158.30310199999985;20.799373200001355;C:\Users\guoji\Desktop\python3_11_test\suite\runners\LayeredBeam\runs\LB\sim_41703
246;[2.5315256160000077, -2.0187038];[-2.5315256160000077, 2.0187038];0.0;True;[-5.0, -5.0, -5.0, -5.0, -5.0, -5.0, -4.999746729271234, -5.0, -5.0, -5.0];161.74916360000134;18.631017799998517;C:\Users\guoji\Desktop\python3_11_test\suite\runners\LayeredBeam\runs\LB\sim_986885
247;[2.531535984000008, -1.357663];[-2.531535984000008, 1.357663];0.0;True;[-5.0, -5.0, -5.0, -5.0, -5.0, -5.0, -4.99937223598487, -5.0, -4.999870229186891, -5.0];165.11617400000068;18.631017799998517;C:\Users\guoji\Desktop\python3_11_test\suite\runners\LayeredBeam\runs\LB\sim_286279
248;[2.5315571520000137, -2.0466188];[-2.5315571520000137, 2.0466188];0.0;True;[-5.0, -5.0, -5.0, -5.0, -5.0, -5.0, -4.998553837180416, -5.0, -4.99971652195983, -5.0];160.24189719999958;18.631017799998517;C:\Users\guoji\Desktop\python3_11_test\suite\runners\LayeredBeam\runs\LB\sim_582874
249;[2.5315677360000093, -2.42629308];[-2.5315677360000093, 2.42629308];0.0;True;[-5.0, -5.0, -5.0, -5.0, -5.0, -5.0, -4.998112048917909, -5.0, -4.999662198063948, -5.0];165.12261819999912;18.631017799998517;C:\Users\guoji\Desktop\python3_11_test\suite\runners\LayeredBeam\runs\LB\sim_690568
250;[2.531594304000004, -2.2471839];[-2.531594304000004, 2.2471839];0.0;True;[-5.0, -5.0, -5.0, -5.0, -5.0, -5.0, -4.996559212241357, -5.0, -5.0, -5.0];163.84896089999893;18.631017799998517;C:\Users\guoji\Desktop\python3_11_test\suite\runners\LayeredBeam\runs\LB\sim_674479
251;[3.0677199120000136, -0.672947];[-3.0677199120000136, 0.672947];0.0;True;[2.948619747558925, -5.0, -5.0, -2.8483598410690063, -0.2761902739816833, -5.0, -5.0, 5.0, -5.0, -5.0];163.41128329999992;21.04105080000045;C:\Users\guoji\Desktop\python3_11_test\suite\runners\LayeredBeam\runs\LB\sim_499471
252;[3.1834751760000115, -2.499999999983024];[-3.1834751760000115, 2.499999999983024];0.0;True;[5.0, -5.0, -5.0, 5.0, -0.6857818420993098, -0.7961724880326031, -5.0, -3.3349475012623016, -5.0, -5.0];164.99977369999942;21.04105080000045;C:\Users\guoji\Desktop\python3_11_test\suite\runners\LayeredBeam\runs\LB\sim_294638
253;[3.2944047840000046, -1.5413573999999999];[-3.2944047840000046, 1.5413573999999999];0.0;True;[0.8619686532937827, -5.0, -5.0, 5.0, 0.9274048879612309, -0.37752414775891463, 0.9075255335489807, -2.0006258777056294, -5.0, -5.0];159.3181614999994;21.04105080000045;C:\Users\guoji\Desktop\python3_11_test\suite\runners\LayeredBeam\runs\LB\sim_276878
254;[3.135628368000007, -2.0427625];[-3.135628368000007, 2.0427625];0.0;True;[3.876551911291907, -5.0, -5.0, 1.5088864039639969, -4.10224783322534, -3.315209749041256, -5.0, 5.0, -5.0, -5.0];161.50345659999948;21.04105080000045;C:\Users\guoji\Desktop\python3_11_test\suite\runners\LayeredBeam\runs\LB\sim_128712
255;[2.5315256160000077, -2.0187038];[-2.5315256160000077, 2.0187038];0.0;True;[-5.0, -5.0, -5.0, -5.0, -5.0, -5.0, -4.999746729271234, -5.0, -5.0, -5.0];163.3640221000005;21.04105080000045;C:\Users\guoji\Desktop\python3_11_test\suite\runners\LayeredBeam\runs\LB\sim_928345
256;[3.369572136000004, -2.4999999999952416];[-3.369572136000004, 2.4999999999952416];0.0;True;[-4.302518307777287, 5.0, -5.0, -5.0, -0.22955340309447703, -2.6638221752042233, 0.11073922574927586, -5.0, 5.0, 0.8838734077603005];157.4427384999999;20.92466339999919;C:\Users\guoji\Desktop\python3_11_test\suite\runners\LayeredBeam\runs\LB\sim_812167
257;[2.5315256160000077, -2.0187038];[-2.5315256160000077, 2.0187038];0.0;True;[-5.0, -5.0, -5.0, -5.0, -5.0, -5.0, -4.999746729271234, -5.0, -5.0, -5.0];161.6632243999993;20.92466339999919;C:\Users\guoji\Desktop\python3_11_test\suite\runners\LayeredBeam\runs\LB\sim_229655
258;[2.531535984000008, -1.357663];[-2.531535984000008, 1.357663];0.0;True;[-5.0, -5.0, -5.0, -5.0, -5.0, -5.0, -4.99937223598487, -5.0, -4.999870229186891, -5.0];162.82691859999977;20.92466339999919;C:\Users\guoji\Desktop\python3_11_test\suite\runners\LayeredBeam\runs\LB\sim_972407
259;[2.5315571520000137, -2.0466188];[-2.5315571520000137, 2.0466188];0.0;True;[-5.0, -5.0, -5.0, -5.0, -5.0, -5.0, -4.998553837180416, -5.0, -4.99971652195983, -5.0];161.70640110000022;20.92466339999919;C:\Users\guoji\Desktop\python3_11_test\suite\runners\LayeredBeam\runs\LB\sim_338657
260;[2.5315677360000093, -2.42629308];[-2.5315677360000093, 2.42629308];0.0;True;[-5.0, -5.0, -5.0, -5.0, -5.0, -5.0, -4.998112048917909, -5.0, -4.999662198063948, -5.0];160.57570100000157;20.92466339999919;C:\Users\guoji\Desktop\python3_11_test\suite\runners\LayeredBeam\runs\LB\sim_735796
261;[3.2870925360000136, -2.4999999999833746];[-3.2870925360000136, 2.4999999999833746];0.0;True;[-5.0, 5.0, -4.452168889273664, -5.0, -3.653343647000084, -0.5125700491446077, -2.987079999321457, 1.5853706597305592, -5.0, 5.0];153.6854629999998;22.523674500000197;C:\Users\guoji\Desktop\python3_11_test\suite\runners\LayeredBeam\runs\LB\sim_381765
262;[3.4946860320000104, -2.4999999999994524];[-3.4946860320000104, 2.4999999999994524];0.0;True;[-1.5519188990362438, 4.427189791565816, -3.554907012536361, 0.41194153220922836, 0.5514226261112434, -3.7878781535038932, 3.2182757391308883, -2.9152989223217944, -3.265356583461248, 1.0575399010768427];153.10791450000033;22.523674500000197;C:\Users\guoji\Desktop\python3_11_test\suite\runners\LayeredBeam\runs\LB\sim_463856
263;[3.0610316880000097, -1.7535014];[-3.0610316880000097, 1.7535014];0.0;True;[5.0, -5.0, -5.0, -4.109380580440868, -0.35982768723103753, -5.0, -5.0, -1.7683555793891736, 0.7519827157703931, -5.0];162.80397810000068;22.523674500000197;C:\Users\guoji\Desktop\python3_11_test\suite\runners\LayeredBeam\runs\LB\sim_649508
264;[2.5315256160000077, -2.0187038];[-2.5315256160000077, 2.0187038];0.0;True;[-5.0, -5.0, -5.0, -5.0, -5.0, -5.0, -4.999746729271234, -5.0, -5.0, -5.0];158.81271750000087;22.523674500000197;C:\Users\guoji\Desktop\python3_11_test\suite\runners\LayeredBeam\runs\LB\sim_595479
265;[2.531535984000008, -1.357663];[-2.531535984000008, 1.357663];0.0;True;[-5.0, -5.0, -5.0, -5.0, -5.0, -5.0, -4.99937223598487, -5.0, -4.999870229186891, -5.0];160.00037069999962;22.523674500000197;C:\Users\guoji\Desktop\python3_11_test\suite\runners\LayeredBeam\runs\LB\sim_501001
266;[3.4672717440000085, -2.4999999999991447];[-3.4672717440000085, 2.4999999999991447];0.0;True;[-5.0, 5.0, 5.0, 5.0, -5.0, -5.0, -2.0408919485781585, -4.6372741020359936, 5.0, -5.0];162.56019070000002;21.093066499999622;C:\Users\guoji\Desktop\python3_11_test\suite\runners\LayeredBeam\runs\LB\sim_338936
267;[2.5315256160000077, -2.0187038];[-2.5315256160000077, 2.0187038];0.0;True;[-5.0, -5.0, -5.0, -5.0, -5.0, -5.0, -4.999746729271234, -5.0, -5.0, -5.0];162.30357019999974;21.093066499999622;C:\Users\guoji\Desktop\python3_11_test\suite\runners\LayeredBeam\runs\LB\sim_72443
268;[2.531535984000008, -1.357663];[-2.531535984000008, 1.357663];0.0;True;[-5.0, -5.0, -5.0, -5.0, -5.0, -5.0, -4.99937223598487, -5.0, -4.999870229186891, -5.0];158.10193439999966;21.093066499999622;C:\Users\guoji\Desktop\python3_11_test\suite\runners\LayeredBeam\runs\LB\sim_473998
269;[2.5315571520000137, -2.0466188];[-2.5315571520000137, 2.0466188];0.0;True;[-5.0, -5.0, -5.0, -5.0, -5.0, -5.0, -4.998553837180416, -5.0, -4.99971652195983, -5.0];160.44688139999926;21.093066499999622;C:\Users\guoji\Desktop\python3_11_test\suite\runners\LayeredBeam\runs\LB\sim_955818
270;[2.5315677360000093, -2.42629308];[-2.5315677360000093, 2.42629308];0.0;True;[-5.0, -5.0, -5.0, -5.0, -5.0, -5.0, -4.998112048917909, -5.0, -4.999662198063948, -5.0];157.5334524000009;21.093066499999622;C:\Users\guoji\Desktop\python3_11_test\suite\runners\LayeredBeam\runs\LB\sim_133523
271;[3.1539762720000084, -1.491742];[-3.1539762720000084, 1.491742];0.0;True;[0.2234664643211346, -5.0, -0.6598175694717341, 1.745059014540602, -5.0, 5.0, -4.738352964248608, -3.294914028396942, -5.0, -4.458000948078825];159.70937330000015;19.295934300000226;C:\Users\guoji\Desktop\python3_11_test\suite\runners\LayeredBeam\runs\LB\sim_475624
272;[2.8726146720000068, -2.4999999999766396];[-2.8726146720000068, 2.4999999999766396];0.0;True;[-3.9520593932348964, -5.0, -1.202030495349546, -5.0, -0.10555814125743446, -5.0, -5.0, -4.00073980501729, -5.0, 0.051793198768953275];158.9303500999995;19.295934300000226;C:\Users\guoji\Desktop\python3_11_test\suite\runners\LayeredBeam\runs\LB\sim_23867
273;[2.5315256160000077, -2.0187038];[-2.5315256160000077, 2.0187038];0.0;True;[-5.0, -5.0, -5.0, -5.0, -5.0, -5.0, -4.999746729271234, -5.0, -5.0, -5.0];159.66908319999857;19.295934300000226;C:\Users\guoji\Desktop\python3_11_test\suite\runners\LayeredBeam\runs\LB\sim_179623
274;[2.531535984000008, -1.357663];[-2.531535984000008, 1.357663];0.0;True;[-5.0, -5.0, -5.0, -5.0, -5.0, -5.0, -4.99937223598487, -5.0, -4.999870229186891, -5.0];161.0265064999985;19.295934300000226;C:\Users\guoji\Desktop\python3_11_test\suite\runners\LayeredBeam\runs\LB\sim_17039
275;[2.5315571520000137, -2.0466188];[-2.5315571520000137, 2.0466188];0.0;True;[-5.0, -5.0, -5.0, -5.0, -5.0, -5.0, -4.998553837180416, -5.0, -4.99971652195983, -5.0];159.63429899999937;19.295934300000226;C:\Users\guoji\Desktop\python3_11_test\suite\runners\LayeredBeam\runs\LB\sim_379014
276;[2.5315256160000077, -2.0187038];[-2.5315256160000077, 2.0187038];0.0;True;[-5.0, -5.0, -5.0, -5.0, -5.0, -5.0, -4.999746729271234, -5.0, -5.0, -5.0];164.2280991000007;23.11096929999985;C:\Users\guoji\Desktop\python3_11_test\suite\runners\LayeredBeam\runs\LB\sim_816371
277;[2.531535984000008, -1.357663];[-2.531535984000008, 1.357663];0.0;True;[-5.0, -5.0, -5.0, -5.0, -5.0, -5.0, -4.99937223598487, -5.0, -4.999870229186891, -5.0];163.77048500000092;23.11096929999985;C:\Users\guoji\Desktop\python3_11_test\suite\runners\LayeredBeam\runs\LB\sim_796505
278;[2.5315571520000137, -2.0466188];[-2.5315571520000137, 2.0466188];0.0;True;[-5.0, -5.0, -5.0, -5.0, -5.0, -5.0, -4.998553837180416, -5.0, -4.99971652195983, -5.0];161.98306599999887;23.11096929999985;C:\Users\guoji\Desktop\python3_11_test\suite\runners\LayeredBeam\runs\LB\sim_697241
279;[2.5315677360000093, -2.42629308];[-2.5315677360000093, 2.42629308];0.0;True;[-5.0, -5.0, -5.0, -5.0, -5.0, -5.0, -4.998112048917909, -5.0, -4.999662198063948, -5.0];163.51582810000036;23.11096929999985;C:\Users\guoji\Desktop\python3_11_test\suite\runners\LayeredBeam\runs\LB\sim_387625
280;[2.531594304000004, -2.2471839];[-2.531594304000004, 2.2471839];0.0;True;[-5.0, -5.0, -5.0, -5.0, -5.0, -5.0, -4.996559212241357, -5.0, -5.0, -5.0];162.00716230000035;23.11096929999985;C:\Users\guoji\Desktop\python3_11_test\suite\runners\LayeredBeam\runs\LB\sim_764390
281;[2.5315256160000077, -2.0187038];[-2.5315256160000077, 2.0187038];0.0;True;[-5.0, -5.0, -5.0, -5.0, -5.0, -5.0, -4.999746729271234, -5.0, -5.0, -5.0];165.93045900000106;20.908577099999093;C:\Users\guoji\Desktop\python3_11_test\suite\runners\LayeredBeam\runs\LB\sim_957022
282;[2.531535984000008, -1.357663];[-2.531535984000008, 1.357663];0.0;True;[-5.0, -5.0, -5.0, -5.0, -5.0, -5.0, -4.99937223598487, -5.0, -4.999870229186891, -5.0];164.63229820000015;20.908577099999093;C:\Users\guoji\Desktop\python3_11_test\suite\runners\LayeredBeam\runs\LB\sim_981021
283;[2.5315571520000137, -2.0466188];[-2.5315571520000137, 2.0466188];0.0;True;[-5.0, -5.0, -5.0, -5.0, -5.0, -5.0, -4.998553837180416, -5.0, -4.99971652195983, -5.0];165.71889139999985;20.908577099999093;C:\Users\guoji\Desktop\python3_11_test\suite\runners\LayeredBeam\runs\LB\sim_118814
284;[2.5315677360000093, -2.42629308];[-2.5315677360000093, 2.42629308];0.0;True;[-5.0, -5.0, -5.0, -5.0, -5.0, -5.0, -4.998112048917909, -5.0, -4.999662198063948, -5.0];166.66786609999872;20.908577099999093;C:\Users\guoji\Desktop\python3_11_test\suite\runners\LayeredBeam\runs\LB\sim_383960
285;[2.531594304000004, -2.2471839];[-2.531594304000004, 2.2471839];0.0;True;[-5.0, -5.0, -5.0, -5.0, -5.0, -5.0, -4.996559212241357, -5.0, -5.0, -5.0];164.6713366999993;20.908577099999093;C:\Users\guoji\Desktop\python3_11_test\suite\runners\LayeredBeam\runs\LB\sim_393210
286;[3.014668800000009, -2.497410177];[-3.014668800000009, 2.497410177];0.0;True;[-3.701227584430692, -5.0, -5.0, -2.2104321960400535, -5.0, -0.9495229068653144, -5.0, -0.6116482425934988, -5.0, 4.840850132105402];160.62324759999865;21.30265490000056;C:\Users\guoji\Desktop\python3_11_test\suite\runners\LayeredBeam\runs\LB\sim_228124
287;[2.8880206560000095, -2.1485626];[-2.8880206560000095, 2.1485626];0.0;True;[-1.4164392471297904, -5.0, -5.0, -5.0, -5.0, -4.332098937385615, -5.0, -0.8166989496680372, -5.0, 3.069860007417649];160.61276609999913;21.30265490000056;C:\Users\guoji\Desktop\python3_11_test\suite\runners\LayeredBeam\runs\LB\sim_551659
288;[3.0733052400000043, -2.499999999998157];[-3.0733052400000043, 2.499999999998157];0.0;True;[-3.7455317163871795, -5.0, 0.37607923658823506, -3.0970387290763735, 0.8321580703050104, -5.0, -5.0, -1.4074267434559102, -5.0, 2.1244245735619183];163.7790000999994;21.30265490000056;C:\Users\guoji\Desktop\python3_11_test\suite\runners\LayeredBeam\runs\LB\sim_357054
289;[2.5315256160000077, -2.0187038];[-2.5315256160000077, 2.0187038];0.0;True;[-5.0, -5.0, -5.0, -5.0, -5.0, -5.0, -4.999746729271234, -5.0, -5.0, -5.0];163.65551680000135;21.30265490000056;C:\Users\guoji\Desktop\python3_11_test\suite\runners\LayeredBeam\runs\LB\sim_497458
290;[2.531535984000008, -1.357663];[-2.531535984000008, 1.357663];0.0;True;[-5.0, -5.0, -5.0, -5.0, -5.0, -5.0, -4.99937223598487, -5.0, -4.999870229186891, -5.0];163.67703319999964;21.30265490000056;C:\Users\guoji\Desktop\python3_11_test\suite\runners\LayeredBeam\runs\LB\sim_228928
291;[3.147128208000005, -2.499999999998275];[-3.147128208000005, 2.499999999998275];0.0;True;[-5.0, 1.8818451454688931, -5.0, -5.0, -0.31538641913041676, -3.522071139920217, -5.0, -4.021343191127112, 5.0, -0.5226547544299898];157.93526349999956;21.662752600001113;C:\Users\guoji\Desktop\python3_11_test\suite\runners\LayeredBeam\runs\LB\sim_344303
292;[2.5315256160000077, -2.0187038];[-2.5315256160000077, 2.0187038];0.0;True;[-5.0, -5.0, -5.0, -5.0, -5.0, -5.0, -4.999746729271234, -5.0, -5.0, -5.0];160.84115940000083;21.662752600001113;C:\Users\guoji\Desktop\python3_11_test\suite\runners\LayeredBeam\runs\LB\sim_300182
293;[2.531535984000008, -1.357663];[-2.531535984000008, 1.357663];0.0;True;[-5.0, -5.0, -5.0, -5.0, -5.0, -5.0, -4.99937223598487, -5.0, -4.999870229186891, -5.0];160.61808100000053;21.662752600001113;C:\Users\guoji\Desktop\python3_11_test\suite\runners\LayeredBeam\runs\LB\sim_598611
294;[2.5315571520000137, -2.0466188];[-2.5315571520000137, 2.0466188];0.0;True;[-5.0, -5.0, -5.0, -5.0, -5.0, -5.0, -4.998553837180416, -5.0, -4.99971652195983, -5.0];159.92591670000002;21.662752600001113;C:\Users\guoji\Desktop\python3_11_test\suite\runners\LayeredBeam\runs\LB\sim_154014
295;[2.5315677360000093, -2.42629308];[-2.5315677360000093, 2.42629308];0.0;True;[-5.0, -5.0, -5.0, -5.0, -5.0, -5.0, -4.998112048917909, -5.0, -4.999662198063948, -5.0];158.82907329999944;21.662752600001113;C:\Users\guoji\Desktop\python3_11_test\suite\runners\LayeredBeam\runs\LB\sim_555975
296;[3.457312632000012, -1.816308];[-3.457312632000012, 1.816308];0.0;True;[-2.8896385112423575, -5.0, 0.5649087094070477, 3.1821323339879886, 0.874256975808656, 0.26072792153668445, -5.0, 0.8683768629800426, -5.0, 5.0];158.48047170000063;21.60303980000026;C:\Users\guoji\Desktop\python3_11_test\suite\runners\LayeredBeam\runs\LB\sim_57032
297;[3.3551664480000047, -2.499999999995754];[-3.3551664480000047, 2.499999999995754];0.0;True;[1.2551623296256222, -5.0, -0.26126845802611687, 1.6235491559660788, -2.165620175274036, -0.14477303530989616, -5.0, 0.18300159970955931, -4.9881623157712465, 2.629916455713353];156.96986920000018;21.60303980000026;C:\Users\guoji\Desktop\python3_11_test\suite\runners\LayeredBeam\runs\LB\sim_624395
298;[2.5315256160000077, -2.0187038];[-2.5315256160000077, 2.0187038];0.0;True;[-5.0, -5.0, -5.0, -5.0, -5.0, -5.0, -4.999746729271234, -5.0, -5.0, -5.0];158.39708299999984;21.60303980000026;C:\Users\guoji\Desktop\python3_11_test\suite\runners\LayeredBeam\runs\LB\sim_32090
299;[2.531535984000008, -1.357663];[-2.531535984000008, 1.357663];0.0;True;[-5.0, -5.0, -5.0, -5.0, -5.0, -5.0, -4.99937223598487, -5.0, -4.999870229186891, -5.0];159.3955859000016;21.60303980000026;C:\Users\guoji\Desktop\python3_11_test\suite\runners\LayeredBeam\runs\LB\sim_17756
300;[2.5315571520000137, -2.0466188];[-2.5315571520000137, 2.0466188];0.0;True;[-5.0, -5.0, -5.0, -5.0, -5.0, -5.0, -4.998553837180416, -5.0, -4.99971652195983, -5.0];157.40864669999974;21.60303980000026;C:\Users\guoji\Desktop\python3_11_test\suite\runners\LayeredBeam\runs\LB\sim_830692
301;[3.240109296000007, -2.1306015];[-3.240109296000007, 2.1306015];0.0;True;[-5.0, 2.6021314558092543, -2.1366867569226566, -5.0, -3.9359799044446477, 2.467457793661766, 5.0, -1.1918307519642428, -5.0, -5.0];155.90561210000124;22.505970400001388;C:\Users\guoji\Desktop\python3_11_test\suite\runners\LayeredBeam\runs\LB\sim_289608
302;[2.5315256160000077, -2.0187038];[-2.5315256160000077, 2.0187038];0.0;True;[-5.0, -5.0, -5.0, -5.0, -5.0, -5.0, -4.999746729271234, -5.0, -5.0, -5.0];162.11628400000154;22.505970400001388;C:\Users\guoji\Desktop\python3_11_test\suite\runners\LayeredBeam\runs\LB\sim_604624
303;[2.531535984000008, -1.357663];[-2.531535984000008, 1.357663];0.0;True;[-5.0, -5.0, -5.0, -5.0, -5.0, -5.0, -4.99937223598487, -5.0, -4.999870229186891, -5.0];166.1718050999989;22.505970400001388;C:\Users\guoji\Desktop\python3_11_test\suite\runners\LayeredBeam\runs\LB\sim_770190
304;[2.5315571520000137, -2.0466188];[-2.5315571520000137, 2.0466188];0.0;True;[-5.0, -5.0, -5.0, -5.0, -5.0, -5.0, -4.998553837180416, -5.0, -4.99971652195983, -5.0];162.9195092000009;22.505970400001388;C:\Users\guoji\Desktop\python3_11_test\suite\runners\LayeredBeam\runs\LB\sim_409515
305;[2.5315677360000093, -2.42629308];[-2.5315677360000093, 2.42629308];0.0;True;[-5.0, -5.0, -5.0, -5.0, -5.0, -5.0, -4.998112048917909, -5.0, -4.999662198063948, -5.0];163.60900949999996;22.505970400001388;C:\Users\guoji\Desktop\python3_11_test\suite\runners\LayeredBeam\runs\LB\sim_139845
306;[3.304206648000005, -2.493923061];[-3.304206648000005, 2.493923061];0.0;True;[-5.0, -5.0, -5.0, -1.5446770137651429, 0.9177378446479274, 2.1460725844633064, -5.0, 4.4719003827080055, -5.0, 4.78150318889411];153.7009794000005;23.85712219999914;C:\Users\guoji\Desktop\python3_11_test\suite\runners\LayeredBeam\runs\LB\sim_569182
307;[3.478227912000004, -2.4999999999995333];[-3.478227912000004, 2.4999999999995333];0.0;True;[3.5093489779566607, -5.0, -1.7342386411350863, -1.3123906050660357, -1.370461950978755, -0.7327291732518084, 5.0, -2.1411255681124066, -1.949138299376001, -0.4402054897189913];150.50265010000112;23.85712219999914;C:\Users\guoji\Desktop\python3_11_test\suite\runners\LayeredBeam\runs\LB\sim_613620
308;[2.6094087360000047, -2.48444141];[-2.6094087360000047, 2.48444141];0.0;True;[-5.0, -5.0, -4.979688496638495, -4.930879578216489, -1.6120846365415091, -5.0, -4.94867363532656, -4.957394943601058, -4.965326193109994, -5.0];165.68468349999966;23.85712219999914;C:\Users\guoji\Desktop\python3_11_test\suite\runners\LayeredBeam\runs\LB\sim_434713
309;[2.5315256160000077, -2.0187038];[-2.5315256160000077, 2.0187038];0.0;True;[-5.0, -5.0, -5.0, -5.0, -5.0, -5.0, -4.999746729271234, -5.0, -5.0, -5.0];159.43813109999974;23.85712219999914;C:\Users\guoji\Desktop\python3_11_test\suite\runners\LayeredBeam\runs\LB\sim_493034
310;[2.531535984000008, -1.357663];[-2.531535984000008, 1.357663];0.0;True;[-5.0, -5.0, -5.0, -5.0, -5.0, -5.0, -4.99937223598487, -5.0, -4.999870229186891, -5.0];159.12083149999853;23.85712219999914;C:\Users\guoji\Desktop\python3_11_test\suite\runners\LayeredBeam\runs\LB\sim_715454
311;[3.3695369280000027, -2.499999999997715];[-3.3695369280000027, 2.499999999997715];0.0;True;[-5.0, 5.0, -5.0, 5.0, 0.5948375690110623, 5.0, -5.0, -1.797758257921485, -5.0, -5.0];161.07970139999998;22.847580300000118;C:\Users\guoji\Desktop\python3_11_test\suite\runners\LayeredBeam\runs\LB\sim_467530
312;[2.5315256160000077, -2.0187038];[-2.5315256160000077, 2.0187038];0.0;True;[-5.0, -5.0, -5.0, -5.0, -5.0, -5.0, -4.999746729271234, -5.0, -5.0, -5.0];163.23294070000156;22.847580300000118;C:\Users\guoji\Desktop\python3_11_test\suite\runners\LayeredBeam\runs\LB\sim_725869
313;[2.531535984000008, -1.357663];[-2.531535984000008, 1.357663];0.0;True;[-5.0, -5.0, -5.0, -5.0, -5.0, -5.0, -4.99937223598487, -5.0, -4.999870229186891, -5.0];160.73239039999862;22.847580300000118;C:\Users\guoji\Desktop\python3_11_test\suite\runners\LayeredBeam\runs\LB\sim_100701
314;[2.531594304000004, -2.2471839];[-2.531594304000004, 2.2471839];0.0;True;[-5.0, -5.0, -5.0, -5.0, -5.0, -5.0, -4.996559212241357, -5.0, -5.0, -5.0];163.16614720000143;22.847580300000118;C:\Users\guoji\Desktop\python3_11_test\suite\runners\LayeredBeam\runs\LB\sim_283677
315;[2.5315571520000137, -2.0466188];[-2.5315571520000137, 2.0466188];0.0;True;[-5.0, -5.0, -5.0, -5.0, -5.0, -5.0, -4.998553837180416, -5.0, -4.99971652195983, -5.0];161.59760050000114;22.847580300000118;C:\Users\guoji\Desktop\python3_11_test\suite\runners\LayeredBeam\runs\LB\sim_760449
316;[3.290057136000002, 0.12909499999999996];[-3.290057136000002, -0.12909499999999996];0.0;True;[3.525702399065672, 1.1637872446736264, 0.023480166425489557, -5.0, -0.13233395101150514, -1.7567404534240776, -5.0, -5.0, -5.0, 2.2935612014853533];156.4027713000014;27.54054019999967;C:\Users\guoji\Desktop\python3_11_test\suite\runners\LayeredBeam\runs\LB\sim_236763
317;[3.2007016080000117, -2.4999999999373714];[-3.2007016080000117, 2.4999999999373714];0.0;True;[-0.8865910988897117, 4.37615457008433, -5.0, -5.0, 1.5187859443584495, -1.4769009041255687, -5.0, -5.0, -5.0, 2.4491822901852656];156.85635869999896;27.54054019999967;C:\Users\guoji\Desktop\python3_11_test\suite\runners\LayeredBeam\runs\LB\sim_281563
318;[2.9154798720000126, -2.49192729];[-2.9154798720000126, 2.49192729];0.0;True;[4.151757847783099, -3.199377141023719, -5.0, -5.0, -5.0, -5.0, -5.0, 1.8008050758229395, -5.0, -4.977279897814619];159.50614789999963;27.54054019999967;C:\Users\guoji\Desktop\python3_11_test\suite\runners\LayeredBeam\runs\LB\sim_230177
319;[2.8297725840000094, 0.6104129999999999];[-2.8297725840000094, -0.6104129999999999];0.0;True;[4.179633195253009, -4.991698048435417, -5.0, -5.0, -5.0, -4.961813161742982, -4.661234999741113, -5.0, -4.965326193109994, -0.7916118765306877];161.66604069999994;27.54054019999967;C:\Users\guoji\Desktop\python3_11_test\suite\runners\LayeredBeam\runs\LB\sim_115829
320;[2.5315256160000077, -2.0187038];[-2.5315256160000077, 2.0187038];0.0;True;[-5.0, -5.0, -5.0, -5.0, -5.0, -5.0, -4.999746729271234, -5.0, -5.0, -5.0];159.50349839999944;27.54054019999967;C:\Users\guoji\Desktop\python3_11_test\suite\runners\LayeredBeam\runs\LB\sim_511031
321;[2.725672680000013, -2.4999999999956004];[-2.725672680000013, 2.4999999999956004];0.0;True;[-5.0, -5.0, -5.0, -5.0, 0.1567377746483487, -4.558763112837883, -5.0, -1.6094379701555366, -5.0, -5.0];168.03351430000112;26.30868509999891;C:\Users\guoji\Desktop\python3_11_test\suite\runners\LayeredBeam\runs\LB\sim_847182
322;[3.1070126880000104, -1.482745];[-3.1070126880000104, 1.482745];0.0;True;[4.546417591767485, -5.0, -5.0, -1.2349015044188594, -1.3517692992299017, 1.6921321497166018, -5.0, -3.837672859495368, -5.0, -3.1710341165223834];165.7704407000001;26.30868509999891;C:\Users\guoji\Desktop\python3_11_test\suite\runners\LayeredBeam\runs\LB\sim_928273
323;[3.4067312640000127, -2.2927307];[-3.4067312640000127, 2.2927307];0.0;True;[-4.980646242951451, -3.209610929272051, -1.0829022475669525, -4.042378901631937, -1.501659017731881, 4.197934758912986, 1.914430958491959, 1.5935074380487722, 2.6007023492159433, -4.970311632482633];159.96555179999996;26.30868509999891;C:\Users\guoji\Desktop\python3_11_test\suite\runners\LayeredBeam\runs\LB\sim_627881
324;[2.5315256160000077, -2.0187038];[-2.5315256160000077, 2.0187038];0.0;True;[-5.0, -5.0, -5.0, -5.0, -5.0, -5.0, -4.999746729271234, -5.0, -5.0, -5.0];161.26968070000112;26.30868509999891;C:\Users\guoji\Desktop\python3_11_test\suite\runners\LayeredBeam\runs\LB\sim_144864
325;[2.531535984000008, -1.357663];[-2.531535984000008, 1.357663];0.0;True;[-5.0, -5.0, -5.0, -5.0, -5.0, -5.0, -4.99937223598487, -5.0, -4.999870229186891, -5.0];163.78236020000077;26.30868509999891;C:\Users\guoji\Desktop\python3_11_test\suite\runners\LayeredBeam\runs\LB\sim_443302
326;[3.181244328000002, -0.36185100000000014];[-3.181244328000002, 0.36185100000000014];0.0;True;[0.9124588298209044, -5.0, -3.730508011825921, 1.8148881775411372, -4.353427448797981, -3.725852108155597, 0.7745736511513517, -4.5689982371180955, -5.0, 2.956714335457894];167.3085785000003;23.21296330000041;C:\Users\guoji\Desktop\python3_11_test\suite\runners\LayeredBeam\runs\LB\sim_375516
327;[2.5315256160000077, -2.0187038];[-2.5315256160000077, 2.0187038];0.0;True;[-5.0, -5.0, -5.0, -5.0, -5.0, -5.0, -4.999746729271234, -5.0, -5.0, -5.0];164.9980285999991;23.21296330000041;C:\Users\guoji\Desktop\python3_11_test\suite\runners\LayeredBeam\runs\LB\sim_266104
328;[2.531535984000008, -1.357663];[-2.531535984000008, 1.357663];0.0;True;[-5.0, -5.0, -5.0, -5.0, -5.0, -5.0, -4.99937223598487, -5.0, -4.999870229186891, -5.0];163.72240689999853;23.21296330000041;C:\Users\guoji\Desktop\python3_11_test\suite\runners\LayeredBeam\runs\LB\sim_7644
329;[2.5315571520000137, -2.0466188];[-2.5315571520000137, 2.0466188];0.0;True;[-5.0, -5.0, -5.0, -5.0, -5.0, -5.0, -4.998553837180416, -5.0, -4.99971652195983, -5.0];164.66364179999982;23.21296330000041;C:\Users\guoji\Desktop\python3_11_test\suite\runners\LayeredBeam\runs\LB\sim_276883
330;[2.5315677360000093, -2.42629308];[-2.5315677360000093, 2.42629308];0.0;True;[-5.0, -5.0, -5.0, -5.0, -5.0, -5.0, -4.998112048917909, -5.0, -4.999662198063948, -5.0];164.19906339999943;23.21296330000041;C:\Users\guoji\Desktop\python3_11_test\suite\runners\LayeredBeam\runs\LB\sim_726096
331;[2.971471392000005, -1.8958324];[-2.971471392000005, 1.8958324];0.0;True;[-4.181183212392613, -4.684296379616585, -5.0, -5.0, -2.9429597440590767, -3.322776098747543, -5.0, 1.0915555099442988, -5.0, 4.407742586214239];166.9121699999996;25.629969899999196;C:\Users\guoji\Desktop\python3_11_test\suite\runners\LayeredBeam\runs\LB\sim_828592
332;[3.2188961520000086, -2.4999999999981823];[-3.2188961520000086, 2.4999999999981823];0.0;True;[-2.8882547600372344, 2.8684847680656986, -5.0, -5.0, 4.24346445045979, -1.8164736201601976, -5.0, -4.376019858403991, -5.0, 3.791755824363097];169.5575983000017;25.629969899999196;C:\Users\guoji\Desktop\python3_11_test\suite\runners\LayeredBeam\runs\LB\sim_421541
333;[2.5315256160000077, -2.0187038];[-2.5315256160000077, 2.0187038];0.0;True;[-5.0, -5.0, -5.0, -5.0, -5.0, -5.0, -4.999746729271234, -5.0, -5.0, -5.0];167.89590580000004;25.629969899999196;C:\Users\guoji\Desktop\python3_11_test\suite\runners\LayeredBeam\runs\LB\sim_208643
334;[2.531535984000008, -1.357663];[-2.531535984000008, 1.357663];0.0;True;[-5.0, -5.0, -5.0, -5.0, -5.0, -5.0, -4.99937223598487, -5.0, -4.999870229186891, -5.0];168.3678533000002;25.629969899999196;C:\Users\guoji\Desktop\python3_11_test\suite\runners\LayeredBeam\runs\LB\sim_151527
335;[2.5315571520000137, -2.0466188];[-2.5315571520000137, 2.0466188];0.0;True;[-5.0, -5.0, -5.0, -5.0, -5.0, -5.0, -4.998553837180416, -5.0, -4.99971652195983, -5.0];168.89899160000095;25.629969899999196;C:\Users\guoji\Desktop\python3_11_test\suite\runners\LayeredBeam\runs\LB\sim_553545
336;[3.1150308240000117, -2.4999999999980136];[-3.1150308240000117, 2.4999999999980136];0.0;True;[1.4284398685397202, -5.0, -5.0, -5.0, -2.478656926164355, -3.8501430258133, 3.534634195009458, -1.008659613491842, -5.0, -0.6112514491375043];180.7987649000006;26.424937699999646;C:\Users\guoji\Desktop\python3_11_test\suite\runners\LayeredBeam\runs\LB\sim_410209
337;[2.5315256160000077, -2.0187038];[-2.5315256160000077, 2.0187038];0.0;True;[-5.0, -5.0, -5.0, -5.0, -5.0, -5.0, -4.999746729271234, -5.0, -5.0, -5.0];185.02091480000126;26.424937699999646;C:\Users\guoji\Desktop\python3_11_test\suite\runners\LayeredBeam\runs\LB\sim_172463
338;[2.531535984000008, -1.357663];[-2.531535984000008, 1.357663];0.0;True;[-5.0, -5.0, -5.0, -5.0, -5.0, -5.0, -4.99937223598487, -5.0, -4.999870229186891, -5.0];185.65111859999888;26.424937699999646;C:\Users\guoji\Desktop\python3_11_test\suite\runners\LayeredBeam\runs\LB\sim_475775
339;[2.5315571520000137, -2.0466188];[-2.5315571520000137, 2.0466188];0.0;True;[-5.0, -5.0, -5.0, -5.0, -5.0, -5.0, -4.998553837180416, -5.0, -4.99971652195983, -5.0];188.63891759999933;26.424937699999646;C:\Users\guoji\Desktop\python3_11_test\suite\runners\LayeredBeam\runs\LB\sim_934373
340;[2.5315677360000093, -2.42629308];[-2.5315677360000093, 2.42629308];0.0;True;[-5.0, -5.0, -5.0, -5.0, -5.0, -5.0, -4.998112048917909, -5.0, -4.999662198063948, -5.0];184.46830979999868;26.424937699999646;C:\Users\guoji\Desktop\python3_11_test\suite\runners\LayeredBeam\runs\LB\sim_67103
341;[3.2149008000000032, 0.4648650000000001];[-3.2149008000000032, -0.4648650000000001];0.0;True;[2.382530483250335, 0.3059376027030787, -5.0, -1.5813539476110328, -3.167799385387738, -3.31219778272726, 0.1772495251024182, -3.274520525137398, -5.0, 0.10817043175185592];158.4801865999998;26.288621800000328;C:\Users\guoji\Desktop\python3_11_test\suite\runners\LayeredBeam\runs\LB\sim_761336
342;[2.941377192000008, -2.499999999994995];[-2.941377192000008, 2.499999999994995];0.0;True;[0.8658263884258837, -5.0, -5.0, -5.0, -2.503945770000998, -5.0, -1.06214527045936, -3.574032877826559, -5.0, 0.24916543152609982];163.5179619999999;26.288621800000328;C:\Users\guoji\Desktop\python3_11_test\suite\runners\LayeredBeam\runs\LB\sim_545537
343;[2.5315256160000077, -2.0187038];[-2.5315256160000077, 2.0187038];0.0;True;[-5.0, -5.0, -5.0, -5.0, -5.0, -5.0, -4.999746729271234, -5.0, -5.0, -5.0];161.94416159999855;26.288621800000328;C:\Users\guoji\Desktop\python3_11_test\suite\runners\LayeredBeam\runs\LB\sim_378616
344;[2.531535984000008, -1.357663];[-2.531535984000008, 1.357663];0.0;True;[-5.0, -5.0, -5.0, -5.0, -5.0, -5.0, -4.99937223598487, -5.0, -4.999870229186891, -5.0];161.28910580000047;26.288621800000328;C:\Users\guoji\Desktop\python3_11_test\suite\runners\LayeredBeam\runs\LB\sim_345575
345;[2.5315571520000137, -2.0466188];[-2.5315571520000137, 2.0466188];0.0;True;[-5.0, -5.0, -5.0, -5.0, -5.0, -5.0, -4.998553837180416, -5.0, -4.99971652195983, -5.0];161.74186640000153;26.288621800000328;C:\Users\guoji\Desktop\python3_11_test\suite\runners\LayeredBeam\runs\LB\sim_933258
346;[2.5432557120000086, -1.7838995];[-2.5432557120000086, 1.7838995];0.0;True;[-4.456664281398374, -5.0, -5.0, -5.0, -5.0, -5.0, -5.0, -5.0, -5.0, -5.0];165.03395029999956;25.228358200000002;C:\Users\guoji\Desktop\python3_11_test\suite\runners\LayeredBeam\runs\LB\sim_280742
347;[2.547879840000003, -2.499999999745291];[-2.547879840000003, 2.499999999745291];0.0;True;[-4.441052818200946, -5.0, -5.0, -5.0, -5.0, -5.0, -4.942489168441795, -5.0, -4.964781553566271, -4.894273760058803];164.69928880000043;25.228358200000002;C:\Users\guoji\Desktop\python3_11_test\suite\runners\LayeredBeam\runs\LB\sim_306762
348;[2.5374669120000055, -2.4999999999964335];[-2.5374669120000055, 2.4999999999964335];0.0;True;[-4.816896047463239, -5.0, -5.0, -5.0, -5.0, -5.0, -4.942475742294082, -5.0, -4.965326193109994, -5.0];162.9417715999989;25.228358200000002;C:\Users\guoji\Desktop\python3_11_test\suite\runners\LayeredBeam\runs\LB\sim_95923
349;[2.556315504000012, -2.4999999999992735];[-2.556315504000012, 2.4999999999992735];0.0;True;[-4.457043283520141, -5.0, -5.0, -4.923676342037733, -5.0, -5.0, -4.942489168441795, -4.6697856062405085, -4.964781553566271, -4.894273760058803];160.2989374000008;25.228358200000002;C:\Users\guoji\Desktop\python3_11_test\suite\runners\LayeredBeam\runs\LB\sim_151146
350;[2.5388158320000103, -2.4999999999858784];[-2.5388158320000103, 2.4999999999858784];0.0;True;[-4.803974528060284, -5.0, -5.0, -5.0, -5.0, -5.0, -4.999199187228226, -5.0, -4.964781553566271, -4.894273760058803];160.268640100001;25.228358200000002;C:\Users\guoji\Desktop\python3_11_test\suite\runners\LayeredBeam\runs\LB\sim_855045
351;[2.8026421200000042, -2.49680141];[-2.8026421200000042, 2.49680141];0.0;True;[-4.711034432090945, -5.0, -5.0, 3.227465930128213, -1.493158708316047, -5.0, -4.942489168441795, -4.6697856062405085, -4.964781553566271, -4.894273760058803];175.23793010000009;26.72841039999912;C:\Users\guoji\Desktop\python3_11_test\suite\runners\LayeredBeam\runs\LB\sim_230317
352;[3.072258936000008, -2.49999999999513];[-3.072258936000008, 2.49999999999513];0.0;True;[-4.918587784771598, -3.1934286717184, -5.0, 3.405601714421705, -5.0, -4.949002648351851, 2.143082744780104, -5.0, 2.5465587432458854, -5.0];159.1082346000003;26.72841039999912;C:\Users\guoji\Desktop\python3_11_test\suite\runners\LayeredBeam\runs\LB\sim_45346
353;[3.039797808000011, -2.3666479];[-3.039797808000011, 2.3666479];0.0;True;[-3.6997553746803136, 1.0193019231558225, 3.0854693006777865, 2.8601585215248058, -5.0, -4.873822325871566, -5.0, -5.0, -4.8599875418363325, -5.0];186.63650789999883;26.72841039999912;C:\Users\guoji\Desktop\python3_11_test\suite\runners\LayeredBeam\runs\LB\sim_596954
354;[2.773723176000012, -2.499999999999036];[-2.773723176000012, 2.499999999999036];0.0;True;[-3.1301577500356093, -5.0, -4.674168444236618, -3.9901748889556177, -1.5337452555940119, -4.838473504954783, -4.927210614017684, -5.0, -4.965452418538189, -0.7275077838605268];164.91513889999987;26.72841039999912;C:\Users\guoji\Desktop\python3_11_test\suite\runners\LayeredBeam\runs\LB\sim_363470
355;[2.850125184000005, -2.48005484];[-2.850125184000005, 2.48005484];0.0;True;[-5.0, -5.0, -4.967344958936939, 3.190870338576934, -3.5819458978958165, -4.42051798033541, -4.942908397364826, -5.0, -4.758071810814885, -0.769846973867379];163.59927290000087;26.72841039999912;C:\Users\guoji\Desktop\python3_11_test\suite\runners\LayeredBeam\runs\LB\sim_34229
356;[3.006192744000005, -2.4999999999982863];[-3.006192744000005, 2.4999999999982863];0.0;True;[-5.0, -0.8035184388406451, -4.969463068633721, 0.676288763280275, -2.2392847105489118, 4.3116043854062145, -5.0, -5.0, -5.0, -5.0];158.65161499999886;26.925881799999843;C:\Users\guoji\Desktop\python3_11_test\suite\runners\LayeredBeam\runs\LB\sim_876847
357;[2.531522592000013, -2.4654644];[-2.531522592000013, 2.4654644];0.0;True;[-5.0, -5.0, -5.0, -5.0, -5.0, -5.0, -4.9998807966317695, -5.0, -5.0, -5.0];158.5743454000003;26.925881799999843;C:\Users\guoji\Desktop\python3_11_test\suite\runners\LayeredBeam\runs\LB\sim_558492
358;[2.5315623360000066, -2.3264737];[-2.5315623360000066, 2.3264737];0.0;True;[-5.0, -5.0, -5.0, -5.0, -5.0, -5.0, -4.9980244490661665, -5.0, -5.0, -5.0];160.7589322999993;26.925881799999843;C:\Users\guoji\Desktop\python3_11_test\suite\runners\LayeredBeam\runs\LB\sim_920279
359;[2.5318398960000046, -2.47173374];[-2.5318398960000046, 2.47173374];0.0;True;[-5.0, -5.0, -4.9986854529474245, -5.0, -5.0, -5.0, -5.0, -5.0, -4.998945297692867, -4.987540362717398];161.48374580000018;26.925881799999843;C:\Users\guoji\Desktop\python3_11_test\suite\runners\LayeredBeam\runs\LB\sim_107659
360;[2.5322924160000038, -2.4999999999887326];[-2.5322924160000038, 2.4999999999887326];0.0;True;[-5.0, -5.0, -5.0, -5.0, -5.0, -5.0, -4.9984849406774075, -5.0, -4.965752158157361, -5.0];161.8379685;26.925881799999843;C:\Users\guoji\Desktop\python3_11_test\suite\runners\LayeredBeam\runs\LB\sim_67235
361;[2.930048640000002, -2.0587233];[-2.930048640000002, 2.0587233];0.0;True;[1.7382906144075054, -5.0, -5.0, -5.0, -3.883602850645045, 4.01884641027176, -5.0, -3.423132819470022, -5.0, -5.0];158.20990170000005;28.786170800000036;C:\Users\guoji\Desktop\python3_11_test\suite\runners\LayeredBeam\runs\LB\sim_29650
362;[2.960810064000008, -2.4999999999974274];[-2.960810064000008, 2.4999999999974274];0.0;True;[0.9414206369649349, -5.0, -5.0, -5.0, -4.604608484093079, 4.168529257173924, -5.0, -1.170994199341533, -4.4618160026062155, -4.997979766074282];154.15894160000062;28.786170800000036;C:\Users\guoji\Desktop\python3_11_test\suite\runners\LayeredBeam\runs\LB\sim_747269
363;[2.5315811280000045, -1.7815544];[-2.5315811280000045, 1.7815544];0.0;True;[-4.998614938747746, -5.0, -5.0, -5.0, -5.0, -5.0, -4.999975011060884, -5.0, -4.999748836478322, -4.998843044709253];158.2151974999997;28.786170800000036;C:\Users\guoji\Desktop\python3_11_test\suite\runners\LayeredBeam\runs\LB\sim_632872
364;[2.5316560800000136, -2.3551361];[-2.5316560800000136, 2.3551361];0.0;True;[-4.994982148094593, -5.0, -5.0, -5.0, -5.0, -5.0, -4.999957416053113, -5.0, -4.9994245820269825, -4.999328187364655];160.93781639999906;28.786170800000036;C:\Users\guoji\Desktop\python3_11_test\suite\runners\LayeredBeam\runs\LB\sim_651229
365;[2.5323030000000135, -1.8422378];[-2.5323030000000135, 1.8422378];0.0;True;[-5.0, -5.0, -5.0, -5.0, -5.0, -5.0, -4.99950582041007, -5.0, -4.964247706913767, -5.0];160.0222896000014;28.786170800000036;C:\Users\guoji\Desktop\python3_11_test\suite\runners\LayeredBeam\runs\LB\sim_604515
366;[2.893861080000004, -2.499999999998401];[-2.893861080000004, 2.499999999998401];0.0;True;[-5.0, -5.0, -5.0, 2.875234914156392, 0.8324868389486086, -4.661736694458435, -5.0, -3.2003029793379234, -5.0, -4.07059583769478];168.60778539999956;30.0758018000015;C:\Users\guoji\Desktop\python3_11_test\suite\runners\LayeredBeam\runs\LB\sim_423014
367;[2.589994872000012, -2.2888387];[-2.589994872000012, 2.2888387];0.0;True;[-5.0, -5.0, -4.882094064190249, -5.0, -3.6128678356292108, -4.1059657842754484, -4.94249696667703, -5.0, -4.965326193109994, -4.784085941838252];189.1452208999999;30.0758018000015;C:\Users\guoji\Desktop\python3_11_test\suite\runners\LayeredBeam\runs\LB\sim_836926
368;[2.5315811280000045, -1.7815544];[-2.5315811280000045, 1.7815544];0.0;True;[-4.998614938747746, -5.0, -5.0, -5.0, -5.0, -5.0, -4.999975011060884, -5.0, -4.999748836478322, -4.998843044709253];159.20770899999843;30.0758018000015;C:\Users\guoji\Desktop\python3_11_test\suite\runners\LayeredBeam\runs\LB\sim_619492
369;[2.5323030000000135, -1.8422378];[-2.5323030000000135, 1.8422378];0.0;True;[-5.0, -5.0, -5.0, -5.0, -5.0, -5.0, -4.99950582041007, -5.0, -4.964247706913767, -5.0];159.2509757000007;30.0758018000015;C:\Users\guoji\Desktop\python3_11_test\suite\runners\LayeredBeam\runs\LB\sim_351085
370;[2.5316560800000136, -2.3551361];[-2.5316560800000136, 2.3551361];0.0;True;[-4.994982148094593, -5.0, -5.0, -5.0, -5.0, -5.0, -4.999957416053113, -5.0, -4.9994245820269825, -4.999328187364655];159.29143060000024;30.0758018000015;C:\Users\guoji\Desktop\python3_11_test\suite\runners\LayeredBeam\runs\LB\sim_52763
371;[3.1234997520000056, -1.6441084];[-3.1234997520000056, 1.6441084];0.0;True;[-5.0, -5.0, -5.0, 2.7582827979762374, -0.43353541856355005, 5.0, -0.9673656033767504, -3.9509129754537073, -5.0, -5.0];159.11125960000027;27.647948599998927;C:\Users\guoji\Desktop\python3_11_test\suite\runners\LayeredBeam\runs\LB\sim_6212
372;[2.99851956000001, -2.499999999991399];[-2.99851956000001, 2.499999999991399];0.0;True;[3.970678894381951, -5.0, -5.0, -4.02754564558305, -5.0, -0.6595838808674204, -5.0, 2.274719050665931, -5.0, -4.937900335026367];159.36926370000037;27.647948599998927;C:\Users\guoji\Desktop\python3_11_test\suite\runners\LayeredBeam\runs\LB\sim_770492
373;[2.5315811280000045, -1.7815544];[-2.5315811280000045, 1.7815544];0.0;True;[-4.998614938747746, -5.0, -5.0, -5.0, -5.0, -5.0, -4.999975011060884, -5.0, -4.999748836478322, -4.998843044709253];161.48336109999946;27.647948599998927;C:\Users\guoji\Desktop\python3_11_test\suite\runners\LayeredBeam\runs\LB\sim_26828
374;[2.5316560800000136, -2.3551361];[-2.5316560800000136, 2.3551361];0.0;True;[-4.994982148094593, -5.0, -5.0, -5.0, -5.0, -5.0, -4.999957416053113, -5.0, -4.9994245820269825, -4.999328187364655];158.6474276000008;27.647948599998927;C:\Users\guoji\Desktop\python3_11_test\suite\runners\LayeredBeam\runs\LB\sim_120062
375;[2.5323030000000135, -1.8422378];[-2.5323030000000135, 1.8422378];0.0;True;[-5.0, -5.0, -5.0, -5.0, -5.0, -5.0, -4.99950582041007, -5.0, -4.964247706913767, -5.0];158.92688930000077;27.647948599998927;C:\Users\guoji\Desktop\python3_11_test\suite\runners\LayeredBeam\runs\LB\sim_19665
376;[2.9811384720000027, -2.499999999996953];[-2.9811384720000027, 2.499999999996953];0.0;True;[-3.2634814954197813, 5.0, -5.0, -5.0, -4.897659089451918, -4.9265341771638305, -5.0, -5.0, 2.1381632939197495, -3.2348284342702285];173.14259839999977;31.077623300001505;C:\Users\guoji\Desktop\python3_11_test\suite\runners\LayeredBeam\runs\LB\sim_809316
377;[3.5248983840000108, -2.499999999997807];[-3.5248983840000108, 2.499999999997807];0.0;True;[-4.745687866262698, -3.209610929272051, -0.9493342683656492, 3.1985270389534293, -1.4634131218805324, 4.2075469331982145, 1.98633627500009, -4.9462383312231655, 2.596374732539731, -0.6847792529816843];154.3199898999992;31.077623300001505;C:\Users\guoji\Desktop\python3_11_test\suite\runners\LayeredBeam\runs\LB\sim_787215
378;[2.9044668960000046, -1.8362457];[-2.9044668960000046, 1.8362457];0.0;True;[-4.789264794936389, -5.0, -4.893314592414315, -5.0, -1.544635867287107, 4.039686322337243, -4.897778234351043, -5.0, -4.987298687795435, -0.6612985818885999];155.1495734;31.077623300001505;C:\Users\guoji\Desktop\python3_11_test\suite\runners\LayeredBeam\runs\LB\sim_773843
379;[2.5315811280000045, -1.7815544];[-2.5315811280000045, 1.7815544];0.0;True;[-4.998614938747746, -5.0, -5.0, -5.0, -5.0, -5.0, -4.999975011060884, -5.0, -4.999748836478322, -4.998843044709253];164.2622563999994;31.077623300001505;C:\Users\guoji\Desktop\python3_11_test\suite\runners\LayeredBeam\runs\LB\sim_753894
380;[2.5316560800000136, -2.3551361];[-2.5316560800000136, 2.3551361];0.0;True;[-4.994982148094593, -5.0, -5.0, -5.0, -5.0, -5.0, -4.999957416053113, -5.0, -4.9994245820269825, -4.999328187364655];160.48488589999943;31.077623300001505;C:\Users\guoji\Desktop\python3_11_test\suite\runners\LayeredBeam\runs\LB\sim_893768
381;[3.1752105840000127, -0.936893];[-3.1752105840000127, 0.936893];0.0;True;[1.4057445540746807, -5.0, -1.263464938850901, -5.0, -3.3152582425875554, -5.0, 0.7738940449820317, -0.32205539074551837, -2.8405615256162156, 0.36220295837854355];157.17230579999887;29.914634599999772;C:\Users\guoji\Desktop\python3_11_test\suite\runners\LayeredBeam\runs\LB\sim_713687
382;[2.8662564960000028, -2.499999999685534];[-2.8662564960000028, 2.499999999685534];0.0;True;[4.612881326144205, -5.0, -5.0, -5.0, -5.0, -5.0, -4.5339159171050945, 0.41808652791886747, -5.0, -5.0];164.73629190000065;29.914634599999772;C:\Users\guoji\Desktop\python3_11_test\suite\runners\LayeredBeam\runs\LB\sim_824495
383;[2.648485080000013, -1.172194];[-2.648485080000013, 1.172194];0.0;True;[-3.929669864605869, -5.0, -5.0, -5.0, -5.0, -5.0, -5.0, -5.0, -5.0, -0.6552816200472842];161.1805562999998;29.914634599999772;C:\Users\guoji\Desktop\python3_11_test\suite\runners\LayeredBeam\runs\LB\sim_214750
384;[2.938062888000012, -2.1357661];[-2.938062888000012, 2.1357661];0.0;True;[3.864370725317679, -5.0, -4.882094064190249, -5.0, -3.177367146932859, -5.0, -4.933588909627125, -5.0, 2.3883524538865943, -4.438231610706178];161.0374594999994;29.914634599999772;C:\Users\guoji\Desktop\python3_11_test\suite\runners\LayeredBeam\runs\LB\sim_81958
385;[3.1943808000000073, -2.0740454];[-3.1943808000000073, 2.0740454];0.0;True;[4.16364661394436, -3.209610929272051, -4.75223684012538, -4.910329549434879, -3.6106844928601616, -4.988749405612345, 2.011025688513497, 1.5935074380487722, -4.923819875622205, -0.6847792529816843];160.98128460000044;29.914634599999772;C:\Users\guoji\Desktop\python3_11_test\suite\runners\LayeredBeam\runs\LB\sim_969556
386;[2.5315811280000045, -1.7815544];[-2.5315811280000045, 1.7815544];0.0;True;[-4.998614938747746, -5.0, -5.0, -5.0, -5.0, -5.0, -4.999975011060884, -5.0, -4.999748836478322, -4.998843044709253];161.20123530000092;31.7300692000008;C:\Users\guoji\Desktop\python3_11_test\suite\runners\LayeredBeam\runs\LB\sim_225763
387;[2.5316560800000136, -2.3551361];[-2.5316560800000136, 2.3551361];0.0;True;[-4.994982148094593, -5.0, -5.0, -5.0, -5.0, -5.0, -4.999957416053113, -5.0, -4.9994245820269825, -4.999328187364655];159.411017800001;31.7300692000008;C:\Users\guoji\Desktop\python3_11_test\suite\runners\LayeredBeam\runs\LB\sim_829168
388;[2.5336314000000137, 0.20496399999999992];[-2.5336314000000137, -0.20496399999999992];0.0;True;[-5.0, -5.0, -5.0, -5.0, -5.0, -5.0, -4.9022457787326434, -5.0, -5.0, -5.0];159.64166079999995;31.7300692000008;C:\Users\guoji\Desktop\python3_11_test\suite\runners\LayeredBeam\runs\LB\sim_96704
389;[2.532387240000003, -2.4999999999617772];[-2.532387240000003, 2.4999999999617772];0.0;True;[-4.996278847116693, -5.0, -5.0, -5.0, -5.0, -5.0, -4.99782228041769, -5.0, -4.965752158157361, -5.0];160.87537300000076;31.7300692000008;C:\Users\guoji\Desktop\python3_11_test\suite\runners\LayeredBeam\runs\LB\sim_111911
390;[2.5323248160000063, -2.48909006];[-2.5323248160000063, 2.48909006];0.0;True;[-5.0, -5.0, -4.996178346610866, -5.0, -5.0, -5.0, -5.0, -5.0, -4.966572440719595, -5.0];159.72910240000056;31.7300692000008;C:\Users\guoji\Desktop\python3_11_test\suite\runners\LayeredBeam\runs\LB\sim_58351
391;[2.7795653280000137, -2.4996441649];[-2.7795653280000137, 2.4996441649];0.0;True;[0.014383081273497744, -5.0, -5.0, -5.0, -1.2933110495980387, -5.0, -5.0, -5.0, -5.0, -2.2375067928069963];161.40095509999992;31.285076300000583;C:\Users\guoji\Desktop\python3_11_test\suite\runners\LayeredBeam\runs\LB\sim_808055
392;[2.661360192000001, -2.49999999999932];[-2.661360192000001, 2.49999999999932];0.0;True;[-2.0208221912520825, -5.0, -5.0, -5.0, -2.64706071359407, -5.0, -5.0, -5.0, -5.0, -4.321011364151681];186.26868240000113;31.285076300000583;C:\Users\guoji\Desktop\python3_11_test\suite\runners\LayeredBeam\runs\LB\sim_528477
393;[3.017946384000006, -2.499999999960336];[-3.017946384000006, 2.499999999960336];0.0;True;[2.958518341217876, -4.000446188256587, -5.0, -5.0, 1.8422229999170279, -3.4686961290730935, -5.0, -3.678751160686064, -4.300032550404614, -1.8330697162622096];160.30922520000058;31.285076300000583;C:\Users\guoji\Desktop\python3_11_test\suite\runners\LayeredBeam\runs\LB\sim_778351
394;[2.5315811280000045, -1.7815544];[-2.5315811280000045, 1.7815544];0.0;True;[-4.998614938747746, -5.0, -5.0, -5.0, -5.0, -5.0, -4.999975011060884, -5.0, -4.999748836478322, -4.998843044709253];161.04986949999875;31.285076300000583;C:\Users\guoji\Desktop\python3_11_test\suite\runners\LayeredBeam\runs\LB\sim_111558
395;[2.5316560800000136, -2.3551361];[-2.5316560800000136, 2.3551361];0.0;True;[-4.994982148094593, -5.0, -5.0, -5.0, -5.0, -5.0, -4.999957416053113, -5.0, -4.9994245820269825, -4.999328187364655];161.30980589999854;31.285076300000583;C:\Users\guoji\Desktop\python3_11_test\suite\runners\LayeredBeam\runs\LB\sim_947108
396;[2.8844760960000104, -0.42315099999999983];[-2.8844760960000104, 0.42315099999999983];0.0;True;[0.34382893003455806, -5.0, -5.0, -5.0, -5.0, 0.6576776607084547, -4.914639890961757, 0.2537097144637688, -5.0, -5.0];155.846904;38.56120910000027;C:\Users\guoji\Desktop\python3_11_test\suite\runners\LayeredBeam\runs\LB\sim_198317
397;[2.5315811280000045, -1.7815544];[-2.5315811280000045, 1.7815544];0.0;True;[-4.998614938747746, -5.0, -5.0, -5.0, -5.0, -5.0, -4.999975011060884, -5.0, -4.999748836478322, -4.998843044709253];160.86442369999895;38.56120910000027;C:\Users\guoji\Desktop\python3_11_test\suite\runners\LayeredBeam\runs\LB\sim_228704
398;[2.5316560800000136, -2.3551361];[-2.5316560800000136, 2.3551361];0.0;True;[-4.994982148094593, -5.0, -5.0, -5.0, -5.0, -5.0, -4.999957416053113, -5.0, -4.9994245820269825, -4.999328187364655];159.26451219999944;38.56120910000027;C:\Users\guoji\Desktop\python3_11_test\suite\runners\LayeredBeam\runs\LB\sim_940878
399;[2.5333227360000015, -2.3740498];[-2.5333227360000015, 2.3740498];0.0;True;[-4.994052064877092, -5.0, -5.0, -4.925011398235924, -5.0, -5.0, -4.999467351141641, -4.998009364106633, -5.0, -5.0];160.40234360000068;38.56120910000027;C:\Users\guoji\Desktop\python3_11_test\suite\runners\LayeredBeam\runs\LB\sim_977386
400;[2.5323030000000135, -1.8422378];[-2.5323030000000135, 1.8422378];0.0;True;[-5.0, -5.0, -5.0, -5.0, -5.0, -5.0, -4.99950582041007, -5.0, -4.964247706913767, -5.0];161.00705959999868;38.56120910000027;C:\Users\guoji\Desktop\python3_11_test\suite\runners\LayeredBeam\runs\LB\sim_343158
401;[2.992670928000013, -2.499999999970022];[-2.992670928000013, 2.499999999970022];0.0;True;[-3.875581016960874, -5.0, -5.0, -5.0, -1.9755290179333382, 5.0, -5.0, 2.2007009489876515, -5.0, -5.0];156.84502199999952;33.553993499999706;C:\Users\guoji\Desktop\python3_11_test\suite\runners\LayeredBeam\runs\LB\sim_322335
402;[3.0654903600000063, -2.4999999999991642];[-3.0654903600000063, 2.4999999999991642];0.0;True;[4.155696652299202, -5.0, -4.882094064190249, -4.670124605995477, -3.6128678356292108, 4.404456423280502, -4.942908397364826, -4.959230591370626, -4.992555702545376, -0.7795220410527195];154.4391383000002;33.553993499999706;C:\Users\guoji\Desktop\python3_11_test\suite\runners\LayeredBeam\runs\LB\sim_893098
403;[3.2276378880000123, -1.8866729];[-3.2276378880000123, 1.8866729];0.0;True;[4.012780709755857, -5.0, -4.951487929641153, 3.177712068332557, -5.0, 4.651239016211104, -4.942489168441795, -4.383890713044554, -4.585837728343231, -0.7503644558438367];156.70655420000003;33.553993499999706;C:\Users\guoji\Desktop\python3_11_test\suite\runners\LayeredBeam\runs\LB\sim_147342
404;[3.207696120000006, -2.499999999978017];[-3.207696120000006, 2.499999999978017];0.0;True;[4.161996718996093, -5.0, -5.0, 3.031583158446489, -4.938842236118405, 4.164191565269885, -4.942489168441795, -4.6697856062405085, -4.93265419264125, -0.5695545830541553];161.1596929999996;33.553993499999706;C:\Users\guoji\Desktop\python3_11_test\suite\runners\LayeredBeam\runs\LB\sim_161037
405;[2.5315811280000045, -1.7815544];[-2.5315811280000045, 1.7815544];0.0;True;[-4.998614938747746, -5.0, -5.0, -5.0, -5.0, -5.0, -4.999975011060884, -5.0, -4.999748836478322, -4.998843044709253];159.2087350999991;33.553993499999706;C:\Users\guoji\Desktop\python3_11_test\suite\runners\LayeredBeam\runs\LB\sim_141609
406;[3.0654845280000123, -2.4999999999979132];[-3.0654845280000123, 2.4999999999979132];0.0;True;[-2.9946914981868575, -5.0, -5.0, -5.0, -5.0, -1.0447070959862859, -5.0, -0.9571560846757183, 0.9425267511400337, 3.7746119697455143];153.3069943999999;34.70703239999966;C:\Users\guoji\Desktop\python3_11_test\suite\runners\LayeredBeam\runs\LB\sim_871370
407;[2.7845931600000013, -2.41456213];[-2.7845931600000013, 2.41456213];0.0;True;[1.3714325908486948, -5.0, -5.0, -1.975897334150127, -2.894205458324109, -5.0, -5.0, -4.784982711769926, -5.0, -5.0];169.8732377999986;34.70703239999966;C:\Users\guoji\Desktop\python3_11_test\suite\runners\LayeredBeam\runs\LB\sim_142803
408;[3.1769338320000036, -2.499999999999585];[-3.1769338320000036, 2.499999999999585];0.0;True;[2.6673699789203544, -5.0, -4.035216833317864, -5.0, 0.8928221352118175, -2.149041601583874, -0.7971442456747866, -0.02913632954478551, -5.0, -1.6693749236188902];153.59056469999996;34.70703239999966;C:\Users\guoji\Desktop\python3_11_test\suite\runners\LayeredBeam\runs\LB\sim_331736
409;[3.3366841920000057, -2.499999999999172];[-3.3366841920000057, 2.499999999999172];0.0;True;[1.256879228400745, -5.0, 0.8630203847897757, -5.0, 0.4008307639676092, -1.8108599714192035, 2.213546657110218, -0.11462697322700954, -5.0, -0.5327027756241467];152.12224509999942;34.70703239999966;C:\Users\guoji\Desktop\python3_11_test\suite\runners\LayeredBeam\runs\LB\sim_174091
410;[3.117018888000006, -2.0300907];[-3.117018888000006, 2.0300907];0.0;True;[-1.793351428153641, -5.0, -5.0, -4.314383801852601, -3.9140013653059045, -1.5289054002347688, -5.0, -1.5657060330588641, 3.1044753542695975, 2.1183279702839037];151.99403419999908;34.70703239999966;C:\Users\guoji\Desktop\python3_11_test\suite\runners\LayeredBeam\runs\LB\sim_593890
411;[2.537249832000002, -2.499999999995624];[-2.537249832000002, 2.499999999995624];0.0;True;[-5.0, -4.999006001278897, -5.0, -5.0, -5.0, -4.773726951992727, -4.996948456449187, -5.0, -4.965055206363527, -5.0];158.61005209999894;36.32617349999964;C:\Users\guoji\Desktop\python3_11_test\suite\runners\LayeredBeam\runs\LB\sim_265576
412;[2.5315811280000045, -1.7815544];[-2.5315811280000045, 1.7815544];0.0;True;[-4.998614938747746, -5.0, -5.0, -5.0, -5.0, -5.0, -4.999975011060884, -5.0, -4.999748836478322, -4.998843044709253];158.30453769999986;36.32617349999964;C:\Users\guoji\Desktop\python3_11_test\suite\runners\LayeredBeam\runs\LB\sim_225215
413;[2.5316560800000136, -2.3551361];[-2.5316560800000136, 2.3551361];0.0;True;[-4.994982148094593, -5.0, -5.0, -5.0, -5.0, -5.0, -4.999957416053113, -5.0, -4.9994245820269825, -4.999328187364655];160.05315840000003;36.32617349999964;C:\Users\guoji\Desktop\python3_11_test\suite\runners\LayeredBeam\runs\LB\sim_85221
414;[2.5323030000000135, -1.8422378];[-2.5323030000000135, 1.8422378];0.0;True;[-5.0, -5.0, -5.0, -5.0, -5.0, -5.0, -4.99950582041007, -5.0, -4.964247706913767, -5.0];160.04042970000046;36.32617349999964;C:\Users\guoji\Desktop\python3_11_test\suite\runners\LayeredBeam\runs\LB\sim_334403
415;[2.532387240000003, -2.4999999999617772];[-2.532387240000003, 2.4999999999617772];0.0;True;[-4.996278847116693, -5.0, -5.0, -5.0, -5.0, -5.0, -4.99782228041769, -5.0, -4.965752158157361, -5.0];159.91945309999937;36.32617349999964;C:\Users\guoji\Desktop\python3_11_test\suite\runners\LayeredBeam\runs\LB\sim_124497
416;[2.987091864000008, -2.0453158];[-2.987091864000008, 2.0453158];0.0;True;[-1.902950639730074, -5.0, -5.0, -5.0, -5.0, 0.4093018717566457, 5.0, -3.309597573628725, -5.0, -4.105451199388443];151.62696140000116;36.33595559999958;C:\Users\guoji\Desktop\python3_11_test\suite\runners\LayeredBeam\runs\LB\sim_140986
417;[3.493481832000003, -2.497286556];[-3.493481832000003, 2.497286556];0.0;True;[2.860369791651822, -5.0, -3.3428672050096764, 0.8824157956011183, 0.6365994836145914, -3.1723767221741426, 2.5814818132104635, -0.6305115447534657, 1.9826094095358293, -2.2624203985415114];151.33037810000133;36.33595559999958;C:\Users\guoji\Desktop\python3_11_test\suite\runners\LayeredBeam\runs\LB\sim_311300
418;[2.531541816000002, -1.5768422];[-2.531541816000002, 1.5768422];0.0;True;[-5.0, -4.998995923648108, -5.0, -5.0, -5.0, -5.0, -5.0, -5.0, -5.0, -5.0];160.24808119999943;36.33595559999958;C:\Users\guoji\Desktop\python3_11_test\suite\runners\LayeredBeam\runs\LB\sim_700462
419;[2.532295656000008, -0.4632200000000002];[-2.532295656000008, 0.4632200000000002];0.0;True;[-5.0, -5.0, -5.0, -5.0, -5.0, -5.0, -4.998263396770702, -5.0, -4.965815393788105, -5.0];159.0930870000011;36.33595559999958;C:\Users\guoji\Desktop\python3_11_test\suite\runners\LayeredBeam\runs\LB\sim_380476
420;[2.532301488000002, -2.4999999999904836];[-2.532301488000002, 2.4999999999904836];0.0;True;[-5.0, -5.0, -5.0, -5.0, -5.0, -5.0, -4.9984849406774075, -5.0, -4.9653399094691935, -5.0];171.10746950000066;36.33595559999958;C:\Users\guoji\Desktop\python3_11_test\suite\runners\LayeredBeam\runs\LB\sim_431705
421;[2.532316824000014, -2.498887579];[-2.532316824000014, 2.498887579];0.0;True;[-4.998455374732589, -5.0, -5.0, -5.0, -5.0, -5.0, -4.9998875091744415, -5.0, -4.964781553566271, -4.99998708394991];158.90959929999917;38.42905980000069;C:\Users\guoji\Desktop\python3_11_test\suite\runners\LayeredBeam\runs\LB\sim_254223
422;[2.5324749360000065, -1.438777];[-2.5324749360000065, 1.438777];0.0;True;[-5.0, -5.0, -5.0, -4.99658359125142, -5.0, -5.0, -4.9984849406774075, -4.995893130421578, -4.964821060517919, -5.0];163.79283310000028;38.42905980000069;C:\Users\guoji\Desktop\python3_11_test\suite\runners\LayeredBeam\runs\LB\sim_952626
423;[2.5325842320000067, -2.492000363];[-2.5325842320000067, 2.492000363];0.0;True;[-5.0, -5.0, -5.0, -4.986397086430897, -5.0, -5.0, -4.998862185418831, -5.0, -4.965450721346032, -5.0];159.39291389999926;38.42905980000069;C:\Users\guoji\Desktop\python3_11_test\suite\runners\LayeredBeam\runs\LB\sim_433821
424;[2.5325954640000035, -2.0325498];[-2.5325954640000035, 2.0325498];0.0;True;[-5.0, -4.999003797882242, -4.990347468558492, -5.0, -5.0, -4.998848520243918, -4.996948456449187, -5.0, -4.965055206363527, -5.0];163.94876529999965;38.42905980000069;C:\Users\guoji\Desktop\python3_11_test\suite\runners\LayeredBeam\runs\LB\sim_789970
425;[2.532558528000009, -2.499999999978551];[-2.532558528000009, 2.499999999978551];0.0;True;[-5.0, -4.999080414810855, -5.0, -5.0, -5.0, -4.990843567301011, -4.996948456449187, -5.0, -4.965049994592097, -5.0];165.65490200000022;38.42905980000069;C:\Users\guoji\Desktop\python3_11_test\suite\runners\LayeredBeam\runs\LB\sim_116056
426;[3.2850312480000032, -2.4999999999946905];[-3.2850312480000032, 2.4999999999946905];0.0;True;[-3.32726894043586, -0.7256265076607598, -5.0, 1.0028779982948564, 1.4571057434076184, -1.070130135253847, -1.9996433249007959, -4.191741008459431, -5.0, 3.7392177415310464];161.04155560000072;36.680028999999195;C:\Users\guoji\Desktop\python3_11_test\suite\runners\LayeredBeam\runs\LB\sim_600919
427;[2.5647081840000086, -0.764375];[-2.5647081840000086, 0.764375];0.0;True;[-4.816896047463239, -5.0, -5.0, -4.9999522429021885, -5.0, -3.852206748812529, -4.942475742294082, -5.0, -4.955923359324072, -4.896054488137648];157.72978169999988;36.680028999999195;C:\Users\guoji\Desktop\python3_11_test\suite\runners\LayeredBeam\runs\LB\sim_432994
428;[2.5610273280000095, -2.48123896];[-2.5610273280000095, 2.48123896];0.0;True;[-4.816896047463239, -5.0, -5.0, -5.0, -5.0, -4.015196481742816, -4.942475742294082, -5.0, -4.965357616873362, -4.893989176468763];161.16536389999965;36.680028999999195;C:\Users\guoji\Desktop\python3_11_test\suite\runners\LayeredBeam\runs\LB\sim_718065
429;[2.5364560320000065, -2.4889107];[-2.5364560320000065, 2.4889107];0.0;True;[-5.0, -4.999990904630086, -5.0, -5.0, -5.0, -4.771479862333756, -5.0, -5.0, -5.0, -5.0];158.81884910000008;36.680028999999195;C:\Users\guoji\Desktop\python3_11_test\suite\runners\LayeredBeam\runs\LB\sim_365508
430;[2.5372679760000127, -2.4999999998894267];[-2.5372679760000127, 2.4999999998894267];0.0;True;[-5.0, -4.999006001278897, -5.0, -5.0, -5.0, -4.771462246242508, -4.9979798591989075, -5.0, -4.9654525703182175, -5.0];158.89786559999993;36.680028999999195;C:\Users\guoji\Desktop\python3_11_test\suite\runners\LayeredBeam\runs\LB\sim_804601
431;[3.676097736, -2.499999999999621];[-3.676097736, 2.499999999999621];0.0;True;[4.412161553934993, -4.991882614206655, -0.9493342683656492, 3.1985270389534293, -1.501659017731881, 4.197934758912986, 1.9769575047255907, -4.861501971204293, 2.1932498773893547, -0.6847792529816843];154.0786549000004;36.407617600001686;C:\Users\guoji\Desktop\python3_11_test\suite\runners\LayeredBeam\runs\LB\sim_9928
432;[3.635005896000007, -2.499999999993534];[-3.635005896000007, 2.499999999993534];0.0;True;[4.101022739363092, -3.1774949805932167, -4.9267622869425916, 3.1985270389534293, -1.4615433996342624, 4.197934758912986, 2.0533404437434495, -4.997399835185185, 2.596374732539731, -0.4966905591059607];151.94439050000074;36.407617600001686;C:\Users\guoji\Desktop\python3_11_test\suite\runners\LayeredBeam\runs\LB\sim_365439
433;[3.6676659600000105, -2.4999999999995772];[-3.6676659600000105, 2.4999999999995772];0.0;True;[4.170416667448263, -3.1695052756181163, -0.9493342683656492, 3.062817605939337, -3.5954688031779405, 4.197934758912986, 2.047205117325608, -4.990794973595272, 2.5892559538732467, -0.7631693710771179];154.38898730000074;36.407617600001686;C:\Users\guoji\Desktop\python3_11_test\suite\runners\LayeredBeam\runs\LB\sim_400860
434;[3.5599003200000032, -2.4999999999962093];[-3.5599003200000032, 2.4999999999962093];0.0;True;[4.170416667448263, -3.209610929272051, -0.9493342683656492, 3.1985270389534293, -1.5469612450996206, 4.235143179030253, 1.98633627500009, -4.80865319146551, -4.782197814067525, -0.6834830556358504];156.75071540000135;36.407617600001686;C:\Users\guoji\Desktop\python3_11_test\suite\runners\LayeredBeam\runs\LB\sim_765495
435;[3.605430744000007, -2.4999999999987046];[-3.605430744000007, 2.4999999999987046];0.0;True;[4.170416667448263, -4.969432034611974, -0.9493342683656492, 3.5631606329695416, -1.5901417483936804, 4.197934758912986, 1.98633627500009, -4.984146024470905, 2.6543121552159104, -4.361004455278212];156.776592299997;36.407617600001686;C:\Users\guoji\Desktop\python3_11_test\suite\runners\LayeredBeam\runs\LB\sim_693494
436;[3.2213000160000034, -2.4999999999984737];[-3.2213000160000034, 2.4999999999984737];0.0;True;[-2.104901200300824, 1.9652734780465773, -5.0, -5.0, -3.0362888616986856, 0.12580326707499978, -5.0, -5.0, 2.113769766377448, 2.8706027479797758];158.68440850000115;45.94432909999887;C:\Users\guoji\Desktop\python3_11_test\suite\runners\LayeredBeam\runs\LB\sim_397849
437;[2.5327784160000117, -1.6067174];[-2.5327784160000117, 1.6067174];0.0;True;[-5.0, -5.0, -5.0, -5.0, -5.0, -5.0, -4.941735539935876, -5.0, -5.0, -5.0];161.07918350000182;45.94432909999887;C:\Users\guoji\Desktop\python3_11_test\suite\runners\LayeredBeam\runs\LB\sim_451679
438;[2.532316824000014, -2.498887579];[-2.532316824000014, 2.498887579];0.0;True;[-4.998455374732589, -5.0, -5.0, -5.0, -5.0, -5.0, -4.9998875091744415, -5.0, -4.964781553566271, -4.99998708394991];160.66814560000057;45.94432909999887;C:\Users\guoji\Desktop\python3_11_test\suite\runners\LayeredBeam\runs\LB\sim_106331
439;[2.532558528000009, -2.499999999978551];[-2.532558528000009, 2.499999999978551];0.0;True;[-5.0, -4.999080414810855, -5.0, -5.0, -5.0, -4.990843567301011, -4.996948456449187, -5.0, -4.965049994592097, -5.0];161.10548030000064;45.94432909999887;C:\Users\guoji\Desktop\python3_11_test\suite\runners\LayeredBeam\runs\LB\sim_107533
440;[2.5324749360000065, -1.438777];[-2.5324749360000065, 1.438777];0.0;True;[-5.0, -5.0, -5.0, -4.99658359125142, -5.0, -5.0, -4.9984849406774075, -4.995893130421578, -4.964821060517919, -5.0];161.28716670000358;45.94432909999887;C:\Users\guoji\Desktop\python3_11_test\suite\runners\LayeredBeam\runs\LB\sim_585136
441;[3.388105152000012, -2.4999999999572315];[-3.388105152000012, 2.4999999999572315];0.0;True;[1.1601097907593925, -5.0, -5.0, 1.7065037327953725, -1.899218519798151, -3.087401573656257, -5.0, -1.4871076372106802, 5.0, 3.2638205885860057];156.07299050000074;41.415731799999776;C:\Users\guoji\Desktop\python3_11_test\suite\runners\LayeredBeam\runs\LB\sim_354263
442;[3.248395920000008, -2.4999999999996287];[-3.248395920000008, 2.4999999999996287];0.0;True;[-2.9171779218246114, -5.0, -5.0, -4.819925502571153, -1.6215664313013978, -2.97673606004175, 1.9556764339056523, -4.53580713499079, 5.0, 3.104224320566388];156.67006149999725;41.415731799999776;C:\Users\guoji\Desktop\python3_11_test\suite\runners\LayeredBeam\runs\LB\sim_344123
443;[2.5327784160000117, -1.6067174];[-2.5327784160000117, 1.6067174];0.0;True;[-5.0, -5.0, -5.0, -5.0, -5.0, -5.0, -4.941735539935876, -5.0, -5.0, -5.0];164.82761210000172;41.415731799999776;C:\Users\guoji\Desktop\python3_11_test\suite\runners\LayeredBeam\runs\LB\sim_948592
444;[2.5337480400000056, -2.493906891];[-2.5337480400000056, 2.493906891];0.0;True;[-5.0, -4.9990765276126785, -5.0, -5.0, -5.0, -5.0, -4.897778234351043, -5.0, -5.0, -5.0];166.01811200000157;41.415731799999776;C:\Users\guoji\Desktop\python3_11_test\suite\runners\LayeredBeam\runs\LB\sim_511358
445;[2.532316824000014, -2.498887579];[-2.532316824000014, 2.498887579];0.0;True;[-4.998455374732589, -5.0, -5.0, -5.0, -5.0, -5.0, -4.9998875091744415, -5.0, -4.964781553566271, -4.99998708394991];167.42122120000204;41.415731799999776;C:\Users\guoji\Desktop\python3_11_test\suite\runners\LayeredBeam\runs\LB\sim_802898
446;[2.532316824000014, -2.498887579];[-2.532316824000014, 2.498887579];0.0;True;[-4.998455374732589, -5.0, -5.0, -5.0, -5.0, -5.0, -4.9998875091744415, -5.0, -4.964781553566271, -4.99998708394991];161.46036210000238;42.13035760000275;C:\Users\guoji\Desktop\python3_11_test\suite\runners\LayeredBeam\runs\LB\sim_869081
447;[2.5324749360000065, -1.438777];[-2.5324749360000065, 1.438777];0.0;True;[-5.0, -5.0, -5.0, -4.99658359125142, -5.0, -5.0, -4.9984849406774075, -4.995893130421578, -4.964821060517919, -5.0];163.92362420000063;42.13035760000275;C:\Users\guoji\Desktop\python3_11_test\suite\runners\LayeredBeam\runs\LB\sim_980916
448;[2.5325842320000067, -2.492000363];[-2.5325842320000067, 2.492000363];0.0;True;[-5.0, -5.0, -5.0, -4.986397086430897, -5.0, -5.0, -4.998862185418831, -5.0, -4.965450721346032, -5.0];161.6899286000007;42.13035760000275;C:\Users\guoji\Desktop\python3_11_test\suite\runners\LayeredBeam\runs\LB\sim_250013
449;[2.5325954640000035, -2.0325498];[-2.5325954640000035, 2.0325498];0.0;True;[-5.0, -4.999003797882242, -4.990347468558492, -5.0, -5.0, -4.998848520243918, -4.996948456449187, -5.0, -4.965055206363527, -5.0];163.84583980000025;42.13035760000275;C:\Users\guoji\Desktop\python3_11_test\suite\runners\LayeredBeam\runs\LB\sim_609033
450;[2.532558528000009, -2.499999999978551];[-2.532558528000009, 2.499999999978551];0.0;True;[-5.0, -4.999080414810855, -5.0, -5.0, -5.0, -4.990843567301011, -4.996948456449187, -5.0, -4.965049994592097, -5.0];160.99282310000126;42.13035760000275;C:\Users\guoji\Desktop\python3_11_test\suite\runners\LayeredBeam\runs\LB\sim_515585
451;[3.263082624000005, -2.4999999999954716];[-3.263082624000005, 2.4999999999954716];0.0;True;[5.0, -5.0, -5.0, -5.0, 2.5302581432263818, -2.1765294148316086, -5.0, 1.1418318253424555, -1.5329862666244152, -1.0939224379528998];153.70485410000038;39.40717669999867;C:\Users\guoji\Desktop\python3_11_test\suite\runners\LayeredBeam\runs\LB\sim_628909
452;[2.5327784160000117, -1.6067174];[-2.5327784160000117, 1.6067174];0.0;True;[-5.0, -5.0, -5.0, -5.0, -5.0, -5.0, -4.941735539935876, -5.0, -5.0, -5.0];157.37142459999814;39.40717669999867;C:\Users\guoji\Desktop\python3_11_test\suite\runners\LayeredBeam\runs\LB\sim_706545
453;[2.532316824000014, -2.498887579];[-2.532316824000014, 2.498887579];0.0;True;[-4.998455374732589, -5.0, -5.0, -5.0, -5.0, -5.0, -4.9998875091744415, -5.0, -4.964781553566271, -4.99998708394991];156.3569712000026;39.40717669999867;C:\Users\guoji\Desktop\python3_11_test\suite\runners\LayeredBeam\runs\LB\sim_303464
454;[2.5337480400000056, -2.493906891];[-2.5337480400000056, 2.493906891];0.0;True;[-5.0, -4.9990765276126785, -5.0, -5.0, -5.0, -5.0, -4.897778234351043, -5.0, -5.0, -5.0];158.4986175999984;39.40717669999867;C:\Users\guoji\Desktop\python3_11_test\suite\runners\LayeredBeam\runs\LB\sim_775439
455;[2.532558528000009, -2.499999999978551];[-2.532558528000009, 2.499999999978551];0.0;True;[-5.0, -4.999080414810855, -5.0, -5.0, -5.0, -4.990843567301011, -4.996948456449187, -5.0, -4.965049994592097, -5.0];161.8687487999996;39.40717669999867;C:\Users\guoji\Desktop\python3_11_test\suite\runners\LayeredBeam\runs\LB\sim_473102
456;[3.295154952000001, -2.2422323];[-3.295154952000001, 2.2422323];0.0;True;[5.0, -5.0, -5.0, 5.0, -5.0, -5.0, -5.0, 0.6695253201132267, 4.683940565897091, -5.0];166.90395839999837;48.124692499997764;C:\Users\guoji\Desktop\python3_11_test\suite\runners\LayeredBeam\runs\LB\sim_516449
457;[2.532316824000014, -2.498887579];[-2.532316824000014, 2.498887579];0.0;True;[-4.998455374732589, -5.0, -5.0, -5.0, -5.0, -5.0, -4.9998875091744415, -5.0, -4.964781553566271, -4.99998708394991];159.49138650000168;48.124692499997764;C:\Users\guoji\Desktop\python3_11_test\suite\runners\LayeredBeam\runs\LB\sim_291287
458;[2.5324749360000065, -1.438777];[-2.5324749360000065, 1.438777];0.0;True;[-5.0, -5.0, -5.0, -4.99658359125142, -5.0, -5.0, -4.9984849406774075, -4.995893130421578, -4.964821060517919, -5.0];164.32174710000254;48.124692499997764;C:\Users\guoji\Desktop\python3_11_test\suite\runners\LayeredBeam\runs\LB\sim_948525
459;[2.532558528000009, -2.499999999978551];[-2.532558528000009, 2.499999999978551];0.0;True;[-5.0, -4.999080414810855, -5.0, -5.0, -5.0, -4.990843567301011, -4.996948456449187, -5.0, -4.965049994592097, -5.0];164.51265860000058;48.124692499997764;C:\Users\guoji\Desktop\python3_11_test\suite\runners\LayeredBeam\runs\LB\sim_84765
460;[2.5325842320000067, -2.492000363];[-2.5325842320000067, 2.492000363];0.0;True;[-5.0, -5.0, -5.0, -4.986397086430897, -5.0, -5.0, -4.998862185418831, -5.0, -4.965450721346032, -5.0];162.08837029999995;48.124692499997764;C:\Users\guoji\Desktop\python3_11_test\suite\runners\LayeredBeam\runs\LB\sim_46711
461;[3.467659464000003, -1.026923];[-3.467659464000003, 1.026923];0.0;True;[-1.7588633411820682, 5.0, -1.1985903880130584, -5.0, -4.072278579552657, -0.4815767105797404, -0.20660159792355515, -2.523791196622221, -0.1460002475939195, 3.7274885995767875];155.92324889999873;44.875193600000784;C:\Users\guoji\Desktop\python3_11_test\suite\runners\LayeredBeam\runs\LB\sim_685121
462;[2.532316824000014, -2.498887579];[-2.532316824000014, 2.498887579];0.0;True;[-4.998455374732589, -5.0, -5.0, -5.0, -5.0, -5.0, -4.9998875091744415, -5.0, -4.964781553566271, -4.99998708394991];157.63403130000006;44.875193600000784;C:\Users\guoji\Desktop\python3_11_test\suite\runners\LayeredBeam\runs\LB\sim_962771
463;[2.5324749360000065, -1.438777];[-2.5324749360000065, 1.438777];0.0;True;[-5.0, -5.0, -5.0, -4.99658359125142, -5.0, -5.0, -4.9984849406774075, -4.995893130421578, -4.964821060517919, -5.0];162.9507995999993;44.875193600000784;C:\Users\guoji\Desktop\python3_11_test\suite\runners\LayeredBeam\runs\LB\sim_21687
464;[2.532558528000009, -2.499999999978551];[-2.532558528000009, 2.499999999978551];0.0;True;[-5.0, -4.999080414810855, -5.0, -5.0, -5.0, -4.990843567301011, -4.996948456449187, -5.0, -4.965049994592097, -5.0];161.97214610000083;44.875193600000784;C:\Users\guoji\Desktop\python3_11_test\suite\runners\LayeredBeam\runs\LB\sim_646587
465;[2.5325954640000035, -2.0325498];[-2.5325954640000035, 2.0325498];0.0;True;[-5.0, -4.999003797882242, -4.990347468558492, -5.0, -5.0, -4.998848520243918, -4.996948456449187, -5.0, -4.965055206363527, -5.0];159.42014130000098;44.875193600000784;C:\Users\guoji\Desktop\python3_11_test\suite\runners\LayeredBeam\runs\LB\sim_899068
466;[3.1225372560000073, -2.4999999999985505];[-3.1225372560000073, 2.4999999999985505];0.0;True;[0.7389272360281947, -5.0, -5.0, -5.0, 2.3222505702730025, -3.6611895931767164, -5.0, 1.7558109315144534, -5.0, 1.206119831363023];163.21583090000058;43.26889289999963;C:\Users\guoji\Desktop\python3_11_test\suite\runners\LayeredBeam\runs\LB\sim_894930
467;[3.4261546320000087, -2.4999999999994276];[-3.4261546320000087, 2.4999999999994276];0.0;True;[1.4460828254925762, -5.0, 2.5304542826906387, -3.649456155582981, 2.276368843204912, -3.6119391650798507, -2.1623917920481754, 1.8652710042800411, -2.5595645093733346, 0.2834385514473947];156.24153970000043;43.26889289999963;C:\Users\guoji\Desktop\python3_11_test\suite\runners\LayeredBeam\runs\LB\sim_865706
468;[3.1067491680000088, -2.2152351];[-3.1067491680000088, 2.2152351];0.0;True;[-1.2854373619479253, -5.0, -5.0, -5.0, -1.8784679664826696, -5.0, 0.35110488388355776, -5.0, 4.919038657807546, -0.47524932830092315];162.2382957000009;43.26889289999963;C:\Users\guoji\Desktop\python3_11_test\suite\runners\LayeredBeam\runs\LB\sim_671965
469;[2.754539784000004, -1.9375394];[-2.754539784000004, 1.9375394];0.0;True;[-4.816364488205087, -5.0, -4.882094064190249, -4.856024273725977, -3.389416306247157, -4.809247652843696, -4.942908397364826, -5.0, 2.519711535594473, -4.498654988396936];163.50662130000273;43.26889289999963;C:\Users\guoji\Desktop\python3_11_test\suite\runners\LayeredBeam\runs\LB\sim_132052
470;[2.532316824000014, -2.498887579];[-2.532316824000014, 2.498887579];0.0;True;[-4.998455374732589, -5.0, -5.0, -5.0, -5.0, -5.0, -4.9998875091744415, -5.0, -4.964781553566271, -4.99998708394991];161.81926579999708;43.26889289999963;C:\Users\guoji\Desktop\python3_11_test\suite\runners\LayeredBeam\runs\LB\sim_425183
471;[2.804150880000009, -2.499999999989386];[-2.804150880000009, 2.499999999989386];0.0;True;[-5.0, -5.0, -5.0, -4.959025881479944, 0.3190565671684995, -4.9422668960142895, -5.0, -0.7213564796693355, -5.0, -2.0746001427404774];161.5963023000004;43.22087819999797;C:\Users\guoji\Desktop\python3_11_test\suite\runners\LayeredBeam\runs\LB\sim_623443
472;[3.033389952000004, -2.4999999999950777];[-3.033389952000004, 2.4999999999950777];0.0;True;[-5.0, 3.0571858399348333, -5.0, -5.0, -0.09241593846588536, -3.1725747110150433, -5.0, -0.45272648522455405, -5.0, -1.1047767015361138];166.06231409999964;43.22087819999797;C:\Users\guoji\Desktop\python3_11_test\suite\runners\LayeredBeam\runs\LB\sim_568933
473;[2.532316824000014, -2.498887579];[-2.532316824000014, 2.498887579];0.0;True;[-4.998455374732589, -5.0, -5.0, -5.0, -5.0, -5.0, -4.9998875091744415, -5.0, -4.964781553566271, -4.99998708394991];163.13198059999922;43.22087819999797;C:\Users\guoji\Desktop\python3_11_test\suite\runners\LayeredBeam\runs\LB\sim_392291
474;[2.5325842320000067, -2.492000363];[-2.5325842320000067, 2.492000363];0.0;True;[-5.0, -5.0, -5.0, -4.986397086430897, -5.0, -5.0, -4.998862185418831, -5.0, -4.965450721346032, -5.0];162.05864360000123;43.22087819999797;C:\Users\guoji\Desktop\python3_11_test\suite\runners\LayeredBeam\runs\LB\sim_758757
475;[2.532558528000009, -2.499999999978551];[-2.532558528000009, 2.499999999978551];0.0;True;[-5.0, -4.999080414810855, -5.0, -5.0, -5.0, -4.990843567301011, -4.996948456449187, -5.0, -4.965049994592097, -5.0];162.83233689999906;43.22087819999797;C:\Users\guoji\Desktop\python3_11_test\suite\runners\LayeredBeam\runs\LB\sim_185880
476;[2.854766808000009, -1.8687778000000002];[-2.854766808000009, 1.8687778000000002];0.0;True;[-5.0, -4.998552657522091, -4.882094064190249, -5.0, -3.611231027594777, 3.7462606655177204, -4.942908397364826, -5.0, -4.668290794939037, -0.6780578340304482];156.94766019999952;42.003790099999605;C:\Users\guoji\Desktop\python3_11_test\suite\runners\LayeredBeam\runs\LB\sim_613788
477;[2.5563492000000023, -2.3625689];[-2.5563492000000023, 2.3625689];0.0;True;[-5.0, -4.999995777722778, -4.882094064190249, -5.0, -4.56843171103639, -4.998019091424592, -4.938230972962211, -5.0, -4.965056012263941, -4.498654988396936];168.96980919999987;42.003790099999605;C:\Users\guoji\Desktop\python3_11_test\suite\runners\LayeredBeam\runs\LB\sim_460285
478;[3.221739576000013, -2.499999999997505];[-3.221739576000013, 2.499999999997505];0.0;True;[0.9827780443750864, 1.287586210534557, -5.0, -3.3049107410620526, -0.9860829769519972, -3.89970562207854, -4.076965715144184, -4.575304813165751, 2.9976855248587118, -1.4704830917698732];156.16340470000068;42.003790099999605;C:\Users\guoji\Desktop\python3_11_test\suite\runners\LayeredBeam\runs\LB\sim_555633
479;[2.532316824000014, -2.498887579];[-2.532316824000014, 2.498887579];0.0;True;[-4.998455374732589, -5.0, -5.0, -5.0, -5.0, -5.0, -4.9998875091744415, -5.0, -4.964781553566271, -4.99998708394991];160.08410379999987;42.003790099999605;C:\Users\guoji\Desktop\python3_11_test\suite\runners\LayeredBeam\runs\LB\sim_446666
480;[2.532558528000009, -2.499999999978551];[-2.532558528000009, 2.499999999978551];0.0;True;[-5.0, -4.999080414810855, -5.0, -5.0, -5.0, -4.990843567301011, -4.996948456449187, -5.0, -4.965049994592097, -5.0];158.92831760000263;42.003790099999605;C:\Users\guoji\Desktop\python3_11_test\suite\runners\LayeredBeam\runs\LB\sim_960537
481;[2.532316824000014, -2.498887579];[-2.532316824000014, 2.498887579];0.0;True;[-4.998455374732589, -5.0, -5.0, -5.0, -5.0, -5.0, -4.9998875091744415, -5.0, -4.964781553566271, -4.99998708394991];159.7174245999995;42.78990479999993;C:\Users\guoji\Desktop\python3_11_test\suite\runners\LayeredBeam\runs\LB\sim_336324
482;[2.5327784160000117, -1.6067174];[-2.5327784160000117, 1.6067174];0.0;True;[-5.0, -5.0, -5.0, -5.0, -5.0, -5.0, -4.941735539935876, -5.0, -5.0, -5.0];165.98395940000046;42.78990479999993;C:\Users\guoji\Desktop\python3_11_test\suite\runners\LayeredBeam\runs\LB\sim_226606
483;[2.5324749360000065, -1.438777];[-2.5324749360000065, 1.438777];0.0;True;[-5.0, -5.0, -5.0, -4.99658359125142, -5.0, -5.0, -4.9984849406774075, -4.995893130421578, -4.964821060517919, -5.0];166.17812750000303;42.78990479999993;C:\Users\guoji\Desktop\python3_11_test\suite\runners\LayeredBeam\runs\LB\sim_289432
484;[2.5325842320000067, -2.492000363];[-2.5325842320000067, 2.492000363];0.0;True;[-5.0, -5.0, -5.0, -4.986397086430897, -5.0, -5.0, -4.998862185418831, -5.0, -4.965450721346032, -5.0];166.10550779999903;42.78990479999993;C:\Users\guoji\Desktop\python3_11_test\suite\runners\LayeredBeam\runs\LB\sim_502620
485;[2.5325954640000035, -2.0325498];[-2.5325954640000035, 2.0325498];0.0;True;[-5.0, -4.999003797882242, -4.990347468558492, -5.0, -5.0, -4.998848520243918, -4.996948456449187, -5.0, -4.965055206363527, -5.0];161.31008010000005;42.78990479999993;C:\Users\guoji\Desktop\python3_11_test\suite\runners\LayeredBeam\runs\LB\sim_581607
486;[2.989830960000009, -2.2291003];[-2.989830960000009, 2.2291003];0.0;True;[4.203409926665913, -5.0, -4.882094064190249, -4.748366822060744, -3.6128678356292108, 4.465611270079224, -4.956796759679909, -4.872706407862638, -4.879432196232864, -4.498654988396936];162.656874100001;42.97435039999982;C:\Users\guoji\Desktop\python3_11_test\suite\runners\LayeredBeam\runs\LB\sim_571663
487;[3.02406912, -2.4999999999980194];[-3.02406912, 2.4999999999980194];0.0;True;[3.5032740318081004, -5.0, -5.0, -4.621578512136777, -1.6934987001116881, -5.0, -5.0, 1.500217370452983, -3.2053258122498214, -2.6799241475939803];193.75931149999815;42.97435039999982;C:\Users\guoji\Desktop\python3_11_test\suite\runners\LayeredBeam\runs\LB\sim_406373
488;[2.8052738640000072, -2.4999999999936056];[-2.8052738640000072, 2.4999999999936056];0.0;True;[-5.0, -4.997810058262119, -4.882094064190249, -4.932742610903113, -3.6128678356292108, -5.0, -4.942908397364826, 1.6095284187290426, -4.745449862218371, -0.8218577553121706];193.27726579999944;42.97435039999982;C:\Users\guoji\Desktop\python3_11_test\suite\runners\LayeredBeam\runs\LB\sim_387046
489;[2.8387214640000074, -1.135499];[-2.8387214640000074, 1.135499];0.0;True;[4.841238875994712, -4.999313811897241, -5.0, -5.0, -1.0264492848974816, -5.0, -4.593196267974583, -5.0, -5.0, -5.0];172.20763010000155;42.97435039999982;C:\Users\guoji\Desktop\python3_11_test\suite\runners\LayeredBeam\runs\LB\sim_155836
490;[3.074523264000012, -2.48098909];[-3.074523264000012, 2.48098909];0.0;True;[4.307030604254091, -4.998747542220386, -0.8681809625347707, -5.0, -1.5517078655663328, -4.924237339577714, -4.942908397364826, 1.3984958639091163, -4.965326193109994, -3.3153753830733206];162.05751939999755;42.97435039999982;C:\Users\guoji\Desktop\python3_11_test\suite\runners\LayeredBeam\runs\LB\sim_345266
491;[2.563510032000005, -0.885275];[-2.563510032000005, 0.885275];0.0;True;[-5.0, -3.9119998140176553, -5.0, -4.916685633484016, -4.995874037404804, -4.773726951992727, -4.941622045709956, -5.0, -4.992210595110988, -4.986853654514725];167.4926305000008;44.67983330000061;C:\Users\guoji\Desktop\python3_11_test\suite\runners\LayeredBeam\runs\LB\sim_256455
492;[2.5437708720000005, -2.45925969];[-2.5437708720000005, 2.45925969];0.0;True;[-4.816896047463239, -4.710930739865823, -5.0, -5.0, -5.0, -5.0, -4.942475742294082, -5.0, -4.964765439703784, -4.997793967703664];166.37924030000067;44.67983330000061;C:\Users\guoji\Desktop\python3_11_test\suite\runners\LayeredBeam\runs\LB\sim_389568
493;[2.5327784160000117, -1.6067174];[-2.5327784160000117, 1.6067174];0.0;True;[-5.0, -5.0, -5.0, -5.0, -5.0, -5.0, -4.941735539935876, -5.0, -5.0, -5.0];164.18465070000093;44.67983330000061;C:\Users\guoji\Desktop\python3_11_test\suite\runners\LayeredBeam\runs\LB\sim_806845
494;[2.5337480400000056, -2.493906891];[-2.5337480400000056, 2.493906891];0.0;True;[-5.0, -4.9990765276126785, -5.0, -5.0, -5.0, -5.0, -4.897778234351043, -5.0, -5.0, -5.0];166.34773860000132;44.67983330000061;C:\Users\guoji\Desktop\python3_11_test\suite\runners\LayeredBeam\runs\LB\sim_366861
495;[2.532316824000014, -2.498887579];[-2.532316824000014, 2.498887579];0.0;True;[-4.998455374732589, -5.0, -5.0, -5.0, -5.0, -5.0, -4.9998875091744415, -5.0, -4.964781553566271, -4.99998708394991];167.7888649000015;44.67983330000061;C:\Users\guoji\Desktop\python3_11_test\suite\runners\LayeredBeam\runs\LB\sim_984372
496;[2.955194064000008, -2.499999999997656];[-2.955194064000008, 2.499999999997656];0.0;True;[-3.7957503584791894, -5.0, -5.0, -5.0, 0.4912203095904619, -5.0, -2.7978805390043244, 0.5078910274062061, -5.0, 0.20907104204014093];164.06352479999987;45.683135700001;C:\Users\guoji\Desktop\python3_11_test\suite\runners\LayeredBeam\runs\LB\sim_336154
497;[2.5563492000000023, -2.3625689];[-2.5563492000000023, 2.3625689];0.0;True;[-5.0, -4.999995777722778, -4.882094064190249, -5.0, -4.56843171103639, -4.998019091424592, -4.938230972962211, -5.0, -4.965056012263941, -4.498654988396936];174.84199619999708;45.683135700001;C:\Users\guoji\Desktop\python3_11_test\suite\runners\LayeredBeam\runs\LB\sim_165797
498;[2.534409216000011, -2.1535705];[-2.534409216000011, 2.1535705];0.0;True;[-5.0, -5.0, -5.0, -5.0, -4.957268456560165, -5.0, -4.943276991945358, -5.0, -4.966690252601709, -4.99901398984249];168.10065939999913;45.683135700001;C:\Users\guoji\Desktop\python3_11_test\suite\runners\LayeredBeam\runs\LB\sim_592985
499;[2.546954496000009, -2.49999999999487];[-2.546954496000009, 2.49999999999487];0.0;True;[-5.0, -5.0, -5.0, -5.0, -5.0, -5.0, -4.303237239556071, -5.0, -4.982213920854349, -5.0];165.9663170999993;45.683135700001;C:\Users\guoji\Desktop\python3_11_test\suite\runners\LayeredBeam\runs\LB\sim_929268
500;[2.5327784160000117, -1.6067174];[-2.5327784160000117, 1.6067174];0.0;True;[-5.0, -5.0, -5.0, -5.0, -5.0, -5.0, -4.941735539935876, -5.0, -5.0, -5.0];167.21133329999793;45.683135700001;C:\Users\guoji\Desktop\python3_11_test\suite\runners\LayeredBeam\runs\LB\sim_274057
