objectives;is_feasible;variables;evaluation_time
[3.1424770800000115, -2.499999999999626];True;[-2.3237030168770776, -4.099926433334048, 0.7295120211926616, -1.9120260119919, -1.6633710288116434, 1.2552924084254595, -4.813550963135103, -2.091865827536804, -3.5312984608876077, -3.2640218916564887];142.90023350005504
[3.5386139520000026, -2.4999999999985287];True;[-1.6001085585399002, -1.5548678516281433, -2.471125170227537, -1.9167167473460758, 3.448681838997336, -0.5251585189677019, 3.00957938959227, 2.239481482267162, -3.985027465169164, -0.020007930995955547];144.07836539996788
[3.725008992000012, -1.7185764];True;[-2.373964424437488, -4.914168942756422, 2.85194677761506, 0.753983907810599, 0.2528174757257373, -0.6432470733278226, 2.6501147242528864, -2.663531468715502, 4.714750558624061, 4.625399882637431];144.37897499999963
[3.3156028080000013, -2.499999999999566];True;[-0.36386760441707544, -3.4806337052229095, -2.4095627964000554, -2.717692454729883, 3.5361298369235747, 0.7747306635110887, -3.4904402616894203, -4.7044018553283244, 0.6166467306937697, -1.4607453325205366];144.80599389993586
[3.9822507360000037, -2.4999999999996034];True;[-1.303735812689263, 3.792363586427525, 4.8919865034593535, -0.17217679779880335, 4.010492157072475, -0.32353972002783493, -3.7246731223056537, 4.784551980007569, 4.504955437962639, 0.7032081616921593];145.5601139999926
[3.8363068800000013, -2.3123322];True;[2.398962061961475, 2.4963107643343374, 1.4052673345237956, -1.6531242302178653, -2.2271647009585926, 3.022353358469058, 3.9191692714939244, 0.46877263697292015, 1.2307741416792686, -0.6545154551034056];153.80971760000102
[3.8863471680000012, -2.4999999999990754];True;[2.178896080402848, 1.217570976865594, 1.6509216648483962, 0.3522059819678187, -1.6458099615500856, 4.212246741461808, 3.998189025267415, -4.0481488554649445, 3.2379834355367194, 1.5694442381422498];157.51893060002476
[3.452200776000003, -2.4999999999711813];True;[-3.597301041265343, -1.7530214556985513, 3.1660019034354665, 0.48639284112370795, -3.9251550451787987, -0.23439921887019377, -0.5781049038637036, -2.286614873005327, 2.2267628892584304, -0.8804277099195374];158.04266299994197
[3.723168888000006, -1.065835];True;[-0.939791865141685, -4.547214826355105, 3.657710281448871, 1.9340499960688522, 1.6551917647545196, 2.4850614538920732, -3.921389326791024, -2.6544732781191493, 3.068888949785544, 4.430900760902745];157.07868819998112
[3.686804208000008, -2.4999999999983475];True;[0.5552993931913743, -2.032700892945385, 0.9177515188120013, 0.689491512808126, 4.89993684682746, -4.45200477773339, 2.5504700602334642, 4.924565964197527, -2.6329829773214772, -1.9344049510370431];160.91430940001737
[3.7138525920000083, -2.3799314];True;[-2.2856921319413734, -1.5586733477652404, 2.521590433392551, -2.587189291184969, 1.5128760705562527, 2.7000862524244598, 1.6020085178282901, 0.6864432987702003, -1.7107562222319093, 3.856928818619185];152.1554494999582
[3.7981938960000017, -2.4999999999978018];True;[-3.445748690608105, -1.21684096209664, 0.2473190839903694, 3.8492053326909, 1.4234120552783889, -3.958429289493748, 2.238480501054391, 4.674604447843354, 1.8736195882735904, 2.956722139097975];155.7564047999913
[3.4490322720000104, -1.9677525999999999];True;[-2.153090491252563, -3.1685693662045553, 1.5380428739395153, -2.814700199648917, 4.514990423932284, 4.780166930192703, -4.240368216965321, 0.4988743457671605, -3.6074541946367433, -2.870467018082219];158.94633880001493
[3.5463858480000026, -2.3706272];True;[-0.6291220674450546, -1.1247993095483877, 0.3415837855887558, 3.417516158441737, -2.095562487418107, -3.0837300337577256, -4.487361531467323, -0.222702744386444, 0.5809109849636211, 4.287796207805783];159.909906799905
[3.6183557520000074, -2.499999999997576];True;[1.1746115015120306, -4.862030001204424, 3.726971554953151, 2.190158069706202, 1.3643061144105335, 1.2130358840958095, 0.6434472101895663, -3.231405683283042, 2.8522523088309537, -4.754891713656331];161.83176440000534
[3.271121496000007, -2.4999999999972395];True;[-1.1177281553047758, -2.0218583200731945, -2.2737719741815132, 2.2130341794900135, -1.7344034606672976, -4.859306795092734, -2.752543423020488, -4.406893720056946, 2.8340683717328297, -1.6398103288114285];162.52874199999496
[3.7533132000000107, -2.499999999999357];True;[0.49186249336294985, -2.8318761580405463, 3.713099765357807, -1.5130842392576072, 0.92921483954599, -1.1290917611879578, -0.17108767952597148, 2.606428951806649, 3.935828497007803, 0.5331941528719364];176.48669520008843
[4.028452272000008, -2.4999999999959917];True;[2.728308072631341, 3.2181028923894885, 3.1202600255674326, 4.62202812120092, -4.515598717928687, -2.0186428843600837, 4.779192926647376, 2.6399797578241664, 4.8407824007188776, -0.11200983806446807];165.40831349999644
[3.4055957520000013, -2.4999999999974913];True;[4.252579891060055, -2.538102332029424, -4.322424468501474, -1.1884887943479718, -4.375559271725389, 0.520082993244813, 0.0978417147856172, -3.2346634464685717, 4.047932292895979, -2.7927097176160554];169.00611740001477
[3.4851379680000125, -2.42774489];True;[1.72587841191101, 0.9110622368928674, -2.8099402083333036, -1.79531429022455, 0.7586462012582418, -4.762689447035877, 1.496936493706304, -0.052256230055006014, -4.036160679421171, 2.7128168418013674];180.3800485000247
[3.5552269440000117, -2.4999999999990545];True;[-2.7066621463997187, -3.8116938576016324, 1.5172746471917362, -3.1813231925737986, -2.2177004265104405, -0.11721079904680565, 3.3925792207784244, 3.798751846562551, 2.241557729084036, -1.5217479585471683];152.92665719997603
[3.4693706160000004, -2.4999999999984706];True;[-2.2524593143373375, -1.3269026148782617, -2.494867206607597, 0.49894193505204765, 2.6876045349434, 1.7915926087447005, -0.27374249100882864, -1.8873466640930516, 0.5612002285687323, -3.885034726184231];157.98764029995073
[3.4615263600000086, -2.499999999999573];True;[1.9991241419829162, -1.1433823620342096, -3.4831677072237124, -1.9138872391064519, -0.6787037035923191, 1.5191209919204294, 4.256549146984584, -4.749737880274846, -4.859668293492012, 2.109608740774174];160.83883669995703
[3.6269804160000003, -2.499999999997189];True;[2.3126237525916267, 2.9304133048551293, 1.7711703188364334, 2.1792576297442823, 2.1185876357104068, -0.7533718005473187, -3.6785651139719566, -3.644027822367417, 1.518155211904725, -4.038460207397221];160.17899350007065
[3.6092308320000015, -2.499999999995156];True;[0.10580856241291059, 3.8327983506955388, -0.673879086251155, -2.157569383836131, -1.1598622664127523, -4.582847542643494, -4.3818612264753245, 3.502597128625336, 2.5825416304421935, 2.8262515519020157];166.66020779998507
[3.500835336000013, -2.0789942];True;[1.488182151728818, -3.429355019302408, 1.6751603044940433, 2.7330950471241087, -2.1905091692591947, 1.8887811766022278, -3.8048721413563955, -2.948811134464319, -1.961990300658086, 1.4260311104368375];157.8426344000036
[3.786847848000013, -2.4999999998777334];True;[-2.3099140329406795, -3.7358717073869583, 2.8344497316060906, 2.7685593404184914, 0.02048660488495191, 4.748391843104779, 3.711195867364852, -0.15901046840212274, 3.307065002073154, -3.068330313643898];155.6094116999302
[3.833741448000014, -2.3881843];True;[0.5538679051319448, -1.3994066918922088, 1.8253514677148566, 3.350684556886499, -4.47706843880165, 4.971694231141706, 4.109882629417527, 1.9460759992814447, 3.7756376222935, -4.36869388406513];156.33517959993333
[3.612204720000012, -2.494189445];True;[3.445633959162338, 4.20817546840569, 0.41278925636895725, -4.384031550389793, -2.3598239126371565, -0.07101090505629593, 2.6707045797487963, -2.4132024318227883, -4.362490660475956, 2.8849522893991733];157.60093049996067
[3.240777816000004, -1.057607];True;[-3.976256725063961, -3.7827241903247177, -3.5372543304486923, -1.8758869238426366, 4.73314409293789, 4.084662514329258, -0.47241529997024934, -4.62146051329257, -3.008602150315901, -4.7072245525844085];166.37840079993475
[4.027734936000005, -2.4999999999990883];True;[-1.7259839014835898, 4.778323147034454, -2.3790670571365427, 1.846774939525253, 4.649544598669413, 3.875313388926932, 3.1200102284489066, 1.3734322713413967, 1.3054743224035006, 2.4253984884066773];150.60926249995828
[3.598257816000011, -2.4999999999986033];True;[-0.8481021856966287, -4.748407487259316, -3.2382657424087755, 3.9937084532640057, -4.77533071207671, 2.525059175902191, 3.697162506743311, -0.13168310421302998, 1.3207740657104017, 1.5911307815025886];149.21890380000696
[3.740782392, -2.0447172];True;[4.0671719849340775, -4.839510160273017, -1.2794652118092809, 1.8220076054401613, 0.7728331066497045, 1.6584773366957686, 3.8566285605436583, -3.4359190150202834, 1.3583543949588561, 2.003794394861485];152.80613959999755
[3.4834542480000064, -2.499999999999355];True;[-2.2023301202351897, -2.3835282512792366, -4.0934943488877105, -0.7721892338163556, 2.447878188966639, -0.7020241648487682, -1.4211405676650148, 2.717861147756894, 0.009564954321932717, 0.4704580430937586];152.3204917999683
[3.332648448000006, -2.499999998678885];True;[2.3547859817921424, -3.518562934792666, -4.964434187858894, -0.2596538508380819, -1.659555454518875, -2.5837188208200956, -0.7799811515991886, -1.101245923661148, -3.5592448798906684, 3.160867444971087];158.88877889991272
[3.6473369040000008, -2.499999999999336];True;[-4.519571248567285, 0.830541374759707, -1.0173231982295583, -2.2387757247958096, 2.7119609572833614, -1.1504617988877253, 2.6788554890444596, 3.9500981791450247, 1.2052166677363392, -0.7923503359420412];155.25477410003077
[3.5591317920000005, -2.0347189];True;[-4.186054604678272, -1.3636235789004525, 4.214591228588061, 0.13363300450941296, 0.14908408211784518, -1.5519043241426864, 2.7902216166945504, -2.003000507293573, 3.941300125546878, -4.549629939333062];159.55448289995547
[3.690569520000006, -2.4999999999968505];True;[4.133951284123416, 1.399968179428928, 3.16536475998155, 0.03141524356503034, 2.6571454223169324, -0.8063259413394599, -3.609969747394859, 0.1776810595113787, -3.658111215280573, 0.16856092604265527];166.71603300003335
[3.1711603680000118, -2.499999999998406];True;[-4.1738793270607575, 2.6067569029414317, -4.146840803080641, -4.302932562391972, -4.744646086583413, 2.397797029930447, 2.746942906496761, -3.592173845424247, -2.3184266938833256, -4.859642145097199];160.77754489996005
[3.7152753840000026, -1.9711903];True;[3.2976537538834574, 1.4214147478880292, -3.760521970071812, 4.033606282941795, 4.076947359203411, -0.8172296054713959, 3.85763988695021, 0.9878442058743584, -3.3378043110939917, -4.9560244894422745];159.93743080005515
[3.7849723200000103, -2.4999999999998166];True;[-3.0183473761336908, 1.2059540832328004, 4.474457164091149, 1.1811781565000725, 1.7889567972004716, 2.9070156992581175, -3.115491843802307, 3.9766685944546296, 1.4134115989155251, -2.783566535766062];155.77668310003355
[3.983366808000002, -2.499999999999271];True;[4.297313712224941, 1.225502170381735, 4.008139507557555, -1.636600211664824, 0.660032886070713, 3.1302842541604843, 2.5253109022790827, 4.603745803509412, -0.1417309561847251, -1.4568717341956052];150.2169635000173
[3.6879267600000016, -2.499999999997893];True;[-4.504001170282338, 1.9770195902854129, 1.7898367101195989, -1.080437610131706, -1.3921697046416814, 3.6211298507632375, -2.0500568872560834, 0.21262622756055904, 1.0040801797670529, 3.9593216291251956];154.1502879000036
[3.517028640000003, -2.137269];True;[0.6776229106831799, -0.41744586156701313, -1.1100943046998593, -4.189720509655473, -3.2915905968054124, 4.777733556030782, 0.35329399457756594, -3.043238610830943, 0.8292317983105768, 1.0396223321556217];154.62367710005492
[3.757036392000007, -2.1284139];True;[-0.49025427099355223, -3.3899623701880643, 1.5186048814923456, -0.6303034997078836, 4.096971799063121, 1.979315040812752, 3.3055872040681713, 1.8851794957703119, 1.156591005095473, -2.694849437104736];153.69267540005967
[3.364482528000007, -2.1390143];True;[3.238729085864062, -3.1947239189765453, -2.7821032210462358, -3.863380069769944, 4.269709556665202, 1.3551417368440344, -3.274162348160891, -3.911504918621478, -3.7708287372200147, 0.4961925472028632];154.585716499947
[3.732857136000009, -2.499999999996627];True;[-2.006478914393164, 2.2573895548337077, -4.162903288858112, 4.204573157967374, 1.3724010832154532, -0.9617171931100321, 1.1503485781620366, 0.32992655094719403, 0.7104849506962276, 2.7234409805382933];150.9117155999411
[3.4349469120000116, -2.4999999999870894];True;[-1.3152287192171395, -2.671823495820589, -2.424492476937731, 1.6756455022534666, 0.8129250757685913, -0.45395059018574546, -2.4021844926400915, -0.6980508845437985, -3.3341905839136987, 2.63671728478144];157.59353569999803
[3.9923606160000014, -1.7284229];True;[2.2860095247946175, 2.7417592003705185, -1.1358364703981785, 3.6445157174480567, 2.0268005303073178, -1.65284531545998, 0.7568209442937501, 1.8114789427400426, 3.0697130304016103, 4.083063789716471];146.2057228999911
[3.386486016000001, -2.4999999999979616];True;[-4.284829669352473, 2.7059817749808683, -2.099413949106644, -2.639105781765233, -1.9360104505901345, -0.5702837834026662, 3.769008399464406, -3.9931276787024728, 0.4257780281032053, -1.7962119240642815];148.29790749994572
[3.7950662160000093, -2.2802935];True;[-3.0183473761336908, 1.2059540832328004, 4.474457164091149, 1.1811781565000725, 1.7889567972004716, 2.9070156992581175, -1.7477239574002468, 3.9766685944546296, 1.4134115989155251, -3.6840340019294846];153.70660479995422
[3.5971045920000084, -2.4269583];True;[-3.815002741584625, 3.03865118738764, 3.1204631612998237, 4.681068104851249, -3.9251550451787987, -2.0210937442389283, -0.8060440931707489, -2.286614873005327, 2.2267628892584304, -0.8804277099195374];153.76232239999808
[3.5468042400000064, -2.499999999999316];True;[-2.2023301202351897, -1.538056946898697, -2.39481452294028, -0.7721892338163556, 2.4510679105347046, -0.525343160133883, 2.8705780473170206, 2.717861147756894, -4.063236872970977, 0.46035420434555707];156.89080000005197
[3.4888611600000092, -2.2465639];True;[1.488182151728818, -3.429355019302408, 1.6787055550584027, 2.1751834658021134, -2.1905091692591947, 1.8887811766022278, -3.8048721413563955, -2.948811134464319, -1.961990300658086, 1.4260311104368375];157.24001319997478
[3.4831518480000074, -2.1320984];True;[-1.468422978049103, -1.3636235789004525, -2.092539256505162, 0.13363300450941296, 0.2142076238957218, -1.5519043241426864, 2.7823267093983337, -2.003000507293573, 3.941300125546878, -4.534928988908308];163.42777569999453
[3.3683973120000044, -2.499999999989379];True;[4.252579891060055, -2.538102332029424, -4.337709816757527, -1.1884887943479718, -4.426911623069424, 0.520082993244813, -2.7419198954074178, -3.2346634464685717, 4.047932292895979, -1.6084759537276643];153.1057310999604
[3.517290648000007, -2.499999999997361];True;[1.9991241419829162, -1.1433823620342096, -3.4831677072237124, -1.9138872391064519, -0.6787037035923191, 2.8761156937329777, 4.256549146984584, -4.749737880274846, -4.30925357093805, 2.7838842610445393];154.65133759996388
[3.4431546960000112, -2.4999999998677556];True;[-0.48340060324537193, -3.5170453290550294, -2.099413949106644, -2.639105781765233, 3.4862214165174117, -0.5702837834026662, 3.769008399464406, -4.71495136076873, 0.4257780281032053, -1.4514548704315997];153.44406689994503
[3.293171424000013, -1.8320585];True;[1.2430462625565633, -3.518562934792666, -4.964434187858894, -0.2596538508380819, -1.659555454518875, -2.5275096157836794, 0.5617767222091318, -1.101245923661148, 2.4031143706341425, -4.91533943018723];161.2525142999366
[3.4998441120000083, -2.0006507];True;[-1.0051988522820174, -3.1685693662045553, -3.0454712103174324, 4.153418918527828, 3.544038614175245, 4.780166930192703, -4.240368216965321, 0.4988743457671605, -3.6074541946367433, -3.079604332027834];161.84149120002985
[3.399572808000004, -2.4999999999994222];True;[-3.0088551858324366, -3.1874988159743314, -2.7821032210462358, -3.18374837476968, 4.117993903698922, 1.3551417368440344, -3.75861509767077, 3.9099325643272573, -3.7708287372200147, 0.4961925472028632];153.34687399992254
[3.6196988400000047, -2.1249102];True;[-0.939791865141685, -4.547214826355105, -1.9471360296395432, 2.4363952244733946, 1.6003019032789387, 2.4850614538920732, -3.4991815718362833, -2.6544732781191493, 3.013761401535116, 4.430900760902745];154.15195779991336
[3.6644790960000115, -2.4999999999986957];True;[4.266805665776413, -4.748407487259316, -3.2382657424087755, -1.6442030658522322, -4.602891972450834, 2.374938629876528, 2.565296437534427, 4.5666502199836865, 1.3207740657104017, 1.5911307815025886];147.9633557999041
[3.354106968000009, -2.4999999999963287];True;[3.238729085864062, -3.1947239189765453, -2.49836978014765, -3.863380069769944, 4.269709556665202, 1.3551417368440344, -3.274162348160891, -4.608382886778114, -3.7708287372200147, 0.4289939085279064];153.14670569996815
[3.773165328000011, -2.2625269];True;[0.8371196461488981, -4.797300428737404, 3.726971554953151, 2.190158069706202, 1.3642768668755907, 1.2130358840958095, 0.6209427159935754, 4.233511542150986, 2.828570481721142, -4.73369971657482];156.36612939997576
[3.6425829600000013, -2.4999999999994706];True;[-2.2610111093549925, 0.830541374759707, -1.0173231982295583, -2.2387757247958096, 2.7119609572833614, 2.7418730861153424, 2.6788554890444596, 0.5416813362214739, -1.7573542805124127, -0.7923503359420412];149.9320101001067
[3.619520208000007, -2.4999999999528493];True;[0.2302795835217153, -3.5145187098310604, 0.3415837855887558, 2.6470744539527353, -2.095562487418107, 1.7171257447865846, -4.487361531467323, 0.3843686725930482, 0.5809109849636211, 4.566494567816441];153.56463180005085
[3.1921560000000015, -2.4999999999984883];True;[-3.216949956017432, 2.5844941079519836, -4.146840803080641, -4.302932562391972, -4.744646086583413, 2.397797029930447, 2.7843041784623166, -3.592173845424247, -2.3184266938833256, -4.859642145097199];160.75879029999487
[3.7704603600000053, -1.9975114];True;[-4.504001170282338, 1.9770195902854129, 1.7898367101195989, -1.080437610131706, 2.6427110426523828, 3.648725329638043, -0.2024633307145609, -1.8802669127257987, 1.0079345221735991, 3.9593216291251956];153.29231889999937
[3.304960488000011, -2.497013608];True;[2.3547859817921424, -3.34304987317384, -4.964434187858894, -0.24438555309599164, -1.659555454518875, -2.5837188208200956, -0.9598041796302794, -1.9526167430390757, -3.7028532608215357, 2.863037357732035];158.4576503999997
[3.928093056000004, -2.499999999999531];True;[-1.7259839014835898, 1.2960842920734754, -2.3790670571365427, 1.883589285910923, 3.479122002743758, 3.875313388926932, 3.1200102284489066, 1.3734322713413967, 1.3082734535397746, 2.4253984884066773];148.4681234000018
[3.6611928720000075, -2.4999999999988187];True;[0.49537243235226625, -2.8318761580405463, 3.761628466550838, -1.5130842392576072, 0.92921483954599, -1.116093701820086, -4.512933324038972, 2.606428951806649, 3.9478140372866957, 0.5331941528719364];159.34081379999407
[4.097242008000005, -2.499999999997753];True;[-4.443054980623024, 4.778323147034454, 3.924967060515599, 1.5404075770792902, 4.577521794669673, 3.875313388926932, 3.1279051357451233, 1.3734322713413967, 1.3054743224035006, 2.426858409130834];147.41218549991027
[3.6389556720000105, -2.4999999999925855];True;[2.3126237525916267, 2.9304133048551293, 1.767625068272074, 2.7371692110662775, 2.1185876357104068, -0.7533718005473187, -3.6785651139719566, -3.644027822367417, 1.518155211904725, -4.038460207397221];157.75531179993413
[3.4687452960000114, -2.499999999999477];True;[-1.6001085585399002, -2.400339156008682, -4.1698037351217705, -1.9167167473460758, 3.445492117426835, -0.7018395236825871, -1.5842159296576588, 2.239481482267162, 0.0880189793785906, -0.009904092247753987];150.34699869994074
[3.7695408480000054, -2.4999999999991864];True;[4.133951284123416, 1.399968179428928, 3.16536475998155, 0.03141524356503034, 2.6571454223169324, -0.819367114723293, -1.1181946601810955, 1.3550252134210727, -3.658111215280573, 0.16856092604265527];156.43568659992889
[3.8808843120000103, -2.499999999997625];True;[2.947355895335203, -1.5735822807819626, 3.1657987677030754, 0.4169027496696329, -4.515598717928687, -0.23194835898944066, 4.8929034266480755, 2.6399797578241664, 4.8407824007188776, -0.11200983806446807];147.86007739999332
[3.8610708480000118, -2.49999999999886];True;[2.178896080402848, 1.217570976865594, 1.6509216648483962, 0.3522059819678187, -2.6914520711490755, 4.212246741461808, 3.8736547699109414, -4.0481488554649445, 3.2379834355367194, 1.5694442381422498];155.37080780009273
[3.5353072080000074, -2.4999999999997224];True;[1.5621340728096311, -0.41744586156701313, -1.1100943046998593, -4.189720509655473, -3.2915905968054124, 4.739457584085197, 0.35329399457756594, -3.043238610830943, 0.8292317983105768, 1.0396223321556217];150.9927112000296
[3.3456682800000053, -2.4999999999993894];True;[-1.1177281553047758, -2.0218583200731945, -2.25847183588135, 2.2130341794900135, -1.68281603376295, -4.859306795092734, 2.1025919666295616, -4.406893720056946, 2.54753735931865, -2.8240440926990242];156.3587867000606
[3.5263540080000126, -2.3347726];True;[-1.9959938246671411, -4.748407487259316, 1.3452582273465734, -2.9799942134616537, -4.77533071207671, 2.525059175902191, 3.697162506743311, -0.13168310421302998, 1.3207740657104017, 1.8002803067721183];149.1646322000306
[3.6582760080000054, -1.985838];True;[2.2863512207475853, -4.895776879935768, 3.726971554953151, 2.190158069706202, 1.457434855200332, 1.2130358840958095, -0.6983106636187538, -3.231405683283042, -3.4864736156406124, 3.6026459751704696];160.58327499998268
[3.530920464000012, -2.2776399];True;[3.540510782139683, -3.818918960603648, 1.5172746471917362, -3.8609548875733766, -2.069769858916233, -0.11721079904680565, 3.8758876074617428, -4.021169595021308, 2.241557729084036, -1.01866929265089];155.7261387000326
[3.267861840000011, -0.804729];True;[-4.164898998625587, 3.1554064071161694, -2.4095627964000554, -2.717692454729883, -1.8861898840968672, 0.7747306635110887, -3.4904402616894203, -3.9825766033873986, 0.6166467306937697, -1.8055023861532185];159.98254829994403
[3.4296404400000062, -1.6030482];True;[-0.36386760441707544, -3.4806337052229095, 3.1950587786360307, -2.717692454729883, 3.5910196614381595, 0.7747306635110887, -3.912648016644158, -4.717303208939892, 0.671774269148568, -1.4607453325205366];162.4832435999997
[3.9285606960000052, -2.4999999999992295];True;[-0.8192710818367583, 1.225502170381735, 4.008139507557555, 4.000591060716159, 0.5117548326266355, 3.154808542632007, 3.657176971362469, -0.3976419193501659, 0.7936033658949211, -1.4568717341956052];152.03725469997153
[3.7720842480000045, -2.4999999999979416];True;[-2.3099140329406795, -3.7358717073869583, 2.8344497316060906, 2.7685593404184914, -0.6630177117669531, 4.748391843104779, 3.711195867364852, -0.15901046840212274, 3.307065002073154, -3.068330313643898];150.99185280001257
[3.6442260720000035, -2.2136917];True;[-3.1082404432093194, -1.2628949233584676, 0.2473190839903694, 3.8492053326909, 1.4234413028133317, -3.958429289493748, 2.260984995248185, -2.823540291215111, 1.8973014153833732, 2.9890091780984855];156.1105663999915
[3.3753650400000086, -2.4999999999991553];True;[2.9875704431974195, -2.5158399599645915, -4.322424468501474, -1.1884887943479718, -4.977705854937936, 0.520082993244813, 0.5431686160073554, -3.2346634464685717, 4.047932292895979, -2.7927097176160554];152.12942030001432
[3.4555455360000127, -2.4999999999947136];True;[1.732550256659957, -1.03963540392273, 1.6751603044940433, 2.878503431596031, -2.1905091692591947, -2.912067026221493, -3.6358509076612053, -2.948811134464319, -1.961990300658086, 1.1815956643861283];158.52674230001867
[3.718331784000009, -2.4999999999987557];True;[-4.544038547712374, -1.5586733477652404, 2.521590433392551, -2.587189291184969, 1.5128760705562527, -1.2050435959603016, 1.6020085178282901, 4.094727006987256, 1.25181472656229, 3.856928818619185];152.32889839995187
[3.5811458640000042, -2.48547478];True;[-4.186054604678272, -1.3636235789004525, 4.214591228588061, 0.11836470676732269, 0.14908408211784518, -1.5519043241426864, 2.7902216166945504, -1.1203364484198632, 4.08067938082284, -4.537238237238647];156.24854190007318
[3.391395048000012, -2.4999999999972973];True;[-2.2524593143373375, -1.3269026148782617, -2.494867206607597, 0.49894193505204765, -1.1361825235261807, 1.7639971031055024, -2.1213360475384433, 0.20554647620201938, 0.5573458861621862, -3.885034726184231];154.1515112000052
[3.2733434880000134, -2.4999999999979936];True;[-0.7725454195775461, -2.0218583200731945, -2.2737719741815132, 2.2130341794900135, -1.7344034606672976, -4.859306795092734, -2.752543423020488, -4.649192842968243, 2.8340683717328297, -1.6398103288114285];159.94656030007172
[3.6935077680000097, -2.3008159];True;[0.10229862342359416, 3.8327983506955388, -0.722487645750304, -2.527645412069157, -1.1598622664127523, -4.59372733236175, -0.03504524464641534, 3.502597128625336, 2.570556080531673, 2.8262515519020157];155.5925278000068
[3.9626519760000005, -2.499999999998922];True;[2.178896080402848, 4.691368000362473, 1.6509216648483962, 0.31539163558188144, -1.5473710867942634, 4.212246741461808, 3.998189025267415, -4.0481488554649445, 3.235184302555659, 1.5694442381422498];152.97756249993108
[3.3398820720000053, -2.4999999999895977];True;[-1.3178400663293268, -1.427523568228705, -2.4163450698913205, -2.717692454729883, 3.5656226435335334, 0.7747306635110887, -3.4904402616894203, -4.7044018553283244, 0.6188058749013224, -1.4607453325205366];154.3560543000931
[3.7252347120000087, -2.1309638];True;[2.6265645701400597, -3.135754886683489, 3.5682103222543473, 2.190158069706202, 1.3643061144105335, 1.3041182746132376, 0.6434472101895663, -3.231405683283042, 2.8522523088309537, -2.917333905795557];152.44464819994755
[3.4251232320000047, -2.4999999999981877];True;[-2.2524593143373375, -3.3800127284573196, -2.488084933116332, 0.49894193505204765, 2.6876045349434, 1.7915926087447005, -0.27374249100882864, -1.8873466640930516, 0.5590410843611796, -3.885034726184231];152.15467159997206
[3.375275832000008, -2.499999999999451];True;[-2.153090491252563, -4.888661647587691, 1.696803979406475, -2.814700199648917, 4.514990423932284, 4.680531808969344, -4.157181573523422, 0.4988743457671605, -3.6074541946367433, -4.707328738839343];149.67324929998722
[3.5217393840000084, -2.4999999999990923];True;[-1.1177281553047758, -2.0096114908131475, -2.25847183588135, -0.8304635724986935, -1.9373447350194277, -0.6155282035437502, 2.1025919666295616, 2.7865623549234195, 2.54753735931865, -2.8240440926990242];150.87512280000374
[3.427448472000008, -2.4999999999975047];True;[-0.7725454195775461, -2.0218583200731945, -2.2737719741815132, 2.6896836490271614, -1.7344034606672976, 3.312249820958063, -2.7576057985194917, -4.649192842968243, 1.3254155000857528, -1.6398103288114285];152.32553839997854
[3.5146643040000063, -2.4999999999972267];True;[1.9991241419829162, -1.1433823620342096, -3.4831677072237124, -1.9138872391064519, -0.6787037035923191, 2.8761156937329777, 4.134949739148919, -4.749737880274846, -4.30925357093805, 2.7838842610445393];156.85633700003382
[3.153641688000003, -1.337674];True;[-2.3237030168770776, -4.099926433334048, 0.7295120211926616, -1.9120260119919, -1.563626375570202, 1.2552924084254595, -4.813550963135103, -1.6747258312201905, -3.5312984608876077, -3.2640218916564887];157.5955114000244
[3.1370448960000017, -2.499999999996135];True;[-3.976256725063961, -3.7827241903247177, -2.5228186292719057, -1.8758869238426366, -1.080786783672547, 4.104443013418244, -0.47241529997024934, -4.62146051329257, -3.008602150315901, -4.729931382939938];157.89763989998028
[3.5247815280000094, -2.4999999999991864];True;[2.9916929494762696, -1.9950393393731207, -4.323206495296928, -1.1385937609135053, -3.265738987558888, 4.663490340065979, 0.35329399457756594, -3.224891782654669, 0.8292317983105768, 1.0940875550734297];152.42303429997992
[3.7628247600000053, -2.499999999999704];True;[4.133951284123416, 1.399968179428928, 3.166002203282413, 0.03141524356503034, -3.843614792898269, -0.2674195264300005, -1.1181946601810955, 1.1181319483500531, 2.216052129895676, 0.16856092604265527];151.695887900074
[3.634411464000009, -2.4999999999995066];True;[1.732550256659957, -1.03963540392273, -0.9752324018000071, -2.5577000336430498, 2.6908266152852285, 2.276626637186581, 2.6615592728015907, -2.948811134464319, -1.961990300658086, 1.1815956643861283];152.79069469997194
[3.367934208000009, -2.499999999997832];True;[3.238729085864062, -3.1947239189765453, -3.3788765252609965, -3.1900058674179816, -1.7274316391419167, 1.3551417368440344, -2.904388205963253, 3.8442253313028862, -3.767642718187383, -1.5521478334573866];154.6172777999891
[3.186550800000007, -2.499999999998419];True;[-3.216949956017432, 2.5534114068747877, -4.195415572842772, -4.278479058628115, -4.744646086583413, 2.2992876711128734, 2.67854908599367, -3.592173845424247, -2.3184266938833256, -4.859642145097199];157.3776904999977
[3.524491440000013, -2.4999999999987144];True;[-1.6001085585399002, -2.021738549865083, -2.2638918020680325, 2.2339509055412528, 3.445492117426835, -4.661558819923874, -1.5842159296576588, 2.3448396513556267, 0.0880189793785906, -0.009904092247753987];153.27486529992893
[3.3747211440000036, -2.0623605];True;[-2.2406638230387097, 2.6067569029414317, -2.3097213407448476, -0.6190517635848358, -4.469814018000924, 3.8156944020235484, 2.7512653368333155, -3.467260297801298, -2.3184266938833256, -4.711737472071491];154.16386960004456
[3.806666712000001, -2.4999999999803855];True;[3.363047016798248, -2.8318761580405463, 3.3830973463716885, -1.5130842392576072, 0.92921483954599, -1.1290917611879578, -0.17108767952597148, 2.606428951806649, 3.8635484066188592, 0.5343799036078629];150.85140859999228
[3.1403088720000083, -2.0136453];True;[-3.0537824689507604, -2.5440455171166185, -4.322424468501474, -1.1746836698272316, -4.977705854937936, 0.520082993244813, -3.736017833155401, -3.7819854194283193, 4.047932292895979, -2.7927097176160554];155.5196429999778
[3.478188816000011, -2.4999999999991847];True;[2.095734249042643, -1.1433823620342096, -4.340363875015608, -1.9138872391064519, -4.789574979810904, 2.8761156937329777, -2.5017563890257817, -3.256334277475494, 4.016795757647053, 2.7838842610445393];153.843389900052
[3.4710456960000133, -1.7971131];True;[-1.315306601886801, -2.6692529172142896, -2.424492476937731, 1.6553140916107887, 3.329213082377527, -0.47621811569562444, -3.5225925708569283, -0.5852234049469218, 0.6086735746137091, -1.1035699063737523];151.84586140001193
[3.405540024000009, -2.49999999999915];True;[-1.5994711588668176, -4.099926433334048, 0.7295120211926616, -1.916793493847345, -1.484020127051267, 1.2552924084254595, -1.6050993713977522, 2.3223510474704723, 0.12607962290242392, -3.2640218916564887];153.23827520001214
[3.6047289600000116, -2.499999999999105];True;[-2.152581009210964, -1.497533886370341, 1.696803979406475, -0.5702395540142036, 2.466045031766055, 4.680531808969344, 2.87850726916411, 0.4988743457671605, -3.6074541946367433, -4.707328738839343];154.56586770003196
[3.28893933600001, -2.499999999999744];True;[-2.2524593143373375, -3.3800127284573196, -2.488084933116332, 0.49894193505204765, 2.6876045349434, 1.7915926087447005, -3.506260476565506, -4.9596319801081155, 0.5590410843611796, -3.885034726184231];157.46914649999235
[3.580668288000008, -2.4999999999978098];True;[1.7303997280978123, -3.680602812439839, 1.9074413320994261, -2.639105781765233, 3.4862214165174117, -0.5716700554398937, 4.079658753436711, -4.71495136076873, 0.4257780281032053, -1.4514548704315997];159.78775500005577
[3.398260392000002, -2.4999999999869136];True;[2.3547859817921424, -3.518562934792666, -3.268015419027247, -0.2596538508380819, -1.5249414204416378, -2.661721754135854, -0.24199548261500503, -0.1492492650180205, -3.6775063624319055, 3.0737347620147446];154.7984067000216
[3.3124142160000094, -2.3292939];True;[-4.1738793270607575, 2.6067569029414317, -4.146840803080641, -4.302932562391972, -4.940289535476038, 2.397797029930447, 2.746942906496761, -0.455423959081225, 0.9102262725314019, -4.4898620810088286];153.8994565999601
[3.5498446560000008, -1.135891];True;[1.9991241419829162, -1.1433823620342096, -3.4831677072237124, 2.1269111044935363, -0.6787037035923191, 1.5191209919204294, 4.219987839329427, -4.6651707618654035, -4.859668293492012, 2.109608740774174];157.7425927000586
[3.389634864000013, -2.499999999999786];True;[-3.46894611436979, -3.1874988159743314, -2.7821032210462358, -3.18374837476968, 4.117993903698922, 1.3551417368440344, -3.75861509767077, 3.9099325643272573, -3.7708287372200147, 0.4961925472028632];154.82111379993148
[3.441772296000012, -1.9590387];True;[4.939145734801679, -2.0218583200731945, -4.583337377111196, 1.7756488330091684, -1.68281603376295, -4.859306795092734, 2.1025919666295616, -3.2305393400505276, 2.52579890324684, -2.8240440926990242];158.96782639995217
[3.7860374160000045, -1.906368];True;[-1.7259839014835898, 1.2960842920734754, -2.3790670571365427, 1.883589285910923, 3.479122002743758, -4.215018561412, 3.125048155077649, 1.3734322713413967, 2.816926325176385, 2.4253984884066773];151.97122930001933
[3.494491200000005, -1.6113738];True;[-2.2524593143373375, -1.3269026148782617, -3.5093029077764504, 0.49894193505204765, 4.653977186079965, 1.744211166324176, -2.1213360475384433, 0.20554647620201938, 0.5516569020636254, -3.8623186307304427];155.66404730000068
[3.396769344000003, -2.4999999995628275];True;[1.558011566517973, -0.454440960353393, -1.1091290107824754, -4.2395005687860206, -4.97376183596251, 0.5857582217776365, 0.5431686160073554, -3.0530102746448455, 4.047932292895979, -2.847174321899698];150.5949708999833
[3.2842741680000067, -2.499999999996691];True;[-2.2023301202351897, -2.3957750805392837, -4.0934943488877105, 1.131564919988323, 2.7024048763570496, -4.891804447882197, -1.4211405676650148, -4.459710210075427, 0.009564954321932717, 0.4704580430937586];161.17840400000568
[3.464861400000005, -1.808961];True;[-3.597301041265343, -1.7530214556985513, 3.439270240528198, 0.48639284112370795, 2.5766801502521117, -0.7863468071634863, -0.5781049038637036, -2.0497215864349503, -3.647178081018361, -0.8804277099195374];156.00422130001243
[3.3338617200000114, -2.499999999997956];True;[-0.36386760441707544, -3.4806337052229095, -2.4095627964000554, -2.717692454729883, 3.5361298369235747, 0.7747306635110887, -2.6451253259228427, -4.7044018553283244, 0.6166467306937697, -1.4607453325205366];154.74938570009544
[3.4745295600000086, -2.4999999999987983];True;[-2.2610111093549925, 0.830541374759707, 1.6330695079833537, 3.1973673797876914, -2.1693764441790244, -1.688849350283082, -3.618255347030956, 1.0290126194759701, -2.502286939537119, -0.7923503359420412];159.32889099989552
[3.6493811280000066, -1.9095106];True;[-4.684514410054585, 0.8616240758199367, -0.9686403906343544, -2.2632210575457377, 2.7119609572833614, -1.0519524674289518, 2.7846105815131064, 3.9500981791450247, 1.2052166677363392, -0.7923503359420412];148.17229199991561
[3.5567102160000004, -1.9058858];True;[-2.7066621463997187, -3.6122502608801934, 2.1141478337225665, -3.8546973949250876, 3.776074247815413, -0.11721079904680565, 3.022751216042937, -3.9250185451713584, 2.238758757151785, 0.5265924221160407];156.48954940005206
[3.361944096000005, -2.4996545538];True;[-4.135543879557614, -1.538056946898697, -4.231929566834106, -4.454168000825847, 2.2143624840723812, -1.1569970817858621, 2.866255616980466, 2.5931907035774997, -4.063236872970977, 0.351684915307366];151.12404100003187
[3.2358279600000066, -2.4999999999990914];True;[-1.1177281553047758, -2.400458926216794, -4.179682172253445, -1.9376335358393497, -1.7344034606672976, 0.1484152872698612, -2.752543423020488, -4.495236116502589, 2.715915616930303, -1.6398103288114285];156.6418228999246
[3.300724512000003, -2.4999999999985834];True;[0.3675439581662545, -3.1947239189765453, -2.1686991716400734, -3.863380069769944, 4.269709556665202, 1.3551417368440344, -3.274162348160891, -4.608382886778114, -3.6995361321819904, 0.42780815779197995];154.58707730006427
[3.62280859200001, -2.4999999999990443];True;[3.0325005099441094, -3.159293258822303, -2.7821032210462358, -3.1975534963518326, 4.117993903698922, 1.3551417368440344, 0.5206167443115273, 3.9099325643272573, -3.7708287372200147, 0.4961925472028632];155.22332290001214
[3.420117648000001, -2.499999999996136];True;[4.252579891060055, -2.538102332029424, -3.4805136438881354, -1.1884887943479718, -0.27885185615028396, 0.520082993244813, 4.011700597878384, -4.279582085089856, -4.271565723957817, -1.6084759537276643];152.9803739999188
[3.304327392000012, -1.7023538];True;[-1.3177621836596654, -1.430094146834708, -2.4163450698913205, -2.6973603089170073, 1.0493342476174456, 0.7969981890209675, -2.3700321834299816, -4.7921281782425496, -3.3240548100365377, 2.2795416172630034];156.65147120004985
[3.2058765360000048, -2.2344372];True;[-2.32434041655016, -2.400339156008682, -4.1698037351217705, -1.9119492654906307, 3.266104381825124, -0.7018395236825871, -4.783624260563391, -2.1747355290764303, -3.5693514229269283, -0.009904092247753987];159.24277749995235
[3.3206014800000045, -2.499999999987033];True;[-2.2028396022767884, -4.89769419146789, -2.39481452294028, -3.01664986450695, 4.499946413344811, -0.4099696258232054, -4.161414849722901, 2.717861147756894, -4.063236872970977, 0.46035420434555707];155.17097829992417
[3.454359048000011, -2.4999999999955804];True;[-0.26195917027662685, -3.4806337052229095, -2.4095627964000554, -2.717692454729883, 3.5361298369235747, 0.7747306635110887, -0.25792056782182726, -1.9796415592649854, 0.981357004157857, -1.4607453325205366];152.22474840003997
[3.3179727600000097, -2.499999999996565];True;[-0.4812500746929278, -0.8760759081312461, -2.331694779261908, 2.878503431596031, -2.1905091692591947, -2.910680751364975, -3.9492894153730496, -2.948811134464319, -1.961990300658086, 1.1815956643861283];159.68296510004438
[3.5358949440000007, -2.4999999999985807];True;[-0.8481021856966287, -4.748407487259316, -4.919007333205228, 3.9937084532640057, -4.77533071207671, 2.6030628540477334, 3.159142307142407, -1.0836797628561574, 1.4391912568702496, 1.6782634643694219];150.72550160007086
[3.8397257280000097, -2.3434172];True;[-1.7259839014835898, 1.2960842920734754, -2.41002222679632, -2.157209042182399, 3.479122002743758, 3.875313388926932, 3.1565715105221703, 1.3175475218714028, 1.3082734535397746, 2.4253984884066773];147.81781749997754
[3.8471934960000036, -2.331124];True;[-0.8192710818367583, 1.225502170381735, 4.008139507557555, 4.000591060716159, 0.9152929427345988, 3.154808542632007, 3.657176971362469, -0.9824109112322037, -2.435049570160537, -1.8139763886027953];153.8429701999994
[3.3117381360000113, -2.499999999952535];True;[-1.2416994331148934, -2.538102332029424, -1.9966404737738168, -1.2106673650116468, -4.375559271725389, 0.520082993244813, 0.0978417147856172, -4.411017509807733, 4.0696706435254795, -2.7927097176160554];151.30587849998847
[3.230206992000009, -1.020321];True;[-0.36386760441707544, -3.4806337052229095, -4.019305102330016, -2.717692454729883, 3.5910196614381595, 0.7580623935076214, -3.912648016644158, -4.944950738174304, 0.671774269148568, -3.235103696389762];153.6732146999566
[3.5924148000000127, -2.499999999998724];True;[4.252579891060055, -2.538102332029424, 2.968054386985503, -1.1884887943479718, -4.375559271725389, 0.5367512632482803, 0.0978417147856172, -3.2346634464685717, 4.047932292895979, -1.4508462166439349];151.80280599999242
[3.331178784000008, -2.3009627];True;[3.2344971926823707, -3.176045638298659, -2.398052069059532, -3.8567888000959067, -4.977705854937936, 0.520082993244813, 0.5431686160073554, -3.7748719424390895, 3.6996889282459064, -2.7927097176160554];154.90258659992833
[3.3556649760000115, -2.0473985];True;[-4.164898998625587, 3.1554064071161694, -2.4095627964000554, -0.751347571603248, -1.8600277289755895, 0.15199393769867775, -3.434565388952462, -3.9825766033873986, 3.2559606552278666, -1.8055023861532185];154.97052660002373
[3.1760156160000053, -2.4999999999907567];True;[-3.079188966084361, -2.6128126469594797, -4.146840803080641, -4.3120845640284955, -4.719864475282904, 0.48327858477651775, 2.746942906496761, -3.592173845424247, 3.9301064594779374, -4.859642145097199];159.0366847999394
[3.3188883840000045, -2.499999999997317];True;[-0.9338880651773762, -2.0218583200731945, -4.03042317728176, 2.2130341794900135, -1.6814180780902597, -4.859306795092734, 2.1025919666295616, -4.0599953677232445, 2.54753735931865, -2.8240440926990242];159.3099792000139
[3.180803688, -2.499999999999394];True;[-3.4632031005835118, 2.5844941079519836, -2.7612416033160225, -4.302932562391972, -4.965682218959001, 2.410294380542456, 2.7843041784623166, -3.592173845424247, -3.774782286130676, -4.859642145097199];160.37625059997663
[3.500192304000005, -2.4999999999996096];True;[-4.512423176669214, -3.61729471194445, -1.0173231982295583, -1.8932562647811777, 2.7119609572833614, -1.1504617988877253, -0.3628092324986929, 4.387086957954569, 1.092842183496113, -0.7923503359420412];152.83570319996215
[3.707339976000007, -2.2745458];True;[1.5250304357647464, 1.4827806200534805, 3.166002203282413, 0.057993897082923906, -3.8530983228579214, -0.2674195264300005, -1.177961956775862, 1.1181319483500531, 2.216052129895676, 0.16856092604265527];150.36813199997414
[3.3249702960000125, -2.499999999995903];True;[-1.3177621836596654, -1.4303048533416967, -2.3354001163711775, -2.6973603089170073, 0.9960184131120677, 0.8080536532639814, -2.4445263798740458, -3.0369473723601113, -3.0207470610423703, 1.212828565170453];152.61039120005444
[3.0596767200000015, -1.8560848];True;[-3.5338174941243032, -3.34304987317384, -4.197655923774682, -0.24438555309599164, -1.659555454518875, -2.5837188208200956, -1.0235025276479255, -1.8506503512055315, -2.204176270555007, -4.907782954870866];163.70084419997875
[3.3027855840000035, -2.499999999996135];True;[-2.1517859471276854, -4.998474472857972, -2.488084933116332, 0.49894193505204765, 2.68879511631042, 4.657590642531505, -3.402158274339587, -4.9596319801081155, 0.5590410843611796, -4.697495711590515];159.70796130003873
[3.1250562480000106, -2.4999999999972586];True;[-2.3237030168770776, -4.7920566346661495, 0.7295120211926616, -1.8776649384288338, -1.563626375570202, 1.2552924084254595, -4.813550963135103, -1.8009594988023867, -4.070685777878717, -3.2640218916564887];151.8793411999941
[3.3399648000000113, -2.4999999999952127];True;[-2.2524593143373375, -3.3800127284573196, -2.488084933116332, 0.49894193505204765, 2.6876045349434, 1.7915926087447005, -4.863494799271811, -1.8873466640930516, 0.5590410843611796, -3.2378106675664675];155.48876460001338
[3.2418822240000007, -2.2336425];True;[-0.36386760441707544, -3.4806337052229095, -4.180254859060494, -2.7193094026359197, 3.26841910467129, -0.6293599556396452, -3.4932881312621937, -2.149081862345949, -3.34330634984597, -0.02216642421517978];155.70492869999725
[3.3761726640000047, -2.4999999999988476];True;[-1.1177281553047758, -2.0218583200731945, -2.25847183588135, 2.2130341794900135, -1.68281603376295, -4.859306795092734, 2.1025919666295616, -4.408843469678174, 2.8480157683815834, -1.7103386803965797];156.08908220008016
[3.1986703440000097, -2.1068883];True;[-2.9791667649531233, 2.5844941079519836, -4.146840803080641, -4.192553998371993, -4.795220651025981, 2.397797029930447, 2.7843041784623166, -3.5878665640539493, -2.758368392362007, -4.419990387819155];155.7978477999568
[3.2772230640000095, -2.499999999996307];True;[-2.3237030168770776, -4.099926433334048, 0.7425713590578957, -1.9120260119919, -1.6633710288116434, 1.2552924084254595, 0.9215195733234842, -2.091865827536804, -3.5312984608876077, -2.7738828620283296];153.37525140005164
[3.32989315200001, -2.4999999999959237];True;[1.2430462625565633, -3.518562934792666, -4.964434187858894, 1.056393008439771, -1.659555454518875, -2.5275096157836794, 0.5617767222091318, -1.101245923661148, 2.7871460258223175, -4.91533943018723];159.1783935999265
[3.1501392480000057, -2.4999999999994182];True;[-2.3227251482332867, -3.373869591621006, 0.7295120211926616, -1.9120260119919, -1.563626375570202, 1.2491004193404716, -4.771603395462787, -1.6747258312201905, -3.8445868418267732, -3.8756339150560355];156.9683349999832
[3.684397104000009, -2.4999999999984843];True;[-2.0678129684428597, 2.5720364556030466, -1.0173231982295583, -2.245179986000344, 2.7119609572833614, 2.7484074591507697, 2.679869527674974, 0.5416813362214739, -1.7573542805124127, -0.7923503359420412];149.1120610999642
[3.116245608000001, -2.4999999999951195];True;[-4.164898998625587, -3.5098743928522227, -2.4095627964000554, -2.6570275885023853, -1.8861898840968672, 0.7746225850405132, -3.8994006258316944, -3.9881679855678893, 0.6166467306937697, -1.8055023861532185];156.83001359994523
[3.7151792640000014, -2.499999999998453];True;[2.2009607166501994, 1.163052424731055, -3.622637208913149, 1.1584971668031048, 1.7889567972004716, 2.9070156992581175, -2.9363110586545362, 3.6504379714783766, 1.2726295158779717, -2.783566535766062];152.08953279990237
[3.7260228960000057, -2.499999999999452];True;[0.49186249336294985, -3.784015612508096, 3.713099765357807, -1.5130842392576072, 0.92921483954599, -1.1290917611879578, -0.4823836746703518, 2.606428951806649, 3.935828497007803, 0.5331941528719364];147.8571189000504
[3.2203286640000024, -2.499999999977911];True;[-4.116968543646932, -3.1947239189765453, -3.5274290515457754, -3.1869638314990354, -1.7274316391419167, 1.3046005466991657, -2.904388205963253, 3.8442253313028862, -3.0494869644329676, -1.5521478334573866];151.66872119996697
[3.378189672000001, -2.3431675];True;[-0.44677252840002835, -2.5566126640145295, -4.176246756001843, -1.1746836698272316, 3.2437029598807605, 0.5185305299375352, -3.736017833155401, -3.757819013733066, 4.047932292895979, -2.7643654359316225];154.05065430002287
[3.3864862320000104, -2.499999999998402];True;[-3.46894611436979, -3.1874988159743314, -2.8171893138471793, -3.18374837476968, 4.117993903698922, 1.3551417368440344, -3.7666489774152976, 3.9099325643272573, -3.778937174046888, 0.4016555250239553];154.5029587999452
[3.1864857840000065, -2.4999999999955196];True;[-1.1177281553047758, -2.400458926216794, -4.179682172253445, -2.7240314653887188, -1.7344034606672976, 0.7711520130822721, -2.808418295757399, -4.495236116502589, 0.6510498553416468, -1.6398103288114285];155.43654949998017
[3.3865819200000065, -2.4211641];True;[2.991802336379111, -2.534518240642477, -4.422700227964077, -1.1950778518157406, 4.269709556665202, 1.3551417368440344, -3.274162348160891, -4.608382886778114, -3.424609330621568, 0.4289939085279064];154.98266450001393
[3.4084525680000004, -1.9913659];True;[-3.22269296980371, -3.1874988159743314, -4.167702307047398, -3.18374837476968, 4.68468584058035, 1.3426443862320137, -3.75861509767077, 3.9099325643272573, -2.314473141441314, 0.4961925472028632];152.67183659994043
[3.2408285760000126, -1.046487];True;[-0.7725454195775461, -3.2074625081625787, -2.3385920555985518, 2.2130341794900135, -1.735801416339988, -4.859306795092734, -2.752543423020488, -4.441852350451457, 2.3732401203790965, -1.6398103288114285];158.04197439993732
[3.130540704000012, -1.9311246];True;[-4.14847282150423, 2.67552319714234, -4.322424468501474, -1.1653697892458026, -4.995325781240848, 2.4346014383496546, -3.736017833155401, -4.015264221092169, -2.202057075230521, -2.7927097176160554];158.55918770004064
[3.4364208960000058, -2.4999999999962768];True;[2.6719925206783213, 2.5534114068747877, -4.959113875570725, -4.278479058628115, -4.744646086583413, 2.2992876711128734, 2.7422471551370933, -3.6941401979722044, -3.8171036584967513, 3.1201000704159823];149.31820450001396
[3.388229352000005, -2.4999999999976534];True;[-3.9834047962680454, 0.6651879070440176, -3.5372543304486923, -2.2214063838572686, 4.73314409293789, 4.084662514329258, 2.569249398202888, -4.861177466188808, -3.0793024446243225, -4.7072245525844085];160.58658630005084
[3.3041399040000115, -2.49999999999677];True;[-0.4812500746929278, -0.8758652016242576, -2.4126397327820506, 2.878503431596031, -2.1371933298679378, -2.910680751364975, -3.8747951894414907, -4.702976899321065, -1.961990300658086, 2.248308716478672];154.81683310004883
[3.591366768000009, -2.4999999999991744];True;[4.171031405032401, -0.5002583021931206, -1.1100943046998593, -4.189720509655473, -3.282107066845682, 4.739457584085197, 0.4130612911723559, -3.043238610830943, 0.8292317983105768, 1.0396223321556217];149.87828249996528
[3.3659889120000037, -1.868538];True;[-2.253763858462215, -3.057224063579094, 1.696803979406475, -2.814700199648917, 4.513768481227328, 1.812697380964195, -4.261283772770692, 0.4988743457671605, -3.6074541946367433, -3.8948654469987565];158.05232580006123
[3.2287734000000095, -2.2648114];True;[-2.3237030168770776, -4.099926433334048, 0.7295120211926616, -1.9120260119919, -1.6633710288116434, 1.2552924084254595, -0.1711052021434991, -2.091865827536804, -3.5312984608876077, -3.911245950272545];154.89006970007904
[3.369383352000002, -2.499999999999168];True;[3.238729085864062, -3.1947239189765453, -3.3788765252609965, -3.1229136250627407, -1.7274316391419167, 1.3551417368440344, -2.904388205963253, 3.8442253313028862, -3.767642718187383, -1.5521478334573866];153.27346689999104
[3.279654792, -2.499999999998317];True;[-2.32434041655016, -2.400339156008682, -2.399110719723973, -1.910332317584593, 3.5338151140774086, 0.7022510954681465, -4.780577441918629, -4.727633227811916, 0.3906156667286449, -1.4484830005531];155.95392380002886
[3.23678743200001, -2.499999999998408];True;[-0.7725454195775461, -2.0218583200731945, -2.2737719741815132, 2.2130341794900135, -1.7344034606672976, -4.859306795092734, -3.0327076173930365, -4.647243093345692, 2.533589962669896, -2.75351574111356];158.07467240002006
[3.529741536000011, -2.3548421];True;[1.3243598378818409, -0.41744586156701313, -1.1100943046998593, -4.300099073675453, -3.2400470738841944, 4.739457584085197, 0.35329399457756594, -3.0475458922012386, 1.2691742787599432, 0.6429016523517626];152.2880482999608
[3.2457967920000024, -2.499999998233474];True;[2.9875704431974195, -2.5158399599645915, -4.333422220362887, -1.1884887943479718, -4.977705854937936, 0.520082993244813, -4.95422081372865, -3.2346634464685717, 4.047932292895979, -3.282848747244215];152.65802400000393
[3.4290900720000126, -2.499999999999004];True;[-2.2534371829811284, -4.106069570133854, -2.488084933116332, 0.49894193505204765, 2.6876045349434, 1.7977845978296885, -0.2943606999316626, -1.8873466640930516, 0.8725669207249636, -3.2734227027844427];153.75184889999218
[3.4221620880000025, -2.499999999999659];True;[0.5132268369461732, 3.1848588661167594, -4.019305102330016, -1.7908335741727344, 3.5910196614381595, 0.7581704719781969, -3.503687652501883, -4.936617203721085, 0.671774269148568, -3.235103696389762];154.8944548999425
[3.1860760320000097, -2.499999999999145];True;[-4.29591047706965, 0.8652618220759816, -4.146840803080641, -4.296519983876361, -2.8359040310657924, 2.39126265689502, 2.7459288678662466, -3.592173845424247, -1.6719710748313323, -4.859642145097199];158.4436762999976
[3.5248130640000013, -2.4999999999991664];True;[-3.220140647591873, -1.1004807035330753, 4.575209770156483, -1.8912062483767937, -0.6787037035923191, 1.5191209919204294, 3.7087469125898016, -4.370397325238159, -4.665940508823277, 2.109608740774174];157.73435489996336
[3.0861609120000075, -2.4999999999983538];True;[-2.9708775211092755, -3.468066558323715, -2.555735701725736, -2.717692454729883, -4.536597742609052, 0.7762831268183664, -2.6451253259228427, -4.704773198822242, -0.010505413821877196, -1.489089614203587];151.92598059994634
[3.1643349840000115, -2.499999999996545];True;[-3.976256725063961, -2.8305847358328435, -2.5228186292719057, -1.8758869238426366, -1.080786783672547, 4.104443013418244, -0.16111930482586898, -4.62146051329257, -3.008602150315901, -4.729931382939938];152.25248650007416
[3.388141872000011, -2.1323775];True;[3.384796447718359, -3.7827241903247177, -3.386382332894265, -1.878928959748483, 4.73314409293789, 4.135172755489284, -0.47241529997024934, -4.64024901359282, -3.726757904069372, -4.7072245525844085];159.57828060002066
[3.352048488000012, -2.2738837];True;[-2.153090491252563, -4.888661647587691, 1.7318918494848057, -2.814700199648917, 4.514990423932284, 4.680531808969344, -4.149147693778875, -0.7371278119202964, -3.5993457578098695, -4.597914256096316];152.933152899961
[3.2709430800000048, -2.4999999998475824];True;[-1.1177281553047758, -2.6092191309290502, -4.179682172253445, 0.04336760715387866, -1.7246876418383084, 0.1484152872698612, -2.752543423020488, -4.495236116502589, 2.716661497904222, -1.7968278709235532];170.38842680002563
[3.494676528000007, -2.499999999997631];True;[2.5410951357246367, -1.1433823620342096, -4.321357636328728, -1.191744123189464, -4.788515926489594, 2.397732195753839, -2.5017563890257817, -3.2936385387933855, 4.1083023937308525, 2.7838842610445393];153.04067939997185
[3.381177816000003, -2.1057245];True;[-2.3237030168770776, -4.810787458490573, 0.7295120211926616, -1.9118808596544268, 2.555259033688351, 1.2113949255374983, -4.821478021504102, 2.283425332881514, -3.5312984608876077, -0.04442165842888124];156.7304240000667
[3.367260720000001, -1.8171605];True;[-2.153090491252563, -4.888661647587691, 1.696803979406475, -2.814700199648917, 4.514990423932284, 4.680531808969344, -4.528253681998964, 0.4988743457671605, -3.6074541946367433, -4.707328738839343];161.27871770004276
[3.298200768000012, -2.4999999999986273];True;[-1.004624997388191, -2.397440296972406, -4.146840803080641, -2.782883228628449, -1.4364393116221177, 0.48327858477651775, 2.793574867170304, -3.5845758891623407, 2.430090591749314, -4.859642145097199];162.25950630009174
[3.0703719600000126, -2.499999999997769];True;[-4.29591047706965, -0.24598637515441624, -2.295858377849722, -4.296519983876361, -1.674733401326749, -4.009369747524919, 2.7338578865954055, -4.380172570268227, -1.6719710748313323, -4.916518840319801];162.88903530000243
[3.6001154160000133, -2.0694568];True;[-3.229542466486895, 0.830541374759707, -1.0173231982295583, -2.2387757247958096, -0.697218073132241, -1.2175034712220467, 2.6788554890444596, 3.9500981791450247, 1.2052166677363392, -0.7923503359420412];153.82491149997804
[3.644398224000006, -2.4999999999943534];True;[-2.2610111093549925, 0.8606950041975625, -1.0173231982295583, -2.551075132532027, 2.7119609572833614, 0.7918675028055158, 2.6788554890444596, 0.4864812655126163, 0.6140368918086274, -0.7923503359420412];153.6446073000552
[3.9288071520000023, -2.42953427];True;[-1.7259839014835898, 1.2379485912124202, -2.3360126642482664, 1.883589285910923, 3.479122002743758, 3.9817515800014274, 3.0315062572938247, 1.3734322713413967, 1.3384426408518424, 2.4253984884066773];149.28418700001203
[3.1641518160000075, -2.2965114];True;[-3.976256725063961, -2.8305847358328435, -2.5228186292719057, -1.8758869238426366, -1.080786783672547, 4.104443013418244, -0.16111930482586898, -4.629951260313535, -3.008602150315901, -4.729931382939938];157.46993999998085
[3.269939112000006, -2.4999999999994658];True;[-2.3257060311546636, -2.0619251775098424, 0.6542015465800002, 2.425406552390316, -1.7344034606672976, -4.859306795092734, -3.060820450300154, -4.647243093345692, 2.5443800610245226, -2.7485056158324195];162.98754330002703
[3.5727346080000055, -2.4999999998916076];True;[1.732550256659957, -3.068401280740773, -2.794025923766724, -2.562700343588942, 3.5343330624414113, 2.276626637186581, 2.64103728576909, -2.8035783826470912, -1.9330727478017269, 1.1815956643861283];152.98011749994475
[3.3760221120000127, -2.499999999995632];True;[4.137094019332908, -3.563768517778792, -2.5051513098785003, -2.736450485737979, -4.536597742609052, -0.2177335408243003, -1.1244592405888465, 1.1439763858355592, -0.010505413821877196, -1.489089614203587];156.31250430003274
[3.7430629200000123, -2.2538058];True;[-3.0183473761336908, 1.1526041340555664, 4.474457164091149, 1.1811781565000725, 1.7889567972004716, 2.9196692918989005, -2.887814528304853, 3.918836792038402, 1.4204277166780244, -4.860034116684015];157.1278064000653
[3.4946704800000035, -2.0271337];True;[-4.571352776679359, -3.3983116185541418, -1.0173231982295583, -1.8932562647811777, 3.19077668417176, 1.17378186603606, -0.3628092324986929, 4.387086957954569, 1.1082867714879894, -4.026587152378983];156.72677469998598
[3.8386107360000032, -2.4999999999994054];True;[-3.0567992755341247, 1.242351322639313, 4.460415096094533, -2.5577000336430498, 2.7585149901855215, 2.276626637186581, 2.6615592728015907, 4.156640601570591, -2.1246030055420855, 0.6964539011142115];151.71401929995045
[3.2361195600000006, -2.4999999999984706];True;[-3.1497024917033194, 2.632612973050933, -4.146840803080641, -4.302932562391972, 4.200135561561723, 2.397797029930447, -3.2347084428770887, -4.597915836836024, -2.3184266938833256, -4.859642145097199];163.85829960007686
[3.318871104000004, -2.1413024];True;[-0.36386760441707544, -3.4806337052229095, -2.3752081308907567, -2.6899857087274426, 3.5361298369235747, 0.6781989525911152, -3.257429908769911, -4.751635149695973, 0.6166467306937697, -1.4607453325205366];157.45379989990033
[3.2413214880000067, -2.4999999999995994];True;[-2.37466414752296, -4.099926433334048, 0.7295120211926616, 2.692857172728822, -1.66184702912956, 1.2552924084254595, -4.813550963135103, -2.091865827536804, -3.5106263630654424, -3.2640218916564887];159.05661919992417
[3.2547549600000085, -2.4999999999995572];True;[-3.4632031005835118, 2.5844941079519836, -4.154644496378408, -4.302829767041772, -2.8021633004402453, 3.057872105455968, 2.744086409935585, -3.592173845424247, -1.728697553302361, -4.859642145097199];157.55183999997098
[3.2558965200000096, -2.499999999997681];True;[2.9875704431974195, -2.5158399599645915, 0.6730220705696119, -1.1658118466035925, -1.7776609188323347, 0.520082993244813, -4.953820203434584, -3.2346634464685717, -3.7140773025948004, -3.282848747244215];160.27314139995724
[3.213941328, -1.24302];True;[-2.2524593143373375, -3.369382563873797, -2.488084933116332, -3.190867930776087, 2.6876045349434, 1.8259600413852213, -3.5631682020331548, -4.702082873037497, 0.5311014462490509, -3.885034726184231];155.01226640003733
[3.443809824000013, -2.4999999999991696];True;[1.9991241419829162, -1.078180218948613, -3.4831677072237124, -4.327121240089862, 0.011516532614402886, 1.4673307510637084, 2.718252537930383, -4.774401257674565, -2.282133608716036, 1.9844118852570323];154.22525110002607
[3.337842384000006, -2.49999999999845];True;[1.4817426043159885, -2.5407774602146667, -4.322424468501474, -1.1884887943479718, -4.977705854937936, 0.7654819967893689, 0.352165035214404, -3.2346634464685717, 4.029529734269485, -3.0350640436715217];151.9570750000421
[3.2755769280000124, -2.4999999999983875];True;[-3.9585129014386196, -2.0089939640965406, -2.25847183588135, 2.2130341794900135, -1.6915757275261454, -4.823875074920524, 2.1025919666295616, -4.850617346562372, 2.54753735931865, -2.8240440926990242];164.75363809999544
[3.14447875200001, -2.4999999999973883];True;[0.5218271999243418, -3.9646305703367473, -2.527052583662047, -2.717692454729883, -4.536597742609052, 0.7578887441182202, -2.6863915177273965, -4.941023875596885, -0.03952203307267327, -1.489089614203587];156.17814229999203
[3.2012547840000045, -2.2994054999999998];True;[-1.6001085585399002, -2.2630695875751865, -4.1698037351217705, -2.1156278586748885, -1.3572681992007465, -0.657942040794905, -1.564329524611046, -2.1358097671306293, 0.0997119434001319, -3.229503877061013];156.34411700000055
[3.1134011040000047, -2.499999999997035];True;[-3.192292113616976, -2.6158312762038682, -4.179682172253445, -4.253231740787297, -4.934587329193994, 0.7711520130822721, -2.855047950686604, -4.50283393160867, 4.34111113868746, -1.6398103288114285];153.98611269996036
[3.111311952000012, -2.499999999996484];True;[-4.14847282150423, 2.67552319714234, -4.341430707188354, -1.5629252200215493, -4.9944227854242165, 2.9129849363287934, -4.632080478345307, -3.9779599597605437, -2.296281566091926, -2.7927097176160554];163.8458065999439
[3.440237832000009, -2.2934643];True;[-1.1177281553047758, -2.0218583200731945, -4.109453307930664, 2.2130341794900135, -2.8439866635015907, 1.5968999825747534, 2.1146629479004027, -3.6188949884244113, 2.54753735931865, -2.689965958775175];155.1821586000733
[3.571152840000008, -2.499999999998219];True;[-4.72437064738189, -1.1004807035330753, 4.575209770156483, -1.8912062483767937, 2.7304752413072144, 1.586162664130219, 3.7087469125898016, -4.1970607913407, -4.665940508823277, 2.109608740774174];159.38893719995394
[3.368591496000009, -1.5979208];True;[-3.46894611436979, -3.1874988159743314, -2.7821032210462358, -3.18374837476968, 4.117993903698922, 1.3551417368440344, -3.75861509767077, 3.9099325643272573, -3.7708287372200147, -0.4780212440484217];153.11881600006018
[3.463007904000004, -2.4999999999976072];True;[1.9991241419829162, -1.0852466611759777, -3.5262221000425775, -1.9138872391064519, -0.6787037035923191, 1.4559683861891322, 4.345052509294059, -4.749737880274846, -4.831512949923431, 2.109608740774174];156.21865850000177
[3.413934648000008, -2.4999999999985176];True;[0.5132268369461732, 3.1547052248840233, -4.019305102330016, -1.7908335741727344, 3.5358820292087243, 2.7081760551184573, -3.503687652501883, -4.810934292727995, -1.6996169031400867, -3.235103696389762];160.19901169999503
[3.1205215440000127, -0.028842000000000034];True;[-0.7705424052988487, -4.0598581342738935, -2.1984614967296534, -2.1243988180114184, -1.563626375570202, 1.2552924084254595, -4.78413695582285, -1.6747258312201905, -3.5419051095684924, -3.269032016937629];159.85050760000013
[3.466934136000008, -2.4999999999990012];True;[-3.0088551858324366, -1.158732935132632, -0.9511913453042312, -3.178748064823787, 3.526199706655506, 1.3551417368440344, -3.737575063290912, 3.7635131642951256, -3.79974621687899, 0.4961925472028632];155.30685599998105
[3.2479835760000073, -2.1663778000000002];True;[-3.216949956017432, 2.6378440571246995, -4.146840803080641, -4.302932562391972, -4.744646086583413, 2.3851434372896643, 2.556647401484339, -3.5361462057705992, -2.325442771512187, -2.1370580397777053];156.09028200001922
[3.1281822000000097, -2.4999999999965885];True;[-2.2634334722760756, -3.592852685011314, 0.7295120211926616, -3.0003324955223523, -1.888138951435276, -1.0751432455846603, -4.771603395462787, -1.6747258312201905, -3.8445868418267732, -0.9954856859354693];155.45521249994636
[3.4588045440000075, -2.3237012];True;[-2.9775022211227915, 1.495756775298126, 2.4395364068841037, 0.050173284834994725, -3.843614792898269, 0.7265971412126663, -2.638860745511148, -4.706820184070129, 2.216052129895676, 0.16856092604265527];160.63167330005672
[3.257019720000004, -1.9776785000000001];True;[0.30029735084207476, -3.2427891552447314, -2.1686991716400734, -3.5294254294405434, -4.997109275872798, 1.3551417368440344, 2.744904719026978, -3.6026392308281094, -3.6995361321819904, 0.42780815779197995];152.2508735000156
[3.570566832000008, -2.499999999999524];True;[1.6013095400342967, -1.0760326433311491, -0.9663118859902082, 1.1811781565000725, 1.7212684223001047, 2.9070156992581175, -3.115491843802307, -2.9413709244940462, 1.57602432964566, -2.783566535766062];157.0670024000574
[3.6214737120000007, -2.499999999999169];True;[-2.2610111093549925, -0.13890100525608218, -1.0516778637385176, -2.1535036448133686, 2.7119609572833614, 2.8384047956519525, 2.4459859526520633, 0.619262180153004, -1.7573542805124127, -0.7923503359420412];152.33472679997794
[3.1183589520000083, -1.6441173999999998];True;[-2.0775735514221014, -4.7920566346661495, -4.275084479589914, -1.9003418861732129, -4.85443159890462, 1.2552924084254595, -4.81395085537918, -1.8009594988023867, 3.6916294668694056, -3.2640218916564887];153.13099479989614
[3.1307646960000017, -1.856443];True;[-4.29591047706965, 0.8652618220759816, -2.7534378293519173, -4.296622779226561, -4.963906212258083, 2.41045806602295, 2.7861466363929783, -3.431482325884916, -3.7180556745531694, -4.859642145097199];157.6459694999503
[3.161831760000011, -2.4999999999977365];True;[-0.7215842889267209, -0.9160718424762107, -2.2737719741815132, -2.391852148209036, -1.735927460349381, -4.859306795092734, -3.0327076173930365, -4.647243093345692, 2.5130805660835187, -2.75351574111356];165.32850649999455
[3.451876776000007, -2.499999999998867];True;[3.238729085864062, -3.2053540835600676, -3.177809608299562, 0.5668979880229643, -1.7274316391419167, 1.3207743042035136, -2.8474804804954688, 3.7325978760714267, -3.7396539293915323, -1.5521478334573866];159.8418279000325
[3.2318673840000116, -2.4999999999983586];True;[-1.135464195410463, -2.8434490918094935, -2.5228186292719057, -1.8758869238426366, -1.0720270899093518, 4.179281333743896, -0.16111930482586898, -4.406506806137322, -3.008602150315901, -4.729931382939938];164.1356200000737
[3.5668522800000044, -1.9842412];True;[3.067961911571625, -0.41744586156701313, -1.1100943046998593, -4.189720509655473, -3.2915905968054124, 4.484671510727347, 0.5442975753705174, -3.043238610830943, 0.8476050280285026, 1.0396223321556217];157.55846019997261
[3.208545432000012, -0.704348];True;[-4.174982945149402, 2.470517793678999, -4.146840803080641, -1.889655755210698, -4.797896115306484, 2.449587270787162, 4.551690578865946, -3.5673356629159065, -4.881150017570997, -4.670197895844929];160.59292270010337
[3.36429072000001, -2.4999999999948477];True;[-3.1576606548939297, 3.4705557993105502, -4.019305102330016, -1.7908335741727344, 3.5910196614381595, 0.7765648546783431, -3.462421460696878, -4.700357293538618, 0.6803532486414421, -2.8336902290831647];158.65137470001355
[3.4243058880000095, -2.499999999999068];True;[-1.2387334565541417, 2.6067569029414317, -4.146840803080641, -1.9423955520822491, -1.6212189243746997, 0.0828264403571568, 2.576270630233972, -4.437829950442703, 1.1385616716321656, -1.6847244851732786];157.8136233999394
[3.1989492000000093, -2.3262573];True;[-4.218065057216041, -3.5098743928522227, -2.4095627964000554, -2.105812952162273, -1.3581262121718023, -0.6873527769243688, -1.497811616314438, -2.1731450818096953, 0.6166467306937697, -1.7574089513401794];176.18998759996612
[3.347043120000004, -2.3628477];True;[0.5218271999243418, -0.2869173098009783, -1.1422984778165688, -2.717692454729883, -3.2928482308337523, 0.7578887441182202, 0.334824421146273, -4.941023875596885, -0.03952203307267327, -1.438554348068573];179.15291639999487
[3.310358760000007, -2.499999999998526];True;[-3.40990433327297, 2.61818942187601, -2.7612416033160225, -2.83013374884484, -4.965682218959001, 2.410294380542456, 2.7843041784623166, -3.592173845424247, 0.6633362322607195, -4.859642145097199];179.51351819990668
[3.2256936720000127, -2.499999999995403];True;[-2.2238581035334564, -1.019141425390921, -0.8520374959930149, -2.383624960217332, -1.300693084986398, 2.9070156992581175, -3.115491843802307, -2.9413709244940462, -3.713636942816973, -3.2194876373672687];180.2272396000335
[3.2410320480000117, -2.4999999999988174];True;[-3.9815251944292287, -2.832890669132038, 0.7286826327810328, -1.8758869238426366, -1.117538685433688, 4.104443013418244, -0.2189138977519549, -4.62146051329257, -2.6162306978348107, -4.720896146083353];182.28771940001752
[3.394234584000011, -2.2089951];True;[-1.149821657129365, -3.1947239189765453, -4.201867501076551, -3.148811704872638, -1.7343717674467238, 1.3046005466991657, -2.904388205963253, 3.8442253313028862, 2.677796607822083, -1.5521478334573866];154.26820400008
[3.2452006320000115, -1.7504484];True;[-1.1177281553047758, -2.400458926216794, -4.179682172253445, -2.55464613220917, -1.7344034606672976, 0.7670424791509398, -2.808418295757399, -4.495236116502589, 0.6510498553416468, 0.9132113626764352];158.5456124000484
[3.0831520320000054, -1.352921];True;[-4.835867804025687, -3.592758064711197, 0.8839085844004431, -1.9001318897837682, -2.1893614387316247, -1.0751432455846603, -4.771603395462787, -2.2612834593983244, -3.7237665912469913, -0.9954856859354693];163.75530109996907
[3.1503746880000016, -2.4999999999957545];True;[-4.339007397360498, -4.099926433334048, 0.7295120211926616, -1.8658450742580202, -1.6325621118676654, 1.2552924084254595, -4.813550963135103, -1.6747258312201905, -1.644485948163566, -3.2640218916564887];159.2947822000133
[3.1636975680000012, -1.8550184];True;[-4.1738793270607575, 2.2211193933455995, -4.146840803080641, -4.302932562391972, -4.744646086583413, 2.4379288581973446, 2.746942906496761, -3.592173845424247, -2.3184266938833256, -4.859642145097199];163.8178237999091
[3.234924648000001, -2.499999999998827];True;[-4.29591047706965, 0.7470485843058263, -4.146840803080641, -1.9022125418972882, -2.8416501984019082, 2.39126265689502, 2.7459288678662466, -3.592173845424247, -1.6719710748313323, -4.868473557510999];156.7136135000037
[3.131440560000004, -2.49999999999809];True;[-3.0537824689507604, -2.573801855644405, -4.322424468501474, -1.1746836698272316, -4.977705854937936, 0.520082993244813, -3.736017833155401, -4.466818344831008, 4.047932292895979, -2.4886681157969184];154.44656950002536
[3.330403344000005, -2.499999999996221];True;[-3.5364540900694363, -3.34304987317384, -2.689702126446714, -0.24438555309599164, 4.007624003514628, -2.5837188208200956, -1.0235025276479255, -1.8506503512055315, -2.3050201907368226, 0.5542059355651232];158.67893890000414
[3.747483360000012, -2.4999999999338716];True;[4.257111440138069, -3.465480670860725, 3.166002203282413, -2.765934752473802, 2.977964024195309, -0.25960580013222345, -1.1181946601810955, 1.1181319483500531, 2.216052129895676, 0.16856092604265527];153.77318020001985
[3.068152992000001, -2.499999999996973];True;[-2.323348765794159, -3.5926539003645757, 0.5425278238382043, -2.988730725840148, -1.5596654268732546, -1.0674565047896858, -4.771603395462787, -1.6747258312201905, -3.8445868418267732, -3.8756339150560355];163.04255439992994
[3.833481384000012, -2.4999999999996896];True;[-1.876628971828169, 1.2960842920734754, -2.3790670571365427, -2.3097824095399706, 3.479122002743758, 3.839167117291738, 3.1200102284489066, 1.3734322713413967, 1.3082734535397746, 2.4253984884066773];148.65413039992563
[3.12868656000001, -2.4999999999995293];True;[-4.14847282150423, 2.67552319714234, -4.322424468501474, -1.1653697892458026, -4.995325781240848, 2.4305975854798345, -3.818335580290931, -4.015264221092169, -2.2015854405612205, -2.7927097176160554];159.65042960003484
[2.9773854720000075, -2.499999999998667];True;[-2.0365689045219293, -4.080920568422495, -4.5290631031549236, -1.7904201602793832, -1.6633710288116434, 1.2552924084254595, -4.813550963135103, -4.912328833303155, -3.551618769953004, -3.2355583042542486];157.13165789993946
[3.0701319840000103, 5.337708];True;[-4.31434101276382, -0.24598637515441624, -2.295858377849722, -4.296519983876361, -1.674733401326749, -4.009369747524919, 2.7338578865954055, -4.372825133735592, -1.6719710748313323, -4.916518840319801];161.45684889995027
[3.000295944000003, -2.4999999999975486];True;[-4.173393721608022, 2.67552319714234, -4.341430707188354, -4.26333847591446, -4.9944227854242165, 2.9129849363287934, -4.943897959141323, -3.946617333714714, -2.296281566091926, -4.926541778979143];168.04298999998719
[3.0801096720000087, -0.5346949999999999];True;[-2.9937132375121935, -3.4797969298337312, -2.527052583662047, -2.717692454729883, -4.536597742609052, 0.7758973077767722, -2.6449332381352852, -4.940785898240718, -0.03952203307267327, -1.4981299410528015];160.4253839000594
[2.9490032880000046, -2.4999999999969083];True;[-4.164898998625587, -3.5098743928522227, -2.4095627964000554, -2.6570275885023853, -4.911418923793664, 0.7746225850405132, -3.8994006258316944, -4.077500490925344, -4.011497830933183, -1.8055023861532185];159.13484849990346
[3.9616912080000093, -2.4999999999988654];True;[-1.303735812689263, 3.792363586427525, 4.936891707309099, -0.17217679779880335, 4.114842430707023, -0.32353972002783493, -3.723570628795611, 3.898068958986638, 4.289273500975533, 0.7032081616921593];156.7842889999738
[3.130417368000002, -2.49999999999701];True;[-0.5716955684645206, -3.928595121313287, -2.277681051388935, -2.467720503360506, -1.0868680134118631, 3.489923276409594, -3.070275553905726, -4.621818117744615, -3.008602150315901, -4.729931382939938];161.9588245000923
[3.186054432000013, 1.6636749999999996];True;[-0.41716560907613154, -3.514140273239157, -2.4095627964000554, -4.190490391285389, 3.5361298369235747, 0.7747306635110887, -3.4904402616894203, -4.7044018553283244, -3.821367152383382, -1.4607453325205366];159.08216490002815
[3.074534496000009, -2.4999999999984457];True;[-2.9913629747801336, -2.2630695875751865, -4.1698037351217705, -2.6668424950150005, -1.8853318711258114, 0.8040333211699762, -3.9659149229904243, -4.544264141273594, 0.0997119434001319, -3.277597311640443];154.3797835999867
[3.3269076000000117, -2.499999999999152];True;[1.5621340728096311, -4.094960704090703, -2.4948484105445647, -4.460123519454637, -4.53533746786064, 4.739457584085197, -2.6679219268192984, -3.043238610830943, 0.8292317983105768, 0.9890870660374895];154.60773269995116
[3.4895886480000025, -2.4999999999992];True;[1.501464681941164, -4.156744932466567, 0.6152376311954766, 1.6527772940371395, 1.6625682284715313, 1.2552924084254595, -4.813550963135103, -2.091865827536804, 1.5579704429179555, -2.828100790055282];154.15689780004323
[3.1932571680000077, -2.4999999999937503];True;[-2.3204374836116046, -2.0596192442106465, -2.597299667107645, 2.425406552390316, -1.6976515589061567, -4.859306795092734, -3.003025802614247, -4.647243093345692, 2.1520186914181028, -2.7568889312095477];160.79083069995977
[3.541090824000004, -2.4999999999995466];True;[-1.9221274036282834, -3.6173893322445663, -1.0173231982295583, -2.9934568705193545, 3.013167433918608, -1.1504617988877253, -0.3628092324986929, 4.387086957954569, 1.1950418323640337, -0.7923503359420412];151.52289890008979
[3.5756961840000128, -2.499999999998759];True;[1.732550256659957, -1.03963540392273, -0.9752324018000071, -2.7270853668225987, 2.6908266152852285, 2.28073617111726, 2.6615592728015907, -2.948811134464319, -1.961990300658086, -1.3714260270079368];153.7898307000287
[3.174607296000012, -2.2046045];True;[-3.079188966084361, -2.6128126469594797, -4.146840803080641, -4.3120845640284955, -4.719864475282904, 0.4431467564429201, 2.746942906496761, -3.592173845424247, 3.9301064594779374, -4.884713973505341];159.2352619000012
[3.0565941840000055, -2.4999999999987095];True;[-4.084847230002772, -2.685300493787229, -3.5052437226279496, -1.9376335358393497, -1.7274633323624902, 0.1484152872698612, -2.752543423020488, -4.495236116502589, -3.0113529933865353, -1.6398103288114285];158.87510990002193
[3.0947229360000077, -2.4999999999982023];True;[-2.4298172260307176, -0.24598637515441624, -2.295858377849722, -4.342638964170943, -1.6752373612467728, -4.009369747524919, 2.7338578865954055, -4.380172570268227, -3.55878357055726, -3.7218115152302023];157.50300409994088
[3.0967840080000086, -2.499999999998962];True;[-2.3227251482332867, -3.2556494435752517, 0.7295120211926616, -4.3063046504706435, -1.5578802082327647, 0.9030983545535738, -4.771603395462787, -1.6747258312201905, -3.8445868418267732, -3.729479308018795];159.23476659995504
[3.121664184000006, -1.38979];True;[-3.466309518424657, -3.1874988159743314, -4.29005522263192, -3.18374837476968, -1.5504120097090834, 1.3486128663114316, -3.75861509767077, 3.9099325643272573, -3.6699848111190594, -4.830434024947952];160.64824899996165
[3.1988988720000053, -2.054754];True;[-2.2628098547152034, -3.374068376267744, 0.7295120211926616, -1.9236277816737843, -1.8920999001322232, 1.241413678544018, -4.771603395462787, -1.6747258312201905, -4.179340727438923, -0.9954856859354693];159.9172604000196
[3.3541963920000057, -2.4999999999984204];True;[-0.48853186943138915, 1.3848479310388107, -2.4095627964000554, 0.13290731004828382, -3.3418704827566073, 0.7669169372133116, -3.4904402616894203, -4.7044018553283244, 0.6166467306937697, -0.3796348314412079];158.48880910000298
[3.1856019120000134, -2.499999999999134];True;[-3.216949956017432, 2.5534114068747877, -4.195415572842772, -4.278479058628115, -4.744646086583413, 2.306263631670454, 2.7618479354737087, -3.592173845424247, -2.3188983285526263, -4.993416541823881];160.52096970006824
[3.1762547280000106, -2.2733943];True;[-3.0607582325125158, -2.6128126469594797, -4.146840803080641, -4.3120845640284955, -4.719864475282904, 0.48327858477651775, 2.746942906496761, -3.5995212786858986, 3.9301064594779374, -4.859642145097199];158.9337960999692
[3.7290227040000095, -2.4999999999990923];True;[1.8831953266625514, -1.03963540392273, -0.9752324018000071, 1.6356720435999783, 2.6908266152852285, 2.3127728900358955, 2.6615592728015907, -2.948811134464319, -1.961990300658086, 1.1815956643861283];163.80192100000568
[3.5882252640000027, -2.4999999999994946];True;[0.22609272610680553, 3.16901061619395, 1.2557473597462891, -1.912439425885251, 3.5910196614381595, 0.7581704719781969, -3.503687652501883, -2.090909064505089, 0.6921129368889096, -3.2635672837920024];168.26340749999508
[3.291156576000001, -2.171477];True;[-4.148958426956966, 2.6067569029414317, -4.146840803080641, -1.6024616489228904, -4.744646086583413, 2.397797029930447, 3.4486056621956935, -3.6235164714700754, -2.3184266938833256, -2.699925301635914];164.8009585000109
[3.150334944000008, -2.0126307];True;[0.5446632711561536, -3.952900198826703, -2.555735701725736, -2.717692454729883, -4.536597742609052, 0.7582745631598143, -2.686583605514954, -4.705005521225304, -0.010505413821877196, -1.489089614203587];158.54569400008768
[3.338088840000003, -2.3036466];True;[-3.4632031005835118, 2.5844941079519836, -2.7612416033160225, -4.302932562391972, -1.8997096294053113, 2.410294380542456, 2.7843041784623166, -4.005173416870089, 0.853949655025587, -4.859642145097199];160.20492529997136
[3.3091457040000103, 1.5967140000000004];True;[-2.2524593143373375, -3.3800127284573196, -2.488084933116332, 0.49894193505204765, 2.6876045349434, 1.7915926087447005, -3.506260476565506, -4.9596319801081155, 0.5590410843611796, -2.9495531168116083];157.62678499997128
[3.1607688240000016, -2.4999999999981597];True;[-4.125983323041707, -0.7701786700700357, -2.872124838287717, -1.8834363603599362, -1.729846230610065, -4.164360008426359, -0.43484733297702793, -4.646885488893647, 2.5130805660835187, -2.75351574111356];162.47169259993825
[3.3950400480000087, -2.3388915];True;[-3.46894611436979, -3.5956631576131137, -3.101257391989726, -3.18374837476968, 4.013643630064374, 1.3551417368440344, -3.7597175911808125, 4.796367802697981, -3.5742450646068282, 0.4961925472028632];156.97964040003717
[3.1774762080000047, -2.499999999999534];True;[-2.3237030168770776, -2.4639976614956756, 0.7295120211926616, -1.9120260119919, -1.7997654786812178, 1.2260890123170736, -4.813550963135103, -2.091865827536804, -3.381261569404176, -3.2640218916564887];154.83282959996723
[3.43433260800001, -2.4999999999984674];True;[-1.6001085585399002, -4.112661168671372, -4.1698037351217705, -1.97538155109973, 3.5941006097835446, -0.6726361275744848, -1.5842159296576588, 2.239481482267162, 0.0880189793785906, -0.009904092247753987];150.9602285999572
[3.3223921200000035, -1.7705896];True;[-2.3227251482332867, 1.2105018125020333, 0.7295120211926616, -1.8980368851596583, -1.563626375570202, 2.8946418170380914, -3.1096634387549376, -1.6059135823142212, -3.8445868418267732, -3.8756339150560355];156.18381189997308
[3.3186430080000133, -2.1513353];True;[-3.456476781700392, 2.5844941079519836, -4.252356108159346, -4.306274635104176, -1.5054140749771827, 2.8184320520470285, 2.744086409935585, -1.5972396833375642, -1.728697553302361, -4.859642145097199];160.43967719993088
[3.1558515840000023, -2.4999999999961275];True;[-2.412774742058157, -4.099926433334048, -2.6962679986912983, 2.692857172728822, -1.66184702912956, 1.2552924084254595, -4.813550963135103, -1.9987139235052367, -4.096845664712136, -3.2640218916564887];161.95241110003553
[3.2019993360000027, -2.4999999999996767];True;[-4.258649534757564, 0.8652618220759816, -4.146840803080641, -4.296519983876361, -2.700775939153325, 0.7298367972052033, 2.7459288678662466, -3.592173845424247, 0.5542517367875262, -4.859642145097199];161.95153399999253
[2.9706907680000088, -2.499999999999336];True;[-2.0365689045219293, -4.080920568422495, -4.5290631031549236, -1.7904201602793832, -1.6633710288116434, 1.2552924084254595, -4.813550963135103, -4.912328833303155, -3.551618769953004, -3.5454896145705534];162.29257229994982
[3.1161276720000073, -2.0907339];True;[-3.9733631065428914, -3.5098743928522227, 3.1241494286351545, -2.6570275885023853, -4.959281224008522, -0.23464975905938407, -1.0434715474155083, -3.848396157582477, -4.027396821113799, -1.8055023861532185];159.9565031999955
[3.114465552000012, -2.4999999999989395];True;[-4.084847230002772, -2.685300493787229, -3.587010876238599, -1.772804399105861, -1.7274633323624902, 0.1484152872698612, -3.240134733928132, -4.495236116502589, 0.07240241319794594, -1.6398103288114285];157.79060639999807
[3.2867797680000006, -2.4999999999993285];True;[-4.192885858464626, 2.491909694206236, -2.379944731454829, -2.717692454729883, -4.536597742609052, 2.2173153038954387, 3.003385958142953, -4.940785898240718, -2.4808563186153654, -1.4981299410528015];157.61493229994085
[3.1793007600000034, -2.4999999999981424];True;[-2.1989444062636183, -3.3800127284573196, -2.498251493021137, -4.620226495421626, 2.6876045349434, 1.7915926087447005, -3.506260476565506, -4.9596319801081155, 0.5590410843611796, -3.885034726184231];160.14985980000347
[3.0567086640000127, -2.499999999999237];True;[-4.173393721608022, 2.67552319714234, -4.341430707188354, -1.185615321899254, -4.995309127075814, 2.4317167569734437, -4.943897959141323, -3.945903783124783, -2.2110996030102523, -4.996304358341563];167.14953409996815
[3.4216907760000055, -2.137908];True;[-3.5414921050507546, 1.3394715801927044, -3.881209723139248, -4.14213777869426, -3.7955951916625765, 3.189899533042422, 2.744086409935585, 1.0538168398844834, -1.728697553302361, -0.02650449182959802];154.2140368000837
[3.3719347440000074, -2.4999999999942726];True;[-0.9473461848077964, -2.0218583200731945, -2.25622075057181, 2.2929207063165946, -0.6856914182674725, -4.678324998928492, 2.2291097474581316, -4.748031352342109, 2.54753735931865, -2.8240440926990242];162.63947940000799
[3.1965965280000006, -2.499999999997306];True;[-3.216949956017432, 2.5534114068747877, -4.195415572842772, -4.278479058628115, -4.744646086583413, 2.680950762676969, 2.7349712896302467, -3.5651860501132706, -2.3184266938833256, -4.859642145097199];162.64638110005762
[3.2477405760000106, -1.5005925];True;[-2.360310780340672, 2.616824699211076, -4.146840803080641, -4.302932562391972, -4.744646086583413, 2.529592696659107, 2.7843041784623166, -4.514751750129296, 0.15676503056472324, -4.859642145097199];163.41763869998977
[3.1900225680000087, -2.499999999998658];True;[-1.9945836854293173, -3.4462490056942046, -4.5290631031549236, -1.5597105060911136, -1.7169823667857929, 1.1407448005124308, 2.846184194207319, -4.912328833303155, -2.0706079211068236, -3.2711951621925204];161.04340970003977
[3.2134026240000084, -2.499999999999284];True;[-4.259102880790297, -2.3104136698039044, -4.135474393705168, -1.9938397674734962, -1.674733401326749, 0.12431079867811912, 3.507834700198767, -4.372825133735592, -1.6719710748313323, -1.6451603978954665];154.67340660002083
[3.0930169680000037, -2.499999999999505];True;[-3.2072450861308974, -2.8103258368964186, -4.207339259033647, -4.278479058628115, -4.744646086583413, 0.15920220688942055, 2.67854908599367, -3.593830770772824, -2.3122207201227845, -1.6884440954786508];153.88969060010277
[3.155661072000007, -2.4999999999992637];True;[-4.383068165154196, 2.67552319714234, -2.8103144330461083, -1.1653697892458026, -4.9673648065477245, 2.410334897605852, -3.818335580290931, -4.015264221092169, -2.369771836907548, -2.660940558870549];159.03366870002355
[2.961355464000004, -0.2782110000000002];True;[-4.191221685422146, -3.519412877236884, -2.4095627964000554, -2.6570275885023853, -4.692708739487079, 0.7894636716810775, -3.5252352958290016, -4.077500490925344, -4.011497830933183, -1.8055023861532185];159.59758059994783
[3.1260003840000024, -2.1978306];True;[-2.2859723158335044, -2.435711692873703, 0.7295120211926616, -4.373506308566669, -1.7997654786812178, 1.2260890123170736, -4.813550963135103, -2.079558122920213, -3.381261569404176, -3.2640218916564887];155.5435897000134
[3.577483800000003, -2.41640953];True;[1.7451505465900756, -1.0760326433311491, -1.047074574791133, 1.1811781565000725, 1.7212684223001047, 3.0605019659424704, -3.115491843802307, -2.837707286398172, 1.57602432964566, -2.783566535766062];157.00741630000994
[3.1472623440000067, -2.1196205];True;[-3.1981267961177777, -3.236622356375535, -4.14829713518009, -0.3734887786089185, -4.827033089552913, 2.397797029930447, 2.7843041784623166, -3.713624706162552, -2.3184266938833256, -4.8598890710476095];159.84950959996786
[3.061512936000002, -2.499999999998628];True;[-2.323348765794159, -3.5935412574110575, 0.5425278238382043, -2.962158695792651, -1.5636829985003937, -1.0674565047896858, -4.771603395462787, -1.6410001526934073, -3.8445868418267732, -4.238435205608511];159.65219999989495
[3.0863468880000107, -2.4999999999977622];True;[-2.3227251482332867, -3.2556494435752517, 0.7295120211926616, -4.3063046504706435, -1.5578802082327647, 0.9026632994957982, -4.771603395462787, -2.2248214515782503, -3.846766323572855, -3.6599819750909015];161.8578695000615
[3.164238216000009, 0.48938099999999984];True;[-3.402026014874325, -3.1874988159743314, -2.7821032210462358, -3.18374837476968, 4.112295926219286, 1.3551417368440344, -3.75861509767077, -4.6588663493592986, -3.7708287372200147, -1.4312431397703473];160.61819770000875
[3.6207892080000055, -2.4999999999989773];True;[-3.0183473761336908, -2.6378222660036545, 4.474457164091149, 1.1671890306918884, 1.7889567972004716, 1.2614743015155594, -4.870582806623773, 3.9072423766423245, 1.140134277846019, -2.783566535766062];155.58451129996683
[3.3295106160000087, -2.499999999998377];True;[1.5621340728096311, -4.094960704090703, -2.4948484105445647, -4.339618440557558, -4.53533746786064, 4.739457584085197, -2.6679219268192984, -3.043238610830943, 0.8292317983105768, 0.9890870660374895];153.45148549997248
[3.4540359120000113, -2.499999999998142];True;[-3.430835519826117, -3.1874988159743314, 0.6436769088665308, -3.18374837476968, 3.648170800468915, 1.1548341559772635, -3.75861509767077, 3.816142806313825, -3.4892577797908735, 0.4961925472028632];155.29689349990804
[3.4184276640000095, -2.4999999999966653];True;[0.5132268369461732, 3.1848588661167594, -4.019305102330016, -1.7908335741727344, 3.455630519891626, 2.419596331660972, -3.503687652501883, -4.936617203721085, -1.5544485424561387, -2.7078871998653122];156.18673970003147
[3.030416928000004, -2.499999999985921];True;[-2.3294514671018214, -3.2556494435752517, 0.7295120211926616, -4.3199108469269, -2.854629433691641, 1.1425384061552637, -4.771603395462787, -3.6696598921432226, -3.8445868418267732, -3.729479308018795];159.79642840009183
[3.592143072000009, -2.499999999996531];True;[3.9430518557394105, 1.399968179428928, -2.3677340403836493, 0.03141524356503034, -3.782148770486243, 0.5609582417159076, -3.974109006248699, 0.8896012820713632, 2.2333495582500733, 0.16856092604265527];155.29842749994714
[3.006131184000005, -2.4999999999979075];True;[-2.9913629747801336, -2.2630695875751865, -4.088036581495576, -2.8316716317483284, -1.8853318711258114, 0.8040333211699762, -3.9659149229904243, -4.544264141273594, -2.9840433726483395, -3.277597311640443];158.24455049994867
[3.1252549680000072, -1.270129];True;[-4.14847282150423, 2.67552319714234, -2.960695891200287, -4.242998320792624, -4.99443943958925, 3.795352622753442, -3.818335580290931, -4.0159777716821, -2.296199952743793, -2.5060276710729377];157.1304373999592
[2.9662536960000097, -2.4999999999992553];True;[-2.974706669643325, -3.4263059314877795, -4.146840803080641, -4.307027739188966, -4.744646086583413, 0.9563790338097485, -2.901387970124203, -3.592173845424247, 0.12290759418271047, -4.859642145097199];157.67684390000068
[3.186937008000004, -2.499999999998055];True;[-4.367822008020579, -0.24598637515441624, -2.1230325998280994, 0.8437922622118283, -1.674733401326749, -4.009369747524919, 2.881882453807262, -4.372825133735592, -1.6719710748313323, -4.916518840319801];164.79832549998537
[3.441095568000013, -2.3136529];True;[1.828742170068894, -1.1807599307564896, -3.48541879248609, -1.993773892883648, -1.6758283190877967, 1.5191209919204294, 4.256549146984584, -4.408600245039542, -4.859668293492012, 2.109608740774174];155.74976480007172
[3.0627542880000136, -2.4999999999990115];True;[-4.957011902077007, -3.592758064711197, 0.8839085844004431, -1.9001318897837682, -2.1893614387316247, -1.9840415448397286, -4.766851417155353, -2.2882712544562076, -3.7237665912469913, -0.8875538847730862];156.26195049996022
[3.04900264800001, -2.499999999998497];True;[-3.217375217477125, -2.2630695875751865, -4.1698037351217705, -2.6668424950150005, -1.1569449730194723, 0.6722376543877859, -3.9659149229904243, -3.6216859359232156, -2.37547978009592, -3.277597311640443];156.93770629994106
[3.594666168000013, -2.496979178];True;[4.205240166499714, 2.6449907071873233, 2.8962536043250133, 0.05473457896142242, -2.8501829015657334, -0.6705959525078862, -1.1181946601810955, -3.5278190576743027, 2.216052129895676, -4.6307263986059155];158.34850990003906
[2.9678006880000107, -2.4999999999987965];True;[-4.215854704779314, 1.973818867570094, -3.6913145846623303, -4.532507444771086, -4.686957028790951, 2.5123446378425323, -4.820684422617478, -3.592173845424247, -3.7994374948073606, -4.94905320817162];164.08967559994198
[3.147284808, -2.499999999999474];True;[-3.4063973570661132, 2.5844941079519836, -4.273350598984261, -4.302932562391972, -4.993638065419916, 2.4305570684164386, 2.7843041784623166, -3.592173845424247, -3.774782286130676, -4.9484529748760275];160.38455950003117
[3.130487784000005, -2.3290704];True;[-4.627829178073138, 2.6784405308554122, -3.883017439603667, -1.9376335358393497, -1.7274633323624902, 2.288500751431015, -2.752543423020488, -4.493579105356503, -3.017558967147075, -4.79733817926277];161.57344940002076
[3.093680520000003, -2.499999999592386];True;[-1.1728066459339423, -0.3360316314763827, -2.340064911446257, -4.240294033038053, -1.7344034606672976, -3.9851393679939577, -3.526473434034274, -4.495236116502589, 2.715915616930303, -4.859514110349723];164.52778300002683
[3.2815314000000093, -2.499999999998782];True;[-2.226133840288485, -3.370474244072658, -2.488084933116332, 0.49894193505204765, 2.5650765690503823, 2.0054136758223926, -3.9763548319215776, -4.9596319801081155, 0.5590410843611796, -3.885034726184231];160.24621439992916
[3.220576632000011, -2.0975094];True;[-4.333625917573075, 0.8369758722589716, -4.146840803080641, -1.8349340185845993, -2.8359040310657924, 2.39126265689502, 1.9599093345179888, -3.604481548313271, -1.6719710748313323, -4.859642145097199];157.4590526999673
[3.465145008000006, -2.0601819];True;[-1.743949565113343, -2.400339156008682, -4.08898143233031, -1.9167167473460758, 3.445492117426835, -0.7018395236825871, -1.5842159296576588, 2.1358238450618288, 0.0880189793785906, -0.009904092247753987];152.7378122000955
[3.1049727840000014, -0.62998];True;[-3.5526406540239575, 2.478133446603654, -4.196199591675232, -4.173301239265262, -1.559108988594028, -2.5837188208200956, -1.0235025276479255, -1.7291993932466863, -2.204176270555007, -4.907536028920448];159.27873120002914
[3.147413112000008, -2.1621019];True;[-2.3237030168770776, -4.099039076287331, 0.7295120211926616, -1.9385980420391467, -1.6593534571845046, 1.539997136497167, -4.813550963135103, -2.125591506063587, -3.5312984608876077, -3.2647942994845396];161.4444221999729
[3.0864207600000135, 0.7968190000000002];True;[-4.835867804025687, -3.592758064711197, 0.8839085844004431, -1.9001318897837682, -2.1893614387316247, -1.0747081905267897, -4.771603395462787, -2.0430811955802266, -3.7215871095009097, -1.0649819195671644];156.21727170003578
[3.544233408000003, -2.0684224];True;[-0.4307869122743744, -3.4806337052229095, -2.4095627964000554, -2.717692454729883, 3.6443533336372367, 0.7747306635110887, -3.4904402616894203, 3.911592186924173, 0.6166467306937697, 0.4666903544533376];145.8145156999817
[3.1402049760000104, -2.499999999994373];True;[-4.383068165154196, 2.67552319714234, -2.5181696534007236, -1.8952526834221195, -4.9673648065477245, 2.706064262594631, -3.818335580290931, -4.063843234315671, -2.2852580809430068, -3.27042517299915];159.91087669995613
[3.4238518560000126, -2.4999999999983564];True;[-1.0868411302278247, -2.025790099196889, -4.091758986480917, 2.2130341794900135, -1.68281603376295, 0.6989695740145043, 2.1025919666295616, -4.544780248400272, 2.54753735931865, -2.8184742278795993];160.73009870003443
[3.0457769040000136, -2.4999999999992855];True;[-2.974706669643325, 2.3148425503516012, -4.146840803080641, -4.307027739188966, -4.744646086583413, 0.9563790338097485, -2.6023176523740363, -3.592173845424247, -2.2356751447343033, -4.859642145097199];161.63181189994793
[3.0705402240000095, -1.035171];True;[-2.3294411588004915, -3.2448919603261075, 0.7463071463425353, -4.3199108469269, -2.9157648249433046, 1.019223358027703, -4.771603395462787, -1.6552369695982532, -3.8445868418267732, -3.729479308018795];163.60901600006036
[3.0024792720000084, -2.4999999999984706];True;[-4.173393721608022, 2.67552319714234, -4.240351487095165, -4.26333847591446, -4.9944227854242165, 2.9129849363287934, -4.943897959141323, -3.946617333714714, -2.296281566091926, -4.926541778979143];173.22110720002092
[3.2132093040000003, -2.499999999998917];True;[-1.9134245126694542, -2.46662461864419, -0.9696247025802254, -1.9120260119919, -1.7997654786812178, 1.2260890123170736, -4.813550963135103, -2.091865827536804, -3.3589033092743623, -0.34059364218951926];158.67705199995544
[3.8474807760000007, -2.4999999999980878];True;[-2.1342072525685314, 3.792363586427525, 4.8919865034593535, -0.19913328376657358, 4.010492157072475, -0.0894533532810069, -3.6218505216224557, 4.4675215310232685, 4.504955437962639, -4.698598050505459];158.39644519996364
[3.2817953520000027, -2.4999999999993023];True;[-4.192885858464626, 2.6017598651691936, -2.379944731454829, -1.923355703536203, -4.536597742609052, 2.230062805379212, 3.003385958142953, -4.940785898240718, -3.8201461236461767, -1.3065245260510328];157.81945059995633
[3.467129184000009, -2.4999999999973537];True;[-3.236291356583276, -1.0272155745419855, -0.9663118859902082, 1.1811781565000725, 1.7212684223001047, 2.9070156992581175, -3.115491843802307, -2.9413709244940462, 1.57602432964566, -2.783566535766062];156.04606319998857
[3.0606141600000027, -2.499999999998844];True;[-4.9765829841288864, -3.592758064711197, 0.8510550298242248, -1.9001318897837682, -2.1893614387316247, -2.0181039372904372, -4.766851417155353, -2.3008390766229763, -3.7237665912469913, -0.8875538847730862];159.2177493000636
[3.4238345760000124, -2.4999999999927875];True;[-3.504543640359931, -4.088797634866867, 0.7295120211926616, 2.692857172728822, -1.6821594272545148, 1.3581012559958658, -4.814031352782317, 3.976335524631517, -3.7646919929014535, 0.4082742039604135];156.32759479992092
[3.264712344000012, -2.3447492];True;[-2.323348765794159, -3.6173826877909003, 0.5425278238382043, -2.962158695792651, -1.5636829985003937, -1.0681435145711156, -4.771603395462787, 4.4556833589122675, -3.8445868418267732, -0.9032180463216839];160.18307779997122
[3.1546674720000083, -1.9940210999999999];True;[-4.259100800866974, -2.3104136698039044, -4.135006088646528, -1.9938397674734962, -1.674733401326749, 0.667331932230466, 3.507834700198767, -4.347732260055962, -1.6719710748313323, -4.932941522166881];163.73336790001485
[3.1946445360000046, -2.499999999999391];True;[-4.259102880790297, -2.3104136698039044, -4.135474393705168, -2.6750808935259425, -1.674733401326749, 0.12431079867811912, 3.507834700198767, -4.398393529966958, -1.6719710748313323, -1.806778417550299];153.37462820007931
[2.9965347360000063, -2.499999999998772];True;[-4.917493330717417, 1.4530649749864577, -4.341430707188354, -1.185615321899254, -4.9972024852935055, 2.4317167569734437, -4.943897959141323, -3.945903783124783, -3.028485984114223, -4.996304358341563];166.88021269999444
[3.491184888000001, -2.4999999999976588];True;[0.5132268369461732, 3.1848588661167594, -4.002936771754263, -1.7908335741727344, 3.5910196614381595, 2.895754291031779, -3.4935868174925377, -3.859659768286878, 0.6262082407472345, -3.235103696389762];158.5553602
[3.2405544720000012, -2.499999999996528];True;[-2.2524593143373375, -3.626769681455329, -2.523914092430397, 0.49894193505204765, 2.6876045349434, 0.5962650043902813, -4.551472230506954, -4.662758065572628, 0.5590410843611796, -3.898846144530264];155.70065979997162
[3.2502036240000116, -2.499999999999146];True;[-3.4632031005835118, 2.5844941079519836, -4.154644496378408, -4.302829767041772, -2.4206658722423056, 3.057872105455968, 2.1518896346448715, -3.592173845424247, -1.728697553302361, -4.859642145097199];160.4536594999954
[3.2367913200000014, -2.4999999999891616];True;[-2.3237030168770776, -4.20765360149111, 0.6521631094054421, -1.9120260119919, -1.9688547993421992, 1.2552924084254595, -4.796554091680407, -2.091865827536804, 1.3262883376188976, -3.2816428731795293];157.80902489996515
[3.034223280000012, -2.499999999999589];True;[-4.28126245352403, -2.685300493787229, -4.052067166744247, -1.9474783409895366, -1.8837051059365209, 0.1484152872698612, -2.752543423020488, -4.495236116502589, -3.0113529933865353, -1.7661491981751087];159.4406240999233
[3.202367400000003, -2.40812909];True;[-3.217375217477125, -2.2630695875751865, -4.1698037351217705, -3.168839783332084, -1.1569449730194723, 0.6687490874416357, -3.9659149229904243, 3.9840075501918726, -2.37547978009592, -3.277597311640443];152.9595836000517
[3.132566136000006, -2.499999999998456];True;[-3.2493154343667205, -2.9054616162542177, -4.147133238297306, -4.296519983876361, -2.6177137405996174, 0.1939650945842999, 2.7459288678662466, -3.592173845424247, 0.5542517367875262, -4.859642145097199];158.62428680004086
[3.044805336000003, -2.4999999999984075];True;[-2.3294514671018214, -2.3602844125449582, 0.6554831447918831, -4.3199108469269, -2.9547592852161157, 1.1425384061552637, -4.771603395462787, -3.6718749479549304, -3.8445868418267732, -3.782344472222669];157.8029706000816
[3.0982636080000017, -2.499999999997482];True;[-2.3249238315538037, -2.2630695875751865, -4.271326525708445, -2.6668424950150005, -1.8853318711258114, 1.248211168762451, -3.9909596481763168, -4.544264141273594, 0.2015028584338252, -3.2648374102025417];159.20678070001304
[3.156628968000008, -2.499999999998637];True;[-1.6305987921851444, -3.4263059314877795, -4.146840803080641, -4.755329723267114, 3.2268197720999856, 0.9027713587602664, -2.901387970124203, -3.592173845424247, 0.12290759418271047, -4.859642145097199];164.41407419997267
[3.052880280000003, -2.4999999999978013];True;[-4.14847282150423, -3.0655267775581474, -4.322424468501474, -1.1653697892458026, -4.995325781240848, 2.4305975854798345, -3.945414126433368, -4.015264221092169, 0.15699729860148204, -2.7927097176160554];153.76288569997996
[3.1733490960000053, -2.49999999999504];True;[-2.3237030168770776, -4.099926433334048, 0.4373673587031972, -0.7547398774040706, -1.6633710288116434, 1.2458728656937494, -4.813550963135103, -2.043285460453191, -3.61581221625615, -2.654537277527887];158.02509190002456
[3.0160941840000066, -2.4999999999154334];True;[-2.3233590740954893, -3.8494623823790626, 0.5257326986883306, -2.962158695792651, -1.5025476072376165, -0.9441414566623643, -4.771603395462787, -3.6554230282002025, -3.8445868418267732, -4.238435205608511];162.33024290006142
[2.9192568480000123, -2.4999999999983324];True;[-3.022249999074228, -2.259137808451492, -2.2547489216991288, -2.8316716317483284, -1.8853318711258114, -4.7100310161622545, -3.8515746244411173, -4.406377612930267, -3.544935268028752, -3.283167176459868];168.41734279994853
[3.061888128000012, -2.48128432];True;[-1.688245369314514, -3.5926539003645757, 0.5425278238382043, -2.988730725840148, -1.5596654268732546, -1.9925814185633508, -4.771603395462787, -1.6747258312201905, -3.8445868418267732, -3.8756339150560355];162.19831860007253
[3.5139906000000027, -2.4999999999990394];True;[-2.332405907835907, -3.6147623750391245, 0.6818135255433473, -2.9934568705193545, 2.968069919008392, -1.1504617988877253, -0.3628092324986929, 4.387086957954569, 1.1726971302343334, -3.2710191651957805];156.93297379999422
[3.5024499360000045, -2.128635];True;[-1.3226190513732943, -4.930192084213471, 1.696803979406475, -2.787743707004134, 4.514990423932284, 4.435709493101584, -4.260004174114818, 0.4988743457671605, -3.6074541946367433, 0.7121062203498605];153.76397570001427
[3.1751028000000097, 1.478338];True;[-2.3227251482332867, -3.483519527660234, 0.7295120211926616, -2.710022240141969, -0.6352626761081872, 1.2363529178566965, -4.771603395462787, -1.6747258312201905, -2.505297034134787, -4.067218040414292];158.8668241999112
[3.888411264000011, -2.499999999996903];True;[1.8192824681788298, 1.157137014442863, 4.474457164091149, 1.1811781565000725, 1.7889567972004716, 2.9070156992581175, -3.115491843802307, 3.9766685944546296, 1.4134115989155251, -2.783566535766062];156.89400460000616
[2.9729764800000003, -2.4999999999979376];True;[-4.18616263699966, 1.973818867570094, -3.4854059598398384, -4.532507444771086, -4.686957028790951, 2.54640643262055, -4.820684422617478, -3.579606023054742, -3.7994374948073606, -4.99165574810015];166.53241410001647
[3.2621780160000116, -2.499999999999243];True;[-4.258651614680887, 0.8652618220759816, -4.147309108139281, -4.296519983876361, -2.700775939153325, 0.18681566365285637, 2.7459288678662466, -3.6172667165937304, 0.5542517367875262, -1.5049487351968096];154.27740910009015
[3.207391992000014, -2.4999999999980216];True;[-2.3390666214893177, -3.198627614067952, -2.7821032210462358, -3.18374837476968, 4.136727871305462, 1.252332889273628, -3.742743599181338, -2.15951252043343, -3.516763107384004, -3.176101951464922];162.80361019994598
[2.9533161600000106, -2.4999999999951483];True;[-4.164898998625587, -3.5098743928522227, -2.4095627964000554, -2.6570275885023853, -4.911418923793664, 0.9742957443259671, -3.8994006258316944, -4.077500490925344, -4.011497830933183, -1.8055023861532185];157.50638779997826
[3.2967855360000047, -2.499999999999553];True;[-4.512423176669214, -3.593453281564607, -1.0173231982295583, -1.8932562647811777, 2.7119609572833614, -1.1497747891062957, -0.3628092324986929, -1.7194050204391025, 1.092842183496113, -4.12742322881674];157.84260879992507
[2.9797830720000027, -2.4999999999964766];True;[-4.191221685422146, -3.519412877236884, -2.4095627964000554, -1.9757864624499388, -4.692708739487079, 0.7741432669825496, -3.5252352958290016, -4.051932094693573, -4.011497830933183, -1.643884366498386];156.27926899993327
[3.5587324080000036, -2.4999999999986913];True;[-1.9221274036282834, -3.3706323792465565, -0.981494038911709, -2.470646239349813, 3.013167433918608, -0.9950051677002714, -0.3628092324986929, 4.229152954683721, 1.1950418323640337, -0.7785281698186646];152.13204729999416
[2.9322732240000122, -2.4999999999935163];True;[-4.173393721608022, 2.67552319714234, -4.357799037763877, -4.26333847591446, -4.9944227854242165, 0.7754011161947891, -4.944769288324258, -4.98651961997753, -2.2507155349246766, -4.926541778979143];165.98048379993998
[3.244744008000011, -1.015846];True;[-2.37466414752296, -4.099926433334048, 0.7295120211926616, 2.692857172728822, -1.66184702912956, 1.413745443834225, -4.813550963135103, -2.091865827536804, -3.5106263630654424, -3.2640218916564887];159.40414160001092
[3.6840636000000093, -2.4999999999985496];True;[-3.0183473761336908, 1.3159468987524017, 4.548568034475486, 1.1811781565000725, 1.7889567972004716, 2.9070156992581175, -3.131391340691212, 3.9766685944546296, -3.444132348311672, -2.765945554243021];158.10920519998763
[3.0256012080000088, -2.4999999999992415];True;[-2.794946830815668, -2.2630695875751865, -3.5412131373781626, -2.821826826598134, -1.7290900975517807, 0.8040333211699762, -3.9659149229904243, -4.544264141273594, -3.1183158459276115, -3.1512584419843086];160.55599170003552
[3.162569832000001, -2.4999999999994285];True;[-4.216579174867412, 0.9603983439056353, -4.207046823816983, -4.278479058628115, -4.822130391466785, 0.695073909510324, 2.67854908599367, -3.593830770772824, -2.3122207201227845, -1.6884440954786508];155.43968449998647
[3.236223456000012, -2.1702151];True;[-3.46894611436979, -3.1874988159743314, -2.7821032210462358, -2.6817510864525964, 4.117993903698922, 1.3586303037901843, -3.75861509767077, -3.6979327182428987, -3.7708287372200147, 0.4961925472028632];155.70633320009802
[3.1515553440000095, -2.4999999999981504];True;[-2.990142160103407, -2.4639976614956756, 0.7295120211926616, -1.9120260119919, -1.7997654786812178, 0.7819111647245988, -4.788469726745285, -2.091865827536804, -3.4830463268653915, -3.2767817930943903];154.45348770008422
[3.278697264000013, -2.499999999999041];True;[-2.3257060311546636, -2.0613748954270337, 0.7282304229807787, 2.425406552390316, -1.6342736091365277, -4.559160624481347, -3.060820450300154, -4.7695073155506575, 2.5443800610245226, -2.6956404514216885];159.67223939998075
[3.2708800080000073, -2.4999999999950075];True;[-2.9442164359921588, -2.400339156008682, -4.1698037351217705, -1.967620310137177, -4.345140968242592, -0.6482318486331116, -1.8354297423101087, 2.462343338521841, 0.0880189793785906, -0.009904092247753987];147.58658530004323
[3.13228296000001, -2.2298117];True;[-2.3237030168770776, -4.099926433334048, 0.7295120211926616, -1.9120260119919, -1.6633710288116434, 1.2552924084254595, -4.813550963135103, -2.091865827536804, -3.5312984608876077, -3.735971269233036];155.8487578999484
[3.0559014720000084, -2.499999999997877];True;[-3.230486698455698, -2.2630695875751865, -4.1698037351217705, -2.6668424950150005, -1.1544481003070433, 0.619877525710816, -3.650744400411303, -3.5709475304759186, -2.37547978009592, -3.261108311336025];156.22464259993285
[3.023718984000001, -1.8747877];True;[-4.2290947910621774, -2.685300493787229, -4.052067166744247, -1.9474783409895366, -1.8837051059365209, 0.1484152872698612, -2.752543423020488, -4.495236116502589, -3.549848733538435, -1.7661491981751087];156.83984330005478
[3.333662784000005, -1.195124];True;[-0.9009327422252862, -2.0619251775098424, 0.9060275245982594, 2.3254946379080557, -1.7344034606672976, -3.945276511686143, -2.9337628316810496, -3.958403718614545, 2.1879178295922563, -2.7485056158324195];158.48416369990446
[3.1631798160000058, -2.4999999999985087];True;[-3.4639713636950953, -2.0569428826796297, -4.084123795248952, -2.8423264081431787, -2.8693886783337073, 3.057872105455968, 3.001512718241992, -3.561125384199369, -2.957515006815851, -4.980485114241047];164.11017080000602
[3.5631115920000123, -2.499999999998896];True;[-3.0183473761336908, 1.2059540832328004, 4.474457164091149, -4.199906289356182, -3.1982661387600486, 2.9070156992581175, -3.029228273580709, 3.9766685944546296, 1.4214456424780888, -2.780904107218817];156.82534750003833
[2.9721407760000123, -2.499999999999198];True;[-4.164898998625587, -3.5098743928522227, -2.4095627964000554, -2.407030939423186, -4.289903443527532, 0.9742957443259671, -3.8994006258316944, -4.077500490925344, -4.011497830933183, -1.8055023861532185];160.48221859999467
[3.2957908560000138, -2.4999999999977653];True;[-4.142155186503547, 1.45088290896422, -3.932842907317334, 0.03141524356503034, -3.843614792898269, 3.001492281651886, -1.1181946601810955, 1.1181319483500531, -2.291831206502291, -4.89035636802082];160.3119996000314
[3.1835717280000035, -0.8837619999999999];True;[-4.140171808237122, -3.319717893514061, -3.5199354279704833, -1.5494656374507572, 2.7882398675921856, 1.8111379991616925, -3.506260476565506, -4.9596319801081155, 0.5590410843611796, -3.9756576189192403];164.6182567999931
[3.12303924, -2.4999999999965747];True;[-4.472261710899902, 2.67552319714234, -4.26011686283741, -1.1653697892458026, -4.995325781240848, 2.4305975854798345, -3.818335580290931, -4.015264221092169, -2.2015854405612205, -2.7927097176160554];167.53204850002658
[2.9905169760000017, -0.13556299999999988];True;[-2.0365689045219293, -4.080920568422495, -4.5290631031549236, -1.7904201602793832, -1.6073797690061193, 0.7633368659818871, -4.813550963135103, -4.912328833303155, -2.1977416371808975, -3.5454896145705534];157.4198566999985
[3.5061307920000035, -2.4999999999983844];True;[-4.425099740077981, 1.2960842920734754, -2.3790670571365427, -2.3097824095399706, -4.309581943389973, 3.829707557271987, 2.9261851577273017, -3.5097532489314434, 1.576808958275894, 2.4253984884066773];150.1410286000464
[2.9862155520000018, -2.4999999999989764];True;[-2.5175563344864536, -2.3677516831200838, -3.6913145846623303, -1.7404239855079169, -4.686957028790951, 1.1388457627863375, -4.820684422617478, -1.9289335466791084, -3.3854405920385005, -4.94905320817162];157.49136870005168
[2.9967418800000005, -2.4999999999988174];True;[-4.375590009269333, -3.373869591621006, -4.339292432419761, -1.9094293740391954, -1.563626375570202, 1.266422064250082, -4.771603395462787, -1.6747258312201905, -3.8445868418267732, -3.8756339150560355];160.72733409993816
[3.101866704000006, -2.499999999999373];True;[-2.3227251482332867, -4.023614309279961, 0.7295120211926616, -4.348896464084359, -1.4771485796415105, 1.088798068645277, -4.771603395462787, -1.3607952571211355, -3.8445868418267732, -3.2640101844217675];155.64475930004846
[2.9299691520000004, -2.4999999999965974];True;[-3.0242792835732684, -2.262825375267949, -2.3623152061526547, -2.4224976655524344, -1.8853318711258114, -3.9387824138316283, -3.9632869866918417, -4.545021351053715, -3.544935268028752, -3.6040137931846545];153.14077749999706
[3.030747408000009, -2.499999999999277];True;[-2.0365689045219293, -4.080920568422495, -4.1842386117549815, -1.7904201602793832, -3.891528797488464, -0.3303197765810322, -4.813550963135103, 0.9541440785136699, -3.551618769953004, -3.162636976292866];158.17180859996006
[3.6717150960000056, -2.1281458];True;[-2.924198106731801, 1.1507061577849769, 4.474457164091149, 1.259447002707223, 2.500506681364817, 2.9070156992581175, -1.4746008363587304, -3.757013489938043, 1.4340551389215954, -2.783566535766062];156.99817960010841
[3.0389128560000116, -2.4999999999992277];True;[-4.073644569686626, -2.685300493787229, -4.052067166744247, -1.9474783409895366, -1.724503127173125, 0.1484152872698612, -2.752543423020488, -4.495236116502589, -3.0113529933865353, -1.9158670201046824];154.79032370005734
[3.458966976000011, -2.4999999999986664];True;[-4.512423176669214, -3.5828004878536985, -0.9877199778549552, -1.8932562647811777, 2.84169778504197, -1.1504617988877253, -0.3628092324986929, 4.387086957954569, 1.092842183496113, -2.894764378222596];152.6457279000897
[3.5753320080000037, -1.6370189000000002];True;[1.5621340728096311, 2.5136709782362936, -0.9151205187096803, -4.3018316039806725, -2.802562582366921, 3.0894474831970773, 0.35329399457756594, -3.043238610830943, 0.8292317983105768, 1.0396223321556217];153.4681357999798
[3.1926327120000013, -2.4999999999984848];True;[-2.3237030168770776, -2.4639976614956756, 0.7295120211926616, -1.3147993785360605, -1.8337318946101273, 0.695124961461152, -4.813550963135103, -1.2933794442415152, -3.381261569404176, -3.39315175209211];164.8635664000176
[3.375256176000013, -2.499999999997598];True;[-2.7717094013168975, -2.2704716876619107, -1.0173231982295583, -2.81849679311779, 2.908410185528009, 0.5407244613829377, -0.6299135449917479, -1.8056021591801148, 1.009505735682499, -4.083263777982308];163.5259126999881
[3.1804712640000066, -2.4999999999964913];True;[-2.998776045786509, -3.4263059314877795, 0.833578153260981, 2.6168790668076696, -4.744646086583413, 0.9563790338097485, -4.857366406383801, -3.5989665953024357, 0.12290759418271047, -4.859642145097199];174.46969629998785
[3.0271419360000107, 3.6941680000000003];True;[-4.173393721608022, 2.67552319714234, -4.5772107819037515, -1.085703443762477, -4.995309127075814, 1.572596390998684, -4.985346795226607, -4.634743004091109, -1.854637859077978, -4.996304358341563];165.17722280009184
[3.106652184000011, 1.3666960000000001];True;[-2.3227251482332867, -3.2556494435752517, 0.7295120211926616, -4.3063046504706435, -1.5578802082327647, 0.9030983545535738, -4.819838332715297, -1.6747258312201905, -3.688594106534671, -3.380395044567404];155.77932960004546
[3.3012200160000003, -1.8388658];True;[-4.4508488139446944, -3.593453281564607, -1.0173231982295583, -1.8932562647811777, 2.7094638587366573, -0.6211788904635429, -0.6779470209049163, -1.7701434090932069, 1.092842183496113, -4.143912228474632];154.27937460003886
[2.99500135200001, -2.4999999999986957];True;[-2.974706669643325, -2.0517665439493435, -4.146840803080641, -4.307027739188966, -4.744646086583413, 0.9563790338097485, -2.901387970124203, -3.592173845424247, 0.07928343038143804, -4.859642145097199];159.99916109989863
[3.759757776000003, -2.2483722];True;[1.5621340728096311, -0.41744586156701313, -1.1100943046998593, 1.1927745360332738, 1.6956525737606918, 4.739457584085197, 0.2670308233119223, -3.043238610830943, 0.8211977547480133, 1.155418369625834];154.1491680999752
[3.095423856000007, -2.499999999998859];True;[-2.9905947116685505, 2.378366704689733, -4.158557282625032, -4.292174462819977, -1.818106493232178, 0.8040333211699762, -4.21518796827772, -4.575311067421165, -1.7552259191329336, -3.2705812383351773];162.30542250000872
[3.040334568000014, -2.4999999999994356];True;[-2.974706669643325, 2.3148425503516012, -4.146840803080641, -4.556758003763627, -4.7468911563183545, 0.9563790338097485, -2.6023176523740363, -3.592173845424247, -2.2356751447343033, -4.859642145097199];162.74006909993477
[3.1619611440000113, -2.0792115];True;[-2.1971328145265563, -2.7455953287304795, -2.4733932277633133, 0.11077403671105368, -1.8281008876619678, 0.12886989685242234, -2.752543423020488, -4.495236116502589, -3.0113529933865353, -1.5491838154207818];157.33952799998224
[3.472059384000012, -2.1956334];True;[4.248740818291704, 2.6246084676066572, 2.765266638740858, -4.26333847591446, -4.9944227854242165, -0.35592716660825197, -4.943897959141323, -3.946617333714714, 2.2116018238477873, 0.19744658099515489];160.8718938000966
[3.1561032240000064, -1.7831385];True;[-4.275587066758592, 1.8775731548779615, 0.7295120211926616, -4.587480587874488, -1.7997654786812178, 2.5995878873699847, -4.813550963135103, -3.755106067347941, -3.7952584721730354, -3.2640218916564887];161.90398960001767
[2.914320600000006, -0.953103];True;[-4.173393721608022, 2.67552319714234, -4.357799037763877, -4.26333847591446, -4.9636693472487625, 1.2673566586383618, -4.944769288324258, -4.98651961997753, -3.604592666741807, -4.926541778979143];168.07745610002894
[3.2821338240000135, -2.4999999999952984];True;[-2.0955431550922867, 2.67552319714234, 0.7485933139521257, -1.167966427198507, -4.995325781240848, 2.413275940570184, -3.818335580290931, -4.015264221092169, -2.2015854405612205, -2.7927097176160554];157.8763748999918
[3.3048546480000107, 0.4624060000000001];True;[-1.6670685848889204, 2.3099587499347995, -3.6913145846623303, -4.532507444771086, 3.139760735153736, 2.5218041959498176, -4.820684422617478, 1.2910683847287836, -3.7994374948073606, -4.94905320817162];161.22844350000378
[3.1597536240000057, -2.49999999999898];True;[-2.3237030168770776, -3.3319615675033964, 0.7295120211926616, -1.8693696099739225, -0.8184921764173452, 0.8651261931762202, -4.813550963135103, -2.091865827536804, -3.5312984608876077, -3.7294910152535157];159.43617729994003
[3.265856928000008, -1.9883476];True;[-3.2708313528098616, -2.755077454983918, -4.207339259033647, -4.352392399893622, -4.974936699141175, 0.15920220688942055, 3.285422722116521, 4.134348510323009, -2.3328642122538894, -1.6884440954786508];152.1698985999683
[3.696292224000003, -2.4999999999981495];True;[4.133951284123416, 1.399968179428928, 2.8389806030401097, 0.3742775342697078, -2.652798320911096, 1.3181926585764243, -1.1181946601810955, -4.681434410204011, 2.216052129895676, 0.09564017901492683];158.51652860001195
[3.0138734880000015, -0.7889949999999999];True;[-2.9893336902810934, -2.259382020758729, -3.980469895135848, -2.8316716317483284, -1.8853318711258114, 0.8040333211699762, -3.8542025607397004, -4.405620403150146, -2.9840433726483395, -3.2828174757599573];158.21048640005756
[3.045931128000001, -2.4999999999980904];True;[-4.292465113840175, -2.685300493787229, -3.5052437226279496, -1.9376335358393497, -1.886665311125886, 0.1484152872698612, -2.752543423020488, -4.495236116502589, -3.0113529933865353, -1.7666269803798373];158.74363549996633
[3.1034419920000085, -2.4999999999957168];True;[-3.217375217477125, -2.2975638112925876, -4.199309435988931, -2.6668424950150005, -1.2866829229309458, 0.6722376543877859, -3.9659149229904243, -3.5610379770156353, -2.37547978009592, -0.6241719342337069];157.17713059997186
[3.164340384, -2.499999999999286];True;[-4.216579174867412, 0.9603983439056353, -4.207046823816983, -4.175563021967991, -4.7800569587063615, 1.2260379603662455, 2.67854908599367, -4.316947575755361, -2.3122207201227845, -1.5593142299948088];156.5261221000692
[2.985135768000011, -1.8202481000000001];True;[-2.0365689045219293, -4.080920568422495, -3.8603133338703826, -1.7904201602793832, -1.6633710288116434, 1.2552924084254595, -4.813550963135103, -4.912328833303155, -3.551618769953004, -3.5454896145705534];163.62228909996338
[3.2392446480000032, -2.4999999999992375];True;[-3.4632031005835118, 0.40946381142213917, -4.349036191595017, -3.8121003037598826, -3.291191314878737, 4.7075444641223045, 2.744086409935585, -3.592173845424247, -1.728697553302361, -4.859642145097199];161.93426890007686
[3.0260273760000094, -1.8226301];True;[-2.3505947713797757, -4.099926433334048, -4.249021820221261, -4.225058947016508, -1.66184702912956, 1.2552924084254595, -2.9152760484863762, -2.085073076249541, -3.5106263630654424, -3.2640218916564887];157.49297719995957
[3.1609388160000056, -2.4999999999990914];True;[-4.216579174867412, 0.9603983439056353, -4.207046823816983, -4.278479058628115, -4.897654189865958, 0.695073909510324, 2.67854908599367, -3.593830770772824, -2.3122207201227845, -1.6884440954786508];151.1357734000776
[2.9088504000000097, -2.4999999999982445];True;[-4.535617882392062, -3.5860511812156246, -3.5412131373781626, -1.8965862982615105, -3.1996613526158697, -1.1179587183114466, -3.9659149229904243, -4.4575933541411, -3.0349770901686597, -3.1954178917762834];162.95188219996635
[3.198839040000012, -2.49999999999785];True;[-4.957011902077007, -3.662578766244139, 0.8156953174292816, -1.8761147518643035, -1.9878485804297712, -1.9840415448397286, 2.745794870402959, -3.589915953566413, -3.7220272912280494, -0.8875538847730862];150.5482274000533
[3.1840240320000075, -2.499999999998791];True;[-2.3237030168770776, -4.099926433334048, 0.7295120211926616, -1.9120260119919, -1.6633710288116434, 0.9608981113565629, -2.565696612828769, -2.121853748709704, -3.5312984608876077, -3.2640218916564887];160.18345669994596
[3.032943048000003, -2.4999999999993268];True;[-2.794946830815668, -2.2747767799718046, -4.216910025535755, -1.7941525600299641, -1.7290900975517807, 0.8040333211699762, -3.9659149229904243, -4.544264141273594, -3.1183158459276115, -3.151634441677475];164.1088705000002
[3.0252782880000053, -2.4999999999956986];True;[-4.173393721608022, 2.3634421790770186, -4.341430707188354, -1.1800851445188545, -4.995309127075814, 2.4469583648235957, -3.9053745028826956, -3.8783726430492544, -4.480957730309962, -4.996304358341563];169.76150020002387
[2.9771543520000083, -1.782313];True;[-4.18616263699966, 1.973818867570094, -3.4854059598398384, -4.532507444771086, -4.686957028790951, 2.54640643262055, -4.820684422617478, -3.579606023054742, -3.7994374948073606, -4.798235059794533];169.973890400026
[3.12454843200001, -2.4999999999994604];True;[-4.28634419938826, 2.2697283587612094, -3.6913145846623303, -4.161992622400467, 1.8895002226905313, 2.5123446378425323, -4.820684422617478, -3.592173845424247, -3.686234350826645, -4.97779850005043];171.93357929994818
[3.1321429920000003, -2.499999999999072];True;[-4.216579174867412, 1.0176877911516786, -4.20773862553476, -4.278479058628115, -3.19579476444334, -1.137524428095121, 2.67854908599367, -3.429349905933167, -2.3122207201227845, -3.1118935043916998];155.14796840003692
[3.1101053760000106, -2.4999999999975637];True;[-4.524217133598546, 1.4530649749864577, -4.2817124735424406, -1.8940508860898073, -4.914016877345665, 2.4317167569734437, -0.4224871000585533, -3.945903783124783, -3.028485984114223, -4.0875538948348575];157.50037660007365
[3.4641401760000106, -2.4999999999994453];True;[-1.8920724667182431, -3.5030750454929205, -2.3790670571365427, -2.236101254738662, 3.479122002743758, 3.6976715462498797, -3.7932450514143676, 1.3734322713413967, -3.995197734798771, 2.4253984884066773];156.86799699999392
[2.877513120000008, -2.49999999999856];True;[-4.1718827639915315, -3.605891223651737, -4.531979489453696, -3.38742330057189, -4.692708739487079, 0.7894636716810775, -4.453154603291492, -4.077500490925344, -4.045214213716595, -1.8055023861532185];161.94456909992732
[3.326419440000006, 3.9167430000000003];True;[-4.438204000696274, 3.392780177567693, -4.019305102330016, -1.7908335741727344, 4.4520256884618785, 0.7369647931941998, -4.23376101651488, -4.936617203721085, 0.9266048197725698, -3.2887712731672685];161.14061959995888
[3.5298601200000057, -2.4999999999995306];True;[1.5621340728096311, -0.5382911822551163, -1.1100943046998593, -4.1301111349738315, -3.2915905968054124, 4.548508021023892, 0.35329399457756594, -3.043238610830943, 0.8292317983105768, 1.0396223321556217];152.6540106999455
[3.2697527040000116, -0.8345579999999999];True;[-2.376821126133113, -2.0517665439493435, 0.7099360379503263, 3.330250444361836, -4.744646086583413, 0.9563790338097485, -4.745885482514038, -2.1196294966593454, 0.07928343038143804, -4.859642145097199];159.4565749000758
[3.0074710320000113, -2.499999999998874];True;[-4.173393721608022, 2.67552319714234, -4.264697724591881, -4.26333847591446, -4.98878259675473, 0.7754532825444614, -4.944769288324258, -4.946302425311271, -2.2507155349246766, -1.5841838415847007];164.95351150003262
[2.9451392640000016, -2.4999999999294826];True;[-3.052601278045849, -2.2690760172909057, -3.592481623292552, -2.8316716317483284, -1.894130622375716, -1.3985651757902993, -4.577950797665341, -4.406377612930267, -3.544935268028752, -3.283167176459868];163.31167050008662
[2.932531560000007, -2.4999999999969833];True;[-4.377034414167733, -2.685300493787229, -4.320498928617429, -1.9086321084434343, -2.071360849267382, 0.1484152872698612, -4.8614015634043986, -4.378390824314116, -3.0113529933865353, -3.9690617305420326];164.11253390007187
[3.596466096000006, -2.3243246];True;[1.9991241419829162, 1.3428415541286758, -3.4831677072237124, -1.9138872391064519, 3.3607457636360163, 1.396025431507931, 4.256549146984584, -4.909708412198571, -4.859668293492012, 2.114195076675003];155.7812649999978
[3.0659148000000136, 2.7672790000000003];True;[-2.9562950641424868, -2.262825375267949, -2.3623152061526547, -2.4224976655524344, -2.156220864955724, 0.7647671211912839, -3.9632869866918417, -4.539650850345018, -3.5642784054097256, -1.7969069737853904];160.66081879998092
[3.6720663120000108, -1.9636281];True;[0.5474104334457033, -0.41744586156701313, -1.1100943046998593, -4.189720509655473, 3.9655178760108116, 4.739457584085197, 0.35329399457756594, -3.043238610830943, 0.8292317983105768, 1.128677889037932];156.96741180005483
[3.119754528000007, -1.9154898999999999];True;[-2.974706669643325, 2.1647078465934766, 0.7127249166338188, -4.556758003763627, -4.7468911563183545, 2.1066787019404334, -4.7281881481077495, -3.628181905541981, -3.817788147360039, -3.2985107118738526];163.7206025000196
[3.0638753280000097, -2.0958029];True;[-2.8131526139296446, 2.5844941079519836, -4.706795210448618, -4.401753422476662, -1.8183038579318236, 2.4305570684164386, -4.313544463839044, -3.592173845424247, -3.774782286130676, -4.9484529748760275];164.17688009992708
[3.0129278400000126, -2.4999999999962212];True;[-4.189244223501322, 1.960183157378178, -3.456322932952795, -4.297104066933868, -4.868855079816203, 1.2135388684323831, -2.6023176523740363, -4.414447817137567, -2.206730927827161, -4.851310341017802];162.7119151999941
[3.089236320000008, -1.373127];True;[-4.870927820961472, 1.3469415430799618, -2.540166060576648, -0.9958626006584383, -4.289903443527532, 0.9742957443259671, -3.8994006258316944, -4.077500490925344, -4.021778581582742, -1.8055023861532185];159.1333023000043
[3.355392384000011, -2.4999999999971805];True;[-4.258649534757564, 0.8889745916602498, -4.146840803080641, 0.41060447765367813, -2.588301674189131, 0.7298367972052033, 2.7459288678662466, -2.653156249492319, 0.5542517367875262, -3.5403852542001317];153.94500940002035
[3.233882880000011, -2.499999999999008];True;[-2.37466414752296, -4.099926433334048, 0.8597868840976051, 2.4760506276565795, -1.66184702912956, 1.2552924084254595, -4.813550963135103, -2.097306416053515, -3.5106263630654424, -3.5163849750064307];158.1196814000141
[3.051271080000001, -2.499999999997897];True;[-4.164898998625587, -4.109163106208727, 0.803231956106607, -2.6523103924337685, -4.911418923793664, 0.9871645504773306, -3.8994006258316944, -2.1736650495019822, -4.011497830933183, -1.8055023861532185];156.4128839999903
[2.973980448000013, -2.499999999998476];True;[-4.164898998625587, -3.19764358062236, -2.4095627964000554, -2.6570275885023853, -4.911418923793664, 0.7593809771834177, -4.934616966325368, -4.077500490925344, -2.1168991393493126, -1.8055023861532185];150.83009790000506
[3.02340492, -2.2455788];True;[-2.0365689045219293, -4.069212984676791, -3.5085417234424607, -2.818094426847501, -3.891528797488464, -0.3303197765810322, -4.813550963135103, 0.9541440785136699, -3.551618769953004, -3.1622609765997];150.80822010000702
[3.146769864000004, 0.7278609999999999];True;[-2.181955950519538, -3.6754636526417213, -2.488084933116332, 0.49894193505204765, -3.6081007940794896, 1.7915926087447005, -3.506260476565506, -4.9596319801081155, 0.445895577288838, -3.8331273389974427];151.61911329999566
[2.942857224000006, -2.4999999999965294];True;[-4.535617882392062, -3.6432778785629987, -3.5405213356223637, -1.8965862982615105, -4.824775932356685, 0.7146396192941046, -3.9659149229904243, -4.4575933541411, -3.0349770901686597, -1.7719684827960118];148.8737699999474
[2.9930597280000137, -2.4999999999986313];True;[-2.974706669643325, 2.3148425503516012, -4.146840803080641, -4.830760357792602, -4.744646086583413, 1.250773330878645, -4.8435263673058735, -3.562185923228218, -2.2356751447343033, -4.859642145097199];152.89053059997968
[3.1897681200000054, -2.499999999998993];True;[-4.905674185833979, -3.593453281564607, -1.0768011038368555, -1.1848207005906244, 2.8346104881115752, -1.1497747891062957, -4.827135893272972, -1.7194050204391025, 1.092842183496113, -4.995990155010787];140.57258300005924
[3.3377292, -2.499999999998899];True;[-4.149450019499049, 1.2893181617024907, -2.4095627964000554, -2.4162999687443034, -4.289903443527532, 1.1157882856168642, 2.7751274438503275, -4.077500490925344, 1.2925004779093339, -1.8055023861532185];129.56526000006124
[3.0083719680000094, -2.4999999999988756];True;[-4.192732643038637, 2.762379635441634, -2.2350902823685086, -4.26333847591446, -4.540053121941698, 1.5509342917205722, -3.5216855141114825, -4.98651961997753, -3.5708762839583095, -4.926541778979143];136.22867179999594
[3.1374732240000007, -2.4999999999979576];True;[0.6757415265124513, -2.685300493787229, -4.052067166744247, -1.9474783409895366, -1.8837051059365209, 0.17263850972353273, -2.752543423020488, -4.495236116502589, -3.2661755835988604, -1.712481621002926];131.79670630011242
[2.9691306000000086, -2.4999999999964744];True;[-3.022249999074228, -2.1382924877569924, -2.2547489216991288, -2.042963639450882, -1.8853318711258114, -4.525849069408894, -3.8515746244411173, -4.406377612930267, -2.3297132752134377, -3.283167176459868];136.97268610005267
[2.9826571680000025, -2.49999999999834];True;[-2.9725496910331723, -4.099926433334048, -4.126642039193035, -4.201885414523616, -1.66184702912956, 1.2552924084254595, -2.967423208448963, -3.564410175275416, -3.5106263630654424, -3.2640218916564887];131.80948509997688
[2.926807776000004, -2.4999999999978026];True;[-4.191221685422146, -3.519412877236884, -2.502655768506905, -1.9757864624499388, -4.695340307567147, 0.7740911006328773, -2.6123220232922524, -4.030435553418993, -4.011497830933183, -4.935026626639725];137.2829232000513
[2.8674263520000047, -2.48804072];True;[-4.505255867495571, -3.576112972137007, -2.3192896905407343, -1.8965862982615105, -3.190862601352112, -4.425010448885054, -3.847689400161775, -4.4575933541411, -3.0349770901686597, -3.1954178917762834];139.50844340003096
[3.091384224000002, -2.4999999999992855];True;[-4.27981804862563, -3.373869591621006, -4.070860670546576, -1.9482756065852975, -1.563626375570202, 1.2701180660017728, -2.8054375479330984, -1.7912681223080926, -3.8445868418267732, -1.6727191759253166];133.15031810000073
[3.6950862960000026, -2.49999999999875];True;[-1.876628971828169, -1.1901396240975712, -2.3790670571365427, -2.3097824095399706, -0.560336843199293, 3.9622571762859513, 3.1200102284489066, 1.3734322713413967, 1.3082734535397746, 2.4208121525058486];125.4942634999752
[2.8072107360000014, -2.499999999997965];True;[-4.232883098109138, -3.5098743928522227, -2.4095627964000554, -2.6570275885023853, -4.911418923793664, -3.9287354034730084, -3.8994006258316944, -4.082870991412737, -3.9921546935521883, -3.6126091939326135];148.1425343999872
[3.28606092, -2.4999999999883014];True;[1.5279504763101008, 3.2181419392729254, -4.019305102330016, -1.7908335741727344, -3.668976041983989, 0.7581704719781969, -3.503687652501883, -4.936617203721085, 0.671774269148568, -3.3241462849232333];141.8254939999897
[3.108270456000012, -2.499999999997883];True;[-3.3881915739521355, -2.2630695875751865, -3.5412131373781626, -2.7229970425074677, -4.844424679013779, 0.8040333211699762, 3.4711261519921592, -4.544264141273594, -3.1183158459276115, -3.1512584419843086];140.11362630000804
[3.0678825600000126, -2.499999999999529];True;[-1.4188633769849945, -4.023614309279961, -4.129430199750604, -4.348896464084359, -1.4771485796415105, 1.0918796325197473, -2.644184024468549, -1.1323269102933693, -2.2624738234234365, -4.823325272263167];145.22782649996225
[2.9876845680000126, -2.499999999999389];True;[-2.97162505627824, 2.328478260543517, -4.175923829864017, -4.920521477869808, -4.686957028790951, 2.54640643262055, -4.820684422617478, -3.3550306949942, -3.828381689323999, -4.9970109947219274];146.765750200022
[2.877196896000009, -2.4999999999922453];True;[-4.3153196328186185, -3.4037109675409, -4.210821069733286, -2.5967836606525356, -4.9972024852935055, 2.4317167569734437, -4.943897959141323, -3.945903783124783, -3.01820523285186, -4.996304358341563];135.31828350003343
[3.054194424000012, -2.49999999999926];True;[-2.3237030168770776, -3.5006377199734278, -2.4832827040001275, -1.916743208060517, -1.6633710288116434, 1.2424236022740962, -4.3657617970040175, -3.9957004954974886, -3.5312984608876077, -3.2640218916564887];131.7782009000657
[2.9815862400000004, -1.939201];True;[-2.0365689045219293, -4.080920568422495, -4.517662179465361, -1.5736143384440773, -1.6633710288116434, 1.2552924084254595, -4.813550963135103, -4.888455598628413, -3.551618769953004, -3.2931265312206115];134.19641039997805
[3.1626162720000126, -2.4999999999985296];True;[-2.2524593143373375, -3.4037148240291777, -2.488084933116332, -4.207001340822799, 2.575130441739197, 1.7915926087447005, -3.506260476565506, -4.9596319801081155, 0.5590410843611796, -4.891212159783814];145.8068479000358
[2.976663168000007, -2.4999999999986295];True;[-2.0365689045219293, -4.080920568422495, -4.5290631031549236, -1.7904201602793832, -1.3868664405186883, 1.2552924084254595, -4.813550963135103, -4.912328833303155, -3.551618769953004, -3.5454896145705534];134.78792740008794
