objectives;is_feasible;variables;evaluation_time
[3.8173090320000047, -1.7558789];True;[-4.4416056318398525, 2.0034070546314995, 3.3712942195189033, 1.4618912459324909, -0.7918334331778931, 2.1913156746649864, 4.89532458938046, -0.21662777573966974, -0.5313730763272417, 1.58549982415101];167.41435560001992
[3.581097264000008, -2.499999999999082];True;[-3.698986823614838, 2.6369517563229863, -2.0537641408628993, 1.5787259462323213, -2.2531756113550125, -1.9434959576944086, 4.985141703900817, -2.9775225895843116, -0.12158017981303537, 2.4392271654108217];169.39712229999714
[3.866121360000002, -1.9472224];True;[3.539337072774339, 2.2107316535225054, -1.9863201131722596, -1.6512073718229447, 2.7442141728574985, -3.341275926383447, 2.261098342487032, -0.2314640527411349, 4.377994981592423, 3.8639898664283585];169.37019200006034
[3.808743336000009, -2.49999999999808];True;[-0.430729936156494, 2.1026954228225447, 3.993791173527651, 2.876927431879218, 1.0983978538834185, -4.761681182090866, 2.112790001394278, 3.430159319358122, 0.4221491895802032, -1.7138126167352894];174.15924409998115
[3.4578355680000006, -2.0600778];True;[3.043112308726174, -3.678156518773914, 0.7760680527758002, 0.37026411811812654, 2.1270732912742263, 3.533394321366167, -4.203588120499698, -2.770177714091292, -3.3410425056685966, -2.9719935247056584];175.48423549998552
[3.9979379520000133, -2.3407224];True;[-1.5319473326224253, -2.6032447560621175, 1.0527109121145433, 1.2636011662431255, 4.823887735141556, 2.369092903996557, 2.7299910065170083, 3.8703155635871784, 2.4663965085712825, 3.4489060709980652];152.70835809991695
[3.4022592000000076, -2.4999999998980837];True;[-4.559344985081876, -3.742397592734851, -2.9501721878909617, 0.9056737180334586, 1.1362154648297533, 4.529567865561612, 0.2679959080995271, -3.7966304875385015, -1.610724576624495, 0.13184955320070912];162.7233053999953
[3.700236816000013, -2.499999999997519];True;[3.9253922999963216, 0.7094207933080074, 3.2588663897443677, 1.6535134879453741, -4.600326441605267, -2.5473276135778535, 1.6858541027985288, -3.6094542002336794, 1.7907474405203816, 1.8405589170578356];165.50786310003605
[3.5558833680000013, -2.4999999999976463];True;[1.598592855103254, 2.2066335832536774, -1.2772492132428424, 3.436609136435715, -4.242678116051257, 1.959143365767213, -3.527385779992666, -4.315091482216219, 0.6442183024996737, 0.9414230985905654];164.4434670000337
[3.702375432000013, -2.4999999999992726];True;[-2.95481386732104, 3.0540594914025974, 3.391201654522529, 4.714495223923741, 3.473789226970492, -0.673008978520925, -3.860101980371642, -3.7987537879069655, -3.8660827126106923, 4.725483036388839];167.8425680999644
[3.627750240000005, -1.422801];True;[-3.8737778201025455, -3.116550581746209, 0.8826315675900744, -2.4681355335187547, 2.9251064095262826, 3.789994297301396, -4.746961982591308, -0.059748912053922965, 4.531273317191909, 2.8875578976350713];157.07834810006898
[3.5655297120000125, -2.3702034];True;[1.4806061152358563, -3.6088984592980866, 1.036491583975506, -2.0377259785909887, 1.9671643343069034, -0.92689368324982, -3.2978590721495626, -0.8779636062068068, 3.848981108814151, 0.28689547684630146];154.14087270002346
[3.806180496000011, -2.4999999999994054];True;[2.488062086849105, 0.2606242776319556, 0.4950679427324438, 2.295759799586885, -2.8111787375625754, 4.7549212601905655, 2.140838724123907, -3.4696684116346055, -1.5122757791263264, 4.369900323040165];154.97720199998002
[3.448329192000013, -2.2101084];True;[1.9698857258302516, -0.41989015753431325, 0.14757442968841072, 2.6396258409380415, -3.3018047489595546, -1.7636982184447403, -3.188705893098882, 1.0547295269547625, -3.8041155580830477, -0.8887276211870567];159.98345920001157
[3.2747697360000076, -2.499999999998084];True;[-1.2295749148632815, 2.7436179576375554, -3.391766858302472, -2.7789592145966924, 4.176679973403505, -4.654702266242488, -3.3848872788738937, -4.650425123479191, -3.48359427914552, 1.0633359515890115];163.1689526999835
[3.6343628640000123, -2.4999999997049267];True;[-4.160697773669824, 2.672387320247948, 4.890592939834445, -3.6790622855265376, -0.3487851490113165, 0.7346322110676597, -2.272571685450284, 0.8911878571242573, -2.4479982130992006, 4.7778558944426806];161.6005237000063
[3.71052316800001, -1.8147425];True;[-0.07388065101840535, -1.580645336020484, -0.2922593437268901, 3.072407384406567, -1.3123695472735797, 4.3071434289486135, 2.9865935058575843, 2.3994959036793952, -1.6369480763691193, -3.2860768183528446];157.16521220002323
[3.8344099680000103, -2.4999999999969273];True;[-1.6357666935818251, -4.597080316022496, 2.9808829433055193, 4.232721183204097, -0.36727842221704954, -0.46179501140415624, 1.3459227303279162, 3.1713575153736464, 1.8459405444683874, 3.804064600968653];156.4931215000106
[3.3726477600000138, -2.4999999999986784];True;[0.17515545584006453, -0.672249303966737, -3.646014553194392, -4.932609295259821, -2.0831992336427483, 0.08405835946132001, -0.22345084301524487, -1.5573099132628707, 0.36035446364316126, 1.4363633372466902];158.11416689993348
[3.6924340320000084, -2.499999999996537];True;[4.14364621907324, 4.582774590569832, 3.075605779975538, -4.090524108531113, -0.23680879297494162, -1.6909519396339823, 3.8861433766360225, -0.8266202366120332, -1.7925713377208163, -3.3046746630737767];160.6797951000044
[3.7528185600000095, -2.499999999960024];True;[1.622110971333245, -0.19489890717265368, -3.6928663067102763, 4.626909867036273, 0.3440843719815021, 4.8113897381867705, -2.5793087153285943, 4.96220811893213, -0.5535632405258948, -2.8044563671068734];155.97150039998814
[3.2254092000000014, -2.499999999997829];True;[-2.5807070580676426, -1.2333433759776637, -4.487862096531746, -4.351425497070908, -0.05573586033322542, 0.08452256512915923, -2.5013571945003035, -4.346155142584198, 2.934814333913157, -1.3382556357168998];156.19927120010834
[4.002929496000007, -2.4999999999993454];True;[4.747196373852159, 4.500870542819433, 0.4668486221681123, -2.423097342831664, 0.5829210962115976, 1.547106460026039, 4.782130702249441, -0.6003841207619045, 4.923502525790376, -0.4062754570643712];154.60558299999684
[3.4208118720000096, -2.499999999999488];True;[0.10743815520517064, -1.3670601691773667, -3.0712855102505343, -1.1329785050848518, -2.490673148197813, 0.2517050978967674, 2.8934667320145904, -0.7900215631910248, -3.7433805848988886, 0.5137192645787074];158.7087501999922
[3.1046911200000027, -2.4999999999978573];True;[1.9634320455296672, -1.0380457107319963, -3.6310163894313154, -2.661993058109541, -3.7189821112224553, -2.526411535239821, -4.555348290090264, -4.878633172995082, -3.4904525878172867, 1.0731660203817475];166.4273917999817
[3.765829968000012, -2.4999999997529896];True;[-1.3350224287233736, 4.075178082247778, 4.497138232425218, -4.166967176684713, -0.9853232340031148, 1.6738532835585946, -0.9032525963535569, -0.8038201704969765, 0.43247916064609804, 4.65979039760909];152.6000492000021
[3.76154107200001, -2.4999999998861138];True;[2.7444302156933436, 3.613476635562476, -4.0679018433985945, -0.4628826154686063, 4.179287216656331, 3.5553330644017773, 3.596010505680349, -0.8912992349334399, -2.5394974449845185, -2.7815325763003305];154.05439579999074
[3.5227725120000053, -2.4999999999388356];True;[-2.0418842107649238, -1.085196576483467, 3.572254116827171, -0.842527420623103, 0.3327638270947446, -1.5425023523981798, -0.06091796576465036, -4.180877182514868, 2.734943585243572, -0.9947073588855506];158.82255159993656
[3.7894968720000035, -2.499999999999402];True;[4.59845728965424, -0.25464659553683955, -3.159155071531176, 4.717864528280801, 3.22375216443443, 3.951476643164293, -2.1724556148963927, -2.492095591974791, -3.4121049893923896, 3.238566026186957];155.9520948000718
[3.409414848000003, -2.4999999999992504];True;[-3.215548114297758, -1.3404628041504942, 1.3715994551254802, 4.183240177783139, -3.7621640560028338, 2.996831903408271, -4.383102480310787, -1.8381736682032104, 1.1164210187717671, -4.485366282242565];155.631110599963
[3.9053957760000064, -2.4999999999994693];True;[-3.321126500832381, 4.69948622616238, -1.724322077132098, 1.574919761114403, 1.720164502560925, 3.615820699785882, 0.22152783839373047, 0.8088376330626108, 1.9835391597748506, 4.026513988862082];156.7279718000209
[3.6655351200000075, -1.080847];True;[-4.035910668087377, 4.3644526223145, 4.027975222290557, -4.150064272566548, 3.0004343227727617, 2.2629893431933743, 3.7619714850201955, -4.831282172831939, 1.1320885778556757, -3.031941014058436];162.8307767000515
[4.072624272000002, -2.3013231];True;[1.2114881949691796, 1.6945787754239507, -0.01763007862567445, 4.768680996136464, 4.298111462897188, 4.635296098195651, -1.7206232488681694, 3.1651979747476915, 4.294162905897007, -0.981844800965062];152.7274259000551
[3.869271504000002, -2.4999999999990705];True;[4.413014692343319, 2.7524914357138774, -4.198340055766092, 0.631637229818419, 4.2326227305156845, 4.123708099937636, 2.328485622844835, 3.61359167499576, -1.62268579807873, -4.341557484826559];170.40937580005266
[3.7116725040000076, -2.2810749];True;[0.8168493922146638, 3.506322648959543, 2.87361122238781, 1.1741891314163464, 0.9287262980907265, 0.26416884569672483, -0.16634048473468077, -2.204226771948705, -0.17551994711003527, -2.3810641809043287];169.45347240008414
[3.3545031120000015, -2.499999999996666];True;[-1.153419025984408, 2.8575301304951655, -1.5260134933063219, -2.1832577084773366, -3.300007730302803, -3.325033848897696, -0.4663543956713152, -3.3198931295678347, -1.72202096631663, 2.2395454738391862];157.94891570007894
[3.5590501440000004, -2.497887315];True;[-2.034316111118283, 3.6054491504782558, 0.35626820708300855, 2.2022484575721757, -4.999342595556623, -4.051503792329386, -4.2793496717266795, -0.05802305930066787, 4.949490677163039, 1.8799474654389474];162.51801500003785
[3.36625912800001, -2.499999999997816];True;[-4.481462427726276, -0.44532407450787304, -3.973606131311158, -2.4380350476904256, -1.048511566568553, 4.1310918974990045, 4.099908642966126, -2.2014236187480374, -1.250908308929739, -3.746419291926806];160.0748093998991
[3.683238696000013, -2.4999999999983036];True;[4.452078841958281, 0.7958349496736572, -2.6174423074087763, -3.543551676230262, 0.21510924520187746, -1.5971889163113264, 3.3170040001077172, -1.3425678510972627, 4.494549283865602, -0.8535130068993011];156.60293130006175
[3.5301966480000004, -1.343623];True;[-2.9489919281105195, -1.4540963384413619, -0.011004164723819265, -3.696387766257242, 2.7382420561045, 2.5497741866900556, -1.283042969475944, -0.7018358619040557, 1.0128140613168117, 0.029580537427599474];152.83102249994408
[3.4829101440000123, -1.6756717];True;[-2.17269661118096, 1.0807668048200805, -2.3550346746814954, -3.5203834975936954, 1.5270677501648064, 2.2730428472878152, 2.857474894891949, -3.0361266349508287, -2.0303185535000976, -0.5779411415977611];158.07220880000386
[3.3543957600000036, -2.499999999997673];True;[-1.720526175173227, -4.443491173113073, -0.6536165473874771, -1.7781995414244003, -1.2023099535786406, 3.7172382924149936, -2.020103871885197, 0.6393628198886612, 0.3124687577082774, -4.754735057623166];159.72052269999404
[3.5565858000000117, -2.4999999999932494];True;[-4.165794922103991, 2.4202612073670213, 2.3587317821257727, 0.566748452069195, -1.2937900968036997, 2.490861270517488, 4.306758822590599, -2.6642104154085713, -2.072354990276728, -4.490460500818639];160.21248450002167
[3.586343040000009, -2.49999999995802];True;[1.930210692158881, 4.584981537531442, 2.154145293392485, -2.0609680008822084, -2.90514981206474, -1.4422842549931003, -2.5265817335512297, -3.649589089087546, -1.472039855787619, 4.221663336900823];160.28737179993186
[3.2711018400000125, -2.499999999995758];True;[3.367798462598424, -4.689469805452347, -4.709794475604461, 0.2591959994569635, 0.7224635064851377, -0.865267234060183, 1.0141545621009262, -4.618059158444297, -2.9299090534422345, -3.311226679377679];159.10026570002083
[3.460604472000001, -2.3436737];True;[-2.435479873383052, -2.7879124427183877, 0.3727856620225314, 3.7994650450574134, -0.48807503310459666, -4.435293137888921, -3.6554604854824504, 4.914998369512608, 2.727623326510721, -4.99951161896231];160.8349013000261
[3.857710968000014, -2.4999999999998055];True;[4.170416667448263, -3.209610929272051, -0.9493342683656492, 3.1985270389534293, -1.501659017731881, 4.197934758912986, 1.98633627500009, 1.5935074380487722, 2.596374732539731, -0.6847792529816843];152.04183570004534
[3.4750499040000076, -2.3138418];True;[1.4897106001279692, -4.056591982482387, -3.199266971360686, -1.4284153210296013, -3.0605555424205475, -1.8438219305003178, -1.1948414424631295, 4.875914131223645, -1.6392823671737777, 3.7391144076823952];156.98483119998127
[3.678807456000008, -1.9857748];True;[-2.016040576443332, 3.7495672200993084, 2.1191134498689648, -2.0350868846692682, -1.1655723877581439, 4.838278180491672, 0.6059344506893138, -0.7055019406198344, 2.5147161061840784, -4.790231766063772];158.3775014000712
[3.7209676320000136, -2.496157176];True;[-3.8848486244513234, -4.133668671146924, -4.341369904057874, 4.480812443441678, 4.4729260500816945, 3.393084648668129, 0.11626170998524898, 3.2520246595492353, -1.9388041210179061, 3.650596105046427];146.57266649999656
[3.836871072000009, -2.4999999999993814];True;[-2.0007517210130006, 2.240015314174035, 3.3614890853712835, 1.4618912459324909, -0.7918334331778931, 4.732898289236282, 0.610492839047434, -0.20107569089127925, -0.5313730763272417, 1.551211400822524];156.30752870009746
[3.567960360000011, -1.9863682];True;[1.4482677641856077, -3.7468871685716425, 1.036491583975506, -2.0377259785909887, 0.751440218146736, -0.92689368324982, -1.9918161522935136, -0.8779636062068068, 4.041537847087712, 0.28689547684630146];156.6315904998919
[3.5583066720000085, -2.3145875];True;[1.9698857258302516, -0.5488815812888028, 0.14757442968841072, 2.6158246258583215, -3.3018047489595546, -1.7636982184447403, -2.063132516320373, 1.0547295269547625, 0.2301925217841887, -0.8042890104108649];157.95527899998706
[3.5615905200000046, -2.4999999999991127];True;[0.10743815520517064, -0.25463389776529866, -3.0727812744046425, 4.33889265165616, -2.490673148197813, 0.2325456085907589, 2.8934667320145904, -0.7360540043023487, -3.7433805848988886, 0.41362760962663625];160.04072029993404
[3.1928500080000006, -2.4999999999952482];True;[1.9304643182596306, -1.0380457107319963, -4.11280725880599, -2.661993058109541, -3.720875751189933, -2.526411535239821, -4.555348290090264, -4.0142255733361525, -3.497212155918015, 4.813591425744938];166.18535939999856
[3.9877868160000105, -2.499999999999103];True;[4.830308993967358, 4.500870542819433, 0.4668486221681123, -2.423097342831664, 0.5829210962115976, 1.547106460026039, 4.782130702249441, -0.6003841207619045, 4.139336438801602, -0.4062754570643712];154.0149341999786
[3.2468964480000113, -2.4999999999987774];True;[-2.5807070580676426, -1.224130161033739, -3.647468270410998, -4.865174995134026, -2.158489170929972, 0.017685032945975454, -2.581367082444165, -4.346155142584198, 3.0939190680386313, 1.4111835697051123];156.87688210001215
[3.345148152000002, -2.4999999999991047];True;[-4.448199890447116, -0.4539766603298634, -3.435346345419501, -2.443546152838169, -1.3220132794440007, 4.520909253019326, 2.564672810671429, -2.2014236187480374, -1.250908308929739, -3.862196155238831];158.9774281999562
[3.8118202560000065, -2.499999999999577];True;[-3.321126500832381, 4.69948622616238, -1.724322077132098, 1.571231720897805, 1.720164502560925, 3.615820699785882, -4.227813494803268, 0.9296626298134807, 1.9835391597748506, 4.026513988862082];160.38965829997323
[3.7346454000000002, -1.8546443];True;[3.796522765546097, 4.852092545459725, 3.000287846445539, -4.090524108531113, 1.528492897958741, -1.6909519396339823, 3.8861433766360225, -2.9814982893223414, -2.030051335624809, -0.5702706849657138];159.9927787000779
[3.6410608080000015, -2.1214416];True;[4.2279661174916, -3.209610929272051, -0.9493342683656492, 3.1974160773993106, -1.501659017731881, 4.214584551386435, -4.300719274962473, 1.5935074380487722, 2.728618637458851, -4.6331689230009765];158.80474659998436
[3.364655976000011, -1.274585];True;[-1.153419025984408, 2.8817807263266886, -1.5260134933063219, -2.1864612575152633, -3.300007730302803, -3.963137791478526, -0.4296387002750339, -2.26953772075476, -1.72202096631663, 2.2395454738391862];156.0390648000175
[3.2295516480000117, -2.499999999999234];True;[-4.165794922103991, 1.8416300830708185, 2.3587317821257727, -2.097844248366539, -1.2937900968036997, -1.4284769687878216, -3.671149609421627, -2.6642104154085713, -2.072354990276728, -4.490460500818639];161.13121489994228
[3.165284952000011, -2.3061521];True;[-4.123495180961594, -1.2333433759776637, -4.487862096531746, -4.351425497070908, -1.2467606648434193, 0.08452256512915923, -2.5013571945003035, -4.346155142584198, 2.885095853817709, -1.3382556357168998];156.60557210003026
[3.3707190960000077, -2.4999999999968594];True;[2.0777002417858355, 2.6421346030659922, -3.7585951613797772, -2.5827000223555627, -2.2531756113550125, -1.9434959576944086, -4.7406305083744895, -2.874473888183971, -0.12158017981303537, 2.406647312216964];163.09447150002234
[3.3562220400000093, -1.8408807999999999];True;[-1.720526175173227, -0.3125667692598144, -0.6536165473874771, -1.7781995414244003, -1.2023099535786406, 3.7172382924149936, -2.0528926174340376, 0.6559693035629492, -3.6850407798216622, -4.7874091860701835];157.2963541999925
[3.798683136, -2.499999999998082];True;[-2.95481386732104, 3.0540594914025974, 3.391201654522529, 3.414272547264536, 3.392885953337349, 2.0241087331390757, -3.5027065451353976, -4.298534734001493, 0.809356819766059, 3.335149730879235];159.44843750004657
[3.538610280000007, -2.2962958];True;[0.12480289553370882, -0.672249303966737, 2.6952302481101285, -4.11314274532078, -2.125409335258544, 0.08405835946132001, -0.19826708516685887, -0.8643173731165459, 0.36035446364316126, 1.3334821012006497];154.8269425999606
[4.007677176000008, -2.499999999999198];True;[-1.5319473326224253, -2.605845248917565, 1.0527109121145433, 1.189725371072066, 4.823887735141556, 2.370837479241511, 2.7299910065170083, 3.8703155635871784, 2.4663965085712825, 3.97454788642279];149.7714751000749
[3.6868353120000084, -1.9808236];True;[2.725595602867028, 3.402486890416834, -3.975664132312953, -2.443903246990714, 4.179287216656331, 3.564888083909614, 3.596010505680349, -2.2378889317314212, -2.5394974449845185, -2.7844824160206825];157.7550686999457
[3.744815112000005, -1.9082781];True;[4.170416667448263, -3.209610929272051, -0.9493342683656492, 3.1985270389534293, -1.501659017731881, 0.2591664297483802, 1.98633627500009, -0.79145114764103, 2.596374732539731, 0.4122803363322121];154.05625929997768
[3.5538594480000048, -2.499999999997138];True;[-4.183843065746111, 2.858200078364002, 4.890592939834445, -3.6790622855265376, -0.3774108455378644, 1.2229875961306516, -2.3762656988361375, -3.3544924572391235, -2.4479982130992006, 4.7778558944426806];161.86376290000044
[3.666788352000003, -2.2330051];True;[-2.086894984363822, -0.1948932478773841, 3.6051821857975836, -0.842527420623103, 0.3327638270947446, 4.486915467187812, -0.3011716982588961, -4.180877182514868, 2.734943585243572, -0.9947073588855506];159.89274749998003
[3.5926482960000063, -2.4999999999981917];True;[4.413014692343319, -3.7242739609644184, -4.198340055766092, 3.6262333573695136, 3.9888207450444644, -4.015723002199398, 2.041557412851974, 3.61359167499576, -1.62268579807873, -4.995890536658049];158.66698010009713
[3.5758724400000026, -2.4999999999985696];True;[4.311447678780379, -0.22276252796066953, -3.3957163451738275, -3.0225415414986045, 4.18745499368697, 3.826150577756107, -2.1724556148963927, -2.7526979706845323, -3.4121049893923896, 1.0028568842777006];156.8738346999744
[3.3035584320000035, -2.4999999999972733];True;[3.4001368058555848, -4.551472304458027, -4.709794475604461, 0.2591959994569635, 1.9381876226452959, -0.865267234060183, 1.1307336068537808, -4.618059158444297, -2.9299090534422345, -3.311226679377679];166.54268640000373
[3.659192712000006, -2.288289];True;[-4.456765200641172, 3.512958947294553, 2.128918583992535, -2.0350868846692682, -1.1655723877581439, 2.290410335965793, 4.855531935117909, -0.721054025468225, 2.5147161061840784, -4.716985419505084];159.28146700002253
[3.6455756400000094, -2.4999999999991105];True;[4.457192650867949, -1.3670728669489076, -3.157659307377068, -0.7734523277239727, 3.22375216443443, 3.9705759927791, -2.1571659690053226, -2.546063150828001, -3.4121049893923896, 3.3386572724660617];158.87245959998108
[3.2467664160000105, -2.499999999999588];True;[-1.720526175173227, -4.313312037369538, -0.570973790766363, -1.754398895605183, -1.2023099535786406, 3.7172382924149936, -3.1456772486610522, 0.6393628198886612, -3.721798793899106, -4.81434068334765];159.1286738999188
[3.6282666960000127, -2.499999999998885];True;[-2.9218416129974454, 3.0540594914025974, 3.8781110766207663, 4.714495223923741, 3.2808813750368486, -0.673008978520925, -3.860101980371642, -3.7987537879069655, -3.8593231445099634, 0.9607790453384757];168.3312345999293
[3.3265658880000104, -1.7894887000000002];True;[0.17515545584006453, -0.6814625189106617, -4.9617362676341905, -4.418609567872033, 0.01955407702297518, -0.38295735167473843, -0.1434409534704666, -1.6869775755312764, 0.2012496093758347, -1.3130758681918913];157.73578019998968
[3.551426640000008, -2.499999999998325];True;[3.043112308726174, -3.678156518773914, 0.7760680527758002, 0.3739521583347232, 2.1270732912742263, 3.533394321366167, 0.24646270897398548, -2.891002044702879, -3.3410425056685966, -2.9719935247056584];158.42822590004653
[3.439626768000012, -2.499999999999428];True;[-1.8274712219267186, 0.7637434752665531, -2.2797308128223404, -3.5203834975936954, -0.23823394076910498, 2.2730428472878152, 2.857474894891949, -0.8812485796269776, -1.792838555596105, -3.3123449961436835];159.13547370000742
[3.2664159360000085, -1.219822];True;[-1.2622419405241703, 2.7522704993286817, -3.9300266441938816, -2.773448109448949, 4.440510688894403, -4.86462394020547, -3.3848872788738937, -4.650425123479191, -3.48359427914552, 1.179423836084538];163.52432779991068
[3.5990656560000027, -2.2736607];True;[-3.2801621506364507, -1.3404628041504942, 1.3715994551254802, 4.184351136684424, -3.7621640560028338, 2.9801820593141786, 0.6528851788944041, -1.8381736682032104, 0.9841771137878199, -0.5288360686166218];157.2150095999241
[3.592207224000013, -2.2629274];True;[1.930210692158881, 4.560681678361896, 2.154145293392485, -2.057764451844282, -2.90514981206474, -1.4422842549931003, -2.563297428687271, -3.3202872924269577, -1.472039855787619, 4.221663336900823];164.04547639994416
[3.8904403680000006, -2.4999999999994373];True;[1.930210692158881, 4.584981537531442, 2.154145293392485, 0.6036247001629353, -2.90514981206474, 2.477053870592551, 4.968090770934214, -3.649589089087546, -1.472039855787619, 4.221663336900823];163.52403420000337
[3.2856913440000026, -2.4999999999968106];True;[-4.572116355030761, -1.043228669894362, -1.9261853078186664, 1.4994333339841983, -3.7189821112224553, -2.526411535239821, 4.567970882635617, -4.947845119042615, -3.4904525878172867, 1.0731660203817475];164.6064465000527
[3.6167102640000115, -2.499999999995397];True;[-2.623006562999903, 2.4202612073670213, 2.3587317821257727, 0.566748452069195, -0.10276529229350528, 2.490861270517488, 4.306758822590599, -2.6642104154085713, -2.0226412604452984, -4.490460500818639];165.2055723000085
[3.426020280000011, -2.499999999999506];True;[1.598592855103254, 2.2066335832536774, -1.2772492132428424, 4.73669387288496, -4.242678116051257, -1.1379715618475272, -3.8847812152289096, -3.566697214097522, -4.0306418014009315, 1.0101168322088339];168.15459839999676
[3.4371110160000136, -2.3699465];True;[1.7376956131167287, -4.546122566334201, 0.14757442968841072, 2.6396258409380415, -3.3018047489595546, -1.7636982184447403, -3.1559171475473375, 1.0381230432804744, 0.19343375378118943, -1.0633895534253708];160.08912959997542
[3.5204522400000133, -2.0150885];True;[-2.9489919281105195, -1.451495845585835, -0.011004164723819265, -3.6224247047343088, 2.7382420561045, 2.5480296114451018, -1.283042969475944, -0.7018358619040557, 1.0128140613168117, -0.4963917008852228];158.40515639993828
[3.526494408000014, -2.499999999997626];True;[4.193593600348374, 4.582774590569832, -3.265291322774206, -4.908807134923158, -0.19459869134754082, -1.6909519396339823, 3.860897579397702, -1.519612776758358, -1.7925713377208163, -3.2017808232882765];160.4616582999006
[3.441254760000012, -1.6345682];True;[-4.449163090755775, -0.23434801644478487, -4.065843842396799, -0.457014416120333, -1.048511566568553, 4.121536877989286, 4.099908642966126, -0.8548339219498281, -1.250908308929739, -3.743469452187492];165.07620590005536
[3.5375983200000016, -2.0826794];True;[0.10743815520517064, -1.3670601691773667, -3.0712855102505343, -1.1329785050848518, -2.310290581143092, 4.190211264702033, 2.8934667320145904, 1.5949370224839428, -3.7433805848988886, -0.5833403247351889];160.51489959994797
[3.451478688000012, -1.8375888];True;[-1.1302122943051978, 2.671717372379111, -0.5481661611677835, -2.1832577084773366, -3.271381820155404, -3.325033848897696, -0.3626603822152492, 0.9257961332580995, -2.425684007876024, 2.2395454738391862];158.40269040002022
[3.6104114880000093, -2.4999999999996265];True;[1.667121762640974, -1.0852022357787365, -3.6928663067102763, 4.626909867036273, 0.32919075617334403, -1.1616156578623884, -2.339054981709582, 4.96220811893213, -0.5535632405258948, -2.8044563671068734];158.9084396000253
[3.7105687440000117, -2.4999999999972893];True;[-2.435479873383052, 2.7317256361813462, 0.3727856620225314, 0.8048636187958629, -0.24500708063015963, 3.715151885858241, -3.3683123555523546, 4.914998369512608, 2.727623326510721, -4.632808198116557];161.40913060004823
[3.465513504000012, -2.4999999999969043];True;[-0.9533373419737567, 2.7117338710087555, -2.9217127401048852, 4.8312565051870155, 3.21297714113982, -4.4925246096985685, -3.3848872788738937, -4.650425123479191, -3.48359427914552, 2.3709564513203496];160.8247799000237
[3.1216952880000064, -2.499999999996563];True;[1.9634320455296672, -1.0380457107319963, -3.6310163894313154, -2.640297304735835, -3.7189821112224553, -2.832026527356134, -4.555348290090264, -4.867799182885145, -2.4301560185645514, 1.0731660203817475];157.3195635000011
[3.660775344, -2.499999999998819];True;[1.598592855103254, 2.1197027058358153, -1.4053990996759886, 3.436609136435715, -4.2250953769339805, 0.21706966144090556, 3.107104677093146, -4.315091482216219, 0.6442183024996737, 1.1026046371650307];156.1445220001042
[3.1661763840000052, -2.4999999999987175];True;[-4.159932033445044, -0.6656855320182173, -3.677116760036368, -4.967029918283909, -1.2937900968036997, -1.4284769687878216, -3.671149609421627, -2.6642104154085713, 0.3487420416348561, 1.5608802196195017];157.1978808999993
[3.272006664000002, -2.3936004];True;[-4.9932525151587255, -1.043228669894362, -1.9261853078186664, 1.4994333339841983, -3.7189821112224553, -2.526411535239821, 4.3555335979133005, -4.947845119042615, -3.4904525878172867, 1.0731660203817475];162.70516340003815
[3.5074563840000046, -2.499999999973767];True;[-2.95481386732104, 3.0540594914025974, -3.428148216845831, 4.714495223923741, 3.201072058356294, -0.673008978520925, -3.860101980371642, -4.8098179559512815, -4.017292628245609, 3.9557815557441804];163.31812930002343
[3.3100533360000126, -2.499999999997202];True;[-1.5012462854388298, -4.313312037369538, -0.570973790766363, -2.602868576055478, -1.2706342818585812, 3.868046139781281, -3.155193318789352, 0.6393628198886612, -0.09708870555670979, -4.952872087065661];163.6813906999305
[3.6744125040000104, -2.499999999999873];True;[4.170416667448263, -3.209610929272051, -0.8696590598161009, -4.430887997227923, -1.501659017731881, 3.91276460373627, 1.98633627500009, 1.5935074380487722, 2.602193134226358, -1.3417426123795178];152.40035689994693
[3.5657277840000083, -2.3669924];True;[0.10743815520517064, -0.25463389776529866, -3.0727812744046425, 4.33889265165616, -2.490673148197813, 0.4240882740101808, 2.8934667320145904, -0.7360540043023487, -3.7433805848988886, 0.41362760962663625];158.82016149989795
[3.2669844480000125, 1.394666];True;[-1.2622419405241703, 2.7522704993286817, -3.815328462532589, -2.773448109448949, 4.352109376321519, -4.86462394020547, -3.3848872788738937, -4.650425123479191, -3.48359427914552, 1.179423836084538];161.14531769999303
[3.5299670400000123, -2.499999999999262];True;[4.457192650867949, -1.3670728669489076, -3.157659307377068, -0.7734523277239727, -2.128482780091776, 3.9705759927791, -2.1571659690053226, -2.546063150828001, -3.4121049893923896, 3.3386572724660617];159.13668630004395
[3.3869594880000102, -2.4999999999984683];True;[-1.2295749148632815, 2.7436179576375554, -3.391766858302472, -0.8602392738622915, -1.1824818516053184, -4.654702266242488, -3.3374860907659594, 0.6297229023728557, 0.29366620501644736, 0.5929328630352517];160.87567959993612
[3.256140384000003, -2.0796295000000002];True;[-4.143596178353033, -1.224130161033739, -3.8656180902901953, -3.692503675220554, -2.158489170929972, 0.017685032945975454, -2.5837369472973335, -3.2905995994487025, 3.01801674289244, 1.4702053398643078];156.17790569993667
[3.6819703440000016, -2.4999999999979656];True;[1.667121762640974, 2.285396861639959, -3.6928663067102763, 4.626909867036273, 0.32919075617334403, -1.1386748702535765, -2.339054981709582, 4.96220811893213, -0.6341748094623021, -2.8044563671068734];157.47480739990715
[3.4116711840000007, -0.71481];True;[-3.2011815169486635, -1.3088886534471682, 1.3715994551254802, 4.183240177783139, -1.1801846415685868, 2.996831903408271, -4.383102480310787, 0.6304615623940588, -3.8911654203694885, -4.469855862296219];158.84014240000397
[3.747433896000005, -2.3580948];True;[4.59845728965424, -0.6837476899837138, -2.8324175805880785, 4.717864528280801, 0.03796526060402039, -0.31011514893527314, -0.21698938161743908, -2.4633582128377025, 0.2060892032546615, 3.238566026186957];155.72349290002603
[3.5812962000000006, -2.4999999999878404];True;[1.481184852566463, 2.838905778588634, 4.845778865564977, -3.6790622855265376, -4.389411747771012, 1.2808891398801079, -2.3762656988361375, -3.731109219460812, -2.4479982130992006, 4.7778558944426806];159.8261080000084
[3.3722706240000013, -2.4999999999976557];True;[-4.121928890386588, -1.0894855550550724, -4.506110304225952, -4.1447390072406165, -1.2467606648434193, 0.08452256512915923, -2.5013571945003035, 4.965226398467347, 2.8225210567820027, -1.3382556357168998];155.23244399996474
[3.2928955920000087, -2.3438644];True;[0.17515545584006453, -0.6030877763919287, -3.646014553194392, -4.932609295259821, -2.0831992336427483, 0.08405835946132001, -0.22345084301524487, -3.305555654471941, -1.6853331448393083, 1.4689195085894862];155.5152109999908
[3.281416920000002, -2.499999999998864];True;[-4.825058248279873, -1.043228669894362, -1.9261853078186664, 1.4994333339841983, -3.7189821112224553, -2.526411535239821, 4.5307660874987565, -4.937774575348275, -3.4104767097493554, 1.075374416750035];160.98299009993207
[3.3316375680000068, -2.4999999999994214];True;[0.10743815520517064, -1.3670601691773667, -3.0712855102505343, -1.1329785050848518, -2.490673148197813, -0.3118573512349955, 2.8934667320145904, -4.473039487940531, -3.7433805848988886, 0.63183812960408];156.33584419998806
[3.23365392000001, -1.5285833];True;[-4.558579048648557, -1.02034791399251, -2.9501721878909617, -2.40533208150704, 1.2176508901675862, -2.4116861049732345, -4.586263213964992, -3.7966304875385015, -1.610724576624495, 4.628336292324409];164.54222810000647
[3.998288952000009, -2.499999999999647];True;[4.222863486220021, 4.685565639453458, 2.154145293392485, 3.042675717521017, -2.90514981206474, 2.477053870592551, 4.968090770934214, -3.5522501447313717, -1.472039855787619, 4.285006316733849];157.33380340004805
[3.234405816000013, -2.4999999999983085];True;[-2.5807070580676426, -1.224130161033739, -4.444720355877741, -4.865174995134026, -2.158489170929972, 0.017685032945975454, -2.3623937091876948, -4.346155142584198, 3.0939190680386313, 1.4111835697051123];157.24627300002612
[3.7956602160000017, -2.499999999995131];True;[4.413014692343319, 0.2216217612493605, -4.198340055766092, 0.6244752120494348, 4.2326227305156845, 4.111449853672278, 1.4636449489673466, 3.61359167499576, -1.6154697750841303, -4.341557484826559];156.30518640007358
[3.783760560000002, -2.4999999999984905];True;[-2.95481386732104, 0.6157044068512965, 3.391201654522529, 4.714495223923741, -0.14292104794563731, 2.2861218815637434, 3.0442647285641713, -3.839375102949041, -3.8660827126106923, 4.725483036388839];155.83795289997943
[3.341504664000003, -2.499999999997002];True;[-3.953472970373662, 2.7436179576375554, 2.457455929788993, -2.7789592145966924, 4.176679973403505, -4.560000770317734, -3.3848872788738937, -4.732284864421835, -3.532187922045555, 1.0633359515890115];164.7123273999896
[3.3137391600000092, -2.4999999999973705];True;[0.10743815520517064, -1.280129306017845, -2.9431356235618678, -1.1329785050848518, -2.508254629891897, 1.9937788022208838, -3.7400069328900627, -1.0532121361550453, -3.7433805848988886, 0.5137192645787074];155.95988869993016
[3.1252793760000035, -2.499999999991256];True;[1.9634320455296672, -1.0380457107319963, -3.6310163894313154, -2.661993058109541, -3.7189821112224553, -2.526411535239821, -3.9566940804089565, -4.878633172995082, -3.4904525878172867, 1.4276613143046704];158.66341449995525
[3.304428048000005, -2.4999999999844857];True;[1.858420340043554, 2.6421346030659922, -3.7585951613797772, -1.7342303419052656, -2.1848512830750693, -2.095149406233366, -4.730841678065704, -2.874473888183971, -3.7462744616026074, 2.406647312216964];160.74745839997195
[3.4383525840000067, -2.4999999999768043];True;[0.16966493262722215, 1.8350663110512915, 2.3901630887409064, -1.9768873371456603, -2.0831992336427483, 0.08405835946132001, -0.22345084301524487, -1.5573099132628707, -2.0607425681545886, -4.594369354473942];154.67611000000034
[3.310315992000004, -2.4999999999974682];True;[1.9634320455296672, -1.0380457107319963, 3.827385750822871, -2.4640776335035692, -3.7189821112224553, -2.832026527356134, -4.555348290090264, -3.856297837216101, -2.3438271341630212, 1.0731660203817475];164.37648580002133
[3.6214767360000093, -2.1838312];True;[-2.9218416129974454, 2.7656470690601807, 3.7637925795752762, 4.714495223923741, 3.369282376658289, -0.673008978520925, -3.860101980371642, -3.7987537879069655, -3.8593231445099634, 0.9607790453384757];160.17260699998587
[3.6061536960000087, -2.1175565];True;[4.413014692343319, -2.8182817567104346, -4.198340055766092, 3.6262333573695136, 3.7080792882459486, -4.015723002199398, 2.041557412851974, 3.61359167499576, -1.62268579807873, -4.995890536658049];159.54905299993698
[3.4067744640000064, -2.499999999998299];True;[-2.5807070580676426, -1.3435885433394148, -4.564564844609826, 3.2960231249776286, -0.05573586033322542, 0.3694071719160199, -2.5013571945003035, -4.346155142584198, 2.92899593222653, -0.6812922763190663];154.80657030001748
[4.023671328000009, -2.1913543];True;[1.930210692158881, 4.584981537531442, 2.154145293392485, 0.6036247001629353, 2.85997480785036, 2.477053870592551, 4.968090770934214, -3.649589089087546, -1.0690950955946377, 4.221663336900823];156.38757869997062
[3.2618602800000005, -1.8880783];True;[-1.9552816794582872, -4.443491173113073, -0.6536165473874771, -2.2225695480932908, 4.155685186117632, 3.7172382924149936, -2.067505059920345, -4.629104585241915, -3.4647868447107193, -4.624517359860128];164.58027949999087
[3.5399937600000126, -2.2047056];True;[-2.620953631416718, 2.858200078364002, 4.9012361373995565, -4.851044278920741, -0.3774108455378644, 1.2229875961306516, -2.3738958339829694, -4.410047676912455, -2.3721128469336397, 4.711613021882962];158.91032140003517
[3.358637568000006, -1.013409];True;[1.3941128133886365, -0.7152822464334807, -1.2772492132428424, 4.73669387288496, -4.242678116051257, -1.1609123494563394, -3.8847812152289096, -3.5007862764974744, -4.0306418014009315, 0.9740039731460748];161.09007699997164
[3.388868496000008, -2.4999999999993543];True;[-4.0648058519292185, 2.225927883029046, -1.2994618062180985, 4.73669387288496, -0.22887455839505355, -1.1958731056002365, -3.8847812152289096, -3.5762163127749145, -4.0306418014009315, 1.0101168322088339];158.38796290010214
[3.394611072000009, -2.49858];True;[0.26776159349097917, -0.2523614244637874, -4.999401846495665, -4.418609567872033, 3.2053406570562015, 4.6998272726156545, -2.0989071867330042, -1.7157149546683648, -3.416942031628676, -1.3130758681918913];154.4305021999171
[3.2505125040000054, -1.9143409];True;[-1.7348927724460084, -4.344690404152346, -0.570973790766363, -1.754398895605183, -3.784288047763372, 3.7172382924149936, -3.1456772486610522, -1.8292724106501195, 1.2862360598748253, -4.552577236013388];176.1926836000057
[3.3910032240000025, -2.4999999999973204];True;[1.6668742271494459, -1.2290600567013281, -3.6746180277795926, 4.626909867036273, -0.19463511410019696, -1.1616156578623884, -2.339054981709582, -4.701602925996125, -0.49098858177677784, -2.7113240692495078];157.1065518000396
[3.4362964800000033, -2.49999999999061];True;[-1.153419025984408, 2.7883684439932988, -1.5260134933063219, -2.1832577084773366, -3.300007730302803, -3.325033848897696, -0.4663543956713152, -1.5716473873137415, 0.4181703957424381, 2.2069893024963902];156.66144360008184
[3.5823619440000094, -2.4999999999993365];True;[4.662858817623512, -0.22276252796066953, -3.3957163451738275, -3.0225415414986045, 4.18745499368697, 3.826150577756107, -2.1509791421736946, -2.7429256410487146, -3.492080867460321, 1.0006484879094129];159.41682169993874
[3.361159368000008, -2.4999999999983817];True;[1.944272531693521, -3.760093700924517, -4.11280725880599, 0.6490128134524131, -3.8020961668439877, 4.399991859432985, 0.3067706870150455, -4.0142255733361525, -3.497212155918015, 0.29561805124372587];161.10940349998418
[3.407089392000004, -1.9616319];True;[3.4001368058555848, -4.551472304458027, -4.709794475604461, 0.2591959994569635, 1.9381876226452959, 0.2156853409567886, 1.1307336068537808, -0.7877930854828088, -2.9299090534422345, -3.4293348353778152];160.86669200006872
[3.7297238400000046, -2.499999999998901];True;[1.8777475682886615, -3.372101121541352, -0.9493342683656492, 0.7594759897941057, -1.501659017731881, 4.197934758912986, 1.98633627500009, 0.6276922886491629, 2.596374732539731, -0.7500673883222877];152.57686619996093
[3.1718196000000005, -2.499999999998907];True;[-1.4418675337597602, 1.8416300830708185, -3.4903127842780357, -1.473985690074031, -1.2937900968036997, -1.5210224891998605, -3.671149609421627, -2.791776034834157, -2.0237613461655686, -4.490460500818639];164.3577990999911
[3.868736040000001, -2.499999999999063];True;[2.488062086849105, 2.7914939458366694, 0.4950679427324438, 2.3029218173528747, -2.8111787375625754, 4.928983890994166, 2.140838724123907, -3.4696684116346055, -1.519491802120926, 4.5610973901832175];158.17269499995746
[3.527685216000012, -2.4999999999996594];True;[-3.215548114297758, -1.2660189439299248, 1.3715994551254802, 1.5266324734212458, -3.7621640560028338, 2.996831903408271, -4.383102480310787, -2.2588037048881353, 1.1125719089059587, 3.996751531848099];153.53257849998772
[3.368372472000003, -2.4999999999983777];True;[-1.8274712219267186, 3.20209849372343, -2.2797308128223404, -3.398178509527048, 3.721556868565764, -0.6860880159521878, -4.043200818939751, -0.8406206670387775, -1.792838555596105, -3.3123449961436835];155.622869700077
[3.4982893440000105, -1.7915082];True;[-0.15486232810118583, -1.266845560372428, -3.0166905752771314, 1.5266324734212458, -3.7621640560028338, 2.784397518508835, 2.864842840619233, -4.494354135144385, -3.7198855638737793, 3.996751531848099];157.48831430007704
[3.4221465360000094, -2.2101974];True;[-1.944516024023799, 0.7912826026197077, -2.2797308128223404, -3.5203834975936954, -0.23823394076910498, 1.5532788277432132, 2.857474894891949, -0.8812485796269776, -1.792838555596105, -3.3123449961436835];158.08997660002206
[3.1690982160000045, -2.4999999999977196];True;[-4.123495180961594, -1.2333433759776637, -2.2480460527480908, -4.451718343264795, -1.2467606648434193, 0.08452256512915923, -4.046002550473646, -4.387487340498744, 2.508098204127131, -1.3382556357168998];158.79039239999838
[3.459716280000011, -2.4999999999987015];True;[0.003713681442148342, -0.48389931006026765, -3.0411762468699415, -2.4069467701567495, -1.3032910383342142, 4.520909253019326, 2.528313580494043, -2.1463380459098875, -0.8370573142503344, -3.862196155238831];159.0536393999355
[3.3997594320000073, -2.499999999994125];True;[1.598592855103254, 1.8339299446104127, -1.2772492132428424, 4.641008244895348, -4.242678116051257, -1.5174704291285304, -3.8775942994696027, -3.566697214097522, -4.0306418014009315, 0.6350611432496336];160.32165439997334
[3.337202592000002, -2.0045574999999998];True;[-4.159932033445044, -0.48349669980604504, -4.70769937844596, 0.46501288360679727, 2.040422953611632, -1.4284769687878216, -3.671149609421627, -2.6642104154085713, 0.3487420416348561, 1.5608802196195017];157.32515469996724
[3.270433104000006, -1.9213019999999998];True;[-3.215548114297758, -1.3404628041504942, 1.3715994551254802, -2.669753534183088, -3.7209533277538935, 3.320000618745711, -4.383102480310787, -1.783870914597242, 1.1164210187717671, -4.485366282242565];160.56424009997863
[3.680906760000005, -0.911692];True;[0.17515545584006453, -0.8200530577857017, 3.6756810985370945, 1.3066878762903993, -1.288119436991386, 0.13918385844196113, -0.22345084301524487, -1.574941482431277, 0.38584373233420066, 1.4363633372466902];159.31097899994347
[3.5332431120000116, -2.4999999999992473];True;[4.59845728965424, -0.25464659553683955, -3.159155071531176, -2.329452461920418, -1.5925231303074394, 3.951476643164293, -2.1724556148963927, -2.492095591974791, -3.4121049893923896, 3.238566026186957];159.04889340000227
[3.612483792000007, -2.278923];True;[-1.2006093520471979, 4.69948622616238, -3.366793684660646, 1.619507578818449, 4.0476515071564005, -4.674816567102243, 0.22152783839373047, -4.716592456012581, 1.9835391597748506, 1.43173634839122];161.7946527999593
[4.035721968000006, -2.499999999998633];True;[1.6525046429211763, 4.584981537531442, 2.154145293392485, 0.6177696913022773, -1.272046611919821, 2.477053870592551, 4.811130717798637, 0.5315246522699453, -0.09104633458224143, 4.172964566621916];151.40435909992084
[3.312919008000001, -2.4999999999954703];True;[-4.664061011745041, -3.069519880507223, -2.9501721878909617, -2.40533208150704, 1.2176508901675862, -1.973965750270825, -4.586263213964992, 1.5899982478360934, -1.610724576624495, 4.628336292324409];157.70790100004524
[3.282698880000004, -2.0482161];True;[0.10743815520517064, -4.283083329560997, -0.46660617732361365, -1.1403413619752438, -2.490673148197813, 0.2517050978967674, 2.0681012304611652, -0.7900215631910248, -3.7433805848988886, -4.736356483897639];160.2377150999382
[3.2173130880000094, -2.2404297];True;[2.1948534884504296, -1.0380457107319963, -4.7594242268188705, -2.661993058109541, -3.5673243220376287, -2.526411535239821, -4.555348290090264, -2.665528282182719, -3.484691078440739, 4.813591425744938];161.1120695999125
[3.4466186880000027, -2.1931673];True;[-3.960181666803906, 3.913595700239881, -1.2994618062180985, 4.73669387288496, 0.020988821531269908, -1.1958731056002365, -3.8847812152289096, -3.5762163127749145, -3.399215844895809, 1.0101168322088339];163.182966100052
[3.52631815200001, -2.1989804];True;[-2.0529038040896896, -3.209610929272051, 0.08117530460841005, -4.430887997227923, -1.4969628206405166, 4.052722871251449, -2.954521147333347, 1.5935074380487722, 3.1043411563949403, 1.3686110908074023];156.65022900002077
[3.3934848480000057, -2.499999999981509];True;[1.9436651398785907, -1.0380457107319963, -3.6310163894313154, 4.957734597550507, -0.0895203513280538, -2.393145832994085, -3.890868781795301, -3.5528055766588094, -3.473392968940073, 1.0731660203817475];164.44138879992533
[3.1768813440000017, -2.3961001];True;[-4.198205315124344, -0.6656855320182173, -3.677116760036368, -4.33296479126825, -1.3504974933036045, -1.435009596282442, -3.671149609421627, -2.6642104154085713, 0.3117939100384808, 1.5608802196195017];159.28962119994685
[3.1245877440000127, -1.318574];True;[-4.123495180961594, -1.2333433759776637, -3.7445551195542524, -4.351425497070908, -1.7027735443518788, 0.06488063578969538, -4.653158213965362, -4.346155142584198, 2.885095853817709, -1.3382556357168998];161.20406220003497
[3.2973728400000066, -2.0553821];True;[1.8363957930827826, -1.0377154941295683, -3.6310163894313154, -2.613411951801284, -3.7189821112224553, -2.526411535239821, 4.521577507072014, -4.953642976284975, -3.4904525878172867, 1.0698005043454837];161.20193139999174
[3.3962807520000053, -2.4999999999973497];True;[3.4001368058555848, -1.0051128452788962, -4.709794475604461, 0.2591959994569635, 1.9381876226452959, -0.865267234060183, 1.1307336068537808, -3.8412363426545744, -2.9299090534422345, -3.3416811883406603];159.49200920003932
[3.6834592320000024, -2.116857];True;[4.170416667448263, -3.3146910442352397, -3.894394959283519, 3.1985270389534293, -1.501659017731881, 3.9921364358780336, 1.9188340154711006, -3.1502585138788732, 2.596374732539731, -0.6847792529816843];154.2493096999824
[3.2611582800000094, -1.365953];True;[3.367798462598424, -4.689469805452347, -4.709794475604461, 0.2591959994569635, 0.7224635064851377, -0.865267234060183, 0.5538234243375972, -4.618059158444297, -2.9299090534422345, -3.311226679377679];157.96799419994932
[3.357610704000008, -2.4999999999990465];True;[-2.953247257950108, -1.7163139207719624, 1.317007582257595, -1.1329785050848518, -2.0961449099269904, -0.3118573512349955, -4.345169248856408, -2.23736972032005, 1.0891718635891512, 0.63183812960408];157.85995670000557
[3.3424844400000016, -2.499999999998965];True;[-4.825058248279873, -1.339834030925253, 1.4573612175800914, 1.5656913689348957, -3.75929223569607, -2.73788430144815, 4.5307660874987565, -4.937774575348275, -3.484700141620914, 1.075374416750035];164.48444250004832
[3.1447703520000037, -2.1421637000000002];True;[-3.021398088637354, 2.214333721714084, -3.4903127842780357, -1.473985690074031, -1.2937900968036997, -1.9393150197651263, -3.6783365251809337, -2.791776034834157, -2.0237613461655686, -4.110435560614544];161.36009460000787
[3.3707080800000067, -2.2656589];True;[-1.5436606727196, 3.20209849372343, -4.519375850655445, -3.297884860193761, 3.721556868565764, -0.6860880159521878, -2.498555396123341, -0.7986152049612363, -1.4158428962908505, -3.3123449961436835];159.97890780004673
[3.3055084800000105, -1.6536974];True;[-4.342347408390325, -1.3371375194469626, -3.4654556088000934, -1.1695778877660965, -2.5093953893074854, 0.2517050978967674, 2.8934667320145904, -0.8451071360290261, -4.157086837253255, 0.5137192645787074];159.65575649996754
[3.2759095680000017, -2.4999999999965867];True;[3.4847381815334026, -4.697557822759362, -4.587455265759919, 0.25062068676707994, 0.7224635064851377, -0.865267234060183, 1.0141545621009262, -4.618059158444297, -2.9299090534422345, -3.311226679377679];160.8228422999382
[3.3317485920000003, -1.8361396];True;[1.9304643182596306, -1.0380457107319963, -4.11280725880599, 4.187312012756061, -3.762086479438873, -2.8497110864504007, -4.555348290090264, -4.068524374283506, -3.497212155918015, 4.813591425744938];158.90035360003822
[3.5764076880000077, -2.49999999999814];True;[-3.3500920480276526, 2.7436179576375554, -1.7492952499125272, -2.8235454729691627, 2.1723805418851025, 3.6878614442109754, -3.3848872788738937, 0.9038917715196373, -3.48359427914552, 3.6581028259706487];155.78857080009766
[3.5451110160000106, -2.4999999999988916];True;[-2.0007517210130006, 2.240015314174035, -3.9575778876621586, -4.650527386126966, -0.7918334331778931, 4.664787965205889, 0.610492839047434, -0.18344412172286018, -0.5568623450182811, 1.551211400822524];151.23503900005016
[3.1453261200000138, -1.64101];True;[3.4001368058555848, -4.697288842261852, -3.3280930212389883, -4.968030202913157, -1.3960254361368611, -0.865267234060183, 1.1307336068537808, -4.618059158444297, -2.9299090534422345, -3.311226679377679];159.98294050002005
[3.447177264000012, -2.4999999999990896];True;[-1.720526175173227, -4.313312037369538, -0.570973790766363, 4.580445150771756, 3.1356852523306094, 3.7172382924149936, -4.540214010467188, 0.6393628198886612, -3.721798793899106, -4.81434068334765];161.50297050003428
[3.1488143040000054, -2.4999999999980345];True;[-1.5012462854388298, -4.313312037369538, -0.570973790766363, -2.6170135380920065, -2.9037374819657527, 3.868046139781281, -3.1425353775121727, -3.5417252179278584, -1.9375772072411408, -4.761500187153081];160.47758969990537
[3.7819012320000067, -2.3022928];True;[4.326433680104126, -0.8434953343837293, -1.1123550231653212, 3.1985270389534293, -1.501659017731881, 3.75743287855566, 1.98633627500009, -3.8348095327923657, 2.596374732539731, -0.6847792529816843];157.02655119996052
[3.770461008000006, -1.5102788999999999];True;[4.59845728965424, -0.25464659553683955, -3.159155071531176, 4.717864528280801, 2.9738882250207093, 3.951476643164293, -2.1724556148963927, -2.492095591974791, -4.0435309458935835, 3.238566026186957];161.97969090007246
[3.1951514880000085, -2.499999999997008];True;[-4.416510042123058, 1.8416300830708185, 2.5316283514339943, -2.097844248366539, -1.4473411960374152, -1.4284769687878216, -3.671149609421627, -4.012907694887289, -2.0848760674675244, -4.490460500818639];163.20592370000668
[3.3612395040000105, -2.4999999999985305];True;[-1.720526175173227, -1.3971899043115412, -3.1756530375779066, -1.747036038714791, -1.2023099535786406, 3.7172382924149936, -3.403657721417347, 0.5978293412476063, -3.721798793899106, 0.46605698000191387];157.33874529995956
[3.4213587840000033, -2.4999999999986287];True;[3.6399656278322503, -1.224130161033739, -3.647468270410998, -4.865174995134026, -2.1631853680213364, 0.15029473771328372, 2.3595049191536956, -4.346155142584198, 2.5917710458700487, -1.2991701334919121];156.54533639992587
[3.113210376, -2.4999999999957008];True;[-3.6135932716339196, 2.225927883029046, -1.2994618062180985, -3.3116820328832404, -3.8582849123708085, -1.1958731056002365, -4.549260709529173, -4.8987372059763725, -3.5790373052656035, 1.0101168322088339];164.3128529000096
[3.367124424000001, -2.497365353];True;[2.4815483152506, 2.6421346030659922, -3.7585951613797772, -1.7342303419052656, -2.0778499015617387, -2.0755074768624446, -2.5780140270407665, -2.874473888183971, -3.7462744616026074, 2.406647312216964];160.47020149999298
[3.560997168000013, -2.4999999999985727];True;[0.14626930939893246, -0.25463389776529866, -2.7255894632822333, 3.8402138767596266, -2.4339657516978477, 0.23907823608546308, 2.8784150918331957, -0.7360540043023487, -3.706402891571243, 0.41362760962663625];158.64792509994004
[3.1133466720000005, -2.4999999999964673];True;[-4.43090901465179, -1.0435588864967902, -1.9261853078186664, 1.4508525899044749, -3.7189821112224553, -2.526411535239821, -3.936110264428991, -4.872835303914784, -3.4904525878172867, 1.4310268303409341];165.24544239998795
[3.216021192000013, -2.40193764];True;[1.9634320455296672, -4.581945517287361, 3.827385750822871, -2.4640776335035692, -3.7942034384601486, -2.832026527356134, -4.555348290090264, -4.633120150820658, -2.3438271341630212, 1.1036316683618739];163.94318430009298
[3.4303854240000096, -2.4999999999995857];True;[-4.143596178353033, -1.119050024855771, -0.9205493175508057, -3.692503675220554, -2.158489170929972, 0.2231569399002491, -2.516234114679259, 1.4531810754847423, 3.01801674289244, 1.4702053398643078];155.02194820006844
[3.831388992000001, -2.2231964];True;[2.488062086849105, 0.2606242776319556, 1.6661769959418309, 2.295759799586885, -2.8111787375625754, 4.7549212601905655, 2.1368040714554906, -3.4696684116346055, -1.5122757791263264, 4.369900323040165];154.67635849991348
[3.35126052000001, -2.4999999999975944];True;[-3.215548114297758, -1.0438574431196035, -2.0119470625851337, 4.326126225561653, -3.7218539315292185, 3.2082400438132703, -4.383102480310787, -1.8381736682032104, 1.1164210187717671, -4.485366282242565];157.24759819998872
[3.76296775200001, -1.7940315];True;[2.5394673116361344, -1.2432907236644977, 0.4923105151283244, 1.5716852954184266, -2.8111787375625754, 4.92721689011972, 2.140838724123907, -3.4632097963295996, -1.5122757791263264, 4.369900323040165];152.17236309999134
[3.574620504000009, -2.499999999998504];True;[-3.266896176432516, 0.23789605736653907, 1.3743568827295995, 2.250706977589704, -3.7621640560028338, 2.996831903408271, -4.383102480310787, -2.2652623201605984, 1.1125719089059587, 3.996751531848099];156.13569139991887
[3.373113888000004, -2.4999999999991735];True;[-2.953247257950108, -1.201218375153797, 1.157341764722924, -1.1329785050848518, -2.158626050006121, -0.3002688000106767, -4.345169248856408, -4.718021447072769, 3.1948435479489365, 1.4199947786164584];157.81099899997935
[3.460910544000009, -2.499999999999645];True;[4.733652022613548, -0.2805999561874798, -3.0712855102505343, -1.1329785050848518, -2.490673148197813, 4.406597466727789, -1.9479139061671789, -4.473039487940531, -3.719458812043566, 1.0030382798030766];158.08319539995864
[3.823044912000001, -2.499999999999631];True;[4.170416667448263, -1.2038089566387347, 1.303260355359274, 3.1985270389534293, -1.501659017731881, 4.197934758912986, -4.457262641157838, 2.173800905915567, 2.596374732539731, -0.6847792529816843];158.77389190008398
[3.852664776000006, -2.495979699];True;[4.222863486220021, 4.685565639453458, 1.83868194592335, 1.6499514030687297, -2.90514981206474, -2.5566124949686984, 4.968090770934214, -3.5522501447313717, -1.472039855787619, 4.285006316733849];159.4972244000528
[3.3727505760000054, -2.493927779];True;[3.1777401066699396, -4.668244193499682, -4.587455265759919, 0.22982043933966279, 0.7224635064851377, -0.865267234060183, 1.5369815044856494, -4.648418599885337, -2.9167457411520403, 0.9649493220593777];159.78391629992984
[3.1889704320000045, -2.1251889999999998];True;[-4.157389117265773, -0.6656855320182173, -3.677116760036368, -4.967029918283909, -1.3230677984921522, -1.2694441268804546, -3.671149609421627, -2.6642104154085713, 0.47385792573868857, 2.358757469780314];156.65535260003526
[3.7246102560000023, -1.9054370999999999];True;[4.457192650867949, 1.9687087924682283, -2.975365197098773, 4.817195625290054, -2.128482780091776, 3.787164907770469, -2.0694779252471167, -2.546063150828001, -3.413854245694646, 3.3386572724660617];159.10309450002387
[3.1858006320000105, -2.4999999999835016];True;[-4.356557940958945, -1.2163625174336279, -4.487862096531746, -4.632503831286022, -0.05573586033322542, 0.08452256512915923, -2.4151502917500807, -4.352304458065197, 3.0609820454631853, -1.3382556357168998];158.8544569000369
[3.2033903760000095, -2.4999999999779097];True;[1.8416953308279647, -1.0380457107319963, -4.1347147127831025, -2.11944467395057, -3.6151495112487355, -2.526411535239821, -4.6049692830067395, -4.0142255733361525, -3.497212155918015, 4.813591425744938];158.86594110005535
[3.117986568000011, -2.4999999999755653];True;[-1.4418675337597602, 1.8416300830708185, -3.4903127842780357, -2.6397920706696585, -1.3557314900089998, -2.829938456138419, -3.6703333189517635, -2.791776034834157, -2.0237613461655686, -4.446928384457874];165.29739620001055
[3.6341315280000037, -2.1023799];True;[0.10743815520517064, -1.3670601691773667, -3.0712855102505343, -1.1329785050848518, 1.701480125979759, 0.1624303809780252, 2.8934667320145904, -0.7900215631910248, 1.918870418015606, 0.6244923414991832];154.87795670004562
[3.3965568000000057, -2.4999999999982876];True;[-3.6135932716339196, -0.3257949562993896, -1.2994618062180985, 4.801405481535275, 3.301586192397263, -1.1958731056002365, -4.549260709529173, -4.804852968977132, -3.4128725579293437, 1.1467316348796217];160.74659809994046
[3.5693049600000055, -2.4999999999978195];True;[-3.3535544948697096, 4.624314279128555, -0.9205493175508057, -3.692503675220554, -2.2806129290377637, 0.2231569399002491, -2.516234114679259, 1.473377371768529, 3.01801674289244, 1.4702053398643078];157.19601150008384
[3.10797993600001, -2.4999999999934195];True;[-4.123495180961594, -1.2333433759776637, -3.7445551195542524, -4.351425497070908, -1.7027735443518788, -0.7039808229860371, -4.653158213965362, -4.346155142584198, 2.885095853817709, -1.3382556357168998];161.9564555999823
[3.1994205120000063, -0.21228099999999994];True;[-2.5807070580676426, -1.1223553769750079, -0.6274233949300447, -4.865174995134026, -2.158489170929972, 0.017685032945975454, -2.3623937091876948, -3.5439900626643333, 3.0939190680386313, -4.92973104324015];164.7662431000499
[3.191945832000012, -2.499999999999227];True;[-4.123495180961594, -4.598632039390407, -4.487862096531746, 0.372538532232046, -2.112512162666711, 0.0672829116685566, -2.5013571945003035, -3.819299390709676, 3.1168484388384092, -1.3382556357168998];154.15665200003423
[3.390758280000003, -2.499999999998085];True;[-1.720424973247864, 2.941172830731393, -0.570973790766363, -1.754398895605183, -1.2912035387308836, 3.7172382924149936, -3.628047686250044, 0.6393628198886612, -3.721798793899106, -4.831376014492061];159.0280475000618
[3.080334312000013, -2.499999999998153];True;[-3.021398088637354, -1.4996304108621203, -3.4218422701017044, -1.3617592603672635, -1.1497402469541378, -2.014159525914113, -3.6783365251809337, -2.2443227931019027, -2.090338768092592, -4.110435560614544];161.35832310002297
[3.096728928000003, -2.499999997830856];True;[1.7565762811197843, -1.0380457107319963, -3.610201973397571, -2.640297304735835, -3.7189821112224553, -2.72965535060153, -4.555348290090264, -4.8711044620813615, -3.4990038466844204, 1.0731301215236217];165.5978889000835
[3.6374149440000085, -1.7875065];True;[-2.953247257950108, -1.7163139207719624, 2.2425941675507346, -1.2534948104199333, -2.8698010424503377, -0.3118573512349955, 4.93506038400607, -2.2460412266255645, 1.085246700580248, 4.2866789517344515];153.87418559996877
[2.992805712000002, -2.2449611];True;[-4.377739270332588, -1.0380457107319963, -3.353050773402326, -2.7566817978847626, -3.7189821112224553, -2.526411535239821, -3.93528520174504, -4.878633172995082, -3.4904525878172867, 1.431075201361185];158.66971060005017
[3.0247745760000058, -0.918069];True;[-2.641200212701031, -1.269846303817905, -3.383472297894164, -2.097844248366539, -2.15654151270127, -1.4273223340539305, -3.671149609421627, -4.012907694887289, -2.013380744831926, -4.490460500818639];160.6356934000505
[3.3563058480000074, -2.4999999999789178];True;[-3.6931807637021214, -3.1164653041555006, -0.8622554820422579, -4.459634140362882, -0.22887455839505355, -1.1958731056002365, 1.8433359589479954, -3.5762163127749145, 2.411528923776987, 1.0622198544794659];156.27097260009032
[3.4286420880000055, -2.4999999999992664];True;[1.3962337159726839, -1.0859344256679886, -3.2762679712015474, -3.7312658030104293, 0.32919075617334403, -1.2258291849379415, -2.5142828222179396, 4.906803654005259, -0.5535632405258948, -2.711644180983784];158.67119810008444
[3.0035309760000075, -2.499999999999056];True;[-3.7417620039983155, -1.1085761487992778, -2.397762609579841, -3.316515573611234, -3.858218841756548, -2.581746532453967, -4.549260709529173, -4.024419759457391, -3.5794886107819184, 1.0101168322088339];167.85299439996015
[3.5600083200000023, -2.4999999999988756];True;[-3.215548114297758, -3.232685975392169, -0.88099516860302, 1.5266324734212458, -3.7621640560028338, 2.996831903408271, 1.960646845826374, -2.886850395358869, 1.1125719089059587, 3.996751531848099];153.8924652999267
[3.472101936000005, -2.4999999999994498];True;[0.9234928709595296, -1.3092227409505564, -3.3957163451738275, -3.0225415414986045, 4.18745499368697, -0.8989087621617977, 2.6903975228921166, -2.7429256410487146, -3.5160026403156435, 0.6294483377104162];156.2075689000776
[3.1959580320000125, -2.0693179];True;[-2.5807070580676426, -1.7392257066519041, -4.444720355877741, -4.865174995134026, -2.6043365978897084, 0.006096481721656666, -2.3623937091876948, -2.2597802523563617, 0.988247372366422, 0.623026920692734];156.98455930000637
[3.4233410160000033, -2.499999999999373];True;[-4.825058248279873, -1.043228669894362, -1.6107219841820428, 2.8921576484040843, -3.7189821112224553, 2.5072551051049414, 4.5307660874987565, -4.831658121245235, -3.4104767097493554, 0.7979584124676657];159.02473019994795
[3.1942838160000098, -2.48931209];True;[-0.9225995855132942, 3.218652253255099, -3.391766858302472, -2.758158942250308, 3.8316204244637833, -4.654702266242488, -3.309856514688697, -4.620065682038151, -3.4967575914357116, -3.212833151816063];166.4875052999705
[3.183882552, 1.4723359999999999];True;[1.9634320455296672, -1.0380457107319963, -3.6310163894313154, -1.4744909241401047, -3.657040366467414, -1.5231105604161208, -4.556164366799011, -4.867799182885145, -2.4301560185645514, 1.416372039171573];158.2294471000787
[3.3207585120000047, -2.4999999999987255];True;[-4.4507428066263, -0.4539766603298634, -3.6704414710079147, -2.443546152838169, -1.292735577755548, 4.353629680568814, 2.564672810671429, -2.2014236187480374, -1.250908308929739, -4.615692023591851];160.170031299931
[3.1846772160000065, -2.4999999999990634];True;[-2.655045737243305, -1.060539745040826, -1.9261853078186664, 1.7661537014752438, -3.7189821112224553, -2.526411535239821, -4.022317031382817, -3.6270079147151026, -3.421931158658828, 1.4310268303409341];160.22654730000068
[3.1813819200000037, -2.499999999997452];True;[-4.0648058519292185, -1.3144759355011575, -1.81136921814947, -0.914045239448334, -0.22887455839505355, -1.0128126936347077, -3.972468825786496, -3.5762163127749145, -4.0288925450973565, 1.0101168322088339];161.468866399955
[3.199247496000007, -0.42634099999999986];True;[-4.108266500837688, 1.8416300830708185, 2.3832649458789423, -2.64039263252551, -1.2937900968036997, -1.4284769687878216, -3.6215263841178302, -3.6563315214110963, -2.072354990276728, -4.490460500818639];159.50901539996266
[3.890302992000008, -2.4999999999992464];True;[-3.321126500832381, 4.69948622616238, -1.724322077132098, 0.8761742413573983, 1.720164502560925, 3.615820699785882, 0.22152783839373047, 0.8088376330626108, 1.9835391597748506, 4.026513988862082];154.55347560008522
[3.527986752000001, -2.4999999999911617];True;[4.59845728965424, 2.297076242696493, -3.159155071531176, -2.396591816041367, -3.934069038736749, 3.951476643164293, -2.1724556148963927, -2.5756955505531973, -3.5782697367286493, 3.1019512156315243];157.65721410000697
[3.76341746400001, -2.0850554];True;[-4.111168184137557, -1.063342619213742, -1.724322077132098, 1.574919761114403, 1.720164502560925, 3.615820699785882, 0.22152783839373047, 0.7886413367788241, 1.9835391597748506, 4.026513988862082];155.4950422999682
[3.2310418320000007, -1.9913862];True;[-1.5012462854388298, -4.41443779993441, -4.387225212882149, -2.6170135380920065, -2.9037374819657527, 3.868046139781281, -3.1425353775121727, -4.343890295397695, 0.021748461220002957, 1.8055428114043355];153.21756750007626
[3.6078477840000014, -1.469431];True;[-2.8518043854087747, 4.69948622616238, -1.724322077132098, 1.571231720897805, -2.4719885612347268, 3.7050821078036096, -4.227813494803268, 0.9296626298134807, -3.715247124395177, 3.9156965584970536];161.37526320002507
[3.5921229840000097, -2.2855251];True;[-3.215548114297758, 2.447945000868047, 1.3031613887260152, 1.414406043682872, -3.9062070396184723, 3.071663712236174, -4.383102480310787, -2.8062569466203895, 1.1791493364805334, 3.996751531848099];161.7397854999872
[3.052985688000012, -2.499999999998597];True;[-1.4419687356851232, -4.231090061549344, -3.4903127842780357, -1.473985690074031, -1.2048965116514567, -1.5210224891998605, -3.1887791718326333, -2.791776034834157, -2.0237613461655686, -4.490460500818639];165.83406149991788
[3.2421224160000124, -2.3572974];True;[3.4847381815334026, -1.3283016424372238, -4.587455265759919, -4.468347845982928, 0.7224635064851377, -0.8480275805995804, 1.0141545621009262, -4.618059158444297, -3.1616476233940314, -3.311226679377679];162.7704777000472
[3.381924528000013, -2.4999999999996305];True;[-4.56814815551429, -0.7198850368428664, 1.436627136602033, 1.5656913689348957, -3.75929223569607, -2.840255478202754, 4.5307660874987565, -4.934469296073587, -2.4158523134874295, 1.0754103156081607];164.40758680005092
[3.600073080000002, -2.2754302];True;[1.930210692158881, 4.584981537531442, 1.228558708099342, 0.4838460251453578, -2.1289288226981427, 2.477053870592551, -4.5629909610096115, -3.6409175819688615, -1.468114692760668, 0.5663582639466813];165.13328189996537
[3.275707176000009, -2.4999999998684643];True;[2.0590621692236524, 2.296458301923491, -4.11280725880599, -2.801556580317217, -3.7209418218041934, -1.1405381083837827, -4.555348290090264, -4.888040064455056, -3.4967608504017, 4.813591425744938];163.05099409993272
[3.4174422720000126, -2.3801079];True;[-4.356006680193893, 1.8873462242753671, 2.2678900331850613, -4.865174995134026, -1.449288854266117, 0.01653039821209379, -2.573832138273026, -4.346155142584198, 3.0224126455267406, 1.4111835697051123];162.2801833000267
[3.687635376000004, -2.49999999999558];True;[3.7969700989555975, 2.132806163659098, -1.1333672450032868, 4.720114377000064, -1.501659017731881, 3.91276460373627, -4.765096984215024, 1.5935074380487722, -3.8383729728656637, -1.3938456346388246];160.58260229998268
[3.21306264, -2.4999999999963824];True;[1.917546881164394, -1.0435588864967902, -3.7280460349792777, 1.545542412862361, -3.7189821112224553, -2.526411535239821, -3.9575191430929073, -4.872835303914784, -3.4904525878172867, 1.4276129432844198];161.37361210002564
[3.6118193760000112, -2.4999999999992437];True;[-3.871383843299756, -1.118317834966519, -0.9205493175508057, 4.626980448359257, -2.158489170929972, 0.2873704669758167, -2.3410062741709012, 1.4856683250537863, 3.01801674289244, 1.0055624165996826];154.04479290009476
[3.2888056320000136, -1.099075];True;[4.6145769703508845, -0.6490323991256838, -3.677116760036368, -4.967029918283909, -1.3685231598658405, -1.4284769687878216, -2.6562394000681073, -2.6642104154085713, -3.705313343473261, 1.5608802196195017];157.69605979998596
[3.0243438720000126, -2.4999999999987947];True;[-3.7417620039983155, -1.1085761487992778, -2.4315467571032063, -3.316515573611234, -3.8485703413930628, -2.581746532453967, -3.6609187082938104, -4.024419759457391, -3.4801583977038275, 1.0101168322088339];158.31771550001577
[3.4237553040000064, -2.2929019999999998];True;[-3.216591926610539, -1.7163139207719624, 1.317007582257595, -1.1329785050848518, -2.1008264570607915, 2.9894985098887346, -4.34384311591074, -2.23736972032005, 1.0891718635891512, 0.659435084285501];158.33046420000028
[3.876756120000005, -1.8055436999999999];True;[4.570575589071202, -1.2297403034087038, 1.303260355359274, 4.925216711177269, -1.501659017731881, 4.1854531503726555, -4.457262641157838, -1.3720115370931676, 2.596374732539731, 3.259248248421958];158.5983358999947
[2.9996630640000133, -2.499999999996905];True;[-1.420554758761424, -4.231090061549344, -3.4903127842780357, -1.473985690074031, -1.1330581852329962, -1.632493473347894, -3.1887791718326333, -4.890893944491548, -2.3750790877645303, -4.490460500818639];163.30669660004787
[3.5202422880000057, -2.49999999999932];True;[1.6093941245258505, -1.0921764222071413, 1.3403808385875706, 4.615859657376714, -3.7621640560028338, 2.996831903408271, -4.33387674137322, -2.2311614390951746, 1.1164210187717671, -4.485366282242565];159.63123679999262
[3.4011912960000004, -2.4999999999972755];True;[-4.4502623416335245, -0.7198850368428664, 1.436627136602033, -2.3847837742225804, -3.75929223569607, -2.7327458369107345, 4.5307660874987565, -2.1314890060736724, -1.4530681821464086, 1.9267100921873044];155.6278491000412
[3.1388646960000126, -2.4999999999990714];True;[-0.15844503404101684, -1.269846303817905, -1.8632379797783003, -1.0536871378657877, -2.15654151270127, -0.7723313095205162, -3.671149609421627, -4.43310793371521, -2.013380744831926, -4.490460500818639];164.71803690004162
[3.296703240000004, -2.499999999998992];True;[-1.58358876926579, -4.609320165028523, -0.570973790766363, 0.14808245647122242, -3.5086314362688134, 3.864926669575491, -3.138572322885365, -3.528982457958885, 3.1137278447415824, -4.761500187153081];165.19303399999626
[2.96076708000001, -2.0736827];True;[-4.623957502465384, -4.313312037369538, 1.4881040931246279, -1.7958185723636868, -1.2279726580343333, -2.987652613247346, -3.3131637930681874, -4.817551968582959, -3.721798793899106, -4.81434068334765];179.481753100059
[3.4020522720000086, -2.43638424];True;[0.8266057726950644, -2.1523720142215588, -3.941170970768374, -1.1679949386036306, -2.158626050006121, -0.3002688000106767, -2.27092592800583, 4.704480759565412, -0.42528541259490527, -2.8120120700173663];158.47602890001144
[3.0822971040000007, -2.4999999999987645];True;[-2.6512710039558884, -4.021444439794572, -3.4944070358219106, 1.7362162167927924, -1.2466723557575328, -1.5210224891998605, -3.9964131904583287, -2.791776034834157, -2.0237613461655686, -4.490460500818639];163.51093440002296
[3.1957329600000026, -2.499999999985674];True;[-1.4418675337597602, 3.8852294180623965, -3.4917897689015116, -1.4732633682662846, -1.2937900968036997, -1.5449322696053902, -4.56691247226422, -2.807840699713558, -2.0237613461655686, -4.490460500818639];169.17412420001347
[3.1463501760000123, -0.691794];True;[-3.7518096488747528, -1.117422448620303, 2.3587317821257727, -2.097844248366539, -1.3246240344476659, -1.4284769687878216, -4.820212744904223, -3.096875799139667, -1.8193921442144543, -4.437662341174963];163.545727299992
[3.090044592000005, -2.4999999999991696];True;[-3.001185774778793, -1.4996304108621203, -3.7436268544940314, -1.3617592603672635, -1.204307190288317, -0.6709392022725152, -3.6783365251809337, -2.2443227931019027, -2.6278327881892847, -4.110435560614544];163.9614071000833
[2.984507424000013, -2.1297822];True;[1.7565762811197843, -1.331843168391182, -3.610201973397571, -2.1196096349840237, -3.7194299555338723, -2.72965535060153, -4.555348290090264, -4.839564614493324, -3.4990038466844204, -4.380265718097539];160.7738621000899
[3.29348570400001, -2.497442934];True;[0.10743815520517064, -1.3670601691773667, -3.0712855102505343, -2.3555948169907768, -2.490673148197813, 0.2517050978967674, -3.171290971521218, 0.582131594333413, -3.722885787770221, 0.5137192645787074];155.64434220001567
[3.5306452800000083, -2.4999999999976903];True;[4.594099807219794, -1.3670728669489076, -3.0881090786667986, -0.6590882522968975, -2.128482780091776, 3.9514702851510477, -2.1571659690053226, -2.514082355900265, -3.4121049893923896, 3.036338074787782];158.22813439997844
[3.2994507600000027, -2.499999999993618];True;[4.5109532210589816, -1.269846303817905, 2.5681901338368514, -2.2892718064669175, -2.931567575703403, -1.4273223340539305, -3.671149609421627, -4.012907694887289, -1.4342567525369907, -4.490460500818639];159.40511000005063
[3.3169057200000127, -2.4999999999830633];True;[-1.2295749148632815, 3.101473350182511, -3.391766858302472, -2.7789592145966924, 4.176679973403505, -4.654702266242488, -3.3848872788738937, -3.0575410480419496, -3.48359427914552, 1.0633359515890115];159.58122059993912
[3.4671417120000076, -2.4999999999992224];True;[-4.835584227327726, -1.3630769369324691, -0.7915680328131057, 1.5656913689348957, -2.161716903910496, -2.73788430144815, 4.5307660874987565, 1.4623927105986476, -3.428564525029369, 1.075374416750035];159.1553963999031
[3.2820640560000114, -2.499999999997402];True;[-2.6792213961383347, -0.6650965537675525, -3.677116760036368, -1.073674175559363, -1.3054180905597705, -1.4284769687878216, -3.671149609421627, -2.6642104154085713, 0.3487420416348561, 1.5630439893566614];162.8154750999529
[3.2915306880000053, -2.499999999994512];True;[-1.963836063917129, -1.2660189439299248, -2.179042872012033, -3.289209773683915, -3.7621640560028338, 2.242495423458701, -4.383102480310787, -2.2588037048881353, -1.8393749685581986, 3.8847146952982676];159.64210549998097
[3.82796928000001, -2.4999999999985993];True;[-3.321126500832381, 4.69948622616238, -1.724322077132098, 1.571231720897805, 2.4678007328511447, 3.615820699785882, -4.227813494803268, 0.9296626298134807, 1.9835391597748506, 4.026513988862082];158.6561248000944
[3.157300944000005, -2.119188];True;[-4.4519139432967725, -1.0435588864967902, -1.9261853078186664, 1.4508525899044749, -3.7908183328683354, -2.414940551091782, -3.936110264428991, -2.7636761400996592, -3.583309250593378, 1.4310268303409341];163.8301241999725
[3.3240119040000016, -2.49999999999858];True;[-4.091922042408026, -0.29725308908001336, -3.0712855102505343, -1.1329785050848518, -2.4159400851356136, 4.406597466727789, -3.685829866793515, -4.359612317277257, 0.33462211216447413, 1.0030382798030766];159.9133376000682
[3.4183455840000043, -2.1062542];True;[-2.9522034456373265, -1.2660189439299248, 1.3715994551254802, 1.5266324734212458, -3.7574824967046783, -0.30452411566712634, -4.384428613256453, -2.2588037048881353, -0.6303017397579331, 3.7122715128447727];161.51505619997624
[3.7618709040000002, -2.499999999999247];True;[4.198298367766081, -0.16257691685550302, -3.159155071531176, 3.051638004130388, 3.22375216443443, 4.191318857887307, -2.1724556148963927, 1.9074444404283442, -3.4121049893923896, -0.7054644588483552];163.22027530008927
[3.2087391840000117, -2.4999999999984217];True;[-4.165794922103991, 1.8416300830708185, 2.392516027070327, -2.097844248366539, -1.303437103011551, -1.4284769687878216, -4.559491282711158, -2.6642104154085713, -2.171685202467396, -4.490460500818639];171.82654250005726
[3.2312673360000015, -2.499999999997744];True;[-2.47592204153301, -1.3670601691773667, -3.394502446599863, -2.177135615585592, -2.490673148197813, -1.4280670970955254, 2.8934667320145904, -4.05283924908115, -3.7433805848988886, 0.63183812960408];161.7633235999383
[3.626029584000004, -2.0456804];True;[-1.9135871931473072, -1.339834030925253, -0.7420345614927231, 1.607111047095006, -3.733628773172997, 3.9642758496215573, 4.6464820880170645, 0.5922885739467048, -3.484700141620914, 1.075374416750035];155.9527589000063
[3.4936954560000064, -2.4999999999645937];True;[-3.1578090824365477, -1.3334886177220897, -3.661547511125017, 4.194290386522736, 0.32919075617334403, -1.1616156578623884, -2.388264821297065, 4.9756410103215565, -0.44679211595799107, -2.8044563671068734];160.36297709995415
[2.979607032000009, -2.4999999999994804];True;[-4.0411420538393354, -4.3026239117185945, -4.39546956210895, -2.3925574529038167, -2.112512162666711, -2.4008043951522224, -2.5053202491271103, -3.8320421506786495, -1.93446702998598, -1.3382556357168998];159.97937219997402
[3.3001968240000124, -2.499999999998349];True;[-4.568628620507066, -0.4539766603298634, -3.6704414710079147, 1.5069291011367398, -1.6578500591410148, 4.238297400891351, 2.564672810671429, -4.937416957945156, -2.4552586902394635, -4.979427223517034];162.2258047000505
[3.142569960000008, -1.8252872999999998];True;[1.7565762811197843, -1.0380457107319963, -3.6087249887740946, -2.641019626543474, -3.7189821112224553, -2.7057455701957367, -2.4789283507809583, -4.84992221898348, -3.4990038466844204, 1.0731301215236217];161.16953860002104
[3.599596368000002, -2.4999999999973546];True;[-2.9349151388462884, -1.0880166818113735, 1.4063664751826077, 4.829921779088592, 0.32919075617334403, -1.1616156578623884, -3.8728998414773725, -3.885650666278599, 3.0665645992553787, 2.7589805589982515];157.27584059990477
[3.1546581840000005, -2.499999999997024];True;[-1.4457434689723496, -1.2701084922514918, -1.922091055299078, -1.444048206107539, -3.7100355755077468, -2.526411535239821, -3.2146830127076065, -3.6270079147151026, -3.421931158658828, 1.4310268303409341];160.11329939996358
[3.4083313920000027, -2.4999999999939906];True;[-3.345618057689054, -0.7198850368428664, 1.436627136602033, 1.5656913689348957, -3.75929223569607, -2.840255478202754, 4.5307660874987565, -4.934469296073587, -2.4158523134874295, 1.0754103156081607];164.58141579991207
[3.057588432000005, -2.499999999998834];True;[-4.155747277227503, 1.8504763823309807, -2.397762609579841, -3.316515573611234, -3.827383434833095, -2.581746532453967, -4.4918000736840025, -4.024419759457391, -3.6250508887889867, 0.9249836958261592];161.54873609996866
[3.0982646880000075, -2.4999999999935487];True;[-4.143707483719803, -1.2333433759776637, -3.4227705351619258, -4.351425497070908, -1.6482066010176994, -2.047201146627547, -4.653158213965362, -4.346155142584198, 3.4223831300885097, -1.3382556357168998];161.02223360002972
[3.521987136000007, -2.0763626];True;[-3.215548114297758, -1.0466653464913085, 1.3715994551254802, 3.659635870787599, -3.7617162116914162, 2.996831903408271, -4.383102480310787, -1.856132839862959, 1.1164210187717671, 0.9736434055786531];159.15132970002014
[3.360294936000013, -1.8408946];True;[-1.720526175173227, -4.313312037369538, -0.570973790766363, -1.1705987641553612, -1.2023099535786406, 3.7172382924149936, 2.9191124842143754, -0.7327903376357764, -3.742293591027774, -4.81434068334765];161.05419569998048
[3.7956230640000115, -2.4999999999985882];True;[4.461550133302395, -0.25464659553683955, -2.72526398108705, 4.585403679059422, 3.22375216443443, 3.9705823507923452, -2.1724556148963927, -2.492095591974791, -3.4121049893923896, 3.3385490419575414];157.91895880002994
[3.722983344000008, -1.464631];True;[-2.9594258592241554, 4.685565639453458, -3.7964256092578985, 3.2340525112073535, -2.1301237490626024, 2.477053870592551, 4.968090770934214, -3.5522501447313717, -2.0511638480825547, 4.285006316733849];153.7913732000161
[3.389286240000011, -2.499999999999371];True;[-4.0648058519292185, 2.225927883029046, -1.2994618062180985, 4.756023275403515, -0.22887455839505355, -1.1958731056002365, -3.8847812152289096, -3.5762163127749145, -4.0306418014009315, 1.0101168322088339];161.88046220003162
[3.3076924560000025, -2.2529657];True;[-4.133037488155253, -1.095807118848555, 1.3283799328355217, -3.692503675220554, -3.756064494926765, 0.2231569399002491, -2.516234114679259, -4.856221506914892, 2.962051312510093, 1.4702053398643078];158.9123776999768
[3.679672968000008, -2.4999999999977844];True;[-3.079183272282438, 0.7637434752665531, 1.2709115376591391, 1.2955032345104338, -0.23823394076910498, 3.0273793272373783, 2.857474894891949, -0.8812485796269776, 1.341223603697464, -3.202349348590273];153.22773909999523
[3.341896488000012, -2.499999999999066];True;[3.2183511438794454, -0.28118893443814463, -3.0712855102505343, -4.948818351509474, -2.4790451544416765, 4.406597466727789, -1.9479139061671789, -4.473039487940531, -3.719458812043566, 0.8132207685810566];155.2405810999917
[3.1936347360000115, -2.1195455];True;[-4.159932033445044, -0.6569421342913971, -3.299613658369494, -2.490959943592566, -1.1135923081683117, -1.4284769687878216, -3.671149609421627, -4.722149828954757, 0.6354183834604439, 1.5608802196195017];153.7405583000509
[3.080285712000003, -2.4999999999971756];True;[1.7565762811197843, -1.0467891084588166, -3.610201973397571, -4.989334666160881, -3.899172515041551, -2.72965535060153, -4.555348290090264, -2.8078269419075883, -3.785561698825653, 1.0731301215236217];154.27951759996358
[3.260446560000005, -2.4999999999989133];True;[-4.066158186564411, -1.119050024855771, -0.9205493175508057, -3.692503675220554, -3.0534239481340824, 0.2231569399002491, -2.3388483882041564, 1.6513183392718673, -4.407535097575718, 1.4702053398643078];159.36775350000244
[3.1394100960000086, -2.313123];True;[-4.159932033445044, -0.6656855320182173, -3.6636368094980307, -2.7625763053067205, -3.6621658201276466, -2.5115381550129983, -3.671149609421627, -2.679477641172447, 0.3587309411747839, 1.5604902375280023];160.2014124999987
[3.5597990160000093, -2.2668951];True;[4.59845728965424, -0.25464659553683955, -3.159155071531176, 1.5022175464268372, -3.5693240482637734, 3.326047288118052, -2.1724556148963927, -2.492095591974791, -3.4121049893923896, 3.238566026186957];160.82861199998297
[3.150605808000001, -2.4999999999993454];True;[1.7565762811197843, -1.0467891084588166, -2.4406979553823573, -2.9703103019284374, -3.899172515041551, -2.730363193411184, -4.487612281409995, -2.8078269419075883, -3.785561698825653, 1.0731301215236217];162.18339230003767
[3.5808153840000134, -2.499999999998314];True;[-3.215548114297758, -1.2835240557390022, 1.3715994551254802, 1.4477554103937447, -1.2597912951303507, 2.996831903408271, -4.383102480310787, -2.1977978622614676, 1.105328208047621, 3.996751531848099];162.51805179996882
[3.8119304160000036, -2.4999999999741522];True;[4.326183913535929, 4.674031169090096, -3.69344847734844, 2.7222632528411843, -1.204307190288317, -0.6709392022725152, 4.956847367630839, -3.536333779073142, -2.558548742860461, 4.262514951573619];163.38709500001278
[3.668691096000001, -2.4999999997981];True;[0.9774883699944159, -3.308687936859539, -0.8603265806064593, -3.642019626837338, 4.250551142412723, 4.197934758912986, 1.98633627500009, -2.8864016003512916, 2.616685531242386, -0.6847792529816843];162.077607999905
[3.407819256000005, -2.4999999999979536];True;[-3.1952993331100603, -1.3404628041504942, 1.2774967620517885, 4.183240177783139, -3.7621640560028338, 2.996831903408271, -4.383102480310787, -1.8381736682032104, 1.1164210187717671, -4.485366282242565];162.38490199996158
[3.4102442880000057, -2.499999999999528];True;[-4.56814815551429, -0.7198850368428664, 1.5348435283109052, 1.5656913689348957, -2.5064633418677467, -2.880203985421323, 4.5307660874987565, -4.934469296073587, -2.4158523134874295, 1.0754103156081607];164.36147909995634
[3.219481080000003, -2.499999999998232];True;[-1.420554758761424, -1.4842220448157264, -2.4700404353484986, -1.473985690074031, -1.0852668619697043, -1.5840900540165412, 2.87795752947763, -4.890893944491548, -2.3750790877645303, -4.243779132281727];165.37233550008386
[3.3689193840000105, -2.4999999999951132];True;[-1.8274712219267186, -4.245528360433062, -0.601494805300625, -3.4735677689235924, -0.18074368256711515, 2.2730428472878152, 2.80600835919744, -0.8812485796269776, -1.792838555596105, -3.3076617794532384];154.96028929995373
[3.0349604880000047, -2.0249121];True;[-4.040261804772791, -4.321756084891181, -4.39546956210895, -2.3925574529038167, -2.1150171943838822, 0.1563099957506935, -2.5158409271876363, -3.8320421506786495, -1.8976636139221754, -1.3382556357168998];158.23684880009387
[3.213738504000002, -2.4999999999970015];True;[-4.165794922103991, 1.8416300830708185, 2.369424657817279, -2.0407592879043652, -1.2937900968036997, -1.4284769687878216, -4.40537218702533, -2.6642104154085713, -2.2544615226676696, -4.374007836351625];164.52717749995645
[2.97397764, -2.499999999996298];True;[-4.173222327949482, -1.1085761487992778, -2.397762609579841, -3.316515573611234, -3.858218841756548, -2.581746532453967, -4.549260709529173, -4.961161493243104, -3.5794886107819184, 1.0101168322088339];170.57363539992366
[2.950793064000007, -1.6340219999999999];True;[-3.7403771701268345, -4.175236420409545, -3.5287197965759374, -1.478197636232922, -1.1330581852329962, -1.632493473347894, -3.1887791718326333, -4.846803209836197, -2.3750790877645303, -4.490460500818639];170.07536959997378
[3.536628480000012, -2.499999999995545];True;[4.170416667448263, -1.2035246004919316, 1.303260355359274, 3.6635059919826984, -2.411041631870428, -2.704459103538055, -4.7901495625105515, 2.173800905915567, -2.955924582794726, -0.7131252921587425];160.6185760999797
[3.646385856000009, -2.4999999999992655];True;[4.359112690764613, -0.24696820956097176, -3.0712855102505343, 1.4768015070474974, -3.7725108774682843, 4.420145807916805, -1.9479139061671789, -4.473039487940531, 1.0251025444145454, 3.844681289143537];156.61901439994108
[3.205339128000001, -2.499999999997758];True;[0.12362087490265083, -1.267243540386786, -3.3628835306734626, -1.1329785050848518, -2.168825605877121, -0.3118573512349955, -3.6238909080584474, -4.041338384534196, -3.6511426409321874, 0.63183812960408];161.55956880003214
[3.3554910960000015, -2.2767594];True;[3.2884821101437787, -0.28118893443814463, -3.0712855102505343, -4.936710999679263, -2.559316685401986, 4.406597466727789, -1.9479139061671789, -3.845620840686344, -3.719458812043566, 0.8132207685810566];156.61188510002103
[3.038667480000007, 1.309866];True;[-1.441868876040384, -4.57817302085543, -3.2891093955647763, -2.0107342935768378, -0.7445788102880002, -1.5210224891998605, -3.6606238644658364, -2.791776034834157, -1.992600291120747, -4.490460500818639];164.0711835999973
[3.3525945360000087, -1.5992456000000002];True;[0.053761935768855906, -1.3670601691773667, -3.0712855102505343, -1.5207422715077001, -2.490673148197813, 0.2517050978967674, 3.128648339919853, -3.741961557056611, -3.7433805848988886, 0.5137192645787074];159.51373509992845
[3.224004552000004, -2.4999999999994924];True;[-4.377739270332588, -1.0379615995805054, -3.383240965546445, 2.872804183839974, -3.7189821112224553, 2.5496936115884314, -3.93528520174504, -4.878633172995082, -3.4930051825317525, 1.461816055179751];161.613690600032
[2.982930624000013, -2.4999999999969735];True;[-4.0411420538393354, -4.3026239117185945, -4.241595410513629, -2.3925574529038167, -2.112512162666711, -2.4008043951522224, -2.5053202491271103, -3.8320421506786495, -1.93446702998598, -1.3382556357168998];157.61558179999702
[3.0001998240000023, -2.42925136];True;[-2.6512710039558884, -4.021444439794572, -3.4944070358219106, -1.5401196451789227, -1.2466723557575328, -2.050928830410448, -3.9877030884225952, -2.791776034834157, -2.0270362371842046, -4.490460500818639];162.64469149999786
[3.5449686720000066, -2.499999999996821];True;[-4.14224384371784, 2.225927883029046, -1.2994618062180985, 4.756023275403515, -0.22887455839505355, -1.1958731056002365, -3.8509971310958893, -3.773983732853312, 3.4182920166271034, 1.0101168322088339];156.12119470001198
[3.301274448000005, -2.49999999999758];True;[-4.448199890447116, -0.43647154852078585, -3.0067756323686936, -2.364668989645545, -3.8243841713991458, 4.520909253019326, 2.564672810671429, -2.262429461374705, -1.243664608069846, -3.862196155238831];155.1648572999984
[2.999853144000003, -2.2268526];True;[-4.155747277227503, 1.8504763823309807, -3.567266627502791, -4.976799652696623, -3.603492106450683, -2.581038689644313, -4.5595360823642705, -4.024419759457391, -3.6250508887889867, 0.9249836958261592];162.09768999996595
[3.0260262960000035, -2.499999999996197];True;[-4.377739270332588, -0.7713847391678941, -3.366530723940663, -4.935701410181586, -1.350606034782831, -1.4433503490146204, -3.93528520174504, -4.856599468335841, -3.500434910162852, 1.4314651834526844];159.92816450004466
[3.3907928400000036, -2.4999999999968803];True;[-2.911407737957095, -1.060539745040826, -1.9261853078186664, 4.771246427196532, 3.0746374036356743, -2.526411535239821, -4.022317031382817, -3.6270079147151026, -3.421931158658828, 1.4310268303409341];158.75711579993367
[3.2676750000000117, -2.3392114];True;[-3.1158185405856473, -1.5103555050865394, 2.1042750342943712, -1.041349026986039, -2.90514981206474, 2.476778291024174, -4.030777090872405, -2.2602391586061805, -1.5413239011163673, -4.094807730818877];158.3251819999423
[3.255262992000005, -2.3257517];True;[0.10743815520517064, -4.113885791408336, -3.0771267321309037, -1.1329785050848518, -2.5384644714591036, 0.20330167856616554, -1.6789747079305155, -0.7900215631910248, -3.7433805848988886, 0.2707200870390847];158.6445811999729
[3.432300048000006, -2.499999999998852];True;[4.733652022613548, -0.2805999561874798, -3.169490965940229, -1.1329785050848518, -3.7435020414573636, 4.4330709274411735, -1.9479139061671789, -4.473039487940531, -3.719458812043566, 1.0030382798030766];158.82114379992709
[3.661033680000009, -2.499999999973197];True;[4.11635471387299, -1.2101457208135424, -3.4847237149005528, 3.816814519779087, -1.567811639633502, -0.8989087621617977, 2.6903975228921166, 1.7369869524203547, -3.5361154168700346, 0.6294483377104162];160.34327119996306
[3.1936889520000067, -2.499999999998504];True;[-4.143743960638382, -4.598632039390407, -4.386906503846644, 0.372538532232046, -2.112512162666711, 0.0672829116685566, -2.5013571945003035, -3.819299390709676, 3.1168484388384092, -1.3382556357168998];157.04337319999468
[3.3504142320000123, -1.303374];True;[-1.066747698888848, 0.6976446414539637, -2.2492097982851584, -1.584674702352377, -0.7450785450528306, 3.7172382924149936, -2.956768678359763, 0.6393628198886612, -3.721798793899106, -4.818198693403316];157.96802010003012
[3.662060112000001, -2.4999999999987494];True;[4.170416667448263, -3.209610929272051, -0.8696590598161009, -4.430887997227923, -1.501659017731881, 3.91276460373627, 1.98633627500009, 1.5935074380487722, 2.0303308310699606, -1.3417426123795178];152.0305711000692
[3.3722710560000064, -2.3291982];True;[-4.144866657870337, -1.0997035207354757, -1.0481779819960442, -3.692503675220554, -2.1559841392128005, -2.3339574500035374, -2.505713436618733, 1.4531810754847423, 2.9812072640757896, 1.4702053398643078];155.65297950000968
[3.0715651440000045, -2.4999999999986873];True;[-1.4219393067157802, -1.1643521489612216, -2.3931397447665015, -3.031617843609272, -3.8485703413930628, -2.581746532453967, -3.6609187082938104, -4.068173690510971, -3.837583563794996, 1.0101168322088339];157.91625890007708
[3.3790497840000127, -1.7676884];True;[-2.953247257950108, -1.201218375153797, 1.1466488890313566, -1.1900634655470255, -2.158626050006121, -0.22289391304943107, -4.152568796588615, -4.718021447072769, 3.3768526074935585, 1.310651623417415];163.65618369996082
[3.22940714400001, -2.4999999999994373];True;[-1.720526175173227, -4.313312037369538, -0.570973790766363, -1.754398895605183, -1.2023099535786406, 2.913565877787536, -3.1456772486610522, 0.6393628198886612, -3.721798793899106, -4.81434068334765];177.4208357000025
[3.2670829440000078, -2.499999999996592];True;[-3.7417620039983155, -0.380871273916501, -2.4943297545768797, -4.280356625095794, -3.8872131514382713, 4.3116004534546395, -4.4602628544731, -4.024419759457391, 1.9729837628014353, 1.0384628713858588];166.0579088999657
[3.3412646880000008, -2.4999999999889586];True;[-2.884837460176063, -1.299650690556433, 1.3715994551254802, -1.0831475387452536, -2.4803263257411485, 2.9832813706181947, -4.383102480310787, -2.2588037048881353, -3.6319087611859384, 1.1550970651151353];164.17238509992603
[3.1435912080000072, 0.396922];True;[-2.442518959782789, -1.369662932608486, -3.383472297894164, -2.097844248366539, -2.478389055021962, -1.4273223340539305, 2.546378950468645, -4.44460879826026, -2.0754221828820247, -4.490460500818639];164.33419149997644
[3.1758866640000107, -2.499999999997572];True;[-1.4419673934044994, 2.22099341218118, -3.4903127842780357, -1.473985690074031, -1.2091987228875494, -2.2684217304982495, -3.199304916788423, -2.791776034834157, -2.0237613461655686, -4.490460500818639];167.73608159995638
[3.0927134880000122, -2.499999999999145];True;[-3.001185774778793, -1.4996304108621203, -3.7436268544940314, -1.3184870084011657, -1.124035659325912, -0.6709392022725152, -3.6783365251809337, -2.2443227931019027, -2.6278327881892847, -4.110435560614544];166.69019869994372
[3.1921419600000056, -2.1853621];True;[-4.825058248279873, -1.0433127810458531, -1.5805317891324053, -2.7373324565480406, -3.7189821112224553, -2.5688499073125626, 4.5307660874987565, -4.831658121245235, -3.4079241150348896, 0.7672175586490997];161.02695269999094
[3.4588913760000004, -2.0510399];True;[-4.010960028285361, 2.225927883029046, -1.2994618062180985, 4.930242029965266, -0.22887455839505355, -0.9237320101514896, -4.114476329663823, -0.6242694050115563, -4.0306418014009315, 1.0101168322088339];160.38388249999844
[3.162431160000007, -2.499999999997351];True;[-3.021398088637354, -1.4996304108621203, -3.4218422701017044, 1.9145765963875083, -1.1497402469541378, -1.4842531847035259, -3.6870466272166666, -2.2443227931019027, -2.0870638770739562, -4.110435560614544];158.70731420000084
[3.362117976000001, -2.499999999999235];True;[-4.427497705034221, -1.3404628041504942, 0.7388197040397935, 4.183240177783139, -3.8901398641841034, 2.996831903408271, -4.383102480310787, -1.8381736682032104, 1.1164210187717671, -4.702307062797537];153.90691320004407
[3.4612367040000036, -0.838398];True;[1.4710528047942775, -1.0467891084588166, -3.610201973397571, 4.721466802631017, 3.3189232475280526, -2.688488153617185, -4.58529828431781, -2.8078269419075883, -3.8488419971127232, 2.1184508596788474];152.05988630000502
[3.729574368000005, -2.499999999937633];True;[4.199966752490793, -4.518593949372963, 2.154145293392485, 3.042675717521017, -1.0930924624380176, -1.3776260493093138, 4.007042079745132, -3.5522501447313717, -1.472039855787619, 4.075233395150752];158.0518272999907
[2.8834021440000135, -2.499999999996417];True;[-3.7403771701268345, -4.201490969395701, -3.522905073798198, -1.478197636232922, -3.6537009433907084, -1.632493473347894, -3.935246094112108, -4.846803209836197, -2.3750790877645303, -4.322860732686417];159.08406579995062
[3.133074384000012, -2.4999999999995497];True;[-1.720526175173227, -4.08557364800458, -0.570973790766363, -1.754398895605183, -1.262897270891662, -2.61536400494811, -3.162967300003519, -3.947656441479543, -3.730145227156802, 0.7002096253422598];161.03360159997828
[3.019098096000011, -2.4999999999951283];True;[-2.9694608613312807, -1.4996304108621203, -2.4545007805908057, -2.490775344407703, -1.0699372461169616, -2.097488229187221, -4.4991714890777335, -2.2443227931019027, -3.991230391708205, -4.110435560614544];166.35164280002937
[2.8621324080000123, -2.0312362999999998];True;[-3.884853822882078, -1.331843168391182, -3.610201973397571, -2.1196096349840237, -3.7435065672312073, -2.72965535060153, -4.555348290090264, -4.839564614493324, -3.4990038466844204, -4.380265718097539];171.88134199997876
[3.3347870640000057, -2.4999999999980993];True;[0.10743815520517064, -1.3670601691773667, -3.496241637021228, -1.1329785050848518, -2.490673148197813, 0.2589147590283668, 2.8934667320145904, -4.473039487940531, -3.7433805848988886, 0.63183812960408];157.9248254999984
[3.219817176000006, -2.4999999999959575];True;[-4.623957502465384, -4.266343285374932, 1.4881040931246279, -1.7958185723636868, 1.8292311255679277, -2.987652613247346, 0.19688143881794207, 0.5744540183700306, -3.736180487362871, -4.813123742222367];160.59071749995928
[3.3647745600000056, -2.004054];True;[-3.2918956391359604, 2.6374834625615504, 0.15878518956207022, 4.45716806782051, -4.242678116051257, -0.6714808239822824, -3.883573462158929, -3.566697214097522, -4.0306418014009315, 1.0101168322088339];161.9454922999721
[3.399867000000001, -2.4999999999818314];True;[-4.825058248279873, -1.3398419740443446, -1.516685654609651, 4.256796973957474, -3.7189821112224553, 2.816976792289106, 4.5307660874987565, -1.8962158069319872, -3.2160307551489695, -4.890485250318598];158.7689876999939
[3.12327468000001, -2.4999999999987987];True;[-3.3053542525445136, 1.8416300830708185, -3.4219414526831344, -2.097844248366539, -1.2937900968036997, -1.4284769687878216, -3.671149609421627, -2.6642104154085713, -2.072354990276728, -4.490460500818639];166.21810340008233
[3.6334293120000027, -2.499999999998932];True;[4.08380839477824, -3.209610929272051, -1.715774975153027, -4.430887997227923, -1.501659017731881, 3.9129299082703457, 1.745091925283242, 1.1771913233807014, 2.001712134790124, -1.0485164610611464];151.553952199989
[3.354445656000002, -2.4999999999969256];True;[0.10743815520517064, -1.3100498834643284, -3.0712855102505343, -2.9706217050461907, -2.6274940958074007, -0.9033634380282538, 2.8934667320145904, -0.7900215631910248, -3.7433805848988886, 0.5137192645787074];155.1476559001021
[3.418006248000011, -2.495152797];True;[-4.377739270332588, -1.3924701552580037, -3.322592577371699, 2.872804183839974, -1.4577746911002276, 4.198990902560994, -3.919752773407555, 2.6270216023678366, -3.4930051825317525, -0.6944514646096823];161.5669548000442
[3.5182324080000047, -2.49999999999845];True;[-3.6985450717488457, -1.2660189439299248, 1.3715994551254802, 1.5266324734212458, -3.7621640560028338, 2.996831903408271, -4.547129378568817, -2.2588037048881353, 1.1125719089059587, 4.206147003161108];156.57501059991773
[3.1913181360000014, 2.965909];True;[4.824147330263728, -4.231090061549344, -3.480572354752268, -1.473985690074031, -1.2048965116514567, -1.3259047468001097, -3.1887791718326333, -2.791776034834157, -2.0485676451975285, -4.532410253039284];162.68340109998826
[3.188770848000011, -1.219518];True;[-3.742088080567096, 2.225927883029046, -1.2994618062180985, -3.405065220802988, -0.22887455839505355, -2.6579944923054004, -3.8847812152289096, -3.5762163127749145, -4.013220582704914, 1.0101168322088339];163.23268020001706
[3.0817478160000134, -1.6525107];True;[-4.377739270332588, -1.0380457107319963, -3.3581597944569985, -2.7566817978847626, -2.11253901988481, -2.526411535239821, -2.5425220669523387, -3.7550207690170367, -3.4904525878172867, 1.431075201361185];158.06531460001133
[3.196561536000009, -2.2759335];True;[-3.8327559885665905, -3.2335418310017006, -0.5550991831840024, -2.4521659341178306, -2.1024402399715965, -2.4008043951522224, 2.438143836438752, -3.795874935573749, -1.93446702998598, -1.342057946364925];159.53262269997504
[3.0951739440000097, -1.9721568999999999];True;[-1.720526175173227, -4.313312037369538, -0.570973790766363, -1.5855978536862312, -1.2023099535786406, -2.1555039968029437, -4.494697371935605, 0.6023656195490763, -3.721798793899106, -4.742548765709092];174.31679700000677
[3.1239561600000103, -2.1745851];True;[-4.0411420538393354, -1.4395391530699315, -3.0646581635408925, -1.207243278418816, -2.4747644422098825, -0.35338681255447435, -2.2852931277968547, -3.8320421506786495, -1.93446702998598, -1.9398752729485604];158.91579800006002
[3.4131147120000094, -2.1315779];True;[1.667121762640974, -0.9487512115300372, -3.682365528610828, 4.626909867036273, 0.32919075617334403, -1.160648910461375, -4.076571586864417, -2.5705606237547354, -0.557884247672677, -2.811883468264573];162.19346659991425
[3.383258976000003, -2.4999999999985403];True;[-4.0648058519292185, 2.225927883029046, -1.2994618062180985, 4.756023275403515, -0.5079207199200353, -1.1958731056002365, -3.8847812152289096, -3.5762163127749145, -4.0306418014009315, 1.0101168322088339];160.60496000002604
[2.952151704000011, -2.48441453];True;[-4.24168804174538, -1.269846303817905, -1.8632379797783003, -1.0536871378657877, -3.853725119595474, -2.704170741312188, -4.62386725211263, -4.425573092137242, -2.000096379258111, -4.490460500818639];161.66482390009332
[3.280923576000003, -2.4999999999977796];True;[-1.420554758761424, 4.920153035951752, -3.4903127842780357, -1.473985690074031, -2.9451155345318503, 2.2221863039917507, -3.1887791718326333, -4.890893944491548, -2.3750790877645303, -2.662998163333685];165.0133698999416
[3.091230648000001, -0.7952239999999999];True;[-4.155747277227503, 1.8504763823309807, -4.272017366663686, -4.976799652696623, -3.2826546997208403, 2.9016620759139284, -4.542236738455777, 0.5628624324352045, -3.6167044555312913, -4.556289976953323];164.438457799959
[3.2477217840000128, -2.4999999999694604];True;[1.724855530938486, -1.0467891084588166, -3.7298240286047672, -1.353868606528724, -3.9532603482497493, -0.6599717983943163, -3.6667772600669846, -2.8078269419075883, -2.422164007377014, 1.0731301215236217];157.94779999996535
[3.0638185200000114, -2.4999999999994107];True;[-4.377739270332588, -1.0116981629825463, -3.3588654961800652, -2.7566817978847626, -1.198338722648997, -2.526411535239821, -3.1888182794606124, -4.878633172995082, -3.4904525878172867, 1.431075201361185];163.9591594999656
[3.105324864000003, -2.499999999997319];True;[1.6011758123656907, -4.3026239117185945, -4.241595410513629, -2.3925574529038167, -2.0884355373693078, -2.4008043951522224, -2.5053202491271103, -3.8320421506786495, -1.93446702998598, -1.3382556357168998];160.91634230001364
[3.186339120000006, -2.4999999999988916];True;[1.8893475932071924, -1.665162366636394, -3.7975737310460294, -1.1070235148829435, -1.204307190288317, -1.13742994013776, -3.6795442782509147, -2.2443227931019027, -2.6278327881892847, -4.110435560614544];160.1909125999082
[3.6558116640000025, -2.1342568];True;[-3.321126500832381, 4.480344162884448, -1.724322077132098, 1.574919761114403, -1.1063124532190125, 3.615820699785882, -3.4086160588213485, -4.55080729859481, 1.9982002942430004, 4.492424785117106];158.3608366000699
[3.385602576000013, -2.219947];True;[-4.659539663140624, -1.043849500000512, 0.6447833744791747, 2.8186003733411913, -4.027910866873202, 2.9150856280654454, -4.383102480310787, -4.765076715256426, 0.9219880654125192, 1.1198933752506668];159.46725139999762
[3.010247064000007, -2.49999999999855];True;[-3.7417620039983155, -1.1085761487992778, -1.5918747108301001, -3.042453536730043, -3.858218841756548, -3.35077534494045, -4.549260709529173, -4.024419759457391, -3.5794886107819184, 1.0101168322088339];165.35330620000605
[3.1476857040000086, -2.4999999999988893];True;[-4.377739270332588, -0.7713847391678941, 2.4142523374408382, -4.935701410181586, -1.4989854630116508, -1.4433503490146204, -3.93528520174504, -4.856599468335841, -3.500434910162852, 1.4314651834526844];167.77232900005765
[3.643142616000003, -2.4999999999981553];True;[4.638945559059941, -1.0336790346832998, 1.242628064735876, 3.1985270389534293, -3.7628659862621143, 2.548636959602189, -4.472795068961301, -4.963237851088761, 2.596374732539731, 1.4714882668047373];159.61683079996146
[3.843559080000003, -2.4999999999988662];True;[-3.2389201673297556, 4.69948622616238, -0.8782061617951721, 1.571231720897805, 1.720164502560925, 3.6156553952518062, -3.9839845756755805, 0.9203423829315869, 2.5840201592110845, 3.7327584741777913];158.0676765999524
[3.5382722400000013, -2.4999999999985567];True;[0.9234928709595296, -1.3662330266635945, -3.3957163451738275, -1.184898341139633, 4.315186656324702, 0.2561597737632235, 2.6903975228921166, -2.7429256410487146, -3.5160026403156435, 0.6294483377104162];158.11992800002918
[3.0093139440000027, -2.4999999999981197];True;[-3.258765046547223, -1.1085761487992778, -2.397762609579841, -3.316515573611234, -3.858218841756548, -2.581746532453967, -4.385233811271142, -4.024419759457391, -3.5794886107819184, 0.6308019700592598];160.63276649999898
[3.3663206880000103, -2.4999999999983027];True;[-1.6141859127097737, 0.41296190099434493, -3.0810259397763025, -1.1329785050848518, -2.490673148197813, 4.2067537315979315, -1.9479139061671789, -3.0645318653329294, -3.694652502670971, 1.0544227367387529];156.82825060002506
[3.2228712000000046, -2.499999999996819];True;[-4.0644797753604385, -1.1085761487992778, -2.4315467571032063, 4.752590923003269, -3.8485703413930628, -1.1196251457403186, -3.6609187082938104, -4.024419759457391, -3.497579616399581, 1.0101168322088339];161.96817030000966
[3.1383218880000063, -2.3565952];True;[-4.155747277227503, 1.8504763823309807, -3.567266627502791, -4.985457025012105, -3.603492106450683, 2.4880255490365553, -3.2105073071029233, -3.9871550233634774, -3.6250508887889867, 0.8888416866687883];157.61168269999325
[3.4233606720000114, -2.499999999999193];True;[3.9598110185963664, -4.278692978507522, -4.695464387322492, -4.371254736228966, -1.5117309404269956, 3.91276460373627, -2.9571117301854315, 0.98432777581021, 2.602193134226358, -2.35588725039919];155.15319149999414
[3.3722598240000097, -2.499999999998617];True;[-4.143596178353033, -1.119050024855771, -0.9154402476465273, -3.692503675220554, -3.76493224393729, 0.5241751534490418, -3.9089972403369053, 1.4552611154805584, 3.01801674289244, 1.4702053398643078];156.0207557999529
[3.177620496000011, -2.4999999999985207];True;[0.10743815520517064, -4.230058137355492, -4.248222713993968, -2.318292679569779, -2.128420868654641, -2.3592749337676104, 2.673434201410158, -4.473039487940531, -3.7433805848988886, 0.63183812960408];157.3737646000227
[3.180501288000001, -2.499999999999161];True;[-2.6512710039558884, -4.8193656644653196, -3.504907813921359, -1.5401196451789227, -1.2466723557575328, -2.051895577811461, -2.250185764255644, 4.615594770162338, -2.0227152300372886, -4.483019855985532];157.7142774000531
[3.163310712000003, 0.0826340000000001];True;[-0.08934657597666495, -1.1085761487992778, -2.397762609579841, -3.316515573611234, -2.161035202565366, -0.6499071002457755, -3.5965383808700535, -4.966796084364891, -3.5927729737525453, 1.128848619618037];160.09748969995417
[2.982488904000005, -2.3372326];True;[-3.9496031326360663, -4.3026239117185945, -4.39546956210895, -2.3925574529038167, -2.112512162666711, -2.4008043951522224, -2.4634542520503526, -3.8320421506786495, -1.93446702998598, -1.3382556357168998];156.47640409995802
[3.0256381440000037, -2.499999999998569];True;[-4.0411420538393354, -4.368209438907836, -2.1530399173354047, -2.3925574529038167, -2.112512162666711, -2.4008043951522224, -2.5053202491271103, -3.8320421506786495, -1.93446702998598, -1.3840477553203714];158.62769610004034
[3.201700608000013, -2.41478973];True;[-3.682924076427025, -1.0687586712155586, 1.7188005291321726, 1.8594170884262058, -4.10148666012339, -3.250312001948511, -4.071050319120866, -4.057608857787424, -3.589884784174396, 1.2706863677696];162.20159190008417
[3.417933240000004, -2.1266384];True;[0.016041138402913102, -1.3670601691773667, -3.0712855102505343, -1.1329785050848518, -2.490673148197813, 0.2517050978967674, 2.851594936966616, -0.7900215631910248, -3.7433805848988886, 0.5137192645787074];154.54651310003828
[3.3973290000000045, -2.2073666];True;[-1.8274712219267186, 0.8482118095774491, -4.368239318403486, -3.5203834975936954, -0.23823394076910498, 2.2730428472878152, 2.857474894891949, -0.8812485796269776, -1.792838555596105, -3.2665528730604882];154.4163609999232
[3.3964572240000046, -2.499999999998968];True;[-3.3168690918329133, -1.7524387945264484, -3.7436268544940314, -1.3617592603672635, 1.8668973312356152, -0.388043705283996, 0.1330354688367219, 0.7449315919903958, 1.971704947537462, -4.110435560614544];162.7829690000508
[3.338096400000004, -2.4999999999969993];True;[1.598592855103254, 2.2066335832536774, -1.2772492132428424, -1.2300667697545038, -4.242678116051257, -1.1379715618475272, -3.8847812152289096, -3.585045067272009, -2.1160670775479975, 1.0101168322088339];163.5920696000103
[2.9399617440000054, -2.499999999997494];True;[-4.0411420538393354, -4.027518281741339, -4.219679365074721, -2.3316599523452197, -4.071889427811627, -2.586023920373471, -2.5053202491271103, -4.0300211577188385, -1.9391684235508644, -1.3382556357168998];165.4852050000336
[3.050304696000011, -2.4999999999988303];True;[-1.420554758761424, -4.611545651257052, -4.496339168089621, 0.04961163276135394, -1.1330581852329962, 0.04859812984060763, -3.0529473318431437, -4.158647752556914, -2.3750790877645303, -4.832247593342739];165.8757560000522
[3.134982744000009, -2.4999999999975384];True;[1.5371304900369616, -1.3253966281595135, -4.217702952921718, -2.9328772538241634, -2.3706836028334215, -2.7386024766798767, -4.487612281409995, -2.8078269419075883, -3.7914656977602648, 1.0731301215236217];167.5242458001012
[3.4372002240000006, -2.49999999999689];True;[-1.8274712219267186, 0.7637434752665531, -2.32815517654131, -3.5203834975936954, -0.23823394076910498, 2.2730428472878152, 3.1344689783872073, -0.8812485796269776, -2.1445598135351553, -3.301556329021106];157.69339929998387
[3.391770024000013, -2.4999999999989417];True;[4.733652022613548, -0.2313267891580355, -3.0801123240973274, -1.1492371793352327, -2.490673148197813, 2.6112169125121185, -3.4139252074784054, -4.436783690343063, -3.719458812043566, 1.0030382798030766];154.98814769997261
[3.5862300720000126, -2.4999999999942206];True;[1.667121762640974, -1.0838899183648232, -3.6928663067102763, 4.626909867036273, 0.32758428653459015, -0.9475039823877509, -3.6856482441843146, 4.9724204587389575, -0.5505159681149041, -2.8044563671068734];156.6595706999069
[3.112087392000001, -2.4999999999955747];True;[-3.6155680036188906, -1.1753416355083735, -0.570973790766363, -3.3047051329495782, -1.2023099535786406, 3.7172382924149936, -4.571442160541976, -3.9920118414746817, -3.7198787280485415, -4.6869125470345];161.82327479997184
[3.0386687760000086, -0.7562120000000001];True;[-3.8952169170631414, -3.2969952173216455, -3.5175910690125005, -2.155248506105262, -1.5146159892936883, -1.6537221282987076, -3.935246094112108, -4.846803209836197, 2.6174126677598846, -4.322860732686417];164.19083850004245
[2.950841880000013, -2.48882702];True;[-2.9671309927001763, -1.4996304108621203, -2.4545007805908057, -2.3863457320778236, -4.336695032918625, -2.097488229187221, -4.4991714890777335, -2.2443227931019027, -3.991230391708205, -4.110435560614544];159.1139661000343
[3.119657328, -2.144966];True;[-2.6512710039558884, -4.021444439794572, -3.537614993411186, -1.5745255727388756, -1.2466723557575328, -1.9738012006729961, -3.9877030884225952, -2.791776034834157, -2.0270362371842046, 1.0404502820510677];158.7234662999399
[3.4580634480000096, -2.4999999999989546];True;[-2.6950303311073207, -3.7680951212388982, -3.5582712574839954, 1.7302889327139388, -1.2401436139661803, 3.615820699785882, 0.22152783839373047, 0.8088376330626108, 1.3629684638841508, -3.5823842746882213];157.7862962000072
[3.109359528000011, -0.821771];True;[-4.0411420538393354, -4.213454622126786, 1.5397462625340155, -2.3925574529038167, -2.112512162666711, -2.566172923343307, -2.3115149200598317, -3.8320421506786495, -1.93446702998598, -1.3840477553203714];163.09926669998094
[3.0011692320000005, -2.499999999999351];True;[-4.0411420538393354, -4.3026239117185945, -3.9027374707993863, -2.3925574529038167, -1.1769673267442204, -2.396768745866964, -2.483763847223068, -4.302472767714376, -1.93446702998598, -1.323444124754354];154.61995279998519
[3.351988224000013, -2.499999999999204];True;[-4.275985180064583, -4.616155026613502, -0.9205493175508057, -3.692503675220554, -2.158489170929972, 0.2231569399002491, -2.516234114679259, 1.4531810754847423, 3.01801674289244, 1.4702053398643078];154.15871059999336
[3.267500688000011, -2.4999999999974545];True;[-4.165794922103991, 1.8416300830708185, 1.9941239443693906, -2.097844248366539, -1.2937900968036997, 0.6930389482418156, -3.671149609421627, -2.6642104154085713, -2.072354990276728, -4.490460500818639];164.21055570000317
[3.002824872000001, -1.124835];True;[-3.9496031326360663, -3.681185460114877, -2.371374276628631, -2.419635946559473, -2.112512162666711, -2.2581427802618963, -2.4634542520503526, -4.017342990738997, -3.568832838159645, -1.3382556357168998];163.47457530000247
[2.985491520000008, -2.499999999994168];True;[-4.204838405568883, -1.1085761487992778, -2.397762609579841, -3.360387225595198, -3.853786422696758, -2.581746532453967, -4.549260709529173, -4.399316864710086, -3.5794886107819184, 1.0523821535553697];171.12301800004207
[2.93917831200001, -2.493450558];True;[-1.393323703873987, -1.331843168391182, -3.6033783337269196, -2.104657968491316, -3.7194299555338723, -2.72965535060153, -4.555348290090264, -4.839564614493324, -2.3553751774581717, -4.494373358857032];167.6281826000195
[3.0681994320000125, -2.499999999998217];True;[-1.4304763859519167, -1.1643521489612216, -2.3931397447665015, -3.031617843609272, -3.848303678311832, -2.581746532453967, -3.812825877166, -4.068173690510971, -3.8331981864169604, 1.0101168322088339];159.48352979996707
[3.5946396000000047, -1.9101682];True;[-2.996603590748456, 4.844870045826067, -1.724322077132098, 1.574919761114403, -1.3510400211993994, 3.3329051357982107, -3.5898294026783626, -2.2829212987840366, -2.6159978164073037, 4.026513988862082];157.99442689993884
[3.0195030960000064, -2.499999999997398];True;[-3.258765046547223, -2.7495883750150316, -2.3856349131336634, -3.3774130741651183, -2.0845978997356474, -2.396527007232718, -4.385233811271142, -3.826440752417202, -3.5747872144853483, 0.6308019700592598];162.06423260003794
[3.1706115120000016, -2.4999999999993907];True;[-4.123495180961594, -4.218176449411306, -2.9216554014407916, -1.1510587906031233, -2.112512162666711, -1.613808691519754, -2.5013571945003035, -3.819299390709676, 3.1168484388384092, -1.067944965612363];158.1552771999268
[3.038372424000013, -2.4999999999445364];True;[-4.24168804174538, -1.269846303817905, -1.8632379797783003, 4.834270751357018, -3.853725119595474, -2.704170741312188, -4.62386725211263, -4.407225222804674, -3.9146704848025387, -4.490460500818639];166.12245100003202
[2.9965874400000034, -2.499999999998954];True;[-3.820829225128674, -4.023875860296236, -2.4645888568207943, -2.4299905010080907, -3.7330851070752513, -2.39256511188353, -2.5053202491271103, -3.8320421506786495, -1.9285629780726823, -1.3382556357168998];158.89352779998444
[3.686920848000014, -2.4999999999893934];True;[4.313178795746156, -4.11410667859436, -0.9546480780098363, 3.1985270389534293, -3.640743895473972, 4.216838761347719, 1.98633627500009, 1.5663230722472052, -2.3961180434502305, -0.6847792529816843];160.54113060003147
[3.131952048, -2.4999999999989346];True;[-1.846720109179567, -4.246386903575712, -2.724020620799692, -1.7662093360179127, -3.858218841756548, -2.581746532453967, -3.123477281155356, 0.6072230039278046, -3.5814086766324835, 0.9187397943866926];161.21013599995058
[3.0965021280000005, -2.4999999999976428];True;[-2.6512710039558884, -4.021444439794572, -3.445982672065017, 1.7362162167927924, -1.2466723557575328, -1.0809776408885954, -4.165141804273096, -2.666577524782643, -1.8003138045887932, -4.501247703336602];165.74961999990046
[3.804560064000012, -2.499999999999267];True;[4.156973481184273, -1.2038089566387347, 1.303260355359274, 2.851959709521248, -1.501659017731881, 4.197934758912986, -4.457262641157838, 2.173800905915567, 2.596374732539731, -1.1805098323292795];167.74403509998228
[3.110912784000011, -2.499999999999531];True;[-4.377739270332588, -0.2863514718794136, -3.350038682333272, -2.7404231236190144, -1.198338722648997, -2.526411535239821, -1.7228069757426974, -4.914779213913108, -3.4904525878172867, 1.431075201361185];165.57222520001233
[4.003963488000001, -2.499999999999562];True;[4.222863486220021, 4.693423920583051, 2.154145293392485, 3.042675717521017, -2.35752185831988, 2.477053870592551, 4.536589862267865, -3.5522501447313717, -1.472039855787619, 4.423723226295825];153.67380079999566
[3.0931368480000137, -2.4999999999988445];True;[-1.4219393067157802, -1.1656644663751348, -2.3931397447665015, -3.031617843609272, -3.8469058288716607, -2.581746532453967, -2.314325444692189, -4.413359114506077, -3.840620439115657, 1.0101168322088339];160.19394270004705
[3.4997462640000006, -2.4999999999955747];True;[1.5962656659549181, 2.2066335832536774, -1.2772492132428424, 4.5936646161808135, -0.9755088213155487, -1.1379715618475272, -3.8847812152289096, -3.566697214097522, -3.739208422454446, 1.0101168322088339];163.109057799913
[3.294834624000001, -2.4999999999971916];True;[-4.56814815551429, -0.8741912125499074, -2.256158991468685, 1.5656913689348957, -3.75929223569607, -2.816827764967885, 4.322503697180156, -4.934469296073587, -2.4158523134874295, 1.0754103156081607];162.30256980005652
[3.515596344000005, -2.499999999996575];True;[-3.277367173680945, 4.402955009884341, -1.6604578366475178, 1.5808470451932566, 1.7136357604875272, -1.5210224891998605, -3.9964131904583287, -2.791776034834157, -2.0237613461655686, 3.1324538102353117];159.8273878999753
[3.318671088000005, -1.6252782];True;[-4.56814815551429, -0.7198850368428664, 1.5781227839094518, 1.4384062736003485, -2.195473299212321, -1.8217307675409808, 4.5307660874987565, -4.934469296073587, -2.4158523134874295, -4.44957728012654];167.62795299990103
[3.0435320160000083, -2.499999999996691];True;[-4.377739270332588, -1.0116981629825463, -3.3588654961800652, -2.7566817978847626, -2.1338835585714873, -2.530447184525079, -3.2103746813646468, -4.841858897392661, -3.4904525878172867, 1.4162636903833556];158.54596280003898
[2.9669777280000034, -2.490336204];True;[-3.7786116401734575, -1.269846303817905, -1.8632379797783003, -1.0098154402751898, -3.858157538655264, -2.704170741312188, -4.62386725211263, -4.050675986882339, -2.1575351592400973, -4.5240298263447825];161.29513979994226
[2.940679080000008, -2.4999999999990776];True;[-4.1477994304231185, -1.14234125925748, -3.522905073798198, -1.478197636232922, -3.6537009433907084, -1.632493473347894, -3.935246094112108, -4.846803209836197, -2.3750790877645303, -4.322860732686417];163.95403769996483
[3.0557828880000137, -2.499999999998536];True;[-2.799092286665048, -1.1085761487992778, -2.4315467571032063, -3.316515573611234, -3.3357193030318113, -2.581746532453967, -3.6609187082938104, -4.024419759457391, -3.4801583977038275, 1.0101168322088339];161.35318330000155
[3.053936304000013, -2.494164999];True;[1.7293452256335864, -4.231090061549344, -3.4971364239486866, -1.0748748430762871, -1.1330581852329962, -1.632493473347894, -3.1887791718326333, -4.890893944491548, -3.5187077569494813, -4.376352860059147];166.0339581000153
[3.042774072000001, -1.6423773000000002];True;[-4.155747277227503, 1.8504763823309807, -4.421824348877294, -3.2894370799552872, -3.827383434833095, -2.5832944447401394, -4.4918000736840025, -3.839118919397044, -2.497691403394585, 0.9249836958261592];166.26830580004025
[3.534122880000004, -2.4999999999983835];True;[1.5764352602247138, 2.3481840567522343, -3.6928663067102763, -2.9311740161069637, 0.32919075617334403, -1.1616156578623884, -2.339054981709582, 4.936324629592534, -3.562745221568006, 0.9141183157341003];157.63959779997822
[2.9596361040000048, -2.4999999999993583];True;[-4.164662319402425, -1.7764528057858213, -2.397762609579841, -3.316515573611234, -3.8584855048377786, -2.581746532453967, -4.549260709529173, -4.961161493243104, -3.5838739881599535, 1.0101168322088339];166.95566410000902
[3.114252792000005, -2.499999999999354];True;[1.1854430818737733, -1.1085761487992778, -3.3774739531077094, -3.316515573611234, -3.8485703413930628, -2.581746532453967, -3.4846883886328532, -4.048852124577715, -3.479049016308269, 1.038393771707049];160.45587199996226
[3.7397041200000065, -1.9784188];True;[4.170416667448263, -1.2047503745850572, -2.7287993200696503, 3.1985270389534293, -1.501659017731881, 4.197934758912986, -4.45807147529565, 2.173800905915567, 2.596374732539731, -0.5093009419841699];160.28815470007248
[3.127260312000002, -2.499999999997213];True;[-4.063555878282298, -1.5829100401316292, -2.397762609579841, 4.213702612436332, -3.827383434833095, -2.581746532453967, -4.4918000736840025, -4.278522944484961, -0.6158672468449691, -2.793590760608656];160.19245319999754
[3.3468552000000122, -1.6077617];True;[-4.002900961376312, -1.3092227409505564, -2.4497891491683665, -3.0225415414986045, 4.18745499368697, -0.8989087621617977, 2.6903975228921166, -2.7184932555176036, -3.517112021711202, -1.2118888749963057];154.5123763999436
[3.09066148800001, -2.4999999999981997];True;[-3.7417620039983155, -1.1076347308529553, 1.6342984714054998, -3.316515573611234, -3.858218841756548, -2.581746532453967, -4.548451875391361, -4.024419759457391, -3.5794886107819184, 1.0101168322088339];158.30374260002282
[3.3459505920000048, -2.499999999997964];True;[-4.0411420538393354, -4.3026239117185945, -3.9027374707993863, 1.3509256202756776, 1.8662080647605768, -2.774216248143494, -2.483763847223068, 1.0163709619965364, 1.9371667365788439, -0.961052946188095];155.08720920002088
[2.9744774640000085, -2.2010738];True;[-4.03701602927979, -4.276730477328489, -4.39546956210895, -2.757249313433685, -2.112512162666711, -2.5242437911838302, -2.318284078327218, -3.8320421506786495, -1.89201700014412, -1.3471461558342057];156.4810720999958
[3.207220704000008, -2.4999999999989093];True;[-1.720526175173227, -0.9209237944974584, -0.39809929322945004, -1.754398895605183, -1.2386608317322403, -2.61536400494811, -3.162967300003519, -4.024963282958771, -3.581856450132918, 0.7002096253422598];156.84952339995652
[3.1689189360000065, -2.4999999999959543];True;[-3.7417620039983155, -1.1085761487992778, -3.7060817787776994, -3.316515573611234, -3.851089370685458, -2.581746532453967, -4.549260709529173, 4.808048791821187, -3.5794886107819184, 1.1356690235369378];157.97803240001667
[3.1872804480000125, -2.499999999992945];True;[1.0892511620325651, -4.231090061549344, -3.4903127842780357, -1.4830126921221667, 4.119945925324028, -0.8710688322886712, -2.997192024591848, -4.911701314145856, -2.3750790877645303, -4.490460500818639];166.02365660003852
[3.2482043280000066, -1.46675];True;[-4.377739270332588, -0.7654088998690292, -2.3794559298368148, 2.872804183839974, -3.7189821112224553, 2.5496936115884314, -3.93528520174504, -4.878633172995082, -3.4728071363242536, 1.285626502197419];160.78071660001297
[3.399715368000003, -2.47947154];True;[-3.2290420608695145, -1.2660189439299248, 1.3715994551254802, 1.5266324734212458, -3.7621640560028338, -2.91418240743306, -4.383102480310787, -2.2588037048881353, 1.1125719089059587, 3.996751531848099];159.98331070004497
[3.0290502960000074, -2.4999999999991953];True;[-4.120579144475321, -4.313312037369538, -0.570973790766363, -1.9558871207656725, -3.73396970650647, -1.6253169752307401, -2.79917733964376, 0.6891605451014486, -3.721798793899106, -4.81434068334765];159.99376139999367
[2.8963636560000032, -2.499999999999138];True;[-3.7403771701268345, -4.200403785454965, -3.5228749769971364, -1.478197636232922, -3.6537009433907084, -1.0136170635107948, -3.950688683484229, -4.846803209836197, -2.3750790877645303, -4.327366017074397];165.50461120007094
[3.17351217600001, -2.1386959];True;[1.7565762811197843, -1.0467891084588166, -2.4406979553823573, -2.9703103019284374, -3.998172889852519, -2.730363193411184, -4.487612281409995, -1.158503346698621, -3.7438789831769324, 0.5416115079236207];162.62999050004873
[3.6228483360000037, -2.4999999999982654];True;[-1.420554758761424, 4.037208046890405, -3.738290674144616, 0.04961163276135394, -1.1330581852329962, -0.11481467764328479, 4.3137949595404494, -4.158647752556914, -1.497846589072811, 4.1870731914500805];154.35421230003703
[3.4838499600000072, -2.4999999999995732];True;[4.733652022613548, -0.0888161856105788, -3.0712855102505343, -1.1329785050848518, -2.490673148197813, 4.406597466727789, -1.33720539926358, -3.9964944924930084, -3.719458812043566, 0.7859998659124532];155.38604800007306
[3.083999616000005, -1.7508575];True;[-3.9502890226699567, -2.2586399136406516, 2.1075594984398585, -3.3045717001803676, -3.856172059166191, -2.7152490452157823, -3.9504204879687146, -4.024419759457391, -3.4801583977038275, 1.0101168322088339];159.2758919999469
[3.063165552000008, -2.499999999998301];True;[-2.9671309927001763, -1.4996304108621203, -2.4545007805908057, -2.3863457320778236, -4.322394947275036, 3.5133210861924677, -4.4991714890777335, -2.2443227931019027, -3.991230391708205, -4.535376627220861];158.00812929996755
[2.9631249360000114, -2.49999999999866];True;[-1.4697548047730262, -4.231090061549344, -3.4903127842780357, -1.473985690074031, -1.1330581852329962, -1.632493473347894, -3.1887791718326333, -4.890893944491548, -4.0174756185279765, -4.490460500818639];156.8670733999461
[3.0857922000000064, -2.2249463];True;[-4.0411420538393354, -4.345242020541207, -3.9027374707993863, 2.904702592156398, -3.7833544874920935, -2.396768745866964, -2.483763847223068, -4.302472767714376, -3.4437622353893405, 1.4553029410315506];159.8127048999304
[3.1427920080000087, -2.4999999999968727];True;[-3.001185774778793, -1.5165588331955313, -3.74262935881543, -1.4050634030146802, -1.204307190288317, -0.6195633942279771, -3.6783365251809337, -2.2443227931019027, -2.932321196707572, -1.3560546506986175];156.17337099998258
[3.1430840400000077, -2.499999999999723];True;[-4.3663656511615345, -0.2863514718794136, -3.350038682333272, -2.7404231236190144, -1.198338722648997, -2.5859039314380055, -1.7228069757426974, -4.38735996432014, -2.4803327425516044, 1.431075201361185];160.28970269998536
[3.355424352000008, -2.13369];True;[-4.143596178353033, -3.360045180967547, -0.9238398929975536, -4.071626251511217, -2.158489170929972, 0.14369310350204278, -3.00369434594821, 1.5946478034806315, 2.5964513931136812, 1.4702053398643078];150.93847220006865
[2.9752233120000082, -1.435337];True;[-3.7677595493530616, -1.269846303817905, -1.8632379797783003, -1.0098154402751898, -3.743605009466054, -2.4281947040055067, -4.62386725211263, -4.079192250849117, -2.1575351592400973, -4.515151550532877];160.652799100033
[2.981012544000003, -1.6786501999999999];True;[-3.820829225128674, -3.7986171826730315, -2.4297727596386807, -3.3470812419232625, -3.7330851070752513, -2.39256511188353, -2.5226701203354134, -3.8320421506786495, -1.9162496201396473, -1.397221635030889];160.4238135999767
[3.2613965280000046, -1.462199];True;[-1.3279160987170817, -4.313312037369538, -0.570973790766363, -1.4829737486633725, -1.2023099535786406, 3.7172382924149936, -3.1459172318210884, 0.652865040720638, -3.721798793899106, -4.81434068334765];159.99376149999443
[3.65862657600001, -2.499999999993271];True;[4.714389919401062, 4.861515706147823, -3.0712855102505343, -1.1329785050848518, -2.490673148197813, 4.406597466727789, -4.095576084185144, 1.4992997295800317, -3.719458812043566, 1.2090580274667104];161.76920390001033
[3.012335136000008, -2.499999999997486];True;[-3.258765046547223, -1.1096546393149418, -2.4195866233987537, -3.316515573611234, -3.689408325478019, -2.812710918478605, -4.160294660067704, -4.024419759457391, -3.5794886107819184, 0.6308019700592598];160.7976689999923
[3.0758769360000047, -2.4999999999982925];True;[-4.381865294891948, -1.0374140212099772, -3.3588654961800652, -2.391989937354894, -0.8863722638631575, -2.4029721392082126, -3.1888182794606124, -4.878633172995082, -3.7113186269211527, 1.4399657214595898];164.65440030000173
[3.283695720000007, -2.499999999999381];True;[-1.586313049736877, -1.3238515596287848, -3.3957163451738275, -3.0135145394135456, -1.0666922998160127, -1.6603334032210206, 2.4988419887540942, -2.7429256410487146, -3.5160026403156435, 0.6294483377104162];155.4487740000477
[3.445675848000013, -2.499999999998957];True;[1.667121762640974, -1.0852022357787365, -2.3845471367461766, 4.626909867036273, 0.3221229452814338, -1.1616156578623884, -2.339054981709582, -3.84016131456954, -0.5535632405258948, -2.930007188692589];160.39918059995398
[3.4684593120000025, -2.3029189];True;[-3.321126500832381, 4.69948622616238, -1.724322077132098, -2.17225127751711, -1.2583128247817301, 3.990320285326029, -4.227813494803268, -4.3846853180000185, -1.8880946096875921, 3.663618194146021];164.97105329995975
[2.943047088, -2.499999999996997];True;[-3.7417620039983155, -4.2729219675503485, -1.4434144593552864, -3.042453536730043, -3.882452412529736, -3.35077534494045, -4.549260709529173, -3.9471129179781634, -3.7277773878058027, 1.0101168322088339];167.76240869995672
[2.9281903920000127, -2.0604241];True;[-2.9671309927001763, -1.5243316159741394, -3.4582858162870838, -2.3863457320778236, -4.336695032918625, -2.097488229187221, -4.4991714890777335, -2.2443227931019027, -4.011428437915423, -4.110435560614544];162.08719470002688
[3.0866065200000072, 0.5281950000000002];True;[-1.393323703873987, -1.331843168391182, -3.6033783337269196, -2.104657968491316, -3.7194299555338723, 3.181308915787068, -3.6409621304319484, -4.839564614493324, -2.3553751774581717, -4.494373358857032];161.58277899993118
[3.1341632400000012, 0.3037489999999998];True;[-1.7477389967764683, -1.14234125925748, -3.522905073798198, -1.4671099607835398, -1.0962628533403942, 2.208509253577848, -3.6868133071667444, -4.947252983084095, -2.3750790877645303, -4.322860732686417];161.18187369999941
[3.379012416000013, -2.3078585];True;[0.10743815520517064, -1.3670601691773667, -3.6085994456305395, -1.1329785050848518, -2.391672661931918, 0.2517050978967674, 2.8934667320145904, -2.776710576880048, -3.785063300547609, 1.0452378781787086];155.47639090009034
[2.9508671520000056, -2.4999999998726037];True;[-3.7403771701268345, -4.176323604350282, -3.5287498933769994, -1.478197636232922, -1.1330581852329962, -1.632493473347894, -3.1887791718326333, -4.846803209836197, -2.3750790877645303, -4.485955216430659];164.92540109995753
[3.910836168000004, -2.4999999999984426];True;[4.2740152678047405, 4.995569604831958, -2.3849607144039657, 3.030796315839459, -2.8975480942302285, 2.6105582166622368, 4.968090770934214, -3.5522501447313717, -1.472039855787619, 4.285006316733849];153.67156180005986
[3.7934330400000023, -2.499999999982461];True;[-3.321126500832381, 4.69948622616238, -1.724322077132098, 1.574919761114403, 1.7098695559671948, -1.9951421808816845, 0.22152783839373047, 0.8088376330626108, 1.9835391597748506, 4.464332130025635];152.45363659993745
[3.0870402480000085, -2.499999999997911];True;[-4.377739270332588, -1.357515774151683, -3.350038682333272, -2.7404231236190144, -1.198338722648997, -2.5604553746311884, -1.7228069757426974, -4.914779213913108, -3.4904525878172867, 1.431075201361185];161.244461699971
[3.4713908640000013, -2.4999999999979243];True;[4.222863486220021, -3.9676861721334427, 2.3336206514818447, 3.042675717521017, -2.0489575047763497, 2.6404666687312712, -1.9649006191984537, -3.5522501447313717, -2.3492723544793375, -4.844060786054759];161.43973220000044
[3.1519888560000013, -2.499999999999146];True;[-4.377739270332588, -0.9949853850905195, -3.383240965546445, -1.7372101968870461, -1.1125929120399747, 2.5496936115884314, -4.0825163850896065, -4.878633172995082, -1.9837099763712707, -1.2736643103570506];158.60406380007043
[3.4594812720000063, -2.3005438];True;[1.505325712355017, 2.2066335832536774, -1.2772492132428424, 4.73669387288496, -4.242678116051257, -1.1379715618475272, -3.8847812152289096, -3.566697214097522, -2.388245166130722, 1.0101168322088339];162.71217539999634
[3.917709936000005, -2.4999999999993454];True;[4.170416667448263, -1.1784568214060944, -0.9460436929189012, 3.583044887219498, -1.501659017731881, 4.276619600658211, 1.98633627500009, 1.452040710052883, 3.01794008231849, -0.6847792529816843];150.1565178000601
[2.8675134000000075, -2.4999999999975606];True;[-4.0411420538393354, -4.010585637522668, -4.220676860752647, -2.2883558096978014, -4.071889427811627, -2.586023920373471, -2.5053202491271103, -4.0300211577188385, -2.5981222325167144, -4.092621198516521];158.62648440001067
[2.975144688000003, -2.4999999999760307];True;[-4.216212024739937, -1.1085761487992778, -2.397762609579841, -3.360387225595198, -3.853786422696758, -2.5222541362557824, -4.549260709529173, -4.926465257304298, -3.5794886107819184, 1.0523821535553697];170.10125259996857
[3.614534280000012, -2.0638083];True;[-3.35533970562399, -0.5269535640791863, -1.724322077132098, 1.571231720897805, 1.720164502560925, 3.615820699785882, -2.080143298416174, -4.884957548120197, 1.9835391597748506, 3.820479902465707];157.5011053000344
[2.8468203840000124, -2.4999999999963234];True;[-3.895705913702474, -1.331843168391182, -3.610201973397571, -2.1196096349840237, -3.858059096420417, -3.332845066910473, -4.555348290090264, -4.810999679700335, -3.4990038466844204, -4.389143993909444];168.870297400048
[3.039917688000007, -2.4999999999981473];True;[-3.7417620039983155, -1.3338242680323773, -2.46636285428532, -2.399424832695158, -3.8485703413930628, -2.581746532453967, -3.643568837004169, -4.024419759457391, -3.4924717545156057, 1.0690828315351821];156.39679270004854
[3.6097068960000005, -2.499999999996811];True;[1.667121762640974, -1.0841237452630725, -3.671042292479837, 4.626909867036273, 0.16043712225357143, -1.1616156578623884, -2.30727040597691, 4.993642314109582, -0.5535632405258948, -2.754459319154602];154.820495699998
[2.957149944000009, -2.49999999999765];True;[-4.31635041828723, -1.739835770522417, -2.397762609579841, -3.316515573611234, -3.8584855048377786, -2.581746532453967, -4.549260709529173, -4.961161493243104, -3.5838739881599535, 1.0101168322088339];161.5208717000205
[2.993355648000004, -2.499999999993001];True;[-4.066226612859762, -4.3026239117185945, -4.39546956210895, -2.3925574529038167, -1.4532705808612891, -2.4008043951522224, -2.5053202491271103, -3.8320421506786495, -1.9321290496375176, -1.3382556357168998];150.67365860007703
[2.9363281920000013, -2.499999999770979];True;[-3.7079732977104785, -4.452151042223538, -3.5287197965759374, -1.7496227831747326, -1.1330581852329962, -1.632493473347894, -3.342528250753557, -4.846803209836197, -2.3750790877645303, -4.490460500818639];161.86224489996675
