eval_id;objectives;is_valid;is_feasible;variables;constraints;evaluation_time;algorithm_time
1;[nan, nan, nan];False;False;[1.0, 10.73082567096501, 1.4883326227971652, 1.0, 2.0, 37.57831458546831, 0.7291991233979794, 0.5650489014925744, 16556.24078782057, 2348.4068448914168, 7268.573281952238, 1.0, 3.357597239545461, 1.0, 0.026786288927503333, 0.07312459610603989, 0.3333333333333333, 0.3333333333333333, 0.022354100656348897, 0.25111329167278496, 0.6620111442500799, 0.03951270793610654, 0.3333333333333333, 0.3333333333333333, 0.045922004208543234, 0.05938075873967308, 0.7712617707299688, 0.013436664311217606, 0.20613144074399425, 0.10335824689347328, 0.07735819505066616, 0.3047875530548452, 0.0, 1.0, 0.0, 0.0, 0.030000000000000002, 0.255, 0.0, 1.0, 0.0];[nan, nan, nan, nan, nan, nan, nan, nan, nan, nan, nan, nan, nan, nan, nan];69.86590590002015;
2;[24.620215164883014, 1849.790678075337, 117.12556730440804];True;False;[0.0, 7.25, 1.4500000000000002, 0.0, 1.0, 50.02569534066679, 0.47546335467127676, 0.5, 2476.534643156833, 18222.083964392146, 10500.0, 0.0, 3.0, 1.0, 0.01009155466260105, 0.04776525221846271, 0.1413618010820572, 0.0, 0.014281549713554866, 0.08327973738619909, 0.0, 0.05, 0.5, 0.5, 0.045908864371927254, 0.15195732656765437, 0.0, 0.0524955582173272, 0.32896626022656617, 0.0, 0.05, 0.5, 0.5, 0.0, 0.0, 0.0, 0.030000000000000002, 0.255, 0.0, 0.0, 0.0];[1.7270867773804293, -1.3294568711832835, 49.609739671046995, 0.6030319906629851, -0.42453664532872326, -7.571075253973414, -8.26609205895868, -14.0, -0.8586381989179428, -0.9167202626138009, 0.0, -0.8480426734323456, -0.6710337397734338, 0.0, 0.0015154014689409134];39.56985349999741;
3;[nan, nan, nan];False;False;[1.0, 11.838483586991984, 1.6824476314730852, 0.0, 1.0, 57.762029686259616, 0.7801204227763604, 0.5, 14611.407646553112, 15110.617802382143, 10500.0, 1.0, 2.5264201889691895, 1.0, 0.02934596258934813, 0.08593704464390858, 0.5164485520233, 0.0, 0.09896947606030732, 0.7355232539206858, 0.0, 0.05, 0.5, 0.5, 0.07644435580442843, 0.7326549990749489, 0.0, 0.0814785808338534, 0.7090135940919549, 0.0, 0.05, 0.5, 0.5, 1.0, 1.0, 1.0, 0.03656251873840177, 0.07175396891494691, 7.0, 1.0, 1.0];[nan, nan, nan, nan, nan, nan, nan, nan, nan, nan, nan, nan, nan, nan, nan];66.06409730005544;
4;[nan, nan, nan];False;False;[1.0, 11.217465544371642, 1.2841311152347146, 1.0, 2.0, 37.29406524023777, 0.6572612154622202, 0.2728257304225189, 15771.61987505923, 1597.0456793805968, 8984.534198911662, 1.0, 4.574064967483123, 1.0, 0.007892977569169762, 0.0538387426059669, 0.07005545050494733, 0.8460049052470711, 0.020394622156852393, 0.5851171020612358, 0.16380709931349458, 0.09288983008708201, 0.3333333333333333, 0.3333333333333333, 0.051026350104788835, 0.3333333333333333, 0.3333333333333333, 0.0431733882944138, 0.011234389118337629, 0.4957614520403616, 0.07484087462995187, 0.3333333333333333, 0.3333333333333333, 0.0, 0.0, 0.0, 0.030000000000000002, 0.255, 0.0, 0.0, 0.0];[nan, nan, nan, nan, nan, nan, nan, nan, nan, nan, nan, nan, nan, nan, nan];150.7009165000636;
5;[20.17841118056831, 1890.2115223353355, 115.7838655480133];True;False;[0.0, 7.25, 1.4500000000000002, 0.0, 1.0, 57.51596898096211, 0.13383885888551808, 0.5, 18781.70112615261, 2623.8172931416975, 10500.0, 0.0, 3.0, 0.0, 0.025, 0.017781358341519105, 0.7959597551839619, 0.0, 0.06166998115292197, 0.48984830448058037, 0.0, 0.05, 0.5, 0.5, 0.07452087351588098, 0.15068616249550215, 0.0, 0.013023447227719365, 0.86750324392601, 0.0, 0.05, 0.5, 0.5, 0.0, 0.0, 0.0, 0.030000000000000002, 0.255, 0.0, 1.0, 1.0];[1.2970029074208371, -1.3308287093072013, 107.03330480039982, 0.6921180259381239, -0.766161141114482, 4.2931195665433215, -12.018835197564318, -14.0, -0.2040402448160381, -0.5101516955194196, 0.0, -0.8493138375044978, -0.13249675607399003, 0.0, -0.010251641312147397];10.630859299912117;
6;[nan, nan, nan];False;False;[0.0, 7.25, 1.4500000000000002, 0.0, 2.0, 51.57139146043151, 0.31122162861572966, 0.2912733539853772, 4258.370106583803, 1153.1215896880801, 17427.78021071563, 0.0, 3.0, 1.0, 0.04989101737631479, 0.020936183837083535, 0.3333333333333333, 0.3333333333333333, 0.07160940139730504, 0.6710033828202789, 0.27492516919951415, 0.02231215785442131, 0.09557967148394453, 0.6035934049783597, 0.07637354798048251, 0.1711589455171625, 0.581451984215104, 0.006018263250463962, 0.4662997390179764, 0.02860891794221132, 0.07113529577880655, 0.43233534866285284, 0.4135518322413779, 0.0, 0.0, 0.0, 0.030000000000000002, 0.255, 0.0, 0.0, 2.0];[nan, nan, nan, nan, nan, nan, nan, nan, nan, nan, nan, nan, nan, nan, nan];95.59149989997968;
7;[nan, nan, nan];False;False;[0.0, 7.25, 1.4500000000000002, 0.0, 2.0, 18.876099776061114, 0.5950194860488128, 0.7675737525788237, 15996.60994911946, 17793.863985710745, 7319.400815968296, 0.0, 3.0, 1.0, 0.04932356598255734, 0.03587017528766694, 0.3333333333333333, 0.3333333333333333, 0.055590987524923086, 0.3333333333333333, 0.3333333333333333, 0.05184295457219166, 0.3333333333333333, 0.3333333333333333, 0.022904691241172306, 0.3333333333333333, 0.3333333333333333, 0.09702391450995172, 0.6942472160402917, 0.2676240790738982, 0.07651754191342591, 0.3333333333333333, 0.3333333333333333, 0.0, 0.0, 0.0, 0.030000000000000002, 0.255, 0.0, 0.0, 1.0];[nan, nan, nan, nan, nan, nan, nan, nan, nan, nan, nan, nan, nan, nan, nan];111.28454619995318;
8;[26.82750904448041, 1499.8922563006945, 116.79379508011267];True;False;[0.0, 7.25, 1.4500000000000002, 0.0, 1.0, 9.813743113925389, 0.7840569589324489, 0.5, 16038.938196056248, 7281.614158124019, 10500.0, 0.0, 3.0, 1.0, 0.003401604682439341, 0.09105247613128223, 0.959768160676385, 0.0, 0.07703642852693522, 0.4538852859944634, 0.0, 0.05, 0.5, 0.5, 0.008599680776814445, 0.02659103299287413, 0.0, 0.037931069715100234, 0.36700417461499113, 0.0, 0.05, 0.5, 0.5, 0.0, 0.0, 0.0, 0.030000000000000002, 0.255, 0.0, 1.0, 1.0];[1.9263660989234523, -1.2849566897672262, 283.70726066706914, 0.453596305502765, -0.11594304106755116, -13.355957112968968, -9.030725602512732, -14.0, -0.04023183932361496, -0.5461147140055366, 0.0, -0.9734089670071259, -0.6329958253850089, 0.0, -0.014036412325930614];17.62943109998014;
9;[nan, nan, nan];False;False;[1.0, 5.636012247504343, 1.6696532909069894, 1.0, 2.0, 31.814203815933602, 0.36822936074180423, 0.3652687793898063, 2627.038939922788, 17231.036243606344, 17627.379936532383, 1.0, 4.37757035628011, 0.0, 0.025, 0.05573306206126243, 0.3385575138061542, 0.3146694767310616, 0.0008404321261590852, 0.3333333333333333, 0.3333333333333333, 0.028215114503524298, 0.3757193021042592, 0.23622662034155872, 0.06047984846241669, 0.3333333333333333, 0.3333333333333333, 0.03298316323452071, 0.3333333333333333, 0.3333333333333333, 0.08771590762097373, 0.09835007810561491, 0.2920840993102979, 1.0, 1.0, 2.0, 0.016154292628005527, 0.16017363480194735, 34.0, 2.0, 1.0];[nan, nan, nan, nan, nan, nan, nan, nan, nan, nan, nan, nan, nan, nan, nan];82.69622619997244;
10;[42.156808328847724, 1107.7954029438863, 121.88446385216562];True;False;[0.0, 7.25, 1.4500000000000002, 0.0, 2.0, 7.508455231166902, 0.795575504544557, 0.5182187445498737, 12460.39841459104, 4991.562352007217, 13872.587729362132, 0.0, 3.0, 1.0, 0.041800835737686184, 0.06426791854340623, 0.3333333333333333, 0.3333333333333333, 0.08147166881316892, 0.3333333333333333, 0.3333333333333333, 0.010273577925965983, 0.3333333333333333, 0.3333333333333333, 0.09032187987084582, 0.9297995231215672, 0.021318062522955095, 0.07504460092334858, 0.2666756755901495, 0.3716087284871298, 0.07321829349224773, 0.3333333333333333, 0.3333333333333333, 0.0, 0.0, 0.0, 0.030000000000000002, 0.255, 0.0, 1.0, 2.0];[1.5328913723424336, -1.4623858522905393, 176.67419997533375, 0.5193791930014031, -0.10442449545544297, -13.04183087542275, -13.04183087542275, -13.04183087542275, -0.33333333333333337, -0.33333333333333337, -0.33333333333333337, -0.04888241435547769, -0.36171559592272073, -0.33333333333333337, 0.06942479246398536];77.40482870000415;
11;[17.843260157182264, 2680.22319441098, 108.80196542690895];True;False;[1.0, 4.708984483744546, 1.6824817293205143, 0.0, 2.0, 51.908629411013045, 0.36401787831259447, 0.6375685533761386, 10377.588877671142, 17199.122427060593, 4097.283067439323, 1.0, 2.584905418871194, 1.0, 0.037130265334453724, 0.004994420428908708, 0.0923644775539626, 0.7236611356884015, 0.022996767967163146, 0.31071207337549145, 0.1468708645359812, 0.024610425581833174, 0.0724477416247492, 0.4256910761836423, 0.052891828685329934, 0.16404021246141587, 0.28652830551984587, 0.05649710867528347, 0.2674378121908856, 0.6529739067522414, 0.008189987065070103, 0.5333015795778829, 0.0, 0.0, 1.0, 1.0, 0.02215043709793576, 0.14481573838533346, 0.0, 0.0, 0.0];[0.5103533565206169, -0.49277519322048535, 174.9219973749138, 0.0, -0.5359821216874056, -11.863612350120011, -11.863612350120013, -11.863612350120013, -0.1839743867576359, -0.5424170620885274, -0.5018611821916085, -0.5494314820187383, -0.07958828105687299, -0.46669842042211707, -0.3008214864087676];27.19799219991546;
12;[nan, nan, nan];False;False;[1.0, 7.642088085402094, 1.196285344557869, 0.0, 1.0, 58.431024511048484, 0.7341077855602401, 0.5, 1876.5025609008676, 8765.43412477001, 10500.0, 0.0, 3.0, 0.0, 0.025, 0.01368839089883296, 0.8438228404574319, 0.0, 0.010302630845191452, 0.6857650992336755, 0.0, 0.05, 0.5, 0.5, 0.033100371260196375, 0.12496369590314893, 0.0, 0.044537793726945434, 0.4866647116651439, 0.0, 0.05, 0.5, 0.5, 1.0, 1.0, 0.0, 0.01824704542774192, 0.11571332123118835, 85.0, 1.0, 1.0];[nan, nan, nan, nan, nan, nan, nan, nan, nan, nan, nan, nan, nan, nan, nan];104.34287870000117;
13;[nan, nan, nan];False;False;[1.0, 2.877206462241391, 1.2799394433821105, 1.0, 2.0, 39.61465768868184, 0.4239249206448781, 0.2507985425137965, 4708.967161134646, 17826.78607175478, 13252.534141828657, 1.0, 2.1484961405856065, 1.0, 0.001245284061911267, 0.09944465036640779, 0.7432753941384247, 0.11852604908380537, 0.09666503957358469, 0.09422761139096059, 0.022640336305320585, 0.07199217350946281, 0.3333333333333333, 0.3333333333333333, 0.037283212871116356, 0.3333333333333333, 0.3333333333333333, 0.06678894672107333, 0.14831067344397142, 0.49882861092961006, 0.07313805512382864, 0.0627115020143294, 0.051395870916052466, 0.0, 1.0, 2.0, 0.04877931713444059, 0.4084271134253545, 101.0, 1.0, 1.0];[nan, nan, nan, nan, nan, nan, nan, nan, nan, nan, nan, nan, nan, nan, nan];38.876858800067566;
14;[nan, nan, nan];False;False;[0.0, 7.25, 1.4500000000000002, 0.0, 1.0, 7.497917195504076, 0.8761661155449777, 0.5, 4039.8736054379306, 2369.0030520134897, 10500.0, 0.0, 3.0, 0.0, 0.025, 0.06739632084260799, 0.9548849746707215, 0.0, 0.036986359960092544, 0.4577071648458615, 0.0, 0.05, 0.5, 0.5, 0.04342034179265748, 0.23019493397184299, 0.0, 0.07191905272829692, 0.22063989952023821, 0.0, 0.05, 0.5, 0.5, 0.0, 0.0, 0.0, 0.030000000000000002, 0.255, 0.0, 1.0, 1.0];[nan, nan, nan, nan, nan, nan, nan, nan, nan, nan, nan, nan, nan, nan, nan];60.41801779996604;
15;[40.78535639122711, 1070.548523982876, 122.27143312404851];True;False;[0.0, 7.25, 1.4500000000000002, 0.0, 2.0, 9.158053931044938, 0.2750856351941996, 0.8321484081913916, 5579.966666702985, 9723.861070852317, 19499.00151415504, 0.0, 3.0, 1.0, 0.04279640059557438, 0.01930292210253296, 0.4610080054340806, 0.2344741546215029, 0.08080266499850124, 0.3333333333333333, 0.3333333333333333, 0.071742981675371, 0.3333333333333333, 0.3333333333333333, 0.07459311134541123, 0.13591746632127888, 0.31152965104871144, 0.06387669163676589, 0.3333333333333333, 0.3333333333333333, 0.08613577604444628, 0.3333333333333333, 0.3333333333333333, 0.0, 0.0, 0.0, 0.030000000000000002, 0.255, 0.0, 1.0, 1.0];[1.357472307090565, -1.4989536412035125, 156.78020076875168, 0.6211808832005123, -0.6249143648058004, -12.907810271707781, -12.907810271707781, -12.907810271707781, -0.3045178399444165, -0.33333333333333337, -0.33333333333333337, -0.5525528826300097, -0.33333333333333337, -0.33333333333333337, 0.08647787604482493];49.1368303000927;
16;[nan, nan, nan];False;False;[1.0, 5.35844115595166, 1.4721140168929936, 1.0, 2.0, 31.924758764454495, 0.15020991599905092, 0.2528617488545103, 15215.764674963735, 18297.513879354217, 4686.754303752834, 1.0, 4.743803898092315, 1.0, 0.004416829723903232, 0.06359840630993477, 0.0667675318589892, 0.5220722196151564, 0.08239655576812527, 0.3333333333333333, 0.3333333333333333, 0.04682686525696548, 0.5732533207239028, 0.09215479942066984, 0.06588387510391051, 0.7774022019815235, 0.02452576084517033, 0.01849789543440763, 0.3333333333333333, 0.3333333333333333, 0.029903999907162995, 0.3333333333333333, 0.3333333333333333, 1.0, 0.0, 0.0, 0.030000000000000002, 0.255, 0.0, 1.0, 2.0];[nan, nan, nan, nan, nan, nan, nan, nan, nan, nan, nan, nan, nan, nan, nan];89.60486910003237;
17;[nan, nan, nan];False;False;[0.0, 7.25, 1.4500000000000002, 0.0, 1.0, 12.172926568369558, 0.6923231147236216, 0.5, 17160.62196671203, 14441.393823278417, 10500.0, 0.0, 3.0, 0.0, 0.025, 0.06354709691023672, 0.5065527617004109, 0.0, 0.06663111467861897, 0.5404900049714423, 0.0, 0.05, 0.5, 0.5, 0.03642059025634712, 0.7997650727808955, 0.0, 0.01718603479901635, 0.19035547619972348, 0.0, 0.05, 0.5, 0.5, 0.0, 0.0, 0.0, 0.030000000000000002, 0.255, 0.0, 1.0, 0.0];[nan, nan, nan, nan, nan, nan, nan, nan, nan, nan, nan, nan, nan, nan, nan];66.65559870004654;
18;[20.142259457209207, 1789.9534890662196, 116.01536545045954];True;False;[0.0, 7.25, 1.4500000000000002, 0.0, 1.0, 49.46798213041091, 0.32823864990382506, 0.5, 8297.17390108154, 15815.625821546735, 10500.0, 0.0, 3.0, 0.0, 0.025, 0.064610740701578, 0.06689743391878522, 0.0, 0.06691140735377359, 0.579749596098602, 0.0, 0.05, 0.5, 0.5, 0.004900537785135617, 0.46542070019848725, 0.0, 0.05544963549395118, 0.3276270537394803, 0.0, 0.05, 0.5, 0.5, 0.0, 0.0, 0.0, 0.030000000000000002, 0.255, 0.0, 1.0, 1.0];[1.2284107823937394, -1.3472658600861422, 80.21552565188436, 0.7340324097612521, -0.5717613500961749, -4.9382216675400965, -10.083574642980931, -14.0, -0.9331025660812148, -0.420250403901398, 0.0, -0.5345792998015128, -0.6723729462605197, 0.0, -0.004387382981692001];16.40578979998827;
19;[nan, nan, nan];False;False;[0.0, 7.25, 1.4500000000000002, 0.0, 1.0, 1.9095733591725663, 0.348534722348197, 0.5, 10134.273246082957, 1229.303924890598, 10500.0, 0.0, 3.0, 0.0, 0.025, 0.023661024518735398, 0.26095292941117165, 0.0, 0.04638138764682982, 0.13891261385847942, 0.0, 0.05, 0.5, 0.5, 0.023723052187955763, 0.22569031314253185, 0.0, 0.012682312332681878, 0.5970201364724324, 0.0, 0.05, 0.5, 0.5, 0.0, 0.0, 0.0, 0.030000000000000002, 0.255, 0.0, 0.0, 0.0];[nan, nan, nan, nan, nan, nan, nan, nan, nan, nan, nan, nan, nan, nan, nan];69.96696590003558;
20;[8.155022133905241, 4791.893298598657, 109.70038564501985];True;False;[1.0, 7.940801263630955, 1.2225936604364531, 0.0, 2.0, 47.45773229065205, 0.37399547419816526, 0.11218494349376691, 19904.651896014202, 13137.17308527315, 6442.567919111703, 1.0, 3.3595192553404707, 1.0, 0.005553740496658738, 0.046369842815868104, 0.3333333333333333, 0.3333333333333333, 0.07764895539167063, 0.3333333333333333, 0.3333333333333333, 0.03702070137672, 0.41630043311655107, 0.2566417912068656, 0.07866204125346687, 0.050849606874629916, 0.5822143362043842, 0.024288704020904453, 0.3333333333333333, 0.3333333333333333, 0.053511679866287444, 0.4762543729446157, 0.18407583548064155, 0.0, 0.0, 0.0, 0.030000000000000002, 0.255, 0.0, 1.0, 2.0];[1.9499654888935956, 0.47289687937480895, 50.19957841564087, -0.19791528182079632, -0.5260045258018348, -8.749015692774488, -10.450076406810805, -13.63518957736791, -0.33333333333333337, -0.33333333333333337, -0.32705777567658334, -0.36693605692098585, -0.33333333333333337, -0.33966979157474275, -0.25891737632302353];44.40064940007869;
21;[nan, nan, nan];False;False;[1.0, 7.0273944308648515, 1.4975219431449018, 1.0, 0.0, 2.318869187281911, 0.5, 0.5, 12827.862855492536, 10500.0, 10500.0, 1.0, 1.7688932458081643, 0.0, 0.025, 0.039214674821053896, 0.0, 0.0, 0.05, 0.5, 0.5, 0.05, 0.5, 0.5, 0.09166512054327663, 0.0, 0.0, 0.05, 0.5, 0.5, 0.05, 0.5, 0.5, 1.0, 1.0, 0.0, 0.0425043891797651, 0.27150930269195356, 87.0, 0.0, 0.0];[nan, nan, nan, nan, nan, nan, nan, nan, nan, nan, nan, nan, nan, nan, nan];60.931661000009626;
22;[nan, nan, nan];False;False;[1.0, 7.142749291762877, 1.2849883019776498, 1.0, 1.0, 59.931363181936966, 0.18872917444396747, 0.5, 1490.6124802017202, 11130.655552812303, 10500.0, 1.0, 1.5244047436566714, 1.0, 0.009491070446410711, 0.0924908776488334, 0.7134232232082351, 0.0, 0.06855892111520516, 0.7218635453309141, 0.0, 0.05, 0.5, 0.5, 0.06415479862134048, 0.05974837466951921, 0.0, 0.051911647689043966, 0.4500532556344039, 0.0, 0.05, 0.5, 0.5, 1.0, 1.0, 0.0, 0.013460188288955566, 0.4901991330672879, 60.0, 1.0, 1.0];[nan, nan, nan, nan, nan, nan, nan, nan, nan, nan, nan, nan, nan, nan, nan];102.743258100003;
23;[nan, nan, nan];False;False;[1.0, 10.952248797805968, 1.1053652871852233, 1.0, 2.0, 28.484315206258106, 0.5202339498488348, 0.6409782952094027, 9739.370379437434, 1317.4009130708323, 3900.72995909378, 1.0, 4.804761518152994, 0.0, 0.025, 0.06273744274366215, 0.0694344276303428, 0.7836013135318972, 0.05438457103061376, 0.3333333333333333, 0.3333333333333333, 0.07478931733412275, 0.05887585624049063, 0.2752737121765385, 0.015947909047136177, 0.7474864521299531, 0.12736791297563177, 0.034201839296900995, 0.3333333333333333, 0.3333333333333333, 0.0342420685453928, 0.4893353554121155, 0.24855955826750042, 1.0, 1.0, 2.0, 0.03455206458940468, 0.2620788713649917, 9.0, 1.0, 2.0];[nan, nan, nan, nan, nan, nan, nan, nan, nan, nan, nan, nan, nan, nan, nan];134.9484364000382;
24;[27.270611944185923, 1121.2785782159187, 118.75220267800509];True;False;[0.0, 7.25, 1.4500000000000002, 0.0, 0.0, 14.26785219069085, 0.5, 0.5, 10043.632493845296, 10500.0, 10500.0, 0.0, 3.0, 0.0, 0.025, 0.053192453951017585, 0.0, 0.0, 0.05, 0.5, 0.5, 0.05, 0.5, 0.5, 0.02933239070774705, 0.0, 0.0, 0.05, 0.5, 0.5, 0.05, 0.5, 0.5, 0.0, 0.0, 0.0, 0.030000000000000002, 0.255, 0.0, 0.0, 0.0];[0.35783353934795414, -1.4686233763286578, -3.446435347338138, 0.6886729534773326, -0.4, -0.7321478093091507, -14.0, -14.0, -1.0, 0.0, 0.0, -1.0, 0.0, 0.0, 0.031301684966777876];18.539357000030577;
25;[20.32441749240745, 1979.4043419591576, 115.51793787490516];True;False;[0.0, 7.25, 1.4500000000000002, 0.0, 2.0, 37.09287306871479, 0.11751552256276065, 0.5895415352980028, 14237.383967534777, 13649.178610697245, 19424.852067783428, 0.0, 3.0, 0.0, 0.025, 0.024678120048832186, 0.16498331395998178, 0.7880628096828479, 0.061391181133927136, 0.3333333333333333, 0.3333333333333333, 0.03573879752063704, 0.3333333333333333, 0.3333333333333333, 0.07256872998552065, 0.4912816960145119, 0.23946737252157968, 0.05777355789084714, 0.019580159884447612, 0.16299444131543395, 0.06542067736216871, 0.3526820837145398, 0.5734350445643799, 0.0, 0.0, 0.0, 0.030000000000000002, 0.255, 0.0, 2.0, 0.0];[1.9668061240663794, -1.275926207119078, 43.7606750464802, 0.6423265044175439, -0.7824844774372394, -11.418356942206175, -13.563206020611785, -7.792018364526461, -0.0469538763571703, -0.33333333333333337, -0.33333333333333337, -0.26925093146390844, -0.8174253988001184, -0.07388287172108032, -0.017075374578245206];32.41288760001771;
26;[21.468807137134103, 1690.4656814930515, 116.16317827414622];True;False;[0.0, 7.25, 1.4500000000000002, 0.0, 1.0, 33.243901945741634, 0.8299740548014197, 0.5, 6702.428821178126, 13378.096082499742, 10500.0, 0.0, 3.0, 0.0, 0.025, 0.08871243521233324, 0.7536159024895681, 0.0, 0.049149315573604725, 0.2055747239264516, 0.0, 0.05, 0.5, 0.5, 0.06585492911234847, 0.5006229038540801, 0.0, 0.06391697532432064, 0.5521876421015747, 0.0, 0.05, 0.5, 0.5, 0.0, 0.0, 0.0, 0.030000000000000002, 0.255, 0.0, 0.0, 1.0];[1.2648856588392992, -1.3385251621774228, 31.13637912052768, 0.6584785689289137, -0.0700259451985803, -12.390355574341537, -2.2611373339287173, -14.0, -0.2463840975104319, -0.7944252760735484, 0.0, -0.49937709614591985, -0.44781235789842533, 0.0, -0.007523162256495575];15.443281500018202;
27;[nan, nan, nan];False;False;[1.0, 5.5693108502605915, 1.1426737888970118, 0.0, 0.0, 6.738696255313773, 0.5, 0.5, 12623.602520453476, 10500.0, 10500.0, 0.0, 3.0, 0.0, 0.025, 0.09724194970939903, 0.0, 0.0, 0.05, 0.5, 0.5, 0.05, 0.5, 0.5, 0.06577125283313938, 0.0, 0.0, 0.05, 0.5, 0.5, 0.05, 0.5, 0.5, 1.0, 0.0, 0.0, 0.030000000000000002, 0.255, 0.0, 0.0, 0.0];[nan, nan, nan, nan, nan, nan, nan, nan, nan, nan, nan, nan, nan, nan, nan];96.0713781999657;
28;[nan, nan, nan];False;False;[0.0, 7.25, 1.4500000000000002, 0.0, 2.0, 15.108070210205957, 0.4097360267402944, 0.822101268521492, 19205.358050988092, 14088.974408715487, 9847.929495572842, 0.0, 3.0, 1.0, 0.016620844331297874, 0.08410681934374205, 0.3333333333333333, 0.3333333333333333, 0.03106019694240776, 0.25723514139634074, 0.20950656510680987, 0.05982724128692235, 0.38189359388208477, 0.19464335360022078, 0.08795513668324498, 0.3333333333333333, 0.3333333333333333, 0.020384798436787366, 0.3333333333333333, 0.3333333333333333, 0.021278212619924554, 0.18170792418852122, 0.7789602824559679, 0.0, 0.0, 0.0, 0.030000000000000002, 0.255, 0.0, 0.0, 1.0];[nan, nan, nan, nan, nan, nan, nan, nan, nan, nan, nan, nan, nan, nan, nan];134.7845384000102;
29;[nan, nan, nan];False;False;[1.0, 4.634435421054787, 1.487293852635788, 1.0, 2.0, 1.9410130492765412, 0.5815575198500141, 0.8359942191532969, 9970.915587824295, 17312.935074050423, 5890.665656662571, 0.0, 3.0, 1.0, 0.005803463606087411, 0.023482724820984457, 0.6896866045982637, 0.1640160073136273, 0.0609302490091486, 0.3333333333333333, 0.3333333333333333, 0.05844369830658785, 0.024543018859033205, 0.9072400355565785, 0.022506936193192075, 0.3378208631845948, 0.4320485043592013, 0.08237659214595434, 0.20334097698791398, 0.21205681998538095, 0.056700182980746944, 0.3333333333333333, 0.3333333333333333, 1.0, 0.0, 0.0, 0.030000000000000002, 0.255, 0.0, 2.0, 0.0];[nan, nan, nan, nan, nan, nan, nan, nan, nan, nan, nan, nan, nan, nan, nan];110.4055269000819;
30;[nan, nan, nan];False;False;[1.0, 9.029264169049858, 1.7407395974485087, 1.0, 1.0, 36.62427501602053, 0.5925393342358247, 0.5, 8079.491060754225, 8203.230418692001, 10500.0, 1.0, 1.0833300740047425, 0.0, 0.025, 0.09847169792091107, 0.8673471758813522, 0.0, 0.06699212733663959, 0.29622121551709824, 0.0, 0.05, 0.5, 0.5, 0.07973191593107354, 0.5429132150095525, 0.0, 0.060398451403293966, 0.9862288845280716, 0.0, 0.05, 0.5, 0.5, 1.0, 1.0, 1.0, 0.03856558451147773, 0.4642525465623125, 173.0, 1.0, 1.0];[nan, nan, nan, nan, nan, nan, nan, nan, nan, nan, nan, nan, nan, nan, nan];12.163224299903959;
31;[nan, nan, nan];False;False;[0.0, 7.25, 1.4500000000000002, 0.0, 1.0, 1.3718586438167417, 0.6231232353103427, 0.5, 19562.98873744163, 3439.7281114703837, 10500.0, 0.0, 3.0, 1.0, 0.024663791023838186, 0.08000722505984198, 0.9981408455966247, 0.0, 0.027917894607040653, 0.22204837885486806, 0.0, 0.05, 0.5, 0.5, 0.07968354629138841, 0.21749902350666295, 0.0, 0.06884088243213952, 0.7630660810045402, 0.0, 0.05, 0.5, 0.5, 0.0, 0.0, 0.0, 0.030000000000000002, 0.255, 0.0, 1.0, 1.0];[nan, nan, nan, nan, nan, nan, nan, nan, nan, nan, nan, nan, nan, nan, nan];65.92214170005172;
32;[nan, nan, nan];False;False;[1.0, 5.55076805098572, 1.7709573013040156, 1.0, 1.0, 16.49203589228784, 0.3717074989819994, 0.5, 12110.348332753003, 15633.536122683896, 10500.0, 0.0, 3.0, 1.0, 0.02202254378105525, 0.057772059572938045, 0.448941953730986, 0.0, 0.003388051372540746, 0.1913851842172013, 0.0, 0.05, 0.5, 0.5, 0.04416885005849286, 0.5565377940564753, 0.0, 0.09853050675920044, 0.9469150492092796, 0.0, 0.05, 0.5, 0.5, 1.0, 1.0, 1.0, 0.046053714462892026, 0.07481768575371116, 144.0, 0.0, 0.0];[nan, nan, nan, nan, nan, nan, nan, nan, nan, nan, nan, nan, nan, nan, nan];68.19096139993053;
33;[30.066052363807632, 1253.3600663678528, 117.98833537205104];True;False;[0.0, 7.25, 1.4500000000000002, 0.0, 1.0, 7.493233860819695, 0.43393398084970336, 0.5, 19587.569931302187, 4903.202763513221, 10500.0, 0.0, 3.0, 0.0, 0.025, 0.035081361951321714, 0.3650603576263509, 0.0, 0.033569150780858335, 0.841291188528682, 0.0, 0.05, 0.5, 0.5, 0.09713623316921463, 0.7017695997915916, 0.0, 0.016408598409203234, 0.021530999108146598, 0.0, 0.05, 0.5, 0.5, 0.0, 0.0, 0.0, 0.030000000000000002, 0.255, 0.0, 0.0, 0.0];[1.15002544252628, -1.366049818882454, -9.94268780788983, 0.4587956496259329, -0.46606601915029666, -11.87351495439659, -12.603304109400112, -14.0, -0.6349396423736491, -0.158708811471318, 0.0, -0.2982304002084084, -0.9784690008918534, 0.0, 0.002488473387942447];36.63940910005476;
34;[38.93809819302583, 1189.40907757777, 121.96759932016009];True;False;[0.0, 7.25, 1.4500000000000002, 0.0, 1.0, 27.760053831643457, 0.24051177712025043, 0.5, 8599.186707147044, 11498.878917396589, 10500.0, 0.0, 3.0, 1.0, 0.03586700212819752, 0.07611943669664645, 0.0694934478117426, 0.0, 0.041009175472595805, 0.9775550875896892, 0.0, 0.05, 0.5, 0.5, 0.08026866251897605, 0.6424486539136655, 0.0, 0.02360796088469639, 0.32508465689574106, 0.0, 0.05, 0.5, 0.5, 0.0, 0.0, 0.0, 0.030000000000000002, 0.255, 0.0, 0.0, 1.0];[0.8611986375361731, -1.5228145111567577, 42.7986688938356, 0.6421986392911727, -0.6594882228797496, -5.637269984088668, -12.035047065923388, -14.0, -0.9305065521882574, -0.02244491241031077, 0.0, -0.35755134608633454, -0.6749153431042589, 0.0, 0.08251524263146681];28.09213390003424;
35;[nan, nan, nan];False;False;[1.0, 12.122562093576835, 1.7748759317703864, 1.0, 2.0, 13.519290028236322, 0.3416343193090987, 0.41565551175828197, 12704.652649839947, 8027.9078434316925, 1464.5980512728065, 1.0, 1.068613376074858, 0.0, 0.025, 0.01864525848760087, 0.3333333333333333, 0.3333333333333333, 0.0696196790687733, 0.3333333333333333, 0.3333333333333333, 0.0071794938233544665, 0.3333333333333333, 0.3333333333333333, 0.06630589226473652, 0.07567556101224193, 0.357847983173909, 0.061869900881415675, 0.3333333333333333, 0.3333333333333333, 0.00904910813374753, 0.2544971975927445, 0.7372166750072164, 1.0, 0.0, 0.0, 0.030000000000000002, 0.255, 0.0, 0.0, 0.0];[nan, nan, nan, nan, nan, nan, nan, nan, nan, nan, nan, nan, nan, nan, nan];80.58069609990343;
36;[8.217092871390353, 4400.930393040428, 106.8703864808328];True;False;[1.0, 7.323459955297461, 1.3311081842502683, 0.0, 2.0, 38.07912447391246, 0.12303752161482394, 0.4029828007187479, 8059.002116714912, 4743.206020122707, 8868.17012229883, 0.0, 3.0, 0.0, 0.025, 0.021777064084567477, 0.3333333333333333, 0.3333333333333333, 0.03790180933539733, 0.3333333333333333, 0.3333333333333333, 0.0762845049482722, 0.3333333333333333, 0.3333333333333333, 0.015330174729349378, 0.3333333333333333, 0.3333333333333333, 0.036134123673040384, 0.7734708246059353, 0.08925714439152233, 0.0834615381282381, 0.18339611123308364, 0.5439375926954099, 0.0, 0.0, 0.0, 0.030000000000000002, 0.255, 0.0, 0.0, 2.0];[0.8997374887158571, 0.13243473376513482, 46.42661869496713, 2.220446049250313e-16, -0.7769624783851761, -9.939155585525036, -13.686285966729901, -10.697213715601027, -0.33333333333333337, -0.33333333333333337, -0.33333333333333337, -0.33333333333333337, -0.13727203100254237, -0.2726662960715065, -0.23195233550769984];56.27306689997204;
37;[nan, nan, nan];False;False;[0.0, 7.25, 1.4500000000000002, 0.0, 2.0, 34.66446686616545, 0.20988402866931627, 0.7498424738090178, 13938.215645673195, 12347.548804825585, 11234.637005753524, 0.0, 3.0, 0.0, 0.025, 0.08423244918953543, 0.3333333333333333, 0.3333333333333333, 0.02846996833466773, 0.0, 0.23381504671962394, 0.031943954653893825, 0.01747391376565266, 0.13453119965693627, 0.012830498621645092, 0.3333333333333333, 0.3333333333333333, 0.09544551273648383, 0.3333333333333333, 0.3333333333333333, 0.020886171220208027, 0.3333333333333333, 0.3333333333333333, 0.0, 0.0, 0.0, 0.030000000000000002, 0.255, 0.0, 2.0, 1.0];[nan, nan, nan, nan, nan, nan, nan, nan, nan, nan, nan, nan, nan, nan, nan];104.74441339995246;
38;[nan, nan, nan];False;False;[1.0, 7.652385818798838, 1.455236172927806, 0.0, 2.0, 41.82467655938919, 0.8610463018050162, 0.7871152696906109, 9662.652317759426, 1741.232983995239, 8641.468851561362, 0.0, 3.0, 0.0, 0.025, 0.023516554058655128, 0.3333333333333333, 0.3333333333333333, 0.05597906593831553, 0.3333333333333333, 0.3333333333333333, 0.014670979980667166, 0.6395985516021434, 0.3490027533174087, 0.08607608278452729, 0.3333333333333333, 0.3333333333333333, 0.06972031437850752, 0.4061341243177571, 0.19877697010371975, 0.07975014434839388, 0.3333333333333333, 0.3333333333333333, 0.0, 0.0, 0.0, 0.030000000000000002, 0.255, 0.0, 0.0, 0.0];[nan, nan, nan, nan, nan, nan, nan, nan, nan, nan, nan, nan, nan, nan, nan];72.65494210005272;
39;[nan, nan, nan];False;False;[1.0, 5.2812598195804465, 1.7695684427605727, 1.0, 2.0, 23.795942816823697, 0.10212726416877116, 0.44464241900067736, 6375.927311662745, 15021.447171240188, 18932.528366775547, 1.0, 4.56098444527926, 1.0, 0.02566483826905805, 0.053305220469014536, 0.17969923100388474, 0.7019109713985335, 0.09809489966696494, 0.3333333333333333, 0.3333333333333333, 0.08129674508544493, 0.3333333333333333, 0.3333333333333333, 0.0158137778029785, 0.3333333333333333, 0.3333333333333333, 0.057052299786547335, 0.3333333333333333, 0.3333333333333333, 0.060925381201815856, 0.3333333333333333, 0.3333333333333333, 0.0, 0.0, 0.0, 0.030000000000000002, 0.255, 0.0, 2.0, 2.0];[nan, nan, nan, nan, nan, nan, nan, nan, nan, nan, nan, nan, nan, nan, nan];103.84320250002202;
40;[9.959396692497691, 3316.3405648037265, 109.08289369789088];True;False;[1.0, 5.079789770397251, 1.6902116348151606, 0.0, 2.0, 28.608477348378376, 0.6254868737434025, 0.26752901570652543, 17601.768595611487, 2366.0309862819404, 11057.033196674827, 0.0, 3.0, 0.0, 0.025, 0.009351142879792385, 0.3333333333333333, 0.3333333333333333, 0.01571549306910678, 0.40311885116246604, 0.39538114044650874, 0.04795953223045357, 0.06530157763517519, 0.4126846308201214, 0.08852050056875357, 0.3333333333333333, 0.3333333333333333, 0.029733612736777507, 0.3333333333333333, 0.3333333333333333, 0.05793737380054417, 0.5706074726561825, 0.32317104013659437, 0.0, 0.0, 0.0, 0.030000000000000002, 0.255, 0.0, 2.0, 2.0];[0.6282881919041676, -0.1636495881447062, 21.478018228681762, -0.19347895581836583, -0.2745131262565975, -13.949971608897332, -8.860967088330113, -12.374254358976733, -0.33333333333333337, -0.20150000839102522, -0.5220137915447034, -0.33333333333333337, -0.33333333333333337, -0.10622148720722313, -0.19884930544524204];95.04193579999264;
41;[nan, nan, nan];False;False;[1.0, 2.5589316148485084, 1.4544089689994382, 0.0, 2.0, 41.39835903855828, 0.36350432637418517, 0.5633484742447198, 6413.667950371357, 16002.19161461449, 18074.11867062875, 1.0, 2.3891983313659093, 0.0, 0.025, 0.06345795038405731, 0.3333333333333333, 0.3333333333333333, 0.09964555324156443, 0.3333333333333333, 0.3333333333333333, 0.041048501568962795, 0.03385938515526021, 0.15266352290358653, 0.023720155981788494, 0.47726167169177736, 0.491125135079871, 0.014875088189749275, 0.4206443526045992, 0.2842504657972027, 0.06280660147129545, 0.1779216931152251, 0.6012648679150056, 1.0, 0.0, 0.0, 0.030000000000000002, 0.255, 0.0, 1.0, 1.0];[nan, nan, nan, nan, nan, nan, nan, nan, nan, nan, nan, nan, nan, nan, nan];139.6280507000629;
42;[nan, nan, nan];False;False;[1.0, 7.353611670326163, 1.234505709039876, 0.0, 0.0, 13.78046630477142, 0.5, 0.5, 16961.477715950576, 10500.0, 10500.0, 1.0, 3.2362170618835266, 0.0, 0.025, 0.032250974713395573, 0.0, 0.0, 0.05, 0.5, 0.5, 0.05, 0.5, 0.5, 0.07288809467329756, 0.0, 0.0, 0.05, 0.5, 0.5, 0.05, 0.5, 0.5, 1.0, 1.0, 0.0, 0.03621745772076368, 0.18268052923013425, 240.0, 0.0, 0.0];[nan, nan, nan, nan, nan, nan, nan, nan, nan, nan, nan, nan, nan, nan, nan];97.053421300021;
43;[nan, nan, nan];False;False;[1.0, 11.58666851547223, 1.4359227947261521, 0.0, 2.0, 56.354244944914726, 0.8150991161175652, 0.3194579390723906, 2447.284449196109, 3760.6910277801467, 13299.202683871086, 1.0, 1.0503125710282446, 1.0, 0.0401628283494158, 0.028993226406584284, 0.08387916909192505, 0.8655949059313722, 0.09619688415753816, 0.3333333333333333, 0.3333333333333333, 0.04273648123104207, 0.3333333333333333, 0.3333333333333333, 0.09621560101971827, 0.3333333333333333, 0.3333333333333333, 0.022476739896175692, 0.4062591117497437, 0.46535708595643654, 0.05928495759680785, 0.3333333333333333, 0.3333333333333333, 1.0, 1.0, 0.0, 0.04316009216644193, 0.44986771768807127, 60.0, 1.0, 1.0];[nan, nan, nan, nan, nan, nan, nan, nan, nan, nan, nan, nan, nan, nan, nan];125.0735162999481;
44;[nan, nan, nan];False;False;[1.0, 6.539097681790954, 1.387051343335048, 1.0, 0.0, 48.07779496126553, 0.5, 0.5, 13313.488735451052, 10500.0, 10500.0, 0.0, 3.0, 0.0, 0.025, 0.01635703132319797, 0.0, 0.0, 0.05, 0.5, 0.5, 0.05, 0.5, 0.5, 0.06386940124852049, 0.0, 0.0, 0.05, 0.5, 0.5, 0.05, 0.5, 0.5, 1.0, 1.0, 0.0, 0.03538326609352484, 0.0687974594096024, 79.0, 0.0, 0.0];[nan, nan, nan, nan, nan, nan, nan, nan, nan, nan, nan, nan, nan, nan, nan];6.554497399949469;
45;[nan, nan, nan];False;False;[1.0, 12.335131276831554, 1.1633723512680882, 1.0, 1.0, 56.493666975621366, 0.24538036960954326, 0.5, 8943.68642339173, 18225.375609309973, 10500.0, 1.0, 3.82699922285509, 0.0, 0.025, 0.09666222986156296, 0.7037036059339691, 0.0, 0.04839570148291388, 0.6357685534763826, 0.0, 0.05, 0.5, 0.5, 0.0805359646125177, 0.7494979201789723, 0.0, 0.060824137482227626, 0.3878499275576245, 0.0, 0.05, 0.5, 0.5, 0.0, 1.0, 0.0, 0.03102576070381686, 0.1147360598633588, 82.0, 1.0, 1.0];[nan, nan, nan, nan, nan, nan, nan, nan, nan, nan, nan, nan, nan, nan, nan];125.40909139998257;
46;[27.894707437912125, 1140.295719074596, 118.30855550126273];True;False;[0.0, 7.25, 1.4500000000000002, 0.0, 0.0, 11.004406130055179, 0.5, 0.5, 14707.29155329606, 10500.0, 10500.0, 0.0, 3.0, 0.0, 0.025, 0.09645575977718279, 0.0, 0.0, 0.05, 0.5, 0.5, 0.05, 0.5, 0.5, 0.05444336461975588, 0.0, 0.0, 0.05, 0.5, 0.5, 0.05, 0.5, 0.5, 0.0, 0.0, 0.0, 0.030000000000000002, 0.255, 0.0, 0.0, 0.0];[0.4899112225325153, -1.4346002003784972, -6.93528558228479, 0.5907380672868425, -0.4, -3.9955938699448215, -14.0, -14.0, -1.0, 0.0, 0.0, -1.0, 0.0, 0.0, 0.01723869015725321];35.3330214000307;
47;[38.356129003236155, 1006.1282492602609, 122.68108820602936];True;False;[0.0, 7.25, 1.4500000000000002, 0.0, 1.0, 20.00013152014891, 0.505362024131957, 0.5, 11028.7809796982, 12139.198778668368, 10500.0, 0.0, 3.0, 1.0, 0.03460458821716219, 0.0006314184763878683, 0.09063800693668245, 0.0, 0.06655291995076545, 0.0, 0.0, 0.05, 0.5, 0.5, 0.016111191253024994, 0.5051583666781552, 0.0, 0.03888480428967032, 0.96188513367764, 0.0, 0.05, 0.5, 0.5, 0.0, 0.0, 0.0, 0.030000000000000002, 0.255, 0.0, 0.0, 1.0];[0.6013619239644274, -1.5808374951922373, 135.25100219565238, 0.8015186663122744, -0.39463797586804306, -10.575554475678404, -10.47962984057408, -14.0, -0.9093619930633176, -1.0, 0.0, -0.49484163332184483, -0.03811486632236005, 0.0, 0.11218552451046182];38.01552549994085;
48;[nan, nan, nan];False;False;[1.0, 11.982700175571424, 1.6846891892496085, 1.0, 2.0, 52.02315951657133, 0.46468778438777014, 0.5985970574982294, 7853.985172100926, 11864.660860314994, 3447.9494746977925, 1.0, 1.4284928464817868, 0.0, 0.025, 0.08821559832880785, 0.5675706299731995, 0.42503083311988854, 0.07947442496701554, 0.5716507475949117, 0.0356960372588343, 0.08509149798408591, 0.3279441174661012, 0.26399163307144213, 0.04587373637856487, 0.3333333333333333, 0.3333333333333333, 0.0931398095099819, 0.7588712841214713, 0.14199555212849457, 0.01996296841305463, 0.4373047318231076, 0.11198662830913775, 1.0, 1.0, 1.0, 0.035752006033192896, 0.437138847487814, 157.0, 0.0, 2.0];[nan, nan, nan, nan, nan, nan, nan, nan, nan, nan, nan, nan, nan, nan, nan];9.149662500014529;
49;[21.93044256367152, 1469.484453182441, 117.08961125045138];True;False;[0.0, 7.25, 1.4500000000000002, 0.0, 0.0, 43.25252670169157, 0.5, 0.5, 16276.286625368477, 10500.0, 10500.0, 0.0, 3.0, 0.0, 0.025, 0.03672336796386521, 0.0, 0.0, 0.05, 0.5, 0.5, 0.05, 0.5, 0.5, 0.0815290174918411, 0.0, 0.0, 0.05, 0.5, 0.5, 0.05, 0.5, 0.5, 0.0, 0.0, 0.0, 0.030000000000000002, 0.255, 0.0, 0.0, 0.0];[0.5277451810952067, -1.424854182746802, 49.41291422153128, 0.7782324062927182, -0.4, 28.252526701691572, -14.0, -14.0, -1.0, 0.0, 0.0, -1.0, 0.0, 0.0, 0.013346450899777484];5.328600500011817;
50;[19.63202596863313, 2214.61137153618, 114.69490787398883];True;False;[0.0, 7.25, 1.4500000000000002, 0.0, 2.0, 45.69058510619763, 0.7874245348390433, 0.38658176601723815, 15043.982982381203, 12684.012476604157, 4493.272272830314, 0.0, 3.0, 0.0, 0.025, 0.04655271579992481, 0.3333333333333333, 0.3333333333333333, 0.08070446249023822, 0.3333333333333333, 0.3333333333333333, 0.018048232972486155, 0.6114872150722066, 0.029399889423889825, 0.09516336780501884, 0.27617709235774623, 0.07799592135309152, 0.04983866201890365, 0.3333333333333333, 0.3333333333333333, 0.04790477650311428, 0.3333333333333333, 0.3333333333333333, 0.0, 0.0, 0.0, 0.030000000000000002, 0.255, 0.0, 2.0, 0.0];[2.183292729907887, -1.2275835433670241, 73.84744332681679, 0.5680432666097113, -0.11257546516095673, -11.425003893105512, -11.425003893105513, -11.425003893105513, -0.33333333333333337, -0.33333333333333337, -0.3591128955039036, -0.6458269862891622, -0.33333333333333337, -0.33333333333333337, -0.032718369320490825];28.061612599994987;
51;[nan, nan, nan];False;False;[1.0, 3.561307501704194, 1.3269438265519138, 1.0, 1.0, 5.760886460000032, 0.20476934376832845, 0.5, 17690.000220827114, 2697.537897977457, 10500.0, 1.0, 4.650452132451364, 0.0, 0.025, 0.03856805504614806, 0.7857683035888282, 0.0, 0.0003344147912488025, 0.8717092003387517, 0.0, 0.05, 0.5, 0.5, 0.0074347281378200295, 0.7742076748369473, 0.0, 0.08118516366429666, 0.36106651388678923, 0.0, 0.05, 0.5, 0.5, 1.0, 0.0, 0.0, 0.030000000000000002, 0.255, 0.0, 0.0, 1.0];[nan, nan, nan, nan, nan, nan, nan, nan, nan, nan, nan, nan, nan, nan, nan];91.78248639998492;22.478994100005366
52;[nan, nan, nan];False;False;[1.0, 10.557023220285883, 1.8, 0.0, 0.0, 35.81803942609245, 0.5, 0.5, 16936.27286054205, 10500.0, 10500.0, 1.0, 4.3536626173878314, 0.0, 0.025, 0.05873753272701065, 0.0, 0.0, 0.05, 0.5, 0.5, 0.05, 0.5, 0.5, 0.08364092878440234, 0.0, 0.0, 0.05, 0.5, 0.5, 0.05, 0.5, 0.5, 0.0, 0.0, 0.0, 0.030000000000000002, 0.255, 0.0, 0.0, 0.0];[nan, nan, nan, nan, nan, nan, nan, nan, nan, nan, nan, nan, nan, nan, nan];53.133989299996756;22.478994100005366
53;[nan, nan, nan];False;False;[0.0, 7.25, 1.4500000000000002, 0.0, 1.0, 4.044616089994216, 0.8279985146675494, 0.5, 6961.433951401906, 10916.561924220503, 10500.0, 0.0, 3.0, 0.0, 0.025, 0.01696257829702485, 0.9655534322359562, 0.0, 0.002446106177242893, 0.050238965839354895, 0.0, 0.05, 0.5, 0.5, 0.01688064079275619, 0.06626733755408512, 0.0, 0.058600569463371194, 0.41199477467588486, 0.0, 0.05, 0.5, 0.5, 0.0, 0.0, 0.0, 0.030000000000000002, 0.255, 0.0, 1.0, 1.0];[nan, nan, nan, nan, nan, nan, nan, nan, nan, nan, nan, nan, nan, nan, nan];52.71783840004355;22.478994100005366
54;[nan, nan, nan];False;False;[1.0, 7.082228485885815, 1.8, 0.0, 2.0, 38.39202136577596, 0.47674228687587206, 0.3975501266938032, 16710.388433163957, 3006.310230909613, 11522.173370538187, 0.0, 3.0, 0.0, 0.025, 0.03942861707083642, 0.3333333333333333, 0.3333333333333333, 0.050172209903237355, 0.5532059176228659, 0.24009510002511922, 0.02929636616063354, 0.2893407394077809, 0.15227064081857716, 0.002487828019795946, 0.4887959500301077, 0.475924859060628, 0.08943789129709848, 0.3333333333333333, 0.3333333333333333, 0.0627180560387696, 0.08560823045141333, 0.409520704127545, 0.0, 1.0, 1.0, 0.023686158599545013, 0.2516177476570998, 95.0, 1.0, 0.0];[nan, nan, nan, nan, nan, nan, nan, nan, nan, nan, nan, nan, nan, nan, nan];87.66326709999703;22.478994100005366
55;[20.595453276948465, 1688.8831397596, 115.92528607035584];True;False;[0.0, 7.25, 1.4500000000000002, 0.0, 0.0, 53.80066063582064, 0.5, 0.5, 7297.508443004698, 10500.0, 10500.0, 0.0, 3.0, 0.0, 0.025, 0.097712084281177, 0.0, 0.0, 0.05, 0.5, 0.5, 0.05, 0.5, 0.5, 0.09741130329202204, 0.0, 0.0, 0.05, 0.5, 0.5, 0.05, 0.5, 0.5, 0.0, 0.0, 0.0, 0.030000000000000002, 0.255, 0.0, 0.0, 0.0];[0.7539633628932609, -1.3665804394703944, 78.82404553495311, 0.6865024563699105, -0.4, 38.80066063582064, -14.0, -14.0, -1.0, 0.0, 0.0, -1.0, 0.0, 0.0, -0.008756539306660482];5.51991629996337;22.478994100005366
56;[nan, nan, nan];False;False;[1.0, 7.854624691235203, 1.5929068876085346, 1.0, 1.0, 55.81960715501503, 0.8121268471115634, 0.5, 16761.505210866613, 8141.674649266887, 10500.0, 0.0, 3.0, 0.0, 0.025, 0.06363800695126143, 0.8068550303629825, 0.0, 0.03323441183296732, 0.3360537641520599, 0.0, 0.05, 0.5, 0.5, 0.037973629742988124, 0.8010461934357774, 0.0, 0.03936513017182239, 0.5564813445854081, 0.0, 0.05, 0.5, 0.5, 0.0, 1.0, 1.0, 0.0229352161653971, 0.17806065547670424, 97.0, 1.0, 0.0];[nan, nan, nan, nan, nan, nan, nan, nan, nan, nan, nan, nan, nan, nan, nan];79.69467869994696;24.62757829995826
57;[22.14262528918665, 1446.15718596386, 117.10231284584516];True;False;[0.0, 7.25, 1.4500000000000002, 0.0, 0.0, 38.740265025353885, 0.5, 0.5, 13236.310905408764, 10500.0, 10500.0, 0.0, 3.0, 0.0, 0.025, 0.06923146278644542, 0.0, 0.0, 0.05, 0.5, 0.5, 0.05, 0.5, 0.5, 0.07303649517158259, 0.0, 0.0, 0.05, 0.5, 0.5, 0.05, 0.5, 0.5, 0.0, 0.0, 0.0, 0.030000000000000002, 0.255, 0.0, 0.0, 0.0];[0.5360770107607804, -1.422707905647884, 38.54052339970877, 0.7632528995724408, -0.4, 23.740265025353885, -14.0, -14.0, -1.0, 0.0, 0.0, -1.0, 0.0, 0.0, 0.01249715586732325];5.032283200067468;24.62757829995826
58;[nan, nan, nan];False;False;[1.0, 5.133659377653166, 1.8, 0.0, 2.0, 56.699982885380805, 0.1991179769664665, 0.8021957059811323, 5560.722023948823, 12769.634274717113, 8923.441263493434, 0.0, 3.0, 0.0, 0.025, 0.02228838265054844, 0.5524170687778854, 0.2676420316347423, 0.06485871703895994, 0.40165119028424495, 0.319618229808966, 0.049308077720929384, 0.3333333333333333, 0.3333333333333333, 0.01998173322520587, 0.11098267646105907, 0.41737301401770976, 0.04680580753132319, 0.3333333333333333, 0.3333333333333333, 0.029696417709844537, 0.2684798976954655, 0.5432650821815594, 0.0, 1.0, 1.0, 0.02132177942739706, 0.1211671807785915, 31.0, 0.0, 1.0];[nan, nan, nan, nan, nan, nan, nan, nan, nan, nan, nan, nan, nan, nan, nan];95.2612369999988;24.62757829995826
59;[nan, nan, nan];False;False;[1.0, 6.928225171123888, 1.7444105617288548, 0.0, 0.0, 25.006027872706632, 0.5, 0.5, 2059.195954747888, 10500.0, 10500.0, 0.0, 3.0, 0.0, 0.025, 0.0006255139020159871, 0.0, 0.0, 0.05, 0.5, 0.5, 0.05, 0.5, 0.5, 0.00557253963482674, 0.0, 0.0, 0.05, 0.5, 0.5, 0.05, 0.5, 0.5, 0.0, 1.0, 0.0, 0.03290311296771457, 0.35164725681739667, 123.0, 0.0, 0.0];[nan, nan, nan, nan, nan, nan, nan, nan, nan, nan, nan, nan, nan, nan, nan];68.98046510003041;24.62757829995826
60;[nan, nan, nan];False;False;[1.0, 7.408326554840882, 1.5977516169094284, 0.0, 0.0, 50.03445197222314, 0.5, 0.5, 17739.725335220108, 10500.0, 10500.0, 0.0, 3.0, 0.0, 0.025, 0.019461665409382784, 0.0, 0.0, 0.05, 0.5, 0.5, 0.05, 0.5, 0.5, 0.07185470364375839, 0.0, 0.0, 0.05, 0.5, 0.5, 0.05, 0.5, 0.5, 0.0, 0.0, 0.0, 0.030000000000000002, 0.255, 0.0, 0.0, 0.0];[nan, nan, nan, nan, nan, nan, nan, nan, nan, nan, nan, nan, nan, nan, nan];41.1879947000416;24.62757829995826
61;[nan, nan, nan];False;False;[1.0, 8.380795754595587, 1.799585980552111, 0.0, 2.0, 52.62750941807684, 0.5932002515186361, 0.16361731707883298, 17564.014613658583, 14949.889199680747, 1550.2543239685356, 0.0, 3.0, 0.0, 0.025, 0.011749180497115867, 0.3333333333333333, 0.3333333333333333, 0.027904280226805658, 0.18187503188763732, 0.4917649180898287, 0.051458919462847225, 0.013541006335081266, 0.49575027009987344, 0.09144682426303667, 0.2727371773590826, 0.038311671241814706, 0.027143583073422253, 0.46615816764575796, 0.41190400618174655, 0.024305078371621838, 0.06687728165002103, 0.3642778127610761, 0.0, 1.0, 1.0, 0.021672310630278677, 0.06553285976562227, 0.0, 1.0, 1.0];[nan, nan, nan, nan, nan, nan, nan, nan, nan, nan, nan, nan, nan, nan, nan];237.28331139998045;24.963417700026184
62;[nan, nan, nan];False;False;[1.0, 6.847108906444686, 1.590447221098584, 0.0, 1.0, 38.22963222355547, 0.5740301396561096, 0.5, 18525.757919666677, 12798.292966663817, 10500.0, 0.0, 3.0, 0.0, 0.025, 0.0442080610430934, 0.6339464182518206, 0.0, 0.025292822504780127, 0.673054384430669, 0.0, 0.05, 0.5, 0.5, 0.0754530924267112, 0.10440972166351938, 0.0, 0.052005697265866284, 0.9113694916118, 0.0, 0.05, 0.5, 0.5, 1.0, 1.0, 1.0, 0.03712946068524206, 0.30353700723453025, 87.0, 1.0, 1.0];[nan, nan, nan, nan, nan, nan, nan, nan, nan, nan, nan, nan, nan, nan, nan];118.6949388999492;24.963417700026184
63;[nan, nan, nan];False;False;[1.0, 5.335276315419128, 1.8, 0.0, 2.0, 51.957433125268174, 0.3286604292592937, 0.7236175312083094, 6139.110743190092, 13932.863993553776, 14334.563888337056, 1.0, 2.604675761665967, 0.0, 0.025, 0.024383118064982116, 0.3333333333333333, 0.3333333333333333, 0.056928755279274795, 0.5692238712870662, 0.0, 0.039696900336295415, 0.5244018429161428, 0.368511015102302, 0.0665103878642956, 0.3333333333333333, 0.3333333333333333, 0.04956128604127965, 0.1349958820035642, 0.6880473332700077, 0.09054325370066552, 0.3333333333333333, 0.3333333333333333, 0.0, 0.0, 0.0, 0.030000000000000002, 0.255, 0.0, 0.0, 0.0];[nan, nan, nan, nan, nan, nan, nan, nan, nan, nan, nan, nan, nan, nan, nan];129.0718479999341;24.963417700026184
64;[nan, nan, nan];False;False;[1.0, 5.942820979925736, 1.7784589650496851, 0.0, 1.0, 49.1955328853321, 0.6646659156141249, 0.5, 6484.121787540875, 10104.427254228733, 10500.0, 0.0, 3.0, 0.0, 0.025, 0.0663573026042926, 0.5556162432659637, 0.0, 0.036677974164638416, 0.31116803321614467, 0.0, 0.05, 0.5, 0.5, 0.07389377560478859, 0.580308010851816, 0.0, 0.057721188591629904, 0.6290530093045653, 0.0, 0.05, 0.5, 0.5, 0.0, 1.0, 0.0, 0.028302848342258942, 0.24812008748236786, 52.0, 1.0, 1.0];[nan, nan, nan, nan, nan, nan, nan, nan, nan, nan, nan, nan, nan, nan, nan];96.43412980006542;24.963417700026184
65;[nan, nan, nan];False;False;[1.0, 5.984362554954538, 1.8, 0.0, 1.0, 51.5880143809828, 0.766451788061116, 0.5, 6894.145851949009, 4227.61647510678, 10500.0, 0.0, 3.0, 0.0, 0.025, 0.038821235340939356, 0.17256812862212864, 0.0, 0.017185110384527733, 0.0, 0.0, 0.05, 0.5, 0.5, 0.0636756772378422, 0.3295464165784539, 0.0, 0.0891988203725344, 0.5342733508947061, 0.0, 0.05, 0.5, 0.5, 1.0, 0.0, 0.0, 0.030000000000000002, 0.255, 0.0, 1.0, 1.0];[nan, nan, nan, nan, nan, nan, nan, nan, nan, nan, nan, nan, nan, nan, nan];101.78687559999526;24.963417700026184
66;[nan, nan, nan];False;False;[1.0, 9.698628698158396, 1.8, 0.0, 1.0, 50.551903447649146, 0.29386333694541195, 0.5, 9255.401520607225, 18101.134709582042, 10500.0, 0.0, 3.0, 0.0, 0.025, 0.09605630682359709, 0.4277768045024802, 0.0, 0.04741698991103804, 0.6193263399554763, 0.0, 0.05, 0.5, 0.5, 0.04023282362457275, 0.7083544650301267, 0.0, 0.06276712615759099, 0.5673011602101942, 0.0, 0.05, 0.5, 0.5, 0.0, 1.0, 1.0, 0.026006648221458623, 0.2234506409356993, 29.0, 1.0, 0.0];[nan, nan, nan, nan, nan, nan, nan, nan, nan, nan, nan, nan, nan, nan, nan];91.086741099949;18.03369680000469
67;[8.98691903329273, 6586.715250267711, 105.63471969926374];True;False;[1.0, 9.994456796393909, 1.1, 0.0, 2.0, 46.069467075342274, 0.32971783025556534, 0.7968503548393928, 4116.039337014072, 4806.087866629847, 14372.342559271636, 0.0, 3.0, 0.0, 0.025, 0.04035256342392926, 0.5046975784818204, 0.4295603855347172, 0.002575540339326962, 0.3333333333333333, 0.3333333333333333, 0.07764484935307309, 0.5391973179635479, 0.14296824416245008, 0.03930682842351337, 0.5297633559335008, 0.20524356733310228, 0.009352751007880708, 0.3333333333333333, 0.3333333333333333, 0.03094075391069072, 0.21110493931751026, 0.33419493460348004, 0.0, 1.0, 1.0, 0.02495473352044477, 0.12130973506954741, 6.0, 1.0, 1.0];[1.6111943968707694, 0.6838157154179045, 74.86529787896748, -2.220446049250313e-16, -0.5702821697444347, -11.527250151093668, -11.527250151093668, -11.527250151093668, -0.0657420359834624, -0.33333333333333337, -0.3178344378740021, -0.264993076733397, -0.33333333333333337, -0.45470012607900967, -0.39379279217134355];139.19815620000008;18.03369680000469
68;[nan, nan, nan];False;False;[1.0, 7.191474901549986, 1.8, 0.0, 2.0, 49.74882900585089, 0.5008074335485112, 0.4675890389063556, 3399.677801060455, 16153.276465041608, 11820.306867273739, 0.0, 3.0, 0.0, 0.025, 0.01420872606210928, 0.3333333333333333, 0.3333333333333333, 0.0684145182027149, 0.5726514405608158, 0.14905240021815697, 0.03491775816280778, 0.3541578772453544, 0.40787588721563683, 0.019467867330901376, 0.04922338254642132, 0.44703022575116874, 0.0742697110701002, 0.7020279603807922, 0.22508111808833692, 0.07220084413602405, 0.07501241977716389, 0.6121186363559141, 0.0, 0.0, 0.0, 0.030000000000000002, 0.255, 0.0, 0.0, 0.0];[nan, nan, nan, nan, nan, nan, nan, nan, nan, nan, nan, nan, nan, nan, nan];159.1692863999633;18.03369680000469
69;[nan, nan, nan];False;False;[1.0, 4.461775512264424, 1.7642772856668272, 0.0, 1.0, 56.25125036598483, 0.6274574810648276, 0.5, 16770.523990191235, 12049.926465778588, 10500.0, 1.0, 2.477637364103387, 0.0, 0.025, 0.05604557791619239, 0.25737354988100536, 0.0, 0.05530015643704988, 0.16293538428201265, 0.0, 0.05, 0.5, 0.5, 0.058619107294902585, 0.7434555801171135, 0.0, 0.0752154517407651, 0.1322289535497977, 0.0, 0.05, 0.5, 0.5, 0.0, 1.0, 1.0, 0.034550296359473764, 0.17110202294291696, 2.0, 0.0, 1.0];[nan, nan, nan, nan, nan, nan, nan, nan, nan, nan, nan, nan, nan, nan, nan];39.37979669997003;18.03369680000469
70;[nan, nan, nan];False;False;[1.0, 8.879103174877097, 1.8, 0.0, 1.0, 48.180349027497925, 0.2728966539306663, 0.5, 4458.051764127262, 18470.15356185345, 10500.0, 0.0, 3.0, 0.0, 0.025, 0.07120150722722868, 0.42961232238575864, 0.0, 0.056207004105678166, 0.589948759870918, 0.0, 0.05, 0.5, 0.5, 0.018377784820136963, 0.6089625886447138, 0.0, 0.06715583907855782, 0.6325128004726188, 0.0, 0.05, 0.5, 0.5, 0.0, 0.0, 0.0, 0.030000000000000002, 0.255, 0.0, 1.0, 0.0];[nan, nan, nan, nan, nan, nan, nan, nan, nan, nan, nan, nan, nan, nan, nan];77.75799360009842;18.03369680000469
71;[23.929772245613705, 1268.8243848795955, 118.20828562043084];True;False;[0.0, 7.25, 1.4500000000000002, 0.0, 0.0, 30.499995639243348, 0.5, 0.5, 5089.1639947010535, 10500.0, 10500.0, 0.0, 3.0, 0.0, 0.025, 0.011424424287958422, 0.0, 0.0, 0.05, 0.5, 0.5, 0.05, 0.5, 0.5, 0.04126910085441839, 0.0, 0.0, 0.05, 0.5, 0.5, 0.05, 0.5, 0.5, 0.0, 0.0, 0.0, 0.030000000000000002, 0.255, 0.0, 0.0, 0.0];[0.34268620903056934, -1.4725253245771224, 21.246614804045464, 0.8236191846565573, -0.4, 15.499995639243348, -14.0, -14.0, -1.0, 0.0, 0.0, -1.0, 0.0, 0.0, 0.03296353167188981];4.6058919000206515;3.756599099957384
72;[37.190223105232384, 1022.4683083512518, 123.37844778523525];True;False;[0.0, 7.25, 1.4500000000000002, 0.0, 2.0, 30.050243830508983, 0.1350841933510392, 0.718736449022891, 12225.782658173313, 2761.50839110984, 15243.054573972451, 0.0, 3.0, 1.0, 0.043922220635254305, 0.013445232352538528, 0.3333333333333333, 0.3333333333333333, 0.011952801095394575, 0.29638160481297615, 0.13158922243591314, 0.047171528730450066, 0.3333333333333333, 0.3333333333333333, 0.017990413082807754, 0.3333333333333333, 0.3333333333333333, 0.011602661446660409, 0.3333333333333333, 0.3333333333333333, 0.015754419511195508, 0.3333333333333333, 0.3333333333333333, 0.0, 0.0, 0.0, 0.030000000000000002, 0.255, 0.0, 1.0, 0.0];[0.755545836894659, -1.624430994942977, 387.206624071242, 1.0639185509435536, -0.7649158066489609, -13.12292353279498, -13.26539557603455, -5.77076752495754, -0.33333333333333337, -0.5720291727511106, -0.33333333333333337, -0.33333333333333337, -0.33333333333333337, -0.33333333333333337, 0.15364816981287066];47.22531160002109;3.756599099957384
73;[nan, nan, nan];False;False;[1.0, 9.02785992127146, 1.6493158354371675, 1.0, 1.0, 28.11351448244241, 0.1348036733679669, 0.5, 16942.126989595075, 15445.792257272738, 10500.0, 0.0, 3.0, 0.0, 0.025, 0.0417999844353599, 0.21020222104257003, 0.0, 0.016348872314163872, 0.1122542994971181, 0.0, 0.05, 0.5, 0.5, 0.001790921813322789, 0.07440676477544436, 0.0, 0.014339248357123564, 0.65265693893047, 0.0, 0.05, 0.5, 0.5, 0.0, 0.0, 0.0, 0.030000000000000002, 0.255, 0.0, 1.0, 0.0];[nan, nan, nan, nan, nan, nan, nan, nan, nan, nan, nan, nan, nan, nan, nan];78.92742069996893;3.756599099957384
74;[13.793982310587785, 2997.1908084730135, 107.34498871715843];True;False;[1.0, 2.6945776536717245, 1.5329637578973787, 0.0, 0.0, 44.74924382230341, 0.5, 0.5, 8926.514732256179, 10500.0, 10500.0, 1.0, 3.4354430221672265, 0.0, 0.025, 0.03298902957543217, 0.0, 0.0, 0.05, 0.5, 0.5, 0.05, 0.5, 0.5, 0.0942730970869698, 0.0, 0.0, 0.05, 0.5, 0.5, 0.05, 0.5, 0.5, 0.0, 1.0, 0.0, 0.010988789980347854, 0.21483225021927724, 109.0, 0.0, 0.0];[-0.2101125372275252, -0.4235358310273294, 53.583916333561675, 2.220446049250313e-16, -0.4, 14.191325360282303, -14.0, -14.0, -1.0, 0.0, 0.0, -1.0, 0.0, 0.0, -0.21961994035622817];6.154352299985476;3.756599099957384
75;[nan, nan, nan];False;False;[1.0, 7.627905398309919, 1.7306036985892963, 1.0, 2.0, 32.91102818368594, 0.49786915234720186, 0.3951547863795274, 8684.943213979364, 17459.468199852497, 7865.510340541648, 1.0, 3.1193353227605587, 0.0, 0.025, 0.05049106887952942, 0.6002242092371733, 0.19565684924472376, 0.005233913758849754, 0.3333333333333333, 0.3333333333333333, 0.02989654552805926, 0.5053016176769817, 0.18025600612666007, 0.09972211611202031, 0.3333333333333333, 0.3333333333333333, 0.022346880451587312, 0.3333333333333333, 0.3333333333333333, 0.04699131872222245, 0.3333333333333333, 0.3333333333333333, 0.0, 0.0, 0.0, 0.030000000000000002, 0.255, 0.0, 1.0, 1.0];[nan, nan, nan, nan, nan, nan, nan, nan, nan, nan, nan, nan, nan, nan, nan];87.93729499995243;3.756599099957384
76;[nan, nan, nan];False;False;[1.0, 6.720239119016774, 1.696949667567433, 0.0, 1.0, 55.25889780197811, 0.5231585853196073, 0.5, 15805.039156164881, 12016.757270493928, 10500.0, 1.0, 2.9899605324000493, 0.0, 0.025, 0.08359648134902377, 0.4957055138435953, 0.0, 0.034364545329608684, 0.3128020110506741, 0.0, 0.05, 0.5, 0.5, 0.067197394562188, 0.2692726545596328, 0.0, 0.051818040886023764, 0.47646887024666673, 0.0, 0.05, 0.5, 0.5, 0.0, 1.0, 0.0, 0.022494530648590194, 0.20343452920176264, 14.0, 0.0, 1.0];[nan, nan, nan, nan, nan, nan, nan, nan, nan, nan, nan, nan, nan, nan, nan];92.19839879998472;22.41749250004068
77;[12.645519819186692, 3818.7213838855287, 107.98627737201087];True;False;[1.0, 2.0, 1.725422506393285, 0.0, 2.0, 37.84797650481579, 0.10072225702934882, 0.4534597305165806, 4199.560868644723, 17487.301842320794, 3176.2627031515817, 1.0, 3.7147288675435473, 0.0, 0.025, 0.04864182549019957, 0.3333333333333333, 0.3333333333333333, 0.03274658144112718, 0.019372900373807907, 0.09550714666518673, 0.1, 0.5626331728596654, 0.07170423591793383, 0.06577586951162215, 0.3333333333333333, 0.3333333333333333, 0.04935559624951605, 0.30090633827598523, 0.18996664754646264, 0.09790741670397385, 0.021584538647049643, 0.3036532989001846, 0.0, 1.0, 2.0, 0.03102291077245057, 0.18672812880129858, 45.0, 1.0, 1.0];[0.8628133452903759, -0.40812572243929024, 43.62551877684423, 0.0, -0.7992777429706512, -10.42982582789798, -13.967474967874308, -10.351488969484556, -0.33333333333333337, -0.8851199529610054, -0.36566259122240075, -0.33333333333333337, -0.5091270141775521, -0.6747621624527658, -0.2516279347599254];53.654166700085625;22.41749250004068
78;[12.602689320101527, 3827.63263603573, 107.84907372056898];True;False;[1.0, 2.0, 1.6427958183729574, 0.0, 2.0, 59.99536445235297, 0.3784087022458673, 0.7658883648576489, 4431.64218704325, 15484.070763694941, 8781.838037454272, 1.0, 2.017936484490167, 0.0, 0.025, 0.062068639606399016, 0.3333333333333333, 0.3333333333333333, 0.02207673283262912, 0.04866173329745045, 0.19452173228816905, 0.05874040086576304, 0.2808675509707761, 0.032786249834522024, 0.0, 0.3333333333333333, 0.3333333333333333, 0.04567877096759404, 0.3333333333333333, 0.3333333333333333, 0.036390282631063905, 0.44288089363911576, 0.4514928120154321, 0.0, 0.0, 0.0, 0.030000000000000002, 0.255, 0.0, 0.0, 0.0];[0.8600762042038523, -0.4094633960696257, 131.6529639051046, 0.0, -0.5215912977541327, -11.682242020321624, -11.682242020321626, -11.682242020321626, -0.33333333333333337, -0.7568165344143805, -0.6863461991947019, -0.33333333333333337, -0.33333333333333337, -0.10562629434545212, -0.16061721512339977];24.252480100025423;22.41749250004068
79;[nan, nan, nan];False;False;[1.0, 11.049032788998852, 1.7857340057026847, 0.0, 2.0, 58.545802933238505, 0.26736283345254896, 0.628896549678606, 9909.454839049407, 8341.536661509183, 10876.96382065411, 0.0, 3.0, 0.0, 0.025, 0.030813979810444887, 0.35139729811630727, 0.2861709329152854, 0.03482674339379654, 0.38005869834586914, 0.3290297299199563, 0.06789268331814766, 0.432624534005149, 0.4598478723711919, 0.06491425082444212, 0.2667762820322439, 0.21332898357297794, 0.04571290900935093, 0.5292894227284006, 0.26756856278971086, 0.056678408267842165, 0.2513151152655456, 0.36346570819310914, 0.0, 1.0, 0.0, 0.023639422473765728, 0.18867603314037695, 20.0, 1.0, 1.0];[nan, nan, nan, nan, nan, nan, nan, nan, nan, nan, nan, nan, nan, nan, nan];36.316308999899775;22.41749250004068
80;[12.735674508853432, 3268.227430364008, 107.69903832456836];True;False;[1.0, 2.4722382021142186, 1.6358454616246743, 0.0, 1.0, 51.41010668919846, 0.5100880266239758, 0.5, 15387.409223449587, 13039.129544371739, 10500.0, 1.0, 2.77721479389973, 0.0, 0.025, 0.06831958662881348, 0.6663587319372561, 0.0, 0.025231052481164536, 0.06963555640161538, 0.0, 0.05, 0.5, 0.5, 0.03498940566251037, 0.46621123776284173, 0.0, 0.042157831473203074, 0.5600489591391044, 0.0, 0.05, 0.5, 0.5, 0.0, 0.0, 0.0, 0.030000000000000002, 0.255, 0.0, 1.0, 1.0];[0.25253477635751764, -0.41682084845709255, 87.67980947075873, -1.2212453270876722e-15, -0.38991197337602423, -9.50598832491211, -9.279728347354139, -14.0, -0.33364126806274386, -0.9303644435983847, 0.0, -0.5337887622371582, -0.43995104086089565, 0.0, -0.16448710447942272];19.409316300065257;22.41749250004068
81;[nan, nan, nan];False;False;[1.0, 5.540750286258815, 1.478952889497073, 1.0, 2.0, 11.159097449828096, 0.43373673844195526, 0.41245353078736735, 7913.33400932918, 12747.552352563398, 18938.85144381202, 0.0, 3.0, 1.0, 0.04570268027273671, 0.0922299312369586, 0.3333333333333333, 0.3333333333333333, 0.04886582620489625, 0.20833973268973366, 0.3771724897772853, 0.06061852573679898, 0.3333333333333333, 0.3333333333333333, 0.07099553402682994, 0.3851993835161709, 0.3714466002474742, 0.05692509938592021, 0.3333333333333333, 0.3333333333333333, 0.08681580005163633, 0.3333333333333333, 0.3333333333333333, 1.0, 0.0, 0.0, 0.030000000000000002, 0.255, 0.0, 0.0, 2.0];[nan, nan, nan, nan, nan, nan, nan, nan, nan, nan, nan, nan, nan, nan, nan];93.75279630010482;20.839670600020327
82;[nan, nan, nan];False;False;[1.0, 7.085898626676657, 1.5674348493377894, 0.0, 2.0, 39.08841708380352, 0.5313051255494619, 0.39927487061082645, 10762.713088020466, 14835.055159536965, 8231.609433873318, 0.0, 3.0, 0.0, 0.025, 0.08173242637831599, 0.3333333333333333, 0.3333333333333333, 0.03688190683012671, 0.3333333333333333, 0.3333333333333333, 0.0551958914189044, 0.3333333333333333, 0.3333333333333333, 0.07149673471169725, 0.24772192352449462, 0.4144080500637836, 0.049663320770093375, 0.3333333333333333, 0.3333333333333333, 0.00404339698795524, 0.3333333333333333, 0.3333333333333333, 0.0, 0.0, 0.0, 0.030000000000000002, 0.255, 0.0, 0.0, 1.0];[nan, nan, nan, nan, nan, nan, nan, nan, nan, nan, nan, nan, nan, nan, nan];105.38744089996908;20.839670600020327
83;[8.507760292513641, 4178.488711842918, 126.49043765663252];True;False;[1.0, 6.2938874897247885, 1.5331010535561145, 0.0, 2.0, 37.1595941627604, 0.7552923789049458, 0.37828495663078354, 6336.947104046063, 9633.10338348855, 9154.911744891608, 0.0, 3.0, 0.0, 0.025, 0.07917527807752134, 0.3333333333333333, 0.3333333333333333, 0.044696677174232896, 0.06418022063424199, 0.44435150499212606, 0.05511746604163832, 0.3333333333333333, 0.3333333333333333, 0.0368603108548312, 0.02977283413705589, 0.3552288905172113, 0.06241722895667863, 0.3333333333333333, 0.3333333333333333, 0.0518741859687537, 0.4210487393598644, 0.22581944149081723, 0.0, 1.0, 0.0, 0.025629435791486285, 0.19498065212181406, 0.0, 2.0, 2.0];[0.9117471516046738, 0.08260708690032814, 45.23509338544283, -0.5214031920400477, -0.1447076210950542, -12.105989782839309, -12.105989782839309, -12.105989782839309, -0.33333333333333337, -0.49146827437363194, -0.33333333333333337, -0.6149982753457328, -0.33333333333333337, -0.35313181914931835, -0.290937633755225];61.22561880003195;20.839670600020327
84;[nan, nan, nan];False;False;[1.0, 12.5, 1.6537818234929393, 0.0, 2.0, 36.948937592060766, 0.11406193021839281, 0.6041984531612955, 2273.8797377735737, 8614.931428632503, 14965.16856761076, 0.0, 3.0, 0.0, 0.025, 0.06536928779392169, 0.33632247302514684, 0.3383183461390821, 0.05118715098390547, 0.3620037947669834, 0.2747849381972183, 0.04061347948439028, 0.3333333333333333, 0.3333333333333333, 0.04982279369138287, 0.36007996095426803, 0.297509731760393, 0.047282272678997005, 0.3333333333333333, 0.3333333333333333, 0.046723149126028665, 0.1707074884903362, 0.24044759217227124, 0.0, 1.0, 0.0, 0.023384096224263618, 0.16565834852390168, 0.0, 0.0, 2.0];[nan, nan, nan, nan, nan, nan, nan, nan, nan, nan, nan, nan, nan, nan, nan];102.56232030002866;20.839670600020327
85;[nan, nan, nan];False;False;[1.0, 9.342262114434797, 1.186687500723726, 1.0, 2.0, 21.067637234272002, 0.29311819974315517, 0.8215576621029393, 19728.875765520163, 5583.330913603498, 19366.750455022706, 1.0, 4.993435537418716, 1.0, 0.0069512646717672065, 0.0004567200305009623, 0.5406313476246858, 0.3470025164155725, 0.07621972335941267, 0.3333333333333333, 0.3333333333333333, 0.028762228904751993, 0.3333333333333333, 0.3333333333333333, 0.0480038011092661, 0.019790085762660694, 0.16187149286176403, 0.014948861760566833, 0.3333333333333333, 0.3333333333333333, 0.06430986150893674, 0.05596218373044779, 0.041858074492202954, 1.0, 1.0, 0.0, 0.035964533163246916, 0.2628138638882564, 239.0, 2.0, 1.0];[nan, nan, nan, nan, nan, nan, nan, nan, nan, nan, nan, nan, nan, nan, nan];120.55326800001785;20.839670600020327
86;[21.744249246520454, 1492.5066587670121, 117.08079624217751];True;False;[0.0, 7.25, 1.4500000000000002, 0.0, 0.0, 48.12053576496934, 0.5, 0.5, 19527.09640789104, 10500.0, 10500.0, 0.0, 3.0, 0.0, 0.025, 0.027188368180865865, 0.0, 0.0, 0.05, 0.5, 0.5, 0.05, 0.5, 0.5, 0.06568773801200083, 0.0, 0.0, 0.05, 0.5, 0.5, 0.05, 0.5, 0.5, 0.0, 0.0, 0.0, 0.030000000000000002, 0.255, 0.0, 0.0, 0.0];[0.51958539072311, -1.426956142569634, 62.28185586671165, 0.7922611060789031, -0.4, 33.12053576496934, -14.0, -14.0, -1.0, 0.0, 0.0, -1.0, 0.0, 0.0, 0.01418094201837694];4.569736500037834;16.318060499965213
87;[nan, nan, nan];False;False;[1.0, 4.014050753108146, 1.579619450296886, 1.0, 2.0, 32.289245572134824, 0.2249365710837039, 0.8193969024825704, 7899.457180425109, 16154.249576171935, 4614.714201238376, 0.0, 3.0, 0.0, 0.025, 0.023239452175224627, 0.6155255431476648, 0.08911506711458939, 0.014853612330159091, 0.3333333333333333, 0.3333333333333333, 0.08100284806935582, 0.0454506128423672, 0.18126649713466159, 0.0986829194808959, 0.3333333333333333, 0.3333333333333333, 0.0063307269513829326, 0.3333333333333333, 0.3333333333333333, 0.09143232863089151, 0.31532000558733997, 0.21152518847689356, 1.0, 0.0, 0.0, 0.030000000000000002, 0.255, 0.0, 0.0, 2.0];[nan, nan, nan, nan, nan, nan, nan, nan, nan, nan, nan, nan, nan, nan, nan];70.09176959993783;16.318060499965213
88;[21.382519447344524, 1835.0186680978888, 116.50031080033328];True;False;[0.0, 7.25, 1.4500000000000002, 0.0, 2.0, 38.853141561688325, 0.8869473606070734, 0.2504408084588837, 5500.479558733729, 5918.266407133831, 7349.838853502593, 0.0, 3.0, 0.0, 0.025, 0.013411376930486246, 0.4748962782247457, 0.5059764011535413, 0.026423372536210923, 0.1668325262173514, 0.053341860958080294, 0.02025581304325949, 0.0, 0.885097534605627, 0.03755535771269561, 0.3333333333333333, 0.3333333333333333, 0.028426585897793635, 0.3333333333333333, 0.3333333333333333, 0.050414911228456205, 0.5150427238606865, 0.0, 0.0, 0.0, 0.0, 0.030000000000000002, 0.255, 0.0, 1.0, 0.0];[1.7308822998796174, -1.328609309888536, 51.1484793295124, 0.7200234477724787, -0.013052639392926668, -11.61305056085326, -11.61305056085326, -11.61305056085326, -0.019127320621713073, -0.7798256128245683, -0.11490246539437299, -0.33333333333333337, -0.33333333333333337, -0.4849572761393135, 0.0012099049279431506];26.77836420002859;16.318060499965213
89;[nan, nan, nan];False;False;[1.0, 6.075971238335302, 1.4858531078031147, 0.0, 0.0, 2.6980476379192693, 0.5, 0.5, 12255.23884602642, 10500.0, 10500.0, 0.0, 3.0, 0.0, 0.025, 0.08385005093682346, 0.0, 0.0, 0.05, 0.5, 0.5, 0.05, 0.5, 0.5, 0.0022330816377686773, 0.0, 0.0, 0.05, 0.5, 0.5, 0.05, 0.5, 0.5, 1.0, 1.0, 0.0, 0.03354067397609458, 0.17959389778601506, 234.0, 0.0, 0.0];[nan, nan, nan, nan, nan, nan, nan, nan, nan, nan, nan, nan, nan, nan, nan];76.800566000049;16.318060499965213
90;[23.531411267439687, 1303.4749861242422, 117.95975682378692];True;False;[0.0, 7.25, 1.4500000000000002, 0.0, 0.0, 31.606188832303, 0.5, 0.5, 11028.281998729697, 10500.0, 10500.0, 0.0, 3.0, 0.0, 0.025, 0.052326966179904046, 0.0, 0.0, 0.05, 0.5, 0.5, 0.05, 0.5, 0.5, 0.02599940083950681, 0.0, 0.0, 0.05, 0.5, 0.5, 0.05, 0.5, 0.5, 0.0, 0.0, 0.0, 0.030000000000000002, 0.255, 0.0, 0.0, 0.0];[0.3872567004332552, -1.4610439778831477, 23.37868318652155, 0.8082456132777485, -0.4, 16.606188832303, -14.0, -14.0, -1.0, 0.0, 0.0, -1.0, 0.0, 0.0, 0.028103044907561547];4.9718630000716075;16.318060499965213
91;[nan, nan, nan];False;False;[1.0, 9.381428074802514, 1.7114713697366728, 0.0, 1.0, 49.21085294222612, 0.22709600705179483, 0.5, 9850.123192081272, 5643.898950382351, 10500.0, 0.0, 3.0, 0.0, 0.025, 0.02508034831058814, 0.327251003150088, 0.0, 0.06023527561310167, 0.608284893307059, 0.0, 0.05, 0.5, 0.5, 0.015008714802015648, 0.4668317396099512, 0.0, 0.05408826523913765, 0.8008455142392478, 0.0, 0.05, 0.5, 0.5, 0.0, 0.0, 0.0, 0.030000000000000002, 0.255, 0.0, 0.0, 1.0];[nan, nan, nan, nan, nan, nan, nan, nan, nan, nan, nan, nan, nan, nan, nan];84.50170150003396;20.030580000020564
92;[nan, nan, nan];False;False;[1.0, 8.997520634957468, 1.781073223977823, 0.0, 1.0, 42.79293369925166, 0.812291145705548, 0.5, 16450.538470899326, 13672.06442555773, 10500.0, 0.0, 3.0, 0.0, 0.025, 0.056758327449366486, 0.360521590988524, 0.0, 0.05343984718090569, 0.4382423493966431, 0.0, 0.05, 0.5, 0.5, 0.010951680198995053, 0.22469359927281354, 0.0, 0.08253200665898215, 0.45401639617698747, 0.0, 0.05, 0.5, 0.5, 0.0, 1.0, 1.0, 0.026951148085099137, 0.23406750009111, 23.0, 1.0, 0.0];[nan, nan, nan, nan, nan, nan, nan, nan, nan, nan, nan, nan, nan, nan, nan];75.80786790000275;20.030580000020564
93;[nan, nan, nan];False;False;[1.0, 10.79061910024376, 1.7852808631916774, 0.0, 0.0, 24.932240169363283, 0.5, 0.5, 5602.371321387912, 10500.0, 10500.0, 0.0, 3.0, 0.0, 0.025, 0.043323887726056304, 0.0, 0.0, 0.05, 0.5, 0.5, 0.05, 0.5, 0.5, 0.024283719943596724, 0.0, 0.0, 0.05, 0.5, 0.5, 0.05, 0.5, 0.5, 0.0, 0.0, 0.0, 0.030000000000000002, 0.255, 0.0, 0.0, 0.0];[nan, nan, nan, nan, nan, nan, nan, nan, nan, nan, nan, nan, nan, nan, nan];55.652652099961415;20.030580000020564
94;[nan, nan, nan];False;False;[1.0, 4.076761359235976, 1.5171570602334397, 1.0, 1.0, 1.255000712837804, 0.8654196214176193, 0.5, 8734.301340318558, 14708.106169895927, 10500.0, 1.0, 2.9101354040980523, 1.0, 0.013329205313900278, 0.04530223382334081, 0.5030099469490009, 0.0, 0.09059262495333516, 0.47658870702336276, 0.0, 0.05, 0.5, 0.5, 0.0051624164967549535, 0.654627369361019, 0.0, 0.057031812518139414, 0.0628470074136576, 0.0, 0.05, 0.5, 0.5, 0.0, 0.0, 0.0, 0.030000000000000002, 0.255, 0.0, 1.0, 1.0];[nan, nan, nan, nan, nan, nan, nan, nan, nan, nan, nan, nan, nan, nan, nan];96.4897982000839;20.030580000020564
95;[nan, nan, nan];False;False;[1.0, 8.551969893076285, 1.7632833012644122, 0.0, 1.0, 32.56618759804831, 0.7967756334075283, 0.5, 10645.83222408465, 15386.272142896476, 10500.0, 0.0, 3.0, 0.0, 0.025, 0.02641162035463462, 0.24075581377147243, 0.0, 0.05080122755981514, 0.5089959672556348, 0.0, 0.05, 0.5, 0.5, 0.07602164527409054, 0.2389018326817955, 0.0, 0.07992912009912875, 0.5043628917849653, 0.0, 0.05, 0.5, 0.5, 0.0, 1.0, 1.0, 0.02628094620127327, 0.25497979756071576, 33.0, 0.0, 0.0];[nan, nan, nan, nan, nan, nan, nan, nan, nan, nan, nan, nan, nan, nan, nan];83.39881899999455;20.030580000020564
96;[21.184085601320152, 1854.026878235998, 116.20455186952239];True;False;[0.0, 7.25, 1.4500000000000002, 0.0, 2.0, 35.117271156943524, 0.3495402468095364, 0.5635773125929431, 8067.961631706083, 10932.14048684149, 16883.213991426397, 0.0, 3.0, 0.0, 0.025, 0.03537753853545275, 0.30441296864704315, 0.22869133136910438, 0.05885614468752437, 0.3333333333333333, 0.3333333333333333, 0.05448276768635586, 0.3333333333333333, 0.3333333333333333, 0.0034095038523067004, 0.2480096849958174, 0.17315270674825464, 0.04728047833184638, 0.3333333333333333, 0.3333333333333333, 0.05151134288536782, 0.3333333333333333, 0.3333333333333333, 0.0, 0.0, 0.0, 0.030000000000000002, 0.255, 0.0, 0.0, 1.0];[1.809704955998301, -1.311007772158399, 37.44041015890451, 0.6865300313976117, -0.5504597531904636, -13.895977227481708, -10.558361508546236, -7.838573791226745, -0.4668956999838525, -0.33333333333333337, -0.33333333333333337, -0.5788376082559279, -0.33333333333333337, -0.33333333333333337, -0.005051353919326151];32.285920200054534;12.064077000017278
97;[nan, nan, nan];False;False;[0.0, 7.25, 1.4500000000000002, 0.0, 1.0, 29.113258738130313, 0.20349191155789537, 0.5, 12018.750261766843, 13248.058662578787, 10500.0, 0.0, 3.0, 1.0, 0.033207230351333265, 0.0013187657182863039, 0.4156523738929478, 0.0, 0.023544390531666057, 0.4883423085687594, 0.0, 0.05, 0.5, 0.5, 0.016269361675275675, 0.43708475515929096, 0.0, 0.08473900765647278, 0.056752687597832675, 0.0, 0.05, 0.5, 0.5, 0.0, 0.0, 0.0, 0.030000000000000002, 0.255, 0.0, 0.0, 1.0];[nan, nan, nan, nan, nan, nan, nan, nan, nan, nan, nan, nan, nan, nan, nan];65.52528260007966;12.064077000017278
98;[nan, nan, nan];False;False;[1.0, 8.956452947757464, 1.8, 0.0, 1.0, 37.907464454865796, 0.33043817680780807, 0.5, 15147.22033896828, 7111.232884905884, 10500.0, 1.0, 3.3670614215095656, 0.0, 0.025, 0.08441458213266274, 0.19117823407912396, 0.0, 0.05148051891693887, 0.2206160730313613, 0.0, 0.05, 0.5, 0.5, 0.05373666145277192, 0.14265519888770847, 0.0, 0.04221058833559194, 0.763360299899923, 0.0, 0.05, 0.5, 0.5, 0.0, 1.0, 1.0, 0.01003378262536522, 0.22275059855577287, 7.0, 1.0, 1.0];[nan, nan, nan, nan, nan, nan, nan, nan, nan, nan, nan, nan, nan, nan, nan];63.965287600061856;12.064077000017278
99;[nan, nan, nan];False;False;[1.0, 7.959181174190669, 1.8, 0.0, 2.0, 42.292186248787935, 0.3522734409423661, 0.34274010688835865, 15602.213790287686, 15925.66454460234, 8598.773316380364, 1.0, 4.126944247257387, 0.0, 0.025, 0.07294639998334941, 0.3067068492331285, 0.6879104713647788, 0.0501694039717318, 0.34003373613316895, 0.19977823277559723, 0.08180877212722015, 0.19133809623617565, 0.3570032671216174, 0.031576370542915205, 0.33651722806324247, 0.4029873519656642, 0.04222353597707192, 0.3333333333333333, 0.3333333333333333, 0.016970825236686995, 0.3712710282165937, 0.4901399045990715, 0.0, 0.0, 0.0, 0.030000000000000002, 0.255, 0.0, 0.0, 2.0];[nan, nan, nan, nan, nan, nan, nan, nan, nan, nan, nan, nan, nan, nan, nan];89.29430220008362;12.064077000017278
100;[nan, nan, nan];False;False;[1.0, 8.591120617827936, 1.7416502374415614, 0.0, 0.0, 28.22069385053611, 0.5, 0.5, 3788.259174732588, 10500.0, 10500.0, 1.0, 4.280078031405068, 0.0, 0.025, 0.048282433297895576, 0.0, 0.0, 0.05, 0.5, 0.5, 0.05, 0.5, 0.5, 0.02788451950557303, 0.0, 0.0, 0.05, 0.5, 0.5, 0.05, 0.5, 0.5, 0.0, 1.0, 0.0, 0.023093988353641234, 0.22964581395626352, 0.0, 0.0, 0.0];[nan, nan, nan, nan, nan, nan, nan, nan, nan, nan, nan, nan, nan, nan, nan];50.54539859993383;12.064077000017278
101;[nan, nan, nan];False;False;[1.0, 7.78061106841019, 1.669201085427169, 0.0, 0.0, 40.62493222538256, 0.5, 0.5, 9734.926889497905, 10500.0, 10500.0, 1.0, 4.090737190205939, 0.0, 0.025, 0.054140073903224034, 0.0, 0.0, 0.05, 0.5, 0.5, 0.05, 0.5, 0.5, 0.04495323492248432, 0.0, 0.0, 0.05, 0.5, 0.5, 0.05, 0.5, 0.5, 0.0, 0.0, 0.0, 0.030000000000000002, 0.255, 0.0, 0.0, 0.0];[nan, nan, nan, nan, nan, nan, nan, nan, nan, nan, nan, nan, nan, nan, nan];43.02636399993207;20.26407009991817
102;[nan, nan, nan];False;False;[1.0, 8.648928022712902, 1.8, 0.0, 1.0, 50.743434532878915, 0.47498333587951835, 0.5, 10501.848411974917, 8474.06304024356, 10500.0, 1.0, 2.9281243960820333, 0.0, 0.025, 0.05094767830182226, 0.9015567968445972, 0.0, 0.052460943080082104, 0.7936907182295935, 0.0, 0.05, 0.5, 0.5, 0.006596594556971713, 0.5555356246568144, 0.0, 0.04821443653906717, 0.5001142327328592, 0.0, 0.05, 0.5, 0.5, 0.0, 1.0, 1.0, 0.01744883073982144, 0.2585777593320618, 52.0, 0.0, 1.0];[nan, nan, nan, nan, nan, nan, nan, nan, nan, nan, nan, nan, nan, nan, nan];85.12114250008017;20.26407009991817
103;[nan, nan, nan];False;False;[1.0, 9.39706248212065, 1.7993866359220203, 0.0, 2.0, 43.04560755859894, 0.35256206340558505, 0.7622573340562188, 7246.482446290972, 8701.009739100664, 16641.661652604416, 1.0, 3.386053774072052, 0.0, 0.025, 0.06656200346202643, 0.3333333333333333, 0.3333333333333333, 0.06864001713172921, 0.637497582542855, 0.24785813961012815, 0.05397430035247402, 0.2946278646431087, 0.4280622847743895, 0.049806241252742744, 0.3333333333333333, 0.3333333333333333, 0.0346763997901489, 0.3333333333333333, 0.3333333333333333, 0.06068429466752097, 0.4444676721000269, 0.3982635806012286, 0.0, 1.0, 2.0, 0.02146227691980903, 0.23198089280016213, 37.0, 0.0, 1.0];[nan, nan, nan, nan, nan, nan, nan, nan, nan, nan, nan, nan, nan, nan, nan];93.45111500006169;20.26407009991817
104;[nan, nan, nan];False;False;[1.0, 9.32711591146787, 1.7934119061352662, 0.0, 0.0, 35.79922596753043, 0.5, 0.5, 14696.701441017674, 10500.0, 10500.0, 1.0, 3.6451967238481098, 0.0, 0.025, 0.07593484106783152, 0.0, 0.0, 0.05, 0.5, 0.5, 0.05, 0.5, 0.5, 0.05076693645137741, 0.0, 0.0, 0.05, 0.5, 0.5, 0.05, 0.5, 0.5, 0.0, 0.0, 0.0, 0.030000000000000002, 0.255, 0.0, 0.0, 0.0];[nan, nan, nan, nan, nan, nan, nan, nan, nan, nan, nan, nan, nan, nan, nan];41.63095979997888;20.26407009991817
105;[nan, nan, nan];False;False;[1.0, 5.867757331597028, 1.7495619398458822, 0.0, 0.0, 53.37243954974844, 0.5, 0.5, 8464.858573559412, 10500.0, 10500.0, 1.0, 2.7245399696305856, 0.0, 0.025, 0.02406757235631228, 0.0, 0.0, 0.05, 0.5, 0.5, 0.05, 0.5, 0.5, 0.06349782892289436, 0.0, 0.0, 0.05, 0.5, 0.5, 0.05, 0.5, 0.5, 0.0, 1.0, 0.0, 0.02989910439783492, 0.14799411738301027, 110.0, 0.0, 0.0];[nan, nan, nan, nan, nan, nan, nan, nan, nan, nan, nan, nan, nan, nan, nan];58.656036100001074;20.26407009991817
106;[nan, nan, nan];False;False;[1.0, 5.558200769114315, 1.737784475141447, 0.0, 1.0, 34.74889872112848, 0.28820806677765753, 0.5, 9967.927105471881, 8791.688446982589, 10500.0, 1.0, 3.1162822145046483, 0.0, 0.025, 0.07668560378255318, 0.8374540331837564, 0.0, 0.09315866583113466, 0.5455544882740504, 0.0, 0.05, 0.5, 0.5, 0.08809325812027569, 0.47227247738821115, 0.0, 0.04670402620260018, 0.22254988317425628, 0.0, 0.05, 0.5, 0.5, 0.0, 0.0, 0.0, 0.030000000000000002, 0.255, 0.0, 0.0, 0.0];[nan, nan, nan, nan, nan, nan, nan, nan, nan, nan, nan, nan, nan, nan, nan];50.159948499989696;16.84580280003138
107;[nan, nan, nan];False;False;[1.0, 10.522877361326742, 1.7851454073217778, 0.0, 2.0, 33.06556102538225, 0.27760050439214334, 0.3940491245309524, 16236.565103776486, 13429.079533597109, 3899.280869376851, 1.0, 4.288744734868418, 0.0, 0.025, 0.008244135917080843, 0.14571611307956572, 0.5802150824002916, 0.027175544371248903, 0.3333333333333333, 0.3333333333333333, 0.006532286410339726, 0.602917338624354, 0.3970420422122209, 0.0715870888567266, 0.5585648265987422, 0.36532656112121065, 0.0420157257410089, 0.13505079768242656, 0.730134749111523, 0.044755677633723866, 0.3333333333333333, 0.3333333333333333, 0.0, 0.0, 0.0, 0.030000000000000002, 0.255, 0.0, 2.0, 2.0];[nan, nan, nan, nan, nan, nan, nan, nan, nan, nan, nan, nan, nan, nan, nan];92.86203409999143;16.84580280003138
108;[nan, nan, nan];False;False;[1.0, 9.216244332584559, 1.727801390710336, 0.0, 1.0, 34.40597583926693, 0.20886680227310173, 0.5, 5559.676339692256, 8003.348550572273, 10500.0, 0.0, 3.0, 0.0, 0.025, 0.04040806352607314, 0.4550436831483411, 0.0, 0.052061605445587855, 0.5139864314277433, 0.0, 0.05, 0.5, 0.5, 0.03256297934100026, 0.38358592685909926, 0.0, 0.041103884209450006, 0.42634610700373077, 0.0, 0.05, 0.5, 0.5, 0.0, 0.0, 0.0, 0.030000000000000002, 0.255, 0.0, 0.0, 1.0];[nan, nan, nan, nan, nan, nan, nan, nan, nan, nan, nan, nan, nan, nan, nan];25.728610199992545;16.84580280003138
109;[nan, nan, nan];False;False;[1.0, 6.879520979786535, 1.6439984163572683, 0.0, 0.0, 49.33241229955408, 0.5, 0.5, 3900.6147691042806, 10500.0, 10500.0, 1.0, 2.938155482235505, 0.0, 0.025, 0.01751652445087487, 0.0, 0.0, 0.05, 0.5, 0.5, 0.05, 0.5, 0.5, 0.04752713950345746, 0.0, 0.0, 0.05, 0.5, 0.5, 0.05, 0.5, 0.5, 0.0, 0.0, 0.0, 0.030000000000000002, 0.255, 0.0, 0.0, 0.0];[nan, nan, nan, nan, nan, nan, nan, nan, nan, nan, nan, nan, nan, nan, nan];38.05316600005608;16.84580280003138
110;[nan, nan, nan];False;False;[1.0, 10.992980978990396, 1.7929392848859353, 0.0, 1.0, 41.970681263155676, 0.27889188285221533, 0.5, 8669.30890913998, 14309.459885414906, 10500.0, 1.0, 3.785530174295706, 0.0, 0.025, 0.08317468600649222, 0.25809796681575703, 0.0, 0.013353921860076699, 0.8163828954609744, 0.0, 0.05, 0.5, 0.5, 0.014735518337437992, 0.2192670975574756, 0.0, 0.03747278088960569, 0.2918668038673813, 0.0, 0.05, 0.5, 0.5, 0.0, 0.0, 0.0, 0.030000000000000002, 0.255, 0.0, 0.0, 1.0];[nan, nan, nan, nan, nan, nan, nan, nan, nan, nan, nan, nan, nan, nan, nan];16.888075800030492;16.84580280003138
111;[nan, nan, nan];False;False;[1.0, 7.534056181769417, 1.755360944501915, 0.0, 1.0, 55.19742618172817, 0.45693197690694554, 0.5, 12635.07404795291, 9172.300183860476, 10500.0, 1.0, 3.9086538304929, 0.0, 0.025, 0.01859642224468649, 0.15791773364603426, 0.0, 0.049979630962028385, 0.48813304899149723, 0.0, 0.05, 0.5, 0.5, 0.03323200252367156, 0.21666870490647794, 0.0, 0.043143777799805855, 0.5320347249033917, 0.0, 0.05, 0.5, 0.5, 0.0, 0.0, 0.0, 0.030000000000000002, 0.255, 0.0, 0.0, 1.0];[nan, nan, nan, nan, nan, nan, nan, nan, nan, nan, nan, nan, nan, nan, nan];68.65127839997876;23.54889340000227
112;[nan, nan, nan];False;False;[1.0, 9.024115260033987, 1.719479350317324, 0.0, 0.0, 35.797679355928096, 0.5, 0.5, 12587.87132780849, 10500.0, 10500.0, 0.0, 3.0, 0.0, 0.025, 0.01371710597196196, 0.0, 0.0, 0.05, 0.5, 0.5, 0.05, 0.5, 0.5, 0.0002022835966040177, 0.0, 0.0, 0.05, 0.5, 0.5, 0.05, 0.5, 0.5, 0.0, 0.0, 0.0, 0.030000000000000002, 0.255, 0.0, 0.0, 0.0];[nan, nan, nan, nan, nan, nan, nan, nan, nan, nan, nan, nan, nan, nan, nan];40.88118369993754;23.54889340000227
113;[27.38327970473016, 1144.3725482813645, 118.37224550509134];True;False;[0.0, 7.25, 1.4500000000000002, 0.0, 0.0, 12.337840770696623, 0.5, 0.5, 18081.39284793069, 10500.0, 10500.0, 0.0, 3.0, 0.0, 0.025, 0.07752097834953323, 0.0, 0.0, 0.05, 0.5, 0.5, 0.05, 0.5, 0.5, 0.06153990481155635, 0.0, 0.0, 0.05, 0.5, 0.5, 0.05, 0.5, 0.5, 0.0, 0.0, 0.0, 0.030000000000000002, 0.255, 0.0, 0.0, 0.0];[0.45565022718663695, -1.443425823638798, -5.569664534988242, 0.6255416671353069, -0.4, -2.662159229303377, -14.0, -14.0, -1.0, 0.0, 0.0, -1.0, 0.0, 0.0, 0.020814631061832123];15.046751799993217;23.54889340000227
114;[nan, nan, nan];False;False;[1.0, 3.9644720848135213, 1.696005062351575, 0.0, 0.0, 11.979051508208148, 0.5, 0.5, 9187.237120994336, 10500.0, 10500.0, 1.0, 4.253487848308096, 0.0, 0.025, 0.027258648756694443, 0.0, 0.0, 0.05, 0.5, 0.5, 0.05, 0.5, 0.5, 0.0868032338442073, 0.0, 0.0, 0.05, 0.5, 0.5, 0.05, 0.5, 0.5, 1.0, 0.0, 0.0, 0.030000000000000002, 0.255, 0.0, 0.0, 0.0];[nan, nan, nan, nan, nan, nan, nan, nan, nan, nan, nan, nan, nan, nan, nan];54.246487500029616;23.54889340000227
115;[nan, nan, nan];False;False;[1.0, 7.094041296439918, 1.7967064642975414, 0.0, 0.0, 34.896931165348285, 0.5, 0.5, 5623.159898158817, 10500.0, 10500.0, 1.0, 3.9441342118735565, 0.0, 0.025, 0.05314189263782381, 0.0, 0.0, 0.05, 0.5, 0.5, 0.05, 0.5, 0.5, 0.07771744337929089, 0.0, 0.0, 0.05, 0.5, 0.5, 0.05, 0.5, 0.5, 0.0, 1.0, 0.0, 0.021372794470704566, 0.20321920211651356, 106.0, 0.0, 0.0];[nan, nan, nan, nan, nan, nan, nan, nan, nan, nan, nan, nan, nan, nan, nan];49.18470439990051;23.54889340000227
116;[nan, nan, nan];False;False;[1.0, 8.981738458016991, 1.8, 0.0, 1.0, 46.16484475875085, 0.625764954281937, 0.5, 6670.376575380666, 9079.349725191423, 10500.0, 0.0, 3.0, 0.0, 0.025, 0.035819095761613115, 0.7416893357428725, 0.0, 0.06880410776135584, 0.6064013153516693, 0.0, 0.05, 0.5, 0.5, 0.06889654523165244, 0.3789662051317073, 0.0, 0.06206432834772755, 0.9412963152397351, 0.0, 0.05, 0.5, 0.5, 0.0, 0.0, 0.0, 0.030000000000000002, 0.255, 0.0, 1.0, 1.0];[nan, nan, nan, nan, nan, nan, nan, nan, nan, nan, nan, nan, nan, nan, nan];71.58490320004057;5.635611000005156
117;[nan, nan, nan];False;False;[1.0, 10.35650448001549, 1.8, 0.0, 1.0, 42.169054010058986, 0.21050647696101588, 0.5, 7862.110320056037, 15626.939106257318, 10500.0, 1.0, 4.255057638366827, 0.0, 0.025, 0.0851813207091821, 0.6517423828198338, 0.0, 0.08723346271445687, 0.4288349293824018, 0.0, 0.05, 0.5, 0.5, 0.01638366522468633, 0.2312061941198003, 0.0, 0.07675298726380138, 0.8147229429231441, 0.0, 0.05, 0.5, 0.5, 0.0, 1.0, 1.0, 0.030076857082406636, 0.20887770759921725, 6.0, 0.0, 0.0];[nan, nan, nan, nan, nan, nan, nan, nan, nan, nan, nan, nan, nan, nan, nan];49.5854361000238;5.635611000005156
118;[nan, nan, nan];False;False;[1.0, 8.254073777610753, 1.8, 0.0, 1.0, 41.16734017986868, 0.33847841793496913, 0.5, 17840.166804881956, 3329.1355318298315, 10500.0, 0.0, 3.0, 0.0, 0.025, 0.05512991934823295, 0.8434937150276902, 0.0, 0.07373412102354371, 0.8808255556231346, 0.0, 0.05, 0.5, 0.5, 0.0701205891856018, 0.7518133542289045, 0.0, 0.054715752234544106, 0.8679907646152237, 0.0, 0.05, 0.5, 0.5, 0.0, 0.0, 0.0, 0.030000000000000002, 0.255, 0.0, 0.0, 1.0];[nan, nan, nan, nan, nan, nan, nan, nan, nan, nan, nan, nan, nan, nan, nan];83.89763679995667;5.635611000005156
119;[nan, nan, nan];False;False;[1.0, 5.116227657108581, 1.7999047389204232, 0.0, 0.0, 59.99999999973837, 0.5, 0.5, 19580.640539880624, 10500.0, 10500.0, 0.0, 3.0, 0.0, 0.025, 0.04648520104399659, 0.0, 0.0, 0.05, 0.5, 0.5, 0.05, 0.5, 0.5, 0.0009893367679179711, 0.0, 0.0, 0.05, 0.5, 0.5, 0.05, 0.5, 0.5, 1.0, 1.0, 0.0, 0.018031069746316603, 0.2608000055986208, 64.0, 0.0, 0.0];[nan, nan, nan, nan, nan, nan, nan, nan, nan, nan, nan, nan, nan, nan, nan];6.156235300004482;5.635611000005156
120;[nan, nan, nan];False;False;[1.0, 5.405952214902633, 1.8, 0.0, 1.0, 46.67494101351765, 0.7891065639132419, 0.5, 8270.780775226584, 18849.99451503748, 10500.0, 1.0, 3.629426485074406, 0.0, 0.025, 0.013012028837292203, 0.4034423121301834, 0.0, 0.0704485733428594, 0.2064792782384015, 0.0, 0.05, 0.5, 0.5, 0.0350865059747267, 0.4333650931165567, 0.0, 0.022744637241400367, 0.5786755868708283, 0.0, 0.05, 0.5, 0.5, 1.0, 0.0, 0.0, 0.030000000000000002, 0.255, 0.0, 1.0, 1.0];[nan, nan, nan, nan, nan, nan, nan, nan, nan, nan, nan, nan, nan, nan, nan];85.55204450001474;5.635611000005156
121;[nan, nan, nan];False;False;[1.0, 4.472190815105725, 1.605454342022311, 1.0, 1.0, 47.404791721690835, 0.1892843692568779, 0.5, 16859.972980021463, 15983.868496626694, 10500.0, 1.0, 4.658540734041438, 0.0, 0.025, 0.0912631577355077, 0.044791964458023296, 0.0, 0.011444342640400501, 0.35306689903167965, 0.0, 0.05, 0.5, 0.5, 0.08568784482048496, 0.3659229957717924, 0.0, 0.05512293732155876, 0.41060234379398625, 0.0, 0.05, 0.5, 0.5, 0.0, 1.0, 0.0, 0.04387111276406122, 0.24590081038167075, 82.0, 1.0, 0.0];[nan, nan, nan, nan, nan, nan, nan, nan, nan, nan, nan, nan, nan, nan, nan];104.553356599994;22.975953500019386
122;[nan, nan, nan];False;False;[1.0, 8.05691130220853, 1.547438606444624, 0.0, 1.0, 29.043337043493302, 0.7258735468887106, 0.5, 13820.254857548665, 9345.501902503893, 10500.0, 0.0, 3.0, 0.0, 0.025, 0.09328402157648237, 0.6027291288075344, 0.0, 0.04660178422669028, 0.2068553234963747, 0.0, 0.05, 0.5, 0.5, 0.05245448218613091, 0.33349513427521665, 0.0, 0.07565035213626169, 0.792925798938718, 0.0, 0.05, 0.5, 0.5, 0.0, 1.0, 1.0, 0.0349815855229547, 0.3883827274158624, 51.0, 1.0, 1.0];[nan, nan, nan, nan, nan, nan, nan, nan, nan, nan, nan, nan, nan, nan, nan];101.62746170000173;22.975953500019386
123;[nan, nan, nan];False;False;[0.0, 7.25, 1.4500000000000002, 0.0, 2.0, 55.67212589986308, 0.8052827701412316, 0.5894920826244783, 15367.041110736003, 10826.777010914957, 15445.090876016866, 0.0, 3.0, 1.0, 0.01596658067815237, 0.023312400731986118, 0.3333333333333333, 0.3333333333333333, 0.06699117155242731, 0.3333333333333333, 0.3333333333333333, 0.03567686264962814, 0.3333333333333333, 0.3333333333333333, 0.07862604367783121, 0.3333333333333333, 0.3333333333333333, 0.041234164214762184, 0.016509527992743876, 0.6465357399452127, 0.08348616248754287, 0.3333333333333333, 0.3333333333333333, 0.0, 0.0, 0.0, 0.030000000000000002, 0.255, 0.0, 0.0, 1.0];[nan, nan, nan, nan, nan, nan, nan, nan, nan, nan, nan, nan, nan, nan, nan];106.04993049998302;22.975953500019386
124;[nan, nan, nan];False;False;[1.0, 5.931462225195791, 1.637379659779107, 0.0, 1.0, 46.13785590641095, 0.5849780313366791, 0.5, 16039.39103129336, 1784.0069096251586, 10500.0, 0.0, 3.0, 0.0, 0.025, 0.05810594096384378, 0.5183400959582989, 0.0, 0.020423801047921613, 0.07923243209869575, 0.0, 0.05, 0.5, 0.5, 0.060774641524004004, 0.6053707845076012, 0.0, 0.06691732681634137, 0.790619352603293, 0.0, 0.05, 0.5, 0.5, 1.0, 1.0, 1.0, 0.028355950518231227, 0.1921322450601206, 75.0, 1.0, 1.0];[nan, nan, nan, nan, nan, nan, nan, nan, nan, nan, nan, nan, nan, nan, nan];85.79284280003048;22.975953500019386
125;[nan, nan, nan];False;False;[1.0, 7.113309965161532, 1.6935297314550382, 0.0, 0.0, 48.1060648270913, 0.5, 0.5, 7293.280976846702, 10500.0, 10500.0, 0.0, 3.0, 0.0, 0.025, 0.05577327942249728, 0.0, 0.0, 0.05, 0.5, 0.5, 0.05, 0.5, 0.5, 0.042733707640116754, 0.0, 0.0, 0.05, 0.5, 0.5, 0.05, 0.5, 0.5, 0.0, 1.0, 0.0, 0.03707092310630872, 0.2137094527835867, 42.0, 0.0, 0.0];[nan, nan, nan, nan, nan, nan, nan, nan, nan, nan, nan, nan, nan, nan, nan];48.467096199980006;22.975953500019386
126;[27.417549770863392, 1912.2491048686534, 117.55910769832519];True;False;[0.0, 7.25, 1.4500000000000002, 0.0, 1.0, 59.68582302334084, 0.42068630038033483, 0.5, 3776.2211473776674, 14840.812613487366, 10500.0, 0.0, 3.0, 1.0, 0.014842068158843145, 0.05788690989993868, 0.055318428175002154, 0.0, 0.02918752335731646, 0.783748345636969, 0.0, 0.05, 0.5, 0.5, 0.0870396999167203, 0.4551912815478034, 0.0, 0.017783159419140212, 0.32498759806674227, 0.0, 0.05, 0.5, 0.5, 0.0, 0.0, 0.0, 0.030000000000000002, 0.255, 0.0, 0.0, 0.0];[1.7305444560188175, -1.3286847523026315, 28.939173219864365, 0.5191623409992454, -0.4793136996196652, -5.934050238801364, -8.41648425200962, -14.0, -0.9446815718249979, -0.21625165436303095, 0.0, -0.5448087184521966, -0.6750124019332577, 0.0, 0.0012370824387620827];19.704630100051872;15.684482800075784
127;[nan, nan, nan];False;False;[1.0, 9.133309330232319, 1.6298581771420164, 0.0, 0.0, 42.540255778926905, 0.5, 0.5, 16034.522182557239, 10500.0, 10500.0, 0.0, 3.0, 0.0, 0.025, 0.07291764911459744, 0.0, 0.0, 0.05, 0.5, 0.5, 0.05, 0.5, 0.5, 0.018853727980865615, 0.0, 0.0, 0.05, 0.5, 0.5, 0.05, 0.5, 0.5, 0.0, 0.0, 0.0, 0.030000000000000002, 0.255, 0.0, 0.0, 0.0];[nan, nan, nan, nan, nan, nan, nan, nan, nan, nan, nan, nan, nan, nan, nan];41.36180950002745;15.684482800075784
128;[nan, nan, nan];False;False;[1.0, 11.34329008315271, 1.7530478148106312, 0.0, 2.0, 47.43193511398264, 0.5352828632947964, 0.12492939637677489, 12745.368734395324, 11539.3447054101, 15951.122252758909, 0.0, 3.0, 0.0, 0.025, 0.01252217174177252, 0.4054599162827682, 0.5484506528755223, 0.014808649483048199, 0.3333333333333333, 0.3333333333333333, 0.013428936266250753, 0.3333333333333333, 0.3333333333333333, 0.08100109559608067, 0.3333333333333333, 0.3333333333333333, 0.09533455925004672, 0.7615186297509692, 0.11318243311239107, 0.051470088012693, 0.6564236168236665, 0.33421784375411173, 0.0, 0.0, 0.0, 0.030000000000000002, 0.255, 0.0, 2.0, 1.0];[nan, nan, nan, nan, nan, nan, nan, nan, nan, nan, nan, nan, nan, nan, nan];113.76518600003328;15.684482800075784
129;[nan, nan, nan];False;False;[1.0, 9.24331941940446, 1.799319083080457, 0.0, 0.0, 22.624396090013647, 0.5, 0.5, 13244.1186512821, 10500.0, 10500.0, 0.0, 3.0, 0.0, 0.025, 0.05766809026037948, 0.0, 0.0, 0.05, 0.5, 0.5, 0.05, 0.5, 0.5, 0.0479520596088209, 0.0, 0.0, 0.05, 0.5, 0.5, 0.05, 0.5, 0.5, 1.0, 1.0, 0.0, 0.01143461198919724, 0.05195244259477723, 27.0, 0.0, 0.0];[nan, nan, nan, nan, nan, nan, nan, nan, nan, nan, nan, nan, nan, nan, nan];78.34209019993432;15.684482800075784
130;[nan, nan, nan];False;False;[1.0, 7.877012987301795, 1.4983988341148562, 0.0, 2.0, 39.28066620054087, 0.3879379750310953, 0.6353834482140299, 5313.529296030445, 14269.104883987544, 9962.031429106428, 1.0, 4.281067686282753, 0.0, 0.025, 0.018201130505418914, 0.3333333333333333, 0.3333333333333333, 0.08228651933437574, 0.4099648735541282, 0.309030405712402, 0.09616733474906945, 0.3333333333333333, 0.3333333333333333, 0.06525900272224315, 0.2899597952152462, 0.29601998364068827, 0.06548384706906096, 0.3333333333333333, 0.3333333333333333, 0.0551411279726555, 0.6687762051503376, 0.14834849270769324, 0.0, 0.0, 0.0, 0.030000000000000002, 0.255, 0.0, 1.0, 1.0];[nan, nan, nan, nan, nan, nan, nan, nan, nan, nan, nan, nan, nan, nan, nan];93.13140940002631;15.684482800075784
131;[nan, nan, nan];False;False;[1.0, 6.03535267184935, 1.196860535001734, 1.0, 2.0, 7.827762110678817, 0.10124254500043925, 0.8526613526629463, 11676.644407825615, 15059.035955226309, 5069.359546247641, 1.0, 1.5616810795683032, 1.0, 0.04096424301648246, 0.059179289949045345, 0.3333333333333333, 0.3333333333333333, 0.012420729456548627, 0.3598428375351107, 0.18665813034234124, 0.07567200468819564, 0.8025449905718006, 0.17219827538735927, 0.023665015822056837, 0.38175027313836246, 0.05924755317607325, 0.07889068187014088, 0.7227780776307181, 0.2079263355545682, 0.0334296281247191, 0.019802205297014024, 0.6890063630891676, 1.0, 1.0, 0.0, 0.017763604289496165, 0.1990006582499725, 243.0, 1.0, 0.0];[nan, nan, nan, nan, nan, nan, nan, nan, nan, nan, nan, nan, nan, nan, nan];119.96563860005699;3.977319800062105
132;[19.5764794281314, 2097.4379173366297, 115.3732610266465];True;False;[0.0, 7.25, 1.4500000000000002, 0.0, 2.0, 51.41836826180594, 0.6827611365410252, 0.8711143592852112, 16888.08423209786, 14894.86168376393, 8406.28055234433, 0.0, 3.0, 0.0, 0.025, 0.005167659853997363, 0.3333333333333333, 0.3333333333333333, 0.025918219212168355, 0.3333333333333333, 0.3333333333333333, 0.07223465618331175, 0.3333333333333333, 0.3333333333333333, 0.04188118618791985, 0.3333333333333333, 0.3333333333333333, 0.045285046497036824, 0.3333333333333333, 0.3333333333333333, 0.04596909223509659, 0.3333333333333333, 0.3333333333333333, 0.0, 0.0, 0.0, 0.030000000000000002, 0.255, 0.0, 0.0, 1.0];[1.9631634105368088, -1.2767396453205797, 95.75007759549757, 0.6741731394563988, -0.2172388634589748, -11.281457380392375, -11.281457380392377, -11.281457380392377, -0.33333333333333337, -0.33333333333333337, -0.33333333333333337, -0.33333333333333337, -0.33333333333333337, -0.33333333333333337, -0.016803192682934176];38.371850900002755;3.977319800062105
133;[9.130517415529134, 3816.786008939701, 132.59213972439906];True;False;[1.0, 6.252076832784819, 1.5872396680056837, 0.0, 1.0, 31.973453965816027, 0.6252433922522069, 0.5, 13956.995148132119, 14546.129442670435, 10500.0, 0.0, 3.0, 0.0, 0.025, 0.07031903663248593, 0.8099165897509365, 0.0, 0.09672707042611167, 0.0, 0.0, 0.05, 0.5, 0.5, 0.06883208438344081, 0.3036738473500774, 0.0, 0.09954404418804197, 0.8347600278069157, 0.0, 0.05, 0.5, 0.5, 0.0, 0.0, 0.0, 0.030000000000000002, 0.255, 0.0, 1.0, 0.0];[0.4706676758997581, 0.08778872083452205, 29.087002818236, -0.74689615293822, -0.2747566077477931, -11.525249574310466, -9.202731323552712, -14.0, -0.1900834102490635, -1.0, 0.0, -0.6963261526499226, -0.16523997219308428, 0.0, -0.22953848338005223];15.316552300006151;3.977319800062105
134;[nan, nan, nan];False;False;[1.0, 7.588814601737054, 1.534521384887833, 1.0, 2.0, 29.070295491923677, 0.6201402817360057, 0.5960960939066715, 12340.023542931927, 13386.862807852296, 8650.011921409781, 0.0, 3.0, 0.0, 0.025, 0.06722883118248393, 0.13925155370228393, 0.2219718136467083, 0.03606535581985491, 0.10768417215366384, 0.46015330961409207, 0.04803950468716566, 0.3333333333333333, 0.3333333333333333, 0.08213022957848642, 0.8533259044056379, 0.11554738738879702, 0.020401102344008964, 0.3333333333333333, 0.3333333333333333, 0.08708805668766323, 0.3160252483404809, 0.5235090122748819, 0.0, 0.0, 0.0, 0.030000000000000002, 0.255, 0.0, 1.0, 1.0];[nan, nan, nan, nan, nan, nan, nan, nan, nan, nan, nan, nan, nan, nan, nan];87.75338340003509;3.977319800062105
135;[nan, nan, nan];False;False;[0.0, 7.25, 1.4500000000000002, 0.0, 1.0, 14.498197677946157, 0.8123348744383371, 0.5, 12844.999904521095, 19224.378028361018, 10500.0, 0.0, 3.0, 0.0, 0.025, 0.07575093194746269, 0.29171162816297125, 0.0, 0.06349499767790959, 0.5185645264935271, 0.0, 0.05, 0.5, 0.5, 0.039007474954093894, 0.1541998964477483, 0.0, 0.0037443883799132167, 0.9402452886218513, 0.0, 0.05, 0.5, 0.5, 0.0, 0.0, 0.0, 0.030000000000000002, 0.255, 0.0, 1.0, 1.0];[nan, nan, nan, nan, nan, nan, nan, nan, nan, nan, nan, nan, nan, nan, nan];74.65638000005856;3.977319800062105
136;[nan, nan, nan];False;False;[1.0, 2.5482016930864164, 1.7289673597035002, 0.0, 2.0, 34.58211641959447, 0.5186286364730813, 0.4283076240064153, 15251.407828300777, 13292.73704089206, 4652.268225163, 1.0, 4.909554535977557, 0.0, 0.025, 0.07423429987402615, 0.3333333333333333, 0.3333333333333333, 0.05619714762966163, 0.3333333333333333, 0.3333333333333333, 0.057425660578013696, 0.2013569251262424, 0.5884515107516306, 0.060878757568996425, 0.143524630183274, 0.017385078226267756, 0.02601635115564345, 0.3333333333333333, 0.3333333333333333, 0.041610801054348716, 0.35625227579089486, 0.5215817187359751, 0.0, 1.0, 0.0, 0.027989500161290662, 0.035220738401377995, 57.0, 1.0, 0.0];[nan, nan, nan, nan, nan, nan, nan, nan, nan, nan, nan, nan, nan, nan, nan];112.97652299993206;25.04245369997807
137;[nan, nan, nan];False;False;[1.0, 9.802872372351274, 1.5556899462214462, 1.0, 0.0, 59.970810351203454, 0.5, 0.5, 13080.54753353026, 10500.0, 10500.0, 1.0, 1.0, 0.0, 0.025, 0.1, 0.0, 0.0, 0.05, 0.5, 0.5, 0.05, 0.5, 0.5, 0.06359863494664827, 0.0, 0.0, 0.05, 0.5, 0.5, 0.05, 0.5, 0.5, 0.0, 0.0, 0.0, 0.030000000000000002, 0.255, 0.0, 0.0, 0.0];[nan, nan, nan, nan, nan, nan, nan, nan, nan, nan, nan, nan, nan, nan, nan];81.06660239992198;25.04245369997807
138;[nan, nan, nan];False;False;[1.0, 4.974509626945146, 1.6930307579589159, 0.0, 2.0, 28.460453610223546, 0.19899752374686222, 0.40564689402852183, 14958.484951892297, 7861.143038761595, 8081.786240176157, 1.0, 3.6153636064436463, 0.0, 0.025, 0.019211549172086867, 0.3333333333333333, 0.3333333333333333, 0.04123456092912581, 0.5745851601786026, 0.33034107677545665, 0.05122827579109729, 0.3333333333333333, 0.3333333333333333, 0.05316994860846236, 0.1972861128370747, 0.29217695205117067, 0.01668673182681171, 0.3333333333333333, 0.3333333333333333, 0.04929212224542888, 0.3779082724587772, 0.5151972616281352, 0.0, 0.0, 0.0, 0.030000000000000002, 0.255, 0.0, 0.0, 0.0];[nan, nan, nan, nan, nan, nan, nan, nan, nan, nan, nan, nan, nan, nan, nan];132.1537476000376;25.04245369997807
139;[nan, nan, nan];False;False;[1.0, 6.113381548041238, 1.7474148916720726, 0.0, 1.0, 32.61812076111174, 0.5601793953456733, 0.5, 5141.416224436539, 6562.611793230676, 10500.0, 0.0, 3.0, 0.0, 0.025, 0.06343354216188596, 0.7104343714212294, 0.0, 0.07227885550419048, 0.2880360868516179, 0.0, 0.05, 0.5, 0.5, 0.09539806413576118, 0.43604073020287415, 0.0, 0.011294720388084989, 0.4386561391031735, 0.0, 0.05, 0.5, 0.5, 0.0, 0.0, 0.0, 0.030000000000000002, 0.255, 0.0, 0.0, 1.0];[nan, nan, nan, nan, nan, nan, nan, nan, nan, nan, nan, nan, nan, nan, nan];90.14162650005892;25.04245369997807
140;[nan, nan, nan];False;False;[1.0, 6.915529380960099, 1.6380414342754164, 0.0, 0.0, 27.537214128799686, 0.5, 0.5, 16860.45914214448, 10500.0, 10500.0, 1.0, 2.1306925456814554, 0.0, 0.025, 0.04185401259350811, 0.0, 0.0, 0.05, 0.5, 0.5, 0.05, 0.5, 0.5, 0.004832552774806363, 0.0, 0.0, 0.05, 0.5, 0.5, 0.05, 0.5, 0.5, 0.0, 0.0, 0.0, 0.030000000000000002, 0.255, 0.0, 0.0, 0.0];[nan, nan, nan, nan, nan, nan, nan, nan, nan, nan, nan, nan, nan, nan, nan];66.46261309995316;25.04245369997807
141;[8.902526291071766, 3052.0825267824266, 113.10092837964632];True;False;[1.0, 6.330212814111784, 1.636962279205769, 0.0, 1.0, 42.431858862896426, 0.14212484783612245, 0.5, 14078.253304679356, 8337.36281865244, 10500.0, 1.0, 3.711799192956948, 0.0, 0.025, 0.005641097267506889, 0.29900204672878883, 0.0, 0.03788933978489999, 0.38349437405033254, 0.0, 0.05, 0.5, 0.5, 0.07257184507071739, 0.33410532574075286, 0.0, 0.028479818516440093, 0.48577690792901357, 0.0, 0.05, 0.5, 0.5, 0.0, 0.0, 0.0, 0.030000000000000002, 0.255, 0.0, 0.0, 1.0];[0.17117574305377659, -0.09985946405652779, 54.91187741043828, -0.3346485579745837, -0.7578751521638776, -2.491543256728237, -12.927714182165031, -14.0, -0.7009979532712112, -0.6165056259496675, 0.0, -0.6658946742592471, -0.5142230920709865, 0.0, -0.20988077365867502];17.319246199913323;20.0648054999765
142;[nan, nan, nan];False;False;[1.0, 8.160271655490657, 1.6637362234017923, 1.0, 1.0, 29.354971125075675, 0.7133952332241932, 0.5, 10536.120029003136, 15377.892019589335, 10500.0, 1.0, 2.5026558368886374, 0.0, 0.025, 0.08671242224443436, 0.8002145669215528, 0.0, 0.04490866297564947, 0.6568135592639723, 0.0, 0.05, 0.5, 0.5, 0.07753764442450783, 0.09941107135831591, 0.0, 0.03656679642523071, 0.21789359224697152, 0.0, 0.05, 0.5, 0.5, 1.0, 1.0, 1.0, 0.03515116575281539, 0.49559818278467727, 151.0, 0.0, 1.0];[nan, nan, nan, nan, nan, nan, nan, nan, nan, nan, nan, nan, nan, nan, nan];14.668397199944593;20.0648054999765
143;[10.34746389961813, 3238.2009933373365, 107.89758730602765];True;False;[1.0, 4.520878470622874, 1.729938486939901, 0.0, 2.0, 37.19019886724677, 0.1479481264456539, 0.46065237208527166, 8889.558675014348, 6990.629495937126, 10013.95179735422, 1.0, 3.4118604540786315, 0.0, 0.025, 0.01197835799606, 0.2973994781211595, 0.4351929575143853, 0.012483441879737229, 0.4610379063883322, 0.3747390050359627, 0.04498171826838894, 0.3333333333333333, 0.3333333333333333, 0.02247826360647969, 0.42575067510981335, 0.36189894973850784, 0.024010648363164713, 0.3333333333333333, 0.3333333333333333, 0.05111919218239128, 0.2869281604164287, 0.44245778601109453, 0.0, 0.0, 0.0, 0.030000000000000002, 0.255, 0.0, 0.0, 1.0];[0.5722113885117786, -0.2396486089986931, 43.71590230445654, -0.04784158198048749, -0.7520518735543461, -11.357620456714876, -13.623188769504376, -10.713150450239565, -0.2674075643644551, -0.1642230885757051, -0.33333333333333337, -0.21235037515167887, -0.33333333333333337, -0.2706140535724768, -0.1888938056611959];54.01143019995652;20.0648054999765
144;[nan, nan, nan];False;False;[1.0, 7.8729475171814345, 1.560088599430662, 1.0, 0.0, 40.77262241658788, 0.5, 0.5, 4094.456581493809, 10500.0, 10500.0, 0.0, 3.0, 0.0, 0.025, 0.0024892862419924437, 0.0, 0.0, 0.05, 0.5, 0.5, 0.05, 0.5, 0.5, 0.07681775179401484, 0.0, 0.0, 0.05, 0.5, 0.5, 0.05, 0.5, 0.5, 1.0, 1.0, 0.0, 0.02438231048065359, 0.2899569666041883, 208.0, 0.0, 0.0];[nan, nan, nan, nan, nan, nan, nan, nan, nan, nan, nan, nan, nan, nan, nan];5.416256500058807;20.0648054999765
145;[nan, nan, nan];False;False;[1.0, 6.440429511830331, 1.6370156405334986, 1.0, 2.0, 33.61220010944437, 0.5880368114738854, 0.675789626005119, 6356.192772306815, 10023.01104886211, 11016.331769089495, 1.0, 2.577456155564039, 0.0, 0.025, 0.09662148389926756, 0.4300462423209981, 0.22106081279506726, 0.022565452778908427, 0.3333333333333333, 0.3333333333333333, 0.03182831124756853, 0.3333333333333333, 0.3333333333333333, 0.08108646358998357, 0.10308496050816247, 0.7206480166857305, 0.017073067535112695, 0.4799020421340277, 0.4792039656702266, 0.06626414025017081, 0.3333333333333333, 0.3333333333333333, 1.0, 1.0, 1.0, 0.02676662460792982, 0.45762748039101475, 174.0, 0.0, 1.0];[nan, nan, nan, nan, nan, nan, nan, nan, nan, nan, nan, nan, nan, nan, nan];37.807411000016145;20.0648054999765
146;[nan, nan, nan];False;False;[1.0, 9.615786288657432, 1.7719715639800673, 0.0, 1.0, 31.16914542152937, 0.45581813340264477, 0.5, 7622.825220977812, 10077.193686527262, 10500.0, 1.0, 4.344600696982827, 0.0, 0.025, 0.060224385023037445, 0.6295158420928124, 0.0, 0.06720243311432117, 0.3384700119796034, 0.0, 0.05, 0.5, 0.5, 0.05427190577799382, 0.062762507934035, 0.0, 0.031181488889358417, 0.46825414828076817, 0.0, 0.05, 0.5, 0.5, 0.0, 1.0, 0.0, 0.018241262555254864, 0.21320259475366113, 16.0, 0.0, 1.0];[nan, nan, nan, nan, nan, nan, nan, nan, nan, nan, nan, nan, nan, nan, nan];103.04042390000541;14.85554499994032
147;[nan, nan, nan];False;False;[1.0, 11.310801540383284, 1.6500043672971296, 0.0, 1.0, 57.541701981954596, 0.2520206154453861, 0.5, 16004.779676577442, 3589.261208933457, 10500.0, 0.0, 3.0, 0.0, 0.025, 0.03025283896632764, 0.1209777331779153, 0.0, 0.05952222182218991, 0.18419090383112136, 0.0, 0.05, 0.5, 0.5, 0.056477982398018184, 0.2875203205467726, 0.0, 0.0004276807705545811, 0.38600786263728337, 0.0, 0.05, 0.5, 0.5, 0.0, 0.0, 0.0, 0.030000000000000002, 0.255, 0.0, 1.0, 1.0];[nan, nan, nan, nan, nan, nan, nan, nan, nan, nan, nan, nan, nan, nan, nan];84.94360379991122;14.85554499994032
148;[nan, nan, nan];False;False;[1.0, 5.282629230873507, 1.7090955733571316, 0.0, 0.0, 35.529458799868046, 0.5, 0.5, 15526.0761793025, 10500.0, 10500.0, 1.0, 3.0313303995259577, 0.0, 0.025, 0.01271266035849094, 0.0, 0.0, 0.05, 0.5, 0.5, 0.05, 0.5, 0.5, 0.03215305650093081, 0.0, 0.0, 0.05, 0.5, 0.5, 0.05, 0.5, 0.5, 0.0, 1.0, 0.0, 0.02097641391962369, 0.3252108587101255, 63.0, 0.0, 0.0];[nan, nan, nan, nan, nan, nan, nan, nan, nan, nan, nan, nan, nan, nan, nan];74.52136230003089;14.85554499994032
149;[nan, nan, nan];False;False;[1.0, 10.844726039619376, 1.7632458791878776, 1.0, 2.0, 29.19886707493506, 0.6458172649612591, 0.36769928498940363, 16230.454685316676, 4156.87744175231, 7892.634188571561, 0.0, 3.0, 1.0, 0.03415384779319452, 0.01484099040455696, 0.24968214024502838, 0.5356582030060585, 0.09520938716573661, 0.190029760169918, 0.25439304638639276, 0.0225935654040914, 0.5022772510367022, 0.260150208830147, 0.004700491654192989, 0.11750402624870492, 0.7472518898343992, 0.00495947883378833, 0.5856628979957579, 0.27591252182112036, 0.020254408781184834, 0.4136731475102734, 0.4828316609313541, 0.0, 1.0, 1.0, 0.020725619377185953, 0.17391234073517198, 65.0, 0.0, 0.0];[nan, nan, nan, nan, nan, nan, nan, nan, nan, nan, nan, nan, nan, nan, nan];89.97660399996676;14.85554499994032
150;[9.428930300109537, 3003.2741383797747, 129.122592846363];True;False;[1.0, 6.609779580750286, 1.7290797449637358, 0.0, 1.0, 33.55755964735704, 0.5303566505584055, 0.5, 10056.417186327364, 5320.798456644766, 10500.0, 1.0, 3.209941599089618, 0.0, 0.025, 0.011751525577531674, 0.3149460078627115, 0.0, 0.02889198577080608, 0.26574797522007, 0.0, 0.05, 0.5, 0.5, 0.037591046017268655, 0.10857273184534916, 0.0, 0.04375822800166461, 0.2694774741722172, 0.0, 0.05, 0.5, 0.5, 0.0, 0.0, 0.0, 0.030000000000000002, 0.255, 0.0, 1.0, 1.0];[0.15981233740162804, -0.09166571211438868, 32.936540763698616, -0.5881574100000162, -0.3696433494415945, -10.854396593565095, -10.318472326299258, -14.0, -0.6850539921372885, -0.73425202477993, 0.0, -0.8914272681546509, -0.7305225258277828, 0.0, -0.2109488408080647];53.28801460005343;14.85554499994032
151;[nan, nan, nan];False;False;[0.0, 7.25, 1.4500000000000002, 0.0, 2.0, 40.66930711216392, 0.47890527443303865, 0.5065000025374127, 7519.007269867527, 15388.045388433464, 17766.911693236547, 0.0, 3.0, 0.0, 0.025, 0.0717274722692549, 0.43476767237596314, 0.19160353618535067, 0.08922083631410126, 0.8911860264028455, 0.07731817295212828, 0.012026406991668463, 0.3333333333333333, 0.3333333333333333, 0.005321908186601231, 0.3333333333333333, 0.3333333333333333, 0.07461453747427674, 0.3333333333333333, 0.3333333333333333, 0.0625843505933086, 0.12184915269591708, 0.10707326563981122, 0.0, 0.0, 0.0, 0.030000000000000002, 0.255, 0.0, 0.0, 0.0];[nan, nan, nan, nan, nan, nan, nan, nan, nan, nan, nan, nan, nan, nan, nan];100.54525719990488;8.528197600040585
152;[9.606057887279787, 3429.158424033022, 112.10112050527243];True;False;[1.0, 5.274181456095439, 1.3156661876804956, 1.0, 1.0, 41.82925491905289, 0.2090612622974164, 0.5, 6703.667322960028, 3056.138361403799, 10500.0, 1.0, 4.435052770381352, 0.0, 0.025, 0.04503799961313931, 0.48645736050224986, 0.0, 0.05417125653661693, 0.8369018985460546, 0.0, 0.05, 0.5, 0.5, 0.07811515803868563, 0.8556787141543475, 0.0, 0.01618245707082479, 0.7829799808626284, 0.0, 0.05, 0.5, 0.5, 0.0, 0.0, 0.0, 0.030000000000000002, 0.255, 0.0, 1.0, 1.0];[0.6912175369321218, -0.11336981547884006, 53.237277334399764, -0.3990223973511239, -0.6909387377025836, -5.4384348201024935, -12.472683040086398, -14.0, -0.5135426394977501, -0.16309810145394543, 0.0, -0.1443212858456525, -0.21702001913737157, 0.0, -0.20492749189070597];19.39438319997862;8.528197600040585
153;[nan, nan, nan];False;False;[0.0, 7.25, 1.4500000000000002, 0.0, 1.0, 44.32070242955973, 0.18373006767851655, 0.5, 14366.215335652303, 10861.571887321645, 10500.0, 0.0, 3.0, 0.0, 0.025, 0.012155470187905087, 0.04206806106573222, 0.0, 0.017535660413453037, 0.09503830791458041, 0.0, 0.05, 0.5, 0.5, 0.07515075352292655, 0.7420600465026167, 0.0, 0.05381405958803655, 0.8002979572402551, 0.0, 0.05, 0.5, 0.5, 0.0, 0.0, 0.0, 0.030000000000000002, 0.255, 0.0, 0.0, 1.0];[nan, nan, nan, nan, nan, nan, nan, nan, nan, nan, nan, nan, nan, nan, nan];59.92989950010087;8.528197600040585
154;[nan, nan, nan];False;False;[0.0, 7.25, 1.4500000000000002, 0.0, 2.0, 22.47256665457249, 0.6052810219216618, 0.7200044295604329, 15602.44415835322, 13044.000005152355, 2832.170026639139, 0.0, 3.0, 0.0, 0.025, 0.08503591600245579, 0.398558685434193, 0.3570636151815702, 0.02463853980849702, 0.3333333333333333, 0.3333333333333333, 0.04962346728032836, 0.3333333333333333, 0.3333333333333333, 0.026931779985624894, 0.6250361856132032, 0.2711187669830903, 0.023353279972122852, 0.3014321869134344, 0.10139369660941784, 0.005840583839289815, 0.7798205499920484, 0.07087384982392964, 0.0, 0.0, 0.0, 0.030000000000000002, 0.255, 0.0, 0.0, 0.0];[nan, nan, nan, nan, nan, nan, nan, nan, nan, nan, nan, nan, nan, nan, nan];106.25829209992662;8.528197600040585
155;[nan, nan, nan];False;False;[1.0, 4.640516066495449, 1.5525300784549532, 0.0, 2.0, 32.643950616255964, 0.7969062839599474, 0.6220551038348013, 14393.371704331556, 15094.366659580708, 14074.747322024752, 0.0, 3.0, 0.0, 0.025, 0.0003750970799445692, 0.3333333333333333, 0.3333333333333333, 0.012032863896635604, 0.4229261650598044, 0.036405496988035926, 0.08023981910610843, 0.04450386915577512, 0.7895988006075626, 0.008753476764724875, 0.7600465691393237, 0.225308220213962, 0.0708088200780022, 0.3333333333333333, 0.3333333333333333, 0.04033963207157261, 0.22197330976418084, 0.6784390848796122, 0.0, 0.0, 0.0, 0.030000000000000002, 0.255, 0.0, 0.0, 1.0];[nan, nan, nan, nan, nan, nan, nan, nan, nan, nan, nan, nan, nan, nan, nan];127.16092500009108;8.528197600040585
156;[nan, nan, nan];False;False;[1.0, 7.951577237416303, 1.5426608739805214, 1.0, 1.0, 52.039281643732075, 0.5316507267778783, 0.5, 2522.6015706300204, 12196.712067301689, 10500.0, 0.0, 3.0, 0.0, 0.025, 0.058660723244570695, 0.6296703485828892, 0.0, 0.05691310261124741, 0.45353615774136424, 0.0, 0.05, 0.5, 0.5, 0.04239354990897562, 0.6123845845716235, 0.0, 0.08014982003002707, 0.7756905736604294, 0.0, 0.05, 0.5, 0.5, 1.0, 0.0, 0.0, 0.030000000000000002, 0.255, 0.0, 1.0, 1.0];[nan, nan, nan, nan, nan, nan, nan, nan, nan, nan, nan, nan, nan, nan, nan];61.3571395999752;23.889256999944337
157;[12.096761677872351, 3237.251441712514, 107.33376493011139];True;False;[1.0, 2.7993628813838423, 1.5717562858182386, 0.0, 1.0, 45.23056368169174, 0.3226489322768087, 0.5, 6625.740147892816, 10088.461225342962, 10500.0, 1.0, 3.009000386692619, 0.0, 0.025, 0.0633105688127553, 0.7049520051880063, 0.0, 0.08633783703508971, 0.2890576858907224, 0.0, 0.05, 0.5, 0.5, 0.024084108371322188, 0.7109640318944793, 0.0, 0.04692718522686147, 0.3915774153613105, 0.0, 0.05, 0.5, 0.5, 0.0, 0.0, 0.0, 0.030000000000000002, 0.255, 0.0, 1.0, 1.0];[0.249475729286468, -0.3695563920862779, 65.8761935660199, 1.1102230246251565e-15, -0.5773510677231913, -7.227420176965703, -11.297614781404413, -14.0, -0.29504799481199373, -0.7109423141092777, 0.0, -0.2890359681055207, -0.6084225846386895, 0.0, -0.17206499586566426];28.627449300023727;23.889256999944337
158;[nan, nan, nan];False;False;[1.0, 11.640081593146169, 1.5882274581436422, 1.0, 1.0, 44.02494793129242, 0.6744045555658438, 0.5, 17086.106464001106, 11559.596887450842, 10500.0, 1.0, 3.5932142809856553, 1.0, 0.0042876815777796755, 0.058581683997116385, 0.5498112397254685, 0.0, 0.05262745500161482, 0.5337255571276366, 0.0, 0.05, 0.5, 0.5, 0.03294318982776014, 0.3557487875615498, 0.0, 0.023844307086177872, 0.5691285042832717, 0.0, 0.05, 0.5, 0.5, 0.0, 0.0, 0.0, 0.030000000000000002, 0.255, 0.0, 1.0, 1.0];[nan, nan, nan, nan, nan, nan, nan, nan, nan, nan, nan, nan, nan, nan, nan];67.2876430999022;23.889256999944337
159;[nan, nan, nan];False;False;[1.0, 9.341486031525953, 1.641239157997363, 1.0, 0.0, 52.338087161338485, 0.5, 0.5, 10605.520624505256, 10500.0, 10500.0, 1.0, 2.8620176508010013, 0.0, 0.025, 0.003085086108800219, 0.0, 0.0, 0.05, 0.5, 0.5, 0.05, 0.5, 0.5, 0.022843280107158675, 0.0, 0.0, 0.05, 0.5, 0.5, 0.05, 0.5, 0.5, 1.0, 0.0, 0.0, 0.030000000000000002, 0.255, 0.0, 0.0, 0.0];[nan, nan, nan, nan, nan, nan, nan, nan, nan, nan, nan, nan, nan, nan, nan];6.445523599977605;23.889256999944337
160;[8.638260506860563, 3083.6038048550163, 108.50123655367156];True;False;[1.0, 7.603654937485152, 1.4668171688133338, 0.0, 1.0, 26.22185438519138, 0.1376863603471418, 0.5, 8340.41628247086, 6924.601718485754, 10500.0, 1.0, 3.8627008117859405, 0.0, 0.025, 0.08306259003554832, 0.2003475066498491, 0.0, 0.05165793508106317, 0.38635602963314175, 0.0, 0.05, 0.5, 0.5, 0.06253584094919619, 0.09426318920615642, 0.0, 0.0362125291369199, 0.7674459101921387, 0.0, 0.05, 0.5, 0.5, 0.0, 0.0, 0.0, 0.030000000000000002, 0.255, 0.0, 1.0, 1.0];[0.2403405574669213, 0.010251143367468352, 15.674851455948868, -0.20866267042741948, -0.7623136396528583, -4.418898601089955, -13.310506440943612, -14.0, -0.7996524933501509, -0.6136439703668582, 0.0, -0.9057368107938436, -0.2325540898078613, 0.0, -0.2223534398108516];15.807998599950224;23.889256999944337
161;[nan, nan, nan];False;False;[1.0, 9.789128727340543, 1.6679912150382696, 1.0, 0.0, 44.81151140477985, 0.5, 0.5, 17269.58314464192, 10500.0, 10500.0, 1.0, 4.619991894974521, 0.0, 0.025, 0.043675800754671396, 0.0, 0.0, 0.05, 0.5, 0.5, 0.05, 0.5, 0.5, 0.007068391490471397, 0.0, 0.0, 0.05, 0.5, 0.5, 0.05, 0.5, 0.5, 0.0, 0.0, 0.0, 0.030000000000000002, 0.255, 0.0, 0.0, 0.0];[nan, nan, nan, nan, nan, nan, nan, nan, nan, nan, nan, nan, nan, nan, nan];55.17600420000963;20.443127100006677
162;[nan, nan, nan];False;False;[1.0, 10.813491872002071, 1.6016969557174652, 1.0, 0.0, 39.24793983268884, 0.5, 0.5, 8670.052628422749, 10500.0, 10500.0, 0.0, 3.0, 0.0, 0.025, 0.048469141970958134, 0.0, 0.0, 0.05, 0.5, 0.5, 0.05, 0.5, 0.5, 0.04843331598433967, 0.0, 0.0, 0.05, 0.5, 0.5, 0.05, 0.5, 0.5, 0.0, 1.0, 0.0, 0.030932527050907058, 0.23183344326731262, 88.0, 0.0, 0.0];[nan, nan, nan, nan, nan, nan, nan, nan, nan, nan, nan, nan, nan, nan, nan];72.76160520000849;20.443127100006677
163;[nan, nan, nan];False;False;[1.0, 2.64233341732222, 1.716844692285433, 0.0, 0.0, 43.41276171237262, 0.5, 0.5, 2554.448022322017, 10500.0, 10500.0, 1.0, 5.0, 0.0, 0.025, 0.06953312162832063, 0.0, 0.0, 0.05, 0.5, 0.5, 0.05, 0.5, 0.5, 0.06010202315513276, 0.0, 0.0, 0.05, 0.5, 0.5, 0.05, 0.5, 0.5, 1.0, 0.0, 0.0, 0.030000000000000002, 0.255, 0.0, 0.0, 0.0];[nan, nan, nan, nan, nan, nan, nan, nan, nan, nan, nan, nan, nan, nan, nan];44.69651010003872;20.443127100006677
164;[12.690312051955296, 4293.557344634561, 125.14804384058874];True;False;[1.0, 2.779432538916243, 1.6355697354731176, 1.0, 2.0, 37.96833515698604, 0.4343461298256056, 0.5943492302956499, 18233.05653283214, 17151.962693974136, 9557.169668859866, 1.0, 4.564399276058394, 0.0, 0.025, 0.021763079804201564, 0.44324988527676457, 0.3112175147716943, 0.08662363785214416, 0.0344250383225613, 0.8464225495291197, 0.061409071898681694, 0.3333333333333333, 0.3333333333333333, 0.047916410728152434, 0.3333333333333333, 0.3333333333333333, 0.05106554647616415, 0.47197238619376375, 0.06887919921223365, 0.07165475046398236, 0.4948983951281543, 0.20331476746991817, 0.0, 0.0, 0.0, 0.030000000000000002, 0.255, 0.0, 2.0, 0.0];[1.5380424264296897, -0.18368866500720804, 44.3954520231642, -0.7946029529364187, -0.4656538701743944, -12.57881593105979, -12.578815931059792, -12.578815931059792, -0.2455325999515412, -0.11915241214831906, -0.33333333333333337, -0.33333333333333337, -0.4591484145940026, -0.30178683740192747, -0.18988378435040598];91.93494599999394;20.443127100006677
165;[nan, nan, nan];False;False;[1.0, 2.58329933630978, 1.2815221885481365, 0.0, 0.0, 10.941439961133977, 0.5, 0.5, 10748.991343539632, 10500.0, 10500.0, 1.0, 1.2509064337092826, 0.0, 0.025, 0.03192559648426177, 0.0, 0.0, 0.05, 0.5, 0.5, 0.05, 0.5, 0.5, 0.01792340223552649, 0.0, 0.0, 0.05, 0.5, 0.5, 0.05, 0.5, 0.5, 1.0, 0.0, 0.0, 0.030000000000000002, 0.255, 0.0, 0.0, 0.0];[nan, nan, nan, nan, nan, nan, nan, nan, nan, nan, nan, nan, nan, nan, nan];81.59649409994017;20.443127100006677
166;[nan, nan, nan];False;False;[1.0, 10.802044306227407, 1.7567609405749636, 0.0, 1.0, 34.404915934640016, 0.6432143791835585, 0.5, 10773.377084571952, 10616.029400697356, 10500.0, 0.0, 3.0, 0.0, 0.025, 0.08765061916360067, 0.7393747934128363, 0.0, 0.04736929810578743, 0.3203190341611389, 0.0, 0.05, 0.5, 0.5, 0.0595589894022029, 0.6948362821773384, 0.0, 0.055313713139345494, 0.6704200201903429, 0.0, 0.05, 0.5, 0.5, 0.0, 0.0, 0.0, 0.030000000000000002, 0.255, 0.0, 1.0, 0.0];[nan, nan, nan, nan, nan, nan, nan, nan, nan, nan, nan, nan, nan, nan, nan];94.07864379999228;4.849633499979973
167;[nan, nan, nan];False;False;[1.0, 10.463701119447334, 1.6038680267535868, 0.0, 1.0, 41.047282044410196, 0.36449836786806566, 0.5, 16716.610902979, 15538.632776544588, 10500.0, 1.0, 3.5698294801823645, 1.0, 0.01095178851615465, 0.08967522734101357, 0.3472740624689509, 0.0, 0.012663214214829044, 0.9037510757054834, 0.0, 0.05, 0.5, 0.5, 0.08877888285055925, 0.5287237056573091, 0.0, 0.06500186652505127, 0.5551571899611313, 0.0, 0.05, 0.5, 0.5, 0.0, 1.0, 0.0, 0.020135085609056275, 0.2193282670841255, 20.0, 0.0, 1.0];[nan, nan, nan, nan, nan, nan, nan, nan, nan, nan, nan, nan, nan, nan, nan];144.55099249992054;4.849633499979973
168;[nan, nan, nan];False;False;[1.0, 12.18358191586723, 1.6389494055680511, 0.0, 0.0, 46.241205462707896, 0.5, 0.5, 11223.971663238337, 10500.0, 10500.0, 1.0, 3.5380740049649773, 0.0, 0.025, 0.07626661516732658, 0.0, 0.0, 0.05, 0.5, 0.5, 0.05, 0.5, 0.5, 0.08831979598270719, 0.0, 0.0, 0.05, 0.5, 0.5, 0.05, 0.5, 0.5, 0.0, 0.0, 0.0, 0.030000000000000002, 0.255, 0.0, 0.0, 0.0];[nan, nan, nan, nan, nan, nan, nan, nan, nan, nan, nan, nan, nan, nan, nan];57.11801600002218;4.849633499979973
169;[33.268037506787984, 1080.1787292884223, 122.6025490238107];True;False;[0.0, 7.25, 1.4500000000000002, 0.0, 2.0, 32.982292475735605, 0.5023072570087117, 0.3983257497701632, 15989.345236448036, 4142.768433707392, 11594.114525865101, 0.0, 3.0, 1.0, 0.043174820535465744, 0.09391598110648673, 0.3333333333333333, 0.3333333333333333, 0.010542805631857532, 0.5465765703563976, 0.0, 0.019745962172040308, 0.3333333333333333, 0.3333333333333333, 0.05540085701623968, 0.3333333333333333, 0.3333333333333333, 0.008109398357874407, 0.11471951657716192, 0.5762274640678423, 0.08869005104452488, 0.3333333333333333, 0.3333333333333333, 0.0, 0.0, 0.0, 0.030000000000000002, 0.255, 0.0, 0.0, 2.0];[0.8472353330861102, -1.6053174388568652, 599.1150099597365, 1.1448484422188856, -0.3976927429912883, -13.823697282705728, -9.053705640251135, -10.284634800408666, -0.33333333333333337, -0.4534234296436024, -0.33333333333333337, -0.33333333333333337, -0.30905301935499574, -0.33333333333333337, 0.14244000940037727];34.68251750001218;4.849633499979973
170;[24.383908888220148, 1532.6266088209063, 117.37168137401142];True;False;[0.0, 7.25, 1.4500000000000002, 0.0, 2.0, 16.64338360193042, 0.6556595504428484, 0.5234289330285139, 12718.572476541945, 17996.981337850568, 1008.204557406653, 0.0, 3.0, 0.0, 0.025, 0.020063116213785846, 0.03670927955608988, 0.8988045818405369, 0.020993207021828483, 0.22235066911488716, 0.3162663643669671, 0.09724760594660098, 0.3333333333333333, 0.3333333333333333, 0.07270244053206912, 0.3333333333333333, 0.3333333333333333, 0.00804096582454698, 0.4698200151262389, 0.5146556879326915, 0.010959521600155576, 0.3333333333333333, 0.3333333333333333, 0.0, 0.0, 0.0, 0.030000000000000002, 0.255, 0.0, 2.0, 2.0];[1.6448819450958725, -1.3478136676718184, 1.132397995893701, 0.6489791147409729, -0.24434044955715162, -12.446825248482845, -12.446825248482845, -12.446825248482845, -0.06448613860337327, -0.4613829665181457, -0.33333333333333337, -0.33333333333333337, -0.015524296941069604, -0.33333333333333337, 0.008224560381062673];54.37368239997886;4.849633499979973
171;[nan, nan, nan];False;False;[1.0, 9.892143456999387, 1.5142891291681053, 0.0, 1.0, 42.449025655330146, 0.2275741681637906, 0.5, 2371.7673975760686, 3279.6723631951027, 10500.0, 1.0, 4.3180067131261595, 0.0, 0.025, 0.06045294807724173, 0.7210700009196805, 0.0, 0.08957309603472896, 0.20515961328073135, 0.0, 0.05, 0.5, 0.5, 0.08450778151037314, 0.42491470024711964, 0.0, 0.02476076265860526, 0.9094293986677113, 0.0, 0.05, 0.5, 0.5, 0.0, 1.0, 1.0, 0.03225652413081973, 0.29078143887531643, 120.0, 0.0, 1.0];[nan, nan, nan, nan, nan, nan, nan, nan, nan, nan, nan, nan, nan, nan, nan];78.81055809999816;9.675978800049052
172;[nan, nan, nan];False;False;[1.0, 2.989406689609582, 1.721070682581475, 0.0, 2.0, 39.45849533706141, 0.7433952865383835, 0.24724743241933814, 3896.0688770890156, 15509.12352069399, 15863.616601069822, 0.0, 3.0, 0.0, 0.025, 0.01550059923704998, 0.497837486972191, 0.17030657161188556, 0.011853908546030523, 0.3333333333333333, 0.3333333333333333, 0.03405930394728955, 0.3333333333333333, 0.3333333333333333, 0.05877474928740959, 0.1384106368689467, 0.5575313331958627, 0.05003761239576522, 0.1139667231956714, 0.5414054039036981, 0.07431087830968373, 0.3333333333333333, 0.3333333333333333, 0.0, 0.0, 0.0, 0.030000000000000002, 0.255, 0.0, 2.0, 1.0];[nan, nan, nan, nan, nan, nan, nan, nan, nan, nan, nan, nan, nan, nan, nan];96.24653650005348;9.675978800049052
173;[13.658018505302586, 2694.1775302678748, 108.22482567965628];True;False;[1.0, 2.0762757272627064, 1.7567983533787652, 0.0, 2.0, 29.69533870246336, 0.6169502715603551, 0.4816859947123775, 5860.531486443654, 1416.1666968390891, 9530.419592042428, 0.0, 3.0, 0.0, 0.025, 0.063779244434768, 0.14213121201182102, 0.505528100263088, 0.0766224948150675, 0.22443905994505003, 0.26526434490772594, 0.00585726032244795, 0.3333333333333333, 0.3333333333333333, 0.08625029359229258, 0.7153867828848017, 0.21836429646446562, 0.01165145686248733, 0.019780590588064022, 0.23954660731753535, 0.07024937683306705, 0.3333333333333333, 0.3333333333333333, 0.0, 0.0, 0.0, 0.030000000000000002, 0.255, 0.0, 1.0, 2.0];[0.7337427978249984, -0.45707412547531545, 25.448718756375143, 2.220446049250313e-16, -0.28304972843964493, -12.433613143075686, -12.433613143075688, -12.433613143075688, -0.352340687725091, -0.510296595147224, -0.33333333333333337, -0.06624892065073262, -0.7406728020944007, -0.33333333333333337, -0.1535792662593511];35.8011321000522;9.675978800049052
174;[12.467307036517076, 3322.048626002331, 108.05570434992157];True;False;[1.0, 4.749593054382698, 1.5530813185616617, 0.0, 0.0, 32.35443005988262, 0.5, 0.5, 13098.547419532384, 10500.0, 10500.0, 1.0, 2.6715199455427463, 0.0, 0.025, 0.09130736469107004, 0.0, 0.0, 0.05, 0.5, 0.5, 0.05, 0.5, 0.5, 0.04387283078144272, 0.0, 0.0, 0.05, 0.5, 0.5, 0.05, 0.5, 0.5, 0.0, 1.0, 0.0, 0.032931294037061756, 0.4454666939301687, 91.0, 0.0, 0.0];[-0.13948719650523778, -0.1521112036933161, 21.57525259411829, 0.0, -0.4, 5.832412104374981, -14.0, -14.0, -1.0, 0.0, 0.0, -1.0, 0.0, 0.0, 0.014739620865247272];7.9169868000317365;9.675978800049052
175;[nan, nan, nan];False;False;[1.0, 12.49999991624854, 1.520135556081494, 0.0, 0.0, 41.61413770738288, 0.5, 0.5, 3777.291207197234, 10500.0, 10500.0, 1.0, 4.378175135306996, 0.0, 0.025, 0.001949145828150482, 0.0, 0.0, 0.05, 0.5, 0.5, 0.05, 0.5, 0.5, 0.06630202556718616, 0.0, 0.0, 0.05, 0.5, 0.5, 0.05, 0.5, 0.5, 1.0, 1.0, 0.0, 0.041183832221585046, 0.44184825323659793, 95.0, 0.0, 0.0];[nan, nan, nan, nan, nan, nan, nan, nan, nan, nan, nan, nan, nan, nan, nan];48.61757509992458;9.675978800049052
176;[23.108080199780897, 1347.8935820423953, 117.56682935930596];True;False;[0.0, 7.25, 1.4500000000000002, 0.0, 0.0, 31.038647961865035, 0.5, 0.5, 7236.385452252722, 10500.0, 10500.0, 0.0, 3.0, 0.0, 0.025, 0.09560301325986466, 0.0, 0.0, 0.05, 0.5, 0.5, 0.05, 0.5, 0.5, 0.034250262855994855, 0.0, 0.0, 0.05, 0.5, 0.5, 0.05, 0.5, 0.5, 0.0, 0.0, 0.0, 0.030000000000000002, 0.255, 0.0, 0.0, 0.0];[0.4673954772868987, -1.4404002503465916, 22.277536100242344, 0.7696124888811235, -0.4, 16.038647961865035, -14.0, -14.0, -1.0, 0.0, 0.0, -1.0, 0.0, 0.0, 0.019583181275789507];4.2834420000435784;26.93676139996387
177;[nan, nan, nan];False;False;[1.0, 7.485497138799652, 1.6916568564376653, 0.0, 2.0, 39.26963866682598, 0.7850037506242797, 0.1380601182989729, 1077.8342276609912, 14816.944274141784, 6175.5289635441, 1.0, 4.921696265718685, 0.0, 0.025, 0.00860062991525507, 0.05223356527761347, 0.05808560130434665, 0.017189038960709727, 0.40361910173120097, 0.39032256097601925, 0.027533140889021326, 0.3333333333333333, 0.3333333333333333, 0.09033159657611667, 0.41430352657435854, 0.2551909375343282, 0.024126829505918, 0.3333333333333333, 0.3333333333333333, 0.001372647523104237, 0.3333333333333333, 0.3333333333333333, 0.0, 0.0, 0.0, 0.030000000000000002, 0.255, 0.0, 0.0, 2.0];[nan, nan, nan, nan, nan, nan, nan, nan, nan, nan, nan, nan, nan, nan, nan];83.38716689997818;26.93676139996387
178;[nan, nan, nan];False;False;[1.0, 8.646440427768532, 1.689919605821511, 0.0, 1.0, 43.89257923144203, 0.8577756698367021, 0.5, 14187.611145762314, 5895.901382761096, 10500.0, 1.0, 2.5037058030042205, 0.0, 0.025, 0.07294283760874336, 0.7564318245485686, 0.0, 0.0035545007848180907, 0.5352739023929411, 0.0, 0.05, 0.5, 0.5, 0.08222870182205816, 0.7275078173332039, 0.0, 0.0771073641740746, 0.2021425442557383, 0.0, 0.05, 0.5, 0.5, 0.0, 0.0, 0.0, 0.030000000000000002, 0.255, 0.0, 1.0, 1.0];[nan, nan, nan, nan, nan, nan, nan, nan, nan, nan, nan, nan, nan, nan, nan];69.41379160003271;26.93676139996387
179;[21.86005374551985, 1591.1768478155686, 116.62175287559614];True;False;[0.0, 7.25, 1.4500000000000002, 0.0, 1.0, 29.821174904723396, 0.17330211327026745, 0.5, 7417.015800674568, 15721.319167392323, 10500.0, 0.0, 3.0, 0.0, 0.025, 0.09572893694445568, 0.8027989976224014, 0.0, 0.08133486121748724, 0.5081260580523781, 0.0, 0.05, 0.5, 0.5, 0.026339883747793863, 0.13968491268296807, 0.0, 0.038671866844453645, 0.0, 0.0, 0.05, 0.5, 0.5, 0.0, 0.0, 0.0, 0.030000000000000002, 0.255, 0.0, 1.0, 1.0];[1.1605830275550577, -1.3635198401580544, 23.53884889630403, 0.7009917453986902, -0.7266978867297326, -3.072927493730777, -12.499707083272236, -14.0, -0.19720100237759863, -0.4918739419476219, 0.0, -0.860315087317032, -1.0, 0.0, 0.0015512793289622628];17.453012199955992;26.93676139996387
180;[nan, nan, nan];False;False;[1.0, 4.757306119801129, 1.7663520754330349, 0.0, 0.0, 33.71249613450187, 0.5, 0.5, 10783.217975907406, 10500.0, 10500.0, 1.0, 4.902872062428867, 0.0, 0.025, 0.030179203117134124, 0.0, 0.0, 0.05, 0.5, 0.5, 0.05, 0.5, 0.5, 0.0845686120981024, 0.0, 0.0, 0.05, 0.5, 0.5, 0.05, 0.5, 0.5, 0.0, 0.0, 0.0, 0.030000000000000002, 0.255, 0.0, 0.0, 0.0];[nan, nan, nan, nan, nan, nan, nan, nan, nan, nan, nan, nan, nan, nan, nan];56.098003699909896;26.93676139996387
181;[nan, nan, nan];False;False;[1.0, 9.72529166403691, 1.5144495664574087, 1.0, 1.0, 34.776108289086736, 0.3179483535323884, 0.5, 1410.2372444452021, 9828.133917296193, 10500.0, 1.0, 2.894525859326201, 0.0, 0.025, 0.08840383610751751, 0.5796675630250073, 0.0, 0.01869812299162873, 0.3686940741437303, 0.0, 0.05, 0.5, 0.5, 0.016037962185441915, 0.0, 0.0, 0.05964131287623257, 0.5983949472919747, 0.0, 0.05, 0.5, 0.5, 0.0, 0.0, 0.0, 0.030000000000000002, 0.255, 0.0, 1.0, 1.0];[nan, nan, nan, nan, nan, nan, nan, nan, nan, nan, nan, nan, nan, nan, nan];75.31685970001854;28.252414699993096
182;[nan, nan, nan];False;False;[1.0, 9.78204693901531, 1.4539725537031356, 1.0, 1.0, 40.466323743318135, 0.7954878810189779, 0.5, 9975.199044633157, 5837.8508281028935, 10500.0, 0.0, 3.0, 0.0, 0.025, 0.07928807328878432, 0.9068909235870593, 0.0, 0.03510786252504335, 0.7211770969082468, 0.0, 0.05, 0.5, 0.5, 0.07638038671313511, 0.2940114971362725, 0.0, 0.054444291418831614, 0.7579875501204174, 0.0, 0.05, 0.5, 0.5, 0.0, 0.0, 0.0, 0.030000000000000002, 0.255, 0.0, 0.0, 1.0];[nan, nan, nan, nan, nan, nan, nan, nan, nan, nan, nan, nan, nan, nan, nan];55.14771900000051;28.252414699993096
183;[22.305984144442114, 1418.6818460440631, 117.57572777039192];True;False;[0.0, 7.25, 1.4500000000000002, 0.0, 0.0, 46.585232141963544, 0.5, 0.5, 1738.8676864192146, 10500.0, 10500.0, 0.0, 3.0, 0.0, 0.025, 0.03538520931425227, 0.0, 0.0, 0.05, 0.5, 0.5, 0.05, 0.5, 0.5, 0.004402222078591088, 0.0, 0.0, 0.05, 0.5, 0.5, 0.05, 0.5, 0.5, 0.0, 0.0, 0.0, 0.030000000000000002, 0.255, 0.0, 0.0, 0.0];[0.42101891396584357, -1.4523468406848805, 58.094118442806135, 0.8380325899208236, -0.4, 31.585232141963544, -14.0, -14.0, -1.0, 0.0, 0.0, -1.0, 0.0, 0.0, 0.024479826204060418];4.6775493999011815;28.252414699993096
184;[nan, nan, nan];False;False;[0.0, 7.25, 1.4500000000000002, 0.0, 0.0, 8.379037402047043, 0.5, 0.5, 2597.293837574456, 10500.0, 10500.0, 0.0, 3.0, 0.0, 0.025, 0.09953897867896933, 0.0, 0.0, 0.05, 0.5, 0.5, 0.05, 0.5, 0.5, 0.06094866955387837, 0.0, 0.0, 0.05, 0.5, 0.5, 0.05, 0.5, 0.5, 0.0, 0.0, 0.0, 0.030000000000000002, 0.255, 0.0, 0.0, 0.0];[nan, nan, nan, nan, nan, nan, nan, nan, nan, nan, nan, nan, nan, nan, nan];34.95817750005517;28.252414699993096
185;[nan, nan, nan];False;False;[1.0, 12.417332614923987, 1.6455934978326088, 1.0, 0.0, 40.22211504321632, 0.5, 0.5, 10235.8719691967, 10500.0, 10500.0, 0.0, 3.0, 0.0, 0.025, 0.09290468035245592, 0.0, 0.0, 0.05, 0.5, 0.5, 0.05, 0.5, 0.5, 0.009677214858845838, 0.0, 0.0, 0.05, 0.5, 0.5, 0.05, 0.5, 0.5, 0.0, 0.0, 0.0, 0.030000000000000002, 0.255, 0.0, 0.0, 0.0];[nan, nan, nan, nan, nan, nan, nan, nan, nan, nan, nan, nan, nan, nan, nan];61.9996175999986;28.252414699993096
186;[nan, nan, nan];False;False;[1.0, 8.096909521861953, 1.641314148920911, 0.0, 0.0, 34.3277399475366, 0.5, 0.5, 13954.897337504217, 10500.0, 10500.0, 1.0, 3.145980163988721, 0.0, 0.025, 0.07203148957097856, 0.0, 0.0, 0.05, 0.5, 0.5, 0.05, 0.5, 0.5, 0.04961867296892039, 0.0, 0.0, 0.05, 0.5, 0.5, 0.05, 0.5, 0.5, 0.0, 0.0, 0.0, 0.030000000000000002, 0.255, 0.0, 0.0, 0.0];[nan, nan, nan, nan, nan, nan, nan, nan, nan, nan, nan, nan, nan, nan, nan];34.49711740005296;16.24420169997029
187;[nan, nan, nan];False;False;[1.0, 9.9304893453366, 1.6579205892982425, 0.0, 0.0, 33.99881346170226, 0.5, 0.5, 14989.15454864974, 10500.0, 10500.0, 1.0, 3.308219040698957, 0.0, 0.025, 0.0850358738221998, 0.0, 0.0, 0.05, 0.5, 0.5, 0.05, 0.5, 0.5, 0.08914705838023737, 0.0, 0.0, 0.05, 0.5, 0.5, 0.05, 0.5, 0.5, 0.0, 0.0, 0.0, 0.030000000000000002, 0.255, 0.0, 0.0, 0.0];[nan, nan, nan, nan, nan, nan, nan, nan, nan, nan, nan, nan, nan, nan, nan];35.87840149994008;16.24420169997029
188;[22.152079429066276, 1445.8571154793872, 117.080045194245];True;False;[0.0, 7.25, 1.4500000000000002, 0.0, 0.0, 38.092663080960705, 0.5, 0.5, 15040.080656056436, 10500.0, 10500.0, 0.0, 3.0, 0.0, 0.025, 0.1, 0.0, 0.0, 0.05, 0.5, 0.5, 0.05, 0.5, 0.5, 0.04783742464300525, 0.0, 0.0, 0.05, 0.5, 0.5, 0.05, 0.5, 0.5, 0.0, 0.0, 0.0, 0.030000000000000002, 0.255, 0.0, 0.0, 0.0];[0.5423282056119172, -1.4210975995220374, 37.062361282058696, 0.7585840805262971, -0.4, 23.092663080960705, -14.0, -14.0, -1.0, 0.0, 0.0, -1.0, 0.0, 0.0, 0.011861790724207566];5.252116900053807;16.24420169997029
189;[12.984010370631111, 2738.6630281962016, 107.66419306074096];True;False;[1.0, 2.951079231810147, 1.6913140891829563, 0.0, 0.0, 37.81363376497466, 0.5, 0.5, 7704.341131552907, 10500.0, 10500.0, 1.0, 3.840760446695895, 0.0, 0.025, 0.08840382412924856, 0.0, 0.0, 0.05, 0.5, 0.5, 0.05, 0.5, 0.5, 0.054994956424333975, 0.0, 0.0, 0.05, 0.5, 0.5, 0.05, 0.5, 0.5, 0.0, 0.0, 0.0, 0.030000000000000002, 0.255, 0.0, 0.0, 0.0];[-0.3096893406013832, -0.4495966435681784, 37.79057537652936, 0.0, -0.4, 7.357546718742082, -14.0, -14.0, -1.0, 0.0, 0.0, -1.0, 0.0, 0.0, -0.16378041635468538];5.577641800045967;16.24420169997029
190;[nan, nan, nan];False;False;[1.0, 12.5, 1.700028525143135, 0.0, 0.0, 26.362845462201445, 0.5, 0.5, 6471.797540867138, 10500.0, 10500.0, 1.0, 1.9345849982137269, 0.0, 0.025, 0.0675701868217663, 0.0, 0.0, 0.05, 0.5, 0.5, 0.05, 0.5, 0.5, 0.08622262183119317, 0.0, 0.0, 0.05, 0.5, 0.5, 0.05, 0.5, 0.5, 0.0, 0.0, 0.0, 0.030000000000000002, 0.255, 0.0, 0.0, 0.0];[nan, nan, nan, nan, nan, nan, nan, nan, nan, nan, nan, nan, nan, nan, nan];41.42520699999295;16.24420169997029
191;[nan, nan, nan];False;False;[1.0, 9.757991487598265, 1.5603054258978106, 0.0, 0.0, 42.062572967249594, 0.5, 0.5, 8531.702146830412, 10500.0, 10500.0, 1.0, 3.7876947263888097, 0.0, 0.025, 0.075938671856359, 0.0, 0.0, 0.05, 0.5, 0.5, 0.05, 0.5, 0.5, 0.032421675514196266, 0.0, 0.0, 0.05, 0.5, 0.5, 0.05, 0.5, 0.5, 0.0, 0.0, 0.0, 0.030000000000000002, 0.255, 0.0, 0.0, 0.0];[nan, nan, nan, nan, nan, nan, nan, nan, nan, nan, nan, nan, nan, nan, nan];37.253597900038585;22.337085000006482
192;[nan, nan, nan];False;False;[1.0, 12.43484524313853, 1.557867629529527, 0.0, 0.0, 26.786479878343364, 0.5, 0.5, 4250.0878515694, 10500.0, 10500.0, 1.0, 4.671872316781065, 0.0, 0.025, 0.06021935906079639, 0.0, 0.0, 0.05, 0.5, 0.5, 0.05, 0.5, 0.5, 0.04696359207715982, 0.0, 0.0, 0.05, 0.5, 0.5, 0.05, 0.5, 0.5, 0.0, 0.0, 0.0, 0.030000000000000002, 0.255, 0.0, 0.0, 0.0];[nan, nan, nan, nan, nan, nan, nan, nan, nan, nan, nan, nan, nan, nan, nan];52.97600310004782;22.337085000006482
193;[13.798268328030293, 2795.0269653195323, 107.60866708062181];True;False;[1.0, 2.5831548890411122, 1.6288360866454914, 0.0, 0.0, 35.99403252173432, 0.5, 0.5, 13522.573888161685, 10500.0, 10500.0, 1.0, 3.543008640992125, 0.0, 0.025, 0.07579060066141437, 0.0, 0.0, 0.05, 0.5, 0.5, 0.05, 0.5, 0.5, 0.08656023078408967, 0.0, 0.0, 0.05, 0.5, 0.5, 0.05, 0.5, 0.5, 0.0, 0.0, 0.0, 0.030000000000000002, 0.255, 0.0, 0.0, 0.0];[-0.2742412189383572, -0.47899751601933627, 33.56359082976422, 0.0, -0.4, 7.098007784111829, -14.0, -14.0, -1.0, 0.0, 0.0, -1.0, 0.0, 0.0, -0.1585792590536575];5.005912500084378;22.337085000006482
194;[nan, nan, nan];False;False;[1.0, 10.039961936286595, 1.740204053850524, 0.0, 1.0, 43.36344577894467, 0.2715663487386398, 0.5, 17574.78088955323, 1537.3560461872864, 10500.0, 1.0, 3.6417305205172297, 0.0, 0.025, 0.073347952423602, 0.309281145429713, 0.0, 0.017083491773176956, 0.7484495097282884, 0.0, 0.05, 0.5, 0.5, 0.04738875697721607, 0.41521832231468264, 0.0, 0.03166079366380782, 0.658181640182269, 0.0, 0.05, 0.5, 0.5, 0.0, 1.0, 1.0, 0.025771888351557852, 0.2053301474901459, 22.0, 1.0, 1.0];[nan, nan, nan, nan, nan, nan, nan, nan, nan, nan, nan, nan, nan, nan, nan];128.43274200009182;22.337085000006482
195;[nan, nan, nan];False;False;[1.0, 12.22168818468885, 1.7424147562627745, 0.0, 2.0, 38.442447022835886, 0.8603663057666812, 0.5882196111335914, 18138.390744123088, 2974.4599353963304, 2952.785131136131, 1.0, 3.0637932265186603, 0.0, 0.025, 0.03620622891332888, 0.3333333333333333, 0.3333333333333333, 0.07221146853804189, 0.7859343869788965, 0.0, 0.07202815449219978, 0.15337798003015937, 0.3759548825090686, 0.0364376198637406, 0.22480298757411996, 0.4560659349955165, 0.08918874876118679, 0.32710784113947133, 0.32078108957433665, 0.07659160548102832, 0.3333333333333333, 0.3333333333333333, 0.0, 0.0, 0.0, 0.030000000000000002, 0.255, 0.0, 0.0, 2.0];[nan, nan, nan, nan, nan, nan, nan, nan, nan, nan, nan, nan, nan, nan, nan];66.40206280001439;22.337085000006482
196;[nan, nan, nan];False;False;[1.0, 10.358804784711907, 1.8, 0.0, 0.0, 41.314040509749844, 0.5, 0.5, 9361.386689128121, 10500.0, 10500.0, 1.0, 4.224146617553408, 0.0, 0.025, 0.040794685200910466, 0.0, 0.0, 0.05, 0.5, 0.5, 0.05, 0.5, 0.5, 0.038680780096010524, 0.0, 0.0, 0.05, 0.5, 0.5, 0.05, 0.5, 0.5, 0.0, 1.0, 0.0, 0.01148850954598615, 0.18917792464631344, 0.0, 0.0, 0.0];[nan, nan, nan, nan, nan, nan, nan, nan, nan, nan, nan, nan, nan, nan, nan];47.12307339999825;18.97016590007115
197;[nan, nan, nan];False;False;[1.0, 9.100340236020692, 1.5602797228246232, 0.0, 0.0, 40.39116648286875, 0.5, 0.5, 9326.66192878847, 10500.0, 10500.0, 1.0, 4.086880127682273, 0.0, 0.025, 0.047153770833007334, 0.0, 0.0, 0.05, 0.5, 0.5, 0.05, 0.5, 0.5, 0.04134159859074874, 0.0, 0.0, 0.05, 0.5, 0.5, 0.05, 0.5, 0.5, 0.0, 0.0, 0.0, 0.030000000000000002, 0.255, 0.0, 0.0, 0.0];[nan, nan, nan, nan, nan, nan, nan, nan, nan, nan, nan, nan, nan, nan, nan];35.791281300014816;18.97016590007115
198;[23.24271309053137, 1324.4847328245924, 117.94083816772653];True;False;[0.0, 7.25, 1.4500000000000002, 0.0, 0.0, 35.5727308668935, 0.5, 0.5, 9885.958786356006, 10500.0, 10500.0, 0.0, 3.0, 0.0, 0.025, 0.03592435178882268, 0.0, 0.0, 0.05, 0.5, 0.5, 0.05, 0.5, 0.5, 0.02096699698246396, 0.0, 0.0, 0.05, 0.5, 0.5, 0.05, 0.5, 0.5, 0.0, 0.0, 0.0, 0.030000000000000002, 0.255, 0.0, 0.0, 0.0];[0.3766175403137284, -1.4637846226914302, 31.50505408969405, 0.8285235860648943, -0.4, 20.5727308668935, -14.0, -14.0, -1.0, 0.0, 0.0, -1.0, 0.0, 0.0, 0.029255190387078245];5.205328400013968;18.97016590007115
199;[nan, nan, nan];False;False;[1.0, 11.842720026787998, 1.5570265335204696, 0.0, 0.0, 42.31904185273887, 0.5, 0.5, 4647.523753103762, 10500.0, 10500.0, 0.0, 3.0, 0.0, 0.025, 0.08623603563300275, 0.0, 0.0, 0.05, 0.5, 0.5, 0.05, 0.5, 0.5, 0.09934147386596959, 0.0, 0.0, 0.05, 0.5, 0.5, 0.05, 0.5, 0.5, 0.0, 0.0, 0.0, 0.030000000000000002, 0.255, 0.0, 0.0, 0.0];[nan, nan, nan, nan, nan, nan, nan, nan, nan, nan, nan, nan, nan, nan, nan];37.129017499974;18.97016590007115
200;[9.586307844304033, 3658.760843868661, 116.11415697737672];True;False;[1.0, 4.252063560645624, 1.7426095802867638, 0.0, 2.0, 46.83456134147111, 0.6358511825806212, 0.1779220518143104, 11956.022418176657, 6719.337866987876, 11006.573164179137, 0.0, 3.0, 0.0, 0.025, 0.02782790657577974, 0.3333333333333333, 0.3333333333333333, 0.027326829114325414, 0.14947325881266924, 0.29384716639725533, 0.0697374215813936, 0.4362476926999194, 0.09457428267426758, 0.06738707664346515, 0.3333333333333333, 0.3333333333333333, 0.08112388186768006, 0.3333333333333333, 0.3333333333333333, 0.02981414700388865, 0.3333333333333333, 0.3333333333333333, 0.0, 0.0, 0.0, 0.030000000000000002, 0.255, 0.0, 1.0, 1.0];[0.8238101280790362, -0.12347503549263283, 73.76899797263113, -0.3470208091190927, -0.2641488174193788, -12.980292710184214, -8.10392754487534, -13.070360810376634, -0.33333333333333337, -0.5566795747900755, -0.46917802462581304, -0.33333333333333337, -0.33333333333333337, -0.33333333333333337, -0.20278528095022996];39.63355590007268;18.97016590007115
201;[nan, nan, nan];False;False;[1.0, 8.531313253969762, 1.4808384511978954, 1.0, 0.0, 39.379238125152, 0.5, 0.5, 7817.531408223108, 10500.0, 10500.0, 0.0, 3.0, 0.0, 0.025, 0.05741686167352056, 0.0, 0.0, 0.05, 0.5, 0.5, 0.05, 0.5, 0.5, 0.05624396691164233, 0.0, 0.0, 0.05, 0.5, 0.5, 0.05, 0.5, 0.5, 0.0, 0.0, 0.0, 0.030000000000000002, 0.255, 0.0, 0.0, 0.0];[nan, nan, nan, nan, nan, nan, nan, nan, nan, nan, nan, nan, nan, nan, nan];45.55621379998047;26.412252700072713
202;[nan, nan, nan];False;False;[1.0, 9.729703566409935, 1.5082202617924574, 1.0, 0.0, 43.84816430083789, 0.5, 0.5, 14516.936293982655, 10500.0, 10500.0, 0.0, 3.0, 0.0, 0.025, 0.0527890830992927, 0.0, 0.0, 0.05, 0.5, 0.5, 0.05, 0.5, 0.5, 0.052343738523033416, 0.0, 0.0, 0.05, 0.5, 0.5, 0.05, 0.5, 0.5, 0.0, 0.0, 0.0, 0.030000000000000002, 0.255, 0.0, 0.0, 0.0];[nan, nan, nan, nan, nan, nan, nan, nan, nan, nan, nan, nan, nan, nan, nan];53.71167890005745;26.412252700072713
203;[nan, nan, nan];False;False;[1.0, 8.988835098774473, 1.4505721027374334, 0.0, 0.0, 37.83775872049761, 0.5, 0.5, 14674.382347151157, 10500.0, 10500.0, 1.0, 4.985403172577682, 0.0, 0.025, 0.06228431902286311, 0.0, 0.0, 0.05, 0.5, 0.5, 0.05, 0.5, 0.5, 0.09195000942695511, 0.0, 0.0, 0.05, 0.5, 0.5, 0.05, 0.5, 0.5, 0.0, 0.0, 0.0, 0.030000000000000002, 0.255, 0.0, 0.0, 0.0];[nan, nan, nan, nan, nan, nan, nan, nan, nan, nan, nan, nan, nan, nan, nan];44.34511500003282;26.412252700072713
204;[nan, nan, nan];False;False;[1.0, 9.670731377204884, 1.509226125524333, 0.0, 0.0, 35.61391323184143, 0.5, 0.5, 6461.839142887916, 10500.0, 10500.0, 0.0, 3.0, 0.0, 0.025, 0.04376407351070748, 0.0, 0.0, 0.05, 0.5, 0.5, 0.05, 0.5, 0.5, 0.039539699521767314, 0.0, 0.0, 0.05, 0.5, 0.5, 0.05, 0.5, 0.5, 0.0, 0.0, 0.0, 0.030000000000000002, 0.255, 0.0, 0.0, 0.0];[nan, nan, nan, nan, nan, nan, nan, nan, nan, nan, nan, nan, nan, nan, nan];37.81714300008025;26.412252700072713
205;[10.987693947384718, 2996.8997319106547, 107.7271668665437];True;False;[1.0, 3.885715738541255, 1.7069948254996983, 0.0, 1.0, 39.94124123701391, 0.10999454901522462, 0.5, 10885.112149010667, 8758.343057887841, 10500.0, 1.0, 4.112983437946844, 0.0, 0.025, 0.058296353564140896, 0.05814396675700049, 0.0, 0.04602711859965469, 0.5032606401052314, 0.0, 0.05, 0.5, 0.5, 0.0664037923921458, 0.45776850143328396, 0.0, 0.0017582753498239234, 0.451864180032598, 0.0, 0.05, 0.5, 0.5, 0.0, 0.0, 0.0, 0.030000000000000002, 0.255, 0.0, 0.0, 1.0];[0.11630766925150304, -0.3179560170386213, 46.88081250166719, -9.992007221626409e-16, -0.7900054509847754, -1.2404120726546122, -13.299471461630885, -14.0, -0.9418560332429995, -0.4967393598947686, 0.0, -0.542231498566716, -0.548135819967402, 0.0, -0.18093143473667056];31.52690179995261;26.412252700072713
206;[30.974765856673216, 1202.5177896251764, 120.88973753145554];True;False;[0.0, 7.25, 1.4500000000000002, 0.0, 1.0, 28.216100668947146, 0.7432660684982683, 0.5, 15039.0172328316, 8925.16031054362, 10500.0, 0.0, 3.0, 1.0, 0.022953986176759866, 0.0044441385242536225, 0.7190381283499805, 0.0, 0.07518778263541587, 0.9044850322694801, 0.0, 0.05, 0.5, 0.5, 0.004163261760313346, 0.0, 0.0, 0.030786842387937382, 0.9723133669025128, 0.0, 0.05, 0.5, 0.5, 0.0, 0.0, 0.0, 0.030000000000000002, 0.255, 0.0, 1.0, 1.0];[0.8806628393513085, -1.518468046580374, 240.9372561112966, 0.8500151662093895, -0.15673393150173176, -11.878107241532886, -5.961861008063076, -14.0, -0.2809618716500195, -0.09551496773051993, 0.0, -1.0, -0.0276866330974872, 0.0, 0.08040803120018036];52.893046799930744;17.956310100038536
207;[nan, nan, nan];False;False;[1.0, 5.097675162312658, 1.8, 0.0, 0.0, 32.96176813146381, 0.5, 0.5, 8894.174204860588, 10500.0, 10500.0, 1.0, 4.878964887849002, 0.0, 0.025, 0.04030929524216377, 0.0, 0.0, 0.05, 0.5, 0.5, 0.05, 0.5, 0.5, 0.08609085585647869, 0.0, 0.0, 0.05, 0.5, 0.5, 0.05, 0.5, 0.5, 0.0, 0.0, 0.0, 0.030000000000000002, 0.255, 0.0, 0.0, 0.0];[nan, nan, nan, nan, nan, nan, nan, nan, nan, nan, nan, nan, nan, nan, nan];56.87915960000828;17.956310100038536
208;[nan, nan, nan];False;False;[1.0, 12.261957300646225, 1.8, 1.0, 2.0, 36.655505586852534, 0.7015315902611482, 0.10543962227900468, 15030.42087705752, 6057.2741090067075, 6079.339856664644, 0.0, 3.0, 0.0, 0.025, 0.0996586395529533, 0.13856955679024388, 0.20782120970009374, 0.09211545590410908, 0.1748409034563616, 0.3138117472234014, 0.027830814191842586, 0.1927186160200688, 0.6965688798453736, 0.040238489700576016, 0.17404880764492225, 0.5208987939992662, 0.02953513135919261, 0.44601696545179514, 0.3908286554573979, 0.020322389169967228, 0.3333333333333333, 0.3333333333333333, 1.0, 0.0, 0.0, 0.030000000000000002, 0.255, 0.0, 2.0, 2.0];[nan, nan, nan, nan, nan, nan, nan, nan, nan, nan, nan, nan, nan, nan, nan];78.79384029994253;17.956310100038536
209;[nan, nan, nan];False;False;[1.0, 8.001325361223444, 1.1888246282667791, 1.0, 2.0, 31.65177495394851, 0.663398586861337, 0.500030477131941, 4693.163261485067, 2171.5344254946567, 10259.79750132634, 0.0, 3.0, 1.0, 0.03162485104520208, 0.09305260705307772, 0.3333333333333333, 0.3333333333333333, 0.043230772478720036, 0.3333333333333333, 0.3333333333333333, 0.03245127005089358, 0.15197773702511863, 0.7664609650697035, 0.023366795392084864, 0.3333333333333333, 0.3333333333333333, 0.09416402296176136, 0.3333333333333333, 0.3333333333333333, 0.07130618786597694, 0.3066619627381179, 0.044082364706917204, 1.0, 0.0, 0.0, 0.030000000000000002, 0.255, 0.0, 2.0, 0.0];[nan, nan, nan, nan, nan, nan, nan, nan, nan, nan, nan, nan, nan, nan, nan];100.40907099994365;17.956310100038536
210;[nan, nan, nan];False;False;[1.0, 4.898602581320782, 1.8, 0.0, 1.0, 38.72287650462026, 0.39475275384071407, 0.5, 8220.830826820777, 2336.3354761019964, 10500.0, 1.0, 4.549294354757743, 0.0, 0.025, 0.05059513970382439, 0.6663235301747309, 0.0, 0.08397648059721821, 0.61617249609336, 0.0, 0.05, 0.5, 0.5, 0.00876955838199869, 0.43339930912815305, 0.0, 0.021646625933463573, 0.12234300949902308, 0.0, 0.05, 0.5, 0.5, 1.0, 0.0, 0.0, 0.030000000000000002, 0.255, 0.0, 1.0, 1.0];[nan, nan, nan, nan, nan, nan, nan, nan, nan, nan, nan, nan, nan, nan, nan];75.78808129997924;17.956310100038536
211;[nan, nan, nan];False;False;[1.0, 11.32231341610288, 1.7943751437602002, 0.0, 0.0, 39.82169191061211, 0.5, 0.5, 2000.2739942753233, 10500.0, 10500.0, 1.0, 4.995659460291689, 0.0, 0.025, 0.0588610987402501, 0.0, 0.0, 0.05, 0.5, 0.5, 0.05, 0.5, 0.5, 0.09841719700456145, 0.0, 0.0, 0.05, 0.5, 0.5, 0.05, 0.5, 0.5, 0.0, 0.0, 0.0, 0.030000000000000002, 0.255, 0.0, 0.0, 0.0];[nan, nan, nan, nan, nan, nan, nan, nan, nan, nan, nan, nan, nan, nan, nan];43.34213680005632;17.96680309996009
212;[nan, nan, nan];False;False;[1.0, 12.5, 1.596137440993622, 0.0, 0.0, 38.07316707671885, 0.5, 0.5, 12674.16379553357, 10500.0, 10500.0, 1.0, 4.895529028249898, 0.0, 0.025, 0.08145038598010784, 0.0, 0.0, 0.05, 0.5, 0.5, 0.05, 0.5, 0.5, 0.0012474654223803099, 0.0, 0.0, 0.05, 0.5, 0.5, 0.05, 0.5, 0.5, 0.0, 0.0, 0.0, 0.030000000000000002, 0.255, 0.0, 0.0, 0.0];[nan, nan, nan, nan, nan, nan, nan, nan, nan, nan, nan, nan, nan, nan, nan];38.406309099984355;17.96680309996009
213;[nan, nan, nan];False;False;[1.0, 10.878239515775922, 1.8, 0.0, 1.0, 37.68710662570044, 0.13579591504772173, 0.5, 10675.958122273149, 5081.491938139938, 10500.0, 0.0, 3.0, 0.0, 0.025, 0.07700100121775084, 0.6690972696626617, 0.0, 0.035569622078844336, 0.9473401154213857, 0.0, 0.05, 0.5, 0.5, 0.09430124813724956, 0.18463161454459212, 0.0, 0.08566278208709448, 0.7064795301354784, 0.0, 0.05, 0.5, 0.5, 0.0, 0.0, 0.0, 0.030000000000000002, 0.255, 0.0, 1.0, 1.0];[nan, nan, nan, nan, nan, nan, nan, nan, nan, nan, nan, nan, nan, nan, nan];81.08736879995558;17.96680309996009
214;[nan, nan, nan];False;False;[1.0, 8.523991451422557, 1.5197075385599481, 0.0, 0.0, 36.70219574331383, 0.5, 0.5, 11650.057311830184, 10500.0, 10500.0, 1.0, 4.918327591741005, 0.0, 0.025, 0.06259718755617366, 0.0, 0.0, 0.05, 0.5, 0.5, 0.05, 0.5, 0.5, 0.08938549401144555, 0.0, 0.0, 0.05, 0.5, 0.5, 0.05, 0.5, 0.5, 0.0, 0.0, 0.0, 0.030000000000000002, 0.255, 0.0, 0.0, 0.0];[nan, nan, nan, nan, nan, nan, nan, nan, nan, nan, nan, nan, nan, nan, nan];38.9169072000077;17.96680309996009
215;[nan, nan, nan];False;False;[1.0, 10.444592568372517, 1.8, 0.0, 1.0, 42.70914098082204, 0.36379945339773034, 0.5, 8294.844199847228, 7954.550635253065, 10500.0, 0.0, 3.0, 0.0, 0.025, 0.09746965542600376, 0.1167286751229075, 0.0, 0.07643311532971735, 0.4839572981006266, 0.0, 0.05, 0.5, 0.5, 0.09964872155576468, 0.0, 0.0, 0.03426402321534224, 0.34641752949687715, 0.0, 0.05, 0.5, 0.5, 0.0, 1.0, 0.0, 0.020043806780733413, 0.059835882139315115, 103.0, 1.0, 1.0];[nan, nan, nan, nan, nan, nan, nan, nan, nan, nan, nan, nan, nan, nan, nan];89.45385580009315;17.96680309996009
216;[nan, nan, nan];False;False;[1.0, 12.5, 1.5528078399991478, 0.0, 0.0, 40.832974167232024, 0.5, 0.5, 2226.3897384813827, 10500.0, 10500.0, 1.0, 4.999959845675598, 0.0, 0.025, 0.041054974347139735, 0.0, 0.0, 0.05, 0.5, 0.5, 0.05, 0.5, 0.5, 0.03877945401859941, 0.0, 0.0, 0.05, 0.5, 0.5, 0.05, 0.5, 0.5, 0.0, 0.0, 0.0, 0.030000000000000002, 0.255, 0.0, 0.0, 0.0];[nan, nan, nan, nan, nan, nan, nan, nan, nan, nan, nan, nan, nan, nan, nan];39.80778529995587;15.25442050001584
217;[nan, nan, nan];False;False;[1.0, 8.540352876084658, 1.6417730289444123, 0.0, 0.0, 37.698292726195334, 0.5, 0.5, 14301.67598138202, 10500.0, 10500.0, 0.0, 3.0, 0.0, 0.025, 0.04377663143641783, 0.0, 0.0, 0.05, 0.5, 0.5, 0.05, 0.5, 0.5, 0.01726017174418217, 0.0, 0.0, 0.05, 0.5, 0.5, 0.05, 0.5, 0.5, 0.0, 0.0, 0.0, 0.030000000000000002, 0.255, 0.0, 0.0, 0.0];[nan, nan, nan, nan, nan, nan, nan, nan, nan, nan, nan, nan, nan, nan, nan];40.13597840000875;15.25442050001584
218;[nan, nan, nan];False;False;[1.0, 5.375758860749453, 1.7979951533799345, 1.0, 0.0, 35.805285215282154, 0.5, 0.5, 10646.929776990206, 10500.0, 10500.0, 1.0, 5.0, 0.0, 0.025, 0.06570376416620881, 0.0, 0.0, 0.05, 0.5, 0.5, 0.05, 0.5, 0.5, 0.07428918740175476, 0.0, 0.0, 0.05, 0.5, 0.5, 0.05, 0.5, 0.5, 0.0, 0.0, 0.0, 0.030000000000000002, 0.255, 0.0, 0.0, 0.0];[nan, nan, nan, nan, nan, nan, nan, nan, nan, nan, nan, nan, nan, nan, nan];51.0241578000132;15.25442050001584
219;[nan, nan, nan];False;False;[1.0, 10.882797027498937, 1.785610737192593, 0.0, 0.0, 38.197423601214595, 0.5, 0.5, 2173.0821585533095, 10500.0, 10500.0, 1.0, 4.996327577174789, 0.0, 0.025, 0.0945310374227273, 0.0, 0.0, 0.05, 0.5, 0.5, 0.05, 0.5, 0.5, 0.06770077543936466, 0.0, 0.0, 0.05, 0.5, 0.5, 0.05, 0.5, 0.5, 0.0, 0.0, 0.0, 0.030000000000000002, 0.255, 0.0, 0.0, 0.0];[nan, nan, nan, nan, nan, nan, nan, nan, nan, nan, nan, nan, nan, nan, nan];60.283716100035235;15.25442050001584
220;[nan, nan, nan];False;False;[1.0, 8.548533623711045, 1.5303588246352418, 0.0, 0.0, 35.963315347636836, 0.5, 0.5, 13672.527370403011, 10500.0, 10500.0, 0.0, 3.0, 0.0, 0.025, 0.08809878284402578, 0.0, 0.0, 0.05, 0.5, 0.5, 0.05, 0.5, 0.5, 0.09818344843868668, 0.0, 0.0, 0.05, 0.5, 0.5, 0.05, 0.5, 0.5, 0.0, 0.0, 0.0, 0.030000000000000002, 0.255, 0.0, 0.0, 0.0];[nan, nan, nan, nan, nan, nan, nan, nan, nan, nan, nan, nan, nan, nan, nan];47.24742529995274;15.25442050001584
221;[nan, nan, nan];False;False;[1.0, 10.145892550483612, 1.6301928245961623, 0.0, 0.0, 34.661805466551115, 0.5, 0.5, 7498.650715104673, 10500.0, 10500.0, 1.0, 4.979701489742526, 0.0, 0.025, 0.046085970762991736, 0.0, 0.0, 0.05, 0.5, 0.5, 0.05, 0.5, 0.5, 0.05457235875645682, 0.0, 0.0, 0.05, 0.5, 0.5, 0.05, 0.5, 0.5, 0.0, 0.0, 0.0, 0.030000000000000002, 0.255, 0.0, 0.0, 0.0];[nan, nan, nan, nan, nan, nan, nan, nan, nan, nan, nan, nan, nan, nan, nan];39.268034699955024;18.98488380003255
222;[nan, nan, nan];False;False;[1.0, 5.175224607054039, 1.6358678826548299, 0.0, 0.0, 42.08810438132601, 0.5, 0.5, 6452.535154321841, 10500.0, 10500.0, 1.0, 4.5628827316313245, 0.0, 0.025, 0.1, 0.0, 0.0, 0.05, 0.5, 0.5, 0.05, 0.5, 0.5, 0.09694388736610965, 0.0, 0.0, 0.05, 0.5, 0.5, 0.05, 0.5, 0.5, 0.0, 0.0, 0.0, 0.030000000000000002, 0.255, 0.0, 0.0, 0.0];[nan, nan, nan, nan, nan, nan, nan, nan, nan, nan, nan, nan, nan, nan, nan];45.066542600048706;18.98488380003255
223;[nan, nan, nan];False;False;[1.0, 2.991225698206338, 1.6901247027209823, 0.0, 0.0, 36.48140300533791, 0.5, 0.5, 8177.720024985788, 10500.0, 10500.0, 1.0, 4.260033127875664, 0.0, 0.025, 0.047806266427007166, 0.0, 0.0, 0.05, 0.5, 0.5, 0.05, 0.5, 0.5, 0.05373009856842294, 0.0, 0.0, 0.05, 0.5, 0.5, 0.05, 0.5, 0.5, 1.0, 1.0, 0.0, 0.015335771296413862, 0.09786680678998741, 67.0, 0.0, 0.0];[nan, nan, nan, nan, nan, nan, nan, nan, nan, nan, nan, nan, nan, nan, nan];48.90716089995112;18.98488380003255
224;[25.73759302865971, 1159.7888809992892, 118.78304918328956];True;False;[0.0, 7.25, 1.4500000000000002, 0.0, 0.0, 21.411371784298392, 0.5, 0.5, 17102.29295584724, 10500.0, 10500.0, 0.0, 3.0, 0.0, 0.025, 0.023134086901686342, 0.0, 0.0, 0.05, 0.5, 0.5, 0.05, 0.5, 0.5, 0.011426914726032557, 0.0, 0.0, 0.05, 0.5, 0.5, 0.05, 0.5, 0.5, 0.0, 0.0, 0.0, 0.030000000000000002, 0.255, 0.0, 0.0, 0.0];[0.28221033644456917, -1.4881038932203814, 5.9116444271448145, 0.7938231622620022, -0.4, 6.411371784298392, -14.0, -14.0, -1.0, 0.0, 0.0, -1.0, 0.0, 0.0, 0.03970339302611525];5.035151899908669;18.98488380003255
225;[nan, nan, nan];False;False;[1.0, 2.9193326663308143, 1.7190399367260762, 0.0, 1.0, 30.93356534387224, 0.28535731446685886, 0.5, 2609.691395043312, 7861.250793445644, 10500.0, 1.0, 4.432789305758439, 0.0, 0.025, 0.05415325524354634, 0.3256378764849569, 0.0, 0.07899656523491208, 0.6298744530781032, 0.0, 0.05, 0.5, 0.5, 0.09393631502350301, 0.1741502687255629, 0.0, 0.03036174253702566, 0.20377019867835672, 0.0, 0.05, 0.5, 0.5, 1.0, 1.0, 0.0, 0.01860649777915454, 0.09609662776338913, 58.0, 0.0, 1.0];[nan, nan, nan, nan, nan, nan, nan, nan, nan, nan, nan, nan, nan, nan, nan];84.04895409999881;18.98488380003255
226;[nan, nan, nan];False;False;[1.0, 3.0996960573454455, 1.6042621162400732, 1.0, 1.0, 45.23531104744635, 0.7661887530609585, 0.5, 16441.253339040202, 19557.146891090422, 10500.0, 0.0, 3.0, 1.0, 0.006599527229234556, 0.028758870342612076, 0.2217631809552484, 0.0, 0.008287223251553224, 0.3329416940402693, 0.0, 0.05, 0.5, 0.5, 0.09047240182571274, 0.2259792040625684, 0.0, 0.06066734184765844, 0.9225702278733797, 0.0, 0.05, 0.5, 0.5, 1.0, 0.0, 0.0, 0.030000000000000002, 0.255, 0.0, 1.0, 0.0];[nan, nan, nan, nan, nan, nan, nan, nan, nan, nan, nan, nan, nan, nan, nan];65.73284529999364;18.071887800004333
227;[nan, nan, nan];False;False;[1.0, 9.952109988292076, 1.589614387244232, 0.0, 0.0, 44.59391065131454, 0.5, 0.5, 14777.670093234796, 10500.0, 10500.0, 0.0, 3.0, 0.0, 0.025, 0.1, 0.0, 0.0, 0.05, 0.5, 0.5, 0.05, 0.5, 0.5, 0.0037496968153499714, 0.0, 0.0, 0.05, 0.5, 0.5, 0.05, 0.5, 0.5, 0.0, 0.0, 0.0, 0.030000000000000002, 0.255, 0.0, 0.0, 0.0];[nan, nan, nan, nan, nan, nan, nan, nan, nan, nan, nan, nan, nan, nan, nan];43.548529199906625;18.071887800004333
228;[nan, nan, nan];False;False;[1.0, 12.409971290127997, 1.7470284411298749, 0.0, 0.0, 43.411222479011975, 0.5, 0.5, 6052.620150434026, 10500.0, 10500.0, 0.0, 3.0, 0.0, 0.025, 0.07988923741817403, 0.0, 0.0, 0.05, 0.5, 0.5, 0.05, 0.5, 0.5, 0.0662208248909908, 0.0, 0.0, 0.05, 0.5, 0.5, 0.05, 0.5, 0.5, 0.0, 0.0, 0.0, 0.030000000000000002, 0.255, 0.0, 0.0, 0.0];[nan, nan, nan, nan, nan, nan, nan, nan, nan, nan, nan, nan, nan, nan, nan];58.28975220001303;18.071887800004333
229;[nan, nan, nan];False;False;[1.0, 8.65866464747673, 1.7539426684671633, 0.0, 0.0, 42.26841322116013, 0.5, 0.5, 6730.9172292201365, 10500.0, 10500.0, 1.0, 4.912572619574613, 0.0, 0.025, 0.08867494862333193, 0.0, 0.0, 0.05, 0.5, 0.5, 0.05, 0.5, 0.5, 0.09627067923731264, 0.0, 0.0, 0.05, 0.5, 0.5, 0.05, 0.5, 0.5, 0.0, 0.0, 0.0, 0.030000000000000002, 0.255, 0.0, 0.0, 0.0];[nan, nan, nan, nan, nan, nan, nan, nan, nan, nan, nan, nan, nan, nan, nan];53.460189800010994;18.071887800004333
230;[13.373617704917494, 2774.712545023557, 107.63603421907146];True;False;[1.0, 2.5793080302180296, 1.7325932956254926, 0.0, 0.0, 42.514044859556144, 0.5, 0.5, 4336.369657666684, 10500.0, 10500.0, 1.0, 4.171914906764453, 0.0, 0.025, 0.049349974376266814, 0.0, 0.0, 0.05, 0.5, 0.5, 0.05, 0.5, 0.5, 0.08391534787149695, 0.0, 0.0, 0.05, 0.5, 0.5, 0.05, 0.5, 0.5, 0.0, 0.0, 0.0, 0.030000000000000002, 0.255, 0.0, 0.0, 0.0];[-0.3013887467103773, -0.4960492171374038, 49.412327748418605, -1.1102230246251565e-16, -0.4, 9.537809863917271, -14.0, -14.0, -1.0, 0.0, 0.0, -1.0, 0.0, 0.0, -0.1559041701003665];5.337802299996838;18.071887800004333
231;[8.114992753926346, 7010.843366193632, 106.06630508900264];True;False;[1.0, 10.870602731031086, 1.1007445078973066, 0.0, 2.0, 44.81421098593058, 0.30111210450510517, 0.5041228148077795, 9496.147715865181, 5078.65199308543, 5371.475603112961, 0.0, 3.0, 0.0, 0.025, 0.09084839489840306, 0.3333333333333333, 0.3333333333333333, 0.0514531301043506, 0.4000356822377031, 0.32380909584944023, 0.020487655469765213, 0.37443289807735947, 0.3331179926933606, 0.03847435801578701, 0.3333333333333333, 0.3333333333333333, 0.03112684581481235, 0.8078742655242898, 0.16061590953101662, 0.05793482131460336, 0.3333333333333333, 0.3333333333333333, 0.0, 0.0, 0.0, 0.030000000000000002, 0.255, 0.0, 1.0, 2.0];[1.70780488272612, 0.7754358873923399, 69.43575898627073, -1.1102230246251565e-16, -0.5988878954948949, -12.833149491601148, -11.649990262987119, -9.39140335778906, -0.33333333333333337, -0.2761552219128567, -0.2924491092292799, -0.33333333333333337, -0.031509824944693676, -0.33333333333333337, -0.28285317627743384];37.05339410004672;25.392112000030465
232;[nan, nan, nan];False;False;[1.0, 7.651651032545484, 1.6537349013046378, 0.0, 2.0, 39.443137076909636, 0.18500288090955322, 0.4316830524985463, 14291.819215274463, 3052.6245147804048, 11291.99644888497, 0.0, 3.0, 0.0, 0.025, 0.060607363590167135, 0.36262911962170674, 0.36735142747959504, 0.03293937149059336, 0.4605799841042464, 0.19119369627226737, 0.04502834490703515, 0.23916659069526316, 0.4035168450689463, 0.09090332092379662, 0.43780090553523593, 0.2851712280367931, 0.01740395304775454, 0.5966689391666489, 0.3436731873123275, 0.06013728931974263, 0.4853180725096875, 0.44318065899405873, 0.0, 0.0, 0.0, 0.030000000000000002, 0.255, 0.0, 1.0, 2.0];[nan, nan, nan, nan, nan, nan, nan, nan, nan, nan, nan, nan, nan, nan, nan];101.87011689995416;25.392112000030465
233;[nan, nan, nan];False;False;[1.0, 7.662003481026652, 1.6010699127855168, 0.0, 0.0, 36.33030051976107, 0.5, 0.5, 2716.29715271696, 10500.0, 10500.0, 1.0, 4.330616428495825, 0.0, 0.025, 0.05127963600639122, 0.0, 0.0, 0.05, 0.5, 0.5, 0.05, 0.5, 0.5, 0.05411454948353381, 0.0, 0.0, 0.05, 0.5, 0.5, 0.05, 0.5, 0.5, 0.0, 0.0, 0.0, 0.030000000000000002, 0.255, 0.0, 0.0, 0.0];[nan, nan, nan, nan, nan, nan, nan, nan, nan, nan, nan, nan, nan, nan, nan];39.37977829994634;25.392112000030465
234;[9.157743343159803, 3117.564797699889, 108.65212877664632];True;False;[1.0, 5.70489753148748, 1.5845158961291177, 0.0, 1.0, 40.65624583724693, 0.18476920611073672, 0.5, 14832.238801375079, 10909.74869883481, 10500.0, 1.0, 4.276271932055831, 0.0, 0.025, 0.0916409443332831, 0.2702999059237525, 0.0, 0.06349785027523698, 0.4259013204773055, 0.0, 0.05, 0.5, 0.5, 0.02666962879429506, 0.2288777109959364, 0.0, 0.01898697964560269, 0.7701568433100805, 0.0, 0.05, 0.5, 0.5, 0.0, 0.0, 0.0, 0.030000000000000002, 0.255, 0.0, 1.0, 1.0];[0.21043934374511508, -0.11312748104005532, 50.599718787801706, -0.1727559158057521, -0.7152307938892632, -4.360019592235211, -12.588485680726707, -14.0, -0.7297000940762475, -0.5740986795226946, 0.0, -0.7711222890040637, -0.2298431566899195, 0.0, -0.20800369223177056];17.624681300017983;25.392112000030465
235;[10.739785594162818, 3006.411517520539, 107.33803104772912];True;False;[1.0, 4.308406466071334, 1.5944281284774982, 0.0, 1.0, 35.94676890562397, 0.1, 0.5, 1963.495182371613, 10605.265645856352, 10500.0, 1.0, 4.159518410380479, 0.0, 0.025, 0.09016559514566802, 0.07817352795412434, 0.0, 0.0474283717903675, 0.5218438941926538, 0.0, 0.05, 0.5, 0.5, 0.03382515251796205, 0.28223682003651734, 0.0, 0.017280141630453043, 0.6681646388518353, 0.0, 0.05, 0.5, 0.5, 0.0, 0.0, 0.0, 0.030000000000000002, 0.255, 0.0, 0.0, 1.0];[0.13382978399997736, -0.2675831781271709, 36.28185620742019, -9.992007221626409e-16, -0.8, -0.7554507594647717, -13.417272306607197, -14.0, -0.9218264720458756, -0.47815610580734624, 0.0, -0.7177631799634827, -0.3318353611481647, 0.0, -0.1880845850211053];36.92200650006998;25.392112000030465
236;[nan, nan, nan];False;False;[1.0, 4.636188411837463, 1.4004566793350313, 1.0, 2.0, 27.224970348825366, 0.8330889713457762, 0.32160214081197414, 10947.802160836967, 8073.082440912411, 15122.29615193727, 0.0, 3.0, 0.0, 0.025, 0.08250703608990667, 0.36712033350228196, 0.21001378585690128, 0.027636354490572806, 0.3407752833660886, 0.42348274583276685, 0.0665369991396466, 0.18054923290938815, 0.025098157047561156, 0.08690922956052693, 0.5277898467692341, 0.1957242069896375, 0.04841619772880177, 0.7415353834753866, 0.13794069035878773, 0.01820735767566959, 0.3333333333333333, 0.3333333333333333, 1.0, 1.0, 0.0, 0.012275160448036955, 0.34280773048612373, 22.0, 0.0, 2.0];[nan, nan, nan, nan, nan, nan, nan, nan, nan, nan, nan, nan, nan, nan, nan];87.51603019994218;17.824529700097628
237;[13.817615684805752, 3299.6929138678643, 107.55047605198871];True;False;[1.0, 2.3523977061998944, 1.69147361642151, 0.0, 2.0, 31.73697004553179, 0.38850402215171087, 0.40094754178886305, 15007.954813008448, 5976.804263895703, 16525.94452264374, 1.0, 3.4385299406687864, 0.0, 0.025, 0.01660388924654059, 0.3333333333333333, 0.3333333333333333, 0.04219026916484665, 0.10737033296778468, 0.0, 0.053277703975148465, 0.1848857558514334, 0.45711804773541304, 0.04013699850902086, 0.16439107957247945, 0.5332076871943698, 0.009150711145039627, 0.18878832190767122, 0.46951323224498664, 0.036292278772853626, 0.3333333333333333, 0.3333333333333333, 0.0, 1.0, 2.0, 0.02085664064551968, 0.07641922676304902, 0.0, 0.0, 2.0];[0.6073179147537209, -0.47265391695643943, 30.09688340624836, -1.1102230246251565e-16, -0.5114959778482892, -13.252138298556552, -11.774845190566726, -11.67154567520581, -0.33333333333333337, -0.8926296670322154, -0.3579961964131535, -0.3024012332331507, -0.3416984458473421, -0.33333333333333337, -0.3957017884094728];53.989648599992506;17.824529700097628
238;[14.576251338714592, 3137.9255323219204, 107.48606775902691];True;False;[1.0, 3.3506653836279687, 1.483940774319663, 0.0, 0.0, 34.38946137954832, 0.5, 0.5, 18799.421443817686, 10500.0, 10500.0, 1.0, 4.992790266728889, 0.0, 0.025, 0.011715009125170553, 0.0, 0.0, 0.05, 0.5, 0.5, 0.05, 0.5, 0.5, 0.07230892567054917, 0.0, 0.0, 0.05, 0.5, 0.5, 0.05, 0.5, 0.5, 0.0, 1.0, 0.0, 0.03521264829318335, 0.18422096271516952, 133.0, 0.0, 0.0];[-0.1949481204162069, -0.32771298840379437, 26.77477737956613, 0.0, -0.4, 8.174416374746986, -14.0, -14.0, -1.0, 0.0, 0.0, -1.0, 0.0, 0.0, -0.2701328494776537];7.7706050999695435;17.824529700097628
239;[nan, nan, nan];False;False;[1.0, 2.7388152862816306, 1.7707191430130433, 0.0, 0.0, 45.17579267211733, 0.5, 0.5, 17953.809437026597, 10500.0, 10500.0, 1.0, 3.7233711450365403, 0.0, 0.025, 0.06375257795345707, 0.0, 0.0, 0.05, 0.5, 0.5, 0.05, 0.5, 0.5, 0.07700949847671168, 0.0, 0.0, 0.05, 0.5, 0.5, 0.05, 0.5, 0.5, 0.0, 1.0, 0.0, 0.01887606608535089, 0.1529773389012112, 37.0, 0.0, 0.0];[nan, nan, nan, nan, nan, nan, nan, nan, nan, nan, nan, nan, nan, nan, nan];26.405181900016032;17.824529700097628
240;[nan, nan, nan];False;False;[1.0, 8.502133884293642, 1.8, 1.0, 1.0, 43.657065024565, 0.5750866510862319, 0.5, 2170.924975336008, 5345.998962954831, 10500.0, 0.0, 3.0, 0.0, 0.025, 0.037076822854323344, 0.11053959587313963, 0.0, 0.03769044775387624, 0.41548433161107967, 0.0, 0.05, 0.5, 0.5, 0.08380122297991033, 0.0, 0.0, 0.032895480469546004, 0.9033995158588123, 0.0, 0.05, 0.5, 0.5, 0.0, 0.0, 0.0, 0.030000000000000002, 0.255, 0.0, 1.0, 1.0];[nan, nan, nan, nan, nan, nan, nan, nan, nan, nan, nan, nan, nan, nan, nan];72.25452790001873;17.824529700097628
241;[nan, nan, nan];False;False;[1.0, 3.7189440879892626, 1.714815489072964, 0.0, 0.0, 40.93540791144923, 0.5, 0.5, 18366.863400795224, 10500.0, 10500.0, 0.0, 3.0, 0.0, 0.025, 0.09586374828165051, 0.0, 0.0, 0.05, 0.5, 0.5, 0.05, 0.5, 0.5, 0.07764007874580114, 0.0, 0.0, 0.05, 0.5, 0.5, 0.05, 0.5, 0.5, 0.0, 0.0, 0.0, 0.030000000000000002, 0.255, 0.0, 0.0, 0.0];[nan, nan, nan, nan, nan, nan, nan, nan, nan, nan, nan, nan, nan, nan, nan];26.416336399968714;8.283800299977884
242;[nan, nan, nan];False;False;[1.0, 9.077321083328394, 1.4299895673431453, 0.0, 1.0, 50.62145050917604, 0.8010227402083421, 0.5, 4221.234698411852, 10181.25755960241, 10500.0, 1.0, 4.145445186203077, 0.0, 0.025, 0.058748447952943594, 0.11727142565107784, 0.0, 0.04937329353228046, 0.45940028001247424, 0.0, 0.05, 0.5, 0.5, 0.08786700206436067, 0.8008705060314362, 0.0, 0.016761004883693875, 0.5651503920034882, 0.0, 0.05, 0.5, 0.5, 0.0, 0.0, 0.0, 0.030000000000000002, 0.255, 0.0, 1.0, 1.0];[nan, nan, nan, nan, nan, nan, nan, nan, nan, nan, nan, nan, nan, nan, nan];55.74702069989871;8.283800299977884
243;[nan, nan, nan];False;False;[1.0, 9.099645709845664, 1.4179077296512363, 0.0, 0.0, 27.730782679660848, 0.5, 0.5, 8341.79827826493, 10500.0, 10500.0, 1.0, 5.0, 0.0, 0.025, 0.020641339899686913, 0.0, 0.0, 0.05, 0.5, 0.5, 0.05, 0.5, 0.5, 0.08578552567651432, 0.0, 0.0, 0.05, 0.5, 0.5, 0.05, 0.5, 0.5, 0.0, 0.0, 0.0, 0.030000000000000002, 0.255, 0.0, 0.0, 0.0];[nan, nan, nan, nan, nan, nan, nan, nan, nan, nan, nan, nan, nan, nan, nan];59.641962399939075;8.283800299977884
244;[nan, nan, nan];False;False;[1.0, 3.026177185442665, 1.6951993319467487, 0.0, 0.0, 45.875393518525456, 0.5, 0.5, 17591.118154156302, 10500.0, 10500.0, 0.0, 3.0, 0.0, 0.025, 0.012986106961370808, 0.0, 0.0, 0.05, 0.5, 0.5, 0.05, 0.5, 0.5, 0.05366088946858996, 0.0, 0.0, 0.05, 0.5, 0.5, 0.05, 0.5, 0.5, 0.0, 1.0, 0.0, 0.02452883554608673, 0.1865421250768513, 3.0, 0.0, 0.0];[nan, nan, nan, nan, nan, nan, nan, nan, nan, nan, nan, nan, nan, nan, nan];20.65608109999448;8.283800299977884
245;[nan, nan, nan];False;False;[1.0, 5.0248802608576355, 1.626312210367987, 0.0, 0.0, 40.45331251620114, 0.5, 0.5, 14352.052616382083, 10500.0, 10500.0, 1.0, 4.051616736634691, 0.0, 0.025, 0.1, 0.0, 0.0, 0.05, 0.5, 0.5, 0.05, 0.5, 0.5, 0.030218245177814202, 0.0, 0.0, 0.05, 0.5, 0.5, 0.05, 0.5, 0.5, 0.0, 0.0, 0.0, 0.030000000000000002, 0.255, 0.0, 0.0, 0.0];[nan, nan, nan, nan, nan, nan, nan, nan, nan, nan, nan, nan, nan, nan, nan];56.88993499998469;8.283800299977884
246;[nan, nan, nan];False;False;[1.0, 4.902115528575254, 1.6151281682421463, 0.0, 0.0, 39.41866617331432, 0.5, 0.5, 14242.643499989357, 10500.0, 10500.0, 0.0, 3.0, 0.0, 0.025, 0.07042886602305694, 0.0, 0.0, 0.05, 0.5, 0.5, 0.05, 0.5, 0.5, 0.023621665903157105, 0.0, 0.0, 0.05, 0.5, 0.5, 0.05, 0.5, 0.5, 0.0, 0.0, 0.0, 0.030000000000000002, 0.255, 0.0, 0.0, 0.0];[nan, nan, nan, nan, nan, nan, nan, nan, nan, nan, nan, nan, nan, nan, nan];27.81440560007468;17.51935419999063
247;[nan, nan, nan];False;False;[1.0, 12.427182177199636, 1.5463455332431468, 0.0, 0.0, 33.68626793224004, 0.5, 0.5, 10828.122004748438, 10500.0, 10500.0, 1.0, 4.705372989627303, 0.0, 0.025, 0.07591942776632085, 0.0, 0.0, 0.05, 0.5, 0.5, 0.05, 0.5, 0.5, 0.07089755802285207, 0.0, 0.0, 0.05, 0.5, 0.5, 0.05, 0.5, 0.5, 0.0, 0.0, 0.0, 0.030000000000000002, 0.255, 0.0, 0.0, 0.0];[nan, nan, nan, nan, nan, nan, nan, nan, nan, nan, nan, nan, nan, nan, nan];36.70690200000536;17.51935419999063
248;[10.718419807220963, 2906.599332897633, 107.65166540386912];True;False;[1.0, 4.916938824716752, 1.6263784811198574, 0.0, 1.0, 33.611548775191686, 0.44240643682148584, 0.5, 11504.287640324392, 3278.0354250965124, 10500.0, 1.0, 2.8684187248853172, 0.0, 0.025, 0.00909301987999122, 0.6743453272747113, 0.0, 0.04492129602872421, 0.43489318915578, 0.0, 0.05, 0.5, 0.5, 0.05554287125630081, 0.6167377276259306, 0.0, 0.0004877028082252687, 0.478766361542537, 0.0, 0.05, 0.5, 0.5, 0.0, 0.0, 0.0, 0.030000000000000002, 0.255, 0.0, 1.0, 1.0];[0.07808195196128764, -0.2516482842221861, 33.13824489995097, 1.7763568394002505e-15, -0.4575935631785142, -9.896341464494316, -10.95065019299054, -14.0, -0.3256546727252887, -0.56510681084422, 0.0, -0.3832622723740694, -0.521233638457463, 0.0, -0.19071280176578992];20.858748500002548;17.51935419999063
249;[nan, nan, nan];False;False;[1.0, 12.49977106345805, 1.5503467881270248, 0.0, 0.0, 40.7268716244241, 0.5, 0.5, 5667.303878118253, 10500.0, 10500.0, 1.0, 4.702202301216188, 0.0, 0.025, 0.03720194714826567, 0.0, 0.0, 0.05, 0.5, 0.5, 0.05, 0.5, 0.5, 0.05536294282860185, 0.0, 0.0, 0.05, 0.5, 0.5, 0.05, 0.5, 0.5, 0.0, 0.0, 0.0, 0.030000000000000002, 0.255, 0.0, 0.0, 0.0];[nan, nan, nan, nan, nan, nan, nan, nan, nan, nan, nan, nan, nan, nan, nan];38.70523239998147;17.51935419999063
250;[nan, nan, nan];False;False;[1.0, 4.809625572920518, 1.6303391603714776, 0.0, 0.0, 33.74947026872139, 0.5, 0.5, 16322.035397393203, 10500.0, 10500.0, 1.0, 3.440310561016363, 0.0, 0.025, 0.0415264657067789, 0.0, 0.0, 0.05, 0.5, 0.5, 0.05, 0.5, 0.5, 0.07424536399876071, 0.0, 0.0, 0.05, 0.5, 0.5, 0.05, 0.5, 0.5, 0.0, 0.0, 0.0, 0.030000000000000002, 0.255, 0.0, 0.0, 0.0];[nan, nan, nan, nan, nan, nan, nan, nan, nan, nan, nan, nan, nan, nan, nan];24.040767399943434;17.51935419999063
251;[11.935243676906069, 2634.626144582932, 107.57434875856782];True;False;[1.0, 4.339908636703555, 1.5825660629230383, 0.0, 0.0, 29.825962006166524, 0.5, 0.5, 12161.417846468106, 10500.0, 10500.0, 1.0, 3.2349124387973247, 0.0, 0.025, 0.029691824840302486, 0.0, 0.0, 0.05, 0.5, 0.5, 0.05, 0.5, 0.5, 0.08235257007862992, 0.0, 0.0, 0.05, 0.5, 0.5, 0.05, 0.5, 0.5, 0.0, 0.0, 0.0, 0.030000000000000002, 0.255, 0.0, 0.0, 0.0];[-0.3409249313642624, -0.32156831899497895, 20.682849733191624, 0.0, -0.4, 3.8465825882031375, -14.0, -14.0, -1.0, 0.0, 0.0, -1.0, 0.0, 0.0, -0.18379406786107744];5.3000640999525785;15.867581799975596
252;[13.813531328052887, 2634.989792180882, 107.56942106768105];True;False;[1.0, 3.3569218779885954, 1.5595426974817928, 0.0, 0.0, 26.592643759530688, 0.5, 0.5, 11997.701759939428, 10500.0, 10500.0, 1.0, 3.9904406971437636, 0.0, 0.025, 0.028368739802069234, 0.0, 0.0, 0.05, 0.5, 0.5, 0.05, 0.5, 0.5, 0.07590869807431391, 0.0, 0.0, 0.05, 0.5, 0.5, 0.05, 0.5, 0.5, 0.0, 0.0, 0.0, 0.030000000000000002, 0.255, 0.0, 0.0, 0.0];[-0.3438674118547267, -0.42157408893482984, 14.704680456204269, 0.0, -0.4, 2.051565053313425, -14.0, -14.0, -1.0, 0.0, 0.0, -1.0, 0.0, 0.0, -0.16859551917031967];5.059589499956928;15.867581799975596
253;[22.380265916028975, 1421.32362524281, 117.16548352196656];True;False;[0.0, 7.25, 1.4500000000000002, 0.0, 0.0, 35.46846866561272, 0.5, 0.5, 17873.36934900485, 10500.0, 10500.0, 0.0, 3.0, 0.0, 0.025, 0.06453941192762727, 0.0, 0.0, 0.05, 0.5, 0.5, 0.05, 0.5, 0.5, 0.08840621617948893, 0.0, 0.0, 0.05, 0.5, 0.5, 0.05, 0.5, 0.5, 0.0, 0.0, 0.0, 0.030000000000000002, 0.255, 0.0, 0.0, 0.0];[0.5325341980981344, -1.423620533244555, 31.281758622952204, 0.7555538216056741, -0.4, 20.46846866561272, -14.0, -14.0, -1.0, 0.0, 0.0, -1.0, 0.0, 0.0, 0.012857944555861645];5.9400849000085145;15.867581799975596
254;[nan, nan, nan];False;False;[1.0, 11.460779984037133, 1.4758929780498775, 0.0, 1.0, 36.171376476399296, 0.1, 0.5, 7980.772338866906, 1633.019547659951, 10500.0, 1.0, 4.931734759065172, 0.0, 0.025, 0.0696162420912962, 0.4579695289475189, 0.0, 0.027383771454958118, 0.6780737292646939, 0.0, 0.05, 0.5, 0.5, 0.04246906128012735, 0.27058518533016424, 0.0, 0.014638699717032105, 0.9183156837123748, 0.0, 0.05, 0.5, 0.5, 0.0, 0.0, 0.0, 0.030000000000000002, 0.255, 0.0, 0.0, 1.0];[nan, nan, nan, nan, nan, nan, nan, nan, nan, nan, nan, nan, nan, nan, nan];65.59519100002944;15.867581799975596
255;[10.715831738317325, 2621.085179948688, 107.52065284262471];True;False;[1.0, 6.020066958673577, 1.5062338800703918, 0.0, 0.0, 27.35975056846645, 0.5, 0.5, 5533.205468051361, 10500.0, 10500.0, 1.0, 4.439194479252681, 0.0, 0.025, 0.03376992264872347, 0.0, 0.0, 0.05, 0.5, 0.5, 0.05, 0.5, 0.5, 0.051445620553172394, 0.0, 0.0, 0.05, 0.5, 0.5, 0.05, 0.5, 0.5, 0.0, 0.0, 0.0, 0.030000000000000002, 0.255, 0.0, 0.0, 0.0];[-0.3255138329036482, -0.1898533528904789, 16.0428463093312, -2.220446049250313e-16, -0.4, 3.1643441503173655, -14.0, -14.0, -1.0, 0.0, 0.0, -1.0, 0.0, 0.0, -0.20173026144077016];5.639318099943921;15.867581799975596
256;[nan, nan, nan];False;False;[1.0, 7.362405709626156, 1.7291089170791452, 0.0, 1.0, 20.656431095086035, 0.23479962950658392, 0.5, 14804.8857932813, 17175.14409138038, 10500.0, 1.0, 4.6804456381469794, 1.0, 0.005864284936415869, 0.08644164427040929, 0.5265695566193197, 0.0, 0.08241073020798344, 0.7749045193795189, 0.0, 0.05, 0.5, 0.5, 0.006315854361223407, 0.349521716445605, 0.0, 0.0, 0.20457935055956428, 0.0, 0.05, 0.5, 0.5, 0.0, 1.0, 1.0, 0.025132065818111872, 0.25380970335960257, 76.0, 1.0, 1.0];[nan, nan, nan, nan, nan, nan, nan, nan, nan, nan, nan, nan, nan, nan, nan];62.2393498000456;21.65005260007456
257;[20.231166385488606, 1876.4728347857872, 115.44620180962002];True;False;[0.0, 7.25, 1.4500000000000002, 0.0, 1.0, 44.792925919313575, 0.4492099682423625, 0.5, 12635.423609727563, 10680.066710655754, 10500.0, 0.0, 3.0, 0.0, 0.025, 0.0931364921022544, 0.9657315873872031, 0.0, 0.0825716780078576, 0.40559420729310497, 0.0, 0.05, 0.5, 0.5, 0.017422662994246572, 0.6564959965872323, 0.0, 0.07959852248974142, 0.757460005551151, 0.0, 0.05, 0.5, 0.5, 0.0, 0.0, 0.0, 0.030000000000000002, 0.255, 0.0, 0.0, 1.0];[1.395780072075988, -1.307158132716792, 64.89422432878868, 0.6357502922981926, -0.45079003175763754, -7.589064058010554, -8.955834152401398, -14.0, -0.034268412612796895, -0.5944057927068951, 0.0, -0.34350400341276766, -0.242539994448849, 0.0, -0.01845682428611939];36.766774100018665;21.65005260007456
258;[10.38371953488265, 2615.344175078405, 107.69965910147762];True;False;[1.0, 7.093370486509264, 1.5079218431446388, 0.0, 0.0, 18.33572541475993, 0.5, 0.5, 11293.860769613537, 10500.0, 10500.0, 1.0, 3.945343447950087, 0.0, 0.025, 0.08631739061790866, 0.0, 0.0, 0.05, 0.5, 0.5, 0.05, 0.5, 0.5, 0.03709906226126806, 0.0, 0.0, 0.05, 0.5, 0.5, 0.05, 0.5, 0.5, 0.0, 0.0, 0.0, 0.030000000000000002, 0.255, 0.0, 0.0, 0.0];[-0.2942003789742964, -0.10987981778011413, 1.7916093863721052, -0.09704244221854419, -0.4, -2.840400682490026, -14.0, -14.0, -1.0, 0.0, 0.0, -1.0, 0.0, 0.0, -0.2115265658654613];7.034074199968018;21.65005260007456
259;[nan, nan, nan];False;False;[1.0, 7.216388802628186, 1.5198261921664962, 0.0, 0.0, 37.367380154376086, 0.5, 0.5, 2907.1024159437166, 10500.0, 10500.0, 1.0, 3.361199013837171, 0.0, 0.025, 0.09165744295428516, 0.0, 0.0, 0.05, 0.5, 0.5, 0.05, 0.5, 0.5, 0.08352791366061624, 0.0, 0.0, 0.05, 0.5, 0.5, 0.05, 0.5, 0.5, 0.0, 0.0, 0.0, 0.030000000000000002, 0.255, 0.0, 0.0, 0.0];[nan, nan, nan, nan, nan, nan, nan, nan, nan, nan, nan, nan, nan, nan, nan];41.83132200001273;21.65005260007456
260;[nan, nan, nan];False;False;[1.0, 11.402278934147583, 1.6977621314096965, 0.0, 1.0, 15.786747525219834, 0.3180461061812112, 0.5, 14596.842066167992, 17645.62122464876, 10500.0, 0.0, 3.0, 1.0, 0.01081645741255409, 0.07920040939923775, 0.27898531966058004, 0.0, 0.09435312796859177, 0.5156112562426413, 0.0, 0.05, 0.5, 0.5, 0.05220648748746753, 0.18281127773463973, 0.0, 0.06524110539056942, 0.29956479940169783, 0.0, 0.05, 0.5, 0.5, 0.0, 1.0, 0.0, 0.036903509469596855, 0.2652242924988396, 138.0, 0.0, 1.0];[nan, nan, nan, nan, nan, nan, nan, nan, nan, nan, nan, nan, nan, nan, nan];17.343407400068827;21.65005260007456
261;[20.92817671880255, 1623.6857619053426, 116.50968926665789];True;False;[0.0, 7.25, 1.4500000000000002, 0.0, 0.0, 59.49444641196704, 0.5, 0.5, 5974.902179337964, 10500.0, 10500.0, 0.0, 3.0, 0.0, 0.025, 0.03366179140620975, 0.0, 0.0, 0.05, 0.5, 0.5, 0.05, 0.5, 0.5, 0.06717448638541762, 0.0, 0.0, 0.05, 0.5, 0.5, 0.05, 0.5, 0.5, 0.0, 0.0, 0.0, 0.030000000000000002, 0.255, 0.0, 0.0, 0.0];[0.6218041683090103, -1.4006246127353632, 97.09349869095351, 0.7582214811691894, -0.4, 44.49444641196704, -14.0, -14.0, -1.0, 0.0, 0.0, -1.0, 0.0, 0.0, 0.003919138633488695];5.333583499887027;22.259662800002843
262;[8.152911533636084, 3101.2236275923988, 113.47697538267602];True;False;[1.0, 8.26270046809687, 1.4989319123324376, 0.0, 1.0, 41.48085932353623, 0.1539673635431845, 0.5, 16756.848952185705, 7466.398058126305, 10500.0, 1.0, 4.369535447381579, 0.0, 0.025, 0.017164718546619308, 0.24447946760250952, 0.0, 0.05202801116369374, 0.9560257650552876, 0.0, 0.05, 0.5, 0.5, 0.017227507935879176, 0.4451444846915392, 0.0, 0.020280277062272988, 0.5053185023940344, 0.0, 0.05, 0.5, 0.5, 0.0, 0.0, 0.0, 0.030000000000000002, 0.255, 0.0, 1.0, 0.0];[0.2222834133574958, 0.026709810625550556, 52.52986608272603, -0.35899963352335096, -0.7460326364568155, -2.6686069354642914, -12.7558406175526, -14.0, -0.7555205323974905, -0.04397423494471242, 0.0, -0.5548555153084608, -0.4946814976059656, 0.0, -0.22428504670890004];17.198598199989647;22.259662800002843
263;[20.478452987079184, 1714.5321890038012, 115.94345028700607];True;False;[0.0, 7.25, 1.4500000000000002, 0.0, 0.0, 60.0, 0.5, 0.5, 14461.186068512778, 10500.0, 10500.0, 0.0, 3.0, 0.0, 0.025, 0.07367691097064412, 0.0, 0.0, 0.05, 0.5, 0.5, 0.05, 0.5, 0.5, 0.08854298270740574, 0.0, 0.0, 0.05, 0.5, 0.5, 0.05, 0.5, 0.5, 0.0, 0.0, 0.0, 0.030000000000000002, 0.255, 0.0, 0.0, 0.0];[0.7426940856010278, -1.3694834022942441, 98.79867143032924, 0.6985805135251368, -0.4, 45.0, -14.0, -14.0, -1.0, 0.0, 0.0, -1.0, 0.0, 0.0, -0.007700601522352801];5.833381499978714;22.259662800002843
264;[nan, nan, nan];False;False;[1.0, 9.185826081014529, 1.7187051208285236, 0.0, 1.0, 33.27873993018525, 0.3008358476960376, 0.5, 7944.270668759447, 13477.787174776347, 10500.0, 1.0, 2.5069728678015646, 0.0, 0.025, 0.1, 0.1414609838440924, 0.0, 0.016675033469259585, 0.40711810275401855, 0.0, 0.05, 0.5, 0.5, 0.022539625425606075, 0.48497118023000363, 0.0, 0.0, 0.545018184234192, 0.0, 0.05, 0.5, 0.5, 0.0, 0.0, 0.0, 0.030000000000000002, 0.255, 0.0, 1.0, 1.0];[nan, nan, nan, nan, nan, nan, nan, nan, nan, nan, nan, nan, nan, nan, nan];69.16567200003192;22.259662800002843
265;[nan, nan, nan];False;False;[1.0, 8.694030328347726, 1.6720915972951143, 0.0, 0.0, 34.77976857488102, 0.5, 0.5, 15503.183212879694, 10500.0, 10500.0, 1.0, 2.718727933182909, 0.0, 0.025, 0.06100461587619428, 0.0, 0.0, 0.05, 0.5, 0.5, 0.05, 0.5, 0.5, 0.07455893175524714, 0.0, 0.0, 0.05, 0.5, 0.5, 0.05, 0.5, 0.5, 0.0, 0.0, 0.0, 0.030000000000000002, 0.255, 0.0, 0.0, 0.0];[nan, nan, nan, nan, nan, nan, nan, nan, nan, nan, nan, nan, nan, nan, nan];35.31406360003166;22.259662800002843
266;[nan, nan, nan];False;False;[1.0, 7.287573429272627, 1.5555802299494483, 0.0, 0.0, 31.521021359204585, 0.5, 0.5, 11288.121501029067, 10500.0, 10500.0, 1.0, 2.634915302443572, 0.0, 0.025, 0.061231648140719935, 0.0, 0.0, 0.05, 0.5, 0.5, 0.05, 0.5, 0.5, 0.055067645893646516, 0.0, 0.0, 0.05, 0.5, 0.5, 0.05, 0.5, 0.5, 0.0, 0.0, 0.0, 0.030000000000000002, 0.255, 0.0, 0.0, 0.0];[nan, nan, nan, nan, nan, nan, nan, nan, nan, nan, nan, nan, nan, nan, nan];55.791186599992216;25.395138799911365
267;[nan, nan, nan];False;False;[1.0, 7.387165985873081, 1.5877173559019275, 0.0, 0.0, 33.8770759649986, 0.5, 0.5, 16829.13237206235, 10500.0, 10500.0, 1.0, 2.6430442514109345, 0.0, 0.025, 0.05676532451374297, 0.0, 0.0, 0.05, 0.5, 0.5, 0.05, 0.5, 0.5, 0.07398675596348918, 0.0, 0.0, 0.05, 0.5, 0.5, 0.05, 0.5, 0.5, 0.0, 0.0, 0.0, 0.030000000000000002, 0.255, 0.0, 0.0, 0.0];[nan, nan, nan, nan, nan, nan, nan, nan, nan, nan, nan, nan, nan, nan, nan];46.14517800009344;25.395138799911365
268;[nan, nan, nan];False;False;[1.0, 8.679990288656331, 1.5809194547526864, 0.0, 0.0, 29.96642692590735, 0.5, 0.5, 14771.021034762172, 10500.0, 10500.0, 1.0, 3.9062675869668753, 0.0, 0.025, 0.048625118555845726, 0.0, 0.0, 0.05, 0.5, 0.5, 0.05, 0.5, 0.5, 0.07048417224308402, 0.0, 0.0, 0.05, 0.5, 0.5, 0.05, 0.5, 0.5, 0.0, 0.0, 0.0, 0.030000000000000002, 0.255, 0.0, 0.0, 0.0];[nan, nan, nan, nan, nan, nan, nan, nan, nan, nan, nan, nan, nan, nan, nan];39.096627600025386;25.395138799911365
269;[19.3168429174698, 2167.0612685380274, 114.90041886553243];True;False;[0.0, 7.25, 1.4500000000000002, 0.0, 2.0, 47.601865544120514, 0.2167386927898744, 0.9, 15987.252520459004, 5275.691363164663, 1304.5334281025548, 0.0, 3.0, 0.0, 0.025, 0.044978751259516475, 0.3333333333333333, 0.3333333333333333, 0.011135895114423961, 0.3333333333333333, 0.3333333333333333, 0.035776443141877515, 0.3460854888779361, 0.09766516868708429, 0.08887937679381472, 0.11602421013719191, 0.09436393471639913, 0.05755655622107323, 0.3333333333333333, 0.3333333333333333, 0.07735835892224346, 0.2880108029303641, 0.2235578781768016, 0.0, 0.0, 0.0, 0.030000000000000002, 0.255, 0.0, 0.0, 2.0];[2.0978080579062626, -1.2466727463154716, 80.85703516244479, 0.6180307717014741, -0.6832613072101257, -11.375834756291887, -11.375834756291889, -11.375834756291889, -0.33333333333333337, -0.33333333333333337, -0.5562493424349796, -0.789611855146409, -0.33333333333333337, -0.4884313188928343, -0.026664022698031198];41.24497709993739;25.395138799911365
270;[nan, nan, nan];False;False;[1.0, 7.8846352910235, 1.52083703612224, 0.0, 0.0, 38.39906321979851, 0.5, 0.5, 6586.178506139397, 10500.0, 10500.0, 1.0, 3.205551823505433, 0.0, 0.025, 0.03276571289100449, 0.0, 0.0, 0.05, 0.5, 0.5, 0.05, 0.5, 0.5, 0.09976708289785176, 0.0, 0.0, 0.05, 0.5, 0.5, 0.05, 0.5, 0.5, 0.0, 0.0, 0.0, 0.030000000000000002, 0.255, 0.0, 0.0, 0.0];[nan, nan, nan, nan, nan, nan, nan, nan, nan, nan, nan, nan, nan, nan, nan];43.416334499954246;25.395138799911365
271;[nan, nan, nan];False;False;[1.0, 7.536269513427394, 1.3930317469339406, 0.0, 0.0, 13.81160655259478, 0.5, 0.5, 3799.670244617669, 10500.0, 10500.0, 1.0, 4.741272452397208, 0.0, 0.025, 0.026021779316704616, 0.0, 0.0, 0.05, 0.5, 0.5, 0.05, 0.5, 0.5, 0.08397262168483065, 0.0, 0.0, 0.05, 0.5, 0.5, 0.05, 0.5, 0.5, 1.0, 0.0, 0.0, 0.030000000000000002, 0.255, 0.0, 0.0, 0.0];[nan, nan, nan, nan, nan, nan, nan, nan, nan, nan, nan, nan, nan, nan, nan];78.52201039995998;26.477033600094728
272;[nan, nan, nan];False;False;[1.0, 3.32122728427168, 1.382008491701821, 0.0, 0.0, 47.83682047280678, 0.5, 0.5, 9324.682619273668, 10500.0, 10500.0, 0.0, 3.0, 0.0, 0.025, 0.03852254813771341, 0.0, 0.0, 0.05, 0.5, 0.5, 0.05, 0.5, 0.5, 0.04401845329221551, 0.0, 0.0, 0.05, 0.5, 0.5, 0.05, 0.5, 0.5, 1.0, 0.0, 0.0, 0.030000000000000002, 0.255, 0.0, 0.0, 0.0];[nan, nan, nan, nan, nan, nan, nan, nan, nan, nan, nan, nan, nan, nan, nan];48.41691729996819;26.477033600094728
273;[nan, nan, nan];False;False;[1.0, 8.556895303355011, 1.3628544625160977, 0.0, 1.0, 51.41096567360056, 0.722987892154254, 0.5, 1242.1023936706993, 13365.732728624977, 10500.0, 1.0, 3.1963493513664205, 0.0, 0.025, 0.05331843397113526, 0.6802511590587833, 0.0, 0.009592355668159016, 0.09529013617566802, 0.0, 0.05, 0.5, 0.5, 0.06334407922516629, 0.866607713388278, 0.0, 0.06751406814117815, 0.5541846093737824, 0.0, 0.05, 0.5, 0.5, 0.0, 1.0, 0.0, 0.038996738012300546, 0.09018688787401884, 170.0, 1.0, 1.0];[nan, nan, nan, nan, nan, nan, nan, nan, nan, nan, nan, nan, nan, nan, nan];28.70164189999923;26.477033600094728
274;[nan, nan, nan];False;False;[1.0, 10.557635059228645, 1.2567711070203003, 1.0, 1.0, 10.170386403645123, 0.7782218397079655, 0.5, 10836.108866702518, 15904.844631281454, 10500.0, 0.0, 3.0, 0.0, 0.025, 0.052599452346886455, 0.5344560603694046, 0.0, 0.007048185372404448, 0.3301462709325068, 0.0, 0.05, 0.5, 0.5, 0.06509611541182722, 0.4914290433545958, 0.0, 0.05516293053975027, 0.6944185787920925, 0.0, 0.05, 0.5, 0.5, 0.0, 1.0, 1.0, 0.03138093005810971, 0.31130201567921384, 223.0, 1.0, 0.0];[nan, nan, nan, nan, nan, nan, nan, nan, nan, nan, nan, nan, nan, nan, nan];88.1499750999501;26.477033600094728
275;[9.724530916980518, 2605.8182094895697, 107.41997052754417];True;False;[1.0, 7.82407461908282, 1.5115805704279333, 0.0, 0.0, 22.949016057494415, 0.5, 0.5, 11664.04635364437, 10500.0, 10500.0, 1.0, 3.8404173556005996, 0.0, 0.025, 0.04670150257147599, 0.0, 0.0, 0.05, 0.5, 0.5, 0.05, 0.5, 0.5, 0.03025798714266914, 0.0, 0.0, 0.05, 0.5, 0.5, 0.05, 0.5, 0.5, 0.0, 0.0, 0.0, 0.030000000000000002, 0.255, 0.0, 0.0, 0.0];[-0.31222532014358695, -0.0895266545619422, 8.585014728609806, -0.14035300421264119, -0.4, 0.18213220417187337, -14.0, -14.0, -1.0, 0.0, 0.0, -1.0, 0.0, 0.0, -0.21407418462570244];15.645935100037605;26.477033600094728
276;[nan, nan, nan];False;False;[1.0, 7.612235115163723, 1.6487306596727378, 0.0, 0.0, 30.85011855080418, 0.5, 0.5, 18244.223080633637, 10500.0, 10500.0, 1.0, 4.655315370018175, 0.0, 0.025, 0.025046049112844943, 0.0, 0.0, 0.05, 0.5, 0.5, 0.05, 0.5, 0.5, 0.07349932686418748, 0.0, 0.0, 0.05, 0.5, 0.5, 0.05, 0.5, 0.5, 0.0, 0.0, 0.0, 0.030000000000000002, 0.255, 0.0, 0.0, 0.0];[nan, nan, nan, nan, nan, nan, nan, nan, nan, nan, nan, nan, nan, nan, nan];42.432164900004864;23.529409799957648
277;[27.53505996992018, 1310.4663335259104, 117.69966671602067];True;False;[0.0, 7.25, 1.4500000000000002, 0.0, 1.0, 10.21076735464031, 0.33205128466432454, 0.5, 3977.029378935604, 12798.867304181527, 10500.0, 0.0, 3.0, 0.0, 0.025, 0.07647951606393412, 0.8532693978078769, 0.0, 0.015131677334907069, 0.1855454008178089, 0.0, 0.05, 0.5, 0.5, 0.07695764362055775, 0.5632253321032779, 0.0, 0.0503489999339398, 0.9333341301375393, 0.0, 0.05, 0.5, 0.5, 0.0, 0.0, 0.0, 0.030000000000000002, 0.255, 0.0, 1.0, 1.0];[1.1344336789069693, -1.3697861686371697, -7.34961324642226, 0.5285771497362202, -0.5679487153356755, -10.467913736055715, -12.747005074489943, -14.0, -0.14673060219212308, -0.8144545991821911, 0.0, -0.43677466789672215, -0.0666658698624607, 0.0, 0.0038789736484796666];40.53499820001889;23.529409799957648
278;[nan, nan, nan];False;False;[1.0, 10.267501445728819, 1.6844892297587788, 0.0, 0.0, 29.114217947628944, 0.5, 0.5, 12441.912024506062, 10500.0, 10500.0, 1.0, 1.6911047007063793, 0.0, 0.025, 0.09993995693957676, 0.0, 0.0, 0.05, 0.5, 0.5, 0.05, 0.5, 0.5, 0.01500330168901688, 0.0, 0.0, 0.05, 0.5, 0.5, 0.05, 0.5, 0.5, 0.0, 0.0, 0.0, 0.030000000000000002, 0.255, 0.0, 0.0, 0.0];[nan, nan, nan, nan, nan, nan, nan, nan, nan, nan, nan, nan, nan, nan, nan];56.4456852999283;23.529409799957648
279;[nan, nan, nan];False;False;[0.0, 7.25, 1.4500000000000002, 0.0, 2.0, 48.2381134969264, 0.3983561797091876, 0.4765943276582598, 17785.349229771367, 7302.128146683981, 17370.546494886126, 0.0, 3.0, 1.0, 0.033508622114037136, 0.09531583875118375, 0.021969759092975216, 0.18015295879241283, 0.045494449656147906, 0.10744694942094508, 0.32897650103268067, 0.03226539609531567, 0.0, 0.10863494666112164, 0.06356065683734559, 0.3333333333333333, 0.3333333333333333, 0.0051208638910666395, 0.21073653234517148, 0.2125442759099449, 0.008995410990192512, 0.3149586681976001, 0.37309185866262834, 0.0, 0.0, 0.0, 0.030000000000000002, 0.255, 0.0, 0.0, 1.0];[nan, nan, nan, nan, nan, nan, nan, nan, nan, nan, nan, nan, nan, nan, nan];119.31058579997625;23.529409799957648
280;[nan, nan, nan];False;False;[1.0, 9.440435805816138, 1.6245703907300708, 0.0, 0.0, 29.40030720544479, 0.5, 0.5, 14455.444963542504, 10500.0, 10500.0, 1.0, 2.587969120682205, 0.0, 0.025, 0.04006083785388225, 0.0, 0.0, 0.05, 0.5, 0.5, 0.05, 0.5, 0.5, 0.04952544321696151, 0.0, 0.0, 0.05, 0.5, 0.5, 0.05, 0.5, 0.5, 0.0, 1.0, 0.0, 0.022605212954541334, 0.13906721872837027, 31.0, 0.0, 0.0];[nan, nan, nan, nan, nan, nan, nan, nan, nan, nan, nan, nan, nan, nan, nan];46.411863500019535;23.529409799957648
281;[25.40528549674328, 1176.5035333606718, 118.69167623969301];True;False;[0.0, 7.25, 1.4500000000000002, 0.0, 0.0, 22.76717525319273, 0.5, 0.5, 7002.85569438707, 10500.0, 10500.0, 0.0, 3.0, 0.0, 0.025, 0.035664818079339175, 0.0, 0.0, 0.05, 0.5, 0.5, 0.05, 0.5, 0.5, 0.002143869597346213, 0.0, 0.0, 0.05, 0.5, 0.5, 0.05, 0.5, 0.5, 0.0, 0.0, 0.0, 0.030000000000000002, 0.255, 0.0, 0.0, 0.0];[0.2901338576009742, -1.4860627962844781, 7.954354711006957, 0.8011447872044481, -0.4, 7.767175253192729, -14.0, -14.0, -1.0, 0.0, 0.0, -1.0, 0.0, 0.0, 0.03881065153288099];5.253773299977183;15.898903400055133
282;[nan, nan, nan];False;False;[1.0, 9.412143339860545, 1.4728112568258116, 1.0, 1.0, 38.439805868480114, 0.49481476632185106, 0.5, 1876.1130437099691, 13220.756264796608, 10500.0, 0.0, 3.0, 0.0, 0.025, 0.05642367012928523, 0.17135085858548119, 0.0, 0.036536791274435806, 0.4352585652040962, 0.0, 0.05, 0.5, 0.5, 0.08845245181010632, 0.5237972473392452, 0.0, 0.02541913911051029, 0.6040729365275573, 0.0, 0.05, 0.5, 0.5, 0.0, 0.0, 0.0, 0.030000000000000002, 0.255, 0.0, 0.0, 1.0];[nan, nan, nan, nan, nan, nan, nan, nan, nan, nan, nan, nan, nan, nan, nan];93.14322480000556;15.898903400055133
283;[nan, nan, nan];False;False;[1.0, 8.425186577737335, 1.6321241636741854, 0.0, 0.0, 33.57870986159225, 0.5, 0.5, 3340.2608790121317, 10500.0, 10500.0, 1.0, 2.8406919437115583, 0.0, 0.025, 0.0392228670287304, 0.0, 0.0, 0.05, 0.5, 0.5, 0.05, 0.5, 0.5, 0.06682985099358528, 0.0, 0.0, 0.05, 0.5, 0.5, 0.05, 0.5, 0.5, 0.0, 0.0, 0.0, 0.030000000000000002, 0.255, 0.0, 0.0, 0.0];[nan, nan, nan, nan, nan, nan, nan, nan, nan, nan, nan, nan, nan, nan, nan];38.59664950007573;15.898903400055133
284;[nan, nan, nan];False;False;[1.0, 9.493067134742716, 1.7287502813932993, 0.0, 0.0, 37.90688121734768, 0.5, 0.5, 7046.566648304015, 10500.0, 10500.0, 1.0, 2.7595058678137847, 0.0, 0.025, 0.046065803588603405, 0.0, 0.0, 0.05, 0.5, 0.5, 0.05, 0.5, 0.5, 0.044988557105214946, 0.0, 0.0, 0.05, 0.5, 0.5, 0.05, 0.5, 0.5, 0.0, 0.0, 0.0, 0.030000000000000002, 0.255, 0.0, 0.0, 0.0];[nan, nan, nan, nan, nan, nan, nan, nan, nan, nan, nan, nan, nan, nan, nan];38.15028279996477;15.898903400055133
285;[nan, nan, nan];False;False;[1.0, 8.37870649296656, 1.7980370181824559, 0.0, 1.0, 30.816530233417062, 0.3811637943543865, 0.5, 13358.326446346458, 10083.254653065163, 10500.0, 1.0, 2.660085807921757, 0.0, 0.025, 0.1, 0.12004511743748382, 0.0, 0.025586799676846062, 0.34699673795164737, 0.0, 0.05, 0.5, 0.5, 0.07134659233351687, 0.5157727558059758, 0.0, 0.0, 0.49967766275894276, 0.0, 0.05, 0.5, 0.5, 0.0, 0.0, 0.0, 0.030000000000000002, 0.255, 0.0, 1.0, 1.0];[nan, nan, nan, nan, nan, nan, nan, nan, nan, nan, nan, nan, nan, nan, nan];63.75877379998565;15.898903400055133
286;[21.433564118095912, 1542.5575443937937, 116.55277397552823];True;False;[0.0, 7.25, 1.4500000000000002, 0.0, 0.0, 43.02779419145888, 0.5, 0.5, 6915.642021948646, 10500.0, 10500.0, 0.0, 3.0, 0.0, 0.025, 0.08326704048179051, 0.0, 0.0, 0.05, 0.5, 0.5, 0.05, 0.5, 0.5, 0.09858056794856268, 0.0, 0.0, 0.05, 0.5, 0.5, 0.05, 0.5, 0.5, 0.0, 0.0, 0.0, 0.030000000000000002, 0.255, 0.0, 0.0, 0.0];[0.6388959876083486, -1.3962217646439397, 48.84754168458089, 0.7247279305232261, -0.4, 28.02779419145888, -14.0, -14.0, -1.0, 0.0, 0.0, -1.0, 0.0, 0.0, 0.002243118165327407];5.00543000001926;29.535241200006567
287;[nan, nan, nan];False;False;[1.0, 10.637483668005773, 1.5946294019032154, 0.0, 0.0, 37.80787980469168, 0.5, 0.5, 8905.345252725867, 10500.0, 10500.0, 1.0, 2.8684890471861415, 0.0, 0.025, 0.05956151206115983, 0.0, 0.0, 0.05, 0.5, 0.5, 0.05, 0.5, 0.5, 0.09306948467219311, 0.0, 0.0, 0.05, 0.5, 0.5, 0.05, 0.5, 0.5, 0.0, 0.0, 0.0, 0.030000000000000002, 0.255, 0.0, 0.0, 0.0];[nan, nan, nan, nan, nan, nan, nan, nan, nan, nan, nan, nan, nan, nan, nan];36.04891289991792;29.535241200006567
288;[nan, nan, nan];False;False;[1.0, 11.364709647865446, 1.6063115675362978, 0.0, 0.0, 24.929681164660014, 0.5, 0.5, 2916.3896793066797, 10500.0, 10500.0, 1.0, 2.8184790039095393, 0.0, 0.025, 0.03309592848686417, 0.0, 0.0, 0.05, 0.5, 0.5, 0.05, 0.5, 0.5, 0.0865871886274648, 0.0, 0.0, 0.05, 0.5, 0.5, 0.05, 0.5, 0.5, 0.0, 0.0, 0.0, 0.030000000000000002, 0.255, 0.0, 0.0, 0.0];[nan, nan, nan, nan, nan, nan, nan, nan, nan, nan, nan, nan, nan, nan, nan];64.80201099999249;29.535241200006567
289;[21.543386380368073, 1522.2208832207903, 116.85548783649816];True;False;[0.0, 7.25, 1.4500000000000002, 0.0, 0.0, 47.71097570956966, 0.5, 0.5, 16971.305352681942, 10500.0, 10500.0, 0.0, 3.0, 0.0, 0.025, 0.03337747823686233, 0.0, 0.0, 0.05, 0.5, 0.5, 0.05, 0.5, 0.5, 0.08813691921621236, 0.0, 0.0, 0.05, 0.5, 0.5, 0.05, 0.5, 0.5, 0.0, 0.0, 0.0, 0.030000000000000002, 0.255, 0.0, 0.0, 0.0];[0.5669495170617767, -1.414755156261491, 61.153028058513925, 0.7682259960902273, -0.4, 32.71097570956966, -14.0, -14.0, -1.0, 0.0, 0.0, -1.0, 0.0, 0.0, 0.00937455288489819];4.919703499996103;29.535241200006567
290;[nan, nan, nan];False;False;[1.0, 8.678957218385811, 1.6144206694562475, 0.0, 1.0, 36.27594613991097, 0.27060407421619126, 0.5, 6910.679737336434, 9863.589915713756, 10500.0, 1.0, 2.758120909631197, 0.0, 0.025, 0.09168155486864611, 0.15343189068538546, 0.0, 0.00933386891068668, 0.2702156714024188, 0.0, 0.05, 0.5, 0.5, 0.080602710812066, 0.4819797715272559, 0.0, 0.0, 0.6352700417948154, 0.0, 0.05, 0.5, 0.5, 0.0, 0.0, 0.0, 0.030000000000000002, 0.255, 0.0, 1.0, 1.0];[nan, nan, nan, nan, nan, nan, nan, nan, nan, nan, nan, nan, nan, nan, nan];76.28257820010185;29.535241200006567
291;[9.49200723926492, 2998.955254482975, 113.36130989337664];True;False;[1.0, 5.803171707396441, 1.7250332490413989, 0.0, 1.0, 42.89124622862079, 0.3122716351310084, 0.5, 12544.821700644596, 9789.783316082912, 10500.0, 1.0, 2.7683995449708876, 0.0, 0.025, 0.037773930271120526, 0.3085145816495652, 0.0, 0.022620555782113787, 0.15913599018202476, 0.0, 0.05, 0.5, 0.5, 0.02808524369892067, 0.5473521407761064, 0.0, 0.01120913506464889, 0.7049235737253335, 0.0, 0.05, 0.5, 0.5, 0.0, 0.0, 0.0, 0.030000000000000002, 0.255, 0.0, 1.0, 1.0];[0.1290221255184658, -0.1584193142902306, 58.304585420556705, -0.34389077935987333, -0.5877283648689916, -7.60006683654918, -11.639968122805062, -14.0, -0.6914854183504349, -0.8408640098179753, 0.0, -0.4526478592238936, -0.29507642627466646, 0.0, -0.20281470609575042];21.846299899974838;18.982719199964777
292;[44.18200534238683, 999.8012142993327, 121.90012551814368];True;False;[0.0, 7.25, 1.4500000000000002, 0.0, 1.0, 6.292069036696185, 0.6489502998707765, 0.5, 9490.913296707296, 8373.35065568165, 10500.0, 0.0, 3.0, 1.0, 0.03012074730879573, 0.061094731123506774, 0.13783948085715947, 0.0, 0.0295859781756926, 0.5055102699961449, 0.0, 0.05, 0.5, 0.5, 0.09583181053047468, 0.14630112094425735, 0.0, 0.017991275877883097, 0.6104105273489282, 0.0, 0.05, 0.5, 0.5, 0.0, 0.0, 0.0, 0.030000000000000002, 0.255, 0.0, 0.0, 1.0];[1.03211495949523, -1.4846479453773767, 164.98607473560799, 0.46457288040001776, -0.25104970012922356, -13.155089409004376, -11.589499205324303, -14.0, -0.8621605191428405, -0.4944897300038551, 0.0, -0.8536988790557427, -0.3895894726510718, 0.0, 0.06451826254615978];37.648482499993406;18.982719199964777
293;[9.184488888490907, 3356.296564498058, 131.1634300149763];True;False;[1.0, 7.078244499021341, 1.5813444863906734, 0.0, 1.0, 33.688735320063536, 0.4955649146272325, 0.5, 18026.003731562185, 13027.720195512491, 10500.0, 1.0, 2.8943198892776953, 0.0, 0.025, 0.09945566811666733, 0.6537048061791132, 0.0, 0.04351680455324902, 0.2687466993321186, 0.0, 0.05, 0.5, 0.5, 0.05946441176208599, 0.6169588966107001, 0.0, 0.013575117346149294, 0.3218871180791809, 0.0, 0.05, 0.5, 0.5, 0.0, 0.0, 0.0, 0.030000000000000002, 0.255, 0.0, 1.0, 1.0];[0.394554862070013, 0.08569176818216562, 33.377063890823415, -0.7753027212059667, -0.4044350853727675, -10.343265509388853, -10.425151229169462, -14.0, -0.3462951938208868, -0.7312533006678814, 0.0, -0.38304110338929986, -0.6781128819208191, 0.0, -0.22972494778747043];15.461383800022304;18.982719199964777
294;[nan, nan, nan];False;False;[1.0, 7.825464908856975, 1.6780522007652723, 0.0, 0.0, 33.25352842355538, 0.5, 0.5, 4494.151130981926, 10500.0, 10500.0, 1.0, 2.912719302753901, 0.0, 0.025, 0.0639385627630189, 0.0, 0.0, 0.05, 0.5, 0.5, 0.05, 0.5, 0.5, 0.014633714762850478, 0.0, 0.0, 0.05, 0.5, 0.5, 0.05, 0.5, 0.5, 0.0, 0.0, 0.0, 0.030000000000000002, 0.255, 0.0, 0.0, 0.0];[nan, nan, nan, nan, nan, nan, nan, nan, nan, nan, nan, nan, nan, nan, nan];37.98662440001499;18.982719199964777
295;[21.93492291361306, 1884.08502597049, 115.70027321562111];True;False;[0.0, 7.25, 1.4500000000000002, 0.0, 1.0, 31.622315216110472, 0.4719772478442631, 0.5, 11355.0686896914, 9742.077783498571, 10500.0, 0.0, 3.0, 1.0, 0.0034092129866921104, 0.03640680042899879, 0.5356670240328403, 0.0, 0.09970604347653739, 0.9345852600354547, 0.0, 0.05, 0.5, 0.5, 0.0019310805154383129, 0.8559888589818678, 0.0, 0.025717497166761222, 0.47413705651212706, 0.0, 0.05, 0.5, 0.5, 0.0, 0.0, 0.0, 0.030000000000000002, 0.255, 0.0, 0.0, 0.0];[2.0092207543565266, -1.2664547841536062, 102.77594638889651, 0.5630946431076469, -0.42802275215573693, -9.052114244595732, -9.683436011295555, -14.0, -0.4643329759671597, -0.06541473996454528, 0.0, -0.14401114101813217, -0.525862943487873, 0.0, -0.020222152083304135];16.227955700014718;18.982719199964777
296;[nan, nan, nan];False;False;[1.0, 9.359543950996947, 1.7114518768727285, 0.0, 0.0, 31.828460503168436, 0.5, 0.5, 1169.860103902159, 10500.0, 10500.0, 0.0, 3.0, 0.0, 0.025, 0.07742708754205821, 0.0, 0.0, 0.05, 0.5, 0.5, 0.05, 0.5, 0.5, 0.06203168645354893, 0.0, 0.0, 0.05, 0.5, 0.5, 0.05, 0.5, 0.5, 0.0, 0.0, 0.0, 0.030000000000000002, 0.255, 0.0, 0.0, 0.0];[nan, nan, nan, nan, nan, nan, nan, nan, nan, nan, nan, nan, nan, nan, nan];41.29993689991534;15.583909799926914
297;[11.832053964614753, 3119.3535629896496, 107.13210375563389];True;False;[1.0, 3.321425192991566, 1.557825961691698, 0.0, 1.0, 43.566325497608865, 0.10907095526561089, 0.5, 7217.853949855507, 4580.776155113104, 10500.0, 1.0, 3.393171835969385, 0.0, 0.025, 0.06361666175625239, 0.4941246889158064, 0.0, 0.02826333399203114, 0.9560408059404271, 0.0, 0.05, 0.5, 0.5, 0.03185177938975725, 0.13266231925549632, 0.0, 0.04721006145360564, 0.40123361370437866, 0.0, 0.05, 0.5, 0.5, 0.0, 0.0, 0.0, 0.030000000000000002, 0.255, 0.0, 0.0, 1.0];[0.18357779905867222, -0.339621367195011, 57.39889123224381, -3.3306690738754696e-16, -0.7909290447343891, 0.11412458044858731, -13.149670823129977, -14.0, -0.5058753110841936, -0.04395919405957294, 0.0, -0.8673376807445037, -0.5987663862956214, 0.0, -0.17718075986623644];27.051256499951705;15.583909799926914
298;[nan, nan, nan];False;False;[1.0, 2.0471201172404436, 1.414257820284234, 1.0, 0.0, 49.20344801706877, 0.5, 0.5, 4915.499340102144, 10500.0, 10500.0, 0.0, 3.0, 0.0, 0.025, 0.07475408973093871, 0.0, 0.0, 0.05, 0.5, 0.5, 0.05, 0.5, 0.5, 0.059081836241626356, 0.0, 0.0, 0.05, 0.5, 0.5, 0.05, 0.5, 0.5, 0.0, 0.0, 0.0, 0.030000000000000002, 0.255, 0.0, 0.0, 0.0];[nan, nan, nan, nan, nan, nan, nan, nan, nan, nan, nan, nan, nan, nan, nan];23.884413299965672;15.583909799926914
299;[14.453692101655887, 2240.5030954083077, 107.73735314986882];True;False;[1.0, 2.0, 1.7686771737982911, 0.0, 0.0, 41.44378824013322, 0.5, 0.5, 2221.961539149767, 10500.0, 10500.0, 0.0, 3.0, 0.0, 0.025, 0.07475977563510007, 0.0, 0.0, 0.05, 0.5, 0.5, 0.05, 0.5, 0.5, 0.08410457890624723, 0.0, 0.0, 0.05, 0.5, 0.5, 0.05, 0.5, 0.5, 0.0, 0.0, 0.0, 0.030000000000000002, 0.255, 0.0, 0.0, 0.0];[-0.2696918030544033, -0.5724135370711472, 46.71438791566097, 0.0, -0.4, 8.432081814643063, -14.0, -14.0, -1.0, 0.0, 0.0, -1.0, 0.0, 0.0, -0.14195210715197543];5.270844699931331;15.583909799926914
300;[9.991359581810352, 3133.675263559997, 107.9530716705408];True;False;[1.0, 4.61531635557672, 1.6779522760275585, 0.0, 1.0, 43.9178162834763, 0.1142080559719704, 0.5, 7381.664700848067, 8037.765948466275, 10500.0, 1.0, 2.0620235459933505, 0.0, 0.025, 0.06545374174306673, 0.3151304265175759, 0.0, 0.03401797436182394, 0.42884891164085487, 0.0, 0.05, 0.5, 0.5, 0.06444531022623819, 0.08730922751308172, 0.0, 0.02770452690261086, 0.572137816462274, 0.0, 0.05, 0.5, 0.5, 0.0, 1.0, 0.0, 0.01144329069892109, 0.24648287003943797, 42.0, 1.0, 1.0];[0.17969397386842623, -0.21307413042203605, 57.58398379126176, -0.06668699886085938, -0.7857919440280297, -0.7521918017722076, -13.16298343290238, -14.0, -0.6848695734824242, -0.5711510883591451, 0.0, -0.9126907724869183, -0.427862183537726, 0.0, -0.20546628461987437];19.203232600004412;15.583909799926914
301;[nan, nan, nan];False;False;[1.0, 12.42563937514955, 1.684258246671532, 0.0, 1.0, 24.64167279022604, 0.3848842146768, 0.5, 18013.371356929587, 8598.70669236876, 10500.0, 1.0, 3.1119898260764236, 1.0, 0.0036737282735272605, 0.05059527952883687, 0.018615572977770615, 0.0, 0.030398887537235915, 0.22491347277327123, 0.0, 0.05, 0.5, 0.5, 0.07499516399421521, 0.91618274513153, 0.0, 0.0040886610749333715, 0.5420730705028145, 0.0, 0.05, 0.5, 0.5, 0.0, 0.0, 0.0, 0.030000000000000002, 0.255, 0.0, 1.0, 0.0];[nan, nan, nan, nan, nan, nan, nan, nan, nan, nan, nan, nan, nan, nan, nan];94.63258660002612;16.567857600050047
302;[10.428544846715516, 2603.938894426403, 107.6353013420753];True;False;[1.0, 6.545773334539471, 1.5067125156718688, 0.0, 0.0, 25.842283577001425, 0.5, 0.5, 12011.473471804578, 10500.0, 10500.0, 1.0, 4.200562536676212, 0.0, 0.025, 0.047483014898838445, 0.0, 0.0, 0.05, 0.5, 0.5, 0.05, 0.5, 0.5, 0.02961555347327867, 0.0, 0.0, 0.05, 0.5, 0.5, 0.05, 0.5, 0.5, 0.0, 0.0, 0.0, 0.030000000000000002, 0.255, 0.0, 0.0, 0.0];[-0.3291447345982723, -0.1626621037904874, 13.369366956775153, 0.0, -0.4, 2.1514361951642194, -14.0, -14.0, -1.0, 0.0, 0.0, -1.0, 0.0, 0.0, -0.2052260844337106];6.549591299961321;16.567857600050047
303;[nan, nan, nan];False;False;[1.0, 10.124757504577232, 1.8, 0.0, 0.0, 24.998670070449247, 0.5, 0.5, 14792.336081138488, 10500.0, 10500.0, 0.0, 3.0, 0.0, 0.025, 0.08622679981962961, 0.0, 0.0, 0.05, 0.5, 0.5, 0.05, 0.5, 0.5, 0.0040046935402736974, 0.0, 0.0, 0.05, 0.5, 0.5, 0.05, 0.5, 0.5, 0.0, 0.0, 0.0, 0.030000000000000002, 0.255, 0.0, 0.0, 0.0];[nan, nan, nan, nan, nan, nan, nan, nan, nan, nan, nan, nan, nan, nan, nan];43.441682400065474;16.567857600050047
304;[nan, nan, nan];False;False;[1.0, 5.328148120738991, 1.8, 0.0, 0.0, 44.83784720818247, 0.5, 0.5, 2841.870870770792, 10500.0, 10500.0, 0.0, 3.0, 0.0, 0.025, 0.038317128121941574, 0.0, 0.0, 0.05, 0.5, 0.5, 0.05, 0.5, 0.5, 0.013745137909628764, 0.0, 0.0, 0.05, 0.5, 0.5, 0.05, 0.5, 0.5, 0.0, 0.0, 0.0, 0.030000000000000002, 0.255, 0.0, 0.0, 0.0];[nan, nan, nan, nan, nan, nan, nan, nan, nan, nan, nan, nan, nan, nan, nan];35.02295120002236;16.567857600050047
305;[nan, nan, nan];False;False;[1.0, 7.710372320271425, 1.5822497075225028, 0.0, 0.0, 33.426818269570695, 0.5, 0.5, 11307.43793686373, 10500.0, 10500.0, 1.0, 1.4675700359359942, 0.0, 0.025, 0.07927151907309657, 0.0, 0.0, 0.05, 0.5, 0.5, 0.05, 0.5, 0.5, 0.011814109867885917, 0.0, 0.0, 0.05, 0.5, 0.5, 0.05, 0.5, 0.5, 0.0, 0.0, 0.0, 0.030000000000000002, 0.255, 0.0, 0.0, 0.0];[nan, nan, nan, nan, nan, nan, nan, nan, nan, nan, nan, nan, nan, nan, nan];42.71318640001118;16.567857600050047
306;[nan, nan, nan];False;False;[1.0, 10.619783751855532, 1.4652533887860069, 1.0, 0.0, 20.616926237708743, 0.5, 0.5, 19170.28887212781, 10500.0, 10500.0, 1.0, 4.020350293814824, 0.0, 0.025, 0.07239519291661124, 0.0, 0.0, 0.05, 0.5, 0.5, 0.05, 0.5, 0.5, 0.06353251985046607, 0.0, 0.0, 0.05, 0.5, 0.5, 0.05, 0.5, 0.5, 0.0, 1.0, 0.0, 0.014476409576214311, 0.41236527154215663, 0.0, 0.0, 0.0];[nan, nan, nan, nan, nan, nan, nan, nan, nan, nan, nan, nan, nan, nan, nan];41.32127049996052;23.660640400019474
307;[22.545713217123332, 1394.4476342344315, 117.55453732529092];True;False;[0.0, 7.25, 1.4500000000000002, 0.0, 0.0, 40.285333769631485, 0.5, 0.5, 3112.0090475699767, 10500.0, 10500.0, 0.0, 3.0, 0.0, 0.025, 0.07390141547394412, 0.0, 0.0, 0.05, 0.5, 0.5, 0.05, 0.5, 0.5, 0.003546522390513473, 0.0, 0.0, 0.05, 0.5, 0.5, 0.05, 0.5, 0.5, 0.0, 0.0, 0.0, 0.030000000000000002, 0.255, 0.0, 0.0, 0.0];[0.440303934794505, -1.4473790244646356, 42.150224896475756, 0.8129724236620279, -0.4, 25.285333769631485, -14.0, -14.0, -1.0, 0.0, 0.0, -1.0, 0.0, 0.0, 0.022432461405038295];5.768938300083391;23.660640400019474
308;[nan, nan, nan];False;False;[1.0, 3.7774492963807846, 1.227024825000472, 1.0, 1.0, 2.647952171683761, 0.6327368185161579, 0.5, 17511.417754127975, 4973.734476320185, 10500.0, 1.0, 3.6224065257592057, 1.0, 0.016448210607360687, 0.022773262678417436, 0.6751482705457751, 0.0, 0.0349362396123311, 0.6941580058036376, 0.0, 0.05, 0.5, 0.5, 0.08163010218613236, 0.39129349712358086, 0.0, 0.01924289805263408, 0.3243658533316112, 0.0, 0.05, 0.5, 0.5, 1.0, 0.0, 0.0, 0.030000000000000002, 0.255, 0.0, 1.0, 1.0];[nan, nan, nan, nan, nan, nan, nan, nan, nan, nan, nan, nan, nan, nan, nan];83.82397680007853;23.660640400019474
309;[nan, nan, nan];False;False;[1.0, 11.391300583327705, 1.1316969608520306, 0.0, 1.0, 53.40561813579512, 0.31440943754875816, 0.5, 11381.353434324692, 3701.321886330992, 10500.0, 0.0, 3.0, 1.0, 0.02702169581055975, 0.07662595535380462, 0.814244635763949, 0.0, 0.07461086161841797, 0.7555176470592827, 0.0, 0.05, 0.5, 0.5, 0.04231284381211702, 0.5921782604442141, 0.0, 0.06474286565094095, 0.18642392245379444, 0.0, 0.05, 0.5, 0.5, 0.0, 0.0, 0.0, 0.030000000000000002, 0.255, 0.0, 0.0, 1.0];[nan, nan, nan, nan, nan, nan, nan, nan, nan, nan, nan, nan, nan, nan, nan];10.845440500066616;23.660640400019474
310;[nan, nan, nan];False;False;[0.0, 7.25, 1.4500000000000002, 0.0, 2.0, 30.131608257127116, 0.24407704979617229, 0.10834451880135654, 11208.582925229555, 6899.407494661338, 18013.719847621127, 0.0, 3.0, 1.0, 0.008977344614734392, 0.04851163710046722, 0.3333333333333333, 0.3333333333333333, 0.06361025388750638, 0.3333333333333333, 0.3333333333333333, 0.0642310419944628, 0.3333333333333333, 0.3333333333333333, 0.035150034947435224, 0.3333333333333333, 0.3333333333333333, 0.027220675197116774, 0.3333333333333333, 0.3333333333333333, 0.06589704349419125, 0.3333333333333333, 0.3333333333333333, 0.0, 0.0, 0.0, 0.030000000000000002, 0.255, 0.0, 2.0, 0.0];[nan, nan, nan, nan, nan, nan, nan, nan, nan, nan, nan, nan, nan, nan, nan];101.06762390001677;23.660640400019474
311;[nan, nan, nan];False;False;[1.0, 3.2372804863742353, 1.7628984075995255, 0.0, 0.0, 54.7180660016687, 0.5, 0.5, 15518.953130810432, 10500.0, 10500.0, 1.0, 2.169238458607018, 0.0, 0.025, 0.044663391624470326, 0.0, 0.0, 0.05, 0.5, 0.5, 0.05, 0.5, 0.5, 0.06164906391862654, 0.0, 0.0, 0.05, 0.5, 0.5, 0.05, 0.5, 0.5, 0.0, 0.0, 0.0, 0.030000000000000002, 0.255, 0.0, 0.0, 0.0];[nan, nan, nan, nan, nan, nan, nan, nan, nan, nan, nan, nan, nan, nan, nan];28.493747400003485;9.139964499976486
312;[nan, nan, nan];False;False;[1.0, 10.750729167623486, 1.8, 0.0, 0.0, 32.05060498397728, 0.5, 0.5, 17234.66197837401, 10500.0, 10500.0, 0.0, 3.0, 0.0, 0.025, 0.0022223540434800067, 0.0, 0.0, 0.05, 0.5, 0.5, 0.05, 0.5, 0.5, 0.06811286809774299, 0.0, 0.0, 0.05, 0.5, 0.5, 0.05, 0.5, 0.5, 0.0, 0.0, 0.0, 0.030000000000000002, 0.255, 0.0, 0.0, 0.0];[nan, nan, nan, nan, nan, nan, nan, nan, nan, nan, nan, nan, nan, nan, nan];49.398467599996366;9.139964499976486
313;[nan, nan, nan];False;False;[1.0, 9.757853670643007, 1.7891951737025975, 0.0, 0.0, 32.40437293361146, 0.5, 0.5, 6273.748263880555, 10500.0, 10500.0, 1.0, 3.1835981063110608, 0.0, 0.025, 0.04707574717103528, 0.0, 0.0, 0.05, 0.5, 0.5, 0.05, 0.5, 0.5, 0.025169106704247858, 0.0, 0.0, 0.05, 0.5, 0.5, 0.05, 0.5, 0.5, 0.0, 0.0, 0.0, 0.030000000000000002, 0.255, 0.0, 0.0, 0.0];[nan, nan, nan, nan, nan, nan, nan, nan, nan, nan, nan, nan, nan, nan, nan];40.87196989997756;9.139964499976486
314;[15.66230538108091, 2608.180362114499, 107.96513631123815];True;False;[1.0, 2.0004011266830246, 1.792687426198167, 0.0, 0.0, 43.04852941028221, 0.5, 0.5, 6117.945349560854, 10500.0, 10500.0, 0.0, 3.0, 0.0, 0.025, 0.035683087353529944, 0.0, 0.0, 0.05, 0.5, 0.5, 0.05, 0.5, 0.5, 0.08911119410186008, 0.0, 0.0, 0.05, 0.5, 0.5, 0.05, 0.5, 0.5, 0.0, 1.0, 0.0, 0.035378469625379445, 0.2597361335071926, 98.0, 0.0, 0.0];[-0.191407587879576, -0.5268780512959728, 46.68526942016378, 0.0, -0.4, 9.013405115233706, -14.0, -14.0, -1.0, 0.0, 0.0, -1.0, 0.0, 0.0, -0.1430197230798202];6.015269899973646;9.139964499976486
315;[nan, nan, nan];False;False;[0.0, 7.25, 1.4500000000000002, 0.0, 2.0, 46.440647307551664, 0.28207938743123473, 0.6643142812540705, 5412.082422465328, 12190.99879053758, 13286.977760365407, 0.0, 3.0, 1.0, 0.045369192801755324, 0.08209760179712063, 0.28785978630370634, 0.4624012654236143, 0.05308577437723888, 0.3333333333333333, 0.3333333333333333, 0.021738583130680812, 0.3333333333333333, 0.3333333333333333, 0.09809506786855345, 0.3333333333333333, 0.3333333333333333, 0.03053930458720022, 0.4639090634949393, 0.3621563287653294, 0.022701959407608788, 0.4152971153000715, 0.27780795450371665, 0.0, 0.0, 0.0, 0.030000000000000002, 0.255, 0.0, 2.0, 1.0];[nan, nan, nan, nan, nan, nan, nan, nan, nan, nan, nan, nan, nan, nan, nan];88.84492029994726;9.139964499976486
316;[nan, nan, nan];False;False;[1.0, 7.310254490472523, 1.6879681982730845, 0.0, 0.0, 36.97202323861506, 0.5, 0.5, 4298.7685054707235, 10500.0, 10500.0, 0.0, 3.0, 0.0, 0.025, 0.014183962594944633, 0.0, 0.0, 0.05, 0.5, 0.5, 0.05, 0.5, 0.5, 0.0849408757550525, 0.0, 0.0, 0.05, 0.5, 0.5, 0.05, 0.5, 0.5, 0.0, 0.0, 0.0, 0.030000000000000002, 0.255, 0.0, 0.0, 0.0];[nan, nan, nan, nan, nan, nan, nan, nan, nan, nan, nan, nan, nan, nan, nan];50.30617360002361;13.28548839990981
317;[nan, nan, nan];False;False;[1.0, 9.471601479961182, 1.6257336644861882, 0.0, 0.0, 39.71767510475225, 0.5, 0.5, 17350.41012527838, 10500.0, 10500.0, 1.0, 1.8103505680155878, 0.0, 0.025, 0.018125147933204282, 0.0, 0.0, 0.05, 0.5, 0.5, 0.05, 0.5, 0.5, 0.027878067866326402, 0.0, 0.0, 0.05, 0.5, 0.5, 0.05, 0.5, 0.5, 0.0, 1.0, 0.0, 0.019817429531417904, 0.1442276759402537, 1.0, 0.0, 0.0];[nan, nan, nan, nan, nan, nan, nan, nan, nan, nan, nan, nan, nan, nan, nan];39.31039200001396;13.28548839990981
318;[nan, nan, nan];False;False;[1.0, 10.04363786548557, 1.5179066116100601, 1.0, 0.0, 33.347758312824354, 0.5, 0.5, 12183.43998355736, 10500.0, 10500.0, 0.0, 3.0, 0.0, 0.025, 0.009308019603931085, 0.0, 0.0, 0.05, 0.5, 0.5, 0.05, 0.5, 0.5, 0.0345365181706629, 0.0, 0.0, 0.05, 0.5, 0.5, 0.05, 0.5, 0.5, 0.0, 1.0, 0.0, 0.012364741127562308, 0.3187360638406447, 65.0, 0.0, 0.0];[nan, nan, nan, nan, nan, nan, nan, nan, nan, nan, nan, nan, nan, nan, nan];46.11852550006006;13.28548839990981
319;[13.009478203029508, 2729.5638467152967, 108.48032838680575];True;True;[1.0, 5.63989924209633, 1.5072117559643587, 0.0, 0.0, 15.856116341241233, 0.5, 0.5, 2939.1472463358446, 10500.0, 10500.0, 0.0, 3.0, 0.0, 0.025, 0.006177255393777425, 0.0, 0.0, 0.05, 0.5, 0.5, 0.05, 0.5, 0.5, 0.048449215531547254, 0.0, 0.0, 0.05, 0.5, 0.5, 0.05, 0.5, 0.5, 0.0, 1.0, 0.0, 0.02760694130544797, 0.12095967068188045, 155.0, 0.0, 0.0];[-0.30998791583410856, -0.20275442138068778, -1.962356415382862, 0.0, -0.4, -4.479835014227302, -14.0, -14.0, -1.0, 0.0, 0.0, -1.0, 0.0, 0.0, -0.35767132422629816];6.481743899988942;13.28548839990981
320;[11.432003697276704, 2743.4061612639357, 107.7842071752834];True;False;[1.0, 3.815005055943883, 1.8, 0.0, 1.0, 40.935631882321225, 0.13400569972306567, 0.5, 12740.324474984518, 2783.5910494008767, 10500.0, 0.0, 3.0, 0.0, 0.025, 0.010385209518735117, 0.7212255319357462, 0.0, 0.010532431026902394, 0.28875318431381497, 0.0, 0.05, 0.5, 0.5, 0.04928097611212171, 0.7476150428825759, 0.0, 0.02533508424563373, 0.7956584218794837, 0.0, 0.05, 0.5, 0.5, 0.0, 0.0, 0.0, 0.030000000000000002, 0.255, 0.0, 1.0, 0.0];[0.04119387044896783, -0.36972074122672627, 50.20223020608182, -1.5543122344752192e-15, -0.7659943002769344, -2.8769923801124904, -13.124061418959027, -14.0, -0.27877446806425377, -0.7112468156861851, 0.0, -0.25238495711742415, -0.20434157812051634, 0.0, -0.17367832788830495];36.78786040004343;13.28548839990981
321;[nan, nan, nan];False;False;[1.0, 10.624556726579216, 1.8, 1.0, 0.0, 35.00136972980614, 0.5, 0.5, 16942.729115276437, 10500.0, 10500.0, 0.0, 3.0, 0.0, 0.025, 0.058020513296559634, 0.0, 0.0, 0.05, 0.5, 0.5, 0.05, 0.5, 0.5, 0.07030657899689861, 0.0, 0.0, 0.05, 0.5, 0.5, 0.05, 0.5, 0.5, 0.0, 1.0, 0.0, 0.02458136037238018, 0.2808508358482604, 58.0, 0.0, 0.0];[nan, nan, nan, nan, nan, nan, nan, nan, nan, nan, nan, nan, nan, nan, nan];31.961421100073494;18.52227600000333
322;[nan, nan, nan];False;False;[1.0, 5.050753460232281, 1.655342810209092, 0.0, 0.0, 35.17691922932992, 0.5, 0.5, 12999.719672778818, 10500.0, 10500.0, 0.0, 3.0, 0.0, 0.025, 0.02978832889075786, 0.0, 0.0, 0.05, 0.5, 0.5, 0.05, 0.5, 0.5, 0.06119266796635754, 0.0, 0.0, 0.05, 0.5, 0.5, 0.05, 0.5, 0.5, 0.0, 0.0, 0.0, 0.030000000000000002, 0.255, 0.0, 0.0, 0.0];[nan, nan, nan, nan, nan, nan, nan, nan, nan, nan, nan, nan, nan, nan, nan];25.550855200039223;18.52227600000333
323;[nan, nan, nan];False;False;[1.0, 9.99126433688215, 1.8, 1.0, 0.0, 30.53003269819905, 0.5, 0.5, 1381.0215370510568, 10500.0, 10500.0, 1.0, 1.4594677266945801, 0.0, 0.025, 0.06870530189029415, 0.0, 0.0, 0.05, 0.5, 0.5, 0.05, 0.5, 0.5, 0.08530731680792841, 0.0, 0.0, 0.05, 0.5, 0.5, 0.05, 0.5, 0.5, 0.0, 0.0, 0.0, 0.030000000000000002, 0.255, 0.0, 0.0, 0.0];[nan, nan, nan, nan, nan, nan, nan, nan, nan, nan, nan, nan, nan, nan, nan];42.40991470008157;18.52227600000333
324;[22.251003308170873, 1432.3550419218736, 117.20411874351565];True;False;[0.0, 7.25, 1.4500000000000002, 0.0, 0.0, 38.654938560436506, 0.5, 0.5, 16243.30459007802, 10500.0, 10500.0, 0.0, 3.0, 0.0, 0.025, 0.08688617933285925, 0.0, 0.0, 0.05, 0.5, 0.5, 0.05, 0.5, 0.5, 0.043390774485492084, 0.0, 0.0, 0.05, 0.5, 0.5, 0.05, 0.5, 0.5, 0.0, 0.0, 0.0, 0.030000000000000002, 0.255, 0.0, 0.0, 0.0];[0.5156302191346924, -1.427974993715574, 38.34459066430946, 0.7726430505635249, -0.4, 23.654938560436506, -14.0, -14.0, -1.0, 0.0, 0.0, -1.0, 0.0, 0.0, 0.01458640928057986];5.155990700004622;18.52227600000333
325;[nan, nan, nan];False;False;[1.0, 6.478898744297714, 1.6520620752092003, 1.0, 1.0, 43.35195176269141, 0.5235624030369329, 0.5, 14632.024947931393, 13271.103957924897, 10500.0, 0.0, 3.0, 0.0, 0.025, 0.09017673804302546, 0.5390307175035848, 0.0, 0.05547227662934984, 0.7400719414278897, 0.0, 0.05, 0.5, 0.5, 0.014837195333234214, 0.6780411947380707, 0.0, 0.0009914764270479175, 0.8011287618978854, 0.0, 0.05, 0.5, 0.5, 0.0, 0.0, 0.0, 0.030000000000000002, 0.255, 0.0, 1.0, 1.0];[nan, nan, nan, nan, nan, nan, nan, nan, nan, nan, nan, nan, nan, nan, nan];72.36500630003866;18.52227600000333
326;[21.071516565013386, 1740.8891077054425, 116.16513193011323];True;False;[0.0, 7.25, 1.4500000000000002, 0.0, 1.0, 41.19549787954855, 0.7096265875986653, 0.5, 18931.617487534742, 10486.657593050846, 10500.0, 0.0, 3.0, 0.0, 0.025, 0.08982346943472364, 0.5260699926159962, 0.0, 0.030951897666983575, 0.8366443336415816, 0.0, 0.05, 0.5, 0.5, 0.03031402002253816, 0.1892245114677693, 0.0, 0.06190843665531596, 0.34803498506719777, 0.0, 0.05, 0.5, 0.5, 0.0, 0.0, 0.0, 0.030000000000000002, 0.255, 0.0, 0.0, 1.0];[1.2419027968535419, -1.344032686075277, 53.18115269375447, 0.6869586087082096, -0.19037341240133476, -10.89428912743007, -4.966293497485703, -14.0, -0.4739300073840038, -0.16335566635841836, 0.0, -0.8107754885322307, -0.6519650149328022, 0.0, -0.005551946860924195];22.513055499992333;9.008536200039089
327;[nan, nan, nan];False;False;[1.0, 2.760747571006154, 1.7217530968481256, 0.0, 0.0, 45.47848845177399, 0.5, 0.5, 5535.960851037567, 10500.0, 10500.0, 0.0, 3.0, 0.0, 0.025, 0.08397025795525068, 0.0, 0.0, 0.05, 0.5, 0.5, 0.05, 0.5, 0.5, 0.062286704359239255, 0.0, 0.0, 0.05, 0.5, 0.5, 0.05, 0.5, 0.5, 0.0, 0.0, 0.0, 0.030000000000000002, 0.255, 0.0, 0.0, 0.0];[nan, nan, nan, nan, nan, nan, nan, nan, nan, nan, nan, nan, nan, nan, nan];24.81575760000851;9.008536200039089
328;[nan, nan, nan];False;False;[0.0, 7.25, 1.4500000000000002, 0.0, 2.0, 49.5953994124812, 0.32824458184349226, 0.6810685017837387, 12365.58138114605, 15256.959539346759, 8688.44383419741, 0.0, 3.0, 0.0, 0.025, 0.07788391771863507, 0.3333333333333333, 0.3333333333333333, 0.03330010942949699, 0.23170810397867522, 0.23342355624044328, 0.06582327342690533, 0.38379892685236333, 0.33102262685197037, 0.07528236583535712, 0.15405991295036214, 0.6071518537718834, 0.0785113973675636, 0.18757745879508367, 0.16761802741673576, 0.07471894321205906, 0.2670624071424853, 0.12817017751470897, 0.0, 0.0, 0.0, 0.030000000000000002, 0.255, 0.0, 0.0, 2.0];[nan, nan, nan, nan, nan, nan, nan, nan, nan, nan, nan, nan, nan, nan, nan];88.52231240004767;9.008536200039089
329;[nan, nan, nan];False;False;[1.0, 10.61082689025724, 1.7997830775960353, 0.0, 0.0, 42.31269173300778, 0.5, 0.5, 16275.56095732131, 10500.0, 10500.0, 1.0, 2.6821076501026315, 0.0, 0.025, 0.06459662483135396, 0.0, 0.0, 0.05, 0.5, 0.5, 0.05, 0.5, 0.5, 0.07393689012416721, 0.0, 0.0, 0.05, 0.5, 0.5, 0.05, 0.5, 0.5, 0.0, 0.0, 0.0, 0.030000000000000002, 0.255, 0.0, 0.0, 0.0];[nan, nan, nan, nan, nan, nan, nan, nan, nan, nan, nan, nan, nan, nan, nan];41.502475800109096;9.008536200039089
330;[21.203227224550275, 1645.07122473811, 116.48739358497932];True;False;[0.0, 7.25, 1.4500000000000002, 0.0, 1.0, 36.20833621414071, 0.34529643138098054, 0.5, 5715.314028688707, 5343.802192180495, 10500.0, 0.0, 3.0, 0.0, 0.025, 0.025887723562420056, 0.6062571168404196, 0.0, 0.08615244700420249, 0.7898714597893423, 0.0, 0.05, 0.5, 0.5, 0.05276892375667324, 0.023839732407302854, 0.0, 0.05016406775008786, 0.4654841885101671, 0.0, 0.05, 0.5, 0.5, 0.0, 0.0, 0.0, 0.030000000000000002, 0.255, 0.0, 1.0, 0.0];[1.15758837369407, -1.3642374673933253, 39.73042058666514, 0.7315505190132021, -0.5547035686190195, -6.714273500333633, -10.630034829703987, -14.0, -0.3937428831595804, -0.21012854021065774, 0.0, -0.9761602675926971, -0.534515811489833, 0.0, 0.001816758606694835];14.185846599983051;9.008536200039089
331;[nan, nan, nan];False;False;[1.0, 5.905148833543071, 1.4691080370436187, 1.0, 0.0, 48.38646372712093, 0.5, 0.5, 2111.266490292527, 10500.0, 10500.0, 1.0, 1.8140480065893998, 0.0, 0.025, 0.029102792258650458, 0.0, 0.0, 0.05, 0.5, 0.5, 0.05, 0.5, 0.5, 0.01291692739511321, 0.0, 0.0, 0.05, 0.5, 0.5, 0.05, 0.5, 0.5, 0.0, 0.0, 0.0, 0.030000000000000002, 0.255, 0.0, 0.0, 0.0];[nan, nan, nan, nan, nan, nan, nan, nan, nan, nan, nan, nan, nan, nan, nan];26.981297499965876;21.737107999972068
332;[22.452928946300887, 1613.252205633579, 116.7815477097333];True;False;[0.0, 7.25, 1.4500000000000002, 0.0, 1.0, 33.080825433952, 0.1611194618636, 0.5, 7281.737339168778, 9378.877585522676, 10500.0, 0.0, 3.0, 0.0, 0.025, 0.07066566283973469, 0.6854832498891875, 0.0, 0.04705686726496996, 0.4591141080932736, 0.0, 0.05, 0.5, 0.5, 0.06450351520474233, 0.5961042751970553, 0.0, 0.005156218900502637, 0.02570630309901162, 0.0, 0.05, 0.5, 0.5, 0.0, 0.0, 0.0, 0.030000000000000002, 0.255, 0.0, 1.0, 1.0];[1.1490171966344533, -1.3662914310170746, 30.78172662905252, 0.6843326854724461, -0.7388805381364001, -1.8760602808138565, -12.479352531192253, -14.0, -0.3145167501108125, -0.5408858919067264, 0.0, -0.40389572480294467, -0.9742936969009883, 0.0, 0.0025781583581485634];22.978282800060697;21.737107999972068
333;[nan, nan, nan];False;False;[1.0, 10.511747765557578, 1.5290370923651713, 0.0, 0.0, 40.21287832671015, 0.5, 0.5, 7456.1698780709075, 10500.0, 10500.0, 0.0, 3.0, 0.0, 0.025, 0.04384154649939439, 0.0, 0.0, 0.05, 0.5, 0.5, 0.05, 0.5, 0.5, 0.0896997323134903, 0.0, 0.0, 0.05, 0.5, 0.5, 0.05, 0.5, 0.5, 0.0, 1.0, 0.0, 0.016044901491355422, 0.18587051084728287, 27.0, 0.0, 0.0];[nan, nan, nan, nan, nan, nan, nan, nan, nan, nan, nan, nan, nan, nan, nan];40.67187869991176;21.737107999972068
334;[nan, nan, nan];False;False;[1.0, 4.207475478294501, 1.4173310381985245, 1.0, 0.0, 39.11469557823664, 0.5, 0.5, 5588.448796629312, 10500.0, 10500.0, 0.0, 3.0, 0.0, 0.025, 0.05121264302339876, 0.0, 0.0, 0.05, 0.5, 0.5, 0.05, 0.5, 0.5, 0.045583605766653164, 0.0, 0.0, 0.05, 0.5, 0.5, 0.05, 0.5, 0.5, 0.0, 1.0, 0.0, 0.013091143730093199, 0.13455671355321755, 45.0, 0.0, 0.0];[nan, nan, nan, nan, nan, nan, nan, nan, nan, nan, nan, nan, nan, nan, nan];55.459544399986044;21.737107999972068
335;[8.875733004593364, 4095.9748427966097, 109.82342419891219];True;False;[1.0, 5.756333520617364, 1.4415117937168676, 0.0, 2.0, 38.49792157707277, 0.11298726750770846, 0.6842759448556063, 12969.197130383543, 3001.0204996394696, 4280.9852361461635, 0.0, 3.0, 0.0, 0.025, 0.0038675008651868057, 0.08959773226899276, 0.752504313089912, 0.07402543983671157, 0.3333333333333333, 0.3333333333333333, 0.05314754233293602, 0.09886905550607192, 0.6072698601606098, 0.0955263292343115, 0.3333333333333333, 0.3333333333333333, 0.07810621459421546, 0.3333333333333333, 0.3333333333333333, 0.031977815401439395, 0.41113020931349087, 0.3384056313419698, 0.0, 0.0, 0.0, 0.030000000000000002, 0.255, 0.0, 2.0, 0.0];[0.9266073999818456, 0.05649388777376396, 46.487662638739906, -0.20084592765897102, -0.7870127324922915, -12.578555744765517, -13.650504563032367, -6.8271564081647025, -0.15789795464109524, -0.33333333333333337, -0.29386108433331826, -0.33333333333333337, -0.33333333333333337, -0.25046415934453936, -0.2236351426454049];55.63619049999397;21.737107999972068
336;[17.29543926781806, 2864.494140088642, 108.01813277276648];True;False;[1.0, 2.0, 1.7333688514051944, 0.0, 0.0, 28.052312742988807, 0.5, 0.5, 1673.3460840581738, 10500.0, 10500.0, 1.0, 2.1499054956899695, 0.0, 0.025, 0.02786137824414285, 0.0, 0.0, 0.05, 0.5, 0.5, 0.05, 0.5, 0.5, 0.037888832125323804, 0.0, 0.0, 0.05, 0.5, 0.5, 0.05, 0.5, 0.5, 0.0, 1.0, 0.0, 0.03234184559413814, 0.09680431546903502, 198.0, 0.0, 0.0];[-0.3227653585483701, -0.6032338943019862, 16.019326978990236, 0.0, -0.4, 1.1836949592393857, -14.0, -14.0, -1.0, 0.0, 0.0, -1.0, 0.0, 0.0, -0.3620579827301377];6.760469499975443;25.459346499992535
337;[nan, nan, nan];False;False;[1.0, 6.357989975484273, 1.8, 0.0, 0.0, 33.85342127959177, 0.5, 0.5, 15000.357089529434, 10500.0, 10500.0, 0.0, 3.0, 0.0, 0.025, 0.008566755859173934, 0.0, 0.0, 0.05, 0.5, 0.5, 0.05, 0.5, 0.5, 0.07875682166271039, 0.0, 0.0, 0.05, 0.5, 0.5, 0.05, 0.5, 0.5, 0.0, 0.0, 0.0, 0.030000000000000002, 0.255, 0.0, 0.0, 0.0];[nan, nan, nan, nan, nan, nan, nan, nan, nan, nan, nan, nan, nan, nan, nan];33.547014600015245;25.459346499992535
338;[nan, nan, nan];False;False;[1.0, 9.772420796355679, 1.610535258442276, 0.0, 0.0, 33.458202375108655, 0.5, 0.5, 1856.7350183221806, 10500.0, 10500.0, 0.0, 3.0, 0.0, 0.025, 0.005470884388010938, 0.0, 0.0, 0.05, 0.5, 0.5, 0.05, 0.5, 0.5, 0.09280720116695622, 0.0, 0.0, 0.05, 0.5, 0.5, 0.05, 0.5, 0.5, 0.0, 1.0, 0.0, 0.015707935588011326, 0.09779220972315267, 13.0, 0.0, 0.0];[nan, nan, nan, nan, nan, nan, nan, nan, nan, nan, nan, nan, nan, nan, nan];39.90303440007847;25.459346499992535
339;[nan, nan, nan];False;False;[1.0, 6.230930331454007, 1.5567675374984047, 0.0, 0.0, 30.73891866087211, 0.5, 0.5, 1061.5494684020225, 10500.0, 10500.0, 1.0, 3.3581174432383536, 0.0, 0.025, 0.0662157336698313, 0.0, 0.0, 0.05, 0.5, 0.5, 0.05, 0.5, 0.5, 0.0, 0.0, 0.0, 0.05, 0.5, 0.5, 0.05, 0.5, 0.5, 0.0, 0.0, 0.0, 0.030000000000000002, 0.255, 0.0, 0.0, 0.0];[nan, nan, nan, nan, nan, nan, nan, nan, nan, nan, nan, nan, nan, nan, nan];19.674393799970858;25.459346499992535
340;[nan, nan, nan];False;False;[1.0, 4.560928117028931, 1.8, 0.0, 0.0, 44.04527603589598, 0.5, 0.5, 1779.8364124108384, 10500.0, 10500.0, 0.0, 3.0, 0.0, 0.025, 0.03846362514499143, 0.0, 0.0, 0.05, 0.5, 0.5, 0.05, 0.5, 0.5, 0.03402720452872425, 0.0, 0.0, 0.05, 0.5, 0.5, 0.05, 0.5, 0.5, 0.0, 1.0, 0.0, 0.02721675866946762, 0.019441423254230414, 31.0, 0.0, 0.0];[nan, nan, nan, nan, nan, nan, nan, nan, nan, nan, nan, nan, nan, nan, nan];57.26531609997619;25.459346499992535
341;[nan, nan, nan];False;False;[1.0, 4.07879488375462, 1.5889636093828665, 1.0, 0.0, 39.587238928838424, 0.5, 0.5, 15198.621321357077, 10500.0, 10500.0, 0.0, 3.0, 0.0, 0.025, 0.0482837829045536, 0.0, 0.0, 0.05, 0.5, 0.5, 0.05, 0.5, 0.5, 0.03757218845281414, 0.0, 0.0, 0.05, 0.5, 0.5, 0.05, 0.5, 0.5, 1.0, 1.0, 0.0, 0.016845854307211222, 0.35381667817368284, 19.0, 0.0, 0.0];[nan, nan, nan, nan, nan, nan, nan, nan, nan, nan, nan, nan, nan, nan, nan];49.036874799989164;27.918970999890007
342;[nan, nan, nan];False;False;[1.0, 6.580065543301516, 1.5093636767104823, 0.0, 0.0, 34.113492964957786, 0.5, 0.5, 9774.481176714862, 10500.0, 10500.0, 0.0, 3.0, 0.0, 0.025, 0.03639204953184774, 0.0, 0.0, 0.05, 0.5, 0.5, 0.05, 0.5, 0.5, 0.03640039361678026, 0.0, 0.0, 0.05, 0.5, 0.5, 0.05, 0.5, 0.5, 0.0, 0.0, 0.0, 0.030000000000000002, 0.255, 0.0, 0.0, 0.0];[nan, nan, nan, nan, nan, nan, nan, nan, nan, nan, nan, nan, nan, nan, nan];66.98966389999259;27.918970999890007
343;[nan, nan, nan];False;False;[1.0, 7.251187700288629, 1.8, 0.0, 0.0, 31.044379836413782, 0.5, 0.5, 12706.554691113195, 10500.0, 10500.0, 0.0, 3.0, 0.0, 0.025, 0.04811605962016701, 0.0, 0.0, 0.05, 0.5, 0.5, 0.05, 0.5, 0.5, 0.03488272733247446, 0.0, 0.0, 0.05, 0.5, 0.5, 0.05, 0.5, 0.5, 0.0, 0.0, 0.0, 0.030000000000000002, 0.255, 0.0, 0.0, 0.0];[nan, nan, nan, nan, nan, nan, nan, nan, nan, nan, nan, nan, nan, nan, nan];39.80932239990216;27.918970999890007
344;[nan, nan, nan];False;False;[1.0, 10.114016866558144, 1.616061736025466, 0.0, 0.0, 34.550239281186954, 0.5, 0.5, 14999.500729700108, 10500.0, 10500.0, 1.0, 2.45550135769159, 0.0, 0.025, 6.320508441566595e-05, 0.0, 0.0, 0.05, 0.5, 0.5, 0.05, 0.5, 0.5, 0.0788812202315502, 0.0, 0.0, 0.05, 0.5, 0.5, 0.05, 0.5, 0.5, 0.0, 0.0, 0.0, 0.030000000000000002, 0.255, 0.0, 0.0, 0.0];[nan, nan, nan, nan, nan, nan, nan, nan, nan, nan, nan, nan, nan, nan, nan];44.764631500002;27.918970999890007
345;[nan, nan, nan];False;False;[1.0, 6.1252546821495315, 1.612002480105754, 0.0, 0.0, 29.301233095240125, 0.5, 0.5, 10284.577670573366, 10500.0, 10500.0, 0.0, 3.0, 0.0, 0.025, 0.054771686895140254, 0.0, 0.0, 0.05, 0.5, 0.5, 0.05, 0.5, 0.5, 0.045728261926514746, 0.0, 0.0, 0.05, 0.5, 0.5, 0.05, 0.5, 0.5, 0.0, 0.0, 0.0, 0.030000000000000002, 0.255, 0.0, 0.0, 0.0];[nan, nan, nan, nan, nan, nan, nan, nan, nan, nan, nan, nan, nan, nan, nan];67.03336570004467;27.918970999890007
346;[23.316540586874297, 1336.913942865497, 117.49982218067676];True;False;[0.0, 7.25, 1.4500000000000002, 0.0, 0.0, 27.578638880802977, 0.5, 0.5, 6301.312878165266, 10500.0, 10500.0, 0.0, 3.0, 0.0, 0.025, 0.06331836757551815, 0.0, 0.0, 0.05, 0.5, 0.5, 0.05, 0.5, 0.5, 0.09532789573052462, 0.0, 0.0, 0.05, 0.5, 0.5, 0.05, 0.5, 0.5, 0.0, 0.0, 0.0, 0.030000000000000002, 0.255, 0.0, 0.0, 0.0];[0.49522095969068314, -1.4332324135031873, 15.894858382056892, 0.7422282386484826, -0.4, 12.578638880802977, -14.0, -14.0, -1.0, 0.0, 0.0, -1.0, 0.0, 0.0, 0.01668888434987703];4.46985350002069;18.434706899919547
347;[nan, nan, nan];False;False;[1.0, 9.729974832072672, 1.646969230961071, 0.0, 0.0, 36.19079180742501, 0.5, 0.5, 4688.303843810705, 10500.0, 10500.0, 1.0, 1.66847916598359, 0.0, 0.025, 0.061534049523256376, 0.0, 0.0, 0.05, 0.5, 0.5, 0.05, 0.5, 0.5, 0.08205832239243709, 0.0, 0.0, 0.05, 0.5, 0.5, 0.05, 0.5, 0.5, 0.0, 0.0, 0.0, 0.030000000000000002, 0.255, 0.0, 0.0, 0.0];[nan, nan, nan, nan, nan, nan, nan, nan, nan, nan, nan, nan, nan, nan, nan];37.34144969994668;18.434706899919547
348;[nan, nan, nan];False;False;[1.0, 11.728739367819987, 1.6282688083630787, 0.0, 0.0, 49.637399065242505, 0.5, 0.5, 4320.166894809465, 10500.0, 10500.0, 1.0, 1.8720272999696923, 0.0, 0.025, 0.06473527596975395, 0.0, 0.0, 0.05, 0.5, 0.5, 0.05, 0.5, 0.5, 0.008843162441500345, 0.0, 0.0, 0.05, 0.5, 0.5, 0.05, 0.5, 0.5, 0.0, 0.0, 0.0, 0.030000000000000002, 0.255, 0.0, 0.0, 0.0];[nan, nan, nan, nan, nan, nan, nan, nan, nan, nan, nan, nan, nan, nan, nan];39.4301025000168;18.434706899919547
349;[nan, nan, nan];False;False;[1.0, 7.103149201910392, 1.348601580437235, 1.0, 2.0, 51.25994479258208, 0.1578813494287311, 0.2786393998400405, 9346.7479756674, 2378.099385937655, 5938.8888344342195, 0.0, 3.0, 1.0, 0.029000024483636047, 0.0003935278900351123, 0.3333333333333333, 0.3333333333333333, 0.05827781696012107, 0.804395008874063, 0.168981441677659, 0.08755782775870151, 0.0, 0.8098419938121839, 0.07798568947796444, 0.032814828126390874, 0.2887631390798093, 0.03924955069189448, 0.3333333333333333, 0.3333333333333333, 0.009678718618450703, 0.505552841078577, 0.010974711342099555, 1.0, 0.0, 0.0, 0.030000000000000002, 0.255, 0.0, 1.0, 1.0];[nan, nan, nan, nan, nan, nan, nan, nan, nan, nan, nan, nan, nan, nan, nan];78.66394459991716;18.434706899919547
350;[nan, nan, nan];False;False;[1.0, 9.497064887348152, 1.577855085702452, 0.0, 1.0, 51.81739449000759, 0.35820823945167546, 0.5, 18547.6850668369, 17593.628151784604, 10500.0, 0.0, 3.0, 1.0, 0.012442658942809631, 0.02109809435125861, 0.8922277191175962, 0.0, 0.012241552385366006, 0.7643492691744154, 0.0, 0.05, 0.5, 0.5, 0.03651316852316854, 0.0973734288239329, 0.0, 0.09430067803822079, 0.21767474748968402, 0.0, 0.05, 0.5, 0.5, 1.0, 1.0, 1.0, 0.023736480865978155, 0.12076866649961607, 135.0, 0.0, 0.0];[nan, nan, nan, nan, nan, nan, nan, nan, nan, nan, nan, nan, nan, nan, nan];92.46570739999879;18.434706899919547
351;[17.998081325394985, 2338.1053725746606, 114.25640288851861];True;False;[0.0, 7.25, 1.4500000000000002, 0.0, 2.0, 58.37701692490961, 0.4822083908624445, 0.5356572763015383, 13084.642460763855, 7626.465034538717, 15218.471004915064, 0.0, 3.0, 0.0, 0.025, 0.034369275940989846, 0.3333333333333333, 0.3333333333333333, 0.06181474543909642, 0.3333333333333333, 0.3333333333333333, 0.09763796436195728, 0.3333333333333333, 0.3333333333333333, 0.0032724963160598985, 0.3333333333333333, 0.3333333333333333, 0.056847445516408995, 0.5695559373990318, 0.3265123346434457, 0.08364812153673755, 0.3333333333333333, 0.3333333333333333, 0.0, 0.0, 0.0, 0.030000000000000002, 0.255, 0.0, 2.0, 0.0];[2.210921709038465, -1.221413838582149, 126.07525660068035, 0.6208670897742543, -0.41779160913755553, -11.120754191367023, -11.120754191367023, -11.120754191367023, -0.33333333333333337, -0.33333333333333337, -0.33333333333333337, -0.33333333333333337, -0.10393172795752248, -0.33333333333333337, -0.0346421757634649];27.07262150000315;20.527657700004056
352;[11.159479570985994, 3271.793591739329, 130.5941211507559];True;False;[1.0, 7.599764668864483, 1.6348743208884033, 0.0, 1.0, 50.33875215023581, 0.1120817569188187, 0.5, 14119.3476715566, 12163.49149884854, 10500.0, 1.0, 2.9363794341204397, 1.0, 0.015742927192621492, 0.09230590662935141, 0.11995345460017721, 0.0, 0.028713972100628666, 0.01656229262520595, 0.0, 0.05, 0.5, 0.5, 0.011543353062789995, 0.6287172983210679, 0.0, 0.048223511741348674, 0.4518208082980834, 0.0, 0.05, 0.5, 0.5, 0.0, 0.0, 0.0, 0.030000000000000002, 0.255, 0.0, 1.0, 1.0];[0.6504693542259377, -0.004494380755692973, 16.96381291166116, -0.6397052035852582, -0.7879182430811813, 0.6180950335980793, -13.028530729342496, -14.0, -0.8800465453998227, -0.9834377073747941, 0.0, -0.37128270167893207, -0.5481791917019165, 0.0, -0.21832001322034716];19.81636040005833;20.527657700004056
353;[31.966238936813376, 1341.289377903102, 120.96663992787771];True;False;[0.0, 7.25, 1.4500000000000002, 0.0, 2.0, 28.952345754148656, 0.3109286638110019, 0.7471253898154592, 7837.770701385411, 16968.34090289791, 8342.623580279913, 0.0, 3.0, 1.0, 0.036433629336405336, 0.08656994950571485, 0.784968466557544, 0.1191193020647494, 0.015897883780867313, 0.3333333333333333, 0.3333333333333333, 0.08495820688449464, 0.22899265045315043, 0.3008054056051097, 0.09100728494264236, 0.2966958889496463, 0.5821969253637179, 0.09274696227857054, 0.14882567915062211, 0.2723484055438157, 0.07944737880949614, 0.7040109525094012, 0.14692756374979293, 0.0, 0.0, 0.0, 0.030000000000000002, 0.255, 0.0, 1.0, 2.0];[1.4462835123955404, -1.480440092496389, 109.09107725639613, 0.8015612064948134, -0.5890713361889981, -11.929366958338603, -11.929366958338605, -11.929366958338605, -0.09591223137770655, -0.33333333333333337, -0.47020194394173986, -0.1211071856866357, -0.5788259153055622, -0.14906148374080597, 0.07771848760536493];47.068472400074825;20.527657700004056
354;[12.489607167258137, 3409.0171024301662, 108.99226572888261];True;False;[1.0, 5.7786514653517855, 1.5851763563049295, 0.0, 1.0, 51.03721387318986, 0.3267837003829859, 0.5, 15654.292600672248, 11199.378039300585, 10500.0, 0.0, 3.0, 1.0, 0.01790071950659092, 0.0674530251900542, 0.5204032994200197, 0.0, 0.03718909272539502, 0.4735317068906255, 0.0, 0.05, 0.5, 0.5, 0.026351254306960798, 0.43057936781014045, 0.0, 0.05481674248006636, 0.8005752552405926, 0.0, 0.05, 0.5, 0.5, 0.0, 0.0, 0.0, 0.030000000000000002, 0.255, 0.0, 1.0, 1.0];[0.5048133059229567, -0.18717343849358103, 45.67035488887979, -0.01763231370132401, -0.5732162996170141, -6.855736729884544, -11.046720066321008, -14.0, -0.4795967005799803, -0.5264682931093745, 0.0, -0.5694206321898596, -0.1994247447594074, 0.0, -0.19655673043846988];18.673352800076827;20.527657700004056
355;[22.2795704936968, 1435.0180198994385, 117.03734809883443];True;False;[0.0, 7.25, 1.4500000000000002, 0.0, 0.0, 34.92679153057447, 0.5, 0.5, 14760.191072524922, 10500.0, 10500.0, 0.0, 3.0, 0.0, 0.025, 0.09092167597866672, 0.0, 0.0, 0.05, 0.5, 0.5, 0.05, 0.5, 0.5, 0.08009814334424765, 0.0, 0.0, 0.05, 0.5, 0.5, 0.05, 0.5, 0.5, 0.0, 0.0, 0.0, 0.030000000000000002, 0.255, 0.0, 0.0, 0.0];[0.5600667304488507, -1.416528160256668, 30.130118380684536, 0.7412592202654382, -0.4, 19.92679153057447, -14.0, -14.0, -1.0, 0.0, 0.0, -1.0, 0.0, 0.0, 0.010067412592159042];6.92404399998486;20.527657700004056
356;[nan, nan, nan];False;False;[1.0, 4.438107492357872, 1.336784811101566, 1.0, 2.0, 23.046907132367295, 0.7358285615924393, 0.4130755023655466, 19026.126561547997, 2738.2942845169905, 11258.209195378704, 0.0, 3.0, 1.0, 0.05, 0.042982323228317465, 0.3333333333333333, 0.3333333333333333, 0.05105119299283382, 0.42752082484389853, 0.5670587839184341, 0.0073370887501094835, 0.3333333333333333, 0.3333333333333333, 0.09283066186990777, 0.0, 0.021118774408648056, 0.0068135594016376895, 0.43710204725761514, 0.11062358503143975, 0.009244610941579464, 0.3333333333333333, 0.3333333333333333, 1.0, 0.0, 0.0, 0.030000000000000002, 0.255, 0.0, 1.0, 2.0];[nan, nan, nan, nan, nan, nan, nan, nan, nan, nan, nan, nan, nan, nan, nan];72.48785850009881;22.587161500006914
357;[nan, nan, nan];False;False;[1.0, 9.623498526038592, 1.8, 0.0, 1.0, 39.374038582623854, 0.3673171600601195, 0.5, 8780.201200049309, 7544.6742799427575, 10500.0, 0.0, 3.0, 0.0, 0.025, 0.045504045420858626, 0.3492178722353759, 0.0, 0.04116891128278496, 0.33482632531732626, 0.0, 0.05, 0.5, 0.5, 0.05714984262020394, 0.5523773536278738, 0.0, 0.0389842318478724, 0.45914237997383067, 0.0, 0.05, 0.5, 0.5, 0.0, 1.0, 1.0, 0.022084350720886096, 0.11721102787867468, 9.0, 1.0, 1.0];[nan, nan, nan, nan, nan, nan, nan, nan, nan, nan, nan, nan, nan, nan, nan];154.64011020003818;22.587161500006914
358;[nan, nan, nan];False;False;[1.0, 4.336598641956252, 1.7868283128905538, 0.0, 2.0, 55.84808650387361, 0.8003036571509318, 0.6736383608115267, 10283.329106717723, 18237.704383775483, 17914.43040661002, 0.0, 3.0, 0.0, 0.025, 0.022139380990234766, 0.3333333333333333, 0.3333333333333333, 0.05384509140914101, 0.3333333333333333, 0.3333333333333333, 0.08073014375883925, 0.05415205018715436, 0.7030952864207239, 0.06693202842199365, 0.3333333333333333, 0.3333333333333333, 0.02904099243555527, 0.42591714625741633, 0.3094801535507817, 0.08351644675238533, 0.033047718112495544, 0.9258661365999431, 1.0, 1.0, 2.0, 0.049234697734479575, 0.27831028640022343, 92.0, 1.0, 0.0];[nan, nan, nan, nan, nan, nan, nan, nan, nan, nan, nan, nan, nan, nan, nan];119.1801201000344;22.587161500006914
359;[21.31157566252813, 1557.334710491046, 116.72012121359059];True;False;[0.0, 7.25, 1.4500000000000002, 0.0, 0.0, 51.25237677070709, 0.5, 0.5, 1746.7198775092888, 10500.0, 10500.0, 0.0, 3.0, 0.0, 0.025, 0.08684223367858365, 0.0, 0.0, 0.05, 0.5, 0.5, 0.05, 0.5, 0.5, 0.03190143560510421, 0.0, 0.0, 0.05, 0.5, 0.5, 0.05, 0.5, 0.5, 0.0, 0.0, 0.0, 0.030000000000000002, 0.255, 0.0, 0.0, 0.0];[0.5890127915520873, -1.4090716626392519, 71.19711338389526, 0.763395325826487, -0.4, 36.25237677070709, -14.0, -14.0, -1.0, 0.0, 0.0, -1.0, 0.0, 0.0, 0.0071661735706789464];4.916397099965252;22.587161500006914
360;[nan, nan, nan];False;False;[1.0, 7.6607244165506145, 1.7572458078136444, 0.0, 0.0, 24.313457560735486, 0.5, 0.5, 6730.659514823718, 10500.0, 10500.0, 0.0, 3.0, 0.0, 0.025, 0.032778725408534735, 0.0, 0.0, 0.05, 0.5, 0.5, 0.05, 0.5, 0.5, 0.04940237418652639, 0.0, 0.0, 0.05, 0.5, 0.5, 0.05, 0.5, 0.5, 0.0, 0.0, 0.0, 0.030000000000000002, 0.255, 0.0, 0.0, 0.0];[nan, nan, nan, nan, nan, nan, nan, nan, nan, nan, nan, nan, nan, nan, nan];37.727326000109315;22.587161500006914
361;[nan, nan, nan];False;False;[1.0, 11.348177575180207, 1.6978361359902425, 0.0, 1.0, 45.154999129468294, 0.3088438517298232, 0.5, 3122.657667807722, 6037.216893942194, 10500.0, 1.0, 3.1267080212616656, 0.0, 0.025, 0.08962993558263876, 0.47724904385908734, 0.0, 0.04869515829577654, 0.1668813414024908, 0.0, 0.05, 0.5, 0.5, 0.04803876406286882, 0.5437776281946206, 0.0, 0.04511323171084552, 0.2332606129764716, 0.0, 0.05, 0.5, 0.5, 0.0, 0.0, 0.0, 0.030000000000000002, 0.255, 0.0, 0.0, 1.0];[nan, nan, nan, nan, nan, nan, nan, nan, nan, nan, nan, nan, nan, nan, nan];73.56621719989926;25.309699999983422
362;[nan, nan, nan];False;False;[1.0, 8.338354141009152, 1.7156175398431186, 0.0, 0.0, 35.32023529444255, 0.5, 0.5, 9743.593388964091, 10500.0, 10500.0, 0.0, 3.0, 0.0, 0.025, 0.08406400531889067, 0.0, 0.0, 0.05, 0.5, 0.5, 0.05, 0.5, 0.5, 0.07471265669497341, 0.0, 0.0, 0.05, 0.5, 0.5, 0.05, 0.5, 0.5, 0.0, 0.0, 0.0, 0.030000000000000002, 0.255, 0.0, 0.0, 0.0];[nan, nan, nan, nan, nan, nan, nan, nan, nan, nan, nan, nan, nan, nan, nan];38.23134829988703;25.309699999983422
363;[24.99080611577668, 1196.878221050083, 118.61837921468106];True;False;[0.0, 7.25, 1.4500000000000002, 0.0, 0.0, 25.228787978961186, 0.5, 0.5, 13358.992843410999, 10500.0, 10500.0, 0.0, 3.0, 0.0, 0.025, 0.0, 0.0, 0.0, 0.05, 0.5, 0.5, 0.05, 0.5, 0.5, 0.031508478674559685, 0.0, 0.0, 0.05, 0.5, 0.5, 0.05, 0.5, 0.5, 0.0, 0.0, 0.0, 0.030000000000000002, 0.255, 0.0, 0.0, 0.0];[0.28882777302608176, -1.4863992433225108, 11.881650633175816, 0.8187172461049776, -0.4, 10.228787978961186, -14.0, -14.0, -1.0, 0.0, 0.0, -1.0, 0.0, 0.0, 0.03895760446460361];4.682615999947302;25.309699999983422
364;[11.847156664926317, 2434.4943740483686, 108.2839203919536];True;False;[1.0, 5.007399059294681, 1.8, 0.0, 0.0, 20.350849975444884, 0.5, 0.5, 8144.652487029602, 10500.0, 10500.0, 1.0, 4.248410160924887, 0.0, 0.025, 0.035268031186266216, 0.0, 0.0, 0.05, 0.5, 0.5, 0.05, 0.5, 0.5, 0.0433012658456397, 0.0, 0.0, 0.05, 0.5, 0.5, 0.05, 0.5, 0.5, 0.0, 0.0, 0.0, 0.030000000000000002, 0.255, 0.0, 0.0, 0.0];[-0.44418302031790713, -0.33784434285815523, 4.679326042879719, -0.05147135133037295, -0.4, -3.693972235863953, -14.0, -14.0, -1.0, 0.0, 0.0, -1.0, 0.0, 0.0, -0.18218137374430382];5.119035799987614;25.309699999983422
365;[nan, nan, nan];False;False;[1.0, 6.675910373431681, 1.8, 0.0, 0.0, 32.798994275944494, 0.5, 0.5, 10166.746046264167, 10500.0, 10500.0, 0.0, 3.0, 0.0, 0.025, 0.05164217345729969, 0.0, 0.0, 0.05, 0.5, 0.5, 0.05, 0.5, 0.5, 0.07829913853408761, 0.0, 0.0, 0.05, 0.5, 0.5, 0.05, 0.5, 0.5, 0.0, 0.0, 0.0, 0.030000000000000002, 0.255, 0.0, 0.0, 0.0];[nan, nan, nan, nan, nan, nan, nan, nan, nan, nan, nan, nan, nan, nan, nan];34.192368300049566;25.309699999983422
366;[nan, nan, nan];False;False;[1.0, 10.331946559906536, 1.798491920589421, 1.0, 0.0, 28.226595229699544, 0.5, 0.5, 9495.510236125248, 10500.0, 10500.0, 1.0, 3.7427019459388062, 0.0, 0.025, 0.0751065893369315, 0.0, 0.0, 0.05, 0.5, 0.5, 0.05, 0.5, 0.5, 0.0869876674979899, 0.0, 0.0, 0.05, 0.5, 0.5, 0.05, 0.5, 0.5, 0.0, 1.0, 0.0, 0.025147218916605575, 0.1866899650604471, 164.0, 0.0, 0.0];[nan, nan, nan, nan, nan, nan, nan, nan, nan, nan, nan, nan, nan, nan, nan];23.687155800056644;16.202315200003795
367;[nan, nan, nan];False;False;[1.0, 12.490459104235992, 1.480821890822209, 0.0, 0.0, 28.73265183477386, 0.5, 0.5, 4578.853826846655, 10500.0, 10500.0, 1.0, 1.5586499174921649, 0.0, 0.025, 0.09214440822245422, 0.0, 0.0, 0.05, 0.5, 0.5, 0.05, 0.5, 0.5, 0.08034274322729466, 0.0, 0.0, 0.05, 0.5, 0.5, 0.05, 0.5, 0.5, 0.0, 0.0, 0.0, 0.030000000000000002, 0.255, 0.0, 0.0, 0.0];[nan, nan, nan, nan, nan, nan, nan, nan, nan, nan, nan, nan, nan, nan, nan];44.33559179992881;16.202315200003795
368;[21.890475945100093, 1744.3674785955777, 116.35680004084911];True;False;[0.0, 7.25, 1.4500000000000002, 0.0, 1.0, 42.25115314820678, 0.28482953965182545, 0.5, 15420.77073578733, 6449.658286091693, 10500.0, 0.0, 3.0, 0.0, 0.025, 0.051306797062413506, 0.27208341037894246, 0.0, 0.026590061151005887, 0.7520026045313192, 0.0, 0.05, 0.5, 0.5, 0.08105638907579227, 0.8714572162076956, 0.0, 0.007339021323410216, 0.8607263149056925, 0.0, 0.05, 0.5, 0.5, 0.0, 0.0, 0.0, 0.030000000000000002, 0.255, 0.0, 1.0, 1.0];[1.2353978835627624, -1.345591498264328, 56.435271167991445, 0.6578948003172449, -0.6151704603481746, -4.700134507220392, -10.897892727062736, -14.0, -0.7279165896210575, -0.24799739546868083, 0.0, -0.12854278379230444, -0.1392736850943075, 0.0, -0.0049911589648117816];16.54448089993093;16.202315200003795
369;[22.498985861834864, 1705.9452695784253, 117.04465812606136];True;False;[0.0, 7.25, 1.4500000000000002, 0.0, 2.0, 31.36826830527392, 0.10068941344659313, 0.5250384124105187, 10039.145956605253, 4865.998475463781, 1794.928727602634, 0.0, 3.0, 0.0, 0.025, 0.03607371608061301, 0.3333333333333333, 0.3333333333333333, 0.03193006889358753, 0.3333333333333333, 0.3333333333333333, 0.029983374178229896, 0.4312148743066758, 0.4196760788799988, 0.03944721902878735, 0.3333333333333333, 0.3333333333333333, 0.011348863758195776, 0.3333333333333333, 0.3333333333333333, 0.020517501194326992, 0.3333333333333333, 0.3333333333333333, 0.0, 0.0, 0.0, 0.030000000000000002, 0.255, 0.0, 2.0, 2.0];[1.6358757293616097, -1.3498248057615245, 28.545280767933818, 0.7240245392153961, -0.7993105865534069, -10.63587771069772, -13.825932185513505, -8.877899569777124, -0.33333333333333337, -0.33333333333333337, -0.14910904681332537, -0.33333333333333337, -0.33333333333333337, -0.33333333333333337, 0.008970530513789932];32.26753980002832;16.202315200003795
370;[nan, nan, nan];False;False;[1.0, 7.393116141089129, 1.7552679519613776, 1.0, 1.0, 38.665192491568895, 0.45774579270135995, 0.5, 6857.235585753141, 19417.80955820467, 10500.0, 1.0, 3.484438500726187, 1.0, 2.1878391975239774e-06, 0.02897921914714723, 0.4511872751339607, 0.0, 0.1, 0.20947862711832205, 0.0, 0.05, 0.5, 0.5, 0.002482468861099832, 0.294706813760156, 0.0, 0.047776927155928, 1.0, 0.0, 0.05, 0.5, 0.5, 1.0, 0.0, 0.0, 0.030000000000000002, 0.255, 0.0, 1.0, 1.0];[nan, nan, nan, nan, nan, nan, nan, nan, nan, nan, nan, nan, nan, nan, nan];56.310667900019325;16.202315200003795
371;[14.71838642100653, 2814.3010322206014, 103.45245093116745];True;False;[1.0, 8.567621231091522, 1.51525623159535, 1.0, 1.0, 19.465355065223704, 0.7435779094360798, 0.5, 11252.9498334134, 4445.810442621763, 10500.0, 0.0, 3.0, 1.0, 0.05, 0.08748264345096063, 0.6010902494746329, 0.0, 0.07334524669611421, 0.6148368488916817, 0.0, 0.05, 0.5, 0.5, 0.022639777145828748, 0.5316982797454098, 0.0, 0.08368710530096152, 0.6609566495082114, 0.0, 0.05, 0.5, 0.5, 0.0, 0.0, 0.0, 0.030000000000000002, 0.255, 0.0, 1.0, 0.0];[0.27473871080839807, -0.43836304084763755, 304.26066577079575, -0.24041187820451082, -0.1564220905639202, -13.290143888400292, -10.04172503194345, -14.0, -0.39890975052536715, -0.38516315110831834, 0.0, -0.46830172025459016, -0.3390433504917886, 0.0, -0.1607398070140169];68.89779240009375;27.1404787999345
372;[nan, nan, nan];False;False;[1.0, 8.6352490668312, 1.7570056307411055, 0.0, 1.0, 50.066112369620456, 0.7904699706090548, 0.5, 5584.467048614067, 11585.697456029577, 10500.0, 1.0, 4.7967324955212485, 1.0, 0.004478174474037286, 0.0009273189011396957, 0.1653066282642963, 0.0, 0.05365576274427493, 0.024078755332153486, 0.0, 0.05, 0.5, 0.5, 0.08270336803970016, 0.8945292347732979, 0.0, 0.09477682388666446, 0.06339058050046463, 0.0, 0.05, 0.5, 0.5, 1.0, 0.0, 0.0, 0.030000000000000002, 0.255, 0.0, 1.0, 1.0];[nan, nan, nan, nan, nan, nan, nan, nan, nan, nan, nan, nan, nan, nan, nan];90.82503670000006;27.1404787999345
373;[nan, nan, nan];False;False;[1.0, 7.887202064547268, 1.6373582406403207, 0.0, 2.0, 21.13107724153655, 0.2274144957929772, 0.3390877945488112, 10306.86938228607, 9792.882949541372, 1675.1584268246854, 1.0, 3.145985356316297, 0.0, 0.025, 0.08542781647025063, 0.3333333333333333, 0.3333333333333333, 0.07097566840915832, 0.20749416020823294, 0.6419594389333738, 0.06139204486921454, 0.5410497348289371, 0.4297176962096085, 0.03577978813224542, 0.3050180715776947, 0.448059664884914, 0.037378168820680784, 0.3333333333333333, 0.3333333333333333, 0.0688075866083384, 0.3333333333333333, 0.3333333333333333, 1.0, 0.0, 0.0, 0.030000000000000002, 0.255, 0.0, 2.0, 2.0];[nan, nan, nan, nan, nan, nan, nan, nan, nan, nan, nan, nan, nan, nan, nan];107.82936189998873;27.1404787999345
374;[nan, nan, nan];False;False;[1.0, 5.529704150161083, 1.673906890021126, 0.0, 0.0, 34.312833689306345, 0.5, 0.5, 6370.118337590299, 10500.0, 10500.0, 1.0, 2.9391779650781364, 0.0, 0.025, 0.04577683403778032, 0.0, 0.0, 0.05, 0.5, 0.5, 0.05, 0.5, 0.5, 0.029611427089888138, 0.0, 0.0, 0.05, 0.5, 0.5, 0.05, 0.5, 0.5, 0.0, 0.0, 0.0, 0.030000000000000002, 0.255, 0.0, 0.0, 0.0];[nan, nan, nan, nan, nan, nan, nan, nan, nan, nan, nan, nan, nan, nan, nan];62.79586489999201;27.1404787999345
375;[19.45846729116843, 2678.789882756895, 113.13165470090033];True;False;[0.0, 7.25, 1.4500000000000002, 0.0, 1.0, 56.449863702766365, 0.28904169345974157, 0.5, 3978.661396190693, 16790.200054968576, 10500.0, 0.0, 3.0, 1.0, 0.002738292625708721, 0.07751464266181216, 0.0, 0.0, 0.08313727369067374, 0.44671610094249237, 0.0, 0.05, 0.5, 0.5, 0.04080558800992523, 0.5140328611837668, 0.0, 0.06442915180861346, 0.7406114830827821, 0.0, 0.05, 0.5, 0.5, 0.0, 0.0, 0.0, 0.030000000000000002, 0.255, 0.0, 1.0, 1.0];[2.762059349178048, -1.0983417366624841, 20.37909157143025, 0.3481586111935575, -0.6109583065402584, -3.216528149666866, -10.209403101245542, -14.0, -1.0, -0.5532838990575076, 0.0, -0.4859671388162332, -0.25938851691721787, 0.0, -0.0699594598475235];31.24740470002871;27.1404787999345
376;[22.720087613034533, 1375.8042994363082, 117.65430395227077];True;False;[0.0, 7.25, 1.4500000000000002, 0.0, 0.0, 38.98923724709316, 0.5, 0.5, 16689.114803521552, 10500.0, 10500.0, 0.0, 3.0, 0.0, 0.025, 0.046958921568662035, 0.0, 0.0, 0.05, 0.5, 0.5, 0.05, 0.5, 0.5, 0.02648224893402494, 0.0, 0.0, 0.05, 0.5, 0.5, 0.05, 0.5, 0.5, 0.0, 0.0, 0.0, 0.030000000000000002, 0.255, 0.0, 0.0, 0.0];[0.4236796622287242, -1.4516614326422452, 39.11426974821265, 0.8172545848502484, -0.4, 23.989237247093158, -14.0, -14.0, -1.0, 0.0, 0.0, -1.0, 0.0, 0.0, 0.02419639818229069];6.038692699978128;17.44699640001636
377;[9.891035766613085, 3039.670262061345, 107.46596488076665];True;False;[1.0, 7.629238448585166, 1.480320706387658, 0.0, 0.0, 22.397852775471108, 0.5, 0.5, 2768.3544810810895, 10500.0, 10500.0, 0.0, 3.0, 0.0, 0.025, 0.04389805115042694, 0.0, 0.0, 0.05, 0.5, 0.5, 0.05, 0.5, 0.5, 0.045561095857941464, 0.0, 0.0, 0.05, 0.5, 0.5, 0.05, 0.5, 0.5, 0.0, 0.0, 0.0, 0.030000000000000002, 0.255, 0.0, 0.0, 0.0];[-0.2955830033587006, -0.08597976623905179, 7.708523157359007, -0.060851509706776885, -0.4, 0.1304056471163655, -14.0, -14.0, -1.0, 0.0, 0.0, -1.0, 0.0, 0.0, -0.21439494564763872];9.529859000002034;17.44699640001636
378;[nan, nan, nan];False;False;[1.0, 6.924689311953854, 1.5639473822984504, 0.0, 0.0, 26.13796947346673, 0.5, 0.5, 10905.022775277144, 10500.0, 10500.0, 0.0, 3.0, 0.0, 0.025, 0.033020317875495316, 0.0, 0.0, 0.05, 0.5, 0.5, 0.05, 0.5, 0.5, 0.049890732202575325, 0.0, 0.0, 0.05, 0.5, 0.5, 0.05, 0.5, 0.5, 0.0, 0.0, 0.0, 0.030000000000000002, 0.255, 0.0, 0.0, 0.0];[nan, nan, nan, nan, nan, nan, nan, nan, nan, nan, nan, nan, nan, nan, nan];31.423320000059903;17.44699640001636
379;[nan, nan, nan];False;False;[1.0, 12.360441790410887, 1.3130372080547144, 1.0, 0.0, 39.29281908519869, 0.5, 0.5, 13013.666767666704, 10500.0, 10500.0, 0.0, 3.0, 0.0, 0.025, 0.004429138096397281, 0.0, 0.0, 0.05, 0.5, 0.5, 0.05, 0.5, 0.5, 0.09427431924172446, 0.0, 0.0, 0.05, 0.5, 0.5, 0.05, 0.5, 0.5, 1.0, 1.0, 0.0, 0.029649264428071517, 0.2637023517851075, 167.0, 0.0, 0.0];[nan, nan, nan, nan, nan, nan, nan, nan, nan, nan, nan, nan, nan, nan, nan];39.95748189999722;17.44699640001636
380;[nan, nan, nan];False;False;[1.0, 11.880800472311828, 1.653343910982554, 1.0, 1.0, 41.160564966740566, 0.5544042277086192, 0.5, 10027.459379789047, 10018.516242400654, 10500.0, 1.0, 1.2673206555446328, 1.0, 0.030158269760237506, 0.03417581742913443, 0.6925331522559993, 0.0, 0.042501879727753156, 0.10811667988529294, 0.0, 0.05, 0.5, 0.5, 0.03854613145262206, 0.2966686343199495, 0.0, 0.05488767747105427, 0.011432672954662305, 0.0, 0.05, 0.5, 0.5, 1.0, 1.0, 1.0, 0.010579730854193647, 0.11659322457061166, 102.0, 0.0, 1.0];[nan, nan, nan, nan, nan, nan, nan, nan, nan, nan, nan, nan, nan, nan, nan];59.48866710008588;17.44699640001636
381;[nan, nan, nan];False;False;[1.0, 8.743654937394812, 1.4638812266347707, 1.0, 2.0, 31.27948648002553, 0.40976874498684, 0.19766750567503794, 9744.035116243904, 9219.407014425939, 14435.456862862695, 0.0, 3.0, 0.0, 0.025, 0.09104774182691316, 0.22256824039716194, 0.04085755056204781, 0.04220328615701031, 0.6142743869313293, 0.0719726574100623, 0.0754776738603404, 0.16672459736329864, 0.7768918554803402, 0.022394969454599033, 0.051011522750022575, 0.4102431383570754, 0.04404004411048776, 0.3333333333333333, 0.3333333333333333, 0.016131268613259024, 0.016884348472887077, 0.5703720858943392, 0.0, 0.0, 0.0, 0.030000000000000002, 0.255, 0.0, 2.0, 2.0];[nan, nan, nan, nan, nan, nan, nan, nan, nan, nan, nan, nan, nan, nan, nan];126.9180465999525;28.08415749995038
382;[nan, nan, nan];False;False;[1.0, 9.513378608500446, 1.8, 1.0, 0.0, 43.00028504851023, 0.5, 0.5, 5428.332487831863, 10500.0, 10500.0, 0.0, 3.0, 0.0, 0.025, 0.049703203955780026, 0.0, 0.0, 0.05, 0.5, 0.5, 0.05, 0.5, 0.5, 0.020128517706367782, 0.0, 0.0, 0.05, 0.5, 0.5, 0.05, 0.5, 0.5, 0.0, 0.0, 0.0, 0.030000000000000002, 0.255, 0.0, 0.0, 0.0];[nan, nan, nan, nan, nan, nan, nan, nan, nan, nan, nan, nan, nan, nan, nan];55.015874100034125;28.08415749995038
383;[nan, nan, nan];False;False;[1.0, 3.5477017727267426, 1.31135035384708, 1.0, 2.0, 49.00596348760457, 0.5977205902352727, 0.39158496138100096, 7712.543139545062, 16515.281388058254, 12400.541068369215, 0.0, 3.0, 0.0, 0.025, 0.02841242882998464, 0.2888915304395726, 0.5809643349309295, 0.026566305381423818, 0.3730726698736808, 0.34066298586004407, 0.028119030225797537, 0.3333333333333333, 0.3333333333333333, 0.06851692449467847, 0.3333333333333333, 0.3333333333333333, 0.006462062338339009, 0.02317016290374241, 0.7227836615529912, 0.010474768927654865, 0.2592152059498168, 0.2216347794425478, 1.0, 0.0, 0.0, 0.030000000000000002, 0.255, 0.0, 1.0, 2.0];[nan, nan, nan, nan, nan, nan, nan, nan, nan, nan, nan, nan, nan, nan, nan];183.36601090000477;28.08415749995038
384;[nan, nan, nan];False;False;[1.0, 8.946310687221366, 1.7790779243335164, 1.0, 0.0, 27.22904426819055, 0.5, 0.5, 12924.300823262283, 10500.0, 10500.0, 0.0, 3.0, 0.0, 0.025, 0.04839822829485737, 0.0, 0.0, 0.05, 0.5, 0.5, 0.05, 0.5, 0.5, 0.06620928379234146, 0.0, 0.0, 0.05, 0.5, 0.5, 0.05, 0.5, 0.5, 0.0, 0.0, 0.0, 0.030000000000000002, 0.255, 0.0, 0.0, 0.0];[nan, nan, nan, nan, nan, nan, nan, nan, nan, nan, nan, nan, nan, nan, nan];64.56847800000105;28.08415749995038
385;[nan, nan, nan];False;False;[0.0, 7.25, 1.4500000000000002, 0.0, 2.0, 23.32938116019203, 0.20677840152856852, 0.3240813742246812, 1792.2669813656485, 11641.83915754921, 6503.355292328434, 0.0, 3.0, 1.0, 0.019201186023322204, 0.07920709827014023, 0.3333333333333333, 0.3333333333333333, 0.09942816768893888, 0.3333333333333333, 0.3333333333333333, 0.027076787526157588, 0.14598777991549333, 0.6098832417553477, 0.0033352647057132397, 0.3333333333333333, 0.3333333333333333, 0.051595547233471095, 0.04138932535249802, 0.48986376384498315, 0.09069268821506161, 0.05394796322468232, 0.4748061075895799, 0.0, 0.0, 0.0, 0.030000000000000002, 0.255, 0.0, 1.0, 0.0];[nan, nan, nan, nan, nan, nan, nan, nan, nan, nan, nan, nan, nan, nan, nan];119.15395960002206;28.08415749995038
386;[15.721765778766754, 2801.3780920083896, 109.9049274520682];True;False;[1.0, 5.044216161161758, 1.5799493835030867, 0.0, 1.0, 27.800200032167336, 0.11678809726571414, 0.5, 18061.59473881108, 2321.367853623753, 10500.0, 1.0, 3.555370705493797, 1.0, 0.020405573244013174, 0.031166263673863628, 0.8025097890539684, 0.0, 0.04290729203885711, 0.501702096756626, 0.0, 0.05, 0.5, 0.5, 0.03952154947793154, 0.7544121693421497, 0.0, 0.03537517050102952, 0.28720537311508415, 0.0, 0.05, 0.5, 0.5, 0.0, 0.0, 0.0, 0.030000000000000002, 0.255, 0.0, 1.0, 1.0];[0.3656423024616302, -0.31595373518026904, 48.04039338974531, 1.3322676295501878e-15, -0.7832119027342859, -3.4645235019000555, -13.474651046826118, -14.0, -0.19749021094603159, -0.498297903243374, 0.0, -0.24558783065785028, -0.7127946268849159, 0.0, -0.1793533040220534];31.632578099961393;20.634148499928415
387;[32.25052187856348, 1284.7390007204308, 120.53805321581905];True;False;[0.0, 7.25, 1.4500000000000002, 0.0, 1.0, 27.238314902868122, 0.25686834226339617, 0.5, 4246.425642999089, 4197.829663932189, 10500.0, 0.0, 3.0, 1.0, 0.021852754070204775, 0.027277962229643828, 0.1604567798008041, 0.0, 0.09217090484110807, 0.4020099166574734, 0.0, 0.05, 0.5, 0.5, 0.01805520103169478, 0.3509001254500046, 0.0, 0.025276304241824695, 0.7104463381096123, 0.0, 0.05, 0.5, 0.5, 0.0, 0.0, 0.0, 0.030000000000000002, 0.255, 0.0, 1.0, 0.0];[1.0561237751561885, -1.4792866432401315, 59.74061730366775, 0.7082434867997061, -0.6431316577366039, -6.122969579086318, -11.931596084350854, -14.0, -0.8395432201991959, -0.5979900833425267, 0.0, -0.6490998745499954, -0.28955366189038767, 0.0, 0.06207889736079031];17.06663989997469;20.634148499928415
388;[nan, nan, nan];False;False;[1.0, 7.5382610497519424, 1.5098057891569312, 0.0, 0.0, 33.73157248030677, 0.5, 0.5, 16128.091290292057, 10500.0, 10500.0, 1.0, 3.29211477078363, 0.0, 0.025, 0.04803524240108111, 0.0, 0.0, 0.05, 0.5, 0.5, 0.05, 0.5, 0.5, 0.053121153526877164, 0.0, 0.0, 0.05, 0.5, 0.5, 0.05, 0.5, 0.5, 0.0, 0.0, 0.0, 0.030000000000000002, 0.255, 0.0, 0.0, 0.0];[nan, nan, nan, nan, nan, nan, nan, nan, nan, nan, nan, nan, nan, nan, nan];48.33264240005519;20.634148499928415
389;[nan, nan, nan];False;False;[1.0, 9.302483919655335, 1.8, 0.0, 0.0, 30.999900438090407, 0.5, 0.5, 14319.603035680942, 10500.0, 10500.0, 1.0, 1.7072258443617159, 0.0, 0.025, 0.034550447802387134, 0.0, 0.0, 0.05, 0.5, 0.5, 0.05, 0.5, 0.5, 0.033668937406283815, 0.0, 0.0, 0.05, 0.5, 0.5, 0.05, 0.5, 0.5, 0.0, 0.0, 0.0, 0.030000000000000002, 0.255, 0.0, 0.0, 0.0];[nan, nan, nan, nan, nan, nan, nan, nan, nan, nan, nan, nan, nan, nan, nan];38.034657799988054;20.634148499928415
390;[23.245335865729977, 1332.9772934775588, 117.69894200669191];True;False;[0.0, 7.25, 1.4500000000000002, 0.0, 0.0, 31.249139741363734, 0.5, 0.5, 5756.589398090068, 10500.0, 10500.0, 0.0, 3.0, 0.0, 0.025, 0.08393290515916832, 0.0, 0.0, 0.05, 0.5, 0.5, 0.05, 0.5, 0.5, 0.028725808299894906, 0.0, 0.0, 0.05, 0.5, 0.5, 0.05, 0.5, 0.5, 0.0, 0.0, 0.0, 0.030000000000000002, 0.255, 0.0, 0.0, 0.0];[0.4403517365244358, -1.4473667107517596, 22.684144257434532, 0.7826596649097812, -0.4, 16.249139741363734, -14.0, -14.0, -1.0, 0.0, 0.0, -1.0, 0.0, 0.0, 0.02242740646628949];4.900711999973282;20.634148499928415
391;[nan, nan, nan];False;False;[1.0, 7.382258528431431, 1.6871184671853898, 0.0, 0.0, 22.950837570526087, 0.5, 0.5, 11038.25543225261, 10500.0, 10500.0, 1.0, 3.684249896971636, 0.0, 0.025, 0.06332182742794044, 0.0, 0.0, 0.05, 0.5, 0.5, 0.05, 0.5, 0.5, 0.07451711946148036, 0.0, 0.0, 0.05, 0.5, 0.5, 0.05, 0.5, 0.5, 0.0, 0.0, 0.0, 0.030000000000000002, 0.255, 0.0, 0.0, 0.0];[nan, nan, nan, nan, nan, nan, nan, nan, nan, nan, nan, nan, nan, nan, nan];40.80792669998482;17.852316099917516
392;[9.322718275622048, 3272.5939907862003, 106.87673435715342];True;False;[1.0, 7.574293030283784, 1.3074559374769223, 0.0, 1.0, 26.16526692699565, 0.5039263073180631, 0.5, 18458.75762703163, 1000.0, 10500.0, 1.0, 3.4865085015078474, 0.0, 0.025, 0.0723353676680643, 0.03034765941494315, 0.0, 0.05336564838260508, 0.5393116648038778, 0.0, 0.05, 0.5, 0.5, 0.03442400005419116, 0.0, 0.0, 0.05427588441032236, 1.0, 0.0, 0.05, 0.5, 0.5, 0.0, 0.0, 0.0, 0.030000000000000002, 0.255, 0.0, 1.0, 1.0];[0.36482108988008655, 0.09087246537751481, 16.75160046885817, 2.220446049250313e-16, -0.39607369268193693, -10.56147534463912, -10.49121557439599, -14.0, -0.9696523405850569, -0.4606883351961222, 0.0, -1.0, 0.0, 0.0, -0.23043246009005558];22.230509600020014;17.852316099917516
393;[nan, nan, nan];False;False;[1.0, 9.335563498124728, 1.8, 1.0, 0.0, 32.87430755942396, 0.5, 0.5, 14399.335169968794, 10500.0, 10500.0, 0.0, 3.0, 0.0, 0.025, 0.03032611547437726, 0.0, 0.0, 0.05, 0.5, 0.5, 0.05, 0.5, 0.5, 0.060461719815533256, 0.0, 0.0, 0.05, 0.5, 0.5, 0.05, 0.5, 0.5, 0.0, 0.0, 0.0, 0.030000000000000002, 0.255, 0.0, 0.0, 0.0];[nan, nan, nan, nan, nan, nan, nan, nan, nan, nan, nan, nan, nan, nan, nan];71.16982170008123;17.852316099917516
394;[nan, nan, nan];False;False;[1.0, 8.054153016463246, 1.8, 1.0, 0.0, 39.37341413003299, 0.5, 0.5, 1640.572465304224, 10500.0, 10500.0, 0.0, 3.0, 0.0, 0.025, 0.04290417864707587, 0.0, 0.0, 0.05, 0.5, 0.5, 0.05, 0.5, 0.5, 0.050139241362085786, 0.0, 0.0, 0.05, 0.5, 0.5, 0.05, 0.5, 0.5, 0.0, 0.0, 0.0, 0.030000000000000002, 0.255, 0.0, 0.0, 0.0];[nan, nan, nan, nan, nan, nan, nan, nan, nan, nan, nan, nan, nan, nan, nan];47.436892900033854;17.852316099917516
395;[nan, nan, nan];False;False;[1.0, 9.311146728074004, 1.8, 1.0, 0.0, 35.19377054376689, 0.5, 0.5, 3542.406736188686, 10500.0, 10500.0, 0.0, 3.0, 0.0, 0.025, 0.0700788654938621, 0.0, 0.0, 0.05, 0.5, 0.5, 0.05, 0.5, 0.5, 0.03969360426298837, 0.0, 0.0, 0.05, 0.5, 0.5, 0.05, 0.5, 0.5, 0.0, 0.0, 0.0, 0.030000000000000002, 0.255, 0.0, 0.0, 0.0];[nan, nan, nan, nan, nan, nan, nan, nan, nan, nan, nan, nan, nan, nan, nan];58.92745900002774;17.852316099917516
396;[nan, nan, nan];False;False;[0.0, 7.25, 1.4500000000000002, 0.0, 1.0, 30.899496355018776, 0.5684705996282837, 0.5, 3187.829798663066, 7589.631684605635, 10500.0, 0.0, 3.0, 1.0, 0.02284088982037712, 0.0005736095813203195, 0.5955205954990883, 0.0, 0.0029253532169832602, 0.1278346995170412, 0.0, 0.05, 0.5, 0.5, 0.00895833980176089, 0.16670135792931146, 0.0, 0.05554462755608611, 0.8780596770174802, 0.0, 0.05, 0.5, 0.5, 0.0, 0.0, 0.0, 0.030000000000000002, 0.255, 0.0, 0.0, 1.0];[nan, nan, nan, nan, nan, nan, nan, nan, nan, nan, nan, nan, nan, nan, nan];58.90557469998021;25.972001599962823
397;[nan, nan, nan];False;False;[1.0, 4.306307338347903, 1.44995301220826, 0.0, 2.0, 30.165067875678034, 0.6382619491390689, 0.6579989059183776, 1793.7344891905718, 7762.641991191078, 4150.105912970793, 0.0, 3.0, 1.0, 0.04843570467267104, 0.056975870098854325, 0.3333333333333333, 0.3333333333333333, 0.004438335563917752, 0.3333333333333333, 0.3333333333333333, 0.0737098048426586, 0.3333333333333333, 0.3333333333333333, 0.017971242580677758, 0.378002761155888, 0.4170461095763983, 0.0009770211895785024, 0.533442022440329, 0.25721407033656074, 0.03522294609569734, 0.3333333333333333, 0.3333333333333333, 1.0, 1.0, 2.0, 0.029664391490659935, 0.3305027042835868, 101.0, 1.0, 1.0];[nan, nan, nan, nan, nan, nan, nan, nan, nan, nan, nan, nan, nan, nan, nan];164.56720950000454;25.972001599962823
398;[nan, nan, nan];False;False;[1.0, 8.513666802366664, 1.7664396401117513, 1.0, 1.0, 34.82233904981285, 0.19623559178212013, 0.5, 9121.474818670948, 6956.315604825855, 10500.0, 1.0, 3.609459960278438, 0.0, 0.025, 0.026647576316372625, 0.1541022274598328, 0.0, 0.0906933565388402, 0.3947355022394756, 0.0, 0.05, 0.5, 0.5, 0.07141069205467825, 0.08518870900917645, 0.0, 0.07415641048725884, 0.7013161225293504, 0.0, 0.05, 0.5, 0.5, 0.0, 0.0, 0.0, 0.030000000000000002, 0.255, 0.0, 0.0, 0.0];[nan, nan, nan, nan, nan, nan, nan, nan, nan, nan, nan, nan, nan, nan, nan];32.522088999976404;25.972001599962823
399;[nan, nan, nan];False;False;[1.0, 8.770996242848653, 1.4349760193140546, 1.0, 1.0, 38.8460635514457, 0.45375136674398275, 0.5, 4570.724891315409, 8063.781712311326, 10500.0, 0.0, 3.0, 0.0, 0.025, 0.06123892440819159, 0.6853862340188775, 0.0, 0.059380816005278794, 0.37384872096741983, 0.0, 0.05, 0.5, 0.5, 0.05263516017925977, 0.8759890731760975, 0.0, 0.015338071496403425, 0.3136921425791927, 0.0, 0.05, 0.5, 0.5, 1.0, 0.0, 0.0, 0.030000000000000002, 0.255, 0.0, 1.0, 0.0];[nan, nan, nan, nan, nan, nan, nan, nan, nan, nan, nan, nan, nan, nan, nan];69.50398190005217;25.972001599962823
400;[nan, nan, nan];False;False;[1.0, 6.567605940828444, 1.4624496293761515, 1.0, 0.0, 8.499228152340402, 0.5, 0.5, 18062.973265828463, 10500.0, 10500.0, 0.0, 3.0, 0.0, 0.025, 0.07981476056743773, 0.0, 0.0, 0.05, 0.5, 0.5, 0.05, 0.5, 0.5, 0.08767692529943157, 0.0, 0.0, 0.05, 0.5, 0.5, 0.05, 0.5, 0.5, 1.0, 1.0, 0.0, 0.028352481227626, 0.28418288268739234, 78.0, 0.0, 0.0];[nan, nan, nan, nan, nan, nan, nan, nan, nan, nan, nan, nan, nan, nan, nan];55.61170369992033;25.972001599962823
401;[nan, nan, nan];False;False;[1.0, 9.425709914518507, 1.7447801666051432, 1.0, 0.0, 32.50144088512664, 0.5, 0.5, 9906.764861680684, 10500.0, 10500.0, 1.0, 3.426589396481095, 0.0, 0.025, 0.07579596140854256, 0.0, 0.0, 0.05, 0.5, 0.5, 0.05, 0.5, 0.5, 0.016177245422002835, 0.0, 0.0, 0.05, 0.5, 0.5, 0.05, 0.5, 0.5, 0.0, 1.0, 0.0, 0.01037313467733675, 0.1890571703376736, 24.0, 0.0, 0.0];[nan, nan, nan, nan, nan, nan, nan, nan, nan, nan, nan, nan, nan, nan, nan];63.95554400002584;22.234638300025836
402;[12.937725350919283, 2253.876584633404, 108.29643736968251];True;False;[1.0, 3.963951008652696, 1.7435460199563284, 0.0, 0.0, 21.146451637750218, 0.5, 0.5, 15257.24598086621, 10500.0, 10500.0, 0.0, 3.0, 0.0, 0.025, 0.07627663758898393, 0.0, 0.0, 0.05, 0.5, 0.5, 0.05, 0.5, 0.5, 0.030383091221131833, 0.0, 0.0, 0.05, 0.5, 0.5, 0.05, 0.5, 0.5, 0.0, 0.0, 0.0, 0.030000000000000002, 0.255, 0.0, 0.0, 0.0];[-0.41847748527977036, -0.40670061562543225, 5.855158106911684, -1.1102230246251565e-16, -0.4, -2.8715838895494805, -14.0, -14.0, -1.0, 0.0, 0.0, -1.0, 0.0, 0.0, -0.171544177127591];5.237054200028069;22.234638300025836
403;[nan, nan, nan];False;False;[0.0, 7.25, 1.4500000000000002, 0.0, 1.0, 19.186138340678333, 0.8019754970376382, 0.5, 11227.100725693728, 15734.482675820313, 10500.0, 0.0, 3.0, 0.0, 0.025, 0.06621522769155928, 0.12173475911832386, 0.0, 0.08581770900319083, 0.6778883216533835, 0.0, 0.05, 0.5, 0.5, 0.09452275200325316, 0.48846492198878316, 0.0, 0.05474543501858636, 0.514108461112715, 0.0, 0.05, 0.5, 0.5, 0.0, 0.0, 0.0, 0.030000000000000002, 0.255, 0.0, 1.0, 1.0];[nan, nan, nan, nan, nan, nan, nan, nan, nan, nan, nan, nan, nan, nan, nan];50.48935080005322;22.234638300025836
404;[nan, nan, nan];False;False;[1.0, 6.904167642879106, 1.7726511065028632, 1.0, 1.0, 29.544259184880158, 0.3317591960202787, 0.5, 17232.3792674058, 16148.37408912358, 10500.0, 1.0, 3.017925094684532, 1.0, 0.024328226695099462, 0.0077607999586170335, 0.49681272366015605, 0.0, 0.04829457992133154, 0.8314877621472307, 0.0, 0.05, 0.5, 0.5, 0.04885279155653824, 0.16652828431666108, 0.0, 0.08152671193186847, 0.18553297214841644, 0.0, 0.05, 0.5, 0.5, 1.0, 0.0, 0.0, 0.030000000000000002, 0.255, 0.0, 1.0, 1.0];[nan, nan, nan, nan, nan, nan, nan, nan, nan, nan, nan, nan, nan, nan, nan];57.56826510000974;22.234638300025836
405;[nan, nan, nan];False;False;[1.0, 8.710425821540172, 1.7348853521259677, 1.0, 0.0, 35.78651306253488, 0.5, 0.5, 14271.022757643726, 10500.0, 10500.0, 1.0, 2.60098299487358, 0.0, 0.025, 0.0031003658995042882, 0.0, 0.0, 0.05, 0.5, 0.5, 0.05, 0.5, 0.5, 0.09792475959167085, 0.0, 0.0, 0.05, 0.5, 0.5, 0.05, 0.5, 0.5, 0.0, 0.0, 0.0, 0.030000000000000002, 0.255, 0.0, 0.0, 0.0];[nan, nan, nan, nan, nan, nan, nan, nan, nan, nan, nan, nan, nan, nan, nan];56.328956500045024;22.234638300025836
406;[23.71826932288206, 1287.8041605779931, 118.05465937912768];True;False;[0.0, 7.25, 1.4500000000000002, 0.0, 0.0, 30.702102183894915, 0.5, 0.5, 1745.6492304015399, 10500.0, 10500.0, 0.0, 3.0, 0.0, 0.025, 0.005000094428100907, 0.0, 0.0, 0.05, 0.5, 0.5, 0.05, 0.5, 0.5, 0.06571026046228132, 0.0, 0.0, 0.05, 0.5, 0.5, 0.05, 0.5, 0.5, 0.0, 0.0, 0.0, 0.030000000000000002, 0.255, 0.0, 0.0, 0.0];[0.3721539724255827, -1.4649344365885357, 21.631807951522774, 0.8111834435695819, -0.4, 15.702102183894915, -14.0, -14.0, -1.0, 0.0, 0.0, -1.0, 0.0, 0.0, 0.02974006144940522];5.783705299952999;13.963789699948393
407;[nan, nan, nan];False;False;[0.0, 7.25, 1.4500000000000002, 0.0, 2.0, 15.138832837226305, 0.1706725357254803, 0.5214188944775245, 17696.793476453386, 12993.869194254474, 5795.114444646911, 0.0, 3.0, 0.0, 0.025, 0.04595156919790182, 0.3333333333333333, 0.3333333333333333, 0.03152299371272958, 0.23922008388242771, 0.34053235634446877, 0.03262639905685677, 0.5294481399850327, 0.42722940064235143, 0.058216505492054794, 0.3333333333333333, 0.3333333333333333, 0.08072946371522731, 0.3333333333333333, 0.3333333333333333, 0.06839015095931815, 0.3333333333333333, 0.3333333333333333, 0.0, 0.0, 0.0, 0.030000000000000002, 0.255, 0.0, 1.0, 2.0];[nan, nan, nan, nan, nan, nan, nan, nan, nan, nan, nan, nan, nan, nan, nan];100.25777590007056;13.963789699948393
408;[nan, nan, nan];False;False;[1.0, 9.243876556373706, 1.8, 1.0, 0.0, 30.908594170373817, 0.5, 0.5, 9728.411886995385, 10500.0, 10500.0, 1.0, 2.6961347015556387, 0.0, 0.025, 0.09424518281026277, 0.0, 0.0, 0.05, 0.5, 0.5, 0.05, 0.5, 0.5, 0.014638239307392224, 0.0, 0.0, 0.05, 0.5, 0.5, 0.05, 0.5, 0.5, 0.0, 0.0, 0.0, 0.030000000000000002, 0.255, 0.0, 0.0, 0.0];[nan, nan, nan, nan, nan, nan, nan, nan, nan, nan, nan, nan, nan, nan, nan];73.35386460006703;13.963789699948393
409;[nan, nan, nan];False;False;[1.0, 8.42341759683632, 1.7999942737172598, 1.0, 0.0, 27.869914630458545, 0.5, 0.5, 17259.453994042065, 10500.0, 10500.0, 1.0, 3.1415586219607587, 0.0, 0.025, 0.08579245992793938, 0.0, 0.0, 0.05, 0.5, 0.5, 0.05, 0.5, 0.5, 0.06519089692611645, 0.0, 0.0, 0.05, 0.5, 0.5, 0.05, 0.5, 0.5, 0.0, 0.0, 0.0, 0.030000000000000002, 0.255, 0.0, 0.0, 0.0];[nan, nan, nan, nan, nan, nan, nan, nan, nan, nan, nan, nan, nan, nan, nan];60.89643139997497;13.963789699948393
410;[nan, nan, nan];False;False;[1.0, 8.392587655005284, 1.8, 0.0, 0.0, 30.694283081673216, 0.5, 0.5, 14826.695228492548, 10500.0, 10500.0, 0.0, 3.0, 0.0, 0.025, 0.07817718824834716, 0.0, 0.0, 0.05, 0.5, 0.5, 0.05, 0.5, 0.5, 0.002053624560209553, 0.0, 0.0, 0.05, 0.5, 0.5, 0.05, 0.5, 0.5, 0.0, 0.0, 0.0, 0.030000000000000002, 0.255, 0.0, 0.0, 0.0];[nan, nan, nan, nan, nan, nan, nan, nan, nan, nan, nan, nan, nan, nan, nan];39.0282792999642;13.963789699948393
411;[nan, nan, nan];False;False;[1.0, 12.5, 1.8, 1.0, 1.0, 59.82269171785384, 0.1, 0.5, 11208.497719230692, 12497.569324288881, 10500.0, 1.0, 4.441510866371041, 0.0, 0.025, 0.0794698914873825, 0.0, 0.0, 0.06669123178764264, 0.9149668789358688, 0.0, 0.05, 0.5, 0.5, 0.06337189723090722, 0.1040352171163609, 0.0, 0.051269477445360305, 0.42418315568656784, 0.0, 0.05, 0.5, 0.5, 0.0, 0.0, 0.0, 0.030000000000000002, 0.255, 0.0, 0.0, 1.0];[nan, nan, nan, nan, nan, nan, nan, nan, nan, nan, nan, nan, nan, nan, nan];70.41063340008259;18.261595899937674
412;[21.866648457985345, 1475.0768443210657, 117.22764411178561];True;False;[0.0, 7.25, 1.4500000000000002, 0.0, 0.0, 48.798418053474684, 0.5, 0.5, 11938.002438537169, 10500.0, 10500.0, 0.0, 3.0, 0.0, 0.025, 0.032042887348028265, 0.0, 0.0, 0.05, 0.5, 0.5, 0.05, 0.5, 0.5, 0.039580323027486805, 0.0, 0.0, 0.05, 0.5, 0.5, 0.05, 0.5, 0.5, 0.0, 0.0, 0.0, 0.030000000000000002, 0.255, 0.0, 0.0, 0.0];[0.4880282185632572, -1.435085261698596, 64.1689966751171, 0.8092172787421883, -0.4, 33.798418053474684, -14.0, -14.0, -1.0, 0.0, 0.0, -1.0, 0.0, 0.0, 0.017433950180642532];4.895553800044581;18.261595899937674
413;[nan, nan, nan];False;False;[1.0, 12.126293104191603, 1.3123709914581954, 0.0, 2.0, 50.29487837736053, 0.10008408913507502, 0.7510135391796785, 10799.369793006203, 18090.96899965672, 15384.624580628304, 0.0, 3.0, 0.0, 0.025, 0.019481782582420837, 0.426010036911619, 0.27086112950262153, 0.06571148092043569, 0.4953569289399624, 0.3165383717769579, 0.06467901085389377, 0.21060912751792416, 0.12935059546514388, 0.040247287992466164, 0.3333333333333333, 0.3333333333333333, 0.003961176203275399, 0.25856708286759, 0.2998201336286518, 0.0813943254289852, 0.17765452472714582, 0.0, 0.0, 0.0, 0.0, 0.030000000000000002, 0.255, 0.0, 0.0, 0.0];[nan, nan, nan, nan, nan, nan, nan, nan, nan, nan, nan, nan, nan, nan, nan];84.42079819994979;18.261595899937674
414;[nan, nan, nan];False;False;[1.0, 4.607563439326382, 1.7773540539929142, 0.0, 2.0, 2.7233383829497804, 0.12602078844662315, 0.8776759053532174, 5682.5307721470635, 5745.903996634208, 14990.99355319787, 0.0, 3.0, 0.0, 0.025, 0.0325520183900134, 0.3333333333333333, 0.3333333333333333, 0.009444693374455668, 0.20707270924323065, 0.6410047060119882, 0.07533661890452942, 0.3333333333333333, 0.3333333333333333, 0.07918357026151462, 0.11237803651874251, 0.5993716155071755, 0.041755280500400976, 0.14457502423344798, 0.15600941248042707, 0.022930348309752532, 0.3333333333333333, 0.3333333333333333, 1.0, 0.0, 0.0, 0.030000000000000002, 0.255, 0.0, 0.0, 0.0];[nan, nan, nan, nan, nan, nan, nan, nan, nan, nan, nan, nan, nan, nan, nan];107.35577749996446;18.261595899937674
415;[nan, nan, nan];False;False;[1.0, 9.83668550883089, 1.8, 1.0, 1.0, 53.90898658009266, 0.10002063916733657, 0.5, 6261.3949164693195, 16509.154581463546, 10500.0, 0.0, 3.0, 0.0, 0.025, 0.023215131990897944, 0.7886013373525351, 0.0, 0.08073844661253965, 0.9752307970288107, 0.0, 0.05, 0.5, 0.5, 0.06313924006979516, 0.7957699838990798, 0.0, 0.0489987922266918, 0.9910694320329481, 0.0, 0.05, 0.5, 0.5, 0.0, 0.0, 0.0, 0.030000000000000002, 0.255, 0.0, 1.0, 1.0];[nan, nan, nan, nan, nan, nan, nan, nan, nan, nan, nan, nan, nan, nan, nan];68.75231550005265;18.261595899937674
416;[nan, nan, nan];False;False;[1.0, 9.285153024741806, 1.5259143010764213, 1.0, 1.0, 50.58343334518661, 0.6446105182062705, 0.5, 9096.204659466299, 6344.835944169818, 10500.0, 1.0, 3.7854777976074434, 0.0, 0.025, 0.08734197907473341, 0.8853137871898562, 0.0, 0.06734489549496857, 0.17934413986750383, 0.0, 0.05, 0.5, 0.5, 0.025795515360150036, 0.5821589530851085, 0.0, 0.009052871652606547, 0.19987920442279078, 0.0, 0.05, 0.5, 0.5, 0.0, 1.0, 1.0, 0.036072501896555885, 0.13982601290532806, 109.0, 1.0, 1.0];[nan, nan, nan, nan, nan, nan, nan, nan, nan, nan, nan, nan, nan, nan, nan];64.27011659997515;16.247964500100352
417;[nan, nan, nan];False;False;[1.0, 9.444406470907328, 1.8, 0.0, 0.0, 36.72363595772267, 0.5, 0.5, 18742.39199074117, 10500.0, 10500.0, 0.0, 3.0, 0.0, 0.025, 0.02594494090181425, 0.0, 0.0, 0.05, 0.5, 0.5, 0.05, 0.5, 0.5, 0.08476649113762683, 0.0, 0.0, 0.05, 0.5, 0.5, 0.05, 0.5, 0.5, 0.0, 0.0, 0.0, 0.030000000000000002, 0.255, 0.0, 0.0, 0.0];[nan, nan, nan, nan, nan, nan, nan, nan, nan, nan, nan, nan, nan, nan, nan];34.36165679991245;16.247964500100352
418;[23.31816132854737, 1318.6776014958414, 117.94749811079441];True;False;[0.0, 7.25, 1.4500000000000002, 0.0, 0.0, 34.4882858764244, 0.5, 0.5, 1625.2808947995386, 10500.0, 10500.0, 0.0, 3.0, 0.0, 0.025, 0.013472717851048819, 0.0, 0.0, 0.05, 0.5, 0.5, 0.05, 0.5, 0.5, 0.04873152442923357, 0.0, 0.0, 0.05, 0.5, 0.5, 0.05, 0.5, 0.5, 0.0, 0.0, 0.0, 0.030000000000000002, 0.255, 0.0, 0.0, 0.0];[0.37898111425845293, -1.4631757666738652, 29.208199075589256, 0.823470008837146, -0.4, 19.4882858764244, -14.0, -14.0, -1.0, 0.0, 0.0, -1.0, 0.0, 0.0, 0.028998797966443335];4.6218784000957385;16.247964500100352
419;[21.3615681992762, 1609.9167416387486, 116.68904046631539];True;False;[0.0, 7.25, 1.4500000000000002, 0.0, 1.0, 35.6898293299302, 0.17640354048247991, 0.5, 12102.623703824413, 14602.759955081843, 10500.0, 0.0, 3.0, 0.0, 0.025, 0.06812931184828298, 0.14930768367684671, 0.0, 0.05253381000315324, 0.4814277024295962, 0.0, 0.05, 0.5, 0.5, 0.0005570042769626573, 0.7706217928155591, 0.0, 0.07832976225921502, 0.9980072243215912, 0.0, 0.05, 0.5, 0.5, 0.0, 0.0, 0.0, 0.030000000000000002, 0.255, 0.0, 1.0, 0.0];[1.11016900113796, -1.3756008618972764, 37.334051940896664, 0.7534096642437067, -0.7235964595175202, -2.0914987124789146, -12.235168627636712, -14.0, -0.8506923163231532, -0.5185722975704038, 0.0, -0.2293782071844409, -0.0019927756784088313, 0.0, 0.0060583127963144134];13.040617299964651;16.247964500100352
420;[nan, nan, nan];False;False;[1.0, 9.851837968261329, 1.7873876477380395, 0.0, 2.0, 27.50373493958168, 0.22006680596180142, 0.6570603036756244, 13933.95658730159, 6305.5199179718975, 6020.286551233397, 1.0, 2.382409846114135, 0.0, 0.025, 0.06605009089074458, 0.3286971048180508, 0.27995790449592867, 0.018478730320035396, 0.3333333333333333, 0.3333333333333333, 0.044951140748954344, 0.24184176004048816, 0.5312752080466968, 0.019014914890521508, 0.3333333333333333, 0.3333333333333333, 0.03380202953743585, 0.3333333333333333, 0.3333333333333333, 0.07771171946612102, 0.6023739738953967, 0.39219434321069074, 0.0, 1.0, 1.0, 0.01892627381309265, 0.12346624076311191, 44.0, 1.0, 0.0];[nan, nan, nan, nan, nan, nan, nan, nan, nan, nan, nan, nan, nan, nan, nan];103.92000119993463;16.247964500100352
421;[nan, nan, nan];False;False;[1.0, 7.089276256994823, 1.6508774992349413, 0.0, 0.0, 30.726595563874096, 0.5, 0.5, 3333.311841706752, 10500.0, 10500.0, 1.0, 3.984736252086882, 0.0, 0.025, 0.06788493070214842, 0.0, 0.0, 0.05, 0.5, 0.5, 0.05, 0.5, 0.5, 0.06766884200519814, 0.0, 0.0, 0.05, 0.5, 0.5, 0.05, 0.5, 0.5, 0.0, 0.0, 0.0, 0.030000000000000002, 0.255, 0.0, 0.0, 0.0];[nan, nan, nan, nan, nan, nan, nan, nan, nan, nan, nan, nan, nan, nan, nan];35.37346140004229;16.66357810003683
422;[nan, nan, nan];False;False;[1.0, 8.507712711054953, 1.7530495887898057, 0.0, 0.0, 24.82159354021468, 0.5, 0.5, 9496.960983236795, 10500.0, 10500.0, 1.0, 3.200215582791072, 0.0, 0.025, 0.019061670885340044, 0.0, 0.0, 0.05, 0.5, 0.5, 0.05, 0.5, 0.5, 0.0718697109156463, 0.0, 0.0, 0.05, 0.5, 0.5, 0.05, 0.5, 0.5, 0.0, 0.0, 0.0, 0.030000000000000002, 0.255, 0.0, 0.0, 0.0];[nan, nan, nan, nan, nan, nan, nan, nan, nan, nan, nan, nan, nan, nan, nan];37.382466400042176;16.66357810003683
423;[31.50552402762407, 1065.0064180220506, 118.84862417641077];True;False;[0.0, 7.25, 1.4500000000000002, 0.0, 0.0, 7.435964636417312, 0.5, 0.5, 19645.74184984484, 10500.0, 10500.0, 0.0, 3.0, 0.0, 0.025, 0.03794327205650142, 0.0, 0.0, 0.05, 0.5, 0.5, 0.05, 0.5, 0.5, 0.04712758327835881, 0.0, 0.0, 0.05, 0.5, 0.5, 0.05, 0.5, 0.5, 0.0, 0.0, 0.0, 0.030000000000000002, 0.255, 0.0, 0.0, 0.0];[0.4804582103612738, -1.4370352937917577, -10.177690109542258, 0.5025883182168029, -0.4, -7.564035363582688, -14.0, -14.0, -1.0, 0.0, 0.0, -1.0, 0.0, 0.0, 0.01822041983492162];13.84637600008864;16.66357810003683
424;[22.223032160405825, 1427.997526340279, 117.59393631441901];True;False;[0.0, 7.25, 1.4500000000000002, 0.0, 0.0, 49.52277930555577, 0.5, 0.5, 1341.0574556108513, 10500.0, 10500.0, 0.0, 3.0, 0.0, 0.025, 0.018924715362907046, 0.0, 0.0, 0.05, 0.5, 0.5, 0.05, 0.5, 0.5, 0.0020362294171686296, 0.0, 0.0, 0.05, 0.5, 0.5, 0.05, 0.5, 0.5, 0.0, 0.0, 0.0, 0.030000000000000002, 0.255, 0.0, 0.0, 0.0];[0.41127409063130393, -1.4548571045759482, 66.21144975629937, 0.8492072862613149, -0.4, 34.52277930555577, -14.0, -14.0, -1.0, 0.0, 0.0, -1.0, 0.0, 0.0, 0.025520485543076843];4.694879200076684;16.66357810003683
425;[nan, nan, nan];False;False;[1.0, 7.058070260834742, 1.696768252009293, 0.0, 0.0, 27.42285035264454, 0.5, 0.5, 11159.563203059406, 10500.0, 10500.0, 1.0, 3.7413222541212408, 0.0, 0.025, 0.04167951398019188, 0.0, 0.0, 0.05, 0.5, 0.5, 0.05, 0.5, 0.5, 0.0137871208785785, 0.0, 0.0, 0.05, 0.5, 0.5, 0.05, 0.5, 0.5, 0.0, 0.0, 0.0, 0.030000000000000002, 0.255, 0.0, 0.0, 0.0];[nan, nan, nan, nan, nan, nan, nan, nan, nan, nan, nan, nan, nan, nan, nan];49.463755700038746;16.66357810003683
426;[177.80975511799045, 4770.015257248731, 146.5924895964595];True;False;[0.0, 7.25, 1.4500000000000002, 0.0, 0.0, 1.1001583655380889, 0.5, 0.5, 10708.264879012679, 10500.0, 10500.0, 0.0, 3.0, 0.0, 0.025, 0.07841456540574072, 0.0, 0.0, 0.05, 0.5, 0.5, 0.05, 0.5, 0.5, 0.06540913735306195, 0.0, 0.0, 0.05, 0.5, 0.5, 0.05, 0.5, 0.5, 0.0, 0.0, 0.0, 0.030000000000000002, 0.255, 0.0, 0.0, 0.0];[6.66774380814671, 0.1568078254367271, -14.395591234081504, -0.7490346543761444, -0.4, -13.899841634461911, -14.0, -14.0, -1.0, 0.0, 0.0, -1.0, 0.0, 0.0, -0.26889019043748974];12.876061600050889;15.651707200100645
427;[nan, nan, nan];False;False;[0.0, 7.25, 1.4500000000000002, 0.0, 2.0, 21.120455104068483, 0.3532252256671391, 0.5131038174426594, 8580.717957032974, 8520.586397924242, 3611.2402012970124, 0.0, 3.0, 0.0, 0.025, 0.09269119125747102, 0.2260284835464875, 0.1683153804732495, 0.010229553167781465, 0.3333333333333333, 0.3333333333333333, 0.07587055302926929, 0.3333333333333333, 0.3333333333333333, 0.02268270900508414, 0.23964060392712433, 0.3861541339404682, 0.002527535820892198, 0.3333333333333333, 0.3333333333333333, 0.03978478440892092, 0.3333333333333333, 0.3333333333333333, 0.0, 0.0, 0.0, 0.030000000000000002, 0.255, 0.0, 0.0, 0.0];[nan, nan, nan, nan, nan, nan, nan, nan, nan, nan, nan, nan, nan, nan, nan];100.76701710000634;15.651707200100645
428;[nan, nan, nan];False;False;[0.0, 7.25, 1.4500000000000002, 0.0, 2.0, 18.153580701516088, 0.7966129558029901, 0.47065888608655226, 4196.242189647219, 14253.148391277033, 1648.102721061587, 0.0, 3.0, 1.0, 0.03898213400785534, 0.043444397992396286, 0.6195317372134109, 0.1035049740883507, 0.06322608611230578, 0.3333333333333333, 0.3333333333333333, 0.05984008074531965, 0.3857714525069553, 0.1020175555456891, 0.0577113158808829, 0.3333333333333333, 0.3333333333333333, 0.005498811604618796, 0.11342602981487696, 0.3630616309645143, 0.007005202482755369, 0.45079867499396087, 0.2367539077277923, 0.0, 0.0, 0.0, 0.030000000000000002, 0.255, 0.0, 0.0, 2.0];[nan, nan, nan, nan, nan, nan, nan, nan, nan, nan, nan, nan, nan, nan, nan];91.80391630006488;15.651707200100645
429;[9.161627382231421, 3417.4887063130527, 126.47327329123397];True;False;[1.0, 6.926199513420458, 1.7034915345656043, 0.0, 1.0, 33.56592748823217, 0.13208695586491753, 0.5, 9906.966817183462, 6357.160370570224, 10500.0, 0.0, 3.0, 0.0, 0.025, 0.017574938174097346, 0.24706720621645803, 0.0, 0.0360747094298818, 0.5504029927773769, 0.0, 0.05, 0.5, 0.5, 0.05246260467289541, 0.2749534400040192, 0.0, 0.01768385733409859, 0.7405563165904526, 0.0, 0.05, 0.5, 0.5, 0.0, 1.0, 0.0, 0.02184845559600143, 0.12791624269899515, 7.0, 0.0, 1.0];[0.1427899429795021, -0.08619089247970546, 31.011758324847726, -0.552921992064237, -0.7679130441350825, -3.621435431808157, -13.268305833077273, -14.0, -0.7529327937835419, -0.4495970072226231, 0.0, -0.7250465599959808, -0.2594436834095474, 0.0, -0.3553873038660721];16.199871300021186;15.651707200100645
430;[nan, nan, nan];False;False;[1.0, 8.407946443433806, 1.658294020891212, 0.0, 0.0, 41.41144230827473, 0.5, 0.5, 1879.1845438248215, 10500.0, 10500.0, 0.0, 3.0, 0.0, 0.025, 0.042351342762551564, 0.0, 0.0, 0.05, 0.5, 0.5, 0.05, 0.5, 0.5, 0.027943552438539104, 0.0, 0.0, 0.05, 0.5, 0.5, 0.05, 0.5, 0.5, 0.0, 0.0, 0.0, 0.030000000000000002, 0.255, 0.0, 0.0, 0.0];[nan, nan, nan, nan, nan, nan, nan, nan, nan, nan, nan, nan, nan, nan, nan];36.463758699945174;15.651707200100645
431;[nan, nan, nan];False;False;[1.0, 3.9069015515568917, 1.668654510784474, 0.0, 0.0, 39.12840840770318, 0.5, 0.5, 18378.854224966766, 10500.0, 10500.0, 1.0, 1.2385992907463017, 0.0, 0.025, 0.04233817750665687, 0.0, 0.0, 0.05, 0.5, 0.5, 0.05, 0.5, 0.5, 0.08631518829884918, 0.0, 0.0, 0.05, 0.5, 0.5, 0.05, 0.5, 0.5, 0.0, 0.0, 0.0, 0.030000000000000002, 0.255, 0.0, 0.0, 0.0];[nan, nan, nan, nan, nan, nan, nan, nan, nan, nan, nan, nan, nan, nan, nan];23.67319070000667;14.284964899998158
432;[nan, nan, nan];False;False;[0.0, 7.25, 1.4500000000000002, 0.0, 0.0, 12.132415502146765, 0.5, 0.5, 18293.378439578355, 10500.0, 10500.0, 0.0, 3.0, 0.0, 0.025, 0.08098279055603048, 0.0, 0.0, 0.05, 0.5, 0.5, 0.05, 0.5, 0.5, 0.0225066812618352, 0.0, 0.0, 0.05, 0.5, 0.5, 0.05, 0.5, 0.5, 0.0, 0.0, 0.0, 0.030000000000000002, 0.255, 0.0, 0.0, 0.0];[nan, nan, nan, nan, nan, nan, nan, nan, nan, nan, nan, nan, nan, nan, nan];31.113348100101575;14.284964899998158
433;[nan, nan, nan];False;False;[1.0, 8.23347470259343, 1.7042096265675615, 1.0, 0.0, 20.597070537616013, 0.5, 0.5, 7015.802547687936, 10500.0, 10500.0, 0.0, 3.0, 0.0, 0.025, 0.01963198646216972, 0.0, 0.0, 0.05, 0.5, 0.5, 0.05, 0.5, 0.5, 0.030433476203636636, 0.0, 0.0, 0.05, 0.5, 0.5, 0.05, 0.5, 0.5, 0.0, 0.0, 0.0, 0.030000000000000002, 0.255, 0.0, 0.0, 0.0];[nan, nan, nan, nan, nan, nan, nan, nan, nan, nan, nan, nan, nan, nan, nan];49.687585600069724;14.284964899998158
434;[nan, nan, nan];False;False;[0.0, 7.25, 1.4500000000000002, 0.0, 2.0, 47.47300739925039, 0.4858046895192275, 0.30610503026131175, 9459.773929830999, 6786.313434886498, 17709.4917086581, 0.0, 3.0, 1.0, 0.02244511019180937, 0.06109635335002838, 0.3333333333333333, 0.3333333333333333, 0.009350776127908854, 0.3333333333333333, 0.3333333333333333, 0.06542432938656804, 0.3333333333333333, 0.3333333333333333, 0.021258674556952472, 0.8172168663604005, 0.02542440195905508, 0.0156751726032052, 0.2975028389623342, 0.3357321539963395, 0.0810430887203999, 0.1741928348899532, 0.18972553450493201, 0.0, 0.0, 0.0, 0.030000000000000002, 0.255, 0.0, 0.0, 1.0];[nan, nan, nan, nan, nan, nan, nan, nan, nan, nan, nan, nan, nan, nan, nan];83.62275909993332;14.284964899998158
435;[11.770022354830946, 2994.523210942804, 108.25058459503279];True;False;[1.0, 3.4541189786891353, 1.7707232207652643, 0.0, 1.0, 30.2602313303597, 0.8353851186864792, 0.5, 19475.585594959917, 7227.999221864257, 10500.0, 1.0, 1.927158637169561, 0.0, 0.025, 0.05714602315283123, 0.12304339776550555, 0.0, 0.09229568525774928, 0.3025217319249032, 0.0, 0.05, 0.5, 0.5, 0.06847122489793132, 0.14503530259119435, 0.0, 0.018663043629251624, 0.4613204325731533, 0.0, 0.05, 0.5, 0.5, 0.0, 0.0, 0.0, 0.030000000000000002, 0.255, 0.0, 1.0, 1.0];[0.13670750099706197, -0.351600219367767, 23.953376964816606, -3.3306690738754696e-16, -0.06461488131352078, -13.16493285406248, -5.687428905124381, -14.0, -0.8769566022344945, -0.6974782680750968, 0.0, -0.8549646974088057, -0.5386795674268468, 0.0, -0.17572019817074958];33.75488990009762;14.284964899998158
436;[22.991789036032905, 1355.6887198194668, 117.58511519784935];True;False;[0.0, 7.25, 1.4500000000000002, 0.0, 0.0, 32.976241668076774, 0.5, 0.5, 16395.750148294537, 10500.0, 10500.0, 0.0, 3.0, 0.0, 0.025, 0.057710217545349066, 0.0, 0.0, 0.05, 0.5, 0.5, 0.05, 0.5, 0.5, 0.05947767560803674, 0.0, 0.0, 0.05, 0.5, 0.5, 0.05, 0.5, 0.5, 0.0, 0.0, 0.0, 0.030000000000000002, 0.255, 0.0, 0.0, 0.0];[0.45655789572103433, -1.4431920084665006, 26.10020863746007, 0.7820151850565937, -0.4, 17.976241668076774, -14.0, -14.0, -1.0, 0.0, 0.0, -1.0, 0.0, 0.0, 0.020719257001280744];4.526992800063454;16.944812499918044
437;[24.571730536181974, 1226.2900861073076, 118.39892479800031];True;False;[0.0, 7.25, 1.4500000000000002, 0.0, 0.0, 26.26501548950825, 0.5, 0.5, 2627.14835959613, 10500.0, 10500.0, 0.0, 3.0, 0.0, 0.025, 0.035591588545224505, 0.0, 0.0, 0.05, 0.5, 0.5, 0.05, 0.5, 0.5, 0.01891124582729072, 0.0, 0.0, 0.05, 0.5, 0.5, 0.05, 0.5, 0.5, 0.0, 0.0, 0.0, 0.030000000000000002, 0.255, 0.0, 0.0, 0.0];[0.3256816235601825, -1.4769057012574867, 13.61946963809665, 0.8091145137158682, -0.4, 11.26501548950825, -14.0, -14.0, -1.0, 0.0, 0.0, -1.0, 0.0, 0.0, 0.03484157183986525];4.833198899985291;16.944812499918044
438;[41.241532832707286, 1326.4905665627623, 121.78935197273655];True;False;[0.0, 7.25, 1.4500000000000002, 0.0, 1.0, 38.45903059159182, 0.18366529118501465, 0.5, 3712.366055695399, 19150.151671932148, 10500.0, 0.0, 3.0, 1.0, 0.04009974259698518, 0.08038955619544852, 0.7821583384352007, 0.0, 0.03978747278562243, 0.31763910409418816, 0.0, 0.05, 0.5, 0.5, 0.09493893533956187, 0.613023946985647, 0.0, 0.02410951014948778, 0.473820796257132, 0.0, 0.05, 0.5, 0.5, 0.0, 0.0, 0.0, 0.030000000000000002, 0.255, 0.0, 1.0, 1.0];[0.9872987508857856, -1.4946556541454403, 18.17144106554811, 0.5348804709266406, -0.7163347088149854, -1.9256606885412442, -12.058434107038575, -14.0, -0.21784166156479934, -0.6823608959058118, 0.0, -0.386976053014353, -0.526179203742868, 0.0, 0.069128831309894];36.13030419999268;16.944812499918044
439;[nan, nan, nan];False;False;[0.0, 7.25, 1.4500000000000002, 0.0, 2.0, 6.89713682812954, 0.5733830645648597, 0.7981200814136337, 15617.995209179631, 3799.558431896375, 7076.183838677683, 0.0, 3.0, 0.0, 0.025, 0.07630975274159568, 0.279945303676553, 0.020369368616429354, 0.0602131010027034, 0.5392555249876267, 0.041176683261232874, 0.05089210709569898, 0.191210040851658, 0.07313795856899938, 0.042564100213288374, 0.3333333333333333, 0.3333333333333333, 0.021415498945506983, 0.5687693758110984, 0.021007790257081063, 0.09647773420231397, 0.3333333333333333, 0.3333333333333333, 0.0, 0.0, 0.0, 0.030000000000000002, 0.255, 0.0, 2.0, 0.0];[nan, nan, nan, nan, nan, nan, nan, nan, nan, nan, nan, nan, nan, nan, nan];64.32016470003873;16.944812499918044
440;[nan, nan, nan];False;False;[1.0, 4.575762305663628, 1.3174563186823116, 0.0, 1.0, 59.23314463049685, 0.5219996747409649, 0.5, 1683.239557826751, 18663.125064828273, 10500.0, 1.0, 1.1481446699188222, 1.0, 0.0492536004087469, 0.05899664852706822, 0.5757175944344208, 0.0, 0.04232775159582738, 0.6432782177932753, 0.0, 0.05, 0.5, 0.5, 0.021726993936552683, 0.3241168875361608, 0.0, 0.04306903630824161, 0.41214159317943855, 0.0, 0.05, 0.5, 0.5, 1.0, 0.0, 0.0, 0.030000000000000002, 0.255, 0.0, 1.0, 1.0];[nan, nan, nan, nan, nan, nan, nan, nan, nan, nan, nan, nan, nan, nan, nan];78.69506980001461;16.944812499918044
441;[26.39442278625121, 1297.0858115960411, 118.03280367341078];True;False;[0.0, 7.25, 1.4500000000000002, 0.0, 1.0, 13.287230064947783, 0.8704531615724104, 0.5, 8350.844451146011, 5859.974219580996, 10500.0, 0.0, 3.0, 0.0, 0.025, 0.0, 0.8528733077190989, 0.0, 0.07012555836974131, 0.4098489125638159, 0.0, 0.05, 0.5, 0.5, 0.07067184647640641, 0.2560827669428034, 0.0, 0.035195422723380713, 0.5086837866045493, 0.0, 0.05, 0.5, 0.5, 0.0, 0.0, 0.0, 0.030000000000000002, 0.255, 0.0, 0.0, 1.0];[0.9998383897743004, -1.4020400616421573, -4.225916716961484, 0.6299871483562176, -0.02954683842758965, -13.593764902237432, -5.551202934638152, -14.0, -0.14712669228090114, -0.5901510874361842, 0.0, -0.7439172330571966, -0.49131621339545073, 0.0, 0.016210197102638157];22.058696400024928;22.415303700021468
442;[nan, nan, nan];False;False;[1.0, 8.449132641524098, 1.5375949550717862, 1.0, 1.0, 20.587378729687526, 0.6379193728146124, 0.5, 12752.216107465687, 2521.6093365845272, 10500.0, 0.0, 3.0, 0.0, 0.025, 0.046530199061290384, 0.2575591752553737, 0.0, 0.060256334872282914, 0.3430861204834947, 0.0, 0.05, 0.5, 0.5, 0.0056354032669554514, 0.4221645671110337, 0.0, 0.03805878670313716, 0.7113194946590867, 0.0, 0.05, 0.5, 0.5, 0.0, 0.0, 0.0, 0.030000000000000002, 0.255, 0.0, 1.0, 1.0];[nan, nan, nan, nan, nan, nan, nan, nan, nan, nan, nan, nan, nan, nan, nan];69.56141569989268;22.415303700021468
443;[20.331023274035903, 2467.4487522928493, 106.45644818193783];True;False;[1.0, 4.9922014474036445, 1.396012827364487, 1.0, 1.0, 59.40945507231799, 0.3490660169024249, 0.5, 4655.649222551983, 10631.482118949809, 10500.0, 1.0, 2.865806110939363, 1.0, 0.04981668499087415, 0.03576527188262512, 0.7010925938009458, 0.0, 0.018509228198804278, 0.8091014385662135, 0.0, 0.05, 0.5, 0.5, 0.03497051312597206, 0.5175353764158276, 0.0, 0.03692813896228183, 0.5982190990006987, 0.0, 0.05, 0.5, 0.5, 0.0, 0.0, 0.0, 0.030000000000000002, 0.255, 0.0, 0.0, 1.0];[0.3309734540131206, -0.5669666384977936, 52.67427400200633, -1.1102230246251565e-16, -0.5509339830975751, -7.4603174115763, -10.956814303463533, -14.0, -0.2989074061990542, -0.19089856143378647, 0.0, -0.4824646235841724, -0.4017809009993013, 0.0, -0.1372431103061762];17.97702410002239;22.415303700021468
444;[22.279205774690066, 3161.8552276726923, 111.90891134201611];True;False;[1.0, 6.163807545249529, 1.6000988041419468, 0.0, 2.0, 15.23198337814329, 0.8705534351190816, 0.15516244131519946, 2050.776290860128, 15938.649804790779, 8790.409151744894, 1.0, 1.7976002341586685, 1.0, 0.05, 0.01462729536292532, 0.4074456686709656, 0.41481959833848175, 0.03393213397568983, 0.3333333333333333, 0.3333333333333333, 0.04255934194772975, 0.1726395732311267, 0.8248377895835417, 0.060931098792199656, 0.3333333333333333, 0.3333333333333333, 0.06877630226855726, 0.3333333333333333, 0.3333333333333333, 0.01864384708159583, 0.5969163193999923, 0.40081781715381515, 0.0, 1.0, 2.0, 0.03441259427462538, 0.39328220055974383, 100.0, 2.0, 0.0];[0.6969416523751564, -0.30473647281245864, 272.56518488317977, -1.1102230246251565e-16, -0.029446564880918458, -12.880647390950422, -12.880647390950422, -12.880647390950422, -0.17773473299055265, -0.33333333333333337, -0.002522637185331633, -0.33333333333333337, -0.33333333333333337, -0.0022658634461925065, -0.004189367826922807];59.45258240005933;22.415303700021468
445;[nan, nan, nan];False;False;[1.0, 5.76604591553351, 1.494190566354869, 0.0, 2.0, 9.2293204843562, 0.12568443813224606, 0.48949581551104926, 18462.634087302977, 10685.860217028745, 14046.966259144483, 0.0, 3.0, 0.0, 0.025, 0.03334567591529613, 0.13324104856224628, 0.1559977847539916, 0.07503831690693641, 0.4744082376032942, 0.10610404271599132, 0.006894012519341821, 0.12539994855676878, 0.27184353579454046, 0.0680086940370757, 0.12273055010246085, 0.28710385973340186, 0.023151779126942038, 0.3333333333333333, 0.3333333333333333, 0.08591029765753902, 0.3333333333333333, 0.3333333333333333, 1.0, 0.0, 0.0, 0.030000000000000002, 0.255, 0.0, 2.0, 0.0];[nan, nan, nan, nan, nan, nan, nan, nan, nan, nan, nan, nan, nan, nan, nan];109.16639969998505;22.415303700021468
446;[nan, nan, nan];False;False;[1.0, 8.425937244166729, 1.6876559335468135, 1.0, 1.0, 20.59787268810216, 0.7269004130791857, 0.5, 15147.209562979284, 9530.832903851777, 10500.0, 1.0, 3.0980978532304806, 0.0, 0.025, 0.034317289087094686, 0.535959783736474, 0.0, 0.06260632430584998, 0.9840877949213764, 0.0, 0.05, 0.5, 0.5, 0.03232989327790455, 0.4481077538980644, 0.0, 0.08730792064297765, 0.5935385597133697, 0.0, 0.05, 0.5, 0.5, 0.0, 0.0, 0.0, 0.030000000000000002, 0.255, 0.0, 1.0, 1.0];[nan, nan, nan, nan, nan, nan, nan, nan, nan, nan, nan, nan, nan, nan, nan];58.79922489996534;15.470309700001962
447;[20.99873285217597, 1610.4145356542244, 116.52131896033966];True;False;[0.0, 7.25, 1.4500000000000002, 0.0, 0.0, 56.7451172946877, 0.5, 0.5, 17339.10714923472, 10500.0, 10500.0, 0.0, 3.0, 0.0, 0.025, 0.0802703073391883, 0.0, 0.0, 0.05, 0.5, 0.5, 0.05, 0.5, 0.5, 0.03316396983136887, 0.0, 0.0, 0.05, 0.5, 0.5, 0.05, 0.5, 0.5, 0.0, 0.0, 0.0, 0.030000000000000002, 0.255, 0.0, 0.0, 0.0];[0.6227926128568653, -1.4003699896835584, 88.05834910836387, 0.7543732797348004, -0.4, 41.7451172946877, -14.0, -14.0, -1.0, 0.0, 0.0, -1.0, 0.0, 0.0, 0.0038219072671681342];5.153705299948342;15.470309700001962
448;[25.449978478866537, 1181.8396743422736, 118.56014221134117];True;False;[0.0, 7.25, 1.4500000000000002, 0.0, 0.0, 21.160418341940325, 0.5, 0.5, 6814.343469976817, 10500.0, 10500.0, 0.0, 3.0, 0.0, 0.025, 0.0, 0.0, 0.0, 0.05, 0.5, 0.5, 0.05, 0.5, 0.5, 0.06476689955348137, 0.0, 0.0, 0.05, 0.5, 0.5, 0.05, 0.5, 0.5, 0.0, 0.0, 0.0, 0.030000000000000002, 0.255, 0.0, 0.0, 0.0];[0.32675731157733523, -1.4766286043112677, 5.542898993502192, 0.7735797121005921, -0.4, 6.160418341940325, -14.0, -14.0, -1.0, 0.0, 0.0, -1.0, 0.0, 0.0, 0.03472237739259032];4.571917900000699;15.470309700001962
449;[nan, nan, nan];False;False;[0.0, 7.25, 1.4500000000000002, 0.0, 2.0, 46.81193833516422, 0.15115605251012212, 0.5704741417319451, 13075.967625296087, 15727.658844151101, 12980.041952887848, 0.0, 3.0, 1.0, 0.04866964829039594, 0.04829725920577004, 0.3333333333333333, 0.3333333333333333, 0.04876195979282297, 0.09244275301045426, 0.5117770206444218, 0.05407594131488809, 0.5083409912801209, 0.17455192961043978, 0.01555375655054914, 0.37301549881954127, 0.5049527755507474, 0.03538883837276278, 0.252968613894954, 0.3905025608022825, 0.05906263785264513, 0.6416821392643411, 0.14910608318832294, 0.0, 0.0, 0.0, 0.030000000000000002, 0.255, 0.0, 2.0, 1.0];[nan, nan, nan, nan, nan, nan, nan, nan, nan, nan, nan, nan, nan, nan, nan];93.81001760007348;15.470309700001962
450;[26.36061736397159, 1127.0927417201824, 119.02109382796004];True;False;[0.0, 7.25, 1.4500000000000002, 0.0, 0.0, 19.852906006198467, 0.5, 0.5, 19135.61312511111, 10500.0, 10500.0, 0.0, 3.0, 0.0, 0.025, 0.003725022702093958, 0.0, 0.0, 0.05, 0.5, 0.5, 0.05, 0.5, 0.5, 0.008514552429295686, 0.0, 0.0, 0.05, 0.5, 0.5, 0.05, 0.5, 0.5, 0.0, 0.0, 0.0, 0.030000000000000002, 0.255, 0.0, 0.0, 0.0];[0.24909818499710745, -1.4966335745989638, 3.6688543311438657, 0.7935543183708327, -0.4, 4.852906006198467, -14.0, -14.0, -1.0, 0.0, 0.0, -1.0, 0.0, 0.0, 0.043466368603889416];6.035009799990803;15.470309700001962
451;[24.458974821718122, 1227.8670757505458, 118.49006599900927];True;False;[0.0, 7.25, 1.4500000000000002, 0.0, 0.0, 28.689686461778948, 0.5, 0.5, 7147.062253528208, 10500.0, 10500.0, 0.0, 3.0, 0.0, 0.025, 0.020800641897134195, 0.0, 0.0, 0.05, 0.5, 0.5, 0.05, 0.5, 0.5, 0.0059089188029776436, 0.0, 0.0, 0.05, 0.5, 0.5, 0.05, 0.5, 0.5, 0.0, 0.0, 0.0, 0.030000000000000002, 0.255, 0.0, 0.0, 0.0];[0.29551035272062176, -1.4846778125761002, 17.882717828224827, 0.8359210546187621, -0.4, 13.689686461778948, -14.0, -14.0, -1.0, 0.0, 0.0, -1.0, 0.0, 0.0, 0.03820656299478897];6.614625599933788;19.18165480007883
452;[nan, nan, nan];False;False;[0.0, 7.25, 1.4500000000000002, 0.0, 2.0, 42.56194210807768, 0.6173476451819202, 0.34667087819976083, 8480.19988223304, 12093.582945564387, 13710.815997031694, 0.0, 3.0, 0.0, 0.025, 0.0008243793915425261, 0.19712227067513327, 0.47773319518591295, 0.04768928152971907, 0.3333333333333333, 0.3333333333333333, 0.01911426203200811, 0.3686223370206912, 0.40338148936398793, 0.08360410653289968, 0.1749177433603323, 0.30172670670786916, 0.03317915588954971, 0.3333333333333333, 0.3333333333333333, 0.03468375517748581, 0.5030259771162442, 0.21962352517780737, 0.0, 0.0, 0.0, 0.030000000000000002, 0.255, 0.0, 1.0, 2.0];[nan, nan, nan, nan, nan, nan, nan, nan, nan, nan, nan, nan, nan, nan, nan];87.75913389993366;19.18165480007883
453;[21.58024278825502, 1516.1217321314, 116.94113858328407];True;False;[0.0, 7.25, 1.4500000000000002, 0.0, 0.0, 49.05559895842367, 0.5, 0.5, 15455.131727188138, 10500.0, 10500.0, 0.0, 3.0, 0.0, 0.025, 0.06673534786938555, 0.0, 0.0, 0.05, 0.5, 0.5, 0.05, 0.5, 0.5, 0.038161167790970965, 0.0, 0.0, 0.05, 0.5, 0.5, 0.05, 0.5, 0.5, 0.0, 0.0, 0.0, 0.030000000000000002, 0.255, 0.0, 0.0, 0.0];[0.5467525290628288, -1.4199578949814837, 64.89108950476525, 0.7805703772380073, -0.4, 34.05559895842367, -14.0, -14.0, -1.0, 0.0, 0.0, -1.0, 0.0, 0.0, 0.011413058175644086];4.995580999995582;19.18165480007883
454;[nan, nan, nan];False;False;[1.0, 9.408539392894168, 1.453731889516933, 0.0, 0.0, 41.2807466529095, 0.5, 0.5, 11403.773715907306, 10500.0, 10500.0, 0.0, 3.0, 0.0, 0.025, 0.031856437506161676, 0.0, 0.0, 0.05, 0.5, 0.5, 0.05, 0.5, 0.5, 0.047743588572552044, 0.0, 0.0, 0.05, 0.5, 0.5, 0.05, 0.5, 0.5, 0.0, 0.0, 0.0, 0.030000000000000002, 0.255, 0.0, 0.0, 0.0];[nan, nan, nan, nan, nan, nan, nan, nan, nan, nan, nan, nan, nan, nan, nan];36.592273400048725;19.18165480007883
455;[25.096822008834163, 1206.0806839310744, 118.3536098437612];True;False;[0.0, 7.25, 1.4500000000000002, 0.0, 0.0, 21.5672433344229, 0.5, 0.5, 14660.47881482441, 10500.0, 10500.0, 0.0, 3.0, 0.0, 0.025, 0.044402892375210674, 0.0, 0.0, 0.05, 0.5, 0.5, 0.05, 0.5, 0.5, 0.04578645245111249, 0.0, 0.0, 0.05, 0.5, 0.5, 0.05, 0.5, 0.5, 0.0, 0.0, 0.0, 0.030000000000000002, 0.255, 0.0, 0.0, 0.0];[0.3634101552185802, -1.4671868415682192, 6.142148273159712, 0.761798321277027, -0.4, 6.567243334422901, -14.0, -14.0, -1.0, 0.0, 0.0, -1.0, 0.0, 0.0, 0.03069246935182568];5.830136999953538;19.18165480007883
456;[24.968369865094058, 1200.322652476538, 118.56688440491146];True;False;[0.0, 7.25, 1.4500000000000002, 0.0, 0.0, 24.793518249965402, 0.5, 0.5, 7156.889177917333, 10500.0, 10500.0, 0.0, 3.0, 0.0, 0.025, 0.029254031695069228, 0.0, 0.0, 0.05, 0.5, 0.5, 0.05, 0.5, 0.5, 0.012319612746682328, 0.0, 0.0, 0.05, 0.5, 0.5, 0.05, 0.5, 0.5, 0.0, 0.0, 0.0, 0.030000000000000002, 0.255, 0.0, 0.0, 0.0];[0.3013792858487161, -1.483165976968127, 11.166651759717933, 0.8105086712047609, -0.4, 9.793518249965402, -14.0, -14.0, -1.0, 0.0, 0.0, -1.0, 0.0, 0.0, 0.03754868988390381];5.35912310006097;19.058638999937102
457;[28.567493245271308, 1257.1888541502353, 117.90793830842946];True;False;[0.0, 7.25, 1.4500000000000002, 0.0, 1.0, 8.248089775908756, 0.21234183785227956, 0.5, 13513.824815144402, 16060.827913889225, 10500.0, 0.0, 3.0, 0.0, 0.025, 0.04408342586409908, 0.7916247751211176, 0.0, 0.020872465333759745, 0.10755776332977868, 0.0, 0.05, 0.5, 0.5, 0.05843969559810787, 0.5764357097140461, 0.0, 0.0869214560050894, 0.3074146366347903, 0.0, 0.05, 0.5, 0.5, 0.0, 0.0, 0.0, 0.030000000000000002, 0.255, 0.0, 1.0, 0.0];[1.118351432338077, -1.373640055823382, -9.345820494121156, 0.5093649485159346, -0.6876581621477205, -9.468692628888153, -13.508835394144656, -14.0, -0.20837522487888238, -0.8924422366702214, 0.0, -0.4235642902859539, -0.6925853633652097, 0.0, 0.005321301703725689];19.915467699989676;19.058638999937102
458;[22.287654886115455, 1422.8668165307276, 117.44174759243216];True;False;[0.0, 7.25, 1.4500000000000002, 0.0, 0.0, 43.36730008632532, 0.5, 0.5, 14389.057449848524, 10500.0, 10500.0, 0.0, 3.0, 0.0, 0.025, 0.005076992508822223, 0.0, 0.0, 0.05, 0.5, 0.5, 0.05, 0.5, 0.5, 0.06896028170390066, 0.0, 0.0, 0.05, 0.5, 0.5, 0.05, 0.5, 0.5, 0.0, 0.0, 0.0, 0.030000000000000002, 0.255, 0.0, 0.0, 0.0];[0.4555494929447681, -1.4434517727526341, 49.70262782844031, 0.813525796248757, -0.4, 28.367300086325322, -14.0, -14.0, -1.0, 0.0, 0.0, -1.0, 0.0, 0.0, 0.02082521795378145];4.731214500032365;19.058638999937102
459;[22.27659053672727, 1426.183419066637, 117.34134425488045];True;False;[0.0, 7.25, 1.4500000000000002, 0.0, 0.0, 41.15212284873643, 0.5, 0.5, 3226.8911705283845, 10500.0, 10500.0, 0.0, 3.0, 0.0, 0.025, 0.08961084155058374, 0.0, 0.0, 0.05, 0.5, 0.5, 0.05, 0.5, 0.5, 0.008938527682390063, 0.0, 0.0, 0.05, 0.5, 0.5, 0.05, 0.5, 0.5, 0.0, 0.0, 0.0, 0.030000000000000002, 0.255, 0.0, 0.0, 0.0];[0.48132343666839805, -1.4368124117258858, 44.22674265326495, 0.7955503908900763, -0.4, 26.152122848736433, -14.0, -14.0, -1.0, 0.0, 0.0, -1.0, 0.0, 0.0, 0.018130408024641387];5.0588027000194415;19.058638999937102
460;[29.516815754124327, 1175.8134240113407, 118.90039229524629];True;False;[0.0, 7.25, 1.4500000000000002, 0.0, 1.0, 9.511005535882811, 0.5435068149560228, 0.5, 17885.78545413061, 17778.72545722027, 10500.0, 0.0, 3.0, 0.0, 0.025, 0.0, 0.0, 0.0, 0.07611586187287861, 0.04768530354969, 0.0, 0.05, 0.5, 0.5, 0.0, 0.2540949902187354, 0.0, 0.0016935295276109556, 0.9970524360402588, 0.0, 0.05, 0.5, 0.5, 0.0, 0.0, 0.0, 0.030000000000000002, 0.255, 0.0, 0.0, 1.0];[0.8962696274774888, -1.4268588781052594, -8.03409248677523, 0.5925664755526519, -0.3564931850439772, -12.173637453595497, -11.634895424869667, -14.0, -1.0, -0.95231469645031, 0.0, -0.7459050097812646, -0.002947563959741162, 0.0, 0.02611764333673594];16.753540899953805;19.058638999937102
461;[21.520757957905666, 1524.7597868809867, 116.91296556788726];True;False;[0.0, 7.25, 1.4500000000000002, 0.0, 0.0, 50.12429405670322, 0.5, 0.5, 10409.764174150385, 10500.0, 10500.0, 0.0, 3.0, 0.0, 0.025, 0.04919787730718041, 0.0, 0.0, 0.05, 0.5, 0.5, 0.05, 0.5, 0.5, 0.053488749796100736, 0.0, 0.0, 0.05, 0.5, 0.5, 0.05, 0.5, 0.5, 0.0, 0.0, 0.0, 0.030000000000000002, 0.255, 0.0, 0.0, 0.0];[0.5507200362785882, -1.4189358661812295, 67.9279265143152, 0.7804767389196994, -0.4, 35.12429405670322, -14.0, -14.0, -1.0, 0.0, 0.0, -1.0, 0.0, 0.0, 0.011011326346523798];4.694279700051993;5.658087299903855
462;[nan, nan, nan];False;False;[1.0, 3.9799488573248607, 1.108096316191344, 0.0, 0.0, 16.975222019750056, 0.5, 0.5, 2645.023084092605, 10500.0, 10500.0, 1.0, 3.713802244237754, 0.0, 0.025, 0.05453879548429418, 0.0, 0.0, 0.05, 0.5, 0.5, 0.05, 0.5, 0.5, 0.021591413147928767, 0.0, 0.0, 0.05, 0.5, 0.5, 0.05, 0.5, 0.5, 0.0, 1.0, 0.0, 0.04677206344769058, 0.4270086880582651, 161.0, 0.0, 0.0];[nan, nan, nan, nan, nan, nan, nan, nan, nan, nan, nan, nan, nan, nan, nan];23.304048700025305;5.658087299903855
463;[24.592967766919383, 1220.3873973084762, 118.50651849071998];True;False;[0.0, 7.25, 1.4500000000000002, 0.0, 0.0, 27.507931017272337, 0.5, 0.5, 13458.721578883598, 10500.0, 10500.0, 0.0, 3.0, 0.0, 0.025, 0.01083964363125037, 0.0, 0.0, 0.05, 0.5, 0.5, 0.05, 0.5, 0.5, 0.021258628636833976, 0.0, 0.0, 0.05, 0.5, 0.5, 0.05, 0.5, 0.5, 0.0, 0.0, 0.0, 0.030000000000000002, 0.255, 0.0, 0.0, 0.0];[0.29815823251874285, -1.4839957194465552, 15.77031736649581, 0.8283144106819809, -0.4, 12.507931017272337, -14.0, -14.0, -1.0, 0.0, 0.0, -1.0, 0.0, 0.0, 0.037909551888378856];4.938322399975732;5.658087299903855
464;[nan, nan, nan];False;False;[1.0, 8.107590024656915, 1.65143860021934, 1.0, 0.0, 20.7535401189566, 0.5, 0.5, 5947.436892223435, 10500.0, 10500.0, 1.0, 4.392764119533614, 0.0, 0.025, 0.028392108587723838, 0.0, 0.0, 0.05, 0.5, 0.5, 0.05, 0.5, 0.5, 0.07508827091651965, 0.0, 0.0, 0.05, 0.5, 0.5, 0.05, 0.5, 0.5, 0.0, 0.0, 0.0, 0.030000000000000002, 0.255, 0.0, 0.0, 0.0];[nan, nan, nan, nan, nan, nan, nan, nan, nan, nan, nan, nan, nan, nan, nan];41.926722900010645;5.658087299903855
465;[nan, nan, nan];False;False;[1.0, 4.262914967617597, 1.4585717235699454, 0.0, 1.0, 58.82106409035891, 0.6502444801792218, 0.5, 18714.690106361286, 13546.037336451634, 10500.0, 0.0, 3.0, 1.0, 0.03943407419474787, 0.03982514434361913, 0.4065000066990692, 0.0, 0.0689267192233906, 0.6160147012523229, 0.0, 0.05, 0.5, 0.5, 0.011809350180988859, 0.3754720185077428, 0.0, 0.040786275748828475, 0.5721425301585127, 0.0, 0.05, 0.5, 0.5, 0.0, 0.0, 0.0, 0.030000000000000002, 0.255, 0.0, 1.0, 1.0];[nan, nan, nan, nan, nan, nan, nan, nan, nan, nan, nan, nan, nan, nan, nan];61.29257219994906;5.658087299903855
466;[nan, nan, nan];False;False;[1.0, 9.981624079059667, 1.6330937494014184, 0.0, 1.0, 39.101885864313886, 0.8243968774794033, 0.5, 17780.089674725627, 10748.611797893142, 10500.0, 0.0, 3.0, 0.0, 0.025, 0.07566654100044955, 0.7762670119292046, 0.0, 0.08307937673685944, 0.043643941762960874, 0.0, 0.05, 0.5, 0.5, 0.08235832595178694, 0.280557291788434, 0.0, 0.02923592812701861, 0.39231395182827106, 0.0, 0.05, 0.5, 0.5, 1.0, 1.0, 1.0, 0.016789833170112393, 0.3018445267599214, 77.0, 1.0, 1.0];[nan, nan, nan, nan, nan, nan, nan, nan, nan, nan, nan, nan, nan, nan, nan];75.5617572000483;19.5683097000001
467;[21.029392139527246, 1783.4923907175453, 116.0018275344546];True;False;[0.0, 7.25, 1.4500000000000002, 0.0, 2.0, 25.377055810770415, 0.3156850778915078, 0.16199678285662494, 7070.5267203887715, 8342.542445470996, 3652.9499692533395, 0.0, 3.0, 0.0, 0.025, 0.046402263640191475, 0.3333333333333333, 0.3333333333333333, 0.05692411776908111, 0.3333333333333333, 0.3333333333333333, 0.07692695387473596, 0.5422164518330795, 0.3438367279272747, 0.05546496708327062, 0.3333333333333333, 0.3333333333333333, 0.0753192846088427, 0.3333333333333333, 0.3333333333333333, 0.04032976171256452, 0.08032679286036934, 0.27156927571488165, 0.0, 0.0, 0.0, 0.030000000000000002, 0.255, 0.0, 2.0, 0.0];[1.8625470500330579, -1.2992078385137915, 16.171760000618065, 0.665665890329717, -0.5843149221084922, -9.865277203637062, -11.896612918243887, -13.407467573186727, -0.33333333333333337, -0.33333333333333337, -0.11394682023964575, -0.33333333333333337, -0.33333333333333337, -0.648103931424749, -0.009161991167726091];50.477943600039;19.5683097000001
468;[17.38341458732209, 3051.2823686078705, 111.19693831035912];True;False;[1.0, 7.4805053518449744, 1.6530539301417084, 0.0, 1.0, 14.470007834640747, 0.729104921144616, 0.5, 15865.058552355868, 3183.5379454021486, 10500.0, 0.0, 3.0, 1.0, 0.04170948061861955, 0.06477345967845448, 0.47257306239920577, 0.0, 0.09621661242433246, 0.5810682201787595, 0.0, 0.05, 0.5, 0.5, 0.04419485463736754, 0.35165252014905174, 0.0, 0.09159816896889747, 0.7063741706471438, 0.0, 0.05, 0.5, 0.5, 0.0, 1.0, 1.0, 0.03748545170580835, 0.13474686389461377, 169.0, 0.0, 1.0];[0.20428609735572767, -0.2786459528605434, 238.3630828267584, 0.0, -0.17089507885538402, -13.196581938311295, -10.146161424511288, -14.0, -0.5274269376007943, -0.4189317798212405, 0.0, -0.6483474798509483, -0.2936258293528562, 0.0, -0.33407825742381625];16.849054599995725;19.5683097000001
469;[nan, nan, nan];False;False;[0.0, 7.25, 1.4500000000000002, 0.0, 0.0, 17.497245090940087, 0.5, 0.5, 9029.036339931721, 10500.0, 10500.0, 0.0, 3.0, 0.0, 0.025, 0.09417597655802373, 0.0, 0.0, 0.05, 0.5, 0.5, 0.05, 0.5, 0.5, 0.08131504504646987, 0.0, 0.0, 0.05, 0.5, 0.5, 0.05, 0.5, 0.5, 0.0, 0.0, 0.0, 0.030000000000000002, 0.255, 0.0, 0.0, 0.0];[nan, nan, nan, nan, nan, nan, nan, nan, nan, nan, nan, nan, nan, nan, nan];28.084559899987653;19.5683097000001
470;[nan, nan, nan];False;False;[1.0, 3.7701327524270556, 1.7846750829102809, 0.0, 0.0, 24.154445017527568, 0.5, 0.5, 8767.737645730442, 10500.0, 10500.0, 0.0, 3.0, 0.0, 0.025, 0.06715100514164254, 0.0, 0.0, 0.05, 0.5, 0.5, 0.05, 0.5, 0.5, 0.05252752810026343, 0.0, 0.0, 0.05, 0.5, 0.5, 0.05, 0.5, 0.5, 1.0, 0.0, 0.0, 0.030000000000000002, 0.255, 0.0, 0.0, 0.0];[nan, nan, nan, nan, nan, nan, nan, nan, nan, nan, nan, nan, nan, nan, nan];38.03954849997535;19.5683097000001
471;[nan, nan, nan];False;False;[1.0, 8.30950809158551, 1.5566395167584737, 1.0, 0.0, 18.33021200910502, 0.5, 0.5, 19798.514447457772, 10500.0, 10500.0, 1.0, 4.595754315405786, 0.0, 0.025, 0.028328941544113646, 0.0, 0.0, 0.05, 0.5, 0.5, 0.05, 0.5, 0.5, 0.0868297344490398, 0.0, 0.0, 0.05, 0.5, 0.5, 0.05, 0.5, 0.5, 0.0, 0.0, 0.0, 0.030000000000000002, 0.255, 0.0, 0.0, 0.0];[nan, nan, nan, nan, nan, nan, nan, nan, nan, nan, nan, nan, nan, nan, nan];43.01510249997955;19.236984899966046
472;[22.960977577699424, 1491.3566970430927, 117.27806896745804];True;False;[0.0, 7.25, 1.4500000000000002, 0.0, 1.0, 27.27324941899991, 0.33225916064280336, 0.5, 6007.648323677388, 10544.961444581404, 10500.0, 0.0, 3.0, 0.0, 0.025, 0.05862683639453295, 0.1713315532554942, 0.0, 0.03763947873230434, 0.5782266162840182, 0.0, 0.05, 0.5, 0.5, 0.044611722540878945, 0.09523559346938615, 0.0, 0.03290646924314909, 0.900595705803636, 0.0, 0.05, 0.5, 0.5, 0.0, 0.0, 0.0, 0.030000000000000002, 0.255, 0.0, 0.0, 1.0];[1.0388921909125814, -1.3926813602234933, 18.888259308459716, 0.7286639255934986, -0.5677408393571967, -7.596553716713564, -11.316141378567124, -14.0, -0.8286684467445058, -0.42177338371598183, 0.0, -0.9047644065306139, -0.09940429419636398, 0.0, 0.0125704854620593];47.10379149997607;19.236984899966046
473;[25.1367541716791, 1189.5178549358245, 118.64313561530287];True;False;[0.0, 7.25, 1.4500000000000002, 0.0, 0.0, 24.294781199892093, 0.5, 0.5, 15548.658964333054, 10500.0, 10500.0, 0.0, 3.0, 0.0, 0.025, 0.00012887370264371448, 0.0, 0.0, 0.05, 0.5, 0.5, 0.05, 0.5, 0.5, 0.03409760803674157, 0.0, 0.0, 0.05, 0.5, 0.5, 0.05, 0.5, 0.5, 0.0, 0.0, 0.0, 0.030000000000000002, 0.255, 0.0, 0.0, 0.0];[0.28963238306721806, -1.4861919759905808, 10.358271119874782, 0.8122124946412215, -0.4, 9.294781199892093, -14.0, -14.0, -1.0, 0.0, 0.0, -1.0, 0.0, 0.0, 0.03886706501071191];4.914974000072107;19.236984899966046
474;[29.12944998048339, 1507.7359655508553, 116.35173423880772];True;False;[0.0, 7.25, 1.4500000000000002, 0.0, 2.0, 5.2148480156359955, 0.6286197083100264, 0.7694389290080308, 15720.93469762927, 11713.2266498837, 1956.511112074907, 0.0, 3.0, 0.0, 0.025, 0.00034048029010007275, 0.2765122244152217, 0.5950472547958221, 0.049454467767409555, 0.4584350167120465, 0.1905066021899249, 0.09644894491146269, 0.3333333333333333, 0.3333333333333333, 0.04362353856837166, 0.20959370605379474, 0.6432843836214859, 0.0999195731983102, 0.09764077784051342, 0.7494140980120324, 0.0915897390869858, 0.29074189554089, 0.37712861087221083, 0.0, 0.0, 0.0, 0.030000000000000002, 0.255, 0.0, 1.0, 0.0];[2.1458566308708633, -1.2359432325999988, -11.776991671052, 0.3230613896546237, -0.2713802916899736, -13.265874390698986, -13.265874390698986, -13.265874390698986, -0.12844052078895618, -0.35105838109802856, -0.33333333333333337, -0.14712191032471944, -0.1529451241474542, -0.33212949358689914, -0.030086172693940705];63.359310399973765;19.236984899966046
475;[25.084647024878446, 1191.528167317545, 118.64637123575962];True;False;[0.0, 7.25, 1.4500000000000002, 0.0, 0.0, 24.765935573706507, 0.5, 0.5, 13218.375859267153, 10500.0, 10500.0, 0.0, 3.0, 0.0, 0.025, 0.029741776628343652, 0.0, 0.0, 0.05, 0.5, 0.5, 0.05, 0.5, 0.5, 0.0011508891990086978, 0.0, 0.0, 0.05, 0.5, 0.5, 0.05, 0.5, 0.5, 0.0, 0.0, 0.0, 0.030000000000000002, 0.255, 0.0, 0.0, 0.0];[0.28613960644657865, -1.4870917143161884, 11.121641001554316, 0.816858407050949, -0.4, 9.765935573706507, -14.0, -14.0, -1.0, 0.0, 0.0, -1.0, 0.0, 0.0, 0.03926031352435033];5.51646040007472;19.236984899966046
476;[20.527889139554112, 2383.1196175957352, 104.51520142542694];True;False;[1.0, 5.467381185101308, 1.3257789135229414, 1.0, 1.0, 38.31928962329031, 0.8188923233686821, 0.5, 7173.835175297345, 13521.463333831978, 10500.0, 1.0, 1.8551100955920425, 1.0, 0.05, 0.042750281243420556, 0.47204412434403786, 0.0, 0.024108533844480695, 0.6358808229292924, 0.0, 0.05, 0.5, 0.5, 0.03452549712145249, 0.029134118112484574, 0.0, 0.049548761700848265, 0.1389492669958715, 0.0, 0.05, 0.5, 0.5, 0.0, 1.0, 1.0, 0.016301816982500834, 0.04461533961364195, 71.0, 0.0, 1.0];[0.28756894613676653, -0.5613767137515113, 272.67689369603676, -1.1102230246251565e-16, -0.0811076766313179, -12.804200675966934, -5.071524059307158, -14.0, -0.5279558756559621, -0.3641191770707076, 0.0, -0.9708658818875154, -0.8610507330041285, 0.0, -0.43679063251493655];21.252513500046916;16.174674299894832
477;[nan, nan, nan];False;False;[0.0, 7.25, 1.4500000000000002, 0.0, 1.0, 8.624670891202118, 0.6426599936471404, 0.5, 10353.270067548936, 3348.1021991985476, 10500.0, 0.0, 3.0, 1.0, 0.028603416657291676, 0.0, 0.3194540809713713, 0.0, 0.0, 0.9921784190568232, 0.0, 0.05, 0.5, 0.5, 0.0, 0.0, 0.0, 0.08197103515991913, 0.722468807621819, 0.0, 0.05, 0.5, 0.5, 0.0, 0.0, 0.0, 0.030000000000000002, 0.255, 0.0, 1.0, 1.0];[nan, nan, nan, nan, nan, nan, nan, nan, nan, nan, nan, nan, nan, nan, nan];54.30721639993135;16.174674299894832
478;[nan, nan, nan];False;False;[0.0, 7.25, 1.4500000000000002, 0.0, 0.0, 9.05434771492903, 0.5, 0.5, 14558.975393180144, 10500.0, 10500.0, 0.0, 3.0, 0.0, 0.025, 0.0, 0.0, 0.0, 0.05, 0.5, 0.5, 0.05, 0.5, 0.5, 0.0, 0.0, 0.0, 0.05, 0.5, 0.5, 0.05, 0.5, 0.5, 0.0, 0.0, 0.0, 0.030000000000000002, 0.255, 0.0, 0.0, 0.0];[nan, nan, nan, nan, nan, nan, nan, nan, nan, nan, nan, nan, nan, nan, nan];34.72155759995803;16.174674299894832
479;[22.45269119797872, 1406.8353456721527, 117.41753658063973];True;False;[0.0, 7.25, 1.4500000000000002, 0.0, 0.0, 39.12675045587582, 0.5, 0.5, 10755.919528252474, 10500.0, 10500.0, 0.0, 3.0, 0.0, 0.025, 0.03784360421599719, 0.0, 0.0, 0.05, 0.5, 0.5, 0.05, 0.5, 0.5, 0.06417832919394341, 0.0, 0.0, 0.05, 0.5, 0.5, 0.05, 0.5, 0.5, 0.0, 0.0, 0.0, 0.030000000000000002, 0.255, 0.0, 0.0, 0.0];[0.4711278768004039, -1.4394387852277128, 39.43246583761062, 0.7950132971869293, -0.4, 24.126750455875822, -14.0, -14.0, -1.0, 0.0, 0.0, -1.0, 0.0, 0.0, 0.019193070206213303];6.387941200053319;16.174674299894832
480;[22.754592776676656, 1371.9916269790476, 117.68203425896357];True;False;[0.0, 7.25, 1.4500000000000002, 0.0, 0.0, 38.92627730543221, 0.5, 0.5, 6364.717395324397, 10500.0, 10500.0, 0.0, 3.0, 0.0, 0.025, 0.05072855193786301, 0.0, 0.0, 0.05, 0.5, 0.5, 0.05, 0.5, 0.5, 0.019431840170285784, 0.0, 0.0, 0.05, 0.5, 0.5, 0.05, 0.5, 0.5, 0.0, 0.0, 0.0, 0.030000000000000002, 0.255, 0.0, 0.0, 0.0];[0.41826483605791953, -1.4530562904191806, 38.96889418657708, 0.8196593930943814, -0.4, 23.926277305432208, -14.0, -14.0, -1.0, 0.0, 0.0, -1.0, 0.0, 0.0, 0.024773518868172584];5.7847198999952525;16.174674299894832
481;[23.515683146275606, 1448.6081018711527, 117.76543474714225];True;False;[0.0, 7.25, 1.4500000000000002, 0.0, 1.0, 29.661298172587, 0.5568350452852043, 0.5, 15348.154223428268, 9459.18647985664, 10500.0, 0.0, 3.0, 0.0, 0.025, 0.007063920643991969, 0.5973568683365965, 0.0, 0.018635224179652642, 0.667011012597241, 0.0, 0.05, 0.5, 0.5, 0.047176645778858134, 0.15435084362165963, 0.0, 0.018243181549125367, 0.5127127407424653, 0.0, 0.05, 0.5, 0.5, 0.0, 0.0, 0.0, 0.030000000000000002, 0.255, 0.0, 0.0, 1.0];[0.9322822219961413, -1.4182289596443498, 24.094563573078368, 0.7718100188859109, -0.3431649547147957, -10.141362456194443, -8.89514078686458, -14.0, -0.4026431316634035, -0.33298898740275895, 0.0, -0.8456491563783404, -0.4872872592575347, 0.0, 0.022629816198100228];18.36070750001818;24.972459299955517
482;[32.124118422008564, 1253.319026105026, 121.09222138096834];True;False;[0.0, 7.25, 1.4500000000000002, 0.0, 2.0, 21.23398119175222, 0.39581978033359566, 0.29553570963359577, 10012.453269136882, 4019.456471301589, 3912.0727124641908, 0.0, 3.0, 1.0, 0.029731255998473812, 0.030102386733089084, 0.5731782796365471, 0.3029553128380366, 0.06631610169641415, 0.5299040828818988, 0.29084246599273783, 0.013349370812461703, 0.3333333333333333, 0.3333333333333333, 0.03721255884097308, 0.3950036440821049, 0.40863878482847465, 0.09502775065146941, 0.10659487306416973, 0.11046354073051962, 0.09124505246375769, 0.3333333333333333, 0.3333333333333333, 0.0, 0.0, 0.0, 0.030000000000000002, 0.255, 0.0, 2.0, 1.0];[1.4073755783565032, -1.488550825026725, 162.60213432634512, 0.8183571763469144, -0.5041802196664044, -12.414088280002481, -11.683709005993059, -12.523917547932207, -0.12386640752541633, -0.1792534511253634, -0.33333333333333337, -0.19635757108942042, -0.7829415862053106, -0.33333333333333337, 0.08152353309650262];78.42779059999157;24.972459299955517
483;[15.919232572040215, 4190.059506971308, 107.89831366072636];True;False;[1.0, 2.9262177058167778, 1.422250833992794, 0.0, 2.0, 53.645399347779154, 0.8017497600873081, 0.6933404060932158, 15211.294872359986, 13692.411491999726, 4592.40640424085, 1.0, 2.0964609004411106, 1.0, 0.015285943646159917, 0.007181324950808152, 0.3333333333333333, 0.3333333333333333, 0.01949161214701113, 0.3333333333333333, 0.3333333333333333, 0.0899985556508679, 0.4533033670110186, 0.08956383668426804, 0.09572456659224546, 0.3333333333333333, 0.3333333333333333, 0.008676140730194883, 0.3333333333333333, 0.3333333333333333, 0.09058666554729834, 0.3333333333333333, 0.3333333333333333, 0.0, 1.0, 1.0, 0.016899618285641366, 0.3038154762047194, 194.0, 2.0, 0.0];[1.3509162408849162, -0.25163121522699594, 118.94253544571006, 0.0, -0.09825023991269188, -11.646342078157755, -11.646342078157756, -11.646342078157756, -0.33333333333333337, -0.33333333333333337, -0.4571327963047134, -0.33333333333333337, -0.33333333333333337, -0.33333333333333337, -0.12052337002961105];29.26965959998779;24.972459299955517
484;[nan, nan, nan];False;False;[0.0, 7.25, 1.4500000000000002, 0.0, 1.0, 22.303926967663703, 0.8852775068993352, 0.5, 19072.273890674503, 3721.1744915109207, 10500.0, 0.0, 3.0, 0.0, 0.025, 0.058185496027352346, 0.27339451330390313, 0.0, 0.03111724775868213, 0.25901356826005006, 0.0, 0.05, 0.5, 0.5, 0.052481619058110586, 0.717831999905122, 0.0, 0.023271271421788656, 0.1578572829547687, 0.0, 0.05, 0.5, 0.5, 0.0, 0.0, 0.0, 0.030000000000000002, 0.255, 0.0, 1.0, 1.0];[nan, nan, nan, nan, nan, nan, nan, nan, nan, nan, nan, nan, nan, nan, nan];55.8361388000194;24.972459299955517
485;[nan, nan, nan];False;False;[0.0, 7.25, 1.4500000000000002, 0.0, 1.0, 22.464712051561495, 0.6950729312407412, 0.5, 8723.387122924572, 3820.3403510707476, 10500.0, 0.0, 3.0, 0.0, 0.025, 0.04812441984272665, 0.5025246058860068, 0.0, 0.0037548353681632995, 0.7119700171239883, 0.0, 0.05, 0.5, 0.5, 0.039238803758622307, 0.9104255719964245, 0.0, 0.0807400727508008, 0.31554457902400207, 0.0, 0.05, 0.5, 0.5, 0.0, 0.0, 0.0, 0.030000000000000002, 0.255, 0.0, 0.0, 0.0];[nan, nan, nan, nan, nan, nan, nan, nan, nan, nan, nan, nan, nan, nan, nan];64.04452660004608;24.972459299955517
486;[22.09394740071903, 1448.4171698022092, 117.2152598863704];True;False;[0.0, 7.25, 1.4500000000000002, 0.0, 0.0, 42.35114242553199, 0.5, 0.5, 13009.115703840087, 10500.0, 10500.0, 0.0, 3.0, 0.0, 0.025, 0.0587978632696066, 0.0, 0.0, 0.05, 0.5, 0.5, 0.05, 0.5, 0.5, 0.04995218451848551, 0.0, 0.0, 0.05, 0.5, 0.5, 0.05, 0.5, 0.5, 0.0, 0.0, 0.0, 0.030000000000000002, 0.255, 0.0, 0.0, 0.0];[0.504109146598994, -1.4309428189269568, 47.16043654502013, 0.7875414310365993, -0.4, 27.35114242553199, -14.0, -14.0, -1.0, 0.0, 0.0, -1.0, 0.0, 0.0, 0.015771153092817958];5.1678861998952925;18.004258499946445
487;[nan, nan, nan];False;False;[0.0, 7.25, 1.4500000000000002, 0.0, 0.0, 8.715641785302894, 0.5, 0.5, 15059.7717457957, 10500.0, 10500.0, 0.0, 3.0, 0.0, 0.025, 0.015055440371871648, 0.0, 0.0, 0.05, 0.5, 0.5, 0.05, 0.5, 0.5, 0.031764007725388836, 0.0, 0.0, 0.05, 0.5, 0.5, 0.05, 0.5, 0.5, 0.0, 0.0, 0.0, 0.030000000000000002, 0.255, 0.0, 0.0, 0.0];[nan, nan, nan, nan, nan, nan, nan, nan, nan, nan, nan, nan, nan, nan, nan];24.082082399982028;18.004258499946445
488;[22.18120081625259, 1437.482790539998, 117.28379306359241];True;False;[0.0, 7.25, 1.4500000000000002, 0.0, 0.0, 41.95740197315612, 0.5, 0.5, 8509.251238109999, 10500.0, 10500.0, 0.0, 3.0, 0.0, 0.025, 0.04442717134643493, 0.0, 0.0, 0.05, 0.5, 0.5, 0.05, 0.5, 0.5, 0.05813392720384147, 0.0, 0.0, 0.05, 0.5, 0.5, 0.05, 0.5, 0.5, 0.0, 0.0, 0.0, 0.030000000000000002, 0.255, 0.0, 0.0, 0.0];[0.4910660552523236, -1.4343027157779789, 46.18919358366758, 0.7928748660264415, -0.4, 26.957401973156117, -14.0, -14.0, -1.0, 0.0, 0.0, -1.0, 0.0, 0.0, 0.017119011484051483];4.908739799982868;18.004258499946445
489;[28.464993123119083, 1269.094931613463, 117.82317616684861];True;False;[0.0, 7.25, 1.4500000000000002, 0.0, 1.0, 8.349847383957306, 0.6288418153344966, 0.5, 15468.90506996053, 7550.808037109747, 10500.0, 0.0, 3.0, 0.0, 0.025, 0.013652618393787286, 0.5831024959780251, 0.0, 0.07041654451668969, 0.7688852740989428, 0.0, 0.05, 0.5, 0.5, 0.048672042861302396, 0.32802449496967967, 0.0, 0.08368559963266575, 0.559121591054667, 0.0, 0.05, 0.5, 0.5, 0.0, 0.0, 0.0, 0.030000000000000002, 0.255, 0.0, 1.0, 1.0];[1.137025227405422, -1.3691651400073785, -9.174642197296926, 0.503141373466425, -0.27115818466550345, -12.780025001569634, -11.238765125795979, -14.0, -0.4168975040219749, -0.2311147259010572, 0.0, -0.6719755050303203, -0.44087840894533303, 0.0, 0.003647321891589561];43.53955840005074;18.004258499946445
490;[16.09694527061726, 2899.056223621481, 107.23813216625517];True;False;[1.0, 2.0, 1.4565108653918395, 0.0, 0.0, 39.29765983873424, 0.5, 0.5, 14924.087856753406, 10500.0, 10500.0, 1.0, 3.419357488635058, 0.0, 0.025, 0.08335561212095163, 0.0, 0.0, 0.05, 0.5, 0.5, 0.05, 0.5, 0.5, 0.008859098709139817, 0.0, 0.0, 0.05, 0.5, 0.5, 0.05, 0.5, 0.5, 0.0, 1.0, 0.0, 0.015402383280342753, 0.07110659640879916, 73.0, 0.0, 0.0];[-0.23405604246607847, -0.5517194859320531, 40.66897444052432, 0.0, -0.4, 11.98068430005302, -14.0, -14.0, -1.0, 0.0, 0.0, -1.0, 0.0, 0.0, -0.40112981795074604];6.469316800008528;18.004258499946445
491;[nan, nan, nan];False;False;[1.0, 9.177340996560059, 1.681768543280566, 0.0, 1.0, 31.73970762076953, 0.19103106478041545, 0.5, 14232.901210562224, 11075.219629199113, 10500.0, 1.0, 1.358161186561363, 1.0, 0.011792792277890325, 0.060378582435368915, 0.177264611149293, 0.0, 0.07697812066346314, 0.4653005325619615, 0.0, 0.05, 0.5, 0.5, 0.09170661381348676, 0.9950797289653235, 0.0, 0.08773476048918771, 0.36295783833769113, 0.0, 0.05, 0.5, 0.5, 1.0, 0.0, 0.0, 0.030000000000000002, 0.255, 0.0, 1.0, 1.0];[nan, nan, nan, nan, nan, nan, nan, nan, nan, nan, nan, nan, nan, nan, nan];82.89647579996381;16.361900799907744
492;[nan, nan, nan];False;False;[1.0, 4.830918743293048, 1.17240597631723, 0.0, 2.0, 48.3609471035167, 0.4057917246149402, 0.27767687986856004, 8416.839867573064, 20000.0, 12159.754817290586, 0.0, 3.0, 1.0, 0.01717101327467398, 0.07914646358516134, 0.30394680812061897, 0.5048962842160726, 0.07587989442862755, 0.14084613085925698, 0.14550281199480058, 0.02177222281786985, 0.2222345887408982, 0.39209800756589236, 0.05503426754259118, 0.5567800450103629, 0.345620240610888, 0.028027361515319645, 0.6500626145779121, 0.13033624835042787, 0.03405621403296004, 0.3333333333333333, 0.3333333333333333, 1.0, 1.0, 1.0, 0.03705454947721285, 0.3520595299041954, 225.0, 2.0, 0.0];[nan, nan, nan, nan, nan, nan, nan, nan, nan, nan, nan, nan, nan, nan, nan];194.80593160004355;16.361900799907744
493;[34.02538668271517, 1269.6732084343182, 122.4173838599333];True;False;[0.0, 7.25, 1.4500000000000002, 0.0, 2.0, 59.75160940963719, 0.834430308619896, 0.7870162123512738, 14513.893664210449, 2482.084784866754, 4292.481166283957, 0.0, 3.0, 1.0, 0.042806138473619915, 0.03162257011897763, 0.3333333333333333, 0.3333333333333333, 0.007482135928103363, 0.3333333333333333, 0.3333333333333333, 0.0707994841822525, 0.018457391102715895, 0.09271730223199547, 0.021821643816937453, 0.23940582730022125, 0.5664671553075106, 0.020794182593590706, 0.3922346622346186, 0.16166006963719282, 0.08978944822362266, 0.3333333333333333, 0.3333333333333333, 0.0, 0.0, 0.0, 0.030000000000000002, 0.255, 0.0, 2.0, 1.0];[0.9846989374525323, -1.5766618302976072, 96.49518488505069, 1.0148852219281426, -0.06556969138010404, -11.09054214362547, -11.090542143625472, -11.090542143625472, -0.33333333333333337, -0.33333333333333337, -0.8888253066652887, -0.19412701739226823, -0.4461052681281885, -0.33333333333333337, 0.12633846576261354];69.23700939991977;16.361900799907744
494;[13.244863306333208, 2633.0477453215362, 107.12089118122331];True;False;[1.0, 3.622697444646228, 1.558777963348328, 0.0, 0.0, 34.720673593634935, 0.5, 0.5, 7048.248972362699, 10500.0, 10500.0, 1.0, 3.2179273086644753, 0.0, 0.025, 0.021649123743233533, 0.0, 0.0, 0.05, 0.5, 0.5, 0.05, 0.5, 0.5, 0.016931396687329146, 0.0, 0.0, 0.05, 0.5, 0.5, 0.05, 0.5, 0.5, 0.0, 1.0, 0.0, 0.036063463803295906, 0.05831521165815253, 13.0, 0.0, 0.0];[-0.3684313500195904, -0.4081913364770986, 30.5246926697706, -1.1102230246251565e-16, -0.4, 7.274290764961357, -14.0, -14.0, -1.0, 0.0, 0.0, -1.0, 0.0, 0.0, -0.424741905720566];5.372572000022046;16.361900799907744
495;[21.139992702147868, 1586.1021822578161, 116.50787802000458];True;False;[0.0, 7.25, 1.4500000000000002, 0.0, 0.0, 50.761008071528, 0.5, 0.5, 15651.542837717428, 10500.0, 10500.0, 0.0, 3.0, 0.0, 0.025, 0.0842246888202069, 0.0, 0.0, 0.05, 0.5, 0.5, 0.05, 0.5, 0.5, 0.0621230068613223, 0.0, 0.0, 0.05, 0.5, 0.5, 0.05, 0.5, 0.5, 0.0, 0.0, 0.0, 0.030000000000000002, 0.255, 0.0, 0.0, 0.0];[0.6342714394267004, -1.3974130470217072, 69.76507806009415, 0.7404169397293046, -0.4, 35.761008071528, -14.0, -14.0, -1.0, 0.0, 0.0, -1.0, 0.0, 0.0, 0.0026954992920866783];5.108039299957454;16.361900799907744
496;[nan, nan, nan];False;False;[0.0, 7.25, 1.4500000000000002, 0.0, 1.0, 8.873735402304806, 0.39274622037024476, 0.5, 5215.073937604862, 15259.833280421119, 10500.0, 0.0, 3.0, 1.0, 0.031035310519409217, 0.0021117882285359188, 0.9078523121543566, 0.0, 0.013951383378419599, 0.23001924690691888, 0.0, 0.05, 0.5, 0.5, 0.003921388857087516, 0.6567095310534847, 0.0, 0.006494523588112045, 0.7667624054330815, 0.0, 0.05, 0.5, 0.5, 0.0, 0.0, 0.0, 0.030000000000000002, 0.255, 0.0, 1.0, 1.0];[nan, nan, nan, nan, nan, nan, nan, nan, nan, nan, nan, nan, nan, nan, nan];62.11440089996904;22.53374810004607
497;[30.690267847714995, 1044.6233924383105, 119.21185159562371];True;False;[0.0, 7.25, 1.4500000000000002, 0.0, 0.0, 9.000436295934382, 0.5, 0.5, 6568.88440646177, 10500.0, 10500.0, 0.0, 3.0, 0.0, 0.025, 0.008115823028198245, 0.0, 0.0, 0.05, 0.5, 0.5, 0.05, 0.5, 0.5, 0.03365068699001388, 0.0, 0.0, 0.05, 0.5, 0.5, 0.05, 0.5, 0.5, 0.0, 0.0, 0.0, 0.030000000000000002, 0.255, 0.0, 0.0, 0.0];[0.3696662779509401, -1.4655752660214936, -8.83062485611986, 0.5819303758385759, -0.4, -5.9995637040656185, -14.0, -14.0, -1.0, 0.0, 0.0, -1.0, 0.0, 0.0, 0.030010681929055538];18.418207000009716;22.53374810004607
498;[22.012591775432714, 1462.9949168225257, 116.98573761832412];True;False;[0.0, 7.25, 1.4500000000000002, 0.0, 0.0, 39.01600831038435, 0.5, 0.5, 14871.523852365382, 10500.0, 10500.0, 0.0, 3.0, 0.0, 0.025, 0.07252954046674966, 0.0, 0.0, 0.05, 0.5, 0.5, 0.05, 0.5, 0.5, 0.08179487685920142, 0.0, 0.0, 0.05, 0.5, 0.5, 0.05, 0.5, 0.5, 0.0, 0.0, 0.0, 0.030000000000000002, 0.255, 0.0, 0.0, 0.0];[0.5590934806874666, -1.4167788691355296, 39.176143460247246, 0.753170811219829, -0.4, 24.01600831038435, -14.0, -14.0, -1.0, 0.0, 0.0, -1.0, 0.0, 0.0, 0.010165537481423681];4.729655699920841;22.53374810004607
499;[24.00379692863663, 1263.1315074721233, 118.24163676249057];True;False;[0.0, 7.25, 1.4500000000000002, 0.0, 0.0, 30.120930587110994, 0.5, 0.5, 11756.96847463788, 10500.0, 10500.0, 0.0, 3.0, 0.0, 0.025, 0.00918837948066093, 0.0, 0.0, 0.05, 0.5, 0.5, 0.05, 0.5, 0.5, 0.041429618330330764, 0.0, 0.0, 0.05, 0.5, 0.5, 0.05, 0.5, 0.5, 0.0, 0.0, 0.0, 0.030000000000000002, 0.255, 0.0, 0.0, 0.0];[0.3377532135228245, -1.4737960629038, 20.5293882850249, 0.8240772789911914, -0.4, 15.120930587110994, -14.0, -14.0, -1.0, 0.0, 0.0, -1.0, 0.0, 0.0, 0.03350698781599026];5.2777039000066;22.53374810004607
500;[nan, nan, nan];False;False;[1.0, 12.5, 1.3236116713120147, 1.0, 0.0, 26.887050824099735, 0.5, 0.5, 13184.055915847463, 10500.0, 10500.0, 1.0, 3.3270076395073693, 0.0, 0.025, 0.03769070590022933, 0.0, 0.0, 0.05, 0.5, 0.5, 0.05, 0.5, 0.5, 0.0902943192963731, 0.0, 0.0, 0.05, 0.5, 0.5, 0.05, 0.5, 0.5, 0.0, 0.0, 0.0, 0.030000000000000002, 0.255, 0.0, 0.0, 0.0];[nan, nan, nan, nan, nan, nan, nan, nan, nan, nan, nan, nan, nan, nan, nan];45.039942100062035;22.53374810004607
