/*--------------------------------*- C++ -*----------------------------------*\
| =========                 |                                                 |
| \\      /  F ield         | OpenFOAM: The Open Source CFD Toolbox           |
|  \\    /   O peration     | Version:  dev                                   |
|   \\  /    A nd           | Web:      www.OpenFOAM.org                      |
|    \\/     M anipulation  |                                                 |
\*---------------------------------------------------------------------------*/
FoamFile
{
    version     2.0;
    format      ascii;
    class       faceList;
    location    "constant/polyMesh";
    object      faces;
}
// * * * * * * * * * * * * * * * * * * * * * * * * * * * * * * * * * * * * * //


11890
(
4(110 117 249 113)
4(116 246 249 117)
4(116 115 114 246)
4(110 113 114 115)
4(116 117 110 115)
4(118 250 112 111)
4(118 117 249 250)
4(110 111 112 113)
4(118 111 110 117)
4(119 120 251 124)
4(123 124 251 252)
4(119 121 122 120)
4(123 121 119 124)
4(118 250 251 124)
4(112 111 119 120)
4(118 124 119 111)
4(118 258 254 250)
4(118 117 260 258)
4(249 253 260 117)
4(251 124 261 255)
4(118 258 261 124)
4(116 117 260 247)
4(4 3 262 125)
4(118 125 262 258)
4(2 14 262 3)
4(13 258 262 14)
5(0 116 247 11 1)
6(0 4 125 118 117 116)
5(0 1 2 3 4)
6(2 1 11 12 13 14)
4(7 6 127 257)
4(127 126 263 257)
4(263 8 7 257)
4(5 126 127 6)
4(5 6 7 8)
4(116 246 248 247)
4(123 124 261 259)
4(127 257 262 125)
4(7 3 262 257)
4(4 6 127 125)
4(4 3 7 6)
4(261 124 127 257)
4(262 258 261 257)
4(118 125 127 124)
4(263 257 261 259)
4(123 124 127 126)
4(7 257 22 10)
4(22 257 263 23)
4(9 8 7 10)
4(9 10 22 23)
4(22 14 262 257)
4(2 10 7 3)
4(2 14 22 10)
4(261 257 22 19)
4(13 19 22 14)
4(21 23 22 19)
4(151 268 264 154)
4(269 268 151 156)
4(269 265 264 268)
4(151 154 155 156)
4(160 266 153 152)
4(160 152 151 268)
4(160 268 264 266)
4(151 152 153 154)
4(157 158 267 159)
4(116 159 267 246)
4(157 115 114 158)
4(116 115 157 159)
4(160 266 267 159)
4(153 152 157 158)
4(160 159 157 152)
4(270 163 162 161)
4(26 163 270 27)
4(24 27 270 161)
4(24 161 162 25)
4(26 25 162 163)
4(24 25 26 27)
4(151 268 270 163)
4(160 161 270 268)
4(160 152 162 161)
4(151 163 162 152)
4(270 271 164 163)
4(28 271 270 27)
4(164 29 26 163)
4(28 27 26 29)
4(269 268 270 271)
4(164 163 151 156)
4(24 30 280 161)
4(280 276 270 161)
4(270 276 32 27)
4(32 276 280 30)
4(24 27 32 30)
4(160 277 280 161)
4(31 30 280 36)
4(37 36 280 277)
4(160 159 281 277)
4(116 247 281 159)
6(0 116 159 160 161 24)
5(0 24 30 31 1)
6(31 36 37 38 11 1)
4(264 272 279 268)
4(160 268 279 277)
4(160 277 273 266)
4(269 278 279 268)
4(270 268 279 276)
4(279 277 280 276)
4(282 271 270 276)
4(32 33 282 276)
4(28 33 32 27)
4(282 278 279 276)
4(32 35 46 276)
4(282 276 46 45)
4(34 35 32 33)
4(34 45 46 35)
4(280 36 46 276)
4(31 30 32 35)
4(31 35 46 36)
4(46 276 279 42)
4(37 36 46 42)
4(44 42 46 45)
4(267 159 281 274)
4(369 354 804 803)
4(804 354 347 346)
4(345 348 369 803)
4(345 803 804 346)
4(347 354 369 348)
4(345 346 347 348)
4(353 807 804 354)
4(355 354 804 806)
4(805 806 804 807)
4(353 354 355 356)
4(808 803 369 370)
4(808 807 804 803)
4(353 370 369 354)
4(349 346 804 806)
4(355 354 347 350)
4(349 350 347 346)
4(810 371 368 811)
4(810 284 283 371)
4(285 811 368 286)
4(810 811 285 284)
4(283 284 285 286)
4(368 371 283 286)
4(817 813 372 358)
4(817 358 369 803)
4(345 348 372 813)
4(345 813 817 803)
4(369 358 372 348)
4(357 820 817 358)
4(359 358 817 819)
4(818 820 357 360)
4(818 819 817 820)
4(357 358 359 360)
4(816 813 372 373)
4(816 373 357 820)
4(816 820 817 813)
4(357 373 372 358)
4(808 803 817 819)
4(359 358 369 370)
4(351 362 812 352)
4(812 362 372 813)
4(345 352 812 813)
4(351 348 372 362)
4(345 348 351 352)
4(812 362 361 809)
4(363 362 812 815)
4(814 364 363 815)
4(814 809 361 364)
4(814 815 812 809)
4(361 362 363 364)
4(322 325 361 809)
4(322 809 812 352)
4(361 325 351 362)
4(322 352 351 325)
4(816 815 363 373)
4(816 813 812 815)
4(372 373 363 362)
4(826 366 376 822)
4(374 366 826 825)
4(821 822 376 375)
4(821 375 374 825)
4(821 825 826 822)
4(374 375 376 366)
4(826 820 357 366)
4(365 827 826 366)
4(818 820 826 827)
4(365 366 357 360)
4(816 373 376 822)
4(816 822 826 820)
4(376 373 357 366)
4(828 825 374 377)
4(828 827 826 825)
4(365 377 374 366)
4(823 367 378 824)
4(823 822 376 367)
4(821 824 378 375)
4(821 822 823 824)
4(378 367 376 375)
4(368 367 823 811)
4(363 815 823 367)
4(814 364 368 811)
4(814 811 823 815)
4(363 367 368 364)
4(810 371 378 824)
4(810 824 823 811)
4(378 371 368 367)
4(816 815 823 822)
4(363 373 376 367)
4(674 387 380 830)
4(386 675 831 383)
4(831 830 380 383)
4(674 830 831 675)
4(674 675 386 387)
4(386 383 380 387)
4(829 379 384 677)
4(829 832 381 379)
4(676 832 829 677)
4(676 677 384 385)
4(384 379 381 385)
4(380 830 829 379)
4(674 677 829 830)
4(674 387 384 677)
4(384 387 380 379)
4(829 379 374 825)
4(821 375 380 830)
4(821 830 829 825)
4(374 379 380 375)
4(828 825 829 832)
4(374 377 381 379)
4(382 288 287 833)
4(678 389 382 833)
4(678 833 287 679)
4(388 679 287 288)
4(678 679 388 389)
4(388 288 382 389)
4(810 833 382 371)
4(810 284 287 833)
4(287 284 283 288)
4(283 371 382 288)
4(831 383 382 833)
4(678 675 831 833)
4(678 389 386 675)
4(382 383 386 389)
4(831 824 378 383)
4(821 824 831 830)
4(380 383 378 375)
4(810 833 831 824)
4(378 383 382 371)
4(814 298 297 364)
4(814 809 295 298)
4(361 296 295 809)
4(295 296 297 298)
4(297 296 361 364)
4(814 298 285 811)
4(297 286 285 298)
4(368 286 297 364)
4(776 905 998 777)
4(776 779 1001 905)
4(1001 876 998 905)
4(1001 779 778 876)
4(778 777 998 876)
4(776 777 778 779)
5(841 842 908 322 321)
5(841 780 776 905 842)
4(842 905 998 908)
4(324 323 998 777)
4(322 908 998 323)
5(776 780 320 324 777)
5(320 321 322 323 324)
4(743 835 1003 781)
4(1003 877 782 781)
4(1003 835 834 877)
4(834 754 782 877)
4(743 754 834 835)
4(743 781 782 754)
4(842 906 1004 908)
4(842 907 1007 906)
4(842 908 1000 907)
4(1007 878 1004 906)
4(1000 878 1007 907)
4(1004 878 1000 908)
4(844 917 1010 916)
4(1010 879 1009 916)
4(1073 879 1010 917)
4(1073 918 1009 879)
4(844 916 1009 918)
6(841 842 906 845 921 850)
4(845 906 1004 922)
4(345 922 1004 352)
4(322 352 1004 908)
4(845 922 1008 921)
4(850 921 1008 940)
4(345 346 1008 922)
4(349 940 1008 346)
6(349 346 345 352 322 321)
4(843 912 1011 914)
4(843 911 1012 912)
4(1012 911 1074 880)
4(1011 912 1012 880)
4(1074 914 1011 880)
4(846 925 1015 924)
4(846 926 1006 925)
4(1015 881 1013 924)
4(1006 881 1015 925)
4(1013 881 1006 926)
4(846 924 1013 926)
4(689 692 1018 928)
4(1018 882 1017 928)
4(691 882 1018 692)
4(691 690 1017 882)
4(689 928 1017 690)
4(689 690 691 692)
4(843 912 1019 913)
4(1019 912 1011 883)
4(1076 913 1019 883)
4(1011 914 1076 883)
4(693 696 1020 836)
4(1020 696 695 884)
4(837 836 1020 884)
4(695 694 837 884)
4(693 836 837 694)
4(693 694 695 696)
6(852 859 974 868 972 858)
6(868 766 581 580 858 972)
4(852 858 580 579)
4(859 768 767 974)
4(868 974 767 766)
4(581 766 767 582)
4(578 582 767 768)
5(578 579 580 581 582)
4(853 947 1024 948)
5(853 584 583 861 947)
5(853 948 862 585 584)
5(583 586 869 977 861)
5(585 862 980 869 586)
4(861 977 1024 947)
4(862 948 1024 980)
4(869 980 1024 977)
4(583 584 585 586)
5(852 860 870 973 858)
6(873 964 856 962 870 860)
4(856 961 1028 962)
4(858 973 1028 972)
4(868 972 1028 961)
4(870 962 1028 973)
4(856 964 1029 961)
4(859 974 1029 975)
4(868 961 1029 974)
4(873 975 1029 964)
4(853 949 1030 948)
4(853 947 1031 949)
4(1031 947 1024 885)
4(1024 948 1030 885)
4(1030 949 1031 885)
6(868 766 581 583 861 976)
4(853 946 1035 947)
5(853 584 580 858 946)
4(858 972 1035 946)
4(861 947 1035 976)
4(868 976 1035 972)
4(580 584 583 581)
4(854 951 1036 950)
4(771 950 1036 772)
4(1036 951 769 772)
4(769 770 771 772)
4(855 953 1037 954)
5(855 589 583 861 953)
4(864 986 773 774)
4(868 766 773 986)
4(861 976 1037 953)
4(864 954 1037 986)
4(868 986 1037 976)
4(581 588 773 766)
4(587 774 773 588)
5(587 588 581 583 589)
5(787 860 870 959 788)
5(852 784 783 971 858)
4(788 959 1038 789)
4(858 971 1038 973)
4(783 789 1038 971)
4(870 973 1038 959)
5(787 788 789 783 784)
4(853 945 1040 949)
4(853 949 1041 946)
4(853 946 1021 945)
4(1040 945 1021 886)
4(1021 946 1041 886)
4(1041 949 1040 886)
4(776 791 1042 905)
4(1042 887 1001 905)
4(790 779 1001 887)
4(1042 791 790 887)
4(776 779 790 791)
5(841 860 870 909 842)
4(842 909 1042 905)
4(788 791 1042 959)
4(870 959 1042 909)
5(787 780 776 791 788)
4(853 945 1022 948)
4(1022 945 1040 888)
4(1030 948 1022 888)
4(1040 949 1030 888)
4(680 683 1048 958)
4(680 958 1023 697)
4(698 697 1023 889)
4(1023 958 1048 889)
4(1048 683 698 889)
4(680 697 698 683)
4(743 835 1049 746)
4(1003 781 792 890)
4(1049 835 1003 890)
4(792 746 1049 890)
4(743 746 792 781)
4(838 835 1049 891)
4(1049 746 745 891)
4(838 891 745 744)
4(743 835 838 744)
4(743 744 745 746)
4(1041 946 1035 892)
4(1035 947 1031 892)
4(1031 949 1041 892)
4(1036 950 1078 893)
4(1079 951 1036 893)
4(1078 952 1079 893)
4(855 953 1057 956)
4(1057 953 1037 894)
4(1037 954 1082 894)
4(1082 956 1057 894)
4(842 909 1058 906)
4(842 907 1044 909)
4(1058 895 1007 906)
4(1007 895 1044 907)
4(1058 909 1044 895)
4(1062 896 1010 916)
4(1010 896 1084 917)
4(1084 896 1062 919)
4(844 919 1062 916)
4(845 923 1058 906)
4(856 962 1058 923)
4(870 909 1058 962)
4(845 921 1061 923)
4(850 941 1061 921)
4(856 923 1061 964)
4(873 964 1061 941)
4(843 915 1063 912)
4(1083 911 1012 897)
4(1012 912 1063 897)
4(1063 915 1083 897)
4(855 953 1025 955)
4(1025 953 1057 898)
4(1087 955 1025 898)
4(1057 956 1087 898)
4(718 957 1026 719)
4(1026 957 1080 899)
4(720 719 1026 899)
4(1080 721 720 899)
4(718 719 720 721)
4(680 681 1027 958)
4(1048 958 1027 900)
4(1027 681 684 900)
4(684 683 1048 900)
4(680 683 684 681)
4(846 925 1060 927)
4(1069 901 1015 924)
4(1015 901 1060 925)
4(1069 927 1060 901)
4(846 927 1069 924)
4(1072 902 1018 928)
4(1018 902 699 692)
4(699 902 1072 700)
4(689 700 1072 928)
4(689 692 699 700)
4(1063 912 1019 903)
4(1019 913 1086 903)
4(1086 915 1063 903)
4(693 702 1051 836)
4(701 696 1020 904)
4(1020 836 1051 904)
4(1051 702 701 904)
4(693 696 701 702)
4(1001 876 1000 907)
4(1000 876 998 908)
4(842 905 1001 907)
4(999 876 1001 910)
4(999 794 778 876)
4(793 794 999 910)
4(793 910 1001 779)
4(793 779 778 794)
4(1000 935 999 876)
4(848 910 999 935)
4(848 935 1000 907)
4(848 907 1001 910)
4(295 876 778 294)
4(998 876 295 323)
4(324 294 778 777)
4(324 323 295 294)
4(999 876 295 298)
4(1000 809 295 876)
4(814 935 999 298)
4(814 809 1000 935)
4(293 298 999 794)
4(293 794 778 294)
4(293 294 295 298)
4(322 809 295 323)
4(322 908 1000 809)
4(322 325 326 323)
4(295 323 326 296)
4(326 325 361 296)
4(1003 877 999 910)
4(999 877 782 794)
4(793 781 1003 910)
4(793 794 782 781)
4(1002 877 1003 933)
4(834 877 1002 839)
4(840 839 1002 933)
4(840 933 1003 835)
4(840 835 834 839)
4(999 935 1002 877)
4(848 933 1002 935)
4(848 910 1003 933)
4(782 877 285 302)
4(834 284 285 877)
4(299 284 834 754)
4(299 754 782 302)
4(299 302 285 284)
4(285 877 999 298)
4(1002 877 285 811)
4(814 935 1002 811)
4(293 302 782 794)
4(293 298 285 302)
4(810 811 1002 839)
4(810 839 834 284)
4(1007 878 1005 920)
4(1005 878 1004 922)
4(845 920 1005 922)
4(845 906 1007 920)
4(1007 878 1006 925)
4(1006 878 1005 926)
4(846 926 1005 920)
4(846 920 1007 925)
4(1006 935 1000 878)
4(848 935 1006 925)
4(848 925 1007 907)
4(1004 352 812 878)
4(1005 878 812 813)
4(345 922 1005 813)
4(812 809 1000 878)
4(1006 815 812 878)
4(814 815 1006 935)
4(816 813 1005 926)
4(816 926 1006 815)
4(1010 879 1008 921)
4(1009 922 1008 879)
4(845 922 1009 916)
4(845 916 1010 921)
4(1010 937 1075 879)
4(1075 938 1073 879)
4(849 937 1010 917)
4(1075 879 1008 940)
4(850 921 1010 937)
4(804 879 1009 803)
4(1008 879 804 346)
4(345 803 1009 922)
4(1073 879 804 807)
4(1075 806 804 879)
4(808 918 1009 803)
4(1009 880 1012 916)
4(1074 880 1009 918)
4(844 916 1012 911)
4(1012 920 1005 880)
4(1005 922 1009 880)
4(845 920 1012 916)
4(1005 880 1011 926)
4(846 926 1011 912)
4(846 912 1012 920)
4(1005 813 817 880)
4(1009 880 817 803)
4(1011 880 817 820)
4(817 880 1074 819)
4(818 914 1011 820)
4(816 820 1011 926)
4(1015 881 1014 929)
4(1014 881 1013 931)
4(847 931 1013 924)
4(847 929 1014 931)
4(847 924 1015 929)
4(1015 881 1002 933)
4(1014 839 1002 881)
4(840 839 1014 929)
4(840 929 1015 933)
4(1002 935 1006 881)
4(848 933 1015 925)
4(1014 881 823 824)
4(1013 822 823 881)
4(821 822 1013 931)
4(821 931 1014 824)
4(823 881 1002 811)
4(823 815 1006 881)
4(810 824 1014 839)
4(816 926 1013 822)
4(1018 882 1016 930)
4(1017 931 1016 882)
4(847 930 1016 931)
4(847 931 1017 928)
4(847 928 1018 930)
4(1018 942 1077 882)
4(1077 704 691 882)
4(703 942 1018 692)
4(703 692 691 704)
4(1077 882 1016 943)
4(851 943 1016 930)
4(851 930 1018 942)
4(829 825 1016 882)
4(829 882 1017 830)
4(821 931 1016 825)
4(821 830 1017 931)
4(829 882 1077 832)
4(691 882 829 677)
4(676 704 691 677)
4(828 825 1016 943)
4(674 690 1017 830)
4(674 677 691 690)
4(1013 883 1019 924)
4(1011 883 1013 926)
4(846 924 1019 912)
4(1019 930 1016 883)
4(1016 931 1013 883)
4(847 930 1019 924)
4(1076 943 1016 883)
4(851 913 1019 930)
4(1013 883 826 822)
4(826 883 1016 825)
4(826 883 1011 820)
4(1076 883 826 827)
4(1020 928 1017 884)
4(695 884 1017 690)
4(689 928 1020 696)
4(689 696 695 690)
4(1020 929 1014 884)
4(1014 931 1017 884)
4(847 929 1020 928)
4(1014 884 837 839)
4(840 836 1020 929)
4(840 839 837 836)
4(831 884 1014 824)
4(1017 884 831 830)
4(831 833 837 884)
4(831 884 695 675)
4(678 694 837 833)
4(678 675 695 694)
4(810 833 837 839)
4(674 690 695 675)
5(783 971 858 580 591)
4(783 591 590 784)
4(590 591 580 579)
5(853 584 592 785 945)
4(785 795 1021 945)
4(858 946 1021 971)
4(783 971 1021 795)
5(592 591 783 795 785)
4(592 584 580 591)
5(747 979 862 585 593)
4(785 945 1022 786)
4(862 979 1022 948)
4(747 786 1022 979)
5(747 593 592 785 786)
4(585 584 592 593)
5(680 958 862 585 595)
4(705 748 1023 697)
4(862 958 1023 979)
4(747 979 1023 748)
5(594 593 747 748 705)
5(680 595 594 705 697)
4(594 595 585 593)
5(596 586 869 990 866)
4(861 953 1025 977)
4(866 990 1025 955)
4(869 977 1025 990)
4(596 589 583 586)
5(869 995 682 597 586)
4(866 957 1026 990)
4(682 995 1026 719)
4(869 990 1026 995)
5(718 598 597 682 719)
4(597 598 596 586)
4(862 980 1027 958)
4(682 681 1027 995)
4(869 995 1027 980)
5(680 681 682 597 595)
4(597 586 585 595)
4(1032 885 1033 966)
4(1033 885 1034 967)
4(1034 885 1032 968)
4(857 968 1032 966)
4(857 966 1033 967)
4(857 967 1034 968)
4(1032 977 1024 885)
4(1032 885 1031 978)
4(861 978 1031 947)
4(861 977 1032 978)
4(1033 885 1024 980)
4(1033 981 1030 885)
4(862 948 1030 981)
4(862 981 1033 980)
4(1034 885 1030 984)
4(1034 985 1031 885)
4(863 984 1030 949)
4(863 949 1031 985)
4(863 985 1034 984)
4(869 966 1032 977)
4(869 980 1033 966)
4(871 981 1030 984)
4(871 967 1033 981)
4(871 984 1034 967)
4(872 985 1031 978)
4(872 978 1032 968)
4(872 968 1034 985)
4(1036 772 767 974)
4(859 950 1036 974)
4(767 772 771 768)
4(1036 986 773 772)
4(864 986 1036 951)
4(769 772 773 774)
4(868 974 1036 986)
4(773 772 767 766)
4(801 886 1038 789)
4(1039 886 801 800)
4(1038 886 1039 959)
4(788 959 1039 800)
4(788 800 801 789)
4(1021 886 801 795)
4(801 886 1040 798)
4(785 798 1040 945)
4(785 795 801 798)
4(1021 971 1038 886)
4(1041 886 1038 973)
4(858 946 1041 973)
4(1040 886 1039 982)
4(1041 983 1039 886)
4(863 982 1039 983)
4(863 949 1040 982)
4(863 983 1041 949)
4(783 789 801 795)
4(799 800 1039 982)
4(799 982 1040 798)
4(799 798 801 800)
4(870 983 1039 959)
4(870 973 1041 983)
4(1044 887 1001 907)
4(1044 909 1042 887)
4(1001 887 1043 910)
4(1043 887 790 802)
4(793 910 1043 802)
4(793 802 790 779)
4(1043 936 1044 887)
4(848 936 1043 910)
4(848 907 1044 936)
4(790 887 1039 800)
4(1039 887 1042 959)
4(788 791 790 800)
4(1043 982 1039 887)
4(1044 887 1039 983)
4(863 982 1043 936)
4(863 936 1044 983)
4(799 802 1043 982)
4(799 800 790 802)
4(870 983 1044 909)
4(1045 888 796 752)
4(1046 797 796 888)
4(1046 888 1045 960)
4(749 960 1045 752)
4(749 797 1046 960)
4(749 752 796 797)
4(796 888 1022 786)
4(796 798 1040 888)
4(785 798 796 786)
4(1045 979 1022 888)
4(1045 888 1030 981)
4(862 979 1045 981)
4(1046 888 1040 982)
4(1046 984 1030 888)
4(863 984 1046 982)
4(747 752 1045 979)
4(747 786 796 752)
4(799 982 1046 797)
4(799 797 796 798)
4(871 981 1045 960)
4(871 960 1046 984)
4(751 889 1045 752)
4(1045 889 1047 960)
4(1047 889 751 750)
4(749 960 1047 750)
4(749 750 751 752)
4(1023 889 751 748)
4(698 706 751 889)
4(705 748 751 706)
4(705 706 698 697)
4(1023 979 1045 889)
4(1048 889 1045 981)
4(862 958 1048 981)
4(1048 997 1047 889)
4(698 889 1047 707)
4(686 707 1047 997)
4(686 997 1048 683)
4(686 683 698 707)
4(747 752 751 748)
4(871 997 1047 960)
4(871 981 1048 997)
4(708 750 1047 707)
4(708 706 751 750)
4(708 707 698 706)
4(1043 890 1003 910)
4(1043 802 792 890)
4(793 781 792 802)
4(1003 890 1050 933)
4(1050 890 1049 934)
4(840 934 1049 835)
4(840 933 1050 934)
4(1050 936 1043 890)
4(848 936 1050 933)
4(792 797 1046 890)
4(1049 890 1046 960)
4(749 746 1049 960)
4(749 797 792 746)
4(1043 890 1046 982)
4(1046 890 1050 984)
4(863 984 1050 936)
4(799 802 792 797)
4(871 960 1049 934)
4(871 934 1050 984)
4(1051 836 838 891)
4(838 710 709 891)
4(709 702 1051 891)
4(693 710 838 836)
4(693 702 709 710)
4(1051 934 1049 891)
4(840 934 1051 836)
4(840 836 838 835)
4(1047 891 1049 960)
4(745 891 1047 750)
4(749 746 745 750)
4(709 891 745 712)
4(711 744 838 710)
4(711 712 745 744)
4(711 710 709 712)
4(1051 891 1047 997)
4(1047 891 709 707)
4(686 702 1051 997)
4(686 707 709 702)
4(871 997 1051 934)
4(708 750 745 712)
4(708 712 709 707)
4(1028 892 1052 961)
4(1053 892 1028 962)
4(1052 892 1053 963)
4(856 961 1052 963)
4(856 963 1053 962)
4(1028 972 1035 892)
4(1028 892 1041 973)
4(1052 892 1035 976)
4(1052 978 1031 892)
4(861 978 1052 976)
4(1053 983 1041 892)
4(1053 892 1031 985)
4(863 983 1053 985)
4(868 976 1052 961)
4(870 962 1053 983)
4(872 963 1052 978)
4(872 985 1053 963)
4(1054 893 1029 961)
4(1055 964 1029 893)
4(1055 893 1054 965)
4(856 965 1054 961)
4(856 964 1055 965)
4(1029 893 1036 974)
4(1078 893 1029 975)
4(1054 986 1036 893)
4(1079 987 1054 893)
4(864 986 1054 987)
4(1078 988 1055 893)
4(1079 893 1055 989)
4(865 989 1055 988)
4(868 961 1054 986)
4(873 988 1055 964)
4(874 987 1054 965)
4(874 965 1055 989)
4(1052 894 1054 961)
4(1056 894 1052 963)
4(1054 894 1056 965)
4(856 965 1056 963)
4(1037 894 1052 976)
4(1052 894 1057 978)
4(861 978 1057 953)
4(1037 986 1054 894)
4(1082 894 1054 987)
4(1057 894 1056 992)
4(1082 993 1056 894)
4(867 992 1056 993)
4(867 956 1057 992)
4(872 963 1056 992)
4(872 992 1057 978)
4(874 993 1056 965)
4(1059 895 1007 920)
4(1059 923 1058 895)
4(845 923 1059 920)
4(1060 895 1007 925)
4(1060 927 1059 895)
4(846 920 1059 927)
4(1044 936 1060 895)
4(848 925 1060 936)
4(1058 895 1053 962)
4(1053 895 1059 963)
4(856 963 1059 923)
4(1044 983 1053 895)
4(1060 895 1053 985)
4(863 936 1060 985)
4(872 927 1059 963)
4(872 985 1060 927)
4(1061 896 1010 921)
4(1062 896 1061 923)
4(845 916 1062 923)
4(1081 937 1010 896)
4(1084 939 1081 896)
4(1081 941 1061 896)
4(1055 896 1061 964)
4(1062 896 1055 965)
4(856 923 1062 965)
4(1081 896 1055 988)
4(1084 989 1055 896)
4(874 965 1062 919)
4(1012 897 1062 916)
4(1062 897 1083 919)
4(1059 920 1012 897)
4(1059 897 1062 923)
4(1063 897 1059 927)
4(846 912 1063 927)
4(1056 963 1059 897)
4(1056 897 1062 965)
4(1063 992 1056 897)
4(1083 897 1056 993)
4(867 992 1063 915)
4(872 927 1063 992)
4(1064 898 1032 966)
4(1032 898 1065 968)
4(1065 898 1064 969)
4(857 969 1064 966)
4(857 968 1065 969)
4(1025 977 1032 898)
4(1032 978 1057 898)
4(1064 990 1025 898)
4(1087 991 1064 898)
4(866 990 1064 991)
4(1065 898 1057 992)
4(1087 898 1065 994)
4(867 994 1065 992)
4(869 966 1064 990)
4(872 992 1065 968)
4(875 991 1064 969)
4(875 969 1065 994)
4(1066 899 1064 966)
4(1067 969 1064 899)
4(1067 899 1066 970)
4(857 970 1066 966)
4(857 969 1067 970)
4(1064 899 1026 990)
4(1080 899 1064 991)
4(1066 995 1026 899)
4(720 685 1066 899)
4(682 995 1066 685)
4(682 685 720 719)
4(1080 996 1067 899)
4(720 899 1067 715)
4(714 715 1067 996)
4(714 721 720 715)
4(869 966 1066 995)
4(875 996 1067 969)
4(688 685 1066 970)
4(688 970 1067 715)
4(688 715 720 685)
4(1033 900 1066 966)
4(1068 900 1033 967)
4(1066 900 1068 970)
4(857 970 1068 967)
4(1027 900 1033 980)
4(1033 900 1048 981)
4(1027 995 1066 900)
4(684 900 1066 685)
4(682 681 684 685)
4(1068 997 1048 900)
4(684 687 1068 900)
4(686 997 1068 687)
4(686 687 684 683)
4(871 967 1068 997)
4(688 687 1068 970)
4(688 685 684 687)
4(1070 901 1015 929)
4(1070 932 1069 901)
4(847 924 1069 932)
4(847 932 1070 929)
4(1050 901 1015 933)
4(1070 901 1050 934)
4(840 929 1070 934)
4(1060 936 1050 901)
4(1034 901 1070 967)
4(1069 901 1034 968)
4(857 932 1069 968)
4(857 967 1070 932)
4(1034 984 1050 901)
4(1034 901 1060 985)
4(871 934 1070 967)
4(872 968 1069 927)
4(1071 902 1018 930)
4(1072 902 1071 932)
4(847 932 1071 930)
4(847 928 1072 932)
4(1085 942 1018 902)
4(699 713 1085 902)
4(703 713 699 692)
4(1085 944 1071 902)
4(851 930 1071 944)
4(1067 902 1071 969)
4(1072 902 1067 970)
4(857 969 1071 932)
4(857 932 1072 970)
4(1085 902 1067 996)
4(699 715 1067 902)
4(714 715 699 713)
4(875 944 1071 969)
4(688 970 1072 700)
4(688 700 699 715)
4(1019 903 1069 924)
4(1063 927 1069 903)
4(1071 930 1019 903)
4(1069 932 1071 903)
4(1086 903 1071 944)
4(1065 903 1069 968)
4(1065 969 1071 903)
4(1063 903 1065 992)
4(1065 903 1086 994)
4(1020 904 1072 928)
4(1072 904 701 700)
4(689 700 701 696)
4(1070 929 1020 904)
4(1070 904 1072 932)
4(1051 904 1070 934)
4(1068 967 1070 904)
4(1068 904 1072 970)
4(1068 904 1051 997)
4(701 904 1068 687)
4(686 702 701 687)
4(688 687 701 700)
4(716 710 838 775)
4(837 694 716 775)
4(838 836 837 775)
4(693 710 716 694)
4(838 775 753 744)
4(753 775 716 717)
4(711 744 753 717)
4(711 717 716 710)
4(837 833 287 775)
4(716 775 287 679)
4(678 694 716 679)
4(834 775 287 284)
4(834 754 753 775)
4(287 775 753 305)
4(299 305 753 754)
4(299 284 287 305)
4(837 775 834 839)
4(838 835 834 775)
4(743 754 753 744)
4(776 777 1113 1107)
4(776 1107 1115 779)
4(1115 1101 778 779)
4(1115 1107 1113 1101)
4(1113 777 778 1101)
5(1092 1094 1107 776 780)
4(1094 1093 1113 1107)
4(324 777 1113 327)
4(307 327 1113 1093)
5(1092 311 307 1093 1094)
5(320 324 327 307 311)
4(1088 1096 1116 1108)
4(1088 1108 1114 1091)
4(1116 1096 1095 1102)
4(1114 1108 1116 1102)
4(1095 1091 1114 1102)
4(1088 1091 1095 1096)
5(505 784 783 1111 506)
5(507 506 1111 783 591)
4(505 506 507 508)
4(590 508 507 591)
4(509 1109 1118 510)
5(509 513 592 785 1109)
4(511 510 1118 755)
4(785 786 1118 1109)
4(747 755 1118 786)
5(747 593 512 511 755)
5(509 510 511 512 513)
4(512 593 592 513)
5(515 514 787 788 1110)
4(788 789 1119 1110)
4(506 516 1119 1111)
4(783 1111 1119 789)
4(515 1110 1119 516)
5(505 514 515 516 506)
4(509 1109 1120 517)
4(1118 510 518 1103)
4(518 517 1120 1103)
4(1120 1109 1118 1103)
4(509 517 518 510)
4(509 1109 1117 519)
4(520 519 1117 1104)
4(1120 517 520 1104)
4(1117 1109 1120 1104)
4(509 519 520 517)
4(776 1107 1123 791)
4(790 1105 1115 779)
4(1123 1107 1115 1105)
4(790 791 1123 1105)
4(1094 1107 1123 1099)
4(788 1110 1123 791)
4(515 1099 1123 1110)
5(1092 1094 1099 515 514)
4(1088 1097 1124 1108)
4(1100 1096 1116 1106)
4(1116 1108 1124 1106)
4(1124 1097 1100 1106)
4(1088 1096 1100 1097)
4(1115 1108 1114 1101)
4(1090 1089 1115 1101)
4(1114 1091 1090 1101)
4(1088 1108 1115 1089)
4(1088 1089 1090 1091)
4(1114 1101 778 794)
4(793 1108 1114 794)
4(793 779 1115 1108)
4(1090 1093 1113 1101)
4(1094 1089 1115 1107)
4(1094 1093 1090 1089)
4(778 1101 291 294)
4(291 1101 1113 327)
4(324 294 291 327)
4(1114 292 291 1101)
4(1090 1101 291 290)
4(289 292 1114 1091)
4(289 1091 1090 290)
4(289 290 291 292)
4(293 794 1114 292)
4(293 292 291 294)
4(307 290 1090 1093)
4(307 327 291 290)
4(761 1102 1116 757)
4(1095 1102 761 760)
4(756 757 1116 1096)
4(756 1096 1095 760)
4(756 760 761 757)
4(1116 781 782 1102)
4(782 754 761 1102)
4(743 781 1116 757)
4(743 757 761 754)
4(782 1102 1114 794)
4(793 1108 1116 781)
4(782 302 301 1102)
4(761 1102 301 300)
4(299 754 761 300)
4(299 300 301 302)
4(1114 1102 301 292)
4(301 1102 1095 303)
4(289 303 1095 1091)
4(289 292 301 303)
4(293 302 301 292)
4(304 760 1095 303)
4(304 300 761 760)
4(304 303 301 300)
4(506 1111 1117 519)
4(785 1109 1117 795)
4(783 795 1117 1111)
5(509 513 507 506 519)
4(507 513 592 591)
4(796 1103 762 752)
4(796 797 1121 1103)
4(1121 763 762 1103)
4(749 763 1121 797)
4(749 752 762 763)
4(762 1103 1118 755)
4(518 1103 762 521)
4(511 521 762 755)
4(511 510 518 521)
4(1120 1103 1121 1112)
4(518 523 1121 1103)
4(522 517 1120 1112)
4(522 1112 1121 523)
4(522 523 518 517)
4(796 786 1118 1103)
4(796 1103 1120 798)
4(785 798 1120 1109)
4(747 755 762 752)
4(799 1112 1120 798)
4(799 797 1121 1112)
4(524 523 1121 763)
4(524 763 762 521)
4(524 521 518 523)
4(1119 1104 801 789)
4(801 1104 1122 800)
4(1122 1104 1119 1110)
4(788 800 1122 1110)
4(1117 1104 1119 1111)
4(520 516 1119 1104)
4(506 516 520 519)
4(1122 1104 1120 1112)
4(520 1104 1122 525)
4(522 525 1122 1112)
4(522 517 520 525)
4(801 1104 1117 795)
4(801 798 1120 1104)
4(799 1112 1122 800)
4(515 1110 1122 525)
4(515 525 520 516)
4(1124 1108 1115 1105)
4(1115 1089 1098 1105)
4(1098 1097 1124 1105)
4(1088 1097 1098 1089)
4(1124 802 790 1105)
4(793 802 1124 1108)
4(1098 1105 1123 1099)
4(1094 1089 1098 1099)
4(790 800 1122 1105)
4(1123 1105 1122 1110)
4(1124 1105 1122 1112)
4(1122 1105 1098 525)
4(522 1097 1124 1112)
4(522 525 1098 1097)
4(799 1112 1124 802)
4(515 1099 1098 525)
4(758 757 1116 1106)
4(1100 759 758 1106)
4(756 759 1100 1096)
4(756 757 758 759)
4(792 781 1116 1106)
4(758 746 792 1106)
4(743 746 758 757)
4(792 802 1124 1106)
4(792 1106 1121 797)
4(758 763 1121 1106)
4(749 763 758 746)
4(1121 1106 1124 1112)
4(1100 1106 1121 523)
4(522 1097 1100 523)
4(524 523 1100 759)
4(524 759 758 763)
4(1088 1127 1130 1091)
4(1088 1089 1131 1127)
4(1131 1089 1090 1125)
4(1130 1127 1131 1125)
4(1090 1091 1130 1125)
5(1092 527 526 1128 1094)
4(1094 1128 1129 1093)
4(526 528 1129 1128)
4(309 308 1129 528)
4(307 1093 1129 308)
5(526 527 310 309 528)
5(307 308 309 310 311)
4(1088 1127 1132 1096)
4(1132 1127 1130 1126)
4(1095 1096 1132 1126)
4(1130 1091 1095 1126)
4(1088 1097 544 1127)
4(1098 1089 1131 543)
4(1131 1127 544 543)
4(544 1097 1098 543)
4(1094 1099 533 1128)
4(526 1128 533 532)
4(515 531 533 1099)
5(529 530 531 515 514)
4(530 532 533 531)
5(526 532 530 529 527)
4(544 1127 1132 549)
4(1132 1096 1100 549)
4(1100 1097 544 549)
4(1131 1128 1129 1125)
4(1090 1125 1129 1093)
4(1094 1128 1131 1089)
4(1131 535 534 1125)
4(534 528 1129 1125)
4(526 535 1131 1128)
4(526 528 534 535)
4(1130 537 534 1125)
4(536 537 1130 1127)
4(536 1127 1131 535)
4(536 535 534 537)
4(1129 1125 312 308)
4(312 1125 534 313)
4(309 313 534 528)
4(309 308 312 313)
4(1090 290 312 1125)
4(1130 1125 312 314)
4(289 1091 1130 314)
4(289 314 312 290)
4(307 290 312 308)
4(315 314 1130 537)
4(315 537 534 313)
4(315 313 312 314)
4(1132 539 538 1126)
4(538 537 1130 1126)
4(536 539 1132 1127)
4(536 537 538 539)
4(1132 765 764 1126)
4(764 553 538 1126)
4(552 765 1132 539)
4(552 553 764 765)
4(552 539 538 553)
4(1095 760 764 1126)
4(756 1096 1132 765)
4(756 765 764 760)
4(318 1126 764 319)
4(538 1126 318 317)
4(316 319 764 553)
4(316 553 538 317)
4(316 317 318 319)
4(1095 1126 318 303)
4(1130 314 318 1126)
4(289 303 318 314)
4(304 760 764 319)
4(304 319 318 303)
4(315 317 538 537)
4(315 314 318 317)
4(533 1128 1131 543)
4(1098 1099 533 543)
4(542 535 1131 543)
4(533 532 542 543)
4(526 535 542 532)
4(536 1127 544 545)
4(544 543 542 545)
4(536 545 542 535)
4(1098 543 540 525)
4(522 541 544 1097)
4(522 525 540 541)
4(540 543 544 541)
4(515 531 540 525)
4(533 543 540 531)
4(548 539 1132 549)
4(548 549 544 545)
4(536 539 548 545)
4(551 765 1132 549)
4(552 765 551 550)
4(548 550 551 549)
4(552 550 548 539)
4(1100 549 551 759)
4(756 759 551 765)
4(546 549 1100 523)
4(522 541 546 523)
4(544 549 546 541)
4(524 547 551 759)
4(524 523 546 547)
4(551 547 546 549)
4(722 679 287 305)
4(722 305 306 332)
4(722 332 388 679)
4(306 305 287 288)
4(388 332 306 288)
4(722 717 753 305)
4(722 679 716 717)
4(773 772 599 588)
4(599 772 767 582)
4(581 588 599 582)
4(769 602 599 772)
4(771 772 599 601)
4(600 601 599 602)
4(587 602 599 588)
4(578 582 599 601)
4(554 730 1145 555)
4(556 555 1145 1143)
4(729 557 556 1143)
4(1145 730 729 1143)
4(554 557 729 730)
4(554 555 556 557)
4(1142 757 758 1144)
4(1142 1144 1139 1140)
4(1139 1144 758 759)
4(756 757 1142 1140)
4(756 1140 1139 759)
4(511 755 1145 555)
4(705 730 1145 748)
4(747 748 1145 755)
5(554 730 705 594 558)
5(554 558 512 511 555)
4(512 558 594 593)
4(751 752 762 1143)
4(1146 1143 762 763)
4(751 1143 1146 750)
4(749 750 1146 763)
4(1145 1143 762 755)
4(762 1143 556 521)
4(511 521 556 555)
4(556 1143 1146 560)
4(729 731 1146 1143)
4(559 560 1146 731)
4(559 731 729 557)
4(559 557 556 560)
4(751 1143 1145 748)
4(729 1143 751 706)
4(705 730 729 706)
4(524 763 1146 560)
4(524 560 556 521)
4(708 731 1146 750)
4(708 706 729 731)
4(745 746 758 1144)
4(1142 744 745 1144)
4(743 744 1142 757)
4(1139 1134 732 1144)
4(732 733 1142 1144)
4(1133 1140 1142 733)
4(1133 1134 1139 1140)
4(1133 733 732 1134)
4(758 1144 1146 763)
4(1146 1144 745 750)
4(1139 560 1146 1144)
4(732 1144 1146 731)
4(559 560 1139 1134)
4(559 1134 732 731)
4(732 712 745 1144)
4(711 733 1142 744)
4(711 712 732 733)
4(524 759 1139 560)
4(708 731 732 712)
4(1142 1135 734 733)
4(1142 744 753 1135)
4(734 1135 753 717)
4(711 733 734 717)
4(734 1136 1141 1135)
4(1141 1140 1142 1135)
4(1133 1140 1141 1136)
4(1133 1136 734 733)
4(1141 1135 335 336)
4(339 1136 1141 336)
4(339 336 335 735)
4(734 735 335 1135)
4(339 735 734 1136)
4(335 1135 761 300)
4(761 1135 753 754)
4(753 1135 335 305)
4(299 305 335 300)
4(1141 760 761 1135)
4(1142 1135 761 757)
4(756 760 1141 1140)
4(304 336 1141 760)
4(304 300 335 336)
4(552 562 1148 765)
4(764 765 1148 1147)
4(1148 562 561 1147)
4(561 553 764 1147)
4(552 553 561 562)
4(1148 765 551 564)
4(563 562 1148 564)
4(551 550 563 564)
4(552 562 563 550)
4(1148 1147 1141 1140)
4(1141 1147 764 760)
4(756 765 1148 1140)
4(1137 1147 1148 1138)
4(1137 566 561 1147)
4(565 1138 1148 562)
4(565 566 1137 1138)
4(565 562 561 566)
4(1141 1136 1137 1147)
4(1133 1140 1148 1138)
4(1133 1138 1137 1136)
4(337 319 764 1147)
4(337 1147 561 338)
4(316 338 561 553)
4(316 319 337 338)
4(1141 336 337 1147)
4(1137 1147 337 340)
4(339 1136 1137 340)
4(339 340 337 336)
4(304 336 337 319)
4(341 340 1137 566)
4(341 566 561 338)
4(341 338 337 340)
4(1139 564 1148 1140)
4(1139 759 551 564)
4(1148 564 569 1138)
4(565 1138 569 570)
4(569 564 563 570)
4(565 570 563 562)
4(569 1134 1139 564)
4(1133 1134 569 1138)
4(1139 564 567 560)
4(559 568 569 1134)
4(559 560 567 568)
4(569 568 567 564)
4(524 547 567 560)
4(567 547 551 564)
4(330 735 335 329)
4(722 305 335 735)
4(722 735 330 332)
4(330 329 306 332)
4(335 305 306 329)
4(339 331 330 735)
4(328 329 330 331)
4(328 336 335 329)
4(339 336 328 331)
4(339 342 736 735)
4(736 333 330 735)
4(334 333 736 342)
4(330 333 334 331)
4(339 331 334 342)
4(732 1134 727 741)
4(1133 733 740 724)
4(1133 724 727 1134)
4(740 733 732 741)
4(727 724 740 741)
4(732 731 739 741)
4(559 1134 727 575)
4(559 575 739 731)
4(727 741 739 575)
4(708 737 738 712)
4(708 731 739 737)
4(732 712 738 741)
4(738 737 739 741)
4(722 717 734 735)
4(723 1136 734 742)
4(1133 1136 723 724)
4(734 733 740 742)
4(740 724 723 742)
4(339 342 723 1136)
4(734 742 736 735)
4(723 342 736 742)
4(725 1138 1137 726)
4(1137 1136 723 726)
4(1133 1138 725 724)
4(723 724 725 726)
4(1137 726 572 566)
4(565 573 725 1138)
4(725 573 572 726)
4(565 566 572 573)
4(1137 340 343 726)
4(723 726 343 342)
4(339 342 343 340)
4(572 344 343 726)
4(341 344 572 566)
4(341 340 343 344)
4(569 1138 725 728)
4(727 1134 569 728)
4(725 724 727 728)
4(569 570 577 728)
4(577 573 725 728)
4(565 573 577 570)
4(569 728 574 568)
4(727 575 574 728)
4(559 568 574 575)
4(574 576 577 728)
4(571 568 569 570)
4(571 576 574 568)
4(571 570 577 576)
4(1293 1357 1374 1292)
4(1293 1296 1375 1357)
4(1375 1352 1374 1357)
4(1295 1352 1375 1296)
4(1374 1352 1295 1292)
4(1293 1292 1295 1296)
4(1347 1363 1376 1362)
4(1376 1236 1235 1362)
4(1233 1236 1376 1363)
4(1347 1362 1235 1234)
4(1233 1234 1235 1236)
6(1291 1293 1357 1348 1366 1350)
4(1348 1357 1374 1238)
4(1223 1238 1374 1224)
4(1225 1224 1374 1292)
4(1348 1238 1237 1366)
4(1350 1366 1237 1239)
5(1291 1226 1225 1292 1293)
6(1221 1222 1223 1224 1225 1226)
4(1223 1222 1237 1238)
4(1221 1239 1237 1222)
4(1346 1359 1377 1360)
4(1346 1360 1215 1216)
4(1377 1359 1240 1241)
4(1215 1360 1377 1241)
4(1240 1216 1215 1241)
4(1287 1298 1379 1288)
4(1379 1353 1289 1288)
4(1297 1290 1289 1353)
4(1379 1298 1297 1353)
4(1287 1288 1289 1290)
4(1287 1290 1297 1298)
5(1291 1170 1169 1358 1293)
4(1293 1358 1379 1288)
4(1166 1298 1379 1168)
4(1169 1168 1379 1358)
5(1291 1293 1288 1287 1294)
5(1167 1294 1287 1298 1166)
5(1167 1166 1168 1169 1170)
4(1293 1358 1383 1357)
4(1293 1296 1380 1358)
4(1383 1354 1375 1357)
4(1375 1354 1380 1296)
4(1383 1358 1380 1354)
4(1386 1355 1376 1362)
4(1376 1355 1389 1363)
4(1389 1355 1386 1364)
4(1347 1364 1386 1362)
4(1348 1367 1383 1357)
4(1173 1172 1383 1367)
4(1169 1358 1383 1172)
4(1348 1366 1385 1367)
4(1350 1372 1385 1366)
4(1173 1367 1385 1174)
4(1171 1174 1385 1372)
6(1171 1170 1169 1172 1173 1174)
4(1346 1361 1382 1360)
4(1388 1359 1377 1356)
4(1377 1360 1382 1356)
4(1382 1361 1388 1356)
4(1341 1333 1332 1368)
4(1349 1335 1219 1220)
4(1349 1220 1341 1368)
4(1349 1368 1332 1335)
4(1332 1333 1219 1335)
4(1341 1220 1219 1333)
4(1305 1368 1341 1306)
4(1305 1308 1332 1368)
4(1332 1308 1307 1333)
4(1307 1306 1341 1333)
4(1305 1306 1307 1308)
4(1334 1360 1215 1218)
4(1346 1360 1334 1342)
4(1217 1342 1334 1218)
4(1215 1216 1217 1218)
4(1349 1360 1215 1220)
4(1349 1335 1334 1360)
4(1219 1218 1334 1335)
4(1215 1218 1219 1220)
4(1375 1352 1242 1365)
4(1374 1238 1242 1352)
4(1348 1365 1242 1238)
4(1348 1357 1375 1365)
4(1375 1352 1341 1368)
4(1242 1220 1341 1352)
4(1349 1220 1242 1365)
4(1349 1365 1375 1368)
4(1341 1306 1295 1352)
4(1305 1368 1375 1296)
4(1305 1296 1295 1306)
4(1228 1352 1374 1224)
4(1228 1227 1242 1352)
4(1223 1227 1228 1224)
4(1223 1238 1242 1227)
4(1228 1230 1295 1352)
4(1228 1352 1341 1231)
4(1229 1231 1341 1306)
4(1229 1306 1295 1230)
4(1229 1230 1228 1231)
4(1225 1230 1295 1292)
4(1225 1224 1228 1230)
4(1232 1220 1341 1231)
4(1232 1231 1228 1227)
4(1232 1227 1242 1220)
4(1376 1236 1237 1366)
4(1348 1238 1235 1362)
4(1348 1362 1376 1366)
4(1235 1238 1237 1236)
4(1376 1236 1243 1371)
4(1350 1366 1376 1371)
4(1243 1236 1237 1239)
4(1351 1371 1376 1363)
4(1243 1244 1233 1236)
4(1235 1241 1377 1362)
4(1347 1362 1377 1359)
4(1240 1241 1235 1234)
4(1377 1365 1242 1241)
4(1348 1365 1377 1362)
4(1242 1238 1235 1241)
4(1349 1360 1377 1365)
4(1215 1220 1242 1241)
4(1378 1337 1303 1302)
4(1378 1310 1309 1337)
4(1301 1310 1378 1302)
4(1309 1304 1303 1337)
4(1301 1302 1303 1304)
4(1301 1304 1309 1310)
4(1336 1370 1378 1337)
4(1305 1302 1378 1370)
4(1305 1370 1336 1308)
4(1303 1308 1336 1337)
4(1305 1308 1303 1302)
4(1378 1337 1189 1188)
4(1179 1370 1378 1188)
4(1179 1180 1336 1370)
4(1336 1180 1189 1337)
4(1179 1188 1189 1180)
4(1178 1188 1378 1310)
4(1189 1177 1309 1337)
4(1178 1310 1309 1177)
4(1178 1177 1189 1188)
4(1380 1353 1289 1296)
4(1380 1358 1379 1353)
4(1293 1296 1289 1288)
4(1289 1353 1378 1302)
4(1297 1310 1378 1353)
4(1301 1290 1289 1302)
4(1301 1310 1297 1290)
4(1378 1370 1380 1353)
4(1305 1296 1380 1370)
4(1305 1302 1289 1296)
4(1297 1353 1192 1191)
4(1192 1353 1379 1168)
4(1166 1298 1297 1191)
4(1166 1191 1192 1168)
4(1378 1188 1192 1353)
4(1380 1353 1192 1187)
4(1179 1370 1380 1187)
4(1179 1187 1192 1188)
4(1178 1191 1297 1310)
4(1178 1188 1192 1191)
4(1169 1187 1380 1358)
4(1169 1168 1192 1187)
4(1166 1298 1299 1165)
4(1297 1300 1299 1298)
4(1190 1300 1297 1191)
4(1190 1165 1299 1300)
4(1166 1165 1190 1191)
4(1332 1338 1381 1368)
4(1381 1338 1340 1369)
4(1349 1369 1340 1335)
4(1349 1368 1381 1369)
4(1340 1338 1332 1335)
4(1381 1370 1336 1338)
4(1305 1370 1381 1368)
4(1336 1308 1332 1338)
4(1381 1182 1181 1338)
4(1179 1182 1381 1370)
4(1181 1180 1336 1338)
4(1179 1180 1181 1182)
4(1183 1184 1340 1369)
4(1183 1369 1381 1182)
4(1340 1184 1181 1338)
4(1183 1182 1181 1184)
4(1382 1360 1334 1339)
4(1343 1361 1382 1339)
4(1334 1342 1343 1339)
4(1382 1369 1340 1339)
4(1349 1369 1382 1360)
4(1334 1339 1340 1335)
4(1382 1339 1195 1194)
4(1193 1361 1382 1194)
4(1195 1339 1343 1196)
4(1193 1194 1195 1196)
4(1183 1194 1382 1369)
4(1195 1184 1340 1339)
4(1183 1184 1195 1194)
4(1384 1354 1375 1365)
4(1384 1367 1383 1354)
4(1348 1367 1384 1365)
4(1381 1354 1375 1368)
4(1384 1354 1381 1369)
4(1349 1365 1384 1369)
4(1380 1370 1381 1354)
4(1383 1354 1185 1172)
4(1185 1354 1384 1186)
4(1173 1186 1384 1367)
4(1173 1172 1185 1186)
4(1185 1354 1380 1187)
4(1185 1182 1381 1354)
4(1179 1182 1185 1187)
4(1169 1187 1185 1172)
4(1183 1369 1384 1186)
4(1183 1186 1185 1182)
4(1385 1355 1376 1366)
4(1386 1355 1385 1367)
4(1348 1362 1386 1367)
4(1387 1355 1376 1371)
4(1387 1372 1385 1355)
4(1389 1373 1387 1355)
4(1198 1355 1385 1174)
4(1386 1355 1198 1197)
4(1173 1367 1386 1197)
4(1173 1197 1198 1174)
4(1387 1355 1198 1200)
4(1389 1201 1198 1355)
4(1199 1200 1198 1201)
4(1171 1174 1198 1200)
4(1202 1197 1386 1364)
4(1202 1201 1198 1197)
4(1377 1356 1386 1362)
4(1386 1356 1388 1364)
4(1384 1365 1377 1356)
4(1384 1356 1386 1367)
4(1382 1356 1384 1369)
4(1203 1186 1384 1356)
4(1203 1356 1386 1197)
4(1173 1186 1203 1197)
4(1382 1194 1203 1356)
4(1388 1356 1203 1204)
4(1193 1204 1203 1194)
4(1183 1194 1203 1186)
4(1202 1197 1203 1204)
4(1209 429 428 1344)
4(1189 1344 428 431)
4(1209 1344 1189 1180)
4(1189 431 430 1180)
4(1209 1180 430 429)
4(428 429 430 431)
4(432 1210 1345 433)
4(1345 679 388 433)
4(678 679 1345 1210)
4(678 1210 432 389)
4(432 433 388 389)
4(428 1344 1345 433)
4(1209 1210 1345 1344)
4(1209 429 432 1210)
4(432 429 428 433)
4(1175 1312 397 396)
4(1311 398 397 1312)
4(1311 1177 395 398)
4(1311 1312 1175 1177)
4(1175 396 395 1177)
4(395 396 397 398)
4(402 1312 397 400)
4(402 403 1175 1312)
4(399 396 1175 403)
4(399 400 397 396)
4(402 400 399 403)
4(401 1313 736 333)
4(722 1313 401 332)
4(722 735 736 1313)
4(401 333 330 332)
4(736 333 397 1312)
4(1311 398 401 1313)
4(1311 1313 736 1312)
4(401 398 397 333)
4(402 1312 736 342)
4(397 400 334 333)
4(402 342 334 400)
4(1311 1344 428 398)
4(1311 1177 1189 1344)
4(395 431 1189 1177)
4(428 431 395 398)
4(1345 1313 401 433)
4(722 1313 1345 679)
4(388 433 401 332)
4(1311 1344 1345 1313)
4(401 433 428 398)
4(680 681 1395 1391)
4(1246 1391 1395 1247)
4(682 1248 1395 681)
4(1245 1247 1395 1248)
5(680 1391 1246 653 595)
5(1245 654 653 1246 1247)
5(597 654 1245 1248 682)
4(653 654 597 595)
4(1395 1391 1390 1394)
4(684 681 1395 1394)
4(1390 683 684 1394)
4(680 683 1390 1391)
4(1254 1394 1251 1250)
4(1392 1252 1251 1394)
4(1392 1394 1254 1253)
4(1249 1252 1392 1253)
4(1249 1250 1251 1252)
4(1249 1253 1254 1250)
4(1251 1394 1395 1247)
4(1390 1394 1251 1255)
4(1246 1391 1390 1255)
4(1246 1255 1251 1247)
4(1254 1248 1395 1394)
4(684 685 1254 1394)
4(682 1248 1254 685)
4(1392 1394 1390 1393)
4(684 1394 1392 687)
4(686 1393 1390 683)
4(686 687 1392 1393)
4(1245 1247 1251 1250)
4(1245 1250 1254 1248)
4(1256 1255 1390 1393)
4(1256 1393 1392 1252)
4(1256 1252 1251 1255)
4(688 1253 1392 687)
4(688 685 1254 1253)
4(680 697 1416 1391)
4(1416 697 698 1399)
4(1390 1391 1416 1399)
4(698 683 1390 1399)
4(1396 1409 1307 1308)
4(1396 1308 1303 1407)
4(1303 1316 1418 1407)
4(1307 1409 1418 1316)
4(1396 1407 1418 1409)
4(1307 1316 1303 1308)
4(693 702 1419 1406)
4(693 1406 1420 710)
4(1420 1406 1419 1400)
4(709 710 1420 1400)
4(1419 702 709 1400)
4(1396 1408 1332 1308)
4(1332 1408 1421 1333)
4(1421 1409 1307 1333)
4(1396 1409 1421 1408)
4(689 692 1423 1411)
4(1423 1401 1422 1411)
4(699 1401 1423 692)
4(699 700 1422 1401)
4(689 1411 1422 700)
4(1397 1412 1334 1335)
4(1397 1335 1219 1266)
4(1397 1266 1265 1412)
4(1334 1412 1265 1218)
4(1265 1266 1219 1218)
4(693 696 1424 1406)
4(1419 1406 1424 1402)
4(1424 696 701 1402)
4(701 702 1419 1402)
4(1396 1308 1336 1410)
4(1425 1337 1303 1407)
4(1336 1337 1425 1410)
4(1396 1410 1425 1407)
4(693 1406 1426 694)
4(1426 1406 1420 1403)
4(1420 710 716 1403)
4(716 694 1426 1403)
4(1427 1408 1332 1338)
4(1427 1338 1336 1410)
4(1396 1408 1427 1410)
4(1429 1404 1423 1411)
4(1423 1404 691 692)
4(691 1404 1429 690)
4(689 690 1429 1411)
4(1397 1413 1340 1335)
4(1397 1412 1428 1413)
4(1428 1412 1334 1339)
4(1340 1413 1428 1339)
4(1424 1406 1426 1405)
4(695 696 1424 1405)
4(1426 694 695 1405)
4(705 697 1416 1315)
4(1246 1323 1416 1391)
4(1314 1315 1416 1323)
5(1314 655 594 705 1315)
5(653 655 1314 1323 1246)
4(594 655 653 595)
4(1328 1399 1326 1325)
4(1417 1399 1328 1327)
4(1326 1399 1417 737)
4(1324 737 1417 1327)
4(1324 1325 1326 737)
4(1324 1327 1328 1325)
4(1416 1315 1326 1399)
4(698 1399 1326 706)
4(705 706 1326 1315)
4(1328 1323 1416 1399)
4(1390 1255 1328 1399)
4(1246 1323 1328 1255)
4(1390 1399 1417 1393)
4(698 707 1417 1399)
4(686 1393 1417 707)
4(1314 1315 1326 1325)
4(1314 1325 1328 1323)
4(1256 1255 1328 1327)
4(1256 1327 1417 1393)
4(708 707 1417 737)
4(708 737 1326 706)
4(1256 1259 1329 1327)
4(1328 1327 1329 1330)
4(1260 1255 1328 1330)
4(1260 1330 1329 1259)
4(1256 1255 1260 1259)
4(1418 1318 1320 1316)
4(1317 1318 1418 1407)
4(1317 1407 1303 1304)
4(1317 1304 1320 1318)
4(1303 1316 1320 1304)
4(1329 1316 1418 1327)
4(1324 1327 1418 1318)
4(1324 1331 1329 1327)
4(1320 1316 1329 1331)
4(1324 1318 1320 1331)
4(1256 1409 1418 1327)
4(1256 1259 1307 1409)
4(1307 1259 1329 1316)
4(1418 1400 1420 1407)
4(1419 1400 1418 1409)
4(1396 1406 1419 1409)
4(1396 1407 1420 1406)
4(1420 1319 738 1400)
4(1418 1400 738 1318)
4(1317 1319 1420 1407)
4(1317 1318 738 1319)
4(738 1400 709 712)
4(711 710 1420 1319)
4(711 1319 738 712)
4(1417 1327 1418 1400)
4(1417 1400 738 737)
4(1324 737 738 1318)
4(1419 1393 1417 1400)
4(709 1400 1417 707)
4(686 1393 1419 702)
4(1256 1409 1419 1393)
4(1421 1333 1219 1266)
4(1397 1408 1421 1266)
4(1397 1335 1332 1408)
4(1257 1252 1421 1333)
4(1257 1333 1219 1258)
4(1249 1266 1421 1252)
4(1249 1252 1257 1258)
4(1249 1258 1219 1266)
4(1257 1333 1307 1259)
4(1341 1333 1257 1231)
4(1229 1259 1307 1306)
4(1229 1231 1257 1259)
4(1256 1252 1421 1409)
4(1256 1259 1257 1252)
4(1232 1258 1257 1231)
4(1232 1220 1219 1258)
4(1423 1401 1265 1412)
4(1422 1266 1265 1401)
4(1397 1266 1422 1411)
4(1397 1411 1423 1412)
4(1423 1401 1430 1414)
4(1430 1401 1265 1267)
4(1398 1267 1265 1412)
4(1398 1412 1423 1414)
4(1430 713 699 1401)
4(703 1414 1423 692)
4(1262 1261 1265 1401)
4(1262 1401 1422 1253)
4(1249 1253 1422 1266)
4(1249 1261 1262 1253)
4(1249 1266 1265 1261)
4(1262 1401 1430 1263)
4(699 1401 1262 715)
4(714 715 1262 1263)
4(1264 1263 1262 1261)
4(1264 1261 1265 1267)
4(688 700 1422 1253)
4(688 1253 1262 715)
4(1398 1342 1334 1412)
4(1217 1267 1265 1218)
4(1424 1402 1421 1408)
4(1421 1402 1419 1409)
4(1396 1406 1424 1408)
4(1422 1402 1424 1411)
4(701 1402 1422 700)
4(689 1411 1424 696)
4(1421 1266 1422 1402)
4(1397 1408 1424 1411)
4(1392 1402 1421 1252)
4(1392 1253 1422 1402)
4(1392 1393 1419 1402)
4(701 687 1392 1402)
4(1425 1337 1309 1322)
4(1317 1407 1425 1322)
4(1317 1322 1309 1304)
4(1425 1337 1189 1344)
4(1311 1322 1425 1344)
4(1311 1177 1309 1322)
4(1209 1344 1425 1410)
4(1209 1410 1336 1180)
4(1420 1403 1425 1407)
4(1425 1403 1426 1410)
4(1396 1410 1426 1406)
4(1321 1319 1420 1403)
4(1425 1322 1321 1403)
4(1317 1319 1321 1322)
4(716 1403 1321 717)
4(711 717 1321 1319)
4(1345 679 716 1403)
4(1345 1403 1321 1313)
4(722 1313 1321 717)
4(1426 1403 1345 1210)
4(678 694 1426 1210)
4(1345 1403 1425 1344)
4(1311 1322 1321 1313)
4(1209 1210 1426 1410)
4(1427 1413 1340 1338)
4(1397 1413 1427 1408)
4(1181 1338 1427 1208)
4(1207 1413 1340 1184)
4(1207 1208 1427 1413)
4(1207 1184 1181 1208)
4(1209 1410 1427 1208)
4(1209 1208 1181 1180)
4(1428 1404 1423 1412)
4(1429 1404 1428 1413)
4(1397 1411 1429 1413)
4(1431 1404 1423 1414)
4(1431 1415 1428 1404)
4(1398 1412 1428 1415)
4(691 704 1431 1404)
4(691 677 1214 1404)
4(1431 1404 1214 1213)
4(676 1213 1214 677)
4(1429 1205 1214 1404)
4(674 1205 1429 690)
4(674 677 1214 1205)
4(1214 1404 1428 1211)
4(1207 1211 1428 1413)
4(1207 1413 1429 1205)
4(1207 1205 1214 1211)
4(1212 1415 1428 1211)
4(1212 1211 1214 1213)
4(1343 1339 1428 1415)
4(1195 1211 1428 1339)
4(1207 1211 1195 1184)
4(1212 1196 1195 1211)
4(1427 1405 1424 1408)
4(1426 1405 1427 1410)
4(1424 1405 1429 1411)
4(1429 1405 695 690)
4(1427 1405 1429 1413)
4(695 675 1206 1405)
4(1206 1205 1429 1405)
4(674 1205 1206 675)
4(1426 1210 1206 1405)
4(678 675 1206 1210)
4(1206 1208 1427 1405)
4(1207 1208 1206 1205)
4(1209 1210 1206 1208)
4(605 1432 1444 606)
5(1273 656 608 607 1443)
4(607 606 1444 1443)
4(1275 1274 1444 1432)
4(1273 1443 1444 1274)
5(605 609 657 1275 1432)
5(657 656 1273 1274 1275)
5(605 606 607 608 609)
4(608 656 657 609)
4(1444 606 611 1442)
4(1433 1432 1444 1442)
4(611 610 1433 1442)
4(605 1432 1433 610)
4(605 610 611 606)
5(612 1276 1273 1443 607)
4(1278 1435 1445 1279)
4(607 1443 1445 613)
4(1273 1279 1445 1443)
4(614 613 1445 1435)
5(1277 615 614 1435 1278)
5(1273 1276 1277 1278 1279)
5(612 607 613 614 615)
4(1281 1280 1436 1282)
4(1436 1271 1270 1282)
4(1268 1271 1436 1280)
4(1268 1269 1270 1271)
4(1268 1280 1281 1269)
4(1270 1269 1281 1282)
4(658 1276 1273 656)
4(612 616 608 607)
4(608 616 658 656)
4(1285 1442 1445 1279)
4(1445 1442 1434 1435)
4(1434 1442 1285 1439)
4(1278 1439 1285 1279)
4(1278 1435 1434 1439)
4(1445 1442 1444 1443)
4(611 1442 1445 613)
4(607 606 611 613)
4(1285 1274 1444 1442)
4(1433 1440 1285 1442)
4(1275 1274 1285 1440)
4(1275 1440 1433 1432)
4(611 618 1434 1442)
4(1434 1441 1433 1442)
4(617 610 1433 1441)
4(617 1441 1434 618)
4(617 618 611 610)
4(1273 1279 1285 1274)
4(614 618 1434 1435)
4(614 613 611 618)
4(1437 1440 1285 1439)
4(1437 1441 1433 1440)
4(1437 1439 1434 1441)
4(1286 1439 1285 1282)
4(1278 1439 1286 1283)
4(1278 1283 1284 1279)
4(1284 1282 1285 1279)
4(1286 1282 1284 1283)
4(1436 1282 1285 1440)
4(1275 1280 1436 1440)
4(1275 1274 1281 1280)
4(1285 1282 1281 1274)
4(1286 1282 1436 1438)
4(1229 1438 1436 1271)
4(1229 1230 1286 1438)
4(1229 1271 1270 1230)
4(1286 1230 1270 1282)
4(1437 1440 1436 1438)
4(1437 1438 1286 1439)
4(554 730 1460 604)
5(620 619 1458 1314 655)
4(619 604 1460 1458)
4(705 1315 1460 730)
4(1314 1458 1460 1315)
5(554 604 619 620 558)
4(594 558 620 655)
4(1460 604 603 1446)
4(729 730 1460 1446)
4(603 557 729 1446)
4(554 557 603 604)
4(605 1432 1461 621)
4(622 621 1461 1447)
4(1461 1432 1433 1447)
4(1433 610 622 1447)
4(605 621 622 610)
4(1268 1272 1462 1280)
4(1436 1280 1462 1330)
4(1462 1272 1260 1330)
4(1260 1271 1436 1330)
4(1268 1271 1260 1272)
4(1317 1318 1467 1452)
4(1317 1452 740 1319)
4(740 741 738 1319)
4(740 1452 1467 741)
4(738 741 1467 1318)
4(1317 1304 1469 1452)
4(1467 1452 1469 1448)
4(1469 1304 1320 1448)
4(1320 1318 1467 1448)
4(1287 1454 1470 1290)
4(1287 1288 1471 1454)
4(1289 1449 1471 1288)
4(1289 1290 1470 1449)
4(1471 1449 1470 1454)
4(1287 1453 1472 1454)
5(1287 1454 1278 1277 1294)
5(1149 1151 1453 1287 1294)
4(1151 1150 1472 1453)
4(1278 1454 1472 1435)
4(614 1435 1472 1150)
5(1149 615 614 1150 1151)
4(1287 1453 1473 1290)
4(1470 1290 1473 1450)
4(1473 1453 1472 1450)
4(1472 1454 1470 1450)
4(1293 1288 1471 1292)
4(1278 1283 1471 1454)
4(1225 1292 1471 1283)
5(1277 1226 1225 1283 1278)
4(1317 1452 1474 1322)
4(1321 742 740 1319)
4(1474 1452 740 742)
4(1321 1322 1474 742)
4(1469 1452 1474 1451)
4(1309 1304 1469 1451)
4(1474 1322 1309 1451)
4(1287 1298 1299 1453)
4(1151 1453 1299 1152)
4(405 1152 1299 1165)
5(405 1165 1166 1167 404)
5(1149 1151 1152 405 404)
4(1473 1290 1297 1300)
4(1299 1453 1473 1300)
5(657 1275 1459 1314 655)
4(619 1458 1461 621)
4(1275 1432 1461 1459)
4(1314 1459 1461 1458)
5(605 609 620 619 621)
4(620 609 657 655)
4(1275 1459 1462 1280)
4(1246 1272 1462 1323)
4(1314 1323 1462 1459)
5(1268 1272 1246 653 659)
5(1268 659 657 1275 1280)
4(657 659 653 655)
4(1326 1446 1463 1325)
4(1463 1446 739 1457)
4(739 1446 1326 737)
4(1324 1325 1463 1457)
4(1324 1457 739 737)
4(1463 1446 1460 1458)
4(603 1446 1463 623)
4(619 623 1463 1458)
4(619 604 603 623)
4(1326 1315 1460 1446)
4(729 706 1326 1446)
4(603 575 739 1446)
4(729 1446 739 731)
4(559 575 603 557)
4(1314 1458 1463 1325)
4(624 1457 1463 623)
4(624 575 739 1457)
4(624 623 603 575)
4(1463 1447 1464 1325)
4(1465 1447 1463 1457)
4(1464 1447 1465 1331)
4(1324 1325 1464 1331)
4(1324 1331 1465 1457)
4(1461 1447 1463 1458)
4(622 623 1463 1447)
4(619 623 622 621)
4(1464 1447 1461 1459)
4(1433 1447 1464 1440)
4(1275 1440 1464 1459)
4(622 1447 1465 625)
4(1433 1441 1465 1447)
4(617 625 1465 1441)
4(617 610 622 625)
4(1314 1459 1464 1325)
4(624 1457 1465 625)
4(624 625 622 623)
4(1437 1331 1464 1440)
4(1437 1441 1465 1331)
4(1464 1330 1328 1325)
4(1329 1330 1464 1331)
4(1462 1330 1464 1459)
4(1464 1330 1436 1440)
4(1462 1323 1328 1330)
4(1246 1272 1260 1255)
4(1436 1330 1329 1438)
4(1229 1438 1329 1259)
4(1229 1259 1260 1271)
4(1437 1331 1329 1438)
4(1303 1316 1466 1302)
4(1466 1316 1320 1456)
4(1301 1456 1320 1304)
4(1301 1302 1466 1456)
4(1466 1306 1307 1316)
4(1305 1306 1466 1302)
4(1466 1438 1329 1316)
4(1229 1438 1466 1306)
4(1437 1331 1320 1456)
4(1437 1456 1466 1438)
4(711 1319 740 733)
4(727 1154 1467 741)
4(1153 1452 1467 1154)
4(1153 724 740 1452)
4(1153 1154 727 724)
4(739 741 1467 1457)
4(1324 1457 1467 1318)
4(624 1154 1467 1457)
4(624 575 727 1154)
4(1469 1448 1156 1155)
4(1156 1448 1467 1154)
4(1153 1452 1469 1155)
4(1153 1155 1156 1154)
4(1468 1455 1469 1448)
4(1156 1158 1468 1448)
4(1157 1455 1468 1158)
4(1157 1155 1469 1455)
4(1157 1158 1156 1155)
4(1468 1456 1320 1448)
4(1301 1456 1468 1455)
4(1301 1455 1469 1304)
4(1465 1457 1467 1448)
4(1465 1448 1320 1331)
4(1156 625 1465 1448)
4(1468 1448 1465 1441)
4(617 1158 1468 1441)
4(617 625 1156 1158)
4(624 1154 1156 625)
4(1437 1441 1468 1456)
4(1289 1449 1295 1296)
4(1295 1449 1471 1292)
4(1466 1449 1289 1302)
4(1470 1449 1466 1456)
4(1301 1290 1470 1456)
4(1295 1306 1466 1449)
4(1286 1449 1470 1439)
4(1286 1283 1471 1449)
4(1278 1439 1470 1454)
4(1286 1438 1466 1449)
4(1286 1449 1295 1230)
4(1437 1456 1470 1439)
4(1225 1230 1286 1283)
4(1473 1455 1468 1450)
4(1160 1159 1473 1450)
4(1468 1158 1160 1450)
4(1157 1455 1473 1159)
4(1157 1159 1160 1158)
4(1468 1450 1470 1456)
4(1301 1290 1473 1455)
4(1160 1150 1472 1450)
4(1151 1159 1473 1453)
4(1151 1150 1160 1159)
4(1434 1450 1472 1435)
4(1434 1439 1470 1450)
4(1160 1450 1434 618)
4(1434 1450 1468 1441)
4(617 1158 1160 618)
4(614 618 1160 1150)
4(1321 742 734 717)
4(723 742 1474 1161)
4(1153 1161 1474 1452)
4(1153 724 723 1161)
4(736 1313 1321 742)
4(1474 742 736 1312)
4(1311 1322 1474 1312)
4(402 1312 1474 1161)
4(402 1161 723 342)
4(1162 1451 1469 1155)
4(1162 1161 1474 1451)
4(1153 1161 1162 1155)
4(1469 1455 1475 1451)
4(1475 1163 1162 1451)
4(1157 1163 1475 1455)
4(1157 1155 1162 1163)
4(1475 1451 1309 1310)
4(1301 1455 1475 1310)
4(1175 1451 1474 1312)
4(1175 1177 1309 1451)
4(1162 1451 1175 403)
4(1175 1451 1475 1176)
4(407 1176 1475 1163)
4(407 403 1175 1176)
4(407 1163 1162 403)
4(402 403 1162 1161)
4(1178 1310 1475 1176)
4(1178 1176 1175 1177)
4(1475 1455 1473 1300)
4(1473 1159 1164 1300)
4(1164 1163 1475 1300)
4(1157 1163 1164 1159)
4(1297 1300 1475 1310)
4(1164 1300 1299 1152)
4(1151 1159 1164 1152)
4(1475 1300 1190 1176)
4(1164 410 1190 1300)
4(407 1176 1190 410)
4(407 410 1164 1163)
4(1178 1191 1190 1176)
4(405 410 1190 1165)
4(405 1152 1164 410)
4(1268 1480 1520 1269)
6(1500 1512 1479 660 662 1510)
6(661 1476 1513 1500 1510 662)
4(1479 1512 1520 1480)
4(1476 1269 1520 1513)
4(1500 1513 1520 1512)
5(1268 659 660 1479 1480)
5(1268 1269 1476 661 659)
4(660 659 661 662)
4(1481 1480 1520 1501)
4(1520 1269 1270 1501)
4(1270 1271 1481 1501)
4(1268 1480 1481 1271)
4(1482 1505 1524 1483)
4(662 1510 1523 665)
4(1498 1515 1523 1514)
4(1500 1514 1523 1510)
4(663 665 1523 1515)
4(1479 1483 1524 1512)
4(1498 1514 1524 1505)
4(1500 1512 1524 1514)
5(1482 1483 1479 660 664)
5(663 664 660 662 665)
4(1497 1507 1526 1506)
4(1530 1506 1526 1502)
4(1526 1507 1529 1502)
4(1529 1508 1530 1502)
6(1477 1476 1513 1500 1517 1499)
4(662 667 1525 1510)
4(1499 1517 1525 1518)
4(1500 1510 1525 1517)
4(666 1518 1525 667)
4(1477 668 661 1476)
5(666 667 662 661 668)
4(1524 1483 1485 1503)
4(1533 1505 1524 1503)
4(1485 1484 1533 1503)
4(1482 1484 1485 1483)
4(1526 1506 1532 1504)
4(1531 1507 1526 1504)
4(1532 1509 1531 1504)
4(1223 1224 1522 1511)
4(1476 1513 1522 1478)
4(1500 1511 1522 1513)
4(1225 1478 1522 1224)
4(1223 1511 1528 1222)
4(1499 1519 1528 1517)
4(1500 1517 1528 1511)
4(1221 1222 1528 1519)
5(1477 1476 1478 1225 1226)
4(1521 1501 1522 1511)
4(1522 1501 1228 1224)
4(1228 1501 1521 1227)
4(1223 1227 1521 1511)
4(1521 1512 1520 1501)
4(1521 1501 1481 1486)
4(1479 1512 1521 1486)
4(1479 1486 1481 1480)
4(1522 1501 1520 1513)
4(1522 1478 1270 1501)
4(1476 1269 1270 1478)
4(1228 1501 1270 1230)
4(1228 1231 1481 1501)
4(1229 1271 1481 1231)
4(1500 1511 1521 1512)
4(1225 1478 1270 1230)
4(1232 1486 1521 1227)
4(1232 1231 1481 1486)
4(1525 1510 1523 1502)
4(1525 1502 670 667)
4(670 1502 1523 665)
4(662 667 670 665)
4(1526 1502 1523 1514)
4(1523 1502 1530 1515)
4(1498 1506 1526 1514)
4(1526 1517 1525 1502)
4(1529 1502 1525 1518)
4(1499 1517 1526 1507)
4(1529 673 670 1502)
4(1530 1502 670 672)
4(671 672 670 673)
4(1500 1514 1526 1517)
4(666 673 670 667)
4(663 665 670 672)
4(1527 1503 1521 1511)
4(1521 1503 1491 1227)
4(1491 1503 1527 1490)
4(1223 1490 1527 1511)
4(1223 1227 1491 1490)
4(1521 1503 1524 1512)
4(1521 1486 1485 1503)
4(1479 1483 1485 1486)
4(1527 1514 1524 1503)
4(1533 1516 1527 1503)
4(1498 1514 1527 1516)
4(1491 1503 1485 1488)
4(1533 1503 1491 1492)
4(1487 1492 1491 1488)
4(1487 1488 1485 1484)
4(1500 1511 1527 1514)
4(1232 1488 1491 1227)
4(1232 1486 1485 1488)
4(1489 1516 1527 1490)
4(1489 1490 1491 1492)
4(1528 1504 1527 1511)
4(1494 1504 1528 1222)
4(1494 1490 1527 1504)
4(1223 1490 1494 1222)
4(1527 1504 1526 1514)
4(1532 1504 1527 1516)
4(1528 1517 1526 1504)
4(1531 1519 1528 1504)
4(1494 1496 1531 1504)
4(1494 1504 1532 1493)
4(1495 1496 1494 1493)
4(1221 1222 1494 1496)
4(1489 1493 1494 1490)
4(1494 1222 1237 1236)
4(1494 1236 1235 1490)
4(1223 1490 1235 1238)
4(1494 1236 1243 1496)
4(1233 1236 1494 1493)
4(1489 1234 1235 1490)
4(1491 1241 1242 1227)
4(1491 1490 1235 1241)
4(1491 1488 1215 1241)
4(1491 1241 1240 1492)
4(1487 1216 1215 1488)
4(1232 1488 1215 1220)
4(1268 1480 1545 1272)
4(1260 1272 1545 1537)
4(1545 1480 1481 1537)
4(1481 1271 1260 1537)
4(718 719 1546 1540)
4(1546 719 720 1538)
4(1550 1540 1546 1538)
4(720 721 1550 1538)
4(1482 1541 1547 1483)
4(1485 1483 1547 1539)
4(1547 1541 1551 1539)
4(1551 1484 1485 1539)
5(660 1479 1542 1245 654)
4(1246 1247 1545 1272)
4(1479 1480 1545 1542)
4(1245 1542 1545 1247)
4(653 659 660 654)
5(1245 1543 1536 669 654)
4(682 719 1546 1248)
4(1536 1543 1546 1540)
4(1245 1248 1546 1543)
4(669 598 597 654)
4(1479 1542 1547 1483)
4(1536 1541 1547 1543)
4(1245 1543 1547 1542)
4(669 654 660 664)
4(1251 1537 1548 1250)
4(1257 1537 1251 1252)
4(1548 1537 1257 1258)
4(1249 1250 1548 1258)
4(1545 1537 1251 1247)
4(1260 1255 1251 1537)
4(1548 1537 1545 1542)
4(1548 1486 1481 1537)
4(1479 1486 1548 1542)
4(1257 1259 1260 1537)
4(1257 1537 1481 1231)
4(1245 1542 1548 1250)
4(1232 1258 1548 1486)
4(1549 1538 1254 1250)
4(1262 1538 1549 1261)
4(1262 1253 1254 1538)
4(1249 1261 1549 1250)
4(1254 1538 1546 1248)
4(720 1538 1254 685)
4(1549 1543 1546 1538)
4(1550 1544 1549 1538)
4(1536 1543 1549 1544)
4(1262 1263 1550 1538)
4(1262 1538 720 715)
4(1245 1250 1549 1543)
4(1264 1544 1549 1261)
4(1548 1539 1549 1250)
4(1535 1539 1548 1258)
4(1549 1539 1535 1261)
4(1249 1261 1535 1258)
4(1547 1539 1548 1542)
4(1548 1539 1485 1486)
4(1547 1543 1549 1539)
4(1551 1539 1549 1544)
4(1535 1488 1485 1539)
4(1535 1539 1551 1534)
4(1487 1488 1535 1534)
4(1232 1258 1535 1488)
4(1264 1534 1535 1261)
4(1535 1258 1219 1218)
4(1535 1218 1265 1261)
4(1535 1218 1215 1488)
4(1217 1218 1535 1534)
5(1477 1476 1552 1273 1276)
4(1476 1478 1284 1552)
4(1273 1552 1284 1279)
4(1225 1283 1284 1478)
5(1273 1552 1476 661 656)
4(1476 1552 1281 1269)
4(1273 1274 1281 1552)
4(657 656 661 659)
4(658 668 661 656)
4(1284 1552 1281 1282)
4(1284 1282 1270 1478)
5(1167 394 393 413 1166)
4(1166 413 412 1165)
4(405 1165 412 406)
5(390 391 392 393 394)
4(391 406 412 392)
4(393 392 412 413)
5(390 404 405 406 391)
5(445 441 444 1169 1170)
4(1166 1168 443 413)
4(1169 444 443 1168)
4(441 442 443 444)
4(393 413 443 442)
5(445 394 393 442 441)
4(1173 453 450 1172)
4(1169 1172 450 444)
4(1173 1174 1556 453)
4(455 454 1556 1555)
4(452 453 1556 454)
4(1171 1555 1556 1174)
4(441 444 450 451)
4(452 451 450 453)
6(445 441 451 452 454 455)
4(458 457 1557 1553)
4(1558 459 458 1553)
4(1557 1554 1558 1553)
4(456 457 458 459)
4(411 396 1175 1176)
4(407 408 411 1176)
4(399 396 411 408)
4(407 403 399 408)
4(1178 415 395 1177)
4(1178 1176 411 415)
4(411 396 395 415)
4(1181 1182 435 434)
4(1179 436 435 1182)
4(1179 1180 430 436)
4(1181 434 430 1180)
4(430 434 435 436)
4(1183 1182 435 463)
4(1183 463 462 1184)
4(1181 1184 462 434)
4(462 463 435 434)
4(1185 437 450 1172)
4(464 437 1185 1186)
4(1173 453 464 1186)
4(450 437 464 453)
4(1185 1187 438 437)
4(1185 437 435 1182)
4(1179 436 438 1187)
4(435 437 438 436)
4(1169 1187 438 444)
4(450 444 438 437)
4(1183 1186 464 463)
4(464 437 435 463)
4(439 1188 1189 431)
4(1179 1188 439 436)
4(439 431 430 436)
4(1178 415 439 1188)
4(439 415 395 431)
4(416 414 1190 1191)
4(1190 414 412 1165)
4(1166 413 416 1191)
4(412 414 416 413)
4(1190 414 411 1176)
4(1190 410 409 414)
4(411 414 409 408)
4(407 408 409 410)
4(1178 1191 416 415)
4(416 414 411 415)
4(412 406 409 414)
4(405 410 409 406)
4(1192 440 416 1191)
4(443 440 1192 1168)
4(416 440 443 413)
4(1192 1188 439 440)
4(1192 440 438 1187)
4(438 440 439 436)
4(439 440 416 415)
4(443 440 438 444)
4(446 1194 1195 447)
4(1193 1194 446 449)
4(448 447 1195 1196)
4(446 447 448 449)
4(1183 463 446 1194)
4(462 1184 1195 447)
4(446 463 462 447)
4(467 1553 1556 453)
4(1198 1174 1556 1553)
4(1198 1553 467 1197)
4(1173 1197 467 453)
4(1556 1553 458 454)
4(1557 1553 1556 1555)
4(455 454 458 457)
4(467 466 458 1553)
4(1558 468 467 1553)
4(465 466 467 468)
4(465 459 458 466)
4(1557 1200 1198 1553)
4(1558 1553 1198 1201)
4(452 453 467 466)
4(452 466 458 454)
4(1202 468 467 1197)
4(1203 461 464 1186)
4(467 461 1203 1197)
4(464 461 467 453)
4(1203 1194 446 461)
4(460 1204 1203 461)
4(460 461 446 449)
4(464 463 446 461)
4(460 468 467 461)
4(1206 675 386 470)
4(469 1205 1206 470)
4(674 1205 469 387)
4(469 470 386 387)
4(473 434 1181 1208)
4(1207 474 473 1208)
4(1207 1184 462 474)
4(462 434 473 474)
4(1209 1208 473 429)
4(473 434 430 429)
4(1206 1210 432 470)
4(386 470 432 389)
4(1206 470 473 1208)
4(1207 474 469 1205)
4(473 470 469 474)
4(473 429 432 470)
4(1195 447 475 1211)
4(1207 1211 475 474)
4(475 447 462 474)
4(1212 476 475 1211)
4(448 447 475 476)
4(1214 677 384 472)
4(471 1213 1214 472)
4(471 472 384 385)
4(1214 1205 469 472)
4(469 387 384 472)
4(1214 1211 475 472)
4(469 472 475 474)
4(471 476 475 472)
4(1153 724 725 1564)
4(725 726 1566 1564)
4(723 1161 1566 726)
4(1153 1564 1566 1161)
4(1157 1563 1567 1163)
4(1157 1155 1568 1563)
4(1568 1155 1162 1559)
4(1567 1563 1568 1559)
4(1162 1163 1567 1559)
5(1149 1151 1565 626 628)
4(626 1565 1569 627)
4(1151 1152 1569 1565)
4(418 627 1569 419)
4(405 419 1569 1152)
5(626 627 418 417 628)
5(417 418 419 405 404)
4(1157 1563 1570 1159)
4(1570 1563 1567 1560)
4(1164 1159 1570 1560)
4(1567 1163 1164 1560)
4(1571 728 725 1564)
4(727 728 1571 1154)
4(1153 1154 1571 1564)
4(1157 1158 1572 1563)
4(1156 1155 1568 1561)
4(1568 1563 1572 1561)
4(1572 1158 1156 1561)
4(626 632 1573 1565)
4(1151 1565 1573 1150)
4(630 629 1573 632)
4(614 1150 1573 629)
5(614 629 630 631 615)
5(631 630 632 626 628)
4(1572 1563 1570 1562)
4(1570 1159 1160 1562)
4(1160 1158 1572 1562)
4(1566 634 572 726)
4(633 634 1566 1564)
4(633 1564 725 573)
4(633 573 572 634)
4(343 726 1566 425)
4(424 425 1566 634)
4(424 634 572 344)
4(424 344 343 425)
4(402 1161 1566 425)
4(402 425 343 342)
4(1566 1559 1568 1564)
4(1162 1559 1566 1161)
4(1153 1564 1568 1155)
4(1568 636 635 1559)
4(635 634 1566 1559)
4(633 636 1568 1564)
4(633 634 635 636)
4(635 1559 1567 638)
4(637 638 1567 1563)
4(637 1563 1568 636)
4(637 636 635 638)
4(426 425 1566 1559)
4(426 1559 635 427)
4(424 427 635 634)
4(424 425 426 427)
4(1162 403 426 1559)
4(1567 1559 426 422)
4(407 1163 1567 422)
4(407 422 426 403)
4(402 403 426 425)
4(423 422 1567 638)
4(423 638 635 427)
4(423 427 426 422)
4(639 1560 1570 640)
4(1567 1560 639 638)
4(637 640 1570 1563)
4(637 638 639 640)
4(1570 1565 1569 1560)
4(1569 627 639 1560)
4(626 1565 1570 640)
4(626 640 639 627)
4(1164 1152 1569 1560)
4(1151 1159 1570 1565)
4(421 420 639 1560)
4(421 1560 1569 419)
4(418 627 639 420)
4(418 420 421 419)
4(421 1560 1567 422)
4(1164 1560 421 410)
4(407 410 421 422)
4(423 420 639 638)
4(423 422 421 420)
4(405 419 421 410)
4(1571 728 577 647)
4(633 1564 1571 647)
4(633 647 577 573)
4(1571 728 574 642)
4(641 647 1571 642)
4(641 642 574 576)
4(641 576 577 647)
4(624 642 1571 1154)
4(624 575 574 642)
4(1568 1561 1571 1564)
4(1571 1561 1156 1154)
4(648 636 1568 1561)
4(648 1561 1571 647)
4(633 636 648 647)
4(1572 1561 648 649)
4(637 1563 1572 649)
4(637 649 648 636)
4(644 643 648 1561)
4(644 1561 1571 642)
4(641 643 644 642)
4(641 647 648 643)
4(1572 645 644 1561)
4(1156 1561 644 625)
4(617 645 1572 1158)
4(617 625 644 645)
4(646 649 1572 645)
4(646 645 644 643)
4(646 643 648 649)
4(624 642 644 625)
4(1570 1562 652 640)
4(1572 649 652 1562)
4(637 640 652 649)
4(1573 1565 1570 1562)
4(652 632 1573 1562)
4(626 632 652 640)
4(1160 1562 1573 1150)
4(650 1562 652 651)
4(650 629 1573 1562)
4(630 629 650 651)
4(630 651 652 632)
4(1572 1562 650 645)
4(650 1562 1160 618)
4(617 645 650 618)
4(646 651 650 645)
4(646 649 652 651)
4(614 618 650 629)
4(605 1726 1732 610)
4(605 621 1729 1726)
4(1732 1726 1729 1724)
4(1729 621 622 1724)
4(622 610 1732 1724)
4(605 1726 1730 606)
4(1730 1726 1732 1725)
4(611 606 1730 1725)
4(1732 610 611 1725)
5(612 607 1728 1708 1713)
4(630 1714 1733 629)
4(607 613 1733 1728)
4(1708 1728 1733 1714)
4(614 629 1733 613)
5(631 1713 1708 1714 630)
5(1705 1727 619 620 1706)
4(619 1727 1683 604)
4(1705 1680 1683 1727)
4(620 558 1673 1706)
5(1705 1706 1673 1679 1680)
5(554 1678 1679 1673 558)
4(554 604 1683 1678)
4(1679 1678 1683 1680)
5(605 609 1710 1711 1726)
4(1711 1717 1729 1726)
4(619 621 1729 1727)
4(1705 1727 1729 1717)
4(620 1706 1710 609)
5(1710 1706 1705 1717 1711)
5(608 1709 1708 1728 607)
4(1711 1726 1730 1712)
4(607 1728 1730 606)
4(1708 1712 1730 1728)
4(608 609 1710 1709)
5(1708 1709 1710 1711 1712)
4(1718 616 608 1709)
4(1708 1713 1718 1709)
4(1731 1684 1681 1707)
4(574 1684 1731 642)
4(641 642 1731 1707)
4(641 1707 1681 576)
4(574 576 1681 1684)
4(1731 1727 1683 1684)
4(603 623 1731 1684)
4(619 1727 1731 623)
4(603 1684 1683 604)
4(1705 1707 1731 1727)
4(1705 1680 1681 1707)
4(1681 1680 1683 1684)
4(624 623 1731 642)
4(603 575 574 1684)
4(1719 1724 1731 1707)
4(644 1724 1719 643)
4(1731 1724 644 642)
4(641 643 1719 1707)
4(1729 1724 1719 1717)
4(1719 1724 1732 1716)
4(1711 1716 1732 1726)
4(1711 1717 1719 1716)
4(1729 1727 1731 1724)
4(622 1724 1731 623)
4(1732 1724 644 645)
4(622 625 644 1724)
4(617 610 1732 645)
4(1705 1707 1719 1717)
4(646 645 1732 1716)
4(646 1716 1719 643)
4(1733 1725 1715 1714)
4(1715 1725 650 651)
4(650 1725 1733 629)
4(630 1714 1715 651)
4(1715 1725 1730 1712)
4(1715 1716 1732 1725)
4(1711 1716 1715 1712)
4(1733 1728 1730 1725)
4(611 613 1733 1725)
4(650 1725 1732 645)
4(611 1725 650 618)
4(1708 1712 1715 1714)
4(646 651 1715 1716)
4(1575 1586 1746 1576)
4(48 1736 1746 1586)
4(1577 1576 1746 1744)
4(1735 1744 1746 1736)
4(1579 1578 1741 1671)
4(1577 1744 1741 1578)
4(1735 1734 1741 1744)
4(1672 1671 1741 1734)
6(1672 1734 1735 1736 48 49)
5(1574 1579 1671 1672 49)
6(1574 1575 1576 1577 1578 1579)
5(1574 49 48 1586 1575)
4(1587 1583 1582 1745)
4(1747 1588 1587 1745)
4(1582 1581 1747 1745)
4(1580 1581 1582 1583)
4(1580 1583 1587 1588)
4(1746 1745 1587 1586)
4(1582 1745 1746 1576)
4(1575 1583 1582 1576)
4(1575 1586 1587 1583)
4(1587 53 1737 1745)
4(1737 1736 1746 1745)
4(48 1736 1737 53)
4(48 53 1587 1586)
4(1737 1745 1747 1740)
4(52 53 1737 1740)
4(52 1588 1587 53)
4(1742 1584 1582 1745)
4(1742 1745 1746 1744)
4(1577 1584 1742 1744)
4(1577 1576 1582 1584)
4(1747 1745 1742 1743)
4(1585 1743 1742 1584)
4(1585 1584 1582 1581)
4(1737 1738 1742 1745)
4(1735 1744 1742 1738)
4(1735 1738 1737 1736)
4(1739 1738 1742 1743)
4(1739 1740 1737 1738)
4(1720 113 110 1734)
4(1735 1722 1720 1734)
4(1735 111 112 1722)
4(1735 1734 110 111)
4(112 113 1720 1722)
4(1672 1734 1720 1606)
4(1672 115 110 1734)
4(114 1606 1720 113)
4(1672 1606 114 115)
4(620 1578 1741 1706)
4(1673 1706 1741 1671)
4(1579 558 1673 1671)
4(1579 1578 620 558)
4(1741 1706 1710 1744)
4(1577 1744 1710 609)
4(1577 609 620 1578)
4(1741 1706 1720 1734)
4(1735 1722 1710 1744)
4(1720 1706 1710 1722)
4(1673 1706 1720 1606)
4(1672 1671 1673 1606)
4(1742 1709 608 1584)
4(1742 1744 1710 1709)
4(1577 1584 608 609)
4(1742 1709 1718 1743)
4(1585 616 608 1584)
4(1721 1709 1742 1738)
4(1735 1722 1721 1738)
4(1710 1709 1721 1722)
4(1739 1738 1721 1723)
4(1718 1723 1721 1709)
4(119 120 1721 1738)
4(1735 111 119 1738)
4(112 1722 1721 120)
4(1739 1738 119 121)
4(1721 1723 122 120)
4(4 125 1749 47)
4(118 111 1749 125)
4(48 47 1749 1736)
4(1735 1736 1749 111)
5(0 49 1672 115 116)
5(0 4 47 48 49)
4(127 6 51 1748)
4(1750 126 127 1748)
4(51 50 1750 1748)
4(5 50 51 6)
4(127 125 1749 1748)
4(51 1748 1749 47)
4(4 6 51 47)
4(127 124 119 1748)
4(119 111 1749 1748)
4(119 1748 1750 121)
4(51 53 1737 1748)
4(1737 1740 1750 1748)
4(52 53 51 50)
4(1749 1736 1737 1748)
4(48 47 51 53)
4(119 1738 1737 1748)
4(1602 1765 1767 1685)
4(1602 1603 1689 1765)
4(1767 1765 1689 1690)
4(1686 1685 1767 1690)
4(1602 1685 1686 1603)
4(1689 1603 1686 1690)
5(1602 1765 1753 1720 1606)
4(1753 1765 1767 1754)
4(1679 1680 1767 1685)
4(1705 1754 1767 1680)
5(1720 1753 1754 1705 1706)
5(1602 1606 1673 1679 1685)
4(1602 1605 1766 1765)
4(1766 1605 1604 1764)
4(1689 1765 1766 1764)
4(1604 1603 1689 1764)
4(1602 1603 1604 1605)
4(1751 1688 1687 1752)
4(1659 1688 1751 1661)
4(1660 1752 1687 1610)
4(1660 1661 1751 1752)
4(1687 1688 1659 1610)
4(572 634 1751 1688)
4(633 573 1687 1752)
4(633 1752 1751 634)
4(1687 573 572 1688)
4(488 481 1751 1688)
4(424 634 1751 481)
4(488 1688 572 344)
4(424 481 488 344)
4(485 481 1751 1661)
4(1659 1688 488 489)
4(485 489 488 481)
4(130 1605 1766 129)
4(1753 1757 1766 1765)
4(128 129 1766 1757)
5(128 1757 1753 1720 113)
5(1602 1605 130 114 1606)
4(1681 1690 1758 1707)
4(1692 1759 1758 1690)
4(641 1759 1692 576)
4(641 1707 1758 1759)
4(1692 1690 1681 576)
4(1758 1690 1767 1754)
4(1689 1690 1758 1760)
4(1753 1765 1689 1760)
4(1753 1760 1758 1754)
4(1767 1690 1681 1680)
4(1679 1680 1681 1682)
4(1679 1682 1686 1685)
4(1686 1682 1681 1690)
4(1705 1754 1758 1707)
4(1761 1760 1689 1611)
4(1761 1611 1692 1759)
4(1761 1759 1758 1760)
4(1692 1611 1689 1690)
4(1763 1764 133 134)
4(1612 1764 1763 1762)
4(133 1764 1612 132)
4(131 1762 1763 134)
4(1766 129 133 1764)
4(1604 1764 133 135)
4(130 1605 1604 135)
4(1763 1757 1766 1764)
4(1763 1764 1689 1760)
4(1753 1757 1763 1760)
4(1612 1611 1689 1764)
4(1604 1608 1612 1764)
4(1607 1603 1689 1611)
4(1607 1608 1604 1603)
4(128 134 1763 1757)
4(1761 1760 1763 1762)
4(136 135 1604 1608)
4(1687 1691 1755 1752)
4(1609 1756 1755 1691)
4(1660 1752 1755 1756)
4(1609 1691 1687 1610)
4(1755 647 577 1691)
4(633 647 1755 1752)
4(577 573 1687 1691)
4(1692 1691 1755 1759)
4(641 1759 1755 647)
4(1692 576 577 1691)
4(1761 1756 1755 1759)
4(1692 1691 1609 1611)
4(1660 1666 1801 1752)
4(1801 1774 1751 1752)
4(1665 1774 1801 1666)
4(1751 1774 1665 1661)
4(637 1782 1803 640)
4(637 638 1800 1782)
4(1803 1775 639 640)
4(1800 1775 1803 1782)
4(639 1775 1800 638)
5(1662 628 626 1783 1663)
4(626 627 1802 1783)
4(1663 1783 1802 1664)
4(418 479 1802 627)
4(478 1664 1802 479)
5(417 477 478 479 418)
4(1768 1789 1805 1790)
4(1768 1787 1806 1789)
4(1768 1790 1807 1787)
4(1806 1787 1807 1776)
4(1805 1789 1806 1776)
4(1807 1790 1805 1776)
4(1768 1789 1810 1788)
4(1768 1788 1811 1790)
4(1811 1788 1810 1777)
4(1810 1789 1805 1777)
4(1805 1790 1811 1777)
5(1768 1789 1770 1721 1722)
4(1711 1712 1810 1788)
4(1770 1789 1810 1794)
4(1708 1794 1810 1712)
5(1768 1722 1710 1711 1788)
5(1708 1709 1721 1770 1794)
5(1768 1787 139 112 1722)
4(139 1787 1806 138)
4(1770 1793 1806 1789)
4(137 138 1806 1793)
5(137 1793 1770 1721 120)
4(1768 1790 1816 1786)
4(1768 1786 1804 1787)
4(1804 1786 1816 1778)
4(1807 1787 1804 1778)
4(1816 1790 1807 1778)
5(1769 1772 1773 1795 1770)
4(142 143 1808 1791)
4(1770 1795 1808 1793)
4(137 1793 1808 143)
4(1773 1791 1808 1795)
5(1769 1770 1793 137 140)
4(1768 1788 1814 1786)
4(1816 1786 1814 1779)
4(1814 1788 1811 1779)
4(1811 1790 1816 1779)
4(1755 1780 1801 1752)
4(1801 1780 1817 1666)
4(1755 1756 1817 1780)
5(631 1772 1773 1792 630)
4(630 1792 1812 1714)
4(1770 1794 1812 1795)
4(1708 1714 1812 1794)
4(1773 1795 1812 1792)
5(1769 1713 1708 1794 1770)
4(637 1782 1820 649)
4(652 1781 1803 640)
4(1803 1781 1820 1782)
4(652 649 1820 1781)
4(626 1783 1821 632)
4(1663 1784 1821 1783)
4(630 632 1821 1792)
4(1773 1792 1821 1784)
4(1801 1774 635 636)
4(635 1774 1751 634)
4(633 1752 1801 636)
4(1801 1774 1800 1782)
4(1800 1774 635 638)
4(637 636 1801 1782)
4(1800 1668 1665 1774)
4(1667 1668 1800 1782)
4(1667 1782 1801 1666)
4(480 1774 1751 481)
4(635 1774 480 427)
4(424 427 480 481)
4(480 483 1665 1774)
4(1800 484 480 1774)
4(482 484 1800 1668)
4(482 483 480 484)
4(485 481 480 483)
4(423 638 1800 484)
4(423 484 480 427)
4(1803 1775 1802 1783)
4(639 627 1802 1775)
4(626 640 1803 1783)
4(1803 1775 1670 1669)
4(1802 1664 1670 1775)
4(1663 1783 1803 1669)
4(1670 1668 1800 1775)
4(1667 1669 1803 1782)
4(1802 1775 486 479)
4(486 1775 639 420)
4(418 479 486 420)
4(486 1775 1670 487)
4(486 484 1800 1775)
4(482 484 486 487)
4(478 487 486 479)
4(423 420 486 484)
5(1768 1786 1753 1720 1722)
4(1753 1786 1804 1757)
4(139 144 1804 1787)
4(128 1757 1804 144)
4(1808 1776 146 143)
4(1809 145 146 1776)
4(1809 1776 1808 1791)
4(146 1776 1806 138)
4(146 147 1807 1776)
4(139 1787 1807 147)
4(1808 1793 1806 1776)
4(1808 1776 1805 1795)
4(1770 1795 1805 1789)
4(1809 1776 1807 1796)
4(1805 1776 1809 1798)
4(1771 1790 1805 1798)
4(1771 1796 1807 1790)
4(148 147 1807 1796)
4(1773 1798 1805 1795)
4(1715 1777 1812 1714)
4(1812 1777 1813 1792)
4(1813 1777 1715 651)
4(630 1792 1813 651)
4(1715 1712 1810 1777)
4(1715 1777 1811 1716)
4(1711 1716 1811 1788)
4(1812 1777 1810 1794)
4(1812 1795 1805 1777)
4(1813 1777 1805 1798)
4(1813 1799 1811 1777)
4(1771 1790 1811 1799)
4(1771 1799 1813 1798)
4(1773 1798 1813 1792)
4(646 1799 1811 1716)
4(646 651 1813 1799)
4(1753 1754 1814 1786)
4(1711 1788 1814 1717)
4(1705 1717 1814 1754)
4(1769 1723 1721 1770)
4(149 1778 1763 134)
4(1815 1778 149 150)
4(1763 1778 1815 1762)
4(1804 1757 1763 1778)
4(1816 1778 1763 1760)
4(1753 1786 1816 1760)
4(149 144 1804 1778)
4(149 1778 1807 147)
4(1815 1796 1807 1778)
4(1816 1797 1815 1778)
4(1771 1797 1816 1790)
4(1761 1760 1816 1797)
4(1719 1707 1758 1779)
4(1819 1779 1758 1759)
4(1719 1779 1819 643)
4(641 643 1819 1759)
4(1758 1754 1814 1779)
4(1758 1779 1816 1760)
4(1719 1779 1814 1717)
4(1719 1716 1811 1779)
4(1819 1797 1816 1779)
4(1819 1779 1811 1799)
4(1771 1797 1819 1799)
4(1761 1759 1819 1797)
4(646 1799 1819 643)
4(648 1780 1801 636)
4(648 647 1755 1780)
4(1820 1780 1801 1782)
4(1820 649 648 1780)
4(1817 1785 1820 1780)
4(1667 1782 1820 1785)
4(1755 1780 1819 1759)
4(1819 1780 648 643)
4(1817 1797 1819 1780)
4(1820 1780 1819 1799)
4(1771 1785 1820 1799)
4(646 1799 1820 649)
4(1821 1781 1803 1783)
4(1821 632 652 1781)
4(1818 1781 1803 1669)
4(1821 1781 1818 1784)
4(1820 1785 1818 1781)
4(1813 1781 1821 1792)
4(652 1781 1813 651)
4(1813 1798 1818 1781)
4(1813 1781 1820 1799)
5(505 1823 1822 1837 506)
4(530 531 1840 1824)
4(506 1837 1840 516)
4(1822 1824 1840 1837)
4(515 516 1840 531)
5(1822 1823 529 530 1824)
4(509 1836 1841 517)
4(509 519 1838 1836)
4(1841 1836 1838 1834)
4(1838 519 520 1834)
4(520 517 1841 1834)
4(509 1836 1839 510)
4(1839 1836 1841 1835)
4(518 510 1839 1835)
4(1841 517 518 1835)
5(1822 1837 506 507 1675)
4(1822 1675 1674 1823)
4(507 508 1674 1675)
5(509 513 1676 1825 1836)
4(1825 1831 1838 1836)
4(506 519 1838 1837)
4(1822 1837 1838 1831)
5(1676 1675 1822 1831 1825)
4(507 1675 1676 513)
4(1825 1836 1839 1826)
4(511 1694 1839 510)
4(1693 1826 1839 1694)
5(1693 1677 1676 1825 1826)
5(512 1677 1693 1694 511)
4(512 513 1676 1677)
4(1833 1834 1840 1824)
4(1840 1834 540 531)
4(540 1834 1833 1832)
4(530 531 540 1832)
4(530 1832 1833 1824)
4(1838 1834 1833 1831)
4(1833 1834 1841 1829)
4(1825 1829 1841 1836)
4(1825 1831 1833 1829)
4(1838 1837 1840 1834)
4(520 1834 1840 516)
4(520 525 540 1834)
4(1841 1834 540 541)
4(522 517 1841 541)
4(1822 1824 1833 1831)
4(1830 1832 540 541)
4(1830 541 1841 1829)
4(1830 1829 1833 1832)
4(542 543 540 1832)
4(530 532 542 1832)
4(1830 545 544 541)
4(1830 1832 542 545)
4(1696 1835 1827 1697)
4(546 1835 1696 547)
4(546 1828 1827 1835)
4(1695 1828 546 547)
4(1695 1697 1827 1828)
4(1695 547 1696 1697)
4(1827 1835 1839 1826)
4(1827 1829 1841 1835)
4(1825 1829 1827 1826)
4(1696 1694 1839 1835)
4(518 521 1696 1835)
4(511 1694 1696 521)
4(518 1835 546 523)
4(546 1835 1841 541)
4(1693 1826 1827 1697)
4(1693 1697 1696 1694)
4(524 521 1696 547)
4(1830 541 546 1828)
4(1830 1828 1827 1829)
4(548 1828 546 549)
4(1695 1828 548 550)
4(1695 550 551 547)
4(1830 545 548 1828)
4(1615 1851 1855 1614)
4(1615 1617 1845 1851)
4(1845 1846 1855 1851)
4(1616 1846 1845 1617)
4(1855 1846 1616 1614)
5(1613 1615 1851 526 527)
4(526 1851 1855 528)
4(309 528 1855 490)
4(491 490 1855 1614)
5(310 309 490 491 492)
5(529 530 1853 1624 1623)
4(530 1824 1856 1853)
4(1626 1625 1856 1844)
4(1822 1844 1856 1824)
4(1624 1853 1856 1625)
5(1622 1626 1844 1822 1823)
5(1622 1623 1624 1625 1626)
4(1618 1621 1857 1852)
4(1618 1852 1858 1619)
4(1858 1852 1857 1847)
4(1857 1621 1620 1847)
4(1620 1619 1858 1847)
4(1618 1619 1620 1621)
4(1825 1826 1857 1852)
4(1627 1621 1857 1698)
4(1693 1698 1857 1826)
5(1618 1629 1676 1825 1852)
5(1693 1677 1628 1627 1698)
4(1676 1629 1628 1677)
5(1618 1621 1627 1628 1629)
4(1618 1852 1860 1630)
4(1631 1630 1860 1848)
4(1860 1852 1858 1848)
4(1858 1619 1631 1848)
4(1618 1630 1631 1619)
4(1615 1632 1862 1851)
4(1862 1849 1845 1851)
4(1845 1849 1633 1617)
4(1862 1632 1633 1849)
4(526 532 1862 1851)
4(530 1853 1862 532)
4(1624 1632 1862 1853)
4(536 1842 1863 545)
4(1701 539 548 1850)
4(1701 1850 1863 1842)
4(1863 1850 548 545)
4(536 539 1701 1842)
4(1855 528 534 1846)
4(526 1851 1845 535)
4(1845 1846 534 535)
4(1843 1635 1616 1846)
4(1634 1635 1843 1842)
4(1634 1842 1845 1617)
4(1845 1842 1843 1846)
4(493 1846 1855 490)
4(534 1846 493 313)
4(309 313 493 490)
4(493 497 1616 1846)
4(496 494 1843 1635)
4(1843 494 493 1846)
4(496 497 493 494)
4(491 490 493 497)
4(1636 1635 1843 1702)
4(1634 1637 1701 1842)
4(1843 1842 1701 1702)
4(1701 1637 1636 1702)
4(495 494 1843 1702)
4(495 1702 1636 498)
4(496 494 495 498)
4(1827 1847 1703 1697)
4(1703 1847 1859 1704)
4(1859 1847 1827 1828)
4(1695 1704 1859 1828)
4(1695 1697 1703 1704)
4(1857 1847 1827 1826)
4(1827 1847 1858 1829)
4(1825 1829 1858 1852)
4(1703 1847 1857 1698)
4(1703 1640 1620 1847)
4(1627 1640 1703 1698)
4(1627 1621 1620 1640)
4(1859 1847 1620 1642)
4(1859 1854 1858 1847)
4(1641 1619 1858 1854)
4(1641 1854 1859 1642)
4(1641 1642 1620 1619)
4(1693 1698 1703 1697)
4(1643 1642 1859 1704)
4(1643 1704 1703 1640)
4(1643 1640 1620 1642)
4(1830 1854 1858 1829)
4(1830 1828 1859 1854)
4(1626 1844 1860 1630)
4(1825 1852 1860 1831)
4(1822 1831 1860 1844)
5(1638 1675 1822 1844 1626)
4(1638 1629 1676 1675)
5(1618 1629 1638 1626 1630)
4(1856 1848 1833 1824)
4(1861 1848 1856 1853)
4(1833 1848 1861 1832)
4(530 1832 1861 1853)
4(1856 1844 1860 1848)
4(1856 1848 1631 1625)
4(1626 1625 1631 1630)
4(1833 1848 1860 1831)
4(1833 1829 1858 1848)
4(1861 1644 1631 1848)
4(1861 1848 1858 1854)
4(1641 1644 1861 1854)
4(1641 1619 1631 1644)
4(1624 1853 1861 1644)
4(1624 1644 1631 1625)
4(1830 1854 1861 1832)
4(1845 535 542 1849)
4(542 532 1862 1849)
4(1863 1849 1845 1842)
4(1863 545 542 1849)
4(536 1842 1845 535)
4(1633 1645 1863 1849)
4(1634 1842 1863 1645)
4(1862 1849 1861 1853)
4(1861 1849 542 1832)
4(1633 1644 1861 1849)
4(1863 1849 1861 1854)
4(1641 1645 1863 1854)
4(1830 1854 1863 545)
4(1699 1850 1701 1700)
4(1699 550 548 1850)
4(552 550 1699 1700)
4(552 1700 1701 539)
4(1646 1637 1701 1850)
4(1863 1645 1646 1850)
4(1699 1850 1646 1648)
4(1647 1637 1701 1700)
4(1647 1700 1699 1648)
4(1859 1850 1699 1704)
4(548 1850 1859 1828)
4(1695 1704 1699 550)
4(1859 1642 1646 1850)
4(1859 1850 1863 1854)
4(1643 1648 1699 1704)
4(536 537 1843 1842)
4(1843 537 538 1702)
4(1701 1702 538 539)
4(1674 1639 1638 1675)
4(1622 1626 1638 1639)
4(1843 1846 534 537)
4(315 537 1843 494)
4(315 494 493 313)
4(495 317 538 1702)
4(315 317 495 494)
4(554 555 1875 1678)
4(1875 555 556 1874)
4(1873 1678 1875 1874)
4(556 557 1873 1874)
4(554 1678 1873 557)
4(511 555 1875 1694)
4(1679 1872 1875 1678)
4(1693 1694 1875 1872)
5(1693 1872 1679 1673 1677)
4(1673 558 512 1677)
4(1864 1874 1696 1697)
4(567 547 1696 1874)
4(567 1874 1864 1865)
4(1695 547 567 1865)
4(1695 1865 1864 1697)
4(1696 1874 1875 1694)
4(556 1874 1696 521)
4(1864 1872 1875 1874)
4(1873 1682 1864 1874)
4(1679 1682 1873 1678)
4(1679 1872 1864 1682)
4(556 560 567 1874)
4(1873 1874 567 568)
4(559 557 1873 568)
4(1693 1697 1864 1872)
4(571 1865 567 568)
4(571 568 1873 1682)
4(571 1682 1864 1865)
4(563 564 567 1865)
4(1695 550 563 1865)
4(571 1865 563 570)
4(1683 1678 1873 1684)
4(1873 557 603 1684)
4(1873 1684 1681 1682)
4(1873 568 574 1684)
4(571 576 1681 1682)
4(1602 1685 1877 1649)
4(1650 1649 1877 1869)
4(1877 1685 1686 1869)
4(1686 1603 1650 1869)
4(1602 1649 1650 1603)
4(1699 1700 1866 1867)
4(563 550 1699 1867)
4(552 562 1866 1700)
4(1866 562 563 1867)
4(1876 1651 1636 1702)
4(1647 1651 1876 1700)
4(1701 1700 1876 1702)
4(501 499 1876 1651)
4(1876 499 495 1702)
4(501 498 495 499)
4(1652 1651 1876 1868)
4(1647 1653 1866 1700)
4(1866 1868 1876 1700)
4(1652 1868 1866 1653)
4(500 499 1876 1868)
4(1652 502 500 1868)
4(501 499 500 502)
4(1627 1698 1877 1649)
4(1679 1685 1877 1872)
4(1693 1872 1877 1698)
4(1673 1677 1628 1606)
5(1602 1606 1628 1627 1649)
4(1703 1869 1864 1697)
4(1870 1869 1703 1704)
4(1695 1865 1870 1704)
4(1864 1869 1870 1865)
4(1703 1698 1877 1869)
4(1703 1869 1650 1640)
4(1627 1640 1650 1649)
4(1877 1872 1864 1869)
4(1686 1869 1864 1682)
4(1870 1654 1650 1869)
4(1686 1871 1870 1869)
4(1607 1654 1870 1871)
4(1607 1871 1686 1603)
4(1607 1603 1650 1654)
4(1643 1704 1870 1654)
4(1643 1654 1650 1640)
4(1655 1867 1699 1648)
4(1866 1867 1655 1653)
4(1870 1704 1699 1867)
4(1870 1867 563 1865)
4(1655 1867 1870 1654)
4(552 553 1876 1700)
4(1876 553 561 1868)
4(1866 1868 561 562)
4(538 553 1876 1702)
4(316 553 1876 499)
4(316 499 495 317)
4(561 1868 500 338)
4(316 338 500 499)
4(1879 1657 1652 1868)
4(1656 1878 1866 1653)
4(1656 1657 1879 1878)
4(1866 1878 1879 1868)
4(504 503 1879 1657)
4(500 1868 1879 503)
4(504 502 500 503)
4(571 1871 1870 1865)
4(571 1682 1686 1871)
4(1880 1878 1866 1867)
4(1655 1658 1880 1867)
4(1656 1878 1880 1658)
4(563 1867 1880 570)
4(565 570 1880 1878)
4(565 1878 1866 562)
4(1880 1867 1870 1871)
4(1607 1658 1880 1871)
4(571 1871 1880 570)
4(1656 1610 1687 1878)
4(1879 1878 1687 1688)
4(1659 1657 1879 1688)
4(1687 1878 1880 1691)
4(1880 1658 1609 1691)
4(1879 566 572 1688)
4(565 1878 1687 573)
4(565 566 1879 1878)
4(1879 1688 488 503)
4(504 503 488 489)
4(341 503 1879 566)
4(341 344 488 503)
4(1686 1690 1692 1871)
4(1607 1871 1692 1611)
4(571 576 1692 1871)
4(1880 1691 577 570)
4(1692 1691 1880 1871)
4(1879 1868 561 566)
4(341 503 500 338)
4(1592 1600 1893 1591)
4(1599 1892 1893 1600)
4(1593 1892 1599 1594)
4(1893 1892 1593 1591)
4(1592 1591 1593 1594)
4(1592 1594 1599 1600)
4(54 1600 1893 1885)
4(1590 1891 1893 1591)
4(1886 1885 1893 1891)
4(1590 1589 1890 1891)
4(1579 1671 1890 1589)
4(1886 1891 1890 1887)
4(1672 1887 1890 1671)
6(54 1885 1886 1887 1672 49)
6(1574 1579 1589 1590 1591 1592)
5(1574 1592 1600 54 49)
4(1883 56 1599 1892)
4(1883 1892 1893 1885)
4(54 56 1883 1885)
4(54 1600 1599 56)
4(1599 1601 1894 1892)
4(1894 1596 1593 1892)
4(1595 1594 1593 1596)
4(1595 1601 1599 1594)
4(1894 1892 1883 1884)
4(55 1884 1883 56)
4(55 56 1599 1601)
4(1889 1598 1593 1892)
4(1889 1892 1894 1888)
4(1597 1598 1889 1888)
4(1597 1596 1593 1598)
4(1889 1891 1893 1892)
4(1590 1891 1889 1598)
4(1590 1598 1593 1591)
4(1883 1892 1889 1882)
4(1886 1882 1889 1891)
4(1886 1885 1883 1882)
4(1881 1888 1889 1882)
4(1881 1882 1883 1884)
4(1638 154 151 1882)
4(1886 1629 1638 1882)
4(1886 152 153 1629)
4(1886 1882 151 152)
4(153 154 1638 1629)
4(1881 1882 1638 1639)
4(1881 156 151 1882)
4(155 1639 1638 154)
4(507 1598 1889 1675)
4(1674 1675 1889 1888)
4(1597 1598 507 508)
4(1889 1675 1676 1891)
4(1590 1891 1676 513)
4(1590 513 507 1598)
4(1889 1675 1638 1882)
4(1886 1629 1676 1891)
4(512 1589 1890 1677)
4(1890 1891 1676 1677)
4(1590 1589 512 513)
4(1673 1671 1890 1677)
4(1579 558 512 1589)
4(1628 1677 1890 1887)
4(1886 1629 1628 1887)
4(1672 1887 1628 1606)
4(157 158 1628 1887)
4(1886 152 157 1887)
4(153 1629 1628 158)
4(1672 1887 157 115)
4(1628 1606 114 158)
4(54 1885 162 25)
4(1886 152 162 1885)
5(0 49 54 25 24)
4(26 163 1883 56)
4(1883 163 164 1884)
4(55 29 26 56)
4(1883 1885 162 163)
4(54 56 26 25)
4(151 163 1883 1882)
4(1618 1898 1905 1621)
4(1618 1619 1906 1898)
4(1905 1898 1906 1895)
4(1620 1621 1905 1895)
4(1906 1619 1620 1895)
5(1618 1898 172 153 1629)
4(172 1898 1905 171)
4(1627 1902 1905 1621)
4(170 171 1905 1902)
5(170 1902 1627 1628 158)
5(1622 166 165 1901 1626)
4(169 1899 1910 168)
4(1626 1901 1910 1625)
4(165 168 1910 1901)
4(1624 1625 1910 1899)
4(1618 1630 1904 1898)
4(1904 1630 1631 1896)
4(1906 1898 1904 1896)
4(1631 1619 1906 1896)
4(1602 1649 1909 1605)
4(1909 1649 1650 1897)
4(1604 1605 1909 1897)
4(1650 1603 1604 1897)
5(165 1901 1626 1638 154)
4(1626 1630 1904 1901)
4(172 173 1904 1898)
4(165 1901 1904 173)
4(1907 1895 176 177)
4(1908 175 176 1895)
4(1908 1895 1907 1900)
4(174 1900 1907 177)
4(176 1895 1905 171)
4(176 178 1906 1895)
4(172 1898 1906 178)
4(1907 1902 1905 1895)
4(1907 1895 1620 1640)
4(1627 1902 1907 1640)
4(1908 1895 1906 1903)
4(1620 1895 1908 1642)
4(1641 1903 1906 1619)
4(170 177 1907 1902)
4(179 178 1906 1903)
4(1643 1640 1907 1900)
4(1627 1649 1909 1902)
4(130 180 1909 1605)
4(170 1902 1909 180)
4(181 1896 1910 168)
4(1911 1896 181 182)
4(1910 1896 1911 1899)
4(1904 1901 1910 1896)
4(1631 1896 1910 1625)
4(181 173 1904 1896)
4(181 1896 1906 178)
4(1911 1903 1906 1896)
4(1631 1644 1911 1896)
4(183 1897 1907 177)
4(1907 1897 1912 1900)
4(1912 1897 183 184)
4(1907 1897 1909 1902)
4(1650 1897 1907 1640)
4(183 180 1909 1897)
4(1604 135 183 1897)
4(1650 1654 1912 1897)
4(1604 1897 1912 1608)
4(74 1952 2031 1960)
4(1961 1962 2032 2003)
4(1917 1916 2031 1952)
4(1915 2007 2031 1916)
4(1963 1960 2031 2007)
4(1913 2003 2032 1914)
4(1915 1914 2032 2007)
4(1963 2007 2032 1962)
6(1574 1592 1959 1961 2003 1913)
4(1592 1953 1958 1959)
4(74 1960 1958 1953)
4(1961 1959 1958 1962)
4(1963 1962 1958 1960)
6(1574 1917 1952 74 1953 1592)
6(1574 1913 1914 1915 1916 1917)
4(1954 1952 2031 2015)
4(1954 2015 1964 71)
4(1964 2015 2031 1960)
4(74 71 1964 1960)
4(74 1952 1954 71)
4(1965 2016 2004 1966)
4(2004 2016 2032 2003)
4(1965 1962 2032 2016)
4(1961 1966 2004 2003)
4(1961 1962 1965 1966)
5(1919 1918 2012 2006 2022)
5(2011 1920 1919 2022 2006)
4(2012 2007 2011 2006)
4(1915 1920 2011 2007)
4(1915 2007 2012 1918)
4(1915 1918 1919 1920)
5(2014 2008 2012 2006 2024)
4(1921 1918 2012 2008)
4(2006 2022 2033 2024)
4(1922 2025 2033 1923)
4(1919 1923 2033 2022)
4(2014 2024 2033 2025)
5(1921 1922 1923 1919 1918)
4(2040 1927 1926 2017)
4(1926 1925 2039 2017)
4(2039 2019 2040 2017)
4(1924 1925 1926 1927)
5(2013 2023 2006 2011 2010)
4(1928 2010 2011 1920)
4(2006 2023 2034 2022)
4(1930 1929 2034 2026)
4(1919 2022 2034 1929)
4(2013 2026 2034 2023)
5(1928 1920 1919 1929 1930)
5(2011 2006 2021 1974 1967)
5(1974 2021 2006 2012 1970)
4(1963 2007 2011 1967)
4(1963 1970 2012 2007)
4(1963 1967 1974 1970)
4(2043 2020 2042 2018)
4(2042 1978 1977 2018)
4(1977 1976 2043 2018)
4(1975 1976 1977 1978)
4(1969 1967 2011 2010)
4(2006 2021 2036 2023)
4(1979 2029 2036 1980)
4(1974 1980 2036 2021)
4(2013 2023 2036 2029)
5(1969 1979 1980 1974 1967)
4(1973 2008 2012 1970)
4(2006 2024 2037 2021)
4(1982 1981 2037 2030)
4(1974 2021 2037 1981)
4(2014 2030 2037 2024)
5(1973 1970 1974 1981 1982)
4(1931 2015 1954 1932)
4(2031 2015 1931 1916)
4(1917 1932 1954 1952)
4(1917 1916 1931 1932)
4(1954 1955 2038 2015)
4(2038 1934 1931 2015)
4(1933 1955 1954 1932)
4(1933 1932 1931 1934)
4(2038 2015 1964 1968)
4(68 1968 1964 71)
4(68 71 1954 1955)
4(1931 1920 2011 2015)
4(2011 2007 2031 2015)
4(1915 1920 1931 1916)
4(2038 2010 2011 2015)
4(1928 1934 1931 1920)
4(2011 1967 1964 2015)
4(1963 1960 1964 1967)
4(1969 1967 1964 1968)
4(2041 2005 2004 2016)
4(2004 1938 1937 2016)
4(1937 1936 2041 2016)
4(1935 1938 2004 2005)
4(1935 1936 1937 1938)
4(2041 1972 1965 2016)
4(1971 2005 2004 1966)
4(1971 1966 1965 1972)
4(1937 2016 2032 1914)
4(1913 2003 2004 1938)
4(1913 1938 1937 1914)
4(1937 2016 2012 1918)
4(2032 2007 2012 2016)
4(1915 1914 1937 1918)
4(2041 2016 2012 2008)
4(1921 1918 1937 1936)
4(1965 1970 2012 2016)
4(1963 1970 1965 1962)
4(1973 1972 1965 1970)
4(2034 2022 2033 2017)
4(2034 2017 2035 2023)
4(2035 2017 2033 2024)
4(2006 2023 2035 2024)
4(1926 2017 2033 1923)
4(2033 2017 2040 2025)
4(1922 1927 1926 1923)
4(1926 1929 2034 2017)
4(2039 2017 2034 2026)
4(1930 1929 1926 1925)
4(2039 2027 2035 2017)
4(2040 2017 2035 2028)
4(2009 2028 2035 2027)
4(1919 1923 1926 1929)
4(2013 2027 2035 2023)
4(2014 2024 2035 2028)
4(2037 2021 2036 2018)
4(2035 2018 2036 2023)
4(2037 2018 2035 2024)
4(2042 2018 2035 2027)
4(2043 2028 2035 2018)
4(2036 1980 1977 2018)
4(2042 2029 2036 2018)
4(1979 1978 1977 1980)
4(2037 2018 1977 1981)
4(2043 2018 2037 2030)
4(1982 1981 1977 1976)
4(1974 1980 1977 1981)
4(1961 2003 2085 2063)
4(1961 2063 1998 1959)
4(2050 1996 1998 2063)
4(1913 1941 2085 2003)
4(2050 2063 2085 2060)
4(1940 2060 2085 1941)
4(2050 2060 1997 1996)
4(1940 1939 1997 2060)
4(1592 1959 1998 1591)
4(1590 1591 1998 1996)
4(1590 1996 1997 1589)
4(1579 1589 1997 1939)
6(1574 1579 1939 1940 1941 1913)
4(1985 1984 2091 2070)
4(2092 1986 1985 2070)
4(2091 2073 2092 2070)
4(1983 1984 1985 1986)
4(1961 1966 2067 2063)
4(2004 2071 2067 1966)
4(2004 2003 2085 2071)
4(2085 2063 2067 2071)
5(2066 2061 2078 2051 2045)
5(2051 2078 2061 2067 2049)
4(2067 2061 2066 2063)
4(2050 2063 2066 2045)
4(2050 2049 2067 2063)
4(2050 2045 2051 2049)
5(2068 2079 2061 2066 2064)
5(1989 1988 2066 2061 2075)
4(1987 2064 2066 1988)
4(1991 1990 2086 2074)
4(1989 2075 2086 1990)
4(2061 2079 2086 2075)
4(2068 2074 2086 2079)
5(1987 1988 1989 1990 1991)
4(2095 2077 2094 2072)
4(2094 2055 2054 2072)
4(2054 2053 2095 2072)
4(2052 2053 2054 2055)
5(2069 2065 2067 2061 2080)
5(1989 2075 2061 2067 1966)
4(1989 1993 2088 2075)
4(1992 2076 2088 1993)
4(2061 2075 2088 2080)
4(2069 2080 2088 2076)
4(1971 1966 2067 2065)
5(1971 1992 1993 1989 1966)
4(2044 2045 2066 2064)
4(2061 2078 2089 2079)
4(2056 2083 2089 2057)
4(2051 2057 2089 2078)
4(2068 2079 2089 2083)
5(2044 2056 2057 2051 2045)
4(2046 2065 2067 2049)
4(2061 2080 2090 2078)
4(2059 2058 2090 2084)
4(2051 2078 2090 2058)
4(2069 2084 2090 2080)
5(2046 2049 2051 2058 2059)
4(1961 1988 2066 2063)
4(1961 1966 1989 1988)
4(1994 1988 2066 1999)
4(1998 1999 2066 2063)
4(1994 1999 1998 1959)
4(1961 1988 1994 1959)
4(2000 2064 2066 1999)
4(2000 1999 1994 1995)
4(1987 1995 1994 1988)
4(2002 1999 2066 2045)
4(2050 1996 2002 2045)
4(2002 1996 1998 1999)
4(2044 2045 2002 2001)
4(2000 2001 2002 1999)
4(1985 1990 2086 2070)
4(2091 2070 2086 2074)
4(1991 1990 1985 1984)
4(1985 1993 2088 2070)
4(2088 2075 2086 2070)
4(1989 1993 1985 1990)
4(2092 2076 2088 2070)
4(1992 1986 1985 1993)
4(2086 2070 2087 2079)
4(2087 2070 2088 2080)
4(2061 2079 2087 2080)
4(2091 2081 2087 2070)
4(2092 2070 2087 2082)
4(2062 2082 2087 2081)
4(2068 2081 2087 2079)
4(2069 2080 2087 2082)
4(2004 2005 2093 2071)
4(1942 1938 2004 2071)
4(2093 1943 1942 2071)
4(1935 1938 1942 1943)
4(2093 2071 2067 2065)
4(1942 1941 2085 2071)
4(1913 1941 1942 1938)
4(2048 2071 2085 2060)
4(2067 2071 2048 2049)
4(2050 2049 2048 2060)
4(2048 1945 1942 2071)
4(2048 2071 2093 2047)
4(1944 1945 2048 2047)
4(1944 1943 1942 1945)
4(1940 2060 2048 1945)
4(1940 1945 1942 1941)
4(2046 2047 2048 2049)
4(2090 2078 2089 2072)
4(2087 2072 2089 2079)
4(2090 2072 2087 2080)
4(2094 2072 2087 2081)
4(2095 2082 2087 2072)
4(2054 2072 2089 2057)
4(2094 2083 2089 2072)
4(2056 2055 2054 2057)
4(2054 2058 2090 2072)
4(2095 2072 2090 2084)
4(2059 2058 2054 2053)
4(2051 2057 2054 2058)
5(2051 2098 581 580 2045)
5(583 581 2098 2051 2049)
4(2050 2045 580 584)
4(2050 584 583 2049)
4(2104 2097 2103 2096)
4(2054 2055 2104 2096)
4(2103 2053 2054 2096)
4(2044 579 580 2045)
4(581 582 2101 2098)
4(2056 2057 2101 2099)
4(2051 2098 2101 2057)
4(578 2099 2101 582)
4(2046 2049 583 589)
4(581 2098 2102 588)
4(2059 2100 2102 2058)
4(2051 2058 2102 2098)
4(587 588 2102 2100)
4(580 591 2002 2045)
4(2050 1996 592 584)
4(2002 591 592 1996)
4(2002 2001 590 591)
4(1997 593 585 2060)
4(2050 2060 585 584)
4(592 593 1997 1996)
4(1940 595 585 2060)
4(594 1939 1997 593)
4(1940 1939 594 595)
4(2048 2060 585 586)
4(2048 586 583 2049)
4(597 1945 2048 586)
4(596 586 2048 2047)
4(1944 1945 597 598)
4(1940 595 597 1945)
4(2102 2096 2101 2098)
4(599 2096 2102 588)
4(2101 2096 599 582)
4(2103 2096 599 602)
4(2104 601 599 2096)
4(2054 2057 2101 2096)
4(2104 2096 2101 2099)
4(2054 2096 2102 2058)
4(2103 2100 2102 2096)
4(1994 1999 1593 1594)
4(1593 1999 1998 1591)
4(1592 1959 1994 1594)
4(1593 1596 2000 1999)
4(1595 1594 1994 1995)
4(2002 1999 1593 1598)
4(1597 2001 2002 1598)
4(1590 1598 2002 1996)
4(507 591 2002 1598)
4(1590 513 592 1996)
4(512 593 1997 1589)
4(1579 558 594 1939)
4(1956 2135 1994 1594)
4(1956 1953 1958 2135)
4(1958 1959 1994 2135)
4(1592 1953 1956 1594)
4(59 58 2225 2136)
4(2221 60 59 2136)
4(2225 2148 2221 2136)
4(57 58 59 60)
4(2227 1984 1985 2137)
4(1985 1986 2223 2137)
4(2223 2144 2227 2137)
4(2224 2149 2226 2138)
4(2226 2150 2228 2138)
4(2228 2151 2224 2138)
4(1964 2109 2124 1960)
5(2126 2162 2109 1964 1967)
5(2124 2109 2162 2126 2117)
4(1963 2117 2126 1967)
4(1963 1960 2124 2117)
5(2124 2109 2161 63 62)
5(2131 2164 2109 2124 2118)
4(61 2118 2124 62)
4(2109 2164 2200 2161)
4(65 64 2200 2174)
4(63 2161 2200 64)
4(2131 2174 2200 2164)
5(61 62 63 64 65)
5(1964 71 63 2161 2109)
5(2128 1968 1964 2109 2163)
4(2109 2161 2201 2163)
4(69 2175 2201 70)
4(63 70 2201 2161)
4(2128 2163 2201 2175)
5(68 69 70 63 71)
4(2106 2154 2211 2155)
4(2229 2152 2233 2139)
4(2211 2154 2229 2139)
4(2233 2155 2211 2139)
4(74 62 2124 1960)
4(74 71 63 62)
5(1969 1967 2126 2186 2120)
4(2109 2163 2209 2162)
4(2120 2186 2209 2187)
4(2126 2162 2209 2186)
4(2128 2187 2209 2163)
5(2108 2121 2189 2126 2117)
4(2108 2117 2124 2118)
4(2109 2162 2210 2164)
4(2121 2190 2210 2189)
4(2126 2189 2210 2162)
4(2131 2164 2210 2190)
5(2127 2165 2110 2125 2117)
5(1965 2110 2165 2127 1970)
4(2125 2110 1965 1962)
4(1963 1970 2127 2117)
4(1963 2117 2125 1962)
5(2133 2119 2125 2110 2167)
5(1989 2146 2110 2125 1988)
4(1987 1988 2125 2119)
4(1991 2145 2203 1990)
4(1989 1990 2203 2146)
4(2110 2146 2203 2167)
4(2133 2167 2203 2145)
4(2107 2158 2214 2159)
4(2236 2156 2230 2140)
4(2214 2158 2236 2140)
4(2230 2159 2214 2140)
5(2129 2166 2110 1965 1972)
5(1989 1966 1965 2110 2146)
4(1989 2146 2205 1993)
4(1992 1993 2205 2147)
4(2110 2166 2205 2146)
4(2129 2147 2205 2166)
5(2108 2117 2127 2192 2122)
4(2108 2119 2125 2117)
4(2110 2167 2212 2165)
4(2122 2192 2212 2194)
4(2127 2165 2212 2192)
4(2133 2194 2212 2167)
5(1973 2123 2195 2127 1970)
4(2110 2165 2213 2166)
4(2123 2196 2213 2195)
4(2127 2195 2213 2165)
4(2129 2166 2213 2196)
4(1961 1962 2125 1988)
6(1974 2170 2111 2168 2126 1967)
6(2126 2168 2111 2169 2127 2117)
6(2127 2169 2111 2170 1974 1970)
4(2235 2153 2231 2141)
4(2231 2154 2211 2141)
4(2211 2155 2235 2141)
4(2238 2157 2234 2142)
4(2234 2158 2214 2142)
4(2214 2159 2238 2142)
4(2232 2160 2237 2143)
4(1977 1978 2232 2143)
4(2237 1976 1977 2143)
4(2111 2168 2215 2171)
4(2120 2188 2215 2186)
4(2126 2186 2215 2168)
4(2130 2171 2215 2188)
4(2111 2171 2219 2170)
4(1979 1980 2219 2198)
4(1974 2170 2219 1980)
4(2130 2198 2219 2171)
4(2111 2172 2216 2168)
4(2121 2189 2216 2191)
4(2126 2168 2216 2189)
4(2132 2191 2216 2172)
4(2111 2169 2217 2172)
4(2122 2193 2217 2192)
4(2127 2192 2217 2169)
4(2132 2172 2217 2193)
4(2111 2173 2218 2169)
4(2123 2195 2218 2197)
4(2127 2169 2218 2195)
4(2134 2197 2218 2173)
4(2111 2170 2220 2173)
4(1982 2199 2220 1981)
4(1974 1981 2220 2170)
4(2134 2173 2220 2199)
4(2222 1957 1956 2135)
4(1994 1995 2222 2135)
4(1595 1594 1956 1957)
4(1956 62 2124 2135)
4(1958 2135 2124 1960)
4(74 62 1956 1953)
4(2222 2118 2124 2135)
4(61 1957 1956 62)
4(2125 1988 1994 2135)
4(2125 2135 1958 1962)
4(2222 2135 2125 2119)
4(2124 2117 2125 2135)
4(2201 2136 2200 2161)
4(2202 2136 2201 2163)
4(2200 2136 2202 2164)
4(2109 2164 2202 2163)
4(2200 2136 59 64)
4(2225 2136 2200 2174)
4(65 64 59 58)
4(2201 70 59 2136)
4(2221 2175 2201 2136)
4(69 60 59 70)
4(2221 2136 2202 2176)
4(2225 2177 2202 2136)
4(2112 2176 2202 2177)
4(63 70 59 64)
4(2128 2163 2202 2176)
4(2131 2177 2202 2164)
4(2203 1990 1985 2137)
4(2227 2145 2203 2137)
4(2205 1993 1985 2137)
4(2203 2146 2205 2137)
4(2223 2137 2205 2147)
4(2205 2137 2204 2166)
4(2204 2137 2203 2167)
4(2110 2166 2204 2167)
4(2223 2178 2204 2137)
4(2227 2137 2204 2179)
4(2113 2179 2204 2178)
4(2129 2178 2204 2166)
4(2133 2167 2204 2179)
4(2208 2138 2206 2171)
4(2206 2138 2207 2172)
4(2207 2138 2208 2173)
4(2111 2171 2206 2172)
4(2111 2172 2207 2173)
4(2111 2173 2208 2171)
4(2224 2180 2206 2138)
4(2226 2138 2206 2181)
4(2114 2181 2206 2180)
4(2226 2182 2207 2138)
4(2228 2138 2207 2183)
4(2115 2183 2207 2182)
4(2224 2138 2208 2184)
4(2228 2185 2208 2138)
4(2116 2184 2208 2185)
4(2130 2180 2206 2171)
4(2130 2171 2208 2184)
4(2132 2172 2206 2181)
4(2132 2182 2207 2172)
4(2134 2173 2207 2183)
4(2134 2185 2208 2173)
4(2210 2139 2209 2162)
4(2209 2139 2202 2163)
4(2202 2139 2210 2164)
4(2229 2176 2202 2139)
4(2233 2139 2202 2177)
4(2211 2186 2209 2139)
4(2229 2139 2209 2187)
4(2120 2186 2211 2154)
4(2211 2139 2210 2189)
4(2233 2190 2210 2139)
4(2121 2155 2211 2189)
4(2126 2189 2211 2186)
4(2213 2140 2212 2165)
4(2204 2140 2213 2166)
4(2212 2140 2204 2167)
4(2230 2140 2204 2178)
4(2236 2179 2204 2140)
4(2214 2192 2212 2140)
4(2236 2140 2212 2194)
4(2122 2192 2214 2158)
4(2214 2140 2213 2195)
4(2230 2196 2213 2140)
4(2123 2159 2214 2195)
4(2127 2195 2214 2192)
4(2216 2168 2215 2141)
4(2206 2141 2215 2171)
4(2216 2141 2206 2172)
4(2231 2141 2206 2180)
4(2235 2181 2206 2141)
4(2215 2186 2211 2141)
4(2231 2188 2215 2141)
4(2216 2141 2211 2189)
4(2235 2141 2216 2191)
4(2218 2169 2217 2142)
4(2207 2142 2217 2172)
4(2218 2142 2207 2173)
4(2234 2142 2207 2182)
4(2238 2183 2207 2142)
4(2217 2192 2214 2142)
4(2234 2193 2217 2142)
4(2218 2142 2214 2195)
4(2238 2142 2218 2197)
4(2220 2143 2219 2170)
4(2219 2143 2208 2171)
4(2208 2143 2220 2173)
4(2232 2184 2208 2143)
4(2237 2143 2208 2185)
4(1977 1980 2219 2143)
4(2232 2143 2219 2198)
4(1977 2143 2220 1981)
4(2237 2199 2220 2143)
4(1592 1953 2241 1600)
4(2241 2239 1599 1600)
4(1599 2239 1956 1594)
4(2241 1953 1956 2239)
4(78 84 2242 75)
4(54 76 2241 1600)
4(78 75 2241 76)
4(74 1953 2241 75)
4(74 75 2242 1952)
4(1917 1952 2242 1946)
4(83 1946 2242 84)
5(1574 1917 1946 83 49)
6(54 49 83 84 78 76)
4(85 2240 72 79)
4(72 2240 2242 75)
4(85 84 2242 2240)
4(78 79 72 75)
4(78 84 85 79)
4(1599 56 77 2239)
4(77 76 2241 2239)
4(54 76 77 56)
4(2244 1601 1599 2239)
4(1956 1957 2244 2239)
4(2244 86 77 2239)
4(55 56 77 86)
4(77 80 67 2239)
4(67 75 2241 2239)
4(78 75 67 80)
4(78 80 77 76)
4(67 2239 2244 66)
4(82 80 67 66)
4(82 86 77 80)
4(1956 2239 67 62)
4(74 62 67 75)
4(61 66 67 62)
4(2243 2240 72 73)
4(2243 87 85 2240)
4(81 73 72 79)
4(81 79 85 87)
4(2242 1952 1954 2240)
4(72 2240 1954 71)
4(74 75 72 71)
4(1954 2240 1948 1932)
4(1948 2240 2242 1946)
4(1917 1932 1948 1946)
4(2243 1955 1954 2240)
4(1948 1950 2243 2240)
4(1933 1950 1948 1932)
4(68 71 72 73)
4(1948 89 85 2240)
4(88 89 1948 1950)
4(88 87 85 89)
4(83 1946 1948 89)
4(83 89 85 84)
4(1948 1949 90 89)
4(1951 1949 1948 1950)
4(90 1949 1951 91)
4(88 89 90 91)
4(83 1946 1947 92)
4(1948 1949 1947 1946)
4(90 92 1947 1949)
4(83 92 90 89)
4(2267 2270 2301 2287)
4(2267 2287 2281 2268)
4(2281 2287 2301 2282)
4(2301 2270 2269 2282)
4(2269 2268 2281 2282)
4(2267 2268 2269 2270)
4(2289 2379 2474 2380)
4(2474 2379 2511 2359)
4(2510 2380 2474 2359)
4(2511 2381 2510 2359)
5(2302 2274 661 662 2395)
5(2302 2395 662 660 2297)
4(2265 2274 2302 2297)
4(2265 2297 660 659)
4(2265 659 661 2274)
4(2293 2394 2477 2393)
4(2515 2391 2512 2360)
4(2512 2393 2477 2360)
4(2477 2394 2515 2360)
5(2275 2299 2401 2302 2274)
4(662 2395 2475 667)
4(2299 2402 2475 2401)
4(2302 2401 2475 2395)
4(666 667 2475 2402)
4(2275 2274 661 668)
5(2294 2297 2302 2404 2300)
4(2294 664 660 2297)
4(662 665 2476 2395)
4(2300 2404 2476 2406)
4(2302 2395 2476 2404)
4(663 2406 2476 665)
4(2276 2295 2301 2270)
5(2276 2274 2302 2396 2295)
5(2301 2295 2396 2302 2297)
4(2265 2270 2301 2297)
4(2265 2274 2276 2270)
5(2291 2387 2295 2276 2278)
5(2276 2295 2397 2303 2279)
5(2277 2292 2386 2291 2278)
4(2291 2386 2471 2387)
4(2292 2389 2471 2386)
4(2295 2387 2471 2397)
4(2303 2397 2471 2389)
4(2277 2278 2276 2279)
5(2291 2287 2301 2295 2387)
5(2304 2398 2295 2301 2298)
5(2288 2287 2291 2383 2290)
4(2288 2298 2301 2287)
4(2290 2383 2472 2384)
4(2291 2387 2472 2383)
4(2295 2398 2472 2387)
4(2304 2384 2472 2398)
4(2513 2392 2514 2361)
4(2477 2393 2513 2361)
4(2514 2394 2477 2361)
4(2267 2278 2291 2287)
4(2267 2270 2276 2278)
4(2295 2397 2478 2396)
4(2299 2401 2478 2403)
4(2302 2396 2478 2401)
4(2303 2403 2478 2397)
4(2275 2279 2276 2274)
4(2294 2297 2301 2298)
4(2295 2396 2479 2398)
4(2300 2405 2479 2404)
4(2302 2404 2479 2396)
4(2304 2398 2479 2405)
4(2246 2330 2480 2247)
4(2267 2268 2482 2326)
4(1917 2247 2480 1916)
4(1915 1916 2480 2317)
4(2306 2317 2480 2330)
4(1575 2271 2481 2245)
4(2246 2245 2481 2330)
4(2267 2326 2481 2271)
4(2306 2330 2481 2326)
4(1913 1914 2482 2268)
4(1915 2317 2482 1914)
4(2306 2326 2482 2317)
6(1574 1913 2268 2267 2271 1575)
6(1574 1575 2245 2246 2247 1917)
4(2246 2330 2341 2248)
4(2249 2362 2480 2247)
4(2249 2248 2341 2362)
4(2341 2330 2480 2362)
4(2246 2248 2249 2247)
4(2272 1583 2251 2363)
4(2251 2250 2517 2363)
4(2517 2273 2272 2363)
4(1580 1583 2272 2273)
4(1580 2250 2251 1583)
4(2254 2253 2519 2364)
4(2524 2255 2254 2364)
4(2519 2375 2524 2364)
4(2252 2253 2254 2255)
4(2267 2287 2347 2326)
4(2281 2268 2482 2365)
4(2347 2287 2281 2365)
4(2482 2326 2347 2365)
5(2346 1918 1919 2426 2314)
5(1919 1920 2342 2314 2426)
4(2342 2317 2346 2314)
4(1915 2317 2342 1920)
4(1915 1918 2346 2317)
4(2527 2379 2474 2366)
4(2474 2380 2522 2366)
4(2522 2382 2527 2366)
4(2523 2408 2520 2367)
4(2520 2409 2526 2367)
4(2526 2410 2523 2367)
5(2345 2327 2341 2313 2423)
5(2345 2423 2313 2343 2328)
4(2343 2313 2341 2330)
4(2306 2327 2345 2328)
4(2306 2330 2341 2327)
4(2306 2328 2343 2330)
5(2350 2424 2313 2341 2331)
5(2341 2313 2377 2257 2248)
4(2256 2331 2341 2248)
4(2259 2258 2483 2376)
4(2257 2377 2483 2258)
4(2313 2424 2483 2377)
4(2350 2376 2483 2424)
5(2256 2248 2257 2258 2259)
5(2355 2332 2343 2313 2425)
5(2257 2377 2313 2343 2263)
4(2260 2263 2343 2332)
4(2257 2262 2484 2377)
4(2261 2378 2484 2262)
4(2313 2377 2484 2425)
4(2355 2425 2484 2378)
5(2260 2261 2262 2257 2263)
4(2307 2414 2494 2413)
4(2535 2411 2528 2368)
4(2528 2413 2494 2368)
4(2494 2414 2535 2368)
5(2310 2334 2453 2345 2327)
4(2310 2327 2341 2331)
4(2313 2423 2492 2424)
4(2334 2454 2492 2453)
4(2345 2453 2492 2423)
4(2350 2424 2492 2454)
5(2311 2328 2345 2456 2335)
4(2311 2332 2343 2328)
4(2313 2425 2493 2423)
4(2335 2456 2493 2458)
4(2345 2423 2493 2456)
4(2355 2458 2493 2425)
4(2246 2330 2343 2263)
4(2246 2263 2257 2248)
5(2356 2429 2314 2346 2318)
4(1921 2318 2346 1918)
4(2314 2429 2495 2426)
4(1922 1923 2495 2439)
4(1919 2426 2495 1923)
4(2356 2439 2495 2429)
4(1926 1927 2525 2369)
4(2521 1925 1926 2369)
4(2525 2407 2521 2369)
5(2352 2320 2342 2314 2428)
4(1928 1920 2342 2320)
4(2314 2426 2496 2428)
4(1930 2440 2496 1929)
4(1919 1929 2496 2426)
4(2352 2428 2496 2440)
5(2348 2427 2314 2342 2327)
5(2348 2329 2346 2314 2427)
4(2306 2329 2348 2327)
4(2306 2327 2342 2317)
4(2306 2317 2346 2329)
4(2308 2417 2500 2418)
4(2531 2415 2536 2370)
4(2500 2417 2531 2370)
4(2536 2418 2500 2370)
5(2310 2327 2348 2459 2337)
4(2310 2320 2342 2327)
4(2314 2428 2498 2427)
4(2337 2459 2498 2461)
4(2348 2427 2498 2459)
4(2352 2461 2498 2428)
5(2312 2338 2462 2348 2329)
4(2312 2329 2346 2318)
4(2314 2427 2499 2429)
4(2338 2463 2499 2462)
4(2348 2462 2499 2427)
4(2356 2429 2499 2463)
4(2344 2326 2347 2315)
5(2344 2315 2430 2349 2328)
5(2349 2430 2315 2347 2329)
4(2306 2328 2349 2329)
4(2306 2326 2344 2328)
4(2306 2329 2347 2326)
5(2291 2278 2344 2315 2388)
5(2353 2431 2315 2344 2333)
4(2277 2333 2344 2278)
4(2291 2388 2486 2386)
4(2292 2386 2486 2390)
4(2315 2431 2486 2388)
4(2353 2390 2486 2431)
5(2291 2388 2315 2347 2287)
5(2347 2315 2432 2358 2336)
4(2288 2287 2347 2336)
4(2290 2385 2487 2383)
4(2291 2383 2487 2388)
4(2315 2388 2487 2432)
4(2358 2432 2487 2385)
4(2309 2422 2503 2421)
4(2539 2419 2532 2371)
4(2532 2421 2503 2371)
4(2503 2422 2539 2371)
4(2267 2278 2344 2326)
5(2311 2339 2465 2349 2328)
4(2311 2328 2344 2333)
4(2315 2430 2501 2431)
4(2339 2466 2501 2465)
4(2349 2465 2501 2430)
4(2353 2431 2501 2466)
5(2312 2329 2349 2468 2340)
4(2312 2336 2347 2329)
4(2315 2432 2502 2430)
4(2340 2468 2502 2470)
4(2349 2430 2502 2468)
4(2358 2470 2502 2432)
6(2345 2433 2316 2434 2348 2327)
6(2345 2328 2349 2435 2316 2433)
6(2348 2434 2316 2435 2349 2329)
4(2530 2412 2533 2372)
4(2494 2413 2530 2372)
4(2533 2414 2494 2372)
4(2538 2416 2529 2373)
4(2529 2417 2500 2373)
4(2500 2418 2538 2373)
4(2534 2420 2537 2374)
4(2503 2421 2534 2374)
4(2537 2422 2503 2374)
4(2316 2436 2504 2433)
4(2334 2453 2504 2455)
4(2345 2433 2504 2453)
4(2351 2455 2504 2436)
4(2316 2434 2506 2436)
4(2337 2460 2506 2459)
4(2348 2459 2506 2434)
4(2351 2436 2506 2460)
4(2316 2433 2505 2437)
4(2335 2457 2505 2456)
4(2345 2456 2505 2433)
4(2354 2437 2505 2457)
4(2316 2437 2508 2435)
4(2339 2465 2508 2467)
4(2349 2435 2508 2465)
4(2354 2467 2508 2437)
4(2316 2438 2507 2434)
4(2338 2462 2507 2464)
4(2348 2434 2507 2462)
4(2357 2464 2507 2438)
4(2316 2435 2509 2438)
4(2340 2469 2509 2468)
4(2349 2468 2509 2435)
4(2357 2438 2509 2469)
4(2283 2297 660 654)
4(2265 2297 2283 2266)
4(653 2266 2283 654)
4(2265 2266 653 659)
4(2294 2284 2283 2297)
4(669 654 2283 2284)
4(2285 2298 2301 2282)
4(2288 2286 2281 2287)
4(2285 2282 2281 2286)
4(2283 2282 2301 2297)
4(2269 2282 2283 2266)
4(2265 2270 2269 2266)
4(2285 2284 2283 2282)
4(2474 2383 2472 2359)
4(2511 2359 2472 2384)
4(2290 2383 2474 2379)
4(2474 2386 2471 2359)
4(2471 2387 2472 2359)
4(2291 2386 2474 2383)
4(2510 2389 2471 2359)
4(2292 2380 2474 2386)
4(2473 2359 2471 2397)
4(2472 2359 2473 2398)
4(2295 2398 2473 2397)
4(2510 2359 2473 2399)
4(2511 2400 2473 2359)
4(2296 2399 2473 2400)
4(2303 2397 2473 2399)
4(2304 2400 2473 2398)
4(2476 2395 2475 2360)
4(670 2360 2475 667)
4(2476 2360 670 665)
4(2512 2360 670 673)
4(2515 672 670 2360)
4(2477 2360 2475 2401)
4(2512 2402 2475 2360)
4(2299 2393 2477 2401)
4(2477 2404 2476 2360)
4(2515 2360 2476 2406)
4(2300 2404 2477 2394)
4(2302 2401 2477 2404)
4(2479 2361 2478 2396)
4(2478 2361 2473 2397)
4(2473 2361 2479 2398)
4(2513 2399 2473 2361)
4(2514 2361 2473 2400)
4(2478 2361 2477 2401)
4(2513 2361 2478 2403)
4(2479 2404 2477 2361)
4(2514 2405 2479 2361)
4(2249 2362 1931 1932)
4(1931 2362 2480 1916)
4(1917 2247 2249 1932)
4(2516 2264 2249 2362)
4(1931 1934 2516 2362)
4(1933 1932 2249 2264)
4(2516 2331 2341 2362)
4(2256 2264 2249 2248)
4(1931 2362 2342 1920)
4(2480 2317 2342 2362)
4(2516 2362 2342 2320)
4(2341 2327 2342 2362)
4(2251 2363 2481 2245)
4(2272 2271 2481 2363)
4(1575 2271 2272 1583)
4(1575 1583 2251 2245)
4(2251 2363 2343 2263)
4(2481 2330 2343 2363)
4(2246 2245 2251 2263)
4(2517 2363 2343 2332)
4(2260 2263 2251 2250)
4(2344 2363 2272 2278)
4(2344 2326 2481 2363)
4(2267 2278 2272 2271)
4(2517 2333 2344 2363)
4(2277 2273 2272 2278)
4(2344 2328 2343 2363)
4(2254 2258 2483 2364)
4(2519 2364 2483 2376)
4(2259 2258 2254 2253)
4(2254 2262 2484 2364)
4(2484 2377 2483 2364)
4(2257 2262 2254 2258)
4(2524 2378 2484 2364)
4(2261 2255 2254 2262)
4(2483 2364 2485 2424)
4(2485 2364 2484 2425)
4(2313 2424 2485 2425)
4(2519 2443 2485 2364)
4(2524 2364 2485 2444)
4(2321 2444 2485 2443)
4(2350 2443 2485 2424)
4(2355 2425 2485 2444)
4(1937 2365 2281 1938)
4(1937 1914 2482 2365)
4(1913 1938 2281 2268)
4(2281 2286 2518 2365)
4(2518 1936 1937 2365)
4(1935 2286 2281 1938)
4(2518 2365 2347 2336)
4(1937 1918 2346 2365)
4(2346 2317 2482 2365)
4(2518 2318 2346 2365)
4(2346 2329 2347 2365)
4(2487 2383 2474 2366)
4(2527 2385 2487 2366)
4(2486 2386 2474 2366)
4(2487 2388 2486 2366)
4(2522 2366 2486 2390)
4(2486 2366 2488 2431)
4(2488 2366 2487 2432)
4(2315 2431 2488 2432)
4(2522 2445 2488 2366)
4(2527 2366 2488 2446)
4(2322 2446 2488 2445)
4(2353 2445 2488 2431)
4(2358 2432 2488 2446)
4(2489 2367 2490 2436)
4(2491 2367 2489 2437)
4(2490 2367 2491 2438)
4(2316 2437 2489 2436)
4(2316 2436 2490 2438)
4(2316 2438 2491 2437)
4(2520 2367 2489 2447)
4(2523 2448 2489 2367)
4(2323 2447 2489 2448)
4(2520 2449 2490 2367)
4(2526 2367 2490 2450)
4(2324 2450 2490 2449)
4(2523 2367 2491 2451)
4(2526 2452 2491 2367)
4(2325 2451 2491 2452)
4(2351 2436 2489 2447)
4(2351 2449 2490 2436)
4(2354 2448 2489 2437)
4(2354 2437 2491 2451)
4(2357 2438 2490 2450)
4(2357 2452 2491 2438)
4(2493 2423 2492 2368)
4(2485 2368 2492 2424)
4(2493 2368 2485 2425)
4(2528 2368 2485 2443)
4(2535 2444 2485 2368)
4(2494 2368 2492 2453)
4(2528 2454 2492 2368)
4(2334 2413 2494 2453)
4(2494 2456 2493 2368)
4(2535 2368 2493 2458)
4(2335 2456 2494 2414)
4(2345 2453 2494 2456)
4(2496 2369 2495 2426)
4(2497 2369 2496 2428)
4(2497 2429 2495 2369)
4(2314 2429 2497 2428)
4(2495 2369 1926 1923)
4(2525 2369 2495 2439)
4(1926 2369 2496 1929)
4(2521 2440 2496 2369)
4(2521 2369 2497 2441)
4(2525 2442 2497 2369)
4(2319 2441 2497 2442)
4(2352 2428 2497 2441)
4(2356 2442 2497 2429)
4(2499 2370 2498 2427)
4(2498 2370 2497 2428)
4(2497 2370 2499 2429)
4(2531 2441 2497 2370)
4(2536 2370 2497 2442)
4(2500 2459 2498 2370)
4(2531 2370 2498 2461)
4(2337 2459 2500 2417)
4(2500 2370 2499 2462)
4(2536 2463 2499 2370)
4(2338 2418 2500 2462)
4(2348 2462 2500 2459)
4(2502 2430 2501 2371)
4(2488 2371 2501 2431)
4(2502 2371 2488 2432)
4(2532 2371 2488 2445)
4(2539 2446 2488 2371)
4(2503 2371 2501 2465)
4(2532 2466 2501 2371)
4(2339 2421 2503 2465)
4(2503 2468 2502 2371)
4(2539 2371 2502 2470)
4(2340 2468 2503 2422)
4(2349 2465 2503 2468)
4(2505 2372 2504 2433)
4(2504 2372 2489 2436)
4(2489 2372 2505 2437)
4(2530 2447 2489 2372)
4(2533 2372 2489 2448)
4(2504 2372 2494 2453)
4(2530 2372 2504 2455)
4(2505 2456 2494 2372)
4(2533 2457 2505 2372)
4(2507 2434 2506 2373)
4(2490 2373 2506 2436)
4(2507 2373 2490 2438)
4(2529 2373 2490 2449)
4(2538 2450 2490 2373)
4(2506 2459 2500 2373)
4(2529 2460 2506 2373)
4(2507 2373 2500 2462)
4(2538 2373 2507 2464)
4(2509 2374 2508 2435)
4(2508 2374 2491 2437)
4(2491 2374 2509 2438)
4(2534 2451 2491 2374)
4(2537 2374 2491 2452)
4(2508 2374 2503 2465)
4(2534 2374 2508 2467)
4(2509 2468 2503 2374)
4(2537 2469 2509 2374)
4(597 654 2283 1945)
4(1944 1945 2283 2284)
4(1940 2266 2283 1945)
4(1940 595 653 2266)
4(2281 2282 1942 1938)
4(1942 2282 2269 1941)
4(1913 1941 2269 2268)
4(1942 1943 2285 2282)
4(1942 1945 2283 2282)
4(1940 2266 2269 1941)
4(1940 1939 2280 2266)
4(594 655 2280 1939)
4(653 2266 2280 655)
4(1575 1576 2543 2271)
4(2267 2271 2543 2270)
4(1577 2540 2543 1576)
4(2265 2270 2543 2540)
4(1579 1939 2280 1578)
4(1577 1578 2280 2540)
4(2265 2540 2280 2266)
4(1582 1583 2272 2541)
4(2272 2273 2545 2541)
4(2545 1581 1582 2541)
4(608 656 2544 1584)
4(657 2540 2544 656)
4(1577 1584 2544 2540)
4(1577 2540 657 609)
4(658 656 2544 2542)
4(1585 2542 2544 1584)
4(661 2274 2544 656)
4(2265 2540 2544 2274)
4(2265 659 657 2540)
4(2275 2274 2544 2542)
4(2272 2541 2543 2271)
4(2543 2541 1582 1576)
4(2272 2541 2276 2278)
4(2276 2541 2543 2270)
4(2545 2541 2276 2279)
4(1582 1584 2544 2541)
4(2544 2540 2543 2541)
4(2545 2542 2544 2541)
4(2276 2541 2544 2274)
4(620 655 2280 1578)
4(2280 2540 657 655)
4(2246 2247 1947 2546)
4(1917 1946 1947 2247)
4(1575 2245 2566 1586)
4(48 1586 2566 93)
4(2246 2546 2566 2245)
4(94 93 2566 2546)
4(94 2546 1947 92)
6(48 93 94 92 83 49)
4(2246 2248 2547 2546)
4(2249 2247 1947 1949)
4(2547 2248 2249 1949)
4(1947 2546 2547 1949)
4(2251 1583 1587 2560)
4(1587 1588 2570 2560)
4(2570 2250 2251 2560)
4(2569 2253 2254 2561)
4(2254 2255 2571 2561)
4(2571 2562 2569 2561)
5(2257 2564 2549 2547 2248)
4(2256 2248 2547 2551)
4(2259 2563 2567 2258)
4(2257 2258 2567 2564)
4(2549 2564 2567 2552)
4(2550 2552 2567 2563)
5(2550 2551 2547 2549 2552)
5(2548 2549 2564 2257 2263)
4(2260 2555 2548 2263)
4(2257 2564 2568 2262)
4(2261 2262 2568 2565)
4(2549 2554 2568 2564)
4(2553 2565 2568 2554)
5(2553 2554 2549 2548 2555)
4(2246 2263 2548 2546)
4(2547 2546 2548 2549)
4(1948 1949 2249 1932)
4(2249 2264 1951 1949)
4(1951 1949 2547 2551)
4(1587 2560 2566 1586)
4(2251 2245 2566 2560)
4(95 53 1587 2560)
4(2566 93 95 2560)
4(48 53 95 93)
4(2570 2560 95 96)
4(52 96 95 53)
4(2548 2560 2251 2263)
4(2548 2546 2566 2560)
4(2570 2555 2548 2560)
4(2548 97 95 2560)
4(94 97 2548 2546)
4(94 93 95 97)
4(98 2555 2548 97)
4(98 97 95 96)
4(2567 2258 2254 2561)
4(2569 2563 2567 2561)
4(2568 2262 2254 2561)
4(2567 2564 2568 2561)
4(2571 2561 2568 2565)
4(2556 2561 2567 2552)
4(2568 2561 2556 2554)
4(2549 2554 2556 2552)
4(2569 2561 2556 2558)
4(2571 2559 2556 2561)
4(2557 2558 2556 2559)
4(2550 2552 2556 2558)
4(2553 2559 2556 2554)
5(99 2574 2549 2547 100)
5(99 97 2548 2549 2574)
4(94 100 2547 2546)
4(94 97 99 100)
4(2579 2573 2580 2572)
4(103 102 2579 2572)
4(2580 104 103 2572)
4(101 102 103 104)
4(105 2551 2547 100)
4(2549 2552 2577 2574)
4(107 106 2577 2575)
4(99 2574 2577 106)
4(2550 2575 2577 2552)
5(105 100 99 106 107)
4(2549 2574 2578 2554)
4(108 2576 2578 109)
4(99 109 2578 2574)
4(2553 2554 2578 2576)
5(98 108 109 99 97)
4(2547 1949 90 100)
4(94 100 90 92)
4(105 91 90 100)
4(2578 2572 2577 2574)
4(2577 2572 2556 2552)
4(2556 2572 2578 2554)
4(2579 2558 2556 2572)
4(2580 2572 2556 2559)
4(2577 2572 103 106)
4(2579 2572 2577 2575)
4(107 106 103 102)
4(2578 109 103 2572)
4(2580 2576 2578 2572)
4(108 104 103 109)
4(99 109 103 106)
4(193 2849 2932 201)
4(196 201 2932 200)
4(2848 2903 2932 2849)
4(199 200 2932 2903)
5(198 199 2903 2848 244)
5(192 244 2848 2849 193)
4(202 2931 2932 201)
4(2850 2931 202 194)
4(2850 2849 2932 2931)
4(193 2849 2850 194)
4(2852 2905 2906 2853)
4(2848 2853 2906 2903)
4(2848 2903 2904 2851)
4(2852 2851 2904 2905)
4(2904 2903 2906 2905)
4(2848 2851 2852 2853)
4(2854 2908 2906 2853)
4(2854 2855 2907 2908)
4(2852 2905 2907 2855)
4(2907 2905 2906 2908)
4(2854 2853 2852 2855)
4(2930 203 202 2931)
4(2932 200 2930 2931)
4(196 203 2930 200)
4(202 204 2928 2931)
4(2928 2856 2850 2931)
4(195 2856 2928 204)
4(195 194 2850 2856)
4(2928 2931 2930 2929)
4(205 2929 2930 203)
4(205 204 2928 2929)
4(2850 2853 2906 2931)
4(2906 2903 2932 2931)
4(2848 2853 2850 2849)
4(2906 2931 2928 2908)
4(2854 2908 2928 2856)
4(2854 2856 2850 2853)
4(2930 2931 2906 2909)
4(199 200 2930 2909)
4(199 2909 2906 2903)
4(2910 2909 2930 2929)
4(2910 2929 2928 2908)
4(2910 2908 2906 2909)
4(206 207 2936 211)
4(210 2933 208 209)
4(2936 2933 210 211)
4(2936 207 208 2933)
4(215 218 2935 214)
4(213 214 2935 2914)
4(219 2912 2935 218)
4(2911 2914 2935 2912)
5(2911 2912 219 220 2913)
5(212 213 2914 2911 2913)
4(227 221 222 2934)
4(227 2934 2936 211)
4(2936 2934 222 207)
4(210 2933 2935 214)
4(208 218 2935 2933)
4(210 229 2920 2933)
4(2920 2919 2936 2933)
4(228 211 2936 2919)
4(228 2919 2920 229)
4(2920 2933 2935 2914)
4(213 229 2920 2914)
4(2915 2933 208 230)
4(2935 2933 2915 2912)
4(219 2912 2915 230)
4(2936 2933 2915 2917)
4(2920 2918 2915 2933)
4(2916 2919 2936 2917)
4(2916 2917 2915 2918)
4(2916 2918 2920 2919)
4(224 2917 2936 207)
4(224 230 2915 2917)
4(2911 2918 2915 2912)
4(2911 2914 2920 2918)
4(2930 2934 227 203)
4(2930 200 222 2934)
4(2923 231 227 2934)
4(2936 2919 2923 2934)
4(228 231 2923 2919)
4(2923 2929 2930 2934)
4(205 2929 2923 231)
4(222 2934 2921 223)
4(2921 2934 2930 2909)
4(199 223 2921 2909)
4(2936 2917 2921 2934)
4(2923 2934 2921 2922)
4(2916 2922 2921 2917)
4(2916 2919 2923 2922)
4(224 2917 2921 223)
4(2910 2922 2923 2929)
4(2910 2909 2921 2922)
4(2924 2741 2736 2925)
4(2736 231 2923 2925)
4(228 2741 2924 2919)
4(2923 2919 2924 2925)
4(2857 2856 2928 2858)
4(2928 204 2738 2858)
4(2738 2747 2857 2858)
4(195 2856 2857 2747)
4(2854 2862 2861 2908)
4(2907 2860 2859 2855)
4(2907 2908 2861 2860)
4(2859 2860 2861 2862)
4(2854 2855 2859 2862)
4(2750 2925 2937 2751)
4(2937 2925 2927 2926)
4(2748 2751 2937 2926)
4(2748 2926 2927 2749)
4(2750 2749 2927 2925)
4(2748 2749 2750 2751)
4(2750 2735 2736 2925)
4(2740 2752 2924 2741)
4(2750 2925 2924 2752)
4(2740 2735 2750 2752)
4(2937 2925 2736 2737)
4(2923 2925 2937 2929)
4(205 2929 2937 2737)
4(2734 2737 2937 2751)
4(2734 2751 2750 2735)
4(2910 2926 2937 2929)
4(2910 2922 2927 2926)
4(2927 2922 2923 2925)
4(2753 2751 2937 2858)
4(2861 2858 2937 2926)
4(2748 2754 2861 2926)
4(2753 2858 2861 2754)
4(2748 2751 2753 2754)
4(2928 2858 2861 2908)
4(2861 2858 2857 2862)
4(2854 2862 2857 2856)
4(2738 2858 2937 2737)
4(2937 2858 2928 2929)
4(2738 2858 2753 2739)
4(2734 2739 2753 2751)
4(2910 2926 2861 2908)
4(2863 2867 2904 2851)
4(199 2903 2904 2943)
4(2878 2943 2904 2867)
5(2878 2582 198 199 2943)
5(2581 2582 2878 2867 2863)
5(2581 2863 2851 2848 244)
4(2868 2905 2852 2864)
4(2868 2867 2904 2905)
4(2863 2864 2852 2851)
4(2863 2867 2868 2864)
4(2907 2869 2868 2905)
4(2865 2869 2907 2855)
4(2865 2855 2852 2864)
4(2865 2864 2868 2869)
4(2944 2905 2904 2943)
4(2944 2909 2906 2905)
4(199 2909 2944 2943)
4(2868 2905 2944 2880)
4(2907 2938 2944 2905)
4(2879 2880 2944 2938)
4(2879 2938 2907 2869)
4(2879 2869 2868 2880)
4(2878 2943 2944 2880)
4(2878 2880 2868 2867)
4(2910 2938 2944 2909)
4(2910 2908 2907 2938)
4(2882 2947 2964 2883)
5(2882 2881 220 219 2947)
4(2584 2883 2964 2585)
4(219 233 2964 2947)
4(235 2585 2964 233)
5(2583 2881 2882 2883 2584)
4(199 2943 2949 223)
4(2885 2948 2949 2886)
4(224 223 2949 2948)
4(2878 2886 2949 2943)
4(2586 2587 2965 2884)
4(2885 2884 2965 2948)
4(225 226 2965 2587)
4(224 2948 2965 226)
6(2586 2884 2885 2886 2878 2582)
4(2882 2947 2950 2887)
4(2888 2963 2964 2883)
4(2888 2887 2950 2963)
4(2950 2947 2964 2963)
4(2882 2887 2888 2883)
4(219 2947 2951 2912)
4(2890 2942 2951 2891)
4(2882 2891 2951 2947)
4(2911 2912 2951 2942)
5(2889 2913 2911 2942 2890)
5(2889 2890 2891 2882 2881)
4(2892 2940 2952 2893)
4(2894 2893 2952 2945)
4(2939 2895 2894 2945)
4(2952 2940 2939 2945)
4(2892 2895 2939 2940)
4(2892 2893 2894 2895)
4(2952 2893 2897 2946)
4(2897 2896 2941 2946)
4(2941 2940 2952 2946)
4(2892 2940 2941 2896)
4(2892 2896 2897 2893)
4(2915 230 2950 2945)
4(2950 2947 2951 2945)
4(2915 2945 2951 2912)
4(219 2947 2950 230)
4(2952 2945 2950 2948)
4(2950 2945 2894 2887)
4(2885 2893 2952 2948)
4(2885 2948 2950 2887)
4(2885 2887 2894 2893)
4(2894 2945 2951 2891)
4(2951 2945 2939 2942)
4(2890 2942 2939 2895)
4(2890 2895 2894 2891)
4(2952 2917 2915 2945)
4(2939 2945 2915 2918)
4(2916 2917 2952 2940)
4(2916 2940 2939 2918)
4(224 2948 2952 2917)
4(224 230 2950 2948)
4(2882 2891 2894 2887)
4(2911 2918 2939 2942)
4(2921 2946 2949 223)
4(2949 2946 2944 2943)
4(2944 2946 2921 2909)
4(2949 2946 2952 2948)
4(2897 2946 2949 2886)
4(2885 2893 2897 2886)
4(2944 2946 2897 2880)
4(2941 2946 2944 2938)
4(2879 2896 2941 2938)
4(2879 2880 2897 2896)
4(2921 2917 2952 2946)
4(2941 2922 2921 2946)
4(2916 2922 2941 2940)
4(2878 2886 2897 2880)
4(2910 2938 2941 2922)
4(2892 2899 2960 2940)
4(2960 2899 2898 2953)
4(2898 2895 2939 2953)
4(2939 2940 2960 2953)
4(2892 2895 2898 2899)
5(2911 2956 2759 2757 2913)
4(2759 2956 2958 2760)
4(2890 2900 2958 2942)
4(2761 2760 2958 2900)
4(2911 2942 2958 2956)
5(2889 2762 2761 2900 2890)
5(2757 2759 2760 2761 2762)
4(2746 2741 2924 2954)
4(2924 2919 2920 2954)
4(2920 229 2746 2954)
4(2759 2758 2961 2956)
4(213 2914 2961 2742)
4(2743 2742 2961 2758)
4(2911 2956 2961 2914)
5(2757 2744 2743 2758 2759)
4(2901 2899 2960 2955)
4(2941 2896 2901 2955)
4(2960 2940 2941 2955)
4(2892 2899 2901 2896)
4(2870 2869 2907 2860)
4(2865 2866 2859 2855)
4(2865 2869 2870 2866)
4(2859 2866 2870 2860)
4(2959 2953 2766 2764)
4(2766 2953 2958 2760)
4(2958 2953 2959 2956)
4(2759 2956 2959 2764)
4(2759 2764 2766 2760)
4(2960 2769 2766 2953)
4(2898 2953 2766 2768)
4(2767 2769 2960 2899)
4(2767 2899 2898 2768)
4(2767 2768 2766 2769)
4(2898 2900 2958 2953)
4(2939 2953 2958 2942)
4(2890 2900 2898 2895)
4(2960 2953 2959 2957)
4(2939 2918 2959 2953)
4(2916 2957 2959 2918)
4(2916 2940 2960 2957)
4(2765 2764 2959 2957)
4(2765 2957 2960 2769)
4(2765 2769 2766 2764)
4(2761 2768 2898 2900)
4(2761 2760 2766 2768)
4(2911 2918 2959 2956)
4(2961 2954 2763 2758)
4(2763 2954 2959 2764)
4(2959 2954 2961 2956)
4(2759 2758 2763 2764)
4(2763 2954 2746 2745)
4(2924 2954 2763 2752)
4(2740 2752 2763 2745)
4(2924 2957 2959 2954)
4(2920 2954 2959 2918)
4(2916 2957 2924 2919)
4(2961 2742 2746 2954)
4(2920 2914 2961 2954)
4(2743 2745 2763 2758)
4(2765 2752 2924 2957)
4(2765 2764 2763 2752)
4(2927 2749 2772 2955)
4(2962 2955 2772 2756)
4(2927 2955 2962 2926)
4(2748 2926 2962 2756)
4(2748 2756 2772 2749)
4(2960 2955 2772 2769)
4(2772 2955 2901 2773)
4(2767 2773 2901 2899)
4(2767 2769 2772 2773)
4(2901 2955 2962 2902)
4(2941 2938 2962 2955)
4(2879 2902 2962 2938)
4(2879 2896 2901 2902)
4(2927 2955 2960 2957)
4(2941 2955 2927 2922)
4(2916 2922 2927 2957)
4(2765 2957 2927 2749)
4(2765 2749 2772 2769)
4(2770 2756 2962 2902)
4(2770 2902 2901 2773)
4(2770 2773 2772 2756)
4(2910 2938 2962 2926)
4(2755 2860 2962 2756)
4(2962 2860 2861 2926)
4(2861 2860 2755 2754)
4(2748 2754 2755 2756)
4(2870 2902 2962 2860)
4(2907 2860 2962 2938)
4(2879 2902 2870 2869)
4(2770 2771 2870 2902)
4(2870 2771 2755 2860)
4(2770 2756 2755 2771)
4(2924 2925 2927 2957)
4(2765 2752 2750 2749)
4(2888 2963 2588 2589)
4(2588 2963 2964 2585)
4(2584 2883 2888 2589)
4(2965 2884 2888 2963)
4(2588 2587 2965 2963)
4(2586 2589 2888 2884)
4(2950 2963 2965 2948)
4(2885 2884 2888 2887)
4(2964 2963 232 233)
4(2950 230 232 2963)
4(2588 234 232 2963)
4(232 226 2965 2963)
4(2882 2883 2987 2976)
5(2599 2881 2882 2976 2600)
4(2584 2592 2987 2883)
4(2600 2976 2987 2601)
4(2591 2601 2987 2592)
5(2591 2590 2599 2600 2601)
4(2605 2604 2978 2972)
4(2885 2886 2978 2977)
4(2878 2972 2978 2886)
4(2603 2977 2978 2604)
5(2595 2605 2972 2878 2582)
4(2586 2884 2988 2593)
4(2885 2977 2988 2884)
4(2594 2593 2988 2602)
4(2603 2602 2988 2977)
6(2595 2594 2602 2603 2604 2605)
4(2882 2887 2979 2976)
4(2888 2883 2987 2986)
4(2979 2887 2888 2986)
4(2987 2976 2979 2986)
4(2600 2619 2980 2976)
4(2890 2891 2980 2970)
4(2882 2976 2980 2891)
4(2618 2970 2980 2619)
5(2889 2890 2970 2618 2620)
5(2618 2619 2600 2599 2620)
4(2892 2893 2981 2969)
4(2981 2893 2894 2974)
4(2894 2895 2971 2974)
4(2971 2969 2981 2974)
4(2892 2969 2971 2895)
4(2897 2893 2981 2975)
4(2968 2896 2897 2975)
4(2981 2969 2968 2975)
4(2892 2896 2968 2969)
4(2979 2974 2980 2976)
4(2621 2974 2979 2606)
4(2980 2974 2621 2619)
4(2600 2606 2979 2976)
4(2600 2619 2621 2606)
4(2894 2974 2979 2887)
4(2979 2974 2981 2977)
4(2885 2977 2981 2893)
4(2885 2887 2979 2977)
4(2894 2891 2980 2974)
4(2971 2974 2980 2970)
4(2890 2895 2971 2970)
4(2981 2974 2621 2623)
4(2971 2624 2621 2974)
4(2622 2969 2981 2623)
4(2622 2624 2971 2969)
4(2622 2623 2621 2624)
4(2603 2623 2981 2977)
4(2603 2977 2979 2606)
4(2603 2606 2621 2623)
4(2618 2970 2971 2624)
4(2618 2624 2621 2619)
4(2973 2975 2978 2972)
4(2625 2604 2978 2975)
4(2625 2975 2973 2610)
4(2605 2610 2973 2972)
4(2605 2604 2625 2610)
4(2978 2975 2897 2886)
4(2978 2977 2981 2975)
4(2973 2880 2897 2975)
4(2968 2966 2973 2975)
4(2879 2880 2973 2966)
4(2879 2966 2968 2896)
4(2625 2975 2981 2623)
4(2968 2975 2625 2626)
4(2622 2969 2968 2626)
4(2622 2626 2625 2623)
4(2878 2972 2973 2880)
4(2603 2623 2625 2604)
4(2612 2966 2973 2610)
4(2612 2626 2968 2966)
4(2612 2610 2625 2626)
4(2605 2972 2871 2609)
4(2878 2867 2871 2972)
4(2608 2609 2871 2872)
5(2581 2597 2608 2872 2863)
4(2863 2872 2871 2867)
5(2608 2597 2595 2605 2609)
4(2871 2873 2973 2972)
4(2973 2873 2611 2610)
4(2611 2873 2871 2609)
4(2605 2610 2611 2609)
4(2868 2880 2973 2873)
4(2874 2873 2973 2966)
4(2879 2869 2874 2966)
4(2868 2873 2874 2869)
4(2868 2867 2871 2873)
4(2612 2966 2874 2613)
4(2874 2873 2611 2613)
4(2612 2613 2611 2610)
4(2892 2969 2985 2899)
4(2898 2899 2985 2982)
4(2971 2895 2898 2982)
4(2985 2969 2971 2982)
4(2628 2774 2984 2629)
4(2890 2970 2984 2900)
4(2761 2900 2984 2774)
4(2618 2629 2984 2970)
5(2761 2774 2628 2627 2762)
5(2627 2628 2629 2618 2620)
4(2985 2899 2901 2983)
4(2901 2896 2968 2983)
4(2968 2969 2985 2983)
4(2984 2982 2775 2774)
4(2775 2982 2631 2630)
4(2631 2982 2984 2629)
4(2628 2774 2775 2630)
4(2628 2630 2631 2629)
4(2898 2768 2775 2982)
4(2985 2982 2775 2776)
4(2767 2899 2985 2776)
4(2767 2776 2775 2768)
4(2898 2982 2984 2900)
4(2971 2970 2984 2982)
4(2985 2632 2631 2982)
4(2971 2982 2631 2624)
4(2622 2632 2985 2969)
4(2622 2624 2631 2632)
4(2761 2768 2775 2774)
4(2633 2776 2985 2632)
4(2633 2630 2775 2776)
4(2633 2632 2631 2630)
4(2618 2629 2631 2624)
4(2967 2778 2777 2983)
4(2634 2983 2777 2635)
4(2967 2983 2634 2617)
4(2614 2778 2967 2617)
4(2614 2635 2777 2778)
4(2614 2617 2634 2635)
4(2901 2983 2777 2773)
4(2777 2983 2985 2776)
4(2767 2773 2777 2776)
4(2901 2902 2967 2983)
4(2968 2983 2967 2966)
4(2879 2966 2967 2902)
4(2634 2632 2985 2983)
4(2968 2626 2634 2983)
4(2622 2632 2634 2626)
4(2770 2902 2967 2778)
4(2770 2778 2777 2773)
4(2633 2776 2777 2635)
4(2633 2635 2634 2632)
4(2612 2617 2967 2966)
4(2612 2626 2634 2617)
4(2967 2875 2779 2778)
4(2616 2875 2967 2617)
4(2779 2875 2616 2615)
4(2614 2778 2779 2615)
4(2614 2615 2616 2617)
4(2870 2875 2967 2902)
4(2967 2875 2874 2966)
4(2874 2875 2870 2869)
4(2870 2875 2779 2771)
4(2770 2771 2779 2778)
4(2874 2613 2616 2875)
4(2612 2617 2616 2613)
4(2596 2986 2888 2589)
4(2596 2592 2987 2986)
4(2888 2884 2988 2986)
4(2988 2593 2596 2986)
4(2979 2977 2988 2986)
4(2607 2986 2987 2601)
4(2607 2606 2979 2986)
4(2600 2606 2607 2601)
4(2596 2986 2607 2598)
4(2607 2986 2988 2602)
4(2594 2598 2607 2602)
4(2591 2601 2607 2598)
4(2603 2602 2607 2606)
4(2641 2876 2787 2642)
4(2781 2780 2787 2876)
5(2640 2782 2781 2876 2641)
4(391 392 2787 2780)
4(393 2642 2787 392)
5(390 391 2780 2781 2782)
5(393 394 2640 2641 2642)
4(2787 2788 2877 2876)
4(2877 2788 2644 2643)
4(2641 2876 2877 2643)
4(2644 2788 2787 2642)
4(2641 2643 2644 2642)
4(2877 2788 2785 2784)
4(2877 2790 2789 2788)
4(2783 2790 2877 2784)
4(2785 2788 2789 2786)
4(2783 2786 2789 2790)
4(2783 2784 2785 2786)
4(2781 2784 2877 2876)
4(2787 2788 2785 2780)
4(2781 2780 2785 2784)
4(2645 2643 2877 2790)
4(2645 2790 2789 2646)
4(2644 2646 2789 2788)
4(2645 2646 2644 2643)
4(2663 2990 3066 2680)
4(3002 3053 3066 3003)
4(2989 3003 3066 2990)
4(2678 2680 3066 3053)
4(2835 2843 3099 3001)
4(2676 2679 3099 2843)
4(2678 3053 3099 2679)
4(3002 3001 3099 3053)
6(2835 3001 3002 3003 2989 2636)
5(2989 2990 2663 2637 2636)
6(2678 2679 2676 2637 2663 2680)
4(3051 3064 2681 2653)
4(2991 2660 2681 3064)
4(3051 2992 2991 3064)
4(2650 2992 3051 2653)
4(2650 2660 2991 2992)
4(2650 2653 2681 2660)
4(2654 2684 3067 3050)
4(3049 3065 2683 2659)
4(3067 3065 3049 3050)
4(2683 3065 3067 2684)
4(2654 3050 3049 2659)
4(2654 2659 2683 2684)
4(2647 2688 3068 3052)
4(2687 3057 3068 2688)
4(3017 3052 3068 3059)
4(3054 3059 3068 3057)
6(3016 3017 3059 3054 3060 3061)
4(2687 2686 3062 3057)
4(3061 3060 3062 3063)
4(3054 3057 3062 3060)
4(2685 3063 3062 2686)
5(3016 2649 2647 3052 3017)
6(2647 2649 2685 2686 2687 2688)
4(3051 3064 3067 3050)
4(3067 3064 2681 2684)
4(2654 2653 3051 3050)
4(2654 2684 2681 2653)
4(3067 3007 3006 3064)
4(3006 3005 3051 3064)
4(3004 3007 3067 3050)
4(3004 3050 3051 3005)
4(3004 3005 3006 3007)
4(3066 3064 2991 2990)
4(2681 3064 3066 2680)
4(2663 2990 2991 2660)
4(2663 2660 2681 2680)
4(3006 3064 3066 3003)
4(3066 3064 3067 3053)
4(3002 3053 3067 3007)
4(3002 3007 3006 3003)
4(3006 2994 2991 3064)
4(2993 3005 3051 2992)
4(2993 2994 3006 3005)
4(2993 2992 2991 2994)
4(2989 3003 3006 2994)
4(2989 2994 2991 2990)
4(2678 2684 3067 3053)
4(2678 2680 2681 2684)
4(2683 2688 3068 3065)
4(3049 3065 3068 3052)
4(2647 2659 3049 3052)
4(2647 2688 2683 2659)
4(3058 3007 3067 3065)
4(3049 3015 3058 3065)
4(3004 3007 3058 3015)
4(3004 3015 3049 3050)
4(3068 3065 3056 3057)
4(3056 3065 2683 2700)
4(2687 3057 3056 2700)
4(2687 2700 2683 2688)
4(3058 3055 3056 3065)
4(3056 3053 3067 3065)
4(3002 3055 3058 3007)
4(3002 3053 3056 3055)
4(3058 3065 3068 3059)
4(3017 3015 3058 3059)
4(3017 3052 3049 3015)
4(3054 3059 3058 3055)
4(3054 3055 3056 3057)
4(2678 2700 3056 3053)
4(2678 2684 2683 2700)
4(2835 3001 3100 3038)
4(3100 3001 3008 3097)
4(3039 3038 3100 3097)
4(3008 2838 3039 3097)
4(2835 3038 3039 2838)
4(2835 2838 3008 3001)
4(3037 2843 3099 3098)
4(3099 3001 3100 3098)
4(3100 3038 3037 3098)
4(2835 2843 3037 3038)
4(3040 3041 3088 3074)
4(3088 3041 3045 3071)
4(3091 3074 3088 3071)
4(3045 3044 3091 3071)
4(3040 3044 3045 3041)
4(3012 3007 3058 3072)
4(3058 3015 3014 3072)
4(3014 3013 3012 3072)
4(3004 3007 3012 3013)
4(3004 3013 3014 3015)
4(3069 3077 3086 3078)
4(3061 3081 3086 3060)
4(3054 3060 3086 3077)
4(3070 3078 3086 3081)
4(3069 3079 3089 3077)
4(3017 3059 3089 3018)
4(3054 3077 3089 3059)
4(3019 3018 3089 3079)
5(3016 3017 3018 3019 3020)
4(3042 3041 3088 3073)
4(3092 3043 3042 3073)
4(3088 3074 3092 3073)
4(3040 3041 3042 3043)
4(3087 3075 3083 3071)
4(3086 3071 3083 3077)
4(3087 3071 3086 3078)
4(3069 3077 3083 3075)
4(3083 3048 3045 3071)
4(3083 3071 3088 3080)
4(3046 3080 3088 3041)
4(3046 3048 3083 3080)
4(3046 3041 3045 3048)
4(3088 3071 3086 3060)
4(3091 3081 3086 3071)
4(3061 3074 3088 3060)
4(3087 3071 3045 2832)
4(3091 3071 3087 3082)
4(2831 2832 3045 3044)
4(2833 3075 3083 3048)
4(2833 3048 3045 2832)
4(3054 3060 3088 3080)
4(3054 3080 3083 3077)
4(3090 3072 3084 3076)
4(3084 3072 3089 3077)
4(3089 3072 3090 3079)
4(3069 3076 3084 3077)
4(3084 3072 3012 3009)
4(3058 3072 3084 3055)
4(3002 3055 3084 3009)
4(3002 3009 3012 3007)
4(3058 3059 3089 3072)
4(3014 3072 3089 3018)
4(3017 3015 3014 3018)
4(3090 3022 3012 3072)
4(3014 3023 3090 3072)
4(3021 3013 3012 3022)
4(3021 3023 3014 3013)
4(3011 3009 3084 3076)
4(3011 3022 3012 3009)
4(3054 3077 3084 3055)
4(3019 3018 3014 3023)
4(2697 3073 3085 2698)
4(3062 3057 3085 3073)
4(3062 3073 2697 2686)
4(2687 2698 3085 3057)
4(2687 2686 2697 2698)
4(3085 3073 3042 3047)
4(3085 3080 3088 3073)
4(3046 3080 3085 3047)
4(3046 3047 3042 3041)
4(2697 2693 3042 3073)
4(2697 3073 3092 2699)
4(2691 3043 3042 2693)
4(2691 2693 2697 2699)
4(3062 3073 3088 3060)
4(3062 3063 3092 3073)
4(2671 3047 3085 2698)
4(2671 2693 3042 3047)
4(2671 2698 2697 2693)
4(3054 3057 3085 3080)
4(2685 2699 2697 2686)
4(3004 3050 3095 3025)
4(3027 3025 3095 3093)
4(3051 3005 3027 3093)
4(3095 3050 3051 3093)
4(3004 3025 3027 3005)
4(3095 3025 3024 3094)
4(3024 3015 3049 3094)
4(3049 3050 3095 3094)
4(3004 3015 3024 3025)
4(2641 2648 3096 2876)
4(3017 3026 3096 3052)
4(2781 2876 3096 3026)
4(2647 3052 3096 2648)
5(3016 2782 2781 3026 3017)
5(2647 2648 2641 2640 2649)
4(2995 3093 2794 2793)
4(2794 3093 2652 2657)
4(2652 3093 2995 2651)
4(2656 2651 2995 2793)
4(2656 2793 2794 2657)
4(2656 2657 2652 2651)
4(3027 2795 2794 3093)
4(3095 3093 2794 2790)
4(2783 3025 3095 2790)
4(2783 2795 3027 3025)
4(2783 2790 2794 2795)
4(3027 3093 2995 2996)
4(3051 2992 2995 3093)
4(2993 3005 3027 2996)
4(2993 2996 2995 2992)
4(2652 3093 3095 2655)
4(3051 3093 2652 2653)
4(2654 2655 3095 3050)
4(2654 2653 2652 2655)
4(2796 2996 3027 2795)
4(2796 2793 2995 2996)
4(2796 2795 2794 2793)
4(2645 2790 3095 2655)
4(2645 2657 2794 2790)
4(2645 2655 2652 2657)
4(2650 2992 2995 2651)
4(2650 2651 2652 2653)
4(2877 3094 3096 2876)
4(2658 3094 2877 2643)
4(3096 3094 2658 2648)
4(2641 2648 2658 2643)
4(3024 3094 2877 2784)
4(3095 2790 2877 3094)
4(2783 3025 3024 2784)
4(3096 3094 3024 3026)
4(3049 3094 3096 3052)
4(3017 3026 3024 3015)
4(2658 2655 3095 3094)
4(2658 3094 3049 2659)
4(2654 2655 2658 2659)
4(2781 2784 3024 3026)
4(2645 2643 2658 2655)
4(2647 2659 2658 2648)
4(3100 3055 3084 3097)
4(3084 3009 3008 3097)
4(3002 3055 3100 3001)
4(3002 3001 3008 3009)
4(3084 3097 3083 3077)
4(3083 3097 3100 3080)
4(3054 3080 3100 3055)
4(3083 3075 3101 3097)
4(3101 3076 3084 3097)
4(3039 3048 3083 3097)
4(3046 3038 3100 3080)
4(3046 3048 3039 3038)
4(3039 3097 3101 2834)
4(3101 3097 3008 3010)
4(239 2838 3039 2834)
4(239 3010 3008 2838)
4(2833 2834 3039 3048)
4(3011 3009 3008 3010)
4(3099 3098 2682 2679)
4(2682 3098 3037 2677)
4(2676 2677 3037 2843)
4(2676 2679 2682 2677)
4(3099 3098 3056 3053)
4(3056 3098 2682 2700)
4(2678 2700 2682 2679)
4(3056 3055 3100 3098)
4(3085 2698 2682 3098)
4(3037 3047 3085 3098)
4(2671 3047 3037 2677)
4(2671 2677 2682 2698)
4(3085 3057 3056 3098)
4(2687 2698 2682 2700)
4(3085 3080 3100 3098)
4(3046 3038 3037 3047)
7(2835 2836 3030 3031 3105 3046 3038)
4(2673 2672 3106 3028)
4(3046 3105 3106 3047)
4(3031 3028 3106 3105)
4(2671 3047 3106 2672)
4(2673 3028 3029 2674)
4(2836 2844 3029 3030)
4(2675 2674 3029 2844)
4(3031 3030 3029 3028)
7(2671 2672 2673 2674 2675 2676 2677)
4(241 3033 3107 2839)
4(3046 3048 3107 3105)
4(3031 3105 3107 3033)
4(2833 2839 3107 3048)
4(241 242 3032 3033)
4(2836 3030 3032 2837)
4(3031 3033 3032 3030)
4(240 2837 3032 242)
4(3040 3041 3108 3104)
4(3108 3041 3042 3102)
4(3042 3043 3109 3102)
4(3045 3041 3108 3103)
4(3110 3044 3045 3103)
4(3034 3102 3106 3028)
4(2689 2672 3106 3102)
4(2673 2672 2689 2690)
4(3106 3102 3108 3105)
4(3042 3102 3106 3047)
4(3046 3105 3108 3041)
4(2689 3102 3042 2693)
4(2691 2692 2689 2693)
4(3031 3035 3108 3105)
4(2671 2693 2689 2672)
4(3036 3033 3107 3103)
4(2841 3103 3107 2839)
4(3107 3105 3108 3103)
4(3107 3103 3045 3048)
4(3045 3103 2841 2832)
4(2695 3111 3029 2674)
4(3029 3111 3113 3028)
4(2673 2694 2695 2674)
4(2846 2844 3029 3111)
4(3114 3111 3029 3030)
4(2836 2845 3114 3030)
4(2675 2674 2695 2696)
3(3031 3030 3114)
3(3032 3033 3112)
4(245 242 3032 3112)
4(3032 3112 3114 3030)
4(3032 2837 2847 3112)
4(3115 3140 3142 3116)
4(3002 3003 3142 3009)
4(3011 3009 3142 3140)
4(2989 3116 3142 3003)
5(238 3115 3116 2989 2636)
4(3006 3007 3012 3139)
4(3130 3005 3006 3139)
4(3012 3013 3130 3139)
4(3004 3005 3130 3013)
4(3118 3119 3143 3116)
4(3143 3119 3123 3141)
4(3115 3116 3143 3141)
4(3115 3141 3123 3117)
4(3115 3117 3118 3116)
4(3123 3119 3118 3117)
4(2997 2994 3143 3119)
4(3124 3119 3143 3131)
4(2993 3131 3143 2994)
4(2993 2998 3124 3131)
4(2997 3119 3124 2998)
4(2993 2994 2997 2998)
4(2989 2994 3143 3116)
4(2989 3116 3118 2999)
4(2997 2999 3118 3119)
4(2989 2999 2997 2994)
4(3132 3141 3143 3131)
4(3132 3125 3123 3141)
4(3132 3131 3124 3125)
4(3124 3119 3123 3125)
4(3144 3140 3142 3139)
4(3142 3116 3143 3139)
4(3144 3139 3143 3141)
4(3012 3139 3142 3009)
4(3142 3139 3006 3003)
4(3006 3139 3143 2994)
4(3143 3139 3130 3131)
4(2993 3131 3130 3005)
4(3012 3022 3144 3139)
4(3130 3139 3144 3133)
4(3021 3013 3130 3133)
4(3132 3133 3130 3131)
4(190 187 3145 3122)
4(3121 3122 3145 3120)
4(186 189 3121 3120)
4(3121 189 190 3122)
4(3145 3122 3126 3134)
4(188 3134 3126 191)
4(3126 3122 190 191)
4(3123 3122 3145 3141)
4(3115 3120 3121 3117)
4(3123 3117 3121 3122)
4(3132 3125 3126 3134)
4(3126 3125 3123 3122)
4(3024 3025 3135 3146)
4(3014 3015 3024 3146)
4(3135 3013 3014 3146)
4(3004 3013 3135 3025)
4(2801 2800 3147 3136)
4(3017 3018 3147 3026)
4(2781 3026 3147 2800)
4(3019 3136 3147 3018)
5(2781 2800 2801 2802 2782)
4(3137 2804 2803 3146)
4(3147 3146 2803 2800)
4(3137 3146 3147 3136)
4(2801 2804 3137 3136)
4(2801 2800 2803 2804)
4(3135 3146 2803 2805)
4(2803 3146 3024 2784)
4(2783 3025 3135 2805)
4(2783 2805 2803 2784)
4(3024 3146 3147 3026)
4(3014 3018 3147 3146)
4(3137 3146 3135 3138)
4(3014 3146 3137 3023)
4(3021 3138 3135 3013)
4(2806 2805 3135 3138)
4(2806 3138 3137 2804)
4(2806 2804 2803 2805)
4(2781 2784 2803 2800)
4(3135 3025 3027 3148)
4(3027 3005 3130 3148)
4(3130 3013 3135 3148)
4(3153 3148 2823 2813)
4(2823 3148 3152 2824)
4(3152 3148 3153 3151)
4(2810 2824 3152 3151)
4(2810 3151 3153 2813)
4(2810 2813 2823 2824)
4(3135 2805 2823 3148)
4(3027 3148 2823 2795)
4(2783 2795 2823 2805)
4(3027 2996 3152 3148)
4(3130 3148 3152 3131)
4(2993 3131 3152 2996)
4(3135 3148 3153 3138)
4(3130 3133 3153 3148)
4(2806 2813 3153 3138)
4(2806 2805 2823 2813)
4(2796 2996 3152 2824)
4(2796 2824 2823 2795)
4(3132 3151 3152 3131)
4(3152 3127 2825 2824)
4(3129 3127 3152 3151)
4(2810 2820 3129 3151)
4(2825 3127 3129 2820)
4(2810 2824 2825 2820)
4(3000 3127 3152 2996)
4(3124 3131 3152 3127)
4(3124 3127 3000 2998)
4(2993 2998 3000 2996)
4(3000 3127 2825 2798)
4(2796 2996 3000 2798)
4(2796 2798 2825 2824)
4(3132 3151 3129 3125)
4(3124 3125 3129 3127)
4(2812 3149 3153 2813)
4(2810 3151 3154 2811)
4(2810 2811 2812 2813)
4(2806 2815 3155 3138)
4(2806 2813 2812 2815)
4(2821 3128 3154 2811)
4(3154 3128 3129 3151)
4(3129 3128 2821 2820)
4(2810 2820 2821 2811)
4(2827 2826 3154 3128)
4(3126 3128 3154 3134)
4(2827 3128 3126 191)
4(2827 2822 2821 3128)
4(2817 2811 2821 2822)
4(3126 3128 3129 3125)
4(3137 3150 2818 2804)
4(2801 2804 2818 2807)
4(2806 2815 2818 2804)
4(2863 2851 3118 2999)
5(2848 244 238 3115 3117)
4(2848 3117 3118 2851)
5(2581 2863 2999 2989 2636)
4(2852 2851 3118 3119)
4(2852 3119 2997 2864)
4(2863 2864 2997 2999)
4(193 189 3121 2849)
4(2848 2849 3121 3117)
4(190 3122 2850 194)
4(2850 3122 3121 2849)
4(3123 3119 2852 2853)
4(2848 3117 3123 2853)
4(3124 2855 2852 3119)
4(2865 2855 3124 2998)
4(2865 2998 2997 2864)
4(2854 2853 3123 3125)
4(2854 3125 3124 2855)
4(2850 2856 3126 3122)
4(195 191 3126 2856)
4(2850 3122 3123 2853)
4(2854 2856 3126 3125)
4(2829 2754 2861 2862)
4(2829 2862 2859 2830)
4(2859 2860 2755 2830)
4(2829 2830 2755 2754)
4(2857 2858 2753 2828)
4(2799 2747 2857 2828)
4(2799 2828 2753 2739)
4(2829 2828 2857 2862)
4(2829 2754 2753 2828)
4(3000 2866 2859 3127)
4(2859 2855 3124 3127)
4(2865 2866 3000 2998)
4(2857 2747 2827 3128)
4(3126 2856 2857 3128)
4(2859 3127 2825 2830)
4(2791 2798 3000 2866)
4(2791 2866 2859 2830)
4(2791 2830 2825 2798)
4(2859 2862 3129 3127)
4(2854 3125 3129 2862)
4(2829 2862 3129 2820)
4(2829 2820 2825 2830)
4(2821 3128 2857 2828)
4(2799 2822 2821 2828)
4(2857 3128 3129 2862)
4(2829 2828 2821 2820)
4(2661 2660 2991 3159)
4(3158 3159 2991 2992)
4(2650 2662 3158 2992)
4(3158 2662 2661 3159)
4(2650 2660 2661 2662)
4(2991 3159 3157 2990)
4(2663 2990 3157 2664)
4(3157 3159 2661 2664)
4(2663 2664 2661 2660)
4(2997 3159 2991 2994)
4(2993 2992 3158 2998)
4(3158 3159 2997 2998)
4(2989 2999 3157 2990)
4(2997 3159 3157 2999)
4(2797 3160 2995 2793)
4(2995 3160 2665 2651)
4(2665 3160 2797 2666)
4(2656 2666 2797 2793)
4(2656 2651 2665 2666)
4(3000 2996 2995 3160)
4(3158 3160 2995 2992)
4(3000 3160 3158 2998)
4(3000 2798 2797 3160)
4(2796 2793 2797 2798)
4(3158 3160 2665 2662)
4(2650 2662 2665 2651)
4(3162 2873 2871 2872)
4(3162 2667 2611 2873)
4(2608 2667 3162 2872)
4(2608 2609 2611 2667)
4(2608 2872 3157 2664)
4(2863 2999 3157 2872)
5(2637 2597 2608 2664 2663)
4(3162 2873 2868 2864)
4(2863 2872 3162 2864)
4(2874 2873 3162 3161)
4(2668 3161 3162 2667)
4(2668 2613 2874 3161)
4(2668 2667 2611 2613)
4(2865 2864 3162 3161)
4(2865 3161 2874 2869)
4(3162 2872 3157 3159)
4(2661 2667 3162 3159)
4(2608 2667 2661 2664)
4(2997 3159 3162 2864)
4(3162 3159 3158 3161)
4(2668 3161 3158 2662)
4(2668 2662 2661 2667)
4(2865 2998 3158 3161)
4(2791 2866 3163 2792)
4(3163 2875 2779 2792)
4(2870 2875 3163 2866)
4(2791 2771 2870 2866)
4(2791 2792 2779 2771)
4(3163 2792 2797 3160)
4(3163 3160 3000 2866)
4(2791 2798 2797 2792)
4(3163 2875 2616 2670)
4(2669 2792 3163 2670)
4(2669 2615 2779 2792)
4(2669 2670 2616 2615)
4(3163 3161 2874 2875)
4(2865 3161 3163 2866)
4(2668 2670 3163 3161)
4(2668 2613 2616 2670)
4(2665 3160 3163 2670)
4(2669 2792 2797 2666)
4(2669 2666 2665 2670)
4(3158 3161 3163 3160)
4(2668 2670 2665 2662)
4(2791 2771 2755 2830)
4(3168 3167 3171 3292)
4(3171 3170 3291 3292)
4(3166 3169 3291 3170)
4(3291 3169 3168 3292)
4(3166 3167 3168 3169)
4(3296 3292 2750 2751)
4(3293 3292 3296 3294)
4(2748 3294 3296 2751)
4(2750 3292 3293 2749)
4(2748 2749 3293 3294)
4(3296 3173 3171 3292)
4(3296 3292 3168 3238)
4(3172 3173 3296 3238)
4(3172 3238 3168 3167)
4(2750 3292 3171 2735)
4(2740 3170 3291 2752)
4(2750 2752 3291 3292)
4(2734 2751 3296 3173)
4(3239 3238 3296 3294)
4(3293 3292 3168 3187)
4(3239 3294 3293 3187)
4(3239 3187 3168 3238)
4(2753 3276 3296 2751)
4(3296 3276 3277 3294)
4(2748 3294 3277 2754)
4(3277 3276 2753 2754)
4(3296 3276 3174 3173)
4(3240 3276 3296 3238)
4(3174 3276 3240 3175)
4(3172 3175 3240 3238)
4(2753 3276 3174 2739)
4(3239 3241 3277 3294)
4(3240 3276 3277 3241)
4(3239 3238 3240 3241)
4(3295 3294 3277 3278)
4(3295 3278 2755 2756)
4(2748 3294 3295 2756)
4(2755 3278 3277 2754)
4(3242 3278 3295 3243)
4(3239 3243 3295 3294)
4(3242 3241 3277 3278)
4(3239 3241 3242 3243)
4(3182 3181 3184 3297)
4(3184 3169 3291 3297)
4(3291 3170 3182 3297)
4(3166 3169 3184 3181)
5(3179 3300 2759 2757 3180)
4(2759 3300 3302 2758)
4(3177 3183 3302 3178)
4(2743 2758 3302 3183)
4(3179 3178 3302 3300)
5(3176 3177 3178 3179 3180)
4(3258 3261 3305 3286)
4(3305 3261 3260 3298)
4(3260 3259 3287 3298)
4(3287 3286 3305 3298)
4(3258 3286 3287 3259)
4(3258 3259 3260 3261)
4(2759 2760 3304 3300)
4(3257 3256 3304 3288)
4(2761 3288 3304 2760)
4(3179 3300 3304 3256)
5(3255 3257 3288 2761 2762)
5(3255 3180 3179 3256 3257)
4(3262 3261 3305 3299)
4(3289 3263 3262 3299)
4(3305 3286 3289 3299)
4(3258 3263 3289 3286)
4(3258 3261 3262 3263)
4(2763 3297 3302 2758)
4(3303 3297 2763 2764)
4(3302 3297 3303 3300)
4(2759 3300 3303 2764)
4(3302 3297 3182 3183)
4(3184 3297 3302 3178)
4(3177 3181 3184 3178)
4(3303 3301 3291 3297)
4(3303 3297 3184 3186)
4(3185 3169 3291 3301)
4(3185 3301 3303 3186)
4(3185 3186 3184 3169)
4(2763 2745 3182 3297)
4(2763 3297 3291 2752)
4(2765 3301 3291 2752)
4(2765 2764 3303 3301)
4(3179 3186 3303 3300)
4(3179 3178 3184 3186)
4(3293 3292 3291 3301)
4(3185 3187 3293 3301)
4(3185 3169 3168 3187)
4(2765 3301 3293 2749)
4(2766 3298 3303 2764)
4(3304 3298 2766 2760)
4(3303 3298 3304 3300)
4(3305 3301 3303 3298)
4(3260 3298 3303 3186)
4(3185 3301 3305 3261)
4(3185 3261 3260 3186)
4(3287 3298 3304 3288)
4(3260 3256 3304 3298)
4(3257 3259 3287 3288)
4(3257 3256 3260 3259)
4(3305 3298 2766 2769)
4(3287 2768 2766 3298)
4(2767 3286 3305 2769)
4(2767 2768 3287 3286)
4(2765 2769 3305 3301)
4(2761 3288 3287 2768)
4(3179 3186 3260 3256)
4(3279 3278 3295 3290)
4(3244 3290 3295 3243)
4(3244 3245 3279 3290)
4(3242 3278 3279 3245)
4(3244 3243 3242 3245)
4(2770 2756 3295 3290)
4(2770 3290 3279 2771)
4(3279 3278 2755 2771)
4(3293 3299 2772 2749)
4(2772 3299 3295 2756)
4(3295 3299 3293 3294)
4(3293 3301 3305 3299)
4(3262 3187 3293 3299)
4(3185 3187 3262 3261)
4(3289 3290 3295 3299)
4(3262 3299 3295 3243)
4(3244 3290 3289 3263)
4(3244 3263 3262 3243)
4(2772 3299 3305 2769)
4(3289 3299 2772 2773)
4(2767 3286 3289 2773)
4(2770 2773 3289 3290)
4(3239 3243 3262 3187)
4(3258 3259 3275 3310)
4(3258 3310 3266 3265)
4(3266 3310 3275 3267)
4(3264 3265 3266 3267)
4(3275 3259 3264 3267)
4(3258 3265 3264 3259)
4(3258 3286 3312 3310)
4(3287 3259 3275 3308)
4(3312 3286 3287 3308)
4(3275 3310 3312 3308)
4(2628 2710 3311 2774)
4(3257 3288 3311 3274)
4(2761 2774 3311 3288)
4(2709 3274 3311 2710)
5(3255 3257 3274 2709 2708)
5(2627 2708 2709 2710 2628)
4(3258 3263 3313 3310)
4(3313 3263 3289 3309)
4(3289 3286 3312 3309)
4(3312 3310 3313 3309)
4(3268 3263 3313 3269)
4(3313 3310 3266 3269)
4(3266 3265 3268 3269)
4(3258 3263 3268 3265)
4(2712 3310 3275 2714)
4(2712 2714 3271 3270)
4(2712 3270 3266 3310)
4(3266 3270 3271 3267)
4(3271 2714 3275 3267)
4(2775 3308 3311 2774)
4(2711 2710 3311 3308)
4(2711 3308 2775 2630)
4(2628 2710 2711 2630)
4(3287 3288 3311 3308)
4(3311 3274 3275 3308)
4(3257 3259 3275 3274)
4(3287 3308 2775 2768)
4(3312 2776 2775 3308)
4(2767 2776 3312 3286)
4(2711 3308 3275 2714)
4(3312 3308 2711 2713)
4(2712 3310 3312 2713)
4(2712 2713 2711 2714)
4(2709 3274 3275 2714)
4(2709 2714 2711 2710)
4(2633 2713 3312 2776)
4(2633 2630 2711 2713)
4(2712 2707 297 3270)
4(2706 2714 3271 296)
4(297 296 3271 3270)
4(2706 296 297 2707)
4(2712 2714 2706 2707)
4(3306 3309 2777 2778)
4(2716 2635 2777 3309)
4(3306 2717 2716 3309)
4(2614 2717 3306 2778)
4(2614 2635 2716 2717)
4(3289 3309 3306 3290)
4(3306 3309 3313 3307)
4(3244 3307 3313 3263)
4(3244 3290 3306 3307)
4(3289 2773 2777 3309)
4(2777 2776 3312 3309)
4(2716 3309 3312 2713)
4(3313 3309 2716 2718)
4(2712 3310 3313 2718)
4(2712 2718 2716 2713)
4(2770 2778 3306 3290)
4(2633 2713 2716 2635)
4(2719 2718 3313 3307)
4(2719 3307 3306 2717)
4(2719 2717 2716 2718)
4(3247 3307 3313 3269)
4(3244 3307 3247 3248)
4(3268 3248 3247 3269)
4(3244 3248 3268 3263)
4(3272 3269 3313 2718)
4(2712 3270 3272 2718)
4(3272 3270 3266 3269)
4(2719 2718 3272 3246)
4(2719 3246 3247 3307)
4(3247 3246 3272 3269)
4(2704 286 3272 2718)
4(3272 286 297 3270)
4(297 286 2704 2707)
4(2712 2707 2704 2718)
4(2719 2703 283 3246)
4(283 286 3272 3246)
4(283 2703 2704 286)
4(2719 2718 2704 2703)
4(3249 3284 3315 3245)
4(3315 3284 3285 3314)
4(3285 3280 3279 3314)
4(3279 3245 3315 3314)
4(3249 3280 3285 3284)
4(3249 3245 3279 3280)
4(330 3284 3315 329)
4(3315 3245 328 329)
4(3249 3284 330 331)
4(3249 331 328 3245)
4(3285 3314 2720 2725)
4(2720 3314 3315 2721)
4(2724 2721 3315 3284)
4(2724 3284 3285 2725)
4(2724 2725 2720 2721)
4(3285 2792 2779 3314)
4(3279 3314 2779 2771)
4(2791 2792 3285 3280)
4(2791 3280 3279 2771)
4(2720 2615 2779 3314)
4(2669 2725 3285 2792)
4(2669 2615 2720 2725)
4(2779 3314 3306 2778)
4(3306 3314 2720 2717)
4(2614 2717 2720 2615)
4(3279 3290 3306 3314)
4(3306 3307 3315 3314)
4(3244 3245 3315 3307)
4(2719 3307 3315 2721)
4(2719 2721 2720 2717)
4(306 2721 3315 329)
4(2724 332 330 3284)
4(2724 2721 306 332)
4(3247 329 3315 3307)
4(328 329 3247 3248)
4(3244 3245 328 3248)
4(2719 3246 306 2721)
4(306 3246 3247 329)
4(283 3246 306 288)
4(283 288 2705 2703)
4(2719 2703 2705 2721)
4(306 2721 2705 288)
4(2709 3273 326 2715)
4(3271 296 326 3273)
4(2709 2714 3271 3273)
4(2709 2715 2706 2714)
4(2706 2715 326 296)
4(3211 3320 411 408)
4(411 3320 3319 396)
4(3319 3213 399 396)
4(3211 3213 3319 3320)
4(3211 408 399 3213)
4(409 3212 3321 414)
4(3321 3320 411 414)
4(3211 3320 3321 3212)
4(3211 3212 409 408)
4(2726 415 411 3320)
4(395 2727 3319 396)
4(2726 3320 3319 2727)
4(2726 2727 395 415)
4(412 392 3321 414)
4(391 3212 3321 392)
4(391 406 409 3212)
4(416 414 3321 2728)
4(2726 2728 3321 3320)
4(2726 415 416 2728)
4(393 392 3321 2728)
4(393 2728 416 413)
4(3316 3284 330 333)
4(334 3215 3316 333)
4(3249 3284 3316 3215)
4(3249 3215 334 331)
4(397 396 3319 3317)
4(3214 400 397 3317)
4(3214 3317 3319 3213)
4(3214 3213 399 400)
4(2730 3317 397 398)
4(2730 2727 3319 3317)
4(2730 398 395 2727)
4(401 333 3316 2729)
4(2724 2729 3316 3284)
4(2724 332 401 2729)
4(397 3317 3316 333)
4(3214 3215 3316 3317)
4(3214 400 334 3215)
4(2730 3317 3316 2729)
4(2730 2729 401 398)
4(3211 2786 2789 3320)
4(3319 3320 2789 3322)
4(2789 2786 3281 3322)
4(3281 3213 3319 3322)
4(3211 3213 3281 2786)
4(3321 3212 2785 2788)
4(2789 3320 3321 2788)
4(3211 2786 2785 3212)
4(2789 3322 2731 2646)
4(2726 3320 2789 2646)
4(2731 3322 3319 2727)
4(2726 2646 2731 2727)
4(2789 2790 2794 3322)
4(3281 3322 2794 2795)
4(2783 2786 3281 2795)
4(2731 2657 2794 3322)
4(2645 2657 2731 2646)
4(3321 392 2787 2788)
4(391 3212 2785 2780)
4(3321 2788 2644 2728)
4(2726 2728 2644 2646)
4(393 2642 2644 2728)
4(2794 3322 3318 2793)
4(3318 3322 2731 2732)
4(2656 2793 3318 2732)
4(2656 2732 2731 2657)
4(3281 3282 3318 3322)
4(3319 3322 3318 3317)
4(3214 3317 3318 3282)
4(3214 3282 3281 3213)
4(2796 3282 3318 2793)
4(2796 2795 3281 3282)
4(2730 2732 3318 3317)
4(2730 2727 2731 2732)
4(3285 3284 3316 3323)
4(3283 3280 3285 3323)
4(3316 3215 3283 3323)
4(3249 3280 3283 3215)
4(2733 3323 3285 2725)
4(3316 3323 2733 2729)
4(2724 2729 2733 2725)
4(2797 2792 3285 3323)
4(3283 2798 2797 3323)
4(2791 2798 3283 3280)
4(2797 2666 2733 3323)
4(2669 2725 2733 2666)
4(2797 2793 3318 3323)
4(2733 3323 3318 2732)
4(2656 2666 2733 2732)
4(3283 3323 3318 3282)
4(3318 3323 3316 3317)
4(3214 3215 3283 3282)
4(2796 3282 3283 2798)
4(2730 2732 2733 2729)
4(2801 3336 3338 2800)
4(391 2780 3338 3216)
4(2781 2800 3338 2780)
4(3217 3216 3338 3336)
5(2802 3218 3217 3336 2801)
5(390 391 3216 3217 3218)
4(3220 3219 3335 3337)
4(2785 3212 3220 3337)
4(3335 2786 2785 3337)
4(3211 2786 3335 3219)
4(3211 3219 3220 3212)
4(3333 3337 2803 2804)
4(2803 3337 3338 2800)
4(3338 3337 3333 3336)
4(2801 3336 3333 2804)
4(3335 3337 3333 3334)
4(3333 3337 3220 3222)
4(3221 3334 3333 3222)
4(3221 3219 3335 3334)
4(3221 3222 3220 3219)
4(2785 2780 3338 3337)
4(3220 3337 3338 3216)
4(391 3212 3220 3216)
4(3335 2805 2803 3337)
4(2785 3337 2803 2784)
4(2783 2805 3335 2786)
4(2806 2804 3333 3334)
4(2806 3334 3335 2805)
4(3217 3222 3333 3336)
4(3217 3216 3220 3222)
4(3200 3325 3343 3229)
4(3324 3201 3230 3339)
4(3230 3229 3343 3339)
4(3343 3325 3324 3339)
4(3200 3229 3230 3201)
4(3231 3205 3326 3340)
4(3343 3229 3231 3340)
4(3326 3325 3343 3340)
4(3200 3205 3231 3229)
4(3335 3219 3223 3341)
4(3223 3213 3281 3341)
4(3281 2786 3335 3341)
4(3211 3213 3223 3219)
4(2801 2807 3346 3336)
4(3207 3232 3346 3329)
4(2808 3329 3346 2807)
4(3217 3336 3346 3232)
5(3206 3218 3217 3232 3207)
4(2812 3339 3344 2811)
4(3345 3339 2812 2813)
4(3344 3339 3345 3342)
4(2810 2811 3344 3342)
4(2810 3342 3345 2813)
4(3344 3339 3324 3327)
4(3344 3233 3230 3339)
4(3209 3233 3344 3327)
4(3209 3201 3230 3233)
4(3345 3334 3343 3339)
4(3345 3339 3230 3224)
4(3221 3229 3343 3334)
4(3221 3334 3345 3224)
4(3221 3224 3230 3229)
4(2812 2816 3324 3339)
4(2812 3339 3343 2815)
4(2814 2815 3343 3325)
4(2817 3327 3344 2811)
4(2806 3334 3343 2815)
4(2806 2813 3345 3334)
4(3226 3342 3344 3233)
4(3226 3224 3345 3342)
4(3226 3233 3230 3224)
4(3346 3340 2818 2807)
4(2818 3340 3333 2804)
4(3333 3340 3346 3336)
4(3346 3329 3326 3340)
4(3346 3340 3231 3232)
4(3207 3232 3231 3205)
4(3333 3340 3343 3334)
4(3333 3222 3231 3340)
4(3221 3229 3231 3222)
4(2818 3340 3326 2819)
4(2818 2815 3343 3340)
4(3217 3222 3231 3232)
4(3344 3330 2821 2811)
4(3332 3330 3344 3342)
4(2810 2820 3332 3342)
4(2821 3330 3332 2820)
4(3344 3327 3188 3330)
4(3234 3233 3344 3330)
4(3234 3330 3188 3165)
4(3209 3233 3234 3165)
4(2821 2822 3188 3330)
4(3226 3342 3332 3228)
4(3234 3228 3332 3330)
4(3226 3228 3234 3233)
4(2823 3341 3345 2813)
4(3347 3341 2823 2824)
4(3345 3341 3347 3342)
4(2810 3342 3347 2824)
4(3335 3334 3345 3341)
4(3223 3341 3345 3224)
4(3221 3219 3223 3224)
4(3281 3341 3347 3282)
4(3223 3225 3347 3341)
4(3214 3282 3347 3225)
4(3214 3225 3223 3213)
4(3335 3341 2823 2805)
4(3281 2795 2823 3341)
4(2796 2824 3347 3282)
4(3226 3225 3347 3342)
4(3226 3224 3223 3225)
4(2825 3331 3347 2824)
4(3332 3342 3347 3331)
4(2825 2820 3332 3331)
4(3347 3331 3283 3282)
4(3227 3331 3347 3225)
4(3283 3331 3227 3215)
4(3214 3215 3227 3225)
4(3283 2798 2825 3331)
4(3332 3228 3227 3331)
4(3226 3225 3227 3228)
4(3240 3252 3348 3276)
4(3348 3190 3174 3276)
4(3189 3190 3348 3252)
4(3189 3252 3240 3175)
4(3348 3276 3277 3349)
4(3251 3349 3277 3241)
4(3251 3252 3348 3349)
4(3251 3241 3240 3252)
4(3348 2828 2753 3276)
4(2799 2828 3348 3190)
4(2829 2754 3277 3349)
4(2829 3349 3348 2828)
4(3277 3278 3328 3349)
4(3251 3349 3328 3250)
4(3328 3278 3242 3250)
4(3251 3250 3242 3241)
4(2829 2830 3328 3349)
4(3328 2830 2755 3278)
4(3348 3252 3234 3330)
4(3188 3190 3348 3330)
4(3189 3165 3234 3252)
4(3227 3250 3328 3331)
4(3328 3280 3283 3331)
4(3249 3280 3328 3250)
4(3249 3250 3227 3215)
4(3348 3349 3332 3330)
4(3251 3228 3332 3349)
4(3251 3252 3234 3228)
4(3348 3330 2821 2828)
4(2829 3349 3332 2820)
4(3328 3331 3332 3349)
4(3251 3228 3227 3250)
4(3328 2830 2825 3331)
4(2791 2830 3328 3280)
4(3279 3280 3328 3278)
4(3249 3245 3242 3250)
4(3266 3267 291 292)
4(289 3265 3266 292)
4(289 290 3264 3265)
4(3264 290 291 3267)
4(293 3270 3271 294)
4(293 292 3266 3270)
4(291 294 3271 3267)
4(293 3270 297 298)
4(3271 294 295 296)
4(3272 3269 301 302)
4(3247 300 301 3269)
4(299 3246 3272 302)
4(299 300 3247 3246)
4(301 3269 3266 292)
4(3268 3269 301 303)
4(289 3265 3268 303)
4(293 302 3272 3270)
4(304 303 3268 3248)
4(304 3248 3247 300)
4(3272 302 285 286)
4(299 3246 283 284)
4(299 3246 306 305)
4(309 3191 3353 308)
4(307 308 3353 3352)
5(3255 311 307 3352 3257)
4(3257 3352 3353 3256)
4(3179 3256 3353 3191)
5(310 3180 3179 3191 309)
4(312 3351 3353 308)
4(3192 3351 312 313)
4(3353 3351 3192 3191)
4(309 3191 3192 313)
4(3264 3351 312 290)
4(3350 314 312 3351)
4(289 314 3350 3265)
4(3350 3351 3264 3265)
4(307 290 3264 3352)
4(3264 3351 3353 3352)
4(315 3193 3350 314)
4(3350 3193 3192 3351)
4(315 313 3192 3193)
4(3254 3354 318 319)
4(318 3354 3194 317)
4(3194 3354 3254 3253)
4(316 3253 3254 319)
4(316 317 3194 3253)
4(3268 303 318 3354)
4(318 314 3350 3354)
4(3268 3354 3350 3265)
4(3268 3248 3254 3354)
4(304 319 3254 3248)
4(3194 3193 3350 3354)
4(315 3193 3194 317)
4(324 3273 326 323)
5(2709 3273 324 320 2708)
5(2722 2723 2715 2709 2708)
4(2723 325 326 2715)
5(2722 321 322 325 2723)
4(324 3273 3271 294)
4(324 327 3355 3273)
4(307 3352 3355 327)
4(3257 3274 3355 3352)
4(2709 3273 3355 3274)
4(3355 3267 291 327)
4(3271 3267 3355 3273)
4(3264 3352 3355 3267)
4(3355 3267 3275 3274)
4(3257 3259 3264 3352)
4(3258 3265 3350 3261)
4(3260 3261 3350 3351)
4(3264 3259 3260 3351)
4(3350 3261 3262 3354)
4(3262 3263 3268 3354)
4(3192 3351 3260 3186)
4(3185 3261 3350 3193)
4(3185 3193 3192 3186)
4(3353 3256 3260 3351)
4(3179 3186 3192 3191)
4(3194 3187 3262 3354)
4(3185 3187 3194 3193)
4(3262 3243 3254 3354)
4(3244 3248 3254 3243)
4(3239 3253 3194 3187)
4(3239 3243 3254 3253)
4(3247 329 335 300)
4(304 3248 328 336)
4(337 3357 3254 319)
4(337 338 3358 3357)
4(316 3253 3358 338)
4(3254 3357 3358 3253)
4(328 3357 337 336)
4(3356 340 337 3357)
4(339 340 3356 331)
4(3356 3357 328 331)
4(328 3357 3254 3248)
4(341 3359 3356 340)
4(341 338 3358 3359)
4(3356 3359 3358 3357)
4(3356 3250 3227 3236)
4(334 331 3356 3236)
4(3249 3250 3356 331)
4(3227 3215 334 3236)
4(3235 3236 3356 3359)
4(3251 3359 3356 3250)
4(3251 3228 3235 3359)
4(3227 3236 3235 3228)
4(3356 3236 343 340)
4(334 342 343 3236)
4(341 3359 3235 344)
4(343 344 3235 3236)
4(316 499 3360 3253)
4(495 3195 3360 499)
4(3360 3195 3194 3253)
4(3194 3195 495 317)
4(3360 3361 500 499)
4(500 3361 3358 338)
4(3358 3361 3360 3253)
4(501 3197 3360 499)
4(3360 3197 3196 3195)
4(495 3195 3196 498)
4(500 502 3198 3361)
4(3360 3361 3198 3197)
4(3362 503 500 3361)
4(341 503 3362 3359)
4(3362 3361 3358 3359)
4(504 3199 3362 503)
4(3198 3361 3362 3199)
4(3362 503 488 3237)
4(3362 3237 3164 3199)
4(488 489 3164 3237)
4(3362 3359 3235 3237)
4(3235 344 488 3237)
4(3240 3175 3198 3361)
4(3362 3252 3240 3361)
4(3189 3252 3362 3199)
4(3360 3238 3168 3195)
4(3172 3238 3360 3197)
4(3196 3195 3168 3167)
4(3239 3253 3360 3238)
4(3194 3187 3168 3195)
4(3360 3361 3240 3238)
4(3358 3241 3240 3361)
4(3251 3241 3358 3359)
4(3251 3359 3362 3252)
4(3239 3253 3358 3241)
4(3358 3357 3242 3241)
4(3242 3357 3356 3250)
4(3254 3357 3242 3243)
4(3234 3252 3362 3237)
4(3164 3165 3234 3237)
4(3235 3237 3234 3228)
4(328 3245 3242 3357)
4(418 419 3370 3364)
4(391 3216 3370 406)
4(3217 3364 3370 3216)
4(405 406 3370 419)
5(3217 3218 417 418 3364)
4(3368 3219 3220 3369)
4(3220 3212 409 3369)
4(409 408 3368 3369)
4(3211 3219 3368 408)
4(3365 3369 3370 3364)
4(421 3369 3365 420)
4(3370 3369 421 419)
4(418 420 3365 3364)
4(3365 3222 3220 3369)
4(3368 3366 3365 3369)
4(3221 3366 3368 3219)
4(3221 3222 3365 3366)
4(3220 3216 3370 3369)
4(409 3369 3370 406)
4(421 422 3368 3369)
4(421 3369 409 410)
4(407 408 3368 422)
4(3217 3364 3365 3222)
4(423 422 3368 3366)
4(423 3366 3365 420)
4(3223 3219 3368 3371)
4(399 3213 3223 3371)
4(3368 408 399 3371)
4(3372 3371 3367 3363)
4(426 3371 3372 425)
4(3367 3371 426 427)
4(424 425 3372 3363)
4(424 3363 3367 427)
4(3367 3371 3223 3224)
4(3368 3371 3367 3366)
4(3221 3366 3367 3224)
4(3372 3225 3223 3371)
4(399 400 3372 3371)
4(3214 3225 3372 400)
4(399 3371 426 403)
4(3368 422 426 3371)
4(3226 3363 3372 3225)
4(3226 3224 3367 3363)
4(402 400 3372 425)
4(423 427 3367 3366)
4(3235 3236 3372 3363)
4(343 425 3372 3236)
4(424 344 3235 3363)
4(3372 3236 3227 3225)
4(334 3236 3372 400)
4(3226 3363 3235 3228)
4(3200 3229 3376 3203)
4(3230 3201 3202 3374)
4(3376 3229 3230 3374)
4(3202 3203 3376 3374)
4(3204 3205 3231 3375)
4(3231 3229 3376 3375)
4(3376 3203 3204 3375)
4(418 3364 3377 479)
4(3207 3208 3377 3232)
4(3217 3232 3377 3364)
4(478 479 3377 3208)
4(3367 3374 3373 3363)
4(3373 3374 480 481)
4(480 3374 3367 427)
4(424 3363 3373 481)
4(3373 3374 3230 3233)
4(3373 3210 3202 3374)
4(3209 3210 3373 3233)
4(3367 3224 3230 3374)
4(3367 3374 3376 3366)
4(3221 3366 3376 3229)
4(480 3374 3202 483)
4(480 484 3376 3374)
4(482 3203 3376 484)
4(3226 3233 3373 3363)
4(485 481 3373 3210)
4(423 484 3376 3366)
4(3377 3375 3365 3364)
4(486 3375 3377 479)
4(3365 3375 486 420)
4(3377 3232 3231 3375)
4(3377 3375 3204 3208)
4(3365 3375 3231 3222)
4(3365 3366 3376 3375)
4(486 487 3204 3375)
4(486 3375 3376 484)
4(3373 3233 3234 3237)
4(3373 3237 3164 3210)
4(3373 3363 3235 3237)
4(488 3237 3373 481)
4(309 490 3378 3191)
4(491 3379 3378 490)
4(3177 3178 3378 3379)
4(3179 3191 3378 3178)
4(493 3380 3192 313)
4(3378 3380 493 490)
4(3192 3380 3378 3191)
4(315 494 3381 3193)
4(493 3380 3381 494)
4(3192 3193 3381 3380)
4(495 494 3381 3195)
4(3194 3195 3381 3193)
4(493 3380 3382 497)
4(496 3383 3381 494)
4(3382 3380 3381 3383)
4(3378 3380 3382 3379)
4(3381 3195 3196 3383)
4(3166 3383 3381 3169)
4(3168 3169 3381 3195)
4(3184 3181 3382 3380)
4(3381 3169 3184 3380)
4(3378 3380 3184 3178)
4(3192 3186 3184 3380)
4(3185 3193 3381 3169)
4(3523 3526 3653 3651)
4(3523 3651 3654 3524)
4(3525 3524 3654 3649)
4(3654 3651 3653 3649)
4(3653 3526 3525 3649)
4(3523 3524 3525 3526)
6(3523 3485 3557 3595 3550 3651)
4(3557 3485 3466 3663)
4(3550 3652 3653 3651)
4(3456 3526 3653 3527)
3(3527 3653 3652)
5(3523 3526 3456 3466 3485)
4(3550 3595 3664 3652)
4(3557 3663 3664 3595)
4(3523 3651 3656 3541)
4(3654 3524 3542 3650)
4(3656 3651 3654 3650)
4(3542 3541 3656 3650)
4(3523 3541 3542 3524)
6(3484 3485 3557 3588 3549 3589)
4(3549 3588 3617 3590)
4(3550 3596 3617 3595)
4(3557 3595 3617 3588)
4(3558 3590 3617 3596)
4(3549 3590 3618 3589)
4(3481 3483 3618 3597)
4(3484 3589 3618 3483)
4(3558 3597 3618 3590)
4(3550 3651 3656 3596)
4(3481 3597 3656 3541)
4(3558 3596 3656 3597)
6(3523 3485 3484 3483 3481 3541)
4(3529 3532 3620 3571)
4(3620 3532 3531 3562)
4(3642 3571 3620 3562)
4(3531 3530 3642 3562)
4(3529 3530 3531 3532)
5(3384 3385 3436 3557 3485)
4(3384 3485 3466 3433)
4(3557 3436 3435 3663)
4(3384 3433 3434 3385)
4(3385 3434 3435 3436)
6(3560 3475 3476 3583 3548 3586)
4(3533 3532 3620 3593)
4(3551 3598 3620 3571)
4(3556 3593 3620 3598)
4(3548 3582 3624 3586)
4(3551 3600 3624 3598)
4(3556 3598 3624 3582)
4(3560 3586 3624 3600)
4(3548 3583 3657 3582)
4(3533 3593 3657 3543)
4(3556 3582 3657 3593)
4(3476 3543 3657 3583)
6(3529 3532 3533 3543 3476 3475)
4(3546 3575 3627 3572)
4(3621 3572 3627 3563)
4(3645 3574 3621 3563)
4(3627 3575 3645 3563)
4(3641 3576 3622 3564)
4(3622 3577 3640 3564)
4(3640 3578 3641 3564)
4(3470 3473 3631 3488)
4(3631 3473 3472 3565)
4(3472 3471 3489 3565)
4(3489 3488 3631 3565)
4(3470 3488 3489 3471)
4(3470 3471 3472 3473)
4(3646 3579 3643 3566)
4(3492 3491 3646 3566)
4(3643 3493 3492 3566)
4(3490 3491 3492 3493)
4(3548 3587 3629 3583)
4(3478 3477 3629 3494)
4(3476 3583 3629 3477)
4(3495 3494 3629 3587)
4(3548 3586 3632 3587)
4(3497 3496 3632 3611)
4(3560 3611 3632 3586)
4(3495 3587 3632 3496)
6(3474 3478 3494 3495 3496 3497)
5(3474 3475 3476 3477 3478)
4(3498 3501 3634 3580)
4(3644 3580 3634 3567)
4(3634 3501 3500 3567)
4(3500 3499 3644 3567)
4(3498 3499 3500 3501)
4(3549 3392 3437 3588)
4(3557 3588 3437 3436)
4(3549 3589 3390 3392)
4(3484 3391 3390 3589)
5(3384 3389 3391 3484 3485)
4(3385 3436 3437 3386)
4(3387 3386 3437 3392)
6(3384 3385 3386 3387 3388 3389)
4(3389 3388 3390 3391)
4(3387 3392 3390 3388)
4(3627 3572 3623 3568)
4(3623 3573 3647 3568)
4(3647 3575 3627 3568)
4(3479 3473 3631 3569)
4(3502 3480 3479 3569)
4(3631 3488 3502 3569)
4(3470 3480 3502 3488)
4(3470 3473 3479 3480)
4(3634 3580 3648 3570)
4(3503 3501 3634 3570)
4(3648 3504 3503 3570)
4(3498 3501 3503 3504)
4(3536 3535 3614 3562)
4(3619 3562 3614 3581)
3(3536 3562 3619)
3(3581 3614 3535)
4(3614 3534 3531 3562)
4(3614 3562 3620 3593)
4(3533 3534 3614 3593)
4(3533 3532 3531 3534)
4(3620 3562 3619 3598)
4(3642 3599 3619 3562)
4(3551 3598 3619 3599)
4(3536 3562 3531 3464)
4(3642 3562 3536 3537)
4(3463 3464 3531 3530)
4(3460 3535 3614 3534)
4(3460 3534 3531 3464)
4(3556 3593 3614 3581)
4(3556 3581 3619 3598)
4(3625 3563 3615 3582)
4(3615 3563 3626 3584)
4(3626 3563 3625 3585)
4(3548 3585 3625 3582)
4(3548 3584 3626 3585)
4(3548 3582 3615 3584)
4(3615 3563 3621 3594)
4(3627 3563 3615 3596)
4(3550 3572 3627 3596)
4(3550 3596 3615 3594)
4(3550 3594 3621 3572)
4(3625 3603 3621 3563)
4(3645 3604 3625 3563)
4(3553 3603 3625 3604)
4(3627 3605 3626 3563)
4(3645 3563 3626 3606)
4(3554 3606 3626 3605)
4(3554 3605 3627 3575)
4(3556 3582 3625 3603)
4(3556 3594 3615 3582)
4(3556 3603 3621 3594)
4(3558 3605 3626 3584)
4(3558 3596 3627 3605)
4(3558 3584 3615 3596)
4(3559 3604 3625 3585)
4(3559 3585 3626 3606)
4(3624 3564 3625 3582)
4(3628 3585 3625 3564)
4(3628 3564 3624 3586)
4(3548 3585 3628 3586)
4(3622 3564 3624 3598)
4(3624 3564 3641 3600)
4(3551 3576 3622 3598)
4(3625 3564 3622 3603)
4(3640 3564 3625 3604)
4(3640 3608 3628 3564)
4(3641 3564 3628 3609)
4(3555 3609 3628 3608)
4(3556 3598 3622 3603)
4(3559 3608 3628 3585)
4(3560 3586 3628 3609)
4(3616 3565 3629 3583)
4(3630 3565 3616 3584)
4(3630 3587 3629 3565)
4(3548 3587 3630 3584)
4(3548 3584 3616 3583)
4(3616 3482 3472 3565)
4(3631 3597 3616 3565)
4(3481 3597 3631 3473)
4(3481 3482 3616 3597)
4(3481 3473 3472 3482)
4(3629 3565 3472 3477)
4(3489 3565 3629 3494)
4(3478 3471 3489 3494)
4(3478 3477 3472 3471)
4(3631 3565 3630 3610)
4(3489 3506 3630 3565)
4(3505 3610 3630 3506)
4(3505 3488 3631 3610)
4(3505 3506 3489 3488)
4(3476 3583 3616 3482)
4(3476 3482 3472 3477)
4(3558 3584 3630 3610)
4(3558 3610 3631 3597)
4(3558 3597 3616 3584)
4(3495 3506 3630 3587)
4(3495 3494 3489 3506)
4(3628 3566 3633 3585)
4(3632 3566 3628 3586)
4(3633 3566 3632 3587)
4(3548 3585 3633 3587)
4(3643 3566 3628 3608)
4(3646 3609 3628 3566)
4(3646 3566 3632 3611)
4(3492 3496 3632 3566)
4(3497 3496 3492 3491)
4(3643 3612 3633 3566)
4(3492 3566 3633 3508)
4(3507 3508 3633 3612)
4(3507 3493 3492 3508)
4(3559 3612 3633 3585)
4(3495 3587 3633 3508)
4(3495 3508 3492 3496)
4(3626 3567 3630 3584)
4(3626 3585 3633 3567)
4(3630 3567 3633 3587)
4(3634 3567 3626 3605)
4(3626 3567 3644 3606)
4(3554 3580 3634 3605)
4(3630 3567 3634 3610)
4(3500 3567 3630 3506)
4(3505 3610 3634 3501)
4(3505 3501 3500 3506)
4(3644 3567 3633 3612)
4(3633 3567 3500 3508)
4(3507 3508 3500 3499)
4(3558 3605 3634 3610)
4(3495 3506 3500 3508)
4(3635 3439 3437 3588)
4(3401 3439 3635 3591)
4(3549 3591 3635 3588)
4(3549 3392 3401 3591)
4(3401 3392 3437 3439)
4(3635 3601 3440 3439)
4(3438 3602 3635 3439)
4(3552 3601 3635 3602)
4(3438 3439 3440 3441)
4(3557 3588 3635 3601)
4(3557 3601 3440 3436)
4(3437 3436 3440 3439)
4(3561 3602 3635 3591)
4(3561 3591 3401 3403)
4(3438 3403 3401 3439)
4(3617 3568 3635 3588)
4(3636 3568 3617 3590)
4(3635 3568 3636 3591)
4(3549 3591 3636 3590)
4(3617 3595 3623 3568)
4(3617 3568 3627 3596)
4(3550 3572 3623 3595)
4(3623 3601 3635 3568)
4(3647 3568 3635 3602)
4(3636 3605 3627 3568)
4(3647 3607 3636 3568)
4(3554 3605 3636 3607)
4(3557 3595 3623 3601)
4(3558 3590 3636 3605)
4(3561 3607 3636 3591)
4(3637 3569 3618 3589)
4(3618 3569 3638 3590)
4(3638 3569 3637 3592)
4(3549 3592 3637 3589)
4(3549 3590 3638 3592)
4(3618 3569 3479 3483)
4(3618 3597 3631 3569)
4(3481 3483 3479 3473)
4(3637 3487 3479 3569)
4(3502 3509 3637 3569)
4(3486 3487 3637 3509)
4(3486 3480 3479 3487)
4(3486 3509 3502 3480)
4(3638 3569 3631 3610)
4(3502 3569 3638 3510)
4(3505 3510 3638 3610)
4(3505 3488 3502 3510)
4(3484 3589 3637 3487)
4(3484 3487 3479 3483)
4(3558 3610 3638 3590)
4(3511 3509 3637 3592)
4(3511 3592 3638 3510)
4(3511 3510 3502 3509)
4(3639 3394 3401 3591)
4(3639 3592 3402 3394)
4(3549 3392 3402 3592)
4(3549 3592 3639 3591)
4(3401 3394 3402 3392)
4(3395 3394 3639 3613)
4(3393 3545 3639 3394)
4(3544 3613 3639 3545)
4(3544 3545 3393 3396)
4(3393 3394 3395 3396)
4(3561 3591 3639 3613)
4(3395 3394 3401 3403)
4(3511 3592 3402 3404)
4(3511 3545 3639 3592)
4(3511 3404 3393 3545)
4(3393 3404 3402 3394)
4(3390 3398 3637 3589)
4(3637 3398 3402 3592)
4(3390 3392 3402 3398)
4(3397 3487 3637 3398)
4(3399 3398 3637 3509)
4(3486 3487 3397 3400)
4(3486 3400 3399 3509)
4(3397 3398 3399 3400)
4(3484 3391 3397 3487)
4(3397 3391 3390 3398)
4(3511 3509 3399 3404)
4(3402 3404 3399 3398)
4(3636 3590 3638 3570)
4(3636 3570 3639 3591)
4(3638 3592 3639 3570)
4(3634 3605 3636 3570)
4(3648 3570 3636 3607)
4(3634 3570 3638 3610)
4(3638 3570 3503 3510)
4(3505 3510 3503 3501)
4(3639 3570 3648 3613)
4(3503 3570 3639 3545)
4(3544 3504 3503 3545)
4(3511 3545 3503 3510)
4(3516 3512 3503 3545)
4(3544 3517 3516 3545)
4(3503 3512 3513 3504)
4(3516 3517 3513 3512)
4(3511 3545 3516 3514)
4(3511 3514 3515 3510)
4(3516 3512 3515 3514)
4(3503 3510 3515 3512)
4(3393 3406 3516 3545)
4(3516 3406 3405 3517)
4(3405 3406 3393 3396)
4(3516 3514 3407 3406)
4(3511 3404 3407 3514)
4(3393 3406 3407 3404)
4(3528 3649 3614 3535)
3(3655 3649 3528)
4(3655 3581 3614 3649)
4(3525 3534 3614 3649)
4(3614 3593 3654 3649)
4(3533 3524 3654 3593)
4(3533 3534 3525 3524)
4(3655 3652 3653 3649)
4(3655 3649 3654 3594)
4(3550 3594 3654 3651)
4(3550 3652 3655 3594)
4(3528 3459 3525 3649)
4(3528 3649 3653 3527)
4(3456 3526 3525 3459)
4(3460 3459 3525 3534)
4(3556 3593 3654 3594)
4(3556 3594 3655 3581)
4(3657 3582 3615 3650)
4(3616 3583 3657 3650)
4(3615 3584 3616 3650)
4(3657 3650 3654 3593)
4(3542 3650 3657 3543)
4(3533 3524 3542 3543)
4(3615 3594 3654 3650)
4(3656 3596 3615 3650)
4(3542 3482 3616 3650)
4(3616 3597 3656 3650)
4(3481 3482 3542 3541)
4(3476 3543 3542 3482)
4(3523 3541 3660 3538)
4(3539 3538 3660 3658)
4(3542 3524 3539 3658)
4(3660 3541 3542 3658)
4(3523 3538 3539 3524)
4(2600 2601 3659 3520)
4(3533 3543 3659 3540)
4(2591 3540 3659 2601)
4(3476 3520 3659 3543)
6(3529 3532 3533 3540 2591 2590)
5(2599 2600 3520 3476 3475)
4(2594 2602 3660 3538)
4(3481 3541 3660 3521)
4(2603 3521 3660 2602)
5(3523 3485 2595 2594 3538)
5(3484 3518 2605 2595 3485)
4(3484 3483 3519 3518)
4(2605 3518 3519 2604)
4(3481 3521 3519 3483)
4(2603 2604 3519 3521)
4(3659 3658 2607 2601)
4(2607 3658 3522 2606)
4(3659 3520 3522 3658)
4(2600 2606 3522 3520)
4(3539 2598 2607 3658)
4(3660 3658 2607 2602)
4(2594 2598 3539 3538)
4(3539 3658 3659 3540)
4(3542 3543 3659 3658)
4(3533 3524 3539 3540)
4(3660 3521 3522 3658)
4(3542 3658 3522 3482)
4(3481 3482 3522 3521)
4(2591 3540 3539 2598)
4(2603 3521 3522 2606)
4(3476 3520 3522 3482)
7(2591 3540 3533 3534 3460 3461 3453)
7(3523 3538 2594 3455 3457 3456 3526)
4(3456 3457 3458 3459)
4(3460 3459 3458 3461)
4(3453 3461 3458 3454)
4(3455 3454 3458 3457)
4(3453 3452 3462 3461)
4(3463 3464 3462 3465)
4(3460 3461 3462 3464)
4(3451 3465 3462 3452)
4(3466 3485 2595 3467)
4(3384 3485 2595 2597)
4(3384 2597 3432 3433)
4(3655 3594 3621 3661)
4(3550 3652 3666 3572)
4(3556 3603 3665 3581)
3(3622 3598 3619)
4(3557 3601 3667 3663)
4(3440 3436 3435 3442)
4(3623 3595 3664 3662)
4(2605 2609 3409 3518)
4(3484 3518 3409 3391)
5(3384 3389 3408 2608 2597)
4(2608 3408 3409 2609)
4(3389 3391 3409 3408)
4(3670 3411 3409 3518)
4(2611 3411 3670 2610)
4(2605 2610 3670 3518)
4(3409 3411 2611 2609)
4(3397 3411 3670 3487)
4(3410 3669 3670 3411)
4(3486 3487 3670 3669)
4(3486 3669 3410 3400)
4(3410 3411 3397 3400)
4(3484 3518 3670 3487)
4(3397 3411 3409 3391)
4(2612 2613 3410 3669)
4(2612 3669 3670 2610)
4(3410 2613 2611 3411)
4(3670 3671 3479 3487)
4(3486 3480 3672 3669)
4(3479 3671 3672 3480)
4(3672 3671 3670 3669)
4(3519 3518 3670 3671)
4(3479 3483 3519 3671)
4(3711 3730 3762 3732)
4(3762 3730 3785 3721)
4(3785 3731 3786 3721)
4(3786 3732 3762 3721)
4(355 3730 3762 354)
4(3762 3732 353 354)
4(3470 3488 3769 3674)
4(3675 3674 3769 3722)
4(3489 3471 3675 3722)
4(3769 3488 3489 3722)
4(3470 3674 3675 3471)
6(3719 3743 3713 3740 3677 3676)
4(3713 3743 3763 3742)
4(3450 3449 3763 3747)
4(3448 3742 3763 3449)
4(3719 3747 3763 3743)
4(3713 3742 3770 3740)
4(2723 3678 3770 3447)
4(3677 3740 3770 3678)
4(3448 3447 3770 3742)
5(2722 3676 3677 3678 2723)
6(2722 2723 3447 3448 3449 3450)
4(3790 3733 3787 3723)
4(3787 3491 3492 3723)
4(3492 3493 3790 3723)
4(3712 3736 3775 3737)
4(3712 3734 3776 3736)
4(3776 3734 3788 3724)
4(3775 3736 3776 3724)
4(3788 3737 3775 3724)
4(3673 3680 3777 3738)
4(3673 3738 3778 3668)
4(3777 3680 3679 3725)
4(3679 3668 3778 3725)
4(3778 3738 3777 3725)
4(3673 3668 3679 3680)
4(3713 3740 3767 3745)
4(3478 3494 3767 3681)
4(3677 3681 3767 3740)
4(3495 3745 3767 3494)
4(3713 3745 3771 3743)
4(3497 3754 3771 3496)
4(3719 3743 3771 3754)
4(3495 3496 3771 3745)
5(3474 3478 3681 3677 3676)
4(3498 3739 3779 3501)
4(3500 3501 3779 3726)
4(3789 3499 3500 3726)
4(3779 3739 3789 3726)
4(3769 3674 3682 3727)
4(3682 3480 3502 3727)
4(3502 3488 3769 3727)
4(3470 3480 3682 3674)
4(3712 3736 3783 3735)
4(3791 3735 3783 3728)
4(3783 3736 3775 3728)
4(3775 3737 3791 3728)
4(3673 3685 3784 3738)
4(3684 3680 3777 3729)
4(3784 3685 3684 3729)
4(3777 3738 3784 3729)
4(3673 3680 3684 3685)
4(3779 3501 3503 3512)
4(3513 3739 3779 3512)
4(3712 360 357 3736)
4(359 3734 3776 358)
4(3776 3736 357 358)
4(3673 3738 363 364)
4(3778 3668 361 362)
4(363 3738 3778 362)
4(3673 364 361 3668)
4(3783 3735 365 366)
4(357 3736 3783 366)
4(368 3685 3784 367)
4(3784 3738 363 367)
4(3673 3685 368 364)
4(3765 3721 3763 3742)
4(3763 3721 3764 3743)
4(3764 3721 3765 3744)
4(3713 3743 3764 3744)
4(3713 3744 3765 3742)
4(3763 3721 3762 3449)
4(3785 3721 3763 3747)
4(3450 3449 3762 3730)
4(3785 3748 3764 3721)
4(3786 3721 3764 3749)
4(3714 3749 3764 3748)
4(3765 3750 3762 3721)
4(3786 3751 3765 3721)
4(3715 3732 3762 3750)
4(3715 3750 3765 3751)
4(3448 3750 3762 3449)
4(3448 3742 3765 3750)
4(3719 3748 3764 3743)
4(3720 3744 3764 3749)
4(3720 3751 3765 3744)
4(347 3449 3762 354)
4(3450 3449 347 350)
4(369 354 3762 3750)
4(3715 370 369 3750)
4(3448 3750 369 348)
4(3448 348 347 3449)
4(3689 3706 3682 3683)
4(3486 3480 3682 3706)
4(3486 3706 3689 3669)
4(3672 3683 3682 3480)
4(3689 3683 3672 3669)
4(3707 3692 3691 3690)
4(3707 3706 3682 3692)
4(3707 3690 3689 3706)
4(3689 3690 3691 3683)
4(3682 3683 3691 3692)
4(3693 3686 3684 3708)
4(3709 3708 3684 3685)
4(3709 3685 2704 2703)
4(3709 2703 3693 3708)
4(3684 3686 2704 3685)
4(2704 3686 3693 2703)
4(3707 3692 3684 3708)
4(3707 3708 3693 3690)
4(3691 3690 3693 3686)
4(3684 3692 3691 3686)
4(3767 3722 3766 3740)
4(3768 3741 3766 3722)
4(3768 3722 3767 3745)
4(3713 3740 3766 3741)
4(3713 3741 3768 3745)
4(3766 3722 3675 3688)
4(3769 3722 3766 3752)
4(3687 3752 3766 3688)
4(3687 3674 3769 3752)
4(3687 3688 3675 3674)
4(3767 3681 3675 3722)
4(3489 3494 3767 3722)
4(3478 3471 3675 3681)
4(3769 3753 3768 3722)
4(3489 3722 3768 3506)
4(3505 3506 3768 3753)
4(3505 3753 3769 3488)
4(3677 3688 3766 3740)
4(3677 3681 3675 3688)
4(3718 3741 3766 3752)
4(3718 3753 3768 3741)
4(3718 3752 3769 3753)
4(3495 3745 3768 3506)
4(3764 3723 3771 3743)
4(3772 3723 3764 3744)
4(3772 3745 3771 3723)
4(3713 3745 3772 3744)
4(3787 3723 3764 3748)
4(3790 3749 3764 3723)
4(3787 3754 3771 3723)
4(3492 3723 3771 3496)
4(3790 3723 3772 3755)
4(3492 3508 3772 3723)
4(3507 3755 3772 3508)
4(3720 3744 3772 3755)
4(3495 3508 3772 3745)
4(3774 3724 3773 3741)
4(3773 3724 3765 3742)
4(3765 3724 3774 3744)
4(3713 3741 3773 3742)
4(3713 3744 3774 3741)
4(3776 3750 3765 3724)
4(3788 3724 3765 3751)
4(3715 3750 3776 3734)
4(3775 3756 3773 3724)
4(3776 3724 3773 3757)
4(3716 3757 3773 3756)
4(3716 3756 3775 3736)
4(3716 3736 3776 3757)
4(3775 3724 3774 3759)
4(3788 3760 3774 3724)
4(3717 3759 3774 3760)
4(3717 3737 3775 3759)
4(3718 3756 3773 3741)
4(3718 3741 3774 3759)
4(3718 3759 3775 3756)
4(3448 3742 3773 3757)
4(3448 3757 3776 3750)
4(3720 3760 3774 3744)
4(3766 3725 3770 3740)
4(3766 3741 3773 3725)
4(3770 3725 3773 3742)
4(3679 3725 3766 3688)
4(3766 3725 3777 3752)
4(3687 3752 3777 3680)
4(3687 3680 3679 3688)
4(3679 3678 3770 3725)
4(3778 3725 3770 3447)
4(2723 3668 3778 3447)
4(2723 3678 3679 3668)
4(3777 3725 3773 3756)
4(3773 3725 3778 3757)
4(3716 3738 3777 3756)
4(3716 3757 3778 3738)
4(3677 3688 3679 3678)
4(3718 3756 3777 3752)
4(3448 3447 3778 3757)
4(3768 3726 3774 3741)
4(3774 3726 3772 3744)
4(3768 3745 3772 3726)
4(3779 3726 3768 3753)
4(3768 3726 3500 3506)
4(3505 3501 3779 3753)
4(3772 3726 3789 3755)
4(3500 3726 3772 3508)
4(3779 3759 3774 3726)
4(3789 3726 3774 3760)
4(3717 3759 3779 3739)
4(3718 3753 3779 3759)
4(3698 3710 3780 3727)
4(3515 3727 3780 3746)
4(3698 3727 3515 3514)
4(3701 3746 3780 3710)
4(3701 3514 3515 3746)
4(3701 3710 3698 3514)
4(3780 3692 3682 3727)
4(3780 3727 3769 3752)
4(3687 3692 3780 3752)
4(3687 3674 3682 3692)
4(3698 3727 3682 3706)
4(3502 3727 3698 3509)
4(3486 3509 3698 3706)
4(3515 3753 3769 3727)
4(3502 3510 3515 3727)
4(3505 3753 3515 3510)
4(3707 3710 3780 3692)
4(3707 3706 3698 3710)
4(3718 3752 3780 3746)
4(3718 3746 3515 3753)
4(3511 3514 3698 3509)
4(3782 3746 3781 3728)
4(3696 3728 3781 3695)
4(3696 3702 3782 3728)
4(3701 3695 3781 3746)
4(3701 3746 3782 3702)
4(3701 3702 3696 3695)
4(3783 3728 3696 3697)
4(3696 3728 3791 3704)
4(3705 3735 3783 3697)
4(3705 3697 3696 3704)
4(3781 3756 3775 3728)
4(3783 3758 3781 3728)
4(3716 3756 3781 3758)
4(3716 3758 3783 3736)
4(3782 3728 3775 3759)
4(3791 3728 3782 3761)
4(3717 3761 3782 3759)
4(3718 3746 3781 3756)
4(3718 3759 3782 3746)
4(3694 3758 3781 3695)
4(3694 3697 3783 3758)
4(3694 3695 3696 3697)
4(3703 3702 3782 3761)
4(3703 3704 3696 3702)
4(3700 3729 3780 3710)
4(3780 3729 3781 3746)
4(3781 3729 3700 3695)
4(3701 3695 3700 3710)
4(3780 3729 3684 3692)
4(3777 3729 3780 3752)
4(3687 3692 3684 3680)
4(3700 3708 3684 3729)
4(3700 3729 3784 3699)
4(3709 3699 3784 3685)
4(3709 3708 3700 3699)
4(3777 3756 3781 3729)
4(3784 3729 3781 3758)
4(3716 3738 3784 3758)
4(3707 3710 3700 3708)
4(3694 3758 3784 3699)
4(3694 3699 3700 3695)
4(3515 3746 3782 3512)
4(3516 3512 3782 3702)
4(3701 3514 3516 3702)
4(3515 3512 3779 3753)
4(3779 3512 3782 3759)
4(3782 3512 3513 3761)
4(3703 3702 3516 3517)
4(3709 3685 368 371)
4(3709 371 283 2703)
4(2704 286 368 3685)
4(369 3750 3776 358)
4(372 358 3776 3757)
4(3716 373 372 3757)
4(3716 3736 357 373)
4(3448 3757 372 348)
4(3778 3447 351 362)
4(2723 3668 361 325)
4(2723 325 351 3447)
4(3778 362 372 3757)
4(3716 373 363 3738)
4(3448 3447 351 348)
4(374 366 3783 3697)
4(3705 377 374 3697)
4(376 3758 3783 366)
4(3716 3758 376 373)
4(3694 375 376 3758)
4(3694 3697 374 375)
4(378 3699 3784 367)
4(3709 3699 378 371)
4(376 367 3784 3758)
4(3694 375 378 3699)
4(3420 3413 3696 3695)
4(3696 3413 3422 3702)
4(3701 3423 3420 3695)
4(3701 3702 3422 3423)
4(3422 3413 3420 3423)
4(3696 3413 3412 3697)
4(3696 3704 3414 3413)
4(3705 3697 3412 3415)
4(3412 3413 3414 3415)
4(3694 3421 3412 3697)
4(3694 3695 3420 3421)
4(3420 3413 3412 3421)
4(3703 3426 3422 3702)
4(3414 3413 3422 3426)
4(374 3697 3412 379)
4(381 379 3412 3415)
4(3694 3421 380 375)
4(380 3421 3412 379)
4(3693 3708 3428 3427)
4(3709 3429 3428 3708)
4(3709 2703 2705 3429)
4(3693 3427 2705 2703)
4(2705 3427 3428 3429)
4(3707 3430 3417 3690)
4(3707 3708 3428 3430)
4(3693 3690 3417 3427)
4(3428 3427 3417 3430)
4(3689 3690 3417 3416)
4(3689 3416 2616 2617)
4(2614 3690 3689 2617)
4(2614 2615 3417 3690)
4(2616 3416 3417 2615)
4(3689 3416 3431 3706)
4(3410 3416 3689 3669)
4(3486 3706 3431 3400)
4(3431 3416 3410 3400)
4(3707 3430 3431 3706)
4(3431 3430 3417 3416)
4(2612 2617 3689 3669)
4(3410 3416 2616 2613)
4(3700 3710 3424 3419)
4(3700 3419 3420 3695)
4(3701 3423 3424 3710)
4(3420 3419 3424 3423)
4(3700 3419 3428 3708)
4(3418 3419 3700 3699)
4(3709 3429 3418 3699)
4(3428 3419 3418 3429)
4(3707 3710 3424 3430)
4(3424 3419 3428 3430)
4(3694 3699 3418 3421)
4(3418 3419 3420 3421)
4(3422 3406 3516 3702)
4(3701 3514 3407 3423)
4(3407 3406 3422 3423)
4(3405 3426 3422 3406)
4(3698 3425 3424 3710)
4(3698 3514 3407 3425)
4(3424 3425 3407 3423)
4(3698 3706 3431 3425)
4(3698 3425 3399 3509)
4(3399 3425 3431 3400)
4(3424 3430 3431 3425)
4(3399 3404 3407 3425)
4(3709 371 382 3429)
4(382 288 2705 3429)
4(378 383 3418 3699)
4(3418 383 382 3429)
4(380 383 3418 3421)
4(3470 3794 3797 3473)
4(3472 3473 3797 3795)
4(3797 3794 3793 3795)
4(3793 3471 3472 3795)
4(3470 3471 3793 3794)
4(2600 3520 3796 2619)
4(3478 3792 3796 3477)
4(3476 3477 3796 3520)
4(2618 2619 3796 3792)
5(3474 2620 2618 3792 3478)
4(3797 3473 3479 3671)
4(3672 3794 3797 3671)
4(3470 3794 3672 3480)
4(3522 3795 2621 2606)
4(3796 3795 3522 3520)
4(2621 3795 3796 2619)
4(3797 3795 3522 3521)
4(3472 3482 3522 3795)
4(3481 3473 3797 3521)
4(3797 2623 2621 3795)
4(3793 3795 2621 2624)
4(2622 2623 3797 3794)
4(2622 3794 3793 2624)
4(3472 3795 3796 3477)
4(3793 3792 3796 3795)
4(3478 3792 3793 3471)
4(2603 3521 3797 2623)
4(2618 2624 3793 3792)
4(2625 3671 3519 2604)
4(3670 3671 2625 2610)
4(3797 3521 3519 3671)
4(3797 3671 2625 2623)
4(3672 2626 2625 3671)
4(2622 2626 3672 3794)
4(2612 3669 3672 2626)
4(3673 2707 2706 3668)
4(3673 364 297 2707)
4(361 3668 2706 296)
4(3470 3674 3804 3794)
4(3793 3794 3804 3798)
4(3804 3674 3675 3798)
4(3675 3471 3793 3798)
5(2627 3676 3677 3800 2628)
4(2628 3800 3805 2710)
4(2723 2715 3805 3678)
4(2709 2710 3805 2715)
4(3677 3678 3805 3800)
4(3673 2707 3806 3680)
4(3806 2707 2706 3799)
4(3679 3680 3806 3799)
4(2706 3668 3679 3799)
4(2628 2629 3803 3800)
4(3478 3681 3803 3792)
4(3677 3800 3803 3681)
4(2618 3792 3803 2629)
4(3804 3794 3672 3683)
4(3682 3674 3804 3683)
4(3673 2707 2704 3685)
4(2704 2707 3806 3686)
4(3806 3680 3684 3686)
4(3802 2630 2631 3798)
4(3803 3800 3802 3798)
4(3803 3798 2631 2629)
4(2628 2630 3802 3800)
4(3804 3798 2631 2632)
4(2631 3798 3793 2624)
4(2622 3794 3804 2632)
4(3804 3801 3802 3798)
4(3675 3798 3802 3688)
4(3687 3688 3802 3801)
4(3687 3801 3804 3674)
4(3675 3681 3803 3798)
4(3793 3798 3803 3792)
4(2633 3801 3802 2630)
4(2633 2632 3804 3801)
4(3677 3800 3802 3688)
4(2711 3799 3805 2710)
4(2711 2630 3802 3799)
4(3805 3799 3802 3800)
4(2711 2714 2706 3799)
4(2711 3799 3806 2713)
4(2712 2713 3806 2707)
4(3806 3799 3802 3801)
4(3802 3799 3679 3688)
4(3687 3680 3806 3801)
4(2706 2715 3805 3799)
4(3679 3799 3805 3678)
4(2723 2715 2706 3668)
4(2633 3801 3806 2713)
4(3691 3683 2634 2635)
4(2634 3683 3689 2617)
4(2614 3690 3691 2635)
4(3804 2632 2634 3683)
4(3672 3683 2634 2626)
4(3691 3801 3804 3683)
4(3687 3801 3691 3692)
4(2633 2635 3691 3801)
4(2716 3686 3691 2635)
4(3693 3686 2716 2717)
4(2614 3690 3693 2717)
4(3806 3686 2716 2713)
4(2716 3686 2704 2718)
4(3806 3801 3691 3686)
4(2719 2717 3693 2703)
4(2720 3427 3693 2717)
4(3417 3427 2720 2615)
4(2705 2721 2720 3427)
4(3817 3815 3458 3459)
4(3818 3457 3458 3815)
4(3462 3461 3813 3807)
4(3462 3807 3812 3452)
4(3453 3809 3813 3461)
3(3464 3462 3807)
4(3814 3807 3462 3465)
3(3460 3461 3813)
4(3458 3461 3813 3815)
4(3811 3815 3458 3454)
4(3385 3866 3874 3434)
4(3864 3863 3874 3866)
4(3443 3863 3864 3819)
5(3384 3819 3864 3866 3385)
4(3384 3433 3443 3819)
4(3440 3870 3869 3439)
4(3869 3868 3438 3439)
4(3867 3868 3869 3870)
4(3869 3439 3437 3386)
4(3385 3436 3440 3870)
4(3385 3870 3869 3386)
4(3869 3873 3401 3439)
4(3872 3873 3869 3868)
4(3872 3403 3401 3873)
4(3387 3386 3869 3873)
4(3387 3873 3401 3392)
3(3874 3871 3866)
3(3385 3870 3434)
4(3385 3866 3871 3870)
3(3864 3863 3865)
4(3864 3865 3871 3866)
4(3948 3945 435 436)
4(3948 436 430 3949)
4(435 3945 3946 434)
4(3946 3949 430 434)
4(3948 3949 3946 3945)
4(3948 3951 438 436)
4(438 3951 3950 437)
4(3950 3945 435 437)
4(3948 3945 3950 3951)
4(3948 436 439 3952)
4(3953 3952 439 431)
4(430 3949 3953 431)
4(3948 3952 3953 3949)
4(439 3952 3954 440)
4(3954 3951 438 440)
4(3948 3951 3954 3952)
4(3940 449 446 3941)
4(3942 3941 446 447)
4(448 3943 3942 447)
4(3940 3941 3942 3943)
4(446 3941 3956 461)
4(3956 3955 460 461)
4(3940 3955 3956 3941)
4(3944 463 435 3945)
4(3944 3947 462 463)
4(462 3947 3946 434)
4(3944 3945 3946 3947)
4(450 451 3950 437)
4(441 444 438 3951)
4(441 3951 3950 451)
4(464 437 3950 3957)
4(3944 463 464 3957)
4(3944 3957 3950 3945)
4(452 3957 464 453)
4(452 451 3950 3957)
4(2726 3952 439 415)
4(395 431 3953 2727)
4(2726 2727 3953 3952)
4(3954 440 416 2728)
4(2726 3952 3954 2728)
4(443 440 3954 442)
4(441 442 3954 3951)
4(393 2728 3954 442)
4(3944 3941 446 463)
4(462 447 3942 3947)
4(3944 3947 3942 3941)
4(464 3957 3956 461)
4(3944 3941 3956 3957)
4(3956 466 467 461)
4(465 466 3956 3955)
4(452 3957 3956 466)
4(384 3876 3961 472)
4(3961 3960 471 472)
4(3875 3960 3961 3876)
4(3875 3876 384 385)
4(473 434 3946 3963)
4(3962 3949 430 429)
4(3962 429 473 3963)
4(3962 3963 3946 3949)
4(3964 3963 473 474)
4(3964 474 462 3947)
4(3964 3947 3946 3963)
4(3962 3883 428 429)
4(428 3883 3953 431)
4(3962 3949 3953 3883)
4(3882 3881 432 433)
4(3878 389 432 3881)
4(388 3879 3882 433)
4(3878 3879 388 389)
4(3878 3881 3882 3879)
4(3962 3881 432 429)
4(3882 3883 428 433)
4(3962 3883 3882 3881)
4(3959 470 386 3880)
4(469 470 3959 3958)
4(3877 387 469 3958)
4(3877 3958 3959 3880)
4(3877 3880 386 387)
4(432 3881 3959 470)
4(3878 3880 3959 3881)
4(3878 389 386 3880)
4(473 3963 3959 470)
4(3962 3881 3959 3963)
4(3964 3958 469 474)
4(3964 3963 3959 3958)
4(475 3966 3942 447)
4(3965 3966 475 476)
4(3965 3943 3942 3966)
4(3964 474 475 3966)
4(3964 3966 3942 3947)
4(3961 472 469 3958)
4(3877 3876 3961 3958)
4(3877 387 384 3876)
4(475 472 3961 3966)
4(3965 3966 3961 3960)
4(3964 3958 3961 3966)
4(3882 433 401 2729)
4(2724 332 388 3879)
4(2724 3879 3882 2729)
4(2730 398 428 3883)
4(2730 3883 3953 2727)
4(2730 2729 3882 3883)
4(3820 3823 4158 4156)
6(3820 4156 4028 4089 3864 3819)
4(4028 4156 4158 4157)
4(3822 4092 4158 3823)
3(4157 4158 4092)
4(4028 4157 4222 4089)
4(3864 4089 4222 3863)
6(3820 3819 3443 3821 3822 3823)
4(3820 3825 4159 4156)
4(4159 3825 3824 4154)
4(4158 4156 4159 4154)
4(3824 3823 4158 4154)
4(3820 3823 3824 3825)
4(3820 4156 4161 3826)
4(3919 4082 4107 3920)
4(4028 4089 4107 4091)
4(3864 3920 4107 4089)
4(4034 4091 4107 4082)
4(3919 3918 4108 4082)
4(3827 4093 4108 3828)
4(3829 3828 4108 3918)
4(4034 4082 4108 4093)
4(4028 4091 4161 4156)
4(3827 3826 4161 4093)
4(4034 4093 4161 4091)
6(3864 3819 3829 3918 3919 3920)
6(3820 3826 3827 3828 3829 3819)
4(3830 3825 4159 4155)
4(4159 4156 4161 4155)
4(4161 3826 3830 4155)
4(3820 3825 3830 3826)
4(3835 4072 4115 3836)
4(3837 3836 4115 4037)
3(4115 4072 4037)
3(3835 3836 3837)
4(4026 4079 4119 4076)
4(4112 4076 4119 4038)
4(4145 4078 4112 4038)
4(4119 4079 4145 4038)
4(4019 4049 4121 4051)
4(4019 3982 3981 4049)
4(4121 4049 3981 3984)
4(3983 4051 4121 3984)
4(3981 3982 3983 3984)
4(4115 3836 3848 4039)
4(4147 4072 4115 4039)
4(3848 3847 4147 4039)
4(3835 3847 3848 3836)
4(4116 4073 4143 4040)
4(4144 4074 4116 4040)
4(4143 4075 4144 4040)
4(4119 4076 4117 4041)
4(4117 4077 4148 4041)
4(4148 4079 4119 4041)
4(4020 4054 4129 4053)
4(4020 4055 4120 4054)
4(4129 4042 4128 4053)
4(4120 4042 4129 4054)
4(4128 4042 4120 4055)
4(4020 4053 4128 4055)
4(4021 4060 4130 4059)
4(4021 4059 4132 4057)
4(4132 4043 4131 4057)
4(4132 4059 4130 4043)
4(4131 4043 4130 4060)
4(4021 4057 4131 4060)
6(3852 4023 4059 4021 4058 3853)
4(4027 4086 4123 4084)
4(3857 3856 4123 4097)
4(3855 4084 4123 3856)
4(4035 4097 4123 4086)
4(4021 4060 4127 4058)
4(3853 4058 4127 3854)
4(4027 4084 4127 4060)
4(3855 3854 4127 4084)
4(4023 4068 4130 4059)
4(4027 4060 4130 4086)
4(4035 4086 4130 4068)
6(3852 3853 3854 3855 3856 3857)
4(4019 4049 4133 4050)
4(4133 4049 4121 4044)
4(4149 4050 4133 4044)
4(4121 4051 4149 4044)
4(3840 4065 4134 3841)
4(3842 3841 4134 3986)
4(4134 4065 3985 3986)
4(3840 3843 3985 4065)
4(3985 3843 3842 3986)
4(3840 3841 3842 3843)
4(4134 3841 3850 4045)
4(3850 3849 4136 4045)
4(4136 4065 4134 4045)
4(3840 4065 4136 3849)
4(3840 3849 3850 3841)
5(3852 3853 4066 3998 4004)
4(3853 3858 4135 4066)
4(2647 2648 4135 3858)
4(2641 4005 4135 2648)
4(3998 4066 4135 4005)
5(2640 4004 3998 4005 2641)
5(3852 2649 2647 3858 3853)
4(4019 4052 4138 4049)
4(3981 4049 4138 3990)
4(4138 4052 3989 3990)
4(3989 3982 3981 3990)
4(4020 4054 4137 4056)
4(4140 4046 4129 4053)
4(4129 4046 4137 4054)
4(4140 4056 4137 4046)
4(4020 4056 4140 4053)
4(4021 4059 4141 4061)
4(4142 4047 4132 4057)
4(4141 4059 4132 4047)
4(4142 4061 4141 4047)
4(4021 4061 4142 4057)
4(4021 4058 4139 4061)
4(3853 4066 4139 4058)
4(4008 4061 4139 3999)
4(3998 3999 4139 4066)
4(4023 4059 4141 4069)
4(4008 4007 4141 4061)
4(4006 4069 4141 4007)
6(4006 4007 4008 3999 3998 4004)
4(4138 4049 4133 4048)
4(4133 4050 4153 4048)
4(4153 4052 4138 4048)
4(4114 4037 4105 4080)
4(4105 4037 4113 4081)
3(4080 4105 4081)
4(4105 4037 3837 3832)
4(4115 4037 4105 4088)
4(3831 3836 4115 4088)
4(3831 4088 4105 3832)
4(3831 3832 3837 3836)
4(4115 4094 4113 4037)
4(4029 4094 4115 4072)
4(4029 4095 4113 4094)
4(3834 3832 4105 4080)
3(3834 3837 3832)
4(4033 4088 4115 4094)
4(4033 4081 4105 4088)
4(4033 4094 4113 4081)
4(3829 3886 3844 3828)
4(3844 3886 3860 3846)
4(3829 3839 3860 3886)
4(3829 3828 3838 3839)
4(3860 3839 3838 3846)
4(3844 3846 3838 3828)
4(3922 4038 4107 3920)
4(4107 4038 4118 4082)
4(4118 4038 3922 3921)
4(3919 4082 4118 3921)
4(3919 3921 3922 3920)
4(4107 4038 4112 4089)
4(4119 4038 4107 4091)
4(4028 4076 4119 4091)
4(4028 4089 4112 4076)
4(3922 3865 4112 4038)
4(4145 3924 3922 4038)
4(3923 3865 3922 3924)
4(4119 4102 4118 4038)
4(4145 4038 4118 4103)
4(4032 4103 4118 4102)
4(4032 4102 4119 4079)
4(3864 3865 4112 4089)
4(3864 3920 3922 3865)
4(4034 4102 4118 4082)
4(4034 4091 4119 4102)
4(3925 3921 4118 4103)
4(3925 3924 3922 3921)
4(3977 3980 4120 4054)
4(4120 3980 3979 4055)
4(4020 4055 3979 3978)
4(4020 3978 3977 4054)
4(3977 3978 3979 3980)
4(4120 3845 3844 3980)
4(3840 3845 4120 4054)
4(3840 4054 3977 3843)
4(3844 3843 3977 3980)
4(3840 3843 3844 3845)
4(4108 3980 3926 3918)
4(3979 3980 4108 4082)
4(3919 3927 3979 4082)
4(3979 3927 3926 3980)
4(3919 3918 3926 3927)
4(4108 3828 3844 3980)
4(4120 4093 4108 3980)
4(3827 4093 4120 3845)
4(3827 3845 3844 3828)
4(3926 3886 3844 3980)
4(3829 3886 3926 3918)
4(4034 4082 3979 4055)
4(4034 4055 4120 4093)
4(3979 3984 4121 4055)
4(4020 4055 4121 4049)
4(4020 4049 3981 3978)
4(3981 3984 3979 3978)
4(4118 3984 3979 4082)
4(4118 3921 3928 3984)
4(3979 3984 3928 3927)
4(3919 3927 3928 3921)
4(4121 3984 4118 4102)
4(4118 3984 3983 4103)
4(4032 4051 4121 4102)
4(4034 4102 4121 4055)
4(3983 3929 3928 3984)
4(3925 3921 3928 3929)
4(4122 4039 4109 4083)
4(4109 4039 4123 4084)
4(4123 4039 4122 4086)
4(4027 4086 4122 4083)
4(4027 4083 4109 4084)
4(4109 4039 4115 4088)
4(4109 3861 3848 4039)
4(3831 3861 4109 4088)
4(3831 3836 3848 3861)
4(4122 4094 4115 4039)
4(4147 4096 4122 4039)
4(4029 4094 4122 4096)
4(4123 4039 3848 3856)
4(4147 4039 4123 4097)
4(3857 3856 3848 3847)
4(4033 4083 4122 4094)
4(4033 4088 4109 4083)
4(3855 4084 4109 3861)
4(3855 3861 3848 3856)
4(4035 4096 4122 4086)
4(4124 4040 4122 4083)
4(4125 4086 4122 4040)
4(4125 4040 4124 4087)
4(4027 4087 4124 4083)
4(4027 4086 4125 4087)
4(4122 4040 4116 4094)
4(4143 4040 4122 4096)
4(4029 4094 4116 4073)
4(4124 4098 4116 4040)
4(4144 4099 4124 4040)
4(4030 4098 4124 4099)
4(4143 4100 4125 4040)
4(4144 4040 4125 4101)
4(4031 4101 4125 4100)
4(4033 4083 4124 4098)
4(4033 4098 4116 4094)
4(4035 4100 4125 4086)
4(4036 4099 4124 4087)
4(4036 4087 4125 4101)
4(4110 4041 4124 4083)
4(4126 4041 4110 4085)
4(4124 4041 4126 4087)
4(4027 4087 4126 4085)
4(4027 4085 4110 4083)
4(4110 4090 4117 4041)
4(4110 4041 4119 4091)
4(4028 4090 4110 4091)
4(4028 4076 4117 4090)
4(4117 4098 4124 4041)
4(4148 4041 4124 4099)
4(4126 4102 4119 4041)
4(4148 4104 4126 4041)
4(4032 4102 4126 4104)
4(4033 4083 4110 4090)
4(4033 4090 4117 4098)
4(4034 4085 4126 4102)
4(4034 4091 4110 4085)
4(4036 4104 4126 4087)
4(4129 4042 4127 4058)
4(4128 4060 4127 4042)
4(4021 4060 4128 4053)
4(4021 4053 4129 4058)
4(4129 3849 3851 4042)
4(3851 3845 4120 4042)
4(3840 3849 4129 4054)
4(3840 3845 3851 3849)
4(4127 3854 3851 4042)
4(3853 4058 4129 3849)
4(3853 3849 3851 3854)
4(4127 4042 4111 4084)
4(4111 4042 4128 4085)
4(4027 4085 4128 4060)
4(4027 4084 4111 4085)
4(4111 4042 3851 3862)
4(4111 4093 4120 4042)
4(3827 4093 4111 3862)
4(3827 3862 3851 3845)
4(3855 3862 4111 4084)
4(3855 3854 3851 3862)
4(4034 4055 4128 4085)
4(4034 4085 4111 4093)
4(4132 4043 4150 4062)
4(4150 4043 4131 4063)
4(4022 4063 4131 4057)
4(4022 4057 4132 4062)
4(4146 4043 4132 4067)
4(4146 4068 4130 4043)
4(4023 4067 4132 4059)
4(4150 4070 4146 4043)
4(4024 4062 4132 4067)
4(4125 4043 4130 4086)
4(4131 4043 4125 4087)
4(4027 4060 4131 4087)
4(4146 4043 4125 4100)
4(4150 4101 4125 4043)
4(4036 4087 4131 4063)
4(4128 4044 4133 4053)
4(4121 4044 4128 4055)
4(4020 4053 4133 4049)
4(4133 4057 4131 4044)
4(4128 4044 4131 4060)
4(4021 4057 4133 4053)
4(4131 4044 4149 4063)
4(4022 4050 4133 4057)
4(4126 4085 4128 4044)
4(4126 4044 4131 4087)
4(4121 4102 4126 4044)
4(4149 4044 4126 4104)
4(2652 2653 3842 3986)
4(3884 2651 2652 3986)
4(3884 3986 3842 3859)
4(2650 2651 3884 3859)
4(2650 3859 3842 2653)
4(2652 2655 4134 3986)
4(2654 3841 4134 2655)
4(2654 2653 3842 3841)
4(2652 3986 3967 2657)
4(3884 3885 3967 3986)
4(2656 2657 3967 3885)
4(2656 3885 3884 2651)
4(3967 3986 4134 4003)
4(4015 4003 4134 4065)
4(4015 4065 3985 3991)
4(4015 3991 3967 4003)
4(3985 3986 3967 3991)
4(2645 2655 4134 4003)
4(2645 4003 3967 2657)
4(2658 2659 3850 4045)
4(2658 4045 4134 2655)
4(2654 3841 3850 2659)
4(4135 4045 3850 3858)
4(4136 4045 4135 4066)
4(3853 3849 4136 4066)
4(3853 3858 3850 3849)
4(2658 2648 4135 4045)
4(2647 2659 3850 3858)
4(2658 2643 4002 4045)
4(4002 4005 4135 4045)
4(2641 4005 4002 2643)
4(4002 4003 4134 4045)
4(4002 4045 4136 4001)
4(4015 4001 4136 4065)
4(4015 4003 4002 4001)
4(2645 2643 4002 4003)
4(3998 4066 4136 4001)
4(3998 4001 4002 4005)
4(4137 3988 3977 4054)
4(4137 4056 3987 3988)
4(4020 3978 3987 4056)
4(3987 3978 3977 3988)
4(3985 4065 4137 3988)
4(3840 4054 4137 4065)
4(3977 3843 3985 3988)
4(4137 3988 3971 3972)
4(4015 4065 4137 3972)
4(4015 3972 3971 3991)
4(3971 3988 3985 3991)
4(3969 4056 3987 3970)
4(3969 3972 4137 4056)
4(3971 3970 3987 3988)
4(3969 3970 3971 3972)
4(4138 3990 3987 4056)
4(4020 4049 4138 4056)
4(3987 3990 3981 3978)
4(3974 3990 4138 3973)
4(3975 3973 4138 4052)
4(3989 3990 3974 3976)
4(3975 3976 3974 3973)
4(3969 4056 4138 3973)
4(3974 3990 3987 3970)
4(3969 3973 3974 3970)
4(4139 4046 4129 4058)
4(4139 4061 4140 4046)
4(4021 4053 4140 4061)
4(4136 3849 4129 4046)
4(4137 4065 4136 4046)
4(4139 4046 4136 4066)
4(4000 4046 4139 3999)
4(4000 4016 4140 4046)
4(4008 4061 4140 4016)
4(4008 4016 4000 3999)
4(4000 4001 4136 4046)
4(4000 4046 4137 3972)
4(4015 4001 4000 3972)
4(3998 3999 4000 4001)
4(3969 4016 4140 4056)
4(3969 3972 4000 4016)
4(4152 4047 4132 4062)
4(4152 4064 4142 4047)
4(4022 4057 4142 4064)
4(4132 4047 4151 4067)
4(4151 4047 4141 4069)
4(4151 4071 4152 4047)
4(4011 4007 4141 4047)
4(4011 4047 4142 4010)
4(4008 4010 4142 4061)
4(4008 4007 4011 4010)
4(4011 4047 4151 4017)
4(4152 4047 4011 4012)
4(4018 4012 4011 4017)
4(4006 4017 4011 4007)
4(4009 4064 4142 4010)
4(4009 4010 4011 4012)
4(4133 4048 4140 4053)
4(4138 4056 4140 4048)
4(4142 4057 4133 4048)
4(4140 4061 4142 4048)
4(4153 4048 4142 4064)
4(4014 4048 4140 4016)
4(4014 4010 4142 4048)
4(4008 4010 4014 4016)
4(4014 3973 4138 4048)
4(4014 4048 4153 4013)
4(3975 3973 4014 4013)
4(3969 4016 4014 3973)
4(4009 4013 4014 4010)
4(4106 4080 4105 4154)
3(4160 4106 4154)
4(4105 4081 4160 4154)
4(4105 3832 3824 4154)
4(4159 4088 4105 4154)
4(3831 4088 4159 3825)
4(3831 3825 3824 3832)
4(4160 4154 4158 4157)
4(4160 4090 4159 4154)
4(4028 4156 4159 4090)
4(4028 4090 4160 4157)
4(3824 3833 4106 4154)
4(4106 4092 4158 4154)
4(3822 3833 3824 3823)
4(3834 3832 3824 3833)
4(4033 4090 4159 4088)
4(4033 4081 4160 4090)
4(4110 4083 4109 4155)
4(4109 4084 4111 4155)
4(4111 4085 4110 4155)
4(4109 4088 4159 4155)
4(3830 3861 4109 4155)
4(3831 3861 3830 3825)
4(4110 4155 4159 4090)
4(4110 4091 4161 4155)
4(4111 3862 3830 4155)
4(4111 4155 4161 4093)
4(3827 3826 3830 3862)
4(3855 3862 3830 3861)
4(3948 4166 3994 3945)
4(3948 3949 3992 4166)
4(3994 4166 3992 3993)
4(3992 3949 3946 3993)
4(3946 3945 3994 3993)
4(3948 4166 4172 3951)
4(3950 3951 4172 4162)
4(3994 3945 3950 4162)
4(4172 4166 3994 4162)
4(3948 3952 4175 4166)
4(4175 3952 3953 3968)
4(3992 4166 4175 3968)
4(3953 3949 3992 3968)
4(3954 3952 4175 4163)
4(4172 3951 3954 4163)
4(4175 4166 4172 4163)
5(445 4004 3998 4169 441)
4(2641 2642 4176 4005)
4(441 4169 4176 442)
4(3998 4005 4176 4169)
4(393 442 4176 2642)
4(4008 3999 4173 4168)
4(441 451 4173 4169)
4(3998 4169 4173 3999)
4(452 4168 4173 451)
4(4008 4168 4177 4007)
4(455 4170 4177 454)
4(452 454 4177 4168)
4(4006 4007 4177 4170)
4(4179 457 458 4164)
4(458 459 4180 4164)
4(4180 4167 4179 4164)
4(3956 3941 3996 4165)
4(4181 3955 3956 4165)
4(3996 3995 4181 4165)
4(3940 3995 3996 3941)
4(4015 3972 3994 4166)
4(4015 4166 3992 3991)
4(3971 3991 3992 3993)
4(3971 3993 3994 3972)
4(4173 4162 4000 3999)
4(4000 4162 4174 4016)
4(4174 4162 4173 4168)
4(4008 4016 4174 4168)
4(4173 4169 4172 4162)
4(4173 4162 3950 451)
4(441 3951 4172 4169)
4(4174 4162 3994 3997)
4(4174 3957 3950 4162)
4(3944 3957 4174 3997)
4(3944 3997 3994 3945)
4(4000 4162 4172 4001)
4(4000 3972 3994 4162)
4(4015 4001 4172 4166)
4(3998 4169 4172 4001)
4(3969 3997 4174 4016)
4(3969 3972 3994 3997)
4(452 4168 4174 3957)
4(4175 2646 2731 3968)
4(2726 2646 4175 3952)
4(3953 3968 2731 2727)
4(3967 4003 4175 3968)
4(4015 4166 4175 4003)
4(3967 3968 3992 3991)
4(2645 4003 4175 2646)
4(3967 2657 2731 3968)
4(4002 2643 2644 4163)
4(4002 4163 4176 4005)
4(4176 4163 2644 2642)
4(4175 4163 2644 2646)
4(2644 4163 3954 2728)
4(4176 4163 4172 4169)
4(3954 4163 4176 442)
4(4002 4163 4175 4003)
4(4002 4001 4172 4163)
4(4178 4168 4177 4164)
4(4011 4164 4177 4007)
4(4178 4164 4011 4010)
4(4008 4168 4178 4010)
4(458 4164 4177 454)
4(4177 4164 4179 4170)
4(458 466 4178 4164)
4(4180 4164 4178 4171)
4(465 4171 4178 466)
4(4011 4017 4179 4164)
4(4011 4164 4180 4012)
4(452 466 4178 4168)
4(4009 4010 4178 4171)
4(4174 4165 4014 4016)
4(4178 4165 4174 4168)
4(4014 4165 4178 4010)
4(4174 3997 3996 4165)
4(3956 3957 4174 4165)
4(3944 3941 3996 3997)
4(3956 4165 4178 466)
4(4181 4171 4178 4165)
4(4014 4165 3996 3973)
4(4181 4165 4014 4013)
4(3975 3973 3996 3995)
4(3969 3997 3996 3973)
4(4188 3859 3860 3886)
4(4188 3886 3892 3893)
4(4188 3893 3890 3859)
4(3890 3891 3860 3859)
4(3892 3891 3890 3893)
4(3860 3891 3892 3886)
4(4194 3927 3926 4200)
4(4194 4200 3977 3978)
4(3977 4200 3926 3980)
4(4194 3978 3979 3927)
4(4193 4198 4203 4197)
4(4203 3931 3928 4197)
4(3930 3931 4203 4198)
4(4193 4197 3928 3929)
4(3930 3929 3928 3931)
4(4194 4201 4204 4200)
4(4194 3927 3932 4201)
4(3926 4200 4204 3933)
4(4204 4201 3932 3933)
4(3932 3927 3926 3933)
4(4194 4200 4205 4202)
4(4205 4200 3977 3988)
4(3987 4202 4205 3988)
4(4194 4202 3987 3978)
4(4207 4195 4203 4197)
4(4203 4195 4208 4198)
4(4208 4195 4207 4199)
4(4193 4199 4207 4197)
4(4194 4201 4206 4202)
4(4204 4200 4205 4196)
4(4204 4196 4206 4201)
4(4205 4202 4206 4196)
4(4188 3843 3844 3886)
4(4188 3859 3842 3843)
4(3842 3846 3844 3843)
4(3842 3859 3860 3846)
4(4188 4200 3926 3886)
4(4188 3843 3977 4200)
4(4203 3931 3932 4201)
4(4194 3927 3928 4197)
4(4194 4197 4203 4201)
4(3928 3927 3932 3931)
4(4203 3937 3934 3931)
4(3936 3937 4203 4198)
4(3934 3935 3930 3931)
4(3936 3935 3934 3937)
4(3902 3938 3932 4201)
4(3902 4201 4203 3937)
4(3934 3931 3932 3938)
4(3902 3937 3934 3938)
4(4204 3933 3892 3893)
4(4188 4200 4204 3893)
4(3892 3933 3926 3886)
4(3939 3933 4204 3903)
4(3902 3903 4204 4201)
4(3939 3938 3932 3933)
4(3902 3938 3939 3903)
4(3894 3893 4204 3903)
4(3892 3895 3939 3933)
4(3894 3903 3939 3895)
4(3894 3895 3892 3893)
4(3928 3984 3981 4197)
4(4193 4197 3981 3982)
4(4194 3978 3981 4197)
4(3884 3986 3985 4191)
4(4188 4191 3985 3843)
4(4188 3859 3884 4191)
4(4182 3991 3985 4191)
4(4182 3885 3967 3991)
4(4182 4191 3884 3885)
4(4205 4191 3985 3988)
4(4188 4191 4205 4200)
4(3971 4190 4205 3988)
4(4189 4202 4205 4190)
4(4189 3970 3987 4202)
4(4189 4190 3971 3970)
4(4182 4190 4205 4191)
4(4182 3991 3971 4190)
4(4206 4195 4203 4201)
4(4207 4195 4206 4202)
4(4194 4197 4207 4202)
4(3898 3937 4203 4195)
4(4208 3897 3898 4195)
4(3936 3937 3898 3897)
4(3898 3901 4206 4195)
4(3902 4201 4206 3901)
4(3902 3901 3898 3937)
4(4187 4186 4207 4195)
4(4187 4195 4206 4184)
4(4189 4184 4206 4202)
4(4189 4202 4207 4186)
4(4189 4186 4187 4184)
4(4187 4195 4208 4192)
4(3898 4195 4187 3899)
4(3896 3899 4187 4192)
4(3896 3897 3898 3899)
4(4185 4186 4207 4199)
4(4185 4192 4187 4186)
4(3900 3901 4206 4184)
4(3900 4184 4187 3899)
4(3900 3899 3898 3901)
4(3906 4196 4204 3893)
4(3906 4191 4205 4196)
4(4188 4191 3906 3893)
4(4204 4196 3904 3903)
4(3904 4196 4206 3901)
4(3902 3903 3904 3901)
4(3904 3905 3906 4196)
4(3894 3905 3904 3903)
4(3894 3893 3906 3905)
4(4183 4196 4205 4190)
4(4206 4196 4183 4184)
4(4189 4184 4183 4190)
4(4183 3909 3906 4196)
4(4183 4196 3904 3908)
4(3907 3909 4183 3908)
4(3907 3908 3904 3905)
4(3907 3905 3906 3909)
4(4182 3909 3906 4191)
4(4182 4190 4183 3909)
4(3900 3908 4183 4184)
4(3900 3901 3904 3908)
4(3981 3990 4207 4197)
4(4207 3990 3989 4199)
4(3987 3990 4207 4202)
4(3974 3990 4207 4186)
4(4189 3970 3974 4186)
4(4185 4186 3974 3976)
4(4217 4209 3913 3912)
4(3913 4209 3959 3880)
4(3959 4209 4217 3958)
4(3877 3958 4217 3912)
4(3877 3912 3913 3880)
4(3996 3941 3942 4210)
4(3942 3943 4220 4210)
4(4220 3995 3996 4210)
4(3961 3876 3911 4211)
4(3911 3910 4219 4211)
4(4219 3960 3961 4211)
4(3875 3910 3911 3876)
4(3971 3993 4215 4190)
4(4216 3993 3971 3970)
4(4215 3993 4216 4212)
4(4189 4190 4215 4212)
4(4189 4212 4216 3970)
4(4215 3993 3992 4213)
4(4215 3963 3946 3993)
4(3962 4213 3992 3949)
4(3962 3963 4215 4213)
4(4216 3997 3994 3993)
4(4216 3993 3946 3947)
4(3944 3997 4216 3947)
4(4182 3991 3992 4213)
4(4182 4213 4215 4190)
4(3969 3970 4216 3997)
4(3964 4212 4215 3963)
4(3964 3947 4216 4212)
4(3888 4213 3992 3968)
4(3962 4213 3888 3883)
4(3953 3883 3888 3968)
4(4182 3885 3888 4213)
4(3888 3885 3967 3968)
4(3915 4213 3888 3889)
4(3962 4213 3915 3881)
4(3915 3889 3882 3881)
4(3882 3889 3888 3883)
4(4182 3885 3887 3909)
4(4182 3909 3915 4213)
4(3915 3909 3887 3889)
4(3887 3885 3888 3889)
4(3906 3916 3884 4191)
4(3890 3916 3906 3893)
4(3884 3916 3890 3859)
4(3906 3916 3887 3909)
4(3884 3885 3887 3916)
4(4183 4209 3913 3908)
4(4183 4184 4217 4209)
4(3900 3912 4217 4184)
4(3900 3908 3913 3912)
4(3915 3914 3913 4209)
4(3959 3881 3915 4209)
4(3878 3880 3913 3914)
4(3878 3914 3915 3881)
4(4183 4209 3915 3909)
4(3907 3914 3913 3908)
4(3907 3909 3915 3914)
4(4215 4209 4183 4190)
4(4217 4209 4215 4212)
4(4189 4184 4217 4212)
4(4215 4213 3915 4209)
4(3959 3963 4215 4209)
4(3964 4212 4217 3958)
4(3974 4210 4216 3970)
4(4216 4210 4218 4212)
4(4218 4210 3974 4186)
4(4189 4212 4218 4186)
4(3996 3997 4216 4210)
4(3942 4210 4216 3947)
4(3942 3966 4218 4210)
4(4220 4210 4218 4214)
4(3965 4214 4218 3966)
4(3974 3973 3996 4210)
4(3974 4210 4220 3976)
4(3964 3966 4218 4212)
4(4185 4186 4218 4214)
4(3911 4211 4217 3912)
4(4217 4211 3961 3958)
4(3877 3876 3911 3912)
4(4187 3899 3911 4211)
4(4187 4211 4217 4184)
4(3900 3912 3911 3899)
4(4187 4192 4219 4211)
4(3896 3899 3911 3910)
4(4217 4212 4218 4211)
4(4187 4211 4218 4186)
4(3961 4211 4218 3966)
4(4218 4211 4219 4214)
4(2731 3968 3888 2732)
4(2656 2732 3888 3885)
4(2730 3883 3888 2732)
3(4112 4222 4089)
3(4028 4157 4076)
4(4113 4094 4116 4221)
3(4033 4098 4081)
3(4117 4090 4160)
4(3919 3920 4228 4226)
4(3385 3386 4228 3866)
4(3864 3866 4228 3920)
4(3387 4226 4228 3386)
4(3389 3917 4229 3388)
4(3919 4226 4229 3918)
4(3829 3918 4229 3917)
4(3387 3388 4229 4226)
5(3384 3819 3829 3917 3389)
4(3869 3870 3871 4224)
4(3871 4225 4231 4224)
4(4231 3868 3869 4224)
4(4228 4224 3922 3920)
4(4230 3921 3922 4224)
4(4230 4224 4228 4226)
4(3919 3921 4230 4226)
4(3871 4224 4228 3866)
4(4228 4224 3869 3386)
4(3922 4224 3871 3865)
4(4231 4224 3922 3924)
4(4231 4227 4230 4224)
4(3869 4224 4230 3873)
4(3872 3873 4230 4227)
4(3925 4227 4230 3921)
4(3387 4226 4230 3873)
4(4230 3931 3928 3921)
4(3932 3931 4230 4226)
4(3919 3927 3932 4226)
4(3930 3931 4230 4227)
4(3934 3873 4230 3931)
4(3872 3873 3934 3935)
4(3387 4226 3932 3938)
4(3387 3938 3934 3873)
4(3892 3917 4229 3933)
4(3939 3933 4229 3388)
4(3389 3895 3939 3388)
4(3389 3917 3892 3895)
4(4229 3918 3926 3933)
4(4229 3933 3932 4226)
4(3829 3886 3892 3917)
4(3387 3388 3939 3938)
4(3395 3935 3934 3394)
4(3934 3937 3393 3394)
4(3936 3396 3393 3937)
4(3939 3895 3397 3398)
4(3399 3903 3939 3398)
4(3894 3400 3397 3895)
4(3894 3903 3399 3400)
4(3934 3394 3401 3873)
4(3934 3938 3402 3394)
4(3902 3404 3402 3938)
4(3902 3937 3393 3404)
4(3387 3938 3402 3392)
4(3390 3398 3939 3388)
4(3389 3895 3397 3391)
4(3939 3398 3402 3938)
4(3902 3404 3399 3903)
4(3393 3937 3898 3406)
4(3898 3897 3405 3406)
4(3898 3406 3407 3901)
4(3902 3901 3407 3404)
4(3397 3895 4235 3411)
4(4235 4234 3410 3411)
4(3894 4234 4235 3895)
4(3894 3400 3410 4234)
4(2608 2664 4236 3408)
4(3389 3408 4236 3917)
4(2663 3839 4236 2664)
4(3829 3917 4236 3839)
5(3829 3839 2663 2637 3819)
4(3384 3819 2637 2597)
4(4235 3408 3409 3411)
4(4235 3411 2611 2667)
4(2608 3408 4235 2667)
4(3389 3895 4235 3408)
4(2668 2667 4235 4234)
4(2668 4234 3410 2613)
4(2661 2662 3890 3891)
4(2661 3891 3860 2660)
4(2650 3859 3890 2662)
4(2650 2660 3860 3859)
4(4235 3895 3892 3891)
4(3890 4234 4235 3891)
4(3894 4234 3890 3893)
4(4236 3408 4235 3891)
4(4235 2667 2661 3891)
4(4236 3891 2661 2664)
4(3892 3891 4236 3917)
4(2668 2662 3890 4234)
4(4236 3891 3860 3839)
4(2663 3839 3860 2660)
4(3875 3415 3412 3876)
4(3911 3876 3412 3413)
4(3414 3910 3911 3413)
4(3412 3876 384 379)
4(2669 2670 4237 4233)
4(4237 2670 2616 3416)
4(3417 4233 4237 3416)
4(2669 4233 3417 2615)
4(3877 3912 3420 3421)
4(3913 3419 3420 3912)
4(3418 3419 3913 3880)
4(3877 3421 3418 3880)
4(3900 3423 3407 3901)
4(3900 3899 3422 3423)
4(3898 3406 3422 3899)
4(3900 3423 3424 3908)
4(3904 3908 3424 3425)
4(3407 3901 3904 3425)
4(2665 2670 4237 3916)
4(4237 4233 3887 3916)
4(3887 2666 2665 3916)
4(2669 2666 3887 4233)
4(3911 3912 3420 3413)
4(3877 3876 3412 3421)
4(3911 3899 3422 3413)
4(3900 3912 3420 3423)
4(3896 3899 3422 3426)
4(3877 387 380 3421)
4(3428 3914 4232 3427)
4(3878 3914 3428 3429)
4(3878 3429 2705 3879)
4(3878 3879 4232 3914)
4(4232 3879 2705 3427)
4(3907 4233 3417 3430)
4(3907 3430 3428 3914)
4(3907 3914 4232 4233)
4(4232 3427 3417 4233)
4(3410 3416 4237 4234)
4(2668 4234 4237 2670)
4(4237 3905 3431 3416)
4(3894 3400 3431 3905)
4(3894 3905 4237 4234)
4(3907 3905 3431 3430)
4(3907 4233 4237 3905)
4(3913 3419 3424 3908)
4(3913 3914 3428 3419)
4(3878 3880 3418 3429)
4(3907 3430 3424 3908)
4(3431 3905 3904 3425)
4(3904 3903 3399 3425)
4(3878 3429 382 389)
4(2705 3879 388 288)
4(386 383 3418 3880)
4(4232 3914 3915 3889)
4(3882 3879 4232 3889)
4(3907 3909 3887 4233)
4(3887 3889 4232 4233)
4(4237 3916 3890 4234)
4(3890 3916 2665 2662)
4(3906 3905 4237 3916)
4(3884 2651 2665 3916)
4(2656 3885 3887 2666)
4(2724 3879 2705 2721)
4(2724 2725 4232 3879)
4(4232 2725 2720 3427)
4(4232 3889 2733 2725)
4(3882 2729 2733 3889)
4(2669 4233 4232 2725)
4(2733 2666 3887 3889)
4(3888 3889 2733 2732)
4(2676 2677 4262 4261)
7(3820 3823 3822 4246 2675 2676 4261)
4(2673 4243 4250 2672)
4(3831 4245 4250 3832)
4(3834 3832 4250 4243)
4(2671 2672 4250 4245)
4(2673 2674 4251 4243)
4(3822 3833 4251 4246)
4(2675 4246 4251 2674)
4(3834 4243 4251 3833)
4(2671 4245 4262 2677)
4(3820 4261 4262 3825)
4(3831 3825 4262 4245)
4(3835 3836 4252 4242)
4(4252 3836 3837 4238)
3(4242 4252 4238)
4(2676 4261 4263 2679)
5(3820 4261 2676 2637 3819)
4(2663 2680 3838 3839)
4(3827 3828 3838 4247)
4(2678 4247 3838 2680)
4(2678 2679 4263 4247)
4(3820 3826 4263 4261)
4(3827 4247 4263 3826)
4(3840 3841 4254 3845)
4(4254 3841 3842 3846)
4(3844 3845 4254 3846)
4(2682 4260 4263 2679)
4(2682 2677 4262 4260)
4(4263 4260 4262 4261)
4(3848 3836 4252 4240)
4(4252 4242 4259 4240)
4(4259 3847 3848 4240)
4(3850 3841 4254 4241)
4(3851 3849 3850 4241)
4(4254 3845 3851 4241)
4(2687 4244 4257 2686)
4(3857 4248 4257 3856)
4(3855 3856 4257 4244)
4(2685 2686 4257 4248)
4(3853 3854 4258 3858)
4(2647 3858 4258 2688)
4(2687 2688 4258 4244)
4(3855 4244 4258 3854)
4(2675 2702 4265 4246)
4(2638 3444 4265 2702)
4(3822 4246 4265 3821)
4(3443 3821 4265 3444)
5(2637 3819 3443 3444 2638)
4(2675 2696 4249 4246)
4(2701 2702 4265 4264)
4(4265 4246 4249 4264)
3(4243 4250 4238)
4(2689 4238 4250 2672)
4(3837 4238 4250 3832)
4(4250 4238 4252 4245)
4(3831 4245 4252 3836)
4(4252 4238 2689 2693)
4(2691 4242 4252 2693)
4(2671 2693 4252 4245)
4(4251 4239 2695 2674)
4(4253 4239 4251 4243)
4(4249 4239 4251 4246)
3(3833 4251 4239)
3(3822 4249 4246)
4(3842 2653 2681 3846)
4(2681 2660 3860 3846)
4(4254 2684 2681 3846)
4(2654 2684 4254 3841)
4(3838 3846 2681 2680)
4(4254 3846 3838 4247)
4(3827 3845 4254 4247)
4(2678 4247 4254 2684)
4(2697 2698 4255 4240)
4(4257 4240 4255 4244)
4(2697 4240 4257 2686)
4(2687 4244 4255 2698)
4(4252 4240 4255 4245)
4(4255 4240 3848 3861)
4(3831 4245 4255 3861)
4(2697 4240 4252 2693)
4(4259 4240 2697 2699)
4(3848 4240 4257 3856)
4(4259 4248 4257 4240)
4(2671 2698 4255 4245)
4(3855 3861 4255 4244)
4(3850 2659 2683 4241)
4(4254 4241 2683 2684)
4(3850 4241 4258 3858)
4(3851 3854 4258 4241)
4(4258 2688 2683 4241)
4(2683 4241 4256 2700)
4(4256 4241 4258 4244)
4(2687 2700 4256 4244)
4(4254 4247 4256 4241)
4(3851 4241 4256 3862)
4(3827 3862 4256 4247)
4(2678 4247 4256 2700)
4(3855 4244 4256 3862)
4(2682 4260 4256 2700)
4(4256 4260 4263 4247)
4(2682 2698 4255 4260)
4(4255 4245 4262 4260)
4(4256 4244 4255 4260)
4(4262 3825 3830 4260)
4(3830 3826 4263 4260)
4(4255 3861 3830 4260)
4(4256 4260 3830 3862)
4(3445 3444 4265 4264)
3(4264 4265 3821)
4(4428 4422 4429 4421)
4(4429 58 59 4421)
4(59 60 4428 4421)
5(67 62 63 4423 4412)
4(4412 4423 4426 4413)
4(65 4424 4426 64)
4(63 64 4426 4423)
4(4414 4413 4426 4424)
5(67 4412 4413 4414 66)
5(72 4412 4423 63 71)
4(4412 4416 4427 4423)
4(69 70 4427 4425)
4(63 4423 4427 70)
4(4415 4425 4427 4416)
5(4415 4416 4412 72 73)
4(72 4412 67 75)
4(4426 4421 4427 4423)
4(4427 4421 4417 4416)
4(4417 4421 4426 4413)
4(4412 4416 4417 4413)
4(4428 4420 4417 4421)
4(4429 4421 4417 4419)
4(4418 4419 4417 4420)
4(4426 64 59 4421)
4(4429 4424 4426 4421)
4(4427 4421 59 70)
4(4428 4421 4427 4425)
4(4415 4420 4417 4416)
4(4414 4413 4417 4419)
4(4407 4406 4441 4440)
4(4355 4329 4407 4440)
4(4441 4356 4355 4440)
4(4326 4406 4407 4329)
4(4326 4329 4355 4356)
4(4468 4453 4531 4499)
4(4468 4481 4449 4453)
4(4532 4499 4531 4490)
4(4449 4481 4532 4490)
4(4531 4453 4449 4490)
4(4468 4499 4532 4481)
5(4478 4482 4522 4486 4481)
5(4486 4518 4450 4449 4481)
4(4478 4481 4449 4448)
4(4450 4518 4533 4451)
4(4482 4523 4533 4522)
4(4486 4522 4533 4518)
4(4447 4451 4533 4523)
5(4447 4448 4449 4450 4451)
6(0 24 4499 4468 4498 4431)
4(24 30 4531 4499)
4(31 4444 4531 30)
4(4443 4453 4531 4444)
4(4431 4498 4452 4436)
4(4468 4453 4452 4498)
6(31 1 4437 4442 4443 4444)
4(4443 4442 4452 4453)
4(4437 4436 4452 4442)
5(0 4431 4436 4437 1)
4(4432 4433 4534 4497)
4(4534 4433 4439 4455)
4(4454 4497 4534 4455)
4(4439 4438 4454 4455)
4(4432 4438 4439 4433)
4(54 76 4535 25)
4(26 4491 77 56)
4(26 25 4535 4491)
4(4535 76 77 4491)
5(4486 4481 4487 4480 4519)
5(4489 4521 4480 4487 4483)
4(4478 4483 4487 4481)
4(4480 4521 4536 4519)
4(4482 4522 4536 4524)
4(4486 4519 4536 4522)
4(4489 4524 4536 4521)
5(4486 4518 4450 4460 4469)
4(4468 4481 4486 4469)
4(4468 4469 4460 4453)
4(4449 4453 4460 4450)
4(4479 4514 4538 4513)
4(4548 4513 4538 4492)
4(4538 4514 4547 4492)
4(4547 4515 4548 4492)
5(4470 4469 4486 4525 4484)
4(4470 4463 4460 4469)
4(4450 4462 4537 4518)
4(4484 4525 4537 4526)
4(4486 4518 4537 4525)
4(4461 4526 4537 4462)
5(4461 4462 4450 4460 4463)
5(4472 4480 4519 4486 4469)
4(4472 4471 4487 4480)
4(4468 4481 4487 4471)
4(4468 4471 4472 4469)
4(4538 4513 4552 4493)
4(4550 4514 4538 4493)
4(4552 4516 4550 4493)
5(4472 4480 4520 4488 4473)
4(4480 4519 4539 4520)
4(4484 4527 4539 4525)
4(4486 4525 4539 4519)
4(4488 4520 4539 4527)
4(4470 4469 4472 4473)
5(4472 79 4475 4505 4480)
5(4487 4480 4505 4475 80)
4(78 80 4475 79)
4(78 4471 4487 80)
4(78 79 4472 4471)
4(4474 4500 4542 4502)
4(4474 4501 4543 4500)
4(4543 4494 4542 4500)
4(4554 4494 4543 4501)
4(4554 4502 4542 4494)
5(81 79 4475 4504 4477)
4(4475 4505 4541 4504)
4(4477 4504 4541 4510)
4(4480 4520 4541 4505)
4(4488 4510 4541 4520)
4(81 4473 4472 79)
5(82 4474 4500 4475 80)
4(82 80 4487 4483)
4(4475 4500 4542 4505)
4(4480 4505 4542 4521)
4(4489 4521 4542 4502)
5(72 4412 4506 4475 79)
5(4475 4506 4412 67 80)
4(4474 4503 4545 4500)
4(4545 4495 4543 4500)
4(4543 4495 4556 4501)
4(4556 4495 4545 4503)
4(4475 4504 4544 4506)
4(4477 4511 4544 4504)
4(4412 4506 4544 4416)
4(4415 4416 4544 4511)
4(4475 4506 4545 4500)
4(4412 4413 4545 4506)
4(4414 4503 4545 4413)
4(4468 4471 4535 4499)
4(24 4499 4535 25)
4(78 76 4535 4471)
4(4431 4430 4546 4498)
4(4468 4498 4546 4471)
4(78 4471 4546 84)
4(83 84 4546 4430)
5(0 49 83 4430 4431)
4(4434 4433 4534 4496)
4(4534 4497 4557 4496)
4(4557 4435 4434 4496)
4(4432 4433 4434 4435)
4(4407 35 4530 4440)
4(4441 4440 4530 4517)
4(34 4517 4530 35)
4(34 35 4407 4406)
4(4445 4444 4530 4440)
4(31 35 4530 4444)
4(31 4444 4445 4408)
4(4407 4408 4445 4440)
4(31 4408 4407 35)
4(4457 4456 4530 4440)
4(4443 4444 4530 4456)
4(4443 4446 4445 4444)
4(4443 4456 4457 4446)
4(4445 4446 4457 4440)
4(4458 4456 4530 4517)
4(4458 4459 4457 4456)
4(4441 4440 4457 4459)
4(32 4490 4532 27)
4(32 30 4531 4490)
4(24 27 4532 4499)
4(4532 4512 4549 4490)
4(4549 33 32 4490)
4(28 4512 4532 27)
4(4549 4490 4449 4448)
4(4478 4481 4532 4512)
4(32 4490 4530 35)
4(4549 4517 4530 4490)
4(4530 4444 4531 4490)
4(4449 4490 4530 4456)
4(4443 4453 4449 4456)
4(4458 4456 4449 4448)
4(4452 4455 4534 4498)
4(4431 4498 4534 4433)
4(4439 4455 4452 4436)
4(4431 4433 4439 4436)
4(4534 4469 4460 4455)
4(4468 4469 4534 4498)
4(4460 4453 4452 4455)
4(4470 4497 4534 4469)
4(4454 4463 4460 4455)
4(4551 4491 77 86)
4(26 4491 4551 29)
4(4535 4499 4532 4491)
4(4487 4471 4535 4491)
4(4487 4491 4532 4481)
4(4532 4491 26 27)
4(77 4491 4487 80)
4(4551 4491 4487 4483)
4(4551 4512 4532 4491)
4(4537 4518 4533 4492)
4(4537 4492 4464 4462)
4(4464 4492 4533 4451)
4(4450 4462 4464 4451)
4(4538 4492 4533 4522)
4(4533 4492 4548 4523)
4(4482 4513 4538 4522)
4(4538 4525 4537 4492)
4(4547 4492 4537 4526)
4(4484 4525 4538 4514)
4(4547 4467 4464 4492)
4(4548 4492 4464 4466)
4(4465 4466 4464 4467)
4(4486 4522 4538 4525)
4(4461 4467 4464 4462)
4(4447 4451 4464 4466)
4(4539 4493 4536 4519)
4(4540 4493 4539 4520)
4(4540 4521 4536 4493)
4(4480 4521 4540 4520)
4(4536 4493 4538 4522)
4(4552 4493 4536 4524)
4(4539 4525 4538 4493)
4(4550 4527 4539 4493)
4(4550 4493 4540 4528)
4(4552 4529 4540 4493)
4(4485 4528 4540 4529)
4(4488 4520 4540 4528)
4(4489 4529 4540 4521)
4(4543 4494 4541 4504)
4(4542 4505 4541 4494)
4(4475 4500 4543 4504)
4(4543 4507 4553 4494)
4(4553 4508 4554 4494)
4(4476 4507 4543 4501)
4(4553 4494 4541 4510)
4(4477 4504 4543 4507)
4(4541 4494 4540 4520)
4(4540 4494 4542 4521)
4(4553 4528 4540 4494)
4(4554 4494 4540 4529)
4(4544 4495 4543 4504)
4(4545 4495 4544 4506)
4(4555 4507 4543 4495)
4(4556 4509 4555 4495)
4(4555 4511 4544 4495)
4(4417 4495 4544 4416)
4(4545 4495 4417 4413)
4(4555 4495 4417 4420)
4(4556 4419 4417 4495)
4(4534 4496 4546 4498)
4(4434 4430 4546 4496)
4(4431 4430 4434 4433)
4(4472 4469 4534 4496)
4(4546 4471 4472 4496)
4(4472 4473 4557 4496)
4(85 79 4472 4496)
4(85 4496 4546 84)
4(4557 4496 85 87)
4(4434 4496 85 89)
4(88 4435 4434 89)
4(83 89 4434 4430)
4(4359 4358 4632 4595)
4(4630 4360 4359 4595)
4(4632 4599 4630 4595)
4(4357 4358 4359 4360)
4(4331 4364 4445 4408)
4(4363 4446 4445 4364)
4(4443 4446 4623 4442)
4(4361 4558 4623 4362)
4(4437 4442 4623 4558)
4(4363 4362 4623 4446)
5(4330 1 4437 4558 4361)
5(4330 4331 4408 31 1)
6(4330 4361 4362 4363 4364 4331)
4(4367 4366 4631 4596)
4(4559 4368 4367 4596)
4(4631 4560 4559 4596)
4(4365 4368 4559 4560)
4(4365 4366 4367 4368)
5(4592 4605 4585 4591 4587)
5(4457 4585 4605 4592 4456)
4(4591 4585 4457 4446)
4(4443 4456 4592 4587)
4(4443 4587 4591 4446)
5(4594 4607 4585 4457 4459)
5(4371 4370 4457 4585 4608)
4(4369 4459 4457 4370)
4(4585 4607 4620 4608)
4(4373 4372 4620 4610)
4(4594 4610 4620 4607)
4(4371 4608 4620 4372)
5(4369 4370 4371 4372 4373)
5(4593 4588 4591 4585 4606)
5(4371 4608 4585 4591 4377)
4(4585 4608 4621 4606)
4(4375 4611 4621 4376)
4(4593 4606 4621 4611)
4(4371 4376 4621 4608)
4(4374 4377 4591 4588)
5(4374 4375 4376 4371 4377)
4(4583 4602 4627 4603)
4(4633 4601 4635 4597)
4(4627 4602 4633 4597)
4(4635 4603 4627 4597)
5(4584 4587 4592 4614 4589)
4(4584 4588 4591 4587)
4(4585 4606 4625 4605)
4(4589 4614 4625 4615)
4(4592 4605 4625 4614)
4(4593 4615 4625 4606)
5(4458 4590 4617 4592 4456)
4(4585 4605 4626 4607)
4(4590 4618 4626 4617)
4(4592 4617 4626 4605)
4(4594 4607 4626 4618)
4(4363 4370 4457 4446)
4(4363 4446 4591 4377)
4(4363 4377 4371 4370)
5(4460 4450 4609 4592 4587)
5(4592 4609 4450 4449 4456)
4(4443 4453 4460 4587)
4(4636 4600 4634 4598)
4(4634 4602 4627 4598)
4(4627 4603 4636 4598)
4(4584 4587 4460 4463)
4(4450 4609 4628 4462)
4(4589 4616 4628 4614)
4(4592 4614 4628 4609)
4(4461 4462 4628 4616)
4(4450 4451 4629 4609)
4(4590 4617 4629 4619)
4(4592 4609 4629 4617)
4(4447 4619 4629 4451)
4(4355 4364 4445 4440)
4(4331 4329 4407 4408)
4(4331 4364 4355 4329)
4(4355 4440 4457 4370)
4(4369 4356 4355 4370)
4(4363 4370 4355 4364)
4(4622 4595 4621 4606)
4(4620 4595 4622 4607)
4(4621 4595 4620 4608)
4(4585 4607 4622 4606)
4(4632 4595 4620 4610)
4(4359 4372 4620 4595)
4(4373 4372 4359 4358)
4(4630 4611 4621 4595)
4(4359 4595 4621 4376)
4(4375 4360 4359 4376)
4(4630 4595 4622 4612)
4(4632 4613 4622 4595)
4(4586 4612 4622 4613)
4(4593 4606 4622 4612)
4(4594 4613 4622 4607)
4(4371 4376 4359 4372)
4(4624 4596 4623 4442)
4(4624 4587 4591 4596)
4(4623 4596 4591 4446)
4(4443 4587 4624 4442)
4(4631 4596 4591 4588)
4(4367 4377 4591 4596)
4(4374 4377 4367 4366)
4(4559 4558 4623 4596)
4(4367 4596 4623 4362)
4(4361 4558 4559 4368)
4(4361 4368 4367 4362)
4(4559 4596 4624 4562)
4(4631 4604 4624 4596)
4(4561 4562 4624 4604)
4(4561 4560 4559 4562)
4(4437 4442 4624 4562)
4(4437 4562 4559 4558)
4(4584 4604 4624 4587)
4(4363 4362 4367 4377)
4(4624 4442 4452 4455)
4(4624 4455 4460 4587)
4(4439 4562 4624 4455)
4(4454 4455 4624 4604)
4(4561 4562 4439 4438)
4(4437 4436 4439 4562)
4(4626 4597 4625 4605)
4(4625 4597 4622 4606)
4(4622 4597 4626 4607)
4(4633 4612 4622 4597)
4(4635 4597 4622 4613)
4(4627 4614 4625 4597)
4(4633 4597 4625 4615)
4(4589 4614 4627 4602)
4(4627 4597 4626 4617)
4(4635 4618 4626 4597)
4(4590 4603 4627 4617)
4(4592 4617 4627 4614)
4(4629 4609 4628 4598)
4(4464 4598 4628 4462)
4(4629 4598 4464 4451)
4(4634 4598 4464 4467)
4(4636 4466 4464 4598)
4(4628 4614 4627 4598)
4(4634 4616 4628 4598)
4(4629 4598 4627 4617)
4(4636 4598 4629 4619)
4(4431 4565 4662 4430)
4(48 93 4663 47)
4(4564 4638 4662 4565)
4(94 92 4662 4638)
4(83 4430 4662 92)
4(4564 4563 4663 4638)
4(4 47 4663 4563)
4(94 4638 4663 93)
6(0 4 4563 4564 4565 4431)
4(4566 4565 4662 4646)
4(4566 4646 4434 4433)
4(4434 4646 4662 4430)
4(4431 4565 4566 4433)
4(51 53 95 4647)
4(51 4647 4663 47)
4(95 93 4663 4647)
5(4642 4572 4571 4652 4637)
5(4571 4570 4643 4637 4652)
4(4643 4638 4642 4637)
4(4564 4572 4642 4638)
4(4564 4638 4643 4570)
4(4564 4570 4571 4572)
5(4644 4654 4637 4642 4639)
4(4573 4639 4642 4572)
4(4637 4654 4664 4652)
4(4575 4574 4664 4656)
4(4571 4652 4664 4574)
4(4644 4656 4664 4654)
5(4573 4572 4571 4574 4575)
4(4578 4577 4671 4648)
4(4672 4579 4578 4648)
4(4671 4650 4672 4648)
4(4576 4577 4578 4579)
5(4645 4641 4643 4637 4655)
4(4580 4570 4643 4641)
4(4637 4652 4665 4655)
4(4581 4657 4665 4582)
4(4571 4582 4665 4652)
4(4645 4655 4665 4657)
5(4580 4581 4582 4571 4570)
5(99 100 4642 4637 4653)
5(99 4653 4637 4643 97)
4(94 4638 4642 100)
4(94 97 4643 4638)
4(4674 4651 4673 4649)
4(4673 102 103 4649)
4(103 104 4674 4649)
4(105 100 4642 4639)
4(4637 4653 4667 4654)
4(107 4660 4667 106)
4(99 106 4667 4653)
4(4644 4654 4667 4660)
4(98 4641 4643 97)
4(4637 4655 4668 4653)
4(108 109 4668 4661)
4(99 4653 4668 109)
4(4645 4661 4668 4655)
4(4566 4572 4642 4646)
4(4642 4638 4662 4646)
4(4564 4572 4566 4565)
4(4669 4567 4566 4646)
4(4434 4435 4669 4646)
4(4432 4433 4566 4567)
4(4669 4639 4642 4646)
4(4573 4567 4566 4572)
4(4662 4646 90 92)
4(4642 100 90 4646)
4(4434 89 90 4646)
4(4669 4646 90 91)
4(4670 4647 51 50)
4(4670 96 95 4647)
4(4569 4563 4663 4647)
4(4569 4647 4643 4570)
4(4663 4638 4643 4647)
4(4564 4563 4569 4570)
4(51 4647 4569 6)
4(4 6 4569 4563)
4(4569 4647 4670 4568)
4(4670 4647 4643 4641)
4(4580 4570 4569 4568)
4(5 4568 4569 6)
4(95 97 4643 4647)
4(4665 4648 4664 4652)
4(4666 4654 4664 4648)
4(4666 4648 4665 4655)
4(4637 4654 4666 4655)
4(4664 4648 4578 4574)
4(4671 4648 4664 4656)
4(4575 4574 4578 4577)
4(4578 4648 4665 4582)
4(4672 4657 4665 4648)
4(4581 4579 4578 4582)
4(4671 4658 4666 4648)
4(4672 4648 4666 4659)
4(4640 4659 4666 4658)
4(4571 4582 4578 4574)
4(4644 4658 4666 4654)
4(4645 4655 4666 4659)
4(4668 4653 4667 4649)
4(4666 4649 4667 4654)
4(4668 4649 4666 4655)
4(4673 4649 4666 4658)
4(4674 4659 4666 4649)
4(103 4649 4667 106)
4(4673 4660 4667 4649)
4(103 109 4668 4649)
4(4674 4649 4668 4661)
4(4675 4685 4725 4702)
4(2 3 4726 4701)
6(2 4701 4675 4702 4437 1)
4(4437 4702 4725 4436)
4(4431 4436 4725 4565)
4(4564 4565 4725 4685)
4(4675 4701 4726 4685)
4(4564 4685 4726 4563)
4(4 4563 4726 3)
4(4675 4685 4689 4677)
4(4675 4677 4727 4702)
4(4727 4694 4725 4702)
4(4689 4694 4727 4677)
4(4725 4694 4689 4685)
4(2 10 4728 4701)
4(4728 4695 4726 4701)
4(7 4695 4728 10)
4(7 3 4726 4695)
5(4571 4572 4689 4684 4718)
5(4690 4570 4571 4718 4684)
4(4689 4685 4690 4684)
4(4564 4685 4689 4572)
4(4564 4570 4690 4685)
5(4691 4686 4689 4684 4719)
4(4573 4572 4689 4686)
4(4684 4718 4729 4719)
4(4575 4721 4729 4574)
4(4571 4574 4729 4718)
4(4691 4719 4729 4721)
4(4739 4577 4578 4696)
4(4578 4579 4742 4696)
4(4742 4717 4739 4696)
5(4692 4720 4684 4690 4688)
4(4580 4688 4690 4570)
4(4684 4720 4730 4718)
4(4581 4582 4730 4722)
4(4571 4718 4730 4582)
4(4692 4722 4730 4720)
5(4681 4710 4684 4689 4677)
5(4681 4679 4690 4684 4710)
4(4675 4679 4681 4677)
4(4675 4685 4690 4679)
4(4680 4705 4733 4707)
4(4680 4706 4734 4705)
4(4734 4697 4733 4705)
4(4744 4697 4734 4706)
4(4744 4707 4733 4697)
5(4676 4677 4681 4709 4683)
4(4676 4686 4689 4677)
4(4681 4710 4732 4709)
4(4683 4709 4732 4715)
4(4684 4719 4732 4710)
4(4691 4715 4732 4719)
5(4678 4680 4705 4681 4679)
4(4678 4679 4690 4688)
4(4681 4705 4733 4710)
4(4684 4710 4733 4720)
4(4692 4720 4733 4707)
4(4675 4702 4735 4693)
4(2 4701 4736 4409)
4(4437 4558 4735 4702)
4(4361 4380 4735 4558)
4(4379 4693 4735 4380)
4(4675 4693 4736 4701)
4(4345 4409 4736 4378)
4(4379 4378 4736 4693)
5(4330 1 2 4409 4345)
6(4330 4345 4378 4379 4380 4361)
4(4675 4677 4387 4693)
4(4735 4698 4727 4702)
4(4727 4698 4387 4677)
4(4387 4698 4735 4693)
4(4728 4701 4736 4699)
4(4410 10 4728 4699)
4(4410 4699 4736 4409)
4(2 10 4410 4409)
4(4384 4693 4387 4385)
4(4379 4383 4387 4693)
4(4379 4693 4384 4381)
4(4379 4381 4382 4383)
5(4382 4381 4384 4385 4386)
5(4387 4383 4382 4386 4385)
5(4681 4677 4387 4385 4711)
5(4681 4711 4385 4384 4679)
4(4675 4679 4384 4693)
4(4680 4708 4738 4705)
4(4738 4700 4734 4705)
4(4734 4700 4748 4706)
4(4748 4700 4738 4708)
4(4676 4677 4387 4395)
4(4681 4709 4737 4711)
4(4683 4716 4737 4709)
4(4385 4711 4737 4396)
4(4394 4396 4737 4716)
5(4394 4395 4387 4385 4396)
4(4678 4392 4384 4679)
4(4681 4711 4738 4705)
4(4385 4391 4738 4711)
4(4390 4708 4738 4391)
5(4390 4391 4385 4384 4392)
4(4439 4562 4727 4694)
4(4439 4694 4725 4436)
4(4437 4702 4727 4562)
4(4740 4694 4727 4703)
4(4740 4686 4689 4694)
4(4676 4703 4727 4677)
4(4740 4694 4439 4438)
4(4561 4562 4727 4703)
4(4566 4694 4725 4565)
4(4439 4694 4566 4433)
4(4566 4694 4689 4572)
4(4566 4567 4740 4694)
4(4728 4695 4690 4679)
4(4690 4695 4726 4685)
4(4675 4701 4728 4679)
4(4741 4704 4728 4695)
4(4741 4695 4690 4688)
4(4678 4679 4728 4704)
4(7 4695 4741 8)
4(9 4704 4728 10)
4(4726 4563 4569 4695)
4(4569 4570 4690 4695)
4(4569 4695 7 6)
4(4741 4695 4569 4568)
4(4730 4718 4729 4696)
4(4731 4696 4729 4719)
4(4730 4696 4731 4720)
4(4684 4720 4731 4719)
4(4578 4696 4729 4574)
4(4729 4696 4739 4721)
4(4578 4582 4730 4696)
4(4742 4696 4730 4722)
4(4739 4696 4731 4723)
4(4742 4724 4731 4696)
4(4687 4723 4731 4724)
4(4691 4719 4731 4723)
4(4692 4724 4731 4720)
4(4734 4697 4732 4709)
4(4733 4710 4732 4697)
4(4681 4705 4734 4709)
4(4734 4712 4743 4697)
4(4743 4713 4744 4697)
4(4682 4712 4734 4706)
4(4743 4697 4732 4715)
4(4683 4709 4734 4712)
4(4732 4697 4731 4719)
4(4731 4697 4733 4720)
4(4743 4723 4731 4697)
4(4744 4697 4731 4724)
4(4559 4698 4727 4562)
4(4559 4558 4735 4698)
4(4745 4703 4727 4698)
4(4745 4698 4387 4395)
4(4559 4698 4745 4560)
4(4398 4698 4559 4368)
4(4398 4380 4735 4698)
4(4361 4380 4398 4368)
4(4745 4399 4398 4698)
4(4365 4368 4398 4399)
4(4387 4698 4398 4383)
4(4379 4383 4398 4380)
4(4397 4383 4387 4395)
4(4397 4399 4398 4383)
4(4384 4699 4728 4679)
4(4736 4699 4384 4693)
4(4728 4704 4746 4699)
4(4746 4392 4384 4699)
4(4746 4699 4410 4411)
4(9 4411 4410 10)
4(4389 4699 4736 4378)
4(4410 4699 4389 4388)
4(4345 4409 4410 4388)
4(4345 4388 4389 4378)
4(4389 4699 4384 4381)
4(4379 4378 4389 4381)
4(4389 4401 4746 4699)
4(4400 4388 4410 4411)
4(4400 4401 4389 4388)
4(4393 4392 4384 4381)
4(4393 4381 4389 4401)
4(4737 4700 4734 4709)
4(4738 4700 4737 4711)
4(4747 4712 4734 4700)
4(4748 4714 4747 4700)
4(4747 4716 4737 4700)
4(4402 4700 4737 4396)
4(4738 4700 4402 4391)
4(4385 4391 4402 4396)
4(4747 4700 4402 4404)
4(4748 4405 4402 4700)
4(4403 4404 4402 4405)
4(4394 4396 4402 4404)
4(4390 4405 4402 4391)
4(4345 4344 4754 4409)
4(2 4409 4754 14)
4(13 14 4754 16)
4(4343 16 4754 4344)
5(4330 1 11 17 4335)
6(4330 4335 4342 4343 4344 4345)
4(4751 4388 4410 4753)
4(4410 4411 4755 4753)
4(4755 4752 4751 4753)
4(4400 4388 4751 4752)
4(4410 4753 4754 4409)
4(4751 4344 4754 4753)
4(4345 4344 4751 4388)
4(4410 10 22 4753)
4(4755 4753 22 23)
4(4754 14 22 4753)
4(22 4753 18 19)
4(18 4753 4754 16)
4(4755 20 18 4753)
4(4751 4753 18 4750)
4(4749 4752 4751 4750)
4(4343 4750 4751 4344)
4(4350 4349 4751 4388)
4(4751 4349 4346 4344)
4(4345 4347 4350 4388)
4(4345 4344 4346 4347)
4(4346 4349 4350 4347)
4(4751 4752 4351 4349)
4(4400 4388 4350 4352)
4(4351 4352 4350 4349)
4(4353 4349 4751 4750)
4(4353 4354 4351 4349)
4(4343 4348 4346 4344)
4(4346 4348 4353 4349)
4(4758 4406 4407 4756)
4(4407 4329 4328 4756)
4(4328 4327 4758 4756)
4(4326 4327 4328 4329)
4(31 36 4757 4408)
4(4331 4408 4757 4332)
4(37 39 4757 36)
4(4333 4332 4757 39)
6(4330 4331 4332 4333 4334 4335)
4(4407 4756 46 35)
4(46 4756 4758 45)
4(4407 4756 4757 4408)
4(4757 4756 46 36)
4(4328 4756 4757 4332)
4(4331 4329 4328 4332)
4(41 4756 46 42)
4(4757 4756 41 39)
4(4758 4756 41 43)
4(4328 4337 41 4756)
4(4336 4337 4328 4327)
4(4333 4332 4328 4337)
4(4777 4785 4784 4778)
4(4759 4785 4777 4764)
4(4763 4760 4759 4764)
4(4763 4764 4777 4778)
4(4777 4780 4297 4785)
4(4777 4785 4786 4781)
4(4779 4298 4297 4780)
4(4779 4780 4777 4781)
4(4301 4780 4297 4300)
4(4301 4778 4777 4780)
4(4771 4764 4759 4769)
4(4771 4781 4777 4764)
4(4297 4308 4782 4780)
4(4303 4302 4782 4308)
4(4301 4780 4782 4302)
4(4301 4302 4303 4300)
4(4297 4300 4303 4308)
4(4309 4308 4782 4783)
4(4779 4783 4782 4780)
4(4297 4308 4309 4298)
4(4307 4311 4782 4308)
4(4304 4302 4782 4311)
4(4304 4305 4303 4302)
4(4307 4308 4303 4305)
4(4304 4311 4307 4305)
4(4312 4311 4782 4783)
4(4309 4308 4307 4310)
4(4312 4310 4307 4311)
5(4789 4802 4762 4759 4764)
5(4761 4762 4802 4789 4788)
4(4763 4788 4789 4764)
4(4807 4801 4808 4800)
4(4792 4791 4807 4800)
4(4808 4793 4792 4800)
4(4790 4791 4792 4793)
4(4762 4770 4805 4802)
4(4795 4794 4805 4803)
4(4789 4802 4805 4794)
4(4768 4803 4805 4770)
5(4771 4764 4789 4794 4795)
4(4762 4802 4806 4766)
4(4797 4804 4806 4798)
4(4789 4798 4806 4802)
4(4765 4766 4806 4804)
5(4796 4797 4798 4789 4788)
4(4806 4800 4805 4802)
4(4805 4800 4773 4770)
4(4773 4800 4806 4766)
4(4807 4775 4773 4800)
4(4808 4800 4773 4776)
4(4792 4794 4805 4800)
4(4807 4800 4805 4803)
4(4795 4794 4792 4791)
4(4792 4800 4806 4798)
4(4808 4804 4806 4800)
4(4797 4793 4792 4798)
4(4789 4798 4792 4794)
4(4893 4339 4338 4830)
4(4355 4356 4893 4830)
4(4338 4329 4355 4830)
4(4326 4329 4338 4339)
4(4891 4841 4892 4831)
4(4892 4358 4359 4831)
4(4359 4360 4891 4831)
4(4301 4839 4876 4778)
5(4330 4361 4839 4301 4271)
4(4763 4811 4872 4772)
4(4331 4340 4872 4364)
4(4279 4772 4872 4340)
4(4363 4364 4872 4811)
4(4361 4362 4876 4839)
4(4763 4778 4876 4811)
4(4363 4811 4876 4362)
5(4330 4271 4279 4340 4331)
4(4301 4839 4877 4780)
4(4877 4839 4876 4832)
4(4777 4780 4877 4832)
4(4777 4832 4876 4778)
5(4815 4809 4843 4789 4764)
5(4789 4843 4809 4814 4788)
4(4814 4809 4815 4811)
4(4763 4788 4814 4811)
4(4763 4811 4815 4764)
4(4895 4842 4894 4833)
4(4894 4791 4792 4833)
4(4792 4793 4895 4833)
5(4817 4812 4814 4809 4845)
5(4371 4846 4809 4814 4370)
4(4369 4370 4814 4812)
4(4809 4846 4874 4845)
4(4373 4849 4874 4372)
4(4817 4845 4874 4849)
4(4371 4372 4874 4846)
5(4816 4844 4809 4815 4813)
5(4371 4377 4815 4809 4846)
4(4809 4844 4875 4846)
4(4375 4376 4875 4850)
4(4816 4850 4875 4844)
4(4371 4846 4875 4376)
4(4374 4813 4815 4377)
4(4771 4764 4815 4813)
4(4809 4843 4878 4844)
4(4795 4851 4878 4794)
4(4789 4794 4878 4843)
4(4816 4844 4878 4851)
4(4796 4812 4814 4788)
4(4809 4845 4879 4843)
4(4797 4798 4879 4852)
4(4789 4843 4879 4798)
4(4817 4852 4879 4845)
4(4363 4811 4814 4370)
4(4363 4377 4815 4811)
4(4301 4302 4880 4839)
4(4345 4378 4881 4347)
4(4361 4839 4880 4380)
4(4379 4380 4880 4820)
4(4304 4820 4880 4302)
4(4379 4820 4881 4378)
4(4270 4347 4881 4306)
4(4304 4306 4881 4820)
5(4330 4345 4347 4270 4271)
6(4270 4306 4304 4302 4301 4271)
4(4877 4834 4880 4839)
4(4877 4780 4782 4834)
4(4782 4302 4880 4834)
4(4389 4378 4881 4835)
4(4389 4835 4350 4388)
4(4350 4835 4881 4347)
5(4827 4381 4382 4858 4819)
5(4382 4383 4826 4819 4858)
4(4826 4820 4827 4819)
4(4379 4820 4826 4383)
4(4379 4381 4827 4820)
5(4393 4821 4862 4382 4381)
4(4385 4386 4882 4391)
4(4821 4863 4882 4862)
4(4382 4862 4882 4386)
4(4390 4391 4882 4863)
4(4818 4854 4884 4853)
4(4897 4853 4884 4836)
4(4884 4854 4896 4836)
4(4896 4855 4897 4836)
5(4397 4383 4382 4865 4823)
4(4385 4396 4883 4386)
4(4823 4865 4883 4866)
4(4382 4386 4883 4865)
4(4394 4866 4883 4396)
5(4829 4861 4819 4827 4822)
4(4393 4822 4827 4381)
4(4819 4861 4885 4858)
4(4821 4862 4885 4864)
4(4382 4858 4885 4862)
4(4829 4864 4885 4861)
4(4884 4853 4901 4837)
4(4898 4854 4884 4837)
4(4901 4856 4898 4837)
5(4828 4825 4826 4819 4860)
4(4397 4383 4826 4825)
4(4819 4858 4886 4860)
4(4823 4867 4886 4865)
4(4382 4865 4886 4858)
4(4828 4860 4886 4867)
5(4314 4859 4819 4826 4311)
5(4314 4313 4827 4819 4859)
4(4304 4311 4826 4820)
4(4304 4820 4827 4313)
4(4304 4313 4314 4311)
4(4902 4857 4903 4838)
4(4317 4316 4902 4838)
4(4903 4318 4317 4838)
4(4315 4316 4317 4318)
4(4312 4825 4826 4311)
4(4819 4860 4888 4859)
4(4320 4319 4888 4870)
4(4314 4859 4888 4319)
4(4828 4870 4888 4860)
5(4312 4311 4314 4319 4320)
4(4321 4313 4827 4822)
4(4819 4859 4889 4861)
4(4322 4871 4889 4323)
4(4314 4323 4889 4859)
4(4829 4861 4889 4871)
5(4321 4322 4323 4314 4313)
4(4787 4830 4872 4772)
4(4787 4788 4814 4830)
4(4814 4811 4872 4830)
4(4338 4830 4787 4281)
4(4787 4830 4893 4799)
4(4280 4339 4338 4281)
4(4893 4830 4814 4812)
4(4355 4370 4814 4830)
4(4338 4340 4872 4830)
4(4355 4830 4872 4364)
4(4331 4340 4338 4329)
4(4279 4281 4338 4340)
4(4875 4831 4873 4844)
4(4873 4831 4874 4845)
4(4874 4831 4875 4846)
4(4809 4844 4873 4845)
4(4891 4847 4873 4831)
4(4892 4831 4873 4848)
4(4810 4848 4873 4847)
4(4892 4849 4874 4831)
4(4359 4831 4874 4372)
4(4891 4831 4875 4850)
4(4359 4376 4875 4831)
4(4816 4847 4873 4844)
4(4817 4845 4873 4848)
4(4367 4832 4877 4368)
4(4876 4832 4367 4362)
4(4361 4368 4877 4839)
4(4877 4840 4890 4832)
4(4890 4366 4367 4832)
4(4365 4840 4877 4368)
4(4890 4832 4777 4781)
4(4779 4780 4877 4840)
4(4777 4832 4815 4764)
4(4815 4832 4876 4811)
4(4890 4813 4815 4832)
4(4367 4832 4815 4377)
4(4879 4843 4878 4833)
4(4873 4833 4878 4844)
4(4879 4833 4873 4845)
4(4894 4833 4873 4847)
4(4895 4848 4873 4833)
4(4792 4833 4878 4794)
4(4894 4851 4878 4833)
4(4792 4798 4879 4833)
4(4895 4833 4879 4852)
4(4877 4834 4398 4368)
4(4398 4834 4880 4380)
4(4899 4840 4877 4834)
4(4398 4399 4899 4834)
4(4782 4834 4899 4783)
4(4826 4383 4398 4834)
4(4880 4820 4826 4834)
4(4899 4834 4826 4825)
4(4826 4834 4782 4311)
4(4827 4835 4389 4381)
4(4827 4820 4881 4835)
4(4900 4401 4389 4835)
4(4350 4352 4900 4835)
4(4900 4822 4827 4835)
4(4324 4273 4350 4835)
4(4881 4306 4324 4835)
4(4270 4347 4350 4273)
4(4270 4273 4324 4306)
4(4900 4835 4324 4325)
4(4274 4273 4350 4352)
4(4274 4325 4324 4273)
4(4827 4313 4324 4835)
4(4304 4306 4324 4313)
4(4321 4313 4324 4325)
4(4883 4386 4882 4836)
4(4883 4836 4402 4396)
4(4402 4836 4882 4391)
4(4884 4836 4882 4862)
4(4882 4836 4897 4863)
4(4821 4853 4884 4862)
4(4884 4865 4883 4836)
4(4896 4836 4883 4866)
4(4823 4865 4884 4854)
4(4896 4404 4402 4836)
4(4897 4836 4402 4405)
4(4382 4862 4884 4865)
4(4886 4837 4885 4858)
4(4887 4837 4886 4860)
4(4887 4861 4885 4837)
4(4819 4861 4887 4860)
4(4885 4837 4884 4862)
4(4901 4837 4885 4864)
4(4886 4865 4884 4837)
4(4898 4867 4886 4837)
4(4898 4837 4887 4868)
4(4901 4869 4887 4837)
4(4824 4868 4887 4869)
4(4828 4860 4887 4868)
4(4829 4869 4887 4861)
4(4889 4838 4888 4859)
4(4888 4838 4887 4860)
4(4887 4838 4889 4861)
4(4902 4868 4887 4838)
4(4903 4838 4887 4869)
4(4888 4838 4317 4319)
4(4902 4838 4888 4870)
4(4320 4319 4317 4316)
4(4889 4323 4317 4838)
4(4903 4871 4889 4838)
4(4322 4318 4317 4323)
4(4314 4323 4317 4319)
4(4270 4269 4346 4347)
4(4268 4348 4346 4269)
5(4330 4335 4341 4266 4271)
4(4272 4349 4350 4273)
4(4272 4269 4346 4349)
4(4351 4275 4272 4349)
4(4353 4349 4272 4276)
4(4338 4339 4911 4909)
4(4328 4329 4338 4909)
4(4911 4327 4328 4909)
4(4331 4332 4910 4340)
4(4279 4340 4910 4282)
4(4283 4282 4910 4906)
4(4333 4906 4910 4332)
4(4338 4281 4286 4909)
4(4911 4909 4286 4285)
4(4910 4340 4338 4909)
4(4328 4332 4910 4909)
4(4910 4282 4286 4909)
4(4286 4909 4907 4287)
4(4907 4909 4910 4906)
4(4907 4909 4911 4908)
4(4328 4909 4907 4337)
4(4925 4305 4303 4942)
4(4290 4289 4926 4941)
4(4299 4942 4303 4300)
4(4925 4941 4926 4305)
4(4270 4306 4926 4289)
4(4304 4305 4926 4306)
4(4925 4305 4307 4917)
4(4949 4308 4303 4942)
4(4949 4917 4307 4308)
4(4950 4927 4926 4941)
4(4291 4927 4950 4292)
4(4291 4289 4926 4927)
4(4914 4913 4953 4940)
4(4954 4915 4914 4940)
4(4953 4944 4954 4940)
5(4307 4929 4946 4918 4917)
4(4916 4310 4307 4917)
4(4920 4919 4951 4945)
4(4918 4946 4951 4919)
4(4929 4931 4951 4946)
4(4930 4945 4951 4931)
5(4930 4931 4929 4307 4310)
5(4918 4946 4929 4928 4924)
4(4921 4924 4928 4933)
4(4918 4923 4952 4946)
4(4922 4947 4952 4923)
4(4929 4946 4952 4934)
4(4932 4934 4952 4947)
5(4932 4933 4928 4929 4934)
4(4925 4305 4928 4924)
4(4928 4305 4307 4929)
4(4949 4308 4297 4296)
4(4309 4943 4949 4308)
4(4950 4927 4928 4924)
4(4926 4305 4928 4927)
4(4950 4948 4935 4927)
4(4935 4294 4291 4927)
4(4935 4927 4928 4933)
4(4914 4919 4951 4940)
4(4953 4940 4951 4945)
4(4914 4923 4952 4940)
4(4952 4946 4951 4940)
4(4954 4947 4952 4940)
4(4951 4940 4936 4931)
4(4936 4940 4952 4934)
4(4929 4931 4936 4934)
4(4953 4939 4936 4940)
4(4954 4940 4936 4938)
4(4937 4938 4936 4939)
4(4930 4939 4936 4931)
4(4932 4934 4936 4938)
5(4314 4311 4307 4929 4957)
5(4314 4957 4929 4928 4313)
4(4304 4313 4928 4305)
4(4963 4956 4962 4955)
4(4962 4316 4317 4955)
4(4317 4318 4963 4955)
4(4929 4957 4960 4931)
4(4320 4958 4960 4319)
4(4314 4319 4960 4957)
4(4930 4931 4960 4958)
4(4321 4933 4928 4313)
4(4929 4934 4961 4957)
4(4322 4323 4961 4959)
4(4314 4957 4961 4323)
4(4932 4959 4961 4934)
4(4291 4273 4324 4927)
4(4324 4306 4926 4927)
4(4935 4325 4324 4927)
4(4324 4313 4928 4927)
4(4961 4957 4960 4955)
4(4936 4955 4960 4931)
4(4961 4955 4936 4934)
4(4962 4955 4936 4939)
4(4963 4938 4936 4955)
4(4317 4955 4960 4319)
4(4962 4958 4960 4955)
4(4317 4323 4961 4955)
4(4963 4955 4961 4959)
4(123 252 122 121)
4(5 8 263 126)
4(123 259 256 252)
4(9 23 263 8)
4(21 259 263 23)
4(123 126 263 259)
4(805 807 353 356)
4(808 370 353 807)
4(349 806 355 350)
4(805 356 355 806)
4(808 819 359 370)
4(818 360 359 819)
4(818 827 365 360)
4(828 377 365 827)
4(828 832 381 377)
4(676 385 381 832)
4(841 321 320 780)
4(849 917 1073 938)
4(843 914 1074 911)
5(841 850 940 349 321)
4(849 938 1075 937)
4(843 913 1076 914)
4(703 704 1077 942)
4(854 770 769 951)
5(718 957 866 596 598)
4(854 952 1078 950)
4(854 951 1079 952)
4(718 721 1080 957)
6(855 954 864 774 587 589)
4(852 860 787 784)
4(841 780 787 860)
4(849 937 1081 939)
5(841 860 873 941 850)
5(852 859 975 873 860)
4(855 956 1082 954)
4(843 911 1083 915)
4(849 939 1084 917)
4(703 942 1085 713)
4(843 915 1086 913)
4(855 955 1087 956)
4(844 918 1073 917)
4(808 807 1073 918)
4(805 938 1073 807)
4(818 819 1074 914)
4(808 918 1074 819)
4(844 911 1074 918)
4(805 806 1075 938)
4(349 940 1075 806)
4(850 937 1075 940)
4(851 943 1076 913)
4(828 827 1076 943)
4(818 914 1076 827)
4(676 832 1077 704)
4(828 943 1077 832)
4(851 942 1077 943)
4(864 951 769 774)
5(855 589 596 866 955)
4(865 988 1078 952)
4(873 975 1078 988)
4(859 950 1078 975)
4(864 987 1079 951)
4(874 989 1079 987)
4(865 952 1079 989)
4(714 996 1080 721)
4(875 991 1080 996)
4(866 957 1080 991)
4(850 941 1081 937)
4(873 988 1081 941)
4(865 939 1081 988)
4(867 993 1082 956)
4(874 987 1082 993)
4(864 954 1082 987)
4(844 919 1083 911)
4(874 993 1083 919)
4(867 915 1083 993)
4(865 989 1084 939)
4(874 919 1084 989)
4(844 917 1084 919)
4(851 944 1085 942)
4(875 996 1085 944)
4(714 713 1085 996)
4(867 994 1086 915)
4(875 944 1086 994)
4(851 913 1086 944)
4(866 991 1087 955)
4(875 994 1087 991)
4(867 956 1087 994)
4(1092 780 320 311)
4(505 784 787 514)
4(1092 514 787 780)
4(1092 311 310 527)
4(1092 527 529 514)
4(600 602 769 770)
4(587 774 769 602)
5(1291 1350 1239 1221 1226)
4(1351 1244 1243 1371)
4(1346 1342 1217 1216)
4(1351 1363 1233 1244)
4(1346 1216 1240 1359)
4(1291 1294 1167 1170)
4(1346 1361 1343 1342)
4(1351 1371 1387 1373)
5(1291 1170 1171 1372 1350)
4(1346 1359 1388 1361)
4(1351 1373 1389 1363)
4(1350 1371 1243 1239)
4(1347 1234 1233 1363)
4(1347 1359 1240 1234)
4(1193 1196 1343 1361)
4(1350 1372 1387 1371)
4(1171 1200 1387 1372)
4(1199 1373 1387 1200)
4(1347 1364 1388 1359)
4(1202 1204 1388 1364)
4(1193 1361 1388 1204)
4(1199 1201 1389 1373)
4(1202 1364 1389 1201)
4(1347 1363 1389 1364)
4(703 713 1430 1414)
4(703 1414 1431 704)
4(1398 1267 1217 1342)
4(714 1263 1430 713)
4(1264 1267 1430 1263)
4(1398 1414 1430 1267)
4(1398 1415 1431 1414)
4(1212 1213 1431 1415)
4(676 704 1431 1213)
4(1212 1415 1343 1196)
4(1398 1342 1343 1415)
4(612 1276 658 616)
4(612 615 1277 1276)
4(1149 1294 1277 615)
4(1291 1226 1277 1294)
4(1149 404 1167 1294)
4(1497 1508 1529 1507)
4(1497 1506 1530 1508)
4(1497 1507 1531 1509)
4(1497 1509 1532 1506)
5(1477 1499 1518 666 668)
6(1482 664 663 1515 1498 1505)
5(1477 1226 1221 1519 1499)
4(1482 1505 1533 1484)
4(671 673 1529 1508)
4(666 1518 1529 673)
4(1499 1507 1529 1518)
4(1498 1515 1530 1506)
4(663 672 1530 1515)
4(671 1508 1530 672)
4(1499 1519 1531 1507)
4(1221 1496 1531 1519)
4(1495 1509 1531 1496)
4(1495 1493 1532 1509)
4(1489 1516 1532 1493)
4(1498 1506 1532 1516)
4(1498 1516 1533 1505)
4(1489 1492 1533 1516)
4(1487 1484 1533 1492)
4(1495 1496 1243 1244)
4(1221 1239 1243 1496)
4(1489 1493 1233 1234)
4(1495 1244 1233 1493)
4(1487 1492 1240 1216)
4(1489 1234 1240 1492)
5(718 598 669 1536 1540)
4(718 1540 1550 721)
4(1482 1484 1551 1541)
5(1482 1541 1536 669 664)
4(1536 1544 1550 1540)
4(1264 1263 1550 1544)
4(714 721 1550 1263)
4(1487 1534 1551 1484)
4(1264 1544 1551 1534)
4(1536 1541 1551 1544)
4(1264 1534 1217 1267)
4(1487 1216 1217 1534)
4(1477 1276 1277 1226)
4(1477 668 658 1276)
4(390 394 1167 404)
4(456 1554 1557 457)
4(456 459 1558 1554)
4(445 1170 1167 394)
5(445 455 1555 1171 1170)
4(1199 1200 1557 1554)
4(1171 1555 1557 1200)
4(455 457 1557 1555)
4(465 468 1558 459)
4(1202 1201 1558 468)
4(1199 1554 1558 1201)
4(1193 449 448 1196)
4(1193 1204 460 449)
4(1202 468 460 1204)
4(676 1213 471 385)
4(1212 476 471 1213)
4(1212 1196 448 476)
4(1149 628 417 404)
4(1149 615 631 628)
4(612 1713 631 615)
4(612 616 1718 1713)
4(1580 1588 1747 1581)
4(52 1740 1747 1588)
4(1739 1743 1747 1740)
4(1585 1581 1747 1743)
4(1739 121 122 1723)
4(1585 1743 1718 616)
4(1739 1723 1718 1743)
4(5 126 1750 50)
4(123 121 1750 126)
4(1739 1740 1750 121)
4(52 50 1750 1740)
4(1662 477 417 628)
4(1769 1772 631 1713)
4(1662 628 631 1772)
4(1769 140 141 1772)
4(1769 1723 122 140)
4(1769 1713 1718 1723)
4(505 514 529 1823)
4(1613 527 310 492)
4(1613 1623 529 527)
4(1622 1823 529 1623)
4(1622 1623 167 166)
4(1924 1927 2040 2019)
4(1935 2005 2041 1936)
5(1921 2008 2014 2025 1922)
5(1973 1982 2030 2014 2008)
4(1975 2020 2043 1976)
4(1922 2025 2040 1927)
4(2014 2028 2040 2025)
4(2009 2019 2040 2028)
4(1971 1972 2041 2005)
4(1973 2008 2041 1972)
4(1921 1936 2041 2008)
4(2009 2028 2043 2020)
4(2014 2030 2043 2028)
4(1982 1976 2043 2030)
4(1983 1986 2092 2073)
4(1935 1943 2093 2005)
5(1971 2065 2069 2076 1992)
5(2046 2059 2084 2069 2065)
4(2052 2077 2095 2053)
4(1992 2076 2092 1986)
4(2069 2082 2092 2076)
4(2062 2073 2092 2082)
4(1944 2047 2093 1943)
4(2046 2065 2093 2047)
4(1971 2005 2093 2065)
4(2062 2082 2095 2077)
4(2069 2084 2095 2082)
4(2059 2053 2095 2084)
4(2052 2053 2103 2097)
5(2046 589 587 2100 2059)
4(2046 2047 596 589)
4(1944 598 596 2047)
4(2059 2100 2103 2053)
4(587 602 2103 2100)
4(600 2097 2103 602)
4(1983 2144 2223 1986)
4(2105 2151 2228 2150)
4(2107 2159 2230 2156)
5(1973 1972 2129 2196 2123)
5(1971 1992 2147 2129 1972)
4(1975 1976 2237 2160)
6(1973 2123 2197 2134 2199 1982)
4(2107 2157 2238 2159)
4(2113 2178 2223 2144)
4(2129 2147 2223 2178)
4(1992 1986 2223 2147)
4(2116 2185 2228 2151)
4(2134 2183 2228 2185)
4(2115 2150 2228 2183)
4(2123 2196 2230 2159)
4(2129 2178 2230 2196)
4(2113 2156 2230 2178)
4(1982 2199 2237 1976)
4(2134 2185 2237 2199)
4(2116 2160 2237 2185)
4(2115 2183 2238 2157)
4(2134 2197 2238 2183)
4(2123 2159 2238 2197)
4(2289 2380 2510 2381)
4(2289 2381 2511 2379)
4(2293 2393 2512 2391)
5(2275 668 666 2402 2299)
5(2277 2279 2303 2389 2292)
5(2275 2299 2403 2303 2279)
4(2293 2392 2513 2393)
4(2293 2394 2514 2392)
5(2294 2298 2304 2405 2300)
5(2288 2290 2384 2304 2298)
5(2294 2300 2406 663 664)
4(2293 2391 2515 2394)
4(1580 2273 2517 2250)
4(1935 1936 2518 2286)
4(2289 2382 2522 2380)
4(2305 2408 2523 2410)
4(2252 2255 2524 2375)
4(1924 2407 2525 1927)
4(2305 2410 2526 2409)
4(2289 2379 2527 2382)
4(2309 2421 2532 2419)
5(2311 2333 2353 2466 2339)
5(2277 2292 2390 2353 2333)
4(2307 2414 2533 2412)
6(2311 2339 2467 2354 2457 2335)
4(2309 2420 2534 2421)
5(2260 2332 2355 2378 2261)
5(2311 2335 2458 2355 2332)
4(2307 2411 2535 2414)
4(2308 2418 2536 2415)
5(2312 2318 2356 2463 2338)
5(1921 1922 2439 2356 2318)
4(2309 2422 2537 2420)
6(2312 2338 2464 2357 2469 2340)
4(2308 2416 2538 2418)
5(2288 2336 2358 2385 2290)
5(2312 2340 2470 2358 2336)
4(2309 2419 2539 2422)
4(2294 664 669 2284)
4(2292 2389 2510 2380)
4(2303 2399 2510 2389)
4(2296 2381 2510 2399)
4(2288 2298 2285 2286)
4(2294 2284 2285 2298)
4(2296 2400 2511 2381)
4(2304 2384 2511 2400)
4(2290 2379 2511 2384)
4(2299 2402 2512 2393)
4(666 673 2512 2402)
4(671 2391 2512 673)
4(2296 2399 2513 2392)
4(2303 2403 2513 2399)
4(2299 2393 2513 2403)
4(2300 2405 2514 2394)
4(2304 2400 2514 2405)
4(2296 2392 2514 2400)
4(671 672 2515 2391)
4(663 2406 2515 672)
4(2300 2394 2515 2406)
4(2277 2333 2517 2273)
4(2311 2332 2517 2333)
4(2260 2250 2517 2332)
4(1921 2318 2518 1936)
4(2312 2336 2518 2318)
4(2288 2286 2518 2336)
4(2322 2445 2522 2382)
4(2353 2390 2522 2445)
4(2292 2380 2522 2390)
4(2323 2448 2523 2408)
4(2354 2451 2523 2448)
4(2325 2410 2523 2451)
4(2261 2378 2524 2255)
4(2355 2444 2524 2378)
4(2321 2375 2524 2444)
4(2319 2442 2525 2407)
4(2356 2439 2525 2442)
4(1922 1927 2525 2439)
4(2325 2452 2526 2410)
4(2357 2450 2526 2452)
4(2324 2409 2526 2450)
4(2290 2385 2527 2379)
4(2358 2446 2527 2385)
4(2322 2382 2527 2446)
4(2339 2466 2532 2421)
4(2353 2445 2532 2466)
4(2322 2419 2532 2445)
4(2335 2457 2533 2414)
4(2354 2448 2533 2457)
4(2323 2412 2533 2448)
4(2325 2451 2534 2420)
4(2354 2467 2534 2451)
4(2339 2421 2534 2467)
4(2321 2444 2535 2411)
4(2355 2458 2535 2444)
4(2335 2414 2535 2458)
4(2338 2463 2536 2418)
4(2356 2442 2536 2463)
4(2319 2415 2536 2442)
4(2340 2469 2537 2422)
4(2357 2452 2537 2469)
4(2325 2420 2537 2452)
4(2324 2450 2538 2416)
4(2357 2464 2538 2450)
4(2338 2418 2538 2464)
4(2322 2446 2539 2419)
4(2358 2470 2539 2446)
4(2340 2422 2539 2470)
4(1935 2286 2285 1943)
4(1944 2284 669 598)
4(1944 1943 2285 2284)
4(1580 1581 2545 2273)
4(2275 2542 658 668)
4(1585 616 658 2542)
4(1585 2542 2545 1581)
4(2275 2279 2545 2542)
4(2277 2273 2545 2279)
4(1580 2250 2570 1588)
4(2252 2562 2571 2255)
5(2260 2261 2565 2553 2555)
4(2260 2555 2570 2250)
4(98 96 2570 2555)
4(52 1588 2570 96)
4(2557 2559 2571 2562)
4(2553 2565 2571 2559)
4(2261 2255 2571 2565)
4(101 104 2580 2573)
5(98 2555 2553 2576 108)
4(108 2576 2580 104)
4(2553 2559 2580 2576)
4(2557 2573 2580 2559)
4(212 2913 220 217)
4(2889 2881 220 2913)
4(2889 2913 2757 2762)
4(212 2744 2757 2913)
4(2889 2620 2599 2881)
4(2889 2762 2627 2620)
4(390 2782 2640 394)
4(3109 3104 3108 3102)
4(3108 3104 3110 3103)
4(2689 3102 3034 2690)
4(2673 2690 3034 3028)
4(2689 2692 3109 3102)
4(3031 3028 3034 3035)
4(3036 3103 2841 2840)
4(241 3033 3036 2840)
4(3110 2842 2841 3103)
4(3031 3035 3036 3033)
4(2695 2694 3113 3111)
4(2673 3028 3113 2694)
5(3031 3114 3111 3113 3028)
4(245 3112 3033 241)
4(3031 3033 3112 3114)
5(3016 3061 3063 2685 2649)
4(3040 3074 3091 3044)
4(3040 3043 3092 3074)
5(3016 3020 3070 3081 3061)
4(3061 3081 3091 3074)
4(3070 3082 3091 3081)
4(2831 3044 3091 3082)
4(2691 2699 3092 3043)
4(2685 3063 3092 2699)
4(3061 3074 3092 3063)
4(3016 2649 2640 2782)
4(3040 3104 3109 3043)
4(3040 3044 3110 3104)
4(2691 3043 3109 2692)
4(2831 2842 3110 3044)
4(3016 2782 2802 3020)
4(3108 3035 3034 3102)
4(3036 3035 3108 3103)
4(3255 2762 2757 3180)
4(3176 3180 2757 2744)
4(3255 2708 2627 2762)
4(390 3218 2802 2782)
4(3206 2809 2802 3218)
4(3255 3180 310 311)
4(2722 2708 320 321)
4(3255 311 320 2708)
4(390 404 417 3218)
4(3206 3218 417 477)
4(3176 492 310 3180)
6(3652 3664 3663 3466 3456 3527)
5(3663 3435 3434 3433 3466)
4(3546 3572 3621 3574)
4(3547 3577 3622 3576)
4(3546 3573 3623 3572)
4(3619 3581 3535 3536)
4(3463 3537 3536 3464)
4(3460 3464 3536 3535)
4(3599 3619 3536 3537)
4(3553 3574 3621 3603)
4(3553 3603 3622 3577)
4(3552 3441 3440 3601)
4(3552 3601 3623 3573)
4(3528 3535 3581 3655)
4(3456 3459 3528 3527)
4(3460 3535 3528 3459)
4(3547 3578 3640 3577)
4(3490 3493 3643 3579)
4(3498 3580 3644 3499)
4(3546 3574 3645 3575)
5(3474 3497 3611 3560 3475)
4(3490 3579 3646 3491)
4(3546 3575 3647 3573)
4(3498 3504 3648 3580)
4(3555 3608 3640 3578)
4(3559 3604 3640 3608)
4(3553 3577 3640 3604)
4(3560 3609 3641 3600)
4(3555 3578 3641 3609)
4(3552 3602 3438 3441)
4(3561 3403 3438 3602)
4(3507 3612 3643 3493)
4(3559 3608 3643 3612)
4(3555 3579 3643 3608)
4(3554 3606 3644 3580)
4(3559 3612 3644 3606)
4(3507 3499 3644 3612)
4(3553 3604 3645 3574)
4(3559 3606 3645 3604)
4(3554 3575 3645 3606)
4(3555 3609 3646 3579)
4(3560 3611 3646 3609)
4(3497 3491 3646 3611)
4(3554 3607 3647 3575)
4(3561 3602 3647 3607)
4(3552 3573 3647 3602)
4(3544 3613 3648 3504)
4(3561 3607 3648 3613)
4(3554 3580 3648 3607)
4(3561 3613 3395 3403)
4(3544 3396 3395 3613)
4(3544 3504 3513 3517)
4(3544 3517 3405 3396)
4(3711 356 353 3732)
4(3711 3731 3785 3730)
4(3711 3730 355 356)
4(3711 3732 3786 3731)
4(3712 3734 359 360)
4(3490 3491 3787 3733)
5(3474 3676 3719 3754 3497)
5(2722 3450 3747 3719 3676)
4(3712 3737 3788 3734)
4(3498 3499 3789 3739)
4(3490 3733 3790 3493)
4(3498 3739 3513 3504)
4(3712 3735 3791 3737)
4(3712 360 365 3735)
4(3715 3732 353 370)
4(3714 3748 3785 3731)
4(3719 3747 3785 3748)
4(3450 3730 3785 3747)
4(3450 350 355 3730)
4(3715 3751 3786 3732)
4(3720 3749 3786 3751)
4(3714 3731 3786 3749)
4(3715 370 359 3734)
4(3497 3754 3787 3491)
4(3719 3748 3787 3754)
4(3714 3733 3787 3748)
4(3717 3760 3788 3737)
4(3720 3751 3788 3760)
4(3715 3734 3788 3751)
4(3507 3755 3789 3499)
4(3720 3760 3789 3755)
4(3717 3739 3789 3760)
4(3714 3749 3790 3733)
4(3720 3755 3790 3749)
4(3507 3493 3790 3755)
4(3717 3761 3513 3739)
4(3703 3517 3513 3761)
4(3705 3704 3791 3735)
4(3703 3761 3791 3704)
4(3717 3737 3791 3761)
4(3705 3735 365 377)
4(3703 3704 3414 3426)
4(3705 3415 3414 3704)
4(3705 377 381 3415)
4(3703 3426 3405 3517)
4(3474 3475 2599 2620)
4(2722 3676 2627 2708)
4(3474 2620 2627 3676)
4(3655 3652 3527 3528)
4(3666 3652 3655 3661)
4(3664 3652 3666 3662)
4(3665 3661 3655 3581)
4(3666 3661 3621 3572)
4(3621 3661 3665 3603)
4(3619 3599 3576 3622)
5(3622 3603 3665 3581 3619)
4(3667 3442 3435 3663)
4(3440 3442 3667 3601)
4(3667 3663 3664 3662)
4(3623 3662 3666 3572)
4(3623 3601 3667 3662)
4(3818 3815 3817 3816)
4(3456 3816 3817 3459)
4(3460 3813 3807 3464)
5(3460 3459 3817 3815 3813)
4(3807 3814 3463 3464)
4(3812 3808 3814 3807)
4(3812 3807 3813 3809)
4(3813 3815 3811 3809)
4(3811 3815 3818 3810)
5(2722 321 349 350 3450)
5(3434 3874 3863 3443 3433)
4(3867 3870 3440 3441)
4(3867 3441 3438 3868)
4(3872 3868 3438 3403)
4(3874 3434 3870 3871)
5(3435 3442 3440 3870 3434)
4(3863 3874 3871 3865)
3(4113 4037 4114)
4(4114 4080 4081 4113)
5(3834 4080 4114 4037 3837)
4(3923 4078 4112 3865)
4(4030 4074 4116 4098)
4(4030 4098 4117 4077)
4(4157 4160 4106 4092)
4(4223 4095 4113 4221)
4(4160 4157 4076 4117)
4(3940 3943 448 449)
4(3940 449 460 3955)
4(465 3955 460 468)
4(3875 385 471 3960)
4(3965 3960 471 476)
4(3965 476 448 3943)
4(4025 4075 4143 4073)
4(4025 4074 4144 4075)
4(3835 3837 4037 4072)
4(4019 4051 3983 3982)
4(4026 4078 4145 4079)
4(4024 4067 4146 4070)
6(3852 3857 4097 4035 4068 4023)
4(3835 4072 4147 3847)
4(4026 4079 4148 4077)
4(4019 4050 4149 4051)
4(4024 4070 4150 4062)
5(3852 4023 4069 4006 4004)
4(4024 4071 4151 4067)
4(3852 4004 2640 2649)
4(4019 3982 3989 4052)
4(4024 4062 4152 4071)
4(4019 4052 4153 4050)
4(4031 4100 4143 4075)
4(4035 4096 4143 4100)
4(4029 4073 4143 4096)
4(4030 4099 4144 4074)
4(4036 4101 4144 4099)
4(4031 4075 4144 4101)
5(4029 4072 4037 4113 4095)
4(4032 4103 3983 4051)
4(3925 3929 3983 4103)
4(3923 3924 4145 4078)
4(3925 4103 4145 3924)
4(4032 4079 4145 4103)
4(4023 4068 4146 4067)
4(4035 4100 4146 4068)
4(4031 4070 4146 4100)
4(4029 4096 4147 4072)
4(4035 4097 4147 4096)
4(3857 3847 4147 4097)
4(4032 4104 4148 4079)
4(4036 4099 4148 4104)
4(4030 4077 4148 4099)
4(4022 4063 4149 4050)
4(4036 4104 4149 4063)
4(4032 4051 4149 4104)
4(4031 4101 4150 4070)
4(4036 4063 4150 4101)
4(4022 4062 4150 4063)
4(4018 4017 4151 4071)
4(4006 4069 4151 4017)
4(4023 4067 4151 4069)
4(3975 4052 3989 3976)
4(4022 4064 4152 4062)
4(4009 4012 4152 4064)
4(4018 4071 4152 4012)
4(3975 4013 4153 4052)
4(4009 4064 4153 4013)
4(4022 4050 4153 4064)
4(456 457 4179 4167)
4(456 4167 4180 459)
5(445 4004 4006 4170 455)
4(445 394 2640 4004)
4(3940 3955 4181 3995)
4(455 4170 4179 457)
4(4006 4017 4179 4170)
4(4018 4167 4179 4017)
4(4018 4012 4180 4167)
4(4009 4171 4180 4012)
4(465 459 4180 4171)
4(465 4171 4181 3955)
4(4009 4013 4181 4171)
4(3975 3995 4181 4013)
4(3936 4198 3930 3935)
4(3936 3897 4208 4198)
4(4193 3929 3930 4198)
4(4193 3982 3983 3929)
4(4193 4199 3989 3982)
4(4185 3976 3989 4199)
4(3896 4192 4208 3897)
4(4185 4199 4208 4192)
4(4193 4198 4208 4199)
4(3875 3960 4219 3910)
4(3940 3995 4220 3943)
4(3965 4214 4219 3960)
4(4185 4192 4219 4214)
4(3896 3910 4219 4192)
4(3975 3976 4220 3995)
4(4185 4214 4220 3976)
4(3965 3943 4220 4214)
4(4029 4095 4223 4073)
4(3867 3868 4231 4225)
4(3872 4227 4231 3868)
4(3925 3924 4231 4227)
4(3923 4225 4231 3924)
4(3925 4227 3930 3929)
4(3872 3935 3930 4227)
4(3936 3935 3395 3396)
4(3872 3403 3395 3935)
4(3936 3396 3405 3897)
4(3875 3910 3414 3415)
4(3875 3415 381 385)
4(3896 3426 3414 3910)
4(3896 3897 3405 3426)
4(3867 4225 3871 3870)
4(3923 3865 3871 4225)
7(4092 3822 3821 3443 3863 4222 4157)
4(4026 4076 4112 4078)
4(4112 4076 4157 4222)
4(4025 4073 4116 4074)
4(4223 4221 4116 4073)
4(4026 4077 4117 4076)
4(4080 4106 4160 4081)
4(3822 4092 4106 3833)
4(3834 3833 4106 4080)
4(4222 3863 3865 4112)
5(4221 4113 4081 4098 4116)
4(4081 4160 4117 4098)
4(4249 2696 2701 4264)
3(3834 4243 4253)
4(3445 4264 2701 2639)
4(3835 4242 4238 3837)
4(3835 3847 4259 4242)
5(3852 2649 2685 4248 3857)
5(2691 2692 2689 4238 4242)
4(3857 4248 4259 3847)
4(2685 2699 4259 4248)
4(2691 4242 4259 2699)
4(3822 3833 4239 4249)
5(2673 4243 4238 2689 2690)
6(2673 2694 2695 4239 4253 4243)
4(3837 4238 4243 3834)
4(2695 2696 4249 4239)
4(4253 4239 3833 3834)
4(4249 4264 3821 3822)
4(3445 3443 3821 4264)
4(5 50 4670 4568)
4(4576 4579 4672 4650)
5(4580 4641 4645 4657 4581)
5(98 108 4661 4645 4641)
4(101 4651 4674 104)
4(52 96 4670 50)
4(98 4641 4670 96)
4(4580 4568 4670 4641)
4(4581 4657 4672 4579)
4(4645 4659 4672 4657)
4(4640 4650 4672 4659)
4(4640 4659 4674 4651)
4(4645 4661 4674 4659)
4(108 104 4674 4661)
4(5 4568 4741 8)
4(4576 4717 4742 4579)
4(4682 4706 4744 4713)
5(4678 4688 4692 4707 4680)
5(4580 4581 4722 4692 4688)
4(4400 4411 4746 4401)
5(4678 4680 4708 4390 4392)
4(4682 4714 4748 4706)
4(4580 4688 4741 4568)
4(4678 4704 4741 4688)
4(9 8 4741 4704)
4(4687 4724 4742 4717)
4(4692 4722 4742 4724)
4(4581 4579 4742 4722)
4(4680 4707 4744 4706)
4(4692 4724 4744 4707)
4(4687 4713 4744 4724)
4(9 4704 4746 4411)
4(4678 4392 4746 4704)
4(4393 4401 4746 4392)
4(4403 4405 4748 4714)
4(4390 4708 4748 4405)
4(4680 4706 4748 4708)
4(4400 4752 4755 4411)
4(4749 20 4755 4752)
4(21 23 4755 20)
4(9 4411 4755 23)
4(4400 4352 4351 4752)
4(4749 4752 4351 4354)
4(4818 4853 4897 4855)
4(4400 4401 4900 4352)
4(4818 4856 4901 4853)
5(4393 4392 4390 4863 4821)
4(4315 4318 4903 4857)
5(4321 4822 4829 4871 4322)
5(4393 4821 4864 4829 4822)
4(4821 4863 4897 4853)
4(4390 4405 4897 4863)
4(4403 4855 4897 4405)
4(4393 4822 4900 4401)
4(4321 4325 4900 4822)
4(4274 4352 4900 4325)
4(4824 4869 4901 4856)
4(4829 4864 4901 4869)
4(4821 4853 4901 4864)
4(4322 4871 4903 4318)
4(4829 4869 4903 4871)
4(4824 4857 4903 4869)
4(4274 4275 4351 4352)
4(4277 4354 4351 4275)
4(4293 4294 4935 4948)
4(4912 4915 4954 4944)
5(4921 4933 4932 4947 4922)
4(4921 4948 4935 4933)
4(4922 4947 4954 4915)
4(4932 4938 4954 4947)
4(4937 4944 4954 4938)
5(4321 4322 4959 4932 4933)
4(4315 4956 4963 4318)
4(4274 4325 4935 4294)
4(4321 4933 4935 4325)
4(4937 4938 4963 4956)
4(4932 4959 4963 4938)
4(4322 4318 4963 4959)
4(269 156 155 265)
4(28 29 164 271)
4(269 271 164 156)
4(28 271 282 33)
4(269 278 282 271)
4(44 45 282 278)
4(34 33 282 45)
4(269 265 275 278)
4(854 950 771 770)
5(852 579 578 768 859)
4(852 784 590 579)
4(859 768 771 950)
4(505 508 590 784)
4(578 601 771 768)
4(600 770 771 601)
4(505 1823 1674 508)
4(1622 1639 1674 1823)
4(1595 1596 1894 1601)
4(1597 1888 1894 1596)
4(1881 1884 1894 1888)
4(55 1601 1894 1884)
4(1881 1639 155 156)
4(1881 1888 1674 1639)
4(1597 508 1674 1888)
4(55 1884 164 29)
4(1881 156 164 1884)
4(1622 166 155 1639)
4(1983 2073 2091 1984)
4(2052 2055 2094 2077)
5(2044 2064 2068 2083 2056)
5(1987 1991 2074 2068 2064)
4(1987 2064 2000 1995)
4(2044 2001 2000 2064)
4(2062 2081 2091 2073)
4(2068 2074 2091 2081)
4(1991 1984 2091 2074)
4(2056 2083 2094 2055)
4(2068 2081 2094 2083)
4(2062 2077 2094 2081)
5(2044 2056 2099 578 579)
4(2052 2097 2104 2055)
4(2044 579 590 2001)
4(600 601 2104 2097)
4(578 2099 2104 601)
4(2056 2055 2104 2099)
4(1595 1995 2000 1596)
4(1597 1596 2000 2001)
4(1597 2001 590 508)
4(1595 1957 2222 1995)
4(57 2148 2225 58)
4(2105 2150 2226 2149)
4(1983 1984 2227 2144)
4(2106 2155 2233 2152)
5(2108 2118 2131 2190 2121)
5(61 65 2174 2131 2118)
4(2107 2158 2234 2157)
6(2108 2121 2191 2132 2193 2122)
4(2106 2153 2235 2155)
5(1987 2119 2133 2145 1991)
5(2108 2122 2194 2133 2119)
4(2107 2156 2236 2158)
4(61 2118 2222 1957)
4(2108 2119 2222 2118)
4(1987 1995 2222 2119)
4(2112 2177 2225 2148)
4(2131 2174 2225 2177)
4(65 58 2225 2174)
4(2115 2182 2226 2150)
4(2132 2181 2226 2182)
4(2114 2149 2226 2181)
4(1991 2145 2227 1984)
4(2133 2179 2227 2145)
4(2113 2144 2227 2179)
4(2121 2190 2233 2155)
4(2131 2177 2233 2190)
4(2112 2152 2233 2177)
4(2122 2193 2234 2158)
4(2132 2182 2234 2193)
4(2115 2157 2234 2182)
4(2114 2181 2235 2153)
4(2132 2191 2235 2181)
4(2121 2155 2235 2191)
4(2113 2179 2236 2156)
4(2133 2194 2236 2179)
4(2122 2158 2236 2194)
4(1595 1601 2244 1957)
4(55 86 2244 1601)
4(82 66 2244 86)
4(61 1957 2244 66)
4(2583 237 220 2881)
4(2583 2881 2599 2590)
4(3547 3576 3641 3578)
4(3529 3571 3642 3530)
6(3529 3475 3560 3600 3551 3571)
4(3551 3600 3641 3576)
4(3551 3599 3642 3571)
3(3537 3642 3599)
4(3463 3530 3642 3537)
4(3529 2590 2599 3475)
6(3529 3530 3463 3465 3451 2590)
3(3551 3576 3599)
4(3451 3465 3814 3808)
3(3463 3814 3465)
4(57 58 4429 4422)
5(61 66 4414 4424 65)
4(65 4424 4429 58)
4(4414 4419 4429 4424)
4(4418 4422 4429 4419)
4(4326 4356 4441 4406)
4(4479 4513 4548 4515)
4(28 33 4549 4512)
4(28 4512 4551 29)
4(4479 4516 4552 4513)
5(4478 4448 4447 4523 4482)
4(4476 4501 4554 4508)
5(82 4483 4489 4502 4474)
5(4478 4482 4524 4489 4483)
5(82 4474 4503 4414 66)
4(4476 4509 4556 4501)
4(4458 4517 4441 4459)
4(34 4406 4441 4517)
4(4482 4523 4548 4513)
4(4447 4466 4548 4523)
4(4465 4515 4548 4466)
4(34 4517 4549 33)
4(4458 4448 4549 4517)
4(4478 4512 4549 4448)
4(4478 4483 4551 4512)
4(82 86 4551 4483)
4(55 29 4551 86)
4(4485 4529 4552 4516)
4(4489 4524 4552 4529)
4(4482 4513 4552 4524)
4(4474 4502 4554 4501)
4(4489 4529 4554 4502)
4(4485 4508 4554 4529)
4(4418 4419 4556 4509)
4(4414 4503 4556 4419)
4(4474 4501 4556 4503)
4(4357 4599 4632 4358)
4(4583 4603 4635 4601)
5(4458 4459 4594 4618 4590)
5(4369 4373 4610 4594 4459)
5(4458 4590 4619 4447 4448)
4(4583 4600 4636 4603)
4(4369 4459 4441 4356)
4(4586 4613 4632 4599)
4(4594 4610 4632 4613)
4(4373 4358 4632 4610)
4(4590 4618 4635 4603)
4(4594 4613 4635 4618)
4(4586 4601 4635 4613)
4(4465 4466 4636 4600)
4(4447 4619 4636 4466)
4(4590 4603 4636 4619)
4(4326 4406 4758 4327)
4(34 45 4758 4406)
4(44 43 4758 45)
4(4336 4327 4758 43)
4(4790 4793 4808 4801)
5(4796 4767 4765 4804 4797)
4(4797 4804 4808 4793)
4(4765 4776 4808 4804)
4(4774 4801 4808 4776)
4(4357 4358 4892 4841)
4(4326 4339 4893 4356)
5(4369 4812 4817 4849 4373)
5(4796 4797 4852 4817 4812)
4(4790 4842 4895 4793)
4(4373 4849 4892 4358)
4(4817 4848 4892 4849)
4(4810 4841 4892 4848)
4(4280 4799 4893 4339)
4(4796 4812 4893 4799)
4(4369 4356 4893 4812)
4(4810 4848 4895 4842)
4(4817 4852 4895 4848)
4(4797 4793 4895 4852)
4(4326 4327 4911 4339)
4(4336 4908 4911 4327)
4(4288 4285 4911 4908)
4(4280 4339 4911 4285)
4(1933 1934 2038 1955)
4(1924 2019 2039 1925)
4(1975 1978 2042 2020)
5(1969 2010 2013 2029 1979)
5(1928 1930 2026 2013 2010)
4(1928 2010 2038 1934)
4(1969 1968 2038 2010)
4(68 1955 2038 1968)
4(2009 2027 2039 2019)
4(2013 2026 2039 2027)
4(1930 1925 2039 2026)
4(1979 2029 2042 1978)
4(2013 2027 2042 2029)
4(2009 2020 2042 2027)
4(57 60 2221 2148)
4(2105 2149 2224 2151)
5(68 1968 2128 2175 69)
5(1969 2120 2187 2128 1968)
4(2106 2152 2229 2154)
4(2106 2154 2231 2153)
6(1969 1979 2198 2130 2188 2120)
4(1975 2160 2232 1978)
4(69 2175 2221 60)
4(2128 2176 2221 2175)
4(2112 2148 2221 2176)
4(2114 2180 2224 2149)
4(2130 2184 2224 2180)
4(2116 2151 2224 2184)
4(2112 2176 2229 2152)
4(2128 2187 2229 2176)
4(2120 2154 2229 2187)
4(2120 2188 2231 2154)
4(2130 2180 2231 2188)
4(2114 2153 2231 2180)
4(2116 2184 2232 2160)
4(2130 2198 2232 2184)
4(1979 1978 2232 2198)
4(1933 1955 2243 1950)
4(68 73 2243 1955)
4(81 87 2243 73)
4(88 1950 2243 87)
4(88 91 1951 1950)
4(1933 2264 2516 1934)
4(2252 2375 2519 2253)
4(2305 2409 2520 2408)
4(1924 1925 2521 2407)
4(2307 2413 2528 2411)
5(2310 2331 2350 2454 2334)
5(2256 2259 2376 2350 2331)
4(2308 2417 2529 2416)
6(2310 2334 2455 2351 2460 2337)
4(2307 2412 2530 2413)
5(1928 2320 2352 2440 1930)
5(2310 2337 2461 2352 2320)
4(2308 2415 2531 2417)
4(2256 2331 2516 2264)
4(2310 2320 2516 2331)
4(1928 1934 2516 2320)
4(2321 2443 2519 2375)
4(2350 2376 2519 2443)
4(2259 2253 2519 2376)
4(2324 2449 2520 2409)
4(2351 2447 2520 2449)
4(2323 2408 2520 2447)
4(1930 2440 2521 1925)
4(2352 2441 2521 2440)
4(2319 2407 2521 2441)
4(2334 2454 2528 2413)
4(2350 2443 2528 2454)
4(2321 2411 2528 2443)
4(2337 2460 2529 2417)
4(2351 2449 2529 2460)
4(2324 2416 2529 2449)
4(2323 2447 2530 2412)
4(2351 2455 2530 2447)
4(2334 2413 2530 2455)
4(2319 2441 2531 2415)
4(2352 2461 2531 2441)
4(2337 2417 2531 2461)
4(2252 2253 2569 2562)
4(1933 1950 1951 2264)
5(2256 2551 2550 2563 2259)
4(2259 2563 2569 2253)
4(2550 2558 2569 2563)
4(2557 2562 2569 2558)
4(2256 2264 1951 2551)
5(105 107 2575 2550 2551)
4(101 2573 2579 102)
4(105 2551 1951 91)
4(2557 2558 2579 2573)
4(2550 2575 2579 2558)
4(107 102 2579 2575)
4(57 4422 4428 60)
5(68 69 4425 4415 73)
4(4418 4420 4428 4422)
4(4415 4425 4428 4420)
4(69 60 4428 4425)
4(4432 4497 4454 4438)
4(4479 4515 4547 4514)
4(4479 4514 4550 4516)
5(4470 4484 4526 4461 4463)
5(4470 4473 4488 4527 4484)
5(81 4477 4510 4488 4473)
4(4476 4508 4553 4507)
4(4476 4507 4555 4509)
5(81 73 4415 4511 4477)
4(4432 4435 4557 4497)
4(4470 4463 4454 4497)
4(4465 4467 4547 4515)
4(4461 4526 4547 4467)
4(4484 4514 4547 4526)
4(4484 4527 4550 4514)
4(4488 4528 4550 4527)
4(4485 4516 4550 4528)
4(4485 4528 4553 4508)
4(4488 4510 4553 4528)
4(4477 4507 4553 4510)
4(4477 4511 4555 4507)
4(4415 4420 4555 4511)
4(4418 4509 4555 4420)
4(88 87 4557 4435)
4(81 4473 4557 87)
4(4470 4497 4557 4473)
4(4357 4360 4630 4599)
4(4365 4560 4631 4366)
5(4374 4588 4593 4611 4375)
5(4584 4589 4615 4593 4588)
4(4583 4601 4633 4602)
4(4583 4602 4634 4600)
5(4584 4463 4461 4616 4589)
4(4375 4611 4630 4360)
4(4593 4612 4630 4611)
4(4586 4599 4630 4612)
4(4561 4604 4631 4560)
4(4584 4588 4631 4604)
4(4374 4366 4631 4588)
4(4584 4604 4454 4463)
4(4561 4438 4454 4604)
4(4586 4612 4633 4601)
4(4593 4615 4633 4612)
4(4589 4602 4633 4615)
4(4589 4616 4634 4602)
4(4461 4467 4634 4616)
4(4465 4600 4634 4467)
4(4432 4567 4669 4435)
4(4576 4650 4671 4577)
4(101 102 4673 4651)
5(105 4639 4644 4660 107)
5(4573 4575 4656 4644 4639)
4(4573 4639 4669 4567)
4(105 91 4669 4639)
4(88 4435 4669 91)
4(4640 4658 4671 4650)
4(4644 4656 4671 4658)
4(4575 4577 4671 4656)
4(107 4660 4673 102)
4(4644 4658 4673 4660)
4(4640 4651 4673 4658)
4(4576 4577 4739 4717)
4(4432 4438 4740 4567)
5(4573 4686 4691 4721 4575)
5(4676 4683 4715 4691 4686)
4(4682 4713 4743 4712)
4(4365 4399 4745 4560)
4(4682 4712 4747 4714)
5(4676 4395 4394 4716 4683)
4(4575 4721 4739 4577)
4(4691 4723 4739 4721)
4(4687 4717 4739 4723)
4(4561 4703 4740 4438)
4(4676 4686 4740 4703)
4(4573 4567 4740 4686)
4(4687 4723 4743 4713)
4(4691 4715 4743 4723)
4(4683 4712 4743 4715)
4(4397 4395 4745 4399)
4(4676 4703 4745 4395)
4(4561 4560 4745 4703)
4(4683 4716 4747 4712)
4(4394 4404 4747 4716)
4(4403 4714 4747 4404)
4(4779 4781 4786 4298)
4(4771 4769 4786 4781)
4(4312 4783 4309 4310)
4(4779 4298 4309 4783)
5(4771 4795 4803 4768 4769)
4(4790 4801 4807 4791)
4(4774 4775 4807 4801)
4(4768 4803 4807 4775)
4(4795 4791 4807 4803)
4(4365 4366 4890 4840)
4(4357 4841 4891 4360)
4(4790 4791 4894 4842)
5(4771 4813 4816 4851 4795)
5(4374 4375 4850 4816 4813)
4(4818 4855 4896 4854)
4(4818 4854 4898 4856)
4(4365 4840 4899 4399)
5(4397 4823 4866 4394 4395)
5(4397 4825 4828 4867 4823)
5(4312 4320 4870 4828 4825)
4(4315 4857 4902 4316)
4(4374 4813 4890 4366)
4(4771 4781 4890 4813)
4(4779 4840 4890 4781)
4(4810 4847 4891 4841)
4(4816 4850 4891 4847)
4(4375 4360 4891 4850)
4(4795 4851 4894 4791)
4(4816 4847 4894 4851)
4(4810 4842 4894 4847)
4(4403 4404 4896 4855)
4(4394 4866 4896 4404)
4(4823 4854 4896 4866)
4(4823 4867 4898 4854)
4(4828 4868 4898 4867)
4(4824 4856 4898 4868)
4(4779 4783 4899 4840)
4(4312 4825 4899 4783)
4(4397 4399 4899 4825)
4(4824 4868 4902 4857)
4(4828 4870 4902 4868)
4(4320 4316 4902 4870)
4(4295 4943 4309 4298)
4(4912 4944 4953 4913)
5(4916 4920 4945 4930 4310)
4(4916 4310 4309 4943)
4(4937 4939 4953 4944)
4(4930 4945 4953 4939)
4(4920 4913 4953 4945)
4(4315 4316 4962 4956)
5(4312 4310 4930 4958 4320)
4(4320 4958 4962 4316)
4(4930 4939 4962 4958)
4(4937 4956 4962 4939)
4(114 113 249 246)
4(249 113 112 250)
4(251 120 122 252)
4(251 250 112 120)
4(260 253 254 258)
4(249 250 254 253)
4(261 258 254 255)
4(251 255 254 250)
4(13 12 260 258)
4(11 247 260 12)
4(13 16 15 12)
4(11 12 15 17)
4(248 253 260 247)
4(249 253 248 246)
4(256 259 261 255)
4(256 255 251 252)
4(13 258 261 19)
4(21 19 261 259)
4(13 19 18 16)
4(21 20 18 19)
5(128 113 114 130 129)
4(131 134 133 132)
4(130 135 133 129)
4(128 129 133 134)
4(136 132 133 135)
5(137 143 142 141 140)
5(128 144 139 112 113)
5(112 139 138 137 120)
4(122 120 137 140)
4(131 150 149 134)
4(139 144 149 147)
4(128 134 149 144)
4(148 147 149 150)
4(142 143 146 145)
4(139 147 146 138)
4(137 138 146 143)
4(148 145 146 147)
4(155 154 264 265)
4(264 154 153 266)
4(267 158 114 246)
4(267 266 153 158)
4(37 277 281 38)
4(11 38 281 247)
4(37 39 41 42)
4(44 42 41 43)
4(273 277 279 272)
4(264 266 273 272)
4(275 272 279 278)
4(264 272 275 265)
4(37 42 279 277)
4(44 278 279 42)
4(37 38 40 39)
4(11 17 40 38)
4(273 274 281 277)
4(273 266 267 274)
4(281 274 248 247)
4(248 274 267 246)
4(165 154 155 166)
5(167 169 168 165 166)
5(165 173 172 153 154)
5(153 172 171 170 158)
5(114 158 170 180 130)
4(169 182 181 168)
4(172 173 181 178)
4(165 168 181 173)
4(179 178 181 182)
4(174 177 176 175)
4(172 178 176 171)
4(170 171 176 177)
4(179 175 176 178)
4(174 184 183 177)
4(130 180 183 135)
4(170 177 183 180)
4(136 135 183 184)
5(192 185 186 189 193)
4(193 189 190 194)
4(195 194 190 191)
4(186 187 190 189)
4(188 191 190 187)
5(196 200 199 198 197)
4(206 207 222 221)
4(196 221 222 200)
4(199 200 222 223)
4(224 223 222 207)
6(198 199 223 224 226 225)
4(206 209 208 207)
4(215 218 208 209)
4(219 230 208 218)
4(219 233 232 230)
4(225 226 232 234)
4(235 234 232 233)
4(224 207 208 230)
4(224 230 232 226)
4(206 211 210 209)
6(212 217 216 215 214 213)
4(206 221 227 211)
4(215 209 210 214)
4(228 229 210 211)
4(213 214 210 229)
4(196 203 227 221)
4(228 211 227 231)
4(205 231 227 203)
5(192 193 201 196 197)
4(193 194 202 201)
4(196 201 202 203)
4(195 204 202 194)
4(205 203 202 204)
6(215 216 217 220 219 218)
6(220 237 236 235 233 219)
4(192 197 198 244)
4(192 244 238 185)
3(241 242 245)
4(240 243 245 242)
4(1660 1610 1659 1661)
4(485 1661 1659 489)
4(131 132 1612 1762)
4(1607 1611 1612 1608)
4(1761 1762 1612 1611)
4(136 1608 1612 132)
4(1660 1756 1609 1610)
4(1761 1611 1609 1756)
4(1660 1661 1665 1666)
5(1662 1663 1664 478 477)
5(141 142 1791 1773 1772)
5(1662 1772 1773 1784 1663)
4(1660 1666 1817 1756)
4(1667 1666 1665 1668)
4(482 1668 1665 483)
4(485 483 1665 1661)
4(1663 1669 1670 1664)
4(1667 1668 1670 1669)
4(482 487 1670 1668)
4(478 1664 1670 487)
4(142 145 1809 1791)
4(1771 1798 1809 1796)
4(148 1796 1809 145)
4(1773 1791 1809 1798)
4(131 1762 1815 150)
4(1771 1796 1815 1797)
4(148 150 1815 1796)
4(1761 1797 1815 1762)
4(1667 1785 1817 1666)
4(1771 1797 1817 1785)
4(1761 1756 1817 1797)
4(1663 1784 1818 1669)
4(1667 1669 1818 1785)
4(1771 1785 1818 1798)
4(1773 1798 1818 1784)
4(1615 1614 1616 1617)
5(1613 492 491 1614 1615)
4(1615 1617 1633 1632)
5(1613 1615 1632 1624 1623)
4(1634 1617 1616 1635)
4(496 1635 1616 497)
4(491 497 1616 1614)
4(1634 1635 1636 1637)
4(496 498 1636 1635)
4(1634 1645 1633 1617)
4(1641 1644 1633 1645)
4(1624 1632 1633 1644)
4(1634 1637 1646 1645)
4(1647 1648 1646 1637)
4(1641 1645 1646 1642)
4(1643 1642 1646 1648)
4(1647 1637 1636 1651)
4(501 1651 1636 498)
4(1647 1651 1652 1653)
4(501 502 1652 1651)
4(1647 1653 1655 1648)
4(1643 1648 1655 1654)
4(1656 1653 1652 1657)
4(504 1657 1652 502)
4(1656 1658 1655 1653)
4(1607 1654 1655 1658)
4(1656 1657 1659 1610)
4(1656 1610 1609 1658)
4(504 489 1659 1657)
4(1607 1658 1609 1611)
5(167 1623 1624 1899 169)
4(174 175 1908 1900)
4(1641 1642 1908 1903)
4(179 1903 1908 175)
4(1643 1900 1908 1642)
4(169 1899 1911 182)
4(1641 1903 1911 1644)
4(179 182 1911 1903)
4(1624 1644 1911 1899)
4(174 1900 1912 184)
4(1607 1608 1912 1654)
4(1643 1654 1912 1900)
4(136 184 1912 1608)
4(228 231 2736 2741)
4(195 2747 2738 204)
4(2740 2741 2736 2735)
4(205 2737 2736 231)
4(2734 2735 2736 2737)
4(205 204 2738 2737)
4(2734 2737 2738 2739)
4(2581 244 198 2582)
6(2583 2584 2585 235 236 237)
5(2586 2582 198 225 2587)
4(228 2741 2746 229)
5(212 213 2742 2743 2744)
4(2740 2745 2746 2741)
4(213 229 2746 2742)
4(2743 2742 2746 2745)
4(2584 2589 2588 2585)
4(2586 2587 2588 2589)
4(225 234 2588 2587)
4(235 2585 2588 234)
5(2583 2590 2591 2592 2584)
5(2586 2593 2594 2595 2582)
4(2581 2582 2595 2597)
4(2584 2592 2596 2589)
4(2586 2589 2596 2593)
4(2594 2593 2596 2598)
4(2591 2598 2596 2592)
5(2835 2636 2637 2676 2843)
6(3019 3079 3069 3078 3070 3020)
4(3069 3075 3087 3078)
4(2831 3082 3087 2832)
4(2833 2832 3087 3075)
4(3070 3078 3087 3082)
4(3069 3079 3090 3076)
4(3021 3022 3090 3023)
4(3011 3076 3090 3022)
4(3019 3023 3090 3079)
4(3069 3076 3101 3075)
4(239 2834 3101 3010)
4(2833 3075 3101 2834)
4(3011 3010 3101 3076)
6(2835 2843 2676 2675 2844 2836)
6(2835 2836 2837 240 239 2838)
7(240 242 241 2839 2833 2834 239)
4(241 2840 2841 2839)
4(2831 2832 2841 2842)
4(2833 2839 2841 2832)
4(2846 3111 3114 2845)
4(3114 3112 2847 2845)
4(2836 2844 2846 2845)
4(2695 3111 2846 2696)
4(2675 2696 2846 2844)
4(245 243 2847 3112)
4(2836 2845 2847 2837)
4(240 2837 2847 243)
6(3011 3140 3115 238 239 3010)
5(2835 2838 239 238 2636)
5(186 185 238 3115 3120)
4(3115 3140 3144 3141)
4(3021 3133 3144 3022)
4(3011 3022 3144 3140)
4(3132 3141 3144 3133)
4(186 3120 3145 187)
4(188 187 3145 3134)
4(3115 3141 3145 3120)
4(3132 3134 3145 3141)
5(3019 3020 2802 2801 3136)
4(3021 3023 3137 3138)
4(3019 3136 3137 3023)
4(2801 2807 3156 3136)
5(2802 2809 2808 2807 2801)
4(3021 3138 3153 3133)
4(3132 3133 3153 3151)
4(3154 3149 2812 2811)
4(3153 3149 3154 3151)
4(3155 2815 2812 3149)
4(2814 2816 2812 2815)
4(3155 3149 3153 3138)
4(188 3134 3154 2826)
4(2817 2826 3154 2811)
4(2817 2811 2812 2816)
4(3132 3151 3154 3134)
4(188 2826 2827 191)
4(2817 2822 2827 2826)
4(2818 3150 3156 2807)
4(3156 3150 3137 3136)
4(2818 2815 3155 3150)
4(2814 2815 2818 2819)
4(3137 3150 3155 3138)
4(2808 2819 2818 2807)
4(2581 2636 238 244)
4(2799 2739 2738 2747)
4(195 191 2827 2747)
4(2799 2747 2827 2822)
4(2581 2597 2637 2636)
5(2637 2638 2702 2675 2676)
4(2675 2702 2701 2696)
4(2638 2639 2701 2702)
4(3209 3210 3164 3165)
4(485 489 3164 3210)
4(3200 3203 3202 3201)
4(3200 3205 3204 3203)
5(3206 477 478 3208 3207)
4(3209 3201 3202 3210)
4(482 483 3202 3203)
4(485 3210 3202 483)
4(3207 3208 3204 3205)
4(482 3203 3204 487)
4(478 487 3204 3208)
4(3166 3170 3171 3167)
4(3172 3167 3171 3173)
4(2740 2735 3171 3170)
4(2734 3173 3171 2735)
4(3172 3173 3174 3175)
4(2734 2739 3174 3173)
4(3166 3181 3182 3170)
5(3176 2744 2743 3183 3177)
4(3177 3183 3182 3181)
4(2740 3170 3182 2745)
4(2743 2745 3182 3183)
4(3200 3201 3324 3325)
4(3200 3325 3326 3205)
5(3206 3207 3329 2808 2809)
4(3209 3327 3324 3201)
4(3207 3205 3326 3329)
4(2808 3329 3326 2819)
4(2814 3325 3324 2816)
4(2817 2816 3324 3327)
4(2814 2819 3326 3325)
4(3209 3165 3188 3327)
4(2817 3327 3188 2822)
4(3189 3175 3174 3190)
4(2799 3190 3174 2739)
4(3189 3190 3188 3165)
4(2799 2822 3188 3190)
4(501 498 3196 3197)
4(501 3197 3198 502)
4(504 502 3198 3199)
4(504 3199 3164 489)
4(3189 3199 3198 3175)
4(3172 3197 3196 3167)
4(3172 3175 3198 3197)
4(3189 3165 3164 3199)
5(3176 3177 3379 491 492)
4(496 497 3382 3383)
4(491 3379 3382 497)
4(496 3383 3196 498)
4(3166 3167 3196 3383)
4(3166 3383 3382 3181)
4(3177 3181 3382 3379)
6(2591 3453 3454 3455 2594 2598)
5(3451 3452 3453 2591 2590)
6(3466 3467 3468 3455 3457 3456)
5(2595 2594 3455 3468 3467)
5(2595 3467 3469 3432 2597)
5(3432 3469 3467 3466 3433)
4(3456 3457 3818 3816)
4(3455 3810 3818 3457)
4(3453 3809 3811 3454)
4(3455 3454 3811 3810)
4(3453 3452 3812 3809)
4(3451 3808 3812 3452)
5(3432 3446 2638 2637 2597)
4(2638 3444 3445 2639)
3(3443 3445 3444)
6(3432 3433 3443 3444 2638 3446)
4(4335 17 15 4342)
4(4343 4342 15 16)
4(4749 4750 18 20)
4(4343 16 18 4750)
4(4749 4354 4353 4750)
4(4343 4750 4353 4348)
4(4335 4334 40 17)
4(4333 39 40 4334)
4(4336 43 41 4337)
4(4333 4337 41 39)
4(4335 4342 4904 4341)
4(4343 4348 4904 4342)
4(4335 4341 4905 4334)
4(4333 4334 4905 4906)
4(4336 4337 4907 4908)
4(4333 4906 4907 4337)
4(4784 4785 4759 4760)
5(4765 4767 4761 4762 4766)
5(4768 4770 4762 4759 4769)
4(4759 4762 4761 4760)
4(4762 4770 4773 4766)
4(4774 4776 4773 4775)
4(4768 4775 4773 4770)
4(4765 4766 4773 4776)
4(4786 4785 4297 4298)
4(4295 4298 4297 4296)
4(4786 4769 4759 4785)
4(4784 4300 4297 4785)
4(4299 4296 4297 4300)
4(4763 4778 4784 4760)
4(4301 4300 4784 4778)
6(4301 4778 4763 4772 4279 4271)
5(4278 4299 4300 4301 4271)
4(4763 4760 4761 4788)
4(4796 4788 4761 4767)
4(4763 4788 4787 4772)
4(4280 4281 4787 4799)
4(4279 4772 4787 4281)
4(4796 4799 4787 4788)
4(4268 4267 4904 4348)
4(4266 4341 4904 4267)
6(4266 4267 4268 4269 4270 4271)
4(4270 4269 4272 4273)
4(4274 4273 4272 4275)
4(4268 4348 4353 4276)
4(4268 4276 4272 4269)
4(4277 4276 4353 4354)
4(4277 4275 4272 4276)
4(4283 4906 4905 4284)
4(4266 4284 4905 4341)
6(4266 4271 4279 4282 4283 4284)
4(4280 4285 4286 4281)
4(4279 4281 4286 4282)
4(4283 4287 4907 4906)
4(4283 4282 4286 4287)
4(4288 4908 4907 4287)
4(4288 4287 4286 4285)
6(4278 4290 4941 4925 4942 4299)
5(4278 4271 4270 4289 4290)
4(4925 4917 4949 4942)
4(4290 4292 4950 4941)
4(4290 4289 4291 4292)
4(4912 4913 4914 4915)
5(4916 4917 4918 4919 4920)
5(4921 4922 4923 4918 4924)
4(4925 4924 4918 4917)
4(4299 4942 4949 4296)
4(4295 4296 4949 4943)
4(4916 4943 4949 4917)
4(4925 4941 4950 4924)
4(4293 4948 4950 4292)
4(4293 4292 4291 4294)
4(4921 4924 4950 4948)
4(4920 4919 4914 4913)
4(4918 4923 4914 4919)
4(4922 4915 4914 4923)
4(4270 4273 4291 4289)
4(4274 4294 4291 4273)
)


// ************************************************************************* //
