/*--------------------------------*- C++ -*----------------------------------*\
| =========                 |                                                 |
| \\      /  F ield         | OpenFOAM: The Open Source CFD Toolbox           |
|  \\    /   O peration     | Version:  dev                                   |
|   \\  /    A nd           | Web:      www.OpenFOAM.org                      |
|    \\/     M anipulation  |                                                 |
\*---------------------------------------------------------------------------*/
FoamFile
{
    version     2.0;
    format      ascii;
    class       vectorField;
    location    "constant/polyMesh";
    object      points;
}
// * * * * * * * * * * * * * * * * * * * * * * * * * * * * * * * * * * * * * //


4964
(
(12.2629 1.5 2.16986)
(12.2618 1.5 1.33306)
(12.2599 2.25808 1.3342)
(12.2598 2.25839 1.75206)
(12.2601 2.25809 2.16998)
(12.2583 3 2.17)
(12.2589 2.63823 2.17)
(12.2589 2.63826 1.75235)
(12.2583 3 1.7525)
(12.2583 3 1.335)
(12.2589 2.63823 1.33476)
(11.3865 1.5 1.32609)
(11.3861 1.85656 1.32511)
(11.3832 2.24333 1.32927)
(11.821 2.25431 1.33311)
(11.3836 1.85656 0.909332)
(11.3825 2.24333 0.913055)
(11.3839 1.5 0.909208)
(11.3817 2.63316 0.916015)
(11.3817 2.63316 1.33296)
(11.3813 3 0.9175)
(11.3813 3 1.335)
(11.8201 2.63685 1.33434)
(11.8196 3 1.335)
(12.2597 0.741915 2.16997)
(12.2593 0.741613 2.58783)
(12.2584 0.36174 2.58763)
(12.2585 0.361767 2.17)
(12.2579 -1.32876e-16 2.17)
(12.2579 -1.58443e-16 2.58751)
(12.2594 0.741612 1.75206)
(12.2595 0.741916 1.3342)
(12.2585 0.36174 1.75235)
(12.2579 -1.07309e-16 1.7525)
(12.2579 -8.17421e-17 1.335)
(12.2585 0.361767 1.33476)
(11.8202 0.745696 1.33311)
(11.3823 0.756675 1.32926)
(11.3858 1.14344 1.32511)
(11.3815 0.756668 0.913044)
(11.3832 1.14344 0.909327)
(11.3801 0.366843 0.916009)
(11.3801 0.366844 1.33295)
(11.3795 -5.61807e-17 0.9175)
(11.3795 -8.1745e-17 1.335)
(11.8187 -8.17455e-17 1.335)
(11.8191 0.363148 1.33434)
(12.2598 2.25839 2.58783)
(12.2599 2.25808 3.00569)
(12.262 1.5 3.00632)
(12.2583 3 2.58751)
(12.2589 2.63826 2.58764)
(12.2583 3 3.00506)
(12.2589 2.63823 3.00528)
(12.2594 0.741922 3.00568)
(12.2579 -1.84009e-16 3.00505)
(12.2584 0.36177 3.00528)
(14 -2.35133e-16 3.84)
(13.807 -2.35163e-16 3.84004)
(13.7991 0.174946 3.84008)
(14 0.168548 3.84004)
(13.1389 -2.35163e-16 3.84047)
(13.1389 0.361787 3.84078)
(13.5789 0.363635 3.84038)
(13.5815 0.177058 3.84017)
(13.5359 -2.35163e-16 3.84014)
(13.1389 -2.09576e-16 3.42263)
(13.1389 0.361751 3.42281)
(14 0.741587 3.84043)
(14 0.400566 3.84012)
(13.7952 0.361605 3.84017)
(13.5803 0.741831 3.84074)
(13.5804 0.741779 3.42279)
(14 0.741552 3.42262)
(13.1398 0.74104 3.84118)
(13.1399 0.740959 3.42305)
(12.6991 0.740347 3.00539)
(12.6983 0.361349 3.00519)
(13.14 0.740939 3.00525)
(13.5804 0.741764 3.00511)
(13.139 0.361742 3.00512)
(14 0.741543 3.00503)
(13.1389 -1.83989e-16 3.00503)
(13.1417 1.5 3.00543)
(13.1417 1.12068 3.00531)
(13.581 1.12099 3.00515)
(12.6977 -1.84016e-16 3.00505)
(14 1.12118 3.00504)
(14 1.5 3.00505)
(13.5811 1.5 3.00517)
(13.581 1.87901 3.00515)
(14 1.87882 3.00504)
(13.1417 1.87932 3.00531)
(12.6993 2.25965 3.00539)
(13.1401 2.25906 3.00525)
(12.6985 2.63865 3.00519)
(12.6978 3 3.00505)
(13.139 2.63826 3.00512)
(13.139 3 3.00503)
(13.5789 2.63639 3.00505)
(13.5804 2.25824 3.00511)
(14 3 3.005)
(14 2.83145 3.005)
(13.7991 2.82506 3.00501)
(13.807 3 3.005)
(14 2.25846 3.00503)
(13.7952 2.63841 3.00501)
(14 2.59945 3.00501)
(13.5359 3 3.00501)
(13.5816 2.82295 3.00501)
(11.3929 1.85656 2.5895)
(11.384 2.24335 2.58971)
(10.9439 2.22341 2.59411)
(10.9637 1.83392 2.58977)
(10.9578 1.50001 2.59098)
(11.3927 1.50001 2.58974)
(11.3926 1.50001 2.16973)
(11.3933 1.85656 2.16964)
(11.3841 2.24335 2.17061)
(11.3813 2.63317 2.58853)
(10.9405 2.62411 2.5913)
(11.3813 3 2.58751)
(10.9431 3 2.58751)
(11.3813 3 2.17)
(11.3813 2.63317 2.17043)
(11.8212 2.25431 2.17004)
(11.8196 3 2.17)
(11.8201 2.63686 2.17005)
(10.5 1.8 2.5875)
(10.52 1.63128 2.59351)
(10.5145 1.50001 2.59422)
(10.0688 1.8 2.59072)
(10.0689 1.6311 2.59132)
(10.2908 1.63115 2.59318)
(10.2911 1.8 2.59198)
(10.2905 1.49995 2.59342)
(10.0691 1.49996 2.59154)
(10.4923 2.60295 2.60059)
(10.4108 2.4 2.61076)
(10.4938 2.20651 2.6028)
(10.505 3 2.58751)
(10.0669 3 2.58751)
(10.062 2.59906 2.59302)
(10.2765 2.59386 2.59834)
(10.5157 1.99584 2.59525)
(10.0614 2.4 2.59416)
(10.2764 2.4 2.59996)
(10.2785 2.20494 2.59837)
(10.0624 2.20462 2.59384)
(10.2879 1.99561 2.59431)
(10.0672 1.99549 2.59189)
(11.3797 0.36683 2.58852)
(11.383 0.756651 2.5897)
(10.9431 0.776594 2.5941)
(10.9384 0.375894 2.59129)
(10.9399 -1.58439e-16 2.58751)
(11.3795 -1.58439e-16 2.58751)
(11.3925 1.14345 2.58949)
(10.9635 1.16609 2.58976)
(11.3929 1.14345 2.16963)
(11.3831 0.756656 2.17061)
(11.8204 0.74569 2.17004)
(11.8203 0.745646 2.58826)
(11.8191 0.363138 2.58782)
(11.8187 -1.58439e-16 2.58751)
(10.4911 0.397052 2.6006)
(10.5 2.1194e-16 2.5875)
(10.0633 2.1194e-16 2.58751)
(10.2763 0.406146 2.59837)
(10.0614 0.400954 2.59304)
(10.5 1.2 2.5875)
(10.5159 1.00415 2.59522)
(10.4939 0.793483 2.6028)
(10.4108 0.6 2.61076)
(10.0695 1.2 2.59087)
(10.0676 1.00451 2.59189)
(10.2887 1.00439 2.59423)
(10.2929 1.2 2.59195)
(10.2788 0.795061 2.59837)
(10.0626 0.795381 2.59385)
(10.5202 1.36871 2.59348)
(10.2769 0.6 2.59997)
(10.0616 0.6 2.59417)
(10.2916 1.36884 2.5931)
(10.0693 1.36888 2.59132)
(7.01701 1.83942 3.00446)
(7.5 1.8 3.005)
(7.66079 1.8 3.00535)
(7.87774 1.8 3.00493)
(7.44701 1.63139 3.005)
(7.66073 1.63119 3.00514)
(7.87789 1.63111 3.00502)
(7.01512 1.50231 3.00336)
(7.44512 1.50038 3.0048)
(7.66054 1.50017 3.00509)
(7.87788 1.50002 3.00511)
(7.5 1.2 3.005)
(7.01939 1.16573 3.00319)
(7.01149 1.16501 3.41795)
(7.5 1.2 3.4225)
(7.5 1.2 3.21375)
(7.44694 1.36876 3.00503)
(7.66046 1.3689 3.00527)
(7.66035 1.2 3.00551)
(7.87755 1.3689 3.00531)
(7.8772 1.2 3.00564)
(7.45159 0.793913 3.005)
(7.45072 0.79394 3.21375)
(7.45191 0.6 3.21391)
(7.45214 0.6 3.00505)
(7.66532 0.6 3.00504)
(7.66489 0.795114 3.00507)
(7.80546 2.37505e-16 3.00503)
(7.86695 0.401191 3.00503)
(7.66118 0.407534 3.00503)
(7.44216 0.403518 3.00502)
(7.37233 0.186313 3.005)
(7.3 2.38942e-16 3.02848)
(7.4452 0.406946 3.2138)
(7.42484 0.400824 3.42252)
(7.3 2.63069e-16 3.4225)
(7.44858 1.00408 3.00507)
(7.44037 1.00401 3.2138)
(7.44862 1.00407 3.42255)
(7.45152 0.793917 3.42243)
(7.01362 0.782274 3.41813)
(7.23854 0.7889 3.42173)
(7.66162 1.00439 3.00528)
(7.88022 0.795385 3.00507)
(7.88026 0.6 3.00502)
(7.45271 0.6 3.42266)
(7.87819 1.00451 3.0053)
(7.3 0.6 3.4225)
(7.22991 0.40498 3.42228)
(7.01634 0.594132 3.42134)
(6.99866 0.392204 3.42119)
(6.96479 0.182993 3.42163)
(6.95955 2.28088e-06 3.44618)
(7.01027 1.8392 3.42073)
(7.01272 2.2238 3.42299)
(6.54289 2.27764 3.42642)
(6.51571 2.67713 3.42545)
(6.53993 2.47096 3.42826)
(6.30672 2.29764 3.425)
(7.006 1.50197 3.41852)
(6.27447 2.51628 3.43097)
(10.9579 1.50001 2.1714)
(11.3914 1.5 1.74765)
(10.9561 1.5 1.74724)
(10.9639 1.83392 2.17041)
(10.9432 2.2234 2.17473)
(10.94 2.62412 2.17294)
(10.9431 3 2.17)
(10.962 1.83391 1.74718)
(10.9466 2.22341 1.74291)
(10.9426 2.62407 1.74725)
(10.9431 3 1.7525)
(11.8201 2.63686 1.75207)
(11.3844 2.24333 1.74895)
(11.3813 3 1.7525)
(11.3917 1.85655 1.74767)
(11.3817 2.63316 1.7511)
(11.8212 2.25435 1.75131)
(11.8196 3 1.7525)
(10.9378 0.375884 2.17294)
(10.9399 -1.32874e-16 2.17)
(10.9423 0.776601 2.17472)
(10.9637 1.16609 2.17041)
(11.3797 0.366832 2.17043)
(11.3795 -1.32874e-16 2.17)
(11.8191 0.363145 2.17005)
(11.8187 -1.32874e-16 2.17)
(10.9405 0.375936 1.74725)
(10.9457 0.776589 1.74292)
(10.9617 1.16609 1.74718)
(10.9399 -1.0731e-16 1.7525)
(11.8192 0.363141 1.75207)
(11.3834 0.756672 1.74895)
(11.3795 -1.0731e-16 1.7525)
(11.3801 0.366841 1.7511)
(11.8204 0.745653 1.75131)
(11.3913 1.14345 1.74767)
(11.8187 -1.0731e-16 1.7525)
(8.97199 1.2 4.46638)
(9.19089 1.2 4.46645)
(9.19156 1.00455 4.46649)
(8.97177 1.00455 4.46649)
(9.1916 1.36886 4.4665)
(8.97179 1.36889 4.46652)
(9.19072 0.795453 3.83992)
(9.19071 0.6 3.83983)
(9.19087 0.6 4.04878)
(9.19087 0.795461 4.04882)
(9.19129 0.795459 4.2581)
(9.19141 0.6 4.25912)
(9.19133 0.6 4.46621)
(8.97143 0.6 4.46614)
(8.97162 0.795457 4.46641)
(9.19164 0.795463 4.46642)
(9.19278 1.2 4.25835)
(9.18977 1.2 4.04832)
(9.19055 1.00454 4.04867)
(9.19164 1.00455 4.25788)
(9.19053 1.00455 3.84003)
(9.1903 1.2 3.84026)
(9.19164 1.36889 4.25784)
(8.97167 1.36893 4.25767)
(9.18872 0.401179 3.84005)
(9.18995 0.407237 3.63117)
(9.18872 0.401165 3.42258)
(9.18115 2.63082e-16 3.4227)
(9.18053 2.88676e-16 3.84066)
(9.1909 0.6 3.631)
(9.19061 0.6 3.42251)
(9.19072 0.79547 3.63111)
(9.1906 0.795469 3.42258)
(9.19063 1.2 3.42345)
(9.19057 1.00456 3.42283)
(9.19048 1.00456 3.63089)
(9.1901 1.2 3.63023)
(9.18142 3.1431e-16 4.25939)
(9.18401 3.4006e-16 4.67962)
(9.19117 0.401109 4.67613)
(9.19085 0.407222 4.46664)
(9.1893 0.401201 4.25841)
(8.97064 0.407114 4.6759)
(8.97091 0.408681 4.46655)
(9.19009 0.407239 4.04892)
(8.97161 1.36888 3.84001)
(8.97156 1.36891 4.04882)
(8.97153 1.50004 4.0488)
(8.97154 1.49993 3.84001)
(8.97173 1.50018 4.25766)
(8.97136 1.63112 4.04869)
(8.97151 1.63109 3.83997)
(9.19051 1.36891 4.04868)
(9.19049 1.36892 3.84007)
(9.19044 1.3689 3.63094)
(9.19057 1.36888 3.42286)
(9.1906 1.50007 3.84007)
(9.19057 1.50004 3.6313)
(9.19058 1.49999 3.42271)
(9.19061 1.63111 3.84006)
(9.19063 1.63113 3.63142)
(9.1906 1.63111 3.42266)
(9.19983 0.402345 5.09451)
(9.19206 0.18683 5.1003)
(8.96889 0.187447 5.1009)
(8.96837 0.402465 5.09561)
(9.18841 3.63208e-16 5.05779)
(8.969 3.66189e-16 5.10681)
(8.97045 0.407902 4.88528)
(9.19507 0.407156 4.88481)
(8.96743 0.182012 5.5)
(8.96864 0.185612 5.308)
(8.97048 3.54534e-16 5.31601)
(8.97156 8.41171e-17 5.5)
(8.95979 0.795287 5.30303)
(8.9541 0.6 5.30586)
(8.9 0.6 5.5)
(8.94995 0.796089 5.5)
(8.97142 0.6 4.67552)
(8.97034 0.6 4.88491)
(8.9708 0.79541 4.8849)
(8.97154 0.79544 4.67556)
(8.94995 0.995625 5.5)
(8.95975 1.00125 5.30288)
(8.97081 1.00439 4.88505)
(8.97155 1.00451 4.67552)
(8.96173 0.397488 5.30395)
(8.954 0.389723 5.5)
(8.97148 1.2 4.67523)
(8.96727 0.6 5.09499)
(8.96831 0.795311 5.09436)
(8.95402 1.2 5.3054)
(8.96747 1.2 5.09467)
(8.96837 1.00383 5.09425)
(8.9 1.2 5.5)
(8.97035 1.2 4.8854)
(8.96141 1.36113 5.30288)
(8.96877 1.36736 5.09417)
(8.95305 1.35021 5.5)
(8.97161 1.36884 4.67552)
(8.97096 1.36857 4.88502)
(8.96598 1.50001 5.30182)
(8.96292 1.5 5.5)
(8.9714 1.5 4.88479)
(8.96984 1.5001 5.09379)
(8.97174 1.50006 4.46659)
(8.97173 1.49995 4.6756)
(8.7525 3 3.84071)
(8.75259 2.59882 3.84014)
(8.75262 2.59276 4.04888)
(8.75248 2.59883 4.25796)
(8.7525 3 4.2595)
(8.97188 1.99543 4.25751)
(8.97138 1.99543 4.04868)
(8.97095 1.8 4.04844)
(8.97246 1.8 4.25721)
(8.97153 1.99544 3.83996)
(8.97163 1.8 3.83989)
(8.97189 1.6312 4.25753)
(9.19063 1.8 3.83999)
(9.19064 1.99543 3.84003)
(9.19062 3 3.84072)
(9.19072 2.59883 3.84007)
(8.97165 2.59273 3.84006)
(9.19072 2.20453 3.83994)
(8.97162 2.20454 3.84)
(8.97166 2.4 3.84001)
(9.19071 2.4 3.83983)
(8.97157 2.20454 4.04879)
(8.9716 2.59129 4.04886)
(8.97161 2.59274 4.25771)
(8.97148 2.4 4.04885)
(8.97165 2.20452 4.25755)
(8.97152 2.4 4.25751)
(9.19062 3 3.42272)
(9.19065 2.59883 3.42253)
(9.19067 2.59276 3.63124)
(9.19076 2.4 3.42243)
(9.19062 2.4 3.63114)
(9.19066 2.20452 3.63123)
(9.19065 2.20453 3.42251)
(9.19063 1.8 3.42266)
(9.19076 1.8 3.63154)
(9.19065 1.99544 3.63139)
(9.19061 1.99544 3.42262)
(8.9711 1.8 4.46692)
(8.97115 1.8 4.67522)
(8.97146 1.99548 4.67548)
(8.9715 1.99543 4.46661)
(8.97151 1.63115 4.67551)
(8.97153 1.63113 4.46663)
(8.97102 1.99561 4.88478)
(8.9709 2.20459 4.8847)
(8.97152 2.20456 4.67539)
(8.97052 2.4 4.88449)
(8.97137 2.4 4.67507)
(8.97159 2.20454 4.46648)
(8.97145 2.4 4.46647)
(8.75135 2.59889 4.6765)
(8.75208 2.59278 4.46673)
(8.9716 2.59131 4.46663)
(8.97151 2.59289 4.67572)
(8.7525 3 4.6798)
(8.9598 2.2047 5.30307)
(8.95976 1.99877 5.30301)
(8.94995 2.00438 5.5)
(8.94995 2.20391 5.5)
(8.97096 2.5921 4.88509)
(8.74893 2.59284 4.88565)
(8.74452 2.59764 5.09614)
(8.96893 2.59754 5.09552)
(8.75017 2.81316 5.10072)
(8.7525 3 5.05789)
(8.7525 3 5.5)
(8.7525 3 5.31586)
(8.74723 2.81454 5.30807)
(8.74356 2.81791 5.5)
(8.9 2.4 5.5)
(8.95411 2.4 5.30594)
(8.96828 1.99617 5.09434)
(8.96836 2.20469 5.09427)
(8.96739 2.4 5.09473)
(8.7284 2.61018 5.5)
(8.7352 2.60236 5.30459)
(8.96196 2.60251 5.30397)
(8.954 2.61028 5.5)
(8.96869 1.63269 5.09427)
(8.97115 1.63142 4.88478)
(8.95305 1.64979 5.5)
(8.96143 1.63883 5.30301)
(8.97102 1.8 4.88467)
(8.96719 1.8 5.09494)
(8.95412 1.8 5.30576)
(8.9 1.8 5.5)
(9.19062 3 3.00506)
(9.19053 2.59884 3.0051)
(9.19052 2.59276 3.21373)
(9.19059 1.99545 3.21387)
(9.1905 1.8 3.21385)
(9.19056 2.20454 3.00509)
(9.1907 1.99545 3.00498)
(9.19055 2.20454 3.21375)
(9.19085 1.8 3.00471)
(9.19051 2.4 3.21351)
(9.19063 2.4 3.00505)
(9.19061 1.63109 3.21392)
(9.19075 1.63108 3.00501)
(9.18984 0.407236 3.21389)
(9.18902 0.401171 3.0052)
(9.18331 2.37507e-16 3.00505)
(9.19055 0.6 3.21388)
(9.19054 0.795465 3.21392)
(9.19053 1.00456 3.2141)
(9.19049 0.795463 3.00524)
(9.19045 0.6 3.00528)
(9.19055 1.00455 3.00526)
(9.19049 1.2 3.21432)
(9.19056 1.3689 3.21413)
(9.1905 1.2 3.00526)
(9.19061 1.36889 3.00526)
(9.19062 1.49999 3.21402)
(9.19069 1.49995 3.00521)
(10.5 2.88633e-16 3.84)
(10.5066 0.397059 3.83729)
(10.9417 0.375905 3.84022)
(10.9399 -2.35153e-16 3.84037)
(10.507 0.793434 3.8382)
(10.5009 1.00412 3.84426)
(10.4514 1.2 3.85138)
(10.9378 1.16594 3.847)
(10.9423 0.776411 3.84165)
(10.0627 2.88655e-16 3.84036)
(10.0674 0.400972 3.83875)
(10.288 0.406158 3.8374)
(10.2877 0.795049 3.83825)
(10.2845 1.00439 3.84161)
(10.437 0.6 3.83701)
(10.2884 0.6 3.83719)
(10.2834 1.2 3.84263)
(10.068 0.795388 3.83899)
(10.0663 1.00451 3.84087)
(10.0656 1.2 3.84157)
(10.0684 0.6 3.83843)
(9.62761 0.401167 3.42272)
(9.62386 2.6308e-16 3.42267)
(9.40904 0.407259 3.42267)
(10.0628 2.63075e-16 3.42261)
(10.0653 0.400947 3.4234)
(10.067 0.407036 3.63086)
(9.847 0.407212 3.42302)
(9.84781 0.408659 3.63111)
(9.40961 0.6 3.42274)
(9.62866 0.6 3.4226)
(9.62854 0.795456 3.42285)
(9.40959 0.795468 3.4227)
(9.40955 1.00456 3.4227)
(9.62849 1.00456 3.42314)
(10.0674 0.6 3.63082)
(10.067 0.795406 3.6314)
(9.84737 0.6 3.42292)
(9.84803 0.6 3.63116)
(9.84784 0.795449 3.63139)
(9.84725 0.795452 3.42332)
(10.0657 1.00451 3.63306)
(10.0656 1.2 3.63338)
(9.84695 1.00455 3.42413)
(9.84717 1.00454 3.63216)
(9.84671 1.2 3.42447)
(9.84689 1.2 3.63218)
(9.6286 1.2 3.42307)
(9.40948 1.2 3.42239)
(10.5016 1.50003 3.84416)
(10.4996 1.36869 3.84565)
(10.2836 1.36885 3.84263)
(10.284 1.49997 3.84254)
(10.94 1.50002 3.84555)
(10.0659 1.49987 3.84151)
(10.0658 1.36886 3.84149)
(9.40955 1.36889 3.42276)
(9.62849 1.3689 3.42328)
(9.84694 1.36888 3.42439)
(9.84698 1.36891 3.63249)
(9.62847 1.50002 3.42338)
(9.40957 1.49995 3.42288)
(10.0653 1.36888 3.63365)
(10.0653 1.49991 3.6338)
(9.84703 1.50001 3.63266)
(9.84707 1.49993 3.42436)
(10.0652 1.49991 3.42603)
(9.40953 1.63109 3.42275)
(9.62842 1.6311 3.42315)
(10.0652 1.63108 3.63374)
(10.0658 1.63108 3.84149)
(10.065 1.63108 3.42607)
(9.84697 1.63108 3.42402)
(10.9412 -3.09594e-16 5.05571)
(10.9404 -2.86446e-16 4.67802)
(10.9423 0.375548 4.67933)
(10.9422 0.375017 5.09769)
(10.9417 0.17999 5.09928)
(10.9416 0.769076 5.09961)
(10.944 0.77463 4.67998)
(10.9444 1.1637 4.67606)
(10.9392 1.15671 5.09955)
(10.9423 0.410794 5.5)
(10.9425 0.370544 5.30427)
(10.9398 0.763772 5.5)
(10.9401 -2.60764e-16 4.25861)
(10.943 0.375825 4.25761)
(10.9449 0.776035 4.25742)
(10.9418 1.16549 4.26023)
(10.9426 1.50002 4.25991)
(10.9438 1.50002 4.67724)
(10.9324 1.14843 5.5)
(10.9394 1.5 5.09932)
(10.9354 1.5 5.5)
(10.9423 0.177894 5.30715)
(10.9431 -4.25783e-16 5.5)
(10.942 -3.29164e-16 5.31416)
(10.9429 0.172386 5.5)
(10.2836 1.63113 3.84278)
(10.4997 1.63132 3.84568)
(10.5071 2.20656 3.83827)
(10.437 2.4 3.83701)
(10.5078 2.60294 3.83752)
(10.9438 2.6241 3.8405)
(10.943 2.22359 3.84177)
(10.2878 2.20495 3.83845)
(10.2885 2.4 3.83752)
(10.505 3 3.84072)
(10.2886 2.59385 3.83766)
(10.0683 2.59905 3.83892)
(10.0669 3 3.84072)
(10.9431 3 3.84072)
(10.068 2.20462 3.83908)
(10.0685 2.4 3.83854)
(10.4514 1.8 3.85138)
(10.938 1.83408 3.84703)
(10.5009 1.99588 3.84432)
(10.2845 1.99561 3.84179)
(10.2833 1.8 3.84296)
(10.0656 1.8 3.8414)
(10.0663 1.9955 3.84089)
(9.62856 2.59884 3.42281)
(9.40959 2.59274 3.42265)
(9.62875 3 3.42272)
(10.0673 2.59296 3.63089)
(10.066 2.59905 3.4235)
(10.0669 3 3.42272)
(9.84736 2.59279 3.42311)
(9.62832 1.8 3.42278)
(9.40942 1.8 3.42253)
(9.40953 1.99544 3.42269)
(9.62842 1.99545 3.42303)
(9.6285 2.20454 3.42292)
(9.40958 2.20455 3.42267)
(9.40959 2.4 3.42261)
(9.62858 2.4 3.42278)
(10.0648 1.8 3.426)
(10.0652 1.8 3.63353)
(10.065 1.9955 3.42564)
(10.0656 1.99549 3.63317)
(10.0669 2.20461 3.63143)
(10.0657 2.20462 3.42418)
(9.84671 1.8 3.4233)
(9.84699 1.99546 3.42378)
(9.84726 2.20456 3.42336)
(10.0672 2.4 3.63071)
(10.0659 2.4 3.4236)
(9.84742 2.4 3.42305)
(10.9446 1.83631 4.67611)
(10.9393 1.8433 5.09958)
(10.942 1.83453 4.26027)
(10.9449 2.62418 4.25821)
(10.9456 2.22397 4.25759)
(10.9431 3 4.25952)
(10.9446 2.22537 4.6802)
(10.9419 2.23093 5.09978)
(10.944 2.62446 4.68035)
(10.9432 2.625 5.09878)
(10.9424 2.58923 5.5)
(10.9398 2.23624 5.5)
(10.943 2.62948 5.30479)
(10.9431 3 5.0579)
(10.9432 2.82002 5.10126)
(10.9431 3 4.67981)
(10.9324 1.85157 5.5)
(10.9431 2.82213 5.3083)
(10.9431 3 5.5)
(10.943 2.82765 5.5)
(10.9431 3 5.31588)
(9.20152 1.50009 5.09304)
(9.19625 1.49998 4.88436)
(9.21422 1.5 5.5)
(9.20989 1.50002 5.30115)
(9.19335 1.49998 4.67542)
(9.19185 1.4999 4.46645)
(10.5093 1.50004 4.67427)
(10.5079 1.50004 4.88848)
(10.5062 1.50004 5.09698)
(10.2903 1.49992 4.67464)
(10.2906 1.49994 4.88667)
(10.2918 1.49997 5.09557)
(10.0716 1.49984 4.67505)
(10.074 1.49988 4.88538)
(10.0783 1.49991 5.09444)
(9.64815 1.50001 5.09305)
(9.42804 1.50002 5.0928)
(9.44078 1.5 5.301)
(9.66018 1.50001 5.30123)
(9.63417 1.50002 4.67521)
(9.41439 1.50005 4.67529)
(9.41931 1.49992 4.88415)
(9.63938 1.49999 4.88431)
(10.5108 1.50004 4.46202)
(10.2902 1.49996 4.46388)
(9.87331 1.50001 5.30161)
(9.86421 1.50005 5.09365)
(9.85723 1.49993 4.88466)
(9.85301 1.49997 4.67518)
(9.66503 1.5 5.5)
(9.44654 1.5 5.5)
(10.5068 1.50004 4.25654)
(10.2879 1.50003 4.25638)
(10.0701 1.49994 4.46528)
(10.0685 1.49989 4.25693)
(9.85062 1.50003 4.46597)
(9.6314 1.50008 4.46621)
(9.62992 1.5 4.25743)
(9.84913 1.50002 4.2573)
(9.8766 1.5 5.5)
(10.0851 1.5 5.5)
(10.0835 1.49999 5.302)
(9.41182 1.50001 4.46633)
(9.41062 1.5 4.25753)
(10.5469 1.5 5.5)
(10.504 1.50001 5.30287)
(10.2929 1.5 5.30228)
(10.2922 1.5 5.5)
(9.19127 1.50003 4.25769)
(9.40964 1.63115 3.84006)
(9.62862 1.63111 3.84051)
(9.6284 1.63111 3.63188)
(9.40959 1.63112 3.63147)
(9.84727 1.6311 3.84084)
(9.84702 1.63109 3.63259)
(10.2864 1.49997 4.04871)
(10.5058 1.50004 4.04837)
(10.0672 1.49992 4.04893)
(9.84816 1.50001 4.04893)
(9.62914 1.49993 4.04885)
(9.40998 1.5 4.04882)
(9.19073 1.5 4.04883)
(9.19062 1.6311 4.04895)
(10.0683 1.63108 4.25682)
(9.84891 1.63108 4.2572)
(10.0672 1.63108 4.04881)
(9.62902 1.63108 4.04875)
(9.84805 1.63108 4.04888)
(9.40987 1.63109 4.04881)
(9.6293 1.2 4.25733)
(9.62971 1.36891 4.25741)
(9.8489 1.36891 4.25736)
(9.84853 1.2 4.2575)
(10.4601 1.2 4.26013)
(10.5063 1.3687 4.2566)
(10.068 1.2 4.25693)
(10.0683 1.36887 4.25691)
(10.2876 1.36886 4.25626)
(10.287 1.2 4.25626)
(9.41046 1.36891 4.25747)
(9.41006 1.2 4.25724)
(10.4414 1.2 4.04139)
(9.62879 1.2 3.84033)
(9.62921 1.2 4.0487)
(9.84802 1.2 4.04868)
(9.84724 1.2 3.84056)
(9.4099 1.2 3.84025)
(9.40971 1.2 4.04862)
(10.2872 1.2 4.04743)
(10.067 1.2 4.0486)
(9.40978 1.2 3.63152)
(9.62863 1.2 3.63157)
(10.7237 0.380623 5.09704)
(10.7221 0.182373 5.09753)
(10.7211 -3.12386e-16 5.10146)
(10.7242 0.174366 5.5)
(10.7241 -3.90435e-16 5.5)
(10.7219 -3.28188e-16 5.31107)
(10.7231 0.179886 5.3055)
(10.7244 0.375661 5.30319)
(10.7246 0.369328 5.5)
(9.41143 1.36889 4.46637)
(9.62886 0.401146 4.25748)
(9.40986 0.407259 4.25754)
(9.41014 0.6 4.25716)
(9.62974 0.6 4.25705)
(9.62414 3.14297e-16 4.25917)
(9.62974 1.00454 4.25733)
(9.41045 1.00455 4.25744)
(10.5113 0.397052 4.25076)
(10.5 3.14198e-16 4.2575)
(10.5131 0.793379 4.25024)
(10.5076 1.00411 4.25534)
(10.063 3.1427e-16 4.25857)
(10.0689 0.400952 4.25579)
(10.2912 0.406159 4.25279)
(9.84943 0.6 4.25649)
(9.84936 0.407208 4.25667)
(9.84906 1.00453 4.25719)
(9.62999 0.795458 4.25714)
(9.41048 0.795459 4.25741)
(10.4458 0.6 4.24576)
(10.2884 1.00439 4.2555)
(10.0687 1.0045 4.25654)
(10.2913 0.795033 4.25303)
(10.07 0.795377 4.25546)
(10.07 0.6 4.25509)
(10.292 0.6 4.25184)
(9.84969 0.795442 4.25664)
(9.21055 0.397592 5.30229)
(9.1962 0.185414 5.30772)
(9.19063 8.41171e-17 5.5)
(9.18991 3.54859e-16 5.31578)
(9.20072 0.181883 5.5)
(9.22023 0.389839 5.5)
(9.1926 0.6 4.67509)
(9.1923 1.2 4.67537)
(9.19294 1.00451 4.67539)
(9.19552 0.6 4.88426)
(9.20263 0.6 5.09301)
(9.19302 0.795443 4.67529)
(9.19609 0.795399 4.88434)
(9.20269 0.795307 5.09312)
(9.22089 0.6 5.3007)
(9.23042 0.795803 5.5)
(9.28973 0.6 5.48973)
(9.21693 0.795281 5.3012)
(9.20256 1.2 5.09309)
(9.2027 1.00382 5.09314)
(9.19611 1.00439 4.88444)
(9.1956 1.2 4.88454)
(9.22111 1.2 5.30078)
(9.21706 1.00126 5.3012)
(9.23041 0.995954 5.5)
(9.28973 1.2 5.48973)
(9.21425 1.36106 5.30119)
(9.20215 1.36735 5.09311)
(9.19608 1.36859 4.88443)
(9.22508 1.34994 5.5)
(9.19299 1.36884 4.6754)
(9.41066 1.2 4.46641)
(9.63075 1.2 4.4661)
(9.63368 1.36885 4.67521)
(9.41399 1.36885 4.67525)
(9.6311 1.36891 4.4662)
(9.41333 1.2 4.67524)
(9.63277 1.2 4.6751)
(9.62536 3.40006e-16 4.67921)
(9.63182 0.401094 4.67628)
(9.67784 0.795841 5.5)
(9.66281 0.389744 5.5)
(9.64431 0.40233 5.09466)
(9.64882 0.795298 5.09336)
(9.64743 1.2 5.09313)
(9.63355 0.795441 4.67549)
(9.62875 8.41171e-17 5.5)
(9.62748 3.63154e-16 5.05742)
(9.69331 1.2 5.49331)
(10.5 3.39762e-16 4.675)
(10.5084 0.79318 4.68474)
(10.5 6.66134e-16 5.5)
(10.5524 0.786906 5.5)
(10.0758 0.40206 5.09667)
(10.0771 1.2 5.09562)
(10.5064 0.396985 4.68421)
(10.5 3.62594e-16 5.04788)
(10.0635 3.39952e-16 4.67788)
(10.5068 0.792058 5.0993)
(10.4689 1.2 4.66888)
(10.0712 0.795357 4.67732)
(10.5296 0.403341 5.5)
(10.0669 8.41171e-17 5.5)
(10.5 1.2 5.48456)
(10.0918 0.79537 5.5)
(10.5059 0.397961 5.09851)
(10.4628 1.2 5.1)
(10.0697 0.400909 4.6778)
(10.0702 1.2 4.67481)
(10.0785 0.795129 5.096)
(10.0648 3.63045e-16 5.05524)
(10.0842 0.38923 5.5)
(10.0969 1.2 5.49689)
(9.41069 0.6 4.46631)
(9.41136 1.00454 4.46637)
(9.41806 0.6 4.88394)
(9.41902 0.185425 5.30773)
(9.4487 0.6 5.30089)
(9.41918 1.00438 4.88402)
(9.44451 1.36106 5.3009)
(9.44848 1.00125 5.30092)
(9.41909 1.36858 4.88401)
(10.29 1.00418 4.88861)
(10.2923 0.6 4.46215)
(9.85036 0.6 4.46606)
(10.291 1.00441 4.46307)
(10.2904 1.36881 4.46319)
(9.85024 1.00453 4.46604)
(9.85019 1.36889 4.46602)
(10.2891 0.6 4.89216)
(10.2875 0.184723 5.30492)
(10.2952 0.6 5.30688)
(9.85548 0.6 4.88569)
(9.85515 0.185379 5.30744)
(9.87523 0.6 5.30393)
(10.2952 1.00038 5.3033)
(10.2935 1.36107 5.30312)
(10.29 1.36851 4.88773)
(9.85655 1.00438 4.88493)
(9.8744 1.36112 5.30234)
(9.87718 1.00111 5.30237)
(9.85655 1.36857 4.88469)
(9.63049 0.407208 4.46645)
(9.63745 0.407141 4.88508)
(9.63261 0.6 4.67549)
(9.41301 0.407112 4.67557)
(9.85181 0.40706 4.67646)
(9.63106 0.795455 4.46622)
(9.69331 0.6 5.49331)
(9.66571 0.795272 5.30152)
(9.67782 0.995861 5.5)
(9.46315 0.795775 5.5)
(9.88591 0.795812 5.5)
(9.65596 0.397566 5.30252)
(9.64388 0.181838 5.5)
(9.44765 0.389802 5.5)
(9.87405 0.389604 5.5)
(9.64739 0.6 5.09338)
(9.63292 0.186804 5.10001)
(9.42495 0.402473 5.09431)
(9.86075 0.402403 5.09558)
(9.64885 1.00381 5.09327)
(9.63883 0.795399 4.8846)
(9.42934 0.795306 5.09287)
(9.86454 0.795267 5.0945)
(9.64813 1.36733 5.09319)
(9.63788 1.2 4.88491)
(9.66401 1.2 5.30266)
(9.42896 1.2 5.09268)
(9.86342 1.2 5.09478)
(9.63359 1.00451 4.67528)
(9.85139 1.2 4.67501)
(9.41385 0.795445 4.67522)
(9.85252 0.795427 4.67608)
(9.62826 3.55185e-16 5.31553)
(9.40969 8.41171e-17 5.5)
(9.84781 8.41171e-17 5.5)
(9.40866 3.66189e-16 5.10667)
(9.8466 3.66135e-16 5.1057)
(9.67109 1.35002 5.5)
(9.49152 1.2 5.49152)
(9.8951 1.2 5.4951)
(10.5171 0.794791 4.4572)
(10.434 0.6 4.7)
(10.5069 0.79451 4.89468)
(10.5104 1.00403 4.67412)
(10.29 0.79497 4.67991)
(10.5 3.79833e-16 5.30125)
(10.5055 0.178519 5.5)
(10.2859 0.000327831 5.49641)
(10.5077 0.792299 5.30441)
(10.4822 0.6 5.48223)
(10.4959 0.993073 5.5)
(10.2974 0.793568 5.5)
(10.493 1.35006 5.5)
(10.5103 1.36863 4.67253)
(10.0703 0.407028 4.4657)
(10.0693 1.2 4.46487)
(10.2905 0.401361 5.09793)
(10.0726 0.406951 4.88791)
(10.0774 0.6 5.09659)
(10.0684 0.186663 5.09871)
(10.0812 0.397074 5.30389)
(10.2914 1.2 5.09741)
(10.0726 1.2 4.88597)
(10.0784 1.00368 5.09538)
(10.0847 1.2 5.30525)
(10.078 1.36727 5.09503)
(10.5168 0.405278 4.45703)
(10.5062 0.405247 4.89483)
(10.2893 0.406007 4.6805)
(10.5026 0.185005 5.09505)
(10.2828 3.6581e-16 5.10065)
(10.434 0.6 5.1)
(10.5067 1.00285 5.09854)
(10.2921 0.794515 5.09786)
(10.4501 1.2 4.45014)
(10.434 1.2 4.9)
(10.2897 1.2 4.67379)
(10.0707 0.79538 4.4655)
(10.0705 0.6 4.67807)
(10.0711 1.00447 4.67547)
(10.0735 0.795312 4.88743)
(10.5073 0.391658 5.30353)
(10.2946 0.387983 5.5)
(10.0655 3.5822e-16 5.31346)
(10.0749 0.181587 5.5)
(10.434 1.19924 5.30012)
(10.2987 1.2 5.49868)
(10.0865 0.795026 5.30334)
(10.0969 0.6 5.49689)
(10.0915 0.995308 5.5)
(10.5063 1.36703 5.09789)
(10.0875 1.35017 5.5)
(10.0711 1.36878 4.67499)
(9.41092 0.408678 4.46646)
(9.41137 0.795459 4.46632)
(9.41314 0.6 4.67507)
(9.63045 0.6 4.46616)
(9.41392 1.00451 4.67525)
(9.63106 1.00453 4.4662)
(9.41778 0.407895 4.88457)
(9.42852 0.6 5.09282)
(9.41902 0.795408 4.88413)
(9.63759 0.6 4.88454)
(9.41364 0.18741 5.10053)
(9.43853 0.397628 5.30216)
(9.63802 0.185359 5.30757)
(9.44842 0.795279 5.30103)
(9.66387 0.6 5.30183)
(9.42948 1.00383 5.09279)
(9.41845 1.2 4.88357)
(9.63893 1.00438 4.88457)
(9.44865 1.2 5.3004)
(9.42866 1.36733 5.09276)
(9.66223 1.36108 5.30169)
(9.66579 1.00122 5.30168)
(9.63889 1.36859 4.88449)
(10.4446 0.6 4.44455)
(10.5145 1.0042 4.45824)
(10.5134 1.36857 4.4588)
(10.5072 1.0039 4.8927)
(10.5051 0.998829 5.30224)
(10.5037 1.36027 5.30199)
(10.5072 1.36823 4.8914)
(10.2894 0.407165 4.89105)
(10.2854 0.186832 5.09713)
(10.2903 1.00434 4.6753)
(10.29 0.795047 4.89061)
(10.2921 1.00341 5.09694)
(10.2888 1.2 4.8892)
(10.0735 1.00432 4.88619)
(10.4229 0.6 4.9)
(10.5038 0.183353 5.30259)
(10.426 0.6 5.30537)
(10.2922 0.407936 4.46321)
(10.0703 0.6 4.46561)
(10.2923 0.795199 4.46315)
(10.2891 0.6 4.68284)
(9.85045 0.408635 4.46623)
(9.85071 0.79544 4.46609)
(9.85165 0.6 4.67625)
(10.2906 1.2 4.46244)
(10.07 1.00451 4.46518)
(10.0698 1.36886 4.46515)
(10.2902 1.36878 4.67433)
(9.84942 1.2 4.46613)
(9.85235 1.00451 4.67536)
(9.85241 1.36882 4.67515)
(10.2912 0.6 5.09872)
(10.0725 0.6 4.88794)
(10.2934 0.396127 5.3042)
(10.0714 0.185295 5.30664)
(10.0851 0.6 5.3055)
(10.2959 0.79411 5.3041)
(9.85557 0.407844 4.88605)
(9.86317 0.6 5.09482)
(9.85666 0.795383 4.88559)
(9.85109 0.187366 5.10001)
(9.86932 0.397506 5.30329)
(9.87718 0.795245 5.30246)
(10.2949 1.2 5.30516)
(10.0863 1.00087 5.3031)
(10.2917 1.36727 5.09639)
(10.0842 1.36113 5.30302)
(10.0735 1.36854 4.8857)
(9.86455 1.00379 5.0943)
(9.85514 1.2 4.8844)
(9.87515 1.2 5.30375)
(9.86401 1.36733 5.09411)
(9.42524 0.181841 5.5)
(9.49152 0.6 5.49152)
(9.40926 3.54643e-16 5.31591)
(9.46315 0.995987 5.5)
(9.45568 1.34992 5.5)
(10.2835 3.64726e-16 5.30907)
(10.29 0.180772 5.5)
(10.2929 1.35018 5.5)
(9.84713 3.55727e-16 5.31518)
(10.2987 0.6 5.49868)
(9.8951 0.6 5.4951)
(9.85989 0.18178 5.5)
(9.88055 1.35011 5.5)
(9.88585 0.995666 5.5)
(10.296 0.994493 5.5)
(9.62909 0.795456 3.83978)
(9.62912 0.6 3.83969)
(9.40976 0.6 3.83987)
(9.40984 0.795462 3.8399)
(9.62368 2.88669e-16 3.84058)
(9.40926 0.40726 3.8399)
(9.62809 0.401145 3.83982)
(9.4098 1.00454 3.84011)
(9.62883 1.00455 3.84019)
(9.84842 0.795444 3.8395)
(9.84855 0.6 3.83924)
(9.84826 0.40721 3.83929)
(9.8476 1.00454 3.84038)
(9.40996 0.6 4.04856)
(9.40992 1.00454 4.04868)
(10.2876 1.00442 4.04721)
(10.2913 0.6 4.04317)
(9.84915 0.6 4.04753)
(9.84835 1.00453 4.04855)
(9.62908 0.407226 4.04833)
(9.62946 0.795463 4.04833)
(10.5126 0.794835 4.04138)
(10.0692 0.407044 4.04638)
(10.5128 0.405276 4.0406)
(10.0692 0.7954 4.04668)
(9.40971 0.408706 4.04863)
(9.41007 0.795458 4.0486)
(9.62935 0.6 4.04822)
(9.62924 1.00454 4.04865)
(10.4358 0.6 4.0358)
(10.5086 1.00422 4.04526)
(10.2907 0.407963 4.04382)
(10.2903 0.795208 4.04449)
(10.0677 1.00451 4.04822)
(10.0696 0.6 4.04617)
(9.84904 0.408661 4.04762)
(9.84909 0.795443 4.04779)
(9.40966 0.6 3.63111)
(9.40967 1.00455 3.63138)
(9.62878 0.79546 3.63127)
(9.62844 0.407222 3.63116)
(9.40935 0.408707 3.63118)
(9.4097 0.795463 3.63122)
(9.62883 0.6 3.63109)
(9.62859 1.00455 3.63162)
(9.62867 1.50008 3.84045)
(9.84738 1.50008 3.84085)
(9.40988 1.36892 4.04874)
(9.40971 1.50014 3.84018)
(9.40959 1.5001 3.63153)
(9.62845 1.50009 3.63194)
(9.84734 1.36892 3.84073)
(9.62872 1.36893 3.84037)
(9.40976 1.36893 3.84019)
(9.62914 1.3689 4.0488)
(10.2867 1.36884 4.04821)
(9.8481 1.36891 4.04884)
(10.5072 1.36858 4.04673)
(10.0672 1.36888 4.04879)
(9.40964 1.36892 3.63146)
(9.62851 1.36892 3.6318)
(9.62875 3 3.84072)
(9.84861 2.59278 3.83937)
(9.6291 2.59883 3.8399)
(9.4099 2.59274 3.83996)
(9.62867 1.8 3.84074)
(9.84705 1.8 3.84079)
(9.62873 1.99545 3.84034)
(9.84753 1.99547 3.84051)
(9.62906 2.20454 3.83985)
(9.84839 2.20455 3.83957)
(9.62902 2.4 3.83977)
(9.84841 2.4 3.83926)
(9.40957 1.8 3.83977)
(9.40969 1.99545 3.83999)
(9.40986 2.20452 3.83993)
(9.40984 2.4 3.83994)
(9.19082 2.59276 4.04881)
(9.19099 2.59883 4.25787)
(9.19062 3 4.25951)
(9.19152 2.59278 4.46669)
(9.19245 2.59888 4.67617)
(9.19062 3 4.67979)
(9.19062 3 5.05786)
(9.1955 2.59284 4.88481)
(9.20023 2.59765 5.09456)
(9.19352 2.81317 5.10037)
(9.19064 1.99544 4.04892)
(9.1908 2.20454 4.04874)
(9.19098 1.99543 4.25774)
(9.19106 2.20452 4.25749)
(9.19297 2.20456 4.67529)
(9.19302 1.99549 4.67543)
(9.196 1.99561 4.88429)
(9.19612 2.2046 4.88432)
(9.20272 2.20469 5.09317)
(9.20249 1.99617 5.09314)
(9.19564 2.4 4.88429)
(9.20279 2.4 5.09315)
(9.1924 2.4 4.67516)
(9.19162 2.20454 4.46641)
(9.1915 1.99545 4.46622)
(9.19073 2.4 4.04873)
(9.19095 2.4 4.25736)
(9.19136 2.4 4.4665)
(9.23042 2.2042 5.5)
(9.21689 2.20473 5.30129)
(9.21684 1.99874 5.30124)
(9.23041 2.00405 5.5)
(9.21065 2.6024 5.30239)
(9.19673 2.81459 5.30775)
(9.19063 3 5.5)
(9.19062 3 5.31582)
(9.20072 2.81812 5.5)
(9.22023 2.61016 5.5)
(9.22082 2.4 5.30101)
(9.28973 2.4 5.48973)
(9.20195 1.63269 5.09311)
(9.19596 1.6314 4.88428)
(9.2022 1.8 5.09303)
(9.19532 1.8 4.88409)
(9.19269 1.8 4.67563)
(9.19307 1.63115 4.67544)
(9.22055 1.8 5.3008)
(9.28973 1.8 5.48973)
(9.22508 1.65006 5.5)
(9.21406 1.63894 5.30124)
(9.87715 2.20475 5.3024)
(9.88591 2.20419 5.5)
(9.88585 2.00433 5.5)
(9.87708 1.99888 5.30235)
(9.86438 1.99622 5.094)
(9.86455 2.20474 5.09432)
(10.0669 3 5.05787)
(10.0699 2.81338 5.10086)
(10.0762 2.59792 5.09694)
(10.0731 2.59305 4.88777)
(10.0708 2.59911 4.67773)
(10.0669 3 4.6798)
(10.0775 2.4 5.09634)
(10.0727 2.4 4.88755)
(10.0717 2.20466 4.6768)
(10.0711 2.4 4.67734)
(10.0738 2.2047 4.8871)
(10.0786 2.20489 5.09577)
(9.85997 2.81823 5.5)
(9.87411 2.61043 5.5)
(9.86943 2.6025 5.30337)
(9.85566 2.81465 5.30798)
(9.85207 2.81264 5.10095)
(9.86101 2.5976 5.09565)
(9.84782 3 5.10683)
(9.8951 2.4 5.4951)
(9.87514 2.4 5.30387)
(9.86314 2.4 5.09456)
(9.84782 3 5.31601)
(9.84781 3 5.5)
(10.4628 1.8 5.1)
(10.4689 1.8 4.66888)
(10.434 1.8 4.9)
(10.5063 1.63298 5.09784)
(10.0771 1.8 5.09505)
(10.2904 1.8 5.09702)
(10.2897 1.8 4.88872)
(10.0724 1.8 4.88583)
(10.0779 1.63267 5.09478)
(10.2914 1.63272 5.0962)
(10.289 1.8 4.6733)
(10.0706 1.8 4.67483)
(10.0736 1.99569 4.88599)
(10.0783 1.99632 5.09508)
(10.0714 1.99555 4.67527)
(10.2903 1.99568 4.67487)
(10.0847 1.8 5.30573)
(10.0842 1.63888 5.30314)
(10.0875 1.64983 5.5)
(10.0969 1.8 5.49689)
(9.87496 1.8 5.30389)
(9.86286 1.8 5.09412)
(9.8951 1.8 5.4951)
(10.5086 2.20681 4.68459)
(10.434 2.4 4.7)
(10.2901 2.4 4.68173)
(10.2906 2.20504 4.67927)
(10.5105 1.99597 4.67397)
(10.5127 2.60295 4.25119)
(10.4458 2.4 4.24576)
(10.5134 2.20662 4.2502)
(10.505 3 4.25951)
(10.0669 3 4.25951)
(10.0702 2.59905 4.25582)
(10.2923 2.59384 4.25276)
(10.5174 2.2052 4.45701)
(10.4446 2.4 4.44455)
(10.2947 2.4 4.46092)
(10.0714 2.59298 4.46526)
(10.2937 2.59207 4.46266)
(10.2928 2.4 4.25162)
(10.0714 2.4 4.46476)
(9.62992 2.59885 4.25754)
(9.63103 2.59279 4.46647)
(9.6307 2.4 4.46624)
(9.62986 2.4 4.25704)
(9.62875 3 4.67979)
(9.85232 2.59294 4.67631)
(9.63262 2.5989 4.67635)
(9.62875 3 4.25951)
(9.85187 2.4 4.67596)
(9.63275 2.4 4.67543)
(9.41023 2.4 4.25738)
(9.41048 2.59274 4.25755)
(9.41018 2.59129 4.04865)
(9.41014 2.4 4.04861)
(9.6301 2.20455 4.2571)
(9.63122 2.20455 4.46618)
(9.631 1.99547 4.4661)
(9.62975 1.99546 4.25724)
(9.63365 2.20456 4.67543)
(9.85275 2.20458 4.67583)
(9.85247 1.99551 4.67523)
(9.63351 1.9955 4.67517)
(9.41041 1.99546 4.25744)
(9.41052 2.20454 4.25739)
(9.19072 1.8 4.25821)
(9.19043 1.8 4.04919)
(9.19101 1.63114 4.25778)
(10.4601 1.8 4.26013)
(10.5063 1.63132 4.25655)
(9.85031 1.99548 4.46582)
(9.62934 1.8 4.25721)
(9.84859 1.8 4.25713)
(9.62969 1.63109 4.25733)
(9.84914 1.99547 4.257)
(9.41042 1.63109 4.25748)
(9.4102 1.8 4.25737)
(10.4501 1.8 4.45014)
(10.0679 1.8 4.2569)
(10.2874 1.8 4.25602)
(10.2878 1.63115 4.25608)
(10.07 1.8 4.46452)
(10.2921 1.8 4.46087)
(10.0705 1.99551 4.46482)
(10.2917 1.9956 4.46232)
(10.0688 1.9955 4.25641)
(9.63887 1.99563 4.88435)
(9.85666 1.99564 4.88491)
(9.66569 1.99882 5.30149)
(9.64881 1.9962 5.09319)
(9.41389 1.99549 4.67535)
(9.41143 1.99546 4.46618)
(9.41898 1.99562 4.88422)
(9.44839 1.99877 5.3011)
(9.42922 1.99618 5.09291)
(9.85683 2.20463 4.88544)
(9.67782 2.00414 5.5)
(9.46315 2.00401 5.5)
(9.19106 1.8 4.46569)
(9.19155 1.6311 4.46624)
(9.67784 2.20416 5.5)
(9.66284 2.61027 5.5)
(9.64456 2.59768 5.09474)
(9.64888 2.2047 5.09332)
(9.62875 3 5.05786)
(9.62875 3 5.5)
(9.85571 2.4 4.88558)
(9.41105 2.4 4.46639)
(9.41811 2.4 4.88403)
(9.41941 2.81443 5.30775)
(9.44873 2.4 5.30055)
(9.63775 2.59286 4.88517)
(9.41343 2.59289 4.67565)
(9.69331 2.4 5.49331)
(9.66569 2.20468 5.30141)
(9.46315 2.20423 5.5)
(9.65599 2.60256 5.30253)
(9.64391 2.81817 5.5)
(9.44766 2.6102 5.5)
(9.64753 2.4 5.09341)
(9.63381 2.81317 5.10039)
(9.42514 2.59755 5.09433)
(9.63892 2.20461 4.88461)
(9.4293 2.2047 5.09285)
(9.41385 2.20455 4.67527)
(9.62875 3 5.31581)
(9.40969 3 5.10682)
(9.40969 3 5.5)
(9.85591 2.59215 4.88599)
(9.63771 2.4 4.88473)
(9.63843 2.81451 5.30773)
(9.66393 2.4 5.3016)
(9.41152 2.20454 4.46632)
(9.41141 2.59132 4.46651)
(9.41306 2.4 4.67517)
(9.41904 2.2046 4.88418)
(9.4484 2.20471 5.30095)
(9.41801 2.5921 4.88464)
(9.42845 2.4 5.09275)
(9.41451 2.81256 5.10067)
(9.43858 2.60253 5.30213)
(9.40969 3 5.316)
(9.49152 2.4 5.49152)
(9.42525 2.81816 5.5)
(10.2901 1.63118 4.67402)
(10.5103 1.63138 4.67245)
(10.0735 1.6314 4.88557)
(10.0713 1.63113 4.67489)
(10.2902 1.63146 4.88747)
(10.5072 1.63179 4.89134)
(9.63249 1.8 4.67492)
(9.64754 1.8 5.09314)
(9.69331 1.8 5.49331)
(10.291 1.63116 4.46257)
(9.85019 1.63111 4.46586)
(9.8743 1.63889 5.30234)
(9.8566 1.63139 4.88471)
(9.41147 1.63111 4.4662)
(9.44442 1.63893 5.30111)
(9.41889 1.63139 4.8842)
(9.63356 1.63115 4.67511)
(9.63048 1.8 4.46607)
(9.63776 1.8 4.88424)
(9.85153 1.8 4.67494)
(9.4133 1.8 4.67555)
(9.64807 1.63267 5.09312)
(9.66373 1.8 5.30195)
(9.42839 1.8 5.09294)
(9.67109 1.64998 5.5)
(9.49152 1.8 5.49152)
(10.5136 1.63144 4.45866)
(10.0701 1.63109 4.4649)
(9.84927 1.8 4.46588)
(9.85247 1.63114 4.67508)
(9.63101 1.63111 4.46612)
(9.85544 1.8 4.88476)
(9.86381 1.63268 5.09385)
(9.66212 1.63894 5.3015)
(9.63881 1.63139 4.88427)
(9.41091 1.8 4.46598)
(9.41396 1.63116 4.67535)
(9.41803 1.8 4.88421)
(9.44858 1.8 5.30112)
(9.42839 1.63269 5.09289)
(9.88055 1.64989 5.5)
(9.45568 1.65008 5.5)
(10.5127 2.20515 4.04144)
(10.2905 2.20478 4.04476)
(10.0698 2.4 4.04638)
(10.0698 2.59296 4.04656)
(10.2934 2.2048 4.46245)
(10.0705 2.20463 4.25527)
(10.0715 2.20462 4.46495)
(10.0707 2.4 4.25488)
(10.2919 2.20496 4.25285)
(10.0695 2.20461 4.04679)
(10.2914 2.4 4.04391)
(10.5134 2.59472 4.04081)
(10.4358 2.4 4.0358)
(10.2912 2.59204 4.04418)
(10.2867 1.63115 4.04823)
(10.2877 1.99559 4.04726)
(9.84832 1.99547 4.04859)
(9.85048 2.4 4.46569)
(9.84924 2.4 4.0477)
(9.40991 1.99545 4.04874)
(9.62893 1.8 4.04849)
(9.6296 2.59277 4.04838)
(9.85 2.59279 4.25664)
(9.62954 2.20455 4.04835)
(9.84995 2.20456 4.25653)
(10.0673 1.8 4.04868)
(10.4414 1.8 4.04139)
(10.5078 1.99589 4.25526)
(10.5072 1.63143 4.04674)
(10.5087 1.99578 4.04528)
(10.5148 1.9958 4.45804)
(10.2872 1.8 4.0475)
(10.2888 1.99561 4.25528)
(10.0678 1.9955 4.04826)
(9.85095 2.20456 4.46581)
(9.8479 1.8 4.04883)
(9.8492 2.20456 4.04785)
(9.62914 1.99546 4.04861)
(9.84981 2.4 4.2564)
(9.85093 2.59136 4.466)
(9.8494 2.59133 4.04772)
(9.62951 2.4 4.04824)
(9.40972 1.8 4.04879)
(9.41014 2.20454 4.04862)
(10.5078 2.60301 4.68511)
(10.505 3 4.6798)
(10.2904 2.59399 4.68015)
(10.5068 2.20794 5.09922)
(10.507 2.20548 4.89455)
(10.2904 2.20495 4.8902)
(10.5524 2.2131 5.5)
(10.5077 2.2077 5.30427)
(10.2974 2.20644 5.5)
(10.2959 2.20587 5.304)
(10.2923 2.20549 5.09758)
(10.0918 2.20463 5.5)
(10.0865 2.20502 5.30335)
(10.0843 2.61084 5.5)
(10.0815 2.60279 5.30418)
(10.085 2.4 5.30566)
(10.0969 2.4 5.49689)
(10.0752 2.81853 5.5)
(10.0723 2.81492 5.30805)
(10.0669 3 5.5)
(10.0669 3 5.31583)
(10.505 3 5.5)
(10.5302 2.59674 5.5)
(10.505 3 5.05788)
(10.5067 2.60204 5.09974)
(10.2897 2.4 4.89162)
(10.7246 2.82017 5.30825)
(10.2953 2.4 5.30667)
(10.289 2.81542 5.30825)
(10.4822 2.4 5.48223)
(10.507 2.82165 5.5)
(10.505 3 5.31586)
(10.7241 3 5.5)
(10.2859 3 5.5)
(10.7249 2.6194 5.09895)
(10.2911 2.59863 5.09854)
(10.434 2.4 5.1)
(10.5067 2.59475 4.89519)
(10.508 2.60836 5.30441)
(10.725 2.63073 5.5)
(10.2949 2.61215 5.5)
(10.5058 2.81502 5.10134)
(10.7241 3 5.10686)
(10.2859 3 5.10684)
(10.4229 2.4 4.9)
(10.2915 2.4 5.09827)
(10.2901 2.59284 4.89094)
(10.7251 2.62438 5.30412)
(10.4259 2.4 5.30499)
(10.7244 2.81764 5.10163)
(10.5064 2.81673 5.30817)
(10.2939 2.60386 5.30472)
(10.2877 2.8132 5.10151)
(10.7241 3 5.31606)
(10.7247 2.8257 5.5)
(10.2859 3 5.31603)
(10.2906 2.81944 5.5)
(10.2987 2.4 5.49868)
(10.0915 2.00469 5.5)
(10.0863 1.99908 5.30319)
(10.5 1.8 5.48456)
(10.2903 1.99583 4.88828)
(10.2932 1.63895 5.30319)
(10.2949 1.99962 5.30332)
(10.493 1.64994 5.5)
(10.4959 2.00693 5.5)
(10.5067 1.99715 5.09846)
(10.434 1.80076 5.30012)
(10.2987 1.8 5.49868)
(10.5073 1.9961 4.89258)
(10.5036 1.63976 5.30199)
(10.5051 2.00117 5.30222)
(10.2918 1.99658 5.09669)
(10.2942 1.8 5.30538)
(10.2929 1.64982 5.5)
(10.296 2.00551 5.5)
(10.5176 2.59472 4.45715)
(8.96946 2.81439 5.30801)
(8.97156 3 5.5)
(8.97156 3 5.10684)
(8.97098 2.81255 5.10092)
(8.97156 3 5.31603)
(8.96743 2.81799 5.5)
(9.40962 1.99544 3.6314)
(9.40974 2.4 3.6312)
(9.84721 1.99547 3.63228)
(9.84818 2.4 3.6312)
(9.6288 2.20454 3.63137)
(9.62836 1.8 3.63178)
(9.6289 2.59277 3.63128)
(9.40965 1.8 3.63135)
(9.40972 2.20453 3.63128)
(9.62849 1.99545 3.63173)
(9.40976 2.59129 3.63125)
(9.62893 2.4 3.63126)
(9.84711 1.8 3.63252)
(9.84788 2.20456 3.63145)
(9.84809 2.59134 3.63118)
(12.2599 1.5 3.84299)
(12.2593 2.258 3.84185)
(11.8202 2.25432 3.84195)
(11.3813 2.24352 3.84239)
(11.3797 1.85695 3.84487)
(11.3803 1.50001 3.84475)
(12.2583 3 3.8407)
(11.8196 3 3.84072)
(11.8199 2.63684 3.84123)
(12.2587 2.63819 3.84117)
(11.3815 2.6332 3.8412)
(11.3813 3 3.84072)
(12.2595 2.25836 3.42352)
(12.2588 2.63825 3.42304)
(12.2583 3 3.42271)
(11.3794 1.14307 3.84483)
(11.3804 0.756481 3.84228)
(11.8194 0.745683 3.84188)
(12.2589 0.742001 3.84182)
(11.819 0.363157 3.84116)
(12.2583 0.36181 3.84115)
(12.2579 -2.35177e-16 3.84069)
(11.8187 -2.3517e-16 3.84068)
(11.3795 -2.3517e-16 3.84059)
(11.38 0.366804 3.84104)
(12.2584 0.361752 3.42303)
(12.259 0.741638 3.4235)
(12.2579 -2.09583e-16 3.42271)
(10.5138 1.50002 3.01068)
(10.2903 1.49998 3.01001)
(10.2888 1.49995 2.80239)
(10.5084 1.50002 2.80452)
(10.9538 1.50001 3.00969)
(10.0688 1.49994 3.00853)
(10.0687 1.49997 2.80022)
(9.84864 1.63114 3.00693)
(9.6292 1.6311 3.00607)
(10.0688 1.6311 3.00837)
(10.0682 1.63111 2.80021)
(9.6246 2.37507e-16 3.00504)
(9.40892 0.407263 3.00544)
(9.6272 0.401152 3.00587)
(9.40948 0.6 3.00538)
(9.62804 0.6 3.00585)
(10.499 0.793474 3.01466)
(10.2818 0.795065 3.01195)
(10.2903 1.00441 3.0099)
(10.5176 1.00413 3.01031)
(10.5 2.37504e-16 3.005)
(10.063 2.37506e-16 3.00503)
(10.0632 0.400948 3.00852)
(10.2797 0.406153 3.0117)
(10.4961 0.397054 3.01296)
(10.5 1.2 3.005)
(10.9594 1.16608 3.00865)
(10.9435 0.776579 3.01044)
(10.4195 0.6 3.01951)
(10.2796 0.6 3.01272)
(9.84574 0.407212 3.00709)
(9.84613 0.6 3.00699)
(9.62811 0.795458 3.00605)
(9.40943 0.795463 3.00548)
(9.40963 1.00455 3.00543)
(9.62874 1.00455 3.00591)
(10.9395 0.375908 3.00778)
(10.9399 -1.84005e-16 3.00503)
(10.2952 1.2 3.00847)
(10.0644 0.795385 3.0092)
(10.0684 1.00451 3.00839)
(10.0703 1.2 3.00776)
(10.0635 0.6 3.00919)
(9.84647 0.795446 3.00721)
(9.84813 1.00455 3.00684)
(9.62885 1.2 3.00563)
(9.84861 1.2 3.00633)
(10.5205 1.3687 3.00959)
(10.2922 1.36883 3.0095)
(9.40969 1.2 3.00522)
(9.40975 1.36891 3.00544)
(9.62902 1.36892 3.00591)
(10.0695 1.36888 3.00823)
(9.8487 1.36892 3.0068)
(9.62912 1.50002 3.00612)
(9.40981 1.5 3.00553)
(9.84865 1.5001 3.00709)
(9.40978 1.63108 3.00542)
(9.62939 1.8 3.00605)
(9.40959 1.8 3.00528)
(9.62875 3 3.00506)
(9.62785 2.59882 3.00581)
(9.4093 2.59274 3.00539)
(9.40965 1.99546 3.0054)
(9.6289 1.99545 3.00606)
(9.62793 2.20455 3.006)
(9.40938 2.20454 3.00542)
(9.62757 2.4 3.00567)
(9.40941 2.4 3.00532)
(11.382 1.50001 3.42814)
(11.3888 1.50001 3.00865)
(10.9413 1.50002 3.43032)
(10.9399 -2.09575e-16 3.42261)
(10.9403 0.375916 3.424)
(10.9406 0.776515 3.427)
(10.9379 1.16605 3.43271)
(10.501 1.50003 3.63646)
(10.4993 1.50002 3.43124)
(10.4949 1.63133 3.43441)
(10.2813 1.63114 3.42938)
(10.2824 1.49993 3.42848)
(10.5009 1.63144 3.63604)
(10.2831 1.63114 3.63526)
(10.5041 1.50003 3.22119)
(10.2856 1.50006 3.21939)
(9.62899 1.63112 3.21463)
(9.40975 1.63109 3.21413)
(10.2912 1.63117 3.00979)
(10.2851 1.63118 3.21968)
(9.84797 1.63112 3.21572)
(10.0667 1.6311 3.21731)
(10.4426 1.2 3.44263)
(10.4326 1.2 3.63264)
(10.0645 1.2 3.42605)
(10.2831 1.2 3.63438)
(10.2796 1.2 3.42947)
(10.4239 1.2 3.22389)
(9.84778 1.2 3.21515)
(9.62869 1.2 3.21422)
(9.62859 1.00455 3.21449)
(9.4096 1.00455 3.21413)
(10.284 1.2 3.21916)
(10.067 1.2 3.21737)
(10.4426 1.8 3.44263)
(10.9381 1.83396 3.43273)
(10.2799 1.8 3.43042)
(10.5026 2.60294 3.42513)
(10.9424 2.62409 3.42411)
(10.9413 2.22349 3.42706)
(10.5009 2.20655 3.42737)
(10.4283 2.4 3.42826)
(10.505 3 3.42272)
(10.2843 2.59384 3.42438)
(10.284 2.4 3.4247)
(10.2836 2.20495 3.42551)
(10.4951 1.99588 3.43356)
(10.9431 3 3.42272)
(10.2815 1.9956 3.42873)
(10.9596 1.83393 3.00866)
(10.9416 2.6241 3.00781)
(10.9442 2.22342 3.01046)
(10.9431 3 3.00506)
(10.2838 1.99558 3.63436)
(10.2872 2.4 3.63006)
(10.5058 2.20514 3.63072)
(10.4326 1.8 3.63264)
(10.507 2.59472 3.62936)
(10.5019 1.99578 3.63482)
(10.4271 2.4 3.62705)
(10.2838 1.8 3.63484)
(10.2862 2.20477 3.63134)
(10.2869 2.59205 3.63037)
(11.3894 1.85658 3.00853)
(11.3833 2.24335 3.00758)
(11.8208 2.25431 3.00614)
(11.82 2.63685 3.00547)
(11.3814 2.63317 3.00604)
(11.3813 3 3.00506)
(11.8196 3 3.00506)
(11.3814 1.85667 3.4282)
(11.3813 2.63318 3.42351)
(11.3813 3 3.42272)
(11.3815 2.2434 3.42526)
(11.8199 2.63686 3.42319)
(11.8203 2.25436 3.42395)
(11.8196 3 3.42272)
(11.82 2.63686 2.58782)
(11.8211 2.25436 2.58827)
(11.8196 3 2.58751)
(9.4098 1.8 3.214)
(9.62933 1.8 3.21434)
(10.5 1.8 3.005)
(10.4239 1.8 3.22389)
(9.84826 1.8 3.21569)
(9.84867 1.8 3.00649)
(10.4151 1.8 2.81514)
(10.2847 1.8 3.21968)
(10.0666 1.8 3.21701)
(10.2927 1.8 3.00902)
(10.0691 1.8 3.008)
(10.0677 1.8 2.80007)
(10.2853 1.8 2.80387)
(10.2875 1.63115 2.80304)
(10.5203 1.63131 3.00967)
(10.5041 1.63146 2.80702)
(10.502 1.63145 3.22213)
(10.499 2.20652 3.01467)
(10.505 3 3.00506)
(10.4973 2.60295 3.01296)
(10.064 2.20463 3.00921)
(10.0669 3 3.00506)
(10.0636 2.59903 3.0085)
(9.40968 1.99545 3.21408)
(9.40943 2.4 3.21414)
(10.2777 2.4 2.8055)
(10.2824 2.4 3.21776)
(10.2851 1.99557 2.80374)
(10.2843 1.99556 3.21948)
(9.84768 1.99545 3.2156)
(9.84678 2.4 3.21492)
(9.62825 2.20454 3.21448)
(9.62813 2.59277 3.2144)
(9.84593 2.59279 3.00709)
(9.84633 2.20455 3.00723)
(10.5174 1.99586 3.01039)
(10.4957 2.20513 2.80824)
(10.5006 2.20514 3.21964)
(10.4195 2.4 3.01951)
(10.2813 2.20494 3.01193)
(10.0622 2.59296 2.80145)
(10.0646 2.59296 3.21626)
(10.494 2.59473 2.80754)
(10.5005 2.59472 3.21845)
(10.2797 2.59385 3.01161)
(10.0631 2.2046 2.80158)
(10.0677 1.99548 3.00854)
(10.063 2.4 3.00917)
(10.0649 2.20461 3.21666)
(9.40946 2.20454 3.2141)
(9.62884 1.99546 3.21456)
(9.4094 2.59129 3.21408)
(9.62818 2.4 3.2143)
(10.5009 1.99578 2.80803)
(10.2788 2.4 3.01251)
(10.4096 2.4 2.80955)
(10.2795 2.20476 2.8051)
(10.2779 2.59205 2.80507)
(10.0621 2.4 2.80148)
(10.4183 2.4 3.2183)
(10.2827 2.20477 3.21835)
(10.2823 2.59205 3.21772)
(10.0646 2.4 3.21635)
(10.5009 1.99578 3.2219)
(10.0668 1.99548 2.80058)
(10.2892 1.99558 3.0102)
(9.84803 1.99546 3.00697)
(9.84607 2.4 3.007)
(10.0662 1.99548 3.21715)
(9.84682 2.20455 3.21528)
(9.84661 2.59133 3.21511)
(10.5013 0.397057 3.42504)
(10.5 2.63069e-16 3.4225)
(10.2839 0.406152 3.42421)
(10.5008 0.79345 3.4273)
(10.495 1.00413 3.43345)
(10.2813 1.00441 3.42829)
(10.065 1.00452 3.42562)
(10.2836 0.79506 3.4253)
(10.0657 0.795386 3.4241)
(10.4283 0.6 3.42826)
(10.0659 0.6 3.42351)
(10.284 0.6 3.42437)
(10.2872 0.6 3.63001)
(10.2835 1.00442 3.63408)
(10.5058 0.794858 3.63066)
(10.5065 0.405278 3.62928)
(10.4271 0.6 3.62705)
(10.5018 1.00422 3.63473)
(10.2867 0.407953 3.63026)
(10.2862 0.79523 3.63123)
(9.6283 0.795464 3.21446)
(9.4095 0.795465 3.21408)
(10.5 0.405277 3.21842)
(9.6283 0.6 3.21427)
(9.40952 0.6 3.21395)
(10.2843 1.00443 3.21918)
(10.2825 0.6 3.21764)
(9.84676 0.6 3.21494)
(9.84753 1.00455 3.21545)
(9.62785 0.407222 3.21437)
(10.5006 0.794859 3.2196)
(10.0645 0.407038 3.21619)
(10.0651 0.795396 3.2166)
(9.40913 0.408709 3.21404)
(10.2822 0.407954 3.21765)
(10.501 1.00422 3.2218)
(10.2828 0.79523 3.21824)
(10.0664 1.00451 3.21717)
(10.4183 0.6 3.2183)
(10.0648 0.6 3.21625)
(9.84644 0.408661 3.21508)
(9.84685 0.79545 3.21525)
(10.2811 1.36883 3.429)
(10.0649 1.36887 3.42607)
(9.62874 1.3689 3.21457)
(9.8478 1.36891 3.21557)
(9.40967 1.36891 3.21417)
(10.285 1.36884 3.21941)
(10.0669 1.36889 3.21735)
(10.0668 1.49999 3.21739)
(10.4948 1.36869 3.43432)
(10.2831 1.49996 3.63525)
(10.2829 1.36884 3.63502)
(10.5009 1.36857 3.63597)
(9.40968 1.2 3.21406)
(10.502 1.36857 3.22205)
(9.62882 1.50002 3.21477)
(9.40971 1.49999 3.21424)
(9.84786 1.50007 3.2158)
(11.3795 -1.84006e-16 3.00505)
(11.3798 0.366832 3.00602)
(11.8191 0.363146 3.00546)
(11.8187 -1.84006e-16 3.00505)
(11.8201 0.745689 3.00612)
(11.3823 0.756651 3.00756)
(11.389 1.14343 3.00852)
(11.3795 -2.09579e-16 3.42268)
(11.3798 0.366824 3.42344)
(11.3811 1.14334 3.42818)
(11.3806 0.756603 3.4252)
(11.819 0.363141 3.42316)
(11.8196 0.745642 3.42391)
(11.8187 -2.0958e-16 3.4227)
(10.2859 1.00443 2.80341)
(10.2784 0.6 2.80566)
(10.2881 1.36883 2.80271)
(10.4958 0.794866 2.80824)
(10.0622 0.407039 2.80157)
(10.0681 1.2 2.80005)
(10.4936 0.405275 2.80756)
(10.4151 1.2 2.81514)
(10.0635 0.795401 2.80166)
(10.4096 0.6 2.80955)
(10.5011 1.00422 2.80795)
(10.2801 0.79523 2.80514)
(10.2863 1.2 2.80305)
(10.0673 1.00451 2.8005)
(10.5042 1.36856 2.80693)
(10.2781 0.407952 2.80517)
(10.0627 0.6 2.80176)
(10.0686 1.36889 2.80012)
(12.2584 1.5 4.68162)
(12.6984 1.5 4.68169)
(13.1395 1.5 4.68035)
(13.1412 1.5 4.26038)
(13.1412 1.5 3.84162)
(13.1384 1.5 5.09991)
(13.5784 1.5 5.09796)
(13.5802 1.5 4.67919)
(13.1385 1.5 5.5)
(13.5354 1.5 5.5)
(13.5809 1.5 5.30435)
(14 1.5 5.5)
(14 1.5 5.31431)
(13.7983 1.5 5.30706)
(13.806 1.5 5.5)
(14 1.5 4.67925)
(13.7949 1.5 5.10022)
(14 1.5 5.05691)
(13.5808 1.5 4.25971)
(13.581 1.5 3.84101)
(14 1.5 3.84061)
(14 1.5 4.25925)
(12.2573 1.5 5.5)
(12.6973 1.5 5.5)
(12.6977 1.5 5.10053)
(12.2577 1.5 5.10065)
(11.3804 1.50001 4.26138)
(11.3802 1.50001 4.68022)
(11.8188 1.5 4.68169)
(11.8178 1.5 5.1006)
(11.8173 1.5 5.5)
(11.3766 1.5 5.5)
(11.378 1.5 5.10021)
(13.1419 1.5 3.42323)
(13.1417 1.8793 3.42315)
(13.5811 1.5 3.42292)
(13.581 1.879 3.42288)
(14 1.5 3.42269)
(14 1.87881 3.42267)
(13.1414 1.12075 3.84139)
(12.6988 0.740476 3.84149)
(13.5809 1.12104 3.84094)
(14 1.12121 3.84057)
(12.6982 0.361403 3.84102)
(12.6976 -2.35163e-16 3.84063)
(12.6985 0.740735 4.26036)
(12.2586 0.741914 4.26057)
(13.1395 0.741242 4.25992)
(12.2583 0.742759 4.68046)
(12.698 0.741688 4.68024)
(13.1387 0.74176 4.67955)
(13.5802 0.741984 4.25925)
(12.6974 0.742343 5.09997)
(12.2577 0.743216 5.10009)
(13.5797 0.742378 4.67857)
(14 0.741718 4.25882)
(14 0.742161 4.67858)
(13.1378 0.742406 5.09946)
(12.2575 0.742597 5.5)
(12.6969 0.74192 5.5)
(13.1378 0.74212 5.5)
(13.5779 0.743081 5.09759)
(14 0.745 5.5)
(13.8058 0.744241 5.5)
(13.7981 0.743952 5.30686)
(14 0.744264 5.31404)
(14 0.74348 5.05649)
(13.7948 0.743451 5.0998)
(13.5805 0.743428 5.30422)
(13.5349 0.743437 5.5)
(12.2575 -3.90435e-16 5.5)
(12.2575 -3.29814e-16 5.31591)
(12.2575 0.174684 5.30836)
(12.2575 0.16807 5.5)
(12.2578 -2.86555e-16 4.67973)
(12.258 0.362353 4.67963)
(12.2577 0.36394 5.09867)
(12.2576 0.177042 5.10124)
(12.2576 -3.09702e-16 5.0579)
(12.2575 0.40064 5.5)
(12.2575 0.361631 5.3048)
(12.2582 0.361899 4.25994)
(12.2579 -2.60805e-16 4.25945)
(11.381 0.756054 4.26005)
(11.3802 1.14194 4.26121)
(11.8194 0.745687 4.2605)
(11.8191 0.363212 4.25988)
(11.8188 -2.60805e-16 4.25942)
(11.3796 -2.60805e-16 4.2592)
(11.3803 0.366753 4.25944)
(12.2582 1.12251 4.68172)
(12.2577 1.12239 5.10057)
(12.2573 1.12224 5.5)
(13.5783 1.12184 5.09789)
(13.1394 1.12118 4.68018)
(13.1384 1.12158 5.5)
(14 1.1225 5.5)
(14 1.12154 4.67913)
(13.5801 1.12138 4.67906)
(13.1383 1.12146 5.09983)
(14 1.12212 5.05685)
(13.5353 1.12213 5.5)
(13.5807 1.12114 4.25961)
(12.6976 1.12154 5.10043)
(13.7983 1.31116 5.30706)
(13.7982 0.933249 5.307)
(14 1.31125 5.5)
(14 0.93375 5.5)
(13.5782 0.932757 5.09762)
(13.5783 1.31102 5.09776)
(13.7949 1.12208 5.10017)
(13.5809 1.12208 5.30433)
(13.5868 1.31114 5.5)
(14 1.31114 5.10576)
(14 1.12236 5.31429)
(13.806 1.12236 5.5)
(14 0.933135 5.10563)
(13.5866 0.933121 5.5)
(13.1409 1.12088 4.26025)
(12.6983 1.12139 4.68147)
(13.5813 1.3111 5.30367)
(13.7943 1.3111 5.10049)
(13.7983 1.12226 5.30703)
(13.7942 0.932982 5.10034)
(13.5811 0.932974 5.30362)
(14 1.12129 4.25916)
(14 1.3112 5.31448)
(13.8062 1.3112 5.5)
(12.6972 1.12157 5.5)
(14 0.933441 5.3144)
(13.8061 0.933432 5.5)
(11.3799 -2.865e-16 4.6793)
(11.3804 0.366758 4.67931)
(11.3789 0.75069 5.5)
(11.3765 1.13077 5.5)
(11.3781 1.13305 5.10016)
(11.3795 0.752956 5.09989)
(11.3807 0.754868 4.67999)
(11.3804 0.367638 5.09839)
(11.3813 -3.90435e-16 5.5)
(11.381 0.169468 5.5)
(11.3809 0.175732 5.30817)
(11.3809 -3.29706e-16 5.3157)
(11.3806 -3.09702e-16 5.05757)
(11.3806 0.178005 5.10089)
(11.3806 0.364601 5.30468)
(11.3804 0.404184 5.5)
(11.3803 1.13717 4.67991)
(11.819 0.364937 5.09863)
(11.8194 -3.90435e-16 5.5)
(11.8191 0.746099 4.68037)
(11.8189 -2.86555e-16 4.67968)
(11.8183 0.744856 5.5)
(11.8191 0.363537 4.67958)
(11.8185 0.745948 5.10006)
(11.8192 -3.09702e-16 5.05787)
(11.819 0.401552 5.5)
(12.0384 0.174764 5.30835)
(11.8179 1.12512 5.1005)
(11.6001 0.175201 5.30829)
(12.0384 -3.90435e-16 5.5)
(12.0384 -3.12684e-16 5.10688)
(12.0384 0.364288 5.09866)
(12.0383 0.356645 5.5)
(11.6003 -3.90435e-16 5.5)
(11.5998 0.365508 5.09855)
(11.8192 0.177296 5.10121)
(11.8191 0.362401 5.30478)
(11.8193 -3.29814e-16 5.31589)
(11.8193 0.168408 5.5)
(11.6 -3.12684e-16 5.10678)
(11.5999 0.35784 5.5)
(11.8188 1.12609 4.68146)
(12.0384 0.177744 5.10159)
(11.8192 0.174948 5.30834)
(12.0383 0.361599 5.30417)
(11.6 0.178126 5.10147)
(11.5999 0.362763 5.30412)
(12.0384 -3.29814e-16 5.3161)
(12.0384 0.168015 5.5)
(11.8175 1.12446 5.5)
(11.6002 -3.29814e-16 5.31603)
(11.6001 0.16856 5.5)
(11.1616 0.176455 5.30787)
(11.1622 -4.00579e-16 5.5)
(11.1614 0.36886 5.09806)
(11.1612 -3.1263e-16 5.10599)
(11.1616 0.361208 5.5)
(11.1613 0.179194 5.10073)
(11.1615 0.365999 5.3039)
(11.1619 0.170216 5.5)
(11.1616 -3.33826e-16 5.31548)
(14 -4.44089e-16 5.5)
(14 -2.86262e-16 4.675)
(13.1338 -3.90435e-16 5.5)
(13.138 -2.865e-16 4.67896)
(13.5787 0.363713 4.25854)
(12.6967 0.363657 5.09858)
(13.5773 0.364547 5.09713)
(14 -2.60696e-16 4.2575)
(12.6956 -3.90435e-16 5.5)
(14 -3.11825e-16 5.0925)
(13.5719 -3.90435e-16 5.5)
(14 0.3675 5.5)
(13.138 0.362307 4.67886)
(13.1387 -2.60805e-16 4.25895)
(12.6971 -2.86555e-16 4.67957)
(14 0.400932 4.67691)
(13.5354 -2.86338e-16 4.67711)
(13.136 -3.09648e-16 5.05742)
(13.1359 0.400648 5.5)
(13.1386 0.361901 4.25936)
(12.6975 0.36202 4.67945)
(13.5783 0.363993 4.67767)
(13.1367 0.363846 5.09816)
(14 0.400622 4.258)
(12.6961 0.400407 5.5)
(14 0.38119 5.07818)
(13.5358 -2.60751e-16 4.25804)
(13.5579 -3.10949e-16 5.07894)
(12.6962 -3.09702e-16 5.05783)
(13.5576 0.380975 5.5)
(12.698 0.361535 4.25979)
(13.7991 0.174955 4.0489)
(12.4767 0.174629 5.30835)
(13.7973 0.175734 5.30654)
(13.799 0.175011 4.46692)
(12.9154 0.174646 5.30827)
(13.7984 0.175353 4.88639)
(13.3558 0.175035 5.30775)
(13.7978 0.5543 5.3066)
(12.4766 -3.90435e-16 5.5)
(12.4767 -3.12684e-16 5.10686)
(12.477 0.363876 5.09864)
(12.4767 0.356283 5.5)
(14 -2.47915e-16 4.04875)
(14 -3.25278e-16 5.30125)
(13.7909 -3.90435e-16 5.5)
(14 0.17875 5.5)
(14 -2.7348e-16 4.46625)
(14 -2.99043e-16 4.88375)
(14 0.168771 4.67593)
(13.8066 -2.86338e-16 4.67603)
(12.9147 -3.90435e-16 5.5)
(13.3528 -3.90435e-16 5.5)
(13.1349 -3.29706e-16 5.31562)
(13.1348 0.168195 5.5)
(14 0.55625 5.5)
(13.5789 0.363929 4.04922)
(13.5787 0.364055 4.46765)
(13.7952 0.361665 4.25809)
(13.5814 0.177081 4.25812)
(12.9162 0.363862 5.09847)
(12.6962 0.361437 5.30477)
(12.6963 0.176976 5.10117)
(13.578 0.364483 4.88734)
(13.3569 0.364322 5.09777)
(13.5776 0.553715 5.09717)
(13.7942 0.363428 5.09804)
(13.5787 0.177829 5.09858)
(13.5784 0.363285 5.30371)
(13.5873 -2.47957e-16 4.04894)
(14 0.356504 4.04892)
(14 0.168567 4.25768)
(13.8069 -2.60751e-16 4.2577)
(12.6958 0.16799 5.5)
(12.6958 -3.29814e-16 5.31589)
(14 0.170328 5.09666)
(13.8045 -3.12142e-16 5.09713)
(13.5769 -3.29055e-16 5.31364)
(13.5767 0.16997 5.5)
(14 0.364275 5.31224)
(13.8039 0.364167 5.5)
(13.795 0.361975 4.67702)
(14 0.356618 4.46703)
(14 0.35732 4.88706)
(13.581 0.177186 4.67715)
(13.5872 -2.73544e-16 4.4671)
(13.5862 -2.9924e-16 4.88742)
(13.1361 0.177066 5.10074)
(13.3568 -3.12684e-16 5.10581)
(12.9156 -3.12684e-16 5.10672)
(13.136 0.361695 5.30462)
(12.9156 0.356295 5.5)
(13.3566 0.357008 5.5)
(14 0.553621 5.1048)
(13.5857 0.553519 5.5)
(13.5819 0.177701 4.04904)
(13.7946 0.361414 4.04902)
(13.7991 0.174967 4.25784)
(12.4768 0.177618 5.10158)
(12.696 0.174621 5.30833)
(12.4768 0.361231 5.30416)
(13.7976 0.175801 5.09713)
(13.5771 0.175593 5.30698)
(13.7971 0.364215 5.3061)
(13.7945 0.361543 4.46726)
(13.5817 0.177747 4.46731)
(13.7988 0.175111 4.6764)
(12.9158 0.177623 5.10141)
(12.9158 0.361247 5.3041)
(13.1353 0.17476 5.30812)
(13.7941 0.362217 4.88715)
(13.5807 0.177979 4.8874)
(13.3568 0.177884 5.10045)
(13.3567 0.36195 5.30375)
(13.7939 0.553676 5.09954)
(13.5802 0.553607 5.3034)
(14 0.168414 4.04882)
(12.6975 -2.60805e-16 4.25933)
(12.4766 0.167854 5.5)
(14 0.17318 5.30895)
(13.8072 -2.47957e-16 4.04883)
(13.8006 -3.27863e-16 5.30999)
(12.4766 -3.29814e-16 5.3161)
(13.8002 0.173268 5.5)
(14 0.168479 4.46664)
(12.9151 0.167879 5.5)
(14 0.169053 4.8857)
(14 0.554721 5.31373)
(13.8071 -2.73544e-16 4.46668)
(13.3552 -3.29597e-16 5.31528)
(13.8063 -2.99131e-16 4.88591)
(12.9152 -3.29814e-16 5.31601)
(13.8055 0.554668 5.5)
(13.3551 0.168527 5.5)
(12.6982 0.361355 3.42293)
(13.581 1.121 3.42288)
(12.699 0.740336 3.42325)
(13.1416 1.1207 3.42315)
(14 1.12119 3.42267)
(12.6977 -2.09576e-16 3.42269)
(12.699 2.25952 3.8415)
(13.1399 2.25896 3.84119)
(13.1414 1.87925 3.84139)
(13.5803 2.25817 3.84074)
(13.5809 1.87896 3.84094)
(12.6978 3 3.84063)
(12.6983 2.6386 3.84103)
(14 3 3.84)
(14 2.83145 3.84003)
(13.7991 2.82505 3.84008)
(13.807 3 3.84004)
(14 2.25841 3.84043)
(13.5789 2.63637 3.84038)
(13.7952 2.6384 3.84017)
(14 2.59943 3.84012)
(13.1389 3 3.84047)
(13.5359 3 3.84013)
(13.5815 2.82294 3.84017)
(13.1389 2.63821 3.84078)
(14 1.87879 3.84057)
(11.3812 2.24514 4.68018)
(11.3805 1.86285 4.67997)
(12.2585 2.25724 4.68049)
(12.2583 1.87749 4.68173)
(11.8189 1.87391 4.68149)
(11.8195 2.2539 4.68046)
(12.259 2.25809 4.26061)
(12.2586 2.6381 4.25998)
(12.2582 3 4.25947)
(11.3814 2.63324 4.67975)
(11.3813 3 4.67981)
(11.8196 2.63646 4.67973)
(12.258 3 4.67975)
(12.2583 2.63765 4.67967)
(11.8195 3 4.6798)
(11.3805 1.85808 4.26127)
(12.2577 1.87761 5.10058)
(11.818 1.87488 5.10052)
(11.3782 1.86696 5.10019)
(11.3765 1.86923 5.5)
(11.8175 1.87554 5.5)
(12.2573 1.87776 5.5)
(12.2578 2.25678 5.1001)
(12.2575 2.2574 5.5)
(12.2575 3 5.5)
(12.2575 2.59936 5.5)
(12.2578 2.63606 5.09868)
(12.2576 3 5.0579)
(11.3812 3 5.5)
(11.3789 2.24931 5.5)
(11.8192 2.63506 5.0987)
(11.8194 3 5.5)
(11.3797 2.24705 5.09999)
(11.8183 2.25515 5.5)
(11.3813 3 5.05791)
(11.3804 2.59582 5.5)
(11.8186 2.25405 5.1001)
(11.3809 2.63237 5.09868)
(11.8194 3 5.05792)
(11.819 2.59845 5.5)
(14 3 5.5)
(13.1387 2.25824 4.67954)
(14 3 4.675)
(14 2.255 5.5)
(13.1338 3 5.5)
(14 2.25784 4.67857)
(13.1381 3 4.67892)
(13.1378 2.25788 5.5)
(13.5788 2.63629 4.25853)
(13.5783 1.87816 5.09789)
(12.6967 2.63634 5.09857)
(13.5773 2.63544 5.09701)
(13.1394 1.87882 4.68018)
(13.1384 1.87841 5.5)
(14 1.8775 5.5)
(14 1.87846 4.67913)
(14 3 4.2575)
(12.6956 3 5.5)
(14 3 5.0925)
(14 2.6325 5.5)
(13.5719 3 5.5)
(12.6981 2.25831 4.68024)
(13.5797 2.25762 4.67856)
(13.138 2.63769 4.67882)
(13.1378 2.25759 5.09945)
(13.1395 2.25876 4.25992)
(14 2.25828 4.25882)
(13.1387 3 4.25894)
(12.6972 3 4.67956)
(14 2.59907 4.6769)
(13.5354 3 4.67702)
(12.6969 2.25808 5.5)
(14 2.25652 5.05648)
(13.5349 2.25655 5.5)
(13.136 3 5.05734)
(13.1359 2.59934 5.5)
(13.5802 2.25802 4.25924)
(13.5801 1.87862 4.67906)
(13.1387 2.6381 4.25935)
(12.6976 2.63798 4.67945)
(13.5783 2.636 4.67762)
(13.1383 1.87854 5.09983)
(12.6974 2.25766 5.09997)
(13.578 2.25691 5.09757)
(13.1367 2.63615 5.09812)
(14 2.59938 4.258)
(14 2.6188 5.07818)
(14 1.87787 5.05685)
(12.6962 3 5.05782)
(13.5579 3 5.07853)
(13.5358 3 4.25803)
(13.5353 1.87787 5.5)
(13.5575 2.61897 5.5)
(12.6961 2.59959 5.5)
(12.0384 2.82524 5.30836)
(11.1621 2.82356 5.30832)
(11.6002 2.8248 5.30835)
(13.5807 1.87886 4.25961)
(12.6981 2.63847 4.25979)
(13.7991 2.82504 4.0489)
(12.6977 1.87846 5.10044)
(12.4767 2.82537 5.30835)
(13.7974 2.8242 5.30597)
(13.799 2.82499 4.4669)
(13.7983 1.68884 5.30706)
(13.7982 2.06675 5.30699)
(12.9154 2.82535 5.30825)
(13.7984 2.82464 4.88625)
(13.7978 2.44568 5.30658)
(13.3558 2.82496 5.30762)
(14 3 4.04875)
(14 2.6435 4.04892)
(13.5789 2.63607 4.04921)
(13.5873 3 4.04893)
(12.2575 2.83193 5.5)
(12.2575 3 5.31591)
(12.0384 3 5.5)
(12.4766 3 5.5)
(12.2576 2.63837 5.3048)
(12.0383 2.64336 5.5)
(12.4767 2.64372 5.5)
(12.2577 2.82296 5.10125)
(12.0385 2.63571 5.09868)
(12.477 2.63612 5.09864)
(12.0385 3 5.10689)
(12.4768 3 5.10686)
(11.1622 3 5.5)
(11.6003 3 5.5)
(11.3813 3 5.3159)
(11.381 2.83054 5.5)
(11.162 2.63115 5.09869)
(11.6001 2.63449 5.09868)
(11.8194 2.8227 5.10126)
(11.8191 2.6376 5.30481)
(11.8194 3 5.31591)
(11.8193 2.83159 5.5)
(11.3812 2.822 5.10126)
(11.1622 3 5.10688)
(11.6003 3 5.10689)
(11.3808 2.63541 5.3048)
(11.5999 2.64216 5.5)
(11.1616 2.63881 5.5)
(14 1.68875 5.5)
(14 3 5.30125)
(14 2.82125 5.5)
(13.7909 2.99967 5.49641)
(14 3 4.46625)
(14 3 4.88375)
(14 2.83123 4.67593)
(13.8066 3 4.67595)
(14 2.06625 5.5)
(14 2.44375 5.5)
(14 2.25573 5.31404)
(13.8058 2.25575 5.5)
(12.9147 3 5.5)
(13.3528 3 5.5)
(13.1349 3 5.31554)
(13.1348 2.83181 5.5)
(13.5787 2.63594 4.46762)
(13.7952 2.63833 4.25808)
(13.5815 2.82292 4.2581)
(13.5783 1.68898 5.09776)
(13.5782 2.06724 5.09762)
(13.7949 1.87792 5.10016)
(13.5809 1.87792 5.30433)
(12.9162 2.63614 5.09844)
(12.6963 2.82302 5.10116)
(12.6962 2.63856 5.30477)
(13.578 2.63551 4.88723)
(13.5776 2.44627 5.09713)
(13.3569 2.63567 5.09767)
(13.7942 2.63655 5.09795)
(13.5786 2.82216 5.09829)
(13.5784 2.63668 5.30363)
(13.5868 1.68886 5.5)
(14 1.68886 5.10576)
(14 1.87764 5.31429)
(13.806 1.87764 5.5)
(14 2.83143 4.25768)
(13.8069 3 4.25769)
(12.6958 3 5.31588)
(12.6958 2.83201 5.5)
(14 2.82965 5.09665)
(13.8045 3 5.09649)
(14 2.6357 5.31223)
(13.8039 2.63575 5.5)
(13.5769 3 5.313)
(13.5766 2.82993 5.5)
(13.795 2.63802 4.67699)
(14 2.64338 4.46703)
(14 2.64267 4.88705)
(13.581 2.82281 4.67706)
(13.5862 3 4.88719)
(13.5872 3 4.46707)
(13.7948 2.25654 5.09979)
(14 2.44637 5.1048)
(14 2.06686 5.10563)
(13.5805 2.25656 5.30421)
(13.5866 2.06688 5.5)
(13.5857 2.44645 5.5)
(13.1361 2.82293 5.10066)
(12.9156 3 5.10668)
(13.3568 3 5.10558)
(13.136 2.6383 5.30459)
(13.3566 2.64297 5.5)
(12.9156 2.6437 5.5)
(12.0385 2.82226 5.10161)
(12.0384 2.6384 5.30417)
(11.8193 2.82505 5.30836)
(12.2576 2.82532 5.30836)
(11.1621 2.82081 5.1016)
(11.1618 2.63402 5.30416)
(11.3811 2.82427 5.30834)
(11.6003 2.82187 5.10161)
(11.6 2.63724 5.30417)
(13.1409 1.87912 4.26025)
(12.6987 2.25927 4.26037)
(12.6983 1.87861 4.68147)
(13.7946 2.63859 4.04902)
(13.5819 2.8223 4.04903)
(13.7991 2.82503 4.25783)
(12.4769 2.82238 5.10158)
(12.4768 2.63877 5.30416)
(12.696 2.82538 5.30832)
(13.7976 2.82418 5.09682)
(13.7972 2.63574 5.30601)
(13.5771 2.82437 5.30668)
(13.7945 2.63846 4.46725)
(13.5817 2.82225 4.46728)
(13.7988 2.82489 4.67634)
(13.5813 1.6889 5.30367)
(13.7943 1.6889 5.10049)
(13.7983 1.87774 5.30703)
(13.7942 2.06701 5.10033)
(13.5811 2.06702 5.30362)
(13.7981 2.25604 5.30686)
(12.9158 2.82238 5.10137)
(12.9158 2.63875 5.30408)
(13.1353 2.82524 5.30806)
(13.7941 2.63777 4.88709)
(13.5807 2.82202 4.88722)
(13.7939 2.44631 5.09951)
(13.5802 2.44637 5.30337)
(13.3568 2.82211 5.10027)
(13.3567 2.63803 5.30369)
(12.0385 3 5.31611)
(12.0384 2.83199 5.5)
(11.1622 3 5.31609)
(11.6003 3 5.3161)
(11.6002 2.83144 5.5)
(11.162 2.8298 5.5)
(14 1.87871 4.25916)
(12.6976 3 4.25933)
(12.6972 1.87843 5.5)
(14 2.83159 4.04882)
(14 2.82677 5.30892)
(14 1.6888 5.31448)
(12.4766 3 5.3161)
(13.8007 3 5.30801)
(13.8072 3 4.04882)
(13.8062 1.6888 5.5)
(13.8004 2.82652 5.5)
(12.4766 2.83215 5.5)
(14 2.83152 4.46664)
(14 2.44527 5.31372)
(14 2.83094 4.88569)
(14 2.06656 5.3144)
(12.9152 3 5.31599)
(13.8063 3 4.88569)
(13.3552 3 5.31506)
(13.8071 3 4.46665)
(13.8062 2.06656 5.5)
(13.355 2.83147 5.5)
(13.8055 2.4453 5.5)
(12.9151 2.83212 5.5)
(11.3818 2.24395 4.26021)
(11.8198 2.63679 4.26)
(11.3813 3 4.25951)
(11.82 2.25432 4.2606)
(11.3817 2.63325 4.25975)
(11.8196 3 4.25951)
(13.14 2.25904 3.42305)
(13.5804 2.25822 3.42279)
(13.139 2.63825 3.42281)
(13.5789 2.63639 3.42264)
(14 2.59944 3.42253)
(14 2.25845 3.42262)
(13.7952 2.63841 3.42255)
(13.5359 3 3.42253)
(13.5816 2.82295 3.42255)
(13.139 3 3.42263)
(13.7991 2.82506 3.42252)
(14 3 3.4225)
(14 2.83145 3.42251)
(13.807 3 3.42251)
(12.6984 2.63865 3.42294)
(13.7991 2.82505 3.63129)
(14 3 3.63125)
(14 2.64351 3.63129)
(13.5789 2.6361 3.6314)
(13.5874 3 3.63129)
(12.6992 2.25966 3.42325)
(13.7946 2.63861 3.63132)
(13.5819 2.82231 3.63133)
(14 2.83159 3.63126)
(12.6978 3 3.42269)
(13.8072 3 3.63126)
(13.7991 2.82505 3.21376)
(14 3 3.21375)
(13.579 2.63611 3.2138)
(14 2.64352 3.21376)
(13.5874 3 3.21376)
(13.7946 2.63861 3.21377)
(13.5819 2.82231 3.21377)
(14 2.83159 3.21375)
(13.8072 3 3.21375)
(6.99983 1.50192 3.83622)
(7.00636 1.1645 3.83593)
(6.91361 2.78977e-05 3.84319)
(6.97476 0.387792 3.83998)
(7.0022 0.399465 3.63075)
(7.00864 0.782148 3.83664)
(7.01478 0.78484 3.62922)
(7.01572 0.59543 3.63056)
(7.01057 0.593524 3.83946)
(6.90384 2.3175e-05 4.27021)
(6.96868 0.386675 4.26691)
(6.99429 0.398006 4.0512)
(7.01181 0.783942 4.04934)
(7.00492 0.779258 4.26222)
(6.99745 1.1621 4.262)
(7.01269 0.594777 4.04961)
(6.99607 1.50228 4.26047)
(7.00854 0.592473 4.26031)
(7.3 3.14198e-16 4.2575)
(7.42296 0.400664 4.25815)
(7.22433 0.404321 4.25922)
(7.23634 0.788268 4.25857)
(7.44887 0.79376 4.25873)
(7.43448 1.00405 4.26283)
(7.46894 1.2 4.26894)
(7.45165 0.6 4.25817)
(7.3 0.6 4.2575)
(7.43313 1.50038 4.26114)
(7.43098 1.36876 4.2633)
(7.65384 1.2 4.26162)
(7.65372 1.36886 4.2606)
(7.87441 1.2 4.25879)
(7.87451 1.36887 4.25891)
(8.31395 1.2 4.25744)
(8.31383 1.36891 4.25776)
(8.09452 1.36889 4.25804)
(8.09481 1.2 4.25771)
(7.86368 0.40115 4.25794)
(7.65667 0.407115 4.2579)
(7.7924 3.1427e-16 4.25864)
(7.66505 0.6 4.25781)
(7.87968 0.795377 4.25799)
(7.66357 0.795075 4.2583)
(7.88032 0.6 4.25774)
(7.65607 1.00438 4.26028)
(7.87583 1.00451 4.25874)
(8.26957 3.14297e-16 4.25921)
(8.30617 0.401172 4.25796)
(8.09233 0.407249 4.25783)
(8.31488 0.6 4.25761)
(8.09704 0.6 4.25776)
(8.09686 0.795443 4.25782)
(8.31484 0.795459 4.25769)
(8.0952 1.00455 4.25795)
(8.31414 1.00455 4.25771)
(7.00339 1.83967 3.8392)
(6.99054 1.84367 4.26598)
(6.52255 1.89209 4.2789)
(6.23933 1.94663 4.35861)
(8.31438 3 4.25945)
(8.31501 2.59882 4.258)
(8.53353 2.59274 4.25777)
(8.315 2.4 4.25765)
(8.53351 2.4 4.25762)
(8.31491 2.20454 4.25767)
(8.53346 2.20454 4.25764)
(7.88007 2.59887 4.25781)
(8.09731 2.59276 4.25772)
(7.87628 3 4.25924)
(7.87483 1.8 4.25855)
(8.09425 1.8 4.25814)
(8.09514 1.99546 4.25797)
(7.8761 1.9955 4.25838)
(7.87981 2.20463 4.25767)
(8.0969 2.20456 4.25767)
(8.31398 1.8 4.25755)
(8.31423 1.99545 4.25771)
(8.09706 2.4 4.25754)
(7.88045 2.4 4.25744)
(7.65414 1.8 4.25997)
(7.65393 1.63118 4.2599)
(7.87474 1.6311 4.25863)
(7.46894 1.8 4.26894)
(7.43104 1.63138 4.26314)
(8.09445 1.6311 4.2581)
(8.31391 1.63114 4.25778)
(7.65419 1.50008 4.25978)
(7.87467 1.49989 4.25875)
(8.3138 1.50006 4.25788)
(8.09445 1.49998 4.25816)
(7.0055 2.61067 4.26175)
(6.77141 2.62194 4.26839)
(6.49623 2.66412 4.27783)
(6.5038 2.46294 4.28793)
(6.50582 2.27423 4.28813)
(7.00293 2.22498 4.26383)
(7.01516 2.40863 4.25981)
(7.44915 2.20645 4.25797)
(7.23611 2.2126 4.2587)
(7.43459 1.99599 4.26253)
(7.65633 1.99564 4.25946)
(7.3 2.4 4.2575)
(7.66544 2.4 4.2571)
(7.66382 2.20496 4.2577)
(7.48494 3 4.25833)
(7.44109 2.81242 4.25835)
(7.44973 2.59708 4.25744)
(7.66529 2.5927 4.25739)
(6.74983 2.83321 4.26367)
(6.61816 2.74544 4.26938)
(7 3 4.2575)
(6.86474 2.90983 4.26014)
(7.00222 2.81101 4.26008)
(6.35848 2.57223 4.2892)
(6.20886 2.47257 4.31295)
(6.22634 2.28016 4.33947)
(7.22229 2.81196 4.25857)
(7.23406 2.59993 4.25841)
(7.21902 3 4.2579)
(7.45239 2.4 4.25648)
(6.22836 2.08948 4.34213)
(6.50583 2.08639 4.28906)
(8.75196 1.2 4.46653)
(8.75193 1.00454 4.46661)
(8.75189 1.36891 4.46664)
(8.75202 0.6 4.46651)
(8.75199 0.795453 4.46656)
(8.73139 3.1431e-16 4.2594)
(8.74828 0.401168 4.25794)
(8.53095 0.407254 4.25774)
(8.53346 0.6 4.25759)
(8.7524 0.795464 4.25761)
(8.5334 0.795466 4.25765)
(8.75248 0.6 4.25751)
(8.75057 0.407213 4.46676)
(8.53302 1.00455 4.25789)
(8.53279 1.2 4.25824)
(8.75225 1.00455 4.25772)
(8.75218 1.2 4.25774)
(8.53289 1.3689 4.25793)
(8.7522 1.36891 4.25775)
(8.73666 3.4006e-16 4.67965)
(8.74819 0.401117 4.67654)
(8.75227 1.50004 4.25774)
(8.53296 1.50001 4.25783)
(8.75245 2.20453 4.25759)
(8.75254 1.99543 4.25765)
(8.7525 2.4 4.25751)
(8.75249 1.63113 4.25768)
(8.7529 1.8 4.25769)
(8.53324 1.99544 4.2577)
(8.53314 1.8 4.25768)
(8.53309 1.63112 4.25775)
(8.31398 1.2 3.00515)
(8.31459 1.00455 3.00495)
(8.09607 1.00454 3.0048)
(8.09531 1.2 3.0043)
(8.09577 1.36887 3.0048)
(8.31447 1.36892 3.00496)
(8.31508 0.79546 3.00496)
(8.0971 0.795462 3.005)
(8.09347 0.407258 3.00503)
(8.30842 0.401176 3.00499)
(8.28036 2.37506e-16 3.00504)
(8.31489 0.6 3.00489)
(8.09694 0.6 3.00507)
(8.09609 1.49987 3.00498)
(8.31447 1.2 3.42279)
(8.31479 1.00456 3.42265)
(8.31487 1.00455 3.21366)
(8.31488 1.2 3.21339)
(8.31515 0.79546 3.21382)
(8.31473 1.36889 3.21366)
(8.31465 1.3689 3.42266)
(8.31462 1.36881 3.63133)
(8.3147 1.2 3.63121)
(8.26999 2.6308e-16 3.42267)
(8.31211 0.407241 3.21384)
(8.3064 0.401189 3.42254)
(8.31135 0.40724 3.6313)
(8.30577 0.401181 3.84016)
(8.26714 2.88669e-16 3.84059)
(8.31501 0.6 3.21398)
(8.31511 0.6 3.42247)
(8.31515 0.795453 3.42253)
(8.31444 0.6 3.6313)
(8.31507 0.795463 3.84007)
(8.31501 0.6 3.84008)
(8.31494 0.79547 3.63129)
(8.31503 1.2 3.84027)
(8.31461 1.36889 3.84017)
(8.31476 1.00456 3.63131)
(8.31481 1.00456 3.84014)
(8.31148 0.407235 4.04893)
(8.3149 0.6 4.04888)
(8.31497 0.795458 4.04888)
(8.31442 1.00455 4.04893)
(8.31424 1.2 4.04887)
(8.31417 1.36891 4.04896)
(8.53375 2.59273 3.83999)
(8.31505 2.59883 3.84012)
(8.31437 3 3.84067)
(8.31508 2.20454 3.84001)
(8.31493 2.4 3.83996)
(8.5337 2.4 3.83984)
(8.5337 2.20455 3.83995)
(8.53362 2.59129 4.04878)
(8.53338 2.4 4.04862)
(8.53356 2.20454 4.04874)
(8.315 2.20454 4.04878)
(8.31451 1.49994 3.84017)
(8.3142 1.50006 4.049)
(8.31499 1.8 4.04886)
(8.31473 1.99545 4.04886)
(8.31482 1.99545 3.84011)
(8.31481 1.8 3.84021)
(8.31446 1.63111 4.04892)
(8.31462 1.63109 3.84015)
(8.31471 1.50006 3.00498)
(8.3152 2.59276 3.63133)
(8.31505 2.59883 3.42253)
(8.31436 3 3.4227)
(8.31501 2.4 3.63139)
(8.31493 2.4 3.42245)
(8.31515 2.20454 3.63131)
(8.3151 2.20454 3.4225)
(8.31511 2.59277 3.21373)
(8.31507 2.59884 3.00506)
(8.31436 3 3.00505)
(8.31445 1.8 3.42251)
(8.31453 1.8 3.21361)
(8.31477 1.99545 3.21374)
(8.31477 1.99545 3.42255)
(8.31514 2.20454 3.00506)
(8.31506 2.20454 3.21373)
(8.3148 1.99545 3.00504)
(8.31456 1.8 3.00504)
(8.31483 2.4 3.21365)
(8.31507 2.4 3.00514)
(8.31463 1.63111 3.42257)
(8.31464 1.63109 3.21374)
(8.31467 1.63111 3.00503)
(8.3149 1.99544 3.63136)
(8.31486 1.8 3.63152)
(8.31472 1.63109 3.63139)
(8.0959 1.8 3.00504)
(8.09607 1.63108 3.00503)
(8.31473 1.49993 3.21376)
(8.3147 1.50002 3.4226)
(8.31465 1.49988 3.63137)
(7 3 3.4225)
(7.00462 2.81242 3.42278)
(7.00979 2.61254 3.42313)
(7.01834 2.40849 3.4228)
(7.00866 2.22309 3.8422)
(6.52552 2.27189 3.85318)
(6.53718 2.27764 3.64109)
(7.01528 2.21872 3.63203)
(6.78187 2.62846 3.42405)
(6.62962 2.75308 3.42385)
(6.75573 2.83716 3.42303)
(6.86728 2.91153 3.42267)
(7.01255 2.21897 4.05116)
(6.51102 2.27822 4.07182)
(6.28872 2.28277 3.85789)
(6.27908 2.29359 4.07491)
(6.32542 2.28054 3.64657)
(7.44356 1.50032 3.42195)
(7.44075 1.50016 3.21363)
(7.65931 1.50012 3.21381)
(7.43979 1.50015 3.63119)
(7.65873 1.50011 3.63138)
(7.66024 1.50003 3.42248)
(7.87776 1.5 3.42261)
(7.87724 1.5 3.63143)
(7.87759 1.50003 3.21388)
(8.09603 1.50005 3.21384)
(8.09588 1.36891 3.21389)
(8.09586 1.50013 3.63134)
(8.09578 1.3689 3.63123)
(8.09592 1.36892 3.42266)
(8.09602 1.50005 3.42263)
(7.4413 1.50033 3.83994)
(7.65871 1.50008 3.84046)
(7.87687 1.50009 3.84056)
(8.09555 1.50016 3.84026)
(7.44547 1.36874 3.84035)
(7.65918 1.36888 3.84057)
(7.87671 1.36891 3.8408)
(8.09556 1.36892 3.84028)
(7.4342 1.36861 4.05025)
(7.43574 1.50014 4.05029)
(7.65525 1.3688 4.0504)
(7.87533 1.36885 4.05004)
(8.09488 1.36887 4.0493)
(8.31512 2.59276 4.04885)
(8.31487 2.4 4.04872)
(7.5 1.2 3.84)
(7.8766 1.2 3.8413)
(7.65962 1.2 3.84027)
(7.3 2.88633e-16 3.84)
(7.42339 0.400725 3.84011)
(7.22539 0.404576 3.84012)
(7.23743 0.78885 3.8395)
(7.45102 0.793902 3.84008)
(7.44785 1.00407 3.84032)
(7.45249 0.6 3.84012)
(7.3 0.6 3.84)
(7.79004 2.88655e-16 3.84037)
(7.86324 0.401162 3.8401)
(7.65674 0.407144 3.84013)
(7.88012 0.795379 3.84016)
(7.66466 0.795109 3.84022)
(7.66543 0.6 3.84017)
(7.88041 0.6 3.83998)
(7.87763 1.00451 3.84071)
(7.66081 1.00439 3.8405)
(8.09693 0.6 3.8399)
(8.09706 0.795442 3.84005)
(8.09212 0.407259 3.84003)
(8.09602 1.00454 3.84023)
(8.09568 1.2 3.84014)
(7.44669 1.36875 3.42247)
(7.43782 1.36862 3.63135)
(7.65822 1.36887 3.63153)
(7.66071 1.36887 3.42265)
(7.87691 1.36887 3.63132)
(7.87762 1.3689 3.42273)
(7.66144 1.2 3.4227)
(7.87743 1.2 3.42287)
(7.86389 0.401163 3.42253)
(7.65732 0.407177 3.42254)
(7.79308 2.63075e-16 3.42261)
(7.87486 0.407238 3.21378)
(7.66539 0.6 3.42256)
(7.88025 0.795383 3.42255)
(7.66496 0.795115 3.42255)
(7.88025 0.6 3.4225)
(7.88017 0.795382 3.21382)
(7.8802 0.6 3.21377)
(7.66201 1.00438 3.42267)
(7.87834 1.00451 3.42272)
(7.87798 1.0045 3.21409)
(8.09712 0.795446 3.21379)
(8.09621 1.00454 3.21388)
(8.09578 1.2 3.42273)
(8.09626 1.00454 3.42264)
(7.87728 1.36891 3.2141)
(7.87695 1.2 3.2144)
(7.65727 1.2 3.21394)
(7.65855 1.36888 3.21393)
(7.43824 1.36863 3.21377)
(7.66533 0.6 3.21381)
(7.6599 1.00437 3.21394)
(7.66171 0.408692 3.21379)
(7.66467 0.795114 3.21382)
(8.09576 1.2 3.21405)
(7.87647 1.2 3.63083)
(7.88042 0.6 3.63129)
(7.88021 0.795382 3.6313)
(7.87773 1.00451 3.63128)
(7.87407 0.407218 3.63129)
(7.5 1.2 3.63125)
(7.65736 1.2 3.63169)
(7.66548 0.6 3.63118)
(7.65975 1.00438 3.63151)
(7.44168 0.406785 3.63121)
(7.45074 0.793947 3.63115)
(7.44023 1.00401 3.63134)
(7.45276 0.6 3.63112)
(7.66037 0.408603 3.63125)
(7.66468 0.795117 3.63129)
(8.09728 0.6 3.63121)
(8.09697 0.6 3.21375)
(8.09617 1.00456 3.6312)
(8.09235 0.407257 3.42252)
(8.0971 0.795446 3.42253)
(8.09421 0.408711 3.63126)
(8.09682 0.6 3.4225)
(8.09719 0.795454 3.63126)
(8.09457 0.40871 3.21378)
(8.0958 1.2 3.6309)
(7.3 0.6 3.63125)
(7.23159 0.406722 3.63116)
(7.23831 0.789178 3.63074)
(7.87523 1.2 4.05048)
(8.09484 1.2 4.04928)
(7.87648 1.00451 4.0499)
(7.87979 0.795392 4.04909)
(7.87391 0.407208 4.04892)
(7.88022 0.6 4.04883)
(7.5 1.2 4.04875)
(7.65455 1.2 4.05061)
(7.66525 0.6 4.04891)
(7.65732 1.00438 4.05021)
(7.44084 0.406699 4.04912)
(7.4497 0.793885 4.04926)
(7.43733 1.00399 4.05001)
(7.45241 0.6 4.04902)
(7.66002 0.408576 4.04898)
(7.66393 0.795116 4.04922)
(8.09712 0.6 4.0488)
(8.09546 1.00454 4.04923)
(8.09415 0.408704 4.04888)
(8.09697 0.795451 4.04894)
(7.3 0.6 4.04875)
(7.22946 0.406401 4.04945)
(7.23735 0.788941 4.04902)
(7.5 1.8 3.84)
(7.5 1.8 4.04875)
(7.6548 1.8 4.04959)
(7.87559 1.8 4.0492)
(7.87807 1.8 3.84116)
(7.66109 1.8 3.83979)
(8.09484 1.8 4.04857)
(8.09525 1.8 3.83973)
(7.65984 1.63116 3.84025)
(7.87738 1.63112 3.8406)
(7.44561 1.63138 3.84026)
(8.09555 1.63113 3.84007)
(7.23748 2.21219 3.84041)
(7.45109 2.20634 3.83985)
(7.44801 1.99598 3.84017)
(7.88015 2.20463 3.83997)
(7.87832 1.99551 3.84047)
(7.6615 1.99563 3.8401)
(7.66482 2.20495 3.83983)
(7.23831 2.21172 3.63144)
(7.45059 2.20629 3.63123)
(7.23825 2.21231 3.42263)
(7.45109 2.20636 3.42256)
(7.66461 2.20493 3.63118)
(7.88018 2.20462 3.63126)
(7.88023 2.4 3.63127)
(7.88017 2.4 3.83982)
(7.87626 3 3.84054)
(7.87994 2.59886 3.84)
(7.88044 2.59289 3.63125)
(7.87984 2.59886 3.42255)
(7.87625 3 3.42265)
(7.8802 2.20463 3.42252)
(7.66473 2.20495 3.42254)
(7.88022 2.4 3.42253)
(8.09692 2.4 3.84004)
(8.09706 2.20455 3.84002)
(8.09723 2.59274 3.84004)
(8.09602 1.99545 3.83999)
(6.50137 2.66753 4.063)
(6.51716 2.45883 4.07197)
(6.52634 2.46336 3.85514)
(6.50845 2.67226 3.84898)
(6.53567 2.46679 3.64093)
(6.51154 2.67435 3.63648)
(6.62226 2.74817 4.05673)
(6.62569 2.75046 3.84479)
(6.62813 2.75208 3.63386)
(7.01704 2.40758 4.05016)
(7.01707 2.40816 3.84098)
(7.01835 2.4077 3.63177)
(7 3 3.84)
(7.00382 2.81191 3.84099)
(7.00313 2.81145 4.05043)
(7 3 4.04875)
(7 3 3.63125)
(7.00433 2.81219 3.63179)
(7.00821 2.61163 3.84189)
(7.00723 2.61077 4.0517)
(7.00936 2.61189 3.63236)
(7.88034 2.4 4.04857)
(7.87992 2.20463 4.04877)
(7.8768 1.99551 4.04922)
(7.88055 2.59288 4.04871)
(7.44998 2.20631 4.04879)
(7.44985 2.5971 3.83981)
(7.45253 2.4 3.83935)
(7.45289 2.4 4.04813)
(7.44992 2.59697 4.04862)
(7.66558 2.4 3.83956)
(7.66526 2.59269 3.83977)
(7.44117 2.81246 3.84017)
(7.48491 3 3.84017)
(7.44113 2.81185 4.04911)
(7.4348 3 4.04903)
(7.65762 1.99565 4.04953)
(7.6655 2.4 4.04841)
(7.43746 1.99604 4.04975)
(7.66416 2.20494 4.04874)
(7.66534 2.59196 4.04854)
(7.44954 2.59715 3.42257)
(7.48491 3 3.42254)
(7.22281 2.81215 3.63143)
(7.66532 2.4 3.63113)
(7.22251 2.81197 4.04934)
(7.219 3 3.84005)
(7.23484 2.60025 3.42265)
(7.45182 2.4 3.42257)
(7.4498 2.59701 3.63124)
(7.44117 2.8125 3.42256)
(7.66491 2.5927 3.42255)
(7.2346 2.60007 3.84036)
(7.43479 3 3.6313)
(7.219 3 3.42251)
(7.23478 2.60012 3.63148)
(7.45246 2.4 3.63115)
(7.2344 2.59991 4.04934)
(7.44117 2.81189 3.63134)
(7.22288 2.81228 3.4226)
(7.22269 2.81214 3.84033)
(7.66518 2.59197 3.63118)
(7.66501 2.4 3.42259)
(7.219 3 3.63127)
(7.21901 3 4.04888)
(8.09554 1.99546 4.04885)
(8.09703 2.4 4.04877)
(8.09698 2.20456 4.0488)
(8.09736 2.59131 4.04881)
(7.3 2.4 3.63125)
(7.3 2.4 4.04875)
(7.23747 2.21181 4.04935)
(7.3 2.4 3.84)
(7.3 2.4 3.4225)
(6.75212 2.83475 4.05265)
(6.75507 2.83671 3.63237)
(6.86658 2.91105 3.84084)
(6.77804 2.62593 3.84479)
(6.7759 2.62274 4.05634)
(6.78126 2.62623 3.63403)
(6.7539 2.83593 3.8422)
(6.86581 2.91054 4.05033)
(6.86704 2.91136 3.63165)
(6.24288 2.49466 4.08321)
(6.26862 2.51217 3.64514)
(6.36765 2.57832 4.07217)
(6.25638 2.5038 3.86178)
(7.5 1.8 3.4225)
(7.5 1.8 3.63125)
(7.44673 1.63138 3.42242)
(7.43789 1.63147 3.63127)
(7.65844 1.6312 3.63122)
(7.5 1.8 3.21375)
(7.43828 1.63147 3.21373)
(7.65866 1.6312 3.21382)
(7.66089 1.63116 3.42245)
(7.87737 1.63112 3.63141)
(7.87788 1.6311 3.42248)
(7.87744 1.63111 3.21378)
(8.09595 1.63117 3.63119)
(8.09597 1.63111 3.21386)
(8.09591 1.63111 3.42271)
(7.87819 1.99549 3.63135)
(7.87734 1.8 3.63145)
(7.8779 1.8 3.42225)
(7.87858 1.9955 3.42246)
(7.87711 1.8 3.21371)
(8.09713 2.20454 3.63124)
(8.09717 2.59275 3.42252)
(8.09683 2.4 3.4225)
(8.09708 2.20456 3.42253)
(7.65996 1.99564 3.63118)
(7.44858 1.99598 3.42251)
(7.66172 1.8 3.42237)
(7.44027 1.99604 3.63126)
(7.65744 1.8 3.63096)
(7.66214 1.99563 3.42246)
(7.65734 1.8 3.21391)
(8.09697 2.4 3.6312)
(8.09731 2.59131 3.63125)
(8.09635 1.99546 3.63116)
(8.09629 1.99547 3.21385)
(8.0969 2.4 3.21383)
(8.09553 1.8 3.42305)
(8.09612 1.8 3.63079)
(8.09625 1.99545 3.42268)
(8.09588 1.8 3.21395)
(8.09707 2.20456 3.2138)
(8.09723 2.59131 3.21379)
(7.43428 1.63147 4.05011)
(7.87561 1.6311 4.04943)
(7.6555 1.63115 4.04984)
(8.09495 1.63108 4.04896)
(7.87552 1.49988 4.04968)
(7.65577 1.49984 4.05008)
(8.09492 1.49986 4.04921)
(8.97162 1.63111 3.00498)
(8.75264 1.63113 3.00492)
(8.7526 0.795459 3.00502)
(8.75252 1.00454 3.00503)
(8.75252 1.00455 3.21375)
(8.75258 0.795457 3.21376)
(8.53374 0.795459 3.00499)
(8.53364 1.00454 3.00492)
(8.75242 1.2 3.00507)
(8.53367 1.2 3.00486)
(8.5336 1.36892 3.00492)
(8.75251 1.36894 3.00502)
(8.73657 2.37507e-16 3.00505)
(8.74944 0.401169 3.00502)
(8.75108 0.407236 3.21377)
(8.74838 0.401162 3.42258)
(8.73131 2.63082e-16 3.4227)
(8.75262 0.6 3.00502)
(8.53367 0.6 3.00499)
(8.53184 0.407258 3.00501)
(8.7525 0.6 3.21376)
(8.75261 0.795473 3.42255)
(8.75256 0.6 3.42262)
(8.75274 1.00456 3.42247)
(8.5335 1.6311 3.005)
(8.75258 1.50012 3.00499)
(8.5336 1.50003 3.00497)
(8.97038 0.407262 3.42258)
(8.97155 0.6 3.42264)
(8.97158 0.795469 3.42254)
(8.97158 1.00456 3.42238)
(8.97148 1.00455 3.21385)
(8.97151 1.00455 3.00508)
(8.97145 1.2 3.00505)
(8.97153 1.36892 3.00509)
(8.9716 1.50005 3.00507)
(8.75256 2.20453 3.00501)
(8.75264 1.99544 3.00491)
(8.9716 1.99545 3.00497)
(8.97152 2.20453 3.00502)
(8.97147 2.4 3.00503)
(8.75248 2.4 3.00505)
(8.75249 3 3.00506)
(8.75254 2.59883 3.00503)
(8.9715 2.59273 3.00503)
(8.75276 1.8 3.00482)
(8.97159 1.8 3.00489)
(8.75255 2.20453 3.84)
(8.7525 2.4 3.83999)
(8.75231 1.99544 3.83997)
(8.7521 1.8 3.8399)
(8.75226 1.6311 3.83999)
(8.75267 2.59276 3.63134)
(8.75261 2.59884 3.42256)
(8.75249 3 3.42271)
(8.75261 2.20453 3.6313)
(8.75265 2.4 3.63138)
(8.75261 2.20453 3.42252)
(8.7526 2.4 3.42253)
(8.7523 1.99544 3.63126)
(8.75252 1.99545 3.42248)
(8.7519 1.8 3.63122)
(8.75251 1.8 3.42239)
(8.75225 1.63107 3.63127)
(8.7525 1.63112 3.42249)
(8.75256 2.20454 3.21375)
(8.75249 1.99545 3.21382)
(8.7525 2.4 3.21373)
(8.75257 2.59276 3.21375)
(8.75232 1.8 3.21391)
(8.75248 1.6311 3.21383)
(8.97157 1.63109 3.42253)
(8.97149 1.63108 3.63131)
(8.97162 1.63109 3.21396)
(8.75236 1.2 3.21375)
(8.753 1.2 3.42219)
(8.7525 1.36892 3.21376)
(8.75271 1.36887 3.42248)
(8.75255 1.36885 3.6316)
(8.75261 1.2 3.63243)
(8.75248 1.2 3.8399)
(8.75245 1.36886 3.84001)
(8.97143 1.2 4.25758)
(8.9716 1.2 4.04888)
(8.97172 1.2 3.8402)
(8.75239 1.49995 3.84004)
(8.75246 1.49983 3.63134)
(8.75257 1.5 3.42253)
(8.75254 1.50002 3.21379)
(8.97144 1.2 3.4222)
(8.97226 1.2 3.62962)
(8.72975 2.88676e-16 3.84067)
(8.75077 0.407238 3.63127)
(8.74807 0.401172 3.84007)
(8.75258 0.795477 3.83993)
(8.7526 0.6 3.83982)
(8.75246 0.6 3.63125)
(8.75256 0.795477 3.63127)
(8.75259 1.00456 3.63158)
(8.7525 1.00456 3.83999)
(8.97157 0.6 3.83994)
(8.97162 0.795467 3.83996)
(8.97165 0.79546 4.04883)
(8.97165 0.6 4.04891)
(8.97164 1.00456 3.83999)
(8.97159 1.00455 4.04881)
(8.97164 0.79546 4.25767)
(8.97146 0.6 4.25754)
(8.97167 1.00455 4.25767)
(8.97043 0.407259 4.2578)
(8.75077 0.407233 4.0488)
(8.75247 0.6 4.04855)
(8.53358 1.36892 3.21367)
(8.53369 1.3689 3.42276)
(8.53324 1.36887 3.63149)
(8.53324 1.3689 3.83989)
(8.53336 1.50002 3.84006)
(8.53347 1.99545 3.84005)
(8.53328 1.8 3.84006)
(8.53337 1.6311 3.84008)
(8.75233 1.5 4.04883)
(8.53323 1.49997 4.04889)
(8.53363 0.795466 3.84)
(8.53357 0.6 3.84001)
(8.53096 0.407263 3.84006)
(8.53333 1.00457 3.83988)
(8.53298 1.2 3.83944)
(8.53379 0.79546 3.21373)
(8.53364 1.00455 3.21367)
(8.53375 1.00457 3.42274)
(8.53398 1.2 3.42314)
(8.53267 1.2 3.6317)
(8.53349 1.2 3.21346)
(8.53382 0.6 3.2137)
(8.53354 0.6 3.63123)
(8.53331 1.00458 3.63147)
(8.53122 0.407263 3.42249)
(8.53376 0.795465 3.42251)
(8.53238 0.408713 3.21375)
(8.53372 0.6 3.42243)
(8.53198 0.40871 3.63126)
(8.53362 0.795469 3.63128)
(8.53309 1.2 4.04862)
(8.7524 1.2 4.04861)
(8.53365 0.6 4.0488)
(8.53326 1.00455 4.04878)
(8.75251 0.795466 4.04871)
(8.53199 0.408708 4.04885)
(8.53359 0.795464 4.04881)
(8.75241 1.00455 4.04874)
(8.53315 1.3689 4.0488)
(8.75236 1.3689 4.04876)
(8.75221 1.6311 4.04879)
(8.7519 1.8 4.04873)
(8.53361 1.8 4.04885)
(8.75227 1.99544 4.04877)
(8.75256 2.20453 4.04878)
(8.75269 2.4 4.04879)
(8.5335 1.99545 4.04883)
(8.53338 1.6311 4.04887)
(8.53354 1.99545 3.00501)
(8.5337 2.20454 3.00503)
(8.53362 2.4 3.00507)
(8.5333 1.8 3.00506)
(8.53344 1.49998 3.63138)
(8.53371 2.59274 3.00504)
(8.53348 1.63109 3.2138)
(8.53343 1.6311 3.63136)
(8.53359 1.6311 3.42254)
(8.5337 2.4 3.42253)
(8.53375 2.20454 3.42251)
(8.53378 2.20454 3.63125)
(8.53377 2.59274 3.42252)
(8.53383 2.4 3.63118)
(8.53384 2.59129 3.63125)
(8.53353 1.99545 3.2138)
(8.53363 2.4 3.21368)
(8.53352 1.99545 3.63133)
(8.53373 1.8 3.42248)
(8.5337 2.20454 3.21374)
(8.53333 1.8 3.21386)
(8.53365 1.99544 3.42252)
(8.53373 2.59129 3.21373)
(8.53333 1.8 3.63143)
(8.53358 1.5 3.21376)
(8.5336 1.50001 3.4226)
(8.97164 0.795478 3.63116)
(8.97161 0.6 3.6312)
(8.97033 0.407262 3.84002)
(8.97082 0.40871 3.63124)
(8.9718 1.00455 3.63069)
(8.97086 0.408709 4.04889)
(8.97157 1.49984 3.63118)
(8.97178 1.36886 3.63071)
(8.97156 1.3689 3.42239)
(8.97157 1.49999 3.42253)
(8.97137 1.2 3.2139)
(8.97149 1.36892 3.21386)
(8.97157 1.50001 3.21388)
(8.97161 1.8 3.42241)
(8.97163 2.59274 3.42251)
(8.97164 2.4 3.42248)
(8.97162 2.20453 3.42251)
(8.97158 1.99544 3.42252)
(8.97162 2.20454 3.63129)
(8.97166 2.4 3.63134)
(8.97165 2.59129 3.63131)
(8.97151 1.99544 3.63131)
(8.97145 1.8 3.63137)
(8.97172 1.8 3.21423)
(8.97162 1.99545 3.21393)
(8.97155 2.4 3.21371)
(8.97156 2.20454 3.21376)
(8.97155 2.59129 3.21374)
(8.97085 0.408712 3.21376)
(8.97062 0.407262 3.00502)
(8.97151 0.6 3.21366)
(8.97153 0.795461 3.21377)
(8.97149 0.6 3.00493)
(8.97152 0.795457 3.00504)
(6.99566 1.50168 4.67927)
(6.985 1.50101 5.10609)
(7.22226 1.50057 5.09904)
(7.44382 1.50025 5.09257)
(7.43731 1.50012 4.88406)
(7.43516 1.50029 4.67678)
(7.43514 1.36801 4.88363)
(7.43496 1.36864 4.6767)
(7.44388 1.36554 5.08959)
(7.88649 1.3611 5.30269)
(7.67405 1.36083 5.30174)
(7.6809 1.34983 5.5)
(7.89027 1.35012 5.5)
(7.65548 1.36882 4.67613)
(7.65715 1.36847 4.88391)
(7.87688 1.36859 4.88455)
(7.87526 1.36885 4.67591)
(7.45626 1.3592 5.30161)
(7.66349 1.36703 5.09176)
(7.46671 1.34853 5.5)
(7.88057 1.3673 5.09353)
(8.0975 1.35019 5.5)
(8.09663 1.36116 5.3034)
(8.09536 1.36732 5.09467)
(7.43331 1.50017 4.46831)
(7.43192 1.3686 4.46804)
(7.87454 1.3689 4.46738)
(7.65377 1.36887 4.46784)
(8.73241 1.36115 5.30378)
(8.51645 1.36114 5.30413)
(8.51118 1.35019 5.5)
(8.72437 1.35017 5.5)
(8.09428 1.36891 4.46689)
(8.31347 1.36891 4.46675)
(8.74846 1.3686 4.88526)
(8.52904 1.36861 4.8853)
(8.52436 1.36735 5.09522)
(8.74304 1.36736 5.09483)
(8.30579 1.36116 5.30398)
(8.30928 1.36734 5.09515)
(8.31153 1.36861 4.8853)
(8.09454 1.36859 4.88486)
(8.30367 1.35019 5.5)
(8.53254 1.3689 4.46676)
(8.53145 1.36886 4.67586)
(8.7509 1.36885 4.67575)
(8.31279 1.36886 4.67584)
(8.09427 1.36884 4.67578)
(6.56091 1.50425 4.25671)
(6.49382 1.50235 4.74072)
(6.75084 1.50093 5.12626)
(6.76557 1.31195 5.14836)
(6.9874 1.32246 5.10744)
(7.23267 1.35806 5.09651)
(7.24221 1.34332 5.5)
(7.22631 1.35001 5.30985)
(6.91776 1.3146 5.37665)
(7.03235 1.32217 5.5)
(6.83353 1.31261 5.25029)
(6.50201 1.86484 4.753)
(6.54136 1.89062 4.47556)
(6.31238 1.94578 4.46855)
(6.54306 1.69937 4.26557)
(8.74801 0.407162 4.88564)
(8.74363 0.402355 5.09612)
(8.74611 0.186844 5.10065)
(8.74635 3.63208e-16 5.05783)
(6.52868 0.000194492 4.29123)
(6.49254 0.176752 4.29394)
(6.50305 0.367966 4.29323)
(6.50698 0.553476 4.29363)
(6.52556 0.742692 4.28148)
(6.49218 0.782608 4.73827)
(6.54087 0.742889 4.48103)
(6.52674 0.553441 4.48863)
(6.49048 0.553094 4.73571)
(6.48969 0.363274 4.73453)
(6.52173 0.364499 4.49141)
(6.51458 0.175321 4.4946)
(6.48166 4.22087e-08 4.72247)
(6.48995 0.171541 4.73493)
(6.49404 7.81494e-05 4.50425)
(6.49419 1.12257 4.74128)
(6.56189 1.12738 4.257)
(6.54538 0.9332 4.26641)
(6.56413 1.31432 4.25457)
(7.88057 0.795321 4.67574)
(7.88118 0.6 4.67559)
(7.6667 0.6 4.67542)
(7.66511 0.79495 4.67567)
(7.80232 3.39952e-16 4.67812)
(7.3 3.39762e-16 4.675)
(7.42512 0.400404 4.67573)
(7.65868 0.406907 4.67572)
(7.86644 0.40107 4.67618)
(7.65789 1.00423 4.67602)
(7.87666 1.00442 4.67587)
(7.45048 0.793355 4.67577)
(7.45353 0.6 4.67546)
(7.43844 1.00382 4.6765)
(7.47769 1.2 4.67769)
(6.99879 1.15381 4.67916)
(7.87519 1.2 4.67581)
(7.65584 1.2 4.67617)
(7.88196 0.795237 4.88494)
(7.88257 0.6 4.88501)
(7.87625 8.41171e-17 5.5)
(7.85627 3.56377e-16 5.31471)
(7.86777 0.185355 5.30725)
(7.88192 0.181971 5.5)
(7.87834 0.407089 4.88533)
(7.8779 0.402272 5.09534)
(7.84847 0.186764 5.09914)
(7.83119 3.63099e-16 5.05611)
(7.89278 0.795449 5.5)
(7.89777 0.6 5.49777)
(7.8893 0.6 5.3057)
(7.88932 0.794896 5.3031)
(7.87821 1.00425 4.88463)
(7.88821 1.00071 5.30274)
(7.89278 0.994933 5.5)
(7.88462 0.79506 5.0943)
(7.88505 0.6 5.09471)
(7.88818 0.389616 5.5)
(7.88382 0.397523 5.30387)
(7.87685 1.2 4.88454)
(7.8818 1.00355 5.09371)
(7.88058 1.2 5.09381)
(8.09708 1.00099 5.30342)
(8.09796 0.995397 5.5)
(8.09557 1.2 5.09564)
(8.09588 1.00374 5.09483)
(8.09696 1.2 5.3061)
(8.09956 1.2 5.49956)
(7.5 1.2 4.46625)
(7.43557 1.00392 4.46773)
(7.4415 0.406589 4.4669)
(7.44954 0.793671 4.46702)
(7.45275 0.6 4.4666)
(7.0068 0.773785 4.67899)
(7.00796 0.585827 4.67917)
(6.76535 0.559718 4.6883)
(6.77236 0.749644 4.68401)
(6.58463 0.740215 4.87695)
(6.58496 0.552457 4.87744)
(6.93926 2.38581e-06 4.66568)
(6.71437 2.48494e-06 4.7059)
(6.73636 0.177138 4.69544)
(6.94393 0.180337 4.68931)
(6.98749 0.386672 4.68299)
(6.7554 0.368046 4.69186)
(6.58533 0.359962 4.87799)
(6.58587 0.167427 4.87881)
(6.59635 -2.99728e-16 4.89451)
(7.01135 0.781433 4.46903)
(7.01268 0.592982 4.46862)
(6.99732 0.397196 4.47104)
(7.23675 0.786856 4.67608)
(7.3 0.6 4.675)
(7.22769 0.403622 4.67679)
(7.89777 1.2 5.49777)
(7.88709 1.2 5.30498)
(7.01632 0.745126 5.5)
(7 -4.44089e-16 5.5)
(7.44541 0.400667 5.09445)
(7.45729 1.2 5.1)
(6.98896 0.754829 5.10666)
(7.00523 -3.11817e-16 5.09136)
(7.01589 1.12264 5.5)
(7.01582 0.367965 5.5)
(7.47211 0.789476 5.5)
(7.43812 0.000327831 5.49641)
(6.98612 0.371338 5.10733)
(6.99482 1.14453 5.10495)
(7.45526 0.792 5.09354)
(7.46508 0.387947 5.5)
(7.3 3.62594e-16 5.04788)
(7.49419 1.2 5.49419)
(6.76705 0.174001 4.89022)
(7.29976 0.599573 5.30125)
(7.24029 0.182302 5.30965)
(7.66881 0.6 4.88463)
(7.64758 0.18526 5.3063)
(7.67985 0.6 5.30402)
(7.22783 0.978552 5.30983)
(7.65947 1.00391 4.88399)
(7.67711 0.999481 5.30176)
(6.95144 -3.00107e-16 4.90057)
(6.91708 0.744697 5.37563)
(7.01632 0.933884 5.5)
(7.01587 0.556463 5.5)
(7.24395 0.777267 5.5)
(6.90799 -3.28327e-16 5.36199)
(7.01519 0.179598 5.5)
(7.3 6.66134e-16 5.5)
(7.65719 8.41171e-17 5.5)
(7.68533 0.793931 5.5)
(6.74864 0.360001 5.12296)
(7.23217 0.395726 5.09674)
(7.44686 0.405796 4.88485)
(7.45861 0.6 5.09333)
(7.45601 0.395578 5.30331)
(7.385 0.18595 5.09509)
(7.66198 0.402087 5.09473)
(7.3 1.2 5.14776)
(7.5 1.2 4.88375)
(7.44678 1.00001 5.08966)
(7.46045 1.2 5.29928)
(7.6626 1.2 5.09082)
(6.99405 0.381148 4.89089)
(6.99251 0.568214 5.10522)
(6.98762 0.945481 5.10749)
(7.23385 0.784227 5.09627)
(7.45197 0.792863 4.88445)
(6.98372 0.177295 5.1087)
(6.74424 -3.13287e-16 5.11636)
(7.3 3.65518e-16 5.09563)
(6.91732 1.12388 5.37599)
(7.3 1.2 5.48652)
(6.91663 0.365834 5.37494)
(7.24185 0.383363 5.5)
(7.46293 0.790286 5.30284)
(7.49419 0.6 5.49419)
(7.47213 0.988508 5.5)
(7.4531 0.181401 5.5)
(7.4176 3.6646e-16 5.30784)
(7.67122 0.7944 5.09368)
(7.58861 3.65918e-16 5.10227)
(7.67808 0.389226 5.5)
(7.69598 1.2 5.49598)
(6.77998 0.364484 4.8853)
(7.3 0.6 5.0925)
(7.45562 0.6 4.88408)
(7.23503 0.988895 5.09614)
(7.43847 1.00309 4.88367)
(6.74846 0.167398 5.12268)
(6.96798 0.180219 4.89714)
(6.91693 0.555271 5.37539)
(6.91552 0.174666 5.37328)
(6.91713 0.933875 5.3757)
(7.24237 0.184329 5.09755)
(7.22777 0.388044 5.30999)
(7.46695 0.6 5.30253)
(7.22837 0.77793 5.30981)
(7.43344 0.184585 5.30506)
(7.66413 0.407577 4.88496)
(7.67248 0.6 5.0942)
(7.66711 0.794764 4.88459)
(7.61664 0.187167 5.09766)
(7.67127 0.397163 5.30317)
(7.67908 0.793892 5.30245)
(7.29976 1.19924 5.30125)
(7.46023 0.995211 5.30147)
(7.65603 1.2 4.88368)
(7.66562 1.00281 5.09195)
(7.67583 1.2 5.30283)
(7.24278 0.1806 5.5)
(7.3 3.79833e-16 5.30125)
(6.74597 -2.99999e-16 4.90022)
(7.66754 0.181826 5.5)
(7.69598 0.6 5.49598)
(7.3 0.6 5.48652)
(7.63057 3.58979e-16 5.31295)
(7.24402 0.974167 5.5)
(7.68534 0.99337 5.5)
(6.78445 0.556832 4.88359)
(7.3 0.6 4.88375)
(7.00582 0.767029 4.888)
(6.74991 0.759618 5.12487)
(6.78613 0.747049 4.88239)
(7.0079 0.580414 4.88773)
(6.74877 0.552533 5.12316)
(7.23641 0.785405 4.88525)
(7.23216 0.402388 4.8859)
(7.3 0.6 4.46625)
(7.23037 0.406119 4.46759)
(7.23715 0.788232 4.46712)
(6.83369 0.553457 5.25054)
(6.83374 0.933597 5.25061)
(6.75123 1.12265 5.12684)
(6.76573 0.933307 5.14859)
(6.83353 0.361205 5.25029)
(6.83376 0.743964 5.25064)
(6.83369 1.12303 5.25054)
(8.75108 0.6 4.67575)
(7.87463 1.2 4.46739)
(7.65354 1.2 4.46748)
(7.65625 1.00432 4.46761)
(7.87594 1.00448 4.46725)
(8.75097 0.795439 4.67578)
(8.09685 0.795418 4.67583)
(8.09712 0.6 4.67578)
(8.27839 3.40006e-16 4.67932)
(8.30712 0.401105 4.67653)
(8.53006 0.40711 4.67613)
(8.53198 0.6 4.67575)
(8.5318 0.79544 4.67583)
(8.09311 0.407097 4.67608)
(8.09499 1.00448 4.67577)
(8.09499 1.00452 4.46681)
(8.53156 1.0045 4.67584)
(8.7509 1.00451 4.67575)
(8.53268 1.00454 4.4667)
(8.31383 0.795434 4.67585)
(8.31393 0.6 4.67575)
(8.09441 1.2 4.46668)
(8.3137 1.2 4.46661)
(8.31381 1.00453 4.46669)
(8.31311 1.0045 4.67583)
(8.53277 1.2 4.46668)
(8.74204 1.2 5.09539)
(8.52412 1.2 5.09605)
(8.51459 1.2 5.30787)
(8.72772 1.2 5.30717)
(8.0946 1.2 4.88448)
(8.74837 1.2 4.88535)
(8.52922 1.2 4.88512)
(8.30932 1.2 5.09601)
(8.30522 1.2 5.30747)
(8.3 1.2 5.5)
(8.5 1.2 5.5)
(8.7 1.2 5.5)
(8.09438 1.2 4.67558)
(8.31302 1.2 4.67569)
(8.53171 1.2 4.67574)
(8.75098 1.2 4.67561)
(8.31174 1.2 4.88532)
(8.7525 8.41171e-17 5.5)
(8.71948 0.79607 5.5)
(8.30856 0.402357 5.09633)
(8.31437 8.41171e-17 5.5)
(8.72841 0.389819 5.5)
(8.74245 0.795315 5.09501)
(8.302 0.796061 5.5)
(8.30979 0.795303 5.09531)
(8.2973 3.63208e-16 5.05762)
(8.30587 0.389792 5.5)
(8.52619 0.185517 5.30814)
(8.0973 0.6 4.88513)
(8.0885 0.185474 5.30785)
(8.51472 0.6 5.30753)
(8.52957 0.6 4.88526)
(8.09776 0.6 5.30707)
(8.0952 1.00434 4.88493)
(8.51447 1.00119 5.30411)
(8.52905 1.00437 4.88534)
(8.75024 3.54751e-16 5.31583)
(8.53344 8.41171e-17 5.5)
(8.74356 0.182094 5.5)
(8.09531 8.41171e-17 5.5)
(8.7 0.6 5.5)
(8.71948 0.995608 5.5)
(8.72985 0.795363 5.30381)
(8.50748 0.796091 5.5)
(8.74838 0.795403 4.88523)
(8.09796 0.795928 5.5)
(8.31095 0.407161 4.88583)
(8.31006 0.6 5.09595)
(8.52475 0.402484 5.09639)
(8.30185 0.186833 5.10052)
(8.30662 0.397661 5.30476)
(8.09356 0.402471 5.09602)
(8.30927 1.00379 5.09528)
(8.52557 3.66189e-16 5.10676)
(8.3071 3.54968e-16 5.31571)
(8.31061 0.182117 5.5)
(8.73484 0.397628 5.30458)
(8.51518 0.389802 5.5)
(8.31247 0.795394 4.88544)
(8.09712 0.795258 5.09496)
(8.07216 3.66189e-16 5.10617)
(8.09737 0.389746 5.5)
(8.52409 0.795312 5.09532)
(8.74214 0.6 5.09562)
(8.7424 1.00381 5.09493)
(8.30525 0.795321 5.30406)
(8.3 0.6 5.5)
(8.302 0.995527 5.5)
(8.74569 0.185467 5.30804)
(8.52505 0.187435 5.10103)
(8.30739 0.185444 5.30799)
(8.51874 0.397673 5.30478)
(8.31269 0.6 4.88548)
(8.09519 0.407884 4.88556)
(8.09733 0.6 5.09558)
(8.09696 0.795357 4.8852)
(8.52886 0.407903 4.88573)
(8.07849 0.187413 5.10047)
(8.09551 0.397653 5.30449)
(8.52427 0.6 5.09599)
(8.30575 0.6 5.30758)
(8.51459 0.795326 5.30407)
(8.72799 0.6 5.30721)
(8.52929 0.795402 4.88538)
(8.7484 0.6 4.88515)
(8.09755 0.795283 5.30375)
(8.31177 1.00437 4.88535)
(8.52394 1.00381 5.09533)
(8.30498 1.00114 5.30398)
(8.72975 1.00117 5.30376)
(8.74833 1.00438 4.88529)
(8.52973 3.54534e-16 5.316)
(8.52576 0.182122 5.5)
(8.08363 3.55076e-16 5.31563)
(8.5 0.6 5.5)
(8.09956 0.6 5.49956)
(8.09626 0.182076 5.5)
(8.50748 0.995564 5.5)
(7.87471 0.407183 4.46678)
(7.88061 0.6 4.46659)
(7.87992 0.795356 4.46679)
(7.66579 0.6 4.46651)
(7.66076 0.40852 4.46671)
(7.66406 0.795038 4.46688)
(8.09704 0.6 4.46648)
(8.53303 0.6 4.46614)
(8.31159 0.40721 4.46671)
(8.31454 0.795447 4.46655)
(8.31467 0.6 4.46629)
(8.09443 0.408669 4.46672)
(8.09682 0.79543 4.46667)
(8.5316 0.408675 4.46658)
(8.53294 0.795452 4.46649)
(6.32265 0.17164 4.48416)
(6.2244 4.26148e-06 4.33585)
(6.23082 0.366622 4.3464)
(6.24179 0.688948 4.36252)
(6.23173 0.550363 4.34748)
(6.23036 0.172585 4.34638)
(6.32207 0.36402 4.48319)
(6.33628 5.9462e-07 4.50435)
(6.32153 0.553447 4.48233)
(6.38419 0.75148 4.57633)
(6.41025 0.554406 4.61538)
(6.31498 0.68934 4.47249)
(6.99388 1.85027 4.68107)
(7.00469 2.23143 4.67858)
(6.4875 2.07983 4.73125)
(6.49529 2.25583 4.74293)
(6.76307 2.26505 4.68321)
(6.76268 2.45408 4.68359)
(7.00971 2.41804 4.67794)
(7.23631 2.21423 4.67588)
(7.45022 2.20689 4.67543)
(7.43836 1.99623 4.67641)
(7.47769 1.8 4.67769)
(7.3 2.4 4.675)
(7.00142 2.61605 4.68067)
(6.76239 2.6308 4.68849)
(6.48546 2.46865 4.72819)
(6.47159 2.64773 4.70739)
(7 3 4.675)
(7.00013 2.81116 4.67981)
(6.7452 2.83013 4.68601)
(7.43563 1.99613 4.46757)
(7.5 1.8 4.46625)
(7.88051 2.20468 4.67554)
(7.87991 2.20464 4.46654)
(7.87622 1.99552 4.46701)
(7.87673 1.99557 4.67571)
(7.65769 1.99576 4.67604)
(7.66495 2.2051 4.67542)
(7.65653 1.99567 4.46735)
(7.21921 3 4.67787)
(7.22183 2.81232 4.67877)
(7.88113 2.4 4.67535)
(7.88042 2.4 4.46632)
(7.66656 2.4 4.67515)
(7.87635 3 4.67995)
(7.88066 2.59895 4.67639)
(7.66621 2.59295 4.67574)
(7.4502 2.5975 4.67619)
(7.44119 2.81262 4.67896)
(7.48514 3 4.67915)
(7.88074 2.59291 4.46665)
(7.87506 1.8 4.46708)
(7.65423 1.8 4.46732)
(7.23338 2.60113 4.67693)
(7.45322 2.4 4.67495)
(6.75025 1.88008 5.12538)
(6.9934 1.85752 5.10362)
(6.9152 1.87815 5.3728)
(6.98625 1.67989 5.10591)
(7 1.5 5.5)
(7.22441 1.50113 5.5)
(7.21375 1.50086 5.31232)
(6.91509 1.50084 5.37263)
(6.91511 1.68937 5.37266)
(7.45737 1.50058 5.5)
(7.45142 1.50046 5.30273)
(6.76501 1.68987 5.14751)
(8.73195 1.5 5.5)
(8.7362 1.50001 5.30227)
(8.74401 1.50004 5.09435)
(8.75091 1.49997 4.67581)
(8.75188 1.50005 4.46669)
(8.74871 1.49997 4.88515)
(8.75093 1.63114 4.67577)
(8.75198 1.63112 4.46662)
(8.75219 1.8 4.46643)
(8.09546 1.8 4.4668)
(8.31378 1.8 4.46678)
(7.65526 1.8 4.67663)
(8.31356 1.63111 4.46679)
(8.53275 1.8 4.46671)
(8.53258 1.6311 4.46675)
(7.87481 1.63113 4.46721)
(7.65404 1.63127 4.46767)
(7.65531 1.63127 4.67622)
(7.87535 1.63121 4.67581)
(7.87532 1.5001 4.67593)
(7.65553 1.50013 4.67617)
(8.30512 1.50001 5.5)
(8.09695 1.50002 5.5)
(8.09642 1.50001 5.30211)
(8.30639 1.5 5.30239)
(8.30936 1.49997 5.09448)
(8.09527 1.49994 5.09407)
(7.8805 1.50007 5.09326)
(7.87695 1.50007 4.88454)
(8.09449 1.50002 4.88491)
(8.09422 1.49994 4.67589)
(8.09425 1.63115 4.67585)
(8.31266 1.50004 4.67589)
(8.31148 1.50005 4.88526)
(8.31269 1.63116 4.67571)
(8.51523 1.5 5.5)
(8.51828 1.5 5.30245)
(8.52474 1.5 5.09459)
(8.52906 1.49998 4.88533)
(8.53133 1.50004 4.67592)
(8.53139 1.63116 4.67588)
(8.09466 1.63112 4.46693)
(7.43493 1.63149 4.67669)
(7.5 1.8 4.88375)
(7.45729 1.8 5.1)
(7.3 1.8 5.14776)
(7.46022 1.8 5.29914)
(7.29976 1.80076 5.30125)
(7.00475 1.8775 5.49963)
(7.3 1.8 5.48652)
(7.49419 1.8 5.49419)
(7.65573 1.8 4.8833)
(7.6629 1.8 5.0899)
(7.67553 1.8 5.30199)
(7.69598 1.8 5.49598)
(7.68046 1.65056 5.5)
(7.67374 1.63941 5.30142)
(7.66347 1.63311 5.09133)
(7.657 1.6316 4.88373)
(7.67203 1.5002 5.30142)
(7.6761 1.50023 5.5)
(7.88799 1.50008 5.5)
(7.8857 1.50007 5.30171)
(7.66363 1.50015 5.09234)
(7.65783 1.50006 4.88409)
(8.71948 2.20393 5.5)
(8.72985 2.2047 5.30384)
(8.72983 1.99878 5.30386)
(8.71948 2.00439 5.5)
(8.74246 2.20469 5.09504)
(8.74844 2.2046 4.88524)
(8.74844 1.99562 4.8853)
(8.74246 1.99618 5.0951)
(8.751 2.20456 4.6757)
(8.75094 1.9955 4.67575)
(8.74852 2.4 4.88523)
(8.75113 2.4 4.67561)
(8.752 2.20454 4.46651)
(8.75202 1.99545 4.46658)
(8.752 2.4 4.46635)
(8.7 2.4 5.5)
(8.72794 2.4 5.3072)
(8.74211 2.4 5.09566)
(8.74311 1.63266 5.09499)
(8.74857 1.6314 4.88527)
(8.72437 1.64983 5.5)
(8.73251 1.63885 5.30386)
(8.75107 1.8 4.67568)
(8.74855 1.8 4.88527)
(8.7422 1.8 5.0958)
(8.7 1.8 5.5)
(8.72802 1.8 5.30733)
(8.3139 1.99546 4.46673)
(8.53272 1.99546 4.4667)
(8.30975 2.20469 5.09533)
(8.30931 1.99621 5.09505)
(8.31198 1.99562 4.88556)
(8.31248 2.2046 4.88545)
(8.30525 2.20463 5.30406)
(8.30499 1.9989 5.30412)
(8.30199 2.20394 5.5)
(8.30199 2.00447 5.5)
(7.87804 1.99577 4.88456)
(7.88161 1.99646 5.09338)
(7.66557 1.99721 5.09147)
(7.65926 1.99611 4.88376)
(7.88815 1.99928 5.30268)
(7.89268 2.00507 5.5)
(7.68504 2.00663 5.5)
(7.67685 2.0005 5.30145)
(8.09496 1.99551 4.67581)
(8.09538 1.99548 4.46682)
(8.09587 1.99626 5.09465)
(8.09509 1.99566 4.88494)
(8.09793 2.0046 5.5)
(8.09704 1.999 5.30359)
(8.31302 1.99549 4.67569)
(8.53151 1.99549 4.67587)
(8.52908 1.99563 4.88569)
(8.52928 2.2046 4.88549)
(8.50748 2.20391 5.5)
(8.51459 2.20465 5.30409)
(8.52405 2.20468 5.09537)
(8.31422 2.5989 4.6766)
(8.31293 2.59285 4.88588)
(8.31271 2.4 4.88541)
(8.31404 2.4 4.67566)
(8.31465 2.4 4.46646)
(8.31457 2.20455 4.4666)
(8.3144 3 4.67985)
(8.31482 2.59279 4.4668)
(8.31441 3 5.05808)
(8.31329 2.81317 5.10098)
(8.31089 2.59764 5.09648)
(8.30579 2.61021 5.5)
(8.30768 2.60233 5.3048)
(8.31204 2.81456 5.30822)
(8.31052 2.81788 5.5)
(8.3 2.4 5.5)
(8.30579 2.4 5.30749)
(8.31386 2.20456 4.6758)
(8.30999 2.4 5.09606)
(8.3144 3 5.31603)
(8.31437 3 5.5)
(7.89268 2.20455 5.5)
(7.8845 2.20495 5.09427)
(7.88352 2.59779 5.09601)
(7.88739 2.61041 5.5)
(7.87647 3 5.05946)
(7.87625 3 5.5)
(7 3 5.5)
(7.00475 2.255 5.49963)
(7.45273 2.60022 5.09638)
(6.98749 2.24957 5.10446)
(7 3 5.0925)
(7.00475 2.6325 5.49963)
(7.43812 3 5.5)
(7.47129 2.21053 5.5)
(6.98678 2.63534 5.10684)
(7.45497 2.20823 5.0932)
(7.46137 3 5.08876)
(7.46008 2.6122 5.5)
(6.7439 2.82926 4.89613)
(7.22666 2.02188 5.30922)
(7.22134 2.81323 4.89155)
(7.21415 2.82065 5.33024)
(7.29976 2.40043 5.30125)
(7.66811 2.4 4.88445)
(7.66234 2.81482 5.31069)
(7.67982 2.4 5.30396)
(8.09706 2.4 4.46642)
(8.09709 2.4 4.88524)
(8.09587 2.81453 5.30851)
(8.09783 2.4 5.30694)
(7.88925 2.20511 5.30307)
(7.89777 2.4 5.49777)
(7.68504 2.20607 5.5)
(8.09793 2.20407 5.5)
(7.88492 2.4 5.09491)
(7.8818 2.20477 4.8848)
(7.67106 2.20565 5.09346)
(8.09706 2.20474 5.09497)
(7.88606 2.60251 5.30425)
(7.88232 2.59303 4.88546)
(7.87844 2.81323 5.10207)
(7.66939 2.59815 5.09591)
(8.09707 2.59755 5.09633)
(7.88095 2.81804 5.5)
(7.67596 2.61085 5.5)
(8.09711 2.61026 5.5)
(8.09681 2.20458 4.67571)
(8.09725 2.59291 4.67605)
(7.87646 3 5.31746)
(7.65777 3 5.11122)
(8.09541 3 5.10754)
(7.65719 3 5.5)
(8.09531 3 5.5)
(7 3 4.88375)
(6.99914 2.99915 5.48115)
(7 2.82125 5.5)
(7.21906 3 5.5)
(6.91524 2.25814 5.37287)
(7.00475 2.44375 5.49963)
(7.00475 2.06625 5.49963)
(7.24172 2.22277 5.5)
(6.56755 2.7117 4.85133)
(6.74572 2.64987 5.11859)
(7.44657 2.00012 5.08944)
(7.23014 2.60635 5.09896)
(7.45114 2.59814 4.88597)
(7.45855 2.4 5.09288)
(7.44162 2.81333 5.10569)
(7.45607 2.60487 5.30519)
(7.00093 2.62393 4.88809)
(6.9862 2.05712 5.10552)
(6.99154 2.43745 5.10337)
(7.23335 2.21668 5.09575)
(6.58051 2.2802 4.87077)
(7.45153 2.2074 4.88413)
(6.98812 2.82386 5.11058)
(6.86268 2.90845 5.10416)
(7.22073 3 5.11201)
(7.4354 3 4.8928)
(6.91852 2.64361 5.37778)
(7.23251 2.61687 5.5)
(7.43978 3 5.32879)
(7.44431 2.81877 5.5)
(7.46234 2.2099 5.3027)
(7.4713 2.0115 5.5)
(7.49419 2.4 5.49419)
(6.77714 2.65048 4.8789)
(6.57778 2.47939 4.86667)
(7.23453 2.01169 5.09565)
(7.43833 1.99698 4.88354)
(7.23296 2.60293 4.88673)
(7.3 2.4 5.0925)
(7.45491 2.4 4.88372)
(6.91519 2.06775 5.37278)
(6.73446 2.82297 5.10169)
(6.60478 2.73652 4.90717)
(6.99825 2.81332 4.89085)
(6.93079 2.84043 5.39618)
(6.91581 2.45014 5.37372)
(7.45968 2.00481 5.30126)
(7.22726 2.22271 5.30923)
(7.66673 2.20529 4.88438)
(7.67887 2.20616 5.30234)
(7.21919 2.81603 5.10923)
(7.4414 2.81239 4.89164)
(7.22239 2.61431 5.31335)
(7.44252 2.81579 5.31516)
(7.46647 2.4 5.3025)
(7.66757 2.59308 4.88529)
(7.67247 2.4 5.09397)
(7.88243 2.4 4.88479)
(7.6607 2.81274 5.10419)
(7.67352 2.60295 5.30406)
(7.87954 2.81466 5.30898)
(7.8893 2.4 5.30565)
(8.09687 2.20456 4.46658)
(8.09736 2.59135 4.46666)
(8.09704 2.4 4.67555)
(8.09684 2.20463 4.8852)
(8.09754 2.20472 5.30373)
(8.09728 2.59214 4.88568)
(8.09727 2.4 5.09566)
(8.09584 2.81259 5.10169)
(8.0971 2.60235 5.30462)
(7.2243 3 5.3557)
(7.21544 2.81947 5.5)
(7.24178 2.02588 5.5)
(7.65777 3 5.32068)
(7.2196 3 4.89122)
(7.3 2.4 5.48652)
(7.69598 2.4 5.49598)
(7.66449 2.81828 5.5)
(8.09538 3 5.3166)
(8.09596 2.81793 5.5)
(8.09956 2.4 5.49956)
(6.78055 2.46081 4.87743)
(7.3 2.4 4.88375)
(7.00435 2.23872 4.88624)
(6.74788 2.24781 5.12182)
(6.7821 2.26704 4.87834)
(7.00821 2.42482 4.88583)
(6.74599 2.45855 5.11898)
(7.23597 2.21577 4.88483)
(8.5295 2.4 4.88547)
(8.53302 2.4 4.46644)
(8.52875 2.8145 5.30822)
(8.51471 2.4 5.30755)
(8.53182 2.20456 4.67583)
(8.53344 3 5.5)
(8.52608 2.59751 5.09647)
(8.53208 2.59289 4.67616)
(8.53345 3 5.10692)
(8.51516 2.6102 5.5)
(8.53202 2.4 4.67572)
(8.52982 2.5921 4.88583)
(8.52422 2.4 5.09604)
(8.53295 2.20455 4.46659)
(8.53309 2.59132 4.46671)
(8.5312 2.81257 5.1012)
(8.51936 2.60231 5.30481)
(8.53344 3 5.31609)
(8.52574 2.81788 5.5)
(8.5 2.4 5.5)
(8.31262 1.8 4.67512)
(8.31173 1.63141 4.88552)
(8.30932 1.63265 5.09492)
(8.3 1.8 5.5)
(8.3053 1.8 5.30806)
(8.30581 1.63885 5.30416)
(7.87547 1.8 4.67551)
(8.30938 1.8 5.09519)
(8.31244 1.8 4.88599)
(8.09419 1.8 4.67587)
(8.30366 1.64982 5.5)
(7.89777 1.8 5.49777)
(7.88015 1.8 5.09316)
(8.09659 1.63887 5.30359)
(8.09444 1.63142 4.88488)
(7.88724 1.8 5.30499)
(7.89016 1.65 5.5)
(8.09956 1.8 5.49956)
(7.87657 1.8 4.88468)
(7.8804 1.63275 5.09323)
(8.09567 1.8 5.09527)
(7.88644 1.63898 5.30265)
(7.87675 1.63146 4.88451)
(8.09429 1.8 4.8845)
(8.09536 1.63266 5.09451)
(8.09685 1.8 5.30678)
(8.09747 1.64985 5.5)
(8.52908 1.6314 4.88565)
(8.51448 1.99884 5.30418)
(8.51646 1.63884 5.30421)
(8.52387 1.8 5.09592)
(8.53153 1.8 4.67571)
(8.5 1.8 5.5)
(8.52924 1.8 4.88607)
(8.52387 1.99619 5.09534)
(8.5243 1.63265 5.09522)
(8.51459 1.8 5.30803)
(8.51118 1.64981 5.5)
(8.50748 2.00444 5.5)
(6.82187 2.88125 5.23281)
(6.76439 2.0704 5.14658)
(6.85771 2.90514 5.28657)
(7.22424 1.65176 5.30925)
(7.00475 1.68875 5.49963)
(7.44367 1.63478 5.08945)
(7.465 1.65262 5.5)
(7.23209 1.6428 5.09617)
(7.43507 1.6321 4.88357)
(7.45544 1.64148 5.30144)
(7.23569 1.6601 5.5)
(8.53246 1.49999 4.46679)
(8.31339 1.5 4.46684)
(7.87464 1.50002 4.46735)
(7.6542 1.50023 4.46785)
(7.43198 1.63151 4.46798)
(8.09429 1.50004 4.467)
(6.74733 2.83155 4.47498)
(6.30469 2.53641 4.45704)
(7.22207 2.81192 4.4682)
(7.66576 2.4 4.46614)
(7 3 4.46625)
(6.48893 2.65928 4.49229)
(7.44985 2.59707 4.46677)
(7.00409 2.61119 4.47152)
(6.52163 2.28262 4.4811)
(7.44952 2.20652 4.46661)
(7.43488 3 4.46795)
(6.31484 2.29328 4.47221)
(6.76855 2.62036 4.47994)
(6.51888 2.47748 4.48056)
(7.00125 2.8107 4.46987)
(6.34193 2.56129 4.51286)
(7.66408 2.20499 4.46651)
(7.23378 2.60013 4.46761)
(7.45272 2.4 4.46603)
(7.44108 2.81188 4.46808)
(7.66561 2.59202 4.46646)
(7.21907 3 4.46731)
(7.3 2.4 4.46625)
(7.01104 2.22155 4.46923)
(7.01508 2.40968 4.46845)
(7.23699 2.21254 4.46707)
(6.31769 2.08777 4.47648)
(6.52887 2.08522 4.48026)
(11.382 1.5 -0.334644)
(11.3819 1.85656 -0.334892)
(11.3824 2.24331 -0.335166)
(11.8205 2.2543 -0.335027)
(12.2596 2.25808 -0.335002)
(12.2605 1.5 -0.334941)
(11.82 2.63685 -0.335021)
(12.2589 2.63823 -0.335005)
(12.2583 3 -0.335)
(11.8196 3 -0.335)
(11.3819 2.63315 -0.335125)
(11.3813 3 -0.335)
(12.26 1.5 -1.16885)
(12.2591 0.741917 -0.335003)
(12.2579 2.05117e-17 -0.335)
(12.2584 0.361768 -0.335005)
(11.8197 0.7457 -0.335032)
(11.3815 0.756688 -0.335181)
(11.3816 1.14345 -0.334899)
(11.8187 2.05126e-17 -0.335)
(11.8191 0.36315 -0.335023)
(11.3803 0.366851 -0.335134)
(11.3795 2.0513e-17 -0.335)
(12.2594 2.25839 -0.752344)
(12.2594 2.25808 -1.16961)
(12.2588 2.63826 -0.752457)
(12.2588 2.63823 -1.1699)
(12.2583 3 -1.17)
(12.2583 3 -0.7525)
(14 1.5 -1.17)
(13.5811 1.5 -1.16999)
(13.5811 1.5 -0.752495)
(14 1.5 -0.7525)
(13.1414 1.5 -1.16986)
(13.142 1.5 -0.752468)
(13.1415 1.5 -0.334998)
(13.1417 1.87933 -0.335004)
(13.1417 1.87933 -0.752488)
(13.1401 2.25907 -0.335005)
(13.1401 2.25908 -0.752487)
(12.6993 2.25967 -0.335006)
(13.5804 2.25824 -0.752499)
(13.581 1.87902 -0.752499)
(14 1.87882 -0.7525)
(14 2.25846 -0.7525)
(13.5804 2.25824 -0.335002)
(14 2.25846 -0.335)
(13.1391 2.63826 -0.335002)
(13.5789 2.6364 -0.335001)
(14 3 -0.335)
(14 2.83145 -0.335)
(13.7991 2.82506 -0.335)
(13.807 3 -0.335)
(13.7952 2.63841 -0.335)
(14 2.59945 -0.335)
(13.139 3 -0.335)
(13.5359 3 -0.335)
(13.5816 2.82295 -0.335)
(12.6985 2.63866 -0.335003)
(12.6978 3 -0.335)
(12.2579 -3.06152e-17 0.5)
(11.8187 -3.0616e-17 0.5)
(11.8191 0.363149 0.499721)
(12.2584 0.361767 0.499867)
(12.261 1.5 0.498873)
(12.2593 0.741916 0.499542)
(11.8198 0.745697 0.499128)
(11.3814 0.756675 0.498025)
(11.3827 1.14344 0.495946)
(11.3833 1.5 0.495853)
(11.3795 -3.0616e-17 0.5)
(11.3801 0.366845 0.499438)
(12.2584 0.361741 0.0824481)
(12.2579 -5.04832e-18 0.0825)
(12.2591 0.741613 0.0823316)
(11.3832 1.5 0.0804199)
(11.383 1.85656 0.495952)
(11.3823 2.24333 0.498037)
(11.8206 2.2543 0.499133)
(12.2597 2.25808 0.499544)
(11.8206 2.25435 0.0822038)
(12.2595 2.25839 0.0823334)
(11.3825 2.24333 0.0820658)
(11.82 2.63686 0.0824255)
(12.2589 2.63826 0.0824489)
(11.8196 3 0.0825)
(12.2583 3 0.0825)
(11.3817 2.63316 0.0825482)
(11.3813 3 0.0825)
(12.6983 0.361344 0.499947)
(12.6977 -3.06287e-17 0.5)
(14 -3.06169e-17 0.5)
(13.807 -3.05745e-17 0.5)
(13.7991 0.174942 0.5)
(14 0.168548 0.5)
(13.1416 1.5 0.499816)
(13.1417 1.12067 0.499932)
(13.14 0.740927 0.499943)
(12.6991 0.740334 0.499835)
(14 1.5 0.5)
(14 1.12118 0.5)
(13.581 1.12098 0.499983)
(13.5811 1.5 0.49997)
(13.1389 -3.06287e-17 0.5)
(13.139 0.361737 0.499981)
(13.5789 0.363605 0.499994)
(13.5816 0.177051 0.499999)
(13.5359 -3.05745e-17 0.5)
(14 0.741541 0.5)
(14 0.400553 0.5)
(13.7952 0.361589 0.499999)
(13.5804 0.741757 0.499987)
(12.6993 2.25967 0.499836)
(13.1401 2.25907 0.499943)
(13.1417 1.87933 0.499932)
(13.1391 2.63826 0.499981)
(13.5789 2.6364 0.499994)
(13.5804 2.25824 0.499987)
(13.1391 2.63826 0.917474)
(13.5789 2.6364 0.917492)
(13.579 2.63611 0.708747)
(13.5804 2.25824 0.917484)
(12.2589 2.63823 0.499868)
(12.6985 2.63866 0.499947)
(13.5359 3 0.9175)
(13.5816 2.82295 0.917499)
(13.139 3 0.9175)
(13.139 3 0.5)
(14 2.59945 0.9175)
(14 2.25846 0.9175)
(13.7952 2.63841 0.917499)
(14 2.25846 0.5)
(13.581 1.87902 0.499983)
(14 1.87882 0.5)
(12.2583 3 0.5)
(12.6978 3 0.5)
(13.7991 2.82506 0.9175)
(14 3 0.9175)
(14 2.83145 0.9175)
(13.807 3 0.9175)
(12.2579 -5.6182e-17 0.9175)
(12.2584 0.36174 0.917293)
(12.2592 0.741612 0.916878)
(12.2596 2.25839 0.916879)
(12.2589 2.63826 0.917294)
(12.2583 3 0.9175)
(13.5789 0.363613 3.42264)
(13.5816 0.177053 3.42255)
(13.5359 -2.09576e-16 3.42253)
(14 0.400555 3.42253)
(13.7952 0.361593 3.42255)
(13.7991 0.174943 3.42252)
(14 -2.09568e-16 3.4225)
(13.807 -2.09576e-16 3.42251)
(14 0.168548 3.42251)
(13.7991 0.174948 3.63129)
(14 -2.2235e-16 3.63125)
(13.5789 0.363899 3.63141)
(13.5874 -2.2237e-16 3.63129)
(14 0.356486 3.63129)
(13.5819 0.177692 3.63133)
(13.7946 0.36139 3.63133)
(14 0.168411 3.63126)
(13.8072 -2.2237e-16 3.63126)
(13.1421 1.5 2.58764)
(13.1419 1.5 2.17001)
(14 1.5 2.17)
(13.5811 1.5 2.17001)
(13.5811 1.5 2.58756)
(14 1.5 2.58751)
(13.1421 1.5 1.75243)
(13.1417 1.5 1.33471)
(14 1.5 1.7525)
(13.5811 1.5 1.75249)
(12.6983 0.361337 0.917424)
(12.6977 -5.61888e-17 0.9175)
(13.1417 1.12067 1.33491)
(13.14 0.740927 1.33492)
(12.6991 0.740334 1.33475)
(12.6991 0.740291 0.917274)
(13.14 0.740922 0.917426)
(13.5359 -1.07336e-16 1.7525)
(13.1389 -1.07336e-16 1.7525)
(13.139 0.361736 1.75249)
(13.5789 0.363604 1.7525)
(13.5816 0.177051 1.7525)
(13.1418 1.12067 1.75246)
(13.14 0.740922 1.75246)
(14 1.12118 1.7525)
(13.581 1.12098 1.75249)
(13.139 0.361737 1.33497)
(13.139 0.361736 0.917474)
(13.1389 -8.17488e-17 1.335)
(13.1389 -5.61617e-17 0.9175)
(13.5804 0.741756 1.75249)
(14 0.400553 1.7525)
(13.7952 0.361589 1.7525)
(14 0.741541 1.7525)
(13.7991 0.174942 1.7525)
(14 -1.07309e-16 1.7525)
(13.807 -1.07336e-16 1.7525)
(14 0.168548 1.7525)
(13.14 0.740928 2.17002)
(13.5804 0.741757 2.17001)
(14 0.741541 2.17)
(13.14 0.740925 2.5876)
(13.5804 0.741758 2.58754)
(14 0.741541 2.58751)
(13.5359 -1.83989e-16 3.00501)
(13.5789 0.363607 3.00505)
(14 -1.84003e-16 3.005)
(14 0.400553 3.00501)
(13.1389 -1.32869e-16 2.17)
(14 -1.32874e-16 2.17)
(13.5789 0.363605 2.58752)
(13.139 0.361737 2.17001)
(13.5359 -1.32869e-16 2.17)
(13.1389 -1.58456e-16 2.58751)
(14 0.400553 2.17)
(14 -1.58439e-16 2.5875)
(13.5789 0.363605 2.17)
(13.139 0.361737 2.58754)
(14 0.400553 2.5875)
(13.5359 -1.58456e-16 2.5875)
(12.6983 0.361337 1.75245)
(12.6983 0.361338 2.58757)
(13.7991 0.174946 1.96125)
(13.7991 0.174946 2.37875)
(13.7991 0.174946 2.79625)
(13.7991 0.174947 3.21376)
(13.581 1.12098 2.58755)
(14 1.12118 2.17)
(13.1418 1.12068 2.17002)
(12.6992 0.740334 2.17)
(13.5816 0.177052 3.00501)
(13.807 -1.83989e-16 3.005)
(13.5874 -1.71196e-16 2.79625)
(13.5874 -1.96783e-16 3.21376)
(13.7952 0.36159 3.00501)
(13.579 0.363888 2.79627)
(13.5789 0.363891 3.2138)
(14 0.168548 3.005)
(14 -1.71221e-16 2.79625)
(14 -1.96786e-16 3.21375)
(14 0.356483 2.79625)
(14 0.356483 3.21376)
(12.6977 -1.32869e-16 2.17)
(13.807 -1.32923e-16 2.17)
(14 0.168548 2.17)
(14 -1.20092e-16 1.96125)
(14 -1.45656e-16 2.37875)
(12.6977 -8.17488e-17 1.335)
(13.579 0.363888 1.96125)
(13.579 0.363888 2.37876)
(13.7952 0.361589 2.5875)
(13.5816 0.177051 2.5875)
(13.5816 0.177051 2.17)
(13.5874 -1.2013e-16 1.96125)
(13.5874 -1.45608e-16 2.37875)
(13.7952 0.361589 2.17)
(14 0.356483 1.96125)
(14 0.356483 2.37875)
(14 0.168548 2.5875)
(13.807 -1.58402e-16 2.5875)
(12.6983 0.361344 1.33492)
(12.6991 0.740291 1.75235)
(12.6983 0.361344 2.17001)
(13.5819 0.177689 1.96125)
(13.581 1.12098 2.17001)
(12.6991 0.740295 2.58767)
(13.5819 0.177689 2.37875)
(13.7946 0.361384 1.96125)
(13.7991 0.174942 2.17)
(13.7946 0.361384 2.37875)
(13.7991 0.174942 2.5875)
(13.7946 0.361384 2.79626)
(13.5819 0.177689 2.79626)
(13.7991 0.174942 3.00501)
(13.7946 0.361385 3.21377)
(13.5819 0.177689 3.21377)
(13.1418 1.12068 2.58762)
(14 0.168412 1.96125)
(13.8072 -1.2013e-16 1.96125)
(12.6977 -1.07309e-16 1.7525)
(14 0.168412 2.37875)
(12.6977 -1.58429e-16 2.58751)
(13.8072 -1.45608e-16 2.37875)
(14 0.168412 2.79625)
(13.8072 -1.71196e-16 2.79625)
(14 0.168412 3.21375)
(13.8072 -1.96783e-16 3.21375)
(14 1.12118 2.58751)
(13.142 1.5 0.917378)
(13.5811 1.5 0.917471)
(14 1.5 0.9175)
(14 1.5 1.335)
(13.5811 1.5 1.33496)
(12.6994 2.25967 2.17001)
(13.1401 2.25907 2.17002)
(13.1418 1.87932 2.17002)
(13.581 1.87902 2.17001)
(14 1.87882 2.17)
(12.6978 3 2.17)
(12.6985 2.63866 2.17001)
(13.1391 2.63826 2.17001)
(13.5789 2.6364 2.17)
(13.5804 2.25824 2.17001)
(14 2.25846 2.17)
(13.7952 2.63841 2.17)
(14 2.59945 2.17)
(14 3 2.17)
(14 2.83145 2.17)
(13.7991 2.82506 2.17)
(13.807 3 2.17)
(13.139 3 2.17)
(13.5359 3 2.17)
(13.5816 2.82295 2.17)
(14 -8.17455e-17 1.335)
(14 0.741541 1.335)
(13.5789 0.363604 0.917492)
(14 -5.61803e-17 0.9175)
(13.5804 0.741757 1.33498)
(14 0.741541 0.9175)
(14 0.400553 1.335)
(13.5359 -8.17488e-17 1.335)
(13.5804 0.741756 0.917484)
(13.5789 0.363605 1.33499)
(14 0.400553 0.9175)
(13.5359 -5.61617e-17 0.9175)
(13.7991 0.174946 0.70875)
(13.581 1.12098 0.91748)
(13.7991 0.174946 1.12625)
(13.7991 0.174946 1.54375)
(14 -4.33986e-17 0.70875)
(14 -9.45272e-17 1.54375)
(14 -6.89637e-17 1.12625)
(14 0.168548 1.335)
(13.807 -8.17488e-17 1.335)
(14 1.12118 1.335)
(13.579 0.363888 1.12625)
(13.7952 0.361589 0.917499)
(13.5816 0.177051 0.917499)
(13.579 0.363888 0.708747)
(13.579 0.363888 1.54375)
(13.5874 -4.33681e-17 0.70875)
(14 0.356483 0.70875)
(14 0.168548 0.9175)
(13.807 -5.61617e-17 0.9175)
(13.7952 0.361589 1.335)
(14 0.356483 1.12625)
(14 0.356483 1.54375)
(13.5816 0.177051 1.335)
(13.5874 -6.89553e-17 1.12625)
(13.5874 -9.45424e-17 1.54375)
(13.5819 0.177689 0.708749)
(13.7946 0.361384 0.708749)
(13.7991 0.174942 0.9175)
(13.1418 1.12067 0.917428)
(13.581 1.12098 1.33498)
(13.7946 0.361384 1.12625)
(13.5819 0.177689 1.12625)
(13.7991 0.174942 1.335)
(13.7946 0.361384 1.54375)
(13.5819 0.177689 1.54375)
(14 0.168412 0.70875)
(14 1.12118 0.9175)
(13.8072 -4.33681e-17 0.70875)
(14 0.168412 1.12625)
(14 0.168412 1.54375)
(13.8072 -6.89553e-17 1.12625)
(13.8072 -9.45424e-17 1.54375)
(13.5789 2.63639 2.58752)
(13.1401 2.25907 2.5876)
(14 2.25846 2.58751)
(14 3 2.5875)
(13.139 3 2.58751)
(13.5804 2.25824 2.58754)
(13.1391 2.63826 2.58754)
(14 2.59945 2.5875)
(13.5359 3 2.5875)
(13.581 1.87902 2.58755)
(12.6985 2.63866 2.58758)
(13.7991 2.82505 2.37875)
(13.7991 2.82505 2.79625)
(14 3 2.37875)
(14 3 2.79625)
(13.579 2.63611 2.37876)
(13.579 2.63611 2.79627)
(13.7952 2.63841 2.5875)
(13.5816 2.82295 2.5875)
(14 2.64352 2.37875)
(13.5874 3 2.37875)
(14 2.83145 2.5875)
(13.807 3 2.5875)
(14 2.64352 2.79625)
(13.5874 3 2.79625)
(13.1418 1.87932 2.58762)
(12.6994 2.25971 2.58767)
(13.7946 2.63862 2.37875)
(13.582 2.82231 2.37875)
(13.7991 2.82506 2.5875)
(13.7946 2.63862 2.79626)
(13.582 2.82231 2.79626)
(14 1.87882 2.58751)
(12.6978 3 2.58751)
(14 2.83159 2.37875)
(13.8072 3 2.37875)
(14 2.83159 2.79625)
(13.8072 3 2.79625)
(13.1401 2.25907 1.33492)
(14 2.25846 1.335)
(13.5804 2.25824 1.33498)
(13.139 3 1.335)
(13.1391 2.63826 1.33497)
(13.5359 3 1.335)
(13.5789 2.6364 1.33499)
(14 3 1.335)
(14 2.59945 1.335)
(13.5789 2.6364 1.7525)
(13.1401 2.25908 1.75246)
(14 2.25846 1.7525)
(14 3 1.7525)
(13.139 3 1.7525)
(13.5804 2.25824 1.75249)
(13.1391 2.63826 1.75249)
(14 2.59945 1.7525)
(13.5359 3 1.7525)
(13.1401 2.25908 0.917426)
(13.581 1.87902 1.75249)
(12.6985 2.63866 1.75245)
(13.7991 2.82505 1.96125)
(13.7991 2.82505 1.54375)
(13.581 1.87902 0.91748)
(12.6985 2.63866 0.917424)
(13.7991 2.82505 1.12625)
(12.6994 2.25967 1.33475)
(13.1417 1.87933 1.33491)
(14 1.87882 1.335)
(12.6978 3 1.335)
(13.5816 2.82295 1.335)
(13.807 3 1.335)
(13.5874 3 1.54375)
(13.5874 3 1.12625)
(13.7952 2.63841 1.335)
(13.579 2.63611 1.54375)
(13.579 2.63611 1.12625)
(14 2.83145 1.335)
(14 3 1.54375)
(14 3 1.12625)
(14 2.64352 1.54375)
(14 2.64352 1.12625)
(14 3 1.96125)
(13.579 2.63611 1.96125)
(13.7952 2.63841 1.7525)
(13.5816 2.82295 1.7525)
(14 2.64352 1.96125)
(13.5874 3 1.96125)
(14 2.83145 1.7525)
(13.807 3 1.7525)
(13.1418 1.87933 1.75246)
(12.6994 2.25971 1.75235)
(13.581 1.87902 1.33498)
(12.6985 2.63866 1.33492)
(13.7946 2.63862 1.96125)
(13.582 2.82231 1.96125)
(13.7991 2.82506 1.7525)
(13.7946 2.63862 1.54375)
(13.582 2.82231 1.54375)
(13.7991 2.82506 1.335)
(13.1418 1.87933 0.917428)
(12.6993 2.25971 0.917275)
(13.7946 2.63862 1.12625)
(13.582 2.82231 1.12625)
(14 2.83159 1.96125)
(14 1.87882 1.7525)
(12.6978 3 1.7525)
(13.8072 3 1.96125)
(14 2.83159 1.54375)
(13.8072 3 1.54375)
(14 1.87882 0.9175)
(12.6978 3 0.9175)
(14 2.83159 1.12625)
(13.8072 3 1.12625)
(11.3813 3 0.5)
(11.3816 2.63316 0.499445)
(11.82 2.63685 0.499723)
(11.8196 3 0.5)
(11.82 2.63686 0.91696)
(11.8207 2.25435 0.915915)
(11.8196 3 0.9175)
(11.8191 0.363142 0.916958)
(11.8199 0.745654 0.91591)
(11.8187 -5.61803e-17 0.9175)
(13.5804 0.741756 -0.752499)
(13.14 0.740922 -0.752487)
(13.139 0.361736 -0.752496)
(13.5789 0.363605 -0.752499)
(13.14 0.740927 -0.335005)
(13.5804 0.741757 -0.335002)
(13.5359 4.60786e-17 -0.7525)
(13.5816 0.177051 -0.7525)
(13.1389 4.60786e-17 -0.7525)
(14 0.400553 -0.7525)
(14 0.741541 -0.7525)
(13.7952 0.361589 -0.7525)
(14 0.741541 -0.335)
(12.699 0.740334 -0.335006)
(13.7991 0.174942 -0.7525)
(14 4.60769e-17 -0.7525)
(14 0.168548 -0.7525)
(13.807 4.60786e-17 -0.7525)
(13.581 1.12098 -0.335002)
(13.1416 1.12068 -0.335004)
(14 1.5 -0.335)
(13.5811 1.5 -0.335001)
(14 1.12118 -0.335)
(13.581 1.87902 -0.335002)
(14 1.87882 -0.335)
(13.1417 1.12067 -0.752488)
(13.581 1.12098 -0.752499)
(14 1.12118 -0.7525)
(12.6983 0.361344 -0.335003)
(13.139 0.361737 -0.335002)
(13.5789 0.363605 -0.335001)
(14 2.05134e-17 -0.335)
(14 0.168548 -0.335)
(13.7991 0.174942 -0.335)
(13.807 2.04914e-17 -0.335)
(13.7952 0.361589 -0.335)
(14 0.400553 -0.335)
(13.1389 2.04914e-17 -0.335)
(13.5359 2.04914e-17 -0.335)
(13.5816 0.177051 -0.335)
(12.6977 2.05185e-17 -0.335)
(13.7991 0.174946 -0.54375)
(14 3.32952e-17 -0.54375)
(13.579 0.363888 -0.54375)
(14 0.356483 -0.54375)
(13.5874 3.3285e-17 -0.54375)
(13.7946 0.361384 -0.54375)
(13.5819 0.177689 -0.54375)
(14 0.168412 -0.54375)
(13.8072 3.3285e-17 -0.54375)
(13.5789 0.363604 0.0824969)
(14 -5.0517e-18 0.0825)
(13.14 0.740922 0.0824716)
(13.1389 -5.04154e-18 0.0825)
(14 0.741541 0.0825)
(13.139 0.361736 0.0824901)
(13.5804 0.741756 0.0824933)
(14 0.400553 0.0825)
(13.5359 -5.09575e-18 0.0825)
(14 3 0.5)
(13.5789 2.6364 0.0824969)
(13.1401 2.25908 0.0824718)
(13.5359 3 0.5)
(13.139 3 0.0825)
(14 2.59945 0.5)
(14 3 0.0825)
(14 2.25846 0.0825)
(13.5804 2.25824 0.0824933)
(13.1391 2.63826 0.0824901)
(14 2.59945 0.0825)
(13.5359 3 0.0825)
(12.6983 0.361337 0.0824753)
(13.7991 0.174946 0.29125)
(13.581 1.12098 0.0824914)
(13.7991 0.174946 -0.12625)
(13.581 1.87902 0.0824914)
(12.6985 2.63866 0.0824756)
(13.7991 2.82505 0.70875)
(13.7991 2.82505 0.29125)
(13.7991 2.82505 -0.12625)
(13.142 1.5 0.0824522)
(14 1.5 0.0825)
(14 -1.78334e-17 0.29125)
(14 7.73002e-18 -0.12625)
(13.579 0.363888 -0.126251)
(13.7952 0.361589 0.0824995)
(13.5816 0.177051 0.0824995)
(13.579 0.363888 0.291248)
(14 0.168548 0.0825)
(13.807 -5.09575e-18 0.0825)
(13.5874 -1.77809e-17 0.29125)
(14 0.356483 0.29125)
(14 0.356483 -0.12625)
(13.5874 7.69784e-18 -0.12625)
(13.807 3 0.5)
(14 2.83145 0.5)
(14 3 0.70875)
(14 3 0.29125)
(14 3 -0.12625)
(13.579 2.63611 0.291248)
(13.579 2.63611 -0.126251)
(13.7952 2.63841 0.0824995)
(13.5816 2.82295 0.0824995)
(13.5816 2.82295 0.499999)
(13.5874 3 0.70875)
(13.5874 3 0.29125)
(13.7952 2.63841 0.499999)
(14 2.64352 0.70875)
(14 2.64352 0.29125)
(14 2.83145 0.0825)
(13.807 3 0.0825)
(14 2.64352 -0.12625)
(13.5874 3 -0.12625)
(12.699 0.740291 0.0824256)
(13.7991 0.174942 0.0824998)
(13.5819 0.177689 0.291249)
(13.7946 0.361384 0.291249)
(13.1417 1.12067 0.0824702)
(13.5811 1.5 0.082488)
(13.7946 0.361384 -0.12625)
(13.5819 0.177689 -0.12625)
(13.1418 1.87933 0.0824702)
(12.6993 2.25971 0.0824262)
(13.582 2.82231 0.708749)
(13.7946 2.63862 0.708749)
(13.7991 2.82506 0.5)
(13.582 2.82231 0.291249)
(13.7946 2.63862 0.291249)
(13.7991 2.82506 0.0824998)
(13.7946 2.63862 -0.12625)
(13.582 2.82231 -0.12625)
(14 1.12118 0.0825)
(14 0.168412 0.29125)
(13.8072 -1.77809e-17 0.29125)
(12.6977 -5.04154e-18 0.0825)
(14 0.168412 -0.12625)
(13.8072 7.69784e-18 -0.12625)
(14 2.83159 0.70875)
(13.8072 3 0.70875)
(14 2.83159 0.29125)
(14 1.87882 0.0825)
(12.6978 3 0.0825)
(13.8072 3 0.29125)
(14 2.83159 -0.12625)
(13.8072 3 -0.12625)
(11.3834 1.85655 0.0802752)
(11.3831 1.14345 0.0802671)
(11.3816 0.756673 0.0820497)
(11.3801 0.366845 0.082539)
(11.3795 -5.0517e-18 0.0825)
(11.8191 0.363143 0.0824229)
(11.8198 0.745656 0.0821982)
(11.8187 -5.0517e-18 0.0825)
(14 3 -1.17)
(14 2.83145 -1.17)
(13.7991 2.82506 -1.17)
(13.807 3 -1.17)
(14 2.25846 -1.17)
(13.5804 2.25824 -1.17)
(13.5789 2.6364 -1.17)
(13.7952 2.63841 -1.17)
(14 2.59945 -1.17)
(13.139 3 -1.17)
(13.5359 3 -1.17)
(13.5816 2.82295 -1.17)
(13.139 2.63826 -1.17)
(13.1401 2.25907 -1.16998)
(12.6992 2.25971 -0.752447)
(12.6985 2.63866 -0.752484)
(13.139 2.63826 -0.752496)
(13.5789 2.6364 -0.752499)
(14 2.59945 -0.7525)
(13.7952 2.63841 -0.7525)
(13.5359 3 -0.7525)
(13.139 3 -0.7525)
(13.5816 2.82295 -0.7525)
(12.6978 3 -0.7525)
(13.7991 2.82506 -0.7525)
(14 3 -0.7525)
(13.807 3 -0.7525)
(14 2.83145 -0.7525)
(13.7991 2.82505 -0.96125)
(12.6992 2.25967 -1.1699)
(13.1417 1.87932 -1.16998)
(14 1.87882 -1.17)
(14 3 -0.96125)
(14 2.64352 -0.96125)
(13.579 2.63611 -0.96125)
(13.5874 3 -0.96125)
(12.6978 3 -1.17)
(13.581 1.87902 -1.17)
(12.6985 2.63866 -1.16997)
(13.7946 2.63862 -0.96125)
(13.582 2.82231 -0.96125)
(14 2.83159 -0.96125)
(13.8072 3 -0.96125)
(13.7991 2.82505 -0.54375)
(14 3 -0.54375)
(13.579 2.63611 -0.54375)
(14 2.64352 -0.54375)
(13.5874 3 -0.54375)
(13.7946 2.63862 -0.54375)
(13.582 2.82231 -0.54375)
(14 2.83159 -0.54375)
(13.8072 3 -0.54375)
)


// ************************************************************************* //
