 combine_0001.out
************************************************************************
**                                                                    **
**                                                                    **
**                         OpenRadioss Engine                         **
**                                                                    **
**            Non-linear Finite Element Analysis Software             **
**                                                                    **
**                                                                    **
**                                                                    **
**                  Windows 64 bits, Intel compiler                   **
**                      Double Precision Version                      **
**                                                                    **
**                                                                    **
**                                                                    **
************************************************************************
** OpenRadioss Software                                               **
** COPYRIGHT (C) 1986-2025 Altair Engineering, Inc.                   **
** Licensed under GNU Affero General Public License.                  **
** See License file.                                                  **
************************************************************************
 
 NUMBER OF SPMD DOMAINS           1
 NUMBER OF THREADS PER DOMAIN     4
 NUMBER OF HMPP PROCESSES         4
  
 COMPUTATION HARDWARE DESCRIPTION
  
 HOSTNAME     CPU TYPE, FREQUENCY AND MEMORY
 Jialiang   13th Gen Intel(R) Core(TM) i7-13700H (x86_64), 2900 MHz,   2159 MB RAM,  29744 MB swap
  
 STACKSIZE  . . . . . . . . . . . . . . . . . . . . 1430 MB
 THREAD STACKSIZE . . . . . . . . . . . . . . . . . 400 MB
 
************************************************************************


 combineD01                                                                      


 FINAL TIME . . . . . . . . . . . . . . . . . . .   50.00000    

 TIME INTERVAL FOR TIME HISTORY PLOTS . . . . . .  0.5000000E-01

 TIME STEP SCALE FACTOR . . . . . . . . . . . . .  0.9000000    

 MINIMUM TIME STEP  . . . . . . . . . . . . . . .   0.000000    


 BRICK TIME STEP SCALE FACTOR . . . . . . . . . .  0.9000000    
 BRICK MINIMUM TIME STEP. . . . . . . . . . . . .   0.000000    
 MIN. TIME STEP FLAG (1:STOP RUN, 2:DELETE BRICK)     1

 QUAD TIME STEP SCALE FACTOR. . . . . . . . . . .  0.9000000    
 QUAD MINIMUM TIME STEP . . . . . . . . . . . . .   0.000000    
 MIN. TIME STEP FLAG (1:STOP RUN, 2:DELETE QUAD).     1

 SHELL TIME STEP SCALE FACTOR . . . . . . . . . .  0.9000000    
 SHELL MINIMUM TIME STEP. . . . . . . . . . . . .   0.000000    
 MIN. TIME FLAG (1:STOP, 2:DELETE, 3:SMALL STRAIN)    2

 TRUSS TIME STEP SCALE FACTOR . . . . . . . . . .  0.9000000    
 TRUSS MINIMUM TIME STEP. . . . . . . . . . . . .   0.000000    
 MIN. TIME FLAG (1:STOP, 2:DELETE). . . . . . . .     0

 BEAM TIME STEP SCALE FACTOR. . . . . . . . . . .  0.9000000    
 BEAM MINIMUM TIME STEP . . . . . . . . . . . . .   0.000000    
 MIN. TIME FLAG (1:STOP, 2:DELETE). . . . . . . .     0

 SPRING TIME STEP SCALE FACTOR. . . . . . . . . .  0.9000000    
 SPRING MINIMUM TIME STEP . . . . . . . . . . . .   0.000000    
 MIN. TIME FLAG (1:STOP, 2:DELETE). . . . . . . .     0

 AIRBAG TIME STEP SCALE FACTOR. . . . . . . . . .  0.9000000    
 AIRBAG MINIMUM TIME STEP . . . . . . . . . . . .   0.000000    
 MIN. TIME FLAG (1:STOP). . . . . . . . . . . . .     0

 CONTACT TIME STEP SCALE FACTOR . . . . . . . . .  0.9000000    
 CONTACT MINIMUM TIME STEP. . . . . . . . . . . .   0.000000    
 MIN. TIME FLAG(1:STOP, 2:REMOVE NODE FROM INTERF)    0

 PRINTOUT CYCLE FREQUENCY . . . . . . . . . . . .  -100

 RESTART CYCLE FREQUENCY. . . . . . . . . . . . .   10000000

 MAXIMUM RESTART WRITE BEFORE OVERWRITE . . . . .     0

 INVERS: INPUT DECK VERSION . . . . . . . . . . .   101
 ITTYP : FLAG FOR TYPE OF T-FILE. . . . . . . . .     4

 INITIAL TIME STEP. . . . . . . . . . . . . . . .   0.000000    
 MAXIMUM TIME STEP. . . . . . . . . . . . . . . .  0.1000000E+21

 PARALLEL ARITHMETIC ON
 NUMBER OF INTERFACES TO BE ELIMINATED. . . . . .        0

 NUMBER OF PARTS TO BE ELIMINATED . . . . . . . .        0

 NUMBER OF SOLID  ELEMENT BLOCKS TO BE ELIMINATED        0

 NUMBER OF QUAD   ELEMENT BLOCKS TO BE ELIMINATED        0

 NUMBER OF SHELL  ELEMENT BLOCKS TO BE ELIMINATED        0

 NUMBER OF TRUSS  ELEMENT BLOCKS TO BE ELIMINATED        0

 NUMBER OF BEAM   ELEMENT BLOCKS TO BE ELIMINATED        0

 NUMBER OF SPRING ELEMENT BLOCKS TO BE ELIMINATED        0

 NUMBER OF SH_3N  ELEMENT BLOCKS TO BE ELIMINATED        0

 NUMBER OF  SPH PARTICLES BLOCKS TO BE ELIMINATED        0

 NUMBER OF RIGID LINKS. . . . . . . . . . . . . .        0

 NUMBER OF NEW BOUNDARY CONDITIONS. . . . . . . .        0


 TIME FOR FIRST ANIMATION-FILE PLOT . . . . . . .   0.000000    
 TIME INTERVAL FOR ANIMATION-FILE PLOTS . . . . .  0.5000000    
 TIME TO STOP ANIMATION-FILE PLOTS. . . . . . . .  0.1000000E+21
 SENSOR FOR ANIMATION-FILE PLOTS. . . . . . . . .          0
 TIME INTERVAL FOR SENSOR ANIMATION-FILE PLOTS. .   0.000000    

 VARIABLE SAVED ON ANIMATION FILES (1: YES) :
      PLASTIC STRAIN. . . . . .     1
      DENSITY     (SOLID ONLY).     0
      SPECIFIC ENERGY . . . . .     1
      HOURGLASS ENERGY. . . . .     0
      TEMPERATURE (SOLID ONLY).     0
      THICKNESS   (SHELL ONLY).     1
      PRESSURE    (SOLID ONLY).     0
      VON MISES . . . . . . . .     1
      TURBULENT ENERGY (FLUID).     0
      TURBULENT VISCOSITY(FLUID)    0
      VORTICITY (FLUID) . . . .     0
 NODAL VALUES SAVED ON ANIMATION FILES (1: YES) :
      PRESSURE. . . . . . . . .     0
      DENSITY . . . . . . . . .     0
      TEMPERATURE . . . . . . .     0
 VECTOR SAVED ON ANIMATION FILES (1: YES) :
      VELOCITY VECTOR . . . . .     1
      DISPLACEMENT VECTOR . . .     1
      ACCELERATION VECTOR . . .     1
      CONTACT FORCES. . . . . .     0
      INTERNAL FORCES . . . . .     0
      EXTERNAL FORCES . . . . .     0
      SECTION RBY RWALL FORCES.     0
      ROTATIONAL VELOCITY VECTOR    0
      CONTACT PRESSURE (VECTORS)    0
 SHELL TENSOR SAVED ON ANIMATION FILES (1: YES) :
      MEMBRANE STRESS . . . . .     0
      BENDING STRESS(MOMENT/T^2)    0
      UPPER LAYER STRESS. . . .     0
      LOWER LAYER STRESS. . . .     0
      MEMBRANE STRAIN . . . . .     0
      CURVATURE . . . . . . . .     0
      UPPER LAYER STRAIN. . . .     0
      LOWER LAYER STRAIN. . . .     0
 NODAL MASS SAVED ON ANIMATION FILES (1: YES) :    0
 KEEP DELETED ELEMENT (1: YES) :    0


 
 CHECKSUM DIGESTS
 ----------------
 
 
 11/01/2026
   CYCLE    TIME      TIME-STEP  ELEMENT          ERROR  I-ENERGY    K-ENERGY T  K-ENERGY R  EXT-WORK     MAS.ERR     TOTAL MASS  MASS ADDED
       0   0.000      0.6690E-03 SHELL       8953   0.0%   0.000      0.1041E+05   0.000       0.000       0.000       303.0       0.000    
     ANIMATION FILE: combineA001 WRITTEN
     100  0.6690E-01  0.6690E-03 SHELL       8953   0.0%   0.000      0.1041E+05   0.000       0.000       0.000       303.0       0.000    
     200  0.1338      0.6690E-03 SHELL       8953   0.0%   9.248      0.1040E+05  0.1448E-01 -0.2604       0.000       303.0       0.000    
     300  0.2007      0.6666E-03 SHELL       8953   0.0%   49.80      0.1036E+05  0.3265     -0.2586       0.000       303.0       0.000    
     400  0.2665      0.6502E-03 SHELL       8953   0.0%   70.23      0.1034E+05  0.5559     -0.2570       0.000       303.0       0.000    
     500  0.3308      0.6353E-03 SHELL       9048  -0.0%   118.8      0.1029E+05  0.6831     -0.2941       0.000       303.0       0.000    
     600  0.3941      0.6311E-03 SHELL       9013  -0.0%   153.2      0.1025E+05  0.5005     -0.2979       0.000       303.0       0.000    
     700  0.4571      0.6305E-03 SHELL       9037   0.0%   194.1      0.1021E+05  0.4252     -0.3064       0.000       303.0       0.000    
     ANIMATION FILE: combineA002 WRITTEN
     800  0.5199      0.6229E-03 SHELL       9013   0.0%   231.6      0.1018E+05  0.5465     -0.3051       0.000       303.0       0.000    
     900  0.5816      0.6102E-03 SHELL       9013   0.0%   268.4      0.1014E+05  0.5171     -0.3045       0.000       303.0       0.000    
    1000  0.6421      0.6017E-03 SHELL       9013  -0.0%   307.7      0.1010E+05  0.4218     -0.3078       0.000       303.0       0.000    
    1100  0.7020      0.5939E-03 SHELL       5052   0.0%   338.3      0.1007E+05  0.4148     -0.3082       0.000       303.0       0.000    
    1200  0.7609      0.5855E-03 SHELL       5052   0.0%   374.5      0.1003E+05  0.3531     -0.3074       0.000       303.0       0.000    
    1300  0.8191      0.5783E-03 SHELL       5052   0.0%   404.5      0.1000E+05  0.3957     -0.3067       0.000       303.0       0.000    
    1400  0.8766      0.5694E-03 SHELL       5053   0.0%   436.0       9972.      0.3556     -0.3065       0.000       303.0       0.000    
    1500  0.9330      0.5586E-03 SHELL       5053   0.0%   465.8       9942.      0.3174     -0.3064       0.000       303.0       0.000    
    1600  0.9883      0.5476E-03 SHELL       5053   0.0%   491.8       9916.      0.3005     -0.3063       0.000       303.0       0.000    
     ANIMATION FILE: combineA003 WRITTEN
    1700   1.043      0.5380E-03 SHELL       5053   0.0%   518.5       9890.      0.3247     -0.3058       0.000       303.0       0.000    
    1800   1.096      0.5292E-03 SHELL       5053   0.0%   542.2       9866.      0.3508     -0.3055       0.000       303.0       0.000    
    1900   1.148      0.5202E-03 SHELL       5053   0.0%   565.6       9842.      0.3576     -0.3054       0.000       303.0       0.000    
    2000   1.200      0.5114E-03 SHELL       5053   0.0%   587.3       9821.      0.3266     -0.3053       0.000       303.0       0.000    
    2100   1.251      0.5035E-03 SHELL       5053   0.0%   608.5       9799.      0.3388     -0.3051       0.000       303.0       0.000    
    2200   1.301      0.4968E-03 SHELL       5053   0.0%   628.8       9779.      0.3045     -0.3050       0.000       303.0       0.000    
    2300   1.350      0.4913E-03 SHELL       5053  -0.0%   648.3       9759.      0.3002     -0.3049       0.000       303.0       0.000    
    2400   1.399      0.4861E-03 SHELL       5053  -0.0%   667.7       9740.      0.2954     -0.3049       0.000       303.0       0.000    
    2500   1.447      0.4816E-03 SHELL       5053   0.0%   685.9       9722.      0.2944     -0.3049       0.000       303.0       0.000    
    2600   1.495      0.4792E-03 SHELL       5053   0.0%   703.6       9704.      0.2795     -0.3080       0.000       303.0       0.000    
     ANIMATION FILE: combineA004 WRITTEN
    2700   1.543      0.4773E-03 SHELL       5053   0.0%   720.6       9687.      0.3130     -0.3079       0.000       303.0       0.000    
    2800   1.591      0.4755E-03 SHELL       5053  -0.0%   737.6       9670.      0.2864     -0.3088       0.000       303.0       0.000    
    2900   1.638      0.4737E-03 SHELL       5053  -0.0%   754.0       9654.      0.3042     -0.3089       0.000       303.0       0.000    
    3000   1.686      0.4720E-03 SHELL       5053   0.0%   771.0       9637.      0.2895     -0.3101       0.000       303.0       0.000    
    3100   1.733      0.4705E-03 SHELL       5053   0.0%   786.8       9621.      0.2852     -0.3099       0.000       303.0       0.000    
    3200   1.780      0.4693E-03 SHELL       5053   0.0%   802.4       9605.      0.3010     -0.3099       0.000       303.0       0.000    
    3300   1.827      0.4681E-03 SHELL       5053  -0.0%   818.2       9590.      0.2787     -0.3098       0.000       303.0       0.000    
    3400   1.873      0.4669E-03 SHELL       5053  -0.0%   833.1       9575.      0.2870     -0.3099       0.000       303.0       0.000    
    3500   1.920      0.4659E-03 SHELL       5053   0.0%   848.1       9560.      0.2797     -0.3109       0.000       303.0       0.000    
    3600   1.967      0.4651E-03 SHELL       5053  -0.0%   862.8       9545.      0.2918     -0.3123       0.000       303.0       0.000    
     ANIMATION FILE: combineA005 WRITTEN
    3700   2.013      0.4644E-03 SHELL       5053  -0.0%   877.8       9530.      0.2823     -0.3125       0.000       303.0       0.000    
    3800   2.059      0.4637E-03 SHELL       5053  -0.0%   892.5       9515.      0.2721     -0.3126       0.000       303.0       0.000    
    3900   2.106      0.4632E-03 SHELL       5053  -0.0%   908.1       9500.      0.2841     -0.3126       0.000       303.0       0.000    
    4000   2.152      0.4628E-03 SHELL       5053  -0.0%   925.5       9482.      0.2985     -0.3125       0.000       303.0       0.000    
    4100   2.198      0.4624E-03 SHELL       5053  -0.0%   944.0       9463.      0.2703     -0.3125       0.000       303.0       0.000    
    4200   2.245      0.4622E-03 SHELL       5053  -0.0%   962.5       9445.      0.2582     -0.3125       0.000       303.0       0.000    
    4300   2.291      0.4621E-03 SHELL       5053  -0.0%   980.8       9427.      0.2740     -0.3124       0.000       303.0       0.000    
    4400   2.337      0.4620E-03 SHELL       5053  -0.0%   999.8       9408.      0.2675     -0.3122       0.000       303.0       0.000    
    4500   2.383      0.4619E-03 SHELL       5053  -0.0%   1018.       9390.      0.2873     -0.3120       0.000       303.0       0.000    
    4600   2.429      0.4616E-03 SHELL       5053  -0.0%   1036.       9371.      0.2844     -0.3118       0.000       303.0       0.000    
    4700   2.475      0.4614E-03 SHELL       5053  -0.0%   1056.       9351.      0.3043     -0.3117       0.000       303.0       0.000    
     ANIMATION FILE: combineA006 WRITTEN
    4800   2.522      0.4612E-03 SHELL       5053  -0.0%   1075.       9332.      0.3268     -0.3116       0.000       303.0       0.000    
    4900   2.568      0.4612E-03 SHELL       5053  -0.0%   1095.       9312.      0.3148     -0.3115       0.000       303.0       0.000    
    5000   2.614      0.4612E-03 SHELL       5053  -0.0%   1114.       9293.      0.3019     -0.3114       0.000       303.0       0.000    
    5100   2.660      0.4613E-03 SHELL       5053  -0.0%   1133.       9274.      0.2792     -0.3113       0.000       303.0       0.000    
    5200   2.705      0.4530E-03 NODE     1000057  -0.0%   1152.       9255.      0.2800     -0.3113       0.000       303.0       0.000    
    5300   2.751      0.4521E-03 NODE     1000057  -0.0%   1172.       9235.      0.2898     -0.3113       0.000       303.0       0.000    
    5400   2.796      0.4514E-03 NODE     1000057  -0.0%   1192.       9214.      0.2636     -0.3113       0.000       303.0       0.000    
   CYCLE    TIME      TIME-STEP  ELEMENT          ERROR  I-ENERGY    K-ENERGY T  K-ENERGY R  EXT-WORK     MAS.ERR     TOTAL MASS  MASS ADDED
    5500   2.841      0.4506E-03 NODE     1000066  -0.0%   1213.       9194.      0.2823     -0.3113       0.000       303.0       0.000    
    5600   2.886      0.4499E-03 NODE     1000060  -0.0%   1234.       9173.      0.2817     -0.3114       0.000       303.0       0.000    
    5700   2.931      0.4493E-03 NODE     1000060  -0.0%   1255.       9151.      0.2739     -0.3113       0.000       303.0       0.000    
    5800   2.976      0.4487E-03 NODE     1000060  -0.0%   1276.       9130.      0.2783     -0.3111       0.000       303.0       0.000    
     ANIMATION FILE: combineA007 WRITTEN
    5900   3.021      0.4481E-03 NODE     1000063  -0.0%   1297.       9109.      0.2658     -0.3109       0.000       303.0       0.000    
    6000   3.065      0.4477E-03 NODE     1000063  -0.0%   1317.       9089.      0.2842     -0.3108       0.000       303.0       0.000    
    6100   3.110      0.4472E-03 NODE     1000063  -0.0%   1337.       9069.      0.2943     -0.3107       0.000       303.0       0.000    
    6200   3.155      0.4469E-03 NODE     1000063  -0.0%   1357.       9049.      0.2911     -0.3106       0.000       303.0       0.000    
    6300   3.200      0.4467E-03 NODE     1000063  -0.0%   1378.       9028.      0.2618     -0.3105       0.000       303.0       0.000    
    6400   3.244      0.4466E-03 NODE     1000063  -0.0%   1399.       9007.      0.2612     -0.3104       0.000       303.0       0.000    
    6500   3.289      0.4464E-03 NODE     1000063  -0.0%   1423.       8984.      0.2858     -0.3103       0.000       303.0       0.000    
    6600   3.334      0.4463E-03 NODE     1000063  -0.0%   1447.       8959.      0.2911     -0.3103       0.000       303.0       0.000    
    6700   3.378      0.4463E-03 NODE     1000063  -0.0%   1472.       8934.      0.2686     -0.3102       0.000       303.0       0.000    
    6800   3.423      0.4463E-03 NODE     1000063  -0.0%   1498.       8908.      0.2629     -0.3100       0.000       303.0       0.000    
    6900   3.467      0.4462E-03 NODE     1000021  -0.0%   1523.       8883.      0.2865     -0.3099       0.000       303.0       0.000    
     ANIMATION FILE: combineA008 WRITTEN
    7000   3.512      0.4462E-03 NODE     1000030  -0.0%   1548.       8858.      0.2850     -0.3098       0.000       303.0       0.000    
    7100   3.557      0.4461E-03 NODE     1000030  -0.0%   1574.       8832.      0.3032     -0.3096       0.000       303.0       0.000    
    7200   3.601      0.4461E-03 NODE     1000030  -0.0%   1598.       8808.      0.2925     -0.3095       0.000       303.0       0.000    
    7300   3.646      0.4461E-03 NODE     1000021  -0.0%   1622.       8784.      0.3035     -0.3094       0.000       303.0       0.000    
    7400   3.690      0.4461E-03 NODE     1000021  -0.0%   1645.       8761.      0.3201     -0.3093       0.000       303.0       0.000    
    7500   3.735      0.4461E-03 NODE     1000021  -0.0%   1668.       8738.      0.3079     -0.3092       0.000       303.0       0.000    
    7600   3.780      0.4461E-03 NODE     1000021  -0.0%   1690.       8716.      0.3087     -0.3091       0.000       303.0       0.000    
    7700   3.824      0.4461E-03 NODE     1000021  -0.0%   1712.       8694.      0.2970     -0.3090       0.000       303.0       0.000    
    7800   3.869      0.4461E-03 NODE     1000021  -0.0%   1733.       8673.      0.2938     -0.3089       0.000       303.0       0.000    
    7900   3.913      0.4460E-03 NODE     1000021  -0.0%   1754.       8653.      0.3138     -0.3088       0.000       303.0       0.000    
    8000   3.958      0.4460E-03 NODE     1000021  -0.0%   1774.       8632.      0.2859     -0.3087       0.000       303.0       0.000    
     ANIMATION FILE: combineA009 WRITTEN
    8100   4.003      0.4460E-03 NODE     1000021  -0.0%   1794.       8612.      0.2826     -0.3086       0.000       303.0       0.000    
    8200   4.047      0.4460E-03 NODE     1000021  -0.0%   1814.       8593.      0.2880     -0.3086       0.000       303.0       0.000    
    8300   4.092      0.4460E-03 NODE     1000021  -0.0%   1832.       8574.      0.2941     -0.3085       0.000       303.0       0.000    
    8400   4.137      0.4460E-03 NODE     1000021  -0.0%   1850.       8556.      0.3004     -0.3084       0.000       303.0       0.000    
    8500   4.181      0.4460E-03 NODE     1000063  -0.0%   1868.       8539.      0.2939     -0.3083       0.000       303.0       0.000    
    8600   4.226      0.4437E-03 SHELL      12692  -0.0%   1884.       8522.      0.3027     -0.3083       0.000       303.0       0.000    
    8700   4.270      0.4343E-03 SHELL      12692  -0.0%   1899.       8507.      0.3242     -0.3082       0.000       303.0       0.000    
    8800   4.313      0.4261E-03 SHELL      12692  -0.0%   1913.       8493.      0.3526     -0.3082       0.000       303.0       0.000    
    8900   4.355      0.4193E-03 SHELL      12692  -0.0%   1925.       8481.      0.3442     -0.3081       0.000       303.0       0.000    
    9000   4.396      0.4130E-03 SHELL      12692  -0.0%   1936.       8470.      0.3479     -0.3081       0.000       303.0       0.000    
    9100   4.438      0.4081E-03 SHELL      12692  -0.0%   1946.       8461.      0.3987     -0.3081       0.000       303.0       0.000    
    9200   4.478      0.4050E-03 SHELL      12692  -0.0%   1954.       8452.      0.4616     -0.3080       0.000       303.0       0.000    
     ANIMATION FILE: combineA010 WRITTEN
    9300   4.519      0.4034E-03 SHELL      12692  -0.0%   1962.       8444.      0.5345     -0.3080       0.000       303.0       0.000    
    9400   4.559      0.4029E-03 SHELL      12692  -0.0%   1977.       8430.      0.3758     -0.4303       0.000       303.0       0.000    
    9500   4.599      0.4021E-03 SHELL      12692  -0.0%   1996.       8410.      0.4093     -0.4367       0.000       303.0       0.000    
    9600   4.639      0.4014E-03 SHELL      12692  -0.0%   2016.       8391.      0.3510     -0.4367       0.000       303.0       0.000    
    9700   4.679      0.4004E-03 SHELL      12692  -0.0%   2034.       8373.      0.3112     -0.4366       0.000       303.0       0.000    
    9800   4.719      0.3995E-03 SHELL      12692  -0.0%   2051.       8356.      0.3680     -0.4365       0.000       303.0       0.000    
    9900   4.759      0.3987E-03 SHELL      12692  -0.0%   2067.       8339.      0.3617     -0.4364       0.000       303.0       0.000    
   10000   4.799      0.3982E-03 SHELL      12692  -0.0%   2083.       8323.      0.3709     -0.4363       0.000       303.0       0.000    
   10100   4.839      0.3979E-03 SHELL      12692  -0.0%   2099.       8307.      0.3004     -0.4363       0.000       303.0       0.000    
   10200   4.879      0.3976E-03 SHELL      12692  -0.0%   2115.       8292.      0.2743     -0.4362       0.000       303.0       0.000    
   10300   4.918      0.3973E-03 SHELL      12692  -0.0%   2130.       8276.      0.3195     -0.4361       0.000       303.0       0.000    
   10400   4.958      0.3970E-03 SHELL      12692  -0.0%   2145.       8261.      0.2944     -0.4360       0.000       303.0       0.000    
   10500   4.998      0.3965E-03 SHELL      12692  -0.0%   2161.       8245.      0.2855     -0.4360       0.000       303.0       0.000    
     ANIMATION FILE: combineA011 WRITTEN
   10600   5.037      0.3961E-03 SHELL      12692  -0.0%   2177.       8229.      0.3303     -0.4359       0.000       303.0       0.000    
   10700   5.077      0.3957E-03 SHELL      12692  -0.0%   2194.       8212.      0.3044     -0.4358       0.000       303.0       0.000    
   10800   5.117      0.3953E-03 SHELL      12692  -0.0%   2211.       8195.      0.2946     -0.4358       0.000       303.0       0.000    
   10900   5.156      0.3948E-03 SHELL      12692  -0.0%   2227.       8179.      0.3205     -0.4357       0.000       303.0       0.000    
   CYCLE    TIME      TIME-STEP  ELEMENT          ERROR  I-ENERGY    K-ENERGY T  K-ENERGY R  EXT-WORK     MAS.ERR     TOTAL MASS  MASS ADDED
   11000   5.196      0.3942E-03 SHELL      12692  -0.0%   2244.       8162.      0.3238     -0.4356       0.000       303.0       0.000    
   11100   5.235      0.3938E-03 SHELL      12692  -0.0%   2260.       8146.      0.3000     -0.4355       0.000       303.0       0.000    
   11200   5.274      0.3936E-03 SHELL      12692  -0.0%   2277.       8129.      0.3076     -0.4442       0.000       303.0       0.000    
   11300   5.314      0.3934E-03 SHELL      12692  -0.0%   2294.       8112.      0.3044     -0.4441       0.000       303.0       0.000    
   11400   5.353      0.3934E-03 SHELL      12692  -0.0%   2312.       8094.      0.2879     -0.4440       0.000       303.0       0.000    
   11500   5.392      0.3935E-03 SHELL      12692  -0.0%   2330.       8075.      0.3080     -0.4439       0.000       303.0       0.000    
   11600   5.432      0.3937E-03 SHELL      12692  -0.0%   2349.       8057.      0.2856     -0.4443       0.000       303.0       0.000    
   11700   5.471      0.3937E-03 SHELL      12692  -0.0%   2367.       8038.      0.3076     -0.4442       0.000       303.0       0.000    
     ANIMATION FILE: combineA012 WRITTEN
   11800   5.510      0.3938E-03 SHELL      12692  -0.0%   2386.       8020.      0.2915     -0.4444       0.000       303.0       0.000    
   11900   5.550      0.3940E-03 SHELL      12692  -0.0%   2404.       8002.      0.3035     -0.4445       0.000       303.0       0.000    
   12000   5.589      0.3942E-03 SHELL      12692  -0.0%   2422.       7984.      0.3080     -0.4444       0.000       303.0       0.000    
   12100   5.629      0.3944E-03 SHELL      12692  -0.0%   2440.       7965.      0.2832     -0.4443       0.000       303.0       0.000    
   12200   5.668      0.3946E-03 SHELL      12692  -0.0%   2459.       7947.      0.3062     -0.4442       0.000       303.0       0.000    
   12300   5.708      0.3948E-03 SHELL      12692  -0.0%   2478.       7928.      0.3014     -0.4441       0.000       303.0       0.000    
   12400   5.747      0.3950E-03 SHELL      12692  -0.0%   2496.       7910.      0.2888     -0.4440       0.000       303.0       0.000    
   12500   5.787      0.3952E-03 SHELL      12692  -0.0%   2514.       7892.      0.3169     -0.4439       0.000       303.0       0.000    
   12600   5.826      0.3955E-03 SHELL      12692  -0.0%   2532.       7873.      0.3049     -0.4438       0.000       303.0       0.000    
   12700   5.866      0.3957E-03 SHELL      12692  -0.0%   2551.       7855.      0.2880     -0.4437       0.000       303.0       0.000    
   12800   5.905      0.3959E-03 SHELL      12692  -0.0%   2569.       7837.      0.3121     -0.4435       0.000       303.0       0.000    
   12900   5.945      0.3961E-03 SHELL      12692  -0.0%   2587.       7819.      0.3093     -0.4434       0.000       303.0       0.000    
   13000   5.985      0.3966E-03 SHELL      12692  -0.0%   2605.       7801.      0.3181     -0.4433       0.000       303.0       0.000    
     ANIMATION FILE: combineA013 WRITTEN
   13100   6.024      0.3970E-03 SHELL      12692  -0.0%   2623.       7783.      0.3259     -0.4432       0.000       303.0       0.000    
   13200   6.064      0.3974E-03 SHELL      12692  -0.0%   2641.       7764.      0.3107     -0.4431       0.000       303.0       0.000    
   13300   6.104      0.3977E-03 SHELL      12692  -0.0%   2660.       7746.      0.3056     -0.4430       0.000       303.0       0.000    
   13400   6.143      0.3978E-03 SHELL      12692  -0.0%   2678.       7728.      0.2984     -0.4473       0.000       303.0       0.000    
   13500   6.183      0.3979E-03 SHELL      12692  -0.0%   2697.       7709.      0.2723     -0.4475       0.000       303.0       0.000    
   13600   6.223      0.3979E-03 SHELL      12692  -0.0%   2716.       7690.      0.2877     -0.4474       0.000       303.0       0.000    
   13700   6.263      0.3979E-03 SHELL      12692  -0.0%   2735.       7671.      0.2895     -0.4472       0.000       303.0       0.000    
   13800   6.303      0.3979E-03 SHELL      12692  -0.0%   2754.       7652.      0.2806     -0.4471       0.000       303.0       0.000    
   13900   6.342      0.3979E-03 SHELL      12692  -0.0%   2772.       7633.      0.2974     -0.4470       0.000       303.0       0.000    
   14000   6.382      0.3979E-03 SHELL      12692  -0.0%   2790.       7615.      0.2884     -0.4468       0.000       303.0       0.000    
   14100   6.422      0.3979E-03 SHELL      12692  -0.0%   2808.       7597.      0.3121     -0.4467       0.000       303.0       0.000    
   14200   6.462      0.3979E-03 SHELL      12692  -0.0%   2826.       7579.      0.3395     -0.4466       0.000       303.0       0.000    
     ANIMATION FILE: combineA014 WRITTEN
   14300   6.502      0.3979E-03 SHELL      12692  -0.0%   2843.       7562.      0.3293     -0.4465       0.000       303.0       0.000    
   14400   6.541      0.3978E-03 SHELL      12692  -0.0%   2861.       7545.      0.3482     -0.4464       0.000       303.0       0.000    
   14500   6.581      0.3978E-03 SHELL      12692  -0.0%   2878.       7528.      0.3469     -0.4463       0.000       303.0       0.000    
   14600   6.621      0.3978E-03 SHELL      12692  -0.0%   2894.       7511.      0.3275     -0.4462       0.000       303.0       0.000    
   14700   6.661      0.3978E-03 SHELL      12692  -0.0%   2911.       7495.      0.3191     -0.4461       0.000       303.0       0.000    
   14800   6.700      0.3978E-03 SHELL      12692  -0.0%   2927.       7478.      0.3202     -0.4461       0.000       303.0       0.000    
   14900   6.740      0.3979E-03 SHELL      12692  -0.0%   2943.       7462.      0.3095     -0.4460       0.000       303.0       0.000    
   15000   6.780      0.3979E-03 SHELL      12692  -0.0%   2959.       7447.      0.3093     -0.4459       0.000       303.0       0.000    
   15100   6.820      0.3979E-03 SHELL      12692  -0.0%   2975.       7431.      0.3081     -0.4458       0.000       303.0       0.000    
   15200   6.860      0.3979E-03 SHELL      12692  -0.0%   2990.       7415.      0.2998     -0.4457       0.000       303.0       0.000    
   15300   6.899      0.3978E-03 SHELL      12692  -0.0%   3006.       7400.      0.3060     -0.4457       0.000       303.0       0.000    
   15400   6.939      0.3978E-03 SHELL      12692  -0.0%   3021.       7385.      0.3002     -0.4456       0.000       303.0       0.000    
   15500   6.979      0.3978E-03 SHELL      12692  -0.0%   3036.       7369.      0.3002     -0.4455       0.000       303.0       0.000    
     ANIMATION FILE: combineA015 WRITTEN
   15600   7.019      0.3978E-03 SHELL      12692  -0.0%   3051.       7354.      0.3091     -0.4454       0.000       303.0       0.000    
   15700   7.059      0.3978E-03 SHELL      12692  -0.0%   3066.       7340.      0.3075     -0.4453       0.000       303.0       0.000    
   15800   7.098      0.3978E-03 SHELL      12692  -0.0%   3081.       7325.      0.3046     -0.4453       0.000       303.0       0.000    
   15900   7.138      0.3978E-03 SHELL      12692  -0.0%   3095.       7310.      0.3089     -0.4452       0.000       303.0       0.000    
   16000   7.178      0.3978E-03 SHELL      12692  -0.0%   3110.       7296.      0.3166     -0.4451       0.000       303.0       0.000    
   16100   7.218      0.3978E-03 SHELL      12692  -0.0%   3124.       7282.      0.3061     -0.4454       0.000       303.0       0.000    
   16200   7.257      0.3978E-03 SHELL      12692  -0.0%   3138.       7268.      0.3098     -0.4453       0.000       303.0       0.000    
   16300   7.297      0.3978E-03 SHELL      12692  -0.0%   3152.       7254.      0.3195     -0.4455       0.000       303.0       0.000    
   16400   7.337      0.3978E-03 SHELL      12692  -0.0%   3166.       7240.      0.3097     -0.4455       0.000       303.0       0.000    
   CYCLE    TIME      TIME-STEP  ELEMENT          ERROR  I-ENERGY    K-ENERGY T  K-ENERGY R  EXT-WORK     MAS.ERR     TOTAL MASS  MASS ADDED
   16500   7.377      0.3978E-03 SHELL      12692  -0.0%   3180.       7226.      0.3049     -0.4454       0.000       303.0       0.000    
   16600   7.417      0.3978E-03 SHELL      12692  -0.0%   3194.       7212.      0.2869     -0.4455       0.000       303.0       0.000    
   16700   7.456      0.3978E-03 SHELL      12692  -0.0%   3207.       7199.      0.2687     -0.4454       0.000       303.0       0.000    
   16800   7.496      0.3978E-03 SHELL      12692  -0.0%   3221.       7185.      0.2609     -0.4454       0.000       303.0       0.000    
     ANIMATION FILE: combineA016 WRITTEN
   16900   7.536      0.3978E-03 SHELL      12692  -0.0%   3234.       7172.      0.2721     -0.4453       0.000       303.0       0.000    
   17000   7.576      0.3978E-03 SHELL      12692  -0.0%   3246.       7160.      0.2689     -0.4453       0.000       303.0       0.000    
   17100   7.615      0.3978E-03 SHELL      12692  -0.0%   3259.       7147.      0.2616     -0.4452       0.000       303.0       0.000    
   17200   7.655      0.3978E-03 SHELL      12692  -0.0%   3271.       7135.      0.2723     -0.4452       0.000       303.0       0.000    
   17300   7.695      0.3978E-03 SHELL      12692  -0.0%   3283.       7123.      0.2697     -0.4451       0.000       303.0       0.000    
   17400   7.735      0.3978E-03 SHELL      12692  -0.0%   3295.       7111.      0.2720     -0.4451       0.000       303.0       0.000    
   17500   7.775      0.3978E-03 SHELL      12692  -0.0%   3307.       7099.      0.2788     -0.4450       0.000       303.0       0.000    
   17600   7.814      0.3978E-03 SHELL      12692  -0.0%   3319.       7087.      0.2682     -0.4450       0.000       303.0       0.000    
   17700   7.854      0.3978E-03 SHELL      12692  -0.0%   3330.       7075.      0.2709     -0.4449       0.000       303.0       0.000    
   17800   7.894      0.3978E-03 SHELL      12692  -0.0%   3342.       7064.      0.2745     -0.4449       0.000       303.0       0.000    
   17900   7.934      0.3978E-03 SHELL      12692  -0.0%   3353.       7053.      0.2731     -0.4452       0.000       303.0       0.000    
   18000   7.974      0.3978E-03 SHELL      12692  -0.0%   3364.       7042.      0.2765     -0.4452       0.000       303.0       0.000    
     ANIMATION FILE: combineA017 WRITTEN
   18100   8.013      0.3978E-03 SHELL      12692  -0.0%   3375.       7031.      0.2904     -0.4451       0.000       303.0       0.000    
   18200   8.053      0.3978E-03 SHELL      12692  -0.0%   3386.       7020.      0.2876     -0.4451       0.000       303.0       0.000    
   18300   8.093      0.3978E-03 SHELL      12692  -0.0%   3396.       7009.      0.2785     -0.4450       0.000       303.0       0.000    
   18400   8.133      0.3978E-03 SHELL      12692  -0.0%   3407.       6999.      0.2729     -0.4450       0.000       303.0       0.000    
   18500   8.172      0.3978E-03 SHELL      12692  -0.0%   3417.       6989.      0.2799     -0.4450       0.000       303.0       0.000    
   18600   8.212      0.3978E-03 SHELL      12692  -0.0%   3427.       6979.      0.2944     -0.4449       0.000       303.0       0.000    
   18700   8.252      0.3978E-03 SHELL      12692  -0.0%   3437.       6969.      0.2864     -0.4449       0.000       303.0       0.000    
   18800   8.292      0.3978E-03 SHELL      12692  -0.0%   3447.       6959.      0.2818     -0.4449       0.000       303.0       0.000    
   18900   8.332      0.3978E-03 SHELL      12692  -0.0%   3457.       6949.      0.2755     -0.4448       0.000       303.0       0.000    
   19000   8.371      0.3979E-03 SHELL      12692  -0.0%   3467.       6940.      0.2631     -0.4448       0.000       303.0       0.000    
   19100   8.411      0.3979E-03 SHELL      12692  -0.0%   3476.       6930.      0.2578     -0.4448       0.000       303.0       0.000    
   19200   8.451      0.3978E-03 SHELL      12692  -0.0%   3486.       6920.      0.2510     -0.4447       0.000       303.0       0.000    
   19300   8.491      0.3978E-03 SHELL      12692  -0.0%   3496.       6911.      0.2587     -0.4447       0.000       303.0       0.000    
     ANIMATION FILE: combineA018 WRITTEN
   19400   8.530      0.3978E-03 SHELL      12692  -0.0%   3505.       6901.      0.2692     -0.4447       0.000       303.0       0.000    
   19500   8.570      0.3978E-03 SHELL      12692  -0.0%   3514.       6892.      0.2633     -0.4446       0.000       303.0       0.000    
   19600   8.610      0.3978E-03 SHELL      12692  -0.0%   3523.       6883.      0.2556     -0.4446       0.000       303.0       0.000    
   19700   8.650      0.3978E-03 SHELL      12692  -0.0%   3533.       6874.      0.2556     -0.4446       0.000       303.0       0.000    
   19800   8.690      0.3978E-03 SHELL      12692  -0.0%   3541.       6865.      0.2574     -0.4445       0.000       303.0       0.000    
   19900   8.729      0.3978E-03 SHELL      12692  -0.0%   3550.       6856.      0.2572     -0.4445       0.000       303.0       0.000    
   20000   8.769      0.3978E-03 SHELL      12692  -0.0%   3559.       6847.      0.2575     -0.4445       0.000       303.0       0.000    
   20100   8.809      0.3978E-03 SHELL      12692  -0.0%   3568.       6838.      0.2482     -0.4445       0.000       303.0       0.000    
   20200   8.849      0.3978E-03 SHELL      12692  -0.0%   3577.       6829.      0.2540     -0.4444       0.000       303.0       0.000    
   20300   8.889      0.3978E-03 SHELL      12692  -0.0%   3586.       6820.      0.2521     -0.4444       0.000       303.0       0.000    
   20400   8.928      0.3978E-03 SHELL      12692  -0.0%   3595.       6811.      0.2448     -0.4444       0.000       303.0       0.000    
   20500   8.968      0.3978E-03 SHELL      12692  -0.0%   3603.       6803.      0.2489     -0.4443       0.000       303.0       0.000    
     ANIMATION FILE: combineA019 WRITTEN
   20600   9.008      0.3978E-03 SHELL      12692  -0.0%   3612.       6794.      0.2463     -0.4443       0.000       303.0       0.000    
   20700   9.048      0.3978E-03 SHELL      12692  -0.0%   3621.       6785.      0.2417     -0.4443       0.000       303.0       0.000    
   20800   9.087      0.3978E-03 SHELL      12692  -0.0%   3630.       6776.      0.2373     -0.4443       0.000       303.0       0.000    
   20900   9.127      0.3978E-03 SHELL      12692  -0.0%   3639.       6767.      0.2343     -0.4442       0.000       303.0       0.000    
   21000   9.167      0.3978E-03 SHELL      12692  -0.0%   3647.       6759.      0.2338     -0.4442       0.000       303.0       0.000    
   21100   9.207      0.3978E-03 SHELL      12692  -0.0%   3656.       6750.      0.2400     -0.4442       0.000       303.0       0.000    
   21200   9.247      0.3978E-03 SHELL      12692  -0.0%   3664.       6741.      0.2384     -0.4441       0.000       303.0       0.000    
   21300   9.286      0.3978E-03 SHELL      12692  -0.0%   3673.       6733.      0.2434     -0.4441       0.000       303.0       0.000    
   21400   9.326      0.3978E-03 SHELL      12692  -0.0%   3682.       6724.      0.2476     -0.4441       0.000       303.0       0.000    
   21500   9.366      0.3978E-03 SHELL      12692  -0.0%   3690.       6716.      0.2493     -0.4441       0.000       303.0       0.000    
   21600   9.406      0.3978E-03 SHELL      12692  -0.0%   3699.       6707.      0.2495     -0.4440       0.000       303.0       0.000    
   21700   9.446      0.3978E-03 SHELL      12692  -0.0%   3708.       6698.      0.2477     -0.4440       0.000       303.0       0.000    
   21800   9.485      0.3978E-03 SHELL      12692  -0.0%   3716.       6690.      0.2556     -0.4440       0.000       303.0       0.000    
     ANIMATION FILE: combineA020 WRITTEN
   21900   9.525      0.3978E-03 SHELL      12692  -0.0%   3725.       6681.      0.2562     -0.4440       0.000       303.0       0.000    
   CYCLE    TIME      TIME-STEP  ELEMENT          ERROR  I-ENERGY    K-ENERGY T  K-ENERGY R  EXT-WORK     MAS.ERR     TOTAL MASS  MASS ADDED
   22000   9.565      0.3978E-03 SHELL      12692  -0.0%   3733.       6673.      0.2582     -0.4439       0.000       303.0       0.000    
   22100   9.605      0.3978E-03 SHELL      12692  -0.0%   3742.       6664.      0.2632     -0.4439       0.000       303.0       0.000    
   22200   9.644      0.3978E-03 SHELL      12692  -0.0%   3750.       6656.      0.2633     -0.4439       0.000       303.0       0.000    
   22300   9.684      0.3978E-03 SHELL      12692  -0.0%   3759.       6647.      0.2543     -0.4438       0.000       303.0       0.000    
   22400   9.724      0.3978E-03 SHELL      12692  -0.0%   3767.       6639.      0.2561     -0.4438       0.000       303.0       0.000    
   22500   9.764      0.3978E-03 SHELL      12692  -0.0%   3776.       6630.      0.2658     -0.4438       0.000       303.0       0.000    
   22600   9.804      0.3978E-03 SHELL      12692  -0.0%   3784.       6622.      0.2539     -0.4438       0.000       303.0       0.000    
   22700   9.843      0.3978E-03 SHELL      12692  -0.0%   3793.       6613.      0.2531     -0.4437       0.000       303.0       0.000    
   22800   9.883      0.3978E-03 SHELL      12692  -0.0%   3801.       6605.      0.2503     -0.4437       0.000       303.0       0.000    
   22900   9.923      0.3978E-03 SHELL      12692  -0.0%   3810.       6596.      0.2350     -0.4437       0.000       303.0       0.000    
   23000   9.963      0.3978E-03 SHELL      12692  -0.0%   3818.       6588.      0.2247     -0.4437       0.000       303.0       0.000    
     ANIMATION FILE: combineA021 WRITTEN
   23100   10.00      0.3978E-03 SHELL      12692  -0.0%   3827.       6580.      0.2278     -0.4436       0.000       303.0       0.000    
   23200   10.04      0.3978E-03 SHELL      12692  -0.0%   3835.       6571.      0.2402     -0.4436       0.000       303.0       0.000    
   23300   10.08      0.3978E-03 SHELL      12692  -0.0%   3843.       6563.      0.2506     -0.4436       0.000       303.0       0.000    
   23400   10.12      0.3978E-03 SHELL      12692  -0.0%   3852.       6554.      0.2671     -0.4438       0.000       303.0       0.000    
   23500   10.16      0.3978E-03 SHELL      12692  -0.0%   3860.       6546.      0.2840     -0.4438       0.000       303.0       0.000    
   23600   10.20      0.3978E-03 SHELL      12692  -0.0%   3869.       6537.      0.2936     -0.4438       0.000       303.0       0.000    
   23700   10.24      0.3978E-03 SHELL      12692  -0.0%   3877.       6529.      0.3156     -0.4437       0.000       303.0       0.000    
   23800   10.28      0.3978E-03 SHELL      12692  -0.0%   3886.       6520.      0.3323     -0.4437       0.000       303.0       0.000    
   23900   10.32      0.3978E-03 SHELL      12692  -0.0%   3894.       6512.      0.3587     -0.4437       0.000       303.0       0.000    
   24000   10.36      0.3978E-03 SHELL      12692  -0.0%   3902.       6503.      0.3759     -0.4437       0.000       303.0       0.000    
   24100   10.40      0.3978E-03 SHELL      12692  -0.0%   3911.       6495.      0.3580     -0.4436       0.000       303.0       0.000    
   24200   10.44      0.3978E-03 SHELL      12692  -0.0%   3919.       6487.      0.3173     -0.4436       0.000       303.0       0.000    
   24300   10.48      0.3972E-03 SHELL      12222  -0.0%   3928.       6478.      0.2734     -0.4436       0.000       303.0       0.000    
     ANIMATION FILE: combineA022 WRITTEN
   24400   10.52      0.3961E-03 SHELL      12222  -0.0%   3936.       6470.      0.2432     -0.4436       0.000       303.0       0.000    
   24500   10.56      0.3952E-03 SHELL      12222  -0.0%   3944.       6462.      0.2347     -0.4435       0.000       303.0       0.000    
   24600   10.60      0.3944E-03 SHELL      12222  -0.0%   3953.       6453.      0.2412     -0.4435       0.000       303.0       0.000    
   24700   10.64      0.3935E-03 SHELL      12222  -0.0%   3961.       6445.      0.2356     -0.4435       0.000       303.0       0.000    
   24800   10.68      0.3929E-03 SHELL      12222  -0.0%   3969.       6437.      0.2270     -0.4434       0.000       303.0       0.000    
   24900   10.72      0.3923E-03 SHELL      12222  -0.0%   3978.       6428.      0.2269     -0.4434       0.000       303.0       0.000    
   25000   10.76      0.3918E-03 SHELL      12222  -0.0%   3986.       6420.      0.2246     -0.4434       0.000       303.0       0.000    
   25100   10.79      0.3913E-03 SHELL      12222  -0.0%   3995.       6411.      0.2205     -0.4434       0.000       303.0       0.000    
   25200   10.83      0.3908E-03 SHELL      12222  -0.0%   4004.       6402.      0.2237     -0.4433       0.000       303.0       0.000    
   25300   10.87      0.3905E-03 SHELL      12222  -0.0%   4012.       6394.      0.2244     -0.4433       0.000       303.0       0.000    
   25400   10.91      0.3903E-03 SHELL      12222  -0.0%   4021.       6385.      0.2258     -0.4433       0.000       303.0       0.000    
   25500   10.95      0.3901E-03 SHELL      12222  -0.0%   4030.       6376.      0.2320     -0.4432       0.000       303.0       0.000    
   25600   10.99      0.3900E-03 SHELL      12222  -0.0%   4039.       6366.      0.2330     -0.4432       0.000       303.0       0.000    
     ANIMATION FILE: combineA023 WRITTEN
   25700   11.03      0.3899E-03 SHELL      12222  -0.0%   4048.       6357.      0.2379     -0.4432       0.000       303.0       0.000    
   25800   11.07      0.3898E-03 SHELL      12222  -0.0%   4058.       6348.      0.2335     -0.4431       0.000       303.0       0.000    
   25900   11.11      0.3898E-03 SHELL      12222  -0.0%   4067.       6339.      0.2160     -0.4431       0.000       303.0       0.000    
   26000   11.15      0.3897E-03 SHELL      12222  -0.0%   4076.       6329.      0.2178     -0.4431       0.000       303.0       0.000    
   26100   11.18      0.3896E-03 SHELL      12222  -0.0%   4085.       6320.      0.2185     -0.4430       0.000       303.0       0.000    
   26200   11.22      0.3895E-03 SHELL      12222  -0.0%   4095.       6310.      0.2148     -0.4430       0.000       303.0       0.000    
   26300   11.26      0.3894E-03 SHELL      12222  -0.0%   4104.       6301.      0.2162     -0.4430       0.000       303.0       0.000    
   26400   11.30      0.3893E-03 SHELL      12222  -0.0%   4114.       6291.      0.2153     -0.4429       0.000       303.0       0.000    
   26500   11.34      0.3892E-03 SHELL      12222  -0.0%   4124.       6281.      0.2165     -0.4429       0.000       303.0       0.000    
   26600   11.38      0.3891E-03 SHELL      12222  -0.0%   4133.       6271.      0.2214     -0.4428       0.000       303.0       0.000    
   26700   11.42      0.3891E-03 SHELL      12222  -0.0%   4143.       6261.      0.2291     -0.4428       0.000       303.0       0.000    
   26800   11.46      0.3890E-03 SHELL      12222  -0.0%   4153.       6251.      0.2334     -0.4428       0.000       303.0       0.000    
   26900   11.50      0.3890E-03 SHELL      12222  -0.0%   4163.       6241.      0.2364     -0.4427       0.000       303.0       0.000    
     ANIMATION FILE: combineA024 WRITTEN
   27000   11.54      0.3889E-03 SHELL      12222  -0.0%   4173.       6232.      0.2397     -0.4427       0.000       303.0       0.000    
   27100   11.57      0.3889E-03 SHELL      12222  -0.0%   4182.       6222.      0.2446     -0.4426       0.000       303.0       0.000    
   27200   11.61      0.3889E-03 SHELL      12222  -0.0%   4192.       6212.      0.2382     -0.4426       0.000       303.0       0.000    
   27300   11.65      0.3888E-03 SHELL      12222  -0.0%   4202.       6202.      0.2356     -0.4426       0.000       303.0       0.000    
   27400   11.69      0.3887E-03 SHELL      12222  -0.0%   4211.       6193.      0.2337     -0.4425       0.000       303.0       0.000    
   CYCLE    TIME      TIME-STEP  ELEMENT          ERROR  I-ENERGY    K-ENERGY T  K-ENERGY R  EXT-WORK     MAS.ERR     TOTAL MASS  MASS ADDED
   27500   11.73      0.3887E-03 SHELL      12222  -0.0%   4221.       6183.      0.2317     -0.4425       0.000       303.0       0.000    
   27600   11.77      0.3886E-03 SHELL      12222  -0.0%   4230.       6174.      0.2299     -0.4425       0.000       303.0       0.000    
   27700   11.81      0.3885E-03 SHELL      12222  -0.0%   4240.       6164.      0.2299     -0.4424       0.000       303.0       0.000    
   27800   11.85      0.3884E-03 SHELL      12222  -0.0%   4249.       6154.      0.2253     -0.4424       0.000       303.0       0.000    
   27900   11.89      0.3883E-03 SHELL      12222  -0.0%   4259.       6145.      0.2253     -0.4423       0.000       303.0       0.000    
   28000   11.92      0.3882E-03 SHELL      12222  -0.0%   4268.       6135.      0.2279     -0.4423       0.000       303.0       0.000    
   28100   11.96      0.3881E-03 SHELL      12222  -0.0%   4278.       6126.      0.2244     -0.4423       0.000       303.0       0.000    
     ANIMATION FILE: combineA025 WRITTEN
   28200   12.00      0.3880E-03 SHELL      12222  -0.0%   4287.       6116.      0.2232     -0.4422       0.000       303.0       0.000    
   28300   12.04      0.3880E-03 SHELL      12222  -0.0%   4297.       6106.      0.2329     -0.4422       0.000       303.0       0.000    
   28400   12.08      0.3879E-03 SHELL      12222  -0.0%   4307.       6097.      0.2329     -0.4422       0.000       303.0       0.000    
   28500   12.12      0.3878E-03 SHELL      12222  -0.0%   4316.       6087.      0.2337     -0.4421       0.000       303.0       0.000    
   28600   12.16      0.3878E-03 SHELL      12222  -0.0%   4325.       6078.      0.2287     -0.4421       0.000       303.0       0.000    
   28700   12.20      0.3877E-03 SHELL      12222  -0.0%   4335.       6068.      0.2235     -0.4420       0.000       303.0       0.000    
   28800   12.23      0.3876E-03 SHELL      12222  -0.0%   4344.       6059.      0.2262     -0.4420       0.000       303.0       0.000    
   28900   12.27      0.3876E-03 SHELL      12222  -0.0%   4353.       6050.      0.2295     -0.4420       0.000       303.0       0.000    
   29000   12.31      0.3875E-03 SHELL      12222  -0.0%   4362.       6041.      0.2258     -0.4419       0.000       303.0       0.000    
   29100   12.35      0.3874E-03 SHELL      12222  -0.0%   4370.       6032.      0.2324     -0.4419       0.000       303.0       0.000    
   29200   12.39      0.3874E-03 SHELL      12222  -0.1%   4379.       6023.      0.2245     -0.4419       0.000       303.0       0.000    
   29300   12.43      0.3873E-03 SHELL      12222  -0.1%   4388.       6014.      0.2190     -0.4418       0.000       303.0       0.000    
   29400   12.47      0.3872E-03 SHELL      12222  -0.1%   4397.       6005.      0.2321     -0.4418       0.000       303.0       0.000    
     ANIMATION FILE: combineA026 WRITTEN
   29500   12.51      0.3871E-03 SHELL      12222  -0.1%   4406.       5996.      0.2330     -0.4418       0.000       303.0       0.000    
   29600   12.54      0.3870E-03 SHELL      12222  -0.1%   4415.       5987.      0.2345     -0.4417       0.000       303.0       0.000    
   29700   12.58      0.3870E-03 SHELL      12222  -0.1%   4424.       5978.      0.2371     -0.4417       0.000       303.0       0.000    
   29800   12.62      0.3869E-03 SHELL      12222  -0.1%   4433.       5968.      0.2368     -0.4417       0.000       303.0       0.000    
   29900   12.66      0.3868E-03 SHELL      12222  -0.1%   4442.       5959.      0.2370     -0.4417       0.000       303.0       0.000    
   30000   12.70      0.3867E-03 SHELL      12222  -0.1%   4451.       5950.      0.2437     -0.4416       0.000       303.0       0.000    
   30100   12.74      0.3866E-03 SHELL      12222  -0.1%   4460.       5941.      0.2419     -0.4416       0.000       303.0       0.000    
   30200   12.78      0.3865E-03 SHELL      12222  -0.1%   4469.       5932.      0.2436     -0.4416       0.000       303.0       0.000    
   30300   12.81      0.3865E-03 SHELL      12222  -0.1%   4478.       5923.      0.2511     -0.4415       0.000       303.0       0.000    
   30400   12.85      0.3864E-03 SHELL      12222  -0.1%   4488.       5913.      0.2468     -0.4415       0.000       303.0       0.000    
   30500   12.89      0.3863E-03 SHELL      12222  -0.1%   4497.       5904.      0.2493     -0.4414       0.000       303.0       0.000    
   30600   12.93      0.3863E-03 SHELL      12222  -0.1%   4507.       5894.      0.2441     -0.4414       0.000       303.0       0.000    
   30700   12.97      0.3862E-03 SHELL      12222  -0.1%   4516.       5885.      0.2484     -0.4414       0.000       303.0       0.000    
     ANIMATION FILE: combineA027 WRITTEN
   30800   13.01      0.3862E-03 SHELL      12222  -0.1%   4525.       5876.      0.2520     -0.4413       0.000       303.0       0.000    
   30900   13.05      0.3861E-03 SHELL      12222  -0.1%   4535.       5866.      0.2473     -0.4413       0.000       303.0       0.000    
   31000   13.09      0.3861E-03 SHELL      12222  -0.1%   4544.       5857.      0.2442     -0.4412       0.000       303.0       0.000    
   31100   13.12      0.3860E-03 SHELL      12222  -0.1%   4553.       5847.      0.2374     -0.4412       0.000       303.0       0.000    
   31200   13.16      0.3860E-03 SHELL      12222  -0.1%   4562.       5838.      0.2357     -0.4412       0.000       303.0       0.000    
   31300   13.20      0.3860E-03 SHELL      12222  -0.1%   4571.       5829.      0.2303     -0.4411       0.000       303.0       0.000    
   31400   13.24      0.3859E-03 SHELL      12222  -0.1%   4580.       5820.      0.2362     -0.4411       0.000       303.0       0.000    
   31500   13.28      0.3859E-03 SHELL      12222  -0.1%   4589.       5811.      0.2317     -0.4411       0.000       303.0       0.000    
   31600   13.32      0.3859E-03 SHELL      12222  -0.1%   4598.       5802.      0.2291     -0.4410       0.000       303.0       0.000    
   31700   13.36      0.3858E-03 SHELL      12222  -0.1%   4607.       5793.      0.2207     -0.4410       0.000       303.0       0.000    
   31800   13.39      0.3858E-03 SHELL      12222  -0.1%   4616.       5784.      0.2271     -0.4410       0.000       303.0       0.000    
   31900   13.43      0.3857E-03 SHELL      12222  -0.1%   4625.       5775.      0.2314     -0.4409       0.000       303.0       0.000    
   32000   13.47      0.3857E-03 SHELL      12222  -0.1%   4634.       5765.      0.2323     -0.4409       0.000       303.0       0.000    
     ANIMATION FILE: combineA028 WRITTEN
   32100   13.51      0.3857E-03 SHELL      12222  -0.1%   4644.       5755.      0.2325     -0.4408       0.000       303.0       0.000    
   32200   13.55      0.3857E-03 SHELL      12222  -0.1%   4653.       5746.      0.2252     -0.4408       0.000       303.0       0.000    
   32300   13.59      0.3857E-03 SHELL      12222  -0.1%   4662.       5736.      0.2259     -0.4408       0.000       303.0       0.000    
   32400   13.63      0.3856E-03 SHELL      12222  -0.1%   4672.       5727.      0.2292     -0.4407       0.000       303.0       0.000    
   32500   13.66      0.3856E-03 SHELL      12222  -0.1%   4681.       5717.      0.2297     -0.4407       0.000       303.0       0.000    
   32600   13.70      0.3856E-03 SHELL      12222  -0.1%   4691.       5708.      0.2307     -0.4406       0.000       303.0       0.000    
   32700   13.74      0.3856E-03 SHELL      12222  -0.1%   4700.       5698.      0.2236     -0.4407       0.000       303.0       0.000    
   32800   13.78      0.3856E-03 SHELL      12222  -0.1%   4710.       5688.      0.2254     -0.4406       0.000       303.0       0.000    
   32900   13.82      0.3856E-03 SHELL      12222  -0.1%   4719.       5679.      0.2308     -0.4406       0.000       303.0       0.000    
   CYCLE    TIME      TIME-STEP  ELEMENT          ERROR  I-ENERGY    K-ENERGY T  K-ENERGY R  EXT-WORK     MAS.ERR     TOTAL MASS  MASS ADDED
   33000   13.86      0.3857E-03 SHELL      12222  -0.1%   4728.       5669.      0.2344     -0.4406       0.000       303.0       0.000    
   33100   13.90      0.3857E-03 SHELL      12222  -0.1%   4738.       5660.      0.2318     -0.4406       0.000       303.0       0.000    
   33200   13.93      0.3857E-03 SHELL      12222  -0.1%   4747.       5650.      0.2261     -0.4406       0.000       303.0       0.000    
   33300   13.97      0.3857E-03 SHELL      12222  -0.1%   4756.       5641.      0.2270     -0.4405       0.000       303.0       0.000    
     ANIMATION FILE: combineA029 WRITTEN
   33400   14.01      0.3857E-03 SHELL      12222  -0.1%   4765.       5632.      0.2329     -0.4405       0.000       303.0       0.000    
   33500   14.05      0.3857E-03 SHELL      12222  -0.1%   4774.       5623.      0.2325     -0.4404       0.000       303.0       0.000    
   33600   14.09      0.3856E-03 SHELL      12222  -0.1%   4783.       5614.      0.2359     -0.4404       0.000       303.0       0.000    
   33700   14.13      0.3855E-03 SHELL      12222  -0.1%   4791.       5605.      0.2375     -0.4404       0.000       303.0       0.000    
   33800   14.17      0.3855E-03 SHELL      12222  -0.1%   4801.       5595.      0.2322     -0.4404       0.000       303.0       0.000    
   33900   14.20      0.3854E-03 SHELL      12222  -0.1%   4810.       5586.      0.2256     -0.4403       0.000       303.0       0.000    
   34000   14.24      0.3854E-03 SHELL      12222  -0.1%   4819.       5576.      0.2243     -0.4403       0.000       303.0       0.000    
   34100   14.28      0.3854E-03 SHELL      12222  -0.1%   4829.       5567.      0.2229     -0.4403       0.000       303.0       0.000    
   34200   14.32      0.3853E-03 SHELL      12222  -0.1%   4838.       5557.      0.2299     -0.4405       0.000       303.0       0.000    
   34300   14.36      0.3853E-03 SHELL      12222  -0.1%   4848.       5548.      0.2293     -0.4405       0.000       303.0       0.000    
   34400   14.40      0.3852E-03 SHELL      12222  -0.1%   4857.       5538.      0.2301     -0.4404       0.000       303.0       0.000    
   34500   14.43      0.3852E-03 SHELL      12222  -0.1%   4866.       5528.      0.2383     -0.4404       0.000       303.0       0.000    
   34600   14.47      0.3852E-03 SHELL      12222  -0.1%   4876.       5519.      0.2367     -0.4403       0.000       303.0       0.000    
     ANIMATION FILE: combineA030 WRITTEN
   34700   14.51      0.3851E-03 SHELL      12222  -0.1%   4885.       5510.      0.2322     -0.4403       0.000       303.0       0.000    
   34800   14.55      0.3852E-03 SHELL      12222  -0.1%   4894.       5500.      0.2204     -0.4403       0.000       303.0       0.000    
   34900   14.59      0.3852E-03 SHELL      12222  -0.1%   4904.       5491.      0.2126     -0.4402       0.000       303.0       0.000    
   35000   14.63      0.3852E-03 SHELL      12222  -0.1%   4913.       5481.      0.2142     -0.4402       0.000       303.0       0.000    
   35100   14.67      0.3853E-03 SHELL      12222  -0.1%   4923.       5471.      0.2199     -0.4404       0.000       303.0       0.000    
   35200   14.70      0.3853E-03 SHELL      12222  -0.1%   4933.       5461.      0.2255     -0.4406       0.000       303.0       0.000    
   35300   14.74      0.3854E-03 SHELL      12222  -0.1%   4943.       5450.      0.2296     -0.4405       0.000       303.0       0.000    
   35400   14.78      0.3854E-03 SHELL      12222  -0.1%   4954.       5440.      0.2312     -0.4405       0.000       303.0       0.000    
   35500   14.82      0.3854E-03 SHELL      12222  -0.1%   4964.       5429.      0.2320     -0.4404       0.000       303.0       0.000    
   35600   14.86      0.3854E-03 SHELL      12222  -0.1%   4974.       5419.      0.2300     -0.4404       0.000       303.0       0.000    
   35700   14.90      0.3854E-03 SHELL      12222  -0.1%   4985.       5408.      0.2321     -0.4403       0.000       303.0       0.000    
   35800   14.94      0.3854E-03 SHELL      12222  -0.1%   4995.       5397.      0.2258     -0.4403       0.000       303.0       0.000    
   35900   14.97      0.3854E-03 SHELL      12222  -0.1%   5006.       5387.      0.2230     -0.4403       0.000       303.0       0.000    
     ANIMATION FILE: combineA031 WRITTEN
   36000   15.01      0.3855E-03 SHELL      12222  -0.2%   5016.       5376.      0.2206     -0.4402       0.000       303.0       0.000    
   36100   15.05      0.3855E-03 SHELL      12222  -0.2%   5026.       5365.      0.2171     -0.4402       0.000       303.0       0.000    
   36200   15.09      0.3855E-03 SHELL      12222  -0.2%   5037.       5355.      0.2178     -0.4401       0.000       303.0       0.000    
   36300   15.13      0.3855E-03 SHELL      12222  -0.2%   5047.       5345.      0.2132     -0.4401       0.000       303.0       0.000    
   36400   15.17      0.3856E-03 SHELL      12222  -0.2%   5057.       5335.      0.2082     -0.4400       0.000       303.0       0.000    
   36500   15.21      0.3856E-03 SHELL      12222  -0.2%   5066.       5325.      0.2107     -0.4400       0.000       303.0       0.000    
   36600   15.24      0.3856E-03 SHELL      12222  -0.2%   5076.       5315.      0.2151     -0.4400       0.000       303.0       0.000    
   36700   15.28      0.3856E-03 SHELL      12222  -0.2%   5085.       5306.      0.2269     -0.4399       0.000       303.0       0.000    
   36800   15.32      0.3857E-03 SHELL      12222  -0.2%   5094.       5297.      0.2370     -0.4399       0.000       303.0       0.000    
   36900   15.36      0.3858E-03 SHELL      12222  -0.2%   5103.       5288.      0.2459     -0.4398       0.000       303.0       0.000    
   37000   15.40      0.3860E-03 SHELL      12222  -0.2%   5112.       5278.      0.2537     -0.4398       0.000       303.0       0.000    
   37100   15.44      0.3861E-03 SHELL      12222  -0.2%   5121.       5269.      0.2573     -0.4398       0.000       303.0       0.000    
   37200   15.48      0.3863E-03 SHELL      12222  -0.2%   5131.       5259.      0.2488     -0.4397       0.000       303.0       0.000    
     ANIMATION FILE: combineA032 WRITTEN
   37300   15.51      0.3864E-03 SHELL      12222  -0.2%   5141.       5249.      0.2435     -0.4397       0.000       303.0       0.000    
   37400   15.55      0.3866E-03 SHELL      12222  -0.2%   5151.       5238.      0.2418     -0.4397       0.000       303.0       0.000    
   37500   15.59      0.3867E-03 SHELL      12222  -0.2%   5162.       5228.      0.2352     -0.4396       0.000       303.0       0.000    
   37600   15.63      0.3869E-03 SHELL      12222  -0.2%   5172.       5217.      0.2367     -0.4396       0.000       303.0       0.000    
   37700   15.67      0.3870E-03 SHELL      12222  -0.2%   5183.       5206.      0.2352     -0.4395       0.000       303.0       0.000    
   37800   15.71      0.3872E-03 SHELL      12222  -0.2%   5194.       5195.      0.2264     -0.4395       0.000       303.0       0.000    
   37900   15.75      0.3873E-03 SHELL      12222  -0.2%   5204.       5185.      0.2164     -0.4394       0.000       303.0       0.000    
   38000   15.79      0.3874E-03 SHELL      12222  -0.2%   5214.       5174.      0.2135     -0.4393       0.000       303.0       0.000    
   38100   15.82      0.3875E-03 SHELL      12222  -0.2%   5224.       5164.      0.2159     -0.4393       0.000       303.0       0.000    
   38200   15.86      0.3876E-03 SHELL      12222  -0.2%   5235.       5154.      0.2246     -0.4392       0.000       303.0       0.000    
   38300   15.90      0.3877E-03 SHELL      12222  -0.2%   5245.       5144.      0.2367     -0.4392       0.000       303.0       0.000    
   38400   15.94      0.3878E-03 SHELL      12222  -0.2%   5255.       5133.      0.2398     -0.4391       0.000       303.0       0.000    
   CYCLE    TIME      TIME-STEP  ELEMENT          ERROR  I-ENERGY    K-ENERGY T  K-ENERGY R  EXT-WORK     MAS.ERR     TOTAL MASS  MASS ADDED
   38500   15.98      0.3879E-03 SHELL      12222  -0.2%   5265.       5122.      0.2397     -0.4390       0.000       303.0       0.000    
     ANIMATION FILE: combineA033 WRITTEN
   38600   16.02      0.3880E-03 SHELL      12222  -0.2%   5276.       5112.      0.2445     -0.4390       0.000       303.0       0.000    
   38700   16.06      0.3881E-03 SHELL      12222  -0.2%   5287.       5101.      0.2446     -0.4389       0.000       303.0       0.000    
   38800   16.10      0.3882E-03 SHELL      12222  -0.2%   5298.       5089.      0.2349     -0.4389       0.000       303.0       0.000    
   38900   16.13      0.3882E-03 SHELL      12222  -0.2%   5309.       5078.      0.2270     -0.4388       0.000       303.0       0.000    
   39000   16.17      0.3883E-03 SHELL      12222  -0.2%   5320.       5067.      0.2228     -0.4388       0.000       303.0       0.000    
   39100   16.21      0.3883E-03 SHELL      12222  -0.2%   5331.       5056.      0.2212     -0.4387       0.000       303.0       0.000    
   39200   16.25      0.3884E-03 SHELL      12222  -0.2%   5341.       5046.      0.2308     -0.4387       0.000       303.0       0.000    
   39300   16.29      0.3883E-03 SHELL      12222  -0.2%   5352.       5035.      0.2400     -0.4386       0.000       303.0       0.000    
   39400   16.33      0.3883E-03 SHELL      12222  -0.2%   5361.       5025.      0.2421     -0.4385       0.000       303.0       0.000    
   39500   16.37      0.3883E-03 SHELL      12222  -0.2%   5371.       5016.      0.2389     -0.4385       0.000       303.0       0.000    
   39600   16.41      0.3883E-03 SHELL      12222  -0.2%   5380.       5007.      0.2381     -0.4384       0.000       303.0       0.000    
   39700   16.45      0.3884E-03 SHELL      12222  -0.2%   5389.       4998.      0.2414     -0.4384       0.000       303.0       0.000    
   39800   16.48      0.3885E-03 SHELL      12222  -0.2%   5397.       4989.      0.2506     -0.4384       0.000       303.0       0.000    
     ANIMATION FILE: combineA034 WRITTEN
   39900   16.52      0.3886E-03 SHELL      12222  -0.2%   5406.       4980.      0.2554     -0.4383       0.000       303.0       0.000    
   40000   16.56      0.3887E-03 SHELL      12222  -0.2%   5415.       4971.      0.2600     -0.4383       0.000       303.0       0.000    
   40100   16.60      0.3889E-03 SHELL      12222  -0.2%   5424.       4962.      0.2596     -0.4382       0.000       303.0       0.000    
   40200   16.64      0.3890E-03 SHELL      12222  -0.2%   5434.       4952.      0.2565     -0.4382       0.000       303.0       0.000    
   40300   16.68      0.3892E-03 SHELL      12222  -0.2%   5444.       4942.      0.2561     -0.4381       0.000       303.0       0.000    
   40400   16.72      0.3893E-03 SHELL      12222  -0.2%   5454.       4932.      0.2538     -0.4381       0.000       303.0       0.000    
   40500   16.76      0.3894E-03 SHELL      12222  -0.2%   5464.       4922.      0.2501     -0.4381       0.000       303.0       0.000    
   40600   16.80      0.3895E-03 SHELL      12222  -0.2%   5474.       4912.      0.2329     -0.4380       0.000       303.0       0.000    
   40700   16.83      0.3896E-03 SHELL      12222  -0.2%   5484.       4902.      0.2153     -0.4380       0.000       303.0       0.000    
   40800   16.87      0.3897E-03 SHELL      12222  -0.2%   5493.       4892.      0.2106     -0.4379       0.000       303.0       0.000    
   40900   16.91      0.3897E-03 SHELL      12222  -0.2%   5502.       4883.      0.2123     -0.4379       0.000       303.0       0.000    
   41000   16.95      0.3898E-03 SHELL      12222  -0.2%   5511.       4874.      0.2189     -0.4378       0.000       303.0       0.000    
   41100   16.99      0.3899E-03 SHELL      12222  -0.2%   5520.       4865.      0.2266     -0.4378       0.000       303.0       0.000    
     ANIMATION FILE: combineA035 WRITTEN
   41200   17.03      0.3899E-03 SHELL      12222  -0.2%   5528.       4857.      0.2351     -0.4377       0.000       303.0       0.000    
   41300   17.07      0.3900E-03 SHELL      12222  -0.2%   5537.       4848.      0.2415     -0.4377       0.000       303.0       0.000    
   41400   17.11      0.3902E-03 SHELL      12222  -0.2%   5545.       4839.      0.2384     -0.4377       0.000       303.0       0.000    
   41500   17.15      0.3903E-03 SHELL      12222  -0.2%   5554.       4830.      0.2337     -0.4376       0.000       303.0       0.000    
   41600   17.18      0.3905E-03 SHELL      12222  -0.2%   5563.       4822.      0.2374     -0.4376       0.000       303.0       0.000    
   41700   17.22      0.3907E-03 SHELL      12222  -0.2%   5571.       4813.      0.2414     -0.4375       0.000       303.0       0.000    
   41800   17.26      0.3908E-03 SHELL      12222  -0.2%   5580.       4804.      0.2444     -0.4375       0.000       303.0       0.000    
   41900   17.30      0.3910E-03 SHELL      12222  -0.2%   5589.       4795.      0.2526     -0.4375       0.000       303.0       0.000    
   42000   17.34      0.3911E-03 SHELL      12222  -0.2%   5597.       4786.      0.2607     -0.4374       0.000       303.0       0.000    
   42100   17.38      0.3913E-03 SHELL      12222  -0.2%   5607.       4777.      0.2603     -0.4374       0.000       303.0       0.000    
   42200   17.42      0.3914E-03 SHELL      12222  -0.2%   5616.       4768.      0.2577     -0.4373       0.000       303.0       0.000    
   42300   17.46      0.3916E-03 SHELL      12222  -0.2%   5625.       4758.      0.2589     -0.4373       0.000       303.0       0.000    
   42400   17.50      0.3918E-03 SHELL      12222  -0.2%   5635.       4748.      0.2585     -0.4373       0.000       303.0       0.000    
     ANIMATION FILE: combineA036 WRITTEN
   42500   17.54      0.3920E-03 SHELL      12222  -0.2%   5644.       4739.      0.2548     -0.4372       0.000       303.0       0.000    
   42600   17.58      0.3925E-03 SHELL      12222  -0.2%   5654.       4730.      0.2536     -0.4372       0.000       303.0       0.000    
   42700   17.62      0.3928E-03 SHELL      12222  -0.2%   5663.       4720.      0.2631     -0.4371       0.000       303.0       0.000    
   42800   17.65      0.3931E-03 SHELL      12222  -0.2%   5673.       4710.      0.2747     -0.4371       0.000       303.0       0.000    
   42900   17.69      0.3933E-03 SHELL      12222  -0.2%   5683.       4700.      0.2781     -0.4370       0.000       303.0       0.000    
   43000   17.73      0.3935E-03 SHELL      12222  -0.2%   5693.       4690.      0.2716     -0.4369       0.000       303.0       0.000    
   43100   17.77      0.3938E-03 SHELL      12222  -0.2%   5704.       4679.      0.2596     -0.4369       0.000       303.0       0.000    
   43200   17.81      0.3941E-03 SHELL      12222  -0.2%   5714.       4669.      0.2511     -0.4368       0.000       303.0       0.000    
   43300   17.85      0.3941E-03 SHELL      12692  -0.2%   5725.       4658.      0.2512     -0.4368       0.000       303.0       0.000    
   43400   17.89      0.3941E-03 SHELL      12692  -0.2%   5735.       4648.      0.2497     -0.4367       0.000       303.0       0.000    
   43500   17.93      0.3940E-03 SHELL      12692  -0.2%   5745.       4637.      0.2455     -0.4366       0.000       303.0       0.000    
   43600   17.97      0.3940E-03 SHELL      12692  -0.2%   5756.       4627.      0.2475     -0.4366       0.000       303.0       0.000    
     ANIMATION FILE: combineA037 WRITTEN
   43700   18.01      0.3940E-03 SHELL      12692  -0.2%   5766.       4616.      0.2481     -0.4365       0.000       303.0       0.000    
   43800   18.05      0.3940E-03 SHELL      12692  -0.2%   5776.       4606.      0.2425     -0.4365       0.000       303.0       0.000    
   43900   18.09      0.3940E-03 SHELL      12692  -0.2%   5787.       4596.      0.2349     -0.4364       0.000       303.0       0.000    
   CYCLE    TIME      TIME-STEP  ELEMENT          ERROR  I-ENERGY    K-ENERGY T  K-ENERGY R  EXT-WORK     MAS.ERR     TOTAL MASS  MASS ADDED
   44000   18.13      0.3939E-03 SHELL      12692  -0.2%   5797.       4586.      0.2321     -0.4363       0.000       303.0       0.000    
   44100   18.17      0.3939E-03 SHELL      12692  -0.2%   5807.       4575.      0.2411     -0.4363       0.000       303.0       0.000    
   44200   18.21      0.3939E-03 SHELL      12692  -0.2%   5817.       4565.      0.2417     -0.4362       0.000       303.0       0.000    
   44300   18.25      0.3939E-03 SHELL      12692  -0.2%   5827.       4555.      0.2369     -0.4362       0.000       303.0       0.000    
   44400   18.29      0.3939E-03 SHELL      12692  -0.2%   5837.       4545.      0.2516     -0.4361       0.000       303.0       0.000    
   44500   18.32      0.3939E-03 SHELL      12692  -0.2%   5847.       4535.      0.2549     -0.4361       0.000       303.0       0.000    
   44600   18.36      0.3938E-03 SHELL      12692  -0.2%   5857.       4525.      0.2541     -0.4360       0.000       303.0       0.000    
   44700   18.40      0.3938E-03 SHELL      12692  -0.2%   5867.       4515.      0.2554     -0.4359       0.000       303.0       0.000    
   44800   18.44      0.3938E-03 SHELL      12692  -0.2%   5877.       4505.      0.2534     -0.4359       0.000       303.0       0.000    
   44900   18.48      0.3938E-03 SHELL      12692  -0.2%   5887.       4495.      0.2496     -0.4358       0.000       303.0       0.000    
     ANIMATION FILE: combineA038 WRITTEN
   45000   18.52      0.3938E-03 SHELL      12692  -0.2%   5898.       4484.      0.2514     -0.4358       0.000       303.0       0.000    
   45100   18.56      0.3938E-03 SHELL      12692  -0.2%   5908.       4474.      0.2553     -0.4357       0.000       303.0       0.000    
   45200   18.60      0.3938E-03 SHELL      12692  -0.2%   5918.       4464.      0.2499     -0.4357       0.000       303.0       0.000    
   45300   18.64      0.3938E-03 SHELL      12692  -0.2%   5928.       4454.      0.2416     -0.4356       0.000       303.0       0.000    
   45400   18.68      0.3938E-03 SHELL      12692  -0.2%   5938.       4444.      0.2492     -0.4355       0.000       303.0       0.000    
   45500   18.72      0.3938E-03 SHELL      12692  -0.2%   5947.       4435.      0.2682     -0.4355       0.000       303.0       0.000    
   45600   18.76      0.3938E-03 SHELL      12692  -0.2%   5957.       4425.      0.2725     -0.4354       0.000       303.0       0.000    
   45700   18.80      0.3938E-03 SHELL      12692  -0.2%   5967.       4415.      0.2709     -0.4354       0.000       303.0       0.000    
   45800   18.84      0.3938E-03 SHELL      12692  -0.2%   5976.       4406.      0.2720     -0.4353       0.000       303.0       0.000    
   45900   18.88      0.3938E-03 SHELL      12692  -0.2%   5986.       4396.      0.2702     -0.4353       0.000       303.0       0.000    
   46000   18.92      0.3938E-03 SHELL      12692  -0.2%   5996.       4386.      0.2582     -0.4352       0.000       303.0       0.000    
   46100   18.95      0.3938E-03 SHELL      12692  -0.2%   6005.       4377.      0.2513     -0.4352       0.000       303.0       0.000    
   46200   18.99      0.3938E-03 SHELL      12692  -0.2%   6015.       4367.      0.2499     -0.4351       0.000       303.0       0.000    
     ANIMATION FILE: combineA039 WRITTEN
   46300   19.03      0.3938E-03 SHELL      12692  -0.2%   6025.       4358.      0.2505     -0.4351       0.000       303.0       0.000    
   46400   19.07      0.3938E-03 SHELL      12692  -0.2%   6034.       4348.      0.2496     -0.4350       0.000       303.0       0.000    
   46500   19.11      0.3938E-03 SHELL      12692  -0.2%   6043.       4339.      0.2498     -0.4350       0.000       303.0       0.000    
   46600   19.15      0.3938E-03 SHELL      12692  -0.2%   6052.       4330.      0.2558     -0.4349       0.000       303.0       0.000    
   46700   19.19      0.3938E-03 SHELL      12692  -0.2%   6062.       4320.      0.2533     -0.4349       0.000       303.0       0.000    
   46800   19.23      0.3938E-03 SHELL      12692  -0.2%   6071.       4311.      0.2462     -0.4348       0.000       303.0       0.000    
   46900   19.27      0.3938E-03 SHELL      12692  -0.2%   6079.       4303.      0.2455     -0.4348       0.000       303.0       0.000    
   47000   19.31      0.3938E-03 SHELL      12692  -0.2%   6088.       4294.      0.2333     -0.4347       0.000       303.0       0.000    
   47100   19.35      0.3938E-03 SHELL      12692  -0.2%   6097.       4285.      0.2268     -0.4347       0.000       303.0       0.000    
   47200   19.39      0.3938E-03 SHELL      12692  -0.2%   6106.       4276.      0.2332     -0.4347       0.000       303.0       0.000    
   47300   19.43      0.3938E-03 SHELL      12692  -0.2%   6114.       4268.      0.2455     -0.4346       0.000       303.0       0.000    
   47400   19.47      0.3938E-03 SHELL      12692  -0.2%   6122.       4260.      0.2487     -0.4346       0.000       303.0       0.000    
     ANIMATION FILE: combineA040 WRITTEN
   47500   19.51      0.3938E-03 SHELL      12692  -0.2%   6131.       4251.      0.2484     -0.4345       0.000       303.0       0.000    
   47600   19.55      0.3938E-03 SHELL      12692  -0.2%   6139.       4243.      0.2483     -0.4345       0.000       303.0       0.000    
   47700   19.58      0.3938E-03 SHELL      12692  -0.2%   6147.       4235.      0.2493     -0.4344       0.000       303.0       0.000    
   47800   19.62      0.3938E-03 SHELL      12692  -0.2%   6155.       4227.      0.2491     -0.4344       0.000       303.0       0.000    
   47900   19.66      0.3938E-03 SHELL      12692  -0.2%   6163.       4219.      0.2434     -0.4344       0.000       303.0       0.000    
   48000   19.70      0.3938E-03 SHELL      12692  -0.2%   6171.       4211.      0.2405     -0.4343       0.000       303.0       0.000    
   48100   19.74      0.3938E-03 SHELL      12692  -0.2%   6179.       4203.      0.2410     -0.4343       0.000       303.0       0.000    
   48200   19.78      0.3938E-03 SHELL      12692  -0.2%   6187.       4195.      0.2380     -0.4343       0.000       303.0       0.000    
   48300   19.82      0.3938E-03 SHELL      12692  -0.2%   6194.       4187.      0.2421     -0.4342       0.000       303.0       0.000    
   48400   19.86      0.3938E-03 SHELL      12692  -0.2%   6202.       4180.      0.2415     -0.4342       0.000       303.0       0.000    
   48500   19.90      0.3938E-03 SHELL      12692  -0.3%   6210.       4172.      0.2431     -0.4342       0.000       303.0       0.000    
   48600   19.94      0.3938E-03 SHELL      12692  -0.3%   6217.       4164.      0.2451     -0.4341       0.000       303.0       0.000    
   48700   19.98      0.3938E-03 SHELL      12692  -0.3%   6225.       4156.      0.2472     -0.4341       0.000       303.0       0.000    
     ANIMATION FILE: combineA041 WRITTEN
   48800   20.02      0.3938E-03 SHELL      12692  -0.3%   6233.       4149.      0.2477     -0.4340       0.000       303.0       0.000    
   48900   20.06      0.3938E-03 SHELL      12692  -0.3%   6240.       4141.      0.2480     -0.4340       0.000       303.0       0.000    
   49000   20.10      0.3938E-03 SHELL      12692  -0.3%   6248.       4134.      0.2413     -0.4340       0.000       303.0       0.000    
   49100   20.14      0.3938E-03 SHELL      12692  -0.3%   6256.       4126.      0.2425     -0.4339       0.000       303.0       0.000    
   49200   20.18      0.3938E-03 SHELL      12692  -0.3%   6263.       4119.      0.2451     -0.4339       0.000       303.0       0.000    
   49300   20.21      0.3938E-03 SHELL      12692  -0.3%   6270.       4111.      0.2418     -0.4339       0.000       303.0       0.000    
   49400   20.25      0.3938E-03 SHELL      12692  -0.3%   6278.       4104.      0.2370     -0.4338       0.000       303.0       0.000    
   CYCLE    TIME      TIME-STEP  ELEMENT          ERROR  I-ENERGY    K-ENERGY T  K-ENERGY R  EXT-WORK     MAS.ERR     TOTAL MASS  MASS ADDED
   49500   20.29      0.3938E-03 SHELL      12692  -0.3%   6285.       4096.      0.2311     -0.4338       0.000       303.0       0.000    
   49600   20.33      0.3938E-03 SHELL      12692  -0.3%   6292.       4089.      0.2340     -0.4338       0.000       303.0       0.000    
   49700   20.37      0.3938E-03 SHELL      12692  -0.3%   6300.       4082.      0.2402     -0.4338       0.000       303.0       0.000    
   49800   20.41      0.3938E-03 SHELL      12692  -0.3%   6307.       4075.      0.2352     -0.4337       0.000       303.0       0.000    
   49900   20.45      0.3938E-03 SHELL      12692  -0.2%   6314.       4067.      0.2249     -0.4337       0.000       303.0       0.000    
   50000   20.49      0.3938E-03 SHELL      12692  -0.3%   6321.       4060.      0.2222     -0.4337       0.000       303.0       0.000    
     ANIMATION FILE: combineA042 WRITTEN
   50100   20.53      0.3938E-03 SHELL      12692  -0.3%   6328.       4054.      0.2285     -0.4336       0.000       303.0       0.000    
   50200   20.57      0.3938E-03 SHELL      12692  -0.3%   6335.       4047.      0.2355     -0.4336       0.000       303.0       0.000    
   50300   20.61      0.3938E-03 SHELL      12692  -0.3%   6342.       4040.      0.2354     -0.4336       0.000       303.0       0.000    
   50400   20.65      0.3938E-03 SHELL      12692  -0.3%   6349.       4033.      0.2373     -0.4336       0.000       303.0       0.000    
   50500   20.69      0.3938E-03 SHELL      12692  -0.3%   6355.       4026.      0.2391     -0.4335       0.000       303.0       0.000    
   50600   20.73      0.3938E-03 SHELL      12692  -0.3%   6362.       4019.      0.2421     -0.4335       0.000       303.0       0.000    
   50700   20.77      0.3938E-03 SHELL      12692  -0.3%   6369.       4013.      0.2398     -0.4335       0.000       303.0       0.000    
   50800   20.81      0.3938E-03 SHELL      12692  -0.3%   6376.       4006.      0.2363     -0.4334       0.000       303.0       0.000    
   50900   20.84      0.3938E-03 SHELL      12692  -0.3%   6382.       3999.      0.2368     -0.4334       0.000       303.0       0.000    
   51000   20.88      0.3938E-03 SHELL      12692  -0.3%   6389.       3992.      0.2354     -0.4334       0.000       303.0       0.000    
   51100   20.92      0.3938E-03 SHELL      12692  -0.3%   6396.       3986.      0.2341     -0.4334       0.000       303.0       0.000    
   51200   20.96      0.3938E-03 SHELL      12692  -0.3%   6403.       3979.      0.2338     -0.4333       0.000       303.0       0.000    
     ANIMATION FILE: combineA043 WRITTEN
   51300   21.00      0.3938E-03 SHELL      12692  -0.3%   6410.       3972.      0.2328     -0.4333       0.000       303.0       0.000    
   51400   21.04      0.3938E-03 SHELL      12692  -0.3%   6416.       3965.      0.2346     -0.4333       0.000       303.0       0.000    
   51500   21.08      0.3938E-03 SHELL      12692  -0.3%   6423.       3958.      0.2402     -0.4332       0.000       303.0       0.000    
   51600   21.12      0.3938E-03 SHELL      12692  -0.3%   6430.       3952.      0.2477     -0.4332       0.000       303.0       0.000    
   51700   21.16      0.3938E-03 SHELL      12692  -0.3%   6436.       3945.      0.2424     -0.4332       0.000       303.0       0.000    
   51800   21.20      0.3938E-03 SHELL      12692  -0.3%   6443.       3939.      0.2287     -0.4332       0.000       303.0       0.000    
   51900   21.24      0.3938E-03 SHELL      12692  -0.3%   6449.       3932.      0.2297     -0.4331       0.000       303.0       0.000    
   52000   21.28      0.3938E-03 SHELL      12692  -0.3%   6456.       3926.      0.2366     -0.4331       0.000       303.0       0.000    
   52100   21.32      0.3938E-03 SHELL      12692  -0.3%   6462.       3919.      0.2362     -0.4331       0.000       303.0       0.000    
   52200   21.36      0.3938E-03 SHELL      12692  -0.3%   6469.       3913.      0.2375     -0.4331       0.000       303.0       0.000    
   52300   21.40      0.3938E-03 SHELL      12692  -0.3%   6476.       3906.      0.2396     -0.4330       0.000       303.0       0.000    
   52400   21.44      0.3938E-03 SHELL      12692  -0.3%   6482.       3900.      0.2368     -0.4330       0.000       303.0       0.000    
   52500   21.47      0.3938E-03 SHELL      12692  -0.3%   6489.       3893.      0.2304     -0.4330       0.000       303.0       0.000    
     ANIMATION FILE: combineA044 WRITTEN
   52600   21.51      0.3938E-03 SHELL      12692  -0.3%   6495.       3887.      0.2239     -0.4329       0.000       303.0       0.000    
   52700   21.55      0.3938E-03 SHELL      12692  -0.3%   6501.       3880.      0.2276     -0.4329       0.000       303.0       0.000    
   52800   21.59      0.3938E-03 SHELL      12692  -0.3%   6508.       3874.      0.2302     -0.4329       0.000       303.0       0.000    
   52900   21.63      0.3938E-03 SHELL      12692  -0.3%   6514.       3868.      0.2304     -0.4329       0.000       303.0       0.000    
   53000   21.67      0.3938E-03 SHELL      12692  -0.3%   6520.       3861.      0.2284     -0.4328       0.000       303.0       0.000    
   53100   21.71      0.3938E-03 SHELL      12692  -0.3%   6526.       3855.      0.2246     -0.4328       0.000       303.0       0.000    
   53200   21.75      0.3938E-03 SHELL      12692  -0.3%   6533.       3849.      0.2190     -0.4328       0.000       303.0       0.000    
   53300   21.79      0.3938E-03 SHELL      12692  -0.3%   6539.       3843.      0.2199     -0.4328       0.000       303.0       0.000    
   53400   21.83      0.3938E-03 SHELL      12692  -0.3%   6545.       3836.      0.2265     -0.4327       0.000       303.0       0.000    
   53500   21.87      0.3938E-03 SHELL      12692  -0.3%   6551.       3830.      0.2334     -0.4327       0.000       303.0       0.000    
   53600   21.91      0.3938E-03 SHELL      12692  -0.3%   6558.       3824.      0.2353     -0.4327       0.000       303.0       0.000    
   53700   21.95      0.3938E-03 SHELL      12692  -0.3%   6564.       3818.      0.2302     -0.4327       0.000       303.0       0.000    
   53800   21.99      0.3938E-03 SHELL      12692  -0.3%   6570.       3811.      0.2301     -0.4326       0.000       303.0       0.000    
     ANIMATION FILE: combineA045 WRITTEN
   53900   22.03      0.3938E-03 SHELL      12692  -0.3%   6577.       3805.      0.2279     -0.4326       0.000       303.0       0.000    
   54000   22.07      0.3938E-03 SHELL      12692  -0.3%   6583.       3798.      0.2245     -0.4326       0.000       303.0       0.000    
   54100   22.10      0.3937E-03 SHELL      12692  -0.3%   6589.       3792.      0.2251     -0.4326       0.000       303.0       0.000    
   54200   22.14      0.3937E-03 SHELL      12692  -0.3%   6596.       3786.      0.2229     -0.4325       0.000       303.0       0.000    
   54300   22.18      0.3937E-03 SHELL      12692  -0.3%   6602.       3780.      0.2261     -0.4325       0.000       303.0       0.000    
   54400   22.22      0.3937E-03 SHELL      12692  -0.3%   6608.       3774.      0.2301     -0.4325       0.000       303.0       0.000    
   54500   22.26      0.3937E-03 SHELL      12692  -0.3%   6614.       3767.      0.2257     -0.4325       0.000       303.0       0.000    
   54600   22.30      0.3935E-03 SHELL      11166  -0.3%   6620.       3761.      0.2227     -0.4324       0.000       303.0       0.000    
   54700   22.34      0.3929E-03 SHELL      11166  -0.3%   6626.       3755.      0.2247     -0.4324       0.000       303.0       0.000    
   54800   22.38      0.3923E-03 SHELL      11166  -0.3%   6632.       3749.      0.2220     -0.4324       0.000       303.0       0.000    
   54900   22.42      0.3917E-03 SHELL      11166  -0.3%   6639.       3742.      0.2230     -0.4324       0.000       303.0       0.000    
   CYCLE    TIME      TIME-STEP  ELEMENT          ERROR  I-ENERGY    K-ENERGY T  K-ENERGY R  EXT-WORK     MAS.ERR     TOTAL MASS  MASS ADDED
   55000   22.46      0.3911E-03 SHELL      11166  -0.3%   6645.       3736.      0.2262     -0.4323       0.000       303.0       0.000    
   55100   22.50      0.3905E-03 SHELL      11166  -0.3%   6651.       3730.      0.2311     -0.4323       0.000       303.0       0.000    
     ANIMATION FILE: combineA046 WRITTEN
   55200   22.54      0.3899E-03 SHELL      11166  -0.3%   6657.       3724.      0.2363     -0.4323       0.000       303.0       0.000    
   55300   22.58      0.3893E-03 SHELL      11166  -0.3%   6663.       3718.      0.2363     -0.4323       0.000       303.0       0.000    
   55400   22.61      0.3887E-03 SHELL      11166  -0.3%   6669.       3712.      0.2396     -0.4322       0.000       303.0       0.000    
   55500   22.65      0.3881E-03 SHELL      11166  -0.3%   6675.       3706.      0.2420     -0.4322       0.000       303.0       0.000    
   55600   22.69      0.3875E-03 SHELL      10671  -0.3%   6681.       3699.      0.2343     -0.4322       0.000       303.0       0.000    
   55700   22.73      0.3869E-03 SHELL      10671  -0.3%   6688.       3693.      0.2315     -0.4322       0.000       303.0       0.000    
   55800   22.77      0.3863E-03 SHELL      10671  -0.3%   6694.       3687.      0.2315     -0.4321       0.000       303.0       0.000    
   55900   22.81      0.3857E-03 SHELL      10671  -0.3%   6700.       3681.      0.2310     -0.4321       0.000       303.0       0.000    
   56000   22.85      0.3851E-03 SHELL      10671  -0.3%   6706.       3675.      0.2338     -0.4321       0.000       303.0       0.000    
   56100   22.89      0.3846E-03 SHELL      10671  -0.3%   6712.       3669.      0.2323     -0.4321       0.000       303.0       0.000    
   56200   22.92      0.3841E-03 SHELL      10671  -0.3%   6718.       3663.      0.2287     -0.4320       0.000       303.0       0.000    
   56300   22.96      0.3836E-03 SHELL      10671  -0.3%   6724.       3657.      0.2321     -0.4320       0.000       303.0       0.000    
   56400   23.00      0.3831E-03 SHELL      10671  -0.3%   6730.       3651.      0.2346     -0.4320       0.000       303.0       0.000    
     ANIMATION FILE: combineA047 WRITTEN
   56500   23.04      0.3825E-03 SHELL      10671  -0.3%   6736.       3645.      0.2295     -0.4320       0.000       303.0       0.000    
   56600   23.08      0.3821E-03 SHELL      10671  -0.3%   6742.       3638.      0.2237     -0.4319       0.000       303.0       0.000    
   56700   23.11      0.3819E-03 SHELL      10671  -0.3%   6748.       3632.      0.2229     -0.4319       0.000       303.0       0.000    
   56800   23.15      0.3817E-03 SHELL      11166  -0.3%   6754.       3626.      0.2211     -0.4319       0.000       303.0       0.000    
   56900   23.19      0.3813E-03 SHELL      11166  -0.3%   6760.       3620.      0.2193     -0.4319       0.000       303.0       0.000    
   57000   23.23      0.3809E-03 SHELL      11166  -0.3%   6766.       3614.      0.2202     -0.4318       0.000       303.0       0.000    
   57100   23.27      0.3804E-03 SHELL      11166  -0.3%   6772.       3608.      0.2232     -0.4318       0.000       303.0       0.000    
   57200   23.31      0.3802E-03 SHELL      11166  -0.3%   6779.       3601.      0.2258     -0.4318       0.000       303.0       0.000    
   57300   23.34      0.3800E-03 SHELL      11166  -0.3%   6785.       3595.      0.2214     -0.4317       0.000       303.0       0.000    
   57400   23.38      0.3799E-03 SHELL      11166  -0.3%   6791.       3589.      0.2180     -0.4317       0.000       303.0       0.000    
   57500   23.42      0.3798E-03 SHELL      11166  -0.3%   6798.       3582.      0.2150     -0.4317       0.000       303.0       0.000    
   57600   23.46      0.3797E-03 SHELL      11166  -0.3%   6804.       3576.      0.2178     -0.4317       0.000       303.0       0.000    
   57700   23.50      0.3797E-03 SHELL      11166  -0.3%   6810.       3569.      0.2249     -0.4316       0.000       303.0       0.000    
     ANIMATION FILE: combineA048 WRITTEN
   57800   23.53      0.3796E-03 SHELL      11166  -0.3%   6817.       3563.      0.2289     -0.4316       0.000       303.0       0.000    
   57900   23.57      0.3795E-03 SHELL      11166  -0.3%   6823.       3556.      0.2354     -0.4316       0.000       303.0       0.000    
   58000   23.61      0.3794E-03 SHELL      11166  -0.3%   6830.       3549.      0.2370     -0.4316       0.000       303.0       0.000    
   58100   23.65      0.3793E-03 SHELL      11166  -0.3%   6837.       3543.      0.2354     -0.4315       0.000       303.0       0.000    
   58200   23.69      0.3793E-03 SHELL      11166  -0.3%   6843.       3536.      0.2318     -0.4315       0.000       303.0       0.000    
   58300   23.72      0.3792E-03 SHELL      11166  -0.3%   6850.       3529.      0.2305     -0.4315       0.000       303.0       0.000    
   58400   23.76      0.3791E-03 SHELL      11166  -0.3%   6857.       3522.      0.2307     -0.4314       0.000       303.0       0.000    
   58500   23.80      0.3791E-03 SHELL      11166  -0.3%   6864.       3515.      0.2207     -0.4314       0.000       303.0       0.000    
   58600   23.84      0.3790E-03 SHELL      11166  -0.3%   6871.       3508.      0.2114     -0.4314       0.000       303.0       0.000    
   58700   23.87      0.3790E-03 SHELL      11166  -0.3%   6878.       3501.      0.2101     -0.4313       0.000       303.0       0.000    
   58800   23.91      0.3790E-03 SHELL      11166  -0.3%   6885.       3494.      0.2146     -0.4313       0.000       303.0       0.000    
   58900   23.95      0.3789E-03 SHELL      11166  -0.3%   6892.       3487.      0.2186     -0.4313       0.000       303.0       0.000    
   59000   23.99      0.3789E-03 SHELL      11166  -0.3%   6899.       3480.      0.2186     -0.4312       0.000       303.0       0.000    
     ANIMATION FILE: combineA049 WRITTEN
   59100   24.03      0.3788E-03 SHELL      11166  -0.3%   6905.       3473.      0.2236     -0.4312       0.000       303.0       0.000    
   59200   24.06      0.3788E-03 SHELL      11166  -0.3%   6912.       3466.      0.2268     -0.4311       0.000       303.0       0.000    
   59300   24.10      0.3787E-03 SHELL      11166  -0.3%   6919.       3459.      0.2264     -0.4311       0.000       303.0       0.000    
   59400   24.14      0.3787E-03 SHELL      11166  -0.3%   6926.       3452.      0.2294     -0.4311       0.000       303.0       0.000    
   59500   24.18      0.3786E-03 SHELL      11166  -0.3%   6933.       3444.      0.2359     -0.4310       0.000       303.0       0.000    
   59600   24.22      0.3786E-03 SHELL      11166  -0.3%   6941.       3437.      0.2413     -0.4310       0.000       303.0       0.000    
   59700   24.25      0.3785E-03 SHELL      11166  -0.3%   6948.       3429.      0.2422     -0.4309       0.000       303.0       0.000    
   59800   24.29      0.3784E-03 SHELL      11166  -0.3%   6955.       3422.      0.2366     -0.4309       0.000       303.0       0.000    
   59900   24.33      0.3783E-03 SHELL      11166  -0.3%   6963.       3415.      0.2367     -0.4309       0.000       303.0       0.000    
   60000   24.37      0.3782E-03 SHELL      11166  -0.3%   6970.       3407.      0.2340     -0.4308       0.000       303.0       0.000    
   60100   24.40      0.3781E-03 SHELL      11166  -0.3%   6977.       3400.      0.2303     -0.4308       0.000       303.0       0.000    
   60200   24.44      0.3780E-03 SHELL      11166  -0.3%   6985.       3393.      0.2353     -0.4307       0.000       303.0       0.000    
   60300   24.48      0.3779E-03 SHELL      11166  -0.3%   6992.       3385.      0.2395     -0.4307       0.000       303.0       0.000    
     ANIMATION FILE: combineA050 WRITTEN
   60400   24.52      0.3778E-03 SHELL      11166  -0.3%   6999.       3378.      0.2400     -0.4307       0.000       303.0       0.000    
   CYCLE    TIME      TIME-STEP  ELEMENT          ERROR  I-ENERGY    K-ENERGY T  K-ENERGY R  EXT-WORK     MAS.ERR     TOTAL MASS  MASS ADDED
   60500   24.56      0.3777E-03 SHELL      11166  -0.3%   7006.       3371.      0.2346     -0.4306       0.000       303.0       0.000    
   60600   24.59      0.3776E-03 SHELL      11166  -0.3%   7013.       3364.      0.2408     -0.4306       0.000       303.0       0.000    
   60700   24.63      0.3775E-03 SHELL      11166  -0.3%   7020.       3356.      0.2514     -0.4305       0.000       303.0       0.000    
   60800   24.67      0.3774E-03 SHELL      11166  -0.3%   7027.       3349.      0.2539     -0.4305       0.000       303.0       0.000    
   60900   24.71      0.3773E-03 SHELL      11166  -0.3%   7034.       3342.      0.2602     -0.4305       0.000       303.0       0.000    
   61000   24.74      0.3772E-03 SHELL      11166  -0.3%   7042.       3335.      0.2544     -0.4304       0.000       303.0       0.000    
   61100   24.78      0.3770E-03 SHELL      11166  -0.3%   7049.       3328.      0.2454     -0.4304       0.000       303.0       0.000    
   61200   24.82      0.3769E-03 SHELL      11166  -0.3%   7056.       3320.      0.2419     -0.4304       0.000       303.0       0.000    
   61300   24.86      0.3768E-03 SHELL      11166  -0.3%   7063.       3313.      0.2406     -0.4303       0.000       303.0       0.000    
   61400   24.90      0.3766E-03 SHELL      11166  -0.3%   7070.       3306.      0.2364     -0.4303       0.000       303.0       0.000    
   61500   24.93      0.3765E-03 SHELL      11166  -0.3%   7078.       3299.      0.2260     -0.4302       0.000       303.0       0.000    
   61600   24.97      0.3764E-03 SHELL      11166  -0.3%   7085.       3292.      0.2220     -0.4302       0.000       303.0       0.000    
     ANIMATION FILE: combineA051 WRITTEN
   61700   25.01      0.3763E-03 SHELL      11166  -0.3%   7092.       3284.      0.2276     -0.4302       0.000       303.0       0.000    
   61800   25.05      0.3762E-03 SHELL      11166  -0.3%   7099.       3277.      0.2300     -0.4301       0.000       303.0       0.000    
   61900   25.08      0.3760E-03 SHELL      11166  -0.3%   7106.       3270.      0.2276     -0.4301       0.000       303.0       0.000    
   62000   25.12      0.3760E-03 SHELL      11166  -0.3%   7113.       3264.      0.2290     -0.4301       0.000       303.0       0.000    
   62100   25.16      0.3758E-03 SHELL      11166  -0.3%   7119.       3257.      0.2326     -0.4300       0.000       303.0       0.000    
   62200   25.20      0.3757E-03 SHELL      11166  -0.3%   7126.       3250.      0.2311     -0.4300       0.000       303.0       0.000    
   62300   25.23      0.3757E-03 SHELL      11166  -0.3%   7133.       3243.      0.2281     -0.4299       0.000       303.0       0.000    
   62400   25.27      0.3755E-03 SHELL      11166  -0.3%   7140.       3236.      0.2321     -0.4299       0.000       303.0       0.000    
   62500   25.31      0.3755E-03 SHELL      11166  -0.3%   7147.       3229.      0.2391     -0.4299       0.000       303.0       0.000    
   62600   25.35      0.3754E-03 SHELL      11166  -0.3%   7154.       3222.      0.2432     -0.4298       0.000       303.0       0.000    
   62700   25.38      0.3753E-03 SHELL      11166  -0.3%   7161.       3215.      0.2437     -0.4298       0.000       303.0       0.000    
   62800   25.42      0.3752E-03 SHELL      11166  -0.3%   7168.       3208.      0.2454     -0.4298       0.000       303.0       0.000    
   62900   25.46      0.3751E-03 SHELL      11166  -0.3%   7175.       3201.      0.2466     -0.4297       0.000       303.0       0.000    
   63000   25.50      0.3751E-03 SHELL      11166  -0.3%   7182.       3194.      0.2420     -0.4297       0.000       303.0       0.000    
     ANIMATION FILE: combineA052 WRITTEN
   63100   25.53      0.3750E-03 SHELL      11166  -0.3%   7188.       3188.      0.2385     -0.4297       0.000       303.0       0.000    
   63200   25.57      0.3750E-03 SHELL      11166  -0.3%   7195.       3181.      0.2428     -0.4296       0.000       303.0       0.000    
   63300   25.61      0.3749E-03 SHELL      11166  -0.3%   7201.       3174.      0.2472     -0.4296       0.000       303.0       0.000    
   63400   25.65      0.3749E-03 SHELL      11166  -0.3%   7208.       3168.      0.2474     -0.4295       0.000       303.0       0.000    
   63500   25.68      0.3748E-03 SHELL      11166  -0.3%   7214.       3161.      0.2443     -0.4295       0.000       303.0       0.000    
   63600   25.72      0.3747E-03 SHELL      11166  -0.3%   7221.       3155.      0.2395     -0.4295       0.000       303.0       0.000    
   63700   25.76      0.3747E-03 SHELL      11166  -0.3%   7228.       3148.      0.2380     -0.4294       0.000       303.0       0.000    
   63800   25.80      0.3746E-03 SHELL      11166  -0.3%   7235.       3141.      0.2372     -0.4294       0.000       303.0       0.000    
   63900   25.83      0.3746E-03 SHELL      11166  -0.3%   7241.       3135.      0.2365     -0.4294       0.000       303.0       0.000    
   64000   25.87      0.3745E-03 SHELL      11166  -0.3%   7248.       3128.      0.2344     -0.4293       0.000       303.0       0.000    
   64100   25.91      0.3745E-03 SHELL      11166  -0.3%   7254.       3122.      0.2348     -0.4293       0.000       303.0       0.000    
   64200   25.95      0.3744E-03 SHELL      11166  -0.3%   7260.       3115.      0.2393     -0.4293       0.000       303.0       0.000    
   64300   25.98      0.3744E-03 SHELL      11166  -0.3%   7267.       3109.      0.2379     -0.4292       0.000       303.0       0.000    
     ANIMATION FILE: combineA053 WRITTEN
   64400   26.02      0.3743E-03 SHELL      11166  -0.3%   7273.       3103.      0.2292     -0.4292       0.000       303.0       0.000    
   64500   26.06      0.3742E-03 SHELL      11166  -0.3%   7279.       3097.      0.2234     -0.4292       0.000       303.0       0.000    
   64600   26.10      0.3742E-03 SHELL      11166  -0.3%   7285.       3090.      0.2263     -0.4291       0.000       303.0       0.000    
   64700   26.13      0.3741E-03 SHELL      11166  -0.3%   7291.       3084.      0.2299     -0.4291       0.000       303.0       0.000    
   64800   26.17      0.3740E-03 SHELL      11166  -0.3%   7297.       3078.      0.2249     -0.4291       0.000       303.0       0.000    
   64900   26.21      0.3740E-03 SHELL      11166  -0.3%   7303.       3072.      0.2202     -0.4291       0.000       303.0       0.000    
   65000   26.25      0.3739E-03 SHELL      11166  -0.3%   7309.       3066.      0.2273     -0.4290       0.000       303.0       0.000    
   65100   26.28      0.3738E-03 SHELL      11166  -0.3%   7315.       3060.      0.2340     -0.4290       0.000       303.0       0.000    
   65200   26.32      0.3737E-03 SHELL      11166  -0.3%   7321.       3054.      0.2366     -0.4290       0.000       303.0       0.000    
   65300   26.36      0.3736E-03 SHELL      11166  -0.3%   7327.       3048.      0.2396     -0.4289       0.000       303.0       0.000    
   65400   26.40      0.3735E-03 SHELL      11166  -0.3%   7333.       3042.      0.2438     -0.4289       0.000       303.0       0.000    
   65500   26.43      0.3735E-03 SHELL      11166  -0.3%   7339.       3036.      0.2437     -0.4289       0.000       303.0       0.000    
   65600   26.47      0.3734E-03 SHELL      11166  -0.3%   7345.       3030.      0.2381     -0.4289       0.000       303.0       0.000    
     ANIMATION FILE: combineA054 WRITTEN
   65700   26.51      0.3734E-03 SHELL      11166  -0.3%   7351.       3024.      0.2356     -0.4288       0.000       303.0       0.000    
   65800   26.54      0.3733E-03 SHELL      11166  -0.3%   7357.       3018.      0.2401     -0.4288       0.000       303.0       0.000    
   65900   26.58      0.3733E-03 SHELL      11166  -0.3%   7363.       3012.      0.2415     -0.4288       0.000       303.0       0.000    
   CYCLE    TIME      TIME-STEP  ELEMENT          ERROR  I-ENERGY    K-ENERGY T  K-ENERGY R  EXT-WORK     MAS.ERR     TOTAL MASS  MASS ADDED
   66000   26.62      0.3732E-03 SHELL      11166  -0.3%   7368.       3006.      0.2407     -0.4287       0.000       303.0       0.000    
   66100   26.66      0.3731E-03 SHELL      11166  -0.3%   7374.       3001.      0.2402     -0.4287       0.000       303.0       0.000    
   66200   26.69      0.3731E-03 SHELL      11166  -0.3%   7380.       2995.      0.2403     -0.4287       0.000       303.0       0.000    
   66300   26.73      0.3730E-03 SHELL      11166  -0.3%   7386.       2989.      0.2372     -0.4286       0.000       303.0       0.000    
   66400   26.77      0.3729E-03 SHELL      11166  -0.3%   7392.       2983.      0.2296     -0.4286       0.000       303.0       0.000    
   66500   26.81      0.3729E-03 SHELL      11166  -0.3%   7398.       2977.      0.2210     -0.4286       0.000       303.0       0.000    
   66600   26.84      0.3728E-03 SHELL      11166  -0.3%   7404.       2971.      0.2194     -0.4286       0.000       303.0       0.000    
   66700   26.88      0.3727E-03 SHELL      11166  -0.3%   7410.       2965.      0.2187     -0.4285       0.000       303.0       0.000    
   66800   26.92      0.3727E-03 SHELL      11166  -0.3%   7416.       2959.      0.2150     -0.4285       0.000       303.0       0.000    
   66900   26.95      0.3726E-03 SHELL      11166  -0.3%   7421.       2953.      0.2149     -0.4285       0.000       303.0       0.000    
   67000   26.99      0.3725E-03 SHELL      11166  -0.3%   7427.       2947.      0.2193     -0.4284       0.000       303.0       0.000    
     ANIMATION FILE: combineA055 WRITTEN
   67100   27.03      0.3725E-03 SHELL      11166  -0.3%   7433.       2941.      0.2268     -0.4284       0.000       303.0       0.000    
   67200   27.07      0.3724E-03 SHELL      11166  -0.3%   7439.       2935.      0.2256     -0.4284       0.000       303.0       0.000    
   67300   27.10      0.3724E-03 SHELL      11166  -0.3%   7445.       2929.      0.2227     -0.4284       0.000       303.0       0.000    
   67400   27.14      0.3723E-03 SHELL      11166  -0.3%   7451.       2923.      0.2249     -0.4283       0.000       303.0       0.000    
   67500   27.18      0.3722E-03 SHELL      11166  -0.3%   7457.       2917.      0.2273     -0.4283       0.000       303.0       0.000    
   67600   27.22      0.3722E-03 SHELL      11166  -0.3%   7463.       2911.      0.2218     -0.4283       0.000       303.0       0.000    
   67700   27.25      0.3721E-03 SHELL      11166  -0.3%   7469.       2905.      0.2180     -0.4282       0.000       303.0       0.000    
   67800   27.29      0.3721E-03 SHELL      11166  -0.3%   7475.       2899.      0.2244     -0.4282       0.000       303.0       0.000    
   67900   27.33      0.3721E-03 SHELL      11166  -0.3%   7480.       2893.      0.2333     -0.4282       0.000       303.0       0.000    
   68000   27.36      0.3720E-03 SHELL      11166  -0.3%   7486.       2887.      0.2291     -0.4281       0.000       303.0       0.000    
   68100   27.40      0.3720E-03 SHELL      11166  -0.3%   7492.       2882.      0.2227     -0.4281       0.000       303.0       0.000    
   68200   27.44      0.3719E-03 SHELL      11166  -0.3%   7498.       2876.      0.2238     -0.4281       0.000       303.0       0.000    
   68300   27.48      0.3719E-03 SHELL      11166  -0.3%   7503.       2870.      0.2289     -0.4280       0.000       303.0       0.000    
     ANIMATION FILE: combineA056 WRITTEN
   68400   27.51      0.3719E-03 SHELL      11166  -0.3%   7509.       2864.      0.2267     -0.4280       0.000       303.0       0.000    
   68500   27.55      0.3718E-03 SHELL      11166  -0.3%   7515.       2858.      0.2192     -0.4280       0.000       303.0       0.000    
   68600   27.59      0.3717E-03 SHELL      11166  -0.3%   7521.       2852.      0.2145     -0.4280       0.000       303.0       0.000    
   68700   27.62      0.3717E-03 SHELL      11166  -0.3%   7527.       2846.      0.2168     -0.4279       0.000       303.0       0.000    
   68800   27.66      0.3716E-03 SHELL      11166  -0.3%   7532.       2841.      0.2241     -0.4279       0.000       303.0       0.000    
   68900   27.70      0.3716E-03 SHELL      11166  -0.3%   7538.       2835.      0.2298     -0.4279       0.000       303.0       0.000    
   69000   27.74      0.3716E-03 SHELL      11166  -0.3%   7544.       2829.      0.2305     -0.4278       0.000       303.0       0.000    
   69100   27.77      0.3715E-03 SHELL      11166  -0.3%   7549.       2823.      0.2301     -0.4278       0.000       303.0       0.000    
   69200   27.81      0.3715E-03 SHELL      11166  -0.3%   7555.       2818.      0.2330     -0.4278       0.000       303.0       0.000    
   69300   27.85      0.3714E-03 SHELL      11166  -0.3%   7561.       2812.      0.2290     -0.4277       0.000       303.0       0.000    
   69400   27.88      0.3714E-03 SHELL      11166  -0.3%   7567.       2806.      0.2188     -0.4277       0.000       303.0       0.000    
   69500   27.92      0.3714E-03 SHELL      11166  -0.3%   7572.       2800.      0.2134     -0.4277       0.000       303.0       0.000    
   69600   27.96      0.3714E-03 SHELL      11166  -0.3%   7578.       2795.      0.2145     -0.4277       0.000       303.0       0.000    
   69700   28.00      0.3714E-03 SHELL      11166  -0.3%   7583.       2789.      0.2211     -0.4276       0.000       303.0       0.000    
     ANIMATION FILE: combineA057 WRITTEN
   69800   28.03      0.3713E-03 SHELL      11166  -0.3%   7588.       2784.      0.2203     -0.4276       0.000       303.0       0.000    
   69900   28.07      0.3713E-03 SHELL      11166  -0.3%   7594.       2779.      0.2199     -0.4276       0.000       303.0       0.000    
   70000   28.11      0.3713E-03 SHELL      11166  -0.3%   7599.       2773.      0.2337     -0.4276       0.000       303.0       0.000    
   70100   28.14      0.3713E-03 SHELL      11166  -0.3%   7604.       2768.      0.2412     -0.4275       0.000       303.0       0.000    
   70200   28.18      0.3714E-03 SHELL      11166  -0.3%   7610.       2762.      0.2427     -0.4275       0.000       303.0       0.000    
   70300   28.22      0.3715E-03 SHELL      11166  -0.3%   7616.       2756.      0.2380     -0.4275       0.000       303.0       0.000    
   70400   28.26      0.3717E-03 SHELL      11166  -0.3%   7622.       2750.      0.2344     -0.4274       0.000       303.0       0.000    
   70500   28.29      0.3718E-03 SHELL      11166  -0.3%   7628.       2744.      0.2333     -0.4274       0.000       303.0       0.000    
   70600   28.33      0.3719E-03 SHELL      11166  -0.3%   7634.       2738.      0.2320     -0.4274       0.000       303.0       0.000    
   70700   28.37      0.3720E-03 SHELL      11166  -0.3%   7640.       2732.      0.2298     -0.4273       0.000       303.0       0.000    
   70800   28.40      0.3721E-03 SHELL      11166  -0.3%   7646.       2726.      0.2319     -0.4273       0.000       303.0       0.000    
   70900   28.44      0.3722E-03 SHELL      11166  -0.3%   7652.       2720.      0.2316     -0.4273       0.000       303.0       0.000    
   71000   28.48      0.3723E-03 SHELL      11166  -0.4%   7657.       2714.      0.2236     -0.4272       0.000       303.0       0.000    
     ANIMATION FILE: combineA058 WRITTEN
   71100   28.52      0.3724E-03 SHELL      11166  -0.4%   7663.       2708.      0.2174     -0.4272       0.000       303.0       0.000    
   71200   28.55      0.3724E-03 SHELL      11166  -0.4%   7670.       2701.      0.2203     -0.4272       0.000       303.0       0.000    
   71300   28.59      0.3725E-03 SHELL      11166  -0.4%   7676.       2695.      0.2258     -0.4271       0.000       303.0       0.000    
   71400   28.63      0.3725E-03 SHELL      11166  -0.4%   7682.       2688.      0.2233     -0.4272       0.000       303.0       0.000    
   CYCLE    TIME      TIME-STEP  ELEMENT          ERROR  I-ENERGY    K-ENERGY T  K-ENERGY R  EXT-WORK     MAS.ERR     TOTAL MASS  MASS ADDED
   71500   28.67      0.3725E-03 SHELL      11166  -0.4%   7689.       2682.      0.2193     -0.4271       0.000       303.0       0.000    
   71600   28.70      0.3726E-03 SHELL      11166  -0.4%   7695.       2675.      0.2200     -0.4271       0.000       303.0       0.000    
   71700   28.74      0.3726E-03 SHELL      11166  -0.4%   7702.       2668.      0.2252     -0.4272       0.000       303.0       0.000    
   71800   28.78      0.3726E-03 SHELL      11166  -0.4%   7708.       2661.      0.2330     -0.4272       0.000       303.0       0.000    
   71900   28.81      0.3727E-03 SHELL      11166  -0.4%   7715.       2655.      0.2330     -0.4271       0.000       303.0       0.000    
   72000   28.85      0.3727E-03 SHELL      11166  -0.4%   7722.       2648.      0.2353     -0.4271       0.000       303.0       0.000    
   72100   28.89      0.3727E-03 SHELL      11166  -0.4%   7728.       2641.      0.2410     -0.4270       0.000       303.0       0.000    
   72200   28.93      0.3728E-03 SHELL      11166  -0.4%   7735.       2634.      0.2375     -0.4270       0.000       303.0       0.000    
   72300   28.96      0.3728E-03 SHELL      11166  -0.4%   7742.       2626.      0.2348     -0.4269       0.000       303.0       0.000    
     ANIMATION FILE: combineA059 WRITTEN
   72400   29.00      0.3728E-03 SHELL      11166  -0.4%   7749.       2619.      0.2333     -0.4269       0.000       303.0       0.000    
   72500   29.04      0.3729E-03 SHELL      11166  -0.4%   7756.       2612.      0.2356     -0.4268       0.000       303.0       0.000    
   72600   29.08      0.3729E-03 SHELL      11166  -0.4%   7763.       2605.      0.2330     -0.4268       0.000       303.0       0.000    
   72700   29.11      0.3729E-03 SHELL      11166  -0.4%   7770.       2598.      0.2288     -0.4268       0.000       303.0       0.000    
   72800   29.15      0.3730E-03 SHELL      11166  -0.4%   7777.       2590.      0.2291     -0.4267       0.000       303.0       0.000    
   72900   29.19      0.3730E-03 SHELL      11166  -0.4%   7785.       2583.      0.2316     -0.4267       0.000       303.0       0.000    
   73000   29.22      0.3731E-03 SHELL      11166  -0.4%   7792.       2575.      0.2356     -0.4266       0.000       303.0       0.000    
   73100   29.26      0.3731E-03 SHELL      11166  -0.4%   7799.       2568.      0.2365     -0.4266       0.000       303.0       0.000    
   73200   29.30      0.3731E-03 SHELL      11166  -0.4%   7807.       2560.      0.2320     -0.4265       0.000       303.0       0.000    
   73300   29.34      0.3731E-03 SHELL      11166  -0.4%   7814.       2552.      0.2321     -0.4265       0.000       303.0       0.000    
   73400   29.37      0.3731E-03 SHELL      11166  -0.4%   7822.       2545.      0.2336     -0.4264       0.000       303.0       0.000    
   73500   29.41      0.3732E-03 SHELL      11166  -0.4%   7830.       2537.      0.2370     -0.4264       0.000       303.0       0.000    
   73600   29.45      0.3732E-03 SHELL      11166  -0.4%   7837.       2529.      0.2348     -0.4263       0.000       303.0       0.000    
   73700   29.49      0.3732E-03 SHELL      11166  -0.4%   7845.       2521.      0.2327     -0.4262       0.000       303.0       0.000    
     ANIMATION FILE: combineA060 WRITTEN
   73800   29.52      0.3732E-03 SHELL      11166  -0.4%   7853.       2513.      0.2324     -0.4262       0.000       303.0       0.000    
   73900   29.56      0.3731E-03 SHELL      11166  -0.4%   7860.       2505.      0.2313     -0.4261       0.000       303.0       0.000    
   74000   29.60      0.3731E-03 SHELL      11166  -0.4%   7868.       2497.      0.2292     -0.4261       0.000       303.0       0.000    
   74100   29.64      0.3731E-03 SHELL      11166  -0.4%   7875.       2489.      0.2218     -0.4261       0.000       303.0       0.000    
   74200   29.67      0.3730E-03 SHELL      11166  -0.4%   7883.       2481.      0.2220     -0.4260       0.000       303.0       0.000    
   74300   29.71      0.3730E-03 SHELL      11166  -0.4%   7891.       2473.      0.2265     -0.4260       0.000       303.0       0.000    
   74400   29.75      0.3730E-03 SHELL      11166  -0.4%   7899.       2465.      0.2217     -0.4259       0.000       303.0       0.000    
   74500   29.78      0.3730E-03 SHELL      11166  -0.4%   7907.       2457.      0.2152     -0.4258       0.000       303.0       0.000    
   74600   29.82      0.3730E-03 SHELL      11166  -0.4%   7915.       2449.      0.2166     -0.4258       0.000       303.0       0.000    
   74700   29.86      0.3730E-03 SHELL      11166  -0.4%   7923.       2440.      0.2194     -0.4257       0.000       303.0       0.000    
   74800   29.90      0.3730E-03 SHELL      11166  -0.4%   7931.       2432.      0.2193     -0.4256       0.000       303.0       0.000    
   74900   29.93      0.3730E-03 SHELL      11166  -0.4%   7938.       2424.      0.2148     -0.4256       0.000       303.0       0.000    
   75000   29.97      0.3731E-03 SHELL      11166  -0.4%   7946.       2416.      0.2130     -0.4255       0.000       303.0       0.000    
     ANIMATION FILE: combineA061 WRITTEN
   75100   30.01      0.3731E-03 SHELL      11166  -0.4%   7954.       2408.      0.2177     -0.4255       0.000       303.0       0.000    
   75200   30.05      0.3731E-03 SHELL      11166  -0.4%   7962.       2400.      0.2163     -0.4254       0.000       303.0       0.000    
   75300   30.08      0.3731E-03 SHELL      11166  -0.4%   7969.       2392.      0.2190     -0.4253       0.000       303.0       0.000    
   75400   30.12      0.3731E-03 SHELL      11166  -0.4%   7977.       2384.      0.2279     -0.4253       0.000       303.0       0.000    
   75500   30.16      0.3731E-03 SHELL      11166  -0.5%   7984.       2376.      0.2334     -0.4252       0.000       303.0       0.000    
   75600   30.19      0.3730E-03 SHELL      11166  -0.5%   7992.       2368.      0.2376     -0.4251       0.000       303.0       0.000    
   75700   30.23      0.3730E-03 SHELL      11166  -0.5%   8000.       2360.      0.2394     -0.4251       0.000       303.0       0.000    
   75800   30.27      0.3730E-03 SHELL      11166  -0.5%   8008.       2352.      0.2471     -0.4250       0.000       303.0       0.000    
   75900   30.31      0.3730E-03 SHELL      11166  -0.5%   8015.       2344.      0.2550     -0.4249       0.000       303.0       0.000    
   76000   30.34      0.3730E-03 SHELL      11166  -0.5%   8023.       2336.      0.2606     -0.4248       0.000       303.0       0.000    
   76100   30.38      0.3730E-03 SHELL      11166  -0.5%   8031.       2328.      0.2672     -0.4248       0.000       303.0       0.000    
   76200   30.42      0.3730E-03 SHELL      11166  -0.5%   8039.       2320.      0.2611     -0.4247       0.000       303.0       0.000    
   76300   30.46      0.3730E-03 SHELL      11166  -0.5%   8046.       2312.      0.2537     -0.4246       0.000       303.0       0.000    
   76400   30.49      0.3730E-03 SHELL      11166  -0.5%   8054.       2304.      0.2709     -0.4246       0.000       303.0       0.000    
     ANIMATION FILE: combineA062 WRITTEN
   76500   30.53      0.3729E-03 SHELL      11166  -0.5%   8062.       2296.      0.2754     -0.4245       0.000       303.0       0.000    
   76600   30.57      0.3729E-03 SHELL      11166  -0.5%   8070.       2288.      0.2381     -0.4244       0.000       303.0       0.000    
   76700   30.60      0.3729E-03 SHELL      11166  -0.5%   8077.       2280.      0.2315     -0.4244       0.000       303.0       0.000    
   76800   30.64      0.3729E-03 SHELL      11166  -0.5%   8085.       2272.      0.2562     -0.4243       0.000       303.0       0.000    
   76900   30.68      0.3730E-03 SHELL      11166  -0.5%   8093.       2264.      0.2328     -0.4242       0.000       303.0       0.000    
   CYCLE    TIME      TIME-STEP  ELEMENT          ERROR  I-ENERGY    K-ENERGY T  K-ENERGY R  EXT-WORK     MAS.ERR     TOTAL MASS  MASS ADDED
   77000   30.72      0.3730E-03 SHELL      11166  -0.5%   8101.       2256.      0.2259     -0.4242       0.000       303.0       0.000    
   77100   30.75      0.3730E-03 SHELL      11166  -0.5%   8108.       2248.      0.2434     -0.4241       0.000       303.0       0.000    
   77200   30.79      0.3730E-03 SHELL      11166  -0.5%   8116.       2240.      0.2391     -0.4240       0.000       303.0       0.000    
   77300   30.83      0.3730E-03 SHELL      11166  -0.5%   8124.       2232.      0.2352     -0.4239       0.000       303.0       0.000    
   77400   30.87      0.3730E-03 SHELL      11166  -0.5%   8132.       2223.      0.2519     -0.4239       0.000       303.0       0.000    
   77500   30.90      0.3730E-03 SHELL      11166  -0.5%   8140.       2215.      0.2544     -0.4238       0.000       303.0       0.000    
   77600   30.94      0.3730E-03 SHELL      11166  -0.5%   8147.       2207.      0.2466     -0.4237       0.000       303.0       0.000    
   77700   30.98      0.3730E-03 SHELL      11166  -0.5%   8155.       2199.      0.2496     -0.4237       0.000       303.0       0.000    
     ANIMATION FILE: combineA063 WRITTEN
   77800   31.02      0.3731E-03 SHELL      11166  -0.5%   8163.       2191.      0.2434     -0.4236       0.000       303.0       0.000    
   77900   31.05      0.3731E-03 SHELL      11166  -0.5%   8171.       2183.      0.2456     -0.4235       0.000       303.0       0.000    
   78000   31.09      0.3731E-03 SHELL      11166  -0.5%   8178.       2175.      0.2234     -0.4234       0.000       303.0       0.000    
   78100   31.13      0.3731E-03 SHELL      11166  -0.5%   8186.       2167.      0.2392     -0.4234       0.000       303.0       0.000    
   78200   31.16      0.3730E-03 SHELL      11166  -0.5%   8193.       2159.      0.2353     -0.4233       0.000       303.0       0.000    
   78300   31.20      0.3730E-03 SHELL      11166  -0.5%   8201.       2152.      0.2482     -0.4232       0.000       303.0       0.000    
   78400   31.24      0.3730E-03 SHELL      11166  -0.5%   8209.       2144.      0.2527     -0.4231       0.000       303.0       0.000    
   78500   31.28      0.3730E-03 SHELL      11166  -0.5%   8216.       2136.      0.2447     -0.4231       0.000       303.0       0.000    
   78600   31.31      0.3730E-03 SHELL      11166  -0.5%   8224.       2128.      0.2396     -0.4230       0.000       303.0       0.000    
   78700   31.35      0.3731E-03 SHELL      11166  -0.5%   8231.       2120.      0.2332     -0.4229       0.000       303.0       0.000    
   78800   31.39      0.3730E-03 SHELL      11166  -0.5%   8239.       2112.      0.2309     -0.4229       0.000       303.0       0.000    
   78900   31.43      0.3730E-03 SHELL      11166  -0.5%   8246.       2105.      0.2394     -0.4228       0.000       303.0       0.000    
   79000   31.46      0.3730E-03 SHELL      11166  -0.5%   8254.       2097.      0.2494     -0.4227       0.000       303.0       0.000    
   79100   31.50      0.3730E-03 SHELL      11166  -0.6%   8261.       2089.      0.2431     -0.4227       0.000       303.0       0.000    
     ANIMATION FILE: combineA064 WRITTEN
   79200   31.54      0.3730E-03 SHELL      11166  -0.6%   8268.       2081.      0.2547     -0.4226       0.000       303.0       0.000    
   79300   31.57      0.3730E-03 SHELL      11166  -0.6%   8276.       2074.      0.2544     -0.4225       0.000       303.0       0.000    
   79400   31.61      0.3730E-03 SHELL      11166  -0.6%   8283.       2066.      0.2449     -0.4224       0.000       303.0       0.000    
   79500   31.65      0.3730E-03 SHELL      11166  -0.6%   8290.       2059.      0.2473     -0.4224       0.000       303.0       0.000    
   79600   31.69      0.3731E-03 SHELL      11166  -0.6%   8298.       2051.      0.2403     -0.4223       0.000       303.0       0.000    
   79700   31.72      0.3731E-03 SHELL      11166  -0.6%   8305.       2043.      0.2419     -0.4223       0.000       303.0       0.000    
   79800   31.76      0.3731E-03 SHELL      11166  -0.6%   8313.       2036.      0.2463     -0.4222       0.000       303.0       0.000    
   79900   31.80      0.3731E-03 SHELL      11166  -0.6%   8320.       2028.      0.2390     -0.4221       0.000       303.0       0.000    
   80000   31.84      0.3731E-03 SHELL      11166  -0.6%   8328.       2020.      0.2436     -0.4221       0.000       303.0       0.000    
   80100   31.87      0.3731E-03 SHELL      11166  -0.6%   8335.       2012.      0.2363     -0.4220       0.000       303.0       0.000    
   80200   31.91      0.3731E-03 SHELL      11166  -0.6%   8342.       2005.      0.2307     -0.4220       0.000       303.0       0.000    
   80300   31.95      0.3731E-03 SHELL      11166  -0.6%   8350.       1997.      0.2374     -0.4219       0.000       303.0       0.000    
   80400   31.99      0.3731E-03 SHELL      11166  -0.6%   8357.       1989.      0.2383     -0.4218       0.000       303.0       0.000    
     ANIMATION FILE: combineA065 WRITTEN
   80500   32.02      0.3731E-03 SHELL      11166  -0.6%   8365.       1982.      0.2363     -0.4218       0.000       303.0       0.000    
   80600   32.06      0.3731E-03 SHELL      11166  -0.6%   8372.       1974.      0.2288     -0.4217       0.000       303.0       0.000    
   80700   32.10      0.3731E-03 SHELL      11166  -0.6%   8379.       1967.      0.2360     -0.4216       0.000       303.0       0.000    
   80800   32.13      0.3731E-03 SHELL      11166  -0.6%   8387.       1959.      0.2434     -0.4216       0.000       303.0       0.000    
   80900   32.17      0.3731E-03 SHELL      11166  -0.6%   8394.       1951.      0.2405     -0.4215       0.000       303.0       0.000    
   81000   32.21      0.3731E-03 SHELL      11166  -0.6%   8402.       1944.      0.2372     -0.4214       0.000       303.0       0.000    
   81100   32.25      0.3731E-03 SHELL      11166  -0.6%   8409.       1936.      0.2402     -0.4213       0.000       303.0       0.000    
   81200   32.28      0.3732E-03 SHELL      11166  -0.6%   8416.       1929.      0.2375     -0.4213       0.000       303.0       0.000    
   81300   32.32      0.3732E-03 SHELL      11166  -0.6%   8424.       1921.      0.2422     -0.4212       0.000       303.0       0.000    
   81400   32.36      0.3732E-03 SHELL      11166  -0.6%   8431.       1913.      0.2422     -0.4211       0.000       303.0       0.000    
   81500   32.40      0.3732E-03 SHELL      11166  -0.6%   8439.       1905.      0.2366     -0.4210       0.000       303.0       0.000    
   81600   32.43      0.3732E-03 SHELL      11166  -0.6%   8446.       1898.      0.2344     -0.4209       0.000       303.0       0.000    
   81700   32.47      0.3732E-03 SHELL      11166  -0.6%   8454.       1890.      0.2238     -0.4209       0.000       303.0       0.000    
     ANIMATION FILE: combineA066 WRITTEN
   81800   32.51      0.3732E-03 SHELL      11166  -0.6%   8461.       1882.      0.2301     -0.4208       0.000       303.0       0.000    
   81900   32.54      0.3732E-03 SHELL      11166  -0.6%   8469.       1874.      0.2350     -0.4207       0.000       303.0       0.000    
   82000   32.58      0.3732E-03 SHELL      11166  -0.6%   8476.       1866.      0.2347     -0.4206       0.000       303.0       0.000    
   82100   32.62      0.3732E-03 SHELL      11166  -0.6%   8484.       1859.      0.2280     -0.4205       0.000       303.0       0.000    
   82200   32.66      0.3732E-03 SHELL      11166  -0.6%   8491.       1851.      0.2292     -0.4204       0.000       303.0       0.000    
   82300   32.69      0.3732E-03 SHELL      11166  -0.6%   8498.       1844.      0.2368     -0.4204       0.000       303.0       0.000    
   82400   32.73      0.3733E-03 SHELL      11166  -0.6%   8506.       1836.      0.2387     -0.4203       0.000       303.0       0.000    
   CYCLE    TIME      TIME-STEP  ELEMENT          ERROR  I-ENERGY    K-ENERGY T  K-ENERGY R  EXT-WORK     MAS.ERR     TOTAL MASS  MASS ADDED
   82500   32.77      0.3733E-03 SHELL      11166  -0.6%   8513.       1828.      0.2307     -0.4202       0.000       303.0       0.000    
   82600   32.81      0.3733E-03 SHELL      11166  -0.6%   8521.       1821.      0.2277     -0.4201       0.000       303.0       0.000    
   82700   32.84      0.3733E-03 SHELL      11166  -0.6%   8528.       1813.      0.2317     -0.4200       0.000       303.0       0.000    
   82800   32.88      0.3733E-03 SHELL      11166  -0.6%   8536.       1805.      0.2242     -0.4199       0.000       303.0       0.000    
   82900   32.92      0.3733E-03 SHELL      11166  -0.6%   8543.       1797.      0.2242     -0.4199       0.000       303.0       0.000    
   83000   32.96      0.3733E-03 SHELL      11166  -0.6%   8551.       1789.      0.2389     -0.4198       0.000       303.0       0.000    
   83100   32.99      0.3733E-03 SHELL      11166  -0.7%   8558.       1782.      0.2399     -0.4197       0.000       303.0       0.000    
     ANIMATION FILE: combineA067 WRITTEN
   83200   33.03      0.3733E-03 SHELL      11166  -0.7%   8565.       1774.      0.2430     -0.4196       0.000       303.0       0.000    
   83300   33.07      0.3733E-03 SHELL      11166  -0.7%   8573.       1766.      0.2370     -0.4195       0.000       303.0       0.000    
   83400   33.10      0.3733E-03 SHELL      11166  -0.7%   8580.       1759.      0.2367     -0.4194       0.000       303.0       0.000    
   83500   33.14      0.3733E-03 SHELL      11166  -0.7%   8588.       1751.      0.2195     -0.4193       0.000       303.0       0.000    
   83600   33.18      0.3733E-03 SHELL      11166  -0.7%   8595.       1744.      0.2127     -0.4193       0.000       303.0       0.000    
   83700   33.22      0.3733E-03 SHELL      11166  -0.7%   8602.       1736.      0.2275     -0.4192       0.000       303.0       0.000    
   83800   33.25      0.3733E-03 SHELL      11166  -0.7%   8610.       1729.      0.2373     -0.4191       0.000       303.0       0.000    
   83900   33.29      0.3733E-03 SHELL      11166  -0.7%   8617.       1721.      0.2426     -0.4190       0.000       303.0       0.000    
   84000   33.33      0.3733E-03 SHELL      11166  -0.7%   8624.       1714.      0.2307     -0.4189       0.000       303.0       0.000    
   84100   33.37      0.3733E-03 SHELL      11166  -0.7%   8631.       1706.      0.2282     -0.4188       0.000       303.0       0.000    
   84200   33.40      0.3733E-03 SHELL      11166  -0.7%   8639.       1699.      0.2197     -0.4187       0.000       303.0       0.000    
   84300   33.44      0.3733E-03 SHELL      11166  -0.7%   8646.       1691.      0.2168     -0.4187       0.000       303.0       0.000    
   84400   33.48      0.3733E-03 SHELL      11166  -0.7%   8653.       1684.      0.2211     -0.4186       0.000       303.0       0.000    
     ANIMATION FILE: combineA068 WRITTEN
   84500   33.52      0.3733E-03 SHELL      11166  -0.7%   8660.       1677.      0.2312     -0.4185       0.000       303.0       0.000    
   84600   33.55      0.3733E-03 SHELL      11166  -0.7%   8667.       1669.      0.2509     -0.4184       0.000       303.0       0.000    
   84700   33.59      0.3733E-03 SHELL      11166  -0.7%   8674.       1662.      0.2557     -0.4183       0.000       303.0       0.000    
   84800   33.63      0.3733E-03 SHELL      11166  -0.7%   8681.       1655.      0.2553     -0.4182       0.000       303.0       0.000    
   84900   33.66      0.3733E-03 SHELL      11166  -0.7%   8688.       1648.      0.2511     -0.4182       0.000       303.0       0.000    
   85000   33.70      0.3733E-03 SHELL      11166  -0.7%   8695.       1640.      0.2408     -0.4181       0.000       303.0       0.000    
   85100   33.74      0.3733E-03 SHELL      11166  -0.7%   8703.       1633.      0.2334     -0.4180       0.000       303.0       0.000    
   85200   33.78      0.3733E-03 SHELL      11166  -0.7%   8710.       1626.      0.2378     -0.4179       0.000       303.0       0.000    
   85300   33.81      0.3733E-03 SHELL      11166  -0.7%   8717.       1619.      0.2425     -0.4178       0.000       303.0       0.000    
   85400   33.85      0.3733E-03 SHELL      11166  -0.7%   8724.       1611.      0.2465     -0.4177       0.000       303.0       0.000    
   85500   33.89      0.3733E-03 SHELL      11166  -0.7%   8731.       1604.      0.2428     -0.4177       0.000       303.0       0.000    
   85600   33.93      0.3733E-03 SHELL      11166  -0.7%   8738.       1597.      0.2423     -0.4176       0.000       303.0       0.000    
   85700   33.96      0.3733E-03 SHELL      11166  -0.7%   8745.       1590.      0.2441     -0.4175       0.000       303.0       0.000    
     ANIMATION FILE: combineA069 WRITTEN
   85800   34.00      0.3733E-03 SHELL      11166  -0.7%   8752.       1582.      0.2409     -0.4174       0.000       303.0       0.000    
   85900   34.04      0.3733E-03 SHELL      11166  -0.7%   8760.       1575.      0.2345     -0.4173       0.000       303.0       0.000    
   86000   34.08      0.3733E-03 SHELL      11166  -0.7%   8767.       1568.      0.2270     -0.4172       0.000       303.0       0.000    
   86100   34.11      0.3733E-03 SHELL      11166  -0.7%   8774.       1561.      0.2299     -0.4171       0.000       303.0       0.000    
   86200   34.15      0.3733E-03 SHELL      11166  -0.7%   8780.       1554.      0.2302     -0.4170       0.000       303.0       0.000    
   86300   34.19      0.3733E-03 SHELL      11166  -0.7%   8787.       1547.      0.2436     -0.4170       0.000       303.0       0.000    
   86400   34.22      0.3734E-03 SHELL      11166  -0.7%   8794.       1540.      0.2535     -0.4169       0.000       303.0       0.000    
   86500   34.26      0.3734E-03 SHELL      11166  -0.7%   8801.       1533.      0.2634     -0.4168       0.000       303.0       0.000    
   86600   34.30      0.3734E-03 SHELL      11166  -0.7%   8808.       1526.      0.2628     -0.4167       0.000       303.0       0.000    
   86700   34.34      0.3734E-03 SHELL      11166  -0.7%   8815.       1519.      0.2551     -0.4166       0.000       303.0       0.000    
   86800   34.37      0.3734E-03 SHELL      11166  -0.7%   8822.       1512.      0.2467     -0.4165       0.000       303.0       0.000    
   86900   34.41      0.3734E-03 SHELL      11166  -0.7%   8829.       1505.      0.2438     -0.4164       0.000       303.0       0.000    
   87000   34.45      0.3734E-03 SHELL      11166  -0.7%   8836.       1498.      0.2452     -0.4164       0.000       303.0       0.000    
   87100   34.49      0.3734E-03 SHELL      11166  -0.7%   8843.       1491.      0.2436     -0.4163       0.000       303.0       0.000    
     ANIMATION FILE: combineA070 WRITTEN
   87200   34.52      0.3734E-03 SHELL      11166  -0.7%   8849.       1484.      0.2498     -0.4162       0.000       303.0       0.000    
   87300   34.56      0.3734E-03 SHELL      11166  -0.7%   8856.       1478.      0.2494     -0.4161       0.000       303.0       0.000    
   87400   34.60      0.3734E-03 SHELL      11166  -0.7%   8863.       1471.      0.2556     -0.4160       0.000       303.0       0.000    
   87500   34.64      0.3734E-03 SHELL      11166  -0.7%   8870.       1464.      0.2502     -0.4159       0.000       303.0       0.000    
   87600   34.67      0.3734E-03 SHELL      11166  -0.7%   8876.       1457.      0.2493     -0.4158       0.000       303.0       0.000    
   87700   34.71      0.3734E-03 SHELL      11166  -0.7%   8883.       1451.      0.2554     -0.4158       0.000       303.0       0.000    
   87800   34.75      0.3734E-03 SHELL      11166  -0.7%   8889.       1444.      0.2503     -0.4157       0.000       303.0       0.000    
   87900   34.78      0.3734E-03 SHELL      11166  -0.7%   8896.       1437.      0.2571     -0.4156       0.000       303.0       0.000    
   CYCLE    TIME      TIME-STEP  ELEMENT          ERROR  I-ENERGY    K-ENERGY T  K-ENERGY R  EXT-WORK     MAS.ERR     TOTAL MASS  MASS ADDED
   88000   34.82      0.3734E-03 SHELL      11166  -0.7%   8903.       1431.      0.2511     -0.4155       0.000       303.0       0.000    
   88100   34.86      0.3734E-03 SHELL      11166  -0.7%   8909.       1424.      0.2355     -0.4154       0.000       303.0       0.000    
   88200   34.90      0.3734E-03 SHELL      11166  -0.7%   8916.       1417.      0.2423     -0.4154       0.000       303.0       0.000    
   88300   34.93      0.3734E-03 SHELL      11166  -0.7%   8922.       1411.      0.2424     -0.4153       0.000       303.0       0.000    
   88400   34.97      0.3734E-03 SHELL      11166  -0.7%   8929.       1404.      0.2514     -0.4152       0.000       303.0       0.000    
     ANIMATION FILE: combineA071 WRITTEN
   88500   35.01      0.3734E-03 SHELL      11166  -0.7%   8935.       1398.      0.2454     -0.4151       0.000       303.0       0.000    
   88600   35.05      0.3734E-03 SHELL      11166  -0.7%   8942.       1391.      0.2399     -0.4150       0.000       303.0       0.000    
   88700   35.08      0.3734E-03 SHELL      11166  -0.7%   8948.       1385.      0.2299     -0.4150       0.000       303.0       0.000    
   88800   35.12      0.3734E-03 SHELL      11166  -0.7%   8954.       1378.      0.2303     -0.4149       0.000       303.0       0.000    
   88900   35.16      0.3734E-03 SHELL      11166  -0.7%   8961.       1372.      0.2258     -0.4148       0.000       303.0       0.000    
   89000   35.20      0.3734E-03 SHELL      11166  -0.7%   8967.       1366.      0.2321     -0.4147       0.000       303.0       0.000    
   89100   35.23      0.3734E-03 SHELL      11166  -0.7%   8973.       1360.      0.2345     -0.4146       0.000       303.0       0.000    
   89200   35.27      0.3734E-03 SHELL      11166  -0.7%   8979.       1353.      0.2471     -0.4146       0.000       303.0       0.000    
   89300   35.31      0.3734E-03 SHELL      11166  -0.7%   8985.       1347.      0.2465     -0.4145       0.000       303.0       0.000    
   89400   35.34      0.3734E-03 SHELL      11166  -0.7%   8991.       1341.      0.2467     -0.4144       0.000       303.0       0.000    
   89500   35.38      0.3734E-03 SHELL      11166  -0.7%   8997.       1335.      0.2433     -0.4143       0.000       303.0       0.000    
   89600   35.42      0.3734E-03 SHELL      11166  -0.7%   9003.       1329.      0.2417     -0.4143       0.000       303.0       0.000    
   89700   35.46      0.3734E-03 SHELL      11166  -0.7%   9009.       1323.      0.2477     -0.4142       0.000       303.0       0.000    
   89800   35.49      0.3734E-03 SHELL      11166  -0.7%   9015.       1317.      0.2481     -0.4141       0.000       303.0       0.000    
     ANIMATION FILE: combineA072 WRITTEN
   89900   35.53      0.3734E-03 SHELL      11166  -0.7%   9021.       1311.      0.2475     -0.4141       0.000       303.0       0.000    
   90000   35.57      0.3734E-03 SHELL      11166  -0.7%   9027.       1305.      0.2426     -0.4140       0.000       303.0       0.000    
   90100   35.61      0.3734E-03 SHELL      11166  -0.7%   9033.       1299.      0.2373     -0.4139       0.000       303.0       0.000    
   90200   35.64      0.3734E-03 SHELL      11166  -0.7%   9039.       1293.      0.2372     -0.4138       0.000       303.0       0.000    
   90300   35.68      0.3734E-03 SHELL      11166  -0.7%   9044.       1287.      0.2393     -0.4138       0.000       303.0       0.000    
   90400   35.72      0.3734E-03 SHELL      11166  -0.7%   9050.       1282.      0.2331     -0.4137       0.000       303.0       0.000    
   90500   35.76      0.3734E-03 SHELL      11166  -0.7%   9056.       1276.      0.2363     -0.4136       0.000       303.0       0.000    
   90600   35.79      0.3734E-03 SHELL      11166  -0.7%   9061.       1270.      0.2339     -0.4136       0.000       303.0       0.000    
   90700   35.83      0.3734E-03 SHELL      11166  -0.7%   9067.       1265.      0.2349     -0.4135       0.000       303.0       0.000    
   90800   35.87      0.3734E-03 SHELL      11166  -0.7%   9072.       1259.      0.2351     -0.4134       0.000       303.0       0.000    
   90900   35.90      0.3734E-03 SHELL      11166  -0.7%   9078.       1254.      0.2358     -0.4134       0.000       303.0       0.000    
   91000   35.94      0.3733E-03 SHELL      11166  -0.7%   9083.       1248.      0.2430     -0.4133       0.000       303.0       0.000    
   91100   35.98      0.3733E-03 SHELL      11166  -0.7%   9088.       1243.      0.2418     -0.4132       0.000       303.0       0.000    
     ANIMATION FILE: combineA073 WRITTEN
   91200   36.02      0.3733E-03 SHELL      11166  -0.7%   9094.       1237.      0.2463     -0.4132       0.000       303.0       0.000    
   91300   36.05      0.3733E-03 SHELL      11166  -0.7%   9099.       1232.      0.2432     -0.4131       0.000       303.0       0.000    
   91400   36.09      0.3733E-03 SHELL      11166  -0.7%   9104.       1227.      0.2359     -0.4131       0.000       303.0       0.000    
   91500   36.13      0.3733E-03 SHELL      11166  -0.7%   9110.       1221.      0.2354     -0.4130       0.000       303.0       0.000    
   91600   36.17      0.3733E-03 SHELL      11166  -0.7%   9115.       1216.      0.2337     -0.4129       0.000       303.0       0.000    
   91700   36.20      0.3733E-03 SHELL      11166  -0.7%   9120.       1211.      0.2393     -0.4129       0.000       303.0       0.000    
   91800   36.24      0.3733E-03 SHELL      11166  -0.7%   9125.       1206.      0.2458     -0.4128       0.000       303.0       0.000    
   91900   36.28      0.3733E-03 SHELL      11166  -0.7%   9130.       1200.      0.2504     -0.4128       0.000       303.0       0.000    
   92000   36.32      0.3733E-03 SHELL      11166  -0.7%   9135.       1195.      0.2494     -0.4127       0.000       303.0       0.000    
   92100   36.35      0.3733E-03 SHELL      11166  -0.7%   9140.       1190.      0.2409     -0.4127       0.000       303.0       0.000    
   92200   36.39      0.3733E-03 SHELL      11166  -0.7%   9146.       1185.      0.2303     -0.4126       0.000       303.0       0.000    
   92300   36.43      0.3733E-03 SHELL      11166  -0.7%   9151.       1180.      0.2183     -0.4126       0.000       303.0       0.000    
   92400   36.46      0.3733E-03 SHELL      11166  -0.7%   9156.       1174.      0.2167     -0.4125       0.000       303.0       0.000    
     ANIMATION FILE: combineA074 WRITTEN
   92500   36.50      0.3733E-03 SHELL      11166  -0.7%   9161.       1169.      0.2221     -0.4124       0.000       303.0       0.000    
   92600   36.54      0.3733E-03 SHELL      11166  -0.7%   9166.       1164.      0.2318     -0.4124       0.000       303.0       0.000    
   92700   36.58      0.3733E-03 SHELL      11166  -0.7%   9171.       1159.      0.2271     -0.4123       0.000       303.0       0.000    
   92800   36.61      0.3732E-03 SHELL      11166  -0.7%   9176.       1153.      0.2277     -0.4123       0.000       303.0       0.000    
   92900   36.65      0.3732E-03 SHELL      11166  -0.7%   9181.       1148.      0.2313     -0.4122       0.000       303.0       0.000    
   93000   36.69      0.3732E-03 SHELL      11166  -0.7%   9186.       1143.      0.2274     -0.4121       0.000       303.0       0.000    
   93100   36.73      0.3732E-03 SHELL      11166  -0.8%   9191.       1138.      0.2269     -0.4121       0.000       303.0       0.000    
   93200   36.76      0.3732E-03 SHELL      11166  -0.8%   9196.       1133.      0.2306     -0.4120       0.000       303.0       0.000    
   93300   36.80      0.3732E-03 SHELL      11166  -0.8%   9201.       1128.      0.2376     -0.4120       0.000       303.0       0.000    
   93400   36.84      0.3732E-03 SHELL      11166  -0.8%   9206.       1123.      0.2395     -0.4119       0.000       303.0       0.000    
   CYCLE    TIME      TIME-STEP  ELEMENT          ERROR  I-ENERGY    K-ENERGY T  K-ENERGY R  EXT-WORK     MAS.ERR     TOTAL MASS  MASS ADDED
   93500   36.88      0.3732E-03 SHELL      11166  -0.8%   9211.       1118.      0.2370     -0.4119       0.000       303.0       0.000    
   93600   36.91      0.3732E-03 SHELL      11166  -0.8%   9216.       1113.      0.2374     -0.4118       0.000       303.0       0.000    
   93700   36.95      0.3732E-03 SHELL      11166  -0.8%   9221.       1108.      0.2327     -0.4117       0.000       303.0       0.000    
   93800   36.99      0.3732E-03 SHELL      11166  -0.8%   9226.       1103.      0.2322     -0.4117       0.000       303.0       0.000    
     ANIMATION FILE: combineA075 WRITTEN
   93900   37.02      0.3732E-03 SHELL      11166  -0.8%   9231.       1098.      0.2315     -0.4116       0.000       303.0       0.000    
   94000   37.06      0.3732E-03 SHELL      11166  -0.8%   9236.       1093.      0.2326     -0.4116       0.000       303.0       0.000    
   94100   37.10      0.3732E-03 SHELL      11166  -0.8%   9241.       1088.      0.2248     -0.4115       0.000       303.0       0.000    
   94200   37.14      0.3732E-03 SHELL      11166  -0.8%   9246.       1084.      0.2155     -0.4115       0.000       303.0       0.000    
   94300   37.17      0.3732E-03 SHELL      11166  -0.8%   9250.       1079.      0.2230     -0.4114       0.000       303.0       0.000    
   94400   37.21      0.3732E-03 SHELL      11166  -0.8%   9255.       1074.      0.2294     -0.4113       0.000       303.0       0.000    
   94500   37.25      0.3732E-03 SHELL      11166  -0.8%   9260.       1069.      0.2290     -0.4113       0.000       303.0       0.000    
   94600   37.29      0.3732E-03 SHELL      11166  -0.8%   9265.       1064.      0.2323     -0.4112       0.000       303.0       0.000    
   94700   37.32      0.3732E-03 SHELL      11166  -0.8%   9270.       1059.      0.2383     -0.4112       0.000       303.0       0.000    
   94800   37.36      0.3732E-03 SHELL      11166  -0.8%   9274.       1054.      0.2394     -0.4111       0.000       303.0       0.000    
   94900   37.40      0.3732E-03 SHELL      11166  -0.8%   9279.       1050.      0.2378     -0.4111       0.000       303.0       0.000    
   95000   37.44      0.3732E-03 SHELL      11166  -0.8%   9284.       1045.      0.2397     -0.4110       0.000       303.0       0.000    
   95100   37.47      0.3732E-03 SHELL      11166  -0.8%   9289.       1040.      0.2436     -0.4110       0.000       303.0       0.000    
     ANIMATION FILE: combineA076 WRITTEN
   95200   37.51      0.3732E-03 SHELL      11166  -0.8%   9293.       1035.      0.2478     -0.4109       0.000       303.0       0.000    
   95300   37.55      0.3732E-03 SHELL      11166  -0.8%   9298.       1031.      0.2475     -0.4109       0.000       303.0       0.000    
   95400   37.58      0.3732E-03 SHELL      11166  -0.8%   9303.       1026.      0.2433     -0.4108       0.000       303.0       0.000    
   95500   37.62      0.3732E-03 SHELL      11166  -0.8%   9307.       1021.      0.2412     -0.4108       0.000       303.0       0.000    
   95600   37.66      0.3732E-03 SHELL      11166  -0.8%   9312.       1017.      0.2345     -0.4107       0.000       303.0       0.000    
   95700   37.70      0.3732E-03 SHELL      11166  -0.8%   9316.       1012.      0.2336     -0.4106       0.000       303.0       0.000    
   95800   37.73      0.3732E-03 SHELL      11166  -0.8%   9321.       1007.      0.2406     -0.4106       0.000       303.0       0.000    
   95900   37.77      0.3732E-03 SHELL      11166  -0.8%   9325.       1003.      0.2445     -0.4105       0.000       303.0       0.000    
   96000   37.81      0.3732E-03 SHELL      11166  -0.8%   9330.       998.4      0.2425     -0.4105       0.000       303.0       0.000    
   96100   37.85      0.3732E-03 SHELL      11166  -0.8%   9334.       993.9      0.2393     -0.4105       0.000       303.0       0.000    
   96200   37.88      0.3732E-03 SHELL      11166  -0.8%   9339.       989.4      0.2415     -0.4105       0.000       303.0       0.000    
   96300   37.92      0.3732E-03 SHELL      11166  -0.8%   9343.       984.9      0.2385     -0.4105       0.000       303.0       0.000    
   96400   37.96      0.3732E-03 SHELL      11166  -0.8%   9348.       980.4      0.2252     -0.4105       0.000       303.0       0.000    
   96500   37.99      0.3732E-03 SHELL      11166  -0.8%   9352.       975.9      0.2165     -0.4104       0.000       303.0       0.000    
     ANIMATION FILE: combineA077 WRITTEN
   96600   38.03      0.3732E-03 SHELL      11166  -0.8%   9357.       971.3      0.2194     -0.4103       0.000       303.0       0.000    
   96700   38.07      0.3732E-03 SHELL      11166  -0.8%   9361.       966.8      0.2270     -0.4103       0.000       303.0       0.000    
   96800   38.11      0.3732E-03 SHELL      11166  -0.8%   9366.       962.3      0.2324     -0.4102       0.000       303.0       0.000    
   96900   38.14      0.3732E-03 SHELL      11166  -0.8%   9370.       957.8      0.2294     -0.4102       0.000       303.0       0.000    
   97000   38.18      0.3731E-03 SHELL      11166  -0.8%   9374.       953.3      0.2226     -0.4101       0.000       303.0       0.000    
   97100   38.22      0.3731E-03 SHELL      11166  -0.8%   9379.       948.9      0.2203     -0.4101       0.000       303.0       0.000    
   97200   38.26      0.3731E-03 SHELL      11166  -0.8%   9383.       944.5      0.2218     -0.4100       0.000       303.0       0.000    
   97300   38.29      0.3731E-03 SHELL      11166  -0.8%   9388.       940.1      0.2288     -0.4100       0.000       303.0       0.000    
   97400   38.33      0.3731E-03 SHELL      11166  -0.8%   9392.       935.7      0.2368     -0.4099       0.000       303.0       0.000    
   97500   38.37      0.3731E-03 SHELL      11166  -0.8%   9396.       931.3      0.2353     -0.4099       0.000       303.0       0.000    
   97600   38.41      0.3731E-03 SHELL      11166  -0.8%   9401.       927.0      0.2359     -0.4098       0.000       303.0       0.000    
   97700   38.44      0.3731E-03 SHELL      11166  -0.8%   9405.       922.6      0.2371     -0.4098       0.000       303.0       0.000    
   97800   38.48      0.3731E-03 SHELL      11166  -0.8%   9409.       918.3      0.2302     -0.4097       0.000       303.0       0.000    
     ANIMATION FILE: combineA078 WRITTEN
   97900   38.52      0.3731E-03 SHELL      11166  -0.8%   9413.       914.1      0.2280     -0.4097       0.000       303.0       0.000    
   98000   38.55      0.3731E-03 SHELL      11166  -0.8%   9418.       909.8      0.2287     -0.4096       0.000       303.0       0.000    
   98100   38.59      0.3731E-03 SHELL      11166  -0.8%   9422.       905.5      0.2292     -0.4096       0.000       303.0       0.000    
   98200   38.63      0.3731E-03 SHELL      11166  -0.8%   9426.       901.2      0.2279     -0.4095       0.000       303.0       0.000    
   98300   38.67      0.3731E-03 SHELL      11166  -0.8%   9430.       897.0      0.2216     -0.4095       0.000       303.0       0.000    
   98400   38.70      0.3731E-03 SHELL      11166  -0.8%   9434.       892.7      0.2188     -0.4094       0.000       303.0       0.000    
   98500   38.74      0.3731E-03 SHELL      11166  -0.8%   9439.       888.5      0.2152     -0.4094       0.000       303.0       0.000    
   98600   38.78      0.3731E-03 SHELL      11166  -0.8%   9443.       884.2      0.2169     -0.4093       0.000       303.0       0.000    
   98700   38.82      0.3731E-03 SHELL      11166  -0.8%   9447.       880.0      0.2218     -0.4093       0.000       303.0       0.000    
   98800   38.85      0.3731E-03 SHELL      11166  -0.8%   9451.       875.9      0.2237     -0.4092       0.000       303.0       0.000    
   98900   38.89      0.3731E-03 SHELL      11166  -0.8%   9455.       871.7      0.2208     -0.4091       0.000       303.0       0.000    
   CYCLE    TIME      TIME-STEP  ELEMENT          ERROR  I-ENERGY    K-ENERGY T  K-ENERGY R  EXT-WORK     MAS.ERR     TOTAL MASS  MASS ADDED
   99000   38.93      0.3731E-03 SHELL      11166  -0.8%   9459.       867.6      0.2187     -0.4091       0.000       303.0       0.000    
   99100   38.97      0.3731E-03 SHELL      11166  -0.8%   9463.       863.4      0.2197     -0.4091       0.000       303.0       0.000    
     ANIMATION FILE: combineA079 WRITTEN
   99200   39.00      0.3731E-03 SHELL      11166  -0.8%   9468.       859.2      0.2230     -0.4090       0.000       303.0       0.000    
   99300   39.04      0.3731E-03 SHELL      11166  -0.8%   9472.       855.1      0.2259     -0.4090       0.000       303.0       0.000    
   99400   39.08      0.3731E-03 SHELL      11166  -0.8%   9476.       851.0      0.2259     -0.4089       0.000       303.0       0.000    
   99500   39.11      0.3731E-03 SHELL      11166  -0.8%   9480.       846.9      0.2227     -0.4088       0.000       303.0       0.000    
   99600   39.15      0.3731E-03 SHELL      11166  -0.8%   9484.       842.8      0.2150     -0.4088       0.000       303.0       0.000    
   99700   39.19      0.3731E-03 SHELL      11166  -0.8%   9488.       838.7      0.2113     -0.4087       0.000       303.0       0.000    
   99800   39.23      0.3731E-03 SHELL      11166  -0.8%   9492.       834.7      0.2128     -0.4087       0.000       303.0       0.000    
   99900   39.26      0.3731E-03 SHELL      11166  -0.8%   9496.       830.7      0.2187     -0.4086       0.000       303.0       0.000    
  100000   39.30      0.3731E-03 SHELL      11166  -0.8%   9500.       826.8      0.2260     -0.4086       0.000       303.0       0.000    
  100100   39.34      0.3731E-03 SHELL      11166  -0.8%   9504.       822.8      0.2237     -0.4085       0.000       303.0       0.000    
  100200   39.38      0.3731E-03 SHELL      11166  -0.8%   9507.       818.9      0.2161     -0.4085       0.000       303.0       0.000    
  100300   39.41      0.3731E-03 SHELL      11166  -0.8%   9511.       815.0      0.2138     -0.4084       0.000       303.0       0.000    
  100400   39.45      0.3731E-03 SHELL      11166  -0.8%   9515.       811.1      0.2147     -0.4084       0.000       303.0       0.000    
  100500   39.49      0.3732E-03 SHELL      11166  -0.8%   9519.       807.2      0.2196     -0.4083       0.000       303.0       0.000    
     ANIMATION FILE: combineA080 WRITTEN
  100600   39.52      0.3732E-03 SHELL      11166  -0.8%   9523.       803.3      0.2249     -0.4083       0.000       303.0       0.000    
  100700   39.56      0.3732E-03 SHELL      11166  -0.8%   9527.       799.5      0.2290     -0.4082       0.000       303.0       0.000    
  100800   39.60      0.3732E-03 SHELL      11166  -0.8%   9531.       795.6      0.2342     -0.4082       0.000       303.0       0.000    
  100900   39.64      0.3732E-03 SHELL      11166  -0.8%   9534.       791.8      0.2340     -0.4081       0.000       303.0       0.000    
  101000   39.67      0.3732E-03 SHELL      11166  -0.8%   9538.       787.9      0.2282     -0.4081       0.000       303.0       0.000    
  101100   39.71      0.3732E-03 SHELL      11166  -0.8%   9542.       784.1      0.2196     -0.4080       0.000       303.0       0.000    
  101200   39.75      0.3732E-03 SHELL      11166  -0.8%   9546.       780.3      0.2177     -0.4080       0.000       303.0       0.000    
  101300   39.79      0.3732E-03 SHELL      11166  -0.8%   9550.       776.5      0.2274     -0.4079       0.000       303.0       0.000    
  101400   39.82      0.3732E-03 SHELL      11166  -0.8%   9553.       772.8      0.2350     -0.4079       0.000       303.0       0.000    
  101500   39.86      0.3732E-03 SHELL      11166  -0.8%   9557.       769.1      0.2331     -0.4078       0.000       303.0       0.000    
  101600   39.90      0.3732E-03 SHELL      11166  -0.8%   9561.       765.4      0.2349     -0.4078       0.000       303.0       0.000    
  101700   39.94      0.3732E-03 SHELL      11166  -0.8%   9564.       761.8      0.2385     -0.4077       0.000       303.0       0.000    
  101800   39.97      0.3732E-03 SHELL      11166  -0.8%   9568.       758.1      0.2361     -0.4077       0.000       303.0       0.000    
     ANIMATION FILE: combineA081 WRITTEN
  101900   40.01      0.3732E-03 SHELL      11166  -0.8%   9571.       754.5      0.2366     -0.4077       0.000       303.0       0.000    
  102000   40.05      0.3732E-03 SHELL      11166  -0.8%   9575.       750.8      0.2335     -0.4076       0.000       303.0       0.000    
  102100   40.08      0.3732E-03 SHELL      11166  -0.8%   9579.       747.2      0.2361     -0.4077       0.000       303.0       0.000    
  102200   40.12      0.3732E-03 SHELL      11166  -0.8%   9582.       743.6      0.2309     -0.4076       0.000       303.0       0.000    
  102300   40.16      0.3732E-03 SHELL      11166  -0.8%   9586.       740.0      0.2281     -0.4076       0.000       303.0       0.000    
  102400   40.20      0.3732E-03 SHELL      11166  -0.8%   9589.       736.5      0.2234     -0.4075       0.000       303.0       0.000    
  102500   40.23      0.3732E-03 SHELL      11166  -0.8%   9593.       732.9      0.2183     -0.4075       0.000       303.0       0.000    
  102600   40.27      0.3732E-03 SHELL      11166  -0.8%   9596.       729.4      0.2100     -0.4074       0.000       303.0       0.000    
  102700   40.31      0.3732E-03 SHELL      11166  -0.8%   9600.       725.9      0.2142     -0.4074       0.000       303.0       0.000    
  102800   40.35      0.3732E-03 SHELL      11166  -0.8%   9603.       722.4      0.2210     -0.4073       0.000       303.0       0.000    
  102900   40.38      0.3732E-03 SHELL      11166  -0.8%   9606.       719.0      0.2224     -0.4073       0.000       303.0       0.000    
  103000   40.42      0.3732E-03 SHELL      11166  -0.8%   9610.       715.5      0.2214     -0.4072       0.000       303.0       0.000    
  103100   40.46      0.3732E-03 SHELL      11166  -0.8%   9613.       712.1      0.2173     -0.4072       0.000       303.0       0.000    
  103200   40.50      0.3732E-03 SHELL      11166  -0.8%   9617.       708.7      0.2189     -0.4071       0.000       303.0       0.000    
     ANIMATION FILE: combineA082 WRITTEN
  103300   40.53      0.3732E-03 SHELL      11166  -0.8%   9620.       705.2      0.2234     -0.4071       0.000       303.0       0.000    
  103400   40.57      0.3732E-03 SHELL      11166  -0.8%   9623.       701.8      0.2236     -0.4071       0.000       303.0       0.000    
  103500   40.61      0.3732E-03 SHELL      11166  -0.8%   9627.       698.4      0.2153     -0.4070       0.000       303.0       0.000    
  103600   40.64      0.3732E-03 SHELL      11166  -0.8%   9630.       695.0      0.2140     -0.4070       0.000       303.0       0.000    
  103700   40.68      0.3732E-03 SHELL      11166  -0.8%   9634.       691.7      0.2128     -0.4069       0.000       303.0       0.000    
  103800   40.72      0.3732E-03 SHELL      11166  -0.8%   9637.       688.3      0.2162     -0.4069       0.000       303.0       0.000    
  103900   40.76      0.3732E-03 SHELL      11166  -0.8%   9640.       685.0      0.2173     -0.4068       0.000       303.0       0.000    
  104000   40.79      0.3732E-03 SHELL      11166  -0.8%   9643.       681.7      0.2194     -0.4068       0.000       303.0       0.000    
  104100   40.83      0.3732E-03 SHELL      11166  -0.8%   9646.       678.5      0.2226     -0.4067       0.000       303.0       0.000    
  104200   40.87      0.3732E-03 SHELL      11166  -0.8%   9650.       675.3      0.2189     -0.4067       0.000       303.0       0.000    
  104300   40.91      0.3732E-03 SHELL      11166  -0.8%   9653.       672.1      0.2151     -0.4066       0.000       303.0       0.000    
  104400   40.94      0.3732E-03 SHELL      11166  -0.8%   9656.       668.9      0.2102     -0.4066       0.000       303.0       0.000    
   CYCLE    TIME      TIME-STEP  ELEMENT          ERROR  I-ENERGY    K-ENERGY T  K-ENERGY R  EXT-WORK     MAS.ERR     TOTAL MASS  MASS ADDED
  104500   40.98      0.3732E-03 SHELL      11166  -0.8%   9659.       665.7      0.2113     -0.4066       0.000       303.0       0.000    
     ANIMATION FILE: combineA083 WRITTEN
  104600   41.02      0.3732E-03 SHELL      11166  -0.8%   9662.       662.6      0.2178     -0.4065       0.000       303.0       0.000    
  104700   41.05      0.3732E-03 SHELL      11166  -0.8%   9665.       659.4      0.2217     -0.4065       0.000       303.0       0.000    
  104800   41.09      0.3732E-03 SHELL      11166  -0.8%   9668.       656.2      0.2212     -0.4064       0.000       303.0       0.000    
  104900   41.13      0.3732E-03 SHELL      11166  -0.8%   9671.       653.1      0.2173     -0.4064       0.000       303.0       0.000    
  105000   41.17      0.3732E-03 SHELL      11166  -0.8%   9675.       650.0      0.2134     -0.4063       0.000       303.0       0.000    
  105100   41.20      0.3732E-03 SHELL      11166  -0.8%   9678.       646.9      0.2130     -0.4063       0.000       303.0       0.000    
  105200   41.24      0.3732E-03 SHELL      11166  -0.8%   9681.       643.8      0.2135     -0.4062       0.000       303.0       0.000    
  105300   41.28      0.3732E-03 SHELL      11166  -0.8%   9684.       640.7      0.2125     -0.4062       0.000       303.0       0.000    
  105400   41.32      0.3732E-03 SHELL      11166  -0.8%   9687.       637.7      0.2102     -0.4061       0.000       303.0       0.000    
  105500   41.35      0.3732E-03 SHELL      11166  -0.8%   9690.       634.7      0.2136     -0.4061       0.000       303.0       0.000    
  105600   41.39      0.3732E-03 SHELL      11166  -0.8%   9692.       631.8      0.2184     -0.4060       0.000       303.0       0.000    
  105700   41.43      0.3732E-03 SHELL      11166  -0.8%   9695.       628.9      0.2109     -0.4060       0.000       303.0       0.000    
  105800   41.47      0.3732E-03 SHELL      11166  -0.8%   9698.       626.0      0.2048     -0.4059       0.000       303.0       0.000    
     ANIMATION FILE: combineA084 WRITTEN
  105900   41.50      0.3732E-03 SHELL      11166  -0.8%   9701.       623.1      0.2050     -0.4059       0.000       303.0       0.000    
  106000   41.54      0.3732E-03 SHELL      11166  -0.8%   9704.       620.2      0.2116     -0.4058       0.000       303.0       0.000    
  106100   41.58      0.3732E-03 SHELL      11166  -0.8%   9707.       617.3      0.2172     -0.4058       0.000       303.0       0.000    
  106200   41.61      0.3732E-03 SHELL      11166  -0.8%   9710.       614.4      0.2209     -0.4057       0.000       303.0       0.000    
  106300   41.65      0.3732E-03 SHELL      11166  -0.8%   9712.       611.6      0.2217     -0.4057       0.000       303.0       0.000    
  106400   41.69      0.3732E-03 SHELL      11166  -0.8%   9715.       608.8      0.2187     -0.4056       0.000       303.0       0.000    
  106500   41.73      0.3732E-03 SHELL      11166  -0.8%   9718.       606.0      0.2114     -0.4056       0.000       303.0       0.000    
  106600   41.76      0.3732E-03 SHELL      11166  -0.8%   9721.       603.2      0.2053     -0.4055       0.000       303.0       0.000    
  106700   41.80      0.3732E-03 SHELL      11166  -0.8%   9723.       600.5      0.2031     -0.4055       0.000       303.0       0.000    
  106800   41.84      0.3732E-03 SHELL      11166  -0.8%   9726.       597.8      0.1983     -0.4054       0.000       303.0       0.000    
  106900   41.88      0.3733E-03 SHELL      11166  -0.8%   9729.       595.1      0.2005     -0.4054       0.000       303.0       0.000    
  107000   41.91      0.3733E-03 SHELL      11166  -0.8%   9731.       592.5      0.2090     -0.4053       0.000       303.0       0.000    
  107100   41.95      0.3733E-03 SHELL      11166  -0.8%   9734.       589.8      0.2110     -0.4053       0.000       303.0       0.000    
  107200   41.99      0.3733E-03 SHELL      11166  -0.8%   9736.       587.2      0.2083     -0.4052       0.000       303.0       0.000    
     ANIMATION FILE: combineA085 WRITTEN
  107300   42.03      0.3733E-03 SHELL      11166  -0.8%   9739.       584.6      0.2127     -0.4052       0.000       303.0       0.000    
  107400   42.06      0.3733E-03 SHELL      11166  -0.8%   9742.       582.0      0.2168     -0.4051       0.000       303.0       0.000    
  107500   42.10      0.3733E-03 SHELL      11166  -0.8%   9744.       579.5      0.2137     -0.4051       0.000       303.0       0.000    
  107600   42.14      0.3733E-03 SHELL      11166  -0.8%   9747.       576.9      0.2113     -0.4050       0.000       303.0       0.000    
  107700   42.17      0.3733E-03 SHELL      11166  -0.8%   9749.       574.4      0.2089     -0.4050       0.000       303.0       0.000    
  107800   42.21      0.3733E-03 SHELL      11166  -0.8%   9752.       571.9      0.2050     -0.4050       0.000       303.0       0.000    
  107900   42.25      0.3733E-03 SHELL      11166  -0.8%   9754.       569.5      0.2028     -0.4049       0.000       303.0       0.000    
  108000   42.29      0.3733E-03 SHELL      11166  -0.8%   9756.       567.1      0.2033     -0.4049       0.000       303.0       0.000    
  108100   42.32      0.3733E-03 SHELL      11166  -0.8%   9759.       564.7      0.2047     -0.4048       0.000       303.0       0.000    
  108200   42.36      0.3733E-03 SHELL      11166  -0.8%   9761.       562.3      0.2071     -0.4048       0.000       303.0       0.000    
  108300   42.40      0.3733E-03 SHELL      11166  -0.8%   9763.       560.0      0.2076     -0.4047       0.000       303.0       0.000    
  108400   42.44      0.3733E-03 SHELL      11166  -0.8%   9766.       557.7      0.2085     -0.4047       0.000       303.0       0.000    
  108500   42.47      0.3733E-03 SHELL      11166  -0.8%   9768.       555.5      0.2091     -0.4046       0.000       303.0       0.000    
     ANIMATION FILE: combineA086 WRITTEN
  108600   42.51      0.3733E-03 SHELL      11166  -0.8%   9770.       553.2      0.2067     -0.4046       0.000       303.0       0.000    
  108700   42.55      0.3733E-03 SHELL      11166  -0.8%   9772.       550.9      0.2075     -0.4045       0.000       303.0       0.000    
  108800   42.59      0.3733E-03 SHELL      11166  -0.8%   9775.       548.7      0.2179     -0.4045       0.000       303.0       0.000    
  108900   42.62      0.3733E-03 SHELL      11166  -0.8%   9777.       546.5      0.2231     -0.4045       0.000       303.0       0.000    
  109000   42.66      0.3733E-03 SHELL      11166  -0.8%   9779.       544.3      0.2180     -0.4044       0.000       303.0       0.000    
  109100   42.70      0.3733E-03 SHELL      11166  -0.8%   9781.       542.2      0.2106     -0.4044       0.000       303.0       0.000    
  109200   42.73      0.3733E-03 SHELL      11166  -0.8%   9783.       540.1      0.2074     -0.4043       0.000       303.0       0.000    
  109300   42.77      0.3733E-03 SHELL      11166  -0.8%   9785.       538.0      0.2095     -0.4043       0.000       303.0       0.000    
  109400   42.81      0.3733E-03 SHELL      11166  -0.8%   9787.       535.9      0.2121     -0.4042       0.000       303.0       0.000    
  109500   42.85      0.3733E-03 SHELL      11166  -0.8%   9789.       533.9      0.2109     -0.4042       0.000       303.0       0.000    
  109600   42.88      0.3733E-03 SHELL      11166  -0.8%   9791.       531.9      0.2062     -0.4041       0.000       303.0       0.000    
  109700   42.92      0.3733E-03 SHELL      11166  -0.8%   9793.       530.0      0.2054     -0.4041       0.000       303.0       0.000    
  109800   42.96      0.3733E-03 SHELL      11166  -0.8%   9795.       528.0      0.2071     -0.4040       0.000       303.0       0.000    
  109900   43.00      0.3733E-03 SHELL      11166  -0.8%   9797.       526.1      0.2052     -0.4040       0.000       303.0       0.000    
     ANIMATION FILE: combineA087 WRITTEN
   CYCLE    TIME      TIME-STEP  ELEMENT          ERROR  I-ENERGY    K-ENERGY T  K-ENERGY R  EXT-WORK     MAS.ERR     TOTAL MASS  MASS ADDED
  110000   43.03      0.3733E-03 SHELL      11166  -0.8%   9799.       524.3      0.2024     -0.4040       0.000       303.0       0.000    
  110100   43.07      0.3733E-03 SHELL      11166  -0.8%   9801.       522.4      0.2004     -0.4039       0.000       303.0       0.000    
  110200   43.11      0.3733E-03 SHELL      11166  -0.8%   9802.       520.6      0.2010     -0.4039       0.000       303.0       0.000    
  110300   43.15      0.3733E-03 SHELL      11166  -0.8%   9804.       518.8      0.2043     -0.4038       0.000       303.0       0.000    
  110400   43.18      0.3733E-03 SHELL      11166  -0.8%   9806.       517.0      0.2048     -0.4038       0.000       303.0       0.000    
  110500   43.22      0.3733E-03 SHELL      11166  -0.8%   9808.       515.2      0.2022     -0.4037       0.000       303.0       0.000    
  110600   43.26      0.3733E-03 SHELL      11166  -0.8%   9809.       513.5      0.2044     -0.4037       0.000       303.0       0.000    
  110700   43.29      0.3734E-03 SHELL      11166  -0.8%   9811.       511.9      0.2097     -0.4037       0.000       303.0       0.000    
  110800   43.33      0.3734E-03 SHELL      11166  -0.8%   9813.       510.2      0.2129     -0.4036       0.000       303.0       0.000    
  110900   43.37      0.3734E-03 SHELL      11166  -0.8%   9814.       508.6      0.2145     -0.4036       0.000       303.0       0.000    
  111000   43.41      0.3734E-03 SHELL      11166  -0.8%   9816.       507.0      0.2119     -0.4035       0.000       303.0       0.000    
  111100   43.44      0.3734E-03 SHELL      11166  -0.8%   9817.       505.4      0.2118     -0.4035       0.000       303.0       0.000    
  111200   43.48      0.3734E-03 SHELL      11166  -0.8%   9819.       503.8      0.2155     -0.4035       0.000       303.0       0.000    
     ANIMATION FILE: combineA088 WRITTEN
  111300   43.52      0.3734E-03 SHELL      11166  -0.8%   9820.       502.2      0.2115     -0.4034       0.000       303.0       0.000    
  111400   43.56      0.3734E-03 SHELL      11166  -0.8%   9822.       500.7      0.2051     -0.4034       0.000       303.0       0.000    
  111500   43.59      0.3734E-03 SHELL      11166  -0.8%   9824.       499.2      0.2032     -0.4033       0.000       303.0       0.000    
  111600   43.63      0.3734E-03 SHELL      11166  -0.8%   9825.       497.7      0.2061     -0.4033       0.000       303.0       0.000    
  111700   43.67      0.3734E-03 SHELL      11166  -0.8%   9826.       496.3      0.2089     -0.4033       0.000       303.0       0.000    
  111800   43.71      0.3734E-03 SHELL      11166  -0.8%   9828.       494.8      0.2074     -0.4032       0.000       303.0       0.000    
  111900   43.74      0.3734E-03 SHELL      11166  -0.8%   9829.       493.4      0.2020     -0.4032       0.000       303.0       0.000    
  112000   43.78      0.3734E-03 SHELL      11166  -0.8%   9831.       492.1      0.1988     -0.4031       0.000       303.0       0.000    
  112100   43.82      0.3734E-03 SHELL      11166  -0.8%   9832.       490.7      0.1993     -0.4031       0.000       303.0       0.000    
  112200   43.85      0.3734E-03 SHELL      11166  -0.8%   9833.       489.5      0.2010     -0.4031       0.000       303.0       0.000    
  112300   43.89      0.3734E-03 SHELL      11166  -0.8%   9835.       488.2      0.2067     -0.4030       0.000       303.0       0.000    
  112400   43.93      0.3734E-03 SHELL      11166  -0.8%   9836.       487.0      0.2117     -0.4030       0.000       303.0       0.000    
  112500   43.97      0.3734E-03 SHELL      11166  -0.8%   9837.       485.8      0.2155     -0.4030       0.000       303.0       0.000    
     ANIMATION FILE: combineA089 WRITTEN
  112600   44.00      0.3734E-03 SHELL      11166  -0.8%   9838.       484.6      0.2158     -0.4029       0.000       303.0       0.000    
  112700   44.04      0.3734E-03 SHELL      11166  -0.8%   9839.       483.4      0.2112     -0.4029       0.000       303.0       0.000    
  112800   44.08      0.3734E-03 SHELL      11166  -0.8%   9840.       482.2      0.2064     -0.4029       0.000       303.0       0.000    
  112900   44.12      0.3735E-03 SHELL      11166  -0.8%   9842.       481.1      0.2042     -0.4028       0.000       303.0       0.000    
  113000   44.15      0.3735E-03 SHELL      11166  -0.8%   9843.       479.9      0.2080     -0.4028       0.000       303.0       0.000    
  113100   44.19      0.3735E-03 SHELL      11166  -0.8%   9844.       478.8      0.2143     -0.4028       0.000       303.0       0.000    
  113200   44.23      0.3735E-03 SHELL      11166  -0.8%   9845.       477.6      0.2148     -0.4027       0.000       303.0       0.000    
  113300   44.27      0.3735E-03 SHELL      11166  -0.8%   9846.       476.5      0.2118     -0.4027       0.000       303.0       0.000    
  113400   44.30      0.3735E-03 SHELL      11166  -0.8%   9847.       475.5      0.2095     -0.4027       0.000       303.0       0.000    
  113500   44.34      0.3735E-03 SHELL      11166  -0.8%   9848.       474.5      0.2047     -0.4026       0.000       303.0       0.000    
  113600   44.38      0.3735E-03 SHELL      11166  -0.8%   9849.       473.4      0.2025     -0.4026       0.000       303.0       0.000    
  113700   44.41      0.3735E-03 SHELL      11166  -0.8%   9850.       472.5      0.2036     -0.4026       0.000       303.0       0.000    
  113800   44.45      0.3735E-03 SHELL      11166  -0.8%   9851.       471.5      0.2066     -0.4026       0.000       303.0       0.000    
  113900   44.49      0.3735E-03 SHELL      11166  -0.8%   9852.       470.5      0.2088     -0.4025       0.000       303.0       0.000    
     ANIMATION FILE: combineA090 WRITTEN
  114000   44.53      0.3735E-03 SHELL      11166  -0.8%   9853.       469.6      0.2075     -0.4025       0.000       303.0       0.000    
  114100   44.56      0.3735E-03 SHELL      11166  -0.8%   9854.       468.6      0.2067     -0.4025       0.000       303.0       0.000    
  114200   44.60      0.3735E-03 SHELL      11166  -0.8%   9855.       467.7      0.2078     -0.4025       0.000       303.0       0.000    
  114300   44.64      0.3735E-03 SHELL      11166  -0.8%   9856.       466.7      0.2094     -0.4024       0.000       303.0       0.000    
  114400   44.68      0.3735E-03 SHELL      11166  -0.8%   9857.       465.8      0.2061     -0.4024       0.000       303.0       0.000    
  114500   44.71      0.3735E-03 SHELL      11166  -0.8%   9858.       465.0      0.2022     -0.4024       0.000       303.0       0.000    
  114600   44.75      0.3735E-03 SHELL      11166  -0.8%   9859.       464.2      0.2017     -0.4024       0.000       303.0       0.000    
  114700   44.79      0.3736E-03 SHELL      11166  -0.8%   9860.       463.3      0.2037     -0.4023       0.000       303.0       0.000    
  114800   44.83      0.3736E-03 SHELL      11166  -0.8%   9861.       462.6      0.2055     -0.4023       0.000       303.0       0.000    
  114900   44.86      0.3736E-03 SHELL      11166  -0.8%   9861.       461.8      0.2066     -0.4023       0.000       303.0       0.000    
  115000   44.90      0.3736E-03 SHELL      11166  -0.8%   9862.       461.0      0.2073     -0.4023       0.000       303.0       0.000    
  115100   44.94      0.3736E-03 SHELL      11166  -0.8%   9863.       460.3      0.2057     -0.4022       0.000       303.0       0.000    
  115200   44.98      0.3736E-03 SHELL      11166  -0.8%   9864.       459.6      0.2089     -0.4022       0.000       303.0       0.000    
     ANIMATION FILE: combineA091 WRITTEN
  115300   45.01      0.3736E-03 SHELL      11166  -0.8%   9864.       458.8      0.2085     -0.4022       0.000       303.0       0.000    
  115400   45.05      0.3736E-03 SHELL      11166  -0.8%   9865.       458.1      0.2048     -0.4022       0.000       303.0       0.000    
   CYCLE    TIME      TIME-STEP  ELEMENT          ERROR  I-ENERGY    K-ENERGY T  K-ENERGY R  EXT-WORK     MAS.ERR     TOTAL MASS  MASS ADDED
  115500   45.09      0.3736E-03 SHELL      11166  -0.8%   9866.       457.4      0.2038     -0.4022       0.000       303.0       0.000    
  115600   45.12      0.3736E-03 SHELL      11166  -0.8%   9867.       456.7      0.2024     -0.4021       0.000       303.0       0.000    
  115700   45.16      0.3736E-03 SHELL      11166  -0.8%   9867.       456.0      0.2010     -0.4021       0.000       303.0       0.000    
  115800   45.20      0.3736E-03 SHELL      11166  -0.8%   9868.       455.3      0.2014     -0.4021       0.000       303.0       0.000    
  115900   45.24      0.3736E-03 SHELL      11166  -0.8%   9869.       454.7      0.2028     -0.4021       0.000       303.0       0.000    
  116000   45.27      0.3736E-03 SHELL      11166  -0.8%   9869.       454.0      0.2044     -0.4021       0.000       303.0       0.000    
  116100   45.31      0.3736E-03 SHELL      11166  -0.8%   9870.       453.4      0.2094     -0.4021       0.000       303.0       0.000    
  116200   45.35      0.3736E-03 SHELL      11166  -0.8%   9870.       452.8      0.2116     -0.4020       0.000       303.0       0.000    
  116300   45.39      0.3736E-03 SHELL      11166  -0.8%   9871.       452.2      0.2079     -0.4020       0.000       303.0       0.000    
  116400   45.42      0.3736E-03 SHELL      11166  -0.8%   9872.       451.6      0.2013     -0.4020       0.000       303.0       0.000    
  116500   45.46      0.3736E-03 SHELL      11166  -0.8%   9872.       451.1      0.1984     -0.4020       0.000       303.0       0.000    
  116600   45.50      0.3736E-03 SHELL      11166  -0.8%   9873.       450.5      0.1995     -0.4020       0.000       303.0       0.000    
     ANIMATION FILE: combineA092 WRITTEN
  116700   45.54      0.3736E-03 SHELL      11166  -0.8%   9873.       449.9      0.2010     -0.4020       0.000       303.0       0.000    
  116800   45.57      0.3736E-03 SHELL      11166  -0.8%   9874.       449.3      0.2029     -0.4020       0.000       303.0       0.000    
  116900   45.61      0.3736E-03 SHELL      11166  -0.8%   9875.       448.8      0.2047     -0.4020       0.000       303.0       0.000    
  117000   45.65      0.3736E-03 SHELL      11166  -0.8%   9875.       448.2      0.2068     -0.4019       0.000       303.0       0.000    
  117100   45.68      0.3736E-03 SHELL      11166  -0.8%   9876.       447.7      0.2073     -0.4019       0.000       303.0       0.000    
  117200   45.72      0.3736E-03 SHELL      11166  -0.8%   9876.       447.1      0.2072     -0.4019       0.000       303.0       0.000    
  117300   45.76      0.3736E-03 SHELL      11166  -0.8%   9877.       446.6      0.2060     -0.4019       0.000       303.0       0.000    
  117400   45.80      0.3736E-03 SHELL      11166  -0.8%   9877.       446.1      0.2054     -0.4019       0.000       303.0       0.000    
  117500   45.83      0.3736E-03 SHELL      11166  -0.8%   9878.       445.5      0.2066     -0.4019       0.000       303.0       0.000    
  117600   45.87      0.3736E-03 SHELL      11166  -0.8%   9878.       444.9      0.2095     -0.4019       0.000       303.0       0.000    
  117700   45.91      0.3736E-03 SHELL      11166  -0.8%   9879.       444.3      0.2100     -0.4019       0.000       303.0       0.000    
  117800   45.95      0.3736E-03 SHELL      11166  -0.8%   9880.       443.7      0.2075     -0.4019       0.000       303.0       0.000    
  117900   45.98      0.3736E-03 SHELL      11166  -0.8%   9880.       443.1      0.2065     -0.4019       0.000       303.0       0.000    
     ANIMATION FILE: combineA093 WRITTEN
  118000   46.02      0.3736E-03 SHELL      11166  -0.8%   9881.       442.5      0.2068     -0.4019       0.000       303.0       0.000    
  118100   46.06      0.3736E-03 SHELL      11166  -0.8%   9882.       441.8      0.2082     -0.4019       0.000       303.0       0.000    
  118200   46.10      0.3736E-03 SHELL      11166  -0.8%   9882.       441.2      0.2096     -0.4018       0.000       303.0       0.000    
  118300   46.13      0.3736E-03 SHELL      11166  -0.8%   9883.       440.6      0.2083     -0.4018       0.000       303.0       0.000    
  118400   46.17      0.3736E-03 SHELL      11166  -0.8%   9883.       439.9      0.2073     -0.4018       0.000       303.0       0.000    
  118500   46.21      0.3736E-03 SHELL      11166  -0.8%   9884.       439.3      0.2060     -0.4018       0.000       303.0       0.000    
  118600   46.25      0.3736E-03 SHELL      11166  -0.8%   9885.       438.7      0.2000     -0.4018       0.000       303.0       0.000    
  118700   46.28      0.3736E-03 SHELL      11166  -0.8%   9885.       438.0      0.1958     -0.4018       0.000       303.0       0.000    
  118800   46.32      0.3736E-03 SHELL      11166  -0.8%   9886.       437.4      0.2010     -0.4018       0.000       303.0       0.000    
  118900   46.36      0.3736E-03 SHELL      11166  -0.8%   9887.       436.7      0.2084     -0.4018       0.000       303.0       0.000    
  119000   46.39      0.3736E-03 SHELL      11166  -0.8%   9887.       436.0      0.2108     -0.4018       0.000       303.0       0.000    
  119100   46.43      0.3736E-03 SHELL      11166  -0.8%   9888.       435.3      0.2116     -0.4018       0.000       303.0       0.000    
  119200   46.47      0.3736E-03 SHELL      11166  -0.8%   9889.       434.6      0.2138     -0.4018       0.000       303.0       0.000    
     ANIMATION FILE: combineA094 WRITTEN
  119300   46.51      0.3736E-03 SHELL      11166  -0.8%   9889.       433.9      0.2128     -0.4018       0.000       303.0       0.000    
  119400   46.54      0.3736E-03 SHELL      11166  -0.8%   9890.       433.2      0.2083     -0.4018       0.000       303.0       0.000    
  119500   46.58      0.3736E-03 SHELL      11166  -0.8%   9891.       432.5      0.2046     -0.4018       0.000       303.0       0.000    
  119600   46.62      0.3736E-03 SHELL      11166  -0.8%   9892.       431.8      0.2058     -0.4018       0.000       303.0       0.000    
  119700   46.66      0.3736E-03 SHELL      11166  -0.8%   9892.       431.0      0.2089     -0.4018       0.000       303.0       0.000    
  119800   46.69      0.3737E-03 SHELL      11166  -0.8%   9893.       430.3      0.2123     -0.4018       0.000       303.0       0.000    
  119900   46.73      0.3737E-03 SHELL      11166  -0.8%   9894.       429.6      0.2141     -0.4018       0.000       303.0       0.000    
  120000   46.77      0.3737E-03 SHELL      11166  -0.8%   9894.       428.8      0.2125     -0.4018       0.000       303.0       0.000    
  120100   46.81      0.3737E-03 SHELL      11166  -0.8%   9895.       428.1      0.2115     -0.4018       0.000       303.0       0.000    
  120200   46.84      0.3737E-03 SHELL      11166  -0.8%   9896.       427.3      0.2066     -0.4018       0.000       303.0       0.000    
  120300   46.88      0.3737E-03 SHELL      11166  -0.8%   9897.       426.6      0.2021     -0.4018       0.000       303.0       0.000    
  120400   46.92      0.3737E-03 SHELL      11166  -0.8%   9897.       425.8      0.2020     -0.4018       0.000       303.0       0.000    
  120500   46.96      0.3737E-03 SHELL      11166  -0.8%   9898.       425.0      0.2013     -0.4018       0.000       303.0       0.000    
  120600   46.99      0.3737E-03 SHELL      11166  -0.8%   9899.       424.3      0.1994     -0.4018       0.000       303.0       0.000    
     ANIMATION FILE: combineA095 WRITTEN
  120700   47.03      0.3737E-03 SHELL      11166  -0.8%   9900.       423.5      0.2000     -0.4018       0.000       303.0       0.000    
  120800   47.07      0.3737E-03 SHELL      11166  -0.8%   9901.       422.7      0.2027     -0.4018       0.000       303.0       0.000    
  120900   47.10      0.3737E-03 SHELL      11166  -0.8%   9901.       422.0      0.2065     -0.4018       0.000       303.0       0.000    
   CYCLE    TIME      TIME-STEP  ELEMENT          ERROR  I-ENERGY    K-ENERGY T  K-ENERGY R  EXT-WORK     MAS.ERR     TOTAL MASS  MASS ADDED
  121000   47.14      0.3737E-03 SHELL      11166  -0.8%   9902.       421.2      0.2079     -0.4018       0.000       303.0       0.000    
  121100   47.18      0.3737E-03 SHELL      11166  -0.8%   9903.       420.4      0.2081     -0.4018       0.000       303.0       0.000    
  121200   47.22      0.3737E-03 SHELL      11166  -0.8%   9904.       419.7      0.2118     -0.4018       0.000       303.0       0.000    
  121300   47.25      0.3737E-03 SHELL      11166  -0.8%   9904.       418.9      0.2122     -0.4018       0.000       303.0       0.000    
  121400   47.29      0.3737E-03 SHELL      11166  -0.8%   9905.       418.1      0.2087     -0.4018       0.000       303.0       0.000    
  121500   47.33      0.3737E-03 SHELL      11166  -0.8%   9906.       417.3      0.2062     -0.4018       0.000       303.0       0.000    
  121600   47.37      0.3737E-03 SHELL      11166  -0.8%   9907.       416.4      0.2091     -0.4018       0.000       303.0       0.000    
  121700   47.40      0.3737E-03 SHELL      11166  -0.8%   9908.       415.6      0.2137     -0.4018       0.000       303.0       0.000    
  121800   47.44      0.3737E-03 SHELL      11166  -0.8%   9909.       414.7      0.2138     -0.4018       0.000       303.0       0.000    
  121900   47.48      0.3737E-03 SHELL      11166  -0.8%   9909.       413.9      0.2148     -0.4018       0.000       303.0       0.000    
     ANIMATION FILE: combineA096 WRITTEN
  122000   47.52      0.3737E-03 SHELL      11166  -0.8%   9910.       413.0      0.2153     -0.4018       0.000       303.0       0.000    
  122100   47.55      0.3737E-03 SHELL      11166  -0.8%   9911.       412.1      0.2103     -0.4018       0.000       303.0       0.000    
  122200   47.59      0.3737E-03 SHELL      11166  -0.8%   9912.       411.3      0.2045     -0.4018       0.000       303.0       0.000    
  122300   47.63      0.3737E-03 SHELL      11166  -0.8%   9913.       410.5      0.2043     -0.4018       0.000       303.0       0.000    
  122400   47.67      0.3737E-03 SHELL      11166  -0.8%   9914.       409.6      0.2012     -0.4018       0.000       303.0       0.000    
  122500   47.70      0.3737E-03 SHELL      11166  -0.8%   9914.       408.8      0.1963     -0.4018       0.000       303.0       0.000    
  122600   47.74      0.3737E-03 SHELL      11166  -0.8%   9915.       407.9      0.1938     -0.4018       0.000       303.0       0.000    
  122700   47.78      0.3737E-03 SHELL      11166  -0.8%   9916.       407.0      0.1940     -0.4018       0.000       303.0       0.000    
  122800   47.81      0.3737E-03 SHELL      11166  -0.8%   9917.       406.2      0.2003     -0.4018       0.000       303.0       0.000    
  122900   47.85      0.3737E-03 SHELL      11166  -0.8%   9918.       405.3      0.2068     -0.4018       0.000       303.0       0.000    
  123000   47.89      0.3737E-03 SHELL      11166  -0.8%   9919.       404.4      0.2068     -0.4018       0.000       303.0       0.000    
  123100   47.93      0.3737E-03 SHELL      11166  -0.8%   9920.       403.5      0.2051     -0.4018       0.000       303.0       0.000    
  123200   47.96      0.3737E-03 SHELL      11166  -0.8%   9921.       402.7      0.2023     -0.4018       0.000       303.0       0.000    
     ANIMATION FILE: combineA097 WRITTEN
  123300   48.00      0.3737E-03 SHELL      11166  -0.8%   9921.       401.8      0.1988     -0.4018       0.000       303.0       0.000    
  123400   48.04      0.3737E-03 SHELL      11166  -0.8%   9922.       400.9      0.1993     -0.4018       0.000       303.0       0.000    
  123500   48.08      0.3737E-03 SHELL      11166  -0.8%   9923.       400.0      0.2001     -0.4018       0.000       303.0       0.000    
  123600   48.11      0.3737E-03 SHELL      11166  -0.8%   9924.       399.1      0.2037     -0.4018       0.000       303.0       0.000    
  123700   48.15      0.3737E-03 SHELL      11166  -0.8%   9925.       398.3      0.2101     -0.4018       0.000       303.0       0.000    
  123800   48.19      0.3737E-03 SHELL      11166  -0.8%   9926.       397.4      0.2149     -0.4018       0.000       303.0       0.000    
  123900   48.23      0.3737E-03 SHELL      11166  -0.8%   9927.       396.5      0.2185     -0.4018       0.000       303.0       0.000    
  124000   48.26      0.3737E-03 SHELL      11166  -0.8%   9928.       395.6      0.2199     -0.4018       0.000       303.0       0.000    
  124100   48.30      0.3737E-03 SHELL      11166  -0.8%   9928.       394.7      0.2158     -0.4018       0.000       303.0       0.000    
  124200   48.34      0.3737E-03 SHELL      11166  -0.8%   9929.       393.8      0.2127     -0.4018       0.000       303.0       0.000    
  124300   48.38      0.3737E-03 SHELL      11166  -0.8%   9930.       392.9      0.2121     -0.4018       0.000       303.0       0.000    
  124400   48.41      0.3737E-03 SHELL      11166  -0.8%   9931.       392.0      0.2093     -0.4018       0.000       303.0       0.000    
  124500   48.45      0.3737E-03 SHELL      11166  -0.8%   9932.       391.1      0.2069     -0.4018       0.000       303.0       0.000    
  124600   48.49      0.3737E-03 SHELL      11166  -0.8%   9933.       390.2      0.2065     -0.4018       0.000       303.0       0.000    
     ANIMATION FILE: combineA098 WRITTEN
  124700   48.52      0.3737E-03 SHELL      11166  -0.8%   9934.       389.4      0.2054     -0.4018       0.000       303.0       0.000    
  124800   48.56      0.3737E-03 SHELL      11166  -0.8%   9935.       388.5      0.2027     -0.4018       0.000       303.0       0.000    
  124900   48.60      0.3737E-03 SHELL      11166  -0.8%   9936.       387.6      0.1997     -0.4018       0.000       303.0       0.000    
  125000   48.64      0.3737E-03 SHELL      11166  -0.8%   9936.       386.7      0.1979     -0.4018       0.000       303.0       0.000    
  125100   48.67      0.3737E-03 SHELL      11166  -0.8%   9937.       385.8      0.2016     -0.4018       0.000       303.0       0.000    
  125200   48.71      0.3737E-03 SHELL      11166  -0.8%   9938.       384.9      0.2043     -0.4018       0.000       303.0       0.000    
  125300   48.75      0.3737E-03 SHELL      11166  -0.8%   9939.       384.0      0.2041     -0.4018       0.000       303.0       0.000    
  125400   48.79      0.3737E-03 SHELL      11166  -0.8%   9940.       383.1      0.2039     -0.4018       0.000       303.0       0.000    
  125500   48.82      0.3737E-03 SHELL      11166  -0.8%   9941.       382.2      0.2036     -0.4018       0.000       303.0       0.000    
  125600   48.86      0.3737E-03 SHELL      11166  -0.8%   9942.       381.3      0.2028     -0.4018       0.000       303.0       0.000    
  125700   48.90      0.3737E-03 SHELL      11166  -0.8%   9943.       380.3      0.2038     -0.4018       0.000       303.0       0.000    
  125800   48.94      0.3737E-03 SHELL      11166  -0.8%   9944.       379.4      0.2074     -0.4018       0.000       303.0       0.000    
  125900   48.97      0.3737E-03 SHELL      11166  -0.8%   9945.       378.5      0.2102     -0.4018       0.000       303.0       0.000    
     ANIMATION FILE: combineA099 WRITTEN
  126000   49.01      0.3737E-03 SHELL      11166  -0.8%   9946.       377.6      0.2134     -0.4018       0.000       303.0       0.000    
  126100   49.05      0.3737E-03 SHELL      11166  -0.8%   9946.       376.7      0.2141     -0.4018       0.000       303.0       0.000    
  126200   49.09      0.3737E-03 SHELL      11166  -0.8%   9947.       375.9      0.2161     -0.4018       0.000       303.0       0.000    
  126300   49.12      0.3737E-03 SHELL      11166  -0.8%   9948.       375.0      0.2167     -0.4018       0.000       303.0       0.000    
  126400   49.16      0.3737E-03 SHELL      11166  -0.8%   9949.       374.1      0.2115     -0.4018       0.000       303.0       0.000    
   CYCLE    TIME      TIME-STEP  ELEMENT          ERROR  I-ENERGY    K-ENERGY T  K-ENERGY R  EXT-WORK     MAS.ERR     TOTAL MASS  MASS ADDED
  126500   49.20      0.3737E-03 SHELL      11166  -0.8%   9950.       373.2      0.2042     -0.4018       0.000       303.0       0.000    
  126600   49.23      0.3737E-03 SHELL      11166  -0.8%   9951.       372.3      0.1982     -0.4018       0.000       303.0       0.000    
  126700   49.27      0.3737E-03 SHELL      11166  -0.8%   9952.       371.4      0.1999     -0.4018       0.000       303.0       0.000    
  126800   49.31      0.3737E-03 SHELL      11166  -0.8%   9953.       370.5      0.2102     -0.4018       0.000       303.0       0.000    
  126900   49.35      0.3737E-03 SHELL      11166  -0.8%   9953.       369.6      0.2160     -0.4018       0.000       303.0       0.000    
  127000   49.38      0.3737E-03 SHELL      11166  -0.8%   9954.       368.7      0.2150     -0.4018       0.000       303.0       0.000    
  127100   49.42      0.3737E-03 SHELL      11166  -0.8%   9955.       367.8      0.2146     -0.4018       0.000       303.0       0.000    
  127200   49.46      0.3737E-03 SHELL      11166  -0.8%   9956.       366.8      0.2073     -0.4018       0.000       303.0       0.000    
  127300   49.50      0.3737E-03 SHELL      11166  -0.8%   9957.       365.9      0.2007     -0.4018       0.000       303.0       0.000    
     ANIMATION FILE: combineA100 WRITTEN
  127400   49.53      0.3737E-03 SHELL      11166  -0.8%   9958.       365.0      0.2025     -0.4018       0.000       303.0       0.000    
  127500   49.57      0.3737E-03 SHELL      11166  -0.8%   9959.       364.1      0.2035     -0.4018       0.000       303.0       0.000    
  127600   49.61      0.3737E-03 SHELL      11166  -0.8%   9960.       363.2      0.2058     -0.4018       0.000       303.0       0.000    
  127700   49.65      0.3737E-03 SHELL      11166  -0.8%   9961.       362.3      0.2103     -0.4018       0.000       303.0       0.000    
  127800   49.68      0.3737E-03 SHELL      11166  -0.8%   9962.       361.4      0.2126     -0.4018       0.000       303.0       0.000    
  127900   49.72      0.3737E-03 SHELL      11166  -0.8%   9963.       360.5      0.2140     -0.4018       0.000       303.0       0.000    
  128000   49.76      0.3737E-03 SHELL      11166  -0.8%   9964.       359.5      0.2108     -0.4018       0.000       303.0       0.000    
  128100   49.80      0.3737E-03 SHELL      11166  -0.8%   9964.       358.6      0.2033     -0.4018       0.000       303.0       0.000    
  128200   49.83      0.3737E-03 SHELL      11166  -0.8%   9965.       357.7      0.2013     -0.4018       0.000       303.0       0.000    
  128300   49.87      0.3737E-03 SHELL      11166  -0.8%   9966.       356.8      0.2027     -0.4018       0.000       303.0       0.000    
  128400   49.91      0.3736E-03 SHELL      11166  -0.8%   9967.       355.9      0.2084     -0.4018       0.000       303.0       0.000    
  128500   49.94      0.3737E-03 SHELL      11166  -0.8%   9968.       355.0      0.2175     -0.4018       0.000       303.0       0.000    
  128600   49.98      0.3737E-03 SHELL      11166  -0.8%   9969.       354.1      0.2196     -0.4018       0.000       303.0       0.000    

     RESTART FILES: combine_0001_[0001-0001].rst WRITTEN
     -------------

     ANIMATION FILE: combineA101 WRITTEN
  
                           ** CPU USER TIME **
  
  
                        ** SUMMARY **
  
 #PROC  CONTSORT  CONTFOR   ELEMENT   KINCOND   INTEG     IO        T0        ASM       RESOL    
   1   .6794E+02 .1285E+03 .4738E+03 .4806E+02 .5209E+02 .9656E+01 .4688E-01 .1026E+03 .9163E+03
  
 
                   ** CUMULATIVE CPU TIME SUMMARY **
  
 CONTACT SORTING.............: .6794E+02     7.41 % 
 CONTACT FORCES..............: .1285E+03    14.03 % 
 .. INCLUDING CONTACT NORMALS: .7047E+02     7.69 % 
 ELEMENT FORCES..............: .4738E+03    51.70 % 
 KINEMATIC COND..............: .4806E+02     5.25 % 
 INTEGRATION.................: .5209E+02     5.69 % 
 ASSEMBLING..................: .1026E+03    11.19 % 
 OTHERS (including I/O)......: .4336E+02     4.73 % 
 TOTAL.......................: .9163E+03   100.00 % 
  
  
                           ** ELAPSED TIME **
  
  
                        ** SUMMARY **
  
 #PROC  CONTSORT  CONTFOR   ELEMENT   KINCOND   INTEG     IO        T0        ASM       RESOL    
   1   .4982E+02 .8803E+02 .1298E+03 .3773E+02 .3083E+02 .1596E+02 .2201E+01 .7439E+02 .4506E+03
  
                   ** MEMORY USAGE STATISTICS **
  
 TOTAL MEMORY USED .........................:       93 MB
 MAXIMUM MEMORY PER PROCESSOR...............:       93 MB
 MINIMUM MEMORY PER PROCESSOR...............:       93 MB
 AVERAGE MEMORY PER PROCESSOR...............:       93 MB
  
                   ** DISK USAGE STATISTICS **
  
 TOTAL DISK SPACE USED .....................:        146 MB
 ANIMATION/H3D/TH/OUTP SIZE ................:        129 MB
 RESTART FILE SIZE .........................:         16 MB
  
                   ** COMPUTE TIME INFORMATION **
                        ** CURRENT ENGINE **
  
 EXECUTION STARTED .........................:      2026/01/11  22:58:01
 EXECUTION COMPLETED .......................:      2026/01/11  23:05:31
  
 ELAPSED TIME     =        450.71 s
                          0:07:30



     NORMAL TERMINATION      



     TOTAL NUMBER OF CYCLES  :  128650

  
                   ** COMPUTE RUNTIME INFORMATION SUMMARY **
  
        STARTER RUNTIME =          1.03s (00:00:01)
 # 001   ENGINE RUNTIME =        450.71s (00:07:30)
 ------------------------------ 
 STARTER+ENGINE RUNTIME =        451.75s (00:07:31)
  
