# vtk DataFile Version 2.0
trial_crash_tube, Created by Gmsh 4.15.0 
ASCII
DATASET UNSTRUCTURED_GRID
POINTS 9648 double
60 40 800
50 40 800
-50 40 800
-60 40 800
-60 33.33333333333334 800
-60 -33.33333333333334 800
-60 -40 800
-50 -40 800
50 -40 800
60 -40 800
60 -33.33333333333334 800
60 33.33333333333334 800
60 40 0
50 40 0
-50 40 0
-60 40 0
-60 33.33333333333334 0
-60 -33.33333333333334 0
-60 -40 0
-50 -40 0
50 -40 0
60 -40 0
60 -33.33333333333334 0
60 33.33333333333334 0
60 40 104
50 40 104
-50 40 104
-60 40 104
-60 33.33333333333334 104
-60 -33.33333333333334 104
-60 -40 104
-50 -40 104
50 -40 104
60 -40 104
60 -33.33333333333334 104
60 33.33333333333334 104
60 40 108
50 41.722075 108
-50 41.722075 108
-60 40 108
-61.722075 33.33333333333334 108
-61.722075 -33.33333333333334 108
-60 -40 108
-50 -41.722075 108
50 -41.722075 108
60 -40 108
61.722075 -33.33333333333334 108
61.722075 33.33333333333334 108
60 40 112
50 41.722075 112
-50 41.722075 112
-60 40 112
-61.722075 33.33333333333334 112
-61.722075 -33.33333333333334 112
-60 -40 112
-50 -41.722075 112
50 -41.722075 112
60 -40 112
61.722075 -33.33333333333334 112
61.722075 33.33333333333334 112
60 40 116
50 40 116
-50 40 116
-60 40 116
-60 33.33333333333334 116
-60 -33.33333333333334 116
-60 -40 116
-50 -40 116
50 -40 116
60 -40 116
60 -33.33333333333334 116
60 33.33333333333334 116
60 40 240
50 40 240
-50 40 240
-60 40 240
-60 33.33333333333334 240
-60 -33.33333333333334 240
-60 -40 240
-50 -40 240
50 -40 240
60 -40 240
60 -33.33333333333334 240
60 33.33333333333334 240
60 40 244
50 39.766826256 244
-50 39.766826256 244
-60 40 244
-59.766826256 33.33333333333334 244
-59.766826256 -33.33333333333334 244
-60 -40 244
-50 -39.766826256 244
50 -39.766826256 244
60 -40 244
59.766826256 -33.33333333333334 244
59.766826256 33.33333333333334 244
60 40 256
50 39.766826256 256
-50 39.766826256 256
-60 40 256
-59.766826256 33.33333333333334 256
-59.766826256 -33.33333333333334 256
-60 -40 256
-50 -39.766826256 256
50 -39.766826256 256
60 -40 256
59.766826256 -33.33333333333334 256
59.766826256 33.33333333333334 256
60 40 260
50 40 260
-50 40 260
-60 40 260
-60 33.33333333333334 260
-60 -33.33333333333334 260
-60 -40 260
-50 -40 260
50 -40 260
60 -40 260
60 -33.33333333333334 260
60 33.33333333333334 260
60 40 432
50 40 432
-50 40 432
-60 40 432
-60 33.33333333333334 432
-60 -33.33333333333334 432
-60 -40 432
-50 -40 432
50 -40 432
60 -40 432
60 -33.33333333333334 432
60 33.33333333333334 432
60 40 436
50 37.752919968 436
-50 37.752919968 436
-60 40 436
-57.752919968 33.33333333333334 436
-57.752919968 -33.33333333333334 436
-60 -40 436
-50 -37.752919968 436
50 -37.752919968 436
60 -40 436
57.752919968 -33.33333333333334 436
57.752919968 33.33333333333334 436
60 40 440
50 37.752919968 440
-50 37.752919968 440
-60 40 440
-57.752919968 33.33333333333334 440
-57.752919968 -33.33333333333334 440
-60 -40 440
-50 -37.752919968 440
50 -37.752919968 440
60 -40 440
57.752919968 -33.33333333333334 440
57.752919968 33.33333333333334 440
60 40 444
50 40 444
-50 40 444
-60 40 444
-60 33.33333333333334 444
-60 -33.33333333333334 444
-60 -40 444
-50 -40 444
50 -40 444
60 -40 444
60 -33.33333333333334 444
60 33.33333333333334 444
60 40 512
50 40 512
-50 40 512
-60 40 512
-60 33.33333333333334 512
-60 -33.33333333333334 512
-60 -40 512
-50 -40 512
50 -40 512
60 -40 512
60 -33.33333333333334 512
60 33.33333333333334 512
60 40 516
50 40 516
-50 40 516
-60 40 516
-60 33.33333333333334 516
-60 -33.33333333333334 516
-60 -40 516
-50 -40 516
50 -40 516
60 -40 516
60 -33.33333333333334 516
60 33.33333333333334 516
60 40 528
50 40 528
-50 40 528
-60 40 528
-60 33.33333333333334 528
-60 -33.33333333333334 528
-60 -40 528
-50 -40 528
50 -40 528
60 -40 528
60 -33.33333333333334 528
60 33.33333333333334 528
60 40 532
50 40 532
-50 40 532
-60 40 532
-60 33.33333333333334 532
-60 -33.33333333333334 532
-60 -40 532
-50 -40 532
50 -40 532
60 -40 532
60 -33.33333333333334 532
60 33.33333333333334 532
60 40 712
50 40 712
-50 40 712
-60 40 712
-60 33.33333333333334 712
-60 -33.33333333333334 712
-60 -40 712
-50 -40 712
50 -40 712
60 -40 712
60 -33.33333333333334 712
60 33.33333333333334 712
60 40 716
50 40 716
-50 40 716
-60 40 716
-60 33.33333333333334 716
-60 -33.33333333333334 716
-60 -40 716
-50 -40 716
50 -40 716
60 -40 716
60 -33.33333333333334 716
60 33.33333333333334 716
60 40 728
50 40 728
-50 40 728
-60 40 728
-60 33.33333333333334 728
-60 -33.33333333333334 728
-60 -40 728
-50 -40 728
50 -40 728
60 -40 728
60 -33.33333333333334 728
60 33.33333333333334 728
60 40 732
50 40 732
-50 40 732
-60 40 732
-60 33.33333333333334 732
-60 -33.33333333333334 732
-60 -40 732
-50 -40 732
50 -40 732
60 -40 732
60 -33.33333333333334 732
60 33.33333333333334 732
40.00000000001695 40 800
30.00000000008137 40 800
20.00000000013383 40 800
10.00000000015659 40 800
1.735145360726165e-10 40 800
-9.999999999809575 40 800
-19.99999999983761 40 800
-29.99999999989174 40 800
-39.99999999994587 40 800
-60 26.66666666667738 800
-60 20.00000000002808 800
-60 13.333333333381 800
-60 6.666666666730308 800
-60 8.128608897095546e-11 800
-60 -6.666666666606901 800
-60 -13.33333333328954 800
-60 -19.9999999999722 800
-60 -26.66666666665486 800
-40.00000000001695 -40 800
-30.00000000008137 -40 800
-20.00000000013383 -40 800
-10.00000000015659 -40 800
-1.735145360726165e-10 -40 800
9.999999999809575 -40 800
19.99999999983761 -40 800
29.99999999989174 -40 800
39.99999999994587 -40 800
60 -26.66666666667738 800
60 -20.00000000002808 800
60 -13.333333333381 800
60 -6.666666666730308 800
60 -8.128608897095546e-11 800
60 6.666666666606901 800
60 13.33333333328954 800
60 19.9999999999722 800
60 26.66666666665486 800
40.00000000001695 40 0
30.00000000008137 40 0
20.00000000013383 40 0
10.00000000015659 40 0
1.735145360726165e-10 40 0
-9.999999999809575 40 0
-19.99999999983761 40 0
-29.99999999989174 40 0
-39.99999999994587 40 0
-60 26.66666666667738 0
-60 20.00000000002808 0
-60 13.333333333381 0
-60 6.666666666730308 0
-60 8.128608897095546e-11 0
-60 -6.666666666606901 0
-60 -13.33333333328954 0
-60 -19.9999999999722 0
-60 -26.66666666665486 0
-40.00000000001695 -40 0
-30.00000000008137 -40 0
-20.00000000013383 -40 0
-10.00000000015659 -40 0
-1.735145360726165e-10 -40 0
9.999999999809575 -40 0
19.99999999983761 -40 0
29.99999999989174 -40 0
39.99999999994587 -40 0
60 -26.66666666667738 0
60 -20.00000000002808 0
60 -13.333333333381 0
60 -6.666666666730308 0
60 -8.128608897095546e-11 0
60 6.666666666606901 0
60 13.33333333328954 0
60 19.9999999999722 0
60 26.66666666665486 0
60 40 3.999999999984074
60 40 7.999999999967487
60 40 11.99999999995302
60 40 15.99999999993391
60 40 19.99999999991923
60 40 23.99999999990476
60 40 27.9999999998903
60 40 31.9999999998753
60 40 35.99999999984801
60 40 39.99999999981988
60 40 43.99999999979174
60 40 47.9999999997636
60 40 51.99999999973684
60 40 55.99999999973466
60 40 59.99999999973387
60 40 63.9999999997352
60 40 67.9999999997611
60 40 71.99999999978763
60 40 75.99999999981418
60 40 79.99999999984074
60 40 83.99999999986728
60 40 87.99999999989383
60 40 91.99999999992038
60 40 95.99999999994691
60 40 99.99999999997345
50 40 3.999999999984074
50 40 7.999999999967487
50 40 11.99999999995302
50 40 15.99999999993391
50 40 19.99999999991923
50 40 23.99999999990476
50 40 27.9999999998903
50 40 31.9999999998753
50 40 35.99999999984801
50 40 39.99999999981988
50 40 43.99999999979174
50 40 47.9999999997636
50 40 51.99999999973684
50 40 55.99999999973466
50 40 59.99999999973387
50 40 63.9999999997352
50 40 67.9999999997611
50 40 71.99999999978763
50 40 75.99999999981418
50 40 79.99999999984074
50 40 83.99999999986728
50 40 87.99999999989383
50 40 91.99999999992038
50 40 95.99999999994691
50 40 99.99999999997345
-50 40 3.999999999984074
-50 40 7.999999999967487
-50 40 11.99999999995302
-50 40 15.99999999993391
-50 40 19.99999999991923
-50 40 23.99999999990476
-50 40 27.9999999998903
-50 40 31.9999999998753
-50 40 35.99999999984801
-50 40 39.99999999981988
-50 40 43.99999999979174
-50 40 47.9999999997636
-50 40 51.99999999973684
-50 40 55.99999999973466
-50 40 59.99999999973387
-50 40 63.9999999997352
-50 40 67.9999999997611
-50 40 71.99999999978763
-50 40 75.99999999981418
-50 40 79.99999999984074
-50 40 83.99999999986728
-50 40 87.99999999989383
-50 40 91.99999999992038
-50 40 95.99999999994691
-50 40 99.99999999997345
-60 40 3.999999999984074
-60 40 7.999999999967487
-60 40 11.99999999995302
-60 40 15.99999999993391
-60 40 19.99999999991923
-60 40 23.99999999990476
-60 40 27.9999999998903
-60 40 31.9999999998753
-60 40 35.99999999984801
-60 40 39.99999999981988
-60 40 43.99999999979174
-60 40 47.9999999997636
-60 40 51.99999999973684
-60 40 55.99999999973466
-60 40 59.99999999973387
-60 40 63.9999999997352
-60 40 67.9999999997611
-60 40 71.99999999978763
-60 40 75.99999999981418
-60 40 79.99999999984074
-60 40 83.99999999986728
-60 40 87.99999999989383
-60 40 91.99999999992038
-60 40 95.99999999994691
-60 40 99.99999999997345
-60 33.33333333333334 3.999999999984074
-60 33.33333333333334 7.999999999967487
-60 33.33333333333334 11.99999999995302
-60 33.33333333333334 15.99999999993391
-60 33.33333333333334 19.99999999991923
-60 33.33333333333334 23.99999999990476
-60 33.33333333333334 27.9999999998903
-60 33.33333333333334 31.9999999998753
-60 33.33333333333334 35.99999999984801
-60 33.33333333333334 39.99999999981988
-60 33.33333333333334 43.99999999979174
-60 33.33333333333334 47.9999999997636
-60 33.33333333333334 51.99999999973684
-60 33.33333333333334 55.99999999973466
-60 33.33333333333334 59.99999999973387
-60 33.33333333333334 63.9999999997352
-60 33.33333333333334 67.9999999997611
-60 33.33333333333334 71.99999999978763
-60 33.33333333333334 75.99999999981418
-60 33.33333333333334 79.99999999984074
-60 33.33333333333334 83.99999999986728
-60 33.33333333333334 87.99999999989383
-60 33.33333333333334 91.99999999992038
-60 33.33333333333334 95.99999999994691
-60 33.33333333333334 99.99999999997345
-60 -33.33333333333334 3.999999999984074
-60 -33.33333333333334 7.999999999967487
-60 -33.33333333333334 11.99999999995302
-60 -33.33333333333334 15.99999999993391
-60 -33.33333333333334 19.99999999991923
-60 -33.33333333333334 23.99999999990476
-60 -33.33333333333334 27.9999999998903
-60 -33.33333333333334 31.9999999998753
-60 -33.33333333333334 35.99999999984801
-60 -33.33333333333334 39.99999999981988
-60 -33.33333333333334 43.99999999979174
-60 -33.33333333333334 47.9999999997636
-60 -33.33333333333334 51.99999999973684
-60 -33.33333333333334 55.99999999973466
-60 -33.33333333333334 59.99999999973387
-60 -33.33333333333334 63.9999999997352
-60 -33.33333333333334 67.9999999997611
-60 -33.33333333333334 71.99999999978763
-60 -33.33333333333334 75.99999999981418
-60 -33.33333333333334 79.99999999984074
-60 -33.33333333333334 83.99999999986728
-60 -33.33333333333334 87.99999999989383
-60 -33.33333333333334 91.99999999992038
-60 -33.33333333333334 95.99999999994691
-60 -33.33333333333334 99.99999999997345
-60 -40 3.999999999984074
-60 -40 7.999999999967487
-60 -40 11.99999999995302
-60 -40 15.99999999993391
-60 -40 19.99999999991923
-60 -40 23.99999999990476
-60 -40 27.9999999998903
-60 -40 31.9999999998753
-60 -40 35.99999999984801
-60 -40 39.99999999981988
-60 -40 43.99999999979174
-60 -40 47.9999999997636
-60 -40 51.99999999973684
-60 -40 55.99999999973466
-60 -40 59.99999999973387
-60 -40 63.9999999997352
-60 -40 67.9999999997611
-60 -40 71.99999999978763
-60 -40 75.99999999981418
-60 -40 79.99999999984074
-60 -40 83.99999999986728
-60 -40 87.99999999989383
-60 -40 91.99999999992038
-60 -40 95.99999999994691
-60 -40 99.99999999997345
-50 -40 3.999999999984074
-50 -40 7.999999999967487
-50 -40 11.99999999995302
-50 -40 15.99999999993391
-50 -40 19.99999999991923
-50 -40 23.99999999990476
-50 -40 27.9999999998903
-50 -40 31.9999999998753
-50 -40 35.99999999984801
-50 -40 39.99999999981988
-50 -40 43.99999999979174
-50 -40 47.9999999997636
-50 -40 51.99999999973684
-50 -40 55.99999999973466
-50 -40 59.99999999973387
-50 -40 63.9999999997352
-50 -40 67.9999999997611
-50 -40 71.99999999978763
-50 -40 75.99999999981418
-50 -40 79.99999999984074
-50 -40 83.99999999986728
-50 -40 87.99999999989383
-50 -40 91.99999999992038
-50 -40 95.99999999994691
-50 -40 99.99999999997345
50 -40 3.999999999984074
50 -40 7.999999999967487
50 -40 11.99999999995302
50 -40 15.99999999993391
50 -40 19.99999999991923
50 -40 23.99999999990476
50 -40 27.9999999998903
50 -40 31.9999999998753
50 -40 35.99999999984801
50 -40 39.99999999981988
50 -40 43.99999999979174
50 -40 47.9999999997636
50 -40 51.99999999973684
50 -40 55.99999999973466
50 -40 59.99999999973387
50 -40 63.9999999997352
50 -40 67.9999999997611
50 -40 71.99999999978763
50 -40 75.99999999981418
50 -40 79.99999999984074
50 -40 83.99999999986728
50 -40 87.99999999989383
50 -40 91.99999999992038
50 -40 95.99999999994691
50 -40 99.99999999997345
60 -40 3.999999999984074
60 -40 7.999999999967487
60 -40 11.99999999995302
60 -40 15.99999999993391
60 -40 19.99999999991923
60 -40 23.99999999990476
60 -40 27.9999999998903
60 -40 31.9999999998753
60 -40 35.99999999984801
60 -40 39.99999999981988
60 -40 43.99999999979174
60 -40 47.9999999997636
60 -40 51.99999999973684
60 -40 55.99999999973466
60 -40 59.99999999973387
60 -40 63.9999999997352
60 -40 67.9999999997611
60 -40 71.99999999978763
60 -40 75.99999999981418
60 -40 79.99999999984074
60 -40 83.99999999986728
60 -40 87.99999999989383
60 -40 91.99999999992038
60 -40 95.99999999994691
60 -40 99.99999999997345
60 -33.33333333333334 3.999999999984074
60 -33.33333333333334 7.999999999967487
60 -33.33333333333334 11.99999999995302
60 -33.33333333333334 15.99999999993391
60 -33.33333333333334 19.99999999991923
60 -33.33333333333334 23.99999999990476
60 -33.33333333333334 27.9999999998903
60 -33.33333333333334 31.9999999998753
60 -33.33333333333334 35.99999999984801
60 -33.33333333333334 39.99999999981988
60 -33.33333333333334 43.99999999979174
60 -33.33333333333334 47.9999999997636
60 -33.33333333333334 51.99999999973684
60 -33.33333333333334 55.99999999973466
60 -33.33333333333334 59.99999999973387
60 -33.33333333333334 63.9999999997352
60 -33.33333333333334 67.9999999997611
60 -33.33333333333334 71.99999999978763
60 -33.33333333333334 75.99999999981418
60 -33.33333333333334 79.99999999984074
60 -33.33333333333334 83.99999999986728
60 -33.33333333333334 87.99999999989383
60 -33.33333333333334 91.99999999992038
60 -33.33333333333334 95.99999999994691
60 -33.33333333333334 99.99999999997345
60 33.33333333333334 3.999999999984074
60 33.33333333333334 7.999999999967487
60 33.33333333333334 11.99999999995302
60 33.33333333333334 15.99999999993391
60 33.33333333333334 19.99999999991923
60 33.33333333333334 23.99999999990476
60 33.33333333333334 27.9999999998903
60 33.33333333333334 31.9999999998753
60 33.33333333333334 35.99999999984801
60 33.33333333333334 39.99999999981988
60 33.33333333333334 43.99999999979174
60 33.33333333333334 47.9999999997636
60 33.33333333333334 51.99999999973684
60 33.33333333333334 55.99999999973466
60 33.33333333333334 59.99999999973387
60 33.33333333333334 63.9999999997352
60 33.33333333333334 67.9999999997611
60 33.33333333333334 71.99999999978763
60 33.33333333333334 75.99999999981418
60 33.33333333333334 79.99999999984074
60 33.33333333333334 83.99999999986728
60 33.33333333333334 87.99999999989383
60 33.33333333333334 91.99999999992038
60 33.33333333333334 95.99999999994691
60 33.33333333333334 99.99999999997345
60 40 120
60 40 124
60 40 128
60 40 132
60 40 136
60 40 140
60 40 144
60 40 148
60 40 152
60 40 156
60 40 160
60 40 164
60 40 168
60 40 172
60 40 176
60 40 180
60 40 184
60 40 188
60 40 192
60 40 196
60 40 200
60 40 204
60 40 208
60 40 212
60 40 216
60 40 220
60 40 224
60 40 228
60 40 232
60 40 236
50 40 120
50 40 124
50 40 128
50 40 132
50 40 136
50 40 140
50 40 144
50 40 148
50 40 152
50 40 156
50 40 160
50 40 164
50 40 168
50 40 172
50 40 176
50 40 180
50 40 184
50 40 188
50 40 192
50 40 196
50 40 200
50 40 204
50 40 208
50 40 212
50 40 216
50 40 220
50 40 224
50 40 228
50 40 232
50 40 236
-50 40 120
-50 40 124
-50 40 128
-50 40 132
-50 40 136
-50 40 140
-50 40 144
-50 40 148
-50 40 152
-50 40 156
-50 40 160
-50 40 164
-50 40 168
-50 40 172
-50 40 176
-50 40 180
-50 40 184
-50 40 188
-50 40 192
-50 40 196
-50 40 200
-50 40 204
-50 40 208
-50 40 212
-50 40 216
-50 40 220
-50 40 224
-50 40 228
-50 40 232
-50 40 236
-60 40 120
-60 40 124
-60 40 128
-60 40 132
-60 40 136
-60 40 140
-60 40 144
-60 40 148
-60 40 152
-60 40 156
-60 40 160
-60 40 164
-60 40 168
-60 40 172
-60 40 176
-60 40 180
-60 40 184
-60 40 188
-60 40 192
-60 40 196
-60 40 200
-60 40 204
-60 40 208
-60 40 212
-60 40 216
-60 40 220
-60 40 224
-60 40 228
-60 40 232
-60 40 236
-60 33.33333333333334 120
-60 33.33333333333334 124
-60 33.33333333333334 128
-60 33.33333333333334 132
-60 33.33333333333334 136
-60 33.33333333333334 140
-60 33.33333333333334 144
-60 33.33333333333334 148
-60 33.33333333333334 152
-60 33.33333333333334 156
-60 33.33333333333334 160
-60 33.33333333333334 164
-60 33.33333333333334 168
-60 33.33333333333334 172
-60 33.33333333333334 176
-60 33.33333333333334 180
-60 33.33333333333334 184
-60 33.33333333333334 188
-60 33.33333333333334 192
-60 33.33333333333334 196
-60 33.33333333333334 200
-60 33.33333333333334 204
-60 33.33333333333334 208
-60 33.33333333333334 212
-60 33.33333333333334 216
-60 33.33333333333334 220
-60 33.33333333333334 224
-60 33.33333333333334 228
-60 33.33333333333334 232
-60 33.33333333333334 236
-60 -33.33333333333334 120
-60 -33.33333333333334 124
-60 -33.33333333333334 128
-60 -33.33333333333334 132
-60 -33.33333333333334 136
-60 -33.33333333333334 140
-60 -33.33333333333334 144
-60 -33.33333333333334 148
-60 -33.33333333333334 152
-60 -33.33333333333334 156
-60 -33.33333333333334 160
-60 -33.33333333333334 164
-60 -33.33333333333334 168
-60 -33.33333333333334 172
-60 -33.33333333333334 176
-60 -33.33333333333334 180
-60 -33.33333333333334 184
-60 -33.33333333333334 188
-60 -33.33333333333334 192
-60 -33.33333333333334 196
-60 -33.33333333333334 200
-60 -33.33333333333334 204
-60 -33.33333333333334 208
-60 -33.33333333333334 212
-60 -33.33333333333334 216
-60 -33.33333333333334 220
-60 -33.33333333333334 224
-60 -33.33333333333334 228
-60 -33.33333333333334 232
-60 -33.33333333333334 236
-60 -40 120
-60 -40 124
-60 -40 128
-60 -40 132
-60 -40 136
-60 -40 140
-60 -40 144
-60 -40 148
-60 -40 152
-60 -40 156
-60 -40 160
-60 -40 164
-60 -40 168
-60 -40 172
-60 -40 176
-60 -40 180
-60 -40 184
-60 -40 188
-60 -40 192
-60 -40 196
-60 -40 200
-60 -40 204
-60 -40 208
-60 -40 212
-60 -40 216
-60 -40 220
-60 -40 224
-60 -40 228
-60 -40 232
-60 -40 236
-50 -40 120
-50 -40 124
-50 -40 128
-50 -40 132
-50 -40 136
-50 -40 140
-50 -40 144
-50 -40 148
-50 -40 152
-50 -40 156
-50 -40 160
-50 -40 164
-50 -40 168
-50 -40 172
-50 -40 176
-50 -40 180
-50 -40 184
-50 -40 188
-50 -40 192
-50 -40 196
-50 -40 200
-50 -40 204
-50 -40 208
-50 -40 212
-50 -40 216
-50 -40 220
-50 -40 224
-50 -40 228
-50 -40 232
-50 -40 236
50 -40 120
50 -40 124
50 -40 128
50 -40 132
50 -40 136
50 -40 140
50 -40 144
50 -40 148
50 -40 152
50 -40 156
50 -40 160
50 -40 164
50 -40 168
50 -40 172
50 -40 176
50 -40 180
50 -40 184
50 -40 188
50 -40 192
50 -40 196
50 -40 200
50 -40 204
50 -40 208
50 -40 212
50 -40 216
50 -40 220
50 -40 224
50 -40 228
50 -40 232
50 -40 236
60 -40 120
60 -40 124
60 -40 128
60 -40 132
60 -40 136
60 -40 140
60 -40 144
60 -40 148
60 -40 152
60 -40 156
60 -40 160
60 -40 164
60 -40 168
60 -40 172
60 -40 176
60 -40 180
60 -40 184
60 -40 188
60 -40 192
60 -40 196
60 -40 200
60 -40 204
60 -40 208
60 -40 212
60 -40 216
60 -40 220
60 -40 224
60 -40 228
60 -40 232
60 -40 236
60 -33.33333333333334 120
60 -33.33333333333334 124
60 -33.33333333333334 128
60 -33.33333333333334 132
60 -33.33333333333334 136
60 -33.33333333333334 140
60 -33.33333333333334 144
60 -33.33333333333334 148
60 -33.33333333333334 152
60 -33.33333333333334 156
60 -33.33333333333334 160
60 -33.33333333333334 164
60 -33.33333333333334 168
60 -33.33333333333334 172
60 -33.33333333333334 176
60 -33.33333333333334 180
60 -33.33333333333334 184
60 -33.33333333333334 188
60 -33.33333333333334 192
60 -33.33333333333334 196
60 -33.33333333333334 200
60 -33.33333333333334 204
60 -33.33333333333334 208
60 -33.33333333333334 212
60 -33.33333333333334 216
60 -33.33333333333334 220
60 -33.33333333333334 224
60 -33.33333333333334 228
60 -33.33333333333334 232
60 -33.33333333333334 236
60 33.33333333333334 120
60 33.33333333333334 124
60 33.33333333333334 128
60 33.33333333333334 132
60 33.33333333333334 136
60 33.33333333333334 140
60 33.33333333333334 144
60 33.33333333333334 148
60 33.33333333333334 152
60 33.33333333333334 156
60 33.33333333333334 160
60 33.33333333333334 164
60 33.33333333333334 168
60 33.33333333333334 172
60 33.33333333333334 176
60 33.33333333333334 180
60 33.33333333333334 184
60 33.33333333333334 188
60 33.33333333333334 192
60 33.33333333333334 196
60 33.33333333333334 200
60 33.33333333333334 204
60 33.33333333333334 208
60 33.33333333333334 212
60 33.33333333333334 216
60 33.33333333333334 220
60 33.33333333333334 224
60 33.33333333333334 228
60 33.33333333333334 232
60 33.33333333333334 236
60 40 248
60 40 252
50 39.766826256 248
50 39.766826256 252
-50 39.766826256 248
-50 39.766826256 252
-60 40 248
-60 40 252
-59.766826256 33.33333333333334 248
-59.766826256 33.33333333333334 252
-59.766826256 -33.33333333333334 248
-59.766826256 -33.33333333333334 252
-60 -40 248
-60 -40 252
-50 -39.766826256 248
-50 -39.766826256 252
50 -39.766826256 248
50 -39.766826256 252
60 -40 248
60 -40 252
59.766826256 -33.33333333333334 248
59.766826256 -33.33333333333334 252
59.766826256 33.33333333333334 248
59.766826256 33.33333333333334 252
60 40 264
60 40 268
60 40 272
60 40 276
60 40 280
60 40 284
60 40 288
60 40 292
60 40 296
60 40 300
60 40 304
60 40 308
60 40 312
60 40 316
60 40 320
60 40 324
60 40 328
60 40 332
60 40 336
60 40 340
60 40 344
60 40 348
60 40 352
60 40 356
60 40 360
60 40 364
60 40 368
60 40 372
60 40 376
60 40 380
60 40 384
60 40 388
60 40 392
60 40 396
60 40 400
60 40 404
60 40 408
60 40 412
60 40 416
60 40 420
60 40 424
60 40 428
50 40 264
50 40 268
50 40 272
50 40 276
50 40 280
50 40 284
50 40 288
50 40 292
50 40 296
50 40 300
50 40 304
50 40 308
50 40 312
50 40 316
50 40 320
50 40 324
50 40 328
50 40 332
50 40 336
50 40 340
50 40 344
50 40 348
50 40 352
50 40 356
50 40 360
50 40 364
50 40 368
50 40 372
50 40 376
50 40 380
50 40 384
50 40 388
50 40 392
50 40 396
50 40 400
50 40 404
50 40 408
50 40 412
50 40 416
50 40 420
50 40 424
50 40 428
-50 40 264
-50 40 268
-50 40 272
-50 40 276
-50 40 280
-50 40 284
-50 40 288
-50 40 292
-50 40 296
-50 40 300
-50 40 304
-50 40 308
-50 40 312
-50 40 316
-50 40 320
-50 40 324
-50 40 328
-50 40 332
-50 40 336
-50 40 340
-50 40 344
-50 40 348
-50 40 352
-50 40 356
-50 40 360
-50 40 364
-50 40 368
-50 40 372
-50 40 376
-50 40 380
-50 40 384
-50 40 388
-50 40 392
-50 40 396
-50 40 400
-50 40 404
-50 40 408
-50 40 412
-50 40 416
-50 40 420
-50 40 424
-50 40 428
-60 40 264
-60 40 268
-60 40 272
-60 40 276
-60 40 280
-60 40 284
-60 40 288
-60 40 292
-60 40 296
-60 40 300
-60 40 304
-60 40 308
-60 40 312
-60 40 316
-60 40 320
-60 40 324
-60 40 328
-60 40 332
-60 40 336
-60 40 340
-60 40 344
-60 40 348
-60 40 352
-60 40 356
-60 40 360
-60 40 364
-60 40 368
-60 40 372
-60 40 376
-60 40 380
-60 40 384
-60 40 388
-60 40 392
-60 40 396
-60 40 400
-60 40 404
-60 40 408
-60 40 412
-60 40 416
-60 40 420
-60 40 424
-60 40 428
-60 33.33333333333334 264
-60 33.33333333333334 268
-60 33.33333333333334 272
-60 33.33333333333334 276
-60 33.33333333333334 280
-60 33.33333333333334 284
-60 33.33333333333334 288
-60 33.33333333333334 292
-60 33.33333333333334 296
-60 33.33333333333334 300
-60 33.33333333333334 304
-60 33.33333333333334 308
-60 33.33333333333334 312
-60 33.33333333333334 316
-60 33.33333333333334 320
-60 33.33333333333334 324
-60 33.33333333333334 328
-60 33.33333333333334 332
-60 33.33333333333334 336
-60 33.33333333333334 340
-60 33.33333333333334 344
-60 33.33333333333334 348
-60 33.33333333333334 352
-60 33.33333333333334 356
-60 33.33333333333334 360
-60 33.33333333333334 364
-60 33.33333333333334 368
-60 33.33333333333334 372
-60 33.33333333333334 376
-60 33.33333333333334 380
-60 33.33333333333334 384
-60 33.33333333333334 388
-60 33.33333333333334 392
-60 33.33333333333334 396
-60 33.33333333333334 400
-60 33.33333333333334 404
-60 33.33333333333334 408
-60 33.33333333333334 412
-60 33.33333333333334 416
-60 33.33333333333334 420
-60 33.33333333333334 424
-60 33.33333333333334 428
-60 -33.33333333333334 264
-60 -33.33333333333334 268
-60 -33.33333333333334 272
-60 -33.33333333333334 276
-60 -33.33333333333334 280
-60 -33.33333333333334 284
-60 -33.33333333333334 288
-60 -33.33333333333334 292
-60 -33.33333333333334 296
-60 -33.33333333333334 300
-60 -33.33333333333334 304
-60 -33.33333333333334 308
-60 -33.33333333333334 312
-60 -33.33333333333334 316
-60 -33.33333333333334 320
-60 -33.33333333333334 324
-60 -33.33333333333334 328
-60 -33.33333333333334 332
-60 -33.33333333333334 336
-60 -33.33333333333334 340
-60 -33.33333333333334 344
-60 -33.33333333333334 348
-60 -33.33333333333334 352
-60 -33.33333333333334 356
-60 -33.33333333333334 360
-60 -33.33333333333334 364
-60 -33.33333333333334 368
-60 -33.33333333333334 372
-60 -33.33333333333334 376
-60 -33.33333333333334 380
-60 -33.33333333333334 384
-60 -33.33333333333334 388
-60 -33.33333333333334 392
-60 -33.33333333333334 396
-60 -33.33333333333334 400
-60 -33.33333333333334 404
-60 -33.33333333333334 408
-60 -33.33333333333334 412
-60 -33.33333333333334 416
-60 -33.33333333333334 420
-60 -33.33333333333334 424
-60 -33.33333333333334 428
-60 -40 264
-60 -40 268
-60 -40 272
-60 -40 276
-60 -40 280
-60 -40 284
-60 -40 288
-60 -40 292
-60 -40 296
-60 -40 300
-60 -40 304
-60 -40 308
-60 -40 312
-60 -40 316
-60 -40 320
-60 -40 324
-60 -40 328
-60 -40 332
-60 -40 336
-60 -40 340
-60 -40 344
-60 -40 348
-60 -40 352
-60 -40 356
-60 -40 360
-60 -40 364
-60 -40 368
-60 -40 372
-60 -40 376
-60 -40 380
-60 -40 384
-60 -40 388
-60 -40 392
-60 -40 396
-60 -40 400
-60 -40 404
-60 -40 408
-60 -40 412
-60 -40 416
-60 -40 420
-60 -40 424
-60 -40 428
-50 -40 264
-50 -40 268
-50 -40 272
-50 -40 276
-50 -40 280
-50 -40 284
-50 -40 288
-50 -40 292
-50 -40 296
-50 -40 300
-50 -40 304
-50 -40 308
-50 -40 312
-50 -40 316
-50 -40 320
-50 -40 324
-50 -40 328
-50 -40 332
-50 -40 336
-50 -40 340
-50 -40 344
-50 -40 348
-50 -40 352
-50 -40 356
-50 -40 360
-50 -40 364
-50 -40 368
-50 -40 372
-50 -40 376
-50 -40 380
-50 -40 384
-50 -40 388
-50 -40 392
-50 -40 396
-50 -40 400
-50 -40 404
-50 -40 408
-50 -40 412
-50 -40 416
-50 -40 420
-50 -40 424
-50 -40 428
50 -40 264
50 -40 268
50 -40 272
50 -40 276
50 -40 280
50 -40 284
50 -40 288
50 -40 292
50 -40 296
50 -40 300
50 -40 304
50 -40 308
50 -40 312
50 -40 316
50 -40 320
50 -40 324
50 -40 328
50 -40 332
50 -40 336
50 -40 340
50 -40 344
50 -40 348
50 -40 352
50 -40 356
50 -40 360
50 -40 364
50 -40 368
50 -40 372
50 -40 376
50 -40 380
50 -40 384
50 -40 388
50 -40 392
50 -40 396
50 -40 400
50 -40 404
50 -40 408
50 -40 412
50 -40 416
50 -40 420
50 -40 424
50 -40 428
60 -40 264
60 -40 268
60 -40 272
60 -40 276
60 -40 280
60 -40 284
60 -40 288
60 -40 292
60 -40 296
60 -40 300
60 -40 304
60 -40 308
60 -40 312
60 -40 316
60 -40 320
60 -40 324
60 -40 328
60 -40 332
60 -40 336
60 -40 340
60 -40 344
60 -40 348
60 -40 352
60 -40 356
60 -40 360
60 -40 364
60 -40 368
60 -40 372
60 -40 376
60 -40 380
60 -40 384
60 -40 388
60 -40 392
60 -40 396
60 -40 400
60 -40 404
60 -40 408
60 -40 412
60 -40 416
60 -40 420
60 -40 424
60 -40 428
60 -33.33333333333334 264
60 -33.33333333333334 268
60 -33.33333333333334 272
60 -33.33333333333334 276
60 -33.33333333333334 280
60 -33.33333333333334 284
60 -33.33333333333334 288
60 -33.33333333333334 292
60 -33.33333333333334 296
60 -33.33333333333334 300
60 -33.33333333333334 304
60 -33.33333333333334 308
60 -33.33333333333334 312
60 -33.33333333333334 316
60 -33.33333333333334 320
60 -33.33333333333334 324
60 -33.33333333333334 328
60 -33.33333333333334 332
60 -33.33333333333334 336
60 -33.33333333333334 340
60 -33.33333333333334 344
60 -33.33333333333334 348
60 -33.33333333333334 352
60 -33.33333333333334 356
60 -33.33333333333334 360
60 -33.33333333333334 364
60 -33.33333333333334 368
60 -33.33333333333334 372
60 -33.33333333333334 376
60 -33.33333333333334 380
60 -33.33333333333334 384
60 -33.33333333333334 388
60 -33.33333333333334 392
60 -33.33333333333334 396
60 -33.33333333333334 400
60 -33.33333333333334 404
60 -33.33333333333334 408
60 -33.33333333333334 412
60 -33.33333333333334 416
60 -33.33333333333334 420
60 -33.33333333333334 424
60 -33.33333333333334 428
60 33.33333333333334 264
60 33.33333333333334 268
60 33.33333333333334 272
60 33.33333333333334 276
60 33.33333333333334 280
60 33.33333333333334 284
60 33.33333333333334 288
60 33.33333333333334 292
60 33.33333333333334 296
60 33.33333333333334 300
60 33.33333333333334 304
60 33.33333333333334 308
60 33.33333333333334 312
60 33.33333333333334 316
60 33.33333333333334 320
60 33.33333333333334 324
60 33.33333333333334 328
60 33.33333333333334 332
60 33.33333333333334 336
60 33.33333333333334 340
60 33.33333333333334 344
60 33.33333333333334 348
60 33.33333333333334 352
60 33.33333333333334 356
60 33.33333333333334 360
60 33.33333333333334 364
60 33.33333333333334 368
60 33.33333333333334 372
60 33.33333333333334 376
60 33.33333333333334 380
60 33.33333333333334 384
60 33.33333333333334 388
60 33.33333333333334 392
60 33.33333333333334 396
60 33.33333333333334 400
60 33.33333333333334 404
60 33.33333333333334 408
60 33.33333333333334 412
60 33.33333333333334 416
60 33.33333333333334 420
60 33.33333333333334 424
60 33.33333333333334 428
60 40 448
60 40 452
60 40 456
60 40 460
60 40 464
60 40 468
60 40 472
60 40 476
60 40 480
60 40 484
60 40 488
60 40 492
60 40 496
60 40 500
60 40 504
60 40 508
50 40 448
50 40 452
50 40 456
50 40 460
50 40 464
50 40 468
50 40 472
50 40 476
50 40 480
50 40 484
50 40 488
50 40 492
50 40 496
50 40 500
50 40 504
50 40 508
-50 40 448
-50 40 452
-50 40 456
-50 40 460
-50 40 464
-50 40 468
-50 40 472
-50 40 476
-50 40 480
-50 40 484
-50 40 488
-50 40 492
-50 40 496
-50 40 500
-50 40 504
-50 40 508
-60 40 448
-60 40 452
-60 40 456
-60 40 460
-60 40 464
-60 40 468
-60 40 472
-60 40 476
-60 40 480
-60 40 484
-60 40 488
-60 40 492
-60 40 496
-60 40 500
-60 40 504
-60 40 508
-60 33.33333333333334 448
-60 33.33333333333334 452
-60 33.33333333333334 456
-60 33.33333333333334 460
-60 33.33333333333334 464
-60 33.33333333333334 468
-60 33.33333333333334 472
-60 33.33333333333334 476
-60 33.33333333333334 480
-60 33.33333333333334 484
-60 33.33333333333334 488
-60 33.33333333333334 492
-60 33.33333333333334 496
-60 33.33333333333334 500
-60 33.33333333333334 504
-60 33.33333333333334 508
-60 -33.33333333333334 448
-60 -33.33333333333334 452
-60 -33.33333333333334 456
-60 -33.33333333333334 460
-60 -33.33333333333334 464
-60 -33.33333333333334 468
-60 -33.33333333333334 472
-60 -33.33333333333334 476
-60 -33.33333333333334 480
-60 -33.33333333333334 484
-60 -33.33333333333334 488
-60 -33.33333333333334 492
-60 -33.33333333333334 496
-60 -33.33333333333334 500
-60 -33.33333333333334 504
-60 -33.33333333333334 508
-60 -40 448
-60 -40 452
-60 -40 456
-60 -40 460
-60 -40 464
-60 -40 468
-60 -40 472
-60 -40 476
-60 -40 480
-60 -40 484
-60 -40 488
-60 -40 492
-60 -40 496
-60 -40 500
-60 -40 504
-60 -40 508
-50 -40 448
-50 -40 452
-50 -40 456
-50 -40 460
-50 -40 464
-50 -40 468
-50 -40 472
-50 -40 476
-50 -40 480
-50 -40 484
-50 -40 488
-50 -40 492
-50 -40 496
-50 -40 500
-50 -40 504
-50 -40 508
50 -40 448
50 -40 452
50 -40 456
50 -40 460
50 -40 464
50 -40 468
50 -40 472
50 -40 476
50 -40 480
50 -40 484
50 -40 488
50 -40 492
50 -40 496
50 -40 500
50 -40 504
50 -40 508
60 -40 448
60 -40 452
60 -40 456
60 -40 460
60 -40 464
60 -40 468
60 -40 472
60 -40 476
60 -40 480
60 -40 484
60 -40 488
60 -40 492
60 -40 496
60 -40 500
60 -40 504
60 -40 508
60 -33.33333333333334 448
60 -33.33333333333334 452
60 -33.33333333333334 456
60 -33.33333333333334 460
60 -33.33333333333334 464
60 -33.33333333333334 468
60 -33.33333333333334 472
60 -33.33333333333334 476
60 -33.33333333333334 480
60 -33.33333333333334 484
60 -33.33333333333334 488
60 -33.33333333333334 492
60 -33.33333333333334 496
60 -33.33333333333334 500
60 -33.33333333333334 504
60 -33.33333333333334 508
60 33.33333333333334 448
60 33.33333333333334 452
60 33.33333333333334 456
60 33.33333333333334 460
60 33.33333333333334 464
60 33.33333333333334 468
60 33.33333333333334 472
60 33.33333333333334 476
60 33.33333333333334 480
60 33.33333333333334 484
60 33.33333333333334 488
60 33.33333333333334 492
60 33.33333333333334 496
60 33.33333333333334 500
60 33.33333333333334 504
60 33.33333333333334 508
60 40 520
60 40 524
50 40 520
50 40 524
-50 40 520
-50 40 524
-60 40 520
-60 40 524
-60 33.33333333333334 520
-60 33.33333333333334 524
-60 -33.33333333333334 520
-60 -33.33333333333334 524
-60 -40 520
-60 -40 524
-50 -40 520
-50 -40 524
50 -40 520
50 -40 524
60 -40 520
60 -40 524
60 -33.33333333333334 520
60 -33.33333333333334 524
60 33.33333333333334 520
60 33.33333333333334 524
60 40 536
60 40 540
60 40 544
60 40 548
60 40 552
60 40 556
60 40 560
60 40 564
60 40 568
60 40 572
60 40 576
60 40 580
60 40 584
60 40 588
60 40 592
60 40 596
60 40 600
60 40 604
60 40 608
60 40 612
60 40 616
60 40 620
60 40 624
60 40 628
60 40 632
60 40 636
60 40 640
60 40 644
60 40 648
60 40 652
60 40 656
60 40 660
60 40 664
60 40 668
60 40 672
60 40 676
60 40 680
60 40 684
60 40 688
60 40 692
60 40 696
60 40 700
60 40 704
60 40 708
50 40 536
50 40 540
50 40 544
50 40 548
50 40 552
50 40 556
50 40 560
50 40 564
50 40 568
50 40 572
50 40 576
50 40 580
50 40 584
50 40 588
50 40 592
50 40 596
50 40 600
50 40 604
50 40 608
50 40 612
50 40 616
50 40 620
50 40 624
50 40 628
50 40 632
50 40 636
50 40 640
50 40 644
50 40 648
50 40 652
50 40 656
50 40 660
50 40 664
50 40 668
50 40 672
50 40 676
50 40 680
50 40 684
50 40 688
50 40 692
50 40 696
50 40 700
50 40 704
50 40 708
-50 40 536
-50 40 540
-50 40 544
-50 40 548
-50 40 552
-50 40 556
-50 40 560
-50 40 564
-50 40 568
-50 40 572
-50 40 576
-50 40 580
-50 40 584
-50 40 588
-50 40 592
-50 40 596
-50 40 600
-50 40 604
-50 40 608
-50 40 612
-50 40 616
-50 40 620
-50 40 624
-50 40 628
-50 40 632
-50 40 636
-50 40 640
-50 40 644
-50 40 648
-50 40 652
-50 40 656
-50 40 660
-50 40 664
-50 40 668
-50 40 672
-50 40 676
-50 40 680
-50 40 684
-50 40 688
-50 40 692
-50 40 696
-50 40 700
-50 40 704
-50 40 708
-60 40 536
-60 40 540
-60 40 544
-60 40 548
-60 40 552
-60 40 556
-60 40 560
-60 40 564
-60 40 568
-60 40 572
-60 40 576
-60 40 580
-60 40 584
-60 40 588
-60 40 592
-60 40 596
-60 40 600
-60 40 604
-60 40 608
-60 40 612
-60 40 616
-60 40 620
-60 40 624
-60 40 628
-60 40 632
-60 40 636
-60 40 640
-60 40 644
-60 40 648
-60 40 652
-60 40 656
-60 40 660
-60 40 664
-60 40 668
-60 40 672
-60 40 676
-60 40 680
-60 40 684
-60 40 688
-60 40 692
-60 40 696
-60 40 700
-60 40 704
-60 40 708
-60 33.33333333333334 536
-60 33.33333333333334 540
-60 33.33333333333334 544
-60 33.33333333333334 548
-60 33.33333333333334 552
-60 33.33333333333334 556
-60 33.33333333333334 560
-60 33.33333333333334 564
-60 33.33333333333334 568
-60 33.33333333333334 572
-60 33.33333333333334 576
-60 33.33333333333334 580
-60 33.33333333333334 584
-60 33.33333333333334 588
-60 33.33333333333334 592
-60 33.33333333333334 596
-60 33.33333333333334 600
-60 33.33333333333334 604
-60 33.33333333333334 608
-60 33.33333333333334 612
-60 33.33333333333334 616
-60 33.33333333333334 620
-60 33.33333333333334 624
-60 33.33333333333334 628
-60 33.33333333333334 632
-60 33.33333333333334 636
-60 33.33333333333334 640
-60 33.33333333333334 644
-60 33.33333333333334 648
-60 33.33333333333334 652
-60 33.33333333333334 656
-60 33.33333333333334 660
-60 33.33333333333334 664
-60 33.33333333333334 668
-60 33.33333333333334 672
-60 33.33333333333334 676
-60 33.33333333333334 680
-60 33.33333333333334 684
-60 33.33333333333334 688
-60 33.33333333333334 692
-60 33.33333333333334 696
-60 33.33333333333334 700
-60 33.33333333333334 704
-60 33.33333333333334 708
-60 -33.33333333333334 536
-60 -33.33333333333334 540
-60 -33.33333333333334 544
-60 -33.33333333333334 548
-60 -33.33333333333334 552
-60 -33.33333333333334 556
-60 -33.33333333333334 560
-60 -33.33333333333334 564
-60 -33.33333333333334 568
-60 -33.33333333333334 572
-60 -33.33333333333334 576
-60 -33.33333333333334 580
-60 -33.33333333333334 584
-60 -33.33333333333334 588
-60 -33.33333333333334 592
-60 -33.33333333333334 596
-60 -33.33333333333334 600
-60 -33.33333333333334 604
-60 -33.33333333333334 608
-60 -33.33333333333334 612
-60 -33.33333333333334 616
-60 -33.33333333333334 620
-60 -33.33333333333334 624
-60 -33.33333333333334 628
-60 -33.33333333333334 632
-60 -33.33333333333334 636
-60 -33.33333333333334 640
-60 -33.33333333333334 644
-60 -33.33333333333334 648
-60 -33.33333333333334 652
-60 -33.33333333333334 656
-60 -33.33333333333334 660
-60 -33.33333333333334 664
-60 -33.33333333333334 668
-60 -33.33333333333334 672
-60 -33.33333333333334 676
-60 -33.33333333333334 680
-60 -33.33333333333334 684
-60 -33.33333333333334 688
-60 -33.33333333333334 692
-60 -33.33333333333334 696
-60 -33.33333333333334 700
-60 -33.33333333333334 704
-60 -33.33333333333334 708
-60 -40 536
-60 -40 540
-60 -40 544
-60 -40 548
-60 -40 552
-60 -40 556
-60 -40 560
-60 -40 564
-60 -40 568
-60 -40 572
-60 -40 576
-60 -40 580
-60 -40 584
-60 -40 588
-60 -40 592
-60 -40 596
-60 -40 600
-60 -40 604
-60 -40 608
-60 -40 612
-60 -40 616
-60 -40 620
-60 -40 624
-60 -40 628
-60 -40 632
-60 -40 636
-60 -40 640
-60 -40 644
-60 -40 648
-60 -40 652
-60 -40 656
-60 -40 660
-60 -40 664
-60 -40 668
-60 -40 672
-60 -40 676
-60 -40 680
-60 -40 684
-60 -40 688
-60 -40 692
-60 -40 696
-60 -40 700
-60 -40 704
-60 -40 708
-50 -40 536
-50 -40 540
-50 -40 544
-50 -40 548
-50 -40 552
-50 -40 556
-50 -40 560
-50 -40 564
-50 -40 568
-50 -40 572
-50 -40 576
-50 -40 580
-50 -40 584
-50 -40 588
-50 -40 592
-50 -40 596
-50 -40 600
-50 -40 604
-50 -40 608
-50 -40 612
-50 -40 616
-50 -40 620
-50 -40 624
-50 -40 628
-50 -40 632
-50 -40 636
-50 -40 640
-50 -40 644
-50 -40 648
-50 -40 652
-50 -40 656
-50 -40 660
-50 -40 664
-50 -40 668
-50 -40 672
-50 -40 676
-50 -40 680
-50 -40 684
-50 -40 688
-50 -40 692
-50 -40 696
-50 -40 700
-50 -40 704
-50 -40 708
50 -40 536
50 -40 540
50 -40 544
50 -40 548
50 -40 552
50 -40 556
50 -40 560
50 -40 564
50 -40 568
50 -40 572
50 -40 576
50 -40 580
50 -40 584
50 -40 588
50 -40 592
50 -40 596
50 -40 600
50 -40 604
50 -40 608
50 -40 612
50 -40 616
50 -40 620
50 -40 624
50 -40 628
50 -40 632
50 -40 636
50 -40 640
50 -40 644
50 -40 648
50 -40 652
50 -40 656
50 -40 660
50 -40 664
50 -40 668
50 -40 672
50 -40 676
50 -40 680
50 -40 684
50 -40 688
50 -40 692
50 -40 696
50 -40 700
50 -40 704
50 -40 708
60 -40 536
60 -40 540
60 -40 544
60 -40 548
60 -40 552
60 -40 556
60 -40 560
60 -40 564
60 -40 568
60 -40 572
60 -40 576
60 -40 580
60 -40 584
60 -40 588
60 -40 592
60 -40 596
60 -40 600
60 -40 604
60 -40 608
60 -40 612
60 -40 616
60 -40 620
60 -40 624
60 -40 628
60 -40 632
60 -40 636
60 -40 640
60 -40 644
60 -40 648
60 -40 652
60 -40 656
60 -40 660
60 -40 664
60 -40 668
60 -40 672
60 -40 676
60 -40 680
60 -40 684
60 -40 688
60 -40 692
60 -40 696
60 -40 700
60 -40 704
60 -40 708
60 -33.33333333333334 536
60 -33.33333333333334 540
60 -33.33333333333334 544
60 -33.33333333333334 548
60 -33.33333333333334 552
60 -33.33333333333334 556
60 -33.33333333333334 560
60 -33.33333333333334 564
60 -33.33333333333334 568
60 -33.33333333333334 572
60 -33.33333333333334 576
60 -33.33333333333334 580
60 -33.33333333333334 584
60 -33.33333333333334 588
60 -33.33333333333334 592
60 -33.33333333333334 596
60 -33.33333333333334 600
60 -33.33333333333334 604
60 -33.33333333333334 608
60 -33.33333333333334 612
60 -33.33333333333334 616
60 -33.33333333333334 620
60 -33.33333333333334 624
60 -33.33333333333334 628
60 -33.33333333333334 632
60 -33.33333333333334 636
60 -33.33333333333334 640
60 -33.33333333333334 644
60 -33.33333333333334 648
60 -33.33333333333334 652
60 -33.33333333333334 656
60 -33.33333333333334 660
60 -33.33333333333334 664
60 -33.33333333333334 668
60 -33.33333333333334 672
60 -33.33333333333334 676
60 -33.33333333333334 680
60 -33.33333333333334 684
60 -33.33333333333334 688
60 -33.33333333333334 692
60 -33.33333333333334 696
60 -33.33333333333334 700
60 -33.33333333333334 704
60 -33.33333333333334 708
60 33.33333333333334 536
60 33.33333333333334 540
60 33.33333333333334 544
60 33.33333333333334 548
60 33.33333333333334 552
60 33.33333333333334 556
60 33.33333333333334 560
60 33.33333333333334 564
60 33.33333333333334 568
60 33.33333333333334 572
60 33.33333333333334 576
60 33.33333333333334 580
60 33.33333333333334 584
60 33.33333333333334 588
60 33.33333333333334 592
60 33.33333333333334 596
60 33.33333333333334 600
60 33.33333333333334 604
60 33.33333333333334 608
60 33.33333333333334 612
60 33.33333333333334 616
60 33.33333333333334 620
60 33.33333333333334 624
60 33.33333333333334 628
60 33.33333333333334 632
60 33.33333333333334 636
60 33.33333333333334 640
60 33.33333333333334 644
60 33.33333333333334 648
60 33.33333333333334 652
60 33.33333333333334 656
60 33.33333333333334 660
60 33.33333333333334 664
60 33.33333333333334 668
60 33.33333333333334 672
60 33.33333333333334 676
60 33.33333333333334 680
60 33.33333333333334 684
60 33.33333333333334 688
60 33.33333333333334 692
60 33.33333333333334 696
60 33.33333333333334 700
60 33.33333333333334 704
60 33.33333333333334 708
60 40 720
60 40 724
50 40 720
50 40 724
-50 40 720
-50 40 724
-60 40 720
-60 40 724
-60 33.33333333333334 720
-60 33.33333333333334 724
-60 -33.33333333333334 720
-60 -33.33333333333334 724
-60 -40 720
-60 -40 724
-50 -40 720
-50 -40 724
50 -40 720
50 -40 724
60 -40 720
60 -40 724
60 -33.33333333333334 720
60 -33.33333333333334 724
60 33.33333333333334 720
60 33.33333333333334 724
60 40 736
60 40 740
60 40 744
60 40 748
60 40 752
60 40 756
60 40 760
60 40 764
60 40 768
60 40 772
60 40 776
60 40 780
60 40 784
60 40 788
60 40 792
60 40 796
50 40 736
50 40 740
50 40 744
50 40 748
50 40 752
50 40 756
50 40 760
50 40 764
50 40 768
50 40 772
50 40 776
50 40 780
50 40 784
50 40 788
50 40 792
50 40 796
-50 40 736
-50 40 740
-50 40 744
-50 40 748
-50 40 752
-50 40 756
-50 40 760
-50 40 764
-50 40 768
-50 40 772
-50 40 776
-50 40 780
-50 40 784
-50 40 788
-50 40 792
-50 40 796
-60 40 736
-60 40 740
-60 40 744
-60 40 748
-60 40 752
-60 40 756
-60 40 760
-60 40 764
-60 40 768
-60 40 772
-60 40 776
-60 40 780
-60 40 784
-60 40 788
-60 40 792
-60 40 796
-60 33.33333333333334 736
-60 33.33333333333334 740
-60 33.33333333333334 744
-60 33.33333333333334 748
-60 33.33333333333334 752
-60 33.33333333333334 756
-60 33.33333333333334 760
-60 33.33333333333334 764
-60 33.33333333333334 768
-60 33.33333333333334 772
-60 33.33333333333334 776
-60 33.33333333333334 780
-60 33.33333333333334 784
-60 33.33333333333334 788
-60 33.33333333333334 792
-60 33.33333333333334 796
-60 -33.33333333333334 736
-60 -33.33333333333334 740
-60 -33.33333333333334 744
-60 -33.33333333333334 748
-60 -33.33333333333334 752
-60 -33.33333333333334 756
-60 -33.33333333333334 760
-60 -33.33333333333334 764
-60 -33.33333333333334 768
-60 -33.33333333333334 772
-60 -33.33333333333334 776
-60 -33.33333333333334 780
-60 -33.33333333333334 784
-60 -33.33333333333334 788
-60 -33.33333333333334 792
-60 -33.33333333333334 796
-60 -40 736
-60 -40 740
-60 -40 744
-60 -40 748
-60 -40 752
-60 -40 756
-60 -40 760
-60 -40 764
-60 -40 768
-60 -40 772
-60 -40 776
-60 -40 780
-60 -40 784
-60 -40 788
-60 -40 792
-60 -40 796
-50 -40 736
-50 -40 740
-50 -40 744
-50 -40 748
-50 -40 752
-50 -40 756
-50 -40 760
-50 -40 764
-50 -40 768
-50 -40 772
-50 -40 776
-50 -40 780
-50 -40 784
-50 -40 788
-50 -40 792
-50 -40 796
50 -40 736
50 -40 740
50 -40 744
50 -40 748
50 -40 752
50 -40 756
50 -40 760
50 -40 764
50 -40 768
50 -40 772
50 -40 776
50 -40 780
50 -40 784
50 -40 788
50 -40 792
50 -40 796
60 -40 736
60 -40 740
60 -40 744
60 -40 748
60 -40 752
60 -40 756
60 -40 760
60 -40 764
60 -40 768
60 -40 772
60 -40 776
60 -40 780
60 -40 784
60 -40 788
60 -40 792
60 -40 796
60 -33.33333333333334 736
60 -33.33333333333334 740
60 -33.33333333333334 744
60 -33.33333333333334 748
60 -33.33333333333334 752
60 -33.33333333333334 756
60 -33.33333333333334 760
60 -33.33333333333334 764
60 -33.33333333333334 768
60 -33.33333333333334 772
60 -33.33333333333334 776
60 -33.33333333333334 780
60 -33.33333333333334 784
60 -33.33333333333334 788
60 -33.33333333333334 792
60 -33.33333333333334 796
60 33.33333333333334 736
60 33.33333333333334 740
60 33.33333333333334 744
60 33.33333333333334 748
60 33.33333333333334 752
60 33.33333333333334 756
60 33.33333333333334 760
60 33.33333333333334 764
60 33.33333333333334 768
60 33.33333333333334 772
60 33.33333333333334 776
60 33.33333333333334 780
60 33.33333333333334 784
60 33.33333333333334 788
60 33.33333333333334 792
60 33.33333333333334 796
40.00000000001695 40 104
30.00000000008137 40 104
20.00000000013383 40 104
10.00000000015659 40 104
1.735145360726165e-10 40 104
-9.999999999809575 40 104
-19.99999999983761 40 104
-29.99999999989174 40 104
-39.99999999994587 40 104
-60 26.66666666667738 104
-60 20.00000000002808 104
-60 13.333333333381 104
-60 6.666666666730308 104
-60 8.128608897095546e-11 104
-60 -6.666666666606901 104
-60 -13.33333333328954 104
-60 -19.9999999999722 104
-60 -26.66666666665486 104
-40.00000000001695 -40 104
-30.00000000008137 -40 104
-20.00000000013383 -40 104
-10.00000000015659 -40 104
-1.735145360726165e-10 -40 104
9.999999999809575 -40 104
19.99999999983761 -40 104
29.99999999989174 -40 104
39.99999999994587 -40 104
60 -26.66666666667738 104
60 -20.00000000002808 104
60 -13.333333333381 104
60 -6.666666666730308 104
60 -8.128608897095546e-11 104
60 6.666666666606901 104
60 13.33333333328954 104
60 19.9999999999722 104
60 26.66666666665486 104
40.00000000001695 41.722075 108
30.00000000008137 41.722075 108
20.00000000013383 41.722075 108
10.00000000015659 41.722075 108
1.735145360726165e-10 41.722075 108
-9.999999999809575 41.722075 108
-19.99999999983761 41.722075 108
-29.99999999989174 41.722075 108
-39.99999999994587 41.722075 108
-61.722075 26.66666666667738 108
-61.722075 20.00000000002808 108
-61.722075 13.333333333381 108
-61.722075 6.666666666730308 108
-61.722075 8.128608897095546e-11 108
-61.722075 -6.666666666606901 108
-61.722075 -13.33333333328954 108
-61.722075 -19.9999999999722 108
-61.722075 -26.66666666665486 108
-40.00000000001695 -41.722075 108
-30.00000000008137 -41.722075 108
-20.00000000013383 -41.722075 108
-10.00000000015659 -41.722075 108
-1.735145360726165e-10 -41.722075 108
9.999999999809575 -41.722075 108
19.99999999983761 -41.722075 108
29.99999999989174 -41.722075 108
39.99999999994587 -41.722075 108
61.722075 -26.66666666667738 108
61.722075 -20.00000000002808 108
61.722075 -13.333333333381 108
61.722075 -6.666666666730308 108
61.722075 -8.128608897095546e-11 108
61.722075 6.666666666606901 108
61.722075 13.33333333328954 108
61.722075 19.9999999999722 108
61.722075 26.66666666665486 108
40.00000000001695 41.722075 112
30.00000000008137 41.722075 112
20.00000000013383 41.722075 112
10.00000000015659 41.722075 112
1.735145360726165e-10 41.722075 112
-9.999999999809575 41.722075 112
-19.99999999983761 41.722075 112
-29.99999999989174 41.722075 112
-39.99999999994587 41.722075 112
-61.722075 26.66666666667738 112
-61.722075 20.00000000002808 112
-61.722075 13.333333333381 112
-61.722075 6.666666666730308 112
-61.722075 8.128608897095546e-11 112
-61.722075 -6.666666666606901 112
-61.722075 -13.33333333328954 112
-61.722075 -19.9999999999722 112
-61.722075 -26.66666666665486 112
-40.00000000001695 -41.722075 112
-30.00000000008137 -41.722075 112
-20.00000000013383 -41.722075 112
-10.00000000015659 -41.722075 112
-1.735145360726165e-10 -41.722075 112
9.999999999809575 -41.722075 112
19.99999999983761 -41.722075 112
29.99999999989174 -41.722075 112
39.99999999994587 -41.722075 112
61.722075 -26.66666666667738 112
61.722075 -20.00000000002808 112
61.722075 -13.333333333381 112
61.722075 -6.666666666730308 112
61.722075 -8.128608897095546e-11 112
61.722075 6.666666666606901 112
61.722075 13.33333333328954 112
61.722075 19.9999999999722 112
61.722075 26.66666666665486 112
40.00000000001695 40 116
30.00000000008137 40 116
20.00000000013383 40 116
10.00000000015659 40 116
1.735145360726165e-10 40 116
-9.999999999809575 40 116
-19.99999999983761 40 116
-29.99999999989174 40 116
-39.99999999994587 40 116
-60 26.66666666667738 116
-60 20.00000000002808 116
-60 13.333333333381 116
-60 6.666666666730308 116
-60 8.128608897095546e-11 116
-60 -6.666666666606901 116
-60 -13.33333333328954 116
-60 -19.9999999999722 116
-60 -26.66666666665486 116
-40.00000000001695 -40 116
-30.00000000008137 -40 116
-20.00000000013383 -40 116
-10.00000000015659 -40 116
-1.735145360726165e-10 -40 116
9.999999999809575 -40 116
19.99999999983761 -40 116
29.99999999989174 -40 116
39.99999999994587 -40 116
60 -26.66666666667738 116
60 -20.00000000002808 116
60 -13.333333333381 116
60 -6.666666666730308 116
60 -8.128608897095546e-11 116
60 6.666666666606901 116
60 13.33333333328954 116
60 19.9999999999722 116
60 26.66666666665486 116
40.00000000001695 40 240
30.00000000008137 40 240
20.00000000013383 40 240
10.00000000015659 40 240
1.735145360726165e-10 40 240
-9.999999999809575 40 240
-19.99999999983761 40 240
-29.99999999989174 40 240
-39.99999999994587 40 240
-60 26.66666666667738 240
-60 20.00000000002808 240
-60 13.333333333381 240
-60 6.666666666730308 240
-60 8.128608897095546e-11 240
-60 -6.666666666606901 240
-60 -13.33333333328954 240
-60 -19.9999999999722 240
-60 -26.66666666665486 240
-40.00000000001695 -40 240
-30.00000000008137 -40 240
-20.00000000013383 -40 240
-10.00000000015659 -40 240
-1.735145360726165e-10 -40 240
9.999999999809575 -40 240
19.99999999983761 -40 240
29.99999999989174 -40 240
39.99999999994587 -40 240
60 -26.66666666667738 240
60 -20.00000000002808 240
60 -13.333333333381 240
60 -6.666666666730308 240
60 -8.128608897095546e-11 240
60 6.666666666606901 240
60 13.33333333328954 240
60 19.9999999999722 240
60 26.66666666665486 240
40.00000000001695 39.766826256 244
30.00000000008137 39.766826256 244
20.00000000013383 39.766826256 244
10.00000000015659 39.766826256 244
1.735145360726165e-10 39.766826256 244
-9.999999999809575 39.766826256 244
-19.99999999983761 39.766826256 244
-29.99999999989174 39.766826256 244
-39.99999999994587 39.766826256 244
-59.766826256 26.66666666667738 244
-59.766826256 20.00000000002808 244
-59.766826256 13.333333333381 244
-59.766826256 6.666666666730308 244
-59.766826256 8.128608897095546e-11 244
-59.766826256 -6.666666666606901 244
-59.766826256 -13.33333333328954 244
-59.766826256 -19.9999999999722 244
-59.766826256 -26.66666666665486 244
-40.00000000001695 -39.766826256 244
-30.00000000008137 -39.766826256 244
-20.00000000013383 -39.766826256 244
-10.00000000015659 -39.766826256 244
-1.735145360726165e-10 -39.766826256 244
9.999999999809575 -39.766826256 244
19.99999999983761 -39.766826256 244
29.99999999989174 -39.766826256 244
39.99999999994587 -39.766826256 244
59.766826256 -26.66666666667738 244
59.766826256 -20.00000000002808 244
59.766826256 -13.333333333381 244
59.766826256 -6.666666666730308 244
59.766826256 -8.128608897095546e-11 244
59.766826256 6.666666666606901 244
59.766826256 13.33333333328954 244
59.766826256 19.9999999999722 244
59.766826256 26.66666666665486 244
40.00000000001695 39.766826256 256
30.00000000008137 39.766826256 256
20.00000000013383 39.766826256 256
10.00000000015659 39.766826256 256
1.735145360726165e-10 39.766826256 256
-9.999999999809575 39.766826256 256
-19.99999999983761 39.766826256 256
-29.99999999989174 39.766826256 256
-39.99999999994587 39.766826256 256
-59.766826256 26.66666666667738 256
-59.766826256 20.00000000002808 256
-59.766826256 13.333333333381 256
-59.766826256 6.666666666730308 256
-59.766826256 8.128608897095546e-11 256
-59.766826256 -6.666666666606901 256
-59.766826256 -13.33333333328954 256
-59.766826256 -19.9999999999722 256
-59.766826256 -26.66666666665486 256
-40.00000000001695 -39.766826256 256
-30.00000000008137 -39.766826256 256
-20.00000000013383 -39.766826256 256
-10.00000000015659 -39.766826256 256
-1.735145360726165e-10 -39.766826256 256
9.999999999809575 -39.766826256 256
19.99999999983761 -39.766826256 256
29.99999999989174 -39.766826256 256
39.99999999994587 -39.766826256 256
59.766826256 -26.66666666667738 256
59.766826256 -20.00000000002808 256
59.766826256 -13.333333333381 256
59.766826256 -6.666666666730308 256
59.766826256 -8.128608897095546e-11 256
59.766826256 6.666666666606901 256
59.766826256 13.33333333328954 256
59.766826256 19.9999999999722 256
59.766826256 26.66666666665486 256
40.00000000001695 40 260
30.00000000008137 40 260
20.00000000013383 40 260
10.00000000015659 40 260
1.735145360726165e-10 40 260
-9.999999999809575 40 260
-19.99999999983761 40 260
-29.99999999989174 40 260
-39.99999999994587 40 260
-60 26.66666666667738 260
-60 20.00000000002808 260
-60 13.333333333381 260
-60 6.666666666730308 260
-60 8.128608897095546e-11 260
-60 -6.666666666606901 260
-60 -13.33333333328954 260
-60 -19.9999999999722 260
-60 -26.66666666665486 260
-40.00000000001695 -40 260
-30.00000000008137 -40 260
-20.00000000013383 -40 260
-10.00000000015659 -40 260
-1.735145360726165e-10 -40 260
9.999999999809575 -40 260
19.99999999983761 -40 260
29.99999999989174 -40 260
39.99999999994587 -40 260
60 -26.66666666667738 260
60 -20.00000000002808 260
60 -13.333333333381 260
60 -6.666666666730308 260
60 -8.128608897095546e-11 260
60 6.666666666606901 260
60 13.33333333328954 260
60 19.9999999999722 260
60 26.66666666665486 260
40.00000000001695 40 432
30.00000000008137 40 432
20.00000000013383 40 432
10.00000000015659 40 432
1.735145360726165e-10 40 432
-9.999999999809575 40 432
-19.99999999983761 40 432
-29.99999999989174 40 432
-39.99999999994587 40 432
-60 26.66666666667738 432
-60 20.00000000002808 432
-60 13.333333333381 432
-60 6.666666666730308 432
-60 8.128608897095546e-11 432
-60 -6.666666666606901 432
-60 -13.33333333328954 432
-60 -19.9999999999722 432
-60 -26.66666666665486 432
-40.00000000001695 -40 432
-30.00000000008137 -40 432
-20.00000000013383 -40 432
-10.00000000015659 -40 432
-1.735145360726165e-10 -40 432
9.999999999809575 -40 432
19.99999999983761 -40 432
29.99999999989174 -40 432
39.99999999994587 -40 432
60 -26.66666666667738 432
60 -20.00000000002808 432
60 -13.333333333381 432
60 -6.666666666730308 432
60 -8.128608897095546e-11 432
60 6.666666666606901 432
60 13.33333333328954 432
60 19.9999999999722 432
60 26.66666666665486 432
40.00000000001695 37.752919968 436
30.00000000008137 37.752919968 436
20.00000000013383 37.752919968 436
10.00000000015659 37.752919968 436
1.735145360726165e-10 37.752919968 436
-9.999999999809575 37.752919968 436
-19.99999999983761 37.752919968 436
-29.99999999989174 37.752919968 436
-39.99999999994587 37.752919968 436
-57.752919968 26.66666666667738 436
-57.752919968 20.00000000002808 436
-57.752919968 13.333333333381 436
-57.752919968 6.666666666730308 436
-57.752919968 8.128608897095546e-11 436
-57.752919968 -6.666666666606901 436
-57.752919968 -13.33333333328954 436
-57.752919968 -19.9999999999722 436
-57.752919968 -26.66666666665486 436
-40.00000000001695 -37.752919968 436
-30.00000000008137 -37.752919968 436
-20.00000000013383 -37.752919968 436
-10.00000000015659 -37.752919968 436
-1.735145360726165e-10 -37.752919968 436
9.999999999809575 -37.752919968 436
19.99999999983761 -37.752919968 436
29.99999999989174 -37.752919968 436
39.99999999994587 -37.752919968 436
57.752919968 -26.66666666667738 436
57.752919968 -20.00000000002808 436
57.752919968 -13.333333333381 436
57.752919968 -6.666666666730308 436
57.752919968 -8.128608897095546e-11 436
57.752919968 6.666666666606901 436
57.752919968 13.33333333328954 436
57.752919968 19.9999999999722 436
57.752919968 26.66666666665486 436
40.00000000001695 37.752919968 440
30.00000000008137 37.752919968 440
20.00000000013383 37.752919968 440
10.00000000015659 37.752919968 440
1.735145360726165e-10 37.752919968 440
-9.999999999809575 37.752919968 440
-19.99999999983761 37.752919968 440
-29.99999999989174 37.752919968 440
-39.99999999994587 37.752919968 440
-57.752919968 26.66666666667738 440
-57.752919968 20.00000000002808 440
-57.752919968 13.333333333381 440
-57.752919968 6.666666666730308 440
-57.752919968 8.128608897095546e-11 440
-57.752919968 -6.666666666606901 440
-57.752919968 -13.33333333328954 440
-57.752919968 -19.9999999999722 440
-57.752919968 -26.66666666665486 440
-40.00000000001695 -37.752919968 440
-30.00000000008137 -37.752919968 440
-20.00000000013383 -37.752919968 440
-10.00000000015659 -37.752919968 440
-1.735145360726165e-10 -37.752919968 440
9.999999999809575 -37.752919968 440
19.99999999983761 -37.752919968 440
29.99999999989174 -37.752919968 440
39.99999999994587 -37.752919968 440
57.752919968 -26.66666666667738 440
57.752919968 -20.00000000002808 440
57.752919968 -13.333333333381 440
57.752919968 -6.666666666730308 440
57.752919968 -8.128608897095546e-11 440
57.752919968 6.666666666606901 440
57.752919968 13.33333333328954 440
57.752919968 19.9999999999722 440
57.752919968 26.66666666665486 440
40.00000000001695 40 444
30.00000000008137 40 444
20.00000000013383 40 444
10.00000000015659 40 444
1.735145360726165e-10 40 444
-9.999999999809575 40 444
-19.99999999983761 40 444
-29.99999999989174 40 444
-39.99999999994587 40 444
-60 26.66666666667738 444
-60 20.00000000002808 444
-60 13.333333333381 444
-60 6.666666666730308 444
-60 8.128608897095546e-11 444
-60 -6.666666666606901 444
-60 -13.33333333328954 444
-60 -19.9999999999722 444
-60 -26.66666666665486 444
-40.00000000001695 -40 444
-30.00000000008137 -40 444
-20.00000000013383 -40 444
-10.00000000015659 -40 444
-1.735145360726165e-10 -40 444
9.999999999809575 -40 444
19.99999999983761 -40 444
29.99999999989174 -40 444
39.99999999994587 -40 444
60 -26.66666666667738 444
60 -20.00000000002808 444
60 -13.333333333381 444
60 -6.666666666730308 444
60 -8.128608897095546e-11 444
60 6.666666666606901 444
60 13.33333333328954 444
60 19.9999999999722 444
60 26.66666666665486 444
40.00000000001695 40 512
30.00000000008137 40 512
20.00000000013383 40 512
10.00000000015659 40 512
1.735145360726165e-10 40 512
-9.999999999809575 40 512
-19.99999999983761 40 512
-29.99999999989174 40 512
-39.99999999994587 40 512
-60 26.66666666667738 512
-60 20.00000000002808 512
-60 13.333333333381 512
-60 6.666666666730308 512
-60 8.128608897095546e-11 512
-60 -6.666666666606901 512
-60 -13.33333333328954 512
-60 -19.9999999999722 512
-60 -26.66666666665486 512
-40.00000000001695 -40 512
-30.00000000008137 -40 512
-20.00000000013383 -40 512
-10.00000000015659 -40 512
-1.735145360726165e-10 -40 512
9.999999999809575 -40 512
19.99999999983761 -40 512
29.99999999989174 -40 512
39.99999999994587 -40 512
60 -26.66666666667738 512
60 -20.00000000002808 512
60 -13.333333333381 512
60 -6.666666666730308 512
60 -8.128608897095546e-11 512
60 6.666666666606901 512
60 13.33333333328954 512
60 19.9999999999722 512
60 26.66666666665486 512
40.00000000001695 40 516
30.00000000008137 40 516
20.00000000013383 40 516
10.00000000015659 40 516
1.735145360726165e-10 40 516
-9.999999999809575 40 516
-19.99999999983761 40 516
-29.99999999989174 40 516
-39.99999999994587 40 516
-60 26.66666666667738 516
-60 20.00000000002808 516
-60 13.333333333381 516
-60 6.666666666730308 516
-60 8.128608897095546e-11 516
-60 -6.666666666606901 516
-60 -13.33333333328954 516
-60 -19.9999999999722 516
-60 -26.66666666665486 516
-40.00000000001695 -40 516
-30.00000000008137 -40 516
-20.00000000013383 -40 516
-10.00000000015659 -40 516
-1.735145360726165e-10 -40 516
9.999999999809575 -40 516
19.99999999983761 -40 516
29.99999999989174 -40 516
39.99999999994587 -40 516
60 -26.66666666667738 516
60 -20.00000000002808 516
60 -13.333333333381 516
60 -6.666666666730308 516
60 -8.128608897095546e-11 516
60 6.666666666606901 516
60 13.33333333328954 516
60 19.9999999999722 516
60 26.66666666665486 516
40.00000000001695 40 528
30.00000000008137 40 528
20.00000000013383 40 528
10.00000000015659 40 528
1.735145360726165e-10 40 528
-9.999999999809575 40 528
-19.99999999983761 40 528
-29.99999999989174 40 528
-39.99999999994587 40 528
-60 26.66666666667738 528
-60 20.00000000002808 528
-60 13.333333333381 528
-60 6.666666666730308 528
-60 8.128608897095546e-11 528
-60 -6.666666666606901 528
-60 -13.33333333328954 528
-60 -19.9999999999722 528
-60 -26.66666666665486 528
-40.00000000001695 -40 528
-30.00000000008137 -40 528
-20.00000000013383 -40 528
-10.00000000015659 -40 528
-1.735145360726165e-10 -40 528
9.999999999809575 -40 528
19.99999999983761 -40 528
29.99999999989174 -40 528
39.99999999994587 -40 528
60 -26.66666666667738 528
60 -20.00000000002808 528
60 -13.333333333381 528
60 -6.666666666730308 528
60 -8.128608897095546e-11 528
60 6.666666666606901 528
60 13.33333333328954 528
60 19.9999999999722 528
60 26.66666666665486 528
40.00000000001695 40 532
30.00000000008137 40 532
20.00000000013383 40 532
10.00000000015659 40 532
1.735145360726165e-10 40 532
-9.999999999809575 40 532
-19.99999999983761 40 532
-29.99999999989174 40 532
-39.99999999994587 40 532
-60 26.66666666667738 532
-60 20.00000000002808 532
-60 13.333333333381 532
-60 6.666666666730308 532
-60 8.128608897095546e-11 532
-60 -6.666666666606901 532
-60 -13.33333333328954 532
-60 -19.9999999999722 532
-60 -26.66666666665486 532
-40.00000000001695 -40 532
-30.00000000008137 -40 532
-20.00000000013383 -40 532
-10.00000000015659 -40 532
-1.735145360726165e-10 -40 532
9.999999999809575 -40 532
19.99999999983761 -40 532
29.99999999989174 -40 532
39.99999999994587 -40 532
60 -26.66666666667738 532
60 -20.00000000002808 532
60 -13.333333333381 532
60 -6.666666666730308 532
60 -8.128608897095546e-11 532
60 6.666666666606901 532
60 13.33333333328954 532
60 19.9999999999722 532
60 26.66666666665486 532
40.00000000001695 40 712
30.00000000008137 40 712
20.00000000013383 40 712
10.00000000015659 40 712
1.735145360726165e-10 40 712
-9.999999999809575 40 712
-19.99999999983761 40 712
-29.99999999989174 40 712
-39.99999999994587 40 712
-60 26.66666666667738 712
-60 20.00000000002808 712
-60 13.333333333381 712
-60 6.666666666730308 712
-60 8.128608897095546e-11 712
-60 -6.666666666606901 712
-60 -13.33333333328954 712
-60 -19.9999999999722 712
-60 -26.66666666665486 712
-40.00000000001695 -40 712
-30.00000000008137 -40 712
-20.00000000013383 -40 712
-10.00000000015659 -40 712
-1.735145360726165e-10 -40 712
9.999999999809575 -40 712
19.99999999983761 -40 712
29.99999999989174 -40 712
39.99999999994587 -40 712
60 -26.66666666667738 712
60 -20.00000000002808 712
60 -13.333333333381 712
60 -6.666666666730308 712
60 -8.128608897095546e-11 712
60 6.666666666606901 712
60 13.33333333328954 712
60 19.9999999999722 712
60 26.66666666665486 712
40.00000000001695 40 716
30.00000000008137 40 716
20.00000000013383 40 716
10.00000000015659 40 716
1.735145360726165e-10 40 716
-9.999999999809575 40 716
-19.99999999983761 40 716
-29.99999999989174 40 716
-39.99999999994587 40 716
-60 26.66666666667738 716
-60 20.00000000002808 716
-60 13.333333333381 716
-60 6.666666666730308 716
-60 8.128608897095546e-11 716
-60 -6.666666666606901 716
-60 -13.33333333328954 716
-60 -19.9999999999722 716
-60 -26.66666666665486 716
-40.00000000001695 -40 716
-30.00000000008137 -40 716
-20.00000000013383 -40 716
-10.00000000015659 -40 716
-1.735145360726165e-10 -40 716
9.999999999809575 -40 716
19.99999999983761 -40 716
29.99999999989174 -40 716
39.99999999994587 -40 716
60 -26.66666666667738 716
60 -20.00000000002808 716
60 -13.333333333381 716
60 -6.666666666730308 716
60 -8.128608897095546e-11 716
60 6.666666666606901 716
60 13.33333333328954 716
60 19.9999999999722 716
60 26.66666666665486 716
40.00000000001695 40 728
30.00000000008137 40 728
20.00000000013383 40 728
10.00000000015659 40 728
1.735145360726165e-10 40 728
-9.999999999809575 40 728
-19.99999999983761 40 728
-29.99999999989174 40 728
-39.99999999994587 40 728
-60 26.66666666667738 728
-60 20.00000000002808 728
-60 13.333333333381 728
-60 6.666666666730308 728
-60 8.128608897095546e-11 728
-60 -6.666666666606901 728
-60 -13.33333333328954 728
-60 -19.9999999999722 728
-60 -26.66666666665486 728
-40.00000000001695 -40 728
-30.00000000008137 -40 728
-20.00000000013383 -40 728
-10.00000000015659 -40 728
-1.735145360726165e-10 -40 728
9.999999999809575 -40 728
19.99999999983761 -40 728
29.99999999989174 -40 728
39.99999999994587 -40 728
60 -26.66666666667738 728
60 -20.00000000002808 728
60 -13.333333333381 728
60 -6.666666666730308 728
60 -8.128608897095546e-11 728
60 6.666666666606901 728
60 13.33333333328954 728
60 19.9999999999722 728
60 26.66666666665486 728
40.00000000001695 40 732
30.00000000008137 40 732
20.00000000013383 40 732
10.00000000015659 40 732
1.735145360726165e-10 40 732
-9.999999999809575 40 732
-19.99999999983761 40 732
-29.99999999989174 40 732
-39.99999999994587 40 732
-60 26.66666666667738 732
-60 20.00000000002808 732
-60 13.333333333381 732
-60 6.666666666730308 732
-60 8.128608897095546e-11 732
-60 -6.666666666606901 732
-60 -13.33333333328954 732
-60 -19.9999999999722 732
-60 -26.66666666665486 732
-40.00000000001695 -40 732
-30.00000000008137 -40 732
-20.00000000013383 -40 732
-10.00000000015659 -40 732
-1.735145360726165e-10 -40 732
9.999999999809575 -40 732
19.99999999983761 -40 732
29.99999999989174 -40 732
39.99999999994587 -40 732
60 -26.66666666667738 732
60 -20.00000000002808 732
60 -13.333333333381 732
60 -6.666666666730308 732
60 -8.128608897095546e-11 732
60 6.666666666606901 732
60 13.33333333328954 732
60 19.9999999999722 732
60 26.66666666665486 732
40.00000000002436 40 3.999999999985206
40.00000000002782 40 7.999999999970437
40.00000000002906 40 11.99999999995576
40.00000000002908 40.00000000000001 15.99999999994097
40.00000000002849 40 19.99999999992649
40.00000000002765 39.99999999999999 23.99999999991212
40.00000000002672 40 27.9999999998976
40.00000000002582 40 31.99999999988261
40.00000000002502 40 35.99999999986667
40.00000000002439 40.00000000000001 39.99999999985073
40.00000000002389 39.99999999999999 43.9999999998358
40.00000000002358 40 47.99999999982291
40.00000000002345 40 51.99999999981344
40.0000000000235 40 55.99999999980922
40.00000000002375 40 59.99999999980965
40.00000000002419 40 63.99999999981473
40.00000000002478 40 67.99999999982523
40.00000000002553 40 71.99999999983935
40.0000000000264 40 75.99999999985593
40.00000000002733 40 79.99999999987423
40.0000000000282 40 83.99999999989376
40.0000000000288 40 87.99999999991414
40.00000000002878 40 91.99999999993514
40.00000000002763 40 95.99999999995654
40.00000000002425 40 99.9999999999782
30.00000000007536 40.00000000000002 3.999999999986443
30.00000000007032 39.99999999999999 7.999999999972976
30.00000000006589 40 11.99999999995964
30.00000000006195 40 15.99999999994651
30.00000000005843 40.00000000000001 19.99999999993362
30.00000000005534 40 23.99999999992108
30.00000000005265 40 27.99999999990889
30.00000000005037 40 31.99999999989713
30.00000000004849 40 35.99999999988597
30.00000000004702 39.99999999999999 39.99999999987575
30.00000000004595 40 43.99999999986693
30.00000000004528 40 47.99999999985995
30.00000000004502 40 51.99999999985529
30.00000000004515 40 55.99999999985343
30.00000000004567 40 59.99999999985452
30.00000000004664 40 63.99999999985859
30.00000000004801 40 67.99999999986552
30.00000000004981 40 71.99999999987502
30.00000000005206 40 75.99999999988664
30.00000000005472 40.00000000000001 79.99999999989998
30.00000000005784 40 83.99999999991476
30.0000000000614 40 87.99999999993062
30.00000000006541 40 91.99999999994732
30.00000000006997 40 95.9999999999646
30.00000000007516 40 99.99999999998218
20.00000000011953 40 3.999999999987503
20.00000000010818 40 7.999999999975125
20.00000000009893 40 11.99999999996298
20.00000000009123 40 15.99999999995113
20.00000000008478 40.00000000000002 19.99999999993969
20.00000000007935 40 23.99999999992879
20.00000000007483 40.00000000000001 27.99999999991849
20.00000000007111 40 31.99999999990899
20.00000000006811 40.00000000000001 35.99999999990041
20.00000000006579 40 39.99999999989299
20.00000000006414 40 43.99999999988695
20.00000000006312 40 47.99999999988252
20.00000000006273 40.00000000000001 51.9999999998799
20.00000000006294 40 55.99999999987926
20.00000000006379 40 59.9999999998807
20.00000000006528 40 63.99999999988424
20.00000000006745 40 67.99999999988981
20.00000000007036 40 71.99999999989724
20.00000000007401 40 75.99999999990644
20.00000000007851 40 79.99999999991708
20.00000000008395 40 83.99999999992906
20.00000000009049 40 87.99999999994205
20.00000000009828 40 91.99999999995586
20.00000000010771 40 95.99999999997027
20.00000000011926 40.00000000000001 99.99999999998505
10.00000000014336 40 3.999999999988207
10.00000000013133 40.00000000000001 7.999999999976557
10.00000000012062 40 11.99999999996518
10.00000000011121 40 15.99999999995417
10.00000000010309 40 19.99999999994365
10.00000000009615 39.99999999999999 23.99999999993376
10.00000000009032 40.00000000000001 27.99999999992459
10.00000000008549 40 31.99999999991629
10.00000000008164 40 35.99999999990902
10.00000000007866 40.00000000000001 39.99999999990295
10.00000000007654 40 43.99999999989815
10.00000000007523 40 47.99999999989482
10.00000000007473 40 51.99999999989305
10.00000000007503 40 55.99999999989295
10.00000000007613 40 59.99999999989456
10.00000000007808 40 63.99999999989786
10.00000000008089 40 67.99999999990284
10.00000000008463 40 71.99999999990938
10.00000000008937 40 75.99999999991739
10.00000000009518 40 79.99999999992673
10.00000000010213 40 83.99999999993722
10.00000000011035 40 87.99999999994864
10.00000000011987 40 91.99999999996086
10.00000000013076 40 95.9999999999736
10.00000000014306 40 99.99999999998673
1.587474596220773e-10 40 3.999999999988463
1.449320663482467e-10 40.00000000000002 7.999999999977086
1.324966802940253e-10 39.99999999999998 11.99999999996598
1.215849643187994e-10 40 15.99999999995527
1.121476245202757e-10 40 19.99999999994507
1.041212927842795e-10 39.99999999999999 23.99999999993551
9.739395614780316e-11 40 27.99999999992672
9.186832491318106e-11 40.00000000000001 31.99999999991883
8.745004720367433e-11 40 35.99999999991196
8.405993849709584e-11 40 39.99999999990627
8.165024212303251e-11 40 43.99999999990185
8.01776423031697e-11 40 47.99999999989883
7.960565540088282e-11 40 51.99999999989731
7.995382134140527e-11 40 55.99999999989736
8.122036376789765e-11 40 59.999999999899
8.343192803295096e-11 40 63.99999999990224
8.664713391226542e-11 40 67.99999999990706
9.09437311782732e-11 40 71.99999999991334
9.639933296057279e-11 40 75.99999999992099
1.030961982451117e-10 40 79.99999999992986
1.111324365865585e-10 40 83.99999999993985
1.206526161030734e-10 40 87.9999999999508
1.317204123552074e-10 40 91.99999999996248
1.44353862197022e-10 40 95.99999999997466
1.584329932204407e-10 40 99.99999999998727
-9.999999999832847 40 3.999999999988242
-9.999999999851477 39.99999999999999 7.999999999976634
-9.99999999986666 40.00000000000001 11.99999999996529
-9.999999999879186 40 15.99999999995431
-9.999999999889569 40 19.99999999994382
-9.999999999898161 40 23.99999999993396
-9.999999999905221 40.00000000000001 27.99999999992481
-9.99999999991093 40.00000000000001 31.99999999991654
-9.999999999915467 40 35.99999999990927
-9.999999999918931 39.99999999999999 39.9999999999032
-9.999999999921371 39.99999999999999 43.99999999989841
-9.999999999922853 39.99999999999999 47.9999999998951
-9.999999999923423 40 51.99999999989338
-9.999999999923064 40 55.99999999989324
-9.999999999921762 40 59.99999999989483
-9.999999999919511 40 63.99999999989812
-9.999999999916213 40 67.99999999990311
-9.999999999911795 40 71.99999999990962
-9.999999999906155 40 75.99999999991759
-9.999999999899126 40 79.9999999999269
-9.99999999989052 40 83.99999999993736
-9.999999999880078 40 87.99999999994876
-9.999999999867409 40 91.99999999996089
-9.999999999852029 40 95.99999999997364
-9.99999999983315 40 99.99999999998673
-19.99999999985625 40 3.999999999987565
-19.99999999987176 40 7.999999999975254
-19.99999999988473 40 11.99999999996315
-19.99999999989556 39.99999999999998 15.99999999995137
-19.99999999990458 40.00000000000001 19.99999999993999
-19.99999999991212 40 23.99999999992912
-19.99999999991833 40 27.99999999991889
-19.99999999992335 40.00000000000001 31.99999999990941
-19.99999999992733 40 35.99999999990084
-19.99999999993037 40 39.99999999989345
-19.9999999999325 40 43.99999999988742
-19.99999999993382 40 47.99999999988299
-19.99999999993432 40.00000000000001 51.99999999988037
-19.99999999993399 40 55.99999999987972
-19.99999999993285 40 59.99999999988115
-19.99999999993085 40 63.99999999988466
-19.99999999992794 40 67.99999999989021
-19.99999999992406 40 71.99999999989763
-19.9999999999191 40 75.99999999990676
-19.99999999991293 40 79.99999999991741
-19.99999999990538 40 83.99999999992932
-19.99999999989629 40 87.99999999994223
-19.99999999988535 40 91.99999999995597
-19.99999999987224 40 95.99999999997033
-19.99999999985652 40 99.99999999998508
-29.99999999990108 40.00000000000001 3.999999999986518
-29.99999999990987 39.99999999999999 7.999999999973115
-29.99999999991783 39.99999999999999 11.99999999995985
-29.99999999992484 40.00000000000001 15.99999999994677
-29.99999999993092 39.99999999999999 19.99999999993396
-29.99999999993612 40 23.99999999992145
-29.99999999994051 40.00000000000001 27.99999999990931
-29.99999999994409 40 31.99999999989759
-29.99999999994696 40 35.99999999988645
-29.99999999994915 40 39.99999999987627
-29.99999999995072 40 43.99999999986743
-29.99999999995168 39.99999999999999 47.99999999986045
-29.99999999995204 40.00000000000001 51.99999999985585
-29.99999999995181 40 55.99999999985393
-29.99999999995097 40 59.99999999985501
-29.99999999994951 40 63.99999999985904
-29.99999999994743 40 67.99999999986595
-29.99999999994458 40 71.9999999998754
-29.99999999994105 40 75.99999999988697
-29.99999999993671 40 79.9999999999003
-29.99999999993148 40 83.999999999915
-29.99999999992535 40 87.99999999993082
-29.99999999991828 40 91.99999999994748
-29.99999999991021 40 95.9999999999647
-29.99999999990128 40 99.99999999998221
-39.99999999994998 39.99999999999999 3.999999999985257
-39.99999999995397 40.00000000000001 7.999999999970528
-39.99999999995767 40.00000000000001 11.9999999999559
-39.99999999996101 40 15.99999999994116
-39.99999999996399 40 19.99999999992672
-39.9999999999666 40.00000000000001 23.99999999991238
-39.99999999996879 40 27.9999999998979
-39.99999999997064 39.99999999999999 31.99999999988293
-39.99999999997212 40 35.999999999867
-39.99999999997327 40 39.99999999985109
-39.99999999997406 39.99999999999999 43.99999999983616
-39.99999999997457 40.00000000000001 47.99999999982328
-39.99999999997473 40 51.9999999998138
-39.99999999997464 40.00000000000001 55.99999999980962
-39.9999999999742 40 59.99999999981
-39.99999999997343 40.00000000000001 63.99999999981507
-39.99999999997231 39.99999999999999 67.99999999982553
-39.99999999997089 40 71.9999999998396
-39.99999999996907 39.99999999999999 75.99999999985617
-39.99999999996687 40 79.99999999987446
-39.99999999996427 40 83.99999999989396
-39.99999999996127 40 87.99999999991429
-39.99999999995788 40 91.99999999993524
-39.99999999995411 40 95.99999999995664
-39.99999999995008 40 99.99999999997826
-60.00000000000001 26.66666666667819 3.999999999985207
-60 26.66666666667841 7.999999999970435
-60 26.66666666667829 11.99999999995576
-60 26.66666666667797 15.99999999994097
-60 26.66666666667756 19.99999999992649
-60 26.66666666667712 23.99999999991212
-60 26.66666666667669 27.9999999998976
-59.99999999999999 26.6666666666763 31.99999999988261
-60 26.66666666667597 35.99999999986667
-60 26.66666666667571 39.99999999985073
-60 26.6666666666755 43.99999999983579
-60.00000000000001 26.66666666667538 47.99999999982289
-60 26.66666666667533 51.9999999998134
-60.00000000000001 26.66666666667535 55.99999999980921
-60 26.66666666667545 59.99999999980963
-60.00000000000001 26.66666666667563 63.99999999981473
-60 26.66666666667588 67.99999999982523
-59.99999999999999 26.6666666666762 71.99999999983936
-60 26.66666666667659 75.99999999985593
-60 26.666666666677 79.99999999987429
-59.99999999999999 26.66666666667745 83.99999999989376
-60 26.66666666667786 87.99999999991412
-60 26.6666666666782 91.99999999993513
-60 26.66666666667835 95.99999999995653
-60 26.66666666667815 99.9999999999782
-60.00000000000001 20.00000000002701 3.999999999986443
-60 20.00000000002577 7.999999999972975
-60.00000000000001 20.00000000002442 11.99999999995964
-60.00000000000001 20.0000000000231 15.99999999994651
-60 20.00000000002181 19.99999999993362
-60.00000000000001 20.00000000002064 23.99999999992107
-60 20.0000000000196 27.99999999990888
-59.99999999999999 20.00000000001869 31.99999999989712
-60 20.00000000001796 35.99999999988596
-60 20.00000000001736 39.99999999987575
-60 20.00000000001693 43.9999999998669
-60 20.00000000001666 47.9999999998599
-60 20.00000000001656 51.99999999985527
-60 20.00000000001662 55.99999999985342
-60 20.00000000001684 59.99999999985451
-60 20.00000000001722 63.99999999985857
-60.00000000000001 20.00000000001778 67.99999999986554
-60 20.00000000001851 71.999999999875
-60 20.00000000001938 75.99999999988661
-60.00000000000001 20.00000000002042 79.99999999989998
-59.99999999999999 20.00000000002159 83.99999999991473
-60 20.00000000002289 87.99999999993059
-60.00000000000001 20.00000000002426 91.99999999994726
-60.00000000000001 20.00000000002564 95.99999999996454
-60 20.00000000002694 99.99999999998218
-60.00000000000001 13.33333333337706 3.999999999987504
-60 13.33333333337353 7.999999999975124
-60 13.33333333337036 11.99999999996297
-60 13.33333333336755 15.99999999995113
-60.00000000000001 13.33333333336508 19.99999999993969
-60.00000000000001 13.33333333336297 23.99999999992876
-60 13.33333333336116 27.99999999991849
-60 13.33333333335966 31.99999999990897
-60.00000000000001 13.33333333335846 35.9999999999004
-60.00000000000001 13.33333333335753 39.99999999989301
-60 13.33333333335686 43.99999999988695
-59.99999999999999 13.33333333335646 47.9999999998825
-60 13.3333333333563 51.99999999987989
-60 13.33333333335639 55.99999999987922
-60 13.33333333335674 59.99999999988069
-60 13.33333333335734 63.99999999988424
-60 13.33333333335823 67.99999999988981
-60 13.3333333333594 71.99999999989724
-60 13.33333333336087 75.99999999990644
-60 13.33333333336266 79.99999999991712
-60 13.33333333336479 83.99999999992906
-60 13.33333333336727 87.99999999994205
-60 13.33333333337011 91.99999999995588
-60 13.33333333337334 95.99999999997026
-60 13.33333333337695 99.99999999998506
-60.00000000000001 6.666666666724231 3.999999999988207
-60 6.666666666718586 7.999999999976557
-59.99999999999999 6.666666666713606 11.99999999996518
-60 6.666666666709328 15.99999999995417
-60.00000000000001 6.666666666705714 19.99999999994366
-60 6.6666666667027 23.99999999993375
-60 6.666666666700212 27.99999999992458
-59.99999999999999 6.666666666698187 31.9999999999163
-59.99999999999999 6.666666666696586 35.99999999990902
-59.99999999999999 6.666666666695376 39.99999999990294
-60 6.666666666694518 43.99999999989817
-59.99999999999999 6.666666666693996 47.99999999989483
-60 6.666666666693801 51.99999999989307
-60 6.666666666693923 55.99999999989295
-60.00000000000001 6.666666666694367 59.99999999989456
-60 6.666666666695169 63.99999999989787
-59.99999999999999 6.666666666696321 67.99999999990285
-60 6.666666666697873 71.99999999990941
-60 6.666666666699855 75.99999999991741
-59.99999999999999 6.66666666670233 79.99999999992676
-60.00000000000001 6.666666666705357 83.99999999993722
-60 6.666666666708997 87.99999999994864
-60 6.66666666671332 91.99999999996083
-59.99999999999999 6.666666666718379 95.99999999997361
-60 6.666666666724124 99.99999999998668
-60.00000000000001 6.831351723618057e-11 3.999999999988462
-60.00000000000001 5.888955989519218e-11 7.999999999977084
-60 5.17665910138021e-11 11.99999999996598
-59.99999999999999 4.624034488642792e-11 15.99999999995527
-59.99999999999999 4.186118118809645e-11 19.99999999994507
-60.00000000000001 3.834088602161501e-11 23.99999999993551
-60.00000000000001 3.552980132326411e-11 27.99999999992672
-59.99999999999999 3.327738085090459e-11 31.99999999991883
-60 3.153655114829235e-11 35.99999999991196
-60 3.021050076768006e-11 39.99999999990625
-60 2.927968978383433e-11 43.99999999990184
-60 2.872457827152175e-11 47.99999999989881
-60 2.849454006081943e-11 51.99999999989731
-60.00000000000001 2.863131953745324e-11 55.99999999989734
-60 2.912692309564591e-11 59.99999999989899
-60 2.999105237659722e-11 63.99999999990226
-59.99999999999999 3.124720994772079e-11 67.99999999990706
-60.00000000000001 3.295852479823225e-11 71.9999999999133
-60 3.517008906328556e-11 75.99999999992099
-60 3.798028558321676e-11 79.9999999999299
-60 4.149391941155045e-11 83.99999999993992
-60 4.589750801642367e-11 87.99999999995083
-59.99999999999999 5.148510677617406e-11 91.99999999996245
-60 5.866295483568906e-11 95.99999999997468
-60 6.819078635089681e-11 99.99999999998724
-60 -6.6666666666118 3.999999999988242
-60.00000000000001 -6.666666666616656 7.999999999976634
-60 -6.666666666621105 11.99999999996528
-59.99999999999999 -6.666666666625013 15.99999999995431
-60 -6.666666666628378 19.99999999994382
-60.00000000000001 -6.666666666631222 23.99999999993394
-60.00000000000001 -6.666666666633589 27.99999999992479
-59.99999999999999 -6.666666666635525 31.99999999991653
-60.00000000000001 -6.666666666637041 35.99999999990929
-59.99999999999999 -6.666666666638219 39.9999999999032
-60 -6.666666666639061 43.99999999989844
-60 -6.666666666639578 47.9999999998951
-59.99999999999999 -6.666666666639762 51.99999999989333
-60 -6.666666666639636 55.99999999989324
-60 -6.666666666639193 59.99999999989484
-60 -6.666666666638426 63.99999999989813
-59.99999999999999 -6.666666666637298 67.99999999990308
-60.00000000000001 -6.666666666635797 71.9999999999096
-60 -6.666666666633908 75.99999999991761
-60 -6.666666666631556 79.99999999992691
-60 -6.666666666628695 83.99999999993736
-60 -6.666666666625309 87.99999999994878
-60 -6.66666666662136 91.99999999996092
-60 -6.66666666661685 95.99999999997362
-60 -6.66666666661191 99.99999999998673
-60 -13.33333333329239 3.999999999987562
-59.99999999999999 -13.3333333332952 7.999999999975251
-60 -13.33333333329786 11.99999999996315
-60 -13.33333333330029 15.99999999995136
-60.00000000000001 -13.33333333330251 19.99999999993998
-60.00000000000001 -13.33333333330445 23.99999999992911
-60 -13.33333333330612 27.99999999991887
-59.99999999999999 -13.33333333330752 31.99999999990939
-60 -13.33333333330865 35.99999999990085
-60 -13.33333333330952 39.99999999989345
-59.99999999999999 -13.33333333331017 43.99999999988741
-60.00000000000001 -13.33333333331057 47.999999999883
-60 -13.33333333331072 51.99999999988036
-60 -13.33333333331063 55.99999999987972
-60 -13.33333333331031 59.99999999988118
-60 -13.33333333330971 63.99999999988466
-60 -13.33333333330888 67.99999999989019
-60 -13.33333333330776 71.9999999998976
-59.99999999999999 -13.33333333330638 75.99999999990676
-59.99999999999999 -13.33333333330472 79.99999999991739
-59.99999999999999 -13.33333333330276 83.99999999992932
-60 -13.33333333330055 87.99999999994225
-60 -13.33333333329807 91.99999999995603
-60.00000000000001 -13.33333333329536 95.99999999997033
-60 -13.33333333329248 99.99999999998508
-60 -19.99999999997353 3.999999999986515
-60.00000000000001 -19.99999999997488 7.999999999973115
-60.00000000000001 -19.99999999997626 11.99999999995984
-60 -19.99999999997755 15.99999999994676
-60 -19.99999999997879 19.99999999993396
-59.99999999999999 -19.99999999997991 23.99999999992144
-60.00000000000001 -19.9999999999809 27.99999999990931
-60 -19.99999999998174 31.99999999989759
-60 -19.99999999998245 35.99999999988646
-60.00000000000001 -19.99999999998301 39.99999999987625
-60 -19.99999999998342 43.99999999986743
-60.00000000000001 -19.99999999998369 47.99999999986044
-60.00000000000001 -19.99999999998378 51.99999999985583
-60.00000000000001 -19.99999999998373 55.99999999985394
-60 -19.99999999998352 59.99999999985502
-60 -19.99999999998313 63.99999999985904
-59.99999999999999 -19.99999999998262 67.99999999986596
-60 -19.99999999998192 71.99999999987541
-60 -19.99999999998109 75.99999999988702
-60 -19.9999999999801 79.99999999990033
-60 -19.99999999997896 83.99999999991503
-60.00000000000001 -19.99999999997772 87.99999999993082
-60 -19.9999999999764 91.99999999994746
-60 -19.99999999997502 95.99999999996469
-59.99999999999999 -19.99999999997361 99.99999999998226
-60.00000000000001 -26.66666666665462 3.999999999985257
-60 -26.66666666665475 7.999999999970528
-59.99999999999999 -26.66666666665509 11.9999999999559
-60 -26.66666666665551 15.99999999994116
-60 -26.666666666656 19.99999999992672
-59.99999999999998 -26.66666666665644 23.99999999991238
-60.00000000000001 -26.66666666665689 27.9999999998979
-59.99999999999999 -26.66666666665727 31.99999999988293
-59.99999999999999 -26.66666666665759 35.99999999986699
-60.00000000000001 -26.66666666665784 39.9999999998511
-60.00000000000001 -26.66666666665805 43.99999999983616
-60 -26.66666666665817 47.99999999982325
-60 -26.66666666665823 51.9999999998138
-60.00000000000001 -26.66666666665821 55.99999999980959
-60 -26.66666666665812 59.99999999981
-59.99999999999999 -26.66666666665794 63.99999999981506
-60 -26.66666666665767 67.99999999982556
-60 -26.66666666665735 71.99999999983964
-59.99999999999999 -26.66666666665698 75.99999999985619
-59.99999999999999 -26.66666666665655 79.99999999987443
-60 -26.66666666665608 83.99999999989392
-60 -26.66666666665562 87.99999999991428
-60.00000000000001 -26.66666666665518 91.99999999993524
-60 -26.66666666665483 95.99999999995663
-60 -26.66666666665466 99.99999999997823
-40.00000000002436 -40 3.999999999985206
-40.00000000002782 -40 7.999999999970437
-40.00000000002906 -40 11.99999999995576
-40.00000000002908 -40.00000000000001 15.99999999994097
-40.00000000002849 -40 19.99999999992649
-40.00000000002765 -39.99999999999999 23.99999999991212
-40.00000000002672 -40 27.9999999998976
-40.00000000002582 -40 31.99999999988261
-40.00000000002502 -40 35.99999999986667
-40.00000000002439 -40.00000000000001 39.99999999985073
-40.00000000002389 -39.99999999999999 43.9999999998358
-40.00000000002358 -40 47.99999999982291
-40.00000000002345 -40 51.99999999981344
-40.0000000000235 -40 55.99999999980922
-40.00000000002375 -40 59.99999999980965
-40.00000000002419 -40 63.99999999981473
-40.00000000002478 -40 67.99999999982523
-40.00000000002553 -40 71.99999999983935
-40.0000000000264 -40 75.99999999985593
-40.00000000002733 -40 79.99999999987423
-40.0000000000282 -40 83.99999999989376
-40.0000000000288 -40 87.99999999991414
-40.00000000002878 -40 91.99999999993514
-40.00000000002763 -40 95.99999999995654
-40.00000000002425 -40 99.9999999999782
-30.00000000007536 -40.00000000000002 3.999999999986443
-30.00000000007032 -39.99999999999999 7.999999999972976
-30.00000000006589 -40 11.99999999995964
-30.00000000006195 -40 15.99999999994651
-30.00000000005843 -40.00000000000001 19.99999999993362
-30.00000000005534 -40 23.99999999992108
-30.00000000005265 -40 27.99999999990889
-30.00000000005037 -40 31.99999999989713
-30.00000000004849 -40 35.99999999988597
-30.00000000004702 -39.99999999999999 39.99999999987575
-30.00000000004595 -40 43.99999999986693
-30.00000000004528 -40 47.99999999985995
-30.00000000004502 -40 51.99999999985529
-30.00000000004515 -40 55.99999999985343
-30.00000000004567 -40 59.99999999985452
-30.00000000004664 -40 63.99999999985859
-30.00000000004801 -40 67.99999999986552
-30.00000000004981 -40 71.99999999987502
-30.00000000005206 -40 75.99999999988664
-30.00000000005472 -40.00000000000001 79.99999999989998
-30.00000000005784 -40 83.99999999991476
-30.0000000000614 -40 87.99999999993062
-30.00000000006541 -40 91.99999999994732
-30.00000000006997 -40 95.9999999999646
-30.00000000007516 -40 99.99999999998218
-20.00000000011953 -40 3.999999999987503
-20.00000000010818 -40 7.999999999975125
-20.00000000009893 -40 11.99999999996298
-20.00000000009123 -40 15.99999999995113
-20.00000000008478 -40.00000000000002 19.99999999993969
-20.00000000007935 -40 23.99999999992879
-20.00000000007483 -40.00000000000001 27.99999999991849
-20.00000000007111 -40 31.99999999990899
-20.00000000006811 -40.00000000000001 35.99999999990041
-20.00000000006579 -40 39.99999999989299
-20.00000000006414 -40 43.99999999988695
-20.00000000006312 -40 47.99999999988252
-20.00000000006273 -40.00000000000001 51.9999999998799
-20.00000000006294 -40 55.99999999987926
-20.00000000006379 -40 59.9999999998807
-20.00000000006528 -40 63.99999999988424
-20.00000000006745 -40 67.99999999988981
-20.00000000007036 -40 71.99999999989724
-20.00000000007401 -40 75.99999999990644
-20.00000000007851 -40 79.99999999991708
-20.00000000008395 -40 83.99999999992906
-20.00000000009049 -40 87.99999999994205
-20.00000000009828 -40 91.99999999995586
-20.00000000010771 -40 95.99999999997027
-20.00000000011926 -40.00000000000001 99.99999999998505
-10.00000000014336 -40 3.999999999988207
-10.00000000013133 -40.00000000000001 7.999999999976557
-10.00000000012062 -40 11.99999999996518
-10.00000000011121 -40 15.99999999995417
-10.00000000010309 -40 19.99999999994365
-10.00000000009615 -39.99999999999999 23.99999999993376
-10.00000000009032 -40.00000000000001 27.99999999992459
-10.00000000008549 -40 31.99999999991629
-10.00000000008164 -40 35.99999999990902
-10.00000000007866 -40.00000000000001 39.99999999990295
-10.00000000007654 -40 43.99999999989815
-10.00000000007523 -40 47.99999999989482
-10.00000000007473 -40 51.99999999989305
-10.00000000007503 -40 55.99999999989295
-10.00000000007613 -40 59.99999999989456
-10.00000000007808 -40 63.99999999989786
-10.00000000008089 -40 67.99999999990284
-10.00000000008463 -40 71.99999999990938
-10.00000000008937 -40 75.99999999991739
-10.00000000009518 -40 79.99999999992673
-10.00000000010213 -40 83.99999999993722
-10.00000000011035 -40 87.99999999994864
-10.00000000011987 -40 91.99999999996086
-10.00000000013076 -40 95.9999999999736
-10.00000000014306 -40 99.99999999998673
-1.587474596220773e-10 -40 3.999999999988463
-1.449320663482467e-10 -40.00000000000002 7.999999999977086
-1.324966802940253e-10 -39.99999999999998 11.99999999996598
-1.215849643187994e-10 -40 15.99999999995527
-1.121476245202757e-10 -40 19.99999999994507
-1.041212927842795e-10 -39.99999999999999 23.99999999993551
-9.739395614780316e-11 -40 27.99999999992672
-9.186832491318106e-11 -40.00000000000001 31.99999999991883
-8.745004720367433e-11 -40 35.99999999991196
-8.405993849709584e-11 -40 39.99999999990627
-8.165024212303251e-11 -40 43.99999999990185
-8.01776423031697e-11 -40 47.99999999989883
-7.960565540088282e-11 -40 51.99999999989731
-7.995382134140527e-11 -40 55.99999999989736
-8.122036376789765e-11 -40 59.999999999899
-8.343192803295096e-11 -40 63.99999999990224
-8.664713391226542e-11 -40 67.99999999990706
-9.09437311782732e-11 -40 71.99999999991334
-9.639933296057279e-11 -40 75.99999999992099
-1.030961982451117e-10 -40 79.99999999992986
-1.111324365865585e-10 -40 83.99999999993985
-1.206526161030734e-10 -40 87.9999999999508
-1.317204123552074e-10 -40 91.99999999996248
-1.44353862197022e-10 -40 95.99999999997466
-1.584329932204407e-10 -40 99.99999999998727
9.999999999832847 -40 3.999999999988242
9.999999999851477 -39.99999999999999 7.999999999976634
9.99999999986666 -40.00000000000001 11.99999999996529
9.999999999879186 -40 15.99999999995431
9.999999999889569 -40 19.99999999994382
9.999999999898161 -40 23.99999999993396
9.999999999905221 -40.00000000000001 27.99999999992481
9.99999999991093 -40.00000000000001 31.99999999991654
9.999999999915467 -40 35.99999999990927
9.999999999918931 -39.99999999999999 39.9999999999032
9.999999999921371 -39.99999999999999 43.99999999989841
9.999999999922853 -39.99999999999999 47.9999999998951
9.999999999923423 -40 51.99999999989338
9.999999999923064 -40 55.99999999989324
9.999999999921762 -40 59.99999999989483
9.999999999919511 -40 63.99999999989812
9.999999999916213 -40 67.99999999990311
9.999999999911795 -40 71.99999999990962
9.999999999906155 -40 75.99999999991759
9.999999999899126 -40 79.9999999999269
9.99999999989052 -40 83.99999999993736
9.999999999880078 -40 87.99999999994876
9.999999999867409 -40 91.99999999996089
9.999999999852029 -40 95.99999999997364
9.99999999983315 -40 99.99999999998673
19.99999999985625 -40 3.999999999987565
19.99999999987176 -40 7.999999999975254
19.99999999988473 -40 11.99999999996315
19.99999999989556 -39.99999999999998 15.99999999995137
19.99999999990458 -40.00000000000001 19.99999999993999
19.99999999991212 -40 23.99999999992912
19.99999999991833 -40 27.99999999991889
19.99999999992335 -40.00000000000001 31.99999999990941
19.99999999992733 -40 35.99999999990084
19.99999999993037 -40 39.99999999989345
19.9999999999325 -40 43.99999999988742
19.99999999993382 -40 47.99999999988299
19.99999999993432 -40.00000000000001 51.99999999988037
19.99999999993399 -40 55.99999999987972
19.99999999993285 -40 59.99999999988115
19.99999999993085 -40 63.99999999988466
19.99999999992794 -40 67.99999999989021
19.99999999992406 -40 71.99999999989763
19.9999999999191 -40 75.99999999990676
19.99999999991293 -40 79.99999999991741
19.99999999990538 -40 83.99999999992932
19.99999999989629 -40 87.99999999994223
19.99999999988535 -40 91.99999999995597
19.99999999987224 -40 95.99999999997033
19.99999999985652 -40 99.99999999998508
29.99999999990108 -40.00000000000001 3.999999999986518
29.99999999990987 -39.99999999999999 7.999999999973115
29.99999999991783 -39.99999999999999 11.99999999995985
29.99999999992484 -40.00000000000001 15.99999999994677
29.99999999993092 -39.99999999999999 19.99999999993396
29.99999999993612 -40 23.99999999992145
29.99999999994051 -40.00000000000001 27.99999999990931
29.99999999994409 -40 31.99999999989759
29.99999999994696 -40 35.99999999988645
29.99999999994915 -40 39.99999999987627
29.99999999995072 -40 43.99999999986743
29.99999999995168 -39.99999999999999 47.99999999986045
29.99999999995204 -40.00000000000001 51.99999999985585
29.99999999995181 -40 55.99999999985393
29.99999999995097 -40 59.99999999985501
29.99999999994951 -40 63.99999999985904
29.99999999994743 -40 67.99999999986595
29.99999999994458 -40 71.9999999998754
29.99999999994105 -40 75.99999999988697
29.99999999993671 -40 79.9999999999003
29.99999999993148 -40 83.999999999915
29.99999999992535 -40 87.99999999993082
29.99999999991828 -40 91.99999999994748
29.99999999991021 -40 95.9999999999647
29.99999999990128 -40 99.99999999998221
39.99999999994998 -39.99999999999999 3.999999999985257
39.99999999995397 -40.00000000000001 7.999999999970528
39.99999999995767 -40.00000000000001 11.9999999999559
39.99999999996101 -40 15.99999999994116
39.99999999996399 -40 19.99999999992672
39.9999999999666 -40.00000000000001 23.99999999991238
39.99999999996879 -40 27.9999999998979
39.99999999997064 -39.99999999999999 31.99999999988293
39.99999999997212 -40 35.999999999867
39.99999999997327 -40 39.99999999985109
39.99999999997406 -39.99999999999999 43.99999999983616
39.99999999997457 -40.00000000000001 47.99999999982328
39.99999999997473 -40 51.9999999998138
39.99999999997464 -40.00000000000001 55.99999999980962
39.9999999999742 -40 59.99999999981
39.99999999997343 -40.00000000000001 63.99999999981507
39.99999999997231 -39.99999999999999 67.99999999982553
39.99999999997089 -40 71.9999999998396
39.99999999996907 -39.99999999999999 75.99999999985617
39.99999999996687 -40 79.99999999987446
39.99999999996427 -40 83.99999999989396
39.99999999996127 -40 87.99999999991429
39.99999999995788 -40 91.99999999993524
39.99999999995411 -40 95.99999999995664
39.99999999995008 -40 99.99999999997826
60.00000000000001 -26.66666666667819 3.999999999985207
60 -26.66666666667841 7.999999999970435
60 -26.66666666667829 11.99999999995576
60 -26.66666666667797 15.99999999994097
60 -26.66666666667756 19.99999999992649
60 -26.66666666667712 23.99999999991212
60 -26.66666666667669 27.9999999998976
59.99999999999999 -26.6666666666763 31.99999999988261
60 -26.66666666667597 35.99999999986667
60 -26.66666666667571 39.99999999985073
60 -26.6666666666755 43.99999999983579
60.00000000000001 -26.66666666667538 47.99999999982289
60 -26.66666666667533 51.9999999998134
60.00000000000001 -26.66666666667535 55.99999999980921
60 -26.66666666667545 59.99999999980963
60.00000000000001 -26.66666666667563 63.99999999981473
60 -26.66666666667588 67.99999999982523
59.99999999999999 -26.6666666666762 71.99999999983936
60 -26.66666666667659 75.99999999985593
60 -26.666666666677 79.99999999987429
59.99999999999999 -26.66666666667745 83.99999999989376
60 -26.66666666667786 87.99999999991412
60 -26.6666666666782 91.99999999993513
60 -26.66666666667835 95.99999999995653
60 -26.66666666667815 99.9999999999782
60.00000000000001 -20.00000000002701 3.999999999986443
60 -20.00000000002577 7.999999999972975
60.00000000000001 -20.00000000002442 11.99999999995964
60.00000000000001 -20.0000000000231 15.99999999994651
60 -20.00000000002181 19.99999999993362
60.00000000000001 -20.00000000002064 23.99999999992107
60 -20.0000000000196 27.99999999990888
59.99999999999999 -20.00000000001869 31.99999999989712
60 -20.00000000001796 35.99999999988596
60 -20.00000000001736 39.99999999987575
60 -20.00000000001693 43.9999999998669
60 -20.00000000001666 47.9999999998599
60 -20.00000000001656 51.99999999985527
60 -20.00000000001662 55.99999999985342
60 -20.00000000001684 59.99999999985451
60 -20.00000000001722 63.99999999985857
60.00000000000001 -20.00000000001778 67.99999999986554
60 -20.00000000001851 71.999999999875
60 -20.00000000001938 75.99999999988661
60.00000000000001 -20.00000000002042 79.99999999989998
59.99999999999999 -20.00000000002159 83.99999999991473
60 -20.00000000002289 87.99999999993059
60.00000000000001 -20.00000000002426 91.99999999994726
60.00000000000001 -20.00000000002564 95.99999999996454
60 -20.00000000002694 99.99999999998218
60.00000000000001 -13.33333333337706 3.999999999987504
60 -13.33333333337353 7.999999999975124
60 -13.33333333337036 11.99999999996297
60 -13.33333333336755 15.99999999995113
60.00000000000001 -13.33333333336508 19.99999999993969
60.00000000000001 -13.33333333336297 23.99999999992876
60 -13.33333333336116 27.99999999991849
60 -13.33333333335966 31.99999999990897
60.00000000000001 -13.33333333335846 35.9999999999004
60.00000000000001 -13.33333333335753 39.99999999989301
60 -13.33333333335686 43.99999999988695
59.99999999999999 -13.33333333335646 47.9999999998825
60 -13.3333333333563 51.99999999987989
60 -13.33333333335639 55.99999999987922
60 -13.33333333335674 59.99999999988069
60 -13.33333333335734 63.99999999988424
60 -13.33333333335823 67.99999999988981
60 -13.3333333333594 71.99999999989724
60 -13.33333333336087 75.99999999990644
60 -13.33333333336266 79.99999999991712
60 -13.33333333336479 83.99999999992906
60 -13.33333333336727 87.99999999994205
60 -13.33333333337011 91.99999999995588
60 -13.33333333337334 95.99999999997026
60 -13.33333333337695 99.99999999998506
60.00000000000001 -6.666666666724231 3.999999999988207
60 -6.666666666718586 7.999999999976557
59.99999999999999 -6.666666666713606 11.99999999996518
60 -6.666666666709328 15.99999999995417
60.00000000000001 -6.666666666705714 19.99999999994366
60 -6.6666666667027 23.99999999993375
60 -6.666666666700212 27.99999999992458
59.99999999999999 -6.666666666698187 31.9999999999163
59.99999999999999 -6.666666666696586 35.99999999990902
59.99999999999999 -6.666666666695376 39.99999999990294
60 -6.666666666694518 43.99999999989817
59.99999999999999 -6.666666666693996 47.99999999989483
60 -6.666666666693801 51.99999999989307
60 -6.666666666693923 55.99999999989295
60.00000000000001 -6.666666666694367 59.99999999989456
60 -6.666666666695169 63.99999999989787
59.99999999999999 -6.666666666696321 67.99999999990285
60 -6.666666666697873 71.99999999990941
60 -6.666666666699855 75.99999999991741
59.99999999999999 -6.66666666670233 79.99999999992676
60.00000000000001 -6.666666666705357 83.99999999993722
60 -6.666666666708997 87.99999999994864
60 -6.66666666671332 91.99999999996083
59.99999999999999 -6.666666666718379 95.99999999997361
60 -6.666666666724124 99.99999999998668
60.00000000000001 -6.831351723618057e-11 3.999999999988462
60.00000000000001 -5.888955989519218e-11 7.999999999977084
60 -5.17665910138021e-11 11.99999999996598
59.99999999999999 -4.624034488642792e-11 15.99999999995527
59.99999999999999 -4.186118118809645e-11 19.99999999994507
60.00000000000001 -3.834088602161501e-11 23.99999999993551
60.00000000000001 -3.552980132326411e-11 27.99999999992672
59.99999999999999 -3.327738085090459e-11 31.99999999991883
60 -3.153655114829235e-11 35.99999999991196
60 -3.021050076768006e-11 39.99999999990625
60 -2.927968978383433e-11 43.99999999990184
60 -2.872457827152175e-11 47.99999999989881
60 -2.849454006081943e-11 51.99999999989731
60.00000000000001 -2.863131953745324e-11 55.99999999989734
60 -2.912692309564591e-11 59.99999999989899
60 -2.999105237659722e-11 63.99999999990226
59.99999999999999 -3.124720994772079e-11 67.99999999990706
60.00000000000001 -3.295852479823225e-11 71.9999999999133
60 -3.517008906328556e-11 75.99999999992099
60 -3.798028558321676e-11 79.9999999999299
60 -4.149391941155045e-11 83.99999999993992
60 -4.589750801642367e-11 87.99999999995083
59.99999999999999 -5.148510677617406e-11 91.99999999996245
60 -5.866295483568906e-11 95.99999999997468
60 -6.819078635089681e-11 99.99999999998724
60 6.6666666666118 3.999999999988242
60.00000000000001 6.666666666616656 7.999999999976634
60 6.666666666621105 11.99999999996528
59.99999999999999 6.666666666625013 15.99999999995431
60 6.666666666628378 19.99999999994382
60.00000000000001 6.666666666631222 23.99999999993394
60.00000000000001 6.666666666633589 27.99999999992479
59.99999999999999 6.666666666635525 31.99999999991653
60.00000000000001 6.666666666637041 35.99999999990929
59.99999999999999 6.666666666638219 39.9999999999032
60 6.666666666639061 43.99999999989844
60 6.666666666639578 47.9999999998951
59.99999999999999 6.666666666639762 51.99999999989333
60 6.666666666639636 55.99999999989324
60 6.666666666639193 59.99999999989484
60 6.666666666638426 63.99999999989813
59.99999999999999 6.666666666637298 67.99999999990308
60.00000000000001 6.666666666635797 71.9999999999096
60 6.666666666633908 75.99999999991761
60 6.666666666631556 79.99999999992691
60 6.666666666628695 83.99999999993736
60 6.666666666625309 87.99999999994878
60 6.66666666662136 91.99999999996092
60 6.66666666661685 95.99999999997362
60 6.66666666661191 99.99999999998673
60 13.33333333329239 3.999999999987562
59.99999999999999 13.3333333332952 7.999999999975251
60 13.33333333329786 11.99999999996315
60 13.33333333330029 15.99999999995136
60.00000000000001 13.33333333330251 19.99999999993998
60.00000000000001 13.33333333330445 23.99999999992911
60 13.33333333330612 27.99999999991887
59.99999999999999 13.33333333330752 31.99999999990939
60 13.33333333330865 35.99999999990085
60 13.33333333330952 39.99999999989345
59.99999999999999 13.33333333331017 43.99999999988741
60.00000000000001 13.33333333331057 47.999999999883
60 13.33333333331072 51.99999999988036
60 13.33333333331063 55.99999999987972
60 13.33333333331031 59.99999999988118
60 13.33333333330971 63.99999999988466
60 13.33333333330888 67.99999999989019
60 13.33333333330776 71.9999999998976
59.99999999999999 13.33333333330638 75.99999999990676
59.99999999999999 13.33333333330472 79.99999999991739
59.99999999999999 13.33333333330276 83.99999999992932
60 13.33333333330055 87.99999999994225
60 13.33333333329807 91.99999999995603
60.00000000000001 13.33333333329536 95.99999999997033
60 13.33333333329248 99.99999999998508
60 19.99999999997353 3.999999999986515
60.00000000000001 19.99999999997488 7.999999999973115
60.00000000000001 19.99999999997626 11.99999999995984
60 19.99999999997755 15.99999999994676
60 19.99999999997879 19.99999999993396
59.99999999999999 19.99999999997991 23.99999999992144
60.00000000000001 19.9999999999809 27.99999999990931
60 19.99999999998174 31.99999999989759
60 19.99999999998245 35.99999999988646
60.00000000000001 19.99999999998301 39.99999999987625
60 19.99999999998342 43.99999999986743
60.00000000000001 19.99999999998369 47.99999999986044
60.00000000000001 19.99999999998378 51.99999999985583
60.00000000000001 19.99999999998373 55.99999999985394
60 19.99999999998352 59.99999999985502
60 19.99999999998313 63.99999999985904
59.99999999999999 19.99999999998262 67.99999999986596
60 19.99999999998192 71.99999999987541
60 19.99999999998109 75.99999999988702
60 19.9999999999801 79.99999999990033
60 19.99999999997896 83.99999999991503
60.00000000000001 19.99999999997772 87.99999999993082
60 19.9999999999764 91.99999999994746
60 19.99999999997502 95.99999999996469
59.99999999999999 19.99999999997361 99.99999999998226
60.00000000000001 26.66666666665462 3.999999999985257
60 26.66666666665475 7.999999999970528
59.99999999999999 26.66666666665509 11.9999999999559
60 26.66666666665551 15.99999999994116
60 26.666666666656 19.99999999992672
59.99999999999998 26.66666666665644 23.99999999991238
60.00000000000001 26.66666666665689 27.9999999998979
59.99999999999999 26.66666666665727 31.99999999988293
59.99999999999999 26.66666666665759 35.99999999986699
60.00000000000001 26.66666666665784 39.9999999998511
60.00000000000001 26.66666666665805 43.99999999983616
60 26.66666666665817 47.99999999982325
60 26.66666666665823 51.9999999998138
60.00000000000001 26.66666666665821 55.99999999980959
60 26.66666666665812 59.99999999981
59.99999999999999 26.66666666665794 63.99999999981506
60 26.66666666665767 67.99999999982556
60 26.66666666665735 71.99999999983964
59.99999999999999 26.66666666665698 75.99999999985619
59.99999999999999 26.66666666665655 79.99999999987443
60 26.66666666665608 83.99999999989392
60 26.66666666665562 87.99999999991428
60.00000000000001 26.66666666665518 91.99999999993524
60 26.66666666665483 95.99999999995663
60 26.66666666665466 99.99999999997823
40.00000000002384 40 236
40.00000000002765 40.00000000000001 231.9999999999999
40.00000000002957 40 227.9999999999999
40.00000000003035 40 223.9999999999999
40.00000000003045 40 219.9999999999999
40.00000000003014 40 215.9999999999999
40.00000000002964 40 211.9999999999999
40.00000000002907 40 207.9999999999999
40.00000000002846 40 203.9999999999999
40.0000000000279 40 199.9999999999999
40.00000000002738 40 195.9999999999999
40.00000000002694 40 191.9999999999999
40.0000000000266 40.00000000000001 187.9999999999999
40.00000000002636 40 183.9999999999999
40.00000000002621 40 179.9999999999999
40.00000000002616 40 175.9999999999999
40.00000000002621 40 171.9999999999999
40.00000000002639 40.00000000000001 167.9999999999999
40.00000000002665 40 163.9999999999999
40.00000000002701 40 159.9999999999999
40.00000000002747 40 155.9999999999999
40.000000000028 40 152
40.00000000002856 39.99999999999999 147.9999999999999
40.00000000002913 40 143.9999999999999
40.00000000002964 40 139.9999999999999
40.00000000002995 40 135.9999999999999
40.00000000002989 40 132
40.00000000002921 39.99999999999999 128
40.00000000002736 40.00000000000001 124
40.00000000002368 40.00000000000001 120
30.00000000007682 40 235.9999999999999
30.00000000007299 40 231.9999999999999
30.00000000006963 40 228
30.00000000006664 40 223.9999999999999
30.00000000006392 40 219.9999999999999
30.00000000006146 40 215.9999999999998
30.00000000005926 40 211.9999999999998
30.00000000005731 39.99999999999999 207.9999999999999
30.00000000005561 40.00000000000001 203.9999999999999
30.00000000005415 40 199.9999999999998
30.00000000005291 40 195.9999999999998
30.0000000000519 40 191.9999999999998
30.00000000005112 40 187.9999999999998
30.00000000005058 39.99999999999999 183.9999999999998
30.00000000005026 40 179.9999999999999
30.00000000005019 40 175.9999999999998
30.00000000005032 40 171.9999999999998
30.0000000000507 40 167.9999999999999
30.00000000005133 40 163.9999999999999
30.0000000000522 39.99999999999999 159.9999999999999
30.00000000005333 40 155.9999999999999
30.0000000000547 40 151.9999999999999
30.00000000005637 40.00000000000001 147.9999999999999
30.00000000005831 40 144
30.00000000006051 40 139.9999999999999
30.00000000006303 40.00000000000001 136
30.00000000006584 39.99999999999998 131.9999999999999
30.00000000006897 39.99999999999999 128
30.00000000007251 40.00000000000001 124
30.00000000007656 40 120
20.0000000001224 40 236.0000000000001
20.00000000011314 40 231.9999999999999
20.00000000010549 40 227.9999999999999
20.00000000009907 40 223.9999999999999
20.00000000009361 40 219.9999999999998
20.00000000008894 40 215.9999999999998
20.00000000008492 40 211.9999999999998
20.0000000000815 40 207.9999999999999
20.0000000000786 39.99999999999999 203.9999999999998
20.00000000007616 40 199.9999999999998
20.00000000007416 40 195.9999999999997
20.00000000007254 40 191.9999999999998
20.00000000007132 40 187.9999999999998
20.00000000007048 40 183.9999999999998
20.00000000006999 40 179.9999999999998
20.00000000006987 40 175.9999999999998
20.00000000007012 40 171.9999999999998
20.00000000007074 40 167.9999999999998
20.00000000007175 40 163.9999999999998
20.00000000007318 40 159.9999999999999
20.00000000007502 40 155.9999999999999
20.00000000007735 40 151.9999999999999
20.00000000008018 40.00000000000001 147.9999999999999
20.00000000008358 40.00000000000001 143.9999999999999
20.0000000000876 39.99999999999999 139.9999999999999
20.00000000009235 40 135.9999999999999
20.00000000009794 39.99999999999999 131.9999999999999
20.00000000010456 40.00000000000001 127.9999999999999
20.00000000011247 40.00000000000002 124
20.00000000012203 39.99999999999999 120
10.0000000001464 40 236
10.00000000013696 40 231.9999999999999
10.00000000012841 40 227.9999999999999
10.00000000012076 40 223.9999999999999
10.00000000011397 40 219.9999999999999
10.00000000010801 40 215.9999999999998
10.00000000010284 40 211.9999999999998
10.00000000009836 40 207.9999999999998
10.00000000009456 40 203.9999999999998
10.00000000009136 40 199.9999999999998
10.00000000008875 40 195.9999999999998
10.00000000008664 40 191.9999999999998
10.00000000008506 40 187.9999999999998
10.00000000008397 40 183.9999999999998
10.00000000008334 40 179.9999999999998
10.00000000008321 40 175.9999999999998
10.00000000008355 40 171.9999999999998
10.00000000008436 40 167.9999999999998
10.0000000000857 39.99999999999999 163.9999999999998
10.00000000008758 40 159.9999999999999
10.00000000009002 40 155.9999999999999
10.00000000009308 40.00000000000001 151.9999999999999
10.00000000009679 40 148
10.00000000010122 40 143.9999999999999
10.00000000010643 40.00000000000001 139.9999999999999
10.00000000011246 40 135.9999999999999
10.00000000011941 39.99999999999999 131.9999999999999
10.0000000001273 40 128
10.00000000013615 40.00000000000001 124
10.00000000014595 39.99999999999999 120
1.620856853752494e-10 40 235.9999999999999
1.512598791739419e-10 40 231.9999999999999
1.412807648648595e-10 40 227.9999999999999
1.323163514239094e-10 40 223.9999999999999
1.243449787580175e-10 40 219.9999999999998
1.173567909518169e-10 40 215.9999999999999
1.112780978473893e-10 40 211.9999999999998
1.060911358763406e-10 40 207.9999999999998
1.016680073462339e-10 40 203.9999999999998
9.796963240660261e-11 40 199.9999999999998
9.493916763858579e-11 40 195.9999999999998
9.254544084474368e-11 40 191.9999999999998
9.073573433822952e-11 40.00000000000001 187.9999999999998
8.948752849846642e-11 40 183.9999999999998
8.877698576270632e-11 40 179.9999999999998
8.862433367818498e-11 40 175.9999999999998
8.901289741134539e-11 39.99999999999999 171.9999999999997
8.996536848826509e-11 40 167.9999999999998
9.15232334364191e-11 39.99999999999999 163.9999999999998
9.367898571561515e-11 40 159.9999999999999
9.652316222282906e-11 40 155.9999999999998
1.000743287521243e-10 40.00000000000001 151.9999999999999
1.044036541807439e-10 39.99999999999999 147.9999999999999
1.095648016757877e-10 40 143.9999999999999
1.156612583486094e-10 40 139.9999999999999
1.227640211709513e-10 39.99999999999999 135.9999999999999
1.308801955701711e-10 39.99999999999999 131.9999999999999
1.401232248511978e-10 40 127.9999999999999
1.503968061200567e-10 40.00000000000002 124
1.616319300623559e-10 39.99999999999999 120
-9.999999999828489 40 235.9999999999999
-9.999999999843983 40 231.9999999999999
-9.999999999856886 40 227.9999999999999
-9.9999999998677 40 223.9999999999999
-9.999999999876845 40 219.9999999999998
-9.999999999884604 40 215.9999999999998
-9.999999999891152 40 211.9999999999998
-9.999999999896694 40 207.9999999999998
-9.999999999901338 40 203.9999999999998
-9.999999999905173 40 199.9999999999998
-9.999999999908304 40 195.9999999999998
-9.99999999991077 40 191.9999999999998
-9.999999999912609 40 187.9999999999998
-9.999999999913875 40 183.9999999999998
-9.999999999914602 40 179.9999999999998
-9.999999999914742 40 175.9999999999998
-9.999999999914346 40.00000000000001 171.9999999999999
-9.999999999913339 40.00000000000001 167.9999999999998
-9.999999999911761 39.99999999999999 163.9999999999998
-9.999999999909514 40.00000000000001 159.9999999999998
-9.999999999906592 40 155.9999999999998
-9.999999999902879 40.00000000000001 151.9999999999999
-9.999999999898336 40 147.9999999999999
-9.999999999892816 40 143.9999999999999
-9.999999999886219 40 139.9999999999999
-9.999999999878369 40 135.9999999999999
-9.999999999869065 40 131.9999999999999
-9.99999999985801 39.99999999999999 128
-9.999999999844825 40.00000000000001 124
-9.999999999828944 40 120
-19.99999999985261 40 235.9999999999999
-19.99999999986542 40 231.9999999999999
-19.99999999987628 40 227.9999999999999
-19.99999999988559 40 223.9999999999999
-19.99999999989354 40 219.9999999999999
-19.99999999990032 40 215.9999999999998
-19.99999999990607 40 211.9999999999998
-19.99999999991092 40 207.9999999999998
-19.99999999991504 40 203.9999999999998
-19.99999999991839 40 199.9999999999998
-19.99999999992115 40 195.9999999999997
-19.99999999992336 40 191.9999999999998
-19.99999999992498 40.00000000000001 187.9999999999998
-19.99999999992611 39.99999999999999 183.9999999999998
-19.99999999992673 39.99999999999999 179.9999999999998
-19.99999999992686 40.00000000000001 175.9999999999998
-19.99999999992649 40 171.9999999999998
-19.9999999999256 40 167.9999999999998
-19.99999999992421 40 163.9999999999999
-19.99999999992222 39.99999999999999 159.9999999999999
-19.99999999991962 40 155.9999999999999
-19.99999999991636 40.00000000000001 151.9999999999999
-19.99999999991233 40 147.9999999999999
-19.99999999990749 40 143.9999999999999
-19.99999999990169 40 139.9999999999999
-19.99999999989485 39.99999999999999 136
-19.99999999988678 39.99999999999999 131.9999999999999
-19.99999999987729 39.99999999999999 128
-19.99999999986613 40.00000000000001 124
-19.99999999985303 40 120
-29.99999999989898 40 236
-29.9999999999059 39.99999999999999 231.9999999999999
-29.9999999999123 40 228
-29.99999999991806 40 223.9999999999999
-29.9999999999232 40 219.9999999999999
-29.99999999992776 40 215.9999999999998
-29.99999999993167 40 211.9999999999998
-29.99999999993513 40 207.9999999999998
-29.99999999993802 40 203.9999999999998
-29.99999999994046 40.00000000000001 199.9999999999998
-29.99999999994244 40 195.9999999999998
-29.99999999994401 40 191.9999999999998
-29.99999999994522 40 187.9999999999998
-29.99999999994601 39.99999999999999 183.9999999999998
-29.99999999994645 39.99999999999999 179.9999999999998
-29.99999999994655 40 175.9999999999998
-29.99999999994627 40 171.9999999999998
-29.99999999994564 40 167.9999999999998
-29.99999999994462 40 163.9999999999999
-29.99999999994319 39.99999999999999 159.9999999999999
-29.99999999994135 40 155.9999999999999
-29.999999999939 40.00000000000001 151.9999999999999
-29.99999999993615 40 147.9999999999999
-29.99999999993275 40.00000000000001 143.9999999999999
-29.99999999992878 40 139.9999999999999
-29.99999999992417 40.00000000000001 135.9999999999999
-29.99999999991892 39.99999999999999 131.9999999999999
-29.99999999991297 40 128
-29.9999999999064 40.00000000000001 124
-29.99999999989923 40 120
-39.99999999994899 40 236
-39.99999999995206 40 231.9999999999999
-39.99999999995494 40 227.9999999999999
-39.99999999995761 40 223.9999999999999
-39.99999999996005 40 219.9999999999999
-39.99999999996228 40 215.9999999999999
-39.99999999996425 40 211.9999999999998
-39.99999999996593 40 207.9999999999999
-39.99999999996743 40 203.9999999999999
-39.99999999996867 40 199.9999999999999
-39.99999999996968 40 195.9999999999999
-39.9999999999705 40 191.9999999999999
-39.99999999997112 39.99999999999999 187.9999999999999
-39.99999999997154 40 183.9999999999999
-39.99999999997176 40 179.9999999999999
-39.99999999997181 40 175.9999999999999
-39.99999999997168 40 171.9999999999999
-39.99999999997135 40.00000000000001 167.9999999999999
-39.99999999997079 40.00000000000001 163.9999999999999
-39.99999999997009 40 159.9999999999999
-39.99999999996913 40 155.9999999999999
-39.99999999996793 40 152
-39.99999999996648 39.99999999999998 147.9999999999999
-39.9999999999648 39.99999999999999 143.9999999999999
-39.99999999996282 40 139.9999999999999
-39.99999999996058 40 136
-39.99999999995808 40 131.9999999999999
-39.99999999995531 39.99999999999999 128
-39.99999999995231 40 124
-39.99999999994914 40 120
-60 26.66666666667822 236
-60 26.66666666667862 231.9999999999999
-60.00000000000001 26.66666666667873 227.9999999999999
-59.99999999999999 26.66666666667864 223.9999999999998
-60 26.66666666667844 219.9999999999999
-60.00000000000001 26.66666666667818 215.9999999999999
-60 26.66666666667789 211.9999999999999
-60 26.66666666667761 207.9999999999999
-60 26.66666666667733 203.9999999999999
-60 26.66666666667708 199.9999999999999
-60 26.66666666667686 195.9999999999999
-60 26.66666666667667 191.9999999999999
-60 26.66666666667653 187.9999999999999
-60 26.66666666667643 183.9999999999999
-60 26.66666666667637 179.9999999999999
-59.99999999999999 26.66666666667635 175.9999999999999
-60.00000000000001 26.66666666667638 171.9999999999999
-60 26.66666666667645 167.9999999999999
-60 26.66666666667656 163.9999999999999
-60 26.66666666667673 159.9999999999999
-60 26.66666666667692 155.9999999999999
-60.00000000000001 26.66666666667715 152
-59.99999999999999 26.66666666667741 148
-59.99999999999998 26.6666666666777 143.9999999999999
-60.00000000000001 26.66666666667799 139.9999999999999
-60 26.66666666667826 136
-60.00000000000001 26.66666666667847 132
-60 26.66666666667859 128
-59.99999999999999 26.66666666667854 124
-59.99999999999999 26.66666666667817 120
-60 20.00000000002742 235.9999999999999
-60 20.00000000002662 231.9999999999999
-60 20.00000000002571 227.9999999999999
-60 20.00000000002479 223.9999999999998
-60 20.00000000002385 219.9999999999998
-59.99999999999999 20.00000000002297 215.9999999999998
-60 20.00000000002213 211.9999999999998
-59.99999999999999 20.00000000002138 207.9999999999998
-60 20.0000000000207 203.9999999999998
-60 20.0000000000201 199.9999999999998
-60 20.00000000001961 195.9999999999998
-60 20.00000000001921 191.9999999999998
-60 20.00000000001889 187.9999999999998
-60 20.00000000001867 183.9999999999998
-60 20.00000000001855 179.9999999999998
-60.00000000000001 20.00000000001851 175.9999999999998
-60 20.00000000001857 171.9999999999999
-60 20.00000000001873 167.9999999999998
-60 20.00000000001898 163.9999999999998
-60.00000000000001 20.00000000001934 159.9999999999999
-60.00000000000001 20.0000000000198 155.9999999999999
-59.99999999999999 20.00000000002036 151.9999999999999
-60.00000000000001 20.00000000002101 147.9999999999999
-60 20.00000000002176 143.9999999999999
-60.00000000000001 20.0000000000226 139.9999999999999
-59.99999999999998 20.0000000000235 135.9999999999999
-60.00000000000001 20.00000000002448 131.9999999999999
-59.99999999999999 20.00000000002547 128
-60 20.00000000002644 124
-60.00000000000001 20.00000000002732 120
-59.99999999999999 13.33333333337795 235.9999999999999
-60 13.33333333337521 231.9999999999999
-60.00000000000001 13.33333333337271 227.9999999999999
-60 13.33333333337046 223.9999999999999
-60 13.33333333336843 219.9999999999999
-59.99999999999999 13.33333333336664 215.9999999999998
-59.99999999999999 13.33333333336507 211.9999999999998
-60 13.33333333336369 207.9999999999998
-60 13.33333333336252 203.9999999999998
-60 13.33333333336152 199.9999999999999
-60 13.3333333333607 195.9999999999998
-59.99999999999999 13.33333333336006 191.9999999999998
-60 13.33333333335955 187.9999999999998
-59.99999999999999 13.3333333333592 183.9999999999997
-60 13.333333333359 179.9999999999998
-60.00000000000001 13.33333333335896 175.9999999999997
-60 13.33333333335907 171.9999999999999
-60.00000000000001 13.33333333335932 167.9999999999999
-59.99999999999999 13.33333333335976 163.9999999999998
-60.00000000000001 13.33333333336034 159.9999999999998
-60 13.3333333333611 155.9999999999998
-60.00000000000001 13.33333333336205 151.9999999999999
-60 13.3333333333632 147.9999999999999
-60 13.33333333336456 143.9999999999999
-60.00000000000002 13.33333333336613 139.9999999999999
-59.99999999999999 13.33333333336797 135.9999999999999
-60.00000000000001 13.33333333337004 131.9999999999999
-59.99999999999999 13.33333333337236 127.9999999999999
-60 13.33333333337496 124
-59.99999999999998 13.33333333337783 120
-60 6.666666666725536 236
-60 6.666666666721026 231.9999999999999
-60 6.666666666716933 228
-60 6.666666666713335 223.9999999999999
-60 6.666666666710192 219.9999999999998
-60 6.666666666707497 215.9999999999998
-60 6.666666666705199 211.9999999999997
-60.00000000000001 6.66666666670325 207.9999999999998
-60 6.66666666670162 203.9999999999998
-60 6.666666666700275 199.9999999999998
-60 6.666666666699176 195.9999999999997
-60 6.666666666698323 191.9999999999998
-60 6.66666666669767 187.9999999999998
-60 6.666666666697222 183.9999999999998
-60 6.666666666696979 179.9999999999998
-59.99999999999999 6.666666666696917 175.9999999999998
-59.99999999999999 6.666666666697064 171.9999999999998
-60 6.666666666697412 167.9999999999998
-60 6.666666666697968 163.9999999999998
-59.99999999999999 6.666666666698754 159.9999999999999
-59.99999999999999 6.666666666699771 155.9999999999999
-60 6.666666666701072 151.9999999999999
-59.99999999999999 6.666666666702675 147.9999999999999
-59.99999999999999 6.666666666704613 143.9999999999999
-59.99999999999999 6.66666666670692 139.9999999999999
-60 6.666666666709651 135.9999999999999
-60.00000000000001 6.666666666712848 131.9999999999999
-59.99999999999999 6.666666666716537 127.9999999999999
-60 6.666666666720729 124
-59.99999999999999 6.666666666725391 120
-60 7.046452310532914e-11 235.9999999999999
-60 6.231992699667899e-11 231.9999999999999
-60 5.601277148197104e-11 227.9999999999999
-60 5.102407385493279e-11 223.9999999999999
-60.00000000000001 4.699174382949423e-11 219.9999999999998
-60 4.370548367660376e-11 215.9999999999998
-60 4.100542128071538e-11 211.9999999999998
-60 3.876904532174399e-11 207.9999999999998
-60 3.694289318900701e-11 203.9999999999998
-60 3.54436480165532e-11 199.9999999999998
-60 3.423927807943983e-11 195.9999999999998
-59.99999999999999 3.329247988403949e-11 191.9999999999998
-60.00000000000001 3.259849737816928e-11 187.9999999999998
-60 3.211120258583833e-11 183.9999999999998
-60 3.184285809942184e-11 179.9999999999998
-60 3.177902385687048e-11 175.9999999999998
-60 3.192967037721832e-11 171.9999999999999
-60 3.231046971193557e-11 167.9999999999998
-59.99999999999999 3.291944494776544e-11 163.9999999999998
-59.99999999999999 3.377920165803516e-11 159.9999999999998
-60 3.492191482227128e-11 155.9999999999999
-60 3.636912992988073e-11 151.9999999999999
-60 3.816058580241588e-11 147.9999999999999
-60 4.038014367324649e-11 143.9999999999999
-60 4.310551915409633e-11 139.9999999999999
-60 4.642775053298465e-11 135.9999999999999
-60 5.052003260175297e-11 131.9999999999999
-59.99999999999999 5.560196747467216e-11 127.9999999999999
-60 6.202394153831392e-11 124
-59.99999999999999 7.030354076675849e-11 120
-60 -6.666666666610652 236
-60 -6.666666666614432 231.9999999999999
-60 -6.666666666617994 227.9999999999999
-60 -6.666666666621216 223.9999999999999
-60 -6.666666666624071 219.9999999999999
-60 -6.666666666626565 215.9999999999998
-60 -6.66666666662873 211.9999999999998
-60 -6.666666666630549 207.9999999999998
-60 -6.666666666632096 203.9999999999997
-60 -6.666666666633391 199.9999999999998
-60 -6.666666666634447 195.9999999999998
-60 -6.66666666663529 191.9999999999998
-60 -6.666666666635904 187.9999999999998
-59.99999999999999 -6.666666666636353 183.9999999999997
-60 -6.666666666636594 179.9999999999998
-60.00000000000001 -6.666666666636636 175.9999999999997
-60 -6.6666666666365 171.9999999999998
-59.99999999999999 -6.666666666636157 167.9999999999998
-60.00000000000001 -6.666666666635626 163.9999999999998
-60 -6.666666666634874 159.9999999999999
-59.99999999999999 -6.666666666633899 155.9999999999998
-60 -6.66666666663265 151.9999999999999
-60 -6.666666666631128 147.9999999999999
-60 -6.666666666629299 143.9999999999999
-60.00000000000001 -6.666666666627137 139.9999999999999
-60 -6.666666666624606 135.9999999999999
-60 -6.666666666621696 131.9999999999999
-60 -6.666666666618381 128
-60 -6.666666666614726 124
-59.99999999999998 -6.666666666610803 120
-60 -13.33333333329164 235.9999999999999
-60 -13.33333333329371 231.9999999999999
-60 -13.33333333329572 227.9999999999999
-60 -13.3333333332976 223.9999999999999
-60 -13.33333333329937 219.9999999999999
-60 -13.33333333330095 215.9999999999998
-60 -13.33333333330237 211.9999999999998
-60 -13.33333333330362 207.9999999999998
-60 -13.3333333333047 203.9999999999998
-60 -13.33333333330564 199.9999999999998
-59.99999999999999 -13.3333333333064 195.9999999999998
-59.99999999999999 -13.33333333330701 191.9999999999998
-60 -13.33333333330748 187.9999999999998
-60 -13.33333333330781 183.9999999999998
-60 -13.33333333330801 179.9999999999998
-60 -13.33333333330805 175.9999999999998
-60.00000000000001 -13.33333333330797 171.9999999999998
-60 -13.33333333330772 167.9999999999998
-60 -13.33333333330732 163.9999999999998
-60 -13.33333333330678 159.9999999999999
-60 -13.33333333330605 155.9999999999999
-59.99999999999999 -13.33333333330516 151.9999999999999
-60 -13.3333333333041 147.9999999999999
-60 -13.33333333330286 143.9999999999999
-60.00000000000001 -13.33333333330144 139.9999999999999
-59.99999999999999 -13.33333333329982 135.9999999999999
-60 -13.33333333329802 131.9999999999999
-60.00000000000001 -13.33333333329606 128
-60 -13.33333333329397 124
-59.99999999999998 -13.33333333329177 120
-60 -19.99999999997311 236
-60 -19.99999999997403 231.9999999999999
-60.00000000000001 -19.99999999997496 228
-60 -19.99999999997588 223.9999999999999
-60 -19.99999999997678 219.9999999999999
-60 -19.99999999997761 215.9999999999999
-60 -19.99999999997839 211.9999999999998
-60 -19.9999999999791 207.9999999999998
-60.00000000000001 -19.99999999997974 203.9999999999999
-60 -19.9999999999803 199.9999999999999
-60 -19.99999999998077 195.9999999999999
-60 -19.99999999998114 191.9999999999998
-60 -19.99999999998145 187.9999999999998
-60 -19.99999999998166 183.9999999999998
-60.00000000000001 -19.99999999998179 179.9999999999998
-60 -19.99999999998181 175.9999999999998
-60 -19.99999999998176 171.9999999999998
-60 -19.9999999999816 167.9999999999998
-60 -19.99999999998138 163.9999999999998
-60 -19.99999999998104 159.9999999999999
-60 -19.99999999998061 155.9999999999999
-60 -19.9999999999801 151.9999999999999
-60.00000000000001 -19.99999999997948 147.9999999999999
-60 -19.99999999997876 144
-59.99999999999999 -19.99999999997798 139.9999999999999
-60.00000000000001 -19.99999999997711 135.9999999999999
-60.00000000000001 -19.99999999997615 131.9999999999999
-60 -19.99999999997518 128
-59.99999999999999 -19.99999999997417 124
-60 -19.99999999997319 120
-60 -26.66666666665452 235.9999999999999
-59.99999999999999 -26.66666666665446 231.9999999999999
-60 -26.66666666665459 227.9999999999999
-60 -26.6666666666548 223.9999999999999
-60 -26.66666666665506 219.9999999999999
-60 -26.66666666665536 215.9999999999999
-59.99999999999999 -26.66666666665567 211.9999999999999
-60 -26.66666666665595 207.9999999999999
-60 -26.66666666665622 203.9999999999999
-60 -26.66666666665646 199.9999999999999
-59.99999999999999 -26.66666666665668 195.9999999999999
-60 -26.66666666665687 191.9999999999999
-60 -26.66666666665699 187.9999999999999
-60 -26.6666666666571 183.9999999999999
-60.00000000000001 -26.66666666665715 179.9999999999999
-60 -26.66666666665717 175.9999999999999
-60.00000000000001 -26.66666666665714 171.9999999999999
-60 -26.66666666665709 167.9999999999999
-60 -26.66666666665698 163.9999999999999
-60.00000000000001 -26.66666666665682 160
-59.99999999999999 -26.66666666665665 155.9999999999999
-60 -26.66666666665641 151.9999999999999
-60 -26.66666666665615 147.9999999999999
-59.99999999999998 -26.66666666665586 143.9999999999999
-60 -26.66666666665554 140
-60.00000000000001 -26.66666666665523 136
-60.00000000000001 -26.66666666665494 132
-59.99999999999999 -26.6666666666547 128
-59.99999999999998 -26.66666666665455 124
-60.00000000000001 -26.66666666665457 120
-40.00000000002384 -40 236
-40.00000000002765 -40.00000000000001 231.9999999999999
-40.00000000002957 -40 227.9999999999999
-40.00000000003035 -40 223.9999999999999
-40.00000000003045 -40 219.9999999999999
-40.00000000003014 -40 215.9999999999999
-40.00000000002964 -40 211.9999999999999
-40.00000000002907 -40 207.9999999999999
-40.00000000002846 -40 203.9999999999999
-40.0000000000279 -40 199.9999999999999
-40.00000000002738 -40 195.9999999999999
-40.00000000002694 -40 191.9999999999999
-40.0000000000266 -40.00000000000001 187.9999999999999
-40.00000000002636 -40 183.9999999999999
-40.00000000002621 -40 179.9999999999999
-40.00000000002616 -40 175.9999999999999
-40.00000000002621 -40 171.9999999999999
-40.00000000002639 -40.00000000000001 167.9999999999999
-40.00000000002665 -40 163.9999999999999
-40.00000000002701 -40 159.9999999999999
-40.00000000002747 -40 155.9999999999999
-40.000000000028 -40 152
-40.00000000002856 -39.99999999999999 147.9999999999999
-40.00000000002913 -40 143.9999999999999
-40.00000000002964 -40 139.9999999999999
-40.00000000002995 -40 135.9999999999999
-40.00000000002989 -40 132
-40.00000000002921 -39.99999999999999 128
-40.00000000002736 -40.00000000000001 124
-40.00000000002368 -40.00000000000001 120
-30.00000000007682 -40 235.9999999999999
-30.00000000007299 -40 231.9999999999999
-30.00000000006963 -40 228
-30.00000000006664 -40 223.9999999999999
-30.00000000006392 -40 219.9999999999999
-30.00000000006146 -40 215.9999999999998
-30.00000000005926 -40 211.9999999999998
-30.00000000005731 -39.99999999999999 207.9999999999999
-30.00000000005561 -40.00000000000001 203.9999999999999
-30.00000000005415 -40 199.9999999999998
-30.00000000005291 -40 195.9999999999998
-30.0000000000519 -40 191.9999999999998
-30.00000000005112 -40 187.9999999999998
-30.00000000005058 -39.99999999999999 183.9999999999998
-30.00000000005026 -40 179.9999999999999
-30.00000000005019 -40 175.9999999999998
-30.00000000005032 -40 171.9999999999998
-30.0000000000507 -40 167.9999999999999
-30.00000000005133 -40 163.9999999999999
-30.0000000000522 -39.99999999999999 159.9999999999999
-30.00000000005333 -40 155.9999999999999
-30.0000000000547 -40 151.9999999999999
-30.00000000005637 -40.00000000000001 147.9999999999999
-30.00000000005831 -40 144
-30.00000000006051 -40 139.9999999999999
-30.00000000006303 -40.00000000000001 136
-30.00000000006584 -39.99999999999998 131.9999999999999
-30.00000000006897 -39.99999999999999 128
-30.00000000007251 -40.00000000000001 124
-30.00000000007656 -40 120
-20.0000000001224 -40 236.0000000000001
-20.00000000011314 -40 231.9999999999999
-20.00000000010549 -40 227.9999999999999
-20.00000000009907 -40 223.9999999999999
-20.00000000009361 -40 219.9999999999998
-20.00000000008894 -40 215.9999999999998
-20.00000000008492 -40 211.9999999999998
-20.0000000000815 -40 207.9999999999999
-20.0000000000786 -39.99999999999999 203.9999999999998
-20.00000000007616 -40 199.9999999999998
-20.00000000007416 -40 195.9999999999997
-20.00000000007254 -40 191.9999999999998
-20.00000000007132 -40 187.9999999999998
-20.00000000007048 -40 183.9999999999998
-20.00000000006999 -40 179.9999999999998
-20.00000000006987 -40 175.9999999999998
-20.00000000007012 -40 171.9999999999998
-20.00000000007074 -40 167.9999999999998
-20.00000000007175 -40 163.9999999999998
-20.00000000007318 -40 159.9999999999999
-20.00000000007502 -40 155.9999999999999
-20.00000000007735 -40 151.9999999999999
-20.00000000008018 -40.00000000000001 147.9999999999999
-20.00000000008358 -40.00000000000001 143.9999999999999
-20.0000000000876 -39.99999999999999 139.9999999999999
-20.00000000009235 -40 135.9999999999999
-20.00000000009794 -39.99999999999999 131.9999999999999
-20.00000000010456 -40.00000000000001 127.9999999999999
-20.00000000011247 -40.00000000000002 124
-20.00000000012203 -39.99999999999999 120
-10.0000000001464 -40 236
-10.00000000013696 -40 231.9999999999999
-10.00000000012841 -40 227.9999999999999
-10.00000000012076 -40 223.9999999999999
-10.00000000011397 -40 219.9999999999999
-10.00000000010801 -40 215.9999999999998
-10.00000000010284 -40 211.9999999999998
-10.00000000009836 -40 207.9999999999998
-10.00000000009456 -40 203.9999999999998
-10.00000000009136 -40 199.9999999999998
-10.00000000008875 -40 195.9999999999998
-10.00000000008664 -40 191.9999999999998
-10.00000000008506 -40 187.9999999999998
-10.00000000008397 -40 183.9999999999998
-10.00000000008334 -40 179.9999999999998
-10.00000000008321 -40 175.9999999999998
-10.00000000008355 -40 171.9999999999998
-10.00000000008436 -40 167.9999999999998
-10.0000000000857 -39.99999999999999 163.9999999999998
-10.00000000008758 -40 159.9999999999999
-10.00000000009002 -40 155.9999999999999
-10.00000000009308 -40.00000000000001 151.9999999999999
-10.00000000009679 -40 148
-10.00000000010122 -40 143.9999999999999
-10.00000000010643 -40.00000000000001 139.9999999999999
-10.00000000011246 -40 135.9999999999999
-10.00000000011941 -39.99999999999999 131.9999999999999
-10.0000000001273 -40 128
-10.00000000013615 -40.00000000000001 124
-10.00000000014595 -39.99999999999999 120
-1.620856853752494e-10 -40 235.9999999999999
-1.512598791739419e-10 -40 231.9999999999999
-1.412807648648595e-10 -40 227.9999999999999
-1.323163514239094e-10 -40 223.9999999999999
-1.243449787580175e-10 -40 219.9999999999998
-1.173567909518169e-10 -40 215.9999999999999
-1.112780978473893e-10 -40 211.9999999999998
-1.060911358763406e-10 -40 207.9999999999998
-1.016680073462339e-10 -40 203.9999999999998
-9.796963240660261e-11 -40 199.9999999999998
-9.493916763858579e-11 -40 195.9999999999998
-9.254544084474368e-11 -40 191.9999999999998
-9.073573433822952e-11 -40.00000000000001 187.9999999999998
-8.948752849846642e-11 -40 183.9999999999998
-8.877698576270632e-11 -40 179.9999999999998
-8.862433367818498e-11 -40 175.9999999999998
-8.901289741134539e-11 -39.99999999999999 171.9999999999997
-8.996536848826509e-11 -40 167.9999999999998
-9.15232334364191e-11 -39.99999999999999 163.9999999999998
-9.367898571561515e-11 -40 159.9999999999999
-9.652316222282906e-11 -40 155.9999999999998
-1.000743287521243e-10 -40.00000000000001 151.9999999999999
-1.044036541807439e-10 -39.99999999999999 147.9999999999999
-1.095648016757877e-10 -40 143.9999999999999
-1.156612583486094e-10 -40 139.9999999999999
-1.227640211709513e-10 -39.99999999999999 135.9999999999999
-1.308801955701711e-10 -39.99999999999999 131.9999999999999
-1.401232248511978e-10 -40 127.9999999999999
-1.503968061200567e-10 -40.00000000000002 124
-1.616319300623559e-10 -39.99999999999999 120
9.999999999828489 -40 235.9999999999999
9.999999999843983 -40 231.9999999999999
9.999999999856886 -40 227.9999999999999
9.9999999998677 -40 223.9999999999999
9.999999999876845 -40 219.9999999999998
9.999999999884604 -40 215.9999999999998
9.999999999891152 -40 211.9999999999998
9.999999999896694 -40 207.9999999999998
9.999999999901338 -40 203.9999999999998
9.999999999905173 -40 199.9999999999998
9.999999999908304 -40 195.9999999999998
9.99999999991077 -40 191.9999999999998
9.999999999912609 -40 187.9999999999998
9.999999999913875 -40 183.9999999999998
9.999999999914602 -40 179.9999999999998
9.999999999914742 -40 175.9999999999998
9.999999999914346 -40.00000000000001 171.9999999999999
9.999999999913339 -40.00000000000001 167.9999999999998
9.999999999911761 -39.99999999999999 163.9999999999998
9.999999999909514 -40.00000000000001 159.9999999999998
9.999999999906592 -40 155.9999999999998
9.999999999902879 -40.00000000000001 151.9999999999999
9.999999999898336 -40 147.9999999999999
9.999999999892816 -40 143.9999999999999
9.999999999886219 -40 139.9999999999999
9.999999999878369 -40 135.9999999999999
9.999999999869065 -40 131.9999999999999
9.99999999985801 -39.99999999999999 128
9.999999999844825 -40.00000000000001 124
9.999999999828944 -40 120
19.99999999985261 -40 235.9999999999999
19.99999999986542 -40 231.9999999999999
19.99999999987628 -40 227.9999999999999
19.99999999988559 -40 223.9999999999999
19.99999999989354 -40 219.9999999999999
19.99999999990032 -40 215.9999999999998
19.99999999990607 -40 211.9999999999998
19.99999999991092 -40 207.9999999999998
19.99999999991504 -40 203.9999999999998
19.99999999991839 -40 199.9999999999998
19.99999999992115 -40 195.9999999999997
19.99999999992336 -40 191.9999999999998
19.99999999992498 -40.00000000000001 187.9999999999998
19.99999999992611 -39.99999999999999 183.9999999999998
19.99999999992673 -39.99999999999999 179.9999999999998
19.99999999992686 -40.00000000000001 175.9999999999998
19.99999999992649 -40 171.9999999999998
19.9999999999256 -40 167.9999999999998
19.99999999992421 -40 163.9999999999999
19.99999999992222 -39.99999999999999 159.9999999999999
19.99999999991962 -40 155.9999999999999
19.99999999991636 -40.00000000000001 151.9999999999999
19.99999999991233 -40 147.9999999999999
19.99999999990749 -40 143.9999999999999
19.99999999990169 -40 139.9999999999999
19.99999999989485 -39.99999999999999 136
19.99999999988678 -39.99999999999999 131.9999999999999
19.99999999987729 -39.99999999999999 128
19.99999999986613 -40.00000000000001 124
19.99999999985303 -40 120
29.99999999989898 -40 236
29.9999999999059 -39.99999999999999 231.9999999999999
29.9999999999123 -40 228
29.99999999991806 -40 223.9999999999999
29.9999999999232 -40 219.9999999999999
29.99999999992776 -40 215.9999999999998
29.99999999993167 -40 211.9999999999998
29.99999999993513 -40 207.9999999999998
29.99999999993802 -40 203.9999999999998
29.99999999994046 -40.00000000000001 199.9999999999998
29.99999999994244 -40 195.9999999999998
29.99999999994401 -40 191.9999999999998
29.99999999994522 -40 187.9999999999998
29.99999999994601 -39.99999999999999 183.9999999999998
29.99999999994645 -39.99999999999999 179.9999999999998
29.99999999994655 -40 175.9999999999998
29.99999999994627 -40 171.9999999999998
29.99999999994564 -40 167.9999999999998
29.99999999994462 -40 163.9999999999999
29.99999999994319 -39.99999999999999 159.9999999999999
29.99999999994135 -40 155.9999999999999
29.999999999939 -40.00000000000001 151.9999999999999
29.99999999993615 -40 147.9999999999999
29.99999999993275 -40.00000000000001 143.9999999999999
29.99999999992878 -40 139.9999999999999
29.99999999992417 -40.00000000000001 135.9999999999999
29.99999999991892 -39.99999999999999 131.9999999999999
29.99999999991297 -40 128
29.9999999999064 -40.00000000000001 124
29.99999999989923 -40 120
39.99999999994899 -40 236
39.99999999995206 -40 231.9999999999999
39.99999999995494 -40 227.9999999999999
39.99999999995761 -40 223.9999999999999
39.99999999996005 -40 219.9999999999999
39.99999999996228 -40 215.9999999999999
39.99999999996425 -40 211.9999999999998
39.99999999996593 -40 207.9999999999999
39.99999999996743 -40 203.9999999999999
39.99999999996867 -40 199.9999999999999
39.99999999996968 -40 195.9999999999999
39.9999999999705 -40 191.9999999999999
39.99999999997112 -39.99999999999999 187.9999999999999
39.99999999997154 -40 183.9999999999999
39.99999999997176 -40 179.9999999999999
39.99999999997181 -40 175.9999999999999
39.99999999997168 -40 171.9999999999999
39.99999999997135 -40.00000000000001 167.9999999999999
39.99999999997079 -40.00000000000001 163.9999999999999
39.99999999997009 -40 159.9999999999999
39.99999999996913 -40 155.9999999999999
39.99999999996793 -40 152
39.99999999996648 -39.99999999999998 147.9999999999999
39.9999999999648 -39.99999999999999 143.9999999999999
39.99999999996282 -40 139.9999999999999
39.99999999996058 -40 136
39.99999999995808 -40 131.9999999999999
39.99999999995531 -39.99999999999999 128
39.99999999995231 -40 124
39.99999999994914 -40 120
60 -26.66666666667822 236
60 -26.66666666667862 231.9999999999999
60.00000000000001 -26.66666666667873 227.9999999999999
59.99999999999999 -26.66666666667864 223.9999999999998
60 -26.66666666667844 219.9999999999999
60.00000000000001 -26.66666666667818 215.9999999999999
60 -26.66666666667789 211.9999999999999
60 -26.66666666667761 207.9999999999999
60 -26.66666666667733 203.9999999999999
60 -26.66666666667708 199.9999999999999
60 -26.66666666667686 195.9999999999999
60 -26.66666666667667 191.9999999999999
60 -26.66666666667653 187.9999999999999
60 -26.66666666667643 183.9999999999999
60 -26.66666666667637 179.9999999999999
59.99999999999999 -26.66666666667635 175.9999999999999
60.00000000000001 -26.66666666667638 171.9999999999999
60 -26.66666666667645 167.9999999999999
60 -26.66666666667656 163.9999999999999
60 -26.66666666667673 159.9999999999999
60 -26.66666666667692 155.9999999999999
60.00000000000001 -26.66666666667715 152
59.99999999999999 -26.66666666667741 148
59.99999999999998 -26.6666666666777 143.9999999999999
60.00000000000001 -26.66666666667799 139.9999999999999
60 -26.66666666667826 136
60.00000000000001 -26.66666666667847 132
60 -26.66666666667859 128
59.99999999999999 -26.66666666667854 124
59.99999999999999 -26.66666666667817 120
60 -20.00000000002742 235.9999999999999
60 -20.00000000002662 231.9999999999999
60 -20.00000000002571 227.9999999999999
60 -20.00000000002479 223.9999999999998
60 -20.00000000002385 219.9999999999998
59.99999999999999 -20.00000000002297 215.9999999999998
60 -20.00000000002213 211.9999999999998
59.99999999999999 -20.00000000002138 207.9999999999998
60 -20.0000000000207 203.9999999999998
60 -20.0000000000201 199.9999999999998
60 -20.00000000001961 195.9999999999998
60 -20.00000000001921 191.9999999999998
60 -20.00000000001889 187.9999999999998
60 -20.00000000001867 183.9999999999998
60 -20.00000000001855 179.9999999999998
60.00000000000001 -20.00000000001851 175.9999999999998
60 -20.00000000001857 171.9999999999999
60 -20.00000000001873 167.9999999999998
60 -20.00000000001898 163.9999999999998
60.00000000000001 -20.00000000001934 159.9999999999999
60.00000000000001 -20.0000000000198 155.9999999999999
59.99999999999999 -20.00000000002036 151.9999999999999
60.00000000000001 -20.00000000002101 147.9999999999999
60 -20.00000000002176 143.9999999999999
60.00000000000001 -20.0000000000226 139.9999999999999
59.99999999999998 -20.0000000000235 135.9999999999999
60.00000000000001 -20.00000000002448 131.9999999999999
59.99999999999999 -20.00000000002547 128
60 -20.00000000002644 124
60.00000000000001 -20.00000000002732 120
59.99999999999999 -13.33333333337795 235.9999999999999
60 -13.33333333337521 231.9999999999999
60.00000000000001 -13.33333333337271 227.9999999999999
60 -13.33333333337046 223.9999999999999
60 -13.33333333336843 219.9999999999999
59.99999999999999 -13.33333333336664 215.9999999999998
59.99999999999999 -13.33333333336507 211.9999999999998
60 -13.33333333336369 207.9999999999998
60 -13.33333333336252 203.9999999999998
60 -13.33333333336152 199.9999999999999
60 -13.3333333333607 195.9999999999998
59.99999999999999 -13.33333333336006 191.9999999999998
60 -13.33333333335955 187.9999999999998
59.99999999999999 -13.3333333333592 183.9999999999997
60 -13.333333333359 179.9999999999998
60.00000000000001 -13.33333333335896 175.9999999999997
60 -13.33333333335907 171.9999999999999
60.00000000000001 -13.33333333335932 167.9999999999999
59.99999999999999 -13.33333333335976 163.9999999999998
60.00000000000001 -13.33333333336034 159.9999999999998
60 -13.3333333333611 155.9999999999998
60.00000000000001 -13.33333333336205 151.9999999999999
60 -13.3333333333632 147.9999999999999
60 -13.33333333336456 143.9999999999999
60.00000000000002 -13.33333333336613 139.9999999999999
59.99999999999999 -13.33333333336797 135.9999999999999
60.00000000000001 -13.33333333337004 131.9999999999999
59.99999999999999 -13.33333333337236 127.9999999999999
60 -13.33333333337496 124
59.99999999999998 -13.33333333337783 120
60 -6.666666666725536 236
60 -6.666666666721026 231.9999999999999
60 -6.666666666716933 228
60 -6.666666666713335 223.9999999999999
60 -6.666666666710192 219.9999999999998
60 -6.666666666707497 215.9999999999998
60 -6.666666666705199 211.9999999999997
60.00000000000001 -6.66666666670325 207.9999999999998
60 -6.66666666670162 203.9999999999998
60 -6.666666666700275 199.9999999999998
60 -6.666666666699176 195.9999999999997
60 -6.666666666698323 191.9999999999998
60 -6.66666666669767 187.9999999999998
60 -6.666666666697222 183.9999999999998
60 -6.666666666696979 179.9999999999998
59.99999999999999 -6.666666666696917 175.9999999999998
59.99999999999999 -6.666666666697064 171.9999999999998
60 -6.666666666697412 167.9999999999998
60 -6.666666666697968 163.9999999999998
59.99999999999999 -6.666666666698754 159.9999999999999
59.99999999999999 -6.666666666699771 155.9999999999999
60 -6.666666666701072 151.9999999999999
59.99999999999999 -6.666666666702675 147.9999999999999
59.99999999999999 -6.666666666704613 143.9999999999999
59.99999999999999 -6.66666666670692 139.9999999999999
60 -6.666666666709651 135.9999999999999
60.00000000000001 -6.666666666712848 131.9999999999999
59.99999999999999 -6.666666666716537 127.9999999999999
60 -6.666666666720729 124
59.99999999999999 -6.666666666725391 120
60 -7.046452310532914e-11 235.9999999999999
60 -6.231992699667899e-11 231.9999999999999
60 -5.601277148197104e-11 227.9999999999999
60 -5.102407385493279e-11 223.9999999999999
60.00000000000001 -4.699174382949423e-11 219.9999999999998
60 -4.370548367660376e-11 215.9999999999998
60 -4.100542128071538e-11 211.9999999999998
60 -3.876904532174399e-11 207.9999999999998
60 -3.694289318900701e-11 203.9999999999998
60 -3.54436480165532e-11 199.9999999999998
60 -3.423927807943983e-11 195.9999999999998
59.99999999999999 -3.329247988403949e-11 191.9999999999998
60.00000000000001 -3.259849737816928e-11 187.9999999999998
60 -3.211120258583833e-11 183.9999999999998
60 -3.184285809942184e-11 179.9999999999998
60 -3.177902385687048e-11 175.9999999999998
60 -3.192967037721832e-11 171.9999999999999
60 -3.231046971193557e-11 167.9999999999998
59.99999999999999 -3.291944494776544e-11 163.9999999999998
59.99999999999999 -3.377920165803516e-11 159.9999999999998
60 -3.492191482227128e-11 155.9999999999999
60 -3.636912992988073e-11 151.9999999999999
60 -3.816058580241588e-11 147.9999999999999
60 -4.038014367324649e-11 143.9999999999999
60 -4.310551915409633e-11 139.9999999999999
60 -4.642775053298465e-11 135.9999999999999
60 -5.052003260175297e-11 131.9999999999999
59.99999999999999 -5.560196747467216e-11 127.9999999999999
60 -6.202394153831392e-11 124
59.99999999999999 -7.030354076675849e-11 120
60 6.666666666610652 236
60 6.666666666614432 231.9999999999999
60 6.666666666617994 227.9999999999999
60 6.666666666621216 223.9999999999999
60 6.666666666624071 219.9999999999999
60 6.666666666626565 215.9999999999998
60 6.66666666662873 211.9999999999998
60 6.666666666630549 207.9999999999998
60 6.666666666632096 203.9999999999997
60 6.666666666633391 199.9999999999998
60 6.666666666634447 195.9999999999998
60 6.66666666663529 191.9999999999998
60 6.666666666635904 187.9999999999998
59.99999999999999 6.666666666636353 183.9999999999997
60 6.666666666636594 179.9999999999998
60.00000000000001 6.666666666636636 175.9999999999997
60 6.6666666666365 171.9999999999998
59.99999999999999 6.666666666636157 167.9999999999998
60.00000000000001 6.666666666635626 163.9999999999998
60 6.666666666634874 159.9999999999999
59.99999999999999 6.666666666633899 155.9999999999998
60 6.66666666663265 151.9999999999999
60 6.666666666631128 147.9999999999999
60 6.666666666629299 143.9999999999999
60.00000000000001 6.666666666627137 139.9999999999999
60 6.666666666624606 135.9999999999999
60 6.666666666621696 131.9999999999999
60 6.666666666618381 128
60 6.666666666614726 124
59.99999999999998 6.666666666610803 120
60 13.33333333329164 235.9999999999999
60 13.33333333329371 231.9999999999999
60 13.33333333329572 227.9999999999999
60 13.3333333332976 223.9999999999999
60 13.33333333329937 219.9999999999999
60 13.33333333330095 215.9999999999998
60 13.33333333330237 211.9999999999998
60 13.33333333330362 207.9999999999998
60 13.3333333333047 203.9999999999998
60 13.33333333330564 199.9999999999998
59.99999999999999 13.3333333333064 195.9999999999998
59.99999999999999 13.33333333330701 191.9999999999998
60 13.33333333330748 187.9999999999998
60 13.33333333330781 183.9999999999998
60 13.33333333330801 179.9999999999998
60 13.33333333330805 175.9999999999998
60.00000000000001 13.33333333330797 171.9999999999998
60 13.33333333330772 167.9999999999998
60 13.33333333330732 163.9999999999998
60 13.33333333330678 159.9999999999999
60 13.33333333330605 155.9999999999999
59.99999999999999 13.33333333330516 151.9999999999999
60 13.3333333333041 147.9999999999999
60 13.33333333330286 143.9999999999999
60.00000000000001 13.33333333330144 139.9999999999999
59.99999999999999 13.33333333329982 135.9999999999999
60 13.33333333329802 131.9999999999999
60.00000000000001 13.33333333329606 128
60 13.33333333329397 124
59.99999999999998 13.33333333329177 120
60 19.99999999997311 236
60 19.99999999997403 231.9999999999999
60.00000000000001 19.99999999997496 228
60 19.99999999997588 223.9999999999999
60 19.99999999997678 219.9999999999999
60 19.99999999997761 215.9999999999999
60 19.99999999997839 211.9999999999998
60 19.9999999999791 207.9999999999998
60.00000000000001 19.99999999997974 203.9999999999999
60 19.9999999999803 199.9999999999999
60 19.99999999998077 195.9999999999999
60 19.99999999998114 191.9999999999998
60 19.99999999998145 187.9999999999998
60 19.99999999998166 183.9999999999998
60.00000000000001 19.99999999998179 179.9999999999998
60 19.99999999998181 175.9999999999998
60 19.99999999998176 171.9999999999998
60 19.9999999999816 167.9999999999998
60 19.99999999998138 163.9999999999998
60 19.99999999998104 159.9999999999999
60 19.99999999998061 155.9999999999999
60 19.9999999999801 151.9999999999999
60.00000000000001 19.99999999997948 147.9999999999999
60 19.99999999997876 144
59.99999999999999 19.99999999997798 139.9999999999999
60.00000000000001 19.99999999997711 135.9999999999999
60.00000000000001 19.99999999997615 131.9999999999999
60 19.99999999997518 128
59.99999999999999 19.99999999997417 124
60 19.99999999997319 120
60 26.66666666665452 235.9999999999999
59.99999999999999 26.66666666665446 231.9999999999999
60 26.66666666665459 227.9999999999999
60 26.6666666666548 223.9999999999999
60 26.66666666665506 219.9999999999999
60 26.66666666665536 215.9999999999999
59.99999999999999 26.66666666665567 211.9999999999999
60 26.66666666665595 207.9999999999999
60 26.66666666665622 203.9999999999999
60 26.66666666665646 199.9999999999999
59.99999999999999 26.66666666665668 195.9999999999999
60 26.66666666665687 191.9999999999999
60 26.66666666665699 187.9999999999999
60 26.6666666666571 183.9999999999999
60.00000000000001 26.66666666665715 179.9999999999999
60 26.66666666665717 175.9999999999999
60.00000000000001 26.66666666665714 171.9999999999999
60 26.66666666665709 167.9999999999999
60 26.66666666665698 163.9999999999999
60.00000000000001 26.66666666665682 160
59.99999999999999 26.66666666665665 155.9999999999999
60 26.66666666665641 151.9999999999999
60 26.66666666665615 147.9999999999999
59.99999999999998 26.66666666665586 143.9999999999999
60 26.66666666665554 140
60.00000000000001 26.66666666665523 136
60.00000000000001 26.66666666665494 132
59.99999999999999 26.6666666666547 128
59.99999999999998 26.66666666665455 124
60.00000000000001 26.66666666665457 120
40.00000000002235 39.766826256 252
40.00000000002237 39.766826256 247.9999999999999
30.0000000000452 39.766826256 252
30.0000000000452 39.76682625599999 247.9999999999999
20.00000000006478 39.766826256 252
20.00000000006479 39.76682625600001 248
10.00000000007816 39.766826256 252
10.00000000007816 39.766826256 247.9999999999999
8.447287314083951e-11 39.766826256 252
8.447109678400011e-11 39.766826256 248
-9.999999999917231 39.766826256 252
-9.999999999917225 39.766826256 248
-19.99999999992862 39.766826256 252
-19.99999999992862 39.766826256 248
-29.99999999994822 39.766826256 252
-29.9999999999482 39.76682625600001 248
-39.99999999997289 39.76682625600001 252
-39.99999999997289 39.76682625600001 248
-59.766826256 26.66666666667516 252
-59.766826256 26.66666666667517 248
-59.766826256 20.00000000001679 252
-59.76682625600001 20.00000000001679 248
-59.766826256 13.3333333333574 252
-59.766826256 13.3333333333574 248
-59.766826256 6.666666666695884 252
-59.76682625600001 6.666666666695877 248
-59.766826256 3.126802520606967e-11 252
-59.76682625599999 3.125914342187267e-11 247.9999999999999
-59.76682625600001 -6.666666666637859 252
-59.76682625600001 -6.666666666637865 248
-59.766826256 -13.33333333330978 252
-59.766826256 -13.33333333330979 248
-59.766826256 -19.99999999998352 252
-59.766826256 -19.99999999998353 248
-59.76682625599999 -26.66666666665825 252
-59.766826256 -26.66666666665829 248
-40.00000000002235 -39.766826256 252
-40.00000000002237 -39.766826256 247.9999999999999
-30.0000000000452 -39.766826256 252
-30.0000000000452 -39.76682625599999 247.9999999999999
-20.00000000006478 -39.766826256 252
-20.00000000006479 -39.76682625600001 248
-10.00000000007816 -39.766826256 252
-10.00000000007816 -39.766826256 247.9999999999999
-8.447287314083951e-11 -39.766826256 252
-8.447109678400011e-11 -39.766826256 248
9.999999999917231 -39.766826256 252
9.999999999917225 -39.766826256 248
19.99999999992862 -39.766826256 252
19.99999999992862 -39.766826256 248
29.99999999994822 -39.766826256 252
29.9999999999482 -39.76682625600001 248
39.99999999997289 -39.76682625600001 252
39.99999999997289 -39.76682625600001 248
59.766826256 -26.66666666667516 252
59.766826256 -26.66666666667517 248
59.766826256 -20.00000000001679 252
59.76682625600001 -20.00000000001679 248
59.766826256 -13.3333333333574 252
59.766826256 -13.3333333333574 248
59.766826256 -6.666666666695884 252
59.76682625600001 -6.666666666695877 248
59.766826256 -3.126802520606967e-11 252
59.76682625599999 -3.125914342187267e-11 247.9999999999999
59.76682625600001 6.666666666637859 252
59.76682625600001 6.666666666637865 248
59.766826256 13.33333333330978 252
59.766826256 13.33333333330979 248
59.766826256 19.99999999998352 252
59.766826256 19.99999999998353 248
59.76682625599999 26.66666666665825 252
59.766826256 26.66666666665829 248
40.00000000002277 40.00000000000001 427.9999999999998
40.00000000002676 40 424
40.00000000002946 40 420
40.00000000003124 39.99999999999999 415.9999999999999
40.00000000003241 40 412
40.00000000003313 40 407.9999999999998
40.00000000003353 40 403.9999999999999
40.00000000003371 40 399.9999999999999
40.00000000003375 40 395.9999999999999
40.00000000003371 40 391.9999999999999
40.00000000003359 40 387.9999999999998
40.00000000003347 40 383.9999999999999
40.00000000003331 40 379.9999999999999
40.00000000003315 40 375.9999999999998
40.000000000033 40 371.9999999999999
40.00000000003286 40 367.9999999999999
40.00000000003273 40 363.9999999999999
40.00000000003261 40 359.9999999999999
40.00000000003251 40 355.9999999999999
40.00000000003244 40 352
40.00000000003239 40 348.0000000000001
40.00000000003237 40 344.0000000000001
40.00000000003234 40 340
40.00000000003236 40 336
40.00000000003239 40 332
40.00000000003244 40.00000000000001 328
40.00000000003251 40.00000000000001 324.0000000000001
40.00000000003261 40.00000000000001 320
40.00000000003271 40 316
40.00000000003283 39.99999999999999 312
40.00000000003296 40 308
40.00000000003307 40 304
40.00000000003315 40.00000000000001 300.0000000000001
40.0000000000332 40 296
40.00000000003315 39.99999999999998 292
40.00000000003298 40 288
40.00000000003262 39.99999999999999 284
40.00000000003196 40 280
40.00000000003084 39.99999999999999 276
40.00000000002915 40.00000000000001 271.9999999999999
40.00000000002654 40.00000000000001 268
40.00000000002264 39.99999999999999 264
30.00000000007891 40 428
30.00000000007687 40 424
30.00000000007511 40 419.9999999999999
30.00000000007357 40 415.9999999999999
30.00000000007218 40 411.9999999999999
30.00000000007095 40 407.9999999999999
30.00000000006983 40 403.9999999999999
30.0000000000688 40 399.9999999999999
30.00000000006786 40 395.9999999999997
30.000000000067 40 391.9999999999997
30.00000000006624 39.99999999999999 387.9999999999999
30.00000000006555 40 383.9999999999999
30.00000000006493 40 379.9999999999997
30.0000000000644 40 375.9999999999999
30.00000000006391 40 371.9999999999999
30.0000000000635 40 367.9999999999999
30.00000000006315 40 363.9999999999999
30.00000000006287 40 359.9999999999999
30.00000000006263 40 355.9999999999999
30.00000000006244 40 352
30.00000000006231 40 347.9999999999999
30.00000000006226 40 343.9999999999999
30.00000000006225 40 339.9999999999999
30.00000000006229 40 336
30.0000000000624 40 332
30.00000000006257 40 328
30.0000000000628 40 324
30.00000000006312 40 320
30.00000000006351 40 316
30.00000000006396 40 312
30.00000000006451 40 307.9999999999999
30.00000000006516 40.00000000000001 304.0000000000001
30.0000000000659 40 300
30.00000000006673 40 296
30.00000000006769 40 292
30.00000000006875 39.99999999999999 288
30.00000000006995 39.99999999999999 284
30.00000000007128 40 280
30.00000000007278 39.99999999999999 276
30.00000000007446 40.00000000000002 272.0000000000001
30.0000000000764 40 268
30.00000000007866 40.00000000000001 264.0000000000001
20.00000000012663 40 427.9999999999998
20.00000000012066 40 423.9999999999999
20.00000000011565 40 419.9999999999999
20.00000000011142 40 415.9999999999999
20.00000000010779 40 411.9999999999999
20.00000000010469 40 407.9999999999999
20.00000000010201 40 403.9999999999999
20.00000000009966 40 399.9999999999999
20.00000000009764 40 395.9999999999998
20.00000000009587 40 391.9999999999998
20.00000000009432 40 387.9999999999998
20.00000000009296 40 383.9999999999999
20.0000000000918 40 379.9999999999999
20.00000000009079 40 375.9999999999999
20.00000000008994 40 371.9999999999999
20.00000000008922 40 367.9999999999998
20.00000000008859 40 363.9999999999999
20.0000000000881 40 359.9999999999999
20.0000000000877 40 355.9999999999999
20.0000000000874 40 352
20.00000000008721 40 348.0000000000001
20.00000000008711 40 344
20.0000000000871 40 340
20.00000000008721 40 336
20.00000000008742 40 332
20.00000000008774 40 328
20.0000000000882 40 324
20.00000000008877 40 320
20.0000000000895 40 315.9999999999999
20.00000000009038 40 312
20.00000000009145 40 308
20.00000000009273 40.00000000000001 304
20.00000000009424 40 300.0000000000001
20.00000000009599 40.00000000000001 296.0000000000001
20.00000000009804 40 292
20.00000000010043 40 288
20.00000000010321 39.99999999999998 284
20.00000000010646 40 280
20.00000000011025 40 275.9999999999999
20.00000000011472 40.00000000000002 272.0000000000001
20.00000000011998 39.99999999999999 267.9999999999999
20.00000000012627 40 264.0000000000001
10.00000000015079 40 428.0000000000001
10.00000000014533 40 423.9999999999998
10.0000000001403 40 419.9999999999999
10.00000000013567 40 415.9999999999998
10.00000000013148 40 411.9999999999999
10.00000000012771 40 407.9999999999999
10.00000000012431 40 403.9999999999999
10.00000000012129 40 399.9999999999999
10.0000000001186 40 395.9999999999999
10.00000000011623 40 391.9999999999999
10.00000000011414 40 387.9999999999999
10.00000000011232 40 383.9999999999998
10.00000000011071 40 379.9999999999998
10.00000000010934 40 375.9999999999999
10.00000000010816 40 371.9999999999998
10.00000000010716 40 367.9999999999998
10.00000000010631 40 363.9999999999998
10.00000000010564 40 359.9999999999999
10.0000000001051 40 355.9999999999999
10.0000000001047 40 351.9999999999998
10.00000000010444 40 348
10.0000000001043 40.00000000000001 343.9999999999999
10.00000000010431 39.99999999999999 339.9999999999999
10.00000000010448 40 336
10.00000000010476 40 332
10.00000000010522 40 328.0000000000001
10.00000000010585 40 324
10.00000000010666 40 320
10.00000000010768 40 316
10.0000000001089 40 312
10.00000000011036 40 308
10.00000000011211 40.00000000000001 304
10.00000000011416 39.99999999999999 300
10.00000000011651 40 296
10.00000000011923 40 292
10.00000000012233 40 288.0000000000001
10.00000000012583 39.99999999999999 284.0000000000001
10.00000000012978 40 280
10.0000000001342 39.99999999999999 276
10.00000000013909 40.00000000000001 271.9999999999999
10.00000000014447 39.99999999999999 268
10.00000000015031 40 263.9999999999999
1.670450444635208e-10 40 428
1.607567412520439e-10 40 423.9999999999999
1.54841472976841e-10 40 419.9999999999999
1.493525303430943e-10 40 415.9999999999999
1.443396513423068e-10 40 411.9999999999998
1.397982918058196e-10 40 407.9999999999998
1.356935029455832e-10 40.00000000000001 403.9999999999998
1.320272676715578e-10 40 399.9999999999998
1.287681072881242e-10 40 395.9999999999998
1.259207312064381e-10 40 391.9999999999998
1.23392851492099e-10 40.00000000000001 387.9999999999998
1.21192151921203e-10 40 383.9999999999998
1.192859144794056e-10 40 379.9999999999998
1.176397687273958e-10 40 375.9999999999998
1.162376861429948e-10 40 371.9999999999998
1.150413304669708e-10 40 367.9999999999998
1.140449182119398e-10 40.00000000000001 363.9999999999999
1.132356430844084e-10 40 359.9999999999999
1.126032600495819e-10 40 355.9999999999999
1.121254200597832e-10 40 351.9999999999999
1.118252157539246e-10 40 347.9999999999999
1.116937653478089e-10 40 344
1.117133052730424e-10 40 339.9999999999999
1.118949067769029e-10 40 336
1.122462123248624e-10 39.99999999999999 332
1.127951065882371e-10 40 328
1.135518346018216e-10 40 324
1.14542339437596e-10 40 320.0000000000001
1.157545170826779e-10 40 316.0000000000001
1.172590913256499e-10 39.99999999999999 312
1.190336718082108e-10 40 308
1.211040157045318e-10 40 304
1.235749280681375e-10 40 300
1.2641088176224e-10 40.00000000000001 296.0000000000001
1.296913584277464e-10 40 292
1.334325518293321e-10 40 288.0000000000001
1.376588765458829e-10 39.99999999999998 284
1.424175712761394e-10 39.99999999999999 280
1.477133970695377e-10 40 276
1.534906052387573e-10 40.00000000000001 272
1.598045003819089e-10 40 268
1.665262372441134e-10 40 264.0000000000001
-9.999999999821839 40 428.0000000000001
-9.99999999983222 40 423.9999999999999
-9.999999999841044 40 419.9999999999999
-9.999999999848615 40 415.9999999999998
-9.999999999855152 40 411.9999999999998
-9.999999999860815 40 407.9999999999997
-9.999999999865711 40 403.9999999999998
-9.999999999869949 40 399.9999999999998
-9.999999999873628 40 395.9999999999998
-9.999999999876827 40 391.9999999999998
-9.99999999987959 40 387.9999999999998
-9.999999999881991 40 383.9999999999998
-9.999999999884048 40 379.9999999999997
-9.999999999885803 40 375.9999999999997
-9.999999999887303 40 371.9999999999998
-9.999999999888589 40 367.9999999999998
-9.999999999889631 40 363.9999999999998
-9.999999999890482 40 359.9999999999999
-9.999999999891134 40 355.9999999999998
-9.999999999891626 40 351.9999999999998
-9.999999999891942 40 348
-9.999999999892085 40 343.9999999999998
-9.99999999989206 40 339.9999999999999
-9.999999999891866 40 335.9999999999999
-9.999999999891466 40.00000000000001 332.0000000000001
-9.999999999890878 39.99999999999999 328
-9.999999999890068 40 324
-9.999999999889003 40 320.0000000000001
-9.99999999988772 39.99999999999999 316
-9.999999999886116 40 312
-9.999999999884203 40 308.0000000000001
-9.999999999881917 40 304
-9.99999999987919 40 300
-9.999999999876033 40 296
-9.999999999872326 40 292
-9.999999999867997 40 288
-9.999999999862954 39.99999999999999 284
-9.999999999857106 39.99999999999999 280
-9.999999999850337 39.99999999999999 276
-9.999999999842423 40.00000000000001 272
-9.999999999833207 40 268
-9.999999999822391 40.00000000000001 264.0000000000001
-19.99999999984715 39.99999999999999 427.9999999999999
-19.99999999985548 40 423.9999999999999
-19.99999999986276 40 419.9999999999998
-19.99999999986913 40 415.9999999999999
-19.99999999987466 40 411.9999999999999
-19.99999999987953 40 407.9999999999999
-19.99999999988378 40 403.9999999999998
-19.99999999988748 40 399.9999999999998
-19.9999999998907 40 395.9999999999998
-19.99999999989354 40 391.9999999999998
-19.99999999989596 40 387.9999999999997
-19.9999999998981 40 383.9999999999999
-19.99999999989993 40 379.9999999999999
-19.99999999990148 40 375.9999999999998
-19.9999999999028 40 371.9999999999998
-19.99999999990392 40 367.9999999999998
-19.99999999990486 40 363.9999999999998
-19.99999999990562 40 359.9999999999998
-19.99999999990622 40 355.9999999999999
-19.99999999990663 40 351.9999999999999
-19.99999999990691 39.99999999999999 347.9999999999999
-19.99999999990705 40 343.9999999999999
-19.99999999990704 40 339.9999999999999
-19.99999999990685 40 335.9999999999999
-19.99999999990651 40 331.9999999999999
-19.99999999990597 40 327.9999999999999
-19.99999999990528 40 323.9999999999999
-19.99999999990434 40 320.0000000000001
-19.99999999990322 40 316
-19.99999999990179 40 312
-19.99999999990008 39.99999999999999 308
-19.99999999989803 40 304
-19.99999999989567 40 300
-19.99999999989285 40 296.0000000000001
-19.99999999988957 39.99999999999999 291.9999999999999
-19.99999999988581 40 288
-19.99999999988145 39.99999999999999 284
-19.99999999987643 39.99999999999999 280
-19.99999999987062 40 276
-19.99999999986396 40.00000000000001 272
-19.99999999985634 40 267.9999999999999
-19.99999999984763 40.00000000000001 264
-29.99999999989582 40 428
-29.99999999989981 40 423.9999999999999
-29.99999999990359 40 419.9999999999999
-29.9999999999071 40 415.9999999999998
-29.99999999991034 40 411.9999999999999
-29.99999999991326 40 407.9999999999999
-29.99999999991595 40 403.9999999999998
-29.99999999991832 40 399.9999999999999
-29.99999999992049 40 395.9999999999997
-29.99999999992238 40 391.9999999999999
-29.99999999992408 40 387.9999999999999
-29.99999999992552 40 384
-29.99999999992679 40 379.9999999999998
-29.99999999992789 40 375.9999999999998
-29.99999999992886 40 371.9999999999998
-29.99999999992966 40 367.9999999999999
-29.99999999993031 40 363.9999999999999
-29.99999999993087 39.99999999999999 359.9999999999999
-29.99999999993129 39.99999999999999 355.9999999999999
-29.99999999993164 40 351.9999999999999
-29.99999999993184 40 347.9999999999999
-29.99999999993193 40 343.9999999999999
-29.99999999993191 40 339.9999999999998
-29.99999999993177 40 335.9999999999999
-29.99999999993152 40 331.9999999999999
-29.99999999993117 40.00000000000001 328
-29.99999999993067 40 324.0000000000001
-29.99999999993002 39.99999999999999 320
-29.99999999992921 39.99999999999999 316
-29.99999999992819 40.00000000000001 312
-29.99999999992701 40 308
-29.9999999999256 39.99999999999999 304
-29.99999999992397 40 300
-29.99999999992209 40 296
-29.99999999991992 40 292.0000000000001
-29.99999999991747 40 288
-29.99999999991471 39.99999999999999 284
-29.99999999991164 40 280
-29.99999999990821 40 276.0000000000001
-29.99999999990447 40.00000000000001 272
-29.99999999990046 39.99999999999999 268
-29.99999999989616 40 264.0000000000001
-39.99999999994751 40.00000000000001 427.9999999999999
-39.99999999994916 40.00000000000001 423.9999999999999
-39.99999999995073 40 419.9999999999999
-39.99999999995224 40 415.9999999999999
-39.99999999995364 40 411.9999999999999
-39.99999999995497 40 407.9999999999998
-39.99999999995622 40 403.9999999999998
-39.99999999995736 40 399.9999999999998
-39.99999999995835 40 395.9999999999999
-39.99999999995929 40 391.9999999999999
-39.9999999999601 40.00000000000001 387.9999999999999
-39.99999999996081 40 383.9999999999999
-39.99999999996142 40 379.9999999999999
-39.99999999996197 40 375.9999999999999
-39.99999999996248 40 371.9999999999999
-39.99999999996288 40 367.9999999999999
-39.99999999996323 40 363.9999999999999
-39.99999999996354 39.99999999999999 359.9999999999999
-39.99999999996378 40.00000000000001 355.9999999999999
-39.99999999996396 40.00000000000001 351.9999999999999
-39.99999999996407 40 348
-39.99999999996414 39.99999999999999 344
-39.99999999996415 40.00000000000001 340
-39.99999999996403 39.99999999999999 335.9999999999999
-39.9999999999639 40 332
-39.99999999996374 40 328
-39.99999999996348 40 324
-39.99999999996316 40 320.0000000000001
-39.99999999996275 39.99999999999999 316.0000000000001
-39.99999999996223 40 312
-39.99999999996162 40 308
-39.99999999996092 40 303.9999999999999
-39.99999999996015 40 300
-39.9999999999592 40 296
-39.99999999995816 40 292
-39.999999999957 40.00000000000001 288
-39.99999999995576 39.99999999999999 284
-39.99999999995434 40 280
-39.99999999995286 40 276
-39.9999999999512 40.00000000000001 272.0000000000001
-39.99999999994949 40 268
-39.9999999999477 40.00000000000001 264.0000000000001
-60 26.66666666667824 428.0000000000001
-60 26.66666666667883 423.9999999999999
-60 26.66666666667923 419.9999999999999
-60 26.66666666667947 415.9999999999999
-60 26.66666666667962 411.9999999999998
-60 26.66666666667968 407.9999999999999
-60 26.66666666667969 403.9999999999999
-60 26.66666666667966 399.9999999999999
-60 26.6666666666796 395.9999999999999
-60 26.66666666667953 391.9999999999999
-60 26.66666666667945 387.9999999999999
-60 26.66666666667937 383.9999999999999
-60 26.66666666667929 379.9999999999999
-60.00000000000001 26.66666666667921 375.9999999999999
-60 26.66666666667914 371.9999999999998
-60 26.66666666667908 367.9999999999999
-60.00000000000001 26.66666666667903 364
-60 26.66666666667897 359.9999999999999
-60 26.66666666667893 355.9999999999999
-60 26.66666666667889 351.9999999999999
-60 26.66666666667886 348
-60 26.66666666667885 343.9999999999999
-60 26.66666666667885 340.0000000000001
-60 26.66666666667885 336
-60 26.66666666667886 332
-59.99999999999999 26.66666666667889 328
-60 26.66666666667893 324
-60.00000000000001 26.66666666667897 320
-60 26.66666666667902 316
-60 26.66666666667908 312
-60 26.66666666667914 308
-59.99999999999999 26.66666666667922 304
-60.00000000000001 26.66666666667929 300
-60.00000000000001 26.66666666667936 296
-60.00000000000001 26.66666666667942 292.0000000000001
-59.99999999999999 26.66666666667945 288
-60 26.66666666667946 284
-59.99999999999999 26.66666666667941 280
-60 26.6666666666793 275.9999999999999
-60 26.66666666667909 272
-60.00000000000001 26.66666666667874 268
-60.00000000000001 26.66666666667819 264.0000000000001
-60.00000000000001 20.000000000028 428.0000000000001
-60 20.00000000002782 423.9999999999999
-60 20.00000000002757 419.9999999999999
-59.99999999999999 20.00000000002727 415.9999999999998
-60 20.00000000002694 411.9999999999999
-60 20.00000000002658 407.9999999999999
-60 20.00000000002623 403.9999999999999
-59.99999999999999 20.00000000002589 399.9999999999998
-60 20.00000000002556 395.9999999999999
-60 20.00000000002524 391.9999999999999
-59.99999999999999 20.00000000002495 387.9999999999999
-59.99999999999999 20.00000000002467 383.9999999999999
-60 20.00000000002442 379.9999999999999
-60 20.00000000002421 375.9999999999999
-60 20.00000000002401 371.9999999999999
-60 20.00000000002384 367.9999999999999
-60 20.00000000002369 363.9999999999999
-60 20.00000000002357 359.9999999999999
-60 20.00000000002348 355.9999999999999
-60 20.0000000000234 351.9999999999999
-60 20.00000000002335 348.0000000000001
-60 20.00000000002332 343.9999999999999
-59.99999999999999 20.00000000002331 340
-59.99999999999999 20.00000000002333 336
-60 20.00000000002337 332
-60 20.00000000002344 328
-60.00000000000002 20.00000000002354 324.0000000000001
-60.00000000000001 20.00000000002368 320.0000000000001
-60 20.00000000002384 316
-60 20.00000000002402 312
-60 20.00000000002423 308
-59.99999999999999 20.00000000002448 304
-60 20.00000000002477 300
-60.00000000000001 20.00000000002508 296
-60.00000000000001 20.00000000002542 292.0000000000001
-60 20.00000000002579 288
-60.00000000000001 20.00000000002616 284
-60 20.00000000002654 280
-60 20.00000000002692 276
-60.00000000000001 20.0000000000273 272
-60.00000000000001 20.00000000002763 268
-59.99999999999999 20.00000000002789 264
-60 13.33333333337929 428
-60 13.33333333337774 423.9999999999999
-60 13.33333333337632 419.9999999999999
-60 13.333333333375 415.9999999999998
-60.00000000000001 13.3333333333738 411.9999999999999
-59.99999999999999 13.33333333337272 407.9999999999999
-60 13.33333333337173 403.9999999999999
-60 13.33333333337084 399.9999999999999
-60 13.33333333337004 395.9999999999997
-60 13.33333333336932 391.9999999999998
-60 13.3333333333687 387.9999999999998
-59.99999999999999 13.33333333336813 383.9999999999999
-60 13.33333333336764 379.9999999999999
-60 13.33333333336721 375.9999999999999
-59.99999999999999 13.33333333336685 371.9999999999999
-60 13.33333333336654 367.9999999999998
-60 13.33333333336629 363.9999999999999
-60 13.33333333336607 359.9999999999999
-60.00000000000001 13.3333333333659 355.9999999999999
-60 13.33333333336577 351.9999999999999
-60 13.33333333336568 347.9999999999999
-60 13.33333333336564 343.9999999999999
-60 13.33333333336564 340
-60 13.33333333336568 336
-60 13.33333333336576 332.0000000000001
-60 13.33333333336591 328
-60 13.3333333333661 324
-60.00000000000002 13.33333333336634 320.0000000000001
-59.99999999999999 13.33333333336666 316
-59.99999999999999 13.33333333336704 312
-60 13.33333333336749 308
-60 13.33333333336802 304
-60 13.33333333336864 300
-60.00000000000001 13.33333333336935 296
-59.99999999999999 13.33333333337015 291.9999999999999
-59.99999999999999 13.33333333337107 288
-60.00000000000001 13.3333333333721 284.0000000000001
-60 13.33333333337325 280
-60 13.33333333337451 275.9999999999999
-59.99999999999999 13.33333333337591 272
-60.00000000000001 13.33333333337745 268
-60.00000000000001 13.33333333337915 264.0000000000001
-60 6.66666666672748 427.9999999999999
-59.99999999999999 6.666666666724714 423.9999999999998
-60 6.66666666672214 419.9999999999999
-59.99999999999999 6.666666666719768 415.9999999999999
-60 6.666666666717651 411.9999999999999
-60 6.666666666715747 407.9999999999999
-60 6.666666666714056 403.9999999999999
-60 6.66666666671259 399.9999999999999
-60 6.666666666711302 395.9999999999998
-60 6.666666666710169 391.9999999999999
-60 6.666666666709189 387.9999999999997
-60 6.666666666708347 383.9999999999999
-60 6.666666666707616 379.9999999999999
-59.99999999999999 6.66666666670698 375.9999999999998
-60 6.666666666706454 371.9999999999999
-60 6.666666666706016 367.9999999999999
-60 6.666666666705649 363.9999999999999
-60 6.66666666670536 359.9999999999999
-60 6.666666666705123 355.9999999999999
-59.99999999999999 6.666666666704949 351.9999999999998
-60 6.666666666704835 347.9999999999999
-60 6.666666666704792 343.9999999999999
-59.99999999999999 6.666666666704798 339.9999999999999
-60 6.666666666704868 336
-60 6.666666666705005 332
-60 6.666666666705211 328
-60 6.666666666705497 324
-60.00000000000001 6.66666666670586 320
-60 6.666666666706311 316
-60 6.666666666706872 312
-60 6.666666666707554 308
-59.99999999999999 6.666666666708373 304
-60 6.666666666709339 300.0000000000001
-60.00000000000001 6.666666666710455 295.9999999999999
-60.00000000000001 6.666666666711763 292
-59.99999999999999 6.666666666713269 287.9999999999999
-60 6.666666666715003 284
-60 6.666666666716973 280
-60 6.666666666719189 276
-60 6.666666666721661 272
-60.00000000000001 6.66666666672437 268
-60.00000000000001 6.666666666727287 263.9999999999999
-60 7.37898631086864e-11 428
-60 6.785472442325678e-11 423.9999999999999
-59.99999999999999 6.305839571437941e-11 419.9999999999999
-60 5.915268275202834e-11 415.9999999999999
-60 5.592681873167749e-11 411.9999999999998
-60 5.324984897470131e-11 407.9999999999997
-59.99999999999999 5.101163935705699e-11 403.9999999999998
-59.99999999999999 4.910205575470172e-11 399.9999999999998
-60 4.75030454248723e-11 395.9999999999998
-60.00000000000001 4.614442161710031e-11 391.9999999999998
-60 4.498623695781134e-11 387.9999999999997
-60 4.40021352687836e-11 383.9999999999999
-59.99999999999999 4.315977033129034e-11 379.9999999999999
-60 4.244427032062958e-11 375.9999999999999
-60 4.18580725636275e-11 371.9999999999999
-60 4.135804876864842e-11 367.9999999999999
-60 4.095390693237277e-11 363.9999999999999
-60 4.062053019530394e-11 359.9999999999999
-60 4.036593281853129e-11 355.9999999999999
-60 4.017739112980983e-11 351.9999999999999
-60 4.006217579899385e-11 347.9999999999999
-59.99999999999999 4.000888509381184e-11 343.9999999999999
-59.99999999999999 4.001599052116946e-11 339.9999999999999
-60 4.009770293578185e-11 336
-59.99999999999999 4.025757505132788e-11 332
-60.00000000000001 4.048672508361051e-11 328
-60 4.081179838522075e-11 324
-60.00000000000002 4.121680774460401e-11 320
-59.99999999999999 4.173870551508223e-11 316
-60 4.239275597228698e-11 312
-60 4.317612933846249e-11 308
-59.99999999999999 4.411937482018402e-11 304
-60 4.526278060367541e-11 300.0000000000001
-60.00000000000002 4.661633353233027e-11 296
-60 4.8242299044432e-11 292
-60 5.016165260940397e-11 288
-60 5.24575938243288e-11 284
-60 5.521938462038634e-11 280
-59.99999999999999 5.853606488415153e-11 276
-60 6.255640450092415e-11 272
-60.00000000000001 6.748246406118596e-11 268
-60 7.359879372614841e-11 264
-60 -6.666666666608965 428.0000000000001
-60 -6.66666666661113 423.9999999999999
-60 -6.666666666613239 419.9999999999998
-60 -6.666666666615242 415.9999999999998
-60 -6.666666666617092 411.9999999999999
-60 -6.666666666618779 407.9999999999999
-60 -6.666666666620277 403.9999999999999
-60 -6.66666666662163 399.9999999999999
-60 -6.666666666622808 395.9999999999999
-60 -6.666666666623861 391.9999999999999
-60 -6.666666666624776 387.9999999999999
-60 -6.666666666625574 383.9999999999999
-60 -6.666666666626263 379.9999999999999
-60 -6.666666666626851 375.9999999999999
-60 -6.66666666662735 371.9999999999999
-60 -6.666666666627767 367.9999999999998
-60 -6.666666666628116 363.9999999999999
-60 -6.66666666662841 359.9999999999999
-60 -6.666666666628623 355.9999999999999
-60 -6.666666666628785 351.9999999999998
-60 -6.666666666628901 347.9999999999999
-60.00000000000001 -6.666666666628953 343.9999999999999
-59.99999999999998 -6.666666666628943 339.9999999999999
-60 -6.666666666628875 335.9999999999999
-60.00000000000001 -6.666666666628757 332.0000000000001
-60 -6.666666666628557 328
-60 -6.666666666628294 324
-60.00000000000001 -6.666666666627943 320
-60 -6.666666666627514 316
-60 -6.666666666626982 312
-60 -6.666666666626334 308
-59.99999999999999 -6.666666666625581 304
-60 -6.666666666624679 300
-60.00000000000001 -6.666666666623643 296
-60 -6.666666666622441 292
-60 -6.666666666621056 288
-60 -6.666666666619507 284
-60.00000000000001 -6.666666666617773 280.0000000000001
-60 -6.666666666615845 275.9999999999999
-60 -6.666666666613735 271.9999999999999
-60.00000000000002 -6.666666666611488 268
-60 -6.666666666609158 264
-60 -13.33333333329056 428.0000000000001
-60 -13.33333333329158 423.9999999999999
-60 -13.33333333329259 419.9999999999999
-60 -13.33333333329357 416.0000000000001
-60 -13.3333333332945 411.9999999999999
-60 -13.33333333329538 407.9999999999999
-60 -13.33333333329619 403.9999999999999
-60.00000000000001 -13.33333333329696 399.9999999999999
-60 -13.33333333329763 395.9999999999999
-60 -13.33333333329827 391.9999999999999
-60 -13.33333333329883 387.9999999999999
-60 -13.33333333329934 383.9999999999999
-60 -13.33333333329979 379.9999999999999
-60 -13.33333333330018 375.9999999999999
-60 -13.33333333330052 371.9999999999999
-60 -13.33333333330081 367.9999999999998
-60 -13.33333333330106 363.9999999999999
-60 -13.33333333330127 359.9999999999999
-60.00000000000001 -13.33333333330143 355.9999999999999
-60 -13.33333333330154 351.9999999999999
-60.00000000000001 -13.33333333330165 348
-60 -13.33333333330168 343.9999999999999
-59.99999999999999 -13.33333333330169 339.9999999999999
-59.99999999999999 -13.33333333330165 335.9999999999999
-60 -13.33333333330157 332
-59.99999999999999 -13.33333333330144 328
-60 -13.33333333330125 324
-60 -13.33333333330101 320
-60 -13.33333333330074 316
-60 -13.33333333330039 312.0000000000001
-60.00000000000001 -13.33333333329999 308
-60 -13.3333333332995 304
-60.00000000000001 -13.33333333329896 300
-60.00000000000002 -13.33333333329833 296
-60 -13.33333333329761 292
-60.00000000000001 -13.33333333329684 288
-60 -13.33333333329596 284
-60 -13.33333333329504 280
-59.99999999999999 -13.33333333329402 275.9999999999999
-60 -13.33333333329296 272
-60.00000000000001 -13.33333333329186 268
-59.99999999999999 -13.33333333329071 264
-60 -19.99999999997249 427.9999999999999
-60 -19.9999999999728 423.9999999999998
-60 -19.99999999997313 419.9999999999999
-60 -19.99999999997347 415.9999999999999
-60 -19.99999999997382 411.9999999999999
-60 -19.99999999997417 407.9999999999998
-60 -19.99999999997452 403.9999999999998
-60 -19.99999999997486 399.9999999999999
-60 -19.99999999997517 395.9999999999998
-60 -19.99999999997546 391.9999999999999
-60.00000000000001 -19.99999999997576 387.9999999999998
-60 -19.99999999997602 383.9999999999999
-60 -19.99999999997624 379.9999999999999
-60 -19.99999999997644 375.9999999999999
-60 -19.99999999997662 371.9999999999999
-60 -19.99999999997679 367.9999999999999
-59.99999999999999 -19.99999999997695 363.9999999999999
-60 -19.99999999997706 359.9999999999999
-60 -19.99999999997716 355.9999999999999
-60.00000000000001 -19.99999999997723 351.9999999999999
-60 -19.99999999997729 347.9999999999999
-60 -19.99999999997732 343.9999999999998
-59.99999999999999 -19.99999999997733 339.9999999999999
-60.00000000000001 -19.99999999997733 336.0000000000001
-59.99999999999999 -19.99999999997729 332
-60 -19.99999999997722 328
-60 -19.99999999997713 324.0000000000001
-60 -19.999999999977 320
-60 -19.99999999997683 316
-59.99999999999999 -19.99999999997666 311.9999999999999
-60 -19.99999999997645 308
-60 -19.99999999997621 304
-60 -19.99999999997594 300
-60.00000000000001 -19.99999999997564 296
-59.99999999999999 -19.99999999997533 292
-60 -19.99999999997499 288
-60 -19.99999999997463 284
-60 -19.99999999997425 280
-60 -19.99999999997383 276
-60 -19.99999999997344 272
-60.00000000000001 -19.99999999997301 268
-60 -19.9999999999726 264.0000000000001
-60.00000000000001 -26.6666666666544 427.9999999999999
-60 -26.66666666665411 423.9999999999999
-60 -26.66666666665393 419.9999999999999
-60.00000000000001 -26.66666666665385 415.9999999999999
-60 -26.66666666665384 411.9999999999999
-59.99999999999999 -26.66666666665385 407.9999999999999
-60 -26.66666666665392 403.9999999999999
-60 -26.66666666665397 399.9999999999999
-60 -26.66666666665407 395.9999999999999
-60.00000000000001 -26.66666666665415 391.9999999999999
-60 -26.66666666665424 387.9999999999999
-60 -26.66666666665431 383.9999999999999
-60.00000000000001 -26.6666666666544 379.9999999999999
-60 -26.66666666665449 375.9999999999999
-60 -26.66666666665456 371.9999999999999
-60.00000000000001 -26.66666666665463 368.0000000000001
-60.00000000000001 -26.66666666665469 364.0000000000001
-60.00000000000001 -26.66666666665474 360.0000000000001
-59.99999999999999 -26.66666666665478 355.9999999999999
-60 -26.66666666665481 351.9999999999999
-60 -26.66666666665484 348
-60 -26.66666666665487 344
-60 -26.66666666665487 340
-59.99999999999999 -26.66666666665487 336
-60 -26.66666666665486 332
-60 -26.66666666665485 328
-60 -26.66666666665481 324
-60.00000000000001 -26.66666666665477 320
-60.00000000000001 -26.66666666665472 316
-60 -26.66666666665463 312.0000000000001
-60 -26.66666666665457 308
-59.99999999999999 -26.66666666665449 304
-60 -26.6666666666544 300
-60.00000000000001 -26.66666666665429 296
-60.00000000000001 -26.66666666665423 292
-60.00000000000001 -26.66666666665414 288
-60 -26.66666666665408 284
-60 -26.66666666665405 280
-59.99999999999999 -26.66666666665404 276
-60 -26.66666666665408 272
-60.00000000000001 -26.66666666665419 267.9999999999999
-60.00000000000001 -26.66666666665444 264
-40.00000000002277 -40.00000000000001 427.9999999999998
-40.00000000002676 -40 424
-40.00000000002946 -40 420
-40.00000000003124 -39.99999999999999 415.9999999999999
-40.00000000003241 -40 412
-40.00000000003313 -40 407.9999999999998
-40.00000000003353 -40 403.9999999999999
-40.00000000003371 -40 399.9999999999999
-40.00000000003375 -40 395.9999999999999
-40.00000000003371 -40 391.9999999999999
-40.00000000003359 -40 387.9999999999998
-40.00000000003347 -40 383.9999999999999
-40.00000000003331 -40 379.9999999999999
-40.00000000003315 -40 375.9999999999998
-40.000000000033 -40 371.9999999999999
-40.00000000003286 -40 367.9999999999999
-40.00000000003273 -40 363.9999999999999
-40.00000000003261 -40 359.9999999999999
-40.00000000003251 -40 355.9999999999999
-40.00000000003244 -40 352
-40.00000000003239 -40 348.0000000000001
-40.00000000003237 -40 344.0000000000001
-40.00000000003234 -40 340
-40.00000000003236 -40 336
-40.00000000003239 -40 332
-40.00000000003244 -40.00000000000001 328
-40.00000000003251 -40.00000000000001 324.0000000000001
-40.00000000003261 -40.00000000000001 320
-40.00000000003271 -40 316
-40.00000000003283 -39.99999999999999 312
-40.00000000003296 -40 308
-40.00000000003307 -40 304
-40.00000000003315 -40.00000000000001 300.0000000000001
-40.0000000000332 -40 296
-40.00000000003315 -39.99999999999998 292
-40.00000000003298 -40 288
-40.00000000003262 -39.99999999999999 284
-40.00000000003196 -40 280
-40.00000000003084 -39.99999999999999 276
-40.00000000002915 -40.00000000000001 271.9999999999999
-40.00000000002654 -40.00000000000001 268
-40.00000000002264 -39.99999999999999 264
-30.00000000007891 -40 428
-30.00000000007687 -40 424
-30.00000000007511 -40 419.9999999999999
-30.00000000007357 -40 415.9999999999999
-30.00000000007218 -40 411.9999999999999
-30.00000000007095 -40 407.9999999999999
-30.00000000006983 -40 403.9999999999999
-30.0000000000688 -40 399.9999999999999
-30.00000000006786 -40 395.9999999999997
-30.000000000067 -40 391.9999999999997
-30.00000000006624 -39.99999999999999 387.9999999999999
-30.00000000006555 -40 383.9999999999999
-30.00000000006493 -40 379.9999999999997
-30.0000000000644 -40 375.9999999999999
-30.00000000006391 -40 371.9999999999999
-30.0000000000635 -40 367.9999999999999
-30.00000000006315 -40 363.9999999999999
-30.00000000006287 -40 359.9999999999999
-30.00000000006263 -40 355.9999999999999
-30.00000000006244 -40 352
-30.00000000006231 -40 347.9999999999999
-30.00000000006226 -40 343.9999999999999
-30.00000000006225 -40 339.9999999999999
-30.00000000006229 -40 336
-30.0000000000624 -40 332
-30.00000000006257 -40 328
-30.0000000000628 -40 324
-30.00000000006312 -40 320
-30.00000000006351 -40 316
-30.00000000006396 -40 312
-30.00000000006451 -40 307.9999999999999
-30.00000000006516 -40.00000000000001 304.0000000000001
-30.0000000000659 -40 300
-30.00000000006673 -40 296
-30.00000000006769 -40 292
-30.00000000006875 -39.99999999999999 288
-30.00000000006995 -39.99999999999999 284
-30.00000000007128 -40 280
-30.00000000007278 -39.99999999999999 276
-30.00000000007446 -40.00000000000002 272.0000000000001
-30.0000000000764 -40 268
-30.00000000007866 -40.00000000000001 264.0000000000001
-20.00000000012663 -40 427.9999999999998
-20.00000000012066 -40 423.9999999999999
-20.00000000011565 -40 419.9999999999999
-20.00000000011142 -40 415.9999999999999
-20.00000000010779 -40 411.9999999999999
-20.00000000010469 -40 407.9999999999999
-20.00000000010201 -40 403.9999999999999
-20.00000000009966 -40 399.9999999999999
-20.00000000009764 -40 395.9999999999998
-20.00000000009587 -40 391.9999999999998
-20.00000000009432 -40 387.9999999999998
-20.00000000009296 -40 383.9999999999999
-20.0000000000918 -40 379.9999999999999
-20.00000000009079 -40 375.9999999999999
-20.00000000008994 -40 371.9999999999999
-20.00000000008922 -40 367.9999999999998
-20.00000000008859 -40 363.9999999999999
-20.0000000000881 -40 359.9999999999999
-20.0000000000877 -40 355.9999999999999
-20.0000000000874 -40 352
-20.00000000008721 -40 348.0000000000001
-20.00000000008711 -40 344
-20.0000000000871 -40 340
-20.00000000008721 -40 336
-20.00000000008742 -40 332
-20.00000000008774 -40 328
-20.0000000000882 -40 324
-20.00000000008877 -40 320
-20.0000000000895 -40 315.9999999999999
-20.00000000009038 -40 312
-20.00000000009145 -40 308
-20.00000000009273 -40.00000000000001 304
-20.00000000009424 -40 300.0000000000001
-20.00000000009599 -40.00000000000001 296.0000000000001
-20.00000000009804 -40 292
-20.00000000010043 -40 288
-20.00000000010321 -39.99999999999998 284
-20.00000000010646 -40 280
-20.00000000011025 -40 275.9999999999999
-20.00000000011472 -40.00000000000002 272.0000000000001
-20.00000000011998 -39.99999999999999 267.9999999999999
-20.00000000012627 -40 264.0000000000001
-10.00000000015079 -40 428.0000000000001
-10.00000000014533 -40 423.9999999999998
-10.0000000001403 -40 419.9999999999999
-10.00000000013567 -40 415.9999999999998
-10.00000000013148 -40 411.9999999999999
-10.00000000012771 -40 407.9999999999999
-10.00000000012431 -40 403.9999999999999
-10.00000000012129 -40 399.9999999999999
-10.0000000001186 -40 395.9999999999999
-10.00000000011623 -40 391.9999999999999
-10.00000000011414 -40 387.9999999999999
-10.00000000011232 -40 383.9999999999998
-10.00000000011071 -40 379.9999999999998
-10.00000000010934 -40 375.9999999999999
-10.00000000010816 -40 371.9999999999998
-10.00000000010716 -40 367.9999999999998
-10.00000000010631 -40 363.9999999999998
-10.00000000010564 -40 359.9999999999999
-10.0000000001051 -40 355.9999999999999
-10.0000000001047 -40 351.9999999999998
-10.00000000010444 -40 348
-10.0000000001043 -40.00000000000001 343.9999999999999
-10.00000000010431 -39.99999999999999 339.9999999999999
-10.00000000010448 -40 336
-10.00000000010476 -40 332
-10.00000000010522 -40 328.0000000000001
-10.00000000010585 -40 324
-10.00000000010666 -40 320
-10.00000000010768 -40 316
-10.0000000001089 -40 312
-10.00000000011036 -40 308
-10.00000000011211 -40.00000000000001 304
-10.00000000011416 -39.99999999999999 300
-10.00000000011651 -40 296
-10.00000000011923 -40 292
-10.00000000012233 -40 288.0000000000001
-10.00000000012583 -39.99999999999999 284.0000000000001
-10.00000000012978 -40 280
-10.0000000001342 -39.99999999999999 276
-10.00000000013909 -40.00000000000001 271.9999999999999
-10.00000000014447 -39.99999999999999 268
-10.00000000015031 -40 263.9999999999999
-1.670450444635208e-10 -40 428
-1.607567412520439e-10 -40 423.9999999999999
-1.54841472976841e-10 -40 419.9999999999999
-1.493525303430943e-10 -40 415.9999999999999
-1.443396513423068e-10 -40 411.9999999999998
-1.397982918058196e-10 -40 407.9999999999998
-1.356935029455832e-10 -40.00000000000001 403.9999999999998
-1.320272676715578e-10 -40 399.9999999999998
-1.287681072881242e-10 -40 395.9999999999998
-1.259207312064381e-10 -40 391.9999999999998
-1.23392851492099e-10 -40.00000000000001 387.9999999999998
-1.21192151921203e-10 -40 383.9999999999998
-1.192859144794056e-10 -40 379.9999999999998
-1.176397687273958e-10 -40 375.9999999999998
-1.162376861429948e-10 -40 371.9999999999998
-1.150413304669708e-10 -40 367.9999999999998
-1.140449182119398e-10 -40.00000000000001 363.9999999999999
-1.132356430844084e-10 -40 359.9999999999999
-1.126032600495819e-10 -40 355.9999999999999
-1.121254200597832e-10 -40 351.9999999999999
-1.118252157539246e-10 -40 347.9999999999999
-1.116937653478089e-10 -40 344
-1.117133052730424e-10 -40 339.9999999999999
-1.118949067769029e-10 -40 336
-1.122462123248624e-10 -39.99999999999999 332
-1.127951065882371e-10 -40 328
-1.135518346018216e-10 -40 324
-1.14542339437596e-10 -40 320.0000000000001
-1.157545170826779e-10 -40 316.0000000000001
-1.172590913256499e-10 -39.99999999999999 312
-1.190336718082108e-10 -40 308
-1.211040157045318e-10 -40 304
-1.235749280681375e-10 -40 300
-1.2641088176224e-10 -40.00000000000001 296.0000000000001
-1.296913584277464e-10 -40 292
-1.334325518293321e-10 -40 288.0000000000001
-1.376588765458829e-10 -39.99999999999998 284
-1.424175712761394e-10 -39.99999999999999 280
-1.477133970695377e-10 -40 276
-1.534906052387573e-10 -40.00000000000001 272
-1.598045003819089e-10 -40 268
-1.665262372441134e-10 -40 264.0000000000001
9.999999999821839 -40 428.0000000000001
9.99999999983222 -40 423.9999999999999
9.999999999841044 -40 419.9999999999999
9.999999999848615 -40 415.9999999999998
9.999999999855152 -40 411.9999999999998
9.999999999860815 -40 407.9999999999997
9.999999999865711 -40 403.9999999999998
9.999999999869949 -40 399.9999999999998
9.999999999873628 -40 395.9999999999998
9.999999999876827 -40 391.9999999999998
9.99999999987959 -40 387.9999999999998
9.999999999881991 -40 383.9999999999998
9.999999999884048 -40 379.9999999999997
9.999999999885803 -40 375.9999999999997
9.999999999887303 -40 371.9999999999998
9.999999999888589 -40 367.9999999999998
9.999999999889631 -40 363.9999999999998
9.999999999890482 -40 359.9999999999999
9.999999999891134 -40 355.9999999999998
9.999999999891626 -40 351.9999999999998
9.999999999891942 -40 348
9.999999999892085 -40 343.9999999999998
9.99999999989206 -40 339.9999999999999
9.999999999891866 -40 335.9999999999999
9.999999999891466 -40.00000000000001 332.0000000000001
9.999999999890878 -39.99999999999999 328
9.999999999890068 -40 324
9.999999999889003 -40 320.0000000000001
9.99999999988772 -39.99999999999999 316
9.999999999886116 -40 312
9.999999999884203 -40 308.0000000000001
9.999999999881917 -40 304
9.99999999987919 -40 300
9.999999999876033 -40 296
9.999999999872326 -40 292
9.999999999867997 -40 288
9.999999999862954 -39.99999999999999 284
9.999999999857106 -39.99999999999999 280
9.999999999850337 -39.99999999999999 276
9.999999999842423 -40.00000000000001 272
9.999999999833207 -40 268
9.999999999822391 -40.00000000000001 264.0000000000001
19.99999999984715 -39.99999999999999 427.9999999999999
19.99999999985548 -40 423.9999999999999
19.99999999986276 -40 419.9999999999998
19.99999999986913 -40 415.9999999999999
19.99999999987466 -40 411.9999999999999
19.99999999987953 -40 407.9999999999999
19.99999999988378 -40 403.9999999999998
19.99999999988748 -40 399.9999999999998
19.9999999998907 -40 395.9999999999998
19.99999999989354 -40 391.9999999999998
19.99999999989596 -40 387.9999999999997
19.9999999998981 -40 383.9999999999999
19.99999999989993 -40 379.9999999999999
19.99999999990148 -40 375.9999999999998
19.9999999999028 -40 371.9999999999998
19.99999999990392 -40 367.9999999999998
19.99999999990486 -40 363.9999999999998
19.99999999990562 -40 359.9999999999998
19.99999999990622 -40 355.9999999999999
19.99999999990663 -40 351.9999999999999
19.99999999990691 -39.99999999999999 347.9999999999999
19.99999999990705 -40 343.9999999999999
19.99999999990704 -40 339.9999999999999
19.99999999990685 -40 335.9999999999999
19.99999999990651 -40 331.9999999999999
19.99999999990597 -40 327.9999999999999
19.99999999990528 -40 323.9999999999999
19.99999999990434 -40 320.0000000000001
19.99999999990322 -40 316
19.99999999990179 -40 312
19.99999999990008 -39.99999999999999 308
19.99999999989803 -40 304
19.99999999989567 -40 300
19.99999999989285 -40 296.0000000000001
19.99999999988957 -39.99999999999999 291.9999999999999
19.99999999988581 -40 288
19.99999999988145 -39.99999999999999 284
19.99999999987643 -39.99999999999999 280
19.99999999987062 -40 276
19.99999999986396 -40.00000000000001 272
19.99999999985634 -40 267.9999999999999
19.99999999984763 -40.00000000000001 264
29.99999999989582 -40 428
29.99999999989981 -40 423.9999999999999
29.99999999990359 -40 419.9999999999999
29.9999999999071 -40 415.9999999999998
29.99999999991034 -40 411.9999999999999
29.99999999991326 -40 407.9999999999999
29.99999999991595 -40 403.9999999999998
29.99999999991832 -40 399.9999999999999
29.99999999992049 -40 395.9999999999997
29.99999999992238 -40 391.9999999999999
29.99999999992408 -40 387.9999999999999
29.99999999992552 -40 384
29.99999999992679 -40 379.9999999999998
29.99999999992789 -40 375.9999999999998
29.99999999992886 -40 371.9999999999998
29.99999999992966 -40 367.9999999999999
29.99999999993031 -40 363.9999999999999
29.99999999993087 -39.99999999999999 359.9999999999999
29.99999999993129 -39.99999999999999 355.9999999999999
29.99999999993164 -40 351.9999999999999
29.99999999993184 -40 347.9999999999999
29.99999999993193 -40 343.9999999999999
29.99999999993191 -40 339.9999999999998
29.99999999993177 -40 335.9999999999999
29.99999999993152 -40 331.9999999999999
29.99999999993117 -40.00000000000001 328
29.99999999993067 -40 324.0000000000001
29.99999999993002 -39.99999999999999 320
29.99999999992921 -39.99999999999999 316
29.99999999992819 -40.00000000000001 312
29.99999999992701 -40 308
29.9999999999256 -39.99999999999999 304
29.99999999992397 -40 300
29.99999999992209 -40 296
29.99999999991992 -40 292.0000000000001
29.99999999991747 -40 288
29.99999999991471 -39.99999999999999 284
29.99999999991164 -40 280
29.99999999990821 -40 276.0000000000001
29.99999999990447 -40.00000000000001 272
29.99999999990046 -39.99999999999999 268
29.99999999989616 -40 264.0000000000001
39.99999999994751 -40.00000000000001 427.9999999999999
39.99999999994916 -40.00000000000001 423.9999999999999
39.99999999995073 -40 419.9999999999999
39.99999999995224 -40 415.9999999999999
39.99999999995364 -40 411.9999999999999
39.99999999995497 -40 407.9999999999998
39.99999999995622 -40 403.9999999999998
39.99999999995736 -40 399.9999999999998
39.99999999995835 -40 395.9999999999999
39.99999999995929 -40 391.9999999999999
39.9999999999601 -40.00000000000001 387.9999999999999
39.99999999996081 -40 383.9999999999999
39.99999999996142 -40 379.9999999999999
39.99999999996197 -40 375.9999999999999
39.99999999996248 -40 371.9999999999999
39.99999999996288 -40 367.9999999999999
39.99999999996323 -40 363.9999999999999
39.99999999996354 -39.99999999999999 359.9999999999999
39.99999999996378 -40.00000000000001 355.9999999999999
39.99999999996396 -40.00000000000001 351.9999999999999
39.99999999996407 -40 348
39.99999999996414 -39.99999999999999 344
39.99999999996415 -40.00000000000001 340
39.99999999996403 -39.99999999999999 335.9999999999999
39.9999999999639 -40 332
39.99999999996374 -40 328
39.99999999996348 -40 324
39.99999999996316 -40 320.0000000000001
39.99999999996275 -39.99999999999999 316.0000000000001
39.99999999996223 -40 312
39.99999999996162 -40 308
39.99999999996092 -40 303.9999999999999
39.99999999996015 -40 300
39.9999999999592 -40 296
39.99999999995816 -40 292
39.999999999957 -40.00000000000001 288
39.99999999995576 -39.99999999999999 284
39.99999999995434 -40 280
39.99999999995286 -40 276
39.9999999999512 -40.00000000000001 272.0000000000001
39.99999999994949 -40 268
39.9999999999477 -40.00000000000001 264.0000000000001
60 -26.66666666667824 428.0000000000001
60 -26.66666666667883 423.9999999999999
60 -26.66666666667923 419.9999999999999
60 -26.66666666667947 415.9999999999999
60 -26.66666666667962 411.9999999999998
60 -26.66666666667968 407.9999999999999
60 -26.66666666667969 403.9999999999999
60 -26.66666666667966 399.9999999999999
60 -26.6666666666796 395.9999999999999
60 -26.66666666667953 391.9999999999999
60 -26.66666666667945 387.9999999999999
60 -26.66666666667937 383.9999999999999
60 -26.66666666667929 379.9999999999999
60.00000000000001 -26.66666666667921 375.9999999999999
60 -26.66666666667914 371.9999999999998
60 -26.66666666667908 367.9999999999999
60.00000000000001 -26.66666666667903 364
60 -26.66666666667897 359.9999999999999
60 -26.66666666667893 355.9999999999999
60 -26.66666666667889 351.9999999999999
60 -26.66666666667886 348
60 -26.66666666667885 343.9999999999999
60 -26.66666666667885 340.0000000000001
60 -26.66666666667885 336
60 -26.66666666667886 332
59.99999999999999 -26.66666666667889 328
60 -26.66666666667893 324
60.00000000000001 -26.66666666667897 320
60 -26.66666666667902 316
60 -26.66666666667908 312
60 -26.66666666667914 308
59.99999999999999 -26.66666666667922 304
60.00000000000001 -26.66666666667929 300
60.00000000000001 -26.66666666667936 296
60.00000000000001 -26.66666666667942 292.0000000000001
59.99999999999999 -26.66666666667945 288
60 -26.66666666667946 284
59.99999999999999 -26.66666666667941 280
60 -26.6666666666793 275.9999999999999
60 -26.66666666667909 272
60.00000000000001 -26.66666666667874 268
60.00000000000001 -26.66666666667819 264.0000000000001
60.00000000000001 -20.000000000028 428.0000000000001
60 -20.00000000002782 423.9999999999999
60 -20.00000000002757 419.9999999999999
59.99999999999999 -20.00000000002727 415.9999999999998
60 -20.00000000002694 411.9999999999999
60 -20.00000000002658 407.9999999999999
60 -20.00000000002623 403.9999999999999
59.99999999999999 -20.00000000002589 399.9999999999998
60 -20.00000000002556 395.9999999999999
60 -20.00000000002524 391.9999999999999
59.99999999999999 -20.00000000002495 387.9999999999999
59.99999999999999 -20.00000000002467 383.9999999999999
60 -20.00000000002442 379.9999999999999
60 -20.00000000002421 375.9999999999999
60 -20.00000000002401 371.9999999999999
60 -20.00000000002384 367.9999999999999
60 -20.00000000002369 363.9999999999999
60 -20.00000000002357 359.9999999999999
60 -20.00000000002348 355.9999999999999
60 -20.0000000000234 351.9999999999999
60 -20.00000000002335 348.0000000000001
60 -20.00000000002332 343.9999999999999
59.99999999999999 -20.00000000002331 340
59.99999999999999 -20.00000000002333 336
60 -20.00000000002337 332
60 -20.00000000002344 328
60.00000000000002 -20.00000000002354 324.0000000000001
60.00000000000001 -20.00000000002368 320.0000000000001
60 -20.00000000002384 316
60 -20.00000000002402 312
60 -20.00000000002423 308
59.99999999999999 -20.00000000002448 304
60 -20.00000000002477 300
60.00000000000001 -20.00000000002508 296
60.00000000000001 -20.00000000002542 292.0000000000001
60 -20.00000000002579 288
60.00000000000001 -20.00000000002616 284
60 -20.00000000002654 280
60 -20.00000000002692 276
60.00000000000001 -20.0000000000273 272
60.00000000000001 -20.00000000002763 268
59.99999999999999 -20.00000000002789 264
60 -13.33333333337929 428
60 -13.33333333337774 423.9999999999999
60 -13.33333333337632 419.9999999999999
60 -13.333333333375 415.9999999999998
60.00000000000001 -13.3333333333738 411.9999999999999
59.99999999999999 -13.33333333337272 407.9999999999999
60 -13.33333333337173 403.9999999999999
60 -13.33333333337084 399.9999999999999
60 -13.33333333337004 395.9999999999997
60 -13.33333333336932 391.9999999999998
60 -13.3333333333687 387.9999999999998
59.99999999999999 -13.33333333336813 383.9999999999999
60 -13.33333333336764 379.9999999999999
60 -13.33333333336721 375.9999999999999
59.99999999999999 -13.33333333336685 371.9999999999999
60 -13.33333333336654 367.9999999999998
60 -13.33333333336629 363.9999999999999
60 -13.33333333336607 359.9999999999999
60.00000000000001 -13.3333333333659 355.9999999999999
60 -13.33333333336577 351.9999999999999
60 -13.33333333336568 347.9999999999999
60 -13.33333333336564 343.9999999999999
60 -13.33333333336564 340
60 -13.33333333336568 336
60 -13.33333333336576 332.0000000000001
60 -13.33333333336591 328
60 -13.3333333333661 324
60.00000000000002 -13.33333333336634 320.0000000000001
59.99999999999999 -13.33333333336666 316
59.99999999999999 -13.33333333336704 312
60 -13.33333333336749 308
60 -13.33333333336802 304
60 -13.33333333336864 300
60.00000000000001 -13.33333333336935 296
59.99999999999999 -13.33333333337015 291.9999999999999
59.99999999999999 -13.33333333337107 288
60.00000000000001 -13.3333333333721 284.0000000000001
60 -13.33333333337325 280
60 -13.33333333337451 275.9999999999999
59.99999999999999 -13.33333333337591 272
60.00000000000001 -13.33333333337745 268
60.00000000000001 -13.33333333337915 264.0000000000001
60 -6.66666666672748 427.9999999999999
59.99999999999999 -6.666666666724714 423.9999999999998
60 -6.66666666672214 419.9999999999999
59.99999999999999 -6.666666666719768 415.9999999999999
60 -6.666666666717651 411.9999999999999
60 -6.666666666715747 407.9999999999999
60 -6.666666666714056 403.9999999999999
60 -6.66666666671259 399.9999999999999
60 -6.666666666711302 395.9999999999998
60 -6.666666666710169 391.9999999999999
60 -6.666666666709189 387.9999999999997
60 -6.666666666708347 383.9999999999999
60 -6.666666666707616 379.9999999999999
59.99999999999999 -6.66666666670698 375.9999999999998
60 -6.666666666706454 371.9999999999999
60 -6.666666666706016 367.9999999999999
60 -6.666666666705649 363.9999999999999
60 -6.66666666670536 359.9999999999999
60 -6.666666666705123 355.9999999999999
59.99999999999999 -6.666666666704949 351.9999999999998
60 -6.666666666704835 347.9999999999999
60 -6.666666666704792 343.9999999999999
59.99999999999999 -6.666666666704798 339.9999999999999
60 -6.666666666704868 336
60 -6.666666666705005 332
60 -6.666666666705211 328
60 -6.666666666705497 324
60.00000000000001 -6.66666666670586 320
60 -6.666666666706311 316
60 -6.666666666706872 312
60 -6.666666666707554 308
59.99999999999999 -6.666666666708373 304
60 -6.666666666709339 300.0000000000001
60.00000000000001 -6.666666666710455 295.9999999999999
60.00000000000001 -6.666666666711763 292
59.99999999999999 -6.666666666713269 287.9999999999999
60 -6.666666666715003 284
60 -6.666666666716973 280
60 -6.666666666719189 276
60 -6.666666666721661 272
60.00000000000001 -6.66666666672437 268
60.00000000000001 -6.666666666727287 263.9999999999999
60 -7.37898631086864e-11 428
60 -6.785472442325678e-11 423.9999999999999
59.99999999999999 -6.305839571437941e-11 419.9999999999999
60 -5.915268275202834e-11 415.9999999999999
60 -5.592681873167749e-11 411.9999999999998
60 -5.324984897470131e-11 407.9999999999997
59.99999999999999 -5.101163935705699e-11 403.9999999999998
59.99999999999999 -4.910205575470172e-11 399.9999999999998
60 -4.75030454248723e-11 395.9999999999998
60.00000000000001 -4.614442161710031e-11 391.9999999999998
60 -4.498623695781134e-11 387.9999999999997
60 -4.40021352687836e-11 383.9999999999999
59.99999999999999 -4.315977033129034e-11 379.9999999999999
60 -4.244427032062958e-11 375.9999999999999
60 -4.18580725636275e-11 371.9999999999999
60 -4.135804876864842e-11 367.9999999999999
60 -4.095390693237277e-11 363.9999999999999
60 -4.062053019530394e-11 359.9999999999999
60 -4.036593281853129e-11 355.9999999999999
60 -4.017739112980983e-11 351.9999999999999
60 -4.006217579899385e-11 347.9999999999999
59.99999999999999 -4.000888509381184e-11 343.9999999999999
59.99999999999999 -4.001599052116946e-11 339.9999999999999
60 -4.009770293578185e-11 336
59.99999999999999 -4.025757505132788e-11 332
60.00000000000001 -4.048672508361051e-11 328
60 -4.081179838522075e-11 324
60.00000000000002 -4.121680774460401e-11 320
59.99999999999999 -4.173870551508223e-11 316
60 -4.239275597228698e-11 312
60 -4.317612933846249e-11 308
59.99999999999999 -4.411937482018402e-11 304
60 -4.526278060367541e-11 300.0000000000001
60.00000000000002 -4.661633353233027e-11 296
60 -4.8242299044432e-11 292
60 -5.016165260940397e-11 288
60 -5.24575938243288e-11 284
60 -5.521938462038634e-11 280
59.99999999999999 -5.853606488415153e-11 276
60 -6.255640450092415e-11 272
60.00000000000001 -6.748246406118596e-11 268
60 -7.359879372614841e-11 264
60 6.666666666608965 428.0000000000001
60 6.66666666661113 423.9999999999999
60 6.666666666613239 419.9999999999998
60 6.666666666615242 415.9999999999998
60 6.666666666617092 411.9999999999999
60 6.666666666618779 407.9999999999999
60 6.666666666620277 403.9999999999999
60 6.66666666662163 399.9999999999999
60 6.666666666622808 395.9999999999999
60 6.666666666623861 391.9999999999999
60 6.666666666624776 387.9999999999999
60 6.666666666625574 383.9999999999999
60 6.666666666626263 379.9999999999999
60 6.666666666626851 375.9999999999999
60 6.66666666662735 371.9999999999999
60 6.666666666627767 367.9999999999998
60 6.666666666628116 363.9999999999999
60 6.66666666662841 359.9999999999999
60 6.666666666628623 355.9999999999999
60 6.666666666628785 351.9999999999998
60 6.666666666628901 347.9999999999999
60.00000000000001 6.666666666628953 343.9999999999999
59.99999999999998 6.666666666628943 339.9999999999999
60 6.666666666628875 335.9999999999999
60.00000000000001 6.666666666628757 332.0000000000001
60 6.666666666628557 328
60 6.666666666628294 324
60.00000000000001 6.666666666627943 320
60 6.666666666627514 316
60 6.666666666626982 312
60 6.666666666626334 308
59.99999999999999 6.666666666625581 304
60 6.666666666624679 300
60.00000000000001 6.666666666623643 296
60 6.666666666622441 292
60 6.666666666621056 288
60 6.666666666619507 284
60.00000000000001 6.666666666617773 280.0000000000001
60 6.666666666615845 275.9999999999999
60 6.666666666613735 271.9999999999999
60.00000000000002 6.666666666611488 268
60 6.666666666609158 264
60 13.33333333329056 428.0000000000001
60 13.33333333329158 423.9999999999999
60 13.33333333329259 419.9999999999999
60 13.33333333329357 416.0000000000001
60 13.3333333332945 411.9999999999999
60 13.33333333329538 407.9999999999999
60 13.33333333329619 403.9999999999999
60.00000000000001 13.33333333329696 399.9999999999999
60 13.33333333329763 395.9999999999999
60 13.33333333329827 391.9999999999999
60 13.33333333329883 387.9999999999999
60 13.33333333329934 383.9999999999999
60 13.33333333329979 379.9999999999999
60 13.33333333330018 375.9999999999999
60 13.33333333330052 371.9999999999999
60 13.33333333330081 367.9999999999998
60 13.33333333330106 363.9999999999999
60 13.33333333330127 359.9999999999999
60.00000000000001 13.33333333330143 355.9999999999999
60 13.33333333330154 351.9999999999999
60.00000000000001 13.33333333330165 348
60 13.33333333330168 343.9999999999999
59.99999999999999 13.33333333330169 339.9999999999999
59.99999999999999 13.33333333330165 335.9999999999999
60 13.33333333330157 332
59.99999999999999 13.33333333330144 328
60 13.33333333330125 324
60 13.33333333330101 320
60 13.33333333330074 316
60 13.33333333330039 312.0000000000001
60.00000000000001 13.33333333329999 308
60 13.3333333332995 304
60.00000000000001 13.33333333329896 300
60.00000000000002 13.33333333329833 296
60 13.33333333329761 292
60.00000000000001 13.33333333329684 288
60 13.33333333329596 284
60 13.33333333329504 280
59.99999999999999 13.33333333329402 275.9999999999999
60 13.33333333329296 272
60.00000000000001 13.33333333329186 268
59.99999999999999 13.33333333329071 264
60 19.99999999997249 427.9999999999999
60 19.9999999999728 423.9999999999998
60 19.99999999997313 419.9999999999999
60 19.99999999997347 415.9999999999999
60 19.99999999997382 411.9999999999999
60 19.99999999997417 407.9999999999998
60 19.99999999997452 403.9999999999998
60 19.99999999997486 399.9999999999999
60 19.99999999997517 395.9999999999998
60 19.99999999997546 391.9999999999999
60.00000000000001 19.99999999997576 387.9999999999998
60 19.99999999997602 383.9999999999999
60 19.99999999997624 379.9999999999999
60 19.99999999997644 375.9999999999999
60 19.99999999997662 371.9999999999999
60 19.99999999997679 367.9999999999999
59.99999999999999 19.99999999997695 363.9999999999999
60 19.99999999997706 359.9999999999999
60 19.99999999997716 355.9999999999999
60.00000000000001 19.99999999997723 351.9999999999999
60 19.99999999997729 347.9999999999999
60 19.99999999997732 343.9999999999998
59.99999999999999 19.99999999997733 339.9999999999999
60.00000000000001 19.99999999997733 336.0000000000001
59.99999999999999 19.99999999997729 332
60 19.99999999997722 328
60 19.99999999997713 324.0000000000001
60 19.999999999977 320
60 19.99999999997683 316
59.99999999999999 19.99999999997666 311.9999999999999
60 19.99999999997645 308
60 19.99999999997621 304
60 19.99999999997594 300
60.00000000000001 19.99999999997564 296
59.99999999999999 19.99999999997533 292
60 19.99999999997499 288
60 19.99999999997463 284
60 19.99999999997425 280
60 19.99999999997383 276
60 19.99999999997344 272
60.00000000000001 19.99999999997301 268
60 19.9999999999726 264.0000000000001
60.00000000000001 26.6666666666544 427.9999999999999
60 26.66666666665411 423.9999999999999
60 26.66666666665393 419.9999999999999
60.00000000000001 26.66666666665385 415.9999999999999
60 26.66666666665384 411.9999999999999
59.99999999999999 26.66666666665385 407.9999999999999
60 26.66666666665392 403.9999999999999
60 26.66666666665397 399.9999999999999
60 26.66666666665407 395.9999999999999
60.00000000000001 26.66666666665415 391.9999999999999
60 26.66666666665424 387.9999999999999
60 26.66666666665431 383.9999999999999
60.00000000000001 26.6666666666544 379.9999999999999
60 26.66666666665449 375.9999999999999
60 26.66666666665456 371.9999999999999
60.00000000000001 26.66666666665463 368.0000000000001
60.00000000000001 26.66666666665469 364.0000000000001
60.00000000000001 26.66666666665474 360.0000000000001
59.99999999999999 26.66666666665478 355.9999999999999
60 26.66666666665481 351.9999999999999
60 26.66666666665484 348
60 26.66666666665487 344
60 26.66666666665487 340
59.99999999999999 26.66666666665487 336
60 26.66666666665486 332
60 26.66666666665485 328
60 26.66666666665481 324
60.00000000000001 26.66666666665477 320
60.00000000000001 26.66666666665472 316
60 26.66666666665463 312.0000000000001
60 26.66666666665457 308
59.99999999999999 26.66666666665449 304
60 26.6666666666544 300
60.00000000000001 26.66666666665429 296
60.00000000000001 26.66666666665423 292
60.00000000000001 26.66666666665414 288
60 26.66666666665408 284
60 26.66666666665405 280
59.99999999999999 26.66666666665404 276
60 26.66666666665408 272
60.00000000000001 26.66666666665419 267.9999999999999
60.00000000000001 26.66666666665444 264
40.00000000002585 40.00000000000001 507.9999999999999
40.00000000002789 40 504
40.00000000002717 40 500
40.00000000002556 40 496.0000000000001
40.00000000002385 40 492
40.00000000002237 40 488
40.00000000002137 40 483.9999999999999
40.00000000002085 40 480
40.00000000002083 40 475.9999999999999
40.00000000002135 40 471.9999999999999
40.00000000002237 40 468.0000000000001
40.0000000000238 40 464
40.00000000002551 40.00000000000001 460
40.00000000002713 40 456
40.00000000002787 39.99999999999999 452
40.00000000002584 40.00000000000001 448.0000000000001
30.00000000007156 40 508
30.00000000006363 40 504
30.00000000005691 40 500
30.00000000005132 40 496
30.00000000004685 40 492
30.00000000004349 40 488
30.00000000004124 40 484
30.00000000004012 40 480
30.00000000004011 40 476
30.00000000004121 40 472
30.00000000004343 40 467.9999999999999
30.00000000004679 40 464
30.00000000005124 40.00000000000001 459.9999999999999
30.00000000005684 39.99999999999999 456
30.00000000006357 40 452.0000000000001
30.00000000007152 40.00000000000001 448
20.00000000011184 40 508
20.00000000009572 40 504
20.00000000008336 40 500
20.0000000000738 40 496
20.00000000006652 40 492
20.00000000006124 40 488
20.0000000000578 40 484
20.00000000005608 40 480
20.00000000005606 40 476
20.00000000005776 40 472
20.00000000006117 40 468
20.00000000006644 40 463.9999999999999
20.00000000007371 40.00000000000001 460
20.00000000008328 40 456
20.00000000009563 40.00000000000001 452
20.0000000001118 40.00000000000002 447.9999999999999
10.00000000013516 40 508
10.00000000011679 40 504
10.00000000010166 40 500
10.00000000008959 40 496
10.00000000008031 40 491.9999999999999
10.00000000007358 40 488
10.00000000006919 40 484
10.00000000006702 40 480.0000000000001
10.00000000006701 40 476
10.00000000006915 40 472
10.00000000007351 40 468
10.00000000008021 40 464
10.00000000008949 40.00000000000001 459.9999999999999
10.00000000010157 40.00000000000001 456
10.0000000001167 39.99999999999999 452
10.0000000001351 40.00000000000001 448
1.494910861765675e-10 40 508
1.284163886339229e-10 40 504
1.110187497488369e-10 40 500
9.71880353972665e-11 40 496
8.662226491651381e-11 40 492
7.898393050709274e-11 40 488
7.405161451355098e-11 40 484
7.160692953622108e-11 40 480
7.159271868150587e-11 40 476
7.398233659681437e-11 40.00000000000001 472
7.891109987667733e-11 40 467.9999999999999
8.652456529034683e-11 40 464
9.707800576480245e-11 40 460.0000000000001
1.109290437284471e-10 40 456
1.283440543385067e-10 40 452
1.494504520138662e-10 40.00000000000001 448
-9.999999999844764 40 508
-9.999999999870582 40 504
-9.999999999890044 40 500
-9.999999999904768 40 496
-9.999999999915701 40 492
-9.999999999923485 40 488
-9.999999999928495 40 484
-9.999999999930944 40 480
-9.999999999930946 40 476
-9.999999999928537 40 472
-9.999999999923556 40 467.9999999999999
-9.99999999991581 40 463.9999999999999
-9.999999999904865 40.00000000000001 460
-9.999999999890148 40 455.9999999999999
-9.999999999870667 40 452
-9.99999999984481 40.00000000000002 448
-19.99999999986615 40 508
-19.99999999988805 40 504
-19.99999999990489 40 500
-19.99999999991772 40 496
-19.99999999992728 40 492
-19.9999999999341 40 488
-19.9999999999385 39.99999999999999 484
-19.99999999994062 39.99999999999999 480
-19.99999999994066 40 476
-19.99999999993852 40 472
-19.99999999993417 40 468
-19.99999999992738 40 464
-19.99999999991781 40.00000000000001 460
-19.99999999990497 40 456
-19.99999999988811 39.99999999999999 452
-19.99999999986618 40.00000000000001 447.9999999999999
-29.99999999990685 40 508
-29.99999999992021 40.00000000000001 504
-29.99999999993129 40 500
-29.99999999994017 40 496
-29.99999999994696 39.99999999999999 492
-29.99999999995185 40 488
-29.99999999995502 40 483.9999999999999
-29.9999999999566 40 479.9999999999999
-29.99999999995659 39.99999999999999 475.9999999999999
-29.99999999995509 40 471.9999999999999
-29.99999999995191 40.00000000000001 468.0000000000001
-29.999999999947 40 464
-29.99999999994021 40.00000000000001 459.9999999999999
-29.99999999993137 40 456.0000000000001
-29.99999999992023 39.99999999999999 452
-29.99999999990687 40.00000000000001 448
-39.99999999995265 39.99999999999999 508
-39.99999999995886 40 504
-39.99999999996427 39.99999999999999 500
-39.99999999996866 40 496
-39.99999999997211 40.00000000000001 491.9999999999999
-39.99999999997466 40 487.9999999999999
-39.9999999999763 40 483.9999999999999
-39.99999999997711 40 480
-39.99999999997712 40 476.0000000000001
-39.99999999997632 40 471.9999999999999
-39.99999999997468 40 468
-39.99999999997213 40 464
-39.99999999996869 40 460
-39.99999999996427 40.00000000000001 456.0000000000001
-39.99999999995887 40 452
-39.99999999995265 40.00000000000001 448
-60 26.66666666667815 508
-60 26.66666666667787 504
-60 26.66666666667717 500
-60 26.66666666667635 496
-60 26.66666666667562 492
-60 26.66666666667502 488
-60 26.6666666666746 483.9999999999999
-60 26.66666666667439 480
-60 26.66666666667439 476
-60.00000000000001 26.66666666667459 472
-60.00000000000001 26.66666666667501 468
-60 26.6666666666756 464
-60.00000000000001 26.66666666667635 460
-60 26.66666666667715 456
-60 26.66666666667786 452
-60 26.66666666667814 448.0000000000001
-60 20.00000000002599 508
-60 20.0000000000236 504
-59.99999999999999 20.00000000002127 499.9999999999999
-60 20.0000000000192 496
-60 20.00000000001747 492.0000000000001
-60 20.00000000001615 488
-60 20.00000000001527 484
-60 20.00000000001482 480
-60 20.00000000001481 476
-60 20.00000000001525 472
-60 20.00000000001612 467.9999999999999
-59.99999999999999 20.00000000001744 464.0000000000001
-60 20.00000000001916 460
-60 20.00000000002125 455.9999999999999
-60 20.00000000002358 452
-60 20.00000000002597 447.9999999999999
-60 13.33333333337463 508
-60 13.33333333336918 504
-60 13.33333333336464 500
-60 13.33333333336096 496
-60 13.33333333335809 492
-60 13.33333333335599 488
-60 13.33333333335463 484
-60 13.33333333335395 480.0000000000001
-59.99999999999999 13.33333333335394 476
-60 13.33333333335461 471.9999999999999
-60 13.33333333335597 468
-59.99999999999999 13.33333333335807 464
-59.99999999999999 13.33333333336092 459.9999999999999
-60 13.33333333336461 456
-59.99999999999999 13.33333333336916 451.9999999999999
-59.99999999999999 13.33333333337461 447.9999999999999
-60 6.666666666720541 508
-59.99999999999999 6.666666666712176 503.9999999999999
-60 6.666666666705483 500
-60 6.666666666700312 496
-60 6.666666666696454 492
-60 6.666666666693703 488
-59.99999999999999 6.666666666691942 484
-59.99999999999999 6.666666666691082 480.0000000000001
-60 6.666666666691071 476
-59.99999999999999 6.666666666691924 472
-60 6.666666666693679 468
-59.99999999999999 6.66666666669642 464
-59.99999999999999 6.666666666700275 459.9999999999999
-60 6.666666666705442 455.9999999999999
-59.99999999999999 6.666666666712143 451.9999999999999
-60 6.666666666720528 448
-59.99999999999999 6.244030129544305e-11 507.9999999999999
-60 5.027622762554529e-11 504
-60 4.188116520253971e-11 500
-60 3.585576280329406e-11 496.0000000000001
-60.00000000000001 3.154276839723025e-11 492
-60 2.853006719760742e-11 488
-60.00000000000001 2.662403630893095e-11 484
-60 2.56969870219216e-11 480
-60 2.569745723402614e-11 476
-60 2.661186304000212e-11 472
-60 2.851303507026494e-11 467.9999999999999
-60 3.150280036834374e-11 464
-59.99999999999999 3.582013117492726e-11 460.0000000000001
-60.00000000000001 4.18403089952335e-11 456
-60.00000000000001 5.024158866717697e-11 452.0000000000001
-60 6.241063221779086e-11 448
-60 -6.666666666615017 508
-60 -6.666666666622467 504
-60 -6.66666666662865 500
-60 -6.66666666663353 496
-60 -6.666666666637219 492
-60 -6.666666666639863 488
-60 -6.666666666641574 484
-60 -6.666666666642422 480
-60 -6.666666666642422 476
-59.99999999999999 -6.666666666641595 472
-60 -6.666666666639884 468
-60 -6.666666666637255 464
-60 -6.666666666633563 460
-60.00000000000001 -6.666666666628679 456
-59.99999999999999 -6.666666666622509 451.9999999999999
-60 -6.66666666661502 448
-60 -13.33333333329439 508
-60 -13.33333333329896 504
-60 -13.333333333303 500
-60 -13.33333333330637 496
-60 -13.33333333330904 491.9999999999999
-60 -13.33333333331101 488
-60 -13.33333333331232 484
-60 -13.33333333331298 480
-60 -13.33333333331298 476
-60 -13.33333333331234 472
-60 -13.33333333331104 468
-60.00000000000001 -13.33333333330906 464
-60 -13.33333333330639 459.9999999999999
-59.99999999999999 -13.33333333330302 455.9999999999999
-60 -13.33333333329897 452
-60 -13.3333333332944 448
-60 -19.99999999997461 508
-60 -19.99999999997701 504
-60 -19.99999999997926 500
-60 -19.99999999998124 496
-59.99999999999999 -19.99999999998288 492
-60 -19.99999999998415 488
-60 -19.99999999998498 484.0000000000001
-60 -19.99999999998541 480
-60 -19.99999999998541 476
-60.00000000000001 -19.99999999998499 472
-60 -19.99999999998416 468
-60 -19.99999999998291 464
-59.99999999999999 -19.99999999998127 460
-60 -19.99999999997929 456
-60 -19.99999999997702 452
-60 -19.99999999997462 448
-60 -26.66666666665485 508
-60 -26.66666666665547 504
-60 -26.66666666665633 500
-60.00000000000001 -26.66666666665715 496
-60 -26.66666666665788 492
-60 -26.66666666665848 488
-60 -26.66666666665888 483.9999999999999
-60 -26.66666666665908 479.9999999999999
-60 -26.66666666665908 476
-59.99999999999999 -26.66666666665888 471.9999999999999
-60 -26.6666666666585 468
-60.00000000000001 -26.6666666666579 464
-59.99999999999999 -26.66666666665717 460
-60 -26.66666666665633 456
-60 -26.6666666666555 452
-60 -26.66666666665487 448
-40.00000000002585 -40.00000000000001 507.9999999999999
-40.00000000002789 -40 504
-40.00000000002717 -40 500
-40.00000000002556 -40 496.0000000000001
-40.00000000002385 -40 492
-40.00000000002237 -40 488
-40.00000000002137 -40 483.9999999999999
-40.00000000002085 -40 480
-40.00000000002083 -40 475.9999999999999
-40.00000000002135 -40 471.9999999999999
-40.00000000002237 -40 468.0000000000001
-40.0000000000238 -40 464
-40.00000000002551 -40.00000000000001 460
-40.00000000002713 -40 456
-40.00000000002787 -39.99999999999999 452
-40.00000000002584 -40.00000000000001 448.0000000000001
-30.00000000007156 -40 508
-30.00000000006363 -40 504
-30.00000000005691 -40 500
-30.00000000005132 -40 496
-30.00000000004685 -40 492
-30.00000000004349 -40 488
-30.00000000004124 -40 484
-30.00000000004012 -40 480
-30.00000000004011 -40 476
-30.00000000004121 -40 472
-30.00000000004343 -40 467.9999999999999
-30.00000000004679 -40 464
-30.00000000005124 -40.00000000000001 459.9999999999999
-30.00000000005684 -39.99999999999999 456
-30.00000000006357 -40 452.0000000000001
-30.00000000007152 -40.00000000000001 448
-20.00000000011184 -40 508
-20.00000000009572 -40 504
-20.00000000008336 -40 500
-20.0000000000738 -40 496
-20.00000000006652 -40 492
-20.00000000006124 -40 488
-20.0000000000578 -40 484
-20.00000000005608 -40 480
-20.00000000005606 -40 476
-20.00000000005776 -40 472
-20.00000000006117 -40 468
-20.00000000006644 -40 463.9999999999999
-20.00000000007371 -40.00000000000001 460
-20.00000000008328 -40 456
-20.00000000009563 -40.00000000000001 452
-20.0000000001118 -40.00000000000002 447.9999999999999
-10.00000000013516 -40 508
-10.00000000011679 -40 504
-10.00000000010166 -40 500
-10.00000000008959 -40 496
-10.00000000008031 -40 491.9999999999999
-10.00000000007358 -40 488
-10.00000000006919 -40 484
-10.00000000006702 -40 480.0000000000001
-10.00000000006701 -40 476
-10.00000000006915 -40 472
-10.00000000007351 -40 468
-10.00000000008021 -40 464
-10.00000000008949 -40.00000000000001 459.9999999999999
-10.00000000010157 -40.00000000000001 456
-10.0000000001167 -39.99999999999999 452
-10.0000000001351 -40.00000000000001 448
-1.494910861765675e-10 -40 508
-1.284163886339229e-10 -40 504
-1.110187497488369e-10 -40 500
-9.71880353972665e-11 -40 496
-8.662226491651381e-11 -40 492
-7.898393050709274e-11 -40 488
-7.405161451355098e-11 -40 484
-7.160692953622108e-11 -40 480
-7.159271868150587e-11 -40 476
-7.398233659681437e-11 -40.00000000000001 472
-7.891109987667733e-11 -40 467.9999999999999
-8.652456529034683e-11 -40 464
-9.707800576480245e-11 -40 460.0000000000001
-1.109290437284471e-10 -40 456
-1.283440543385067e-10 -40 452
-1.494504520138662e-10 -40.00000000000001 448
9.999999999844764 -40 508
9.999999999870582 -40 504
9.999999999890044 -40 500
9.999999999904768 -40 496
9.999999999915701 -40 492
9.999999999923485 -40 488
9.999999999928495 -40 484
9.999999999930944 -40 480
9.999999999930946 -40 476
9.999999999928537 -40 472
9.999999999923556 -40 467.9999999999999
9.99999999991581 -40 463.9999999999999
9.999999999904865 -40.00000000000001 460
9.999999999890148 -40 455.9999999999999
9.999999999870667 -40 452
9.99999999984481 -40.00000000000002 448
19.99999999986615 -40 508
19.99999999988805 -40 504
19.99999999990489 -40 500
19.99999999991772 -40 496
19.99999999992728 -40 492
19.9999999999341 -40 488
19.9999999999385 -39.99999999999999 484
19.99999999994062 -39.99999999999999 480
19.99999999994066 -40 476
19.99999999993852 -40 472
19.99999999993417 -40 468
19.99999999992738 -40 464
19.99999999991781 -40.00000000000001 460
19.99999999990497 -40 456
19.99999999988811 -39.99999999999999 452
19.99999999986618 -40.00000000000001 447.9999999999999
29.99999999990685 -40 508
29.99999999992021 -40.00000000000001 504
29.99999999993129 -40 500
29.99999999994017 -40 496
29.99999999994696 -39.99999999999999 492
29.99999999995185 -40 488
29.99999999995502 -40 483.9999999999999
29.9999999999566 -40 479.9999999999999
29.99999999995659 -39.99999999999999 475.9999999999999
29.99999999995509 -40 471.9999999999999
29.99999999995191 -40.00000000000001 468.0000000000001
29.999999999947 -40 464
29.99999999994021 -40.00000000000001 459.9999999999999
29.99999999993137 -40 456.0000000000001
29.99999999992023 -39.99999999999999 452
29.99999999990687 -40.00000000000001 448
39.99999999995265 -39.99999999999999 508
39.99999999995886 -40 504
39.99999999996427 -39.99999999999999 500
39.99999999996866 -40 496
39.99999999997211 -40.00000000000001 491.9999999999999
39.99999999997466 -40 487.9999999999999
39.9999999999763 -40 483.9999999999999
39.99999999997711 -40 480
39.99999999997712 -40 476.0000000000001
39.99999999997632 -40 471.9999999999999
39.99999999997468 -40 468
39.99999999997213 -40 464
39.99999999996869 -40 460
39.99999999996427 -40.00000000000001 456.0000000000001
39.99999999995887 -40 452
39.99999999995265 -40.00000000000001 448
60 -26.66666666667815 508
60 -26.66666666667787 504
60 -26.66666666667717 500
60 -26.66666666667635 496
60 -26.66666666667562 492
60 -26.66666666667502 488
60 -26.6666666666746 483.9999999999999
60 -26.66666666667439 480
60 -26.66666666667439 476
60.00000000000001 -26.66666666667459 472
60.00000000000001 -26.66666666667501 468
60 -26.6666666666756 464
60.00000000000001 -26.66666666667635 460
60 -26.66666666667715 456
60 -26.66666666667786 452
60 -26.66666666667814 448.0000000000001
60 -20.00000000002599 508
60 -20.0000000000236 504
59.99999999999999 -20.00000000002127 499.9999999999999
60 -20.0000000000192 496
60 -20.00000000001747 492.0000000000001
60 -20.00000000001615 488
60 -20.00000000001527 484
60 -20.00000000001482 480
60 -20.00000000001481 476
60 -20.00000000001525 472
60 -20.00000000001612 467.9999999999999
59.99999999999999 -20.00000000001744 464.0000000000001
60 -20.00000000001916 460
60 -20.00000000002125 455.9999999999999
60 -20.00000000002358 452
60 -20.00000000002597 447.9999999999999
60 -13.33333333337463 508
60 -13.33333333336918 504
60 -13.33333333336464 500
60 -13.33333333336096 496
60 -13.33333333335809 492
60 -13.33333333335599 488
60 -13.33333333335463 484
60 -13.33333333335395 480.0000000000001
59.99999999999999 -13.33333333335394 476
60 -13.33333333335461 471.9999999999999
60 -13.33333333335597 468
59.99999999999999 -13.33333333335807 464
59.99999999999999 -13.33333333336092 459.9999999999999
60 -13.33333333336461 456
59.99999999999999 -13.33333333336916 451.9999999999999
59.99999999999999 -13.33333333337461 447.9999999999999
60 -6.666666666720541 508
59.99999999999999 -6.666666666712176 503.9999999999999
60 -6.666666666705483 500
60 -6.666666666700312 496
60 -6.666666666696454 492
60 -6.666666666693703 488
59.99999999999999 -6.666666666691942 484
59.99999999999999 -6.666666666691082 480.0000000000001
60 -6.666666666691071 476
59.99999999999999 -6.666666666691924 472
60 -6.666666666693679 468
59.99999999999999 -6.66666666669642 464
59.99999999999999 -6.666666666700275 459.9999999999999
60 -6.666666666705442 455.9999999999999
59.99999999999999 -6.666666666712143 451.9999999999999
60 -6.666666666720528 448
59.99999999999999 -6.244030129544305e-11 507.9999999999999
60 -5.027622762554529e-11 504
60 -4.188116520253971e-11 500
60 -3.585576280329406e-11 496.0000000000001
60.00000000000001 -3.154276839723025e-11 492
60 -2.853006719760742e-11 488
60.00000000000001 -2.662403630893095e-11 484
60 -2.56969870219216e-11 480
60 -2.569745723402614e-11 476
60 -2.661186304000212e-11 472
60 -2.851303507026494e-11 467.9999999999999
60 -3.150280036834374e-11 464
59.99999999999999 -3.582013117492726e-11 460.0000000000001
60.00000000000001 -4.18403089952335e-11 456
60.00000000000001 -5.024158866717697e-11 452.0000000000001
60 -6.241063221779086e-11 448
60 6.666666666615017 508
60 6.666666666622467 504
60 6.66666666662865 500
60 6.66666666663353 496
60 6.666666666637219 492
60 6.666666666639863 488
60 6.666666666641574 484
60 6.666666666642422 480
60 6.666666666642422 476
59.99999999999999 6.666666666641595 472
60 6.666666666639884 468
60 6.666666666637255 464
60 6.666666666633563 460
60.00000000000001 6.666666666628679 456
59.99999999999999 6.666666666622509 451.9999999999999
60 6.66666666661502 448
60 13.33333333329439 508
60 13.33333333329896 504
60 13.333333333303 500
60 13.33333333330637 496
60 13.33333333330904 491.9999999999999
60 13.33333333331101 488
60 13.33333333331232 484
60 13.33333333331298 480
60 13.33333333331298 476
60 13.33333333331234 472
60 13.33333333331104 468
60.00000000000001 13.33333333330906 464
60 13.33333333330639 459.9999999999999
59.99999999999999 13.33333333330302 455.9999999999999
60 13.33333333329897 452
60 13.3333333332944 448
60 19.99999999997461 508
60 19.99999999997701 504
60 19.99999999997926 500
60 19.99999999998124 496
59.99999999999999 19.99999999998288 492
60 19.99999999998415 488
60 19.99999999998498 484.0000000000001
60 19.99999999998541 480
60 19.99999999998541 476
60.00000000000001 19.99999999998499 472
60 19.99999999998416 468
60 19.99999999998291 464
59.99999999999999 19.99999999998127 460
60 19.99999999997929 456
60 19.99999999997702 452
60 19.99999999997462 448
60 26.66666666665485 508
60 26.66666666665547 504
60 26.66666666665633 500
60.00000000000001 26.66666666665715 496
60 26.66666666665788 492
60 26.66666666665848 488
60 26.66666666665888 483.9999999999999
60 26.66666666665908 479.9999999999999
60 26.66666666665908 476
59.99999999999999 26.66666666665888 471.9999999999999
60 26.6666666666585 468
60.00000000000001 26.6666666666579 464
59.99999999999999 26.66666666665717 460
60 26.66666666665633 456
60 26.6666666666555 452
60 26.66666666665487 448
40.00000000002235 40 524
40.00000000002237 40 520
30.0000000000452 40 524
30.0000000000452 39.99999999999999 520
20.00000000006478 40 524
20.00000000006479 40 520
10.00000000007816 40 524
10.00000000007816 40 520
8.447287314083951e-11 40 524
8.447109678400011e-11 40 520
-9.999999999917231 40 524
-9.999999999917225 40 520
-19.99999999992862 40 524
-19.99999999992862 40 520
-29.99999999994822 40 524
-29.9999999999482 40.00000000000001 520
-39.99999999997289 40 524
-39.99999999997289 40 520
-60 26.66666666667516 524
-60 26.66666666667517 520
-60 20.00000000001679 524
-60.00000000000001 20.00000000001679 520
-60.00000000000001 13.3333333333574 524
-60 13.3333333333574 520
-60.00000000000001 6.666666666695884 524
-60 6.666666666695877 520
-60.00000000000001 3.126802520606967e-11 524
-60 3.125914342187267e-11 520
-59.99999999999999 -6.666666666637859 524
-60 -6.666666666637865 520
-60 -13.33333333330978 524
-60 -13.33333333330979 520
-60 -19.99999999998352 524
-59.99999999999999 -19.99999999998353 520
-60 -26.66666666665825 524
-60 -26.66666666665829 520
-40.00000000002235 -40 524
-40.00000000002237 -40 520
-30.0000000000452 -40 524
-30.0000000000452 -39.99999999999999 520
-20.00000000006478 -40 524
-20.00000000006479 -40 520
-10.00000000007816 -40 524
-10.00000000007816 -40 520
-8.447287314083951e-11 -40 524
-8.447109678400011e-11 -40 520
9.999999999917231 -40 524
9.999999999917225 -40 520
19.99999999992862 -40 524
19.99999999992862 -40 520
29.99999999994822 -40 524
29.9999999999482 -40.00000000000001 520
39.99999999997289 -40 524
39.99999999997289 -40 520
60 -26.66666666667516 524
60 -26.66666666667517 520
60 -20.00000000001679 524
60.00000000000001 -20.00000000001679 520
60.00000000000001 -13.3333333333574 524
60 -13.3333333333574 520
60.00000000000001 -6.666666666695884 524
60 -6.666666666695877 520
60.00000000000001 -3.126802520606967e-11 524
60 -3.125914342187267e-11 520
59.99999999999999 6.666666666637859 524
60 6.666666666637865 520
60 13.33333333330978 524
60 13.33333333330979 520
60 19.99999999998352 524
59.99999999999999 19.99999999998353 520
60 26.66666666665825 524
60 26.66666666665829 520
40.00000000002262 39.99999999999999 707.9999999999999
40.00000000002658 40 704
40.00000000002932 40 700.0000000000001
40.00000000003119 40 696
40.00000000003246 40 692
40.00000000003329 40 687.9999999999999
40.00000000003379 40 684.0000000000002
40.00000000003406 40 679.9999999999999
40.0000000000342 40 676.0000000000002
40.00000000003423 40 672.0000000000001
40.00000000003418 40 668.0000000000002
40.0000000000341 40 664
40.00000000003401 40 660.0000000000001
40.0000000000339 40 655.9999999999999
40.00000000003376 40 652.0000000000002
40.00000000003364 40 648.0000000000001
40.00000000003355 40 644.0000000000002
40.00000000003345 40 640.0000000000001
40.00000000003337 40 636.0000000000002
40.00000000003328 40 632.0000000000001
40.00000000003322 40 628
40.00000000003318 40 624.0000000000002
40.00000000003317 40 620.0000000000001
40.00000000003315 40 616.0000000000002
40.00000000003315 40 612
40.00000000003317 40 608
40.00000000003322 40 604
40.00000000003327 40 600
40.00000000003332 40 596
40.0000000000334 40 592.0000000000001
40.00000000003347 40 588
40.00000000003357 40 584
40.00000000003365 40 580
40.00000000003371 40.00000000000001 576
40.00000000003374 40 572
40.00000000003369 40 568
40.00000000003359 40 564
40.00000000003331 39.99999999999999 560
40.00000000003281 40 555.9999999999999
40.00000000003206 39.99999999999998 552
40.00000000003085 40 548.0000000000002
40.00000000002903 40.00000000000002 544
40.00000000002636 40.00000000000001 539.9999999999998
40.00000000002248 39.99999999999999 536.0000000000002
30.00000000007911 40 708
30.00000000007725 40 704
30.00000000007566 40 700
30.00000000007427 40 695.9999999999999
30.00000000007302 40 692
30.0000000000719 40 688
30.0000000000709 40 683.9999999999999
30.00000000006998 40 680.0000000000003
30.00000000006913 40 676.0000000000002
30.00000000006836 40 672.0000000000001
30.00000000006769 40 668.0000000000003
30.00000000006707 40.00000000000001 664.0000000000003
30.00000000006651 40.00000000000001 660.0000000000003
30.00000000006602 40 656.0000000000002
30.00000000006558 40 652.0000000000002
30.0000000000652 40 648.0000000000002
30.00000000006487 40 644.0000000000002
30.00000000006459 40 640.0000000000003
30.00000000006437 40 636
30.0000000000642 40 632.0000000000001
30.00000000006404 40 628.0000000000002
30.00000000006395 40 624.0000000000002
30.00000000006389 39.99999999999999 620.0000000000002
30.00000000006388 40 615.9999999999998
30.00000000006392 40.00000000000001 612
30.00000000006399 40 608
30.00000000006412 40 604
30.0000000000643 40 600
30.00000000006453 40 596
30.00000000006483 40 592
30.00000000006518 40 588
30.00000000006563 40 584
30.00000000006611 40.00000000000001 580
30.00000000006668 40.00000000000001 576
30.00000000006736 40 572
30.00000000006811 39.99999999999999 567.9999999999999
30.00000000006896 39.99999999999999 564
30.00000000006992 40 560
30.000000000071 40.00000000000001 556
30.00000000007219 40 552
30.00000000007354 40 548.0000000000002
30.00000000007507 40.00000000000001 544
30.00000000007683 40.00000000000001 539.9999999999998
30.00000000007888 40 536.0000000000003
20.00000000012709 40 707.9999999999999
20.00000000012147 40 704
20.00000000011677 40 700
20.00000000011277 40 695.9999999999999
20.00000000010937 40 692
20.00000000010643 40 687.9999999999999
20.00000000010389 40 684.0000000000002
20.00000000010169 40 679.9999999999999
20.0000000000998 40 676.0000000000002
20.00000000009812 40 672.0000000000001
20.00000000009666 40 668.0000000000002
20.0000000000954 40 664.0000000000002
20.0000000000943 40 660.0000000000002
20.00000000009335 40 656.0000000000002
20.00000000009253 40 652.0000000000002
20.00000000009183 40 648.0000000000002
20.00000000009124 40 644.0000000000002
20.00000000009075 40 640.0000000000002
20.00000000009036 40.00000000000001 636.0000000000003
20.00000000009003 40 632.0000000000002
20.00000000008978 40 628.0000000000001
20.00000000008964 40 624.0000000000001
20.00000000008954 40 620.0000000000002
20.00000000008954 40 616.0000000000001
20.00000000008961 40.00000000000001 612.0000000000002
20.00000000008977 40 608.0000000000002
20.00000000009003 40 604.0000000000001
20.00000000009038 40 599.9999999999999
20.00000000009084 40 595.9999999999999
20.0000000000914 40 592
20.00000000009212 40 588
20.00000000009297 39.99999999999999 583.9999999999999
20.00000000009398 40 579.9999999999999
20.00000000009518 40 576
20.00000000009661 40 571.9999999999999
20.00000000009827 40 568
20.00000000010019 40 563.9999999999999
20.00000000010246 39.99999999999999 559.9999999999999
20.00000000010508 39.99999999999999 555.9999999999999
20.00000000010813 40.00000000000001 552.0000000000001
20.0000000001117 40 548.0000000000002
20.0000000001159 40.00000000000001 544
20.00000000012085 40 539.9999999999998
20.00000000012676 39.99999999999999 536.0000000000002
10.00000000015125 40 708
10.00000000014622 40 703.9999999999999
10.00000000014158 40 700
10.00000000013729 40 695.9999999999998
10.0000000001334 40 692.0000000000003
10.00000000012987 40 687.9999999999999
10.00000000012673 40 684
10.00000000012392 40 680
10.00000000012139 40 676.0000000000002
10.00000000011916 40 672.0000000000003
10.00000000011719 40 668.0000000000002
10.00000000011547 39.99999999999999 664.0000000000002
10.00000000011396 40 660.0000000000001
10.00000000011265 40 656.0000000000002
10.00000000011151 40 652.0000000000002
10.00000000011055 40 648.0000000000002
10.00000000010973 40 644.0000000000002
10.00000000010904 40 640.0000000000003
10.00000000010848 40 636.0000000000002
10.00000000010806 40 632.0000000000003
10.00000000010773 40 628
10.00000000010752 40 624.0000000000001
10.00000000010741 40 620.0000000000001
10.00000000010744 40 616.0000000000001
10.00000000010755 40 612
10.00000000010778 40 608
10.00000000010813 40 604
10.00000000010864 40 600
10.00000000010927 40 596
10.00000000011008 40 592
10.00000000011107 40 588
10.00000000011227 40 584
10.00000000011369 40.00000000000001 580
10.00000000011533 40 576
10.00000000011724 39.99999999999999 572
10.00000000011947 39.99999999999999 568
10.000000000122 40 564
10.00000000012488 40 560
10.00000000012815 40 556
10.00000000013184 40 552
10.00000000013592 40 548.0000000000002
10.00000000014046 40.00000000000001 544
10.00000000014542 40.00000000000001 539.9999999999998
10.00000000015082 39.99999999999999 536.0000000000002
1.675530825195892e-10 40 708
1.617834755052172e-10 40 704
1.563198755623792e-10 40 700
1.512283631655009e-10 40 696.0000000000001
1.465743082462723e-10 40 692
1.423243152961125e-10 40 688.0000000000002
1.384918846270011e-10 40 684.0000000000003
1.350670686406374e-10 39.99999999999999 680.0000000000002
1.320188403042266e-10 40 676.0000000000003
1.293187779083382e-10 40 672.0000000000002
1.269278016025055e-10 40 668.0000000000002
1.248407007399995e-10 40 664.0000000000002
1.230056057011097e-10 40 660.0000000000002
1.214424116824375e-10 40 656.0000000000002
1.200675114887417e-10 40 652.0000000000002
1.18923537684168e-10 40 648.0000000000002
1.179500941361766e-10 40 644.0000000000002
1.171240882058555e-10 40 640.0000000000002
1.164668361752774e-10 40 636.0000000000002
1.159520874378157e-10 40 632.0000000000002
1.155771182463165e-10 40 628.0000000000002
1.153210860138643e-10 40 624.0000000000001
1.151878592509092e-10 40 620.0000000000005
1.152233863876972e-10 40 616.0000000000001
1.153619422211705e-10 40 612.0000000000001
1.156603701701897e-10 40 607.9999999999999
1.160902485253246e-10 40 604
1.166915255781633e-10 40 599.9999999999999
1.174643987016882e-10 40 595.9999999999999
1.184581321922451e-10 40.00000000000001 592
1.196633903077782e-10 40 588.0000000000002
1.211111211318894e-10 40 584
1.228226409466515e-10 40.00000000000001 579.9999999999999
1.248237069262359e-10 40 576
1.271498462074305e-10 40 572
1.298365859270234e-10 40 568
1.329301113628389e-10 40 563.9999999999999
1.36417316948862e-10 40.00000000000001 560
1.403682207505123e-10 39.99999999999999 556
1.447904018903046e-10 39.99999999999999 552
1.496829327152227e-10 40 548.0000000000002
1.550590470837202e-10 40.00000000000001 544
1.60871982402e-10 40.00000000000001 539.9999999999999
1.670766858197226e-10 40.00000000000001 536.0000000000003
-9.999999999821107 40 708
-9.99999999983088 40 704
-9.99999999983924 40 700.0000000000001
-9.999999999846427 40 695.9999999999998
-9.999999999852648 40 692.0000000000001
-9.999999999858034 40 688.0000000000002
-9.999999999862691 40 684.0000000000003
-9.999999999866716 40 680.0000000000003
-9.99999999987023 40 676.0000000000001
-9.999999999873287 40 672.0000000000002
-9.999999999875936 40 668.0000000000003
-9.999999999878247 40 664.0000000000002
-9.999999999880218 40 660.0000000000002
-9.999999999881922 40 656.0000000000002
-9.999999999883377 40 652.0000000000002
-9.999999999884617 40 648.0000000000002
-9.999999999885665 40 644.0000000000001
-9.999999999886533 40 640.0000000000002
-9.999999999887226 40 636.0000000000002
-9.999999999887761 40 632.0000000000002
-9.999999999888153 40 628.0000000000001
-9.999999999888391 40 624.0000000000001
-9.999999999888509 40 620.0000000000001
-9.999999999888487 40.00000000000001 616.0000000000002
-9.999999999888347 40 612.0000000000001
-9.999999999888022 40 608.0000000000002
-9.99999999988756 40 604.0000000000001
-9.999999999886924 40 600.0000000000002
-9.999999999886086 40 596.0000000000001
-9.999999999885013 40.00000000000001 592
-9.999999999883716 40 588.0000000000001
-9.999999999882151 40 584
-9.999999999880274 40 579.9999999999999
-9.999999999878083 40 576
-9.999999999875484 40.00000000000001 572
-9.99999999987244 40 568
-9.999999999868873 40 564
-9.999999999864745 40 560
-9.99999999985997 40 556.0000000000001
-9.99999999985442 39.99999999999999 552
-9.999999999847988 40.00000000000001 548.0000000000001
-9.999999999840508 40.00000000000001 544
-9.999999999831806 40.00000000000002 539.9999999999998
-9.999999999821599 40 536.0000000000001
-19.99999999984654 40 707.9999999999999
-19.99999999985437 40 704
-19.99999999986123 40 700.0000000000001
-19.99999999986724 40 696.0000000000002
-19.99999999987249 40 692.0000000000001
-19.9999999998771 40 688.0000000000003
-19.99999999988115 40 684.0000000000002
-19.99999999988466 40 680.0000000000002
-19.99999999988776 40 676.0000000000002
-19.99999999989047 40 672.0000000000002
-19.99999999989281 40 668.0000000000002
-19.99999999989485 40 664.0000000000002
-19.99999999989657 40 660.0000000000002
-19.9999999998981 39.99999999999999 656.0000000000002
-19.99999999989939 40 652.0000000000002
-19.99999999990048 40 648.0000000000002
-19.9999999999014 40.00000000000001 644.0000000000002
-19.99999999990217 40 640.0000000000002
-19.99999999990278 40.00000000000001 636.0000000000003
-19.99999999990326 39.99999999999999 632.0000000000003
-19.99999999990359 40 628.0000000000001
-19.99999999990381 40.00000000000001 624.0000000000001
-19.99999999990393 40 620
-19.99999999990393 40 616.0000000000002
-19.99999999990379 40 612.0000000000002
-19.99999999990349 40.00000000000001 608.0000000000002
-19.99999999990306 40 604.0000000000002
-19.9999999999025 40 600.0000000000001
-19.99999999990176 40 596.0000000000002
-19.99999999990082 40 591.9999999999999
-19.99999999989966 40 588.0000000000002
-19.99999999989826 40 583.9999999999999
-19.99999999989662 40 579.9999999999999
-19.99999999989465 40.00000000000001 576
-19.99999999989235 40 572
-19.99999999988967 40 568
-19.99999999988656 40 563.9999999999999
-19.99999999988298 40 560
-19.99999999987882 40 555.9999999999999
-19.99999999987408 40.00000000000001 552.0000000000001
-19.99999999986861 40 548.0000000000003
-19.99999999986236 40.00000000000002 544
-19.99999999985518 40.00000000000002 539.9999999999998
-19.99999999984697 39.99999999999999 536.0000000000002
-29.9999999998955 39.99999999999999 708
-29.99999999989913 40 704
-29.99999999990259 40 700
-29.99999999990587 40 696
-29.9999999999089 40 691.9999999999999
-29.99999999991163 40.00000000000001 688.0000000000002
-29.99999999991416 40 684.0000000000001
-29.99999999991638 40 680.0000000000003
-29.99999999991839 40 676
-29.99999999992019 39.99999999999999 672.0000000000003
-29.99999999992179 39.99999999999999 668.0000000000002
-29.99999999992318 40 664.0000000000003
-29.99999999992436 40 660.0000000000002
-29.99999999992544 40 656.0000000000002
-29.99999999992635 40 652.0000000000002
-29.99999999992714 40 648.0000000000002
-29.99999999992779 40 644.0000000000003
-29.99999999992835 40 640.0000000000003
-29.99999999992879 40 636.0000000000002
-29.99999999992915 40 632.0000000000003
-29.99999999992941 40 628.0000000000001
-29.99999999992954 40 624.0000000000001
-29.99999999992963 40.00000000000001 620
-29.99999999992963 40 616.0000000000001
-29.99999999992951 40 612
-29.99999999992932 40 607.9999999999999
-29.99999999992903 40 603.9999999999999
-29.99999999992864 40 600
-29.99999999992808 40.00000000000001 596
-29.99999999992741 40 592
-29.9999999999266 40 588
-29.99999999992564 39.99999999999999 583.9999999999999
-29.99999999992448 40 580
-29.99999999992315 40.00000000000001 576
-29.9999999999216 40 572
-29.99999999991981 40 568
-29.99999999991779 40.00000000000001 564
-29.9999999999155 39.99999999999999 560
-29.99999999991291 40 556
-29.99999999991006 40.00000000000001 552
-29.99999999990692 40 548.0000000000002
-29.99999999990346 40.00000000000001 544
-29.99999999989975 40 539.9999999999998
-29.99999999989584 40.00000000000001 536.0000000000001
-39.99999999994735 40 708
-39.99999999994884 40.00000000000001 704
-39.99999999995029 40 700
-39.99999999995166 40 696
-39.99999999995294 40 692
-39.9999999999542 40 688
-39.99999999995536 40 684.0000000000001
-39.99999999995639 40 679.9999999999999
-39.9999999999573 40 676.0000000000001
-39.99999999995816 40 672.0000000000002
-39.99999999995894 40 668.0000000000001
-39.99999999995965 40.00000000000001 664.0000000000001
-39.99999999996024 40 660.0000000000003
-39.99999999996078 40 656.0000000000001
-39.99999999996121 40 652.0000000000001
-39.99999999996161 40 648.0000000000001
-39.99999999996192 40 644.0000000000001
-39.9999999999622 40 640.0000000000001
-39.99999999996242 40 636.0000000000001
-39.99999999996261 40 632.0000000000001
-39.99999999996275 40 628.0000000000002
-39.99999999996285 39.99999999999999 624
-39.99999999996287 39.99999999999999 620.0000000000002
-39.99999999996287 39.99999999999999 616
-39.99999999996281 40 611.9999999999999
-39.99999999996273 40 608
-39.99999999996257 40 604
-39.99999999996236 40.00000000000001 600
-39.99999999996209 40 595.9999999999999
-39.99999999996175 40 592
-39.99999999996134 40 587.9999999999999
-39.99999999996088 40 584
-39.99999999996032 40 579.9999999999999
-39.99999999995969 40.00000000000001 576
-39.99999999995892 40 572
-39.99999999995804 40 568
-39.99999999995709 40 564
-39.99999999995602 40 559.9999999999999
-39.99999999995487 39.99999999999999 556
-39.99999999995362 40 552
-39.99999999995219 40.00000000000001 548.0000000000002
-39.99999999995068 40.00000000000001 544
-39.99999999994915 40 539.9999999999999
-39.99999999994753 39.99999999999999 536.0000000000002
-60 26.66666666667822 708
-60.00000000000001 26.66666666667883 703.9999999999999
-60 26.66666666667925 700
-60 26.66666666667951 696.0000000000002
-60 26.6666666666797 692.0000000000002
-60 26.6666666666798 688.0000000000001
-59.99999999999999 26.66666666667983 684
-60 26.66666666667984 680.0000000000003
-60 26.66666666667981 676.0000000000002
-60 26.66666666667977 672.0000000000001
-60 26.66666666667971 668.0000000000002
-60 26.66666666667965 664.0000000000002
-60.00000000000001 26.66666666667959 660.0000000000005
-60 26.66666666667953 656.0000000000001
-60 26.66666666667946 652.0000000000001
-60 26.66666666667941 648.0000000000001
-60 26.66666666667936 644.0000000000001
-60 26.66666666667931 640.0000000000001
-60 26.66666666667928 636.0000000000003
-60 26.66666666667926 632.0000000000002
-60 26.66666666667923 627.9999999999999
-60 26.66666666667921 624
-59.99999999999999 26.66666666667919 620
-60 26.66666666667919 616
-60 26.66666666667919 612
-60 26.66666666667919 607.9999999999999
-60 26.66666666667923 604
-60.00000000000001 26.66666666667925 600
-60 26.66666666667928 596
-60 26.66666666667932 592.0000000000002
-60 26.66666666667936 587.9999999999999
-59.99999999999999 26.66666666667941 584
-60.00000000000001 26.66666666667945 580
-60.00000000000001 26.66666666667951 575.9999999999999
-60 26.66666666667955 572
-60 26.6666666666796 568
-60.00000000000001 26.66666666667963 564
-60.00000000000001 26.66666666667963 560
-60 26.66666666667961 555.9999999999999
-60.00000000000002 26.66666666667952 552
-59.99999999999999 26.66666666667938 548.0000000000003
-60 26.66666666667913 544
-60.00000000000002 26.66666666667875 540
-59.99999999999999 26.66666666667819 536.0000000000003
-60.00000000000001 20.00000000002804 708
-60 20.00000000002793 704
-60 20.00000000002774 700
-60.00000000000001 20.00000000002748 696.0000000000001
-59.99999999999999 20.00000000002723 692.0000000000001
-59.99999999999999 20.00000000002694 688.0000000000002
-60.00000000000001 20.00000000002665 684.0000000000003
-60.00000000000001 20.00000000002635 680.0000000000002
-60 20.00000000002605 676.0000000000002
-59.99999999999999 20.00000000002579 672.0000000000002
-59.99999999999999 20.00000000002553 668.0000000000002
-60 20.0000000000253 664.0000000000002
-59.99999999999999 20.00000000002508 660.0000000000002
-60 20.00000000002489 656.0000000000002
-60 20.00000000002471 652.0000000000002
-60 20.00000000002455 648.0000000000002
-60 20.00000000002441 644
-60 20.00000000002429 640.0000000000001
-59.99999999999999 20.0000000000242 636.0000000000001
-60.00000000000001 20.00000000002412 632.0000000000001
-60 20.00000000002407 628.0000000000001
-60 20.00000000002403 624.0000000000001
-60 20.000000000024 620.0000000000002
-59.99999999999999 20.000000000024 616
-60 20.00000000002401 612
-60.00000000000001 20.00000000002404 607.9999999999999
-59.99999999999999 20.00000000002409 603.9999999999999
-60 20.00000000002417 600
-60 20.00000000002427 596
-60 20.00000000002439 592
-60 20.00000000002455 588
-59.99999999999999 20.00000000002471 584
-60 20.0000000000249 580
-60 20.00000000002512 576
-60.00000000000001 20.00000000002537 572
-59.99999999999999 20.00000000002565 568
-60 20.00000000002593 564
-60 20.00000000002623 560
-60 20.00000000002656 556
-60 20.00000000002687 552
-59.99999999999999 20.00000000002719 548.0000000000002
-60 20.00000000002749 544
-60.00000000000001 20.00000000002775 539.9999999999998
-59.99999999999999 20.00000000002794 536.0000000000003
-59.99999999999999 13.33333333337943 708
-60 13.33333333337799 703.9999999999999
-59.99999999999999 13.33333333337669 700
-60 13.33333333337548 696
-60 13.33333333337438 692.0000000000001
-60.00000000000001 13.33333333337337 688
-60 13.33333333337246 684.0000000000002
-60 13.33333333337164 680.0000000000002
-60.00000000000001 13.3333333333709 676.0000000000002
-60.00000000000001 13.33333333337022 672.0000000000002
-60 13.33333333336963 668.0000000000002
-60 13.33333333336912 664.0000000000002
-60 13.33333333336865 660.0000000000002
-60 13.33333333336825 656.0000000000002
-60 13.3333333333679 652.0000000000002
-60 13.33333333336761 648.0000000000002
-60 13.33333333336735 644.0000000000002
-59.99999999999999 13.33333333336714 640.0000000000002
-60 13.33333333336696 636.0000000000002
-60.00000000000001 13.33333333336683 632.0000000000003
-60 13.33333333336673 628.0000000000001
-60 13.33333333336667 624.0000000000001
-60 13.33333333336663 620.0000000000001
-60 13.33333333336664 616.0000000000001
-60 13.33333333336667 612.0000000000001
-60 13.33333333336674 608
-60 13.33333333336684 604
-59.99999999999999 13.33333333336701 600
-60 13.33333333336721 596
-60 13.33333333336745 592
-60 13.33333333336775 588
-60 13.33333333336812 584
-59.99999999999999 13.33333333336854 579.9999999999999
-60 13.33333333336904 576
-60 13.33333333336961 572
-60 13.33333333337026 568
-59.99999999999999 13.33333333337102 564
-60.00000000000001 13.33333333337186 560
-60 13.33333333337281 556
-60 13.33333333337387 551.9999999999999
-59.99999999999999 13.33333333337503 548.0000000000002
-59.99999999999999 13.33333333337632 543.9999999999999
-60 13.33333333337773 539.9999999999998
-59.99999999999999 13.33333333337929 536.0000000000002
-60 6.666666666727675 708
-60 6.666666666725112 704
-60 6.666666666722703 700
-60 6.666666666720481 696
-59.99999999999999 6.666666666718482 692
-60 6.666666666716697 688.0000000000003
-59.99999999999999 6.666666666715106 684.0000000000002
-60 6.666666666713699 680
-60 6.666666666712462 676.0000000000003
-60 6.666666666711372 672.0000000000002
-60 6.666666666710423 668.0000000000002
-60 6.666666666709615 664.0000000000002
-60 6.66666666670891 660.0000000000002
-60 6.666666666708299 656.0000000000002
-60 6.666666666707781 652.0000000000002
-60 6.666666666707346 648.0000000000001
-60 6.666666666706978 644.0000000000002
-60 6.666666666706686 640.0000000000002
-60 6.666666666706448 636.0000000000002
-60 6.666666666706253 632.0000000000002
-60.00000000000001 6.666666666706122 628.0000000000003
-60 6.666666666706037 624.0000000000001
-60.00000000000001 6.666666666705993 620.0000000000002
-60 6.666666666705997 616
-59.99999999999998 6.666666666706063 612.0000000000001
-60.00000000000001 6.666666666706167 608
-60 6.666666666706332 604
-60 6.66666666670657 599.9999999999999
-60 6.666666666706859 595.9999999999999
-59.99999999999999 6.666666666707243 592
-60 6.666666666707702 587.9999999999999
-60 6.666666666708256 583.9999999999999
-60.00000000000001 6.666666666708918 580
-60.00000000000001 6.666666666709702 576
-59.99999999999999 6.666666666710619 572
-60 6.666666666711691 568
-60 6.666666666712937 564
-60.00000000000001 6.666666666714367 559.9999999999999
-59.99999999999999 6.666666666715994 556
-60 6.666666666717857 551.9999999999999
-60 6.666666666719937 548
-60 6.66666666672226 544
-60.00000000000001 6.666666666724803 539.9999999999997
-59.99999999999999 6.666666666727505 536.0000000000002
-60 7.417355618599686e-11 708
-60 6.848921429991606e-11 704
-60 6.388312101535121e-11 700
-59.99999999999999 6.011191544530448e-11 696
-60 5.699263283531764e-11 692.0000000000001
-60 5.439832288326822e-11 688.0000000000002
-60 5.222311472152796e-11 684.0000000000002
-60 5.03863617495881e-11 680.0000000000002
-60 4.881641757492616e-11 676.0000000000002
-60 4.747668924665049e-11 672.0000000000002
-60 4.634514993995253e-11 668.0000000000002
-60 4.53717063919612e-11 664.0000000000002
-60 4.455991131635528e-11 660.0000000000002
-60 4.386890850582859e-11 656.0000000000002
-60 4.32898161761841e-11 652.0000000000002
-60 4.279065990431263e-11 648.0000000000002
-60 4.238209783125058e-11 644.0000000000002
-59.99999999999999 4.203997150398209e-11 640.0000000000002
-59.99999999999999 4.176392565113929e-11 636.0000000000001
-60 4.155253918725066e-11 632.0000000000002
-60 4.141043064009864e-11 628
-60.00000000000001 4.132871822548623e-11 624.0000000000001
-60 4.127187480662542e-11 620.0000000000001
-60 4.128253294766182e-11 616
-60.00000000000001 4.134648179388023e-11 611.9999999999999
-59.99999999999999 4.147915591248521e-11 608.0000000000002
-59.99999999999999 4.167599598758898e-11 604
-60 4.192912683720351e-11 600
-60 4.226929917194866e-11 595.9999999999999
-60 4.270273024076232e-11 592
-60 4.32329727573233e-11 588
-60 4.388373121678847e-11 584.0000000000001
-60.00000000000002 4.46477225561163e-11 580
-60 4.557776378533161e-11 575.9999999999999
-60 4.668379263408598e-11 572
-59.99999999999999 4.800027042506372e-11 568
-60 4.957545485240189e-11 564
-60.00000000000001 5.144329406903125e-11 560
-59.99999999999999 5.367706279457707e-11 556
-60 5.633915556302327e-11 552
-60 5.954214898906685e-11 548.0000000000002
-59.99999999999999 6.342234885418445e-11 544
-60.00000000000001 6.815004116589307e-11 539.9999999999998
-59.99999999999999 7.400008383839918e-11 536.0000000000003
-60 -6.666666666608791 708
-60 -6.66666666661078 704
-60 -6.666666666612741 700.0000000000001
-60 -6.666666666614605 696.0000000000001
-60 -6.666666666616335 692.0000000000001
-60 -6.666666666617903 688.0000000000001
-60 -6.666666666619335 684.0000000000001
-60 -6.666666666620609 680.0000000000002
-60 -6.666666666621737 676.0000000000002
-60 -6.666666666622733 672.0000000000003
-60 -6.666666666623607 668.0000000000002
-60 -6.666666666624351 664.0000000000003
-60 -6.666666666625016 660.0000000000002
-60 -6.666666666625574 656.0000000000002
-60 -6.666666666626071 652.0000000000002
-60 -6.666666666626483 648.0000000000002
-60 -6.666666666626831 644.0000000000002
-60 -6.666666666627124 640.0000000000002
-60 -6.666666666627353 636.0000000000002
-60 -6.666666666627528 632.0000000000002
-60 -6.666666666627666 628
-60 -6.666666666627741 624.0000000000001
-59.99999999999999 -6.66666666662778 620.0000000000002
-60 -6.666666666627775 615.9999999999999
-59.99999999999999 -6.666666666627719 612
-60.00000000000001 -6.666666666627607 607.9999999999999
-60 -6.666666666627447 603.9999999999999
-60 -6.666666666627227 599.9999999999999
-60 -6.666666666626946 596
-60 -6.666666666626589 592
-60.00000000000001 -6.66666666662615 588
-60 -6.666666666625612 584
-59.99999999999999 -6.666666666625007 580
-60.00000000000001 -6.66666666662429 576
-60 -6.666666666623442 572
-59.99999999999999 -6.666666666622456 568
-60.00000000000001 -6.666666666621326 564
-60.00000000000001 -6.66666666662004 560
-60 -6.6666666666186 556
-60.00000000000001 -6.666666666616955 552.0000000000001
-59.99999999999999 -6.66666666661515 548.0000000000002
-60 -6.666666666613194 543.9999999999999
-60.00000000000001 -6.666666666611111 539.9999999999998
-59.99999999999999 -6.666666666608974 536.0000000000002
-60 -13.33333333329045 708
-60.00000000000001 -13.33333333329137 704
-60 -13.33333333329228 700.0000000000002
-60 -13.33333333329315 696.0000000000001
-60 -13.333333333294 692.0000000000001
-60 -13.33333333329481 688.0000000000003
-60 -13.33333333329556 684.0000000000001
-60 -13.33333333329626 680.0000000000001
-60.00000000000001 -13.33333333329689 676.0000000000002
-60 -13.33333333329749 672.0000000000002
-60 -13.33333333329801 668.0000000000002
-60 -13.33333333329847 664.0000000000002
-60 -13.33333333329888 660.0000000000002
-60 -13.33333333329923 656.0000000000002
-60 -13.33333333329956 652.0000000000002
-60 -13.33333333329984 648.0000000000002
-60 -13.33333333330006 644.0000000000002
-60 -13.33333333330026 640.0000000000002
-60 -13.33333333330043 636.0000000000003
-59.99999999999999 -13.33333333330056 632.0000000000002
-60 -13.33333333330065 628.0000000000001
-60 -13.3333333333007 624.0000000000001
-60 -13.33333333330074 620.0000000000002
-60 -13.33333333330073 615.9999999999999
-60 -13.3333333333007 612.0000000000001
-60 -13.33333333330061 608.0000000000001
-59.99999999999999 -13.33333333330052 604
-60 -13.33333333330037 599.9999999999999
-59.99999999999999 -13.33333333330018 596
-60 -13.33333333329994 591.9999999999999
-60 -13.33333333329968 588
-59.99999999999999 -13.33333333329936 584
-60.00000000000001 -13.33333333329899 580
-59.99999999999999 -13.33333333329855 576
-59.99999999999999 -13.33333333329804 572
-60 -13.33333333329748 567.9999999999999
-60 -13.33333333329685 564
-60 -13.33333333329614 560
-60 -13.33333333329535 556
-60 -13.33333333329451 552
-59.99999999999999 -13.33333333329361 548.0000000000001
-60 -13.33333333329265 543.9999999999999
-60.00000000000001 -13.33333333329166 539.9999999999997
-59.99999999999999 -13.33333333329061 536.0000000000002
-60 -19.99999999997246 708
-60 -19.99999999997272 704
-60 -19.99999999997301 699.9999999999999
-60 -19.99999999997328 696.0000000000001
-60 -19.99999999997359 692.0000000000002
-60 -19.99999999997388 688.0000000000003
-60 -19.99999999997416 684.0000000000001
-60 -19.99999999997446 680.0000000000003
-60 -19.99999999997473 676.0000000000003
-59.99999999999999 -19.99999999997501 672.0000000000001
-60 -19.99999999997524 668.0000000000001
-60 -19.99999999997546 664.0000000000001
-60 -19.99999999997568 660.0000000000003
-60.00000000000001 -19.99999999997587 656.0000000000002
-59.99999999999999 -19.99999999997602 652.0000000000002
-60 -19.99999999997616 648.0000000000002
-60 -19.9999999999763 644.0000000000001
-60 -19.99999999997641 640.0000000000001
-59.99999999999999 -19.9999999999765 636
-60 -19.99999999997658 632
-60.00000000000001 -19.99999999997662 628.0000000000001
-60 -19.99999999997664 623.9999999999999
-60 -19.99999999997666 620.0000000000001
-60 -19.99999999997666 616
-60 -19.99999999997664 612
-60 -19.99999999997661 608
-60.00000000000001 -19.99999999997656 603.9999999999999
-60 -19.99999999997648 599.9999999999999
-60 -19.99999999997639 596
-60 -19.99999999997627 592
-60.00000000000001 -19.99999999997614 587.9999999999999
-60.00000000000001 -19.99999999997599 583.9999999999999
-60 -19.99999999997581 580
-59.99999999999999 -19.99999999997561 575.9999999999999
-60.00000000000001 -19.99999999997539 572
-60.00000000000001 -19.99999999997514 567.9999999999999
-60 -19.99999999997486 564
-59.99999999999999 -19.99999999997457 560
-60 -19.99999999997426 556
-60 -19.99999999997394 552
-60.00000000000001 -19.9999999999736 548.0000000000002
-60 -19.99999999997325 544
-60 -19.9999999999729 539.9999999999999
-59.99999999999999 -19.99999999997255 536.0000000000003
-59.99999999999999 -26.66666666665441 707.9999999999999
-60 -26.6666666666541 704
-60.00000000000001 -26.6666666666539 700
-60 -26.66666666665379 696.0000000000001
-60 -26.66666666665376 692
-60 -26.66666666665374 687.9999999999999
-59.99999999999999 -26.66666666665376 684.0000000000001
-60 -26.66666666665381 680.0000000000003
-60 -26.66666666665388 675.9999999999999
-59.99999999999999 -26.66666666665396 672.0000000000001
-60 -26.66666666665404 668.0000000000001
-60 -26.66666666665412 664.0000000000001
-60 -26.66666666665417 660.0000000000002
-60 -26.66666666665424 656.0000000000001
-60.00000000000001 -26.66666666665429 652.0000000000001
-59.99999999999999 -26.66666666665435 648.0000000000002
-60 -26.6666666666544 643.9999999999999
-60 -26.66666666665443 639.9999999999998
-60 -26.66666666665447 636.0000000000001
-60 -26.66666666665449 631.9999999999999
-59.99999999999999 -26.66666666665451 627.9999999999999
-60 -26.66666666665453 624
-60.00000000000001 -26.66666666665452 620.0000000000001
-60 -26.66666666665454 616
-59.99999999999999 -26.66666666665456 612
-60.00000000000001 -26.66666666665456 608
-59.99999999999999 -26.66666666665454 604
-59.99999999999999 -26.66666666665449 600
-60 -26.66666666665444 596
-59.99999999999999 -26.66666666665441 592
-60 -26.66666666665438 588
-59.99999999999999 -26.66666666665432 583.9999999999999
-60.00000000000001 -26.66666666665425 580.0000000000001
-59.99999999999999 -26.66666666665417 576
-60.00000000000001 -26.66666666665412 572.0000000000001
-59.99999999999999 -26.66666666665406 568
-60 -26.66666666665401 564
-60 -26.66666666665395 560
-59.99999999999999 -26.66666666665393 556
-60 -26.66666666665392 552
-59.99999999999999 -26.66666666665393 548.0000000000002
-59.99999999999999 -26.66666666665401 544
-60.00000000000001 -26.66666666665417 539.9999999999998
-59.99999999999999 -26.66666666665443 536.0000000000002
-40.00000000002262 -39.99999999999999 707.9999999999999
-40.00000000002658 -40 704
-40.00000000002932 -40 700.0000000000001
-40.00000000003119 -40 696
-40.00000000003246 -40 692
-40.00000000003329 -40 687.9999999999999
-40.00000000003379 -40 684.0000000000002
-40.00000000003406 -40 679.9999999999999
-40.0000000000342 -40 676.0000000000002
-40.00000000003423 -40 672.0000000000001
-40.00000000003418 -40 668.0000000000002
-40.0000000000341 -40 664
-40.00000000003401 -40 660.0000000000001
-40.0000000000339 -40 655.9999999999999
-40.00000000003376 -40 652.0000000000002
-40.00000000003364 -40 648.0000000000001
-40.00000000003355 -40 644.0000000000002
-40.00000000003345 -40 640.0000000000001
-40.00000000003337 -40 636.0000000000002
-40.00000000003328 -40 632.0000000000001
-40.00000000003322 -40 628
-40.00000000003318 -40 624.0000000000002
-40.00000000003317 -40 620.0000000000001
-40.00000000003315 -40 616.0000000000002
-40.00000000003315 -40 612
-40.00000000003317 -40 608
-40.00000000003322 -40 604
-40.00000000003327 -40 600
-40.00000000003332 -40 596
-40.0000000000334 -40 592.0000000000001
-40.00000000003347 -40 588
-40.00000000003357 -40 584
-40.00000000003365 -40 580
-40.00000000003371 -40.00000000000001 576
-40.00000000003374 -40 572
-40.00000000003369 -40 568
-40.00000000003359 -40 564
-40.00000000003331 -39.99999999999999 560
-40.00000000003281 -40 555.9999999999999
-40.00000000003206 -39.99999999999998 552
-40.00000000003085 -40 548.0000000000002
-40.00000000002903 -40.00000000000002 544
-40.00000000002636 -40.00000000000001 539.9999999999998
-40.00000000002248 -39.99999999999999 536.0000000000002
-30.00000000007911 -40 708
-30.00000000007725 -40 704
-30.00000000007566 -40 700
-30.00000000007427 -40 695.9999999999999
-30.00000000007302 -40 692
-30.0000000000719 -40 688
-30.0000000000709 -40 683.9999999999999
-30.00000000006998 -40 680.0000000000003
-30.00000000006913 -40 676.0000000000002
-30.00000000006836 -40 672.0000000000001
-30.00000000006769 -40 668.0000000000003
-30.00000000006707 -40.00000000000001 664.0000000000003
-30.00000000006651 -40.00000000000001 660.0000000000003
-30.00000000006602 -40 656.0000000000002
-30.00000000006558 -40 652.0000000000002
-30.0000000000652 -40 648.0000000000002
-30.00000000006487 -40 644.0000000000002
-30.00000000006459 -40 640.0000000000003
-30.00000000006437 -40 636
-30.0000000000642 -40 632.0000000000001
-30.00000000006404 -40 628.0000000000002
-30.00000000006395 -40 624.0000000000002
-30.00000000006389 -39.99999999999999 620.0000000000002
-30.00000000006388 -40 615.9999999999998
-30.00000000006392 -40.00000000000001 612
-30.00000000006399 -40 608
-30.00000000006412 -40 604
-30.0000000000643 -40 600
-30.00000000006453 -40 596
-30.00000000006483 -40 592
-30.00000000006518 -40 588
-30.00000000006563 -40 584
-30.00000000006611 -40.00000000000001 580
-30.00000000006668 -40.00000000000001 576
-30.00000000006736 -40 572
-30.00000000006811 -39.99999999999999 567.9999999999999
-30.00000000006896 -39.99999999999999 564
-30.00000000006992 -40 560
-30.000000000071 -40.00000000000001 556
-30.00000000007219 -40 552
-30.00000000007354 -40 548.0000000000002
-30.00000000007507 -40.00000000000001 544
-30.00000000007683 -40.00000000000001 539.9999999999998
-30.00000000007888 -40 536.0000000000003
-20.00000000012709 -40 707.9999999999999
-20.00000000012147 -40 704
-20.00000000011677 -40 700
-20.00000000011277 -40 695.9999999999999
-20.00000000010937 -40 692
-20.00000000010643 -40 687.9999999999999
-20.00000000010389 -40 684.0000000000002
-20.00000000010169 -40 679.9999999999999
-20.0000000000998 -40 676.0000000000002
-20.00000000009812 -40 672.0000000000001
-20.00000000009666 -40 668.0000000000002
-20.0000000000954 -40 664.0000000000002
-20.0000000000943 -40 660.0000000000002
-20.00000000009335 -40 656.0000000000002
-20.00000000009253 -40 652.0000000000002
-20.00000000009183 -40 648.0000000000002
-20.00000000009124 -40 644.0000000000002
-20.00000000009075 -40 640.0000000000002
-20.00000000009036 -40.00000000000001 636.0000000000003
-20.00000000009003 -40 632.0000000000002
-20.00000000008978 -40 628.0000000000001
-20.00000000008964 -40 624.0000000000001
-20.00000000008954 -40 620.0000000000002
-20.00000000008954 -40 616.0000000000001
-20.00000000008961 -40.00000000000001 612.0000000000002
-20.00000000008977 -40 608.0000000000002
-20.00000000009003 -40 604.0000000000001
-20.00000000009038 -40 599.9999999999999
-20.00000000009084 -40 595.9999999999999
-20.0000000000914 -40 592
-20.00000000009212 -40 588
-20.00000000009297 -39.99999999999999 583.9999999999999
-20.00000000009398 -40 579.9999999999999
-20.00000000009518 -40 576
-20.00000000009661 -40 571.9999999999999
-20.00000000009827 -40 568
-20.00000000010019 -40 563.9999999999999
-20.00000000010246 -39.99999999999999 559.9999999999999
-20.00000000010508 -39.99999999999999 555.9999999999999
-20.00000000010813 -40.00000000000001 552.0000000000001
-20.0000000001117 -40 548.0000000000002
-20.0000000001159 -40.00000000000001 544
-20.00000000012085 -40 539.9999999999998
-20.00000000012676 -39.99999999999999 536.0000000000002
-10.00000000015125 -40 708
-10.00000000014622 -40 703.9999999999999
-10.00000000014158 -40 700
-10.00000000013729 -40 695.9999999999998
-10.0000000001334 -40 692.0000000000003
-10.00000000012987 -40 687.9999999999999
-10.00000000012673 -40 684
-10.00000000012392 -40 680
-10.00000000012139 -40 676.0000000000002
-10.00000000011916 -40 672.0000000000003
-10.00000000011719 -40 668.0000000000002
-10.00000000011547 -39.99999999999999 664.0000000000002
-10.00000000011396 -40 660.0000000000001
-10.00000000011265 -40 656.0000000000002
-10.00000000011151 -40 652.0000000000002
-10.00000000011055 -40 648.0000000000002
-10.00000000010973 -40 644.0000000000002
-10.00000000010904 -40 640.0000000000003
-10.00000000010848 -40 636.0000000000002
-10.00000000010806 -40 632.0000000000003
-10.00000000010773 -40 628
-10.00000000010752 -40 624.0000000000001
-10.00000000010741 -40 620.0000000000001
-10.00000000010744 -40 616.0000000000001
-10.00000000010755 -40 612
-10.00000000010778 -40 608
-10.00000000010813 -40 604
-10.00000000010864 -40 600
-10.00000000010927 -40 596
-10.00000000011008 -40 592
-10.00000000011107 -40 588
-10.00000000011227 -40 584
-10.00000000011369 -40.00000000000001 580
-10.00000000011533 -40 576
-10.00000000011724 -39.99999999999999 572
-10.00000000011947 -39.99999999999999 568
-10.000000000122 -40 564
-10.00000000012488 -40 560
-10.00000000012815 -40 556
-10.00000000013184 -40 552
-10.00000000013592 -40 548.0000000000002
-10.00000000014046 -40.00000000000001 544
-10.00000000014542 -40.00000000000001 539.9999999999998
-10.00000000015082 -39.99999999999999 536.0000000000002
-1.675530825195892e-10 -40 708
-1.617834755052172e-10 -40 704
-1.563198755623792e-10 -40 700
-1.512283631655009e-10 -40 696.0000000000001
-1.465743082462723e-10 -40 692
-1.423243152961125e-10 -40 688.0000000000002
-1.384918846270011e-10 -40 684.0000000000003
-1.350670686406374e-10 -39.99999999999999 680.0000000000002
-1.320188403042266e-10 -40 676.0000000000003
-1.293187779083382e-10 -40 672.0000000000002
-1.269278016025055e-10 -40 668.0000000000002
-1.248407007399995e-10 -40 664.0000000000002
-1.230056057011097e-10 -40 660.0000000000002
-1.214424116824375e-10 -40 656.0000000000002
-1.200675114887417e-10 -40 652.0000000000002
-1.18923537684168e-10 -40 648.0000000000002
-1.179500941361766e-10 -40 644.0000000000002
-1.171240882058555e-10 -40 640.0000000000002
-1.164668361752774e-10 -40 636.0000000000002
-1.159520874378157e-10 -40 632.0000000000002
-1.155771182463165e-10 -40 628.0000000000002
-1.153210860138643e-10 -40 624.0000000000001
-1.151878592509092e-10 -40 620.0000000000005
-1.152233863876972e-10 -40 616.0000000000001
-1.153619422211705e-10 -40 612.0000000000001
-1.156603701701897e-10 -40 607.9999999999999
-1.160902485253246e-10 -40 604
-1.166915255781633e-10 -40 599.9999999999999
-1.174643987016882e-10 -40 595.9999999999999
-1.184581321922451e-10 -40.00000000000001 592
-1.196633903077782e-10 -40 588.0000000000002
-1.211111211318894e-10 -40 584
-1.228226409466515e-10 -40.00000000000001 579.9999999999999
-1.248237069262359e-10 -40 576
-1.271498462074305e-10 -40 572
-1.298365859270234e-10 -40 568
-1.329301113628389e-10 -40 563.9999999999999
-1.36417316948862e-10 -40.00000000000001 560
-1.403682207505123e-10 -39.99999999999999 556
-1.447904018903046e-10 -39.99999999999999 552
-1.496829327152227e-10 -40 548.0000000000002
-1.550590470837202e-10 -40.00000000000001 544
-1.60871982402e-10 -40.00000000000001 539.9999999999999
-1.670766858197226e-10 -40.00000000000001 536.0000000000003
9.999999999821107 -40 708
9.99999999983088 -40 704
9.99999999983924 -40 700.0000000000001
9.999999999846427 -40 695.9999999999998
9.999999999852648 -40 692.0000000000001
9.999999999858034 -40 688.0000000000002
9.999999999862691 -40 684.0000000000003
9.999999999866716 -40 680.0000000000003
9.99999999987023 -40 676.0000000000001
9.999999999873287 -40 672.0000000000002
9.999999999875936 -40 668.0000000000003
9.999999999878247 -40 664.0000000000002
9.999999999880218 -40 660.0000000000002
9.999999999881922 -40 656.0000000000002
9.999999999883377 -40 652.0000000000002
9.999999999884617 -40 648.0000000000002
9.999999999885665 -40 644.0000000000001
9.999999999886533 -40 640.0000000000002
9.999999999887226 -40 636.0000000000002
9.999999999887761 -40 632.0000000000002
9.999999999888153 -40 628.0000000000001
9.999999999888391 -40 624.0000000000001
9.999999999888509 -40 620.0000000000001
9.999999999888487 -40.00000000000001 616.0000000000002
9.999999999888347 -40 612.0000000000001
9.999999999888022 -40 608.0000000000002
9.99999999988756 -40 604.0000000000001
9.999999999886924 -40 600.0000000000002
9.999999999886086 -40 596.0000000000001
9.999999999885013 -40.00000000000001 592
9.999999999883716 -40 588.0000000000001
9.999999999882151 -40 584
9.999999999880274 -40 579.9999999999999
9.999999999878083 -40 576
9.999999999875484 -40.00000000000001 572
9.99999999987244 -40 568
9.999999999868873 -40 564
9.999999999864745 -40 560
9.99999999985997 -40 556.0000000000001
9.99999999985442 -39.99999999999999 552
9.999999999847988 -40.00000000000001 548.0000000000001
9.999999999840508 -40.00000000000001 544
9.999999999831806 -40.00000000000002 539.9999999999998
9.999999999821599 -40 536.0000000000001
19.99999999984654 -40 707.9999999999999
19.99999999985437 -40 704
19.99999999986123 -40 700.0000000000001
19.99999999986724 -40 696.0000000000002
19.99999999987249 -40 692.0000000000001
19.9999999998771 -40 688.0000000000003
19.99999999988115 -40 684.0000000000002
19.99999999988466 -40 680.0000000000002
19.99999999988776 -40 676.0000000000002
19.99999999989047 -40 672.0000000000002
19.99999999989281 -40 668.0000000000002
19.99999999989485 -40 664.0000000000002
19.99999999989657 -40 660.0000000000002
19.9999999998981 -39.99999999999999 656.0000000000002
19.99999999989939 -40 652.0000000000002
19.99999999990048 -40 648.0000000000002
19.9999999999014 -40.00000000000001 644.0000000000002
19.99999999990217 -40 640.0000000000002
19.99999999990278 -40.00000000000001 636.0000000000003
19.99999999990326 -39.99999999999999 632.0000000000003
19.99999999990359 -40 628.0000000000001
19.99999999990381 -40.00000000000001 624.0000000000001
19.99999999990393 -40 620
19.99999999990393 -40 616.0000000000002
19.99999999990379 -40 612.0000000000002
19.99999999990349 -40.00000000000001 608.0000000000002
19.99999999990306 -40 604.0000000000002
19.9999999999025 -40 600.0000000000001
19.99999999990176 -40 596.0000000000002
19.99999999990082 -40 591.9999999999999
19.99999999989966 -40 588.0000000000002
19.99999999989826 -40 583.9999999999999
19.99999999989662 -40 579.9999999999999
19.99999999989465 -40.00000000000001 576
19.99999999989235 -40 572
19.99999999988967 -40 568
19.99999999988656 -40 563.9999999999999
19.99999999988298 -40 560
19.99999999987882 -40 555.9999999999999
19.99999999987408 -40.00000000000001 552.0000000000001
19.99999999986861 -40 548.0000000000003
19.99999999986236 -40.00000000000002 544
19.99999999985518 -40.00000000000002 539.9999999999998
19.99999999984697 -39.99999999999999 536.0000000000002
29.9999999998955 -39.99999999999999 708
29.99999999989913 -40 704
29.99999999990259 -40 700
29.99999999990587 -40 696
29.9999999999089 -40 691.9999999999999
29.99999999991163 -40.00000000000001 688.0000000000002
29.99999999991416 -40 684.0000000000001
29.99999999991638 -40 680.0000000000003
29.99999999991839 -40 676
29.99999999992019 -39.99999999999999 672.0000000000003
29.99999999992179 -39.99999999999999 668.0000000000002
29.99999999992318 -40 664.0000000000003
29.99999999992436 -40 660.0000000000002
29.99999999992544 -40 656.0000000000002
29.99999999992635 -40 652.0000000000002
29.99999999992714 -40 648.0000000000002
29.99999999992779 -40 644.0000000000003
29.99999999992835 -40 640.0000000000003
29.99999999992879 -40 636.0000000000002
29.99999999992915 -40 632.0000000000003
29.99999999992941 -40 628.0000000000001
29.99999999992954 -40 624.0000000000001
29.99999999992963 -40.00000000000001 620
29.99999999992963 -40 616.0000000000001
29.99999999992951 -40 612
29.99999999992932 -40 607.9999999999999
29.99999999992903 -40 603.9999999999999
29.99999999992864 -40 600
29.99999999992808 -40.00000000000001 596
29.99999999992741 -40 592
29.9999999999266 -40 588
29.99999999992564 -39.99999999999999 583.9999999999999
29.99999999992448 -40 580
29.99999999992315 -40.00000000000001 576
29.9999999999216 -40 572
29.99999999991981 -40 568
29.99999999991779 -40.00000000000001 564
29.9999999999155 -39.99999999999999 560
29.99999999991291 -40 556
29.99999999991006 -40.00000000000001 552
29.99999999990692 -40 548.0000000000002
29.99999999990346 -40.00000000000001 544
29.99999999989975 -40 539.9999999999998
29.99999999989584 -40.00000000000001 536.0000000000001
39.99999999994735 -40 708
39.99999999994884 -40.00000000000001 704
39.99999999995029 -40 700
39.99999999995166 -40 696
39.99999999995294 -40 692
39.9999999999542 -40 688
39.99999999995536 -40 684.0000000000001
39.99999999995639 -40 679.9999999999999
39.9999999999573 -40 676.0000000000001
39.99999999995816 -40 672.0000000000002
39.99999999995894 -40 668.0000000000001
39.99999999995965 -40.00000000000001 664.0000000000001
39.99999999996024 -40 660.0000000000003
39.99999999996078 -40 656.0000000000001
39.99999999996121 -40 652.0000000000001
39.99999999996161 -40 648.0000000000001
39.99999999996192 -40 644.0000000000001
39.9999999999622 -40 640.0000000000001
39.99999999996242 -40 636.0000000000001
39.99999999996261 -40 632.0000000000001
39.99999999996275 -40 628.0000000000002
39.99999999996285 -39.99999999999999 624
39.99999999996287 -39.99999999999999 620.0000000000002
39.99999999996287 -39.99999999999999 616
39.99999999996281 -40 611.9999999999999
39.99999999996273 -40 608
39.99999999996257 -40 604
39.99999999996236 -40.00000000000001 600
39.99999999996209 -40 595.9999999999999
39.99999999996175 -40 592
39.99999999996134 -40 587.9999999999999
39.99999999996088 -40 584
39.99999999996032 -40 579.9999999999999
39.99999999995969 -40.00000000000001 576
39.99999999995892 -40 572
39.99999999995804 -40 568
39.99999999995709 -40 564
39.99999999995602 -40 559.9999999999999
39.99999999995487 -39.99999999999999 556
39.99999999995362 -40 552
39.99999999995219 -40.00000000000001 548.0000000000002
39.99999999995068 -40.00000000000001 544
39.99999999994915 -40 539.9999999999999
39.99999999994753 -39.99999999999999 536.0000000000002
60 -26.66666666667822 708
60.00000000000001 -26.66666666667883 703.9999999999999
60 -26.66666666667925 700
60 -26.66666666667951 696.0000000000002
60 -26.6666666666797 692.0000000000002
60 -26.6666666666798 688.0000000000001
59.99999999999999 -26.66666666667983 684
60 -26.66666666667984 680.0000000000003
60 -26.66666666667981 676.0000000000002
60 -26.66666666667977 672.0000000000001
60 -26.66666666667971 668.0000000000002
60 -26.66666666667965 664.0000000000002
60.00000000000001 -26.66666666667959 660.0000000000005
60 -26.66666666667953 656.0000000000001
60 -26.66666666667946 652.0000000000001
60 -26.66666666667941 648.0000000000001
60 -26.66666666667936 644.0000000000001
60 -26.66666666667931 640.0000000000001
60 -26.66666666667928 636.0000000000003
60 -26.66666666667926 632.0000000000002
60 -26.66666666667923 627.9999999999999
60 -26.66666666667921 624
59.99999999999999 -26.66666666667919 620
60 -26.66666666667919 616
60 -26.66666666667919 612
60 -26.66666666667919 607.9999999999999
60 -26.66666666667923 604
60.00000000000001 -26.66666666667925 600
60 -26.66666666667928 596
60 -26.66666666667932 592.0000000000002
60 -26.66666666667936 587.9999999999999
59.99999999999999 -26.66666666667941 584
60.00000000000001 -26.66666666667945 580
60.00000000000001 -26.66666666667951 575.9999999999999
60 -26.66666666667955 572
60 -26.6666666666796 568
60.00000000000001 -26.66666666667963 564
60.00000000000001 -26.66666666667963 560
60 -26.66666666667961 555.9999999999999
60.00000000000002 -26.66666666667952 552
59.99999999999999 -26.66666666667938 548.0000000000003
60 -26.66666666667913 544
60.00000000000002 -26.66666666667875 540
59.99999999999999 -26.66666666667819 536.0000000000003
60.00000000000001 -20.00000000002804 708
60 -20.00000000002793 704
60 -20.00000000002774 700
60.00000000000001 -20.00000000002748 696.0000000000001
59.99999999999999 -20.00000000002723 692.0000000000001
59.99999999999999 -20.00000000002694 688.0000000000002
60.00000000000001 -20.00000000002665 684.0000000000003
60.00000000000001 -20.00000000002635 680.0000000000002
60 -20.00000000002605 676.0000000000002
59.99999999999999 -20.00000000002579 672.0000000000002
59.99999999999999 -20.00000000002553 668.0000000000002
60 -20.0000000000253 664.0000000000002
59.99999999999999 -20.00000000002508 660.0000000000002
60 -20.00000000002489 656.0000000000002
60 -20.00000000002471 652.0000000000002
60 -20.00000000002455 648.0000000000002
60 -20.00000000002441 644
60 -20.00000000002429 640.0000000000001
59.99999999999999 -20.0000000000242 636.0000000000001
60.00000000000001 -20.00000000002412 632.0000000000001
60 -20.00000000002407 628.0000000000001
60 -20.00000000002403 624.0000000000001
60 -20.000000000024 620.0000000000002
59.99999999999999 -20.000000000024 616
60 -20.00000000002401 612
60.00000000000001 -20.00000000002404 607.9999999999999
59.99999999999999 -20.00000000002409 603.9999999999999
60 -20.00000000002417 600
60 -20.00000000002427 596
60 -20.00000000002439 592
60 -20.00000000002455 588
59.99999999999999 -20.00000000002471 584
60 -20.0000000000249 580
60 -20.00000000002512 576
60.00000000000001 -20.00000000002537 572
59.99999999999999 -20.00000000002565 568
60 -20.00000000002593 564
60 -20.00000000002623 560
60 -20.00000000002656 556
60 -20.00000000002687 552
59.99999999999999 -20.00000000002719 548.0000000000002
60 -20.00000000002749 544
60.00000000000001 -20.00000000002775 539.9999999999998
59.99999999999999 -20.00000000002794 536.0000000000003
59.99999999999999 -13.33333333337943 708
60 -13.33333333337799 703.9999999999999
59.99999999999999 -13.33333333337669 700
60 -13.33333333337548 696
60 -13.33333333337438 692.0000000000001
60.00000000000001 -13.33333333337337 688
60 -13.33333333337246 684.0000000000002
60 -13.33333333337164 680.0000000000002
60.00000000000001 -13.3333333333709 676.0000000000002
60.00000000000001 -13.33333333337022 672.0000000000002
60 -13.33333333336963 668.0000000000002
60 -13.33333333336912 664.0000000000002
60 -13.33333333336865 660.0000000000002
60 -13.33333333336825 656.0000000000002
60 -13.3333333333679 652.0000000000002
60 -13.33333333336761 648.0000000000002
60 -13.33333333336735 644.0000000000002
59.99999999999999 -13.33333333336714 640.0000000000002
60 -13.33333333336696 636.0000000000002
60.00000000000001 -13.33333333336683 632.0000000000003
60 -13.33333333336673 628.0000000000001
60 -13.33333333336667 624.0000000000001
60 -13.33333333336663 620.0000000000001
60 -13.33333333336664 616.0000000000001
60 -13.33333333336667 612.0000000000001
60 -13.33333333336674 608
60 -13.33333333336684 604
59.99999999999999 -13.33333333336701 600
60 -13.33333333336721 596
60 -13.33333333336745 592
60 -13.33333333336775 588
60 -13.33333333336812 584
59.99999999999999 -13.33333333336854 579.9999999999999
60 -13.33333333336904 576
60 -13.33333333336961 572
60 -13.33333333337026 568
59.99999999999999 -13.33333333337102 564
60.00000000000001 -13.33333333337186 560
60 -13.33333333337281 556
60 -13.33333333337387 551.9999999999999
59.99999999999999 -13.33333333337503 548.0000000000002
59.99999999999999 -13.33333333337632 543.9999999999999
60 -13.33333333337773 539.9999999999998
59.99999999999999 -13.33333333337929 536.0000000000002
60 -6.666666666727675 708
60 -6.666666666725112 704
60 -6.666666666722703 700
60 -6.666666666720481 696
59.99999999999999 -6.666666666718482 692
60 -6.666666666716697 688.0000000000003
59.99999999999999 -6.666666666715106 684.0000000000002
60 -6.666666666713699 680
60 -6.666666666712462 676.0000000000003
60 -6.666666666711372 672.0000000000002
60 -6.666666666710423 668.0000000000002
60 -6.666666666709615 664.0000000000002
60 -6.66666666670891 660.0000000000002
60 -6.666666666708299 656.0000000000002
60 -6.666666666707781 652.0000000000002
60 -6.666666666707346 648.0000000000001
60 -6.666666666706978 644.0000000000002
60 -6.666666666706686 640.0000000000002
60 -6.666666666706448 636.0000000000002
60 -6.666666666706253 632.0000000000002
60.00000000000001 -6.666666666706122 628.0000000000003
60 -6.666666666706037 624.0000000000001
60.00000000000001 -6.666666666705993 620.0000000000002
60 -6.666666666705997 616
59.99999999999998 -6.666666666706063 612.0000000000001
60.00000000000001 -6.666666666706167 608
60 -6.666666666706332 604
60 -6.66666666670657 599.9999999999999
60 -6.666666666706859 595.9999999999999
59.99999999999999 -6.666666666707243 592
60 -6.666666666707702 587.9999999999999
60 -6.666666666708256 583.9999999999999
60.00000000000001 -6.666666666708918 580
60.00000000000001 -6.666666666709702 576
59.99999999999999 -6.666666666710619 572
60 -6.666666666711691 568
60 -6.666666666712937 564
60.00000000000001 -6.666666666714367 559.9999999999999
59.99999999999999 -6.666666666715994 556
60 -6.666666666717857 551.9999999999999
60 -6.666666666719937 548
60 -6.66666666672226 544
60.00000000000001 -6.666666666724803 539.9999999999997
59.99999999999999 -6.666666666727505 536.0000000000002
60 -7.417355618599686e-11 708
60 -6.848921429991606e-11 704
60 -6.388312101535121e-11 700
59.99999999999999 -6.011191544530448e-11 696
60 -5.699263283531764e-11 692.0000000000001
60 -5.439832288326822e-11 688.0000000000002
60 -5.222311472152796e-11 684.0000000000002
60 -5.03863617495881e-11 680.0000000000002
60 -4.881641757492616e-11 676.0000000000002
60 -4.747668924665049e-11 672.0000000000002
60 -4.634514993995253e-11 668.0000000000002
60 -4.53717063919612e-11 664.0000000000002
60 -4.455991131635528e-11 660.0000000000002
60 -4.386890850582859e-11 656.0000000000002
60 -4.32898161761841e-11 652.0000000000002
60 -4.279065990431263e-11 648.0000000000002
60 -4.238209783125058e-11 644.0000000000002
59.99999999999999 -4.203997150398209e-11 640.0000000000002
59.99999999999999 -4.176392565113929e-11 636.0000000000001
60 -4.155253918725066e-11 632.0000000000002
60 -4.141043064009864e-11 628
60.00000000000001 -4.132871822548623e-11 624.0000000000001
60 -4.127187480662542e-11 620.0000000000001
60 -4.128253294766182e-11 616
60.00000000000001 -4.134648179388023e-11 611.9999999999999
59.99999999999999 -4.147915591248521e-11 608.0000000000002
59.99999999999999 -4.167599598758898e-11 604
60 -4.192912683720351e-11 600
60 -4.226929917194866e-11 595.9999999999999
60 -4.270273024076232e-11 592
60 -4.32329727573233e-11 588
60 -4.388373121678847e-11 584.0000000000001
60.00000000000002 -4.46477225561163e-11 580
60 -4.557776378533161e-11 575.9999999999999
60 -4.668379263408598e-11 572
59.99999999999999 -4.800027042506372e-11 568
60 -4.957545485240189e-11 564
60.00000000000001 -5.144329406903125e-11 560
59.99999999999999 -5.367706279457707e-11 556
60 -5.633915556302327e-11 552
60 -5.954214898906685e-11 548.0000000000002
59.99999999999999 -6.342234885418445e-11 544
60.00000000000001 -6.815004116589307e-11 539.9999999999998
59.99999999999999 -7.400008383839918e-11 536.0000000000003
60 6.666666666608791 708
60 6.66666666661078 704
60 6.666666666612741 700.0000000000001
60 6.666666666614605 696.0000000000001
60 6.666666666616335 692.0000000000001
60 6.666666666617903 688.0000000000001
60 6.666666666619335 684.0000000000001
60 6.666666666620609 680.0000000000002
60 6.666666666621737 676.0000000000002
60 6.666666666622733 672.0000000000003
60 6.666666666623607 668.0000000000002
60 6.666666666624351 664.0000000000003
60 6.666666666625016 660.0000000000002
60 6.666666666625574 656.0000000000002
60 6.666666666626071 652.0000000000002
60 6.666666666626483 648.0000000000002
60 6.666666666626831 644.0000000000002
60 6.666666666627124 640.0000000000002
60 6.666666666627353 636.0000000000002
60 6.666666666627528 632.0000000000002
60 6.666666666627666 628
60 6.666666666627741 624.0000000000001
59.99999999999999 6.66666666662778 620.0000000000002
60 6.666666666627775 615.9999999999999
59.99999999999999 6.666666666627719 612
60.00000000000001 6.666666666627607 607.9999999999999
60 6.666666666627447 603.9999999999999
60 6.666666666627227 599.9999999999999
60 6.666666666626946 596
60 6.666666666626589 592
60.00000000000001 6.66666666662615 588
60 6.666666666625612 584
59.99999999999999 6.666666666625007 580
60.00000000000001 6.66666666662429 576
60 6.666666666623442 572
59.99999999999999 6.666666666622456 568
60.00000000000001 6.666666666621326 564
60.00000000000001 6.66666666662004 560
60 6.6666666666186 556
60.00000000000001 6.666666666616955 552.0000000000001
59.99999999999999 6.66666666661515 548.0000000000002
60 6.666666666613194 543.9999999999999
60.00000000000001 6.666666666611111 539.9999999999998
59.99999999999999 6.666666666608974 536.0000000000002
60 13.33333333329045 708
60.00000000000001 13.33333333329137 704
60 13.33333333329228 700.0000000000002
60 13.33333333329315 696.0000000000001
60 13.333333333294 692.0000000000001
60 13.33333333329481 688.0000000000003
60 13.33333333329556 684.0000000000001
60 13.33333333329626 680.0000000000001
60.00000000000001 13.33333333329689 676.0000000000002
60 13.33333333329749 672.0000000000002
60 13.33333333329801 668.0000000000002
60 13.33333333329847 664.0000000000002
60 13.33333333329888 660.0000000000002
60 13.33333333329923 656.0000000000002
60 13.33333333329956 652.0000000000002
60 13.33333333329984 648.0000000000002
60 13.33333333330006 644.0000000000002
60 13.33333333330026 640.0000000000002
60 13.33333333330043 636.0000000000003
59.99999999999999 13.33333333330056 632.0000000000002
60 13.33333333330065 628.0000000000001
60 13.3333333333007 624.0000000000001
60 13.33333333330074 620.0000000000002
60 13.33333333330073 615.9999999999999
60 13.3333333333007 612.0000000000001
60 13.33333333330061 608.0000000000001
59.99999999999999 13.33333333330052 604
60 13.33333333330037 599.9999999999999
59.99999999999999 13.33333333330018 596
60 13.33333333329994 591.9999999999999
60 13.33333333329968 588
59.99999999999999 13.33333333329936 584
60.00000000000001 13.33333333329899 580
59.99999999999999 13.33333333329855 576
59.99999999999999 13.33333333329804 572
60 13.33333333329748 567.9999999999999
60 13.33333333329685 564
60 13.33333333329614 560
60 13.33333333329535 556
60 13.33333333329451 552
59.99999999999999 13.33333333329361 548.0000000000001
60 13.33333333329265 543.9999999999999
60.00000000000001 13.33333333329166 539.9999999999997
59.99999999999999 13.33333333329061 536.0000000000002
60 19.99999999997246 708
60 19.99999999997272 704
60 19.99999999997301 699.9999999999999
60 19.99999999997328 696.0000000000001
60 19.99999999997359 692.0000000000002
60 19.99999999997388 688.0000000000003
60 19.99999999997416 684.0000000000001
60 19.99999999997446 680.0000000000003
60 19.99999999997473 676.0000000000003
59.99999999999999 19.99999999997501 672.0000000000001
60 19.99999999997524 668.0000000000001
60 19.99999999997546 664.0000000000001
60 19.99999999997568 660.0000000000003
60.00000000000001 19.99999999997587 656.0000000000002
59.99999999999999 19.99999999997602 652.0000000000002
60 19.99999999997616 648.0000000000002
60 19.9999999999763 644.0000000000001
60 19.99999999997641 640.0000000000001
59.99999999999999 19.9999999999765 636
60 19.99999999997658 632
60.00000000000001 19.99999999997662 628.0000000000001
60 19.99999999997664 623.9999999999999
60 19.99999999997666 620.0000000000001
60 19.99999999997666 616
60 19.99999999997664 612
60 19.99999999997661 608
60.00000000000001 19.99999999997656 603.9999999999999
60 19.99999999997648 599.9999999999999
60 19.99999999997639 596
60 19.99999999997627 592
60.00000000000001 19.99999999997614 587.9999999999999
60.00000000000001 19.99999999997599 583.9999999999999
60 19.99999999997581 580
59.99999999999999 19.99999999997561 575.9999999999999
60.00000000000001 19.99999999997539 572
60.00000000000001 19.99999999997514 567.9999999999999
60 19.99999999997486 564
59.99999999999999 19.99999999997457 560
60 19.99999999997426 556
60 19.99999999997394 552
60.00000000000001 19.9999999999736 548.0000000000002
60 19.99999999997325 544
60 19.9999999999729 539.9999999999999
59.99999999999999 19.99999999997255 536.0000000000003
59.99999999999999 26.66666666665441 707.9999999999999
60 26.6666666666541 704
60.00000000000001 26.6666666666539 700
60 26.66666666665379 696.0000000000001
60 26.66666666665376 692
60 26.66666666665374 687.9999999999999
59.99999999999999 26.66666666665376 684.0000000000001
60 26.66666666665381 680.0000000000003
60 26.66666666665388 675.9999999999999
59.99999999999999 26.66666666665396 672.0000000000001
60 26.66666666665404 668.0000000000001
60 26.66666666665412 664.0000000000001
60 26.66666666665417 660.0000000000002
60 26.66666666665424 656.0000000000001
60.00000000000001 26.66666666665429 652.0000000000001
59.99999999999999 26.66666666665435 648.0000000000002
60 26.6666666666544 643.9999999999999
60 26.66666666665443 639.9999999999998
60 26.66666666665447 636.0000000000001
60 26.66666666665449 631.9999999999999
59.99999999999999 26.66666666665451 627.9999999999999
60 26.66666666665453 624
60.00000000000001 26.66666666665452 620.0000000000001
60 26.66666666665454 616
59.99999999999999 26.66666666665456 612
60.00000000000001 26.66666666665456 608
59.99999999999999 26.66666666665454 604
59.99999999999999 26.66666666665449 600
60 26.66666666665444 596
59.99999999999999 26.66666666665441 592
60 26.66666666665438 588
59.99999999999999 26.66666666665432 583.9999999999999
60.00000000000001 26.66666666665425 580.0000000000001
59.99999999999999 26.66666666665417 576
60.00000000000001 26.66666666665412 572.0000000000001
59.99999999999999 26.66666666665406 568
60 26.66666666665401 564
60 26.66666666665395 560
59.99999999999999 26.66666666665393 556
60 26.66666666665392 552
59.99999999999999 26.66666666665393 548.0000000000002
59.99999999999999 26.66666666665401 544
60.00000000000001 26.66666666665417 539.9999999999998
59.99999999999999 26.66666666665443 536.0000000000002
40.00000000002235 40 723.9999999999999
40.00000000002237 40 719.9999999999999
30.0000000000452 40 724
30.0000000000452 39.99999999999999 720.0000000000001
20.00000000006478 40 724
20.00000000006479 40 720.0000000000001
10.00000000007816 40 724
10.00000000007816 40 720
8.447287314083951e-11 40 724
8.447109678400011e-11 40 720
-9.999999999917231 40 724.0000000000001
-9.999999999917225 40 720
-19.99999999992862 40 724
-19.99999999992862 40 720
-29.99999999994822 40 724
-29.9999999999482 40.00000000000001 720
-39.99999999997289 40 724
-39.99999999997289 40 720.0000000000001
-60 26.66666666667516 724
-60 26.66666666667517 720.0000000000002
-60 20.00000000001679 724
-60.00000000000001 20.00000000001679 720
-60.00000000000001 13.3333333333574 724.0000000000001
-60 13.3333333333574 720
-60.00000000000001 6.666666666695884 724
-60 6.666666666695877 720
-60.00000000000001 3.126802520606967e-11 724
-60 3.125914342187267e-11 719.9999999999999
-59.99999999999999 -6.666666666637859 724
-60 -6.666666666637865 720
-60 -13.33333333330978 724
-60 -13.33333333330979 720
-60 -19.99999999998352 724
-59.99999999999999 -19.99999999998353 720
-60 -26.66666666665825 723.9999999999999
-60 -26.66666666665829 719.9999999999999
-40.00000000002235 -40 723.9999999999999
-40.00000000002237 -40 719.9999999999999
-30.0000000000452 -40 724
-30.0000000000452 -39.99999999999999 720.0000000000001
-20.00000000006478 -40 724
-20.00000000006479 -40 720.0000000000001
-10.00000000007816 -40 724
-10.00000000007816 -40 720
-8.447287314083951e-11 -40 724
-8.447109678400011e-11 -40 720
9.999999999917231 -40 724.0000000000001
9.999999999917225 -40 720
19.99999999992862 -40 724
19.99999999992862 -40 720
29.99999999994822 -40 724
29.9999999999482 -40.00000000000001 720
39.99999999997289 -40 724
39.99999999997289 -40 720.0000000000001
60 -26.66666666667516 724
60 -26.66666666667517 720.0000000000002
60 -20.00000000001679 724
60.00000000000001 -20.00000000001679 720
60.00000000000001 -13.3333333333574 724.0000000000001
60 -13.3333333333574 720
60.00000000000001 -6.666666666695884 724
60 -6.666666666695877 720
60.00000000000001 -3.126802520606967e-11 724
60 -3.125914342187267e-11 719.9999999999999
59.99999999999999 6.666666666637859 724
60 6.666666666637865 720
60 13.33333333330978 724
60 13.33333333330979 720
60 19.99999999998352 724
59.99999999999999 19.99999999998353 720
60 26.66666666665825 723.9999999999999
60 26.66666666665829 719.9999999999999
40.00000000002585 40.00000000000001 796
40.00000000002789 40 792
40.00000000002717 40 788
40.00000000002556 40 784.0000000000001
40.00000000002385 40 780
40.00000000002237 40 776
40.00000000002137 40 771.9999999999999
40.00000000002085 40 768
40.00000000002083 40 764
40.00000000002135 40 760
40.00000000002237 40 756.0000000000001
40.0000000000238 40 751.9999999999998
40.00000000002551 40.00000000000001 748.0000000000001
40.00000000002713 40 744
40.00000000002787 39.99999999999999 740.0000000000002
40.00000000002584 40.00000000000001 735.9999999999999
30.00000000007156 40 796
30.00000000006363 40 792
30.00000000005691 40 788
30.00000000005132 40 784
30.00000000004685 40 780
30.00000000004349 40 776
30.00000000004124 40 772
30.00000000004012 40 768
30.00000000004011 40 764
30.00000000004121 40 760
30.00000000004343 40 756
30.00000000004679 40 751.9999999999998
30.00000000005124 40.00000000000001 747.9999999999999
30.00000000005684 39.99999999999999 743.9999999999999
30.00000000006357 40 740.0000000000003
30.00000000007152 40.00000000000001 736.0000000000001
20.00000000011184 40 796
20.00000000009572 40 792
20.00000000008336 40 788
20.0000000000738 40 784
20.00000000006652 40 780
20.00000000006124 40 776
20.0000000000578 40 771.9999999999999
20.00000000005608 40 768
20.00000000005606 40 764
20.00000000005776 40 760
20.00000000006117 40 756
20.00000000006644 40 751.9999999999998
20.00000000007371 40.00000000000001 747.9999999999999
20.00000000008328 40 744
20.00000000009563 40.00000000000001 740.0000000000003
20.0000000001118 40.00000000000002 736.0000000000001
10.00000000013516 40 796
10.00000000011679 40 792
10.00000000010166 40 788
10.00000000008959 40 784
10.00000000008031 40 780
10.00000000007358 40 776
10.00000000006919 40 771.9999999999999
10.00000000006702 40 768
10.00000000006701 40 764
10.00000000006915 40 760
10.00000000007351 40 756
10.00000000008021 40 752
10.00000000008949 40.00000000000001 747.9999999999999
10.00000000010157 40.00000000000001 744
10.0000000001167 39.99999999999999 740.0000000000002
10.0000000001351 40.00000000000001 736
1.494910861765675e-10 40 796
1.284163886339229e-10 40 792
1.110187497488369e-10 40 788
9.71880353972665e-11 40 784
8.662226491651381e-11 40 780
7.898393050709274e-11 40 776.0000000000001
7.405161451355098e-11 40 772
7.160692953622108e-11 40 768
7.159271868150587e-11 40 764
7.398233659681437e-11 40.00000000000001 760
7.891109987667733e-11 40 756
8.652456529034683e-11 40 752.0000000000001
9.707800576480245e-11 40 747.9999999999998
1.109290437284471e-10 40 744
1.283440543385067e-10 40 740.0000000000003
1.494504520138662e-10 40.00000000000001 735.9999999999999
-9.999999999844764 40 796
-9.999999999870582 40 792
-9.999999999890044 40 788
-9.999999999904768 40 784
-9.999999999915701 40 780
-9.999999999923485 40 776
-9.999999999928495 40 772
-9.999999999930944 40 768
-9.999999999930946 40 764
-9.999999999928537 40 760
-9.999999999923556 40 756
-9.99999999991581 40 752
-9.999999999904865 40.00000000000001 747.9999999999998
-9.999999999890148 40 744
-9.999999999870667 40 740.0000000000002
-9.99999999984481 40.00000000000002 735.9999999999999
-19.99999999986615 40 795.9999999999999
-19.99999999988805 40 791.9999999999999
-19.99999999990489 40 788.0000000000001
-19.99999999991772 40 784
-19.99999999992728 40 780
-19.9999999999341 40 776
-19.9999999999385 39.99999999999999 772
-19.99999999994062 39.99999999999999 768
-19.99999999994066 40 763.9999999999999
-19.99999999993852 40 760
-19.99999999993417 40 755.9999999999999
-19.99999999992738 40 751.9999999999998
-19.99999999991781 40.00000000000001 748
-19.99999999990497 40 744
-19.99999999988811 39.99999999999999 740.0000000000002
-19.99999999986618 40.00000000000001 735.9999999999999
-29.99999999990685 40 796
-29.99999999992021 40.00000000000001 792.0000000000001
-29.99999999993129 40 788
-29.99999999994017 40 784
-29.99999999994696 39.99999999999999 779.9999999999999
-29.99999999995185 40 775.9999999999999
-29.99999999995502 40 771.9999999999999
-29.9999999999566 40 768
-29.99999999995659 39.99999999999999 764
-29.99999999995509 40 759.9999999999999
-29.99999999995191 40.00000000000001 756.0000000000001
-29.999999999947 40 751.9999999999999
-29.99999999994021 40.00000000000001 747.9999999999999
-29.99999999993137 40 744.0000000000001
-29.99999999992023 39.99999999999999 740.0000000000002
-29.99999999990687 40.00000000000001 735.9999999999999
-39.99999999995265 39.99999999999999 796
-39.99999999995886 40 792.0000000000001
-39.99999999996427 39.99999999999999 788
-39.99999999996866 40 784
-39.99999999997211 40.00000000000001 779.9999999999999
-39.99999999997466 40 776
-39.9999999999763 40 771.9999999999999
-39.99999999997711 40 768.0000000000001
-39.99999999997712 40 763.9999999999999
-39.99999999997632 40 760
-39.99999999997468 40 756
-39.99999999997213 40 751.9999999999998
-39.99999999996869 40 748
-39.99999999996427 40.00000000000001 744
-39.99999999995887 40 740
-39.99999999995265 40.00000000000001 736
-60 26.66666666667815 796
-60 26.66666666667787 792
-60 26.66666666667717 788
-60 26.66666666667635 784
-60 26.66666666667562 780
-60 26.66666666667502 776
-60 26.6666666666746 772
-60 26.66666666667439 768
-60 26.66666666667439 764
-60.00000000000001 26.66666666667459 760
-60.00000000000001 26.66666666667501 755.9999999999999
-60 26.6666666666756 751.9999999999998
-60.00000000000001 26.66666666667635 747.9999999999999
-60 26.66666666667715 744
-60 26.66666666667786 740.0000000000002
-60 26.66666666667814 736
-60 20.00000000002599 796
-60 20.0000000000236 792
-59.99999999999999 20.00000000002127 788
-60 20.0000000000192 784
-60 20.00000000001747 780
-60 20.00000000001615 775.9999999999998
-60 20.00000000001527 772
-60 20.00000000001482 768
-60 20.00000000001481 764
-60 20.00000000001525 760
-60 20.00000000001612 756
-59.99999999999999 20.00000000001744 752
-60 20.00000000001916 748
-60 20.00000000002125 744
-60 20.00000000002358 740.0000000000003
-60 20.00000000002597 736
-60 13.33333333337463 796
-60 13.33333333336918 792
-60 13.33333333336464 788
-60 13.33333333336096 784.0000000000001
-60 13.33333333335809 780
-60 13.33333333335599 776
-60 13.33333333335463 772
-60 13.33333333335395 768
-59.99999999999999 13.33333333335394 764
-60 13.33333333335461 760
-60 13.33333333335597 756
-59.99999999999999 13.33333333335807 751.9999999999999
-59.99999999999999 13.33333333336092 748.0000000000001
-60 13.33333333336461 744
-59.99999999999999 13.33333333336916 740.0000000000002
-59.99999999999999 13.33333333337461 735.9999999999999
-60 6.666666666720541 796
-59.99999999999999 6.666666666712176 792
-60 6.666666666705483 788
-60 6.666666666700312 784
-60 6.666666666696454 780
-60 6.666666666693703 776
-59.99999999999999 6.666666666691942 772.0000000000001
-59.99999999999999 6.666666666691082 768
-60 6.666666666691071 764
-59.99999999999999 6.666666666691924 760
-60 6.666666666693679 756
-59.99999999999999 6.66666666669642 751.9999999999999
-59.99999999999999 6.666666666700275 748
-60 6.666666666705442 744
-59.99999999999999 6.666666666712143 740
-60 6.666666666720528 736
-59.99999999999999 6.244030129544305e-11 796
-60 5.027622762554529e-11 792
-60 4.188116520253971e-11 788
-60 3.585576280329406e-11 784
-60.00000000000001 3.154276839723025e-11 780
-60 2.853006719760742e-11 776
-60.00000000000001 2.662403630893095e-11 772
-60 2.56969870219216e-11 768
-60 2.569745723402614e-11 763.9999999999999
-60 2.661186304000212e-11 759.9999999999999
-60 2.851303507026494e-11 756
-60 3.150280036834374e-11 752
-59.99999999999999 3.582013117492726e-11 748
-60.00000000000001 4.18403089952335e-11 744.0000000000001
-60.00000000000001 5.024158866717697e-11 740
-60 6.241063221779086e-11 735.9999999999999
-60 -6.666666666615017 796
-60 -6.666666666622467 792
-60 -6.66666666662865 788
-60 -6.66666666663353 783.9999999999999
-60 -6.666666666637219 780
-60 -6.666666666639863 776
-60 -6.666666666641574 772
-60 -6.666666666642422 767.9999999999999
-60 -6.666666666642422 764
-59.99999999999999 -6.666666666641595 760
-60 -6.666666666639884 756
-60 -6.666666666637255 751.9999999999998
-60 -6.666666666633563 747.9999999999999
-60.00000000000001 -6.666666666628679 744
-59.99999999999999 -6.666666666622509 740
-60 -6.66666666661502 736
-60 -13.33333333329439 796
-60 -13.33333333329896 792
-60 -13.333333333303 788.0000000000001
-60 -13.33333333330637 784
-60 -13.33333333330904 780
-60 -13.33333333331101 776
-60 -13.33333333331232 772
-60 -13.33333333331298 767.9999999999999
-60 -13.33333333331298 764
-60 -13.33333333331234 760
-60 -13.33333333331104 756
-60.00000000000001 -13.33333333330906 751.9999999999998
-60 -13.33333333330639 747.9999999999999
-59.99999999999999 -13.33333333330302 743.9999999999999
-60 -13.33333333329897 740.0000000000001
-60 -13.3333333332944 735.9999999999999
-60 -19.99999999997461 796
-60 -19.99999999997701 792
-60 -19.99999999997926 788
-60 -19.99999999998124 784.0000000000001
-59.99999999999999 -19.99999999998288 780
-60 -19.99999999998415 776
-60 -19.99999999998498 772
-60 -19.99999999998541 768
-60 -19.99999999998541 763.9999999999999
-60.00000000000001 -19.99999999998499 760
-60 -19.99999999998416 756
-60 -19.99999999998291 751.9999999999998
-59.99999999999999 -19.99999999998127 748
-60 -19.99999999997929 744
-60 -19.99999999997702 740.0000000000003
-60 -19.99999999997462 735.9999999999999
-60 -26.66666666665485 796
-60 -26.66666666665547 792
-60 -26.66666666665633 788
-60.00000000000001 -26.66666666665715 783.9999999999999
-60 -26.66666666665788 780
-60 -26.66666666665848 775.9999999999999
-60 -26.66666666665888 772
-60 -26.66666666665908 768
-60 -26.66666666665908 764
-59.99999999999999 -26.66666666665888 760
-60 -26.6666666666585 756
-60.00000000000001 -26.6666666666579 751.9999999999998
-59.99999999999999 -26.66666666665717 747.9999999999999
-60 -26.66666666665633 744
-60 -26.6666666666555 740.0000000000002
-60 -26.66666666665487 736
-40.00000000002585 -40.00000000000001 796
-40.00000000002789 -40 792
-40.00000000002717 -40 788
-40.00000000002556 -40 784.0000000000001
-40.00000000002385 -40 780
-40.00000000002237 -40 776
-40.00000000002137 -40 771.9999999999999
-40.00000000002085 -40 768
-40.00000000002083 -40 764
-40.00000000002135 -40 760
-40.00000000002237 -40 756.0000000000001
-40.0000000000238 -40 751.9999999999998
-40.00000000002551 -40.00000000000001 748.0000000000001
-40.00000000002713 -40 744
-40.00000000002787 -39.99999999999999 740.0000000000002
-40.00000000002584 -40.00000000000001 735.9999999999999
-30.00000000007156 -40 796
-30.00000000006363 -40 792
-30.00000000005691 -40 788
-30.00000000005132 -40 784
-30.00000000004685 -40 780
-30.00000000004349 -40 776
-30.00000000004124 -40 772
-30.00000000004012 -40 768
-30.00000000004011 -40 764
-30.00000000004121 -40 760
-30.00000000004343 -40 756
-30.00000000004679 -40 751.9999999999998
-30.00000000005124 -40.00000000000001 747.9999999999999
-30.00000000005684 -39.99999999999999 743.9999999999999
-30.00000000006357 -40 740.0000000000003
-30.00000000007152 -40.00000000000001 736.0000000000001
-20.00000000011184 -40 796
-20.00000000009572 -40 792
-20.00000000008336 -40 788
-20.0000000000738 -40 784
-20.00000000006652 -40 780
-20.00000000006124 -40 776
-20.0000000000578 -40 771.9999999999999
-20.00000000005608 -40 768
-20.00000000005606 -40 764
-20.00000000005776 -40 760
-20.00000000006117 -40 756
-20.00000000006644 -40 751.9999999999998
-20.00000000007371 -40.00000000000001 747.9999999999999
-20.00000000008328 -40 744
-20.00000000009563 -40.00000000000001 740.0000000000003
-20.0000000001118 -40.00000000000002 736.0000000000001
-10.00000000013516 -40 796
-10.00000000011679 -40 792
-10.00000000010166 -40 788
-10.00000000008959 -40 784
-10.00000000008031 -40 780
-10.00000000007358 -40 776
-10.00000000006919 -40 771.9999999999999
-10.00000000006702 -40 768
-10.00000000006701 -40 764
-10.00000000006915 -40 760
-10.00000000007351 -40 756
-10.00000000008021 -40 752
-10.00000000008949 -40.00000000000001 747.9999999999999
-10.00000000010157 -40.00000000000001 744
-10.0000000001167 -39.99999999999999 740.0000000000002
-10.0000000001351 -40.00000000000001 736
-1.494910861765675e-10 -40 796
-1.284163886339229e-10 -40 792
-1.110187497488369e-10 -40 788
-9.71880353972665e-11 -40 784
-8.662226491651381e-11 -40 780
-7.898393050709274e-11 -40 776.0000000000001
-7.405161451355098e-11 -40 772
-7.160692953622108e-11 -40 768
-7.159271868150587e-11 -40 764
-7.398233659681437e-11 -40.00000000000001 760
-7.891109987667733e-11 -40 756
-8.652456529034683e-11 -40 752.0000000000001
-9.707800576480245e-11 -40 747.9999999999998
-1.109290437284471e-10 -40 744
-1.283440543385067e-10 -40 740.0000000000003
-1.494504520138662e-10 -40.00000000000001 735.9999999999999
9.999999999844764 -40 796
9.999999999870582 -40 792
9.999999999890044 -40 788
9.999999999904768 -40 784
9.999999999915701 -40 780
9.999999999923485 -40 776
9.999999999928495 -40 772
9.999999999930944 -40 768
9.999999999930946 -40 764
9.999999999928537 -40 760
9.999999999923556 -40 756
9.99999999991581 -40 752
9.999999999904865 -40.00000000000001 747.9999999999998
9.999999999890148 -40 744
9.999999999870667 -40 740.0000000000002
9.99999999984481 -40.00000000000002 735.9999999999999
19.99999999986615 -40 795.9999999999999
19.99999999988805 -40 791.9999999999999
19.99999999990489 -40 788.0000000000001
19.99999999991772 -40 784
19.99999999992728 -40 780
19.9999999999341 -40 776
19.9999999999385 -39.99999999999999 772
19.99999999994062 -39.99999999999999 768
19.99999999994066 -40 763.9999999999999
19.99999999993852 -40 760
19.99999999993417 -40 755.9999999999999
19.99999999992738 -40 751.9999999999998
19.99999999991781 -40.00000000000001 748
19.99999999990497 -40 744
19.99999999988811 -39.99999999999999 740.0000000000002
19.99999999986618 -40.00000000000001 735.9999999999999
29.99999999990685 -40 796
29.99999999992021 -40.00000000000001 792.0000000000001
29.99999999993129 -40 788
29.99999999994017 -40 784
29.99999999994696 -39.99999999999999 779.9999999999999
29.99999999995185 -40 775.9999999999999
29.99999999995502 -40 771.9999999999999
29.9999999999566 -40 768
29.99999999995659 -39.99999999999999 764
29.99999999995509 -40 759.9999999999999
29.99999999995191 -40.00000000000001 756.0000000000001
29.999999999947 -40 751.9999999999999
29.99999999994021 -40.00000000000001 747.9999999999999
29.99999999993137 -40 744.0000000000001
29.99999999992023 -39.99999999999999 740.0000000000002
29.99999999990687 -40.00000000000001 735.9999999999999
39.99999999995265 -39.99999999999999 796
39.99999999995886 -40 792.0000000000001
39.99999999996427 -39.99999999999999 788
39.99999999996866 -40 784
39.99999999997211 -40.00000000000001 779.9999999999999
39.99999999997466 -40 776
39.9999999999763 -40 771.9999999999999
39.99999999997711 -40 768.0000000000001
39.99999999997712 -40 763.9999999999999
39.99999999997632 -40 760
39.99999999997468 -40 756
39.99999999997213 -40 751.9999999999998
39.99999999996869 -40 748
39.99999999996427 -40.00000000000001 744
39.99999999995887 -40 740
39.99999999995265 -40.00000000000001 736
60 -26.66666666667815 796
60 -26.66666666667787 792
60 -26.66666666667717 788
60 -26.66666666667635 784
60 -26.66666666667562 780
60 -26.66666666667502 776
60 -26.6666666666746 772
60 -26.66666666667439 768
60 -26.66666666667439 764
60.00000000000001 -26.66666666667459 760
60.00000000000001 -26.66666666667501 755.9999999999999
60 -26.6666666666756 751.9999999999998
60.00000000000001 -26.66666666667635 747.9999999999999
60 -26.66666666667715 744
60 -26.66666666667786 740.0000000000002
60 -26.66666666667814 736
60 -20.00000000002599 796
60 -20.0000000000236 792
59.99999999999999 -20.00000000002127 788
60 -20.0000000000192 784
60 -20.00000000001747 780
60 -20.00000000001615 775.9999999999998
60 -20.00000000001527 772
60 -20.00000000001482 768
60 -20.00000000001481 764
60 -20.00000000001525 760
60 -20.00000000001612 756
59.99999999999999 -20.00000000001744 752
60 -20.00000000001916 748
60 -20.00000000002125 744
60 -20.00000000002358 740.0000000000003
60 -20.00000000002597 736
60 -13.33333333337463 796
60 -13.33333333336918 792
60 -13.33333333336464 788
60 -13.33333333336096 784.0000000000001
60 -13.33333333335809 780
60 -13.33333333335599 776
60 -13.33333333335463 772
60 -13.33333333335395 768
59.99999999999999 -13.33333333335394 764
60 -13.33333333335461 760
60 -13.33333333335597 756
59.99999999999999 -13.33333333335807 751.9999999999999
59.99999999999999 -13.33333333336092 748.0000000000001
60 -13.33333333336461 744
59.99999999999999 -13.33333333336916 740.0000000000002
59.99999999999999 -13.33333333337461 735.9999999999999
60 -6.666666666720541 796
59.99999999999999 -6.666666666712176 792
60 -6.666666666705483 788
60 -6.666666666700312 784
60 -6.666666666696454 780
60 -6.666666666693703 776
59.99999999999999 -6.666666666691942 772.0000000000001
59.99999999999999 -6.666666666691082 768
60 -6.666666666691071 764
59.99999999999999 -6.666666666691924 760
60 -6.666666666693679 756
59.99999999999999 -6.66666666669642 751.9999999999999
59.99999999999999 -6.666666666700275 748
60 -6.666666666705442 744
59.99999999999999 -6.666666666712143 740
60 -6.666666666720528 736
59.99999999999999 -6.244030129544305e-11 796
60 -5.027622762554529e-11 792
60 -4.188116520253971e-11 788
60 -3.585576280329406e-11 784
60.00000000000001 -3.154276839723025e-11 780
60 -2.853006719760742e-11 776
60.00000000000001 -2.662403630893095e-11 772
60 -2.56969870219216e-11 768
60 -2.569745723402614e-11 763.9999999999999
60 -2.661186304000212e-11 759.9999999999999
60 -2.851303507026494e-11 756
60 -3.150280036834374e-11 752
59.99999999999999 -3.582013117492726e-11 748
60.00000000000001 -4.18403089952335e-11 744.0000000000001
60.00000000000001 -5.024158866717697e-11 740
60 -6.241063221779086e-11 735.9999999999999
60 6.666666666615017 796
60 6.666666666622467 792
60 6.66666666662865 788
60 6.66666666663353 783.9999999999999
60 6.666666666637219 780
60 6.666666666639863 776
60 6.666666666641574 772
60 6.666666666642422 767.9999999999999
60 6.666666666642422 764
59.99999999999999 6.666666666641595 760
60 6.666666666639884 756
60 6.666666666637255 751.9999999999998
60 6.666666666633563 747.9999999999999
60.00000000000001 6.666666666628679 744
59.99999999999999 6.666666666622509 740
60 6.66666666661502 736
60 13.33333333329439 796
60 13.33333333329896 792
60 13.333333333303 788.0000000000001
60 13.33333333330637 784
60 13.33333333330904 780
60 13.33333333331101 776
60 13.33333333331232 772
60 13.33333333331298 767.9999999999999
60 13.33333333331298 764
60 13.33333333331234 760
60 13.33333333331104 756
60.00000000000001 13.33333333330906 751.9999999999998
60 13.33333333330639 747.9999999999999
59.99999999999999 13.33333333330302 743.9999999999999
60 13.33333333329897 740.0000000000001
60 13.3333333332944 735.9999999999999
60 19.99999999997461 796
60 19.99999999997701 792
60 19.99999999997926 788
60 19.99999999998124 784.0000000000001
59.99999999999999 19.99999999998288 780
60 19.99999999998415 776
60 19.99999999998498 772
60 19.99999999998541 768
60 19.99999999998541 763.9999999999999
60.00000000000001 19.99999999998499 760
60 19.99999999998416 756
60 19.99999999998291 751.9999999999998
59.99999999999999 19.99999999998127 748
60 19.99999999997929 744
60 19.99999999997702 740.0000000000003
60 19.99999999997462 735.9999999999999
60 26.66666666665485 796
60 26.66666666665547 792
60 26.66666666665633 788
60.00000000000001 26.66666666665715 783.9999999999999
60 26.66666666665788 780
60 26.66666666665848 775.9999999999999
60 26.66666666665888 772
60 26.66666666665908 768
60 26.66666666665908 764
59.99999999999999 26.66666666665888 760
60 26.6666666666585 756
60.00000000000001 26.6666666666579 751.9999999999998
59.99999999999999 26.66666666665717 747.9999999999999
60 26.66666666665633 744
60 26.6666666666555 740.0000000000002
60 26.66666666665487 736

CELLS 13320 58896
1 0
1 1
1 2
1 3
1 4
1 5
1 6
1 7
1 8
1 9
1 10
1 11
1 12
1 13
1 14
1 15
1 16
1 17
1 18
1 19
1 20
1 21
1 22
1 23
1 24
1 25
1 26
1 27
1 28
1 29
1 30
1 31
1 32
1 33
1 34
1 35
1 36
1 37
1 38
1 39
1 40
1 41
1 42
1 43
1 44
1 45
1 46
1 47
1 48
1 49
1 50
1 51
1 52
1 53
1 54
1 55
1 56
1 57
1 58
1 59
1 60
1 61
1 62
1 63
1 64
1 65
1 66
1 67
1 68
1 69
1 70
1 71
1 72
1 73
1 74
1 75
1 76
1 77
1 78
1 79
1 80
1 81
1 82
1 83
1 84
1 85
1 86
1 87
1 88
1 89
1 90
1 91
1 92
1 93
1 94
1 95
1 96
1 97
1 98
1 99
1 100
1 101
1 102
1 103
1 104
1 105
1 106
1 107
1 108
1 109
1 110
1 111
1 112
1 113
1 114
1 115
1 116
1 117
1 118
1 119
1 120
1 121
1 122
1 123
1 124
1 125
1 126
1 127
1 128
1 129
1 130
1 131
1 132
1 133
1 134
1 135
1 136
1 137
1 138
1 139
1 140
1 141
1 142
1 143
1 144
1 145
1 146
1 147
1 148
1 149
1 150
1 151
1 152
1 153
1 154
1 155
1 156
1 157
1 158
1 159
1 160
1 161
1 162
1 163
1 164
1 165
1 166
1 167
1 168
1 169
1 170
1 171
1 172
1 173
1 174
1 175
1 176
1 177
1 178
1 179
1 180
1 181
1 182
1 183
1 184
1 185
1 186
1 187
1 188
1 189
1 190
1 191
1 192
1 193
1 194
1 195
1 196
1 197
1 198
1 199
1 200
1 201
1 202
1 203
1 204
1 205
1 206
1 207
1 208
1 209
1 210
1 211
1 212
1 213
1 214
1 215
1 216
1 217
1 218
1 219
1 220
1 221
1 222
1 223
1 224
1 225
1 226
1 227
1 228
1 229
1 230
1 231
1 232
1 233
1 234
1 235
1 236
1 237
1 238
1 239
1 240
1 241
1 242
1 243
1 244
1 245
1 246
1 247
1 248
1 249
1 250
1 251
1 252
1 253
1 254
1 255
1 256
1 257
1 258
1 259
1 260
1 261
1 262
1 263
2 0 1
2 1 264
2 264 265
2 265 266
2 266 267
2 267 268
2 268 269
2 269 270
2 270 271
2 271 272
2 272 2
2 2 3
2 3 4
2 4 273
2 273 274
2 274 275
2 275 276
2 276 277
2 277 278
2 278 279
2 279 280
2 280 281
2 281 5
2 5 6
2 6 7
2 7 282
2 282 283
2 283 284
2 284 285
2 285 286
2 286 287
2 287 288
2 288 289
2 289 290
2 290 8
2 8 9
2 9 10
2 10 291
2 291 292
2 292 293
2 293 294
2 294 295
2 295 296
2 296 297
2 297 298
2 298 299
2 299 11
2 11 0
2 12 13
2 13 300
2 300 301
2 301 302
2 302 303
2 303 304
2 304 305
2 305 306
2 306 307
2 307 308
2 308 14
2 14 15
2 15 16
2 16 309
2 309 310
2 310 311
2 311 312
2 312 313
2 313 314
2 314 315
2 315 316
2 316 317
2 317 17
2 17 18
2 18 19
2 19 318
2 318 319
2 319 320
2 320 321
2 321 322
2 322 323
2 323 324
2 324 325
2 325 326
2 326 20
2 20 21
2 21 22
2 22 327
2 327 328
2 328 329
2 329 330
2 330 331
2 331 332
2 332 333
2 333 334
2 334 335
2 335 23
2 23 12
2 12 336
2 336 337
2 337 338
2 338 339
2 339 340
2 340 341
2 341 342
2 342 343
2 343 344
2 344 345
2 345 346
2 346 347
2 347 348
2 348 349
2 349 350
2 350 351
2 351 352
2 352 353
2 353 354
2 354 355
2 355 356
2 356 357
2 357 358
2 358 359
2 359 360
2 360 24
2 13 361
2 361 362
2 362 363
2 363 364
2 364 365
2 365 366
2 366 367
2 367 368
2 368 369
2 369 370
2 370 371
2 371 372
2 372 373
2 373 374
2 374 375
2 375 376
2 376 377
2 377 378
2 378 379
2 379 380
2 380 381
2 381 382
2 382 383
2 383 384
2 384 385
2 385 25
2 14 386
2 386 387
2 387 388
2 388 389
2 389 390
2 390 391
2 391 392
2 392 393
2 393 394
2 394 395
2 395 396
2 396 397
2 397 398
2 398 399
2 399 400
2 400 401
2 401 402
2 402 403
2 403 404
2 404 405
2 405 406
2 406 407
2 407 408
2 408 409
2 409 410
2 410 26
2 15 411
2 411 412
2 412 413
2 413 414
2 414 415
2 415 416
2 416 417
2 417 418
2 418 419
2 419 420
2 420 421
2 421 422
2 422 423
2 423 424
2 424 425
2 425 426
2 426 427
2 427 428
2 428 429
2 429 430
2 430 431
2 431 432
2 432 433
2 433 434
2 434 435
2 435 27
2 16 436
2 436 437
2 437 438
2 438 439
2 439 440
2 440 441
2 441 442
2 442 443
2 443 444
2 444 445
2 445 446
2 446 447
2 447 448
2 448 449
2 449 450
2 450 451
2 451 452
2 452 453
2 453 454
2 454 455
2 455 456
2 456 457
2 457 458
2 458 459
2 459 460
2 460 28
2 17 461
2 461 462
2 462 463
2 463 464
2 464 465
2 465 466
2 466 467
2 467 468
2 468 469
2 469 470
2 470 471
2 471 472
2 472 473
2 473 474
2 474 475
2 475 476
2 476 477
2 477 478
2 478 479
2 479 480
2 480 481
2 481 482
2 482 483
2 483 484
2 484 485
2 485 29
2 18 486
2 486 487
2 487 488
2 488 489
2 489 490
2 490 491
2 491 492
2 492 493
2 493 494
2 494 495
2 495 496
2 496 497
2 497 498
2 498 499
2 499 500
2 500 501
2 501 502
2 502 503
2 503 504
2 504 505
2 505 506
2 506 507
2 507 508
2 508 509
2 509 510
2 510 30
2 19 511
2 511 512
2 512 513
2 513 514
2 514 515
2 515 516
2 516 517
2 517 518
2 518 519
2 519 520
2 520 521
2 521 522
2 522 523
2 523 524
2 524 525
2 525 526
2 526 527
2 527 528
2 528 529
2 529 530
2 530 531
2 531 532
2 532 533
2 533 534
2 534 535
2 535 31
2 20 536
2 536 537
2 537 538
2 538 539
2 539 540
2 540 541
2 541 542
2 542 543
2 543 544
2 544 545
2 545 546
2 546 547
2 547 548
2 548 549
2 549 550
2 550 551
2 551 552
2 552 553
2 553 554
2 554 555
2 555 556
2 556 557
2 557 558
2 558 559
2 559 560
2 560 32
2 21 561
2 561 562
2 562 563
2 563 564
2 564 565
2 565 566
2 566 567
2 567 568
2 568 569
2 569 570
2 570 571
2 571 572
2 572 573
2 573 574
2 574 575
2 575 576
2 576 577
2 577 578
2 578 579
2 579 580
2 580 581
2 581 582
2 582 583
2 583 584
2 584 585
2 585 33
2 22 586
2 586 587
2 587 588
2 588 589
2 589 590
2 590 591
2 591 592
2 592 593
2 593 594
2 594 595
2 595 596
2 596 597
2 597 598
2 598 599
2 599 600
2 600 601
2 601 602
2 602 603
2 603 604
2 604 605
2 605 606
2 606 607
2 607 608
2 608 609
2 609 610
2 610 34
2 23 611
2 611 612
2 612 613
2 613 614
2 614 615
2 615 616
2 616 617
2 617 618
2 618 619
2 619 620
2 620 621
2 621 622
2 622 623
2 623 624
2 624 625
2 625 626
2 626 627
2 627 628
2 628 629
2 629 630
2 630 631
2 631 632
2 632 633
2 633 634
2 634 635
2 635 35
2 24 36
2 25 37
2 26 38
2 27 39
2 28 40
2 29 41
2 30 42
2 31 43
2 32 44
2 33 45
2 34 46
2 35 47
2 36 48
2 37 49
2 38 50
2 39 51
2 40 52
2 41 53
2 42 54
2 43 55
2 44 56
2 45 57
2 46 58
2 47 59
2 48 60
2 49 61
2 50 62
2 51 63
2 52 64
2 53 65
2 54 66
2 55 67
2 56 68
2 57 69
2 58 70
2 59 71
2 60 636
2 636 637
2 637 638
2 638 639
2 639 640
2 640 641
2 641 642
2 642 643
2 643 644
2 644 645
2 645 646
2 646 647
2 647 648
2 648 649
2 649 650
2 650 651
2 651 652
2 652 653
2 653 654
2 654 655
2 655 656
2 656 657
2 657 658
2 658 659
2 659 660
2 660 661
2 661 662
2 662 663
2 663 664
2 664 665
2 665 72
2 61 666
2 666 667
2 667 668
2 668 669
2 669 670
2 670 671
2 671 672
2 672 673
2 673 674
2 674 675
2 675 676
2 676 677
2 677 678
2 678 679
2 679 680
2 680 681
2 681 682
2 682 683
2 683 684
2 684 685
2 685 686
2 686 687
2 687 688
2 688 689
2 689 690
2 690 691
2 691 692
2 692 693
2 693 694
2 694 695
2 695 73
2 62 696
2 696 697
2 697 698
2 698 699
2 699 700
2 700 701
2 701 702
2 702 703
2 703 704
2 704 705
2 705 706
2 706 707
2 707 708
2 708 709
2 709 710
2 710 711
2 711 712
2 712 713
2 713 714
2 714 715
2 715 716
2 716 717
2 717 718
2 718 719
2 719 720
2 720 721
2 721 722
2 722 723
2 723 724
2 724 725
2 725 74
2 63 726
2 726 727
2 727 728
2 728 729
2 729 730
2 730 731
2 731 732
2 732 733
2 733 734
2 734 735
2 735 736
2 736 737
2 737 738
2 738 739
2 739 740
2 740 741
2 741 742
2 742 743
2 743 744
2 744 745
2 745 746
2 746 747
2 747 748
2 748 749
2 749 750
2 750 751
2 751 752
2 752 753
2 753 754
2 754 755
2 755 75
2 64 756
2 756 757
2 757 758
2 758 759
2 759 760
2 760 761
2 761 762
2 762 763
2 763 764
2 764 765
2 765 766
2 766 767
2 767 768
2 768 769
2 769 770
2 770 771
2 771 772
2 772 773
2 773 774
2 774 775
2 775 776
2 776 777
2 777 778
2 778 779
2 779 780
2 780 781
2 781 782
2 782 783
2 783 784
2 784 785
2 785 76
2 65 786
2 786 787
2 787 788
2 788 789
2 789 790
2 790 791
2 791 792
2 792 793
2 793 794
2 794 795
2 795 796
2 796 797
2 797 798
2 798 799
2 799 800
2 800 801
2 801 802
2 802 803
2 803 804
2 804 805
2 805 806
2 806 807
2 807 808
2 808 809
2 809 810
2 810 811
2 811 812
2 812 813
2 813 814
2 814 815
2 815 77
2 66 816
2 816 817
2 817 818
2 818 819
2 819 820
2 820 821
2 821 822
2 822 823
2 823 824
2 824 825
2 825 826
2 826 827
2 827 828
2 828 829
2 829 830
2 830 831
2 831 832
2 832 833
2 833 834
2 834 835
2 835 836
2 836 837
2 837 838
2 838 839
2 839 840
2 840 841
2 841 842
2 842 843
2 843 844
2 844 845
2 845 78
2 67 846
2 846 847
2 847 848
2 848 849
2 849 850
2 850 851
2 851 852
2 852 853
2 853 854
2 854 855
2 855 856
2 856 857
2 857 858
2 858 859
2 859 860
2 860 861
2 861 862
2 862 863
2 863 864
2 864 865
2 865 866
2 866 867
2 867 868
2 868 869
2 869 870
2 870 871
2 871 872
2 872 873
2 873 874
2 874 875
2 875 79
2 68 876
2 876 877
2 877 878
2 878 879
2 879 880
2 880 881
2 881 882
2 882 883
2 883 884
2 884 885
2 885 886
2 886 887
2 887 888
2 888 889
2 889 890
2 890 891
2 891 892
2 892 893
2 893 894
2 894 895
2 895 896
2 896 897
2 897 898
2 898 899
2 899 900
2 900 901
2 901 902
2 902 903
2 903 904
2 904 905
2 905 80
2 69 906
2 906 907
2 907 908
2 908 909
2 909 910
2 910 911
2 911 912
2 912 913
2 913 914
2 914 915
2 915 916
2 916 917
2 917 918
2 918 919
2 919 920
2 920 921
2 921 922
2 922 923
2 923 924
2 924 925
2 925 926
2 926 927
2 927 928
2 928 929
2 929 930
2 930 931
2 931 932
2 932 933
2 933 934
2 934 935
2 935 81
2 70 936
2 936 937
2 937 938
2 938 939
2 939 940
2 940 941
2 941 942
2 942 943
2 943 944
2 944 945
2 945 946
2 946 947
2 947 948
2 948 949
2 949 950
2 950 951
2 951 952
2 952 953
2 953 954
2 954 955
2 955 956
2 956 957
2 957 958
2 958 959
2 959 960
2 960 961
2 961 962
2 962 963
2 963 964
2 964 965
2 965 82
2 71 966
2 966 967
2 967 968
2 968 969
2 969 970
2 970 971
2 971 972
2 972 973
2 973 974
2 974 975
2 975 976
2 976 977
2 977 978
2 978 979
2 979 980
2 980 981
2 981 982
2 982 983
2 983 984
2 984 985
2 985 986
2 986 987
2 987 988
2 988 989
2 989 990
2 990 991
2 991 992
2 992 993
2 993 994
2 994 995
2 995 83
2 72 84
2 73 85
2 74 86
2 75 87
2 76 88
2 77 89
2 78 90
2 79 91
2 80 92
2 81 93
2 82 94
2 83 95
2 84 996
2 996 997
2 997 96
2 85 998
2 998 999
2 999 97
2 86 1000
2 1000 1001
2 1001 98
2 87 1002
2 1002 1003
2 1003 99
2 88 1004
2 1004 1005
2 1005 100
2 89 1006
2 1006 1007
2 1007 101
2 90 1008
2 1008 1009
2 1009 102
2 91 1010
2 1010 1011
2 1011 103
2 92 1012
2 1012 1013
2 1013 104
2 93 1014
2 1014 1015
2 1015 105
2 94 1016
2 1016 1017
2 1017 106
2 95 1018
2 1018 1019
2 1019 107
2 96 108
2 97 109
2 98 110
2 99 111
2 100 112
2 101 113
2 102 114
2 103 115
2 104 116
2 105 117
2 106 118
2 107 119
2 108 1020
2 1020 1021
2 1021 1022
2 1022 1023
2 1023 1024
2 1024 1025
2 1025 1026
2 1026 1027
2 1027 1028
2 1028 1029
2 1029 1030
2 1030 1031
2 1031 1032
2 1032 1033
2 1033 1034
2 1034 1035
2 1035 1036
2 1036 1037
2 1037 1038
2 1038 1039
2 1039 1040
2 1040 1041
2 1041 1042
2 1042 1043
2 1043 1044
2 1044 1045
2 1045 1046
2 1046 1047
2 1047 1048
2 1048 1049
2 1049 1050
2 1050 1051
2 1051 1052
2 1052 1053
2 1053 1054
2 1054 1055
2 1055 1056
2 1056 1057
2 1057 1058
2 1058 1059
2 1059 1060
2 1060 1061
2 1061 120
2 109 1062
2 1062 1063
2 1063 1064
2 1064 1065
2 1065 1066
2 1066 1067
2 1067 1068
2 1068 1069
2 1069 1070
2 1070 1071
2 1071 1072
2 1072 1073
2 1073 1074
2 1074 1075
2 1075 1076
2 1076 1077
2 1077 1078
2 1078 1079
2 1079 1080
2 1080 1081
2 1081 1082
2 1082 1083
2 1083 1084
2 1084 1085
2 1085 1086
2 1086 1087
2 1087 1088
2 1088 1089
2 1089 1090
2 1090 1091
2 1091 1092
2 1092 1093
2 1093 1094
2 1094 1095
2 1095 1096
2 1096 1097
2 1097 1098
2 1098 1099
2 1099 1100
2 1100 1101
2 1101 1102
2 1102 1103
2 1103 121
2 110 1104
2 1104 1105
2 1105 1106
2 1106 1107
2 1107 1108
2 1108 1109
2 1109 1110
2 1110 1111
2 1111 1112
2 1112 1113
2 1113 1114
2 1114 1115
2 1115 1116
2 1116 1117
2 1117 1118
2 1118 1119
2 1119 1120
2 1120 1121
2 1121 1122
2 1122 1123
2 1123 1124
2 1124 1125
2 1125 1126
2 1126 1127
2 1127 1128
2 1128 1129
2 1129 1130
2 1130 1131
2 1131 1132
2 1132 1133
2 1133 1134
2 1134 1135
2 1135 1136
2 1136 1137
2 1137 1138
2 1138 1139
2 1139 1140
2 1140 1141
2 1141 1142
2 1142 1143
2 1143 1144
2 1144 1145
2 1145 122
2 111 1146
2 1146 1147
2 1147 1148
2 1148 1149
2 1149 1150
2 1150 1151
2 1151 1152
2 1152 1153
2 1153 1154
2 1154 1155
2 1155 1156
2 1156 1157
2 1157 1158
2 1158 1159
2 1159 1160
2 1160 1161
2 1161 1162
2 1162 1163
2 1163 1164
2 1164 1165
2 1165 1166
2 1166 1167
2 1167 1168
2 1168 1169
2 1169 1170
2 1170 1171
2 1171 1172
2 1172 1173
2 1173 1174
2 1174 1175
2 1175 1176
2 1176 1177
2 1177 1178
2 1178 1179
2 1179 1180
2 1180 1181
2 1181 1182
2 1182 1183
2 1183 1184
2 1184 1185
2 1185 1186
2 1186 1187
2 1187 123
2 112 1188
2 1188 1189
2 1189 1190
2 1190 1191
2 1191 1192
2 1192 1193
2 1193 1194
2 1194 1195
2 1195 1196
2 1196 1197
2 1197 1198
2 1198 1199
2 1199 1200
2 1200 1201
2 1201 1202
2 1202 1203
2 1203 1204
2 1204 1205
2 1205 1206
2 1206 1207
2 1207 1208
2 1208 1209
2 1209 1210
2 1210 1211
2 1211 1212
2 1212 1213
2 1213 1214
2 1214 1215
2 1215 1216
2 1216 1217
2 1217 1218
2 1218 1219
2 1219 1220
2 1220 1221
2 1221 1222
2 1222 1223
2 1223 1224
2 1224 1225
2 1225 1226
2 1226 1227
2 1227 1228
2 1228 1229
2 1229 124
2 113 1230
2 1230 1231
2 1231 1232
2 1232 1233
2 1233 1234
2 1234 1235
2 1235 1236
2 1236 1237
2 1237 1238
2 1238 1239
2 1239 1240
2 1240 1241
2 1241 1242
2 1242 1243
2 1243 1244
2 1244 1245
2 1245 1246
2 1246 1247
2 1247 1248
2 1248 1249
2 1249 1250
2 1250 1251
2 1251 1252
2 1252 1253
2 1253 1254
2 1254 1255
2 1255 1256
2 1256 1257
2 1257 1258
2 1258 1259
2 1259 1260
2 1260 1261
2 1261 1262
2 1262 1263
2 1263 1264
2 1264 1265
2 1265 1266
2 1266 1267
2 1267 1268
2 1268 1269
2 1269 1270
2 1270 1271
2 1271 125
2 114 1272
2 1272 1273
2 1273 1274
2 1274 1275
2 1275 1276
2 1276 1277
2 1277 1278
2 1278 1279
2 1279 1280
2 1280 1281
2 1281 1282
2 1282 1283
2 1283 1284
2 1284 1285
2 1285 1286
2 1286 1287
2 1287 1288
2 1288 1289
2 1289 1290
2 1290 1291
2 1291 1292
2 1292 1293
2 1293 1294
2 1294 1295
2 1295 1296
2 1296 1297
2 1297 1298
2 1298 1299
2 1299 1300
2 1300 1301
2 1301 1302
2 1302 1303
2 1303 1304
2 1304 1305
2 1305 1306
2 1306 1307
2 1307 1308
2 1308 1309
2 1309 1310
2 1310 1311
2 1311 1312
2 1312 1313
2 1313 126
2 115 1314
2 1314 1315
2 1315 1316
2 1316 1317
2 1317 1318
2 1318 1319
2 1319 1320
2 1320 1321
2 1321 1322
2 1322 1323
2 1323 1324
2 1324 1325
2 1325 1326
2 1326 1327
2 1327 1328
2 1328 1329
2 1329 1330
2 1330 1331
2 1331 1332
2 1332 1333
2 1333 1334
2 1334 1335
2 1335 1336
2 1336 1337
2 1337 1338
2 1338 1339
2 1339 1340
2 1340 1341
2 1341 1342
2 1342 1343
2 1343 1344
2 1344 1345
2 1345 1346
2 1346 1347
2 1347 1348
2 1348 1349
2 1349 1350
2 1350 1351
2 1351 1352
2 1352 1353
2 1353 1354
2 1354 1355
2 1355 127
2 116 1356
2 1356 1357
2 1357 1358
2 1358 1359
2 1359 1360
2 1360 1361
2 1361 1362
2 1362 1363
2 1363 1364
2 1364 1365
2 1365 1366
2 1366 1367
2 1367 1368
2 1368 1369
2 1369 1370
2 1370 1371
2 1371 1372
2 1372 1373
2 1373 1374
2 1374 1375
2 1375 1376
2 1376 1377
2 1377 1378
2 1378 1379
2 1379 1380
2 1380 1381
2 1381 1382
2 1382 1383
2 1383 1384
2 1384 1385
2 1385 1386
2 1386 1387
2 1387 1388
2 1388 1389
2 1389 1390
2 1390 1391
2 1391 1392
2 1392 1393
2 1393 1394
2 1394 1395
2 1395 1396
2 1396 1397
2 1397 128
2 117 1398
2 1398 1399
2 1399 1400
2 1400 1401
2 1401 1402
2 1402 1403
2 1403 1404
2 1404 1405
2 1405 1406
2 1406 1407
2 1407 1408
2 1408 1409
2 1409 1410
2 1410 1411
2 1411 1412
2 1412 1413
2 1413 1414
2 1414 1415
2 1415 1416
2 1416 1417
2 1417 1418
2 1418 1419
2 1419 1420
2 1420 1421
2 1421 1422
2 1422 1423
2 1423 1424
2 1424 1425
2 1425 1426
2 1426 1427
2 1427 1428
2 1428 1429
2 1429 1430
2 1430 1431
2 1431 1432
2 1432 1433
2 1433 1434
2 1434 1435
2 1435 1436
2 1436 1437
2 1437 1438
2 1438 1439
2 1439 129
2 118 1440
2 1440 1441
2 1441 1442
2 1442 1443
2 1443 1444
2 1444 1445
2 1445 1446
2 1446 1447
2 1447 1448
2 1448 1449
2 1449 1450
2 1450 1451
2 1451 1452
2 1452 1453
2 1453 1454
2 1454 1455
2 1455 1456
2 1456 1457
2 1457 1458
2 1458 1459
2 1459 1460
2 1460 1461
2 1461 1462
2 1462 1463
2 1463 1464
2 1464 1465
2 1465 1466
2 1466 1467
2 1467 1468
2 1468 1469
2 1469 1470
2 1470 1471
2 1471 1472
2 1472 1473
2 1473 1474
2 1474 1475
2 1475 1476
2 1476 1477
2 1477 1478
2 1478 1479
2 1479 1480
2 1480 1481
2 1481 130
2 119 1482
2 1482 1483
2 1483 1484
2 1484 1485
2 1485 1486
2 1486 1487
2 1487 1488
2 1488 1489
2 1489 1490
2 1490 1491
2 1491 1492
2 1492 1493
2 1493 1494
2 1494 1495
2 1495 1496
2 1496 1497
2 1497 1498
2 1498 1499
2 1499 1500
2 1500 1501
2 1501 1502
2 1502 1503
2 1503 1504
2 1504 1505
2 1505 1506
2 1506 1507
2 1507 1508
2 1508 1509
2 1509 1510
2 1510 1511
2 1511 1512
2 1512 1513
2 1513 1514
2 1514 1515
2 1515 1516
2 1516 1517
2 1517 1518
2 1518 1519
2 1519 1520
2 1520 1521
2 1521 1522
2 1522 1523
2 1523 131
2 120 132
2 121 133
2 122 134
2 123 135
2 124 136
2 125 137
2 126 138
2 127 139
2 128 140
2 129 141
2 130 142
2 131 143
2 132 144
2 133 145
2 134 146
2 135 147
2 136 148
2 137 149
2 138 150
2 139 151
2 140 152
2 141 153
2 142 154
2 143 155
2 144 156
2 145 157
2 146 158
2 147 159
2 148 160
2 149 161
2 150 162
2 151 163
2 152 164
2 153 165
2 154 166
2 155 167
2 156 1524
2 1524 1525
2 1525 1526
2 1526 1527
2 1527 1528
2 1528 1529
2 1529 1530
2 1530 1531
2 1531 1532
2 1532 1533
2 1533 1534
2 1534 1535
2 1535 1536
2 1536 1537
2 1537 1538
2 1538 1539
2 1539 168
2 157 1540
2 1540 1541
2 1541 1542
2 1542 1543
2 1543 1544
2 1544 1545
2 1545 1546
2 1546 1547
2 1547 1548
2 1548 1549
2 1549 1550
2 1550 1551
2 1551 1552
2 1552 1553
2 1553 1554
2 1554 1555
2 1555 169
2 158 1556
2 1556 1557
2 1557 1558
2 1558 1559
2 1559 1560
2 1560 1561
2 1561 1562
2 1562 1563
2 1563 1564
2 1564 1565
2 1565 1566
2 1566 1567
2 1567 1568
2 1568 1569
2 1569 1570
2 1570 1571
2 1571 170
2 159 1572
2 1572 1573
2 1573 1574
2 1574 1575
2 1575 1576
2 1576 1577
2 1577 1578
2 1578 1579
2 1579 1580
2 1580 1581
2 1581 1582
2 1582 1583
2 1583 1584
2 1584 1585
2 1585 1586
2 1586 1587
2 1587 171
2 160 1588
2 1588 1589
2 1589 1590
2 1590 1591
2 1591 1592
2 1592 1593
2 1593 1594
2 1594 1595
2 1595 1596
2 1596 1597
2 1597 1598
2 1598 1599
2 1599 1600
2 1600 1601
2 1601 1602
2 1602 1603
2 1603 172
2 161 1604
2 1604 1605
2 1605 1606
2 1606 1607
2 1607 1608
2 1608 1609
2 1609 1610
2 1610 1611
2 1611 1612
2 1612 1613
2 1613 1614
2 1614 1615
2 1615 1616
2 1616 1617
2 1617 1618
2 1618 1619
2 1619 173
2 162 1620
2 1620 1621
2 1621 1622
2 1622 1623
2 1623 1624
2 1624 1625
2 1625 1626
2 1626 1627
2 1627 1628
2 1628 1629
2 1629 1630
2 1630 1631
2 1631 1632
2 1632 1633
2 1633 1634
2 1634 1635
2 1635 174
2 163 1636
2 1636 1637
2 1637 1638
2 1638 1639
2 1639 1640
2 1640 1641
2 1641 1642
2 1642 1643
2 1643 1644
2 1644 1645
2 1645 1646
2 1646 1647
2 1647 1648
2 1648 1649
2 1649 1650
2 1650 1651
2 1651 175
2 164 1652
2 1652 1653
2 1653 1654
2 1654 1655
2 1655 1656
2 1656 1657
2 1657 1658
2 1658 1659
2 1659 1660
2 1660 1661
2 1661 1662
2 1662 1663
2 1663 1664
2 1664 1665
2 1665 1666
2 1666 1667
2 1667 176
2 165 1668
2 1668 1669
2 1669 1670
2 1670 1671
2 1671 1672
2 1672 1673
2 1673 1674
2 1674 1675
2 1675 1676
2 1676 1677
2 1677 1678
2 1678 1679
2 1679 1680
2 1680 1681
2 1681 1682
2 1682 1683
2 1683 177
2 166 1684
2 1684 1685
2 1685 1686
2 1686 1687
2 1687 1688
2 1688 1689
2 1689 1690
2 1690 1691
2 1691 1692
2 1692 1693
2 1693 1694
2 1694 1695
2 1695 1696
2 1696 1697
2 1697 1698
2 1698 1699
2 1699 178
2 167 1700
2 1700 1701
2 1701 1702
2 1702 1703
2 1703 1704
2 1704 1705
2 1705 1706
2 1706 1707
2 1707 1708
2 1708 1709
2 1709 1710
2 1710 1711
2 1711 1712
2 1712 1713
2 1713 1714
2 1714 1715
2 1715 179
2 168 180
2 169 181
2 170 182
2 171 183
2 172 184
2 173 185
2 174 186
2 175 187
2 176 188
2 177 189
2 178 190
2 179 191
2 180 1716
2 1716 1717
2 1717 192
2 181 1718
2 1718 1719
2 1719 193
2 182 1720
2 1720 1721
2 1721 194
2 183 1722
2 1722 1723
2 1723 195
2 184 1724
2 1724 1725
2 1725 196
2 185 1726
2 1726 1727
2 1727 197
2 186 1728
2 1728 1729
2 1729 198
2 187 1730
2 1730 1731
2 1731 199
2 188 1732
2 1732 1733
2 1733 200
2 189 1734
2 1734 1735
2 1735 201
2 190 1736
2 1736 1737
2 1737 202
2 191 1738
2 1738 1739
2 1739 203
2 192 204
2 193 205
2 194 206
2 195 207
2 196 208
2 197 209
2 198 210
2 199 211
2 200 212
2 201 213
2 202 214
2 203 215
2 204 1740
2 1740 1741
2 1741 1742
2 1742 1743
2 1743 1744
2 1744 1745
2 1745 1746
2 1746 1747
2 1747 1748
2 1748 1749
2 1749 1750
2 1750 1751
2 1751 1752
2 1752 1753
2 1753 1754
2 1754 1755
2 1755 1756
2 1756 1757
2 1757 1758
2 1758 1759
2 1759 1760
2 1760 1761
2 1761 1762
2 1762 1763
2 1763 1764
2 1764 1765
2 1765 1766
2 1766 1767
2 1767 1768
2 1768 1769
2 1769 1770
2 1770 1771
2 1771 1772
2 1772 1773
2 1773 1774
2 1774 1775
2 1775 1776
2 1776 1777
2 1777 1778
2 1778 1779
2 1779 1780
2 1780 1781
2 1781 1782
2 1782 1783
2 1783 216
2 205 1784
2 1784 1785
2 1785 1786
2 1786 1787
2 1787 1788
2 1788 1789
2 1789 1790
2 1790 1791
2 1791 1792
2 1792 1793
2 1793 1794
2 1794 1795
2 1795 1796
2 1796 1797
2 1797 1798
2 1798 1799
2 1799 1800
2 1800 1801
2 1801 1802
2 1802 1803
2 1803 1804
2 1804 1805
2 1805 1806
2 1806 1807
2 1807 1808
2 1808 1809
2 1809 1810
2 1810 1811
2 1811 1812
2 1812 1813
2 1813 1814
2 1814 1815
2 1815 1816
2 1816 1817
2 1817 1818
2 1818 1819
2 1819 1820
2 1820 1821
2 1821 1822
2 1822 1823
2 1823 1824
2 1824 1825
2 1825 1826
2 1826 1827
2 1827 217
2 206 1828
2 1828 1829
2 1829 1830
2 1830 1831
2 1831 1832
2 1832 1833
2 1833 1834
2 1834 1835
2 1835 1836
2 1836 1837
2 1837 1838
2 1838 1839
2 1839 1840
2 1840 1841
2 1841 1842
2 1842 1843
2 1843 1844
2 1844 1845
2 1845 1846
2 1846 1847
2 1847 1848
2 1848 1849
2 1849 1850
2 1850 1851
2 1851 1852
2 1852 1853
2 1853 1854
2 1854 1855
2 1855 1856
2 1856 1857
2 1857 1858
2 1858 1859
2 1859 1860
2 1860 1861
2 1861 1862
2 1862 1863
2 1863 1864
2 1864 1865
2 1865 1866
2 1866 1867
2 1867 1868
2 1868 1869
2 1869 1870
2 1870 1871
2 1871 218
2 207 1872
2 1872 1873
2 1873 1874
2 1874 1875
2 1875 1876
2 1876 1877
2 1877 1878
2 1878 1879
2 1879 1880
2 1880 1881
2 1881 1882
2 1882 1883
2 1883 1884
2 1884 1885
2 1885 1886
2 1886 1887
2 1887 1888
2 1888 1889
2 1889 1890
2 1890 1891
2 1891 1892
2 1892 1893
2 1893 1894
2 1894 1895
2 1895 1896
2 1896 1897
2 1897 1898
2 1898 1899
2 1899 1900
2 1900 1901
2 1901 1902
2 1902 1903
2 1903 1904
2 1904 1905
2 1905 1906
2 1906 1907
2 1907 1908
2 1908 1909
2 1909 1910
2 1910 1911
2 1911 1912
2 1912 1913
2 1913 1914
2 1914 1915
2 1915 219
2 208 1916
2 1916 1917
2 1917 1918
2 1918 1919
2 1919 1920
2 1920 1921
2 1921 1922
2 1922 1923
2 1923 1924
2 1924 1925
2 1925 1926
2 1926 1927
2 1927 1928
2 1928 1929
2 1929 1930
2 1930 1931
2 1931 1932
2 1932 1933
2 1933 1934
2 1934 1935
2 1935 1936
2 1936 1937
2 1937 1938
2 1938 1939
2 1939 1940
2 1940 1941
2 1941 1942
2 1942 1943
2 1943 1944
2 1944 1945
2 1945 1946
2 1946 1947
2 1947 1948
2 1948 1949
2 1949 1950
2 1950 1951
2 1951 1952
2 1952 1953
2 1953 1954
2 1954 1955
2 1955 1956
2 1956 1957
2 1957 1958
2 1958 1959
2 1959 220
2 209 1960
2 1960 1961
2 1961 1962
2 1962 1963
2 1963 1964
2 1964 1965
2 1965 1966
2 1966 1967
2 1967 1968
2 1968 1969
2 1969 1970
2 1970 1971
2 1971 1972
2 1972 1973
2 1973 1974
2 1974 1975
2 1975 1976
2 1976 1977
2 1977 1978
2 1978 1979
2 1979 1980
2 1980 1981
2 1981 1982
2 1982 1983
2 1983 1984
2 1984 1985
2 1985 1986
2 1986 1987
2 1987 1988
2 1988 1989
2 1989 1990
2 1990 1991
2 1991 1992
2 1992 1993
2 1993 1994
2 1994 1995
2 1995 1996
2 1996 1997
2 1997 1998
2 1998 1999
2 1999 2000
2 2000 2001
2 2001 2002
2 2002 2003
2 2003 221
2 210 2004
2 2004 2005
2 2005 2006
2 2006 2007
2 2007 2008
2 2008 2009
2 2009 2010
2 2010 2011
2 2011 2012
2 2012 2013
2 2013 2014
2 2014 2015
2 2015 2016
2 2016 2017
2 2017 2018
2 2018 2019
2 2019 2020
2 2020 2021
2 2021 2022
2 2022 2023
2 2023 2024
2 2024 2025
2 2025 2026
2 2026 2027
2 2027 2028
2 2028 2029
2 2029 2030
2 2030 2031
2 2031 2032
2 2032 2033
2 2033 2034
2 2034 2035
2 2035 2036
2 2036 2037
2 2037 2038
2 2038 2039
2 2039 2040
2 2040 2041
2 2041 2042
2 2042 2043
2 2043 2044
2 2044 2045
2 2045 2046
2 2046 2047
2 2047 222
2 211 2048
2 2048 2049
2 2049 2050
2 2050 2051
2 2051 2052
2 2052 2053
2 2053 2054
2 2054 2055
2 2055 2056
2 2056 2057
2 2057 2058
2 2058 2059
2 2059 2060
2 2060 2061
2 2061 2062
2 2062 2063
2 2063 2064
2 2064 2065
2 2065 2066
2 2066 2067
2 2067 2068
2 2068 2069
2 2069 2070
2 2070 2071
2 2071 2072
2 2072 2073
2 2073 2074
2 2074 2075
2 2075 2076
2 2076 2077
2 2077 2078
2 2078 2079
2 2079 2080
2 2080 2081
2 2081 2082
2 2082 2083
2 2083 2084
2 2084 2085
2 2085 2086
2 2086 2087
2 2087 2088
2 2088 2089
2 2089 2090
2 2090 2091
2 2091 223
2 212 2092
2 2092 2093
2 2093 2094
2 2094 2095
2 2095 2096
2 2096 2097
2 2097 2098
2 2098 2099
2 2099 2100
2 2100 2101
2 2101 2102
2 2102 2103
2 2103 2104
2 2104 2105
2 2105 2106
2 2106 2107
2 2107 2108
2 2108 2109
2 2109 2110
2 2110 2111
2 2111 2112
2 2112 2113
2 2113 2114
2 2114 2115
2 2115 2116
2 2116 2117
2 2117 2118
2 2118 2119
2 2119 2120
2 2120 2121
2 2121 2122
2 2122 2123
2 2123 2124
2 2124 2125
2 2125 2126
2 2126 2127
2 2127 2128
2 2128 2129
2 2129 2130
2 2130 2131
2 2131 2132
2 2132 2133
2 2133 2134
2 2134 2135
2 2135 224
2 213 2136
2 2136 2137
2 2137 2138
2 2138 2139
2 2139 2140
2 2140 2141
2 2141 2142
2 2142 2143
2 2143 2144
2 2144 2145
2 2145 2146
2 2146 2147
2 2147 2148
2 2148 2149
2 2149 2150
2 2150 2151
2 2151 2152
2 2152 2153
2 2153 2154
2 2154 2155
2 2155 2156
2 2156 2157
2 2157 2158
2 2158 2159
2 2159 2160
2 2160 2161
2 2161 2162
2 2162 2163
2 2163 2164
2 2164 2165
2 2165 2166
2 2166 2167
2 2167 2168
2 2168 2169
2 2169 2170
2 2170 2171
2 2171 2172
2 2172 2173
2 2173 2174
2 2174 2175
2 2175 2176
2 2176 2177
2 2177 2178
2 2178 2179
2 2179 225
2 214 2180
2 2180 2181
2 2181 2182
2 2182 2183
2 2183 2184
2 2184 2185
2 2185 2186
2 2186 2187
2 2187 2188
2 2188 2189
2 2189 2190
2 2190 2191
2 2191 2192
2 2192 2193
2 2193 2194
2 2194 2195
2 2195 2196
2 2196 2197
2 2197 2198
2 2198 2199
2 2199 2200
2 2200 2201
2 2201 2202
2 2202 2203
2 2203 2204
2 2204 2205
2 2205 2206
2 2206 2207
2 2207 2208
2 2208 2209
2 2209 2210
2 2210 2211
2 2211 2212
2 2212 2213
2 2213 2214
2 2214 2215
2 2215 2216
2 2216 2217
2 2217 2218
2 2218 2219
2 2219 2220
2 2220 2221
2 2221 2222
2 2222 2223
2 2223 226
2 215 2224
2 2224 2225
2 2225 2226
2 2226 2227
2 2227 2228
2 2228 2229
2 2229 2230
2 2230 2231
2 2231 2232
2 2232 2233
2 2233 2234
2 2234 2235
2 2235 2236
2 2236 2237
2 2237 2238
2 2238 2239
2 2239 2240
2 2240 2241
2 2241 2242
2 2242 2243
2 2243 2244
2 2244 2245
2 2245 2246
2 2246 2247
2 2247 2248
2 2248 2249
2 2249 2250
2 2250 2251
2 2251 2252
2 2252 2253
2 2253 2254
2 2254 2255
2 2255 2256
2 2256 2257
2 2257 2258
2 2258 2259
2 2259 2260
2 2260 2261
2 2261 2262
2 2262 2263
2 2263 2264
2 2264 2265
2 2265 2266
2 2266 2267
2 2267 227
2 216 228
2 217 229
2 218 230
2 219 231
2 220 232
2 221 233
2 222 234
2 223 235
2 224 236
2 225 237
2 226 238
2 227 239
2 228 2268
2 2268 2269
2 2269 240
2 229 2270
2 2270 2271
2 2271 241
2 230 2272
2 2272 2273
2 2273 242
2 231 2274
2 2274 2275
2 2275 243
2 232 2276
2 2276 2277
2 2277 244
2 233 2278
2 2278 2279
2 2279 245
2 234 2280
2 2280 2281
2 2281 246
2 235 2282
2 2282 2283
2 2283 247
2 236 2284
2 2284 2285
2 2285 248
2 237 2286
2 2286 2287
2 2287 249
2 238 2288
2 2288 2289
2 2289 250
2 239 2290
2 2290 2291
2 2291 251
2 240 252
2 241 253
2 242 254
2 243 255
2 244 256
2 245 257
2 246 258
2 247 259
2 248 260
2 249 261
2 250 262
2 251 263
2 252 2292
2 2292 2293
2 2293 2294
2 2294 2295
2 2295 2296
2 2296 2297
2 2297 2298
2 2298 2299
2 2299 2300
2 2300 2301
2 2301 2302
2 2302 2303
2 2303 2304
2 2304 2305
2 2305 2306
2 2306 2307
2 2307 0
2 253 2308
2 2308 2309
2 2309 2310
2 2310 2311
2 2311 2312
2 2312 2313
2 2313 2314
2 2314 2315
2 2315 2316
2 2316 2317
2 2317 2318
2 2318 2319
2 2319 2320
2 2320 2321
2 2321 2322
2 2322 2323
2 2323 1
2 254 2324
2 2324 2325
2 2325 2326
2 2326 2327
2 2327 2328
2 2328 2329
2 2329 2330
2 2330 2331
2 2331 2332
2 2332 2333
2 2333 2334
2 2334 2335
2 2335 2336
2 2336 2337
2 2337 2338
2 2338 2339
2 2339 2
2 255 2340
2 2340 2341
2 2341 2342
2 2342 2343
2 2343 2344
2 2344 2345
2 2345 2346
2 2346 2347
2 2347 2348
2 2348 2349
2 2349 2350
2 2350 2351
2 2351 2352
2 2352 2353
2 2353 2354
2 2354 2355
2 2355 3
2 256 2356
2 2356 2357
2 2357 2358
2 2358 2359
2 2359 2360
2 2360 2361
2 2361 2362
2 2362 2363
2 2363 2364
2 2364 2365
2 2365 2366
2 2366 2367
2 2367 2368
2 2368 2369
2 2369 2370
2 2370 2371
2 2371 4
2 257 2372
2 2372 2373
2 2373 2374
2 2374 2375
2 2375 2376
2 2376 2377
2 2377 2378
2 2378 2379
2 2379 2380
2 2380 2381
2 2381 2382
2 2382 2383
2 2383 2384
2 2384 2385
2 2385 2386
2 2386 2387
2 2387 5
2 258 2388
2 2388 2389
2 2389 2390
2 2390 2391
2 2391 2392
2 2392 2393
2 2393 2394
2 2394 2395
2 2395 2396
2 2396 2397
2 2397 2398
2 2398 2399
2 2399 2400
2 2400 2401
2 2401 2402
2 2402 2403
2 2403 6
2 259 2404
2 2404 2405
2 2405 2406
2 2406 2407
2 2407 2408
2 2408 2409
2 2409 2410
2 2410 2411
2 2411 2412
2 2412 2413
2 2413 2414
2 2414 2415
2 2415 2416
2 2416 2417
2 2417 2418
2 2418 2419
2 2419 7
2 260 2420
2 2420 2421
2 2421 2422
2 2422 2423
2 2423 2424
2 2424 2425
2 2425 2426
2 2426 2427
2 2427 2428
2 2428 2429
2 2429 2430
2 2430 2431
2 2431 2432
2 2432 2433
2 2433 2434
2 2434 2435
2 2435 8
2 261 2436
2 2436 2437
2 2437 2438
2 2438 2439
2 2439 2440
2 2440 2441
2 2441 2442
2 2442 2443
2 2443 2444
2 2444 2445
2 2445 2446
2 2446 2447
2 2447 2448
2 2448 2449
2 2449 2450
2 2450 2451
2 2451 9
2 262 2452
2 2452 2453
2 2453 2454
2 2454 2455
2 2455 2456
2 2456 2457
2 2457 2458
2 2458 2459
2 2459 2460
2 2460 2461
2 2461 2462
2 2462 2463
2 2463 2464
2 2464 2465
2 2465 2466
2 2466 2467
2 2467 10
2 263 2468
2 2468 2469
2 2469 2470
2 2470 2471
2 2471 2472
2 2472 2473
2 2473 2474
2 2474 2475
2 2475 2476
2 2476 2477
2 2477 2478
2 2478 2479
2 2479 2480
2 2480 2481
2 2481 2482
2 2482 2483
2 2483 11
2 24 25
2 25 2484
2 2484 2485
2 2485 2486
2 2486 2487
2 2487 2488
2 2488 2489
2 2489 2490
2 2490 2491
2 2491 2492
2 2492 26
2 26 27
2 27 28
2 28 2493
2 2493 2494
2 2494 2495
2 2495 2496
2 2496 2497
2 2497 2498
2 2498 2499
2 2499 2500
2 2500 2501
2 2501 29
2 29 30
2 30 31
2 31 2502
2 2502 2503
2 2503 2504
2 2504 2505
2 2505 2506
2 2506 2507
2 2507 2508
2 2508 2509
2 2509 2510
2 2510 32
2 32 33
2 33 34
2 34 2511
2 2511 2512
2 2512 2513
2 2513 2514
2 2514 2515
2 2515 2516
2 2516 2517
2 2517 2518
2 2518 2519
2 2519 35
2 35 24
2 36 37
2 37 2520
2 2520 2521
2 2521 2522
2 2522 2523
2 2523 2524
2 2524 2525
2 2525 2526
2 2526 2527
2 2527 2528
2 2528 38
2 38 39
2 39 40
2 40 2529
2 2529 2530
2 2530 2531
2 2531 2532
2 2532 2533
2 2533 2534
2 2534 2535
2 2535 2536
2 2536 2537
2 2537 41
2 41 42
2 42 43
2 43 2538
2 2538 2539
2 2539 2540
2 2540 2541
2 2541 2542
2 2542 2543
2 2543 2544
2 2544 2545
2 2545 2546
2 2546 44
2 44 45
2 45 46
2 46 2547
2 2547 2548
2 2548 2549
2 2549 2550
2 2550 2551
2 2551 2552
2 2552 2553
2 2553 2554
2 2554 2555
2 2555 47
2 47 36
2 48 49
2 49 2556
2 2556 2557
2 2557 2558
2 2558 2559
2 2559 2560
2 2560 2561
2 2561 2562
2 2562 2563
2 2563 2564
2 2564 50
2 50 51
2 51 52
2 52 2565
2 2565 2566
2 2566 2567
2 2567 2568
2 2568 2569
2 2569 2570
2 2570 2571
2 2571 2572
2 2572 2573
2 2573 53
2 53 54
2 54 55
2 55 2574
2 2574 2575
2 2575 2576
2 2576 2577
2 2577 2578
2 2578 2579
2 2579 2580
2 2580 2581
2 2581 2582
2 2582 56
2 56 57
2 57 58
2 58 2583
2 2583 2584
2 2584 2585
2 2585 2586
2 2586 2587
2 2587 2588
2 2588 2589
2 2589 2590
2 2590 2591
2 2591 59
2 59 48
2 60 61
2 61 2592
2 2592 2593
2 2593 2594
2 2594 2595
2 2595 2596
2 2596 2597
2 2597 2598
2 2598 2599
2 2599 2600
2 2600 62
2 62 63
2 63 64
2 64 2601
2 2601 2602
2 2602 2603
2 2603 2604
2 2604 2605
2 2605 2606
2 2606 2607
2 2607 2608
2 2608 2609
2 2609 65
2 65 66
2 66 67
2 67 2610
2 2610 2611
2 2611 2612
2 2612 2613
2 2613 2614
2 2614 2615
2 2615 2616
2 2616 2617
2 2617 2618
2 2618 68
2 68 69
2 69 70
2 70 2619
2 2619 2620
2 2620 2621
2 2621 2622
2 2622 2623
2 2623 2624
2 2624 2625
2 2625 2626
2 2626 2627
2 2627 71
2 71 60
2 72 73
2 73 2628
2 2628 2629
2 2629 2630
2 2630 2631
2 2631 2632
2 2632 2633
2 2633 2634
2 2634 2635
2 2635 2636
2 2636 74
2 74 75
2 75 76
2 76 2637
2 2637 2638
2 2638 2639
2 2639 2640
2 2640 2641
2 2641 2642
2 2642 2643
2 2643 2644
2 2644 2645
2 2645 77
2 77 78
2 78 79
2 79 2646
2 2646 2647
2 2647 2648
2 2648 2649
2 2649 2650
2 2650 2651
2 2651 2652
2 2652 2653
2 2653 2654
2 2654 80
2 80 81
2 81 82
2 82 2655
2 2655 2656
2 2656 2657
2 2657 2658
2 2658 2659
2 2659 2660
2 2660 2661
2 2661 2662
2 2662 2663
2 2663 83
2 83 72
2 84 85
2 85 2664
2 2664 2665
2 2665 2666
2 2666 2667
2 2667 2668
2 2668 2669
2 2669 2670
2 2670 2671
2 2671 2672
2 2672 86
2 86 87
2 87 88
2 88 2673
2 2673 2674
2 2674 2675
2 2675 2676
2 2676 2677
2 2677 2678
2 2678 2679
2 2679 2680
2 2680 2681
2 2681 89
2 89 90
2 90 91
2 91 2682
2 2682 2683
2 2683 2684
2 2684 2685
2 2685 2686
2 2686 2687
2 2687 2688
2 2688 2689
2 2689 2690
2 2690 92
2 92 93
2 93 94
2 94 2691
2 2691 2692
2 2692 2693
2 2693 2694
2 2694 2695
2 2695 2696
2 2696 2697
2 2697 2698
2 2698 2699
2 2699 95
2 95 84
2 96 97
2 97 2700
2 2700 2701
2 2701 2702
2 2702 2703
2 2703 2704
2 2704 2705
2 2705 2706
2 2706 2707
2 2707 2708
2 2708 98
2 98 99
2 99 100
2 100 2709
2 2709 2710
2 2710 2711
2 2711 2712
2 2712 2713
2 2713 2714
2 2714 2715
2 2715 2716
2 2716 2717
2 2717 101
2 101 102
2 102 103
2 103 2718
2 2718 2719
2 2719 2720
2 2720 2721
2 2721 2722
2 2722 2723
2 2723 2724
2 2724 2725
2 2725 2726
2 2726 104
2 104 105
2 105 106
2 106 2727
2 2727 2728
2 2728 2729
2 2729 2730
2 2730 2731
2 2731 2732
2 2732 2733
2 2733 2734
2 2734 2735
2 2735 107
2 107 96
2 108 109
2 109 2736
2 2736 2737
2 2737 2738
2 2738 2739
2 2739 2740
2 2740 2741
2 2741 2742
2 2742 2743
2 2743 2744
2 2744 110
2 110 111
2 111 112
2 112 2745
2 2745 2746
2 2746 2747
2 2747 2748
2 2748 2749
2 2749 2750
2 2750 2751
2 2751 2752
2 2752 2753
2 2753 113
2 113 114
2 114 115
2 115 2754
2 2754 2755
2 2755 2756
2 2756 2757
2 2757 2758
2 2758 2759
2 2759 2760
2 2760 2761
2 2761 2762
2 2762 116
2 116 117
2 117 118
2 118 2763
2 2763 2764
2 2764 2765
2 2765 2766
2 2766 2767
2 2767 2768
2 2768 2769
2 2769 2770
2 2770 2771
2 2771 119
2 119 108
2 120 121
2 121 2772
2 2772 2773
2 2773 2774
2 2774 2775
2 2775 2776
2 2776 2777
2 2777 2778
2 2778 2779
2 2779 2780
2 2780 122
2 122 123
2 123 124
2 124 2781
2 2781 2782
2 2782 2783
2 2783 2784
2 2784 2785
2 2785 2786
2 2786 2787
2 2787 2788
2 2788 2789
2 2789 125
2 125 126
2 126 127
2 127 2790
2 2790 2791
2 2791 2792
2 2792 2793
2 2793 2794
2 2794 2795
2 2795 2796
2 2796 2797
2 2797 2798
2 2798 128
2 128 129
2 129 130
2 130 2799
2 2799 2800
2 2800 2801
2 2801 2802
2 2802 2803
2 2803 2804
2 2804 2805
2 2805 2806
2 2806 2807
2 2807 131
2 131 120
2 132 133
2 133 2808
2 2808 2809
2 2809 2810
2 2810 2811
2 2811 2812
2 2812 2813
2 2813 2814
2 2814 2815
2 2815 2816
2 2816 134
2 134 135
2 135 136
2 136 2817
2 2817 2818
2 2818 2819
2 2819 2820
2 2820 2821
2 2821 2822
2 2822 2823
2 2823 2824
2 2824 2825
2 2825 137
2 137 138
2 138 139
2 139 2826
2 2826 2827
2 2827 2828
2 2828 2829
2 2829 2830
2 2830 2831
2 2831 2832
2 2832 2833
2 2833 2834
2 2834 140
2 140 141
2 141 142
2 142 2835
2 2835 2836
2 2836 2837
2 2837 2838
2 2838 2839
2 2839 2840
2 2840 2841
2 2841 2842
2 2842 2843
2 2843 143
2 143 132
2 144 145
2 145 2844
2 2844 2845
2 2845 2846
2 2846 2847
2 2847 2848
2 2848 2849
2 2849 2850
2 2850 2851
2 2851 2852
2 2852 146
2 146 147
2 147 148
2 148 2853
2 2853 2854
2 2854 2855
2 2855 2856
2 2856 2857
2 2857 2858
2 2858 2859
2 2859 2860
2 2860 2861
2 2861 149
2 149 150
2 150 151
2 151 2862
2 2862 2863
2 2863 2864
2 2864 2865
2 2865 2866
2 2866 2867
2 2867 2868
2 2868 2869
2 2869 2870
2 2870 152
2 152 153
2 153 154
2 154 2871
2 2871 2872
2 2872 2873
2 2873 2874
2 2874 2875
2 2875 2876
2 2876 2877
2 2877 2878
2 2878 2879
2 2879 155
2 155 144
2 156 157
2 157 2880
2 2880 2881
2 2881 2882
2 2882 2883
2 2883 2884
2 2884 2885
2 2885 2886
2 2886 2887
2 2887 2888
2 2888 158
2 158 159
2 159 160
2 160 2889
2 2889 2890
2 2890 2891
2 2891 2892
2 2892 2893
2 2893 2894
2 2894 2895
2 2895 2896
2 2896 2897
2 2897 161
2 161 162
2 162 163
2 163 2898
2 2898 2899
2 2899 2900
2 2900 2901
2 2901 2902
2 2902 2903
2 2903 2904
2 2904 2905
2 2905 2906
2 2906 164
2 164 165
2 165 166
2 166 2907
2 2907 2908
2 2908 2909
2 2909 2910
2 2910 2911
2 2911 2912
2 2912 2913
2 2913 2914
2 2914 2915
2 2915 167
2 167 156
2 168 169
2 169 2916
2 2916 2917
2 2917 2918
2 2918 2919
2 2919 2920
2 2920 2921
2 2921 2922
2 2922 2923
2 2923 2924
2 2924 170
2 170 171
2 171 172
2 172 2925
2 2925 2926
2 2926 2927
2 2927 2928
2 2928 2929
2 2929 2930
2 2930 2931
2 2931 2932
2 2932 2933
2 2933 173
2 173 174
2 174 175
2 175 2934
2 2934 2935
2 2935 2936
2 2936 2937
2 2937 2938
2 2938 2939
2 2939 2940
2 2940 2941
2 2941 2942
2 2942 176
2 176 177
2 177 178
2 178 2943
2 2943 2944
2 2944 2945
2 2945 2946
2 2946 2947
2 2947 2948
2 2948 2949
2 2949 2950
2 2950 2951
2 2951 179
2 179 168
2 180 181
2 181 2952
2 2952 2953
2 2953 2954
2 2954 2955
2 2955 2956
2 2956 2957
2 2957 2958
2 2958 2959
2 2959 2960
2 2960 182
2 182 183
2 183 184
2 184 2961
2 2961 2962
2 2962 2963
2 2963 2964
2 2964 2965
2 2965 2966
2 2966 2967
2 2967 2968
2 2968 2969
2 2969 185
2 185 186
2 186 187
2 187 2970
2 2970 2971
2 2971 2972
2 2972 2973
2 2973 2974
2 2974 2975
2 2975 2976
2 2976 2977
2 2977 2978
2 2978 188
2 188 189
2 189 190
2 190 2979
2 2979 2980
2 2980 2981
2 2981 2982
2 2982 2983
2 2983 2984
2 2984 2985
2 2985 2986
2 2986 2987
2 2987 191
2 191 180
2 192 193
2 193 2988
2 2988 2989
2 2989 2990
2 2990 2991
2 2991 2992
2 2992 2993
2 2993 2994
2 2994 2995
2 2995 2996
2 2996 194
2 194 195
2 195 196
2 196 2997
2 2997 2998
2 2998 2999
2 2999 3000
2 3000 3001
2 3001 3002
2 3002 3003
2 3003 3004
2 3004 3005
2 3005 197
2 197 198
2 198 199
2 199 3006
2 3006 3007
2 3007 3008
2 3008 3009
2 3009 3010
2 3010 3011
2 3011 3012
2 3012 3013
2 3013 3014
2 3014 200
2 200 201
2 201 202
2 202 3015
2 3015 3016
2 3016 3017
2 3017 3018
2 3018 3019
2 3019 3020
2 3020 3021
2 3021 3022
2 3022 3023
2 3023 203
2 203 192
2 204 205
2 205 3024
2 3024 3025
2 3025 3026
2 3026 3027
2 3027 3028
2 3028 3029
2 3029 3030
2 3030 3031
2 3031 3032
2 3032 206
2 206 207
2 207 208
2 208 3033
2 3033 3034
2 3034 3035
2 3035 3036
2 3036 3037
2 3037 3038
2 3038 3039
2 3039 3040
2 3040 3041
2 3041 209
2 209 210
2 210 211
2 211 3042
2 3042 3043
2 3043 3044
2 3044 3045
2 3045 3046
2 3046 3047
2 3047 3048
2 3048 3049
2 3049 3050
2 3050 212
2 212 213
2 213 214
2 214 3051
2 3051 3052
2 3052 3053
2 3053 3054
2 3054 3055
2 3055 3056
2 3056 3057
2 3057 3058
2 3058 3059
2 3059 215
2 215 204
2 216 217
2 217 3060
2 3060 3061
2 3061 3062
2 3062 3063
2 3063 3064
2 3064 3065
2 3065 3066
2 3066 3067
2 3067 3068
2 3068 218
2 218 219
2 219 220
2 220 3069
2 3069 3070
2 3070 3071
2 3071 3072
2 3072 3073
2 3073 3074
2 3074 3075
2 3075 3076
2 3076 3077
2 3077 221
2 221 222
2 222 223
2 223 3078
2 3078 3079
2 3079 3080
2 3080 3081
2 3081 3082
2 3082 3083
2 3083 3084
2 3084 3085
2 3085 3086
2 3086 224
2 224 225
2 225 226
2 226 3087
2 3087 3088
2 3088 3089
2 3089 3090
2 3090 3091
2 3091 3092
2 3092 3093
2 3093 3094
2 3094 3095
2 3095 227
2 227 216
2 228 229
2 229 3096
2 3096 3097
2 3097 3098
2 3098 3099
2 3099 3100
2 3100 3101
2 3101 3102
2 3102 3103
2 3103 3104
2 3104 230
2 230 231
2 231 232
2 232 3105
2 3105 3106
2 3106 3107
2 3107 3108
2 3108 3109
2 3109 3110
2 3110 3111
2 3111 3112
2 3112 3113
2 3113 233
2 233 234
2 234 235
2 235 3114
2 3114 3115
2 3115 3116
2 3116 3117
2 3117 3118
2 3118 3119
2 3119 3120
2 3120 3121
2 3121 3122
2 3122 236
2 236 237
2 237 238
2 238 3123
2 3123 3124
2 3124 3125
2 3125 3126
2 3126 3127
2 3127 3128
2 3128 3129
2 3129 3130
2 3130 3131
2 3131 239
2 239 228
2 240 241
2 241 3132
2 3132 3133
2 3133 3134
2 3134 3135
2 3135 3136
2 3136 3137
2 3137 3138
2 3138 3139
2 3139 3140
2 3140 242
2 242 243
2 243 244
2 244 3141
2 3141 3142
2 3142 3143
2 3143 3144
2 3144 3145
2 3145 3146
2 3146 3147
2 3147 3148
2 3148 3149
2 3149 245
2 245 246
2 246 247
2 247 3150
2 3150 3151
2 3151 3152
2 3152 3153
2 3153 3154
2 3154 3155
2 3155 3156
2 3156 3157
2 3157 3158
2 3158 248
2 248 249
2 249 250
2 250 3159
2 3159 3160
2 3160 3161
2 3161 3162
2 3162 3163
2 3163 3164
2 3164 3165
2 3165 3166
2 3166 3167
2 3167 251
2 251 240
2 252 253
2 253 3168
2 3168 3169
2 3169 3170
2 3170 3171
2 3171 3172
2 3172 3173
2 3173 3174
2 3174 3175
2 3175 3176
2 3176 254
2 254 255
2 255 256
2 256 3177
2 3177 3178
2 3178 3179
2 3179 3180
2 3180 3181
2 3181 3182
2 3182 3183
2 3183 3184
2 3184 3185
2 3185 257
2 257 258
2 258 259
2 259 3186
2 3186 3187
2 3187 3188
2 3188 3189
2 3189 3190
2 3190 3191
2 3191 3192
2 3192 3193
2 3193 3194
2 3194 260
2 260 261
2 261 262
2 262 3195
2 3195 3196
2 3196 3197
2 3197 3198
2 3198 3199
2 3199 3200
2 3200 3201
2 3201 3202
2 3202 3203
2 3203 263
2 263 252
4 12 13 361 336
4 336 361 362 337
4 337 362 363 338
4 338 363 364 339
4 339 364 365 340
4 340 365 366 341
4 341 366 367 342
4 342 367 368 343
4 343 368 369 344
4 344 369 370 345
4 345 370 371 346
4 346 371 372 347
4 347 372 373 348
4 348 373 374 349
4 349 374 375 350
4 350 375 376 351
4 351 376 377 352
4 352 377 378 353
4 353 378 379 354
4 354 379 380 355
4 355 380 381 356
4 356 381 382 357
4 357 382 383 358
4 358 383 384 359
4 359 384 385 360
4 360 385 25 24
4 13 300 3204 361
4 361 3204 3205 362
4 362 3205 3206 363
4 363 3206 3207 364
4 364 3207 3208 365
4 365 3208 3209 366
4 366 3209 3210 367
4 367 3210 3211 368
4 368 3211 3212 369
4 369 3212 3213 370
4 370 3213 3214 371
4 371 3214 3215 372
4 372 3215 3216 373
4 373 3216 3217 374
4 374 3217 3218 375
4 375 3218 3219 376
4 376 3219 3220 377
4 377 3220 3221 378
4 378 3221 3222 379
4 379 3222 3223 380
4 380 3223 3224 381
4 381 3224 3225 382
4 382 3225 3226 383
4 383 3226 3227 384
4 384 3227 3228 385
4 385 3228 2484 25
4 300 301 3229 3204
4 3204 3229 3230 3205
4 3205 3230 3231 3206
4 3206 3231 3232 3207
4 3207 3232 3233 3208
4 3208 3233 3234 3209
4 3209 3234 3235 3210
4 3210 3235 3236 3211
4 3211 3236 3237 3212
4 3212 3237 3238 3213
4 3213 3238 3239 3214
4 3214 3239 3240 3215
4 3215 3240 3241 3216
4 3216 3241 3242 3217
4 3217 3242 3243 3218
4 3218 3243 3244 3219
4 3219 3244 3245 3220
4 3220 3245 3246 3221
4 3221 3246 3247 3222
4 3222 3247 3248 3223
4 3223 3248 3249 3224
4 3224 3249 3250 3225
4 3225 3250 3251 3226
4 3226 3251 3252 3227
4 3227 3252 3253 3228
4 3228 3253 2485 2484
4 301 302 3254 3229
4 3229 3254 3255 3230
4 3230 3255 3256 3231
4 3231 3256 3257 3232
4 3232 3257 3258 3233
4 3233 3258 3259 3234
4 3234 3259 3260 3235
4 3235 3260 3261 3236
4 3236 3261 3262 3237
4 3237 3262 3263 3238
4 3238 3263 3264 3239
4 3239 3264 3265 3240
4 3240 3265 3266 3241
4 3241 3266 3267 3242
4 3242 3267 3268 3243
4 3243 3268 3269 3244
4 3244 3269 3270 3245
4 3245 3270 3271 3246
4 3246 3271 3272 3247
4 3247 3272 3273 3248
4 3248 3273 3274 3249
4 3249 3274 3275 3250
4 3250 3275 3276 3251
4 3251 3276 3277 3252
4 3252 3277 3278 3253
4 3253 3278 2486 2485
4 302 303 3279 3254
4 3254 3279 3280 3255
4 3255 3280 3281 3256
4 3256 3281 3282 3257
4 3257 3282 3283 3258
4 3258 3283 3284 3259
4 3259 3284 3285 3260
4 3260 3285 3286 3261
4 3261 3286 3287 3262
4 3262 3287 3288 3263
4 3263 3288 3289 3264
4 3264 3289 3290 3265
4 3265 3290 3291 3266
4 3266 3291 3292 3267
4 3267 3292 3293 3268
4 3268 3293 3294 3269
4 3269 3294 3295 3270
4 3270 3295 3296 3271
4 3271 3296 3297 3272
4 3272 3297 3298 3273
4 3273 3298 3299 3274
4 3274 3299 3300 3275
4 3275 3300 3301 3276
4 3276 3301 3302 3277
4 3277 3302 3303 3278
4 3278 3303 2487 2486
4 303 304 3304 3279
4 3279 3304 3305 3280
4 3280 3305 3306 3281
4 3281 3306 3307 3282
4 3282 3307 3308 3283
4 3283 3308 3309 3284
4 3284 3309 3310 3285
4 3285 3310 3311 3286
4 3286 3311 3312 3287
4 3287 3312 3313 3288
4 3288 3313 3314 3289
4 3289 3314 3315 3290
4 3290 3315 3316 3291
4 3291 3316 3317 3292
4 3292 3317 3318 3293
4 3293 3318 3319 3294
4 3294 3319 3320 3295
4 3295 3320 3321 3296
4 3296 3321 3322 3297
4 3297 3322 3323 3298
4 3298 3323 3324 3299
4 3299 3324 3325 3300
4 3300 3325 3326 3301
4 3301 3326 3327 3302
4 3302 3327 3328 3303
4 3303 3328 2488 2487
4 304 305 3329 3304
4 3304 3329 3330 3305
4 3305 3330 3331 3306
4 3306 3331 3332 3307
4 3307 3332 3333 3308
4 3308 3333 3334 3309
4 3309 3334 3335 3310
4 3310 3335 3336 3311
4 3311 3336 3337 3312
4 3312 3337 3338 3313
4 3313 3338 3339 3314
4 3314 3339 3340 3315
4 3315 3340 3341 3316
4 3316 3341 3342 3317
4 3317 3342 3343 3318
4 3318 3343 3344 3319
4 3319 3344 3345 3320
4 3320 3345 3346 3321
4 3321 3346 3347 3322
4 3322 3347 3348 3323
4 3323 3348 3349 3324
4 3324 3349 3350 3325
4 3325 3350 3351 3326
4 3326 3351 3352 3327
4 3327 3352 3353 3328
4 3328 3353 2489 2488
4 305 306 3354 3329
4 3329 3354 3355 3330
4 3330 3355 3356 3331
4 3331 3356 3357 3332
4 3332 3357 3358 3333
4 3333 3358 3359 3334
4 3334 3359 3360 3335
4 3335 3360 3361 3336
4 3336 3361 3362 3337
4 3337 3362 3363 3338
4 3338 3363 3364 3339
4 3339 3364 3365 3340
4 3340 3365 3366 3341
4 3341 3366 3367 3342
4 3342 3367 3368 3343
4 3343 3368 3369 3344
4 3344 3369 3370 3345
4 3345 3370 3371 3346
4 3346 3371 3372 3347
4 3347 3372 3373 3348
4 3348 3373 3374 3349
4 3349 3374 3375 3350
4 3350 3375 3376 3351
4 3351 3376 3377 3352
4 3352 3377 3378 3353
4 3353 3378 2490 2489
4 306 307 3379 3354
4 3354 3379 3380 3355
4 3355 3380 3381 3356
4 3356 3381 3382 3357
4 3357 3382 3383 3358
4 3358 3383 3384 3359
4 3359 3384 3385 3360
4 3360 3385 3386 3361
4 3361 3386 3387 3362
4 3362 3387 3388 3363
4 3363 3388 3389 3364
4 3364 3389 3390 3365
4 3365 3390 3391 3366
4 3366 3391 3392 3367
4 3367 3392 3393 3368
4 3368 3393 3394 3369
4 3369 3394 3395 3370
4 3370 3395 3396 3371
4 3371 3396 3397 3372
4 3372 3397 3398 3373
4 3373 3398 3399 3374
4 3374 3399 3400 3375
4 3375 3400 3401 3376
4 3376 3401 3402 3377
4 3377 3402 3403 3378
4 3378 3403 2491 2490
4 307 308 3404 3379
4 3379 3404 3405 3380
4 3380 3405 3406 3381
4 3381 3406 3407 3382
4 3382 3407 3408 3383
4 3383 3408 3409 3384
4 3384 3409 3410 3385
4 3385 3410 3411 3386
4 3386 3411 3412 3387
4 3387 3412 3413 3388
4 3388 3413 3414 3389
4 3389 3414 3415 3390
4 3390 3415 3416 3391
4 3391 3416 3417 3392
4 3392 3417 3418 3393
4 3393 3418 3419 3394
4 3394 3419 3420 3395
4 3395 3420 3421 3396
4 3396 3421 3422 3397
4 3397 3422 3423 3398
4 3398 3423 3424 3399
4 3399 3424 3425 3400
4 3400 3425 3426 3401
4 3401 3426 3427 3402
4 3402 3427 3428 3403
4 3403 3428 2492 2491
4 308 14 386 3404
4 3404 386 387 3405
4 3405 387 388 3406
4 3406 388 389 3407
4 3407 389 390 3408
4 3408 390 391 3409
4 3409 391 392 3410
4 3410 392 393 3411
4 3411 393 394 3412
4 3412 394 395 3413
4 3413 395 396 3414
4 3414 396 397 3415
4 3415 397 398 3416
4 3416 398 399 3417
4 3417 399 400 3418
4 3418 400 401 3419
4 3419 401 402 3420
4 3420 402 403 3421
4 3421 403 404 3422
4 3422 404 405 3423
4 3423 405 406 3424
4 3424 406 407 3425
4 3425 407 408 3426
4 3426 408 409 3427
4 3427 409 410 3428
4 3428 410 26 2492
4 14 15 411 386
4 386 411 412 387
4 387 412 413 388
4 388 413 414 389
4 389 414 415 390
4 390 415 416 391
4 391 416 417 392
4 392 417 418 393
4 393 418 419 394
4 394 419 420 395
4 395 420 421 396
4 396 421 422 397
4 397 422 423 398
4 398 423 424 399
4 399 424 425 400
4 400 425 426 401
4 401 426 427 402
4 402 427 428 403
4 403 428 429 404
4 404 429 430 405
4 405 430 431 406
4 406 431 432 407
4 407 432 433 408
4 408 433 434 409
4 409 434 435 410
4 410 435 27 26
4 15 16 436 411
4 411 436 437 412
4 412 437 438 413
4 413 438 439 414
4 414 439 440 415
4 415 440 441 416
4 416 441 442 417
4 417 442 443 418
4 418 443 444 419
4 419 444 445 420
4 420 445 446 421
4 421 446 447 422
4 422 447 448 423
4 423 448 449 424
4 424 449 450 425
4 425 450 451 426
4 426 451 452 427
4 427 452 453 428
4 428 453 454 429
4 429 454 455 430
4 430 455 456 431
4 431 456 457 432
4 432 457 458 433
4 433 458 459 434
4 434 459 460 435
4 435 460 28 27
4 16 309 3429 436
4 436 3429 3430 437
4 437 3430 3431 438
4 438 3431 3432 439
4 439 3432 3433 440
4 440 3433 3434 441
4 441 3434 3435 442
4 442 3435 3436 443
4 443 3436 3437 444
4 444 3437 3438 445
4 445 3438 3439 446
4 446 3439 3440 447
4 447 3440 3441 448
4 448 3441 3442 449
4 449 3442 3443 450
4 450 3443 3444 451
4 451 3444 3445 452
4 452 3445 3446 453
4 453 3446 3447 454
4 454 3447 3448 455
4 455 3448 3449 456
4 456 3449 3450 457
4 457 3450 3451 458
4 458 3451 3452 459
4 459 3452 3453 460
4 460 3453 2493 28
4 309 310 3454 3429
4 3429 3454 3455 3430
4 3430 3455 3456 3431
4 3431 3456 3457 3432
4 3432 3457 3458 3433
4 3433 3458 3459 3434
4 3434 3459 3460 3435
4 3435 3460 3461 3436
4 3436 3461 3462 3437
4 3437 3462 3463 3438
4 3438 3463 3464 3439
4 3439 3464 3465 3440
4 3440 3465 3466 3441
4 3441 3466 3467 3442
4 3442 3467 3468 3443
4 3443 3468 3469 3444
4 3444 3469 3470 3445
4 3445 3470 3471 3446
4 3446 3471 3472 3447
4 3447 3472 3473 3448
4 3448 3473 3474 3449
4 3449 3474 3475 3450
4 3450 3475 3476 3451
4 3451 3476 3477 3452
4 3452 3477 3478 3453
4 3453 3478 2494 2493
4 310 311 3479 3454
4 3454 3479 3480 3455
4 3455 3480 3481 3456
4 3456 3481 3482 3457
4 3457 3482 3483 3458
4 3458 3483 3484 3459
4 3459 3484 3485 3460
4 3460 3485 3486 3461
4 3461 3486 3487 3462
4 3462 3487 3488 3463
4 3463 3488 3489 3464
4 3464 3489 3490 3465
4 3465 3490 3491 3466
4 3466 3491 3492 3467
4 3467 3492 3493 3468
4 3468 3493 3494 3469
4 3469 3494 3495 3470
4 3470 3495 3496 3471
4 3471 3496 3497 3472
4 3472 3497 3498 3473
4 3473 3498 3499 3474
4 3474 3499 3500 3475
4 3475 3500 3501 3476
4 3476 3501 3502 3477
4 3477 3502 3503 3478
4 3478 3503 2495 2494
4 311 312 3504 3479
4 3479 3504 3505 3480
4 3480 3505 3506 3481
4 3481 3506 3507 3482
4 3482 3507 3508 3483
4 3483 3508 3509 3484
4 3484 3509 3510 3485
4 3485 3510 3511 3486
4 3486 3511 3512 3487
4 3487 3512 3513 3488
4 3488 3513 3514 3489
4 3489 3514 3515 3490
4 3490 3515 3516 3491
4 3491 3516 3517 3492
4 3492 3517 3518 3493
4 3493 3518 3519 3494
4 3494 3519 3520 3495
4 3495 3520 3521 3496
4 3496 3521 3522 3497
4 3497 3522 3523 3498
4 3498 3523 3524 3499
4 3499 3524 3525 3500
4 3500 3525 3526 3501
4 3501 3526 3527 3502
4 3502 3527 3528 3503
4 3503 3528 2496 2495
4 312 313 3529 3504
4 3504 3529 3530 3505
4 3505 3530 3531 3506
4 3506 3531 3532 3507
4 3507 3532 3533 3508
4 3508 3533 3534 3509
4 3509 3534 3535 3510
4 3510 3535 3536 3511
4 3511 3536 3537 3512
4 3512 3537 3538 3513
4 3513 3538 3539 3514
4 3514 3539 3540 3515
4 3515 3540 3541 3516
4 3516 3541 3542 3517
4 3517 3542 3543 3518
4 3518 3543 3544 3519
4 3519 3544 3545 3520
4 3520 3545 3546 3521
4 3521 3546 3547 3522
4 3522 3547 3548 3523
4 3523 3548 3549 3524
4 3524 3549 3550 3525
4 3525 3550 3551 3526
4 3526 3551 3552 3527
4 3527 3552 3553 3528
4 3528 3553 2497 2496
4 313 314 3554 3529
4 3529 3554 3555 3530
4 3530 3555 3556 3531
4 3531 3556 3557 3532
4 3532 3557 3558 3533
4 3533 3558 3559 3534
4 3534 3559 3560 3535
4 3535 3560 3561 3536
4 3536 3561 3562 3537
4 3537 3562 3563 3538
4 3538 3563 3564 3539
4 3539 3564 3565 3540
4 3540 3565 3566 3541
4 3541 3566 3567 3542
4 3542 3567 3568 3543
4 3543 3568 3569 3544
4 3544 3569 3570 3545
4 3545 3570 3571 3546
4 3546 3571 3572 3547
4 3547 3572 3573 3548
4 3548 3573 3574 3549
4 3549 3574 3575 3550
4 3550 3575 3576 3551
4 3551 3576 3577 3552
4 3552 3577 3578 3553
4 3553 3578 2498 2497
4 314 315 3579 3554
4 3554 3579 3580 3555
4 3555 3580 3581 3556
4 3556 3581 3582 3557
4 3557 3582 3583 3558
4 3558 3583 3584 3559
4 3559 3584 3585 3560
4 3560 3585 3586 3561
4 3561 3586 3587 3562
4 3562 3587 3588 3563
4 3563 3588 3589 3564
4 3564 3589 3590 3565
4 3565 3590 3591 3566
4 3566 3591 3592 3567
4 3567 3592 3593 3568
4 3568 3593 3594 3569
4 3569 3594 3595 3570
4 3570 3595 3596 3571
4 3571 3596 3597 3572
4 3572 3597 3598 3573
4 3573 3598 3599 3574
4 3574 3599 3600 3575
4 3575 3600 3601 3576
4 3576 3601 3602 3577
4 3577 3602 3603 3578
4 3578 3603 2499 2498
4 315 316 3604 3579
4 3579 3604 3605 3580
4 3580 3605 3606 3581
4 3581 3606 3607 3582
4 3582 3607 3608 3583
4 3583 3608 3609 3584
4 3584 3609 3610 3585
4 3585 3610 3611 3586
4 3586 3611 3612 3587
4 3587 3612 3613 3588
4 3588 3613 3614 3589
4 3589 3614 3615 3590
4 3590 3615 3616 3591
4 3591 3616 3617 3592
4 3592 3617 3618 3593
4 3593 3618 3619 3594
4 3594 3619 3620 3595
4 3595 3620 3621 3596
4 3596 3621 3622 3597
4 3597 3622 3623 3598
4 3598 3623 3624 3599
4 3599 3624 3625 3600
4 3600 3625 3626 3601
4 3601 3626 3627 3602
4 3602 3627 3628 3603
4 3603 3628 2500 2499
4 316 317 3629 3604
4 3604 3629 3630 3605
4 3605 3630 3631 3606
4 3606 3631 3632 3607
4 3607 3632 3633 3608
4 3608 3633 3634 3609
4 3609 3634 3635 3610
4 3610 3635 3636 3611
4 3611 3636 3637 3612
4 3612 3637 3638 3613
4 3613 3638 3639 3614
4 3614 3639 3640 3615
4 3615 3640 3641 3616
4 3616 3641 3642 3617
4 3617 3642 3643 3618
4 3618 3643 3644 3619
4 3619 3644 3645 3620
4 3620 3645 3646 3621
4 3621 3646 3647 3622
4 3622 3647 3648 3623
4 3623 3648 3649 3624
4 3624 3649 3650 3625
4 3625 3650 3651 3626
4 3626 3651 3652 3627
4 3627 3652 3653 3628
4 3628 3653 2501 2500
4 317 17 461 3629
4 3629 461 462 3630
4 3630 462 463 3631
4 3631 463 464 3632
4 3632 464 465 3633
4 3633 465 466 3634
4 3634 466 467 3635
4 3635 467 468 3636
4 3636 468 469 3637
4 3637 469 470 3638
4 3638 470 471 3639
4 3639 471 472 3640
4 3640 472 473 3641
4 3641 473 474 3642
4 3642 474 475 3643
4 3643 475 476 3644
4 3644 476 477 3645
4 3645 477 478 3646
4 3646 478 479 3647
4 3647 479 480 3648
4 3648 480 481 3649
4 3649 481 482 3650
4 3650 482 483 3651
4 3651 483 484 3652
4 3652 484 485 3653
4 3653 485 29 2501
4 17 18 486 461
4 461 486 487 462
4 462 487 488 463
4 463 488 489 464
4 464 489 490 465
4 465 490 491 466
4 466 491 492 467
4 467 492 493 468
4 468 493 494 469
4 469 494 495 470
4 470 495 496 471
4 471 496 497 472
4 472 497 498 473
4 473 498 499 474
4 474 499 500 475
4 475 500 501 476
4 476 501 502 477
4 477 502 503 478
4 478 503 504 479
4 479 504 505 480
4 480 505 506 481
4 481 506 507 482
4 482 507 508 483
4 483 508 509 484
4 484 509 510 485
4 485 510 30 29
4 18 19 511 486
4 486 511 512 487
4 487 512 513 488
4 488 513 514 489
4 489 514 515 490
4 490 515 516 491
4 491 516 517 492
4 492 517 518 493
4 493 518 519 494
4 494 519 520 495
4 495 520 521 496
4 496 521 522 497
4 497 522 523 498
4 498 523 524 499
4 499 524 525 500
4 500 525 526 501
4 501 526 527 502
4 502 527 528 503
4 503 528 529 504
4 504 529 530 505
4 505 530 531 506
4 506 531 532 507
4 507 532 533 508
4 508 533 534 509
4 509 534 535 510
4 510 535 31 30
4 19 318 3654 511
4 511 3654 3655 512
4 512 3655 3656 513
4 513 3656 3657 514
4 514 3657 3658 515
4 515 3658 3659 516
4 516 3659 3660 517
4 517 3660 3661 518
4 518 3661 3662 519
4 519 3662 3663 520
4 520 3663 3664 521
4 521 3664 3665 522
4 522 3665 3666 523
4 523 3666 3667 524
4 524 3667 3668 525
4 525 3668 3669 526
4 526 3669 3670 527
4 527 3670 3671 528
4 528 3671 3672 529
4 529 3672 3673 530
4 530 3673 3674 531
4 531 3674 3675 532
4 532 3675 3676 533
4 533 3676 3677 534
4 534 3677 3678 535
4 535 3678 2502 31
4 318 319 3679 3654
4 3654 3679 3680 3655
4 3655 3680 3681 3656
4 3656 3681 3682 3657
4 3657 3682 3683 3658
4 3658 3683 3684 3659
4 3659 3684 3685 3660
4 3660 3685 3686 3661
4 3661 3686 3687 3662
4 3662 3687 3688 3663
4 3663 3688 3689 3664
4 3664 3689 3690 3665
4 3665 3690 3691 3666
4 3666 3691 3692 3667
4 3667 3692 3693 3668
4 3668 3693 3694 3669
4 3669 3694 3695 3670
4 3670 3695 3696 3671
4 3671 3696 3697 3672
4 3672 3697 3698 3673
4 3673 3698 3699 3674
4 3674 3699 3700 3675
4 3675 3700 3701 3676
4 3676 3701 3702 3677
4 3677 3702 3703 3678
4 3678 3703 2503 2502
4 319 320 3704 3679
4 3679 3704 3705 3680
4 3680 3705 3706 3681
4 3681 3706 3707 3682
4 3682 3707 3708 3683
4 3683 3708 3709 3684
4 3684 3709 3710 3685
4 3685 3710 3711 3686
4 3686 3711 3712 3687
4 3687 3712 3713 3688
4 3688 3713 3714 3689
4 3689 3714 3715 3690
4 3690 3715 3716 3691
4 3691 3716 3717 3692
4 3692 3717 3718 3693
4 3693 3718 3719 3694
4 3694 3719 3720 3695
4 3695 3720 3721 3696
4 3696 3721 3722 3697
4 3697 3722 3723 3698
4 3698 3723 3724 3699
4 3699 3724 3725 3700
4 3700 3725 3726 3701
4 3701 3726 3727 3702
4 3702 3727 3728 3703
4 3703 3728 2504 2503
4 320 321 3729 3704
4 3704 3729 3730 3705
4 3705 3730 3731 3706
4 3706 3731 3732 3707
4 3707 3732 3733 3708
4 3708 3733 3734 3709
4 3709 3734 3735 3710
4 3710 3735 3736 3711
4 3711 3736 3737 3712
4 3712 3737 3738 3713
4 3713 3738 3739 3714
4 3714 3739 3740 3715
4 3715 3740 3741 3716
4 3716 3741 3742 3717
4 3717 3742 3743 3718
4 3718 3743 3744 3719
4 3719 3744 3745 3720
4 3720 3745 3746 3721
4 3721 3746 3747 3722
4 3722 3747 3748 3723
4 3723 3748 3749 3724
4 3724 3749 3750 3725
4 3725 3750 3751 3726
4 3726 3751 3752 3727
4 3727 3752 3753 3728
4 3728 3753 2505 2504
4 321 322 3754 3729
4 3729 3754 3755 3730
4 3730 3755 3756 3731
4 3731 3756 3757 3732
4 3732 3757 3758 3733
4 3733 3758 3759 3734
4 3734 3759 3760 3735
4 3735 3760 3761 3736
4 3736 3761 3762 3737
4 3737 3762 3763 3738
4 3738 3763 3764 3739
4 3739 3764 3765 3740
4 3740 3765 3766 3741
4 3741 3766 3767 3742
4 3742 3767 3768 3743
4 3743 3768 3769 3744
4 3744 3769 3770 3745
4 3745 3770 3771 3746
4 3746 3771 3772 3747
4 3747 3772 3773 3748
4 3748 3773 3774 3749
4 3749 3774 3775 3750
4 3750 3775 3776 3751
4 3751 3776 3777 3752
4 3752 3777 3778 3753
4 3753 3778 2506 2505
4 322 323 3779 3754
4 3754 3779 3780 3755
4 3755 3780 3781 3756
4 3756 3781 3782 3757
4 3757 3782 3783 3758
4 3758 3783 3784 3759
4 3759 3784 3785 3760
4 3760 3785 3786 3761
4 3761 3786 3787 3762
4 3762 3787 3788 3763
4 3763 3788 3789 3764
4 3764 3789 3790 3765
4 3765 3790 3791 3766
4 3766 3791 3792 3767
4 3767 3792 3793 3768
4 3768 3793 3794 3769
4 3769 3794 3795 3770
4 3770 3795 3796 3771
4 3771 3796 3797 3772
4 3772 3797 3798 3773
4 3773 3798 3799 3774
4 3774 3799 3800 3775
4 3775 3800 3801 3776
4 3776 3801 3802 3777
4 3777 3802 3803 3778
4 3778 3803 2507 2506
4 323 324 3804 3779
4 3779 3804 3805 3780
4 3780 3805 3806 3781
4 3781 3806 3807 3782
4 3782 3807 3808 3783
4 3783 3808 3809 3784
4 3784 3809 3810 3785
4 3785 3810 3811 3786
4 3786 3811 3812 3787
4 3787 3812 3813 3788
4 3788 3813 3814 3789
4 3789 3814 3815 3790
4 3790 3815 3816 3791
4 3791 3816 3817 3792
4 3792 3817 3818 3793
4 3793 3818 3819 3794
4 3794 3819 3820 3795
4 3795 3820 3821 3796
4 3796 3821 3822 3797
4 3797 3822 3823 3798
4 3798 3823 3824 3799
4 3799 3824 3825 3800
4 3800 3825 3826 3801
4 3801 3826 3827 3802
4 3802 3827 3828 3803
4 3803 3828 2508 2507
4 324 325 3829 3804
4 3804 3829 3830 3805
4 3805 3830 3831 3806
4 3806 3831 3832 3807
4 3807 3832 3833 3808
4 3808 3833 3834 3809
4 3809 3834 3835 3810
4 3810 3835 3836 3811
4 3811 3836 3837 3812
4 3812 3837 3838 3813
4 3813 3838 3839 3814
4 3814 3839 3840 3815
4 3815 3840 3841 3816
4 3816 3841 3842 3817
4 3817 3842 3843 3818
4 3818 3843 3844 3819
4 3819 3844 3845 3820
4 3820 3845 3846 3821
4 3821 3846 3847 3822
4 3822 3847 3848 3823
4 3823 3848 3849 3824
4 3824 3849 3850 3825
4 3825 3850 3851 3826
4 3826 3851 3852 3827
4 3827 3852 3853 3828
4 3828 3853 2509 2508
4 325 326 3854 3829
4 3829 3854 3855 3830
4 3830 3855 3856 3831
4 3831 3856 3857 3832
4 3832 3857 3858 3833
4 3833 3858 3859 3834
4 3834 3859 3860 3835
4 3835 3860 3861 3836
4 3836 3861 3862 3837
4 3837 3862 3863 3838
4 3838 3863 3864 3839
4 3839 3864 3865 3840
4 3840 3865 3866 3841
4 3841 3866 3867 3842
4 3842 3867 3868 3843
4 3843 3868 3869 3844
4 3844 3869 3870 3845
4 3845 3870 3871 3846
4 3846 3871 3872 3847
4 3847 3872 3873 3848
4 3848 3873 3874 3849
4 3849 3874 3875 3850
4 3850 3875 3876 3851
4 3851 3876 3877 3852
4 3852 3877 3878 3853
4 3853 3878 2510 2509
4 326 20 536 3854
4 3854 536 537 3855
4 3855 537 538 3856
4 3856 538 539 3857
4 3857 539 540 3858
4 3858 540 541 3859
4 3859 541 542 3860
4 3860 542 543 3861
4 3861 543 544 3862
4 3862 544 545 3863
4 3863 545 546 3864
4 3864 546 547 3865
4 3865 547 548 3866
4 3866 548 549 3867
4 3867 549 550 3868
4 3868 550 551 3869
4 3869 551 552 3870
4 3870 552 553 3871
4 3871 553 554 3872
4 3872 554 555 3873
4 3873 555 556 3874
4 3874 556 557 3875
4 3875 557 558 3876
4 3876 558 559 3877
4 3877 559 560 3878
4 3878 560 32 2510
4 20 21 561 536
4 536 561 562 537
4 537 562 563 538
4 538 563 564 539
4 539 564 565 540
4 540 565 566 541
4 541 566 567 542
4 542 567 568 543
4 543 568 569 544
4 544 569 570 545
4 545 570 571 546
4 546 571 572 547
4 547 572 573 548
4 548 573 574 549
4 549 574 575 550
4 550 575 576 551
4 551 576 577 552
4 552 577 578 553
4 553 578 579 554
4 554 579 580 555
4 555 580 581 556
4 556 581 582 557
4 557 582 583 558
4 558 583 584 559
4 559 584 585 560
4 560 585 33 32
4 21 22 586 561
4 561 586 587 562
4 562 587 588 563
4 563 588 589 564
4 564 589 590 565
4 565 590 591 566
4 566 591 592 567
4 567 592 593 568
4 568 593 594 569
4 569 594 595 570
4 570 595 596 571
4 571 596 597 572
4 572 597 598 573
4 573 598 599 574
4 574 599 600 575
4 575 600 601 576
4 576 601 602 577
4 577 602 603 578
4 578 603 604 579
4 579 604 605 580
4 580 605 606 581
4 581 606 607 582
4 582 607 608 583
4 583 608 609 584
4 584 609 610 585
4 585 610 34 33
4 22 327 3879 586
4 586 3879 3880 587
4 587 3880 3881 588
4 588 3881 3882 589
4 589 3882 3883 590
4 590 3883 3884 591
4 591 3884 3885 592
4 592 3885 3886 593
4 593 3886 3887 594
4 594 3887 3888 595
4 595 3888 3889 596
4 596 3889 3890 597
4 597 3890 3891 598
4 598 3891 3892 599
4 599 3892 3893 600
4 600 3893 3894 601
4 601 3894 3895 602
4 602 3895 3896 603
4 603 3896 3897 604
4 604 3897 3898 605
4 605 3898 3899 606
4 606 3899 3900 607
4 607 3900 3901 608
4 608 3901 3902 609
4 609 3902 3903 610
4 610 3903 2511 34
4 327 328 3904 3879
4 3879 3904 3905 3880
4 3880 3905 3906 3881
4 3881 3906 3907 3882
4 3882 3907 3908 3883
4 3883 3908 3909 3884
4 3884 3909 3910 3885
4 3885 3910 3911 3886
4 3886 3911 3912 3887
4 3887 3912 3913 3888
4 3888 3913 3914 3889
4 3889 3914 3915 3890
4 3890 3915 3916 3891
4 3891 3916 3917 3892
4 3892 3917 3918 3893
4 3893 3918 3919 3894
4 3894 3919 3920 3895
4 3895 3920 3921 3896
4 3896 3921 3922 3897
4 3897 3922 3923 3898
4 3898 3923 3924 3899
4 3899 3924 3925 3900
4 3900 3925 3926 3901
4 3901 3926 3927 3902
4 3902 3927 3928 3903
4 3903 3928 2512 2511
4 328 329 3929 3904
4 3904 3929 3930 3905
4 3905 3930 3931 3906
4 3906 3931 3932 3907
4 3907 3932 3933 3908
4 3908 3933 3934 3909
4 3909 3934 3935 3910
4 3910 3935 3936 3911
4 3911 3936 3937 3912
4 3912 3937 3938 3913
4 3913 3938 3939 3914
4 3914 3939 3940 3915
4 3915 3940 3941 3916
4 3916 3941 3942 3917
4 3917 3942 3943 3918
4 3918 3943 3944 3919
4 3919 3944 3945 3920
4 3920 3945 3946 3921
4 3921 3946 3947 3922
4 3922 3947 3948 3923
4 3923 3948 3949 3924
4 3924 3949 3950 3925
4 3925 3950 3951 3926
4 3926 3951 3952 3927
4 3927 3952 3953 3928
4 3928 3953 2513 2512
4 329 330 3954 3929
4 3929 3954 3955 3930
4 3930 3955 3956 3931
4 3931 3956 3957 3932
4 3932 3957 3958 3933
4 3933 3958 3959 3934
4 3934 3959 3960 3935
4 3935 3960 3961 3936
4 3936 3961 3962 3937
4 3937 3962 3963 3938
4 3938 3963 3964 3939
4 3939 3964 3965 3940
4 3940 3965 3966 3941
4 3941 3966 3967 3942
4 3942 3967 3968 3943
4 3943 3968 3969 3944
4 3944 3969 3970 3945
4 3945 3970 3971 3946
4 3946 3971 3972 3947
4 3947 3972 3973 3948
4 3948 3973 3974 3949
4 3949 3974 3975 3950
4 3950 3975 3976 3951
4 3951 3976 3977 3952
4 3952 3977 3978 3953
4 3953 3978 2514 2513
4 330 331 3979 3954
4 3954 3979 3980 3955
4 3955 3980 3981 3956
4 3956 3981 3982 3957
4 3957 3982 3983 3958
4 3958 3983 3984 3959
4 3959 3984 3985 3960
4 3960 3985 3986 3961
4 3961 3986 3987 3962
4 3962 3987 3988 3963
4 3963 3988 3989 3964
4 3964 3989 3990 3965
4 3965 3990 3991 3966
4 3966 3991 3992 3967
4 3967 3992 3993 3968
4 3968 3993 3994 3969
4 3969 3994 3995 3970
4 3970 3995 3996 3971
4 3971 3996 3997 3972
4 3972 3997 3998 3973
4 3973 3998 3999 3974
4 3974 3999 4000 3975
4 3975 4000 4001 3976
4 3976 4001 4002 3977
4 3977 4002 4003 3978
4 3978 4003 2515 2514
4 331 332 4004 3979
4 3979 4004 4005 3980
4 3980 4005 4006 3981
4 3981 4006 4007 3982
4 3982 4007 4008 3983
4 3983 4008 4009 3984
4 3984 4009 4010 3985
4 3985 4010 4011 3986
4 3986 4011 4012 3987
4 3987 4012 4013 3988
4 3988 4013 4014 3989
4 3989 4014 4015 3990
4 3990 4015 4016 3991
4 3991 4016 4017 3992
4 3992 4017 4018 3993
4 3993 4018 4019 3994
4 3994 4019 4020 3995
4 3995 4020 4021 3996
4 3996 4021 4022 3997
4 3997 4022 4023 3998
4 3998 4023 4024 3999
4 3999 4024 4025 4000
4 4000 4025 4026 4001
4 4001 4026 4027 4002
4 4002 4027 4028 4003
4 4003 4028 2516 2515
4 332 333 4029 4004
4 4004 4029 4030 4005
4 4005 4030 4031 4006
4 4006 4031 4032 4007
4 4007 4032 4033 4008
4 4008 4033 4034 4009
4 4009 4034 4035 4010
4 4010 4035 4036 4011
4 4011 4036 4037 4012
4 4012 4037 4038 4013
4 4013 4038 4039 4014
4 4014 4039 4040 4015
4 4015 4040 4041 4016
4 4016 4041 4042 4017
4 4017 4042 4043 4018
4 4018 4043 4044 4019
4 4019 4044 4045 4020
4 4020 4045 4046 4021
4 4021 4046 4047 4022
4 4022 4047 4048 4023
4 4023 4048 4049 4024
4 4024 4049 4050 4025
4 4025 4050 4051 4026
4 4026 4051 4052 4027
4 4027 4052 4053 4028
4 4028 4053 2517 2516
4 333 334 4054 4029
4 4029 4054 4055 4030
4 4030 4055 4056 4031
4 4031 4056 4057 4032
4 4032 4057 4058 4033
4 4033 4058 4059 4034
4 4034 4059 4060 4035
4 4035 4060 4061 4036
4 4036 4061 4062 4037
4 4037 4062 4063 4038
4 4038 4063 4064 4039
4 4039 4064 4065 4040
4 4040 4065 4066 4041
4 4041 4066 4067 4042
4 4042 4067 4068 4043
4 4043 4068 4069 4044
4 4044 4069 4070 4045
4 4045 4070 4071 4046
4 4046 4071 4072 4047
4 4047 4072 4073 4048
4 4048 4073 4074 4049
4 4049 4074 4075 4050
4 4050 4075 4076 4051
4 4051 4076 4077 4052
4 4052 4077 4078 4053
4 4053 4078 2518 2517
4 334 335 4079 4054
4 4054 4079 4080 4055
4 4055 4080 4081 4056
4 4056 4081 4082 4057
4 4057 4082 4083 4058
4 4058 4083 4084 4059
4 4059 4084 4085 4060
4 4060 4085 4086 4061
4 4061 4086 4087 4062
4 4062 4087 4088 4063
4 4063 4088 4089 4064
4 4064 4089 4090 4065
4 4065 4090 4091 4066
4 4066 4091 4092 4067
4 4067 4092 4093 4068
4 4068 4093 4094 4069
4 4069 4094 4095 4070
4 4070 4095 4096 4071
4 4071 4096 4097 4072
4 4072 4097 4098 4073
4 4073 4098 4099 4074
4 4074 4099 4100 4075
4 4075 4100 4101 4076
4 4076 4101 4102 4077
4 4077 4102 4103 4078
4 4078 4103 2519 2518
4 335 23 611 4079
4 4079 611 612 4080
4 4080 612 613 4081
4 4081 613 614 4082
4 4082 614 615 4083
4 4083 615 616 4084
4 4084 616 617 4085
4 4085 617 618 4086
4 4086 618 619 4087
4 4087 619 620 4088
4 4088 620 621 4089
4 4089 621 622 4090
4 4090 622 623 4091
4 4091 623 624 4092
4 4092 624 625 4093
4 4093 625 626 4094
4 4094 626 627 4095
4 4095 627 628 4096
4 4096 628 629 4097
4 4097 629 630 4098
4 4098 630 631 4099
4 4099 631 632 4100
4 4100 632 633 4101
4 4101 633 634 4102
4 4102 634 635 4103
4 4103 635 35 2519
4 23 12 336 611
4 611 336 337 612
4 612 337 338 613
4 613 338 339 614
4 614 339 340 615
4 615 340 341 616
4 616 341 342 617
4 617 342 343 618
4 618 343 344 619
4 619 344 345 620
4 620 345 346 621
4 621 346 347 622
4 622 347 348 623
4 623 348 349 624
4 624 349 350 625
4 625 350 351 626
4 626 351 352 627
4 627 352 353 628
4 628 353 354 629
4 629 354 355 630
4 630 355 356 631
4 631 356 357 632
4 632 357 358 633
4 633 358 359 634
4 634 359 360 635
4 635 360 24 35
4 36 24 25 37
4 37 25 2484 2520
4 2520 2484 2485 2521
4 2521 2485 2486 2522
4 2522 2486 2487 2523
4 2523 2487 2488 2524
4 2524 2488 2489 2525
4 2525 2489 2490 2526
4 2526 2490 2491 2527
4 2527 2491 2492 2528
4 2528 2492 26 38
4 38 26 27 39
4 39 27 28 40
4 40 28 2493 2529
4 2529 2493 2494 2530
4 2530 2494 2495 2531
4 2531 2495 2496 2532
4 2532 2496 2497 2533
4 2533 2497 2498 2534
4 2534 2498 2499 2535
4 2535 2499 2500 2536
4 2536 2500 2501 2537
4 2537 2501 29 41
4 41 29 30 42
4 42 30 31 43
4 43 31 2502 2538
4 2538 2502 2503 2539
4 2539 2503 2504 2540
4 2540 2504 2505 2541
4 2541 2505 2506 2542
4 2542 2506 2507 2543
4 2543 2507 2508 2544
4 2544 2508 2509 2545
4 2545 2509 2510 2546
4 2546 2510 32 44
4 44 32 33 45
4 45 33 34 46
4 46 34 2511 2547
4 2547 2511 2512 2548
4 2548 2512 2513 2549
4 2549 2513 2514 2550
4 2550 2514 2515 2551
4 2551 2515 2516 2552
4 2552 2516 2517 2553
4 2553 2517 2518 2554
4 2554 2518 2519 2555
4 2555 2519 35 47
4 47 35 24 36
4 48 36 37 49
4 49 37 2520 2556
4 2556 2520 2521 2557
4 2557 2521 2522 2558
4 2558 2522 2523 2559
4 2559 2523 2524 2560
4 2560 2524 2525 2561
4 2561 2525 2526 2562
4 2562 2526 2527 2563
4 2563 2527 2528 2564
4 2564 2528 38 50
4 50 38 39 51
4 51 39 40 52
4 52 40 2529 2565
4 2565 2529 2530 2566
4 2566 2530 2531 2567
4 2567 2531 2532 2568
4 2568 2532 2533 2569
4 2569 2533 2534 2570
4 2570 2534 2535 2571
4 2571 2535 2536 2572
4 2572 2536 2537 2573
4 2573 2537 41 53
4 53 41 42 54
4 54 42 43 55
4 55 43 2538 2574
4 2574 2538 2539 2575
4 2575 2539 2540 2576
4 2576 2540 2541 2577
4 2577 2541 2542 2578
4 2578 2542 2543 2579
4 2579 2543 2544 2580
4 2580 2544 2545 2581
4 2581 2545 2546 2582
4 2582 2546 44 56
4 56 44 45 57
4 57 45 46 58
4 58 46 2547 2583
4 2583 2547 2548 2584
4 2584 2548 2549 2585
4 2585 2549 2550 2586
4 2586 2550 2551 2587
4 2587 2551 2552 2588
4 2588 2552 2553 2589
4 2589 2553 2554 2590
4 2590 2554 2555 2591
4 2591 2555 47 59
4 59 47 36 48
4 60 48 49 61
4 61 49 2556 2592
4 2592 2556 2557 2593
4 2593 2557 2558 2594
4 2594 2558 2559 2595
4 2595 2559 2560 2596
4 2596 2560 2561 2597
4 2597 2561 2562 2598
4 2598 2562 2563 2599
4 2599 2563 2564 2600
4 2600 2564 50 62
4 62 50 51 63
4 63 51 52 64
4 64 52 2565 2601
4 2601 2565 2566 2602
4 2602 2566 2567 2603
4 2603 2567 2568 2604
4 2604 2568 2569 2605
4 2605 2569 2570 2606
4 2606 2570 2571 2607
4 2607 2571 2572 2608
4 2608 2572 2573 2609
4 2609 2573 53 65
4 65 53 54 66
4 66 54 55 67
4 67 55 2574 2610
4 2610 2574 2575 2611
4 2611 2575 2576 2612
4 2612 2576 2577 2613
4 2613 2577 2578 2614
4 2614 2578 2579 2615
4 2615 2579 2580 2616
4 2616 2580 2581 2617
4 2617 2581 2582 2618
4 2618 2582 56 68
4 68 56 57 69
4 69 57 58 70
4 70 58 2583 2619
4 2619 2583 2584 2620
4 2620 2584 2585 2621
4 2621 2585 2586 2622
4 2622 2586 2587 2623
4 2623 2587 2588 2624
4 2624 2588 2589 2625
4 2625 2589 2590 2626
4 2626 2590 2591 2627
4 2627 2591 59 71
4 71 59 48 60
4 72 665 695 73
4 665 664 694 695
4 664 663 693 694
4 663 662 692 693
4 662 661 691 692
4 661 660 690 691
4 660 659 689 690
4 659 658 688 689
4 658 657 687 688
4 657 656 686 687
4 656 655 685 686
4 655 654 684 685
4 654 653 683 684
4 653 652 682 683
4 652 651 681 682
4 651 650 680 681
4 650 649 679 680
4 649 648 678 679
4 648 647 677 678
4 647 646 676 677
4 646 645 675 676
4 645 644 674 675
4 644 643 673 674
4 643 642 672 673
4 642 641 671 672
4 641 640 670 671
4 640 639 669 670
4 639 638 668 669
4 638 637 667 668
4 637 636 666 667
4 636 60 61 666
4 73 695 4104 2628
4 695 694 4105 4104
4 694 693 4106 4105
4 693 692 4107 4106
4 692 691 4108 4107
4 691 690 4109 4108
4 690 689 4110 4109
4 689 688 4111 4110
4 688 687 4112 4111
4 687 686 4113 4112
4 686 685 4114 4113
4 685 684 4115 4114
4 684 683 4116 4115
4 683 682 4117 4116
4 682 681 4118 4117
4 681 680 4119 4118
4 680 679 4120 4119
4 679 678 4121 4120
4 678 677 4122 4121
4 677 676 4123 4122
4 676 675 4124 4123
4 675 674 4125 4124
4 674 673 4126 4125
4 673 672 4127 4126
4 672 671 4128 4127
4 671 670 4129 4128
4 670 669 4130 4129
4 669 668 4131 4130
4 668 667 4132 4131
4 667 666 4133 4132
4 666 61 2592 4133
4 2628 4104 4134 2629
4 4104 4105 4135 4134
4 4105 4106 4136 4135
4 4106 4107 4137 4136
4 4107 4108 4138 4137
4 4108 4109 4139 4138
4 4109 4110 4140 4139
4 4110 4111 4141 4140
4 4111 4112 4142 4141
4 4112 4113 4143 4142
4 4113 4114 4144 4143
4 4114 4115 4145 4144
4 4115 4116 4146 4145
4 4116 4117 4147 4146
4 4117 4118 4148 4147
4 4118 4119 4149 4148
4 4119 4120 4150 4149
4 4120 4121 4151 4150
4 4121 4122 4152 4151
4 4122 4123 4153 4152
4 4123 4124 4154 4153
4 4124 4125 4155 4154
4 4125 4126 4156 4155
4 4126 4127 4157 4156
4 4127 4128 4158 4157
4 4128 4129 4159 4158
4 4129 4130 4160 4159
4 4130 4131 4161 4160
4 4131 4132 4162 4161
4 4132 4133 4163 4162
4 4133 2592 2593 4163
4 2629 4134 4164 2630
4 4134 4135 4165 4164
4 4135 4136 4166 4165
4 4136 4137 4167 4166
4 4137 4138 4168 4167
4 4138 4139 4169 4168
4 4139 4140 4170 4169
4 4140 4141 4171 4170
4 4141 4142 4172 4171
4 4142 4143 4173 4172
4 4143 4144 4174 4173
4 4144 4145 4175 4174
4 4145 4146 4176 4175
4 4146 4147 4177 4176
4 4147 4148 4178 4177
4 4148 4149 4179 4178
4 4149 4150 4180 4179
4 4150 4151 4181 4180
4 4151 4152 4182 4181
4 4152 4153 4183 4182
4 4153 4154 4184 4183
4 4154 4155 4185 4184
4 4155 4156 4186 4185
4 4156 4157 4187 4186
4 4157 4158 4188 4187
4 4158 4159 4189 4188
4 4159 4160 4190 4189
4 4160 4161 4191 4190
4 4161 4162 4192 4191
4 4162 4163 4193 4192
4 4163 2593 2594 4193
4 2630 4164 4194 2631
4 4164 4165 4195 4194
4 4165 4166 4196 4195
4 4166 4167 4197 4196
4 4167 4168 4198 4197
4 4168 4169 4199 4198
4 4169 4170 4200 4199
4 4170 4171 4201 4200
4 4171 4172 4202 4201
4 4172 4173 4203 4202
4 4173 4174 4204 4203
4 4174 4175 4205 4204
4 4175 4176 4206 4205
4 4176 4177 4207 4206
4 4177 4178 4208 4207
4 4178 4179 4209 4208
4 4179 4180 4210 4209
4 4180 4181 4211 4210
4 4181 4182 4212 4211
4 4182 4183 4213 4212
4 4183 4184 4214 4213
4 4184 4185 4215 4214
4 4185 4186 4216 4215
4 4186 4187 4217 4216
4 4187 4188 4218 4217
4 4188 4189 4219 4218
4 4189 4190 4220 4219
4 4190 4191 4221 4220
4 4191 4192 4222 4221
4 4192 4193 4223 4222
4 4193 2594 2595 4223
4 2631 4194 4224 2632
4 4194 4195 4225 4224
4 4195 4196 4226 4225
4 4196 4197 4227 4226
4 4197 4198 4228 4227
4 4198 4199 4229 4228
4 4199 4200 4230 4229
4 4200 4201 4231 4230
4 4201 4202 4232 4231
4 4202 4203 4233 4232
4 4203 4204 4234 4233
4 4204 4205 4235 4234
4 4205 4206 4236 4235
4 4206 4207 4237 4236
4 4207 4208 4238 4237
4 4208 4209 4239 4238
4 4209 4210 4240 4239
4 4210 4211 4241 4240
4 4211 4212 4242 4241
4 4212 4213 4243 4242
4 4213 4214 4244 4243
4 4214 4215 4245 4244
4 4215 4216 4246 4245
4 4216 4217 4247 4246
4 4217 4218 4248 4247
4 4218 4219 4249 4248
4 4219 4220 4250 4249
4 4220 4221 4251 4250
4 4221 4222 4252 4251
4 4222 4223 4253 4252
4 4223 2595 2596 4253
4 2632 4224 4254 2633
4 4224 4225 4255 4254
4 4225 4226 4256 4255
4 4226 4227 4257 4256
4 4227 4228 4258 4257
4 4228 4229 4259 4258
4 4229 4230 4260 4259
4 4230 4231 4261 4260
4 4231 4232 4262 4261
4 4232 4233 4263 4262
4 4233 4234 4264 4263
4 4234 4235 4265 4264
4 4235 4236 4266 4265
4 4236 4237 4267 4266
4 4237 4238 4268 4267
4 4238 4239 4269 4268
4 4239 4240 4270 4269
4 4240 4241 4271 4270
4 4241 4242 4272 4271
4 4242 4243 4273 4272
4 4243 4244 4274 4273
4 4244 4245 4275 4274
4 4245 4246 4276 4275
4 4246 4247 4277 4276
4 4247 4248 4278 4277
4 4248 4249 4279 4278
4 4249 4250 4280 4279
4 4250 4251 4281 4280
4 4251 4252 4282 4281
4 4252 4253 4283 4282
4 4253 2596 2597 4283
4 2633 4254 4284 2634
4 4254 4255 4285 4284
4 4255 4256 4286 4285
4 4256 4257 4287 4286
4 4257 4258 4288 4287
4 4258 4259 4289 4288
4 4259 4260 4290 4289
4 4260 4261 4291 4290
4 4261 4262 4292 4291
4 4262 4263 4293 4292
4 4263 4264 4294 4293
4 4264 4265 4295 4294
4 4265 4266 4296 4295
4 4266 4267 4297 4296
4 4267 4268 4298 4297
4 4268 4269 4299 4298
4 4269 4270 4300 4299
4 4270 4271 4301 4300
4 4271 4272 4302 4301
4 4272 4273 4303 4302
4 4273 4274 4304 4303
4 4274 4275 4305 4304
4 4275 4276 4306 4305
4 4276 4277 4307 4306
4 4277 4278 4308 4307
4 4278 4279 4309 4308
4 4279 4280 4310 4309
4 4280 4281 4311 4310
4 4281 4282 4312 4311
4 4282 4283 4313 4312
4 4283 2597 2598 4313
4 2634 4284 4314 2635
4 4284 4285 4315 4314
4 4285 4286 4316 4315
4 4286 4287 4317 4316
4 4287 4288 4318 4317
4 4288 4289 4319 4318
4 4289 4290 4320 4319
4 4290 4291 4321 4320
4 4291 4292 4322 4321
4 4292 4293 4323 4322
4 4293 4294 4324 4323
4 4294 4295 4325 4324
4 4295 4296 4326 4325
4 4296 4297 4327 4326
4 4297 4298 4328 4327
4 4298 4299 4329 4328
4 4299 4300 4330 4329
4 4300 4301 4331 4330
4 4301 4302 4332 4331
4 4302 4303 4333 4332
4 4303 4304 4334 4333
4 4304 4305 4335 4334
4 4305 4306 4336 4335
4 4306 4307 4337 4336
4 4307 4308 4338 4337
4 4308 4309 4339 4338
4 4309 4310 4340 4339
4 4310 4311 4341 4340
4 4311 4312 4342 4341
4 4312 4313 4343 4342
4 4313 2598 2599 4343
4 2635 4314 4344 2636
4 4314 4315 4345 4344
4 4315 4316 4346 4345
4 4316 4317 4347 4346
4 4317 4318 4348 4347
4 4318 4319 4349 4348
4 4319 4320 4350 4349
4 4320 4321 4351 4350
4 4321 4322 4352 4351
4 4322 4323 4353 4352
4 4323 4324 4354 4353
4 4324 4325 4355 4354
4 4325 4326 4356 4355
4 4326 4327 4357 4356
4 4327 4328 4358 4357
4 4328 4329 4359 4358
4 4329 4330 4360 4359
4 4330 4331 4361 4360
4 4331 4332 4362 4361
4 4332 4333 4363 4362
4 4333 4334 4364 4363
4 4334 4335 4365 4364
4 4335 4336 4366 4365
4 4336 4337 4367 4366
4 4337 4338 4368 4367
4 4338 4339 4369 4368
4 4339 4340 4370 4369
4 4340 4341 4371 4370
4 4341 4342 4372 4371
4 4342 4343 4373 4372
4 4343 2599 2600 4373
4 2636 4344 725 74
4 4344 4345 724 725
4 4345 4346 723 724
4 4346 4347 722 723
4 4347 4348 721 722
4 4348 4349 720 721
4 4349 4350 719 720
4 4350 4351 718 719
4 4351 4352 717 718
4 4352 4353 716 717
4 4353 4354 715 716
4 4354 4355 714 715
4 4355 4356 713 714
4 4356 4357 712 713
4 4357 4358 711 712
4 4358 4359 710 711
4 4359 4360 709 710
4 4360 4361 708 709
4 4361 4362 707 708
4 4362 4363 706 707
4 4363 4364 705 706
4 4364 4365 704 705
4 4365 4366 703 704
4 4366 4367 702 703
4 4367 4368 701 702
4 4368 4369 700 701
4 4369 4370 699 700
4 4370 4371 698 699
4 4371 4372 697 698
4 4372 4373 696 697
4 4373 2600 62 696
4 74 725 755 75
4 725 724 754 755
4 724 723 753 754
4 723 722 752 753
4 722 721 751 752
4 721 720 750 751
4 720 719 749 750
4 719 718 748 749
4 718 717 747 748
4 717 716 746 747
4 716 715 745 746
4 715 714 744 745
4 714 713 743 744
4 713 712 742 743
4 712 711 741 742
4 711 710 740 741
4 710 709 739 740
4 709 708 738 739
4 708 707 737 738
4 707 706 736 737
4 706 705 735 736
4 705 704 734 735
4 704 703 733 734
4 703 702 732 733
4 702 701 731 732
4 701 700 730 731
4 700 699 729 730
4 699 698 728 729
4 698 697 727 728
4 697 696 726 727
4 696 62 63 726
4 75 755 785 76
4 755 754 784 785
4 754 753 783 784
4 753 752 782 783
4 752 751 781 782
4 751 750 780 781
4 750 749 779 780
4 749 748 778 779
4 748 747 777 778
4 747 746 776 777
4 746 745 775 776
4 745 744 774 775
4 744 743 773 774
4 743 742 772 773
4 742 741 771 772
4 741 740 770 771
4 740 739 769 770
4 739 738 768 769
4 738 737 767 768
4 737 736 766 767
4 736 735 765 766
4 735 734 764 765
4 734 733 763 764
4 733 732 762 763
4 732 731 761 762
4 731 730 760 761
4 730 729 759 760
4 729 728 758 759
4 728 727 757 758
4 727 726 756 757
4 726 63 64 756
4 76 785 4374 2637
4 785 784 4375 4374
4 784 783 4376 4375
4 783 782 4377 4376
4 782 781 4378 4377
4 781 780 4379 4378
4 780 779 4380 4379
4 779 778 4381 4380
4 778 777 4382 4381
4 777 776 4383 4382
4 776 775 4384 4383
4 775 774 4385 4384
4 774 773 4386 4385
4 773 772 4387 4386
4 772 771 4388 4387
4 771 770 4389 4388
4 770 769 4390 4389
4 769 768 4391 4390
4 768 767 4392 4391
4 767 766 4393 4392
4 766 765 4394 4393
4 765 764 4395 4394
4 764 763 4396 4395
4 763 762 4397 4396
4 762 761 4398 4397
4 761 760 4399 4398
4 760 759 4400 4399
4 759 758 4401 4400
4 758 757 4402 4401
4 757 756 4403 4402
4 756 64 2601 4403
4 2637 4374 4404 2638
4 4374 4375 4405 4404
4 4375 4376 4406 4405
4 4376 4377 4407 4406
4 4377 4378 4408 4407
4 4378 4379 4409 4408
4 4379 4380 4410 4409
4 4380 4381 4411 4410
4 4381 4382 4412 4411
4 4382 4383 4413 4412
4 4383 4384 4414 4413
4 4384 4385 4415 4414
4 4385 4386 4416 4415
4 4386 4387 4417 4416
4 4387 4388 4418 4417
4 4388 4389 4419 4418
4 4389 4390 4420 4419
4 4390 4391 4421 4420
4 4391 4392 4422 4421
4 4392 4393 4423 4422
4 4393 4394 4424 4423
4 4394 4395 4425 4424
4 4395 4396 4426 4425
4 4396 4397 4427 4426
4 4397 4398 4428 4427
4 4398 4399 4429 4428
4 4399 4400 4430 4429
4 4400 4401 4431 4430
4 4401 4402 4432 4431
4 4402 4403 4433 4432
4 4403 2601 2602 4433
4 2638 4404 4434 2639
4 4404 4405 4435 4434
4 4405 4406 4436 4435
4 4406 4407 4437 4436
4 4407 4408 4438 4437
4 4408 4409 4439 4438
4 4409 4410 4440 4439
4 4410 4411 4441 4440
4 4411 4412 4442 4441
4 4412 4413 4443 4442
4 4413 4414 4444 4443
4 4414 4415 4445 4444
4 4415 4416 4446 4445
4 4416 4417 4447 4446
4 4417 4418 4448 4447
4 4418 4419 4449 4448
4 4419 4420 4450 4449
4 4420 4421 4451 4450
4 4421 4422 4452 4451
4 4422 4423 4453 4452
4 4423 4424 4454 4453
4 4424 4425 4455 4454
4 4425 4426 4456 4455
4 4426 4427 4457 4456
4 4427 4428 4458 4457
4 4428 4429 4459 4458
4 4429 4430 4460 4459
4 4430 4431 4461 4460
4 4431 4432 4462 4461
4 4432 4433 4463 4462
4 4433 2602 2603 4463
4 2639 4434 4464 2640
4 4434 4435 4465 4464
4 4435 4436 4466 4465
4 4436 4437 4467 4466
4 4437 4438 4468 4467
4 4438 4439 4469 4468
4 4439 4440 4470 4469
4 4440 4441 4471 4470
4 4441 4442 4472 4471
4 4442 4443 4473 4472
4 4443 4444 4474 4473
4 4444 4445 4475 4474
4 4445 4446 4476 4475
4 4446 4447 4477 4476
4 4447 4448 4478 4477
4 4448 4449 4479 4478
4 4449 4450 4480 4479
4 4450 4451 4481 4480
4 4451 4452 4482 4481
4 4452 4453 4483 4482
4 4453 4454 4484 4483
4 4454 4455 4485 4484
4 4455 4456 4486 4485
4 4456 4457 4487 4486
4 4457 4458 4488 4487
4 4458 4459 4489 4488
4 4459 4460 4490 4489
4 4460 4461 4491 4490
4 4461 4462 4492 4491
4 4462 4463 4493 4492
4 4463 2603 2604 4493
4 2640 4464 4494 2641
4 4464 4465 4495 4494
4 4465 4466 4496 4495
4 4466 4467 4497 4496
4 4467 4468 4498 4497
4 4468 4469 4499 4498
4 4469 4470 4500 4499
4 4470 4471 4501 4500
4 4471 4472 4502 4501
4 4472 4473 4503 4502
4 4473 4474 4504 4503
4 4474 4475 4505 4504
4 4475 4476 4506 4505
4 4476 4477 4507 4506
4 4477 4478 4508 4507
4 4478 4479 4509 4508
4 4479 4480 4510 4509
4 4480 4481 4511 4510
4 4481 4482 4512 4511
4 4482 4483 4513 4512
4 4483 4484 4514 4513
4 4484 4485 4515 4514
4 4485 4486 4516 4515
4 4486 4487 4517 4516
4 4487 4488 4518 4517
4 4488 4489 4519 4518
4 4489 4490 4520 4519
4 4490 4491 4521 4520
4 4491 4492 4522 4521
4 4492 4493 4523 4522
4 4493 2604 2605 4523
4 2641 4494 4524 2642
4 4494 4495 4525 4524
4 4495 4496 4526 4525
4 4496 4497 4527 4526
4 4497 4498 4528 4527
4 4498 4499 4529 4528
4 4499 4500 4530 4529
4 4500 4501 4531 4530
4 4501 4502 4532 4531
4 4502 4503 4533 4532
4 4503 4504 4534 4533
4 4504 4505 4535 4534
4 4505 4506 4536 4535
4 4506 4507 4537 4536
4 4507 4508 4538 4537
4 4508 4509 4539 4538
4 4509 4510 4540 4539
4 4510 4511 4541 4540
4 4511 4512 4542 4541
4 4512 4513 4543 4542
4 4513 4514 4544 4543
4 4514 4515 4545 4544
4 4515 4516 4546 4545
4 4516 4517 4547 4546
4 4517 4518 4548 4547
4 4518 4519 4549 4548
4 4519 4520 4550 4549
4 4520 4521 4551 4550
4 4521 4522 4552 4551
4 4522 4523 4553 4552
4 4523 2605 2606 4553
4 2642 4524 4554 2643
4 4524 4525 4555 4554
4 4525 4526 4556 4555
4 4526 4527 4557 4556
4 4527 4528 4558 4557
4 4528 4529 4559 4558
4 4529 4530 4560 4559
4 4530 4531 4561 4560
4 4531 4532 4562 4561
4 4532 4533 4563 4562
4 4533 4534 4564 4563
4 4534 4535 4565 4564
4 4535 4536 4566 4565
4 4536 4537 4567 4566
4 4537 4538 4568 4567
4 4538 4539 4569 4568
4 4539 4540 4570 4569
4 4540 4541 4571 4570
4 4541 4542 4572 4571
4 4542 4543 4573 4572
4 4543 4544 4574 4573
4 4544 4545 4575 4574
4 4545 4546 4576 4575
4 4546 4547 4577 4576
4 4547 4548 4578 4577
4 4548 4549 4579 4578
4 4549 4550 4580 4579
4 4550 4551 4581 4580
4 4551 4552 4582 4581
4 4552 4553 4583 4582
4 4553 2606 2607 4583
4 2643 4554 4584 2644
4 4554 4555 4585 4584
4 4555 4556 4586 4585
4 4556 4557 4587 4586
4 4557 4558 4588 4587
4 4558 4559 4589 4588
4 4559 4560 4590 4589
4 4560 4561 4591 4590
4 4561 4562 4592 4591
4 4562 4563 4593 4592
4 4563 4564 4594 4593
4 4564 4565 4595 4594
4 4565 4566 4596 4595
4 4566 4567 4597 4596
4 4567 4568 4598 4597
4 4568 4569 4599 4598
4 4569 4570 4600 4599
4 4570 4571 4601 4600
4 4571 4572 4602 4601
4 4572 4573 4603 4602
4 4573 4574 4604 4603
4 4574 4575 4605 4604
4 4575 4576 4606 4605
4 4576 4577 4607 4606
4 4577 4578 4608 4607
4 4578 4579 4609 4608
4 4579 4580 4610 4609
4 4580 4581 4611 4610
4 4581 4582 4612 4611
4 4582 4583 4613 4612
4 4583 2607 2608 4613
4 2644 4584 4614 2645
4 4584 4585 4615 4614
4 4585 4586 4616 4615
4 4586 4587 4617 4616
4 4587 4588 4618 4617
4 4588 4589 4619 4618
4 4589 4590 4620 4619
4 4590 4591 4621 4620
4 4591 4592 4622 4621
4 4592 4593 4623 4622
4 4593 4594 4624 4623
4 4594 4595 4625 4624
4 4595 4596 4626 4625
4 4596 4597 4627 4626
4 4597 4598 4628 4627
4 4598 4599 4629 4628
4 4599 4600 4630 4629
4 4600 4601 4631 4630
4 4601 4602 4632 4631
4 4602 4603 4633 4632
4 4603 4604 4634 4633
4 4604 4605 4635 4634
4 4605 4606 4636 4635
4 4606 4607 4637 4636
4 4607 4608 4638 4637
4 4608 4609 4639 4638
4 4609 4610 4640 4639
4 4610 4611 4641 4640
4 4611 4612 4642 4641
4 4612 4613 4643 4642
4 4613 2608 2609 4643
4 2645 4614 815 77
4 4614 4615 814 815
4 4615 4616 813 814
4 4616 4617 812 813
4 4617 4618 811 812
4 4618 4619 810 811
4 4619 4620 809 810
4 4620 4621 808 809
4 4621 4622 807 808
4 4622 4623 806 807
4 4623 4624 805 806
4 4624 4625 804 805
4 4625 4626 803 804
4 4626 4627 802 803
4 4627 4628 801 802
4 4628 4629 800 801
4 4629 4630 799 800
4 4630 4631 798 799
4 4631 4632 797 798
4 4632 4633 796 797
4 4633 4634 795 796
4 4634 4635 794 795
4 4635 4636 793 794
4 4636 4637 792 793
4 4637 4638 791 792
4 4638 4639 790 791
4 4639 4640 789 790
4 4640 4641 788 789
4 4641 4642 787 788
4 4642 4643 786 787
4 4643 2609 65 786
4 77 815 845 78
4 815 814 844 845
4 814 813 843 844
4 813 812 842 843
4 812 811 841 842
4 811 810 840 841
4 810 809 839 840
4 809 808 838 839
4 808 807 837 838
4 807 806 836 837
4 806 805 835 836
4 805 804 834 835
4 804 803 833 834
4 803 802 832 833
4 802 801 831 832
4 801 800 830 831
4 800 799 829 830
4 799 798 828 829
4 798 797 827 828
4 797 796 826 827
4 796 795 825 826
4 795 794 824 825
4 794 793 823 824
4 793 792 822 823
4 792 791 821 822
4 791 790 820 821
4 790 789 819 820
4 789 788 818 819
4 788 787 817 818
4 787 786 816 817
4 786 65 66 816
4 78 845 875 79
4 845 844 874 875
4 844 843 873 874
4 843 842 872 873
4 842 841 871 872
4 841 840 870 871
4 840 839 869 870
4 839 838 868 869
4 838 837 867 868
4 837 836 866 867
4 836 835 865 866
4 835 834 864 865
4 834 833 863 864
4 833 832 862 863
4 832 831 861 862
4 831 830 860 861
4 830 829 859 860
4 829 828 858 859
4 828 827 857 858
4 827 826 856 857
4 826 825 855 856
4 825 824 854 855
4 824 823 853 854
4 823 822 852 853
4 822 821 851 852
4 821 820 850 851
4 820 819 849 850
4 819 818 848 849
4 818 817 847 848
4 817 816 846 847
4 816 66 67 846
4 79 875 4644 2646
4 875 874 4645 4644
4 874 873 4646 4645
4 873 872 4647 4646
4 872 871 4648 4647
4 871 870 4649 4648
4 870 869 4650 4649
4 869 868 4651 4650
4 868 867 4652 4651
4 867 866 4653 4652
4 866 865 4654 4653
4 865 864 4655 4654
4 864 863 4656 4655
4 863 862 4657 4656
4 862 861 4658 4657
4 861 860 4659 4658
4 860 859 4660 4659
4 859 858 4661 4660
4 858 857 4662 4661
4 857 856 4663 4662
4 856 855 4664 4663
4 855 854 4665 4664
4 854 853 4666 4665
4 853 852 4667 4666
4 852 851 4668 4667
4 851 850 4669 4668
4 850 849 4670 4669
4 849 848 4671 4670
4 848 847 4672 4671
4 847 846 4673 4672
4 846 67 2610 4673
4 2646 4644 4674 2647
4 4644 4645 4675 4674
4 4645 4646 4676 4675
4 4646 4647 4677 4676
4 4647 4648 4678 4677
4 4648 4649 4679 4678
4 4649 4650 4680 4679
4 4650 4651 4681 4680
4 4651 4652 4682 4681
4 4652 4653 4683 4682
4 4653 4654 4684 4683
4 4654 4655 4685 4684
4 4655 4656 4686 4685
4 4656 4657 4687 4686
4 4657 4658 4688 4687
4 4658 4659 4689 4688
4 4659 4660 4690 4689
4 4660 4661 4691 4690
4 4661 4662 4692 4691
4 4662 4663 4693 4692
4 4663 4664 4694 4693
4 4664 4665 4695 4694
4 4665 4666 4696 4695
4 4666 4667 4697 4696
4 4667 4668 4698 4697
4 4668 4669 4699 4698
4 4669 4670 4700 4699
4 4670 4671 4701 4700
4 4671 4672 4702 4701
4 4672 4673 4703 4702
4 4673 2610 2611 4703
4 2647 4674 4704 2648
4 4674 4675 4705 4704
4 4675 4676 4706 4705
4 4676 4677 4707 4706
4 4677 4678 4708 4707
4 4678 4679 4709 4708
4 4679 4680 4710 4709
4 4680 4681 4711 4710
4 4681 4682 4712 4711
4 4682 4683 4713 4712
4 4683 4684 4714 4713
4 4684 4685 4715 4714
4 4685 4686 4716 4715
4 4686 4687 4717 4716
4 4687 4688 4718 4717
4 4688 4689 4719 4718
4 4689 4690 4720 4719
4 4690 4691 4721 4720
4 4691 4692 4722 4721
4 4692 4693 4723 4722
4 4693 4694 4724 4723
4 4694 4695 4725 4724
4 4695 4696 4726 4725
4 4696 4697 4727 4726
4 4697 4698 4728 4727
4 4698 4699 4729 4728
4 4699 4700 4730 4729
4 4700 4701 4731 4730
4 4701 4702 4732 4731
4 4702 4703 4733 4732
4 4703 2611 2612 4733
4 2648 4704 4734 2649
4 4704 4705 4735 4734
4 4705 4706 4736 4735
4 4706 4707 4737 4736
4 4707 4708 4738 4737
4 4708 4709 4739 4738
4 4709 4710 4740 4739
4 4710 4711 4741 4740
4 4711 4712 4742 4741
4 4712 4713 4743 4742
4 4713 4714 4744 4743
4 4714 4715 4745 4744
4 4715 4716 4746 4745
4 4716 4717 4747 4746
4 4717 4718 4748 4747
4 4718 4719 4749 4748
4 4719 4720 4750 4749
4 4720 4721 4751 4750
4 4721 4722 4752 4751
4 4722 4723 4753 4752
4 4723 4724 4754 4753
4 4724 4725 4755 4754
4 4725 4726 4756 4755
4 4726 4727 4757 4756
4 4727 4728 4758 4757
4 4728 4729 4759 4758
4 4729 4730 4760 4759
4 4730 4731 4761 4760
4 4731 4732 4762 4761
4 4732 4733 4763 4762
4 4733 2612 2613 4763
4 2649 4734 4764 2650
4 4734 4735 4765 4764
4 4735 4736 4766 4765
4 4736 4737 4767 4766
4 4737 4738 4768 4767
4 4738 4739 4769 4768
4 4739 4740 4770 4769
4 4740 4741 4771 4770
4 4741 4742 4772 4771
4 4742 4743 4773 4772
4 4743 4744 4774 4773
4 4744 4745 4775 4774
4 4745 4746 4776 4775
4 4746 4747 4777 4776
4 4747 4748 4778 4777
4 4748 4749 4779 4778
4 4749 4750 4780 4779
4 4750 4751 4781 4780
4 4751 4752 4782 4781
4 4752 4753 4783 4782
4 4753 4754 4784 4783
4 4754 4755 4785 4784
4 4755 4756 4786 4785
4 4756 4757 4787 4786
4 4757 4758 4788 4787
4 4758 4759 4789 4788
4 4759 4760 4790 4789
4 4760 4761 4791 4790
4 4761 4762 4792 4791
4 4762 4763 4793 4792
4 4763 2613 2614 4793
4 2650 4764 4794 2651
4 4764 4765 4795 4794
4 4765 4766 4796 4795
4 4766 4767 4797 4796
4 4767 4768 4798 4797
4 4768 4769 4799 4798
4 4769 4770 4800 4799
4 4770 4771 4801 4800
4 4771 4772 4802 4801
4 4772 4773 4803 4802
4 4773 4774 4804 4803
4 4774 4775 4805 4804
4 4775 4776 4806 4805
4 4776 4777 4807 4806
4 4777 4778 4808 4807
4 4778 4779 4809 4808
4 4779 4780 4810 4809
4 4780 4781 4811 4810
4 4781 4782 4812 4811
4 4782 4783 4813 4812
4 4783 4784 4814 4813
4 4784 4785 4815 4814
4 4785 4786 4816 4815
4 4786 4787 4817 4816
4 4787 4788 4818 4817
4 4788 4789 4819 4818
4 4789 4790 4820 4819
4 4790 4791 4821 4820
4 4791 4792 4822 4821
4 4792 4793 4823 4822
4 4793 2614 2615 4823
4 2651 4794 4824 2652
4 4794 4795 4825 4824
4 4795 4796 4826 4825
4 4796 4797 4827 4826
4 4797 4798 4828 4827
4 4798 4799 4829 4828
4 4799 4800 4830 4829
4 4800 4801 4831 4830
4 4801 4802 4832 4831
4 4802 4803 4833 4832
4 4803 4804 4834 4833
4 4804 4805 4835 4834
4 4805 4806 4836 4835
4 4806 4807 4837 4836
4 4807 4808 4838 4837
4 4808 4809 4839 4838
4 4809 4810 4840 4839
4 4810 4811 4841 4840
4 4811 4812 4842 4841
4 4812 4813 4843 4842
4 4813 4814 4844 4843
4 4814 4815 4845 4844
4 4815 4816 4846 4845
4 4816 4817 4847 4846
4 4817 4818 4848 4847
4 4818 4819 4849 4848
4 4819 4820 4850 4849
4 4820 4821 4851 4850
4 4821 4822 4852 4851
4 4822 4823 4853 4852
4 4823 2615 2616 4853
4 2652 4824 4854 2653
4 4824 4825 4855 4854
4 4825 4826 4856 4855
4 4826 4827 4857 4856
4 4827 4828 4858 4857
4 4828 4829 4859 4858
4 4829 4830 4860 4859
4 4830 4831 4861 4860
4 4831 4832 4862 4861
4 4832 4833 4863 4862
4 4833 4834 4864 4863
4 4834 4835 4865 4864
4 4835 4836 4866 4865
4 4836 4837 4867 4866
4 4837 4838 4868 4867
4 4838 4839 4869 4868
4 4839 4840 4870 4869
4 4840 4841 4871 4870
4 4841 4842 4872 4871
4 4842 4843 4873 4872
4 4843 4844 4874 4873
4 4844 4845 4875 4874
4 4845 4846 4876 4875
4 4846 4847 4877 4876
4 4847 4848 4878 4877
4 4848 4849 4879 4878
4 4849 4850 4880 4879
4 4850 4851 4881 4880
4 4851 4852 4882 4881
4 4852 4853 4883 4882
4 4853 2616 2617 4883
4 2653 4854 4884 2654
4 4854 4855 4885 4884
4 4855 4856 4886 4885
4 4856 4857 4887 4886
4 4857 4858 4888 4887
4 4858 4859 4889 4888
4 4859 4860 4890 4889
4 4860 4861 4891 4890
4 4861 4862 4892 4891
4 4862 4863 4893 4892
4 4863 4864 4894 4893
4 4864 4865 4895 4894
4 4865 4866 4896 4895
4 4866 4867 4897 4896
4 4867 4868 4898 4897
4 4868 4869 4899 4898
4 4869 4870 4900 4899
4 4870 4871 4901 4900
4 4871 4872 4902 4901
4 4872 4873 4903 4902
4 4873 4874 4904 4903
4 4874 4875 4905 4904
4 4875 4876 4906 4905
4 4876 4877 4907 4906
4 4877 4878 4908 4907
4 4878 4879 4909 4908
4 4879 4880 4910 4909
4 4880 4881 4911 4910
4 4881 4882 4912 4911
4 4882 4883 4913 4912
4 4883 2617 2618 4913
4 2654 4884 905 80
4 4884 4885 904 905
4 4885 4886 903 904
4 4886 4887 902 903
4 4887 4888 901 902
4 4888 4889 900 901
4 4889 4890 899 900
4 4890 4891 898 899
4 4891 4892 897 898
4 4892 4893 896 897
4 4893 4894 895 896
4 4894 4895 894 895
4 4895 4896 893 894
4 4896 4897 892 893
4 4897 4898 891 892
4 4898 4899 890 891
4 4899 4900 889 890
4 4900 4901 888 889
4 4901 4902 887 888
4 4902 4903 886 887
4 4903 4904 885 886
4 4904 4905 884 885
4 4905 4906 883 884
4 4906 4907 882 883
4 4907 4908 881 882
4 4908 4909 880 881
4 4909 4910 879 880
4 4910 4911 878 879
4 4911 4912 877 878
4 4912 4913 876 877
4 4913 2618 68 876
4 80 905 935 81
4 905 904 934 935
4 904 903 933 934
4 903 902 932 933
4 902 901 931 932
4 901 900 930 931
4 900 899 929 930
4 899 898 928 929
4 898 897 927 928
4 897 896 926 927
4 896 895 925 926
4 895 894 924 925
4 894 893 923 924
4 893 892 922 923
4 892 891 921 922
4 891 890 920 921
4 890 889 919 920
4 889 888 918 919
4 888 887 917 918
4 887 886 916 917
4 886 885 915 916
4 885 884 914 915
4 884 883 913 914
4 883 882 912 913
4 882 881 911 912
4 881 880 910 911
4 880 879 909 910
4 879 878 908 909
4 878 877 907 908
4 877 876 906 907
4 876 68 69 906
4 81 935 965 82
4 935 934 964 965
4 934 933 963 964
4 933 932 962 963
4 932 931 961 962
4 931 930 960 961
4 930 929 959 960
4 929 928 958 959
4 928 927 957 958
4 927 926 956 957
4 926 925 955 956
4 925 924 954 955
4 924 923 953 954
4 923 922 952 953
4 922 921 951 952
4 921 920 950 951
4 920 919 949 950
4 919 918 948 949
4 918 917 947 948
4 917 916 946 947
4 916 915 945 946
4 915 914 944 945
4 914 913 943 944
4 913 912 942 943
4 912 911 941 942
4 911 910 940 941
4 910 909 939 940
4 909 908 938 939
4 908 907 937 938
4 907 906 936 937
4 906 69 70 936
4 82 965 4914 2655
4 965 964 4915 4914
4 964 963 4916 4915
4 963 962 4917 4916
4 962 961 4918 4917
4 961 960 4919 4918
4 960 959 4920 4919
4 959 958 4921 4920
4 958 957 4922 4921
4 957 956 4923 4922
4 956 955 4924 4923
4 955 954 4925 4924
4 954 953 4926 4925
4 953 952 4927 4926
4 952 951 4928 4927
4 951 950 4929 4928
4 950 949 4930 4929
4 949 948 4931 4930
4 948 947 4932 4931
4 947 946 4933 4932
4 946 945 4934 4933
4 945 944 4935 4934
4 944 943 4936 4935
4 943 942 4937 4936
4 942 941 4938 4937
4 941 940 4939 4938
4 940 939 4940 4939
4 939 938 4941 4940
4 938 937 4942 4941
4 937 936 4943 4942
4 936 70 2619 4943
4 2655 4914 4944 2656
4 4914 4915 4945 4944
4 4915 4916 4946 4945
4 4916 4917 4947 4946
4 4917 4918 4948 4947
4 4918 4919 4949 4948
4 4919 4920 4950 4949
4 4920 4921 4951 4950
4 4921 4922 4952 4951
4 4922 4923 4953 4952
4 4923 4924 4954 4953
4 4924 4925 4955 4954
4 4925 4926 4956 4955
4 4926 4927 4957 4956
4 4927 4928 4958 4957
4 4928 4929 4959 4958
4 4929 4930 4960 4959
4 4930 4931 4961 4960
4 4931 4932 4962 4961
4 4932 4933 4963 4962
4 4933 4934 4964 4963
4 4934 4935 4965 4964
4 4935 4936 4966 4965
4 4936 4937 4967 4966
4 4937 4938 4968 4967
4 4938 4939 4969 4968
4 4939 4940 4970 4969
4 4940 4941 4971 4970
4 4941 4942 4972 4971
4 4942 4943 4973 4972
4 4943 2619 2620 4973
4 2656 4944 4974 2657
4 4944 4945 4975 4974
4 4945 4946 4976 4975
4 4946 4947 4977 4976
4 4947 4948 4978 4977
4 4948 4949 4979 4978
4 4949 4950 4980 4979
4 4950 4951 4981 4980
4 4951 4952 4982 4981
4 4952 4953 4983 4982
4 4953 4954 4984 4983
4 4954 4955 4985 4984
4 4955 4956 4986 4985
4 4956 4957 4987 4986
4 4957 4958 4988 4987
4 4958 4959 4989 4988
4 4959 4960 4990 4989
4 4960 4961 4991 4990
4 4961 4962 4992 4991
4 4962 4963 4993 4992
4 4963 4964 4994 4993
4 4964 4965 4995 4994
4 4965 4966 4996 4995
4 4966 4967 4997 4996
4 4967 4968 4998 4997
4 4968 4969 4999 4998
4 4969 4970 5000 4999
4 4970 4971 5001 5000
4 4971 4972 5002 5001
4 4972 4973 5003 5002
4 4973 2620 2621 5003
4 2657 4974 5004 2658
4 4974 4975 5005 5004
4 4975 4976 5006 5005
4 4976 4977 5007 5006
4 4977 4978 5008 5007
4 4978 4979 5009 5008
4 4979 4980 5010 5009
4 4980 4981 5011 5010
4 4981 4982 5012 5011
4 4982 4983 5013 5012
4 4983 4984 5014 5013
4 4984 4985 5015 5014
4 4985 4986 5016 5015
4 4986 4987 5017 5016
4 4987 4988 5018 5017
4 4988 4989 5019 5018
4 4989 4990 5020 5019
4 4990 4991 5021 5020
4 4991 4992 5022 5021
4 4992 4993 5023 5022
4 4993 4994 5024 5023
4 4994 4995 5025 5024
4 4995 4996 5026 5025
4 4996 4997 5027 5026
4 4997 4998 5028 5027
4 4998 4999 5029 5028
4 4999 5000 5030 5029
4 5000 5001 5031 5030
4 5001 5002 5032 5031
4 5002 5003 5033 5032
4 5003 2621 2622 5033
4 2658 5004 5034 2659
4 5004 5005 5035 5034
4 5005 5006 5036 5035
4 5006 5007 5037 5036
4 5007 5008 5038 5037
4 5008 5009 5039 5038
4 5009 5010 5040 5039
4 5010 5011 5041 5040
4 5011 5012 5042 5041
4 5012 5013 5043 5042
4 5013 5014 5044 5043
4 5014 5015 5045 5044
4 5015 5016 5046 5045
4 5016 5017 5047 5046
4 5017 5018 5048 5047
4 5018 5019 5049 5048
4 5019 5020 5050 5049
4 5020 5021 5051 5050
4 5021 5022 5052 5051
4 5022 5023 5053 5052
4 5023 5024 5054 5053
4 5024 5025 5055 5054
4 5025 5026 5056 5055
4 5026 5027 5057 5056
4 5027 5028 5058 5057
4 5028 5029 5059 5058
4 5029 5030 5060 5059
4 5030 5031 5061 5060
4 5031 5032 5062 5061
4 5032 5033 5063 5062
4 5033 2622 2623 5063
4 2659 5034 5064 2660
4 5034 5035 5065 5064
4 5035 5036 5066 5065
4 5036 5037 5067 5066
4 5037 5038 5068 5067
4 5038 5039 5069 5068
4 5039 5040 5070 5069
4 5040 5041 5071 5070
4 5041 5042 5072 5071
4 5042 5043 5073 5072
4 5043 5044 5074 5073
4 5044 5045 5075 5074
4 5045 5046 5076 5075
4 5046 5047 5077 5076
4 5047 5048 5078 5077
4 5048 5049 5079 5078
4 5049 5050 5080 5079
4 5050 5051 5081 5080
4 5051 5052 5082 5081
4 5052 5053 5083 5082
4 5053 5054 5084 5083
4 5054 5055 5085 5084
4 5055 5056 5086 5085
4 5056 5057 5087 5086
4 5057 5058 5088 5087
4 5058 5059 5089 5088
4 5059 5060 5090 5089
4 5060 5061 5091 5090
4 5061 5062 5092 5091
4 5062 5063 5093 5092
4 5063 2623 2624 5093
4 2660 5064 5094 2661
4 5064 5065 5095 5094
4 5065 5066 5096 5095
4 5066 5067 5097 5096
4 5067 5068 5098 5097
4 5068 5069 5099 5098
4 5069 5070 5100 5099
4 5070 5071 5101 5100
4 5071 5072 5102 5101
4 5072 5073 5103 5102
4 5073 5074 5104 5103
4 5074 5075 5105 5104
4 5075 5076 5106 5105
4 5076 5077 5107 5106
4 5077 5078 5108 5107
4 5078 5079 5109 5108
4 5079 5080 5110 5109
4 5080 5081 5111 5110
4 5081 5082 5112 5111
4 5082 5083 5113 5112
4 5083 5084 5114 5113
4 5084 5085 5115 5114
4 5085 5086 5116 5115
4 5086 5087 5117 5116
4 5087 5088 5118 5117
4 5088 5089 5119 5118
4 5089 5090 5120 5119
4 5090 5091 5121 5120
4 5091 5092 5122 5121
4 5092 5093 5123 5122
4 5093 2624 2625 5123
4 2661 5094 5124 2662
4 5094 5095 5125 5124
4 5095 5096 5126 5125
4 5096 5097 5127 5126
4 5097 5098 5128 5127
4 5098 5099 5129 5128
4 5099 5100 5130 5129
4 5100 5101 5131 5130
4 5101 5102 5132 5131
4 5102 5103 5133 5132
4 5103 5104 5134 5133
4 5104 5105 5135 5134
4 5105 5106 5136 5135
4 5106 5107 5137 5136
4 5107 5108 5138 5137
4 5108 5109 5139 5138
4 5109 5110 5140 5139
4 5110 5111 5141 5140
4 5111 5112 5142 5141
4 5112 5113 5143 5142
4 5113 5114 5144 5143
4 5114 5115 5145 5144
4 5115 5116 5146 5145
4 5116 5117 5147 5146
4 5117 5118 5148 5147
4 5118 5119 5149 5148
4 5119 5120 5150 5149
4 5120 5121 5151 5150
4 5121 5122 5152 5151
4 5122 5123 5153 5152
4 5123 2625 2626 5153
4 2662 5124 5154 2663
4 5124 5125 5155 5154
4 5125 5126 5156 5155
4 5126 5127 5157 5156
4 5127 5128 5158 5157
4 5128 5129 5159 5158
4 5129 5130 5160 5159
4 5130 5131 5161 5160
4 5131 5132 5162 5161
4 5132 5133 5163 5162
4 5133 5134 5164 5163
4 5134 5135 5165 5164
4 5135 5136 5166 5165
4 5136 5137 5167 5166
4 5137 5138 5168 5167
4 5138 5139 5169 5168
4 5139 5140 5170 5169
4 5140 5141 5171 5170
4 5141 5142 5172 5171
4 5142 5143 5173 5172
4 5143 5144 5174 5173
4 5144 5145 5175 5174
4 5145 5146 5176 5175
4 5146 5147 5177 5176
4 5147 5148 5178 5177
4 5148 5149 5179 5178
4 5149 5150 5180 5179
4 5150 5151 5181 5180
4 5151 5152 5182 5181
4 5152 5153 5183 5182
4 5153 2626 2627 5183
4 2663 5154 995 83
4 5154 5155 994 995
4 5155 5156 993 994
4 5156 5157 992 993
4 5157 5158 991 992
4 5158 5159 990 991
4 5159 5160 989 990
4 5160 5161 988 989
4 5161 5162 987 988
4 5162 5163 986 987
4 5163 5164 985 986
4 5164 5165 984 985
4 5165 5166 983 984
4 5166 5167 982 983
4 5167 5168 981 982
4 5168 5169 980 981
4 5169 5170 979 980
4 5170 5171 978 979
4 5171 5172 977 978
4 5172 5173 976 977
4 5173 5174 975 976
4 5174 5175 974 975
4 5175 5176 973 974
4 5176 5177 972 973
4 5177 5178 971 972
4 5178 5179 970 971
4 5179 5180 969 970
4 5180 5181 968 969
4 5181 5182 967 968
4 5182 5183 966 967
4 5183 2627 71 966
4 83 995 665 72
4 995 994 664 665
4 994 993 663 664
4 993 992 662 663
4 992 991 661 662
4 991 990 660 661
4 990 989 659 660
4 989 988 658 659
4 988 987 657 658
4 987 986 656 657
4 986 985 655 656
4 985 984 654 655
4 984 983 653 654
4 983 982 652 653
4 982 981 651 652
4 981 980 650 651
4 980 979 649 650
4 979 978 648 649
4 978 977 647 648
4 977 976 646 647
4 976 975 645 646
4 975 974 644 645
4 974 973 643 644
4 973 972 642 643
4 972 971 641 642
4 971 970 640 641
4 970 969 639 640
4 969 968 638 639
4 968 967 637 638
4 967 966 636 637
4 966 71 60 636
4 84 72 73 85
4 85 73 2628 2664
4 2664 2628 2629 2665
4 2665 2629 2630 2666
4 2666 2630 2631 2667
4 2667 2631 2632 2668
4 2668 2632 2633 2669
4 2669 2633 2634 2670
4 2670 2634 2635 2671
4 2671 2635 2636 2672
4 2672 2636 74 86
4 86 74 75 87
4 87 75 76 88
4 88 76 2637 2673
4 2673 2637 2638 2674
4 2674 2638 2639 2675
4 2675 2639 2640 2676
4 2676 2640 2641 2677
4 2677 2641 2642 2678
4 2678 2642 2643 2679
4 2679 2643 2644 2680
4 2680 2644 2645 2681
4 2681 2645 77 89
4 89 77 78 90
4 90 78 79 91
4 91 79 2646 2682
4 2682 2646 2647 2683
4 2683 2647 2648 2684
4 2684 2648 2649 2685
4 2685 2649 2650 2686
4 2686 2650 2651 2687
4 2687 2651 2652 2688
4 2688 2652 2653 2689
4 2689 2653 2654 2690
4 2690 2654 80 92
4 92 80 81 93
4 93 81 82 94
4 94 82 2655 2691
4 2691 2655 2656 2692
4 2692 2656 2657 2693
4 2693 2657 2658 2694
4 2694 2658 2659 2695
4 2695 2659 2660 2696
4 2696 2660 2661 2697
4 2697 2661 2662 2698
4 2698 2662 2663 2699
4 2699 2663 83 95
4 95 83 72 84
4 96 997 999 97
4 997 996 998 999
4 996 84 85 998
4 97 999 5184 2700
4 999 998 5185 5184
4 998 85 2664 5185
4 2700 5184 5186 2701
4 5184 5185 5187 5186
4 5185 2664 2665 5187
4 2701 5186 5188 2702
4 5186 5187 5189 5188
4 5187 2665 2666 5189
4 2702 5188 5190 2703
4 5188 5189 5191 5190
4 5189 2666 2667 5191
4 2703 5190 5192 2704
4 5190 5191 5193 5192
4 5191 2667 2668 5193
4 2704 5192 5194 2705
4 5192 5193 5195 5194
4 5193 2668 2669 5195
4 2705 5194 5196 2706
4 5194 5195 5197 5196
4 5195 2669 2670 5197
4 2706 5196 5198 2707
4 5196 5197 5199 5198
4 5197 2670 2671 5199
4 2707 5198 5200 2708
4 5198 5199 5201 5200
4 5199 2671 2672 5201
4 2708 5200 1001 98
4 5200 5201 1000 1001
4 5201 2672 86 1000
4 98 1001 1003 99
4 1001 1000 1002 1003
4 1000 86 87 1002
4 99 1003 1005 100
4 1003 1002 1004 1005
4 1002 87 88 1004
4 100 1005 5202 2709
4 1005 1004 5203 5202
4 1004 88 2673 5203
4 2709 5202 5204 2710
4 5202 5203 5205 5204
4 5203 2673 2674 5205
4 2710 5204 5206 2711
4 5204 5205 5207 5206
4 5205 2674 2675 5207
4 2711 5206 5208 2712
4 5206 5207 5209 5208
4 5207 2675 2676 5209
4 2712 5208 5210 2713
4 5208 5209 5211 5210
4 5209 2676 2677 5211
4 2713 5210 5212 2714
4 5210 5211 5213 5212
4 5211 2677 2678 5213
4 2714 5212 5214 2715
4 5212 5213 5215 5214
4 5213 2678 2679 5215
4 2715 5214 5216 2716
4 5214 5215 5217 5216
4 5215 2679 2680 5217
4 2716 5216 5218 2717
4 5216 5217 5219 5218
4 5217 2680 2681 5219
4 2717 5218 1007 101
4 5218 5219 1006 1007
4 5219 2681 89 1006
4 101 1007 1009 102
4 1007 1006 1008 1009
4 1006 89 90 1008
4 102 1009 1011 103
4 1009 1008 1010 1011
4 1008 90 91 1010
4 103 1011 5220 2718
4 1011 1010 5221 5220
4 1010 91 2682 5221
4 2718 5220 5222 2719
4 5220 5221 5223 5222
4 5221 2682 2683 5223
4 2719 5222 5224 2720
4 5222 5223 5225 5224
4 5223 2683 2684 5225
4 2720 5224 5226 2721
4 5224 5225 5227 5226
4 5225 2684 2685 5227
4 2721 5226 5228 2722
4 5226 5227 5229 5228
4 5227 2685 2686 5229
4 2722 5228 5230 2723
4 5228 5229 5231 5230
4 5229 2686 2687 5231
4 2723 5230 5232 2724
4 5230 5231 5233 5232
4 5231 2687 2688 5233
4 2724 5232 5234 2725
4 5232 5233 5235 5234
4 5233 2688 2689 5235
4 2725 5234 5236 2726
4 5234 5235 5237 5236
4 5235 2689 2690 5237
4 2726 5236 1013 104
4 5236 5237 1012 1013
4 5237 2690 92 1012
4 104 1013 1015 105
4 1013 1012 1014 1015
4 1012 92 93 1014
4 105 1015 1017 106
4 1015 1014 1016 1017
4 1014 93 94 1016
4 106 1017 5238 2727
4 1017 1016 5239 5238
4 1016 94 2691 5239
4 2727 5238 5240 2728
4 5238 5239 5241 5240
4 5239 2691 2692 5241
4 2728 5240 5242 2729
4 5240 5241 5243 5242
4 5241 2692 2693 5243
4 2729 5242 5244 2730
4 5242 5243 5245 5244
4 5243 2693 2694 5245
4 2730 5244 5246 2731
4 5244 5245 5247 5246
4 5245 2694 2695 5247
4 2731 5246 5248 2732
4 5246 5247 5249 5248
4 5247 2695 2696 5249
4 2732 5248 5250 2733
4 5248 5249 5251 5250
4 5249 2696 2697 5251
4 2733 5250 5252 2734
4 5250 5251 5253 5252
4 5251 2697 2698 5253
4 2734 5252 5254 2735
4 5252 5253 5255 5254
4 5253 2698 2699 5255
4 2735 5254 1019 107
4 5254 5255 1018 1019
4 5255 2699 95 1018
4 107 1019 997 96
4 1019 1018 996 997
4 1018 95 84 996
4 108 96 97 109
4 109 97 2700 2736
4 2736 2700 2701 2737
4 2737 2701 2702 2738
4 2738 2702 2703 2739
4 2739 2703 2704 2740
4 2740 2704 2705 2741
4 2741 2705 2706 2742
4 2742 2706 2707 2743
4 2743 2707 2708 2744
4 2744 2708 98 110
4 110 98 99 111
4 111 99 100 112
4 112 100 2709 2745
4 2745 2709 2710 2746
4 2746 2710 2711 2747
4 2747 2711 2712 2748
4 2748 2712 2713 2749
4 2749 2713 2714 2750
4 2750 2714 2715 2751
4 2751 2715 2716 2752
4 2752 2716 2717 2753
4 2753 2717 101 113
4 113 101 102 114
4 114 102 103 115
4 115 103 2718 2754
4 2754 2718 2719 2755
4 2755 2719 2720 2756
4 2756 2720 2721 2757
4 2757 2721 2722 2758
4 2758 2722 2723 2759
4 2759 2723 2724 2760
4 2760 2724 2725 2761
4 2761 2725 2726 2762
4 2762 2726 104 116
4 116 104 105 117
4 117 105 106 118
4 118 106 2727 2763
4 2763 2727 2728 2764
4 2764 2728 2729 2765
4 2765 2729 2730 2766
4 2766 2730 2731 2767
4 2767 2731 2732 2768
4 2768 2732 2733 2769
4 2769 2733 2734 2770
4 2770 2734 2735 2771
4 2771 2735 107 119
4 119 107 96 108
4 120 1061 1103 121
4 1061 1060 1102 1103
4 1060 1059 1101 1102
4 1059 1058 1100 1101
4 1058 1057 1099 1100
4 1057 1056 1098 1099
4 1056 1055 1097 1098
4 1055 1054 1096 1097
4 1054 1053 1095 1096
4 1053 1052 1094 1095
4 1052 1051 1093 1094
4 1051 1050 1092 1093
4 1050 1049 1091 1092
4 1049 1048 1090 1091
4 1048 1047 1089 1090
4 1047 1046 1088 1089
4 1046 1045 1087 1088
4 1045 1044 1086 1087
4 1044 1043 1085 1086
4 1043 1042 1084 1085
4 1042 1041 1083 1084
4 1041 1040 1082 1083
4 1040 1039 1081 1082
4 1039 1038 1080 1081
4 1038 1037 1079 1080
4 1037 1036 1078 1079
4 1036 1035 1077 1078
4 1035 1034 1076 1077
4 1034 1033 1075 1076
4 1033 1032 1074 1075
4 1032 1031 1073 1074
4 1031 1030 1072 1073
4 1030 1029 1071 1072
4 1029 1028 1070 1071
4 1028 1027 1069 1070
4 1027 1026 1068 1069
4 1026 1025 1067 1068
4 1025 1024 1066 1067
4 1024 1023 1065 1066
4 1023 1022 1064 1065
4 1022 1021 1063 1064
4 1021 1020 1062 1063
4 1020 108 109 1062
4 121 1103 5256 2772
4 1103 1102 5257 5256
4 1102 1101 5258 5257
4 1101 1100 5259 5258
4 1100 1099 5260 5259
4 1099 1098 5261 5260
4 1098 1097 5262 5261
4 1097 1096 5263 5262
4 1096 1095 5264 5263
4 1095 1094 5265 5264
4 1094 1093 5266 5265
4 1093 1092 5267 5266
4 1092 1091 5268 5267
4 1091 1090 5269 5268
4 1090 1089 5270 5269
4 1089 1088 5271 5270
4 1088 1087 5272 5271
4 1087 1086 5273 5272
4 1086 1085 5274 5273
4 1085 1084 5275 5274
4 1084 1083 5276 5275
4 1083 1082 5277 5276
4 1082 1081 5278 5277
4 1081 1080 5279 5278
4 1080 1079 5280 5279
4 1079 1078 5281 5280
4 1078 1077 5282 5281
4 1077 1076 5283 5282
4 1076 1075 5284 5283
4 1075 1074 5285 5284
4 1074 1073 5286 5285
4 1073 1072 5287 5286
4 1072 1071 5288 5287
4 1071 1070 5289 5288
4 1070 1069 5290 5289
4 1069 1068 5291 5290
4 1068 1067 5292 5291
4 1067 1066 5293 5292
4 1066 1065 5294 5293
4 1065 1064 5295 5294
4 1064 1063 5296 5295
4 1063 1062 5297 5296
4 1062 109 2736 5297
4 2772 5256 5298 2773
4 5256 5257 5299 5298
4 5257 5258 5300 5299
4 5258 5259 5301 5300
4 5259 5260 5302 5301
4 5260 5261 5303 5302
4 5261 5262 5304 5303
4 5262 5263 5305 5304
4 5263 5264 5306 5305
4 5264 5265 5307 5306
4 5265 5266 5308 5307
4 5266 5267 5309 5308
4 5267 5268 5310 5309
4 5268 5269 5311 5310
4 5269 5270 5312 5311
4 5270 5271 5313 5312
4 5271 5272 5314 5313
4 5272 5273 5315 5314
4 5273 5274 5316 5315
4 5274 5275 5317 5316
4 5275 5276 5318 5317
4 5276 5277 5319 5318
4 5277 5278 5320 5319
4 5278 5279 5321 5320
4 5279 5280 5322 5321
4 5280 5281 5323 5322
4 5281 5282 5324 5323
4 5282 5283 5325 5324
4 5283 5284 5326 5325
4 5284 5285 5327 5326
4 5285 5286 5328 5327
4 5286 5287 5329 5328
4 5287 5288 5330 5329
4 5288 5289 5331 5330
4 5289 5290 5332 5331
4 5290 5291 5333 5332
4 5291 5292 5334 5333
4 5292 5293 5335 5334
4 5293 5294 5336 5335
4 5294 5295 5337 5336
4 5295 5296 5338 5337
4 5296 5297 5339 5338
4 5297 2736 2737 5339
4 2773 5298 5340 2774
4 5298 5299 5341 5340
4 5299 5300 5342 5341
4 5300 5301 5343 5342
4 5301 5302 5344 5343
4 5302 5303 5345 5344
4 5303 5304 5346 5345
4 5304 5305 5347 5346
4 5305 5306 5348 5347
4 5306 5307 5349 5348
4 5307 5308 5350 5349
4 5308 5309 5351 5350
4 5309 5310 5352 5351
4 5310 5311 5353 5352
4 5311 5312 5354 5353
4 5312 5313 5355 5354
4 5313 5314 5356 5355
4 5314 5315 5357 5356
4 5315 5316 5358 5357
4 5316 5317 5359 5358
4 5317 5318 5360 5359
4 5318 5319 5361 5360
4 5319 5320 5362 5361
4 5320 5321 5363 5362
4 5321 5322 5364 5363
4 5322 5323 5365 5364
4 5323 5324 5366 5365
4 5324 5325 5367 5366
4 5325 5326 5368 5367
4 5326 5327 5369 5368
4 5327 5328 5370 5369
4 5328 5329 5371 5370
4 5329 5330 5372 5371
4 5330 5331 5373 5372
4 5331 5332 5374 5373
4 5332 5333 5375 5374
4 5333 5334 5376 5375
4 5334 5335 5377 5376
4 5335 5336 5378 5377
4 5336 5337 5379 5378
4 5337 5338 5380 5379
4 5338 5339 5381 5380
4 5339 2737 2738 5381
4 2774 5340 5382 2775
4 5340 5341 5383 5382
4 5341 5342 5384 5383
4 5342 5343 5385 5384
4 5343 5344 5386 5385
4 5344 5345 5387 5386
4 5345 5346 5388 5387
4 5346 5347 5389 5388
4 5347 5348 5390 5389
4 5348 5349 5391 5390
4 5349 5350 5392 5391
4 5350 5351 5393 5392
4 5351 5352 5394 5393
4 5352 5353 5395 5394
4 5353 5354 5396 5395
4 5354 5355 5397 5396
4 5355 5356 5398 5397
4 5356 5357 5399 5398
4 5357 5358 5400 5399
4 5358 5359 5401 5400
4 5359 5360 5402 5401
4 5360 5361 5403 5402
4 5361 5362 5404 5403
4 5362 5363 5405 5404
4 5363 5364 5406 5405
4 5364 5365 5407 5406
4 5365 5366 5408 5407
4 5366 5367 5409 5408
4 5367 5368 5410 5409
4 5368 5369 5411 5410
4 5369 5370 5412 5411
4 5370 5371 5413 5412
4 5371 5372 5414 5413
4 5372 5373 5415 5414
4 5373 5374 5416 5415
4 5374 5375 5417 5416
4 5375 5376 5418 5417
4 5376 5377 5419 5418
4 5377 5378 5420 5419
4 5378 5379 5421 5420
4 5379 5380 5422 5421
4 5380 5381 5423 5422
4 5381 2738 2739 5423
4 2775 5382 5424 2776
4 5382 5383 5425 5424
4 5383 5384 5426 5425
4 5384 5385 5427 5426
4 5385 5386 5428 5427
4 5386 5387 5429 5428
4 5387 5388 5430 5429
4 5388 5389 5431 5430
4 5389 5390 5432 5431
4 5390 5391 5433 5432
4 5391 5392 5434 5433
4 5392 5393 5435 5434
4 5393 5394 5436 5435
4 5394 5395 5437 5436
4 5395 5396 5438 5437
4 5396 5397 5439 5438
4 5397 5398 5440 5439
4 5398 5399 5441 5440
4 5399 5400 5442 5441
4 5400 5401 5443 5442
4 5401 5402 5444 5443
4 5402 5403 5445 5444
4 5403 5404 5446 5445
4 5404 5405 5447 5446
4 5405 5406 5448 5447
4 5406 5407 5449 5448
4 5407 5408 5450 5449
4 5408 5409 5451 5450
4 5409 5410 5452 5451
4 5410 5411 5453 5452
4 5411 5412 5454 5453
4 5412 5413 5455 5454
4 5413 5414 5456 5455
4 5414 5415 5457 5456
4 5415 5416 5458 5457
4 5416 5417 5459 5458
4 5417 5418 5460 5459
4 5418 5419 5461 5460
4 5419 5420 5462 5461
4 5420 5421 5463 5462
4 5421 5422 5464 5463
4 5422 5423 5465 5464
4 5423 2739 2740 5465
4 2776 5424 5466 2777
4 5424 5425 5467 5466
4 5425 5426 5468 5467
4 5426 5427 5469 5468
4 5427 5428 5470 5469
4 5428 5429 5471 5470
4 5429 5430 5472 5471
4 5430 5431 5473 5472
4 5431 5432 5474 5473
4 5432 5433 5475 5474
4 5433 5434 5476 5475
4 5434 5435 5477 5476
4 5435 5436 5478 5477
4 5436 5437 5479 5478
4 5437 5438 5480 5479
4 5438 5439 5481 5480
4 5439 5440 5482 5481
4 5440 5441 5483 5482
4 5441 5442 5484 5483
4 5442 5443 5485 5484
4 5443 5444 5486 5485
4 5444 5445 5487 5486
4 5445 5446 5488 5487
4 5446 5447 5489 5488
4 5447 5448 5490 5489
4 5448 5449 5491 5490
4 5449 5450 5492 5491
4 5450 5451 5493 5492
4 5451 5452 5494 5493
4 5452 5453 5495 5494
4 5453 5454 5496 5495
4 5454 5455 5497 5496
4 5455 5456 5498 5497
4 5456 5457 5499 5498
4 5457 5458 5500 5499
4 5458 5459 5501 5500
4 5459 5460 5502 5501
4 5460 5461 5503 5502
4 5461 5462 5504 5503
4 5462 5463 5505 5504
4 5463 5464 5506 5505
4 5464 5465 5507 5506
4 5465 2740 2741 5507
4 2777 5466 5508 2778
4 5466 5467 5509 5508
4 5467 5468 5510 5509
4 5468 5469 5511 5510
4 5469 5470 5512 5511
4 5470 5471 5513 5512
4 5471 5472 5514 5513
4 5472 5473 5515 5514
4 5473 5474 5516 5515
4 5474 5475 5517 5516
4 5475 5476 5518 5517
4 5476 5477 5519 5518
4 5477 5478 5520 5519
4 5478 5479 5521 5520
4 5479 5480 5522 5521
4 5480 5481 5523 5522
4 5481 5482 5524 5523
4 5482 5483 5525 5524
4 5483 5484 5526 5525
4 5484 5485 5527 5526
4 5485 5486 5528 5527
4 5486 5487 5529 5528
4 5487 5488 5530 5529
4 5488 5489 5531 5530
4 5489 5490 5532 5531
4 5490 5491 5533 5532
4 5491 5492 5534 5533
4 5492 5493 5535 5534
4 5493 5494 5536 5535
4 5494 5495 5537 5536
4 5495 5496 5538 5537
4 5496 5497 5539 5538
4 5497 5498 5540 5539
4 5498 5499 5541 5540
4 5499 5500 5542 5541
4 5500 5501 5543 5542
4 5501 5502 5544 5543
4 5502 5503 5545 5544
4 5503 5504 5546 5545
4 5504 5505 5547 5546
4 5505 5506 5548 5547
4 5506 5507 5549 5548
4 5507 2741 2742 5549
4 2778 5508 5550 2779
4 5508 5509 5551 5550
4 5509 5510 5552 5551
4 5510 5511 5553 5552
4 5511 5512 5554 5553
4 5512 5513 5555 5554
4 5513 5514 5556 5555
4 5514 5515 5557 5556
4 5515 5516 5558 5557
4 5516 5517 5559 5558
4 5517 5518 5560 5559
4 5518 5519 5561 5560
4 5519 5520 5562 5561
4 5520 5521 5563 5562
4 5521 5522 5564 5563
4 5522 5523 5565 5564
4 5523 5524 5566 5565
4 5524 5525 5567 5566
4 5525 5526 5568 5567
4 5526 5527 5569 5568
4 5527 5528 5570 5569
4 5528 5529 5571 5570
4 5529 5530 5572 5571
4 5530 5531 5573 5572
4 5531 5532 5574 5573
4 5532 5533 5575 5574
4 5533 5534 5576 5575
4 5534 5535 5577 5576
4 5535 5536 5578 5577
4 5536 5537 5579 5578
4 5537 5538 5580 5579
4 5538 5539 5581 5580
4 5539 5540 5582 5581
4 5540 5541 5583 5582
4 5541 5542 5584 5583
4 5542 5543 5585 5584
4 5543 5544 5586 5585
4 5544 5545 5587 5586
4 5545 5546 5588 5587
4 5546 5547 5589 5588
4 5547 5548 5590 5589
4 5548 5549 5591 5590
4 5549 2742 2743 5591
4 2779 5550 5592 2780
4 5550 5551 5593 5592
4 5551 5552 5594 5593
4 5552 5553 5595 5594
4 5553 5554 5596 5595
4 5554 5555 5597 5596
4 5555 5556 5598 5597
4 5556 5557 5599 5598
4 5557 5558 5600 5599
4 5558 5559 5601 5600
4 5559 5560 5602 5601
4 5560 5561 5603 5602
4 5561 5562 5604 5603
4 5562 5563 5605 5604
4 5563 5564 5606 5605
4 5564 5565 5607 5606
4 5565 5566 5608 5607
4 5566 5567 5609 5608
4 5567 5568 5610 5609
4 5568 5569 5611 5610
4 5569 5570 5612 5611
4 5570 5571 5613 5612
4 5571 5572 5614 5613
4 5572 5573 5615 5614
4 5573 5574 5616 5615
4 5574 5575 5617 5616
4 5575 5576 5618 5617
4 5576 5577 5619 5618
4 5577 5578 5620 5619
4 5578 5579 5621 5620
4 5579 5580 5622 5621
4 5580 5581 5623 5622
4 5581 5582 5624 5623
4 5582 5583 5625 5624
4 5583 5584 5626 5625
4 5584 5585 5627 5626
4 5585 5586 5628 5627
4 5586 5587 5629 5628
4 5587 5588 5630 5629
4 5588 5589 5631 5630
4 5589 5590 5632 5631
4 5590 5591 5633 5632
4 5591 2743 2744 5633
4 2780 5592 1145 122
4 5592 5593 1144 1145
4 5593 5594 1143 1144
4 5594 5595 1142 1143
4 5595 5596 1141 1142
4 5596 5597 1140 1141
4 5597 5598 1139 1140
4 5598 5599 1138 1139
4 5599 5600 1137 1138
4 5600 5601 1136 1137
4 5601 5602 1135 1136
4 5602 5603 1134 1135
4 5603 5604 1133 1134
4 5604 5605 1132 1133
4 5605 5606 1131 1132
4 5606 5607 1130 1131
4 5607 5608 1129 1130
4 5608 5609 1128 1129
4 5609 5610 1127 1128
4 5610 5611 1126 1127
4 5611 5612 1125 1126
4 5612 5613 1124 1125
4 5613 5614 1123 1124
4 5614 5615 1122 1123
4 5615 5616 1121 1122
4 5616 5617 1120 1121
4 5617 5618 1119 1120
4 5618 5619 1118 1119
4 5619 5620 1117 1118
4 5620 5621 1116 1117
4 5621 5622 1115 1116
4 5622 5623 1114 1115
4 5623 5624 1113 1114
4 5624 5625 1112 1113
4 5625 5626 1111 1112
4 5626 5627 1110 1111
4 5627 5628 1109 1110
4 5628 5629 1108 1109
4 5629 5630 1107 1108
4 5630 5631 1106 1107
4 5631 5632 1105 1106
4 5632 5633 1104 1105
4 5633 2744 110 1104
4 122 1145 1187 123
4 1145 1144 1186 1187
4 1144 1143 1185 1186
4 1143 1142 1184 1185
4 1142 1141 1183 1184
4 1141 1140 1182 1183
4 1140 1139 1181 1182
4 1139 1138 1180 1181
4 1138 1137 1179 1180
4 1137 1136 1178 1179
4 1136 1135 1177 1178
4 1135 1134 1176 1177
4 1134 1133 1175 1176
4 1133 1132 1174 1175
4 1132 1131 1173 1174
4 1131 1130 1172 1173
4 1130 1129 1171 1172
4 1129 1128 1170 1171
4 1128 1127 1169 1170
4 1127 1126 1168 1169
4 1126 1125 1167 1168
4 1125 1124 1166 1167
4 1124 1123 1165 1166
4 1123 1122 1164 1165
4 1122 1121 1163 1164
4 1121 1120 1162 1163
4 1120 1119 1161 1162
4 1119 1118 1160 1161
4 1118 1117 1159 1160
4 1117 1116 1158 1159
4 1116 1115 1157 1158
4 1115 1114 1156 1157
4 1114 1113 1155 1156
4 1113 1112 1154 1155
4 1112 1111 1153 1154
4 1111 1110 1152 1153
4 1110 1109 1151 1152
4 1109 1108 1150 1151
4 1108 1107 1149 1150
4 1107 1106 1148 1149
4 1106 1105 1147 1148
4 1105 1104 1146 1147
4 1104 110 111 1146
4 123 1187 1229 124
4 1187 1186 1228 1229
4 1186 1185 1227 1228
4 1185 1184 1226 1227
4 1184 1183 1225 1226
4 1183 1182 1224 1225
4 1182 1181 1223 1224
4 1181 1180 1222 1223
4 1180 1179 1221 1222
4 1179 1178 1220 1221
4 1178 1177 1219 1220
4 1177 1176 1218 1219
4 1176 1175 1217 1218
4 1175 1174 1216 1217
4 1174 1173 1215 1216
4 1173 1172 1214 1215
4 1172 1171 1213 1214
4 1171 1170 1212 1213
4 1170 1169 1211 1212
4 1169 1168 1210 1211
4 1168 1167 1209 1210
4 1167 1166 1208 1209
4 1166 1165 1207 1208
4 1165 1164 1206 1207
4 1164 1163 1205 1206
4 1163 1162 1204 1205
4 1162 1161 1203 1204
4 1161 1160 1202 1203
4 1160 1159 1201 1202
4 1159 1158 1200 1201
4 1158 1157 1199 1200
4 1157 1156 1198 1199
4 1156 1155 1197 1198
4 1155 1154 1196 1197
4 1154 1153 1195 1196
4 1153 1152 1194 1195
4 1152 1151 1193 1194
4 1151 1150 1192 1193
4 1150 1149 1191 1192
4 1149 1148 1190 1191
4 1148 1147 1189 1190
4 1147 1146 1188 1189
4 1146 111 112 1188
4 124 1229 5634 2781
4 1229 1228 5635 5634
4 1228 1227 5636 5635
4 1227 1226 5637 5636
4 1226 1225 5638 5637
4 1225 1224 5639 5638
4 1224 1223 5640 5639
4 1223 1222 5641 5640
4 1222 1221 5642 5641
4 1221 1220 5643 5642
4 1220 1219 5644 5643
4 1219 1218 5645 5644
4 1218 1217 5646 5645
4 1217 1216 5647 5646
4 1216 1215 5648 5647
4 1215 1214 5649 5648
4 1214 1213 5650 5649
4 1213 1212 5651 5650
4 1212 1211 5652 5651
4 1211 1210 5653 5652
4 1210 1209 5654 5653
4 1209 1208 5655 5654
4 1208 1207 5656 5655
4 1207 1206 5657 5656
4 1206 1205 5658 5657
4 1205 1204 5659 5658
4 1204 1203 5660 5659
4 1203 1202 5661 5660
4 1202 1201 5662 5661
4 1201 1200 5663 5662
4 1200 1199 5664 5663
4 1199 1198 5665 5664
4 1198 1197 5666 5665
4 1197 1196 5667 5666
4 1196 1195 5668 5667
4 1195 1194 5669 5668
4 1194 1193 5670 5669
4 1193 1192 5671 5670
4 1192 1191 5672 5671
4 1191 1190 5673 5672
4 1190 1189 5674 5673
4 1189 1188 5675 5674
4 1188 112 2745 5675
4 2781 5634 5676 2782
4 5634 5635 5677 5676
4 5635 5636 5678 5677
4 5636 5637 5679 5678
4 5637 5638 5680 5679
4 5638 5639 5681 5680
4 5639 5640 5682 5681
4 5640 5641 5683 5682
4 5641 5642 5684 5683
4 5642 5643 5685 5684
4 5643 5644 5686 5685
4 5644 5645 5687 5686
4 5645 5646 5688 5687
4 5646 5647 5689 5688
4 5647 5648 5690 5689
4 5648 5649 5691 5690
4 5649 5650 5692 5691
4 5650 5651 5693 5692
4 5651 5652 5694 5693
4 5652 5653 5695 5694
4 5653 5654 5696 5695
4 5654 5655 5697 5696
4 5655 5656 5698 5697
4 5656 5657 5699 5698
4 5657 5658 5700 5699
4 5658 5659 5701 5700
4 5659 5660 5702 5701
4 5660 5661 5703 5702
4 5661 5662 5704 5703
4 5662 5663 5705 5704
4 5663 5664 5706 5705
4 5664 5665 5707 5706
4 5665 5666 5708 5707
4 5666 5667 5709 5708
4 5667 5668 5710 5709
4 5668 5669 5711 5710
4 5669 5670 5712 5711
4 5670 5671 5713 5712
4 5671 5672 5714 5713
4 5672 5673 5715 5714
4 5673 5674 5716 5715
4 5674 5675 5717 5716
4 5675 2745 2746 5717
4 2782 5676 5718 2783
4 5676 5677 5719 5718
4 5677 5678 5720 5719
4 5678 5679 5721 5720
4 5679 5680 5722 5721
4 5680 5681 5723 5722
4 5681 5682 5724 5723
4 5682 5683 5725 5724
4 5683 5684 5726 5725
4 5684 5685 5727 5726
4 5685 5686 5728 5727
4 5686 5687 5729 5728
4 5687 5688 5730 5729
4 5688 5689 5731 5730
4 5689 5690 5732 5731
4 5690 5691 5733 5732
4 5691 5692 5734 5733
4 5692 5693 5735 5734
4 5693 5694 5736 5735
4 5694 5695 5737 5736
4 5695 5696 5738 5737
4 5696 5697 5739 5738
4 5697 5698 5740 5739
4 5698 5699 5741 5740
4 5699 5700 5742 5741
4 5700 5701 5743 5742
4 5701 5702 5744 5743
4 5702 5703 5745 5744
4 5703 5704 5746 5745
4 5704 5705 5747 5746
4 5705 5706 5748 5747
4 5706 5707 5749 5748
4 5707 5708 5750 5749
4 5708 5709 5751 5750
4 5709 5710 5752 5751
4 5710 5711 5753 5752
4 5711 5712 5754 5753
4 5712 5713 5755 5754
4 5713 5714 5756 5755
4 5714 5715 5757 5756
4 5715 5716 5758 5757
4 5716 5717 5759 5758
4 5717 2746 2747 5759
4 2783 5718 5760 2784
4 5718 5719 5761 5760
4 5719 5720 5762 5761
4 5720 5721 5763 5762
4 5721 5722 5764 5763
4 5722 5723 5765 5764
4 5723 5724 5766 5765
4 5724 5725 5767 5766
4 5725 5726 5768 5767
4 5726 5727 5769 5768
4 5727 5728 5770 5769
4 5728 5729 5771 5770
4 5729 5730 5772 5771
4 5730 5731 5773 5772
4 5731 5732 5774 5773
4 5732 5733 5775 5774
4 5733 5734 5776 5775
4 5734 5735 5777 5776
4 5735 5736 5778 5777
4 5736 5737 5779 5778
4 5737 5738 5780 5779
4 5738 5739 5781 5780
4 5739 5740 5782 5781
4 5740 5741 5783 5782
4 5741 5742 5784 5783
4 5742 5743 5785 5784
4 5743 5744 5786 5785
4 5744 5745 5787 5786
4 5745 5746 5788 5787
4 5746 5747 5789 5788
4 5747 5748 5790 5789
4 5748 5749 5791 5790
4 5749 5750 5792 5791
4 5750 5751 5793 5792
4 5751 5752 5794 5793
4 5752 5753 5795 5794
4 5753 5754 5796 5795
4 5754 5755 5797 5796
4 5755 5756 5798 5797
4 5756 5757 5799 5798
4 5757 5758 5800 5799
4 5758 5759 5801 5800
4 5759 2747 2748 5801
4 2784 5760 5802 2785
4 5760 5761 5803 5802
4 5761 5762 5804 5803
4 5762 5763 5805 5804
4 5763 5764 5806 5805
4 5764 5765 5807 5806
4 5765 5766 5808 5807
4 5766 5767 5809 5808
4 5767 5768 5810 5809
4 5768 5769 5811 5810
4 5769 5770 5812 5811
4 5770 5771 5813 5812
4 5771 5772 5814 5813
4 5772 5773 5815 5814
4 5773 5774 5816 5815
4 5774 5775 5817 5816
4 5775 5776 5818 5817
4 5776 5777 5819 5818
4 5777 5778 5820 5819
4 5778 5779 5821 5820
4 5779 5780 5822 5821
4 5780 5781 5823 5822
4 5781 5782 5824 5823
4 5782 5783 5825 5824
4 5783 5784 5826 5825
4 5784 5785 5827 5826
4 5785 5786 5828 5827
4 5786 5787 5829 5828
4 5787 5788 5830 5829
4 5788 5789 5831 5830
4 5789 5790 5832 5831
4 5790 5791 5833 5832
4 5791 5792 5834 5833
4 5792 5793 5835 5834
4 5793 5794 5836 5835
4 5794 5795 5837 5836
4 5795 5796 5838 5837
4 5796 5797 5839 5838
4 5797 5798 5840 5839
4 5798 5799 5841 5840
4 5799 5800 5842 5841
4 5800 5801 5843 5842
4 5801 2748 2749 5843
4 2785 5802 5844 2786
4 5802 5803 5845 5844
4 5803 5804 5846 5845
4 5804 5805 5847 5846
4 5805 5806 5848 5847
4 5806 5807 5849 5848
4 5807 5808 5850 5849
4 5808 5809 5851 5850
4 5809 5810 5852 5851
4 5810 5811 5853 5852
4 5811 5812 5854 5853
4 5812 5813 5855 5854
4 5813 5814 5856 5855
4 5814 5815 5857 5856
4 5815 5816 5858 5857
4 5816 5817 5859 5858
4 5817 5818 5860 5859
4 5818 5819 5861 5860
4 5819 5820 5862 5861
4 5820 5821 5863 5862
4 5821 5822 5864 5863
4 5822 5823 5865 5864
4 5823 5824 5866 5865
4 5824 5825 5867 5866
4 5825 5826 5868 5867
4 5826 5827 5869 5868
4 5827 5828 5870 5869
4 5828 5829 5871 5870
4 5829 5830 5872 5871
4 5830 5831 5873 5872
4 5831 5832 5874 5873
4 5832 5833 5875 5874
4 5833 5834 5876 5875
4 5834 5835 5877 5876
4 5835 5836 5878 5877
4 5836 5837 5879 5878
4 5837 5838 5880 5879
4 5838 5839 5881 5880
4 5839 5840 5882 5881
4 5840 5841 5883 5882
4 5841 5842 5884 5883
4 5842 5843 5885 5884
4 5843 2749 2750 5885
4 2786 5844 5886 2787
4 5844 5845 5887 5886
4 5845 5846 5888 5887
4 5846 5847 5889 5888
4 5847 5848 5890 5889
4 5848 5849 5891 5890
4 5849 5850 5892 5891
4 5850 5851 5893 5892
4 5851 5852 5894 5893
4 5852 5853 5895 5894
4 5853 5854 5896 5895
4 5854 5855 5897 5896
4 5855 5856 5898 5897
4 5856 5857 5899 5898
4 5857 5858 5900 5899
4 5858 5859 5901 5900
4 5859 5860 5902 5901
4 5860 5861 5903 5902
4 5861 5862 5904 5903
4 5862 5863 5905 5904
4 5863 5864 5906 5905
4 5864 5865 5907 5906
4 5865 5866 5908 5907
4 5866 5867 5909 5908
4 5867 5868 5910 5909
4 5868 5869 5911 5910
4 5869 5870 5912 5911
4 5870 5871 5913 5912
4 5871 5872 5914 5913
4 5872 5873 5915 5914
4 5873 5874 5916 5915
4 5874 5875 5917 5916
4 5875 5876 5918 5917
4 5876 5877 5919 5918
4 5877 5878 5920 5919
4 5878 5879 5921 5920
4 5879 5880 5922 5921
4 5880 5881 5923 5922
4 5881 5882 5924 5923
4 5882 5883 5925 5924
4 5883 5884 5926 5925
4 5884 5885 5927 5926
4 5885 2750 2751 5927
4 2787 5886 5928 2788
4 5886 5887 5929 5928
4 5887 5888 5930 5929
4 5888 5889 5931 5930
4 5889 5890 5932 5931
4 5890 5891 5933 5932
4 5891 5892 5934 5933
4 5892 5893 5935 5934
4 5893 5894 5936 5935
4 5894 5895 5937 5936
4 5895 5896 5938 5937
4 5896 5897 5939 5938
4 5897 5898 5940 5939
4 5898 5899 5941 5940
4 5899 5900 5942 5941
4 5900 5901 5943 5942
4 5901 5902 5944 5943
4 5902 5903 5945 5944
4 5903 5904 5946 5945
4 5904 5905 5947 5946
4 5905 5906 5948 5947
4 5906 5907 5949 5948
4 5907 5908 5950 5949
4 5908 5909 5951 5950
4 5909 5910 5952 5951
4 5910 5911 5953 5952
4 5911 5912 5954 5953
4 5912 5913 5955 5954
4 5913 5914 5956 5955
4 5914 5915 5957 5956
4 5915 5916 5958 5957
4 5916 5917 5959 5958
4 5917 5918 5960 5959
4 5918 5919 5961 5960
4 5919 5920 5962 5961
4 5920 5921 5963 5962
4 5921 5922 5964 5963
4 5922 5923 5965 5964
4 5923 5924 5966 5965
4 5924 5925 5967 5966
4 5925 5926 5968 5967
4 5926 5927 5969 5968
4 5927 2751 2752 5969
4 2788 5928 5970 2789
4 5928 5929 5971 5970
4 5929 5930 5972 5971
4 5930 5931 5973 5972
4 5931 5932 5974 5973
4 5932 5933 5975 5974
4 5933 5934 5976 5975
4 5934 5935 5977 5976
4 5935 5936 5978 5977
4 5936 5937 5979 5978
4 5937 5938 5980 5979
4 5938 5939 5981 5980
4 5939 5940 5982 5981
4 5940 5941 5983 5982
4 5941 5942 5984 5983
4 5942 5943 5985 5984
4 5943 5944 5986 5985
4 5944 5945 5987 5986
4 5945 5946 5988 5987
4 5946 5947 5989 5988
4 5947 5948 5990 5989
4 5948 5949 5991 5990
4 5949 5950 5992 5991
4 5950 5951 5993 5992
4 5951 5952 5994 5993
4 5952 5953 5995 5994
4 5953 5954 5996 5995
4 5954 5955 5997 5996
4 5955 5956 5998 5997
4 5956 5957 5999 5998
4 5957 5958 6000 5999
4 5958 5959 6001 6000
4 5959 5960 6002 6001
4 5960 5961 6003 6002
4 5961 5962 6004 6003
4 5962 5963 6005 6004
4 5963 5964 6006 6005
4 5964 5965 6007 6006
4 5965 5966 6008 6007
4 5966 5967 6009 6008
4 5967 5968 6010 6009
4 5968 5969 6011 6010
4 5969 2752 2753 6011
4 2789 5970 1271 125
4 5970 5971 1270 1271
4 5971 5972 1269 1270
4 5972 5973 1268 1269
4 5973 5974 1267 1268
4 5974 5975 1266 1267
4 5975 5976 1265 1266
4 5976 5977 1264 1265
4 5977 5978 1263 1264
4 5978 5979 1262 1263
4 5979 5980 1261 1262
4 5980 5981 1260 1261
4 5981 5982 1259 1260
4 5982 5983 1258 1259
4 5983 5984 1257 1258
4 5984 5985 1256 1257
4 5985 5986 1255 1256
4 5986 5987 1254 1255
4 5987 5988 1253 1254
4 5988 5989 1252 1253
4 5989 5990 1251 1252
4 5990 5991 1250 1251
4 5991 5992 1249 1250
4 5992 5993 1248 1249
4 5993 5994 1247 1248
4 5994 5995 1246 1247
4 5995 5996 1245 1246
4 5996 5997 1244 1245
4 5997 5998 1243 1244
4 5998 5999 1242 1243
4 5999 6000 1241 1242
4 6000 6001 1240 1241
4 6001 6002 1239 1240
4 6002 6003 1238 1239
4 6003 6004 1237 1238
4 6004 6005 1236 1237
4 6005 6006 1235 1236
4 6006 6007 1234 1235
4 6007 6008 1233 1234
4 6008 6009 1232 1233
4 6009 6010 1231 1232
4 6010 6011 1230 1231
4 6011 2753 113 1230
4 125 1271 1313 126
4 1271 1270 1312 1313
4 1270 1269 1311 1312
4 1269 1268 1310 1311
4 1268 1267 1309 1310
4 1267 1266 1308 1309
4 1266 1265 1307 1308
4 1265 1264 1306 1307
4 1264 1263 1305 1306
4 1263 1262 1304 1305
4 1262 1261 1303 1304
4 1261 1260 1302 1303
4 1260 1259 1301 1302
4 1259 1258 1300 1301
4 1258 1257 1299 1300
4 1257 1256 1298 1299
4 1256 1255 1297 1298
4 1255 1254 1296 1297
4 1254 1253 1295 1296
4 1253 1252 1294 1295
4 1252 1251 1293 1294
4 1251 1250 1292 1293
4 1250 1249 1291 1292
4 1249 1248 1290 1291
4 1248 1247 1289 1290
4 1247 1246 1288 1289
4 1246 1245 1287 1288
4 1245 1244 1286 1287
4 1244 1243 1285 1286
4 1243 1242 1284 1285
4 1242 1241 1283 1284
4 1241 1240 1282 1283
4 1240 1239 1281 1282
4 1239 1238 1280 1281
4 1238 1237 1279 1280
4 1237 1236 1278 1279
4 1236 1235 1277 1278
4 1235 1234 1276 1277
4 1234 1233 1275 1276
4 1233 1232 1274 1275
4 1232 1231 1273 1274
4 1231 1230 1272 1273
4 1230 113 114 1272
4 126 1313 1355 127
4 1313 1312 1354 1355
4 1312 1311 1353 1354
4 1311 1310 1352 1353
4 1310 1309 1351 1352
4 1309 1308 1350 1351
4 1308 1307 1349 1350
4 1307 1306 1348 1349
4 1306 1305 1347 1348
4 1305 1304 1346 1347
4 1304 1303 1345 1346
4 1303 1302 1344 1345
4 1302 1301 1343 1344
4 1301 1300 1342 1343
4 1300 1299 1341 1342
4 1299 1298 1340 1341
4 1298 1297 1339 1340
4 1297 1296 1338 1339
4 1296 1295 1337 1338
4 1295 1294 1336 1337
4 1294 1293 1335 1336
4 1293 1292 1334 1335
4 1292 1291 1333 1334
4 1291 1290 1332 1333
4 1290 1289 1331 1332
4 1289 1288 1330 1331
4 1288 1287 1329 1330
4 1287 1286 1328 1329
4 1286 1285 1327 1328
4 1285 1284 1326 1327
4 1284 1283 1325 1326
4 1283 1282 1324 1325
4 1282 1281 1323 1324
4 1281 1280 1322 1323
4 1280 1279 1321 1322
4 1279 1278 1320 1321
4 1278 1277 1319 1320
4 1277 1276 1318 1319
4 1276 1275 1317 1318
4 1275 1274 1316 1317
4 1274 1273 1315 1316
4 1273 1272 1314 1315
4 1272 114 115 1314
4 127 1355 6012 2790
4 1355 1354 6013 6012
4 1354 1353 6014 6013
4 1353 1352 6015 6014
4 1352 1351 6016 6015
4 1351 1350 6017 6016
4 1350 1349 6018 6017
4 1349 1348 6019 6018
4 1348 1347 6020 6019
4 1347 1346 6021 6020
4 1346 1345 6022 6021
4 1345 1344 6023 6022
4 1344 1343 6024 6023
4 1343 1342 6025 6024
4 1342 1341 6026 6025
4 1341 1340 6027 6026
4 1340 1339 6028 6027
4 1339 1338 6029 6028
4 1338 1337 6030 6029
4 1337 1336 6031 6030
4 1336 1335 6032 6031
4 1335 1334 6033 6032
4 1334 1333 6034 6033
4 1333 1332 6035 6034
4 1332 1331 6036 6035
4 1331 1330 6037 6036
4 1330 1329 6038 6037
4 1329 1328 6039 6038
4 1328 1327 6040 6039
4 1327 1326 6041 6040
4 1326 1325 6042 6041
4 1325 1324 6043 6042
4 1324 1323 6044 6043
4 1323 1322 6045 6044
4 1322 1321 6046 6045
4 1321 1320 6047 6046
4 1320 1319 6048 6047
4 1319 1318 6049 6048
4 1318 1317 6050 6049
4 1317 1316 6051 6050
4 1316 1315 6052 6051
4 1315 1314 6053 6052
4 1314 115 2754 6053
4 2790 6012 6054 2791
4 6012 6013 6055 6054
4 6013 6014 6056 6055
4 6014 6015 6057 6056
4 6015 6016 6058 6057
4 6016 6017 6059 6058
4 6017 6018 6060 6059
4 6018 6019 6061 6060
4 6019 6020 6062 6061
4 6020 6021 6063 6062
4 6021 6022 6064 6063
4 6022 6023 6065 6064
4 6023 6024 6066 6065
4 6024 6025 6067 6066
4 6025 6026 6068 6067
4 6026 6027 6069 6068
4 6027 6028 6070 6069
4 6028 6029 6071 6070
4 6029 6030 6072 6071
4 6030 6031 6073 6072
4 6031 6032 6074 6073
4 6032 6033 6075 6074
4 6033 6034 6076 6075
4 6034 6035 6077 6076
4 6035 6036 6078 6077
4 6036 6037 6079 6078
4 6037 6038 6080 6079
4 6038 6039 6081 6080
4 6039 6040 6082 6081
4 6040 6041 6083 6082
4 6041 6042 6084 6083
4 6042 6043 6085 6084
4 6043 6044 6086 6085
4 6044 6045 6087 6086
4 6045 6046 6088 6087
4 6046 6047 6089 6088
4 6047 6048 6090 6089
4 6048 6049 6091 6090
4 6049 6050 6092 6091
4 6050 6051 6093 6092
4 6051 6052 6094 6093
4 6052 6053 6095 6094
4 6053 2754 2755 6095
4 2791 6054 6096 2792
4 6054 6055 6097 6096
4 6055 6056 6098 6097
4 6056 6057 6099 6098
4 6057 6058 6100 6099
4 6058 6059 6101 6100
4 6059 6060 6102 6101
4 6060 6061 6103 6102
4 6061 6062 6104 6103
4 6062 6063 6105 6104
4 6063 6064 6106 6105
4 6064 6065 6107 6106
4 6065 6066 6108 6107
4 6066 6067 6109 6108
4 6067 6068 6110 6109
4 6068 6069 6111 6110
4 6069 6070 6112 6111
4 6070 6071 6113 6112
4 6071 6072 6114 6113
4 6072 6073 6115 6114
4 6073 6074 6116 6115
4 6074 6075 6117 6116
4 6075 6076 6118 6117
4 6076 6077 6119 6118
4 6077 6078 6120 6119
4 6078 6079 6121 6120
4 6079 6080 6122 6121
4 6080 6081 6123 6122
4 6081 6082 6124 6123
4 6082 6083 6125 6124
4 6083 6084 6126 6125
4 6084 6085 6127 6126
4 6085 6086 6128 6127
4 6086 6087 6129 6128
4 6087 6088 6130 6129
4 6088 6089 6131 6130
4 6089 6090 6132 6131
4 6090 6091 6133 6132
4 6091 6092 6134 6133
4 6092 6093 6135 6134
4 6093 6094 6136 6135
4 6094 6095 6137 6136
4 6095 2755 2756 6137
4 2792 6096 6138 2793
4 6096 6097 6139 6138
4 6097 6098 6140 6139
4 6098 6099 6141 6140
4 6099 6100 6142 6141
4 6100 6101 6143 6142
4 6101 6102 6144 6143
4 6102 6103 6145 6144
4 6103 6104 6146 6145
4 6104 6105 6147 6146
4 6105 6106 6148 6147
4 6106 6107 6149 6148
4 6107 6108 6150 6149
4 6108 6109 6151 6150
4 6109 6110 6152 6151
4 6110 6111 6153 6152
4 6111 6112 6154 6153
4 6112 6113 6155 6154
4 6113 6114 6156 6155
4 6114 6115 6157 6156
4 6115 6116 6158 6157
4 6116 6117 6159 6158
4 6117 6118 6160 6159
4 6118 6119 6161 6160
4 6119 6120 6162 6161
4 6120 6121 6163 6162
4 6121 6122 6164 6163
4 6122 6123 6165 6164
4 6123 6124 6166 6165
4 6124 6125 6167 6166
4 6125 6126 6168 6167
4 6126 6127 6169 6168
4 6127 6128 6170 6169
4 6128 6129 6171 6170
4 6129 6130 6172 6171
4 6130 6131 6173 6172
4 6131 6132 6174 6173
4 6132 6133 6175 6174
4 6133 6134 6176 6175
4 6134 6135 6177 6176
4 6135 6136 6178 6177
4 6136 6137 6179 6178
4 6137 2756 2757 6179
4 2793 6138 6180 2794
4 6138 6139 6181 6180
4 6139 6140 6182 6181
4 6140 6141 6183 6182
4 6141 6142 6184 6183
4 6142 6143 6185 6184
4 6143 6144 6186 6185
4 6144 6145 6187 6186
4 6145 6146 6188 6187
4 6146 6147 6189 6188
4 6147 6148 6190 6189
4 6148 6149 6191 6190
4 6149 6150 6192 6191
4 6150 6151 6193 6192
4 6151 6152 6194 6193
4 6152 6153 6195 6194
4 6153 6154 6196 6195
4 6154 6155 6197 6196
4 6155 6156 6198 6197
4 6156 6157 6199 6198
4 6157 6158 6200 6199
4 6158 6159 6201 6200
4 6159 6160 6202 6201
4 6160 6161 6203 6202
4 6161 6162 6204 6203
4 6162 6163 6205 6204
4 6163 6164 6206 6205
4 6164 6165 6207 6206
4 6165 6166 6208 6207
4 6166 6167 6209 6208
4 6167 6168 6210 6209
4 6168 6169 6211 6210
4 6169 6170 6212 6211
4 6170 6171 6213 6212
4 6171 6172 6214 6213
4 6172 6173 6215 6214
4 6173 6174 6216 6215
4 6174 6175 6217 6216
4 6175 6176 6218 6217
4 6176 6177 6219 6218
4 6177 6178 6220 6219
4 6178 6179 6221 6220
4 6179 2757 2758 6221
4 2794 6180 6222 2795
4 6180 6181 6223 6222
4 6181 6182 6224 6223
4 6182 6183 6225 6224
4 6183 6184 6226 6225
4 6184 6185 6227 6226
4 6185 6186 6228 6227
4 6186 6187 6229 6228
4 6187 6188 6230 6229
4 6188 6189 6231 6230
4 6189 6190 6232 6231
4 6190 6191 6233 6232
4 6191 6192 6234 6233
4 6192 6193 6235 6234
4 6193 6194 6236 6235
4 6194 6195 6237 6236
4 6195 6196 6238 6237
4 6196 6197 6239 6238
4 6197 6198 6240 6239
4 6198 6199 6241 6240
4 6199 6200 6242 6241
4 6200 6201 6243 6242
4 6201 6202 6244 6243
4 6202 6203 6245 6244
4 6203 6204 6246 6245
4 6204 6205 6247 6246
4 6205 6206 6248 6247
4 6206 6207 6249 6248
4 6207 6208 6250 6249
4 6208 6209 6251 6250
4 6209 6210 6252 6251
4 6210 6211 6253 6252
4 6211 6212 6254 6253
4 6212 6213 6255 6254
4 6213 6214 6256 6255
4 6214 6215 6257 6256
4 6215 6216 6258 6257
4 6216 6217 6259 6258
4 6217 6218 6260 6259
4 6218 6219 6261 6260
4 6219 6220 6262 6261
4 6220 6221 6263 6262
4 6221 2758 2759 6263
4 2795 6222 6264 2796
4 6222 6223 6265 6264
4 6223 6224 6266 6265
4 6224 6225 6267 6266
4 6225 6226 6268 6267
4 6226 6227 6269 6268
4 6227 6228 6270 6269
4 6228 6229 6271 6270
4 6229 6230 6272 6271
4 6230 6231 6273 6272
4 6231 6232 6274 6273
4 6232 6233 6275 6274
4 6233 6234 6276 6275
4 6234 6235 6277 6276
4 6235 6236 6278 6277
4 6236 6237 6279 6278
4 6237 6238 6280 6279
4 6238 6239 6281 6280
4 6239 6240 6282 6281
4 6240 6241 6283 6282
4 6241 6242 6284 6283
4 6242 6243 6285 6284
4 6243 6244 6286 6285
4 6244 6245 6287 6286
4 6245 6246 6288 6287
4 6246 6247 6289 6288
4 6247 6248 6290 6289
4 6248 6249 6291 6290
4 6249 6250 6292 6291
4 6250 6251 6293 6292
4 6251 6252 6294 6293
4 6252 6253 6295 6294
4 6253 6254 6296 6295
4 6254 6255 6297 6296
4 6255 6256 6298 6297
4 6256 6257 6299 6298
4 6257 6258 6300 6299
4 6258 6259 6301 6300
4 6259 6260 6302 6301
4 6260 6261 6303 6302
4 6261 6262 6304 6303
4 6262 6263 6305 6304
4 6263 2759 2760 6305
4 2796 6264 6306 2797
4 6264 6265 6307 6306
4 6265 6266 6308 6307
4 6266 6267 6309 6308
4 6267 6268 6310 6309
4 6268 6269 6311 6310
4 6269 6270 6312 6311
4 6270 6271 6313 6312
4 6271 6272 6314 6313
4 6272 6273 6315 6314
4 6273 6274 6316 6315
4 6274 6275 6317 6316
4 6275 6276 6318 6317
4 6276 6277 6319 6318
4 6277 6278 6320 6319
4 6278 6279 6321 6320
4 6279 6280 6322 6321
4 6280 6281 6323 6322
4 6281 6282 6324 6323
4 6282 6283 6325 6324
4 6283 6284 6326 6325
4 6284 6285 6327 6326
4 6285 6286 6328 6327
4 6286 6287 6329 6328
4 6287 6288 6330 6329
4 6288 6289 6331 6330
4 6289 6290 6332 6331
4 6290 6291 6333 6332
4 6291 6292 6334 6333
4 6292 6293 6335 6334
4 6293 6294 6336 6335
4 6294 6295 6337 6336
4 6295 6296 6338 6337
4 6296 6297 6339 6338
4 6297 6298 6340 6339
4 6298 6299 6341 6340
4 6299 6300 6342 6341
4 6300 6301 6343 6342
4 6301 6302 6344 6343
4 6302 6303 6345 6344
4 6303 6304 6346 6345
4 6304 6305 6347 6346
4 6305 2760 2761 6347
4 2797 6306 6348 2798
4 6306 6307 6349 6348
4 6307 6308 6350 6349
4 6308 6309 6351 6350
4 6309 6310 6352 6351
4 6310 6311 6353 6352
4 6311 6312 6354 6353
4 6312 6313 6355 6354
4 6313 6314 6356 6355
4 6314 6315 6357 6356
4 6315 6316 6358 6357
4 6316 6317 6359 6358
4 6317 6318 6360 6359
4 6318 6319 6361 6360
4 6319 6320 6362 6361
4 6320 6321 6363 6362
4 6321 6322 6364 6363
4 6322 6323 6365 6364
4 6323 6324 6366 6365
4 6324 6325 6367 6366
4 6325 6326 6368 6367
4 6326 6327 6369 6368
4 6327 6328 6370 6369
4 6328 6329 6371 6370
4 6329 6330 6372 6371
4 6330 6331 6373 6372
4 6331 6332 6374 6373
4 6332 6333 6375 6374
4 6333 6334 6376 6375
4 6334 6335 6377 6376
4 6335 6336 6378 6377
4 6336 6337 6379 6378
4 6337 6338 6380 6379
4 6338 6339 6381 6380
4 6339 6340 6382 6381
4 6340 6341 6383 6382
4 6341 6342 6384 6383
4 6342 6343 6385 6384
4 6343 6344 6386 6385
4 6344 6345 6387 6386
4 6345 6346 6388 6387
4 6346 6347 6389 6388
4 6347 2761 2762 6389
4 2798 6348 1397 128
4 6348 6349 1396 1397
4 6349 6350 1395 1396
4 6350 6351 1394 1395
4 6351 6352 1393 1394
4 6352 6353 1392 1393
4 6353 6354 1391 1392
4 6354 6355 1390 1391
4 6355 6356 1389 1390
4 6356 6357 1388 1389
4 6357 6358 1387 1388
4 6358 6359 1386 1387
4 6359 6360 1385 1386
4 6360 6361 1384 1385
4 6361 6362 1383 1384
4 6362 6363 1382 1383
4 6363 6364 1381 1382
4 6364 6365 1380 1381
4 6365 6366 1379 1380
4 6366 6367 1378 1379
4 6367 6368 1377 1378
4 6368 6369 1376 1377
4 6369 6370 1375 1376
4 6370 6371 1374 1375
4 6371 6372 1373 1374
4 6372 6373 1372 1373
4 6373 6374 1371 1372
4 6374 6375 1370 1371
4 6375 6376 1369 1370
4 6376 6377 1368 1369
4 6377 6378 1367 1368
4 6378 6379 1366 1367
4 6379 6380 1365 1366
4 6380 6381 1364 1365
4 6381 6382 1363 1364
4 6382 6383 1362 1363
4 6383 6384 1361 1362
4 6384 6385 1360 1361
4 6385 6386 1359 1360
4 6386 6387 1358 1359
4 6387 6388 1357 1358
4 6388 6389 1356 1357
4 6389 2762 116 1356
4 128 1397 1439 129
4 1397 1396 1438 1439
4 1396 1395 1437 1438
4 1395 1394 1436 1437
4 1394 1393 1435 1436
4 1393 1392 1434 1435
4 1392 1391 1433 1434
4 1391 1390 1432 1433
4 1390 1389 1431 1432
4 1389 1388 1430 1431
4 1388 1387 1429 1430
4 1387 1386 1428 1429
4 1386 1385 1427 1428
4 1385 1384 1426 1427
4 1384 1383 1425 1426
4 1383 1382 1424 1425
4 1382 1381 1423 1424
4 1381 1380 1422 1423
4 1380 1379 1421 1422
4 1379 1378 1420 1421
4 1378 1377 1419 1420
4 1377 1376 1418 1419
4 1376 1375 1417 1418
4 1375 1374 1416 1417
4 1374 1373 1415 1416
4 1373 1372 1414 1415
4 1372 1371 1413 1414
4 1371 1370 1412 1413
4 1370 1369 1411 1412
4 1369 1368 1410 1411
4 1368 1367 1409 1410
4 1367 1366 1408 1409
4 1366 1365 1407 1408
4 1365 1364 1406 1407
4 1364 1363 1405 1406
4 1363 1362 1404 1405
4 1362 1361 1403 1404
4 1361 1360 1402 1403
4 1360 1359 1401 1402
4 1359 1358 1400 1401
4 1358 1357 1399 1400
4 1357 1356 1398 1399
4 1356 116 117 1398
4 129 1439 1481 130
4 1439 1438 1480 1481
4 1438 1437 1479 1480
4 1437 1436 1478 1479
4 1436 1435 1477 1478
4 1435 1434 1476 1477
4 1434 1433 1475 1476
4 1433 1432 1474 1475
4 1432 1431 1473 1474
4 1431 1430 1472 1473
4 1430 1429 1471 1472
4 1429 1428 1470 1471
4 1428 1427 1469 1470
4 1427 1426 1468 1469
4 1426 1425 1467 1468
4 1425 1424 1466 1467
4 1424 1423 1465 1466
4 1423 1422 1464 1465
4 1422 1421 1463 1464
4 1421 1420 1462 1463
4 1420 1419 1461 1462
4 1419 1418 1460 1461
4 1418 1417 1459 1460
4 1417 1416 1458 1459
4 1416 1415 1457 1458
4 1415 1414 1456 1457
4 1414 1413 1455 1456
4 1413 1412 1454 1455
4 1412 1411 1453 1454
4 1411 1410 1452 1453
4 1410 1409 1451 1452
4 1409 1408 1450 1451
4 1408 1407 1449 1450
4 1407 1406 1448 1449
4 1406 1405 1447 1448
4 1405 1404 1446 1447
4 1404 1403 1445 1446
4 1403 1402 1444 1445
4 1402 1401 1443 1444
4 1401 1400 1442 1443
4 1400 1399 1441 1442
4 1399 1398 1440 1441
4 1398 117 118 1440
4 130 1481 6390 2799
4 1481 1480 6391 6390
4 1480 1479 6392 6391
4 1479 1478 6393 6392
4 1478 1477 6394 6393
4 1477 1476 6395 6394
4 1476 1475 6396 6395
4 1475 1474 6397 6396
4 1474 1473 6398 6397
4 1473 1472 6399 6398
4 1472 1471 6400 6399
4 1471 1470 6401 6400
4 1470 1469 6402 6401
4 1469 1468 6403 6402
4 1468 1467 6404 6403
4 1467 1466 6405 6404
4 1466 1465 6406 6405
4 1465 1464 6407 6406
4 1464 1463 6408 6407
4 1463 1462 6409 6408
4 1462 1461 6410 6409
4 1461 1460 6411 6410
4 1460 1459 6412 6411
4 1459 1458 6413 6412
4 1458 1457 6414 6413
4 1457 1456 6415 6414
4 1456 1455 6416 6415
4 1455 1454 6417 6416
4 1454 1453 6418 6417
4 1453 1452 6419 6418
4 1452 1451 6420 6419
4 1451 1450 6421 6420
4 1450 1449 6422 6421
4 1449 1448 6423 6422
4 1448 1447 6424 6423
4 1447 1446 6425 6424
4 1446 1445 6426 6425
4 1445 1444 6427 6426
4 1444 1443 6428 6427
4 1443 1442 6429 6428
4 1442 1441 6430 6429
4 1441 1440 6431 6430
4 1440 118 2763 6431
4 2799 6390 6432 2800
4 6390 6391 6433 6432
4 6391 6392 6434 6433
4 6392 6393 6435 6434
4 6393 6394 6436 6435
4 6394 6395 6437 6436
4 6395 6396 6438 6437
4 6396 6397 6439 6438
4 6397 6398 6440 6439
4 6398 6399 6441 6440
4 6399 6400 6442 6441
4 6400 6401 6443 6442
4 6401 6402 6444 6443
4 6402 6403 6445 6444
4 6403 6404 6446 6445
4 6404 6405 6447 6446
4 6405 6406 6448 6447
4 6406 6407 6449 6448
4 6407 6408 6450 6449
4 6408 6409 6451 6450
4 6409 6410 6452 6451
4 6410 6411 6453 6452
4 6411 6412 6454 6453
4 6412 6413 6455 6454
4 6413 6414 6456 6455
4 6414 6415 6457 6456
4 6415 6416 6458 6457
4 6416 6417 6459 6458
4 6417 6418 6460 6459
4 6418 6419 6461 6460
4 6419 6420 6462 6461
4 6420 6421 6463 6462
4 6421 6422 6464 6463
4 6422 6423 6465 6464
4 6423 6424 6466 6465
4 6424 6425 6467 6466
4 6425 6426 6468 6467
4 6426 6427 6469 6468
4 6427 6428 6470 6469
4 6428 6429 6471 6470
4 6429 6430 6472 6471
4 6430 6431 6473 6472
4 6431 2763 2764 6473
4 2800 6432 6474 2801
4 6432 6433 6475 6474
4 6433 6434 6476 6475
4 6434 6435 6477 6476
4 6435 6436 6478 6477
4 6436 6437 6479 6478
4 6437 6438 6480 6479
4 6438 6439 6481 6480
4 6439 6440 6482 6481
4 6440 6441 6483 6482
4 6441 6442 6484 6483
4 6442 6443 6485 6484
4 6443 6444 6486 6485
4 6444 6445 6487 6486
4 6445 6446 6488 6487
4 6446 6447 6489 6488
4 6447 6448 6490 6489
4 6448 6449 6491 6490
4 6449 6450 6492 6491
4 6450 6451 6493 6492
4 6451 6452 6494 6493
4 6452 6453 6495 6494
4 6453 6454 6496 6495
4 6454 6455 6497 6496
4 6455 6456 6498 6497
4 6456 6457 6499 6498
4 6457 6458 6500 6499
4 6458 6459 6501 6500
4 6459 6460 6502 6501
4 6460 6461 6503 6502
4 6461 6462 6504 6503
4 6462 6463 6505 6504
4 6463 6464 6506 6505
4 6464 6465 6507 6506
4 6465 6466 6508 6507
4 6466 6467 6509 6508
4 6467 6468 6510 6509
4 6468 6469 6511 6510
4 6469 6470 6512 6511
4 6470 6471 6513 6512
4 6471 6472 6514 6513
4 6472 6473 6515 6514
4 6473 2764 2765 6515
4 2801 6474 6516 2802
4 6474 6475 6517 6516
4 6475 6476 6518 6517
4 6476 6477 6519 6518
4 6477 6478 6520 6519
4 6478 6479 6521 6520
4 6479 6480 6522 6521
4 6480 6481 6523 6522
4 6481 6482 6524 6523
4 6482 6483 6525 6524
4 6483 6484 6526 6525
4 6484 6485 6527 6526
4 6485 6486 6528 6527
4 6486 6487 6529 6528
4 6487 6488 6530 6529
4 6488 6489 6531 6530
4 6489 6490 6532 6531
4 6490 6491 6533 6532
4 6491 6492 6534 6533
4 6492 6493 6535 6534
4 6493 6494 6536 6535
4 6494 6495 6537 6536
4 6495 6496 6538 6537
4 6496 6497 6539 6538
4 6497 6498 6540 6539
4 6498 6499 6541 6540
4 6499 6500 6542 6541
4 6500 6501 6543 6542
4 6501 6502 6544 6543
4 6502 6503 6545 6544
4 6503 6504 6546 6545
4 6504 6505 6547 6546
4 6505 6506 6548 6547
4 6506 6507 6549 6548
4 6507 6508 6550 6549
4 6508 6509 6551 6550
4 6509 6510 6552 6551
4 6510 6511 6553 6552
4 6511 6512 6554 6553
4 6512 6513 6555 6554
4 6513 6514 6556 6555
4 6514 6515 6557 6556
4 6515 2765 2766 6557
4 2802 6516 6558 2803
4 6516 6517 6559 6558
4 6517 6518 6560 6559
4 6518 6519 6561 6560
4 6519 6520 6562 6561
4 6520 6521 6563 6562
4 6521 6522 6564 6563
4 6522 6523 6565 6564
4 6523 6524 6566 6565
4 6524 6525 6567 6566
4 6525 6526 6568 6567
4 6526 6527 6569 6568
4 6527 6528 6570 6569
4 6528 6529 6571 6570
4 6529 6530 6572 6571
4 6530 6531 6573 6572
4 6531 6532 6574 6573
4 6532 6533 6575 6574
4 6533 6534 6576 6575
4 6534 6535 6577 6576
4 6535 6536 6578 6577
4 6536 6537 6579 6578
4 6537 6538 6580 6579
4 6538 6539 6581 6580
4 6539 6540 6582 6581
4 6540 6541 6583 6582
4 6541 6542 6584 6583
4 6542 6543 6585 6584
4 6543 6544 6586 6585
4 6544 6545 6587 6586
4 6545 6546 6588 6587
4 6546 6547 6589 6588
4 6547 6548 6590 6589
4 6548 6549 6591 6590
4 6549 6550 6592 6591
4 6550 6551 6593 6592
4 6551 6552 6594 6593
4 6552 6553 6595 6594
4 6553 6554 6596 6595
4 6554 6555 6597 6596
4 6555 6556 6598 6597
4 6556 6557 6599 6598
4 6557 2766 2767 6599
4 2803 6558 6600 2804
4 6558 6559 6601 6600
4 6559 6560 6602 6601
4 6560 6561 6603 6602
4 6561 6562 6604 6603
4 6562 6563 6605 6604
4 6563 6564 6606 6605
4 6564 6565 6607 6606
4 6565 6566 6608 6607
4 6566 6567 6609 6608
4 6567 6568 6610 6609
4 6568 6569 6611 6610
4 6569 6570 6612 6611
4 6570 6571 6613 6612
4 6571 6572 6614 6613
4 6572 6573 6615 6614
4 6573 6574 6616 6615
4 6574 6575 6617 6616
4 6575 6576 6618 6617
4 6576 6577 6619 6618
4 6577 6578 6620 6619
4 6578 6579 6621 6620
4 6579 6580 6622 6621
4 6580 6581 6623 6622
4 6581 6582 6624 6623
4 6582 6583 6625 6624
4 6583 6584 6626 6625
4 6584 6585 6627 6626
4 6585 6586 6628 6627
4 6586 6587 6629 6628
4 6587 6588 6630 6629
4 6588 6589 6631 6630
4 6589 6590 6632 6631
4 6590 6591 6633 6632
4 6591 6592 6634 6633
4 6592 6593 6635 6634
4 6593 6594 6636 6635
4 6594 6595 6637 6636
4 6595 6596 6638 6637
4 6596 6597 6639 6638
4 6597 6598 6640 6639
4 6598 6599 6641 6640
4 6599 2767 2768 6641
4 2804 6600 6642 2805
4 6600 6601 6643 6642
4 6601 6602 6644 6643
4 6602 6603 6645 6644
4 6603 6604 6646 6645
4 6604 6605 6647 6646
4 6605 6606 6648 6647
4 6606 6607 6649 6648
4 6607 6608 6650 6649
4 6608 6609 6651 6650
4 6609 6610 6652 6651
4 6610 6611 6653 6652
4 6611 6612 6654 6653
4 6612 6613 6655 6654
4 6613 6614 6656 6655
4 6614 6615 6657 6656
4 6615 6616 6658 6657
4 6616 6617 6659 6658
4 6617 6618 6660 6659
4 6618 6619 6661 6660
4 6619 6620 6662 6661
4 6620 6621 6663 6662
4 6621 6622 6664 6663
4 6622 6623 6665 6664
4 6623 6624 6666 6665
4 6624 6625 6667 6666
4 6625 6626 6668 6667
4 6626 6627 6669 6668
4 6627 6628 6670 6669
4 6628 6629 6671 6670
4 6629 6630 6672 6671
4 6630 6631 6673 6672
4 6631 6632 6674 6673
4 6632 6633 6675 6674
4 6633 6634 6676 6675
4 6634 6635 6677 6676
4 6635 6636 6678 6677
4 6636 6637 6679 6678
4 6637 6638 6680 6679
4 6638 6639 6681 6680
4 6639 6640 6682 6681
4 6640 6641 6683 6682
4 6641 2768 2769 6683
4 2805 6642 6684 2806
4 6642 6643 6685 6684
4 6643 6644 6686 6685
4 6644 6645 6687 6686
4 6645 6646 6688 6687
4 6646 6647 6689 6688
4 6647 6648 6690 6689
4 6648 6649 6691 6690
4 6649 6650 6692 6691
4 6650 6651 6693 6692
4 6651 6652 6694 6693
4 6652 6653 6695 6694
4 6653 6654 6696 6695
4 6654 6655 6697 6696
4 6655 6656 6698 6697
4 6656 6657 6699 6698
4 6657 6658 6700 6699
4 6658 6659 6701 6700
4 6659 6660 6702 6701
4 6660 6661 6703 6702
4 6661 6662 6704 6703
4 6662 6663 6705 6704
4 6663 6664 6706 6705
4 6664 6665 6707 6706
4 6665 6666 6708 6707
4 6666 6667 6709 6708
4 6667 6668 6710 6709
4 6668 6669 6711 6710
4 6669 6670 6712 6711
4 6670 6671 6713 6712
4 6671 6672 6714 6713
4 6672 6673 6715 6714
4 6673 6674 6716 6715
4 6674 6675 6717 6716
4 6675 6676 6718 6717
4 6676 6677 6719 6718
4 6677 6678 6720 6719
4 6678 6679 6721 6720
4 6679 6680 6722 6721
4 6680 6681 6723 6722
4 6681 6682 6724 6723
4 6682 6683 6725 6724
4 6683 2769 2770 6725
4 2806 6684 6726 2807
4 6684 6685 6727 6726
4 6685 6686 6728 6727
4 6686 6687 6729 6728
4 6687 6688 6730 6729
4 6688 6689 6731 6730
4 6689 6690 6732 6731
4 6690 6691 6733 6732
4 6691 6692 6734 6733
4 6692 6693 6735 6734
4 6693 6694 6736 6735
4 6694 6695 6737 6736
4 6695 6696 6738 6737
4 6696 6697 6739 6738
4 6697 6698 6740 6739
4 6698 6699 6741 6740
4 6699 6700 6742 6741
4 6700 6701 6743 6742
4 6701 6702 6744 6743
4 6702 6703 6745 6744
4 6703 6704 6746 6745
4 6704 6705 6747 6746
4 6705 6706 6748 6747
4 6706 6707 6749 6748
4 6707 6708 6750 6749
4 6708 6709 6751 6750
4 6709 6710 6752 6751
4 6710 6711 6753 6752
4 6711 6712 6754 6753
4 6712 6713 6755 6754
4 6713 6714 6756 6755
4 6714 6715 6757 6756
4 6715 6716 6758 6757
4 6716 6717 6759 6758
4 6717 6718 6760 6759
4 6718 6719 6761 6760
4 6719 6720 6762 6761
4 6720 6721 6763 6762
4 6721 6722 6764 6763
4 6722 6723 6765 6764
4 6723 6724 6766 6765
4 6724 6725 6767 6766
4 6725 2770 2771 6767
4 2807 6726 1523 131
4 6726 6727 1522 1523
4 6727 6728 1521 1522
4 6728 6729 1520 1521
4 6729 6730 1519 1520
4 6730 6731 1518 1519
4 6731 6732 1517 1518
4 6732 6733 1516 1517
4 6733 6734 1515 1516
4 6734 6735 1514 1515
4 6735 6736 1513 1514
4 6736 6737 1512 1513
4 6737 6738 1511 1512
4 6738 6739 1510 1511
4 6739 6740 1509 1510
4 6740 6741 1508 1509
4 6741 6742 1507 1508
4 6742 6743 1506 1507
4 6743 6744 1505 1506
4 6744 6745 1504 1505
4 6745 6746 1503 1504
4 6746 6747 1502 1503
4 6747 6748 1501 1502
4 6748 6749 1500 1501
4 6749 6750 1499 1500
4 6750 6751 1498 1499
4 6751 6752 1497 1498
4 6752 6753 1496 1497
4 6753 6754 1495 1496
4 6754 6755 1494 1495
4 6755 6756 1493 1494
4 6756 6757 1492 1493
4 6757 6758 1491 1492
4 6758 6759 1490 1491
4 6759 6760 1489 1490
4 6760 6761 1488 1489
4 6761 6762 1487 1488
4 6762 6763 1486 1487
4 6763 6764 1485 1486
4 6764 6765 1484 1485
4 6765 6766 1483 1484
4 6766 6767 1482 1483
4 6767 2771 119 1482
4 131 1523 1061 120
4 1523 1522 1060 1061
4 1522 1521 1059 1060
4 1521 1520 1058 1059
4 1520 1519 1057 1058
4 1519 1518 1056 1057
4 1518 1517 1055 1056
4 1517 1516 1054 1055
4 1516 1515 1053 1054
4 1515 1514 1052 1053
4 1514 1513 1051 1052
4 1513 1512 1050 1051
4 1512 1511 1049 1050
4 1511 1510 1048 1049
4 1510 1509 1047 1048
4 1509 1508 1046 1047
4 1508 1507 1045 1046
4 1507 1506 1044 1045
4 1506 1505 1043 1044
4 1505 1504 1042 1043
4 1504 1503 1041 1042
4 1503 1502 1040 1041
4 1502 1501 1039 1040
4 1501 1500 1038 1039
4 1500 1499 1037 1038
4 1499 1498 1036 1037
4 1498 1497 1035 1036
4 1497 1496 1034 1035
4 1496 1495 1033 1034
4 1495 1494 1032 1033
4 1494 1493 1031 1032
4 1493 1492 1030 1031
4 1492 1491 1029 1030
4 1491 1490 1028 1029
4 1490 1489 1027 1028
4 1489 1488 1026 1027
4 1488 1487 1025 1026
4 1487 1486 1024 1025
4 1486 1485 1023 1024
4 1485 1484 1022 1023
4 1484 1483 1021 1022
4 1483 1482 1020 1021
4 1482 119 108 1020
4 132 120 121 133
4 133 121 2772 2808
4 2808 2772 2773 2809
4 2809 2773 2774 2810
4 2810 2774 2775 2811
4 2811 2775 2776 2812
4 2812 2776 2777 2813
4 2813 2777 2778 2814
4 2814 2778 2779 2815
4 2815 2779 2780 2816
4 2816 2780 122 134
4 134 122 123 135
4 135 123 124 136
4 136 124 2781 2817
4 2817 2781 2782 2818
4 2818 2782 2783 2819
4 2819 2783 2784 2820
4 2820 2784 2785 2821
4 2821 2785 2786 2822
4 2822 2786 2787 2823
4 2823 2787 2788 2824
4 2824 2788 2789 2825
4 2825 2789 125 137
4 137 125 126 138
4 138 126 127 139
4 139 127 2790 2826
4 2826 2790 2791 2827
4 2827 2791 2792 2828
4 2828 2792 2793 2829
4 2829 2793 2794 2830
4 2830 2794 2795 2831
4 2831 2795 2796 2832
4 2832 2796 2797 2833
4 2833 2797 2798 2834
4 2834 2798 128 140
4 140 128 129 141
4 141 129 130 142
4 142 130 2799 2835
4 2835 2799 2800 2836
4 2836 2800 2801 2837
4 2837 2801 2802 2838
4 2838 2802 2803 2839
4 2839 2803 2804 2840
4 2840 2804 2805 2841
4 2841 2805 2806 2842
4 2842 2806 2807 2843
4 2843 2807 131 143
4 143 131 120 132
4 144 132 133 145
4 145 133 2808 2844
4 2844 2808 2809 2845
4 2845 2809 2810 2846
4 2846 2810 2811 2847
4 2847 2811 2812 2848
4 2848 2812 2813 2849
4 2849 2813 2814 2850
4 2850 2814 2815 2851
4 2851 2815 2816 2852
4 2852 2816 134 146
4 146 134 135 147
4 147 135 136 148
4 148 136 2817 2853
4 2853 2817 2818 2854
4 2854 2818 2819 2855
4 2855 2819 2820 2856
4 2856 2820 2821 2857
4 2857 2821 2822 2858
4 2858 2822 2823 2859
4 2859 2823 2824 2860
4 2860 2824 2825 2861
4 2861 2825 137 149
4 149 137 138 150
4 150 138 139 151
4 151 139 2826 2862
4 2862 2826 2827 2863
4 2863 2827 2828 2864
4 2864 2828 2829 2865
4 2865 2829 2830 2866
4 2866 2830 2831 2867
4 2867 2831 2832 2868
4 2868 2832 2833 2869
4 2869 2833 2834 2870
4 2870 2834 140 152
4 152 140 141 153
4 153 141 142 154
4 154 142 2835 2871
4 2871 2835 2836 2872
4 2872 2836 2837 2873
4 2873 2837 2838 2874
4 2874 2838 2839 2875
4 2875 2839 2840 2876
4 2876 2840 2841 2877
4 2877 2841 2842 2878
4 2878 2842 2843 2879
4 2879 2843 143 155
4 155 143 132 144
4 156 144 145 157
4 157 145 2844 2880
4 2880 2844 2845 2881
4 2881 2845 2846 2882
4 2882 2846 2847 2883
4 2883 2847 2848 2884
4 2884 2848 2849 2885
4 2885 2849 2850 2886
4 2886 2850 2851 2887
4 2887 2851 2852 2888
4 2888 2852 146 158
4 158 146 147 159
4 159 147 148 160
4 160 148 2853 2889
4 2889 2853 2854 2890
4 2890 2854 2855 2891
4 2891 2855 2856 2892
4 2892 2856 2857 2893
4 2893 2857 2858 2894
4 2894 2858 2859 2895
4 2895 2859 2860 2896
4 2896 2860 2861 2897
4 2897 2861 149 161
4 161 149 150 162
4 162 150 151 163
4 163 151 2862 2898
4 2898 2862 2863 2899
4 2899 2863 2864 2900
4 2900 2864 2865 2901
4 2901 2865 2866 2902
4 2902 2866 2867 2903
4 2903 2867 2868 2904
4 2904 2868 2869 2905
4 2905 2869 2870 2906
4 2906 2870 152 164
4 164 152 153 165
4 165 153 154 166
4 166 154 2871 2907
4 2907 2871 2872 2908
4 2908 2872 2873 2909
4 2909 2873 2874 2910
4 2910 2874 2875 2911
4 2911 2875 2876 2912
4 2912 2876 2877 2913
4 2913 2877 2878 2914
4 2914 2878 2879 2915
4 2915 2879 155 167
4 167 155 144 156
4 168 1539 1555 169
4 1539 1538 1554 1555
4 1538 1537 1553 1554
4 1537 1536 1552 1553
4 1536 1535 1551 1552
4 1535 1534 1550 1551
4 1534 1533 1549 1550
4 1533 1532 1548 1549
4 1532 1531 1547 1548
4 1531 1530 1546 1547
4 1530 1529 1545 1546
4 1529 1528 1544 1545
4 1528 1527 1543 1544
4 1527 1526 1542 1543
4 1526 1525 1541 1542
4 1525 1524 1540 1541
4 1524 156 157 1540
4 169 1555 6768 2916
4 1555 1554 6769 6768
4 1554 1553 6770 6769
4 1553 1552 6771 6770
4 1552 1551 6772 6771
4 1551 1550 6773 6772
4 1550 1549 6774 6773
4 1549 1548 6775 6774
4 1548 1547 6776 6775
4 1547 1546 6777 6776
4 1546 1545 6778 6777
4 1545 1544 6779 6778
4 1544 1543 6780 6779
4 1543 1542 6781 6780
4 1542 1541 6782 6781
4 1541 1540 6783 6782
4 1540 157 2880 6783
4 2916 6768 6784 2917
4 6768 6769 6785 6784
4 6769 6770 6786 6785
4 6770 6771 6787 6786
4 6771 6772 6788 6787
4 6772 6773 6789 6788
4 6773 6774 6790 6789
4 6774 6775 6791 6790
4 6775 6776 6792 6791
4 6776 6777 6793 6792
4 6777 6778 6794 6793
4 6778 6779 6795 6794
4 6779 6780 6796 6795
4 6780 6781 6797 6796
4 6781 6782 6798 6797
4 6782 6783 6799 6798
4 6783 2880 2881 6799
4 2917 6784 6800 2918
4 6784 6785 6801 6800
4 6785 6786 6802 6801
4 6786 6787 6803 6802
4 6787 6788 6804 6803
4 6788 6789 6805 6804
4 6789 6790 6806 6805
4 6790 6791 6807 6806
4 6791 6792 6808 6807
4 6792 6793 6809 6808
4 6793 6794 6810 6809
4 6794 6795 6811 6810
4 6795 6796 6812 6811
4 6796 6797 6813 6812
4 6797 6798 6814 6813
4 6798 6799 6815 6814
4 6799 2881 2882 6815
4 2918 6800 6816 2919
4 6800 6801 6817 6816
4 6801 6802 6818 6817
4 6802 6803 6819 6818
4 6803 6804 6820 6819
4 6804 6805 6821 6820
4 6805 6806 6822 6821
4 6806 6807 6823 6822
4 6807 6808 6824 6823
4 6808 6809 6825 6824
4 6809 6810 6826 6825
4 6810 6811 6827 6826
4 6811 6812 6828 6827
4 6812 6813 6829 6828
4 6813 6814 6830 6829
4 6814 6815 6831 6830
4 6815 2882 2883 6831
4 2919 6816 6832 2920
4 6816 6817 6833 6832
4 6817 6818 6834 6833
4 6818 6819 6835 6834
4 6819 6820 6836 6835
4 6820 6821 6837 6836
4 6821 6822 6838 6837
4 6822 6823 6839 6838
4 6823 6824 6840 6839
4 6824 6825 6841 6840
4 6825 6826 6842 6841
4 6826 6827 6843 6842
4 6827 6828 6844 6843
4 6828 6829 6845 6844
4 6829 6830 6846 6845
4 6830 6831 6847 6846
4 6831 2883 2884 6847
4 2920 6832 6848 2921
4 6832 6833 6849 6848
4 6833 6834 6850 6849
4 6834 6835 6851 6850
4 6835 6836 6852 6851
4 6836 6837 6853 6852
4 6837 6838 6854 6853
4 6838 6839 6855 6854
4 6839 6840 6856 6855
4 6840 6841 6857 6856
4 6841 6842 6858 6857
4 6842 6843 6859 6858
4 6843 6844 6860 6859
4 6844 6845 6861 6860
4 6845 6846 6862 6861
4 6846 6847 6863 6862
4 6847 2884 2885 6863
4 2921 6848 6864 2922
4 6848 6849 6865 6864
4 6849 6850 6866 6865
4 6850 6851 6867 6866
4 6851 6852 6868 6867
4 6852 6853 6869 6868
4 6853 6854 6870 6869
4 6854 6855 6871 6870
4 6855 6856 6872 6871
4 6856 6857 6873 6872
4 6857 6858 6874 6873
4 6858 6859 6875 6874
4 6859 6860 6876 6875
4 6860 6861 6877 6876
4 6861 6862 6878 6877
4 6862 6863 6879 6878
4 6863 2885 2886 6879
4 2922 6864 6880 2923
4 6864 6865 6881 6880
4 6865 6866 6882 6881
4 6866 6867 6883 6882
4 6867 6868 6884 6883
4 6868 6869 6885 6884
4 6869 6870 6886 6885
4 6870 6871 6887 6886
4 6871 6872 6888 6887
4 6872 6873 6889 6888
4 6873 6874 6890 6889
4 6874 6875 6891 6890
4 6875 6876 6892 6891
4 6876 6877 6893 6892
4 6877 6878 6894 6893
4 6878 6879 6895 6894
4 6879 2886 2887 6895
4 2923 6880 6896 2924
4 6880 6881 6897 6896
4 6881 6882 6898 6897
4 6882 6883 6899 6898
4 6883 6884 6900 6899
4 6884 6885 6901 6900
4 6885 6886 6902 6901
4 6886 6887 6903 6902
4 6887 6888 6904 6903
4 6888 6889 6905 6904
4 6889 6890 6906 6905
4 6890 6891 6907 6906
4 6891 6892 6908 6907
4 6892 6893 6909 6908
4 6893 6894 6910 6909
4 6894 6895 6911 6910
4 6895 2887 2888 6911
4 2924 6896 1571 170
4 6896 6897 1570 1571
4 6897 6898 1569 1570
4 6898 6899 1568 1569
4 6899 6900 1567 1568
4 6900 6901 1566 1567
4 6901 6902 1565 1566
4 6902 6903 1564 1565
4 6903 6904 1563 1564
4 6904 6905 1562 1563
4 6905 6906 1561 1562
4 6906 6907 1560 1561
4 6907 6908 1559 1560
4 6908 6909 1558 1559
4 6909 6910 1557 1558
4 6910 6911 1556 1557
4 6911 2888 158 1556
4 170 1571 1587 171
4 1571 1570 1586 1587
4 1570 1569 1585 1586
4 1569 1568 1584 1585
4 1568 1567 1583 1584
4 1567 1566 1582 1583
4 1566 1565 1581 1582
4 1565 1564 1580 1581
4 1564 1563 1579 1580
4 1563 1562 1578 1579
4 1562 1561 1577 1578
4 1561 1560 1576 1577
4 1560 1559 1575 1576
4 1559 1558 1574 1575
4 1558 1557 1573 1574
4 1557 1556 1572 1573
4 1556 158 159 1572
4 171 1587 1603 172
4 1587 1586 1602 1603
4 1586 1585 1601 1602
4 1585 1584 1600 1601
4 1584 1583 1599 1600
4 1583 1582 1598 1599
4 1582 1581 1597 1598
4 1581 1580 1596 1597
4 1580 1579 1595 1596
4 1579 1578 1594 1595
4 1578 1577 1593 1594
4 1577 1576 1592 1593
4 1576 1575 1591 1592
4 1575 1574 1590 1591
4 1574 1573 1589 1590
4 1573 1572 1588 1589
4 1572 159 160 1588
4 172 1603 6912 2925
4 1603 1602 6913 6912
4 1602 1601 6914 6913
4 1601 1600 6915 6914
4 1600 1599 6916 6915
4 1599 1598 6917 6916
4 1598 1597 6918 6917
4 1597 1596 6919 6918
4 1596 1595 6920 6919
4 1595 1594 6921 6920
4 1594 1593 6922 6921
4 1593 1592 6923 6922
4 1592 1591 6924 6923
4 1591 1590 6925 6924
4 1590 1589 6926 6925
4 1589 1588 6927 6926
4 1588 160 2889 6927
4 2925 6912 6928 2926
4 6912 6913 6929 6928
4 6913 6914 6930 6929
4 6914 6915 6931 6930
4 6915 6916 6932 6931
4 6916 6917 6933 6932
4 6917 6918 6934 6933
4 6918 6919 6935 6934
4 6919 6920 6936 6935
4 6920 6921 6937 6936
4 6921 6922 6938 6937
4 6922 6923 6939 6938
4 6923 6924 6940 6939
4 6924 6925 6941 6940
4 6925 6926 6942 6941
4 6926 6927 6943 6942
4 6927 2889 2890 6943
4 2926 6928 6944 2927
4 6928 6929 6945 6944
4 6929 6930 6946 6945
4 6930 6931 6947 6946
4 6931 6932 6948 6947
4 6932 6933 6949 6948
4 6933 6934 6950 6949
4 6934 6935 6951 6950
4 6935 6936 6952 6951
4 6936 6937 6953 6952
4 6937 6938 6954 6953
4 6938 6939 6955 6954
4 6939 6940 6956 6955
4 6940 6941 6957 6956
4 6941 6942 6958 6957
4 6942 6943 6959 6958
4 6943 2890 2891 6959
4 2927 6944 6960 2928
4 6944 6945 6961 6960
4 6945 6946 6962 6961
4 6946 6947 6963 6962
4 6947 6948 6964 6963
4 6948 6949 6965 6964
4 6949 6950 6966 6965
4 6950 6951 6967 6966
4 6951 6952 6968 6967
4 6952 6953 6969 6968
4 6953 6954 6970 6969
4 6954 6955 6971 6970
4 6955 6956 6972 6971
4 6956 6957 6973 6972
4 6957 6958 6974 6973
4 6958 6959 6975 6974
4 6959 2891 2892 6975
4 2928 6960 6976 2929
4 6960 6961 6977 6976
4 6961 6962 6978 6977
4 6962 6963 6979 6978
4 6963 6964 6980 6979
4 6964 6965 6981 6980
4 6965 6966 6982 6981
4 6966 6967 6983 6982
4 6967 6968 6984 6983
4 6968 6969 6985 6984
4 6969 6970 6986 6985
4 6970 6971 6987 6986
4 6971 6972 6988 6987
4 6972 6973 6989 6988
4 6973 6974 6990 6989
4 6974 6975 6991 6990
4 6975 2892 2893 6991
4 2929 6976 6992 2930
4 6976 6977 6993 6992
4 6977 6978 6994 6993
4 6978 6979 6995 6994
4 6979 6980 6996 6995
4 6980 6981 6997 6996
4 6981 6982 6998 6997
4 6982 6983 6999 6998
4 6983 6984 7000 6999
4 6984 6985 7001 7000
4 6985 6986 7002 7001
4 6986 6987 7003 7002
4 6987 6988 7004 7003
4 6988 6989 7005 7004
4 6989 6990 7006 7005
4 6990 6991 7007 7006
4 6991 2893 2894 7007
4 2930 6992 7008 2931
4 6992 6993 7009 7008
4 6993 6994 7010 7009
4 6994 6995 7011 7010
4 6995 6996 7012 7011
4 6996 6997 7013 7012
4 6997 6998 7014 7013
4 6998 6999 7015 7014
4 6999 7000 7016 7015
4 7000 7001 7017 7016
4 7001 7002 7018 7017
4 7002 7003 7019 7018
4 7003 7004 7020 7019
4 7004 7005 7021 7020
4 7005 7006 7022 7021
4 7006 7007 7023 7022
4 7007 2894 2895 7023
4 2931 7008 7024 2932
4 7008 7009 7025 7024
4 7009 7010 7026 7025
4 7010 7011 7027 7026
4 7011 7012 7028 7027
4 7012 7013 7029 7028
4 7013 7014 7030 7029
4 7014 7015 7031 7030
4 7015 7016 7032 7031
4 7016 7017 7033 7032
4 7017 7018 7034 7033
4 7018 7019 7035 7034
4 7019 7020 7036 7035
4 7020 7021 7037 7036
4 7021 7022 7038 7037
4 7022 7023 7039 7038
4 7023 2895 2896 7039
4 2932 7024 7040 2933
4 7024 7025 7041 7040
4 7025 7026 7042 7041
4 7026 7027 7043 7042
4 7027 7028 7044 7043
4 7028 7029 7045 7044
4 7029 7030 7046 7045
4 7030 7031 7047 7046
4 7031 7032 7048 7047
4 7032 7033 7049 7048
4 7033 7034 7050 7049
4 7034 7035 7051 7050
4 7035 7036 7052 7051
4 7036 7037 7053 7052
4 7037 7038 7054 7053
4 7038 7039 7055 7054
4 7039 2896 2897 7055
4 2933 7040 1619 173
4 7040 7041 1618 1619
4 7041 7042 1617 1618
4 7042 7043 1616 1617
4 7043 7044 1615 1616
4 7044 7045 1614 1615
4 7045 7046 1613 1614
4 7046 7047 1612 1613
4 7047 7048 1611 1612
4 7048 7049 1610 1611
4 7049 7050 1609 1610
4 7050 7051 1608 1609
4 7051 7052 1607 1608
4 7052 7053 1606 1607
4 7053 7054 1605 1606
4 7054 7055 1604 1605
4 7055 2897 161 1604
4 173 1619 1635 174
4 1619 1618 1634 1635
4 1618 1617 1633 1634
4 1617 1616 1632 1633
4 1616 1615 1631 1632
4 1615 1614 1630 1631
4 1614 1613 1629 1630
4 1613 1612 1628 1629
4 1612 1611 1627 1628
4 1611 1610 1626 1627
4 1610 1609 1625 1626
4 1609 1608 1624 1625
4 1608 1607 1623 1624
4 1607 1606 1622 1623
4 1606 1605 1621 1622
4 1605 1604 1620 1621
4 1604 161 162 1620
4 174 1635 1651 175
4 1635 1634 1650 1651
4 1634 1633 1649 1650
4 1633 1632 1648 1649
4 1632 1631 1647 1648
4 1631 1630 1646 1647
4 1630 1629 1645 1646
4 1629 1628 1644 1645
4 1628 1627 1643 1644
4 1627 1626 1642 1643
4 1626 1625 1641 1642
4 1625 1624 1640 1641
4 1624 1623 1639 1640
4 1623 1622 1638 1639
4 1622 1621 1637 1638
4 1621 1620 1636 1637
4 1620 162 163 1636
4 175 1651 7056 2934
4 1651 1650 7057 7056
4 1650 1649 7058 7057
4 1649 1648 7059 7058
4 1648 1647 7060 7059
4 1647 1646 7061 7060
4 1646 1645 7062 7061
4 1645 1644 7063 7062
4 1644 1643 7064 7063
4 1643 1642 7065 7064
4 1642 1641 7066 7065
4 1641 1640 7067 7066
4 1640 1639 7068 7067
4 1639 1638 7069 7068
4 1638 1637 7070 7069
4 1637 1636 7071 7070
4 1636 163 2898 7071
4 2934 7056 7072 2935
4 7056 7057 7073 7072
4 7057 7058 7074 7073
4 7058 7059 7075 7074
4 7059 7060 7076 7075
4 7060 7061 7077 7076
4 7061 7062 7078 7077
4 7062 7063 7079 7078
4 7063 7064 7080 7079
4 7064 7065 7081 7080
4 7065 7066 7082 7081
4 7066 7067 7083 7082
4 7067 7068 7084 7083
4 7068 7069 7085 7084
4 7069 7070 7086 7085
4 7070 7071 7087 7086
4 7071 2898 2899 7087
4 2935 7072 7088 2936
4 7072 7073 7089 7088
4 7073 7074 7090 7089
4 7074 7075 7091 7090
4 7075 7076 7092 7091
4 7076 7077 7093 7092
4 7077 7078 7094 7093
4 7078 7079 7095 7094
4 7079 7080 7096 7095
4 7080 7081 7097 7096
4 7081 7082 7098 7097
4 7082 7083 7099 7098
4 7083 7084 7100 7099
4 7084 7085 7101 7100
4 7085 7086 7102 7101
4 7086 7087 7103 7102
4 7087 2899 2900 7103
4 2936 7088 7104 2937
4 7088 7089 7105 7104
4 7089 7090 7106 7105
4 7090 7091 7107 7106
4 7091 7092 7108 7107
4 7092 7093 7109 7108
4 7093 7094 7110 7109
4 7094 7095 7111 7110
4 7095 7096 7112 7111
4 7096 7097 7113 7112
4 7097 7098 7114 7113
4 7098 7099 7115 7114
4 7099 7100 7116 7115
4 7100 7101 7117 7116
4 7101 7102 7118 7117
4 7102 7103 7119 7118
4 7103 2900 2901 7119
4 2937 7104 7120 2938
4 7104 7105 7121 7120
4 7105 7106 7122 7121
4 7106 7107 7123 7122
4 7107 7108 7124 7123
4 7108 7109 7125 7124
4 7109 7110 7126 7125
4 7110 7111 7127 7126
4 7111 7112 7128 7127
4 7112 7113 7129 7128
4 7113 7114 7130 7129
4 7114 7115 7131 7130
4 7115 7116 7132 7131
4 7116 7117 7133 7132
4 7117 7118 7134 7133
4 7118 7119 7135 7134
4 7119 2901 2902 7135
4 2938 7120 7136 2939
4 7120 7121 7137 7136
4 7121 7122 7138 7137
4 7122 7123 7139 7138
4 7123 7124 7140 7139
4 7124 7125 7141 7140
4 7125 7126 7142 7141
4 7126 7127 7143 7142
4 7127 7128 7144 7143
4 7128 7129 7145 7144
4 7129 7130 7146 7145
4 7130 7131 7147 7146
4 7131 7132 7148 7147
4 7132 7133 7149 7148
4 7133 7134 7150 7149
4 7134 7135 7151 7150
4 7135 2902 2903 7151
4 2939 7136 7152 2940
4 7136 7137 7153 7152
4 7137 7138 7154 7153
4 7138 7139 7155 7154
4 7139 7140 7156 7155
4 7140 7141 7157 7156
4 7141 7142 7158 7157
4 7142 7143 7159 7158
4 7143 7144 7160 7159
4 7144 7145 7161 7160
4 7145 7146 7162 7161
4 7146 7147 7163 7162
4 7147 7148 7164 7163
4 7148 7149 7165 7164
4 7149 7150 7166 7165
4 7150 7151 7167 7166
4 7151 2903 2904 7167
4 2940 7152 7168 2941
4 7152 7153 7169 7168
4 7153 7154 7170 7169
4 7154 7155 7171 7170
4 7155 7156 7172 7171
4 7156 7157 7173 7172
4 7157 7158 7174 7173
4 7158 7159 7175 7174
4 7159 7160 7176 7175
4 7160 7161 7177 7176
4 7161 7162 7178 7177
4 7162 7163 7179 7178
4 7163 7164 7180 7179
4 7164 7165 7181 7180
4 7165 7166 7182 7181
4 7166 7167 7183 7182
4 7167 2904 2905 7183
4 2941 7168 7184 2942
4 7168 7169 7185 7184
4 7169 7170 7186 7185
4 7170 7171 7187 7186
4 7171 7172 7188 7187
4 7172 7173 7189 7188
4 7173 7174 7190 7189
4 7174 7175 7191 7190
4 7175 7176 7192 7191
4 7176 7177 7193 7192
4 7177 7178 7194 7193
4 7178 7179 7195 7194
4 7179 7180 7196 7195
4 7180 7181 7197 7196
4 7181 7182 7198 7197
4 7182 7183 7199 7198
4 7183 2905 2906 7199
4 2942 7184 1667 176
4 7184 7185 1666 1667
4 7185 7186 1665 1666
4 7186 7187 1664 1665
4 7187 7188 1663 1664
4 7188 7189 1662 1663
4 7189 7190 1661 1662
4 7190 7191 1660 1661
4 7191 7192 1659 1660
4 7192 7193 1658 1659
4 7193 7194 1657 1658
4 7194 7195 1656 1657
4 7195 7196 1655 1656
4 7196 7197 1654 1655
4 7197 7198 1653 1654
4 7198 7199 1652 1653
4 7199 2906 164 1652
4 176 1667 1683 177
4 1667 1666 1682 1683
4 1666 1665 1681 1682
4 1665 1664 1680 1681
4 1664 1663 1679 1680
4 1663 1662 1678 1679
4 1662 1661 1677 1678
4 1661 1660 1676 1677
4 1660 1659 1675 1676
4 1659 1658 1674 1675
4 1658 1657 1673 1674
4 1657 1656 1672 1673
4 1656 1655 1671 1672
4 1655 1654 1670 1671
4 1654 1653 1669 1670
4 1653 1652 1668 1669
4 1652 164 165 1668
4 177 1683 1699 178
4 1683 1682 1698 1699
4 1682 1681 1697 1698
4 1681 1680 1696 1697
4 1680 1679 1695 1696
4 1679 1678 1694 1695
4 1678 1677 1693 1694
4 1677 1676 1692 1693
4 1676 1675 1691 1692
4 1675 1674 1690 1691
4 1674 1673 1689 1690
4 1673 1672 1688 1689
4 1672 1671 1687 1688
4 1671 1670 1686 1687
4 1670 1669 1685 1686
4 1669 1668 1684 1685
4 1668 165 166 1684
4 178 1699 7200 2943
4 1699 1698 7201 7200
4 1698 1697 7202 7201
4 1697 1696 7203 7202
4 1696 1695 7204 7203
4 1695 1694 7205 7204
4 1694 1693 7206 7205
4 1693 1692 7207 7206
4 1692 1691 7208 7207
4 1691 1690 7209 7208
4 1690 1689 7210 7209
4 1689 1688 7211 7210
4 1688 1687 7212 7211
4 1687 1686 7213 7212
4 1686 1685 7214 7213
4 1685 1684 7215 7214
4 1684 166 2907 7215
4 2943 7200 7216 2944
4 7200 7201 7217 7216
4 7201 7202 7218 7217
4 7202 7203 7219 7218
4 7203 7204 7220 7219
4 7204 7205 7221 7220
4 7205 7206 7222 7221
4 7206 7207 7223 7222
4 7207 7208 7224 7223
4 7208 7209 7225 7224
4 7209 7210 7226 7225
4 7210 7211 7227 7226
4 7211 7212 7228 7227
4 7212 7213 7229 7228
4 7213 7214 7230 7229
4 7214 7215 7231 7230
4 7215 2907 2908 7231
4 2944 7216 7232 2945
4 7216 7217 7233 7232
4 7217 7218 7234 7233
4 7218 7219 7235 7234
4 7219 7220 7236 7235
4 7220 7221 7237 7236
4 7221 7222 7238 7237
4 7222 7223 7239 7238
4 7223 7224 7240 7239
4 7224 7225 7241 7240
4 7225 7226 7242 7241
4 7226 7227 7243 7242
4 7227 7228 7244 7243
4 7228 7229 7245 7244
4 7229 7230 7246 7245
4 7230 7231 7247 7246
4 7231 2908 2909 7247
4 2945 7232 7248 2946
4 7232 7233 7249 7248
4 7233 7234 7250 7249
4 7234 7235 7251 7250
4 7235 7236 7252 7251
4 7236 7237 7253 7252
4 7237 7238 7254 7253
4 7238 7239 7255 7254
4 7239 7240 7256 7255
4 7240 7241 7257 7256
4 7241 7242 7258 7257
4 7242 7243 7259 7258
4 7243 7244 7260 7259
4 7244 7245 7261 7260
4 7245 7246 7262 7261
4 7246 7247 7263 7262
4 7247 2909 2910 7263
4 2946 7248 7264 2947
4 7248 7249 7265 7264
4 7249 7250 7266 7265
4 7250 7251 7267 7266
4 7251 7252 7268 7267
4 7252 7253 7269 7268
4 7253 7254 7270 7269
4 7254 7255 7271 7270
4 7255 7256 7272 7271
4 7256 7257 7273 7272
4 7257 7258 7274 7273
4 7258 7259 7275 7274
4 7259 7260 7276 7275
4 7260 7261 7277 7276
4 7261 7262 7278 7277
4 7262 7263 7279 7278
4 7263 2910 2911 7279
4 2947 7264 7280 2948
4 7264 7265 7281 7280
4 7265 7266 7282 7281
4 7266 7267 7283 7282
4 7267 7268 7284 7283
4 7268 7269 7285 7284
4 7269 7270 7286 7285
4 7270 7271 7287 7286
4 7271 7272 7288 7287
4 7272 7273 7289 7288
4 7273 7274 7290 7289
4 7274 7275 7291 7290
4 7275 7276 7292 7291
4 7276 7277 7293 7292
4 7277 7278 7294 7293
4 7278 7279 7295 7294
4 7279 2911 2912 7295
4 2948 7280 7296 2949
4 7280 7281 7297 7296
4 7281 7282 7298 7297
4 7282 7283 7299 7298
4 7283 7284 7300 7299
4 7284 7285 7301 7300
4 7285 7286 7302 7301
4 7286 7287 7303 7302
4 7287 7288 7304 7303
4 7288 7289 7305 7304
4 7289 7290 7306 7305
4 7290 7291 7307 7306
4 7291 7292 7308 7307
4 7292 7293 7309 7308
4 7293 7294 7310 7309
4 7294 7295 7311 7310
4 7295 2912 2913 7311
4 2949 7296 7312 2950
4 7296 7297 7313 7312
4 7297 7298 7314 7313
4 7298 7299 7315 7314
4 7299 7300 7316 7315
4 7300 7301 7317 7316
4 7301 7302 7318 7317
4 7302 7303 7319 7318
4 7303 7304 7320 7319
4 7304 7305 7321 7320
4 7305 7306 7322 7321
4 7306 7307 7323 7322
4 7307 7308 7324 7323
4 7308 7309 7325 7324
4 7309 7310 7326 7325
4 7310 7311 7327 7326
4 7311 2913 2914 7327
4 2950 7312 7328 2951
4 7312 7313 7329 7328
4 7313 7314 7330 7329
4 7314 7315 7331 7330
4 7315 7316 7332 7331
4 7316 7317 7333 7332
4 7317 7318 7334 7333
4 7318 7319 7335 7334
4 7319 7320 7336 7335
4 7320 7321 7337 7336
4 7321 7322 7338 7337
4 7322 7323 7339 7338
4 7323 7324 7340 7339
4 7324 7325 7341 7340
4 7325 7326 7342 7341
4 7326 7327 7343 7342
4 7327 2914 2915 7343
4 2951 7328 1715 179
4 7328 7329 1714 1715
4 7329 7330 1713 1714
4 7330 7331 1712 1713
4 7331 7332 1711 1712
4 7332 7333 1710 1711
4 7333 7334 1709 1710
4 7334 7335 1708 1709
4 7335 7336 1707 1708
4 7336 7337 1706 1707
4 7337 7338 1705 1706
4 7338 7339 1704 1705
4 7339 7340 1703 1704
4 7340 7341 1702 1703
4 7341 7342 1701 1702
4 7342 7343 1700 1701
4 7343 2915 167 1700
4 179 1715 1539 168
4 1715 1714 1538 1539
4 1714 1713 1537 1538
4 1713 1712 1536 1537
4 1712 1711 1535 1536
4 1711 1710 1534 1535
4 1710 1709 1533 1534
4 1709 1708 1532 1533
4 1708 1707 1531 1532
4 1707 1706 1530 1531
4 1706 1705 1529 1530
4 1705 1704 1528 1529
4 1704 1703 1527 1528
4 1703 1702 1526 1527
4 1702 1701 1525 1526
4 1701 1700 1524 1525
4 1700 167 156 1524
4 180 168 169 181
4 181 169 2916 2952
4 2952 2916 2917 2953
4 2953 2917 2918 2954
4 2954 2918 2919 2955
4 2955 2919 2920 2956
4 2956 2920 2921 2957
4 2957 2921 2922 2958
4 2958 2922 2923 2959
4 2959 2923 2924 2960
4 2960 2924 170 182
4 182 170 171 183
4 183 171 172 184
4 184 172 2925 2961
4 2961 2925 2926 2962
4 2962 2926 2927 2963
4 2963 2927 2928 2964
4 2964 2928 2929 2965
4 2965 2929 2930 2966
4 2966 2930 2931 2967
4 2967 2931 2932 2968
4 2968 2932 2933 2969
4 2969 2933 173 185
4 185 173 174 186
4 186 174 175 187
4 187 175 2934 2970
4 2970 2934 2935 2971
4 2971 2935 2936 2972
4 2972 2936 2937 2973
4 2973 2937 2938 2974
4 2974 2938 2939 2975
4 2975 2939 2940 2976
4 2976 2940 2941 2977
4 2977 2941 2942 2978
4 2978 2942 176 188
4 188 176 177 189
4 189 177 178 190
4 190 178 2943 2979
4 2979 2943 2944 2980
4 2980 2944 2945 2981
4 2981 2945 2946 2982
4 2982 2946 2947 2983
4 2983 2947 2948 2984
4 2984 2948 2949 2985
4 2985 2949 2950 2986
4 2986 2950 2951 2987
4 2987 2951 179 191
4 191 179 168 180
4 192 1717 1719 193
4 1717 1716 1718 1719
4 1716 180 181 1718
4 193 1719 7344 2988
4 1719 1718 7345 7344
4 1718 181 2952 7345
4 2988 7344 7346 2989
4 7344 7345 7347 7346
4 7345 2952 2953 7347
4 2989 7346 7348 2990
4 7346 7347 7349 7348
4 7347 2953 2954 7349
4 2990 7348 7350 2991
4 7348 7349 7351 7350
4 7349 2954 2955 7351
4 2991 7350 7352 2992
4 7350 7351 7353 7352
4 7351 2955 2956 7353
4 2992 7352 7354 2993
4 7352 7353 7355 7354
4 7353 2956 2957 7355
4 2993 7354 7356 2994
4 7354 7355 7357 7356
4 7355 2957 2958 7357
4 2994 7356 7358 2995
4 7356 7357 7359 7358
4 7357 2958 2959 7359
4 2995 7358 7360 2996
4 7358 7359 7361 7360
4 7359 2959 2960 7361
4 2996 7360 1721 194
4 7360 7361 1720 1721
4 7361 2960 182 1720
4 194 1721 1723 195
4 1721 1720 1722 1723
4 1720 182 183 1722
4 195 1723 1725 196
4 1723 1722 1724 1725
4 1722 183 184 1724
4 196 1725 7362 2997
4 1725 1724 7363 7362
4 1724 184 2961 7363
4 2997 7362 7364 2998
4 7362 7363 7365 7364
4 7363 2961 2962 7365
4 2998 7364 7366 2999
4 7364 7365 7367 7366
4 7365 2962 2963 7367
4 2999 7366 7368 3000
4 7366 7367 7369 7368
4 7367 2963 2964 7369
4 3000 7368 7370 3001
4 7368 7369 7371 7370
4 7369 2964 2965 7371
4 3001 7370 7372 3002
4 7370 7371 7373 7372
4 7371 2965 2966 7373
4 3002 7372 7374 3003
4 7372 7373 7375 7374
4 7373 2966 2967 7375
4 3003 7374 7376 3004
4 7374 7375 7377 7376
4 7375 2967 2968 7377
4 3004 7376 7378 3005
4 7376 7377 7379 7378
4 7377 2968 2969 7379
4 3005 7378 1727 197
4 7378 7379 1726 1727
4 7379 2969 185 1726
4 197 1727 1729 198
4 1727 1726 1728 1729
4 1726 185 186 1728
4 198 1729 1731 199
4 1729 1728 1730 1731
4 1728 186 187 1730
4 199 1731 7380 3006
4 1731 1730 7381 7380
4 1730 187 2970 7381
4 3006 7380 7382 3007
4 7380 7381 7383 7382
4 7381 2970 2971 7383
4 3007 7382 7384 3008
4 7382 7383 7385 7384
4 7383 2971 2972 7385
4 3008 7384 7386 3009
4 7384 7385 7387 7386
4 7385 2972 2973 7387
4 3009 7386 7388 3010
4 7386 7387 7389 7388
4 7387 2973 2974 7389
4 3010 7388 7390 3011
4 7388 7389 7391 7390
4 7389 2974 2975 7391
4 3011 7390 7392 3012
4 7390 7391 7393 7392
4 7391 2975 2976 7393
4 3012 7392 7394 3013
4 7392 7393 7395 7394
4 7393 2976 2977 7395
4 3013 7394 7396 3014
4 7394 7395 7397 7396
4 7395 2977 2978 7397
4 3014 7396 1733 200
4 7396 7397 1732 1733
4 7397 2978 188 1732
4 200 1733 1735 201
4 1733 1732 1734 1735
4 1732 188 189 1734
4 201 1735 1737 202
4 1735 1734 1736 1737
4 1734 189 190 1736
4 202 1737 7398 3015
4 1737 1736 7399 7398
4 1736 190 2979 7399
4 3015 7398 7400 3016
4 7398 7399 7401 7400
4 7399 2979 2980 7401
4 3016 7400 7402 3017
4 7400 7401 7403 7402
4 7401 2980 2981 7403
4 3017 7402 7404 3018
4 7402 7403 7405 7404
4 7403 2981 2982 7405
4 3018 7404 7406 3019
4 7404 7405 7407 7406
4 7405 2982 2983 7407
4 3019 7406 7408 3020
4 7406 7407 7409 7408
4 7407 2983 2984 7409
4 3020 7408 7410 3021
4 7408 7409 7411 7410
4 7409 2984 2985 7411
4 3021 7410 7412 3022
4 7410 7411 7413 7412
4 7411 2985 2986 7413
4 3022 7412 7414 3023
4 7412 7413 7415 7414
4 7413 2986 2987 7415
4 3023 7414 1739 203
4 7414 7415 1738 1739
4 7415 2987 191 1738
4 203 1739 1717 192
4 1739 1738 1716 1717
4 1738 191 180 1716
4 204 192 193 205
4 205 193 2988 3024
4 3024 2988 2989 3025
4 3025 2989 2990 3026
4 3026 2990 2991 3027
4 3027 2991 2992 3028
4 3028 2992 2993 3029
4 3029 2993 2994 3030
4 3030 2994 2995 3031
4 3031 2995 2996 3032
4 3032 2996 194 206
4 206 194 195 207
4 207 195 196 208
4 208 196 2997 3033
4 3033 2997 2998 3034
4 3034 2998 2999 3035
4 3035 2999 3000 3036
4 3036 3000 3001 3037
4 3037 3001 3002 3038
4 3038 3002 3003 3039
4 3039 3003 3004 3040
4 3040 3004 3005 3041
4 3041 3005 197 209
4 209 197 198 210
4 210 198 199 211
4 211 199 3006 3042
4 3042 3006 3007 3043
4 3043 3007 3008 3044
4 3044 3008 3009 3045
4 3045 3009 3010 3046
4 3046 3010 3011 3047
4 3047 3011 3012 3048
4 3048 3012 3013 3049
4 3049 3013 3014 3050
4 3050 3014 200 212
4 212 200 201 213
4 213 201 202 214
4 214 202 3015 3051
4 3051 3015 3016 3052
4 3052 3016 3017 3053
4 3053 3017 3018 3054
4 3054 3018 3019 3055
4 3055 3019 3020 3056
4 3056 3020 3021 3057
4 3057 3021 3022 3058
4 3058 3022 3023 3059
4 3059 3023 203 215
4 215 203 192 204
4 216 1783 1827 217
4 1783 1782 1826 1827
4 1782 1781 1825 1826
4 1781 1780 1824 1825
4 1780 1779 1823 1824
4 1779 1778 1822 1823
4 1778 1777 1821 1822
4 1777 1776 1820 1821
4 1776 1775 1819 1820
4 1775 1774 1818 1819
4 1774 1773 1817 1818
4 1773 1772 1816 1817
4 1772 1771 1815 1816
4 1771 1770 1814 1815
4 1770 1769 1813 1814
4 1769 1768 1812 1813
4 1768 1767 1811 1812
4 1767 1766 1810 1811
4 1766 1765 1809 1810
4 1765 1764 1808 1809
4 1764 1763 1807 1808
4 1763 1762 1806 1807
4 1762 1761 1805 1806
4 1761 1760 1804 1805
4 1760 1759 1803 1804
4 1759 1758 1802 1803
4 1758 1757 1801 1802
4 1757 1756 1800 1801
4 1756 1755 1799 1800
4 1755 1754 1798 1799
4 1754 1753 1797 1798
4 1753 1752 1796 1797
4 1752 1751 1795 1796
4 1751 1750 1794 1795
4 1750 1749 1793 1794
4 1749 1748 1792 1793
4 1748 1747 1791 1792
4 1747 1746 1790 1791
4 1746 1745 1789 1790
4 1745 1744 1788 1789
4 1744 1743 1787 1788
4 1743 1742 1786 1787
4 1742 1741 1785 1786
4 1741 1740 1784 1785
4 1740 204 205 1784
4 217 1827 7416 3060
4 1827 1826 7417 7416
4 1826 1825 7418 7417
4 1825 1824 7419 7418
4 1824 1823 7420 7419
4 1823 1822 7421 7420
4 1822 1821 7422 7421
4 1821 1820 7423 7422
4 1820 1819 7424 7423
4 1819 1818 7425 7424
4 1818 1817 7426 7425
4 1817 1816 7427 7426
4 1816 1815 7428 7427
4 1815 1814 7429 7428
4 1814 1813 7430 7429
4 1813 1812 7431 7430
4 1812 1811 7432 7431
4 1811 1810 7433 7432
4 1810 1809 7434 7433
4 1809 1808 7435 7434
4 1808 1807 7436 7435
4 1807 1806 7437 7436
4 1806 1805 7438 7437
4 1805 1804 7439 7438
4 1804 1803 7440 7439
4 1803 1802 7441 7440
4 1802 1801 7442 7441
4 1801 1800 7443 7442
4 1800 1799 7444 7443
4 1799 1798 7445 7444
4 1798 1797 7446 7445
4 1797 1796 7447 7446
4 1796 1795 7448 7447
4 1795 1794 7449 7448
4 1794 1793 7450 7449
4 1793 1792 7451 7450
4 1792 1791 7452 7451
4 1791 1790 7453 7452
4 1790 1789 7454 7453
4 1789 1788 7455 7454
4 1788 1787 7456 7455
4 1787 1786 7457 7456
4 1786 1785 7458 7457
4 1785 1784 7459 7458
4 1784 205 3024 7459
4 3060 7416 7460 3061
4 7416 7417 7461 7460
4 7417 7418 7462 7461
4 7418 7419 7463 7462
4 7419 7420 7464 7463
4 7420 7421 7465 7464
4 7421 7422 7466 7465
4 7422 7423 7467 7466
4 7423 7424 7468 7467
4 7424 7425 7469 7468
4 7425 7426 7470 7469
4 7426 7427 7471 7470
4 7427 7428 7472 7471
4 7428 7429 7473 7472
4 7429 7430 7474 7473
4 7430 7431 7475 7474
4 7431 7432 7476 7475
4 7432 7433 7477 7476
4 7433 7434 7478 7477
4 7434 7435 7479 7478
4 7435 7436 7480 7479
4 7436 7437 7481 7480
4 7437 7438 7482 7481
4 7438 7439 7483 7482
4 7439 7440 7484 7483
4 7440 7441 7485 7484
4 7441 7442 7486 7485
4 7442 7443 7487 7486
4 7443 7444 7488 7487
4 7444 7445 7489 7488
4 7445 7446 7490 7489
4 7446 7447 7491 7490
4 7447 7448 7492 7491
4 7448 7449 7493 7492
4 7449 7450 7494 7493
4 7450 7451 7495 7494
4 7451 7452 7496 7495
4 7452 7453 7497 7496
4 7453 7454 7498 7497
4 7454 7455 7499 7498
4 7455 7456 7500 7499
4 7456 7457 7501 7500
4 7457 7458 7502 7501
4 7458 7459 7503 7502
4 7459 3024 3025 7503
4 3061 7460 7504 3062
4 7460 7461 7505 7504
4 7461 7462 7506 7505
4 7462 7463 7507 7506
4 7463 7464 7508 7507
4 7464 7465 7509 7508
4 7465 7466 7510 7509
4 7466 7467 7511 7510
4 7467 7468 7512 7511
4 7468 7469 7513 7512
4 7469 7470 7514 7513
4 7470 7471 7515 7514
4 7471 7472 7516 7515
4 7472 7473 7517 7516
4 7473 7474 7518 7517
4 7474 7475 7519 7518
4 7475 7476 7520 7519
4 7476 7477 7521 7520
4 7477 7478 7522 7521
4 7478 7479 7523 7522
4 7479 7480 7524 7523
4 7480 7481 7525 7524
4 7481 7482 7526 7525
4 7482 7483 7527 7526
4 7483 7484 7528 7527
4 7484 7485 7529 7528
4 7485 7486 7530 7529
4 7486 7487 7531 7530
4 7487 7488 7532 7531
4 7488 7489 7533 7532
4 7489 7490 7534 7533
4 7490 7491 7535 7534
4 7491 7492 7536 7535
4 7492 7493 7537 7536
4 7493 7494 7538 7537
4 7494 7495 7539 7538
4 7495 7496 7540 7539
4 7496 7497 7541 7540
4 7497 7498 7542 7541
4 7498 7499 7543 7542
4 7499 7500 7544 7543
4 7500 7501 7545 7544
4 7501 7502 7546 7545
4 7502 7503 7547 7546
4 7503 3025 3026 7547
4 3062 7504 7548 3063
4 7504 7505 7549 7548
4 7505 7506 7550 7549
4 7506 7507 7551 7550
4 7507 7508 7552 7551
4 7508 7509 7553 7552
4 7509 7510 7554 7553
4 7510 7511 7555 7554
4 7511 7512 7556 7555
4 7512 7513 7557 7556
4 7513 7514 7558 7557
4 7514 7515 7559 7558
4 7515 7516 7560 7559
4 7516 7517 7561 7560
4 7517 7518 7562 7561
4 7518 7519 7563 7562
4 7519 7520 7564 7563
4 7520 7521 7565 7564
4 7521 7522 7566 7565
4 7522 7523 7567 7566
4 7523 7524 7568 7567
4 7524 7525 7569 7568
4 7525 7526 7570 7569
4 7526 7527 7571 7570
4 7527 7528 7572 7571
4 7528 7529 7573 7572
4 7529 7530 7574 7573
4 7530 7531 7575 7574
4 7531 7532 7576 7575
4 7532 7533 7577 7576
4 7533 7534 7578 7577
4 7534 7535 7579 7578
4 7535 7536 7580 7579
4 7536 7537 7581 7580
4 7537 7538 7582 7581
4 7538 7539 7583 7582
4 7539 7540 7584 7583
4 7540 7541 7585 7584
4 7541 7542 7586 7585
4 7542 7543 7587 7586
4 7543 7544 7588 7587
4 7544 7545 7589 7588
4 7545 7546 7590 7589
4 7546 7547 7591 7590
4 7547 3026 3027 7591
4 3063 7548 7592 3064
4 7548 7549 7593 7592
4 7549 7550 7594 7593
4 7550 7551 7595 7594
4 7551 7552 7596 7595
4 7552 7553 7597 7596
4 7553 7554 7598 7597
4 7554 7555 7599 7598
4 7555 7556 7600 7599
4 7556 7557 7601 7600
4 7557 7558 7602 7601
4 7558 7559 7603 7602
4 7559 7560 7604 7603
4 7560 7561 7605 7604
4 7561 7562 7606 7605
4 7562 7563 7607 7606
4 7563 7564 7608 7607
4 7564 7565 7609 7608
4 7565 7566 7610 7609
4 7566 7567 7611 7610
4 7567 7568 7612 7611
4 7568 7569 7613 7612
4 7569 7570 7614 7613
4 7570 7571 7615 7614
4 7571 7572 7616 7615
4 7572 7573 7617 7616
4 7573 7574 7618 7617
4 7574 7575 7619 7618
4 7575 7576 7620 7619
4 7576 7577 7621 7620
4 7577 7578 7622 7621
4 7578 7579 7623 7622
4 7579 7580 7624 7623
4 7580 7581 7625 7624
4 7581 7582 7626 7625
4 7582 7583 7627 7626
4 7583 7584 7628 7627
4 7584 7585 7629 7628
4 7585 7586 7630 7629
4 7586 7587 7631 7630
4 7587 7588 7632 7631
4 7588 7589 7633 7632
4 7589 7590 7634 7633
4 7590 7591 7635 7634
4 7591 3027 3028 7635
4 3064 7592 7636 3065
4 7592 7593 7637 7636
4 7593 7594 7638 7637
4 7594 7595 7639 7638
4 7595 7596 7640 7639
4 7596 7597 7641 7640
4 7597 7598 7642 7641
4 7598 7599 7643 7642
4 7599 7600 7644 7643
4 7600 7601 7645 7644
4 7601 7602 7646 7645
4 7602 7603 7647 7646
4 7603 7604 7648 7647
4 7604 7605 7649 7648
4 7605 7606 7650 7649
4 7606 7607 7651 7650
4 7607 7608 7652 7651
4 7608 7609 7653 7652
4 7609 7610 7654 7653
4 7610 7611 7655 7654
4 7611 7612 7656 7655
4 7612 7613 7657 7656
4 7613 7614 7658 7657
4 7614 7615 7659 7658
4 7615 7616 7660 7659
4 7616 7617 7661 7660
4 7617 7618 7662 7661
4 7618 7619 7663 7662
4 7619 7620 7664 7663
4 7620 7621 7665 7664
4 7621 7622 7666 7665
4 7622 7623 7667 7666
4 7623 7624 7668 7667
4 7624 7625 7669 7668
4 7625 7626 7670 7669
4 7626 7627 7671 7670
4 7627 7628 7672 7671
4 7628 7629 7673 7672
4 7629 7630 7674 7673
4 7630 7631 7675 7674
4 7631 7632 7676 7675
4 7632 7633 7677 7676
4 7633 7634 7678 7677
4 7634 7635 7679 7678
4 7635 3028 3029 7679
4 3065 7636 7680 3066
4 7636 7637 7681 7680
4 7637 7638 7682 7681
4 7638 7639 7683 7682
4 7639 7640 7684 7683
4 7640 7641 7685 7684
4 7641 7642 7686 7685
4 7642 7643 7687 7686
4 7643 7644 7688 7687
4 7644 7645 7689 7688
4 7645 7646 7690 7689
4 7646 7647 7691 7690
4 7647 7648 7692 7691
4 7648 7649 7693 7692
4 7649 7650 7694 7693
4 7650 7651 7695 7694
4 7651 7652 7696 7695
4 7652 7653 7697 7696
4 7653 7654 7698 7697
4 7654 7655 7699 7698
4 7655 7656 7700 7699
4 7656 7657 7701 7700
4 7657 7658 7702 7701
4 7658 7659 7703 7702
4 7659 7660 7704 7703
4 7660 7661 7705 7704
4 7661 7662 7706 7705
4 7662 7663 7707 7706
4 7663 7664 7708 7707
4 7664 7665 7709 7708
4 7665 7666 7710 7709
4 7666 7667 7711 7710
4 7667 7668 7712 7711
4 7668 7669 7713 7712
4 7669 7670 7714 7713
4 7670 7671 7715 7714
4 7671 7672 7716 7715
4 7672 7673 7717 7716
4 7673 7674 7718 7717
4 7674 7675 7719 7718
4 7675 7676 7720 7719
4 7676 7677 7721 7720
4 7677 7678 7722 7721
4 7678 7679 7723 7722
4 7679 3029 3030 7723
4 3066 7680 7724 3067
4 7680 7681 7725 7724
4 7681 7682 7726 7725
4 7682 7683 7727 7726
4 7683 7684 7728 7727
4 7684 7685 7729 7728
4 7685 7686 7730 7729
4 7686 7687 7731 7730
4 7687 7688 7732 7731
4 7688 7689 7733 7732
4 7689 7690 7734 7733
4 7690 7691 7735 7734
4 7691 7692 7736 7735
4 7692 7693 7737 7736
4 7693 7694 7738 7737
4 7694 7695 7739 7738
4 7695 7696 7740 7739
4 7696 7697 7741 7740
4 7697 7698 7742 7741
4 7698 7699 7743 7742
4 7699 7700 7744 7743
4 7700 7701 7745 7744
4 7701 7702 7746 7745
4 7702 7703 7747 7746
4 7703 7704 7748 7747
4 7704 7705 7749 7748
4 7705 7706 7750 7749
4 7706 7707 7751 7750
4 7707 7708 7752 7751
4 7708 7709 7753 7752
4 7709 7710 7754 7753
4 7710 7711 7755 7754
4 7711 7712 7756 7755
4 7712 7713 7757 7756
4 7713 7714 7758 7757
4 7714 7715 7759 7758
4 7715 7716 7760 7759
4 7716 7717 7761 7760
4 7717 7718 7762 7761
4 7718 7719 7763 7762
4 7719 7720 7764 7763
4 7720 7721 7765 7764
4 7721 7722 7766 7765
4 7722 7723 7767 7766
4 7723 3030 3031 7767
4 3067 7724 7768 3068
4 7724 7725 7769 7768
4 7725 7726 7770 7769
4 7726 7727 7771 7770
4 7727 7728 7772 7771
4 7728 7729 7773 7772
4 7729 7730 7774 7773
4 7730 7731 7775 7774
4 7731 7732 7776 7775
4 7732 7733 7777 7776
4 7733 7734 7778 7777
4 7734 7735 7779 7778
4 7735 7736 7780 7779
4 7736 7737 7781 7780
4 7737 7738 7782 7781
4 7738 7739 7783 7782
4 7739 7740 7784 7783
4 7740 7741 7785 7784
4 7741 7742 7786 7785
4 7742 7743 7787 7786
4 7743 7744 7788 7787
4 7744 7745 7789 7788
4 7745 7746 7790 7789
4 7746 7747 7791 7790
4 7747 7748 7792 7791
4 7748 7749 7793 7792
4 7749 7750 7794 7793
4 7750 7751 7795 7794
4 7751 7752 7796 7795
4 7752 7753 7797 7796
4 7753 7754 7798 7797
4 7754 7755 7799 7798
4 7755 7756 7800 7799
4 7756 7757 7801 7800
4 7757 7758 7802 7801
4 7758 7759 7803 7802
4 7759 7760 7804 7803
4 7760 7761 7805 7804
4 7761 7762 7806 7805
4 7762 7763 7807 7806
4 7763 7764 7808 7807
4 7764 7765 7809 7808
4 7765 7766 7810 7809
4 7766 7767 7811 7810
4 7767 3031 3032 7811
4 3068 7768 1871 218
4 7768 7769 1870 1871
4 7769 7770 1869 1870
4 7770 7771 1868 1869
4 7771 7772 1867 1868
4 7772 7773 1866 1867
4 7773 7774 1865 1866
4 7774 7775 1864 1865
4 7775 7776 1863 1864
4 7776 7777 1862 1863
4 7777 7778 1861 1862
4 7778 7779 1860 1861
4 7779 7780 1859 1860
4 7780 7781 1858 1859
4 7781 7782 1857 1858
4 7782 7783 1856 1857
4 7783 7784 1855 1856
4 7784 7785 1854 1855
4 7785 7786 1853 1854
4 7786 7787 1852 1853
4 7787 7788 1851 1852
4 7788 7789 1850 1851
4 7789 7790 1849 1850
4 7790 7791 1848 1849
4 7791 7792 1847 1848
4 7792 7793 1846 1847
4 7793 7794 1845 1846
4 7794 7795 1844 1845
4 7795 7796 1843 1844
4 7796 7797 1842 1843
4 7797 7798 1841 1842
4 7798 7799 1840 1841
4 7799 7800 1839 1840
4 7800 7801 1838 1839
4 7801 7802 1837 1838
4 7802 7803 1836 1837
4 7803 7804 1835 1836
4 7804 7805 1834 1835
4 7805 7806 1833 1834
4 7806 7807 1832 1833
4 7807 7808 1831 1832
4 7808 7809 1830 1831
4 7809 7810 1829 1830
4 7810 7811 1828 1829
4 7811 3032 206 1828
4 218 1871 1915 219
4 1871 1870 1914 1915
4 1870 1869 1913 1914
4 1869 1868 1912 1913
4 1868 1867 1911 1912
4 1867 1866 1910 1911
4 1866 1865 1909 1910
4 1865 1864 1908 1909
4 1864 1863 1907 1908
4 1863 1862 1906 1907
4 1862 1861 1905 1906
4 1861 1860 1904 1905
4 1860 1859 1903 1904
4 1859 1858 1902 1903
4 1858 1857 1901 1902
4 1857 1856 1900 1901
4 1856 1855 1899 1900
4 1855 1854 1898 1899
4 1854 1853 1897 1898
4 1853 1852 1896 1897
4 1852 1851 1895 1896
4 1851 1850 1894 1895
4 1850 1849 1893 1894
4 1849 1848 1892 1893
4 1848 1847 1891 1892
4 1847 1846 1890 1891
4 1846 1845 1889 1890
4 1845 1844 1888 1889
4 1844 1843 1887 1888
4 1843 1842 1886 1887
4 1842 1841 1885 1886
4 1841 1840 1884 1885
4 1840 1839 1883 1884
4 1839 1838 1882 1883
4 1838 1837 1881 1882
4 1837 1836 1880 1881
4 1836 1835 1879 1880
4 1835 1834 1878 1879
4 1834 1833 1877 1878
4 1833 1832 1876 1877
4 1832 1831 1875 1876
4 1831 1830 1874 1875
4 1830 1829 1873 1874
4 1829 1828 1872 1873
4 1828 206 207 1872
4 219 1915 1959 220
4 1915 1914 1958 1959
4 1914 1913 1957 1958
4 1913 1912 1956 1957
4 1912 1911 1955 1956
4 1911 1910 1954 1955
4 1910 1909 1953 1954
4 1909 1908 1952 1953
4 1908 1907 1951 1952
4 1907 1906 1950 1951
4 1906 1905 1949 1950
4 1905 1904 1948 1949
4 1904 1903 1947 1948
4 1903 1902 1946 1947
4 1902 1901 1945 1946
4 1901 1900 1944 1945
4 1900 1899 1943 1944
4 1899 1898 1942 1943
4 1898 1897 1941 1942
4 1897 1896 1940 1941
4 1896 1895 1939 1940
4 1895 1894 1938 1939
4 1894 1893 1937 1938
4 1893 1892 1936 1937
4 1892 1891 1935 1936
4 1891 1890 1934 1935
4 1890 1889 1933 1934
4 1889 1888 1932 1933
4 1888 1887 1931 1932
4 1887 1886 1930 1931
4 1886 1885 1929 1930
4 1885 1884 1928 1929
4 1884 1883 1927 1928
4 1883 1882 1926 1927
4 1882 1881 1925 1926
4 1881 1880 1924 1925
4 1880 1879 1923 1924
4 1879 1878 1922 1923
4 1878 1877 1921 1922
4 1877 1876 1920 1921
4 1876 1875 1919 1920
4 1875 1874 1918 1919
4 1874 1873 1917 1918
4 1873 1872 1916 1917
4 1872 207 208 1916
4 220 1959 7812 3069
4 1959 1958 7813 7812
4 1958 1957 7814 7813
4 1957 1956 7815 7814
4 1956 1955 7816 7815
4 1955 1954 7817 7816
4 1954 1953 7818 7817
4 1953 1952 7819 7818
4 1952 1951 7820 7819
4 1951 1950 7821 7820
4 1950 1949 7822 7821
4 1949 1948 7823 7822
4 1948 1947 7824 7823
4 1947 1946 7825 7824
4 1946 1945 7826 7825
4 1945 1944 7827 7826
4 1944 1943 7828 7827
4 1943 1942 7829 7828
4 1942 1941 7830 7829
4 1941 1940 7831 7830
4 1940 1939 7832 7831
4 1939 1938 7833 7832
4 1938 1937 7834 7833
4 1937 1936 7835 7834
4 1936 1935 7836 7835
4 1935 1934 7837 7836
4 1934 1933 7838 7837
4 1933 1932 7839 7838
4 1932 1931 7840 7839
4 1931 1930 7841 7840
4 1930 1929 7842 7841
4 1929 1928 7843 7842
4 1928 1927 7844 7843
4 1927 1926 7845 7844
4 1926 1925 7846 7845
4 1925 1924 7847 7846
4 1924 1923 7848 7847
4 1923 1922 7849 7848
4 1922 1921 7850 7849
4 1921 1920 7851 7850
4 1920 1919 7852 7851
4 1919 1918 7853 7852
4 1918 1917 7854 7853
4 1917 1916 7855 7854
4 1916 208 3033 7855
4 3069 7812 7856 3070
4 7812 7813 7857 7856
4 7813 7814 7858 7857
4 7814 7815 7859 7858
4 7815 7816 7860 7859
4 7816 7817 7861 7860
4 7817 7818 7862 7861
4 7818 7819 7863 7862
4 7819 7820 7864 7863
4 7820 7821 7865 7864
4 7821 7822 7866 7865
4 7822 7823 7867 7866
4 7823 7824 7868 7867
4 7824 7825 7869 7868
4 7825 7826 7870 7869
4 7826 7827 7871 7870
4 7827 7828 7872 7871
4 7828 7829 7873 7872
4 7829 7830 7874 7873
4 7830 7831 7875 7874
4 7831 7832 7876 7875
4 7832 7833 7877 7876
4 7833 7834 7878 7877
4 7834 7835 7879 7878
4 7835 7836 7880 7879
4 7836 7837 7881 7880
4 7837 7838 7882 7881
4 7838 7839 7883 7882
4 7839 7840 7884 7883
4 7840 7841 7885 7884
4 7841 7842 7886 7885
4 7842 7843 7887 7886
4 7843 7844 7888 7887
4 7844 7845 7889 7888
4 7845 7846 7890 7889
4 7846 7847 7891 7890
4 7847 7848 7892 7891
4 7848 7849 7893 7892
4 7849 7850 7894 7893
4 7850 7851 7895 7894
4 7851 7852 7896 7895
4 7852 7853 7897 7896
4 7853 7854 7898 7897
4 7854 7855 7899 7898
4 7855 3033 3034 7899
4 3070 7856 7900 3071
4 7856 7857 7901 7900
4 7857 7858 7902 7901
4 7858 7859 7903 7902
4 7859 7860 7904 7903
4 7860 7861 7905 7904
4 7861 7862 7906 7905
4 7862 7863 7907 7906
4 7863 7864 7908 7907
4 7864 7865 7909 7908
4 7865 7866 7910 7909
4 7866 7867 7911 7910
4 7867 7868 7912 7911
4 7868 7869 7913 7912
4 7869 7870 7914 7913
4 7870 7871 7915 7914
4 7871 7872 7916 7915
4 7872 7873 7917 7916
4 7873 7874 7918 7917
4 7874 7875 7919 7918
4 7875 7876 7920 7919
4 7876 7877 7921 7920
4 7877 7878 7922 7921
4 7878 7879 7923 7922
4 7879 7880 7924 7923
4 7880 7881 7925 7924
4 7881 7882 7926 7925
4 7882 7883 7927 7926
4 7883 7884 7928 7927
4 7884 7885 7929 7928
4 7885 7886 7930 7929
4 7886 7887 7931 7930
4 7887 7888 7932 7931
4 7888 7889 7933 7932
4 7889 7890 7934 7933
4 7890 7891 7935 7934
4 7891 7892 7936 7935
4 7892 7893 7937 7936
4 7893 7894 7938 7937
4 7894 7895 7939 7938
4 7895 7896 7940 7939
4 7896 7897 7941 7940
4 7897 7898 7942 7941
4 7898 7899 7943 7942
4 7899 3034 3035 7943
4 3071 7900 7944 3072
4 7900 7901 7945 7944
4 7901 7902 7946 7945
4 7902 7903 7947 7946
4 7903 7904 7948 7947
4 7904 7905 7949 7948
4 7905 7906 7950 7949
4 7906 7907 7951 7950
4 7907 7908 7952 7951
4 7908 7909 7953 7952
4 7909 7910 7954 7953
4 7910 7911 7955 7954
4 7911 7912 7956 7955
4 7912 7913 7957 7956
4 7913 7914 7958 7957
4 7914 7915 7959 7958
4 7915 7916 7960 7959
4 7916 7917 7961 7960
4 7917 7918 7962 7961
4 7918 7919 7963 7962
4 7919 7920 7964 7963
4 7920 7921 7965 7964
4 7921 7922 7966 7965
4 7922 7923 7967 7966
4 7923 7924 7968 7967
4 7924 7925 7969 7968
4 7925 7926 7970 7969
4 7926 7927 7971 7970
4 7927 7928 7972 7971
4 7928 7929 7973 7972
4 7929 7930 7974 7973
4 7930 7931 7975 7974
4 7931 7932 7976 7975
4 7932 7933 7977 7976
4 7933 7934 7978 7977
4 7934 7935 7979 7978
4 7935 7936 7980 7979
4 7936 7937 7981 7980
4 7937 7938 7982 7981
4 7938 7939 7983 7982
4 7939 7940 7984 7983
4 7940 7941 7985 7984
4 7941 7942 7986 7985
4 7942 7943 7987 7986
4 7943 3035 3036 7987
4 3072 7944 7988 3073
4 7944 7945 7989 7988
4 7945 7946 7990 7989
4 7946 7947 7991 7990
4 7947 7948 7992 7991
4 7948 7949 7993 7992
4 7949 7950 7994 7993
4 7950 7951 7995 7994
4 7951 7952 7996 7995
4 7952 7953 7997 7996
4 7953 7954 7998 7997
4 7954 7955 7999 7998
4 7955 7956 8000 7999
4 7956 7957 8001 8000
4 7957 7958 8002 8001
4 7958 7959 8003 8002
4 7959 7960 8004 8003
4 7960 7961 8005 8004
4 7961 7962 8006 8005
4 7962 7963 8007 8006
4 7963 7964 8008 8007
4 7964 7965 8009 8008
4 7965 7966 8010 8009
4 7966 7967 8011 8010
4 7967 7968 8012 8011
4 7968 7969 8013 8012
4 7969 7970 8014 8013
4 7970 7971 8015 8014
4 7971 7972 8016 8015
4 7972 7973 8017 8016
4 7973 7974 8018 8017
4 7974 7975 8019 8018
4 7975 7976 8020 8019
4 7976 7977 8021 8020
4 7977 7978 8022 8021
4 7978 7979 8023 8022
4 7979 7980 8024 8023
4 7980 7981 8025 8024
4 7981 7982 8026 8025
4 7982 7983 8027 8026
4 7983 7984 8028 8027
4 7984 7985 8029 8028
4 7985 7986 8030 8029
4 7986 7987 8031 8030
4 7987 3036 3037 8031
4 3073 7988 8032 3074
4 7988 7989 8033 8032
4 7989 7990 8034 8033
4 7990 7991 8035 8034
4 7991 7992 8036 8035
4 7992 7993 8037 8036
4 7993 7994 8038 8037
4 7994 7995 8039 8038
4 7995 7996 8040 8039
4 7996 7997 8041 8040
4 7997 7998 8042 8041
4 7998 7999 8043 8042
4 7999 8000 8044 8043
4 8000 8001 8045 8044
4 8001 8002 8046 8045
4 8002 8003 8047 8046
4 8003 8004 8048 8047
4 8004 8005 8049 8048
4 8005 8006 8050 8049
4 8006 8007 8051 8050
4 8007 8008 8052 8051
4 8008 8009 8053 8052
4 8009 8010 8054 8053
4 8010 8011 8055 8054
4 8011 8012 8056 8055
4 8012 8013 8057 8056
4 8013 8014 8058 8057
4 8014 8015 8059 8058
4 8015 8016 8060 8059
4 8016 8017 8061 8060
4 8017 8018 8062 8061
4 8018 8019 8063 8062
4 8019 8020 8064 8063
4 8020 8021 8065 8064
4 8021 8022 8066 8065
4 8022 8023 8067 8066
4 8023 8024 8068 8067
4 8024 8025 8069 8068
4 8025 8026 8070 8069
4 8026 8027 8071 8070
4 8027 8028 8072 8071
4 8028 8029 8073 8072
4 8029 8030 8074 8073
4 8030 8031 8075 8074
4 8031 3037 3038 8075
4 3074 8032 8076 3075
4 8032 8033 8077 8076
4 8033 8034 8078 8077
4 8034 8035 8079 8078
4 8035 8036 8080 8079
4 8036 8037 8081 8080
4 8037 8038 8082 8081
4 8038 8039 8083 8082
4 8039 8040 8084 8083
4 8040 8041 8085 8084
4 8041 8042 8086 8085
4 8042 8043 8087 8086
4 8043 8044 8088 8087
4 8044 8045 8089 8088
4 8045 8046 8090 8089
4 8046 8047 8091 8090
4 8047 8048 8092 8091
4 8048 8049 8093 8092
4 8049 8050 8094 8093
4 8050 8051 8095 8094
4 8051 8052 8096 8095
4 8052 8053 8097 8096
4 8053 8054 8098 8097
4 8054 8055 8099 8098
4 8055 8056 8100 8099
4 8056 8057 8101 8100
4 8057 8058 8102 8101
4 8058 8059 8103 8102
4 8059 8060 8104 8103
4 8060 8061 8105 8104
4 8061 8062 8106 8105
4 8062 8063 8107 8106
4 8063 8064 8108 8107
4 8064 8065 8109 8108
4 8065 8066 8110 8109
4 8066 8067 8111 8110
4 8067 8068 8112 8111
4 8068 8069 8113 8112
4 8069 8070 8114 8113
4 8070 8071 8115 8114
4 8071 8072 8116 8115
4 8072 8073 8117 8116
4 8073 8074 8118 8117
4 8074 8075 8119 8118
4 8075 3038 3039 8119
4 3075 8076 8120 3076
4 8076 8077 8121 8120
4 8077 8078 8122 8121
4 8078 8079 8123 8122
4 8079 8080 8124 8123
4 8080 8081 8125 8124
4 8081 8082 8126 8125
4 8082 8083 8127 8126
4 8083 8084 8128 8127
4 8084 8085 8129 8128
4 8085 8086 8130 8129
4 8086 8087 8131 8130
4 8087 8088 8132 8131
4 8088 8089 8133 8132
4 8089 8090 8134 8133
4 8090 8091 8135 8134
4 8091 8092 8136 8135
4 8092 8093 8137 8136
4 8093 8094 8138 8137
4 8094 8095 8139 8138
4 8095 8096 8140 8139
4 8096 8097 8141 8140
4 8097 8098 8142 8141
4 8098 8099 8143 8142
4 8099 8100 8144 8143
4 8100 8101 8145 8144
4 8101 8102 8146 8145
4 8102 8103 8147 8146
4 8103 8104 8148 8147
4 8104 8105 8149 8148
4 8105 8106 8150 8149
4 8106 8107 8151 8150
4 8107 8108 8152 8151
4 8108 8109 8153 8152
4 8109 8110 8154 8153
4 8110 8111 8155 8154
4 8111 8112 8156 8155
4 8112 8113 8157 8156
4 8113 8114 8158 8157
4 8114 8115 8159 8158
4 8115 8116 8160 8159
4 8116 8117 8161 8160
4 8117 8118 8162 8161
4 8118 8119 8163 8162
4 8119 3039 3040 8163
4 3076 8120 8164 3077
4 8120 8121 8165 8164
4 8121 8122 8166 8165
4 8122 8123 8167 8166
4 8123 8124 8168 8167
4 8124 8125 8169 8168
4 8125 8126 8170 8169
4 8126 8127 8171 8170
4 8127 8128 8172 8171
4 8128 8129 8173 8172
4 8129 8130 8174 8173
4 8130 8131 8175 8174
4 8131 8132 8176 8175
4 8132 8133 8177 8176
4 8133 8134 8178 8177
4 8134 8135 8179 8178
4 8135 8136 8180 8179
4 8136 8137 8181 8180
4 8137 8138 8182 8181
4 8138 8139 8183 8182
4 8139 8140 8184 8183
4 8140 8141 8185 8184
4 8141 8142 8186 8185
4 8142 8143 8187 8186
4 8143 8144 8188 8187
4 8144 8145 8189 8188
4 8145 8146 8190 8189
4 8146 8147 8191 8190
4 8147 8148 8192 8191
4 8148 8149 8193 8192
4 8149 8150 8194 8193
4 8150 8151 8195 8194
4 8151 8152 8196 8195
4 8152 8153 8197 8196
4 8153 8154 8198 8197
4 8154 8155 8199 8198
4 8155 8156 8200 8199
4 8156 8157 8201 8200
4 8157 8158 8202 8201
4 8158 8159 8203 8202
4 8159 8160 8204 8203
4 8160 8161 8205 8204
4 8161 8162 8206 8205
4 8162 8163 8207 8206
4 8163 3040 3041 8207
4 3077 8164 2003 221
4 8164 8165 2002 2003
4 8165 8166 2001 2002
4 8166 8167 2000 2001
4 8167 8168 1999 2000
4 8168 8169 1998 1999
4 8169 8170 1997 1998
4 8170 8171 1996 1997
4 8171 8172 1995 1996
4 8172 8173 1994 1995
4 8173 8174 1993 1994
4 8174 8175 1992 1993
4 8175 8176 1991 1992
4 8176 8177 1990 1991
4 8177 8178 1989 1990
4 8178 8179 1988 1989
4 8179 8180 1987 1988
4 8180 8181 1986 1987
4 8181 8182 1985 1986
4 8182 8183 1984 1985
4 8183 8184 1983 1984
4 8184 8185 1982 1983
4 8185 8186 1981 1982
4 8186 8187 1980 1981
4 8187 8188 1979 1980
4 8188 8189 1978 1979
4 8189 8190 1977 1978
4 8190 8191 1976 1977
4 8191 8192 1975 1976
4 8192 8193 1974 1975
4 8193 8194 1973 1974
4 8194 8195 1972 1973
4 8195 8196 1971 1972
4 8196 8197 1970 1971
4 8197 8198 1969 1970
4 8198 8199 1968 1969
4 8199 8200 1967 1968
4 8200 8201 1966 1967
4 8201 8202 1965 1966
4 8202 8203 1964 1965
4 8203 8204 1963 1964
4 8204 8205 1962 1963
4 8205 8206 1961 1962
4 8206 8207 1960 1961
4 8207 3041 209 1960
4 221 2003 2047 222
4 2003 2002 2046 2047
4 2002 2001 2045 2046
4 2001 2000 2044 2045
4 2000 1999 2043 2044
4 1999 1998 2042 2043
4 1998 1997 2041 2042
4 1997 1996 2040 2041
4 1996 1995 2039 2040
4 1995 1994 2038 2039
4 1994 1993 2037 2038
4 1993 1992 2036 2037
4 1992 1991 2035 2036
4 1991 1990 2034 2035
4 1990 1989 2033 2034
4 1989 1988 2032 2033
4 1988 1987 2031 2032
4 1987 1986 2030 2031
4 1986 1985 2029 2030
4 1985 1984 2028 2029
4 1984 1983 2027 2028
4 1983 1982 2026 2027
4 1982 1981 2025 2026
4 1981 1980 2024 2025
4 1980 1979 2023 2024
4 1979 1978 2022 2023
4 1978 1977 2021 2022
4 1977 1976 2020 2021
4 1976 1975 2019 2020
4 1975 1974 2018 2019
4 1974 1973 2017 2018
4 1973 1972 2016 2017
4 1972 1971 2015 2016
4 1971 1970 2014 2015
4 1970 1969 2013 2014
4 1969 1968 2012 2013
4 1968 1967 2011 2012
4 1967 1966 2010 2011
4 1966 1965 2009 2010
4 1965 1964 2008 2009
4 1964 1963 2007 2008
4 1963 1962 2006 2007
4 1962 1961 2005 2006
4 1961 1960 2004 2005
4 1960 209 210 2004
4 222 2047 2091 223
4 2047 2046 2090 2091
4 2046 2045 2089 2090
4 2045 2044 2088 2089
4 2044 2043 2087 2088
4 2043 2042 2086 2087
4 2042 2041 2085 2086
4 2041 2040 2084 2085
4 2040 2039 2083 2084
4 2039 2038 2082 2083
4 2038 2037 2081 2082
4 2037 2036 2080 2081
4 2036 2035 2079 2080
4 2035 2034 2078 2079
4 2034 2033 2077 2078
4 2033 2032 2076 2077
4 2032 2031 2075 2076
4 2031 2030 2074 2075
4 2030 2029 2073 2074
4 2029 2028 2072 2073
4 2028 2027 2071 2072
4 2027 2026 2070 2071
4 2026 2025 2069 2070
4 2025 2024 2068 2069
4 2024 2023 2067 2068
4 2023 2022 2066 2067
4 2022 2021 2065 2066
4 2021 2020 2064 2065
4 2020 2019 2063 2064
4 2019 2018 2062 2063
4 2018 2017 2061 2062
4 2017 2016 2060 2061
4 2016 2015 2059 2060
4 2015 2014 2058 2059
4 2014 2013 2057 2058
4 2013 2012 2056 2057
4 2012 2011 2055 2056
4 2011 2010 2054 2055
4 2010 2009 2053 2054
4 2009 2008 2052 2053
4 2008 2007 2051 2052
4 2007 2006 2050 2051
4 2006 2005 2049 2050
4 2005 2004 2048 2049
4 2004 210 211 2048
4 223 2091 8208 3078
4 2091 2090 8209 8208
4 2090 2089 8210 8209
4 2089 2088 8211 8210
4 2088 2087 8212 8211
4 2087 2086 8213 8212
4 2086 2085 8214 8213
4 2085 2084 8215 8214
4 2084 2083 8216 8215
4 2083 2082 8217 8216
4 2082 2081 8218 8217
4 2081 2080 8219 8218
4 2080 2079 8220 8219
4 2079 2078 8221 8220
4 2078 2077 8222 8221
4 2077 2076 8223 8222
4 2076 2075 8224 8223
4 2075 2074 8225 8224
4 2074 2073 8226 8225
4 2073 2072 8227 8226
4 2072 2071 8228 8227
4 2071 2070 8229 8228
4 2070 2069 8230 8229
4 2069 2068 8231 8230
4 2068 2067 8232 8231
4 2067 2066 8233 8232
4 2066 2065 8234 8233
4 2065 2064 8235 8234
4 2064 2063 8236 8235
4 2063 2062 8237 8236
4 2062 2061 8238 8237
4 2061 2060 8239 8238
4 2060 2059 8240 8239
4 2059 2058 8241 8240
4 2058 2057 8242 8241
4 2057 2056 8243 8242
4 2056 2055 8244 8243
4 2055 2054 8245 8244
4 2054 2053 8246 8245
4 2053 2052 8247 8246
4 2052 2051 8248 8247
4 2051 2050 8249 8248
4 2050 2049 8250 8249
4 2049 2048 8251 8250
4 2048 211 3042 8251
4 3078 8208 8252 3079
4 8208 8209 8253 8252
4 8209 8210 8254 8253
4 8210 8211 8255 8254
4 8211 8212 8256 8255
4 8212 8213 8257 8256
4 8213 8214 8258 8257
4 8214 8215 8259 8258
4 8215 8216 8260 8259
4 8216 8217 8261 8260
4 8217 8218 8262 8261
4 8218 8219 8263 8262
4 8219 8220 8264 8263
4 8220 8221 8265 8264
4 8221 8222 8266 8265
4 8222 8223 8267 8266
4 8223 8224 8268 8267
4 8224 8225 8269 8268
4 8225 8226 8270 8269
4 8226 8227 8271 8270
4 8227 8228 8272 8271
4 8228 8229 8273 8272
4 8229 8230 8274 8273
4 8230 8231 8275 8274
4 8231 8232 8276 8275
4 8232 8233 8277 8276
4 8233 8234 8278 8277
4 8234 8235 8279 8278
4 8235 8236 8280 8279
4 8236 8237 8281 8280
4 8237 8238 8282 8281
4 8238 8239 8283 8282
4 8239 8240 8284 8283
4 8240 8241 8285 8284
4 8241 8242 8286 8285
4 8242 8243 8287 8286
4 8243 8244 8288 8287
4 8244 8245 8289 8288
4 8245 8246 8290 8289
4 8246 8247 8291 8290
4 8247 8248 8292 8291
4 8248 8249 8293 8292
4 8249 8250 8294 8293
4 8250 8251 8295 8294
4 8251 3042 3043 8295
4 3079 8252 8296 3080
4 8252 8253 8297 8296
4 8253 8254 8298 8297
4 8254 8255 8299 8298
4 8255 8256 8300 8299
4 8256 8257 8301 8300
4 8257 8258 8302 8301
4 8258 8259 8303 8302
4 8259 8260 8304 8303
4 8260 8261 8305 8304
4 8261 8262 8306 8305
4 8262 8263 8307 8306
4 8263 8264 8308 8307
4 8264 8265 8309 8308
4 8265 8266 8310 8309
4 8266 8267 8311 8310
4 8267 8268 8312 8311
4 8268 8269 8313 8312
4 8269 8270 8314 8313
4 8270 8271 8315 8314
4 8271 8272 8316 8315
4 8272 8273 8317 8316
4 8273 8274 8318 8317
4 8274 8275 8319 8318
4 8275 8276 8320 8319
4 8276 8277 8321 8320
4 8277 8278 8322 8321
4 8278 8279 8323 8322
4 8279 8280 8324 8323
4 8280 8281 8325 8324
4 8281 8282 8326 8325
4 8282 8283 8327 8326
4 8283 8284 8328 8327
4 8284 8285 8329 8328
4 8285 8286 8330 8329
4 8286 8287 8331 8330
4 8287 8288 8332 8331
4 8288 8289 8333 8332
4 8289 8290 8334 8333
4 8290 8291 8335 8334
4 8291 8292 8336 8335
4 8292 8293 8337 8336
4 8293 8294 8338 8337
4 8294 8295 8339 8338
4 8295 3043 3044 8339
4 3080 8296 8340 3081
4 8296 8297 8341 8340
4 8297 8298 8342 8341
4 8298 8299 8343 8342
4 8299 8300 8344 8343
4 8300 8301 8345 8344
4 8301 8302 8346 8345
4 8302 8303 8347 8346
4 8303 8304 8348 8347
4 8304 8305 8349 8348
4 8305 8306 8350 8349
4 8306 8307 8351 8350
4 8307 8308 8352 8351
4 8308 8309 8353 8352
4 8309 8310 8354 8353
4 8310 8311 8355 8354
4 8311 8312 8356 8355
4 8312 8313 8357 8356
4 8313 8314 8358 8357
4 8314 8315 8359 8358
4 8315 8316 8360 8359
4 8316 8317 8361 8360
4 8317 8318 8362 8361
4 8318 8319 8363 8362
4 8319 8320 8364 8363
4 8320 8321 8365 8364
4 8321 8322 8366 8365
4 8322 8323 8367 8366
4 8323 8324 8368 8367
4 8324 8325 8369 8368
4 8325 8326 8370 8369
4 8326 8327 8371 8370
4 8327 8328 8372 8371
4 8328 8329 8373 8372
4 8329 8330 8374 8373
4 8330 8331 8375 8374
4 8331 8332 8376 8375
4 8332 8333 8377 8376
4 8333 8334 8378 8377
4 8334 8335 8379 8378
4 8335 8336 8380 8379
4 8336 8337 8381 8380
4 8337 8338 8382 8381
4 8338 8339 8383 8382
4 8339 3044 3045 8383
4 3081 8340 8384 3082
4 8340 8341 8385 8384
4 8341 8342 8386 8385
4 8342 8343 8387 8386
4 8343 8344 8388 8387
4 8344 8345 8389 8388
4 8345 8346 8390 8389
4 8346 8347 8391 8390
4 8347 8348 8392 8391
4 8348 8349 8393 8392
4 8349 8350 8394 8393
4 8350 8351 8395 8394
4 8351 8352 8396 8395
4 8352 8353 8397 8396
4 8353 8354 8398 8397
4 8354 8355 8399 8398
4 8355 8356 8400 8399
4 8356 8357 8401 8400
4 8357 8358 8402 8401
4 8358 8359 8403 8402
4 8359 8360 8404 8403
4 8360 8361 8405 8404
4 8361 8362 8406 8405
4 8362 8363 8407 8406
4 8363 8364 8408 8407
4 8364 8365 8409 8408
4 8365 8366 8410 8409
4 8366 8367 8411 8410
4 8367 8368 8412 8411
4 8368 8369 8413 8412
4 8369 8370 8414 8413
4 8370 8371 8415 8414
4 8371 8372 8416 8415
4 8372 8373 8417 8416
4 8373 8374 8418 8417
4 8374 8375 8419 8418
4 8375 8376 8420 8419
4 8376 8377 8421 8420
4 8377 8378 8422 8421
4 8378 8379 8423 8422
4 8379 8380 8424 8423
4 8380 8381 8425 8424
4 8381 8382 8426 8425
4 8382 8383 8427 8426
4 8383 3045 3046 8427
4 3082 8384 8428 3083
4 8384 8385 8429 8428
4 8385 8386 8430 8429
4 8386 8387 8431 8430
4 8387 8388 8432 8431
4 8388 8389 8433 8432
4 8389 8390 8434 8433
4 8390 8391 8435 8434
4 8391 8392 8436 8435
4 8392 8393 8437 8436
4 8393 8394 8438 8437
4 8394 8395 8439 8438
4 8395 8396 8440 8439
4 8396 8397 8441 8440
4 8397 8398 8442 8441
4 8398 8399 8443 8442
4 8399 8400 8444 8443
4 8400 8401 8445 8444
4 8401 8402 8446 8445
4 8402 8403 8447 8446
4 8403 8404 8448 8447
4 8404 8405 8449 8448
4 8405 8406 8450 8449
4 8406 8407 8451 8450
4 8407 8408 8452 8451
4 8408 8409 8453 8452
4 8409 8410 8454 8453
4 8410 8411 8455 8454
4 8411 8412 8456 8455
4 8412 8413 8457 8456
4 8413 8414 8458 8457
4 8414 8415 8459 8458
4 8415 8416 8460 8459
4 8416 8417 8461 8460
4 8417 8418 8462 8461
4 8418 8419 8463 8462
4 8419 8420 8464 8463
4 8420 8421 8465 8464
4 8421 8422 8466 8465
4 8422 8423 8467 8466
4 8423 8424 8468 8467
4 8424 8425 8469 8468
4 8425 8426 8470 8469
4 8426 8427 8471 8470
4 8427 3046 3047 8471
4 3083 8428 8472 3084
4 8428 8429 8473 8472
4 8429 8430 8474 8473
4 8430 8431 8475 8474
4 8431 8432 8476 8475
4 8432 8433 8477 8476
4 8433 8434 8478 8477
4 8434 8435 8479 8478
4 8435 8436 8480 8479
4 8436 8437 8481 8480
4 8437 8438 8482 8481
4 8438 8439 8483 8482
4 8439 8440 8484 8483
4 8440 8441 8485 8484
4 8441 8442 8486 8485
4 8442 8443 8487 8486
4 8443 8444 8488 8487
4 8444 8445 8489 8488
4 8445 8446 8490 8489
4 8446 8447 8491 8490
4 8447 8448 8492 8491
4 8448 8449 8493 8492
4 8449 8450 8494 8493
4 8450 8451 8495 8494
4 8451 8452 8496 8495
4 8452 8453 8497 8496
4 8453 8454 8498 8497
4 8454 8455 8499 8498
4 8455 8456 8500 8499
4 8456 8457 8501 8500
4 8457 8458 8502 8501
4 8458 8459 8503 8502
4 8459 8460 8504 8503
4 8460 8461 8505 8504
4 8461 8462 8506 8505
4 8462 8463 8507 8506
4 8463 8464 8508 8507
4 8464 8465 8509 8508
4 8465 8466 8510 8509
4 8466 8467 8511 8510
4 8467 8468 8512 8511
4 8468 8469 8513 8512
4 8469 8470 8514 8513
4 8470 8471 8515 8514
4 8471 3047 3048 8515
4 3084 8472 8516 3085
4 8472 8473 8517 8516
4 8473 8474 8518 8517
4 8474 8475 8519 8518
4 8475 8476 8520 8519
4 8476 8477 8521 8520
4 8477 8478 8522 8521
4 8478 8479 8523 8522
4 8479 8480 8524 8523
4 8480 8481 8525 8524
4 8481 8482 8526 8525
4 8482 8483 8527 8526
4 8483 8484 8528 8527
4 8484 8485 8529 8528
4 8485 8486 8530 8529
4 8486 8487 8531 8530
4 8487 8488 8532 8531
4 8488 8489 8533 8532
4 8489 8490 8534 8533
4 8490 8491 8535 8534
4 8491 8492 8536 8535
4 8492 8493 8537 8536
4 8493 8494 8538 8537
4 8494 8495 8539 8538
4 8495 8496 8540 8539
4 8496 8497 8541 8540
4 8497 8498 8542 8541
4 8498 8499 8543 8542
4 8499 8500 8544 8543
4 8500 8501 8545 8544
4 8501 8502 8546 8545
4 8502 8503 8547 8546
4 8503 8504 8548 8547
4 8504 8505 8549 8548
4 8505 8506 8550 8549
4 8506 8507 8551 8550
4 8507 8508 8552 8551
4 8508 8509 8553 8552
4 8509 8510 8554 8553
4 8510 8511 8555 8554
4 8511 8512 8556 8555
4 8512 8513 8557 8556
4 8513 8514 8558 8557
4 8514 8515 8559 8558
4 8515 3048 3049 8559
4 3085 8516 8560 3086
4 8516 8517 8561 8560
4 8517 8518 8562 8561
4 8518 8519 8563 8562
4 8519 8520 8564 8563
4 8520 8521 8565 8564
4 8521 8522 8566 8565
4 8522 8523 8567 8566
4 8523 8524 8568 8567
4 8524 8525 8569 8568
4 8525 8526 8570 8569
4 8526 8527 8571 8570
4 8527 8528 8572 8571
4 8528 8529 8573 8572
4 8529 8530 8574 8573
4 8530 8531 8575 8574
4 8531 8532 8576 8575
4 8532 8533 8577 8576
4 8533 8534 8578 8577
4 8534 8535 8579 8578
4 8535 8536 8580 8579
4 8536 8537 8581 8580
4 8537 8538 8582 8581
4 8538 8539 8583 8582
4 8539 8540 8584 8583
4 8540 8541 8585 8584
4 8541 8542 8586 8585
4 8542 8543 8587 8586
4 8543 8544 8588 8587
4 8544 8545 8589 8588
4 8545 8546 8590 8589
4 8546 8547 8591 8590
4 8547 8548 8592 8591
4 8548 8549 8593 8592
4 8549 8550 8594 8593
4 8550 8551 8595 8594
4 8551 8552 8596 8595
4 8552 8553 8597 8596
4 8553 8554 8598 8597
4 8554 8555 8599 8598
4 8555 8556 8600 8599
4 8556 8557 8601 8600
4 8557 8558 8602 8601
4 8558 8559 8603 8602
4 8559 3049 3050 8603
4 3086 8560 2135 224
4 8560 8561 2134 2135
4 8561 8562 2133 2134
4 8562 8563 2132 2133
4 8563 8564 2131 2132
4 8564 8565 2130 2131
4 8565 8566 2129 2130
4 8566 8567 2128 2129
4 8567 8568 2127 2128
4 8568 8569 2126 2127
4 8569 8570 2125 2126
4 8570 8571 2124 2125
4 8571 8572 2123 2124
4 8572 8573 2122 2123
4 8573 8574 2121 2122
4 8574 8575 2120 2121
4 8575 8576 2119 2120
4 8576 8577 2118 2119
4 8577 8578 2117 2118
4 8578 8579 2116 2117
4 8579 8580 2115 2116
4 8580 8581 2114 2115
4 8581 8582 2113 2114
4 8582 8583 2112 2113
4 8583 8584 2111 2112
4 8584 8585 2110 2111
4 8585 8586 2109 2110
4 8586 8587 2108 2109
4 8587 8588 2107 2108
4 8588 8589 2106 2107
4 8589 8590 2105 2106
4 8590 8591 2104 2105
4 8591 8592 2103 2104
4 8592 8593 2102 2103
4 8593 8594 2101 2102
4 8594 8595 2100 2101
4 8595 8596 2099 2100
4 8596 8597 2098 2099
4 8597 8598 2097 2098
4 8598 8599 2096 2097
4 8599 8600 2095 2096
4 8600 8601 2094 2095
4 8601 8602 2093 2094
4 8602 8603 2092 2093
4 8603 3050 212 2092
4 224 2135 2179 225
4 2135 2134 2178 2179
4 2134 2133 2177 2178
4 2133 2132 2176 2177
4 2132 2131 2175 2176
4 2131 2130 2174 2175
4 2130 2129 2173 2174
4 2129 2128 2172 2173
4 2128 2127 2171 2172
4 2127 2126 2170 2171
4 2126 2125 2169 2170
4 2125 2124 2168 2169
4 2124 2123 2167 2168
4 2123 2122 2166 2167
4 2122 2121 2165 2166
4 2121 2120 2164 2165
4 2120 2119 2163 2164
4 2119 2118 2162 2163
4 2118 2117 2161 2162
4 2117 2116 2160 2161
4 2116 2115 2159 2160
4 2115 2114 2158 2159
4 2114 2113 2157 2158
4 2113 2112 2156 2157
4 2112 2111 2155 2156
4 2111 2110 2154 2155
4 2110 2109 2153 2154
4 2109 2108 2152 2153
4 2108 2107 2151 2152
4 2107 2106 2150 2151
4 2106 2105 2149 2150
4 2105 2104 2148 2149
4 2104 2103 2147 2148
4 2103 2102 2146 2147
4 2102 2101 2145 2146
4 2101 2100 2144 2145
4 2100 2099 2143 2144
4 2099 2098 2142 2143
4 2098 2097 2141 2142
4 2097 2096 2140 2141
4 2096 2095 2139 2140
4 2095 2094 2138 2139
4 2094 2093 2137 2138
4 2093 2092 2136 2137
4 2092 212 213 2136
4 225 2179 2223 226
4 2179 2178 2222 2223
4 2178 2177 2221 2222
4 2177 2176 2220 2221
4 2176 2175 2219 2220
4 2175 2174 2218 2219
4 2174 2173 2217 2218
4 2173 2172 2216 2217
4 2172 2171 2215 2216
4 2171 2170 2214 2215
4 2170 2169 2213 2214
4 2169 2168 2212 2213
4 2168 2167 2211 2212
4 2167 2166 2210 2211
4 2166 2165 2209 2210
4 2165 2164 2208 2209
4 2164 2163 2207 2208
4 2163 2162 2206 2207
4 2162 2161 2205 2206
4 2161 2160 2204 2205
4 2160 2159 2203 2204
4 2159 2158 2202 2203
4 2158 2157 2201 2202
4 2157 2156 2200 2201
4 2156 2155 2199 2200
4 2155 2154 2198 2199
4 2154 2153 2197 2198
4 2153 2152 2196 2197
4 2152 2151 2195 2196
4 2151 2150 2194 2195
4 2150 2149 2193 2194
4 2149 2148 2192 2193
4 2148 2147 2191 2192
4 2147 2146 2190 2191
4 2146 2145 2189 2190
4 2145 2144 2188 2189
4 2144 2143 2187 2188
4 2143 2142 2186 2187
4 2142 2141 2185 2186
4 2141 2140 2184 2185
4 2140 2139 2183 2184
4 2139 2138 2182 2183
4 2138 2137 2181 2182
4 2137 2136 2180 2181
4 2136 213 214 2180
4 226 2223 8604 3087
4 2223 2222 8605 8604
4 2222 2221 8606 8605
4 2221 2220 8607 8606
4 2220 2219 8608 8607
4 2219 2218 8609 8608
4 2218 2217 8610 8609
4 2217 2216 8611 8610
4 2216 2215 8612 8611
4 2215 2214 8613 8612
4 2214 2213 8614 8613
4 2213 2212 8615 8614
4 2212 2211 8616 8615
4 2211 2210 8617 8616
4 2210 2209 8618 8617
4 2209 2208 8619 8618
4 2208 2207 8620 8619
4 2207 2206 8621 8620
4 2206 2205 8622 8621
4 2205 2204 8623 8622
4 2204 2203 8624 8623
4 2203 2202 8625 8624
4 2202 2201 8626 8625
4 2201 2200 8627 8626
4 2200 2199 8628 8627
4 2199 2198 8629 8628
4 2198 2197 8630 8629
4 2197 2196 8631 8630
4 2196 2195 8632 8631
4 2195 2194 8633 8632
4 2194 2193 8634 8633
4 2193 2192 8635 8634
4 2192 2191 8636 8635
4 2191 2190 8637 8636
4 2190 2189 8638 8637
4 2189 2188 8639 8638
4 2188 2187 8640 8639
4 2187 2186 8641 8640
4 2186 2185 8642 8641
4 2185 2184 8643 8642
4 2184 2183 8644 8643
4 2183 2182 8645 8644
4 2182 2181 8646 8645
4 2181 2180 8647 8646
4 2180 214 3051 8647
4 3087 8604 8648 3088
4 8604 8605 8649 8648
4 8605 8606 8650 8649
4 8606 8607 8651 8650
4 8607 8608 8652 8651
4 8608 8609 8653 8652
4 8609 8610 8654 8653
4 8610 8611 8655 8654
4 8611 8612 8656 8655
4 8612 8613 8657 8656
4 8613 8614 8658 8657
4 8614 8615 8659 8658
4 8615 8616 8660 8659
4 8616 8617 8661 8660
4 8617 8618 8662 8661
4 8618 8619 8663 8662
4 8619 8620 8664 8663
4 8620 8621 8665 8664
4 8621 8622 8666 8665
4 8622 8623 8667 8666
4 8623 8624 8668 8667
4 8624 8625 8669 8668
4 8625 8626 8670 8669
4 8626 8627 8671 8670
4 8627 8628 8672 8671
4 8628 8629 8673 8672
4 8629 8630 8674 8673
4 8630 8631 8675 8674
4 8631 8632 8676 8675
4 8632 8633 8677 8676
4 8633 8634 8678 8677
4 8634 8635 8679 8678
4 8635 8636 8680 8679
4 8636 8637 8681 8680
4 8637 8638 8682 8681
4 8638 8639 8683 8682
4 8639 8640 8684 8683
4 8640 8641 8685 8684
4 8641 8642 8686 8685
4 8642 8643 8687 8686
4 8643 8644 8688 8687
4 8644 8645 8689 8688
4 8645 8646 8690 8689
4 8646 8647 8691 8690
4 8647 3051 3052 8691
4 3088 8648 8692 3089
4 8648 8649 8693 8692
4 8649 8650 8694 8693
4 8650 8651 8695 8694
4 8651 8652 8696 8695
4 8652 8653 8697 8696
4 8653 8654 8698 8697
4 8654 8655 8699 8698
4 8655 8656 8700 8699
4 8656 8657 8701 8700
4 8657 8658 8702 8701
4 8658 8659 8703 8702
4 8659 8660 8704 8703
4 8660 8661 8705 8704
4 8661 8662 8706 8705
4 8662 8663 8707 8706
4 8663 8664 8708 8707
4 8664 8665 8709 8708
4 8665 8666 8710 8709
4 8666 8667 8711 8710
4 8667 8668 8712 8711
4 8668 8669 8713 8712
4 8669 8670 8714 8713
4 8670 8671 8715 8714
4 8671 8672 8716 8715
4 8672 8673 8717 8716
4 8673 8674 8718 8717
4 8674 8675 8719 8718
4 8675 8676 8720 8719
4 8676 8677 8721 8720
4 8677 8678 8722 8721
4 8678 8679 8723 8722
4 8679 8680 8724 8723
4 8680 8681 8725 8724
4 8681 8682 8726 8725
4 8682 8683 8727 8726
4 8683 8684 8728 8727
4 8684 8685 8729 8728
4 8685 8686 8730 8729
4 8686 8687 8731 8730
4 8687 8688 8732 8731
4 8688 8689 8733 8732
4 8689 8690 8734 8733
4 8690 8691 8735 8734
4 8691 3052 3053 8735
4 3089 8692 8736 3090
4 8692 8693 8737 8736
4 8693 8694 8738 8737
4 8694 8695 8739 8738
4 8695 8696 8740 8739
4 8696 8697 8741 8740
4 8697 8698 8742 8741
4 8698 8699 8743 8742
4 8699 8700 8744 8743
4 8700 8701 8745 8744
4 8701 8702 8746 8745
4 8702 8703 8747 8746
4 8703 8704 8748 8747
4 8704 8705 8749 8748
4 8705 8706 8750 8749
4 8706 8707 8751 8750
4 8707 8708 8752 8751
4 8708 8709 8753 8752
4 8709 8710 8754 8753
4 8710 8711 8755 8754
4 8711 8712 8756 8755
4 8712 8713 8757 8756
4 8713 8714 8758 8757
4 8714 8715 8759 8758
4 8715 8716 8760 8759
4 8716 8717 8761 8760
4 8717 8718 8762 8761
4 8718 8719 8763 8762
4 8719 8720 8764 8763
4 8720 8721 8765 8764
4 8721 8722 8766 8765
4 8722 8723 8767 8766
4 8723 8724 8768 8767
4 8724 8725 8769 8768
4 8725 8726 8770 8769
4 8726 8727 8771 8770
4 8727 8728 8772 8771
4 8728 8729 8773 8772
4 8729 8730 8774 8773
4 8730 8731 8775 8774
4 8731 8732 8776 8775
4 8732 8733 8777 8776
4 8733 8734 8778 8777
4 8734 8735 8779 8778
4 8735 3053 3054 8779
4 3090 8736 8780 3091
4 8736 8737 8781 8780
4 8737 8738 8782 8781
4 8738 8739 8783 8782
4 8739 8740 8784 8783
4 8740 8741 8785 8784
4 8741 8742 8786 8785
4 8742 8743 8787 8786
4 8743 8744 8788 8787
4 8744 8745 8789 8788
4 8745 8746 8790 8789
4 8746 8747 8791 8790
4 8747 8748 8792 8791
4 8748 8749 8793 8792
4 8749 8750 8794 8793
4 8750 8751 8795 8794
4 8751 8752 8796 8795
4 8752 8753 8797 8796
4 8753 8754 8798 8797
4 8754 8755 8799 8798
4 8755 8756 8800 8799
4 8756 8757 8801 8800
4 8757 8758 8802 8801
4 8758 8759 8803 8802
4 8759 8760 8804 8803
4 8760 8761 8805 8804
4 8761 8762 8806 8805
4 8762 8763 8807 8806
4 8763 8764 8808 8807
4 8764 8765 8809 8808
4 8765 8766 8810 8809
4 8766 8767 8811 8810
4 8767 8768 8812 8811
4 8768 8769 8813 8812
4 8769 8770 8814 8813
4 8770 8771 8815 8814
4 8771 8772 8816 8815
4 8772 8773 8817 8816
4 8773 8774 8818 8817
4 8774 8775 8819 8818
4 8775 8776 8820 8819
4 8776 8777 8821 8820
4 8777 8778 8822 8821
4 8778 8779 8823 8822
4 8779 3054 3055 8823
4 3091 8780 8824 3092
4 8780 8781 8825 8824
4 8781 8782 8826 8825
4 8782 8783 8827 8826
4 8783 8784 8828 8827
4 8784 8785 8829 8828
4 8785 8786 8830 8829
4 8786 8787 8831 8830
4 8787 8788 8832 8831
4 8788 8789 8833 8832
4 8789 8790 8834 8833
4 8790 8791 8835 8834
4 8791 8792 8836 8835
4 8792 8793 8837 8836
4 8793 8794 8838 8837
4 8794 8795 8839 8838
4 8795 8796 8840 8839
4 8796 8797 8841 8840
4 8797 8798 8842 8841
4 8798 8799 8843 8842
4 8799 8800 8844 8843
4 8800 8801 8845 8844
4 8801 8802 8846 8845
4 8802 8803 8847 8846
4 8803 8804 8848 8847
4 8804 8805 8849 8848
4 8805 8806 8850 8849
4 8806 8807 8851 8850
4 8807 8808 8852 8851
4 8808 8809 8853 8852
4 8809 8810 8854 8853
4 8810 8811 8855 8854
4 8811 8812 8856 8855
4 8812 8813 8857 8856
4 8813 8814 8858 8857
4 8814 8815 8859 8858
4 8815 8816 8860 8859
4 8816 8817 8861 8860
4 8817 8818 8862 8861
4 8818 8819 8863 8862
4 8819 8820 8864 8863
4 8820 8821 8865 8864
4 8821 8822 8866 8865
4 8822 8823 8867 8866
4 8823 3055 3056 8867
4 3092 8824 8868 3093
4 8824 8825 8869 8868
4 8825 8826 8870 8869
4 8826 8827 8871 8870
4 8827 8828 8872 8871
4 8828 8829 8873 8872
4 8829 8830 8874 8873
4 8830 8831 8875 8874
4 8831 8832 8876 8875
4 8832 8833 8877 8876
4 8833 8834 8878 8877
4 8834 8835 8879 8878
4 8835 8836 8880 8879
4 8836 8837 8881 8880
4 8837 8838 8882 8881
4 8838 8839 8883 8882
4 8839 8840 8884 8883
4 8840 8841 8885 8884
4 8841 8842 8886 8885
4 8842 8843 8887 8886
4 8843 8844 8888 8887
4 8844 8845 8889 8888
4 8845 8846 8890 8889
4 8846 8847 8891 8890
4 8847 8848 8892 8891
4 8848 8849 8893 8892
4 8849 8850 8894 8893
4 8850 8851 8895 8894
4 8851 8852 8896 8895
4 8852 8853 8897 8896
4 8853 8854 8898 8897
4 8854 8855 8899 8898
4 8855 8856 8900 8899
4 8856 8857 8901 8900
4 8857 8858 8902 8901
4 8858 8859 8903 8902
4 8859 8860 8904 8903
4 8860 8861 8905 8904
4 8861 8862 8906 8905
4 8862 8863 8907 8906
4 8863 8864 8908 8907
4 8864 8865 8909 8908
4 8865 8866 8910 8909
4 8866 8867 8911 8910
4 8867 3056 3057 8911
4 3093 8868 8912 3094
4 8868 8869 8913 8912
4 8869 8870 8914 8913
4 8870 8871 8915 8914
4 8871 8872 8916 8915
4 8872 8873 8917 8916
4 8873 8874 8918 8917
4 8874 8875 8919 8918
4 8875 8876 8920 8919
4 8876 8877 8921 8920
4 8877 8878 8922 8921
4 8878 8879 8923 8922
4 8879 8880 8924 8923
4 8880 8881 8925 8924
4 8881 8882 8926 8925
4 8882 8883 8927 8926
4 8883 8884 8928 8927
4 8884 8885 8929 8928
4 8885 8886 8930 8929
4 8886 8887 8931 8930
4 8887 8888 8932 8931
4 8888 8889 8933 8932
4 8889 8890 8934 8933
4 8890 8891 8935 8934
4 8891 8892 8936 8935
4 8892 8893 8937 8936
4 8893 8894 8938 8937
4 8894 8895 8939 8938
4 8895 8896 8940 8939
4 8896 8897 8941 8940
4 8897 8898 8942 8941
4 8898 8899 8943 8942
4 8899 8900 8944 8943
4 8900 8901 8945 8944
4 8901 8902 8946 8945
4 8902 8903 8947 8946
4 8903 8904 8948 8947
4 8904 8905 8949 8948
4 8905 8906 8950 8949
4 8906 8907 8951 8950
4 8907 8908 8952 8951
4 8908 8909 8953 8952
4 8909 8910 8954 8953
4 8910 8911 8955 8954
4 8911 3057 3058 8955
4 3094 8912 8956 3095
4 8912 8913 8957 8956
4 8913 8914 8958 8957
4 8914 8915 8959 8958
4 8915 8916 8960 8959
4 8916 8917 8961 8960
4 8917 8918 8962 8961
4 8918 8919 8963 8962
4 8919 8920 8964 8963
4 8920 8921 8965 8964
4 8921 8922 8966 8965
4 8922 8923 8967 8966
4 8923 8924 8968 8967
4 8924 8925 8969 8968
4 8925 8926 8970 8969
4 8926 8927 8971 8970
4 8927 8928 8972 8971
4 8928 8929 8973 8972
4 8929 8930 8974 8973
4 8930 8931 8975 8974
4 8931 8932 8976 8975
4 8932 8933 8977 8976
4 8933 8934 8978 8977
4 8934 8935 8979 8978
4 8935 8936 8980 8979
4 8936 8937 8981 8980
4 8937 8938 8982 8981
4 8938 8939 8983 8982
4 8939 8940 8984 8983
4 8940 8941 8985 8984
4 8941 8942 8986 8985
4 8942 8943 8987 8986
4 8943 8944 8988 8987
4 8944 8945 8989 8988
4 8945 8946 8990 8989
4 8946 8947 8991 8990
4 8947 8948 8992 8991
4 8948 8949 8993 8992
4 8949 8950 8994 8993
4 8950 8951 8995 8994
4 8951 8952 8996 8995
4 8952 8953 8997 8996
4 8953 8954 8998 8997
4 8954 8955 8999 8998
4 8955 3058 3059 8999
4 3095 8956 2267 227
4 8956 8957 2266 2267
4 8957 8958 2265 2266
4 8958 8959 2264 2265
4 8959 8960 2263 2264
4 8960 8961 2262 2263
4 8961 8962 2261 2262
4 8962 8963 2260 2261
4 8963 8964 2259 2260
4 8964 8965 2258 2259
4 8965 8966 2257 2258
4 8966 8967 2256 2257
4 8967 8968 2255 2256
4 8968 8969 2254 2255
4 8969 8970 2253 2254
4 8970 8971 2252 2253
4 8971 8972 2251 2252
4 8972 8973 2250 2251
4 8973 8974 2249 2250
4 8974 8975 2248 2249
4 8975 8976 2247 2248
4 8976 8977 2246 2247
4 8977 8978 2245 2246
4 8978 8979 2244 2245
4 8979 8980 2243 2244
4 8980 8981 2242 2243
4 8981 8982 2241 2242
4 8982 8983 2240 2241
4 8983 8984 2239 2240
4 8984 8985 2238 2239
4 8985 8986 2237 2238
4 8986 8987 2236 2237
4 8987 8988 2235 2236
4 8988 8989 2234 2235
4 8989 8990 2233 2234
4 8990 8991 2232 2233
4 8991 8992 2231 2232
4 8992 8993 2230 2231
4 8993 8994 2229 2230
4 8994 8995 2228 2229
4 8995 8996 2227 2228
4 8996 8997 2226 2227
4 8997 8998 2225 2226
4 8998 8999 2224 2225
4 8999 3059 215 2224
4 227 2267 1783 216
4 2267 2266 1782 1783
4 2266 2265 1781 1782
4 2265 2264 1780 1781
4 2264 2263 1779 1780
4 2263 2262 1778 1779
4 2262 2261 1777 1778
4 2261 2260 1776 1777
4 2260 2259 1775 1776
4 2259 2258 1774 1775
4 2258 2257 1773 1774
4 2257 2256 1772 1773
4 2256 2255 1771 1772
4 2255 2254 1770 1771
4 2254 2253 1769 1770
4 2253 2252 1768 1769
4 2252 2251 1767 1768
4 2251 2250 1766 1767
4 2250 2249 1765 1766
4 2249 2248 1764 1765
4 2248 2247 1763 1764
4 2247 2246 1762 1763
4 2246 2245 1761 1762
4 2245 2244 1760 1761
4 2244 2243 1759 1760
4 2243 2242 1758 1759
4 2242 2241 1757 1758
4 2241 2240 1756 1757
4 2240 2239 1755 1756
4 2239 2238 1754 1755
4 2238 2237 1753 1754
4 2237 2236 1752 1753
4 2236 2235 1751 1752
4 2235 2234 1750 1751
4 2234 2233 1749 1750
4 2233 2232 1748 1749
4 2232 2231 1747 1748
4 2231 2230 1746 1747
4 2230 2229 1745 1746
4 2229 2228 1744 1745
4 2228 2227 1743 1744
4 2227 2226 1742 1743
4 2226 2225 1741 1742
4 2225 2224 1740 1741
4 2224 215 204 1740
4 228 216 217 229
4 229 217 3060 3096
4 3096 3060 3061 3097
4 3097 3061 3062 3098
4 3098 3062 3063 3099
4 3099 3063 3064 3100
4 3100 3064 3065 3101
4 3101 3065 3066 3102
4 3102 3066 3067 3103
4 3103 3067 3068 3104
4 3104 3068 218 230
4 230 218 219 231
4 231 219 220 232
4 232 220 3069 3105
4 3105 3069 3070 3106
4 3106 3070 3071 3107
4 3107 3071 3072 3108
4 3108 3072 3073 3109
4 3109 3073 3074 3110
4 3110 3074 3075 3111
4 3111 3075 3076 3112
4 3112 3076 3077 3113
4 3113 3077 221 233
4 233 221 222 234
4 234 222 223 235
4 235 223 3078 3114
4 3114 3078 3079 3115
4 3115 3079 3080 3116
4 3116 3080 3081 3117
4 3117 3081 3082 3118
4 3118 3082 3083 3119
4 3119 3083 3084 3120
4 3120 3084 3085 3121
4 3121 3085 3086 3122
4 3122 3086 224 236
4 236 224 225 237
4 237 225 226 238
4 238 226 3087 3123
4 3123 3087 3088 3124
4 3124 3088 3089 3125
4 3125 3089 3090 3126
4 3126 3090 3091 3127
4 3127 3091 3092 3128
4 3128 3092 3093 3129
4 3129 3093 3094 3130
4 3130 3094 3095 3131
4 3131 3095 227 239
4 239 227 216 228
4 240 2269 2271 241
4 2269 2268 2270 2271
4 2268 228 229 2270
4 241 2271 9000 3132
4 2271 2270 9001 9000
4 2270 229 3096 9001
4 3132 9000 9002 3133
4 9000 9001 9003 9002
4 9001 3096 3097 9003
4 3133 9002 9004 3134
4 9002 9003 9005 9004
4 9003 3097 3098 9005
4 3134 9004 9006 3135
4 9004 9005 9007 9006
4 9005 3098 3099 9007
4 3135 9006 9008 3136
4 9006 9007 9009 9008
4 9007 3099 3100 9009
4 3136 9008 9010 3137
4 9008 9009 9011 9010
4 9009 3100 3101 9011
4 3137 9010 9012 3138
4 9010 9011 9013 9012
4 9011 3101 3102 9013
4 3138 9012 9014 3139
4 9012 9013 9015 9014
4 9013 3102 3103 9015
4 3139 9014 9016 3140
4 9014 9015 9017 9016
4 9015 3103 3104 9017
4 3140 9016 2273 242
4 9016 9017 2272 2273
4 9017 3104 230 2272
4 242 2273 2275 243
4 2273 2272 2274 2275
4 2272 230 231 2274
4 243 2275 2277 244
4 2275 2274 2276 2277
4 2274 231 232 2276
4 244 2277 9018 3141
4 2277 2276 9019 9018
4 2276 232 3105 9019
4 3141 9018 9020 3142
4 9018 9019 9021 9020
4 9019 3105 3106 9021
4 3142 9020 9022 3143
4 9020 9021 9023 9022
4 9021 3106 3107 9023
4 3143 9022 9024 3144
4 9022 9023 9025 9024
4 9023 3107 3108 9025
4 3144 9024 9026 3145
4 9024 9025 9027 9026
4 9025 3108 3109 9027
4 3145 9026 9028 3146
4 9026 9027 9029 9028
4 9027 3109 3110 9029
4 3146 9028 9030 3147
4 9028 9029 9031 9030
4 9029 3110 3111 9031
4 3147 9030 9032 3148
4 9030 9031 9033 9032
4 9031 3111 3112 9033
4 3148 9032 9034 3149
4 9032 9033 9035 9034
4 9033 3112 3113 9035
4 3149 9034 2279 245
4 9034 9035 2278 2279
4 9035 3113 233 2278
4 245 2279 2281 246
4 2279 2278 2280 2281
4 2278 233 234 2280
4 246 2281 2283 247
4 2281 2280 2282 2283
4 2280 234 235 2282
4 247 2283 9036 3150
4 2283 2282 9037 9036
4 2282 235 3114 9037
4 3150 9036 9038 3151
4 9036 9037 9039 9038
4 9037 3114 3115 9039
4 3151 9038 9040 3152
4 9038 9039 9041 9040
4 9039 3115 3116 9041
4 3152 9040 9042 3153
4 9040 9041 9043 9042
4 9041 3116 3117 9043
4 3153 9042 9044 3154
4 9042 9043 9045 9044
4 9043 3117 3118 9045
4 3154 9044 9046 3155
4 9044 9045 9047 9046
4 9045 3118 3119 9047
4 3155 9046 9048 3156
4 9046 9047 9049 9048
4 9047 3119 3120 9049
4 3156 9048 9050 3157
4 9048 9049 9051 9050
4 9049 3120 3121 9051
4 3157 9050 9052 3158
4 9050 9051 9053 9052
4 9051 3121 3122 9053
4 3158 9052 2285 248
4 9052 9053 2284 2285
4 9053 3122 236 2284
4 248 2285 2287 249
4 2285 2284 2286 2287
4 2284 236 237 2286
4 249 2287 2289 250
4 2287 2286 2288 2289
4 2286 237 238 2288
4 250 2289 9054 3159
4 2289 2288 9055 9054
4 2288 238 3123 9055
4 3159 9054 9056 3160
4 9054 9055 9057 9056
4 9055 3123 3124 9057
4 3160 9056 9058 3161
4 9056 9057 9059 9058
4 9057 3124 3125 9059
4 3161 9058 9060 3162
4 9058 9059 9061 9060
4 9059 3125 3126 9061
4 3162 9060 9062 3163
4 9060 9061 9063 9062
4 9061 3126 3127 9063
4 3163 9062 9064 3164
4 9062 9063 9065 9064
4 9063 3127 3128 9065
4 3164 9064 9066 3165
4 9064 9065 9067 9066
4 9065 3128 3129 9067
4 3165 9066 9068 3166
4 9066 9067 9069 9068
4 9067 3129 3130 9069
4 3166 9068 9070 3167
4 9068 9069 9071 9070
4 9069 3130 3131 9071
4 3167 9070 2291 251
4 9070 9071 2290 2291
4 9071 3131 239 2290
4 251 2291 2269 240
4 2291 2290 2268 2269
4 2290 239 228 2268
4 252 240 241 253
4 253 241 3132 3168
4 3168 3132 3133 3169
4 3169 3133 3134 3170
4 3170 3134 3135 3171
4 3171 3135 3136 3172
4 3172 3136 3137 3173
4 3173 3137 3138 3174
4 3174 3138 3139 3175
4 3175 3139 3140 3176
4 3176 3140 242 254
4 254 242 243 255
4 255 243 244 256
4 256 244 3141 3177
4 3177 3141 3142 3178
4 3178 3142 3143 3179
4 3179 3143 3144 3180
4 3180 3144 3145 3181
4 3181 3145 3146 3182
4 3182 3146 3147 3183
4 3183 3147 3148 3184
4 3184 3148 3149 3185
4 3185 3149 245 257
4 257 245 246 258
4 258 246 247 259
4 259 247 3150 3186
4 3186 3150 3151 3187
4 3187 3151 3152 3188
4 3188 3152 3153 3189
4 3189 3153 3154 3190
4 3190 3154 3155 3191
4 3191 3155 3156 3192
4 3192 3156 3157 3193
4 3193 3157 3158 3194
4 3194 3158 248 260
4 260 248 249 261
4 261 249 250 262
4 262 250 3159 3195
4 3195 3159 3160 3196
4 3196 3160 3161 3197
4 3197 3161 3162 3198
4 3198 3162 3163 3199
4 3199 3163 3164 3200
4 3200 3164 3165 3201
4 3201 3165 3166 3202
4 3202 3166 3167 3203
4 3203 3167 251 263
4 263 251 240 252
4 0 2307 2323 1
4 2307 2306 2322 2323
4 2306 2305 2321 2322
4 2305 2304 2320 2321
4 2304 2303 2319 2320
4 2303 2302 2318 2319
4 2302 2301 2317 2318
4 2301 2300 2316 2317
4 2300 2299 2315 2316
4 2299 2298 2314 2315
4 2298 2297 2313 2314
4 2297 2296 2312 2313
4 2296 2295 2311 2312
4 2295 2294 2310 2311
4 2294 2293 2309 2310
4 2293 2292 2308 2309
4 2292 252 253 2308
4 1 2323 9072 264
4 2323 2322 9073 9072
4 2322 2321 9074 9073
4 2321 2320 9075 9074
4 2320 2319 9076 9075
4 2319 2318 9077 9076
4 2318 2317 9078 9077
4 2317 2316 9079 9078
4 2316 2315 9080 9079
4 2315 2314 9081 9080
4 2314 2313 9082 9081
4 2313 2312 9083 9082
4 2312 2311 9084 9083
4 2311 2310 9085 9084
4 2310 2309 9086 9085
4 2309 2308 9087 9086
4 2308 253 3168 9087
4 264 9072 9088 265
4 9072 9073 9089 9088
4 9073 9074 9090 9089
4 9074 9075 9091 9090
4 9075 9076 9092 9091
4 9076 9077 9093 9092
4 9077 9078 9094 9093
4 9078 9079 9095 9094
4 9079 9080 9096 9095
4 9080 9081 9097 9096
4 9081 9082 9098 9097
4 9082 9083 9099 9098
4 9083 9084 9100 9099
4 9084 9085 9101 9100
4 9085 9086 9102 9101
4 9086 9087 9103 9102
4 9087 3168 3169 9103
4 265 9088 9104 266
4 9088 9089 9105 9104
4 9089 9090 9106 9105
4 9090 9091 9107 9106
4 9091 9092 9108 9107
4 9092 9093 9109 9108
4 9093 9094 9110 9109
4 9094 9095 9111 9110
4 9095 9096 9112 9111
4 9096 9097 9113 9112
4 9097 9098 9114 9113
4 9098 9099 9115 9114
4 9099 9100 9116 9115
4 9100 9101 9117 9116
4 9101 9102 9118 9117
4 9102 9103 9119 9118
4 9103 3169 3170 9119
4 266 9104 9120 267
4 9104 9105 9121 9120
4 9105 9106 9122 9121
4 9106 9107 9123 9122
4 9107 9108 9124 9123
4 9108 9109 9125 9124
4 9109 9110 9126 9125
4 9110 9111 9127 9126
4 9111 9112 9128 9127
4 9112 9113 9129 9128
4 9113 9114 9130 9129
4 9114 9115 9131 9130
4 9115 9116 9132 9131
4 9116 9117 9133 9132
4 9117 9118 9134 9133
4 9118 9119 9135 9134
4 9119 3170 3171 9135
4 267 9120 9136 268
4 9120 9121 9137 9136
4 9121 9122 9138 9137
4 9122 9123 9139 9138
4 9123 9124 9140 9139
4 9124 9125 9141 9140
4 9125 9126 9142 9141
4 9126 9127 9143 9142
4 9127 9128 9144 9143
4 9128 9129 9145 9144
4 9129 9130 9146 9145
4 9130 9131 9147 9146
4 9131 9132 9148 9147
4 9132 9133 9149 9148
4 9133 9134 9150 9149
4 9134 9135 9151 9150
4 9135 3171 3172 9151
4 268 9136 9152 269
4 9136 9137 9153 9152
4 9137 9138 9154 9153
4 9138 9139 9155 9154
4 9139 9140 9156 9155
4 9140 9141 9157 9156
4 9141 9142 9158 9157
4 9142 9143 9159 9158
4 9143 9144 9160 9159
4 9144 9145 9161 9160
4 9145 9146 9162 9161
4 9146 9147 9163 9162
4 9147 9148 9164 9163
4 9148 9149 9165 9164
4 9149 9150 9166 9165
4 9150 9151 9167 9166
4 9151 3172 3173 9167
4 269 9152 9168 270
4 9152 9153 9169 9168
4 9153 9154 9170 9169
4 9154 9155 9171 9170
4 9155 9156 9172 9171
4 9156 9157 9173 9172
4 9157 9158 9174 9173
4 9158 9159 9175 9174
4 9159 9160 9176 9175
4 9160 9161 9177 9176
4 9161 9162 9178 9177
4 9162 9163 9179 9178
4 9163 9164 9180 9179
4 9164 9165 9181 9180
4 9165 9166 9182 9181
4 9166 9167 9183 9182
4 9167 3173 3174 9183
4 270 9168 9184 271
4 9168 9169 9185 9184
4 9169 9170 9186 9185
4 9170 9171 9187 9186
4 9171 9172 9188 9187
4 9172 9173 9189 9188
4 9173 9174 9190 9189
4 9174 9175 9191 9190
4 9175 9176 9192 9191
4 9176 9177 9193 9192
4 9177 9178 9194 9193
4 9178 9179 9195 9194
4 9179 9180 9196 9195
4 9180 9181 9197 9196
4 9181 9182 9198 9197
4 9182 9183 9199 9198
4 9183 3174 3175 9199
4 271 9184 9200 272
4 9184 9185 9201 9200
4 9185 9186 9202 9201
4 9186 9187 9203 9202
4 9187 9188 9204 9203
4 9188 9189 9205 9204
4 9189 9190 9206 9205
4 9190 9191 9207 9206
4 9191 9192 9208 9207
4 9192 9193 9209 9208
4 9193 9194 9210 9209
4 9194 9195 9211 9210
4 9195 9196 9212 9211
4 9196 9197 9213 9212
4 9197 9198 9214 9213
4 9198 9199 9215 9214
4 9199 3175 3176 9215
4 272 9200 2339 2
4 9200 9201 2338 2339
4 9201 9202 2337 2338
4 9202 9203 2336 2337
4 9203 9204 2335 2336
4 9204 9205 2334 2335
4 9205 9206 2333 2334
4 9206 9207 2332 2333
4 9207 9208 2331 2332
4 9208 9209 2330 2331
4 9209 9210 2329 2330
4 9210 9211 2328 2329
4 9211 9212 2327 2328
4 9212 9213 2326 2327
4 9213 9214 2325 2326
4 9214 9215 2324 2325
4 9215 3176 254 2324
4 2 2339 2355 3
4 2339 2338 2354 2355
4 2338 2337 2353 2354
4 2337 2336 2352 2353
4 2336 2335 2351 2352
4 2335 2334 2350 2351
4 2334 2333 2349 2350
4 2333 2332 2348 2349
4 2332 2331 2347 2348
4 2331 2330 2346 2347
4 2330 2329 2345 2346
4 2329 2328 2344 2345
4 2328 2327 2343 2344
4 2327 2326 2342 2343
4 2326 2325 2341 2342
4 2325 2324 2340 2341
4 2324 254 255 2340
4 3 2355 2371 4
4 2355 2354 2370 2371
4 2354 2353 2369 2370
4 2353 2352 2368 2369
4 2352 2351 2367 2368
4 2351 2350 2366 2367
4 2350 2349 2365 2366
4 2349 2348 2364 2365
4 2348 2347 2363 2364
4 2347 2346 2362 2363
4 2346 2345 2361 2362
4 2345 2344 2360 2361
4 2344 2343 2359 2360
4 2343 2342 2358 2359
4 2342 2341 2357 2358
4 2341 2340 2356 2357
4 2340 255 256 2356
4 4 2371 9216 273
4 2371 2370 9217 9216
4 2370 2369 9218 9217
4 2369 2368 9219 9218
4 2368 2367 9220 9219
4 2367 2366 9221 9220
4 2366 2365 9222 9221
4 2365 2364 9223 9222
4 2364 2363 9224 9223
4 2363 2362 9225 9224
4 2362 2361 9226 9225
4 2361 2360 9227 9226
4 2360 2359 9228 9227
4 2359 2358 9229 9228
4 2358 2357 9230 9229
4 2357 2356 9231 9230
4 2356 256 3177 9231
4 273 9216 9232 274
4 9216 9217 9233 9232
4 9217 9218 9234 9233
4 9218 9219 9235 9234
4 9219 9220 9236 9235
4 9220 9221 9237 9236
4 9221 9222 9238 9237
4 9222 9223 9239 9238
4 9223 9224 9240 9239
4 9224 9225 9241 9240
4 9225 9226 9242 9241
4 9226 9227 9243 9242
4 9227 9228 9244 9243
4 9228 9229 9245 9244
4 9229 9230 9246 9245
4 9230 9231 9247 9246
4 9231 3177 3178 9247
4 274 9232 9248 275
4 9232 9233 9249 9248
4 9233 9234 9250 9249
4 9234 9235 9251 9250
4 9235 9236 9252 9251
4 9236 9237 9253 9252
4 9237 9238 9254 9253
4 9238 9239 9255 9254
4 9239 9240 9256 9255
4 9240 9241 9257 9256
4 9241 9242 9258 9257
4 9242 9243 9259 9258
4 9243 9244 9260 9259
4 9244 9245 9261 9260
4 9245 9246 9262 9261
4 9246 9247 9263 9262
4 9247 3178 3179 9263
4 275 9248 9264 276
4 9248 9249 9265 9264
4 9249 9250 9266 9265
4 9250 9251 9267 9266
4 9251 9252 9268 9267
4 9252 9253 9269 9268
4 9253 9254 9270 9269
4 9254 9255 9271 9270
4 9255 9256 9272 9271
4 9256 9257 9273 9272
4 9257 9258 9274 9273
4 9258 9259 9275 9274
4 9259 9260 9276 9275
4 9260 9261 9277 9276
4 9261 9262 9278 9277
4 9262 9263 9279 9278
4 9263 3179 3180 9279
4 276 9264 9280 277
4 9264 9265 9281 9280
4 9265 9266 9282 9281
4 9266 9267 9283 9282
4 9267 9268 9284 9283
4 9268 9269 9285 9284
4 9269 9270 9286 9285
4 9270 9271 9287 9286
4 9271 9272 9288 9287
4 9272 9273 9289 9288
4 9273 9274 9290 9289
4 9274 9275 9291 9290
4 9275 9276 9292 9291
4 9276 9277 9293 9292
4 9277 9278 9294 9293
4 9278 9279 9295 9294
4 9279 3180 3181 9295
4 277 9280 9296 278
4 9280 9281 9297 9296
4 9281 9282 9298 9297
4 9282 9283 9299 9298
4 9283 9284 9300 9299
4 9284 9285 9301 9300
4 9285 9286 9302 9301
4 9286 9287 9303 9302
4 9287 9288 9304 9303
4 9288 9289 9305 9304
4 9289 9290 9306 9305
4 9290 9291 9307 9306
4 9291 9292 9308 9307
4 9292 9293 9309 9308
4 9293 9294 9310 9309
4 9294 9295 9311 9310
4 9295 3181 3182 9311
4 278 9296 9312 279
4 9296 9297 9313 9312
4 9297 9298 9314 9313
4 9298 9299 9315 9314
4 9299 9300 9316 9315
4 9300 9301 9317 9316
4 9301 9302 9318 9317
4 9302 9303 9319 9318
4 9303 9304 9320 9319
4 9304 9305 9321 9320
4 9305 9306 9322 9321
4 9306 9307 9323 9322
4 9307 9308 9324 9323
4 9308 9309 9325 9324
4 9309 9310 9326 9325
4 9310 9311 9327 9326
4 9311 3182 3183 9327
4 279 9312 9328 280
4 9312 9313 9329 9328
4 9313 9314 9330 9329
4 9314 9315 9331 9330
4 9315 9316 9332 9331
4 9316 9317 9333 9332
4 9317 9318 9334 9333
4 9318 9319 9335 9334
4 9319 9320 9336 9335
4 9320 9321 9337 9336
4 9321 9322 9338 9337
4 9322 9323 9339 9338
4 9323 9324 9340 9339
4 9324 9325 9341 9340
4 9325 9326 9342 9341
4 9326 9327 9343 9342
4 9327 3183 3184 9343
4 280 9328 9344 281
4 9328 9329 9345 9344
4 9329 9330 9346 9345
4 9330 9331 9347 9346
4 9331 9332 9348 9347
4 9332 9333 9349 9348
4 9333 9334 9350 9349
4 9334 9335 9351 9350
4 9335 9336 9352 9351
4 9336 9337 9353 9352
4 9337 9338 9354 9353
4 9338 9339 9355 9354
4 9339 9340 9356 9355
4 9340 9341 9357 9356
4 9341 9342 9358 9357
4 9342 9343 9359 9358
4 9343 3184 3185 9359
4 281 9344 2387 5
4 9344 9345 2386 2387
4 9345 9346 2385 2386
4 9346 9347 2384 2385
4 9347 9348 2383 2384
4 9348 9349 2382 2383
4 9349 9350 2381 2382
4 9350 9351 2380 2381
4 9351 9352 2379 2380
4 9352 9353 2378 2379
4 9353 9354 2377 2378
4 9354 9355 2376 2377
4 9355 9356 2375 2376
4 9356 9357 2374 2375
4 9357 9358 2373 2374
4 9358 9359 2372 2373
4 9359 3185 257 2372
4 5 2387 2403 6
4 2387 2386 2402 2403
4 2386 2385 2401 2402
4 2385 2384 2400 2401
4 2384 2383 2399 2400
4 2383 2382 2398 2399
4 2382 2381 2397 2398
4 2381 2380 2396 2397
4 2380 2379 2395 2396
4 2379 2378 2394 2395
4 2378 2377 2393 2394
4 2377 2376 2392 2393
4 2376 2375 2391 2392
4 2375 2374 2390 2391
4 2374 2373 2389 2390
4 2373 2372 2388 2389
4 2372 257 258 2388
4 6 2403 2419 7
4 2403 2402 2418 2419
4 2402 2401 2417 2418
4 2401 2400 2416 2417
4 2400 2399 2415 2416
4 2399 2398 2414 2415
4 2398 2397 2413 2414
4 2397 2396 2412 2413
4 2396 2395 2411 2412
4 2395 2394 2410 2411
4 2394 2393 2409 2410
4 2393 2392 2408 2409
4 2392 2391 2407 2408
4 2391 2390 2406 2407
4 2390 2389 2405 2406
4 2389 2388 2404 2405
4 2388 258 259 2404
4 7 2419 9360 282
4 2419 2418 9361 9360
4 2418 2417 9362 9361
4 2417 2416 9363 9362
4 2416 2415 9364 9363
4 2415 2414 9365 9364
4 2414 2413 9366 9365
4 2413 2412 9367 9366
4 2412 2411 9368 9367
4 2411 2410 9369 9368
4 2410 2409 9370 9369
4 2409 2408 9371 9370
4 2408 2407 9372 9371
4 2407 2406 9373 9372
4 2406 2405 9374 9373
4 2405 2404 9375 9374
4 2404 259 3186 9375
4 282 9360 9376 283
4 9360 9361 9377 9376
4 9361 9362 9378 9377
4 9362 9363 9379 9378
4 9363 9364 9380 9379
4 9364 9365 9381 9380
4 9365 9366 9382 9381
4 9366 9367 9383 9382
4 9367 9368 9384 9383
4 9368 9369 9385 9384
4 9369 9370 9386 9385
4 9370 9371 9387 9386
4 9371 9372 9388 9387
4 9372 9373 9389 9388
4 9373 9374 9390 9389
4 9374 9375 9391 9390
4 9375 3186 3187 9391
4 283 9376 9392 284
4 9376 9377 9393 9392
4 9377 9378 9394 9393
4 9378 9379 9395 9394
4 9379 9380 9396 9395
4 9380 9381 9397 9396
4 9381 9382 9398 9397
4 9382 9383 9399 9398
4 9383 9384 9400 9399
4 9384 9385 9401 9400
4 9385 9386 9402 9401
4 9386 9387 9403 9402
4 9387 9388 9404 9403
4 9388 9389 9405 9404
4 9389 9390 9406 9405
4 9390 9391 9407 9406
4 9391 3187 3188 9407
4 284 9392 9408 285
4 9392 9393 9409 9408
4 9393 9394 9410 9409
4 9394 9395 9411 9410
4 9395 9396 9412 9411
4 9396 9397 9413 9412
4 9397 9398 9414 9413
4 9398 9399 9415 9414
4 9399 9400 9416 9415
4 9400 9401 9417 9416
4 9401 9402 9418 9417
4 9402 9403 9419 9418
4 9403 9404 9420 9419
4 9404 9405 9421 9420
4 9405 9406 9422 9421
4 9406 9407 9423 9422
4 9407 3188 3189 9423
4 285 9408 9424 286
4 9408 9409 9425 9424
4 9409 9410 9426 9425
4 9410 9411 9427 9426
4 9411 9412 9428 9427
4 9412 9413 9429 9428
4 9413 9414 9430 9429
4 9414 9415 9431 9430
4 9415 9416 9432 9431
4 9416 9417 9433 9432
4 9417 9418 9434 9433
4 9418 9419 9435 9434
4 9419 9420 9436 9435
4 9420 9421 9437 9436
4 9421 9422 9438 9437
4 9422 9423 9439 9438
4 9423 3189 3190 9439
4 286 9424 9440 287
4 9424 9425 9441 9440
4 9425 9426 9442 9441
4 9426 9427 9443 9442
4 9427 9428 9444 9443
4 9428 9429 9445 9444
4 9429 9430 9446 9445
4 9430 9431 9447 9446
4 9431 9432 9448 9447
4 9432 9433 9449 9448
4 9433 9434 9450 9449
4 9434 9435 9451 9450
4 9435 9436 9452 9451
4 9436 9437 9453 9452
4 9437 9438 9454 9453
4 9438 9439 9455 9454
4 9439 3190 3191 9455
4 287 9440 9456 288
4 9440 9441 9457 9456
4 9441 9442 9458 9457
4 9442 9443 9459 9458
4 9443 9444 9460 9459
4 9444 9445 9461 9460
4 9445 9446 9462 9461
4 9446 9447 9463 9462
4 9447 9448 9464 9463
4 9448 9449 9465 9464
4 9449 9450 9466 9465
4 9450 9451 9467 9466
4 9451 9452 9468 9467
4 9452 9453 9469 9468
4 9453 9454 9470 9469
4 9454 9455 9471 9470
4 9455 3191 3192 9471
4 288 9456 9472 289
4 9456 9457 9473 9472
4 9457 9458 9474 9473
4 9458 9459 9475 9474
4 9459 9460 9476 9475
4 9460 9461 9477 9476
4 9461 9462 9478 9477
4 9462 9463 9479 9478
4 9463 9464 9480 9479
4 9464 9465 9481 9480
4 9465 9466 9482 9481
4 9466 9467 9483 9482
4 9467 9468 9484 9483
4 9468 9469 9485 9484
4 9469 9470 9486 9485
4 9470 9471 9487 9486
4 9471 3192 3193 9487
4 289 9472 9488 290
4 9472 9473 9489 9488
4 9473 9474 9490 9489
4 9474 9475 9491 9490
4 9475 9476 9492 9491
4 9476 9477 9493 9492
4 9477 9478 9494 9493
4 9478 9479 9495 9494
4 9479 9480 9496 9495
4 9480 9481 9497 9496
4 9481 9482 9498 9497
4 9482 9483 9499 9498
4 9483 9484 9500 9499
4 9484 9485 9501 9500
4 9485 9486 9502 9501
4 9486 9487 9503 9502
4 9487 3193 3194 9503
4 290 9488 2435 8
4 9488 9489 2434 2435
4 9489 9490 2433 2434
4 9490 9491 2432 2433
4 9491 9492 2431 2432
4 9492 9493 2430 2431
4 9493 9494 2429 2430
4 9494 9495 2428 2429
4 9495 9496 2427 2428
4 9496 9497 2426 2427
4 9497 9498 2425 2426
4 9498 9499 2424 2425
4 9499 9500 2423 2424
4 9500 9501 2422 2423
4 9501 9502 2421 2422
4 9502 9503 2420 2421
4 9503 3194 260 2420
4 8 2435 2451 9
4 2435 2434 2450 2451
4 2434 2433 2449 2450
4 2433 2432 2448 2449
4 2432 2431 2447 2448
4 2431 2430 2446 2447
4 2430 2429 2445 2446
4 2429 2428 2444 2445
4 2428 2427 2443 2444
4 2427 2426 2442 2443
4 2426 2425 2441 2442
4 2425 2424 2440 2441
4 2424 2423 2439 2440
4 2423 2422 2438 2439
4 2422 2421 2437 2438
4 2421 2420 2436 2437
4 2420 260 261 2436
4 9 2451 2467 10
4 2451 2450 2466 2467
4 2450 2449 2465 2466
4 2449 2448 2464 2465
4 2448 2447 2463 2464
4 2447 2446 2462 2463
4 2446 2445 2461 2462
4 2445 2444 2460 2461
4 2444 2443 2459 2460
4 2443 2442 2458 2459
4 2442 2441 2457 2458
4 2441 2440 2456 2457
4 2440 2439 2455 2456
4 2439 2438 2454 2455
4 2438 2437 2453 2454
4 2437 2436 2452 2453
4 2436 261 262 2452
4 10 2467 9504 291
4 2467 2466 9505 9504
4 2466 2465 9506 9505
4 2465 2464 9507 9506
4 2464 2463 9508 9507
4 2463 2462 9509 9508
4 2462 2461 9510 9509
4 2461 2460 9511 9510
4 2460 2459 9512 9511
4 2459 2458 9513 9512
4 2458 2457 9514 9513
4 2457 2456 9515 9514
4 2456 2455 9516 9515
4 2455 2454 9517 9516
4 2454 2453 9518 9517
4 2453 2452 9519 9518
4 2452 262 3195 9519
4 291 9504 9520 292
4 9504 9505 9521 9520
4 9505 9506 9522 9521
4 9506 9507 9523 9522
4 9507 9508 9524 9523
4 9508 9509 9525 9524
4 9509 9510 9526 9525
4 9510 9511 9527 9526
4 9511 9512 9528 9527
4 9512 9513 9529 9528
4 9513 9514 9530 9529
4 9514 9515 9531 9530
4 9515 9516 9532 9531
4 9516 9517 9533 9532
4 9517 9518 9534 9533
4 9518 9519 9535 9534
4 9519 3195 3196 9535
4 292 9520 9536 293
4 9520 9521 9537 9536
4 9521 9522 9538 9537
4 9522 9523 9539 9538
4 9523 9524 9540 9539
4 9524 9525 9541 9540
4 9525 9526 9542 9541
4 9526 9527 9543 9542
4 9527 9528 9544 9543
4 9528 9529 9545 9544
4 9529 9530 9546 9545
4 9530 9531 9547 9546
4 9531 9532 9548 9547
4 9532 9533 9549 9548
4 9533 9534 9550 9549
4 9534 9535 9551 9550
4 9535 3196 3197 9551
4 293 9536 9552 294
4 9536 9537 9553 9552
4 9537 9538 9554 9553
4 9538 9539 9555 9554
4 9539 9540 9556 9555
4 9540 9541 9557 9556
4 9541 9542 9558 9557
4 9542 9543 9559 9558
4 9543 9544 9560 9559
4 9544 9545 9561 9560
4 9545 9546 9562 9561
4 9546 9547 9563 9562
4 9547 9548 9564 9563
4 9548 9549 9565 9564
4 9549 9550 9566 9565
4 9550 9551 9567 9566
4 9551 3197 3198 9567
4 294 9552 9568 295
4 9552 9553 9569 9568
4 9553 9554 9570 9569
4 9554 9555 9571 9570
4 9555 9556 9572 9571
4 9556 9557 9573 9572
4 9557 9558 9574 9573
4 9558 9559 9575 9574
4 9559 9560 9576 9575
4 9560 9561 9577 9576
4 9561 9562 9578 9577
4 9562 9563 9579 9578
4 9563 9564 9580 9579
4 9564 9565 9581 9580
4 9565 9566 9582 9581
4 9566 9567 9583 9582
4 9567 3198 3199 9583
4 295 9568 9584 296
4 9568 9569 9585 9584
4 9569 9570 9586 9585
4 9570 9571 9587 9586
4 9571 9572 9588 9587
4 9572 9573 9589 9588
4 9573 9574 9590 9589
4 9574 9575 9591 9590
4 9575 9576 9592 9591
4 9576 9577 9593 9592
4 9577 9578 9594 9593
4 9578 9579 9595 9594
4 9579 9580 9596 9595
4 9580 9581 9597 9596
4 9581 9582 9598 9597
4 9582 9583 9599 9598
4 9583 3199 3200 9599
4 296 9584 9600 297
4 9584 9585 9601 9600
4 9585 9586 9602 9601
4 9586 9587 9603 9602
4 9587 9588 9604 9603
4 9588 9589 9605 9604
4 9589 9590 9606 9605
4 9590 9591 9607 9606
4 9591 9592 9608 9607
4 9592 9593 9609 9608
4 9593 9594 9610 9609
4 9594 9595 9611 9610
4 9595 9596 9612 9611
4 9596 9597 9613 9612
4 9597 9598 9614 9613
4 9598 9599 9615 9614
4 9599 3200 3201 9615
4 297 9600 9616 298
4 9600 9601 9617 9616
4 9601 9602 9618 9617
4 9602 9603 9619 9618
4 9603 9604 9620 9619
4 9604 9605 9621 9620
4 9605 9606 9622 9621
4 9606 9607 9623 9622
4 9607 9608 9624 9623
4 9608 9609 9625 9624
4 9609 9610 9626 9625
4 9610 9611 9627 9626
4 9611 9612 9628 9627
4 9612 9613 9629 9628
4 9613 9614 9630 9629
4 9614 9615 9631 9630
4 9615 3201 3202 9631
4 298 9616 9632 299
4 9616 9617 9633 9632
4 9617 9618 9634 9633
4 9618 9619 9635 9634
4 9619 9620 9636 9635
4 9620 9621 9637 9636
4 9621 9622 9638 9637
4 9622 9623 9639 9638
4 9623 9624 9640 9639
4 9624 9625 9641 9640
4 9625 9626 9642 9641
4 9626 9627 9643 9642
4 9627 9628 9644 9643
4 9628 9629 9645 9644
4 9629 9630 9646 9645
4 9630 9631 9647 9646
4 9631 3202 3203 9647
4 299 9632 2483 11
4 9632 9633 2482 2483
4 9633 9634 2481 2482
4 9634 9635 2480 2481
4 9635 9636 2479 2480
4 9636 9637 2478 2479
4 9637 9638 2477 2478
4 9638 9639 2476 2477
4 9639 9640 2475 2476
4 9640 9641 2474 2475
4 9641 9642 2473 2474
4 9642 9643 2472 2473
4 9643 9644 2471 2472
4 9644 9645 2470 2471
4 9645 9646 2469 2470
4 9646 9647 2468 2469
4 9647 3203 263 2468
4 11 2483 2307 0
4 2483 2482 2306 2307
4 2482 2481 2305 2306
4 2481 2480 2304 2305
4 2480 2479 2303 2304
4 2479 2478 2302 2303
4 2478 2477 2301 2302
4 2477 2476 2300 2301
4 2476 2475 2299 2300
4 2475 2474 2298 2299
4 2474 2473 2297 2298
4 2473 2472 2296 2297
4 2472 2471 2295 2296
4 2471 2470 2294 2295
4 2470 2469 2293 2294
4 2469 2468 2292 2293
4 2468 263 252 2292

CELL_TYPES 13320
1
1
1
1
1
1
1
1
1
1
1
1
1
1
1
1
1
1
1
1
1
1
1
1
1
1
1
1
1
1
1
1
1
1
1
1
1
1
1
1
1
1
1
1
1
1
1
1
1
1
1
1
1
1
1
1
1
1
1
1
1
1
1
1
1
1
1
1
1
1
1
1
1
1
1
1
1
1
1
1
1
1
1
1
1
1
1
1
1
1
1
1
1
1
1
1
1
1
1
1
1
1
1
1
1
1
1
1
1
1
1
1
1
1
1
1
1
1
1
1
1
1
1
1
1
1
1
1
1
1
1
1
1
1
1
1
1
1
1
1
1
1
1
1
1
1
1
1
1
1
1
1
1
1
1
1
1
1
1
1
1
1
1
1
1
1
1
1
1
1
1
1
1
1
1
1
1
1
1
1
1
1
1
1
1
1
1
1
1
1
1
1
1
1
1
1
1
1
1
1
1
1
1
1
1
1
1
1
1
1
1
1
1
1
1
1
1
1
1
1
1
1
1
1
1
1
1
1
1
1
1
1
1
1
1
1
1
1
1
1
1
1
1
1
1
1
1
1
1
1
1
1
1
1
1
1
1
1
1
1
1
1
1
1
3
3
3
3
3
3
3
3
3
3
3
3
3
3
3
3
3
3
3
3
3
3
3
3
3
3
3
3
3
3
3
3
3
3
3
3
3
3
3
3
3
3
3
3
3
3
3
3
3
3
3
3
3
3
3
3
3
3
3
3
3
3
3
3
3
3
3
3
3
3
3
3
3
3
3
3
3
3
3
3
3
3
3
3
3
3
3
3
3
3
3
3
3
3
3
3
3
3
3
3
3
3
3
3
3
3
3
3
3
3
3
3
3
3
3
3
3
3
3
3
3
3
3
3
3
3
3
3
3
3
3
3
3
3
3
3
3
3
3
3
3
3
3
3
3
3
3
3
3
3
3
3
3
3
3
3
3
3
3
3
3
3
3
3
3
3
3
3
3
3
3
3
3
3
3
3
3
3
3
3
3
3
3
3
3
3
3
3
3
3
3
3
3
3
3
3
3
3
3
3
3
3
3
3
3
3
3
3
3
3
3
3
3
3
3
3
3
3
3
3
3
3
3
3
3
3
3
3
3
3
3
3
3
3
3
3
3
3
3
3
3
3
3
3
3
3
3
3
3
3
3
3
3
3
3
3
3
3
3
3
3
3
3
3
3
3
3
3
3
3
3
3
3
3
3
3
3
3
3
3
3
3
3
3
3
3
3
3
3
3
3
3
3
3
3
3
3
3
3
3
3
3
3
3
3
3
3
3
3
3
3
3
3
3
3
3
3
3
3
3
3
3
3
3
3
3
3
3
3
3
3
3
3
3
3
3
3
3
3
3
3
3
3
3
3
3
3
3
3
3
3
3
3
3
3
3
3
3
3
3
3
3
3
3
3
3
3
3
3
3
3
3
3
3
3
3
3
3
3
3
3
3
3
3
3
3
3
3
3
3
3
3
3
3
3
3
3
3
3
3
3
3
3
3
3
3
3
3
3
3
3
3
3
3
3
3
3
3
3
3
3
3
3
3
3
3
3
3
3
3
3
3
3
3
3
3
3
3
3
3
3
3
3
3
3
3
3
3
3
3
3
3
3
3
3
3
3
3
3
3
3
3
3
3
3
3
3
3
3
3
3
3
3
3
3
3
3
3
3
3
3
3
3
3
3
3
3
3
3
3
3
3
3
3
3
3
3
3
3
3
3
3
3
3
3
3
3
3
3
3
3
3
3
3
3
3
3
3
3
3
3
3
3
3
3
3
3
3
3
3
3
3
3
3
3
3
3
3
3
3
3
3
3
3
3
3
3
3
3
3
3
3
3
3
3
3
3
3
3
3
3
3
3
3
3
3
3
3
3
3
3
3
3
3
3
3
3
3
3
3
3
3
3
3
3
3
3
3
3
3
3
3
3
3
3
3
3
3
3
3
3
3
3
3
3
3
3
3
3
3
3
3
3
3
3
3
3
3
3
3
3
3
3
3
3
3
3
3
3
3
3
3
3
3
3
3
3
3
3
3
3
3
3
3
3
3
3
3
3
3
3
3
3
3
3
3
3
3
3
3
3
3
3
3
3
3
3
3
3
3
3
3
3
3
3
3
3
3
3
3
3
3
3
3
3
3
3
3
3
3
3
3
3
3
3
3
3
3
3
3
3
3
3
3
3
3
3
3
3
3
3
3
3
3
3
3
3
3
3
3
3
3
3
3
3
3
3
3
3
3
3
3
3
3
3
3
3
3
3
3
3
3
3
3
3
3
3
3
3
3
3
3
3
3
3
3
3
3
3
3
3
3
3
3
3
3
3
3
3
3
3
3
3
3
3
3
3
3
3
3
3
3
3
3
3
3
3
3
3
3
3
3
3
3
3
3
3
3
3
3
3
3
3
3
3
3
3
3
3
3
3
3
3
3
3
3
3
3
3
3
3
3
3
3
3
3
3
3
3
3
3
3
3
3
3
3
3
3
3
3
3
3
3
3
3
3
3
3
3
3
3
3
3
3
3
3
3
3
3
3
3
3
3
3
3
3
3
3
3
3
3
3
3
3
3
3
3
3
3
3
3
3
3
3
3
3
3
3
3
3
3
3
3
3
3
3
3
3
3
3
3
3
3
3
3
3
3
3
3
3
3
3
3
3
3
3
3
3
3
3
3
3
3
3
3
3
3
3
3
3
3
3
3
3
3
3
3
3
3
3
3
3
3
3
3
3
3
3
3
3
3
3
3
3
3
3
3
3
3
3
3
3
3
3
3
3
3
3
3
3
3
3
3
3
3
3
3
3
3
3
3
3
3
3
3
3
3
3
3
3
3
3
3
3
3
3
3
3
3
3
3
3
3
3
3
3
3
3
3
3
3
3
3
3
3
3
3
3
3
3
3
3
3
3
3
3
3
3
3
3
3
3
3
3
3
3
3
3
3
3
3
3
3
3
3
3
3
3
3
3
3
3
3
3
3
3
3
3
3
3
3
3
3
3
3
3
3
3
3
3
3
3
3
3
3
3
3
3
3
3
3
3
3
3
3
3
3
3
3
3
3
3
3
3
3
3
3
3
3
3
3
3
3
3
3
3
3
3
3
3
3
3
3
3
3
3
3
3
3
3
3
3
3
3
3
3
3
3
3
3
3
3
3
3
3
3
3
3
3
3
3
3
3
3
3
3
3
3
3
3
3
3
3
3
3
3
3
3
3
3
3
3
3
3
3
3
3
3
3
3
3
3
3
3
3
3
3
3
3
3
3
3
3
3
3
3
3
3
3
3
3
3
3
3
3
3
3
3
3
3
3
3
3
3
3
3
3
3
3
3
3
3
3
3
3
3
3
3
3
3
3
3
3
3
3
3
3
3
3
3
3
3
3
3
3
3
3
3
3
3
3
3
3
3
3
3
3
3
3
3
3
3
3
3
3
3
3
3
3
3
3
3
3
3
3
3
3
3
3
3
3
3
3
3
3
3
3
3
3
3
3
3
3
3
3
3
3
3
3
3
3
3
3
3
3
3
3
3
3
3
3
3
3
3
3
3
3
3
3
3
3
3
3
3
3
3
3
3
3
3
3
3
3
3
3
3
3
3
3
3
3
3
3
3
3
3
3
3
3
3
3
3
3
3
3
3
3
3
3
3
3
3
3
3
3
3
3
3
3
3
3
3
3
3
3
3
3
3
3
3
3
3
3
3
3
3
3
3
3
3
3
3
3
3
3
3
3
3
3
3
3
3
3
3
3
3
3
3
3
3
3
3
3
3
3
3
3
3
3
3
3
3
3
3
3
3
3
3
3
3
3
3
3
3
3
3
3
3
3
3
3
3
3
3
3
3
3
3
3
3
3
3
3
3
3
3
3
3
3
3
3
3
3
3
3
3
3
3
3
3
3
3
3
3
3
3
3
3
3
3
3
3
3
3
3
3
3
3
3
3
3
3
3
3
3
3
3
3
3
3
3
3
3
3
3
3
3
3
3
3
3
3
3
3
3
3
3
3
3
3
3
3
3
3
3
3
3
3
3
3
3
3
3
3
3
3
3
3
3
3
3
3
3
3
3
3
3
3
3
3
3
3
3
3
3
3
3
3
3
3
3
3
3
3
3
3
3
3
3
3
3
3
3
3
3
3
3
3
3
3
3
3
3
3
3
3
3
3
3
3
3
3
3
3
3
3
3
3
3
3
3
3
3
3
3
3
3
3
3
3
3
3
3
3
3
3
3
3
3
3
3
3
3
3
3
3
3
3
3
3
3
3
3
3
3
3
3
3
3
3
3
3
3
3
3
3
3
3
3
3
3
3
3
3
3
3
3
3
3
3
3
3
3
3
3
3
3
3
3
3
3
3
3
3
3
3
3
3
3
3
3
3
3
3
3
3
3
3
3
3
3
3
3
3
3
3
3
3
3
3
3
3
3
3
3
3
3
3
3
3
3
3
3
3
3
3
3
3
3
3
3
3
3
3
3
3
3
3
3
3
3
3
3
3
3
3
3
3
3
3
3
3
3
3
3
3
3
3
3
3
3
3
3
3
3
3
3
3
3
3
3
3
3
3
3
3
3
3
3
3
3
3
3
3
3
3
3
3
3
3
3
3
3
3
3
3
3
3
3
3
3
3
3
3
3
3
3
3
3
3
3
3
3
3
3
3
3
3
3
3
3
3
3
3
3
3
3
3
3
3
3
3
3
3
3
3
3
3
3
3
3
3
3
3
3
3
3
3
3
3
3
3
3
3
3
3
3
3
3
3
3
3
3
3
3
3
3
3
3
3
3
3
3
3
3
3
3
3
3
3
3
3
3
3
3
3
3
3
3
3
3
3
3
3
3
3
3
3
3
3
3
3
3
3
3
3
3
3
3
3
3
3
3
3
3
3
3
3
3
3
3
3
3
3
3
3
3
3
3
3
3
3
3
3
3
3
3
3
3
3
3
3
3
3
3
3
3
3
3
3
3
3
3
3
3
3
3
3
3
3
3
3
3
3
3
3
3
3
3
3
3
3
3
3
3
3
3
3
3
3
3
3
3
3
3
3
3
3
3
3
3
3
3
3
3
3
3
3
3
3
3
3
3
3
3
3
3
3
3
3
3
3
3
3
3
3
3
3
3
3
3
3
3
3
3
3
3
3
3
3
3
3
3
3
3
3
3
3
3
3
3
3
3
3
3
3
3
3
3
3
3
3
3
3
3
3
3
3
3
3
3
3
3
3
3
3
3
3
3
3
3
3
3
3
3
3
3
3
3
3
3
3
3
3
3
3
3
3
3
3
3
3
3
3
3
3
3
3
3
3
3
3
3
3
3
3
3
3
3
3
3
3
3
3
3
3
3
3
3
3
3
3
3
3
3
3
3
3
3
3
3
3
3
3
3
3
3
3
3
3
3
3
3
3
3
3
3
3
3
3
3
3
3
3
3
3
3
3
3
3
3
3
3
3
3
3
3
3
3
3
3
3
3
3
3
3
3
3
3
3
3
3
3
3
3
3
3
3
3
3
3
3
3
3
3
3
3
3
3
3
3
3
3
3
3
3
3
3
3
3
3
3
3
3
3
3
3
3
3
3
3
3
3
3
3
3
3
3
3
3
3
3
3
3
3
3
3
3
3
3
3
3
3
3
3
3
3
3
3
3
3
3
3
3
3
3
3
3
3
3
3
3
3
3
3
3
3
3
3
3
3
3
3
3
3
3
3
3
3
3
3
3
3
3
3
3
3
3
3
3
3
3
3
3
3
3
3
3
3
3
3
3
3
3
3
3
3
3
3
3
3
3
3
3
3
3
3
3
3
3
3
3
3
3
3
3
3
3
3
3
3
3
3
3
3
3
3
3
3
3
3
3
3
3
3
3
3
3
3
3
3
3
3
3
3
3
3
3
3
3
3
3
3
3
3
3
3
3
3
3
3
3
3
3
3
3
3
3
3
3
3
3
3
3
3
3
3
3
3
3
3
3
3
3
3
3
3
3
3
3
3
3
3
3
3
3
3
3
3
3
3
3
3
3
3
3
3
3
3
3
3
3
3
3
3
3
3
3
3
3
3
3
3
3
3
3
3
3
3
3
3
3
3
3
3
3
3
3
3
3
3
3
3
3
3
3
3
3
3
3
3
3
3
3
3
3
3
3
3
3
3
3
3
3
3
3
3
3
3
3
3
3
3
3
3
3
3
3
3
3
3
3
3
3
3
3
3
3
3
3
3
3
3
3
3
3
3
3
3
3
3
3
3
3
3
3
3
3
3
3
3
3
3
3
3
3
3
3
3
3
3
3
3
3
3
3
3
3
3
3
3
3
3
3
3
3
3
3
3
3
3
3
3
3
3
3
3
3
3
3
3
3
3
3
3
3
3
3
3
3
3
3
3
3
3
3
3
3
3
3
3
3
3
3
3
3
3
3
3
3
3
3
3
3
3
3
3
3
3
3
3
3
3
3
3
3
3
3
3
3
3
3
3
3
3
3
3
3
3
3
3
3
3
3
3
3
3
3
3
3
3
3
3
3
3
3
3
3
3
3
3
3
3
3
3
3
3
3
3
3
3
3
3
3
3
3
3
3
3
3
3
3
3
3
3
3
3
3
3
3
3
3
3
3
3
3
3
3
3
3
3
3
3
3
3
3
3
3
3
3
3
3
3
3
3
3
3
3
3
3
3
3
3
3
3
3
3
3
3
3
3
3
3
3
3
3
3
3
3
3
3
3
3
3
3
3
3
3
3
3
3
3
3
3
3
3
3
3
3
3
3
3
3
3
3
3
3
3
3
3
3
3
3
3
3
3
3
3
3
3
3
3
3
3
3
3
3
3
3
3
3
3
3
3
3
3
3
3
3
3
3
3
3
3
3
3
3
3
3
3
3
3
3
3
3
3
3
3
3
3
3
3
3
3
3
3
3
3
3
3
3
3
3
3
3
3
3
3
3
3
3
3
3
3
3
3
3
3
3
3
3
3
3
3
3
3
3
3
3
3
3
3
3
3
3
3
3
3
3
3
3
3
3
3
3
3
3
3
3
3
3
3
3
3
3
3
3
3
3
3
3
3
3
3
3
3
3
3
3
3
3
3
3
3
3
3
3
3
3
3
3
3
3
3
3
3
3
3
3
3
3
3
3
3
3
3
3
3
3
3
3
3
3
3
3
3
3
3
3
3
3
3
3
3
3
3
3
3
3
3
3
3
3
3
3
3
3
3
3
3
3
3
3
3
3
3
3
3
3
3
3
3
3
3
3
3
3
3
3
3
3
3
3
3
3
3
3
3
3
3
3
3
3
3
3
3
3
3
3
3
3
3
3
3
3
3
3
3
3
3
3
3
3
3
3
3
3
3
3
3
3
3
3
3
3
3
3
3
3
3
3
3
3
3
3
3
3
3
3
3
3
3
3
3
3
3
3
3
3
3
3
3
3
3
3
3
3
3
3
3
3
3
3
3
3
3
3
3
3
3
3
3
3
3
3
3
3
3
3
3
3
3
3
3
3
3
3
3
3
3
3
3
3
3
3
3
3
3
3
3
3
3
3
3
3
3
3
3
3
3
3
3
3
3
3
3
3
3
3
3
3
3
3
3
3
3
3
3
3
3
3
3
3
3
3
3
3
3
3
3
3
3
3
3
3
3
3
3
3
3
3
3
3
3
3
3
3
3
3
3
3
3
3
3
3
3
3
3
3
3
3
3
3
3
3
3
3
3
3
3
3
3
3
3
3
3
3
3
3
3
3
3
3
3
3
3
3
3
3
3
3
3
3
3
3
3
3
3
3
3
3
3
3
3
3
3
3
3
3
3
3
3
3
3
3
3
3
3
3
3
3
3
3
3
3
3
3
3
3
3
3
3
3
3
3
3
3
3
3
3
3
3
3
3
3
3
3
3
3
3
3
3
3
3
3
3
3
3
3
3
3
3
3
3
3
3
3
3
3
3
3
3
3
3
3
3
3
3
3
3
3
3
3
3
3
3
3
3
3
3
3
3
3
3
3
3
3
3
3
3
3
3
3
3
3
3
3
3
3
3
3
3
3
3
3
3
3
3
3
3
3
3
3
3
3
3
3
3
3
3
3
3
3
3
3
3
3
3
3
3
3
3
3
3
3
3
3
3
3
3
3
3
3
3
3
3
3
3
3
3
3
3
3
3
3
3
3
3
3
3
3
3
3
3
3
3
3
3
3
3
3
3
3
3
3
3
3
3
3
3
3
3
3
3
3
3
3
3
3
3
3
3
3
3
3
3
3
3
3
3
3
3
3
3
3
3
3
3
3
3
3
3
3
3
3
3
3
3
3
3
3
3
3
3
3
3
3
3
3
3
3
3
3
3
3
3
3
3
3
3
3
3
3
3
3
3
3
3
3
3
3
3
3
3
3
3
3
3
3
3
3
3
3
3
3
3
3
3
3
3
3
3
3
3
3
3
9
9
9
9
9
9
9
9
9
9
9
9
9
9
9
9
9
9
9
9
9
9
9
9
9
9
9
9
9
9
9
9
9
9
9
9
9
9
9
9
9
9
9
9
9
9
9
9
9
9
9
9
9
9
9
9
9
9
9
9
9
9
9
9
9
9
9
9
9
9
9
9
9
9
9
9
9
9
9
9
9
9
9
9
9
9
9
9
9
9
9
9
9
9
9
9
9
9
9
9
9
9
9
9
9
9
9
9
9
9
9
9
9
9
9
9
9
9
9
9
9
9
9
9
9
9
9
9
9
9
9
9
9
9
9
9
9
9
9
9
9
9
9
9
9
9
9
9
9
9
9
9
9
9
9
9
9
9
9
9
9
9
9
9
9
9
9
9
9
9
9
9
9
9
9
9
9
9
9
9
9
9
9
9
9
9
9
9
9
9
9
9
9
9
9
9
9
9
9
9
9
9
9
9
9
9
9
9
9
9
9
9
9
9
9
9
9
9
9
9
9
9
9
9
9
9
9
9
9
9
9
9
9
9
9
9
9
9
9
9
9
9
9
9
9
9
9
9
9
9
9
9
9
9
9
9
9
9
9
9
9
9
9
9
9
9
9
9
9
9
9
9
9
9
9
9
9
9
9
9
9
9
9
9
9
9
9
9
9
9
9
9
9
9
9
9
9
9
9
9
9
9
9
9
9
9
9
9
9
9
9
9
9
9
9
9
9
9
9
9
9
9
9
9
9
9
9
9
9
9
9
9
9
9
9
9
9
9
9
9
9
9
9
9
9
9
9
9
9
9
9
9
9
9
9
9
9
9
9
9
9
9
9
9
9
9
9
9
9
9
9
9
9
9
9
9
9
9
9
9
9
9
9
9
9
9
9
9
9
9
9
9
9
9
9
9
9
9
9
9
9
9
9
9
9
9
9
9
9
9
9
9
9
9
9
9
9
9
9
9
9
9
9
9
9
9
9
9
9
9
9
9
9
9
9
9
9
9
9
9
9
9
9
9
9
9
9
9
9
9
9
9
9
9
9
9
9
9
9
9
9
9
9
9
9
9
9
9
9
9
9
9
9
9
9
9
9
9
9
9
9
9
9
9
9
9
9
9
9
9
9
9
9
9
9
9
9
9
9
9
9
9
9
9
9
9
9
9
9
9
9
9
9
9
9
9
9
9
9
9
9
9
9
9
9
9
9
9
9
9
9
9
9
9
9
9
9
9
9
9
9
9
9
9
9
9
9
9
9
9
9
9
9
9
9
9
9
9
9
9
9
9
9
9
9
9
9
9
9
9
9
9
9
9
9
9
9
9
9
9
9
9
9
9
9
9
9
9
9
9
9
9
9
9
9
9
9
9
9
9
9
9
9
9
9
9
9
9
9
9
9
9
9
9
9
9
9
9
9
9
9
9
9
9
9
9
9
9
9
9
9
9
9
9
9
9
9
9
9
9
9
9
9
9
9
9
9
9
9
9
9
9
9
9
9
9
9
9
9
9
9
9
9
9
9
9
9
9
9
9
9
9
9
9
9
9
9
9
9
9
9
9
9
9
9
9
9
9
9
9
9
9
9
9
9
9
9
9
9
9
9
9
9
9
9
9
9
9
9
9
9
9
9
9
9
9
9
9
9
9
9
9
9
9
9
9
9
9
9
9
9
9
9
9
9
9
9
9
9
9
9
9
9
9
9
9
9
9
9
9
9
9
9
9
9
9
9
9
9
9
9
9
9
9
9
9
9
9
9
9
9
9
9
9
9
9
9
9
9
9
9
9
9
9
9
9
9
9
9
9
9
9
9
9
9
9
9
9
9
9
9
9
9
9
9
9
9
9
9
9
9
9
9
9
9
9
9
9
9
9
9
9
9
9
9
9
9
9
9
9
9
9
9
9
9
9
9
9
9
9
9
9
9
9
9
9
9
9
9
9
9
9
9
9
9
9
9
9
9
9
9
9
9
9
9
9
9
9
9
9
9
9
9
9
9
9
9
9
9
9
9
9
9
9
9
9
9
9
9
9
9
9
9
9
9
9
9
9
9
9
9
9
9
9
9
9
9
9
9
9
9
9
9
9
9
9
9
9
9
9
9
9
9
9
9
9
9
9
9
9
9
9
9
9
9
9
9
9
9
9
9
9
9
9
9
9
9
9
9
9
9
9
9
9
9
9
9
9
9
9
9
9
9
9
9
9
9
9
9
9
9
9
9
9
9
9
9
9
9
9
9
9
9
9
9
9
9
9
9
9
9
9
9
9
9
9
9
9
9
9
9
9
9
9
9
9
9
9
9
9
9
9
9
9
9
9
9
9
9
9
9
9
9
9
9
9
9
9
9
9
9
9
9
9
9
9
9
9
9
9
9
9
9
9
9
9
9
9
9
9
9
9
9
9
9
9
9
9
9
9
9
9
9
9
9
9
9
9
9
9
9
9
9
9
9
9
9
9
9
9
9
9
9
9
9
9
9
9
9
9
9
9
9
9
9
9
9
9
9
9
9
9
9
9
9
9
9
9
9
9
9
9
9
9
9
9
9
9
9
9
9
9
9
9
9
9
9
9
9
9
9
9
9
9
9
9
9
9
9
9
9
9
9
9
9
9
9
9
9
9
9
9
9
9
9
9
9
9
9
9
9
9
9
9
9
9
9
9
9
9
9
9
9
9
9
9
9
9
9
9
9
9
9
9
9
9
9
9
9
9
9
9
9
9
9
9
9
9
9
9
9
9
9
9
9
9
9
9
9
9
9
9
9
9
9
9
9
9
9
9
9
9
9
9
9
9
9
9
9
9
9
9
9
9
9
9
9
9
9
9
9
9
9
9
9
9
9
9
9
9
9
9
9
9
9
9
9
9
9
9
9
9
9
9
9
9
9
9
9
9
9
9
9
9
9
9
9
9
9
9
9
9
9
9
9
9
9
9
9
9
9
9
9
9
9
9
9
9
9
9
9
9
9
9
9
9
9
9
9
9
9
9
9
9
9
9
9
9
9
9
9
9
9
9
9
9
9
9
9
9
9
9
9
9
9
9
9
9
9
9
9
9
9
9
9
9
9
9
9
9
9
9
9
9
9
9
9
9
9
9
9
9
9
9
9
9
9
9
9
9
9
9
9
9
9
9
9
9
9
9
9
9
9
9
9
9
9
9
9
9
9
9
9
9
9
9
9
9
9
9
9
9
9
9
9
9
9
9
9
9
9
9
9
9
9
9
9
9
9
9
9
9
9
9
9
9
9
9
9
9
9
9
9
9
9
9
9
9
9
9
9
9
9
9
9
9
9
9
9
9
9
9
9
9
9
9
9
9
9
9
9
9
9
9
9
9
9
9
9
9
9
9
9
9
9
9
9
9
9
9
9
9
9
9
9
9
9
9
9
9
9
9
9
9
9
9
9
9
9
9
9
9
9
9
9
9
9
9
9
9
9
9
9
9
9
9
9
9
9
9
9
9
9
9
9
9
9
9
9
9
9
9
9
9
9
9
9
9
9
9
9
9
9
9
9
9
9
9
9
9
9
9
9
9
9
9
9
9
9
9
9
9
9
9
9
9
9
9
9
9
9
9
9
9
9
9
9
9
9
9
9
9
9
9
9
9
9
9
9
9
9
9
9
9
9
9
9
9
9
9
9
9
9
9
9
9
9
9
9
9
9
9
9
9
9
9
9
9
9
9
9
9
9
9
9
9
9
9
9
9
9
9
9
9
9
9
9
9
9
9
9
9
9
9
9
9
9
9
9
9
9
9
9
9
9
9
9
9
9
9
9
9
9
9
9
9
9
9
9
9
9
9
9
9
9
9
9
9
9
9
9
9
9
9
9
9
9
9
9
9
9
9
9
9
9
9
9
9
9
9
9
9
9
9
9
9
9
9
9
9
9
9
9
9
9
9
9
9
9
9
9
9
9
9
9
9
9
9
9
9
9
9
9
9
9
9
9
9
9
9
9
9
9
9
9
9
9
9
9
9
9
9
9
9
9
9
9
9
9
9
9
9
9
9
9
9
9
9
9
9
9
9
9
9
9
9
9
9
9
9
9
9
9
9
9
9
9
9
9
9
9
9
9
9
9
9
9
9
9
9
9
9
9
9
9
9
9
9
9
9
9
9
9
9
9
9
9
9
9
9
9
9
9
9
9
9
9
9
9
9
9
9
9
9
9
9
9
9
9
9
9
9
9
9
9
9
9
9
9
9
9
9
9
9
9
9
9
9
9
9
9
9
9
9
9
9
9
9
9
9
9
9
9
9
9
9
9
9
9
9
9
9
9
9
9
9
9
9
9
9
9
9
9
9
9
9
9
9
9
9
9
9
9
9
9
9
9
9
9
9
9
9
9
9
9
9
9
9
9
9
9
9
9
9
9
9
9
9
9
9
9
9
9
9
9
9
9
9
9
9
9
9
9
9
9
9
9
9
9
9
9
9
9
9
9
9
9
9
9
9
9
9
9
9
9
9
9
9
9
9
9
9
9
9
9
9
9
9
9
9
9
9
9
9
9
9
9
9
9
9
9
9
9
9
9
9
9
9
9
9
9
9
9
9
9
9
9
9
9
9
9
9
9
9
9
9
9
9
9
9
9
9
9
9
9
9
9
9
9
9
9
9
9
9
9
9
9
9
9
9
9
9
9
9
9
9
9
9
9
9
9
9
9
9
9
9
9
9
9
9
9
9
9
9
9
9
9
9
9
9
9
9
9
9
9
9
9
9
9
9
9
9
9
9
9
9
9
9
9
9
9
9
9
9
9
9
9
9
9
9
9
9
9
9
9
9
9
9
9
9
9
9
9
9
9
9
9
9
9
9
9
9
9
9
9
9
9
9
9
9
9
9
9
9
9
9
9
9
9
9
9
9
9
9
9
9
9
9
9
9
9
9
9
9
9
9
9
9
9
9
9
9
9
9
9
9
9
9
9
9
9
9
9
9
9
9
9
9
9
9
9
9
9
9
9
9
9
9
9
9
9
9
9
9
9
9
9
9
9
9
9
9
9
9
9
9
9
9
9
9
9
9
9
9
9
9
9
9
9
9
9
9
9
9
9
9
9
9
9
9
9
9
9
9
9
9
9
9
9
9
9
9
9
9
9
9
9
9
9
9
9
9
9
9
9
9
9
9
9
9
9
9
9
9
9
9
9
9
9
9
9
9
9
9
9
9
9
9
9
9
9
9
9
9
9
9
9
9
9
9
9
9
9
9
9
9
9
9
9
9
9
9
9
9
9
9
9
9
9
9
9
9
9
9
9
9
9
9
9
9
9
9
9
9
9
9
9
9
9
9
9
9
9
9
9
9
9
9
9
9
9
9
9
9
9
9
9
9
9
9
9
9
9
9
9
9
9
9
9
9
9
9
9
9
9
9
9
9
9
9
9
9
9
9
9
9
9
9
9
9
9
9
9
9
9
9
9
9
9
9
9
9
9
9
9
9
9
9
9
9
9
9
9
9
9
9
9
9
9
9
9
9
9
9
9
9
9
9
9
9
9
9
9
9
9
9
9
9
9
9
9
9
9
9
9
9
9
9
9
9
9
9
9
9
9
9
9
9
9
9
9
9
9
9
9
9
9
9
9
9
9
9
9
9
9
9
9
9
9
9
9
9
9
9
9
9
9
9
9
9
9
9
9
9
9
9
9
9
9
9
9
9
9
9
9
9
9
9
9
9
9
9
9
9
9
9
9
9
9
9
9
9
9
9
9
9
9
9
9
9
9
9
9
9
9
9
9
9
9
9
9
9
9
9
9
9
9
9
9
9
9
9
9
9
9
9
9
9
9
9
9
9
9
9
9
9
9
9
9
9
9
9
9
9
9
9
9
9
9
9
9
9
9
9
9
9
9
9
9
9
9
9
9
9
9
9
9
9
9
9
9
9
9
9
9
9
9
9
9
9
9
9
9
9
9
9
9
9
9
9
9
9
9
9
9
9
9
9
9
9
9
9
9
9
9
9
9
9
9
9
9
9
9
9
9
9
9
9
9
9
9
9
9
9
9
9
9
9
9
9
9
9
9
9
9
9
9
9
9
9
9
9
9
9
9
9
9
9
9
9
9
9
9
9
9
9
9
9
9
9
9
9
9
9
9
9
9
9
9
9
9
9
9
9
9
9
9
9
9
9
9
9
9
9
9
9
9
9
9
9
9
9
9
9
9
9
9
9
9
9
9
9
9
9
9
9
9
9
9
9
9
9
9
9
9
9
9
9
9
9
9
9
9
9
9
9
9
9
9
9
9
9
9
9
9
9
9
9
9
9
9
9
9
9
9
9
9
9
9
9
9
9
9
9
9
9
9
9
9
9
9
9
9
9
9
9
9
9
9
9
9
9
9
9
9
9
9
9
9
9
9
9
9
9
9
9
9
9
9
9
9
9
9
9
9
9
9
9
9
9
9
9
9
9
9
9
9
9
9
9
9
9
9
9
9
9
9
9
9
9
9
9
9
9
9
9
9
9
9
9
9
9
9
9
9
9
9
9
9
9
9
9
9
9
9
9
9
9
9
9
9
9
9
9
9
9
9
9
9
9
9
9
9
9
9
9
9
9
9
9
9
9
9
9
9
9
9
9
9
9
9
9
9
9
9
9
9
9
9
9
9
9
9
9
9
9
9
9
9
9
9
9
9
9
9
9
9
9
9
9
9
9
9
9
9
9
9
9
9
9
9
9
9
9
9
9
9
9
9
9
9
9
9
9
9
9
9
9
9
9
9
9
9
9
9
9
9
9
9
9
9
9
9
9
9
9
9
9
9
9
9
9
9
9
9
9
9
9
9
9
9
9
9
9
9
9
9
9
9
9
9
9
9
9
9
9
9
9
9
9
9
9
9
9
9
9
9
9
9
9
9
9
9
9
9
9
9
9
9
9
9
9
9
9
9
9
9
9
9
9
9
9
9
9
9
9
9
9
9
9
9
9
9
9
9
9
9
9
9
9
9
9
9
9
9
9
9
9
9
9
9
9
9
9
9
9
9
9
9
9
9
9
9
9
9
9
9
9
9
9
9
9
9
9
9
9
9
9
9
9
9
9
9
9
9
9
9
9
9
9
9
9
9
9
9
9
9
9
9
9
9
9
9
9
9
9
9
9
9
9
9
9
9
9
9
9
9
9
9
9
9
9
9
9
9
9
9
9
9
9
9
9
9
9
9
9
9
9
9
9
9
9
9
9
9
9
9
9
9
9
9
9
9
9
9
9
9
9
9
9
9
9
9
9
9
9
9
9
9
9
9
9
9
9
9
9
9
9
9
9
9
9
9
9
9
9
9
9
9
9
9
9
9
9
9
9
9
9
9
9
9
9
9
9
9
9
9
9
9
9
9
9
9
9
9
9
9
9
9
9
9
9
9
9
9
9
9
9
9
9
9
9
9
9
9
9
9
9
9
9
9
9
9
9
9
9
9
9
9
9
9
9
9
9
9
9
9
9
9
9
9
9
9
9
9
9
9
9
9
9
9
9
9
9
9
9
9
9
9
9
9
9
9
9
9
9
9
9
9
9
9
9
9
9
9
9
9
9
9
9
9
9
9
9
9
9
9
9
9
9
9
9
9
9
9
9
9
9
9
9
9
9
9
9
9
9
9
9
9
9
9
9
9
9
9
9
9
9
9
9
9
9
9
9
9
9
9
9
9
9
9
9
9
9
9
9
9
9
9
9
9
9
9
9
9
9
9
9
9
9
9
9
9
9
9
9
9
9
9
9
9
9
9
9
9
9
9
9
9
9
9
9
9
9
9
9
9
9
9
9
9
9
9
9
9
9
9
9
9
9
9
9
9
9
9
9
9
9
9
9
9
9
9
9
9
9
9
9
9
9
9
9
9
9
9
9
9
9
9
9
9
9
9
9
9
9
9
9
9
9
9
9
9
9
9
9
9
9
9
9
9
9
9
9
9
9
9
9
9
9
9
9
9
9
9
9
9
9
9
9
9
9
9
9
9
9
9
9
9
9
9
9
9
9
9
9
9
9
9
9
9
9
9
9
9
9
9
9
9
9
9
9
9
9
9
9
9
9
9
9
9
9
9
9
9
9
9
9
9
9
9
9
9
9
9
9
9
9
9
9
9
9
9
9
9
9
9
9
9
9
9
9
9
9
9
9
9
9
9
9
9
9
9
9
9
9
9
9
9
9
9
9
9
9
9
9
9
9
9
9
9
9
9
9
9
9
9
9
9
9
9
9
9
9
9
9
9
9
9
9
9
9
9
9
9
9
9
9
9
9
9
9
9
9
9
9
9
9
9
9
9
9
9
9
9
9
9
9
9
9
9
9
9
9
9
9
9
9
9
9
9
9
9
9
9
9
9
9
9
9
9
9
9
9
9
9
9
9
9
9
9
9
9
9
9
9
9
9
9
9
9
9
9
9
9
9
9
9
9
9
9
9
9
9
9
9
9
9
9
9
9
9
9
9
9
9
9
9
9
9
9
9
9
9
9
9
9
9
9
9
9
9
9
9
9
9
9
9
9
9
9
9
9
9
9
9
9
9
9
9
9
9
9
9
9
9
9
9
9
9
9
9
9
9
9
9
9
9
9
9
9
9
9
9
9
9
9
9
9
9
9
9
9
9
9
9
9
9
9
9
9
9
9
9
9
9
9
9
9
9
9
9
9
9
9
9
9
9
9
9
9
9
9
9
9
9
9
9
9
9
9
9
9
9
9
9
9
9
9
9
9
9
9
9
9
9
9
9
9
9
9
9
9
9
9
9
9
9
9
9
9
9
9
9
9
9
9
9
9
9
9
9
9
9
9
9
9
9
9
9
9
9
9
9
9
9
9
9
9
9
9
9
9
9
9
9
9
9
9
9
9
9
9
9
9
9
9
9
9
9
9
9
9
9
9
9
9
9
9
9
9
9
9
9
9
9
9
9
9
9
9
9
9
9
9
9
9
9
9
9
9
9
9
9
9
9
9
9
9
9
9
9
9
9
9
9
9
9
9
9
9
9
9
9
9
9
9
9
9
9
9
9
9
9
9
9
9
9
9
9
9
9
9
9
9
9
9
9
9
9
9
9
9
9
9
9
9
9
9
9
9
9
9
9
9
9
9
9
9
9
9
9
9
9
9
9
9
9
9
9
9
9
9
9
9
9
9
9
9
9
9
9
9
9
9
9
9
9
9
9
9
9
9
9
9
9
9
9
9
9
9
9
9
9
9
9
9
9
9
9
9
9
9
9
9
9
9
9
9
9
9
9
9
9
9
9
9
9
9
9
9
9
9
9
9
9
9
9
9
9
9
9
9
9
9
9
9
9
9
9
9
9
9
9
9
9
9
9
9
9
9
9
9
9
9
9
9
9
9
9
9
9
9
9
9
9
9
9
9
9
9
9
9
9
9
9
9
9
9
9
9
9
9
9
9
9
9
9
9
9
9
9
9
9
9
9
9
9
9
9
9
9
9
9
9
9
9
9
9
9
9
9
9
9
9
9
9
9
9
9
9
9
9
9
9
9
9
9
9
9
9
9
9
9
9
9
9
9
9
9
9
9
9
9
9
9
9
9
9
9
9
9
9
9
9
9
9
9
9
9
9
9
9
9
9
9
9
9
9
9
9
9
9
9
9
9
9
9
9
9
9
9
9
9
9
9
9
9
9
9
9
9
9
9
9
9
9
9
9
9
9
9
9
9
9
9
9
9
9
9
9
9
9
9
9
9
9
9
9
9
9
9
9
9
9
9
9
9
9
9
9
9
9
9
9
9
9
9
9
9
9
9
9
9
9
9
9
9
9
9
9
9
9
9
9
9
9
9
9
9
9
9
9
9
9
9
9
9
9
9
9
9
9
9
9
9
9
9
9
9
9
9
9
9
9
9
9
9
9
9
9
9
9
9
9
9
9
9
9
9
9
9
9
9
9
9
9
9
9
9
9
9
9
9
9
9
9
9
9
9
9
9
9
9
9
9
9
9
9
9
9
9
9
9
9
9
9
9
9
9
9
9
9
9
9
9
9
9
9
9
9
9
9
9
9
9
9
9
9
9
9
9
9
9
9
9
9
9
9
9
9
9
9
9
9
9
9
9
9
9
9
9
9
9
9
9
9
9
9
9
9
9
9
9
9
9
9
9
9
9
9
9
9
9
9
9
9
9
9
9
9
9
9
9
9
9
9
9
9
9
9
9
9
9
9
9
9
9
9
9
9
9
9
9
9
9
9
9
9
9
9
9
9
9
9
9
9
9
9
9
9
9
9
9
9
9
9
9
9
9
9
9
9
9
9
9
9
9
9
9
9
9
9
9
9
9
9
9
9
9
9
9
9
9
9
9
9
9
9
9
9
9
9
9
9
9
9
9
9
9
9
9
9
9
9
9
9
9
9
9
9
9
9
9
9
9
9
9
9
9
9
9
9
9
9
9
9
9
9
9
9
9
9
9
9
9
9
9
9
9
9
9
9
9
9
9
9
9
9
9
9
9
9
9
9
9
9
9
9
9
9
9
9
9
9
9
9
9
9
9
9
9
9
9
9
9
9
9
9
9
9
9
9
9
9
9
9
9
9
9
9
9
9
9
9
9
9
9
9
9
9
9
9
9
9
9
9
9
9
9
9
9
9
9
9
9
9
9
9
9
9
9
9
9
9
9
9
9
9
9
9
9
9
9
9
9
9
9
9
9
9
9
9
9
9
9
9
9
9
9
9
9
9
9
9
9
9
9
9
9
9
9
9
9
9
9
9
9
9
9
9
9
9
9
9
9
9
9
9
9
9
9
9
9
9
9
9
9
9
9
9
9
9
9
9
9
9
9
9
9
9
9
9
9
9
9
9
9
9
9
9
9
9
9
9
9
9
9
9
9
9
9
9
9
9
9
9
9
9
9
9
9
9
9
9
9
9
9
9
9
9
9
9
9
9
9
9
9
9
9
9
9
9
9
9
9
9
9
9
9
9
9
9
9
9
9
9
9
9
9
9
9
9
9
9
9
9
9
9
9
9
9
9
9
9
9
9
9
9
9
9
9
9
9
9
9
9
9
9
9
9
9
9
9
9
9
9
9
9
9
9
9
9
9
9
9
9
9
9
9
9
9
9
9
9
9
9
9
9
9
9
9
9
9
9
9
9
9
9
9
9
9
9
9
9
9
9
9
9
9
9
9
9
9
9
9
9
9
9
9
9
9
9
9
9
9
9
9
9
9
9
9
9
9
9
9
9
9
9
9
9
9
9
9
9
9
9
9
9
9
9
9
9
9
9
9
9
9
9
9
9
9
9
9
9
9
9
9
9
9
9
9
9
9
9
9
9
9
9
9
9
9
9
9
9
9
9
9
9
9
9
9
9
9
9
9
9
9
9
9
9
9
9
9
9
9
9
9
9
9
9
9
9
9
9
9
9
9
9
9
9
9
9
9
9
9
9
9
9
9
9
9
9
9
9
9
9
9
9
9
9
9
9
9
9
9
9
9
9
9
9
9
9
9
9
9
9
9
9
9
9
9
9
9
9
9
9
9
9
9
9
9
9
9
9
9
9
9
9
9
9
9
9
9
9
9
9
9
9
9
9
9
9
9
9
9
9
9
9
9
9
9
9
9
9
9
9
9
9
9
9
9
9
9
9
9
9
9
9
9
9
9
9
9
9
9
9
9
9
9
9
9
9
9
9
9
9
9
9
9
9
9
9
9
9
9
9
9
9
9
9
9
9
9
9
9
9
9
9
9
9
9
9
9
9
9
9
9
9
9
9
9
9
9
9
9
9
9
9
9
9
9
9
9
9
9
9
9
9
9
9
9
9
9
9
9
9
9
9
9
9
9
9
9
9
9
9
9
9
9
9
9
9
9
9
9
9
9
9
9
9
9
9
9
9
9
9
9
9
9
9
9
9
9
9
9
9
9
9
9
9
9
9
9
9
9
9
9
9
9
9
9
9
9
9
9
9
9
9
9
9
9
9
9
9
9
9
9
9
9
9
9
9
9
9
9
9
9
9
9
9
9
9
9
9
9
9
9
9
9
9
9
9
9
9
9
9
9
9
9
9
9
9
9
9
9
9
9
9
9
9
9
9
9
9
9
9
9
9
9
9
9
9
9
9
9
9
9
9
9
9
9
9
9
9
9
9
9
9
9
9
9
9
9
9
9
9
9
9
9
9
9
9
9
9
9
9
9
9
9
9
9
9
9
9
9
9
9
9
9
9
9
9
9
9
9
9
9
9
9
9
9
9
9
9
9
9
9
9
9
9
9
9
9
9
9
9
9
9
9
9
9
9
9
9
9
9
9
9
9
9
9
9
9
9
9
9
9
9
9
9
9
9
9
9
9
9
9
9
9
9
9
9
9
9
9
9
9
9
9
9
9
9
9
9
9
9
9
9
9
9
9
9
9
9
9
9
9
9
9
9
9
9
9
9
9
9
9
9
9
9
9
9
9
9
9
9
9
9
9
9
9
9
9
9
9
9
9
9
9
9
9
9
9
9
9
9
9
9
9
9
9
9
9
9
9
9
9
9
9
9
9
9
9
9
9
9
9
9
9
9
9
9
9
9
9
9
9
9
9
9
9
9
9
9
9
9
9
9
9
9
9
9
9
9
9
9
9
9
9
9
9
9
9
9
9
9
9
9
9
9
9
9
9
9
9
9
9
9
9
9
9
9
9
9
9
9
9
9
9
9
9
9
9
9
9
9
9
9
9
9
9
9
9
9
9
9
9
9
9
9
9
9
9
9
9
9
9
9
9
9
9
9
9
9
9
9
9
9
9
9
9
9
9
9
9
9
9
9
9
9
9
9
9
9
9
9
9
9
9
9
9
9
9
9
9
9
9
9
9
9
9
9
9
9
9
9
9
9
9
9
9
9
9
9
9
9
9
9
9
9
9
9
9
9
9
9
9
9
9
9
9
9
9
9
9
9
9
9
9
9
9
9
9
9
9
9
9
9
9
9
9
9
9
9
9
9
9
9
9
9
9
9
9
9
9
9
9
9
9
9
9
9
9
9
9
9
9
9
9
9
9
9
9
9
9
9
9
9
9
9
9
9
9
9
9
9
9
9
9
9
9
9
9
9
9
9
9
9
9
9
9
9
9
9
9
9
9
9
9
9
9
9
9
9
9
9
9
9
9
9
9
9
9
9
9
9
9
9
9
9
9
9
9
9
9
9
9
9
9
9
9
9
9
9
9
9
9
9
9
9
9
9
9
9
9
9
9
9
9
9
9
9
9
9
9
9
9
9
9
9
9
9
9
9
9
9
9
9
9
9
9
9
9
9
9
9
9
9
9
9
9
9
9
9
9
9
9
9
9
9
9
9
9
9
9
9
9
9
9
9
9
9
9
9
9
9
9
9
9
9
9
9
9
9
9
9
9
9
9
9
9
9
9
9
9
9
9
9
9
9
9
9
9
9
9
9
9
9
9
9
9
9
9
9
9
9
9
9
9
9
9
9
9
9
9
9
9
9
9
9
9
9
9
9
9
9
9
9
9
9
9
9
9
9
9
9
9
9
9
9
9
9
9
9
9
9
9
9
9
9
9
9
9
9
9
9
9
9
9
9
9
9
9
9
9
9
9
9
9
9
9
9
9
9
9
9
9
9
9
9
9
9
9
9
9
9
9
9
9
9
9
9
9
9
9
9
9
9
9
9
9
9
9
9
9
9
9
9
9
9
9
9
9
9
9
9
9
9
9
9
9
9
9
9
9
9
9
9
9
9
9
9
9
9
9
9
9
9
9
9
9
9
9
9
9
9
9
9
9
9
9
9
9
9
9
9
9
9
9
9
9
9
9
9
9
9
9
9
9
9
9
9
9
9
9
9
9
9
9
9
9
9
9
9
9
9
9
9
9
9
9
9
9
9
9
9
9
9
9
9
9
9
9
9
9
9
9
9
9
9
9
9
9
9
9
9
9
9
9
9
9
9
9
9
9
9
9
9
9
9
9
9
9
9
9
9
9
9
9
9
9
9
9
9
9
9
9
9
9
9
9
9
9
9
9
9
9
9
9
9
9
9
9
9
9
9
9
9
9
9
9
9
9
9
9
9
9
9
9
9
9
9
9
9
9
9
9
9
9
9
9
9
9
9
9
9
9
9
9
9
9
9
9
9
9
9
9
9
9
9
9
9
9
9
9
9
9
9
9
9
9
9
9
9
9
9
9
9
9
9
9
9
9
9
9
9
9
9
9
9
9
9
9
9
9
9
9
9
9
9
9
9
9
9
9
9
9
9
9
9
9
9
9
9
9
9
9
9
9
9
9
9
9
9
9
9
9
9
9
9
9
9
9
9
9
9
9
9
9
9
9
9
9
9
9
9
9
9
9
9
9
9
9
9
9
9
9
9
9
9
9
9
9
9
9
9
9
9
9
9
9
9
9
9
9
9
9
9
9
9
9
9
9
9
9
9
9
9
9
9
9
9
9
9
9
9
9
9
9
9
9
9
9
9
9
9
9
9
9
9
9
9
9
9
9
9
9
9
9
9
9
9
9
9
9
9
9
9
9
9
9
9
9
9
9
9
9
9
9
9
9
9
9
9
9
9
9
9
9
9
9
9
9
9
9
9
9
9
9
9
9
9
9
9
9
9
9
9
9
9
9
9
9
9
9
9
9
9
9
9
9
9
9
9
9
9
9
9
9
9
9
9
9
9
9
9
9
9
9
9
9
9
9
9
9
9
9
9
9
9
9
9
9
9
9
9
9
9
9
9
9
9
9
9
9
9
9
9
9
9
9
9
9
9
9
9
9
9
9
9
9
9
9
9
9
9
9
9
9
9
9
9
9
9
9
9
9
9
9
9
9
9
9
9
9
9
9
9
9
9
9
9
9
9
9
9
9
9
9
9
9
9
9
9
9
9
9
9
9
9
9
9
9
9
9
9
9
9
9
9
9
9
9
9
9
9
9
9
9
9
9
9
9
9
9
9
9
9
9
9
9
9
9
9
9
9
9
9
9
9
9
9
9
9
9
9
9
9
9
9
9
9
9
9
9
9
9
9
9
9
9
9
9
9
9
9
9
9
9
9
9
9
9
9
9
9
9
9
9
9
9
9
9
9
9
9
9
9
9
9
9
9
9
9
9
9
9
9
9
9
9
9
9
9
9
9
9
9
9
9
9
9
9
9
9
9
9
9
9
9
9
9
9
9
9
9
9
9
9
9
9
9
9
9
9
9
9
9
9
9
9
9
9
9
9
9
9
9
9
9
9
9
9
9
9
9
9
9
9
9
9
9
9
9
9
9
9
9
9
9
9
9
9
9
9
9
9
9
9
9
9
9
9
9
9
9
9
9
9
9
9
9
9
9
9
9
9
9
9
9
9
9
9
9
9
9
9
9
9
9
9
9
9
9
9
9
9
9
9
9
9
9
9
9
9
9
9
9
9
9
9
9
9
9
9
9
9
9
9
9
9
9
9
9
9
9
9
9
9
9
9
9
9
9
9
9
9
9
9
9
9
9
9
9
9
9
9
9
9
9
9
9
9
9
9
9
9
9
9
9
9
9
9
9
9
9
9
9
9
9
9
9
9
9
9
9
9
9
9
9
9
9
9
9
9
9
9
9
9
9
9
9
9
9
9
9
9
9
9
9
9
9
9
9
9
9
9
9
9
9
9
9
9
9
9
9
9
9
9
9
9
9
9
9
9
9
9
9
9
9
9
9
9
9
9
9
9
9
9
9
9
9
9
9
9
9
9
9
9
9
9
9
9
9
9
9
9
9
9
9
9
9
9
9
9
9
9
9
9
9
9
9
9
9
9
9
9
9
9
9
9
9
9
9
9
9
9
9
9
9
9
9
9
9
9
9
9
9
9
9
9
9
9
9
9
9
9
9
9
9
9
9
9
9
9
9
9
9
9
9
9
9
9
9
9
9
9
9
9
9
9
9
9
9
9
9
9
9
9
9
9
9
9
9
9
9
9
9
9
9
9
9
9
9
9
9
9
9
9
9
9
9
9
9
9
9
9
9
9
9
9
9
9
9
9
9
9
9
9
9
9
9
9
9
9
9
9
9
9
9
9
9
9
9
9
9
9
9
9
9
9
9
9
9
9
9
9
9
9
9
9
9
9
9
9
9
9
9
9
9
9
9
9
9
9
9
9
9
9
9
9
9
9
9
9
9
9
9
9
9
9
9
9
9
9
9
9
9
9
9
9
9
9
9
9
9
9
9
9
9
9
9
9
9
9
9
9
9
9
9
9
9
9
9
9
9
9
9
9
9
9
9
9
9
9
9
9
9
9
9
9
9
9
9
9
9
9
9
9
9
9
9
9
9
9
9
9
9
9
9
9
9
9
9
9
9
9
9
9
9
9
9
9
9
9
9
9
9
9
9
9
9
9
9
9
9
9
9
9
9
9
9
9
9
9
9
9
9
9
9
9
9
9
9
9
9
9
9
9
9
9
9
9
9
9
9
9
9
9
9
9
9
9
9
9
9
9
9
9
9
9
9
9
9
9
9
9
9
9
9
9
9
9
9
9
9
9
9
9
9
9
9
9
9
9
9
9
9
9
9
9
9
9
9
9
9
9
9
9
9
9
9
9
9
9
9
9
9
9
9
9
9
9
9
9
9
9
9
9
9
9
9
9
9
9
9
9
9
9
9
9
9
9
9
9
9
9
9
9
9
9
9
9
9
9
9
9
9
9
9
9
9
9
9
9
9
9
9
9
9
9
9
9
9
9
9
9
9
9
9
9
9
9
9
9
9
9
9
9
9
9
9
9
9
9
9
9
9
9
9
9
9
9
9
9
9
9
9
9
9
9
9
9
9
9
9
9
9
9
9
9
9
9
9
9
9
9
9
9
9
9
9
9
9
9
9
9
9
9
9
9
9
9
9
9
9
9
9
9
9
9
9
9
9
9
9
9
9
9
9
9
9
9
9
9
9
9
9
9
9
9
9
9
9
9
9
9
9
9
9
9
9
9
9
9
9
9
9
9
9
9
9
9
9
9
9
9
9
9
9
9
9
9
9
9
9
9
9
9
9
9
9
9
9
9
9
9
9
9
9
9
9
9
9
9
9
9
9
9
9
9
9
9
9
9
9
9
9
9
9
9
9
9
9
9
9
9
9
9
9
9
9
9
9
9
9
9
9
9
9
9
9
9
9
9
9
9
9
9
9
9
9
9
9
9
9
9
9
9
9
9
9
9
9
9
9
9
9
9
9
9
9
9
9
9
9
9
9
9
9
9
9
9
9
9
9
9
9
9
9
9
9
9
9
9
9
9
9
9
9
9
9
9
9
9
9
9
9
9
9
9
9
9
9
9
9
9
9
9
9
9
9
9
9
9
9
9
9
9
9
9
9
9
9
9
9
9
9
9
9
9
9
9
9
9
9
9
9
9
9
9
9
9
9
9
9
9
9
9
9
9
9
9
9
9
9
9
9
9
9
9
9
9
9
9
9
9
9
9
9
9
9
9
9
9
9
9
9
9
9
9
9
9
9
9
9
9
9
9
9
9
9
9
9
9
9
9
9
9
9
9
9
9
9
9
9
9
9
9
9
9
9
9
9
9
9
9
9
9
9
9
9
9
9
9
9
9
9
9
9
9
9
9
9
9
9
9
9
9
9
9
9
9
9
9
9
9
9
9
9
9
9
9
9
9
9
9
9
9
9
9
9
9
9
9
9
9
9
9
9
9
9
9
9
9
9
9
9
9
9
9
9
9
9
9
9
9
9
9
9
9
9
9
9
9
9
9
9
9
9
9
9
9
9
9
9
9
9
9
9
9
9
9
9
9
9
9
9
9
9
9
9
9
9
9
9
9
9
9
9
9
9
9
9
9
9
9
9
9
9
9
9
9
9
9
9
9
9
9
9
9
9
9
9
9
9
9
9
9
9
9
9
9
9
9
9
9
9
9
9
9
9
9
9
9
9
9
9
9
9
9
9
9
9
9
9
9
9
9
9
9
9
9
9
9
9
9
9
9
9
9
9
9
9
9
9
9
9
9
9
9
9
9
9
9
9
9
9
9
9
9
9
9
9
9
9
9
9
9
9
9
9
9
9
9
9
9
9
9
9
9
9
9
9
9
9
9
9
9
9
9
9
9
9
9
9
9
9
9
9
9
9
9
9
9
9
9
9
9
9
9
9
9
9
9
9
9
9
9
9
9
9
9
9
9
9
9
9
9
9
9
9
9
9
9
9
9
9
9
9
9
9
9
9
9
9
9
9
9
9
9
9
9
9
9
9
9
9
9
9
9
9
9
9
9
9
9
9
9
9
9
9
9
9
9
9
9
9
9
9
9
9
9
9
9
9
9
9
9
9
9
9
9
9
9
9
9
9
9
9
9
9
9
9
9
9
9
9
9
9
9
9
9
9
9
9
9
9
9
9
9
9
9
9
9
9
9
9
9
9
9
9
9
9
9
9
9
9
9
9
9
9
9
9
9
9
9
9
9
9
9
9
9
9
9
9
9
9
9
9
9
9
9
9
9
9
9
9
9
9
9
9
9
9
9
9
9
9
9
9
9
9
9
9
9
9
9
9
9
9
9
9
9
9
9
9
9
9
9
9
9
9
9
9
9
9
9
9
9
9
9
9
9
9
9
9
9
9
9
9
9
9
9
9
9
9
9
9
9
9
9
9
9
9
9
9
9
9
9
9
9
9
9
9
9
9
9
9
9
9
9
9
9
9
9
9
9
9
9
9
9
9
9
9
9
9
9
9
9
9
9
9
9
9
9
9
9
9
9
9
9
9
9
9
9
9
9
9
9
9
9
9
9
9
9
9
9
9
9
9
9
9
9
9
9
9
9
9
9
9
9
9
9
9
9
9
9
9
9
9
9
9
9
9
9
9
9
9
9
9
9
9
9
9
9
9
9
9
9
9
9
9
9
9
9
9
9
9
9
9
9
9
9
9
9
9
9
9
9
9
9
9
9
9
9
9
9
9
9
9
9
9
9
9
9
9
9
9
9
9
9
9
9
9
9
9
9
9
9
9
9
9
9
9
9
9
9
9
9
9
9
9
9
9
9
9
9
9
9
9
9
9
9
9
9
9
9
9
9
9
9
9
9
9
9
9
9
9
9
9
9
9
9
9
9
9
9
9
9
9
9
9
9
9
9
9
9
9
9
9
9
9
9
9
9
9
9
9
9
9
9
9
9
9
9
9
9
9
9
9
9
9
9
9
9
9
9
9
9
9
9
9
9
9
9
9
9
9
9
9
9
9
9
9
9
9
9
9
9
9
9
9
9
9
9
9
9
9
9
9
9
9
9
9
9
9
9
9
9
9
9
9
9
9
9
9
9
9
9
9
9
9
9
9
9
9
9
9
9
9
9
9
9
9
9
9
9
9
9
9
9
9
9
9
9
9
9
9
9
9
9
9
9
9
9
9
9
9
9
9
9
9
9
9
9
9
9
9
9
9
9
9
9
9
9
9
9
9
9
9
9
9
9
9
9
9
9
9
9
9
9
9
9
9
9
9
9
9
9
9
9
9
9
9
9
9
9
9
9
9
9
9
9
9
9
9
9
9
9
9
9
9
9
9
9
9
9
9
9
9
9
9
9
9
9
9
9
9
9
9
9
9
9
9
9
9
9
9
9
9
9
9
9
9
9
9
9
9
9
9
9
9
9
9
9
9
9
9
9
9
9
9
9
9
9
9
9
9
9
9
9
9
9
9
9
9
9
9
9
9
9
9
9
9
9
9
9
9
9
9
9
9
9
9
9
9
9
9
9
9
9
9
9
9
9
9
9
9
9
9
9
9
9
9
9
9
9
9
9
9
9
9
9
9
9
9
9
9
9
9
9
9
9
9
9
9
9
9
9
9
9
9
9
9
9
9
9
9
9
9
9
9
9
9
9
9
9
9
9
9
9
9
9
9
9
9
9
9
9
9
9
9
9
9
9
9
9
9
9
9
9
9
9
9
9
9
9
9
9
9
9
9
9
9
9
9
9
9
9
9
9
9
9
9
9
9
9
9
9
9
9
9
9
9
9
9
9
9
9
9
9
9
9
9
9
9
9
9
9
9
9
9
9
9
9
9
9
9
9
9
9
9
9
9
9
9
9
9
9
9
9
9
9
9
9
9
9
9
9
9
9
9
9
9
9
9
9
9
9
9
9
9
9
9
9
9
9
9
9
9
9
9
9
9
9
9
9
9
9
9
9
9
9
9
9
9
9
9
9
9
9
9
9
9
9
9
9
9
9
9
9
9
9
9
9
9
9
9
9
9
9
9
9
9
9
9
9
9
9
9
9
9
9
9
9
9
9
9
9
9
9
9
9
9
9
9
9
9
9
9
9
9
9
9
9
9
9
9
9
9
9
9
9
9
9
9
9
9
9
9
9
9
9
9
9
9
9
9
9
9
9
9
9
9
9
9
9
9
9
9
9
9
9
9
9
9
9
9
9
9
9
9
9
9
9
9
9
9
9
9
9
9
9
9
9
9
9
9
9
9
9
9
9
9
9
9
9
9
9
9
9
9
9
9
9
9
9
9
9
9
9
9
9
9
9
9
9
9
9
9
9
9
9
9
9
9
9
9
9
9
9
9
9
9
9
9
9
9
9
9
9
9
9
9
9
9
9
9
9
9
9
9
9
9
9
9
9
9
9
9
9
9
9
9
9
9
9
9
9
9
9
9
9
9
9
9
9
9
9
9
9
9
9
9
9
9
9
9
9
9
9
9
9
9
9
9
9
9
9
9
9
9
9
9
9
9
9
9
9
9
9
9
9
9
9
9
9
9
9
9
9
9
9
9
9
9
9
9
9
9
9
9
9
9
9
9
9
9
9
9
9
9
9
9
9
9
9
9
9
9
9
9
9
9
9
9
9
9
9
9
9
9
9
9
9
9
9
9
9
9
9
9
9
9
9
9
9
9
9
9
9
9
9
9
9
9
9
9
9
9
9
9
9
9
9
9
9
9
9
9
9
9
9
9
9
9
9
9
9
9
9
9
9
9
9
9
9
9
9
9
9
9
9
9
9
9
9
9
9
9
9
9
9
9
9
9
9
9
9
9
9
9
9
9
9
9
9
9
9
9
9
9
9
9
9
9
9
9
9
9
9
9
9
9
9
9
9
9
9
9
9
9
9
9
9
9
9
9
9
9
9
9
9
9
9
9
9
9
9
9
9
9
9
9
9
9
9
9
9
9
9
9
9
9
9
9
9
9
9
9
9
9
9
9
9
9
9
9
9
9
9
9
9
9
9
9
9
9
9
9
9
9
9
9
9
9
9
9
9
9
9
9
9
9
9
9
9
9
9
9
9
9
9
9
9
9
9
9
9
9
9
9
9
9
9
9
9
9
9
9
9
9
9
9
9
9
9
9
9
9
9
9
9
9
9
9
9
9
9
9
9
9
9
9
9
9
9
9
9
9
9
9
9
9
9
9
9
9
9
9
9
9
9
9
9
9
9
9
9
9
9
9
9
9
9
9
9
9
9
9
9
9
9
9
9
9
9
9
9
9
9
9
9
9
9
9
9
9
9
9
9
9
9
9
9
9
9
9
9
9
9
9
9
9
9
9
9
9
9
9
9
9
9
9
9
9
9
9
9
9
9
9
9
9
9
9
9
9
9
9
9
9
9
9
9
9
9
9
9
9
9
9
9
9
9
9
9
9
9
9
9
9
9
9
9
9
9
9
9
9
9
9
9
9
9
9
9
9
9
9
9
9
9
9
9
9
9
9
9
9
9
9
9
9
9
9
9
9
9
9
9
9
9
9
9
9
9
9
9
9
9
9
9
9
9
9
9
9
9
9
9
9
9
9
9
9
9
9
9
9
9
9
9
9
9
9
9
9
9

CELL_DATA 13320
SCALARS CellEntityIds int 1
LOOKUP_TABLE default
1
1
1
1
1
1
1
1
1
1
1
1
3
3
3
3
3
3
3
3
3
3
3
3
4
4
4
4
4
4
4
4
4
4
4
4
4
4
4
4
4
4
4
4
4
4
4
4
4
4
4
4
4
4
4
4
4
4
4
4
4
4
4
4
4
4
4
4
4
4
4
4
4
4
4
4
4
4
4
4
4
4
4
4
4
4
4
4
4
4
4
4
4
4
4
4
4
4
4
4
4
4
4
4
4
4
4
4
4
4
4
4
4
4
4
4
4
4
4
4
4
4
4
4
4
4
4
4
4
4
4
4
4
4
4
4
4
4
4
4
4
4
4
4
4
4
4
4
4
4
4
4
4
4
4
4
4
4
4
4
4
4
4
4
4
4
4
4
4
4
4
4
4
4
4
4
4
4
4
4
4
4
4
4
4
4
4
4
4
4
4
4
4
4
4
4
4
4
4
4
4
4
4
4
4
4
4
4
4
4
4
4
4
4
4
4
4
4
4
4
4
4
4
4
4
4
4
4
4
4
4
4
4
4
4
4
4
4
4
4
4
4
4
4
4
4
4
4
4
4
4
4
4
4
4
4
4
4
4
4
4
4
4
4
5
5
5
5
5
5
5
5
5
5
5
5
5
5
5
5
5
5
5
5
5
5
5
5
5
5
5
5
5
5
5
5
5
5
5
5
5
5
5
5
5
5
5
5
5
5
5
5
6
6
6
6
6
6
6
6
6
6
6
6
6
6
6
6
6
6
6
6
6
6
6
6
6
6
6
6
6
6
6
6
6
6
6
6
6
6
6
6
6
6
6
6
6
6
6
6
8
8
8
8
8
8
8
8
8
8
8
8
8
8
8
8
8
8
8
8
8
8
8
8
8
8
8
8
8
8
8
8
8
8
8
8
8
8
8
8
8
8
8
8
8
8
8
8
8
8
8
8
8
8
8
8
8
8
8
8
8
8
8
8
8
8
8
8
8
8
8
8
8
8
8
8
8
8
8
8
8
8
8
8
8
8
8
8
8
8
8
8
8
8
8
8
8
8
8
8
8
8
8
8
8
8
8
8
8
8
8
8
8
8
8
8
8
8
8
8
8
8
8
8
8
8
8
8
8
8
8
8
8
8
8
8
8
8
8
8
8
8
8
8
8
8
8
8
8
8
8
8
8
8
8
8
8
8
8
8
8
8
8
8
8
8
8
8
8
8
8
8
8
8
8
8
8
8
8
8
8
8
8
8
8
8
8
8
8
8
8
8
8
8
8
8
8
8
8
8
8
8
8
8
8
8
8
8
8
8
8
8
8
8
8
8
8
8
8
8
8
8
8
8
8
8
8
8
8
8
8
8
8
8
8
8
8
8
8
8
8
8
8
8
8
8
8
8
8
8
8
8
8
8
8
8
8
8
8
8
8
8
8
8
8
8
8
8
8
8
8
8
8
8
8
8
8
8
8
8
8
8
8
8
8
8
8
8
8
8
8
8
8
8
8
8
8
8
8
8
8
8
8
8
8
8
8
8
8
8
8
8
8
8
8
8
8
8
8
8
8
8
8
8
8
8
8
8
8
8
8
8
8
8
8
8
8
8
8
8
8
8
8
8
8
8
8
8
8
8
8
8
8
8
8
8
8
8
8
8
8
8
8
8
8
8
8
8
8
8
8
8
8
8
8
8
8
8
8
8
8
8
8
8
8
8
8
8
8
8
8
8
8
8
8
8
8
8
8
8
8
8
8
8
8
8
8
8
8
8
8
8
8
8
8
8
8
8
8
8
8
8
8
8
8
8
8
8
8
8
8
8
8
8
8
8
8
8
8
8
8
8
8
8
8
8
8
8
8
8
8
8
8
8
8
8
8
8
8
8
8
8
8
8
8
8
8
8
8
8
8
8
8
8
8
8
8
8
8
8
8
8
8
8
8
8
8
8
8
8
8
8
8
8
8
8
8
8
8
8
8
8
8
8
8
8
8
8
8
8
8
8
8
8
8
8
8
8
8
8
8
8
8
8
8
8
8
8
8
8
8
8
8
8
8
8
8
8
8
8
8
8
8
8
8
8
8
8
8
8
8
8
8
8
8
8
8
8
8
8
8
8
8
8
8
8
8
8
8
8
8
8
8
8
8
8
8
8
8
8
8
8
8
8
8
8
8
8
8
8
8
8
8
8
8
8
8
8
8
8
8
8
8
8
8
8
8
8
8
8
8
8
8
8
8
8
8
8
8
8
8
8
8
8
8
8
8
8
8
8
8
8
8
8
8
8
8
8
8
8
8
8
8
8
8
8
8
8
8
8
8
8
8
8
8
8
8
8
8
8
8
8
8
8
8
8
8
8
8
8
8
8
8
8
8
8
8
8
8
8
8
8
8
8
8
8
8
8
8
8
8
8
8
8
8
8
8
8
8
8
8
8
8
8
8
8
8
8
8
8
8
8
8
8
8
8
8
8
8
8
8
8
8
8
8
8
8
8
8
8
8
8
8
8
8
8
8
8
8
8
8
8
8
8
8
8
8
8
8
8
8
8
8
8
8
8
8
8
8
8
8
8
8
8
8
8
8
8
8
8
8
8
8
8
8
8
8
8
8
8
8
8
8
8
8
8
8
8
8
8
8
8
8
8
8
8
8
8
8
8
8
8
8
8
8
8
8
8
8
8
8
8
8
8
8
8
8
8
8
8
8
8
8
8
8
8
8
8
8
8
8
8
8
8
8
8
8
8
8
8
8
8
8
8
8
8
8
8
8
8
8
8
8
8
8
8
8
8
8
8
8
8
8
8
8
8
8
8
8
8
8
8
8
8
8
8
8
8
8
8
8
8
8
8
8
8
8
8
8
8
8
8
8
8
8
8
8
8
8
8
8
8
8
8
8
8
8
8
8
8
8
8
8
8
8
8
8
8
8
8
8
8
8
8
8
8
8
8
8
8
8
8
8
8
8
8
8
8
8
8
8
8
8
8
8
8
8
8
8
8
8
8
8
8
8
8
8
8
8
8
8
8
8
8
8
8
8
8
8
8
8
8
8
8
8
8
8
8
8
8
8
8
8
8
8
8
8
8
8
8
8
8
8
8
8
8
8
8
8
8
8
8
8
8
8
8
8
8
8
8
8
8
8
8
8
8
8
8
8
8
8
8
8
8
8
8
8
8
8
8
8
8
8
8
8
8
8
8
8
8
8
8
8
8
8
8
8
8
8
8
8
8
8
8
8
8
8
8
8
8
8
8
8
8
8
8
8
8
8
8
8
8
8
8
8
8
8
8
8
8
8
8
8
8
8
8
8
8
8
8
8
8
8
8
8
8
8
8
8
8
8
8
8
8
8
8
8
8
8
8
8
8
8
8
8
8
8
8
8
8
8
8
8
8
8
8
8
8
8
8
8
8
8
8
8
8
8
8
8
8
8
8
8
8
8
8
8
8
8
8
8
8
8
8
8
8
8
8
8
8
8
8
8
8
8
8
8
8
8
8
8
8
8
8
8
8
8
8
8
8
8
8
8
8
8
8
8
8
8
8
8
8
8
8
8
8
8
8
8
8
8
8
8
8
8
8
8
8
8
8
8
8
8
8
8
8
8
8
8
8
8
8
8
8
8
8
8
8
8
8
8
8
8
8
8
8
8
8
8
8
8
8
8
8
8
8
8
8
8
8
8
8
8
8
8
8
8
8
8
8
8
8
8
8
8
8
8
8
8
8
8
8
8
8
8
8
8
8
8
8
8
8
8
8
8
8
8
8
8
8
8
8
8
8
8
8
8
8
8
8
8
8
8
8
8
8
8
8
8
8
8
8
8
8
8
8
8
8
8
8
8
8
8
8
8
8
8
8
8
8
8
8
8
8
8
8
8
8
8
8
8
8
8
8
8
8
8
8
8
8
8
8
8
8
8
8
8
8
8
8
8
8
8
8
8
8
8
8
8
8
8
8
8
8
8
8
8
8
8
8
8
8
8
8
8
8
8
8
8
8
8
8
8
8
8
8
8
8
8
8
8
8
8
8
8
8
8
8
8
8
8
8
8
8
8
8
8
8
8
8
8
8
8
8
8
8
8
8
8
8
8
8
8
8
8
8
8
8
8
8
8
8
8
8
8
8
8
8
8
8
8
8
8
8
8
8
8
8
8
8
8
8
8
8
8
8
8
8
8
8
8
8
8
8
8
8
8
8
8
8
8
8
8
8
8
8
8
8
8
8
8
8
8
8
8
8
8
8
8
8
8
8
8
8
8
8
8
8
8
8
8
8
8
8
8
8
8
8
8
8
8
8
8
8
8
8
8
8
8
8
8
8
8
8
8
8
8
8
8
8
8
8
8
8
8
8
8
8
8
8
8
8
8
8
8
8
8
8
8
8
8
8
8
8
8
8
8
8
8
8
8
8
8
8
8
8
8
8
8
8
8
8
8
8
8
8
8
8
8
8
8
8
8
8
8
8
8
8
8
8
8
8
8
8
8
8
8
8
8
8
8
8
8
8
8
8
8
8
8
8
8
8
8
8
8
8
8
8
8
8
8
8
8
8
8
8
8
8
8
8
8
8
8
8
8
8
8
8
8
8
8
8
8
8
8
8
8
8
8
8
8
8
8
8
8
8
8
8
8
8
8
8
8
8
8
8
8
8
8
8
8
8
8
8
8
8
8
8
8
8
8
8
8
8
8
8
8
8
8
8
8
8
8
8
8
8
8
8
8
8
8
8
8
8
8
8
8
8
8
8
8
8
8
8
8
8
8
8
8
8
8
8
8
8
8
8
8
8
8
8
8
8
8
8
8
8
8
8
8
8
8
8
8
8
8
8
8
8
8
8
8
8
8
8
8
8
8
8
8
8
8
8
8
8
8
8
8
8
8
8
8
8
8
8
8
8
8
8
8
8
8
8
8
8
8
8
8
8
8
8
8
8
8
8
8
8
8
8
8
8
8
8
8
8
8
8
8
8
8
8
8
8
8
8
8
8
8
8
8
8
8
8
8
8
8
8
8
8
8
8
8
8
8
8
8
8
8
8
8
8
8
8
8
8
8
8
8
8
8
8
8
8
8
8
8
8
8
8
8
8
8
8
8
8
8
8
8
8
8
8
8
8
8
8
8
8
8
8
8
8
8
8
8
8
8
8
8
8
8
8
8
8
8
8
8
8
8
8
8
8
8
8
8
8
8
8
8
8
8
8
8
8
8
8
8
8
8
8
8
8
8
8
8
8
8
8
8
8
8
8
8
8
8
8
8
8
8
8
8
8
8
8
8
8
8
8
8
8
8
8
8
8
8
8
8
8
8
8
8
8
8
8
8
8
8
8
8
8
8
8
8
8
8
8
8
8
8
8
8
8
8
8
8
8
8
8
8
8
8
8
8
8
8
8
8
8
8
8
8
8
8
8
8
8
8
8
8
8
8
8
8
8
8
8
8
8
8
8
8
8
8
8
8
8
8
8
8
8
8
8
8
8
8
8
8
8
8
8
8
8
8
8
8
8
8
8
8
8
8
8
8
8
8
8
8
8
8
8
8
8
8
8
8
8
8
8
8
8
8
8
8
8
8
8
8
8
8
8
8
8
8
8
8
8
8
8
8
8
8
8
8
8
8
8
8
8
8
8
8
8
8
8
8
8
8
8
8
8
8
8
8
8
8
8
8
8
8
8
8
8
8
8
8
8
8
8
8
8
8
8
8
8
8
8
8
8
8
8
8
8
8
8
8
8
8
8
8
8
8
8
8
8
8
8
8
8
8
8
8
8
8
8
8
8
8
8
8
8
8
8
8
8
8
8
8
8
8
8
8
8
8
8
8
8
8
8
8
8
8
8
8
8
8
8
8
8
8
8
8
8
8
8
8
8
8
8
8
8
8
8
8
8
8
8
8
8
8
8
8
8
8
8
8
8
8
8
8
8
8
8
8
8
8
8
8
8
8
8
8
8
8
8
8
8
8
8
8
8
8
8
8
8
8
8
8
8
8
8
8
8
8
8
8
8
8
8
8
8
8
8
8
8
8
8
8
8
8
8
8
8
8
8
8
8
8
8
8
8
8
8
8
8
8
8
8
8
8
8
8
8
8
8
8
8
8
8
8
8
8
8
8
8
8
8
8
8
8
8
8
8
8
8
8
8
8
8
8
8
8
8
8
8
8
8
8
8
8
8
8
8
8
8
8
8
8
8
8
8
8
8
8
8
8
8
8
8
8
8
8
8
8
8
8
8
8
8
8
8
8
8
8
8
8
8
8
8
8
8
8
8
8
8
8
8
8
8
8
8
8
8
7
7
7
7
7
7
7
7
7
7
7
7
7
7
7
7
7
7
7
7
7
7
7
7
7
7
7
7
7
7
7
7
7
7
7
7
7
7
7
7
7
7
7
7
7
7
7
7
7
7
7
7
7
7
7
7
7
7
7
7
7
7
7
7
7
7
7
7
7
7
7
7
7
7
7
7
7
7
7
7
7
7
7
7
7
7
7
7
7
7
7
7
7
7
7
7
7
7
7
7
7
7
7
7
7
7
7
7
7
7
7
7
7
7
7
7
7
7
7
7
7
7
7
7
7
7
7
7
7
7
7
7
7
7
7
7
7
7
7
7
7
7
7
7
7
7
7
7
7
7
7
7
7
7
7
7
7
7
7
7
7
7
7
7
7
7
7
7
7
7
7
7
7
7
7
7
7
7
7
7
7
7
7
7
7
7
7
7
7
7
7
7
7
7
7
7
7
7
7
7
7
7
7
7
7
7
7
7
7
7
7
7
7
7
7
7
7
7
7
7
7
7
7
7
7
7
7
7
7
7
7
7
7
7
7
7
7
7
7
7
7
7
7
7
7
7
7
7
7
7
7
7
7
7
7
7
7
7
7
7
7
7
7
7
7
7
7
7
7
7
7
7
7
7
7
7
7
7
7
7
7
7
7
7
7
7
7
7
7
7
7
7
7
7
7
7
7
7
7
7
7
7
7
7
7
7
7
7
7
7
7
7
7
7
7
7
7
7
7
7
7
7
7
7
7
7
7
7
7
7
7
7
7
7
7
7
7
7
7
7
7
7
7
7
7
7
7
7
7
7
7
7
7
7
7
7
7
7
7
7
7
7
7
7
7
7
7
7
7
7
7
7
7
7
7
7
7
7
7
7
7
7
7
7
7
7
7
7
7
7
7
7
7
7
7
7
7
7
7
7
7
7
7
7
7
7
7
7
7
7
7
7
7
7
7
7
7
7
7
7
7
7
7
7
7
7
7
7
7
7
7
7
7
7
7
7
7
7
7
7
7
7
7
7
7
7
7
7
7
7
7
7
7
7
7
7
7
7
7
7
7
7
7
7
7
7
7
7
7
7
7
7
7
7
7
7
7
7
7
7
7
7
7
7
7
7
7
7
7
7
7
7
7
7
7
7
7
7
7
7
7
7
7
7
7
7
7
7
7
7
7
7
7
7
7
7
7
7
7
7
7
7
7
7
7
7
7
7
7
7
7
7
7
7
7
7
7
7
7
7
7
7
7
7
7
7
7
7
7
7
7
7
7
7
7
7
7
7
7
7
7
7
7
7
7
7
7
7
7
7
7
7
7
7
7
7
7
7
7
7
7
7
7
7
7
7
7
7
7
7
7
7
7
7
7
7
7
7
7
7
7
7
7
7
7
7
7
7
7
7
7
7
7
7
7
7
7
7
7
7
7
7
7
7
7
7
7
7
7
7
7
7
7
7
7
7
7
7
7
7
7
7
7
7
7
7
7
7
7
7
7
7
7
7
7
7
7
7
7
7
7
7
7
7
7
7
7
7
7
7
7
7
7
7
7
7
7
7
7
7
7
7
7
7
7
7
7
7
7
7
7
7
7
7
7
7
7
7
7
7
7
7
7
7
7
7
7
7
7
7
7
7
7
7
7
7
7
7
7
7
7
7
7
7
7
7
7
7
7
7
7
7
7
7
7
7
7
7
7
7
7
7
7
7
7
7
7
7
7
7
7
7
7
7
7
7
7
7
7
7
7
7
7
7
7
7
7
7
7
7
7
7
7
7
7
7
7
7
7
7
7
7
7
7
7
7
7
7
7
7
7
7
7
7
7
7
7
7
7
7
7
7
7
7
7
7
7
7
7
7
7
7
7
7
7
7
7
7
7
7
7
7
7
7
7
7
7
7
7
7
7
7
7
7
7
7
7
7
7
7
7
7
7
7
7
7
7
7
7
7
7
7
7
7
7
7
7
7
7
7
7
7
7
7
7
7
7
7
7
7
7
7
7
7
7
7
7
7
7
7
7
7
7
7
7
7
7
7
7
7
7
7
7
7
7
7
7
7
7
7
7
7
7
7
7
7
7
7
7
7
7
7
7
7
7
7
7
7
7
7
7
7
7
7
7
7
7
7
7
7
7
7
7
7
7
7
7
7
7
7
7
7
7
7
7
7
7
7
7
7
7
7
7
7
7
7
7
7
7
7
9
9
9
9
9
9
9
9
9
9
9
9
9
9
9
9
9
9
9
9
9
9
9
9
9
9
9
9
9
9
9
9
9
9
9
9
9
9
9
9
9
9
9
9
9
9
9
9
9
9
9
9
9
9
9
9
9
9
9
9
9
9
9
9
9
9
9
9
9
9
9
9
9
9
9
9
9
9
9
9
9
9
9
9
9
9
9
9
9
9
9
9
9
9
9
9
9
9
9
9
9
9
9
9
9
9
9
9
9
9
9
9
9
9
9
9
9
9
9
9
9
9
9
9
9
9
9
9
9
9
9
9
9
9
9
9
9
9
9
9
9
9
9
9
9
9
9
9
9
9
9
9
9
9
9
9
9
9
9
9
9
9
9
9
9
9
9
9
9
9
9
9
9
9
9
9
9
9
9
9
9
9
9
9
9
9
9
9
9
9
9
9
9
9
9
9
9
9
9
9
9
9
9
9
9
9
9
9
9
9
9
9
9
9
9
9
9
9
9
9
9
9
9
9
9
9
9
9
9
9
9
9
9
9
9
9
9
9
9
9
9
9
9
9
9
9
9
9
9
9
9
9
9
9
9
9
9
9
9
9
9
9
9
9
9
9
9
9
9
9
9
9
9
9
9
9
9
9
9
9
9
9
9
9
9
9
9
9
9
9
9
9
9
9
9
9
9
9
9
9
9
9
9
9
9
9
9
9
9
9
9
9
9
9
9
9
9
9
9
9
9
9
9
9
9
9
9
9
9
9
9
9
9
9
9
9
9
9
9
9
9
9
9
9
9
9
9
9
9
9
9
9
9
9
9
9
9
9
9
9
9
9
9
9
9
9
9
9
9
9
9
9
9
9
9
9
9
9
9
9
9
9
9
9
9
9
9
9
9
9
9
9
9
9
9
9
9
9
9
9
9
9
9
9
9
9
9
9
9
9
9
9
9
9
9
9
9
9
9
9
9
9
9
9
9
9
9
9
9
9
9
9
9
9
9
9
9
9
9
9
9
9
9
9
9
9
9
9
9
9
9
9
9
9
9
9
9
9
9
9
9
9
9
9
9
9
9
9
9
9
9
9
9
9
9
9
9
9
9
9
9
9
9
9
9
9
9
9
9
9
9
9
9
9
9
9
9
9
9
9
9
9
9
9
9
9
9
9
9
9
9
9
9
9
9
9
9
9
9
9
9
9
9
9
9
9
9
9
9
9
9
9
9
9
9
9
9
9
9
9
9
9
9
9
9
9
9
9
9
9
9
9
9
9
9
9
9
9
9
9
9
9
9
9
9
9
9
9
9
9
9
9
9
9
9
9
9
9
9
9
9
9
9
9
9
9
9
9
9
9
9
9
9
9
9
9
9
9
9
9
9
9
9
9
9
9
9
9
9
9
9
9
9
9
9
9
9
9
9
9
9
9
9
9
9
9
9
9
9
9
9
9
9
9
9
9
9
9
9
9
9
9
9
9
9
9
9
9
9
9
9
9
9
9
9
9
9
9
9
9
9
9
9
9
9
9
9
9
9
9
9
9
9
9
9
9
9
9
9
9
9
9
9
9
9
9
9
9
9
9
9
9
9
9
9
9
9
9
9
9
9
9
9
9
9
9
9
9
9
9
9
9
9
9
9
9
9
9
9
9
9
9
9
9
9
9
9
9
9
9
9
9
9
9
9
9
9
9
9
9
9
9
9
9
9
9
9
9
9
9
9
9
9
9
9
9
9
9
9
9
9
9
9
9
9
9
9
9
9
9
9
9
9
9
9
9
9
9
9
9
9
9
9
9
9
9
9
9
9
9
9
9
9
9
9
9
9
9
9
9
9
9
9
9
9
9
9
9
9
9
9
9
9
9
9
9
9
9
9
9
9
9
9
9
9
9
9
9
9
9
9
9
9
9
9
9
9
9
9
9
9
9
9
9
9
9
9
9
9
9
9
9
9
9
9
9
9
9
9
9
9
9
9
9
9
9
9
9
9
9
9
9
9
9
9
9
9
9
9
9
9
9
9
9
9
9
9
9
9
9
9
9
9
9
9
9
9
9
9
9
9
9
9
9
9
9
9
9
9
9
9
9
9
9
9
9
9
9
9
9
9
9
9
9
9
9
9
9
9
9
9
9
9
9
9
9
9
9
9
9
9
9
9
9
9
9
9
9
9
9
9
9
9
9
9
9
9
9
9
9
9
9
9
9
9
9
9
9
9
9
9
9
9
9
9
9
9
9
9
9
9
9
9
9
9
9
9
9
9
9
9
9
9
9
9
9
9
9
9
9
9
9
9
9
9
9
9
9
9
9
9
9
9
9
9
9
9
9
9
9
9
9
9
9
9
9
9
9
9
9
9
9
9
9
9
9
9
9
9
9
9
9
9
9
9
9
9
9
9
9
9
9
9
9
9
9
9
9
9
9
9
9
9
9
9
9
9
9
9
9
9
9
9
9
9
9
9
9
9
9
9
9
9
9
9
9
9
9
9
9
9
9
9
9
9
9
9
9
9
9
9
9
9
9
9
9
9
9
9
9
9
9
9
9
9
9
9
9
9
9
9
9
9
9
9
9
9
9
9
9
9
9
9
9
9
9
9
9
9
9
9
9
9
9
9
9
9
9
9
9
9
9
9
9
9
9
9
9
9
9
9
9
9
9
9
9
9
9
9
9
9
9
9
9
9
9
9
9
9
9
9
9
9
9
9
9
9
9
9
9
9
9
9
9
9
9
9
9
9
9
9
9
9
9
9
9
9
9
9
9
9
9
9
9
9
9
9
9
9
9
9
9
9
9
9
9
9
9
9
9
9
9
9
9
9
9
9
9
9
9
9
9
9
9
9
9
9
9
9
9
9
9
9
9
9
9
9
9
9
9
9
9
9
9
9
9
9
9
9
9
9
9
9
9
9
9
9
9
9
9
9
9
9
9
9
9
9
9
9
9
9
9
9
9
9
9
9
9
9
9
9
9
9
9
9
9
9
9
9
9
9
9
9
9
9
9
9
9
9
9
9
9
9
9
9
9
9
9
9
9
9
9
9
9
9
9
9
9
9
9
9
9
9
9
9
9
9
9
9
9
9
9
9
9
9
9
9
9
9
9
9
9
9
9
9
9
9
9
9
9
9
9
9
9
9
9
9
9
9
9
9
9
9
9
9
9
9
9
9
9
9
9
9
9
9
9
9
9
9
9
9
9
9
9
9
9
9
9
9
9
9
9
9
9
9
9
9
9
9
9
9
9
9
9
9
9
9
9
9
9
9
9
9
9
9
9
9
9
9
9
9
9
9
9
9
9
9
9
9
9
9
9
9
9
9
9
9
9
9
9
9
9
9
9
9
9
9
9
9
9
9
9
9
9
9
9
9
9
9
9
9
9
9
9
9
9
9
9
9
9
9
9
9
9
9
9
9
9
9
9
9
9
9
9
9
9
9
9
9
9
9
9
9
9
9
9
9
9
9
9
9
9
9
9
9
9
9
9
9
9
9
9
9
9
9
9
9
9
9
9
9
9
9
9
9
9
9
9
9
9
9
9
9
9
9
9
9
9
9
9
9
9
9
9
9
9
9
9
9
9
9
9
9
9
9
9
9
9
9
9
9
9
9
9
9
9
9
9
9
9
9
9
9
9
9
9
9
9
9
9
9
9
9
9
9
9
9
9
9
9
9
9
9
9
9
9
9
9
9
9
9
9
9
9
9
9
9
9
9
9
9
9
9
9
9
9
9
9
9
9
9
9
9
9
9
9
9
9
9
9
9
9
9
9
9
9
9
9
9
9
9
9
9
9
9
9
9
9
9
9
9
9
9
9
9
9
9
9
9
9
9
9
9
9
9
9
9
9
9
9
9
9
9
9
9
9
9
9
9
9
9
9
9
9
9
9
9
9
9
9
9
9
9
9
9
9
9
9
9
9
9
9
9
9
9
9
9
9
9
9
9
9
9
9
9
9
9
9
9
9
9
9
9
9
9
9
9
9
9
9
9
9
9
9
9
9
9
9
9
9
9
9
9
9
9
9
9
9
9
9
9
9
9
9
9
9
9
9
9
9
9
9
9
9
9
9
9
9
9
9
9
9
9
9
9
9
9
9
9
9
9
9
9
9
9
9
9
9
9
9
9
9
9
9
9
9
9
9
9
9
9
9
9
9
9
9
9
9
9
9
9
9
9
9
9
9
9
9
9
9
9
9
9
9
9
9
9
9
9
9
9
9
9
9
9
9
9
9
9
9
9
9
9
9
9
9
9
9
9
9
9
9
9
9
9
9
9
9
9
9
9
9
9
9
9
9
9
9
9
9
9
9
9
9
9
9
9
9
9
9
9
9
9
9
9
9
9
9
9
9
9
9
9
9
9
9
9
9
9
9
9
9
9
9
9
9
9
9
9
9
9
9
9
9
9
9
9
9
9
9
9
9
9
9
9
9
9
9
9
9
9
9
9
9
9
9
9
9
9
9
9
9
9
9
9
9
9
9
9
9
9
9
9
9
9
9
9
9
9
9
9
9
9
9
9
9
9
9
9
9
9
9
9
9
9
9
9
9
9
9
9
9
9
9
9
9
9
9
9
9
9
9
9
9
9
9
9
9
9
9
9
9
9
9
9
9
9
9
9
9
9
9
9
9
9
9
9
9
9
9
9
9
9
9
9
9
9
9
9
9
9
9
9
9
9
9
9
9
9
9
9
9
9
9
9
9
9
9
9
9
9
9
9
9
9
9
9
9
9
9
9
9
9
9
9
9
9
9
9
9
9
9
9
9
9
9
9
9
9
9
9
9
9
9
9
9
9
9
9
9
9
9
9
9
9
9
9
9
9
9
9
9
9
9
9
9
9
9
9
9
9
9
9
9
9
9
9
9
9
9
9
9
9
9
9
9
9
9
9
9
9
9
9
9
9
9
9
9
9
9
9
9
9
9
9
9
9
9
9
9
9
9
9
9
9
9
9
9
9
9
9
9
9
9
9
9
9
9
9
9
9
9
9
9
9
9
9
9
9
9
9
9
9
9
9
9
9
9
9
9
9
9
9
9
9
9
9
9
9
9
9
9
9
9
9
9
9
9
9
9
9
9
9
9
9
9
9
9
9
9
9
9
9
9
9
9
9
9
9
9
9
9
9
9
9
9
9
9
9
9
9
9
9
9
9
9
9
9
9
9
9
9
9
9
9
9
9
9
9
9
9
9
9
9
9
9
9
9
9
9
9
9
9
9
9
9
9
9
9
9
9
9
9
9
9
9
9
9
9
9
9
9
9
9
9
9
9
9
9
9
9
9
9
9
9
9
9
9
9
9
9
9
9
9
9
9
9
9
9
9
9
9
9
9
9
9
9
9
9
9
9
9
9
9
9
9
9
9
9
9
9
9
9
9
9
9
9
9
9
9
9
9
9
9
9
9
9
9
9
9
9
9
9
9
9
9
9
9
9
9
9
9
9
9
9
9
9
9
9
9
9
9
9
9
9
9
9
9
9
9
9
9
9
9
9
9
9
9
9
9
9
9
9
9
9
9
9
9
9
9
9
9
9
9
9
9
9
9
9
9
9
9
9
9
9
9
9
9
9
9
9
9
9
9
9
9
9
9
9
9
9
9
9
9
9
9
9
9
9
9
9
9
9
9
9
9
9
9
9
9
9
9
9
9
9
9
9
9
9
9
9
9
9
9
9
9
9
9
9
9
9
9
9
9
9
9
9
9
9
9
9
9
9
9
9
9
9
9
9
9
9
9
9
9
9
9
9
9
9
9
9
9
9
9
9
9
9
9
9
9
9
9
9
9
9
9
9
9
9
9
9
9
9
9
9
9
9
9
9
9
9
9
9
9
9
9
9
9
9
9
9
9
9
9
9
9
9
9
9
9
9
9
9
9
9
9
9
9
9
9
9
9
9
9
9
9
9
9
9
9
9
9
9
9
9
9
9
9
9
9
9
9
9
9
9
9
9
9
9
9
9
9
9
9
9
9
9
9
9
9
9
9
9
9
9
9
9
9
9
9
9
9
9
9
9
9
9
9
9
9
9
9
9
9
9
9
9
9
9
9
9
9
9
9
9
9
9
9
9
9
9
9
9
9
9
9
9
9
9
9
9
9
9
9
9
9
9
9
9
9
9
9
9
9
9
9
9
9
9
9
9
9
9
9
9
9
9
9
9
9
9
9
9
9
9
9
9
9
9
9
9
9
9
9
9
9
9
9
9
9
9
9
9
9
9
9
9
9
9
9
9
9
9
9
9
9
9
9
9
9
9
9
9
9
9
9
9
9
9
9
9
9
9
9
9
9
9
9
9
9
9
9
9
9
9
9
9
9
9
9
9
9
9
9
9
9
9
9
9
9
9
9
9
9
9
9
9
9
9
9
9
9
9
9
9
9
9
9
9
9
9
9
9
9
9
9
9
9
9
9
9
9
9
9
9
9
9
9
9
9
9
9
9
9
9
9
9
9
9
9
9
9
9
9
9
9
9
9
9
9
9
9
9
9
9
9
9
9
9
9
9
9
9
9
9
9
9
9
9
9
9
9
9
9
9
9
9
9
9
9
9
9
9
9
9
9
9
9
9
9
9
9
9
9
9
9
9
9
9
9
9
9
9
9
9
9
9
9
9
9
9
9
9
9
9
9
9
9
9
9
9
9
9
9
9
9
9
9
9
9
9
9
9
9
9
9
9
9
9
9
9
9
9
9
9
9
9
9
9
9
9
9
9
9
9
9
9
9
9
9
9
9
9
9
9
9
9
9
9
9
9
9
9
9
9
9
9
9
9
9
9
9
9
9
9
9
9
9
9
9
9
9
9
9
9
9
9
9
9
9
9
9
9
9
9
9
9
9
9
9
9
9
9
9
9
9
9
9
9
9
9
9
9
9
9
9
9
9
9
9
9
9
9
9
9
9
9
9
9
9
9
9
9
9
9
9
9
9
9
9
9
9
9
9
9
9
9
9
9
9
9
9
9
9
9
9
9
9
9
9
9
9
9
9
9
9
9
9
9
9
9
9
9
9
9
9
9
9
9
9
9
9
9
9
9
9
9
9
9
9
9
9
9
9
9
9
9
9
9
9
9
9
9
9
9
9
9
9
9
9
9
9
9
9
9
9
9
9
9
9
9
9
9
9
9
9
9
9
9
9
9
9
9
9
9
9
9
9
9
9
9
9
9
9
9
9
9
9
9
9
9
9
9
9
9
9
9
9
9
9
9
9
9
9
9
9
9
9
9
9
9
9
9
9
9
9
9
9
9
9
9
9
9
9
9
9
9
9
9
9
9
9
9
9
9
9
9
9
9
9
9
9
9
9
9
9
9
9
9
9
9
9
9
9
9
9
9
9
9
9
9
9
9
9
9
9
9
9
9
9
9
9
9
9
9
9
9
9
9
9
9
9
9
9
9
9
9
9
9
9
9
9
9
9
9
9
9
9
9
9
9
9
9
9
9
9
9
9
9
9
9
9
9
9
9
9
9
9
9
9
9
9
9
9
9
9
9
9
9
9
9
9
9
9
9
9
9
9
9
9
9
9
9
9
9
9
9
9
9
9
9
9
9
9
9
9
9
9
9
9
9
9
9
9
9
9
9
9
9
9
9
9
9
9
9
9
9
9
9
9
9
9
9
9
9
9
9
9
9
9
9
9
9
9
9
9
9
9
9
9
9
9
9
9
9
9
9
9
9
9
9
9
9
9
9
9
9
9
9
9
9
9
9
9
9
9
9
9
9
9
9
9
9
9
9
9
9
9
9
9
9
9
9
9
9
9
9
9
9
9
9
9
9
9
9
9
9
9
9
9
9
9
9
9
9
9
9
9
9
9
9
9
9
9
9
9
9
9
9
9
9
9
9
9
9
9
9
9
9
9
9
9
9
9
9
9
9
9
9
9
9
9
9
9
9
9
9
9
9
9
9
9
9
9
9
9
9
9
9
9
9
9
9
9
9
9
9
9
9
9
9
9
9
9
9
9
9
9
9
9
9
9
9
9
9
9
9
9
9
9
9
9
9
9
9
9
9
9
9
9
9
9
9
9
9
9
9
9
9
9
9
9
9
9
9
9
9
9
9
9
9
9
9
9
9
9
9
9
9
9
9
9
9
9
9
9
9
9
9
9
9
9
9
9
9
9
9
9
9
9
9
9
9
9
9
9
9
9
9
9
9
9
9
9
9
9
9
9
9
9
9
9
9
9
9
9
9
9
9
9
9
9
9
9
9
9
9
9
9
9
9
9
9
9
9
9
9
9
9
9
9
9
9
9
9
9
9
9
9
9
9
9
9
9
9
9
9
9
9
9
9
9
9
9
9
9
9
9
9
9
9
9
9
9
9
9
9
9
9
9
9
9
9
9
9
9
9
9
9
9
9
9
9
9
9
9
9
9
9
9
9
9
9
9
9
9
9
9
9
9
9
9
9
9
9
9
9
9
9
9
9
9
9
9
9
9
9
9
9
9
9
9
9
9
9
9
9
9
9
9
9
9
9
9
9
9
9
9
9
9
9
9
9
9
9
9
9
9
9
9
9
9
9
9
9
9
9
9
9
9
9
9
9
9
9
9
9
9
9
9
9
9
9
9
9
9
9
9
9
9
9
9
9
9
9
9
9
9
9
9
9
9
9
9
9
9
9
9
9
9
9
9
9
9
9
9
9
9
9
9
9
9
9
9
9
9
9
9
9
9
9
9
9
9
9
9
9
9
9
9
9
9
9
9
9
9
9
9
9
9
9
9
9
9
9
9
9
9
9
9
9
9
9
9
9
9
9
9
9
9
9
9
9
9
9
9
9
9
9
9
9
9
9
9
9
9
9
9
9
9
9
9
9
9
9
9
9
9
9
9
9
9
9
9
9
9
9
9
9
9
9
9
9
9
9
9
9
9
9
9
9
9
9
9
9
9
9
9
9
9
9
9
9
9
9
9
9
9
9
9
9
9
9
9
9
9
9
9
9
9
9
9
9
9
9
9
9
9
9
9
9
9
9
9
9
9
9
9
9
9
9
9
9
9
9
9
9
9
9
9
9
9
9
9
9
9
9
9
9
9
9
9
9
9
9
9
9
9
9
9
9
9
9
9
9
9
9
9
9
9
9
9
9
9
9
9
9
9
9
9
9
9
9
9
9
9
9
9
9
9
9
9
9
9
9
9
9
9
9
9
9
9
9
9
9
9
9
9
9
9
9
9
9
9
9
9
9
9
9
9
9
9
9
9
9
9
9
9
9
9
9
9
9
9
9
9
9
9
9
9
9
9
9
9
9
9
9
9
9
9
9
9
9
9
9
9
9
9
9
9
9
9
9
9
9
9
9
9
9
9
9
9
9
9
9
9
9
9
9
9
9
9
9
9
9
9
9
9
9
9
9
9
9
9
9
9
9
9
9
9
9
9
9
9
9
9
9
9
9
9
9
9
9
9
9
9
9
9
9
9
9
9
9
9
9
9
9
9
9
9
9
9
9
9
9
9
9
9
9
9
9
9
9
9
9
9
9
9
9
9
9
9
9
9
9
9
9
9
9
9
9
9
9
9
9
9
9
9
9
9
9
9
9
9
9
9
9
9
9
9
9
9
9
9
9
9
9
9
9
9
9
9
9
9
9
9
9
9
9
9
9
9
9
9
9
9
9
9
9
9
9
9
9
9
9
9
9
9
9
9
9
9
9
9
9
9
9
9
9
9
9
9
9
9
9
9
9
9
9
9
9
9
9
9
9
9
9
9
9
9
9
9
9
9
9
9
9
9
9
9
9
9
9
9
9
9
9
9
9
9
9
9
9
9
9
9
9
9
9
9
9
9
9
9
9
9
9
9
9
9
9
9
9
9
9
9
9
9
9
9
9
9
9
9
9
9
9
9
9
9
9
9
9
9
9
9
9
9
9
9
9
9
9
9
9
9
9
9
9
9
9
9
9
9
9
9
9
9
9
9
9
9
9
9
9
9
9
9
9
9
9
9
9
9
9
9
9
9
9
9
9
9
9
9
9
9
9
9
9
9
9
9
9
9
9
9
9
9
9
9
9
9
9
9
9
9
9
9
9
9
9
9
9
9
9
9
9
9
9
9
9
9
9
9
9
9
9
9
9
9
9
9
9
9
9
9
9
9
9
9
9
9
9
9
9
9
9
9
9
9
9
9
9
9
9
9
9
9
9
9
9
9
9
9
9
9
9
9
9
9
9
9
9
9
9
9
9
9
9
9
9
9
9
9
9
9
9
9
9
9
9
9
9
9
9
9
9
9
9
9
9
9
9
9
9
9
9
9
9
9
9
9
9
9
9
9
9
9
9
9
9
9
9
9
9
9
9
9
9
9
9
9
9
9
9
9
9
9
9
9
9
9
9
9
9
9
9
9
9
9
9
9
9
9
9
9
9
9
9
9
9
9
9
9
9
9
9
9
9
9
9
9
9
9
9
9
9
9
9
9
9
9
9
9
9
9
9
9
9
9
9
9
9
9
9
9
9
9
9
9
9
9
9
9
9
9
9
9
9
9
9
9
9
9
9
9
9
9
9
9
9
9
9
9
9
9
9
9
9
9
9
9
9
9
9
9
9
9
9
9
9
9
9
9
9
9
9
9
9
9
9
9
9
9
9
9
9
9
9
9
9
9
9
9
9
9
9
9
9
9
9
9
9
9
9
9
9
9
9
9
9
9
9
9
9
9
9
9
9
9
9
9
9
9
9
9
9
9
9
9
9
9
9
9
9
9
9
9
9
9
9
9
9
9
9
9
9
9
9
9
9
9
9
9
9
9
9
9
9
9
9
9
9
9
9
9
9
9
9
9
9
9
9
9
9
9
9
9
9
9
9
9
9
9
9
9
9
9
9
9
9
9
9
9
9
9
9
9
9
9
9
9
9
9
9
9
9
9
9
9
9
9
9
9
9
9
9
9
9
9
9
9
9
9
9
9
9
9
9
9
9
9
9
9
9
9
9
9
9
9
9
9
9
9
9
9
9
9
9
9
9
9
9
9
9
9
9
9
9
9
9
9
9
9
9
9
9
9
9
9
9
9
9
9
9
9
9
9
9
9
9
9
9
9
9
9
9
9
9
9
9
9
9
9
9
9
9
9
9
9
9
9
9
9
9
9
9
9
9
9
9
9
9
9
9
9
9
9
9
9
9
9
9
9
9
9
9
9
9
9
9
9
9
9
9
9
9
9
9
9
9
9
9
9
9
9
9
9
9
9
9
9
9
9
9
9
9
9
9
9
9
9
9
9
9
9
9
9
9
9
9
9
9
9
9
9
9
9
9
9
9
9
9
9
9
9
9
9
9
9
9
9
9
9
9
9
9
9
9
9
9
9
9
9
9
9
9
9
9
9
9
9
9
9
9
9
9
9
9
9
9
9
9
9
9
9
9
9
9
9
9
9
9
9
9
9
9
9
9
9
9
9
9
9
9
9
9
9
9
9
9
9
9
9
9
9
9
9
9
9
9
9
9
9
9
9
9
9
9
9
9
9
9
9
9
9
9
9
9
9
9
9
9
9
9
9
9
9
9
9
9
9
9
9
9
9
9
9
9
9
9
9
9
9
9
9
9
9
9
9
9
9
9
9
9
9
9
9
9
9
9
9
9
9
9
9
9
9
9
9
9
9
9
9
9
9
9
9
9
9
9
9
9
9
9
9
9
9
9
9
9
9
9
9
9
9
9
9
9
9
9
9
9
9
9
9
9
9
9
9
9
9
9
9
9
9
9
9
9
9
9
9
9
9
9
9
9
9
9
9
9
9
9
9
9
9
9
9
9
9
9
9
9
9
9
9
9
9
9
9
9
9
9
9
9
9
9
9
9
9
9
9
9
9
9
9
9
9
9
9
9
9
9
9
9
9
9
9
9
9
9
9
9
9
9
9
9
9
9
9
9
9
9
9
9
9
9
9
9
9
9
9
9
9
9
9
9
9
9
9
9
9
9
9
9
9
9
9
9
9
9
9
9
9
9
9
9
9
9
9
9
9
9
9
9
9
9
9
9
9
9
9
9
9
9
9
9
9
9
9
9
9
9
9
9
9
9
9
9
9
9
9
9
9
9
9
9
9
9
9
9
9
9
9
9
9
9
9
9
9
9
9
9
9
9
9
9
9
9
9
9
9
9
9
9
9
9
9
9
9
9
9
9
9
9
9
9
9
9
9
9
9
9
9
9
9
9
9
9
9
9
9
9
9
9
9
9
9
9
9
9
9
9
9
9
9
9
9
9
9
9
9
9
9
9
9
9
9
9
9
9
9
9
9
9
9
9
9
9
9
9
9
9
9
9
9
9
9
9
9
9
9
9
9
9
9
9
9
9
9
9
9
9
9
9
9
9
9
9
9
9
9
9
9
9
9
9
9
9
9
9
9
9
9
9
9
9
9
9
9
9
9
9
9
9
9
9
9
9
9
9
9
9
9
9
9
9
9
9
9
9
9
9
9
9
9
9
9
9
9
9
9
9
9
9
9
9
9
9
9
9
9
9
9
9
9
9
9
9
9
9
9
9
9
9
9
9
9
9
9
9
9
9
9
9
9
9
9
9
9
9
9
9
9
9
9
9
9
9
9
9
9
9
9
9
9
9
9
9
9
9
9
9
9
9
9
9
9
9
9
9
9
9
9
9
9
9
9
9
9
9
9
9
9
9
9
9
9
9
9
9
9
9
9
9
9
9
9
9
9
9
9
9
9
9
9
9
9
9
9
9
9
9
9
9
9
9
9
9
9
9
9
9
9
9
9
9
9
9
9
9
9
9
9
9
9
9
9
9
9
9
9
9
9
9
9
9
9
9
9
9
9
9
9
9
9
9
9
9
9
9
9
9
9
9
9
9
9
9
9
9
9
9
9
9
9
9
9
9
9
9
9
9
9
9
9
9
9
9
9
9
9
9
9
9
9
9
9
9
9
9
9
9
9
9
9
9
9
9
9
9
9
9
9
9
9
9
9
9
9
9
9
9
9
9
9
9
9
9
9
9
9
9
9
9
9
9
9
9
9
9
9
9
9
9
9
9
9
9
9
9
9
9
9
9
9
9
9
9
9
9
9
9
9
9
9
9
9
9
9
9
9
9
9
9
9
9
9
9
9
9
9
9
9
9
9
9
9
9
9
9
9
9
9
9
9
9
9
9
9
9
9
9
9
9
9
9
9
9
9
9
9
9
9
9
9
9
9
9
9
9
9
9
9
9
9
9
9
9
9
9
9
9
9
9
9
9
9
9
9
9
9
9
9
9
9
9
9
9
9
9
9
9
9
9
9
9
9
9
9
9
9
9
9
9
9
9
9
9
9
9
9
9
9
9
9
9
9
9
9
9
9
9
9
9
9
9
9
9
9
9
9
9
9
9
9
9
9
9
9
9
9
9
9
9
9
9
9
9
9
9
9
9
9
9
9
9
9
9
9
9
9
9
9
9
9
9
9
9
9
9
9
9
9
9
9
9
9
9
9
9
9
9
9
9
9
9
9
9
9
9
9
9
9
9
9
9
9
9
9
9
9
9
9
9
9
9
9
9
9
9
9
9
9
9
9
9
9
9
9
9
9
9
9
9
9
9
9
9
9
9
9
9
9
9
9
9
9
9
9
9
9
9
9
9
9
9
9
9
9
9
9
9
9
9
9
9
9
9
9
9
9
9
9
9
9
9
9
9
9
9
9
9
9
9
9
9
9
9
9
9
9
9
9
9
9
9
9
9
9
9
9
9
9
9
9
9
9
9
9
9
9
9
9
9
9
9
9
9
9
9
9
9
9
9
9
9
9
9
9
9
9
9
9
9
9
9
9
9
9
9
9
9
9
9
9
9
9
9
9
9
9
9
9
9
9
9
9
9
9
9
9
9
9
9
9
9
9
9
9
9
9
9
9
9
9
9
9
9
9
9
9
9
9
9
9
9
9
9
9
9
9
9
9
9
9
9
9
9
9
9
9
9
9
9
9
9
9
9
9
9
9
9
9
9
9
9
9
9
9
9
9
9
9
9
9
9
9
9
9
9
9
9
9
9
9
9
9
9
9
9
9
9
9
9
9
9
9
9
9
9
9
9
9
9
9
9
9
9
9
9
9
9
9
9
9
9
9
9
9
9
9
9
9
9
9
9
9
9
9
9
9
9
9
9
9
9
9
9
9
9
9
9
9
9
9
9
9
9
9
9
9
9
9
9
9
9
9
9
9
9
9
9
9
9
9
9
9
9
9
9
9
9
9
9
9
9
9
9
9
9
9
9
9
9
9
9
9
9
9
9
9
9
9
9
9
9
9
9
9
9
9
9
9
9
9
9
9
9
9
9
9
9
9
9
9
9
9
9
9
9
9
9
9
9
9
9
9
9
9
9
9
9
9
9
9
9
9
9
9
9
9
9
9
9
9
9
9
9
9
9
9
9
9
9
9
9
9
9
9
9
9
9
9
9
9
9
9
9
9
9
9
9
9
9
9
9
9
9
9
9
9
9
9
9
9
9
9
9
9
9
9
9
9
9
9
9
9
9
9
9
9
9
9
9
9
9
9
9
9
9
9
9
9
9
9
9
9
9
9
9
9
9
9
9
9
9
9
9
9
9
9
9
9
9
9
9
9
9
9
9
9
9
9
9
9
9
9
9
9
9
9
9
9
9
9
9
9
9
9
9
9
9
9
9
9
9
9
9
9
9
9
9
9
9
9
9
9
9
9
9
9
9
9
9
9
9
9
9
9
9
9
9
9
9
9
9
9
9
9
9
9
9
9
9
9
9
9
9
9
9
9
9
9
9
9
9
9
9
9
9
9
9
9
9
9
9
9
9
9
9
9
9
9
9
9
9
9
9
9
9
9
9
9
9
9
9
9
9
9
9
9
9
9
9
9
9
9
9
9
9
9
9
9
9
9
9
9
9
9
9
9
9
9
9
9
9
9
9
9
9
9
9
9
9
9
9
9
9
9
9
9
9
9
9
9
9
9
9
9
9
9
9
9
9
9
9
9
9
9
9
9
9
9
9
9
9
9
9
9
9
9
9
9
9
9
9
9
9
9
9
9
9
9
9
9
9
9
9
9
9
9
9
9
9
9
9
9
9
9
9
9
9
9
9
9
9
9
9
9
9
9
9
9
9
9
9
9
9
9
9
9
9
9
9
9
9
9
9
9
9
9
9
9
9
9
9
9
9
9
9
9
9
9
9
9
9
9
9
9
9
9
9
9
9
9
9
9
9
9
9
9
9
9
9
9
9
9
9
9
9
9
9
9
9
9
9
9
9
9
9
9
9
9
9
9
9
9
9
9
9
9
9
9
9
9
9
9
9
9
9
9
9
9
9
9
9
9
9
9
9
9
9
9
9
9
9
9
9
9
9
9
9
9
9
9
9
9
9
9
9
9
9
9
9
9
9
9
9
9
9
9
9
9
9
9
9
9
9
9
9
9
9
9
9
9
9
9
9
9
9
9
9
9
9
9
9
9
9
9
9
9
9
9
9
9
9
9
9
9
9
9
9
9
9
9
9
9
9
9
9
9
9
9
9
9
9
9
9
9
9
9
9
9
9
9
9
9
9
9
9
9
9
9
9
9
9
9
9
9
9
9
9
9
9
9
9
9
9
9
9
9
9
9
9
9
9
9
9
9
9
9
9
9
9
9
9
9
9
9
9
9
9
9
9
9
9
9
9
9
9
9
9
9
9
9
9
9
9
9
9
9
9
9
9
9
9
9
9
9
9
9
9
9
9
9
9
9
9
9
9
9
9
9
9
9
9
9
9
9
9
9
9
9
9
9
9
9
9
9
9
9
9
9
9
9
9
9
9
9
9
9
9
9
9
9
9
9
9
9
9
9
9
9
9
9
9
9
9
9
9
9
9
9
9
9
9
9
9
9
9
9
9
9
9
9
9
9
9
9
9
9
9
9
9
9
9
9
9
9
9
9
9
9
9
9
9
9
9
9
9
9
9
9
9
9
9
9
9
9
9
9
9
9
9
9
9
9
9
9
9
9
9
9
9
9
9
9
9
9
9
9
9
9
9
9
9
9
9
9
9
9
9
9
9
9
9
9
9
9
9
9
9
9
9
9
9
9
9
9
9
9
9
9
9
9
9
9
9
9
9
9
9
9
9
9
9
9
9
9
9
9
9
9
9
9
9
9
9
9
9
9
9
9
9
9
9
9
9
9
9
9
9
9
9
9
9
9
9
9
9
9
9
9
9
9
9
9
9
9
9
9
9
9
9
9
9
9
9
9
9
9
9
9
9
9
9
9
9
9
9
9
9
9
9
9
9
9
9
9
9
9
9
9
9
9
9
9
9
9
9
9
9
9
9
9
9
9
9
9
9
9
9
9
9
9
9
9
9
9
9
9
9
9
9
9
9
9
9
9
9
9
9
9
9
9
9
9
9
9
9
9
9
9
9
9
9
9
9
9
9
9
9
9
9
9
9
9
9
9
9
9
9
9
9
9
9
9
9
9
9
9
9
9
9
9
9
9
9
9
9
9
9
9
9
9
9
9
9
9
9
9
9
9
9
9
9
9
9
9
9
9
9
9
9
9
9
9
9
9
9
9
9
9
9
9
9
9
9
9
9
9
9
9
9
9
9
9
9
9
9
9
9
9
9
9
9
9
9
9
9
9
9
9
9
9
9
9
9
9
9
9
9
9
9
9
9
9
9
9
9
9
9
9
9
9
9
9
9
9
9
9
9
9
9
9
9
9
9
9
9
9
9
9
9
9
9
9
9
9
9
9
9
9
9
9
9
9
9
9
9
9
9
9
9
9
9
9
9
9
9
9
9
9
9
9
9
9
9
9
9
9
9
9
9
9
9
9
9
9
9
9
9
9
9
9
9
9
9
9
9
9
9
9
9
9
9
9
9
9
9
9
9
9
9
9
9
9
9
9
9
9
9
9
9
9
9
9
9
9
9
9
9
9
9
9
9
9
9
9
9
9
9
9
9
9
9
9
9
9
9
9
9
9
9
9
9
9
9
9
9
9
9
9
9
9
9
9
9
9
9
9
9
9
9
9
9
9
9
9
9
9
9
9
9
9
9
9
9
9
9
9
9
9
9
9
9
9
9
9
9
9
9
9
9
9
9
9
9
9
9
9
9
9
9
9
9
9
9
9
9
9
9
9
9
9
9
9
9
9
9
9
9
9
9
9
9
9
9
9
9
9
9
9
9
9
9
9
9
9
9
9
9
9
9
9
9
9
9
9
9
9
9
9
9
9
9
9
9
9
9
9
9
9
9
9
9
9
9
9
9
9
9
9
9
9
9
9
9
9
9
9
9
9
9
9
9
9
9
9
9
9
9
9
9
9
9
9
9
9
9
9
9
9
9
9
9
9
9
9
9
9
9
9
9
9
9
9
9
9
9
9
9
9
9
9
9
9
9
9
9
9
9
9
9
9
9
9
9
9
9
9
9
9
9
9
9
9
9
9
9
9
9
9
9
9
9
9
9
9
9
9
9
9
9
9
9
9
9
9
9
9
9
9
9
9
9
9
9
9
9
9
9
9
9
9
9
9
9
9
9
9
9
9
9
9
9
9
9
9
9
9
9
9
9
9
9
9
9
9
9
9
9
9
9
9
9
9
9
9
9
9
9
9
9
9
9
9
9
9
9
9
9
9
9
9
9
9
9
9
9
9
9
9
9
9
9
9
9
9
9
9
9
9
9
9
9
9
9
9
9
9
9
9
9
9
9
9
9
9
9
9
9
9
9
9
9
9
9
9
9
9
9
9
9
9
9
9
9
9
9
9
9
9
9
9
9
9
9
9
9
9
9
9
9
9
9
9
9
9
9
9
9
9
9
9
9
9
9
9
9
9
9
9
9
9
9
9
9
9
9
9
9
9
9
9
9
9
9
9
9
9
9
9
9
9
9
9
9
9
9
9
9
9
9
9
9
9
9
9
9
9
9
9
9
9
9
9
9
9
9
9
9
9
9
9
9
9
9
9
9
9
9
9
9
9
9
9
9
9
9
9
9
9
9
9
9
9
9
9
9
9
9
9
9
9
9
9
9
9
9
9
9
9
9
9
9
9
9
9
9
9
9
9
9
9
9
9
9
9
9
9
9
9
9
9
9
9
9
9
9
9
9
9
9
9
9
9
9
9
9
9
9
9
9
9
9
9
9
9
9
9
9
9
9
9
9
9
9
9
9
9
9
9
9
9
9
9
9
9
9
9
9
9
9
9
9
9
9
9
9
9
9
9
9
9
9
9
9
9
9
9
9
9
9
9
9
9
9
9
9
9
9
9
9
9
9
9
9
9
9
9
9
9
9
9
9
9
9
9
9
9
9
9
9
9
9
9
9
9
9
9
9
9
9
9
9
9
9
9
9
9
9
9
9
9
9
9
9
9
9
9
9
9
9
9
9
9
9
9
9
9
9
9
9
9
9
9
9
9
9
9
9
9
9
9
9
9
9
9
9
9
9
9
9
9
9
9
9
9
9
9
9
9
9
9
9
9
9
9
9
9
9
9
9
9
9
9
9
9
9
9
9
9
9
9
9
9
9
9
9
9
9
9
9
9
9
9
9
9
9
9
9
9
9
9
9
9
9
9
9
9
9
9
9
9
9
9
9
9
9
9
9
9
9
9
9
9
9
9
9
9
9
9
9
9
9
9
9
9
9
9
9
9
9
9
9
9
9
9
9
9
9
9
9
9
9
9
9
9
9
9
9
9
9
9
9
9
9
9
9
9
9
9
9
9
9
9
9
9
9
9
9
9
9
9
9
9
9
9
9
9
9
9
9
9
9
9
9
9
9
9
9
9
9
9
9
9
9
9
9
9
9
9
9
9
9
9
9
9
9
9
9
9
9
9
9
9
9
9
9
9
9
9
9
9
9
9
9
9
9
9
9
9
9
9
9
9
9
9
9
9
9
9
9
9
9
9
9
9
9
9
9
9
9
9
9
9
9
9
9
9
9
9
9
9
9
9
9
9
9
9
9
9
9
9
9
9
9
9
9
9
9
9
9
9
9
9
9
9
9
9
9
9
9
9
9
9
9
9
9
9
9
9
9
9
9
9
9
9
9
9
9
9
9
9
9
9
9
9
9
9
9
9
9
9
9
9
9
9
9
9
9
9
9
9
9
9
9
9
9
9
9
9
9
9
9
9
9
9
9
9
9
9
9
9
9
9
9
9
9
9
9
9
9
9
9
9
9
9
9
9
9
9
9
9
9
9
9
9
9
9
9
9
9
9
9
9
9
9
9
9
9
9
9
9
9
9
9
9
9
9
9
9
9
9
9
9
9
9
9
9
9
9
9
9
9
9
9
9
9
9
9
9
9
9
9
9
9
9
9
9
9
9
9
9
9
9
9
9
9
9
9
9
9
9
9
9
9
9
9
9
9
9
9
9
9
9
9
9
9
9
9
9
9
9
9
9
9
9
9
9
9
9
9
9
9
9
9
9
9
9
9
9
9
9
9
9
9
9
9
9
9
9
9
9
9
9
9
9
9
9
9
9
9
9
9
9
9
9
9
9
9
9
9
9
9
9
9
9
9
9
9
9
9
9
9
9
9
9
9
9
9
9
9
9
9
9
9
9
9
9
9
9
9
9
9
9
9
9
9
9
9
9
9
9
9
9
9
9
9
9
9
9
9
9
9
9
9
9
9
9
9
9
9
9
9
9
9
9
9
9
9
9
9
9
9
9
9
9
9
9
9
9
9
9
9
9
9
9
9
9
9
9
9
9
9
9
9
9
9
9
9
9
9
9
9
9
9
9
9
9
9
9
9
9
9
9
9
9
9
9
9
9
9
9
9
9
9
9
9
9
9
9
9
9
9
9
9
9
9
9
9
9
9
9
9
9
9
9
9
9
9
9
9
9
9
9
9
9
9
9
9
9
9
9
9
9
9
9
9
9
9
9
9
9
9
9
9
9
9
9
9
9
9
9
9
9
9
9
9
9
9
9
9
9
9
9
9
9
9
9
9
9
9
9
9
9
9
9
9
9
9
9
9
9
9
9
9
9
9
9
9
9
9
9
9
9
9
9
9
9
9
9
9
9
9
9
9
9
9
9
9
9
9
9
9
9
9
9
9
9
9
9
9
9
9
9
9
9
9
9
9
9
9
9
9
9
9
9
9
9
9
9
9
9
9
9
9
9
9
9
9
9
9
9
9
9
9
9
9
9
9
9
9
9
9
9
9
9
9
9
9
9
9
9
9
9
9
9
9
9
9
9
9
9
9
9
9
9
9
9
9
9
9
9
9
9
9
9
9
9
9
9
9
9
9
9
9
9
9
9
9
9
9
9
9
9
9
9
9
9
9
9
9
9
9
9
9
9
9
9
9
9
9
9
9
9
9
9
9
9
9
9
9
9
9
9
9
9
9
9
9
9
9
9
9
9
9
9
9
9
9
9
9
9
9
9
9
9
9
9
9
9
9
9
9
9
9
9
9
9
9
9
9
9
9
9
9
9
9
9
9
9
9
9
9
9
9
9
9
9
9
9
9
9
9
9
9
9
9
9
9
9
9
9
9
9
9
9
9
9
9
9
9
9
9
9
9
9
9
9
9
9
9
9
9
9
9
9
9
9
9
9
9
9
9
9
9
9
9
9
9
9
9
9
9
9
9
9
9
9
9
9
9
9
9
9
9
9
9
9
9
9
9
9
9
9
9
9
9
9
9
9
9
9
9
9
9
9
9
9
9
9
9
9
9
9
9
9
9
9
9
9
9
9
9
9
9
9
9
9
9
9
9
9
9
9
9
9
9
9
9
9
9
9
9
9
9
9
9
9
9
9
9
9
9
9
9
9
9
9
9
9
9
9
9
9
9
9
9
9
9
9
9
9
9
9
9
9
9
9
9
9
9
9
9
9
9
9
9
9
9
9
9
9
9
9
9
9
9
9
9
9
9
9
9
9
9
9
9
9
9
9
9
9
9
9
9
9
9
9
9
9
9
9
9
9
9
9
9
9
9
9
9
9
9
9
9
9
9
9
9
9
9
9
9
9
9
9
9
9
9
9
9
9
9
9
9
9
9
9
9
9
9
9
9
9
9
9
9
9
9
9
9
9
9
9
9
9
9
9
9
9
9
9
9
9
9
9
9
9
9
9
9
9
9
9
9
9
9
9
9
9
9
9
9
9
9
9
9
9
9
9
9
9
9
9
9
9
9
9
9
9
9
9
9
9
9
9
9
9
9
9
9
9
9
9
9
9
9
9
9
9
9
9
9
9
9
9
9
9
9
9
9
9
9
9
9
9
9
9
9
9
9
9
9
9
9
9
9
9
9
9
9
9
9
9
9
9
9
9
9
9
9
9
9
9
9
9
9
9
9
9
9
9
9
9
9
9
9
9
9
9
9
9
9
9
9
9
9
9
9
9
9
9
9
9
9
9
9
9
9
9
9
9
9
9
9
9
9
9
9
9
9
9
9
9
9
9
9
9
9
9
9
9
9
9
9
9
9
9
9
9
9
9
9
9
9
9
9
9
9
9
9
9
9
9
9
9
9
9
9
9
9
9
9
9
9
9
9
9
9
9
9
9
9
9
9
9
9
9
9
9
9
9
9
9
9
9
9
9
9
9
9
9
9
9
9
9
9
9
9
9
9
9
9
9
9
9
9
9
9
9
9
9
9
9
9
9
9
9
9
9
9
9
9
9
9
9
9
9
9
9
9
9
9
9
9
9
9
9
9
9
9
9
9
9
9
9
9
9
9
9
9
9
9
9
9
9
9
9
9
9
9
9
9
9
9
9
9
9
9
9
9
9
9
9
9
9
9
9
9
9
9
9
9
9
9
9
9
9
9
9
9
9
9
9
9
9
