objectives;is_feasible;variables;evaluation_time;algorithm_time
[3.581097264000008, -2.499999999999082];True;[-3.698986823614838, 2.6369517563229863, -2.0537641408628993, 1.5787259462323213, -2.2531756113550125, -1.9434959576944086, 4.985141703900817, -2.9775225895843116, -0.12158017981303537, 2.4392271654108217];166.6929078999674;1580.608992399997
[3.4578355680000006, -2.0600778];True;[3.043112308726174, -3.678156518773914, 0.7760680527758002, 0.37026411811812654, 2.1270732912742263, 3.533394321366167, -4.203588120499698, -2.770177714091292, -3.3410425056685966, -2.9719935247056584];171.25489400001243;
[3.8173090320000047, -1.7558789];True;[-4.4416056318398525, 2.0034070546314995, 3.3712942195189033, 1.4618912459324909, -0.7918334331778931, 2.1913156746649864, 4.89532458938046, -0.21662777573966974, -0.5313730763272417, 1.58549982415101];164.24844420002773;
[3.866121360000002, -1.9472224];True;[3.539337072774339, 2.2107316535225054, -1.9863201131722596, -1.6512073718229447, 2.7442141728574985, -3.341275926383447, 2.261098342487032, -0.2314640527411349, 4.377994981592423, 3.8639898664283585];167.6889017999638;
[3.808743336000009, -2.49999999999808];True;[-0.430729936156494, 2.1026954228225447, 3.993791173527651, 2.876927431879218, 1.0983978538834185, -4.761681182090866, 2.112790001394278, 3.430159319358122, 0.4221491895802032, -1.7138126167352894];168.8290664999513;
[3.4022592000000076, -2.4999999998980837];True;[-4.559344985081876, -3.742397592734851, -2.9501721878909617, 0.9056737180334586, 1.1362154648297533, 4.529567865561612, 0.2679959080995271, -3.7966304875385015, -1.610724576624495, 0.13184955320070912];151.97749379999004;
[3.700236816000013, -2.499999999997519];True;[3.9253922999963216, 0.7094207933080074, 3.2588663897443677, 1.6535134879453741, -4.600326441605267, -2.5473276135778535, 1.6858541027985288, -3.6094542002336794, 1.7907474405203816, 1.8405589170578356];154.05291169998236;
[3.9979379520000133, -2.3407224];True;[-1.5319473326224253, -2.6032447560621175, 1.0527109121145433, 1.2636011662431255, 4.823887735141556, 2.369092903996557, 2.7299910065170083, 3.8703155635871784, 2.4663965085712825, 3.4489060709980652];146.66436679998878;
[3.5558833680000013, -2.4999999999976463];True;[1.598592855103254, 2.2066335832536774, -1.2772492132428424, 3.436609136435715, -4.242678116051257, 1.959143365767213, -3.527385779992666, -4.315091482216219, 0.6442183024996737, 0.9414230985905654];155.64748260006309;
[3.702375432000013, -2.4999999999992726];True;[-2.95481386732104, 3.0540594914025974, 3.391201654522529, 4.714495223923741, 3.473789226970492, -0.673008978520925, -3.860101980371642, -3.7987537879069655, -3.8660827126106923, 4.725483036388839];158.6570531000616;
[3.627750240000005, -1.422801];True;[-3.8737778201025455, -3.116550581746209, 0.8826315675900744, -2.4681355335187547, 2.9251064095262826, 3.789994297301396, -4.746961982591308, -0.059748912053922965, 4.531273317191909, 2.8875578976350713];152.67739560001064;
[3.5655297120000125, -2.3702034];True;[1.4806061152358563, -3.6088984592980866, 1.036491583975506, -2.0377259785909887, 1.9671643343069034, -0.92689368324982, -3.2978590721495626, -0.8779636062068068, 3.848981108814151, 0.28689547684630146];150.8260063000489;
[3.448329192000013, -2.2101084];True;[1.9698857258302516, -0.41989015753431325, 0.14757442968841072, 2.6396258409380415, -3.3018047489595546, -1.7636982184447403, -3.188705893098882, 1.0547295269547625, -3.8041155580830477, -0.8887276211870567];154.1272353999084;
[3.806180496000011, -2.4999999999994054];True;[2.488062086849105, 0.2606242776319556, 0.4950679427324438, 2.295759799586885, -2.8111787375625754, 4.7549212601905655, 2.140838724123907, -3.4696684116346055, -1.5122757791263264, 4.369900323040165];151.64033869991545;
[3.2747697360000076, -2.499999999998084];True;[-1.2295749148632815, 2.7436179576375554, -3.391766858302472, -2.7789592145966924, 4.176679973403505, -4.654702266242488, -3.3848872788738937, -4.650425123479191, -3.48359427914552, 1.0633359515890115];157.70915699994657;
[3.6343628640000123, -2.4999999997049267];True;[-4.160697773669824, 2.672387320247948, 4.890592939834445, -3.6790622855265376, -0.3487851490113165, 0.7346322110676597, -2.272571685450284, 0.8911878571242573, -2.4479982130992006, 4.7778558944426806];153.44088480004575;
[3.71052316800001, -1.8147425];True;[-0.07388065101840535, -1.580645336020484, -0.2922593437268901, 3.072407384406567, -1.3123695472735797, 4.3071434289486135, 2.9865935058575843, 2.3994959036793952, -1.6369480763691193, -3.2860768183528446];149.17533539992291;
[3.3726477600000138, -2.4999999999986784];True;[0.17515545584006453, -0.672249303966737, -3.646014553194392, -4.932609295259821, -2.0831992336427483, 0.08405835946132001, -0.22345084301524487, -1.5573099132628707, 0.36035446364316126, 1.4363633372466902];150.2794666000409;
[3.8344099680000103, -2.4999999999969273];True;[-1.6357666935818251, -4.597080316022496, 2.9808829433055193, 4.232721183204097, -0.36727842221704954, -0.46179501140415624, 1.3459227303279162, 3.1713575153736464, 1.8459405444683874, 3.804064600968653];148.6499036999885;
[3.6924340320000084, -2.499999999996537];True;[4.14364621907324, 4.582774590569832, 3.075605779975538, -4.090524108531113, -0.23680879297494162, -1.6909519396339823, 3.8861433766360225, -0.8266202366120332, -1.7925713377208163, -3.3046746630737767];155.87154449999798;
[3.7528185600000095, -2.499999999960024];True;[1.622110971333245, -0.19489890717265368, -3.6928663067102763, 4.626909867036273, 0.3440843719815021, 4.8113897381867705, -2.5793087153285943, 4.96220811893213, -0.5535632405258948, -2.8044563671068734];169.82298420008738;
[3.2254092000000014, -2.499999999997829];True;[-2.5807070580676426, -1.2333433759776637, -4.487862096531746, -4.351425497070908, -0.05573586033322542, 0.08452256512915923, -2.5013571945003035, -4.346155142584198, 2.934814333913157, -1.3382556357168998];152.63479919999372;
[4.002929496000007, -2.4999999999993454];True;[4.747196373852159, 4.500870542819433, 0.4668486221681123, -2.423097342831664, 0.5829210962115976, 1.547106460026039, 4.782130702249441, -0.6003841207619045, 4.923502525790376, -0.4062754570643712];147.56616060005035;
[3.4208118720000096, -2.499999999999488];True;[0.10743815520517064, -1.3670601691773667, -3.0712855102505343, -1.1329785050848518, -2.490673148197813, 0.2517050978967674, 2.8934667320145904, -0.7900215631910248, -3.7433805848988886, 0.5137192645787074];154.07305900007486;
[3.1046911200000027, -2.4999999999978573];True;[1.9634320455296672, -1.0380457107319963, -3.6310163894313154, -2.661993058109541, -3.7189821112224553, -2.526411535239821, -4.555348290090264, -4.878633172995082, -3.4904525878172867, 1.0731660203817475];161.26832310005557;
[3.76154107200001, -2.4999999998861138];True;[2.7444302156933436, 3.613476635562476, -4.0679018433985945, -0.4628826154686063, 4.179287216656331, 3.5553330644017773, 3.596010505680349, -0.8912992349334399, -2.5394974449845185, -2.7815325763003305];155.03165109991096;
[3.765829968000012, -2.4999999997529896];True;[-1.3350224287233736, 4.075178082247778, 4.497138232425218, -4.166967176684713, -0.9853232340031148, 1.6738532835585946, -0.9032525963535569, -0.8038201704969765, 0.43247916064609804, 4.65979039760909];153.6381912000943;
[3.5227725120000053, -2.4999999999388356];True;[-2.0418842107649238, -1.085196576483467, 3.572254116827171, -0.842527420623103, 0.3327638270947446, -1.5425023523981798, -0.06091796576465036, -4.180877182514868, 2.734943585243572, -0.9947073588855506];159.81542809994426;
[3.7894968720000035, -2.499999999999402];True;[4.59845728965424, -0.25464659553683955, -3.159155071531176, 4.717864528280801, 3.22375216443443, 3.951476643164293, -2.1724556148963927, -2.492095591974791, -3.4121049893923896, 3.238566026186957];153.25450999999885;
[3.409414848000003, -2.4999999999992504];True;[-3.215548114297758, -1.3404628041504942, 1.3715994551254802, 4.183240177783139, -3.7621640560028338, 2.996831903408271, -4.383102480310787, -1.8381736682032104, 1.1164210187717671, -4.485366282242565];154.8794796000002;
[3.6655351200000075, -1.080847];True;[-4.035910668087377, 4.3644526223145, 4.027975222290557, -4.150064272566548, 3.0004343227727617, 2.2629893431933743, 3.7619714850201955, -4.831282172831939, 1.1320885778556757, -3.031941014058436];162.6095738998847;
[3.9053957760000064, -2.4999999999994693];True;[-3.321126500832381, 4.69948622616238, -1.724322077132098, 1.574919761114403, 1.720164502560925, 3.615820699785882, 0.22152783839373047, 0.8088376330626108, 1.9835391597748506, 4.026513988862082];150.77387479995377;
[3.869271504000002, -2.4999999999990705];True;[4.413014692343319, 2.7524914357138774, -4.198340055766092, 0.631637229818419, 4.2326227305156845, 4.123708099937636, 2.328485622844835, 3.61359167499576, -1.62268579807873, -4.341557484826559];156.42223300004844;
[4.072624272000002, -2.3013231];True;[1.2114881949691796, 1.6945787754239507, -0.01763007862567445, 4.768680996136464, 4.298111462897188, 4.635296098195651, -1.7206232488681694, 3.1651979747476915, 4.294162905897007, -0.981844800965062];151.24972819990944;
[3.7116725040000076, -2.2810749];True;[0.8168493922146638, 3.506322648959543, 2.87361122238781, 1.1741891314163464, 0.9287262980907265, 0.26416884569672483, -0.16634048473468077, -2.204226771948705, -0.17551994711003527, -2.3810641809043287];158.1884538999293;
[3.3545031120000015, -2.499999999996666];True;[-1.153419025984408, 2.8575301304951655, -1.5260134933063219, -2.1832577084773366, -3.300007730302803, -3.325033848897696, -0.4663543956713152, -3.3198931295678347, -1.72202096631663, 2.2395454738391862];156.55667810002342;
[3.5590501440000004, -2.497887315];True;[-2.034316111118283, 3.6054491504782558, 0.35626820708300855, 2.2022484575721757, -4.999342595556623, -4.051503792329386, -4.2793496717266795, -0.05802305930066787, 4.949490677163039, 1.8799474654389474];157.4459971000906;
[3.36625912800001, -2.499999999997816];True;[-4.481462427726276, -0.44532407450787304, -3.973606131311158, -2.4380350476904256, -1.048511566568553, 4.1310918974990045, 4.099908642966126, -2.2014236187480374, -1.250908308929739, -3.746419291926806];155.21102970000356;
[3.683238696000013, -2.4999999999983036];True;[4.452078841958281, 0.7958349496736572, -2.6174423074087763, -3.543551676230262, 0.21510924520187746, -1.5971889163113264, 3.3170040001077172, -1.3425678510972627, 4.494549283865602, -0.8535130068993011];152.39802369999234;
[3.5301966480000004, -1.343623];True;[-2.9489919281105195, -1.4540963384413619, -0.011004164723819265, -3.696387766257242, 2.7382420561045, 2.5497741866900556, -1.283042969475944, -0.7018358619040557, 1.0128140613168117, 0.029580537427599474];152.71189589996357;
[3.4829101440000123, -1.6756717];True;[-2.17269661118096, 1.0807668048200805, -2.3550346746814954, -3.5203834975936954, 1.5270677501648064, 2.2730428472878152, 2.857474894891949, -3.0361266349508287, -2.0303185535000976, -0.5779411415977611];151.54109379998408;
[3.3543957600000036, -2.499999999997673];True;[-1.720526175173227, -4.443491173113073, -0.6536165473874771, -1.7781995414244003, -1.2023099535786406, 3.7172382924149936, -2.020103871885197, 0.6393628198886612, 0.3124687577082774, -4.754735057623166];154.92274229996838;
[3.5565858000000117, -2.4999999999932494];True;[-4.165794922103991, 2.4202612073670213, 2.3587317821257727, 0.566748452069195, -1.2937900968036997, 2.490861270517488, 4.306758822590599, -2.6642104154085713, -2.072354990276728, -4.490460500818639];157.71493859996554;
[3.586343040000009, -2.49999999995802];True;[1.930210692158881, 4.584981537531442, 2.154145293392485, -2.0609680008822084, -2.90514981206474, -1.4422842549931003, -2.5265817335512297, -3.649589089087546, -1.472039855787619, 4.221663336900823];167.64106159994844;
[3.2711018400000125, -2.499999999995758];True;[3.367798462598424, -4.689469805452347, -4.709794475604461, 0.2591959994569635, 0.7224635064851377, -0.865267234060183, 1.0141545621009262, -4.618059158444297, -2.9299090534422345, -3.311226679377679];158.46964189992286;
[3.460604472000001, -2.3436737];True;[-2.435479873383052, -2.7879124427183877, 0.3727856620225314, 3.7994650450574134, -0.48807503310459666, -4.435293137888921, -3.6554604854824504, 4.914998369512608, 2.727623326510721, -4.99951161896231];157.7056565999519;
[3.4750499040000076, -2.3138418];True;[1.4897106001279692, -4.056591982482387, -3.199266971360686, -1.4284153210296013, -3.0605555424205475, -1.8438219305003178, -1.1948414424631295, 4.875914131223645, -1.6392823671737777, 3.7391144076823952];153.5684154999908;
[3.857710968000014, -2.4999999999998055];True;[4.170416667448263, -3.209610929272051, -0.9493342683656492, 3.1985270389534293, -1.501659017731881, 4.197934758912986, 1.98633627500009, 1.5935074380487722, 2.596374732539731, -0.6847792529816843];149.4301949000219;
[3.678807456000008, -1.9857748];True;[-2.016040576443332, 3.7495672200993084, 2.1191134498689648, -2.0350868846692682, -1.1655723877581439, 4.838278180491672, 0.6059344506893138, -0.7055019406198344, 2.5147161061840784, -4.790231766063772];153.10775830002967;
[3.7209676320000136, -2.496157176];True;[-3.8848486244513234, -4.133668671146924, -4.341369904057874, 4.480812443441678, 4.4729260500816945, 3.393084648668129, 0.11626170998524898, 3.2520246595492353, -1.9388041210179061, 3.650596105046427];150.81468419998419;
[3.372770664000005, -2.4999999999991767];True;[-4.018728134240455, 0.1331164709979804, -0.05433009626743335, -0.4324597960773202, -1.512288284499662, 2.174337999042412, 4.633387899465495, -4.173918247384464, -2.8023300848881543, -5.0];155.88040699996054;7.4499312998959795
[3.8482754400000068, -2.499999999999414];True;[-0.9962849533585931, -5.0, 3.479503563769523, 4.73580041785732, -0.11416709372522504, -1.1239833357635391, -0.6089683686940326, 3.808066317372692, 2.285146760697269, 4.495757194716749];147.0048060999252;7.4499312998959795
[2.9389420080000033, -2.4999999999976343];True;[-5.0, -5.0, -5.0, -2.088130525347294, -1.2328602299309517, 2.8710377643491665, -5.0, -0.6879029885278491, -5.0, -5.0];155.88808589999098;7.4499312998959795
[3.621170664000001, -2.48610747];True;[1.2853233582780144, 1.03469469476879, 1.3321616174792164, 1.3236791537534192, -4.745970268353469, -2.931054052910026, 2.648795741518506, -5.0, 3.455017778567923, 2.0441267398830876];154.24172699998599;7.4499312998959795
[3.879293040000009, -2.4999999999995426];True;[5.0, -2.9777952618750443, -1.618061664673573, 3.3716395744368004, -1.6649845427826095, 4.2572826723282216, 0.023093013804421858, 0.8133344369946807, 4.259861292349953, 0.9325579830658981];146.64791759999935;7.4499312998959795
[3.929834016, -2.499999999999075];True;[2.9101567755117097, -1.7959174769089836, -3.6687562125297264, 5.0, 0.56581911800094, 4.789607130038817, 1.9897913537568366, 5.0, 1.5409397209013207, -1.5948623204741859];165.66264850005973;5.965444999979809
[3.236621544000007, -2.4999999999988516];True;[-3.634736051274019, -5.0, -5.0, -2.2481465492101966, -1.0092736299714868, 3.507700847215874, 0.3174209715250278, 0.16036662942058388, -0.5277594873604947, -3.9220094552644835];155.71534250001423;5.965444999979809
[3.732321456000012, -2.499999999997481];True;[-3.6771613468920092, 2.2707976017609095, -4.577922083228645, 2.3718992640891816, 1.9700178370591441, 4.1277017995045036, -0.5344945298371648, -0.8068586509157765, 1.2397998516537942, 3.2088983746369077];158.85666529997252;5.965444999979809
[3.4093020960000024, -2.2617969];True;[-1.8320103868305577, -1.1171422966704565, -1.0299458335240401, -3.8298876385123464, -0.8725560518681528, 0.04279760235118424, -0.6041201563716587, -2.4309492615237756, 1.6228269040782184, 0.6890378739918299];168.6054349000333;5.965444999979809
[3.8086102800000132, -2.1829689];True;[-1.572389493915522, -5.0, 2.1535531332431344, 4.197100137910294, -0.49546960155399944, -1.677151740323402, 5.0, 1.9018074644406813, 0.6588550094981649, 3.9582365475645567];146.8647930000443;5.965444999979809
[3.4291082160000097, -2.499999999996362];True;[-2.400360331324303, 3.0739932517795836, -3.195922528902319, -2.8608738372608604, 4.4517937898684306, -4.8984528785408585, 0.1842288820344029, -3.2892327697580903, -0.0011145143760744602, 0.49096479480258814];153.3962320999708;6.319871800020337
[2.7074260800000056, -1.348898];True;[-5.0, -5.0, 3.1438026629916465, -5.0, -5.0, -5.0, -5.0, -5.0, -5.0, -5.0];168.76677540002856;6.319871800020337
[3.648981096000009, -2.499999999999401];True;[3.6705828247647414, 2.4560435100946654, 3.213945539887245, -0.10992428656321174, -4.5132505554640705, -2.7982650889739404, 4.566124646403482, -5.0, -2.262285616009742, 2.5113247396961302];153.77042109996546;6.319871800020337
[3.4897523760000078, -2.499999999999485];True;[-3.767596508663539, 5.0, -4.152962661757708, 0.5087804198538395, -2.607775890448882, -2.05252126809365, 3.7347399537304717, -4.796080812157076, -0.2998439289010504, 2.7958477440836322];148.67199359997176;6.319871800020337
[3.7669084560000012, -2.4990327177];True;[5.0, 3.570263792623189, -1.8903528179155242, -2.9389805735496513, 0.39012721689456686, 0.6463250852897797, -0.3265224059092171, -1.2191861721781967, 5.0, -1.0377111537148416];147.65656260005198;6.319871800020337
[3.900312648000004, -2.4999999999981215];True;[-0.9143256889097433, -3.481113954489108, 4.298485546802178, 4.885163956859474, 0.5677985865588759, 0.09420986412919063, -5.0, 5.0, 3.336785768235252, 4.583026024057201];152.72830209997483;6.07420130004175
[3.35709792000001, -2.1233551999999998];True;[-4.916277967393124, 1.4234947280795565, 2.1951502146790727, 2.1078720553980315, -2.9092962572709427, 2.322110682964813, -3.333633492811777, -4.17842391172029, 0.5102039871542727, -5.0];153.88953579997178;6.07420130004175
[3.912360696000011, -2.4999999999988147];True;[-0.8477648774573412, 0.3517815552568617, -1.2656531539988638, 2.745411530571669, 3.2869579291667232, 2.8374726587238843, -0.697168348811406, -0.5076764922583665, 3.535990015449915, 4.488458658069582];146.79020640009549;6.07420130004175
[3.1609452960000004, -2.43504991];True;[0.49966030248134974, -1.2059669581556558, -3.999602927883026, -2.888929028129979, -4.946787646544777, -1.291237016600709, -0.5374068998830843, -4.477845025600522, -1.9198126199413386, -0.0920026539967429];153.6214763999451;6.07420130004175
[3.1604057280000126, -2.499999999998026];True;[-2.144390368813113, -1.8558938306068162, -5.0, -4.682901043586863, -0.1705334723061318, -0.8855829732585621, -5.0, -5.0, 4.751554406348571, -0.8971723703318588];153.4425091999583;6.07420130004175
[3.3121414080000133, 0.1853760000000002];True;[-3.206336067508442, -3.2559872873370854, 2.304944137831888, -1.9521943724407036, -1.2861959044893752, 3.05892617627393, 1.284974204018381, -2.32902912010574, -3.47921611425357, -5.0];158.94647880003322;6.191241399967112
[3.4144657920000125, -2.499999999997659];True;[-2.014200925649929, -2.7714748945954297, 1.7088168220191724, 4.752171922985534, -4.088134938076369, 3.103186751875871, -4.431348623538543, -3.273234903724176, 1.58404047703831, -3.6926956665504544];152.85960569989402;6.191241399967112
[3.374159544000013, -1.475364];True;[0.7893433989284802, 2.6801028753654856, -2.6051134450134987, -3.7358503785349706, -2.5594042755460835, -0.09977744258007704, -4.0063998338311455, -2.2809382224179564, -1.0474326096139874, 1.876540522135497];158.44117620005272;6.191241399967112
[3.512963088000004, -2.43664998];True;[2.5016241873928777, 2.8291412004029244, 2.219851608855911, -1.5484191872669402, -4.293269212129202, -2.389778464765881, -5.0, -5.0, 4.247605893763524, 1.8704099110129118];158.65116410003975;6.191241399967112
[3.8224632240000114, -2.3290576];True;[-0.5960359715104104, -5.0, 5.0, 5.0, -0.06637694015509421, -0.3627807531035163, -5.0, 5.0, 0.9784526259209558, 4.812622339277013];152.3931003001053;6.191241399967112
[3.409633872000009, -2.4999999999967453];True;[-4.553253069754317, -1.1129182168742835, 1.464090074878305, 4.566698151139374, -4.32459958286999, 2.380749951216975, -5.0, -0.9546820900468491, 2.914468253411827, -4.727130433631979];156.63041710003745;6.715301999938674
[3.4038969120000067, -2.499999999999486];True;[-0.08214941286320254, -4.986126925827691, -1.2365805502824472, -1.7324574864253477, -1.7853383272922319, 3.55014898645163, -4.2846339930848005, 4.7661939642279005, 1.1787635562285974, -5.0];156.32673450000584;6.715301999938674
[3.332295072000002, -2.4999999999986082];True;[-1.4292068522082597, -3.0978101243231766, -1.3936435189643328, -1.3690037096336671, -3.9096963979391735, 3.3960823792529187, 1.369055141473905, -2.1948414176176545, 0.7019661436017968, -5.0];157.58084690000396;6.715301999938674
[3.317090832000005, -2.4999999999992286];True;[-2.9352483459209138, -4.9739441141885585, -1.3710410722525985, -1.6216443469450508, 0.9110444319786826, 4.2479670765818085, -2.8785007333778125, -0.3603888959098871, 0.3507974604157198, -5.0];160.91222910000943;6.715301999938674
[3.393099504000005, -2.0937427];True;[0.02723979308776059, -2.5342951041892214, -3.8206297803543325, -5.0, -2.225373881358614, -0.288796889430202, 2.4316472720622127, -1.463302762382686, 1.9802790021918195, 0.7811955595307305];150.46621819993015;6.715301999938674
[3.9299227920000095, -2.4999999999971214];True;[-1.4944682601632708, -3.954970601001744, 3.4388104292669404, 4.426071026173625, -0.19094787381753076, 0.21344252431424682, -1.4961153620489567, 4.968307463238663, 5.0, 3.8307431545471555];146.745788399945;6.856079300050624
[3.284646120000012, -2.499999999998329];True;[-2.2165160323305626, 2.939124783675352, -1.4265935083032328, -1.7220718948831406, -3.7345841877707855, -4.053323056848441, 0.03207913186302225, -4.082560822982153, -2.809671152407101, 1.941045230514371];152.23872869997285;6.856079300050624
[3.7088359920000036, -2.0398367];True;[2.0431054397631963, 1.3251970050892092, 2.933260843819352, 0.9411562746334532, -5.0, -3.269740045934005, 4.907435597390723, -1.8274126838059797, 0.9712084458502783, 1.481170428298885];150.78320920001715;6.856079300050624
[3.6531535680000005, -2.3487289000000002];True;[4.611858128955182, 0.0379633318995527, -2.772401464023261, -3.781304254667443, -0.033423448652537324, -1.5455876907037203, 4.557446689084889, -2.557090032390935, 4.993108226017322, -1.583086581596147];151.1095542999683;6.856079300050624
[3.3640598160000064, -2.4999999999993823];True;[-4.733646038752601, -1.172812225177693, -4.24197654664327, -1.9485856038100255, -2.54480856698154, 4.148408351018309, 5.0, -0.2684364732055826, -1.7307888517725196, -3.9638586060754974];150.25319129996933;6.856079300050624
[3.388172328000011, -2.4999999999974007];True;[-0.5117498660067499, 1.3437426039137588, -3.596213564541175, -1.9531724145441167, -4.677232797949762, -4.983185203896642, 1.1509155155627724, 2.4979192953419407, -0.11627339685097748, 0.5050829894893694];152.68476929992903;6.0394838999491185
[3.436097328000001, -1.217566];True;[-0.7908940732289693, 0.5708560314850066, -3.726913938793901, -2.9633283053153145, 4.08777208748328, 0.6326714220083556, -2.905215201334182, 0.6728124572634551, -4.831965349817243, 1.132785555705488];156.71014280000236;6.0394838999491185
[3.959587368000006, -2.4999999999993756];True;[1.9393269434804044, -0.09913199540874462, 0.922755073390018, 2.0886909288844056, 5.0, -1.0429690051532798, 1.9683519158472853, 0.5938353121584674, 1.9161293764409546, 2.827237398587532];152.27740050002467;6.0394838999491185
[3.3785145360000075, -2.4999999999494245];True;[-1.2891104020193023, 2.17958432109263, -3.689812971409844, -3.9979086708200784, 4.985865951779584, -4.979356588509054, -1.3071327687791539, -4.291017719144563, 0.7644584602518956, 0.8371212176424958];157.8268385999836;6.0394838999491185
[3.3137130240000063, -2.499999999996157];True;[-2.873532254976274, 3.2454602854266597, -3.5546186042455084, -2.1834093576250337, 4.501312393793729, -5.0, -0.5563506915713621, -4.607121586441811, -3.2277777140854695, 0.4686310139882952];157.0442126999842;6.0394838999491185
[3.93588936, -2.499999999999469];True;[-4.903530198309473, -0.20026924910042254, 3.010261308025049, 4.591380043998559, 3.8226889709680503, 0.3082496043437244, -4.081423225422766, 5.0, 3.4106961797467505, 4.0590407203611445];151.44700220006052;6.1891091000288725
[3.61453644000001, -2.4999999999991727];True;[-0.8151370603010157, 0.9835740946695442, 1.5049114149189435, 1.6163958055962162, -1.2919799692483593, -2.548019642760111, 0.8502569960392403, -5.0, 2.937059110682293, 1.9025644096052687];155.86969810002483;6.1891091000288725
[3.528547272000013, -2.1020027];True;[-5.0, 2.863164616467029, 0.2150549418869696, 0.2928507145272752, -1.9591253853180284, 1.9516326939900441, 5.0, -0.4104614073325994, -1.794421979789345, -5.0];152.81300329999067;6.1891091000288725
[3.7538903520000084, -2.4999999999918967];True;[5.0, 1.8495468260545191, -2.101550450133238, -3.145026438629425, -0.9562656208519176, -1.2088200912787177, 1.2532527674967797, 3.0985370959056837, 3.7986833962806283, -0.9971145266368504];152.4649483000394;6.1891091000288725
[3.3700946400000014, -0.962421];True;[0.17693334146436612, -2.9812279755412026, -2.3303628543365273, -1.196391591563279, -5.0, 3.4618040036712046, 0.4722508138661521, -0.6296995516958672, 1.8495869121718318, -5.0];151.76455299998634;6.1891091000288725
[3.311337888000004, -2.48895628];True;[-0.12474841359024058, -0.005108309949873657, -3.7465337569322474, -4.704349309147449, -3.8276994078899067, -0.17375279157082524, -1.5159418206251756, -1.943047530565762, 0.5584363600353726, 1.5854225959735828];149.50044750003144;6.4124916000291705
[3.738571416000008, -2.499999999911282];True;[-2.5341308962913245, -4.26260016116864, 3.3957902967677693, 3.8471854925757416, -0.4215976171046254, -0.5170409493358026, -0.7395218848548204, 3.2206375396063223, 0.34247083732893024, 3.550812104274158];148.85695839999244;6.4124916000291705
[3.795266232000008, -2.499999999998895];True;[5.0, 1.8037341351560299, -2.2853568993811972, -2.862550357222237, 0.2260678115828032, -2.065899438407473, 3.662373961690493, 1.2559765011199673, 5.0, -1.2275557563514012];152.5385782000376;6.4124916000291705
[3.8037865680000116, -2.4999999999994658];True;[-1.6467502834664893, -1.9800779953765564, 3.250595663312687, 4.710600331475954, 1.5013021268036608, -0.7912514434761118, -3.0008599574444546, -1.3062089655409297, 3.9328243679456207, 4.231050483313139];150.0084257000126;6.4124916000291705
[3.6679759200000106, -2.49999999999778];True;[5.0, 0.8727946097786354, 3.5168204916657757, 1.4152866972341558, -3.900701954556123, -2.325412666122802, 0.05544798675438223, -5.0, 0.6576641284616525, 2.3217972437770973];158.75454460002948;6.4124916000291705
[3.702300048000012, -2.499999999986444];True;[0.7286541842730978, 1.2884126850571835, 1.156034894262083, 1.307163078518089, -2.1862760123704676, -2.34958878645857, 0.5181689344503404, -2.721588096448351, 4.263981707320722, 2.197835590264841];151.409819399938;6.090176499914378
[3.338557992000002, -2.4999999999966263];True;[0.728944791803273, 2.231738304107508, -3.443812625085429, -3.1702266779247563, 1.9966648374996163, -5.0, -1.0463761325303738, -5.0, -0.5182692990987441, 0.584193909550903];158.64944379997905;6.090176499914378
[3.529994688000013, -2.499999999998792];True;[-2.4740522322490834, -0.5865981995508216, 3.7274918385460296, 0.15567073192879022, 0.9169139219044409, -2.9597740116072133, -0.4393380480966238, -2.0356098405591174, 1.049478216874756, -1.1285255762232413];152.10820800007787;6.090176499914378
[3.6320013360000014, -2.48633392];True;[2.0272702564316223, -1.1790560446423899, 3.505047259686428, 0.292136694983375, -1.1877114602760348, -2.038061148958976, -0.15439661278335048, -5.0, 5.0, -0.31704136705589825];157.0921151000075;6.090176499914378
[3.41692279200001, -2.499999999994257];True;[1.2806613492699022, -1.3789794429636677, -3.1804960568485248, -1.1159220361733317, -3.727033801431316, -1.03173874578331, 3.216885823921798, -0.40068971693117117, -3.5899526651653852, 0.918131591384876];151.66724579990841;6.090176499914378
[3.6237987360000083, -2.4999999999986335];True;[4.718730343919113, 2.6970947073364684, 3.3469547545903957, -0.5905469586702052, -4.7468814005919375, -2.4646908848881837, 3.5533857053048834, -5.0, -3.5528322557772634, 2.6072453424498683];153.05376200005412;6.154952500015497
[3.5013664800000037, -2.4999999999673617];True;[-4.904352556418701, 3.9151063395106522, 4.7306693968030356, -4.0295177573068495, -4.966492515015394, 1.2335899633214087, -3.2372037607067776, -2.345558542379418, -0.4959593309777244, 5.0];151.73420299997088;6.154952500015497
[3.859132464000006, -2.499999999884707];True;[4.788163164425757, 0.33028788911973006, 3.4134077774019005, 2.2730974892359646, -4.094112545665969, -2.6264292223085444, -0.3612717140574304, 3.609331600874272, 2.621060483778461, 1.5100121169196736];151.0462118999567;6.154952500015497
[3.228903000000005, -1.11739];True;[3.3992047348684817, -1.1805041606420734, -3.598902895591817, -2.5143176425439266, -5.0, -3.0851208527214835, -3.720730442427829, -0.41881121049870096, -1.5732652594546126, -0.021296294669960858];152.5555668999441;6.154952500015497
[3.0505738320000115, -0.452353];True;[-1.4634188683484801, -1.05842857034704, -3.895882274361356, -2.6805465844382965, -5.0, -3.2304837446278154, -1.9605538444205148, -5.0, -2.4076759999150004, 0.7272508335122261];157.59920349996537;6.154952500015497
[3.2997784320000085, -2.4999999999987237];True;[-2.1098948278012046, -3.2457667135554322, -1.2213749621037957, -1.3690246377332702, -3.6232225550709436, 3.4004593314926606, 1.69381077051057, -3.9140292303849877, 0.9396556746925722, -4.983091205486978];157.37706329999492;6.760655599995516
[3.9153741120000056, -2.4999999999988143];True;[5.0, -3.491174943138569, -1.6446563996404375, 3.4003889914522194, -1.5809014757625062, 4.287009127567462, 1.6725249959813384, 1.6237072817354248, 4.459257059634519, 0.34117710236974474];147.01420700002927;6.760655599995516
[3.212722224, -1.7880874];True;[2.2057078874454783, -1.1200826147178682, -4.017270527145813, -3.0072957193285914, -4.825366268237024, -0.7388734154338215, -0.1923142452856661, -5.0, -1.6719311474808767, -0.095428271086889];152.33863570005633;6.760655599995516
[3.860124552000008, -2.49999999999905];True;[-5.0, -2.5322653925018295, 3.747992935751384, 4.224279093309972, 0.8847685226336202, -0.042215066528498824, -3.9738520268509223, 5.0, 5.0, 4.200762128442783];147.96699600003194;6.760655599995516
[3.6726514560000005, -2.2961527];True;[5.0, 1.720449501976816, -1.2321827800206324, -2.287717440225043, 0.05309870625095048, -1.6976384586835822, 2.328915763651999, -2.422245183822509, 2.5530442020554434, -1.1855588209038412];151.0769151999848;6.760655599995516
[3.240647784000003, -2.499999999999121];True;[-5.0, -3.424822288125317, -2.1107432790261536, -2.217305308870578, -4.010807941851542, 0.5987439385782602, -2.131998233854697, 4.3264093060666315, -3.7778432473303063, 0.5783402721948239];148.86060749995522;6.227014600066468
[3.616658640000006, -2.499999999998637];True;[5.0, 1.9797921702443642, -2.3429346081418814, -2.7419756382848153, 0.769743811125525, -1.6977107624225392, 1.5553732920835897, 1.5518764715383169, -3.8801722377429964, 0.04386024452958104];150.79373849998228;6.227014600066468
[3.6927081360000056, -2.499999999995151];True;[-2.320201186610251, 4.747359268713925, 3.536989990385276, -0.24967209934678625, 1.0507811456947724, -2.7862993728711842, 1.8172895350758322, 2.2007452421487015, -2.771333191076268, -1.46695001112613];147.79768499999773;6.227014600066468
[4.025630232000005, -1.8132869999999999];True;[3.1128091656528767, 2.9322907781494667, -4.413753488993709, 1.1571250813557823, 3.8450495002850875, 3.5062324989743114, -0.17148727584649315, 4.7123157802645, 2.2536733524493746, 2.237516552733635];148.7757490000222;6.227014600066468
[3.5250798240000076, -1.5877729999999999];True;[-3.049787560814905, -0.2346201134370265, -3.525965416178343, -2.5581442718141663, 2.4731402627340104, -4.842749841554019, 2.1632520857444435, 4.781860528119662, 2.966479416477541, -2.175318391768065];150.0045849001035;6.227014600066468
[3.5078877360000122, -2.499999999999098];True;[-5.0, -3.330466026582728, -4.385885076333469, -2.2814844753626167, -1.4179118092277325, 3.920974606799639, 5.0, 2.587123516071257, 1.6009702917511062, -1.4910912392211397];150.72206660010852;6.584928900003433
[3.7299579840000123, -2.1436949];True;[5.0, -0.2909114058061659, -3.49787213879081, 4.832798005483918, 1.732319741129161, 4.40967075688452, -1.9994515024091335, 0.320653481751604, -1.3243737563752416, -3.699577990078993];152.04681229998823;6.584928900003433
[3.5594015760000013, -2.499999999997912];True;[-1.4283176870017966, 1.1573597658725507, 3.571742869715788, -0.2493050220767703, -0.13860817105500356, -2.3228263121411437, 0.15112692289172536, -2.6121314345989295, 1.2620999971465334, -1.804044773931234];152.3579409000231;6.584928900003433
[3.713899896000003, -2.497198072];True;[-4.153247518937534, -3.820513212166076, 3.525047450249419, 4.599317076679354, 1.0092000507507795, -0.3610309795653883, -1.5209273168742552, 3.3369043753046856, -0.2751647201434597, 2.4002502423768206];151.45777159999125;6.584928900003433
[3.1812164640000056, -2.4999999999965836];True;[-5.0, -0.9401877069818472, 1.5444936646975158, 4.582805975520721, -4.375226597627178, 2.742470238297205, -5.0, -4.386504655928355, -4.095542092448179, -4.993770680392588];158.23084249999374;6.584928900003433
[3.4392325680000084, -2.4999999999983613];True;[-1.7301753807245381, -2.5374903102316595, -0.6066444772739601, 2.57393969604648, -3.8122553767193597, 3.2485406627777795, 0.9561335606119421, 0.4282447876521678, -1.4965731002817542, -5.0];149.64714990009088;6.260471799992956
[3.836956608, -2.4999999999977875];True;[2.667946103622503, -0.20605578219291942, 5.0, 0.7067581390515212, 5.0, 5.0, -5.0, -2.7317620035971832, 5.0, -5.0];154.23586830007844;6.260471799992956
[3.135057696000004, -2.2281516];True;[-1.0649761436607506, -1.331976741712575, -3.8255905738627605, -3.8197996835329437, -4.914446219054331, -1.6281198434975424, -0.5431003826107332, -1.4393028515776694, -3.005114257540961, -0.48601511075361703];151.28728780010715;6.260471799992956
[3.8164910400000087, -2.4999999999272795];True;[1.3829829280471673, 1.6551849499378388, 3.188222809490359, 3.8316275545996987, 3.679876551152436, -0.2950307926273874, -4.903896395345705, 1.298453748900421, -5.0, 4.651941195779939];152.65643129998352;6.260471799992956
[3.8296884240000133, -1.5713452];True;[-3.8897834798305553, -3.929853365127459, 3.397746752963572, 1.891806628913848, 0.18070022654504214, -0.4797783280024168, -0.6780028336335926, 4.671235741634815, 5.0, 3.9363204304754813];147.54356679995544;6.260471799992956
[3.9034025280000053, -2.4999999999990963];True;[-0.8143261526776886, 0.30113772893797996, 3.4546153837221443, 4.356093784395711, 1.0969326146547402, -0.5590284896618174, 1.3627837417238737, 5.0, -5.0, 4.314870722270616];154.0358022999717;6.961032300023362
[3.3368073120000066, -2.499999999996649];True;[4.545064696286095, -3.5787083011769822, 2.1607001782267368, -1.6151417715187644, -3.554007277384642, -1.6964025674863392, -5.0, -5.0, -2.381800090886419, 3.4021050980891054];154.96190120000392;6.961032300023362
[3.6030834720000016, -2.0681686];True;[-2.2880323332371786, 3.4125973188025114, 3.331978683090215, 4.347579754471036, 0.5982092777948491, -0.28775514574060335, -5.0, -3.875153495287423, -5.0, 4.370012540035098];158.15556079999078;6.961032300023362
[3.6526425120000097, -2.499999999997067];True;[1.348350705086495, -3.7776195309367595, 3.4786037264933327, 0.05401097521338105, -1.4905861129654068, -2.571879338254532, 4.069903277060586, -5.0, 5.0, 0.7930261924590001];153.609107999946;6.961032300023362
[3.229222464000009, -2.499999999998447];True;[-1.482841372396988, -0.29697334804527387, -3.388708070572978, -2.6453476076929356, 4.976133273946187, -4.985344274019922, -1.773473475913851, -5.0, -5.0, 1.897621841379161];155.42935849993955;6.961032300023362
[3.107888784000007, -1.7374629000000001];True;[3.8014645740534476, -1.284606621579675, -3.5897055118323706, -2.659274007613114, -4.267098857415386, -2.163262049094161, -5.0, -5.0, -4.253559965456036, 1.0997707629243205];155.39431759994477;6.246792300022207
[3.994758216000011, -1.7816789];True;[1.0907543192615723, 4.875732671544199, 4.6159654274084705, -4.079263735458307, 0.7969826633928374, 1.4526470804735192, -1.6467729794561619, 2.025090123558013, 3.6113761129475765, 5.0];149.19168479996733;6.246792300022207
[3.790037736000007, -2.3282229];True;[2.540155790784188, 2.25878793834784, 2.304191993101165, -5.0, -5.0, 5.0, 3.388626626525868, 2.1129036923035693, -4.255725731520656, 4.915765757234457];148.8489873999497;6.246792300022207
[3.244166640000004, -1.6861879];True;[-1.0740607862629292, -5.0, -4.433947754086708, -2.164457160759951, -0.7850682038736148, 3.7307484963547584, 1.7733299463927041, -0.6067425507190425, -5.0, -3.446920543742328];152.68036519992165;6.246792300022207
[3.774943872000003, -2.499999999997771];True;[0.9031419703601564, -0.45746126918243846, 0.4613583393707934, -2.0838422512648553, 5.0, 1.4653622564301472, 5.0, -0.35662363218638493, -1.0103216730713234, -1.3556635030039677];150.08808739995584;6.246792300022207
[3.7893562560000067, -2.3190925];True;[4.5601095062481605, 2.3786037569305805, -3.0311646610633685, -3.4958387925876675, 0.47385309992950564, -1.7541043916389794, 2.7856689705620976, 3.2660795696786415, 3.383075389032461, -0.3331070760641621];148.45398780005053;6.602016299962997
[3.7405938240000074, -1.5443506999999999];True;[-1.3597624481499215, 0.75402263373645, 5.0, 0.8868813302277188, 5.0, 5.0, -5.0, -5.0, 5.0, -4.3054906964185085];155.958215199993;6.602016299962997
[3.419998848000011, -2.4999999999981317];True;[-1.0586740669228298, -3.379328858385604, -0.96746644736477, -1.4972963003279465, -3.731515845718648, 3.353622389883686, 1.5682473539759334, 2.545350464436332, -0.6996647283461987, -5.0];149.30738619994372;6.602016299962997
[3.8776730400000012, -2.491876215];True;[4.717787910438076, 5.0, -4.0912241930865045, -0.06996526314638896, 4.249692487754125, 3.8603064179017537, 3.6727797722443043, 2.6857750216590768, -3.348439683812584, -4.354833957385292];150.20464280003216;6.602016299962997
[3.448351440000011, -2.3642546];True;[-2.913062865461965, 5.0, -1.116811971806329, -1.7585209984896317, -3.4464887280147036, -3.867376608109899, -0.15091617542588143, 0.7765082081814798, -2.507085731498628, 2.429642957705793];149.1070179999806;6.602016299962997
[3.1837648320000023, -2.4999999999977662];True;[3.7920037088588323, -5.0, -4.694554233430989, 0.18528446952396393, 0.7442350415575874, -0.9368639154506351, -4.994576641106355, 0.4638952474931477, -5.0, -4.362864900509565];161.4546283999225;6.788013300043531
[3.1435881840000124, -2.499999999998877];True;[-1.1205225728897048, -1.5556735665892263, -4.058055720478967, -2.522176610738443, -5.0, -1.1935210993338612, 0.31489076145719697, -5.0, -1.2344160157140003, -0.29404725954120536];154.20536999998149;6.788013300043531
[3.5689343040000017, -2.2993043];True;[-1.97529580173101, 1.008169081496785, 3.6171684038251453, -0.4045114967172907, 0.4929388882411363, -2.3183568619240633, 0.3057950963820595, -2.3946980323956657, 1.2532618074997695, -1.5560146153411254];149.6574072999647;6.788013300043531
[3.7446803280000025, -2.4999999999875397];True;[4.173948105617717, 3.146760218867497, 2.8769744642851407, 1.4924853113136507, -4.2737988668299165, -2.4440641386728377, 0.4756260094876197, -4.786261145850023, 2.928284566013007, 2.57488581545096];153.50359019997995;6.788013300043531
[3.6236112480000084, -2.4999999998089475];True;[4.508202364017839, -1.1112632517451493, 3.257783685625327, 1.249864441412777, -4.27812513803284, -2.3941153395925934, 1.9145785865510057, -3.197840709109854, -0.8728343864093082, 1.4835314384684803];154.85712410009;6.788013300043531
[3.5136637920000076, -2.4999999999988556];True;[-1.9565649571056989, 3.0404134139420815, -1.4892722763440878, -1.394650535900896, -3.7528937513260368, 3.355059896150582, 1.8287314075992924, 5.0, -4.436991076188935, -4.724195201855572];153.49308050004765;6.812446400057524
[3.895239024000005, -2.4999999999996017];True;[-3.8511961961286145, 4.067827884740126, -2.8347605737703643, 1.5464387028218773, 1.6108946764221557, 3.9927116691224533, 0.7085281348902175, 0.8520625971352409, 5.0, 2.042648952261663];147.51811850001104;6.812446400057524
[3.5207593920000004, -2.4999999999993454];True;[-4.108574530322029, -4.938981711881139, 5.0, 0.8073757498792657, -5.0, 3.065874617011948, -3.398180468225763, 3.4347274587748284, 5.0, -4.064105709837338];147.87939120002557;6.812446400057524
[3.4364396880000037, -2.499999999913002];True;[0.18848665412090426, 1.041332444979819, -3.698059738606593, -5.0, -1.8826157190858925, 0.42377787741274275, -1.8118561706615899, 1.001961939821192, -0.7523401054900667, 2.3837730007199633];148.2882884000428;6.812446400057524
[3.740829480000013, -2.0909514];True;[-1.2417641898253873, 5.0, 4.118337255335815, 2.7092352082835696, 1.0951523296922758, -4.654435618111572, -4.5931755053805, 4.879129213227566, 1.1417903120351225, -2.4677445103980618];158.86611940001603;6.812446400057524
[3.669349680000003, -2.1154303];True;[-0.6652398942764783, 5.0, -3.2082135691525098, -1.7157276785889906, -4.44442615573705, -5.0, 4.955668530198595, 3.8739293966871404, 3.280878070024338, 0.6004292114350793];151.82901510002557;6.156890999991447
[3.371551560000005, -2.4999999999987708];True;[0.06356338395611782, 0.3313832976322555, -3.168792537335993, -0.6820056660166482, -2.617374380294356, 0.1969957100804205, -4.42954578117769, -0.07885907229060507, -1.023166354280192, 0.29812680431919514];153.370799300028;6.156890999991447
[3.4091115840000077, -2.4999999999939218];True;[-3.9781578235635573, 5.0, 1.5363061970207603, 0.6890683954190324, -1.26454992568785, 2.427373141237334, 1.0010119600505991, -5.0, -4.781858362984076, -5.0];155.41026899998542;6.156890999991447
[3.5910468720000006, -2.1364164];True;[2.977935901246279, -5.0, 2.221582123702354, -1.8313370543878413, -3.258483253938848, -1.6163210852775234, 5.0, -3.4562126054181745, -0.24976179286769185, 4.264763362096614];151.49048729997594;6.156890999991447
[3.448908720000005, -2.49999999999722];True;[4.000350923960571, 0.3890535136158322, 3.164622649526578, -0.5301996248964898, -4.3658410593396475, -2.5334118931503173, -0.6064293986438187, -5.0, -5.0, 2.953565247073704];155.66901779989712;6.156890999991447
[3.902055552000003, -1.9449238];True;[0.08695177391261666, -0.18756886777764592, 4.110965942062277, 2.846786813687779, 1.1022293938674466, -4.8688329858026576, 5.0, 0.8756198479586068, 4.8517290199323995, -0.3671686629536639];151.52513179997914;6.6348851000657305
[3.76986787200001, -1.7413943];True;[-1.209986636033626, 1.0780084377950416, -0.9208157462351121, 3.926169046505679, 3.3328851906585175, 2.8324687120203675, -2.955551121228118, 0.646221366695082, 5.0, -4.398481263732623];154.64596849994268;6.6348851000657305
[3.746749176000014, -1.5025979999999999];True;[5.0, 0.5474199897355936, -1.8651051857810814, -2.73057482451283, 0.1739807249640286, -2.2098391504176016, 3.739117606328236, -1.877377923251475, 5.0, 0.4829918128233821];152.83975310006645;6.6348851000657305
[3.544198848000002, -2.3264816];True;[-1.8915255505963309, 1.2758115916428636, -3.908461731933616, -2.702582350310843, 4.665856475241622, -4.917843382063665, -4.770225525093033, -0.17882982979743467, 4.311109365135971, 5.0];155.88251169992145;6.6348851000657305
[3.9174354000000022, -2.2613439];True;[2.267439820188377, 3.9680348335473656, 0.11205312517850619, 3.4055363388683677, -2.8463684668041256, 4.767896158588, 1.8841639941807644, -5.0, 5.0, 0.6040203843234648];155.62275330000557;6.6348851000657305
[3.7514126160000103, -2.499999999997729];True;[-3.1508180042610032, 3.9683325434673318, -3.123244127494272, 1.8700458241585514, 1.7706099709675884, 3.889148959637499, -1.6176637821037532, -3.23457451269419, 2.8439476999126097, 3.260745279149438];149.85586409992538;6.1437465999042615
[3.4479071280000135, -1.208051];True;[-5.0, -4.0385433517025255, -1.1079725703099519, 5.0, 5.0, -5.0, -0.27063225242253, 5.0, -5.0, -2.157510538010172];157.244980199961;6.1437465999042615
[3.5456955120000133, -2.4999999999983062];True;[1.2936135684113417, -3.9089727283792444, 1.2639089300043373, 1.567339495470522, -4.5994886398889765, -2.759440678298269, -0.3253302057707046, -2.807656111785342, 5.0, 2.228604394025197];150.7924139999086;6.1437465999042615
[3.5010742320000094, -2.499999999965738];True;[4.561053074548507, 3.259435836190441, 2.176166636724048, -1.668625927332808, -3.4667971020868027, -1.6618422729036997, -5.0, -1.3656212242262002, -5.0, 3.053019338938178];154.08461709995754;6.1437465999042615
[3.774847104000001, -2.3328317];True;[-5.0, 4.923494103127222, 5.0, -1.3419249001869353, 5.0, -5.0, -5.0, -0.9776770332248059, 5.0, 4.957574684534379];157.4979703000281;6.1437465999042615
[4.0596286320000035, -2.499999999999252];True;[-2.5173228625842907, 1.4070584712304885, 5.0, 1.5179513137219791, 5.0, 3.7039779232037127, 5.0, 5.0, 1.63410711227543, -5.0];151.41774249996524;6.004918800084852
[3.8612872800000004, -2.4999999999989564];True;[-2.0882547508131144, -1.0849881463147337, -2.4243707288696736, 4.720954401824621, 3.478808315482631, -0.5833110967460122, 4.997841638591897, -4.016134307849715, 5.0, 3.5627678294491325];149.54610619996674;6.004918800084852
[3.8054793600000023, -2.2605812];True;[-1.321770568136313, -1.3357002359881767, -1.1489534543061897, 2.7760290975750745, 3.4242985731048474, 2.8418965256347137, 2.895817543321898, -0.20359793343457433, -3.820713084695067, 4.872316942352965];149.54822880006395;6.004918800084852
[3.8048827680000064, -1.8200344];True;[5.0, 2.1746561896341543, -2.405658322405207, -2.88098361253784, 0.2594294027795403, -2.034222566338881, 3.897662722664453, 2.390649527517146, 4.8171453748072, -2.2667199700909495];148.0820635999553;6.004918800084852
[3.8561238000000135, -2.499999999998924];True;[5.0, -0.5656944625256504, -0.9299802239665835, 3.115860965259964, -1.5871758293216027, 4.1328737874826835, 2.2323292782383604, 0.934159233887403, -0.800102219872965, -0.20800306281631453];149.8251473000273;6.004918800084852
[3.4633344960000034, -2.4999999999982445];True;[2.196763220589231, 4.484884813786254, -3.7266873565342515, -5.0, 0.45797910594291125, 4.800440874403561, 0.5717116294536826, -3.4550200815105576, -5.0, -2.1905042027860095];148.8064193999162;6.710570499999449
[3.420147456, -2.1672635];True;[4.303385590884988, -3.1729525652919146, -4.76275243993358, -0.4649916231347522, 0.7281055224018402, -0.895081558595578, -5.0, -0.7691742439917926, 5.0, -3.8264098479657584];151.99289530003443;6.710570499999449
[3.642283584000011, -2.4999999999985874];True;[5.0, -5.0, 3.6971950773750866, 0.1211620860297078, -5.0, 5.0, -3.597742764716064, 3.4204198604345812, -1.2085630708081094, -1.0081896403038715];146.94570050004404;6.710570499999449
[3.6031446000000105, -2.4999999999991833];True;[-0.7149082900120298, -3.768663680346182, 3.3915429868619142, -2.714764664731663, 1.3253952946198524, -0.5765713066542286, 4.439987406214735, -4.682915872461713, -1.3266202278483794, 4.239758431126802];149.12865019997116;6.710570499999449
[3.5690649840000033, -2.495466962];True;[-1.5524647526103075, -5.0, 2.196937594517486, 3.9984452865265805, 0.4382731677266314, -1.479015168574045, 0.21903689633561907, -5.0, 5.0, -0.7867356521217586];159.26316129998304;6.710570499999449
[3.452412888000009, -2.499999999999147];True;[-5.0, -0.3591608999023119, 5.0, -2.2469870795161153, 5.0, -2.059154414077313, 3.0303417614795, -1.9760109255932692, -3.755083540217764, -4.999991558060825];153.1406360999681;6.440437200013548
[3.1627063440000103, 1.744395];True;[3.1255926463561003, -5.0, -4.318349036970091, -4.57499788408217, 0.7628436551897568, -0.9814616250983912, -2.8895399017741124, 2.9021766893207896, -5.0, -4.804666988815169];157.36248030001298;6.440437200013548
[3.729418200000001, -2.499999999998967];True;[-0.3170554881473464, -0.9113693155064153, 3.983169282739995, 4.924329618569482, -0.328495012387223, -2.212186664315783, 4.361953284102732, 2.7722332012505815, -5.0, -1.8143268479675676];151.45484689995646;6.440437200013548
[3.0868225200000046, -2.499999999994628];True;[-0.24332512240465753, -4.940731168241914, -3.987638547618726, -2.626997143224927, -4.905728873536198, -4.967982215129715, -3.203638673844815, 1.7816882219965313, -1.6371399821915684, 0.4399522733931027];157.03734879998956;6.440437200013548
[3.89974500000001, -2.4720759];True;[1.618597905080592, 5.0, -1.3088162066457483, 5.0, -4.259890380286231, 1.9939000161388147, 3.943469523865746, 3.930405077273276, -3.535512569312175, 0.9615903957946204];151.07357289991342;6.440437200013548
[3.558402360000004, -2.4999999999986238];True;[0.6026113513093154, 3.0995857292130093, 3.4531791766111155, 0.09386049315073208, 0.8071067417691999, -2.2324860405423834, -0.853046044602852, -4.521350226951784, -0.6677727161420419, -2.240853440859011];153.27845390001312;6.362977300072089
[3.428578584000003, -2.4999999999979];True;[5.0, -5.0, 1.7578494434419847, -2.1419024407950165, 1.0904088651531048, -3.8318092499474115, -1.245675665901977, -0.5334381644457658, 1.4350989118413615, -5.0];157.57623200002126;6.362977300072089
[3.687665832000003, -2.3682679];True;[0.36346878916837255, -4.348254452616098, 5.0, -1.494260071253275, -1.0042668655006217, -4.991414424304235, -5.0, 5.0, 5.0, 5.0];153.03975370002445;6.362977300072089
[3.2065765920000073, -2.499999999996801];True;[2.768379064239909, -5.0, -4.650408567006298, 0.8937028090765908, -3.148783997579269, -0.9301455906900493, -1.0730044578660274, -1.7596776154436355, -1.6412428498623646, -4.206179293992073];152.34427819994744;6.362977300072089
[3.493778400000008, -2.499999999973916];True;[-0.6468336687476208, 0.7165269666356755, 3.477970093496161, 0.18843313988621713, -5.0, -2.4601022603032723, 0.5703851698833438, -1.7249624054049746, 1.6890223089884842, -2.261406426334731];151.33672750007827;6.362977300072089
[3.745736568000008, -2.4999999999982387];True;[-4.616170155849934, 5.0, -3.0328145168624596, 1.1797676709308602, 1.3299657955011126, 4.351219976009638, 0.1686150426168629, 4.774150337712253, -3.8388193581413157, 0.8978004406738718];152.3080459999619;7.329362699994817
[3.3681450240000133, -2.4999999999983387];True;[-3.6322837594712505, 5.0, -5.0, 4.310804908699922, -0.795095558989221, -5.0, 0.7299290641624108, -3.4399587731809564, 1.3860168764737457, -4.826763098021967];160.2526754999999;7.329362699994817
[3.567324456000012, -2.4999999999932734];True;[5.0, 3.7099564346176805, 2.1100569284512165, -2.597779235620503, 1.1552224981352435, -3.996567589600674, -4.288117792308453, 1.2098351038000832, 0.6512959670529614, -5.0];161.0026680000592;7.329362699994817
[3.4190078400000017, -1.8274898];True;[-5.0, -1.0863700016592555, -4.772628451538717, -2.3763615473474706, -1.214520176796949, 3.603657192259387, 4.859959354444591, -0.3890399642347733, 1.6595749114991811, -4.196859686711662];153.41598849999718;7.329362699994817
[3.101067288000012, -2.4999999999940967];True;[1.392550593969636, -1.183051499898236, -3.4136866678421685, -2.5391713745840248, -3.4608079262209, -2.644037354648535, -4.325258058561882, -4.367079491249367, -4.260309710438346, 1.168771432312119];155.3114757000003;7.329362699994817
[3.5480512080000026, -2.4999999999993268];True;[-0.7232637830765967, 2.1937674565459577, 3.468650858938121, 0.011851229438884836, -0.9173257445463987, -2.3006802281125616, -0.12563532939383748, -2.3212223459556665, -0.36325710418907065, -1.8612615703807651];149.6621024000924;7.037414100021124
[3.6607533120000117, -2.4999999999991442];True;[-3.769845033385937, 5.0, -3.1440903779136473, 1.0463735960288476, -2.4511568949790954, -1.9874914024169548, 5.0, -5.0, 5.0, 2.5855233711411065];152.6946648999583;7.037414100021124
[4.042682136000009, -2.499999999998944];True;[-2.092187018629387, 3.910329220313141, 4.575312023459443, -4.082212487583891, -1.0738646243674155, 1.4518662766177792, 2.6245128252248247, 5.0, 5.0, 4.647433924379243];149.23323159990832;7.037414100021124
[3.873795624000004, -2.499999999997835];True;[3.3489181426915344, 5.0, 5.0, -5.0, 5.0, 1.007572335351366, -5.0, 0.6065682246942652, 5.0, -2.820652853481619];156.76839330000803;7.037414100021124
[3.5063305920000065, -2.4999999999974274];True;[-4.348024974199382, -0.40749849205548205, -3.1513023131701683, 1.270159303256781, 1.3478646661657834, 4.351391653847763, -5.0, 5.0, -5.0, 1.067533360177154];157.72911270009354;7.037414100021124
[3.6223146000000095, -2.499999999978378];True;[3.15582148632261, 4.098651101384277, -3.6998530246737538, -2.7229624759478, -1.1995225825325035, 4.275020244853025, -3.924803176453201, 4.019728372957619, 0.21036602821216643, -3.712693293138379];151.86561560002156;6.5505620000185445
[3.2240885760000113, -2.499999999099817];True;[2.4603721103812903, -4.944323786144466, -4.506039112167717, -1.7910464523225214, -5.0, -1.2440485022526633, 0.13749606743474452, -3.313297127254314, 0.8657358389749161, -0.6014603655995971];150.63812989997678;6.5505620000185445
[3.451635504000003, -2.4997055939];True;[-5.0, 3.2973974612378285, 0.75165697919571, -5.0, -2.045500695533806, -5.0, 2.4649823297500504, -1.6770490495052726, 5.0, -0.19355940325051169];149.93190109997522;6.5505620000185445
[3.5125531200000113, -2.3024945];True;[5.0, -5.0, -4.0258496703069655, 2.4080565014308117, -4.009105714221041, -5.0, -2.216031769195955, 5.0, -1.7388528951149147, 5.0];157.18666889995802;6.5505620000185445
[3.312533664, -2.4999999999989417];True;[-3.0692733650685162, -5.0, -3.6616536625752456, -2.892997399314216, 4.682590166713327, -4.905967686262707, -0.26219779893528816, 1.202478488675581, -1.0582451095217262, 1.1233270859868707];151.1246370000299;6.5505620000185445
[3.9275403120000023, -2.499999999998798];True;[-0.3052547575042155, 4.578468927446298, -1.3442976027481106, 2.757588675479181, 3.157809606951327, 2.841867559688586, -5.0, -1.1309769754325423, 5.0, 4.0753640802472155];155.45183049992193;7.655981600051746
[3.515220936000013, -1.099124];True;[3.663598293836573, 1.2856618176050514, 1.5803701877277456, -2.240716874511045, 1.0848651157823044, -3.8631766973155717, -5.0, 0.8528149390063202, 3.1782695433427754, -5.0];161.246626200038;7.655981600051746
[3.6649577520000003, -2.499999999997423];True;[2.9381484627932455, -5.0, 1.0482029401321382, 2.313287358985157, 4.878291681762196, -0.9614635353175425, 2.350316537264213, -5.0, -2.907205298968164, 2.814392617525632];154.33616940001957;7.655981600051746
[2.956455720000001, -2.4999999999982725];True;[-2.275048492809994, -4.816908831646199, -1.0113880860739188, -1.0257600976909127, -3.9963116986925744, -4.118781590662001, -4.881552259459671, -5.0, -5.0, 1.7987142836011172];164.8920611999929;7.655981600051746
[3.590880552000006, -2.0134186];True;[0.32230207291079616, 5.0, 5.0, -5.0, 0.5773636275206346, 5.0, -4.988974645959554, -3.455131153310476, -0.723192418100103, -2.687913143952824];161.67414650006685;7.655981600051746
[3.488078808000006, -2.499999999991133];True;[-5.0, -2.6318612433071737, 0.12001474511029464, 3.4105845816135254, 4.42929805148399, -5.0, 4.643396055174993, -2.7910013617584433, 2.104713288754737, -5.0];160.54080919991247;6.770326600060798
[3.8833577280000116, -2.499999999995913];True;[4.90904778926873, -0.8809731105810652, 3.490590052404425, -0.2864141400423099, -0.3137890003106705, -1.61663633167192, 5.0, 2.378663321643227, 1.1039811253888558, -1.1994037574921168];153.33438479993492;6.770326600060798
[3.123820512000011, -2.499999999997886];True;[1.5353487863924755, -0.7822861996095192, -3.7219335133161593, -2.674431711448532, -3.328014039584642, -2.5814807778587525, -4.503176103529873, -5.0, -2.5780344664598145, 1.0553058339078323];155.40972720005084;6.770326600060798
[3.7629068400000105, -2.497927295];True;[5.0, 5.0, -3.666569942121967, -5.0, 5.0, 1.1875392020230047, 4.487689397213865, 5.0, -5.0, -5.0];158.39896200003568;6.770326600060798
[3.516395760000013, -2.499999999998855];True;[4.867114378624915, 2.903739045823518, 2.2876139388191135, -2.6630652046115855, 1.1749251262886347, -4.0276493212596005, -3.67109377636944, 0.09446777126727124, -0.36996950359502545, -5.0];159.32789900002535;6.770326600060798
[3.819795840000001, -2.499999999998761];True;[-4.168165035143227, 5.0, -3.7614665140701558, 3.0748042069353314, 5.0, 3.789088413413115, 5.0, 5.0, -4.291858462370419, -5.0];157.38788190006744;6.340596799971536
[3.5113750560000074, -2.499999999997495];True;[-1.6211590484510516, -5.0, -1.0336960261150097, 1.6220178273438277, -1.4967462926397532, 2.8932501718219514, 5.0, -5.0, 5.0, -5.0];158.8733417999465;6.340596799971536
[3.3451695360000033, -2.0089518];True;[5.0, -5.0, 3.0298219557428165, -2.3881451741181636, 0.6748280728069567, -3.6475475451728236, 5.0, -5.0, -5.0, -5.0];158.53228330006823;6.340596799971536
[3.7130568480000097, -2.499999999999061];True;[-0.012906472092413246, 3.446569615495788, -0.4281148789761504, -2.062564431827825, 3.6272745649758757, 3.6388773077446164, -5.0, 5.0, 1.4916266182841085, -5.0];158.99370509991422;6.340596799971536
[3.260239632000006, -2.4999999999924802];True;[3.582172949964839, -4.998429504935946, -4.188790588472589, -0.887003788141242, 5.0, 4.279286399294289, -5.0, -5.0, -4.0502166103515265, -5.0];161.58471069997177;6.340596799971536
[3.464092872000002, -2.4999999999929106];True;[-5.0, 5.0, -5.0, -1.8253304273341033, 5.0, -5.0, 5.0, 5.0, -5.0, -5.0];156.05530489992816;7.171640899963677
[3.506312232, -1.6691294];True;[-5.0, -5.0, 5.0, 0.1292632337567774, -5.0, -5.0, 5.0, 5.0, -5.0, 5.0];154.73218789999373;7.171640899963677
[3.7503451440000086, -2.497441619];True;[5.0, 5.0, 5.0, 1.4270883672406596, -5.0, -5.0, -5.0, 5.0, -5.0, 5.0];161.0116646999959;7.171640899963677
[3.3955200000000128, -2.497778212];True;[-5.0, -5.0, 5.0, -5.0, 5.0, -5.0, -5.0, -5.0, 5.0, 5.0];161.94723539997358;7.171640899963677
[3.2639073120000055, -2.0446767];True;[-5.0, 5.0, -5.0, -1.0931878296668667, -5.0, 5.0, -5.0, -5.0, -5.0, 5.0];162.9323374000378;7.171640899963677
[3.3955200000000128, -2.44424987];True;[-5.0, 5.0, 5.0, 5.0, 5.0, -5.0, -5.0, -5.0, -5.0, -5.0];165.8507942999713;8.995721600018442
[3.8435074560000118, -2.4999999999942055];True;[5.0, 5.0, 5.0, -4.259828472158199, 5.0, -5.0, -5.0, 5.0, -5.0, 5.0];159.38143810001202;8.995721600018442
[4.259520000000003, -2.495187734];True;[5.0, 5.0, 5.0, 5.0, -5.0, -5.0, 5.0, 5.0, 5.0, 5.0];149.13976769999135;8.995721600018442
[4.259520000000003, -2.3734741];True;[5.0, 5.0, -5.0, 5.0, 5.0, 5.0, 5.0, 5.0, -5.0, 5.0];154.2891893000342;8.995721600018442
[3.427308072000007, -2.48000935];True;[5.0, 0.1663246724737153, -5.0, 5.0, -5.0, -5.0, -5.0, -5.0, 1.3053502451455232, 5.0];164.54499960003886;8.995721600018442
[4.13412033600001, -2.4999999999979354];True;[5.0, -5.0, 5.0, 5.0, 5.0, 5.0, -0.8055371136755314, 5.0, 5.0, -5.0];150.62201549997553;10.857867499929853
[3.556436328000012, -2.4999999999668896];True;[2.7139728265080096, -5.0, -5.0, 0.09210817083324052, 5.0, 1.298803214701505, -5.0, 0.07601918586761158, -1.7310648996246774, 5.0];149.92196049995255;10.857867499929853
[3.7747105920000052, -2.44600159];True;[5.0, 5.0, 4.52186532799268, 5.0, 5.0, -2.1624632617205393, -5.0, -5.0, 0.19570014265236502, -5.0];167.98089610005263;10.857867499929853
[3.6559144800000083, -2.497555323];True;[4.4797679588043255, 5.0, -5.0, 2.0011682203367034, 2.920376094709793, -5.0, 0.500026505643099, -2.846058526695326, -5.0, 5.0];157.62117620010395;10.857867499929853
[3.354526008, -2.499999999995046];True;[-0.2852797802295308, -5.0, -5.0, 0.6620213379128455, 5.0, -5.0, 5.0, -5.0, 1.50082176223777, -3.7754421051740312];156.6866541999625;10.857867499929853
[3.6115200000000067, -2.1309768];True;[-5.0, 5.0, -5.0, -5.0, 5.0, -5.0, 5.0, 5.0, -5.0, 5.0];150.99701049993746;7.557402900070883
[3.3955200000000128, -2.4999999999989537];True;[5.0, -5.0, -5.0, 5.0, -5.0, -5.0, -5.0, 5.0, 5.0, -5.0];158.17097910004668;7.557402900070883
[3.8275200000000007, -1.9764708];True;[-5.0, 5.0, 5.0, 5.0, -5.0, 5.0, 5.0, -5.0, 5.0, -5.0];153.21985280001536;7.557402900070883
[3.3955200000000128, -2.0849459];True;[-5.0, -5.0, -5.0, 5.0, -5.0, 5.0, -5.0, -5.0, 5.0, 5.0];150.08400779997464;7.557402900070883
[3.8275200000000007, -2.1479211];True;[5.0, 5.0, 5.0, 5.0, -5.0, -5.0, -5.0, -5.0, 5.0, 5.0];157.89490870002192;7.557402900070883
[3.4910671680000034, -2.4177037];True;[-5.0, 5.0, -5.0, 5.0, -5.0, -5.0, -5.0, 5.0, -0.5765254737441738, 5.0];158.65725639997981;7.488335000001825
[3.4585405920000007, -2.41970944];True;[5.0, -5.0, -5.0, 0.7261364313899161, 5.0, -5.0, -5.0, -5.0, 2.191483278430474, 5.0];159.91738700005226;7.488335000001825
[3.5541417600000043, -1.8916315];True;[5.0, 5.0, 5.0, 2.343606481195276, -5.0, -5.0, -5.0, 5.0, -5.0, -5.0];163.17665229993872;7.488335000001825
[4.043520000000009, -2.3178724];True;[5.0, 5.0, -5.0, -5.0, 5.0, 5.0, -5.0, 5.0, 5.0, 5.0];153.52110610005911;7.488335000001825
[3.8275200000000007, -2.2426522];True;[5.0, 5.0, 5.0, 5.0, -5.0, 5.0, -5.0, -5.0, -5.0, 5.0];159.40843219996896;7.488335000001825
[3.8275200000000007, -2.013575];True;[5.0, -5.0, 5.0, -5.0, 5.0, 5.0, -5.0, -5.0, 5.0, 5.0];155.75627040001564;6.381816899986006
[4.043520000000009, -2.2839517];True;[5.0, -5.0, 5.0, 5.0, -5.0, 5.0, 5.0, -5.0, 5.0, 5.0];151.89671460003592;6.381816899986006
[3.179520000000005, -1.9452105];True;[-5.0, 5.0, -5.0, -5.0, -5.0, -5.0, 5.0, -5.0, -5.0, 5.0];153.90480670006946;6.381816899986006
[3.945538080000005, -2.4999999999968363];True;[5.0, 5.0, -5.0, 5.0, 5.0, -5.0, -5.0, 5.0, 0.4637950263136803, 5.0];156.53607590007596;6.381816899986006
[3.4578420480000096, 0.159713];True;[5.0, 5.0, 5.0, -2.1147319726220095, -5.0, -5.0, 5.0, -5.0, -5.0, -5.0];157.8930819000816;6.381816899986006
[3.9593685600000095, -2.1736709];True;[-2.5686293869755223, 1.5465716325611716, -4.53563646246528, 3.2268376219586923, 5.0, 4.092975122685758, 3.7828310618399925, -0.9137263932338531, 2.9840177072976806, 3.488868638154912];149.71461819997057;6.568111200002022
[3.737056608, -2.2166904];True;[1.600444802684172, -2.0726431878749967, 3.459288899296247, 0.16627902826211827, -1.7167382648826375, -1.7539685828191995, 5.0, -3.3088104509808023, 5.0, -0.5620106891966117];150.76541009999346;6.568111200002022
[3.4264585440000053, -1.9166296];True;[-0.982745794983936, 0.4934303815596186, -4.105096781573516, -1.6478582726397315, -2.3148671369975156, 4.288547470649776, 0.1571120889780575, 1.122381887748432, -1.425280829114794, -4.153265541492922];151.27114099997561;6.568111200002022
[3.766762872000007, -2.499999999999528];True;[-3.794534933334227, 2.23910336394657, -3.015583353591772, 2.5089125990181325, 1.1104134366308127, 3.991529899354685, 2.1975892751064388, -1.6526291487950622, 0.5297646700480065, 3.0726118620667613];149.17116489994805;6.568111200002022
[4.2107202000000035, -2.499999999998948];True;[4.437797437122894, 5.0, 5.0, 3.9811314534836484, -0.21999159123265954, -5.0, 5.0, 5.0, -0.4582004888814133, 5.0];150.4061307000229;6.568111200002022
[3.8532073680000027, -2.4999999999985323];True;[-4.391159260316289, 2.7105348174615482, -3.4755238346936537, 2.2489029930627913, 1.55893938772474, 4.017349549058093, 5.0, -0.9550246880427835, 1.396187584058164, 3.079052712146032];144.0786985999439;6.7563981000566855
[3.7970233920000123, -2.4999999999984572];True;[4.379385795065975, -2.6393552879963322, 0.09647983418958361, 3.4715956131057357, 4.3885161425098485, -5.0, 5.0, 2.5297655773994965, 1.3617244546638663, -5.0];151.67578449996654;6.7563981000566855
[3.7244921040000127, -2.3072671];True;[-2.6836916439728595, 3.999537665279586, 3.571384281289232, -0.04168174619743681, 0.9228734669287162, -2.5082801626198585, 5.0, -0.24826496115614471, -0.9096383623713873, -1.8720602399054327];147.1723762000911;6.7563981000566855
[3.1823243280000026, -2.4999999999993436];True;[-1.2510597704630202, -5.0, 5.0, -5.0, 0.08732087411889644, 5.0, -5.0, -5.0, -5.0, -3.706447527455533];157.0731255999999;6.7563981000566855
[3.603173328000003, -2.0419471];True;[2.9925744405976946, 0.8692501671860668, 2.327494024525004, 1.1706759685364378, -4.399046691897262, -2.5490531904724225, 0.738842147013143, -5.0, 1.1943772716236634, 2.2684632853746125];150.64011829998344;6.7563981000566855
[3.718832256000004, -2.4999999999984066];True;[2.5795174708650324, 2.539932398240115, -4.107332865484629, -0.005804213573997075, 4.437980132746851, 3.9219253023118075, 5.0, -0.4233417268469575, -5.0, -3.9747090348941914];152.6733266999945;7.743567900033668
[2.7851929920000016, -2.3968972];True;[-2.997685044188737, -5.0, -2.249617009095013, -2.120072936441573, -2.251730679536635, -5.0, -3.6367519827911003, -5.0, -5.0, -5.0];164.66082200000528;7.743567900033668
[3.58083612, -1.9203540000000001];True;[5.0, 2.389932415839877, 5.0, -5.0, 2.5797230956976254, -5.0, 4.302552289344675, -5.0, -5.0, -0.6927524507110263];159.41148769995198;7.743567900033668
[3.3332709600000094, -2.2163152999999998];True;[-2.06725928929139, -1.8593947759949678, -1.1352699091642933, -5.0, 2.6502384371966734, -1.293592769934805, -1.2347215723356477, -3.636599018331175, -4.305298536533101, 5.0];151.84955420007464;7.743567900033668
[3.567079296000003, -2.499999999997432];True;[-2.1760638912284405, -2.4429594980173026, 1.251455838113694, 2.160789123554898, 0.9012056868084839, 5.0, -2.599100550051527, -4.306583400274936, -2.127112001320865, 2.2809409920548953];153.92071009997744;7.743567900033668
[3.8426125680000034, -2.4999999999994533];True;[-3.3918484016812656, 0.11328380298979646, 3.482730343051209, 4.954732932679985, 5.0, -0.8695056861681083, -0.9250485465588962, -0.40908459938918895, -1.903889327965877, 4.64735551892611];149.0916074999841;6.791405200026929
[3.7912093200000023, -1.6750999];True;[4.833352945857662, 5.0, -0.02268165593940541, -2.6342007233812064, 2.556697394526992, 1.360933516836667, -5.0, -0.9918542591955779, 3.6944689051805106, -0.4777591778729997];154.6718323000241;6.791405200026929
[3.8670080400000084, -1.138797];True;[3.127854037231364, 0.4859255645232885, 5.0, 0.9096801176146796, 5.0, 5.0, 0.9393158663543142, -1.6878684235175916, -1.9467673174774958, -5.0];153.03700080001727;6.791405200026929
[3.7488506400000094, -2.499999999997957];True;[4.458119665202577, -3.2335279761316995, -1.1725439265389337, 3.2734643046952563, -1.995810080908225, 4.18681232499865, -4.042141010340439, 1.9256787155442323, 2.7352618221613714, 0.22259664712351146];148.15487420000136;6.791405200026929
[3.435144768000012, -2.240253];True;[-1.8683355236505568, -3.890251095027884, 3.530486292845614, -1.0286645595182362, -1.5932208802266095, -1.1794635771357216, -0.5618733578520105, -5.0, 4.326092420375762, -0.9002857381135971];154.84878439991735;6.791405200026929
[3.703121928, -2.490587756];True;[4.401887727227795, 1.5179206614949496, 3.449615301325391, 1.0587191489357188, -5.0, -2.60059207169222, 2.096836891650982, -2.6380195967916844, -0.4828906564029598, 2.437356682563422];147.15509589994326;6.169607299962081
[3.9963188160000023, -2.2196225];True;[-2.276015890336886, -1.3685798483200724, 3.5365323084976907, 4.4474902185661325, 0.6380977528316887, -0.6802925098394672, 0.010824787684830639, 5.0, 5.0, 3.5066980499755793];145.03861950000282;6.169607299962081
[3.7345425840000086, -2.1281533];True;[-4.059978951694016, 5.0, -3.7823150410894772, 2.1800545687250397, -0.30366888191638886, 3.93880069299456, 0.2795776014017237, -1.1649402776131539, 0.5461323660275852, 3.0618237212061423];149.62462239991874;6.169607299962081
[3.3361422480000096, -2.4999999999967915];True;[-1.370316061027908, -4.151702469308912, -1.1565408094160001, -1.8058356792470946, -3.7251362321339405, -3.6444843480142275, -0.988043053276825, -0.13668470680513423, 1.9997188843239622, 2.230058347805331];152.80191430007108;6.169607299962081
[3.606910992000001, -2.4999999999957945];True;[-0.42601880984584994, -2.905804180136085, 3.8779100749936894, 2.9822447758632116, 1.5355987786395806, -4.727850458605181, 3.209806794556819, -1.2102668848016211, -0.3143984017796484, -2.2346070698207896];150.63498460000847;6.169607299962081
[3.2616133920000125, -2.48748076];True;[2.0317845704396973, -5.0, -4.611116430845469, -1.3728480449403428, -5.0, -1.4205376263889038, 1.5716305462083922, -3.205874954051147, 1.5132115109086417, -0.705626101502105];154.4241606000578;6.693118999945
[3.557850264000004, -1.6606191];True;[2.493257804697948, -1.1436858866113142, 3.55190125132793, 0.21560291894279082, -0.2742803713780946, -2.396197152531566, -5.0, -5.0, 5.0, 0.0686816370997212];154.98637120006606;6.693118999945
[3.7985755680000066, -2.4999999999984355];True;[-2.2779389498703573, 4.77087179141183, 4.55462780834965, -4.1530584717854815, -2.0524636443908957, 1.5337516488167857, -0.7111179202561759, 1.6058216003677863, 0.6787705807209585, 4.710696029043758];149.83816919999663;6.693118999945
[3.6705428640000095, -2.499999999950512];True;[4.936877176979284, -2.5769979079201226, -2.930140838027329, 5.0, 5.0, 4.138720624062882, -5.0, -5.0, -3.958862896466022, 3.122970441950713];154.8085772000486;6.693118999945
[3.101518296000014, -2.499999999995366];True;[-1.5036496290862607, -4.638075251798312, -1.2802795300038206, -1.5041027201284263, -4.121333964219275, -3.781800869503395, -0.5969988382898404, -5.0, -3.0908102996671545, 1.9058478736344284];159.29580840002745;6.693118999945
[3.582698904000009, -1.8242162];True;[-3.5861361186718357, 0.1966814003265398, -1.6366875804112055, -5.0, -2.212192550030344, 2.7244242007002697, -5.0, 5.0, 5.0, 3.179594250726341];152.75971659994684;6.354773300001398
[3.4346067120000074, -1.187678];True;[0.1671040261951049, -5.0, 5.0, 5.0, -2.7705880566966554, -5.0, -5.0, -5.0, 2.8602981228349016, 1.5527529922681005];158.79256039997563;6.354773300001398
[4.109711904000002, -2.3983089];True;[4.758131461377021, -4.554439315527475, 4.5074404818599, -3.65932113127292, 2.024490700015419, 1.537148536454712, 5.0, 5.0, 4.413762380740593, 4.037232976040135];146.45368959999178;6.354773300001398
[3.187375272000012, -2.493536002];True;[0.275348465665636, -2.4053297302392735, -4.1736157300296295, -2.057840208267672, -5.0, -1.3368982780808252, 1.0131216315323455, -5.0, -0.4842419618929483, -0.4669125441942805];153.15057369996794;6.354773300001398
[3.3119042400000103, -2.4999999999599662];True;[-4.271067084257314, -5.0, -0.796622715432667, 1.9706377519342508, -3.7991901504302463, 3.10073880539173, 4.0533683121721324, -4.963414667296294, 0.8344614183540617, -5.0];154.72344420000445;6.354773300001398
[3.393825480000001, -2.1056174];True;[0.48253887152952846, -1.5987411922971226, -3.0203177112109922, -0.6453754236239053, -3.2318194679323105, 0.208951125622022, -0.2330886921096873, -1.716270527269923, -0.5610460886888795, 0.2367292048483982];144.97447130002547;7.376441800035536
[3.4178442480000126, -2.1387125];True;[-0.28166136985790047, 2.475171417087541, -5.0, 4.685756681761946, -4.046996941033331, -5.0, -1.9864816944037438, 1.1308583892023805, 3.975382770218534, -4.918513803312811];151.00735450000502;7.376441800035536
[4.321694088000011, -2.2565324];True;[2.2954977994785057, 5.0, 1.8009024362350399, -5.0, 4.590281461904858, 5.0, 4.191767321263246, 5.0, 5.0, 5.0];141.40676250006072;7.376441800035536
[3.955836744000005, -2.49999999958715];True;[4.8571324760046934, 2.507195890433712, 0.9607023305020252, 2.6837892754488246, 5.0, -1.0406502977493814, 0.5407018896653231, -5.0, 2.9361907493491257, 2.495539358234505];149.6190981999971;7.376441800035536
[3.8671071840000044, -2.4999999999981224];True;[2.1071127911124083, -3.7241955855614313, 3.161185503120027, 3.9842708243626372, 4.85015275449814, -0.5016250738663546, -2.934480437916621, 5.0, -4.819735078675242, 4.710047074856689];153.21821119997185;7.376441800035536
[3.626365032000006, -2.499999999998406];True;[3.1995182777810722, -1.8307506649258176, -0.20688265579203247, -0.777189383154993, 0.6513806605080461, 2.3045573421665333, 4.5016995960048245, 1.1551204058715836, -3.31021122497046, -5.0];152.0414229000453;7.624378299922682
[3.5276227920000016, -2.2132855];True;[-5.0, -3.1455503022233184, 4.563760618861437, -4.31168201717702, -2.7924217845293464, 1.4878986053721999, -0.09111777631165463, 2.4511329241170996, -1.5497940998543083, 4.503674011314942];141.83627400000114;7.624378299922682
[3.3230738160000133, -2.4999999998100297];True;[-4.31665634042408, 1.665114958516484, -2.0143139028941413, -2.328071589192535, -5.0, 0.6610004260020457, -1.6945504502031477, 1.4598912333414136, -2.0729816442449733, 0.2866087885365687];150.6215213999385;7.624378299922682
[3.479759136000002, -2.499999999998528];True;[-4.5016104563379296, -3.925885868024572, 1.2594690917216136, 1.3804590971127384, -1.1514605355722867, -2.611102600536012, 1.3847258257753907, -3.7683171997557867, 3.7895641755367873, 2.0441738940171614];149.49819549999665;7.624378299922682
[3.9195802800000012, -2.1149125];True;[5.0, -0.4149744318157431, 3.4795121926476895, -0.3604936499711311, 1.9226027575005098, -1.6163092858959995, 2.633431017746446, 4.213802809057725, 0.848698559425543, -1.4442263321260187];146.82865600008518;7.624378299922682
[3.583942416000005, -2.2175553];True;[-4.823726850766046, -1.9726375707978523, -3.8222648334511895, -1.8228001095732616, -2.7134513702977885, 4.514811564733581, 5.0, 1.9711281827603369, 3.3511493036216464, -0.958976246168227];156.72141120000742;6.452366400044411
[3.8677262400000076, -2.1619407];True;[5.0, 3.5119686758113993, -2.5981895570824105, -2.8302151887766396, 0.5168070369161342, -1.8762058395452224, 3.5676967083053253, 4.997356784027463, 4.0716833189526795, -2.499463985145045];157.773568399949;6.452366400044411
[3.2639433840000036, -2.4999999999967093];True;[1.8607505920141874, 1.3939112717954671, -3.122483929748898, -1.9992914266612822, -3.1462410661372164, -2.673542994138515, -4.476606343760684, -3.1810930002289153, -1.8095645642041185, 1.0626463554310472];164.81272570008878;6.452366400044411
[3.754125360000013, -2.0037835];True;[-3.7187989749154893, 4.254020713871608, -2.981480674147887, 1.6558813186456778, 5.0, 3.767407062788781, -1.6527837317700445, -1.524305383809204, 0.48572969048414727, 1.3164447244523902];159.79089119995479;6.452366400044411
[3.5230805280000026, -2.4999999999970925];True;[1.2037872031834231, -3.4374110196922376, -1.061339604010688, 4.319579392306597, -5.0, 2.3139154507677215, 3.954326833069322, -2.8930567894340706, -5.0, 1.5057759004323588];167.43510880006943;6.452366400044411
[3.3685158960000128, -2.499999999999286];True;[-4.7499586815083035, 5.0, -5.0, 4.060795891169871, 0.6177115860840319, -5.0, 2.0871319536412525, -3.5797125826280034, 0.10581358127725426, -4.791959766228536];154.03261809994;7.115286099957302
[3.7083955680000114, -2.4999999999964317];True;[1.7634606487987767, 0.9149229997236148, -1.1976495990232272, 4.35803778406375, -4.769412592081522, 2.1166373066227386, 1.8386458411469206, 1.1787187946923883, -2.9054736705671345, 1.187077704578165];146.418765099952;7.115286099957302
[3.503724552000001, -1.356893];True;[5.0, -5.0, 2.021043389182582, -4.744509146220427, -3.08698619934838, 5.0, -4.349300280306726, -3.2594241939819115, -1.5713563181870205, 5.0];148.8443552000681;7.115286099957302
[3.7171567440000137, -2.0428775];True;[2.947931994393649, 1.0364476233086881, -1.8926687731251808, -2.743643465891052, -0.9045300917951824, 0.6579470160454717, -0.7720050703950729, 3.5698775991558875, 3.728694566104009, -0.7374570604857364];144.7273545000935;7.115286099957302
[3.469239720000003, -2.4999999999964277];True;[-5.0, 5.0, 4.807838674364577, -3.828477450355786, -4.349177679861683, 0.9783033452279728, -2.02504012625804, -5.0, -2.0461244613405287, 4.875626499453924];153.38022589997854;7.115286099957302
[3.3659982000000115, -2.499999999999594];True;[-5.0, -4.728591158952475, -4.294061780277077, -0.7456026012536645, -4.017663366630651, -0.830059253990596, 3.3124153823428983, 0.682919071823501, 5.0, -0.7461078305334903];144.9511750000529;6.4680934000061825
[3.867662088000004, -2.2271288];True;[0.6934882884434304, -2.7031726572701316, -2.592128177310004, 4.602745871792047, 5.0, -2.7773221592957307, 5.0, 0.5352430019201693, 4.8561581142187045, -0.7566021164333065];146.7327374999877;6.4680934000061825
[3.618329184000013, -2.4999999999904414];True;[5.0, -5.0, 3.7724692910749678, -0.1945796575409311, 5.0, -1.7250383302807708, 4.2640655995166235, -5.0, -5.0, -0.8016723856439727];156.11149510007817;6.4680934000061825
[3.3955480800000046, -1.356359];True;[-5.0, 5.0, 1.430168663947291, 3.4351832102573283, -2.4469401336886603, 1.9143882311736302, 0.6685321258612289, -5.0, -5.0, -5.0];155.495867599966;6.4680934000061825
[3.8068310880000067, -2.499999999997583];True;[-1.9323679134060763, 5.0, -0.23607477356035478, 2.2209288514044188, 5.0, 1.8643975893777363, 1.2253160229892242, 5.0, -5.0, -4.100021503628854];148.93327030004002;6.4680934000061825
[3.9120732000000045, -2.4999999999992766];True;[-5.0, 3.048025867749713, 2.58852156076109, 2.0024011480529484, 5.0, -3.087779387544792, 2.0277512332294094, 5.0, 1.9661793696837204, 0.36940579674110374];150.351972799981;6.8843692999798805
[3.6317263680000074, -2.4999999999968026];True;[-4.175520726147013, -5.0, -2.321415392215833, 0.6073926484140371, 5.0, 3.5995470447710805, 4.5340534642538195, 5.0, -2.53566461124382, -3.772895363724449];151.2041153999744;6.8843692999798805
[3.481396848000001, -2.1651464000000002];True;[-5.0, 5.0, -4.830834988156631, -4.437274602663814, 4.958583175599218, 0.6382319284002005, -2.1339000304241695, -5.0, 5.0, -0.21902076925139102];156.33089519990608;6.8843692999798805
[3.4541743680000097, -2.4999999999973057];True;[-5.0, -1.175653099646008, -3.8888910459814316, -1.9838879409587133, 4.920886113566295, 4.073739105123565, 5.0, -5.0, -5.0, 0.7693132826036972];156.03187189996243;6.8843692999798805
[3.2057000640000055, -2.4999999999950666];True;[-5.0, -5.0, -2.9881485687371057, -2.0388693293908347, 5.0, -3.387954387732334, -4.515296911331584, 0.06456836982731673, -5.0, 4.077756903080292];157.93963129993062;6.8843692999798805
[3.651469416000003, -1.7434309];True;[3.7042659913960883, 2.575948683249175, -4.991285412746996, 3.5765377274673256, 2.7317884044297642, -5.0, -2.9512819195936864, -1.4133888327992548, -1.3830546117586993, 5.0];154.426021900028;5.4314421999733895
[3.1342364640000038, -2.499999999998537];True;[-1.2411678256128313, -5.0, -3.0883737402387315, -2.4234442729027657, 1.4362518657293784, -3.363688487213206, -5.0, -3.8571605813040533, -3.6827953373015907, 4.123908799485385];152.34669130004477;5.4314421999733895
[3.6747447120000083, -2.4999999999987654];True;[0.8822351929905672, 1.7554490014283797, -2.3570297751965925, -2.9420071516375197, 0.26783568670228064, -1.8656411299500149, 3.434632243917367, 1.3990368114704923, 3.2224485539388503, -0.8698971067229708];146.32400070002768;5.4314421999733895
[3.5960412240000075, -2.0448745];True;[-3.086155555691038, 2.2288853213570503, 2.3128959051984026, 1.020124787889265, -2.227540734643352, 2.3799295958319107, 5.0, -1.4191730378004004, -2.5350837746102015, -4.390483895553776];146.94337660004385;5.4314421999733895
[3.3626946960000073, -2.499999999998966];True;[-0.905801856691733, 1.1660191662276729, -3.7226458583984705, -5.0, -4.296747800949904, 0.10087143675691213, -0.7411661723716083, -1.0927913367682098, 1.005750059876096, 1.9668150085432723];147.1372123999754;5.4314421999733895
[3.8866122, -2.499999999998153];True;[5.0, 5.0, 2.40313079916681, -2.539367426185026, 5.0, -2.781218497438431, -4.072044295593017, 5.0, -1.1017338335239724, 0.826966563191113];156.38823610008694;5.741435499978252
[3.6946650960000134, -2.49999999999847];True;[1.3364046358440547, -2.966165088294507, -2.210904655559505, 3.2263687161732335, -1.9451220876774729, 2.8752059666007312, 4.629764464534988, 1.0739887656702365, -0.3163590369673024, -1.8538676161466654];147.66794440010563;5.741435499978252
[3.345048360000005, -2.499999999998057];True;[0.6775057200189591, -5.0, -3.8123038968822867, -1.5549181599061024, -5.0, -2.851400058514951, 0.24842300992870658, 5.0, -0.1984016273047864, 0.15447011992174886];152.92707259999588;5.741435499978252
[3.5745902640000047, -2.3293377];True;[-5.0, -5.0, 3.190032806864206, 3.962945042807842, 5.0, -1.5904847567205236, -0.4720154185144789, 5.0, -2.4756314593173196, -4.324564926950716];152.64858449995518;5.741435499978252
[3.781567512000011, -2.056756];True;[-0.5082994312729223, 5.0, -1.0949202048136044, 1.2101019326874942, -5.0, 3.3407486344095894, 1.5862804921297533, 5.0, -1.7005382791797459, 0.03918424872901838];151.9869659000542;5.741435499978252
[3.4856451360000125, -1.8717353];True;[-2.5018360342950405, -5.0, -3.4056681868487733, 1.9916209426910587, 5.0, 4.713004295392265, -1.624660848133722, -5.0, 5.0, -5.0];155.94884940003976;6.916991699952632
[3.3599225520000027, -2.490092078];True;[5.0, -5.0, 5.0, 0.1874515143876785, 5.0, -5.0, -5.0, -2.9636009707548805, -5.0, -3.8718831741302857];164.3901046999963;6.916991699952632
[3.6609984720000073, -2.0147764];True;[-0.14170657977889167, 1.1162732795001675, 2.7059837535532907, 3.9221208717098115, -5.0, -0.5139650964519831, -1.1481640162258318, 1.350136738183208, -5.0, 5.0];153.97526570002083;6.916991699952632
[3.146909184000013, -2.4999999999987192];True;[-0.7161152257699834, -1.540809116150112, -1.9266095358943458, -2.107846107410394, -1.5465257185007197, -3.671869767380365, -5.0, 5.0, -5.0, -5.0];158.06185910000931;6.916991699952632
[3.708608544, -2.499999999999279];True;[-3.537207376677433, 2.7135250624948926, 2.3636275330335437, 5.0, -5.0, 2.9548827947762906, -5.0, 5.0, 5.0, -5.0];152.98296230006963;6.916991699952632
[3.7534032720000083, -2.499999999996325];True;[3.0716571509575346, 5.0, 3.789911441347794, 0.09780324793054618, -4.837208759367588, 5.0, -4.563490091151364, 5.0, -5.0, -0.9899819365704214];155.05048610002268;8.010750000015832
[4.023795312000006, -2.49999999999978];True;[-3.432890875582981, -5.0, 5.0, 5.0, 3.809384979750165, 5.0, 5.0, 3.8365520372971, 1.9315634169457478, -2.0577963453821253];148.65570339991245;8.010750000015832
[3.686017968000013, -2.4999999999120543];True;[5.0, 4.870156982320264, -2.368714368678249, -3.085296018175547, 0.699329555829431, -1.4926015266933779, 1.5010625501460142, -1.094604967806481, -0.036924703827637906, -0.5434590187106405];149.36933759995736;8.010750000015832
[3.2902897680000125, -2.4999999999996185];True;[-4.242245208126339, -5.0, -3.791638567503954, -1.2234255445213011, -5.0, -2.71013447961756, 1.0652136887777424, 5.0, 0.9422216832723853, 0.08824168847442948];149.02928670006804;8.010750000015832
[3.4531587360000087, -1.7396384];True;[-2.9594310277606617, 0.5444235747171824, -1.0352330123298996, -1.7121399823495738, -0.4020157060489815, 3.6463078480939153, -2.8458066465805123, 5.0, -2.635227827364624, -4.9324489927296264];155.5092518000165;8.010750000015832
[3.4598050560000067, -2.4999999999977986];True;[0.7921250160262812, -5.0, -4.498667124521463, -0.6964168373162831, -5.0, -1.6581504572814998, 0.18059358321660035, 5.0, -1.1433032963412675, 5.0];152.8830785000464;7.4082063001114875
[3.144055176000013, -2.495766883];True;[-0.0523033054468085, -5.0, -2.6089403152386716, -1.9894056500642723, 5.0, -5.0, -0.10876246732670491, -5.0, -1.882462839372128, -5.0];164.8170458000386;7.4082063001114875
[3.3992673840000096, -0.830586];True;[5.0, 5.0, 2.325809216074118, -1.9953434210207037, -5.0, -2.971706108445683, -2.6189950667638664, -5.0, 0.4337252688474642, -5.0];159.61116450000554;7.4082063001114875
[3.6295700400000017, -2.4999999999995373];True;[2.2859101455693187, 5.0, -4.005178671483179, 0.9456162038567806, -5.0, 4.021717094454255, 3.710337855909289, -5.0, -3.2480236878437383, 2.1252746803097473];153.93759880005382;7.4082063001114875
[3.721162680000001, -2.499999999999079];True;[-1.4491981830539507, -5.0, 2.850966862472017, 0.9448506084039563, 5.0, -2.8308030401584126, 2.5131684117106072, -5.0, 3.0470674153520036, 5.0];159.6188898999244;7.4082063001114875
[3.3891335280000074, -2.4999999999989195];True;[-5.0, 0.11468269215125027, 0.12330221298083721, 3.234281209379894, 4.39082950345793, -5.0, -1.9596878689475954, -2.4826954029532224, 1.2836121010748816, -5.0];162.25423019996379;7.5881304000504315
[3.685360464000004, -2.499999999995424];True;[-0.3974317931654152, -3.3797601556870798, 2.8762057337261435, 4.505904676113641, 0.43696045260457783, -1.4748801108998344, -1.32501435650323, -2.0210850230408237, 5.0, -0.8023492539066206];156.91871449991595;7.5881304000504315
[3.2684757120000074, -1.9494063000000001];True;[-2.815660303570216, -5.0, 5.0, -5.0, -5.0, -5.0, -0.9462491395590673, 2.8802492225296987, 5.0, -5.0];156.12196520005818;7.5881304000504315
[3.2039575920000116, -1.349182];True;[2.1429238629178577, 0.2648336176083932, -3.0445607051945114, -2.1620503626013705, -3.4923908829453456, -2.677777513618604, -4.193312064936443, -4.134488307768244, -2.773321476155728, 1.2015288995417528];157.2155514000915;7.5881304000504315
[3.665565576000007, -1.496428];True;[1.5711202785436225, -0.11175396351053646, -3.690757052555855, 0.22838657409355445, 4.549353821176789, 3.8692336285718394, 2.1374912055267785, 0.8991456377613698, -3.026668740482452, -3.923459043522625];149.5177543000318;7.5881304000504315
[3.8828788560000134, -2.499999999999018];True;[3.419351897614151, 5.0, 2.7239248798311886, -2.0720337559611317, -5.0, -1.50832617685435, -5.0, 5.0, 5.0, 5.0];151.63127839996014;7.286185399978422
[3.3909025680000093, -2.4991446296];True;[-3.0804944453199212, -5.0, -1.3977209832852995, 1.0703652592554462, -1.7119123496140376, 3.3982577121788093, 4.196832072626522, -3.256647775653214, -1.4139738130959465, -3.018481179908601];149.91164690000005;7.286185399978422
[3.713008032000004, -2.0021528];True;[0.8571797483016033, 5.0, -1.7634615940396152, 3.48957511667804, -0.1999607818354745, 2.4052722147708137, -0.05515023268948838, -5.0, -5.0, 4.965084392170031];152.33203499997035;7.286185399978422
[3.2037830640000013, -2.499999999998094];True;[-0.7551376485569277, -5.0, -1.0911656677049364, -1.9467877402554992, 1.718132163762319, -3.706574577918979, -2.7281033728118946, -3.013168379616594, -5.0, 2.6460984551952604];158.83817109989468;7.286185399978422
[3.275674992000002, -2.499999999999519];True;[-4.575644384913648, -5.0, -2.8196862097027493, -0.1420063032320762, -5.0, -1.8567180677208257, 3.6006767564718984, 5.0, -5.0, 0.24498513875911954];151.04105949995574;7.286185399978422
[3.3463564560000103, -2.4999999999963496];True;[-1.5468910795805573, -2.1334299727693997, 1.3481230591209892, -4.451865184629644, -2.6491407099007933, -5.0, 5.0, 1.2963846586740182, -3.2495283619434012, -0.8897405882146856];152.4517724000616;7.702983399969526
[3.7976467680000123, -2.3061509];True;[4.770525160268006, 1.6773024466335071, -2.473636343382781, -2.8568580542298077, 0.12508064953803633, -2.0716961299341117, 3.6242983171537517, 1.3530205018196604, 5.0, -0.5310988693010152];151.3084244999336;7.702983399969526
[3.527271792000006, -2.3505683];True;[5.0, 1.6998714063912441, -2.3676483575338096, -2.975051195717127, 0.5064006433633601, -1.9917937643972277, 0.489166661968909, -4.846117063019417, 1.0204841847517452, -0.43568472157820626];171.2165608999785;7.702983399969526
[3.782442312000006, -1.6809625000000001];True;[4.761696203078515, -5.0, -3.4037427284789112, 5.0, -1.7642174035286446, -5.0, 0.11482707040482332, 3.2045419010554284, 5.0, 5.0];153.21753700007685;7.702983399969526
[4.014249840000011, -2.499999999998771];True;[5.0, 1.5100043068689217, 5.0, -4.957900515957611, 5.0, 5.0, -2.907190841898235, 5.0, -5.0, 5.0];151.609257999924;7.702983399969526
[3.649447872, -2.4999999999982725];True;[2.950250797391247, -5.0, -4.10623328505917, -3.6002410926491857, 2.784097020343342, 4.533267121128262, -0.8051855740179024, 5.0, -5.0, 5.0];149.14293590001762;7.502252099919133
[3.476614608, -1.339657];True;[3.8863950943357946, -5.0, 4.50649000860858, -0.23181262938326697, -5.0, -1.9574855277706922, 2.5507695622883295, -5.0, 5.0, -5.0];153.60723520000465;7.502252099919133
[3.3372874800000063, -2.499999999997433];True;[-3.157401057608702, 5.0, -2.451030335687224, -2.920319102640608, 5.0, -4.569718479791452, -4.59747373461967, -5.0, 5.0, -5.0];158.35370640002657;7.502252099919133
[3.727858464000006, -2.0681953];True;[3.516028793858977, -5.0, -4.615388324179825, -0.9416900093779628, 3.574689215073354, 4.278242763024696, 5.0, -0.425834154901775, 5.0, -5.0];152.44925589999184;7.502252099919133
[3.815877816000013, -2.499999999997561];True;[-0.24929062973077976, 5.0, 3.0660727580827487, 4.740048787407227, 5.0, -0.34707469103941513, -2.74874879163398, 5.0, -5.0, -5.0];150.05504860007204;7.502252099919133
[3.432281472000004, -2.499999999999046];True;[-5.0, 5.0, 5.0, -5.0, 5.0, -3.503625802120136, -4.7944593568352785, 5.0, -5.0, -5.0];158.86563429993112;6.569206299958751
[3.569059368000005, -1.027637];True;[-5.0, 5.0, 4.311196007670379, -4.249290618207281, -1.3125155844097187, 1.9276809666790538, 2.7717084056607986, -5.0, -5.0, 4.58544506535417];157.85274940007366;6.569206299958751
[3.790288512000001, -2.499999999999695];True;[-1.637431208875713, 1.7257536129627322, -2.8912511213193044, 1.9407861191230484, -5.0, 4.350809473835556, -2.003690670319413, 3.702782659315261, 5.0, 3.088556795210895];150.0518167000264;6.569206299958751
[3.5872465680000105, -2.4999999999782205];True;[2.820684827662582, 2.9532975269309567, 3.2804476231509856, 1.3021045956843018, 1.4404148680806497, -2.764339514748727, 1.251422557949721, -5.0, -5.0, -1.4078231794258955];157.49630400002934;6.569206299958751
[3.511923480000012, -2.499999999998933];True;[0.3216515569512737, -5.0, -3.1798294941001086, 1.0248559445909038, -5.0, 4.123539412727034, 3.3270655952323978, -5.0, 1.5410654676250335, 3.2307005244367577];147.6663322999375;6.569206299958751
[3.0940788240000074, -2.0471362];True;[-5.0, 5.0, -1.4312758152766811, -2.0226891231001876, -5.0, -3.7347841664770867, -4.96258450245346, -2.728043628396396, -5.0, 0.9237639094575254];164.9571271999739;7.700059999944642
[3.7648858320000063, -2.499999999988896];True;[5.0, 0.9630159903896631, 1.3444305174555282, 2.2626201844068996, -5.0, -1.2333688083503387, 0.4300130384372878, 0.6551131500906013, 0.36306576836954463, 2.3153657980492506];148.12395569996443;7.700059999944642
[3.4907885280000133, -2.4999999999989555];True;[5.0, -5.0, -4.2335516411607435, -0.6088144599858065, -1.8179299797785493, 3.9601620316468704, 5.0, -2.008641388705174, -5.0, -0.880655931185907];153.69133210007567;7.700059999944642
[3.345670656000013, -2.4999999999991647];True;[-5.0, -5.0, 5.0, -3.8937067326615775, -5.0, -4.70209706412804, -5.0, 1.2879392122107713, 5.0, 5.0];150.1751593000954;7.700059999944642
[3.2500444320000126, -2.4999999999986287];True;[-5.0, -1.5758228810744028, -4.028027016144629, -0.8714156449442196, -5.0, -1.2267379325942414, 2.062328423741513, -2.928994729813335, 1.149043988511469, 0.684640032240039];147.47414180007763;7.700059999944642
[3.120970608000012, -2.4999999999976366];True;[5.0, -5.0, -3.9789429536343515, -3.679572142973425, -2.4680745734634932, -2.5840342369816383, -5.0, -5.0, -5.0, 5.0];154.8872463000007;6.923339399974793
[3.764404584, -2.4999999999997042];True;[5.0, -5.0, -5.0, 2.3288993923950043, -2.6890276588606783, 3.545187482184426, 2.5918588120171338, -0.6185808461351634, 1.919657487507389, 5.0];151.80105780006852;6.923339399974793
[3.5665045200000134, -2.4999999999981464];True;[5.0, 5.0, -5.0, -2.65065944072749, -0.8821650921992665, 3.646136864023271, -1.5815546149081832, -5.0, 4.384180301243953, -5.0];159.76131440000609;6.923339399974793
[3.989263824, -2.499999999999796];True;[5.0, 5.0, -5.0, 1.4048140770798323, 3.472914500181094, 4.038132425240153, 4.6945552502169345, 5.0, -1.1222775994362055, -5.0];156.99069690005854;6.923339399974793
[4.079210112000006, -2.1734437];True;[5.0, 5.0, 5.0, 4.7008160809144215, 4.231358658595001, -0.7937410736108914, -3.8835609631229144, 5.0, 0.34454732237527264, -2.9470760342529307];152.53533370001242;6.923339399974793
[3.594362256000003, -2.495314545];True;[3.6146986004661823, -0.8680017625894196, -2.2843024208926996, -1.722160377883493, -3.394482433756151, 0.7706197506095602, -1.9107377148058196, -5.0, 5.0, 5.0];151.8572211000137;7.271542500006035
[4.050152712000002, -2.0889703];True;[5.0, -0.8808014316810064, 3.6407496316347583, 3.2836408434852, 5.0, -4.637002943320179, 0.5867699668080526, -0.11432509664149393, 5.0, 3.428013679572935];152.4957917999709;7.271542500006035
[3.588018984000005, -2.499999999998463];True;[5.0, 5.0, -5.0, -2.3638532368859657, -5.0, 3.2813490878748564, -3.1944298912336233, 0.7761863995576199, 5.0, -4.587273264359753];152.78175439999904;7.271542500006035
[3.399175800000001, -2.1018322];True;[-4.105460637344857, -5.0, 5.0, -4.67750147176517, 5.0, -4.585601681407513, -5.0, 5.0, 0.16683624938513475, -1.629023573270358];153.39826269994956;7.271542500006035
[3.8076354720000123, -1.8646291000000002];True;[-5.0, 5.0, 3.6911163388403274, 0.8043038869509633, 4.049278304424609, 5.0, -5.0, 5.0, -5.0, 0.534718783064009];155.27109389996622;7.271542500006035
[3.4863549120000004, -1.9023812];True;[-5.0, -5.0, -4.069039004740424, 1.5728357920523663, 5.0, 3.3824995800458098, 4.496293236452084, -0.037072642036315884, -5.0, -1.1401716870752736];136.2983248999808;4.631931699928828
[3.702318408000005, -2.499999999992281];True;[2.244730321100242, 4.468977983432664, 2.291690393936335, -3.5515453825908017, 2.9749848683552873, -2.452412746298674, -4.786968660131135, 3.014162426818025, -5.0, 5.0];135.72711480001453;4.631931699928828
[3.722370984000009, -2.496713361];True;[-5.0, 3.6037219911719163, 1.964053069771687, 3.972660231778619, -5.0, -1.0211263086919766, 1.6126791798330817, 5.0, -5.0, 5.0];134.8068767999066;4.631931699928828
[3.4414848000000053, -2.45974295];True;[5.0, -5.0, -4.966123326636798, 1.4376519979456601, -5.0, -5.0, 1.9327158853152318, 3.7237625231463785, -5.0, 5.0];139.34807830001228;4.631931699928828
[3.209033808, -2.4999999999963274];True;[5.0, -5.0, -2.1229214185507113, -1.5215416340133272, -5.0, 3.9624599666475326, -5.0, 1.0062953984386267, -4.957886869956402, -5.0];139.7575000000652;4.631931699928828
[3.5692403760000104, -2.3537346];True;[4.943152761956238, -0.26212024155518243, -1.2179359572664654, 1.2587049432311437, -2.218543104851028, 0.9185073106403729, 1.073056728866895, 2.479781085776862, -5.0, -3.931993894830181];133.80411989998538;4.953118200064637
[3.5110912320000103, -2.3236371];True;[5.0, 0.8272903693518057, -3.231355674034301, -4.395499510375504, -0.6821638655205602, 4.4322729042600155, -4.268563813362167, 5.0, -2.331463730004441, -5.0];134.67453099996783;4.953118200064637
[3.442876056000008, -2.499999999999242];True;[-5.0, 4.744431161110349, -4.342788158011274, -0.0025230405649931953, -5.0, -3.0680695845230757, 3.4715719237275806, -4.56122152447011, 5.0, 0.9510032487320652];128.75230349996127;4.953118200064637
[3.858574536000012, -2.4999999999986495];True;[5.0, 1.4733308734628858, 2.289516438767958, -0.03135326136484551, -3.13799930925466, -1.0498214628636977, 4.439285932414972, 3.320942180211638, 0.5115538902684555, -1.3777257439743327];128.29795370006468;4.953118200064637
[3.540604608, -2.499999999995108];True;[4.631878637377664, 1.0671346749850494, -3.8753340000430248, -2.8264751089581654, -4.0679141151681595, 2.1016456874303815, -1.6790149587516594, -3.1733228415148806, -0.4617237292755396, 5.0];129.7463516999269;4.953118200064637
[3.981817008000002, -2.2913907];True;[5.0, 5.0, -0.3683673288264284, 1.7089543386263255, 5.0, 2.5074661834270433, 4.23707516383706, -5.0, -0.7209358521599292, -0.22081613126098];133.34006369998679;4.577100499998778
[3.7252636560000107, -1.6940675];True;[5.0, 5.0, -4.807952338359085, 1.8573073548934325, -5.0, 4.545153800043419, 2.7299566772427557, -1.613472746250142, 1.1394227316807406, -3.584515926013715];131.51486599992495;4.577100499998778
[3.944052216000013, -2.4999999999932414];True;[5.0, 5.0, 4.594174632973571, -0.1323608385203645, 5.0, 5.0, -4.066797765634191, 5.0, -5.0, -5.0];133.11503779992927;4.577100499998778
[3.2494080960000087, -2.495466446];True;[-2.827189413276982, -1.091017641717389, -2.186226985476109, -2.9543764245457673, -5.0, -5.0, -1.276672621224523, 3.5710598497001467, -5.0, 5.0];135.46935059991665;4.577100499998778
[3.547141200000006, -2.48567434];True;[5.0, 2.2702881646720403, 5.0, -4.435535452866093, -5.0, 1.8544718000298408, -2.669736195763825, -5.0, -5.0, 5.0];133.63115669996478;4.577100499998778
[3.3467405040000093, -2.49999999999554];True;[-5.0, 5.0, 3.3020473318184216, -2.7634003100816824, -5.0, -0.2944021838020747, -2.5025584862478873, -5.0, -5.0, 5.0];134.71827700000722;4.438727299915627
[3.9494807280000126, -2.496335364];True;[-1.2501461295115943, 5.0, 4.174809320295838, -1.3315012374878519, 5.0, -1.6911117474261435, 4.122404835089451, 1.621899952220506, 5.0, -5.0];133.5617562000407;4.438727299915627
[3.446048016, -2.4999999999975744];True;[-5.0, -5.0, 1.553042946105279, 3.496299966606429, -5.0, -1.612262637368771, 1.137334243524326, 2.7648704082215367, 5.0, -5.0];132.86274499993306;4.438727299915627
[3.5132648400000024, -1.6161702];True;[-5.0, -5.0, -1.8983028207611001, -1.282876772010776, 5.0, 3.6323529893461615, 5.0, -5.0, -5.0, 5.0];133.94545469991863;4.438727299915627
[3.4499932560000115, -2.4999999999950138];True;[-5.0, -4.547874544548267, 4.727641355907222, -3.956011631534174, 5.0, -2.2325296998216526, 3.5306647895303573, 5.0, -5.0, -5.0];133.44480010005645;4.438727299915627
[3.345472800000013, -2.499999999999416];True;[-5.0, -5.0, -4.009687984801069, -1.6060985423305403, -1.7684364706814244, -1.8606399754532403, 3.303243821409657, -4.025593914193239, 4.493673292560098, 3.1565458691699035];138.62927939998917;4.628237299970351
[3.9347458560000104, -2.499999999997295];True;[0.28023054928265534, 5.0, 4.156967719692927, -2.421607478768611, 5.0, -2.0218324050960437, 3.5701718206641626, 4.871837007088782, -5.0, 1.5284188489280615];139.81113349995576;4.628237299970351
[3.70875196800001, -2.3017569];True;[5.0, -5.0, 4.855605206542771, -0.8071701447588353, -5.0, 5.0, -4.546967277359714, 5.0, 5.0, -5.0];139.38304619991686;4.628237299970351
[3.4994661120000132, -2.499999999998414];True;[-5.0, 5.0, -0.7267593007667141, -2.709130567235193, -5.0, 1.7156132058824012, 4.584668099655836, 5.0, -3.052067883725439, -5.0];139.96712149993982;4.628237299970351
[3.5502783840000025, -1.9620472];True;[-5.0, -2.040728390176536, -2.908953362221727, -1.2426754855596336, 4.414116494155682, 3.6330159005521665, -4.690020703258072, 5.0, 5.0, -5.0];140.0661848000018;4.628237299970351
[2.966481144000013, -2.499999999999141];True;[-5.0, -5.0, -2.636742167004487, -0.8906118731222294, -1.2707609665719821, -3.804042074446691, -4.599624048773492, 1.5471590498916967, -5.0, -3.2082823867362777];152.50004219997209;6.439156899927184
[3.248763336000007, -2.499999999995372];True;[-5.0, 2.244053075419999, -4.459043749780929, 1.3132180284948092, 1.1071867017799324, -3.7377156167550045, 0.8046225414424848, -5.0, -4.3517685343859185, 0.285153763331345];151.086000100011;6.439156899927184
[3.4773742800000007, -2.3184534];True;[4.0845734252858215, 0.8140910536951989, -2.540817909570678, -3.3451397737167095, 1.2531213877855842, -3.883923537147478, -0.7332941802189037, -3.6521056420354654, -3.206967762346973, 5.0];147.4292169000255;6.439156899927184
[3.7600212960000046, -2.499999999996314];True;[0.8199306132787836, 0.41063119406707926, 2.975470768110852, -0.14906600836287875, 1.317424011668197, 0.16204969508499456, -2.6043919535607256, 0.6490968098618852, -1.7060933634794235, 5.0];143.67626910004765;6.439156899927184
[3.087080208000012, -2.4999999999981397];True;[-5.0, -2.575957386017042, -1.6743822669209258, -2.6814850486736086, 0.03538230168497236, -5.0, -3.293257135509026, -2.34650532667801, -1.1819802370887382, -0.5614264524996209];151.37490150006488;6.439156899927184
[4.042582992000013, -2.4999999999996128];True;[-5.0, 5.0, 4.7069972990372335, 5.0, 5.0, -3.5968461633411786, 3.846467160838694, -5.0, 5.0, 5.0];147.0821622000076;5.404185299994424
[3.46395528, -1.7328398];True;[-5.0, 5.0, -0.9023529274423456, 5.0, -5.0, 4.037087570941862, -4.966425546690468, -5.0, 5.0, -5.0];146.2986461999826;5.404185299994424
[3.957663456000002, -2.4999999999994666];True;[-5.0, 5.0, -2.977888033811058, 5.0, -4.532457147497477, -0.11570609158830436, 3.6511733204587333, 5.0, 5.0, 5.0];135.83504889998585;5.404185299994424
[3.4775682480000096, -2.499999999999205];True;[5.0, 5.0, -3.311643291019899, 5.0, -5.0, 2.0539869364491157, -4.5053484773915855, -5.0, -5.0, -0.4384835337603654];148.07930770004168;5.404185299994424
[3.9956133600000108, -2.4999999999996327];True;[5.0, 5.0, -2.593089635604922, -5.0, -5.0, 0.3751807972719696, 5.0, 5.0, 5.0, 5.0];134.91984340001363;5.404185299994424
[3.3304506480000136, -0.9542459999999999];True;[-5.0, -5.0, -5.0, 4.638518526036846, 5.0, -0.2714692925243014, -5.0, -2.3795249410738926, 5.0, -5.0];151.14991090004332;5.06146009999793
[3.72493296000001, -2.4999999999992926];True;[5.0, -5.0, -5.0, 3.512823709028247, -5.0, 1.7377770654293947, -5.0, 5.0, 5.0, 5.0];139.67473620001692;5.06146009999793
[3.838799088, -2.499999999996811];True;[5.0, 5.0, -5.0, 0.9462551317107124, 5.0, 0.5558235750029104, 4.020079021447502, 5.0, -5.0, -5.0];144.07577019999735;5.06146009999793
[3.7986809760000018, -2.1302613];True;[5.0, 5.0, -5.0, 0.07484761071092905, 5.0, -1.409981292674745, -5.0, -5.0, 5.0, 5.0];143.03833070001565;5.06146009999793
[3.6993639600000074, -2.497838496];True;[-5.0, -5.0, 5.0, 5.0, -5.0, 4.907388747256348, -0.8405443293827259, 5.0, -5.0, 5.0];144.03592140006367;5.06146009999793
[3.501009648, -2.4999999999369185];True;[5.0, 5.0, -2.8844869722104223, -1.3486286371509197, -5.0, -1.4163512521556747, 0.5332613903593764, 5.0, -5.0, -5.0];144.30728760000784;5.652001200011
[3.748714776000001, -2.4999999999991362];True;[-4.889228247098321, 3.246526333528063, -0.2694204415609871, 0.8634926835737051, 4.478839884871462, 2.239076496784919, 1.5275759322432272, 1.2745056786414484, 2.155792424242591, -4.275577636528938];145.31557189999148;5.652001200011
[3.852554400000013, -2.4999999999986446];True;[1.6513113831517243, 5.0, -1.0663741439393926, 2.7359544891337872, 5.0, 3.927582065041955, 0.7384415866601941, -2.94450909257025, -5.0, 1.1166042111679655];144.67198640003335;5.652001200011
[3.361677336000013, -1.6382995];True;[-5.0, -5.0, 1.0515587348127218, -0.5251634302535537, 5.0, 2.698031312351091, 4.118497744680818, -5.0, -5.0, -3.909714389472924];145.60939889994916;5.652001200011
[3.37320698400001, -2.497304208];True;[-2.3174552111505013, -5.0, 0.5786581991650035, 2.606740887730754, -4.845920574102514, -1.9615442914614882, 0.7299763628544245, -1.6760705473976363, -1.4785760973781321, 2.3311819736506116];139.5565842000069;5.652001200011
[3.4936438320000014, -2.499999999998058];True;[5.0, -5.0, -1.8460340060766276, -1.4122499873692878, 5.0, -4.219577119057151, -4.000695061277552, 5.0, -5.0, 1.0212970546934272];146.89605600002687;5.957099099992774
[3.6083301120000133, -2.1159109];True;[-5.0, -2.814585165741085, -2.095620630259468, 2.711354677493202, 5.0, 4.183383471639438, 0.7952216770207308, -5.0, 5.0, -2.9274494819841483];142.16088079998735;5.957099099992774
[3.360272904000011, -1.7633543];True;[-2.6621093352525813, 0.8376858495462187, 0.37840176139352266, 2.446666573286463, 2.604365759861298, -2.6186467244153184, 0.5192954881381739, -3.1374443708207664, -5.0, -5.0];146.25337709998712;5.957099099992774
[3.7289069280000002, -2.4999999999958358];True;[5.0, 5.0, 3.2349724120120484, -3.057536464396936, -5.0, -4.149073633574415, -3.961614942621128, 1.0521032398079955, 2.315748506464277, 5.0];143.23074519995134;5.957099099992774
[4.1772132000000015, -2.4999999999993165];True;[5.0, 3.4536142349748626, 3.2702822906042126, 2.9458353041739773, 1.2538422228370782, 0.06068805911556563, -3.699879089139641, 5.0, 3.9051084353631875, 5.0];141.2012944999151;5.957099099992774
[3.1462423920000093, -2.49999999999873];True;[-5.0, -5.0, -0.7475768541506138, -3.8688056602766223, 5.0, -5.0, -1.9242542484245542, -5.0, -5.0, 5.0];145.74725939997006;6.130091800005175
[3.369252240000009, -2.499999999997101];True;[5.0, -5.0, -5.0, -4.164142114981342, 5.0, -2.657837580886328, 0.6059019047853571, 5.0, -5.0, -5.0];146.44534440001007;6.130091800005175
[3.386981304000003, -2.499999999996117];True;[5.0, -5.0, -3.249802355199658, 2.3492724647089913, -5.0, 3.8166008874158805, -3.475740380629367, -5.0, -4.83564073873138, 5.0];146.71677830000408;6.130091800005175
[3.334349880000004, -2.4999999999943436];True;[-5.0, -5.0, -1.8772432377528987, 5.0, -5.0, -0.5628593426788537, 2.3643753274915174, -0.24541745531490378, -5.0, 2.48917487598788];145.40100930002518;6.130091800005175
[3.693571056000003, -2.4999999999996487];True;[5.0, -5.0, -1.8778096720015665, 0.31513532232648434, -5.0, 1.1055764463023667, 4.255766070891077, 5.0, 5.0, -5.0];140.98488889995497;6.130091800005175
[3.358030176000004, -1.8538397];True;[5.0, -5.0, -1.8466204223401732, 2.4793196634759394, -1.2872153428424786, 2.1123658400813436, 1.8065351753932237, -5.0, -5.0, -5.0];149.5626771999523;5.885081800050102
[3.6995367600000106, -2.2893808];True;[5.0, -5.0, 5.0, -1.3047993813464878, -0.8820310395991582, -1.8003130687736242, 2.7166363103857787, 5.0, -1.7930657174709914, -2.861561223492228];141.33247789996676;5.885081800050102
[3.2008852080000065, -2.4999999999956692];True;[-5.0, -5.0, -0.05726111840802606, 2.1397152115240328, 1.280043610875964, -0.7702474037620872, -3.14275296733357, 1.5396274161780488, -5.0, -5.0];148.69693490001373;5.885081800050102
[3.0545622720000027, -2.499999999992231];True;[-5.0, 0.34390393454570045, -5.0, -4.607059630719238, -4.326675245879019, 1.1098973493035427, -2.379287166065582, -5.0, 1.9452551446692539, -2.871115574454424];143.06877630006056;5.885081800050102
[3.4078529520000096, -2.499999999998278];True;[-5.0, 5.0, 4.96562137544575, -3.758821122154716, 1.4468262355861814, -4.5021196415806255, -2.738042275216622, 3.4898397019241543, -3.3323656870850473, -5.0];142.25825459999032;5.885081800050102
[3.8995810560000095, -1.8861759999999999];True;[-5.0, 5.0, -2.7168447969193616, 2.2443669882606274, 5.0, -0.13596848304017772, 3.701173775422049, 5.0, -1.1044592426891695, 1.3478611513408119];140.05730919993948;5.807773500098847
[3.5138635920000105, -1.7484024];True;[-5.0, -5.0, 1.0722336512048658, -1.640468049900106, 5.0, -3.4658777412865573, -0.48700873963720337, 5.0, 5.0, -5.0];145.56063269998413;5.807773500098847
[3.4132991760000007, -2.4999999998041527];True;[5.0, -5.0, -2.7678217855975475, 1.997878471145139, -5.0, 2.2010802942636793, -4.513214071339788, -5.0, -1.0948067344230838, 5.0];142.23875150003005;5.807773500098847
[3.5562533760000044, -2.4999999999742575];True;[-5.0, -5.0, -2.9495359684435316, 5.0, -3.0370302719373763, 3.6324034104459635, -3.6927596107867013, 5.0, -1.5117252728469586, 5.0];142.38830639992375;5.807773500098847
[3.243257712, -2.2036016];True;[5.0, -5.0, -2.5691990358072228, -1.559086448350386, -5.0, 0.3777397283739017, 4.418299198589326, -5.0, -2.7169439822303514, -5.0];146.15533550002147;5.807773500098847
[3.7373244480000123, -2.42842056];True;[-5.0, 5.0, 2.862815228367409, 2.3381455535988422, -5.0, -3.6645091419074065, 2.5476701593702042, 5.0, -3.259842570274838, 5.0];140.7155885999091;5.6933890000218526
[3.387026016000008, -1.8587325];True;[-5.0, 5.0, -4.637133916787474, -1.1293793430658057, -5.0, -1.8442400333031017, 3.291755861512378, 5.0, -1.0742599356371945, -5.0];142.7573401000118;5.6933890000218526
[3.9925710000000003, -2.4999999999546056];True;[5.0, 5.0, -2.805093248442521, 3.263501491371521, -5.0, 4.946847465474013, -2.9314411683744255, 5.0, 0.1674207342053773, 5.0];141.70476330001839;5.6933890000218526
[3.0389461200000105, -2.499999999999709];True;[-5.0, -5.0, -4.514202889341038, 0.7417326094785217, -5.0, -3.2259614971914594, 4.607272057282692, -5.0, -2.314240197969224, -1.8026477964222698];145.15565319999587;5.6933890000218526
[3.5363299680000044, -2.4999999999990212];True;[0.4140746935569588, 5.0, -3.8291469212733507, 0.43022502423081477, 5.0, 1.5119581740978694, -4.729429246052474, 1.9126849766008513, -5.0, -4.191382129144713];145.86104500002693;5.6933890000218526
[3.707373240000006, -2.499999999998681];True;[5.0, -5.0, -1.9405577011078141, 5.0, -5.0, 1.3284572846430542, 4.411848340905239, -5.0, 5.0, 0.6379312729648889];139.70457519998308;5.977445099968463
[3.8497299840000028, -2.343776];True;[5.0, -5.0, 2.400912944000579, 1.9555780456572869, 5.0, -0.30044707343235544, -3.9474563226295647, 5.0, -4.080341848433261, 5.0];140.76139030000195;5.977445099968463
[3.901884048000001, -2.2029023];True;[5.0, 5.0, -1.1993915237313328, -1.0067372511837474, -5.0, 2.889788800965868, 4.3889077750297805, 5.0, 3.370188021614698, -5.0];137.69352849991992;5.977445099968463
[3.5200215360000064, -2.499999999995697];True;[5.0, 5.0, -5.0, 1.1208713431660993, 5.0, -5.0, 4.6430761254136605, -5.0, -5.0, -5.0];144.38139019999653;5.977445099968463
[3.4992166320000075, -2.4999999999994946];True;[0.5048641274541898, 5.0, -3.840169392737262, -3.946779738537048, 5.0, -3.976779014616317, -4.843701027479119, 5.0, -2.1774312242602227, -1.9192749351180813];145.38730069994926;5.977445099968463
[3.8677510800000094, -2.1879241];True;[-5.0, 5.0, 1.573873552862163, 5.0, 5.0, -5.0, 3.219704401198987, 5.0, 2.068965674794687, -5.0];143.3211395998951;5.858130499953404
[3.6416982240000118, -2.499999999998004];True;[5.0, -5.0, 0.8540455946053171, -2.4685125633563985, 5.0, -4.930293306749005, -3.641018485068579, 5.0, -3.417099617671978, 5.0];148.28157660004217;5.858130499953404
[3.6555185520000117, -1.6673331999999998];True;[-5.0, -5.0, -0.47952712652404017, 5.0, -5.0, -0.15226415443841912, 1.2071190778706473, 1.4616452322195537, 5.0, 5.0];139.86167889996432;5.858130499953404
[4.249730664000001, -2.4999999999984297];True;[-5.0, 5.0, -0.515229937437411, 5.0, 5.0, 5.0, 0.062010947663181604, 5.0, 5.0, 5.0];140.06749439996202;5.858130499953404
[3.7798170480000115, -2.4999999999994906];True;[5.0, -5.0, 4.379080634633333, 5.0, 5.0, 5.0, -2.3953842127763325, -5.0, -5.0, 0.8078572641015729];147.41579949995503;5.858130499953404
[3.9981377520000025, -2.4999999999993543];True;[5.0, 5.0, 2.959407619014131, 4.2910678097252575, 5.0, -2.053135310002862, 1.937058254400271, -5.0, -1.276899280482045, 2.0414552474895356];158.91605150001124;6.84364740003366
[3.161087856, -2.49999999999693];True;[5.0, -5.0, -5.0, -5.0, -5.0, 3.5001382306120803, -0.08026114995697498, -5.0, -3.373106315872057, -0.9000934769635114];155.6815184999723;6.84364740003366
[3.053159568000008, -2.499999999999188];True;[-5.0, -5.0, -5.0, -2.433126168059035, 5.0, -3.783570449785757, -4.633318594436349, -5.0, -5.0, 5.0];161.78393629996572;6.84364740003366
[3.5596748160000025, -2.4999999999986033];True;[5.0, -5.0, 0.6445625767139038, -1.5030399308529714, -5.0, -0.36272739238190166, -2.446627274166669, 5.0, -3.7324050863541824, 5.0];158.2622986000497;6.84364740003366
[3.5973981360000047, -2.495748095];True;[-5.0, 5.0, -1.830236742425087, -1.1073602512371776, 5.0, -5.0, -2.716187749861593, 5.0, -5.0, 5.0];159.59935209993273;6.84364740003366
[4.232858472, -2.4999999999955556];True;[5.0, 5.0, 5.0, 2.8653729573437197, 5.0, 5.0, 4.799688271315347, 5.0, -3.899394750142667, -5.0];153.7902600999223;8.183521699975245
[4.086281088000007, -2.0851714];True;[-5.0, 5.0, 4.538154424866153, -0.5125377047604252, 5.0, -1.7058009576481963, 4.181226351065847, 5.0, 0.4786282173273948, 5.0];146.88212079997174;8.183521699975245
[3.462275448000013, -2.3290848];True;[-5.0, -5.0, 5.0, 5.0, -5.0, -4.1066154232263665, 4.164654712040502, -5.0, -1.9675257631655785, 5.0];157.12286360003054;8.183521699975245
[3.776345064, -2.4999999999989866];True;[-5.0, -5.0, -5.0, 1.1916292709975993, 5.0, -2.8173575217125837, 4.2565060745995815, 5.0, 5.0, 5.0];146.86347380001098;8.183521699975245
[3.3652650960000057, -2.4999999999967772];True;[-5.0, 1.1801628314788362, -4.312160341556063, 5.0, -5.0, 4.61201240222675, -2.880707413798197, -5.0, -5.0, 5.0];153.41873449995182;8.183521699975245
[3.8416749120000064, -2.2685357];True;[5.0, 5.0, -4.118199276835629, 2.968590858859253, -5.0, -2.1437435175611363, 3.948669671214793, -5.0, 5.0, 5.0];151.10866540006828;7.992068300023675
[3.3376479840000055, -2.2201748];True;[5.0, -5.0, -0.9330527646155691, -1.1740269355258008, 5.0, -5.0, -1.6726688793543483, -5.0, -2.1122237748322408, -1.7872840144927107];159.077958400012;7.992068300023675
[3.8687567760000015, -2.499999999945684];True;[5.0, 5.0, -1.3486541088797876, 3.742886463061982, -5.0, 3.009353999427253, -4.371630868745664, 5.0, -4.1228485173686185, 5.0];152.92142670007888;7.992068300023675
[2.954163312000005, -2.1007534];True;[-5.0, -5.0, -3.3267424988802143, -0.9836726179151842, -5.0, -5.0, -4.951761565511643, 5.0, -1.1709951280548765, -5.0];154.1432464000536;7.992068300023675
[3.614050656000012, -2.499999999995064];True;[-5.0, -5.0, 0.36855375115997013, 0.1381560331294951, 5.0, 0.009520960714112015, 1.2969378790729564, 5.0, -2.0761119876964935, 0.3801253980512733];147.7915516999783;7.992068300023675
[3.3962725440000034, -2.0290013];True;[5.0, -5.0, -3.529499394111566, -4.767421517770106, -5.0, 0.8044580440582729, -2.431559711895919, -5.0, 5.0, 4.95884854838973];149.14985859999433;7.4515845000278205
[3.911728032000003, -2.4999999999990363];True;[2.990289882950191, -1.1537460759573555, -2.6923605905510057, 4.5366568150873725, -4.402841269434528, 3.2209334318537195, 2.2843893363125485, -0.12357661317092461, 4.238769436273653, 5.0];146.01646179996897;7.4515845000278205
[3.77692437600001, -2.4999999999989475];True;[5.0, -5.0, -3.5306005356356653, 4.113507821835459, 5.0, -5.0, -4.926590827205749, 5.0, 5.0, 2.0012810722422287];154.81200100004207;7.4515845000278205
[4.110524712000005, -2.2289152];True;[5.0, -5.0, -1.620936120694139, 4.977637026311296, 5.0, 4.537776832428504, 1.8999383284855833, 5.0, -1.6923531241617438, 5.0];149.78776570002083;7.4515845000278205
[3.276135504000008, -2.499999999999767];True;[-5.0, 5.0, -3.49194057784447, -2.8054515002639806, -5.0, 1.5210323001905426, -2.336529717335808, -3.968724467108496, 5.0, -4.445459051428839];150.60485640005209;7.4515845000278205
[3.42530769600001, -1.9869531999999999];True;[5.0, -5.0, 3.131893519850479, 5.0, -5.0, 1.6358703841874416, -4.679452641953909, -5.0, 1.2907471520810248, -5.0];152.65443429991137;6.651311200112104
[3.1159287360000008, -2.4999999999993];True;[-5.0, -5.0, -4.455747409879234, -4.988499082450791, -5.0, 1.8857618385608808, -1.3498521279321936, 5.0, -1.8855087329447997, -2.1501878167642734];145.6998625000706;6.651311200112104
[3.707785584000006, -2.4999999993356536];True;[5.0, 5.0, 4.896789543181981, -1.5948314994588477, -5.0, -4.354434531879236, -4.490787806290566, 5.0, -5.0, 5.0];153.89850620005745;6.651311200112104
[3.8339738640000007, -0.9206430000000001];True;[5.0, 5.0, -4.848284657515225, -1.8523539219001433, 5.0, 5.0, 4.357602211569899, -5.0, -4.284856670778556, 1.9266612802367824];147.5956443999894;6.651311200112104
[3.0731572800000024, -2.4999999999987903];True;[-5.0, -5.0, -2.044982292786079, 2.4147589686413937, -2.964459054265097, 0.8898230262242475, -4.037610498635893, -5.0, -3.770556232588773, -0.4111782399560031];152.12059379997663;6.651311200112104
[3.5471772720000043, -2.4999999999953544];True;[5.0, -5.0, -3.0140119955481337, -2.837761984117361, 1.7750323052128278, -3.2755162085030376, -3.511240485507428, 0.3511748002527053, 2.53346761397175, 5.0];157.06564340007026;8.26998119999189
[3.3216210000000106, -2.4999999999978497];True;[-0.584349247714858, 5.0, -5.0, -3.2870990938351885, 1.5398385816166318, -4.173335459205698, -3.1899793299145753, -5.0, 5.0, -3.7263087672323456];160.44931439997163;8.26998119999189
[3.7882959120000006, -2.1019873000000002];True;[2.139705695104408, 5.0, -1.1041970350974326, 3.887519521351008, 5.0, -0.4256805300231532, -1.0753934215926693, 1.2200463229287486, -5.0, -1.45792268572569];157.37101000000257;8.26998119999189
[3.7333748880000046, -2.3145832];True;[-0.22032552553771723, 3.636295217919649, -0.9480098120824092, 4.141912216398559, 1.4519505131262624, -0.6051064989575581, -1.0443637424718473, -1.070492365385054, 2.4476846389501308, -2.148122684390735];153.7724168000277;8.26998119999189
[3.8040336720000094, -1.133872];True;[-5.0, -4.128043683494426, -3.1670158938945967, 3.692247697776031, 0.9988917898921921, 4.44166721458576, 1.6136880561039115, 5.0, 4.51283522739854, 0.9484153524337158];148.69124590000138;8.26998119999189
[3.1996967760000024, -1.9102082];True;[-4.406681052728457, -5.0, 5.0, -1.9935540162818093, -3.7500737383419467, -3.49242010559514, 0.8531886156846724, -4.08308445206711, -5.0, 2.806756422369668];177.10486790002324;8.285890099941753
[3.887012016000002, -2.499991528392];True;[-3.7796184589646327, 4.561708216600982, 5.0, -0.120303272632162, 1.0911823457486651, -0.7327852914841886, 2.7435510625070503, -0.7796187917148991, 4.654117354783466, 0.11601166573018329];167.3640785999596;8.285890099941753
[3.582357408000003, -2.49999999999939];True;[5.0, -5.0, 5.0, -0.6980916542781923, -4.494815846203056, -4.16632615742261, -3.3901496249850482, 5.0, 0.3917562341183656, 1.0075112600182887];174.76357549999375;8.285890099941753
[3.4621572960000098, -2.4999999999984195];True;[1.97795210861611, -2.2852915002915477, 1.0619222584379422, -3.268859904471406, -4.495056795787773, -0.10830658018379324, -2.2703390118973408, 2.48758391165196, -1.6001434088924373, 1.5855819938162359];168.40713089995552;8.285890099941753
[3.671334504000007, -2.499999999999076];True;[5.0, -3.8127785381102295, -5.0, 1.949030659812184, 1.4379783944113997, 3.7715983399742843, 3.0349438840158545, -1.7286228829861856, -4.886257731057086, 3.0033100498547203];170.62789690005593;8.285890099941753
[3.6848535120000134, -2.2348005];True;[-2.4061834063410177, 0.25899227541659986, 1.9833688805127565, 2.1599576962165665, 0.2863511474339955, -1.3050118262805488, -0.5070529112404145, 5.0, -1.9909632626667308, -0.08439406296426366];148.14554279996082;8.238308700034395
[3.39021828000001, -2.4999999999990106];True;[-1.4225369486891326, -3.7864012634722863, -0.23927419700216657, -0.18518838323126552, 1.370691617136984, 4.406455132903677, -1.6030403088516327, -1.8194913678125362, -2.463849595982328, -4.50281665160915];153.51506530004553;8.238308700034395
[3.8284321680000093, -2.2562946];True;[5.0, -2.3439362152366865, 0.5897193716213467, 4.03157118128682, -1.9436064622059206, 4.028458197196413, 1.4075769517558463, -5.0, 5.0, -0.7275361747836131];157.62873679993208;8.238308700034395
[3.9380819760000128, -2.493556818];True;[5.0, 0.4569759701409044, 5.0, 2.470028712814578, 4.447033640364346, -1.065871621067843, 1.0850994826657558, 0.0011248134329733261, 2.724237862331922, -5.0];154.8906052999664;8.238308700034395
[3.1599869040000033, -2.4999999996937428];True;[-0.7902520580413483, -5.0, -3.821923984402626, -3.190257664451567, 0.97443845650883, -4.268975722617284, -3.3117317784856883, -4.369240103844252, 3.6302354788390456, -0.756634636339423];159.34599709999748;8.238308700034395
