objectives;is_feasible;variables;evaluation_time;algorithm_time
[3.5386139520000026, -2.4999999999985287];True;[-1.6001085585399002, -1.5548678516281433, -2.471125170227537, -1.9167167473460758, 3.448681838997336, -0.5251585189677019, 3.00957938959227, 2.239481482267162, -3.985027465169164, -0.020007930995955547];158.7274264000589;1674.3058298999676
[3.3156028080000013, -2.499999999999566];True;[-0.36386760441707544, -3.4806337052229095, -2.4095627964000554, -2.717692454729883, 3.5361298369235747, 0.7747306635110887, -3.4904402616894203, -4.7044018553283244, 0.6166467306937697, -1.4607453325205366];160.42758419993334;
[3.725008992000012, -1.7185764];True;[-2.373964424437488, -4.914168942756422, 2.85194677761506, 0.753983907810599, 0.2528174757257373, -0.6432470733278226, 2.6501147242528864, -2.663531468715502, 4.714750558624061, 4.625399882637431];159.70454259996768;
[3.9822507360000037, -2.4999999999996034];True;[-1.303735812689263, 3.792363586427525, 4.8919865034593535, -0.17217679779880335, 4.010492157072475, -0.32353972002783493, -3.7246731223056537, 4.784551980007569, 4.504955437962639, 0.7032081616921593];160.0722853000043;
[3.1424770800000115, -2.499999999999626];True;[-2.3237030168770776, -4.099926433334048, 0.7295120211926616, -1.9120260119919, -1.6633710288116434, 1.2552924084254595, -4.813550963135103, -2.091865827536804, -3.5312984608876077, -3.2640218916564887];156.71815090009477;
[3.8363068800000013, -2.3123322];True;[2.398962061961475, 2.4963107643343374, 1.4052673345237956, -1.6531242302178653, -2.2271647009585926, 3.022353358469058, 3.9191692714939244, 0.46877263697292015, 1.2307741416792686, -0.6545154551034056];134.76349449995905;
[3.8863471680000012, -2.4999999999990754];True;[2.178896080402848, 1.217570976865594, 1.6509216648483962, 0.3522059819678187, -1.6458099615500856, 4.212246741461808, 3.998189025267415, -4.0481488554649445, 3.2379834355367194, 1.5694442381422498];138.35386240005028;
[3.452200776000003, -2.4999999999711813];True;[-3.597301041265343, -1.7530214556985513, 3.1660019034354665, 0.48639284112370795, -3.9251550451787987, -0.23439921887019377, -0.5781049038637036, -2.286614873005327, 2.2267628892584304, -0.8804277099195374];138.49706029996742;
[3.686804208000008, -2.4999999999983475];True;[0.5552993931913743, -2.032700892945385, 0.9177515188120013, 0.689491512808126, 4.89993684682746, -4.45200477773339, 2.5504700602334642, 4.924565964197527, -2.6329829773214772, -1.9344049510370431];137.34987779997755;
[3.723168888000006, -1.065835];True;[-0.939791865141685, -4.547214826355105, 3.657710281448871, 1.9340499960688522, 1.6551917647545196, 2.4850614538920732, -3.921389326791024, -2.6544732781191493, 3.068888949785544, 4.430900760902745];136.9564204000635;
[3.7138525920000083, -2.3799314];True;[-2.2856921319413734, -1.5586733477652404, 2.521590433392551, -2.587189291184969, 1.5128760705562527, 2.7000862524244598, 1.6020085178282901, 0.6864432987702003, -1.7107562222319093, 3.856928818619185];141.43750720005482;
[3.7981938960000017, -2.4999999999978018];True;[-3.445748690608105, -1.21684096209664, 0.2473190839903694, 3.8492053326909, 1.4234120552783889, -3.958429289493748, 2.238480501054391, 4.674604447843354, 1.8736195882735904, 2.956722139097975];148.95034570002463;
[3.5463858480000026, -2.3706272];True;[-0.6291220674450546, -1.1247993095483877, 0.3415837855887558, 3.417516158441737, -2.095562487418107, -3.0837300337577256, -4.487361531467323, -0.222702744386444, 0.5809109849636211, 4.287796207805783];149.51688489993103;
[3.4490322720000104, -1.9677525999999999];True;[-2.153090491252563, -3.1685693662045553, 1.5380428739395153, -2.814700199648917, 4.514990423932284, 4.780166930192703, -4.240368216965321, 0.4988743457671605, -3.6074541946367433, -2.870467018082219];149.91348699992523;
[3.6183557520000074, -2.499999999997576];True;[1.1746115015120306, -4.862030001204424, 3.726971554953151, 2.190158069706202, 1.3643061144105335, 1.2130358840958095, 0.6434472101895663, -3.231405683283042, 2.8522523088309537, -4.754891713656331];154.16503329994157;
[3.7533132000000107, -2.499999999999357];True;[0.49186249336294985, -2.8318761580405463, 3.713099765357807, -1.5130842392576072, 0.92921483954599, -1.1290917611879578, -0.17108767952597148, 2.606428951806649, 3.935828497007803, 0.5331941528719364];185.66301189991646;
[3.4851379680000125, -2.42774489];True;[1.72587841191101, 0.9110622368928674, -2.8099402083333036, -1.79531429022455, 0.7586462012582418, -4.762689447035877, 1.496936493706304, -0.052256230055006014, -4.036160679421171, 2.7128168418013674];197.40506729995832;
[3.271121496000007, -2.4999999999972395];True;[-1.1177281553047758, -2.0218583200731945, -2.2737719741815132, 2.2130341794900135, -1.7344034606672976, -4.859306795092734, -2.752543423020488, -4.406893720056946, 2.8340683717328297, -1.6398103288114285];194.35365220007952;
[4.028452272000008, -2.4999999999959917];True;[2.728308072631341, 3.2181028923894885, 3.1202600255674326, 4.62202812120092, -4.515598717928687, -2.0186428843600837, 4.779192926647376, 2.6399797578241664, 4.8407824007188776, -0.11200983806446807];183.83332340000197;
[3.4055957520000013, -2.4999999999974913];True;[4.252579891060055, -2.538102332029424, -4.322424468501474, -1.1884887943479718, -4.375559271725389, 0.520082993244813, 0.0978417147856172, -3.2346634464685717, 4.047932292895979, -2.7927097176160554];185.8454985000426;
[3.5552269440000117, -2.4999999999990545];True;[-2.7066621463997187, -3.8116938576016324, 1.5172746471917362, -3.1813231925737986, -2.2177004265104405, -0.11721079904680565, 3.3925792207784244, 3.798751846562551, 2.241557729084036, -1.5217479585471683];190.88571890001185;
[3.4615263600000086, -2.499999999999573];True;[1.9991241419829162, -1.1433823620342096, -3.4831677072237124, -1.9138872391064519, -0.6787037035923191, 1.5191209919204294, 4.256549146984584, -4.749737880274846, -4.859668293492012, 2.109608740774174];187.11941500008106;
[3.4693706160000004, -2.4999999999984706];True;[-2.2524593143373375, -1.3269026148782617, -2.494867206607597, 0.49894193505204765, 2.6876045349434, 1.7915926087447005, -0.27374249100882864, -1.8873466640930516, 0.5612002285687323, -3.885034726184231];182.67934549995698;
[3.6092308320000015, -2.499999999995156];True;[0.10580856241291059, 3.8327983506955388, -0.673879086251155, -2.157569383836131, -1.1598622664127523, -4.582847542643494, -4.3818612264753245, 3.502597128625336, 2.5825416304421935, 2.8262515519020157];185.25785860000178;
[3.6269804160000003, -2.499999999997189];True;[2.3126237525916267, 2.9304133048551293, 1.7711703188364334, 2.1792576297442823, 2.1185876357104068, -0.7533718005473187, -3.6785651139719566, -3.644027822367417, 1.518155211904725, -4.038460207397221];185.9849905000301;
[3.500835336000013, -2.0789942];True;[1.488182151728818, -3.429355019302408, 1.6751603044940433, 2.7330950471241087, -2.1905091692591947, 1.8887811766022278, -3.8048721413563955, -2.948811134464319, -1.961990300658086, 1.4260311104368375];169.6661763000302;
[3.833741448000014, -2.3881843];True;[0.5538679051319448, -1.3994066918922088, 1.8253514677148566, 3.350684556886499, -4.47706843880165, 4.971694231141706, 4.109882629417527, 1.9460759992814447, 3.7756376222935, -4.36869388406513];166.84750269993674;
[3.786847848000013, -2.4999999998777334];True;[-2.3099140329406795, -3.7358717073869583, 2.8344497316060906, 2.7685593404184914, 0.02048660488495191, 4.748391843104779, 3.711195867364852, -0.15901046840212274, 3.307065002073154, -3.068330313643898];177.41495580004994;
[3.612204720000012, -2.494189445];True;[3.445633959162338, 4.20817546840569, 0.41278925636895725, -4.384031550389793, -2.3598239126371565, -0.07101090505629593, 2.6707045797487963, -2.4132024318227883, -4.362490660475956, 2.8849522893991733];180.512315900065;
[3.240777816000004, -1.057607];True;[-3.976256725063961, -3.7827241903247177, -3.5372543304486923, -1.8758869238426366, 4.73314409293789, 4.084662514329258, -0.47241529997024934, -4.62146051329257, -3.008602150315901, -4.7072245525844085];178.07940689998213;
[4.027734936000005, -2.4999999999990883];True;[-1.7259839014835898, 4.778323147034454, -2.3790670571365427, 1.846774939525253, 4.649544598669413, 3.875313388926932, 3.1200102284489066, 1.3734322713413967, 1.3054743224035006, 2.4253984884066773];170.10876159998588;
[3.740782392, -2.0447172];True;[4.0671719849340775, -4.839510160273017, -1.2794652118092809, 1.8220076054401613, 0.7728331066497045, 1.6584773366957686, 3.8566285605436583, -3.4359190150202834, 1.3583543949588561, 2.003794394861485];172.66846710001118;
[3.598257816000011, -2.4999999999986033];True;[-0.8481021856966287, -4.748407487259316, -3.2382657424087755, 3.9937084532640057, -4.77533071207671, 2.525059175902191, 3.697162506743311, -0.13168310421302998, 1.3207740657104017, 1.5911307815025886];167.8381716000149;
[3.4834542480000064, -2.499999999999355];True;[-2.2023301202351897, -2.3835282512792366, -4.0934943488877105, -0.7721892338163556, 2.447878188966639, -0.7020241648487682, -1.4211405676650148, 2.717861147756894, 0.009564954321932717, 0.4704580430937586];164.99122080008965;
[3.332648448000006, -2.499999998678885];True;[2.3547859817921424, -3.518562934792666, -4.964434187858894, -0.2596538508380819, -1.659555454518875, -2.5837188208200956, -0.7799811515991886, -1.101245923661148, -3.5592448798906684, 3.160867444971087];172.35304640000686;
[3.6473369040000008, -2.499999999999336];True;[-4.519571248567285, 0.830541374759707, -1.0173231982295583, -2.2387757247958096, 2.7119609572833614, -1.1504617988877253, 2.6788554890444596, 3.9500981791450247, 1.2052166677363392, -0.7923503359420412];160.0154218999669;
[3.690569520000006, -2.4999999999968505];True;[4.133951284123416, 1.399968179428928, 3.16536475998155, 0.03141524356503034, 2.6571454223169324, -0.8063259413394599, -3.609969747394859, 0.1776810595113787, -3.658111215280573, 0.16856092604265527];168.79804250004236;
[3.5591317920000005, -2.0347189];True;[-4.186054604678272, -1.3636235789004525, 4.214591228588061, 0.13363300450941296, 0.14908408211784518, -1.5519043241426864, 2.7902216166945504, -2.003000507293573, 3.941300125546878, -4.549629939333062];167.75784710003063;
[3.1711603680000118, -2.499999999998406];True;[-4.1738793270607575, 2.6067569029414317, -4.146840803080641, -4.302932562391972, -4.744646086583413, 2.397797029930447, 2.746942906496761, -3.592173845424247, -2.3184266938833256, -4.859642145097199];168.30759780004155;
[3.7152753840000026, -1.9711903];True;[3.2976537538834574, 1.4214147478880292, -3.760521970071812, 4.033606282941795, 4.076947359203411, -0.8172296054713959, 3.85763988695021, 0.9878442058743584, -3.3378043110939917, -4.9560244894422745];169.27835319994483;
[3.7849723200000103, -2.4999999999998166];True;[-3.0183473761336908, 1.2059540832328004, 4.474457164091149, 1.1811781565000725, 1.7889567972004716, 2.9070156992581175, -3.115491843802307, 3.9766685944546296, 1.4134115989155251, -2.783566535766062];165.2123415999813;
[3.6879267600000016, -2.499999999997893];True;[-4.504001170282338, 1.9770195902854129, 1.7898367101195989, -1.080437610131706, -1.3921697046416814, 3.6211298507632375, -2.0500568872560834, 0.21262622756055904, 1.0040801797670529, 3.9593216291251956];163.29696119995788;
[3.983366808000002, -2.499999999999271];True;[4.297313712224941, 1.225502170381735, 4.008139507557555, -1.636600211664824, 0.660032886070713, 3.1302842541604843, 2.5253109022790827, 4.603745803509412, -0.1417309561847251, -1.4568717341956052];161.37476720009;
[3.517028640000003, -2.137269];True;[0.6776229106831799, -0.41744586156701313, -1.1100943046998593, -4.189720509655473, -3.2915905968054124, 4.777733556030782, 0.35329399457756594, -3.043238610830943, 0.8292317983105768, 1.0396223321556217];164.52902580006048;
[3.757036392000007, -2.1284139];True;[-0.49025427099355223, -3.3899623701880643, 1.5186048814923456, -0.6303034997078836, 4.096971799063121, 1.979315040812752, 3.3055872040681713, 1.8851794957703119, 1.156591005095473, -2.694849437104736];162.37603500008117;
[3.364482528000007, -2.1390143];True;[3.238729085864062, -3.1947239189765453, -2.7821032210462358, -3.863380069769944, 4.269709556665202, 1.3551417368440344, -3.274162348160891, -3.911504918621478, -3.7708287372200147, 0.4961925472028632];169.1609477000311;
[3.732857136000009, -2.499999999996627];True;[-2.006478914393164, 2.2573895548337077, -4.162903288858112, 4.204573157967374, 1.3724010832154532, -0.9617171931100321, 1.1503485781620366, 0.32992655094719403, 0.7104849506962276, 2.7234409805382933];165.53309119993355;
[3.4349469120000116, -2.4999999999870894];True;[-1.3152287192171395, -2.671823495820589, -2.424492476937731, 1.6756455022534666, 0.8129250757685913, -0.45395059018574546, -2.4021844926400915, -0.6980508845437985, -3.3341905839136987, 2.63671728478144];168.67900900007226;
[3.9923606160000014, -1.7284229];True;[2.2860095247946175, 2.7417592003705185, -1.1358364703981785, 3.6445157174480567, 2.0268005303073178, -1.65284531545998, 0.7568209442937501, 1.8114789427400426, 3.0697130304016103, 4.083063789716471];161.1887326000724;
[3.386486016000001, -2.4999999999979616];True;[-4.284829669352473, 2.7059817749808683, -2.099413949106644, -2.639105781765233, -1.9360104505901345, -0.5702837834026662, 3.769008399464406, -3.9931276787024728, 0.4257780281032053, -1.7962119240642815];162.11208019999322;
[2.8835328240000013, -0.24550599999999978];True;[4.997698067714362, -5.0, -5.0, -5.0, -5.0, -5.0, 0.09121763731616195, -5.0, -3.792019607482816, -5.0];171.0917414999567;8.119206099887379
[3.779659584000006, -2.499999999999145];True;[-2.0881047859377855, -2.6419410372318817, 0.5901654561592444, 1.7227253199127412, -0.2656679792318126, 4.397385065289592, 1.9843779755003865, 2.345123625392075, 2.91974336779373, -1.1795501778943693];159.60235309996642;8.119206099887379
[3.783008664000012, -2.49999999999758];True;[1.4106363038686833, -0.11822209830494845, 3.614818307752481, 1.5041631033097218, 3.0733781124086086, -1.86761140575463, 0.0987778725948747, 4.011661140292247, -3.335744258903661, -0.4525455404626495];165.6723658000119;8.119206099887379
[3.330206784000006, -2.4999999999976272];True;[-4.968061373018752, -0.4334468771106268, -2.8014628728221123, -0.49119581819840086, 0.6797565987853984, -0.0047990189362812075, 0.6486265317138926, -3.112892532006706, 0.6525386892037774, -3.1927874557579115];164.35101179999765;8.119206099887379
[3.9053048400000123, -2.4999999999980766];True;[1.9020126627710994, 1.1403086436760859, 1.004169352448839, 1.349289926153392, -2.9248137090568056, 4.70099351430903, 5.0, -2.682681290526823, 3.535142586802504, 0.5767196477447705];161.76044230000116;8.119206099887379
[3.68421696, -2.4999999999993627];True;[-4.02004594048436, 2.453149980328125, -4.073172705860202, 2.901758718027331, -0.5886902012410831, -2.6489346046736197, 0.8057635454297083, 5.0, 0.5897595671915514, 2.9459950935235106];154.20137850008905;6.446864000055939
[2.71120608, 1.666829];True;[-5.0, -5.0, -5.0, -5.0, -5.0, -5.0, -5.0, -5.0, 3.3187866372549735, -5.0];161.83428479998838;6.446864000055939
[3.7693764720000136, -2.499999999999071];True;[-1.7491533169296507, -1.1538789607166273, -0.6367044725745936, 5.0, -3.3901485790569987, -2.0252849197462828, 4.862060836452208, 1.3874737683655685, 2.634575741527528, 2.379223683134896];155.71565879997797;6.446864000055939
[3.8459968560000113, -2.1351752];True;[-3.4890555558241436, 4.150459536053557, 0.1860686878424982, 1.8340188101385149, 1.7353160293914058, -3.95376085795099, 4.649953734652776, 2.0921697727968835, 1.797095471677772, 1.853145677748521];155.4578369000228;6.446864000055939
[3.357328608000004, -2.0513778];True;[-1.2609678665406094, -0.494386661163432, -4.08953107562505, 1.8490148386230363, 0.6329619272556339, 2.255152825479665, -3.7841555111330045, -4.213425430682667, 0.6570721448734931, -3.3198547841581374];160.4542351999553;6.446864000055939
[3.5996514480000075, -2.1556672];True;[-4.39586545463492, 1.6909741865954677, -0.1601968486040386, -0.6959802284785956, -5.0, 1.282948609896609, 1.6239004011246827, 4.7507502542219076, 5.0, -4.645987790685196];162.45307600009255;6.222559400019236
[3.5765409600000133, -2.4999999999988662];True;[-5.0, 3.4219464274096154, 0.6548045174599029, -4.270060430702509, -3.1720985306864464, 2.8376568954574815, 5.0, 0.3597517318774983, -4.6540202849560535, 3.2026227231189015];163.3107808000641;6.222559400019236
[3.518888616000013, -2.4999999999959486];True;[-2.194345837685528, 4.145469150159446, 4.288264634805291, -2.783699307720738, -0.0044640936955184785, 0.9558991241829986, 0.3121051795267267, -2.544742780024816, -2.1180375796705766, -4.344942468878838];166.51333949994296;6.222559400019236
[3.435964920000006, -2.4999999999914433];True;[2.5173586109670403, 0.22254700712325537, 0.9309966494055129, -3.8181199641286883, 0.20327500136589904, -0.5976431156285242, -5.0, -4.977686897688545, 4.140203668762862, -1.7485125212263326];168.87564460001886;6.222559400019236
[4.063790952000004, -2.4999999999978946];True;[0.1808770297414597, -0.4397716939976668, 5.0, 4.189514819453349, -5.0, 5.0, 4.602958332385747, 5.0, 5.0, -2.595105184839961];162.16358659998514;6.222559400019236
[3.443358816000011, -2.0768471];True;[-0.8491858623392909, -4.142515940116595, -0.7345284692332958, 4.151680773971535, -1.2636663394450158, -3.96861293836092, -0.7456641249930804, 3.301267705761102, -3.6929970675354302, 0.15901688664208535];170.70770239992999;6.5414414999540895
[3.3446148480000133, -2.0253864999999998];True;[-4.01046951745484, 0.6022331287207408, -2.9862025856528436, 2.821040932036798, -1.7506290370095412, 0.4556723057844545, 2.003532783472279, -5.0, -5.0, 0.50811330566746];168.82547190005425;6.5414414999540895
[3.737601360000009, -2.4999999999992304];True;[1.7789015830935684, 1.788087237037387, 4.20505670775356, -2.7104034274261073, 2.7377973156249746, 1.3094765422905175, -4.229395623487325, 2.313437199608045, 1.242072328693169, -2.597933946387389];162.8284755999921;6.5414414999540895
[3.5716740480000038, -2.495661574];True;[-3.1940042393148205, 3.3377240479694557, 1.0917430574237832, -2.966441489386777, 0.16553485241784038, 1.0240654256548538, -1.5573920828600412, 5.0, -5.0, 0.25402825087719627];168.09997089998797;6.5414414999540895
[3.0533556960000015, -2.4999999999985496];True;[-5.0, -5.0, -5.0, -5.0, -5.0, 0.8873829193141045, 3.0129016624830296, -1.2377776765621764, -5.0, 1.496520779963653];164.21388370008208;6.5414414999540895
[3.2537471040000043, -2.4999999996192113];True;[-5.0, -2.255666971859412, -4.172288758129313, -1.851565887474012, -5.0, 0.2846107423235811, -4.027176284498745, 5.0, -2.2064787156198906, 2.6650150225072853];160.89994920010213;6.698643399984576
[3.816610920000005, -2.4999999999982987];True;[-5.0, 5.0, -5.0, 0.5114797868939069, -3.907648185237134, 4.568674384100346, 5.0, 5.0, 0.9984604598777587, 2.323977285614827];156.31897759996355;6.698643399984576
[2.796338160000009, 1.3623949999999998];True;[-5.0, -1.6270061423479993, -5.0, -5.0, -5.0, -5.0, -5.0, -5.0, -5.0, 3.8871122713502277];166.50885159999598;6.698643399984576
[3.9051246960000037, -2.4999999999985363];True;[5.0, 4.474590767194025, 5.0, 0.9174082189761315, 3.1972325651894202, -2.3691942154459222, -4.884644137797109, 0.6265014212693876, 3.2192421858691347, -1.588324981370003];164.9074474000372;6.698643399984576
[3.424584096000008, -2.4999999999843467];True;[2.953505843307741, 5.0, -0.08721782982312831, -4.450193938301033, -5.0, 1.5941209445735236, -2.330871270290795, 0.17418450212401737, -3.469394504346075, -3.0385787607178014];166.51250910002273;6.698643399984576
[3.2782754160000094, -2.499999999996943];True;[0.39748551593941706, -1.9524257946339936, -3.0581835883405377, 3.8352235390483074, -2.3109168697331355, -4.6829141418323275, -4.5866030488643235, -4.056642082245427, 1.6049325115734288, -0.6179456245360706];174.97525120002683;8.664200700004585
[3.614297112000009, -2.499999999999484];True;[3.704524242634937, 5.0, 4.682983714760384, -1.6895607145105567, -0.6933597970067789, -1.859538212254967, -5.0, 1.7424485232338363, -5.0, -0.7589271552370676];176.8173938000109;8.664200700004585
[3.318470424000006, -2.4999999999970832];True;[-4.443559032360898, 5.0, -5.0, 2.1900912541824082, -2.7606877213521193, 0.3730603821902614, -3.9977316884171836, 0.05010160642032346, -5.0, 0.021630600666159516];175.2345962000545;8.664200700004585
[3.372877368000002, -2.499999999998413];True;[-1.0263789869182967, -1.260001968495204, -0.5304488329403867, 3.270465524918947, -5.0, 0.6507944938871812, 2.997629558548441, -1.4547870760640875, -4.138606320911985, -4.556958913246119];173.53565550001804;8.664200700004585
[4.691520000000004, -2.499999999999371];True;[5.0, 5.0, 5.0, 5.0, 5.0, 5.0, 5.0, 5.0, 5.0, 5.0];160.91810629994143;8.664200700004585
[3.8483462880000014, -2.499999999998772];True;[-0.753869375294677, 5.0, 1.8141672582348995, 1.491676084891993, 3.2226590355239253, 3.1200691291145706, 1.6725470353768248, 5.0, -4.6030505405759, -5.0];166.88211120001506;5.958138299989514
[3.239587872000002, -2.4999999999965192];True;[0.5675642532811445, 3.6680862053656824, -4.394636380930663, 1.1781657373107102, -5.0, 0.04939064065604093, -2.9132450714387716, -0.37439084185708715, -5.0, -5.0];170.59547120006755;5.958138299989514
[3.2902590960000033, -2.499999999997244];True;[-3.2679864503586185, 1.226597226685472, -5.0, 1.205540353574614, 1.9001709963143742, -1.6855041916052138, -4.675033578579107, 1.743337037305773, -5.0, -1.3203108435906126];172.6602197000757;5.958138299989514
[3.640713912000007, -2.498285466];True;[0.5476337299842218, 3.1913956757644364, 4.2693094994203875, -2.5571241201137798, -3.041071788874362, -0.04901687791253817, -2.701553590949662, -4.935648695780863, 5.0, 1.627664706921406];169.6946028000675;5.958138299989514
[3.398706216000011, -2.499999999997765];True;[-1.8999192755753835, -5.0, 5.0, 1.7262506849817507, -0.9717385376744998, -0.08344627090667345, -2.8124931659714445, 4.188820320090192, -5.0, -5.0];170.29997809999622;5.958138299989514
[3.4866659520000063, -2.4999999999961684];True;[-3.9516113883346087, 5.0, -5.0, 3.5652265103417164, 2.288658195283144, 1.4228093364500811, 0.540515796059343, 0.2555424529803316, -4.901454555992999, -5.0];171.8972818000475;6.320087000029162
[2.6729632800000096, -2.499999999997352];True;[-5.0, -5.0, -5.0, -1.2127869695951112, -2.2389199291218724, -5.0, -5.0, -5.0, -5.0, -5.0];179.68676670000423;6.320087000029162
[3.663480960000007, -2.4999999999986304];True;[-5.0, 1.7599980892726617, 0.009923089706217247, 5.0, -2.2027174800895457, -0.5377024696465762, 3.6669499981975235, 3.5116786477018422, -4.999747661774669, 1.1972160846995115];165.96764000004623;6.320087000029162
[3.4644497040000055, -2.4999999999971836];True;[3.338035058444831, 5.0, -5.0, -1.625760523201973, 2.5884384263639415, -0.46406309188124695, -3.5838017041250394, -5.0, 2.938356471703239, -5.0];171.03784769994672;6.320087000029162
[3.540322728000006, -2.499999998996466];True;[-5.0, -4.925268275612205, 1.8867207003386852, 5.0, -2.363891540827386, -0.31418893767936584, 0.2284206854105486, -0.026310677226042856, 4.934076258602065, -2.7156966616481517];163.81283160008024;6.320087000029162
[3.5837717760000136, -1.8235793999999999];True;[0.11933251758040875, 5.0, 5.0, -4.4104743178964, -5.0, 0.8700935697053938, 2.6274265686102023, -1.5010542363230739, -0.07610585853815977, -3.913874034755752];165.37568810000084;6.127352899988182
[4.028506272000007, -2.499999999998771];True;[5.0, 5.0, 5.0, -1.257688699673568, -3.9716753637702835, 3.340766022762409, 0.7800724820873564, 5.0, -3.303556551270249, 3.717018973881796];159.80737759999465;6.127352899988182
[3.5562898800000076, -2.2553745];True;[0.4753553652484719, 0.5557360301298377, -3.6671797297214876, -1.125674506743946, 2.6607278516061292, -4.6246946488498155, -3.710122472867181, 4.707781409662248, 1.591163272425633, 0.5799638395032467];164.88929289998487;6.127352899988182
[3.598592616000013, -1.8518773];True;[-5.0, 5.0, -5.0, 4.0737871912121175, -5.0, -0.9684105100013154, -1.7620875052770977, 2.77522713650702, 5.0, 0.28298656434997405];166.02598890010267;6.127352899988182
[3.7803700080000087, -2.4999999999993814];True;[-0.10937382389076777, -0.7585805228580469, 4.9959669408696605, 3.934041398618959, -5.0, 1.4799867243831724, -0.228801640879289, 4.030003433824179, 2.819022597891422, -3.3451647362529577];164.22498549998272;6.127352899988182
[3.594271104000013, -2.499999999998844];True;[-0.5120731601703747, 2.9183420082887572, -3.3017548244771833, -2.6524496615721294, 1.1165540800215954, -0.6607864347854564, -0.7732443288438242, -3.4601877631136033, 5.0, 1.5270407117876452];164.42464580002706;6.579262500046752
[3.314485224000005, -2.2894357];True;[-3.0681087916351384, -5.0, -5.0, -3.59567566509042, -1.1020034661371088, 0.5773377576346439, 4.081077465199289, -0.4509819102176742, -5.0, 4.80676445278211];164.95516329992097;6.579262500046752
[3.4472234880000006, -1.9691331];True;[3.8585902048115113, 1.7694147815297914, -5.0, -3.4832248834945436, -2.388389413892825, 0.8649785718603953, -0.9621431568426999, -0.09911026739154583, -5.0, 2.8335857108092943];165.80298989999574;6.579262500046752
[3.7771306560000077, -2.4999999999951723];True;[1.2263714655466664, -5.0, 5.0, 4.493331429598262, -3.9014685166104686, 1.2719937691969996, 4.134978732907301, 1.0700575026605952, 3.3925680212463867, -4.020649375486553];165.59326759993564;6.579262500046752
[3.5446232880000093, -2.2790101];True;[-1.1206772028968235, 4.866335766816901, -5.0, 1.0350480277142253, 0.47077107504358917, 1.1858092852427857, -0.5753037333831452, 0.3250519722387111, 0.715924824648539, -5.0];167.71780969994143;6.579262500046752
[3.42705470400001, 0.19589200000000018];True;[0.8650205310924495, 5.0, 1.2686622863700494, 0.9883221462911731, -5.0, 1.359266335713957, -1.3265931903642665, -1.6947299296425502, -5.0, -5.0];170.01694570004474;6.291870600078255
[3.024747144000001, -2.4999999999966307];True;[-2.3587660968666575, -5.0, -0.08963734201137807, 1.0051418265794716, -5.0, -1.3277686228388506, -4.395481649087026, -0.6689636094306293, -5.0, -4.329976468144814];171.44247240002733;6.291870600078255
[3.3805283040000136, -2.492849405];True;[-1.7330643992297299, 3.7529075052210974, -1.5143219743387308, -0.9571766820317889, -5.0, -1.0851434267383055, -3.5565233639263827, -2.605702852350322, 0.7541170419229237, 1.2508884373781122];166.3015598000493;6.291870600078255
[3.581818920000007, -2.499999999999106];True;[2.873052947246494, 4.048063386578017, -0.2741934204392704, -2.2623260122509685, 4.6402994101439194, -0.839768579247913, -1.4529700630734883, -5.0, -1.6349308304331354, -1.4722780567857647];168.1761109000072;6.291870600078255
[3.618934632000012, -2.499999999996806];True;[-5.0, -2.8297689406676656, -5.0, 4.573475906240054, 5.0, -0.25670009720684384, 4.135129856044951, -0.2761441461242189, -5.0, 4.9972786559885805];168.80666800006293;6.291870600078255
[3.2150563200000066, -2.4999999999980704];True;[-0.5430364799634182, 3.1094645793912115, -5.0, 0.5996197935302447, -5.0, -0.9348155834488727, -5.0, 1.942592772360432, -5.0, -2.5286305173390806];172.95533419994172;6.434410299989395
[3.5213676480000125, -2.4999999999987184];True;[-2.6122538492138054, -0.2138513578517438, -2.5329559575671916, -1.0226309284286028, -4.304312668247493, -0.21031915440509774, -2.412314289793076, 1.6931208314944834, 5.0, 2.4418011436015616];164.8310055999318;6.434410299989395
[3.639225240000002, -2.4999999999981353];True;[-0.08167141457935045, -3.250592654534107, 3.2576223870166228, 3.2496725998788936, -1.9594934891890126, 0.5153653115893109, 4.400164829793486, -0.076559892874565, 0.22812583858483837, -5.0];168.94951690000016;6.434410299989395
[3.412131480000011, -2.494512589];True;[0.9772648842112659, -1.4898732599175206, -1.3755805398310867, -1.8062409763063965, 1.9637830554810325, -0.4324922989891249, -3.947564760792295, -5.0, 3.170874471744307, -1.2911194961624197];169.55354120000266;6.434410299989395
[3.93485450400001, -2.499999999999406];True;[-1.2239067286752348, -0.2564388186232964, 1.9613068347304, 1.6584626064105237, 0.3211911846322586, 4.962859908383365, 5.0, 2.545697818059244, 5.0, -5.0];168.15463470004033;6.434410299989395
[2.771362728000007, -2.2815774];True;[-4.231981522505701, -5.0, -4.8051468643555255, -0.21833218740481186, -1.7514114713376303, -5.0, -2.918509440201021, -5.0, -5.0, -4.970807895806972];184.12068479997106;5.322985199978575
[3.879964368000005, -2.4999999999996025];True;[0.9211683393299994, -0.5967587824679423, 0.6468573215132203, 0.6371032103204666, -2.586074958115577, 5.0, 5.0, -5.0, 5.0, 3.4057047851352458];164.60778170009144;5.322985199978575
[3.53679739200001, -1.6055784];True;[2.757757747825348, 1.188403021904259, 3.288880774482255, 1.9779329744104626, 3.529316149592985, -0.4756518184616718, -5.0, -4.089241398364172, -1.6367761775070826, -5.0];168.1683390000835;5.322985199978575
[3.5444898000000085, -2.4999999999993334];True;[-2.1501908571403208, -1.6306525917884973, -1.598516966348778, 0.9553133005106185, 3.725680021008177, 0.39514453777395797, -5.0, 5.0, 2.1999690389597077, -5.0];168.13152340007946;5.322985199978575
[3.5679780720000025, -2.3557279];True;[-1.7427237987583073, -3.5381573925667578, -0.011787475402194936, 4.187432006775865, -5.0, 0.5317650299715115, 5.0, 4.2681019009672365, -1.3139582327623591, -4.396506618508546];161.74964549997821;5.322985199978575
[3.2667848640000052, -2.499999999949157];True;[0.6578636211716828, 0.28585811750210777, -5.0, 1.7478155297998512, -4.827048268306869, 0.23928241610800072, -1.7612278262933776, 2.6975211696694856, -5.0, -5.0];169.0389810000779;6.016831399989314
[3.4121679840000003, -1.8240627];True;[-5.0, -5.0, 2.540861622234938, 0.47070988318180795, -3.9796729305433747, -1.1831877674873326, -1.6445679033064664, 1.5160075639665171, 5.0, -1.9493833213682072];162.58899690001272;6.016831399989314
[3.3726985200000086, -2.2283371];True;[-5.0, -3.8275241257556862, 3.8492723689071333, -0.02717919788031864, -3.985867276621458, -0.6654581535405413, -0.1144757369454732, -5.0, 2.0583869525860425, 1.656271071555425];171.2401965999743;6.016831399989314
[3.1270002480000003, -2.4999999999990363];True;[-0.6519360743045954, 2.4461885338179536, -5.0, 1.4905722871748939, -4.678748993325456, -0.47621520074220314, -2.335005505799786, -4.940180908475504, -3.2861564214711203, -5.0];171.64537609997205;6.016831399989314
[3.7096395120000123, -2.4999999999991473];True;[1.6766837558472982, 3.2552417753890737, 1.7649449985285726, 1.7244355681171388, 1.2199784726583012, -0.7995889750288292, -2.339415159174583, 1.3552001321965967, 1.6851049120221715, -5.0];167.96781059994828;6.016831399989314
[3.787930656000013, -2.499999999998929];True;[3.1758596967198756, 1.982941365178121, 3.647821865833251, -0.7467399353487911, 2.1511242812676645, -1.4304102365270581, -2.531136240867094, 0.48425852594193586, -1.2145544129076145, 2.6479698127019144];162.62584740004968;6.121818200103007
[3.5978184720000113, -2.1945229];True;[0.9061634935768792, 3.6424774790181633, 0.94377460483269, 2.006055866328519, 1.242049143533002, -1.4223447855570273, -3.952127114594749, -5.0, 5.0, -4.000373991476317];172.56151689996477;6.121818200103007
[3.877061112000008, -2.4999999999976747];True;[-3.6502763798393367, 2.3611502453106246, 4.1849643112369375, 0.9071150308138716, 2.207871384454142, 3.494301241156675, 0.03548787991769409, 5.0, 1.8622096426813437, -4.109242127731767];163.35454600001685;6.121818200103007
[3.84298171200001, -2.499999999999313];True;[3.2143505224095055, 2.354783096228644, 2.5661841711697173, 1.1170060460431994, 1.8887060836519654, -2.0849180757273555, -1.4698832213067847, 5.0, -1.9878977695028626, 0.11748626938060269];164.6594776000129;6.121818200103007
[3.7081182240000095, -2.4999999999993223];True;[-0.04765944204143402, 0.2908533907173263, 3.9139689368930703, -1.8190668023147731, -0.6770604862499754, -0.23739684765343316, -1.4638070210157252, 1.8846984123261077, 2.264233453457387, 0.3634039255002808];160.6616412999574;6.121818200103007
[3.6644339520000013, -1.8676324];True;[0.6584374769255952, 4.52159446346862, -3.862260988429112, 2.3976963490834855, -0.030249514331225136, -0.6238573794690474, -5.0, 2.223980213436322, -1.284536205155486, 3.448918807811223];173.69713979994413;5.935131400008686
[3.9786336000000033, -1.8585422999999999];True;[2.7294335577051054, 4.6533791467245, 5.0, -0.553862650852829, -1.0986445494180161, 3.3662397391082433, 1.1773880447759328, 5.0, -1.5887396258456854, -1.68916279307326];163.81729049992282;5.935131400008686
[3.2910408000000055, -2.4999999999897713];True;[1.8207793578703102, 3.0489281721701804, -3.1742441614636494, -4.711543483496742, -5.0, 1.9212053720961597, -4.243222911867558, 1.4383332727576184, -5.0, -0.9371891162086321];169.63632970000617;5.935131400008686
[3.906227808000012, -2.499999999998328];True;[-4.47110685069012, 5.0, 1.7623894224957262, 0.6508750773107295, 2.0095097016862606, 2.8983844443006834, 1.1936165355360915, 5.0, 4.600196609094386, -5.0];169.15412660001311;5.935131400008686
[3.5831665440000107, -2.4999999999989937];True;[-4.763363214313544, 4.803414705135927, 3.873518561077006, 0.9682625041799673, 0.8013229754011677, 3.0041931614140545, -5.0, 5.0, -5.0, -5.0];173.14738430001307;5.935131400008686
[3.8158199280000082, -2.41982091];True;[-5.0, 4.491251142187158, 3.0684130020855456, 2.28818624711983, 5.0, 3.3115628532542427, -5.0, 2.2491211990703732, 4.049818402237413, -5.0];166.93308049999177;6.426009300048463
[3.4763845680000074, -2.499999999997922];True;[4.377242522719021, -2.463715624001238, -0.3216847704630039, 4.311497610886532, -4.973065610828752, 1.6561374150097086, -4.811528369888019, 5.0, -4.031153197782566, -5.0];167.61203309998382;6.426009300048463
[3.7613136240000067, -1.5919644];True;[5.0, 3.7286421206985914, 5.0, -2.866768644031617, -5.0, 3.305273964114029, -5.0, 2.767741863955024, -5.0, 5.0];167.16747179999948;6.426009300048463
[3.7618469280000095, -2.499999999998857];True;[-5.0, -2.139156984456652, -4.831127856902585, 5.0, 4.750185674939601, -1.1827362409942865, -0.5985501136966462, 0.9609627254151896, 5.0, 5.0];159.41247930005193;6.426009300048463
[2.9462581440000135, -1.7485296];True;[-3.6092082234453806, -4.459621682175504, -5.0, 1.4328033413786017, -5.0, -1.6747171812910495, -3.873252548717046, 1.3848470052089867, -5.0, -5.0];173.92465489997994;6.426009300048463
[3.8394092880000006, -2.4999999999987916];True;[0.3570254174898455, -0.1662395514762851, 3.6899203193448944, 0.8099910849496892, 2.5159817996939235, -2.3134531147027904, 3.042544678713014, 5.0, -1.0456750937726236, -1.3396980493355395];168.37556209997274;6.363050999934785
[3.621898152000008, -2.4999999999969904];True;[3.6451981843017727, -1.4927485697725555, 3.2415248736428843, 0.9173858836467357, 1.398033100924553, -0.03293797403893173, 0.5585728207011984, 2.245407819515643, -4.999971771681484, -5.0];173.12345109996386;6.363050999934785
[3.796280784000003, -2.4999999999954725];True;[0.7797631149337185, 2.826175585893246, 3.2305802180127667, 1.070574982403433, 1.6846870526097142, 0.5473377280379133, -2.801117708772817, 5.0, 1.2157296782693185, -5.0];170.27435800002422;6.363050999934785
[3.36185877600001, -2.49999999999933];True;[-3.8191297376149618, -0.939503371180173, -2.533363972465248, -1.3840941916415206, -5.0, 0.9353458720807826, 0.47439036450209215, 2.0179556307531668, -0.00800402330066241, -1.3019860264193115];165.02227940002922;6.363050999934785
[3.5871219360000124, -2.499999999959794];True;[-5.0, 0.1281991810499985, -4.651228096347916, 3.6559865943307077, 1.1693863963176483, -1.4162335357025535, 2.8890417190264515, 1.8256188539895533, -1.497435751319689, 1.7671404345609947];168.07456120010465;6.363050999934785
[3.5078333040000076, -2.4999999999994746];True;[-2.4621530587039127, 3.57992679172294, 0.31296269111161923, -2.4780541702731695, -3.508932873893742, -0.9337538058113282, -0.637467640078258, -3.0297025666743975, 2.925780820125633, 1.4310759180367025];161.85604400001466;6.633557299966924
[3.754190160000004, -2.4999999999981335];True;[1.30407689078901, -3.9185141180320633, 4.118896409980197, 2.2504715879144257, 0.35848167432950717, 0.5794959989453075, 5.0, 4.481855508865033, -2.569652818804737, -5.0];164.854328299989;6.633557299966924
[3.4527604320000043, -2.4999999999977467];True;[-3.3092002640449034, -1.2020311064461193, 4.089997732022935, -0.24131188466052222, -4.312446192561621, 0.8844909907946814, 0.9567791579669134, -5.0, -2.212019627077986, 2.995792195549325];167.16766669997014;6.633557299966924
[3.9362293440000085, -1.6421248];True;[5.0, -1.3774402248699111, 3.602097872856982, -1.8330707937170176, 1.611237011482749, 0.6145183694844807, 0.42668873017293496, 5.0, 3.1323034304584425, -1.14349499811832];157.47941809997428;6.633557299966924
[3.6666643680000055, -2.2203407];True;[-5.0, 2.3509844522858803, -5.0, 4.823253777864881, 1.712868700051537, -0.958510167755775, 1.0864994272894455, -0.8304357253721468, 0.6409536822684769, 3.7273263778785477];161.52468220004812;6.633557299966924
[3.454407216000002, -1.8102303];True;[0.588107913505949, -5.0, -5.0, -4.721706619259502, -2.3221700336364135, -0.8179776477958463, 5.0, 5.0, -5.0, 5.0];159.51263729995117;6.630636699963361
[4.017612528000009, -2.499999999998394];True;[5.0, 4.935863900109702, -5.0, 3.6000591263735533, -0.8164290700715329, 1.5054032808771032, 4.575693114151697, 5.0, 5.0, -5.0];162.9801161000505;6.630636699963361
[3.646453896000004, -2.4845311];True;[-5.0, 5.0, -1.9466110011181392, 1.0105201802134678, 5.0, -2.2094421165451332, -5.0, 5.0, -5.0, 4.762852657765409];169.58782609994523;6.630636699963361
[3.752065584, -2.4999999999997473];True;[2.9336625135139975, -0.055537609963699275, -1.8621093703661784, -4.333118568048086, 4.767001905908442, 5.0, -5.0, -4.943163758575993, 5.0, 5.0];159.51294079993386;6.630636699963361
[3.572989488, -2.4999999999980274];True;[2.5711544909394366, 3.0262342603509786, -5.0, -0.7161224594308653, 5.0, -1.2898758296712431, -5.0, 5.0, -0.3751981466952081, -5.0];169.2275201000739;6.630636699963361
[3.565541160000005, -2.4999999999995093];True;[1.2006876083403029, 0.5191036864676501, 5.0, -1.3854970034924534, -3.5397111655934186, -3.9320785727629586, -4.9911673353730945, 5.0, 5.0, -5.0];163.27829409996048;6.109400800080039
[3.7983232800000017, -2.499999999996605];True;[3.0335904939937954, -1.4896521472851054, -5.0, 4.431302548850503, 0.934067810830709, 4.8954825108118385, -1.953085426604169, 0.14621000001417528, 5.0, -1.3496291509392169];158.34450740006287;6.109400800080039
[3.1778544240000093, -2.494582684];True;[5.0, -5.0, 5.0, 0.5412587050341457, -5.0, -0.6183631655073025, -5.0, -5.0, -5.0, -5.0];170.54495699994732;6.109400800080039
[3.564276048000012, -2.1962733];True;[-5.0, 5.0, 5.0, -2.654339071831449, 3.975323325612722, 1.491793253129961, 5.0, -5.0, -5.0, -5.0];170.37621130002663;6.109400800080039
[3.3720624000000003, -2.2039826];True;[-3.3664792271546564, -5.0, -1.2985433806347673, -0.6321658722088968, -5.0, 4.211196120721967, -5.0, 5.0, -5.0, 5.0];163.36846599995624;6.109400800080039
[3.409318080000001, -2.3705956];True;[-5.0, -5.0, -2.8140004121862945, -5.0, -3.753281951645926, 2.206084947507879, -5.0, 5.0, 5.0, 5.0];164.92145519994665;5.438871399965137
[3.711506184000013, -1.344585];True;[3.8006124169220605, -4.9996184475914935, -4.679370543868798, 2.618331418063285, 2.8070634406086805, -5.0, 5.0, -4.9180004355433535, 5.0, 5.0];171.2129234999884;5.438871399965137
[3.9286447200000127, -2.4999999999977818];True;[-2.9008328586540397, 5.0, 5.0, 4.062117774941427, 0.16410435590949746, 4.5503767651836995, 0.7341567378227785, -5.0, -1.928238501647464, 5.0];168.5783858000068;5.438871399965137
[3.673004832000004, -2.393797];True;[-5.0, 5.0, -5.0, 1.23675021291083, 5.0, 1.6097730607044767, 5.0, -5.0, 5.0, -5.0];171.1304325000383;5.438871399965137
[3.5525424960000107, -2.499999999997009];True;[-2.410003036113306, 5.0, 5.0, -3.7134098693859783, 3.897914513022302, -0.19242997953146546, -5.0, 4.687461373254823, -5.0, -5.0];174.2111035999842;5.438871399965137
[3.2678856000000063, -2.2749525999999998];True;[5.0, -5.0, -5.0, 1.9938828724193502, -5.0, -0.32939203397987704, -5.0, 5.0, -2.573496436570548, -5.0];168.94704969995655;6.5127652999944985
[3.532512816000005, -1.8986817];True;[-5.0, 5.0, -5.0, 1.9198869695974388, 5.0, 4.422378851581817, -5.0, -5.0, 5.0, -5.0];173.47544389998075;6.5127652999944985
[3.2963906880000007, -1.8732583];True;[3.2491444860565046, -5.0, -5.0, 4.481228204858699, -3.924799134260089, 4.032122141709237, -5.0, -5.0, -5.0, 2.572975824407675];173.5957209999906;6.5127652999944985
[3.048619032000002, -1.9616867];True;[-4.973389495083348, -1.9328485050400381, -5.0, 2.9416647568476755, -4.464250603722228, -5.0, -2.631407542190413, -5.0, 5.0, -5.0];169.26205959997606;6.5127652999944985
[3.278743488000002, -2.499999999998487];True;[-5.0, 0.288560736212661, -5.0, -0.7601873059462676, -5.0, 0.0653073362842127, 5.0, 5.0, -5.0, -5.0];168.9585351999849;6.5127652999944985
[3.494589264000009, -2.1761437];True;[-4.491722188785605, -2.161019883826257, -3.796154217154176, 0.9365853364615075, 2.9867009799965096, 0.6637983548077129, -4.303078056300894, 5.0, 4.4668527651054895, -4.715420141438418];163.11962889996357;6.5755743000190705
[3.5899770240000044, -2.4999999999961413];True;[-5.0, 3.543775783962243, 4.932971375566078, 2.7792884977151413, -0.5048405111731142, -2.928067618282369, -4.078316292566552, -1.1285623442342594, -3.613618429041196, 5.0];166.4085546999704;6.5755743000190705
[3.285970632000007, -2.4999999999931055];True;[-2.549574899437338, -3.236293528672154, -2.2827738464997918, 2.5865674383201744, 1.4870369402153951, -0.6618925414463535, -0.11512836222718281, -2.667444110618065, -5.0, -2.6322629145614673];166.68375999992713;6.5755743000190705
[3.4563510000000104, -2.4999999999978257];True;[-4.900796115550318, -4.0567660997650155, 4.4367020282036975, -0.549119572599289, -3.914259476950238, 0.6084064512414953, 2.1710057927984945, -5.0, -0.39429232878692577, 4.415339649959943];165.16152590001002;6.5755743000190705
[3.5587855440000067, -1.9738742999999999];True;[0.5722669242286074, 4.1395414046524, 0.24097671816102562, -1.3825288148931598, 3.065910386723811, -0.8325191910119569, -5.0, -0.36749088539425134, 0.24691510398550864, -3.1244702387165266];165.7631287999684;6.5755743000190705
[3.2601016080000127, -2.499999999998333];True;[-5.0, -0.8871631379963514, 2.2914519344425184, -3.332638915267613, 2.3604260226017466, -0.5486536069363108, -5.0, -5.0, -4.6636472529660535, 3.510856345772707];168.76234500005376;5.9829789999639615
[3.5530764480000006, -1.8893413];True;[3.458986107888304, 0.3922667299303493, 1.2464144628253946, -1.1726534721344835, -3.51188132302228, -3.118844175449098, -5.0, -5.0, 5.0, 5.0];164.71197930001654;5.9829789999639615
[3.2635571760000066, -2.4997761209];True;[5.0, -3.2053614050958923, -0.6030880962760374, 1.1021068624271537, -1.5455916184321392, -1.6502344284536425, -0.2072229913226895, -5.0, -5.0, -5.0];169.28894379991107;5.9829789999639615
[3.8299441680000044, -2.491977264];True;[1.6545267070386789, 4.457473537071223, 1.3321489666053035, -4.159973388675025, 3.000735297195396, 1.5442239412704115, 1.7973566381900943, -5.0, 5.0, 0.48576421563424077];163.82560159999412;5.9829789999639615
[3.6743891760000063, -2.499999999996592];True;[-0.5406200920326665, 1.3132951710883152, 5.0, -2.1450049087753214, -0.6642715786172095, -3.0318373303909887, 5.0, -2.020927108142618, -5.0, 5.0];162.75117510010023;5.9829789999639615
[3.6448198560000007, -2.4999999999986806];True;[-3.10936437749052, -1.4821282074952062, 5.0, -5.0, 4.081918212215308, 5.0, 2.0512272998670973, -5.0, -5.0, 5.0];165.88375489995815;5.55844499997329
[3.9256261200000115, -2.499999999998451];True;[4.648170797207907, 4.90907321854869, 5.0, 3.5847380392729438, 1.6779485249894002, 4.722010622743104, -5.0, 5.0, -5.0, -5.0];171.80259149998892;5.55844499997329
[3.312839736000009, -2.48873351];True;[-0.838577445514554, 5.0, -5.0, -5.0, -0.5412125843708457, 2.551999097058646, -5.0, 5.0, -5.0, -5.0];170.33043640002143;5.55844499997329
[3.736248984000004, -2.4999999996094915];True;[-0.3084822418036479, 4.609326566121677, -5.0, 4.441059539144538, -0.5580965095784034, 2.590672427663634, 5.0, -5.0, 5.0, -5.0];165.1954835000215;5.55844499997329
[3.630361248000008, -2.4999999999973577];True;[5.0, 5.0, 5.0, -3.5519959331337088, 0.9308413807734128, -1.5065615254065063, 5.0, -5.0, -5.0, -5.0];170.48652329994366;5.55844499997329
[3.6721287360000074, -2.499999999997031];True;[5.0, 5.0, -5.0, 0.22771084338956094, -1.3855642376307902, -1.036172064476343, 5.0, 5.0, -5.0, -5.0];163.95528160000686;6.232531899935566
[3.9912801840000096, -2.302638];True;[-0.5642576732104683, 5.0, -5.0, 5.0, 0.08602115565086965, 5.0, 5.0, 5.0, 3.0597182561584386, -5.0];164.14441189996433;6.232531899935566
[3.6178168320000066, -1.8608343];True;[5.0, -5.0, -0.32956857320002, -0.04826905791220781, 5.0, -2.853986824253907, -5.0, 5.0, 3.5233654185668524, -5.0];166.2452564999694;6.232531899935566
[3.427407000000007, -2.499999999999212];True;[4.9898831857166375, -5.0, -5.0, 4.091459831397412, 1.1224613914076809, 1.2724460937881439, 5.0, -5.0, -5.0, -5.0];168.62051889998838;6.232531899935566
[3.443275008000013, -2.4999999999989275];True;[-5.0, 5.0, 5.0, -1.2981883328070842, -2.816709561616407, -4.652860426624995, 0.9786335499791914, 5.0, -5.0, -5.0];165.0640301000094;6.232531899935566
[3.739470840000009, -2.40356967];True;[0.012608766804102167, 1.7016693693531, -5.0, -0.9467128558917022, -4.8438923705174854, -5.0, 5.0, 5.0, 5.0, 5.0];164.56453810003586;6.218442999990657
[4.021132248000006, -2.499999999998775];True;[-5.0, 4.189074319219106, 5.0, 2.419756456437046, -1.7567038799514103, 4.111387492367527, 5.0, 5.0, -5.0, 5.0];166.47210189991165;6.218442999990657
[3.891389256000008, -1.8652693];True;[2.880060051953425, -2.308331654375225, -5.0, -5.0, 4.343396729214822, 4.084256121197212, 5.0, 5.0, -1.0424832693960533, 5.0];158.35549159999937;6.218442999990657
[3.9585935520000115, -2.4999999999997415];True;[-0.8136284532584783, 5.0, 4.214854812382626, 4.25255911603926, -2.630476066332581, -3.9550858099765005, -5.0, 5.0, 5.0, 5.0];167.55141439998988;6.218442999990657
[3.3775682400000036, -1.8726063];True;[2.846329405207255, 3.1210129131428843, -5.0, 5.0, -0.277858252519426, 1.2240846309249465, -5.0, -5.0, -2.7446816471900886, -5.0];175.34642590000294;6.218442999990657
[3.865151736000008, -2.4999999999989138];True;[2.400838619690809, 5.0, -5.0, 4.299332429093187, 5.0, 3.9993724239311153, 5.0, -5.0, -5.0, 1.0426617856818874];166.68361770000774;6.105482000042684
[3.356920368000005, -2.4999999994403423];True;[-5.0, 5.0, -5.0, -5.0, -0.34781483871579155, 1.5730346127614734, -5.0, 5.0, -5.0, 1.9877625417385394];172.25765150005464;6.105482000042684
[3.9918834720000103, -2.304511];True;[5.0, -5.0, 5.0, 3.598746457594034, 3.909629765401558, 5.0, -4.898962929677944, 5.0, -5.0, 5.0];166.66496740002185;6.105482000042684
[3.377394360000008, -2.499999999995773];True;[-5.0, -5.0, 5.0, 2.6554958042859065, 3.7024219362809934, -2.197041525225323, 5.0, -5.0, -5.0, -5.0];171.91664829989895;6.105482000042684
[3.8988874800000017, -2.494053442];True;[5.0, -5.0, 5.0, -2.5645944945038646, 2.6460284748514953, -1.777394993239176, 5.0, -5.0, 5.0, 5.0];164.46709609997924;6.105482000042684
[3.60179200800001, -2.2352722];True;[-5.0, 5.0, 5.0, 0.8516065117974145, -0.7865427201295496, 4.48456004022534, -5.0, -5.0, -5.0, 5.0];167.3416171000572;5.419445300009102
[3.5120431440000126, -2.4999999999936997];True;[-3.7480904971454, 5.0, -5.0, -2.59927039885063, 4.211761787657009, -2.4698004777157823, 5.0, -5.0, -5.0, 5.0];160.44537139998283;5.419445300009102
[3.335758632000002, -1.9797421];True;[5.0, -5.0, -5.0, -1.7492968070182928, -5.0, -1.0174409157087743, 5.0, 5.0, -5.0, -5.0];162.66688280005474;5.419445300009102
[3.374537976000014, -2.1783726];True;[5.0, 5.0, 5.0, 1.3736527182158778, -3.2106737911675842, -4.134343784993991, -5.0, -5.0, -5.0, -5.0];180.33513560006395;5.419445300009102
[3.610171512000007, -2.4999999999995066];True;[-0.968548628541055, -5.0, 5.0, -3.4251792798817835, 5.0, -0.6686736440225447, 5.0, -5.0, 5.0, -5.0];165.40124090004247;5.419445300009102
[3.797409168000004, -2.499999999998017];True;[-5.0, 5.0, -5.0, 5.0, 0.2089512566713161, -5.0, 5.0, 5.0, -1.6029829239269375, 5.0];159.7669065000955;5.5830505999038
[3.473249760000005, -2.2797543];True;[-5.0, 5.0, -5.0, -3.595857017069619, 0.08213738511505397, 2.1123223407524874, -5.0, 5.0, 5.0, -5.0];164.62641759996768;5.5830505999038
[3.8924638560000058, -2.4999999999966316];True;[5.0, 5.0, 5.0, -2.9272581473292556, 3.777273189089634, -2.843368017706938, 5.0, 5.0, -5.0, -5.0];164.6827653000364;5.5830505999038
[3.558007944000005, -2.4999999999982028];True;[-5.0, 5.0, 5.0, 4.337299294774944, 1.1525050387762423, -2.9671819591488156, -5.0, -5.0, 5.0, -5.0];170.1089200999122;5.5830505999038
[3.382907112000011, -2.1445011];True;[-5.0, -5.0, -5.0, -1.834914659630782, 0.030407932569556095, -3.779417438005324, 5.0, 5.0, 5.0, -5.0];165.48657379997894;5.5830505999038
[3.582574272000011, -2.4999999999042646];True;[4.274533568116606, 5.0, -5.0, 5.0, -4.526430376426667, -5.0, 3.911821501643205, -5.0, -5.0, 5.0];166.7018131999066;6.414211899973452
[3.9647869200000048, -1.8859886000000001];True;[5.0, 5.0, -5.0, -3.4342263609411456, 5.0, -1.6985878880826402, -3.5122230099313967, 5.0, 5.0, 5.0];158.58210230001714;6.414211899973452
[3.657447648000009, -2.44216994];True;[-5.0, -5.0, 0.10595121637330784, 2.0203052930719343, -5.0, 5.0, 5.0, 5.0, -5.0, 5.0];161.59660849999636;6.414211899973452
[3.6819007920000093, -2.4999999999666627];True;[5.0, 3.6924929639573847, 5.0, -1.6242373086944424, -3.809879163899884, -5.0, 5.0, -5.0, 5.0, -5.0];165.6382121000206;6.414211899973452
[3.9316246560000128, -2.49999999999695];True;[5.0, 5.0, -5.0, 3.4308018874595287, 5.0, 2.3365439193382356, 5.0, -5.0, 4.052305155874267, -5.0];165.84020960005;6.414211899973452
[3.9097745280000096, -2.4999999999990328];True;[5.0, 5.0, -5.0, 2.2043603797852382, 5.0, 1.6037332869341459, 5.0, 5.0, -5.0, -5.0];166.05422150006052;6.626722199958749
[3.594890160000003, -2.4999999999953864];True;[-5.0, -5.0, 5.0, 4.543982938108362, 1.0475831379564546, -1.361492699322857, 5.0, 5.0, -5.0, -5.0];168.39204579999205;6.626722199958749
[3.463202304000004, -2.499999999996978];True;[-5.0, 2.447766776594685, -5.0, -1.2134641937302675, 0.562155795512485, 1.3369905075555817, -5.0, -5.0, 5.0, 5.0];166.53083269996569;6.626722199958749
[3.7124913600000005, -1.173922];True;[5.0, -5.0, 5.0, 3.688489281425044, -5.0, 0.9861214185103151, -5.0, -5.0, 5.0, 5.0];167.5454201999819;6.626722199958749
[3.279177216000004, -2.4999999999995524];True;[-5.0, -5.0, 5.0, 1.5355683150382484, 1.5237441047165508, -3.4455797655231177, -5.0, -5.0, -5.0, 5.0];170.99952480010688;6.626722199958749
[4.175029656000001, -2.4999999999985243];True;[5.0, 3.0750636537068665, -5.0, -0.5499342150040825, -1.4367224799777816, 5.0, 5.0, 5.0, 5.0, 5.0];161.69091239990667;6.094690799945965
[3.8297817360000015, -2.499999999999441];True;[-5.0, 3.4247297306964164, 5.0, 5.0, -4.507485163234152, -3.812513520407453, 5.0, -5.0, 5.0, 5.0];171.70792429998983;6.094690799945965
[3.405303936000012, -2.4999999999956986];True;[4.329241046779689, 5.0, -5.0, 5.0, -5.0, -3.8762805090403227, -5.0, -5.0, 5.0, -5.0];178.48377999989316;6.094690799945965
[4.130733888000004, -2.1630856];True;[0.23874898892206087, -1.8073189314996623, 5.0, 4.340936095416572, 3.4528574478900094, 2.8124587903541576, 5.0, 5.0, 5.0, -5.0];167.5680070000235;6.094690799945965
[3.6451775520000007, -2.4999999999973213];True;[-5.0, 5.0, -5.0, 1.537095254601092, 5.0, 0.02110421262761797, 5.0, 5.0, -5.0, -5.0];174.77926980005577;6.094690799945965
[3.5835877440000137, -2.499999999999639];True;[2.444851009486337, -0.5862777998359068, 5.0, -4.2731127264829505, 2.1506306659568386, 0.10201829624087111, 1.404795407905909, -5.0, -1.9346204741164201, -0.6014273890145168];167.25058310001623;4.908086400013417
[3.4215257520000124, -2.499999999998509];True;[-5.0, -0.30109529949042546, 4.137365419907908, -0.4908756053690002, 0.5361603436514839, -3.880936230488702, -4.353498804684578, 4.108357000116818, -5.0, 1.448475370870705];165.7794911999954;4.908086400013417
[3.6391852800000124, -2.0758458];True;[-5.0, 0.16897741603996153, -0.44570889655932167, 3.25280719920406, 1.9493283928114247, 3.227189013725006, -0.287340820361476, 5.0, -5.0, -1.5844383127268507];162.76828149997164;4.908086400013417
[3.285310320000012, -2.4999999999987854];True;[5.0, 3.2567045331078024, -5.0, 1.4908456441714444, -4.126761494972301, -4.575552245014848, -2.0635920105151055, -2.4905968572930797, -2.0983775514259135, -4.494974482684377];165.7534842999885;4.908086400013417
[3.627432072000003, -2.49999999999497];True;[0.5423454415016913, 2.7762207656896027, 5.0, 3.083592737509596, -1.3863704040995568, -5.0, -5.0, 1.8105951144623695, 3.3892866730773044, -4.4790000519676];163.7204008999979;4.908086400013417
[3.867842016000003, -2.4999999999995848];True;[-5.0, -5.0, 5.0, -1.6703555317410306, -3.5579363366300383, 2.09503007867709, 5.0, 5.0, 5.0, 5.0];152.0300627000397;6.302221299964003
[4.063694400000012, -2.4999999999983373];True;[-0.6331478324911863, 5.0, 5.0, -0.8250543864309083, 5.0, -2.607812335806393, 5.0, 5.0, -5.0, 5.0];162.72764160006773;6.302221299964003
[3.914142048000002, -2.499999999998982];True;[5.0, -5.0, -5.0, 0.5704663460571524, -5.0, 5.0, 5.0, 5.0, 3.4398090484634007, 5.0];151.265829400043;6.302221299964003
[3.3222173760000113, -2.0560088];True;[-5.0, -5.0, -5.0, 4.607452320054943, -5.0, 1.9989131468498158, 5.0, 5.0, -5.0, -5.0];161.6534679000033;6.302221299964003
[3.316037616000009, -2.499999999996189];True;[0.6973269620650644, 5.0, -5.0, -1.6890832025063327, 0.8807125988530453, -3.5687004570838026, 5.0, -5.0, -5.0, -5.0];166.35273849999066;6.302221299964003
[4.49083828800001, -2.499999999999413];True;[5.0, 5.0, 5.0, 4.1504717668113535, -1.7502647183309112, 3.6913525941678387, 5.0, 5.0, 5.0, 4.617608995252935];159.87103739997838;6.20201770006679
[3.853231128000012, -2.499999999997798];True;[0.4446263684453129, 5.0, 5.0, 5.0, 0.2355958951730912, -4.489895020237883, 5.0, -5.0, 5.0, -5.0];167.98325930000283;6.20201770006679
[3.32509773600001, -1.6827474];True;[3.786543123512965, -2.7093948867794433, 5.0, -0.08835107086927074, -4.249108978362257, -5.0, -5.0, 5.0, -5.0, -5.0];168.31611110002268;6.20201770006679
[3.510453384000009, -2.1324876];True;[-5.0, 2.860626958913473, -5.0, 2.4603597356926237, -5.0, 5.0, -5.0, 5.0, 5.0, -5.0];162.63294200005475;6.20201770006679
[4.121178696000011, -2.499999999999093];True;[5.0, 4.252014230381949, -5.0, 2.6662247742039042, 1.6770769003600483, 5.0, 5.0, 5.0, -5.0, 5.0];164.3770455000922;6.20201770006679
[3.8051199360000094, -2.4999999999993285];True;[-5.0, 5.0, 5.0, -1.6232986124049233, -5.0, 0.5862559575176611, 5.0, -5.0, 5.0, 5.0];176.35357549996115;6.1716660999227315
[3.5291162160000082, -2.4999999999967937];True;[-5.0, -5.0, -5.0, 3.716313415961112, 2.897378546246311, 0.2566980348957113, -0.6854071274037805, 5.0, 5.0, -5.0];176.08612750004977;6.1716660999227315
[3.8442336480000034, -1.875575];True;[0.3551975545343913, 5.0, 5.0, -2.260670517148775, 5.0, -2.3207314037428253, 5.0, -5.0, 5.0, -5.0];177.90512310003396;6.1716660999227315
[3.639715776000002, -2.4999999999982045];True;[5.0, 5.0, -5.0, 0.5151260704377183, -2.9436541521672543, -1.2661059742180063, -5.0, 5.0, -5.0, 5.0];176.01160730002448;6.1716660999227315
[3.627292968000004, -2.499999999997992];True;[5.0, 5.0, -5.0, 3.3383430881315928, -1.0671248748661317, 3.4590143583690747, 5.0, -5.0, -5.0, -5.0];176.91018300002906;6.1716660999227315
[3.580727040000009, 0.5916229999999998];True;[5.0, 5.0, -5.0, 3.2943207978017774, -5.0, -4.719935403859065, -5.0, 5.0, 5.0, -5.0];174.75583939999342;6.404398299986497
[3.584556720000007, -2.44032893];True;[-5.0, 5.0, 5.0, -1.2779135849908285, -0.0015402580331622673, -4.968827396934808, 5.0, -5.0, -5.0, 5.0];173.18787859997246;6.404398299986497
[3.8945620800000107, -1.8090479];True;[1.2154323863859586, 5.0, 5.0, 4.0348792354597816, -5.0, 2.8534910802256856, 5.0, 5.0, -5.0, -5.0];171.39375149994157;6.404398299986497
[3.3531524640000034, -2.499999999990024];True;[-5.0, -5.0, -5.0, 1.3775850693775311, 5.0, -3.339025197911294, 5.0, 5.0, -5.0, -5.0];175.21824260009453;6.404398299986497
[3.4892311680000123, -2.499999999999427];True;[-5.0, -5.0, 5.0, -4.065454099441025, 2.7558614777422523, 0.6480526300107359, -5.0, 5.0, 5.0, -5.0];171.34173490002286;6.404398299986497
[4.458532896000012, -2.48648319];True;[5.0, 5.0, 1.2756183930583918, 3.6134780340026094, 5.0, 5.0, 5.0, -0.6755368570734346, 5.0, 5.0];161.58596739999484;7.034926399937831
[3.528502992000013, -2.499999999996311];True;[-5.0, -3.259008461519113, 5.0, 2.8780790833966634, 5.0, -4.199829191212993, -5.0, 0.7373728211303723, 5.0, -5.0];174.15197600005195;7.034926399937831
[3.443680440000013, -2.4999999999993223];True;[-4.0314035668636725, 5.0, -3.294124709833829, -5.0, 5.0, 2.6468485308590477, -5.0, -3.0916902092120777, -5.0, 5.0];170.34859270008747;7.034926399937831
[3.5580660480000055, -2.4999999999992704];True;[-5.0, 3.1933758362126223, -0.04997648539188404, 4.998710515076116, 5.0, -4.422269615793018, -5.0, -1.1945449908882027, -5.0, 5.0];179.1957490000641;7.034926399937831
[3.1522597200000084, -2.48472879];True;[-2.068554691922102, -0.6562969377489045, 5.0, 3.521810022782912, -5.0, -4.97173490389482, -5.0, -5.0, -5.0, -2.0872656626127792];183.2183897999348;7.034926399937831
[3.3526524240000133, -2.499999999969821];True;[4.085124218528108, 5.0, -5.0, 0.5706290481153831, 5.0, -2.8101362837248627, -5.0, -3.830222559735299, -5.0, -5.0];197.3272377999965;6.983509999932721
[4.149423936000013, -2.2574516];True;[-5.0, 5.0, 3.9787647711964897, 0.9241832187850836, 5.0, 5.0, -5.0, 5.0, 5.0, 5.0];163.9550838000141;6.983509999932721
[3.5852362560000044, -2.4999999999981135];True;[-5.0, -2.243931270570629, -0.25455869145363685, -5.0, 5.0, 1.999254451910824, 5.0, -0.7176063186819484, 5.0, -5.0];169.4997097000014;6.983509999932721
[2.91593800800001, -2.3475357];True;[-2.782016864441564, -2.9567003843043045, -2.572528334986925, 5.0, -5.0, -3.891615247537927, -5.0, -5.0, -5.0, -5.0];186.82811829994898;6.983509999932721
[3.6368913600000052, -2.4999999999989044];True;[-5.0, 5.0, 5.0, 5.0, -5.0, -3.1560498699199844, -5.0, 4.3306386141104944, 5.0, -5.0];170.2167635000078;6.983509999932721
[3.5911848960000077, -2.1656218];True;[-5.0, 5.0, -5.0, -0.7411478135471956, 5.0, -4.440305029628168, 5.0, -0.7599939702019158, -5.0, 5.0];152.2644552999409;3.9479893000097945
[4.194844416000001, -2.44726868];True;[0.32374045821585895, 5.0, 4.421535757395734, 5.0, 5.0, 5.0, 5.0, -2.739504029179039, 5.0, -5.0];151.73275650001597;3.9479893000097945
[3.2694485760000056, -2.499999999996434];True;[-5.0, 5.0, 1.472644248171572, -5.0, -5.0, 2.6907102727749894, -5.0, 5.0, -5.0, -5.0];154.86801580002066;3.9479893000097945
[3.8789066160000023, -2.4999999999968714];True;[5.0, -5.0, -5.0, 2.976791773547564, 5.0, 2.3502540420190368, 5.0, 2.051940600258458, 5.0, -5.0];152.21949319995474;3.9479893000097945
[4.072081896000002, -2.499999999993571];True;[-5.0, 5.0, 5.0, 4.089809222951894, 5.0, -2.767492745411368, 5.0, 5.0, -5.0, 5.0];151.55088740005158;3.9479893000097945
[4.1582049840000055, -2.4999999999977645];True;[-5.0, 2.232427315028307, 5.0, 4.652176550298391, 5.0, -5.0, 5.0, 3.4248827216681015, 5.0, 5.0];134.8800409999676;4.211967200040817
[3.5446699440000033, -2.4999999999973417];True;[-2.6352261438908666, 5.0, 0.2369616300237487, 4.303373768234328, -5.0, -5.0, -5.0, -5.0, 5.0, 5.0];142.2184597000014;4.211967200040817
[4.147565040000009, -2.4999999999989537];True;[5.0, 5.0, -5.0, 4.020646827108527, 5.0, 3.362027423889508, -5.0, 2.4342271258932087, 5.0, 5.0];137.4783255000366;4.211967200040817
[3.409515072000005, -2.3559214];True;[-5.0, 0.35576084531415386, 5.0, -2.343248014709106, -5.0, -2.364583239564522, -5.0, 5.0, -5.0, 5.0];142.4136725999415;4.211967200040817
[3.604798080000013, 0.30344000000000015];True;[3.3628862070545384, 2.4430409165874014, 5.0, 5.0, -5.0, -3.7982319066514747, -5.0, -2.318890980757809, -5.0, 5.0];144.67221019999124;4.211967200040817
[3.1848437520000106, -2.499999999998318];True;[-4.547190620246262, 1.6230816908810155, 0.3992686637398988, 2.7713019789006266, 5.0, -5.0, -5.0, -5.0, -5.0, -5.0];167.09129230002873;4.181715999962762
[3.3134279040000076, -2.499999999997706];True;[-1.9502488619737801, -0.05338783315871254, -5.0, -1.0056601578007731, -5.0, -0.7912370876269117, 5.0, -5.0, -5.0, 5.0];138.25127929996233;4.181715999962762
[3.4563414960000065, -1.9758757999999998];True;[-5.0, -2.9992312071932306, 5.0, -2.5667998722603174, -5.0, 1.1505339086976862, -5.0, -2.7686951209611363, 5.0, 5.0];137.4934294000268;4.181715999962762
[3.4548623280000053, -2.42035693];True;[-5.0, 0.3431318889400812, 3.764619816945359, 3.6395863618209017, -5.0, -5.0, 5.0, -5.0, 5.0, -5.0];144.89157159999013;4.181715999962762
[3.9352463280000056, -2.4999999999991616];True;[1.2392809674024727, 0.4251610624507638, -5.0, 0.6534886872931489, 5.0, 2.3839883387613225, 5.0, 5.0, -4.7145920078428585, 5.0];136.5505871999776;4.181715999962762
[3.8021644080000057, -2.4999999999990177];True;[0.13959088398740427, -5.0, -0.31498607552779045, 2.774031268888338, 4.345626661299734, 0.9787221237020134, 5.0, 1.0279910135524206, 4.8751609910333755, -5.0];140.94521809997968;4.11092590005137
[3.543311736000004, -2.0464961];True;[5.0, -5.0, -3.7786679064422097, 3.2234480096286386, -1.0334633437130663, 1.6677291580592835, 5.0, 1.5385056899479643, -4.775338461410573, -5.0];144.10784870001953;4.11092590005137
[3.176708544000012, -2.499999999998186];True;[1.7300230091508588, -4.597325798786938, -5.0, 0.5464312133156577, 2.4085412788880234, -0.2639290027906691, -5.0, 0.0461121916836138, -5.0, -5.0];146.55256029998418;4.11092590005137
[3.5052523200000127, -2.499999999998306];True;[-5.0, 1.5933796968597385, -2.532845684933932, 4.879328434047878, 1.19533173660641, -4.233179499301909, 0.3173049775090142, -5.0, 5.0, -1.1391270835970952];142.98916210001335;4.11092590005137
[3.603319776000008, -2.1380953];True;[0.8845465771543832, 3.527419538182585, 5.0, 0.24936167234793238, -2.963471073197395, -1.0113550487274905, -1.0225938797458793, 4.956471818933947, -5.0, -5.0];143.71545740007423;4.11092590005137
[3.685370184000003, -2.499999999999262];True;[3.397984327783302, -3.2737978960446794, 4.7390473453600315, -2.060146861835058, 5.0, 0.4422865959871567, 5.0, -5.0, -5.0, 0.173647834479147];143.87985849997494;4.449060200015083
[3.712493304000003, -2.498973277];True;[-4.992415548086215, 2.996211513710528, 4.428133376772671, 3.9941677020442192, -5.0, -2.4078646085351303, 5.0, 0.6564688951030275, 5.0, -5.0];139.5339088999899;4.449060200015083
[4.105817856000005, -2.499999999999581];True;[5.0, 2.9937148496628305, 0.937300705866436, 4.153904386185026, -5.0, 5.0, -5.0, 5.0, 5.0, 4.79923106497019];143.17649540002458;4.449060200015083
[3.530104632, -2.499999999999436];True;[-0.5959550201818393, 5.0, -0.9310120512656441, -2.8404025577359597, -5.0, 0.5981426153822023, 5.0, -5.0, -5.0, 5.0];142.19287900009658;4.449060200015083
[3.615778872, -2.0330128];True;[2.500323963294213, -2.2899211433849427, 2.2197054744028613, 1.9665673411765097, 5.0, -2.6426238350982185, -5.0, -1.5568776951768837, 5.0, -5.0];144.87740029999986;4.449060200015083
[3.3112661760000135, -2.4999999999983564];True;[-1.3696893348129358, -5.0, 0.40325131592963714, 2.065802789670654, -5.0, -5.0, 5.0, -5.0, -5.0, 5.0];144.6937754000537;4.017273299978115
[4.060372536000001, -2.499999999999158];True;[5.0, -5.0, 5.0, -2.574910611461172, 5.0, -5.0, 5.0, 5.0, 3.355115502276643, 5.0];137.72480979992542;4.017273299978115
[4.259547216000012, -2.499999999999415];True;[5.0, 5.0, -1.8224613927676536, 1.8237473012213847, 5.0, 5.0, 5.0, 5.0, 5.0, -5.0];140.64992460003123;4.017273299978115
[3.159018144000006, -2.499999999999407];True;[-5.0, -5.0, -5.0, 4.050844967044007, 5.0, -5.0, -5.0, -5.0, -5.0, 5.0];147.4837991000386;4.017273299978115
[4.3009740720000025, -1.301011];True;[5.0, 5.0, -5.0, 0.24681669358610137, 5.0, 1.672345032171167, 5.0, 5.0, 5.0, 5.0];134.36473180004396;4.017273299978115
[3.8417442480000035, -2.2020049999999998];True;[1.4079675586479858, -5.0, 5.0, -2.8635147309033617, -5.0, -2.8859260414390304, 5.0, 5.0, 5.0, 5.0];135.88028779998422;4.064775799983181
[3.554504856000007, -2.49999999999736];True;[-4.155677322215493, 5.0, 1.6898343404088259, -5.0, 5.0, 4.8262447769659005, -5.0, -5.0, 5.0, -5.0];142.24731869995594;4.064775799983181
[3.299317272000002, 0.14410800000000012];True;[5.0, -5.0, 5.0, -2.949471550742854, -5.0, -1.5043581466369877, -5.0, -5.0, -5.0, 5.0];142.55553960008547;4.064775799983181
[3.6006150240000117, -2.496668198];True;[-5.0, -5.0, 5.0, -0.761641006282888, 5.0, 0.256787114350983, -5.0, 5.0, -5.0, 5.0];139.0887368998956;4.064775799983181
[4.145045400000005, -2.40724748];True;[0.7520290231874736, 3.8226692679140637, -0.7807181210580696, 0.9062807605800858, 5.0, 5.0, 5.0, 5.0, -5.0, 5.0];137.70993940008339;4.064775799983181
[2.9569663440000005, -2.48387934];True;[-5.0, -0.5321453375222172, 0.19436783749431008, 2.762202973861215, -2.7278294910036442, -5.0, -5.0, -5.0, -5.0, -5.0];152.9568905000342;4.620159000041895
[3.6630452880000024, -2.499999999999525];True;[-3.8057796664212957, -5.0, 2.7665554006716855, -2.491733836226944, 2.808918854012372, -2.4461057246170186, 5.0, -3.5946835598080735, 4.148276160731735, 5.0];142.2616413999349;4.620159000041895
[3.9352180320000043, -2.4999999999988005];True;[-3.0551542622565986, 2.7925668871508167, 5.0, -2.169109199056734, -3.772330217173422, -3.8099356331870746, 5.0, 5.0, 5.0, 5.0];140.35106050001923;4.620159000041895
[3.260156904, -2.4999999999860085];True;[-5.0, -3.836255300202769, 5.0, 2.6752804041103904, -2.5020287384584865, -4.342736441508106, -5.0, 5.0, -3.26106909990959, -5.0];146.04527880006935;4.620159000041895
[3.142536696000009, -2.493517376];True;[5.0, 3.4950895782106635, -5.0, 0.3443103174899065, -3.9067670029822925, -4.428326532592211, -2.216495730382469, -5.0, -5.0, -5.0];151.7063397000311;4.620159000041895
[4.165868664000011, -2.4999999999989084];True;[-5.0, 5.0, 2.747055539289038, 5.0, -0.3084194009029346, -1.7743446667318756, 5.0, 5.0, 5.0, 5.0];130.4956357999472;4.1625361000187695
[3.334417920000013, -1.7839995];True;[-5.0, -1.9189201937546416, -1.3312866671284018, -5.0, -1.843579654380246, 2.2649614260064013, 5.0, 5.0, -5.0, -5.0];136.7447318000486;4.1625361000187695
[3.7348728480000037, -2.2683914];True;[-1.9235517312781099, 0.7257559804993443, 2.1168633256902636, -4.693309358120042, 5.0, 1.7480754245160677, -5.0, 3.3567962811924303, -0.6198543709329831, 5.0];138.79867279995233;4.1625361000187695
[3.9742038720000092, -2.100734];True;[2.0964917877939913, 1.3916303557509755, 0.9770425566093257, 5.0, -4.46260870869064, 1.7883409935246402, 5.0, 5.0, 5.0, -5.0];135.6811514000874;4.1625361000187695
[3.6515996640000132, -2.499999998617885];True;[0.7663198107548821, -5.0, -5.0, 4.361765309238333, 4.741369044828284, 1.98607200977869, 5.0, -5.0, 5.0, -5.0];141.24821879994124;4.1625361000187695
[4.061922336000001, -2.4999999999997717];True;[5.0, -0.8452132001915453, 2.1848010718056052, -0.6032263648478615, -4.482300194743241, 5.0, 5.0, 2.9881010468936697, 1.6097806926310945, 5.0];128.7321242999751;4.272146900068037
[3.4364461680000122, -2.499999999998974];True;[2.850198436534628, 0.8999760872865981, -5.0, 0.32131400287948164, 0.6931576200868665, -2.1202635173690187, 5.0, -0.7496341336126466, -5.0, -5.0];141.66564599995036;4.272146900068037
[3.7879425360000107, -2.4999999999988134];True;[-5.0, 3.775798420364552, 5.0, 3.4172909578833295, 1.9177238870099185, -2.762904633393877, -5.0, 5.0, 5.0, -3.180182595678641];139.74180780001916;4.272146900068037
[3.737497464000011, -2.4190835];True;[-5.0, -0.20525228917945793, 5.0, -1.4450685166452577, -0.19592208138111555, 0.08110761082095852, 4.566904833266401, 3.030510173512388, -5.0, 5.0];136.17530849995092;4.272146900068037
[3.3664777200000104, -2.0195927];True;[-4.577103930526164, -0.3104125062112004, 0.4749762190396831, -4.773923835878235, 2.1453574051568776, 1.9812361372985254, -5.0, -5.0, 5.0, -1.2846767523078908];139.35643679997884;4.272146900068037
[3.982610592000002, -2.0633089];True;[3.58292270387507, 5.0, 5.0, -1.6107719750499303, 0.2251048430524083, -4.878600488804074, 1.8735884951523127, 3.8754983950889343, -0.8876287500954501, 5.0];152.04426689993124;5.553277500090189
[3.2704084800000004, -2.499999999911974];True;[-5.0, 5.0, -3.991836666657669, -5.0, -5.0, 3.1548498075218383, -4.592012561497461, -0.363189920507752, -5.0, 5.0];161.2551809999859;5.553277500090189
[4.102962768000013, -2.499999999999186];True;[5.0, 3.61845061708647, -2.1248103409464485, 3.561533078561732, 4.365424896009706, 4.577295648342528, -1.2459049652625964, 5.0, 5.0, -5.0];152.1184505999554;5.553277500090189
[3.6435454560000133, -2.251081];True;[-3.8886283097362266, -2.22293908910502, 5.0, -2.7944355182311904, 5.0, -2.282958009335924, -1.207206603524356, 3.9201192712487405, -0.9679428165640385, 0.9266602862477047];150.49448560003657;5.553277500090189
[3.56743872000001, -2.499999999983708];True;[-5.0, -0.9528734344743448, 5.0, 3.065518454308794, -1.59736039185286, -5.0, -5.0, -2.5560760754722605, 5.0, 5.0];158.96209849999286;5.553277500090189
[3.1425224400000036, -2.499999999997636];True;[-5.0, -0.8378706999697219, -0.8959526230175632, -1.644278595451052, -1.1604935351687127, -2.174257941438022, -5.0, -5.0, -5.0, 5.0];169.60541770001873;4.684048999915831
[3.46818218400001, -1.8223501];True;[-4.240424632681547, -4.996356873581158, 0.18609133830318214, 1.577446790445575, 2.9182207320293463, -2.0809684583077663, 5.0, 5.0, -5.0, -5.0];167.7932654999895;4.684048999915831
[3.529143864000009, -2.499999999998892];True;[-1.254112516134934, 4.341780692433506, -5.0, -1.3566554549280943, -1.515482375080759, -0.9782647273239169, -5.0, 5.0, -3.050992262935506, 5.0];168.87105640000664;4.684048999915831
[3.632857344000012, -2.4999999999974194];True;[4.477664762819046, 2.2748293495926397, 1.8595051824393778, -3.5906203050622683, 5.0, -0.43240519374140884, 5.0, -5.0, -3.6011254094130285, -5.0];168.85031930007972;4.684048999915831
[3.947779080000005, -2.4999999999996105];True;[-3.2826187355379695, 5.0, -1.4355807400238367, -4.714232997741789, 5.0, 5.0, 5.0, -5.0, 5.0, 5.0];162.21489800000563;4.684048999915831
[3.5890592400000116, -0.48247099999999987];True;[-0.05848850966609742, 3.310275668098692, 2.7926364704474977, -2.7029977285797484, 0.13323609491697574, 0.2149828323415468, -0.5955449744171899, -4.249048390787356, 0.9705975393257997, -0.8555022481814332];169.06717599998228;4.420849299989641
[3.6542359440000087, -2.4999999999976454];True;[1.3904469450224255, 4.171353242725878, 0.6880018451559149, 2.6009600740837913, 1.8781122084059687, -0.7046226292574698, -2.0947398094193366, -3.0759069477976704, 2.123988810250509, -5.0];168.7277981999796;4.420849299989641
[3.578976792000005, -2.0247276];True;[-3.373984561277726, 2.02644172511428, 4.5937039871895, -1.4083300140613537, -2.2295184215884554, -3.794794471880226, -1.7189732564094955, 4.4905460527797985, 0.7375769040928066, -0.8293209861981863];161.8796480000019;4.420849299989641
[3.519671616000003, -1.9650961];True;[2.9340128580582086, 2.3991803620500365, 0.31365738823008016, 2.038950399375511, -1.324862183454043, -0.8109754611992415, -2.719896884749829, -2.7640432280289344, -0.15787369818721064, -4.160381698117313];165.15107670007274;4.420849299989641
[3.4581870000000015, -2.499999999997776];True;[-3.4925396057752924, -3.2355717821768226, -3.456311252887443, 0.27635583891449933, 4.882063265270197, 1.8794655652055123, 0.36889975871018876, -1.967189332251356, 1.0277068702801042, -3.38162608324002];167.08249970001634;4.420849299989641
[3.857104656000004, -2.3839698];True;[-1.8260938267994824, 5.0, -5.0, 3.1957474936047667, 5.0, 5.0, 5.0, -5.0, -5.0, 5.0];166.88365699991118;6.045647399965674
[3.9411455040000014, -2.4999999999992633];True;[-5.0, -5.0, -5.0, 0.26043693727226014, 5.0, 5.0, 5.0, 5.0, 5.0, 5.0];155.35969270009082;6.045647399965674
[4.259520000000003, -2.1611896];True;[-5.0, 5.0, 5.0, 5.0, 5.0, 5.0, -5.0, 5.0, 5.0, 5.0];163.72179250000045;6.045647399965674
[3.7557628560000027, -2.3306138];True;[5.0, 5.0, -5.0, -5.0, 5.0, 1.677905526192509, -5.0, 5.0, 5.0, -5.0];169.02663400000893;6.045647399965674
[3.920338440000004, -2.3538617];True;[5.0, -5.0, 5.0, -0.7028443350896465, 5.0, 5.0, -5.0, -5.0, 5.0, 5.0];166.8965553001035;6.045647399965674
[3.291491808000008, -1.7142233];True;[-5.0, -5.0, -5.0, 0.18387149541136605, -5.0, 5.0, 5.0, -5.0, 5.0, -5.0];176.9552590000676;6.823680000030436
[4.179132576000014, -2.41165865];True;[-5.0, 5.0, 5.0, 1.278371854348669, 5.0, 5.0, 5.0, -5.0, 5.0, 5.0];177.8014017000096;6.823680000030436
[3.3453460080000026, -1.8830466000000001];True;[-3.4470682291106387, 5.0, 5.0, 1.1241972988427484, -5.0, -5.0, -5.0, -5.0, -5.0, 5.0];189.202992000035;6.823680000030436
[3.963088296000006, -2.499999999995964];True;[5.0, 5.0, 5.0, 0.48482021284864985, 5.0, -4.208501699574502, 5.0, -5.0, -5.0, 5.0];182.16860700002871;6.823680000030436
[3.6115200000000067, -2.499999999999507];True;[5.0, 5.0, -5.0, 5.0, -5.0, 5.0, 5.0, -5.0, -5.0, -5.0];183.23415100004058;6.823680000030436
[3.3955200000000128, -1.5730639];True;[-5.0, -5.0, 5.0, -5.0, -5.0, 5.0, 5.0, 5.0, -5.0, -5.0];167.9394093999872;7.449530499987304
[3.6860672160000107, -2.48461292];True;[-1.5487466875238898, -5.0, 5.0, 5.0, 5.0, -5.0, 5.0, -5.0, 5.0, -5.0];177.27017219993286;7.449530499987304
[3.583635264000004, -0.6088910000000001];True;[-5.0, 5.0, 5.0, 3.7090473848419077, 5.0, -5.0, 5.0, -5.0, -5.0, -5.0];175.60751130001154;7.449530499987304
[3.8275200000000007, -2.3027709];True;[5.0, 5.0, -5.0, 5.0, -5.0, 5.0, -5.0, 5.0, 5.0, -5.0];167.99306060001254;7.449530499987304
[3.8275200000000007, -2.4999999999980975];True;[-5.0, 5.0, -5.0, 5.0, -5.0, -5.0, 5.0, 5.0, 5.0, 5.0];164.20598670002073;7.449530499987304
[4.191659712000001, -2.493045903];True;[-5.0, 5.0, 5.0, -3.784734304079815, 5.0, 0.6430393024279066, 5.0, 5.0, 5.0, 5.0];156.75111399998423;5.696047500008717
[3.5105002560000127, -2.4999999999975078];True;[5.0, 5.0, -5.0, 0.32317833142312224, -5.0, -5.0, 5.0, -5.0, 5.0, -5.0];168.33781519997865;5.696047500008717
[4.043520000000009, -2.2839517];True;[5.0, -5.0, 5.0, 5.0, -5.0, 5.0, 5.0, -5.0, 5.0, 5.0];166.3196551000001;5.696047500008717
[3.510796608000008, -2.499999999960061];True;[5.0, -5.0, -5.0, 0.33688008647821555, 5.0, 5.0, -5.0, 5.0, -5.0, -5.0];164.91031090007164;5.696047500008717
[3.3955200000000128, -1.314508];True;[-5.0, 5.0, -5.0, 5.0, 5.0, -5.0, -5.0, -5.0, 5.0, -5.0];171.50147310004104;5.696047500008717
[3.9027594960000105, -1.5301074];True;[5.0, 5.0, -5.0, -1.5166910060827177, 5.0, -5.0, 5.0, 5.0, 5.0, -5.0];172.95042209990788;7.38592949998565
[3.5311982400000055, -2.4992388648];True;[5.0, -5.0, -5.0, -5.0, 5.0, 1.2813984644315575, 5.0, -5.0, 5.0, -5.0];176.60832390002906;7.38592949998565
[4.208150880000011, -2.49999999999932];True;[5.0, 5.0, -5.0, 5.0, 5.0, 2.621802455235703, 5.0, -5.0, 5.0, 5.0];166.39148470002692;7.38592949998565
[3.65161780800001, -2.499999999998094];True;[-5.0, -5.0, 5.0, 3.5876171924342444, 5.0, -1.7312373845289333, -5.0, -5.0, 5.0, 5.0];176.3790003999602;7.38592949998565
[3.7684872000000036, -2.499999999997623];True;[5.0, -5.0, 5.0, 0.774194536949631, -5.0, -3.5071903895949514, 5.0, 5.0, -5.0, 5.0];173.50631249998696;7.38592949998565
[4.374276480000009, -2.499999999999296];True;[5.0, 5.0, 5.0, -5.0, 5.0, 0.3127853636097857, 5.0, 5.0, 5.0, 5.0];155.1874697000021;7.594743800000288
[3.771598464000006, -2.1125227];True;[-5.0, 5.0, 5.0, -3.95502144535779, 5.0, 1.3660699486894252, 5.0, 5.0, -5.0, -5.0];166.0433213999495;7.594743800000288
[3.579029712000012, -2.4999999999967324];True;[5.0, -5.0, -5.0, -3.8356832649438397, 5.0, 2.331495938698634, 5.0, -5.0, -5.0, 5.0];165.85516819998156;7.594743800000288
[3.8275200000000007, -2.1122937999999998];True;[5.0, 5.0, 5.0, -5.0, 5.0, 5.0, -5.0, -5.0, 5.0, -5.0];169.53318949998356;7.594743800000288
[3.71887761600001, -2.4999999999992952];True;[5.0, -5.0, 5.0, -0.029747370478992785, 5.0, 5.0, 5.0, -5.0, -5.0, -5.0];170.21516719995998;7.594743800000288
[2.9859624, -1.9350169];True;[-5.0, -5.0, -5.0, 3.6840384750911532, -5.0, -2.645048079809557, -5.0, 5.0, -5.0, -5.0];176.44958580005914;4.378563400008716
[3.9641745600000053, -1.6429743];True;[5.0, -5.0, 5.0, 1.3266056636531278, 5.0, 5.0, -5.0, 5.0, -5.0, 5.0];169.246267599985;4.378563400008716
[3.9836463120000025, -2.0413043];True;[5.0, 5.0, -5.0, 3.0606257732435775, -5.0, 5.0, 5.0, -5.0, 4.167447525513698, 5.0];162.67969309992623;4.378563400008716
[4.043520000000009, -2.499999999999615];True;[5.0, 5.0, 5.0, 5.0, 5.0, 5.0, -5.0, -5.0, 5.0, -5.0];172.2913256000029;4.378563400008716
[3.480922080000004, -2.2422703999999998];True;[-1.0461951220576147, -5.0, -5.0, 5.0, -5.0, -5.0, 5.0, 5.0, 5.0, -5.0];168.45672999997623;4.378563400008716
[3.6996125760000025, -1.8907388];True;[5.0, 5.0, -5.0, -0.9216495974592585, -5.0, 5.0, -5.0, 5.0, -5.0, 5.0];175.77921399998013;7.075727899908088
[3.767845896000002, -1.5973651];True;[-5.0, 5.0, 5.0, -1.647526728004153, 5.0, -1.1151504052634214, -5.0, 5.0, -5.0, 5.0];178.97514430002775;7.075727899908088
[3.9966909840000038, -2.43184654];True;[5.0, 5.0, 5.0, -3.941225253405441, 5.0, 1.773214835166753, 5.0, 5.0, -5.0, -5.0];172.28822979994584;7.075727899908088
[3.6115200000000067, -2.2702601];True;[-5.0, -5.0, 5.0, 5.0, -5.0, 5.0, -5.0, -5.0, 5.0, 5.0];173.54037200007588;7.075727899908088
[3.466154376000008, -1.283728];True;[-5.0, 5.0, 5.0, -1.7298931805077027, 5.0, -5.0, -5.0, -5.0, 5.0, -5.0];179.89268269995227;7.075727899908088
[3.7620735120000024, -2.499999999999324];True;[-5.0, -5.0, -5.0, 1.9700662427071913, 5.0, 5.0, 5.0, 5.0, 5.0, -5.0];163.45694629999343;7.5567221998935565
[3.6115200000000067, -2.4999999999573603];True;[5.0, -5.0, -5.0, 5.0, 5.0, 5.0, -5.0, 5.0, -5.0, -5.0];167.85568710009102;7.5567221998935565
[3.253052016000013, -2.499999999998];True;[-5.0, -5.0, 5.0, -1.5957335736960134, -5.0, -5.0, 5.0, -5.0, -5.0, 5.0];165.46906070003752;7.5567221998935565
[3.9335010480000125, -2.4999999999960676];True;[5.0, -5.0, 5.0, -4.235843674710827, 5.0, -0.857628686731271, 5.0, 5.0, -5.0, 5.0];162.3783492000075;7.5567221998935565
[3.8275200000000007, -2.47690594];True;[-5.0, -5.0, 5.0, -5.0, 5.0, 5.0, -5.0, 5.0, 5.0, 5.0];161.3492699000053;7.5567221998935565
[3.1737897360000074, -2.46479367];True;[-1.571937951781079, -5.0, 5.0, 1.3066527217476391, 5.0, -5.0, -5.0, -5.0, -5.0, -5.0];154.8015127000399;4.108310600044206
[3.8440943280000086, -2.49599508];True;[-5.0, 5.0, -5.0, -4.232661743236282, 5.0, 5.0, -5.0, 5.0, 5.0, 5.0];141.44610149995424;4.108310600044206
[3.6225057600000055, -2.43234106];True;[0.15191866161473744, 5.0, -5.0, 0.356677956503467, -5.0, -5.0, 5.0, 5.0, -5.0, 5.0];142.28978979995009;4.108310600044206
[3.4847731440000027, -2.494920244];True;[-0.0615067143692789, -5.0, -5.0, 4.193599354537023, 5.0, 5.0, -5.0, -5.0, 5.0, -5.0];148.04228429996874;4.108310600044206
[3.8086254000000013, -2.4999999999988254];True;[5.0, -5.0, -5.0, 4.125253665982221, 5.0, 5.0, 5.0, 5.0, -5.0, -5.0];143.11675859999377;4.108310600044206
[3.363319152000013, -2.4999999999985043];True;[5.0, -5.0, -5.0, -5.0, -5.0, 3.3664631004788426, -5.0, -4.857268174184801, 5.0, 5.0];134.08469960000366;4.45087279996369
[3.410645616000005, -1.9737156];True;[-5.0, 5.0, -5.0, -4.299741097416906, -5.0, 5.0, -5.0, -5.0, 5.0, 5.0];137.7459036000073;4.45087279996369
[3.3111849600000047, -2.499999999998732];True;[-5.0, -5.0, -5.0, -1.5251057642120838, -5.0, -2.3792701643933967, 5.0, -5.0, 5.0, 5.0];135.22588410007302;4.45087279996369
[3.325354560000007, -2.4999999999988414];True;[-5.0, -5.0, -5.0, 1.7516017303212355, 5.0, -5.0, -5.0, -5.0, 5.0, 5.0];137.3821224999847;4.45087279996369
[3.3955200000000128, -1.443593];True;[-5.0, -5.0, -5.0, -5.0, 5.0, 5.0, -5.0, 5.0, -5.0, 5.0];136.5120111000724;4.45087279996369
[3.5059080960000015, -0.50651];True;[5.0, 5.0, -5.0, -5.0, 5.0, 0.11055654659273362, 5.0, -5.0, -5.0, -5.0];141.00218950002454;3.9117293999297544
[3.6055180080000055, -2.499999999996555];True;[-1.3616422867929283, 5.0, 5.0, -1.1979563475388364, -5.0, -2.7182708854680593, 5.0, 5.0, -5.0, -5.0];137.25295709993225;3.9117293999297544
[3.6000348480000053, -1.6719396];True;[-5.0, -5.0, 5.0, 4.468263895709633, -5.0, -5.0, -5.0, 5.0, 5.0, 5.0];135.6685205999529;3.9117293999297544
[4.14330163200001, -2.4999999999991194];True;[-5.0, 5.0, -5.0, 2.9275222980432956, 5.0, 1.6920127472281, 5.0, 5.0, 5.0, 5.0];129.37070119997952;3.9117293999297544
[3.5552856960000128, -2.4999999999981917];True;[5.0, -5.0, -5.0, -1.5877375853026399, -5.0, 5.0, 5.0, -5.0, 5.0, -1.0157008032609993];133.8982867000159;3.9117293999297544
[3.281385600000006, -2.4999999999683866];True;[3.781912052749986, -5.0, -5.0, 0.9521820706443362, 4.981885052633324, -5.0, -5.0, -5.0, -5.0, 5.0];169.99956710007973;4.7500616000033915
[3.918225096000011, 0.1541109999999999];True;[-5.0, 5.0, 5.0, 2.9676826088987056, 5.0, 1.2316293053716318, 5.0, 5.0, -5.0, -5.0];138.4368677000748;4.7500616000033915
[3.9844656000000005, -2.1507972];True;[5.0, -5.0, 2.2659853119032043, 5.0, 5.0, 5.0, 5.0, -5.0, -5.0, 5.0];138.72993600007612;4.7500616000033915
[3.796649064000013, -2.0820064];True;[5.0, 5.0, -5.0, -4.2505766904807665, -5.0, 2.8213720196978773, 5.0, 5.0, 5.0, -5.0];135.3845800999552;4.7500616000033915
[3.7519701120000137, -2.40691942];True;[5.0, -5.0, -5.0, 1.5023003638080628, 5.0, 5.0, 5.0, 5.0, -5.0, -5.0];138.18673459999263;4.7500616000033915
[3.342962016000012, -2.4999999999971636];True;[-1.7978016155320198, 0.7701640946804407, -4.725070956460592, -1.0471801025904797, -0.9649949285339812, -0.655398605681996, -1.0110631022883911, -1.853624655368403, -0.7019740178200067, -0.4462778521672375];141.34876709990203;4.889626400079578
[3.999805704000006, -2.1099456];True;[-2.8094045308701023, 4.384425081142785, 1.98977229464976, 1.3290679428006804, 4.756599685730707, 3.1647970168471407, 1.3610129954337165, 2.4905296149185965, 2.902909513309268, -1.5935185606131617];138.71885129995644;4.889626400079578
[3.700133784000012, -2.499999999997027];True;[2.487659148638402, -5.0, 3.7462261123684684, 2.420363153330115, 1.1266013673661295, 0.21816768375686557, 5.0, -4.738296513784087, 3.841778575382815, -5.0];145.74435960000847;4.889626400079578
[3.671798256000003, -2.4999999999994267];True;[-0.8774299440073028, 1.5115657615418954, 4.466167942483404, -1.8109253636273088, -2.463595285472625, 0.1464824913038143, -0.43262602033178155, -0.2796223233154338, 1.7991735301528156, 0.7315001148838558];138.79017069994006;4.889626400079578
[3.473637264000004, -2.1102676000000002];True;[0.7065953894825476, -0.3994508291577805, -3.3323033051723936, -1.8799388899134062, -1.7635589327355907, 0.21387640216073844, 2.2242744239592067, -3.254341477214143, -1.9369707195972423, 3.038355586698543];140.79661299998406;4.889626400079578
[3.6910976400000015, -2.499999999995736];True;[1.3177483287997696, -2.2085415674923183, 1.0513531181260491, 0.6904827453950935, 5.0, -4.785477958163712, 1.3488163774690634, 3.3821282718329435, 2.7418063714539063, -4.854160966579543];140.98490599996876;4.842831000103615
[3.9972020400000083, -2.496973938];True;[-3.3625936951951325, 5.0, 4.94951877353142, 5.0, 2.37267951363667, -4.575464033401931, 5.0, -0.3571971392207747, 5.0, -1.171262257190564];139.5535503999563;4.842831000103615
[3.4237285200000023, -2.4999999999991496];True;[-2.336289577094219, 0.4029579068209346, 3.3489762285010904, 0.46613882440900767, -4.153862780340462, 0.11316700035628635, -1.2830054539759708, -1.421573523690892, -0.07978331644669368, -3.7507620083369746];139.05199629999697;4.842831000103615
[3.2520216960000017, 0.5389349999999999];True;[-5.0, -2.0041447961699537, 2.064649156895059, -3.505565502367687, 3.087613963223486, -0.7204777848058432, -4.24713879698469, -4.769942853462628, -5.0, 3.4515712799350986];143.37065489997622;4.842831000103615
[3.465812448000011, -2.499999999999547];True;[-2.4277904309104925, -0.23278549620598188, -2.1642757223078357, -2.3470355369646634, 2.142005416541447, -0.39881443596377775, 0.26320652912981934, -1.439666757282124, 0.9296859719569053, -1.070258694155108];137.396628000075;4.842831000103615
[3.6115200000000067, -2.029185];True;[-5.0, 5.0, -5.0, 5.0, -5.0, 5.0, 5.0, -5.0, 5.0, -5.0];137.2559643998975;4.0983501999871805
[3.3472165680000083, -2.499999999999079];True;[-5.0, -5.0, 5.0, -5.0, -5.0, 2.763730919822171, -5.0, 5.0, 5.0, -5.0];135.09839499997906;4.0983501999871805
[3.250319832000012, -2.4999999999991287];True;[-5.0, -5.0, -5.0, 5.0, -5.0, -1.7222226041013684, 5.0, -5.0, -5.0, 5.0];138.45551180001348;4.0983501999871805
[3.535997544000011, -2.0285921];True;[5.0, -5.0, -5.0, -0.5706450254733912, -5.0, -2.9257776592837974, 5.0, -5.0, 5.0, 5.0];135.95321589999367;4.0983501999871805
[3.9162061440000118, -2.0704156];True;[-5.0, -5.0, -5.0, 5.0, 5.0, 5.0, -0.8941533079269881, 5.0, 5.0, 5.0];129.68837119999807;4.0983501999871805
[3.735653472, -2.0298423];True;[5.0, -5.0, -5.0, 5.0, -5.0, 5.0, 0.7469290323106934, 5.0, -5.0, 5.0];156.56819010002073;4.5568339000456035
[3.493538640000002, -0.991951];True;[5.0, 5.0, -5.0, -0.46210903730163366, 5.0, -5.0, 5.0, -5.0, -5.0, -5.0];159.38615819998085;4.5568339000456035
[3.088839312000005, -2.4999999999980616];True;[-5.0, -5.0, -5.0, 0.8018157948400182, 5.0, -5.0, -5.0, 5.0, -5.0, -5.0];160.32706719997805;4.5568339000456035
[3.9327949440000065, -2.4999999999991243];True;[-5.0, -5.0, 5.0, -0.12616919969207618, 5.0, 5.0, 5.0, 5.0, -5.0, 5.0];154.81303100008518;4.5568339000456035
[3.286152504000009, -2.4999999999963762];True;[-5.0, 5.0, 5.0, -0.06329699115992415, -5.0, -5.0, 5.0, -5.0, -5.0, -5.0];159.33656269998755;4.5568339000456035
[3.741622632000008, -2.1763085];True;[-5.0, 5.0, -5.0, 1.0232675939812363, -5.0, 5.0, 5.0, 5.0, -5.0, 5.0];148.00857229996473;4.124587300000712
[3.93783098400001, -2.0802116];True;[1.3296727515989817, 5.0, 5.0, -3.3561781312955983, -5.0, 2.133470432531901, 5.0, 5.0, 5.0, -5.0];145.24640329997055;4.124587300000712
[3.8893558320000077, -2.48806437];True;[-0.4935006229199921, -5.0, -5.0, 3.3562642302646246, 5.0, 5.0, 5.0, -5.0, 5.0, 5.0];145.65767260000575;4.124587300000712
[3.7592357040000106, -2.3128677];True;[-5.0, 5.0, -5.0, 1.8386905481238092, 5.0, -5.0, -5.0, 5.0, 5.0, 5.0];151.70058699999936;4.124587300000712
[2.890634904000003, -2.48426058];True;[-5.0, -5.0, 5.0, 1.625689206133143, -5.0, -5.0, -5.0, -5.0, -5.0, -5.0];179.19135149999056;4.124587300000712
[3.522015864000014, -2.49999999999942];True;[-5.0, 5.0, -5.0, 0.856299857250522, 5.0, -5.0, 5.0, -5.0, -5.0, 5.0];140.78611660003662;5.850086499936879
[4.093902432000002, -2.43352714];True;[5.0, -5.0, 5.0, -2.6674805821464034, 5.0, 5.0, 5.0, -5.0, 5.0, 5.0];139.11472349998076;5.850086499936879
[3.7348594560000086, -1.9092492];True;[-5.0, -5.0, 5.0, 5.0, 5.0, 0.7101571167949867, -5.0, 5.0, 5.0, -5.0];139.74814100004733;5.850086499936879
[4.211595648000014, -2.4999999999995626];True;[5.0, 5.0, 5.0, -5.0, 5.0, 2.7812879167455105, -5.0, 5.0, 5.0, 5.0];138.5724336000858;5.850086499936879
[3.4630139520000074, -2.499999999986912];True;[0.034361296376957284, -5.0, 5.0, -5.0, 5.0, 3.0903498959629427, -5.0, -5.0, 5.0, -5.0];144.34304970002268;5.850086499936879
[3.9968251200000053, -2.493766128];True;[5.0, -5.0, -5.0, -3.252994093416636, 5.0, 1.091213906296682, 5.0, 5.0, 5.0, 5.0];134.4664318000432;4.395616099936888
[3.370028544000009, -2.4999999999839266];True;[-5.0, -5.0, 5.0, 3.8198481117486587, -5.0, 5.0, -5.0, 5.0, -5.0, -5.0];142.6178509000456;4.395616099936888
[3.562505280000003, -2.4999999999987583];True;[-0.5317274174339897, -5.0, 5.0, 5.0, 5.0, -1.7374746739904938, 5.0, -5.0, -5.0, -5.0];145.45085720007773;4.395616099936888
[3.514639464000005, -2.40327495];True;[-5.0, -5.0, -5.0, 0.514791892186186, -5.0, -5.0, 5.0, 5.0, 5.0, 5.0];138.43742299999576;4.395616099936888
[3.339748368000009, -2.499999999981722];True;[-5.0, 5.0, -5.0, -0.9401010309870212, -5.0, -1.6419011307143352, -5.0, 5.0, 5.0, -5.0];140.16304459993262;4.395616099936888
[4.018873968000006, -2.4999999999962954];True;[5.0, 5.0, 5.0, 1.399566625504277, 5.0, -2.5405892715896896, 5.0, -5.0, -5.0, 5.0];143.32077829993796;4.703868800075725
[3.4078343760000074, -2.48646159];True;[-0.9951796135946207, 5.0, -5.0, 0.37242797899785174, -5.0, -3.807152186605122, -5.0, -5.0, 5.0, 5.0];143.68872179999016;4.703868800075725
[3.450140136000007, -2.499999999999561];True;[-5.0, -5.0, -5.0, 5.0, -5.0, -2.471290706239518, 5.0, -5.0, 5.0, 5.0];136.22696100000758;4.703868800075725
[3.8275200000000007, -2.1454283];True;[5.0, 5.0, -5.0, -5.0, 5.0, 5.0, -5.0, -5.0, 5.0, 5.0];142.09165109996684;4.703868800075725
[4.146731928000011, -2.45116458];True;[-5.0, 5.0, 5.0, -0.22167169145721566, 5.0, 5.0, -5.0, 5.0, 5.0, 5.0];140.99231050000526;4.703868800075725
[3.329519688000007, -2.49850658];True;[-5.0, 5.0, -5.0, -0.4662765538651712, -5.0, -2.589290399971745, -5.0, 5.0, -5.0, 5.0];146.20203000004403;4.380715099978261
[3.4329951360000113, -2.499999999999309];True;[0.6678152845075207, -5.0, 5.0, 1.0671564903334971, -5.0, -5.0, 5.0, -5.0, -5.0, 5.0];145.41586850001477;4.380715099978261
[3.7661500800000027, -2.499999999993517];True;[-0.3969061325415195, -5.0, -5.0, 5.0, 5.0, -2.4442888774238636, 5.0, 5.0, -5.0, 5.0];140.6259476999985;4.380715099978261
[3.5513132400000065, -2.499999999998631];True;[-5.0, -5.0, 5.0, -1.5329052786683657, 5.0, -1.2544535014031561, 5.0, -5.0, 5.0, -5.0];144.81659179995768;4.380715099978261
[3.7914801840000094, -2.499999999998847];True;[5.0, -5.0, 5.0, 3.3314984516756336, 5.0, 5.0, 5.0, -5.0, -5.0, -5.0];144.14719690009952;4.380715099978261
[3.5858976480000053, -1.8418997];True;[-5.0, 5.0, -5.0, 3.8137744255504398, 5.0, 5.0, -5.0, -5.0, -5.0, 5.0];147.35074350005016;5.037346099969
[3.5958699360000015, -2.0395222];True;[0.7862136832140054, -5.0, -5.0, 5.0, -5.0, -1.5107515938341405, 5.0, -5.0, 5.0, 5.0];138.1605372999329;5.037346099969
[3.4840851840000076, -1.9296595];True;[5.0, -5.0, -5.0, -0.8997449931545773, -5.0, 5.0, 5.0, -5.0, 5.0, -5.0];142.4722290999489;5.037346099969
[3.8065304160000006, -2.4999999999989315];True;[5.0, -5.0, -5.0, 1.3441739746375294, 5.0, -2.3159009258348346, 5.0, -5.0, 5.0, 5.0];136.03039090009406;5.037346099969
[3.606619608000003, -2.4999999999991758];True;[-5.0, -5.0, -5.0, 2.3826916214594203, 5.0, -2.6095410941505053, -5.0, 5.0, 5.0, 5.0];140.6461465000175;5.037346099969
[3.999313440000013, -2.499999999999445];True;[5.0, -5.0, -5.0, 2.953401075459557, -5.0, 5.0, 5.0, 5.0, 5.0, 5.0];159.15169740002602;5.4077522999141365
[3.427737696000008, -2.4999999999876215];True;[-5.0, -5.0, -5.0, -0.26881427116552103, 5.0, 1.7603828811571152, -5.0, 5.0, -5.0, 5.0];165.6804396000225;5.4077522999141365
[3.6545493600000087, -2.2515093];True;[0.8241029417469958, -5.0, 5.0, 1.1679977179431784, -5.0, -5.0, 5.0, 5.0, 5.0, -5.0];167.09657750010956;5.4077522999141365
[4.181471640000003, -2.4999999999983227];True;[5.0, -5.0, 5.0, 5.0, 5.0, 1.3866570200915547, 5.0, -5.0, 5.0, 5.0];164.01422130002175;5.4077522999141365
[3.6734394240000023, -2.4999999999942615];True;[-5.0, 5.0, -5.0, 5.0, 5.0, -2.1333402499210905, 5.0, -5.0, 5.0, -5.0];170.52357710001525;5.4077522999141365
[3.9026873520000005, -2.499999999999621];True;[-5.0, -5.0, 5.0, -5.0, 5.0, 2.608461788955985, 0.8715167014452216, 5.0, 5.0, 5.0];158.6546803000383;6.733189800055698
[3.9953062080000104, -2.499999999999566];True;[5.0, 5.0, 5.0, -5.0, -5.0, 2.7678762903515777, -5.0, 5.0, 5.0, 5.0];164.54942769999616;6.733189800055698
[4.153952160000002, -2.2681589];True;[-5.0, 5.0, 5.0, 0.11259140330034256, 5.0, 5.0, 5.0, 5.0, 5.0, -5.0];165.01434009999502;6.733189800055698
[3.2160492720000047, -2.4999999999943383];True;[-5.0, -5.0, 5.0, 1.2208579914045625, -5.0, -5.0, 0.4703148582646177, 5.0, -5.0, -5.0];168.17376739997417;6.733189800055698
[3.6520610400000013, -2.499999999998597];True;[-5.0, 5.0, -5.0, 4.2370885470697, -5.0, -2.3601944683912857, 5.0, -5.0, 5.0, 5.0];164.2168101000134;6.733189800055698
[3.871577088000011, -2.492823735];True;[-5.0, 5.0, 5.0, -5.0, 5.0, 2.8084825171811802, -0.7687937508214402, 5.0, 5.0, -5.0];166.71210439992137;8.094405699986964
[3.2091320880000134, -1.217054];True;[-5.0, -5.0, 5.0, 5.0, -5.0, -3.629067734903275, 5.0, -5.0, -5.0, -5.0];173.01075640006457;8.094405699986964
[3.878003736000002, -2.2154913];True;[-5.0, -5.0, 5.0, 5.0, 5.0, -2.662786779971901, 5.0, 5.0, 5.0, -5.0];168.91990729991812;8.094405699986964
[3.8113707600000017, -2.4999999999254072];True;[5.0, -5.0, -5.0, 1.5346402986915368, 5.0, -2.282292747638428, 5.0, 5.0, -5.0, 5.0];168.94924549991265;8.094405699986964
[3.879441216000007, -2.43171218];True;[5.0, -5.0, -5.0, 3.2683484057935495, 5.0, 5.0, -0.8646039911842065, 5.0, 5.0, -5.0];169.55039350001607;8.094405699986964
[3.539445768000013, -2.4999999999979763];True;[-5.0, -5.0, -5.0, -1.5019395164872722, 5.0, -1.8348106215179092, 5.0, 5.0, -5.0, 5.0];145.25955990003422;7.007184399990365
[3.4053909840000007, -1.7861059];True;[-0.46530817528782986, -5.0, -5.0, 0.9222905558966668, -5.0, -5.0, -5.0, 5.0, 5.0, 5.0];146.9847476000432;7.007184399990365
[3.3675149520000085, -1.7514399];True;[5.0, -5.0, -5.0, 1.337610990873567, -5.0, -2.6341337443406143, 5.0, 5.0, -5.0, -5.0];148.66667160007637;7.007184399990365
[3.241196208000008, -2.494253485];True;[-0.4484150521737984, -5.0, -5.0, 1.167556535788595, -5.0, -2.863767473638142, 5.0, -5.0, -5.0, 5.0];149.09939420002047;7.007184399990365
[4.2054798240000055, -2.3744041];True;[5.0, 5.0, -5.0, -3.185873061791792, 5.0, 0.6840138270091325, 5.0, 5.0, 5.0, 5.0];138.66204329999164;7.007184399990365
[3.6322657200000137, -2.4995669763];True;[-5.0, -5.0, 5.0, 1.9908091723673138, 5.0, -5.0, -1.030367523763664, 5.0, -5.0, 5.0];141.30748710001353;5.2271473000291735
[4.3441073280000015, -2.1259323];True;[5.0, 5.0, 5.0, -1.0839377648998223, 5.0, 5.0, 5.0, 5.0, -5.0, 5.0];139.80056759994477;5.2271473000291735
[4.016419776000007, -2.0691509];True;[5.0, -5.0, 5.0, 3.7453586977196593, 5.0, 5.0, 5.0, -5.0, 5.0, -5.0];142.3215737999417;5.2271473000291735
[3.5766431280000037, -2.499999999999435];True;[-5.0, -5.0, -5.0, -3.2024628865754345, -5.0, 1.5878074132167788, 5.0, 5.0, 5.0, 5.0];132.87521079997532;5.2271473000291735
[3.351409344000009, -2.49777407];True;[-5.0, 5.0, -5.0, -0.0034618391315488495, 5.0, -2.038694849484525, -5.0, -5.0, -5.0, 5.0];146.67367409996223;5.2271473000291735
[3.2638999680000005, -2.1033787];True;[-5.0, -5.0, -5.0, 2.6227202800040157, -5.0, -2.8338735149599397, -0.8823634146354671, -5.0, 5.0, 5.0];135.27040189993568;4.289681499940343
[3.803170752000012, -2.4999999999988876];True;[5.0, -5.0, 5.0, -3.88090187843338, -5.0, 2.7536332479628776, 5.0, -5.0, 5.0, 5.0];137.08218380005565;4.289681499940343
[3.486830112000003, -2.499999999962852];True;[1.4145920968948245, -5.0, 5.0, -5.0, 5.0, 2.8127292505702055, -5.0, -5.0, 5.0, -5.0];144.13932770001702;4.289681499940343
[3.5662870080000046, -2.4999999999990172];True;[-5.0, -5.0, -5.0, -5.0, 5.0, 2.9058778178119162, 5.0, -5.0, 5.0, 5.0];135.61257660004776;4.289681499940343
[4.043520000000009, -2.499999999997851];True;[5.0, 5.0, 5.0, 5.0, 5.0, 5.0, -5.0, 5.0, -5.0, -5.0];142.02821810008027;4.289681499940343
[3.803629536000011, -2.1418133];True;[-5.0, -5.0, -5.0, -3.5311276653086257, 5.0, 2.42509679665225, 5.0, 5.0, 5.0, 5.0];129.72461329994258;4.776889699976891
[3.5286809760000093, -2.4999999999992304];True;[-5.0, 5.0, -5.0, -2.1706235736325574, 5.0, -1.6645044397339737, 5.0, 5.0, -5.0, -5.0];142.40710220008623;4.776889699976891
[3.5330463360000035, -2.4999999999981166];True;[-5.0, -5.0, -5.0, 1.366963464285841, 5.0, 5.0, 5.0, 5.0, -5.0, -5.0];142.01898679998703;4.776889699976891
[4.259520000000003, -2.1986158];True;[5.0, 5.0, 5.0, 5.0, 5.0, 5.0, -5.0, 5.0, 5.0, -5.0];142.64175740000792;4.776889699976891
[3.7017604800000106, -2.4999999999765046];True;[5.0, -5.0, -5.0, 5.0, 5.0, -0.8221949914712674, 5.0, -5.0, 5.0, -5.0];144.2414179999614;4.776889699976891
[3.470575680000004, -1.9788996];True;[-5.0, -5.0, 5.0, -1.5251843159686116, -5.0, -5.0, 5.0, 5.0, -5.0, 5.0];137.11577159992885;4.522472999989986
[3.9405221280000013, -2.0991253];True;[-5.0, -5.0, 5.0, 5.0, 5.0, 0.23158294567987703, 5.0, -5.0, 5.0, 5.0];137.1770854999777;4.522472999989986
[4.238332992000007, -2.499999999999417];True;[5.0, -5.0, -5.0, 4.019120561019875, 5.0, 5.0, 5.0, 5.0, 5.0, 5.0];129.45777830004226;4.522472999989986
[3.861450576, -2.4999999999993565];True;[-0.21448238332328806, -5.0, -5.0, -2.6360943512290813, 5.0, -0.5785568708403979, 5.0, 5.0, 5.0, 5.0];133.1248176000081;4.522472999989986
[3.378823848000007, -2.4999999999933755];True;[-5.0, 5.0, -5.0, 2.4811517655440234, 5.0, -3.25412914506596, -5.0, -5.0, -5.0, 5.0];142.91993939992972;4.522472999989986
[3.781613088000013, -1.7611596999999999];True;[5.0, -5.0, 5.0, -0.8192446503705391, 5.0, -1.3060768121520328, 5.0, -5.0, -5.0, 5.0];138.78452130011283;3.7390813999809325
[3.1552977600000087, -2.4999999999968336];True;[-5.0, -5.0, -5.0, -5.0, 5.0, 3.878595711032615, -5.0, -5.0, 5.0, -5.0];141.64632919989526;3.7390813999809325
[4.043520000000009, -1.8303527000000002];True;[5.0, 5.0, 5.0, -5.0, -5.0, 5.0, 5.0, -5.0, 5.0, 5.0];136.36700109997764;3.7390813999809325
[3.7874781360000136, -1.380627];True;[5.0, -5.0, 5.0, -5.0, 5.0, 3.1462161298967075, -5.0, 5.0, 5.0, -5.0];137.99410590005573;3.7390813999809325
[4.091927328000011, -2.3682146];True;[5.0, 5.0, -5.0, 2.254045076681007, -5.0, 5.0, -0.012958255819094155, 5.0, 5.0, 5.0];132.1060034999391;3.7390813999809325
[3.64183322400001, -2.398547];True;[0.2617873749722861, 5.0, -5.0, -2.9280533476307697, -5.0, -0.9303627564726122, 5.0, 5.0, 5.0, -5.0];140.4370617000386;5.352688299957663
[3.68805225600001, -2.4999999999994054];True;[-0.29677383960553794, -5.0, -5.0, -3.759654634851592, 5.0, 2.599555740403802, 5.0, -5.0, 5.0, 5.0];139.44864770001732;5.352688299957663
[3.7631183040000016, -2.49999999999582];True;[-5.0, 5.0, 5.0, 2.018427312074717, 5.0, -5.0, -5.0, -5.0, 5.0, 5.0];144.76916989998426;5.352688299957663
[3.966712560000002, -2.1769684];True;[5.0, 5.0, -5.0, 1.4440971855569416, 5.0, 5.0, 5.0, -5.0, -5.0, 5.0];139.18499919993337;5.352688299957663
[3.4221880080000098, -2.4999999999985545];True;[-5.0, -5.0, -5.0, -0.6286260554787839, -5.0, 1.8632548969172449, -5.0, 5.0, 5.0, 5.0];138.5990328999469;5.352688299957663
[3.322661472000013, -2.0320850999999998];True;[-5.0, -5.0, -5.0, -2.197344521806774, -5.0, -1.175722765538378, 5.0, 5.0, -5.0, 5.0];136.95709599996917;7.160168400034308
[3.1296034800000068, -2.2505179];True;[-5.0, -5.0, -5.0, -1.2926387659475402, -5.0, -1.0183084171137748, -5.0, 5.0, 5.0, -5.0];140.4718590999255;7.160168400034308
[3.6781216560000107, -1.468824];True;[-0.7037841303703711, -5.0, -5.0, 3.7871923480237832, 5.0, 5.0, -5.0, 5.0, 5.0, -5.0];141.99768200004473;7.160168400034308
[3.1039305840000058, -2.499999999972825];True;[-5.0, -5.0, 5.0, -1.1783887535624036, -5.0, -2.3211117466261832, 5.0, -5.0, -5.0, -5.0];145.0793365999125;7.160168400034308
[3.1757970240000044, -2.49999999998185];True;[-5.0, -5.0, 5.0, -0.535922833690087, 5.0, 0.363554755400223, -5.0, -5.0, -5.0, -5.0];146.3994115999667;7.160168400034308
[3.282795648000006, -2.47203875];True;[-5.0, -5.0, 5.0, -0.21871462771141292, -5.0, -5.0, 5.0, -5.0, 5.0, -5.0];159.27741460001562;5.682074599899352
[3.2251962240000127, -2.499999999999506];True;[-1.3045259941184955, 5.0, -5.0, -5.0, 5.0, 3.4191651256018005, -5.0, -5.0, -5.0, -5.0];158.83713780005928;5.682074599899352
[3.7451885760000083, -1.366245];True;[-5.0, 5.0, -5.0, 1.188344558157409, 5.0, -5.0, 5.0, -5.0, 5.0, 5.0];153.46535149996635;5.682074599899352
[4.195229760000002, -2.49999999999975];True;[5.0, -5.0, 5.0, 2.0235876280696736, 5.0, 5.0, 5.0, 5.0, 5.0, -5.0];150.6333570999559;5.682074599899352
[3.77860010400001, -2.2974991];True;[-5.0, 5.0, 5.0, -5.0, -5.0, 2.7351935737003927, 5.0, -5.0, 5.0, 5.0];153.33112240000628;5.682074599899352
[3.5833674240000057, -1.9955034];True;[-5.0, -5.0, -5.0, 5.0, 5.0, -2.9030370367985707, 1.5996766362021129, 5.0, 5.0, -5.0];164.35412969999015;5.452413499937393
[3.6970348320000124, -1.9297426];True;[1.190284781770826, -5.0, -5.0, -3.474734547292014, 5.0, 1.2434837337399962, 5.0, 5.0, 5.0, -5.0];165.28271529998165;5.452413499937393
[4.35007368000001, -2.45015428];True;[5.0, 5.0, 5.0, 5.0, -5.0, 5.0, -0.8076983450969557, 5.0, 5.0, 5.0];156.7472289999714;5.452413499937393
[4.185161784000011, -2.4999999999888423];True;[5.0, 5.0, -5.0, 5.0, 5.0, 1.5574923604161803, 5.0, 5.0, -5.0, 5.0];163.41097730002366;5.452413499937393
[3.8275200000000007, -2.499999999999169];True;[5.0, 5.0, 5.0, 5.0, -5.0, 5.0, 5.0, -5.0, -5.0, -5.0];166.69896529999096;5.452413499937393
