objectives;is_feasible;variables;evaluation_time;algorithm_time
[4.034800080000012, -2.4999999999905933];True;[4.1900182801777035, 3.3150720675857244, 0.5476088971023598, 3.063205641203803, 4.711856185557808, 1.1932622386194076, 2.8649890424747424, 0.8131112686571793, 3.1874951514845105, -4.290312186899254];156.20623729994986;1571.2256177000236
[3.796808040000002, -2.499999999998682];True;[-1.7007509042356639, 3.592193879595742, 0.8939930988636524, 2.3008412178916346, 0.357257785500666, 2.3124596106039883, 4.200920675832393, 1.8746819492469013, -2.7645899343651106, -2.4888670832721504];150.82525429991074;
[3.4002283680000107, -2.49999999999846];True;[1.6201114425007992, -1.0487292063893463, 3.9454376522628447, -1.6360414387375775, -0.407799579145677, -4.40619241260327, 2.712617707299688, -3.6563335688782397, -2.9386855925600575, -3.966417531065267];158.33390369999688;
[3.6436504320000034, -1.7024165999999998];True;[2.7358195050666145, -1.9521244694515483, -4.9109449101545675, 3.432080315342281, -1.505567950116208, 3.086558967579183, -0.11558034598351519, 2.9061723379828095, -1.2954676986123448, -0.8933943638242159];147.41477539995685;
[3.649751568000001, -2.4999999999989124];True;[-1.7626073009384013, -0.16644729037841266, 0.8105912243001079, 4.689577375707753, -1.4955715318706595, 1.662223000507983, 3.306569667345805, -0.3067080666090405, -0.7447543574035533, -4.222876503601666];153.44745720003266;
[3.6789854400000044, -2.4999999999930225];True;[4.064254718101129, -1.7134617312031342, 4.387293697830616, 3.5421806330069856, 2.4514227897374212, -2.98168906747979, -0.2234747781537294, -3.586381989179428, 0.7550983744769777, -3.5718450286445136];155.97663409996312;
[3.611403360000001, -2.499999999997787];True;[-4.167202626138009, 0.008021257559491346, -0.9449955566569814, 3.3823132090501797, 4.007794902757652, -0.40911356280727507, -3.4804267343234563, 3.0589816582532876, 0.24955582173272006, -1.7103373977343383];158.6812637000112;
[3.959295552000003, -1.5281554000000002];True;[4.870544782845579, 3.548782812709735, 3.3078817767868998, 1.041505837366719, -0.3290657309247811, 0.6508231487915319, 2.7449741705562714, 4.903865028903747, -2.8685184290569907, -1.77007982944704];167.42685509996954;
[3.76985059200001, -2.3220772];True;[-3.463159375541136, -4.8809032491556, 3.764467220203361, 4.369984368563793, 3.3206804496155016, -3.120806990190277, 1.3392479969750504, 4.620038995969374, 3.501505284704505, -2.1209244435429575];171.66989739995915;
[4.019332320000013, -2.4999999999988542];True;[2.1638987613437433, 2.4266409486221807, 1.4614109764940464, 3.059264854247509, -1.1839495275770262, 2.6654570559840574, 0.8691925178696263, 3.593704464390857, 0.16448552023299978, 3.6600971491384406];172.13320429995656;
[3.776282208000012, -2.499999998488713];True;[4.896947606030732, 2.3552325392068587, -3.6200158606776043, 3.9050091286433037, -0.5548976879393388, -3.2996050816372033, 2.6444355804428437, 2.3265499907494895, -4.173637118486754, 3.147858083385339];150.88010860001668;
[4.162842072000003, -2.4999999999996487];True;[2.0901359409195486, 3.1106206731157098, 3.584805546998723, 4.976836054298715, 2.929531637351552, 3.1981651963362836, 3.5095348408778637, 4.223606838873339, 1.6406296846004427, -3.7397149201031246];147.67684109997936;
[3.916831248000005, -2.4999999999996247];True;[-4.7172446862430135, 1.2639189623472245, 1.7884652640268435, 3.3636234507424394, 3.778538613687278, -2.369555496646937, 4.322998907311813, 3.5932640869262897, 1.145002587476701, 1.9657651932777522];146.4807302999543;
[3.5212726080000034, -2.499999999939354];True;[-2.8396783697185137, 2.774536776346963, -4.685765431904949, -0.7976135795201778, 2.1653741255442878, 3.935162418707808, 2.6068375063934637, -3.4214044861660478, 0.3838742605966896, -4.299445494950527];166.56201970006805;
[3.7443900240000105, -2.4999999999993108];True;[3.46004905247071, -2.9605377843147607, 0.8511710206123579, -3.3619290068650542, 4.288983008708202, -0.5346950202172183, 2.510396997280141, 0.1026350104788829, 3.8654303871451585, -2.0701486341526976];175.12736819998827;
[3.571543368000002, -2.4991039266];True;[-0.682661170558621, -4.887656108816624, -0.04238547959638428, 2.484087462995187, 2.391928183754745, 1.4538836697642026, -1.124879614533275, -3.136426747072142, -1.049148170339259, 2.7425003510104045];151.81652510003187;
[3.5578008000000105, -2.4999999999983333];True;[-1.7576051645828628, 0.8214147325437917, -4.611561165076607, -2.554820021665738, -3.4826794635994505, 2.263344539387404, -2.8559255671795736, 4.658837519603633, 0.45374482078358547, 4.57826298488321];150.71469849999994;
[3.561181416000009, -2.4999999999982903];True;[-4.577014263931024, 1.2249011027324137, 4.358790066396111, -4.145359319399107, 3.0479698124040624, 3.3775034182213197, -3.0693108795550472, -0.33192493089093666, 1.0057757470814979, -3.2218641658480895];151.8386935000308;
[3.7553010480000095, -2.496787527];True;[2.959597551839619, -1.7345290618707718, 1.1669981152921967, -0.1015169551941959, 4.822264568822963, -2.6312462795145986, -0.10398195043944902, 3.3200035266491863, 2.452087351588098, -3.4931383750449783];154.5821692000609;
[3.6361569600000117, -2.4999999999909632];True;[-1.1687981059306027, -3.6976552772280638, 3.6750324392601, -0.8449546773783361, 2.474352768440186, 4.200730905033831, -4.08991393602011, 4.392181578109513, -2.184363167747944, -1.616040100950972];153.3483260999201;
[3.9087999360000043, -2.499999999998368];True;[2.365806449155203, -1.343845404834465, 4.004699953031107, -1.2514205350624574, 4.769670306158249, -0.9661366514973366, 3.7332372206474407, -2.543395507324621, 0.2780311854075048, 4.7163513765499445];152.08125859999564;
[3.7036867680000087, -2.4999999999956755];True;[3.568996852365281, -2.35972964230338, -2.6090830751827854, -3.285068364955893, -4.9194096896378525, 3.6462001109029636, 4.491421822154123, -2.4685070167784606, 3.2239631801166695, 4.978203475262957];148.23506129998714;
[3.560324760000011, -2.2659813];True;[-2.9063816162916467, 1.992867770018476, 0.06281881150594781, 2.1609401397305037, 1.7100338282027892, -2.2507483080048587, -2.768784214557869, -4.044203285160554, 1.035934049783597, 2.63735479804825];152.28743549995124;
[3.187672488000004, -2.4999999999970455];True;[-3.288410544828375, 0.8145198421510402, -4.398173674953604, -0.3370026098202361, -4.713910820577887, 2.113529577880654, -0.6766465133714714, -0.8644816775862205, -4.040540260255455, -4.231445351662911];153.0929807999637;
[3.560110704000002, -1.711099];True;[-2.219086813457807, -4.174507236821153, 2.7232406644893183, 3.850130661168441, -3.766383679222379, 3.341658397548617, -3.941604993513539, 1.145246966272932, -3.1873405778616473, 3.848606990826296];152.31626299989875;
[3.9343386960000033, -1.9125217];True;[3.20666697203203, -1.9819864556772302, 1.1877435756101598, 3.3446719072352966, 2.8929526047997154, 3.838875781953023, -1.6739995705430024, 4.0514833785217785, -1.83944404753976, 1.918361425824319];151.54421129997354;
[3.932267256000002, -2.4999999999974247];True;[4.864713196511467, -1.4129824712333061, -0.23212751296189804, 2.0626360907257544, 0.559098752492309, 4.312804273426421, 3.8647146995805564, 0.18429545721916618, 3.1471290798095204, -2.5008494036033446];151.32729999988806;
[3.651194232000013, -2.492070571];True;[-2.70953087588277, -3.990621781613445, 4.001196923845496, 4.702391450995172, 1.9424721604029171, -2.323759209261018, 2.651754191342591, 0.4199135606645328, 0.6150065941542735, -3.4720498218730453];152.5502316999482;
[3.3362262720000038, -1.434005];True;[-3.429112504795663, -4.5593449687891985, 1.4826441030374937, 4.2770236691007995, 4.369169188253073, -3.0397583756793933, 1.425529947226365, -3.5467610551475817, -4.9316965691676105, -4.79275623392987];179.59551819995977;
[3.410701560000007, -0.20086000000000004];True;[-0.8129751896341819, -1.015406927832169, -3.520586907652735, 3.5507119866556103, 0.9846800157302642, 2.915230629503288, -1.693887285197885, -4.69426479438264, -2.0552267558602857, -2.955454490694197];153.8574298999738;
[3.960225432000003, -2.4999999999978813];True;[1.5844183580285058, -4.319679063512131, 4.105247613128222, 4.5976816067638495, 0.7485858412795423, 2.7036428526935214, -0.46114714005536594, 1.2028623766662658, 3.275387894147986, 2.70675714787468];143.94267949997447;
[3.243253608000013, -2.499999999999173];True;[1.9018956912752856, -4.140031922318555, -4.734089670071259, -0.021212831089332695, -1.206893028489977, -1.329958253850089, 0.6320680432377292, -4.10700411237751, -3.338541631793397, -0.7055862290620567];151.34326290001627;
[3.6528820560000064, -2.2911424];True;[4.531610041156576, -4.67610699710799, -1.0048618922695862, -2.5600391205465245, 4.354125680993375, 0.038455408257497936, -1.35766140458803, 3.735967293582725, 0.39056446651341936, -1.537131192853006];147.58108490006998;
[3.899666376000005, -2.4999999999992193];True;[3.1379041558141356, 1.3197405486770073, 4.845508844940788, 0.21463562239959266, -1.6471329907274477, -1.684140257627421, -4.143663715830112, 3.5426506545296554, 3.75125259817494, 4.0033473259812595];149.03212470002472;
[3.69698148, -2.499999999987658];True;[3.4439258907002746, -0.8800652995434977, 3.5706062856437857, 0.5733062061262428, -1.614424861938458, -1.853305232689384, -4.915956787384092, 2.8993105984961423, 4.911649170778144, -2.1784885496475703];150.69802180002443;
[3.660060600000001, -2.4999999999378986];True;[-1.2428069789574083, -2.6377337965844125, 1.0479848462416683, 3.951757134518891, 2.180568641905511, -1.7016836765479293, 3.159453443984132, -2.2653933400055335, 3.7715907620973717, -4.016499218943851];154.71974029997364;
[3.5211285360000066, -2.4999999999977858];True;[-2.0791590068970214, 4.520175069676352, 1.5361342321838931, 2.298930652426046, -3.4614268429986184, -1.9352319428174014, -3.6232218749730194, 3.4127288791313095, -0.31890525810659653, -4.534793679983801];153.3996165000135;
[3.7298880000000008, -2.499999999992729];True;[-2.994210461907847, 1.5461675418398713, 4.85684530095846, 2.153093920020379, -3.911977040548913, 3.6946938068069617, 0.22773430687342078, 1.0317886392584423, -2.8991777094698854, 1.7750461733484908];151.91728970000986;
[3.922575336000003, -2.4999999999991287];True;[0.10626901355344387, -1.1745743457883462, 1.0267131194184316, 3.3601671475372363, 1.426791854340622, -0.37666354720029904, 4.507027590867693, 3.14716688131689, 2.456428649520812, -0.07861995918766596];146.92236430000048;
[3.747811896, -2.495342754];True;[-3.9726422074034016, 2.4923721209962792, 3.037596036957172, 4.032187987084582, 4.297995231215673, -4.786819374770449, 2.504460092334857, -2.3332432440985054, -1.283912715128702, 2.321829349224773];149.8827851000242;
[3.5840854080000097, -2.499999999996342];True;[1.0855238381138133, -0.3443731896458022, 3.79773523229807, 2.110470264681439, -3.103875198000817, -4.321072837280749, -4.802050006562664, 1.1761982958292911, 0.9284260997199496, 2.2028933406255558];152.39007599989418;
[3.8054206080000013, -2.499999999998282];True;[1.7680007197296623, -2.4200147773861467, 3.3211675617216336, -2.9846476866100247, 2.1848722966068532, 3.6262528711397355, -1.69977652109257, 1.719606917201732, -0.0644269064888725, 3.5258539089792595];144.0919763999991;
[3.3785728560000035, -2.1754216];True;[-3.369851017137199, 1.305090199819027, -1.0377364528220143, 0.8253555841253366, 2.426053066890744, -4.500557957109129, -4.076355224460374, 2.2366113568840156, -2.7003232032836855, -1.8928792662450853];157.61279929999728;
[3.2564121120000067, -1.617056];True;[-3.531291354640188, -2.5389574418166827, -4.275522583752508, -0.7430892381635772, 0.28918286853299335, -3.359597875385841, -2.134716944801541, 0.6497108675283467, -2.325621878091144, 1.5297390675224145];150.77161420008633;
[3.1780620000000095, -2.4999999999968168];True;[-4.18100129349299, 0.3330157957788291, -4.979088552744132, -3.1848927332441903, 4.7846858567146135, -0.34348108079769535, -1.962390725516061, -2.248658400299317, -4.999580418073382, -3.2861272176848058];156.187010499998;
[3.5044170480000023, -2.4999999999983618];True;[-1.923764760176263, 0.9422892439005821, 0.3734172241924707, -3.6244950777447293, -2.8725664639422366, -1.3921928373715895, 4.733620460279878, 2.9263473195030016, 0.4175666161724738, -4.538682862683753];150.71049750002567;
[3.273836184000012, -2.499999999993082];True;[-0.9129294080157848, -1.6526081546684255, -4.666983685714627, -1.230351671859479, -1.0643538082923278, 2.188122346178261, -3.631160910116704, 3.4382284045743194, -4.131746357510711, -3.969736915480855];152.56919389998075;
[3.5564339520000043, -2.3462732];True;[1.8576509923367546, 0.4127005803986865, -4.420201093705568, 4.598099616086435, 4.996044757996783, -1.6899628739803632, -3.7503630409685105, -3.8746535220906453, -0.5462206273054573, -0.13335288334856088];147.579631300061;
[3.3821720640000024, -2.499999999999588];True;[-3.803926999591244, -0.05846245342204437, 3.688351242528187, -3.7969731191836376, 2.989216652830641, 2.4533556648989654, -4.748344195856009, -2.938238643064519, -2.842585280996156, -1.560340507419924];143.06282510003075;
[3.7828000080000064, -1.8791240999999999];True;[0.9699654288726611, 4.927490334464409, 2.4997725202278795, -4.164565274055818, -2.429436523112709, 4.345862196787923, 4.307481989079651, 1.5389911186217038, -0.9509384919390236, -3.1150182185775432];132.05060289998073;
[3.6380800080000055, -2.4999999999985123];True;[-5.0, 0.3304823793392453, 0.4894909448075815, 3.1093691037727194, 3.7394737195576706, -1.036709938191417, -3.8102152018805677, 4.674892121642923, 0.8660180992234316, -2.133142035028474];196.06151429994497;7.319224099977873
[3.715593120000013, -2.4999999999960405];True;[1.4288623926130803, 0.4997356815689322, 5.0, 1.2588613740403645, -3.7573975202209415, -2.444199332277287, -4.735204260681822, 2.5868831214260837, 3.3697497494946322, 1.610906219182092];192.11780190002173;7.319224099977873
[3.6684811440000074, -2.3585903];True;[-0.9375038945985272, -0.11935843946860292, -0.24595055255082787, -2.754282283721794, 0.06680355790027459, 3.2309749605975995, -2.5801555746827245, 2.7509773184789568, 0.06079340843859349, 3.164806726883926];189.99558580003213;7.319224099977873
[3.730016520000004, -2.496269044];True;[-2.625467865813279, -2.9631953591442586, 4.327175044411547, 4.767936851701224, 0.9056268911311358, -1.737793325853119, 3.180204838846727, 0.9952080832986612, 1.640179541190979, -3.0039256964193024];197.89337529998738;7.319224099977873
[2.903371992000012, -2.497514753];True;[-5.0, -5.0, -5.0, -5.0, -5.0, 5.0, 2.2153682170316564, -5.0, -5.0, -5.0];194.74850880005397;7.319224099977873
[3.6383642640000073, -2.4999999999990035];True;[3.3577983213020115, -2.4621355093017216, 5.0, 2.1140586439700915, -4.706338318399907, -3.9989890241475177, -5.0, 3.12928091993896, 1.929119555988116, 1.8800050579357936];165.07715540006757;5.570705599966459
[3.737257704000005, -2.4999999999995057];True;[-1.5268276795896747, 1.0242437614913813, -0.22429306555176254, 3.897222284662316, 1.0103177796139553, -3.5063049557570682, 3.1589158473437315, 0.30709315993644637, -0.6156929214247047, 2.2965182131220203];159.2083555998979;5.570705599966459
[3.7472045040000124, -2.1061845];True;[-3.232489427077824, 2.849172546826172, 0.15175044763560486, 2.846996792098998, -0.021316968789901303, 2.6622535419142315, 4.515782361437006, 1.1160328703205744, -1.9833994250607985, -2.6230676820790966];162.01180330000352;5.570705599966459
[3.6291360960000048, -1.8571824000000001];True;[-0.9492861552649092, -5.0, 1.2552884312771964, 2.2101515278209476, 2.3197816957947808, 1.2295261683556857, -0.5997772991695802, -2.7853733514204606, -0.6538296271453685, 3.789080003766694];162.98576780001167;5.570705599966459
[3.5824302, -2.49999999999889];True;[-0.9826622166923409, 2.082778430804664, -5.0, -2.351519454583984, -5.0, 1.4918223142704798, -2.6563683829333575, 5.0, 1.0692063505361782, 5.0];162.3691734999884;5.570705599966459
[3.8860998480000077, -2.499999999999633];True;[0.4473638393118229, 1.6982297362547296, 3.4071832951674565, -3.308340349901644, 2.0346505736923826, 2.0187407662610903, 0.0997454798308528, 0.08573109631861087, 1.676462098916673, 4.552276321213453];143.74136560002808;6.696583100012504
[3.893591592000006, -2.2372568];True;[2.82479936537658, 0.6222010265503597, -0.5696693450771821, 2.0758301656113574, -2.066247109769486, 4.395518719302748, 4.505354726348084, 0.9285385230999381, 4.015552005551095, -3.672988264165818];149.10046360001434;6.696583100012504
[3.690068616000006, -2.499999999999318];True;[0.14894709042253407, -4.889259423174323, 5.0, -3.1833011584299977, 2.15899326093092, 4.0820502979463065, -0.5506319924135381, -0.3675380013413445, -0.3010306871174979, 1.5382889501890018];146.9559312000638;6.696583100012504
[3.7708727040000056, -2.499999999998509];True;[3.2892221150459715, 3.672194124505946, 1.2359932186145963, -1.033162633928976, 1.7376387542650544, 3.3778023072667267, 0.8692439475429472, -2.767940352173366, 0.24782642820766654, -3.2513898116576554];149.3340660999529;6.696583100012504
[3.4869545280000054, -2.2918186];True;[-0.007157948946751702, -4.960308526368606, -0.5997461009818945, 2.649787018410602, 0.11148785047558007, 1.1755001324135037, -2.7077830695118745, -3.1046922467902225, -0.9222010262892972, 2.598199044800941];148.97271589993034;6.696583100012504
[3.5915229360000134, -2.498999779];True;[-3.0671098281086895, -1.8363080875268434, 0.10831837471138694, -0.9127382776559951, -0.9874843304863967, 3.7855071789669417, 3.1503791967750843, -1.0430721548454298, 0.12814752705407528, -0.2514260699143289];148.70414379995782;5.65444519999437
[3.703107888000004, -2.499999999998871];True;[1.9627876474070067, 0.30889119606619087, 0.994228024426862, -3.3220605385787927, 4.64532659721621, 0.1325219847128487, -0.31321653667554905, -0.5642966794170761, -1.3570463845544083, 1.7530539890957755];152.9035621000221;5.65444519999437
[4.084123032000009, -2.4999999999995746];True;[5.0, -1.6460193871610107, 2.4999050681668926, 2.050184497210279, 3.1723198095939633, 4.80270918386811, 3.5464746849271016, -0.41763984975735546, 1.7674979484802886, 1.104325604591578];147.84309599990956;5.65444519999437
[3.7666952640000027, -2.2813648];True;[5.0, -4.843444326415153, -3.0450378752238594, 2.0537157876281373, 4.9420949797183145, 4.766402927668658, 2.1417149361111774, -0.6148317231162528, 1.417116717214685, -4.633697681126564];155.56073480006307;5.65444519999437
[3.4975728720000046, -2.4999999999986824];True;[-4.614904416948307, 0.7010974471936828, -0.42991419130610176, -3.149810624135224, 1.9747049394169283, 2.4639352621337354, -3.28966863966507, 0.13831428494953713, -1.771959852611023, 2.7028824243514933];152.57056050002575;5.65444519999437
[3.8390993280000005, -2.4999999999806475];True;[2.8752367289503535, -0.7924498948200025, -3.8869025389378447, 4.724289543020868, 1.6928385680879678, 1.6814050525950908, 3.450566288405394, 0.7187968884837135, 1.3503958075601012, -1.2780928396289455];150.8758198999567;5.4970928999828175
[3.907348632000013, -2.0537238];True;[-0.44936651216810475, 2.395066347497364, 3.722696023284506, 3.9198593927501566, 3.7879687039072234, -4.446518024824386, 3.727235253971907, -2.2957000362400675, 1.1880406204736325, 2.1464886560118277];150.9429831999587;5.4970928999828175
[3.4720723440000016, -2.499999999998114];True;[0.2856028413628007, 0.49151345841449157, -5.0, -0.9501600961360781, 1.8193003060200716, 3.668554295250525, -1.4082496081810136, 0.38640734639333196, -1.1214937025695875, -4.627419619785473];154.80633519997355;5.4970928999828175
[3.659442624000003, -2.499999999958667];True;[-3.7337065695496987, -2.4011758264715546, 3.5973441579617695, -3.221449646425241, 0.1266404016549174, 1.967856521728546, 1.7414092136903516, -0.5747919850623795, 1.5687793183327257, 3.147716846504185];148.7124221000122;5.4970928999828175
[3.618004320000007, -2.0160090999999998];True;[5.0, -2.028033857569323, 1.6782231118962567, 0.010249545797778481, 0.35327722964145103, -1.788022562412599, -2.8979329309043442, 0.5395361564146741, 0.1804338833281891, -0.7475106784394834];150.86907370004337;5.4970928999828175
[3.781710504000002, -1.7032661];True;[-1.430066018238985, 1.0809467076072572, 5.0, 4.813912023111923, -0.041009694245507156, 1.7803842131396896, -3.416267516084738, 2.649887051338488, 1.4025803188748291, -3.9611692187718344];148.68424880004022;6.587335900054313
[3.4639742880000073, -2.4999999999992433];True;[-1.3307506713040929, 2.1330956291983547, 4.931479598580182, -5.0, -4.7432319697813465, 3.053829825985371, -0.2799156798368898, 1.4684530604426458, -5.0, -2.0637672605437944];148.75885470001958;6.587335900054313
[3.840610032000008, -2.4999999999986473];True;[-0.4922416553873745, 2.075250428634627, 1.4360068702014175, 2.445755740001399, 4.198083896125201, 2.3810402669341366, 1.791978497944636, -2.578948290208255, -2.3162140032682066, 1.6652951282186725];151.66421509999782;6.587335900054313
[4.119484824000014, -2.2543826];True;[5.0, 2.4720688497650842, 0.415597365325004, 2.025588395520302, -2.422681815470065, 4.930847809286883, 4.209446017984122, -0.5971632980443671, 2.4831916152672875, 5.0];145.93984730006196;6.587335900054313
[3.737633112000011, -2.1089861];True;[1.905687673796125, 2.909123986447505, -3.1017523075101474, -3.163039053651131, 4.2493094392511015, 2.065553485308687, -1.948140505097507, 2.050554575969202, -0.38757376326470805, 1.2588438792283272];149.7658510999754;6.587335900054313
[3.662027712000013, -2.499999999999558];True;[-2.700514848769694, 0.9549993011409796, -3.6425134176739786, -3.4021384293683794, 3.591569027609049, -0.00026911337744284225, 2.1662918799626265, 0.8789902450847906, 2.1539513557101415, 2.3379436305240153];144.89023779996205;6.619844799977727
[3.3543659520000046, -2.499999999998345];True;[-4.495125814572391, -0.6516610631673236, 4.439226495540995, -5.0, -0.12531643047149554, 3.9170986217131283, 0.6654454315305944, -1.095254414512223, -5.0, -4.559701011009107];149.04785079997964;6.619844799977727
[3.5899374960000063, -2.0965106000000002];True;[-1.0444524148337466, -3.5398677792299647, -2.9503943275122695, 2.5978062927722494, 4.101102187992794, 1.8972017568379451, -0.4187279021497723, -2.9310939151073443, -1.469158745142975, 2.7583846227070916];146.87162240000907;6.619844799977727
[3.5701218720000094, -2.1452733999999998];True;[-3.611840798313953, -2.3265456278904013, 2.1734924321512743, 4.699359786921368, -3.307242313810744, 0.14517693365982431, 3.4214241649075845, 0.2164662348999986, 0.6003683088150318, -3.927244364761396];148.86828479997348;6.619844799977727
[3.7330048800000015, -2.4999999999984577];True;[-0.4061505371344811, 1.219812973473565, 2.438370056962361, -0.9697775628587326, 1.470209998207558, 3.0087856818029532, 2.3274080400462482, -4.779679439200846, 0.26063806439973547, 1.0546666612893931];151.9624671000056;6.619844799977727
[3.6980022960000083, -2.4999999999970997];True;[1.0293643966481492, -0.7425756315191894, 5.0, 2.4819342495130856, -0.6754641656854545, 1.0503124831901545, -0.9294014133497717, -3.2883868434754824, -1.356827323476653, 1.434864979986866];155.26673190004658;5.238520200015046
[3.6460173600000036, -2.4999999999904823];True;[-4.261251066349741, -0.04605209813579769, -1.8438983890702643, 4.688397159092771, -0.11142379640465627, 2.5133763988830164, 4.235571850808185, -0.0594908829514873, -1.2745745128332948, -2.243547262671524];150.98906250006985;5.238520200015046
[3.6401374080000104, -2.499999999999656];True;[2.4214273544635914, -4.0101197105605415, -5.0, -2.390205218128247, 1.275205797479967, 3.8251643097649843, -1.7734652565020967, 2.6816282141562064, 1.3484614867747524, 2.9468128860088028];150.2222891000565;5.238520200015046
[3.5595959760000015, -1.7177877000000001];True;[-0.24459916753175914, -5.0, -1.4113551956863897, 3.926511701731254, 1.8048209228256944, -1.0695371570232215, 3.0700432004126217, -3.523129096045601, 4.246030278406391, -4.202685460564555];154.55564829998184;5.238520200015046
[4.053017952000013, -2.499999999998985];True;[4.390759153807672, 0.6303894103602552, -4.611290058891582, 4.786961382916241, 5.0, 2.3134484467549887, 5.0, 2.0571864538331806, 1.554512333867896, -0.682258521080775];152.0352343999548;5.238520200015046
[3.213753624000004, -2.499999999998335];True;[-3.1767172101773054, 0.6351087317466506, -4.664051602862196, -1.0934287823661775, -2.699043148659022, 2.3250789606747997, -0.5511939242368911, -0.45591672668741, -4.31659150672016, -4.418363337485572];151.52635239996016;5.718579999986105
[3.424406328000007, -2.498652371];True;[-1.9518116137947428, -0.8537949650245302, 4.51659171538541, -4.223041239410347, -4.3449001733355574, 3.5196130294048125, -0.5212902493003879, -1.3449055298770096, -2.137709742875462, -1.3214525958878491];150.40720690006856;5.718579999986105
[3.351269808000004, -2.49999999999779];True;[-5.0, 1.770799926768202, -0.4527407075581218, -3.524790272662595, 1.5579509867781383, 1.888680022555194, -3.690550319525439, -3.0610512823175284, -4.302995888617324, 2.766079241084195];153.69019270001445;5.718579999986105
[3.81654352800001, -2.3468817];True;[0.09959043253840338, -0.8454178426910284, 0.9243095647819786, 3.6597119369871702, 2.040710746736144, -0.8128503676394123, 3.442705827382566, -1.0507201066342238, 5.0, -2.9662176772835904];149.05295470007695;5.718579999986105
[3.85542655200001, -2.4999999999994964];True;[0.40721817740925914, 2.6915479471022463, 1.165051711600369, 2.2417496000130432, 1.6270454256101257, 2.2009551151751507, 3.4278611993901347, 0.683413889056502, -1.4881754371782607, -1.6646973734605601];149.3547363000689;5.718579999986105
[3.629486016000008, -1.7938508];True;[5.0, -0.8844754398691395, 5.0, -0.7508032881231994, -4.575594248144836, 2.8026916461018727, 2.937738769781575, -0.5569325750362015, -3.140848113349258, -5.0];148.33420859999023;6.395488400012255
[3.834359640000007, -2.2645358];True;[4.5246557254957995, -1.193410912212542, 4.894077631204571, -3.5259584218173323, 3.1405169141396616, 3.186716256008191, -2.8461521208835836, -3.5857272173568333, 0.7219413243877444, 5.0];145.4986451000441;6.395488400012255
[3.534932232000007, -2.499999999999432];True;[4.1712153302634505, -0.7783972217468316, -3.4084865988179724, 3.729747352535197, -4.878870106019286, -2.3149262559853776, -0.4959582144621475, 2.2294700533469936, 1.6888162405599996, -3.4883518518251906];148.5199345999863;6.395488400012255
[3.5038059840000053, -2.4999999998167164];True;[-5.0, -1.02765553766254, 1.8315914471086376, -3.8255606293163344, 5.0, 1.0289565548635684, 1.519348425219329, -0.7257669213965485, 1.212321272050434, -5.0];151.61638549994677;6.395488400012255
[4.26099679200001, -2.499999999999458];True;[4.962995173239754, 2.6570521847883253, 5.0, 2.763444896102807, 5.0, 0.5806172382021764, -0.5236813807651153, 3.8332258465341944, 0.7947003229079286, 5.0];145.4196197000565;6.395488400012255
[3.553179696000011, -2.499999999998786];True;[-4.222679566518213, 0.790066597568658, 5.0, -3.4929489733408303, -5.0, 0.551899882715289, 3.341431683529782, 0.46774300348859565, 2.811400180282969, -2.9478441830623745];143.37954860005993;5.717870699940249
[3.9816243360000088, -2.499999999999504];True;[3.5114704675178885, 0.12149887095368239, 4.783500606234931, 3.305335694201583, -5.0, -0.8138630350566878, 0.6525474254515027, 5.0, 0.5739536342107581, 5.0];143.3333299999358;5.717870699940249
[3.6622139040000112, -2.49999999999875];True;[-5.0, -1.917456090441597, 5.0, -3.3218317008899767, 5.0, 1.4380598627641783, -1.257298050296332, 0.1113421578239917, -2.7058741828490556, 5.0];146.76015170000028;5.717870699940249
[3.8990198880000104, -2.499999999998358];True;[-1.3828740563623345, 3.1521278749131714, -2.2981606094361053, 4.049008579142516, 4.376668685010687, -4.131103953843444, 3.4934761459967447, 3.4188033773327486, -2.3677796991847098, 5.0];149.99222339992411;5.717870699940249
[3.8744326080000087, -2.499999999999033];True;[1.486711896034124, -1.3883946596765901, -0.11118647424954631, 0.12082783072615122, 4.656636552858025, -3.476161550771647, -1.2494177440761738, 4.980722014110077, 4.202044062924317, 2.9500780998132274];147.76033139997162;5.717870699940249
[3.8366725680000076, -2.4999999998988427];True;[1.1780898333512644, 2.2838709198597194, 5.0, 4.879206091932591, -3.7194663972620265, 3.1456707680975207, 5.0, -1.253042155177413, -1.0906069706778778, -5.0];149.63311270007398;5.648424300015904
[3.5876582640000096, -2.2222133];True;[-5.0, -0.4946231278928028, -4.482066558882979, -1.2764123605068334, 5.0, 3.27711698365777, 0.06460943042265477, -1.6844338632668876, 0.9823795323474354, 2.5087267189589015];144.77197839994915;5.648424300015904
[3.5626970880000135, -2.499999999894282];True;[-5.0, 1.2345283094100958, -5.0, 3.675805549394246, 1.732557071924691, -3.621188349819774, -1.718899850553199, 2.8753938273138937, -1.4384922846364296, 5.0];146.64511549996678;5.648424300015904
[3.818970720000009, -2.499999999974285];True;[5.0, -2.03434690950097, 0.5281137285580115, 4.51151183620286, 5.0, -3.4778993888505787, 3.109034247850568, -0.16683240761620954, 2.134591207307201, -5.0];153.7513925000094;5.648424300015904
[3.868282872000001, -2.499999999998496];True;[-3.405641247118541, 0.43060510885951864, 5.0, 3.616318957854233, 5.0, -1.1924904464572923, 0.5770095869157545, 4.989285870591717, 1.8720916674809942, -5.0];147.58594349992927;5.648424300015904
[3.450350520000006, -2.4999999999994227];True;[-2.659241158609584, -1.332320571816974, 2.583926677457118, 0.5159501457355056, -5.0, -3.1285407186050556, -1.7715521767867273, 5.0, 3.330211295310262, -5.0];150.0630089000333;6.086060600006022
[4.112977824000011, -2.49999999999859];True;[-4.219190733428605, 0.290990025681527, 5.0, 2.9993908587176223, 5.0, 3.198667645667504, 1.303247227268761, 2.8927396299957584, 1.7498026236342863, 5.0];143.3787376000546;6.086060600006022
[3.721852584000013, -2.2858026];True;[-5.0, 0.3485645716342116, 5.0, 4.135647507259968, -5.0, -1.3458361763330915, 4.672741622560578, -0.48887214252878586, 3.831053617109852, -1.0453359234268773];147.44251960003749;6.086060600006022
[3.776033808000012, -2.499999999999142];True;[-5.0, -0.5617490476777744, 5.0, -3.7011256809722237, 5.0, 0.6467754016420031, -0.10778900391852897, 5.0, 1.8045872047037328, -0.46430323330357837];150.08386810007505;6.086060600006022
[3.7524824640000065, -2.4999999999990403];True;[5.0, 1.2785214005385113, 5.0, 1.8603557848948968, 0.9942303312733403, -4.605751012127012, -5.0, 5.0, 1.9986640359111547, -5.0];154.20564709999599;6.086060600006022
[4.06117605600001, -1.9706562];True;[3.015912956552407, -4.754188444904101, 5.0, 4.985340091024531, 5.0, -3.978436037219228, 3.969680062723823, 0.6086264393547793, 1.9704564968825018, 5.0];147.93274740001652;6.136385299963877
[3.8197967040000114, -1.8617797];True;[5.0, -1.6856355601505046, -0.9216959455355074, -3.4412575004761985, -5.0, 1.1152822780057132, 4.916428018631315, 2.9768629217154743, 1.6824552546010914, 5.0];142.97993100003805;6.136385299963877
[3.603667104000008, -2.4999999999974936];True;[-0.9341217296984468, -0.7654311490628682, -5.0, -0.9017301132921594, 5.0, 5.0, -5.0, 3.649214928576191, -3.652624804984493, 2.241141690846348];151.8642075000098;6.136385299963877
[4.023562680000009, -2.2396209000000002];True;[5.0, -0.8952691519596199, 5.0, -0.02455450320150554, 5.0, -1.1740620774425077, 2.0445790979090583, 5.0, 4.125352537782286, -5.0];151.30431109992787;6.136385299963877
[3.4422915600000046, -2.4999999999979154];True;[-5.0, -3.8529668205616883, -4.3140794775407585, -2.987110505425728, 2.9541547888326605, 4.209129091706528, 1.7172769921693432, 2.027649479212089, 2.4113225746230427, -5.0];150.75123530009296;6.136385299963877
[3.627573120000005, -2.2165211];True;[-5.0, -0.12649385977622618, 5.0, -3.46551090868318, 5.0, -1.201230386220788, 1.8293488238106832, -2.0607364077285926, 1.7256822926025075, -0.9578200443953637];146.94206650007982;6.787499299971387
[3.3474070800000035, -1.831872];True;[-5.0, 0.34150941062216056, 4.977422983202484, -3.3994505427836694, -5.0, 1.0664412191333845, -1.745770565109459, -1.2655441008101853, 2.797940197012238, -5.0];148.1393922000425;6.787499299971387
[3.6773892000000057, -1.225699];True;[-0.2464483354255762, 1.8109497832635677, 0.4633182703917784, 0.3949481597330404, 5.0, -3.006108099452356, -4.187764052227767, 3.0830186014882717, 4.737590513500088, -5.0];150.09714149998035;6.787499299971387
[4.3663162320000115, -2.499999999998205];True;[5.0, 1.3601984895159323, 5.0, 2.8084492732471737, 5.0, 2.905875801860933, 0.5090731223797391, 5.0, 2.3606681838705494, 5.0];142.1443674999755;6.787499299971387
[3.2820294960000105, -1.8020943];True;[-5.0, 0.6906273058313239, -5.0, -0.7482105948796898, -5.0, 2.9396897881614823, -4.3671408825498785, -0.011906604258494546, -3.7572281255556548, 5.0];151.31734869990032;6.787499299971387
[4.027062744000013, -2.499999999998589];True;[1.9715293854584406, -4.36006433330077, 5.0, 4.615009308097363, 2.719627332916853, 1.8077749224977966, 0.01553510150058024, 1.3973914662853897, 4.144546005573719, 1.9267354956707985];142.7821090000216;6.619402899988927
[3.6652163040000048, -2.0263198];True;[-2.3679297703564144, -1.583729899912059, 1.4001045334659992, 3.9639382133725114, 2.1125694552316094, -2.0288188875894884, 2.941749900279823, -1.4990855588084089, 3.276449885590271, -3.729302281400765];150.25002019992098;6.619402899988927
[3.835886328000013, -2.499999999999565];True;[-0.09041107585403019, 0.2170979272997675, 1.993047925668261, 3.464829073603765, 2.8772651147638673, -1.903061449883083, -0.3668843296284603, 4.208169416964886, 0.8931825327576304, -0.9058876997930358];146.0855801999569;6.619402899988927
[3.4501667040000017, -1.9919932];True;[-5.0, 0.2711644441476295, 3.2610253574198946, -3.984237319386552, 2.776735914924905, 2.649012413435184, -2.838031171283604, -0.9356774034742106, -0.8848413695476456, -2.785185152021124];149.1197387999855;6.619402899988927
[4.197879000000001, -2.499999999999438];True;[4.197770202192201, 1.751557845372922, 2.814174051720787, 3.016792288511134, 2.805947994611719, 1.7581037852140984, 0.744332442948501, 3.445200594056594, 2.1530001880780922, 4.459338855307017];144.64480390003882;6.619402899988927
[3.7848898080000137, -2.4999999999990066];True;[5.0, -5.0, 5.0, 0.6360234991279947, -5.0, -1.343365400690768, -3.4592722091255044, 5.0, 5.0, 2.1930037416562067];146.91919789998792;5.257189500029199
[3.831382944000011, -2.499999999890637];True;[5.0, 2.5037144794943167, 5.0, -1.6075532905139491, 3.224654143863175, -2.732840973159651, 4.87402722792927, -5.0, -2.1097321314009254, 1.0265689521133474];154.97236630006228;5.257189500029199
[3.546298152000013, -2.2063727];True;[-0.30001923713349843, 5.0, -5.0, 3.5312439745617006, -1.655882768356567, -4.969571721560279, 0.18601633993336542, 1.199781538256782, -0.453881540242806, -0.5572412769894468];149.71757940005045;5.257189500029199
[3.4459266240000064, -2.4999999999989];True;[5.0, -5.0, -2.991576777952777, -3.0262262743553725, -0.9081476257777759, 1.6514264996346784, -1.510391633101368, -2.168729707039666, -3.7127190475821843, 5.0];146.58505049999803;5.257189500029199
[3.3907334400000018, -2.4999999999992712];True;[-1.1495258296502109, -1.9313083497758887, 5.0, -3.207622018022432, 5.0, 1.8007053894735057, -5.0, -5.0, -5.0, -0.733829418358452];158.15057959989645;5.257189500029199
[3.4038707760000038, -2.4999999999990465];True;[-3.1505419346727117, -5.0, -5.0, -3.4712940240728907, 4.939912329299858, 1.0903819645100583, 3.1676877695835834, 4.35071775716033, -2.877132311957352, -3.6631593764303467];145.1704714000225;5.79404649999924
[4.1143120560000055, -2.499999999999557];True;[-0.957806527335527, 3.4749595527264105, 5.0, 4.4633022471141945, 5.0, -0.2885947394492634, 5.0, 4.414233672009027, 0.7022932026831521, -3.530987796364064];145.74237400002312;5.79404649999924
[3.5610166080000116, -2.4999999999937104];True;[-2.267724548226679, -0.26830731100738703, 5.0, -4.809922035421165, -2.005536050397039, 5.0, -2.3604921477281553, -1.4940444460423046, 5.0, -4.132124569906942];146.09906240005512;5.79404649999924
[4.10494305600001, -1.6346726];True;[-2.0826271597076653, 5.0, -0.5328084159396775, 2.8100312470931836, 2.388285752520307, 0.46729654407756893, 0.27206830130884185, 4.962216601415118, 5.0, 4.559196359835383];140.40698149998207;5.79404649999924
[3.8591910000000116, -2.4999999999983658];True;[5.0, 0.5170823315551596, -5.0, 3.769196795620429, 2.7836580965670095, -2.839437921491517, 2.2878060859583442, 5.0, 4.947945333505581, -5.0];147.45534240000416;5.79404649999924
[3.839843232000012, -2.44395149];True;[-3.826802798769445, -1.7241434748855111, -0.6748559977153956, -3.718640638592945, 5.0, 3.395060296050925, 4.99251515542365, 4.674858572498962, 3.238465368964894, -0.7859520400188051];150.04544240003452;6.149863400030881
[3.9259267920000034, -2.4999999999995826];True;[-4.266397003752331, 0.6899541505340139, 2.354700033809106, 3.951744250942774, 5.0, -4.742488548452634, 4.570253406945117, 5.0, -3.0019163131359363, 5.0];152.5976929999888;6.149863400030881
[3.6650124000000006, -2.40548746];True;[4.073016738961597, -0.27404193987486547, 5.0, 3.2217892452922197, -5.0, -5.0, 1.9590986645673674, 0.8050899286530031, 2.6830021903554098, -4.991444301860675];156.20207579992712;6.149863400030881
[3.500981136000003, -2.4999999999244222];True;[-0.10497043044139076, -2.785242258869442, -5.0, -3.3956093019220828, 1.6491084571257932, 1.8506424111973176, 3.786351072224946, -3.3301472972025175, 3.398230274561474, -1.1859199826311255];148.03148420003708;6.149863400030881
[3.6300376800000036, -1.9340556];True;[0.6202645125337769, -4.139263242945251, -0.8671777649736407, 0.4642635139784943, -5.0, -3.1896248340426547, -0.30681266213282754, 5.0, 4.913360958203372, 3.3622911932406208];154.7205778999487;6.149863400030881
[3.3150085920000127, -2.4999999999988964];True;[-4.874476992341372, -4.036792785113413, -3.3259899094231886, 0.8009300339350665, -5.0, 1.3000318096069021, -5.0, 3.94210322847211, 4.1277423512868054, -1.660939506459294];150.05386119999457;6.293713699909858
[3.7241884080000123, -2.4999999999705182];True;[5.0, 5.0, -5.0, -1.2984440647814202, 2.9426121898921505, -0.49815673754686074, 5.0, -5.0, 0.012974862972154888, -0.9428466952945245];150.77067600004375;6.293713699909858
[3.5618028480000063, -2.4999999999991047];True;[2.391485870634633, -5.0, 5.0, 3.326624376481096, 4.667242293943577, -4.503173610263164, -3.7288974702232656, -1.4523096665442523, 1.5009181373716682, -4.503584927775615];155.24654949991964;6.293713699909858
[3.7913909760000086, -2.499999999949468];True;[5.0, -5.0, -5.0, 2.957069187016499, 2.0548166399005483, 0.0562771270053366, 1.32708758516306, 5.0, 1.4033293171358157, 0.5288032243475325];144.9247466000961;6.293713699909858
[3.1110955200000094, -2.4999999999981877];True;[-5.0, -5.0, -5.0, -3.280538497842133, 3.085906338100866, 1.3389864121242114, -1.03474325157846, -5.0, -3.138829349554711, -0.13858648204553425];151.05093429994304;6.293713699909858
[3.587919840000009, -2.4999999999990408];True;[5.0, -5.0, 5.0, -3.48616671639102, -1.2499159708059198, -0.3129489130685741, -1.1261788193537692, 2.3555281894038904, -3.120132935280328, 0.8472409302791819];153.92587250005454;5.445691700093448
[3.4733858400000095, -2.1586711];True;[-4.707931478058895, -4.132200197102306, -5.0, 3.873803119079504, -2.385804290183481, -5.0, 4.222399573345248, 3.9828243056658934, -2.248209294246613, 5.0];153.2385353000136;5.445691700093448
[3.314151936000001, -2.499999999994847];True;[-3.816370927062208, 5.0, 5.0, -4.313540939548256, -4.903549511784287, 1.4743021675901913, -2.6568645948648912, -3.739981542264643, -3.8322708037304336, -1.97874960316636];160.15704499999993;5.445691700093448
[3.8481544800000043, -2.499999999998819];True;[-5.0, -5.0, 5.0, -3.056555139885316, 3.2883160994643603, 5.0, 1.7319776249188248, 5.0, 2.7436402478295765, 1.2479190288045974];150.21970800007693;5.445691700093448
[3.8382532560000127, -2.4999999999974567];True;[-5.0, 2.521025692718913, 4.021486890892437, -3.0484031811335863, 0.7385213399335386, 5.0, 2.8252340720128233, -5.0, 3.439054425727104, 5.0];147.70300480001606;5.445691700093448
[3.138661224, -2.1957726];True;[-0.49355329663837555, -5.0, 5.0, 0.049746692431414274, -4.934966268084866, -0.5993433827007619, -1.933345992068543, -5.0, -4.76119436198024, -4.218954418748012];159.82123270002194;5.601486200001091
[3.2257802880000104, -2.499999999998752];True;[5.0, -5.0, -4.058730559343767, -4.501461585133533, -4.904108876293086, 5.0, -1.1334298972547607, -2.4590040409780407, -3.8926093991667927, -1.908958638322578];149.3318547999952;5.601486200001091
[3.3234790320000043, -2.4999999999969647];True;[5.0, -5.0, -5.0, 2.5373795488640756, -2.4469617771070533, -5.0, -5.0, 2.9421359741480737, 1.0601192548851914, -2.4279015173121636];155.52075200004037;5.601486200001091
[3.9278729520000057, -2.0903761];True;[5.0, 5.0, 5.0, -3.2867636275656054, 5.0, 2.901585032683821, -2.0126373213517086, 1.6631512721936321, -3.7801702035329225, -0.8392001055685085];149.50506760005374;5.601486200001091
[3.9465262800000014, -2.499999999999391];True;[-5.0, -3.768962430041995, -0.3678077253135008, 2.6947703278588087, 5.0, 5.0, 5.0, 5.0, 2.069684894237783, -0.11814372187916167];145.0457551999716;5.601486200001091
[3.846969936000005, -2.499999999999207];True;[5.0, 5.0, -5.0, -3.1113365443448813, -2.050863887764133, 2.2340303136016724, 3.2274310231560506, -0.7596953089116285, 4.273222029835342, 2.0876418370344174];144.72152390005067;6.5297710000304505
[3.7471898160000014, -2.2898302];True;[-5.0, 4.911933214359525, 0.24415259604122674, -4.267265094417001, 5.0, 3.8888794852009116, -1.146978178109102, 3.7512183173398235, 2.686774053172946, -3.787676911284647];149.07912670006044;6.5297710000304505
[2.8289159280000113, -2.499999999984431];True;[-5.0, -5.0, -5.0, -5.0, -5.0, -5.0, -5.0, -5.0, -1.2316660092404899, 5.0];154.27987109997775;6.5297710000304505
[3.551956272000001, -2.499999999998978];True;[-5.0, -4.711813212906471, 5.0, 3.1895970146895216, -0.8734999050300738, -2.576597323654031, -3.442435921214591, 2.588032061334779, 1.062413610020566, 2.0067005557304913];146.6013572999509;6.5297710000304505
[4.118763168, -2.4999999999969504];True;[-5.0, 3.726435482832569, 4.9626960858633264, 4.679596567961921, 3.66025612250864, 5.0, 0.2697887307254465, -2.4372426315727678, 4.398146453990357, 4.223799301454905];149.3314323000377;6.5297710000304505
[3.918899664000011, -2.4999999999997162];True;[5.0, 2.8419443745931483, -5.0, -0.22812065351584643, 5.0, -5.0, 0.35464406552167205, 5.0, 2.9489467828764795, 3.313135367203401];151.86017769994214;6.597120399936102
[3.5760601440000124, -2.499999999977652];True;[-4.0761648551167085, -5.0, 5.0, -3.533829605040717, 0.2753059995995226, -1.5473224608266944, 5.0, 5.0, 2.2403519966421195, -5.0];152.40905440005008;6.597120399936102
[3.044515248000007, -2.499999999998902];True;[-5.0, -5.0, -4.8230913444912265, -3.732422963751338, -3.2145409339642637, 2.8540640093610925, -2.720683779542802, -5.0, -2.7959598521980262, 3.1824428230439263];151.6524775000289;6.597120399936102
[3.471355872000009, -1.337562];True;[5.0, -5.0, 5.0, 0.7774315766612805, -5.0, -3.2536670886586334, -5.0, -2.615872390563627, 4.390601063357115, -0.7875416084585742];152.6188396998914;6.597120399936102
[3.6274469760000096, -2.499999999998216];True;[5.0, 0.06708310516116445, -5.0, -0.8051721525813287, 4.4483093692567195, 5.0, -4.166679780776297, 5.0, -3.816572351422211, -4.989622721205361];153.58202600001823;6.597120399936102
[3.6877582800000086, -1.9992666];True;[2.1290851707828784, -2.6796693719652627, 5.0, -1.519502267295032, -2.3697816444401814, -0.5564258882146982, 5.0, -5.0, -0.2636006302433529, 3.7894428001137506];154.35166260006372;5.941012800089084
[3.1515745680000125, -2.4999999999983302];True;[-5.0, -4.904700403148112, -5.0, -0.981341952876809, 3.532081631210417, 4.8193533720550725, -3.711618025544286, -0.9963757815536027, -4.051183260715578, -5.0];155.67006710008718;5.941012800089084
[3.6199081440000116, -1.487879];True;[5.0, 1.7157676503924568, -1.6596877850075575, 2.8407782081722432, 0.7785492756049734, -2.433549394125004, -1.899785425606202, -0.6935055912005552, 1.7398096362611684, -5.0];158.24672469997313;5.941012800089084
[3.9632608800000133, -1.9778595];True;[5.0, 5.0, 5.0, 0.7109112082212201, -5.0, 0.6199456243969657, -5.0, 5.0, 4.878038223850789, 0.0753921707586267];150.77911949995905;5.941012800089084
[4.12108603200001, -2.2560049];True;[5.0, 5.0, 5.0, 3.600726121274425, 5.0, -4.6739481836601655, 1.2628821509722776, 1.5015642482237057, -3.1002026414018946, 5.0];150.95499679993372;5.941012800089084
[3.8759821920000133, -2.2517914];True;[4.116523842226501, 3.519914225604687, -5.0, 4.780808412483953, 2.4536630572755094, 1.720583061996635, 4.243703333160914, 3.370086821054061, -1.9616772742459916, -5.0];156.33316899999045;6.1472849999554455
[3.485356992000005, -2.4999999999988716];True;[-5.0, -2.431735704041524, -5.0, 3.6030117081430344, 5.0, -3.046497222825704, -3.743399728435509, 4.999637936757074, 0.8450768613989492, -1.0669935615204578];152.5958901999984;6.1472849999554455
[3.865899960000002, -2.4999999999851195];True;[-5.0, 2.4642240602233976, 5.0, 4.843532031739295, 5.0, 2.1799476829838333, 4.304083847101168, -2.402082275344972, 0.38714257889787884, -5.0];155.8120748999063;6.1472849999554455
[4.002484968, -2.499999999999614];True;[5.0, -0.9584210204933905, 0.503042848512206, -3.2507228270275856, 5.0, 3.8030074608802202, 2.266312609333573, -0.17220851045982588, 4.1327375398450865, 1.776517839116818];147.12787759990897;6.1472849999554455
[3.210569352000009, -2.2584438000000002];True;[5.0, -0.23131349562861647, -5.0, -4.615215897662678, -5.0, 3.116129120052914, -0.6616422346280517, -4.452752574263937, -5.0, -1.7177057024363585];156.63332260004245;6.1472849999554455
[3.5614393200000123, -2.499999999999537];True;[0.6217212478628085, -2.3816416999473065, -4.020936970497272, -3.0507018454186596, -1.8558664955934083, 3.6848469093119434, 5.0, -4.9956749581373145, -0.3203024412315214, 5.0];154.356640300015;5.509161000023596
[3.549579408000006, -1.469901];True;[3.452375929197336, 3.953339751158911, -5.0, -1.4011487124713944, 5.0, -4.150144781366098, 2.7076608968142875, -4.875063915754151, -3.748601728917052, 1.1939805849334153];157.39168590004556;5.509161000023596
[3.779945568000001, -2.4999999999993596];True;[0.11188555980043535, -2.155229161025456, 5.0, -0.9867477793156603, 5.0, 4.7647475441994285, 3.5152195557828634, 2.194061584664083, -5.0, -4.646446631389408];157.53244980005547;5.509161000023596
[3.215304288000001, -2.4999999999971694];True;[5.0, -2.61539105931221, -5.0, 2.284035480525331, -3.3656838733130616, -4.646257139862328, -5.0, 5.0, -5.0, -5.0];165.57880930008832;5.509161000023596
[3.6658850400000107, -2.490809938];True;[-5.0, 5.0, 5.0, 2.109425775233797, -2.1063506277999573, -4.496780926689225, -0.6179493495529851, 5.0, 2.6285452223921233, -5.0];154.3573893000139;5.509161000023596
[3.33981748800001, -2.4762866];True;[-5.0, -4.679954294551197, -5.0, 4.739215442176009, 2.384128725532216, 2.982777230968372, 5.0, -3.005001523374864, -5.0, -5.0];155.39918070007116;6.121156699955463
[3.8583311040000097, -2.49999999999595];True;[5.0, 1.0263714460508098, 0.24033014039685163, 4.517468194301259, 1.7057078811238036, 2.8654771872407423, 5.0, -5.0, 0.9046351282957508, -4.833552676530673];154.23522859998047;6.121156699955463
[3.4290423360000126, -2.0312643];True;[-5.0, 1.919279662422742, -2.8940803024313695, 2.2738758585341943, -5.0, -3.7732667785312417, 5.0, 3.911154959121653, -4.416567124591162, -0.46842419815397296];150.89927390008233;6.121156699955463
[3.8039917680000035, -2.497789481];True;[-4.783214674572572, 4.764285069755781, 5.0, -0.8931921167091978, 5.0, 5.0, -0.20632520663108345, -5.0, 2.675359707824237, -2.64620155838439];155.66397130000405;6.121156699955463
[4.010843304000006, -2.4999999999979523];True;[-3.8119688870690234, 4.507846282065394, -5.0, 4.983596787905443, 4.656983233280252, 4.640192479770226, 5.0, -2.2213627915808147, 5.0, 0.7318925190837717];143.3183476999402;6.121156699955463
[4.094596440000001, -2.4999999999990283];True;[5.0, 1.4048319573326653, 5.0, 2.6094825797832923, 0.622037584486943, 1.8972481965656476, -0.05719999955493016, 4.746052171968845, -3.857790322432976, 5.0];151.27640580001753;6.723233300028369
[3.994244136000011, -2.4999999999981357];True;[-5.0, -1.1542762540468123, 5.0, 3.139109777776973, 5.0, -0.4309547298191667, 1.4194083589665896, 5.0, -0.25457514113824775, 5.0];143.05748910002876;6.723233300028369
[3.3266019600000085, -1.136336];True;[-5.0, 3.191450128337607, -5.0, -0.681803271151125, 3.5402164493612958, 3.891151375778122, -0.4807361008082145, -2.684231410702773, -4.966698209450533, -5.0];159.08405930001754;6.723233300028369
[3.6912505680000014, -2.496473807];True;[5.0, 2.865541217902962, 5.0, -4.531975256588822, -0.3607339610884761, 4.687152274954446, -4.121415973665288, -1.5652809789663142, 1.7179042273268337, -5.0];154.11507259996142;6.723233300028369
[3.4133384880000035, -2.499999999996872];True;[-5.0, 2.2345562503288283, 5.0, 1.8536297440469882, -5.0, -3.219295020472655, -4.007673976112088, 5.0, -1.7103796535775837, -4.325930228882977];154.4105424999725;6.723233300028369
[3.3719055840000096, -2.499999999969059];True;[1.423164088636275, -3.76532925859162, -5.0, -3.6152042691547375, 4.74009962066547, 0.5289765821358134, -5.0, -0.5899839696752105, -4.814971344257141, 5.0];156.53150679997634;5.527348899981007
[3.9193241040000046, -2.2893369];True;[-5.0, 3.224150126441737, 1.0549268377717294, -3.6581282007699847, 2.3031453416444236, 0.39399556896006693, 5.0, 1.3973287714853804, 5.0, 4.534750626927281];142.12436140002683;5.527348899981007
[3.708568152000005, -2.4999999999983906];True;[-3.032370179465714, 1.4609309493433358, -0.4445516871145818, 4.693431237188339, -4.0538827041807135, 4.576385209969844, 5.0, -4.999956746792843, -0.5453570439486182, 1.838337753634578];152.3763208000455;5.527348899981007
[3.571931520000002, -2.499999999999401];True;[5.0, 0.19833476897273883, 3.102034634217544, -1.863172886111201, 1.666545675097117, -3.897478933015357, 5.0, -4.871094351704901, -1.1679536098854397, -5.0];155.22591659997124;5.527348899981007
[4.109346864000011, -2.499999999998993];True;[4.940757478432181, -5.0, -1.158689473559933, 4.724830834135469, 5.0, 3.688111172861735, 5.0, -1.9413109238853417, 2.7938373140512907, 5.0];145.05213050008751;5.527348899981007
[3.586012128000013, -2.499999999873133];True;[-3.2053053373601124, -4.9170523202187315, 5.0, 4.805798511546763, 2.085887977763104, -3.211074946600946, 2.5791823211232465, 0.8398276450149469, -0.8243844338242763, -4.333782515199513];151.70811469992623;6.026690699975006
[3.4004236320000074, -2.499999998563521];True;[-5.0, 0.08592385147362869, 3.4408415207857885, -4.818873345198365, 0.666849730316903, 5.0, 0.6816985665697057, -1.884910528438963, -2.9444797911992944, -5.0];152.1349042999791;6.026690699975006
[3.9138206400000097, -2.499999999999141];True;[3.170872475780067, -1.8734498337549348, 3.3958224144647016, -0.09668686748719502, 3.7285531833217416, 4.0442854867588665, 3.569678980117194, 0.19963934110020265, -1.8710677685709456, -0.27225021358305757];150.2651812999975;6.026690699975006
[3.951067680000003, -2.44304356];True;[-2.8190493450472887, -0.12629927563055965, 2.470567844959037, 4.1170295782169735, 3.5536114222401487, -1.1107713419455671, 4.432525467782282, 3.9951810040553113, 0.38206962932715705, 0.8249170005184272];149.4811470999848;6.026690699975006
[3.726702864000009, -1.7378474000000002];True;[3.001016310907861, -3.6587460921448853, -2.742374620117768, -2.6862379396242515, 0.911239769878466, 4.950012157727718, -1.674535752040835, 1.4419978433023726, 0.857060426304507, 4.933090106294948];151.84480809990782;6.026690699975006
[3.5194312080000096, -2.3350468];True;[-5.0, 5.0, -5.0, -0.1371664472201859, -5.0, 1.7984324585556273, 4.241006079879979, -1.9296990145682913, -2.800913410335942, 4.5649736071205265];147.79263210005593;7.016509099979885
[3.3612412320000034, -2.312482];True;[-1.1350650156980584, -5.0, 5.0, -1.8220914764837848, -5.0, -3.5384104063450206, 4.784962057166853, -4.999989214173709, -4.250908255213362, 4.374537126290379];155.4357078000903;7.016509099979885
[3.9454484400000127, -2.3427874];True;[-3.056480282567397, -2.5915826341600288, 3.3083090571399385, -1.1064566085298857, 1.989574635955952, 5.0, 5.0, 5.0, -3.083684955004369, 5.0];147.63424959999975;7.016509099979885
[4.149947088000011, -2.4999999999971165];True;[5.0, 3.8360939674837766, -2.829856848484683, 2.394088607920816, 2.0040527083600965, 3.7801511162056514, 2.7783110351619253, 4.947535542062093, 0.06444564383032692, 2.95236487907432];145.48457720002625;7.016509099979885
[3.6597899520000032, -2.1892061];True;[5.0, -0.3611373452822102, -4.03926974163276, 1.5267444429159225, 3.618721679644807, -3.272763464532334, -2.987055294856688, 3.019366607093378, 3.57422103054736, -3.844099398960701];151.8169853000436;7.016509099979885
[3.589373088000003, -2.499999999986075];True;[1.8207485745607945, 4.4507315652773745, -5.0, -4.812614999145206, -1.559817435325944, 4.997866563619153, -2.040606595899066, -5.0, 1.1183729412738606, 5.0];148.92739970004186;6.195158699993044
[4.010613480000008, -2.4999999999998153];True;[3.144308481353969, 1.0623883729642278, -5.0, 4.689339517546259, -3.279393498655619, 3.7907893964071278, 5.0, -0.012111673251926192, 4.08123545242271, 5.0];143.8650609999895;6.195158699993044
[3.3952413600000093, -1.6011674999999999];True;[5.0, -5.0, 0.5746722636579982, -3.3988246131661124, 3.429416544538613, -1.2547231456110448, -4.032176216536993, 4.288197077327091, -4.619467497870785, -5.0];151.0624844999984;6.195158699993044
[3.16959609600001, -2.4999999999964784];True;[-5.0, -5.0, -0.0650553085981258, -4.3787582908257825, -4.455508539901716, 3.8461765292568018, -5.0, -2.5619674781609523, 0.7375270502390698, 1.4181704444865018];152.5758561999537;6.195158699993044
[3.488674752000001, -2.1465777];True;[-5.0, 4.501582912012388, 5.0, -4.863533778282556, -3.732973139320121, 4.678110244682141, -4.9238023316557715, 4.715136612238082, -1.0617932500328457, -5.0];159.84895180002786;6.195158699993044
[3.4399987200000037, -2.4999999999978];True;[5.0, 0.9673365700823258, 1.3079570551319737, -4.39859036237289, -1.0162031210696254, 2.271743850049793, -5.0, -2.8825288694987905, 0.8094785782206575, -5.0];153.5883443999337;6.746743399999104
[3.87335390400001, -1.379455];True;[-3.231496407046958, 5.0, 3.1263785440427245, 3.9005341458769642, 4.957781201480792, -2.728194845229576, -2.663310853341183, 5.0, -1.8828515664789185, 0.6431114249750127];150.4900286999764;6.746743399999104
[3.376382832000008, -1.121403];True;[5.0, -4.671223997648378, 0.06199795243638917, -0.1505808325464102, -5.0, 2.760887083760305, -0.7238360985270162, -0.45676766631889976, -3.7226393893603094, -3.983805900089278];150.51071449997835;6.746743399999104
[3.434483376000011, -2.499999999973463];True;[-2.0113858568445417, -4.861890170374827, 5.0, -4.431511158133271, 2.7792455688853357, 4.879669327579734, -2.1087867379999903, -4.868646326562299, -0.2151567290694718, -2.3576746374850934];154.24087039998267;6.746743399999104
[3.7475045280000034, -2.4999999999971902];True;[-0.7322828282700788, -4.017719175501067, 0.08760816718090325, -0.09596981587831888, 2.5105073538416818, -4.372624951839171, 1.6393254795063763, 5.0, 5.0, 1.2767592667945973];148.99785250006244;6.746743399999104
[3.389580000000003, -2.499999999998914];True;[0.3950477968756232, 0.06615649611473451, -4.930177058462866, -1.2424254285555056, -0.942297028921149, 3.106175370991558, -1.4896925381133501, 1.2913015287847704, -1.529094671904398, -5.0];154.58666459994856;6.282823999994434
[3.6514249200000073, -2.4999999999986704];True;[3.0325381285242123, -0.7815037115565895, 3.6048571334724926, -1.58209327158034, 4.413650963611714, -2.5977082474100346, 3.616187478461656, -3.152279688912878, -4.9539696236664, 0.24780370724551837];153.8220429000212;6.282823999994434
[3.3785702640000137, -2.4999999999996474];True;[-3.144651345118489, -4.226648471305438, -4.756507318223628, -3.463469574751498, 2.7791832392814806, 2.54800361460775, 2.7911283145101624, 1.4366564715895098, 0.041554084359129995, -4.789964026382793];153.31019160000142;6.282823999994434
[3.336562152000011, -2.499999999998899];True;[-5.0, -4.504929372951142, -4.817753821338676, 0.2671451580281108, -1.030777474098687, -1.244929431397908, 0.9748783671699002, -3.283779533219735, 5.0, 0.910573333315897];153.4117050000932;6.282823999994434
[3.686248656000007, -2.3130474];True;[-3.1471879428878067, -2.6310540224225214, 4.628774378949274, -3.52071588286131, 3.5500847014180277, 2.5772853555001616, -0.9000322517704369, 1.0551338963349135, -2.723793136308963, 4.571195709330052];151.4127836000407;6.282823999994434
[3.6576524160000097, -2.3147414];True;[0.2682988565476663, 1.5417343430281445, 4.914413161389884, 1.2804750453137235, -2.4647871563632053, -3.4266710782874727, -4.361867668114515, 5.0, 0.4505715137618935, -1.0663886512552114];152.63485839997884;6.430007899994962
[3.666846024000012, -2.499999999999423];True;[0.957373305346457, -2.4978189165706146, -3.2760215412750577, -3.266265547715354, -3.053741491725108, 3.9912324906751113, 4.4584957089161, -4.024641416937412, 4.272784848308186, 5.0];150.94737049995456;6.430007899994962
[3.610760760000012, -2.0115224];True;[-3.419498696064749, 1.6115728793557125, 4.700361541498625, -4.351543922400371, 3.361969728719842, 4.002891699799555, -3.341746379109235, -0.4541623780829358, 2.055237785402144, -4.2002264016286];153.57321810000576;6.430007899994962
[3.908222136000006, -1.9690387999999999];True;[5.0, 5.0, -4.989692400564449, -3.0232036804944324, -1.171836185746042, 2.9875123686855893, 3.620326585612178, -0.12580986402308447, 4.071104396239184, 2.3677698851225344];146.64453239995055;6.430007899994962
[3.34574604, -2.499999999998369];True;[-4.585650762280112, 1.10004016215637, -0.3007376544318294, -3.6327914633554803, 1.1087990676330808, 2.486835751156403, -3.7662565272832453, -2.006185199755107, -3.7272396489996553, 1.01884519787823];151.63652189995628;6.430007899994962
[3.6127609200000133, -2.499999999123121];True;[1.5913123788461645, -3.0707805973699447, -0.25477371710253127, -3.3617083946893684, 2.008083616580681, 2.143141411882593, 3.199841586070276, -2.690441918275791, 2.6189884662257024, -2.1262288867951344];147.8480966000352;6.7047291999915615
[4.126714128000003, -2.4999999999994467];True;[3.4603023064885488, 1.755105487606131, 0.7890044032479038, 2.9373383878819492, 2.2023519432656604, 2.4679937134138195, 0.8159239749056111, 4.925003498960233, 1.6251956073473082, 2.873333589326049];146.83037550002337;6.7047291999915615
[3.7833361200000084, -2.0772226];True;[-2.388571894396079, 3.1724160349287622, 1.2963869916563118, -0.962771759987521, 1.1018162871397958, 3.6533364802126247, 2.227214218237937, -1.0305839921697064, 2.1691118868143047, -1.283890938916044];151.97697120008525;6.7047291999915615
[3.883049712, -2.499999999998725];True;[1.5768539934603032, 3.175382467646271, -0.22576798436857182, 2.2866817079400636, 1.3172547084397106, 2.56925207627234, 3.1591048440322425, 1.1547519177006222, -2.0309225546126823, -0.41177933811532164];152.49119339999743;6.7047291999915615
[3.7523846160000125, -2.499999999998295];True;[-4.291204663405868, -4.348024924890469, 2.592774252997377, 4.608281478248214, 2.1110143930584293, 2.2687516512341634, -0.21525124456268863, 0.2634240830282586, 3.8685031071836367, -0.33674849808047114];147.7289498000173;6.7047291999915615
[3.668650056000006, -2.266509];True;[-5.0, 0.05992931606455976, -4.798211739312477, 4.254504184669216, -3.6146568793085554, 5.0, 4.996210107958445, 2.103164303090976, -2.7142196334290762, 2.358180565830498];147.37654700002167;6.755771299940534
[3.6797660640000007, -2.4999999999914433];True;[-1.6293811359908448, -4.87706219594789, -0.01355699813144362, 4.474961995170601, 4.117836627870615, 1.7981327506247347, -1.2132990420418737, -4.784068750539787, 0.285993659592652, 5.0];152.48952249996364;6.755771299940534
[3.5965259280000135, -2.499999999875495];True;[5.0, -3.3164238324430464, -4.568100437533946, 4.2667697298176055, -1.205469141885013, 2.696817318913281, -5.0, 5.0, -5.0, 1.4322511407759269];152.40271520009264;6.755771299940534
[3.6494435520000037, -1.6872513];True;[1.3820145418194008, 4.242760983934765, -5.0, 1.4333815866407704, 5.0, 1.6963134780764584, 5.0, -3.2643651171806116, -5.0, -3.734370373942393];156.1518769999966;6.755771299940534
[3.104892000000012, -2.4999999999992784];True;[-5.0, -3.9498454154494196, -4.854020494760887, -0.7377610373537609, 3.5441567860230663, -5.0, -5.0, -0.1116742154824566, -1.477529672809332, -0.8683190400073668];155.66716950002592;6.755771299940534
[3.606204672000013, -0.59924];True;[0.695754119205648, -1.537761498047399, 4.901537125087469, 4.4310852397308835, -1.5255689439725426, -2.0930004887284674, -4.974596401063339, -0.3944623994642269, 0.9880490258368013, -0.7371263368377159];150.74539499997627;6.956779700005427
[3.413344104000002, -2.0088213];True;[-0.1035936831910842, 1.1314762228994821, 0.22498108577412523, -4.276427203148336, -2.9326845873494225, -1.490334022100479, 3.2505901446404053, -0.15165421670331902, -1.4464622589484186, -3.3806819776986052];149.97627280000597;6.956779700005427
[3.7473906960000107, -2.499999999998052];True;[3.461045048308108, 0.42301051546746926, 4.474865689648402, -3.3493836334635594, 0.30757453217898423, 0.5627752262815067, 0.5875042557105203, -1.5335912524083426, -0.7270548131008443, 2.083575644108821];146.72777240001597;6.956779700005427
[3.549977928000006, -2.4999999997676796];True;[-4.441640363349635, 0.638733122835089, 0.03194860505830821, 5.0, 0.7791738335819884, -1.7552710090657904, -3.655677239732513, -1.0908565840444364, -1.5686842402844228, 3.2130913343088494];153.11223919992335;6.956779700005427
[3.655056312000013, -2.1412047];True;[3.5988757375870932, 2.8338527085497454, -5.0, -1.0769831391332794, 1.5382243248745775, 1.4651132629197576, -1.985673173968328, -1.6957355149811981, -0.37035237614330274, 2.7082344082265877];147.74845349998213;6.956779700005427
[3.5974517040000125, -2.499999999999044];True;[-3.4267577152634603, -3.0401029087113702, 4.458887188194698, -3.1333584557343324, 1.2820225078630374, 1.2984103041679953, -1.5906655349941712, 1.926964253307732, 5.0, -3.4267127182098154];148.04058749997057;6.4664924999233335
[3.5458585920000036, -2.2901702999999998];True;[-5.0, 0.7603169055792645, 4.0200615199147745, -3.861780437862896, 3.2047673720758905, 2.4515318756920728, -2.7112951313253055, -0.12648207992279925, 0.3174541981091519, -2.0944380490052565];149.09459539991803;6.4664924999233335
[3.547379664000011, -2.42510516];True;[-5.0, -3.9616919607568883, 4.319302356853758, 4.6778671697914405, -0.5042679798400087, -2.5470260777428684, 2.370271501734095, 0.8009575046209063, 1.875125558210864, -5.0];153.3748947000131;6.4664924999233335
[3.585213360000006, -2.4999999999990288];True;[-0.6299734614799783, 1.1466485801290656, -4.896992730191595, -2.0565109790367915, -0.39421657470194926, 2.785777388976661, -3.0592693511121287, 4.876025746476579, -2.187158114293706, 3.19776338841994];148.78596250002738;6.4664924999233335
[3.6546726960000053, -2.4999999999968936];True;[2.437281567566786, -4.347378490551456, 4.345541172287389, 4.6967789367921675, 3.6475901861877773, -2.0915496358698915, 2.0580034023953955, 0.485058210292606, -4.708973321866807, -4.5245694450090035];154.31324049993418;6.4664924999233335
[3.8134804320000133, -1.278586];True;[5.0, -0.24898374393481149, -4.01569916323485, 4.069940719488196, -5.0, -5.0, -0.4552252616505168, 5.0, 5.0, 5.0];155.54519970004912;6.640536200022325
[3.6400091040000024, -1.8122148];True;[5.0, 0.2905319779068254, -4.1872888364182135, 5.0, 2.040229680014235, 3.3595202030272517, 4.815940257891349, -5.0, -5.0, -5.0];158.56491109996568;6.640536200022325
[4.1396745600000004, -2.4999999999995];True;[5.0, 0.5756385369927948, 4.738070434818665, 3.4392229919532937, 1.3709088320089773, 1.105148382061464, 0.1901411684884291, -1.9675506197092298, 5.0, 5.0];145.35717640002258;6.640536200022325
[3.663904968000009, -2.0025087];True;[-2.800553162909108, -1.3922952488326565, 2.3201428487927576, -1.5736855251727127, 4.602464015919438, 2.3322808404469217, 2.8419453100289935, -3.9050958143142083, -5.0, 5.0];154.4010250000283;6.640536200022325
[3.5394017040000088, -2.4999999999982103];True;[5.0, 4.801933186582897, -4.9473862631619925, -3.522546882104342, -5.0, 0.735923885065926, 2.217667884629381, -2.624389730872366, 5.0, -5.0];151.34809729992412;6.640536200022325
[3.9129940080000063, -2.499999999998563];True;[2.0132021844455315, 0.13717830140272724, 1.246875514615617, 2.86365997476432, 2.0258758471431824, -2.6148821081079547, 4.4552996296898915, 3.832655208642784, -0.7953953080324982, 0.7926842368047442];146.1914074999513;6.148446599952877
[3.4969348080000073, -2.4999999999986366];True;[0.6222313576643881, -4.373084937231301, 4.635911026193952, -3.151050257201903, 1.299482049038061, 1.3703924468795856, -1.3448462841626432, 1.8980664754223682, -3.820011706333961, -2.442012081762332];148.15103479998652;6.148446599952877
[3.397005216000004, -0.614927];True;[0.07746009137556698, -0.7342807179932267, 4.455275167663466, -4.279982882298687, 2.8081589754174203, 2.2563172011024317, -4.911546600718801, -4.986781797309397, -2.723912186881849, -1.89194422161661];156.40918219997548;6.148446599952877
[3.686712624000013, -2.4999999999994564];True;[3.241971626479616, -2.7719505996454115, -4.797296876843065, 1.1754830123895212, -3.858385448176621, 4.956751362700206, -3.739870151992606, 4.04481327650031, 1.1023934570025027, 4.127225411455871];147.32109169999603;6.148446599952877
[3.2949212400000123, -2.2828785];True;[-1.0938415359011828, -0.3604127139585227, -4.475704170535298, -0.9343373196935811, -5.0, 2.7258975100864298, -0.6050845562529474, 0.2646875037429961, -0.32158759341325194, -4.856968502429656];149.48012059996836;6.148446599952877
[3.4331744160000093, -2.499999999999451];True;[1.035560334468495, -0.5369965765719895, -4.986666942870366, -1.865555702761469, -1.4015170805523218, 4.081624095048706, -1.838440859185031, 1.6798392727812814, 0.5408238540347785, -4.965406255464885];148.28908489993773;5.419362899963744
[3.8614695840000075, -1.042791];True;[-3.3169663268255416, 2.6565759167308, 4.933226183503615, 5.0, 0.19325261547067107, 3.2489809213269467, 5.0, -2.017778156392746, 0.8632634356928897, -4.98886647657972];147.91105080000125;5.419362899963744
[3.454464456000006, -2.2266806];True;[0.49774944382664277, -3.048819810023782, 3.9788599559271454, -5.0, 4.677792687360226, -5.0, 2.8681162543287195, -3.847349033746059, 1.5893353902867275, -3.986763925385053];151.07006790000014;5.419362899963744
[3.564494424000003, -1.255109];True;[-5.0, -0.15843120470314442, 2.170773100125018, -5.0, 4.668615748711231, 2.6309494727257405, 1.4337469414875397, -0.29625258284500067, 2.373481061068995, -5.0];150.05429460003506;5.419362899963744
[3.316843944000003, -2.4999999999976863];True;[1.0829900073097685, -0.6333754950432366, -4.946010777276473, -1.2177865172214903, -1.221678693573974, 2.0093644418750163, -1.5929622590195076, 1.9112121186431406, -4.068315647011773, -4.965850867887029];151.3516672999831;5.419362899963744
[3.7871327520000024, -2.4999999999988978];True;[0.7091108963682817, -0.042473240956196534, -3.772713108247239, 4.38050783547418, 0.6301811365786616, 3.4471597912222993, 3.3048524696227926, 1.4078633025501173, -2.737867364042012, 0.803591911990603];150.72477440000512;7.090105700073764
[3.8175762240000024, -2.4999999999988383];True;[3.8888212247770877, -1.8624887430225376, 3.373004778169891, -2.8415358483876796, 1.8911157639022154, 0.4088543819498769, -0.6601117582471963, 1.7460402288921841, 0.07691556805427968, 3.5189823634007187];150.34909619996324;7.090105700073764
[3.923244288000005, -2.499999999999134];True;[-4.222376672685914, 5.0, -2.721130731749844, 2.727869665872843, 2.504076403135766, 3.466816957743907, 2.955660152221019, 4.720745063920321, -5.0, 5.0];153.84718210005667;7.090105700073764
[3.151587744000012, -1.8190629];True;[-2.094649358812193, 2.805330160502157, -4.405169423406893, -0.09856803256956503, -4.155138571337677, -1.2151420268437234, -0.5240352774447743, -1.6958650497347998, -5.0, -4.909903147269592];156.89964620000683;7.090105700073764
[3.566540808000007, -1.8054071];True;[2.029738753650933, 1.067059810292096, 0.4109382511620243, -3.4912888817575594, -2.8565532583180224, 1.9659089092411595, 5.0, 3.7918007851269167, -5.0, -5.0];153.7913793999469;7.090105700073764
[3.9770768880000027, -2.499999999999313];True;[-0.49924439900444195, 3.5373163405829455, -2.775847399577644, -3.645093985564877, 5.0, 2.0843914288932828, 2.35938093258489, 5.0, 0.8630287200177715, 5.0];146.20689729996957;7.726045100018382
[3.468650688000008, -2.4999999999985087];True;[-5.0, -5.0, 4.060259042463997, -2.9919384901948303, 0.8037027494600721, 0.27812485105151374, -1.0528817818700404, 0.9810915246519327, -0.5540639022543639, 1.8614001486963438];147.22360540006775;7.726045100018382
[3.612792024, -2.499999999999364];True;[-2.9297449606952597, 5.0, -5.0, 3.8208566212990505, 2.8090365267531077, -4.0574179717579915, 2.3570344748211287, 5.0, -1.940878195630563, -5.0];150.78131709992886;7.726045100018382
[3.4353443520000053, -2.2233115];True;[0.11749127216438104, -2.6151283698155545, -0.39905509667646033, -4.472331173496722, -1.2058298734994044, 5.0, -2.1406858969962226, -1.578004604040392, 0.38662855074486213, -1.2493551995372831];146.8819665000774;7.726045100018382
[3.307764600000013, -2.499999999998618];True;[-4.043806132743188, 0.28119013139399573, -5.0, -3.3204719295883605, -2.966460313099886, 0.7035578895399484, 3.0709088426638385, -2.65316645775358, 4.865489649755419, -5.0];149.11409059993457;7.726045100018382
[3.8093356080000085, -2.2421154];True;[-0.3007847082476154, -2.963123282229701, 5.0, 5.0, 5.0, 5.0, -5.0, -5.0, -2.5779765013480693, 5.0];148.19102049991488;7.39056349999737
[3.2913788400000117, -1.433061];True;[1.9644437283106528, -0.9765527822929592, -5.0, -1.5317467322876022, -1.4696141547468233, -2.329238400720503, -1.7229210117419886, 1.7510647329606845, -0.5068212705582917, -5.0];148.9431952999439;7.39056349999737
[3.8145077280000024, -2.499999999998143];True;[4.094692996803001, -1.1326483648827197, -3.772812488928449, 4.522892289807984, -0.6330127092240971, 2.865483934508611, 3.3686193952468635, 1.038548597885038, -5.0, 4.045795385249644];147.5633872000035;7.39056349999737
[4.010627736000013, -2.499999999999164];True;[-1.7354961099047586, 2.015497656849263, 2.826137278669613, 3.02533692235982, 0.5412419708817682, 1.5903176791131122, 0.8923647708934199, 3.4975745104037053, 1.0517938222737113, 4.772491344782241];143.12859510001726;7.39056349999737
[3.355454808000008, -2.4999999999988987];True;[-0.5209199540837774, -2.5555196877422897, 1.1451504098174583, -4.275511445705716, -0.10782768214014204, 2.0630035351805764, -4.948872948327977, -2.7471471397165512, 1.6212125346857764, -1.5284396954032964];146.7474677999271;7.39056349999737
[3.8199546000000084, -2.4999999999979075];True;[2.3803305441739955, -0.9591576619958389, -3.8404643814794293, 4.571778745368729, 0.9499661558283234, 2.321758047352609, 3.2355801877964723, 1.1631132424211543, -0.9884801327880215, 0.8153567731837965];151.25042090006173;4.1604124000296
[3.700412424000002, -2.3164453];True;[-0.2380947560716402, -3.1055149383091125, 0.6802509034418627, 3.9695687805552673, 2.184575662533507, -1.5150755957445017, 3.35721921915961, -2.209047213520896, 4.488945444460995, -3.497452086819953];154.7952093000058;4.1604124000296
[3.6313764480000037, -2.499999999998175];True;[0.810177983626903, -0.8629665370934294, 3.84777583246297, 0.48977172526716206, -4.123848629313256, 5.0, -2.3307519366130096, 2.1782802154208634, 0.9108632712578091, -5.0];151.59187399991788;4.1604124000296
[3.7449820800000007, -2.4999999999986433];True;[3.1118950368777014, -0.7537696838691366, 3.938154386101358, -1.460061428572117, 4.197901764688831, -2.1906993339510765, 3.7634088013169773, -3.291359075128132, -2.9266442391853893, 1.7899788493290636];154.39703419990838;4.1604124000296
[3.5024879520000054, -2.4999999999978506];True;[-4.891339021098025, 5.0, 2.233049645167025, -1.020579791858177, -2.754877423295615, -0.5889644259207198, -1.870623328396785, -5.0, 4.262628717148299, -0.417065639162284];158.983342200052;4.1604124000296
[3.7042613280000025, -2.4999999999995195];True;[-0.3303326968411753, -3.8934268952579023, 4.911616912247057, 4.720914606690446, 2.3206878644754685, -0.8144452292345647, 2.3785625186360413, 5.0, -5.0, -5.0];178.76792199991178;6.73329190001823
[3.491748864000013, -1.8957682999999999];True;[5.0, 5.0, -4.958507161202998, -3.281839862817862, -3.306626179278336, 1.4257337141720408, 2.6809656722263124, -1.513934148473771, -1.5907582370942972, -5.0];177.1175407000119;6.73329190001823
[3.596586624000003, -1.415985];True;[-0.6401438326832389, -5.0, -0.3213136080020398, -0.8713780863686358, -2.008659238585499, 3.988664117134171, 3.6131062060703805, 0.548392600360895, -5.0, 5.0];176.36053010006435;6.73329190001823
[4.114772784000007, -2.4999999999984603];True;[1.1050613152155204, -0.4664235171182458, 0.6740893682534459, 2.221405695433189, 2.3095889890063663, 4.092261893135211, 3.812824559286522, 3.2480824654517306, 5.0, 1.301849714423157];168.90709210000932;6.73329190001823
[3.464243640000003, -2.4999999999921254];True;[0.9784809542047945, -4.998911435541599, -5.0, -3.195309131722837, 3.3577711503100325, -0.3262597378228458, -1.676196457801042, -1.346933936520772, 0.3890097507080643, 5.0];173.4604410000611;6.73329190001823
[3.986141328000001, -2.4999999999986318];True;[-0.09543776940917503, 0.17747533648034075, 1.8536519995248204, 3.290154014440894, 2.3450414355948013, -1.4938830305924746, 4.351701612854438, 3.4243025642468776, 2.590465902252708, 0.9000899514037037];147.68504739995115;7.242911799927242
[3.759155784000004, -1.6630923];True;[0.8958659080249571, -3.1107719179177113, 4.996566715527317, -3.014686041301299, 1.2165400718713029, 1.575432086137857, -1.2073332203944998, 1.682306233214657, 0.8896902237469373, 2.9113295145905314];146.34277849993668;7.242911799927242
[3.590098416000012, -2.3211666];True;[-1.6060991823661368, -5.0, 2.8264036884889414, -4.4694946990682105, 2.8881384980466045, 5.0, -1.699562528367362, -4.820110413741734, 4.819795680270788, 1.0691758366855408];153.10301479999907;7.242911799927242
[3.5916557760000134, -2.499999999985064];True;[-0.04812963281577787, -5.0, 4.004294985656253, 0.05298277975455434, 5.0, -5.0, 5.0, 0.5285881994403807, -2.5343026616994484, -2.9230830300528168];151.23942100000568;7.242911799927242
[4.1246658000000105, -2.499999999997926];True;[5.0, 0.42980511559075474, 1.5610122838934153, 2.9341064650852164, 2.454120871697036, 2.8996305236132613, 1.010784451601241, 4.858572287254892, -0.37883442217621077, 2.9875617010182527];145.90294969989918;7.242911799927242
[3.4232366880000002, -1.9917243999999998];True;[5.0, 0.291017904889598, -5.0, 2.9750480504009245, -5.0, -5.0, -3.1122705422964225, -5.0, 1.1293805483004586, 5.0];186.19242849992588;7.340070400037803
[3.4891918560000095, -2.419482];True;[-4.872553049034221, -3.8934515315738265, -2.6349747046622585, 0.7913278445288618, -5.0, 0.9146006819822023, 2.3894522641493587, 4.194327507185573, 4.942813928732955, -2.494878748688318];193.8939547999762;7.340070400037803
[3.7424280960000056, -2.1998021];True;[-4.581948941427259, 0.3834290770801916, 1.403818445929983, 3.2738827542047684, 4.037588609104176, -0.7684584995827048, -1.53414505295429, 3.8224512365245094, 0.38000828799394615, -0.3560236177111946];171.3634977999609;7.340070400037803
[3.8105663760000104, 0.3830239999999998];True;[3.334098992476978, 3.8327638702296962, 3.2936472400089087, -1.0334260193645433, 1.8345029102935397, 3.6500493392276496, 1.6694512078385317, -3.0226721363968228, 0.33170600281222296, -4.675008035652155];176.00184090004768;7.340070400037803
[3.5040055680000126, -2.4999999999996723];True;[-5.0, -4.832438272914871, -1.4558483356184029, 3.1876219116677937, -0.9334647332069164, -3.4289994555780363, -5.0, 2.7449209260894847, 4.812552560558695, 4.928133197151107];176.12702630006243;7.340070400037803
[3.179520000000005, -2.4999999999988916];True;[-5.0, -5.0, -5.0, -5.0, 5.0, -5.0, 5.0, -5.0, -5.0, 5.0];144.0204117000103;5.343937200028449
[3.6115200000000067, -1.613998];True;[-5.0, 5.0, 5.0, -5.0, -5.0, -5.0, 5.0, -5.0, 5.0, 5.0];150.0337907000212;5.343937200028449
[2.963520000000011, 0.5096319999999999];True;[-5.0, -5.0, 5.0, -5.0, -5.0, -5.0, -5.0, 5.0, -5.0, -5.0];149.58335239998996;5.343937200028449
[3.6115200000000067, -2.43707907];True;[5.0, -5.0, 5.0, -5.0, 5.0, -5.0, -5.0, -5.0, 5.0, 5.0];151.22565729997586;5.343937200028449
[3.6115200000000067, -1.9347896];True;[5.0, -5.0, -5.0, -5.0, 5.0, 5.0, -5.0, 5.0, -5.0, 5.0];146.3393830000423;5.343937200028449
[3.5227390320000107, -2.4999999999989937];True;[-5.0, -5.0, 5.0, -5.0, -5.0, 5.0, 5.0, -5.0, 5.0, 0.8897664414078914];157.22882309998386;8.907842900021933
[3.6115200000000067, -1.7929167000000001];True;[-5.0, 5.0, -5.0, -5.0, 5.0, -5.0, -5.0, 5.0, 5.0, 5.0];157.5323199001141;8.907842900021933
[3.6115200000000067, -2.4999999999964153];True;[5.0, 5.0, -5.0, 5.0, -5.0, -5.0, 5.0, 5.0, -5.0, -5.0];177.06170560000464;8.907842900021933
[3.7760342400000035, -2.2434476];True;[5.0, -5.0, -5.0, 2.616406358002008, 5.0, -5.0, 5.0, 5.0, 5.0, -5.0];168.32090309995692;8.907842900021933
[3.296690928000001, -2.4999999999986806];True;[5.0, -5.0, -5.0, -5.0, -5.0, -3.6382152229370757, 5.0, -5.0, 5.0, -0.9371944265559131];151.52422819996718;8.907842900021933
[3.239455680000003, -2.46549006];True;[-5.0, -5.0, 5.0, -2.2252028677444766, -5.0, -5.0, 5.0, -5.0, 5.0, -5.0];160.9139135000296;7.005111600039527
[4.381733664000007, -2.2330895];True;[5.0, 5.0, 5.0, 5.0, 5.0, 0.6580323067388516, 5.0, -5.0, 5.0, 5.0];152.93225189996883;7.005111600039527
[4.043520000000009, -2.4999999999985087];True;[-5.0, 5.0, 5.0, -5.0, 5.0, 5.0, -5.0, 5.0, 5.0, 5.0];149.28242449997924;7.005111600039527
[3.8275200000000007, -2.46287338];True;[-5.0, -5.0, 5.0, 5.0, -5.0, 5.0, 5.0, -5.0, 5.0, 5.0];152.37200030009262;7.005111600039527
[3.8275200000000007, -1.7160735];True;[5.0, -5.0, 5.0, -5.0, 5.0, 5.0, 5.0, -5.0, -5.0, 5.0];153.39379240002017;7.005111600039527
[3.7469278080000112, -2.4999999999993814];True;[-5.0, -5.0, -5.0, 5.0, 5.0, 5.0, 5.0, 5.0, -5.0, 1.2688652396084175];156.6486787000904;9.90232700004708
[3.3955200000000128, -1.430565];True;[-5.0, 5.0, -5.0, -5.0, -5.0, 5.0, -5.0, 5.0, -5.0, 5.0];157.22945069998968;9.90232700004708
[3.715060032000006, -2.2789161];True;[-5.0, 5.0, 5.0, -5.0, 5.0, -0.2064791099979848, -5.0, -5.0, 5.0, 5.0];156.31311039999127;9.90232700004708
[3.7165899600000025, -2.499999999995297];True;[5.0, -5.0, 5.0, -0.1356570853366108, 5.0, 5.0, -5.0, 5.0, -5.0, -5.0];153.68418790004216;9.90232700004708
[2.8165082400000014, -2.4999999999770934];True;[-5.0, -5.0, -5.0, -1.8061015541413692, -5.0, -5.0, -5.0, -5.0, -5.0, 5.0];161.21057680004742;9.90232700004708
[4.043520000000009, -1.7755459];True;[5.0, -5.0, 5.0, 5.0, 5.0, 5.0, 5.0, 5.0, -5.0, -5.0];133.62812699994538;8.56542969995644
[2.963520000000011, -2.1500543];True;[5.0, -5.0, -5.0, -5.0, -5.0, -5.0, 5.0, -5.0, -5.0, -5.0];137.66966279991902;8.56542969995644
[3.3242194800000013, -2.1263609];True;[-5.0, -5.0, -5.0, -1.5294184446952657, 5.0, -5.0, 5.0, -5.0, 5.0, -1.7715446938775639];134.51614179997705;8.56542969995644
[4.043520000000009, -2.0274386];True;[-5.0, 5.0, 5.0, 5.0, 5.0, 5.0, 5.0, -5.0, -5.0, 5.0];132.76751389994752;8.56542969995644
[4.259520000000003, -2.499999999998494];True;[5.0, -5.0, 5.0, 5.0, -5.0, 5.0, 5.0, 5.0, 5.0, 5.0];125.39464339998085;8.56542969995644
[3.179520000000005, -1.8334101];True;[-5.0, -5.0, -5.0, -5.0, -5.0, 5.0, 5.0, -5.0, 5.0, -5.0];132.01271799998358;4.7072969999862835
[4.259520000000003, -1.795679];True;[-5.0, 5.0, 5.0, 5.0, 5.0, 5.0, 5.0, 5.0, -5.0, 5.0];131.78734889999032;4.7072969999862835
[3.6115200000000067, -2.4999999999993903];True;[5.0, -5.0, 5.0, 5.0, -5.0, -5.0, 5.0, 5.0, -5.0, -5.0];134.0258395000128;4.7072969999862835
[4.043520000000009, -2.48444055];True;[5.0, -5.0, 5.0, -5.0, 5.0, -5.0, 5.0, 5.0, 5.0, 5.0];130.22422660002485;4.7072969999862835
[3.3124524480000055, -2.499999999998275];True;[-5.0, -5.0, -5.0, 1.1542662772567356, 5.0, -5.0, 5.0, 5.0, -5.0, -5.0];134.78258479991928;4.7072969999862835
[3.6115200000000067, -2.499999999998886];True;[-5.0, -5.0, 5.0, 5.0, 5.0, -5.0, -5.0, 5.0, 5.0, -5.0];132.41734749998432;4.870147499954328
[3.2689388160000026, -2.499999999948536];True;[-5.0, -5.0, -5.0, -0.8602587426045467, 5.0, -5.0, -5.0, -5.0, 5.0, 5.0];134.0094473999925;4.870147499954328
[3.222696456000013, -2.498108334];True;[-5.0, 5.0, -5.0, -5.0, 5.0, -5.0, -3.001099348504111, -5.0, -5.0, 5.0];135.25340279994998;4.870147499954328
[3.190453272000002, -2.4999999999997136];True;[-5.0, -5.0, -5.0, -5.0, -5.0, -0.2483835618760386, 0.7545823721193843, -5.0, 5.0, 5.0];132.67222230008338;4.870147499954328
[4.259520000000003, -2.3247146];True;[5.0, 5.0, -5.0, 5.0, 5.0, 5.0, -5.0, 5.0, 5.0, 5.0];131.8029110999778;4.870147499954328
[3.246518880000007, -2.40476353];True;[-5.0, -5.0, -5.0, -1.8982178952645596, -5.0, 5.0, -5.0, 5.0, 5.0, -5.0];134.62585260008927;4.036321200081147
[4.267070064000011, -2.4999999999986255];True;[5.0, 5.0, 5.0, 5.0, -5.0, 1.077736824120958, 5.0, -0.7282088892205572, 5.0, 5.0];130.2949610000942;4.036321200081147
[3.483551232000004, -2.499999999993443];True;[-5.0, -5.0, -5.0, 5.0, 5.0, -0.9244797784368419, 5.0, -5.0, -5.0, 5.0];136.03386979992501;4.036321200081147
[3.758971536000008, -2.1736445];True;[5.0, -5.0, 5.0, -5.0, -5.0, -5.0, 5.0, 5.0, 5.0, 1.8264637359955014];133.8858950000722;4.036321200081147
[3.2439746160000116, -2.49999999999479];True;[5.0, -5.0, -5.0, -2.015985166316465, 5.0, -5.0, -5.0, -5.0, -5.0, 5.0];142.36199189990293;4.036321200081147
[3.6115200000000067, -1.6890041999999998];True;[-5.0, 5.0, -5.0, 5.0, -5.0, -5.0, 5.0, 5.0, 5.0, -5.0];148.2678528999677;4.697222599992529
[3.770374176000013, -2.41239945];True;[-5.0, 5.0, -5.0, -0.6929503507040629, 5.0, 5.0, -5.0, 5.0, 5.0, -1.9526807549573153];152.8495007000165;4.697222599992529
[3.9691583280000025, -2.4999999998126654];True;[-5.0, -5.0, -5.0, 5.0, 5.0, 1.5573426514141788, 5.0, 5.0, 5.0, 5.0];141.53754190006293;4.697222599992529
[2.963520000000011, -2.4999999991158006];True;[-5.0, -5.0, -5.0, 5.0, -5.0, -5.0, -5.0, 5.0, -5.0, -5.0];162.13631219998933;4.697222599992529
[3.677174712000006, -2.2409444];True;[-5.0, -5.0, 5.0, -1.960431716123682, 5.0, -5.0, 5.0, 5.0, -5.0, 5.0];150.9083871000912;4.697222599992529
[3.3006251520000114, -2.4999999999138804];True;[-5.0, -5.0, -5.0, 0.6067196882233006, 5.0, -5.0, -5.0, 5.0, -5.0, 5.0];165.54133949999232;6.764572099898942
[3.3955200000000128, -0.6900759999999999];True;[5.0, -5.0, 5.0, 5.0, -5.0, -5.0, -5.0, 5.0, -5.0, -5.0];159.70068759995047;6.764572099898942
[3.5705817360000003, -1.7256905];True;[-5.0, -5.0, 5.0, -5.0, 5.0, -1.857341556755741, -0.03795666000397446, -5.0, 5.0, 5.0];157.92447870003525;6.764572099898942
[3.6115200000000067, 0.2066699999999999];True;[-5.0, 5.0, 5.0, 5.0, 5.0, -5.0, -5.0, -5.0, -5.0, 5.0];163.61401100002695;6.764572099898942
[3.494021400000005, -2.499999999999647];True;[-5.0, -5.0, -5.0, 5.0, 5.0, -0.43974690612637524, 5.0, -5.0, -5.0, 5.0];157.11021109996364;6.764572099898942
[3.3592300560000012, -2.499999999999261];True;[1.3922851947517412, -1.233064297911712, -4.969016049897685, -1.141887456623067, 0.18064570503297883, 3.7961162508502486, -1.6665194020411143, 1.9443187106987834, -4.982959735758281, -5.0];156.68204360001255;8.066387500031851
[3.693034728000005, -2.4999999999989972];True;[1.2123391931431744, -0.3683937147002334, -3.822349839825253, -3.3577347476200177, 3.9468359622479188, 1.299888199720165, 2.0817786503366777, -0.5900346423552696, 3.064435059193002, 0.3070689990132429];149.24740980006754;8.066387500031851
[3.438098568000009, -2.43914112];True;[-3.216025886931803, 2.7794899662473807, -0.39831444165326246, -3.3521650404409695, 0.8108593798935733, 2.63050515934874, -3.561183764645062, -1.6701936782219873, -0.3301177774580495, -1.721606952567034];152.83847829990555;8.066387500031851
[3.4901200080000025, -2.499999999999565];True;[-1.178778409115223, -0.282329274164999, -4.8422534481429285, -2.4878762474004548, -2.8825617567534696, 3.1489946417456434, -2.7566303091723947, 3.8618994443763857, -1.0472607269532634, 2.846446395467213];150.66081479995046;8.066387500031851
[3.7525844160000017, -2.499999999999165];True;[2.4756504473697234, 0.10092713647558593, 1.1818456559150246, -0.41700078341238367, 3.998504233720638, -1.0923689915161603, 0.153435307379314, 1.9344614303977758, 1.8344390724343587, -3.6391424938684342];152.3911767998943;8.066387500031851
[3.9609179280000046, -2.499999999999668];True;[-0.4679022828645216, -1.5359224582294964, -4.860953224156139, 4.884939366067956, 4.874825894561793, 2.7555290792290545, 5.0, 1.5418194764238553, 2.3451862342500664, 1.6383445079868908];144.53871180000715;6.445830199983902
[3.9654450720000014, -2.499999999999106];True;[1.887184428059852, 5.0, -2.774775100030164, 2.6325130126257443, 2.2744090002935717, 3.572739659764311, 2.871885340330614, -0.7991117168346191, -2.4279061365855803, 4.148499724489676];150.75847589992918;6.445830199983902
[4.088730744000014, -2.499999999998079];True;[1.3585307747251818, 1.584197946319228, 4.9237072319121555, 3.3188200752786887, 3.685103719093828, 0.7136966735080712, 0.3679405320160942, 2.4115135697321977, 2.007844192884594, 1.7217736039536948];145.65887569996994;6.445830199983902
[3.55852936800001, -2.499999999998924];True;[-4.504888966204852, -1.5405452786815772, -3.2457083245961282, 0.15599660837125828, -2.4997239736855126, 1.5859189963357778, -0.005466715674900868, -2.398850850293617, 5.0, 5.0];145.10733969998546;6.445830199983902
[3.3345522720000105, -2.48814011];True;[-1.9249502702870385, -5.0, -4.973987047162739, -3.554925760527361, 2.645182562252833, 1.2212952050565153, 3.6004361046766675, -4.364533850664773, 2.606205874170401, -3.077320291267037];151.05723369994666;6.445830199983902
[3.736869768000001, -2.1224431];True;[-0.4087313822207417, 0.4543993390547225, -3.7263673313118173, 4.421693504696428, 0.3287235092794685, 1.0440456133647702, 3.3198483643446615, 2.1456034854441857, -2.4987844343311076, 0.7228266994219563];899.8720992000308;7.981312100077048
[3.524860584000006, -2.4999999999995794];True;[5.0, -5.0, 4.930093169113528, -3.6892067035209886, -1.4937804660397913, -0.5083745633483847, -1.0235496055520725, 3.217414352529186, -5.0, -0.4445843956779951];902.7276858999394;7.981312100077048
[3.8805596640000135, -2.4999999999993383];True;[-0.9122157861759437, 1.6446893695597486, 0.997338013506015, 2.3675544291734854, 1.6311305825894715, 2.1399055369370057, 3.9428416177276002, 2.450380776556692, -0.5768472192228327, -1.2292384039109265];896.1139644999057;7.981312100077048
[3.735020808000006, -2.253595];True;[-3.440491014051532, -1.208484690175251, 3.746299241874155, -3.400244056064034, 0.15458878021881972, 2.694724859694535, 1.9244630365301818, -1.7371082758939678, 2.376573130989037, 4.607328744251383];899.0197747000493;7.981312100077048
[3.6243786960000053, -1.7635682];True;[-1.9405464165286572, -0.8788396872837803, 0.11796923712565466, 4.636254881582111, 1.4881086961477497, -1.672216428766622, -3.768741785686199, 1.4344772310069667, -1.165215664193048, 2.34404845883431];901.7693637999473;7.981312100077048
[3.7515966480000107, -2.4999999999997815];True;[-0.23343108795351863, 2.1228082619354414, -2.397281831456515, 4.095640364332295, 4.8112101715632605, -4.839912487931563, 3.52917960863579, 0.7173947788787718, -1.9749340938607407, 0.654361708669712];151.95179920003284;6.849337099934928
[3.421170216000011, -2.3735157];True;[-2.154693496511548, -0.8229499068470005, -3.3195267454337176, 0.8743319833690766, -5.0, 1.8790062519675788, -5.0, 5.0, 3.0569846629649238, -3.3256341635027598];151.81397350004409;6.849337099934928
[3.4407501840000023, -2.4999999999332645];True;[-0.21983632131027875, -4.915110792140776, 4.454247502664362, -3.242726665233974, 1.3465291050247599, 1.0747273673829651, -1.422464309028065, 2.6255486062125275, -3.4267310090875753, -4.180197456942681];151.94704719993751;6.849337099934928
[3.611610720000005, -2.2030534];True;[-4.278759469072415, -1.0656021125738073, 0.20845204372128734, -0.9215835689520304, -0.7330994289234098, 3.684095664516809, 3.0549136655201767, -0.9199294366850825, 2.344038016713573, -1.3683103907377188];148.7414429000346;6.849337099934928
[3.3571210320000047, -2.499999999997387];True;[-4.9741131821157145, -4.294302507477058, -0.3337653425609055, -3.255357502832989, -0.7421991321332886, 1.702759000271687, 3.155301582626354, 1.1003346070801845, -1.016357237618255, -3.120026643098684];148.64937370002735;6.849337099934928
[4.178758032000005, -2.4999999999991864];True;[4.252038618900114, 3.4897430896349793, 2.7032349577615076, 3.052568612942544, 1.5306490107668367, 1.4377720932128693, 0.8272233296823428, 3.028666827418908, 0.9391340653361375, 5.0];145.69187520002015;6.51416770007927
[3.097199808000009, -2.499999999998263];True;[-2.498980331094054, -5.0, -3.342388091186548, 0.5840636590439532, -5.0, 0.04541007040447376, -5.0, -4.967035216501713, 4.555895190084772, -3.1880825388651717];152.81303179997485;6.51416770007927
[3.645670248000013, -2.499999999999586];True;[-1.1476485666546115, -3.2600353523593038, 4.256339295061103, -3.1046845993314163, 1.5898298530788768, 1.0726964339944187, -1.59583532556141, 0.38237547279785655, 5.0, -1.6120023639530001];146.8594855000265;6.51416770007927
[3.7402076160000104, -2.4999999999864846];True;[2.5867451118455955, -1.9065543503445497, 0.8708855108835234, 4.173937638993227, 2.63675998819802, -1.638034111381085, 3.1298179895542315, -2.0755340025462554, 2.5056360132368463, -4.3258801331755095];152.52117119997274;6.51416770007927
[3.686003064000007, -2.4999999999982045];True;[0.22066801657613944, -5.0, 5.0, 3.2018463432801685, 1.2292304931071376, -3.3682925605389293, -3.5550310074661446, 3.465483706774176, 2.595127578689854, -0.34074946578586207];149.70983830001205;6.51416770007927
[3.415743000000013, -2.4999999999991727];True;[5.0, 5.0, -0.1746369854812544, -2.9642720990421405, -3.1438967485460934, -1.8776693494286327, -2.9296820405317856, -1.507704901572724, -3.6807926405688485, -2.7850748137636376];155.44482899992727;6.88487750000786
[3.4252923600000122, -2.4999999999978653];True;[-4.351406678313162, 0.13913001025255411, 3.4952155886610505, -3.6183366853327623, 3.1654746712210837, 2.5513747059690832, -4.689581888762123, -0.3734825685007639, -4.0659565801190665, -0.8740815905108317];155.45096059993375;6.88487750000786
[3.494981736000005, -2.499999999998699];True;[-1.3882836695415222, 1.9929571231294982, -0.3281223715528272, -3.256148523338126, 1.219200966052214, 2.156202323971713, 3.1642239029092316, -5.0, 0.41478500343707125, -4.370105759829943];155.72762220003642;6.88487750000786
[3.4694224560000015, -1.6891264000000001];True;[-3.724871568098334, -1.6361287990102218, -4.872261812525248, 1.2379137283119004, -4.697852487586436, 5.0, -3.7411040317477346, -0.7795951696528443, 2.229092087755184, 4.406243534774859];149.9727640999481;6.88487750000786
[3.7972996560000083, -2.499999999998422];True;[-0.5165390462266055, 1.693319105612896, 4.032639144411462, -3.4343971919821517, 2.8458490114458046, 1.7322302371701692, -0.006725504918755121, -2.439942629635816, 1.1949198586083067, 3.499562509477931];149.7504004999064;6.88487750000786
[3.731307768, -0.9592369999999999];True;[2.9432759391265417, 0.12558939796348234, 3.284930045933258, 0.5422520291474244, -0.7193007141926087, -1.7843039033331944, -4.887417399599458, 3.948662777835249, 5.0, -2.907964631101125];150.0245273000328;6.545877799973823
[3.6858494880000063, -2.2669943];True;[0.7866037236004289, 0.36009356410962834, 0.8975799716197645, 3.9382392123313217, 2.223127370080112, -2.3556904560951093, 3.2136053443261954, -1.3579506734563922, -0.6098517306450599, -3.654586027311849];150.8756382999709;6.545877799973823
[3.979842336000003, -2.4999999999992815];True;[3.3226379314176384, 0.02534909568984478, 0.626325904649077, 2.155506266081174, 1.4025293684830586, 3.7158478114255082, 3.810899492842598, 1.6375672690147223, 1.5790239469300102, -1.2237307097601988];146.25672180007678;6.545877799973823
[3.904936128000011, -2.4999999999994067];True;[-0.256064679815573, -4.334525687172968, 3.673460108322054, 4.601944004929278, 1.6734840885614632, 2.3957272385908723, -0.3040325337498224, 1.21547250796851, 3.1241453603251816, 1.7944907908099665];145.94346900004894;6.545877799973823
[3.6838851840000073, -2.4999999999706213];True;[-0.6856352407321529, -3.899653625433486, 4.583505410893043, 4.686807639692416, 2.659077116694296, -2.563273301086861, 2.426481884814722, 0.376530825237813, -1.6358086978157411, -2.597796422757341];149.35678710008506;6.545877799973823
[3.199001688000011, -2.4999999999974154];True;[-0.876543050713197, -2.748686464111559, 4.984276882330647, -4.616991813082141, -4.770600312341291, 2.2400634083117374, -2.558389153787915, -5.0, -5.0, -0.7512067481345772];159.35455990000628;8.08611719997134
[3.686851944000008, -2.499999999938835];True;[3.2270197978848465, -0.7586340666923688, 3.682550839345991, 0.5935704945023188, -2.0096713109168167, -1.9505227765771034, -4.928960102332271, 2.6803281398964725, 4.869303340315071, -1.9173844946702099];151.54440640006214;8.08611719997134
[3.5303729040000036, -2.4999999999962714];True;[-1.4654718873845898, 2.4896962657171127, -0.9552403455485106, 3.592448556142269, 3.8648996810212957, -0.86148915850461, -3.562535733333113, -3.574262895474187, -0.24378819636644522, -3.0410243168034468];149.66573120001704;8.08611719997134
[3.649428648000011, -2.499999999987489];True;[2.2073906439693234, -1.249691549691574, -2.423471027926667, 0.8275968719188187, 3.902255799013542, -3.790046668110399, -3.367140287967243, 4.495308313975588, -1.3451938665820649, 2.498057291253506];151.87322499998845;8.08611719997134
[3.652902792000007, -2.499999999998739];True;[-3.2563722926111427, 4.632039511064489, 0.5349722781157507, 3.0078435318652215, 4.067069095283417, -1.2743381355280814, -3.842192713950203, 0.7444081124149715, -3.944874322852624, 1.2473367766464545];153.94329049997032;8.08611719997134
[3.8626949520000062, -2.499999999999252];True;[-2.513336999978625, 3.8731556934362317, -2.8296905023614913, 2.536176674928086, 2.1859539603943734, 3.6511784694531055, 2.793969155372804, 2.905975857041094, -2.366149151004671, 1.391251064395517];149.78539829992224;7.75068439997267
[3.6445628160000076, -2.267054];True;[-1.5163358205277229, -1.4548795969520585, 4.032500536089739, -3.2155679869394436, 2.093945082276589, 1.2225240618799837, -0.5186623586418744, -1.6556469356074417, 0.9622850772597058, 1.5795775336788198];150.17570610006806;7.75068439997267
[4.007079072000014, -2.4999999999992104];True;[4.631451068134297, 2.1601390456877745, -2.7267514167267533, 2.4933726423083336, 2.3917385815613814, 3.661482895498759, 2.86738504140072, 4.583888377603579, 0.4512304021378153, -2.200988031686662];149.078385300003;7.75068439997267
[3.7747745280000133, -2.2074378];True;[-1.9685371573045902, 2.072630489189371, 4.17849135918933, -3.3768698323419812, 1.9274771220302567, 1.2849695128255822, 0.022257685504256663, -0.8355047638994497, 0.5944392807683645, 3.6587290720129033];149.570406200015;7.75068439997267
[3.7961019360000097, -1.7868727];True;[0.4906360966481884, -0.12847845867121777, 1.4778530402270107, 2.7540509118443337, 1.432435858745075, 2.7443841554119555, 1.2983465389418294, -1.346419846515122, -0.9205635718726244, 0.7432184966070041];148.87503009999637;7.75068439997267
[3.6763161120000056, -2.499998422701];True;[-3.96994171730033, 2.492958072582386, -4.995413679381203, -0.913675654500727, 5.0, 3.6043538860755238, -4.804123124407312, 4.768961988242335, -1.1542149666644046, 2.970875778458736];151.99839530000463;8.332455200026743
[3.877945416000006, -2.499999999996514];True;[4.203373684157416, -0.1399154359199013, 0.6538715791815601, -3.318195744409431, 4.616762096606845, 1.8964819271657696, 2.3488562297738973, -1.424304714560387, 4.106856148473172, -0.6092655897321269];148.2322289000731;8.332455200026743
[3.5624588400000046, -2.4999999999980984];True;[-4.754307395064624, 0.8702620056870183, 0.5349829217474547, 2.8699134701428033, 4.141245901358925, -0.5931760017113685, -3.8427915215506467, -0.866366257497579, -2.3373252291749944, 1.7061991519424886];151.3558500999352;8.332455200026743
[3.8508557760000004, -2.2436747];True;[0.4348851214455731, 2.0179544143988544, 3.9112483869092127, -3.4843837429979896, 3.4556144172774452, 2.088902136904821, 0.027101365354766038, -3.509987376169859, 2.1582552142965294, 3.9807687939717837];151.07215460005682;8.332455200026743
[3.714529104000011, -2.1194007];True;[-4.1339129158140535, 0.7273354433583537, -1.812660739132102, 4.724889904490702, -0.13162063445421168, 3.565436061520467, 4.2898623714105835, 3.5680339234693275, -1.0284145310236346, -5.0];152.21340920007788;8.332455200026743
[4.003224120000009, -2.499999999999075];True;[4.75857057977243, 2.185115311721577, -0.2848428608196425, -3.330619131027859, 1.5180576819017553, 2.10235393908758, 3.1849965994930187, 3.1555995324915322, 1.7358812083225779, 3.109338141214998];149.57616140006576;6.7503281000535935
[3.9365948160000053, -1.9009334];True;[-2.6258817712659126, -4.615955766644536, -0.43866437872050845, 2.998978092041586, 5.0, 5.0, 5.0, 5.0, 3.1479571754276776, -3.416692649951538];149.8699529999867;6.7503281000535935
[3.703318272000003, -2.4999999999976503];True;[0.5183306720990508, -1.2831659854348887, 5.0, 2.217821438310663, -4.345039542034834, -3.5194969007493837, -4.7261521368665225, 5.0, 1.4039057219411681, 3.9837037547714367];154.95182910002768;6.7503281000535935
[3.744383328000006, -2.499999999998748];True;[-3.5728187143079113, 1.9219914847324624, -4.905303020269939, -3.3613606262509954, 2.160425416971014, 2.0699605282623263, 3.4047367281922742, 3.6969008190583192, 2.022976657861216, 2.713573151368754];145.43369860004168;6.7503281000535935
[3.8385174240000013, -2.496800948];True;[3.9205866485880403, 0.6968682260898849, 5.0, -3.5594832983860942, 0.32261690731830495, -1.8228410498393761, 5.0, 1.8243717866326135, 0.2965877831644068, -1.16954763221873];151.57087439997122;6.7503281000535935
[3.2588816400000025, -2.499999999997431];True;[-4.48120912486378, 2.692245135870679, -2.0457758577396086, -5.0, -3.6430368898859555, -1.219527382509034, 0.8982675273613827, -0.15041683343897638, -3.41245639704261, 0.0360461286281355];147.0956038000295;7.592431399971247
[3.6974767680000022, -2.499999999999432];True;[-4.401208050586421, 4.974422767217224, 0.3683195878859564, -3.628499019786412, -2.8499952966461266, -2.160389778336422, 4.732557317918856, 3.4186069836944206, 2.6096262812140134, 0.9159966160624355];146.78403510001954;7.592431399971247
[3.2918037120000103, -1.357773];True;[-0.5493498718150027, -1.2661369926297477, -4.923354325031498, -1.1815478082507802, -1.1864031815826204, 3.5634899005630807, -1.56115132828968, 2.2205701564375087, -4.933183709481882, -4.984586431500659];154.3011206999654;7.592431399971247
[3.4424118720000063, -1.9347492];True;[-0.9079023841093985, -1.8915502588795308, 0.3726795250638908, -3.6486542765943457, -2.9139369899798577, -2.827262632418985, 4.703026341914375, 3.473932352325228, 0.8105942832170143, -5.0];151.55769419996068;7.592431399971247
[3.8516314320000133, -2.4999999999325655];True;[-0.31978836841664116, -1.6210592545029483, 1.8265237843046034, 3.2822686090841593, 3.127685034383674, -1.1977245134335828, 4.342619994662474, 1.5310184253595036, 1.7080649281936422, -1.5633363738335069];149.8506060000509;7.592431399971247
[3.4252673040000015, -2.499999999999112];True;[5.0, -5.0, -3.2877957229648525, -4.391154366233545, -0.8593682001910228, -3.5835965117426722, -1.5008765649967293, 5.0, -5.0, 5.0];153.79851450002752;6.0933579000411555
[3.762240048000007, -2.3188543];True;[-5.0, 5.0, 0.543335409464345, -2.04286059258332, 5.0, -2.3404988014898227, 1.0809512778439423, 5.0, 1.8572815589481673, -2.120431127581443];150.4145348999882;6.0933579000411555
[3.664036512000007, -2.492738247];True;[5.0, -5.0, 2.03333353215203, -0.8170276144769746, -0.1270011634804229, -3.9118996842168747, 3.631125835880871, -5.0, 1.6227926350330533, 5.0];153.41584760008845;6.0933579000411555
[3.7249340400000026, -2.3460001];True;[-5.0, 5.0, 5.0, -0.2843786716424388, -5.0, 2.5258240793505307, -1.9908148656471099, -5.0, 5.0, 5.0];152.49970050004777;6.0933579000411555
[2.7953197200000086, -2.42245601];True;[-4.795775050070634, -5.0, -4.566849732823635, -3.8511095893343423, 4.918822323423425, -5.0, -4.492146793441269, -5.0, -5.0, -5.0];166.11845879990142;6.0933579000411555
[3.213168048000009, -2.499999999999062];True;[-5.0, -5.0, -4.802691726193789, -4.763157235280559, -5.0, -3.5847367670102788, -1.6908278496607072, 5.0, 1.3991905464638377, 5.0];151.14053330000024;7.223205300047994
[3.7385193600000117, -2.490991398];True;[5.0, 5.0, 2.950975816195931, -3.5394110166909107, -5.0, -3.979431941631254, 0.44747927033778634, 5.0, -5.0, 5.0];153.27110080001876;7.223205300047994
[3.59636695200001, -2.4999999999946043];True;[-5.0, 5.0, -4.5402265322938336, -4.6492935373763125, 5.0, -4.4546579919734315, 2.9426342358881694, 5.0, 5.0, -5.0];155.6157261999324;7.223205300047994
[3.423602808000012, -2.49999999999634];True;[-5.0, 5.0, 3.7007742053844535, -2.4139197081271058, -5.0, 5.0, -4.986721753120471, -5.0, -5.0, 5.0];160.54320740001276;7.223205300047994
[3.2041111680000123, -1.49483];True;[-5.0, 5.0, -3.549066965450451, 1.1934489236567112, 5.0, -5.0, -5.0, -5.0, -1.5059058373652534, -5.0];164.7367558000842;7.223205300047994
[3.510368280000009, -2.499999999997125];True;[-4.771313954615566, -5.0, 0.09560881685528155, 0.8546564586633121, 0.8394979850863518, -5.0, -0.056970757774683634, 5.0, 5.0, -1.6444017397539272];150.06877220002934;7.700696200015955
[3.459336336000013, -2.491904267];True;[2.6498993029121003, 2.0703126923392565, -4.778000921725876, -4.206692523472515, 5.0, 1.451759429312041, -2.044898820261334, -5.0, 2.812094178901223, -5.0];157.694822999998;7.700696200015955
[3.6429436800000103, -2.3584188];True;[-5.0, 0.2466212363139597, 3.9409174755695044, 0.6774227434387718, 5.0, -0.6305265607003676, -4.466795867212895, -0.7392284574810555, 3.706042647245848, -1.2796880228931489];153.14923630002886;7.700696200015955
[3.580593120000003, -1.796413];True;[-1.3977526392191155, -5.0, -4.92611138521851, -4.583007857062453, -1.8814441551931145, -1.7390876892320355, 3.0955972180095834, 5.0, 5.0, 5.0];148.1027802999597;7.700696200015955
[3.8282842080000075, -2.4999999999972333];True;[-2.9465361819992446, -5.0, 0.8513141391845469, 3.132241360571392, 5.0, 5.0, 2.5680086504375943, 4.282324924142586, 2.1480091895893842, -5.0];151.91947900003288;7.700696200015955
[3.6610764480000113, -2.4999999999989786];True;[-5.0, -5.0, 5.0, -1.2234532944625256, 5.0, -5.0, -0.08846465837917883, 5.0, 5.0, -1.393816119777711];150.52634290000424;6.459462399943732
[3.392437464000003, -2.0440365];True;[-5.0, -5.0, -4.535820515942742, 5.0, 5.0, -5.0, -5.0, 5.0, 4.393124961826572, -5.0];153.58247839997057;6.459462399943732
[4.086314784000011, -2.3114182];True;[5.0, 5.0, 5.0, -3.018759982855855, 5.0, 5.0, 5.0, -5.0, 5.0, -5.0];154.53635790001135;6.459462399943732
[4.131849960000003, -2.4999999999988702];True;[5.0, -5.0, -5.0, -0.5945592254505181, 5.0, 5.0, 4.683910795429698, 5.0, 5.0, 5.0];138.44686619995628;6.459462399943732
[3.379324104000006, -2.40904776];True;[-5.0, 5.0, 1.994938556900344, -2.7447624785665354, -5.0, 5.0, -5.0, -5.0, 5.0, -5.0];157.11769909993745;6.459462399943732
[3.972327912000001, -2.3743063];True;[5.0, -5.0, 5.0, 5.0, -5.0, 5.0, 1.7040741296976094, 5.0, 5.0, -5.0];150.72101320000365;8.609280799981207
[3.1778907120000035, -2.492203285];True;[-5.0, -5.0, -5.0, 1.224216665795847, 5.0, -5.0, 2.4706406760658703, -5.0, 1.229725217594515, -5.0];165.17893729999196;8.609280799981207
[3.396784464000005, -1.8909300999999998];True;[-5.0, -5.0, 5.0, 1.4121360011913096, -5.0, 5.0, -4.763026852294511, -5.0, -1.590573982801629, 5.0];155.7050704000285;8.609280799981207
[3.733705584000005, -2.490190898];True;[5.0, -5.0, 4.335999867621824, 0.8712355572225983, 5.0, -5.0, 5.0, -5.0, 5.0, -4.55048624195552];159.3523551999824;8.609280799981207
[2.783718144000011, -2.0612015];True;[-5.0, -5.0, -5.0, -5.0, -5.0, -5.0, 0.5448237516245102, 1.1310015554534036, -5.0, -5.0];153.76712790003512;8.609280799981207
[3.7312554960000077, -2.4999999998483258];True;[5.0, -5.0, 1.273379789032635, -2.193097976288849, 5.0, -5.0, 1.4630211465819754, -5.0, 5.0, 5.0];154.88080909999553;6.347496900008991
[3.8319901200000035, -1.6695394000000001];True;[5.0, 5.0, 5.0, 2.4709843505065443, 5.0, -5.0, -2.264024714536541, -5.0, 5.0, -5.0];158.3455501999706;6.347496900008991
[3.613507416, -1.7058276];True;[-5.0, -5.0, 5.0, 2.01759400506504, 5.0, 5.0, -1.925579464931232, -5.0, 5.0, -5.0];154.5708011999959;6.347496900008991
[3.586581504000014, -2.499999999998813];True;[-5.0, -5.0, -5.0, 0.7109566954414088, 5.0, -0.09125968095479653, 4.174502462194461, -5.0, 4.0512548471205285, 5.0];147.8196221999824;6.347496900008991
[3.486412152000004, -2.4999999999992113];True;[-5.0, -5.0, 5.0, 1.2601617241447363, -5.0, -5.0, -1.5167145884722726, 5.0, -0.5354632942748427, 5.0];146.20483119995333;6.347496900008991
[3.6814227840000076, -2.1423362];True;[5.0, -5.0, -1.7637417137628102, -5.0, 5.0, 5.0, -5.0, -5.0, 5.0, 5.0];150.51615959999617;7.279455799958669
[3.1133406240000108, -1.335791];True;[-5.0, -5.0, -0.9029852193283103, 0.30121180816175297, -5.0, -5.0, 5.0, -5.0, 2.537909313584735, -5.0];156.0198236000724;7.279455799958669
[3.1448040480000077, -2.498430744];True;[-5.0, -5.0, -5.0, 3.3927872082319883, -5.0, -5.0, -5.0, 5.0, -5.0, 5.0];156.7533085999312;7.279455799958669
[3.798053064000009, -2.49998946134];True;[-5.0, 5.0, 5.0, -3.4580943116655383, 5.0, -5.0, 2.093884963450199, 5.0, -5.0, 5.0];150.77543929999229;7.279455799958669
[3.808527768000003, -1.962412];True;[-5.0, 5.0, 5.0, -1.6423934119579737, 5.0, 5.0, -5.0, 5.0, 0.7631268723958273, -5.0];155.74784960004035;7.279455799958669
[3.962094696000007, -2.2071870000000002];True;[5.0, -5.0, 3.6674585045392156, 0.01307114514879526, 2.5803368242387412, 4.335160373384369, 4.260259420689355, 0.6804324266192641, -4.3064106820142305, 5.0];149.33118719991762;7.99080759997014
[3.2493744000000047, -2.494373512];True;[5.0, -3.7563102695978214, -3.0236158237716912, -3.186612175954393, -2.212919315060215, -3.543914931605937, -1.0426328127514974, -5.0, -5.0, 5.0];152.27996600000188;7.99080759997014
[3.705092712000008, -2.499999999998506];True;[-2.74265983120113, 5.0, -2.3805993124064444, 3.91272128482891, 5.0, 1.4073809944514917, 3.4509858228395522, -5.0, -2.327255376633974, -1.9885394649060912];150.97882960003335;7.99080759997014
[3.666481200000002, -1.9044166];True;[5.0, -4.484208859422433, 4.930571624603367, 1.4872630103911355, -3.8207274533067173, -2.076575865995332, 0.20574810904094054, 0.9114254779015205, 0.3227777238065457, 0.06821428173432231];149.71214970003348;7.99080759997014
[3.9389319360000066, -2.499999999998203];True;[5.0, 1.7478450579515066, 5.0, 3.840272933938479, 1.6987033890714187, 1.1888098769130204, 3.5259228106652554, -5.0, -2.5439900804511364, 0.7003908651962902];153.05858200008515;7.99080759997014
[3.2639077440000106, -2.499999999855869];True;[5.0, -5.0, -5.0, -2.7089670518451165, 5.0, 0.5944361751666696, -5.0, -5.0, 1.0213657817961046, -5.0];147.93428229994606;7.8044591000070795
[3.782965032000013, -2.46205704];True;[-5.0, -5.0, -0.5093444151384316, -1.5533712813107958, 5.0, 5.0, 5.0, -5.0, 5.0, 5.0];144.21183770010248;7.8044591000070795
[3.8533708800000124, -2.0663833];True;[-5.0, 5.0, 5.0, -2.1166074625497533, 5.0, -5.0, 3.313402245399711, 5.0, 5.0, -5.0];145.19091010000557;7.8044591000070795
[4.30573384800001, -2.499999999999555];True;[5.0, 5.0, -5.0, 0.14597762884068644, 5.0, 5.0, 1.9935665551256108, 5.0, 5.0, 5.0];138.17817440000363;7.8044591000070795
[3.7801296000000013, -1.9951756999999999];True;[5.0, -5.0, 5.0, 2.8059897077463214, -5.0, -5.0, 5.0, 5.0, -5.0, 5.0];145.2278931000037;7.8044591000070795
[3.982877352000008, -2.499999999998058];True;[-5.0, -5.0, 5.0, 2.19246902524584, -5.0, 5.0, 5.0, 5.0, 5.0, 5.0];127.90025880001485;4.726817999966443
[3.712866768000006, -2.499999999999112];True;[5.0, -5.0, -5.0, 1.8353997220371472, 5.0, -5.0, 1.4537117335768421, 5.0, -3.597131948831543, 5.0];135.85658989998046;4.726817999966443
[3.9985392960000117, -2.4999999999803304];True;[5.0, 5.0, 5.0, 0.3604309536678585, 5.0, -2.4428610362692362, -5.0, 5.0, -5.0, 5.0];136.19307999999728;4.726817999966443
[3.348787104000009, -2.2473585];True;[5.0, -5.0, -0.009557602571014456, -2.1540051108900022, -5.0, 5.0, -5.0, -5.0, -5.0, 5.0];134.71876439999323;4.726817999966443
[3.6883749600000044, -1.7909739999999998];True;[-5.0, 5.0, -5.0, -1.4418972450453293, 5.0, 5.0, 5.0, -5.0, 5.0, -5.0];136.4395878999494;4.726817999966443
[3.1619585520000077, -2.4999999999989955];True;[-5.0, -5.0, -0.7651432997146914, -3.0393701026815663, -5.0, -2.0085110596340727, -5.0, -5.0, 5.0, 5.0];134.99112630006857;3.4687828000169247
[3.5592512400000054, -2.4995926768];True;[-5.0, 5.0, 5.0, -1.895132364974641, -5.0, -5.0, -0.5247242307039075, 5.0, -5.0, 5.0];133.3434486000333;3.4687828000169247
[4.108990464000012, -2.499999999998144];True;[5.0, 5.0, -5.0, 1.3614547966084176, 5.0, -2.5027314779244385, 2.6930218014055036, 5.0, 1.4792801479230597, 5.0];131.40153220004868;3.4687828000169247
[3.815230248000012, -2.4999999999980003];True;[-5.0, 5.0, 5.0, -0.4355321020913916, 5.0, -5.0, -0.13343724349283104, -5.0, 5.0, 5.0];135.86928530002479;3.4687828000169247
[3.7733705280000027, -2.2572906];True;[5.0, 5.0, 2.493093095789016, -5.0, -5.0, 5.0, -5.0, -5.0, 5.0, 5.0];133.01721479999833;3.4687828000169247
[4.243364712, -2.499999999998775];True;[5.0, -5.0, 5.0, 5.0, 5.0, 5.0, 1.0343874461101663, 5.0, -1.7823015427681543, 5.0];130.4351289999904;4.220077200094238
[3.5626301280000106, -2.0412938];True;[5.0, 5.0, 5.0, -3.461467346357132, 5.0, -5.0, 1.198030245215067, -5.0, -5.0, -5.0];151.68302660004701;4.220077200094238
[3.5735474160000087, -2.4999999998591327];True;[5.0, 5.0, -1.2819817419381825, -3.605100256122032, -5.0, -5.0, -1.870889744123811, -5.0, 5.0, 5.0];139.226781400037;4.220077200094238
[3.427349760000004, -1.7558319];True;[5.0, -5.0, -5.0, -3.526401935680603, 5.0, 5.0, -5.0, -5.0, 5.0, -5.0];139.6668301000027;4.220077200094238
[3.970831032000008, -2.499999999998777];True;[5.0, 5.0, -5.0, -5.0, 5.0, 5.0, 1.634774216969217, 5.0, -5.0, 5.0];137.96838790003676;4.220077200094238
[3.443694048000004, -2.499999999998032];True;[5.0, -5.0, -5.0, -5.0, -5.0, 5.0, 0.23852289112793823, 5.0, 1.9917438489394357, -5.0];131.5637711000163;4.4932642000494525
[3.7434512880000077, -2.499999999992303];True;[5.0, -5.0, -5.0, -1.3077886998597386, 5.0, 0.40052128536411846, 2.015193315969592, -5.0, 5.0, 5.0];130.01777619996574;4.4932642000494525
[3.7107959760000058, -2.3553508];True;[-5.0, -5.0, -0.4038951171717189, 5.0, 5.0, 5.0, -5.0, -5.0, 5.0, 5.0];133.214434399968;4.4932642000494525
[3.6223634160000016, -2.4999999999967955];True;[-5.0, -5.0, 1.0282204777987927, -5.0, 5.0, 5.0, -0.5261978396151621, 5.0, -5.0, 5.0];131.2031312000472;4.4932642000494525
[3.539414232000007, -2.48468054];True;[-5.0, 5.0, -5.0, 3.27260836080592, -5.0, -0.5075806803533114, -5.0, 5.0, -1.1032586639099629, 5.0];134.20074440003373;4.4932642000494525
[3.276771624000002, -2.4999999999954814];True;[5.0, 5.0, -5.0, -5.0, -5.0, -5.0, -0.4976044223764724, -5.0, 5.0, -5.0];138.89202210004441;4.304262400022708
[3.5123088240000127, -2.4999999999978826];True;[5.0, 5.0, 0.47057529933837916, -5.0, -5.0, 0.6878172429293086, -0.7515056036394316, -5.0, -5.0, 5.0];132.85167130001355;4.304262400022708
[3.3494973120000022, -2.499999999999382];True;[-5.0, -5.0, -5.0, 1.4744508573507158, -5.0, -5.0, 1.5666384985735702, 5.0, -0.17177038691740965, 5.0];133.23084319999907;4.304262400022708
[3.5395120800000015, -2.499999999999312];True;[5.0, 5.0, -5.0, -2.9416549201546243, -5.0, -5.0, -5.0, 5.0, -0.39203945340996427, 5.0];135.50623539998196;4.304262400022708
[3.9740062320000047, -2.3432039];True;[5.0, 5.0, -0.8681064358648953, 1.7502684459101943, 5.0, 0.8996180197859127, -5.0, 5.0, -5.0, 5.0];135.06107219995465;4.304262400022708
[4.100751360000002, -2.4999999999991656];True;[5.0, 5.0, 0.2311492780455282, 5.0, -5.0, 5.0, 2.4184516681113024, -5.0, 5.0, 5.0];137.01921159995254;5.3196427000220865
[3.425393232000001, -2.4999999999800178];True;[-5.0, 0.7582577897609024, 5.0, -1.9523474623466996, -5.0, -5.0, -2.422882753234771, -5.0, 5.0, 5.0];146.50753380008973;5.3196427000220865
[3.9807130320000104, -2.499999999999361];True;[5.0, -5.0, -0.38970156722076954, 2.6759622684424063, 5.0, 1.7852838069564214, -5.0, 5.0, 3.0207474318742413, 5.0];139.4699457999086;5.3196427000220865
[3.536423496000002, -2.3364145];True;[-5.0, 5.0, -5.0, -3.5237066750567494, 5.0, -5.0, 0.04701010519549076, -5.0, 5.0, 5.0];139.87350099999458;5.3196427000220865
[3.816608976000002, -2.499999999999454];True;[5.0, -5.0, -5.0, -0.5499036186618893, 5.0, 5.0, 0.04477243665633157, 5.0, 5.0, -5.0];137.78092330007348;5.3196427000220865
[3.623440176000012, -2.49999999999926];True;[-5.0, -5.0, 1.8963597325367196, -2.5460611461022404, 5.0, -5.0, 1.8035421886829175, 5.0, -0.6019789925294976, 5.0];142.44487439992372;6.207190199987963
[4.151083032000013, -2.49999999999895];True;[-5.0, -5.0, 5.0, -0.020228789375405398, 5.0, 5.0, 5.0, 5.0, 5.0, 5.0];137.35083689994644;6.207190199987963
[3.7443738240000024, -1.9921411];True;[5.0, 5.0, -5.0, -0.40933419706548246, -5.0, -0.28020533042036977, 1.8401670048491798, 5.0, 5.0, -5.0];142.46419870003592;6.207190199987963
[3.341378952000013, -2.48401858];True;[-5.0, -5.0, -0.49985778351098453, -2.0066612630014067, 5.0, 5.0, -5.0, 5.0, -5.0, -5.0];144.4637413000455;6.207190199987963
[3.798281160000014, -2.4999999999984324];True;[-5.0, -5.0, 1.012629016754615, 5.0, -5.0, 5.0, 1.9917541407789923, 5.0, 0.6419484253701828, 5.0];141.24809670005925;6.207190199987963
[3.2041163520000056, -2.4999999999963913];True;[-5.0, 5.0, -2.2701838212050203, -5.0, -5.0, -5.0, -1.4515533639349205, -5.0, -0.13953978312826987, 5.0];148.63813740003388;5.21083389990963
[3.438301824000012, -2.2892035];True;[5.0, 5.0, -5.0, 5.0, -5.0, -3.019349861594646, -5.0, -5.0, -5.0, 5.0];155.909876300022;5.21083389990963
[3.800697984000012, -2.45358615];True;[5.0, -5.0, -5.0, 0.773753518805032, -5.0, 5.0, 2.370390665840704, 5.0, 0.6140968168587442, 5.0];142.16804260003846;5.21083389990963
[3.2811181920000125, -1.180075];True;[-5.0, -5.0, -5.0, -5.0, 5.0, 1.062365931080964, 0.6395531529796772, -5.0, -1.9983151050308452, 5.0];145.52340500010177;5.21083389990963
[4.091990400000009, -2.499999999999495];True;[5.0, -5.0, 5.0, -2.755997495170282, -5.0, 5.0, 5.0, 5.0, 5.0, 5.0];141.163623200031;5.21083389990963
[3.562389720000003, -1.9474325000000001];True;[-5.0, -5.0, 5.0, 0.8270179879721349, 5.0, -5.0, -3.101565688516174, 5.0, -5.0, 5.0];143.32223990000784;9.597280699992552
[4.067076096000003, -2.499999999999778];True;[-5.0, 5.0, -5.0, 3.0036569692216926, 0.6261843087847172, 5.0, 3.240028052151267, 4.220703361779162, 5.0, 5.0];134.06240499997512;9.597280699992552
[4.3229231280000056, -2.1169928000000002];True;[5.0, 5.0, 5.0, 2.0262837261165405, 5.0, 0.9090579375284982, 5.0, 5.0, 5.0, -5.0];140.51670630008448;9.597280699992552
[3.4019725680000112, -2.499999999998284];True;[-0.8102855296759781, -5.0, 5.0, -5.0, -5.0, -4.918608497343953, 1.0276209198362913, 5.0, -5.0, 5.0];141.41656160005368;9.597280699992552
[2.766042648000011, -2.499999999902545];True;[-4.142472006891439, -5.0, -5.0, -5.0, -5.0, -5.0, -5.0, -5.0, 5.0, -5.0];145.5179427000694;9.597280699992552
