objectives;is_valid;is_feasible;variables;constraints;evaluation_time
[nan, nan, nan];False;False;[1.0, 10.73082567096501, 1.4883326227971652, 1.0, 2.0, 37.57831458546831, 0.7291991233979794, 0.5650489014925744, 16556.24078782057, 2348.4068448914168, 7268.573281952238, 1.0, 3.357597239545461, 1.0, 0.026786288927503333, 0.07312459610603989, 0.3333333333333333, 0.3333333333333333, 0.022354100656348897, 0.25111329167278496, 0.6620111442500799, 0.03951270793610654, 0.3333333333333333, 0.3333333333333333, 0.045922004208543234, 0.05938075873967308, 0.7712617707299688, 0.013436664311217606, 0.20613144074399425, 0.10335824689347328, 0.07735819505066616, 0.3047875530548452, 0.0, 1.0, 0.0, 0.0, 0.030000000000000002, 0.255, 0.0, 1.0, 0.0];[nan, nan, nan, nan, nan, nan, nan, nan, nan, nan, nan, nan, nan, nan, nan];70.28422749997117
[24.620215164883014, 1849.790678075337, 117.12556730440804];True;False;[0.0, 7.25, 1.4500000000000002, 0.0, 1.0, 50.02569534066679, 0.47546335467127676, 0.5, 2476.534643156833, 18222.083964392146, 10500.0, 0.0, 3.0, 1.0, 0.01009155466260105, 0.04776525221846271, 0.1413618010820572, 0.0, 0.014281549713554866, 0.08327973738619909, 0.0, 0.05, 0.5, 0.5, 0.045908864371927254, 0.15195732656765437, 0.0, 0.0524955582173272, 0.32896626022656617, 0.0, 0.05, 0.5, 0.5, 0.0, 0.0, 0.0, 0.030000000000000002, 0.255, 0.0, 0.0, 0.0];[1.7270867773804293, -1.3294568711832835, 49.609739671046995, 0.6030319906629851, -0.42453664532872326, -7.571075253973414, -8.26609205895868, -14.0, -0.8586381989179428, -0.9167202626138009, 0.0, -0.8480426734323456, -0.6710337397734338, 0.0, 0.0015154014689409134];39.58186450006906
[nan, nan, nan];False;False;[1.0, 11.838483586991984, 1.6824476314730852, 0.0, 1.0, 57.762029686259616, 0.7801204227763604, 0.5, 14611.407646553112, 15110.617802382143, 10500.0, 1.0, 2.5264201889691895, 1.0, 0.02934596258934813, 0.08593704464390858, 0.5164485520233, 0.0, 0.09896947606030732, 0.7355232539206858, 0.0, 0.05, 0.5, 0.5, 0.07644435580442843, 0.7326549990749489, 0.0, 0.0814785808338534, 0.7090135940919549, 0.0, 0.05, 0.5, 0.5, 1.0, 1.0, 1.0, 0.03656251873840177, 0.07175396891494691, 7.0, 1.0, 1.0];[nan, nan, nan, nan, nan, nan, nan, nan, nan, nan, nan, nan, nan, nan, nan];66.67800259997603
[nan, nan, nan];False;False;[1.0, 11.217465544371642, 1.2841311152347146, 1.0, 2.0, 37.29406524023777, 0.6572612154622202, 0.2728257304225189, 15771.61987505923, 1597.0456793805968, 8984.534198911662, 1.0, 4.574064967483123, 1.0, 0.007892977569169762, 0.0538387426059669, 0.07005545050494733, 0.8460049052470711, 0.020394622156852393, 0.5851171020612358, 0.16380709931349458, 0.09288983008708201, 0.3333333333333333, 0.3333333333333333, 0.051026350104788835, 0.3333333333333333, 0.3333333333333333, 0.0431733882944138, 0.011234389118337629, 0.4957614520403616, 0.07484087462995187, 0.3333333333333333, 0.3333333333333333, 0.0, 0.0, 0.0, 0.030000000000000002, 0.255, 0.0, 0.0, 0.0];[nan, nan, nan, nan, nan, nan, nan, nan, nan, nan, nan, nan, nan, nan, nan];150.0966749000363
[20.17841118056831, 1890.2115223353355, 115.7838655480133];True;False;[0.0, 7.25, 1.4500000000000002, 0.0, 1.0, 57.51596898096211, 0.13383885888551808, 0.5, 18781.70112615261, 2623.8172931416975, 10500.0, 0.0, 3.0, 0.0, 0.025, 0.017781358341519105, 0.7959597551839619, 0.0, 0.06166998115292197, 0.48984830448058037, 0.0, 0.05, 0.5, 0.5, 0.07452087351588098, 0.15068616249550215, 0.0, 0.013023447227719365, 0.86750324392601, 0.0, 0.05, 0.5, 0.5, 0.0, 0.0, 0.0, 0.030000000000000002, 0.255, 0.0, 1.0, 1.0];[1.2970029074208371, -1.3308287093072013, 107.03330480039982, 0.6921180259381239, -0.766161141114482, 4.2931195665433215, -12.018835197564318, -14.0, -0.2040402448160381, -0.5101516955194196, 0.0, -0.8493138375044978, -0.13249675607399003, 0.0, -0.010251641312147397];10.745991399977356
[nan, nan, nan];False;False;[0.0, 7.25, 1.4500000000000002, 0.0, 2.0, 51.57139146043151, 0.31122162861572966, 0.2912733539853772, 4258.370106583803, 1153.1215896880801, 17427.78021071563, 0.0, 3.0, 1.0, 0.04989101737631479, 0.020936183837083535, 0.3333333333333333, 0.3333333333333333, 0.07160940139730504, 0.6710033828202789, 0.27492516919951415, 0.02231215785442131, 0.09557967148394453, 0.6035934049783597, 0.07637354798048251, 0.1711589455171625, 0.581451984215104, 0.006018263250463962, 0.4662997390179764, 0.02860891794221132, 0.07113529577880655, 0.43233534866285284, 0.4135518322413779, 0.0, 0.0, 0.0, 0.030000000000000002, 0.255, 0.0, 0.0, 2.0];[nan, nan, nan, nan, nan, nan, nan, nan, nan, nan, nan, nan, nan, nan, nan];95.68552599998657
[nan, nan, nan];False;False;[0.0, 7.25, 1.4500000000000002, 0.0, 2.0, 18.876099776061114, 0.5950194860488128, 0.7675737525788237, 15996.60994911946, 17793.863985710745, 7319.400815968296, 0.0, 3.0, 1.0, 0.04932356598255734, 0.03587017528766694, 0.3333333333333333, 0.3333333333333333, 0.055590987524923086, 0.3333333333333333, 0.3333333333333333, 0.05184295457219166, 0.3333333333333333, 0.3333333333333333, 0.022904691241172306, 0.3333333333333333, 0.3333333333333333, 0.09702391450995172, 0.6942472160402917, 0.2676240790738982, 0.07651754191342591, 0.3333333333333333, 0.3333333333333333, 0.0, 0.0, 0.0, 0.030000000000000002, 0.255, 0.0, 0.0, 1.0];[nan, nan, nan, nan, nan, nan, nan, nan, nan, nan, nan, nan, nan, nan, nan];111.48483789991587
[26.82750904448041, 1499.8922563006945, 116.79379508011267];True;False;[0.0, 7.25, 1.4500000000000002, 0.0, 1.0, 9.813743113925389, 0.7840569589324489, 0.5, 16038.938196056248, 7281.614158124019, 10500.0, 0.0, 3.0, 1.0, 0.003401604682439341, 0.09105247613128223, 0.959768160676385, 0.0, 0.07703642852693522, 0.4538852859944634, 0.0, 0.05, 0.5, 0.5, 0.008599680776814445, 0.02659103299287413, 0.0, 0.037931069715100234, 0.36700417461499113, 0.0, 0.05, 0.5, 0.5, 0.0, 0.0, 0.0, 0.030000000000000002, 0.255, 0.0, 1.0, 1.0];[1.9263660989234523, -1.2849566897672262, 283.70726066706914, 0.453596305502765, -0.11594304106755116, -13.355957112968968, -9.030725602512732, -14.0, -0.04023183932361496, -0.5461147140055366, 0.0, -0.9734089670071259, -0.6329958253850089, 0.0, -0.014036412325930614];17.882740700035356
[nan, nan, nan];False;False;[1.0, 5.636012247504343, 1.6696532909069894, 1.0, 2.0, 31.814203815933602, 0.36822936074180423, 0.3652687793898063, 2627.038939922788, 17231.036243606344, 17627.379936532383, 1.0, 4.37757035628011, 0.0, 0.025, 0.05573306206126243, 0.3385575138061542, 0.3146694767310616, 0.0008404321261590852, 0.3333333333333333, 0.3333333333333333, 0.028215114503524298, 0.3757193021042592, 0.23622662034155872, 0.06047984846241669, 0.3333333333333333, 0.3333333333333333, 0.03298316323452071, 0.3333333333333333, 0.3333333333333333, 0.08771590762097373, 0.09835007810561491, 0.2920840993102979, 1.0, 1.0, 2.0, 0.016154292628005527, 0.16017363480194735, 34.0, 2.0, 1.0];[nan, nan, nan, nan, nan, nan, nan, nan, nan, nan, nan, nan, nan, nan, nan];83.49583589995746
[42.156808328847724, 1107.7954029438863, 121.88446385216562];True;False;[0.0, 7.25, 1.4500000000000002, 0.0, 2.0, 7.508455231166902, 0.795575504544557, 0.5182187445498737, 12460.39841459104, 4991.562352007217, 13872.587729362132, 0.0, 3.0, 1.0, 0.041800835737686184, 0.06426791854340623, 0.3333333333333333, 0.3333333333333333, 0.08147166881316892, 0.3333333333333333, 0.3333333333333333, 0.010273577925965983, 0.3333333333333333, 0.3333333333333333, 0.09032187987084582, 0.9297995231215672, 0.021318062522955095, 0.07504460092334858, 0.2666756755901495, 0.3716087284871298, 0.07321829349224773, 0.3333333333333333, 0.3333333333333333, 0.0, 0.0, 0.0, 0.030000000000000002, 0.255, 0.0, 1.0, 2.0];[1.5328913723424336, -1.4623858522905393, 176.67419997533375, 0.5193791930014031, -0.10442449545544297, -13.04183087542275, -13.04183087542275, -13.04183087542275, -0.33333333333333337, -0.33333333333333337, -0.33333333333333337, -0.04888241435547769, -0.36171559592272073, -0.33333333333333337, 0.06942479246398536];77.6714216999244
[17.843260157182264, 2680.22319441098, 108.80196542690895];True;False;[1.0, 4.708984483744546, 1.6824817293205143, 0.0, 2.0, 51.908629411013045, 0.36401787831259447, 0.6375685533761386, 10377.588877671142, 17199.122427060593, 4097.283067439323, 1.0, 2.584905418871194, 1.0, 0.037130265334453724, 0.004994420428908708, 0.0923644775539626, 0.7236611356884015, 0.022996767967163146, 0.31071207337549145, 0.1468708645359812, 0.024610425581833174, 0.0724477416247492, 0.4256910761836423, 0.052891828685329934, 0.16404021246141587, 0.28652830551984587, 0.05649710867528347, 0.2674378121908856, 0.6529739067522414, 0.008189987065070103, 0.5333015795778829, 0.0, 0.0, 1.0, 1.0, 0.02215043709793576, 0.14481573838533346, 0.0, 0.0, 0.0];[0.5103533565206169, -0.49277519322048535, 174.9219973749138, 0.0, -0.5359821216874056, -11.863612350120011, -11.863612350120013, -11.863612350120013, -0.1839743867576359, -0.5424170620885274, -0.5018611821916085, -0.5494314820187383, -0.07958828105687299, -0.46669842042211707, -0.3008214864087676];27.525495699956082
[nan, nan, nan];False;False;[1.0, 7.642088085402094, 1.196285344557869, 0.0, 1.0, 58.431024511048484, 0.7341077855602401, 0.5, 1876.5025609008676, 8765.43412477001, 10500.0, 0.0, 3.0, 0.0, 0.025, 0.01368839089883296, 0.8438228404574319, 0.0, 0.010302630845191452, 0.6857650992336755, 0.0, 0.05, 0.5, 0.5, 0.033100371260196375, 0.12496369590314893, 0.0, 0.044537793726945434, 0.4866647116651439, 0.0, 0.05, 0.5, 0.5, 1.0, 1.0, 0.0, 0.01824704542774192, 0.11571332123118835, 85.0, 1.0, 1.0];[nan, nan, nan, nan, nan, nan, nan, nan, nan, nan, nan, nan, nan, nan, nan];104.75569270004053
[nan, nan, nan];False;False;[1.0, 2.877206462241391, 1.2799394433821105, 1.0, 2.0, 39.61465768868184, 0.4239249206448781, 0.2507985425137965, 4708.967161134646, 17826.78607175478, 13252.534141828657, 1.0, 2.1484961405856065, 1.0, 0.001245284061911267, 0.09944465036640779, 0.7432753941384247, 0.11852604908380537, 0.09666503957358469, 0.09422761139096059, 0.022640336305320585, 0.07199217350946281, 0.3333333333333333, 0.3333333333333333, 0.037283212871116356, 0.3333333333333333, 0.3333333333333333, 0.06678894672107333, 0.14831067344397142, 0.49882861092961006, 0.07313805512382864, 0.0627115020143294, 0.051395870916052466, 0.0, 1.0, 2.0, 0.04877931713444059, 0.4084271134253545, 101.0, 1.0, 1.0];[nan, nan, nan, nan, nan, nan, nan, nan, nan, nan, nan, nan, nan, nan, nan];39.143634199979715
[nan, nan, nan];False;False;[0.0, 7.25, 1.4500000000000002, 0.0, 1.0, 7.497917195504076, 0.8761661155449777, 0.5, 4039.8736054379306, 2369.0030520134897, 10500.0, 0.0, 3.0, 0.0, 0.025, 0.06739632084260799, 0.9548849746707215, 0.0, 0.036986359960092544, 0.4577071648458615, 0.0, 0.05, 0.5, 0.5, 0.04342034179265748, 0.23019493397184299, 0.0, 0.07191905272829692, 0.22063989952023821, 0.0, 0.05, 0.5, 0.5, 0.0, 0.0, 0.0, 0.030000000000000002, 0.255, 0.0, 1.0, 1.0];[nan, nan, nan, nan, nan, nan, nan, nan, nan, nan, nan, nan, nan, nan, nan];60.978200700017624
[40.78535639122711, 1070.548523982876, 122.27143312404851];True;False;[0.0, 7.25, 1.4500000000000002, 0.0, 2.0, 9.158053931044938, 0.2750856351941996, 0.8321484081913916, 5579.966666702985, 9723.861070852317, 19499.00151415504, 0.0, 3.0, 1.0, 0.04279640059557438, 0.01930292210253296, 0.4610080054340806, 0.2344741546215029, 0.08080266499850124, 0.3333333333333333, 0.3333333333333333, 0.071742981675371, 0.3333333333333333, 0.3333333333333333, 0.07459311134541123, 0.13591746632127888, 0.31152965104871144, 0.06387669163676589, 0.3333333333333333, 0.3333333333333333, 0.08613577604444628, 0.3333333333333333, 0.3333333333333333, 0.0, 0.0, 0.0, 0.030000000000000002, 0.255, 0.0, 1.0, 1.0];[1.357472307090565, -1.4989536412035125, 156.78020076875168, 0.6211808832005123, -0.6249143648058004, -12.907810271707781, -12.907810271707781, -12.907810271707781, -0.3045178399444165, -0.33333333333333337, -0.33333333333333337, -0.5525528826300097, -0.33333333333333337, -0.33333333333333337, 0.08647787604482493];49.532973899971694
[nan, nan, nan];False;False;[1.0, 5.35844115595166, 1.4721140168929936, 1.0, 2.0, 31.924758764454495, 0.15020991599905092, 0.2528617488545103, 15215.764674963735, 18297.513879354217, 4686.754303752834, 1.0, 4.743803898092315, 1.0, 0.004416829723903232, 0.06359840630993477, 0.0667675318589892, 0.5220722196151564, 0.08239655576812527, 0.3333333333333333, 0.3333333333333333, 0.04682686525696548, 0.5732533207239028, 0.09215479942066984, 0.06588387510391051, 0.7774022019815235, 0.02452576084517033, 0.01849789543440763, 0.3333333333333333, 0.3333333333333333, 0.029903999907162995, 0.3333333333333333, 0.3333333333333333, 1.0, 0.0, 0.0, 0.030000000000000002, 0.255, 0.0, 1.0, 2.0];[nan, nan, nan, nan, nan, nan, nan, nan, nan, nan, nan, nan, nan, nan, nan];88.79927359998692
[nan, nan, nan];False;False;[0.0, 7.25, 1.4500000000000002, 0.0, 1.0, 12.172926568369558, 0.6923231147236216, 0.5, 17160.62196671203, 14441.393823278417, 10500.0, 0.0, 3.0, 0.0, 0.025, 0.06354709691023672, 0.5065527617004109, 0.0, 0.06663111467861897, 0.5404900049714423, 0.0, 0.05, 0.5, 0.5, 0.03642059025634712, 0.7997650727808955, 0.0, 0.01718603479901635, 0.19035547619972348, 0.0, 0.05, 0.5, 0.5, 0.0, 0.0, 0.0, 0.030000000000000002, 0.255, 0.0, 1.0, 0.0];[nan, nan, nan, nan, nan, nan, nan, nan, nan, nan, nan, nan, nan, nan, nan];65.21093780000228
[20.142259457209207, 1789.9534890662196, 116.01536545045954];True;False;[0.0, 7.25, 1.4500000000000002, 0.0, 1.0, 49.46798213041091, 0.32823864990382506, 0.5, 8297.17390108154, 15815.625821546735, 10500.0, 0.0, 3.0, 0.0, 0.025, 0.064610740701578, 0.06689743391878522, 0.0, 0.06691140735377359, 0.579749596098602, 0.0, 0.05, 0.5, 0.5, 0.004900537785135617, 0.46542070019848725, 0.0, 0.05544963549395118, 0.3276270537394803, 0.0, 0.05, 0.5, 0.5, 0.0, 0.0, 0.0, 0.030000000000000002, 0.255, 0.0, 1.0, 1.0];[1.2284107823937394, -1.3472658600861422, 80.21552565188436, 0.7340324097612521, -0.5717613500961749, -4.9382216675400965, -10.083574642980931, -14.0, -0.9331025660812148, -0.420250403901398, 0.0, -0.5345792998015128, -0.6723729462605197, 0.0, -0.004387382981692001];16.31083029997535
[nan, nan, nan];False;False;[0.0, 7.25, 1.4500000000000002, 0.0, 1.0, 1.9095733591725663, 0.348534722348197, 0.5, 10134.273246082957, 1229.303924890598, 10500.0, 0.0, 3.0, 0.0, 0.025, 0.023661024518735398, 0.26095292941117165, 0.0, 0.04638138764682982, 0.13891261385847942, 0.0, 0.05, 0.5, 0.5, 0.023723052187955763, 0.22569031314253185, 0.0, 0.012682312332681878, 0.5970201364724324, 0.0, 0.05, 0.5, 0.5, 0.0, 0.0, 0.0, 0.030000000000000002, 0.255, 0.0, 0.0, 0.0];[nan, nan, nan, nan, nan, nan, nan, nan, nan, nan, nan, nan, nan, nan, nan];67.01255350001156
[8.155022133905241, 4791.893298598657, 109.70038564501985];True;False;[1.0, 7.940801263630955, 1.2225936604364531, 0.0, 2.0, 47.45773229065205, 0.37399547419816526, 0.11218494349376691, 19904.651896014202, 13137.17308527315, 6442.567919111703, 1.0, 3.3595192553404707, 1.0, 0.005553740496658738, 0.046369842815868104, 0.3333333333333333, 0.3333333333333333, 0.07764895539167063, 0.3333333333333333, 0.3333333333333333, 0.03702070137672, 0.41630043311655107, 0.2566417912068656, 0.07866204125346687, 0.050849606874629916, 0.5822143362043842, 0.024288704020904453, 0.3333333333333333, 0.3333333333333333, 0.053511679866287444, 0.4762543729446157, 0.18407583548064155, 0.0, 0.0, 0.0, 0.030000000000000002, 0.255, 0.0, 1.0, 2.0];[1.9499654888935956, 0.47289687937480895, 50.19957841564087, -0.19791528182079632, -0.5260045258018348, -8.749015692774488, -10.450076406810805, -13.63518957736791, -0.33333333333333337, -0.33333333333333337, -0.32705777567658334, -0.36693605692098585, -0.33333333333333337, -0.33966979157474275, -0.25891737632302353];42.54009629995562
[nan, nan, nan];False;False;[1.0, 7.0273944308648515, 1.4975219431449018, 1.0, 0.0, 2.318869187281911, 0.5, 0.5, 12827.862855492536, 10500.0, 10500.0, 1.0, 1.7688932458081643, 0.0, 0.025, 0.039214674821053896, 0.0, 0.0, 0.05, 0.5, 0.5, 0.05, 0.5, 0.5, 0.09166512054327663, 0.0, 0.0, 0.05, 0.5, 0.5, 0.05, 0.5, 0.5, 1.0, 1.0, 0.0, 0.0425043891797651, 0.27150930269195356, 87.0, 0.0, 0.0];[nan, nan, nan, nan, nan, nan, nan, nan, nan, nan, nan, nan, nan, nan, nan];57.33379199996125
[nan, nan, nan];False;False;[1.0, 7.142749291762877, 1.2849883019776498, 1.0, 1.0, 59.931363181936966, 0.18872917444396747, 0.5, 1490.6124802017202, 11130.655552812303, 10500.0, 1.0, 1.5244047436566714, 1.0, 0.009491070446410711, 0.0924908776488334, 0.7134232232082351, 0.0, 0.06855892111520516, 0.7218635453309141, 0.0, 0.05, 0.5, 0.5, 0.06415479862134048, 0.05974837466951921, 0.0, 0.051911647689043966, 0.4500532556344039, 0.0, 0.05, 0.5, 0.5, 1.0, 1.0, 0.0, 0.013460188288955566, 0.4901991330672879, 60.0, 1.0, 1.0];[nan, nan, nan, nan, nan, nan, nan, nan, nan, nan, nan, nan, nan, nan, nan];98.13208889996167
[nan, nan, nan];False;False;[1.0, 10.952248797805968, 1.1053652871852233, 1.0, 2.0, 28.484315206258106, 0.5202339498488348, 0.6409782952094027, 9739.370379437434, 1317.4009130708323, 3900.72995909378, 1.0, 4.804761518152994, 0.0, 0.025, 0.06273744274366215, 0.0694344276303428, 0.7836013135318972, 0.05438457103061376, 0.3333333333333333, 0.3333333333333333, 0.07478931733412275, 0.05887585624049063, 0.2752737121765385, 0.015947909047136177, 0.7474864521299531, 0.12736791297563177, 0.034201839296900995, 0.3333333333333333, 0.3333333333333333, 0.0342420685453928, 0.4893353554121155, 0.24855955826750042, 1.0, 1.0, 2.0, 0.03455206458940468, 0.2620788713649917, 9.0, 1.0, 2.0];[nan, nan, nan, nan, nan, nan, nan, nan, nan, nan, nan, nan, nan, nan, nan];131.58163140004035
[27.270611944185923, 1121.2785782159187, 118.75220267800509];True;False;[0.0, 7.25, 1.4500000000000002, 0.0, 0.0, 14.26785219069085, 0.5, 0.5, 10043.632493845296, 10500.0, 10500.0, 0.0, 3.0, 0.0, 0.025, 0.053192453951017585, 0.0, 0.0, 0.05, 0.5, 0.5, 0.05, 0.5, 0.5, 0.02933239070774705, 0.0, 0.0, 0.05, 0.5, 0.5, 0.05, 0.5, 0.5, 0.0, 0.0, 0.0, 0.030000000000000002, 0.255, 0.0, 0.0, 0.0];[0.35783353934795414, -1.4686233763286578, -3.446435347338138, 0.6886729534773326, -0.4, -0.7321478093091507, -14.0, -14.0, -1.0, 0.0, 0.0, -1.0, 0.0, 0.0, 0.031301684966777876];17.289945400087163
[20.32441749240745, 1979.4043419591576, 115.51793787490516];True;False;[0.0, 7.25, 1.4500000000000002, 0.0, 2.0, 37.09287306871479, 0.11751552256276065, 0.5895415352980028, 14237.383967534777, 13649.178610697245, 19424.852067783428, 0.0, 3.0, 0.0, 0.025, 0.024678120048832186, 0.16498331395998178, 0.7880628096828479, 0.061391181133927136, 0.3333333333333333, 0.3333333333333333, 0.03573879752063704, 0.3333333333333333, 0.3333333333333333, 0.07256872998552065, 0.4912816960145119, 0.23946737252157968, 0.05777355789084714, 0.019580159884447612, 0.16299444131543395, 0.06542067736216871, 0.3526820837145398, 0.5734350445643799, 0.0, 0.0, 0.0, 0.030000000000000002, 0.255, 0.0, 2.0, 0.0];[1.9668061240663794, -1.275926207119078, 43.7606750464802, 0.6423265044175439, -0.7824844774372394, -11.418356942206175, -13.563206020611785, -7.792018364526461, -0.0469538763571703, -0.33333333333333337, -0.33333333333333337, -0.26925093146390844, -0.8174253988001184, -0.07388287172108032, -0.017075374578245206];30.49228700005915
[21.468807137134103, 1690.4656814930515, 116.16317827414622];True;False;[0.0, 7.25, 1.4500000000000002, 0.0, 1.0, 33.243901945741634, 0.8299740548014197, 0.5, 6702.428821178126, 13378.096082499742, 10500.0, 0.0, 3.0, 0.0, 0.025, 0.08871243521233324, 0.7536159024895681, 0.0, 0.049149315573604725, 0.2055747239264516, 0.0, 0.05, 0.5, 0.5, 0.06585492911234847, 0.5006229038540801, 0.0, 0.06391697532432064, 0.5521876421015747, 0.0, 0.05, 0.5, 0.5, 0.0, 0.0, 0.0, 0.030000000000000002, 0.255, 0.0, 0.0, 1.0];[1.2648856588392992, -1.3385251621774228, 31.13637912052768, 0.6584785689289137, -0.0700259451985803, -12.390355574341537, -2.2611373339287173, -14.0, -0.2463840975104319, -0.7944252760735484, 0.0, -0.49937709614591985, -0.44781235789842533, 0.0, -0.007523162256495575];14.386908500106074
[nan, nan, nan];False;False;[1.0, 5.5693108502605915, 1.1426737888970118, 0.0, 0.0, 6.738696255313773, 0.5, 0.5, 12623.602520453476, 10500.0, 10500.0, 0.0, 3.0, 0.0, 0.025, 0.09724194970939903, 0.0, 0.0, 0.05, 0.5, 0.5, 0.05, 0.5, 0.5, 0.06577125283313938, 0.0, 0.0, 0.05, 0.5, 0.5, 0.05, 0.5, 0.5, 1.0, 0.0, 0.0, 0.030000000000000002, 0.255, 0.0, 0.0, 0.0];[nan, nan, nan, nan, nan, nan, nan, nan, nan, nan, nan, nan, nan, nan, nan];95.84285840007942
[nan, nan, nan];False;False;[0.0, 7.25, 1.4500000000000002, 0.0, 2.0, 15.108070210205957, 0.4097360267402944, 0.822101268521492, 19205.358050988092, 14088.974408715487, 9847.929495572842, 0.0, 3.0, 1.0, 0.016620844331297874, 0.08410681934374205, 0.3333333333333333, 0.3333333333333333, 0.03106019694240776, 0.25723514139634074, 0.20950656510680987, 0.05982724128692235, 0.38189359388208477, 0.19464335360022078, 0.08795513668324498, 0.3333333333333333, 0.3333333333333333, 0.020384798436787366, 0.3333333333333333, 0.3333333333333333, 0.021278212619924554, 0.18170792418852122, 0.7789602824559679, 0.0, 0.0, 0.0, 0.030000000000000002, 0.255, 0.0, 0.0, 1.0];[nan, nan, nan, nan, nan, nan, nan, nan, nan, nan, nan, nan, nan, nan, nan];133.51100589998532
[nan, nan, nan];False;False;[1.0, 4.634435421054787, 1.487293852635788, 1.0, 2.0, 1.9410130492765412, 0.5815575198500141, 0.8359942191532969, 9970.915587824295, 17312.935074050423, 5890.665656662571, 0.0, 3.0, 1.0, 0.005803463606087411, 0.023482724820984457, 0.6896866045982637, 0.1640160073136273, 0.0609302490091486, 0.3333333333333333, 0.3333333333333333, 0.05844369830658785, 0.024543018859033205, 0.9072400355565785, 0.022506936193192075, 0.3378208631845948, 0.4320485043592013, 0.08237659214595434, 0.20334097698791398, 0.21205681998538095, 0.056700182980746944, 0.3333333333333333, 0.3333333333333333, 1.0, 0.0, 0.0, 0.030000000000000002, 0.255, 0.0, 2.0, 0.0];[nan, nan, nan, nan, nan, nan, nan, nan, nan, nan, nan, nan, nan, nan, nan];109.57778940000571
[nan, nan, nan];False;False;[1.0, 9.029264169049858, 1.7407395974485087, 1.0, 1.0, 36.62427501602053, 0.5925393342358247, 0.5, 8079.491060754225, 8203.230418692001, 10500.0, 1.0, 1.0833300740047425, 0.0, 0.025, 0.09847169792091107, 0.8673471758813522, 0.0, 0.06699212733663959, 0.29622121551709824, 0.0, 0.05, 0.5, 0.5, 0.07973191593107354, 0.5429132150095525, 0.0, 0.060398451403293966, 0.9862288845280716, 0.0, 0.05, 0.5, 0.5, 1.0, 1.0, 1.0, 0.03856558451147773, 0.4642525465623125, 173.0, 1.0, 1.0];[nan, nan, nan, nan, nan, nan, nan, nan, nan, nan, nan, nan, nan, nan, nan];12.143642000039108
[nan, nan, nan];False;False;[0.0, 7.25, 1.4500000000000002, 0.0, 1.0, 1.3718586438167417, 0.6231232353103427, 0.5, 19562.98873744163, 3439.7281114703837, 10500.0, 0.0, 3.0, 1.0, 0.024663791023838186, 0.08000722505984198, 0.9981408455966247, 0.0, 0.027917894607040653, 0.22204837885486806, 0.0, 0.05, 0.5, 0.5, 0.07968354629138841, 0.21749902350666295, 0.0, 0.06884088243213952, 0.7630660810045402, 0.0, 0.05, 0.5, 0.5, 0.0, 0.0, 0.0, 0.030000000000000002, 0.255, 0.0, 1.0, 1.0];[nan, nan, nan, nan, nan, nan, nan, nan, nan, nan, nan, nan, nan, nan, nan];66.31441079999786
[nan, nan, nan];False;False;[1.0, 5.55076805098572, 1.7709573013040156, 1.0, 1.0, 16.49203589228784, 0.3717074989819994, 0.5, 12110.348332753003, 15633.536122683896, 10500.0, 0.0, 3.0, 1.0, 0.02202254378105525, 0.057772059572938045, 0.448941953730986, 0.0, 0.003388051372540746, 0.1913851842172013, 0.0, 0.05, 0.5, 0.5, 0.04416885005849286, 0.5565377940564753, 0.0, 0.09853050675920044, 0.9469150492092796, 0.0, 0.05, 0.5, 0.5, 1.0, 1.0, 1.0, 0.046053714462892026, 0.07481768575371116, 144.0, 0.0, 0.0];[nan, nan, nan, nan, nan, nan, nan, nan, nan, nan, nan, nan, nan, nan, nan];69.06690099998377
[30.066052363807632, 1253.3600663678528, 117.98833537205104];True;False;[0.0, 7.25, 1.4500000000000002, 0.0, 1.0, 7.493233860819695, 0.43393398084970336, 0.5, 19587.569931302187, 4903.202763513221, 10500.0, 0.0, 3.0, 0.0, 0.025, 0.035081361951321714, 0.3650603576263509, 0.0, 0.033569150780858335, 0.841291188528682, 0.0, 0.05, 0.5, 0.5, 0.09713623316921463, 0.7017695997915916, 0.0, 0.016408598409203234, 0.021530999108146598, 0.0, 0.05, 0.5, 0.5, 0.0, 0.0, 0.0, 0.030000000000000002, 0.255, 0.0, 0.0, 0.0];[1.15002544252628, -1.366049818882454, -9.94268780788983, 0.4587956496259329, -0.46606601915029666, -11.87351495439659, -12.603304109400112, -14.0, -0.6349396423736491, -0.158708811471318, 0.0, -0.2982304002084084, -0.9784690008918534, 0.0, 0.002488473387942447];37.090712500037625
[38.93809819302583, 1189.40907757777, 121.96759932016009];True;False;[0.0, 7.25, 1.4500000000000002, 0.0, 1.0, 27.760053831643457, 0.24051177712025043, 0.5, 8599.186707147044, 11498.878917396589, 10500.0, 0.0, 3.0, 1.0, 0.03586700212819752, 0.07611943669664645, 0.0694934478117426, 0.0, 0.041009175472595805, 0.9775550875896892, 0.0, 0.05, 0.5, 0.5, 0.08026866251897605, 0.6424486539136655, 0.0, 0.02360796088469639, 0.32508465689574106, 0.0, 0.05, 0.5, 0.5, 0.0, 0.0, 0.0, 0.030000000000000002, 0.255, 0.0, 0.0, 1.0];[0.8611986375361731, -1.5228145111567577, 42.7986688938356, 0.6421986392911727, -0.6594882228797496, -5.637269984088668, -12.035047065923388, -14.0, -0.9305065521882574, -0.02244491241031077, 0.0, -0.35755134608633454, -0.6749153431042589, 0.0, 0.08251524263146681];28.43695060000755
[nan, nan, nan];False;False;[1.0, 12.122562093576835, 1.7748759317703864, 1.0, 2.0, 13.519290028236322, 0.3416343193090987, 0.41565551175828197, 12704.652649839947, 8027.9078434316925, 1464.5980512728065, 1.0, 1.068613376074858, 0.0, 0.025, 0.01864525848760087, 0.3333333333333333, 0.3333333333333333, 0.0696196790687733, 0.3333333333333333, 0.3333333333333333, 0.0071794938233544665, 0.3333333333333333, 0.3333333333333333, 0.06630589226473652, 0.07567556101224193, 0.357847983173909, 0.061869900881415675, 0.3333333333333333, 0.3333333333333333, 0.00904910813374753, 0.2544971975927445, 0.7372166750072164, 1.0, 0.0, 0.0, 0.030000000000000002, 0.255, 0.0, 0.0, 0.0];[nan, nan, nan, nan, nan, nan, nan, nan, nan, nan, nan, nan, nan, nan, nan];81.22330399998464
[8.217092871390353, 4400.930393040428, 106.8703864808328];True;False;[1.0, 7.323459955297461, 1.3311081842502683, 0.0, 2.0, 38.07912447391246, 0.12303752161482394, 0.4029828007187479, 8059.002116714912, 4743.206020122707, 8868.17012229883, 0.0, 3.0, 0.0, 0.025, 0.021777064084567477, 0.3333333333333333, 0.3333333333333333, 0.03790180933539733, 0.3333333333333333, 0.3333333333333333, 0.0762845049482722, 0.3333333333333333, 0.3333333333333333, 0.015330174729349378, 0.3333333333333333, 0.3333333333333333, 0.036134123673040384, 0.7734708246059353, 0.08925714439152233, 0.0834615381282381, 0.18339611123308364, 0.5439375926954099, 0.0, 0.0, 0.0, 0.030000000000000002, 0.255, 0.0, 0.0, 2.0];[0.8997374887158571, 0.13243473376513482, 46.42661869496713, 2.220446049250313e-16, -0.7769624783851761, -9.939155585525036, -13.686285966729901, -10.697213715601027, -0.33333333333333337, -0.33333333333333337, -0.33333333333333337, -0.33333333333333337, -0.13727203100254237, -0.2726662960715065, -0.23195233550769984];56.894518200075254
[nan, nan, nan];False;False;[0.0, 7.25, 1.4500000000000002, 0.0, 2.0, 34.66446686616545, 0.20988402866931627, 0.7498424738090178, 13938.215645673195, 12347.548804825585, 11234.637005753524, 0.0, 3.0, 0.0, 0.025, 0.08423244918953543, 0.3333333333333333, 0.3333333333333333, 0.02846996833466773, 0.0, 0.23381504671962394, 0.031943954653893825, 0.01747391376565266, 0.13453119965693627, 0.012830498621645092, 0.3333333333333333, 0.3333333333333333, 0.09544551273648383, 0.3333333333333333, 0.3333333333333333, 0.020886171220208027, 0.3333333333333333, 0.3333333333333333, 0.0, 0.0, 0.0, 0.030000000000000002, 0.255, 0.0, 2.0, 1.0];[nan, nan, nan, nan, nan, nan, nan, nan, nan, nan, nan, nan, nan, nan, nan];106.60222320002504
[nan, nan, nan];False;False;[1.0, 7.652385818798838, 1.455236172927806, 0.0, 2.0, 41.82467655938919, 0.8610463018050162, 0.7871152696906109, 9662.652317759426, 1741.232983995239, 8641.468851561362, 0.0, 3.0, 0.0, 0.025, 0.023516554058655128, 0.3333333333333333, 0.3333333333333333, 0.05597906593831553, 0.3333333333333333, 0.3333333333333333, 0.014670979980667166, 0.6395985516021434, 0.3490027533174087, 0.08607608278452729, 0.3333333333333333, 0.3333333333333333, 0.06972031437850752, 0.4061341243177571, 0.19877697010371975, 0.07975014434839388, 0.3333333333333333, 0.3333333333333333, 0.0, 0.0, 0.0, 0.030000000000000002, 0.255, 0.0, 0.0, 0.0];[nan, nan, nan, nan, nan, nan, nan, nan, nan, nan, nan, nan, nan, nan, nan];73.27229799993802
[nan, nan, nan];False;False;[1.0, 5.2812598195804465, 1.7695684427605727, 1.0, 2.0, 23.795942816823697, 0.10212726416877116, 0.44464241900067736, 6375.927311662745, 15021.447171240188, 18932.528366775547, 1.0, 4.56098444527926, 1.0, 0.02566483826905805, 0.053305220469014536, 0.17969923100388474, 0.7019109713985335, 0.09809489966696494, 0.3333333333333333, 0.3333333333333333, 0.08129674508544493, 0.3333333333333333, 0.3333333333333333, 0.0158137778029785, 0.3333333333333333, 0.3333333333333333, 0.057052299786547335, 0.3333333333333333, 0.3333333333333333, 0.060925381201815856, 0.3333333333333333, 0.3333333333333333, 0.0, 0.0, 0.0, 0.030000000000000002, 0.255, 0.0, 2.0, 2.0];[nan, nan, nan, nan, nan, nan, nan, nan, nan, nan, nan, nan, nan, nan, nan];105.26686909992713
[9.959396692497691, 3316.3405648037265, 109.08289369789088];True;False;[1.0, 5.079789770397251, 1.6902116348151606, 0.0, 2.0, 28.608477348378376, 0.6254868737434025, 0.26752901570652543, 17601.768595611487, 2366.0309862819404, 11057.033196674827, 0.0, 3.0, 0.0, 0.025, 0.009351142879792385, 0.3333333333333333, 0.3333333333333333, 0.01571549306910678, 0.40311885116246604, 0.39538114044650874, 0.04795953223045357, 0.06530157763517519, 0.4126846308201214, 0.08852050056875357, 0.3333333333333333, 0.3333333333333333, 0.029733612736777507, 0.3333333333333333, 0.3333333333333333, 0.05793737380054417, 0.5706074726561825, 0.32317104013659437, 0.0, 0.0, 0.0, 0.030000000000000002, 0.255, 0.0, 2.0, 2.0];[0.6282881919041676, -0.1636495881447062, 21.478018228681762, -0.19347895581836583, -0.2745131262565975, -13.949971608897332, -8.860967088330113, -12.374254358976733, -0.33333333333333337, -0.20150000839102522, -0.5220137915447034, -0.33333333333333337, -0.33333333333333337, -0.10622148720722313, -0.19884930544524204];96.04697539994959
[nan, nan, nan];False;False;[1.0, 2.5589316148485084, 1.4544089689994382, 0.0, 2.0, 41.39835903855828, 0.36350432637418517, 0.5633484742447198, 6413.667950371357, 16002.19161461449, 18074.11867062875, 1.0, 2.3891983313659093, 0.0, 0.025, 0.06345795038405731, 0.3333333333333333, 0.3333333333333333, 0.09964555324156443, 0.3333333333333333, 0.3333333333333333, 0.041048501568962795, 0.03385938515526021, 0.15266352290358653, 0.023720155981788494, 0.47726167169177736, 0.491125135079871, 0.014875088189749275, 0.4206443526045992, 0.2842504657972027, 0.06280660147129545, 0.1779216931152251, 0.6012648679150056, 1.0, 0.0, 0.0, 0.030000000000000002, 0.255, 0.0, 1.0, 1.0];[nan, nan, nan, nan, nan, nan, nan, nan, nan, nan, nan, nan, nan, nan, nan];138.41024720005225
[nan, nan, nan];False;False;[1.0, 7.353611670326163, 1.234505709039876, 0.0, 0.0, 13.78046630477142, 0.5, 0.5, 16961.477715950576, 10500.0, 10500.0, 1.0, 3.2362170618835266, 0.0, 0.025, 0.032250974713395573, 0.0, 0.0, 0.05, 0.5, 0.5, 0.05, 0.5, 0.5, 0.07288809467329756, 0.0, 0.0, 0.05, 0.5, 0.5, 0.05, 0.5, 0.5, 1.0, 1.0, 0.0, 0.03621745772076368, 0.18268052923013425, 240.0, 0.0, 0.0];[nan, nan, nan, nan, nan, nan, nan, nan, nan, nan, nan, nan, nan, nan, nan];98.32442009996157
[nan, nan, nan];False;False;[1.0, 11.58666851547223, 1.4359227947261521, 0.0, 2.0, 56.354244944914726, 0.8150991161175652, 0.3194579390723906, 2447.284449196109, 3760.6910277801467, 13299.202683871086, 1.0, 1.0503125710282446, 1.0, 0.0401628283494158, 0.028993226406584284, 0.08387916909192505, 0.8655949059313722, 0.09619688415753816, 0.3333333333333333, 0.3333333333333333, 0.04273648123104207, 0.3333333333333333, 0.3333333333333333, 0.09621560101971827, 0.3333333333333333, 0.3333333333333333, 0.022476739896175692, 0.4062591117497437, 0.46535708595643654, 0.05928495759680785, 0.3333333333333333, 0.3333333333333333, 1.0, 1.0, 0.0, 0.04316009216644193, 0.44986771768807127, 60.0, 1.0, 1.0];[nan, nan, nan, nan, nan, nan, nan, nan, nan, nan, nan, nan, nan, nan, nan];129.2585006998852
[nan, nan, nan];False;False;[1.0, 6.539097681790954, 1.387051343335048, 1.0, 0.0, 48.07779496126553, 0.5, 0.5, 13313.488735451052, 10500.0, 10500.0, 0.0, 3.0, 0.0, 0.025, 0.01635703132319797, 0.0, 0.0, 0.05, 0.5, 0.5, 0.05, 0.5, 0.5, 0.06386940124852049, 0.0, 0.0, 0.05, 0.5, 0.5, 0.05, 0.5, 0.5, 1.0, 1.0, 0.0, 0.03538326609352484, 0.0687974594096024, 79.0, 0.0, 0.0];[nan, nan, nan, nan, nan, nan, nan, nan, nan, nan, nan, nan, nan, nan, nan];6.582805500016548
[nan, nan, nan];False;False;[1.0, 12.335131276831554, 1.1633723512680882, 1.0, 1.0, 56.493666975621366, 0.24538036960954326, 0.5, 8943.68642339173, 18225.375609309973, 10500.0, 1.0, 3.82699922285509, 0.0, 0.025, 0.09666222986156296, 0.7037036059339691, 0.0, 0.04839570148291388, 0.6357685534763826, 0.0, 0.05, 0.5, 0.5, 0.0805359646125177, 0.7494979201789723, 0.0, 0.060824137482227626, 0.3878499275576245, 0.0, 0.05, 0.5, 0.5, 0.0, 1.0, 0.0, 0.03102576070381686, 0.1147360598633588, 82.0, 1.0, 1.0];[nan, nan, nan, nan, nan, nan, nan, nan, nan, nan, nan, nan, nan, nan, nan];139.08820979995653
[27.894707437912125, 1140.295719074596, 118.30855550126273];True;False;[0.0, 7.25, 1.4500000000000002, 0.0, 0.0, 11.004406130055179, 0.5, 0.5, 14707.29155329606, 10500.0, 10500.0, 0.0, 3.0, 0.0, 0.025, 0.09645575977718279, 0.0, 0.0, 0.05, 0.5, 0.5, 0.05, 0.5, 0.5, 0.05444336461975588, 0.0, 0.0, 0.05, 0.5, 0.5, 0.05, 0.5, 0.5, 0.0, 0.0, 0.0, 0.030000000000000002, 0.255, 0.0, 0.0, 0.0];[0.4899112225325153, -1.4346002003784972, -6.93528558228479, 0.5907380672868425, -0.4, -3.9955938699448215, -14.0, -14.0, -1.0, 0.0, 0.0, -1.0, 0.0, 0.0, 0.01723869015725321];33.74066390004009
[38.356129003236155, 1006.1282492602609, 122.68108820602936];True;False;[0.0, 7.25, 1.4500000000000002, 0.0, 1.0, 20.00013152014891, 0.505362024131957, 0.5, 11028.7809796982, 12139.198778668368, 10500.0, 0.0, 3.0, 1.0, 0.03460458821716219, 0.0006314184763878683, 0.09063800693668245, 0.0, 0.06655291995076545, 0.0, 0.0, 0.05, 0.5, 0.5, 0.016111191253024994, 0.5051583666781552, 0.0, 0.03888480428967032, 0.96188513367764, 0.0, 0.05, 0.5, 0.5, 0.0, 0.0, 0.0, 0.030000000000000002, 0.255, 0.0, 0.0, 1.0];[0.6013619239644274, -1.5808374951922373, 135.25100219565238, 0.8015186663122744, -0.39463797586804306, -10.575554475678404, -10.47962984057408, -14.0, -0.9093619930633176, -1.0, 0.0, -0.49484163332184483, -0.03811486632236005, 0.0, 0.11218552451046182];40.74296059994958
[nan, nan, nan];False;False;[1.0, 11.982700175571424, 1.6846891892496085, 1.0, 2.0, 52.02315951657133, 0.46468778438777014, 0.5985970574982294, 7853.985172100926, 11864.660860314994, 3447.9494746977925, 1.0, 1.4284928464817868, 0.0, 0.025, 0.08821559832880785, 0.5675706299731995, 0.42503083311988854, 0.07947442496701554, 0.5716507475949117, 0.0356960372588343, 0.08509149798408591, 0.3279441174661012, 0.26399163307144213, 0.04587373637856487, 0.3333333333333333, 0.3333333333333333, 0.0931398095099819, 0.7588712841214713, 0.14199555212849457, 0.01996296841305463, 0.4373047318231076, 0.11198662830913775, 1.0, 1.0, 1.0, 0.035752006033192896, 0.437138847487814, 157.0, 0.0, 2.0];[nan, nan, nan, nan, nan, nan, nan, nan, nan, nan, nan, nan, nan, nan, nan];8.971740399952978
[21.93044256367152, 1469.484453182441, 117.08961125045138];True;False;[0.0, 7.25, 1.4500000000000002, 0.0, 0.0, 43.25252670169157, 0.5, 0.5, 16276.286625368477, 10500.0, 10500.0, 0.0, 3.0, 0.0, 0.025, 0.03672336796386521, 0.0, 0.0, 0.05, 0.5, 0.5, 0.05, 0.5, 0.5, 0.0815290174918411, 0.0, 0.0, 0.05, 0.5, 0.5, 0.05, 0.5, 0.5, 0.0, 0.0, 0.0, 0.030000000000000002, 0.255, 0.0, 0.0, 0.0];[0.5277451810952067, -1.424854182746802, 49.41291422153128, 0.7782324062927182, -0.4, 28.252526701691572, -14.0, -14.0, -1.0, 0.0, 0.0, -1.0, 0.0, 0.0, 0.013346450899777484];4.7750881999963894
[19.63202596863313, 2214.61137153618, 114.69490787398883];True;False;[0.0, 7.25, 1.4500000000000002, 0.0, 2.0, 45.69058510619763, 0.7874245348390433, 0.38658176601723815, 15043.982982381203, 12684.012476604157, 4493.272272830314, 0.0, 3.0, 0.0, 0.025, 0.04655271579992481, 0.3333333333333333, 0.3333333333333333, 0.08070446249023822, 0.3333333333333333, 0.3333333333333333, 0.018048232972486155, 0.6114872150722066, 0.029399889423889825, 0.09516336780501884, 0.27617709235774623, 0.07799592135309152, 0.04983866201890365, 0.3333333333333333, 0.3333333333333333, 0.04790477650311428, 0.3333333333333333, 0.3333333333333333, 0.0, 0.0, 0.0, 0.030000000000000002, 0.255, 0.0, 2.0, 0.0];[2.183292729907887, -1.2275835433670241, 73.84744332681679, 0.5680432666097113, -0.11257546516095673, -11.425003893105512, -11.425003893105513, -11.425003893105513, -0.33333333333333337, -0.33333333333333337, -0.3591128955039036, -0.6458269862891622, -0.33333333333333337, -0.33333333333333337, -0.032718369320490825];29.91314910002984
[nan, nan, nan];False;False;[1.0, 6.1120583007304745, 1.4960973400469015, 1.0, 2.0, 7.657273235429582, 0.7559042941076258, 0.3036374755027922, 1361.666208145552, 2228.013599532758, 16597.694937063876, 0.0, 3.0, 1.0, 0.01845205494844687, 0.026741378740922896, 0.6192395269953754, 0.1325618596247593, 0.08936185203917085, 0.6172097441272044, 0.15886604590432207, 0.04265166022936952, 0.3333333333333333, 0.3333333333333333, 0.08101093505556795, 0.3333333333333333, 0.3333333333333333, 0.08331575803233393, 0.3333333333333333, 0.3333333333333333, 0.007682092661678297, 0.3333333333333333, 0.3333333333333333, 0.0, 1.0, 2.0, 0.040473842132529046, 0.022283109894273474, 131.0, 2.0, 2.0];[nan, nan, nan, nan, nan, nan, nan, nan, nan, nan, nan, nan, nan, nan, nan];257.4983387000393
[nan, nan, nan];False;False;[0.0, 7.25, 1.4500000000000002, 0.0, 2.0, 18.739340049279647, 0.6185572717687499, 0.1191872956502313, 3938.4930332723156, 6928.889353421333, 12031.372169269069, 0.0, 3.0, 1.0, 0.043259102548940526, 0.007649338877040091, 0.3333333333333333, 0.3333333333333333, 0.04967621971156763, 0.10797620546912223, 0.4994952107337729, 0.0026175403155416, 0.30062020549247703, 0.6327643269251534, 0.020104377726168868, 0.3333333333333333, 0.3333333333333333, 0.06276055467758884, 0.05816657311359552, 0.3148327475708217, 0.06947094026646698, 0.2229308193279811, 0.6025375122473069, 0.0, 0.0, 0.0, 0.030000000000000002, 0.255, 0.0, 1.0, 0.0];[nan, nan, nan, nan, nan, nan, nan, nan, nan, nan, nan, nan, nan, nan, nan];114.33544819999952
[22.091584069311967, 1555.405976549267, 116.64694564435148];True;False;[0.0, 7.25, 1.4500000000000002, 0.0, 1.0, 25.90791225451743, 0.7166940414732362, 0.5, 9857.145662098785, 3292.0020358328247, 10500.0, 0.0, 3.0, 0.0, 0.025, 0.06024652219031573, 0.6533788745716803, 0.0, 0.07132236328737161, 0.687022466520899, 0.0, 0.05, 0.5, 0.5, 0.036881317292647396, 0.17339853022554774, 0.0, 0.0967931098997693, 0.3132108485354478, 0.0, 0.05, 0.5, 0.5, 0.0, 0.0, 0.0, 0.030000000000000002, 0.255, 0.0, 1.0, 1.0];[1.1657172690706785, -1.3622894904365055, 15.98756955033991, 0.6893906285977434, -0.1833059585267638, -11.79979966581131, -6.904284248165498, -14.0, -0.3466211254283197, -0.31297753347910096, 0.0, -0.8266014697744523, -0.6867891514645522, 0.0, 0.0010967763458022972];27.833909299923107
[21.767942513180774, 1488.590951926803, 117.15879382886561];True;False;[0.0, 7.25, 1.4500000000000002, 0.0, 0.0, 49.747049670742044, 0.5, 0.5, 16904.62717677206, 10500.0, 10500.0, 0.0, 3.0, 0.0, 0.025, 0.01457258772393797, 0.0, 0.0, 0.05, 0.5, 0.5, 0.05, 0.5, 0.5, 0.059777871958831864, 0.0, 0.0, 0.05, 0.5, 0.5, 0.05, 0.5, 0.5, 0.0, 0.0, 0.0, 0.030000000000000002, 0.255, 0.0, 0.0, 0.0];[0.5004670786551424, -1.4318810146575973, 66.8492576120441, 0.804792326145195, -0.4, 34.747049670742044, -14.0, -14.0, -1.0, 0.0, 0.0, -1.0, 0.0, 0.0, 0.016146812716910097];4.519010899937712
[nan, nan, nan];False;False;[1.0, 11.284968767398368, 1.3830069653882515, 1.0, 1.0, 59.781634270812226, 0.8422792726447453, 0.5, 7901.6260862445615, 16073.171993549931, 10500.0, 0.0, 3.0, 0.0, 0.025, 0.047894154673574156, 0.55355456002966, 0.0, 0.03163848730587298, 0.3836253135465866, 0.0, 0.05, 0.5, 0.5, 0.048965524320252356, 0.9853835449463487, 0.0, 0.04589458726364063, 0.978696145536864, 0.0, 0.05, 0.5, 0.5, 0.0, 0.0, 0.0, 0.030000000000000002, 0.255, 0.0, 1.0, 1.0];[nan, nan, nan, nan, nan, nan, nan, nan, nan, nan, nan, nan, nan, nan, nan];84.47184939996805
[34.899434510320916, 1058.4467565375933, 118.75924721313646];True;False;[0.0, 7.25, 1.4500000000000002, 0.0, 0.0, 5.257652304028996, 0.5, 0.5, 7955.648233482864, 10500.0, 10500.0, 0.0, 3.0, 0.0, 0.025, 0.05544990373981576, 0.0, 0.0, 0.05, 0.5, 0.5, 0.05, 0.5, 0.5, 0.0136298901113302, 0.0, 0.0, 0.05, 0.5, 0.5, 0.05, 0.5, 0.5, 0.0, 0.0, 0.0, 0.030000000000000002, 0.255, 0.0, 0.0, 0.0];[0.5912487275540679, -1.408495686121675, -11.855695278835913, 0.3800622846661743, -0.4, -9.742347695971004, -14.0, -14.0, -1.0, 0.0, 0.0, -1.0, 0.0, 0.0, 0.006943440177127225];6.858115500072017
[nan, nan, nan];False;False;[1.0, 4.709574025741086, 1.463610768022427, 1.0, 2.0, 34.41380495008911, 0.242155765620105, 0.261670829241066, 16352.753241124314, 3581.133942865707, 8722.592830508485, 0.0, 3.0, 0.0, 0.025, 0.06742842445998204, 0.3333333333333333, 0.3333333333333333, 0.02853827415387016, 0.3333333333333333, 0.3333333333333333, 0.04471277841934551, 0.3333333333333333, 0.3333333333333333, 0.04260383595036824, 0.3333333333333333, 0.3333333333333333, 0.037572265725127445, 0.3333333333333333, 0.3333333333333333, 0.0828299063227278, 0.3333333333333333, 0.3333333333333333, 1.0, 1.0, 0.0, 0.03111814629237812, 0.02663789306733537, 3.0, 0.0, 2.0];[nan, nan, nan, nan, nan, nan, nan, nan, nan, nan, nan, nan, nan, nan, nan];109.69359509996139
[nan, nan, nan];False;False;[0.0, 7.25, 1.4500000000000002, 0.0, 1.0, 17.786826714696378, 0.5986285211488868, 0.5, 18014.36765773999, 10601.27062737169, 10500.0, 0.0, 3.0, 0.0, 0.025, 0.05859556436538728, 0.16737717119260387, 0.0, 0.08812291180798296, 0.314858675983567, 0.0, 0.05, 0.5, 0.5, 0.09784782152555477, 0.9006527636153224, 0.0, 0.07258812074382369, 0.7155849893765583, 0.0, 0.05, 0.5, 0.5, 0.0, 0.0, 0.0, 0.030000000000000002, 0.255, 0.0, 0.0, 1.0];[nan, nan, nan, nan, nan, nan, nan, nan, nan, nan, nan, nan, nan, nan, nan];74.50483630003873
[18.211053733923865, 2770.076856729377, 105.83634246639622];True;False;[1.0, 7.340846157897228, 1.306827295331272, 1.0, 1.0, 20.341840656674492, 0.6860010994622892, 0.5, 8474.542375982597, 1486.9303497429237, 10500.0, 0.0, 3.0, 1.0, 0.04716939353861105, 0.004563650171225309, 0.5770174197982127, 0.0, 0.09431123933175001, 0.16310448942869205, 0.0, 0.05, 0.5, 0.5, 0.05312553265687286, 0.8600907085105773, 0.0, 0.004341120494340001, 0.0, 0.0, 0.05, 0.5, 0.5, 0.0, 0.0, 0.0, 0.030000000000000002, 0.255, 0.0, 1.0, 1.0];[0.3862264947198657, -0.41957866717768777, 230.1506239284011, 0.0, -0.21399890053771087, -12.66504462452395, -9.898765721698505, -14.0, -0.42298258020178725, -0.836895510571308, 0.0, -0.13990929148942266, -1.0, 0.0, -0.16292235771194835];14.276695200009272
[nan, nan, nan];False;False;[1.0, 7.075817189195934, 1.7260375565007537, 0.0, 0.0, 27.86870601336022, 0.5, 0.5, 15518.339375608195, 10500.0, 10500.0, 1.0, 4.161267670920259, 0.0, 0.025, 0.06331111801245863, 0.0, 0.0, 0.05, 0.5, 0.5, 0.05, 0.5, 0.5, 0.01914159368147742, 0.0, 0.0, 0.05, 0.5, 0.5, 0.05, 0.5, 0.5, 0.0, 0.0, 0.0, 0.030000000000000002, 0.255, 0.0, 0.0, 0.0];[nan, nan, nan, nan, nan, nan, nan, nan, nan, nan, nan, nan, nan, nan, nan];43.02896929997951
[nan, nan, nan];False;False;[1.0, 10.985738884228041, 1.5836851772980094, 1.0, 0.0, 53.70427347373279, 0.5, 0.5, 13183.813756532452, 10500.0, 10500.0, 0.0, 3.0, 0.0, 0.025, 0.07961132728151692, 0.0, 0.0, 0.05, 0.5, 0.5, 0.05, 0.5, 0.5, 0.05429650087549431, 0.0, 0.0, 0.05, 0.5, 0.5, 0.05, 0.5, 0.5, 0.0, 1.0, 0.0, 0.03148610596347747, 0.48870900837869774, 52.0, 0.0, 0.0];[nan, nan, nan, nan, nan, nan, nan, nan, nan, nan, nan, nan, nan, nan, nan];51.87261259998195
[23.840753603023888, 1289.4696803987783, 117.8523261198249];True;False;[0.0, 7.25, 1.4500000000000002, 0.0, 0.0, 26.489649926753764, 0.5, 0.5, 17309.999293079974, 10500.0, 10500.0, 0.0, 3.0, 0.0, 0.025, 0.09755754722023285, 0.0, 0.0, 0.05, 0.5, 0.5, 0.05, 0.5, 0.5, 0.02404880625460879, 0.0, 0.0, 0.05, 0.5, 0.5, 0.05, 0.5, 0.5, 0.0, 0.0, 0.0, 0.030000000000000002, 0.255, 0.0, 0.0, 0.0];[0.4312008562306042, -1.449723975074003, 14.002828358992197, 0.7645527988581899, -0.4, 11.489649926753764, -14.0, -14.0, -1.0, 0.0, 0.0, -1.0, 0.0, 0.0, 0.023396880393262487];4.743696999968961
[nan, nan, nan];False;False;[1.0, 9.420026765355335, 1.6987546990229325, 0.0, 0.0, 41.35748736240026, 0.5, 0.5, 13330.866544825534, 10500.0, 10500.0, 0.0, 3.0, 0.0, 0.025, 0.08142273443774409, 0.0, 0.0, 0.05, 0.5, 0.5, 0.05, 0.5, 0.5, 0.08633843970081378, 0.0, 0.0, 0.05, 0.5, 0.5, 0.05, 0.5, 0.5, 0.0, 1.0, 0.0, 0.010530859440240117, 0.4994899236264011, 188.0, 0.0, 0.0];[nan, nan, nan, nan, nan, nan, nan, nan, nan, nan, nan, nan, nan, nan, nan];56.295239500002936
[nan, nan, nan];False;False;[1.0, 10.00405866542725, 1.6803203203856327, 1.0, 2.0, 52.69665345428393, 0.25955196039537115, 0.4516335213906103, 5565.383818390718, 15443.642831924308, 7179.649037674739, 0.0, 3.0, 1.0, 0.002328209718207619, 0.06509669788231737, 0.04675258002943394, 0.5289416104933348, 0.033989819730265526, 0.3333333333333333, 0.3333333333333333, 0.026863971797384548, 0.44318385446221176, 0.4447721714137841, 0.054836582388670875, 0.3333333333333333, 0.3333333333333333, 0.0772921878088437, 0.3333333333333333, 0.3333333333333333, 0.030638967487060877, 0.3333333333333333, 0.3333333333333333, 0.0, 1.0, 2.0, 0.04032223624447342, 0.02624930981141363, 85.0, 0.0, 1.0];[nan, nan, nan, nan, nan, nan, nan, nan, nan, nan, nan, nan, nan, nan, nan];33.653374599991366
[nan, nan, nan];False;False;[0.0, 7.25, 1.4500000000000002, 0.0, 2.0, 1.639211708292605, 0.8534512305054494, 0.16926038807471677, 10627.098029164688, 5903.320870424228, 18347.598553103577, 0.0, 3.0, 1.0, 0.023013706700630517, 0.09746515807760729, 0.3333333333333333, 0.3333333333333333, 0.009009961208466344, 0.5164790496065804, 0.33276948242173787, 0.08395462565066751, 0.058053635702876694, 0.11485773503318442, 0.07425919740135901, 0.5203914112511194, 0.26903556992011257, 0.036797948569032325, 0.20611431022201188, 0.10173416439944405, 0.0753047486170684, 0.3333333333333333, 0.3333333333333333, 0.0, 0.0, 0.0, 0.030000000000000002, 0.255, 0.0, 0.0, 2.0];[nan, nan, nan, nan, nan, nan, nan, nan, nan, nan, nan, nan, nan, nan, nan];86.46410880004987
[nan, nan, nan];False;False;[1.0, 6.258783721520895, 1.2474319494790136, 0.0, 2.0, 11.164436554194435, 0.8953252848704917, 0.5586034033988082, 3647.457079301586, 8948.699436750896, 8391.635728293024, 1.0, 2.6878615549725047, 0.0, 0.025, 0.02077903908891812, 0.037335056362592156, 0.5290403745186919, 0.012000319842409724, 0.01074866810624453, 0.8557683376498003, 0.0006041030885944876, 0.3333333333333333, 0.3333333333333333, 0.01946793904542531, 0.015771083146903342, 0.1878093183342764, 0.027822277713106816, 0.03472952969853993, 0.31205692238015703, 0.006689470168743473, 0.6446192694910964, 0.35142266056462346, 1.0, 0.0, 0.0, 0.030000000000000002, 0.255, 0.0, 0.0, 1.0];[nan, nan, nan, nan, nan, nan, nan, nan, nan, nan, nan, nan, nan, nan, nan];139.73846549994778
[nan, nan, nan];False;False;[0.0, 7.25, 1.4500000000000002, 0.0, 0.0, 13.802960324405733, 0.5, 0.5, 5827.516928255228, 10500.0, 10500.0, 0.0, 3.0, 0.0, 0.025, 0.038341540534475874, 0.0, 0.0, 0.05, 0.5, 0.5, 0.05, 0.5, 0.5, 0.03108845720221949, 0.0, 0.0, 0.05, 0.5, 0.5, 0.05, 0.5, 0.5, 0.0, 0.0, 0.0, 0.030000000000000002, 0.255, 0.0, 0.0, 0.0];[nan, nan, nan, nan, nan, nan, nan, nan, nan, nan, nan, nan, nan, nan, nan];60.145208599977195
[nan, nan, nan];False;False;[0.0, 7.25, 1.4500000000000002, 0.0, 2.0, 50.0084978613935, 0.30623203849592806, 0.6913002902993427, 12038.214888976921, 5738.656177860715, 10115.273309510458, 0.0, 3.0, 0.0, 0.025, 0.07930198821052457, 0.33976862526956064, 0.30777578758601865, 0.07986125168897436, 0.3333333333333333, 0.3333333333333333, 0.02185581675720375, 0.05461545296926684, 0.021029381760562238, 0.04888365653939441, 0.3333333333333333, 0.3333333333333333, 0.05933963635008917, 0.6072331608660748, 0.09763648557211435, 0.013238832431761372, 0.12039090994011414, 0.1207379391885921, 0.0, 0.0, 0.0, 0.030000000000000002, 0.255, 0.0, 0.0, 0.0];[nan, nan, nan, nan, nan, nan, nan, nan, nan, nan, nan, nan, nan, nan, nan];119.65918089996558
[nan, nan, nan];False;False;[0.0, 7.25, 1.4500000000000002, 0.0, 1.0, 13.860582742967232, 0.4222352465597221, 0.5, 3551.9368884038895, 6641.486598911159, 10500.0, 0.0, 3.0, 0.0, 0.025, 0.0745313350267076, 0.7585732084275685, 0.0, 0.053454201413510316, 0.3321375907183748, 0.0, 0.05, 0.5, 0.5, 0.05964767395201999, 0.5562444777314154, 0.0, 0.06440560847094184, 0.564111393242615, 0.0, 0.05, 0.5, 0.5, 0.0, 0.0, 0.0, 0.030000000000000002, 0.255, 0.0, 1.0, 1.0];[nan, nan, nan, nan, nan, nan, nan, nan, nan, nan, nan, nan, nan, nan, nan];67.20484749996103
[10.05571494934522, 4946.057928701812, 107.26470803364111];True;False;[1.0, 6.796383340798461, 1.1338918113331529, 0.0, 2.0, 29.322463825662737, 0.4015278378004635, 0.28506483645186975, 9945.710962026667, 19824.557159665877, 13687.105345584052, 1.0, 3.439018512440545, 1.0, 0.003964650993366392, 0.08959207728195386, 0.19323934935963316, 0.03644279404437378, 0.04114637502281589, 0.467926872929038, 0.3681958801572257, 0.018681272637643933, 0.7719189349365574, 0.07261988222046878, 0.027812168198006873, 0.35875701798338755, 0.2311526366782326, 0.06793401604216875, 0.09275754527467972, 0.7876855917171754, 0.07418438301259632, 0.3333333333333333, 0.3333333333333333, 0.0, 0.0, 0.0, 0.030000000000000002, 0.255, 0.0, 0.0, 2.0];[2.088214184781502, 0.4856054067121591, 164.13696571860118, 0.0, -0.4984721621995365, -12.189851485081704, -11.399724051116161, -12.443982763007853, -0.7703178565959931, -0.16387724691373629, -0.15546118284297383, -0.41009034533837985, -0.11955686300814483, -0.33333333333333337, -0.25939840699868943];30.690356399980374
[27.5666025999548, 1425.5313752912118, 120.13568843381204];True;False;[0.0, 7.25, 1.4500000000000002, 0.0, 2.0, 37.55442492991305, 0.7772730599439198, 0.10759161368250592, 1303.5626900368009, 7984.723766590826, 15736.737334538991, 0.0, 3.0, 1.0, 0.021221646032956155, 0.00467143488280144, 0.5349426670336496, 0.1378207957278077, 0.027917979115582827, 0.4043194221325175, 0.16480420965556108, 0.07156637254814081, 0.15230236758986937, 0.2562912952613591, 0.07606780686508849, 0.3333333333333333, 0.3333333333333333, 0.02165690895478757, 0.08199159936163758, 0.1986700968920011, 0.008752908979330986, 0.3333333333333333, 0.3333333333333333, 0.0, 0.0, 0.0, 0.030000000000000002, 0.255, 0.0, 0.0, 0.0];[1.4875797126154167, -1.4718315029432467, 314.5706129562787, 0.9389059749586488, -0.1227269400560802, -13.187649922477261, -2.764911649488134, -13.30639582532993, -0.32723653723854274, -0.43087636821192143, -0.5914063371487716, -0.33333333333333337, -0.7193383037463613, -0.33333333333333337, 0.07373397642054869];36.24610359990038
[20.774346601405373, 1726.7591840208802, 115.98608254936738];True;False;[0.0, 7.25, 1.4500000000000002, 0.0, 1.0, 36.64021348780634, 0.7420279147799589, 0.5, 1473.4049016784572, 14427.819914651896, 10500.0, 0.0, 3.0, 0.0, 0.025, 0.051578522270715965, 0.6235978137254676, 0.0, 0.06172011237655051, 0.6389175723079258, 0.0, 0.05, 0.5, 0.5, 0.07963465524061676, 0.09228399261827713, 0.0, 0.07952767082275525, 0.18530394760766877, 0.0, 0.05, 0.5, 0.5, 0.0, 0.0, 0.0, 0.030000000000000002, 0.255, 0.0, 0.0, 1.0];[1.274746009407684, -1.3361622660146115, 40.34714655092804, 0.6805296514308792, -0.15797208522004114, -11.430928626077115, -4.733964482886238, -14.0, -0.37640218627453237, -0.3610824276920742, 0.0, -0.9077160073817229, -0.8146960523923312, 0.0, -0.008364064048373865];39.038316900026985
[nan, nan, nan];False;False;[1.0, 8.830326176430866, 1.579475023863883, 0.0, 1.0, 51.017920093597574, 0.714184906454467, 0.5, 11568.532078352557, 12249.692498668108, 10500.0, 0.0, 3.0, 1.0, 0.015427734137565596, 0.056545099962647644, 0.9763816585476524, 0.0, 0.03284159748514648, 0.09043969877755886, 0.0, 0.05, 0.5, 0.5, 0.09925352239567259, 0.668983227284859, 0.0, 0.033058032583775966, 0.35802865464735945, 0.0, 0.05, 0.5, 0.5, 1.0, 0.0, 0.0, 0.030000000000000002, 0.255, 0.0, 1.0, 1.0];[nan, nan, nan, nan, nan, nan, nan, nan, nan, nan, nan, nan, nan, nan, nan];85.19712369993795
[nan, nan, nan];False;False;[1.0, 3.886820416329172, 1.3403232268610583, 1.0, 0.0, 48.463904802199266, 0.5, 0.5, 4101.108452819082, 10500.0, 10500.0, 1.0, 1.8605649420236858, 0.0, 0.025, 0.003278291657830257, 0.0, 0.0, 0.05, 0.5, 0.5, 0.05, 0.5, 0.5, 0.032667783549348295, 0.0, 0.0, 0.05, 0.5, 0.5, 0.05, 0.5, 0.5, 0.0, 0.0, 0.0, 0.030000000000000002, 0.255, 0.0, 0.0, 0.0];[nan, nan, nan, nan, nan, nan, nan, nan, nan, nan, nan, nan, nan, nan, nan];29.415037600090727
[24.444594915167833, 1251.832928800025, 118.00364667808665];True;False;[0.0, 7.25, 1.4500000000000002, 0.0, 0.0, 22.887664402469028, 0.5, 0.5, 5417.363521030362, 10500.0, 10500.0, 0.0, 3.0, 0.0, 0.025, 0.08967915987389996, 0.0, 0.0, 0.05, 0.5, 0.5, 0.05, 0.5, 0.5, 0.03567418721620939, 0.0, 0.0, 0.05, 0.5, 0.5, 0.05, 0.5, 0.5, 0.0, 0.0, 0.0, 0.030000000000000002, 0.255, 0.0, 0.0, 0.0];[0.4220149372894797, -1.4520902653424452, 8.140018421600725, 0.7470386954746182, -0.4, 7.887664402469028, -14.0, -14.0, -1.0, 0.0, 0.0, -1.0, 0.0, 0.0, 0.02437369199960482];6.152061600005254
[nan, nan, nan];False;False;[1.0, 9.724811750807579, 1.6307070804268717, 0.0, 1.0, 6.718864339222186, 0.38846959534689685, 0.5, 17190.660356035798, 15599.16303920886, 10500.0, 0.0, 3.0, 1.0, 0.00018031983191238443, 0.01455690386648152, 0.8364840149825806, 0.0, 0.015889342541717946, 0.13320645813255205, 0.0, 0.05, 0.5, 0.5, 0.001505405097382917, 0.8863383327183466, 0.0, 0.07260890886819336, 0.8163297847144603, 0.0, 0.05, 0.5, 0.5, 0.0, 1.0, 0.0, 0.013303555570163642, 0.4095435087836878, 94.0, 1.0, 1.0];[nan, nan, nan, nan, nan, nan, nan, nan, nan, nan, nan, nan, nan, nan, nan];161.85719849995803
[nan, nan, nan];False;False;[0.0, 7.25, 1.4500000000000002, 0.0, 1.0, 50.91935018284253, 0.4262884477325136, 0.5, 17248.204195396087, 5053.586997459941, 10500.0, 0.0, 3.0, 0.0, 0.025, 0.09509170929126808, 0.3526163688406132, 0.0, 0.06600583755811672, 0.5732442340304809, 0.0, 0.05, 0.5, 0.5, 0.034502852868087054, 0.3598449325523635, 0.0, 0.006610481904020405, 0.4737529988637269, 0.0, 0.05, 0.5, 0.5, 0.0, 0.0, 0.0, 0.030000000000000002, 0.255, 0.0, 1.0, 1.0];[nan, nan, nan, nan, nan, nan, nan, nan, nan, nan, nan, nan, nan, nan, nan];74.58916470000986
[nan, nan, nan];False;False;[0.0, 7.25, 1.4500000000000002, 0.0, 0.0, 4.320888691692055, 0.5, 0.5, 7767.349886448577, 10500.0, 10500.0, 0.0, 3.0, 0.0, 0.025, 0.08644820259668401, 0.0, 0.0, 0.05, 0.5, 0.5, 0.05, 0.5, 0.5, 0.07844975095036126, 0.0, 0.0, 0.05, 0.5, 0.5, 0.05, 0.5, 0.5, 0.0, 0.0, 0.0, 0.030000000000000002, 0.255, 0.0, 0.0, 0.0];[nan, nan, nan, nan, nan, nan, nan, nan, nan, nan, nan, nan, nan, nan, nan];36.90122850006446
[21.510510285448472, 1644.7238467935676, 116.61392874053588];True;False;[0.0, 7.25, 1.4500000000000002, 0.0, 1.0, 37.60555850942971, 0.7547463444822161, 0.5, 4431.926544117174, 6416.340863942666, 10500.0, 0.0, 3.0, 0.0, 0.025, 0.07336699173428668, 0.3075051851489301, 0.0, 0.07517109210493428, 0.3663968978182882, 0.0, 0.05, 0.5, 0.5, 0.010433793062275777, 0.9615770127316475, 0.0, 0.027643518691712155, 0.040477581549670294, 0.0, 0.05, 0.5, 0.5, 0.0, 0.0, 0.0, 0.030000000000000002, 0.255, 0.0, 1.0, 0.0];[1.1401378792888712, -1.3684192361837235, 42.80994237790606, 0.7289816379823364, -0.1452536555177839, -11.504307223789361, -4.24231592508697, -14.0, -0.6924948148510699, -0.6336031021817118, 0.0, -0.03842298726835247, -0.9595224184503297, 0.0, 0.003369371455160697];14.617121499963105
[28.020445313199083, 1393.3255721697205, 117.7177417795439];True;False;[0.0, 7.25, 1.4500000000000002, 0.0, 2.0, 8.12407799217182, 0.24332084269036516, 0.17818833715098653, 6459.509644424266, 10952.111831517775, 13718.378802915777, 0.0, 3.0, 0.0, 0.025, 0.05239477742028508, 0.21615186036488165, 0.1383146576959977, 0.0692806062389956, 0.3333333333333333, 0.3333333333333333, 0.02615469201030071, 0.3333333333333333, 0.3333333333333333, 0.018684474290601407, 0.3333333333333333, 0.3333333333333333, 0.044632928701019016, 0.15601822801991272, 0.2084312010357574, 0.02991066489944936, 0.3333333333333333, 0.3333333333333333, 0.0, 0.0, 0.0, 0.030000000000000002, 0.255, 0.0, 2.0, 1.0];[1.7129026125692164, -1.332624274115242, -9.362269523794037, 0.5093109558467179, -0.6566791573096349, -11.02714409525004, -13.328964586912466, -13.776269972246524, -0.6455334819391206, -0.33333333333333337, -0.33333333333333337, -0.33333333333333337, -0.6355505709443299, -0.33333333333333337, 0.002660369860269851];71.40889630001038
[nan, nan, nan];False;False;[0.0, 7.25, 1.4500000000000002, 0.0, 2.0, 35.39783798157361, 0.3263177122560582, 0.12448211133811267, 1739.0310853159717, 9354.48582276597, 11365.76844321048, 0.0, 3.0, 1.0, 0.04006247363728334, 0.054317697896395394, 0.3333333333333333, 0.3333333333333333, 0.07377263262664967, 0.3333333333333333, 0.3333333333333333, 0.05717910635498722, 0.3333333333333333, 0.3333333333333333, 0.0695190632228379, 0.3333333333333333, 0.3333333333333333, 0.06597760357848587, 0.05498469488025459, 0.19924459942823414, 0.051836040241140385, 0.24327347412681588, 0.6304666937638368, 0.0, 0.0, 0.0, 0.030000000000000002, 0.255, 0.0, 1.0, 2.0];[nan, nan, nan, nan, nan, nan, nan, nan, nan, nan, nan, nan, nan, nan, nan];113.94363380002324
[20.112780047237667, 2021.783502349067, 115.17711470480135];True;False;[0.0, 7.25, 1.4500000000000002, 0.0, 2.0, 34.83172500719391, 0.5049890369245745, 0.6791823793363223, 18977.05755765442, 4982.071433816578, 3324.6215380406447, 0.0, 3.0, 0.0, 0.025, 0.04892218887476107, 0.6862994272037628, 0.05783153578052824, 0.08006356358791548, 0.3333333333333333, 0.3333333333333333, 0.08155264991884391, 0.3333333333333333, 0.3333333333333333, 0.08438992610096767, 0.3333333333333333, 0.3333333333333333, 0.04136274909245999, 0.43703399080296146, 0.1367351248939962, 0.028253485370414323, 0.3333333333333333, 0.3333333333333333, 0.0, 0.0, 0.0, 0.030000000000000002, 0.255, 0.0, 1.0, 0.0];[2.0603251147067043, -1.2550428961106077, 39.4785986022555, 0.6058216269261485, -0.3950109630754255, -11.734184386640651, -11.734184386640653, -11.734184386640653, -0.25586903701570896, -0.33333333333333337, -0.33333333333333337, -0.33333333333333337, -0.42623088430304235, -0.33333333333333337, -0.023959579664903252];35.67069659999106
[22.49152457036177, 1400.518708786121, 117.51882768105838];True;False;[0.0, 7.25, 1.4500000000000002, 0.0, 0.0, 40.60789572467395, 0.5, 0.5, 4306.086127743535, 10500.0, 10500.0, 0.0, 3.0, 0.0, 0.025, 0.04213874396300406, 0.0, 0.0, 0.05, 0.5, 0.5, 0.05, 0.5, 0.5, 0.039107223204642216, 0.0, 0.0, 0.05, 0.5, 0.5, 0.05, 0.5, 0.5, 0.0, 0.0, 0.0, 0.030000000000000002, 0.255, 0.0, 0.0, 0.0];[0.4466849765418317, -1.445735269812978, 42.918636240365885, 0.8107790410571769, -0.4, 25.607895724673952, -14.0, -14.0, -1.0, 0.0, 0.0, -1.0, 0.0, 0.0, 0.021758542737850606];4.8016004000091925
[21.278027640649842, 1730.0026149593623, 116.38806655155551];True;False;[0.0, 7.25, 1.4500000000000002, 0.0, 1.0, 44.434541542332504, 0.6276441797939527, 0.5, 10550.0378642193, 5638.097433702169, 10500.0, 0.0, 3.0, 0.0, 0.025, 0.07130467816760486, 0.7856811498022501, 0.0, 0.020794147857973424, 0.19812348219950782, 0.0, 0.05, 0.5, 0.5, 0.011910036454687646, 0.7619457399367411, 0.0, 0.058140806560492524, 0.5362366022582035, 0.0, 0.05, 0.5, 0.5, 0.0, 0.0, 0.0, 0.030000000000000002, 0.255, 0.0, 0.0, 1.0];[1.191560227407689, -1.3560965841430865, 63.48040520314977, 0.7073102201788783, -0.2723558202060473, -9.865683082303558, -6.345578729435253, -14.0, -0.21431885019774988, -0.8018765178004922, 0.0, -0.23805426006325892, -0.46376339774179653, 0.0, -0.0011784913482037473];18.144343100022525
[13.136918742963518, 3672.760530885733, 103.13242382951137];True;False;[1.0, 5.40705195641587, 1.1982890470190894, 1.0, 2.0, 19.790745220736067, 0.3300170935007677, 0.7609528269382787, 19526.23638894839, 17099.4842673007, 11825.083606303868, 0.0, 3.0, 1.0, 0.016014305616935693, 0.020770234184099748, 0.6648380911708279, 0.10634428461105594, 0.09870360374045473, 0.3333333333333333, 0.3333333333333333, 0.09321251686235783, 0.3333333333333333, 0.3333333333333333, 0.03832306224482244, 0.5356873182380052, 0.026349963033130863, 0.036871061331632475, 0.7428358050074189, 0.22479258427448545, 0.04469681077781678, 0.3333333333333333, 0.3333333333333333, 0.0, 1.0, 0.0, 0.04953079824504067, 0.21395736804163107, 16.0, 2.0, 0.0];[1.644831927137436, -0.11486673607337128, 198.98785628197723, 0.0, -0.5699829064992323, -12.602383845067976, -12.602383845067976, -12.602383845067976, -0.22881762421811613, -0.33333333333333337, -0.33333333333333337, -0.43796271872886394, -0.03237161071809569, -0.33333333333333337, -0.24702344884384214];95.39436659996863
[nan, nan, nan];False;False;[0.0, 7.25, 1.4500000000000002, 0.0, 1.0, 51.93063757628426, 0.11220156991492383, 0.5, 15170.045742966053, 17699.432697825134, 10500.0, 0.0, 3.0, 1.0, 0.0020914081987514765, 0.0743534530665852, 0.5903691527241568, 0.0, 0.0934833791165754, 0.7263429343797662, 0.0, 0.05, 0.5, 0.5, 0.03210707390085308, 0.35214801324766387, 0.0, 0.008421200962761754, 0.757310754208922, 0.0, 0.05, 0.5, 0.5, 0.0, 0.0, 0.0, 0.030000000000000002, 0.255, 0.0, 0.0, 1.0];[nan, nan, nan, nan, nan, nan, nan, nan, nan, nan, nan, nan, nan, nan, nan];133.2239504000172
[nan, nan, nan];False;False;[0.0, 7.25, 1.4500000000000002, 0.0, 1.0, 1.7657601160346699, 0.1962072872508272, 0.5, 7744.062804346554, 1491.258343063861, 10500.0, 0.0, 3.0, 1.0, 0.026331231705507746, 0.07255664789909629, 0.21239490711796316, 0.0, 0.015267391197894676, 0.7276457958792523, 0.0, 0.05, 0.5, 0.5, 0.054103151798799376, 0.1403581671755868, 0.0, 0.03340745261304056, 0.7810626838718676, 0.0, 0.05, 0.5, 0.5, 0.0, 0.0, 0.0, 0.030000000000000002, 0.255, 0.0, 0.0, 0.0];[nan, nan, nan, nan, nan, nan, nan, nan, nan, nan, nan, nan, nan, nan, nan];76.10116349998862
[nan, nan, nan];False;False;[0.0, 7.25, 1.4500000000000002, 0.0, 1.0, 52.37737659279626, 0.4790703256397063, 0.5, 12648.522180424116, 16023.536082871846, 10500.0, 0.0, 3.0, 0.0, 0.025, 0.0192910108128749, 0.2912836168586167, 0.0, 0.09642098619138936, 0.578873922108111, 0.0, 0.05, 0.5, 0.5, 0.09179328314010138, 0.12881429353786833, 0.0, 0.0037631247505464094, 0.31673880077881256, 0.0, 0.05, 0.5, 0.5, 0.0, 0.0, 0.0, 0.030000000000000002, 0.255, 0.0, 1.0, 1.0];[nan, nan, nan, nan, nan, nan, nan, nan, nan, nan, nan, nan, nan, nan, nan];80.43747899995651
[nan, nan, nan];False;False;[1.0, 6.863280901247282, 1.1138747918397618, 1.0, 1.0, 19.676205208662616, 0.4117342506188264, 0.5, 2608.3363150990963, 2418.1661332250005, 10500.0, 0.0, 3.0, 0.0, 0.025, 0.021639427134527323, 0.27813049504300125, 0.0, 0.01998976225552539, 0.4376162786309584, 0.0, 0.05, 0.5, 0.5, 0.07959005248793748, 0.1066050214998101, 0.0, 0.026800193814435935, 0.2275898306371451, 0.0, 0.05, 0.5, 0.5, 1.0, 1.0, 1.0, 0.022983601618347158, 0.13245758235209656, 49.0, 1.0, 1.0];[nan, nan, nan, nan, nan, nan, nan, nan, nan, nan, nan, nan, nan, nan, nan];126.76973509998061
[24.304964921671214, 1257.7382660994658, 118.01404880178893];True;False;[0.0, 7.25, 1.4500000000000002, 0.0, 0.0, 24.110225180546482, 0.5, 0.5, 7997.120422054811, 10500.0, 10500.0, 0.0, 3.0, 0.0, 0.025, 0.05364203719881915, 0.0, 0.0, 0.05, 0.5, 0.5, 0.05, 0.5, 0.5, 0.06364679849531502, 0.0, 0.0, 0.05, 0.5, 0.5, 0.05, 0.5, 0.5, 0.0, 0.0, 0.0, 0.030000000000000002, 0.255, 0.0, 0.0, 0.0];[0.4125863590923462, -1.4545190645704933, 10.062073349024818, 0.7588521369554988, -0.4, 9.110225180546482, -14.0, -14.0, -1.0, 0.0, 0.0, -1.0, 0.0, 0.0, 0.025380106543420267];5.2943111000349745
[31.265683515296146, 1254.4983161505438, 117.86047869602353];True;False;[0.0, 7.25, 1.4500000000000002, 0.0, 1.0, 6.344703768141754, 0.35218574616064613, 0.5, 5859.306697784619, 4451.129386809509, 10500.0, 0.0, 3.0, 0.0, 0.025, 0.0669609659080193, 0.3211234867561289, 0.0, 0.033998377796824575, 0.09755291218239581, 0.0, 0.05, 0.5, 0.5, 0.08678242671335418, 0.5745678340951232, 0.0, 0.00220202212208237, 0.6786230816432786, 0.0, 0.05, 0.5, 0.5, 0.0, 0.0, 0.0, 0.030000000000000002, 0.255, 0.0, 0.0, 0.0];[1.2206801777914986, -1.3491183921867231, -10.933204536096131, 0.4027356148867669, -0.5478142538393539, -11.58378624334387, -13.142767338320159, -14.0, -0.6788765132438711, -0.9024470878176042, 0.0, -0.42543216590487676, -0.32137691835672144, 0.0, -0.0037176400387221586];44.2930306000635
[nan, nan, nan];False;False;[1.0, 4.589056323717898, 1.5092410009163117, 0.0, 1.0, 35.69310949618244, 0.7059140231689842, 0.5, 15405.013950410254, 17247.939651041226, 10500.0, 1.0, 3.5902664524785863, 1.0, 0.024637586211150687, 0.09615245410049095, 0.9466175239909222, 0.0, 0.047994024941354976, 0.4286476691402509, 0.0, 0.05, 0.5, 0.5, 0.054268192271574395, 0.587822491942442, 0.0, 0.008836734026402648, 0.9957463923414428, 0.0, 0.05, 0.5, 0.5, 0.0, 0.0, 0.0, 0.030000000000000002, 0.255, 0.0, 0.0, 0.0];[nan, nan, nan, nan, nan, nan, nan, nan, nan, nan, nan, nan, nan, nan, nan];92.5744859999977
[38.3417949303716, 1122.5934462525233, 120.25780376611544];True;False;[0.0, 7.25, 1.4500000000000002, 0.0, 1.0, 6.002591877323775, 0.7810199543275953, 0.5, 7324.51275428945, 19900.78706942211, 10500.0, 0.0, 3.0, 1.0, 0.021130696212207756, 0.07293616409941471, 0.743358513596998, 0.0, 0.05270613844054345, 0.1832853899623702, 0.0, 0.05, 0.5, 0.5, 0.09021358838809976, 0.6820073974923073, 0.0, 0.041339008128223026, 0.3500302430759382, 0.0, 0.05, 0.5, 0.5, 0.0, 0.0, 0.0, 0.030000000000000002, 0.255, 0.0, 1.0, 0.0];[1.346919486521748, -1.414350342721956, 246.6683806381622, 0.4361171759501876, -0.11898004567240472, -13.702699414203002, -10.373013823441642, -14.0, -0.256641486403002, -0.8167146100376298, 0.0, -0.3179926025076927, -0.6499697569240618, 0.0, 0.03412398312289544];46.53409420000389
[nan, nan, nan];False;False;[1.0, 4.0966032610425, 1.7658463965221862, 1.0, 2.0, 59.55106357047526, 0.37286216735924693, 0.4205934802765733, 8326.706441171193, 5207.472653147006, 14344.89717509494, 1.0, 4.725627898355745, 0.0, 0.025, 0.0738985770108839, 0.5187020677574704, 0.2022433054289704, 0.0005313468509670739, 0.741750874163876, 0.021982541294635727, 0.04045349545848063, 0.10427112687114437, 0.824337326624136, 0.019564098042656554, 0.8191309829569995, 0.08254379413676127, 0.02150960276223578, 0.07294995126358972, 0.7410799619582028, 0.09587050216144014, 0.5632141444052607, 0.2730817678905475, 0.0, 0.0, 0.0, 0.030000000000000002, 0.255, 0.0, 1.0, 1.0];[nan, nan, nan, nan, nan, nan, nan, nan, nan, nan, nan, nan, nan, nan, nan];134.51587989996187
[9.013155277074674, 3439.2106141452196, 106.73850864193916];True;False;[1.0, 11.512727066681006, 1.2156031590945278, 0.0, 1.0, 20.340922640921043, 0.8352613157311007, 0.5, 18944.69679243121, 3736.9406897415215, 10500.0, 1.0, 2.8433996889596513, 0.0, 0.025, 0.01458440725633451, 0.06187697620959698, 0.0, 0.010912206504498213, 0.3399288108329256, 0.0, 0.05, 0.5, 0.5, 0.07021744088055092, 0.9034950329767072, 0.0, 0.010389870593422112, 0.8067878785796601, 0.0, 0.05, 0.5, 0.5, 0.0, 0.0, 0.0, 0.030000000000000002, 0.255, 0.0, 1.0, 0.0];[0.5045915780457486, 0.3258564580443344, 5.622769035422248, -1.1102230246251565e-16, -0.06473868426889928, -13.183330074646344, -5.789084428869138, -14.0, -0.938123023790403, -0.6600711891670744, 0.0, -0.09650496702329281, -0.19321212142033994, 0.0, -0.2525160872911084];25.356294400058687
[nan, nan, nan];False;False;[0.0, 7.25, 1.4500000000000002, 0.0, 1.0, 52.3355052497476, 0.7638328746416793, 0.5, 10581.315983795088, 15405.49930221305, 10500.0, 0.0, 3.0, 1.0, 0.010612056859601517, 0.034983851198851036, 0.09161682928134518, 0.0, 0.0975345601767031, 0.2284092941821545, 0.0, 0.05, 0.5, 0.5, 0.04060576403435038, 0.2593174480020807, 0.0, 0.06105418734568833, 0.40033446892715996, 0.0, 0.05, 0.5, 0.5, 0.0, 0.0, 0.0, 0.030000000000000002, 0.255, 0.0, 1.0, 0.0];[nan, nan, nan, nan, nan, nan, nan, nan, nan, nan, nan, nan, nan, nan, nan];71.61318119999487
[21.86291599952845, 1474.9114936966496, 117.31745824997975];True;False;[0.0, 7.25, 1.4500000000000002, 0.0, 0.0, 51.800262942382616, 0.5, 0.5, 1875.2580498590773, 10500.0, 10500.0, 0.0, 3.0, 0.0, 0.025, 0.04257154940152185, 0.0, 0.0, 0.05, 0.5, 0.5, 0.05, 0.5, 0.5, 0.0009812852004325247, 0.0, 0.0, 0.05, 0.5, 0.5, 0.05, 0.5, 0.5, 0.0, 0.0, 0.0, 0.030000000000000002, 0.255, 0.0, 0.0, 0.0];[0.46403400258402616, -1.4412661653332128, 72.80854232663238, 0.8268490092016594, -0.4, 36.800262942382616, -14.0, -14.0, -1.0, 0.0, 0.0, -1.0, 0.0, 0.0, 0.019935025304050558];5.8497724999906495
[nan, nan, nan];False;False;[0.0, 7.25, 1.4500000000000002, 0.0, 2.0, 29.39367830924617, 0.13458502338356962, 0.5835690595592341, 7879.9930345312005, 12948.822629149625, 12375.4595039392, 0.0, 3.0, 1.0, 0.04398915993229016, 0.07146090809210798, 0.28293803040917165, 0.328522617652926, 0.09565567144389664, 0.6936434094045085, 0.05827519790033131, 0.050365512607822086, 0.3333333333333333, 0.3333333333333333, 0.08894272015744395, 0.15627120651744952, 0.2089554424296992, 0.00964404560530422, 0.3333333333333333, 0.3333333333333333, 0.06657168260618399, 0.15710390436430022, 0.03971369753675247, 0.0, 0.0, 0.0, 0.030000000000000002, 0.255, 0.0, 1.0, 2.0];[nan, nan, nan, nan, nan, nan, nan, nan, nan, nan, nan, nan, nan, nan, nan];110.2458041999489
[22.984661633970422, 1350.432556259063, 117.75497922290027];True;False;[0.0, 7.25, 1.4500000000000002, 0.0, 0.0, 36.22158918498719, 0.5, 0.5, 18868.36177865609, 10500.0, 10500.0, 0.0, 3.0, 0.0, 0.025, 0.011841272772992906, 0.0, 0.0, 0.05, 0.5, 0.5, 0.05, 0.5, 0.5, 0.0642971603756583, 0.0, 0.0, 0.05, 0.5, 0.5, 0.05, 0.5, 0.5, 0.0, 0.0, 0.0, 0.030000000000000002, 0.255, 0.0, 0.0, 0.0];[0.41170398119293683, -1.4547463648819636, 32.90652345054665, 0.814248236452831, -0.4, 21.221589184987188, -14.0, -14.0, -1.0, 0.0, 0.0, -1.0, 0.0, 0.0, 0.025474490039774755];5.874223500024527
[nan, nan, nan];False;False;[0.0, 7.25, 1.4500000000000002, 0.0, 0.0, 9.749970605506286, 0.5, 0.5, 10581.994537496259, 10500.0, 10500.0, 0.0, 3.0, 0.0, 0.025, 0.05026991829539146, 0.0, 0.0, 0.05, 0.5, 0.5, 0.05, 0.5, 0.5, 0.012553937665737182, 0.0, 0.0, 0.05, 0.5, 0.5, 0.05, 0.5, 0.5, 0.0, 0.0, 0.0, 0.030000000000000002, 0.255, 0.0, 0.0, 0.0];[nan, nan, nan, nan, nan, nan, nan, nan, nan, nan, nan, nan, nan, nan, nan];48.921790300053544
[nan, nan, nan];False;False;[1.0, 7.556252800613695, 1.6053470924597084, 1.0, 1.0, 26.810657124512193, 0.22285378282395263, 0.5, 15580.248630285425, 4123.68840750084, 10500.0, 0.0, 3.0, 1.0, 0.04383816151155426, 0.09117111971205956, 0.23994039112382826, 0.0, 0.03901045625747216, 0.021280392359767197, 0.0, 0.05, 0.5, 0.5, 0.04225210207071738, 0.12318839276659055, 0.0, 0.03438507348970937, 0.7111340864715318, 0.0, 0.05, 0.5, 0.5, 1.0, 1.0, 1.0, 0.04462948109205293, 0.11717291700363314, 239.0, 0.0, 1.0];[nan, nan, nan, nan, nan, nan, nan, nan, nan, nan, nan, nan, nan, nan, nan];78.23697869991884
[nan, nan, nan];False;False;[0.0, 7.25, 1.4500000000000002, 0.0, 1.0, 3.932457485669822, 0.8268102412772733, 0.5, 11635.426838091853, 7900.048527782127, 10500.0, 0.0, 3.0, 1.0, 0.037235481518549794, 0.007540007895612589, 0.23510924192551785, 0.0, 0.06336766396457812, 0.9921124747132365, 0.0, 0.05, 0.5, 0.5, 0.060773998421659106, 0.16752493903868493, 0.0, 0.05428579725553656, 0.8146181209164347, 0.0, 0.05, 0.5, 0.5, 0.0, 0.0, 0.0, 0.030000000000000002, 0.255, 0.0, 0.0, 0.0];[nan, nan, nan, nan, nan, nan, nan, nan, nan, nan, nan, nan, nan, nan, nan];56.327633299981244
[nan, nan, nan];False;False;[1.0, 10.085554764715832, 1.4587772200595577, 0.0, 0.0, 34.1349363227915, 0.5, 0.5, 19441.731743301236, 10500.0, 10500.0, 1.0, 4.615782475848751, 0.0, 0.025, 0.09880243209375522, 0.0, 0.0, 0.05, 0.5, 0.5, 0.05, 0.5, 0.5, 0.038425167929193274, 0.0, 0.0, 0.05, 0.5, 0.5, 0.05, 0.5, 0.5, 0.0, 0.0, 0.0, 0.030000000000000002, 0.255, 0.0, 0.0, 0.0];[nan, nan, nan, nan, nan, nan, nan, nan, nan, nan, nan, nan, nan, nan, nan];38.38318140001502
[nan, nan, nan];False;False;[1.0, 11.597732601087042, 1.7043441437710825, 1.0, 0.0, 38.24947025381168, 0.5, 0.5, 6791.887278638238, 10500.0, 10500.0, 0.0, 3.0, 0.0, 0.025, 0.01894291588539513, 0.0, 0.0, 0.05, 0.5, 0.5, 0.05, 0.5, 0.5, 0.03540455555769203, 0.0, 0.0, 0.05, 0.5, 0.5, 0.05, 0.5, 0.5, 1.0, 1.0, 0.0, 0.04182898811850031, 0.19851021191429716, 112.0, 0.0, 0.0];[nan, nan, nan, nan, nan, nan, nan, nan, nan, nan, nan, nan, nan, nan, nan];5.0539287000428885
[nan, nan, nan];False;False;[1.0, 2.6653795294835865, 1.605271260683689, 0.0, 1.0, 42.76767710662446, 0.4487454382886752, 0.5, 14279.52984679283, 18231.96095178055, 10500.0, 0.0, 3.0, 1.0, 0.01119427663148579, 0.003623825248586277, 0.20244864848858057, 0.0, 0.08369046830051645, 0.18787485322556108, 0.0, 0.05, 0.5, 0.5, 0.021406634336444654, 0.2834095405294187, 0.0, 0.0164139336422645, 0.5344344378113457, 0.0, 0.05, 0.5, 0.5, 1.0, 1.0, 0.0, 0.046202702477100566, 0.13942127393318823, 231.0, 0.0, 1.0];[nan, nan, nan, nan, nan, nan, nan, nan, nan, nan, nan, nan, nan, nan, nan];106.47430399991572
[22.149684510021828, 1438.8526359618759, 117.39384362098846];True;False;[0.0, 7.25, 1.4500000000000002, 0.0, 0.0, 45.58810846010781, 0.5, 0.5, 19312.851847065886, 10500.0, 10500.0, 0.0, 3.0, 0.0, 0.025, 0.0460406732159296, 0.0, 0.0, 0.05, 0.5, 0.5, 0.05, 0.5, 0.5, 0.022578201187973424, 0.0, 0.0, 0.05, 0.5, 0.5, 0.05, 0.5, 0.5, 0.0, 0.0, 0.0, 0.030000000000000002, 0.255, 0.0, 0.0, 0.0];[0.4603572275601966, -1.4422133015983958, 55.438227944025655, 0.8162997975914112, -0.4, 30.58810846010781, -14.0, -14.0, -1.0, 0.0, 0.0, -1.0, 0.0, 0.0, 0.020320417731926832];4.546752499998547
[nan, nan, nan];False;False;[1.0, 5.245723355641873, 1.5509417322283887, 1.0, 1.0, 23.922153211396044, 0.8456201246318457, 0.5, 15537.202950172368, 19004.03869386521, 10500.0, 0.0, 3.0, 1.0, 0.01492387310800309, 0.09531071888073481, 0.8816435009604645, 0.0, 0.019343656903080833, 0.5505166079562268, 0.0, 0.05, 0.5, 0.5, 0.08638423523927863, 0.9900437885872632, 0.0, 0.03255175552025692, 0.9459238762039265, 0.0, 0.05, 0.5, 0.5, 0.0, 0.0, 0.0, 0.030000000000000002, 0.255, 0.0, 1.0, 0.0];[nan, nan, nan, nan, nan, nan, nan, nan, nan, nan, nan, nan, nan, nan, nan];56.94587529997807
[nan, nan, nan];False;False;[1.0, 5.353951556631408, 1.1239185775815488, 0.0, 1.0, 39.37544639169315, 0.7517378250451375, 0.5, 16860.046337507505, 12212.353483711358, 10500.0, 0.0, 3.0, 0.0, 0.025, 0.02132098649059321, 0.8864426024093008, 0.0, 0.07316926313376201, 0.9232776739502472, 0.0, 0.05, 0.5, 0.5, 0.0863954897482875, 0.9926812795102323, 0.0, 0.09200510993648382, 0.41521929721247886, 0.0, 0.05, 0.5, 0.5, 1.0, 0.0, 0.0, 0.030000000000000002, 0.255, 0.0, 1.0, 1.0];[nan, nan, nan, nan, nan, nan, nan, nan, nan, nan, nan, nan, nan, nan, nan];168.42583069996908
[9.213076937829939, 4226.176691360576, 107.48803835417304];True;False;[1.0, 7.115665629635302, 1.3049356998696025, 0.0, 1.0, 55.23378719216356, 0.19504313517028635, 0.5, 11016.020327454957, 1120.28327656429, 10500.0, 1.0, 4.733294592904444, 0.0, 0.025, 0.018425123003843313, 0.2656817712428975, 0.0, 0.04266423684158375, 0.4757166663881156, 0.0, 0.05, 0.5, 0.5, 0.09756823572066575, 0.564769096699242, 0.0, 0.03563265071361365, 0.9771034366755436, 0.0, 0.05, 0.5, 0.5, 0.0, 1.0, 1.0, 0.025301112386070163, 0.32145894872367703, 151.0, 1.0, 1.0];[0.6709342551542319, 0.26813884979104063, 93.64821749773594, 0.0, -0.7049568648297136, -1.783123725839511, -11.797516614489183, -14.0, -0.7343182287571025, -0.5242833336118844, 0.0, -0.435230903300758, -0.022896563324456443, 0.0, -0.1804183335366697];19.747284699929878
[nan, nan, nan];False;False;[1.0, 9.496477230658417, 1.6705602577509664, 1.0, 1.0, 22.496645764660414, 0.5639588220137632, 0.5, 4727.951448168939, 9518.157169601685, 10500.0, 0.0, 3.0, 1.0, 0.024570419072648272, 0.0007734058880826122, 0.9016237169757441, 0.0, 0.043057315896151666, 0.04128632998883042, 0.0, 0.05, 0.5, 0.5, 0.06351571302286309, 0.804980410195954, 0.0, 0.05299434494468275, 0.7001166579436242, 0.0, 0.05, 0.5, 0.5, 1.0, 0.0, 0.0, 0.030000000000000002, 0.255, 0.0, 1.0, 1.0];[nan, nan, nan, nan, nan, nan, nan, nan, nan, nan, nan, nan, nan, nan, nan];68.07244280003943
[nan, nan, nan];False;False;[0.0, 7.25, 1.4500000000000002, 0.0, 1.0, 7.5012176166162945, 0.8867419482316659, 0.5, 18898.654175870386, 9966.21792684461, 10500.0, 0.0, 3.0, 0.0, 0.025, 0.01500885562255251, 0.31176566327049404, 0.0, 0.03794458772429226, 0.08522997570167468, 0.0, 0.05, 0.5, 0.5, 0.06344615133629601, 0.6728306880420885, 0.0, 0.01223928074191928, 0.8837990371883977, 0.0, 0.05, 0.5, 0.5, 0.0, 0.0, 0.0, 0.030000000000000002, 0.255, 0.0, 1.0, 1.0];[nan, nan, nan, nan, nan, nan, nan, nan, nan, nan, nan, nan, nan, nan, nan];74.51060839998536
[nan, nan, nan];False;False;[1.0, 8.571590754441555, 1.6789461419521423, 0.0, 1.0, 43.382329190714344, 0.8260726089054439, 0.5, 11108.221701127059, 11602.01043371825, 10500.0, 0.0, 3.0, 1.0, 0.04839879757964401, 0.014334228692697583, 0.3306423766135046, 0.0, 0.06283174073229916, 0.7991753886631279, 0.0, 0.05, 0.5, 0.5, 0.048470718791237745, 0.3304055039710554, 0.0, 0.02069772287101095, 0.2970770434365685, 0.0, 0.05, 0.5, 0.5, 1.0, 1.0, 1.0, 0.010941486771113325, 0.2896090551911298, 87.0, 0.0, 0.0];[nan, nan, nan, nan, nan, nan, nan, nan, nan, nan, nan, nan, nan, nan, nan];121.90964279999025
[27.214578891370202, 1571.4723063884294, 118.46308028937715];True;False;[0.0, 7.25, 1.4500000000000002, 0.0, 2.0, 20.149991950252, 0.39807503144677747, 0.6824205121411352, 1232.849766753133, 15367.398731852194, 15011.599930414235, 0.0, 3.0, 1.0, 0.01833402854424627, 0.09536221942625862, 0.3333333333333333, 0.3333333333333333, 0.09983718737491615, 0.3898495324050987, 0.5909006985473808, 0.08741745625272307, 0.3333333333333333, 0.3333333333333333, 0.07651396029214237, 0.023827124608399308, 0.2517869850373696, 0.04924473058505623, 0.14370232081459944, 0.14215839447254486, 0.04724844240655719, 0.08032105870301076, 0.580333825853604, 0.0, 0.0, 0.0, 0.030000000000000002, 0.255, 0.0, 1.0, 2.0];[2.0589746338402373, -1.3527187438181545, 122.36112510788402, 0.6466649112324097, -0.5019249685532226, -12.27881359650071, -12.278813596500711, -12.278813596500711, -0.33333333333333337, -0.019249769047520515, -0.33333333333333337, -0.7243858903542311, -0.7141392847128557, -0.3393451154433852, 0.023752279804520993];97.99669289996382
[21.232128446075325, 1763.117445412812, 116.2087021791258];True;False;[0.0, 7.25, 1.4500000000000002, 0.0, 1.0, 44.64562205368205, 0.4930520582548311, 0.5, 12778.764883966305, 17078.013114211346, 10500.0, 0.0, 3.0, 0.0, 0.025, 0.06977657379599458, 0.07956242379170142, 0.0, 0.06354747503587477, 0.9050832764517109, 0.0, 0.05, 0.5, 0.5, 0.03916650922663352, 0.909928658416899, 0.0, 0.004510216514207177, 0.6936053348817787, 0.0, 0.05, 0.5, 0.5, 0.0, 0.0, 0.0, 0.030000000000000002, 0.255, 0.0, 0.0, 0.0];[1.2372584337199362, -1.3451456432415705, 64.43785371469987, 0.6842241605891994, -0.4069479417451689, -8.224759230227619, -8.410474465665086, -14.0, -0.9204375762082986, -0.09491672354828906, 0.0, -0.09007134158310104, -0.30639466511822133, 0.0, -0.005151686643252162];18.127876800019294
[24.312887590381706, 1266.563060089404, 117.83926070441018];True;False;[0.0, 7.25, 1.4500000000000002, 0.0, 0.0, 22.30144160691862, 0.5, 0.5, 10518.122470913046, 10500.0, 10500.0, 0.0, 3.0, 0.0, 0.025, 0.06914122596716972, 0.0, 0.0, 0.05, 0.5, 0.5, 0.05, 0.5, 0.5, 0.08035314231963148, 0.0, 0.0, 0.05, 0.5, 0.5, 0.05, 0.5, 0.5, 0.0, 0.0, 0.0, 0.030000000000000002, 0.255, 0.0, 0.0, 0.0];[0.4575302407341679, -1.4429415326505373, 7.24304038781473, 0.7284333578688871, -0.4, 7.301441606918619, -14.0, -14.0, -1.0, 0.0, 0.0, -1.0, 0.0, 0.0, 0.020617125748781384];4.8858410000102594
[nan, nan, nan];False;False;[1.0, 8.967869597334897, 1.6905854443399506, 0.0, 0.0, 27.931754879121222, 0.5, 0.5, 5999.723154183445, 10500.0, 10500.0, 1.0, 2.8986129448897486, 0.0, 0.025, 0.07748819529876504, 0.0, 0.0, 0.05, 0.5, 0.5, 0.05, 0.5, 0.5, 0.022917870525893436, 0.0, 0.0, 0.05, 0.5, 0.5, 0.05, 0.5, 0.5, 0.0, 1.0, 0.0, 0.032609854227295704, 0.48713390444572996, 191.0, 0.0, 0.0];[nan, nan, nan, nan, nan, nan, nan, nan, nan, nan, nan, nan, nan, nan, nan];66.88707789999899
[9.797135620387982, 3222.6197139427495, 107.33337661488028];True;False;[1.0, 7.543694560400555, 1.4005242684547563, 0.0, 0.0, 27.44970788397397, 0.5, 0.5, 11583.708212416956, 10500.0, 10500.0, 0.0, 3.0, 0.0, 0.025, 0.09062693998246413, 0.0, 0.0, 0.05, 0.5, 0.5, 0.05, 0.5, 0.5, 0.00850376066682247, 0.0, 0.0, 0.05, 0.5, 0.5, 0.05, 0.5, 0.5, 0.0, 1.0, 0.0, 0.014846006287510857, 0.012721585600762485, 203.0, 0.0, 0.0];[-0.22393813624769, -0.03828879794196327, 15.91157358448083, 2.220446049250313e-16, -0.4, 4.599594596286519, -14.0, -14.0, -1.0, 0.0, 0.0, -1.0, 0.0, 0.0, -0.4860073396340681];9.062691999948584
[nan, nan, nan];False;False;[0.0, 7.25, 1.4500000000000002, 0.0, 1.0, 44.82746978130633, 0.3664097433679093, 0.5, 2334.260004692529, 19286.17803966348, 10500.0, 0.0, 3.0, 1.0, 0.038423957088426164, 0.05827899775905437, 0.9275153178488199, 0.0, 0.048694882301758946, 0.9376701154091202, 0.0, 0.05, 0.5, 0.5, 0.09759256093938272, 0.9786061323536288, 0.0, 0.08062837414454395, 0.9723688985711819, 0.0, 0.05, 0.5, 0.5, 0.0, 0.0, 0.0, 0.030000000000000002, 0.255, 0.0, 1.0, 1.0];[nan, nan, nan, nan, nan, nan, nan, nan, nan, nan, nan, nan, nan, nan, nan];78.80208759999368
[39.36243602746324, 1066.9219226612843, 122.93320758439381];True;False;[0.0, 7.25, 1.4500000000000002, 0.0, 1.0, 32.17394366261235, 0.4623403787355027, 0.5, 15492.647621467262, 15997.611265459045, 10500.0, 0.0, 3.0, 1.0, 0.04495721476822193, 0.06689029203872295, 0.3135370492508083, 0.0, 0.06505384179343081, 0.0, 0.0, 0.05, 0.5, 0.5, 0.08510162219944939, 0.11500049155090497, 0.0, 0.09231862872269807, 0.668098962896844, 0.0, 0.05, 0.5, 0.5, 0.0, 0.0, 0.0, 0.030000000000000002, 0.255, 0.0, 1.0, 0.0];[0.5510177092996225, -1.592079638473766, 49.06602715690376, 0.806874536484641, -0.4376596212644973, -8.88319061251001, -9.740077444882616, -14.0, -0.6864629507491917, -1.0, 0.0, -0.884999508449095, -0.331901037103156, 0.0, 0.1182872650377026];18.668672999949194
[nan, nan, nan];False;False;[0.0, 7.25, 1.4500000000000002, 0.0, 2.0, 2.8857802133523958, 0.8027049798782703, 0.8829714572276041, 2742.9837560170763, 3686.9490886082276, 18902.35482032249, 0.0, 3.0, 0.0, 0.025, 0.05968076756346705, 0.20240237710968978, 0.17116551889468445, 0.09993957592314257, 0.05947678049868077, 0.7264291620801633, 0.0052130711647623285, 0.3333333333333333, 0.3333333333333333, 0.03600678282362161, 0.3333333333333333, 0.3333333333333333, 0.018949368730343787, 0.3333333333333333, 0.3333333333333333, 0.0446400690784978, 0.3333333333333333, 0.3333333333333333, 0.0, 0.0, 0.0, 0.030000000000000002, 0.255, 0.0, 0.0, 1.0];[nan, nan, nan, nan, nan, nan, nan, nan, nan, nan, nan, nan, nan, nan, nan];15.515726999961771
[21.365111601251794, 1550.6835284939261, 116.61392988436612];True;False;[0.0, 7.25, 1.4500000000000002, 0.0, 0.0, 46.458666719196586, 0.5, 0.5, 11670.93634480999, 10500.0, 10500.0, 0.0, 3.0, 0.0, 0.025, 0.09109950119036399, 0.0, 0.0, 0.05, 0.5, 0.5, 0.05, 0.5, 0.5, 0.06570319785610773, 0.0, 0.0, 0.05, 0.5, 0.5, 0.05, 0.5, 0.5, 0.0, 0.0, 0.0, 0.030000000000000002, 0.255, 0.0, 0.0, 0.0];[0.6194489090629185, -1.40123132688878, 57.754223424665824, 0.7404982522492058, -0.4, 31.458666719196586, -14.0, -14.0, -1.0, 0.0, 0.0, -1.0, 0.0, 0.0, 0.004150972221759974];5.268782000057399
[21.062252777593574, 1690.8275095257904, 116.5018811807848];True;False;[0.0, 7.25, 1.4500000000000002, 0.0, 1.0, 43.41147959053846, 0.7470446764834281, 0.5, 8357.552292820556, 16024.305769792289, 10500.0, 0.0, 3.0, 0.0, 0.025, 0.000915681019308734, 0.8013695425394982, 0.0, 0.04560699694638609, 0.6878761030136306, 0.0, 0.05, 0.5, 0.5, 0.02236016700837803, 0.39827205051648606, 0.0, 0.09515094081407649, 0.7206386018143399, 0.0, 0.05, 0.5, 0.5, 0.0, 0.0, 0.0, 0.030000000000000002, 0.255, 0.0, 1.0, 0.0];[1.144733623046342, -1.3673179299761464, 59.51790746054701, 0.7455382281412755, -0.15295532351657193, -11.1660105078277, -3.6772043378914, -14.0, -0.19863045746050179, -0.31212389698636944, 0.0, -0.6017279494835139, -0.2793613981856601, 0.0, 0.002959545801539898];20.433763699955307
[20.56334543729696, 1838.484742573337, 115.97825157633964];True;False;[0.0, 7.25, 1.4500000000000002, 0.0, 1.0, 53.01226472958373, 0.7052930827369251, 0.5, 4200.1238927016475, 10521.170346177129, 10500.0, 0.0, 3.0, 0.0, 0.025, 0.06536201917059953, 0.44822332247325614, 0.0, 0.007204347834148395, 0.3868137724023498, 0.0, 0.05, 0.5, 0.5, 0.02017476661293334, 0.5721087175915204, 0.0, 0.06832978336887638, 0.41243613090380604, 0.0, 0.05, 0.5, 0.5, 0.0, 0.0, 0.0, 0.030000000000000002, 0.255, 0.0, 1.0, 1.0];[1.2642863218499194, -1.3386687849687873, 92.57192233940172, 0.6952641592080593, -0.19470691726307487, -10.293494922079859, -3.73638424862585, -14.0, -0.5517766775267439, -0.6131862275976502, 0.0, -0.4278912824084796, -0.587563869096194, 0.0, -0.007471957377209626];37.439004500047304
[nan, nan, nan];False;False;[1.0, 4.987617165471187, 1.5152374492345166, 1.0, 0.0, 6.8244242025746615, 0.5, 0.5, 16767.75941040803, 10500.0, 10500.0, 0.0, 3.0, 0.0, 0.025, 0.019294126487169452, 0.0, 0.0, 0.05, 0.5, 0.5, 0.05, 0.5, 0.5, 0.03183104171222047, 0.0, 0.0, 0.05, 0.5, 0.5, 0.05, 0.5, 0.5, 1.0, 1.0, 0.0, 0.03985935845551211, 0.4876396461154123, 82.0, 0.0, 0.0];[nan, nan, nan, nan, nan, nan, nan, nan, nan, nan, nan, nan, nan, nan, nan];59.6886327000102
[21.25452274299623, 1753.8522871085245, 116.2742462240614];True;False;[0.0, 7.25, 1.4500000000000002, 0.0, 1.0, 44.805968085812005, 0.5136970502207548, 0.5, 14328.305480604473, 6303.106274119686, 10500.0, 0.0, 3.0, 0.0, 0.025, 0.06746415298859135, 0.8850052600007022, 0.0, 0.011111718619721668, 0.7333668553514409, 0.0, 0.05, 0.5, 0.5, 0.023515376382500952, 0.9559512741645559, 0.0, 0.06789546169704012, 0.3493291657372509, 0.0, 0.05, 0.5, 0.5, 0.0, 0.0, 0.0, 0.030000000000000002, 0.255, 0.0, 0.0, 1.0];[1.2222821924964649, -1.3487344915968906, 64.93917052666464, 0.6904751160086584, -0.3863029497792452, -8.487198397489877, -8.120323507391479, -14.0, -0.11499473999929777, -0.26663314464855914, 0.0, -0.04404872583544406, -0.6506708342627491, 0.0, -0.0038565796456366264];19.491521600051783
[37.977798711674026, 1107.4181584274777, 118.1100440667602];True;False;[0.0, 7.25, 1.4500000000000002, 0.0, 0.0, 3.9026602490412903, 0.5, 0.5, 3019.6246769039244, 10500.0, 10500.0, 0.0, 3.0, 0.0, 0.025, 0.017608918244383022, 0.0, 0.0, 0.05, 0.5, 0.5, 0.05, 0.5, 0.5, 0.07935652884653152, 0.0, 0.0, 0.05, 0.5, 0.5, 0.05, 0.5, 0.5, 0.0, 0.0, 0.0, 0.030000000000000002, 0.255, 0.0, 0.0, 0.0];[0.8055506606782226, -1.3532915653244206, -12.780511725316886, 0.24410660387534144, -0.4, -11.09733975095871, -14.0, -14.0, -1.0, 0.0, 0.0, -1.0, 0.0, 0.0, -0.013533031760031788];9.091163599980064
[nan, nan, nan];False;False;[0.0, 7.25, 1.4500000000000002, 0.0, 0.0, 12.423861011443714, 0.5, 0.5, 9297.695415322043, 10500.0, 10500.0, 0.0, 3.0, 0.0, 0.025, 0.05159898170873178, 0.0, 0.0, 0.05, 0.5, 0.5, 0.05, 0.5, 0.5, 0.08303023118107468, 0.0, 0.0, 0.05, 0.5, 0.5, 0.05, 0.5, 0.5, 0.0, 0.0, 0.0, 0.030000000000000002, 0.255, 0.0, 0.0, 0.0];[nan, nan, nan, nan, nan, nan, nan, nan, nan, nan, nan, nan, nan, nan, nan];30.840526700019836
[15.03538800174755, 2751.1903201526243, 101.90971258145757];True;False;[1.0, 2.610966446104272, 1.156448270185803, 1.0, 0.0, 40.771138647074004, 0.5, 0.5, 16770.853633221952, 10500.0, 10500.0, 0.0, 3.0, 0.0, 0.025, 0.052722460817686626, 0.0, 0.0, 0.05, 0.5, 0.5, 0.05, 0.5, 0.5, 0.046683074449941686, 0.0, 0.0, 0.05, 0.5, 0.5, 0.05, 0.5, 0.5, 0.0, 0.0, 0.0, 0.030000000000000002, 0.255, 0.0, 0.0, 0.0];[0.2550984427868075, -0.39395844227560683, 43.85992550021742, 0.0, -0.4, 15.485998141293372, -14.0, -14.0, -1.0, 0.0, 0.0, -1.0, 0.0, 0.0, -0.1681631375021166];8.30644260009285
[nan, nan, nan];False;False;[1.0, 3.022935954731294, 1.3521485364742847, 0.0, 2.0, 29.429713146516697, 0.6857743682839272, 0.19528757223124843, 17660.81422064939, 3979.079481607924, 16057.75435393912, 0.0, 3.0, 0.0, 0.025, 0.015882783132796962, 0.4973260428638864, 0.1103517100903676, 0.0751778326542246, 0.3333333333333333, 0.3333333333333333, 0.009477449889450719, 0.3333333333333333, 0.3333333333333333, 0.009515798118063624, 0.3333333333333333, 0.3333333333333333, 0.09112701900143186, 0.41533822420860433, 0.07650067691921036, 0.04677817538564705, 0.3333333333333333, 0.3333333333333333, 1.0, 1.0, 1.0, 0.03550249104261322, 0.2278855041114065, 55.0, 1.0, 1.0];[nan, nan, nan, nan, nan, nan, nan, nan, nan, nan, nan, nan, nan, nan, nan];124.44927780004218
[nan, nan, nan];False;False;[0.0, 7.25, 1.4500000000000002, 0.0, 0.0, 15.546200349725078, 0.5, 0.5, 2154.3180979884137, 10500.0, 10500.0, 0.0, 3.0, 0.0, 0.025, 0.08632283814554738, 0.0, 0.0, 0.05, 0.5, 0.5, 0.05, 0.5, 0.5, 0.02359866370370922, 0.0, 0.0, 0.05, 0.5, 0.5, 0.05, 0.5, 0.5, 0.0, 0.0, 0.0, 0.030000000000000002, 0.255, 0.0, 0.0, 0.0];[nan, nan, nan, nan, nan, nan, nan, nan, nan, nan, nan, nan, nan, nan, nan];36.107770600006916
[nan, nan, nan];False;False;[0.0, 7.25, 1.4500000000000002, 0.0, 2.0, 51.64894350324869, 0.4985114389460299, 0.26288214427364165, 5821.056514467934, 7272.040932595134, 18039.50565475361, 0.0, 3.0, 0.0, 0.025, 0.0061498246846236285, 0.3333333333333333, 0.3333333333333333, 0.007280451111761688, 0.29916621061475823, 0.5098140370595916, 0.029928495535974677, 0.3333333333333333, 0.3333333333333333, 0.031260716351613586, 0.44334913812184906, 0.14190083937974773, 0.011976938524000325, 0.3333333333333333, 0.3333333333333333, 0.007354388182445737, 0.09475450630937465, 0.7182308365594408, 0.0, 0.0, 0.0, 0.030000000000000002, 0.255, 0.0, 2.0, 1.0];[nan, nan, nan, nan, nan, nan, nan, nan, nan, nan, nan, nan, nan, nan, nan];134.04303830000572
[14.72542528100932, 2461.975136441162, 109.9251745639467];True;False;[1.0, 8.825917477756267, 1.6244005649474915, 0.0, 1.0, 36.14103892256172, 0.5767489271781577, 0.5, 14525.546327715028, 4374.6977028753545, 10500.0, 1.0, 2.5583600716425594, 1.0, 0.04463529514897155, 0.0673014113053169, 0.3700636874189568, 0.0, 0.057576736470800916, 0.021076044970535834, 0.0, 0.05, 0.5, 0.5, 0.02317233376809641, 0.9323055997352594, 0.0, 0.09324120334169282, 0.8850776499838703, 0.0, 0.05, 0.5, 0.5, 0.0, 0.0, 0.0, 0.030000000000000002, 0.255, 0.0, 0.0, 0.0];[0.08473720976247368, -0.302384234385888, 110.6729409075437, -4.440892098500626e-16, -0.3232510728218423, -10.95927414445957, -9.493849037011302, -14.0, -0.6299363125810432, -0.9789239550294642, 0.0, -0.0676944002647406, -0.11492235001612972, 0.0, -0.1834502325573154];18.85810539999511
[nan, nan, nan];False;False;[1.0, 3.546047750037907, 1.3512333829533365, 0.0, 2.0, 35.41433751137968, 0.30499178434206964, 0.45294964491809686, 16397.159293513214, 1546.995476025776, 18604.22265507429, 0.0, 3.0, 0.0, 0.025, 0.05666904814272891, 0.3333333333333333, 0.3333333333333333, 0.06689345547398431, 0.3333333333333333, 0.3333333333333333, 0.012622717515727966, 0.3333333333333333, 0.3333333333333333, 0.08237152097510637, 0.34210327251935657, 0.2674164278708241, 0.054839398411113585, 0.3333333333333333, 0.3333333333333333, 0.022937705444225666, 0.3333333333333333, 0.3333333333333333, 1.0, 0.0, 0.0, 0.030000000000000002, 0.255, 0.0, 1.0, 1.0];[nan, nan, nan, nan, nan, nan, nan, nan, nan, nan, nan, nan, nan, nan, nan];117.33285260002594
[nan, nan, nan];False;False;[0.0, 7.25, 1.4500000000000002, 0.0, 0.0, 9.833294197160125, 0.5, 0.5, 13804.280923918108, 10500.0, 10500.0, 0.0, 3.0, 0.0, 0.025, 0.05562889967436685, 0.0, 0.0, 0.05, 0.5, 0.5, 0.05, 0.5, 0.5, 0.017778407023171516, 0.0, 0.0, 0.05, 0.5, 0.5, 0.05, 0.5, 0.5, 0.0, 0.0, 0.0, 0.030000000000000002, 0.255, 0.0, 0.0, 0.0];[nan, nan, nan, nan, nan, nan, nan, nan, nan, nan, nan, nan, nan, nan, nan];45.62921320006717
[nan, nan, nan];False;False;[0.0, 7.25, 1.4500000000000002, 0.0, 1.0, 16.924878132480675, 0.1328144388519471, 0.5, 6908.339519408448, 3615.2190845541654, 10500.0, 0.0, 3.0, 0.0, 0.025, 0.045891858355306674, 0.13050678031710428, 0.0, 0.0803802778176075, 0.46259679455098357, 0.0, 0.05, 0.5, 0.5, 0.08118784715747097, 0.40844533347195167, 0.0, 0.09992619153955751, 0.08833541618487184, 0.0, 0.05, 0.5, 0.5, 0.0, 0.0, 0.0, 0.030000000000000002, 0.255, 0.0, 0.0, 1.0];[nan, nan, nan, nan, nan, nan, nan, nan, nan, nan, nan, nan, nan, nan, nan];59.9969239999773
[nan, nan, nan];False;False;[1.0, 6.328034650847156, 1.348618657650879, 0.0, 1.0, 21.38987606653494, 0.7124072878562966, 0.5, 11043.46537233071, 19022.222409437363, 10500.0, 1.0, 1.0755762657443242, 1.0, 0.01872581922182287, 0.08708992600276208, 0.1673558652337961, 0.0, 0.08740591462995964, 0.9569981627548779, 0.0, 0.05, 0.5, 0.5, 0.035349660807660215, 0.05587297969711724, 0.0, 0.015793398375626887, 0.7084928535358588, 0.0, 0.05, 0.5, 0.5, 0.0, 1.0, 1.0, 0.03505367980926837, 0.2632105643615461, 139.0, 1.0, 1.0];[nan, nan, nan, nan, nan, nan, nan, nan, nan, nan, nan, nan, nan, nan, nan];24.491714700008743
[24.78949471489259, 1227.1946091561585, 118.18823108761197];True;False;[0.0, 7.25, 1.4500000000000002, 0.0, 0.0, 22.13541999465958, 0.5, 0.5, 19078.58070864366, 10500.0, 10500.0, 0.0, 3.0, 0.0, 0.025, 0.098797690917801, 0.0, 0.0, 0.05, 0.5, 0.5, 0.05, 0.5, 0.5, 0.006783055697769858, 0.0, 0.0, 0.05, 0.5, 0.5, 0.05, 0.5, 0.5, 0.0, 0.0, 0.0, 0.030000000000000002, 0.255, 0.0, 0.0, 0.0];[0.39129211063915204, -1.4600044572907547, 6.9919110817351715, 0.7545502509176567, -0.4, 7.135419994659578, -14.0, -14.0, -1.0, 0.0, 0.0, -1.0, 0.0, 0.0, 0.027667349723350054];5.303937400109135
[nan, nan, nan];False;False;[1.0, 9.981367443870258, 1.1124806397882239, 0.0, 0.0, 26.43203846190353, 0.5, 0.5, 10826.822838348695, 10500.0, 10500.0, 1.0, 2.614633765456371, 0.0, 0.025, 0.02794248967244145, 0.0, 0.0, 0.05, 0.5, 0.5, 0.05, 0.5, 0.5, 0.029239156697960157, 0.0, 0.0, 0.05, 0.5, 0.5, 0.05, 0.5, 0.5, 1.0, 0.0, 0.0, 0.030000000000000002, 0.255, 0.0, 0.0, 0.0];[nan, nan, nan, nan, nan, nan, nan, nan, nan, nan, nan, nan, nan, nan, nan];101.94619509996846
[nan, nan, nan];False;False;[1.0, 8.598548583927048, 1.7445129388975766, 1.0, 1.0, 9.291338693054254, 0.27909029511765937, 0.5, 18640.51411093271, 6972.7662669670435, 10500.0, 1.0, 3.7357937995483166, 0.0, 0.025, 0.0741352000226459, 0.2579162459628985, 0.0, 0.008162098901040693, 0.7184497548545239, 0.0, 0.05, 0.5, 0.5, 0.02025164194190481, 0.48267171617179117, 0.0, 0.051545652648150586, 0.049910955553134406, 0.0, 0.05, 0.5, 0.5, 0.0, 0.0, 0.0, 0.030000000000000002, 0.255, 0.0, 0.0, 0.0];[nan, nan, nan, nan, nan, nan, nan, nan, nan, nan, nan, nan, nan, nan, nan];102.37161979998928
[20.88154913340528, 2058.0317282466476, 115.28569084457372];True;False;[0.0, 7.25, 1.4500000000000002, 0.0, 2.0, 37.28899844708543, 0.8284039589855515, 0.8619705605334784, 10714.605625076143, 8646.09649095384, 8547.067295291956, 0.0, 3.0, 0.0, 0.025, 0.08129722908840352, 0.4035718884598867, 0.5028914445055913, 0.009468620933105854, 0.14680908053578, 0.4938543747573473, 0.040520173824887054, 0.11388336822597322, 0.41297295940038925, 0.07928745543387057, 0.3333333333333333, 0.3333333333333333, 0.08499337737556939, 0.0, 0.5072621946985997, 0.01747978049332031, 0.6590409010413681, 0.050037213092088195, 0.0, 0.0, 0.0, 0.030000000000000002, 0.255, 0.0, 2.0, 1.0];[2.076349317885267, -1.2514646023720912, 46.464693484540604, 0.5692075287509877, -0.0715960410144485, -11.659124900704233, -11.659124900704235, -11.659124900704235, -0.09353666703452201, -0.3593365447068727, -0.4731436723736375, -0.33333333333333337, -0.4927378053014003, -0.29092188586654366, -0.02511951932867773];32.656857699970715
[nan, nan, nan];False;False;[1.0, 9.127498244257687, 1.7464626569557722, 1.0, 0.0, 47.05238894301086, 0.5, 0.5, 13580.30994506054, 10500.0, 10500.0, 1.0, 2.5639264210008177, 0.0, 0.025, 0.0969760416496581, 0.0, 0.0, 0.05, 0.5, 0.5, 0.05, 0.5, 0.5, 0.07890696587776924, 0.0, 0.0, 0.05, 0.5, 0.5, 0.05, 0.5, 0.5, 1.0, 0.0, 0.0, 0.030000000000000002, 0.255, 0.0, 0.0, 0.0];[nan, nan, nan, nan, nan, nan, nan, nan, nan, nan, nan, nan, nan, nan, nan];65.5408489999827
[34.558013950444696, 1281.3551166951097, 121.14722061760489];True;False;[0.0, 7.25, 1.4500000000000002, 0.0, 1.0, 33.714792243580966, 0.10909333686293038, 0.5, 8273.322495387805, 4368.267395096296, 10500.0, 0.0, 3.0, 1.0, 0.02533678246888293, 0.01067476971104957, 0.8926456425506306, 0.0, 0.056388241265113596, 0.24674044933233585, 0.0, 0.05, 0.5, 0.5, 0.002178617146800421, 0.34738477364917975, 0.0, 0.03913585146719384, 0.12384722687698912, 0.0, 0.05, 0.5, 0.5, 0.0, 0.0, 0.0, 0.030000000000000002, 0.255, 0.0, 1.0, 0.0];[0.9592103569153307, -1.5009279488205378, 32.9746926161273, 0.6973897939253413, -0.7909066631370696, 1.5930886912286475, -12.968142467568253, -14.0, -0.10735435744936939, -0.7532595506676641, 0.0, -0.6526152263508203, -0.8761527731230109, 0.0, 0.0720570780321581];20.5585107000079
[20.007541567724402, 2069.862847902161, 115.52055950107697];True;False;[0.0, 7.25, 1.4500000000000002, 0.0, 2.0, 49.39982309027219, 0.7930008904858706, 0.3842142200081494, 3562.953451138961, 4558.910981312709, 9396.076642078146, 0.0, 3.0, 0.0, 0.025, 0.026375050632474663, 0.0, 0.19541773801281936, 0.01655597722877621, 0.3333333333333333, 0.3333333333333333, 0.009999185050138016, 0.5346191700580641, 0.33259336830883557, 0.0544614812689505, 0.39799961357761715, 0.19092828603221312, 0.03977081752896042, 0.3333333333333333, 0.3333333333333333, 0.07766176032893954, 0.21602583181127444, 0.2775798360964954, 0.0, 0.0, 0.0, 0.030000000000000002, 0.255, 0.0, 1.0, 1.0];[1.9462957555627245, -1.2805062865385388, 87.72304079960108, 0.664579241211021, -0.10699910951412939, -11.330768348049302, -11.330768348049304, -11.330768348049304, -0.8045822619871806, -0.33333333333333337, -0.1327874616331003, -0.4110721003901697, -0.33333333333333337, -0.5063943320922302, -0.015538839116254866];50.70736909995321
[nan, nan, nan];False;False;[1.0, 10.963880469163634, 1.4911080108265873, 0.0, 1.0, 33.55592584643822, 0.40058954562198457, 0.5, 2716.6261071870254, 8650.081355702721, 10500.0, 0.0, 3.0, 0.0, 0.025, 0.030682310201902097, 0.30905596932592105, 0.0, 0.05285803447094878, 0.19888020015550223, 0.0, 0.05, 0.5, 0.5, 0.03949080827787171, 0.3530900723163326, 0.0, 0.013103479295906485, 0.4627955241547115, 0.0, 0.05, 0.5, 0.5, 0.0, 0.0, 0.0, 0.030000000000000002, 0.255, 0.0, 1.0, 1.0];[nan, nan, nan, nan, nan, nan, nan, nan, nan, nan, nan, nan, nan, nan, nan];81.95782320003491
[nan, nan, nan];False;False;[0.0, 7.25, 1.4500000000000002, 0.0, 1.0, 18.87293782723658, 0.5180938496513076, 0.5, 7555.559356638138, 12111.01842743601, 10500.0, 0.0, 3.0, 0.0, 0.025, 0.023272366549984814, 0.0937394794386216, 0.0, 0.019071777158788463, 0.3050527819336504, 0.0, 0.05, 0.5, 0.5, 0.06947922898304802, 0.9927988801171642, 0.0, 0.01810148335359446, 0.3691147528163361, 0.0, 0.05, 0.5, 0.5, 0.0, 0.0, 0.0, 0.030000000000000002, 0.255, 0.0, 1.0, 1.0];[nan, nan, nan, nan, nan, nan, nan, nan, nan, nan, nan, nan, nan, nan, nan];67.73005120002199
[17.878587649007773, 2473.645523912368, 104.69245481949758];True;False;[1.0, 4.795046986273146, 1.5116904905950195, 1.0, 2.0, 36.83653074584361, 0.40346150677861226, 0.8590157162537637, 10369.121172216348, 13529.98740235765, 3307.4264634675596, 1.0, 2.2623016828229185, 1.0, 0.04676657862171424, 0.021202407711424745, 0.3333333333333333, 0.3333333333333333, 0.07018045904384798, 0.3333333333333333, 0.3333333333333333, 0.02795347296082723, 0.3333333333333333, 0.3333333333333333, 0.017459000712322183, 0.18333542476288112, 0.3877968868269843, 0.08674933484773709, 0.3333333333333333, 0.3333333333333333, 0.012397818049060916, 0.6195552289076197, 0.283478727269166, 0.0, 0.0, 0.0, 0.030000000000000002, 0.255, 0.0, 1.0, 0.0];[0.6741239679468185, -0.6219205645469539, 234.87707565504036, -1.1102230246251565e-16, -0.49653849322138777, -12.473897396271044, -12.473897396271044, -12.473897396271044, -0.33333333333333337, -0.33333333333333337, -0.33333333333333337, -0.42886768841013456, -0.33333333333333337, -0.09696604382321428, -0.12287185717578197];49.37560829997528
[21.390495666774562, 1997.3720536609621, 114.87060428691677];True;False;[0.0, 7.25, 1.4500000000000002, 0.0, 1.0, 28.18255360957576, 0.4204486337432951, 0.5, 18695.2952299191, 9317.84641841366, 10500.0, 0.0, 3.0, 1.0, 0.00044244370195708484, 0.08559762047738674, 0.8538256607661042, 0.0, 0.017662948045217976, 0.7140465683673421, 0.0, 0.05, 0.5, 0.5, 0.014328339242074606, 0.13724050346807304, 0.0, 0.028010629374322384, 0.0946517629590432, 0.0, 0.05, 0.5, 0.5, 0.0, 0.0, 0.0, 0.030000000000000002, 0.255, 0.0, 1.0, 1.0];[2.240123991513242, -1.2148928064056619, 82.28738677227902, 0.48226785008440287, -0.4795513662567049, -8.767250606677864, -10.478311122251926, -14.0, -0.14617433923389578, -0.28595343163265785, 0.0, -0.862759496531927, -0.9053482370409568, 0.0, -0.036658386541236654];17.152313000056893
[nan, nan, nan];False;False;[0.0, 7.25, 1.4500000000000002, 0.0, 1.0, 7.070540265880489, 0.40552624093793677, 0.5, 12946.81065786278, 19246.81049502198, 10500.0, 0.0, 3.0, 0.0, 0.025, 0.09038817331411629, 0.1597133504908177, 0.0, 0.007245845241370419, 0.06022985833396621, 0.0, 0.05, 0.5, 0.5, 0.07222292391936279, 0.6305155526535192, 0.0, 0.019473441634319456, 0.5380107650109663, 0.0, 0.05, 0.5, 0.5, 0.0, 0.0, 0.0, 0.030000000000000002, 0.255, 0.0, 1.0, 1.0];[nan, nan, nan, nan, nan, nan, nan, nan, nan, nan, nan, nan, nan, nan, nan];70.96188820002135
[22.556226465170273, 1405.3184481707153, 117.18564256523527];True;False;[0.0, 7.25, 1.4500000000000002, 0.0, 0.0, 32.93516857444471, 0.5, 0.5, 12179.235487040298, 10500.0, 10500.0, 0.0, 3.0, 0.0, 0.025, 0.07689820009983567, 0.0, 0.0, 0.05, 0.5, 0.5, 0.05, 0.5, 0.5, 0.0881105734699488, 0.0, 0.0, 0.05, 0.5, 0.5, 0.05, 0.5, 0.5, 0.0, 0.0, 0.0, 0.030000000000000002, 0.255, 0.0, 0.0, 0.0];[0.5366110604581671, -1.4225703345883212, 26.017314142495373, 0.745456713263513, -0.4, 17.93516857444471, -14.0, -14.0, -1.0, 0.0, 0.0, -1.0, 0.0, 0.0, 0.01244281397994762];5.760019200039096
[nan, nan, nan];False;False;[0.0, 7.25, 1.4500000000000002, 0.0, 1.0, 38.045958722125384, 0.2998461221198283, 0.5, 19767.702618114345, 16360.014863928756, 10500.0, 0.0, 3.0, 1.0, 0.029366840140155094, 0.09950093937191737, 0.8143678985575886, 0.0, 0.08332414092037649, 0.36188290170156856, 0.0, 0.05, 0.5, 0.5, 0.00543906804652472, 0.8381121024227767, 0.0, 0.015619382065071609, 0.21793672228110939, 0.0, 0.05, 0.5, 0.5, 0.0, 0.0, 0.0, 0.030000000000000002, 0.255, 0.0, 1.0, 1.0];[nan, nan, nan, nan, nan, nan, nan, nan, nan, nan, nan, nan, nan, nan, nan];73.3100063999882
[nan, nan, nan];False;False;[1.0, 3.30584190820134, 1.1895619768772054, 0.0, 2.0, 49.53336519536345, 0.6459390922244435, 0.8343040998868155, 13576.610473433288, 1532.1480608809225, 3846.393755604302, 0.0, 3.0, 1.0, 0.03470925518912209, 0.062073397932955146, 0.3333333333333333, 0.3333333333333333, 0.05900156715451258, 0.3333333333333333, 0.3333333333333333, 0.055539099864176815, 0.3333333333333333, 0.3333333333333333, 0.04361372782419714, 0.09689295766363715, 0.07849059595516317, 0.017307574661313874, 0.43793389013659, 0.24545595626831618, 0.09718235303328449, 0.3333333333333333, 0.3333333333333333, 1.0, 1.0, 2.0, 0.021289589729238202, 0.08646246625226776, 6.0, 0.0, 2.0];[nan, nan, nan, nan, nan, nan, nan, nan, nan, nan, nan, nan, nan, nan, nan];142.5843828000361
[20.89113139261971, 1888.927362950592, 115.91414250371771];True;False;[0.0, 7.25, 1.4500000000000002, 0.0, 2.0, 33.85658482472658, 0.726037761366804, 0.3548281019693764, 11837.479454943985, 5979.931907576883, 19461.809353771914, 0.0, 3.0, 0.0, 0.025, 0.05058431574758681, 0.3333333333333333, 0.3333333333333333, 0.032958282280819505, 0.5771141099801903, 0.2900496806007593, 0.007132689583029051, 0.3330388588928287, 0.6572082578523282, 0.03973112245294457, 0.3333333333333333, 0.3333333333333333, 0.05843639216304041, 0.3333333333333333, 0.3333333333333333, 0.09472875340886612, 0.3333333333333333, 0.3333333333333333, 0.0, 0.0, 0.0, 0.030000000000000002, 0.255, 0.0, 2.0, 0.0];[1.8803893586272888, -1.2952235517188686, 36.83068426113586, 0.6624654926342339, -0.17396223863319604, -11.764949613279944, -11.764949613279946, -11.764949613279946, -0.33333333333333337, -0.1328362094190504, -0.009752883254843137, -0.33333333333333337, -0.33333333333333337, -0.33333333333333337, -0.010534585022289489];36.652323200018145
[nan, nan, nan];False;False;[0.0, 7.25, 1.4500000000000002, 0.0, 2.0, 3.129540538857243, 0.706989619057017, 0.292103523178368, 10188.82521554167, 5462.930423973155, 13683.637541820935, 0.0, 3.0, 1.0, 0.008036034373862555, 0.013364465869133669, 0.3333333333333333, 0.3333333333333333, 0.06378120837474476, 0.04908682671366604, 0.614454042663577, 0.01700814327984931, 0.3333333333333333, 0.3333333333333333, 0.06628281915329494, 0.5201120259898141, 0.15814452788428712, 0.06472453795547865, 0.3333333333333333, 0.3333333333333333, 0.06810772671406759, 0.2943446203550283, 0.47350964288951136, 0.0, 0.0, 0.0, 0.030000000000000002, 0.255, 0.0, 0.0, 2.0];[nan, nan, nan, nan, nan, nan, nan, nan, nan, nan, nan, nan, nan, nan, nan];169.25169509998523
[nan, nan, nan];False;False;[1.0, 5.231195230459509, 1.2747531603517215, 1.0, 1.0, 31.675763328282606, 0.14090851784908687, 0.5, 15210.54593224971, 11298.644416229521, 10500.0, 0.0, 3.0, 0.0, 0.025, 0.007675332172941519, 0.5942333282066139, 0.0, 0.04359270573488162, 0.9070909016286789, 0.0, 0.05, 0.5, 0.5, 0.07270875064163639, 0.21017027506429464, 0.0, 0.015145194303865829, 0.5063049963989162, 0.0, 0.05, 0.5, 0.5, 1.0, 0.0, 0.0, 0.030000000000000002, 0.255, 0.0, 1.0, 0.0];[nan, nan, nan, nan, nan, nan, nan, nan, nan, nan, nan, nan, nan, nan, nan];111.24388119997457
[nan, nan, nan];False;False;[0.0, 7.25, 1.4500000000000002, 0.0, 2.0, 48.50296440272861, 0.25618791483985426, 0.16792489037770036, 12932.985948911692, 1385.9131484818904, 2276.895460903359, 0.0, 3.0, 0.0, 0.025, 0.025083173810556483, 0.3333333333333333, 0.3333333333333333, 0.016798206629620484, 0.074627682502307, 0.22255541092022224, 0.04026170434913345, 0.46669054460034975, 0.4711532097986376, 0.053826614007878464, 0.3333333333333333, 0.3333333333333333, 0.002205763892959223, 0.5410695785013877, 0.3300527145051847, 0.06029367781752307, 0.3333333333333333, 0.3333333333333333, 0.0, 0.0, 0.0, 0.030000000000000002, 0.255, 0.0, 0.0, 2.0];[nan, nan, nan, nan, nan, nan, nan, nan, nan, nan, nan, nan, nan, nan, nan];132.72047299996484
[23.34237471311211, 1330.2411862986883, 117.61037257981033];True;False;[0.0, 7.25, 1.4500000000000002, 0.0, 0.0, 28.735789762560543, 0.5, 0.5, 18441.57734860808, 10500.0, 10500.0, 0.0, 3.0, 0.0, 0.025, 0.07759310940923325, 0.0, 0.0, 0.05, 0.5, 0.5, 0.05, 0.5, 0.5, 0.061378305436367034, 0.0, 0.0, 0.05, 0.5, 0.5, 0.05, 0.5, 0.5, 0.0, 0.0, 0.0, 0.030000000000000002, 0.255, 0.0, 0.0, 0.0];[0.4682409489232553, -1.4401824570786381, 17.966462661093864, 0.7593914396284034, -0.4, 13.735789762560543, -14.0, -14.0, -1.0, 0.0, 0.0, -1.0, 0.0, 0.0, 0.019494761078981404];4.910458100028336
[nan, nan, nan];False;False;[0.0, 7.25, 1.4500000000000002, 0.0, 2.0, 26.022833016300968, 0.43170730199672114, 0.6390042345367812, 2654.8439725440426, 8212.941036504675, 17842.39933715503, 0.0, 3.0, 1.0, 0.012893638386537171, 0.009936276451520433, 0.3333333333333333, 0.3333333333333333, 0.08305657450283238, 0.3333333333333333, 0.3333333333333333, 0.08057767789270467, 0.3333333333333333, 0.3333333333333333, 0.07863341043443313, 0.6113570001661194, 0.04403786335763271, 0.024639475332924057, 0.3333333333333333, 0.3333333333333333, 0.09811480352273555, 0.4350594380925311, 0.36096055902997903, 0.0, 0.0, 0.0, 0.030000000000000002, 0.255, 0.0, 1.0, 0.0];[nan, nan, nan, nan, nan, nan, nan, nan, nan, nan, nan, nan, nan, nan, nan];141.3598380999174
[nan, nan, nan];False;False;[1.0, 9.047770325968507, 1.2250399765881366, 1.0, 2.0, 14.171063490732255, 0.14476584123776226, 0.7223400514031794, 3934.243544444289, 7908.307992825991, 2691.9371988773596, 0.0, 3.0, 0.0, 0.025, 0.01965618805247922, 0.0, 0.9640508395342894, 0.06973355229596692, 0.3333333333333333, 0.3333333333333333, 0.09177676004352534, 0.3333333333333333, 0.3333333333333333, 0.06561198328585936, 0.3333333333333333, 0.3333333333333333, 0.01555517808578687, 0.3744329263390692, 0.36792118058853696, 0.053358089443717144, 0.3333333333333333, 0.3333333333333333, 0.0, 0.0, 0.0, 0.030000000000000002, 0.255, 0.0, 2.0, 1.0];[nan, nan, nan, nan, nan, nan, nan, nan, nan, nan, nan, nan, nan, nan, nan];111.90547110000625
[30.19888709209224, 1463.2573779836475, 119.67689338785817];True;False;[0.0, 7.25, 1.4500000000000002, 0.0, 1.0, 38.175064263023096, 0.48658387213597787, 0.5, 3525.290364629118, 4242.577616801485, 10500.0, 0.0, 3.0, 1.0, 0.021442553597439146, 0.08681951874753806, 0.41006365694331226, 0.0, 0.0644556909476001, 0.34197230393731126, 0.0, 0.05, 0.5, 0.5, 0.07028686411712576, 0.6562166170256113, 0.0, 0.0353150019599319, 0.12348987241238185, 0.0, 0.05, 0.5, 0.5, 0.0, 0.0, 0.0, 0.030000000000000002, 0.255, 0.0, 0.0, 1.0];[1.2345330687356801, -1.439446855202306, 49.45169253739421, 0.6724864609744969, -0.41341612786402215, -8.65333190831475, -8.985022737672997, -14.0, -0.5899363430566877, -0.6580276960626887, 0.0, -0.3437833829743887, -0.8765101275876181, 0.0, 0.04459184169085528];25.9600021999795
[nan, nan, nan];False;False;[1.0, 2.645785410565394, 1.524168577185397, 0.0, 2.0, 51.36037243353171, 0.8088588687212203, 0.8065664245653078, 17668.69597316686, 6636.418157391829, 19904.93495317973, 0.0, 3.0, 0.0, 0.025, 0.04590094074150865, 0.3333333333333333, 0.3333333333333333, 0.04226146196641766, 0.6133392134192592, 0.10139345706552305, 0.05622120840704761, 0.11675558765032645, 0.7259931102023177, 0.08419554978187403, 0.3333333333333333, 0.3333333333333333, 0.05990234439442415, 0.3333333333333333, 0.3333333333333333, 0.09846115464271638, 0.4579783453103907, 0.06519304396060022, 1.0, 1.0, 0.0, 0.02911488276062115, 0.36134850205209856, 12.0, 1.0, 1.0];[nan, nan, nan, nan, nan, nan, nan, nan, nan, nan, nan, nan, nan, nan, nan];127.78244280000217
[23.331008381788543, 1323.5740266285993, 117.78800727454603];True;False;[0.0, 7.25, 1.4500000000000002, 0.0, 0.0, 31.511378429017576, 0.5, 0.5, 8172.216126069069, 10500.0, 10500.0, 0.0, 3.0, 0.0, 0.025, 0.08749040624626031, 0.0, 0.0, 0.05, 0.5, 0.5, 0.05, 0.5, 0.5, 0.011888461473387658, 0.0, 0.0, 0.05, 0.5, 0.5, 0.05, 0.5, 0.5, 0.0, 0.0, 0.0, 0.030000000000000002, 0.255, 0.0, 0.0, 0.0];[0.4216631963616271, -1.4521808737116146, 23.193663769186927, 0.792198207027943, -0.4, 16.511378429017576, -14.0, -14.0, -1.0, 0.0, 0.0, -1.0, 0.0, 0.0, 0.02441116788562192];5.341393499984406
[14.021090689626892, 4283.505311200444, 110.38442735279602];True;False;[1.0, 10.771124058219225, 1.2893267269429658, 0.0, 1.0, 19.632368436137224, 0.11975766848245356, 0.5, 4232.427963897662, 19321.269243338025, 10500.0, 0.0, 3.0, 1.0, 0.028722945395646383, 0.08056431909542958, 0.033534687291434495, 0.0, 0.05893350344514722, 0.37226923127521605, 0.0, 0.05, 0.5, 0.5, 0.09759861220111359, 0.030511473790637567, 0.0, 0.04144343303649123, 0.9084537410560153, 0.0, 0.05, 0.5, 0.5, 0.0, 1.0, 1.0, 0.013394716047525828, 0.0462731518941917, 137.0, 0.0, 1.0];[0.6725057617201795, 0.12111381807335597, 32.92043429711295, 2.220446049250313e-16, -0.7802423315175464, -4.420763786852882, -13.56068650887601, -14.0, -0.9664653127085655, -0.627730768724784, 0.0, -0.9694885262093624, -0.09154625894398472, 0.0, -0.4513626346643529];22.044612600002438
[nan, nan, nan];False;False;[0.0, 7.25, 1.4500000000000002, 0.0, 2.0, 16.877429277089217, 0.2555746431686181, 0.6922204614368414, 3894.82749289688, 7403.291360723741, 5441.560280197349, 0.0, 3.0, 0.0, 0.025, 0.096026478537663, 0.4952833234071867, 0.37715036564169013, 0.06143249658737426, 0.3333333333333333, 0.3333333333333333, 0.04950515438069582, 0.31695111408663357, 0.6333061352734011, 0.028456392398195186, 0.5227342710295579, 0.3930900279807428, 0.09752810075121038, 0.3333333333333333, 0.3333333333333333, 0.012687143593461958, 0.24527984994343388, 0.6762708696712504, 0.0, 0.0, 0.0, 0.030000000000000002, 0.255, 0.0, 2.0, 1.0];[nan, nan, nan, nan, nan, nan, nan, nan, nan, nan, nan, nan, nan, nan, nan];124.66033230000176
[21.44882237586573, 1535.2281140366056, 116.96738445197238];True;False;[0.0, 7.25, 1.4500000000000002, 0.0, 0.0, 54.47208488847125, 0.5, 0.5, 12486.065718310034, 10500.0, 10500.0, 0.0, 3.0, 0.0, 0.025, 0.06917985958383964, 0.0, 0.0, 0.05, 0.5, 0.5, 0.05, 0.5, 0.5, 0.0027254571571745712, 0.0, 0.0, 0.05, 0.5, 0.5, 0.05, 0.5, 0.5, 0.0, 0.0, 0.0, 0.030000000000000002, 0.255, 0.0, 0.0, 0.0];[0.5323383447767158, -1.423670985007904, 80.88977737199968, 0.7966867556872312, -0.4, 39.47208488847125, -14.0, -14.0, -1.0, 0.0, 0.0, -1.0, 0.0, 0.0, 0.012877904448259203];4.689724800060503
[nan, nan, nan];False;False;[1.0, 8.125863245530413, 1.4308661053378717, 0.0, 2.0, 15.622462963629536, 0.147014952601943, 0.14766501045025704, 17675.957711673775, 3217.088544270042, 12385.931857713484, 0.0, 3.0, 1.0, 0.04792019733856598, 0.013059570389268783, 0.3333333333333333, 0.3333333333333333, 0.020131446788951013, 0.04596088762213113, 0.4223572833402405, 0.09039447809416527, 0.28735869481145737, 0.28591917489072394, 0.006359996702552062, 0.3333333333333333, 0.3333333333333333, 0.0214770310517709, 0.8232785676542488, 0.02664278902217232, 0.015232821500473927, 0.19169372956300446, 0.09225193229810769, 1.0, 0.0, 0.0, 0.030000000000000002, 0.255, 0.0, 2.0, 1.0];[nan, nan, nan, nan, nan, nan, nan, nan, nan, nan, nan, nan, nan, nan, nan];118.74572600005195
[15.432692650997625, 2500.3644019994467, 104.34056785030543];True;False;[1.0, 3.499445893614877, 1.7042535721304222, 1.0, 2.0, 37.14542433738816, 0.6263861724411801, 0.6353718933374441, 4913.563814071822, 13157.921110084373, 3216.3036933577955, 0.0, 3.0, 1.0, 0.031746269340341145, 0.05158179919245636, 0.6400777390050877, 0.13024222325832924, 0.018900858238402818, 0.3333333333333333, 0.3333333333333333, 0.0677940645181959, 0.09961444051609492, 0.40855344293616025, 0.08950316842366096, 0.3333333333333333, 0.3333333333333333, 0.05379929742328188, 0.3333333333333333, 0.3333333333333333, 0.0894738938464289, 0.8425319654941839, 0.06976351154653748, 0.0, 0.0, 0.0, 0.030000000000000002, 0.255, 0.0, 1.0, 2.0];[0.8927744722277149, -0.6215808814773878, 209.02072831443834, -2.220446049250313e-16, -0.2736138275588199, -12.66145553124368, -12.661455531243682, -12.661455531243682, -0.22968003773658308, -0.33333333333333337, -0.49183211654774484, -0.33333333333333337, -0.33333333333333337, -0.08770452295927866, -0.1206423272704239];83.55212490004487
[32.51809576664129, 1175.595896327535, 121.73647505746827];True;False;[0.0, 7.25, 1.4500000000000002, 0.0, 1.0, 42.46393285092697, 0.8303469648706414, 0.5, 8433.432110694259, 11115.511921641344, 10500.0, 0.0, 3.0, 1.0, 0.03214904091948318, 0.07683307670527241, 0.7044379991507765, 0.0, 0.01730236272861525, 0.6626116293370188, 0.0, 0.05, 0.5, 0.5, 0.03541856937411523, 0.23201552241186807, 0.0, 0.03910734314738972, 0.5992766166983385, 0.0, 0.05, 0.5, 0.5, 0.0, 0.0, 0.0, 0.030000000000000002, 0.255, 0.0, 1.0, 1.0];[0.6612505697499209, -1.5674640273302483, 189.2083420618297, 0.942020307374239, -0.06965303512935861, -12.054485786348888, -0.5835247190028703, -14.0, -0.29556200084922346, -0.3373883706629812, 0.0, -0.7679844775881319, -0.40072338330166146, 0.0, 0.10508202090471364];23.66077580000274
[nan, nan, nan];False;False;[1.0, 8.866120374936575, 1.3869473619563644, 0.0, 0.0, 47.035734035714995, 0.5, 0.5, 16559.732498156125, 10500.0, 10500.0, 1.0, 3.2595836040170605, 0.0, 0.025, 0.07870118676662943, 0.0, 0.0, 0.05, 0.5, 0.5, 0.05, 0.5, 0.5, 0.08251062853657515, 0.0, 0.0, 0.05, 0.5, 0.5, 0.05, 0.5, 0.5, 0.0, 1.0, 0.0, 0.043113394626154725, 0.2965113380987059, 104.0, 0.0, 0.0];[nan, nan, nan, nan, nan, nan, nan, nan, nan, nan, nan, nan, nan, nan, nan];47.10568749997765
[nan, nan, nan];False;False;[1.0, 5.000604714523565, 1.27333180911297, 0.0, 2.0, 37.746359555579616, 0.5755925066145661, 0.571182617163444, 13467.378029833819, 4193.351129605744, 2242.683683732648, 0.0, 3.0, 1.0, 0.005570114100054819, 0.0054284349871827065, 0.3333333333333333, 0.3333333333333333, 0.05116062499733404, 0.10002666138159799, 0.38022328153218965, 0.05649493158046229, 0.30604930571882616, 0.46445973932672735, 0.05346377835408364, 0.21028509500172698, 0.0, 0.0066622494472644905, 0.374202142057366, 0.3226131365315854, 0.02421235255768054, 0.3333333333333333, 0.3333333333333333, 1.0, 1.0, 1.0, 0.03599041170976332, 0.17229808827375792, 153.0, 0.0, 2.0];[nan, nan, nan, nan, nan, nan, nan, nan, nan, nan, nan, nan, nan, nan, nan];215.71917459997348
[nan, nan, nan];False;False;[1.0, 11.76830942805036, 1.6507460695078242, 0.0, 2.0, 19.05905807569314, 0.2508718633967668, 0.7459213784998139, 6656.672430471187, 12983.917004467014, 8902.528823443803, 1.0, 3.677295130749318, 1.0, 0.03746917720824775, 0.028650513829921866, 0.3333333333333333, 0.3333333333333333, 0.09568937708867285, 0.3333333333333333, 0.3333333333333333, 0.014689508914888983, 0.17368984029174483, 0.7418507828412024, 0.014464414865160848, 0.5764139303247138, 0.10724483423101261, 0.003515337238831007, 0.3333333333333333, 0.3333333333333333, 0.032556688255876466, 0.3333333333333333, 0.3333333333333333, 0.0, 1.0, 2.0, 0.015943517370259622, 0.025768261444152563, 23.0, 0.0, 1.0];[nan, nan, nan, nan, nan, nan, nan, nan, nan, nan, nan, nan, nan, nan, nan];145.99567299999762
[20.738558528790996, 1989.4768099779599, 116.18311296346667];True;False;[0.0, 7.25, 1.4500000000000002, 0.0, 2.0, 54.31834197003243, 0.22149360636447712, 0.47015367676590936, 15580.68388387458, 13743.590351859535, 9947.11952126974, 0.0, 3.0, 0.0, 0.025, 0.018805131967296218, 0.3333333333333333, 0.3333333333333333, 0.002446334911642223, 0.4732509729060883, 0.12453558904510864, 0.017710336590696076, 0.6396683235152365, 0.13906627584509967, 0.017195375762577614, 0.0, 0.255779065473139, 0.002694392505673826, 0.14349836633079116, 0.7471867625837221, 0.049646312816893204, 0.0, 0.385488238700576, 0.0, 0.0, 0.0, 0.030000000000000002, 0.255, 0.0, 1.0, 0.0];[1.786366877892121, -1.3162192948672502, 106.85157863096084, 0.7178863285038954, -0.6785063936355229, -11.325933516152388, -12.360872173296375, -9.398052063235852, -0.33333333333333337, -0.40221343804880305, -0.22126540063966382, -0.744220934526861, -0.10931487108548676, -0.614511761299424, -0.0032138617103706357];44.75734619994182
[24.86573600656456, 1218.6207827302483, 118.29057869733035];True;False;[0.0, 7.25, 1.4500000000000002, 0.0, 0.0, 22.582561321103313, 0.5, 0.5, 3424.317165399623, 10500.0, 10500.0, 0.0, 3.0, 0.0, 0.025, 0.05654673595474283, 0.0, 0.0, 0.05, 0.5, 0.5, 0.05, 0.5, 0.5, 0.035293056419982496, 0.0, 0.0, 0.05, 0.5, 0.5, 0.05, 0.5, 0.5, 0.0, 0.0, 0.0, 0.030000000000000002, 0.255, 0.0, 0.0, 0.0];[0.36860364728772854, -1.4658489993968253, 7.671188766956025, 0.7671260984267048, -0.4, 7.582561321103313, -14.0, -14.0, -1.0, 0.0, 0.0, -1.0, 0.0, 0.0, 0.030126363065422712];6.622663100017235
[22.468382971834913, 1400.6166189252303, 117.62281678079259];True;False;[0.0, 7.25, 1.4500000000000002, 0.0, 0.0, 43.737265311458636, 0.5, 0.5, 13537.675756442883, 10500.0, 10500.0, 0.0, 3.0, 0.0, 0.025, 0.039318571948654985, 0.0, 0.0, 0.05, 0.5, 0.5, 0.05, 0.5, 0.5, 0.010661923364927252, 0.0, 0.0, 0.05, 0.5, 0.5, 0.05, 0.5, 0.5, 0.0, 0.0, 0.0, 0.030000000000000002, 0.255, 0.0, 0.0, 0.0];[0.41781724258706276, -1.4531715903778448, 50.64097844143831, 0.8329227813415543, -0.4, 28.737265311458636, -14.0, -14.0, -1.0, 0.0, 0.0, -1.0, 0.0, 0.0, 0.024821280952265545];5.69422909989953
[22.48716220641093, 1396.3141792874947, 117.78506083982495];True;False;[0.0, 7.25, 1.4500000000000002, 0.0, 0.0, 47.96134348229806, 0.5, 0.5, 3232.065372325503, 10500.0, 10500.0, 0.0, 3.0, 0.0, 0.025, 0.0004266260053332527, 0.0, 0.0, 0.05, 0.5, 0.5, 0.05, 0.5, 0.5, 0.00418021779062936, 0.0, 0.0, 0.05, 0.5, 0.5, 0.05, 0.5, 0.5, 0.0, 0.0, 0.0, 0.030000000000000002, 0.255, 0.0, 0.0, 0.0];[0.37525994522464856, -1.464134338824166, 61.84207735627663, 0.8640830040432879, -0.4, 32.96134348229806, -14.0, -14.0, -1.0, 0.0, 0.0, -1.0, 0.0, 0.0, 0.029402570066397127];5.96726059995126
[21.228521303473006, 1702.0820546585346, 116.63869942830425];True;False;[0.0, 7.25, 1.4500000000000002, 0.0, 1.0, 47.866343424107285, 0.8700877044693737, 0.5, 12809.81428893481, 1179.5049507087826, 10500.0, 0.0, 3.0, 0.0, 0.025, 0.0051753051710053954, 0.8417201300953839, 0.0, 0.024183581034568948, 0.13088719897101986, 0.0, 0.05, 0.5, 0.5, 0.05659014593349607, 0.3505701801913368, 0.0, 0.03799438073014172, 0.033290974996363354, 0.0, 0.05, 0.5, 0.5, 0.0, 0.0, 0.0, 0.030000000000000002, 0.255, 0.0, 1.0, 1.0];[1.1172975908199039, -1.3738925943170404, 71.48841926691786, 0.7542176868768153, -0.029912295530626354, -12.32663203977916, 2.904884077444091, -14.0, -0.15827986990461607, -0.8691128010289801, 0.0, -0.6494298198086632, -0.9667090250036366, 0.0, 0.005416103262506744];33.87562340009026
[nan, nan, nan];False;False;[1.0, 11.346386548399988, 1.4437626301854212, 1.0, 2.0, 20.215179260625565, 0.7485237503590857, 0.2054333789300011, 8594.145433103351, 14278.791320134631, 4641.075430777258, 0.0, 3.0, 0.0, 0.025, 0.08882357286455773, 0.14919279728492896, 0.5406122089656152, 0.0423810408623177, 0.09485024519867835, 0.3275903880759231, 0.03736031007635306, 0.3333333333333333, 0.3333333333333333, 0.03652228682866974, 0.3333333333333333, 0.3333333333333333, 0.07956582740569268, 0.3333333333333333, 0.3333333333333333, 0.060542688293376126, 0.815498585694639, 0.13991391249138052, 1.0, 1.0, 2.0, 0.03992649119821333, 0.4730970631575545, 174.0, 1.0, 0.0];[nan, nan, nan, nan, nan, nan, nan, nan, nan, nan, nan, nan, nan, nan, nan];43.73982070002239
[nan, nan, nan];False;False;[1.0, 5.439421339651119, 1.4479858676755273, 1.0, 2.0, 33.251719506475155, 0.7177833484284393, 0.75655417808968, 7311.859257176545, 17814.721868412733, 13190.455086553697, 0.0, 3.0, 0.0, 0.025, 0.02401104694944183, 0.3333333333333333, 0.3333333333333333, 0.004255652640595542, 0.3333333333333333, 0.3333333333333333, 0.04212348505841276, 0.3607720078043396, 0.21158566393928702, 0.0492180134073402, 0.3333333333333333, 0.3333333333333333, 0.06019061370812217, 0.0, 0.7367609152732637, 0.06073270238695112, 0.3333333333333333, 0.3333333333333333, 0.0, 1.0, 1.0, 0.04347366341481199, 0.41226164387968983, 38.0, 1.0, 0.0];[nan, nan, nan, nan, nan, nan, nan, nan, nan, nan, nan, nan, nan, nan, nan];39.92591250000987
[nan, nan, nan];False;False;[1.0, 10.239353154464268, 1.7174902179702984, 0.0, 1.0, 50.97270457460072, 0.2882073764884472, 0.5, 4681.5844810422695, 4784.658632117161, 10500.0, 0.0, 3.0, 0.0, 0.025, 0.0479404437843016, 0.2901971180752728, 0.0, 0.05299624181522933, 0.9309808415048065, 0.0, 0.05, 0.5, 0.5, 0.037404187009718426, 0.3204540617588282, 0.0, 0.04069538969346427, 0.08697846365303508, 0.0, 0.05, 0.5, 0.5, 1.0, 0.0, 0.0, 0.030000000000000002, 0.255, 0.0, 1.0, 1.0];[nan, nan, nan, nan, nan, nan, nan, nan, nan, nan, nan, nan, nan, nan, nan];106.89610830007587
[nan, nan, nan];False;False;[1.0, 11.059172784231308, 1.3451712853752469, 1.0, 0.0, 12.740731682883462, 0.5, 0.5, 19637.452180870427, 10500.0, 10500.0, 0.0, 3.0, 0.0, 0.025, 0.0529425872562638, 0.0, 0.0, 0.05, 0.5, 0.5, 0.05, 0.5, 0.5, 0.008304651430128275, 0.0, 0.0, 0.05, 0.5, 0.5, 0.05, 0.5, 0.5, 0.0, 0.0, 0.0, 0.030000000000000002, 0.255, 0.0, 0.0, 0.0];[nan, nan, nan, nan, nan, nan, nan, nan, nan, nan, nan, nan, nan, nan, nan];81.83839200006332
[nan, nan, nan];False;False;[1.0, 2.1834422216747855, 1.4444051959267536, 0.0, 2.0, 55.7414966869571, 0.7752308710182788, 0.6477811228145807, 18093.67857860368, 19803.93891495933, 15630.125718379877, 0.0, 3.0, 0.0, 0.025, 0.019921180620788903, 0.1444306819368093, 0.15028157936461306, 0.02075778681755579, 0.5843954367626717, 0.1607189206839832, 0.03022441242636589, 0.06691063549311671, 0.7765911246643501, 0.08377890787455898, 0.3333333333333333, 0.3333333333333333, 0.0006703937568076524, 0.3333333333333333, 0.3333333333333333, 0.08060910484914685, 0.3333333333333333, 0.3333333333333333, 1.0, 1.0, 1.0, 0.028503105208737514, 0.15971524279602745, 211.0, 0.0, 0.0];[nan, nan, nan, nan, nan, nan, nan, nan, nan, nan, nan, nan, nan, nan, nan];184.91849489999004
[nan, nan, nan];False;False;[1.0, 4.556553489863934, 1.4211077879708498, 1.0, 0.0, 28.959143974135404, 0.5, 0.5, 15231.092786476618, 10500.0, 10500.0, 1.0, 2.646657875036052, 0.0, 0.025, 0.01841189951639932, 0.0, 0.0, 0.05, 0.5, 0.5, 0.05, 0.5, 0.5, 0.03784247760562562, 0.0, 0.0, 0.05, 0.5, 0.5, 0.05, 0.5, 0.5, 1.0, 0.0, 0.0, 0.030000000000000002, 0.255, 0.0, 0.0, 0.0];[nan, nan, nan, nan, nan, nan, nan, nan, nan, nan, nan, nan, nan, nan, nan];57.058407399919815
[nan, nan, nan];False;False;[1.0, 7.286291533824093, 1.6104366314943384, 1.0, 1.0, 27.443323210448185, 0.7781902962822925, 0.5, 1200.9772942408188, 16798.99256047177, 10500.0, 0.0, 3.0, 1.0, 0.04946842473178879, 0.056297325925193514, 0.38758197023605734, 0.0, 0.0556901536474279, 0.03151239216813995, 0.0, 0.05, 0.5, 0.5, 0.0107143707909796, 0.08950457013111823, 0.0, 0.030832925772043707, 0.4635893968333962, 0.0, 0.05, 0.5, 0.5, 0.0, 1.0, 0.0, 0.03973728795956787, 0.46128860619956963, 228.0, 0.0, 1.0];[nan, nan, nan, nan, nan, nan, nan, nan, nan, nan, nan, nan, nan, nan, nan];78.21418979996815
[nan, nan, nan];False;False;[0.0, 7.25, 1.4500000000000002, 0.0, 2.0, 18.516305580549957, 0.24844772701494522, 0.4721505521906135, 12586.058777224382, 12975.963010538611, 16629.98000984115, 0.0, 3.0, 0.0, 0.025, 0.0071466372969339114, 0.3333333333333333, 0.3333333333333333, 0.08354562381180063, 0.3333333333333333, 0.3333333333333333, 0.03368960138400562, 0.3333333333333333, 0.3333333333333333, 0.01084402756534264, 0.1033636141103571, 0.1510874794016307, 0.021709819523546295, 0.3333333333333333, 0.3333333333333333, 0.0037060227195339526, 0.3333333333333333, 0.3333333333333333, 0.0, 0.0, 0.0, 0.030000000000000002, 0.255, 0.0, 1.0, 0.0];[nan, nan, nan, nan, nan, nan, nan, nan, nan, nan, nan, nan, nan, nan, nan];122.36261740000919
[nan, nan, nan];False;False;[0.0, 7.25, 1.4500000000000002, 0.0, 2.0, 16.692364309200517, 0.10043040179064802, 0.19740816211056567, 9571.382522649754, 10185.308397338062, 4752.815755972711, 0.0, 3.0, 0.0, 0.025, 0.09585112053995733, 0.2805524709373429, 0.4606587467463462, 0.06119390957909098, 0.3333333333333333, 0.3333333333333333, 0.06536089322271636, 0.3333333333333333, 0.3333333333333333, 0.06246569575716844, 0.3333333333333333, 0.3333333333333333, 0.060478994667602703, 0.3333333333333333, 0.3333333333333333, 0.028249595512849626, 0.3333333333333333, 0.3333333333333333, 0.0, 0.0, 0.0, 0.030000000000000002, 0.255, 0.0, 2.0, 0.0];[nan, nan, nan, nan, nan, nan, nan, nan, nan, nan, nan, nan, nan, nan, nan];66.12383009993937
[nan, nan, nan];False;False;[0.0, 7.25, 1.4500000000000002, 0.0, 2.0, 14.251675761123115, 0.4225891324299146, 0.11437814685068695, 18194.994227984764, 15573.317040783048, 9801.139063540653, 0.0, 3.0, 0.0, 0.025, 0.05355089559924138, 0.3333333333333333, 0.3333333333333333, 0.03945745963598432, 0.04947287280824486, 0.6809058855096047, 0.06641177621773474, 0.3333333333333333, 0.3333333333333333, 0.0759235818258324, 0.24176739159960114, 0.30253056018647495, 0.08412137614385147, 0.3333333333333333, 0.3333333333333333, 0.0243401584629537, 0.3333333333333333, 0.3333333333333333, 0.0, 0.0, 0.0, 0.030000000000000002, 0.255, 0.0, 2.0, 1.0];[nan, nan, nan, nan, nan, nan, nan, nan, nan, nan, nan, nan, nan, nan, nan];82.40468070004135
[nan, nan, nan];False;False;[1.0, 10.341104953696464, 1.183939444187574, 1.0, 1.0, 45.419210327790495, 0.7282300285623674, 0.5, 10802.301230165442, 12822.957042389859, 10500.0, 1.0, 2.4372775036773, 1.0, 0.04371981793457308, 0.01224696144434756, 0.5040495529129493, 0.0, 0.07720873188163252, 0.1628966381550745, 0.0, 0.05, 0.5, 0.5, 0.048162317433709204, 0.2377145925920432, 0.0, 0.0636663831721739, 0.8665839276426243, 0.0, 0.05, 0.5, 0.5, 1.0, 0.0, 0.0, 0.030000000000000002, 0.255, 0.0, 1.0, 1.0];[nan, nan, nan, nan, nan, nan, nan, nan, nan, nan, nan, nan, nan, nan, nan];99.18132580001839
[nan, nan, nan];False;False;[1.0, 7.784737584503143, 1.615003695233728, 0.0, 0.0, 32.28618532674394, 0.5, 0.5, 18728.712859401716, 10500.0, 10500.0, 1.0, 2.537290063199062, 0.0, 0.025, 0.013430300905242732, 0.0, 0.0, 0.05, 0.5, 0.5, 0.05, 0.5, 0.5, 0.07487076417208732, 0.0, 0.0, 0.05, 0.5, 0.5, 0.05, 0.5, 0.5, 1.0, 0.0, 0.0, 0.030000000000000002, 0.255, 0.0, 0.0, 0.0];[nan, nan, nan, nan, nan, nan, nan, nan, nan, nan, nan, nan, nan, nan, nan];54.63538739993237
[nan, nan, nan];False;False;[1.0, 9.55076038775919, 1.6895899049335164, 1.0, 1.0, 10.765050770012099, 0.131020568130816, 0.5, 4211.625527365877, 1246.5682642341153, 10500.0, 0.0, 3.0, 0.0, 0.025, 0.06173815202931961, 0.5111652479206332, 0.0, 0.08985435105862788, 0.7406386429270161, 0.0, 0.05, 0.5, 0.5, 0.07670320911075039, 0.3110779699914398, 0.0, 0.00376286034717902, 0.6818681945760959, 0.0, 0.05, 0.5, 0.5, 0.0, 0.0, 0.0, 0.030000000000000002, 0.255, 0.0, 0.0, 1.0];[nan, nan, nan, nan, nan, nan, nan, nan, nan, nan, nan, nan, nan, nan, nan];116.707388299983
[nan, nan, nan];False;False;[1.0, 11.52968657606821, 1.262234355752532, 1.0, 1.0, 2.8304093825501853, 0.324717575180298, 0.5, 14087.560597625637, 14323.632574864258, 10500.0, 0.0, 3.0, 1.0, 0.04749999899703258, 0.011663728939002839, 0.17011028103849657, 0.0, 0.08410803963589895, 0.6615587257030279, 0.0, 0.05, 0.5, 0.5, 0.01066473080869712, 0.36309034273939755, 0.0, 0.07288004646012121, 0.27056664745531067, 0.0, 0.05, 0.5, 0.5, 1.0, 0.0, 0.0, 0.030000000000000002, 0.255, 0.0, 0.0, 0.0];[nan, nan, nan, nan, nan, nan, nan, nan, nan, nan, nan, nan, nan, nan, nan];87.27812899998389
[26.716064794617708, 1571.3136705349277, 116.01926161346861];True;False;[0.0, 7.25, 1.4500000000000002, 0.0, 1.0, 8.192540670275438, 0.7584316064331346, 0.5, 19991.064947994513, 16470.87265343839, 10500.0, 0.0, 3.0, 1.0, 0.0011720536211634104, 0.07574520171592981, 0.12169128663384632, 0.0, 0.00819304993114065, 0.3144644198265655, 0.0, 0.05, 0.5, 0.5, 0.08955786085905015, 0.11813828325928366, 0.0, 0.05773228789716156, 0.49538203955171944, 0.0, 0.05, 0.5, 0.5, 0.0, 0.0, 0.0, 0.030000000000000002, 0.255, 0.0, 1.0, 0.0];[2.1483911608453807, -1.2353772579529638, 185.33007762638482, 0.3740944457230089, -0.14156839356686546, -13.384633221321662, -9.928371204353715, -14.0, -0.8783087133661537, -0.6855355801734345, 0.0, -0.8818617167407163, -0.5046179604482806, 0.0, -0.03026531538454824];18.107606699923053
[nan, nan, nan];False;False;[1.0, 10.615893191424707, 1.2510878021321972, 1.0, 0.0, 45.33914427587214, 0.5, 0.5, 15905.82240118076, 10500.0, 10500.0, 1.0, 4.778020923610772, 0.0, 0.025, 0.05572331617679414, 0.0, 0.0, 0.05, 0.5, 0.5, 0.05, 0.5, 0.5, 0.08607860227724738, 0.0, 0.0, 0.05, 0.5, 0.5, 0.05, 0.5, 0.5, 1.0, 0.0, 0.0, 0.030000000000000002, 0.255, 0.0, 0.0, 0.0];[nan, nan, nan, nan, nan, nan, nan, nan, nan, nan, nan, nan, nan, nan, nan];55.462874700082466
[nan, nan, nan];False;False;[1.0, 12.064637169994226, 1.4535908151366441, 1.0, 2.0, 54.23167375761907, 0.3393531079151882, 0.7729137314785699, 10293.197246084024, 16215.661031877333, 1063.1592935242174, 0.0, 3.0, 0.0, 0.025, 0.05304513465945378, 0.3333333333333333, 0.3333333333333333, 0.055008813980953655, 0.3333333333333333, 0.3333333333333333, 0.08379317642417167, 0.233008460618365, 0.20434265908980487, 0.024442268678183023, 0.19928657770032399, 0.41616765974366554, 0.043014656545453625, 0.39724167123952414, 0.24554894602741073, 0.08121868138627665, 0.5338887763497948, 0.42372767147448476, 0.0, 1.0, 1.0, 0.028586009471985856, 0.448235603549832, 175.0, 0.0, 0.0];[nan, nan, nan, nan, nan, nan, nan, nan, nan, nan, nan, nan, nan, nan, nan];95.50851760001387
[nan, nan, nan];False;False;[0.0, 7.25, 1.4500000000000002, 0.0, 1.0, 4.935903054251329, 0.4664650180416252, 0.5, 14210.321699241435, 3481.465158056752, 10500.0, 0.0, 3.0, 0.0, 0.025, 0.08504369155880237, 0.8176963986603893, 0.0, 0.026543057407370077, 0.9101736867106875, 0.0, 0.05, 0.5, 0.5, 0.013600113428062078, 0.8609916514621575, 0.0, 0.09512064198720571, 0.34434061959670603, 0.0, 0.05, 0.5, 0.5, 0.0, 0.0, 0.0, 0.030000000000000002, 0.255, 0.0, 0.0, 1.0];[nan, nan, nan, nan, nan, nan, nan, nan, nan, nan, nan, nan, nan, nan, nan];94.82990380004048
[nan, nan, nan];False;False;[1.0, 9.030053293304059, 1.3815287122972073, 1.0, 2.0, 58.85560088648676, 0.8421037005719788, 0.5874561013816955, 18176.338909847334, 8206.566156766243, 5088.631775053311, 1.0, 2.8908718993073137, 0.0, 0.025, 0.05521333286070123, 0.04074571486543077, 0.6558268376686335, 0.05298924557656737, 0.18617838793034303, 0.6232779408659408, 0.004751912533182146, 0.7245423127143341, 0.27376494549498953, 0.021482760808470936, 0.3333333333333333, 0.3333333333333333, 0.07017693711305077, 0.3333333333333333, 0.3333333333333333, 0.050431374144946, 0.22302528904340557, 0.21733928533775704, 1.0, 1.0, 0.0, 0.04740318685683672, 0.40132204116632963, 100.0, 2.0, 0.0];[nan, nan, nan, nan, nan, nan, nan, nan, nan, nan, nan, nan, nan, nan, nan];117.48122389998753
[nan, nan, nan];False;False;[1.0, 2.1296478305035227, 1.3706979507044499, 0.0, 1.0, 21.549976401557586, 0.896766563365514, 0.5, 18445.68751004899, 15537.965252194566, 10500.0, 1.0, 4.813455318924893, 1.0, 0.016221757254988395, 0.012221993102052232, 0.21278674370630735, 0.0, 0.08926834198626576, 0.07252900609326396, 0.0, 0.05, 0.5, 0.5, 0.08861775382348092, 0.0, 0.0, 0.022701802757109625, 0.012484394188602366, 0.0, 0.05, 0.5, 0.5, 1.0, 0.0, 0.0, 0.030000000000000002, 0.255, 0.0, 1.0, 1.0];[nan, nan, nan, nan, nan, nan, nan, nan, nan, nan, nan, nan, nan, nan, nan];174.2297397000948
[nan, nan, nan];False;False;[1.0, 4.968281545362627, 1.51919967709532, 0.0, 0.0, 51.37204313489482, 0.5, 0.5, 16861.781756148845, 10500.0, 10500.0, 0.0, 3.0, 0.0, 0.025, 0.05818871753182721, 0.0, 0.0, 0.05, 0.5, 0.5, 0.05, 0.5, 0.5, 0.03392521566805814, 0.0, 0.0, 0.05, 0.5, 0.5, 0.05, 0.5, 0.5, 0.0, 0.0, 0.0, 0.030000000000000002, 0.255, 0.0, 0.0, 0.0];[nan, nan, nan, nan, nan, nan, nan, nan, nan, nan, nan, nan, nan, nan, nan];58.21262140001636
[25.270209472690276, 1196.3337661209634, 118.41344413244626];True;False;[0.0, 7.25, 1.4500000000000002, 0.0, 0.0, 20.977321366808784, 0.5, 0.5, 17734.42318863552, 10500.0, 10500.0, 0.0, 3.0, 0.0, 0.025, 0.03998857559620344, 0.0, 0.0, 0.05, 0.5, 0.5, 0.05, 0.5, 0.5, 0.04618704464690733, 0.0, 0.0, 0.05, 0.5, 0.5, 0.05, 0.5, 0.5, 0.0, 0.0, 0.0, 0.030000000000000002, 0.255, 0.0, 0.0, 0.0];[0.35620203720694654, -1.4690436508449016, 5.2757016349290105, 0.7601315770471633, -0.4, 5.977321366808784, -14.0, -14.0, -1.0, 0.0, 0.0, -1.0, 0.0, 0.0, 0.03148018244894846];5.509674799977802
[nan, nan, nan];False;False;[1.0, 3.9919772025667095, 1.5104794802780732, 0.0, 2.0, 32.23149492296366, 0.7000245581211771, 0.22584986077164207, 9835.151178946431, 14555.515966107192, 9805.620656465475, 0.0, 3.0, 0.0, 0.025, 0.04758780402657875, 0.37419155698184736, 0.057270346627736224, 0.05330238818476655, 0.3333333333333333, 0.3333333333333333, 0.02695609826913107, 0.6342200979540223, 0.02184068099162173, 0.09379877097877906, 0.3333333333333333, 0.3333333333333333, 0.029687997824485668, 0.7047988771676638, 0.22443807139253968, 0.0854344342542472, 0.3333333333333333, 0.3333333333333333, 0.0, 0.0, 0.0, 0.030000000000000002, 0.255, 0.0, 1.0, 0.0];[nan, nan, nan, nan, nan, nan, nan, nan, nan, nan, nan, nan, nan, nan, nan];90.56845609995071
[18.537762439272576, 2507.301563901924, 113.62254185914276];True;False;[0.0, 7.25, 1.4500000000000002, 0.0, 2.0, 52.438136314371974, 0.8555688690434767, 0.18229818761027944, 17903.76605193106, 3596.6036966837933, 1587.5569817986388, 0.0, 3.0, 0.0, 0.025, 0.08465400383986574, 0.11345347814432516, 0.7876350236747772, 0.07551743084550849, 0.3333333333333333, 0.3333333333333333, 0.0555129984289278, 0.3333333333333333, 0.3333333333333333, 0.05978756849324395, 0.3310765227618371, 0.055208180634249815, 0.08396827315172543, 0.3333333333333333, 0.3333333333333333, 0.06820212570119633, 0.3333333333333333, 0.3333333333333333, 0.0, 0.0, 0.0, 0.030000000000000002, 0.255, 0.0, 2.0, 1.0];[2.48128723979862, -1.1610397110795319, 99.93502307155937, 0.4806824028945105, -0.04443113095652329, -11.257035143976463, -11.257035143976463, -11.257035143976463, -0.09891149818089762, -0.33333333333333337, -0.33333333333333337, -0.6137152966039131, -0.33333333333333337, -0.33333333333333337, -0.052664169533590044];59.530234699952416
[nan, nan, nan];False;False;[1.0, 7.383751065761939, 1.2154927643744817, 0.0, 2.0, 46.039144874087484, 0.1486610959763243, 0.6341473831104945, 4710.976298726875, 10371.65253128863, 9712.14325992174, 1.0, 1.0615737388101172, 1.0, 0.04782861087299657, 0.002062689072422941, 0.3333333333333333, 0.3333333333333333, 0.07678044135879214, 0.3569507724207547, 0.08304176327045898, 0.04083342196706013, 0.3333333333333333, 0.3333333333333333, 0.067626855407084, 0.3333333333333333, 0.3333333333333333, 0.09692637240969539, 0.3333333333333333, 0.3333333333333333, 0.09361014576578028, 0.3096984239533396, 0.43166516606958194, 1.0, 1.0, 2.0, 0.041791557249500996, 0.1804518056109283, 36.0, 1.0, 0.0];[nan, nan, nan, nan, nan, nan, nan, nan, nan, nan, nan, nan, nan, nan, nan];97.64748129993677
[nan, nan, nan];False;False;[0.0, 7.25, 1.4500000000000002, 0.0, 1.0, 36.135418130710434, 0.736009954914791, 0.5, 19278.844694428208, 2329.0305692986176, 10500.0, 0.0, 3.0, 1.0, 0.01317722770023065, 0.09255848640973555, 0.4067485402936164, 0.0, 0.0047384079450136455, 0.5473641561914023, 0.0, 0.05, 0.5, 0.5, 0.0893087477088562, 0.7697896258305538, 0.0, 0.022991286536294342, 0.7092610163128901, 0.0, 0.05, 0.5, 0.5, 0.0, 0.0, 0.0, 0.030000000000000002, 0.255, 0.0, 0.0, 1.0];[nan, nan, nan, nan, nan, nan, nan, nan, nan, nan, nan, nan, nan, nan, nan];73.83683919999748
[21.896266379789097, 1472.4810012398696, 117.14599688456079];True;False;[0.0, 7.25, 1.4500000000000002, 0.0, 0.0, 45.60323027407317, 0.5, 0.5, 5612.937129168311, 10500.0, 10500.0, 0.0, 3.0, 0.0, 0.025, 0.010297864994045025, 0.0, 0.0, 0.05, 0.5, 0.5, 0.05, 0.5, 0.5, 0.08719297527035519, 0.0, 0.0, 0.05, 0.5, 0.5, 0.05, 0.5, 0.5, 0.0, 0.0, 0.0, 0.030000000000000002, 0.255, 0.0, 0.0, 0.0];[0.5111346779787578, -1.429133043917943, 55.47813125350672, 0.7913928174464344, -0.4, 30.60323027407317, -14.0, -14.0, -1.0, 0.0, 0.0, -1.0, 0.0, 0.0, 0.01504805011242305];5.595436100033112
[nan, nan, nan];False;False;[0.0, 7.25, 1.4500000000000002, 0.0, 1.0, 1.1445855969691623, 0.8336037663592772, 0.5, 12027.154137726866, 7582.443621215932, 10500.0, 0.0, 3.0, 0.0, 0.025, 0.010903364041768272, 0.5160018476764384, 0.0, 0.054130427004632366, 0.18941798655404607, 0.0, 0.05, 0.5, 0.5, 0.02460744656954461, 0.1481903884241661, 0.0, 0.09430439704170904, 0.26983383518734927, 0.0, 0.05, 0.5, 0.5, 0.0, 0.0, 0.0, 0.030000000000000002, 0.255, 0.0, 1.0, 1.0];[nan, nan, nan, nan, nan, nan, nan, nan, nan, nan, nan, nan, nan, nan, nan];59.79409440001473
[nan, nan, nan];False;False;[0.0, 7.25, 1.4500000000000002, 0.0, 1.0, 22.044063090422576, 0.4612969682358613, 0.5, 14433.314187167041, 17326.487426266533, 10500.0, 0.0, 3.0, 1.0, 0.04214423539153187, 0.09603577013374058, 0.2427349229087683, 0.0, 0.08039714638001942, 0.433607297795658, 0.0, 0.05, 0.5, 0.5, 0.06587696345569898, 0.8417222029245696, 0.0, 0.09130793814496145, 0.08829128855375745, 0.0, 0.05, 0.5, 0.5, 0.0, 0.0, 0.0, 0.030000000000000002, 0.255, 0.0, 1.0, 1.0];[nan, nan, nan, nan, nan, nan, nan, nan, nan, nan, nan, nan, nan, nan, nan];56.0110303000547
[25.72726746487716, 1493.6769003519826, 117.5607733690306];True;False;[0.0, 7.25, 1.4500000000000002, 0.0, 2.0, 13.957954604700205, 0.4180543834681226, 0.2012747022184792, 3061.7821892092015, 10628.208832493809, 4886.247685196695, 0.0, 3.0, 0.0, 0.025, 0.059276902614201744, 0.5409106933500206, 0.42896614671296385, 0.014014528713914832, 0.26222971155097796, 0.7347575587675891, 0.029026781210249, 0.07963386616585644, 0.3931536515938576, 0.06518705307036216, 0.3333333333333333, 0.3333333333333333, 0.03482258058586468, 0.225570497240556, 0.2116901505459392, 0.01620708106526856, 0.06300214926415704, 0.580115976135259, 0.0, 0.0, 0.0, 0.030000000000000002, 0.255, 0.0, 0.0, 1.0];[1.656362962414307, -1.345249892617008, -2.737947085396291, 0.599764516265143, -0.4819456165318774, -12.11397736756364, -11.83055792572339, -13.474053771649096, -0.03012315993701553, -0.0030127296814329574, -0.5272124822402859, -0.33333333333333337, -0.5627393522135048, -0.35688187460058396, 0.00727677107510083];69.57248550001532
[nan, nan, nan];False;False;[0.0, 7.25, 1.4500000000000002, 0.0, 2.0, 59.15478543069626, 0.3241927470442974, 0.30956485428161185, 12046.058525488697, 17110.80609400369, 1578.3726943766542, 0.0, 3.0, 0.0, 0.025, 0.060610107417353856, 0.3333333333333333, 0.3333333333333333, 0.09546741110430641, 0.4673522397889631, 0.4701311845444136, 0.052591861646129605, 0.3333333333333333, 0.3333333333333333, 0.05658987152835491, 0.487179775821344, 0.04153762293067553, 0.003888300141159729, 0.6561282790435784, 0.09512630368352204, 0.02163396387635205, 0.3333333333333333, 0.3333333333333333, 0.0, 0.0, 0.0, 0.030000000000000002, 0.255, 0.0, 2.0, 1.0];[nan, nan, nan, nan, nan, nan, nan, nan, nan, nan, nan, nan, nan, nan, nan];90.42038929997943
[21.258547173381896, 1649.8594483853594, 116.26236271247703];True;False;[0.0, 7.25, 1.4500000000000002, 0.0, 1.0, 31.724766172855553, 0.26167804729906974, 0.5, 2199.5630703457905, 4339.800390200852, 10500.0, 0.0, 3.0, 0.0, 0.025, 0.03866952830453714, 0.3400120796052857, 0.0, 0.05194173650440458, 0.23410177031961943, 0.0, 0.05, 0.5, 0.5, 0.09590652988479777, 0.48172977295589114, 0.0, 0.08433576523739061, 0.3922130707298873, 0.0, 0.05, 0.5, 0.5, 0.0, 0.0, 0.0, 0.030000000000000002, 0.255, 0.0, 1.0, 0.0];[1.2242239027816382, -1.34826918767587, 28.365927111406606, 0.6902484825711463, -0.6383219527009303, -5.538969107879295, -11.64679604848596, -14.0, -0.6599879203947143, -0.7658982296803806, 0.0, -0.5182702270441089, -0.6077869292701127, 0.0, -0.0040248761341349915];14.464098699972965
[nan, nan, nan];False;False;[1.0, 2.4020499887271805, 1.141673783627612, 1.0, 2.0, 29.89456844243311, 0.5698205007077844, 0.38875575209894186, 13634.904566401498, 12561.44207183892, 18886.694771578972, 0.0, 3.0, 1.0, 0.019414934361884652, 0.06344095115372594, 0.3333333333333333, 0.3333333333333333, 0.04989010487530411, 0.3333333333333333, 0.3333333333333333, 0.016116490896168158, 0.3333333333333333, 0.3333333333333333, 0.04554120524536032, 0.2755083301066691, 0.08518830046411874, 0.05918561330381893, 0.3333333333333333, 0.3333333333333333, 0.03211251323803023, 0.3333333333333333, 0.3333333333333333, 1.0, 1.0, 0.0, 0.04396122887347555, 0.24519349851705854, 33.0, 1.0, 2.0];[nan, nan, nan, nan, nan, nan, nan, nan, nan, nan, nan, nan, nan, nan, nan];146.85013389994856
[12.629272591486734, 2650.6627934962034, 103.77715865178493];True;False;[1.0, 7.779154445956179, 1.4805252221341305, 1.0, 2.0, 44.52685070724654, 0.1851573052584099, 0.5964999346656471, 11717.881814463102, 9998.992818646839, 11617.205578115625, 1.0, 1.849458127890264, 1.0, 0.0458822830800658, 0.06175285574889325, 0.3333333333333333, 0.3333333333333333, 0.09436092107997177, 0.1345674690404769, 0.6330829161127884, 0.03571532780883935, 0.0, 0.944041430121871, 0.05262884266232132, 0.37901094616068964, 0.3638755029141957, 0.06925035151182928, 0.4494455802677979, 0.23015181322620948, 0.04629858361107256, 0.3333333333333333, 0.3333333333333333, 0.0, 0.0, 0.0, 0.030000000000000002, 0.255, 0.0, 0.0, 0.0];[0.8178606800371906, -0.40712031917084035, 274.4034903992621, -0.04972543463872847, -0.7148426947415901, -12.937919733541772, -13.251330956743654, -9.366514631445398, -0.33333333333333337, -0.23234961484673466, -0.05595856987812897, -0.2571135509251147, -0.3204026065059926, -0.33333333333333337, -0.16136507232757463];54.649709500023164
[22.159134763772546, 1439.2367414866574, 117.3131994384223];True;False;[0.0, 7.25, 1.4500000000000002, 0.0, 0.0, 43.20801746303064, 0.5, 0.5, 11585.36293629046, 10500.0, 10500.0, 0.0, 3.0, 0.0, 0.025, 0.04206754325935548, 0.0, 0.0, 0.05, 0.5, 0.5, 0.05, 0.5, 0.5, 0.04994604354559895, 0.0, 0.0, 0.05, 0.5, 0.5, 0.05, 0.5, 0.5, 0.0, 0.0, 0.0, 0.030000000000000002, 0.255, 0.0, 0.0, 0.0];[0.4821324284399857, -1.4366040156613626, 49.300739795904775, 0.8002026943757268, -0.4, 28.208017463030643, -14.0, -14.0, -1.0, 0.0, 0.0, -1.0, 0.0, 0.0, 0.018046274725753375];4.284534500096925
[nan, nan, nan];False;False;[0.0, 7.25, 1.4500000000000002, 0.0, 1.0, 15.145561725860537, 0.5506289206988292, 0.5, 16515.651611835674, 2875.5620738373755, 10500.0, 0.0, 3.0, 0.0, 0.025, 0.06658773180073504, 0.6604755813397633, 0.0, 0.06633096185386675, 0.027988303448514884, 0.0, 0.05, 0.5, 0.5, 0.01954143854282943, 0.1428964427695244, 0.0, 0.09206653822610963, 0.18998832778381125, 0.0, 0.05, 0.5, 0.5, 0.0, 0.0, 0.0, 0.030000000000000002, 0.255, 0.0, 1.0, 1.0];[nan, nan, nan, nan, nan, nan, nan, nan, nan, nan, nan, nan, nan, nan, nan];61.4522897999268
[nan, nan, nan];False;False;[1.0, 6.034285176503182, 1.1729707845953472, 0.0, 1.0, 47.924300040797135, 0.34181943455462155, 0.5, 4042.28288800333, 2619.6290941897773, 10500.0, 0.0, 3.0, 1.0, 0.044252205474432926, 0.04453419502662692, 0.9371352023548025, 0.0, 0.07580335341505512, 0.39126709926721615, 0.0, 0.05, 0.5, 0.5, 0.034434973698313796, 0.4380505286088089, 0.0, 0.019019535847291824, 0.29146641933157524, 0.0, 0.05, 0.5, 0.5, 1.0, 0.0, 0.0, 0.030000000000000002, 0.255, 0.0, 0.0, 1.0];[nan, nan, nan, nan, nan, nan, nan, nan, nan, nan, nan, nan, nan, nan, nan];102.773306600051
[nan, nan, nan];False;False;[0.0, 7.25, 1.4500000000000002, 0.0, 2.0, 20.95578653073634, 0.413519270237905, 0.5692066193039966, 14220.484784633481, 3713.9465029826847, 18681.084408375573, 0.0, 3.0, 1.0, 0.03416358443168154, 0.08305967314877681, 0.3333333333333333, 0.3333333333333333, 0.09231202298966545, 0.3333333333333333, 0.3333333333333333, 0.0242864744365765, 0.255335712474659, 0.056047718526456514, 0.04773397459394586, 0.3333333333333333, 0.3333333333333333, 0.09546431543581509, 0.3333333333333333, 0.3333333333333333, 0.009639311081961123, 0.3333333333333333, 0.3333333333333333, 0.0, 0.0, 0.0, 0.030000000000000002, 0.255, 0.0, 2.0, 0.0];[nan, nan, nan, nan, nan, nan, nan, nan, nan, nan, nan, nan, nan, nan, nan];116.80132530000992
[12.77373115359351, 3320.305700083446, 108.86325287785613];True;False;[1.0, 4.231310621271599, 1.7626461113361993, 0.0, 2.0, 57.9948156481964, 0.1866278993268371, 0.30611188871532724, 2017.9178562749573, 10257.949761358497, 7569.640082069705, 1.0, 1.375936934315349, 1.0, 0.018812159477202103, 0.0263849785101726, 0.3333333333333333, 0.3333333333333333, 0.07088943977246069, 0.09215831575077738, 0.36585059458025193, 0.06404477719660227, 0.3333333333333333, 0.3333333333333333, 0.07460423076411894, 0.014102441434268087, 0.8309330758332018, 0.06517386801385013, 0.15820442015218417, 0.09183401487680254, 0.03590082182222283, 0.3333333333333333, 0.3333333333333333, 0.0, 0.0, 0.0, 0.030000000000000002, 0.255, 0.0, 1.0, 2.0];[0.9688844836378356, -0.2954864242419388, 56.71513067798381, 0.0, -0.7133721006731629, -9.708124404143796, -13.05304732625927, -11.806558063677306, -0.33333333333333337, -0.5419910896689707, -0.33333333333333337, -0.15496448273253016, -0.7499615649710133, -0.33333333333333337, -0.17784218160174287];52.484230900066905
[24.749627630920582, 1217.0469512134107, 118.42001978752322];True;False;[0.0, 7.25, 1.4500000000000002, 0.0, 0.0, 24.915034389241917, 0.5, 0.5, 17993.29953589285, 10500.0, 10500.0, 0.0, 3.0, 0.0, 0.025, 0.011817184046533936, 0.0, 0.0, 0.05, 0.5, 0.5, 0.05, 0.5, 0.5, 0.048162499681738524, 0.0, 0.0, 0.05, 0.5, 0.5, 0.05, 0.5, 0.5, 0.0, 0.0, 0.0, 0.030000000000000002, 0.255, 0.0, 0.0, 0.0];[0.32914308839650186, -1.4760140288391717, 11.365370693375251, 0.799392740504218, -0.4, 9.915034389241917, -14.0, -14.0, -1.0, 0.0, 0.0, -1.0, 0.0, 0.0, 0.034458204592297426];5.2206513999262825
[24.462776671924185, 1559.0747185512907, 117.02102667941799];True;False;[0.0, 7.25, 1.4500000000000002, 0.0, 2.0, 14.654521596985463, 0.5710433749681182, 0.8882881659637264, 19525.22837369493, 9935.869190692367, 15373.278213638838, 0.0, 3.0, 0.0, 0.025, 0.06190183247067093, 0.3333333333333333, 0.3333333333333333, 0.06373284539949788, 0.3333333333333333, 0.3333333333333333, 0.02132352468300948, 0.5668969783150336, 0.40148148268205675, 0.04498187261346424, 0.3333333333333333, 0.3333333333333333, 0.05291736432011027, 0.3333333333333333, 0.3333333333333333, 0.041917460942852106, 0.551309122986767, 0.04837877633282539, 0.0, 0.0, 0.0, 0.030000000000000002, 0.255, 0.0, 1.0, 1.0];[1.7518849111523762, -1.3239193099195916, -1.7106195271470153, 0.5953504146392685, -0.32895662503188183, -12.55286902009049, -12.55286902009049, -12.55286902009049, -0.33333333333333337, -0.33333333333333337, -0.03162153900290965, -0.33333333333333337, -0.33333333333333337, -0.40031210068040757, -0.00047386195977933143];62.359207000001334
[nan, nan, nan];False;False;[1.0, 2.1593754251624144, 1.5874812544751662, 1.0, 0.0, 35.39842680638996, 0.5, 0.5, 6085.626325029624, 10500.0, 10500.0, 0.0, 3.0, 0.0, 0.025, 0.08523780199971197, 0.0, 0.0, 0.05, 0.5, 0.5, 0.05, 0.5, 0.5, 0.06157750145314719, 0.0, 0.0, 0.05, 0.5, 0.5, 0.05, 0.5, 0.5, 1.0, 0.0, 0.0, 0.030000000000000002, 0.255, 0.0, 0.0, 0.0];[nan, nan, nan, nan, nan, nan, nan, nan, nan, nan, nan, nan, nan, nan, nan];59.86691310000606
[nan, nan, nan];False;False;[1.0, 11.756084932400428, 1.2027672654963908, 0.0, 0.0, 37.52417868123035, 0.5, 0.5, 8572.859004079528, 10500.0, 10500.0, 0.0, 3.0, 0.0, 0.025, 0.09154873646584932, 0.0, 0.0, 0.05, 0.5, 0.5, 0.05, 0.5, 0.5, 0.028355783622448116, 0.0, 0.0, 0.05, 0.5, 0.5, 0.05, 0.5, 0.5, 1.0, 1.0, 0.0, 0.017497246747088496, 0.33068535737294547, 129.0, 0.0, 0.0];[nan, nan, nan, nan, nan, nan, nan, nan, nan, nan, nan, nan, nan, nan, nan];83.84969409997575
[nan, nan, nan];False;False;[1.0, 10.335198494357773, 1.174498098128424, 1.0, 2.0, 48.83735916033548, 0.23671586831947355, 0.5649105962105979, 13361.745290013167, 15579.915443459919, 6660.865782782878, 0.0, 3.0, 0.0, 0.025, 0.05128693115545821, 0.33147563960380777, 0.09307852785797088, 0.06669144906905054, 0.3333333333333333, 0.3333333333333333, 0.09522571076047441, 0.11340840814541342, 0.8519421613063387, 0.08914410549453874, 0.19767081726404556, 0.6462416254794249, 0.07687690863533331, 0.3333333333333333, 0.3333333333333333, 0.09098733386231633, 0.3333333333333333, 0.3333333333333333, 1.0, 0.0, 0.0, 0.030000000000000002, 0.255, 0.0, 0.0, 0.0];[nan, nan, nan, nan, nan, nan, nan, nan, nan, nan, nan, nan, nan, nan, nan];120.02379939996172
[nan, nan, nan];False;False;[0.0, 7.25, 1.4500000000000002, 0.0, 2.0, 40.4580449654616, 0.5763908174735132, 0.46963711058349544, 9638.456236145657, 7158.977681145796, 7344.251668911014, 0.0, 3.0, 1.0, 0.02977509382203858, 0.05307175724916107, 0.3333333333333333, 0.3333333333333333, 0.007863572353861993, 0.3333333333333333, 0.3333333333333333, 0.09230588847130612, 0.3333333333333333, 0.3333333333333333, 0.002668803213431681, 0.3333333333333333, 0.3333333333333333, 0.04608050998839003, 0.015913282241226345, 0.5590915010029095, 0.07627248207186295, 0.441807446335441, 0.21792222917669546, 0.0, 0.0, 0.0, 0.030000000000000002, 0.255, 0.0, 1.0, 2.0];[nan, nan, nan, nan, nan, nan, nan, nan, nan, nan, nan, nan, nan, nan, nan];106.2077724999981
[nan, nan, nan];False;False;[0.0, 7.25, 1.4500000000000002, 0.0, 0.0, 15.812235161997227, 0.5, 0.5, 7255.021781332523, 10500.0, 10500.0, 0.0, 3.0, 0.0, 0.025, 0.02573695955397607, 0.0, 0.0, 0.05, 0.5, 0.5, 0.05, 0.5, 0.5, 0.07221611744368318, 0.0, 0.0, 0.05, 0.5, 0.5, 0.05, 0.5, 0.5, 0.0, 0.0, 0.0, 0.030000000000000002, 0.255, 0.0, 0.0, 0.0];[nan, nan, nan, nan, nan, nan, nan, nan, nan, nan, nan, nan, nan, nan, nan];28.48680419998709
[nan, nan, nan];False;False;[1.0, 3.4590300186389196, 1.430488762076168, 0.0, 0.0, 55.72659687288283, 0.5, 0.5, 11064.626546953976, 10500.0, 10500.0, 1.0, 4.707091134025292, 0.0, 0.025, 0.06566402138299751, 0.0, 0.0, 0.05, 0.5, 0.5, 0.05, 0.5, 0.5, 0.01872508835840132, 0.0, 0.0, 0.05, 0.5, 0.5, 0.05, 0.5, 0.5, 1.0, 0.0, 0.0, 0.030000000000000002, 0.255, 0.0, 0.0, 0.0];[nan, nan, nan, nan, nan, nan, nan, nan, nan, nan, nan, nan, nan, nan, nan];48.12175719998777
[20.634721458182728, 2020.897775465419, 115.79253051409397];True;False;[0.0, 7.25, 1.4500000000000002, 0.0, 2.0, 47.01235353960445, 0.7602908239518106, 0.6448401554614874, 18409.551723602934, 17666.21808741983, 18964.560976195015, 0.0, 3.0, 0.0, 0.025, 0.025221226144613952, 0.8104357163271693, 0.08815439028890759, 0.005380783450278937, 0.3333333333333333, 0.3333333333333333, 0.019287866641222895, 0.3333333333333333, 0.3333333333333333, 0.08280462378242627, 0.19972519102544795, 0.07155588184779349, 0.03327537859332668, 0.6803623637526037, 0.05061832628917451, 0.034108583365776234, 0.10366691382088278, 0.5631139110404849, 0.0, 0.0, 0.0, 0.030000000000000002, 0.255, 0.0, 0.0, 2.0];[1.9039866656130116, -1.2899541417586937, 78.66341159916188, 0.659485238747755, -0.13970917604818944, -11.390857764751376, -11.390857764751377, -11.390857764751377, -0.10140989338392314, -0.33333333333333337, -0.33333333333333337, -0.7287189271267586, -0.26901930995822176, -0.3332191751386323, -0.01233815930487736];38.82175190001726
[nan, nan, nan];False;False;[0.0, 7.25, 1.4500000000000002, 0.0, 2.0, 52.79472792429477, 0.3591787107411495, 0.4727870619432275, 3139.506750524057, 14041.679759830362, 3626.583202651875, 0.0, 3.0, 0.0, 0.025, 0.05082942546515345, 0.5836600735624166, 0.12030828441352193, 0.03123710593007727, 0.3766970236246192, 0.4698039383577134, 0.020123522760514392, 0.3333333333333333, 0.3333333333333333, 0.08090877607654832, 0.3333333333333333, 0.3333333333333333, 0.04598008397308692, 0.1540043217528103, 0.22741986810831671, 0.02273565798596442, 0.15207405566723398, 0.727016134281136, 0.0, 0.0, 0.0, 0.030000000000000002, 0.255, 0.0, 0.0, 1.0];[nan, nan, nan, nan, nan, nan, nan, nan, nan, nan, nan, nan, nan, nan, nan];143.08017600001767
[37.84008880956392, 1168.4147454419674, 122.74566840704158];True;False;[0.0, 7.25, 1.4500000000000002, 0.0, 1.0, 53.341877233073774, 0.5435828875804186, 0.5, 9779.99389759627, 14794.311197350822, 10500.0, 0.0, 3.0, 1.0, 0.04870856720947117, 0.028665921030885746, 0.2074057176534183, 0.0, 0.09648526107287549, 0.9253768795723839, 0.0, 0.05, 0.5, 0.5, 0.07441757803889959, 0.315994863236267, 0.0, 0.07664690660820123, 0.6196220783842391, 0.0, 0.05, 0.5, 0.5, 0.0, 0.0, 0.0, 0.030000000000000002, 0.255, 0.0, 1.0, 1.0];[0.5561352827424857, -1.5909368558465753, 55.29178476304962, 0.8439663017990802, -0.3564171124195814, -8.307594936852839, -7.029490634568779, -14.0, -0.7925942823465817, -0.0746231204276161, 0.0, -0.684005136763733, -0.3803779216157609, 0.0, 0.11766146483444773];25.305132999899797
[13.836661365235972, 2442.270492456325, 107.82157068679389];True;False;[1.0, 3.543317355687332, 1.7341688581643324, 0.0, 0.0, 24.508223382145573, 0.5, 0.5, 8906.296962716558, 10500.0, 10500.0, 1.0, 2.3277534789953274, 0.0, 0.025, 0.022336544195137278, 0.0, 0.0, 0.05, 0.5, 0.5, 0.05, 0.5, 0.5, 0.008518030829523472, 0.0, 0.0, 0.05, 0.5, 0.5, 0.05, 0.5, 0.5, 0.0, 0.0, 0.0, 0.030000000000000002, 0.255, 0.0, 0.0, 0.0];[-0.4675470484155557, -0.48016248228806324, 11.18769474069261, 0.0, -0.4, -0.867452718480811, -14.0, -14.0, -1.0, 0.0, 0.0, -1.0, 0.0, 0.0, -0.160032668264736];5.483454999979585
[nan, nan, nan];False;False;[0.0, 7.25, 1.4500000000000002, 0.0, 1.0, 40.67764840356349, 0.28069977318430783, 0.5, 4708.393319362111, 4169.4571838461725, 10500.0, 0.0, 3.0, 1.0, 0.02285043163116693, 0.07361716012399606, 0.2014583316744264, 0.0, 0.013688161712525649, 0.19404349931194254, 0.0, 0.05, 0.5, 0.5, 0.011860014894051774, 0.9190861294163544, 0.0, 0.0019385988620762241, 0.8505922997410843, 0.0, 0.05, 0.5, 0.5, 0.0, 0.0, 0.0, 0.030000000000000002, 0.255, 0.0, 1.0, 1.0];[nan, nan, nan, nan, nan, nan, nan, nan, nan, nan, nan, nan, nan, nan, nan];64.56080350000411
[21.923190587538592, 2030.5111055465604, 115.77609478739237];True;False;[0.0, 7.25, 1.4500000000000002, 0.0, 2.0, 29.538519192530785, 0.28494196188845333, 0.735455720909214, 13582.556552457394, 19352.389894293683, 8466.955335051207, 0.0, 3.0, 1.0, 0.007795835342489815, 0.03960347473060025, 0.3333333333333333, 0.3333333333333333, 0.03136752506816465, 0.3333333333333333, 0.3333333333333333, 0.09924129420944668, 0.7068970510974257, 0.26915531458993514, 0.0929284124774884, 0.11523395121920954, 0.48990399301383114, 0.04819709764550496, 0.12069648474150607, 0.07406210513639888, 0.0740804528097304, 0.39488987144567345, 0.19857755255283172, 0.0, 0.0, 0.0, 0.030000000000000002, 0.255, 0.0, 0.0, 2.0];[2.6362734073944427, -1.232375269973175, 129.44442625034532, 0.572008961742855, -0.6150580381115467, -11.90878242972736, -11.908782429727362, -11.908782429727362, -0.33333333333333337, -0.33333333333333337, -0.023947634312639132, -0.3948620557669593, -0.805241410122095, -0.40653257600149484, -0.01861739012209246];37.044901599991135
[nan, nan, nan];False;False;[1.0, 7.937224296558697, 1.5327398949776145, 0.0, 0.0, 28.572078396185866, 0.5, 0.5, 16650.92616207713, 10500.0, 10500.0, 1.0, 4.004195171801954, 0.0, 0.025, 0.02030264362007327, 0.0, 0.0, 0.05, 0.5, 0.5, 0.05, 0.5, 0.5, 0.06887534054987128, 0.0, 0.0, 0.05, 0.5, 0.5, 0.05, 0.5, 0.5, 1.0, 1.0, 0.0, 0.022743771738509624, 0.08934754656526323, 13.0, 0.0, 0.0];[nan, nan, nan, nan, nan, nan, nan, nan, nan, nan, nan, nan, nan, nan, nan];60.732299600029364
[nan, nan, nan];False;False;[1.0, 7.301504465794125, 1.4201673544897058, 1.0, 2.0, 58.75893750153514, 0.3572636546941065, 0.3087639586144658, 10625.69854927393, 1949.171121808329, 15277.207936958537, 0.0, 3.0, 0.0, 0.025, 0.06680375032066617, 0.7154752226568596, 0.2538041077491756, 0.058187199997577946, 0.31817810253565626, 0.672112354030897, 0.0751703832211739, 0.14987137558198838, 0.2116185832026407, 0.025996021048675644, 0.3333333333333333, 0.3333333333333333, 0.09052158760540241, 0.3333333333333333, 0.3333333333333333, 0.06329624655395742, 0.8357040769012077, 0.04129287234053125, 1.0, 1.0, 0.0, 0.036097363005942226, 0.4270946485480968, 129.0, 0.0, 1.0];[nan, nan, nan, nan, nan, nan, nan, nan, nan, nan, nan, nan, nan, nan, nan];107.0909163999604
[nan, nan, nan];False;False;[0.0, 7.25, 1.4500000000000002, 0.0, 2.0, 8.021393737384077, 0.2681915648313964, 0.380889726010872, 8591.24751121801, 3484.698772892639, 5293.82422346064, 0.0, 3.0, 0.0, 0.025, 0.007777524721537022, 0.488555525376584, 0.37808023406930724, 0.04729002364368606, 0.3333333333333333, 0.3333333333333333, 0.08271026431940307, 0.3333333333333333, 0.3333333333333333, 0.07224722777731687, 0.03698529347401336, 0.21033044673936552, 0.08044419192369145, 0.3157094635038237, 0.6809705361710168, 0.09961468951545878, 0.3333333333333333, 0.3333333333333333, 0.0, 0.0, 0.0, 0.030000000000000002, 0.255, 0.0, 1.0, 1.0];[nan, nan, nan, nan, nan, nan, nan, nan, nan, nan, nan, nan, nan, nan, nan];59.800176899996586
[25.563879237714655, 1806.5376686439447, 118.34367790629443];True;False;[0.0, 7.25, 1.4500000000000002, 0.0, 2.0, 49.81643283212465, 0.6640037252391054, 0.5830499709906592, 10143.502861863511, 5350.347500786772, 16188.461458422904, 0.0, 3.0, 1.0, 0.019809240222164484, 0.04848741202053617, 0.3333333333333333, 0.3333333333333333, 0.08250022780548, 0.40988187311741353, 0.276406569141197, 0.0684103995500489, 0.3333333333333333, 0.3333333333333333, 0.05513975279489162, 0.3333333333333333, 0.3333333333333333, 0.03319830036884387, 0.3333333333333333, 0.3333333333333333, 0.06850294193017853, 0.3333333333333333, 0.3333333333333333, 0.0, 0.0, 0.0, 0.030000000000000002, 0.255, 0.0, 1.0, 0.0];[2.003539018622522, -1.3642748302254835, 103.95547015759428, 0.7298478536842028, -0.23599627476089458, -11.320482478184852, -11.320482478184854, -11.320482478184854, -0.33333333333333337, -0.3137115577413895, -0.33333333333333337, -0.33333333333333337, -0.33333333333333337, -0.33333333333333337, 0.028216699833297665];39.86669619998429
[nan, nan, nan];False;False;[1.0, 8.21568272826656, 1.5313663361645444, 1.0, 0.0, 58.97634349752943, 0.5, 0.5, 19600.20462635892, 10500.0, 10500.0, 1.0, 4.373282873211643, 0.0, 0.025, 0.011532669844758215, 0.0, 0.0, 0.05, 0.5, 0.5, 0.05, 0.5, 0.5, 0.08566162443030181, 0.0, 0.0, 0.05, 0.5, 0.5, 0.05, 0.5, 0.5, 1.0, 1.0, 0.0, 0.03572877333265321, 0.382589125885687, 239.0, 0.0, 0.0];[nan, nan, nan, nan, nan, nan, nan, nan, nan, nan, nan, nan, nan, nan, nan];6.214241400011815
[nan, nan, nan];False;False;[0.0, 7.25, 1.4500000000000002, 0.0, 0.0, 4.319777236936268, 0.5, 0.5, 13836.27239954461, 10500.0, 10500.0, 0.0, 3.0, 0.0, 0.025, 0.01619708848192858, 0.0, 0.0, 0.05, 0.5, 0.5, 0.05, 0.5, 0.5, 0.07391576294049497, 0.0, 0.0, 0.05, 0.5, 0.5, 0.05, 0.5, 0.5, 0.0, 0.0, 0.0, 0.030000000000000002, 0.255, 0.0, 0.0, 0.0];[nan, nan, nan, nan, nan, nan, nan, nan, nan, nan, nan, nan, nan, nan, nan];33.31322949996684
[nan, nan, nan];False;False;[1.0, 4.22755918979444, 1.11681450936768, 1.0, 2.0, 18.96979618119165, 0.507334102729243, 0.1365827077694739, 5346.402355388936, 6808.780595347514, 11820.524688247733, 0.0, 3.0, 0.0, 0.025, 0.09880420856024169, 0.3333333333333333, 0.3333333333333333, 0.026065889432884584, 0.3333333333333333, 0.3333333333333333, 0.03849889749930568, 0.2885543801143303, 0.6730583994472328, 0.02569513818764009, 0.3333333333333333, 0.3333333333333333, 0.02740613100491195, 0.3333333333333333, 0.3333333333333333, 0.008828554328528781, 0.21970532356986927, 0.04382758865504055, 1.0, 1.0, 1.0, 0.020224434069274717, 0.012420482273906734, 190.0, 1.0, 2.0];[nan, nan, nan, nan, nan, nan, nan, nan, nan, nan, nan, nan, nan, nan, nan];133.32878610002808
[nan, nan, nan];False;False;[0.0, 7.25, 1.4500000000000002, 0.0, 2.0, 11.766195044592543, 0.41227346918951446, 0.5829786443808388, 11932.602472847198, 9363.946493704641, 17851.78248941103, 0.0, 3.0, 1.0, 0.01690154559996599, 0.009338239637572266, 0.3333333333333333, 0.3333333333333333, 0.016284702994252675, 0.12809270929633343, 0.8457995574920951, 0.055824963684288145, 0.3333333333333333, 0.3333333333333333, 0.044088448097938784, 0.3333333333333333, 0.3333333333333333, 0.04457130370879517, 0.3506690106488659, 0.263937132395641, 0.07020986742336723, 0.3333333333333333, 0.3333333333333333, 0.0, 0.0, 0.0, 0.030000000000000002, 0.255, 0.0, 1.0, 1.0];[nan, nan, nan, nan, nan, nan, nan, nan, nan, nan, nan, nan, nan, nan, nan];149.2335159999784
[22.39208005806171, 1412.7170333586078, 117.41739964514737];True;False;[0.0, 7.25, 1.4500000000000002, 0.0, 0.0, 40.390336683295644, 0.5, 0.5, 13355.254077113814, 10500.0, 10500.0, 0.0, 3.0, 0.0, 0.025, 0.011136580913073846, 0.0, 0.0, 0.05, 0.5, 0.5, 0.05, 0.5, 0.5, 0.08248784006951929, 0.0, 0.0, 0.05, 0.5, 0.5, 0.05, 0.5, 0.5, 0.0, 0.0, 0.0, 0.030000000000000002, 0.255, 0.0, 0.0, 0.0];[0.46780881135387187, -1.4402937756012157, 42.39980104624256, 0.8000465651287536, -0.4, 25.390336683295644, -14.0, -14.0, -1.0, 0.0, 0.0, -1.0, 0.0, 0.0, 0.019539950660923955];4.889459799975157
[20.368070954155304, 1986.75040941356, 115.74975778839034];True;False;[0.0, 7.25, 1.4500000000000002, 0.0, 2.0, 43.137662412095516, 0.7792168530952273, 0.4820689111797336, 3112.9119100991416, 6221.561657908028, 15951.511825715725, 0.0, 3.0, 0.0, 0.025, 0.00398873449600149, 0.3333333333333333, 0.3333333333333333, 0.0023510982787547153, 0.3333333333333333, 0.3333333333333333, 0.01942243735790844, 0.1269733932414462, 0.4470578356949795, 0.08390376275644461, 0.6526225739726573, 0.11902279667548699, 0.03658854964324169, 0.5003060225434268, 0.3197707549274357, 0.09194150066118525, 0.3333333333333333, 0.3333333333333333, 0.0, 0.0, 0.0, 0.030000000000000002, 0.255, 0.0, 2.0, 2.0];[1.899924388207448, -1.290861270908425, 64.94239560142907, 0.6723544060146796, -0.12078314690477276, -11.49286726931109, -11.492867269311091, -11.492867269311091, -0.33333333333333337, -0.33333333333333337, -0.42596877106357434, -0.2283546293518557, -0.1799232225291375, -0.33333333333333337, -0.012028621635859216];29.92025049997028
[nan, nan, nan];False;False;[0.0, 7.25, 1.4500000000000002, 0.0, 0.0, 2.3231591413177695, 0.5, 0.5, 18617.46682755489, 10500.0, 10500.0, 0.0, 3.0, 0.0, 0.025, 0.03547908156559994, 0.0, 0.0, 0.05, 0.5, 0.5, 0.05, 0.5, 0.5, 0.0897777132546513, 0.0, 0.0, 0.05, 0.5, 0.5, 0.05, 0.5, 0.5, 0.0, 0.0, 0.0, 0.030000000000000002, 0.255, 0.0, 0.0, 0.0];[nan, nan, nan, nan, nan, nan, nan, nan, nan, nan, nan, nan, nan, nan, nan];47.79282670002431
[nan, nan, nan];False;False;[1.0, 4.937457374755167, 1.248829690266939, 1.0, 2.0, 34.41638575472771, 0.34703028391924673, 0.1834829664184409, 13047.168616031078, 4888.465139203281, 2023.7311893657793, 0.0, 3.0, 0.0, 0.025, 0.031944164583726474, 0.3333333333333333, 0.3333333333333333, 0.012035256222777147, 0.11860011254212954, 0.7559050501654996, 0.05877534686443284, 0.10786856200952355, 0.22629501630692683, 0.0047736271721585235, 0.40194976853470843, 0.4908325888320785, 0.03849793963783998, 0.21304574793117326, 0.6726184797507279, 0.003528622997788078, 0.05184008592693623, 0.5954980896130595, 1.0, 0.0, 0.0, 0.030000000000000002, 0.255, 0.0, 2.0, 0.0];[nan, nan, nan, nan, nan, nan, nan, nan, nan, nan, nan, nan, nan, nan, nan];114.10274400003254
[nan, nan, nan];False;False;[1.0, 11.948475552996413, 1.1356642319330268, 1.0, 0.0, 8.983309927932485, 0.5, 0.5, 9644.664559816418, 10500.0, 10500.0, 1.0, 2.070114381843249, 0.0, 0.025, 0.08596479196047713, 0.0, 0.0, 0.05, 0.5, 0.5, 0.05, 0.5, 0.5, 0.07534278844750288, 0.0, 0.0, 0.05, 0.5, 0.5, 0.05, 0.5, 0.5, 1.0, 1.0, 0.0, 0.020190472070586316, 0.4892350689984911, 133.0, 0.0, 0.0];[nan, nan, nan, nan, nan, nan, nan, nan, nan, nan, nan, nan, nan, nan, nan];90.06358970003203
[23.946818547802287, 1298.3569743706294, 117.57124533684848];True;False;[0.0, 7.25, 1.4500000000000002, 0.0, 0.0, 22.570312289456346, 0.5, 0.5, 1014.0417845545239, 10500.0, 10500.0, 0.0, 3.0, 0.0, 0.025, 0.08161153353891508, 0.0, 0.0, 0.05, 0.5, 0.5, 0.05, 0.5, 0.5, 0.09797521965692932, 0.0, 0.0, 0.05, 0.5, 0.5, 0.05, 0.5, 0.5, 0.0, 0.0, 0.0, 0.030000000000000002, 0.255, 0.0, 0.0, 0.0];[0.5077953040807248, -1.4299932657431325, 7.652456878784452, 0.7095309388278437, -0.4, 7.570312289456346, -14.0, -14.0, -1.0, 0.0, 0.0, -1.0, 0.0, 0.0, 0.01539150225260344];4.76743810006883
[nan, nan, nan];False;False;[1.0, 11.126968188755725, 1.774885951897816, 1.0, 1.0, 24.166806466539317, 0.24279832517269062, 0.5, 18056.511851963274, 4418.7842655757995, 10500.0, 1.0, 4.440264047592921, 0.0, 0.025, 0.02235670111331811, 0.9887321723679452, 0.0, 0.050284031779061926, 0.2651975116008384, 0.0, 0.05, 0.5, 0.5, 0.06843973288527927, 0.693655318349766, 0.0, 0.003864350373625436, 0.9947896301363779, 0.0, 0.05, 0.5, 0.5, 0.0, 0.0, 0.0, 0.030000000000000002, 0.255, 0.0, 1.0, 1.0];[nan, nan, nan, nan, nan, nan, nan, nan, nan, nan, nan, nan, nan, nan, nan];71.96551580005325
[nan, nan, nan];False;False;[1.0, 9.233652206456792, 1.1729508355295764, 0.0, 0.0, 56.77406326670839, 0.5, 0.5, 7896.023437222844, 10500.0, 10500.0, 1.0, 4.052418392237424, 0.0, 0.025, 0.05282964108434901, 0.0, 0.0, 0.05, 0.5, 0.5, 0.05, 0.5, 0.5, 0.001707586969495356, 0.0, 0.0, 0.05, 0.5, 0.5, 0.05, 0.5, 0.5, 1.0, 1.0, 0.0, 0.016317634741148015, 0.47068649185688666, 184.0, 0.0, 0.0];[nan, nan, nan, nan, nan, nan, nan, nan, nan, nan, nan, nan, nan, nan, nan];5.971127299941145
[nan, nan, nan];False;False;[0.0, 7.25, 1.4500000000000002, 0.0, 0.0, 4.269353066784463, 0.5, 0.5, 14083.641193041409, 10500.0, 10500.0, 0.0, 3.0, 0.0, 0.025, 0.031185362556861485, 0.0, 0.0, 0.05, 0.5, 0.5, 0.05, 0.5, 0.5, 0.040020462790974334, 0.0, 0.0, 0.05, 0.5, 0.5, 0.05, 0.5, 0.5, 0.0, 0.0, 0.0, 0.030000000000000002, 0.255, 0.0, 0.0, 0.0];[nan, nan, nan, nan, nan, nan, nan, nan, nan, nan, nan, nan, nan, nan, nan];27.97665159997996
[nan, nan, nan];False;False;[0.0, 7.25, 1.4500000000000002, 0.0, 0.0, 1.5385635998050482, 0.5, 0.5, 3900.8491652205685, 10500.0, 10500.0, 0.0, 3.0, 0.0, 0.025, 0.05928124084647576, 0.0, 0.0, 0.05, 0.5, 0.5, 0.05, 0.5, 0.5, 0.05699973000673411, 0.0, 0.0, 0.05, 0.5, 0.5, 0.05, 0.5, 0.5, 0.0, 0.0, 0.0, 0.030000000000000002, 0.255, 0.0, 0.0, 0.0];[nan, nan, nan, nan, nan, nan, nan, nan, nan, nan, nan, nan, nan, nan, nan];39.61988689994905
[nan, nan, nan];False;False;[1.0, 3.7407519325936507, 1.1598478050905037, 0.0, 0.0, 42.920989935071375, 0.5, 0.5, 4699.579977800962, 10500.0, 10500.0, 1.0, 1.295622808414036, 0.0, 0.025, 0.05094429172097306, 0.0, 0.0, 0.05, 0.5, 0.5, 0.05, 0.5, 0.5, 0.030686930891605305, 0.0, 0.0, 0.05, 0.5, 0.5, 0.05, 0.5, 0.5, 1.0, 0.0, 0.0, 0.030000000000000002, 0.255, 0.0, 0.0, 0.0];[nan, nan, nan, nan, nan, nan, nan, nan, nan, nan, nan, nan, nan, nan, nan];61.10002470004838
[nan, nan, nan];False;False;[1.0, 10.13676979081609, 1.1351465652766166, 1.0, 1.0, 38.270777466892426, 0.7293831912647847, 0.5, 18500.765374528582, 13621.400745923946, 10500.0, 1.0, 2.553131450051123, 0.0, 0.025, 0.0166837162970896, 0.5595604401729944, 0.0, 0.043178851527370644, 0.8022840217612849, 0.0, 0.05, 0.5, 0.5, 0.05872266586566183, 0.5827552954833282, 0.0, 0.0009044381737476127, 0.4343760585620161, 0.0, 0.05, 0.5, 0.5, 1.0, 1.0, 1.0, 0.03887955425102945, 0.22265586522863284, 45.0, 1.0, 1.0];[nan, nan, nan, nan, nan, nan, nan, nan, nan, nan, nan, nan, nan, nan, nan];192.30506120005157
[nan, nan, nan];False;False;[1.0, 7.850667742019395, 1.1929525088865287, 0.0, 1.0, 37.15151496665289, 0.6175842586981128, 0.5, 17151.671726445864, 12486.056072534098, 10500.0, 0.0, 3.0, 0.0, 0.025, 0.059089586588134985, 0.3572575446173867, 0.0, 0.09778373939227558, 0.14693114335235335, 0.0, 0.05, 0.5, 0.5, 0.035425665721553555, 0.20863192979101242, 0.0, 0.01119489307243049, 0.9575091841972114, 0.0, 0.05, 0.5, 0.5, 1.0, 0.0, 0.0, 0.030000000000000002, 0.255, 0.0, 1.0, 0.0];[nan, nan, nan, nan, nan, nan, nan, nan, nan, nan, nan, nan, nan, nan, nan];122.67689530004282
[nan, nan, nan];False;False;[1.0, 2.482880580936198, 1.6168001158129555, 0.0, 1.0, 17.51710216653745, 0.5909950547060111, 0.5, 8578.108630486706, 11011.41508876603, 10500.0, 0.0, 3.0, 1.0, 0.015078458846264893, 0.002058725377251014, 0.9092223368950368, 0.0, 0.043289462596932574, 0.7922166520902255, 0.0, 0.05, 0.5, 0.5, 0.00025239512728860716, 0.03343119748383816, 0.0, 0.06489795384530449, 0.8185594154461567, 0.0, 0.05, 0.5, 0.5, 1.0, 1.0, 0.0, 0.0294420385361652, 0.19027561664781467, 64.0, 1.0, 1.0];[nan, nan, nan, nan, nan, nan, nan, nan, nan, nan, nan, nan, nan, nan, nan];91.29146070010029
[nan, nan, nan];False;False;[1.0, 7.379127794931122, 1.4443913511898854, 0.0, 1.0, 20.07043861165875, 0.4641032590634776, 0.5, 14486.557297009793, 1228.5685994263802, 10500.0, 1.0, 1.035064980866212, 1.0, 0.00135508850842484, 0.0768483858104059, 0.8194344405559364, 0.0, 0.08223705344563133, 0.7077575531319777, 0.0, 0.05, 0.5, 0.5, 0.05719357211605294, 0.0812162635321294, 0.0, 0.08067835759934959, 0.3060852545695354, 0.0, 0.05, 0.5, 0.5, 1.0, 1.0, 1.0, 0.015548946125126965, 0.22546942211542942, 74.0, 1.0, 0.0];[nan, nan, nan, nan, nan, nan, nan, nan, nan, nan, nan, nan, nan, nan, nan];114.81315369997174
[24.91392623550947, 1207.6032123670068, 118.46616776402308];True;False;[0.0, 7.25, 1.4500000000000002, 0.0, 0.0, 24.073491162516863, 0.5, 0.5, 14806.392395005101, 10500.0, 10500.0, 0.0, 3.0, 0.0, 0.025, 0.029669344982990543, 0.0, 0.0, 0.05, 0.5, 0.5, 0.05, 0.5, 0.5, 0.030015966985105114, 0.0, 0.0, 0.05, 0.5, 0.5, 0.05, 0.5, 0.5, 0.0, 0.0, 0.0, 0.030000000000000002, 0.255, 0.0, 0.0, 0.0];[0.32522938166421955, -1.4770221986492325, 10.003307623468238, 0.7955899930701364, -0.4, 9.073491162516863, -14.0, -14.0, -1.0, 0.0, 0.0, -1.0, 0.0, 0.0, 0.034891699563827316];6.183519000071101
[nan, nan, nan];False;False;[1.0, 5.040851146125437, 1.346563793026669, 0.0, 1.0, 22.02035023081903, 0.2768336199376933, 0.5, 18679.392133218655, 4565.71187207908, 10500.0, 1.0, 4.065565964693464, 1.0, 0.03659125898758881, 0.09699580940843476, 0.209763907636756, 0.0, 0.012927572262657817, 0.16008688713258612, 0.0, 0.05, 0.5, 0.5, 0.04771296162807803, 0.5861812485337254, 0.0, 0.09203310334451506, 0.01146926801118242, 0.0, 0.05, 0.5, 0.5, 1.0, 0.0, 0.0, 0.030000000000000002, 0.255, 0.0, 0.0, 0.0];[nan, nan, nan, nan, nan, nan, nan, nan, nan, nan, nan, nan, nan, nan, nan];104.76331269997172
[nan, nan, nan];False;False;[1.0, 2.288185108887091, 1.693257758116844, 0.0, 0.0, 47.96284518907348, 0.5, 0.5, 15847.065157052017, 10500.0, 10500.0, 1.0, 2.219473816041111, 0.0, 0.025, 0.03837879234924929, 0.0, 0.0, 0.05, 0.5, 0.5, 0.05, 0.5, 0.5, 0.0875211585289723, 0.0, 0.0, 0.05, 0.5, 0.5, 0.05, 0.5, 0.5, 1.0, 0.0, 0.0, 0.030000000000000002, 0.255, 0.0, 0.0, 0.0];[nan, nan, nan, nan, nan, nan, nan, nan, nan, nan, nan, nan, nan, nan, nan];46.566812700009905
[nan, nan, nan];False;False;[1.0, 8.917016546803136, 1.79504663708472, 0.0, 1.0, 13.601828077056158, 0.5605095099847036, 0.5, 18400.378814999713, 4195.023055876134, 10500.0, 1.0, 4.901551766111453, 0.0, 0.025, 0.05907933397464529, 0.7484616692814372, 0.0, 0.009820869157775448, 0.30841592290606734, 0.0, 0.05, 0.5, 0.5, 0.0804234154584745, 0.12536362921692557, 0.0, 0.08987923266538929, 0.8447057838355747, 0.0, 0.05, 0.5, 0.5, 0.0, 0.0, 0.0, 0.030000000000000002, 0.255, 0.0, 0.0, 1.0];[nan, nan, nan, nan, nan, nan, nan, nan, nan, nan, nan, nan, nan, nan, nan];86.91838370007463
[nan, nan, nan];False;False;[0.0, 7.25, 1.4500000000000002, 0.0, 1.0, 9.558579632091678, 0.34294100371809355, 0.5, 3879.619891052682, 3857.7835543476126, 10500.0, 0.0, 3.0, 0.0, 0.025, 0.09095431825448728, 0.28642727107465404, 0.0, 0.0326748321525415, 0.7151442689334099, 0.0, 0.05, 0.5, 0.5, 0.0009034391879141457, 0.19415965620181486, 0.0, 0.06407451369140808, 0.615802796192602, 0.0, 0.05, 0.5, 0.5, 0.0, 0.0, 0.0, 0.030000000000000002, 0.255, 0.0, 1.0, 0.0];[nan, nan, nan, nan, nan, nan, nan, nan, nan, nan, nan, nan, nan, nan, nan];64.9126910000341
[11.3874301318864, 2998.746685501731, 106.62450626116174];True;False;[1.0, 9.345310475388896, 1.3639138568856781, 0.0, 1.0, 59.14096284535854, 0.8752999058224517, 0.5, 13997.478627813258, 6974.7218059252355, 10500.0, 1.0, 1.3544055171593716, 1.0, 0.024311102930172825, 0.069145596997488, 0.1290811272946114, 0.0, 0.0762068551213459, 0.3081017214644465, 0.0, 0.05, 0.5, 0.5, 0.004539653082280493, 0.3913598718061385, 0.0, 0.005914759330797936, 0.6208486676733522, 0.0, 0.05, 0.5, 0.5, 0.0, 0.0, 0.0, 0.030000000000000002, 0.255, 0.0, 1.0, 1.0];[0.4555131972460531, -0.056937278661131074, 239.9825385847809, 0.0, -0.02470009417754837, -12.514546316747918, 2.445996245833669, -14.0, -0.8709188727053886, -0.6918982785355535, 0.0, -0.6086401281938615, -0.37915133232664777, 0.0, -0.21332684963834014];14.791262799990363
[9.278142378396739, 3514.100013331308, 118.911836773087];True;False;[1.0, 5.4652344664497345, 1.6812530936103345, 0.0, 2.0, 46.16499871114279, 0.4858835366021077, 0.6245674900173231, 9636.934398435224, 4897.454288799933, 4157.465386962083, 1.0, 2.4692962999411585, 0.0, 0.025, 0.04554215195495405, 0.3333333333333333, 0.3333333333333333, 0.009217588572483981, 0.3333333333333333, 0.3333333333333333, 0.04515866097190912, 0.4584994879591905, 0.1307714929557805, 0.018711725248267065, 0.350476826520417, 0.6028839431948592, 0.02480116404655841, 0.3333333333333333, 0.3333333333333333, 0.03477327679792163, 0.3333333333333333, 0.3333333333333333, 0.0, 0.0, 0.0, 0.030000000000000002, 0.255, 0.0, 1.0, 0.0];[0.737730463499104, -0.0730111315991997, 74.06525246960861, -0.42067054526760705, -0.4141164633978923, -11.98310697856664, -11.983106978566642, -11.983106978566642, -0.33333333333333337, -0.33333333333333337, -0.410729019085029, -0.04663923028472383, -0.33333333333333337, -0.33333333333333337, -0.20965645483515838];70.94732619996648
[44.609855807936015, 994.82960260956, 122.60423650053517];True;False;[0.0, 7.25, 1.4500000000000002, 0.0, 1.0, 10.229188368834931, 0.21278335239534008, 0.5, 3997.671867296499, 12994.017049074211, 10500.0, 0.0, 3.0, 1.0, 0.03778152641557228, 0.028403012273602923, 0.6416295710857138, 0.0, 0.015821964331577166, 0.6642503015317859, 0.0, 0.05, 0.5, 0.5, 0.034885175233391165, 0.2705234225289773, 0.0, 0.08754029716908518, 0.7592201717681126, 0.0, 0.05, 0.5, 0.5, 0.0, 0.0, 0.0, 0.030000000000000002, 0.255, 0.0, 1.0, 1.0];[0.832117054889097, -1.5293085903900625, 110.6482140675465, 0.5453531263788978, -0.68721664760466, -8.848246861646492, -13.337191343869053, -14.0, -0.35837042891428617, -0.3357496984682141, 0.0, -0.7294765774710227, -0.24077982823188737, 0.0, 0.08569230438711894];66.66115559998434
[nan, nan, nan];False;False;[1.0, 10.100064290413687, 1.1701063825476594, 1.0, 0.0, 50.55457461640033, 0.5, 0.5, 13148.646251426633, 10500.0, 10500.0, 1.0, 3.018316885247237, 0.0, 0.025, 0.021830149554662382, 0.0, 0.0, 0.05, 0.5, 0.5, 0.05, 0.5, 0.5, 0.01113964250193148, 0.0, 0.0, 0.05, 0.5, 0.5, 0.05, 0.5, 0.5, 1.0, 0.0, 0.0, 0.030000000000000002, 0.255, 0.0, 0.0, 0.0];[nan, nan, nan, nan, nan, nan, nan, nan, nan, nan, nan, nan, nan, nan, nan];69.28839450003579
[43.725218976711524, 880.1619137880581, 123.5314985072508];True;False;[0.0, 7.25, 1.4500000000000002, 0.0, 1.0, 11.59779742302334, 0.7737949236368322, 0.5, 8799.674353513, 10250.605823241978, 10500.0, 0.0, 3.0, 1.0, 0.047871022872168045, 0.07262256700555918, 0.815350568473072, 0.0, 0.02003120278144891, 0.30757081452830226, 0.0, 0.05, 0.5, 0.5, 0.04213381769659846, 0.39092996465670327, 0.0, 0.07202743828409101, 0.8227803477505008, 0.0, 0.05, 0.5, 0.5, 0.0, 0.0, 0.0, 0.030000000000000002, 0.255, 0.0, 1.0, 0.0];[0.5020211557376175, -1.6030208415318068, 283.05612938964015, 0.7331635249188235, -0.1262050763631678, -13.158693888357273, -8.701320302099944, -14.0, -0.18464943152692803, -0.6924291854716977, 0.0, -0.6090700353432967, -0.1772196522494992, 0.0, 0.12434360589571447];17.25618999998551
[nan, nan, nan];False;False;[1.0, 7.0948191459953005, 1.435239014039359, 1.0, 0.0, 11.04468029751962, 0.5, 0.5, 10063.3514190929, 10500.0, 10500.0, 0.0, 3.0, 0.0, 0.025, 0.08892864657353175, 0.0, 0.0, 0.05, 0.5, 0.5, 0.05, 0.5, 0.5, 0.08385869796714975, 0.0, 0.0, 0.05, 0.5, 0.5, 0.05, 0.5, 0.5, 0.0, 0.0, 0.0, 0.030000000000000002, 0.255, 0.0, 0.0, 0.0];[nan, nan, nan, nan, nan, nan, nan, nan, nan, nan, nan, nan, nan, nan, nan];6.043853900046088
[22.591809931440658, 2069.560610970888, 112.3361723427871];True;True;[1.0, 3.124739930518142, 1.4250881611391497, 0.0, 0.0, 3.4939475093393644, 0.5, 0.5, 16088.935585161697, 10500.0, 10500.0, 0.0, 3.0, 0.0, 0.025, 0.07211535944118748, 0.0, 0.0, 0.05, 0.5, 0.5, 0.05, 0.5, 0.5, 0.05014406218929886, 0.0, 0.0, 0.05, 0.5, 0.5, 0.05, 0.5, 0.5, 0.0, 0.0, 0.0, 0.030000000000000002, 0.255, 0.0, 0.0, 0.0];[-0.023644094866250853, -0.24804858232153082, -13.052694045662344, -0.07135007767842261, -0.4, -12.548258694011981, -14.0, -14.0, -1.0, 0.0, 0.0, -1.0, 0.0, 0.0, -0.19192368889105865];11.728946299990639
[24.700820503964987, 2292.1599121262802, 113.48767169207792];True;True;[1.0, 3.049165708338601, 1.402466073018784, 0.0, 0.0, 3.747423208624204, 0.5, 0.5, 12176.492160073922, 10500.0, 10500.0, 0.0, 3.0, 0.0, 0.025, 0.036292587326581596, 0.0, 0.0, 0.05, 0.5, 0.5, 0.05, 0.5, 0.5, 0.013597546303619645, 0.0, 0.0, 0.05, 0.5, 0.5, 0.05, 0.5, 0.5, 0.0, 1.0, 0.0, 0.020503943497456704, 0.13826446623758581, 248.0, 0.0, 0.0];[-0.0050670134606436434, -0.2466367383340078, -12.914436048206323, 0.0, -0.4, -12.327975855731083, -14.0, -14.0, -1.0, 0.0, 0.0, -1.0, 0.0, 0.0, -0.33299206229429856];23.995919800014235
[25.617431153010042, 1173.613314256876, 118.60418500772543];True;False;[0.0, 7.25, 1.4500000000000002, 0.0, 0.0, 20.512264674686186, 0.5, 0.5, 13575.492389772522, 10500.0, 10500.0, 0.0, 3.0, 0.0, 0.025, 0.0484124420157655, 0.0, 0.0, 0.05, 0.5, 0.5, 0.05, 0.5, 0.5, 0.015680814505714857, 0.0, 0.0, 0.05, 0.5, 0.5, 0.05, 0.5, 0.5, 0.0, 0.0, 0.0, 0.030000000000000002, 0.255, 0.0, 0.0, 0.0];[0.3232460691632566, -1.477533099420337, 4.604014872431257, 0.7696464933126783, -0.4, 5.512264674686186, -14.0, -14.0, -1.0, 0.0, 0.0, -1.0, 0.0, 0.0, 0.035111646333948476];5.432481299969368
[25.248064178651454, 1310.6205041024914, 118.2594656857161];True;False;[0.0, 7.25, 1.4500000000000002, 0.0, 1.0, 18.680399135685672, 0.6984196575143597, 0.5, 2664.623417534296, 3111.597145948296, 10500.0, 0.0, 3.0, 0.0, 0.025, 0.010389333580369932, 0.1775029033585256, 0.0, 0.05112899063643637, 0.05515842565651208, 0.0, 0.05, 0.5, 0.5, 0.010696258401415538, 0.055418219295072735, 0.0, 0.03921793888305532, 0.43278902507785033, 0.0, 0.05, 0.5, 0.5, 0.0, 0.0, 0.0, 0.030000000000000002, 0.255, 0.0, 1.0, 1.0];[0.8848968172164948, -1.4295842142421167, 3.47245374724395, 0.7339819569650137, -0.20158034248564027, -12.15988213587843, -8.422667639371582, -14.0, -0.8224970966414744, -0.9448415743434879, 0.0, -0.9445817807049273, -0.5672109749221497, 0.0, 0.027228794828719205];26.70476440002676
[nan, nan, nan];False;False;[1.0, 2.9725601882753914, 1.1483767434423493, 1.0, 0.0, 16.615759725001936, 0.5, 0.5, 5332.4620675848655, 10500.0, 10500.0, 0.0, 3.0, 0.0, 0.025, 0.009880660360550853, 0.0, 0.0, 0.05, 0.5, 0.5, 0.05, 0.5, 0.5, 0.07202132754070603, 0.0, 0.0, 0.05, 0.5, 0.5, 0.05, 0.5, 0.5, 1.0, 0.0, 0.0, 0.030000000000000002, 0.255, 0.0, 0.0, 0.0];[nan, nan, nan, nan, nan, nan, nan, nan, nan, nan, nan, nan, nan, nan, nan];168.81928960001096
[nan, nan, nan];False;False;[1.0, 9.136283978733562, 1.6726728228920593, 1.0, 0.0, 31.9995921524047, 0.5, 0.5, 7324.107710957842, 10500.0, 10500.0, 1.0, 1.876820537089745, 0.0, 0.025, 0.004972990891491069, 0.0, 0.0, 0.05, 0.5, 0.5, 0.05, 0.5, 0.5, 0.03582246901796981, 0.0, 0.0, 0.05, 0.5, 0.5, 0.05, 0.5, 0.5, 0.0, 1.0, 0.0, 0.04748930735375453, 0.19110019118223215, 217.0, 0.0, 0.0];[nan, nan, nan, nan, nan, nan, nan, nan, nan, nan, nan, nan, nan, nan, nan];14.073455800069496
[nan, nan, nan];False;False;[0.0, 7.25, 1.4500000000000002, 0.0, 1.0, 39.62929413224576, 0.2680580584178677, 0.5, 14139.495855899377, 4671.967466236206, 10500.0, 0.0, 3.0, 1.0, 0.02158630231079349, 0.03964513788543528, 0.5576346350782133, 0.0, 0.06500020242445693, 0.580370460638869, 0.0, 0.05, 0.5, 0.5, 0.030301279043250296, 0.5390083748677491, 0.0, 0.08766298431111325, 0.1466759895451336, 0.0, 0.05, 0.5, 0.5, 0.0, 0.0, 0.0, 0.030000000000000002, 0.255, 0.0, 0.0, 1.0];[nan, nan, nan, nan, nan, nan, nan, nan, nan, nan, nan, nan, nan, nan, nan];81.99609100003727
[nan, nan, nan];False;False;[0.0, 7.25, 1.4500000000000002, 0.0, 1.0, 10.411514712114364, 0.11337806116140899, 0.5, 4012.015620122156, 6030.1063693110855, 10500.0, 0.0, 3.0, 1.0, 0.005638882169243298, 0.0511568433042289, 0.6305192421608206, 0.0, 0.01382332586275279, 0.4282231188771438, 0.0, 0.05, 0.5, 0.5, 0.08302813644101947, 0.91457243891766, 0.0, 0.015662038710668014, 0.12723273897039666, 0.0, 0.05, 0.5, 0.5, 0.0, 0.0, 0.0, 0.030000000000000002, 0.255, 0.0, 0.0, 1.0];[nan, nan, nan, nan, nan, nan, nan, nan, nan, nan, nan, nan, nan, nan, nan];87.30927179998253
[42.524573415062676, 992.4502019876113, 123.79195881878613];True;False;[0.0, 7.25, 1.4500000000000002, 0.0, 1.0, 34.37105891974578, 0.42855744156745934, 0.5, 9940.781795949531, 4632.050714935465, 10500.0, 0.0, 3.0, 1.0, 0.04934280057523966, 0.009273321985107464, 0.7376606355387488, 0.0, 0.0291257833737438, 0.7792583098520712, 0.0, 0.05, 0.5, 0.5, 0.04888073690846896, 0.038730128945990594, 0.0, 0.016044544634222804, 0.9601423462740908, 0.0, 0.05, 0.5, 0.5, 0.0, 0.0, 0.0, 0.030000000000000002, 0.255, 0.0, 1.0, 1.0];[0.366484427520664, -1.633286947154257, 84.5235301331724, 0.8429294031533809, -0.4714425584325407, -8.230162775102123, -9.922912061557836, -14.0, -0.26233936446125117, -0.22074169014792877, 0.0, -0.9612698710540094, -0.039857653725909215, 0.0, 0.14173223435771443];20.912396500003524
[nan, nan, nan];False;False;[0.0, 7.25, 1.4500000000000002, 0.0, 2.0, 22.52165915473461, 0.2762920920150414, 0.3768579499551097, 8667.494979033589, 7671.437606092839, 5590.33912084509, 0.0, 3.0, 0.0, 0.025, 0.07090404299073441, 0.3333333333333333, 0.3333333333333333, 0.07080104723129842, 0.13426756261087025, 0.7216048728198615, 0.016616817941926466, 0.3333333333333333, 0.3333333333333333, 0.09069766187509166, 0.3333333333333333, 0.3333333333333333, 0.005497591530361479, 0.36078313909130144, 0.025187457502351962, 0.04717672011458466, 0.3333333333333333, 0.3333333333333333, 0.0, 0.0, 0.0, 0.030000000000000002, 0.255, 0.0, 2.0, 0.0];[nan, nan, nan, nan, nan, nan, nan, nan, nan, nan, nan, nan, nan, nan, nan];122.50236250006128
[22.08465399473886, 1559.6541017141617, 116.60351878306585];True;False;[0.0, 7.25, 1.4500000000000002, 0.0, 1.0, 25.69608639134685, 0.51376494128967, 0.5, 19371.678056670477, 16248.129251119704, 10500.0, 0.0, 3.0, 0.0, 0.025, 0.09198688729644722, 0.057006763530749516, 0.0, 0.06301689002565168, 0.4337486440975903, 0.0, 0.05, 0.5, 0.5, 0.051255083556150376, 0.17757223420904755, 0.0, 0.06308728532653916, 0.4204937677027045, 0.0, 0.05, 0.5, 0.5, 0.0, 0.0, 0.0, 0.030000000000000002, 0.255, 0.0, 1.0, 0.0];[1.1761963039415946, -1.359778335167252, 15.868375280196833, 0.6844795807471828, -0.38623505871033004, -10.068552728125177, -9.789341754113941, -14.0, -0.9429932364692505, -0.5662513559024097, 0.0, -0.8224277657909524, -0.5795062322972955, 0.0, 0.00017168314749516078];60.91074979992118
[nan, nan, nan];False;False;[1.0, 4.817301888501149, 1.4475145320195302, 1.0, 1.0, 51.19121663603493, 0.5711779466925881, 0.5, 14845.115070279626, 11957.94860056536, 10500.0, 0.0, 3.0, 0.0, 0.025, 0.05911235925023586, 0.5650680320820103, 0.0, 0.08603870637781491, 0.8587634328650793, 0.0, 0.05, 0.5, 0.5, 0.01454869083538628, 0.43365311314813026, 0.0, 0.02735418744558802, 0.5661439795102032, 0.0, 0.05, 0.5, 0.5, 1.0, 1.0, 1.0, 0.010677665475955656, 0.2870290937242876, 65.0, 0.0, 1.0];[nan, nan, nan, nan, nan, nan, nan, nan, nan, nan, nan, nan, nan, nan, nan];76.65943680005148
[nan, nan, nan];False;False;[1.0, 4.6290634242189395, 1.7631290080397855, 1.0, 0.0, 21.08387971615649, 0.5, 0.5, 10359.426843546957, 10500.0, 10500.0, 1.0, 1.79319272743792, 0.0, 0.025, 0.07769165810217277, 0.0, 0.0, 0.05, 0.5, 0.5, 0.05, 0.5, 0.5, 0.0933728753494235, 0.0, 0.0, 0.05, 0.5, 0.5, 0.05, 0.5, 0.5, 1.0, 0.0, 0.0, 0.030000000000000002, 0.255, 0.0, 0.0, 0.0];[nan, nan, nan, nan, nan, nan, nan, nan, nan, nan, nan, nan, nan, nan, nan];58.747506199986674
[nan, nan, nan];False;False;[1.0, 10.45318025294014, 1.5539151240271054, 0.0, 2.0, 59.17637731249813, 0.6935485224202514, 0.6109141283673947, 15583.0616118691, 15528.963871569662, 3390.8982035599784, 0.0, 3.0, 0.0, 0.025, 0.04045745121505792, 0.3333333333333333, 0.3333333333333333, 0.019489274254903478, 0.3333333333333333, 0.3333333333333333, 0.005548410545778182, 0.32004508205496374, 0.2124319030181382, 0.09911266120396456, 0.3590725979092656, 0.5530801294164825, 0.034488708049279636, 0.3333333333333333, 0.3333333333333333, 0.05749110488050213, 0.3569734499011744, 0.5730447733968715, 1.0, 1.0, 0.0, 0.026676768457124182, 0.1415682352930917, 224.0, 1.0, 0.0];[nan, nan, nan, nan, nan, nan, nan, nan, nan, nan, nan, nan, nan, nan, nan];127.0198120001005
[nan, nan, nan];False;False;[0.0, 7.25, 1.4500000000000002, 0.0, 0.0, 3.6014957571785136, 0.5, 0.5, 3531.986211777824, 10500.0, 10500.0, 0.0, 3.0, 0.0, 0.025, 0.0012207945869314619, 0.0, 0.0, 0.05, 0.5, 0.5, 0.05, 0.5, 0.5, 0.022198982854953666, 0.0, 0.0, 0.05, 0.5, 0.5, 0.05, 0.5, 0.5, 0.0, 0.0, 0.0, 0.030000000000000002, 0.255, 0.0, 0.0, 0.0];[nan, nan, nan, nan, nan, nan, nan, nan, nan, nan, nan, nan, nan, nan, nan];31.744102000026032
[19.952366780827543, 1953.6253711520053, 115.73217599435878];True;False;[0.0, 7.25, 1.4500000000000002, 0.0, 2.0, 41.32401026049695, 0.45255066407632527, 0.1199786982370025, 11026.778797497303, 5458.415027217016, 15854.30243048557, 0.0, 3.0, 0.0, 0.025, 0.055944126191568466, 0.3333333333333333, 0.3333333333333333, 0.0756322509705238, 0.24993084101576268, 0.15330389346971351, 0.04802468931485611, 0.3333333333333333, 0.3333333333333333, 0.012696310513270526, 0.3333333333333333, 0.3333333333333333, 0.025163605034334926, 0.3333333333333333, 0.3333333333333333, 0.05598959329451743, 0.3333333333333333, 0.3333333333333333, 0.0, 0.0, 0.0, 0.030000000000000002, 0.255, 0.0, 2.0, 0.0];[1.874396603148024, -1.2965617673648446, 56.68911403217409, 0.7048194588012859, -0.44744933592367475, -9.818988428643964, -9.515014551893275, -13.545839248173642, -0.33333333333333337, -0.5967652655145238, -0.33333333333333337, -0.33333333333333337, -0.33333333333333337, -0.33333333333333337, -0.010074424362368273];33.77068170008715
[nan, nan, nan];False;False;[1.0, 11.748506256813346, 1.5190623196286683, 1.0, 2.0, 56.66080618649936, 0.6158781671123192, 0.782579395884645, 1052.2518376957835, 18765.400753315454, 4811.027982753964, 1.0, 2.047038440057037, 0.0, 0.025, 0.03797060685953414, 0.3333333333333333, 0.3333333333333333, 0.03398572672499028, 0.23022694865870053, 0.033792408291333786, 0.0382054080721052, 0.019129824278160346, 0.9017951647936169, 0.03603955859962075, 0.40739002806641467, 0.08780608171693938, 0.08198439034681931, 0.3333333333333333, 0.3333333333333333, 0.05131224561133338, 0.6597085592953166, 0.06182524978780146, 1.0, 0.0, 0.0, 0.030000000000000002, 0.255, 0.0, 2.0, 0.0];[nan, nan, nan, nan, nan, nan, nan, nan, nan, nan, nan, nan, nan, nan, nan];85.49083220004104
[nan, nan, nan];False;False;[0.0, 7.25, 1.4500000000000002, 0.0, 0.0, 3.5605567303946226, 0.5, 0.5, 17172.08569687592, 10500.0, 10500.0, 0.0, 3.0, 0.0, 0.025, 0.02023541622304056, 0.0, 0.0, 0.05, 0.5, 0.5, 0.05, 0.5, 0.5, 0.04101813434746518, 0.0, 0.0, 0.05, 0.5, 0.5, 0.05, 0.5, 0.5, 0.0, 0.0, 0.0, 0.030000000000000002, 0.255, 0.0, 0.0, 0.0];[nan, nan, nan, nan, nan, nan, nan, nan, nan, nan, nan, nan, nan, nan, nan];22.27850439993199
[33.71311255824266, 1288.8554762102874, 121.48682294356821];True;False;[0.0, 7.25, 1.4500000000000002, 0.0, 1.0, 49.47118604148371, 0.6252855966118271, 0.5, 2357.4219175412927, 5590.830595458781, 10500.0, 0.0, 3.0, 1.0, 0.03280772968036237, 0.05477026686947452, 0.09359927319376449, 0.0, 0.05828096208898747, 0.09510715546087434, 0.0, 0.05, 0.5, 0.5, 0.08718567894981644, 0.8234879346337042, 0.0, 0.021855639538796868, 0.33419152402262664, 0.0, 0.05, 0.5, 0.5, 0.0, 0.0, 0.0, 0.030000000000000002, 0.255, 0.0, 1.0, 1.0];[0.811998969447516, -1.5338010708188523, 61.5055777641346, 0.8045214483917724, -0.2747144033881729, -9.55513467482534, -5.914158002632181, -14.0, -0.9064007268062355, -0.9048928445391257, 0.0, -0.17651206536629582, -0.6658084759773734, 0.0, 0.0879104915309642];24.323459699982777
[nan, nan, nan];False;False;[1.0, 6.5099132877837835, 1.2727729185699928, 0.0, 0.0, 44.856305198706494, 0.5, 0.5, 10603.29124564002, 10500.0, 10500.0, 1.0, 3.8704476735892173, 0.0, 0.025, 0.01027154135449817, 0.0, 0.0, 0.05, 0.5, 0.5, 0.05, 0.5, 0.5, 0.08308456937559855, 0.0, 0.0, 0.05, 0.5, 0.5, 0.05, 0.5, 0.5, 1.0, 1.0, 0.0, 0.020642835633207915, 0.07367401356268573, 20.0, 0.0, 0.0];[nan, nan, nan, nan, nan, nan, nan, nan, nan, nan, nan, nan, nan, nan, nan];74.54838860000018
[12.145741312532321, 3082.7106632033324, 108.7553627350952];True;False;[1.0, 5.8938470925366815, 1.7117474249397273, 0.0, 2.0, 44.527218853730666, 0.22909129246472332, 0.25744356979416755, 11090.411198527792, 12499.137739367381, 18728.511536787413, 1.0, 1.6697206916516736, 1.0, 0.021109416683458938, 0.031954245171563804, 0.3333333333333333, 0.3333333333333333, 0.04666137317874091, 0.09144533635231344, 0.4983192491125916, 0.05671224736612344, 0.3333333333333333, 0.3333333333333333, 0.0641415988103458, 0.3333333333333333, 0.3333333333333333, 0.002980152366792177, 0.10486058349302518, 0.42849288631148474, 0.08721148832040412, 0.044373531336672434, 0.15387997968705092, 0.0, 0.0, 0.0, 0.030000000000000002, 0.255, 0.0, 0.0, 0.0];[0.8362109530062849, -0.24515575366196796, 65.5170376407042, 0.0, -0.6709087075352766, -10.119034627578266, -12.822273444769976, -12.552758586403701, -0.33333333333333337, -0.41023541453509493, -0.33333333333333337, -0.33333333333333337, -0.4666465301954901, -0.8017464889762767, -0.18621800669986954];60.199330499977805
[nan, nan, nan];False;False;[1.0, 3.3493259294668425, 1.518783116388337, 0.0, 1.0, 18.04694700728566, 0.8987185231280624, 0.5, 15862.967268138327, 2409.3676303252078, 10500.0, 0.0, 3.0, 1.0, 0.023687060959444863, 0.09274232051149711, 0.0785509331525085, 0.0, 0.0653306052313918, 0.9978932726259503, 0.0, 0.05, 0.5, 0.5, 0.09076827731490679, 0.33229197380047226, 0.0, 0.007912815787000439, 0.8519991263043865, 0.0, 0.05, 0.5, 0.5, 1.0, 0.0, 0.0, 0.030000000000000002, 0.255, 0.0, 1.0, 0.0];[nan, nan, nan, nan, nan, nan, nan, nan, nan, nan, nan, nan, nan, nan, nan];85.30246589996386
[nan, nan, nan];False;False;[1.0, 11.122879837120662, 1.6096156904026961, 1.0, 1.0, 52.31332106382731, 0.6067304389439887, 0.5, 16281.575072242636, 9400.425231575437, 10500.0, 0.0, 3.0, 0.0, 0.025, 0.038091485159154816, 0.8318809832945897, 0.0, 0.022249066721584033, 0.6747417913060613, 0.0, 0.05, 0.5, 0.5, 0.04644744081118804, 0.747283072844888, 0.0, 0.016055543884397606, 0.1332295990480128, 0.0, 0.05, 0.5, 0.5, 0.0, 1.0, 0.0, 0.023880460159668847, 0.43756663796947237, 11.0, 1.0, 1.0];[nan, nan, nan, nan, nan, nan, nan, nan, nan, nan, nan, nan, nan, nan, nan];99.90854900004342
[nan, nan, nan];False;False;[1.0, 3.137623485267078, 1.483653793084063, 0.0, 1.0, 34.393912303247994, 0.871893070323014, 0.5, 11909.341066311394, 6207.7831729195295, 10500.0, 1.0, 2.3451462292869154, 0.0, 0.025, 0.09279928828447735, 0.0, 0.0, 0.011147321817270628, 0.6585237354342156, 0.0, 0.05, 0.5, 0.5, 0.09052616700751188, 0.4524663637783981, 0.0, 0.013765489641845697, 0.2102915525207527, 0.0, 0.05, 0.5, 0.5, 1.0, 1.0, 0.0, 0.03954104763474763, 0.04624932439875082, 132.0, 0.0, 1.0];[nan, nan, nan, nan, nan, nan, nan, nan, nan, nan, nan, nan, nan, nan, nan];142.96833300008439
[33.15820441791241, 1300.4112467988455, 121.31057526172506];True;False;[0.0, 7.25, 1.4500000000000002, 0.0, 1.0, 47.99050394497941, 0.7423752910765248, 0.5, 1000.8093200907084, 15208.732360739334, 10500.0, 0.0, 3.0, 1.0, 0.03669347561088005, 0.07545978327809962, 0.4961562863776925, 0.0, 0.048942524436990036, 0.7893623453235619, 0.0, 0.05, 0.5, 0.5, 0.09188796769354896, 0.9008431003939362, 0.0, 0.06419870466814383, 0.9418825779734331, 0.0, 0.05, 0.5, 0.5, 0.0, 0.0, 0.0, 0.030000000000000002, 0.255, 0.0, 0.0, 1.0];[0.8457952013916596, -1.5262541841622328, 102.22173613353512, 0.8010585057405366, -0.15762470892347524, -10.919065183355773, -3.240315981218675, -14.0, -0.5038437136223075, -0.21063765467643814, 0.0, -0.09915689960606378, -0.05811742202656689, 0.0, 0.08419370879132548];20.97489489999134
[nan, nan, nan];False;False;[1.0, 4.901391167319684, 1.3243165474382845, 0.0, 2.0, 2.3619528391611784, 0.12589887552226459, 0.43254327832170036, 7855.574239876676, 3654.839542880445, 12280.614400867893, 0.0, 3.0, 1.0, 0.026318742907731913, 0.022550802536680993, 0.209973474297801, 0.2572112704096857, 0.06957381581969681, 0.06640104359883858, 0.46261957914889884, 0.074064308147035, 0.5043190725705337, 0.015802151580675772, 0.013603597869682283, 0.3333333333333333, 0.3333333333333333, 0.009187313291906063, 0.4130785429839846, 0.3232671448918023, 0.07444758136074553, 0.3333333333333333, 0.3333333333333333, 1.0, 1.0, 1.0, 0.047286632480834354, 0.4870316433434146, 131.0, 0.0, 1.0];[nan, nan, nan, nan, nan, nan, nan, nan, nan, nan, nan, nan, nan, nan, nan];149.35022320004646
[nan, nan, nan];False;False;[1.0, 6.2708725737311, 1.2488838828158064, 0.0, 0.0, 33.6443506249154, 0.5, 0.5, 10569.368210600469, 10500.0, 10500.0, 0.0, 3.0, 0.0, 0.025, 0.09265450340012052, 0.0, 0.0, 0.05, 0.5, 0.5, 0.05, 0.5, 0.5, 0.031002969774319968, 0.0, 0.0, 0.05, 0.5, 0.5, 0.05, 0.5, 0.5, 1.0, 0.0, 0.0, 0.030000000000000002, 0.255, 0.0, 0.0, 0.0];[nan, nan, nan, nan, nan, nan, nan, nan, nan, nan, nan, nan, nan, nan, nan];93.07628599996679
[nan, nan, nan];False;False;[1.0, 11.426260735350999, 1.1378135242238212, 0.0, 1.0, 41.9162939166353, 0.7645633821217952, 0.5, 16465.59072149961, 17425.497412414443, 10500.0, 1.0, 1.3247458117140707, 1.0, 0.048465805169996684, 0.0378478749775421, 0.5819318625557842, 0.0, 0.08620191578445077, 0.9137401070561588, 0.0, 0.05, 0.5, 0.5, 0.029041680889296553, 0.25675706519541064, 0.0, 0.06810013297558906, 0.8211820210145081, 0.0, 0.05, 0.5, 0.5, 1.0, 1.0, 0.0, 0.02876643888173449, 0.1868489338829813, 106.0, 1.0, 0.0];[nan, nan, nan, nan, nan, nan, nan, nan, nan, nan, nan, nan, nan, nan, nan];133.00377269997261
[nan, nan, nan];False;False;[1.0, 10.35257204024864, 1.4113373113597616, 1.0, 0.0, 36.86295569230397, 0.5, 0.5, 14880.519221950333, 10500.0, 10500.0, 0.0, 3.0, 0.0, 0.025, 0.059843212006937034, 0.0, 0.0, 0.05, 0.5, 0.5, 0.05, 0.5, 0.5, 0.09683543962284494, 0.0, 0.0, 0.05, 0.5, 0.5, 0.05, 0.5, 0.5, 0.0, 0.0, 0.0, 0.030000000000000002, 0.255, 0.0, 0.0, 0.0];[nan, nan, nan, nan, nan, nan, nan, nan, nan, nan, nan, nan, nan, nan, nan];63.91795639996417
[8.798816826772098, 3664.7279108460257, 107.24374515674299];True;False;[1.0, 10.396505566474657, 1.232767077416661, 0.0, 1.0, 22.68031071135121, 0.5134520738810802, 0.5, 4802.063559493405, 17643.04079216322, 10500.0, 1.0, 1.859459825450354, 0.0, 0.025, 0.08753878815929839, 0.6287575387211629, 0.0, 0.0030982618635466697, 0.12633490809142878, 0.0, 0.05, 0.5, 0.5, 0.08561425634155262, 0.7250416654939059, 0.0, 0.031988863993090845, 0.2843615993566766, 0.0, 0.05, 0.5, 0.5, 0.0, 1.0, 1.0, 0.04056507059469011, 0.042808933960346525, 154.0, 0.0, 0.0];[0.5913297707642604, 0.35275310618935807, 9.615958741087596, -3.3306690738754696e-16, -0.38654792611891986, -10.824611959734895, -10.593729757244134, -14.0, -0.3712424612788371, -0.8736650919085712, 0.0, -0.2749583345060941, -0.7156384006433234, 0.0, -0.45878625968088];26.020425499998964
[nan, nan, nan];False;False;[1.0, 2.612866300954052, 1.5234833819617388, 0.0, 2.0, 40.76730898698249, 0.46478465840694494, 0.2948119688246771, 19652.725419982413, 11207.228880646575, 19106.29568619963, 1.0, 3.182655845943101, 0.0, 0.025, 0.03274367619759346, 0.3333333333333333, 0.3333333333333333, 0.020236376174352345, 0.3333333333333333, 0.3333333333333333, 0.005756468904102197, 0.10594416642576432, 0.8730404794449067, 0.07502353675055255, 0.15749933741869993, 0.7256611158771746, 0.04616013342717726, 0.3333333333333333, 0.3333333333333333, 0.017954495729116927, 0.3788535806378728, 0.4578966870157428, 0.0, 1.0, 0.0, 0.04749132562556096, 0.4727282630720378, 175.0, 1.0, 0.0];[nan, nan, nan, nan, nan, nan, nan, nan, nan, nan, nan, nan, nan, nan, nan];81.51699100004043
[nan, nan, nan];False;False;[1.0, 10.599383448768707, 1.6318020458019573, 1.0, 0.0, 25.947356206948832, 0.5, 0.5, 11563.07726790369, 10500.0, 10500.0, 0.0, 3.0, 0.0, 0.025, 0.06486759701098069, 0.0, 0.0, 0.05, 0.5, 0.5, 0.05, 0.5, 0.5, 0.07712322173753577, 0.0, 0.0, 0.05, 0.5, 0.5, 0.05, 0.5, 0.5, 0.0, 1.0, 0.0, 0.01657240646504698, 0.09014347322658015, 149.0, 0.0, 0.0];[nan, nan, nan, nan, nan, nan, nan, nan, nan, nan, nan, nan, nan, nan, nan];43.018901300034486
[20.775769945269804, 1965.367913522984, 116.01227042279629];True;False;[0.0, 7.25, 1.4500000000000002, 0.0, 2.0, 45.51358333096319, 0.5344301574327567, 0.4799189099092257, 15555.101511612396, 14411.652644579237, 11442.792639377763, 0.0, 3.0, 0.0, 0.025, 0.005701796895377764, 0.0331060353028384, 0.8672657485964294, 0.030394721160028004, 0.1684228208478774, 0.3550254515215162, 0.010694295775936847, 0.3333333333333333, 0.3333333333333333, 0.05331146327388528, 0.3743997849910683, 0.45647695498591234, 0.0014696357030254182, 0.6148500542809907, 0.21976042566801735, 0.08302155372056227, 0.5123878338612119, 0.39518959831147715, 0.0, 0.0, 0.0, 0.030000000000000002, 0.255, 0.0, 1.0, 0.0];[1.8421481125857433, -1.30376303475829, 73.2132257148712, 0.686858362210754, -0.36556984256724334, -11.42962628619733, -11.429626286197331, -11.429626286197331, -0.09962821610073225, -0.4765517276306064, -0.33333333333333337, -0.16912326002301936, -0.16538952005099194, -0.09242256782731095, -0.007583255751716644];46.07637050002813
[36.6612689096907, 1229.052241713346, 121.95338810090965];True;False;[0.0, 7.25, 1.4500000000000002, 0.0, 1.0, 40.80039934482412, 0.3237176888864931, 0.5, 17942.06799604777, 2538.754388387357, 10500.0, 0.0, 3.0, 1.0, 0.03503844806596721, 0.03427003439619777, 0.8395563349534028, 0.0, 0.00030650946581661787, 0.19442155328769606, 0.0, 0.05, 0.5, 0.5, 0.02678369219203093, 0.4325225168333815, 0.0, 0.08756189405071238, 0.551166326551816, 0.0, 0.05, 0.5, 0.5, 0.0, 0.0, 0.0, 0.030000000000000002, 0.255, 0.0, 1.0, 0.0];[0.7804325225936983, -1.5408500340568776, 48.64727891658091, 0.74128576559948, -0.5762823111135069, -5.767634160060956, -10.580721122605178, -14.0, -0.16044366504659724, -0.8055784467123039, 0.0, -0.5674774831666185, -0.44883367344818403, 0.0, 0.0914250228134521];25.864038500003517
[nan, nan, nan];False;False;[1.0, 3.5696535177424162, 1.1952580070517418, 1.0, 0.0, 13.668171950955106, 0.5, 0.5, 6129.9525107969275, 10500.0, 10500.0, 0.0, 3.0, 0.0, 0.025, 0.09590632826881583, 0.0, 0.0, 0.05, 0.5, 0.5, 0.05, 0.5, 0.5, 0.08998136728552386, 0.0, 0.0, 0.05, 0.5, 0.5, 0.05, 0.5, 0.5, 1.0, 0.0, 0.0, 0.030000000000000002, 0.255, 0.0, 0.0, 0.0];[nan, nan, nan, nan, nan, nan, nan, nan, nan, nan, nan, nan, nan, nan, nan];102.81602890009526
[28.726001362819634, 3201.1686600815156, 113.79831095680777];True;False;[1.0, 7.008988473053781, 1.1376867098568162, 0.0, 1.0, 9.612985139386687, 0.3719809962527151, 0.5, 5376.99306098668, 3878.1357823721314, 10500.0, 1.0, 4.223232120068385, 1.0, 0.04818233750589768, 0.03935541036424233, 0.15807425518316987, 0.0, 0.04623108417725966, 0.23205440575419067, 0.0, 0.05, 0.5, 0.5, 0.08986251835588871, 0.15646627019704362, 0.0, 0.05498149029975468, 0.7425143020724984, 0.0, 0.05, 0.5, 0.5, 0.0, 0.0, 0.0, 0.030000000000000002, 0.255, 0.0, 0.0, 1.0];[0.7376949702955269, 0.01946319402742347, 100.98021312267969, 0.0, -0.5280190037472849, -11.223027617405776, -12.762867140463559, -14.0, -0.8419257448168301, -0.7679455942458093, 0.0, -0.8435337298029564, -0.25748569792750164, 0.0, -0.2205541705560417];37.1269666000735
[9.425432687577132, 4208.01307103278, 101.64595491063508];True;False;[1.0, 6.9994465806065564, 1.1561367224252412, 1.0, 2.0, 22.097425731648915, 0.3016108397016992, 0.10725230635376369, 8796.059467266463, 6318.380999775169, 8055.993824914266, 0.0, 3.0, 0.0, 0.025, 0.021262756774077254, 0.3333333333333333, 0.3333333333333333, 0.08670193583983066, 0.10334571468273179, 0.6293888980978818, 0.024791621644995734, 0.28365419875471, 0.0775459453827918, 0.03306987358706337, 0.27163541213011066, 0.27107747837937224, 0.014958425025229639, 0.1778076966115748, 0.564767013758636, 0.07911851129104812, 0.3333333333333333, 0.3333333333333333, 0.0, 0.0, 0.0, 0.030000000000000002, 0.255, 0.0, 1.0, 1.0];[1.3110668578813085, 0.07263899178765554, 8.913082215368455, -1.1102230246251565e-16, -0.5983891602983008, -9.368614489633439, -12.126745014911556, -13.978275369021997, -0.33333333333333337, -0.2672653872193864, -0.6387998558624982, -0.4572871094905171, -0.25742528962978917, -0.33333333333333337, -0.22326655792878913];60.7341225000564
[nan, nan, nan];False;False;[0.0, 7.25, 1.4500000000000002, 0.0, 1.0, 5.725996275481272, 0.12433225280408644, 0.5, 5097.539345400306, 12420.721930277829, 10500.0, 0.0, 3.0, 0.0, 0.025, 0.006890589743393305, 0.27905428734621496, 0.0, 0.02678877359698654, 0.05237144499153967, 0.0, 0.05, 0.5, 0.5, 0.09838796880580274, 0.9454566370696714, 0.0, 0.009112156418819451, 0.7184303556235575, 0.0, 0.05, 0.5, 0.5, 0.0, 0.0, 0.0, 0.030000000000000002, 0.255, 0.0, 1.0, 1.0];[nan, nan, nan, nan, nan, nan, nan, nan, nan, nan, nan, nan, nan, nan, nan];60.971116900094785
[nan, nan, nan];False;False;[1.0, 10.705689203860592, 1.2133790900107095, 1.0, 0.0, 45.579486836385946, 0.5, 0.5, 16492.163635256155, 10500.0, 10500.0, 0.0, 3.0, 0.0, 0.025, 0.08341290756862295, 0.0, 0.0, 0.05, 0.5, 0.5, 0.05, 0.5, 0.5, 0.06237472439912243, 0.0, 0.0, 0.05, 0.5, 0.5, 0.05, 0.5, 0.5, 0.0, 0.0, 0.0, 0.030000000000000002, 0.255, 0.0, 0.0, 0.0];[nan, nan, nan, nan, nan, nan, nan, nan, nan, nan, nan, nan, nan, nan, nan];45.982192300027236
[24.299838155970466, 1252.9651438405617, 118.11497933032649];True;False;[0.0, 7.25, 1.4500000000000002, 0.0, 0.0, 25.288258933355905, 0.5, 0.5, 6896.971123835354, 10500.0, 10500.0, 0.0, 3.0, 0.0, 0.025, 0.004926246369633825, 0.0, 0.0, 0.05, 0.5, 0.5, 0.05, 0.5, 0.5, 0.09044695762469997, 0.0, 0.0, 0.05, 0.5, 0.5, 0.05, 0.5, 0.5, 0.0, 0.0, 0.0, 0.030000000000000002, 0.255, 0.0, 0.0, 0.0];[0.38627954760185457, -1.4612956921918137, 11.980028376809123, 0.7771782323100773, -0.4, 10.288258933355905, -14.0, -14.0, -1.0, 0.0, 0.0, -1.0, 0.0, 0.0, 0.02820865437598763];5.083372900029644
[43.51992192225671, 1065.1273456757929, 123.22878028227922];True;False;[0.0, 7.25, 1.4500000000000002, 0.0, 1.0, 28.12599892800871, 0.22748289394014443, 0.5, 14870.321714460879, 2762.5800301711547, 10500.0, 0.0, 3.0, 1.0, 0.045332739357768825, 0.09542875474306824, 0.3115819483411951, 0.0, 0.013636864214020706, 0.03197154811248526, 0.0, 0.05, 0.5, 0.5, 0.03898996138440694, 0.5176202154399996, 0.0, 0.02690714879246613, 0.35102257952615024, 0.0, 0.05, 0.5, 0.5, 0.0, 0.0, 0.0, 0.030000000000000002, 0.255, 0.0, 1.0, 1.0];[0.5994112910457812, -1.581273082377524, 42.67232877577238, 0.6826252471168539, -0.6725171060598556, -5.226870395369906, -12.122109286805753, -14.0, -0.6884180516588049, -0.9680284518875147, 0.0, -0.4823797845600004, -0.6489774204738498, 0.0, 0.1124196984509993];27.839979199925438
[nan, nan, nan];False;False;[0.0, 7.25, 1.4500000000000002, 0.0, 2.0, 18.966278948993246, 0.2187177783838095, 0.22334565344065746, 11610.49843679628, 10816.618776633095, 9708.730063961812, 0.0, 3.0, 1.0, 0.01600384155104237, 0.027568373620002275, 0.3333333333333333, 0.3333333333333333, 0.08957056722985648, 0.5054737011096977, 0.1348204662119603, 0.09532950833615894, 0.17987082016259937, 0.2465020428798883, 0.08526715156542519, 0.3333333333333333, 0.3333333333333333, 0.07818281148616878, 0.6350340950358668, 0.29048316271441654, 0.06587603270721293, 0.20126756923743228, 0.27678923988762905, 0.0, 0.0, 0.0, 0.030000000000000002, 0.255, 0.0, 1.0, 1.0];[nan, nan, nan, nan, nan, nan, nan, nan, nan, nan, nan, nan, nan, nan, nan];93.99885510001332
[37.853667772180515, 1082.7650981300123, 122.9052837873648];True;False;[0.0, 7.25, 1.4500000000000002, 0.0, 1.0, 40.27549628298143, 0.5880327041976056, 0.5, 10485.77362000827, 10988.906873193395, 10500.0, 0.0, 3.0, 1.0, 0.043482249473796, 0.0543057509442435, 0.9005798973335157, 0.0, 0.09848050531595737, 0.04410651522411935, 0.0, 0.05, 0.5, 0.5, 0.04272497468034201, 0.4536562223245355, 0.0, 0.03489308670850817, 0.3653549253417726, 0.0, 0.05, 0.5, 0.5, 0.0, 0.0, 0.0, 0.030000000000000002, 0.255, 0.0, 1.0, 0.0];[0.4968642368716072, -1.6041724102109267, 66.80737201975099, 0.8830766485535806, -0.31196729580239446, -9.68808544724171, -7.417894549514585, -14.0, -0.09942010266648427, -0.9558934847758807, 0.0, -0.5463437776754645, -0.6346450746582274, 0.0, 0.1249879478604925];18.708459999994375
[nan, nan, nan];False;False;[0.0, 7.25, 1.4500000000000002, 0.0, 1.0, 59.943152298515464, 0.6746384586459653, 0.5, 5343.531407408475, 14150.530075903142, 10500.0, 0.0, 3.0, 0.0, 0.025, 0.05754683233311815, 0.048929871788194856, 0.0, 0.05224935302986883, 0.06641098143122293, 0.0, 0.05, 0.5, 0.5, 0.023534479519644935, 0.6055028385151753, 0.0, 0.049990537737965225, 0.19660163792216234, 0.0, 0.05, 0.5, 0.5, 0.0, 0.0, 0.0, 0.030000000000000002, 0.255, 0.0, 0.0, 1.0];[nan, nan, nan, nan, nan, nan, nan, nan, nan, nan, nan, nan, nan, nan, nan];72.80134170001838
[nan, nan, nan];False;False;[1.0, 2.950952668385057, 1.6799045713850842, 1.0, 0.0, 45.788293677995846, 0.5, 0.5, 5266.179458604739, 10500.0, 10500.0, 1.0, 2.9318459710571685, 0.0, 0.025, 0.022250608157943455, 0.0, 0.0, 0.05, 0.5, 0.5, 0.05, 0.5, 0.5, 0.04706758016461341, 0.0, 0.0, 0.05, 0.5, 0.5, 0.05, 0.5, 0.5, 1.0, 1.0, 0.0, 0.04982612222947229, 0.43995962639826147, 109.0, 0.0, 0.0];[nan, nan, nan, nan, nan, nan, nan, nan, nan, nan, nan, nan, nan, nan, nan];4.576280700042844
[nan, nan, nan];False;False;[1.0, 12.316981129112365, 1.5663570947835357, 0.0, 1.0, 21.605707581117404, 0.4747154458999582, 0.5, 18864.499128905765, 1848.578855720388, 10500.0, 0.0, 3.0, 1.0, 0.033616543087639165, 0.032483160532044655, 0.018890508423184182, 0.0, 0.06750940366899513, 0.2976503360224063, 0.0, 0.05, 0.5, 0.5, 0.04699588645107159, 0.9004416996134356, 0.0, 0.03171295818768978, 0.8669686646075683, 0.0, 0.05, 0.5, 0.5, 1.0, 1.0, 1.0, 0.03865695698355621, 0.09448896820534922, 210.0, 0.0, 1.0];[nan, nan, nan, nan, nan, nan, nan, nan, nan, nan, nan, nan, nan, nan, nan];127.96691009995993
[nan, nan, nan];False;False;[1.0, 7.72834429588631, 1.3581285967103893, 1.0, 2.0, 39.548409129227956, 0.4200646669514614, 0.10039388179975949, 1048.1676011949464, 13704.569276334181, 12509.18356304302, 0.0, 3.0, 0.0, 0.025, 0.06534574676382016, 0.7350668594384736, 0.028191430865923017, 0.059374948985720245, 0.3333333333333333, 0.3333333333333333, 0.019231927744829704, 0.22445787308106757, 0.03835297971152041, 0.02707121772226542, 0.7024766097011602, 0.22555003654633055, 0.028511748150105022, 0.3333333333333333, 0.3333333333333333, 0.08738788709465084, 0.3333333333333333, 0.3333333333333333, 0.0, 1.0, 2.0, 0.026980124605489222, 0.4141271587393173, 42.0, 1.0, 2.0];[nan, nan, nan, nan, nan, nan, nan, nan, nan, nan, nan, nan, nan, nan, nan];158.95402940001804
[nan, nan, nan];False;False;[1.0, 4.136633316063256, 1.2665327333761665, 1.0, 1.0, 1.6190715571090601, 0.45295340885030555, 0.5, 2672.3675883442384, 18963.960377926036, 10500.0, 0.0, 3.0, 1.0, 0.028397054221257812, 0.05961953226874711, 0.9404350463642946, 0.0, 0.033210729298048115, 0.010457531605060133, 0.0, 0.05, 0.5, 0.5, 0.08845535373020808, 0.4983926436110684, 0.0, 0.004472617127696399, 0.3080968377606501, 0.0, 0.05, 0.5, 0.5, 0.0, 1.0, 0.0, 0.03354158558216538, 0.40127612138484625, 103.0, 0.0, 1.0];[nan, nan, nan, nan, nan, nan, nan, nan, nan, nan, nan, nan, nan, nan, nan];158.57323379989248
[7.122123438023677, 5909.141519186954, 108.55272986671244];True;False;[1.0, 10.92074172489434, 1.1432986811636012, 1.0, 2.0, 39.010962935646184, 0.15739848148370178, 0.7422330156630111, 2699.1792020132725, 19471.992874375348, 19198.98129854885, 0.0, 3.0, 0.0, 0.025, 0.07793782137628491, 0.3333333333333333, 0.3333333333333333, 0.02180596915069114, 0.19294539005665612, 0.4839121463448639, 0.017927533543544816, 0.3333333333333333, 0.3333333333333333, 0.01739614721143884, 0.615379677129699, 0.2645257339075745, 0.006720332941944407, 0.3333333333333333, 0.3333333333333333, 0.06006646571171238, 0.3333333333333333, 0.3333333333333333, 0.0, 0.0, 0.0, 0.030000000000000002, 0.255, 0.0, 1.0, 0.0];[1.5518795715883513, 0.360356588449648, 46.941936253858294, -0.3602422588943406, -0.7426015185162982, -13.629621771515419, -12.85096473405517, -4.865944631914639, -0.33333333333333337, -0.32314246359848, -0.33333333333333337, -0.12009458896272651, -0.33333333333333337, -0.33333333333333337, -0.25085763100355957];65.92284050001763
[40.56603283192861, 1165.7644801546098, 119.77336744268106];True;False;[0.0, 7.25, 1.4500000000000002, 0.0, 1.0, 4.854629705269485, 0.6444544066782043, 0.5, 18214.56553457481, 13347.297448133379, 10500.0, 0.0, 3.0, 1.0, 0.0184136745376493, 0.02675265393825418, 0.16015294334292118, 0.0, 0.0828519613193207, 0.4277938913933359, 0.0, 0.05, 0.5, 0.5, 0.06862745524165213, 0.3929810575865833, 0.0, 0.046967653804782156, 0.48582103143788014, 0.0, 0.05, 0.5, 0.5, 0.0, 0.0, 0.0, 0.030000000000000002, 0.255, 0.0, 0.0, 1.0];[1.5358645219015052, -1.3721578649126307, 180.4792732102049, 0.32972100018884043, -0.2555455933217957, -13.363448766375686, -12.033621920580877, -14.0, -0.8398470566570788, -0.5722061086066641, 0.0, -0.6070189424134167, -0.5141789685621199, 0.0, 0.017403913525218973];48.07250300003216
[nan, nan, nan];False;False;[0.0, 7.25, 1.4500000000000002, 0.0, 2.0, 3.2019744378421406, 0.591064575697348, 0.672768908207329, 3026.0380380101633, 1463.0448631353602, 7177.822667916172, 0.0, 3.0, 1.0, 0.01437878544557697, 0.019275877190037538, 0.7250639506085564, 0.011573037434940647, 0.00643493966747758, 0.3333333333333333, 0.3333333333333333, 0.04882198565981188, 0.5101962589477401, 0.4133903902829472, 0.06791831996924352, 0.3333333333333333, 0.3333333333333333, 0.08497817022881543, 0.3333333333333333, 0.3333333333333333, 0.06235963834244549, 0.3333333333333333, 0.3333333333333333, 0.0, 0.0, 0.0, 0.030000000000000002, 0.255, 0.0, 1.0, 2.0];[nan, nan, nan, nan, nan, nan, nan, nan, nan, nan, nan, nan, nan, nan, nan];31.253036899957806
[23.87457239802095, 1361.95305717826, 117.88807773526155];True;False;[0.0, 7.25, 1.4500000000000002, 0.0, 1.0, 21.56245470323879, 0.3063179132879438, 0.5, 14917.61667710013, 7723.0045329382965, 10500.0, 0.0, 3.0, 0.0, 0.025, 0.01225276286634065, 0.06574077815913049, 0.0, 0.03164531036950742, 0.9344466963542803, 0.0, 0.05, 0.5, 0.5, 0.006788389598600586, 0.9042329960920763, 0.0, 0.09439413177970622, 0.0517179601613178, 0.0, 0.05, 0.5, 0.5, 0.0, 0.0, 0.0, 0.030000000000000002, 0.255, 0.0, 1.0, 1.0];[0.9178175932759718, -1.4216952071638884, 8.147151995741055, 0.766070918497632, -0.5936820867120562, -8.012156942364541, -11.914290357497658, -14.0, -0.9342592218408695, -0.06555330364571965, 0.0, -0.0957670039079237, -0.9482820398386822, 0.0, 0.024025146719892865];51.94415819994174
[nan, nan, nan];False;False;[0.0, 7.25, 1.4500000000000002, 0.0, 1.0, 49.71262682820126, 0.6441877769150357, 0.5, 11369.245960188726, 13086.577244250208, 10500.0, 0.0, 3.0, 0.0, 0.025, 0.084253825768405, 0.855965173245378, 0.0, 0.013864630581608374, 0.2747121339643104, 0.0, 0.05, 0.5, 0.5, 0.024023583699647345, 0.23409990778656886, 0.0, 0.0793333880772701, 0.8722516067469968, 0.0, 0.05, 0.5, 0.5, 0.0, 0.0, 0.0, 0.030000000000000002, 0.255, 0.0, 0.0, 1.0];[nan, nan, nan, nan, nan, nan, nan, nan, nan, nan, nan, nan, nan, nan, nan];82.90643470000941
[nan, nan, nan];False;False;[1.0, 2.7737901931445315, 1.4266812375615328, 1.0, 0.0, 8.581438956046886, 0.5, 0.5, 16743.14148235489, 10500.0, 10500.0, 1.0, 1.4059687136279204, 0.0, 0.025, 0.04443282301021045, 0.0, 0.0, 0.05, 0.5, 0.5, 0.05, 0.5, 0.5, 0.04087834671963079, 0.0, 0.0, 0.05, 0.5, 0.5, 0.05, 0.5, 0.5, 1.0, 1.0, 0.0, 0.0273152832136781, 0.028108197590096314, 173.0, 0.0, 0.0];[nan, nan, nan, nan, nan, nan, nan, nan, nan, nan, nan, nan, nan, nan, nan];63.225954500027
[nan, nan, nan];False;False;[0.0, 7.25, 1.4500000000000002, 0.0, 2.0, 24.55403394149596, 0.7114290178147471, 0.7923034723545614, 4320.859289281121, 9825.816208729113, 16683.111434749597, 0.0, 3.0, 1.0, 0.03340562382883113, 0.025743817177208472, 0.14346554047879423, 0.41376909960735, 0.08481161079198102, 0.8043926818565461, 0.046512433182993806, 0.08143278994279171, 0.3333333333333333, 0.3333333333333333, 0.015936810865853534, 0.3333333333333333, 0.3333333333333333, 0.08549286625171182, 0.30266661912059123, 0.5748198066029391, 0.08990573049453851, 0.3333333333333333, 0.3333333333333333, 0.0, 0.0, 0.0, 0.030000000000000002, 0.255, 0.0, 2.0, 1.0];[nan, nan, nan, nan, nan, nan, nan, nan, nan, nan, nan, nan, nan, nan, nan];123.76211340003647
[nan, nan, nan];False;False;[1.0, 9.627665539383598, 1.1875468828069449, 0.0, 1.0, 28.281364586167346, 0.484274927818065, 0.5, 18604.88394332247, 16195.619036361508, 10500.0, 1.0, 3.6422796031192175, 1.0, 0.021782627583281686, 0.039965834143188744, 0.9053959957761748, 0.0, 0.016683990642573542, 0.1751406675330901, 0.0, 0.05, 0.5, 0.5, 0.07506604638920451, 0.5282503717497087, 0.0, 0.008327120565592995, 0.9958810954499495, 0.0, 0.05, 0.5, 0.5, 1.0, 0.0, 0.0, 0.030000000000000002, 0.255, 0.0, 1.0, 1.0];[nan, nan, nan, nan, nan, nan, nan, nan, nan, nan, nan, nan, nan, nan, nan];113.92569070006721
[27.143158383138054, 1311.4528874083337, 117.57537874004828];True;False;[0.0, 7.25, 1.4500000000000002, 0.0, 1.0, 9.850674595510586, 0.3487163426436527, 0.5, 12873.784200775373, 4155.478926953636, 10500.0, 0.0, 3.0, 0.0, 0.025, 0.08221361103296503, 0.10733483323031101, 0.0, 0.02180415813041784, 0.778555302092133, 0.0, 0.05, 0.5, 0.5, 0.08217874237711649, 0.1786901279483898, 0.0, 0.05704417812509027, 0.3513533935982587, 0.0, 0.05, 0.5, 0.5, 0.0, 0.0, 0.0, 0.030000000000000002, 0.255, 0.0, 0.0, 1.0];[1.1512946642273505, -1.365745667517202, -7.713535696688987, 0.5312034637338219, -0.5512836573563473, -10.710744407470996, -12.703406947194189, -14.0, -0.892665166769689, -0.22144469790786703, 0.0, -0.8213098720516102, -0.6486466064017413, 0.0, 0.0023756197300003334];53.101439799997024
[nan, nan, nan];False;False;[1.0, 11.242728745982026, 1.5249490663117073, 1.0, 1.0, 5.989388944925013, 0.17182957031260138, 0.5, 10331.409830182673, 14357.861149184131, 10500.0, 0.0, 3.0, 0.0, 0.025, 0.07358540990763328, 0.7461715722360936, 0.0, 0.050577788708796534, 0.2882374157462261, 0.0, 0.05, 0.5, 0.5, 0.024284838910002705, 0.6076895371600456, 0.0, 0.09646230811196493, 0.10216267861139428, 0.0, 0.05, 0.5, 0.5, 0.0, 0.0, 0.0, 0.030000000000000002, 0.255, 0.0, 0.0, 1.0];[nan, nan, nan, nan, nan, nan, nan, nan, nan, nan, nan, nan, nan, nan, nan];105.99899449991062
[25.579376956494983, 1617.4647178104487, 117.95988468129687];True;False;[0.0, 7.25, 1.4500000000000002, 0.0, 1.0, 35.34227315060981, 0.7633635360017124, 0.5, 1771.3439411415638, 4602.051950966066, 10500.0, 0.0, 3.0, 1.0, 0.011875008427508516, 0.06801308198574291, 0.5812541585079882, 0.0, 0.04081588290544957, 0.7710258494057556, 0.0, 0.05, 0.5, 0.5, 0.08312758499601436, 0.5206239254355391, 0.0, 0.011159231464583386, 0.10321976192264204, 0.0, 0.05, 0.5, 0.5, 0.0, 0.0, 0.0, 0.030000000000000002, 0.255, 0.0, 0.0, 1.0];[1.5310859981830705, -1.3732249358496695, 146.3725257984079, 0.6658551138275153, -0.13663646399828766, -11.69004287950961, -4.322437764579368, -14.0, -0.41874584149201177, -0.22897415059424442, 0.0, -0.47937607456446085, -0.896780238077358, 0.0, 0.017813860734318343];56.703738900017925
[nan, nan, nan];False;False;[1.0, 5.612215000959961, 1.5112643526382625, 1.0, 2.0, 46.15272441219198, 0.5364002508543264, 0.7136242789401581, 8314.649474155442, 2419.7805078402444, 15706.96912057642, 1.0, 1.362447579394328, 1.0, 0.04790115810042488, 0.049854362816779435, 0.3333333333333333, 0.3333333333333333, 0.05330033588542056, 0.3333333333333333, 0.3333333333333333, 0.0016297502000323762, 0.3333333333333333, 0.3333333333333333, 0.015291367451911175, 0.3333333333333333, 0.3333333333333333, 0.06502639415037806, 0.10046460103395549, 0.5066792420647863, 0.0029543904832493475, 0.3333333333333333, 0.3333333333333333, 0.0, 1.0, 0.0, 0.031768473207324906, 0.38063222810085146, 73.0, 1.0, 1.0];[nan, nan, nan, nan, nan, nan, nan, nan, nan, nan, nan, nan, nan, nan, nan];77.17297210008837
[28.655996431613403, 1074.8890872521135, 119.09783419322783];True;False;[0.0, 7.25, 1.4500000000000002, 0.0, 0.0, 12.096186147114992, 0.5, 0.5, 15108.381255494547, 10500.0, 10500.0, 0.0, 3.0, 0.0, 0.025, 0.02570892722586429, 0.0, 0.0, 0.05, 0.5, 0.5, 0.05, 0.5, 0.5, 0.02262731939567412, 0.0, 0.0, 0.05, 0.5, 0.5, 0.05, 0.5, 0.5, 0.0, 0.0, 0.0, 0.030000000000000002, 0.255, 0.0, 0.0, 0.0];[0.32616768109081296, -1.4767804929672839, -5.823311261867836, 0.6647687455386233, -0.4, -2.9038138528850084, -14.0, -14.0, -1.0, 0.0, 0.0, -1.0, 0.0, 0.0, 0.034787706373341276];9.678106400067918
[nan, nan, nan];False;False;[0.0, 7.25, 1.4500000000000002, 0.0, 0.0, 6.804241890865153, 0.5, 0.5, 17515.202397775178, 10500.0, 10500.0, 0.0, 3.0, 0.0, 0.025, 0.016538862185028525, 0.0, 0.0, 0.05, 0.5, 0.5, 0.05, 0.5, 0.5, 0.03114111156854217, 0.0, 0.0, 0.05, 0.5, 0.5, 0.05, 0.5, 0.5, 0.0, 0.0, 0.0, 0.030000000000000002, 0.255, 0.0, 0.0, 0.0];[nan, nan, nan, nan, nan, nan, nan, nan, nan, nan, nan, nan, nan, nan, nan];47.41750300000422
[nan, nan, nan];False;False;[0.0, 7.25, 1.4500000000000002, 0.0, 0.0, 16.407788854759765, 0.5, 0.5, 9830.272547621878, 10500.0, 10500.0, 0.0, 3.0, 0.0, 0.025, 0.005457898291644248, 0.0, 0.0, 0.05, 0.5, 0.5, 0.05, 0.5, 0.5, 0.06191958786792539, 0.0, 0.0, 0.05, 0.5, 0.5, 0.05, 0.5, 0.5, 0.0, 0.0, 0.0, 0.030000000000000002, 0.255, 0.0, 0.0, 0.0];[nan, nan, nan, nan, nan, nan, nan, nan, nan, nan, nan, nan, nan, nan, nan];54.891408600029536
[32.22889991063559, 1045.3607999388844, 119.05965045354506];True;False;[0.0, 7.25, 1.4500000000000002, 0.0, 0.0, 7.160387545033021, 0.5, 0.5, 11944.81730749116, 10500.0, 10500.0, 0.0, 3.0, 0.0, 0.025, 0.0067475797702909015, 0.0, 0.0, 0.05, 0.5, 0.5, 0.05, 0.5, 0.5, 0.04976917938264799, 0.0, 0.0, 0.05, 0.5, 0.5, 0.05, 0.5, 0.5, 0.0, 0.0, 0.0, 0.030000000000000002, 0.255, 0.0, 0.0, 0.0];[0.45256891698599144, -1.4442195683243924, -10.402780764833963, 0.5001715599581293, -0.4, -7.839612454966979, -14.0, -14.0, -1.0, 0.0, 0.0, -1.0, 0.0, 0.0, 0.021138663187831863];16.057976600015536
[14.01355806882887, 4255.562584239231, 107.315759029301];True;False;[1.0, 11.596509772737171, 1.1453532203374126, 0.0, 2.0, 32.82619943506712, 0.6517800761764125, 0.522503932269435, 4530.727464335605, 19848.633946554724, 5775.16091561524, 1.0, 3.873018304198463, 1.0, 0.02968297827424063, 0.00843062918269255, 0.2058080896673844, 0.23451373579028212, 0.06442426756983165, 0.3333333333333333, 0.3333333333333333, 0.09699789416625909, 0.3333333333333333, 0.3333333333333333, 0.026744600823910836, 0.6423918941296094, 0.0801832374181819, 0.03387955088219963, 0.3333333333333333, 0.3333333333333333, 0.03979764935430688, 0.3333333333333333, 0.3333333333333333, 0.0, 1.0, 1.0, 0.03389030172483974, 0.46410689419023704, 19.0, 0.0, 1.0];[1.606106102538222, 0.41065596468645804, 169.72548336154964, 0.0, -0.24821992382358748, -11.939725471914825, -11.939725471914826, -11.939725471914826, -0.5596781745423335, -0.33333333333333337, -0.33333333333333337, -0.2774248684522087, -0.33333333333333337, -0.33333333333333337, -0.054225078279586225];34.66248069994617
[nan, nan, nan];False;False;[0.0, 7.25, 1.4500000000000002, 0.0, 2.0, 30.925886133334913, 0.793277912528179, 0.3374737475367072, 13639.697807977842, 16799.74941901581, 3712.4058958501046, 0.0, 3.0, 1.0, 0.03388815261194978, 0.08389094772463478, 0.02214707691443729, 0.07336681168263348, 0.025141103281343946, 0.3333333333333333, 0.3333333333333333, 0.02542634610803193, 0.3333333333333333, 0.3333333333333333, 0.09821063574495087, 0.3333333333333333, 0.3333333333333333, 0.08373727073711439, 0.3333333333333333, 0.3333333333333333, 0.07346668179651276, 0.3333333333333333, 0.3333333333333333, 0.0, 0.0, 0.0, 0.030000000000000002, 0.255, 0.0, 2.0, 2.0];[nan, nan, nan, nan, nan, nan, nan, nan, nan, nan, nan, nan, nan, nan, nan];137.7538813999854
[nan, nan, nan];False;False;[1.0, 2.157921564889378, 1.2670296131084111, 0.0, 1.0, 27.586019923757124, 0.5279498960853956, 0.5, 15691.529424994116, 8907.532800790617, 10500.0, 1.0, 3.230886093084682, 1.0, 0.022020808084134647, 0.04415885201986289, 0.9256261884552279, 0.0, 0.06402079918763164, 0.6595389990597474, 0.0, 0.05, 0.5, 0.5, 0.053873462046434374, 0.731459488605835, 0.0, 0.0019054217929644235, 0.8961174860149179, 0.0, 0.05, 0.5, 0.5, 1.0, 0.0, 0.0, 0.030000000000000002, 0.255, 0.0, 0.0, 0.0];[nan, nan, nan, nan, nan, nan, nan, nan, nan, nan, nan, nan, nan, nan, nan];107.72170039999764
[18.114867643433193, 5967.51071111342, 105.71896550697244];True;False;[1.0, 4.931786613891019, 1.1040742590917108, 1.0, 1.0, 7.316312840209234, 0.8568874481459496, 0.5, 12797.813704169645, 2697.4676437825956, 10500.0, 1.0, 4.4259129123635255, 1.0, 0.0016176775711620407, 0.05569484173873114, 0.477600840422287, 0.0, 0.02155059024088425, 0.4012303389309252, 0.0, 0.05, 0.5, 0.5, 0.09030660221004914, 0.6275711163229104, 0.0, 0.06429521629357197, 0.8829346237061466, 0.0, 0.05, 0.5, 0.5, 0.0, 1.0, 0.0, 0.04019924478112798, 0.39802383425900956, 165.0, 0.0, 1.0];[2.4056504096672198, 0.5096129320441487, 419.67595733745617, 0.0, -0.043112551854050385, -13.998790823944566, -9.0052527551505, -14.0, -0.522399159577713, -0.5987696610690748, 0.0, -0.3724288836770896, -0.11706537629385338, 0.0, -0.12548912109692129];41.51793249999173
[22.383773497214033, 1412.8820725037012, 117.44495816683738];True;False;[0.0, 7.25, 1.4500000000000002, 0.0, 0.0, 41.2162383840358, 0.5, 0.5, 12274.45099396175, 10500.0, 10500.0, 0.0, 3.0, 0.0, 0.025, 0.03770721503038993, 0.0, 0.0, 0.05, 0.5, 0.5, 0.05, 0.5, 0.5, 0.04922483655694228, 0.0, 0.0, 0.05, 0.5, 0.5, 0.05, 0.5, 0.5, 0.0, 0.0, 0.0, 0.030000000000000002, 0.255, 0.0, 0.0, 0.0];[0.4601101488757653, -1.4422769490015797, 44.38181475668473, 0.8059238622151843, -0.4, 26.216238384035798, -14.0, -14.0, -1.0, 0.0, 0.0, -1.0, 0.0, 0.0, 0.020346336528167863];5.073444799985737
[37.310337435313066, 1217.6342572258131, 119.18852173592946];True;False;[0.0, 7.25, 1.4500000000000002, 0.0, 1.0, 5.376359436731711, 0.6915022255805403, 0.5, 4582.835525129207, 2926.173628463388, 10500.0, 0.0, 3.0, 1.0, 0.015221242921437374, 0.04640045680093603, 0.5083347474258916, 0.0, 0.030704938597989253, 0.12176321334181239, 0.0, 0.05, 0.5, 0.5, 0.09194533191958457, 0.5126029173523006, 0.0, 0.09162057594675589, 0.14934106339087372, 0.0, 0.05, 0.5, 0.5, 0.0, 0.0, 0.0, 0.030000000000000002, 0.255, 0.0, 1.0, 1.0];[1.611402458377488, -1.355289823356954, 159.75791700730363, 0.35516758388141967, -0.2084977744194597, -13.451278332486234, -11.528517970977555, -14.0, -0.4916652525741084, -0.8782367866581876, 0.0, -0.48739708264769943, -0.8506589366091263, 0.0, 0.011008716315009104];24.41765930003021
[nan, nan, nan];False;False;[1.0, 12.002766094502359, 1.577777867180938, 0.0, 2.0, 39.22828701214775, 0.6861853236067438, 0.24704794144663245, 8655.177888934704, 8233.045907461266, 18174.983689050292, 1.0, 2.942987245522765, 1.0, 0.019472780672866886, 0.024878242425417852, 0.669750241850539, 0.03265067132011423, 0.06252850498494456, 0.3333333333333333, 0.3333333333333333, 0.04307139618688564, 0.3333333333333333, 0.3333333333333333, 0.010483423125596214, 0.3333333333333333, 0.3333333333333333, 0.09778499506180287, 0.682824601363662, 0.05646177242878048, 0.028630141641162312, 0.3333333333333333, 0.3333333333333333, 0.0, 1.0, 1.0, 0.010766574733743038, 0.4846172817432491, 92.0, 0.0, 1.0];[nan, nan, nan, nan, nan, nan, nan, nan, nan, nan, nan, nan, nan, nan, nan];133.5435244999826
[nan, nan, nan];False;False;[1.0, 9.821858012719181, 1.202172842843103, 0.0, 1.0, 4.712729877558676, 0.27519752631283223, 0.5, 6991.164874672784, 3814.8041693142786, 10500.0, 1.0, 1.9569497763697319, 0.0, 0.025, 0.09179287024585156, 0.3891152205016585, 0.0, 0.0600312617689861, 0.08967052070864245, 0.0, 0.05, 0.5, 0.5, 0.011330006307618901, 0.6124195832909867, 0.0, 0.025214421753715223, 0.6873231073771603, 0.0, 0.05, 0.5, 0.5, 1.0, 0.0, 0.0, 0.030000000000000002, 0.255, 0.0, 0.0, 0.0];[nan, nan, nan, nan, nan, nan, nan, nan, nan, nan, nan, nan, nan, nan, nan];125.6662445999682
[nan, nan, nan];False;False;[0.0, 7.25, 1.4500000000000002, 0.0, 2.0, 41.22011464743203, 0.5555483952202821, 0.13193333201785365, 19919.88635125054, 17654.389163626725, 15501.292183122994, 0.0, 3.0, 1.0, 0.039037795144796245, 0.09248291131395237, 0.19037601880660893, 0.1933598717489199, 0.013349304122347794, 0.1444957080856899, 0.6893927100187368, 0.03529081523729073, 0.3333333333333333, 0.3333333333333333, 0.04210938334888899, 0.05280650558349986, 0.034251300768991966, 0.035261372781520826, 0.3333333333333333, 0.3333333333333333, 0.05343953858716674, 0.3333333333333333, 0.3333333333333333, 0.0, 0.0, 0.0, 0.030000000000000002, 0.255, 0.0, 2.0, 0.0];[nan, nan, nan, nan, nan, nan, nan, nan, nan, nan, nan, nan, nan, nan, nan];118.29892550001387
[nan, nan, nan];False;False;[1.0, 2.935917593237418, 1.399713110952813, 0.0, 1.0, 51.2183462612676, 0.8877927420021101, 0.5, 13427.870274329222, 7963.398711533571, 10500.0, 1.0, 1.70474262712864, 1.0, 0.03598903518511708, 0.02288787893260699, 0.4402906412294664, 0.0, 0.04652998324809006, 0.7243180519478031, 0.0, 0.05, 0.5, 0.5, 0.0595255106729734, 0.4796280472694796, 0.0, 0.02624371679253658, 0.6676330620131055, 0.0, 0.05, 0.5, 0.5, 1.0, 0.0, 0.0, 0.030000000000000002, 0.255, 0.0, 1.0, 1.0];[nan, nan, nan, nan, nan, nan, nan, nan, nan, nan, nan, nan, nan, nan, nan];108.22457030008081
[25.391111643720414, 1326.1941906876364, 117.782845912542];True;False;[0.0, 7.25, 1.4500000000000002, 0.0, 1.0, 14.356067761863057, 0.6953050735981869, 0.5, 17655.224655701855, 11958.324665893331, 10500.0, 0.0, 3.0, 0.0, 0.025, 0.001817395499128538, 0.6223430565893103, 0.0, 0.09695400296502245, 0.0409960661730433, 0.0, 0.05, 0.5, 0.5, 0.04589001176155808, 0.5377878661670261, 0.0, 0.057386385941934154, 0.6796649114982539, 0.0, 0.05, 0.5, 0.5, 0.0, 0.0, 0.0, 0.030000000000000002, 0.255, 0.0, 1.0, 1.0];[1.0223025852863437, -1.3966568289662051, -2.5760050075314567, 0.6500894007587577, -0.20469492640181308, -12.491797121559237, -9.276353047331012, -14.0, -0.37765694341068967, -0.9590039338269567, 0.0, -0.4622121338329739, -0.3203350885017461, 0.0, 0.01411030369514743];24.906572900013998
[nan, nan, nan];False;False;[0.0, 7.25, 1.4500000000000002, 0.0, 2.0, 14.448132359441951, 0.48092318721759364, 0.4650865552055613, 14207.90235494747, 1703.0887706896106, 12498.476622865905, 0.0, 3.0, 1.0, 0.049393181576899044, 0.0068068381497940035, 0.3333333333333333, 0.3333333333333333, 0.03673134643551658, 0.3313554257045783, 0.056137738202787446, 0.06542095536508678, 0.3333333333333333, 0.3333333333333333, 0.07635681330594159, 0.3333333333333333, 0.3333333333333333, 0.09333354956526548, 0.3333333333333333, 0.3333333333333333, 0.01804191956793889, 0.3333333333333333, 0.3333333333333333, 0.0, 0.0, 0.0, 0.030000000000000002, 0.255, 0.0, 2.0, 1.0];[nan, nan, nan, nan, nan, nan, nan, nan, nan, nan, nan, nan, nan, nan, nan];118.09605059993919
[nan, nan, nan];False;False;[1.0, 9.028282583404522, 1.4570341814791212, 1.0, 2.0, 12.210271445424274, 0.31559199547550537, 0.33537284274621904, 10448.700463309211, 3771.056827472414, 16598.936835762343, 0.0, 3.0, 0.0, 0.025, 0.04460386039248509, 0.7873568228615179, 0.09747719270141819, 0.09906095133777976, 0.3333333333333333, 0.3333333333333333, 0.07992600555658297, 0.28587957473279757, 0.3998440762183334, 0.0739205456383486, 0.3333333333333333, 0.3333333333333333, 0.07909917753197127, 0.3805050370384945, 0.08602357885539402, 0.025925651065631928, 0.3333333333333333, 0.3333333333333333, 0.0, 1.0, 0.0, 0.02893597307912639, 0.4006160147694953, 219.0, 2.0, 1.0];[nan, nan, nan, nan, nan, nan, nan, nan, nan, nan, nan, nan, nan, nan, nan];182.1426146000158
[22.018568877303746, 1546.6766529714228, 117.22559349102366];True;False;[0.0, 7.25, 1.4500000000000002, 0.0, 1.0, 36.728000829541756, 0.4507297491246368, 0.5, 6728.490200176997, 14722.617756811796, 10500.0, 0.0, 3.0, 0.0, 0.025, 0.020846355688461507, 0.24783814820255423, 0.0, 0.022353761600042512, 0.5185639680384293, 0.0, 0.05, 0.5, 0.5, 0.002788227608963823, 0.040715197768381506, 0.0, 0.07339631128269827, 0.2675328782793006, 0.0, 0.05, 0.5, 0.5, 0.0, 0.0, 0.0, 0.030000000000000002, 0.255, 0.0, 1.0, 1.0];[0.9991078460839597, -1.402215126298406, 41.28706873320723, 0.7928945433070753, -0.4492702508753632, -8.30988517225218, -9.510109052656428, -14.0, -0.7521618517974458, -0.4814360319615707, 0.0, -0.9592848022316185, -0.7324671217206994, 0.0, 0.01627877442698955];16.644069099915214
[nan, nan, nan];False;False;[1.0, 8.189069749325448, 1.655556462389133, 1.0, 2.0, 1.957238889741277, 0.5418551707221381, 0.24648016071792736, 17544.34092735597, 9289.635997545962, 19791.89868731381, 0.0, 3.0, 0.0, 0.025, 0.026053956623220045, 0.3333333333333333, 0.3333333333333333, 0.06626909140254487, 0.3333333333333333, 0.3333333333333333, 0.08086279272736095, 0.14863914229197606, 0.4907573522054016, 0.01191770051829616, 0.3333333333333333, 0.3333333333333333, 0.09823387565268683, 0.09361283778269669, 0.04569119298776403, 0.09551976505201609, 0.3333333333333333, 0.3333333333333333, 0.0, 0.0, 0.0, 0.030000000000000002, 0.255, 0.0, 0.0, 1.0];[nan, nan, nan, nan, nan, nan, nan, nan, nan, nan, nan, nan, nan, nan, nan];94.51313620002475
[nan, nan, nan];False;False;[0.0, 7.25, 1.4500000000000002, 0.0, 1.0, 41.97123044887232, 0.20774081462044347, 0.5, 14308.756267004374, 1085.1932928327747, 10500.0, 0.0, 3.0, 1.0, 0.036102598608441214, 0.04439104291226703, 0.14240795430970332, 0.0, 0.09278789047496112, 0.9812517575612554, 0.0, 0.05, 0.5, 0.5, 0.01754984437377426, 0.19018404635835318, 0.0, 0.0276101399809911, 0.46149769134125274, 0.0, 0.05, 0.5, 0.5, 0.0, 0.0, 0.0, 0.030000000000000002, 0.255, 0.0, 0.0, 1.0];[nan, nan, nan, nan, nan, nan, nan, nan, nan, nan, nan, nan, nan, nan, nan];52.262432299903594
[22.682773918155245, 1522.8841743497796, 117.20959667758675];True;False;[0.0, 7.25, 1.4500000000000002, 0.0, 1.0, 30.585378003545397, 0.22411164348898094, 0.5, 10668.843152669726, 3352.3118160498625, 10500.0, 0.0, 3.0, 0.0, 0.025, 0.05752738051604626, 0.0, 0.0, 0.039112626812195905, 0.3261482811829246, 0.0, 0.05, 0.5, 0.5, 0.03506224497738515, 0.909383183634009, 0.0, 0.02760439560697252, 0.4295463279770517, 0.0, 0.05, 0.5, 0.5, 0.0, 0.0, 0.0, 0.030000000000000002, 0.255, 0.0, 1.0, 0.0];[1.0406634616334411, -1.3922568997785394, 25.580860377274952, 0.7400585110947457, -0.6758883565110191, -4.709787739419456, -12.027721369683402, -14.0, -1.0, -0.6738517188170754, 0.0, -0.09061681636599095, -0.5704536720229483, 0.0, 0.012406624022076151];14.960240100044757
[nan, nan, nan];False;False;[0.0, 7.25, 1.4500000000000002, 0.0, 1.0, 6.178817111614306, 0.10576496144730019, 0.5, 3999.6456253786, 18404.76652322657, 10500.0, 0.0, 3.0, 0.0, 0.025, 0.07845791900548921, 0.3930085099627316, 0.0, 0.08702826214499089, 0.9405415292700074, 0.0, 0.05, 0.5, 0.5, 0.09285124402468758, 0.9649165557081637, 0.0, 0.026932903786455333, 0.7730388928400967, 0.0, 0.05, 0.5, 0.5, 0.0, 0.0, 0.0, 0.030000000000000002, 0.255, 0.0, 0.0, 0.0];[nan, nan, nan, nan, nan, nan, nan, nan, nan, nan, nan, nan, nan, nan, nan];73.19769890001044
[21.472399508211183, 1885.4546903979663, 115.69230889201029];True;False;[0.0, 7.25, 1.4500000000000002, 0.0, 2.0, 27.185997961520588, 0.3054331291050142, 0.2814696627129999, 3638.0030791006625, 1864.9698122120835, 7957.481636667192, 0.0, 3.0, 0.0, 0.025, 0.09596059556805277, 0.38257320076197676, 0.03713375564339705, 0.037444112503254134, 0.3333333333333333, 0.3333333333333333, 0.044893847638008647, 0.19604408957972974, 0.21779576317631033, 0.087444064734226, 0.7483008272955863, 0.023569472031045646, 0.07958123604253399, 0.4416907212876061, 0.4295243432707334, 0.0009930208750659308, 0.3333333333333333, 0.3333333333333333, 0.0, 0.0, 0.0, 0.030000000000000002, 0.255, 0.0, 1.0, 1.0];[1.9862229045889261, -1.2715903319812143, 20.506496334106565, 0.5887554420933805, -0.5945668708949858, -11.221082982337894, -12.205968894313488, -12.42518110189409, -0.5802930435946262, -0.33333333333333337, -0.5861601472439599, -0.22812970067336802, -0.12878493544166048, -0.33333333333333337, -0.01852102971509073];52.649096399894916
[43.689720530234254, 973.1211585603301, 123.1200153064062];True;False;[0.0, 7.25, 1.4500000000000002, 0.0, 1.0, 14.743992078322922, 0.3361011825934248, 0.5, 2809.211879161153, 9802.303113981672, 10500.0, 0.0, 3.0, 1.0, 0.04047058607220299, 0.0696111332812642, 0.8592632121461987, 0.0, 0.014422645203866914, 0.43367509443462937, 0.0, 0.05, 0.5, 0.5, 0.005898034426134725, 0.704819335995841, 0.0, 0.017948593782325162, 0.5048680310901765, 0.0, 0.05, 0.5, 0.5, 0.0, 0.0, 0.0, 0.030000000000000002, 0.255, 0.0, 1.0, 1.0];[0.6409745793625259, -1.5719917688121126, 127.66847846945868, 0.6569515461206141, -0.5638988174065752, -9.603359706284538, -12.267931291345707, -14.0, -0.14073678785380128, -0.5663249055653706, 0.0, -0.295180664004159, -0.49513196890982347, 0.0, 0.1074684628234659];51.17517829989083
[25.033978571675014, 1834.304367291681, 117.17962809210039];True;False;[0.0, 7.25, 1.4500000000000002, 0.0, 1.0, 47.27746864819913, 0.5730223512207173, 0.5, 6854.516462420291, 11856.17281303387, 10500.0, 0.0, 3.0, 1.0, 0.012127197117533923, 0.04386968237948588, 0.7909335953413492, 0.0, 0.08113121439179079, 0.051317894672788245, 0.0, 0.05, 0.5, 0.5, 0.0739300919677994, 0.7032100916776616, 0.0, 0.03907992618268095, 0.8908204130632099, 0.0, 0.05, 0.5, 0.5, 0.0, 0.0, 0.0, 0.030000000000000002, 0.255, 0.0, 1.0, 0.0];[1.7319240759406185, -1.3283766754970159, 56.729586770056926, 0.5875393909234854, -0.3269776487792827, -9.064683300808145, -7.03454995844849, -14.0, -0.20906640465865078, -0.9486821053272118, 0.0, -0.2967899083223384, -0.10917958693679009, 0.0, 0.0011261188493368879];16.20122970000375
[nan, nan, nan];False;False;[0.0, 7.25, 1.4500000000000002, 0.0, 2.0, 34.98945476928516, 0.1849007469327499, 0.10342278627972049, 19330.638920181664, 9175.817820124503, 15068.133544181064, 0.0, 3.0, 1.0, 0.04172773757827849, 0.028765526158507217, 0.560651957539767, 0.4188779458252485, 0.005786945321932246, 0.11816900752731796, 0.5787105825053961, 0.023288740385157183, 0.054275382451048904, 0.25368709754347696, 0.03920767893687871, 0.3333333333333333, 0.3333333333333333, 0.06891945622127195, 0.46478001245055267, 0.32099811612687335, 0.05384848956346722, 0.3333333333333333, 0.3333333333333333, 0.0, 0.0, 0.0, 0.030000000000000002, 0.255, 0.0, 2.0, 1.0];[nan, nan, nan, nan, nan, nan, nan, nan, nan, nan, nan, nan, nan, nan, nan];109.39135599997826
[11.527068657217335, 3155.8525282261844, 107.97202131987017];True;False;[1.0, 5.795894174148925, 1.423616063304707, 0.0, 0.0, 22.878470316630462, 0.5, 0.5, 8239.771483661261, 10500.0, 10500.0, 0.0, 3.0, 0.0, 0.025, 0.09436087926598692, 0.0, 0.0, 0.05, 0.5, 0.5, 0.05, 0.5, 0.5, 0.08353362867858781, 0.0, 0.0, 0.05, 0.5, 0.5, 0.05, 0.5, 0.5, 0.0, 1.0, 0.0, 0.042645052404908755, 0.15144875624982893, 94.0, 0.0, 0.0];[-0.1390978385999304, -0.07435232253736723, 7.14025758378115, 0.0, -0.4, 1.070674465081261, -14.0, -14.0, -1.0, 0.0, 0.0, -1.0, 0.0, 0.0, -0.33063471821676677];7.632508400012739
[nan, nan, nan];False;False;[1.0, 2.572555007201884, 1.481474600824026, 0.0, 2.0, 22.37347814541047, 0.16571790926963673, 0.7149523268226321, 3294.166873148687, 12551.964545574781, 9949.69998737112, 0.0, 3.0, 1.0, 0.043712862253477806, 0.08115653971493551, 0.3333333333333333, 0.3333333333333333, 0.06453182032172103, 0.031182544540359625, 0.7478261922814439, 0.02642844791341732, 0.3333333333333333, 0.3333333333333333, 0.06835514489607819, 0.41521800599572345, 0.024305752770495848, 0.0041154821662030775, 0.06958921627023462, 0.6615813006273012, 0.09935714522265887, 0.3333333333333333, 0.3333333333333333, 0.0, 1.0, 0.0, 0.016559472174557312, 0.2285715160654268, 158.0, 2.0, 1.0];[nan, nan, nan, nan, nan, nan, nan, nan, nan, nan, nan, nan, nan, nan, nan];58.54180000000633
[9.78796900863612, 3502.3430090999736, 107.44737840587283];True;False;[1.0, 10.917622498221835, 1.3550346023831104, 0.0, 2.0, 18.319027819986257, 0.8273147099279851, 0.4874037733585228, 9102.886857408876, 4877.194997068113, 19449.75390555586, 1.0, 3.574415641324425, 1.0, 0.02041091870941779, 0.06500157451511274, 0.3333333333333333, 0.3333333333333333, 0.05320980364879796, 0.3333333333333333, 0.3333333333333333, 0.06998590836551737, 0.3333333333333333, 0.3333333333333333, 0.08952267987175519, 0.3333333333333333, 0.3333333333333333, 0.0177707217738178, 0.4413504954882649, 0.4839201544410935, 0.09319177625538269, 0.3333333333333333, 0.3333333333333333, 0.0, 0.0, 0.0, 0.030000000000000002, 0.255, 0.0, 2.0, 1.0];[1.2051597602446193, 0.16020146303247307, 165.20755814177897, -0.08617267225312208, -0.07268529007201496, -12.617768229951407, -12.617768229951409, -12.617768229951409, -0.33333333333333337, -0.33333333333333337, -0.33333333333333337, -0.33333333333333337, -0.07472935007064163, -0.33333333333333337, -0.23323029347103896];141.27636090002488
[23.39271172024781, 1457.959522859745, 117.52067045968462];True;False;[0.0, 7.25, 1.4500000000000002, 0.0, 1.0, 26.584151207016554, 0.5306563151361988, 0.5, 3029.208466774351, 13118.143488405323, 10500.0, 0.0, 3.0, 0.0, 0.025, 0.025329057694271975, 0.8144188394775129, 0.0, 0.005251914911548961, 0.9830953070536439, 0.0, 0.05, 0.5, 0.5, 0.03344101736682703, 0.6419381621494085, 0.0, 0.08018380428822136, 0.724205742826522, 0.0, 0.05, 0.5, 0.5, 0.0, 0.0, 0.0, 0.030000000000000002, 0.255, 0.0, 0.0, 1.0];[0.9944809617765458, -1.4033238949065705, 17.62616099656529, 0.7384167573719065, -0.3693436848638012, -10.15102192854281, -9.517576525350707, -14.0, -0.18558116052248708, -0.016904692946356104, 0.0, -0.35806183785059154, -0.27579425717347805, 0.0, 0.016713531081212207];34.7828563998919
[nan, nan, nan];False;False;[1.0, 12.483840221671015, 1.4703843433333046, 0.0, 1.0, 31.536174439337493, 0.13238277533374695, 0.5, 14892.643905079853, 7421.546142163877, 10500.0, 1.0, 3.1365914601364637, 1.0, 0.0017362904753359277, 0.013750713964105744, 0.994040073716554, 0.0, 0.03381607112971713, 0.9850497508807389, 0.0, 0.05, 0.5, 0.5, 0.042005119115529954, 0.9105225427736687, 0.0, 0.00864359530299722, 0.7552244000475542, 0.0, 0.05, 0.5, 0.5, 0.0, 0.0, 0.0, 0.030000000000000002, 0.255, 0.0, 0.0, 1.0];[nan, nan, nan, nan, nan, nan, nan, nan, nan, nan, nan, nan, nan, nan, nan];144.76558969996404
[34.07965339995621, 1379.6227876568503, 118.81905437636414];True;False;[0.0, 7.25, 1.4500000000000002, 0.0, 2.0, 6.41288241710137, 0.2695455256983682, 0.8751242967418377, 17600.814850278402, 15343.85796169257, 10006.87820569816, 0.0, 3.0, 1.0, 0.018830315014929173, 0.01366081150749331, 0.3333333333333333, 0.3333333333333333, 0.05911787520030687, 0.5348602166995554, 0.34562920709851486, 0.0958458836333817, 0.3333333333333333, 0.3333333333333333, 0.08354594616096644, 0.3333333333333333, 0.3333333333333333, 0.08661837681655203, 0.763301828647642, 0.015981997022168515, 0.05963762226655331, 0.3333333333333333, 0.3333333333333333, 0.0, 0.0, 0.0, 0.030000000000000002, 0.255, 0.0, 0.0, 2.0];[2.231926259980054, -1.316665316285886, 180.5918238107133, 0.4103115488176259, -0.6304544743016318, -13.142119574716476, -13.142119574716478, -13.142119574716478, -0.33333333333333337, -0.11951057620192973, -0.33333333333333337, -0.33333333333333337, -0.22071617433018953, -0.33333333333333337, 0.010296427053261059];78.84657240007073
[12.081913880756368, 4786.513648450531, 107.30572842600753];True;False;[1.0, 9.864785639913515, 1.229670033290812, 0.0, 2.0, 26.01268976481638, 0.5956586101592903, 0.6335560344371352, 14816.818958914842, 14703.540425204968, 12383.960476516775, 0.0, 3.0, 1.0, 0.01925180045129442, 0.0021634076064862896, 0.3333333333333333, 0.3333333333333333, 0.03969596040804305, 0.3333333333333333, 0.3333333333333333, 0.02364687783954064, 0.3333333333333333, 0.3333333333333333, 0.0030687225614942416, 0.09677250492528033, 0.23460468486930675, 0.06404558951096972, 0.3333333333333333, 0.3333333333333333, 0.036551189000414895, 0.3064540165625578, 0.41632707195513774, 0.0, 0.0, 0.0, 0.030000000000000002, 0.255, 0.0, 2.0, 1.0];[1.3019278307163402, 0.1845681447141292, 229.7715633320783, 0.0, -0.3043413898407097, -12.23433934956161, -12.234339349561612, -12.234339349561612, -0.33333333333333337, -0.33333333333333337, -0.33333333333333337, -0.6686228102054129, -0.33333333333333337, -0.2772189114823045, -0.23522749680160038];32.64135319995694
[21.798747787064826, 1485.1086057710063, 117.11031909554907];True;False;[0.0, 7.25, 1.4500000000000002, 0.0, 0.0, 47.35942888649471, 0.5, 0.5, 14308.303528837323, 10500.0, 10500.0, 0.0, 3.0, 0.0, 0.025, 0.05357510880431408, 0.0, 0.0, 0.05, 0.5, 0.5, 0.05, 0.5, 0.5, 0.04029523067189773, 0.0, 0.0, 0.05, 0.5, 0.5, 0.05, 0.5, 0.5, 0.0, 0.0, 0.0, 0.030000000000000002, 0.255, 0.0, 0.0, 0.0];[0.5149535531437319, -1.428149302694317, 60.19089334401917, 0.7930772142470717, -0.4, 32.35942888649471, -14.0, -14.0, -1.0, 0.0, 0.0, -1.0, 0.0, 0.0, 0.014655842251173667];4.696162799955346
[nan, nan, nan];False;False;[1.0, 9.363165362400853, 1.7439537566558316, 1.0, 0.0, 18.005835996315326, 0.5, 0.5, 11144.268577751014, 10500.0, 10500.0, 1.0, 4.271663456234695, 0.0, 0.025, 0.08080936646829873, 0.0, 0.0, 0.05, 0.5, 0.5, 0.05, 0.5, 0.5, 0.011228620321942563, 0.0, 0.0, 0.05, 0.5, 0.5, 0.05, 0.5, 0.5, 0.0, 1.0, 0.0, 0.024176300039506195, 0.11928069168435386, 95.0, 0.0, 0.0];[nan, nan, nan, nan, nan, nan, nan, nan, nan, nan, nan, nan, nan, nan, nan];53.17118309997022
[24.04882521417262, 2096.4510427278683, 116.34582720337679];True;False;[0.0, 7.25, 1.4500000000000002, 0.0, 2.0, 39.62899882540068, 0.19247358002126563, 0.3385769610496331, 18691.06069499427, 12650.814544534867, 4452.30578087575, 0.0, 3.0, 1.0, 0.009899113495628432, 0.07828737080167518, 0.1837576127834445, 0.2718535485169591, 0.008588251818039327, 0.2842003316986398, 0.6944142020583989, 0.0954641971622285, 0.3333333333333333, 0.3333333333333333, 0.07571767882788087, 0.3333333333333333, 0.3333333333333333, 0.020525673419300006, 0.3333333333333333, 0.3333333333333333, 0.0028648367260398436, 0.3333333333333333, 0.3333333333333333, 0.0, 0.0, 0.0, 0.030000000000000002, 0.255, 0.0, 1.0, 2.0];[2.5729907690958527, -1.2455671437061508, 69.65182316996018, 0.528724327928604, -0.7075264199787343, -9.88617866590236, -12.901105372825036, -11.30787059525891, -0.5443888386995964, -0.021385466242961337, -0.33333333333333337, -0.33333333333333337, -0.33333333333333337, -0.33333333333333337, -0.014310419764200055];35.082681600004435
[29.403250941365165, 1671.8497757023915, 118.86023527230125];True;False;[0.0, 7.25, 1.4500000000000002, 0.0, 1.0, 51.341586412175126, 0.4072713477473556, 0.5, 12249.945907116318, 3498.96377706539, 10500.0, 0.0, 3.0, 1.0, 0.01958053577127146, 0.024426923499247535, 0.5455100495073884, 0.0, 0.005852722361566887, 0.5687855016020054, 0.0, 0.05, 0.5, 0.5, 0.08137961417458961, 0.7632361960634498, 0.0, 0.07582120166960755, 0.657963200880078, 0.0, 0.05, 0.5, 0.5, 0.0, 0.0, 0.0, 0.030000000000000002, 0.255, 0.0, 1.0, 1.0];[1.4425512937738576, -1.3929952280070288, 39.11658573583996, 0.5927257173126903, -0.4927286522526444, -6.355882259451885, -9.060517457861511, -14.0, -0.45448995049261165, -0.43121449839799464, 0.0, -0.23676380393655017, -0.342036799119922, 0.0, 0.025528476028785163];34.51141529995948
[23.866913458420957, 1275.2206332352794, 118.14225831839593];True;False;[0.0, 7.25, 1.4500000000000002, 0.0, 0.0, 30.22873459036653, 0.5, 0.5, 10068.140689525635, 10500.0, 10500.0, 0.0, 3.0, 0.0, 0.025, 0.055793314326238956, 0.0, 0.0, 0.05, 0.5, 0.5, 0.05, 0.5, 0.5, 0.007000174382504044, 0.0, 0.0, 0.05, 0.5, 0.5, 0.05, 0.5, 0.5, 0.0, 0.0, 0.0, 0.030000000000000002, 0.255, 0.0, 0.0, 0.0];[0.35687292490993805, -1.4688708303515976, 20.732669628524754, 0.8159428664752169, -0.4, 15.228734590366528, -14.0, -14.0, -1.0, 0.0, 0.0, -1.0, 0.0, 0.0, 0.03140676823278177];5.722718899953179
[nan, nan, nan];False;False;[1.0, 7.908546329365166, 1.696726417784178, 1.0, 1.0, 37.169328949895664, 0.6501803349059262, 0.5, 11841.715219688616, 6453.593369171749, 10500.0, 1.0, 3.161373374597783, 0.0, 0.025, 0.04902899836774032, 0.9549994930314232, 0.0, 0.08983046549481122, 0.9535996446755058, 0.0, 0.05, 0.5, 0.5, 0.04793918489040464, 0.1571799000469355, 0.0, 0.0941324696826182, 0.7229427206864869, 0.0, 0.05, 0.5, 0.5, 0.0, 1.0, 1.0, 0.04888110486138538, 0.24812288475471053, 153.0, 1.0, 1.0];[nan, nan, nan, nan, nan, nan, nan, nan, nan, nan, nan, nan, nan, nan, nan];110.51961369998753
[23.461929094133534, 1308.6674127840506, 117.94515602454149];True;False;[0.0, 7.25, 1.4500000000000002, 0.0, 0.0, 32.31568830663369, 0.5, 0.5, 19078.17750561102, 10500.0, 10500.0, 0.0, 3.0, 0.0, 0.025, 0.019045315102776284, 0.0, 0.0, 0.05, 0.5, 0.5, 0.05, 0.5, 0.5, 0.05654739057810132, 0.0, 0.0, 0.05, 0.5, 0.5, 0.05, 0.5, 0.5, 0.0, 0.0, 0.0, 0.030000000000000002, 0.255, 0.0, 0.0, 0.0];[0.38738532527533476, -1.4610108441581469, 24.77686104529355, 0.8111252737159391, -0.4, 17.31568830663369, -14.0, -14.0, -1.0, 0.0, 0.0, -1.0, 0.0, 0.0, 0.0280891464391112];5.302471699891612
[nan, nan, nan];False;False;[0.0, 7.25, 1.4500000000000002, 0.0, 2.0, 48.46203973169349, 0.6278614345681441, 0.25790482524682856, 8040.812575574654, 8833.418702656261, 15674.365421436916, 0.0, 3.0, 1.0, 0.02748773270756881, 0.09703544472379459, 0.3333333333333333, 0.3333333333333333, 0.08585585089489871, 0.41537531615011736, 0.4952027840682748, 0.06309136052033197, 0.07488870958544458, 0.5144079051863099, 0.08969795455022517, 0.19684666388516503, 0.35187734004540405, 0.042684014403869965, 0.019927885322630123, 0.27114846724342867, 0.09722457555367525, 0.3333333333333333, 0.3333333333333333, 0.0, 0.0, 0.0, 0.030000000000000002, 0.255, 0.0, 0.0, 2.0];[nan, nan, nan, nan, nan, nan, nan, nan, nan, nan, nan, nan, nan, nan, nan];62.36824069998693
[nan, nan, nan];False;False;[1.0, 8.39927514345693, 1.2895178275630859, 1.0, 2.0, 48.80360232573978, 0.6225331259287036, 0.722051953588655, 10002.738142082368, 10216.996656864902, 12375.69181179042, 0.0, 3.0, 0.0, 0.025, 0.0059134948309915066, 0.3333333333333333, 0.3333333333333333, 0.04982790065698564, 0.3333333333333333, 0.3333333333333333, 0.07455565091024907, 0.3333333333333333, 0.3333333333333333, 0.06761971579114734, 0.2989133694824544, 0.5412415318298764, 0.08784134624878123, 0.3333333333333333, 0.3333333333333333, 0.0040035534601239875, 0.3333333333333333, 0.3333333333333333, 1.0, 0.0, 0.0, 0.030000000000000002, 0.255, 0.0, 1.0, 0.0];[nan, nan, nan, nan, nan, nan, nan, nan, nan, nan, nan, nan, nan, nan, nan];133.50973859999795
[nan, nan, nan];False;False;[1.0, 10.720816770571178, 1.1773925989894793, 1.0, 0.0, 47.69267120748579, 0.5, 0.5, 19005.47678047246, 10500.0, 10500.0, 1.0, 3.614056358484192, 0.0, 0.025, 0.006352227894758023, 0.0, 0.0, 0.05, 0.5, 0.5, 0.05, 0.5, 0.5, 0.030589376024723225, 0.0, 0.0, 0.05, 0.5, 0.5, 0.05, 0.5, 0.5, 1.0, 0.0, 0.0, 0.030000000000000002, 0.255, 0.0, 0.0, 0.0];[nan, nan, nan, nan, nan, nan, nan, nan, nan, nan, nan, nan, nan, nan, nan];66.59688850003295
[10.383674154477577, 3130.1070929625603, 108.38354778799906];True;False;[1.0, 5.462681732731152, 1.6594225057282457, 0.0, 1.0, 28.27292935931117, 0.5276267858714357, 0.5, 16591.891432641896, 11071.576592751033, 10500.0, 1.0, 1.6474119424870697, 0.0, 0.025, 0.04520707623466307, 0.6298515792758757, 0.0, 0.042468903102713854, 0.6760679906032883, 0.0, 0.05, 0.5, 0.5, 0.042606743280793447, 0.8094841219430944, 0.0, 0.0540072012245591, 0.5124877141870877, 0.0, 0.05, 0.5, 0.5, 0.0, 1.0, 1.0, 0.012558411014692674, 0.28377094676535775, 111.0, 0.0, 1.0];[0.17104810783927338, -0.15424991240779518, 20.147234491485946, -0.157310077610338, -0.3723732141285643, -11.094414676669494, -10.637577725703398, -14.0, -0.37014842072412435, -0.32393200939671174, 0.0, -0.19051587805690562, -0.4875122858129123, 0.0, -0.16957532601441916];42.91636810009368
[25.327482744656365, 1349.5908241422912, 117.68742038091938];True;False;[0.0, 7.25, 1.4500000000000002, 0.0, 1.0, 15.102609554127675, 0.3316467544406734, 0.5, 11993.643786993493, 17977.537454198962, 10500.0, 0.0, 3.0, 0.0, 0.025, 0.07630553434421287, 0.09636803174253572, 0.0, 0.018715626216823822, 0.8319744818024848, 0.0, 0.05, 0.5, 0.5, 0.04810281774380024, 0.6132609890683282, 0.0, 0.06076112193287865, 0.2808620096493385, 0.0, 0.05, 0.5, 0.5, 0.0, 0.0, 0.0, 0.030000000000000002, 0.255, 0.0, 1.0, 0.0];[1.0442384425216895, -1.3914002052255061, -1.5732734212195751, 0.6407423219796791, -0.5683532455593266, -9.483150300010344, -12.262457675046686, -14.0, -0.9036319682574643, -0.1680255181975152, 0.0, -0.38673901093167184, -0.7191379903506615, 0.0, 0.012076219060805138];25.173187699983828
[19.77752746923037, 1970.350693409232, 115.12555795274218];True;False;[0.0, 7.25, 1.4500000000000002, 0.0, 1.0, 51.068427678603896, 0.14029360642246003, 0.5, 1219.3533197408565, 18725.675737938327, 10500.0, 0.0, 3.0, 0.0, 0.025, 0.0939350423823115, 0.8695701658437737, 0.0, 0.0804170009962825, 0.20485239797175525, 0.0, 0.05, 0.5, 0.5, 0.045058610930660783, 0.1682810992763989, 0.0, 0.06132019039123099, 0.8251870000770619, 0.0, 0.05, 0.5, 0.5, 0.0, 0.0, 0.0, 0.030000000000000002, 0.255, 0.0, 1.0, 1.0];[1.4610828297889231, -1.2915092331618527, 83.09652116826703, 0.618872516378759, -0.75970639357754, 2.6901852957355494, -12.113177345241567, -14.0, -0.13042983415622633, -0.7951476020282447, 0.0, -0.8317189007236011, -0.17481299992293808, 0.0, -0.023732056694372006];12.617358900024556
[20.7862878796602, 1869.4738009795105, 115.96886383380328];True;False;[0.0, 7.25, 1.4500000000000002, 0.0, 1.0, 56.06206991586615, 0.3432658287233781, 0.5, 8184.8710424530445, 13102.848654908708, 10500.0, 0.0, 3.0, 0.0, 0.025, 0.013422289742615957, 0.5865924435094982, 0.0, 0.012529121751592332, 0.10372794234262095, 0.0, 0.05, 0.5, 0.5, 0.06802208476757798, 0.7022260445754176, 0.0, 0.0409469508665658, 0.5222757711106648, 0.0, 0.05, 0.5, 0.5, 0.0, 0.0, 0.0, 0.030000000000000002, 0.255, 0.0, 0.0, 1.0];[1.2808137956449706, -1.3347082052570998, 105.05576267659339, 0.6762974042907801, -0.556734171276622, -4.6434743506756035, -9.586787904153617, -14.0, -0.41340755649050176, -0.896272057657379, 0.0, -0.2977739554245824, -0.4777242288893352, 0.0, -0.008880105884585987];37.596829600050114
[nan, nan, nan];False;False;[1.0, 11.108777265692899, 1.311306887270252, 1.0, 0.0, 46.15920451050554, 0.5, 0.5, 15263.83161391286, 10500.0, 10500.0, 1.0, 4.30340743747548, 0.0, 0.025, 0.07717696076860238, 0.0, 0.0, 0.05, 0.5, 0.5, 0.05, 0.5, 0.5, 0.05088728454815086, 0.0, 0.0, 0.05, 0.5, 0.5, 0.05, 0.5, 0.5, 1.0, 0.0, 0.0, 0.030000000000000002, 0.255, 0.0, 0.0, 0.0];[nan, nan, nan, nan, nan, nan, nan, nan, nan, nan, nan, nan, nan, nan, nan];50.129497300018556
[nan, nan, nan];False;False;[1.0, 10.499201676803022, 1.3670333090205635, 0.0, 0.0, 41.56605863203421, 0.5, 0.5, 14857.64178723478, 10500.0, 10500.0, 0.0, 3.0, 0.0, 0.025, 0.0621763648991344, 0.0, 0.0, 0.05, 0.5, 0.5, 0.05, 0.5, 0.5, 0.08502491695097712, 0.0, 0.0, 0.05, 0.5, 0.5, 0.05, 0.5, 0.5, 1.0, 0.0, 0.0, 0.030000000000000002, 0.255, 0.0, 0.0, 0.0];[nan, nan, nan, nan, nan, nan, nan, nan, nan, nan, nan, nan, nan, nan, nan];68.29046350007411
[21.70226494867638, 1498.254925777575, 117.0626684914555];True;False;[0.0, 7.25, 1.4500000000000002, 0.0, 0.0, 48.866894744902275, 0.5, 0.5, 8600.971695704353, 10500.0, 10500.0, 0.0, 3.0, 0.0, 0.025, 0.08483084647850217, 0.0, 0.0, 0.05, 0.5, 0.5, 0.05, 0.5, 0.5, 0.005111457333707026, 0.0, 0.0, 0.05, 0.5, 0.5, 0.05, 0.5, 0.5, 0.0, 0.0, 0.0, 0.030000000000000002, 0.255, 0.0, 0.0, 0.0];[0.5219402464466931, -1.4263495323635105, 64.36093039819828, 0.7924943585730306, -0.4, 33.866894744902275, -14.0, -14.0, -1.0, 0.0, 0.0, -1.0, 0.0, 0.0, 0.01393983561828993];5.860038899932988
[nan, nan, nan];False;False;[0.0, 7.25, 1.4500000000000002, 0.0, 1.0, 16.046125681486956, 0.3278723136021787, 0.5, 19391.850409449755, 19517.69561158658, 10500.0, 0.0, 3.0, 0.0, 0.025, 0.06009776623091311, 0.011673214299158241, 0.0, 0.06714152732617065, 0.6620968492959444, 0.0, 0.05, 0.5, 0.5, 0.06701499380011601, 0.4561987098493503, 0.0, 0.07457215240273894, 0.07900751235560799, 0.0, 0.05, 0.5, 0.5, 0.0, 0.0, 0.0, 0.030000000000000002, 0.255, 0.0, 1.0, 1.0];[nan, nan, nan, nan, nan, nan, nan, nan, nan, nan, nan, nan, nan, nan, nan];65.99386409996077
[22.190675234137554, 1687.9494334281505, 116.727698832935];True;False;[0.0, 7.25, 1.4500000000000002, 0.0, 2.0, 25.2068258136619, 0.3844882953489558, 0.24250365842441, 11337.864940629228, 6340.173508619024, 7815.13458963919, 0.0, 3.0, 0.0, 0.025, 0.0033374056253890564, 0.09416965941060917, 0.3542850455451412, 0.013820322489916416, 0.3333333333333333, 0.3333333333333333, 0.03266201512924473, 0.3333333333333333, 0.3333333333333333, 0.06689981405622435, 0.3333333333333333, 0.3333333333333333, 0.06386043780904582, 0.04577848478412039, 0.19700003383026643, 0.07180905651527132, 0.0978157245110498, 0.7639559312262433, 0.0, 0.0, 0.0, 0.030000000000000002, 0.255, 0.0, 0.0, 0.0];[1.7123982418048502, -1.332736902913563, 16.245836734849036, 0.6966217675727562, -0.5155117046510442, -11.649437572355666, -11.546315691317538, -12.821699411842054, -0.5515452950442497, -0.33333333333333337, -0.33333333333333337, -0.33333333333333337, -0.7572214813856132, -0.13822834426270691, 0.0027011797351523814];65.23625469999388
[32.43190720103036, 1348.8695394234285, 119.321196747681];True;False;[0.0, 7.25, 1.4500000000000002, 0.0, 2.0, 8.721612961362533, 0.1414829752724022, 0.875602016626383, 16241.367609780593, 7922.910656040818, 10860.266106057328, 0.0, 3.0, 1.0, 0.018245589888410237, 0.05059626542563085, 0.3333333333333333, 0.3333333333333333, 0.09538370101546069, 0.3333333333333333, 0.3333333333333333, 0.06711352549882878, 0.1940069329445845, 0.44082085957688144, 0.021977208367753565, 0.21960257600921318, 0.30380566209328586, 0.0439209039751013, 0.3333333333333333, 0.3333333333333333, 0.06669287417656394, 0.3333333333333333, 0.3333333333333333, 0.0, 0.0, 0.0, 0.030000000000000002, 0.255, 0.0, 2.0, 2.0];[2.019069017634364, -1.3610374527781184, 180.1358083841044, 0.5234677822473397, -0.7585170247275979, -12.941588165886333, -12.941588165886333, -12.941588165886333, -0.33333333333333337, -0.33333333333333337, -0.36517220747853407, -0.47659176189750097, -0.33333333333333337, -0.33333333333333337, 0.026958359907110263];78.50967859989032
[32.700190854354034, 1204.4441339028906, 121.73261111165766];True;False;[0.0, 7.25, 1.4500000000000002, 0.0, 1.0, 47.50742320363048, 0.7500753115395347, 0.5, 14541.832692152588, 17970.01629084933, 10500.0, 0.0, 3.0, 1.0, 0.03320826540121124, 0.06750212337888462, 0.33510182976560166, 0.0, 0.07745981648634126, 0.3562722506813797, 0.0, 0.05, 0.5, 0.5, 0.03616593864195481, 0.269102377458024, 0.0, 0.05550605135651141, 0.24756410357760972, 0.0, 0.05, 0.5, 0.5, 0.0, 0.0, 0.0, 0.030000000000000002, 0.255, 0.0, 1.0, 0.0];[0.6714366355208856, -1.5651894221619127, 100.86994198028847, 0.9293304588746423, -0.14992468846046536, -11.021376150200059, -3.059332825338764, -14.0, -0.6648981702343983, -0.6437277493186203, 0.0, -0.730897622541976, -0.7524358964223903, 0.0, 0.10389020406615146];23.14615170005709
[18.414965814001395, 2773.352042546923, 113.02109112332971];True;False;[0.0, 7.25, 1.4500000000000002, 0.0, 2.0, 59.915800824512445, 0.5599802618334511, 0.7373291406302469, 2460.6910492269217, 14502.066060980047, 11093.081822749731, 0.0, 3.0, 0.0, 0.025, 0.08897372419912263, 0.3333333333333333, 0.3333333333333333, 0.09593004926885854, 0.3333333333333333, 0.3333333333333333, 0.06945574880366125, 0.3333333333333333, 0.3333333333333333, 0.0785680680499568, 0.3333333333333333, 0.3333333333333333, 0.0880538792160449, 0.9454749447580039, 0.0, 0.02348156396397958, 0.923141592808619, 0.01919573336902669, 0.0, 0.0, 0.0, 0.030000000000000002, 0.255, 0.0, 2.0, 1.0];[2.719646131167634, -1.1078128442580357, 133.35073425943594, 0.3945005420810024, -0.34001973816654896, -11.086964486271636, -11.086964486271636, -11.086964486271636, -0.33333333333333337, -0.33333333333333337, -0.33333333333333337, -0.33333333333333337, -0.054525055241996134, -0.05766267382235435, -0.06743310289713633];46.2540906999493
[nan, nan, nan];False;False;[1.0, 12.359710113652548, 1.581624179344159, 1.0, 0.0, 8.866992343808874, 0.5, 0.5, 5001.734667079808, 10500.0, 10500.0, 0.0, 3.0, 0.0, 0.025, 0.04110055089732215, 0.0, 0.0, 0.05, 0.5, 0.5, 0.05, 0.5, 0.5, 0.06491551834710885, 0.0, 0.0, 0.05, 0.5, 0.5, 0.05, 0.5, 0.5, 0.0, 1.0, 0.0, 0.03151252280414356, 0.2950375333077256, 180.0, 0.0, 0.0];[nan, nan, nan, nan, nan, nan, nan, nan, nan, nan, nan, nan, nan, nan, nan];35.79928439995274
[20.221458364696616, 2071.627056238597, 115.23872827797105];True;False;[0.0, 7.25, 1.4500000000000002, 0.0, 2.0, 40.848622958199705, 0.48804435292909387, 0.437794876138767, 11929.90646616546, 2255.96917977084, 15351.916852138093, 0.0, 3.0, 0.0, 0.025, 0.02285601651936303, 0.5311448162340031, 0.15769871494406118, 0.09762752300690503, 0.3333333333333333, 0.3333333333333333, 0.07265879364103266, 0.5210108874546182, 0.4454047374864315, 0.05910429776326318, 0.3234775418509035, 0.6081449136971446, 0.021402628600061115, 0.1478766037050312, 0.07237871664121054, 0.047900972460703156, 0.516288883899991, 0.37926547925099596, 0.0, 0.0, 0.0, 0.030000000000000002, 0.255, 0.0, 2.0, 0.0];[2.047741457152325, -1.2578528968658846, 52.9335562263592, 0.6076406506139866, -0.41195564707090615, -13.983130295439974, -8.308085787979255, -8.997091174193915, -0.3111564688219357, -0.33333333333333337, -0.03358437505895029, -0.06837754445195188, -0.7797446796537583, -0.10444563684901309, -0.023044710061279616];91.3014224000508
[19.790618164552047, 2093.651998247908, 114.88865821967266];True;False;[0.0, 7.25, 1.4500000000000002, 0.0, 2.0, 36.949627293501734, 0.7923398102104321, 0.8287709466002977, 16120.858115417788, 6933.357593898253, 11223.489840530261, 0.0, 3.0, 0.0, 0.025, 0.05697382278358666, 0.3333333333333333, 0.3333333333333333, 0.09770321631795435, 0.3333333333333333, 0.3333333333333333, 0.022027414665102264, 0.3333333333333333, 0.3333333333333333, 0.07324077468358593, 0.3333333333333333, 0.3333333333333333, 0.04772726927696417, 0.3333333333333333, 0.3333333333333333, 0.08476181492248136, 0.3333333333333333, 0.3333333333333333, 0.0, 0.0, 0.0, 0.030000000000000002, 0.255, 0.0, 2.0, 0.0];[2.1312319926203713, -1.2392089957020158, 45.47291644222966, 0.5854015231009444, -0.10766018978956793, -11.669291024606867, -11.669291024606867, -11.669291024606867, -0.33333333333333337, -0.33333333333333337, -0.33333333333333337, -0.33333333333333337, -0.33333333333333337, -0.33333333333333337, -0.02904981629125536];35.45179259998258
[21.126367917042035, 1778.347081616062, 116.50241917581606];True;False;[0.0, 7.25, 1.4500000000000002, 0.0, 2.0, 33.60582973836885, 0.13514404106512945, 0.41485276203824695, 16678.783554123103, 19138.655503487887, 8957.188157732224, 0.0, 3.0, 0.0, 0.025, 0.019932744669772996, 0.40858159492133483, 0.36173968923812894, 0.0056520069784091525, 0.4291374611106039, 0.4519898817429936, 0.048675912171010416, 0.05664052912937856, 0.547501454814335, 0.008891623651595593, 0.06939898174029069, 0.08268272628104611, 0.0989832676317694, 0.3333333333333333, 0.3333333333333333, 0.04734431775789014, 0.3333333333333333, 0.3333333333333333, 0.0, 0.0, 0.0, 0.030000000000000002, 0.255, 0.0, 0.0, 2.0];[1.716003901277019, -1.3319317390892662, 34.93777724649587, 0.737415620404011, -0.7648559589348706, -10.048710600119442, -13.513038879284862, -10.43546335369033, -0.22967871584053623, -0.1188726571464025, -0.39585801605628645, -0.8479182919786632, -0.33333333333333337, -0.33333333333333337, 0.0024095825451919684];37.92262359999586
[35.17919040604907, 1059.9254182309705, 122.68377518720007];True;False;[0.0, 7.25, 1.4500000000000002, 0.0, 1.0, 40.557258729366495, 0.811825809228367, 0.5, 18571.78918573639, 1391.3301486927346, 10500.0, 0.0, 3.0, 1.0, 0.04143276373625422, 0.02625448119694326, 0.8287842590072062, 0.0, 0.03558818853248249, 0.2807778992170057, 0.0, 0.05, 0.5, 0.5, 0.03482725782407464, 0.5639856656778041, 0.0, 0.0975043372501842, 0.6644111896792396, 0.0, 0.05, 0.5, 0.5, 0.0, 0.0, 0.0, 0.030000000000000002, 0.255, 0.0, 1.0, 1.0];[0.44714534941542095, -1.615274914447056, 184.56600306583616, 1.0027003973956257, -0.08817419077163302, -11.933924123922345, -1.772258623537299, -14.0, -0.1712157409927938, -0.7192221007829943, 0.0, -0.43601433432219594, -0.3355888103207604, 0.0, 0.1312690864255479];44.361772599979304
[nan, nan, nan];False;False;[1.0, 9.633231303558489, 1.2470410015059201, 0.0, 1.0, 34.18152052943916, 0.5515772450706932, 0.5, 9638.68914803506, 14207.434626004533, 10500.0, 0.0, 3.0, 1.0, 0.009988348654866043, 0.08921237282258235, 0.9156133636923687, 0.0, 0.08639725032863603, 0.6561080012405188, 0.0, 0.05, 0.5, 0.5, 0.06801601540820258, 0.07446991801523273, 0.0, 0.04413704654861414, 0.364446221487434, 0.0, 0.05, 0.5, 0.5, 1.0, 0.0, 0.0, 0.030000000000000002, 0.255, 0.0, 1.0, 0.0];[nan, nan, nan, nan, nan, nan, nan, nan, nan, nan, nan, nan, nan, nan, nan];106.15196269995067
[9.731629827593776, 3630.716970761697, 107.49803583306625];True;False;[1.0, 4.038143765877227, 1.459436108172571, 0.0, 2.0, 42.331327956887996, 0.7668107026815152, 0.14622830317953783, 11882.985711006133, 10067.560340723332, 19403.13925211071, 0.0, 3.0, 0.0, 0.025, 0.00013172968604397984, 0.3333333333333333, 0.3333333333333333, 0.09916128844826808, 0.9766161421407104, 0.0, 0.06801637292479525, 0.157225482528355, 0.13411412109716447, 0.04852889415147709, 0.6111314597992475, 0.37173620711961763, 0.05659932510990922, 0.5095177305120651, 0.4334110149134228, 0.09566516882365983, 0.3333333333333333, 0.3333333333333333, 0.0, 0.0, 0.0, 0.030000000000000002, 0.255, 0.0, 2.0, 0.0];[0.8728009481695631, -0.11749156499329816, 56.47334934598955, -1.1102230246251565e-16, -0.13318929731848483, -13.749351124090445, -3.971941353249287, -12.89698513904472, -0.33333333333333337, -0.023383857859289647, -0.7086603963744805, -0.01713233308113482, -0.05707125457451212, -0.33333333333333337, -0.20323408728844933];46.56155069998931
[32.68837941948345, 1045.1443587349222, 119.03180594748756];True;False;[0.0, 7.25, 1.4500000000000002, 0.0, 0.0, 6.771603652603973, 0.5, 0.5, 18610.5554188617, 10500.0, 10500.0, 0.0, 3.0, 0.0, 0.025, 0.0010188917860061708, 0.0, 0.0, 0.05, 0.5, 0.5, 0.05, 0.5, 0.5, 0.0558973396113239, 0.0, 0.0, 0.05, 0.5, 0.5, 0.05, 0.5, 0.5, 0.0, 0.0, 0.0, 0.030000000000000002, 0.255, 0.0, 0.0, 0.0];[0.472013983776562, -1.4392105243070683, -10.714074310290979, 0.48012737238884506, -0.4, -8.228396347396027, -14.0, -14.0, -1.0, 0.0, 0.0, -1.0, 0.0, 0.0, 0.019100540176535064];12.96315520000644
[23.681092975443168, 1283.923252477175, 118.22640962499732];True;False;[0.0, 7.25, 1.4500000000000002, 0.0, 0.0, 34.24325255351295, 0.5, 0.5, 12605.565297419824, 10500.0, 10500.0, 0.0, 3.0, 0.0, 0.025, 0.020342777571941962, 0.0, 0.0, 0.05, 0.5, 0.5, 0.05, 0.5, 0.5, 0.006883837883281852, 0.0, 0.0, 0.05, 0.5, 0.5, 0.05, 0.5, 0.5, 0.0, 0.0, 0.0, 0.030000000000000002, 0.255, 0.0, 0.0, 0.0];[0.3242981425770015, -1.477262085589648, 28.697073664101993, 0.8480978322339681, -0.4, 19.243252553512953, -14.0, -14.0, -1.0, 0.0, 0.0, -1.0, 0.0, 0.0, 0.034994950242650646];5.415116399992257
[25.57659719216805, 1211.6795975563552, 117.98603532776342];True;False;[0.0, 7.25, 1.4500000000000002, 0.0, 0.0, 16.33870032951323, 0.5, 0.5, 16899.938964520967, 10500.0, 10500.0, 0.0, 3.0, 0.0, 0.025, 0.0681994994950873, 0.0, 0.0, 0.05, 0.5, 0.5, 0.05, 0.5, 0.5, 0.09759597565267797, 0.0, 0.0, 0.05, 0.5, 0.5, 0.05, 0.5, 0.5, 0.0, 0.0, 0.0, 0.030000000000000002, 0.255, 0.0, 0.0, 0.0];[0.4774988833082645, -1.4377976156510675, -0.9763378842939847, 0.6703831144616694, -0.4, 1.3387003295132303, -14.0, -14.0, -1.0, 0.0, 0.0, -1.0, 0.0, 0.0, 0.01852852311003861];8.476138000027277
[nan, nan, nan];False;False;[1.0, 6.330822312891899, 1.5488340343740223, 0.0, 2.0, 50.143019599840805, 0.7096266750148205, 0.1490319993028634, 9993.131493727105, 8229.875853142363, 6012.344214422596, 0.0, 3.0, 0.0, 0.025, 0.08541297437867837, 0.3333333333333333, 0.3333333333333333, 0.04980294497156636, 0.3333333333333333, 0.3333333333333333, 0.08794586381391822, 0.3333333333333333, 0.3333333333333333, 0.055867076873996495, 0.23683120000023705, 0.033433308496165215, 0.06378715964871076, 0.3333333333333333, 0.3333333333333333, 0.06654507081675, 0.20650407122563352, 0.733340321733155, 1.0, 1.0, 1.0, 0.03000222163332579, 0.15186729355007797, 150.0, 0.0, 2.0];[nan, nan, nan, nan, nan, nan, nan, nan, nan, nan, nan, nan, nan, nan, nan];134.28182290005498
[nan, nan, nan];False;False;[1.0, 7.914377437164445, 1.3267061796116992, 0.0, 1.0, 29.97935550631593, 0.8584786497976519, 0.5, 11301.221245310084, 5229.722849255174, 10500.0, 1.0, 2.495613270662394, 1.0, 0.04791594491960015, 0.02362078533611922, 0.49562168583705546, 0.0, 0.04991769035025709, 0.67552288206662, 0.0, 0.05, 0.5, 0.5, 0.06519341050039643, 0.41983594742422414, 0.0, 0.009562209995005145, 0.9256631571144417, 0.0, 0.05, 0.5, 0.5, 1.0, 1.0, 1.0, 0.043433601069994436, 0.3523682072871482, 92.0, 1.0, 1.0];[nan, nan, nan, nan, nan, nan, nan, nan, nan, nan, nan, nan, nan, nan, nan];124.08232379995752
[nan, nan, nan];False;False;[1.0, 3.747894527021973, 1.4620114423990924, 1.0, 2.0, 1.6329687190241993, 0.16193491049166156, 0.2796352788127776, 14420.158157958382, 6595.934370313367, 18593.68544712072, 1.0, 3.629283766090753, 0.0, 0.025, 0.043483101394432656, 0.3333333333333333, 0.3333333333333333, 0.07754446053444458, 0.14358472774523112, 0.1731277571831683, 0.07275859559275318, 0.3333333333333333, 0.3333333333333333, 0.001897422177776742, 0.3680911011218161, 0.18801041612238867, 0.01469894407705229, 0.12223914866804253, 0.2219762365598824, 0.08451277737439238, 0.3333333333333333, 0.3333333333333333, 1.0, 1.0, 2.0, 0.0179237571973805, 0.47711535868892285, 22.0, 0.0, 1.0];[nan, nan, nan, nan, nan, nan, nan, nan, nan, nan, nan, nan, nan, nan, nan];145.86086539993994
[22.566648696073646, 1393.3223134699724, 117.52169247261097];True;False;[0.0, 7.25, 1.4500000000000002, 0.0, 0.0, 39.1096617760303, 0.5, 0.5, 1527.9634626977647, 10500.0, 10500.0, 0.0, 3.0, 0.0, 0.025, 0.010327020905803853, 0.0, 0.0, 0.05, 0.5, 0.5, 0.05, 0.5, 0.5, 0.07783716667893227, 0.0, 0.0, 0.05, 0.5, 0.5, 0.05, 0.5, 0.5, 0.0, 0.0, 0.0, 0.030000000000000002, 0.255, 0.0, 0.0, 0.0];[0.4501157431113816, -1.444851505259994, 39.39287335131546, 0.8049741723119157, -0.4, 24.1096617760303, -14.0, -14.0, -1.0, 0.0, 0.0, -1.0, 0.0, 0.0, 0.021396928614327737];6.197391900001094
[nan, nan, nan];False;False;[1.0, 5.438050994076186, 1.664864003981005, 0.0, 2.0, 4.856886969555873, 0.40136264282211875, 0.5929016572571622, 19077.15457932813, 6708.672864799403, 16531.984561093974, 0.0, 3.0, 0.0, 0.025, 0.08198264462552234, 0.3333333333333333, 0.3333333333333333, 0.066971753805429, 0.020870196212717906, 0.809683383972062, 0.04006381177477156, 0.05796162855478382, 0.08956493615028105, 0.059403147661758485, 0.2526193189400976, 0.6708384246312966, 0.030405288272528322, 0.030818417687383803, 0.24668252497531717, 0.09819037603529457, 0.43058277700444003, 0.39647273780417347, 1.0, 0.0, 0.0, 0.030000000000000002, 0.255, 0.0, 2.0, 0.0];[nan, nan, nan, nan, nan, nan, nan, nan, nan, nan, nan, nan, nan, nan, nan];236.13416920008603
[21.347669606707594, 1551.1626911602903, 116.8524127391385];True;False;[0.0, 7.25, 1.4500000000000002, 0.0, 0.0, 54.299863673243095, 0.5, 0.5, 1418.7107717938447, 10500.0, 10500.0, 0.0, 3.0, 0.0, 0.025, 0.07710321478920268, 0.0, 0.0, 0.05, 0.5, 0.5, 0.05, 0.5, 0.5, 0.009555394563481402, 0.0, 0.0, 0.05, 0.5, 0.5, 0.05, 0.5, 0.5, 0.0, 0.0, 0.0, 0.030000000000000002, 0.255, 0.0, 0.0, 0.0];[0.5566148402354347, -1.4174173662546743, 80.35767065548677, 0.7841930889827975, -0.4, 39.299863673243095, -14.0, -14.0, -1.0, 0.0, 0.0, -1.0, 0.0, 0.0, 0.010415609313743635];5.295603199978359
[22.069821320875302, 1448.291218096954, 117.3830465089548];True;False;[0.0, 7.25, 1.4500000000000002, 0.0, 0.0, 47.4798846386928, 0.5, 0.5, 7497.01820151337, 10500.0, 10500.0, 0.0, 3.0, 0.0, 0.025, 0.05651203660337448, 0.0, 0.0, 0.05, 0.5, 0.5, 0.05, 0.5, 0.5, 0.002338629878054832, 0.0, 0.0, 0.05, 0.5, 0.5, 0.05, 0.5, 0.5, 0.0, 0.0, 0.0, 0.030000000000000002, 0.255, 0.0, 0.0, 0.0];[0.45862770446387646, -1.442658826286569, 60.51985744113725, 0.8212153268737421, -0.4, 32.4798846386928, -14.0, -14.0, -1.0, 0.0, 0.0, -1.0, 0.0, 0.0, 0.0205019006408238];5.267726300051436
[nan, nan, nan];False;False;[1.0, 9.5716411337084, 1.2168587331336738, 0.0, 0.0, 43.916421393788845, 0.5, 0.5, 8396.555558799042, 10500.0, 10500.0, 1.0, 3.286266460805233, 0.0, 0.025, 0.08352803827755612, 0.0, 0.0, 0.05, 0.5, 0.5, 0.05, 0.5, 0.5, 0.07920711303792999, 0.0, 0.0, 0.05, 0.5, 0.5, 0.05, 0.5, 0.5, 1.0, 0.0, 0.0, 0.030000000000000002, 0.255, 0.0, 0.0, 0.0];[nan, nan, nan, nan, nan, nan, nan, nan, nan, nan, nan, nan, nan, nan, nan];5.002217500004917
[nan, nan, nan];False;False;[1.0, 7.512385122342439, 1.522924566292287, 1.0, 0.0, 46.42340339778087, 0.5, 0.5, 10105.632360867665, 10500.0, 10500.0, 0.0, 3.0, 0.0, 0.025, 0.06250974890712521, 0.0, 0.0, 0.05, 0.5, 0.5, 0.05, 0.5, 0.5, 0.07289460288961128, 0.0, 0.0, 0.05, 0.5, 0.5, 0.05, 0.5, 0.5, 1.0, 1.0, 0.0, 0.015171224199387056, 0.27440048471093686, 50.0, 0.0, 0.0];[nan, nan, nan, nan, nan, nan, nan, nan, nan, nan, nan, nan, nan, nan, nan];5.814918700023554
[20.004120582938462, 2113.3471005959127, 115.25376036553834];True;False;[0.0, 7.25, 1.4500000000000002, 0.0, 2.0, 47.00812985569398, 0.23035912398110112, 0.19310254938711202, 17240.79269002648, 18599.56321112976, 3170.337069791737, 0.0, 3.0, 0.0, 0.025, 0.005177913981376248, 0.04762334863351114, 0.6181261732660682, 0.055951518418941665, 0.3333333333333333, 0.3333333333333333, 0.03451299771003563, 0.3333333333333333, 0.3333333333333333, 0.08857363705681819, 0.6303521300907166, 0.09092693973816202, 0.07144233111020575, 0.07840562230378079, 0.715467368294874, 0.015239935346977785, 0.37951246823872453, 0.4335512485942875, 0.0, 0.0, 0.0, 0.030000000000000002, 0.255, 0.0, 2.0, 2.0];[2.0317239879129554, -1.261429686878313, 77.15947264888175, 0.6219963967629882, -0.6696408760188989, -7.944215550731698, -12.18082172571507, -12.636774691043533, -0.33425047810042063, -0.33333333333333337, -0.33333333333333337, -0.27872093017112143, -0.2061270094013452, -0.18693628316698796, -0.021875092866907253];68.7861323999241
[22.70087012192166, 1513.8418618355097, 117.38066857283954];True;False;[0.0, 7.25, 1.4500000000000002, 0.0, 1.0, 32.83423201010077, 0.3527654478793478, 0.5, 2076.853806981768, 18099.710251044748, 10500.0, 0.0, 3.0, 0.0, 0.025, 0.019393473039471233, 0.038847155760147856, 0.0, 0.01159500658374032, 0.26124993089530657, 0.0, 0.05, 0.5, 0.5, 0.034418731043581285, 0.7988304846878506, 0.0, 0.055957087896237205, 0.5440091124911793, 0.0, 0.05, 0.5, 0.5, 0.0, 0.0, 0.0, 0.030000000000000002, 0.255, 0.0, 0.0, 1.0];[0.995407931463359, -1.4031017594864552, 31.291690399095828, 0.7658022552184327, -0.5472345521206522, -7.238399992625622, -10.769656774517545, -14.0, -0.9611528442398521, -0.7387500691046934, 0.0, -0.20116951531214944, -0.45599088750882066, 0.0, 0.016626371440645937];15.893233100068755
[nan, nan, nan];False;False;[1.0, 11.347661609407446, 1.1364779321506226, 1.0, 0.0, 14.405882602205974, 0.5, 0.5, 14653.794915624485, 10500.0, 10500.0, 0.0, 3.0, 0.0, 0.025, 0.02899277168724408, 0.0, 0.0, 0.05, 0.5, 0.5, 0.05, 0.5, 0.5, 0.08281160315384861, 0.0, 0.0, 0.05, 0.5, 0.5, 0.05, 0.5, 0.5, 1.0, 0.0, 0.0, 0.030000000000000002, 0.255, 0.0, 0.0, 0.0];[nan, nan, nan, nan, nan, nan, nan, nan, nan, nan, nan, nan, nan, nan, nan];117.54155649989843
[nan, nan, nan];False;False;[1.0, 3.123352930018716, 1.6761337254292457, 0.0, 2.0, 40.32499524318301, 0.11624636141385994, 0.8207532860112093, 17427.28006432672, 18750.986747955267, 14142.910820555155, 1.0, 2.0518885322121214, 1.0, 0.03895400372703361, 0.0964366093739755, 0.0, 0.7574496174785963, 0.05253324999561652, 0.15066288155326146, 0.38024778494623523, 0.026728700402289154, 0.46926758593650786, 0.3001077018779651, 0.004849573308661115, 0.6205762707818909, 0.0863170406910212, 0.03047567456059097, 0.3342401241509225, 0.2787626100311541, 0.09842134279158832, 0.3333333333333333, 0.3333333333333333, 1.0, 1.0, 2.0, 0.049793702119462206, 0.28340131651853484, 12.0, 2.0, 2.0];[nan, nan, nan, nan, nan, nan, nan, nan, nan, nan, nan, nan, nan, nan, nan];104.20587419997901
[nan, nan, nan];False;False;[0.0, 7.25, 1.4500000000000002, 0.0, 2.0, 28.160732019535924, 0.5257918383974406, 0.5980255046798059, 8761.759960644478, 13774.164511041728, 11689.090565989769, 0.0, 3.0, 1.0, 0.04011545262487043, 0.08583692701010631, 0.3333333333333333, 0.3333333333333333, 0.0572089412377289, 0.3333333333333333, 0.3333333333333333, 0.022918534681249304, 0.3333333333333333, 0.3333333333333333, 0.05773165172118249, 0.03274607874803215, 0.4026077482325999, 0.05790764950110522, 0.3333333333333333, 0.3333333333333333, 0.07247173083660984, 0.5203516774716864, 0.3250435641127337, 0.0, 0.0, 0.0, 0.030000000000000002, 0.255, 0.0, 2.0, 0.0];[nan, nan, nan, nan, nan, nan, nan, nan, nan, nan, nan, nan, nan, nan, nan];123.0992160999449
[22.046490182853486, 2260.213535277383, 115.85103798229784];True;False;[0.0, 7.25, 1.4500000000000002, 0.0, 2.0, 55.784242982763224, 0.7725675868135369, 0.43026760789668084, 9082.916506659163, 11818.612345156896, 10019.551832443854, 0.0, 3.0, 1.0, 0.010655499858643747, 0.046320826773392054, 0.3333333333333333, 0.3333333333333333, 0.004330012594036259, 0.3333333333333333, 0.3333333333333333, 0.0727853889255082, 0.21966494706220263, 0.24476569873988896, 0.07179823198588457, 0.4625441904216655, 0.3946292358415632, 0.037644703359440174, 0.14151270068664668, 0.09929174240234395, 0.09687409278707206, 0.2546460482158831, 0.24490873782932665, 0.0, 0.0, 0.0, 0.030000000000000002, 0.255, 0.0, 1.0, 0.0];[2.615603708761494, -1.2366840671693002, 80.63839378129728, 0.5779258859060108, -0.12743241318646314, -11.179057390614908, -11.17905739061491, -11.17905739061491, -0.33333333333333337, -0.33333333333333337, -0.5355693541979084, -0.14282657373677132, -0.7591955569110094, -0.5004452139547902, -0.01721905009634561];50.24728100001812
[nan, nan, nan];False;False;[1.0, 9.267599894392513, 1.7877026958267992, 1.0, 0.0, 59.975841446711456, 0.5, 0.5, 3608.3114528195215, 10500.0, 10500.0, 1.0, 1.074877609430417, 0.0, 0.025, 0.017162778587309312, 0.0, 0.0, 0.05, 0.5, 0.5, 0.05, 0.5, 0.5, 0.08025193289174273, 0.0, 0.0, 0.05, 0.5, 0.5, 0.05, 0.5, 0.5, 0.0, 1.0, 0.0, 0.020214053721962465, 0.28381785110017965, 202.0, 0.0, 0.0];[nan, nan, nan, nan, nan, nan, nan, nan, nan, nan, nan, nan, nan, nan, nan];77.08917739999015
[9.62385079204053, 3955.3949506873473, 127.71149293056445];True;False;[1.0, 3.9749850779012634, 1.774196230865014, 0.0, 2.0, 55.243894527312946, 0.6360580401752758, 0.7800640972011713, 18935.196316515256, 12638.331003453372, 6361.190593126384, 1.0, 4.357762978624821, 0.0, 0.025, 0.09399162079350254, 0.3333333333333333, 0.3333333333333333, 0.05415368784144608, 0.3333333333333333, 0.3333333333333333, 0.07931315592019822, 0.0892676676074855, 0.3052910034244044, 0.008264541563082017, 0.3333333333333333, 0.3333333333333333, 0.031363335064818955, 0.3333333333333333, 0.3333333333333333, 0.05805378629561106, 0.3333333333333333, 0.3333333333333333, 0.0, 0.0, 0.0, 0.030000000000000002, 0.255, 0.0, 2.0, 2.0];[0.9781009944158736, -0.06618754187518983, 109.60719006382318, -0.5108301294578899, -0.26394195982472424, -11.85398435238411, -11.85398435238411, -11.85398435238411, -0.33333333333333337, -0.33333333333333337, -0.6054413289681101, -0.33333333333333337, -0.33333333333333337, -0.33333333333333337, -0.20900051827375798];84.84519719996024
[nan, nan, nan];False;False;[1.0, 2.942959466594013, 1.792670071324244, 1.0, 0.0, 55.72227266892955, 0.5, 0.5, 14959.203018858329, 10500.0, 10500.0, 0.0, 3.0, 0.0, 0.025, 0.03512689190168055, 0.0, 0.0, 0.05, 0.5, 0.5, 0.05, 0.5, 0.5, 0.043954729334831334, 0.0, 0.0, 0.05, 0.5, 0.5, 0.05, 0.5, 0.5, 1.0, 1.0, 0.0, 0.044630806860458755, 0.3181755353071729, 172.0, 0.0, 0.0];[nan, nan, nan, nan, nan, nan, nan, nan, nan, nan, nan, nan, nan, nan, nan];10.250592299969867
[nan, nan, nan];False;False;[1.0, 7.8478714659570725, 1.7286700049722126, 1.0, 1.0, 22.100908903593133, 0.6842099686130186, 0.5, 9038.474433364441, 19222.553097062853, 10500.0, 0.0, 3.0, 1.0, 0.0228621234652575, 0.06891125987193304, 0.2602299292731496, 0.0, 0.06091548403816669, 0.12018488352135748, 0.0, 0.05, 0.5, 0.5, 0.06252904809152708, 0.8949766655444358, 0.0, 0.06936227698326923, 0.35233309375565214, 0.0, 0.05, 0.5, 0.5, 0.0, 0.0, 0.0, 0.030000000000000002, 0.255, 0.0, 0.0, 1.0];[nan, nan, nan, nan, nan, nan, nan, nan, nan, nan, nan, nan, nan, nan, nan];122.16779839992523
[nan, nan, nan];False;False;[0.0, 7.25, 1.4500000000000002, 0.0, 2.0, 7.787730343731182, 0.6291479346845886, 0.6141715054051027, 17407.6743887529, 12223.51493216442, 5432.778361579789, 0.0, 3.0, 1.0, 0.026179075851189993, 0.013738285081170488, 0.3333333333333333, 0.3333333333333333, 0.09148864261022338, 0.3333333333333333, 0.3333333333333333, 0.07375985418319655, 0.3333333333333333, 0.3333333333333333, 0.06039272192539172, 0.1733213567316837, 0.25640015219763346, 0.07311222837629544, 0.3333333333333333, 0.3333333333333333, 0.008776924233952188, 0.3333333333333333, 0.3333333333333333, 0.0, 0.0, 0.0, 0.030000000000000002, 0.255, 0.0, 0.0, 1.0];[nan, nan, nan, nan, nan, nan, nan, nan, nan, nan, nan, nan, nan, nan, nan];112.53572409995832
[nan, nan, nan];False;False;[1.0, 8.888784663307252, 1.376555713033227, 1.0, 1.0, 7.898658604284245, 0.3719575736632852, 0.5, 13427.274130653748, 6800.18840589627, 10500.0, 0.0, 3.0, 0.0, 0.025, 0.09755120871645355, 0.6256861091020376, 0.0, 0.0036171154925201954, 0.3235807266766443, 0.0, 0.05, 0.5, 0.5, 0.09390755752540195, 0.5638948356414873, 0.0, 0.07957512512036426, 0.028189198421938344, 0.0, 0.05, 0.5, 0.5, 0.0, 1.0, 1.0, 0.030555324836031558, 0.4338852494867748, 236.0, 1.0, 1.0];[nan, nan, nan, nan, nan, nan, nan, nan, nan, nan, nan, nan, nan, nan, nan];257.8678475000197
[nan, nan, nan];False;False;[1.0, 5.3347344242990395, 1.7314007393599544, 1.0, 0.0, 37.23270484838777, 0.5, 0.5, 7713.000639646463, 10500.0, 10500.0, 0.0, 3.0, 0.0, 0.025, 0.02026037718655549, 0.0, 0.0, 0.05, 0.5, 0.5, 0.05, 0.5, 0.5, 0.08714397918330491, 0.0, 0.0, 0.05, 0.5, 0.5, 0.05, 0.5, 0.5, 1.0, 1.0, 0.0, 0.03350288542554216, 0.2914054482338361, 116.0, 0.0, 0.0];[nan, nan, nan, nan, nan, nan, nan, nan, nan, nan, nan, nan, nan, nan, nan];5.538978100055829
[nan, nan, nan];False;False;[1.0, 11.5811116147429, 1.3946387558038866, 0.0, 0.0, 22.450063995411682, 0.5, 0.5, 19537.782861688698, 10500.0, 10500.0, 0.0, 3.0, 0.0, 0.025, 0.06914165238615826, 0.0, 0.0, 0.05, 0.5, 0.5, 0.05, 0.5, 0.5, 0.04616910165906399, 0.0, 0.0, 0.05, 0.5, 0.5, 0.05, 0.5, 0.5, 0.0, 0.0, 0.0, 0.030000000000000002, 0.255, 0.0, 0.0, 0.0];[nan, nan, nan, nan, nan, nan, nan, nan, nan, nan, nan, nan, nan, nan, nan];61.57710430002771
[nan, nan, nan];False;False;[1.0, 10.66030842794269, 1.3638120958625495, 1.0, 1.0, 21.051326077017013, 0.3667106748953287, 0.5, 19722.14507570972, 17014.186819028546, 10500.0, 0.0, 3.0, 0.0, 0.025, 0.09244813694984408, 0.8232716770233462, 0.0, 0.025802829915631542, 0.27939021037970513, 0.0, 0.05, 0.5, 0.5, 0.060304971346183095, 0.9240523886647477, 0.0, 0.008671043560481862, 0.7227304236918327, 0.0, 0.05, 0.5, 0.5, 0.0, 1.0, 1.0, 0.029502235312322378, 0.39902525035490927, 37.0, 1.0, 1.0];[nan, nan, nan, nan, nan, nan, nan, nan, nan, nan, nan, nan, nan, nan, nan];110.51193309994414
[21.94014228803337, 2455.23103689454, 115.00096850243074];True;False;[0.0, 7.25, 1.4500000000000002, 0.0, 2.0, 53.959239791052624, 0.20196745512770536, 0.408450492371213, 12913.041164084869, 6091.839404284479, 3449.3567789986582, 0.0, 3.0, 1.0, 0.007351140133792628, 0.026632744009140497, 0.4112737760622912, 0.4023290667456263, 0.05082368805379603, 0.06494357793841032, 0.17014621957054044, 0.019329927076381148, 0.3333333333333333, 0.3333333333333333, 0.08542031848883228, 0.14350012485967112, 0.35407272759792363, 0.030681414076524718, 0.3333333333333333, 0.3333333333333333, 0.043020308582156, 0.3333333333333333, 0.3333333333333333, 0.0, 0.0, 0.0, 0.030000000000000002, 0.255, 0.0, 2.0, 0.0];[2.9000583832265425, -1.1773867583151572, 77.96633689683402, 0.47172260667358534, -0.6980325448722946, -10.369644923124149, -12.599527428919048, -10.145385166329664, -0.1863971571920825, -0.7649102024910492, -0.33333333333333337, -0.5024271475424053, -0.33333333333333337, -0.33333333333333337, -0.03577691691723778];47.405187999946065
[14.479153716654585, 2228.615579613084, 107.53486259349864];True;False;[1.0, 2.231352438046407, 1.7079219347357637, 0.0, 0.0, 38.748639010761906, 0.5, 0.5, 15536.567945612927, 10500.0, 10500.0, 0.0, 3.0, 0.0, 0.025, 0.0540583265464262, 0.0, 0.0, 0.05, 0.5, 0.5, 0.05, 0.5, 0.5, 0.07024136998954777, 0.0, 0.0, 0.05, 0.5, 0.5, 0.05, 0.5, 0.5, 0.0, 0.0, 0.0, 0.030000000000000002, 0.255, 0.0, 0.0, 0.0];[-0.3098956072030443, -0.5556249564345985, 40.01704961604228, 0.0, -0.4, 7.68759374927566, -14.0, -14.0, -1.0, 0.0, 0.0, -1.0, 0.0, 0.0, -0.14542312741321978];5.250216500018723
[nan, nan, nan];False;False;[0.0, 7.25, 1.4500000000000002, 0.0, 2.0, 32.978467055253354, 0.31132457560164783, 0.6538670243109108, 7879.845117900498, 2236.943377180792, 3332.4264180467376, 0.0, 3.0, 0.0, 0.025, 0.08277309943896632, 0.3333333333333333, 0.3333333333333333, 0.09582064155597769, 0.3333333333333333, 0.3333333333333333, 0.004981381475754643, 0.3333333333333333, 0.3333333333333333, 0.09481443105607365, 0.3333333333333333, 0.3333333333333333, 0.07214036836075326, 0.3333333333333333, 0.3333333333333333, 0.022488149726187193, 0.3333333333333333, 0.3333333333333333, 0.0, 0.0, 0.0, 0.030000000000000002, 0.255, 0.0, 2.0, 2.0];[nan, nan, nan, nan, nan, nan, nan, nan, nan, nan, nan, nan, nan, nan, nan];129.43680060002953
[nan, nan, nan];False;False;[0.0, 7.25, 1.4500000000000002, 0.0, 1.0, 43.04242381556286, 0.14211349947569352, 0.5, 16999.542871970203, 8413.840577945579, 10500.0, 0.0, 3.0, 1.0, 0.04744250307038072, 0.05783379818749355, 0.7601074767078573, 0.0, 0.012744648419831119, 0.3388032410238554, 0.0, 0.05, 0.5, 0.5, 0.054075115765522354, 0.7536720847003859, 0.0, 0.051268132141186154, 0.9413964437958003, 0.0, 0.05, 0.5, 0.5, 0.0, 0.0, 0.0, 0.030000000000000002, 0.255, 0.0, 0.0, 0.0];[nan, nan, nan, nan, nan, nan, nan, nan, nan, nan, nan, nan, nan, nan, nan];59.864673000061885
[nan, nan, nan];False;False;[1.0, 8.565425372914298, 1.725012239275629, 1.0, 0.0, 52.70502803345586, 0.5, 0.5, 13930.696077637434, 10500.0, 10500.0, 0.0, 3.0, 0.0, 0.025, 0.059223678416999895, 0.0, 0.0, 0.05, 0.5, 0.5, 0.05, 0.5, 0.5, 0.05952740011483057, 0.0, 0.0, 0.05, 0.5, 0.5, 0.05, 0.5, 0.5, 1.0, 1.0, 0.0, 0.02613674952988214, 0.47983796290575026, 105.0, 0.0, 0.0];[nan, nan, nan, nan, nan, nan, nan, nan, nan, nan, nan, nan, nan, nan, nan];7.388991700019687
[nan, nan, nan];False;False;[1.0, 2.9039783933878565, 1.6531149224899861, 0.0, 1.0, 44.705068822734795, 0.662094270228753, 0.5, 18639.317034718733, 9178.675082389644, 10500.0, 1.0, 4.765317273740564, 1.0, 0.0013288862412450142, 0.014758271689527114, 0.9148612927844182, 0.0, 0.0718920493240568, 0.9426147413683112, 0.0, 0.05, 0.5, 0.5, 0.07438605314874959, 0.3241358377548741, 0.0, 0.03073691412586599, 0.9142691111296062, 0.0, 0.05, 0.5, 0.5, 1.0, 0.0, 0.0, 0.030000000000000002, 0.255, 0.0, 1.0, 0.0];[nan, nan, nan, nan, nan, nan, nan, nan, nan, nan, nan, nan, nan, nan, nan];86.2626581999939
[28.822959721384656, 1089.2968617948288, 118.85265973016676];True;False;[0.0, 7.25, 1.4500000000000002, 0.0, 0.0, 10.901813258317372, 0.5, 0.5, 5493.477935256461, 10500.0, 10500.0, 0.0, 3.0, 0.0, 0.025, 0.017728168175003833, 0.0, 0.0, 0.05, 0.5, 0.5, 0.05, 0.5, 0.5, 0.0662609694071322, 0.0, 0.0, 0.05, 0.5, 0.5, 0.05, 0.5, 0.5, 0.0, 0.0, 0.0, 0.030000000000000002, 0.255, 0.0, 0.0, 0.0];[0.3924028839472138, -1.4597183223829513, -7.036909068631378, 0.6200410415620867, -0.4, -4.098186741682628, -14.0, -14.0, -1.0, 0.0, 0.0, -1.0, 0.0, 0.0, 0.02754754789559566];34.8229774000356
[nan, nan, nan];False;False;[1.0, 9.405406407757232, 1.59637172461264, 1.0, 1.0, 28.21961742517284, 0.1266358427448796, 0.5, 11255.700673892514, 14744.517910253886, 10500.0, 1.0, 2.8412691783764243, 0.0, 0.025, 0.016690499154646855, 0.5517763863819755, 0.0, 0.03446133124548578, 0.13794565392199643, 0.0, 0.05, 0.5, 0.5, 0.0004668387661524887, 0.07248112957939867, 0.0, 0.09016816021611998, 0.06806097641122244, 0.0, 0.05, 0.5, 0.5, 1.0, 0.0, 0.0, 0.030000000000000002, 0.255, 0.0, 0.0, 1.0];[nan, nan, nan, nan, nan, nan, nan, nan, nan, nan, nan, nan, nan, nan, nan];76.11201000004075
[nan, nan, nan];False;False;[1.0, 12.279619551543494, 1.6990017001373467, 0.0, 1.0, 2.7131242111977434, 0.48954199855688685, 0.5, 8050.439677821127, 10708.397316215578, 10500.0, 1.0, 4.121254136375845, 1.0, 0.019892110244036455, 0.051638788123870516, 0.7673239754412029, 0.0, 0.046393400019965496, 0.4138467583301002, 0.0, 0.05, 0.5, 0.5, 0.016724744526204982, 0.14459350187719366, 0.0, 0.011651065007994588, 0.21375997087588827, 0.0, 0.05, 0.5, 0.5, 0.0, 1.0, 1.0, 0.0408160214538507, 0.2040614733775912, 203.0, 0.0, 1.0];[nan, nan, nan, nan, nan, nan, nan, nan, nan, nan, nan, nan, nan, nan, nan];327.0539642000804
[nan, nan, nan];False;False;[0.0, 7.25, 1.4500000000000002, 0.0, 1.0, 24.768557459659295, 0.48542673573734174, 0.5, 2891.389853711844, 8798.416527975043, 10500.0, 0.0, 3.0, 1.0, 0.019384304305392393, 0.022532074154004735, 0.9562478128589503, 0.0, 0.0027092420216815573, 0.7877306485673788, 0.0, 0.05, 0.5, 0.5, 0.025471260417657283, 0.0336096529398735, 0.0, 0.05352947457362472, 0.23384601857302678, 0.0, 0.05, 0.5, 0.5, 0.0, 0.0, 0.0, 0.030000000000000002, 0.255, 0.0, 1.0, 0.0];[nan, nan, nan, nan, nan, nan, nan, nan, nan, nan, nan, nan, nan, nan, nan];54.330381999956444
[nan, nan, nan];False;False;[1.0, 9.597965516669362, 1.4726496713458348, 0.0, 1.0, 55.8273259279563, 0.7360140146622463, 0.5, 11266.974340461327, 16762.890298060927, 10500.0, 1.0, 1.4196670422920001, 0.0, 0.025, 0.028497268744219796, 0.599455167022203, 0.0, 0.04623588956335082, 0.8861977010453796, 0.0, 0.05, 0.5, 0.5, 0.06518613816775252, 0.3610376415294557, 0.0, 0.09408804356864647, 0.4272326551921404, 0.0, 0.05, 0.5, 0.5, 0.0, 0.0, 0.0, 0.030000000000000002, 0.255, 0.0, 1.0, 1.0];[nan, nan, nan, nan, nan, nan, nan, nan, nan, nan, nan, nan, nan, nan, nan];81.84266570000909
[10.89423678518779, 3303.9753128165244, 119.55224391455052];True;False;[1.0, 5.727656955660246, 1.7024571451428563, 0.0, 1.0, 30.29252124335745, 0.6737205448883518, 0.5, 5876.242231768915, 4380.524039200764, 10500.0, 1.0, 2.2704897856959163, 1.0, 0.009267201835812483, 0.09659415596766521, 0.27500248430564445, 0.0, 0.030088765468617742, 0.9176522149437047, 0.0, 0.05, 0.5, 0.5, 0.05232287155657814, 0.8260632480533235, 0.0, 0.05924272798947386, 0.7116999886919196, 0.0, 0.05, 0.5, 0.5, 0.0, 1.0, 1.0, 0.025256965948238015, 0.05490917722827076, 78.0, 0.0, 0.0];[0.6926436004079424, -0.08130986191527123, 166.37471425733858, -0.4662872649932862, -0.22627945511164826, -12.064483100755965, -8.938576229965477, -14.0, -0.7249975156943556, -0.08234778505629525, 0.0, -0.17393675194667646, -0.28830001130808036, 0.0, -0.4373212736084658];45.315140600083396
[nan, nan, nan];False;False;[1.0, 10.09248854068731, 1.1621709947912389, 0.0, 1.0, 13.427697103953696, 0.2267057377201095, 0.5, 17038.98577933749, 15286.39905937408, 10500.0, 1.0, 2.899810684588036, 1.0, 0.0028549401977726267, 0.010403242062157425, 0.3814158031193916, 0.0, 0.07766255691508075, 0.6680605510432418, 0.0, 0.05, 0.5, 0.5, 0.08112533060812012, 0.2555464292621009, 0.0, 0.09661005653633228, 0.7083673239640048, 0.0, 0.05, 0.5, 0.5, 1.0, 1.0, 0.0, 0.012872471454038546, 0.011867502260107538, 175.0, 0.0, 0.0];[nan, nan, nan, nan, nan, nan, nan, nan, nan, nan, nan, nan, nan, nan, nan];122.85189479996916
[nan, nan, nan];False;False;[0.0, 7.25, 1.4500000000000002, 0.0, 2.0, 31.429898606095804, 0.869337306502995, 0.8371675786723985, 11014.101737420375, 13821.469730672448, 19802.630286237385, 0.0, 3.0, 0.0, 0.025, 0.05217604892917378, 0.26538913305485023, 0.6251937250651385, 0.09769522852474889, 0.0356374851975404, 0.37696061334071496, 0.04266713287113904, 0.3333333333333333, 0.3333333333333333, 0.025792721160772625, 0.09461779554792527, 0.6352846906859685, 0.08998310192759032, 0.3333333333333333, 0.3333333333333333, 0.053092735322905454, 0.3333333333333333, 0.3333333333333333, 0.0, 0.0, 0.0, 0.030000000000000002, 0.255, 0.0, 0.0, 0.0];[nan, nan, nan, nan, nan, nan, nan, nan, nan, nan, nan, nan, nan, nan, nan];136.80898349999916
[21.998820477066122, 4896.147967629742, 111.75765110015936];True;False;[1.0, 5.386365981743433, 1.4211706378914188, 0.0, 0.0, 7.691997795013416, 0.5, 0.5, 9171.548187759161, 10500.0, 10500.0, 0.0, 3.0, 0.0, 0.025, 0.039024829263422114, 0.0, 0.0, 0.05, 0.5, 0.5, 0.05, 0.5, 0.5, 0.0641386526298777, 0.0, 0.0, 0.05, 0.5, 0.5, 0.05, 0.5, 0.5, 0.0, 1.0, 0.0, 0.044528584802813284, 0.4684408220566278, 230.0, 0.0, 0.0];[0.5352613903160366, 0.35978069461949946, -10.601912031767597, 0.0, -0.4, -9.587562119615713, -14.0, -14.0, -1.0, 0.0, 0.0, -1.0, 0.0, 0.0, -0.05059570849896061];10.906228399951942
[29.22797912125558, 1258.3738684540044, 117.87261700551656];True;False;[0.0, 7.25, 1.4500000000000002, 0.0, 1.0, 7.646809979494398, 0.17471027792681165, 0.5, 5425.278832841753, 5781.721263903159, 10500.0, 0.0, 3.0, 0.0, 0.025, 0.09305777894620564, 0.8453703718140505, 0.0, 0.03762712139852878, 0.14230156974854202, 0.0, 0.05, 0.5, 0.5, 0.03166655822678477, 0.7845353950608127, 0.0, 0.0489064799339064, 0.15747856681109684, 0.0, 0.05, 0.5, 0.5, 0.0, 0.0, 0.0, 0.030000000000000002, 0.255, 0.0, 1.0, 1.0];[1.1517896913943053, -1.3656270411270777, -9.919382224170896, 0.47731627364508245, -0.7252897220731884, -8.989866205950054, -13.727680573922536, -14.0, -0.1546296281859495, -0.857698430251458, 0.0, -0.2154646049391873, -0.8425214331889032, 0.0, 0.002331617813198461];61.6464641999919
[21.060489841584186, 1599.7747665845918, 116.65662204251308];True;False;[0.0, 7.25, 1.4500000000000002, 0.0, 0.0, 59.090888109326585, 0.5, 0.5, 17290.890160145755, 10500.0, 10500.0, 0.0, 3.0, 0.0, 0.025, 0.06257793882642333, 0.0, 0.0, 0.05, 0.5, 0.5, 0.05, 0.5, 0.5, 0.023102592677803138, 0.0, 0.0, 0.05, 0.5, 0.5, 0.05, 0.5, 0.5, 0.0, 0.0, 0.0, 0.030000000000000002, 0.255, 0.0, 0.0, 0.0];[0.5911864723588502, -1.4085117230433575, 95.74213424518639, 0.7732235824861746, -0.4, 44.090888109326585, -14.0, -14.0, -1.0, 0.0, 0.0, -1.0, 0.0, 0.0, 0.00694963909814772];5.8215591999469325
[15.861424704687499, 2372.332058608889, 110.83354947192271];True;False;[1.0, 8.44388979636179, 1.7216867294458091, 0.0, 1.0, 31.35833249338944, 0.3938574304710497, 0.5, 14857.33150363424, 4137.604356290149, 10500.0, 1.0, 3.0454232014089166, 1.0, 0.04485857748074043, 0.024901280295621744, 0.8683127191387617, 0.0, 0.04363022519580655, 0.2988373361727277, 0.0, 0.05, 0.5, 0.5, 0.08233141163095653, 0.23067974254322088, 0.0, 0.07941958406841777, 0.0, 0.0, 0.05, 0.5, 0.5, 0.0, 1.0, 1.0, 0.037304024869990786, 0.17160171821572184, 8.0, 0.0, 1.0];[0.010852293587499062, -0.3601812720612201, 67.87967554638864, 6.661338147750939e-16, -0.5061425695289503, -9.705593468993163, -11.559817018309746, -14.0, -0.13168728086123827, -0.7011626638272723, 0.0, -0.7693202574567791, -1.0, 0.0, -0.2815492364091916];24.217140199965797
[10.764453796096863, 3107.3709211498117, 107.92533210986531];True;False;[1.0, 7.0149326082289365, 1.491648721460633, 0.0, 1.0, 13.380785377818995, 0.8269960268041756, 0.5, 19212.547943443686, 4851.219378587389, 10500.0, 0.0, 3.0, 0.0, 0.025, 0.00922698002668161, 0.3510552025851674, 0.0, 0.034806932482949964, 0.42425467921356774, 0.0, 0.05, 0.5, 0.5, 0.03286745088117032, 0.15683611611684245, 0.0, 0.0861060907756634, 0.2508105351983405, 0.0, 0.05, 0.5, 0.5, 0.0, 0.0, 0.0, 0.030000000000000002, 0.255, 0.0, 1.0, 1.0];[0.16037482925893443, -0.07028194181395575, -4.094056360138666, -0.12408677887758202, -0.07300397319582441, -13.6301158227605, -8.45166038194597, -14.0, -0.6489447974148326, -0.5757453207864323, 0.0, -0.8431638838831575, -0.7491894648016595, 0.0, -0.21351731207322788];26.34336209995672
[nan, nan, nan];False;False;[1.0, 10.205634005865692, 1.4813495201514042, 1.0, 2.0, 11.984938258730827, 0.6553504405314795, 0.23418482362724957, 14640.471108750779, 3018.553779351755, 18751.38725042433, 0.0, 3.0, 1.0, 0.04205132454171178, 0.0033122739966692794, 0.4590114164274143, 0.015384258571373932, 0.03165156071538942, 0.3333333333333333, 0.3333333333333333, 0.016961587465973715, 0.350577953731685, 0.248550956296116, 0.04317525187373061, 0.3333333333333333, 0.3333333333333333, 0.0041116241475752996, 0.3333333333333333, 0.3333333333333333, 0.00995716648856605, 0.3333333333333333, 0.3333333333333333, 1.0, 1.0, 0.0, 0.03589988075333049, 0.30028148360338075, 77.0, 2.0, 2.0];[nan, nan, nan, nan, nan, nan, nan, nan, nan, nan, nan, nan, nan, nan, nan];118.07730740006082
[24.568921720513842, 1231.6338569310187, 118.28947827242972];True;False;[0.0, 7.25, 1.4500000000000002, 0.0, 0.0, 24.945907809759014, 0.5, 0.5, 19204.34503988422, 10500.0, 10500.0, 0.0, 3.0, 0.0, 0.025, 0.04991541247640548, 0.0, 0.0, 0.05, 0.5, 0.5, 0.05, 0.5, 0.5, 0.02722467658677007, 0.0, 0.0, 0.05, 0.5, 0.5, 0.05, 0.5, 0.5, 0.0, 0.0, 0.0, 0.030000000000000002, 0.255, 0.0, 0.0, 0.0];[0.35428694073259237, -1.4695369791857462, 11.415968760378927, 0.7888114496424625, -0.4, 9.945907809759014, -14.0, -14.0, -1.0, 0.0, 0.0, -1.0, 0.0, 0.0, 0.03168986017010811];5.347385299974121
[nan, nan, nan];False;False;[1.0, 8.36072582588711, 1.3168200955590657, 1.0, 2.0, 26.682293444776445, 0.8248230083135087, 0.5178647885404105, 9233.318740673307, 4403.1780445450895, 15786.009100425026, 0.0, 3.0, 1.0, 0.0008668278797987928, 0.07672131335242267, 0.1810716958586548, 0.48029807395646973, 0.06747465051226016, 0.14242265327889325, 0.4902119337679749, 0.016169093566276282, 0.366043516250087, 0.36597805114332305, 0.05842070848518119, 0.3333333333333333, 0.3333333333333333, 0.04421151690196837, 0.3333333333333333, 0.3333333333333333, 0.07710185464982804, 0.3333333333333333, 0.3333333333333333, 0.0, 1.0, 0.0, 0.031131978963237238, 0.04088044983432424, 9.0, 0.0, 1.0];[nan, nan, nan, nan, nan, nan, nan, nan, nan, nan, nan, nan, nan, nan, nan];209.10100419993978
[nan, nan, nan];False;False;[1.0, 8.274087798307978, 1.4666296590311054, 1.0, 0.0, 54.36517635769858, 0.5, 0.5, 14163.865076815413, 10500.0, 10500.0, 0.0, 3.0, 0.0, 0.025, 0.06088292433692956, 0.0, 0.0, 0.05, 0.5, 0.5, 0.05, 0.5, 0.5, 0.05694735849206272, 0.0, 0.0, 0.05, 0.5, 0.5, 0.05, 0.5, 0.5, 1.0, 0.0, 0.0, 0.030000000000000002, 0.255, 0.0, 0.0, 0.0];[nan, nan, nan, nan, nan, nan, nan, nan, nan, nan, nan, nan, nan, nan, nan];5.859576500020921
[12.64504363004046, 4759.734343337243, 105.32306030892667];True;False;[1.0, 11.479596103813789, 1.2023780038949161, 1.0, 1.0, 59.94832076348238, 0.4165531528799856, 0.5, 12887.9040239167, 2824.4282626350687, 10500.0, 0.0, 3.0, 1.0, 0.041458626972406105, 0.08198901020070282, 0.3543961815658737, 0.0, 0.06849990059939659, 0.7510840162515584, 0.0, 0.05, 0.5, 0.5, 0.07360351512473837, 0.927848419128214, 0.0, 0.03265169622408567, 0.16412010599302562, 0.0, 0.05, 0.5, 0.5, 0.0, 1.0, 0.0, 0.025895455805134443, 0.3209030539071129, 6.0, 1.0, 1.0];[0.8914429613745423, -0.007033913620754895, 32.46267256054413, 6.661338147750939e-16, -0.4834468471200144, -7.378983110031783, -9.558958319274488, -14.0, -0.6456038184341263, -0.2489159837484416, 0.0, -0.07215158087178597, -0.8358798940069744, 0.0, -0.14337123511047828];24.89032609993592
[nan, nan, nan];False;False;[0.0, 7.25, 1.4500000000000002, 0.0, 2.0, 7.144595715708602, 0.17186283062927082, 0.36972995931312314, 18074.748211221067, 4983.121762779949, 18368.45641748164, 0.0, 3.0, 0.0, 0.025, 0.008450072934175679, 0.344390771976235, 0.6550203034178077, 0.058854540530140734, 0.030192228178831826, 0.7308351445734314, 0.09294017557079093, 0.20825501732110596, 0.2828684080046068, 0.008395542720320627, 0.058493108450908715, 0.37995090794141007, 0.006644979201858692, 0.9475615200528771, 0.022985702553740328, 0.0925069224011415, 0.33474599375204195, 0.18282849213570673, 0.0, 0.0, 0.0, 0.030000000000000002, 0.255, 0.0, 2.0, 0.0];[nan, nan, nan, nan, nan, nan, nan, nan, nan, nan, nan, nan, nan, nan, nan];147.87117659999058
[30.18903624678672, 1246.2714489317482, 117.78633868871665];True;False;[0.0, 7.25, 1.4500000000000002, 0.0, 1.0, 6.313833884305954, 0.3340952687935287, 0.5, 1607.0130870770759, 5078.698915536703, 10500.0, 0.0, 3.0, 0.0, 0.025, 0.0231662580009568, 0.2514859387827143, 0.0, 0.08030010254750662, 0.0929380384278432, 0.0, 0.05, 0.5, 0.5, 0.051733211367702606, 0.42740081059327717, 0.0, 0.06518766082668585, 0.2613735198420045, 0.0, 0.05, 0.5, 0.5, 0.0, 0.0, 0.0, 0.030000000000000002, 0.255, 0.0, 1.0, 1.0];[1.2058481510562382, -1.3526726815414978, -10.962270663873708, 0.4317236438934753, -0.5659047312064713, -11.45254035890082, -13.220181616400403, -14.0, -0.7485140612172857, -0.9070619615721568, 0.0, -0.5725991894067228, -0.7386264801579955, 0.0, -0.002427582358193736];44.2485946000088
[15.408784512497204, 2583.1290632838995, 104.15770589566887];True;False;[1.0, 4.363194860455521, 1.657986612898814, 1.0, 2.0, 56.29032734170269, 0.5775851686292154, 0.11114071510955147, 13567.657835330834, 16709.697407908363, 13386.613305931014, 1.0, 4.638306830890568, 1.0, 0.04017979685654232, 0.06082773440602203, 0.3333333333333333, 0.3333333333333333, 0.038988594621169104, 0.3333333333333333, 0.3333333333333333, 0.08130275412265235, 0.3333333333333333, 0.3333333333333333, 0.04557298298324093, 0.3333333333333333, 0.3333333333333333, 0.003997120784275943, 0.536272771773005, 0.013765613332767157, 0.08301827506906026, 0.3333333333333333, 0.3333333333333333, 0.0, 0.0, 0.0, 0.030000000000000002, 0.255, 0.0, 1.0, 1.0];[0.7248923175760442, -0.6273958259948156, 136.99249811713642, 0.0, -0.32241483137078464, -11.861735739355773, -9.176788889616443, -13.879479802817816, -0.33333333333333337, -0.33333333333333337, -0.33333333333333337, -0.33333333333333337, -0.4499616148942278, -0.33333333333333337, -0.12120253486867044];37.212830800097436
[nan, nan, nan];False;False;[0.0, 7.25, 1.4500000000000002, 0.0, 1.0, 4.976654403901932, 0.3330934804390096, 0.5, 10703.716736573644, 2481.304514211462, 10500.0, 0.0, 3.0, 1.0, 0.03951212578152088, 0.048546921844562135, 0.059085228138516355, 0.0, 0.002005908592664174, 0.058833784477843265, 0.0, 0.05, 0.5, 0.5, 0.0009997817117353702, 0.8569245240454891, 0.0, 0.08199419423813992, 0.3204030984984665, 0.0, 0.05, 0.5, 0.5, 0.0, 0.0, 0.0, 0.030000000000000002, 0.255, 0.0, 0.0, 1.0];[nan, nan, nan, nan, nan, nan, nan, nan, nan, nan, nan, nan, nan, nan, nan];49.61863899999298
[39.14386393941783, 1146.1187344062248, 120.19541786703675];True;False;[0.0, 7.25, 1.4500000000000002, 0.0, 1.0, 6.237887644105456, 0.4388876361923183, 0.5, 5370.227424324803, 5550.247434647187, 10500.0, 0.0, 3.0, 1.0, 0.017467001430538087, 0.05052614867859039, 0.40083149565851306, 0.0, 0.059795931334105046, 0.10968038832271132, 0.0, 0.05, 0.5, 0.5, 0.007244576832064232, 0.25304407142703456, 0.0, 0.03730051677049401, 0.5371158663298655, 0.0, 0.05, 0.5, 0.5, 0.0, 0.0, 0.0, 0.030000000000000002, 0.255, 0.0, 1.0, 0.0];[1.3856592208066498, -1.4056995444838896, 150.16210194946908, 0.40706658071461477, -0.4611123638076817, -12.175984865598602, -12.7911281111361, -14.0, -0.5991685043414869, -0.8903196116772887, 0.0, -0.7469559285729654, -0.4628841336701345, 0.0, 0.03060834954556857];62.395491100032814
[24.78293682447147, 1702.4305094203019, 117.69932958910357];True;False;[0.0, 7.25, 1.4500000000000002, 0.0, 2.0, 25.54668218433418, 0.47770576887979277, 0.6247071385899405, 17221.51673348675, 16940.85293054657, 5822.095287464594, 0.0, 3.0, 1.0, 0.010872416373893808, 0.046315271527286685, 0.3333333333333333, 0.3333333333333333, 0.059421087203141015, 0.226247507443038, 0.5297240232342171, 0.0333982835884446, 0.3333333333333333, 0.3333333333333333, 0.0012432970935519095, 0.3333333333333333, 0.3333333333333333, 0.05852953566328056, 0.24735373684458806, 0.4239794082100842, 0.06991319907880197, 0.3333333333333333, 0.3333333333333333, 0.0, 0.0, 0.0, 0.030000000000000002, 0.255, 0.0, 1.0, 1.0];[2.17430698175757, -1.3286766082189125, 178.97633859611466, 0.6745469386277458, -0.42229423112020725, -12.054822311885394, -12.054822311885395, -12.054822311885395, -0.33333333333333337, -0.2440284693227449, -0.33333333333333337, -0.33333333333333337, -0.32866685494532777, -0.33333333333333337, 0.014701815041363697];116.03510570002254
[35.78330240664972, 1137.9838848790553, 122.57130266625919];True;False;[0.0, 7.25, 1.4500000000000002, 0.0, 2.0, 29.005102775137892, 0.8564634619700165, 0.8742853917366785, 1260.191902498329, 19800.505129701745, 16743.74252035978, 0.0, 3.0, 1.0, 0.04444059527447247, 0.01603489677978215, 0.4242455992418993, 0.49892380813412185, 0.06712694702131206, 0.3333333333333333, 0.3333333333333333, 0.09263900620356252, 0.6358534490703505, 0.050697860205117906, 0.05255455134915456, 0.3333333333333333, 0.3333333333333333, 0.00548794710633046, 0.3333333333333333, 0.3333333333333333, 0.06672089328901974, 0.20235280301415826, 0.511974226357581, 0.0, 0.0, 0.0, 0.030000000000000002, 0.255, 0.0, 1.0, 2.0];[1.0266444557426713, -1.5679178841565415, 158.4752243027737, 0.9263137127787433, -0.043536538029983474, -11.927502985549934, -11.927502985549935, -11.927502985549935, -0.07683059262397884, -0.33333333333333337, -0.31344869072453163, -0.33333333333333337, -0.33333333333333337, -0.2856729706282607, 0.12158475095757515];61.463506800006144
[nan, nan, nan];False;False;[1.0, 8.148677066464275, 1.1986085078447992, 1.0, 1.0, 23.75605492596395, 0.6670927891268439, 0.5, 12076.129502953347, 11706.535486314331, 10500.0, 1.0, 4.301047335447082, 0.0, 0.025, 0.05551950096403031, 0.7120994801898879, 0.0, 0.04156655087058744, 0.7001126711454048, 0.0, 0.05, 0.5, 0.5, 0.020862530305224072, 0.6022974967320909, 0.0, 0.06648759966787793, 0.5332087313761315, 0.0, 0.05, 0.5, 0.5, 1.0, 1.0, 1.0, 0.023158319261225926, 0.19374879123226352, 170.0, 1.0, 0.0];[nan, nan, nan, nan, nan, nan, nan, nan, nan, nan, nan, nan, nan, nan, nan];133.98055680003017
[nan, nan, nan];False;False;[0.0, 7.25, 1.4500000000000002, 0.0, 2.0, 59.31111747268542, 0.7689051508466025, 0.41221181920786376, 8595.997308672271, 11993.662720077955, 16268.151267761717, 0.0, 3.0, 1.0, 0.04413657750502294, 0.04668239543814472, 0.3263784885096127, 0.5660342631030048, 0.06741098736729716, 0.3333333333333333, 0.3333333333333333, 0.0006371511089087068, 0.31264945039155145, 0.13189865275988266, 0.04992481304264418, 0.5216205730110005, 0.15378884632557155, 0.04415649299880686, 0.3333333333333333, 0.3333333333333333, 0.08603574548350783, 0.3333333333333333, 0.3333333333333333, 0.0, 0.0, 0.0, 0.030000000000000002, 0.255, 0.0, 2.0, 1.0];[nan, nan, nan, nan, nan, nan, nan, nan, nan, nan, nan, nan, nan, nan, nan];115.63828279997688
[22.07064314997472, 1453.042810639061, 117.12585958916702];True;False;[0.0, 7.25, 1.4500000000000002, 0.0, 0.0, 40.79498523259869, 0.5, 0.5, 10535.241005438718, 10500.0, 10500.0, 0.0, 3.0, 0.0, 0.025, 0.04035248927131651, 0.0, 0.0, 0.05, 0.5, 0.5, 0.05, 0.5, 0.5, 0.0870857170736668, 0.0, 0.0, 0.05, 0.5, 0.5, 0.05, 0.5, 0.5, 0.0, 0.0, 0.0, 0.030000000000000002, 0.255, 0.0, 0.0, 0.0];[0.5260680899261905, -1.425286200984498, 43.36667526551697, 0.7732511459897402, -0.4, 25.79498523259869, -14.0, -14.0, -1.0, 0.0, 0.0, -1.0, 0.0, 0.0, 0.013517743604940957];4.8013365000952035
[23.686575013018867, 1309.1070102544677, 117.62385574231624];True;False;[0.0, 7.25, 1.4500000000000002, 0.0, 0.0, 25.305419053295616, 0.5, 0.5, 13102.187094441577, 10500.0, 10500.0, 0.0, 3.0, 0.0, 0.025, 0.0679247326680337, 0.0, 0.0, 0.05, 0.5, 0.5, 0.05, 0.5, 0.5, 0.08948950194085356, 0.0, 0.0, 0.05, 0.5, 0.5, 0.05, 0.5, 0.5, 0.0, 0.0, 0.0, 0.030000000000000002, 0.255, 0.0, 0.0, 0.0];[0.48199063729686475, -1.436640541021999, 12.00844563840418, 0.7363952076232028, -0.4, 10.305419053295616, -14.0, -14.0, -1.0, 0.0, 0.0, -1.0, 0.0, 0.0, 0.018061018706387877];5.375730299972929
[21.606549445375485, 2159.075859172224, 116.02772944065498];True;False;[0.0, 7.25, 1.4500000000000002, 0.0, 2.0, 50.56561935448966, 0.12420429345173112, 0.7793491764520476, 18095.815878122783, 2214.295865759553, 13674.467949884522, 0.0, 3.0, 1.0, 0.007717491945029348, 0.0036295487521186276, 0.0315559362245762, 0.7013958271401239, 0.05007121259913047, 0.2537122156912359, 0.7109677902307778, 0.0197066667215407, 0.0923644341120855, 0.1390628461104989, 0.05423132093052638, 0.3333333333333333, 0.3333333333333333, 0.06895243521142, 0.3333333333333333, 0.3333333333333333, 0.0058266105911524485, 0.3333333333333333, 0.3333333333333333, 0.0, 0.0, 0.0, 0.030000000000000002, 0.255, 0.0, 0.0, 0.0];[2.528259096283426, -1.2548918905161977, 457.2116079761722, 0.6307540221182268, -0.7757957065482689, -13.306234488529487, -12.818760836546184, -1.3132996578469633, -0.26704823663529986, -0.03531999407798625, -0.7685727197774156, -0.33333333333333337, -0.33333333333333337, -0.33333333333333337, -0.01121922646954815];64.11329689994454
[nan, nan, nan];False;False;[1.0, 6.294728331260118, 1.6439812160558818, 1.0, 1.0, 48.22897691329114, 0.2520725040488852, 0.5, 19046.69435660376, 18375.94763230512, 10500.0, 0.0, 3.0, 0.0, 0.025, 0.07079266413519493, 0.05527622980049318, 0.0, 0.04781591436925769, 0.7907740798012856, 0.0, 0.05, 0.5, 0.5, 0.09236082814321665, 0.7081378550655868, 0.0, 0.06761833032977625, 0.3277513555195699, 0.0, 0.05, 0.5, 0.5, 0.0, 1.0, 1.0, 0.04941579202992256, 0.12434639296109018, 182.0, 1.0, 1.0];[nan, nan, nan, nan, nan, nan, nan, nan, nan, nan, nan, nan, nan, nan, nan];11.941954100038856
[nan, nan, nan];False;False;[1.0, 4.89060836158604, 1.5801360824034518, 1.0, 2.0, 1.7358219783430096, 0.568142293724195, 0.8034595247852129, 9768.76059311008, 5490.633177834711, 11820.22892868748, 0.0, 3.0, 0.0, 0.025, 0.07524389292337363, 0.18539376013687658, 0.5503430464498632, 0.0925696695273026, 0.3333333333333333, 0.3333333333333333, 0.07388303127192597, 0.17405436531611918, 0.23554040906670137, 0.04576786572041108, 0.06699074137052696, 0.3391744314149422, 0.07092240488053828, 0.3333333333333333, 0.3333333333333333, 0.037751820955656795, 0.3333333333333333, 0.3333333333333333, 0.0, 0.0, 0.0, 0.030000000000000002, 0.255, 0.0, 0.0, 0.0];[nan, nan, nan, nan, nan, nan, nan, nan, nan, nan, nan, nan, nan, nan, nan];114.24360530008562
[nan, nan, nan];False;False;[1.0, 7.9736249048798165, 1.767623491199874, 0.0, 2.0, 22.837887865123854, 0.8620984527374386, 0.45923801992526714, 4380.610681194001, 14164.348299088995, 13973.694711326583, 1.0, 2.6476136067610625, 1.0, 0.036411487834427984, 0.012686517787795526, 0.3333333333333333, 0.3333333333333333, 0.08046608029995445, 0.10826787796431558, 0.8794075135210341, 0.003121946851252522, 0.3333333333333333, 0.3333333333333333, 0.08563530995434826, 0.1760706072064644, 0.3869330456634791, 0.0004181411173798444, 0.3333333333333333, 0.3333333333333333, 0.015285913787983385, 0.3333333333333333, 0.3333333333333333, 0.0, 0.0, 0.0, 0.030000000000000002, 0.255, 0.0, 0.0, 1.0];[nan, nan, nan, nan, nan, nan, nan, nan, nan, nan, nan, nan, nan, nan, nan];126.88815729995258
[9.507446624427853, 5011.445255127404, 107.08686450720708];True;False;[1.0, 7.114774185563735, 1.2537688331278152, 0.0, 2.0, 41.459825705824024, 0.5913959542036574, 0.47483385132269695, 13118.414732382053, 2215.787808599898, 10311.464323470675, 0.0, 3.0, 0.0, 0.025, 0.06304156692486011, 0.3333333333333333, 0.3333333333333333, 0.01626571492747302, 0.3333333333333333, 0.3333333333333333, 0.020435165957147484, 0.3333333333333333, 0.3333333333333333, 0.06576635813426152, 0.23289422457619946, 0.07513093386057101, 0.03584148779514297, 0.3333333333333333, 0.3333333333333333, 0.026451603951260894, 0.3333333333333333, 0.3333333333333333, 0.0, 1.0, 0.0, 0.01847026903482915, 0.15967921220141654, 199.0, 2.0, 2.0];[1.1436733832904196, 0.2677299228564487, 53.92087412145345, -3.3306690738754696e-16, -0.3086040457963426, -11.790258918812002, -11.790258918812004, -11.790258918812004, -0.33333333333333337, -0.33333333333333337, -0.33333333333333337, -0.6919748415632295, -0.33333333333333337, -0.33333333333333337, -0.3398176346891343];43.410733800032176
[nan, nan, nan];False;False;[0.0, 7.25, 1.4500000000000002, 0.0, 1.0, 6.557105371816826, 0.3021058238830694, 0.5, 3205.248823562795, 3510.3927940904814, 10500.0, 0.0, 3.0, 0.0, 0.025, 0.026968535430704446, 0.6049528269572183, 0.0, 0.03539164514310066, 0.44852158075090076, 0.0, 0.05, 0.5, 0.5, 0.03607195546972121, 0.2013651863026389, 0.0, 0.08191668286389796, 0.6323980708675858, 0.0, 0.05, 0.5, 0.5, 0.0, 0.0, 0.0, 0.030000000000000002, 0.255, 0.0, 1.0, 0.0];[nan, nan, nan, nan, nan, nan, nan, nan, nan, nan, nan, nan, nan, nan, nan];76.17370150005445
[nan, nan, nan];False;False;[1.0, 6.966076196486458, 1.1289907017165612, 0.0, 2.0, 3.058894179395771, 0.19766816330636772, 0.3074000713420631, 13716.332501753961, 12018.37239872819, 10243.358072401805, 1.0, 2.602589343371343, 1.0, 0.04622753053398932, 0.09550398143990252, 0.4231989206908259, 0.335128529337706, 0.07766876452636139, 0.7484400293459347, 0.15398130416486555, 0.07684639858132201, 0.3333333333333333, 0.3333333333333333, 0.04146482241006926, 0.3333333333333333, 0.3333333333333333, 0.05107774673473745, 0.3333333333333333, 0.3333333333333333, 0.010692097795290756, 0.24471299868510188, 0.4885526835648327, 0.0, 1.0, 1.0, 0.033443363075825495, 0.2008812200928016, 206.0, 0.0, 2.0];[nan, nan, nan, nan, nan, nan, nan, nan, nan, nan, nan, nan, nan, nan, nan];133.28743580006994
[21.028638201145323, 1605.1482088947937, 116.44194465634084];True;False;[0.0, 7.25, 1.4500000000000002, 0.0, 0.0, 52.809744277999116, 0.5, 0.5, 9654.11453649642, 10500.0, 10500.0, 0.0, 3.0, 0.0, 0.025, 0.07801135551073513, 0.0, 0.0, 0.05, 0.5, 0.5, 0.05, 0.5, 0.5, 0.06527520887433179, 0.0, 0.0, 0.05, 0.5, 0.5, 0.05, 0.5, 0.5, 0.0, 0.0, 0.0, 0.030000000000000002, 0.255, 0.0, 0.0, 0.0];[0.6450425131490682, -1.3946384213045318, 75.81825206448931, 0.7381256846288891, -0.4, 37.809744277999116, -14.0, -14.0, -1.0, 0.0, 0.0, -1.0, 0.0, 0.0, 0.0016431133751674265];5.109365899930708
[18.264303948150356, 3190.406963105372, 108.85813853066304];True;False;[1.0, 5.018162181295356, 1.2580990633899953, 0.0, 1.0, 36.51104792137141, 0.5480546358839748, 0.5, 10007.637216193336, 6562.283984791377, 10500.0, 1.0, 2.2967090153658294, 1.0, 0.02450855437908477, 0.040363983859807155, 0.978524460749759, 0.0, 0.024798903175899913, 0.6708635254875784, 0.0, 0.05, 0.5, 0.5, 0.07953979854241448, 0.018685854746842367, 0.0, 0.08492366114860228, 0.07702738586884139, 0.0, 0.05, 0.5, 0.5, 0.0, 1.0, 0.0, 0.023817110503992447, 0.2992641249447108, 16.0, 1.0, 1.0];[0.5939974670195536, -0.18780209157589356, 75.72740887508759, -1.1102230246251565e-16, -0.35194536411602517, -10.108007645734792, -9.067692023552409, -14.0, -0.021475539250241038, -0.32913647451242156, 0.0, -0.9813141452531576, -0.9229726141311586, 0.0, -0.143074459723376];37.408278699964285
[nan, nan, nan];False;False;[0.0, 7.25, 1.4500000000000002, 0.0, 2.0, 52.3641217958607, 0.34844154159201934, 0.420902009346493, 2969.939700756655, 16590.436080476746, 9861.440201008048, 0.0, 3.0, 0.0, 0.025, 0.06781985857996851, 0.3333333333333333, 0.3333333333333333, 0.0929780392523129, 0.32962974835602554, 0.2357848727827142, 0.06702236334137156, 0.13694571714450643, 0.7582309740066152, 0.043068221702841164, 0.664698323590949, 0.138273238854559, 0.08685043322830668, 0.24073262039420273, 0.14631589213189633, 0.09941933602520807, 0.3333333333333333, 0.3333333333333333, 0.0, 0.0, 0.0, 0.030000000000000002, 0.255, 0.0, 1.0, 2.0];[nan, nan, nan, nan, nan, nan, nan, nan, nan, nan, nan, nan, nan, nan, nan];102.83177779999096
[24.208041161504404, 1729.0653807189994, 117.74966587615569];True;False;[0.0, 7.25, 1.4500000000000002, 0.0, 2.0, 30.787143512322285, 0.590666133943622, 0.15157254449860533, 6323.951983711788, 3290.058576538635, 18575.064317952194, 0.0, 3.0, 1.0, 0.011477389097560454, 0.08679369752348631, 0.3122032465650698, 0.07189003701349905, 0.04508791331846221, 0.3333333333333333, 0.3333333333333333, 0.02111642591288462, 0.3333333333333333, 0.3333333333333333, 0.002972666347152686, 0.3333333333333333, 0.3333333333333333, 0.020819358468557137, 0.3333333333333333, 0.3333333333333333, 0.09629132422657534, 0.3333333333333333, 0.3333333333333333, 0.0, 0.0, 0.0, 0.030000000000000002, 0.255, 0.0, 1.0, 2.0];[2.1241870758784573, -1.3391245839614159, 165.1546704766481, 0.7185362349320858, -0.309333866056378, -12.162424486996214, -8.497628938625002, -13.331407760816743, -0.6159067164214311, -0.33333333333333337, -0.33333333333333337, -0.33333333333333337, -0.33333333333333337, -0.33333333333333337, 0.018596150486627883];38.693541100015864
[21.974460232943482, 1468.3528641891173, 116.94033095848826];True;False;[0.0, 7.25, 1.4500000000000002, 0.0, 0.0, 38.87693174715787, 0.5, 0.5, 12245.924434452789, 10500.0, 10500.0, 0.0, 3.0, 0.0, 0.025, 0.08151511426764559, 0.0, 0.0, 0.05, 0.5, 0.5, 0.05, 0.5, 0.5, 0.07886267887595201, 0.0, 0.0, 0.05, 0.5, 0.5, 0.05, 0.5, 0.5, 0.0, 0.0, 0.0, 0.030000000000000002, 0.255, 0.0, 0.0, 0.0];[0.5687127387085695, -1.4143009508357056, 38.855090268409704, 0.7483107290031166, -0.4, 23.87693174715787, -14.0, -14.0, -1.0, 0.0, 0.0, -1.0, 0.0, 0.0, 0.009197359920083525];4.513674800051376
[nan, nan, nan];False;False;[0.0, 7.25, 1.4500000000000002, 0.0, 2.0, 35.70108047938236, 0.2351983993657691, 0.4822247433439051, 18946.482843495003, 2139.8877070462986, 9635.34649850086, 0.0, 3.0, 1.0, 0.017730306851618676, 0.08950299766299173, 0.3333333333333333, 0.3333333333333333, 7.107962293111392e-05, 0.10817973785303059, 0.874029780207563, 0.006832791392846949, 0.3333333333333333, 0.3333333333333333, 0.032273265371893636, 0.3333333333333333, 0.3333333333333333, 0.06454677473094965, 0.6846129432290287, 0.08888469521292308, 0.08343447438481671, 0.3333333333333333, 0.3333333333333333, 0.0, 0.0, 0.0, 0.030000000000000002, 0.255, 0.0, 0.0, 1.0];[nan, nan, nan, nan, nan, nan, nan, nan, nan, nan, nan, nan, nan, nan, nan];58.897074299980886
[nan, nan, nan];False;False;[0.0, 7.25, 1.4500000000000002, 0.0, 0.0, 5.839341226185088, 0.5, 0.5, 9121.50816702746, 10500.0, 10500.0, 0.0, 3.0, 0.0, 0.025, 0.08180062103518239, 0.0, 0.0, 0.05, 0.5, 0.5, 0.05, 0.5, 0.5, 0.05944597845357039, 0.0, 0.0, 0.05, 0.5, 0.5, 0.05, 0.5, 0.5, 0.0, 0.0, 0.0, 0.030000000000000002, 0.255, 0.0, 0.0, 0.0];[nan, nan, nan, nan, nan, nan, nan, nan, nan, nan, nan, nan, nan, nan, nan];13.82788829994388
[nan, nan, nan];False;False;[1.0, 7.48112808459516, 1.3336878646823351, 1.0, 2.0, 21.655311171569988, 0.35137622775317146, 0.26792297208810184, 9382.320329477803, 6523.484402843022, 3291.032881817175, 1.0, 1.8837576832581342, 1.0, 0.03621798410052401, 0.09219477932403598, 0.3333333333333333, 0.3333333333333333, 0.012048695492358387, 0.474581878759193, 0.0727939618461435, 0.04185668693171904, 0.3333333333333333, 0.3333333333333333, 0.005987189478961275, 0.22476263030623245, 0.35705456198516117, 0.023257885630123043, 0.413349574407192, 0.16278478310234723, 0.04099832517790141, 0.3043857388312817, 0.04229560525810938, 1.0, 0.0, 0.0, 0.030000000000000002, 0.255, 0.0, 0.0, 0.0];[nan, nan, nan, nan, nan, nan, nan, nan, nan, nan, nan, nan, nan, nan, nan];102.8503958999645
[nan, nan, nan];False;False;[1.0, 9.718183982544225, 1.3126782013656386, 1.0, 2.0, 44.6798792224127, 0.2866846354454678, 0.7685531797730314, 3183.208801415889, 18433.702289849578, 17563.115514223104, 0.0, 3.0, 0.0, 0.025, 0.06518664651884447, 0.3333333333333333, 0.3333333333333333, 0.0921179337659932, 0.14371930628012675, 0.03787366013960525, 5.7158854637862084e-06, 0.3333333333333333, 0.3333333333333333, 0.03300571364807902, 0.3333333333333333, 0.3333333333333333, 0.012649547407273665, 0.4109505221174715, 0.1787869435814451, 0.058966844660129504, 0.3333333333333333, 0.3333333333333333, 1.0, 1.0, 1.0, 0.021525640192169817, 0.42463921698388885, 144.0, 2.0, 1.0];[nan, nan, nan, nan, nan, nan, nan, nan, nan, nan, nan, nan, nan, nan, nan];153.22708650003187
[nan, nan, nan];False;False;[0.0, 7.25, 1.4500000000000002, 0.0, 1.0, 9.10894886076766, 0.6612759359698112, 0.5, 7983.729136977335, 16878.740824220382, 10500.0, 0.0, 3.0, 1.0, 0.049710718727289785, 0.08406389208881339, 0.23047842908998395, 0.0, 0.056454050675339686, 0.06549607287573989, 0.0, 0.05, 0.5, 0.5, 0.022524359920119266, 0.20048266964359152, 0.0, 0.07061289209902856, 0.047772119794811, 0.0, 0.05, 0.5, 0.5, 0.0, 0.0, 0.0, 0.030000000000000002, 0.255, 0.0, 1.0, 0.0];[nan, nan, nan, nan, nan, nan, nan, nan, nan, nan, nan, nan, nan, nan, nan];74.40742730000056
[nan, nan, nan];False;False;[1.0, 2.9077789626748283, 1.696996243887325, 1.0, 1.0, 59.07522924740264, 0.6730234637147791, 0.5, 1792.262085270329, 19329.959226031482, 10500.0, 0.0, 3.0, 0.0, 0.025, 0.09237755759200866, 0.01041855179822615, 0.0, 0.05142944285004776, 0.9050296676021015, 0.0, 0.05, 0.5, 0.5, 0.071305553756739, 0.8010248150405862, 0.0, 0.06725614584559983, 0.731913138457215, 0.0, 0.05, 0.5, 0.5, 0.0, 1.0, 0.0, 0.03562944693482597, 0.16839353108421237, 32.0, 1.0, 1.0];[nan, nan, nan, nan, nan, nan, nan, nan, nan, nan, nan, nan, nan, nan, nan];37.39421369996853
[nan, nan, nan];False;False;[1.0, 4.035806947189412, 1.4406619578022097, 0.0, 1.0, 45.977349173995705, 0.4267069266827347, 0.5, 10074.40319152669, 19216.52455369224, 10500.0, 1.0, 3.776393827770182, 0.0, 0.025, 0.07839763016454146, 0.9511835402918173, 0.0, 0.0055491965882564775, 0.7510927446994806, 0.0, 0.05, 0.5, 0.5, 0.009145826390301526, 0.8375873330708663, 0.0, 0.04659263074381094, 0.09784058428927667, 0.0, 0.05, 0.5, 0.5, 1.0, 0.0, 0.0, 0.030000000000000002, 0.255, 0.0, 1.0, 0.0];[nan, nan, nan, nan, nan, nan, nan, nan, nan, nan, nan, nan, nan, nan, nan];107.17728129995521
[nan, nan, nan];False;False;[1.0, 10.463754461748868, 1.1430434370778217, 1.0, 0.0, 8.766192369153194, 0.5, 0.5, 11207.007704074455, 10500.0, 10500.0, 0.0, 3.0, 0.0, 0.025, 0.03498774834596432, 0.0, 0.0, 0.05, 0.5, 0.5, 0.05, 0.5, 0.5, 0.0842590360873059, 0.0, 0.0, 0.05, 0.5, 0.5, 0.05, 0.5, 0.5, 1.0, 1.0, 0.0, 0.04756457351619629, 0.26928755570671575, 43.0, 0.0, 0.0];[nan, nan, nan, nan, nan, nan, nan, nan, nan, nan, nan, nan, nan, nan, nan];106.83003680000547
[21.442493309469338, 3899.077170347372, 111.95982118662312];True;False;[1.0, 10.750882946257475, 1.2037778531738899, 0.0, 2.0, 3.0071047703977216, 0.6528457772860163, 0.5689603835708708, 3286.985524209267, 14990.242660308746, 8196.255249277365, 1.0, 3.197976910989956, 1.0, 0.04088726318368841, 0.020172710103311554, 0.5545839243862702, 0.06941636419129738, 0.045460697136852316, 0.0, 0.28660312637342633, 0.048436497762757005, 0.05206480136781477, 0.8742398697459965, 0.09481559546062847, 0.3333333333333333, 0.3333333333333333, 0.06467637493184507, 0.35070789499319033, 0.5388491687559162, 0.03003995959295417, 0.3333333333333333, 0.3333333333333333, 0.0, 0.0, 0.0, 0.030000000000000002, 0.255, 0.0, 1.0, 2.0];[1.624382196592225, 0.3971197046269408, 206.41759276702936, -0.19766136172651017, -0.24715422271398368, -13.643143029092972, -13.643143029092974, -13.643143029092974, -0.3759997114224324, -0.7133968736265737, -0.07369532888618868, -0.33333333333333337, -0.11044293625089352, -0.33333333333333337, -0.2538058060810279];137.0277797000017
[nan, nan, nan];False;False;[0.0, 7.25, 1.4500000000000002, 0.0, 1.0, 1.335223442900427, 0.3274388293384649, 0.5, 8935.992110087303, 7919.296063170875, 10500.0, 0.0, 3.0, 0.0, 0.025, 0.08459152811359981, 0.9071261686641673, 0.0, 0.017449726885876295, 0.22080789772408504, 0.0, 0.05, 0.5, 0.5, 0.012616440828785281, 0.24503605657537275, 0.0, 0.05595964752706302, 0.3538095080948406, 0.0, 0.05, 0.5, 0.5, 0.0, 0.0, 0.0, 0.030000000000000002, 0.255, 0.0, 1.0, 0.0];[nan, nan, nan, nan, nan, nan, nan, nan, nan, nan, nan, nan, nan, nan, nan];76.64504760003183
[nan, nan, nan];False;False;[1.0, 3.412476397054262, 1.5134524990768454, 1.0, 2.0, 36.856942003658546, 0.6032641749414724, 0.5695255263649721, 7740.638915243568, 7505.989238958803, 2980.9330666171545, 0.0, 3.0, 0.0, 0.025, 0.056500679621468514, 0.0658854021013654, 0.4821201767014329, 0.06662512322414109, 0.3333333333333333, 0.3333333333333333, 0.085644326120359, 0.3469772566607233, 0.06922837086596845, 0.08180649306546228, 0.3333333333333333, 0.3333333333333333, 0.06826402830087051, 0.3333333333333333, 0.3333333333333333, 0.015619895897526971, 0.3333333333333333, 0.3333333333333333, 0.0, 1.0, 1.0, 0.04679104635947366, 0.22286074686052887, 212.0, 1.0, 0.0];[nan, nan, nan, nan, nan, nan, nan, nan, nan, nan, nan, nan, nan, nan, nan];128.45271330000833
[23.58987968229127, 2240.75233388518, 111.93722154127998];True;False;[1.0, 3.1319383401575838, 1.692556987014549, 0.0, 1.0, 27.562017383083436, 0.11882457727902418, 0.5, 13062.158923604298, 19595.914175898135, 10500.0, 0.0, 3.0, 1.0, 0.03132603370096692, 0.036566209846879784, 0.06696578646040463, 0.0, 0.036387316721345056, 0.02037500453998009, 0.0, 0.05, 0.5, 0.5, 0.07586458825882741, 0.46534442773125717, 0.0, 0.007423368511667416, 0.262089143374048, 0.0, 0.05, 0.5, 0.5, 0.0, 1.0, 0.0, 0.030920790914605784, 0.02283971926581383, 209.0, 0.0, 1.0];[0.19083679151038435, -0.5823288094644798, 40.653674068265076, -1.1102230246251565e-16, -0.7811754227209758, -4.010905705634983, -13.518144684318171, -14.0, -0.9330342135395954, -0.9796249954600199, 0.0, -0.5346555722687428, -0.737910856625952, 0.0, -0.46736660789707085];23.149270500056446
[16.537493346350182, 3280.97000645833, 103.81697308461611];True;False;[1.0, 5.006206611574432, 1.4375594196245776, 1.0, 2.0, 54.90443489590483, 0.2098193452782148, 0.5694383176355124, 2303.9231940655573, 11942.437800391508, 2567.9676598695905, 1.0, 2.9327647983583605, 1.0, 0.03763509034203085, 0.02847863031464709, 0.3333333333333333, 0.3333333333333333, 0.0803038384192548, 0.3333333333333333, 0.3333333333333333, 0.0192491747687268, 0.3333333333333333, 0.3333333333333333, 0.05430233843160971, 0.3333333333333333, 0.3333333333333333, 0.07449889319218887, 0.3333333333333333, 0.3333333333333333, 0.008930724753691466, 0.2339357784398849, 0.26057177132610654, 0.0, 1.0, 1.0, 0.03154516003831432, 0.1566302125625378, 238.0, 2.0, 0.0];[1.0351784716360903, -0.43568999478331794, 272.48442169888125, -1.1102230246251565e-16, -0.6901806547217852, -12.78718575784702, -12.896682432380935, -9.29171025402787, -0.33333333333333337, -0.33333333333333337, -0.33333333333333337, -0.33333333333333337, -0.33333333333333337, -0.5054924502340086, -0.28786950398447175];79.34556139993947
[nan, nan, nan];False;False;[1.0, 7.758993443894847, 1.4152757276558663, 1.0, 0.0, 52.46919519323051, 0.5, 0.5, 1429.7896111890914, 10500.0, 10500.0, 0.0, 3.0, 0.0, 0.025, 0.044617642805420035, 0.0, 0.0, 0.05, 0.5, 0.5, 0.05, 0.5, 0.5, 0.04216101377026437, 0.0, 0.0, 0.05, 0.5, 0.5, 0.05, 0.5, 0.5, 0.0, 0.0, 0.0, 0.030000000000000002, 0.255, 0.0, 0.0, 0.0];[nan, nan, nan, nan, nan, nan, nan, nan, nan, nan, nan, nan, nan, nan, nan];46.20670589990914
[nan, nan, nan];False;False;[1.0, 10.141564035161279, 1.7119007078430393, 0.0, 1.0, 58.29639773450499, 0.2648084471661645, 0.5, 5733.868835854824, 8674.389708160557, 10500.0, 0.0, 3.0, 0.0, 0.025, 0.017798792427176146, 0.9600043962943068, 0.0, 0.07647159226917201, 0.30433067792850066, 0.0, 0.05, 0.5, 0.5, 0.02861469179951679, 0.3569050558749117, 0.0, 0.025877703046424606, 0.9749109186787835, 0.0, 0.05, 0.5, 0.5, 1.0, 0.0, 0.0, 0.030000000000000002, 0.255, 0.0, 1.0, 1.0];[nan, nan, nan, nan, nan, nan, nan, nan, nan, nan, nan, nan, nan, nan, nan];104.90395740000531
[25.166296130909405, 1190.6692526718214, 118.59597247731949];True;False;[0.0, 7.25, 1.4500000000000002, 0.0, 0.0, 23.52359278459349, 0.5, 0.5, 10195.394527930075, 10500.0, 10500.0, 0.0, 3.0, 0.0, 0.025, 0.02295279870984278, 0.0, 0.0, 0.05, 0.5, 0.5, 0.05, 0.5, 0.5, 0.023020541899605743, 0.0, 0.0, 0.05, 0.5, 0.5, 0.05, 0.5, 0.5, 0.0, 0.0, 0.0, 0.030000000000000002, 0.255, 0.0, 0.0, 0.0];[0.30359523009984724, -1.4825951503202484, 9.131114532147787, 0.8009712722929336, -0.4, 8.52359278459349, -14.0, -14.0, -1.0, 0.0, 0.0, -1.0, 0.0, 0.0, 0.037300713551180475];6.069056699983776
[25.283584533154603, 1220.116284479517, 117.99654549543621];True;False;[0.0, 7.25, 1.4500000000000002, 0.0, 0.0, 17.72082427630921, 0.5, 0.5, 18543.068215804866, 10500.0, 10500.0, 0.0, 3.0, 0.0, 0.025, 0.0688465755098908, 0.0, 0.0, 0.05, 0.5, 0.5, 0.05, 0.5, 0.5, 0.08827857309330421, 0.0, 0.0, 0.05, 0.5, 0.5, 0.05, 0.5, 0.5, 0.0, 0.0, 0.0, 0.030000000000000002, 0.255, 0.0, 0.0, 0.0];[0.46226863152477904, -1.4417209244470763, 0.7825319982128285, 0.6899938324834491, -0.4, 2.7208242763092088, -14.0, -14.0, -1.0, 0.0, 0.0, -1.0, 0.0, 0.0, 0.02011999679884846];25.11981399997603
[nan, nan, nan];False;False;[1.0, 10.949789946137578, 1.642474095163898, 1.0, 2.0, 45.82259613277275, 0.8930064224536384, 0.7271382150363814, 11158.286652948955, 16880.298968054984, 11646.248375860925, 0.0, 3.0, 1.0, 0.001407193341397428, 0.03879065479550225, 0.1770712631607987, 0.36760559076047616, 0.0638007176600353, 0.3333333333333333, 0.3333333333333333, 0.015485094427257706, 0.3333333333333333, 0.3333333333333333, 0.04692646979601131, 0.3333333333333333, 0.3333333333333333, 0.043726333224777786, 0.3333333333333333, 0.3333333333333333, 0.028235574748556903, 0.03814498530650379, 0.3038242913540563, 0.0, 1.0, 1.0, 0.03964458569784228, 0.2216372339541187, 31.0, 0.0, 0.0];[nan, nan, nan, nan, nan, nan, nan, nan, nan, nan, nan, nan, nan, nan, nan];130.9033550999593
[28.15258041791845, 1477.1531291830756, 119.73176572223426];True;False;[0.0, 7.25, 1.4500000000000002, 0.0, 2.0, 30.687446208620756, 0.24331555498715973, 0.5184319215106075, 16313.924711474896, 8267.543876998052, 7089.68052801088, 0.0, 3.0, 1.0, 0.02270588463691647, 0.025411283187357525, 0.12761267216343897, 0.18836472563433349, 0.05135543254767753, 0.3333333333333333, 0.3333333333333333, 0.02817056180211678, 0.2708040922387248, 0.19709815112786988, 0.09063922022262835, 0.0, 0.4624412104623892, 0.06893819577034781, 0.3333333333333333, 0.3333333333333333, 0.06755420804753098, 0.0926321320614586, 0.8466481436273792, 0.0, 0.0, 0.0, 0.030000000000000002, 0.255, 0.0, 0.0, 1.0];[1.6788008506459695, -1.4319696201931613, 202.35749778182446, 0.8040239335984181, -0.6566844450128403, -12.600846404328841, -12.549862725274776, -9.779497860843325, -0.6840226022022275, -0.33333333333333337, -0.5320977566334053, -0.5375587895376108, -0.33333333333333337, -0.06071972431116224, 0.05597809359638306];72.82176199997775
[8.418798915664158, 4253.890861053556, 114.73629590478791];True;False;[1.0, 6.9366766119501495, 1.349846974619658, 0.0, 2.0, 29.553588667234692, 0.285127740222195, 0.8638614156710157, 3096.5344343629617, 18503.63002306768, 3678.1864829092183, 1.0, 3.1530050681281048, 1.0, 0.006845065476211188, 0.07201163009350049, 0.17384431805272005, 0.43773438766851036, 0.0972834356306949, 0.42746323772903305, 0.39244396511623636, 0.06459653867811892, 0.09015774268881904, 0.06078328653975429, 0.07420818719043244, 0.8228270134945712, 0.1329806101192601, 0.06396573570564508, 0.5330063338059022, 0.37265133396913463, 0.08914398602164127, 0.9108711159257046, 0.06672571598321841, 0.0, 0.0, 0.0, 0.030000000000000002, 0.255, 0.0, 2.0, 1.0];[1.6707811572342015, 0.26601603029052434, 143.3059120964304, -0.34238218947575216, -0.614872259777805, -12.202466930674257, -12.202466930674259, -12.202466930674259, -0.3884212942787696, -0.1800927971547306, -0.8490589707714267, -0.044192376386168686, -0.09434233222496313, -0.022403168091077008, -0.24146867604519107];65.23424929997418
[19.017343377148183, 2297.5317054397506, 114.37566951119896];True;False;[0.0, 7.25, 1.4500000000000002, 0.0, 2.0, 49.34039519566963, 0.3717222155127349, 0.12012111063226945, 9514.353209370065, 18522.33719949532, 17387.213941734437, 0.0, 3.0, 0.0, 0.025, 0.09551670666014482, 0.3333333333333333, 0.3333333333333333, 0.03230442594871713, 0.058401339302856514, 0.8132118447243135, 0.03358959405805985, 0.3333333333333333, 0.3333333333333333, 0.035759075470959904, 0.40673530628657584, 0.3761314824340556, 0.09521919428163553, 0.25635437992087096, 0.41351458093763105, 0.07578344023737293, 0.7451301958386798, 0.1609995526143405, 0.0, 0.0, 0.0, 0.030000000000000002, 0.255, 0.0, 1.0, 2.0];[2.2506431858411737, -1.2125438117768252, 84.35448229464792, 0.5593573919922159, -0.5282777844872651, -8.416552978103507, -10.184135841166967, -13.443765459066716, -0.33333333333333337, -0.12838681597282997, -0.33333333333333337, -0.21713321127936858, -0.330131039141498, -0.0938702515469797, -0.037380388925009556];61.74678960000165
[20.65634586146328, 1955.6554968696785, 115.70168083614142];True;False;[0.0, 7.25, 1.4500000000000002, 0.0, 2.0, 37.136325830742166, 0.1672848927489744, 0.7127738485118464, 11286.314174631943, 3012.6926297764667, 3364.1636548748193, 0.0, 3.0, 0.0, 0.025, 0.04956705435305114, 0.1983163903464511, 0.15206546089290263, 0.034419466444176074, 0.5546815064980604, 0.029344115212096233, 0.04170332622921657, 0.3333333333333333, 0.3333333333333333, 0.033202223202824475, 0.09024295201690713, 0.47520033844906884, 0.09160795872463569, 0.3333333333333333, 0.3333333333333333, 0.043404838545492125, 0.2997569577306737, 0.4135535145253154, 0.0, 0.0, 0.0, 0.030000000000000002, 0.255, 0.0, 0.0, 1.0];[1.9317955456774483, -1.2837442640942043, 43.2408139659462, 0.6459033599922415, -0.7327151072510256, -13.351423064301512, -12.700690998445646, -5.203016548451142, -0.6496181487606463, -0.4159743782898434, -0.33333333333333337, -0.43455670953402403, -0.33333333333333337, -0.2866895277440109, -0.014446642005172261];35.63960420002695
[28.757313135282406, 1453.5521782693656, 119.34188474962761];True;False;[0.0, 7.25, 1.4500000000000002, 0.0, 1.0, 33.88830071032647, 0.5666349099394334, 0.5, 1822.1263014558872, 1546.3604512473958, 10500.0, 0.0, 3.0, 1.0, 0.020231292535002304, 0.06450519012248306, 0.918337475443484, 0.0, 0.08618470101505789, 0.6644913188362223, 0.0, 0.05, 0.5, 0.5, 0.06523275783621876, 0.6998329190770212, 0.0, 0.08276481954466952, 0.04648279105600628, 0.0, 0.05, 0.5, 0.5, 0.0, 0.0, 0.0, 0.030000000000000002, 0.255, 0.0, 1.0, 1.0];[1.2709631304108102, -1.431311819710466, 67.75187214376864, 0.6970524577765651, -0.3333650900605666, -9.909034029350963, -8.34344387573934, -14.0, -0.08166252455651601, -0.33550868116377774, 0.0, -0.30016708092297884, -0.9535172089439937, 0.0, 0.041154024825236446];20.55094550002832
[nan, nan, nan];False;False;[0.0, 7.25, 1.4500000000000002, 0.0, 0.0, 17.603188087923773, 0.5, 0.5, 10302.732607107377, 10500.0, 10500.0, 0.0, 3.0, 0.0, 0.025, 0.006533402564781488, 0.0, 0.0, 0.05, 0.5, 0.5, 0.05, 0.5, 0.5, 0.026927896458972225, 0.0, 0.0, 0.05, 0.5, 0.5, 0.05, 0.5, 0.5, 0.0, 0.0, 0.0, 0.030000000000000002, 0.255, 0.0, 0.0, 0.0];[nan, nan, nan, nan, nan, nan, nan, nan, nan, nan, nan, nan, nan, nan, nan];37.455234799999744
[nan, nan, nan];False;False;[1.0, 2.0061977418506305, 1.5855145184781942, 0.0, 0.0, 14.044757790758114, 0.5, 0.5, 5897.965246365934, 10500.0, 10500.0, 0.0, 3.0, 0.0, 0.025, 0.05073660126517643, 0.0, 0.0, 0.05, 0.5, 0.5, 0.05, 0.5, 0.5, 0.040434643789715376, 0.0, 0.0, 0.05, 0.5, 0.5, 0.05, 0.5, 0.5, 1.0, 0.0, 0.0, 0.030000000000000002, 0.255, 0.0, 0.0, 0.0];[nan, nan, nan, nan, nan, nan, nan, nan, nan, nan, nan, nan, nan, nan, nan];72.54776200000197
[nan, nan, nan];False;False;[1.0, 2.386047050600946, 1.2659589737129322, 0.0, 2.0, 13.299372887527287, 0.4268259239451926, 0.41638224701664694, 8809.27671367838, 11838.95372392693, 4830.636844701509, 1.0, 3.6584677032258597, 0.0, 0.025, 0.03440725872487058, 0.42116476320075547, 0.3179136659893407, 0.06175992879718195, 0.7697490721330339, 0.05536961624796255, 0.03749232450722161, 0.43482534159701614, 0.1455862344601686, 0.032889978910155715, 0.18464798162543627, 0.262350304486036, 0.03138773058603979, 0.3333333333333333, 0.3333333333333333, 0.017191224400300187, 0.3333333333333333, 0.3333333333333333, 0.0, 0.0, 0.0, 0.030000000000000002, 0.255, 0.0, 1.0, 0.0];[nan, nan, nan, nan, nan, nan, nan, nan, nan, nan, nan, nan, nan, nan, nan];132.8277928000316
[24.94608856064348, 2271.881406194309, 112.75653525365777];True;False;[1.0, 5.177303414477851, 1.4384612022719159, 0.0, 1.0, 9.937729715807004, 0.6745651123587868, 0.5, 15908.38475231875, 16181.686163003473, 10500.0, 0.0, 3.0, 1.0, 0.04106136831566631, 0.0002118728472348064, 0.9405774968573161, 0.0, 0.03410079543340388, 0.8019262257761343, 0.0, 0.05, 0.5, 0.5, 0.03633860174342043, 0.39059660189406875, 0.0, 0.005397427041535963, 0.7275217954032184, 0.0, 0.05, 0.5, 0.5, 0.0, 0.0, 0.0, 0.030000000000000002, 0.255, 0.0, 0.0, 0.0];[0.1696457005593226, -0.41878830526232225, 336.31509202326396, 0.0, -0.22543488764121322, -13.17436215377492, -11.21579724352419, -14.0, -0.059422503142683936, -0.19807377422386574, 0.0, -0.6094033981059312, -0.2724782045967816, 0.0, -0.16485111561321691];19.019460499985144
[nan, nan, nan];False;False;[0.0, 7.25, 1.4500000000000002, 0.0, 1.0, 21.690932621735747, 0.11272398988348407, 0.5, 12281.675680491348, 19096.321722892506, 10500.0, 0.0, 3.0, 1.0, 0.03659056937851132, 0.03868109096543651, 0.6080109002183252, 0.0, 0.001077745843805511, 0.446959224751445, 0.0, 0.05, 0.5, 0.5, 0.03334605668368331, 0.9455080002993761, 0.0, 0.00270230172159216, 0.2839269685043424, 0.0, 0.05, 0.5, 0.5, 0.0, 0.0, 0.0, 0.030000000000000002, 0.255, 0.0, 1.0, 1.0];[nan, nan, nan, nan, nan, nan, nan, nan, nan, nan, nan, nan, nan, nan, nan];57.11700670002028
[19.512694155734685, 2050.986798542315, 115.27388991550839];True;False;[0.0, 7.25, 1.4500000000000002, 0.0, 2.0, 43.29098354058998, 0.44852085351885707, 0.23422148233382858, 17993.15779112659, 11852.81149490289, 4094.109809300922, 0.0, 3.0, 0.0, 0.025, 0.015527473025043127, 0.3333333333333333, 0.3333333333333333, 0.09877670901042816, 0.3138325251402557, 0.44375429172201053, 0.07381818029056074, 0.20938030703706545, 0.08557844467615872, 0.021867405423539855, 0.6517934837062314, 0.10959479277178463, 0.07388719430184786, 0.20487956141609986, 0.45465394928254244, 0.021776766888584865, 0.06487553544034164, 0.33655664803366314, 0.0, 0.0, 0.0, 0.030000000000000002, 0.255, 0.0, 1.0, 0.0];[1.9886527224265969, -1.2710477401370295, 65.02942085270723, 0.6649802299846828, -0.45147914648114296, -11.538448658213495, -10.106255458035179, -12.444444128317674, -0.33333333333333337, -0.24241318313773375, -0.7050412482867758, -0.238611723521984, -0.3404664893013577, -0.5985678165259952, -0.018701330039441966];31.837658900069073
[21.683673607260815, 1508.7401860780326, 116.66345319161128];True;False;[0.0, 7.25, 1.4500000000000002, 0.0, 0.0, 39.44319423224825, 0.5, 0.5, 10141.511432838171, 10500.0, 10500.0, 0.0, 3.0, 0.0, 0.025, 0.09389095963789772, 0.0, 0.0, 0.05, 0.5, 0.5, 0.05, 0.5, 0.5, 0.09480667458811737, 0.0, 0.0, 0.05, 0.5, 0.5, 0.05, 0.5, 0.5, 0.0, 0.0, 0.0, 0.030000000000000002, 0.255, 0.0, 0.0, 0.0];[0.624041470528879, -1.4000482842804398, 40.168218769800646, 0.7239064123755032, -0.4, 24.443194232248253, -14.0, -14.0, -1.0, 0.0, 0.0, -1.0, 0.0, 0.0, 0.00369911320747085];4.8847214000998065
[21.61215157855571, 1510.6070740922878, 117.08425748209794];True;False;[0.0, 7.25, 1.4500000000000002, 0.0, 0.0, 52.53417847201993, 0.5, 0.5, 19530.28496790003, 10500.0, 10500.0, 0.0, 3.0, 0.0, 0.025, 0.05345934905584611, 0.0, 0.0, 0.05, 0.5, 0.5, 0.05, 0.5, 0.5, 0.015251756898748126, 0.0, 0.0, 0.05, 0.5, 0.5, 0.05, 0.5, 0.5, 0.0, 0.0, 0.0, 0.030000000000000002, 0.255, 0.0, 0.0, 0.0];[0.511084897868546, -1.429145867261052, 74.99143021916292, 0.8043332828285594, -0.4, 37.53417847201993, -14.0, -14.0, -1.0, 0.0, 0.0, -1.0, 0.0, 0.0, 0.015053166599016454];4.8983638000208884
[nan, nan, nan];False;False;[1.0, 9.788147672613746, 1.1627380944662644, 0.0, 2.0, 6.115854291792024, 0.5516051429705776, 0.6938695096108153, 4510.876185138642, 6945.115404462735, 18761.302466327787, 0.0, 3.0, 0.0, 0.025, 0.04953777399906939, 0.019138102647360156, 0.5093353731965765, 0.0852153966010778, 0.39413140265591184, 0.24053091721281217, 0.08413219033621011, 0.3333333333333333, 0.3333333333333333, 0.05954641759500531, 0.0491492665110167, 0.5275987412866969, 0.050636445460282946, 0.3333333333333333, 0.3333333333333333, 0.09231257211064042, 0.29049042920341184, 0.061390819653289075, 1.0, 1.0, 2.0, 0.013912127970844734, 0.3780045617617236, 131.0, 1.0, 1.0];[nan, nan, nan, nan, nan, nan, nan, nan, nan, nan, nan, nan, nan, nan, nan];154.75527920003515
[nan, nan, nan];False;False;[1.0, 11.782790380274719, 1.795863842168116, 0.0, 1.0, 52.450700826215154, 0.721158496848821, 0.5, 15362.406163067439, 13422.86044144365, 10500.0, 0.0, 3.0, 1.0, 0.012122637835640293, 0.09872336224436003, 0.2384028419114428, 0.0, 0.07526433122513032, 0.7416015139331888, 0.0, 0.05, 0.5, 0.5, 0.039425213368257585, 0.6226032585741824, 0.0, 0.03678434359655687, 0.7290061928452911, 0.0, 0.05, 0.5, 0.5, 0.0, 1.0, 0.0, 0.02472528022069215, 0.24321725768553543, 47.0, 1.0, 1.0];[nan, nan, nan, nan, nan, nan, nan, nan, nan, nan, nan, nan, nan, nan, nan];117.89669580000918
[nan, nan, nan];False;False;[1.0, 3.9623643069456005, 1.6083883422826604, 1.0, 0.0, 38.13357930850973, 0.5, 0.5, 16027.402155495149, 10500.0, 10500.0, 0.0, 3.0, 0.0, 0.025, 0.09302524689249878, 0.0, 0.0, 0.05, 0.5, 0.5, 0.05, 0.5, 0.5, 0.06969927917451045, 0.0, 0.0, 0.05, 0.5, 0.5, 0.05, 0.5, 0.5, 0.0, 1.0, 0.0, 0.049575466434224155, 0.04106218264338079, 1.0, 0.0, 0.0];[nan, nan, nan, nan, nan, nan, nan, nan, nan, nan, nan, nan, nan, nan, nan];56.1980179999955
[21.95990590412895, 1465.5180235689957, 117.11732322155802];True;False;[0.0, 7.25, 1.4500000000000002, 0.0, 0.0, 43.205581955805634, 0.5, 0.5, 3460.8661417216936, 10500.0, 10500.0, 0.0, 3.0, 0.0, 0.025, 0.07654434939085342, 0.0, 0.0, 0.05, 0.5, 0.5, 0.05, 0.5, 0.5, 0.03895350493175878, 0.0, 0.0, 0.05, 0.5, 0.5, 0.05, 0.5, 0.5, 0.0, 0.0, 0.0, 0.030000000000000002, 0.255, 0.0, 0.0, 0.0];[0.5221743450831822, -1.4262892286172077, 49.29460455877877, 0.780813485529356, -0.4, 28.205581955805634, -14.0, -14.0, -1.0, 0.0, 0.0, -1.0, 0.0, 0.0, 0.013915879338302406];5.131638100021519
[nan, nan, nan];False;False;[1.0, 5.424737129109207, 1.5080408238994454, 1.0, 2.0, 44.05441833797239, 0.7175642771683867, 0.6803120177881744, 12016.09325975631, 3578.8816104480297, 11303.911768518037, 1.0, 2.7838490721066838, 0.0, 0.025, 0.025682422266958816, 0.1336457604442135, 0.13186862906208296, 0.03253687328146145, 0.43559294465563814, 0.46819870009531295, 0.08638206583482833, 0.3333333333333333, 0.3333333333333333, 0.09605421626185953, 0.21972240003957044, 0.15204687140146989, 0.023881260468400757, 0.3333333333333333, 0.3333333333333333, 0.08388644985356786, 0.08389783581472088, 0.6615770575517356, 1.0, 1.0, 2.0, 0.041963686995461325, 0.3756047390630621, 218.0, 2.0, 2.0];[nan, nan, nan, nan, nan, nan, nan, nan, nan, nan, nan, nan, nan, nan, nan];76.41745870001614
[nan, nan, nan];False;False;[1.0, 6.5986778463433415, 1.5236621206493077, 1.0, 2.0, 47.12569621650639, 0.5922840314724948, 0.6633675334906286, 15023.320062472863, 1113.6506919739309, 12907.266395086535, 0.0, 3.0, 0.0, 0.025, 0.02582875172976964, 0.3333333333333333, 0.3333333333333333, 0.007942242886780183, 0.3333333333333333, 0.3333333333333333, 0.09429330475066489, 0.3333333333333333, 0.3333333333333333, 0.0034776019991877294, 0.3333333333333333, 0.3333333333333333, 0.01875453147752433, 0.6012057302607529, 0.36566114364148405, 0.03429083916479584, 0.39030831968379354, 0.5238629743952348, 1.0, 1.0, 2.0, 0.033415777848785785, 0.12892505622796818, 174.0, 1.0, 2.0];[nan, nan, nan, nan, nan, nan, nan, nan, nan, nan, nan, nan, nan, nan, nan];24.7779880000744
[nan, nan, nan];False;False;[1.0, 3.5741544539200385, 1.6727738220889004, 1.0, 2.0, 35.79249137613784, 0.5400093039002237, 0.32141005676130324, 9265.474489297436, 3506.0118902291874, 5685.658078399266, 1.0, 3.535326035214282, 0.0, 0.025, 0.08984961059134804, 0.3333333333333333, 0.3333333333333333, 0.04344895228611098, 0.3333333333333333, 0.3333333333333333, 0.07935535400438548, 0.6380115330999963, 0.013862759718080486, 0.039171375576138215, 0.6159870561943621, 0.2116835849492945, 0.039380059109382005, 0.3333333333333333, 0.3333333333333333, 0.024813176637097745, 0.3333333333333333, 0.3333333333333333, 0.0, 0.0, 0.0, 0.030000000000000002, 0.255, 0.0, 2.0, 1.0];[nan, nan, nan, nan, nan, nan, nan, nan, nan, nan, nan, nan, nan, nan, nan];124.30253830004949
[29.842758711370973, 1230.2341395103067, 120.77538409399267];True;False;[0.0, 7.25, 1.4500000000000002, 0.0, 1.0, 34.049814287481055, 0.8225967616279252, 0.5, 18810.99987141319, 15240.070035587252, 10500.0, 0.0, 3.0, 1.0, 0.02494277733538916, 0.005942368698414535, 0.9696390913896134, 0.0, 0.09318067738427965, 0.9301433424255613, 0.0, 0.05, 0.5, 0.5, 0.03488340267704498, 0.18363571651464794, 0.0, 0.08143055994904869, 0.19979736152930938, 0.0, 0.05, 0.5, 0.5, 0.0, 0.0, 0.0, 0.030000000000000002, 0.255, 0.0, 1.0, 1.0];[0.8573617429450202, -1.5236713110698548, 208.2614091367217, 0.9059576425622808, -0.07740323837207486, -12.290153769178904, -2.4347799147393747, -14.0, -0.03036090861038665, -0.06985665757443871, 0.0, -0.8163642834853521, -0.8002026384706906, 0.0, 0.08293243484116808];31.961516199982725
[nan, nan, nan];False;False;[1.0, 9.571563567018032, 1.7936350796117018, 1.0, 0.0, 57.737740718453196, 0.5, 0.5, 6313.251903998807, 10500.0, 10500.0, 1.0, 4.218954603246322, 0.0, 0.025, 0.03823615891343232, 0.0, 0.0, 0.05, 0.5, 0.5, 0.05, 0.5, 0.5, 0.059373511368732736, 0.0, 0.0, 0.05, 0.5, 0.5, 0.05, 0.5, 0.5, 0.0, 0.0, 0.0, 0.030000000000000002, 0.255, 0.0, 0.0, 0.0];[nan, nan, nan, nan, nan, nan, nan, nan, nan, nan, nan, nan, nan, nan, nan];54.86701070005074
[7.6730981515893495, 4179.256948579602, 107.91219422002858];True;False;[1.0, 11.729155605777677, 1.13970822835192, 1.0, 1.0, 34.346164518431486, 0.8162721937287251, 0.5, 18611.42312688378, 9098.881267267885, 10500.0, 1.0, 1.4854045399737084, 1.0, 0.007059831417206736, 0.03533920531967303, 0.2510851081086435, 0.0, 0.028390687163394435, 0.42728226449864437, 0.0, 0.05, 0.5, 0.5, 0.06752892083654055, 0.5846643561030948, 0.0, 0.03665065756699955, 0.5449936264546259, 0.0, 0.05, 0.5, 0.5, 0.0, 1.0, 1.0, 0.021779930479699464, 0.22593941594845685, 41.0, 1.0, 0.0];[1.5729150743663665, 0.3948990696562209, 235.417728627161, -0.37007449467614084, -0.08372780627127496, -12.56041821154239, -4.1613424300909365, -14.0, -0.7489148918913565, -0.5727177355013556, 0.0, -0.41533564389690525, -0.4550063735453741, 0.0, -0.281892871150487];80.92300469998736
[23.15700309373222, 1337.8197146038442, 117.73674760307264];True;False;[0.0, 7.25, 1.4500000000000002, 0.0, 0.0, 33.12100540152744, 0.5, 0.5, 14914.348862628456, 10500.0, 10500.0, 0.0, 3.0, 0.0, 0.025, 0.00015631096249602017, 0.0, 0.0, 0.05, 0.5, 0.5, 0.05, 0.5, 0.5, 0.09489945393177997, 0.0, 0.0, 0.05, 0.5, 0.5, 0.05, 0.5, 0.5, 0.0, 0.0, 0.0, 0.030000000000000002, 0.255, 0.0, 0.0, 0.0];[0.4258215440726376, -1.4511096844507037, 26.393018046682563, 0.79664711939695, -0.4, 18.12100540152744, -14.0, -14.0, -1.0, 0.0, 0.0, -1.0, 0.0, 0.0, 0.023968463260599204];5.012494299910031
